# epoch 0  H=7.9971 C=8.0032 HO=-0.0034  A(t)=0
         1  ..k....-......>.  fffe6b0c80d5fc2dc2eceabdf0d63ecb
         1  .........,.D....  fffdb51ea0ec06bbbe2cb044c502f8cb
         1  ...............Q  fffdb50bbde3b0b0b811a28a1ce10251
         1  ..p..>md....y..W  fffd7019933e6d64c9ed188279f7be57
         1  ....T...........  fffbf59e54e40701feb6dd06f2c1f3be
         1  ...i..N.......+>  fff8af69c7f14e89b59f8f11a3db2b3e
         1  ..>....J....g.$.  fff83e01a2d7154ae500c31867a324ab
         1  ..5..G.#!..}.j?*  fff835b1f64717232195bb7da76a3f2a
         1  ..._y.......1...  fff7d8207903bc951d8c899e31df0380
         1  ..."';..BEg.g..E  fff6b422273b03e9424567ba67eb1c45
# epoch 50  H=7.9907 C=7.9054 HO=0.0795  A(t)=0
       115  [[[[[[[[[[[[[[[[  5b5b5b5b5b5b5b5b5b5b5b5b5b5b5b5b
        36  LLLLLLLLLLLLLLLL  4c4c4c4c4c4c4c4c4c4c4c4c4c4c4c4c
        31  ................  edededededededededededededededed
        28  KKKKKKKKKKKKKKKK  4b4b4b4b4b4b4b4b4b4b4b4b4b4b4b4b
        23  ................  89898989898989898989898989898989
        19  ................  f7f7f7f7f7f7f7f7f7f7f7f7f7f7f7f7
        12  ................  7f7f7f7f7f7f7f7f7f7f7f7f7f7f7f7f
         7  jjjjjjjjjjjjjjjj  6a6a6a6a6a6a6a6a6a6a6a6a6a6a6a6a
         5  ................  0f0f0f0f0f0f0f0f0f0f0f0f0f0f0f0f
         2  ....=:62..&.0...  c6120e0a3d3a36322e8226f130c6120e
# epoch 100  H=7.9848 C=7.8136 HO=0.1472  A(t)=0
       115  [[[[[[[[[[[[[[[[  5b5b5b5b5b5b5b5b5b5b5b5b5b5b5b5b
        36  LLLLLLLLLLLLLLLL  4c4c4c4c4c4c4c4c4c4c4c4c4c4c4c4c
        27  ................  edededededededededededededededed
        19  ................  f7f7f7f7f7f7f7f7f7f7f7f7f7f7f7f7
        14  ................  89898989898989898989898989898989
         8  ................  8d0b8d0b8d0b8d0b8d0b8d0b8d0b8d0b
         8  ................  0b8d0b8d0b8d0b8d0b8d0b8d0b8d0b8d
         5  ................  0f0f0f0f0f0f0f0f0f0f0f0f0f0f0f0f
         2  ....=:62..&.0...  c6120e0a3d3a36322e8226f130c6120e
         2  ...=:62..&.0....  120e0a3d3a36322e8226f130c6120e0a
# epoch 150  H=7.9790 C=7.7399 HO=0.2068  A(t)=0
        58  [[[[[[[[[[[[[[[[  5b5b5b5b5b5b5b5b5b5b5b5b5b5b5b5b
        36  LLLLLLLLLLLLLLLL  4c4c4c4c4c4c4c4c4c4c4c4c4c4c4c4c
        14  ................  89898989898989898989898989898989
        12  ................  f7f7f7f7f7f7f7f7f7f7f7f7f7f7f7f7
         6  ................  edededededededededededededededed
         5  ................  0f0f0f0f0f0f0f0f0f0f0f0f0f0f0f0f
         2  ....=:62..&.0...  c6120e0a3d3a36322e8226f130c6120e
         2  ...=:62..&.0....  120e0a3d3a36322e8226f130c6120e0a
         2  ..=:62..&.0....=  0e0a3d3a36322e8226f130c6120e0a3d
         2  .=:62..&.0....=:  0a3d3a36322e8226f130c6120e0a3d3a
# epoch 200  H=7.9672 C=7.6295 HO=0.2890  A(t)=0
        46  [[[[[[[[[[[[[[[[  5b5b5b5b5b5b5b5b5b5b5b5b5b5b5b5b
        44  ................  f8def8def8def8def8def8def8def8de
        43  ................  def8def8def8def8def8def8def8def8
        33  LLLLLLLLLLLLLLLL  4c4c4c4c4c4c4c4c4c4c4c4c4c4c4c4c
        27  <<<<<<<<<<<<<<<<  3c3c3c3c3c3c3c3c3c3c3c3c3c3c3c3c
        21  }}}}}}}}}}}}}}}}  7d7d7d7d7d7d7d7d7d7d7d7d7d7d7d7d
        13  ................  dededededededededededededededede
        12  ................  f7f7f7f7f7f7f7f7f7f7f7f7f7f7f7f7
         5  ................  0f0f0f0f0f0f0f0f0f0f0f0f0f0f0f0f
         3  ................  edededededededededededededededed
# epoch 250  H=7.9454 C=7.4878 HO=0.3592  A(t)=0
       236  <<<<<<<<<<<<<<<<  3c3c3c3c3c3c3c3c3c3c3c3c3c3c3c3c
        51  }}}}}}}}}}}}}}}}  7d7d7d7d7d7d7d7d7d7d7d7d7d7d7d7d
        42  [[[[[[[[[[[[[[[[  5b5b5b5b5b5b5b5b5b5b5b5b5b5b5b5b
        33  LLLLLLLLLLLLLLLL  4c4c4c4c4c4c4c4c4c4c4c4c4c4c4c4c
        21  pppppppppppppppp  70707070707070707070707070707070
        20  ................  f8def8def8def8def8def8def8def8de
        20  ................  def8def8def8def8def8def8def8def8
        20  kkkkkkkkkkkkkkkk  6b6b6b6b6b6b6b6b6b6b6b6b6b6b6b6b
        18  ................  d1d1d1d1d1d1d1d1d1d1d1d1d1d1d1d1
        13  ................  dededededededededededededededede
# epoch 300  H=7.9285 C=7.4109 HO=0.4293  A(t)=4
       183  <<<<<<<<<<<<<<<<  3c3c3c3c3c3c3c3c3c3c3c3c3c3c3c3c
       107  }}}}}}}}}}}}}}}}  7d7d7d7d7d7d7d7d7d7d7d7d7d7d7d7d
        67  ,,,,,,,,,,,,,,,,  2c2c2c2c2c2c2c2c2c2c2c2c2c2c2c2c
        26  LLLLLLLLLLLLLLLL  4c4c4c4c4c4c4c4c4c4c4c4c4c4c4c4c
        23  [[[[[[[[[[[[[[[[  5b5b5b5b5b5b5b5b5b5b5b5b5b5b5b5b
        20  ................  f8def8def8def8def8def8def8def8de
        20  ................  def8def8def8def8def8def8def8def8
        20  kkkkkkkkkkkkkkkk  6b6b6b6b6b6b6b6b6b6b6b6b6b6b6b6b
        18  ................  d1d1d1d1d1d1d1d1d1d1d1d1d1d1d1d1
        15  ................  cccccccccccccccccccccccccccccccc
# epoch 350  H=7.9075 C=7.3169 HO=0.4815  A(t)=4
       324  <<<<<<<<<<<<<<<<  3c3c3c3c3c3c3c3c3c3c3c3c3c3c3c3c
        84  ................  88888888888888888888888888888888
        76  ssssssssssssssss  73737373737373737373737373737373
        74  }}}}}}}}}}}}}}}}  7d7d7d7d7d7d7d7d7d7d7d7d7d7d7d7d
        31  ................  00000000000000000000000000000000
        20  ................  f8def8def8def8def8def8def8def8de
        20  ................  def8def8def8def8def8def8def8def8
        20  LLLLLLLLLLLLLLLL  4c4c4c4c4c4c4c4c4c4c4c4c4c4c4c4c
        13  kkkkkkkkkkkkkkkk  6b6b6b6b6b6b6b6b6b6b6b6b6b6b6b6b
        13  [[[[[[[[[[[[[[[[  5b5b5b5b5b5b5b5b5b5b5b5b5b5b5b5b
# epoch 400  H=7.8773 C=7.2218 HO=0.5508  A(t)=6
       178  <<<<<<<<<<<<<<<<  3c3c3c3c3c3c3c3c3c3c3c3c3c3c3c3c
       125  ,,,,,,,,,,,,,,,,  2c2c2c2c2c2c2c2c2c2c2c2c2c2c2c2c
        80  ssssssssssssssss  73737373737373737373737373737373
        66  ................  88888888888888888888888888888888
        65  }}}}}}}}}}}}}}}}  7d7d7d7d7d7d7d7d7d7d7d7d7d7d7d7d
        31  ................  00000000000000000000000000000000
        23  ................  10101010101010101010101010101010
        20  ................  f8def8def8def8def8def8def8def8de
        20  LLLLLLLLLLLLLLLL  4c4c4c4c4c4c4c4c4c4c4c4c4c4c4c4c
        19  ................  def8def8def8def8def8def8def8def8
# epoch 450  H=7.8249 C=7.1425 HO=0.5491  A(t)=9
       249  <<<<<<<<<<<<<<<<  3c3c3c3c3c3c3c3c3c3c3c3c3c3c3c3c
       101  ................  00000000000000000000000000000000
        87  ssssssssssssssss  73737373737373737373737373737373
        75  ,,,,,,,,,,,,,,,,  2c2c2c2c2c2c2c2c2c2c2c2c2c2c2c2c
        63  ................  88888888888888888888888888888888
        53  }}}}}}}}}}}}}}}}  7d7d7d7d7d7d7d7d7d7d7d7d7d7d7d7d
        25  <<<<<<<<<,<<<<<<  3c3c3c3c3c3c3c3c3c2c3c3c3c3c3c3c
        21  <<<<<<<<<<,<<<<<  3c3c3c3c3c3c3c3c3c3c2c3c3c3c3c3c
        21  <<<<<<<,<<<<<<<<  3c3c3c3c3c3c3c2c3c3c3c3c3c3c3c3c
        21  <<<<<,<<<<<<<<<<  3c3c3c3c3c2c3c3c3c3c3c3c3c3c3c3c
# epoch 500  H=7.7935 C=7.0448 HO=0.6406  A(t)=19
       905  <<<<<<<<<<<<<<<<  3c3c3c3c3c3c3c3c3c3c3c3c3c3c3c3c
       108  ................  00000000000000000000000000000000
        83  ssssssssssssssss  73737373737373737373737373737373
        66  ,,,,,,,,,,,,,,,,  2c2c2c2c2c2c2c2c2c2c2c2c2c2c2c2c
        64  ZZZZZZZZZZZZZZZZ  5a5a5a5a5a5a5a5a5a5a5a5a5a5a5a5a
        58  ................  88888888888888888888888888888888
        53  }}}}}}}}}}}}}}}}  7d7d7d7d7d7d7d7d7d7d7d7d7d7d7d7d
        23  <<<<<<<<<,<<<<<<  3c3c3c3c3c3c3c3c3c2c3c3c3c3c3c3c
        23  <<<<<<,<<<<<<<<<  3c3c3c3c3c3c2c3c3c3c3c3c3c3c3c3c
        22  <<<<<,<<<<<<<<<<  3c3c3c3c3c2c3c3c3c3c3c3c3c3c3c3c
# epoch 550  H=7.7683 C=7.0082 HO=0.6256  A(t)=21
      1118  <<<<<<<<<<<<<<<<  3c3c3c3c3c3c3c3c3c3c3c3c3c3c3c3c
       112  ................  00000000000000000000000000000000
        64  ZZZZZZZZZZZZZZZZ  5a5a5a5a5a5a5a5a5a5a5a5a5a5a5a5a
        57  ................  88888888888888888888888888888888
        55  ssssssssssssssss  73737373737373737373737373737373
        53  }}}}}}}}}}}}}}}}  7d7d7d7d7d7d7d7d7d7d7d7d7d7d7d7d
        23  <,<<<<<<<<<<<<<<  3c2c3c3c3c3c3c3c3c3c3c3c3c3c3c3c
        22  <<<<<<<<<<<<<<<,  3c3c3c3c3c3c3c3c3c3c3c3c3c3c3c2c
        22  <<,<<<<<<<<<<<<<  3c3c2c3c3c3c3c3c3c3c3c3c3c3c3c3c
        22  ,<<<<<<<<<<<<<<<  2c3c3c3c3c3c3c3c3c3c3c3c3c3c3c3c
# epoch 600  H=7.7456 C=6.9669 HO=0.6383  A(t)=23
       797  <<<<<<<<<<<<<<<<  3c3c3c3c3c3c3c3c3c3c3c3c3c3c3c3c
       106  ................  00000000000000000000000000000000
        56  ................  88888888888888888888888888888888
        55  ssssssssssssssss  73737373737373737373737373737373
        53  }}}}}}}}}}}}}}}}  7d7d7d7d7d7d7d7d7d7d7d7d7d7d7d7d
        37  <<<<<<<<,<<<<<<<  3c3c3c3c3c3c3c3c2c3c3c3c3c3c3c3c
        37  <<<<,<<<<<<<<<<<  3c3c3c3c2c3c3c3c3c3c3c3c3c3c3c3c
        34  <<<<<<<<<<<<,<<<  3c3c3c3c3c3c3c3c3c3c3c3c2c3c3c3c
        34  <<<<<<<<<<,<<<<<  3c3c3c3c3c3c3c3c3c3c2c3c3c3c3c3c
        34  <<<<<<<<<,<<<<<<  3c3c3c3c3c3c3c3c3c2c3c3c3c3c3c3c
# epoch 650  H=7.7115 C=6.8903 HO=0.6810  A(t)=23
      1456  <<<<<<<<<<<<<<<<  3c3c3c3c3c3c3c3c3c3c3c3c3c3c3c3c
       120  ................  00000000000000000000000000000000
        51  ................  88888888888888888888888888888888
        48  ssssssssssssssss  73737373737373737373737373737373
        36  }}}}}}}}}}}}}}}}  7d7d7d7d7d7d7d7d7d7d7d7d7d7d7d7d
        29  ZZZZZZZZZZZZZZZZ  5a5a5a5a5a5a5a5a5a5a5a5a5a5a5a5a
        23  <<<<<<<,<<<<<<<<  3c3c3c3c3c3c3c2c3c3c3c3c3c3c3c3c
        23  <<<<<<,<<<<<<<<<  3c3c3c3c3c3c2c3c3c3c3c3c3c3c3c3c
        23  <<<<<,<<<<<<<<<<  3c3c3c3c3c2c3c3c3c3c3c3c3c3c3c3c
        21  <<<<,<<<<<<<<<<<  3c3c3c3c2c3c3c3c3c3c3c3c3c3c3c3c
# epoch 700  H=7.6937 C=6.8641 HO=0.7174  A(t)=24
      1134  <<<<<<<<<<<<<<<<  3c3c3c3c3c3c3c3c3c3c3c3c3c3c3c3c
       119  ................  00000000000000000000000000000000
        43  ssssssssssssssss  73737373737373737373737373737373
        39  }}}}}}}}}}}}}}}}  7d7d7d7d7d7d7d7d7d7d7d7d7d7d7d7d
        20  ZZZZZZZZZZZZZZZZ  5a5a5a5a5a5a5a5a5a5a5a5a5a5a5a5a
        17  PPPPPPPPPPPPPPPP  50505050505050505050505050505050
        15  {{{{{{{{{{{{{{{{  7b7b7b7b7b7b7b7b7b7b7b7b7b7b7b7b
        14  ................  87878787878787878787878787878787
        14  <<<<<<<<<<<<<<<,  3c3c3c3c3c3c3c3c3c3c3c3c3c3c3c2c
        13  ,,,,,,,,,,,,,,,,  2c2c2c2c2c2c2c2c2c2c2c2c2c2c2c2c
# epoch 750  H=7.6636 C=6.8163 HO=0.7053  A(t)=27
      1123  <<<<<<<<<<<<<<<<  3c3c3c3c3c3c3c3c3c3c3c3c3c3c3c3c
       131  ................  00000000000000000000000000000000
        48  ssssssssssssssss  73737373737373737373737373737373
        42  }}}}}}}}}}}}}}}}  7d7d7d7d7d7d7d7d7d7d7d7d7d7d7d7d
        39  ................  88888888888888888888888888888888
        34  ,,,,,,,,,,,,,,,,  2c2c2c2c2c2c2c2c2c2c2c2c2c2c2c2c
        27  {{{{{{{{{{{{{{{{  7b7b7b7b7b7b7b7b7b7b7b7b7b7b7b7b
        26  ________________  20202020202020202020202020202020
        25  ................  b1b1b1b1b1b1b1b1b1b1b1b1b1b1b1b1
        25  >>>>>>>>>>>>>>>>  3e3e3e3e3e3e3e3e3e3e3e3e3e3e3e3e
# epoch 800  H=7.6113 C=6.7391 HO=0.7438  A(t)=28
       856  <<<<<<<<<<<<<<<<  3c3c3c3c3c3c3c3c3c3c3c3c3c3c3c3c
       118  ................  00000000000000000000000000000000
        52  }}}}}}}}}}}}}}}}  7d7d7d7d7d7d7d7d7d7d7d7d7d7d7d7d
        52  ,,,,,,,,,,,,,,,,  2c2c2c2c2c2c2c2c2c2c2c2c2c2c2c2c
        41  ................  88888888888888888888888888888888
        33  ssssssssssssssss  73737373737373737373737373737373
        32  ................  b0b0b0b0b0b0b0b0b0b0b0b0b0b0b0b0
        32  <<<<<,<<<<<<<<<<  3c3c3c3c3c2c3c3c3c3c3c3c3c3c3c3c
        30  <<<<<<<<<<,<<<<<  3c3c3c3c3c3c3c3c3c3c2c3c3c3c3c3c
        30  <<<<<<,<<<<<<<<<  3c3c3c3c3c3c2c3c3c3c3c3c3c3c3c3c
# epoch 850  H=7.5484 C=6.6326 HO=0.7852  A(t)=28
      1318  <<<<<<<<<<<<<<<<  3c3c3c3c3c3c3c3c3c3c3c3c3c3c3c3c
       113  ................  00000000000000000000000000000000
       110  ,,,,,,,,,,,,,,,,  2c2c2c2c2c2c2c2c2c2c2c2c2c2c2c2c
        34  <<<<<<,<<<<<<<<<  3c3c3c3c3c3c2c3c3c3c3c3c3c3c3c3c
        32  ................  b0b0b0b0b0b0b0b0b0b0b0b0b0b0b0b0
        32  <<<<<<<,<<<<<<<<  3c3c3c3c3c3c3c2c3c3c3c3c3c3c3c3c
        31  ssssssssssssssss  73737373737373737373737373737373
        31  <<<<,<<<<<<<<<<<  3c3c3c3c2c3c3c3c3c3c3c3c3c3c3c3c
        31  <<<,<<<<<<<<<<<<  3c3c3c2c3c3c3c3c3c3c3c3c3c3c3c3c
        30  <<<<<<<<,<<<<<<<  3c3c3c3c3c3c3c3c2c3c3c3c3c3c3c3c
# epoch 900  H=7.5116 C=6.6019 HO=0.7674  A(t)=29
      1221  <<<<<<<<<<<<<<<<  3c3c3c3c3c3c3c3c3c3c3c3c3c3c3c3c
        84  ................  00000000000000000000000000000000
        34  }}}}}}}}}}}}}}}}  7d7d7d7d7d7d7d7d7d7d7d7d7d7d7d7d
        32  ................  f602f602f602f602f602f602f602f602
        32  ................  b0b0b0b0b0b0b0b0b0b0b0b0b0b0b0b0
        32  ................  02f602f602f602f602f602f602f602f6
        31  ,,,,,,,,,,,,,,,,  2c2c2c2c2c2c2c2c2c2c2c2c2c2c2c2c
        30  <<<<<<<<<<<<<<<,  3c3c3c3c3c3c3c3c3c3c3c3c3c3c3c2c
        27  <<<<<<<<<<<<<<,<  3c3c3c3c3c3c3c3c3c3c3c3c3c3c2c3c
        26  <<<<,<<<<<<<<<<<  3c3c3c3c2c3c3c3c3c3c3c3c3c3c3c3c
# epoch 950  H=7.4583 C=6.5233 HO=0.8079  A(t)=30
      1695  <<<<<<<<<<<<<<<<  3c3c3c3c3c3c3c3c3c3c3c3c3c3c3c3c
       243  ,,,,,,,,,,,,,,,,  2c2c2c2c2c2c2c2c2c2c2c2c2c2c2c2c
        75  ................  00000000000000000000000000000000
        32  ................  b0b0b0b0b0b0b0b0b0b0b0b0b0b0b0b0
        30  1111111111111111  31313131313131313131313131313131
        28  >>>>>>>>>>>>>>>>  3e3e3e3e3e3e3e3e3e3e3e3e3e3e3e3e
        25  <<<<<<<<<<<<<<<,  3c3c3c3c3c3c3c3c3c3c3c3c3c3c3c2c
        24  ................  f602f602f602f602f602f602f602f602
        24  ................  02f602f602f602f602f602f602f602f6
        23  }}}}}}}}}}}}}}}}  7d7d7d7d7d7d7d7d7d7d7d7d7d7d7d7d
# epoch 1000  H=7.4106 C=6.4877 HO=0.7747  A(t)=36
      1603  <<<<<<<<<<<<<<<<  3c3c3c3c3c3c3c3c3c3c3c3c3c3c3c3c
       176  ,,,,,,,,,,,,,,,,  2c2c2c2c2c2c2c2c2c2c2c2c2c2c2c2c
        66  ................  00000000000000000000000000000000
        55  >>>>>>>>>>>>>>>>  3e3e3e3e3e3e3e3e3e3e3e3e3e3e3e3e
        33  <<<<<<<<<<<<<<<,  3c3c3c3c3c3c3c3c3c3c3c3c3c3c3c2c
        33  1111111111111111  31313131313131313131313131313131
        31  <<<<<<<<<<<<<<,<  3c3c3c3c3c3c3c3c3c3c3c3c3c3c2c3c
        30  <<<<<<<<<<<<<,<<  3c3c3c3c3c3c3c3c3c3c3c3c3c2c3c3c
        30  <<<<<<<<<<<<,<<<  3c3c3c3c3c3c3c3c3c3c3c3c2c3c3c3c
        30  <<<<<<<<<<<,<<<<  3c3c3c3c3c3c3c3c3c3c3c2c3c3c3c3c
# epoch 1050  H=7.3562 C=6.4192 HO=0.8233  A(t)=38
      2026  <<<<<<<<<<<<<<<<  3c3c3c3c3c3c3c3c3c3c3c3c3c3c3c3c
        75  ................  00000000000000000000000000000000
        44  dddddddddddddddd  64646464646464646464646464646464
        43  ,<<<<<<<<<<<<<<<  2c3c3c3c3c3c3c3c3c3c3c3c3c3c3c3c
        42  <<<<<<<<<<<<<<<,  3c3c3c3c3c3c3c3c3c3c3c3c3c3c3c2c
        42  <,<<<<<<<<<<<<<<  3c2c3c3c3c3c3c3c3c3c3c3c3c3c3c3c
        41  <<<<<<<<<<<<<<,<  3c3c3c3c3c3c3c3c3c3c3c3c3c3c2c3c
        39  <<,<<<<<<<<<<<<<  3c3c2c3c3c3c3c3c3c3c3c3c3c3c3c3c
        36  ,,,,,,,,,,,,,,,,  2c2c2c2c2c2c2c2c2c2c2c2c2c2c2c2c
        35  <<<<<<<<<<<<<,<<  3c3c3c3c3c3c3c3c3c3c3c3c3c2c3c3c
# epoch 1100  H=7.2795 C=6.3402 HO=0.8396  A(t)=39
      1797  <<<<<<<<<<<<<<<<  3c3c3c3c3c3c3c3c3c3c3c3c3c3c3c3c
        97  ................  00000000000000000000000000000000
        80  dddddddddddddddd  64646464646464646464646464646464
        56  <<<<<<<<<,<<<<<<  3c3c3c3c3c3c3c3c3c2c3c3c3c3c3c3c
        54  <<<<<<<<<<,<<<<<  3c3c3c3c3c3c3c3c3c3c2c3c3c3c3c3c
        54  <<<<<<<<,<<<<<<<  3c3c3c3c3c3c3c3c2c3c3c3c3c3c3c3c
        54  <<<<<<<,<<<<<<<<  3c3c3c3c3c3c3c2c3c3c3c3c3c3c3c3c
        52  <<<<<<<<<<<<<<<,  3c3c3c3c3c3c3c3c3c3c3c3c3c3c3c2c
        52  <<<<<<<<<<<,<<<<  3c3c3c3c3c3c3c3c3c3c3c2c3c3c3c3c
        52  <<<<<<,<<<<<<<<<  3c3c3c3c3c3c2c3c3c3c3c3c3c3c3c3c
# epoch 1150  H=7.1967 C=6.1997 HO=0.8715  A(t)=48
      2981  <<<<<<<<<<<<<<<<  3c3c3c3c3c3c3c3c3c3c3c3c3c3c3c3c
        80  dddddddddddddddd  64646464646464646464646464646464
        62  <<<<<<<<<<<<<<<,  3c3c3c3c3c3c3c3c3c3c3c3c3c3c3c2c
        58  <<<<<<<<<<<<<<,<  3c3c3c3c3c3c3c3c3c3c3c3c3c3c2c3c
        58  ,<<<<<<<<<<<<<<<  2c3c3c3c3c3c3c3c3c3c3c3c3c3c3c3c
        56  <<<<<<<<<<<,<<<<  3c3c3c3c3c3c3c3c3c3c3c2c3c3c3c3c
        56  <<,<<<<<<<<<<<<<  3c3c2c3c3c3c3c3c3c3c3c3c3c3c3c3c
        55  <<<<<<<<<<<<<,<<  3c3c3c3c3c3c3c3c3c3c3c3c3c2c3c3c
        55  <<<<<<<<<<<<,<<<  3c3c3c3c3c3c3c3c3c3c3c3c2c3c3c3c
        54  <<<<<<<<<<,<<<<<  3c3c3c3c3c3c3c3c3c3c2c3c3c3c3c3c
# epoch 1200  H=7.0937 C=6.1079 HO=0.8806  A(t)=50
      3260  <<<<<<<<<<<<<<<<  3c3c3c3c3c3c3c3c3c3c3c3c3c3c3c3c
       242  ,,,,,,,,,,,,,,,,  2c2c2c2c2c2c2c2c2c2c2c2c2c2c2c2c
        64  dddddddddddddddd  64646464646464646464646464646464
        51  <<<<<<<<<<<<<<<,  3c3c3c3c3c3c3c3c3c3c3c3c3c3c3c2c
        50  <<<<<<<<<<<<<,<<  3c3c3c3c3c3c3c3c3c3c3c3c3c2c3c3c
        48  <<<<<<<<<<<<<<,<  3c3c3c3c3c3c3c3c3c3c3c3c3c3c2c3c
        48  <<<<<<<<<<<<,<<<  3c3c3c3c3c3c3c3c3c3c3c3c2c3c3c3c
        46  ,<<<<<<<<<<<<<<<  2c3c3c3c3c3c3c3c3c3c3c3c3c3c3c3c
        44  <<<<<<<<<<<,<<<<  3c3c3c3c3c3c3c3c3c3c3c2c3c3c3c3c
        44  <<<<<<,<<<<<<<<<  3c3c3c3c3c3c2c3c3c3c3c3c3c3c3c3c
# epoch 1250  H=6.9496 C=5.9850 HO=0.8883  A(t)=55
      3206  <<<<<<<<<<<<<<<<  3c3c3c3c3c3c3c3c3c3c3c3c3c3c3c3c
        89  <,<<<<<<<<<<<<<<  3c2c3c3c3c3c3c3c3c3c3c3c3c3c3c3c
        88  <<<<<,<<<<<<<<<<  3c3c3c3c3c2c3c3c3c3c3c3c3c3c3c3c
        85  <<,<<<<<<<<<<<<<  3c3c2c3c3c3c3c3c3c3c3c3c3c3c3c3c
        84  ,<<<<<<<<<<<<<<<  2c3c3c3c3c3c3c3c3c3c3c3c3c3c3c3c
        83  <<<<<<<<<<<<<<<,  3c3c3c3c3c3c3c3c3c3c3c3c3c3c3c2c
        83  <<<<<<,<<<<<<<<<  3c3c3c3c3c3c2c3c3c3c3c3c3c3c3c3c
        83  <<<,<<<<<<<<<<<<  3c3c3c2c3c3c3c3c3c3c3c3c3c3c3c3c
        82  dddddddddddddddd  64646464646464646464646464646464
        80  <<<<,<<<<<<<<<<<  3c3c3c3c2c3c3c3c3c3c3c3c3c3c3c3c
# epoch 1300  H=6.7747 C=5.8197 HO=0.8751  A(t)=65
      3749  <<<<<<<<<<<<<<<<  3c3c3c3c3c3c3c3c3c3c3c3c3c3c3c3c
       202  ,,,,,,,,,,,,,,,,  2c2c2c2c2c2c2c2c2c2c2c2c2c2c2c2c
       124  <<<,<<<<<<<<<<<<  3c3c3c2c3c3c3c3c3c3c3c3c3c3c3c3c
       122  <,<<<<<<<<<<<<<<  3c2c3c3c3c3c3c3c3c3c3c3c3c3c3c3c
       120  ,<<<<<<<<<<<<<<<  2c3c3c3c3c3c3c3c3c3c3c3c3c3c3c3c
       119  <<,<<<<<<<<<<<<<  3c3c2c3c3c3c3c3c3c3c3c3c3c3c3c3c
       117  <<<<,<<<<<<<<<<<  3c3c3c3c2c3c3c3c3c3c3c3c3c3c3c3c
       115  <<<<<<<,<<<<<<<<  3c3c3c3c3c3c3c2c3c3c3c3c3c3c3c3c
       114  <<<<<<<<<<<<<<<,  3c3c3c3c3c3c3c3c3c3c3c3c3c3c3c2c
       114  <<<<<<<<<<<<<<,<  3c3c3c3c3c3c3c3c3c3c3c3c3c3c2c3c
# epoch 1350  H=6.6170 C=5.6642 HO=0.8826  A(t)=68
      4654  <<<<<<<<<<<<<<<<  3c3c3c3c3c3c3c3c3c3c3c3c3c3c3c3c
       137  <<<<<<<<<<<<<<<,  3c3c3c3c3c3c3c3c3c3c3c3c3c3c3c2c
       129  <<<<<<<<<<<<<<,<  3c3c3c3c3c3c3c3c3c3c3c3c3c3c2c3c
       124  <<<<<<<<<<<<<,<<  3c3c3c3c3c3c3c3c3c3c3c3c3c2c3c3c
       124  ,<<<<<<<<<<<<<<<  2c3c3c3c3c3c3c3c3c3c3c3c3c3c3c3c
       123  <<<<<<<<<<<<,<<<  3c3c3c3c3c3c3c3c3c3c3c3c2c3c3c3c
       123  <<<<<<<<<<,<<<<<  3c3c3c3c3c3c3c3c3c3c2c3c3c3c3c3c
       120  <<<<<<<<<<<,<<<<  3c3c3c3c3c3c3c3c3c3c3c2c3c3c3c3c
       120  <<<<<<<<<,<<<<<<  3c3c3c3c3c3c3c3c3c2c3c3c3c3c3c3c
       119  <<<<<<,<<<<<<<<<  3c3c3c3c3c3c2c3c3c3c3c3c3c3c3c3c
# epoch 1400  H=6.4827 C=5.5005 HO=0.9235  A(t)=74
      5019  <<<<<<<<<<<<<<<<  3c3c3c3c3c3c3c3c3c3c3c3c3c3c3c3c
       135  <<<<<<<<<<<<<<<,  3c3c3c3c3c3c3c3c3c3c3c3c3c3c3c2c
       131  ,<<<<<<<<<<<<<<<  2c3c3c3c3c3c3c3c3c3c3c3c3c3c3c3c
       127  <<<,<<<<<<<<<<<<  3c3c3c2c3c3c3c3c3c3c3c3c3c3c3c3c
       127  <,<<<<<<<<<<<<<<  3c2c3c3c3c3c3c3c3c3c3c3c3c3c3c3c
       126  <<<<<<<<<<<<<<,<  3c3c3c3c3c3c3c3c3c3c3c3c3c3c2c3c
       125  <<<<,<<<<<<<<<<<  3c3c3c3c2c3c3c3c3c3c3c3c3c3c3c3c
       125  <<,<<<<<<<<<<<<<  3c3c2c3c3c3c3c3c3c3c3c3c3c3c3c3c
       121  ,,,,,,,,,,,,,,,,  2c2c2c2c2c2c2c2c2c2c2c2c2c2c2c2c
       120  <<<<<,<<<<<<<<<<  3c3c3c3c3c2c3c3c3c3c3c3c3c3c3c3c
# epoch 1450  H=6.3746 C=5.3556 HO=0.9709  A(t)=85
      5584  <<<<<<<<<<<<<<<<  3c3c3c3c3c3c3c3c3c3c3c3c3c3c3c3c
       192  ,,,,,,,,,,,,,,,,  2c2c2c2c2c2c2c2c2c2c2c2c2c2c2c2c
       143  <<<<,<<<<<<<<<<<  3c3c3c3c2c3c3c3c3c3c3c3c3c3c3c3c
       139  <<<<<<<<<<,<<<<<  3c3c3c3c3c3c3c3c3c3c2c3c3c3c3c3c
       139  <<<<<<<<<,<<<<<<  3c3c3c3c3c3c3c3c3c2c3c3c3c3c3c3c
       139  <<<<<,<<<<<<<<<<  3c3c3c3c3c2c3c3c3c3c3c3c3c3c3c3c
       137  <<<<<<<<,<<<<<<<  3c3c3c3c3c3c3c3c2c3c3c3c3c3c3c3c
       135  <<<<<<<<<<<<<,<<  3c3c3c3c3c3c3c3c3c3c3c3c3c2c3c3c
       135  <<<<<<<,<<<<<<<<  3c3c3c3c3c3c3c2c3c3c3c3c3c3c3c3c
       135  <<<<<<,<<<<<<<<<  3c3c3c3c3c3c2c3c3c3c3c3c3c3c3c3c
# epoch 1500  H=6.3102 C=5.2931 HO=0.9524  A(t)=95
      5583  <<<<<<<<<<<<<<<<  3c3c3c3c3c3c3c3c3c3c3c3c3c3c3c3c
       228  ,,,,,,,,,,,,,,,,  2c2c2c2c2c2c2c2c2c2c2c2c2c2c2c2c
       137  <<<<<,<<<<<<<<<<  3c3c3c3c3c2c3c3c3c3c3c3c3c3c3c3c
       137  <,<<<<<<<<<<<<<<  3c2c3c3c3c3c3c3c3c3c3c3c3c3c3c3c
       136  <<<<<<<<<<<<<<<,  3c3c3c3c3c3c3c3c3c3c3c3c3c3c3c2c
       136  <<<<,<<<<<<<<<<<  3c3c3c3c2c3c3c3c3c3c3c3c3c3c3c3c
       135  <<<<<<<<<<,<<<<<  3c3c3c3c3c3c3c3c3c3c2c3c3c3c3c3c
       135  <<<<<<<<,<<<<<<<  3c3c3c3c3c3c3c3c2c3c3c3c3c3c3c3c
       135  ,<<<<<<<<<<<<<<<  2c3c3c3c3c3c3c3c3c3c3c3c3c3c3c3c
       134  <<<<<<<,<<<<<<<<  3c3c3c3c3c3c3c2c3c3c3c3c3c3c3c3c
# epoch 1550  H=6.2516 C=5.2394 HO=0.9523  A(t)=104
      6666  <<<<<<<<<<<<<<<<  3c3c3c3c3c3c3c3c3c3c3c3c3c3c3c3c
       275  ,,,,,,,,,,,,,,,,  2c2c2c2c2c2c2c2c2c2c2c2c2c2c2c2c
       163  <<<<<<<<<<<<<<<,  3c3c3c3c3c3c3c3c3c3c3c3c3c3c3c2c
       160  ,<<<<<<<<<<<<<<<  2c3c3c3c3c3c3c3c3c3c3c3c3c3c3c3c
       157  <,<<<<<<<<<<<<<<  3c2c3c3c3c3c3c3c3c3c3c3c3c3c3c3c
       156  <<<<<<<<<<<<<<,<  3c3c3c3c3c3c3c3c3c3c3c3c3c3c2c3c
       146  <<,<<<<<<<<<<<<<  3c3c2c3c3c3c3c3c3c3c3c3c3c3c3c3c
       145  <<<<<<<<<<<<<,<<  3c3c3c3c3c3c3c3c3c3c3c3c3c2c3c3c
       145  <<<<<<<<<<<<,<<<  3c3c3c3c3c3c3c3c3c3c3c3c2c3c3c3c
       144  <<<<<<<<<<<,<<<<  3c3c3c3c3c3c3c3c3c3c3c2c3c3c3c3c
# epoch 1600  H=6.2908 C=5.2653 HO=1.0054  A(t)=125
      5402  <<<<<<<<<<<<<<<<  3c3c3c3c3c3c3c3c3c3c3c3c3c3c3c3c
       175  ,,,,,,,,,,,,,,,,  2c2c2c2c2c2c2c2c2c2c2c2c2c2c2c2c
       154  <<<<<<<<<<<<<<<,  3c3c3c3c3c3c3c3c3c3c3c3c3c3c3c2c
       152  <<<<<<<<<<<<<<,<  3c3c3c3c3c3c3c3c3c3c3c3c3c3c2c3c
       149  <<<<<<<<<<<<<,<<  3c3c3c3c3c3c3c3c3c3c3c3c3c2c3c3c
       147  <<<<<<<<<<<<,<<<  3c3c3c3c3c3c3c3c3c3c3c3c2c3c3c3c
       147  <<<<<<<<,<<<<<<<  3c3c3c3c3c3c3c3c2c3c3c3c3c3c3c3c
       146  <<<<<<<<<<,<<<<<  3c3c3c3c3c3c3c3c3c3c2c3c3c3c3c3c
       145  <<<<<<<<<<<,<<<<  3c3c3c3c3c3c3c3c3c3c3c2c3c3c3c3c
       143  <<<<<<<<<,<<<<<<  3c3c3c3c3c3c3c3c3c2c3c3c3c3c3c3c
# epoch 1650  H=6.1772 C=5.1650 HO=0.9586  A(t)=137
      6550  <<<<<<<<<<<<<<<<  3c3c3c3c3c3c3c3c3c3c3c3c3c3c3c3c
       233  ,,,,,,,,,,,,,,,,  2c2c2c2c2c2c2c2c2c2c2c2c2c2c2c2c
       151  <<<<<<<,<<<<<<<<  3c3c3c3c3c3c3c2c3c3c3c3c3c3c3c3c
       151  <<<<<<,<<<<<<<<<  3c3c3c3c3c3c2c3c3c3c3c3c3c3c3c3c
       149  <<<<<<<<,<<<<<<<  3c3c3c3c3c3c3c3c2c3c3c3c3c3c3c3c
       146  <<<<,<<<<<<<<<<<  3c3c3c3c2c3c3c3c3c3c3c3c3c3c3c3c
       144  <<<<<,<<<<<<<<<<  3c3c3c3c3c2c3c3c3c3c3c3c3c3c3c3c
       144  <<<,<<<<<<<<<<<<  3c3c3c2c3c3c3c3c3c3c3c3c3c3c3c3c
       143  <<<<<<<<<,<<<<<<  3c3c3c3c3c3c3c3c3c2c3c3c3c3c3c3c
       142  <<<<<<<<<<<<<<<,  3c3c3c3c3c3c3c3c3c3c3c3c3c3c3c2c
# epoch 1700  H=6.0811 C=5.0607 HO=0.9971  A(t)=150
      6694  <<<<<<<<<<<<<<<<  3c3c3c3c3c3c3c3c3c3c3c3c3c3c3c3c
       186  ,,,,,,,,,,,,,,,,  2c2c2c2c2c2c2c2c2c2c2c2c2c2c2c2c
       175  <<<<<<<<<<<<<<<,  3c3c3c3c3c3c3c3c3c3c3c3c3c3c3c2c
       175  <<,<<<<<<<<<<<<<  3c3c2c3c3c3c3c3c3c3c3c3c3c3c3c3c
       175  <,<<<<<<<<<<<<<<  3c2c3c3c3c3c3c3c3c3c3c3c3c3c3c3c
       173  <<<<<<<<<<<<<<,<  3c3c3c3c3c3c3c3c3c3c3c3c3c3c2c3c
       172  <<<<,<<<<<<<<<<<  3c3c3c3c2c3c3c3c3c3c3c3c3c3c3c3c
       172  ,<<<<<<<<<<<<<<<  2c3c3c3c3c3c3c3c3c3c3c3c3c3c3c3c
       170  <<<,<<<<<<<<<<<<  3c3c3c2c3c3c3c3c3c3c3c3c3c3c3c3c
       165  <<<<<<<<<<<<<,<<  3c3c3c3c3c3c3c3c3c3c3c3c3c2c3c3c
# epoch 1750  H=5.9510 C=4.9320 HO=0.9691  A(t)=159
      7308  <<<<<<<<<<<<<<<<  3c3c3c3c3c3c3c3c3c3c3c3c3c3c3c3c
       198  <<<<<<<<<<<<<<<,  3c3c3c3c3c3c3c3c3c3c3c3c3c3c3c2c
       192  <<<<<<<<<<<<<<,<  3c3c3c3c3c3c3c3c3c3c3c3c3c3c2c3c
       191  ,<<<<<<<<<<<<<<<  2c3c3c3c3c3c3c3c3c3c3c3c3c3c3c3c
       189  <<<<<<<,<<<<<<<<  3c3c3c3c3c3c3c2c3c3c3c3c3c3c3c3c
       189  <<<<<<,<<<<<<<<<  3c3c3c3c3c3c2c3c3c3c3c3c3c3c3c3c
       188  <<<<<<<<<<<<,<<<  3c3c3c3c3c3c3c3c3c3c3c3c2c3c3c3c
       188  <<<<<<<<,<<<<<<<  3c3c3c3c3c3c3c3c2c3c3c3c3c3c3c3c
       187  <<<<<<<<<<,<<<<<  3c3c3c3c3c3c3c3c3c3c2c3c3c3c3c3c
       185  <<<<<,<<<<<<<<<<  3c3c3c3c3c2c3c3c3c3c3c3c3c3c3c3c
# epoch 1800  H=5.7981 C=4.8219 HO=0.9597  A(t)=159
      8283  <<<<<<<<<<<<<<<<  3c3c3c3c3c3c3c3c3c3c3c3c3c3c3c3c
       190  <<<<<<<<<<<<<<<,  3c3c3c3c3c3c3c3c3c3c3c3c3c3c3c2c
       185  <<<<<<<<<<<<<<,<  3c3c3c3c3c3c3c3c3c3c3c3c3c3c2c3c
       183  <<<<<<<<,<<<<<<<  3c3c3c3c3c3c3c3c2c3c3c3c3c3c3c3c
       183  ,<<<<<<<<<<<<<<<  2c3c3c3c3c3c3c3c3c3c3c3c3c3c3c3c
       182  <<<<<<<,<<<<<<<<  3c3c3c3c3c3c3c2c3c3c3c3c3c3c3c3c
       181  <,<<<<<<<<<<<<<<  3c2c3c3c3c3c3c3c3c3c3c3c3c3c3c3c
       180  <<<<<<,<<<<<<<<<  3c3c3c3c3c3c2c3c3c3c3c3c3c3c3c3c
       179  <<<<<,<<<<<<<<<<  3c3c3c3c3c2c3c3c3c3c3c3c3c3c3c3c
       179  <<<<,<<<<<<<<<<<  3c3c3c3c2c3c3c3c3c3c3c3c3c3c3c3c
# epoch 1850  H=5.7068 C=4.7448 HO=0.9261  A(t)=166
      7742  <<<<<<<<<<<<<<<<  3c3c3c3c3c3c3c3c3c3c3c3c3c3c3c3c
       269  ,,,,,,,,,,,,,,,,  2c2c2c2c2c2c2c2c2c2c2c2c2c2c2c2c
       172  <<<<<<<<<<<<<<<,  3c3c3c3c3c3c3c3c3c3c3c3c3c3c3c2c
       160  ,<<<<<<<<<<<<<<<  2c3c3c3c3c3c3c3c3c3c3c3c3c3c3c3c
       159  <<<<<<<<<<<<<<,<  3c3c3c3c3c3c3c3c3c3c3c3c3c3c2c3c
       158  <<<<<<<<<<<<<,<<  3c3c3c3c3c3c3c3c3c3c3c3c3c2c3c3c
       156  <<<,<<<<<<<<<<<<  3c3c3c2c3c3c3c3c3c3c3c3c3c3c3c3c
       156  <<,<<<<<<<<<<<<<  3c3c2c3c3c3c3c3c3c3c3c3c3c3c3c3c
       155  <<<<<<<<<<<<,<<<  3c3c3c3c3c3c3c3c3c3c3c3c2c3c3c3c
       155  <,<<<<<<<<<<<<<<  3c2c3c3c3c3c3c3c3c3c3c3c3c3c3c3c
# epoch 1900  H=5.5520 C=4.6152 HO=0.9202  A(t)=170
      8084  <<<<<<<<<<<<<<<<  3c3c3c3c3c3c3c3c3c3c3c3c3c3c3c3c
       207  ,<<<<<<<<<<<<<<<  2c3c3c3c3c3c3c3c3c3c3c3c3c3c3c3c
       203  <<<<<<<<<<<<<<<,  3c3c3c3c3c3c3c3c3c3c3c3c3c3c3c2c
       200  <,<<<<<<<<<<<<<<  3c2c3c3c3c3c3c3c3c3c3c3c3c3c3c3c
       192  <<,<<<<<<<<<<<<<  3c3c2c3c3c3c3c3c3c3c3c3c3c3c3c3c
       189  <<<<<<<<<<<<<<,<  3c3c3c3c3c3c3c3c3c3c3c3c3c3c2c3c
       189  ,,,,,,,,,,,,,,,,  2c2c2c2c2c2c2c2c2c2c2c2c2c2c2c2c
       181  <<<<,<<<<<<<<<<<  3c3c3c3c2c3c3c3c3c3c3c3c3c3c3c3c
       181  <<<,<<<<<<<<<<<<  3c3c3c2c3c3c3c3c3c3c3c3c3c3c3c3c
       180  <<<<<<<<<<<<<,<<  3c3c3c3c3c3c3c3c3c3c3c3c3c2c3c3c
# epoch 1950  H=5.4465 C=4.5000 HO=0.9367  A(t)=183
      7634  <<<<<<<<<<<<<<<<  3c3c3c3c3c3c3c3c3c3c3c3c3c3c3c3c
       331  ,,,,,,,,,,,,,,,,  2c2c2c2c2c2c2c2c2c2c2c2c2c2c2c2c
       245  {{{{{{{{{{{{{{{{  7b7b7b7b7b7b7b7b7b7b7b7b7b7b7b7b
       188  ,<<<<<<<<<<<<<<<  2c3c3c3c3c3c3c3c3c3c3c3c3c3c3c3c
       180  <<<<<<<<<<<<<<<,  3c3c3c3c3c3c3c3c3c3c3c3c3c3c3c2c
       179  <<,<<<<<<<<<<<<<  3c3c2c3c3c3c3c3c3c3c3c3c3c3c3c3c
       179  <,<<<<<<<<<<<<<<  3c2c3c3c3c3c3c3c3c3c3c3c3c3c3c3c
       177  <<<<<<,<<<<<<<<<  3c3c3c3c3c3c2c3c3c3c3c3c3c3c3c3c
       173  <<<,<<<<<<<<<<<<  3c3c3c2c3c3c3c3c3c3c3c3c3c3c3c3c
       172  <<<<<,<<<<<<<<<<  3c3c3c3c3c2c3c3c3c3c3c3c3c3c3c3c
# epoch 2000  H=5.2892 C=4.3362 HO=0.9476  A(t)=188
      9217  <<<<<<<<<<<<<<<<  3c3c3c3c3c3c3c3c3c3c3c3c3c3c3c3c
       267  ,,,,,,,,,,,,,,,,  2c2c2c2c2c2c2c2c2c2c2c2c2c2c2c2c
       227  <<<<<<<<<<<<<<<,  3c3c3c3c3c3c3c3c3c3c3c3c3c3c3c2c
       226  <,<<<<<<<<<<<<<<  3c2c3c3c3c3c3c3c3c3c3c3c3c3c3c3c
       222  ,<<<<<<<<<<<<<<<  2c3c3c3c3c3c3c3c3c3c3c3c3c3c3c3c
       220  <<,<<<<<<<<<<<<<  3c3c2c3c3c3c3c3c3c3c3c3c3c3c3c3c
       214  <<<<<<<<<<<<<<,<  3c3c3c3c3c3c3c3c3c3c3c3c3c3c2c3c
       213  <<<,<<<<<<<<<<<<  3c3c3c2c3c3c3c3c3c3c3c3c3c3c3c3c
       204  <<<<,<<<<<<<<<<<  3c3c3c3c2c3c3c3c3c3c3c3c3c3c3c3c
       203  <<<<<<<<<<<<,<<<  3c3c3c3c3c3c3c3c3c3c3c3c2c3c3c3c
# epoch 2050  H=5.1246 C=4.2263 HO=0.8905  A(t)=191
      9632  <<<<<<<<<<<<<<<<  3c3c3c3c3c3c3c3c3c3c3c3c3c3c3c3c
       240  <<<<<<<<<<<<<<<,  3c3c3c3c3c3c3c3c3c3c3c3c3c3c3c2c
       240  <,<<<<<<<<<<<<<<  3c2c3c3c3c3c3c3c3c3c3c3c3c3c3c3c
       238  <<<<<<<<<<<<<<,<  3c3c3c3c3c3c3c3c3c3c3c3c3c3c2c3c
       238  ,<<<<<<<<<<<<<<<  2c3c3c3c3c3c3c3c3c3c3c3c3c3c3c3c
       232  <<<,<<<<<<<<<<<<  3c3c3c2c3c3c3c3c3c3c3c3c3c3c3c3c
       231  <<,<<<<<<<<<<<<<  3c3c2c3c3c3c3c3c3c3c3c3c3c3c3c3c
       230  <<<<,<<<<<<<<<<<  3c3c3c3c2c3c3c3c3c3c3c3c3c3c3c3c
       224  <<<<<<<<<<<<,<<<  3c3c3c3c3c3c3c3c3c3c3c3c2c3c3c3c
       223  <<<<<,<<<<<<<<<<  3c3c3c3c3c2c3c3c3c3c3c3c3c3c3c3c
# epoch 2100  H=5.0614 C=4.1631 HO=0.8999  A(t)=200
      9311  <<<<<<<<<<<<<<<<  3c3c3c3c3c3c3c3c3c3c3c3c3c3c3c3c
       259  <<<<<<<<<<<<<<<,  3c3c3c3c3c3c3c3c3c3c3c3c3c3c3c2c
       249  ,<<<<<<<<<<<<<<<  2c3c3c3c3c3c3c3c3c3c3c3c3c3c3c3c
       247  <<,<<<<<<<<<<<<<  3c3c2c3c3c3c3c3c3c3c3c3c3c3c3c3c
       246  <,<<<<<<<<<<<<<<  3c2c3c3c3c3c3c3c3c3c3c3c3c3c3c3c
       244  <<<<<<<<<<<<<<,<  3c3c3c3c3c3c3c3c3c3c3c3c3c3c2c3c
       236  <<<,<<<<<<<<<<<<  3c3c3c2c3c3c3c3c3c3c3c3c3c3c3c3c
       234  <<<<<<<<<<<<<,<<  3c3c3c3c3c3c3c3c3c3c3c3c3c2c3c3c
       231  <<<<<<<<<<<<,<<<  3c3c3c3c3c3c3c3c3c3c3c3c2c3c3c3c
       231  <<<<,<<<<<<<<<<<  3c3c3c3c2c3c3c3c3c3c3c3c3c3c3c3c
# epoch 2150  H=5.0227 C=4.0753 HO=0.9461  A(t)=204
      9718  <<<<<<<<<<<<<<<<  3c3c3c3c3c3c3c3c3c3c3c3c3c3c3c3c
       423  ,,,,,,,,,,,,,,,,  2c2c2c2c2c2c2c2c2c2c2c2c2c2c2c2c
       278  {{{{{{{{{{{{{{{{  7b7b7b7b7b7b7b7b7b7b7b7b7b7b7b7b
       195  <<<<<<<<<<<<<<<,  3c3c3c3c3c3c3c3c3c3c3c3c3c3c3c2c
       182  ,<<<<<<<<<<<<<<<  2c3c3c3c3c3c3c3c3c3c3c3c3c3c3c3c
       181  <<<<<<<<<<<<<<,<  3c3c3c3c3c3c3c3c3c3c3c3c3c3c2c3c
       180  <,<<<<<<<<<<<<<<  3c2c3c3c3c3c3c3c3c3c3c3c3c3c3c3c
       176  <<,<<<<<<<<<<<<<  3c3c2c3c3c3c3c3c3c3c3c3c3c3c3c3c
       172  <<<<<<<<<<<<<,<<  3c3c3c3c3c3c3c3c3c3c3c3c3c2c3c3c
       171  <<<<<<<,<<<<<<<<  3c3c3c3c3c3c3c2c3c3c3c3c3c3c3c3c
# epoch 2200  H=4.9885 C=4.0978 HO=0.9240  A(t)=215
      9062  <<<<<<<<<<<<<<<<  3c3c3c3c3c3c3c3c3c3c3c3c3c3c3c3c
       388  ,,,,,,,,,,,,,,,,  2c2c2c2c2c2c2c2c2c2c2c2c2c2c2c2c
       193  <<,<<<<<<<<<<<<<  3c3c2c3c3c3c3c3c3c3c3c3c3c3c3c3c
       192  <<<<<<,<<<<<<<<<  3c3c3c3c3c3c2c3c3c3c3c3c3c3c3c3c
       191  <,<<<<<<<<<<<<<<  3c2c3c3c3c3c3c3c3c3c3c3c3c3c3c3c
       190  <<<<<<<<<<<<<<<,  3c3c3c3c3c3c3c3c3c3c3c3c3c3c3c2c
       190  <<<<<<<<<<<<<<,<  3c3c3c3c3c3c3c3c3c3c3c3c3c3c2c3c
       190  <<<<<,<<<<<<<<<<  3c3c3c3c3c2c3c3c3c3c3c3c3c3c3c3c
       189  <<<<<<<,<<<<<<<<  3c3c3c3c3c3c3c2c3c3c3c3c3c3c3c3c
       189  <<<,<<<<<<<<<<<<  3c3c3c2c3c3c3c3c3c3c3c3c3c3c3c3c
# epoch 2250  H=4.8015 C=3.9509 HO=0.8705  A(t)=217
      9617  <<<<<<<<<<<<<<<<  3c3c3c3c3c3c3c3c3c3c3c3c3c3c3c3c
       493  ,,,,,,,,,,,,,,,,  2c2c2c2c2c2c2c2c2c2c2c2c2c2c2c2c
       202  <<<<<<<<<<<<<<<,  3c3c3c3c3c3c3c3c3c3c3c3c3c3c3c2c
       200  <<<<<<<<<<<<<<,<  3c3c3c3c3c3c3c3c3c3c3c3c3c3c2c3c
       198  <<<<<<<<<<<<<,<<  3c3c3c3c3c3c3c3c3c3c3c3c3c2c3c3c
       198  <<<<<<<<<<<<,<<<  3c3c3c3c3c3c3c3c3c3c3c3c2c3c3c3c
       196  <<<<<<<<<<<,<<<<  3c3c3c3c3c3c3c3c3c3c3c2c3c3c3c3c
       195  <<<<<<<<<,<<<<<<  3c3c3c3c3c3c3c3c3c2c3c3c3c3c3c3c
       194  <<<<<<,<<<<<<<<<  3c3c3c3c3c3c2c3c3c3c3c3c3c3c3c3c
       192  <<<<<<<<<<,<<<<<  3c3c3c3c3c3c3c3c3c3c2c3c3c3c3c3c
# epoch 2300  H=4.6443 C=3.8179 HO=0.8467  A(t)=227
     10052  <<<<<<<<<<<<<<<<  3c3c3c3c3c3c3c3c3c3c3c3c3c3c3c3c
       251  ,,,,,,,,,,,,,,,,  2c2c2c2c2c2c2c2c2c2c2c2c2c2c2c2c
       243  <<<<<<<<<<<<<<<,  3c3c3c3c3c3c3c3c3c3c3c3c3c3c3c2c
       240  ,<<<<<<<<<<<<<<<  2c3c3c3c3c3c3c3c3c3c3c3c3c3c3c3c
       231  <<<<<<<<<<<<<<,<  3c3c3c3c3c3c3c3c3c3c3c3c3c3c2c3c
       222  <<<<<,<<<<<<<<<<  3c3c3c3c3c2c3c3c3c3c3c3c3c3c3c3c
       222  <,<<<<<<<<<<<<<<  3c2c3c3c3c3c3c3c3c3c3c3c3c3c3c3c
       221  <<,<<<<<<<<<<<<<  3c3c2c3c3c3c3c3c3c3c3c3c3c3c3c3c
       219  <<<<,<<<<<<<<<<<  3c3c3c3c2c3c3c3c3c3c3c3c3c3c3c3c
       218  <<<<<<<<<<<<<,<<  3c3c3c3c3c3c3c3c3c3c3c3c3c2c3c3c
# epoch 2350  H=4.4833 C=3.6938 HO=0.8119  A(t)=242
     10887  <<<<<<<<<<<<<<<<  3c3c3c3c3c3c3c3c3c3c3c3c3c3c3c3c
       225  <<<<<<<<<<<<<<<,  3c3c3c3c3c3c3c3c3c3c3c3c3c3c3c2c
       222  ,,,,,,,,,,,,,,,,  2c2c2c2c2c2c2c2c2c2c2c2c2c2c2c2c
       218  ,<<<<<<<<<<<<<<<  2c3c3c3c3c3c3c3c3c3c3c3c3c3c3c3c
       213  <<<<<<<<<<<<<<,<  3c3c3c3c3c3c3c3c3c3c3c3c3c3c2c3c
       208  <,<<<<<<<<<<<<<<  3c2c3c3c3c3c3c3c3c3c3c3c3c3c3c3c
       207  <<<,<<<<<<<<<<<<  3c3c3c2c3c3c3c3c3c3c3c3c3c3c3c3c
       202  <<<<,<<<<<<<<<<<  3c3c3c3c2c3c3c3c3c3c3c3c3c3c3c3c
       201  <<<<<,<<<<<<<<<<  3c3c3c3c3c2c3c3c3c3c3c3c3c3c3c3c
       201  <<,<<<<<<<<<<<<<  3c3c2c3c3c3c3c3c3c3c3c3c3c3c3c3c
# epoch 2400  H=4.3635 C=3.5563 HO=0.8259  A(t)=260
     10298  <<<<<<<<<<<<<<<<  3c3c3c3c3c3c3c3c3c3c3c3c3c3c3c3c
       787  ,,,,,,,,,,,,,,,,  2c2c2c2c2c2c2c2c2c2c2c2c2c2c2c2c
       230  <<<<<<<<<<<<<<<,  3c3c3c3c3c3c3c3c3c3c3c3c3c3c3c2c
       226  ,<<<<<<<<<<<<<<<  2c3c3c3c3c3c3c3c3c3c3c3c3c3c3c3c
       216  <,<<<<<<<<<<<<<<  3c2c3c3c3c3c3c3c3c3c3c3c3c3c3c3c
       214  <<<<<<<<<<<<<<,<  3c3c3c3c3c3c3c3c3c3c3c3c3c3c2c3c
       208  <<<,<<<<<<<<<<<<  3c3c3c2c3c3c3c3c3c3c3c3c3c3c3c3c
       208  <<,<<<<<<<<<<<<<  3c3c2c3c3c3c3c3c3c3c3c3c3c3c3c3c
       207  <<<<<<<<<<<<,<<<  3c3c3c3c3c3c3c3c3c3c3c3c2c3c3c3c
       205  <<<<<<<<<<<<<,<<  3c3c3c3c3c3c3c3c3c3c3c3c3c2c3c3c
# epoch 2450  H=4.1211 C=3.3915 HO=0.7782  A(t)=266
     10614  <<<<<<<<<<<<<<<<  3c3c3c3c3c3c3c3c3c3c3c3c3c3c3c3c
       586  ,,,,,,,,,,,,,,,,  2c2c2c2c2c2c2c2c2c2c2c2c2c2c2c2c
       290  <<<<<<<<<<<<<<<,  3c3c3c3c3c3c3c3c3c3c3c3c3c3c3c2c
       282  <<<<<<<<<<<<<<,<  3c3c3c3c3c3c3c3c3c3c3c3c3c3c2c3c
       275  ,<<<<<<<<<<<<<<<  2c3c3c3c3c3c3c3c3c3c3c3c3c3c3c3c
       273  <,<<<<<<<<<<<<<<  3c2c3c3c3c3c3c3c3c3c3c3c3c3c3c3c
       271  <<<<<<<<<<<<,<<<  3c3c3c3c3c3c3c3c3c3c3c3c2c3c3c3c
       271  <<<,<<<<<<<<<<<<  3c3c3c2c3c3c3c3c3c3c3c3c3c3c3c3c
       270  <<<<<<<<<<<<<,<<  3c3c3c3c3c3c3c3c3c3c3c3c3c2c3c3c
       264  <<,<<<<<<<<<<<<<  3c3c2c3c3c3c3c3c3c3c3c3c3c3c3c3c
# epoch 2500  H=3.9565 C=3.2212 HO=0.7663  A(t)=286
     11231  <<<<<<<<<<<<<<<<  3c3c3c3c3c3c3c3c3c3c3c3c3c3c3c3c
       600  ,,,,,,,,,,,,,,,,  2c2c2c2c2c2c2c2c2c2c2c2c2c2c2c2c
       290  <<<<<<<<<<<<<<<,  3c3c3c3c3c3c3c3c3c3c3c3c3c3c3c2c
       288  ,<<<<<<<<<<<<<<<  2c3c3c3c3c3c3c3c3c3c3c3c3c3c3c3c
       283  <<<<<<<<<<<<<<,<  3c3c3c3c3c3c3c3c3c3c3c3c3c3c2c3c
       282  <,<<<<<<<<<<<<<<  3c2c3c3c3c3c3c3c3c3c3c3c3c3c3c3c
       279  <<<<,<<<<<<<<<<<  3c3c3c3c2c3c3c3c3c3c3c3c3c3c3c3c
       279  <<,<<<<<<<<<<<<<  3c3c2c3c3c3c3c3c3c3c3c3c3c3c3c3c
       277  <<<<<,<<<<<<<<<<  3c3c3c3c3c2c3c3c3c3c3c3c3c3c3c3c
       277  <<<,<<<<<<<<<<<<  3c3c3c2c3c3c3c3c3c3c3c3c3c3c3c3c
# epoch 2550  H=3.7587 C=3.0566 HO=0.7154  A(t)=299
     12689  <<<<<<<<<<<<<<<<  3c3c3c3c3c3c3c3c3c3c3c3c3c3c3c3c
       512  ,,,,,,,,,,,,,,,,  2c2c2c2c2c2c2c2c2c2c2c2c2c2c2c2c
       327  <<<<<<<<<<<<<<<,  3c3c3c3c3c3c3c3c3c3c3c3c3c3c3c2c
       321  <<<<<<<<<<<<<<,<  3c3c3c3c3c3c3c3c3c3c3c3c3c3c2c3c
       319  <<<<<<<<<<<<,<<<  3c3c3c3c3c3c3c3c3c3c3c3c2c3c3c3c
       316  <<<<<<<<<<<<<,<<  3c3c3c3c3c3c3c3c3c3c3c3c3c2c3c3c
       302  ,<<<<<<<<<<<<<<<  2c3c3c3c3c3c3c3c3c3c3c3c3c3c3c3c
       301  <<<<<<<<<<<,<<<<  3c3c3c3c3c3c3c3c3c3c3c2c3c3c3c3c
       300  <<,<<<<<<<<<<<<<  3c3c2c3c3c3c3c3c3c3c3c3c3c3c3c3c
       298  <,<<<<<<<<<<<<<<  3c2c3c3c3c3c3c3c3c3c3c3c3c3c3c3c
# epoch 2600  H=3.5105 C=2.9093 HO=0.6234  A(t)=309
     13196  <<<<<<<<<<<<<<<<  3c3c3c3c3c3c3c3c3c3c3c3c3c3c3c3c
       485  ,,,,,,,,,,,,,,,,  2c2c2c2c2c2c2c2c2c2c2c2c2c2c2c2c
       354  <<<<<<<<<<<<<<<,  3c3c3c3c3c3c3c3c3c3c3c3c3c3c3c2c
       343  ,<<<<<<<<<<<<<<<  2c3c3c3c3c3c3c3c3c3c3c3c3c3c3c3c
       340  <<<<<<,<<<<<<<<<  3c3c3c3c3c3c2c3c3c3c3c3c3c3c3c3c
       339  <<<<<<<<<<<<<<,<  3c3c3c3c3c3c3c3c3c3c3c3c3c3c2c3c
       337  <<<<,<<<<<<<<<<<  3c3c3c3c2c3c3c3c3c3c3c3c3c3c3c3c
       335  <<<<<<<,<<<<<<<<  3c3c3c3c3c3c3c2c3c3c3c3c3c3c3c3c
       331  <<<<<,<<<<<<<<<<  3c3c3c3c3c2c3c3c3c3c3c3c3c3c3c3c
       330  <<<<<<<<<<<,<<<<  3c3c3c3c3c3c3c3c3c3c3c2c3c3c3c3c
# epoch 2650  H=3.3767 C=2.7499 HO=0.6244  A(t)=328
     14871  <<<<<<<<<<<<<<<<  3c3c3c3c3c3c3c3c3c3c3c3c3c3c3c3c
       382  <<<<<<<<<<<<<<<,  3c3c3c3c3c3c3c3c3c3c3c3c3c3c3c2c
       377  <<<<<<<<<<<<<<,<  3c3c3c3c3c3c3c3c3c3c3c3c3c3c2c3c
       372  <<<<<<<<<<<<<,<<  3c3c3c3c3c3c3c3c3c3c3c3c3c2c3c3c
       365  ,<<<<<<<<<<<<<<<  2c3c3c3c3c3c3c3c3c3c3c3c3c3c3c3c
       358  <,<<<<<<<<<<<<<<  3c2c3c3c3c3c3c3c3c3c3c3c3c3c3c3c
       357  <<<<<<<<<<<<,<<<  3c3c3c3c3c3c3c3c3c3c3c3c2c3c3c3c
       353  ,,,,,,,,,,,,,,,,  2c2c2c2c2c2c2c2c2c2c2c2c2c2c2c2c
       345  <<,<<<<<<<<<<<<<  3c3c2c3c3c3c3c3c3c3c3c3c3c3c3c3c
       343  <<<<<<<<<<<,<<<<  3c3c3c3c3c3c3c3c3c3c3c2c3c3c3c3c
# epoch 2700  H=3.1738 C=2.6121 HO=0.5643  A(t)=334
     15362  <<<<<<<<<<<<<<<<  3c3c3c3c3c3c3c3c3c3c3c3c3c3c3c3c
       389  <<<<<<<<<<<<<<<,  3c3c3c3c3c3c3c3c3c3c3c3c3c3c3c2c
       375  ,<<<<<<<<<<<<<<<  2c3c3c3c3c3c3c3c3c3c3c3c3c3c3c3c
       370  <<<<<<<<<<<<<<,<  3c3c3c3c3c3c3c3c3c3c3c3c3c3c2c3c
       361  <<<<<<<<<<<<<,<<  3c3c3c3c3c3c3c3c3c3c3c3c3c2c3c3c
       359  <,<<<<<<<<<<<<<<  3c2c3c3c3c3c3c3c3c3c3c3c3c3c3c3c
       358  <<<<<<<<<<<<,<<<  3c3c3c3c3c3c3c3c3c3c3c3c2c3c3c3c
       357  <<<<<<<<<<,<<<<<  3c3c3c3c3c3c3c3c3c3c2c3c3c3c3c3c
       356  <<<<,<<<<<<<<<<<  3c3c3c3c2c3c3c3c3c3c3c3c3c3c3c3c
       354  <<<<<<<,<<<<<<<<  3c3c3c3c3c3c3c2c3c3c3c3c3c3c3c3c
# epoch 2750  H=3.0732 C=2.5051 HO=0.5725  A(t)=345
     15836  <<<<<<<<<<<<<<<<  3c3c3c3c3c3c3c3c3c3c3c3c3c3c3c3c
       576  ,,,,,,,,,,,,,,,,  2c2c2c2c2c2c2c2c2c2c2c2c2c2c2c2c
       388  <<<<<<<<<<<<<<<,  3c3c3c3c3c3c3c3c3c3c3c3c3c3c3c2c
       379  ,<<<<<<<<<<<<<<<  2c3c3c3c3c3c3c3c3c3c3c3c3c3c3c3c
       372  <<<<<<<<<<<<<,<<  3c3c3c3c3c3c3c3c3c3c3c3c3c2c3c3c
       370  <<<<<<<<<<<<<<,<  3c3c3c3c3c3c3c3c3c3c3c3c3c3c2c3c
       364  <<<<<<<<<<<<,<<<  3c3c3c3c3c3c3c3c3c3c3c3c2c3c3c3c
       360  <,<<<<<<<<<<<<<<  3c2c3c3c3c3c3c3c3c3c3c3c3c3c3c3c
       359  <<,<<<<<<<<<<<<<  3c3c2c3c3c3c3c3c3c3c3c3c3c3c3c3c
       349  <<<,<<<<<<<<<<<<  3c3c3c2c3c3c3c3c3c3c3c3c3c3c3c3c
# epoch 2800  H=2.9291 C=2.3993 HO=0.5286  A(t)=346
     16874  <<<<<<<<<<<<<<<<  3c3c3c3c3c3c3c3c3c3c3c3c3c3c3c3c
       550  ,,,,,,,,,,,,,,,,  2c2c2c2c2c2c2c2c2c2c2c2c2c2c2c2c
       365  <<<<<<<<<<<<<<<,  3c3c3c3c3c3c3c3c3c3c3c3c3c3c3c2c
       345  ,<<<<<<<<<<<<<<<  2c3c3c3c3c3c3c3c3c3c3c3c3c3c3c3c
       342  <<<<<<<<<<<<<<,<  3c3c3c3c3c3c3c3c3c3c3c3c3c3c2c3c
       334  <,<<<<<<<<<<<<<<  3c2c3c3c3c3c3c3c3c3c3c3c3c3c3c3c
       330  <<,<<<<<<<<<<<<<  3c3c2c3c3c3c3c3c3c3c3c3c3c3c3c3c
       328  <<<<<<<<<<<<<,<<  3c3c3c3c3c3c3c3c3c3c3c3c3c2c3c3c
       324  <<<,<<<<<<<<<<<<  3c3c3c2c3c3c3c3c3c3c3c3c3c3c3c3c
       323  <<<<<<<<<<<<,<<<  3c3c3c3c3c3c3c3c3c3c3c3c2c3c3c3c
# epoch 2850  H=2.7312 C=2.3098 HO=0.4215  A(t)=348
     16057  <<<<<<<<<<<<<<<<  3c3c3c3c3c3c3c3c3c3c3c3c3c3c3c3c
       409  <<<<<<<<<<<<<<<,  3c3c3c3c3c3c3c3c3c3c3c3c3c3c3c2c
       399  ,,,,,,,,,,,,,,,,  2c2c2c2c2c2c2c2c2c2c2c2c2c2c2c2c
       391  ,<<<<<<<<<<<<<<<  2c3c3c3c3c3c3c3c3c3c3c3c3c3c3c3c
       390  <<<<<<<<<<<<<<,<  3c3c3c3c3c3c3c3c3c3c3c3c3c3c2c3c
       376  <<<<<<<<<<<<<,<<  3c3c3c3c3c3c3c3c3c3c3c3c3c2c3c3c
       374  <,<<<<<<<<<<<<<<  3c2c3c3c3c3c3c3c3c3c3c3c3c3c3c3c
       366  <<,<<<<<<<<<<<<<  3c3c2c3c3c3c3c3c3c3c3c3c3c3c3c3c
       358  <<<,<<<<<<<<<<<<  3c3c3c2c3c3c3c3c3c3c3c3c3c3c3c3c
       357  <<<<,<<<<<<<<<<<  3c3c3c3c2c3c3c3c3c3c3c3c3c3c3c3c
# epoch 2900  H=2.6286 C=2.2318 HO=0.4086  A(t)=353
     16080  <<<<<<<<<<<<<<<<  3c3c3c3c3c3c3c3c3c3c3c3c3c3c3c3c
       609  ,,,,,,,,,,,,,,,,  2c2c2c2c2c2c2c2c2c2c2c2c2c2c2c2c
       389  <<<<<<<<<<<<<<<,  3c3c3c3c3c3c3c3c3c3c3c3c3c3c3c2c
       380  ,<<<<<<<<<<<<<<<  2c3c3c3c3c3c3c3c3c3c3c3c3c3c3c3c
       370  <,<<<<<<<<<<<<<<  3c2c3c3c3c3c3c3c3c3c3c3c3c3c3c3c
       368  <<<<<<<<<<<<<<,<  3c3c3c3c3c3c3c3c3c3c3c3c3c3c2c3c
       364  <<,<<<<<<<<<<<<<  3c3c2c3c3c3c3c3c3c3c3c3c3c3c3c3c
       359  <<<<<<<<<<<,<<<<  3c3c3c3c3c3c3c3c3c3c3c2c3c3c3c3c
       359  <<<,<<<<<<<<<<<<  3c3c3c2c3c3c3c3c3c3c3c3c3c3c3c3c
       355  <<<<,<<<<<<<<<<<  3c3c3c3c2c3c3c3c3c3c3c3c3c3c3c3c
# epoch 2950  H=2.5029 C=2.1549 HO=0.3641  A(t)=354
     17145  <<<<<<<<<<<<<<<<  3c3c3c3c3c3c3c3c3c3c3c3c3c3c3c3c
       589  ,,,,,,,,,,,,,,,,  2c2c2c2c2c2c2c2c2c2c2c2c2c2c2c2c
       419  ,<<<<<<<<<<<<<<<  2c3c3c3c3c3c3c3c3c3c3c3c3c3c3c3c
       418  <<<<<<<<<<<<<<<,  3c3c3c3c3c3c3c3c3c3c3c3c3c3c3c2c
       410  <<<<<<<<<<<<<<,<  3c3c3c3c3c3c3c3c3c3c3c3c3c3c2c3c
       402  <<,<<<<<<<<<<<<<  3c3c2c3c3c3c3c3c3c3c3c3c3c3c3c3c
       400  <,<<<<<<<<<<<<<<  3c2c3c3c3c3c3c3c3c3c3c3c3c3c3c3c
       398  <<<<,<<<<<<<<<<<  3c3c3c3c2c3c3c3c3c3c3c3c3c3c3c3c
       397  <<<,<<<<<<<<<<<<  3c3c3c2c3c3c3c3c3c3c3c3c3c3c3c3c
       395  <<<<<<<<<<<<<,<<  3c3c3c3c3c3c3c3c3c3c3c3c3c2c3c3c
# epoch 3000  H=2.4072 C=2.0947 HO=0.3232  A(t)=355
     15583  <<<<<<<<<<<<<<<<  3c3c3c3c3c3c3c3c3c3c3c3c3c3c3c3c
       491  ,,,,,,,,,,,,,,,,  2c2c2c2c2c2c2c2c2c2c2c2c2c2c2c2c
       452  <<<<<<<<<<<<<<<,  3c3c3c3c3c3c3c3c3c3c3c3c3c3c3c2c
       450  ,<<<<<<<<<<<<<<<  2c3c3c3c3c3c3c3c3c3c3c3c3c3c3c3c
       427  <,<<<<<<<<<<<<<<  3c2c3c3c3c3c3c3c3c3c3c3c3c3c3c3c
       426  <<<<<<<,<<<<<<<<  3c3c3c3c3c3c3c2c3c3c3c3c3c3c3c3c
       425  <<<<<<<<<<,<<<<<  3c3c3c3c3c3c3c3c3c3c2c3c3c3c3c3c
       425  <<,<<<<<<<<<<<<<  3c3c2c3c3c3c3c3c3c3c3c3c3c3c3c3c
       423  <<<<<<<<<,<<<<<<  3c3c3c3c3c3c3c3c3c2c3c3c3c3c3c3c
       422  <<<<<<<<,<<<<<<<  3c3c3c3c3c3c3c3c2c3c3c3c3c3c3c3c
# epoch 3050  H=2.2679 C=1.9589 HO=0.3143  A(t)=356
     18544  <<<<<<<<<<<<<<<<  3c3c3c3c3c3c3c3c3c3c3c3c3c3c3c3c
       501  ,,,,,,,,,,,,,,,,  2c2c2c2c2c2c2c2c2c2c2c2c2c2c2c2c
       433  <<<<<<<<<<<<<<<,  3c3c3c3c3c3c3c3c3c3c3c3c3c3c3c2c
       417  ,<<<<<<<<<<<<<<<  2c3c3c3c3c3c3c3c3c3c3c3c3c3c3c3c
       407  <,<<<<<<<<<<<<<<  3c2c3c3c3c3c3c3c3c3c3c3c3c3c3c3c
       401  <<<<<<<<<<<<<<,<  3c3c3c3c3c3c3c3c3c3c3c3c3c3c2c3c
       393  <<<,<<<<<<<<<<<<  3c3c3c2c3c3c3c3c3c3c3c3c3c3c3c3c
       391  <<<<<,<<<<<<<<<<  3c3c3c3c3c2c3c3c3c3c3c3c3c3c3c3c
       391  <<,<<<<<<<<<<<<<  3c3c2c3c3c3c3c3c3c3c3c3c3c3c3c3c
       384  <<<<<<<<<<<<,<<<  3c3c3c3c3c3c3c3c3c3c3c3c2c3c3c3c
# epoch 3100  H=2.2469 C=1.9680 HO=0.2851  A(t)=356
     16710  <<<<<<<<<<<<<<<<  3c3c3c3c3c3c3c3c3c3c3c3c3c3c3c3c
       437  ,,,,,,,,,,,,,,,,  2c2c2c2c2c2c2c2c2c2c2c2c2c2c2c2c
       429  <<<<<<<<<<<<<<<,  3c3c3c3c3c3c3c3c3c3c3c3c3c3c3c2c
       414  <<<<<<<<<<<<<<,<  3c3c3c3c3c3c3c3c3c3c3c3c3c3c2c3c
       412  ,<<<<<<<<<<<<<<<  2c3c3c3c3c3c3c3c3c3c3c3c3c3c3c3c
       405  <<<<<<<,<<<<<<<<  3c3c3c3c3c3c3c2c3c3c3c3c3c3c3c3c
       399  <<<<,<<<<<<<<<<<  3c3c3c3c2c3c3c3c3c3c3c3c3c3c3c3c
       398  <<<<<<<<<<<<,<<<  3c3c3c3c3c3c3c3c3c3c3c3c2c3c3c3c
       398  <<<<<<,<<<<<<<<<  3c3c3c3c3c3c2c3c3c3c3c3c3c3c3c3c
       397  <<<<<<<<<<<<<,<<  3c3c3c3c3c3c3c3c3c3c3c3c3c2c3c3c
# epoch 3150  H=2.2257 C=1.9692 HO=0.2607  A(t)=356
     16779  <<<<<<<<<<<<<<<<  3c3c3c3c3c3c3c3c3c3c3c3c3c3c3c3c
       472  ,,,,,,,,,,,,,,,,  2c2c2c2c2c2c2c2c2c2c2c2c2c2c2c2c
       395  <<<<<<<<<<<<<<<,  3c3c3c3c3c3c3c3c3c3c3c3c3c3c3c2c
       381  ,<<<<<<<<<<<<<<<  2c3c3c3c3c3c3c3c3c3c3c3c3c3c3c3c
       364  <<<<<<<<<<<<<<,<  3c3c3c3c3c3c3c3c3c3c3c3c3c3c2c3c
       361  <,<<<<<<<<<<<<<<  3c2c3c3c3c3c3c3c3c3c3c3c3c3c3c3c
       351  <<,<<<<<<<<<<<<<  3c3c2c3c3c3c3c3c3c3c3c3c3c3c3c3c
       337  <<<<<<<<<<<<<,<<  3c3c3c3c3c3c3c3c3c3c3c3c3c2c3c3c
       331  <<<,<<<<<<<<<<<<  3c3c3c2c3c3c3c3c3c3c3c3c3c3c3c3c
       323  <<<<<<<<<<<<,<<<  3c3c3c3c3c3c3c3c3c3c3c3c2c3c3c3c
# epoch 3200  H=2.1922 C=1.9274 HO=0.2704  A(t)=356
     17210  <<<<<<<<<<<<<<<<  3c3c3c3c3c3c3c3c3c3c3c3c3c3c3c3c
       652  ,,,,,,,,,,,,,,,,  2c2c2c2c2c2c2c2c2c2c2c2c2c2c2c2c
       398  <<<<<<<<<<<<<<<,  3c3c3c3c3c3c3c3c3c3c3c3c3c3c3c2c
       387  <<<<<<<<<<<<<<,<  3c3c3c3c3c3c3c3c3c3c3c3c3c3c2c3c
       384  <<<<<<<<<<<<<,<<  3c3c3c3c3c3c3c3c3c3c3c3c3c2c3c3c
       375  ,<<<<<<<<<<<<<<<  2c3c3c3c3c3c3c3c3c3c3c3c3c3c3c3c
       374  <<<,<<<<<<<<<<<<  3c3c3c2c3c3c3c3c3c3c3c3c3c3c3c3c
       373  <,<<<<<<<<<<<<<<  3c2c3c3c3c3c3c3c3c3c3c3c3c3c3c3c
       372  <<<<<<<<,<<<<<<<  3c3c3c3c3c3c3c3c2c3c3c3c3c3c3c3c
       369  <<<<<<<,<<<<<<<<  3c3c3c3c3c3c3c2c3c3c3c3c3c3c3c3c
# epoch 3250  H=2.1413 C=1.8992 HO=0.2447  A(t)=356
     16977  <<<<<<<<<<<<<<<<  3c3c3c3c3c3c3c3c3c3c3c3c3c3c3c3c
       651  ,,,,,,,,,,,,,,,,  2c2c2c2c2c2c2c2c2c2c2c2c2c2c2c2c
       407  <<<<<<<<<<<<<<<,  3c3c3c3c3c3c3c3c3c3c3c3c3c3c3c2c
       397  ,<<<<<<<<<<<<<<<  2c3c3c3c3c3c3c3c3c3c3c3c3c3c3c3c
       390  <<<<<<<<<<<<<<,<  3c3c3c3c3c3c3c3c3c3c3c3c3c3c2c3c
       385  <<<,<<<<<<<<<<<<  3c3c3c2c3c3c3c3c3c3c3c3c3c3c3c3c
       385  <,<<<<<<<<<<<<<<  3c2c3c3c3c3c3c3c3c3c3c3c3c3c3c3c
       383  <<,<<<<<<<<<<<<<  3c3c2c3c3c3c3c3c3c3c3c3c3c3c3c3c
       380  <<<<<<<<<<<<<,<<  3c3c3c3c3c3c3c3c3c3c3c3c3c2c3c3c
       377  <<<<<<<<<<<<,<<<  3c3c3c3c3c3c3c3c3c3c3c3c2c3c3c3c
# epoch 3300  H=2.1083 C=1.8888 HO=0.2245  A(t)=356
     16781  <<<<<<<<<<<<<<<<  3c3c3c3c3c3c3c3c3c3c3c3c3c3c3c3c
       455  ,,,,,,,,,,,,,,,,  2c2c2c2c2c2c2c2c2c2c2c2c2c2c2c2c
       428  <<<<<<<<<<<<<<<,  3c3c3c3c3c3c3c3c3c3c3c3c3c3c3c2c
       413  <<<<<<<<<<<<<<,<  3c3c3c3c3c3c3c3c3c3c3c3c3c3c2c3c
       413  ,<<<<<<<<<<<<<<<  2c3c3c3c3c3c3c3c3c3c3c3c3c3c3c3c
       405  <,<<<<<<<<<<<<<<  3c2c3c3c3c3c3c3c3c3c3c3c3c3c3c3c
       397  <<,<<<<<<<<<<<<<  3c3c2c3c3c3c3c3c3c3c3c3c3c3c3c3c
       396  <<<<<<<<<<<<<,<<  3c3c3c3c3c3c3c3c3c3c3c3c3c2c3c3c
       395  <<<<<,<<<<<<<<<<  3c3c3c3c3c2c3c3c3c3c3c3c3c3c3c3c
       395  <<<<,<<<<<<<<<<<  3c3c3c3c2c3c3c3c3c3c3c3c3c3c3c3c
# epoch 3350  H=2.0645 C=1.8376 HO=0.2253  A(t)=356
     17267  <<<<<<<<<<<<<<<<  3c3c3c3c3c3c3c3c3c3c3c3c3c3c3c3c
       768  ,,,,,,,,,,,,,,,,  2c2c2c2c2c2c2c2c2c2c2c2c2c2c2c2c
       422  <<<<<<<<<<<<<<<,  3c3c3c3c3c3c3c3c3c3c3c3c3c3c3c2c
       419  ,<<<<<<<<<<<<<<<  2c3c3c3c3c3c3c3c3c3c3c3c3c3c3c3c
       404  <<<<<<<<<<<<<<,<  3c3c3c3c3c3c3c3c3c3c3c3c3c3c2c3c
       396  <<<,<<<<<<<<<<<<  3c3c3c2c3c3c3c3c3c3c3c3c3c3c3c3c
       396  <,<<<<<<<<<<<<<<  3c2c3c3c3c3c3c3c3c3c3c3c3c3c3c3c
       394  <<<<<<<<<<<<<,<<  3c3c3c3c3c3c3c3c3c3c3c3c3c2c3c3c
       393  <<<<,<<<<<<<<<<<  3c3c3c3c2c3c3c3c3c3c3c3c3c3c3c3c
       393  <<,<<<<<<<<<<<<<  3c3c2c3c3c3c3c3c3c3c3c3c3c3c3c3c
# epoch 3400  H=1.8981 C=1.6947 HO=0.1973  A(t)=356
     19571  <<<<<<<<<<<<<<<<  3c3c3c3c3c3c3c3c3c3c3c3c3c3c3c3c
       523  ,,,,,,,,,,,,,,,,  2c2c2c2c2c2c2c2c2c2c2c2c2c2c2c2c
       436  <<<<<<<<<<<<<<<,  3c3c3c3c3c3c3c3c3c3c3c3c3c3c3c2c
       435  ,<<<<<<<<<<<<<<<  2c3c3c3c3c3c3c3c3c3c3c3c3c3c3c3c
       419  <,<<<<<<<<<<<<<<  3c2c3c3c3c3c3c3c3c3c3c3c3c3c3c3c
       415  <<<<<<<<<<<<<,<<  3c3c3c3c3c3c3c3c3c3c3c3c3c2c3c3c
       413  <<<<<<<<<<<<<<,<  3c3c3c3c3c3c3c3c3c3c3c3c3c3c2c3c
       413  <<,<<<<<<<<<<<<<  3c3c2c3c3c3c3c3c3c3c3c3c3c3c3c3c
       405  <<<<<<<<<<<<,<<<  3c3c3c3c3c3c3c3c3c3c3c3c2c3c3c3c
       403  <<<,<<<<<<<<<<<<  3c3c3c2c3c3c3c3c3c3c3c3c3c3c3c3c
# epoch 3450  H=1.8669 C=1.6676 HO=0.1934  A(t)=356
     18392  <<<<<<<<<<<<<<<<  3c3c3c3c3c3c3c3c3c3c3c3c3c3c3c3c
       600  ,,,,,,,,,,,,,,,,  2c2c2c2c2c2c2c2c2c2c2c2c2c2c2c2c
       446  <<<<<<<<<<<<<<<,  3c3c3c3c3c3c3c3c3c3c3c3c3c3c3c2c
       433  ,<<<<<<<<<<<<<<<  2c3c3c3c3c3c3c3c3c3c3c3c3c3c3c3c
       428  <<<<<<<<<<<<<<,<  3c3c3c3c3c3c3c3c3c3c3c3c3c3c2c3c
       422  <,<<<<<<<<<<<<<<  3c2c3c3c3c3c3c3c3c3c3c3c3c3c3c3c
       421  <<<<<<<<<<<<<,<<  3c3c3c3c3c3c3c3c3c3c3c3c3c2c3c3c
       418  <<,<<<<<<<<<<<<<  3c3c2c3c3c3c3c3c3c3c3c3c3c3c3c3c
       416  <<<<<<<<<<<<,<<<  3c3c3c3c3c3c3c3c3c3c3c3c2c3c3c3c
       409  <<<<<<<<<<<,<<<<  3c3c3c3c3c3c3c3c3c3c3c2c3c3c3c3c
# epoch 3500  H=1.8529 C=1.6559 HO=0.1864  A(t)=356
     18892  <<<<<<<<<<<<<<<<  3c3c3c3c3c3c3c3c3c3c3c3c3c3c3c3c
       471  <<<<<<<<<<<<<<<,  3c3c3c3c3c3c3c3c3c3c3c3c3c3c3c2c
       468  ,,,,,,,,,,,,,,,,  2c2c2c2c2c2c2c2c2c2c2c2c2c2c2c2c
       458  <<<<<<<<<<<<<<,<  3c3c3c3c3c3c3c3c3c3c3c3c3c3c2c3c
       447  ,<<<<<<<<<<<<<<<  2c3c3c3c3c3c3c3c3c3c3c3c3c3c3c3c
       443  <<<<<<<<<<<<<,<<  3c3c3c3c3c3c3c3c3c3c3c3c3c2c3c3c
       441  <,<<<<<<<<<<<<<<  3c2c3c3c3c3c3c3c3c3c3c3c3c3c3c3c
       433  <<,<<<<<<<<<<<<<  3c3c2c3c3c3c3c3c3c3c3c3c3c3c3c3c
       431  <<<<<<<<<<<<,<<<  3c3c3c3c3c3c3c3c3c3c3c3c2c3c3c3c
       419  <<<<<<<<<<<,<<<<  3c3c3c3c3c3c3c3c3c3c3c2c3c3c3c3c
# epoch 3550  H=1.6895 C=1.5251 HO=0.1528  A(t)=356
     20988  <<<<<<<<<<<<<<<<  3c3c3c3c3c3c3c3c3c3c3c3c3c3c3c3c
       739  ,,,,,,,,,,,,,,,,  2c2c2c2c2c2c2c2c2c2c2c2c2c2c2c2c
       473  <<<<<<<<<<<<<<<,  3c3c3c3c3c3c3c3c3c3c3c3c3c3c3c2c
       447  <<<<<<<<<<<<<<,<  3c3c3c3c3c3c3c3c3c3c3c3c3c3c2c3c
       438  <<<<<<<<<<<<<,<<  3c3c3c3c3c3c3c3c3c3c3c3c3c2c3c3c
       432  ,<<<<<<<<<<<<<<<  2c3c3c3c3c3c3c3c3c3c3c3c3c3c3c3c
       421  <<<<<<<<<<<<,<<<  3c3c3c3c3c3c3c3c3c3c3c3c2c3c3c3c
       420  <,<<<<<<<<<<<<<<  3c2c3c3c3c3c3c3c3c3c3c3c3c3c3c3c
       414  <<<<<<<,<<<<<<<<  3c3c3c3c3c3c3c2c3c3c3c3c3c3c3c3c
       413  <<<<<<<<<<<,<<<<  3c3c3c3c3c3c3c3c3c3c3c2c3c3c3c3c
# epoch 3600  H=1.5869 C=1.4453 HO=0.1186  A(t)=356
     20410  <<<<<<<<<<<<<<<<  3c3c3c3c3c3c3c3c3c3c3c3c3c3c3c3c
       599  ,,,,,,,,,,,,,,,,  2c2c2c2c2c2c2c2c2c2c2c2c2c2c2c2c
       519  <<<<<<<<<<<<<<<,  3c3c3c3c3c3c3c3c3c3c3c3c3c3c3c2c
       500  <<<<<<<<<<<<<<,<  3c3c3c3c3c3c3c3c3c3c3c3c3c3c2c3c
       499  ,<<<<<<<<<<<<<<<  2c3c3c3c3c3c3c3c3c3c3c3c3c3c3c3c
       490  <,<<<<<<<<<<<<<<  3c2c3c3c3c3c3c3c3c3c3c3c3c3c3c3c
       488  <<<<<<<<<<<<<,<<  3c3c3c3c3c3c3c3c3c3c3c3c3c2c3c3c
       484  <<,<<<<<<<<<<<<<  3c3c2c3c3c3c3c3c3c3c3c3c3c3c3c3c
       472  <<<,<<<<<<<<<<<<  3c3c3c2c3c3c3c3c3c3c3c3c3c3c3c3c
       468  <<<<<<<<<<<<,<<<  3c3c3c3c3c3c3c3c3c3c3c3c2c3c3c3c
# epoch 3650  H=1.5483 C=1.3945 HO=0.1303  A(t)=356
     19654  <<<<<<<<<<<<<<<<  3c3c3c3c3c3c3c3c3c3c3c3c3c3c3c3c
      1185  ,,,,,,,,,,,,,,,,  2c2c2c2c2c2c2c2c2c2c2c2c2c2c2c2c
       470  <,<<<<<<<<<<<<<<  3c2c3c3c3c3c3c3c3c3c3c3c3c3c3c3c
       463  <<<<<<<<<<<<<<<,  3c3c3c3c3c3c3c3c3c3c3c3c3c3c3c2c
       462  ,<<<<<<<<<<<<<<<  2c3c3c3c3c3c3c3c3c3c3c3c3c3c3c3c
       458  <<,<<<<<<<<<<<<<  3c3c2c3c3c3c3c3c3c3c3c3c3c3c3c3c
       449  <<<<<<<<<<<<<<,<  3c3c3c3c3c3c3c3c3c3c3c3c3c3c2c3c
       445  <<<,<<<<<<<<<<<<  3c3c3c2c3c3c3c3c3c3c3c3c3c3c3c3c
       444  <<<<,<<<<<<<<<<<  3c3c3c3c2c3c3c3c3c3c3c3c3c3c3c3c
       439  <<<<<<<<<<,<<<<<  3c3c3c3c3c3c3c3c3c3c2c3c3c3c3c3c
# epoch 3700  H=1.5346 C=1.3805 HO=0.1351  A(t)=356
     19777  <<<<<<<<<<<<<<<<  3c3c3c3c3c3c3c3c3c3c3c3c3c3c3c3c
       558  ,,,,,,,,,,,,,,,,  2c2c2c2c2c2c2c2c2c2c2c2c2c2c2c2c
       481  <<<<<<<<<<<<<<<,  3c3c3c3c3c3c3c3c3c3c3c3c3c3c3c2c
       476  ,<<<<<<<<<<<<<<<  2c3c3c3c3c3c3c3c3c3c3c3c3c3c3c3c
       466  <,<<<<<<<<<<<<<<  3c2c3c3c3c3c3c3c3c3c3c3c3c3c3c3c
       458  <<,<<<<<<<<<<<<<  3c3c2c3c3c3c3c3c3c3c3c3c3c3c3c3c
       454  <<<<<<<<<<<<<<,<  3c3c3c3c3c3c3c3c3c3c3c3c3c3c2c3c
       450  <<<,<<<<<<<<<<<<  3c3c3c2c3c3c3c3c3c3c3c3c3c3c3c3c
       433  <<<<<<<<<<<<<,<<  3c3c3c3c3c3c3c3c3c3c3c3c3c2c3c3c
       432  <<<<,<<<<<<<<<<<  3c3c3c3c2c3c3c3c3c3c3c3c3c3c3c3c
# epoch 3750  H=1.4288 C=1.3208 HO=0.0852  A(t)=356
     20195  <<<<<<<<<<<<<<<<  3c3c3c3c3c3c3c3c3c3c3c3c3c3c3c3c
       501  <<<<<<<<<<<<<<<,  3c3c3c3c3c3c3c3c3c3c3c3c3c3c3c2c
       484  <<<<<<<<<<<<<<,<  3c3c3c3c3c3c3c3c3c3c3c3c3c3c2c3c
       481  ,<<<<<<<<<<<<<<<  2c3c3c3c3c3c3c3c3c3c3c3c3c3c3c3c
       475  <,<<<<<<<<<<<<<<  3c2c3c3c3c3c3c3c3c3c3c3c3c3c3c3c
       469  ,,,,,,,,,,,,,,,,  2c2c2c2c2c2c2c2c2c2c2c2c2c2c2c2c
       466  <<<<<<<<<<<<<,<<  3c3c3c3c3c3c3c3c3c3c3c3c3c2c3c3c
       464  <<<<<<<<<<<<,<<<  3c3c3c3c3c3c3c3c3c3c3c3c2c3c3c3c
       459  <<<<,<<<<<<<<<<<  3c3c3c3c2c3c3c3c3c3c3c3c3c3c3c3c
       458  <<<,<<<<<<<<<<<<  3c3c3c2c3c3c3c3c3c3c3c3c3c3c3c3c
# epoch 3800  H=1.3730 C=1.2584 HO=0.0837  A(t)=356
     21578  <<<<<<<<<<<<<<<<  3c3c3c3c3c3c3c3c3c3c3c3c3c3c3c3c
       546  ,<<<<<<<<<<<<<<<  2c3c3c3c3c3c3c3c3c3c3c3c3c3c3c3c
       542  <<<<<<<<<<<<<<<,  3c3c3c3c3c3c3c3c3c3c3c3c3c3c3c2c
       528  <,<<<<<<<<<<<<<<  3c2c3c3c3c3c3c3c3c3c3c3c3c3c3c3c
       514  <<<<<<<<<<<<<<,<  3c3c3c3c3c3c3c3c3c3c3c3c3c3c2c3c
       509  <<,<<<<<<<<<<<<<  3c3c2c3c3c3c3c3c3c3c3c3c3c3c3c3c
       507  <<<<<<<<<<<<,<<<  3c3c3c3c3c3c3c3c3c3c3c3c2c3c3c3c
       505  <<<<<<<<<<,<<<<<  3c3c3c3c3c3c3c3c3c3c2c3c3c3c3c3c
       505  <<<<<,<<<<<<<<<<  3c3c3c3c3c2c3c3c3c3c3c3c3c3c3c3c
       501  <<<<<<<<<<<<<,<<  3c3c3c3c3c3c3c3c3c3c3c3c3c2c3c3c
# epoch 3850  H=1.4386 C=1.3073 HO=0.1013  A(t)=356
     20324  <<<<<<<<<<<<<<<<  3c3c3c3c3c3c3c3c3c3c3c3c3c3c3c3c
       705  ,,,,,,,,,,,,,,,,  2c2c2c2c2c2c2c2c2c2c2c2c2c2c2c2c
       531  <<<<<<<<<<<<<<<,  3c3c3c3c3c3c3c3c3c3c3c3c3c3c3c2c
       517  ,<<<<<<<<<<<<<<<  2c3c3c3c3c3c3c3c3c3c3c3c3c3c3c3c
       496  <,<<<<<<<<<<<<<<  3c2c3c3c3c3c3c3c3c3c3c3c3c3c3c3c
       495  <<<<<<<<<<<<<<,<  3c3c3c3c3c3c3c3c3c3c3c3c3c3c2c3c
       479  <<<<<<<<<<<<<,<<  3c3c3c3c3c3c3c3c3c3c3c3c3c2c3c3c
       477  <<<<<<<<<<<<,<<<  3c3c3c3c3c3c3c3c3c3c3c3c2c3c3c3c
       472  <<,<<<<<<<<<<<<<  3c3c2c3c3c3c3c3c3c3c3c3c3c3c3c3c
       461  <<<<<<<<<<<,<<<<  3c3c3c3c3c3c3c3c3c3c3c2c3c3c3c3c
# epoch 3900  H=1.3412 C=1.2244 HO=0.0778  A(t)=356
     19666  <<<<<<<<<<<<<<<<  3c3c3c3c3c3c3c3c3c3c3c3c3c3c3c3c
      1046  ,,,,,,,,,,,,,,,,  2c2c2c2c2c2c2c2c2c2c2c2c2c2c2c2c
       527  <<<<<<<<<<<<<<<,  3c3c3c3c3c3c3c3c3c3c3c3c3c3c3c2c
       508  ,<<<<<<<<<<<<<<<  2c3c3c3c3c3c3c3c3c3c3c3c3c3c3c3c
       504  <<<<<<<<<<<<<<,<  3c3c3c3c3c3c3c3c3c3c3c3c3c3c2c3c
       499  <<,<<<<<<<<<<<<<  3c3c2c3c3c3c3c3c3c3c3c3c3c3c3c3c
       494  <,<<<<<<<<<<<<<<  3c2c3c3c3c3c3c3c3c3c3c3c3c3c3c3c
       491  <<<,<<<<<<<<<<<<  3c3c3c2c3c3c3c3c3c3c3c3c3c3c3c3c
       487  <<<<,<<<<<<<<<<<  3c3c3c3c2c3c3c3c3c3c3c3c3c3c3c3c
       484  <<<<<<<<<<<<<,<<  3c3c3c3c3c3c3c3c3c3c3c3c3c2c3c3c
# epoch 3950  H=1.1043 C=1.0708 HO=-0.0037  A(t)=356
     22619  <<<<<<<<<<<<<<<<  3c3c3c3c3c3c3c3c3c3c3c3c3c3c3c3c
       843  ,,,,,,,,,,,,,,,,  2c2c2c2c2c2c2c2c2c2c2c2c2c2c2c2c
       553  <<<<<<<<<<<<<<<,  3c3c3c3c3c3c3c3c3c3c3c3c3c3c3c2c
       541  <<<<<<<<<<<<<<,<  3c3c3c3c3c3c3c3c3c3c3c3c3c3c2c3c
       539  ,<<<<<<<<<<<<<<<  2c3c3c3c3c3c3c3c3c3c3c3c3c3c3c3c
       525  <,<<<<<<<<<<<<<<  3c2c3c3c3c3c3c3c3c3c3c3c3c3c3c3c
       507  <<,<<<<<<<<<<<<<  3c3c2c3c3c3c3c3c3c3c3c3c3c3c3c3c
       502  <<<<<<<<<<<<<,<<  3c3c3c3c3c3c3c3c3c3c3c3c3c2c3c3c
       484  <<<<<<<<<<<<,<<<  3c3c3c3c3c3c3c3c3c3c3c3c2c3c3c3c
       481  <<<,<<<<<<<<<<<<  3c3c3c2c3c3c3c3c3c3c3c3c3c3c3c3c
# epoch 4000  H=1.0245 C=0.9977 HO=-0.0251  A(t)=356
     22995  <<<<<<<<<<<<<<<<  3c3c3c3c3c3c3c3c3c3c3c3c3c3c3c3c
       743  ,,,,,,,,,,,,,,,,  2c2c2c2c2c2c2c2c2c2c2c2c2c2c2c2c
       547  <<<<<<<<<<<<<<<,  3c3c3c3c3c3c3c3c3c3c3c3c3c3c3c2c
       522  ,<<<<<<<<<<<<<<<  2c3c3c3c3c3c3c3c3c3c3c3c3c3c3c3c
       512  <<<<<<<,<<<<<<<<  3c3c3c3c3c3c3c2c3c3c3c3c3c3c3c3c
       509  <<<<<<<<<<<<<<,<  3c3c3c3c3c3c3c3c3c3c3c3c3c3c2c3c
       508  <,<<<<<<<<<<<<<<  3c2c3c3c3c3c3c3c3c3c3c3c3c3c3c3c
       505  <<<<<<,<<<<<<<<<  3c3c3c3c3c3c2c3c3c3c3c3c3c3c3c3c
       504  <<<<<<<<,<<<<<<<  3c3c3c3c3c3c3c3c2c3c3c3c3c3c3c3c
       501  <<,<<<<<<<<<<<<<  3c3c2c3c3c3c3c3c3c3c3c3c3c3c3c3c
# epoch 4050  H=1.0068 C=0.9923 HO=-0.0396  A(t)=356
     22139  <<<<<<<<<<<<<<<<  3c3c3c3c3c3c3c3c3c3c3c3c3c3c3c3c
       840  ,,,,,,,,,,,,,,,,  2c2c2c2c2c2c2c2c2c2c2c2c2c2c2c2c
       569  <<<<<<<<<<<<<<<,  3c3c3c3c3c3c3c3c3c3c3c3c3c3c3c2c
       551  ,<<<<<<<<<<<<<<<  2c3c3c3c3c3c3c3c3c3c3c3c3c3c3c3c
       531  <<<<<<<<<<<<<<,<  3c3c3c3c3c3c3c3c3c3c3c3c3c3c2c3c
       524  <,<<<<<<<<<<<<<<  3c2c3c3c3c3c3c3c3c3c3c3c3c3c3c3c
       513  <<,<<<<<<<<<<<<<  3c3c2c3c3c3c3c3c3c3c3c3c3c3c3c3c
       496  <<<<<<<<<<<<<,<<  3c3c3c3c3c3c3c3c3c3c3c3c3c2c3c3c
       494  <<<,<<<<<<<<<<<<  3c3c3c2c3c3c3c3c3c3c3c3c3c3c3c3c
       483  <<<<<<<<<<<<,<<<  3c3c3c3c3c3c3c3c3c3c3c3c2c3c3c3c
# epoch 4100  H=1.0145 C=1.0071 HO=-0.0393  A(t)=356
     22682  <<<<<<<<<<<<<<<<  3c3c3c3c3c3c3c3c3c3c3c3c3c3c3c3c
       553  ,,,,,,,,,,,,,,,,  2c2c2c2c2c2c2c2c2c2c2c2c2c2c2c2c
       552  <<<<<<<<<<<<<<<,  3c3c3c3c3c3c3c3c3c3c3c3c3c3c3c2c
       539  ,<<<<<<<<<<<<<<<  2c3c3c3c3c3c3c3c3c3c3c3c3c3c3c3c
       510  <<<<<<<<<<<<<<,<  3c3c3c3c3c3c3c3c3c3c3c3c3c3c2c3c
       497  <,<<<<<<<<<<<<<<  3c2c3c3c3c3c3c3c3c3c3c3c3c3c3c3c
       494  <<,<<<<<<<<<<<<<  3c3c2c3c3c3c3c3c3c3c3c3c3c3c3c3c
       488  <<<<<<<<<<<<<,<<  3c3c3c3c3c3c3c3c3c3c3c3c3c2c3c3c
       488  <<<,<<<<<<<<<<<<  3c3c3c2c3c3c3c3c3c3c3c3c3c3c3c3c
       483  <<<<<<,<<<<<<<<<  3c3c3c3c3c3c2c3c3c3c3c3c3c3c3c3c
# epoch 4150  H=0.9891 C=0.9637 HO=-0.0237  A(t)=356
     23316  <<<<<<<<<<<<<<<<  3c3c3c3c3c3c3c3c3c3c3c3c3c3c3c3c
       957  ,,,,,,,,,,,,,,,,  2c2c2c2c2c2c2c2c2c2c2c2c2c2c2c2c
       610  <<<<<<<<<<<<<<<,  3c3c3c3c3c3c3c3c3c3c3c3c3c3c3c2c
       593  ,<<<<<<<<<<<<<<<  2c3c3c3c3c3c3c3c3c3c3c3c3c3c3c3c
       585  <<<<<<<<<<<<<<,<  3c3c3c3c3c3c3c3c3c3c3c3c3c3c2c3c
       584  <<,<<<<<<<<<<<<<  3c3c2c3c3c3c3c3c3c3c3c3c3c3c3c3c
       581  <,<<<<<<<<<<<<<<  3c2c3c3c3c3c3c3c3c3c3c3c3c3c3c3c
       578  <<<<<<<<<<<<<,<<  3c3c3c3c3c3c3c3c3c3c3c3c3c2c3c3c
       575  <<<,<<<<<<<<<<<<  3c3c3c2c3c3c3c3c3c3c3c3c3c3c3c3c
       567  <<<<<,<<<<<<<<<<  3c3c3c3c3c2c3c3c3c3c3c3c3c3c3c3c
# epoch 4200  H=0.9695 C=0.9775 HO=-0.0572  A(t)=356
     22242  <<<<<<<<<<<<<<<<  3c3c3c3c3c3c3c3c3c3c3c3c3c3c3c3c
       870  ,,,,,,,,,,,,,,,,  2c2c2c2c2c2c2c2c2c2c2c2c2c2c2c2c
       617  <<<<<<<<<<<<<<<,  3c3c3c3c3c3c3c3c3c3c3c3c3c3c3c2c
       603  ,<<<<<<<<<<<<<<<  2c3c3c3c3c3c3c3c3c3c3c3c3c3c3c3c
       602  <<<<<<<<<<<<<<,<  3c3c3c3c3c3c3c3c3c3c3c3c3c3c2c3c
       588  <,<<<<<<<<<<<<<<  3c2c3c3c3c3c3c3c3c3c3c3c3c3c3c3c
       586  <<<<<<<<<<<<<,<<  3c3c3c3c3c3c3c3c3c3c3c3c3c2c3c3c
       574  <<,<<<<<<<<<<<<<  3c3c2c3c3c3c3c3c3c3c3c3c3c3c3c3c
       569  <<<<<<<<<<<<,<<<  3c3c3c3c3c3c3c3c3c3c3c3c2c3c3c3c
       569  <<<<<<<<,<<<<<<<  3c3c3c3c3c3c3c3c2c3c3c3c3c3c3c3c
# epoch 4250  H=1.0181 C=0.9979 HO=-0.0287  A(t)=356
     22448  <<<<<<<<<<<<<<<<  3c3c3c3c3c3c3c3c3c3c3c3c3c3c3c3c
      1148  ,,,,,,,,,,,,,,,,  2c2c2c2c2c2c2c2c2c2c2c2c2c2c2c2c
       531  <<<<<<<<<<<<<<<,  3c3c3c3c3c3c3c3c3c3c3c3c3c3c3c2c
       526  ,<<<<<<<<<<<<<<<  2c3c3c3c3c3c3c3c3c3c3c3c3c3c3c3c
       517  <,<<<<<<<<<<<<<<  3c2c3c3c3c3c3c3c3c3c3c3c3c3c3c3c
       514  <<<<<<<<<<<<<<,<  3c3c3c3c3c3c3c3c3c3c3c3c3c3c2c3c
       502  <<,<<<<<<<<<<<<<  3c3c2c3c3c3c3c3c3c3c3c3c3c3c3c3c
       499  <<<<<<<<<<<<<,<<  3c3c3c3c3c3c3c3c3c3c3c3c3c2c3c3c
       484  <<<,<<<<<<<<<<<<  3c3c3c2c3c3c3c3c3c3c3c3c3c3c3c3c
       483  <<<<<<<<<<<<,<<<  3c3c3c3c3c3c3c3c3c3c3c3c2c3c3c3c
# epoch 4300  H=0.9767 C=0.9962 HO=-0.0665  A(t)=356
     23579  <<<<<<<<<<<<<<<<  3c3c3c3c3c3c3c3c3c3c3c3c3c3c3c3c
       595  <<<<<<<<<<<<<<<,  3c3c3c3c3c3c3c3c3c3c3c3c3c3c3c2c
       570  ,<<<<<<<<<<<<<<<  2c3c3c3c3c3c3c3c3c3c3c3c3c3c3c3c
       552  <,<<<<<<<<<<<<<<  3c2c3c3c3c3c3c3c3c3c3c3c3c3c3c3c
       545  <<<<<<<<<<<<<<,<  3c3c3c3c3c3c3c3c3c3c3c3c3c3c2c3c
       541  <<,<<<<<<<<<<<<<  3c3c2c3c3c3c3c3c3c3c3c3c3c3c3c3c
       527  <<<<<<,<<<<<<<<<  3c3c3c3c3c3c2c3c3c3c3c3c3c3c3c3c
       524  <<<<<,<<<<<<<<<<  3c3c3c3c3c2c3c3c3c3c3c3c3c3c3c3c
       524  <<<,<<<<<<<<<<<<  3c3c3c2c3c3c3c3c3c3c3c3c3c3c3c3c
       523  <<<<<<<<<<<<<,<<  3c3c3c3c3c3c3c3c3c3c3c3c3c2c3c3c
# epoch 4350  H=0.9814 C=1.0049 HO=-0.0662  A(t)=356
     23274  <<<<<<<<<<<<<<<<  3c3c3c3c3c3c3c3c3c3c3c3c3c3c3c3c
       590  ,<<<<<<<<<<<<<<<  2c3c3c3c3c3c3c3c3c3c3c3c3c3c3c3c
       586  <<<<<<<<<<<<<<<,  3c3c3c3c3c3c3c3c3c3c3c3c3c3c3c2c
       573  <<<<<<<<<<<<<<,<  3c3c3c3c3c3c3c3c3c3c3c3c3c3c2c3c
       573  <,<<<<<<<<<<<<<<  3c2c3c3c3c3c3c3c3c3c3c3c3c3c3c3c
       569  <<,<<<<<<<<<<<<<  3c3c2c3c3c3c3c3c3c3c3c3c3c3c3c3c
       564  <<<<<<<,<<<<<<<<  3c3c3c3c3c3c3c2c3c3c3c3c3c3c3c3c
       564  <<<<<<,<<<<<<<<<  3c3c3c3c3c3c2c3c3c3c3c3c3c3c3c3c
       562  <<<<<,<<<<<<<<<<  3c3c3c3c3c2c3c3c3c3c3c3c3c3c3c3c
       560  <<<,<<<<<<<<<<<<  3c3c3c2c3c3c3c3c3c3c3c3c3c3c3c3c
# epoch 4400  H=1.0967 C=1.0953 HO=-0.0402  A(t)=356
     20790  <<<<<<<<<<<<<<<<  3c3c3c3c3c3c3c3c3c3c3c3c3c3c3c3c
       525  <<<<,<<<<<<<<<<<  3c3c3c3c2c3c3c3c3c3c3c3c3c3c3c3c
       518  <<<<<<<<<<<<<<<,  3c3c3c3c3c3c3c3c3c3c3c3c3c3c3c2c
       513  <<<<<<,<<<<<<<<<  3c3c3c3c3c3c2c3c3c3c3c3c3c3c3c3c
       513  <<<<<,<<<<<<<<<<  3c3c3c3c3c2c3c3c3c3c3c3c3c3c3c3c
       511  <<<<<<<<<<<<<<,<  3c3c3c3c3c3c3c3c3c3c3c3c3c3c2c3c
       511  <<<<<<<,<<<<<<<<  3c3c3c3c3c3c3c2c3c3c3c3c3c3c3c3c
       510  ,<<<<<<<<<<<<<<<  2c3c3c3c3c3c3c3c3c3c3c3c3c3c3c3c
       509  <,<<<<<<<<<<<<<<  3c2c3c3c3c3c3c3c3c3c3c3c3c3c3c3c
       509  ,,,,,,,,,,,,,,,,  2c2c2c2c2c2c2c2c2c2c2c2c2c2c2c2c
# epoch 4450  H=1.0886 C=1.0752 HO=-0.0324  A(t)=356
     21559  <<<<<<<<<<<<<<<<  3c3c3c3c3c3c3c3c3c3c3c3c3c3c3c3c
       661  ,,,,,,,,,,,,,,,,  2c2c2c2c2c2c2c2c2c2c2c2c2c2c2c2c
       570  <<<<<<<<<<<<<<<,  3c3c3c3c3c3c3c3c3c3c3c3c3c3c3c2c
       554  ,<<<<<<<<<<<<<<<  2c3c3c3c3c3c3c3c3c3c3c3c3c3c3c3c
       548  <<<<<<<<<<<<<<,<  3c3c3c3c3c3c3c3c3c3c3c3c3c3c2c3c
       544  <,<<<<<<<<<<<<<<  3c2c3c3c3c3c3c3c3c3c3c3c3c3c3c3c
       541  <<,<<<<<<<<<<<<<  3c3c2c3c3c3c3c3c3c3c3c3c3c3c3c3c
       537  <<<<<<<<<<<<<,<<  3c3c3c3c3c3c3c3c3c3c3c3c3c2c3c3c
       526  <<<<<<<,<<<<<<<<  3c3c3c3c3c3c3c2c3c3c3c3c3c3c3c3c
       519  <<<<<<,<<<<<<<<<  3c3c3c3c3c3c2c3c3c3c3c3c3c3c3c3c
# epoch 4500  H=1.1336 C=1.0660 HO=0.0204  A(t)=356
     21758  <<<<<<<<<<<<<<<<  3c3c3c3c3c3c3c3c3c3c3c3c3c3c3c3c
      1153  ,,,,,,,,,,,,,,,,  2c2c2c2c2c2c2c2c2c2c2c2c2c2c2c2c
       494  <<<<<<<<<<<<<<<,  3c3c3c3c3c3c3c3c3c3c3c3c3c3c3c2c
       479  ,<<<<<<<<<<<<<<<  2c3c3c3c3c3c3c3c3c3c3c3c3c3c3c3c
       472  <,<<<<<<<<<<<<<<  3c2c3c3c3c3c3c3c3c3c3c3c3c3c3c3c
       463  <<,<<<<<<<<<<<<<  3c3c2c3c3c3c3c3c3c3c3c3c3c3c3c3c
       458  <<<<<<<<<<<<<<,<  3c3c3c3c3c3c3c3c3c3c3c3c3c3c2c3c
       456  <<<<,<<<<<<<<<<<  3c3c3c3c2c3c3c3c3c3c3c3c3c3c3c3c
       454  <<<,<<<<<<<<<<<<  3c3c3c2c3c3c3c3c3c3c3c3c3c3c3c3c
       450  <<<<<<<,<<<<<<<<  3c3c3c3c3c3c3c2c3c3c3c3c3c3c3c3c
# epoch 4550  H=1.2883 C=1.2231 HO=0.0294  A(t)=356
     20067  <<<<<<<<<<<<<<<<  3c3c3c3c3c3c3c3c3c3c3c3c3c3c3c3c
       835  ,,,,,,,,,,,,,,,,  2c2c2c2c2c2c2c2c2c2c2c2c2c2c2c2c
       484  <<<<<<<<<<<<<<<,  3c3c3c3c3c3c3c3c3c3c3c3c3c3c3c2c
       479  <<<<<<<<,<<<<<<<  3c3c3c3c3c3c3c3c2c3c3c3c3c3c3c3c
       479  ,<<<<<<<<<<<<<<<  2c3c3c3c3c3c3c3c3c3c3c3c3c3c3c3c
       478  <<<<<<<,<<<<<<<<  3c3c3c3c3c3c3c2c3c3c3c3c3c3c3c3c
       473  <<<<<<<<<<<<,<<<  3c3c3c3c3c3c3c3c3c3c3c3c2c3c3c3c
       470  <<<,<<<<<<<<<<<<  3c3c3c2c3c3c3c3c3c3c3c3c3c3c3c3c
       468  <,<<<<<<<<<<<<<<  3c2c3c3c3c3c3c3c3c3c3c3c3c3c3c3c
       467  <<<<<<<<<<<<<<,<  3c3c3c3c3c3c3c3c3c3c3c3c3c3c2c3c
# epoch 4600  H=1.2134 C=1.1921 HO=-0.0065  A(t)=356
     20954  <<<<<<<<<<<<<<<<  3c3c3c3c3c3c3c3c3c3c3c3c3c3c3c3c
       649  ,,,,,,,,,,,,,,,,  2c2c2c2c2c2c2c2c2c2c2c2c2c2c2c2c
       554  <<<<<<<<<<<<<<<,  3c3c3c3c3c3c3c3c3c3c3c3c3c3c3c2c
       534  <<<<<<<<<<<<<<,<  3c3c3c3c3c3c3c3c3c3c3c3c3c3c2c3c
       534  ,<<<<<<<<<<<<<<<  2c3c3c3c3c3c3c3c3c3c3c3c3c3c3c3c
       523  <,<<<<<<<<<<<<<<  3c2c3c3c3c3c3c3c3c3c3c3c3c3c3c3c
       512  <<,<<<<<<<<<<<<<  3c3c2c3c3c3c3c3c3c3c3c3c3c3c3c3c
       511  <<<<<<<<<<<<<,<<  3c3c3c3c3c3c3c3c3c3c3c3c3c2c3c3c
       509  <<<,<<<<<<<<<<<<  3c3c3c2c3c3c3c3c3c3c3c3c3c3c3c3c
       508  <<<<<,<<<<<<<<<<  3c3c3c3c3c2c3c3c3c3c3c3c3c3c3c3c
# epoch 4650  H=1.2498 C=1.1715 HO=0.0442  A(t)=356
     20863  <<<<<<<<<<<<<<<<  3c3c3c3c3c3c3c3c3c3c3c3c3c3c3c3c
       662  ,,,,,,,,,,,,,,,,  2c2c2c2c2c2c2c2c2c2c2c2c2c2c2c2c
       483  <<<<<<<<<<<<<<<,  3c3c3c3c3c3c3c3c3c3c3c3c3c3c3c2c
       456  <<<<<<<<<<<<<<,<  3c3c3c3c3c3c3c3c3c3c3c3c3c3c2c3c
       447  ,<<<<<<<<<<<<<<<  2c3c3c3c3c3c3c3c3c3c3c3c3c3c3c3c
       443  <<<<<<<<<<,<<<<<  3c3c3c3c3c3c3c3c3c3c2c3c3c3c3c3c
       435  <<<<<<<<<<<<<,<<  3c3c3c3c3c3c3c3c3c3c3c3c3c2c3c3c
       434  <<<<<<<<<<<,<<<<  3c3c3c3c3c3c3c3c3c3c3c2c3c3c3c3c
       432  <<<<<<<<<,<<<<<<  3c3c3c3c3c3c3c3c3c2c3c3c3c3c3c3c
       432  <<<<<<<<,<<<<<<<  3c3c3c3c3c3c3c3c2c3c3c3c3c3c3c3c
# epoch 4700  H=1.3042 C=1.2107 HO=0.0592  A(t)=356
     18631  <<<<<<<<<<<<<<<<  3c3c3c3c3c3c3c3c3c3c3c3c3c3c3c3c
       891  ,,,,,,,,,,,,,,,,  2c2c2c2c2c2c2c2c2c2c2c2c2c2c2c2c
       475  <<<<<<<<<<<<<<<,  3c3c3c3c3c3c3c3c3c3c3c3c3c3c3c2c
       461  <<<<<<<<<<<<<,<<  3c3c3c3c3c3c3c3c3c3c3c3c3c2c3c3c
       460  <<<<<<<<<<<<,<<<  3c3c3c3c3c3c3c3c3c3c3c3c2c3c3c3c
       458  <<<<<<<<<,<<<<<<  3c3c3c3c3c3c3c3c3c2c3c3c3c3c3c3c
       457  ,<<<<<<<<<<<<<<<  2c3c3c3c3c3c3c3c3c3c3c3c3c3c3c3c
       456  <<<<<<<<<<,<<<<<  3c3c3c3c3c3c3c3c3c3c2c3c3c3c3c3c
       453  <<<<<<<<<<<<<<,<  3c3c3c3c3c3c3c3c3c3c3c3c3c3c2c3c
       453  <<<<<<,<<<<<<<<<  3c3c3c3c3c3c2c3c3c3c3c3c3c3c3c3c
# epoch 4750  H=1.1656 C=1.1052 HO=0.0204  A(t)=356
     20186  <<<<<<<<<<<<<<<<  3c3c3c3c3c3c3c3c3c3c3c3c3c3c3c3c
       879  ,,,,,,,,,,,,,,,,  2c2c2c2c2c2c2c2c2c2c2c2c2c2c2c2c
       560  <<<<<<<<<<<<<<<,  3c3c3c3c3c3c3c3c3c3c3c3c3c3c3c2c
       554  <<<<<<<<<<<<<<,<  3c3c3c3c3c3c3c3c3c3c3c3c3c3c2c3c
       540  <<<<<<<<<<<<<,<<  3c3c3c3c3c3c3c3c3c3c3c3c3c2c3c3c
       537  <<<<<<<<<<,<<<<<  3c3c3c3c3c3c3c3c3c3c2c3c3c3c3c3c
       535  <<<<<<<,<<<<<<<<  3c3c3c3c3c3c3c2c3c3c3c3c3c3c3c3c
       535  ,<<<<<<<<<<<<<<<  2c3c3c3c3c3c3c3c3c3c3c3c3c3c3c3c
       533  <<,<<<<<<<<<<<<<  3c3c2c3c3c3c3c3c3c3c3c3c3c3c3c3c
       532  <<<<<<,<<<<<<<<<  3c3c3c3c3c3c2c3c3c3c3c3c3c3c3c3c
# epoch 4800  H=1.0578 C=1.0262 HO=-0.0109  A(t)=356
     21467  <<<<<<<<<<<<<<<<  3c3c3c3c3c3c3c3c3c3c3c3c3c3c3c3c
       695  ,,,,,,,,,,,,,,,,  2c2c2c2c2c2c2c2c2c2c2c2c2c2c2c2c
       541  <<<<<<<<<<<<<<<,  3c3c3c3c3c3c3c3c3c3c3c3c3c3c3c2c
       521  ,<<<<<<<<<<<<<<<  2c3c3c3c3c3c3c3c3c3c3c3c3c3c3c3c
       518  <<<<<<<<<<<<<<,<  3c3c3c3c3c3c3c3c3c3c3c3c3c3c2c3c
       512  <,<<<<<<<<<<<<<<  3c2c3c3c3c3c3c3c3c3c3c3c3c3c3c3c
       510  <<<<<<<<<<<<<,<<  3c3c3c3c3c3c3c3c3c3c3c3c3c2c3c3c
       502  <<<<<,<<<<<<<<<<  3c3c3c3c3c2c3c3c3c3c3c3c3c3c3c3c
       498  <<<<<<,<<<<<<<<<  3c3c3c3c3c3c2c3c3c3c3c3c3c3c3c3c
       498  <<,<<<<<<<<<<<<<  3c3c2c3c3c3c3c3c3c3c3c3c3c3c3c3c
# epoch 4850  H=1.0265 C=1.0128 HO=-0.0340  A(t)=356
     21772  <<<<<<<<<<<<<<<<  3c3c3c3c3c3c3c3c3c3c3c3c3c3c3c3c
       699  ,,,,,,,,,,,,,,,,  2c2c2c2c2c2c2c2c2c2c2c2c2c2c2c2c
       591  <<<<<<<<<<<<<<<,  3c3c3c3c3c3c3c3c3c3c3c3c3c3c3c2c
       565  ,<<<<<<<<<<<<<<<  2c3c3c3c3c3c3c3c3c3c3c3c3c3c3c3c
       560  <<<<<<<<<<<<<<,<  3c3c3c3c3c3c3c3c3c3c3c3c3c3c2c3c
       551  <,<<<<<<<<<<<<<<  3c2c3c3c3c3c3c3c3c3c3c3c3c3c3c3c
       537  <<,<<<<<<<<<<<<<  3c3c2c3c3c3c3c3c3c3c3c3c3c3c3c3c
       529  <<<<<<<<<<<<<,<<  3c3c3c3c3c3c3c3c3c3c3c3c3c2c3c3c
       527  <<<,<<<<<<<<<<<<  3c3c3c2c3c3c3c3c3c3c3c3c3c3c3c3c
       514  <<<<,<<<<<<<<<<<  3c3c3c3c2c3c3c3c3c3c3c3c3c3c3c3c
# epoch 4900  H=1.0501 C=1.0247 HO=-0.0248  A(t)=356
     21371  <<<<<<<<<<<<<<<<  3c3c3c3c3c3c3c3c3c3c3c3c3c3c3c3c
       769  ,,,,,,,,,,,,,,,,  2c2c2c2c2c2c2c2c2c2c2c2c2c2c2c2c
       528  <<<<<<<<<<<<<<<,  3c3c3c3c3c3c3c3c3c3c3c3c3c3c3c2c
       509  <<<<<<<<<<<<<<,<  3c3c3c3c3c3c3c3c3c3c3c3c3c3c2c3c
       505  ,<<<<<<<<<<<<<<<  2c3c3c3c3c3c3c3c3c3c3c3c3c3c3c3c
       503  <<<<,<<<<<<<<<<<  3c3c3c3c2c3c3c3c3c3c3c3c3c3c3c3c
       503  <<<,<<<<<<<<<<<<  3c3c3c2c3c3c3c3c3c3c3c3c3c3c3c3c
       501  <<<<<<<<<<<<,<<<  3c3c3c3c3c3c3c3c3c3c3c3c2c3c3c3c
       498  <<<<<<<<<<<<<,<<  3c3c3c3c3c3c3c3c3c3c3c3c3c2c3c3c
       497  <<<<<<<<<<<,<<<<  3c3c3c3c3c3c3c3c3c3c3c2c3c3c3c3c
# epoch 4950  H=1.0917 C=1.0802 HO=-0.0274  A(t)=356
     21866  <<<<<<<<<<<<<<<<  3c3c3c3c3c3c3c3c3c3c3c3c3c3c3c3c
       550  <<<<<<<<<<<<<<<,  3c3c3c3c3c3c3c3c3c3c3c3c3c3c3c2c
       532  <<<<<<<<<<<<<<,<  3c3c3c3c3c3c3c3c3c3c3c3c3c3c2c3c
       528  <<,<<<<<<<<<<<<<  3c3c2c3c3c3c3c3c3c3c3c3c3c3c3c3c
       528  ,<<<<<<<<<<<<<<<  2c3c3c3c3c3c3c3c3c3c3c3c3c3c3c3c
       527  <,<<<<<<<<<<<<<<  3c2c3c3c3c3c3c3c3c3c3c3c3c3c3c3c
       525  <<<<,<<<<<<<<<<<  3c3c3c3c2c3c3c3c3c3c3c3c3c3c3c3c
       523  <<<,<<<<<<<<<<<<  3c3c3c2c3c3c3c3c3c3c3c3c3c3c3c3c
       513  <<<<<<<<<<<<<,<<  3c3c3c3c3c3c3c3c3c3c3c3c3c2c3c3c
       509  <<<<<<<<<<<<,<<<  3c3c3c3c3c3c3c3c3c3c3c3c2c3c3c3c
# epoch 5000  H=1.2261 C=1.1469 HO=0.0456  A(t)=356
     22292  <<<<<<<<<<<<<<<<  3c3c3c3c3c3c3c3c3c3c3c3c3c3c3c3c
       734  ,,,,,,,,,,,,,,,,  2c2c2c2c2c2c2c2c2c2c2c2c2c2c2c2c
       563  <<<<<<<<<<<<<<<,  3c3c3c3c3c3c3c3c3c3c3c3c3c3c3c2c
       547  ,<<<<<<<<<<<<<<<  2c3c3c3c3c3c3c3c3c3c3c3c3c3c3c3c
       540  <<<<<<<<<,<<<<<<  3c3c3c3c3c3c3c3c3c2c3c3c3c3c3c3c
       538  <<<<<<<<<<<<,<<<  3c3c3c3c3c3c3c3c3c3c3c3c2c3c3c3c
       537  <<<<<<<<<<,<<<<<  3c3c3c3c3c3c3c3c3c3c2c3c3c3c3c3c
       537  <<<<<<<,<<<<<<<<  3c3c3c3c3c3c3c2c3c3c3c3c3c3c3c3c
       535  <<<<<<<<<<<<<<,<  3c3c3c3c3c3c3c3c3c3c3c3c3c3c2c3c
       535  <<<<<<<<<<<<<,<<  3c3c3c3c3c3c3c3c3c3c3c3c3c2c3c3c
# epoch 5050  H=1.2327 C=1.1425 HO=0.0479  A(t)=356
     22322  <<<<<<<<<<<<<<<<  3c3c3c3c3c3c3c3c3c3c3c3c3c3c3c3c
       731  ,,,,,,,,,,,,,,,,  2c2c2c2c2c2c2c2c2c2c2c2c2c2c2c2c
       533  <<<<<<<<<<<<<<<,  3c3c3c3c3c3c3c3c3c3c3c3c3c3c3c2c
       515  <<<<<<<<<<<<<<,<  3c3c3c3c3c3c3c3c3c3c3c3c3c3c2c3c
       515  ,<<<<<<<<<<<<<<<  2c3c3c3c3c3c3c3c3c3c3c3c3c3c3c3c
       499  <<<<<<<<<<<<<,<<  3c3c3c3c3c3c3c3c3c3c3c3c3c2c3c3c
       499  <,<<<<<<<<<<<<<<  3c2c3c3c3c3c3c3c3c3c3c3c3c3c3c3c
       494  <<<<<<<<<<<<,<<<  3c3c3c3c3c3c3c3c3c3c3c3c2c3c3c3c
       488  <<,<<<<<<<<<<<<<  3c3c2c3c3c3c3c3c3c3c3c3c3c3c3c3c
       483  <<<,<<<<<<<<<<<<  3c3c3c2c3c3c3c3c3c3c3c3c3c3c3c3c
# epoch 5100  H=1.3066 C=1.2037 HO=0.0786  A(t)=356
     22512  <<<<<<<<<<<<<<<<  3c3c3c3c3c3c3c3c3c3c3c3c3c3c3c3c
       830  ,,,,,,,,,,,,,,,,  2c2c2c2c2c2c2c2c2c2c2c2c2c2c2c2c
       489  <<<<<<<<<<<<<<<,  3c3c3c3c3c3c3c3c3c3c3c3c3c3c3c2c
       461  ,<<<<<<<<<<<<<<<  2c3c3c3c3c3c3c3c3c3c3c3c3c3c3c3c
       458  <<<<<<<<<<<<<<,<  3c3c3c3c3c3c3c3c3c3c3c3c3c3c2c3c
       438  <<<<<<<<<<<<,<<<  3c3c3c3c3c3c3c3c3c3c3c3c2c3c3c3c
       437  <<<<<<<<<<<<<,<<  3c3c3c3c3c3c3c3c3c3c3c3c3c2c3c3c
       434  <<<<<<<<<<,<<<<<  3c3c3c3c3c3c3c3c3c3c2c3c3c3c3c3c
       430  <<<<<<<<<<<,<<<<  3c3c3c3c3c3c3c3c3c3c3c2c3c3c3c3c
       429  <,<<<<<<<<<<<<<<  3c2c3c3c3c3c3c3c3c3c3c3c3c3c3c3c
# epoch 5150  H=1.2884 C=1.2207 HO=0.0470  A(t)=356
     21596  <<<<<<<<<<<<<<<<  3c3c3c3c3c3c3c3c3c3c3c3c3c3c3c3c
       692  ,,,,,,,,,,,,,,,,  2c2c2c2c2c2c2c2c2c2c2c2c2c2c2c2c
       497  <<<<<<<<<<<<<<<,  3c3c3c3c3c3c3c3c3c3c3c3c3c3c3c2c
       486  ,<<<<<<<<<<<<<<<  2c3c3c3c3c3c3c3c3c3c3c3c3c3c3c3c
       483  <<<<<<<<<<<<<<,<  3c3c3c3c3c3c3c3c3c3c3c3c3c3c2c3c
       481  <,<<<<<<<<<<<<<<  3c2c3c3c3c3c3c3c3c3c3c3c3c3c3c3c
       468  <<<<<<<<<,<<<<<<  3c3c3c3c3c3c3c3c3c2c3c3c3c3c3c3c
       467  <<<<<<<<<<<<<,<<  3c3c3c3c3c3c3c3c3c3c3c3c3c2c3c3c
       464  <<<<<<<<<<<,<<<<  3c3c3c3c3c3c3c3c3c3c3c2c3c3c3c3c
       463  <<<<<<<<<<,<<<<<  3c3c3c3c3c3c3c3c3c3c2c3c3c3c3c3c
# epoch 5200  H=1.3581 C=1.2745 HO=0.0575  A(t)=356
     21236  <<<<<<<<<<<<<<<<  3c3c3c3c3c3c3c3c3c3c3c3c3c3c3c3c
       639  ,,,,,,,,,,,,,,,,  2c2c2c2c2c2c2c2c2c2c2c2c2c2c2c2c
       510  <<<<<<<<<<<<<<<,  3c3c3c3c3c3c3c3c3c3c3c3c3c3c3c2c
       498  <,<<<<<<<<<<<<<<  3c2c3c3c3c3c3c3c3c3c3c3c3c3c3c3c
       496  <<<<<<<<<<<<<<,<  3c3c3c3c3c3c3c3c3c3c3c3c3c3c2c3c
       494  <<,<<<<<<<<<<<<<  3c3c2c3c3c3c3c3c3c3c3c3c3c3c3c3c
       493  ,<<<<<<<<<<<<<<<  2c3c3c3c3c3c3c3c3c3c3c3c3c3c3c3c
       487  <<<<<<<<<<<<<,<<  3c3c3c3c3c3c3c3c3c3c3c3c3c2c3c3c
       483  <<<<<<<<<<,<<<<<  3c3c3c3c3c3c3c3c3c3c2c3c3c3c3c3c
       481  <<<<<<<<,<<<<<<<  3c3c3c3c3c3c3c3c2c3c3c3c3c3c3c3c
# epoch 5250  H=1.3356 C=1.2838 HO=0.0290  A(t)=356
     20826  <<<<<<<<<<<<<<<<  3c3c3c3c3c3c3c3c3c3c3c3c3c3c3c3c
       472  ,,,,,,,,,,,,,,,,  2c2c2c2c2c2c2c2c2c2c2c2c2c2c2c2c
       452  <<<<<<<<<<<<<<<,  3c3c3c3c3c3c3c3c3c3c3c3c3c3c3c2c
       452  ,<<<<<<<<<<<<<<<  2c3c3c3c3c3c3c3c3c3c3c3c3c3c3c3c
       440  <,<<<<<<<<<<<<<<  3c2c3c3c3c3c3c3c3c3c3c3c3c3c3c3c
       437  <<<<<<<<<<<<<<,<  3c3c3c3c3c3c3c3c3c3c3c3c3c3c2c3c
       428  <<,<<<<<<<<<<<<<  3c3c2c3c3c3c3c3c3c3c3c3c3c3c3c3c
       427  <<<<<<<<<<<<<,<<  3c3c3c3c3c3c3c3c3c3c3c3c3c2c3c3c
       417  <<<,<<<<<<<<<<<<  3c3c3c2c3c3c3c3c3c3c3c3c3c3c3c3c
       408  <<<<<<<<<<<<,<<<  3c3c3c3c3c3c3c3c3c3c3c3c2c3c3c3c
# epoch 5300  H=1.3611 C=1.2903 HO=0.0505  A(t)=356
     19760  <<<<<<<<<<<<<<<<  3c3c3c3c3c3c3c3c3c3c3c3c3c3c3c3c
       475  <<<<<<<<<<<<<<<,  3c3c3c3c3c3c3c3c3c3c3c3c3c3c3c2c
       463  ,,,,,,,,,,,,,,,,  2c2c2c2c2c2c2c2c2c2c2c2c2c2c2c2c
       458  <<<<<<<<<<<<<<,<  3c3c3c3c3c3c3c3c3c3c3c3c3c3c2c3c
       454  <<<<<<<<<<<<<,<<  3c3c3c3c3c3c3c3c3c3c3c3c3c2c3c3c
       448  <<,<<<<<<<<<<<<<  3c3c2c3c3c3c3c3c3c3c3c3c3c3c3c3c
       446  ,<<<<<<<<<<<<<<<  2c3c3c3c3c3c3c3c3c3c3c3c3c3c3c3c
       445  <,<<<<<<<<<<<<<<  3c2c3c3c3c3c3c3c3c3c3c3c3c3c3c3c
       442  <<<<<<<<<<<<,<<<  3c3c3c3c3c3c3c3c3c3c3c3c2c3c3c3c
       433  <<<<<<<<<<<,<<<<  3c3c3c3c3c3c3c3c3c3c3c2c3c3c3c3c
# epoch 5350  H=1.3604 C=1.2821 HO=0.0597  A(t)=356
     20684  <<<<<<<<<<<<<<<<  3c3c3c3c3c3c3c3c3c3c3c3c3c3c3c3c
       861  ,,,,,,,,,,,,,,,,  2c2c2c2c2c2c2c2c2c2c2c2c2c2c2c2c
       474  <<<<<<<<<<<<<<<,  3c3c3c3c3c3c3c3c3c3c3c3c3c3c3c2c
       455  <<<<<<<<<<<<<<,<  3c3c3c3c3c3c3c3c3c3c3c3c3c3c2c3c
       453  ,<<<<<<<<<<<<<<<  2c3c3c3c3c3c3c3c3c3c3c3c3c3c3c3c
       434  <<<<<<<<<<<<<,<<  3c3c3c3c3c3c3c3c3c3c3c3c3c2c3c3c
       431  <,<<<<<<<<<<<<<<  3c2c3c3c3c3c3c3c3c3c3c3c3c3c3c3c
       425  <<<,<<<<<<<<<<<<  3c3c3c2c3c3c3c3c3c3c3c3c3c3c3c3c
       420  <<,<<<<<<<<<<<<<  3c3c2c3c3c3c3c3c3c3c3c3c3c3c3c3c
       418  <<<<,<<<<<<<<<<<  3c3c3c3c2c3c3c3c3c3c3c3c3c3c3c3c
# epoch 5400  H=1.3582 C=1.2584 HO=0.0743  A(t)=356
     21113  <<<<<<<<<<<<<<<<  3c3c3c3c3c3c3c3c3c3c3c3c3c3c3c3c
       787  ,,,,,,,,,,,,,,,,  2c2c2c2c2c2c2c2c2c2c2c2c2c2c2c2c
       521  <<<<<<<<<<<<<<<,  3c3c3c3c3c3c3c3c3c3c3c3c3c3c3c2c
       514  <,<<<<<<<<<<<<<<  3c2c3c3c3c3c3c3c3c3c3c3c3c3c3c3c
       511  ,<<<<<<<<<<<<<<<  2c3c3c3c3c3c3c3c3c3c3c3c3c3c3c3c
       502  <<<<<<<<<<<<<<,<  3c3c3c3c3c3c3c3c3c3c3c3c3c3c2c3c
       487  <<<<<,<<<<<<<<<<  3c3c3c3c3c2c3c3c3c3c3c3c3c3c3c3c
       486  <<,<<<<<<<<<<<<<  3c3c2c3c3c3c3c3c3c3c3c3c3c3c3c3c
       479  <<<<,<<<<<<<<<<<  3c3c3c3c2c3c3c3c3c3c3c3c3c3c3c3c
       479  <<<,<<<<<<<<<<<<  3c3c3c2c3c3c3c3c3c3c3c3c3c3c3c3c
# epoch 5450  H=1.3311 C=1.2548 HO=0.0480  A(t)=356
     20314  <<<<<<<<<<<<<<<<  3c3c3c3c3c3c3c3c3c3c3c3c3c3c3c3c
       917  ,,,,,,,,,,,,,,,,  2c2c2c2c2c2c2c2c2c2c2c2c2c2c2c2c
       475  <<<<<<<<<<<<<<<,  3c3c3c3c3c3c3c3c3c3c3c3c3c3c3c2c
       464  ,<<<<<<<<<<<<<<<  2c3c3c3c3c3c3c3c3c3c3c3c3c3c3c3c
       459  <<<<<<<<<<<<<<,<  3c3c3c3c3c3c3c3c3c3c3c3c3c3c2c3c
       458  <<<<<<<<<<<<<,<<  3c3c3c3c3c3c3c3c3c3c3c3c3c2c3c3c
       454  <<,<<<<<<<<<<<<<  3c3c2c3c3c3c3c3c3c3c3c3c3c3c3c3c
       450  <,<<<<<<<<<<<<<<  3c2c3c3c3c3c3c3c3c3c3c3c3c3c3c3c
       441  <<<,<<<<<<<<<<<<  3c3c3c2c3c3c3c3c3c3c3c3c3c3c3c3c
       439  <<<<<<<<<<<<,<<<  3c3c3c3c3c3c3c3c3c3c3c3c2c3c3c3c
# epoch 5500  H=1.2985 C=1.2456 HO=0.0231  A(t)=356
     19815  <<<<<<<<<<<<<<<<  3c3c3c3c3c3c3c3c3c3c3c3c3c3c3c3c
       510  <<<<<<<<<<<<<<<,  3c3c3c3c3c3c3c3c3c3c3c3c3c3c3c2c
       504  ,<<<<<<<<<<<<<<<  2c3c3c3c3c3c3c3c3c3c3c3c3c3c3c3c
       504  ,,,,,,,,,,,,,,,,  2c2c2c2c2c2c2c2c2c2c2c2c2c2c2c2c
       484  <,<<<<<<<<<<<<<<  3c2c3c3c3c3c3c3c3c3c3c3c3c3c3c3c
       482  <<<<<<<<<<<<<<,<  3c3c3c3c3c3c3c3c3c3c3c3c3c3c2c3c
       476  <<,<<<<<<<<<<<<<  3c3c2c3c3c3c3c3c3c3c3c3c3c3c3c3c
       472  <<<<<<<<<<<<<,<<  3c3c3c3c3c3c3c3c3c3c3c3c3c2c3c3c
       469  <<<,<<<<<<<<<<<<  3c3c3c2c3c3c3c3c3c3c3c3c3c3c3c3c
       464  <<<<<<<<<<<<,<<<  3c3c3c3c3c3c3c3c3c3c3c3c2c3c3c3c
# epoch 5550  H=1.1624 C=1.1323 HO=-0.0129  A(t)=356
     20128  <<<<<<<<<<<<<<<<  3c3c3c3c3c3c3c3c3c3c3c3c3c3c3c3c
       623  ,,,,,,,,,,,,,,,,  2c2c2c2c2c2c2c2c2c2c2c2c2c2c2c2c
       539  <<<<<<<<<<<<<<<,  3c3c3c3c3c3c3c3c3c3c3c3c3c3c3c2c
       526  ,<<<<<<<<<<<<<<<  2c3c3c3c3c3c3c3c3c3c3c3c3c3c3c3c
       519  <,<<<<<<<<<<<<<<  3c2c3c3c3c3c3c3c3c3c3c3c3c3c3c3c
       517  <<<<<<<<<<<<<<,<  3c3c3c3c3c3c3c3c3c3c3c3c3c3c2c3c
       509  <<,<<<<<<<<<<<<<  3c3c2c3c3c3c3c3c3c3c3c3c3c3c3c3c
       506  <<<,<<<<<<<<<<<<  3c3c3c2c3c3c3c3c3c3c3c3c3c3c3c3c
       503  <<<<<<<<<<<<<,<<  3c3c3c3c3c3c3c3c3c3c3c3c3c2c3c3c
       495  <<<<,<<<<<<<<<<<  3c3c3c3c2c3c3c3c3c3c3c3c3c3c3c3c
# epoch 5600  H=1.0867 C=1.1034 HO=-0.0623  A(t)=356
     20496  <<<<<<<<<<<<<<<<  3c3c3c3c3c3c3c3c3c3c3c3c3c3c3c3c
       554  <<<<<<<<<<<<<<<,  3c3c3c3c3c3c3c3c3c3c3c3c3c3c3c2c
       544  <<<<<<<<<<<<<<,<  3c3c3c3c3c3c3c3c3c3c3c3c3c3c2c3c
       533  <<<<<<<<<<<<<,<<  3c3c3c3c3c3c3c3c3c3c3c3c3c2c3c3c
       533  ,<<<<<<<<<<<<<<<  2c3c3c3c3c3c3c3c3c3c3c3c3c3c3c3c
       530  <,<<<<<<<<<<<<<<  3c2c3c3c3c3c3c3c3c3c3c3c3c3c3c3c
       511  <<,<<<<<<<<<<<<<  3c3c2c3c3c3c3c3c3c3c3c3c3c3c3c3c
       510  <<<<<<<<<<<<,<<<  3c3c3c3c3c3c3c3c3c3c3c3c2c3c3c3c
       509  <<<<<<<<<<<,<<<<  3c3c3c3c3c3c3c3c3c3c3c2c3c3c3c3c
       505  <<<<<<<<<<,<<<<<  3c3c3c3c3c3c3c3c3c3c2c3c3c3c3c3c
# epoch 5650  H=1.0497 C=1.0577 HO=-0.0512  A(t)=356
     21842  <<<<<<<<<<<<<<<<  3c3c3c3c3c3c3c3c3c3c3c3c3c3c3c3c
       547  <<<<<<<<<<<<<<<,  3c3c3c3c3c3c3c3c3c3c3c3c3c3c3c2c
       542  <<<,<<<<<<<<<<<<  3c3c3c2c3c3c3c3c3c3c3c3c3c3c3c3c
       537  <<<<,<<<<<<<<<<<  3c3c3c3c2c3c3c3c3c3c3c3c3c3c3c3c
       533  <<<<<<<<<<<<<,<<  3c3c3c3c3c3c3c3c3c3c3c3c3c2c3c3c
       532  <<<<<<,<<<<<<<<<  3c3c3c3c3c3c2c3c3c3c3c3c3c3c3c3c
       532  ,<<<<<<<<<<<<<<<  2c3c3c3c3c3c3c3c3c3c3c3c3c3c3c3c
       530  <<<<<<<<<<<<<<,<  3c3c3c3c3c3c3c3c3c3c3c3c3c3c2c3c
       530  <<,<<<<<<<<<<<<<  3c3c2c3c3c3c3c3c3c3c3c3c3c3c3c3c
       529  <,<<<<<<<<<<<<<<  3c2c3c3c3c3c3c3c3c3c3c3c3c3c3c3c
# epoch 5700  H=1.2054 C=1.1399 HO=0.0206  A(t)=356
     19936  <<<<<<<<<<<<<<<<  3c3c3c3c3c3c3c3c3c3c3c3c3c3c3c3c
       817  ,,,,,,,,,,,,,,,,  2c2c2c2c2c2c2c2c2c2c2c2c2c2c2c2c
       488  <<<<<<<<<<<<<<<,  3c3c3c3c3c3c3c3c3c3c3c3c3c3c3c2c
       476  ,<<<<<<<<<<<<<<<  2c3c3c3c3c3c3c3c3c3c3c3c3c3c3c3c
       468  <<,<<<<<<<<<<<<<  3c3c2c3c3c3c3c3c3c3c3c3c3c3c3c3c
       468  <,<<<<<<<<<<<<<<  3c2c3c3c3c3c3c3c3c3c3c3c3c3c3c3c
       462  <<<<<<<,<<<<<<<<  3c3c3c3c3c3c3c2c3c3c3c3c3c3c3c3c
       457  <<<<<<<<,<<<<<<<  3c3c3c3c3c3c3c3c2c3c3c3c3c3c3c3c
       457  <<<<,<<<<<<<<<<<  3c3c3c3c2c3c3c3c3c3c3c3c3c3c3c3c
       456  <<<<<<<<<<<<<<,<  3c3c3c3c3c3c3c3c3c3c3c3c3c3c2c3c
# epoch 5750  H=1.1327 C=1.0900 HO=-0.0075  A(t)=356
     20727  <<<<<<<<<<<<<<<<  3c3c3c3c3c3c3c3c3c3c3c3c3c3c3c3c
       982  ,,,,,,,,,,,,,,,,  2c2c2c2c2c2c2c2c2c2c2c2c2c2c2c2c
       512  <<<<<<<<<<<<<<<,  3c3c3c3c3c3c3c3c3c3c3c3c3c3c3c2c
       507  ,<<<<<<<<<<<<<<<  2c3c3c3c3c3c3c3c3c3c3c3c3c3c3c3c
       497  <<<<<<<<<<<<<<,<  3c3c3c3c3c3c3c3c3c3c3c3c3c3c2c3c
       483  <,<<<<<<<<<<<<<<  3c2c3c3c3c3c3c3c3c3c3c3c3c3c3c3c
       482  <<<<<<<<<<<<<,<<  3c3c3c3c3c3c3c3c3c3c3c3c3c2c3c3c
       471  <<<<<<<<<<<,<<<<  3c3c3c3c3c3c3c3c3c3c3c2c3c3c3c3c
       468  <<<,<<<<<<<<<<<<  3c3c3c2c3c3c3c3c3c3c3c3c3c3c3c3c
       467  <<<<<<<<<<<<,<<<  3c3c3c3c3c3c3c3c3c3c3c3c2c3c3c3c
# epoch 5800  H=1.1615 C=1.1274 HO=-0.0117  A(t)=356
     21469  <<<<<<<<<<<<<<<<  3c3c3c3c3c3c3c3c3c3c3c3c3c3c3c3c
       540  <<<<<<<<<<<<<<<,  3c3c3c3c3c3c3c3c3c3c3c3c3c3c3c2c
       526  ,<<<<<<<<<<<<<<<  2c3c3c3c3c3c3c3c3c3c3c3c3c3c3c3c
       514  <<<<<<<<<<<<<<,<  3c3c3c3c3c3c3c3c3c3c3c3c3c3c2c3c
       513  <,<<<<<<<<<<<<<<  3c2c3c3c3c3c3c3c3c3c3c3c3c3c3c3c
       504  <<<<<<<<<<<<<,<<  3c3c3c3c3c3c3c3c3c3c3c3c3c2c3c3c
       502  <<<<<<<,<<<<<<<<  3c3c3c3c3c3c3c2c3c3c3c3c3c3c3c3c
       501  <<,<<<<<<<<<<<<<  3c3c2c3c3c3c3c3c3c3c3c3c3c3c3c3c
       498  <<<<<<,<<<<<<<<<  3c3c3c3c3c3c2c3c3c3c3c3c3c3c3c3c
       497  <<<<<<<<,<<<<<<<  3c3c3c3c3c3c3c3c2c3c3c3c3c3c3c3c
# epoch 5850  H=1.2099 C=1.1598 HO=0.0029  A(t)=356
     20020  <<<<<<<<<<<<<<<<  3c3c3c3c3c3c3c3c3c3c3c3c3c3c3c3c
       529  <<<<<<<<<<<<<<<,  3c3c3c3c3c3c3c3c3c3c3c3c3c3c3c2c
       521  ,<<<<<<<<<<<<<<<  2c3c3c3c3c3c3c3c3c3c3c3c3c3c3c3c
       518  <,<<<<<<<<<<<<<<  3c2c3c3c3c3c3c3c3c3c3c3c3c3c3c3c
       515  <<<<<<<<<<<<<<,<  3c3c3c3c3c3c3c3c3c3c3c3c3c3c2c3c
       504  <<,<<<<<<<<<<<<<  3c3c2c3c3c3c3c3c3c3c3c3c3c3c3c3c
       498  <<<<<<<<<<<<<,<<  3c3c3c3c3c3c3c3c3c3c3c3c3c2c3c3c
       494  <<<,<<<<<<<<<<<<  3c3c3c2c3c3c3c3c3c3c3c3c3c3c3c3c
       490  <<<<,<<<<<<<<<<<  3c3c3c3c2c3c3c3c3c3c3c3c3c3c3c3c
       489  <<<<<<,<<<<<<<<<  3c3c3c3c3c3c2c3c3c3c3c3c3c3c3c3c
# epoch 5900  H=1.2617 C=1.1855 HO=0.0316  A(t)=356
     20000  <<<<<<<<<<<<<<<<  3c3c3c3c3c3c3c3c3c3c3c3c3c3c3c3c
       765  ,,,,,,,,,,,,,,,,  2c2c2c2c2c2c2c2c2c2c2c2c2c2c2c2c
       553  <<<<<<<<<<<<<<,<  3c3c3c3c3c3c3c3c3c3c3c3c3c3c2c3c
       552  <<<<<<<<<<<<<<<,  3c3c3c3c3c3c3c3c3c3c3c3c3c3c3c2c
       545  <,<<<<<<<<<<<<<<  3c2c3c3c3c3c3c3c3c3c3c3c3c3c3c3c
       539  ,<<<<<<<<<<<<<<<  2c3c3c3c3c3c3c3c3c3c3c3c3c3c3c3c
       535  <<,<<<<<<<<<<<<<  3c3c2c3c3c3c3c3c3c3c3c3c3c3c3c3c
       532  <<<<<<<<<<<<<,<<  3c3c3c3c3c3c3c3c3c3c3c3c3c2c3c3c
       519  <<<<<<<<<<<<,<<<  3c3c3c3c3c3c3c3c3c3c3c3c2c3c3c3c
       519  <<<<<<<<<<<,<<<<  3c3c3c3c3c3c3c3c3c3c3c2c3c3c3c3c
# epoch 5950  H=1.3041 C=1.2278 HO=0.0334  A(t)=356
     20594  <<<<<<<<<<<<<<<<  3c3c3c3c3c3c3c3c3c3c3c3c3c3c3c3c
       827  ,,,,,,,,,,,,,,,,  2c2c2c2c2c2c2c2c2c2c2c2c2c2c2c2c
       517  <<<<<<<<<<<<<<<,  3c3c3c3c3c3c3c3c3c3c3c3c3c3c3c2c
       504  <<<<<<<<<<<<<<,<  3c3c3c3c3c3c3c3c3c3c3c3c3c3c2c3c
       492  <<<<<<,<<<<<<<<<  3c3c3c3c3c3c2c3c3c3c3c3c3c3c3c3c
       491  <<<<<<<<<,<<<<<<  3c3c3c3c3c3c3c3c3c2c3c3c3c3c3c3c
       490  <<<<<<<<,<<<<<<<  3c3c3c3c3c3c3c3c2c3c3c3c3c3c3c3c
       483  ,<<<<<<<<<<<<<<<  2c3c3c3c3c3c3c3c3c3c3c3c3c3c3c3c
       482  <<<<<<<<<<,<<<<<  3c3c3c3c3c3c3c3c3c3c2c3c3c3c3c3c
       482  <<<<<<<,<<<<<<<<  3c3c3c3c3c3c3c2c3c3c3c3c3c3c3c3c
# epoch 6000  H=1.2825 C=1.2435 HO=0.0019  A(t)=356
     20711  <<<<<<<<<<<<<<<<  3c3c3c3c3c3c3c3c3c3c3c3c3c3c3c3c
       598  ,,,,,,,,,,,,,,,,  2c2c2c2c2c2c2c2c2c2c2c2c2c2c2c2c
       515  <<<<<<<<<<<<<<<,  3c3c3c3c3c3c3c3c3c3c3c3c3c3c3c2c
       507  <<<<<<<<,<<<<<<<  3c3c3c3c3c3c3c3c2c3c3c3c3c3c3c3c
       506  ,<<<<<<<<<<<<<<<  2c3c3c3c3c3c3c3c3c3c3c3c3c3c3c3c
       502  <<,<<<<<<<<<<<<<  3c3c2c3c3c3c3c3c3c3c3c3c3c3c3c3c
       500  <,<<<<<<<<<<<<<<  3c2c3c3c3c3c3c3c3c3c3c3c3c3c3c3c
       499  <<<,<<<<<<<<<<<<  3c3c3c2c3c3c3c3c3c3c3c3c3c3c3c3c
       498  <<<<,<<<<<<<<<<<  3c3c3c3c2c3c3c3c3c3c3c3c3c3c3c3c
       496  <<<<<<<,<<<<<<<<  3c3c3c3c3c3c3c2c3c3c3c3c3c3c3c3c
# epoch 6050  H=1.3265 C=1.2587 HO=0.0367  A(t)=356
     21904  <<<<<<<<<<<<<<<<  3c3c3c3c3c3c3c3c3c3c3c3c3c3c3c3c
       528  <<<<<<<<<<<<<<<,  3c3c3c3c3c3c3c3c3c3c3c3c3c3c3c2c
       517  ,<<<<<<<<<<<<<<<  2c3c3c3c3c3c3c3c3c3c3c3c3c3c3c3c
       494  <<<<<<<<<<<<<<,<  3c3c3c3c3c3c3c3c3c3c3c3c3c3c2c3c
       493  <,<<<<<<<<<<<<<<  3c2c3c3c3c3c3c3c3c3c3c3c3c3c3c3c
       475  <<<<<<<<<<<<<,<<  3c3c3c3c3c3c3c3c3c3c3c3c3c2c3c3c
       471  <<<<<<<<<<<,<<<<  3c3c3c3c3c3c3c3c3c3c3c2c3c3c3c3c
       469  <<,<<<<<<<<<<<<<  3c3c2c3c3c3c3c3c3c3c3c3c3c3c3c3c
       468  <<<<<<<<<<,<<<<<  3c3c3c3c3c3c3c3c3c3c2c3c3c3c3c3c
       468  <<<<<<<<<,<<<<<<  3c3c3c3c3c3c3c3c3c2c3c3c3c3c3c3c
# epoch 6100  H=1.2765 C=1.1958 HO=0.0474  A(t)=356
     22081  <<<<<<<<<<<<<<<<  3c3c3c3c3c3c3c3c3c3c3c3c3c3c3c3c
       712  ,,,,,,,,,,,,,,,,  2c2c2c2c2c2c2c2c2c2c2c2c2c2c2c2c
       516  <<<<<<<<<<<<<<<,  3c3c3c3c3c3c3c3c3c3c3c3c3c3c3c2c
       494  <<<<<<<<<<<<<<,<  3c3c3c3c3c3c3c3c3c3c3c3c3c3c2c3c
       488  ,<<<<<<<<<<<<<<<  2c3c3c3c3c3c3c3c3c3c3c3c3c3c3c3c
       482  <,<<<<<<<<<<<<<<  3c2c3c3c3c3c3c3c3c3c3c3c3c3c3c3c
       478  <<<<<<<,<<<<<<<<  3c3c3c3c3c3c3c2c3c3c3c3c3c3c3c3c
       477  <<<<<<<<<<<<<,<<  3c3c3c3c3c3c3c3c3c3c3c3c3c2c3c3c
       477  <<<<<<<<<<<<,<<<  3c3c3c3c3c3c3c3c3c3c3c3c2c3c3c3c
       477  <<<<<<<<<,<<<<<<  3c3c3c3c3c3c3c3c3c2c3c3c3c3c3c3c
# epoch 6150  H=1.2550 C=1.1792 HO=0.0427  A(t)=356
     22337  <<<<<<<<<<<<<<<<  3c3c3c3c3c3c3c3c3c3c3c3c3c3c3c3c
       680  ,,,,,,,,,,,,,,,,  2c2c2c2c2c2c2c2c2c2c2c2c2c2c2c2c
       505  <<<<<<<<<<<<<<<,  3c3c3c3c3c3c3c3c3c3c3c3c3c3c3c2c
       502  ,<<<<<<<<<<<<<<<  2c3c3c3c3c3c3c3c3c3c3c3c3c3c3c3c
       491  <,<<<<<<<<<<<<<<  3c2c3c3c3c3c3c3c3c3c3c3c3c3c3c3c
       489  <<<<<<<<<<<<<<,<  3c3c3c3c3c3c3c3c3c3c3c3c3c3c2c3c
       478  <<<<<<<<<<<<,<<<  3c3c3c3c3c3c3c3c3c3c3c3c2c3c3c3c
       476  <<,<<<<<<<<<<<<<  3c3c2c3c3c3c3c3c3c3c3c3c3c3c3c3c
       475  <<<<<<<<<<<<<,<<  3c3c3c3c3c3c3c3c3c3c3c3c3c2c3c3c
       474  <<<<,<<<<<<<<<<<  3c3c3c3c2c3c3c3c3c3c3c3c3c3c3c3c
# epoch 6200  H=1.2587 C=1.2069 HO=0.0174  A(t)=356
     19215  <<<<<<<<<<<<<<<<  3c3c3c3c3c3c3c3c3c3c3c3c3c3c3c3c
       669  ,,,,,,,,,,,,,,,,  2c2c2c2c2c2c2c2c2c2c2c2c2c2c2c2c
       482  <<<<<<<<<<<<<<<,  3c3c3c3c3c3c3c3c3c3c3c3c3c3c3c2c
       471  ,<<<<<<<<<<<<<<<  2c3c3c3c3c3c3c3c3c3c3c3c3c3c3c3c
       461  <,<<<<<<<<<<<<<<  3c2c3c3c3c3c3c3c3c3c3c3c3c3c3c3c
       459  <<<<<<<<<<<<<<,<  3c3c3c3c3c3c3c3c3c3c3c3c3c3c2c3c
       440  <<<<<<<<<<<<<,<<  3c3c3c3c3c3c3c3c3c3c3c3c3c2c3c3c
       440  <<,<<<<<<<<<<<<<  3c3c2c3c3c3c3c3c3c3c3c3c3c3c3c3c
       437  <<<,<<<<<<<<<<<<  3c3c3c2c3c3c3c3c3c3c3c3c3c3c3c3c
       432  <<<<<<<<<<,<<<<<  3c3c3c3c3c3c3c3c3c3c2c3c3c3c3c3c
# epoch 6250  H=1.2008 C=1.1581 HO=-0.0022  A(t)=356
     19633  <<<<<<<<<<<<<<<<  3c3c3c3c3c3c3c3c3c3c3c3c3c3c3c3c
       682  ,,,,,,,,,,,,,,,,  2c2c2c2c2c2c2c2c2c2c2c2c2c2c2c2c
       543  <<<<<<<<<<<<<<<,  3c3c3c3c3c3c3c3c3c3c3c3c3c3c3c2c
       536  ,<<<<<<<<<<<<<<<  2c3c3c3c3c3c3c3c3c3c3c3c3c3c3c3c
       517  <<<<<<<<<<<<<<,<  3c3c3c3c3c3c3c3c3c3c3c3c3c3c2c3c
       516  <,<<<<<<<<<<<<<<  3c2c3c3c3c3c3c3c3c3c3c3c3c3c3c3c
       504  <<<<<<<<<<<<<,<<  3c3c3c3c3c3c3c3c3c3c3c3c3c2c3c3c
       502  <<<<<,<<<<<<<<<<  3c3c3c3c3c2c3c3c3c3c3c3c3c3c3c3c
       501  <<<,<<<<<<<<<<<<  3c3c3c2c3c3c3c3c3c3c3c3c3c3c3c3c
       500  <<,<<<<<<<<<<<<<  3c3c2c3c3c3c3c3c3c3c3c3c3c3c3c3c
# epoch 6300  H=1.1117 C=1.0671 HO=-0.0056  A(t)=356
     21328  <<<<<<<<<<<<<<<<  3c3c3c3c3c3c3c3c3c3c3c3c3c3c3c3c
       827  ,,,,,,,,,,,,,,,,  2c2c2c2c2c2c2c2c2c2c2c2c2c2c2c2c
       598  <<<<<<<<<<<<<<<,  3c3c3c3c3c3c3c3c3c3c3c3c3c3c3c2c
       579  <<<<<<<<<<<<<<,<  3c3c3c3c3c3c3c3c3c3c3c3c3c3c2c3c
       573  ,<<<<<<<<<<<<<<<  2c3c3c3c3c3c3c3c3c3c3c3c3c3c3c3c
       571  <,<<<<<<<<<<<<<<  3c2c3c3c3c3c3c3c3c3c3c3c3c3c3c3c
       563  <<,<<<<<<<<<<<<<  3c3c2c3c3c3c3c3c3c3c3c3c3c3c3c3c
       545  <<<<<<<<<<<<<,<<  3c3c3c3c3c3c3c3c3c3c3c3c3c2c3c3c
       544  <<<<<<<<<<,<<<<<  3c3c3c3c3c3c3c3c3c3c2c3c3c3c3c3c
       543  <<<<<<,<<<<<<<<<  3c3c3c3c3c3c2c3c3c3c3c3c3c3c3c3c
# epoch 6350  H=1.1475 C=1.0776 HO=0.0312  A(t)=356
     21950  <<<<<<<<<<<<<<<<  3c3c3c3c3c3c3c3c3c3c3c3c3c3c3c3c
       910  ,,,,,,,,,,,,,,,,  2c2c2c2c2c2c2c2c2c2c2c2c2c2c2c2c
       503  <<<<<<<<<<<<<<<,  3c3c3c3c3c3c3c3c3c3c3c3c3c3c3c2c
       489  ,<<<<<<<<<<<<<<<  2c3c3c3c3c3c3c3c3c3c3c3c3c3c3c3c
       466  <<<<<<<<<<<<<<,<  3c3c3c3c3c3c3c3c3c3c3c3c3c3c2c3c
       466  <,<<<<<<<<<<<<<<  3c2c3c3c3c3c3c3c3c3c3c3c3c3c3c3c
       456  <<,<<<<<<<<<<<<<  3c3c2c3c3c3c3c3c3c3c3c3c3c3c3c3c
       453  <<<,<<<<<<<<<<<<  3c3c3c2c3c3c3c3c3c3c3c3c3c3c3c3c
       450  <<<<<<<<<<<<<,<<  3c3c3c3c3c3c3c3c3c3c3c3c3c2c3c3c
       445  <<<<,<<<<<<<<<<<  3c3c3c3c2c3c3c3c3c3c3c3c3c3c3c3c
# epoch 6400  H=1.1985 C=1.1433 HO=0.0154  A(t)=356
     20670  <<<<<<<<<<<<<<<<  3c3c3c3c3c3c3c3c3c3c3c3c3c3c3c3c
       660  ,,,,,,,,,,,,,,,,  2c2c2c2c2c2c2c2c2c2c2c2c2c2c2c2c
       513  <<<<<<<<<<<<<<<,  3c3c3c3c3c3c3c3c3c3c3c3c3c3c3c2c
       509  <<<<<<<<<<<<<<,<  3c3c3c3c3c3c3c3c3c3c3c3c3c3c2c3c
       495  <<<<<<<<<<<<<,<<  3c3c3c3c3c3c3c3c3c3c3c3c3c2c3c3c
       482  <,<<<<<<<<<<<<<<  3c2c3c3c3c3c3c3c3c3c3c3c3c3c3c3c
       474  ,<<<<<<<<<<<<<<<  2c3c3c3c3c3c3c3c3c3c3c3c3c3c3c3c
       471  <<<<<<<<<<<<,<<<  3c3c3c3c3c3c3c3c3c3c3c3c2c3c3c3c
       470  <<,<<<<<<<<<<<<<  3c3c2c3c3c3c3c3c3c3c3c3c3c3c3c3c
       463  <<<<<<<<<<,<<<<<  3c3c3c3c3c3c3c3c3c3c2c3c3c3c3c3c
# epoch 6450  H=1.2400 C=1.1876 HO=0.0147  A(t)=356
     20492  <<<<<<<<<<<<<<<<  3c3c3c3c3c3c3c3c3c3c3c3c3c3c3c3c
       657  ,,,,,,,,,,,,,,,,  2c2c2c2c2c2c2c2c2c2c2c2c2c2c2c2c
       543  <<<<<<<<<<<<<<<,  3c3c3c3c3c3c3c3c3c3c3c3c3c3c3c2c
       541  ,<<<<<<<<<<<<<<<  2c3c3c3c3c3c3c3c3c3c3c3c3c3c3c3c
       519  <<<<<<<<<<<<<<,<  3c3c3c3c3c3c3c3c3c3c3c3c3c3c2c3c
       503  <,<<<<<<<<<<<<<<  3c2c3c3c3c3c3c3c3c3c3c3c3c3c3c3c
       496  <<<<<<<<<<<<<,<<  3c3c3c3c3c3c3c3c3c3c3c3c3c2c3c3c
       485  <<,<<<<<<<<<<<<<  3c3c2c3c3c3c3c3c3c3c3c3c3c3c3c3c
       475  <<<,<<<<<<<<<<<<  3c3c3c2c3c3c3c3c3c3c3c3c3c3c3c3c
       474  <<<<<<<<<<<<,<<<  3c3c3c3c3c3c3c3c3c3c3c3c2c3c3c3c
# epoch 6500  H=1.1606 C=1.1354 HO=-0.0184  A(t)=356
     21533  <<<<<<<<<<<<<<<<  3c3c3c3c3c3c3c3c3c3c3c3c3c3c3c3c
       841  ,,,,,,,,,,,,,,,,  2c2c2c2c2c2c2c2c2c2c2c2c2c2c2c2c
       536  <<<<<<<<<<<<<<<,  3c3c3c3c3c3c3c3c3c3c3c3c3c3c3c2c
       516  ,<<<<<<<<<<<<<<<  2c3c3c3c3c3c3c3c3c3c3c3c3c3c3c3c
       496  <<<<<<<<<<<<<<,<  3c3c3c3c3c3c3c3c3c3c3c3c3c3c2c3c
       493  <<<<<<<<<<<<<,<<  3c3c3c3c3c3c3c3c3c3c3c3c3c2c3c3c
       487  <<<<<<<<<,<<<<<<  3c3c3c3c3c3c3c3c3c2c3c3c3c3c3c3c
       485  <<<<<<<<<<<<,<<<  3c3c3c3c3c3c3c3c3c3c3c3c2c3c3c3c
       485  <<<<<<<<,<<<<<<<  3c3c3c3c3c3c3c3c2c3c3c3c3c3c3c3c
       485  <<,<<<<<<<<<<<<<  3c3c2c3c3c3c3c3c3c3c3c3c3c3c3c3c
# epoch 6550  H=1.3012 C=1.2300 HO=0.0378  A(t)=356
     20319  <<<<<<<<<<<<<<<<  3c3c3c3c3c3c3c3c3c3c3c3c3c3c3c3c
       901  ,,,,,,,,,,,,,,,,  2c2c2c2c2c2c2c2c2c2c2c2c2c2c2c2c
       475  <<<<<<<<<<<<<<<,  3c3c3c3c3c3c3c3c3c3c3c3c3c3c3c2c
       456  ,<<<<<<<<<<<<<<<  2c3c3c3c3c3c3c3c3c3c3c3c3c3c3c3c
       447  <<<<<<<<<,<<<<<<  3c3c3c3c3c3c3c3c3c2c3c3c3c3c3c3c
       446  <<<<<<<,<<<<<<<<  3c3c3c3c3c3c3c2c3c3c3c3c3c3c3c3c
       440  <<<<<<,<<<<<<<<<  3c3c3c3c3c3c2c3c3c3c3c3c3c3c3c3c
       439  <<<<<<<<,<<<<<<<  3c3c3c3c3c3c3c3c2c3c3c3c3c3c3c3c
       439  <,<<<<<<<<<<<<<<  3c2c3c3c3c3c3c3c3c3c3c3c3c3c3c3c
       438  <<<<<<<<<<<<<,<<  3c3c3c3c3c3c3c3c3c3c3c3c3c2c3c3c
# epoch 6600  H=1.4041 C=1.3240 HO=0.0566  A(t)=356
     18392  <<<<<<<<<<<<<<<<  3c3c3c3c3c3c3c3c3c3c3c3c3c3c3c3c
       911  ,,,,,,,,,,,,,,,,  2c2c2c2c2c2c2c2c2c2c2c2c2c2c2c2c
       474  <<<<<<<<<<<<<<<,  3c3c3c3c3c3c3c3c3c3c3c3c3c3c3c2c
       473  ,<<<<<<<<<<<<<<<  2c3c3c3c3c3c3c3c3c3c3c3c3c3c3c3c
       461  <<<<<<<<<<<<<,<<  3c3c3c3c3c3c3c3c3c3c3c3c3c2c3c3c
       461  <,<<<<<<<<<<<<<<  3c2c3c3c3c3c3c3c3c3c3c3c3c3c3c3c
       460  <<<<<<<<<<<<,<<<  3c3c3c3c3c3c3c3c3c3c3c3c2c3c3c3c
       456  <<<<<<<<<<<<<<,<  3c3c3c3c3c3c3c3c3c3c3c3c3c3c2c3c
       451  <<<<<<<<<<<,<<<<  3c3c3c3c3c3c3c3c3c3c3c2c3c3c3c3c
       450  <<<<<<<<<<,<<<<<  3c3c3c3c3c3c3c3c3c3c2c3c3c3c3c3c
# epoch 6650  H=1.3272 C=1.2678 HO=0.0398  A(t)=356
     21836  <<<<<<<<<<<<<<<<  3c3c3c3c3c3c3c3c3c3c3c3c3c3c3c3c
       554  <<<<<<<<<<<<<<<,  3c3c3c3c3c3c3c3c3c3c3c3c3c3c3c2c
       539  ,<<<<<<<<<<<<<<<  2c3c3c3c3c3c3c3c3c3c3c3c3c3c3c3c
       531  <<<<<<<<<<<<<,<<  3c3c3c3c3c3c3c3c3c3c3c3c3c2c3c3c
       529  <<<<<<<<<<<<<<,<  3c3c3c3c3c3c3c3c3c3c3c3c3c3c2c3c
       529  <<,<<<<<<<<<<<<<  3c3c2c3c3c3c3c3c3c3c3c3c3c3c3c3c
       529  <,<<<<<<<<<<<<<<  3c2c3c3c3c3c3c3c3c3c3c3c3c3c3c3c
       528  <<<<<<<<<<<,<<<<  3c3c3c3c3c3c3c3c3c3c3c2c3c3c3c3c
       523  <<<<<<<<<<<<,<<<  3c3c3c3c3c3c3c3c3c3c3c3c2c3c3c3c
       519  <<<<<<<<<<,<<<<<  3c3c3c3c3c3c3c3c3c3c2c3c3c3c3c3c
# epoch 6700  H=1.4209 C=1.2925 HO=0.1158  A(t)=356
     21029  <<<<<<<<<<<<<<<<  3c3c3c3c3c3c3c3c3c3c3c3c3c3c3c3c
      1099  ,,,,,,,,,,,,,,,,  2c2c2c2c2c2c2c2c2c2c2c2c2c2c2c2c
       474  <<<<<<<<<<<<<<<,  3c3c3c3c3c3c3c3c3c3c3c3c3c3c3c2c
       472  ,<<<<<<<<<<<<<<<  2c3c3c3c3c3c3c3c3c3c3c3c3c3c3c3c
       464  <,<<<<<<<<<<<<<<  3c2c3c3c3c3c3c3c3c3c3c3c3c3c3c3c
       459  <<,<<<<<<<<<<<<<  3c3c2c3c3c3c3c3c3c3c3c3c3c3c3c3c
       446  <<<<<<<<<<<<<<,<  3c3c3c3c3c3c3c3c3c3c3c3c3c3c2c3c
       436  <<<,<<<<<<<<<<<<  3c3c3c2c3c3c3c3c3c3c3c3c3c3c3c3c
       431  <<<<<,<<<<<<<<<<  3c3c3c3c3c2c3c3c3c3c3c3c3c3c3c3c
       430  <<<<<<,<<<<<<<<<  3c3c3c3c3c3c2c3c3c3c3c3c3c3c3c3c
# epoch 6750  H=1.5027 C=1.3591 HO=0.1294  A(t)=356
     20090  <<<<<<<<<<<<<<<<  3c3c3c3c3c3c3c3c3c3c3c3c3c3c3c3c
      1151  ,,,,,,,,,,,,,,,,  2c2c2c2c2c2c2c2c2c2c2c2c2c2c2c2c
       459  <<<<<<<<<<<<<<<,  3c3c3c3c3c3c3c3c3c3c3c3c3c3c3c2c
       421  <<<<<<<<<<<<<<,<  3c3c3c3c3c3c3c3c3c3c3c3c3c3c2c3c
       421  ,<<<<<<<<<<<<<<<  2c3c3c3c3c3c3c3c3c3c3c3c3c3c3c3c
       414  <,<<<<<<<<<<<<<<  3c2c3c3c3c3c3c3c3c3c3c3c3c3c3c3c
       397  <<<<<<<<<<<<,<<<  3c3c3c3c3c3c3c3c3c3c3c3c2c3c3c3c
       395  <<<<<<<<<<<<<,<<  3c3c3c3c3c3c3c3c3c3c3c3c3c2c3c3c
       395  <<,<<<<<<<<<<<<<  3c3c2c3c3c3c3c3c3c3c3c3c3c3c3c3c
       393  <<<<<<<<<<<,<<<<  3c3c3c3c3c3c3c3c3c3c3c2c3c3c3c3c
# epoch 6800  H=1.6518 C=1.4939 HO=0.1490  A(t)=356
     17381  <<<<<<<<<<<<<<<<  3c3c3c3c3c3c3c3c3c3c3c3c3c3c3c3c
       954  ,,,,,,,,,,,,,,,,  2c2c2c2c2c2c2c2c2c2c2c2c2c2c2c2c
       425  <<<<<<<<<<<<<<<,  3c3c3c3c3c3c3c3c3c3c3c3c3c3c3c2c
       408  ,<<<<<<<<<<<<<<<  2c3c3c3c3c3c3c3c3c3c3c3c3c3c3c3c
       391  <<<<<<<<<<<<<<,<  3c3c3c3c3c3c3c3c3c3c3c3c3c3c2c3c
       390  <,<<<<<<<<<<<<<<  3c2c3c3c3c3c3c3c3c3c3c3c3c3c3c3c
       381  <<<<<<<<<<<<<,<<  3c3c3c3c3c3c3c3c3c3c3c3c3c2c3c3c
       381  <<<<<<<<<<<,<<<<  3c3c3c3c3c3c3c3c3c3c3c2c3c3c3c3c
       378  <<<,<<<<<<<<<<<<  3c3c3c2c3c3c3c3c3c3c3c3c3c3c3c3c
       377  <<<<,<<<<<<<<<<<  3c3c3c3c2c3c3c3c3c3c3c3c3c3c3c3c
# epoch 6850  H=1.5490 C=1.4097 HO=0.1307  A(t)=356
     18852  <<<<<<<<<<<<<<<<  3c3c3c3c3c3c3c3c3c3c3c3c3c3c3c3c
       679  ,,,,,,,,,,,,,,,,  2c2c2c2c2c2c2c2c2c2c2c2c2c2c2c2c
       458  <<<<<<<<<<<<<<<,  3c3c3c3c3c3c3c3c3c3c3c3c3c3c3c2c
       440  ,<<<<<<<<<<<<<<<  2c3c3c3c3c3c3c3c3c3c3c3c3c3c3c3c
       428  <<<<<<<<<<<<<<,<  3c3c3c3c3c3c3c3c3c3c3c3c3c3c2c3c
       422  <,<<<<<<<<<<<<<<  3c2c3c3c3c3c3c3c3c3c3c3c3c3c3c3c
       413  <<<,<<<<<<<<<<<<  3c3c3c2c3c3c3c3c3c3c3c3c3c3c3c3c
       412  <<<<<<<<<<<<<,<<  3c3c3c3c3c3c3c3c3c3c3c3c3c2c3c3c
       412  <<,<<<<<<<<<<<<<  3c3c2c3c3c3c3c3c3c3c3c3c3c3c3c3c
       405  <<<<<<<<<<<<,<<<  3c3c3c3c3c3c3c3c3c3c3c3c2c3c3c3c
# epoch 6900  H=1.4548 C=1.3545 HO=0.0799  A(t)=356
     18734  <<<<<<<<<<<<<<<<  3c3c3c3c3c3c3c3c3c3c3c3c3c3c3c3c
       761  ,,,,,,,,,,,,,,,,  2c2c2c2c2c2c2c2c2c2c2c2c2c2c2c2c
       433  <<<<<<<<<<<<<<<,  3c3c3c3c3c3c3c3c3c3c3c3c3c3c3c2c
       407  <<<<<<<<<<<<<<,<  3c3c3c3c3c3c3c3c3c3c3c3c3c3c2c3c
       406  ,<<<<<<<<<<<<<<<  2c3c3c3c3c3c3c3c3c3c3c3c3c3c3c3c
       402  <<,<<<<<<<<<<<<<  3c3c2c3c3c3c3c3c3c3c3c3c3c3c3c3c
       397  <,<<<<<<<<<<<<<<  3c2c3c3c3c3c3c3c3c3c3c3c3c3c3c3c
       395  <<<<<<<<<<<<<,<<  3c3c3c3c3c3c3c3c3c3c3c3c3c2c3c3c
       393  <<<<<<<<<<<<,<<<  3c3c3c3c3c3c3c3c3c3c3c3c2c3c3c3c
       393  <<<,<<<<<<<<<<<<  3c3c3c2c3c3c3c3c3c3c3c3c3c3c3c3c
# epoch 6950  H=1.3653 C=1.2894 HO=0.0462  A(t)=356
     20019  <<<<<<<<<<<<<<<<  3c3c3c3c3c3c3c3c3c3c3c3c3c3c3c3c
       689  ,,,,,,,,,,,,,,,,  2c2c2c2c2c2c2c2c2c2c2c2c2c2c2c2c
       496  ,<<<<<<<<<<<<<<<  2c3c3c3c3c3c3c3c3c3c3c3c3c3c3c3c
       492  <<<<<<<<<<<<<<<,  3c3c3c3c3c3c3c3c3c3c3c3c3c3c3c2c
       491  <<,<<<<<<<<<<<<<  3c3c2c3c3c3c3c3c3c3c3c3c3c3c3c3c
       487  <,<<<<<<<<<<<<<<  3c2c3c3c3c3c3c3c3c3c3c3c3c3c3c3c
       483  <<<<<<<<<<<<<<,<  3c3c3c3c3c3c3c3c3c3c3c3c3c3c2c3c
       480  <<<<<<,<<<<<<<<<  3c3c3c3c3c3c2c3c3c3c3c3c3c3c3c3c
       479  <<<<<,<<<<<<<<<<  3c3c3c3c3c2c3c3c3c3c3c3c3c3c3c3c
       475  <<<<<<<<<<,<<<<<  3c3c3c3c3c3c3c3c3c3c2c3c3c3c3c3c
# epoch 7000  H=1.3978 C=1.3278 HO=0.0380  A(t)=356
     19013  <<<<<<<<<<<<<<<<  3c3c3c3c3c3c3c3c3c3c3c3c3c3c3c3c
       577  ,,,,,,,,,,,,,,,,  2c2c2c2c2c2c2c2c2c2c2c2c2c2c2c2c
       467  <<<<<<<<<<<<<<<,  3c3c3c3c3c3c3c3c3c3c3c3c3c3c3c2c
       458  ,<<<<<<<<<<<<<<<  2c3c3c3c3c3c3c3c3c3c3c3c3c3c3c3c
       456  <<<<<<<<,<<<<<<<  3c3c3c3c3c3c3c3c2c3c3c3c3c3c3c3c
       455  <<,<<<<<<<<<<<<<  3c3c2c3c3c3c3c3c3c3c3c3c3c3c3c3c
       450  <<<<<<<<<<<<<,<<  3c3c3c3c3c3c3c3c3c3c3c3c3c2c3c3c
       449  <<<<<<<<<,<<<<<<  3c3c3c3c3c3c3c3c3c2c3c3c3c3c3c3c
       449  <<<<<<<,<<<<<<<<  3c3c3c3c3c3c3c2c3c3c3c3c3c3c3c3c
       448  <,<<<<<<<<<<<<<<  3c2c3c3c3c3c3c3c3c3c3c3c3c3c3c3c
# epoch 7050  H=1.4229 C=1.3419 HO=0.0527  A(t)=356
     19161  <<<<<<<<<<<<<<<<  3c3c3c3c3c3c3c3c3c3c3c3c3c3c3c3c
       849  ,,,,,,,,,,,,,,,,  2c2c2c2c2c2c2c2c2c2c2c2c2c2c2c2c
       461  <<<<<<<<<<<<<<<,  3c3c3c3c3c3c3c3c3c3c3c3c3c3c3c2c
       457  <<<<<<,<<<<<<<<<  3c3c3c3c3c3c2c3c3c3c3c3c3c3c3c3c
       457  ,<<<<<<<<<<<<<<<  2c3c3c3c3c3c3c3c3c3c3c3c3c3c3c3c
       448  <,<<<<<<<<<<<<<<  3c2c3c3c3c3c3c3c3c3c3c3c3c3c3c3c
       444  <<<<<<<<<<<<<<,<  3c3c3c3c3c3c3c3c3c3c3c3c3c3c2c3c
       438  <<<<<,<<<<<<<<<<  3c3c3c3c3c2c3c3c3c3c3c3c3c3c3c3c
       435  <<<<<<<,<<<<<<<<  3c3c3c3c3c3c3c2c3c3c3c3c3c3c3c3c
       434  <<,<<<<<<<<<<<<<  3c3c2c3c3c3c3c3c3c3c3c3c3c3c3c3c
# epoch 7100  H=1.3822 C=1.2974 HO=0.0572  A(t)=356
     19931  <<<<<<<<<<<<<<<<  3c3c3c3c3c3c3c3c3c3c3c3c3c3c3c3c
       842  ,,,,,,,,,,,,,,,,  2c2c2c2c2c2c2c2c2c2c2c2c2c2c2c2c
       464  <<<<<<<<<<<<<<<,  3c3c3c3c3c3c3c3c3c3c3c3c3c3c3c2c
       459  <,<<<<<<<<<<<<<<  3c2c3c3c3c3c3c3c3c3c3c3c3c3c3c3c
       458  ,<<<<<<<<<<<<<<<  2c3c3c3c3c3c3c3c3c3c3c3c3c3c3c3c
       453  <<,<<<<<<<<<<<<<  3c3c2c3c3c3c3c3c3c3c3c3c3c3c3c3c
       451  <<<<<<<<<<<<<<,<  3c3c3c3c3c3c3c3c3c3c3c3c3c3c2c3c
       439  <<<<<<<<<<<<<,<<  3c3c3c3c3c3c3c3c3c3c3c3c3c2c3c3c
       436  <<<<<<,<<<<<<<<<  3c3c3c3c3c3c2c3c3c3c3c3c3c3c3c3c
       432  <<<,<<<<<<<<<<<<  3c3c3c2c3c3c3c3c3c3c3c3c3c3c3c3c
# epoch 7150  H=1.2891 C=1.2219 HO=0.0376  A(t)=356
     21394  <<<<<<<<<<<<<<<<  3c3c3c3c3c3c3c3c3c3c3c3c3c3c3c3c
       925  ,,,,,,,,,,,,,,,,  2c2c2c2c2c2c2c2c2c2c2c2c2c2c2c2c
       465  <<<<<<<<<<<<<<<,  3c3c3c3c3c3c3c3c3c3c3c3c3c3c3c2c
       451  ,<<<<<<<<<<<<<<<  2c3c3c3c3c3c3c3c3c3c3c3c3c3c3c3c
       443  <,<<<<<<<<<<<<<<  3c2c3c3c3c3c3c3c3c3c3c3c3c3c3c3c
       440  <<<<<<<<<<<<<,<<  3c3c3c3c3c3c3c3c3c3c3c3c3c2c3c3c
       438  <<<<<<<<<<<<<<,<  3c3c3c3c3c3c3c3c3c3c3c3c3c3c2c3c
       436  <<,<<<<<<<<<<<<<  3c3c2c3c3c3c3c3c3c3c3c3c3c3c3c3c
       434  <<<<<<<<<<,<<<<<  3c3c3c3c3c3c3c3c3c3c2c3c3c3c3c3c
       434  <<<<<<<,<<<<<<<<  3c3c3c3c3c3c3c2c3c3c3c3c3c3c3c3c
# epoch 7200  H=1.3427 C=1.2876 HO=0.0169  A(t)=356
     19235  <<<<<<<<<<<<<<<<  3c3c3c3c3c3c3c3c3c3c3c3c3c3c3c3c
       848  ,,,,,,,,,,,,,,,,  2c2c2c2c2c2c2c2c2c2c2c2c2c2c2c2c
       509  <<<<<<<<<<<<<<<,  3c3c3c3c3c3c3c3c3c3c3c3c3c3c3c2c
       503  ,<<<<<<<<<<<<<<<  2c3c3c3c3c3c3c3c3c3c3c3c3c3c3c3c
       495  <,<<<<<<<<<<<<<<  3c2c3c3c3c3c3c3c3c3c3c3c3c3c3c3c
       486  <<<<,<<<<<<<<<<<  3c3c3c3c2c3c3c3c3c3c3c3c3c3c3c3c
       486  <<<,<<<<<<<<<<<<  3c3c3c2c3c3c3c3c3c3c3c3c3c3c3c3c
       484  <<<<<<<<<<<<<<,<  3c3c3c3c3c3c3c3c3c3c3c3c3c3c2c3c
       482  <<<<<,<<<<<<<<<<  3c3c3c3c3c2c3c3c3c3c3c3c3c3c3c3c
       482  <<,<<<<<<<<<<<<<  3c3c2c3c3c3c3c3c3c3c3c3c3c3c3c3c
# epoch 7250  H=1.3546 C=1.3019 HO=0.0162  A(t)=356
     19178  <<<<<<<<<<<<<<<<  3c3c3c3c3c3c3c3c3c3c3c3c3c3c3c3c
       859  ,,,,,,,,,,,,,,,,  2c2c2c2c2c2c2c2c2c2c2c2c2c2c2c2c
       477  <<<<<<<<<<<<<<<,  3c3c3c3c3c3c3c3c3c3c3c3c3c3c3c2c
       471  <,<<<<<<<<<<<<<<  3c2c3c3c3c3c3c3c3c3c3c3c3c3c3c3c
       470  <<<<<<<<<<<<<<,<  3c3c3c3c3c3c3c3c3c3c3c3c3c3c2c3c
       467  <<<<<<<<<<<<<,<<  3c3c3c3c3c3c3c3c3c3c3c3c3c2c3c3c
       464  ,<<<<<<<<<<<<<<<  2c3c3c3c3c3c3c3c3c3c3c3c3c3c3c3c
       456  <<,<<<<<<<<<<<<<  3c3c2c3c3c3c3c3c3c3c3c3c3c3c3c3c
       446  <<<<<<<<<<<<,<<<  3c3c3c3c3c3c3c3c3c3c3c3c2c3c3c3c
       442  <<<<<<<,<<<<<<<<  3c3c3c3c3c3c3c2c3c3c3c3c3c3c3c3c
# epoch 7300  H=1.4247 C=1.3309 HO=0.0642  A(t)=356
     19856  <<<<<<<<<<<<<<<<  3c3c3c3c3c3c3c3c3c3c3c3c3c3c3c3c
       601  ,,,,,,,,,,,,,,,,  2c2c2c2c2c2c2c2c2c2c2c2c2c2c2c2c
       476  <<<<<<<<<<<<<<<,  3c3c3c3c3c3c3c3c3c3c3c3c3c3c3c2c
       458  <<<<<<<<<<<<<<,<  3c3c3c3c3c3c3c3c3c3c3c3c3c3c2c3c
       454  ,<<<<<<<<<<<<<<<  2c3c3c3c3c3c3c3c3c3c3c3c3c3c3c3c
       446  <,<<<<<<<<<<<<<<  3c2c3c3c3c3c3c3c3c3c3c3c3c3c3c3c
       445  <<,<<<<<<<<<<<<<  3c3c2c3c3c3c3c3c3c3c3c3c3c3c3c3c
       443  <<<<<<<<<<<<<,<<  3c3c3c3c3c3c3c3c3c3c3c3c3c2c3c3c
       423  <<<,<<<<<<<<<<<<  3c3c3c2c3c3c3c3c3c3c3c3c3c3c3c3c
       422  <<<<,<<<<<<<<<<<  3c3c3c3c2c3c3c3c3c3c3c3c3c3c3c3c
# epoch 7350  H=1.3237 C=1.2566 HO=0.0340  A(t)=356
     20788  <<<<<<<<<<<<<<<<  3c3c3c3c3c3c3c3c3c3c3c3c3c3c3c3c
       793  ,,,,,,,,,,,,,,,,  2c2c2c2c2c2c2c2c2c2c2c2c2c2c2c2c
       491  <<<<<<<<<<<<<<<,  3c3c3c3c3c3c3c3c3c3c3c3c3c3c3c2c
       478  ,<<<<<<<<<<<<<<<  2c3c3c3c3c3c3c3c3c3c3c3c3c3c3c3c
       462  <<<<<<<<<<<<<<,<  3c3c3c3c3c3c3c3c3c3c3c3c3c3c2c3c
       451  <,<<<<<<<<<<<<<<  3c2c3c3c3c3c3c3c3c3c3c3c3c3c3c3c
       441  <<<<<<<<<<<<<,<<  3c3c3c3c3c3c3c3c3c3c3c3c3c2c3c3c
       439  <<<<,<<<<<<<<<<<  3c3c3c3c2c3c3c3c3c3c3c3c3c3c3c3c
       433  <<,<<<<<<<<<<<<<  3c3c2c3c3c3c3c3c3c3c3c3c3c3c3c3c
       430  <<<<<<<<<<<,<<<<  3c3c3c3c3c3c3c3c3c3c3c2c3c3c3c3c
# epoch 7400  H=1.2854 C=1.2551 HO=-0.0138  A(t)=356
     20745  <<<<<<<<<<<<<<<<  3c3c3c3c3c3c3c3c3c3c3c3c3c3c3c3c
       631  ,,,,,,,,,,,,,,,,  2c2c2c2c2c2c2c2c2c2c2c2c2c2c2c2c
       476  <<<<<<<<<<<<<<<,  3c3c3c3c3c3c3c3c3c3c3c3c3c3c3c2c
       461  <<<<<<<<<<<<,<<<  3c3c3c3c3c3c3c3c3c3c3c3c2c3c3c3c
       459  <<<<<<<<<<<<<,<<  3c3c3c3c3c3c3c3c3c3c3c3c3c2c3c3c
       453  <<<<<<<<<<<<<<,<  3c3c3c3c3c3c3c3c3c3c3c3c3c3c2c3c
       451  ,<<<<<<<<<<<<<<<  2c3c3c3c3c3c3c3c3c3c3c3c3c3c3c3c
       444  <,<<<<<<<<<<<<<<  3c2c3c3c3c3c3c3c3c3c3c3c3c3c3c3c
       443  <<<<<<<<<<<,<<<<  3c3c3c3c3c3c3c3c3c3c3c2c3c3c3c3c
       435  <<<<<<,<<<<<<<<<  3c3c3c3c3c3c2c3c3c3c3c3c3c3c3c3c
# epoch 7450  H=1.4178 C=1.3088 HO=0.0720  A(t)=356
     20091  <<<<<<<<<<<<<<<<  3c3c3c3c3c3c3c3c3c3c3c3c3c3c3c3c
       668  ,,,,,,,,,,,,,,,,  2c2c2c2c2c2c2c2c2c2c2c2c2c2c2c2c
       472  ,<<<<<<<<<<<<<<<  2c3c3c3c3c3c3c3c3c3c3c3c3c3c3c3c
       471  <<<<<<<<<<<<<<<,  3c3c3c3c3c3c3c3c3c3c3c3c3c3c3c2c
       445  <<<<<<<<<<<<<<,<  3c3c3c3c3c3c3c3c3c3c3c3c3c3c2c3c
       441  <<,<<<<<<<<<<<<<  3c3c2c3c3c3c3c3c3c3c3c3c3c3c3c3c
       440  <,<<<<<<<<<<<<<<  3c2c3c3c3c3c3c3c3c3c3c3c3c3c3c3c
       439  <<<<<<<<<<<<<,<<  3c3c3c3c3c3c3c3c3c3c3c3c3c2c3c3c
       436  <<<<<<<<<<<<,<<<  3c3c3c3c3c3c3c3c3c3c3c3c2c3c3c3c
       431  <<<<<<<<<<<,<<<<  3c3c3c3c3c3c3c3c3c3c3c2c3c3c3c3c
# epoch 7500  H=1.3862 C=1.2759 HO=0.0778  A(t)=356
     20569  <<<<<<<<<<<<<<<<  3c3c3c3c3c3c3c3c3c3c3c3c3c3c3c3c
       910  ,,,,,,,,,,,,,,,,  2c2c2c2c2c2c2c2c2c2c2c2c2c2c2c2c
       446  <<<<<<<<<<<<<<<,  3c3c3c3c3c3c3c3c3c3c3c3c3c3c3c2c
       431  ,<<<<<<<<<<<<<<<  2c3c3c3c3c3c3c3c3c3c3c3c3c3c3c3c
       423  <<<<<<<<<<<<<<,<  3c3c3c3c3c3c3c3c3c3c3c3c3c3c2c3c
       422  <,<<<<<<<<<<<<<<  3c2c3c3c3c3c3c3c3c3c3c3c3c3c3c3c
       400  <<,<<<<<<<<<<<<<  3c3c2c3c3c3c3c3c3c3c3c3c3c3c3c3c
       394  <<<<<<<<<<<<<,<<  3c3c3c3c3c3c3c3c3c3c3c3c3c2c3c3c
       384  <<<,<<<<<<<<<<<<  3c3c3c2c3c3c3c3c3c3c3c3c3c3c3c3c
       381  <<<<<<<<<<<<,<<<  3c3c3c3c3c3c3c3c3c3c3c3c2c3c3c3c
# epoch 7550  H=1.2007 C=1.1953 HO=-0.0264  A(t)=356
     21185  <<<<<<<<<<<<<<<<  3c3c3c3c3c3c3c3c3c3c3c3c3c3c3c3c
       526  <<<<<<<<<<<<<<<,  3c3c3c3c3c3c3c3c3c3c3c3c3c3c3c2c
       524  ,<<<<<<<<<<<<<<<  2c3c3c3c3c3c3c3c3c3c3c3c3c3c3c3c
       513  <<,<<<<<<<<<<<<<  3c3c2c3c3c3c3c3c3c3c3c3c3c3c3c3c
       507  <,<<<<<<<<<<<<<<  3c2c3c3c3c3c3c3c3c3c3c3c3c3c3c3c
       506  <<<<<<<<<<<<<<,<  3c3c3c3c3c3c3c3c3c3c3c3c3c3c2c3c
       497  <<<,<<<<<<<<<<<<  3c3c3c2c3c3c3c3c3c3c3c3c3c3c3c3c
       494  <<<<,<<<<<<<<<<<  3c3c3c3c2c3c3c3c3c3c3c3c3c3c3c3c
       489  <<<<<<<<<<<<<,<<  3c3c3c3c3c3c3c3c3c3c3c3c3c2c3c3c
       483  <<<<<<<<<<<<,<<<  3c3c3c3c3c3c3c3c3c3c3c3c2c3c3c3c
# epoch 7600  H=1.1863 C=1.1749 HO=-0.0221  A(t)=356
     21289  <<<<<<<<<<<<<<<<  3c3c3c3c3c3c3c3c3c3c3c3c3c3c3c3c
       842  ,,,,,,,,,,,,,,,,  2c2c2c2c2c2c2c2c2c2c2c2c2c2c2c2c
       522  <<<<<<<<<<<<<<<,  3c3c3c3c3c3c3c3c3c3c3c3c3c3c3c2c
       506  <<<<<<<<<<<<<<,<  3c3c3c3c3c3c3c3c3c3c3c3c3c3c2c3c
       506  <,<<<<<<<<<<<<<<  3c2c3c3c3c3c3c3c3c3c3c3c3c3c3c3c
       501  ,<<<<<<<<<<<<<<<  2c3c3c3c3c3c3c3c3c3c3c3c3c3c3c3c
       497  <<<<<<<<,<<<<<<<  3c3c3c3c3c3c3c3c2c3c3c3c3c3c3c3c
       496  <<<<<<<<<<<<,<<<  3c3c3c3c3c3c3c3c3c3c3c3c2c3c3c3c
       491  <<<<<<,<<<<<<<<<  3c3c3c3c3c3c2c3c3c3c3c3c3c3c3c3c
       490  <<<<<,<<<<<<<<<<  3c3c3c3c3c2c3c3c3c3c3c3c3c3c3c3c
# epoch 7650  H=1.2417 C=1.2003 HO=0.0129  A(t)=356
     19787  <<<<<<<<<<<<<<<<  3c3c3c3c3c3c3c3c3c3c3c3c3c3c3c3c
       786  ,,,,,,,,,,,,,,,,  2c2c2c2c2c2c2c2c2c2c2c2c2c2c2c2c
       537  <<<<<<<<<<<<<<<,  3c3c3c3c3c3c3c3c3c3c3c3c3c3c3c2c
       516  <<<<<<<<<<<<<<,<  3c3c3c3c3c3c3c3c3c3c3c3c3c3c2c3c
       508  ,<<<<<<<<<<<<<<<  2c3c3c3c3c3c3c3c3c3c3c3c3c3c3c3c
       504  <,<<<<<<<<<<<<<<  3c2c3c3c3c3c3c3c3c3c3c3c3c3c3c3c
       501  <<<<<<<<<<<<<,<<  3c3c3c3c3c3c3c3c3c3c3c3c3c2c3c3c
       491  <<<<<<<<<<<<,<<<  3c3c3c3c3c3c3c3c3c3c3c3c2c3c3c3c
       489  <<,<<<<<<<<<<<<<  3c3c2c3c3c3c3c3c3c3c3c3c3c3c3c3c
       477  <<<,<<<<<<<<<<<<  3c3c3c2c3c3c3c3c3c3c3c3c3c3c3c3c
# epoch 7700  H=1.1984 C=1.1785 HO=-0.0096  A(t)=356
     21624  <<<<<<<<<<<<<<<<  3c3c3c3c3c3c3c3c3c3c3c3c3c3c3c3c
       621  ,,,,,,,,,,,,,,,,  2c2c2c2c2c2c2c2c2c2c2c2c2c2c2c2c
       518  <<<<<<<<<<<<<<<,  3c3c3c3c3c3c3c3c3c3c3c3c3c3c3c2c
       506  ,<<<<<<<<<<<<<<<  2c3c3c3c3c3c3c3c3c3c3c3c3c3c3c3c
       499  <,<<<<<<<<<<<<<<  3c2c3c3c3c3c3c3c3c3c3c3c3c3c3c3c
       494  <<,<<<<<<<<<<<<<  3c3c2c3c3c3c3c3c3c3c3c3c3c3c3c3c
       493  <<<<<<<<<<<<<<,<  3c3c3c3c3c3c3c3c3c3c3c3c3c3c2c3c
       490  <<<<<<<<<<<<<,<<  3c3c3c3c3c3c3c3c3c3c3c3c3c2c3c3c
       486  <<<<<<<<<<<<,<<<  3c3c3c3c3c3c3c3c3c3c3c3c2c3c3c3c
       485  <<<,<<<<<<<<<<<<  3c3c3c2c3c3c3c3c3c3c3c3c3c3c3c3c
# epoch 7750  H=1.2444 C=1.2058 HO=0.0006  A(t)=356
     19883  <<<<<<<<<<<<<<<<  3c3c3c3c3c3c3c3c3c3c3c3c3c3c3c3c
       538  ,,,,,,,,,,,,,,,,  2c2c2c2c2c2c2c2c2c2c2c2c2c2c2c2c
       533  <<<<<<<<<<<<<<<,  3c3c3c3c3c3c3c3c3c3c3c3c3c3c3c2c
       519  <<<<<<<<<<<<<<,<  3c3c3c3c3c3c3c3c3c3c3c3c3c3c2c3c
       515  <<<<<<<<<<,<<<<<  3c3c3c3c3c3c3c3c3c3c2c3c3c3c3c3c
       515  <<<<<<<<<,<<<<<<  3c3c3c3c3c3c3c3c3c2c3c3c3c3c3c3c
       512  <<<<<<<<<<<<,<<<  3c3c3c3c3c3c3c3c3c3c3c3c2c3c3c3c
       511  <<<<<<<<<<<<<,<<  3c3c3c3c3c3c3c3c3c3c3c3c3c2c3c3c
       508  ,<<<<<<<<<<<<<<<  2c3c3c3c3c3c3c3c3c3c3c3c3c3c3c3c
       507  <<<<<<<<<<<,<<<<  3c3c3c3c3c3c3c3c3c3c3c2c3c3c3c3c
# epoch 7800  H=1.2984 C=1.1984 HO=0.0626  A(t)=356
     20801  <<<<<<<<<<<<<<<<  3c3c3c3c3c3c3c3c3c3c3c3c3c3c3c3c
       727  ,,,,,,,,,,,,,,,,  2c2c2c2c2c2c2c2c2c2c2c2c2c2c2c2c
       509  <<<<<<<<<<<<<<<,  3c3c3c3c3c3c3c3c3c3c3c3c3c3c3c2c
       507  <<<<<<<<<<<<<<,<  3c3c3c3c3c3c3c3c3c3c3c3c3c3c2c3c
       493  ,<<<<<<<<<<<<<<<  2c3c3c3c3c3c3c3c3c3c3c3c3c3c3c3c
       492  <,<<<<<<<<<<<<<<  3c2c3c3c3c3c3c3c3c3c3c3c3c3c3c3c
       486  <<<<<<<<<<<<<,<<  3c3c3c3c3c3c3c3c3c3c3c3c3c2c3c3c
       478  <<,<<<<<<<<<<<<<  3c3c2c3c3c3c3c3c3c3c3c3c3c3c3c3c
       457  <<<<<<<<<<<<,<<<  3c3c3c3c3c3c3c3c3c3c3c3c2c3c3c3c
       455  <<<<<<<<<<<,<<<<  3c3c3c3c3c3c3c3c3c3c3c2c3c3c3c3c
# epoch 7850  H=1.2144 C=1.1450 HO=0.0381  A(t)=356
     21384  <<<<<<<<<<<<<<<<  3c3c3c3c3c3c3c3c3c3c3c3c3c3c3c3c
       521  <<<<<<<<<<<<<<<,  3c3c3c3c3c3c3c3c3c3c3c3c3c3c3c2c
       511  ,<<<<<<<<<<<<<<<  2c3c3c3c3c3c3c3c3c3c3c3c3c3c3c3c
       510  <<<<<<<<<<<<<<,<  3c3c3c3c3c3c3c3c3c3c3c3c3c3c2c3c
       510  <<<<<<,<<<<<<<<<  3c3c3c3c3c3c2c3c3c3c3c3c3c3c3c3c
       508  <<,<<<<<<<<<<<<<  3c3c2c3c3c3c3c3c3c3c3c3c3c3c3c3c
       507  <<<<<<<,<<<<<<<<  3c3c3c3c3c3c3c2c3c3c3c3c3c3c3c3c
       507  <,<<<<<<<<<<<<<<  3c2c3c3c3c3c3c3c3c3c3c3c3c3c3c3c
       506  <<<<<,<<<<<<<<<<  3c3c3c3c3c2c3c3c3c3c3c3c3c3c3c3c
       505  <<<,<<<<<<<<<<<<  3c3c3c2c3c3c3c3c3c3c3c3c3c3c3c3c
# epoch 7900  H=1.1417 C=1.0847 HO=0.0331  A(t)=356
     23245  <<<<<<<<<<<<<<<<  3c3c3c3c3c3c3c3c3c3c3c3c3c3c3c3c
       584  <<<<<<<<<<<<<<<,  3c3c3c3c3c3c3c3c3c3c3c3c3c3c3c2c
       570  <<<<<<<<<<<<<<,<  3c3c3c3c3c3c3c3c3c3c3c3c3c3c2c3c
       570  ,<<<<<<<<<<<<<<<  2c3c3c3c3c3c3c3c3c3c3c3c3c3c3c3c
       569  <<,<<<<<<<<<<<<<  3c3c2c3c3c3c3c3c3c3c3c3c3c3c3c3c
       562  <<<<<<<<<<<<<,<<  3c3c3c3c3c3c3c3c3c3c3c3c3c2c3c3c
       551  <,<<<<<<<<<<<<<<  3c2c3c3c3c3c3c3c3c3c3c3c3c3c3c3c
       547  <<<<<<,<<<<<<<<<  3c3c3c3c3c3c2c3c3c3c3c3c3c3c3c3c
       546  <<<<<<<<<<<<,<<<  3c3c3c3c3c3c3c3c3c3c3c3c2c3c3c3c
       544  <<<<<<<<<<<,<<<<  3c3c3c3c3c3c3c3c3c3c3c2c3c3c3c3c
# epoch 7950  H=1.1561 C=1.0758 HO=0.0530  A(t)=356
     23391  <<<<<<<<<<<<<<<<  3c3c3c3c3c3c3c3c3c3c3c3c3c3c3c3c
       835  ,,,,,,,,,,,,,,,,  2c2c2c2c2c2c2c2c2c2c2c2c2c2c2c2c
       533  <<<<<<<<<<<<<<<,  3c3c3c3c3c3c3c3c3c3c3c3c3c3c3c2c
       524  ,<<<<<<<<<<<<<<<  2c3c3c3c3c3c3c3c3c3c3c3c3c3c3c3c
       506  <<,<<<<<<<<<<<<<  3c3c2c3c3c3c3c3c3c3c3c3c3c3c3c3c
       506  <,<<<<<<<<<<<<<<  3c2c3c3c3c3c3c3c3c3c3c3c3c3c3c3c
       498  <<<,<<<<<<<<<<<<  3c3c3c2c3c3c3c3c3c3c3c3c3c3c3c3c
       497  <<<<<<<<<<<<<<,<  3c3c3c3c3c3c3c3c3c3c3c3c3c3c2c3c
       489  <<<<<<,<<<<<<<<<  3c3c3c3c3c3c2c3c3c3c3c3c3c3c3c3c
       484  <<<<,<<<<<<<<<<<  3c3c3c3c2c3c3c3c3c3c3c3c3c3c3c3c
# epoch 8000  H=1.1808 C=1.1439 HO=0.0027  A(t)=356
     21228  <<<<<<<<<<<<<<<<  3c3c3c3c3c3c3c3c3c3c3c3c3c3c3c3c
       614  ,,,,,,,,,,,,,,,,  2c2c2c2c2c2c2c2c2c2c2c2c2c2c2c2c
       538  <<<<<<<<<<<<<<<,  3c3c3c3c3c3c3c3c3c3c3c3c3c3c3c2c
       523  <<<<<<<<<<<<<<,<  3c3c3c3c3c3c3c3c3c3c3c3c3c3c2c3c
       516  <,<<<<<<<<<<<<<<  3c2c3c3c3c3c3c3c3c3c3c3c3c3c3c3c
       515  ,<<<<<<<<<<<<<<<  2c3c3c3c3c3c3c3c3c3c3c3c3c3c3c3c
       502  <<<<<<<<<<<<<,<<  3c3c3c3c3c3c3c3c3c3c3c3c3c2c3c3c
       499  <<<<<<<<<<<<,<<<  3c3c3c3c3c3c3c3c3c3c3c3c2c3c3c3c
       490  <<<<<<<<<<<,<<<<  3c3c3c3c3c3c3c3c3c3c3c2c3c3c3c3c
       489  <<,<<<<<<<<<<<<<  3c3c2c3c3c3c3c3c3c3c3c3c3c3c3c3c
# epoch 8050  H=1.1436 C=1.0927 HO=0.0194  A(t)=356
     22370  <<<<<<<<<<<<<<<<  3c3c3c3c3c3c3c3c3c3c3c3c3c3c3c3c
       670  ,,,,,,,,,,,,,,,,  2c2c2c2c2c2c2c2c2c2c2c2c2c2c2c2c
       572  <<<<<<<<<<<<<<<,  3c3c3c3c3c3c3c3c3c3c3c3c3c3c3c2c
       557  <<<<<<<<<<<<<<,<  3c3c3c3c3c3c3c3c3c3c3c3c3c3c2c3c
       550  ,<<<<<<<<<<<<<<<  2c3c3c3c3c3c3c3c3c3c3c3c3c3c3c3c
       540  <<<<<<<<<<<<<,<<  3c3c3c3c3c3c3c3c3c3c3c3c3c2c3c3c
       538  <,<<<<<<<<<<<<<<  3c2c3c3c3c3c3c3c3c3c3c3c3c3c3c3c
       528  <<,<<<<<<<<<<<<<  3c3c2c3c3c3c3c3c3c3c3c3c3c3c3c3c
       511  <<<,<<<<<<<<<<<<  3c3c3c2c3c3c3c3c3c3c3c3c3c3c3c3c
       509  <<<<<<<<<<<<,<<<  3c3c3c3c3c3c3c3c3c3c3c3c2c3c3c3c
# epoch 8100  H=1.1294 C=1.0905 HO=0.0033  A(t)=356
     22752  <<<<<<<<<<<<<<<<  3c3c3c3c3c3c3c3c3c3c3c3c3c3c3c3c
       644  ,,,,,,,,,,,,,,,,  2c2c2c2c2c2c2c2c2c2c2c2c2c2c2c2c
       567  <<<<<<<<<<<<<<<,  3c3c3c3c3c3c3c3c3c3c3c3c3c3c3c2c
       561  ,<<<<<<<<<<<<<<<  2c3c3c3c3c3c3c3c3c3c3c3c3c3c3c3c
       539  <<<<<<<<<<<<<<,<  3c3c3c3c3c3c3c3c3c3c3c3c3c3c2c3c
       533  <,<<<<<<<<<<<<<<  3c2c3c3c3c3c3c3c3c3c3c3c3c3c3c3c
       526  <<<<<<<<<<<<<,<<  3c3c3c3c3c3c3c3c3c3c3c3c3c2c3c3c
       521  <<,<<<<<<<<<<<<<  3c3c2c3c3c3c3c3c3c3c3c3c3c3c3c3c
       512  <<<<,<<<<<<<<<<<  3c3c3c3c2c3c3c3c3c3c3c3c3c3c3c3c
       510  <<<,<<<<<<<<<<<<  3c3c3c2c3c3c3c3c3c3c3c3c3c3c3c3c
# epoch 8150  H=1.1991 C=1.1342 HO=0.0308  A(t)=356
     20695  <<<<<<<<<<<<<<<<  3c3c3c3c3c3c3c3c3c3c3c3c3c3c3c3c
      1041  ,,,,,,,,,,,,,,,,  2c2c2c2c2c2c2c2c2c2c2c2c2c2c2c2c
       532  <<<<<<<<<<<<<<<,  3c3c3c3c3c3c3c3c3c3c3c3c3c3c3c2c
       528  <<<<<<<<<<<<<<,<  3c3c3c3c3c3c3c3c3c3c3c3c3c3c2c3c
       510  <<<<<<<<<<<<<,<<  3c3c3c3c3c3c3c3c3c3c3c3c3c2c3c3c
       509  <,<<<<<<<<<<<<<<  3c2c3c3c3c3c3c3c3c3c3c3c3c3c3c3c
       508  ,<<<<<<<<<<<<<<<  2c3c3c3c3c3c3c3c3c3c3c3c3c3c3c3c
       504  <<,<<<<<<<<<<<<<  3c3c2c3c3c3c3c3c3c3c3c3c3c3c3c3c
       501  <<<<<<<<<<,<<<<<  3c3c3c3c3c3c3c3c3c3c2c3c3c3c3c3c
       498  <<<<<<<<<,<<<<<<  3c3c3c3c3c3c3c3c3c2c3c3c3c3c3c3c
# epoch 8200  H=1.1813 C=1.1416 HO=0.0107  A(t)=356
     19866  <<<<<<<<<<<<<<<<  3c3c3c3c3c3c3c3c3c3c3c3c3c3c3c3c
       881  ,,,,,,,,,,,,,,,,  2c2c2c2c2c2c2c2c2c2c2c2c2c2c2c2c
       545  <<<<<<<<<<<<<<<,  3c3c3c3c3c3c3c3c3c3c3c3c3c3c3c2c
       534  ,<<<<<<<<<<<<<<<  2c3c3c3c3c3c3c3c3c3c3c3c3c3c3c3c
       525  <<<<<<<<<<<<<<,<  3c3c3c3c3c3c3c3c3c3c3c3c3c3c2c3c
       522  <,<<<<<<<<<<<<<<  3c2c3c3c3c3c3c3c3c3c3c3c3c3c3c3c
       513  <<,<<<<<<<<<<<<<  3c3c2c3c3c3c3c3c3c3c3c3c3c3c3c3c
       508  <<<<<<<<<<<<<,<<  3c3c3c3c3c3c3c3c3c3c3c3c3c2c3c3c
       497  <<<<,<<<<<<<<<<<  3c3c3c3c2c3c3c3c3c3c3c3c3c3c3c3c
       497  <<<,<<<<<<<<<<<<  3c3c3c2c3c3c3c3c3c3c3c3c3c3c3c3c
# epoch 8250  H=1.2764 C=1.1617 HO=0.0834  A(t)=356
     21354  <<<<<<<<<<<<<<<<  3c3c3c3c3c3c3c3c3c3c3c3c3c3c3c3c
       999  ,,,,,,,,,,,,,,,,  2c2c2c2c2c2c2c2c2c2c2c2c2c2c2c2c
       539  <<<<<<<<<<<<<<<,  3c3c3c3c3c3c3c3c3c3c3c3c3c3c3c2c
       535  <<<<<<<<<,<<<<<<  3c3c3c3c3c3c3c3c3c2c3c3c3c3c3c3c
       531  ,<<<<<<<<<<<<<<<  2c3c3c3c3c3c3c3c3c3c3c3c3c3c3c3c
       530  <<,<<<<<<<<<<<<<  3c3c2c3c3c3c3c3c3c3c3c3c3c3c3c3c
       530  <,<<<<<<<<<<<<<<  3c2c3c3c3c3c3c3c3c3c3c3c3c3c3c3c
       529  <<<<<<<<,<<<<<<<  3c3c3c3c3c3c3c3c2c3c3c3c3c3c3c3c
       525  <<<<<<<<<<,<<<<<  3c3c3c3c3c3c3c3c3c3c2c3c3c3c3c3c
       525  <<<,<<<<<<<<<<<<  3c3c3c2c3c3c3c3c3c3c3c3c3c3c3c3c
# epoch 8300  H=1.3826 C=1.2516 HO=0.1316  A(t)=356
     22132  <<<<<<<<<<<<<<<<  3c3c3c3c3c3c3c3c3c3c3c3c3c3c3c3c
       680  ,,,,,,,,,,,,,,,,  2c2c2c2c2c2c2c2c2c2c2c2c2c2c2c2c
       529  <<<<<<<<<<<<<<<,  3c3c3c3c3c3c3c3c3c3c3c3c3c3c3c2c
       507  <<<<<<<<<<<<<<,<  3c3c3c3c3c3c3c3c3c3c3c3c3c3c2c3c
       506  ,<<<<<<<<<<<<<<<  2c3c3c3c3c3c3c3c3c3c3c3c3c3c3c3c
       487  <,<<<<<<<<<<<<<<  3c2c3c3c3c3c3c3c3c3c3c3c3c3c3c3c
       479  <<<<<<<<<<<<<,<<  3c3c3c3c3c3c3c3c3c3c3c3c3c2c3c3c
       468  <<,<<<<<<<<<<<<<  3c3c2c3c3c3c3c3c3c3c3c3c3c3c3c3c
       463  <<<<<<<<<,<<<<<<  3c3c3c3c3c3c3c3c3c2c3c3c3c3c3c3c
       460  <<<<<<,<<<<<<<<<  3c3c3c3c3c3c2c3c3c3c3c3c3c3c3c3c
# epoch 8350  H=1.4826 C=1.3322 HO=0.1462  A(t)=356
     20060  <<<<<<<<<<<<<<<<  3c3c3c3c3c3c3c3c3c3c3c3c3c3c3c3c
       534  ,,,,,,,,,,,,,,,,  2c2c2c2c2c2c2c2c2c2c2c2c2c2c2c2c
       479  <<<<<<<<<<<<<<<,  3c3c3c3c3c3c3c3c3c3c3c3c3c3c3c2c
       464  <<<<<<<<<<<<<<,<  3c3c3c3c3c3c3c3c3c3c3c3c3c3c2c3c
       455  ,<<<<<<<<<<<<<<<  2c3c3c3c3c3c3c3c3c3c3c3c3c3c3c3c
       448  <<<<<<<<<<<<<,<<  3c3c3c3c3c3c3c3c3c3c3c3c3c2c3c3c
       447  <<<<<<,<<<<<<<<<  3c3c3c3c3c3c2c3c3c3c3c3c3c3c3c3c
       447  <,<<<<<<<<<<<<<<  3c2c3c3c3c3c3c3c3c3c3c3c3c3c3c3c
       446  <<<<<<<,<<<<<<<<  3c3c3c3c3c3c3c2c3c3c3c3c3c3c3c3c
       446  <<<<<,<<<<<<<<<<  3c3c3c3c3c2c3c3c3c3c3c3c3c3c3c3c
# epoch 8400  H=1.4425 C=1.3113 HO=0.1103  A(t)=356
     19094  <<<<<<<<<<<<<<<<  3c3c3c3c3c3c3c3c3c3c3c3c3c3c3c3c
       689  ,,,,,,,,,,,,,,,,  2c2c2c2c2c2c2c2c2c2c2c2c2c2c2c2c
       519  <<<<<<<<<<<<<<<,  3c3c3c3c3c3c3c3c3c3c3c3c3c3c3c2c
       499  <<<<<<<<<<<<<<,<  3c3c3c3c3c3c3c3c3c3c3c3c3c3c2c3c
       490  ,<<<<<<<<<<<<<<<  2c3c3c3c3c3c3c3c3c3c3c3c3c3c3c3c
       487  <<<<<<<<<<<<<,<<  3c3c3c3c3c3c3c3c3c3c3c3c3c2c3c3c
       477  <<,<<<<<<<<<<<<<  3c3c2c3c3c3c3c3c3c3c3c3c3c3c3c3c
       477  <,<<<<<<<<<<<<<<  3c2c3c3c3c3c3c3c3c3c3c3c3c3c3c3c
       461  <<<<<<<<<<<<,<<<  3c3c3c3c3c3c3c3c3c3c3c3c2c3c3c3c
       456  <<<,<<<<<<<<<<<<  3c3c3c2c3c3c3c3c3c3c3c3c3c3c3c3c
# epoch 8450  H=1.4448 C=1.3026 HO=0.1209  A(t)=356
     20220  <<<<<<<<<<<<<<<<  3c3c3c3c3c3c3c3c3c3c3c3c3c3c3c3c
       555  ,,,,,,,,,,,,,,,,  2c2c2c2c2c2c2c2c2c2c2c2c2c2c2c2c
       539  <<<<<<<<<<<<<<<,  3c3c3c3c3c3c3c3c3c3c3c3c3c3c3c2c
       537  ,<<<<<<<<<<<<<<<  2c3c3c3c3c3c3c3c3c3c3c3c3c3c3c3c
       527  <<<<<<,<<<<<<<<<  3c3c3c3c3c3c2c3c3c3c3c3c3c3c3c3c
       527  <,<<<<<<<<<<<<<<  3c2c3c3c3c3c3c3c3c3c3c3c3c3c3c3c
       523  <<<<<<<,<<<<<<<<  3c3c3c3c3c3c3c2c3c3c3c3c3c3c3c3c
       520  <<<<<,<<<<<<<<<<  3c3c3c3c3c2c3c3c3c3c3c3c3c3c3c3c
       517  <<<<,<<<<<<<<<<<  3c3c3c3c2c3c3c3c3c3c3c3c3c3c3c3c
       514  <<<<<<<<,<<<<<<<  3c3c3c3c3c3c3c3c2c3c3c3c3c3c3c3c
# epoch 8500  H=1.4024 C=1.2903 HO=0.0977  A(t)=356
     21100  <<<<<<<<<<<<<<<<  3c3c3c3c3c3c3c3c3c3c3c3c3c3c3c3c
       634  ,,,,,,,,,,,,,,,,  2c2c2c2c2c2c2c2c2c2c2c2c2c2c2c2c
       508  <<<<<<<<<<<<<<<,  3c3c3c3c3c3c3c3c3c3c3c3c3c3c3c2c
       499  <<<<<<<<<<<<<<,<  3c3c3c3c3c3c3c3c3c3c3c3c3c3c2c3c
       491  <<<<<<<<<<<<<,<<  3c3c3c3c3c3c3c3c3c3c3c3c3c2c3c3c
       485  ,<<<<<<<<<<<<<<<  2c3c3c3c3c3c3c3c3c3c3c3c3c3c3c3c
       479  <<,<<<<<<<<<<<<<  3c3c2c3c3c3c3c3c3c3c3c3c3c3c3c3c
       477  <,<<<<<<<<<<<<<<  3c2c3c3c3c3c3c3c3c3c3c3c3c3c3c3c
       476  <<<<<<<<<<<<,<<<  3c3c3c3c3c3c3c3c3c3c3c3c2c3c3c3c
       475  <<<,<<<<<<<<<<<<  3c3c3c2c3c3c3c3c3c3c3c3c3c3c3c3c
# epoch 8550  H=1.3663 C=1.2738 HO=0.0718  A(t)=356
     19542  <<<<<<<<<<<<<<<<  3c3c3c3c3c3c3c3c3c3c3c3c3c3c3c3c
       838  ,,,,,,,,,,,,,,,,  2c2c2c2c2c2c2c2c2c2c2c2c2c2c2c2c
       495  <<<<<<<<<<<<<<<,  3c3c3c3c3c3c3c3c3c3c3c3c3c3c3c2c
       486  ,<<<<<<<<<<<<<<<  2c3c3c3c3c3c3c3c3c3c3c3c3c3c3c3c
       484  <<<<<<<<<<<<<<,<  3c3c3c3c3c3c3c3c3c3c3c3c3c3c2c3c
       472  <,<<<<<<<<<<<<<<  3c2c3c3c3c3c3c3c3c3c3c3c3c3c3c3c
       458  <<,<<<<<<<<<<<<<  3c3c2c3c3c3c3c3c3c3c3c3c3c3c3c3c
       457  <<<<<<<<<<<<<,<<  3c3c3c3c3c3c3c3c3c3c3c3c3c2c3c3c
       435  <<<,<<<<<<<<<<<<  3c3c3c2c3c3c3c3c3c3c3c3c3c3c3c3c
       429  <<<<<<<<<<<<,<<<  3c3c3c3c3c3c3c3c3c3c3c3c2c3c3c3c
# epoch 8600  H=1.3316 C=1.2552 HO=0.0560  A(t)=356
     20102  <<<<<<<<<<<<<<<<  3c3c3c3c3c3c3c3c3c3c3c3c3c3c3c3c
       794  ,,,,,,,,,,,,,,,,  2c2c2c2c2c2c2c2c2c2c2c2c2c2c2c2c
       528  <<<<<<<<<<<<<<<,  3c3c3c3c3c3c3c3c3c3c3c3c3c3c3c2c
       521  ,<<<<<<<<<<<<<<<  2c3c3c3c3c3c3c3c3c3c3c3c3c3c3c3c
       506  <<<<<<<<<<<<<<,<  3c3c3c3c3c3c3c3c3c3c3c3c3c3c2c3c
       494  <,<<<<<<<<<<<<<<  3c2c3c3c3c3c3c3c3c3c3c3c3c3c3c3c
       487  <<<<<<<<<<<<<,<<  3c3c3c3c3c3c3c3c3c3c3c3c3c2c3c3c
       474  <<,<<<<<<<<<<<<<  3c3c2c3c3c3c3c3c3c3c3c3c3c3c3c3c
       473  <<<<<<<<<<<<,<<<  3c3c3c3c3c3c3c3c3c3c3c3c2c3c3c3c
       472  <<<<<<<,<<<<<<<<  3c3c3c3c3c3c3c2c3c3c3c3c3c3c3c3c
# epoch 8650  H=1.2732 C=1.1832 HO=0.0613  A(t)=356
     21885  <<<<<<<<<<<<<<<<  3c3c3c3c3c3c3c3c3c3c3c3c3c3c3c3c
       781  ,,,,,,,,,,,,,,,,  2c2c2c2c2c2c2c2c2c2c2c2c2c2c2c2c
       528  <<<<<<<<<<<<<<<,  3c3c3c3c3c3c3c3c3c3c3c3c3c3c3c2c
       521  ,<<<<<<<<<<<<<<<  2c3c3c3c3c3c3c3c3c3c3c3c3c3c3c3c
       504  <<<<<<<<<<<<<<,<  3c3c3c3c3c3c3c3c3c3c3c3c3c3c2c3c
       504  <,<<<<<<<<<<<<<<  3c2c3c3c3c3c3c3c3c3c3c3c3c3c3c3c
       494  <<,<<<<<<<<<<<<<  3c3c2c3c3c3c3c3c3c3c3c3c3c3c3c3c
       493  <<<<<<<<<<<<<,<<  3c3c3c3c3c3c3c3c3c3c3c3c3c2c3c3c
       482  <<<<<<<<<<<<,<<<  3c3c3c3c3c3c3c3c3c3c3c3c2c3c3c3c
       480  <<<,<<<<<<<<<<<<  3c3c3c2c3c3c3c3c3c3c3c3c3c3c3c3c
# epoch 8700  H=1.1902 C=1.1705 HO=-0.0093  A(t)=356
     20714  <<<<<<<<<<<<<<<<  3c3c3c3c3c3c3c3c3c3c3c3c3c3c3c3c
       580  <<<<<<<<<<<<<<<,  3c3c3c3c3c3c3c3c3c3c3c3c3c3c3c2c
       564  ,<<<<<<<<<<<<<<<  2c3c3c3c3c3c3c3c3c3c3c3c3c3c3c3c
       558  <<<<<<<<<<<<<<,<  3c3c3c3c3c3c3c3c3c3c3c3c3c3c2c3c
       556  <<<<<<<<<<<<<,<<  3c3c3c3c3c3c3c3c3c3c3c3c3c2c3c3c
       541  <<,<<<<<<<<<<<<<  3c3c2c3c3c3c3c3c3c3c3c3c3c3c3c3c
       530  <,<<<<<<<<<<<<<<  3c2c3c3c3c3c3c3c3c3c3c3c3c3c3c3c
       521  <<<<<<<<<<<<,<<<  3c3c3c3c3c3c3c3c3c3c3c3c2c3c3c3c
       515  <<<,<<<<<<<<<<<<  3c3c3c2c3c3c3c3c3c3c3c3c3c3c3c3c
       508  <<<<<<<<<<<,<<<<  3c3c3c3c3c3c3c3c3c3c3c2c3c3c3c3c
# epoch 8750  H=1.2251 C=1.1815 HO=0.0103  A(t)=356
     21778  <<<<<<<<<<<<<<<<  3c3c3c3c3c3c3c3c3c3c3c3c3c3c3c3c
       639  ,,,,,,,,,,,,,,,,  2c2c2c2c2c2c2c2c2c2c2c2c2c2c2c2c
       524  <<<<<<<<<<<<<<<,  3c3c3c3c3c3c3c3c3c3c3c3c3c3c3c2c
       514  ,<<<<<<<<<<<<<<<  2c3c3c3c3c3c3c3c3c3c3c3c3c3c3c3c
       500  <,<<<<<<<<<<<<<<  3c2c3c3c3c3c3c3c3c3c3c3c3c3c3c3c
       498  <<,<<<<<<<<<<<<<  3c3c2c3c3c3c3c3c3c3c3c3c3c3c3c3c
       497  <<<<<<<<<<<<<<,<  3c3c3c3c3c3c3c3c3c3c3c3c3c3c2c3c
       492  <<<<<<<<,<<<<<<<  3c3c3c3c3c3c3c3c2c3c3c3c3c3c3c3c
       492  <<<<<<,<<<<<<<<<  3c3c3c3c3c3c2c3c3c3c3c3c3c3c3c3c
       491  <<<<<<<<<<<,<<<<  3c3c3c3c3c3c3c3c3c3c3c2c3c3c3c3c
# epoch 8800  H=1.2825 C=1.2375 HO=0.0209  A(t)=356
     21716  <<<<<<<<<<<<<<<<  3c3c3c3c3c3c3c3c3c3c3c3c3c3c3c3c
       655  ,,,,,,,,,,,,,,,,  2c2c2c2c2c2c2c2c2c2c2c2c2c2c2c2c
       566  <<<<<<<<<<<<<<<,  3c3c3c3c3c3c3c3c3c3c3c3c3c3c3c2c
       554  ,<<<<<<<<<<<<<<<  2c3c3c3c3c3c3c3c3c3c3c3c3c3c3c3c
       543  <<<<<<<<<<<<<<,<  3c3c3c3c3c3c3c3c3c3c3c3c3c3c2c3c
       537  <,<<<<<<<<<<<<<<  3c2c3c3c3c3c3c3c3c3c3c3c3c3c3c3c
       518  <<,<<<<<<<<<<<<<  3c3c2c3c3c3c3c3c3c3c3c3c3c3c3c3c
       516  <<<<<<<<<<<<<,<<  3c3c3c3c3c3c3c3c3c3c3c3c3c2c3c3c
       484  <<<<<<<<<<<<,<<<  3c3c3c3c3c3c3c3c3c3c3c3c2c3c3c3c
       483  <<<,<<<<<<<<<<<<  3c3c3c2c3c3c3c3c3c3c3c3c3c3c3c3c
# epoch 8850  H=1.2932 C=1.2137 HO=0.0587  A(t)=356
     21712  <<<<<<<<<<<<<<<<  3c3c3c3c3c3c3c3c3c3c3c3c3c3c3c3c
       765  ,,,,,,,,,,,,,,,,  2c2c2c2c2c2c2c2c2c2c2c2c2c2c2c2c
       500  ,<<<<<<<<<<<<<<<  2c3c3c3c3c3c3c3c3c3c3c3c3c3c3c3c
       496  <,<<<<<<<<<<<<<<  3c2c3c3c3c3c3c3c3c3c3c3c3c3c3c3c
       494  <<,<<<<<<<<<<<<<  3c3c2c3c3c3c3c3c3c3c3c3c3c3c3c3c
       489  <<<<<<<<<<<<<<<,  3c3c3c3c3c3c3c3c3c3c3c3c3c3c3c2c
       487  <<<<,<<<<<<<<<<<  3c3c3c3c2c3c3c3c3c3c3c3c3c3c3c3c
       482  <<<,<<<<<<<<<<<<  3c3c3c2c3c3c3c3c3c3c3c3c3c3c3c3c
       476  <<<<<<<<<<<<<<,<  3c3c3c3c3c3c3c3c3c3c3c3c3c3c2c3c
       475  <<<<<<<<<<<<<,<<  3c3c3c3c3c3c3c3c3c3c3c3c3c2c3c3c
# epoch 8900  H=1.2188 C=1.1653 HO=0.0288  A(t)=356
     22319  <<<<<<<<<<<<<<<<  3c3c3c3c3c3c3c3c3c3c3c3c3c3c3c3c
       582  ,,,,,,,,,,,,,,,,  2c2c2c2c2c2c2c2c2c2c2c2c2c2c2c2c
       477  <<<<<<<<<<<<<<<,  3c3c3c3c3c3c3c3c3c3c3c3c3c3c3c2c
       470  <<<<<<<<<<<<<,<<  3c3c3c3c3c3c3c3c3c3c3c3c3c2c3c3c
       461  <<<<<<<<<<<<<<,<  3c3c3c3c3c3c3c3c3c3c3c3c3c3c2c3c
       460  <<<<<<<<<<<<,<<<  3c3c3c3c3c3c3c3c3c3c3c3c2c3c3c3c
       457  <<<<<<<<<<,<<<<<  3c3c3c3c3c3c3c3c3c3c2c3c3c3c3c3c
       455  ,<<<<<<<<<<<<<<<  2c3c3c3c3c3c3c3c3c3c3c3c3c3c3c3c
       454  <<,<<<<<<<<<<<<<  3c3c2c3c3c3c3c3c3c3c3c3c3c3c3c3c
       452  <<<<<<<<,<<<<<<<  3c3c3c3c3c3c3c3c2c3c3c3c3c3c3c3c
# epoch 8950  H=1.2698 C=1.2197 HO=0.0186  A(t)=356
     21668  <<<<<<<<<<<<<<<<  3c3c3c3c3c3c3c3c3c3c3c3c3c3c3c3c
       503  <<<<<<<<<<<<<<<,  3c3c3c3c3c3c3c3c3c3c3c3c3c3c3c2c
       490  <<<<<<<<<<<<<<,<  3c3c3c3c3c3c3c3c3c3c3c3c3c3c2c3c
       482  ,<<<<<<<<<<<<<<<  2c3c3c3c3c3c3c3c3c3c3c3c3c3c3c3c
       475  <<<<<<<<<<<<<,<<  3c3c3c3c3c3c3c3c3c3c3c3c3c2c3c3c
       473  <<<<<<<<<<<,<<<<  3c3c3c3c3c3c3c3c3c3c3c2c3c3c3c3c
       472  <<<<<<<<<<<<,<<<  3c3c3c3c3c3c3c3c3c3c3c3c2c3c3c3c
       467  <<,<<<<<<<<<<<<<  3c3c2c3c3c3c3c3c3c3c3c3c3c3c3c3c
       466  ,,,,,,,,,,,,,,,,  2c2c2c2c2c2c2c2c2c2c2c2c2c2c2c2c
       465  <,<<<<<<<<<<<<<<  3c2c3c3c3c3c3c3c3c3c3c3c3c3c3c3c
# epoch 9000  H=1.2606 C=1.2231 HO=0.0102  A(t)=356
     20531  <<<<<<<<<<<<<<<<  3c3c3c3c3c3c3c3c3c3c3c3c3c3c3c3c
       565  ,,,,,,,,,,,,,,,,  2c2c2c2c2c2c2c2c2c2c2c2c2c2c2c2c
       495  <<<<<<<<<<<<<<<,  3c3c3c3c3c3c3c3c3c3c3c3c3c3c3c2c
       486  ,<<<<<<<<<<<<<<<  2c3c3c3c3c3c3c3c3c3c3c3c3c3c3c3c
       468  <<<<<<<<<<<<<<,<  3c3c3c3c3c3c3c3c3c3c3c3c3c3c2c3c
       464  <<<<,<<<<<<<<<<<  3c3c3c3c2c3c3c3c3c3c3c3c3c3c3c3c
       464  <,<<<<<<<<<<<<<<  3c2c3c3c3c3c3c3c3c3c3c3c3c3c3c3c
       457  <<<<<,<<<<<<<<<<  3c3c3c3c3c2c3c3c3c3c3c3c3c3c3c3c
       452  <<<<<<<<,<<<<<<<  3c3c3c3c3c3c3c3c2c3c3c3c3c3c3c3c
       449  <<<,<<<<<<<<<<<<  3c3c3c2c3c3c3c3c3c3c3c3c3c3c3c3c
# epoch 9050  H=1.2248 C=1.1992 HO=-0.0039  A(t)=356
     20659  <<<<<<<<<<<<<<<<  3c3c3c3c3c3c3c3c3c3c3c3c3c3c3c3c
       542  ,,,,,,,,,,,,,,,,  2c2c2c2c2c2c2c2c2c2c2c2c2c2c2c2c
       513  <<<<<<<<<<<<<<<,  3c3c3c3c3c3c3c3c3c3c3c3c3c3c3c2c
       495  ,<<<<<<<<<<<<<<<  2c3c3c3c3c3c3c3c3c3c3c3c3c3c3c3c
       481  <<<<<<<<<<<<<<,<  3c3c3c3c3c3c3c3c3c3c3c3c3c3c2c3c
       473  <,<<<<<<<<<<<<<<  3c2c3c3c3c3c3c3c3c3c3c3c3c3c3c3c
       460  <<<<<<<<<<<<<,<<  3c3c3c3c3c3c3c3c3c3c3c3c3c2c3c3c
       460  <<,<<<<<<<<<<<<<  3c3c2c3c3c3c3c3c3c3c3c3c3c3c3c3c
       456  <<<,<<<<<<<<<<<<  3c3c3c2c3c3c3c3c3c3c3c3c3c3c3c3c
       446  <<<<,<<<<<<<<<<<  3c3c3c3c2c3c3c3c3c3c3c3c3c3c3c3c
# epoch 9100  H=1.3184 C=1.2742 HO=0.0160  A(t)=356
     20687  <<<<<<<<<<<<<<<<  3c3c3c3c3c3c3c3c3c3c3c3c3c3c3c3c
       511  <<<<<<<<<<<<<<<,  3c3c3c3c3c3c3c3c3c3c3c3c3c3c3c2c
       490  ,<<<<<<<<<<<<<<<  2c3c3c3c3c3c3c3c3c3c3c3c3c3c3c3c
       488  <<<<<<<<<<<<<,<<  3c3c3c3c3c3c3c3c3c3c3c3c3c2c3c3c
       486  <<<<<<<<<<<<<<,<  3c3c3c3c3c3c3c3c3c3c3c3c3c3c2c3c
       486  <<<<<<<<<<<<,<<<  3c3c3c3c3c3c3c3c3c3c3c3c2c3c3c3c
       472  <<<<<<<<<<<,<<<<  3c3c3c3c3c3c3c3c3c3c3c2c3c3c3c3c
       471  ,,,,,,,,,,,,,,,,  2c2c2c2c2c2c2c2c2c2c2c2c2c2c2c2c
       470  <<<<<<<<<<,<<<<<  3c3c3c3c3c3c3c3c3c3c2c3c3c3c3c3c
       469  <<<<<<<<,<<<<<<<  3c3c3c3c3c3c3c3c2c3c3c3c3c3c3c3c
# epoch 9150  H=1.3086 C=1.2246 HO=0.0500  A(t)=356
     21160  <<<<<<<<<<<<<<<<  3c3c3c3c3c3c3c3c3c3c3c3c3c3c3c3c
      1135  ,,,,,,,,,,,,,,,,  2c2c2c2c2c2c2c2c2c2c2c2c2c2c2c2c
       501  <<<<<<<<<<<<<<<,  3c3c3c3c3c3c3c3c3c3c3c3c3c3c3c2c
       488  <<<<<<<<<<<<<<,<  3c3c3c3c3c3c3c3c3c3c3c3c3c3c2c3c
       485  <,<<<<<<<<<<<<<<  3c2c3c3c3c3c3c3c3c3c3c3c3c3c3c3c
       481  ,<<<<<<<<<<<<<<<  2c3c3c3c3c3c3c3c3c3c3c3c3c3c3c3c
       473  <<<<<<<<<<<<<,<<  3c3c3c3c3c3c3c3c3c3c3c3c3c2c3c3c
       470  <<<<<<<<<<<,<<<<  3c3c3c3c3c3c3c3c3c3c3c2c3c3c3c3c
       470  <<<<<<<<<<,<<<<<  3c3c3c3c3c3c3c3c3c3c2c3c3c3c3c3c
       467  <<,<<<<<<<<<<<<<  3c3c2c3c3c3c3c3c3c3c3c3c3c3c3c3c
# epoch 9200  H=1.2615 C=1.2040 HO=0.0247  A(t)=356
     21331  <<<<<<<<<<<<<<<<  3c3c3c3c3c3c3c3c3c3c3c3c3c3c3c3c
       562  <<<<<<<<<<<<<<<,  3c3c3c3c3c3c3c3c3c3c3c3c3c3c3c2c
       551  <<<<<<<<<<<<<<,<  3c3c3c3c3c3c3c3c3c3c3c3c3c3c2c3c
       537  ,,,,,,,,,,,,,,,,  2c2c2c2c2c2c2c2c2c2c2c2c2c2c2c2c
       535  <<<<<<<<<<<<<,<<  3c3c3c3c3c3c3c3c3c3c3c3c3c2c3c3c
       529  ,<<<<<<<<<<<<<<<  2c3c3c3c3c3c3c3c3c3c3c3c3c3c3c3c
       519  <<<<<<<<<<<<,<<<  3c3c3c3c3c3c3c3c3c3c3c3c2c3c3c3c
       519  <,<<<<<<<<<<<<<<  3c2c3c3c3c3c3c3c3c3c3c3c3c3c3c3c
       512  <<<<<<<<<<<,<<<<  3c3c3c3c3c3c3c3c3c3c3c2c3c3c3c3c
       508  <<<<,<<<<<<<<<<<  3c3c3c3c2c3c3c3c3c3c3c3c3c3c3c3c
# epoch 9250  H=1.1417 C=1.1368 HO=-0.0291  A(t)=356
     22368  <<<<<<<<<<<<<<<<  3c3c3c3c3c3c3c3c3c3c3c3c3c3c3c3c
       548  ,,,,,,,,,,,,,,,,  2c2c2c2c2c2c2c2c2c2c2c2c2c2c2c2c
       519  <<<<<<<,<<<<<<<<  3c3c3c3c3c3c3c2c3c3c3c3c3c3c3c3c
       512  <<<<<<<<<<<<<<<,  3c3c3c3c3c3c3c3c3c3c3c3c3c3c3c2c
       508  <<<<<<,<<<<<<<<<  3c3c3c3c3c3c2c3c3c3c3c3c3c3c3c3c
       507  <<<<<<<<,<<<<<<<  3c3c3c3c3c3c3c3c2c3c3c3c3c3c3c3c
       506  <<<<<<<<<<,<<<<<  3c3c3c3c3c3c3c3c3c3c2c3c3c3c3c3c
       501  <<<<<<<<<<<,<<<<  3c3c3c3c3c3c3c3c3c3c3c2c3c3c3c3c
       501  <<<<<,<<<<<<<<<<  3c3c3c3c3c2c3c3c3c3c3c3c3c3c3c3c
       500  <<<<<<<<<<<<,<<<  3c3c3c3c3c3c3c3c3c3c3c3c2c3c3c3c
# epoch 9300  H=1.1994 C=1.1670 HO=-0.0096  A(t)=356
     20017  <<<<<<<<<<<<<<<<  3c3c3c3c3c3c3c3c3c3c3c3c3c3c3c3c
      1134  ,,,,,,,,,,,,,,,,  2c2c2c2c2c2c2c2c2c2c2c2c2c2c2c2c
       530  <<<<<<<<<<<<<<<,  3c3c3c3c3c3c3c3c3c3c3c3c3c3c3c2c
       510  <<<<<<<<<<<<<<,<  3c3c3c3c3c3c3c3c3c3c3c3c3c3c2c3c
       503  ,<<<<<<<<<<<<<<<  2c3c3c3c3c3c3c3c3c3c3c3c3c3c3c3c
       495  <,<<<<<<<<<<<<<<  3c2c3c3c3c3c3c3c3c3c3c3c3c3c3c3c
       490  <<<<<<<<<<<,<<<<  3c3c3c3c3c3c3c3c3c3c3c2c3c3c3c3c
       489  <<<<<<<<,<<<<<<<  3c3c3c3c3c3c3c3c2c3c3c3c3c3c3c3c
       489  <<<<<<<,<<<<<<<<  3c3c3c3c3c3c3c2c3c3c3c3c3c3c3c3c
       485  <<,<<<<<<<<<<<<<  3c3c2c3c3c3c3c3c3c3c3c3c3c3c3c3c
# epoch 9350  H=1.1349 C=1.1215 HO=-0.0301  A(t)=356
     20808  <<<<<<<<<<<<<<<<  3c3c3c3c3c3c3c3c3c3c3c3c3c3c3c3c
       790  ,,,,,,,,,,,,,,,,  2c2c2c2c2c2c2c2c2c2c2c2c2c2c2c2c
       494  <<<<<<<<<<<<<<<,  3c3c3c3c3c3c3c3c3c3c3c3c3c3c3c2c
       481  <<<<<<<<<<<<<<,<  3c3c3c3c3c3c3c3c3c3c3c3c3c3c2c3c
       481  ,<<<<<<<<<<<<<<<  2c3c3c3c3c3c3c3c3c3c3c3c3c3c3c3c
       480  <<<<<<<<<<<<<,<<  3c3c3c3c3c3c3c3c3c3c3c3c3c2c3c3c
       480  <<,<<<<<<<<<<<<<  3c3c2c3c3c3c3c3c3c3c3c3c3c3c3c3c
       479  <<<<,<<<<<<<<<<<  3c3c3c3c2c3c3c3c3c3c3c3c3c3c3c3c
       476  <<<<<<<,<<<<<<<<  3c3c3c3c3c3c3c2c3c3c3c3c3c3c3c3c
       476  <<<,<<<<<<<<<<<<  3c3c3c2c3c3c3c3c3c3c3c3c3c3c3c3c
# epoch 9400  H=1.1570 C=1.1400 HO=-0.0242  A(t)=356
     21153  <<<<<<<<<<<<<<<<  3c3c3c3c3c3c3c3c3c3c3c3c3c3c3c3c
       695  ,,,,,,,,,,,,,,,,  2c2c2c2c2c2c2c2c2c2c2c2c2c2c2c2c
       521  <<<<<<<<<<<<<<<,  3c3c3c3c3c3c3c3c3c3c3c3c3c3c3c2c
       506  ,<<<<<<<<<<<<<<<  2c3c3c3c3c3c3c3c3c3c3c3c3c3c3c3c
       501  <,<<<<<<<<<<<<<<  3c2c3c3c3c3c3c3c3c3c3c3c3c3c3c3c
       490  <<<<<<<<<<<<<<,<  3c3c3c3c3c3c3c3c3c3c3c3c3c3c2c3c
       488  <<,<<<<<<<<<<<<<  3c3c2c3c3c3c3c3c3c3c3c3c3c3c3c3c
       484  <<<,<<<<<<<<<<<<  3c3c3c2c3c3c3c3c3c3c3c3c3c3c3c3c
       471  <<<<<<,<<<<<<<<<  3c3c3c3c3c3c2c3c3c3c3c3c3c3c3c3c
       469  <<<<,<<<<<<<<<<<  3c3c3c3c2c3c3c3c3c3c3c3c3c3c3c3c
# epoch 9450  H=1.1969 C=1.1779 HO=-0.0249  A(t)=356
     20859  <<<<<<<<<<<<<<<<  3c3c3c3c3c3c3c3c3c3c3c3c3c3c3c3c
       522  <<<<<<<<<<<<<<<,  3c3c3c3c3c3c3c3c3c3c3c3c3c3c3c2c
       514  <<<<<<<,<<<<<<<<  3c3c3c3c3c3c3c2c3c3c3c3c3c3c3c3c
       512  <<,<<<<<<<<<<<<<  3c3c2c3c3c3c3c3c3c3c3c3c3c3c3c3c
       507  <<<<<<<<<<<<<,<<  3c3c3c3c3c3c3c3c3c3c3c3c3c2c3c3c
       507  <<<<<<,<<<<<<<<<  3c3c3c3c3c3c2c3c3c3c3c3c3c3c3c3c
       507  <<<,<<<<<<<<<<<<  3c3c3c2c3c3c3c3c3c3c3c3c3c3c3c3c
       506  <<<<,<<<<<<<<<<<  3c3c3c3c2c3c3c3c3c3c3c3c3c3c3c3c
       505  <<<<<<<<,<<<<<<<  3c3c3c3c3c3c3c3c2c3c3c3c3c3c3c3c
       504  <<<<<,<<<<<<<<<<  3c3c3c3c3c2c3c3c3c3c3c3c3c3c3c3c
# epoch 9500  H=1.3308 C=1.2671 HO=0.0348  A(t)=356
     19368  <<<<<<<<<<<<<<<<  3c3c3c3c3c3c3c3c3c3c3c3c3c3c3c3c
       497  <<<<<<<<<<<<<<<,  3c3c3c3c3c3c3c3c3c3c3c3c3c3c3c2c
       494  ,<<<<<<<<<<<<<<<  2c3c3c3c3c3c3c3c3c3c3c3c3c3c3c3c
       491  <<<<<<<<<<<<<<,<  3c3c3c3c3c3c3c3c3c3c3c3c3c3c2c3c
       479  <<<<,<<<<<<<<<<<  3c3c3c3c2c3c3c3c3c3c3c3c3c3c3c3c
       479  <<<,<<<<<<<<<<<<  3c3c3c2c3c3c3c3c3c3c3c3c3c3c3c3c
       475  <,<<<<<<<<<<<<<<  3c2c3c3c3c3c3c3c3c3c3c3c3c3c3c3c
       472  <<,<<<<<<<<<<<<<  3c3c2c3c3c3c3c3c3c3c3c3c3c3c3c3c
       471  <<<<<<<<<<<<<,<<  3c3c3c3c3c3c3c3c3c3c3c3c3c2c3c3c
       469  <<<<<<<<<<<<,<<<  3c3c3c3c3c3c3c3c3c3c3c3c2c3c3c3c
# epoch 9550  H=1.3807 C=1.2949 HO=0.0642  A(t)=356
     19509  <<<<<<<<<<<<<<<<  3c3c3c3c3c3c3c3c3c3c3c3c3c3c3c3c
       742  ,,,,,,,,,,,,,,,,  2c2c2c2c2c2c2c2c2c2c2c2c2c2c2c2c
       506  <<<<<<<<<<<<<<<,  3c3c3c3c3c3c3c3c3c3c3c3c3c3c3c2c
       498  ,<<<<<<<<<<<<<<<  2c3c3c3c3c3c3c3c3c3c3c3c3c3c3c3c
       487  <<<<<<<<<<<<<,<<  3c3c3c3c3c3c3c3c3c3c3c3c3c2c3c3c
       487  <<<<<<<<<<<<,<<<  3c3c3c3c3c3c3c3c3c3c3c3c2c3c3c3c
       485  <<<<<<<<<<,<<<<<  3c3c3c3c3c3c3c3c3c3c2c3c3c3c3c3c
       484  <<<<<<<<<<<<<<,<  3c3c3c3c3c3c3c3c3c3c3c3c3c3c2c3c
       479  <<<<<<<<<<<,<<<<  3c3c3c3c3c3c3c3c3c3c3c2c3c3c3c3c
       472  <<,<<<<<<<<<<<<<  3c3c2c3c3c3c3c3c3c3c3c3c3c3c3c3c
# epoch 9600  H=1.3070 C=1.2523 HO=0.0336  A(t)=356
     19449  <<<<<<<<<<<<<<<<  3c3c3c3c3c3c3c3c3c3c3c3c3c3c3c3c
       532  <<<<<<<<<<<<<<<,  3c3c3c3c3c3c3c3c3c3c3c3c3c3c3c2c
       518  <<<<<<<<<<<<<<,<  3c3c3c3c3c3c3c3c3c3c3c3c3c3c2c3c
       507  <<<<<<<<<<<<<,<<  3c3c3c3c3c3c3c3c3c3c3c3c3c2c3c3c
       507  ,<<<<<<<<<<<<<<<  2c3c3c3c3c3c3c3c3c3c3c3c3c3c3c3c
       506  <<<<<<<<<<<<,<<<  3c3c3c3c3c3c3c3c3c3c3c3c2c3c3c3c
       501  <<<<<,<<<<<<<<<<  3c3c3c3c3c2c3c3c3c3c3c3c3c3c3c3c
       501  <<<,<<<<<<<<<<<<  3c3c3c2c3c3c3c3c3c3c3c3c3c3c3c3c
       498  <<<<,<<<<<<<<<<<  3c3c3c3c2c3c3c3c3c3c3c3c3c3c3c3c
       497  <,<<<<<<<<<<<<<<  3c2c3c3c3c3c3c3c3c3c3c3c3c3c3c3c
# epoch 9650  H=1.2174 C=1.1604 HO=0.0272  A(t)=356
     21147  <<<<<<<<<<<<<<<<  3c3c3c3c3c3c3c3c3c3c3c3c3c3c3c3c
       671  ,,,,,,,,,,,,,,,,  2c2c2c2c2c2c2c2c2c2c2c2c2c2c2c2c
       600  <<<<<<<<<<<<<<<,  3c3c3c3c3c3c3c3c3c3c3c3c3c3c3c2c
       583  <<<<<<<<<<<<<<,<  3c3c3c3c3c3c3c3c3c3c3c3c3c3c2c3c
       578  <<<<<<<<,<<<<<<<  3c3c3c3c3c3c3c3c2c3c3c3c3c3c3c3c
       572  <<<<<<<,<<<<<<<<  3c3c3c3c3c3c3c2c3c3c3c3c3c3c3c3c
       572  ,<<<<<<<<<<<<<<<  2c3c3c3c3c3c3c3c3c3c3c3c3c3c3c3c
       561  <,<<<<<<<<<<<<<<  3c2c3c3c3c3c3c3c3c3c3c3c3c3c3c3c
       560  <<<<<<,<<<<<<<<<  3c3c3c3c3c3c2c3c3c3c3c3c3c3c3c3c
       559  <<<<<<<<<,<<<<<<  3c3c3c3c3c3c3c3c3c2c3c3c3c3c3c3c
# epoch 9700  H=1.2144 C=1.1455 HO=0.0478  A(t)=356
     21277  <<<<<<<<<<<<<<<<  3c3c3c3c3c3c3c3c3c3c3c3c3c3c3c3c
       843  ,,,,,,,,,,,,,,,,  2c2c2c2c2c2c2c2c2c2c2c2c2c2c2c2c
       577  <<<<<<<<<<<<<<<,  3c3c3c3c3c3c3c3c3c3c3c3c3c3c3c2c
       567  ,<<<<<<<<<<<<<<<  2c3c3c3c3c3c3c3c3c3c3c3c3c3c3c3c
       554  <,<<<<<<<<<<<<<<  3c2c3c3c3c3c3c3c3c3c3c3c3c3c3c3c
       541  <<<<<<<<<<<<<<,<  3c3c3c3c3c3c3c3c3c3c3c3c3c3c2c3c
       534  <<,<<<<<<<<<<<<<  3c3c2c3c3c3c3c3c3c3c3c3c3c3c3c3c
       524  <<<<<<<<<<<<<,<<  3c3c3c3c3c3c3c3c3c3c3c3c3c2c3c3c
       507  <<<<<<<<<<<<,<<<  3c3c3c3c3c3c3c3c3c3c3c3c2c3c3c3c
       501  <<<,<<<<<<<<<<<<  3c3c3c2c3c3c3c3c3c3c3c3c3c3c3c3c
# epoch 9750  H=1.1695 C=1.0892 HO=0.0531  A(t)=356
     24283  <<<<<<<<<<<<<<<<  3c3c3c3c3c3c3c3c3c3c3c3c3c3c3c3c
       613  ,,,,,,,,,,,,,,,,  2c2c2c2c2c2c2c2c2c2c2c2c2c2c2c2c
       578  <<<<<<<<<<<<<<<,  3c3c3c3c3c3c3c3c3c3c3c3c3c3c3c2c
       565  ,<<<<<<<<<<<<<<<  2c3c3c3c3c3c3c3c3c3c3c3c3c3c3c3c
       556  <<<<<<<<<<<<<<,<  3c3c3c3c3c3c3c3c3c3c3c3c3c3c2c3c
       551  <,<<<<<<<<<<<<<<  3c2c3c3c3c3c3c3c3c3c3c3c3c3c3c3c
       548  <<<<<<<<<<<,<<<<  3c3c3c3c3c3c3c3c3c3c3c2c3c3c3c3c
       548  <<,<<<<<<<<<<<<<  3c3c2c3c3c3c3c3c3c3c3c3c3c3c3c3c
       541  <<<<<<<<<<<<<,<<  3c3c3c3c3c3c3c3c3c3c3c3c3c2c3c3c
       539  <<<<<<<<<<<<,<<<  3c3c3c3c3c3c3c3c3c3c3c3c2c3c3c3c
# epoch 9800  H=1.1638 C=1.1097 HO=0.0261  A(t)=356
     23954  <<<<<<<<<<<<<<<<  3c3c3c3c3c3c3c3c3c3c3c3c3c3c3c3c
       586  <<<<<<<<<<<<<<<,  3c3c3c3c3c3c3c3c3c3c3c3c3c3c3c2c
       583  ,<<<<<<<<<<<<<<<  2c3c3c3c3c3c3c3c3c3c3c3c3c3c3c3c
       577  <<<<<<<<<<<<<<,<  3c3c3c3c3c3c3c3c3c3c3c3c3c3c2c3c
       573  <,<<<<<<<<<<<<<<  3c2c3c3c3c3c3c3c3c3c3c3c3c3c3c3c
       560  <<,<<<<<<<<<<<<<  3c3c2c3c3c3c3c3c3c3c3c3c3c3c3c3c
       551  <<<<,<<<<<<<<<<<  3c3c3c3c2c3c3c3c3c3c3c3c3c3c3c3c
       550  <<<<<<<<<<<<<,<<  3c3c3c3c3c3c3c3c3c3c3c3c3c2c3c3c
       549  <<<,<<<<<<<<<<<<  3c3c3c2c3c3c3c3c3c3c3c3c3c3c3c3c
       541  <<<<<<<<<<<,<<<<  3c3c3c3c3c3c3c3c3c3c3c2c3c3c3c3c
# epoch 9850  H=1.2080 C=1.1377 HO=0.0294  A(t)=356
     21932  <<<<<<<<<<<<<<<<  3c3c3c3c3c3c3c3c3c3c3c3c3c3c3c3c
       733  ,,,,,,,,,,,,,,,,  2c2c2c2c2c2c2c2c2c2c2c2c2c2c2c2c
       519  ,<<<<<<<<<<<<<<<  2c3c3c3c3c3c3c3c3c3c3c3c3c3c3c3c
       518  <<<<<<<<<<<<<<<,  3c3c3c3c3c3c3c3c3c3c3c3c3c3c3c2c
       503  <<<<<<<<<<<<<<,<  3c3c3c3c3c3c3c3c3c3c3c3c3c3c2c3c
       499  <<<<,<<<<<<<<<<<  3c3c3c3c2c3c3c3c3c3c3c3c3c3c3c3c
       497  <<<<<<<<<<<,<<<<  3c3c3c3c3c3c3c3c3c3c3c2c3c3c3c3c
       491  <<<<<<<<<<<<,<<<  3c3c3c3c3c3c3c3c3c3c3c3c2c3c3c3c
       491  <<<<<<<<<<,<<<<<  3c3c3c3c3c3c3c3c3c3c2c3c3c3c3c3c
       491  <<<<<,<<<<<<<<<<  3c3c3c3c3c2c3c3c3c3c3c3c3c3c3c3c
# epoch 9900  H=1.0976 C=1.0637 HO=-0.0131  A(t)=356
     22242  <<<<<<<<<<<<<<<<  3c3c3c3c3c3c3c3c3c3c3c3c3c3c3c3c
       686  ,,,,,,,,,,,,,,,,  2c2c2c2c2c2c2c2c2c2c2c2c2c2c2c2c
       558  <<<<<<<<<<<<<<<,  3c3c3c3c3c3c3c3c3c3c3c3c3c3c3c2c
       537  <<<<<<<<<<<<<<,<  3c3c3c3c3c3c3c3c3c3c3c3c3c3c2c3c
       536  <<<<<<<<<,<<<<<<  3c3c3c3c3c3c3c3c3c2c3c3c3c3c3c3c
       536  ,<<<<<<<<<<<<<<<  2c3c3c3c3c3c3c3c3c3c3c3c3c3c3c3c
       533  <<<<<<,<<<<<<<<<  3c3c3c3c3c3c2c3c3c3c3c3c3c3c3c3c
       530  <<<<<<<<,<<<<<<<  3c3c3c3c3c3c3c3c2c3c3c3c3c3c3c3c
       527  <<<<<<<,<<<<<<<<  3c3c3c3c3c3c3c2c3c3c3c3c3c3c3c3c
       526  <<<<<<<<<<<<,<<<  3c3c3c3c3c3c3c3c3c3c3c3c2c3c3c3c
# epoch 9950  H=1.1934 C=1.1322 HO=0.0198  A(t)=356
     19641  <<<<<<<<<<<<<<<<  3c3c3c3c3c3c3c3c3c3c3c3c3c3c3c3c
      1029  ,,,,,,,,,,,,,,,,  2c2c2c2c2c2c2c2c2c2c2c2c2c2c2c2c
       570  <<<<<<<<<<<<<<<,  3c3c3c3c3c3c3c3c3c3c3c3c3c3c3c2c
       558  ,<<<<<<<<<<<<<<<  2c3c3c3c3c3c3c3c3c3c3c3c3c3c3c3c
       547  <<<<<<<<<<<<<<,<  3c3c3c3c3c3c3c3c3c3c3c3c3c3c2c3c
       540  <,<<<<<<<<<<<<<<  3c2c3c3c3c3c3c3c3c3c3c3c3c3c3c3c
       534  <<<<<<<,<<<<<<<<  3c3c3c3c3c3c3c2c3c3c3c3c3c3c3c3c
       530  <<<<<<<<<<<,<<<<  3c3c3c3c3c3c3c3c3c3c3c2c3c3c3c3c
       529  <<<<<<<<<<<<,<<<  3c3c3c3c3c3c3c3c3c3c3c3c2c3c3c3c
       529  <<<<<<<<<,<<<<<<  3c3c3c3c3c3c3c3c3c2c3c3c3c3c3c3c
# epoch 10000  H=1.1305 C=1.1002 HO=-0.0101  A(t)=356
     20235  <<<<<<<<<<<<<<<<  3c3c3c3c3c3c3c3c3c3c3c3c3c3c3c3c
       570  <<<<<<<<<<<<<<<,  3c3c3c3c3c3c3c3c3c3c3c3c3c3c3c2c
       551  ,<<<<<<<<<<<<<<<  2c3c3c3c3c3c3c3c3c3c3c3c3c3c3c3c
       547  <<<<<<<<<<<<<<,<  3c3c3c3c3c3c3c3c3c3c3c3c3c3c2c3c
       543  <<<<<<<<<<<<<,<<  3c3c3c3c3c3c3c3c3c3c3c3c3c2c3c3c
       542  <<<<<<<,<<<<<<<<  3c3c3c3c3c3c3c2c3c3c3c3c3c3c3c3c
       540  <<<<<<<<,<<<<<<<  3c3c3c3c3c3c3c3c2c3c3c3c3c3c3c3c
       539  <<<<<,<<<<<<<<<<  3c3c3c3c3c2c3c3c3c3c3c3c3c3c3c3c
       538  <<<<<<,<<<<<<<<<  3c3c3c3c3c3c2c3c3c3c3c3c3c3c3c3c
       536  <<<<<<<<<<<<,<<<  3c3c3c3c3c3c3c3c3c3c3c3c2c3c3c3c
# epoch 10050  H=0.9902 C=1.0189 HO=-0.0822  A(t)=356
     21821  <<<<<<<<<<<<<<<<  3c3c3c3c3c3c3c3c3c3c3c3c3c3c3c3c
       677  ,,,,,,,,,,,,,,,,  2c2c2c2c2c2c2c2c2c2c2c2c2c2c2c2c
       606  <<<<<<<<<<<<<<<,  3c3c3c3c3c3c3c3c3c3c3c3c3c3c3c2c
       589  <<<<<<<<<<<<<<,<  3c3c3c3c3c3c3c3c3c3c3c3c3c3c2c3c
       571  ,<<<<<<<<<<<<<<<  2c3c3c3c3c3c3c3c3c3c3c3c3c3c3c3c
       563  <,<<<<<<<<<<<<<<  3c2c3c3c3c3c3c3c3c3c3c3c3c3c3c3c
       559  <<<<<<<<<<<<<,<<  3c3c3c3c3c3c3c3c3c3c3c3c3c2c3c3c
       555  <<,<<<<<<<<<<<<<  3c3c2c3c3c3c3c3c3c3c3c3c3c3c3c3c
       543  <<<<<<<<<<,<<<<<  3c3c3c3c3c3c3c3c3c3c2c3c3c3c3c3c
       541  <<<<<<<<<<<,<<<<  3c3c3c3c3c3c3c3c3c3c3c2c3c3c3c3c
# epoch 10100  H=1.0048 C=1.0057 HO=-0.0548  A(t)=356
     22165  <<<<<<<<<<<<<<<<  3c3c3c3c3c3c3c3c3c3c3c3c3c3c3c3c
       606  <<,<<<<<<<<<<<<<  3c3c2c3c3c3c3c3c3c3c3c3c3c3c3c3c
       601  <<<<<<<<<<<<<<<,  3c3c3c3c3c3c3c3c3c3c3c3c3c3c3c2c
       600  ,<<<<<<<<<<<<<<<  2c3c3c3c3c3c3c3c3c3c3c3c3c3c3c3c
       597  <,<<<<<<<<<<<<<<  3c2c3c3c3c3c3c3c3c3c3c3c3c3c3c3c
       591  <<<,<<<<<<<<<<<<  3c3c3c2c3c3c3c3c3c3c3c3c3c3c3c3c
       583  <<<<<,<<<<<<<<<<  3c3c3c3c3c2c3c3c3c3c3c3c3c3c3c3c
       581  ,,,,,,,,,,,,,,,,  2c2c2c2c2c2c2c2c2c2c2c2c2c2c2c2c
       580  <<<<,<<<<<<<<<<<  3c3c3c3c2c3c3c3c3c3c3c3c3c3c3c3c
       578  <<<<<<<<<<<<<,<<  3c3c3c3c3c3c3c3c3c3c3c3c3c2c3c3c
# epoch 10150  H=1.0791 C=1.0599 HO=-0.0239  A(t)=356
     21459  <<<<<<<<<<<<<<<<  3c3c3c3c3c3c3c3c3c3c3c3c3c3c3c3c
       593  ,<<<<<<<<<<<<<<<  2c3c3c3c3c3c3c3c3c3c3c3c3c3c3c3c
       584  <<<<<<<<<<<<<<<,  3c3c3c3c3c3c3c3c3c3c3c3c3c3c3c2c
       580  ,,,,,,,,,,,,,,,,  2c2c2c2c2c2c2c2c2c2c2c2c2c2c2c2c
       574  <,<<<<<<<<<<<<<<  3c2c3c3c3c3c3c3c3c3c3c3c3c3c3c3c
       564  <<,<<<<<<<<<<<<<  3c3c2c3c3c3c3c3c3c3c3c3c3c3c3c3c
       554  <<<,<<<<<<<<<<<<  3c3c3c2c3c3c3c3c3c3c3c3c3c3c3c3c
       549  <<<<<,<<<<<<<<<<  3c3c3c3c3c2c3c3c3c3c3c3c3c3c3c3c
       548  <<<<,<<<<<<<<<<<  3c3c3c3c2c3c3c3c3c3c3c3c3c3c3c3c
       547  <<<<<<<<<<<<<<,<  3c3c3c3c3c3c3c3c3c3c3c3c3c3c2c3c
# epoch 10200  H=1.1066 C=1.0809 HO=-0.0162  A(t)=356
     20195  <<<<<<<<<<<<<<<<  3c3c3c3c3c3c3c3c3c3c3c3c3c3c3c3c
       937  ,,,,,,,,,,,,,,,,  2c2c2c2c2c2c2c2c2c2c2c2c2c2c2c2c
       567  <<<<<<<<<<<<<<<,  3c3c3c3c3c3c3c3c3c3c3c3c3c3c3c2c
       554  ,<<<<<<<<<<<<<<<  2c3c3c3c3c3c3c3c3c3c3c3c3c3c3c3c
       543  <<<<<<<<<<<<<<,<  3c3c3c3c3c3c3c3c3c3c3c3c3c3c2c3c
       529  <,<<<<<<<<<<<<<<  3c2c3c3c3c3c3c3c3c3c3c3c3c3c3c3c
       525  <<<<<<<<<<<<<,<<  3c3c3c3c3c3c3c3c3c3c3c3c3c2c3c3c
       516  <<,<<<<<<<<<<<<<  3c3c2c3c3c3c3c3c3c3c3c3c3c3c3c3c
       509  <<<<<<,<<<<<<<<<  3c3c3c3c3c3c2c3c3c3c3c3c3c3c3c3c
       504  <<<<<,<<<<<<<<<<  3c3c3c3c3c2c3c3c3c3c3c3c3c3c3c3c
# epoch 10250  H=0.9802 C=0.9915 HO=-0.0623  A(t)=356
     23000  <<<<<<<<<<<<<<<<  3c3c3c3c3c3c3c3c3c3c3c3c3c3c3c3c
       797  ,,,,,,,,,,,,,,,,  2c2c2c2c2c2c2c2c2c2c2c2c2c2c2c2c
       627  <<<<<<<<<<<<<<<,  3c3c3c3c3c3c3c3c3c3c3c3c3c3c3c2c
       603  <<<<<<<<<<<<<<,<  3c3c3c3c3c3c3c3c3c3c3c3c3c3c2c3c
       600  ,<<<<<<<<<<<<<<<  2c3c3c3c3c3c3c3c3c3c3c3c3c3c3c3c
       581  <,<<<<<<<<<<<<<<  3c2c3c3c3c3c3c3c3c3c3c3c3c3c3c3c
       569  <<<<<<<<<<<<<,<<  3c3c3c3c3c3c3c3c3c3c3c3c3c2c3c3c
       561  <<,<<<<<<<<<<<<<  3c3c2c3c3c3c3c3c3c3c3c3c3c3c3c3c
       557  <<<,<<<<<<<<<<<<  3c3c3c2c3c3c3c3c3c3c3c3c3c3c3c3c
       554  <<<<,<<<<<<<<<<<  3c3c3c3c2c3c3c3c3c3c3c3c3c3c3c3c
# epoch 10300  H=0.9796 C=1.0022 HO=-0.0728  A(t)=356
     23133  <<<<<<<<<<<<<<<<  3c3c3c3c3c3c3c3c3c3c3c3c3c3c3c3c
       579  <<<<<<<<<<<<<<<,  3c3c3c3c3c3c3c3c3c3c3c3c3c3c3c2c
       574  ,<<<<<<<<<<<<<<<  2c3c3c3c3c3c3c3c3c3c3c3c3c3c3c3c
       550  <<<<<<<<<<<<<,<<  3c3c3c3c3c3c3c3c3c3c3c3c3c2c3c3c
       545  <<<<<<<<<<<<<<,<  3c3c3c3c3c3c3c3c3c3c3c3c3c3c2c3c
       542  <,<<<<<<<<<<<<<<  3c2c3c3c3c3c3c3c3c3c3c3c3c3c3c3c
       537  <<<<<<<<<<<,<<<<  3c3c3c3c3c3c3c3c3c3c3c2c3c3c3c3c
       536  <<<<<<<<<<<<,<<<  3c3c3c3c3c3c3c3c3c3c3c3c2c3c3c3c
       533  <<,<<<<<<<<<<<<<  3c3c2c3c3c3c3c3c3c3c3c3c3c3c3c3c
       531  <<<<,<<<<<<<<<<<  3c3c3c3c2c3c3c3c3c3c3c3c3c3c3c3c
# epoch 10350  H=1.1876 C=1.1201 HO=0.0239  A(t)=356
     21441  <<<<<<<<<<<<<<<<  3c3c3c3c3c3c3c3c3c3c3c3c3c3c3c3c
       783  ,,,,,,,,,,,,,,,,  2c2c2c2c2c2c2c2c2c2c2c2c2c2c2c2c
       497  <<<<<<,<<<<<<<<<  3c3c3c3c3c3c2c3c3c3c3c3c3c3c3c3c
       496  <<<<<<<<<<<<<<<,  3c3c3c3c3c3c3c3c3c3c3c3c3c3c3c2c
       494  ,<<<<<<<<<<<<<<<  2c3c3c3c3c3c3c3c3c3c3c3c3c3c3c3c
       489  <<<<<,<<<<<<<<<<  3c3c3c3c3c2c3c3c3c3c3c3c3c3c3c3c
       489  <,<<<<<<<<<<<<<<  3c2c3c3c3c3c3c3c3c3c3c3c3c3c3c3c
       485  <<<<<<<<<<<<<<,<  3c3c3c3c3c3c3c3c3c3c3c3c3c3c2c3c
       485  <<<<<<<,<<<<<<<<  3c3c3c3c3c3c3c2c3c3c3c3c3c3c3c3c
       481  <<<,<<<<<<<<<<<<  3c3c3c2c3c3c3c3c3c3c3c3c3c3c3c3c
# epoch 10400  H=1.1335 C=1.1199 HO=-0.0255  A(t)=356
     21815  <<<<<<<<<<<<<<<<  3c3c3c3c3c3c3c3c3c3c3c3c3c3c3c3c
       542  <<<<,<<<<<<<<<<<  3c3c3c3c2c3c3c3c3c3c3c3c3c3c3c3c
       541  <<<<<<<<<<<<<<<,  3c3c3c3c3c3c3c3c3c3c3c3c3c3c3c2c
       539  <<<<<<,<<<<<<<<<  3c3c3c3c3c3c2c3c3c3c3c3c3c3c3c3c
       539  <<<<<,<<<<<<<<<<  3c3c3c3c3c2c3c3c3c3c3c3c3c3c3c3c
       536  <<<,<<<<<<<<<<<<  3c3c3c2c3c3c3c3c3c3c3c3c3c3c3c3c
       535  <,<<<<<<<<<<<<<<  3c2c3c3c3c3c3c3c3c3c3c3c3c3c3c3c
       533  <<<<<<<<,<<<<<<<  3c3c3c3c3c3c3c3c2c3c3c3c3c3c3c3c
       531  <<<<<<<<<<<<<<,<  3c3c3c3c3c3c3c3c3c3c3c3c3c3c2c3c
       530  <<<<<<<<<<,<<<<<  3c3c3c3c3c3c3c3c3c3c2c3c3c3c3c3c
# epoch 10450  H=1.2208 C=1.1364 HO=0.0363  A(t)=356
     21861  <<<<<<<<<<<<<<<<  3c3c3c3c3c3c3c3c3c3c3c3c3c3c3c3c
       646  ,,,,,,,,,,,,,,,,  2c2c2c2c2c2c2c2c2c2c2c2c2c2c2c2c
       507  <<<<<<<<<<<<<<<,  3c3c3c3c3c3c3c3c3c3c3c3c3c3c3c2c
       499  <<<<<<<<<<<<,<<<  3c3c3c3c3c3c3c3c3c3c3c3c2c3c3c3c
       496  <<<<<<<<<<<<<<,<  3c3c3c3c3c3c3c3c3c3c3c3c3c3c2c3c
       495  <<<<<<<<<<<<<,<<  3c3c3c3c3c3c3c3c3c3c3c3c3c2c3c3c
       491  ,<<<<<<<<<<<<<<<  2c3c3c3c3c3c3c3c3c3c3c3c3c3c3c3c
       483  <<<<<<<<<<<,<<<<  3c3c3c3c3c3c3c3c3c3c3c2c3c3c3c3c
       478  <,<<<<<<<<<<<<<<  3c2c3c3c3c3c3c3c3c3c3c3c3c3c3c3c
       477  <<<<<<<<,<<<<<<<  3c3c3c3c3c3c3c3c2c3c3c3c3c3c3c3c
# epoch 10500  H=1.1868 C=1.1317 HO=0.0203  A(t)=356
     20776  <<<<<<<<<<<<<<<<  3c3c3c3c3c3c3c3c3c3c3c3c3c3c3c3c
       777  ,,,,,,,,,,,,,,,,  2c2c2c2c2c2c2c2c2c2c2c2c2c2c2c2c
       499  <<<<<<<<<<<<<<<,  3c3c3c3c3c3c3c3c3c3c3c3c3c3c3c2c
       490  ,<<<<<<<<<<<<<<<  2c3c3c3c3c3c3c3c3c3c3c3c3c3c3c3c
       477  <,<<<<<<<<<<<<<<  3c2c3c3c3c3c3c3c3c3c3c3c3c3c3c3c
       465  <<<<<<<<<<<<<<,<  3c3c3c3c3c3c3c3c3c3c3c3c3c3c2c3c
       463  <<<<<<<,<<<<<<<<  3c3c3c3c3c3c3c2c3c3c3c3c3c3c3c3c
       460  <<<,<<<<<<<<<<<<  3c3c3c2c3c3c3c3c3c3c3c3c3c3c3c3c
       460  <<,<<<<<<<<<<<<<  3c3c2c3c3c3c3c3c3c3c3c3c3c3c3c3c
       459  <<<<<<<<,<<<<<<<  3c3c3c3c3c3c3c3c2c3c3c3c3c3c3c3c
# epoch 10550  H=1.1034 C=1.0586 HO=-0.0017  A(t)=356
     22344  <<<<<<<<<<<<<<<<  3c3c3c3c3c3c3c3c3c3c3c3c3c3c3c3c
       777  ,,,,,,,,,,,,,,,,  2c2c2c2c2c2c2c2c2c2c2c2c2c2c2c2c
       538  <<<<<<<<<<<<<<<,  3c3c3c3c3c3c3c3c3c3c3c3c3c3c3c2c
       523  <<<<<<<<<<<<<<,<  3c3c3c3c3c3c3c3c3c3c3c3c3c3c2c3c
       523  ,<<<<<<<<<<<<<<<  2c3c3c3c3c3c3c3c3c3c3c3c3c3c3c3c
       515  <<<<<<<<,<<<<<<<  3c3c3c3c3c3c3c3c2c3c3c3c3c3c3c3c
       514  <<<<<<<,<<<<<<<<  3c3c3c3c3c3c3c2c3c3c3c3c3c3c3c3c
       512  <<<<<<<<<<,<<<<<  3c3c3c3c3c3c3c3c3c3c2c3c3c3c3c3c
       512  <<<<<<,<<<<<<<<<  3c3c3c3c3c3c2c3c3c3c3c3c3c3c3c3c
       510  <<<<,<<<<<<<<<<<  3c3c3c3c2c3c3c3c3c3c3c3c3c3c3c3c
# epoch 10600  H=1.0793 C=1.0315 HO=-0.0063  A(t)=356
     22666  <<<<<<<<<<<<<<<<  3c3c3c3c3c3c3c3c3c3c3c3c3c3c3c3c
       756  ,,,,,,,,,,,,,,,,  2c2c2c2c2c2c2c2c2c2c2c2c2c2c2c2c
       560  <<<<<<<<<<<<<<<,  3c3c3c3c3c3c3c3c3c3c3c3c3c3c3c2c
       522  ,<<<<<<<<<<<<<<<  2c3c3c3c3c3c3c3c3c3c3c3c3c3c3c3c
       517  <<<<<<<<<<<<<<,<  3c3c3c3c3c3c3c3c3c3c3c3c3c3c2c3c
       514  <<<<<<<<<<<<<,<<  3c3c3c3c3c3c3c3c3c3c3c3c3c2c3c3c
       495  <,<<<<<<<<<<<<<<  3c2c3c3c3c3c3c3c3c3c3c3c3c3c3c3c
       491  <<,<<<<<<<<<<<<<  3c3c2c3c3c3c3c3c3c3c3c3c3c3c3c3c
       476  <<<<<<<<<<<<,<<<  3c3c3c3c3c3c3c3c3c3c3c3c2c3c3c3c
       474  <<<<<<<<<<,<<<<<  3c3c3c3c3c3c3c3c3c3c2c3c3c3c3c3c
# epoch 10650  H=1.0519 C=1.0050 HO=0.0047  A(t)=356
     22461  <<<<<<<<<<<<<<<<  3c3c3c3c3c3c3c3c3c3c3c3c3c3c3c3c
      1176  ,,,,,,,,,,,,,,,,  2c2c2c2c2c2c2c2c2c2c2c2c2c2c2c2c
       586  <<<<<<<<<<<<<<<,  3c3c3c3c3c3c3c3c3c3c3c3c3c3c3c2c
       577  ,<<<<<<<<<<<<<<<  2c3c3c3c3c3c3c3c3c3c3c3c3c3c3c3c
       559  <<<<<<<<<<<<<<,<  3c3c3c3c3c3c3c3c3c3c3c3c3c3c2c3c
       559  <,<<<<<<<<<<<<<<  3c2c3c3c3c3c3c3c3c3c3c3c3c3c3c3c
       542  <<<<<<<<<<<<<,<<  3c3c3c3c3c3c3c3c3c3c3c3c3c2c3c3c
       539  <<,<<<<<<<<<<<<<  3c3c2c3c3c3c3c3c3c3c3c3c3c3c3c3c
       527  <<<,<<<<<<<<<<<<  3c3c3c2c3c3c3c3c3c3c3c3c3c3c3c3c
       524  <<<<<<<<<<<<,<<<  3c3c3c3c3c3c3c3c3c3c3c3c2c3c3c3c
# epoch 10700  H=1.0456 C=1.0236 HO=-0.0190  A(t)=356
     22859  <<<<<<<<<<<<<<<<  3c3c3c3c3c3c3c3c3c3c3c3c3c3c3c3c
      1007  ,,,,,,,,,,,,,,,,  2c2c2c2c2c2c2c2c2c2c2c2c2c2c2c2c
       583  <<<<<<<<<<<<<<<,  3c3c3c3c3c3c3c3c3c3c3c3c3c3c3c2c
       566  <<<<<<<<<<<<<<,<  3c3c3c3c3c3c3c3c3c3c3c3c3c3c2c3c
       552  ,<<<<<<<<<<<<<<<  2c3c3c3c3c3c3c3c3c3c3c3c3c3c3c3c
       544  <,<<<<<<<<<<<<<<  3c2c3c3c3c3c3c3c3c3c3c3c3c3c3c3c
       541  <<<<<<<<<<<<<,<<  3c3c3c3c3c3c3c3c3c3c3c3c3c2c3c3c
       536  <<<<<<<<<<<<,<<<  3c3c3c3c3c3c3c3c3c3c3c3c2c3c3c3c
       531  <<,<<<<<<<<<<<<<  3c3c2c3c3c3c3c3c3c3c3c3c3c3c3c3c
       525  <<<<<<<<<<<,<<<<  3c3c3c3c3c3c3c3c3c3c3c2c3c3c3c3c
# epoch 10750  H=1.1845 C=1.1073 HO=0.0369  A(t)=356
     21444  <<<<<<<<<<<<<<<<  3c3c3c3c3c3c3c3c3c3c3c3c3c3c3c3c
       861  ,,,,,,,,,,,,,,,,  2c2c2c2c2c2c2c2c2c2c2c2c2c2c2c2c
       520  <<<<<<<<<<<<<<<,  3c3c3c3c3c3c3c3c3c3c3c3c3c3c3c2c
       506  ,<<<<<<<<<<<<<<<  2c3c3c3c3c3c3c3c3c3c3c3c3c3c3c3c
       495  <<<<<<<<<<<<<<,<  3c3c3c3c3c3c3c3c3c3c3c3c3c3c2c3c
       486  <<<<<<<<<<<<<,<<  3c3c3c3c3c3c3c3c3c3c3c3c3c2c3c3c
       486  <,<<<<<<<<<<<<<<  3c2c3c3c3c3c3c3c3c3c3c3c3c3c3c3c
       484  <<,<<<<<<<<<<<<<  3c3c2c3c3c3c3c3c3c3c3c3c3c3c3c3c
       477  <<<,<<<<<<<<<<<<  3c3c3c2c3c3c3c3c3c3c3c3c3c3c3c3c
       474  <<<<,<<<<<<<<<<<  3c3c3c3c2c3c3c3c3c3c3c3c3c3c3c3c
# epoch 10800  H=1.1980 C=1.1421 HO=0.0238  A(t)=356
     20395  <<<<<<<<<<<<<<<<  3c3c3c3c3c3c3c3c3c3c3c3c3c3c3c3c
       844  ,,,,,,,,,,,,,,,,  2c2c2c2c2c2c2c2c2c2c2c2c2c2c2c2c
       548  <<<<<<<<<<<<<<<,  3c3c3c3c3c3c3c3c3c3c3c3c3c3c3c2c
       524  <<<<<<<<<<<<<<,<  3c3c3c3c3c3c3c3c3c3c3c3c3c3c2c3c
       524  <<<<<<<,<<<<<<<<  3c3c3c3c3c3c3c2c3c3c3c3c3c3c3c3c
       523  ,<<<<<<<<<<<<<<<  2c3c3c3c3c3c3c3c3c3c3c3c3c3c3c3c
       521  <<<<<<,<<<<<<<<<  3c3c3c3c3c3c2c3c3c3c3c3c3c3c3c3c
       516  <,<<<<<<<<<<<<<<  3c2c3c3c3c3c3c3c3c3c3c3c3c3c3c3c
       515  <<<<<<<<,<<<<<<<  3c3c3c3c3c3c3c3c2c3c3c3c3c3c3c3c
       511  <<<<<,<<<<<<<<<<  3c3c3c3c3c2c3c3c3c3c3c3c3c3c3c3c
# epoch 10850  H=1.2260 C=1.1609 HO=0.0293  A(t)=356
     20565  <<<<<<<<<<<<<<<<  3c3c3c3c3c3c3c3c3c3c3c3c3c3c3c3c
      1137  ,,,,,,,,,,,,,,,,  2c2c2c2c2c2c2c2c2c2c2c2c2c2c2c2c
       527  <<<<<<<<<<<<<<<,  3c3c3c3c3c3c3c3c3c3c3c3c3c3c3c2c
       518  <<,<<<<<<<<<<<<<  3c3c2c3c3c3c3c3c3c3c3c3c3c3c3c3c
       517  ,<<<<<<<<<<<<<<<  2c3c3c3c3c3c3c3c3c3c3c3c3c3c3c3c
       515  <<<,<<<<<<<<<<<<  3c3c3c2c3c3c3c3c3c3c3c3c3c3c3c3c
       514  <<<<<<<<<<<,<<<<  3c3c3c3c3c3c3c3c3c3c3c2c3c3c3c3c
       514  <<<<,<<<<<<<<<<<  3c3c3c3c2c3c3c3c3c3c3c3c3c3c3c3c
       507  <,<<<<<<<<<<<<<<  3c2c3c3c3c3c3c3c3c3c3c3c3c3c3c3c
       506  <<<<<<<<<<<<<<,<  3c3c3c3c3c3c3c3c3c3c3c3c3c3c2c3c
# epoch 10900  H=1.1452 C=1.1169 HO=-0.0127  A(t)=356
     21689  <<<<<<<<<<<<<<<<  3c3c3c3c3c3c3c3c3c3c3c3c3c3c3c3c
       674  ,,,,,,,,,,,,,,,,  2c2c2c2c2c2c2c2c2c2c2c2c2c2c2c2c
       572  <<<<<<<<<<<<<<<,  3c3c3c3c3c3c3c3c3c3c3c3c3c3c3c2c
       561  <<<<<<<<<<<<<<,<  3c3c3c3c3c3c3c3c3c3c3c3c3c3c2c3c
       556  <<<<<<<<<<<<<,<<  3c3c3c3c3c3c3c3c3c3c3c3c3c2c3c3c
       555  ,<<<<<<<<<<<<<<<  2c3c3c3c3c3c3c3c3c3c3c3c3c3c3c3c
       553  <,<<<<<<<<<<<<<<  3c2c3c3c3c3c3c3c3c3c3c3c3c3c3c3c
       551  <<,<<<<<<<<<<<<<  3c3c2c3c3c3c3c3c3c3c3c3c3c3c3c3c
       549  <<<<<<<<<<<<,<<<  3c3c3c3c3c3c3c3c3c3c3c3c2c3c3c3c
       548  <<<<<<<<,<<<<<<<  3c3c3c3c3c3c3c3c2c3c3c3c3c3c3c3c
# epoch 10950  H=1.1229 C=1.1014 HO=-0.0239  A(t)=356
     21387  <<<<<<<<<<<<<<<<  3c3c3c3c3c3c3c3c3c3c3c3c3c3c3c3c
       550  <<<<<<<<<<<<<<<,  3c3c3c3c3c3c3c3c3c3c3c3c3c3c3c2c
       546  ,,,,,,,,,,,,,,,,  2c2c2c2c2c2c2c2c2c2c2c2c2c2c2c2c
       543  <,<<<<<<<<<<<<<<  3c2c3c3c3c3c3c3c3c3c3c3c3c3c3c3c
       541  <<<<<<<<<<<<<<,<  3c3c3c3c3c3c3c3c3c3c3c3c3c3c2c3c
       541  ,<<<<<<<<<<<<<<<  2c3c3c3c3c3c3c3c3c3c3c3c3c3c3c3c
       527  <<,<<<<<<<<<<<<<  3c3c2c3c3c3c3c3c3c3c3c3c3c3c3c3c
       524  <<<<<<<<<<<<<,<<  3c3c3c3c3c3c3c3c3c3c3c3c3c2c3c3c
       520  <<<<<<<<<<<<,<<<  3c3c3c3c3c3c3c3c3c3c3c3c2c3c3c3c
       514  <<<<,<<<<<<<<<<<  3c3c3c3c2c3c3c3c3c3c3c3c3c3c3c3c
# epoch 11000  H=1.0658 C=1.0785 HO=-0.0555  A(t)=356
     21338  <<<<<<<<<<<<<<<<  3c3c3c3c3c3c3c3c3c3c3c3c3c3c3c3c
       542  <<<<<<<<<<<<<<<,  3c3c3c3c3c3c3c3c3c3c3c3c3c3c3c2c
       528  <<<<<<<<<<<<<<,<  3c3c3c3c3c3c3c3c3c3c3c3c3c3c2c3c
       514  ,<<<<<<<<<<<<<<<  2c3c3c3c3c3c3c3c3c3c3c3c3c3c3c3c
       512  <<<<<<<<<<<<<,<<  3c3c3c3c3c3c3c3c3c3c3c3c3c2c3c3c
       512  <<<<<<<<<<<<,<<<  3c3c3c3c3c3c3c3c3c3c3c3c2c3c3c3c
       510  <<,<<<<<<<<<<<<<  3c3c2c3c3c3c3c3c3c3c3c3c3c3c3c3c
       505  <<<<,<<<<<<<<<<<  3c3c3c3c2c3c3c3c3c3c3c3c3c3c3c3c
       505  <<<,<<<<<<<<<<<<  3c3c3c2c3c3c3c3c3c3c3c3c3c3c3c3c
       503  <,<<<<<<<<<<<<<<  3c2c3c3c3c3c3c3c3c3c3c3c3c3c3c3c
# epoch 11050  H=1.1601 C=1.1167 HO=-0.0036  A(t)=356
     20284  <<<<<<<<<<<<<<<<  3c3c3c3c3c3c3c3c3c3c3c3c3c3c3c3c
       745  ,,,,,,,,,,,,,,,,  2c2c2c2c2c2c2c2c2c2c2c2c2c2c2c2c
       534  ,<<<<<<<<<<<<<<<  2c3c3c3c3c3c3c3c3c3c3c3c3c3c3c3c
       531  <<<<<<<<<<<<<<<,  3c3c3c3c3c3c3c3c3c3c3c3c3c3c3c2c
       528  <,<<<<<<<<<<<<<<  3c2c3c3c3c3c3c3c3c3c3c3c3c3c3c3c
       525  <<,<<<<<<<<<<<<<  3c3c2c3c3c3c3c3c3c3c3c3c3c3c3c3c
       516  <<<<,<<<<<<<<<<<  3c3c3c3c2c3c3c3c3c3c3c3c3c3c3c3c
       514  <<<<<,<<<<<<<<<<  3c3c3c3c3c2c3c3c3c3c3c3c3c3c3c3c
       506  <<<,<<<<<<<<<<<<  3c3c3c2c3c3c3c3c3c3c3c3c3c3c3c3c
       504  <<<<<<<<<<,<<<<<  3c3c3c3c3c3c3c3c3c3c2c3c3c3c3c3c
# epoch 11100  H=1.1741 C=1.1562 HO=-0.0244  A(t)=356
     20716  <<<<<<<<<<<<<<<<  3c3c3c3c3c3c3c3c3c3c3c3c3c3c3c3c
       743  ,,,,,,,,,,,,,,,,  2c2c2c2c2c2c2c2c2c2c2c2c2c2c2c2c
       508  <<<<<<<<<<<<<<<,  3c3c3c3c3c3c3c3c3c3c3c3c3c3c3c2c
       499  ,<<<<<<<<<<<<<<<  2c3c3c3c3c3c3c3c3c3c3c3c3c3c3c3c
       483  <<<<<<<<<<<<<<,<  3c3c3c3c3c3c3c3c3c3c3c3c3c3c2c3c
       482  <<<<<<<<<<<<,<<<  3c3c3c3c3c3c3c3c3c3c3c3c2c3c3c3c
       479  <<<<<<<<<<<<<,<<  3c3c3c3c3c3c3c3c3c3c3c3c3c2c3c3c
       476  <<<<<<<<<<<,<<<<  3c3c3c3c3c3c3c3c3c3c3c2c3c3c3c3c
       474  <,<<<<<<<<<<<<<<  3c2c3c3c3c3c3c3c3c3c3c3c3c3c3c3c
       472  <<,<<<<<<<<<<<<<  3c3c2c3c3c3c3c3c3c3c3c3c3c3c3c3c
# epoch 11150  H=1.1390 C=1.1407 HO=-0.0470  A(t)=356
     19385  <<<<<<<<<<<<<<<<  3c3c3c3c3c3c3c3c3c3c3c3c3c3c3c3c
       655  ,,,,,,,,,,,,,,,,  2c2c2c2c2c2c2c2c2c2c2c2c2c2c2c2c
       547  ,<<<<<<<<<<<<<<<  2c3c3c3c3c3c3c3c3c3c3c3c3c3c3c3c
       544  <<<<<<<<<<<<<<<,  3c3c3c3c3c3c3c3c3c3c3c3c3c3c3c2c
       540  <,<<<<<<<<<<<<<<  3c2c3c3c3c3c3c3c3c3c3c3c3c3c3c3c
       536  <<<<<<<<<<<<<<,<  3c3c3c3c3c3c3c3c3c3c3c3c3c3c2c3c
       524  <<,<<<<<<<<<<<<<  3c3c2c3c3c3c3c3c3c3c3c3c3c3c3c3c
       516  <<<<<<<<<<<<<,<<  3c3c3c3c3c3c3c3c3c3c3c3c3c2c3c3c
       513  <<<,<<<<<<<<<<<<  3c3c3c2c3c3c3c3c3c3c3c3c3c3c3c3c
       509  <<<<<,<<<<<<<<<<  3c3c3c3c3c2c3c3c3c3c3c3c3c3c3c3c
# epoch 11200  H=1.1231 C=1.1042 HO=-0.0229  A(t)=356
     20488  <<<<<<<<<<<<<<<<  3c3c3c3c3c3c3c3c3c3c3c3c3c3c3c3c
       882  ,,,,,,,,,,,,,,,,  2c2c2c2c2c2c2c2c2c2c2c2c2c2c2c2c
       531  <<<<<<<<<<<<<<<,  3c3c3c3c3c3c3c3c3c3c3c3c3c3c3c2c
       521  ,<<<<<<<<<<<<<<<  2c3c3c3c3c3c3c3c3c3c3c3c3c3c3c3c
       504  <<<<<<<<<<<<<<,<  3c3c3c3c3c3c3c3c3c3c3c3c3c3c2c3c
       497  <,<<<<<<<<<<<<<<  3c2c3c3c3c3c3c3c3c3c3c3c3c3c3c3c
       481  <<<,<<<<<<<<<<<<  3c3c3c2c3c3c3c3c3c3c3c3c3c3c3c3c
       479  <<<<,<<<<<<<<<<<  3c3c3c3c2c3c3c3c3c3c3c3c3c3c3c3c
       478  <<<<<<<<<<<<<,<<  3c3c3c3c3c3c3c3c3c3c3c3c3c2c3c3c
       477  <<,<<<<<<<<<<<<<  3c3c2c3c3c3c3c3c3c3c3c3c3c3c3c3c
# epoch 11250  H=1.1256 C=1.0889 HO=-0.0050  A(t)=356
     21201  <<<<<<<<<<<<<<<<  3c3c3c3c3c3c3c3c3c3c3c3c3c3c3c3c
       785  ,,,,,,,,,,,,,,,,  2c2c2c2c2c2c2c2c2c2c2c2c2c2c2c2c
       534  <<<<<<<<<<<<<<<,  3c3c3c3c3c3c3c3c3c3c3c3c3c3c3c2c
       519  ,<<<<<<<<<<<<<<<  2c3c3c3c3c3c3c3c3c3c3c3c3c3c3c3c
       513  <<<<<<<<<<<<<<,<  3c3c3c3c3c3c3c3c3c3c3c3c3c3c2c3c
       509  <,<<<<<<<<<<<<<<  3c2c3c3c3c3c3c3c3c3c3c3c3c3c3c3c
       507  <<<<<<<<<<<<<,<<  3c3c3c3c3c3c3c3c3c3c3c3c3c2c3c3c
       501  <<<<<<<<<<<<,<<<  3c3c3c3c3c3c3c3c3c3c3c3c2c3c3c3c
       500  <<,<<<<<<<<<<<<<  3c3c2c3c3c3c3c3c3c3c3c3c3c3c3c3c
       496  <<<,<<<<<<<<<<<<  3c3c3c2c3c3c3c3c3c3c3c3c3c3c3c3c
# epoch 11300  H=0.9667 C=1.0012 HO=-0.0851  A(t)=356
     23430  <<<<<<<<<<<<<<<<  3c3c3c3c3c3c3c3c3c3c3c3c3c3c3c3c
       774  ,,,,,,,,,,,,,,,,  2c2c2c2c2c2c2c2c2c2c2c2c2c2c2c2c
       600  <<<<<<<<<<<<<<<,  3c3c3c3c3c3c3c3c3c3c3c3c3c3c3c2c
       597  <<<<<<<<<<<<<<,<  3c3c3c3c3c3c3c3c3c3c3c3c3c3c2c3c
       594  ,<<<<<<<<<<<<<<<  2c3c3c3c3c3c3c3c3c3c3c3c3c3c3c3c
       589  <,<<<<<<<<<<<<<<  3c2c3c3c3c3c3c3c3c3c3c3c3c3c3c3c
       587  <<<<<<<<<<<<<,<<  3c3c3c3c3c3c3c3c3c3c3c3c3c2c3c3c
       582  <<,<<<<<<<<<<<<<  3c3c2c3c3c3c3c3c3c3c3c3c3c3c3c3c
       568  <<<,<<<<<<<<<<<<  3c3c3c2c3c3c3c3c3c3c3c3c3c3c3c3c
       567  <<<<<<<<<<<<,<<<  3c3c3c3c3c3c3c3c3c3c3c3c2c3c3c3c
# epoch 11350  H=1.0414 C=1.0497 HO=-0.0568  A(t)=360
     22320  <<<<<<<<<<<<<<<<  3c3c3c3c3c3c3c3c3c3c3c3c3c3c3c3c
       687  ,,,,,,,,,,,,,,,,  2c2c2c2c2c2c2c2c2c2c2c2c2c2c2c2c
       553  ,<<<<<<<<<<<<<<<  2c3c3c3c3c3c3c3c3c3c3c3c3c3c3c3c
       549  <<<<<<<<<<<<<<<,  3c3c3c3c3c3c3c3c3c3c3c3c3c3c3c2c
       530  <,<<<<<<<<<<<<<<  3c2c3c3c3c3c3c3c3c3c3c3c3c3c3c3c
       526  <<<<<<<<<<<<<<,<  3c3c3c3c3c3c3c3c3c3c3c3c3c3c2c3c
       517  <<,<<<<<<<<<<<<<  3c3c2c3c3c3c3c3c3c3c3c3c3c3c3c3c
       496  <<<<<<<<<<<<<,<<  3c3c3c3c3c3c3c3c3c3c3c3c3c2c3c3c
       489  <<<,<<<<<<<<<<<<  3c3c3c2c3c3c3c3c3c3c3c3c3c3c3c3c
       482  <<<<,<<<<<<<<<<<  3c3c3c3c2c3c3c3c3c3c3c3c3c3c3c3c
# epoch 11400  H=1.1748 C=1.1725 HO=-0.0402  A(t)=360
     20912  <<<<<<<<<<<<<<<<  3c3c3c3c3c3c3c3c3c3c3c3c3c3c3c3c
       508  <<<<<<<<<<<<<<<,  3c3c3c3c3c3c3c3c3c3c3c3c3c3c3c2c
       490  ,<<<<<<<<<<<<<<<  2c3c3c3c3c3c3c3c3c3c3c3c3c3c3c3c
       483  <<<<<<<<<<<<<<,<  3c3c3c3c3c3c3c3c3c3c3c3c3c3c2c3c
       471  <<<<<<<<<<<<<,<<  3c3c3c3c3c3c3c3c3c3c3c3c3c2c3c3c
       471  <<<<<<,<<<<<<<<<  3c3c3c3c3c3c2c3c3c3c3c3c3c3c3c3c
       470  <<<<<,<<<<<<<<<<  3c3c3c3c3c2c3c3c3c3c3c3c3c3c3c3c
       470  <,<<<<<<<<<<<<<<  3c2c3c3c3c3c3c3c3c3c3c3c3c3c3c3c
       462  <<,<<<<<<<<<<<<<  3c3c2c3c3c3c3c3c3c3c3c3c3c3c3c3c
       461  <<<<<<<<<<<<,<<<  3c3c3c3c3c3c3c3c3c3c3c3c2c3c3c3c
# epoch 11450  H=1.2057 C=1.1653 HO=0.0081  A(t)=360
     22929  <<<<<<<<<<<<<<<<  3c3c3c3c3c3c3c3c3c3c3c3c3c3c3c3c
       524  <<<<<<<<<<<<<<<,  3c3c3c3c3c3c3c3c3c3c3c3c3c3c3c2c
       507  <<<<<<<<<<<<<<,<  3c3c3c3c3c3c3c3c3c3c3c3c3c3c2c3c
       506  <<<<<<<<,<<<<<<<  3c3c3c3c3c3c3c3c2c3c3c3c3c3c3c3c
       506  ,<<<<<<<<<<<<<<<  2c3c3c3c3c3c3c3c3c3c3c3c3c3c3c3c
       497  <<<<<<<<<<,<<<<<  3c3c3c3c3c3c3c3c3c3c2c3c3c3c3c3c
       497  <<<<<<<,<<<<<<<<  3c3c3c3c3c3c3c2c3c3c3c3c3c3c3c3c
       492  <,<<<<<<<<<<<<<<  3c2c3c3c3c3c3c3c3c3c3c3c3c3c3c3c
       491  <<<<<<<<<<<<<,<<  3c3c3c3c3c3c3c3c3c3c3c3c3c2c3c3c
       491  <<<<<<<<<<<,<<<<  3c3c3c3c3c3c3c3c3c3c3c2c3c3c3c3c
# epoch 11500  H=1.2030 C=1.1740 HO=0.0037  A(t)=360
     22230  <<<<<<<<<<<<<<<<  3c3c3c3c3c3c3c3c3c3c3c3c3c3c3c3c
       516  <<<<<<<<<<<<<<<,  3c3c3c3c3c3c3c3c3c3c3c3c3c3c3c2c
       493  <<<<<<<<<<<<<<,<  3c3c3c3c3c3c3c3c3c3c3c3c3c3c2c3c
       492  <<<,<<<<<<<<<<<<  3c3c3c2c3c3c3c3c3c3c3c3c3c3c3c3c
       492  ,<<<<<<<<<<<<<<<  2c3c3c3c3c3c3c3c3c3c3c3c3c3c3c3c
       491  <<<<<,<<<<<<<<<<  3c3c3c3c3c2c3c3c3c3c3c3c3c3c3c3c
       490  <<<<<<<<,<<<<<<<  3c3c3c3c3c3c3c3c2c3c3c3c3c3c3c3c
       490  <<<<<<<,<<<<<<<<  3c3c3c3c3c3c3c2c3c3c3c3c3c3c3c3c
       488  <,<<<<<<<<<<<<<<  3c2c3c3c3c3c3c3c3c3c3c3c3c3c3c3c
       485  <<<<<<,<<<<<<<<<  3c3c3c3c3c3c2c3c3c3c3c3c3c3c3c3c
# epoch 11550  H=1.2336 C=1.1970 HO=0.0141  A(t)=360
     21112  <<<<<<<<<<<<<<<<  3c3c3c3c3c3c3c3c3c3c3c3c3c3c3c3c
       608  ,,,,,,,,,,,,,,,,  2c2c2c2c2c2c2c2c2c2c2c2c2c2c2c2c
       524  <<<<<<<<<<<<<<<,  3c3c3c3c3c3c3c3c3c3c3c3c3c3c3c2c
       516  ,<<<<<<<<<<<<<<<  2c3c3c3c3c3c3c3c3c3c3c3c3c3c3c3c
       506  <<<<<<<<<<<<<<,<  3c3c3c3c3c3c3c3c3c3c3c3c3c3c2c3c
       501  <<<<<<<,<<<<<<<<  3c3c3c3c3c3c3c2c3c3c3c3c3c3c3c3c
       492  <<<<<<,<<<<<<<<<  3c3c3c3c3c3c2c3c3c3c3c3c3c3c3c3c
       491  <,<<<<<<<<<<<<<<  3c2c3c3c3c3c3c3c3c3c3c3c3c3c3c3c
       490  <<<<<<<<,<<<<<<<  3c3c3c3c3c3c3c3c2c3c3c3c3c3c3c3c
       489  <<<<<<<<<<<<<,<<  3c3c3c3c3c3c3c3c3c3c3c3c3c2c3c3c
# epoch 11600  H=1.3008 C=1.2058 HO=0.0648  A(t)=360
     20282  <<<<<<<<<<<<<<<<  3c3c3c3c3c3c3c3c3c3c3c3c3c3c3c3c
       870  ,,,,,,,,,,,,,,,,  2c2c2c2c2c2c2c2c2c2c2c2c2c2c2c2c
       474  <<<<<<<<<<<<<<<,  3c3c3c3c3c3c3c3c3c3c3c3c3c3c3c2c
       464  <,<<<<<<<<<<<<<<  3c2c3c3c3c3c3c3c3c3c3c3c3c3c3c3c
       460  ,<<<<<<<<<<<<<<<  2c3c3c3c3c3c3c3c3c3c3c3c3c3c3c3c
       454  <<<<<<<<<<<<<<,<  3c3c3c3c3c3c3c3c3c3c3c3c3c3c2c3c
       436  <<,<<<<<<<<<<<<<  3c3c2c3c3c3c3c3c3c3c3c3c3c3c3c3c
       435  <<<<<<<<<<<<<,<<  3c3c3c3c3c3c3c3c3c3c3c3c3c2c3c3c
       428  <<<<<<<<<<<<,<<<  3c3c3c3c3c3c3c3c3c3c3c3c2c3c3c3c
       428  <<<,<<<<<<<<<<<<  3c3c3c2c3c3c3c3c3c3c3c3c3c3c3c3c
# epoch 11650  H=1.2335 C=1.1697 HO=0.0338  A(t)=360
     20301  <<<<<<<<<<<<<<<<  3c3c3c3c3c3c3c3c3c3c3c3c3c3c3c3c
       573  ,,,,,,,,,,,,,,,,  2c2c2c2c2c2c2c2c2c2c2c2c2c2c2c2c
       500  <<<<<<<<<<<<<<<,  3c3c3c3c3c3c3c3c3c3c3c3c3c3c3c2c
       488  <<<<<<<<<<<<<<,<  3c3c3c3c3c3c3c3c3c3c3c3c3c3c2c3c
       488  ,<<<<<<<<<<<<<<<  2c3c3c3c3c3c3c3c3c3c3c3c3c3c3c3c
       477  <,<<<<<<<<<<<<<<  3c2c3c3c3c3c3c3c3c3c3c3c3c3c3c3c
       473  <<,<<<<<<<<<<<<<  3c3c2c3c3c3c3c3c3c3c3c3c3c3c3c3c
       460  <<<<<<<<<<<<<,<<  3c3c3c3c3c3c3c3c3c3c3c3c3c2c3c3c
       449  <<<,<<<<<<<<<<<<  3c3c3c2c3c3c3c3c3c3c3c3c3c3c3c3c
       448  <<<<<<<<<<<<,<<<  3c3c3c3c3c3c3c3c3c3c3c3c2c3c3c3c
# epoch 11700  H=1.2940 C=1.1844 HO=0.0749  A(t)=360
     19739  <<<<<<<<<<<<<<<<  3c3c3c3c3c3c3c3c3c3c3c3c3c3c3c3c
       630  ,,,,,,,,,,,,,,,,  2c2c2c2c2c2c2c2c2c2c2c2c2c2c2c2c
       472  <<<<<<<<<<<<<<<,  3c3c3c3c3c3c3c3c3c3c3c3c3c3c3c2c
       456  ,<<<<<<<<<<<<<<<  2c3c3c3c3c3c3c3c3c3c3c3c3c3c3c3c
       450  <<<<<<<<<<<<,<<<  3c3c3c3c3c3c3c3c3c3c3c3c2c3c3c3c
       449  <<<<<<<<<<<<<<,<  3c3c3c3c3c3c3c3c3c3c3c3c3c3c2c3c
       447  <<<<<<<<<<<,<<<<  3c3c3c3c3c3c3c3c3c3c3c2c3c3c3c3c
       446  <<<<<<<<<<<<<,<<  3c3c3c3c3c3c3c3c3c3c3c3c3c2c3c3c
       437  <,<<<<<<<<<<<<<<  3c2c3c3c3c3c3c3c3c3c3c3c3c3c3c3c
       435  <<<<,<<<<<<<<<<<  3c3c3c3c2c3c3c3c3c3c3c3c3c3c3c3c
# epoch 11750  H=1.3577 C=1.2727 HO=0.0659  A(t)=360
     19881  <<<<<<<<<<<<<<<<  3c3c3c3c3c3c3c3c3c3c3c3c3c3c3c3c
       494  ,,,,,,,,,,,,,,,,  2c2c2c2c2c2c2c2c2c2c2c2c2c2c2c2c
       472  <<<<<<<<<<<<<<<,  3c3c3c3c3c3c3c3c3c3c3c3c3c3c3c2c
       455  <<<<<<<<<<<<<<,<  3c3c3c3c3c3c3c3c3c3c3c3c3c3c2c3c
       443  ,<<<<<<<<<<<<<<<  2c3c3c3c3c3c3c3c3c3c3c3c3c3c3c3c
       441  <<<<<<<<<<<<<,<<  3c3c3c3c3c3c3c3c3c3c3c3c3c2c3c3c
       436  <<,<<<<<<<<<<<<<  3c3c2c3c3c3c3c3c3c3c3c3c3c3c3c3c
       436  <,<<<<<<<<<<<<<<  3c2c3c3c3c3c3c3c3c3c3c3c3c3c3c3c
       426  <<<<<<<<<<<<,<<<  3c3c3c3c3c3c3c3c3c3c3c3c2c3c3c3c
       422  <<<<<,<<<<<<<<<<  3c3c3c3c3c2c3c3c3c3c3c3c3c3c3c3c
# epoch 11800  H=1.4492 C=1.3132 HO=0.1172  A(t)=360
     19718  <<<<<<<<<<<<<<<<  3c3c3c3c3c3c3c3c3c3c3c3c3c3c3c3c
       688  ,,,,,,,,,,,,,,,,  2c2c2c2c2c2c2c2c2c2c2c2c2c2c2c2c
       480  <<<<<<<<<<<<<<<,  3c3c3c3c3c3c3c3c3c3c3c3c3c3c3c2c
       467  ,<<<<<<<<<<<<<<<  2c3c3c3c3c3c3c3c3c3c3c3c3c3c3c3c
       461  <,<<<<<<<<<<<<<<  3c2c3c3c3c3c3c3c3c3c3c3c3c3c3c3c
       456  <<<<<<,<<<<<<<<<  3c3c3c3c3c3c2c3c3c3c3c3c3c3c3c3c
       456  <<,<<<<<<<<<<<<<  3c3c2c3c3c3c3c3c3c3c3c3c3c3c3c3c
       455  <<<<<<<<<<<<<<,<  3c3c3c3c3c3c3c3c3c3c3c3c3c3c2c3c
       450  <<<<<<<,<<<<<<<<  3c3c3c3c3c3c3c2c3c3c3c3c3c3c3c3c
       447  <<<<<<<<,<<<<<<<  3c3c3c3c3c3c3c3c2c3c3c3c3c3c3c3c
# epoch 11850  H=1.4119 C=1.3207 HO=0.0735  A(t)=360
     20054  <<<<<<<<<<<<<<<<  3c3c3c3c3c3c3c3c3c3c3c3c3c3c3c3c
       756  ,,,,,,,,,,,,,,,,  2c2c2c2c2c2c2c2c2c2c2c2c2c2c2c2c
       473  ,<<<<<<<<<<<<<<<  2c3c3c3c3c3c3c3c3c3c3c3c3c3c3c3c
       470  <<<<<<<<<<<<<<<,  3c3c3c3c3c3c3c3c3c3c3c3c3c3c3c2c
       469  <<<<<<<<<<<<<<,<  3c3c3c3c3c3c3c3c3c3c3c3c3c3c2c3c
       459  <<<<<<<<<<<<<,<<  3c3c3c3c3c3c3c3c3c3c3c3c3c2c3c3c
       457  <<<<<<<<<<<<,<<<  3c3c3c3c3c3c3c3c3c3c3c3c2c3c3c3c
       457  <,<<<<<<<<<<<<<<  3c2c3c3c3c3c3c3c3c3c3c3c3c3c3c3c
       454  <<,<<<<<<<<<<<<<  3c3c2c3c3c3c3c3c3c3c3c3c3c3c3c3c
       439  <<<,<<<<<<<<<<<<  3c3c3c2c3c3c3c3c3c3c3c3c3c3c3c3c
# epoch 11900  H=1.3979 C=1.2826 HO=0.0816  A(t)=360
     19335  <<<<<<<<<<<<<<<<  3c3c3c3c3c3c3c3c3c3c3c3c3c3c3c3c
       848  ,,,,,,,,,,,,,,,,  2c2c2c2c2c2c2c2c2c2c2c2c2c2c2c2c
       545  <<<<<<<<<<<<<<<,  3c3c3c3c3c3c3c3c3c3c3c3c3c3c3c2c
       539  ,<<<<<<<<<<<<<<<  2c3c3c3c3c3c3c3c3c3c3c3c3c3c3c3c
       511  <,<<<<<<<<<<<<<<  3c2c3c3c3c3c3c3c3c3c3c3c3c3c3c3c
       504  <<<<<<<<<<<<<<,<  3c3c3c3c3c3c3c3c3c3c3c3c3c3c2c3c
       503  <<<<<<<<<<<<<,<<  3c3c3c3c3c3c3c3c3c3c3c3c3c2c3c3c
       503  <<,<<<<<<<<<<<<<  3c3c2c3c3c3c3c3c3c3c3c3c3c3c3c3c
       491  <<<<<<<<<<<<,<<<  3c3c3c3c3c3c3c3c3c3c3c3c2c3c3c3c
       489  <<<<,<<<<<<<<<<<  3c3c3c3c2c3c3c3c3c3c3c3c3c3c3c3c
# epoch 11950  H=1.4180 C=1.2937 HO=0.0990  A(t)=360
     19753  <<<<<<<<<<<<<<<<  3c3c3c3c3c3c3c3c3c3c3c3c3c3c3c3c
       840  ,,,,,,,,,,,,,,,,  2c2c2c2c2c2c2c2c2c2c2c2c2c2c2c2c
       485  <<<<<<<<<<<<<<<,  3c3c3c3c3c3c3c3c3c3c3c3c3c3c3c2c
       464  <<<<<<<<<<<<<<,<  3c3c3c3c3c3c3c3c3c3c3c3c3c3c2c3c
       464  ,<<<<<<<<<<<<<<<  2c3c3c3c3c3c3c3c3c3c3c3c3c3c3c3c
       445  <,<<<<<<<<<<<<<<  3c2c3c3c3c3c3c3c3c3c3c3c3c3c3c3c
       440  <<<<<<<<<<<<<,<<  3c3c3c3c3c3c3c3c3c3c3c3c3c2c3c3c
       439  <<,<<<<<<<<<<<<<  3c3c2c3c3c3c3c3c3c3c3c3c3c3c3c3c
       437  <<<<<<<<<<,<<<<<  3c3c3c3c3c3c3c3c3c3c2c3c3c3c3c3c
       430  <<<<<<<<<,<<<<<<  3c3c3c3c3c3c3c3c3c2c3c3c3c3c3c3c
# epoch 12000  H=1.4035 C=1.3093 HO=0.0713  A(t)=360
     20039  <<<<<<<<<<<<<<<<  3c3c3c3c3c3c3c3c3c3c3c3c3c3c3c3c
       642  ,,,,,,,,,,,,,,,,  2c2c2c2c2c2c2c2c2c2c2c2c2c2c2c2c
       509  ,<<<<<<<<<<<<<<<  2c3c3c3c3c3c3c3c3c3c3c3c3c3c3c3c
       504  <<<<<<<<<<<<<<<,  3c3c3c3c3c3c3c3c3c3c3c3c3c3c3c2c
       495  <,<<<<<<<<<<<<<<  3c2c3c3c3c3c3c3c3c3c3c3c3c3c3c3c
       480  <<<<<<<<<<<<<<,<  3c3c3c3c3c3c3c3c3c3c3c3c3c3c2c3c
       474  <<,<<<<<<<<<<<<<  3c3c2c3c3c3c3c3c3c3c3c3c3c3c3c3c
       469  <<<,<<<<<<<<<<<<  3c3c3c2c3c3c3c3c3c3c3c3c3c3c3c3c
       468  <<<<<<<<<<<<<,<<  3c3c3c3c3c3c3c3c3c3c3c3c3c2c3c3c
       461  <<<<<<<<<<<<,<<<  3c3c3c3c3c3c3c3c3c3c3c3c2c3c3c3c
# epoch 12050  H=1.4313 C=1.3379 HO=0.0812  A(t)=360
     19444  <<<<<<<<<<<<<<<<  3c3c3c3c3c3c3c3c3c3c3c3c3c3c3c3c
       738  ,,,,,,,,,,,,,,,,  2c2c2c2c2c2c2c2c2c2c2c2c2c2c2c2c
       478  <<<<<<<<<<<<<<<,  3c3c3c3c3c3c3c3c3c3c3c3c3c3c3c2c
       477  <,<<<<<<<<<<<<<<  3c2c3c3c3c3c3c3c3c3c3c3c3c3c3c3c
       476  ,<<<<<<<<<<<<<<<  2c3c3c3c3c3c3c3c3c3c3c3c3c3c3c3c
       465  <<,<<<<<<<<<<<<<  3c3c2c3c3c3c3c3c3c3c3c3c3c3c3c3c
       452  <<<<<<<<<<<<<<,<  3c3c3c3c3c3c3c3c3c3c3c3c3c3c2c3c
       445  <<<<,<<<<<<<<<<<  3c3c3c3c2c3c3c3c3c3c3c3c3c3c3c3c
       438  <<<<<<<<<,<<<<<<  3c3c3c3c3c3c3c3c3c2c3c3c3c3c3c3c
       437  <<<<<<<<,<<<<<<<  3c3c3c3c3c3c3c3c2c3c3c3c3c3c3c3c
# epoch 12100  H=1.3736 C=1.2850 HO=0.0624  A(t)=360
     21071  <<<<<<<<<<<<<<<<  3c3c3c3c3c3c3c3c3c3c3c3c3c3c3c3c
       645  ,,,,,,,,,,,,,,,,  2c2c2c2c2c2c2c2c2c2c2c2c2c2c2c2c
       539  <<<<<<<<<<<<<<<,  3c3c3c3c3c3c3c3c3c3c3c3c3c3c3c2c
       522  ,<<<<<<<<<<<<<<<  2c3c3c3c3c3c3c3c3c3c3c3c3c3c3c3c
       521  <<<<<<<<<<<<<<,<  3c3c3c3c3c3c3c3c3c3c3c3c3c3c2c3c
       508  <,<<<<<<<<<<<<<<  3c2c3c3c3c3c3c3c3c3c3c3c3c3c3c3c
       496  <<<<<<<<<<<<<,<<  3c3c3c3c3c3c3c3c3c3c3c3c3c2c3c3c
       488  <<,<<<<<<<<<<<<<  3c3c2c3c3c3c3c3c3c3c3c3c3c3c3c3c
       485  <<<,<<<<<<<<<<<<  3c3c3c2c3c3c3c3c3c3c3c3c3c3c3c3c
       472  <<<<<<<<<<<<,<<<  3c3c3c3c3c3c3c3c3c3c3c3c2c3c3c3c
# epoch 12150  H=1.4399 C=1.3638 HO=0.0603  A(t)=360
     19694  <<<<<<<<<<<<<<<<  3c3c3c3c3c3c3c3c3c3c3c3c3c3c3c3c
       547  ,,,,,,,,,,,,,,,,  2c2c2c2c2c2c2c2c2c2c2c2c2c2c2c2c
       526  ,<<<<<<<<<<<<<<<  2c3c3c3c3c3c3c3c3c3c3c3c3c3c3c3c
       524  <<<<<<<<<<<<<<<,  3c3c3c3c3c3c3c3c3c3c3c3c3c3c3c2c
       508  <<<<<<<<<<<<<<,<  3c3c3c3c3c3c3c3c3c3c3c3c3c3c2c3c
       507  <<,<<<<<<<<<<<<<  3c3c2c3c3c3c3c3c3c3c3c3c3c3c3c3c
       502  <<<,<<<<<<<<<<<<  3c3c3c2c3c3c3c3c3c3c3c3c3c3c3c3c
       502  <,<<<<<<<<<<<<<<  3c2c3c3c3c3c3c3c3c3c3c3c3c3c3c3c
       500  <<<<<<<<<<<<<,<<  3c3c3c3c3c3c3c3c3c3c3c3c3c2c3c3c
       497  <<<<<<<<<<<<,<<<  3c3c3c3c3c3c3c3c3c3c3c3c2c3c3c3c
# epoch 12200  H=1.4491 C=1.3563 HO=0.0664  A(t)=360
     19813  <<<<<<<<<<<<<<<<  3c3c3c3c3c3c3c3c3c3c3c3c3c3c3c3c
       845  ,,,,,,,,,,,,,,,,  2c2c2c2c2c2c2c2c2c2c2c2c2c2c2c2c
       568  <<<<<<<<<<<<<<<,  3c3c3c3c3c3c3c3c3c3c3c3c3c3c3c2c
       547  ,<<<<<<<<<<<<<<<  2c3c3c3c3c3c3c3c3c3c3c3c3c3c3c3c
       536  <<<<<<<<<<<<<<,<  3c3c3c3c3c3c3c3c3c3c3c3c3c3c2c3c
       524  <,<<<<<<<<<<<<<<  3c2c3c3c3c3c3c3c3c3c3c3c3c3c3c3c
       522  <<,<<<<<<<<<<<<<  3c3c2c3c3c3c3c3c3c3c3c3c3c3c3c3c
       521  <<<<<<<<<<<<<,<<  3c3c3c3c3c3c3c3c3c3c3c3c3c2c3c3c
       499  <<<,<<<<<<<<<<<<  3c3c3c2c3c3c3c3c3c3c3c3c3c3c3c3c
       494  <<<<<<<<<<<<,<<<  3c3c3c3c3c3c3c3c3c3c3c3c2c3c3c3c
# epoch 12250  H=1.2562 C=1.2137 HO=-0.0001  A(t)=360
     20256  <<<<<<<<<<<<<<<<  3c3c3c3c3c3c3c3c3c3c3c3c3c3c3c3c
       732  ,,,,,,,,,,,,,,,,  2c2c2c2c2c2c2c2c2c2c2c2c2c2c2c2c
       546  <<<<<<<<<<<<<<<,  3c3c3c3c3c3c3c3c3c3c3c3c3c3c3c2c
       529  <<<<<<<<<<<<<<,<  3c3c3c3c3c3c3c3c3c3c3c3c3c3c2c3c
       529  ,<<<<<<<<<<<<<<<  2c3c3c3c3c3c3c3c3c3c3c3c3c3c3c3c
       522  <<<<<<<,<<<<<<<<  3c3c3c3c3c3c3c2c3c3c3c3c3c3c3c3c
       521  <<<<<<<<<<<<,<<<  3c3c3c3c3c3c3c3c3c3c3c3c2c3c3c3c
       520  <<<<<<<<<,<<<<<<  3c3c3c3c3c3c3c3c3c2c3c3c3c3c3c3c
       517  <<<<<<<<<<<<<,<<  3c3c3c3c3c3c3c3c3c3c3c3c3c2c3c3c
       517  <,<<<<<<<<<<<<<<  3c2c3c3c3c3c3c3c3c3c3c3c3c3c3c3c
# epoch 12300  H=1.1088 C=1.0763 HO=-0.0145  A(t)=360
     21460  <<<<<<<<<<<<<<<<  3c3c3c3c3c3c3c3c3c3c3c3c3c3c3c3c
       608  <<<<<,<<<<<<<<<<  3c3c3c3c3c2c3c3c3c3c3c3c3c3c3c3c
       606  <<<<<<<<<<<<<<<,  3c3c3c3c3c3c3c3c3c3c3c3c3c3c3c2c
       606  <<<<<<<<,<<<<<<<  3c3c3c3c3c3c3c3c2c3c3c3c3c3c3c3c
       602  <<<<<<<,<<<<<<<<  3c3c3c3c3c3c3c2c3c3c3c3c3c3c3c3c
       601  <<<<<<,<<<<<<<<<  3c3c3c3c3c3c2c3c3c3c3c3c3c3c3c3c
       600  <<<<<<<<<,<<<<<<  3c3c3c3c3c3c3c3c3c2c3c3c3c3c3c3c
       597  <<<<<<<<<<,<<<<<  3c3c3c3c3c3c3c3c3c3c2c3c3c3c3c3c
       597  ,<<<<<<<<<<<<<<<  2c3c3c3c3c3c3c3c3c3c3c3c3c3c3c3c
       592  <<<<<<<<<<<<<<,<  3c3c3c3c3c3c3c3c3c3c3c3c3c3c2c3c
# epoch 12350  H=1.1511 C=1.1339 HO=-0.0270  A(t)=360
     20759  <<<<<<<<<<<<<<<<  3c3c3c3c3c3c3c3c3c3c3c3c3c3c3c3c
       581  <<<<<<<<<<<<<<<,  3c3c3c3c3c3c3c3c3c3c3c3c3c3c3c2c
       571  ,<<<<<<<<<<<<<<<  2c3c3c3c3c3c3c3c3c3c3c3c3c3c3c3c
       564  <<<<<<<<<<<<<<,<  3c3c3c3c3c3c3c3c3c3c3c3c3c3c2c3c
       544  <<<<<<<<<<<<<,<<  3c3c3c3c3c3c3c3c3c3c3c3c3c2c3c3c
       544  <,<<<<<<<<<<<<<<  3c2c3c3c3c3c3c3c3c3c3c3c3c3c3c3c
       532  <<<<<<<<<<<<,<<<  3c3c3c3c3c3c3c3c3c3c3c3c2c3c3c3c
       527  <<,<<<<<<<<<<<<<  3c3c2c3c3c3c3c3c3c3c3c3c3c3c3c3c
       519  <<<<<<<<<,<<<<<<  3c3c3c3c3c3c3c3c3c2c3c3c3c3c3c3c
       519  <<<,<<<<<<<<<<<<  3c3c3c2c3c3c3c3c3c3c3c3c3c3c3c3c
# epoch 12400  H=1.0924 C=1.0898 HO=-0.0443  A(t)=360
     21615  <<<<<<<<<<<<<<<<  3c3c3c3c3c3c3c3c3c3c3c3c3c3c3c3c
       668  ,,,,,,,,,,,,,,,,  2c2c2c2c2c2c2c2c2c2c2c2c2c2c2c2c
       622  <<<<<<<<<<<<<<<,  3c3c3c3c3c3c3c3c3c3c3c3c3c3c3c2c
       589  <<<<<<<<<<<<<<,<  3c3c3c3c3c3c3c3c3c3c3c3c3c3c2c3c
       582  ,<<<<<<<<<<<<<<<  2c3c3c3c3c3c3c3c3c3c3c3c3c3c3c3c
       562  <<<<<<<<<<<<<,<<  3c3c3c3c3c3c3c3c3c3c3c3c3c2c3c3c
       559  <<<<<<<<<<<<,<<<  3c3c3c3c3c3c3c3c3c3c3c3c2c3c3c3c
       554  <<<<<<<<<<<,<<<<  3c3c3c3c3c3c3c3c3c3c3c2c3c3c3c3c
       549  <<<<<<<<<<,<<<<<  3c3c3c3c3c3c3c3c3c3c2c3c3c3c3c3c
       547  <,<<<<<<<<<<<<<<  3c2c3c3c3c3c3c3c3c3c3c3c3c3c3c3c
# epoch 12450  H=1.1296 C=1.0894 HO=-0.0004  A(t)=360
     21379  <<<<<<<<<<<<<<<<  3c3c3c3c3c3c3c3c3c3c3c3c3c3c3c3c
       602  ,,,,,,,,,,,,,,,,  2c2c2c2c2c2c2c2c2c2c2c2c2c2c2c2c
       546  <<<<<<<<<<<<<<<,  3c3c3c3c3c3c3c3c3c3c3c3c3c3c3c2c
       543  ,<<<<<<<<<<<<<<<  2c3c3c3c3c3c3c3c3c3c3c3c3c3c3c3c
       535  <,<<<<<<<<<<<<<<  3c2c3c3c3c3c3c3c3c3c3c3c3c3c3c3c
       521  <<<<<<<<<<<<<<,<  3c3c3c3c3c3c3c3c3c3c3c3c3c3c2c3c
       516  <<,<<<<<<<<<<<<<  3c3c2c3c3c3c3c3c3c3c3c3c3c3c3c3c
       490  <<<<<<<<<<<<<,<<  3c3c3c3c3c3c3c3c3c3c3c3c3c2c3c3c
       489  <<<,<<<<<<<<<<<<  3c3c3c2c3c3c3c3c3c3c3c3c3c3c3c3c
       485  <<<<<<<<<<<<,<<<  3c3c3c3c3c3c3c3c3c3c3c3c2c3c3c3c
# epoch 12500  H=1.0841 C=1.0563 HO=-0.0141  A(t)=360
     23011  <<<<<<<<<<<<<<<<  3c3c3c3c3c3c3c3c3c3c3c3c3c3c3c3c
       549  ,<<<<<<<<<<<<<<<  2c3c3c3c3c3c3c3c3c3c3c3c3c3c3c3c
       548  <<<<<<<<<<<<<<<,  3c3c3c3c3c3c3c3c3c3c3c3c3c3c3c2c
       541  ,,,,,,,,,,,,,,,,  2c2c2c2c2c2c2c2c2c2c2c2c2c2c2c2c
       530  <<<,<<<<<<<<<<<<  3c3c3c2c3c3c3c3c3c3c3c3c3c3c3c3c
       528  <<<<<<<,<<<<<<<<  3c3c3c3c3c3c3c2c3c3c3c3c3c3c3c3c
       526  <<<<<<<<,<<<<<<<  3c3c3c3c3c3c3c3c2c3c3c3c3c3c3c3c
       526  <<,<<<<<<<<<<<<<  3c3c2c3c3c3c3c3c3c3c3c3c3c3c3c3c
       524  <<<<,<<<<<<<<<<<  3c3c3c3c2c3c3c3c3c3c3c3c3c3c3c3c
       523  <<<<<<<<<<<,<<<<  3c3c3c3c3c3c3c3c3c3c3c2c3c3c3c3c
# epoch 12550  H=1.2161 C=1.1288 HO=0.0477  A(t)=360
     21538  <<<<<<<<<<<<<<<<  3c3c3c3c3c3c3c3c3c3c3c3c3c3c3c3c
      1084  ,,,,,,,,,,,,,,,,  2c2c2c2c2c2c2c2c2c2c2c2c2c2c2c2c
       565  <<<<<<<<<<<<<<<,  3c3c3c3c3c3c3c3c3c3c3c3c3c3c3c2c
       543  ,<<<<<<<<<<<<<<<  2c3c3c3c3c3c3c3c3c3c3c3c3c3c3c3c
       535  <<<<<<<<<<<<<<,<  3c3c3c3c3c3c3c3c3c3c3c3c3c3c2c3c
       530  <<,<<<<<<<<<<<<<  3c3c2c3c3c3c3c3c3c3c3c3c3c3c3c3c
       529  <,<<<<<<<<<<<<<<  3c2c3c3c3c3c3c3c3c3c3c3c3c3c3c3c
       520  <<<<<<<<<<<<<,<<  3c3c3c3c3c3c3c3c3c3c3c3c3c2c3c3c
       518  <<<<<<,<<<<<<<<<  3c3c3c3c3c3c2c3c3c3c3c3c3c3c3c3c
       517  <<<<<,<<<<<<<<<<  3c3c3c3c3c2c3c3c3c3c3c3c3c3c3c3c
# epoch 12600  H=1.0860 C=1.0614 HO=-0.0103  A(t)=360
     22830  <<<<<<<<<<<<<<<<  3c3c3c3c3c3c3c3c3c3c3c3c3c3c3c3c
       687  ,,,,,,,,,,,,,,,,  2c2c2c2c2c2c2c2c2c2c2c2c2c2c2c2c
       544  <<<<<<<<<<<<<<<,  3c3c3c3c3c3c3c3c3c3c3c3c3c3c3c2c
       538  ,<<<<<<<<<<<<<<<  2c3c3c3c3c3c3c3c3c3c3c3c3c3c3c3c
       535  <<<<<<<<<<<<<<,<  3c3c3c3c3c3c3c3c3c3c3c3c3c3c2c3c
       524  <,<<<<<<<<<<<<<<  3c2c3c3c3c3c3c3c3c3c3c3c3c3c3c3c
       518  <<<<<<<<<<<<<,<<  3c3c3c3c3c3c3c3c3c3c3c3c3c2c3c3c
       509  <<<,<<<<<<<<<<<<  3c3c3c2c3c3c3c3c3c3c3c3c3c3c3c3c
       506  <<<<<<,<<<<<<<<<  3c3c3c3c3c3c2c3c3c3c3c3c3c3c3c3c
       505  <<<<<<<<<,<<<<<<  3c3c3c3c3c3c3c3c3c2c3c3c3c3c3c3c
# epoch 12650  H=1.0625 C=1.0497 HO=-0.0283  A(t)=360
     23839  <<<<<<<<<<<<<<<<  3c3c3c3c3c3c3c3c3c3c3c3c3c3c3c3c
       568  ,,,,,,,,,,,,,,,,  2c2c2c2c2c2c2c2c2c2c2c2c2c2c2c2c
       522  <,<<<<<<<<<<<<<<  3c2c3c3c3c3c3c3c3c3c3c3c3c3c3c3c
       518  ,<<<<<<<<<<<<<<<  2c3c3c3c3c3c3c3c3c3c3c3c3c3c3c3c
       513  <<<<<<<<<<<<<<<,  3c3c3c3c3c3c3c3c3c3c3c3c3c3c3c2c
       511  <<<,<<<<<<<<<<<<  3c3c3c2c3c3c3c3c3c3c3c3c3c3c3c3c
       507  <<<<<<<<<<<<<<,<  3c3c3c3c3c3c3c3c3c3c3c3c3c3c2c3c
       507  <<,<<<<<<<<<<<<<  3c3c2c3c3c3c3c3c3c3c3c3c3c3c3c3c
       504  <<<<,<<<<<<<<<<<  3c3c3c3c2c3c3c3c3c3c3c3c3c3c3c3c
       503  <<<<<<,<<<<<<<<<  3c3c3c3c3c3c2c3c3c3c3c3c3c3c3c3c
# epoch 12700  H=1.2067 C=1.1925 HO=-0.0131  A(t)=360
     22230  <<<<<<<<<<<<<<<<  3c3c3c3c3c3c3c3c3c3c3c3c3c3c3c3c
       533  <<<<<<<<<<<<<<<,  3c3c3c3c3c3c3c3c3c3c3c3c3c3c3c2c
       523  ,<<<<<<<<<<<<<<<  2c3c3c3c3c3c3c3c3c3c3c3c3c3c3c3c
       512  <<<<<<<<<<<<<<,<  3c3c3c3c3c3c3c3c3c3c3c3c3c3c2c3c
       512  <,<<<<<<<<<<<<<<  3c2c3c3c3c3c3c3c3c3c3c3c3c3c3c3c
       500  <<<<<<<<<<<<<,<<  3c3c3c3c3c3c3c3c3c3c3c3c3c2c3c3c
       499  <<,<<<<<<<<<<<<<  3c3c2c3c3c3c3c3c3c3c3c3c3c3c3c3c
       497  <<<,<<<<<<<<<<<<  3c3c3c2c3c3c3c3c3c3c3c3c3c3c3c3c
       495  <<<<<<<<<<<<,<<<  3c3c3c3c3c3c3c3c3c3c3c3c2c3c3c3c
       488  <<<<<<<<<<<,<<<<  3c3c3c3c3c3c3c3c3c3c3c2c3c3c3c3c
# epoch 12750  H=1.2457 C=1.2030 HO=0.0092  A(t)=360
     21525  <<<<<<<<<<<<<<<<  3c3c3c3c3c3c3c3c3c3c3c3c3c3c3c3c
       514  <<<<<<<<<<<<<<<,  3c3c3c3c3c3c3c3c3c3c3c3c3c3c3c2c
       513  <<<<<<,<<<<<<<<<  3c3c3c3c3c3c2c3c3c3c3c3c3c3c3c3c
       512  <<<<<,<<<<<<<<<<  3c3c3c3c3c2c3c3c3c3c3c3c3c3c3c3c
       508  <<<<<<<<,<<<<<<<  3c3c3c3c3c3c3c3c2c3c3c3c3c3c3c3c
       508  <<<,<<<<<<<<<<<<  3c3c3c2c3c3c3c3c3c3c3c3c3c3c3c3c
       506  <<<<<<<<<<<<<<,<  3c3c3c3c3c3c3c3c3c3c3c3c3c3c2c3c
       505  <<<<,<<<<<<<<<<<  3c3c3c3c2c3c3c3c3c3c3c3c3c3c3c3c
       504  <<<<<<<<<<<<<,<<  3c3c3c3c3c3c3c3c3c3c3c3c3c2c3c3c
       504  <<<<<<<,<<<<<<<<  3c3c3c3c3c3c3c2c3c3c3c3c3c3c3c3c
# epoch 12800  H=1.2300 C=1.1888 HO=-0.0017  A(t)=360
     22531  <<<<<<<<<<<<<<<<  3c3c3c3c3c3c3c3c3c3c3c3c3c3c3c3c
       515  <<<<<<<<<<<<<<<,  3c3c3c3c3c3c3c3c3c3c3c3c3c3c3c2c
       512  <<<<<<<<<<<<<<,<  3c3c3c3c3c3c3c3c3c3c3c3c3c3c2c3c
       505  ,<<<<<<<<<<<<<<<  2c3c3c3c3c3c3c3c3c3c3c3c3c3c3c3c
       494  <,<<<<<<<<<<<<<<  3c2c3c3c3c3c3c3c3c3c3c3c3c3c3c3c
       490  <<<<<<<<<<<<<,<<  3c3c3c3c3c3c3c3c3c3c3c3c3c2c3c3c
       483  <<,<<<<<<<<<<<<<  3c3c2c3c3c3c3c3c3c3c3c3c3c3c3c3c
       478  <<<<<<<<<<<<,<<<  3c3c3c3c3c3c3c3c3c3c3c3c2c3c3c3c
       462  <<<,<<<<<<<<<<<<  3c3c3c2c3c3c3c3c3c3c3c3c3c3c3c3c
       457  <<<<<<<<<<<,<<<<  3c3c3c3c3c3c3c3c3c3c3c2c3c3c3c3c
# epoch 12850  H=1.2997 C=1.2206 HO=0.0526  A(t)=360
     21343  <<<<<<<<<<<<<<<<  3c3c3c3c3c3c3c3c3c3c3c3c3c3c3c3c
       688  ,,,,,,,,,,,,,,,,  2c2c2c2c2c2c2c2c2c2c2c2c2c2c2c2c
       505  <<<<<<<<<<<<<<<,  3c3c3c3c3c3c3c3c3c3c3c3c3c3c3c2c
       476  <<<<<<<<<<<<<<,<  3c3c3c3c3c3c3c3c3c3c3c3c3c3c2c3c
       475  ,<<<<<<<<<<<<<<<  2c3c3c3c3c3c3c3c3c3c3c3c3c3c3c3c
       462  <,<<<<<<<<<<<<<<  3c2c3c3c3c3c3c3c3c3c3c3c3c3c3c3c
       455  <<,<<<<<<<<<<<<<  3c3c2c3c3c3c3c3c3c3c3c3c3c3c3c3c
       452  <<<<<<<<<<<<<,<<  3c3c3c3c3c3c3c3c3c3c3c3c3c2c3c3c
       445  <<<,<<<<<<<<<<<<  3c3c3c2c3c3c3c3c3c3c3c3c3c3c3c3c
       436  <<<<<<<<<<<<,<<<  3c3c3c3c3c3c3c3c3c3c3c3c2c3c3c3c
# epoch 12900  H=1.3471 C=1.2729 HO=0.0560  A(t)=360
     20451  <<<<<<<<<<<<<<<<  3c3c3c3c3c3c3c3c3c3c3c3c3c3c3c3c
       600  ,,,,,,,,,,,,,,,,  2c2c2c2c2c2c2c2c2c2c2c2c2c2c2c2c
       498  <<<<<<<<<<<<<<<,  3c3c3c3c3c3c3c3c3c3c3c3c3c3c3c2c
       485  ,<<<<<<<<<<<<<<<  2c3c3c3c3c3c3c3c3c3c3c3c3c3c3c3c
       472  <,<<<<<<<<<<<<<<  3c2c3c3c3c3c3c3c3c3c3c3c3c3c3c3c
       471  <<,<<<<<<<<<<<<<  3c3c2c3c3c3c3c3c3c3c3c3c3c3c3c3c
       463  <<<<<<<<<<<<<<,<  3c3c3c3c3c3c3c3c3c3c3c3c3c3c2c3c
       458  <<<<<<<<<<<<<,<<  3c3c3c3c3c3c3c3c3c3c3c3c3c2c3c3c
       456  <<<,<<<<<<<<<<<<  3c3c3c2c3c3c3c3c3c3c3c3c3c3c3c3c
       444  <<<<,<<<<<<<<<<<  3c3c3c3c2c3c3c3c3c3c3c3c3c3c3c3c
# epoch 12950  H=1.3186 C=1.2618 HO=0.0492  A(t)=360
     21003  <<<<<<<<<<<<<<<<  3c3c3c3c3c3c3c3c3c3c3c3c3c3c3c3c
       493  <<<<<<<<<<<<<<<,  3c3c3c3c3c3c3c3c3c3c3c3c3c3c3c2c
       466  ,<<<<<<<<<<<<<<<  2c3c3c3c3c3c3c3c3c3c3c3c3c3c3c3c
       461  <<<<<<<<<<<<<<,<  3c3c3c3c3c3c3c3c3c3c3c3c3c3c2c3c
       443  <,<<<<<<<<<<<<<<  3c2c3c3c3c3c3c3c3c3c3c3c3c3c3c3c
       434  <<<<<<<<<<<<<,<<  3c3c3c3c3c3c3c3c3c3c3c3c3c2c3c3c
       425  <<,<<<<<<<<<<<<<  3c3c2c3c3c3c3c3c3c3c3c3c3c3c3c3c
       413  <<<<<<<<<<<<,<<<  3c3c3c3c3c3c3c3c3c3c3c3c2c3c3c3c
       407  <<<,<<<<<<<<<<<<  3c3c3c2c3c3c3c3c3c3c3c3c3c3c3c3c
       403  <<<<<<,<<<<<<<<<  3c3c3c3c3c3c2c3c3c3c3c3c3c3c3c3c
# epoch 13000  H=1.3450 C=1.2676 HO=0.0676  A(t)=360
     21104  <<<<<<<<<<<<<<<<  3c3c3c3c3c3c3c3c3c3c3c3c3c3c3c3c
       558  ,,,,,,,,,,,,,,,,  2c2c2c2c2c2c2c2c2c2c2c2c2c2c2c2c
       466  <<<<<<<<<<<<<<<,  3c3c3c3c3c3c3c3c3c3c3c3c3c3c3c2c
       454  ,<<<<<<<<<<<<<<<  2c3c3c3c3c3c3c3c3c3c3c3c3c3c3c3c
       443  <<<<<<<<<<<<<,<<  3c3c3c3c3c3c3c3c3c3c3c3c3c2c3c3c
       436  <<<<<<<<<<<<<<,<  3c3c3c3c3c3c3c3c3c3c3c3c3c3c2c3c
       436  <<<<<<<<<<<<,<<<  3c3c3c3c3c3c3c3c3c3c3c3c2c3c3c3c
       433  <,<<<<<<<<<<<<<<  3c2c3c3c3c3c3c3c3c3c3c3c3c3c3c3c
       430  <<<,<<<<<<<<<<<<  3c3c3c2c3c3c3c3c3c3c3c3c3c3c3c3c
       426  <<,<<<<<<<<<<<<<  3c3c2c3c3c3c3c3c3c3c3c3c3c3c3c3c
# epoch 13050  H=1.3764 C=1.2452 HO=0.1183  A(t)=360
     21161  <<<<<<<<<<<<<<<<  3c3c3c3c3c3c3c3c3c3c3c3c3c3c3c3c
       733  ,,,,,,,,,,,,,,,,  2c2c2c2c2c2c2c2c2c2c2c2c2c2c2c2c
       497  <<<<<<<<<<<<<<<,  3c3c3c3c3c3c3c3c3c3c3c3c3c3c3c2c
       487  ,<<<<<<<<<<<<<<<  2c3c3c3c3c3c3c3c3c3c3c3c3c3c3c3c
       471  <,<<<<<<<<<<<<<<  3c2c3c3c3c3c3c3c3c3c3c3c3c3c3c3c
       468  <<,<<<<<<<<<<<<<  3c3c2c3c3c3c3c3c3c3c3c3c3c3c3c3c
       465  <<<<<<<<<<<<<<,<  3c3c3c3c3c3c3c3c3c3c3c3c3c3c2c3c
       455  <<<<<<<<<<<<<,<<  3c3c3c3c3c3c3c3c3c3c3c3c3c2c3c3c
       453  <<<,<<<<<<<<<<<<  3c3c3c2c3c3c3c3c3c3c3c3c3c3c3c3c
       452  <<<<<<<<<<<<,<<<  3c3c3c3c3c3c3c3c3c3c3c3c2c3c3c3c
# epoch 13100  H=1.3712 C=1.2684 HO=0.0911  A(t)=360
     20601  <<<<<<<<<<<<<<<<  3c3c3c3c3c3c3c3c3c3c3c3c3c3c3c3c
       679  ,,,,,,,,,,,,,,,,  2c2c2c2c2c2c2c2c2c2c2c2c2c2c2c2c
       465  <<<<<<<<<<<<<<<,  3c3c3c3c3c3c3c3c3c3c3c3c3c3c3c2c
       463  <,<<<<<<<<<<<<<<  3c2c3c3c3c3c3c3c3c3c3c3c3c3c3c3c
       460  <<,<<<<<<<<<<<<<  3c3c2c3c3c3c3c3c3c3c3c3c3c3c3c3c
       459  <<<,<<<<<<<<<<<<  3c3c3c2c3c3c3c3c3c3c3c3c3c3c3c3c
       458  <<<<,<<<<<<<<<<<  3c3c3c3c2c3c3c3c3c3c3c3c3c3c3c3c
       451  ,<<<<<<<<<<<<<<<  2c3c3c3c3c3c3c3c3c3c3c3c3c3c3c3c
       448  <<<<<<<<<<<<<<,<  3c3c3c3c3c3c3c3c3c3c3c3c3c3c2c3c
       444  <<<<<<<<<<<<<,<<  3c3c3c3c3c3c3c3c3c3c3c3c3c2c3c3c
# epoch 13150  H=1.2494 C=1.2122 HO=0.0165  A(t)=360
     21654  <<<<<<<<<<<<<<<<  3c3c3c3c3c3c3c3c3c3c3c3c3c3c3c3c
       546  <<<<<<<<<<<<<<<,  3c3c3c3c3c3c3c3c3c3c3c3c3c3c3c2c
       533  ,<<<<<<<<<<<<<<<  2c3c3c3c3c3c3c3c3c3c3c3c3c3c3c3c
       524  <<<<<<<<<<<<<,<<  3c3c3c3c3c3c3c3c3c3c3c3c3c2c3c3c
       517  <<<<<<<<<<<<<<,<  3c3c3c3c3c3c3c3c3c3c3c3c3c3c2c3c
       515  <,<<<<<<<<<<<<<<  3c2c3c3c3c3c3c3c3c3c3c3c3c3c3c3c
       513  <<,<<<<<<<<<<<<<  3c3c2c3c3c3c3c3c3c3c3c3c3c3c3c3c
       504  <<<<<,<<<<<<<<<<  3c3c3c3c3c2c3c3c3c3c3c3c3c3c3c3c
       503  <<<<,<<<<<<<<<<<  3c3c3c3c2c3c3c3c3c3c3c3c3c3c3c3c
       501  <<<<<<<<<<<<,<<<  3c3c3c3c3c3c3c3c3c3c3c3c2c3c3c3c
# epoch 13200  H=1.2556 C=1.1949 HO=0.0341  A(t)=360
     21665  <<<<<<<<<<<<<<<<  3c3c3c3c3c3c3c3c3c3c3c3c3c3c3c3c
       535  <<<<<<<<<<<<<<<,  3c3c3c3c3c3c3c3c3c3c3c3c3c3c3c2c
       510  <<<<<<<<<<<<<<,<  3c3c3c3c3c3c3c3c3c3c3c3c3c3c2c3c
       498  <<<<<<<<<<<<<,<<  3c3c3c3c3c3c3c3c3c3c3c3c3c2c3c3c
       498  ,<<<<<<<<<<<<<<<  2c3c3c3c3c3c3c3c3c3c3c3c3c3c3c3c
       492  <<<<<<<<<<<<,<<<  3c3c3c3c3c3c3c3c3c3c3c3c2c3c3c3c
       490  <,<<<<<<<<<<<<<<  3c2c3c3c3c3c3c3c3c3c3c3c3c3c3c3c
       481  <<,<<<<<<<<<<<<<  3c3c2c3c3c3c3c3c3c3c3c3c3c3c3c3c
       480  <<<<<<<<<<,<<<<<  3c3c3c3c3c3c3c3c3c3c2c3c3c3c3c3c
       477  <<<<<<<,<<<<<<<<  3c3c3c3c3c3c3c2c3c3c3c3c3c3c3c3c
# epoch 13250  H=1.3809 C=1.3018 HO=0.0665  A(t)=360
     19502  <<<<<<<<<<<<<<<<  3c3c3c3c3c3c3c3c3c3c3c3c3c3c3c3c
       537  ,,,,,,,,,,,,,,,,  2c2c2c2c2c2c2c2c2c2c2c2c2c2c2c2c
       506  <<<<<<<<<<<<<<<,  3c3c3c3c3c3c3c3c3c3c3c3c3c3c3c2c
       470  ,<<<<<<<<<<<<<<<  2c3c3c3c3c3c3c3c3c3c3c3c3c3c3c3c
       469  <<<<<<<<<<<<<<,<  3c3c3c3c3c3c3c3c3c3c3c3c3c3c2c3c
       468  <<<<<<<<<<<<<,<<  3c3c3c3c3c3c3c3c3c3c3c3c3c2c3c3c
       467  <<<<<<<<<<<<,<<<  3c3c3c3c3c3c3c3c3c3c3c3c2c3c3c3c
       464  <<<<<<<<<<<,<<<<  3c3c3c3c3c3c3c3c3c3c3c2c3c3c3c3c
       460  <<<<<<<,<<<<<<<<  3c3c3c3c3c3c3c2c3c3c3c3c3c3c3c3c
       458  <<<<<<<<<<,<<<<<  3c3c3c3c3c3c3c3c3c3c2c3c3c3c3c3c
# epoch 13300  H=1.3565 C=1.2975 HO=0.0389  A(t)=360
     20866  <<<<<<<<<<<<<<<<  3c3c3c3c3c3c3c3c3c3c3c3c3c3c3c3c
       551  ,,,,,,,,,,,,,,,,  2c2c2c2c2c2c2c2c2c2c2c2c2c2c2c2c
       483  <<<<<<<<<<<<<<<,  3c3c3c3c3c3c3c3c3c3c3c3c3c3c3c2c
       482  ,<<<<<<<<<<<<<<<  2c3c3c3c3c3c3c3c3c3c3c3c3c3c3c3c
       462  <<<<<<<<<<<<<<,<  3c3c3c3c3c3c3c3c3c3c3c3c3c3c2c3c
       456  <,<<<<<<<<<<<<<<  3c2c3c3c3c3c3c3c3c3c3c3c3c3c3c3c
       451  <<<<<<<<<<<<,<<<  3c3c3c3c3c3c3c3c3c3c3c3c2c3c3c3c
       446  <<<<<<<<<<<<<,<<  3c3c3c3c3c3c3c3c3c3c3c3c3c2c3c3c
       438  <<,<<<<<<<<<<<<<  3c3c2c3c3c3c3c3c3c3c3c3c3c3c3c3c
       437  <<<<<<<<<<<,<<<<  3c3c3c3c3c3c3c3c3c3c3c2c3c3c3c3c
# epoch 13350  H=1.3775 C=1.3103 HO=0.0451  A(t)=360
     19101  <<<<<<<<<<<<<<<<  3c3c3c3c3c3c3c3c3c3c3c3c3c3c3c3c
       561  ,,,,,,,,,,,,,,,,  2c2c2c2c2c2c2c2c2c2c2c2c2c2c2c2c
       451  <<<<<<<<<<<<<<<,  3c3c3c3c3c3c3c3c3c3c3c3c3c3c3c2c
       444  ,<<<<<<<<<<<<<<<  2c3c3c3c3c3c3c3c3c3c3c3c3c3c3c3c
       435  <,<<<<<<<<<<<<<<  3c2c3c3c3c3c3c3c3c3c3c3c3c3c3c3c
       434  <<,<<<<<<<<<<<<<  3c3c2c3c3c3c3c3c3c3c3c3c3c3c3c3c
       433  <<<<<<<<<<<<<<,<  3c3c3c3c3c3c3c3c3c3c3c3c3c3c2c3c
       430  <<<,<<<<<<<<<<<<  3c3c3c2c3c3c3c3c3c3c3c3c3c3c3c3c
       423  <<<<<<<<,<<<<<<<  3c3c3c3c3c3c3c3c2c3c3c3c3c3c3c3c
       422  <<<<<<<<<<,<<<<<  3c3c3c3c3c3c3c3c3c3c2c3c3c3c3c3c
# epoch 13400  H=1.3492 C=1.2540 HO=0.0601  A(t)=360
     19037  <<<<<<<<<<<<<<<<  3c3c3c3c3c3c3c3c3c3c3c3c3c3c3c3c
       612  ,,,,,,,,,,,,,,,,  2c2c2c2c2c2c2c2c2c2c2c2c2c2c2c2c
       503  <<<<<<<<<<<<<<<,  3c3c3c3c3c3c3c3c3c3c3c3c3c3c3c2c
       476  ,<<<<<<<<<<<<<<<  2c3c3c3c3c3c3c3c3c3c3c3c3c3c3c3c
       470  <<<<<<<<<<<<<<,<  3c3c3c3c3c3c3c3c3c3c3c3c3c3c2c3c
       460  <,<<<<<<<<<<<<<<  3c2c3c3c3c3c3c3c3c3c3c3c3c3c3c3c
       450  <<,<<<<<<<<<<<<<  3c3c2c3c3c3c3c3c3c3c3c3c3c3c3c3c
       444  <<<<<<<<<<<<<,<<  3c3c3c3c3c3c3c3c3c3c3c3c3c2c3c3c
       439  <<<,<<<<<<<<<<<<  3c3c3c2c3c3c3c3c3c3c3c3c3c3c3c3c
       438  <<<<,<<<<<<<<<<<  3c3c3c3c2c3c3c3c3c3c3c3c3c3c3c3c
# epoch 13450  H=1.3509 C=1.2565 HO=0.0558  A(t)=360
     18289  <<<<<<<<<<<<<<<<  3c3c3c3c3c3c3c3c3c3c3c3c3c3c3c3c
       624  ,,,,,,,,,,,,,,,,  2c2c2c2c2c2c2c2c2c2c2c2c2c2c2c2c
       535  <<<<<<<<<<<<<<<,  3c3c3c3c3c3c3c3c3c3c3c3c3c3c3c2c
       531  ,<<<<<<<<<<<<<<<  2c3c3c3c3c3c3c3c3c3c3c3c3c3c3c3c
       509  <<<<<<<<<<<<<,<<  3c3c3c3c3c3c3c3c3c3c3c3c3c2c3c3c
       508  <<<<<<<<<<<<<<,<  3c3c3c3c3c3c3c3c3c3c3c3c3c3c2c3c
       508  <<,<<<<<<<<<<<<<  3c3c2c3c3c3c3c3c3c3c3c3c3c3c3c3c
       506  <<<<<<,<<<<<<<<<  3c3c3c3c3c3c2c3c3c3c3c3c3c3c3c3c
       505  <,<<<<<<<<<<<<<<  3c2c3c3c3c3c3c3c3c3c3c3c3c3c3c3c
       498  <<<<<<<,<<<<<<<<  3c3c3c3c3c3c3c2c3c3c3c3c3c3c3c3c
# epoch 13500  H=1.3618 C=1.2675 HO=0.0653  A(t)=360
     20267  <<<<<<<<<<<<<<<<  3c3c3c3c3c3c3c3c3c3c3c3c3c3c3c3c
       647  ,,,,,,,,,,,,,,,,  2c2c2c2c2c2c2c2c2c2c2c2c2c2c2c2c
       536  <<<<<<<<<<<<<<<,  3c3c3c3c3c3c3c3c3c3c3c3c3c3c3c2c
       527  ,<<<<<<<<<<<<<<<  2c3c3c3c3c3c3c3c3c3c3c3c3c3c3c3c
       514  <,<<<<<<<<<<<<<<  3c2c3c3c3c3c3c3c3c3c3c3c3c3c3c3c
       506  <<<<<<<<<<<<<<,<  3c3c3c3c3c3c3c3c3c3c3c3c3c3c2c3c
       504  <<,<<<<<<<<<<<<<  3c3c2c3c3c3c3c3c3c3c3c3c3c3c3c3c
       496  <<<<<<<<<<<<<,<<  3c3c3c3c3c3c3c3c3c3c3c3c3c2c3c3c
       491  <<<<,<<<<<<<<<<<  3c3c3c3c2c3c3c3c3c3c3c3c3c3c3c3c
       482  <<<,<<<<<<<<<<<<  3c3c3c2c3c3c3c3c3c3c3c3c3c3c3c3c
# epoch 13550  H=1.3270 C=1.2651 HO=0.0232  A(t)=360
     19022  <<<<<<<<<<<<<<<<  3c3c3c3c3c3c3c3c3c3c3c3c3c3c3c3c
       553  <<<<<<<<<<<<<<<,  3c3c3c3c3c3c3c3c3c3c3c3c3c3c3c2c
       545  ,,,,,,,,,,,,,,,,  2c2c2c2c2c2c2c2c2c2c2c2c2c2c2c2c
       526  ,<<<<<<<<<<<<<<<  2c3c3c3c3c3c3c3c3c3c3c3c3c3c3c3c
       525  <<<<<<<<<<<<<<,<  3c3c3c3c3c3c3c3c3c3c3c3c3c3c2c3c
       510  <<<<<<<<<<<,<<<<  3c3c3c3c3c3c3c3c3c3c3c2c3c3c3c3c
       510  <,<<<<<<<<<<<<<<  3c2c3c3c3c3c3c3c3c3c3c3c3c3c3c3c
       509  <<<<<<<<<<<<,<<<  3c3c3c3c3c3c3c3c3c3c3c3c2c3c3c3c
       507  <<<<<<<<<<<<<,<<  3c3c3c3c3c3c3c3c3c3c3c3c3c2c3c3c
       506  <<<<<<<<<<,<<<<<  3c3c3c3c3c3c3c3c3c3c2c3c3c3c3c3c
# epoch 13600  H=1.3860 C=1.3104 HO=0.0475  A(t)=360
     19799  <<<<<<<<<<<<<<<<  3c3c3c3c3c3c3c3c3c3c3c3c3c3c3c3c
       507  <<<<<<<<<<<<<<<,  3c3c3c3c3c3c3c3c3c3c3c3c3c3c3c2c
       499  ,<<<<<<<<<<<<<<<  2c3c3c3c3c3c3c3c3c3c3c3c3c3c3c3c
       475  <<<<<<<<<<<<<<,<  3c3c3c3c3c3c3c3c3c3c3c3c3c3c2c3c
       473  <,<<<<<<<<<<<<<<  3c2c3c3c3c3c3c3c3c3c3c3c3c3c3c3c
       463  <<<<<<<<<<<<<,<<  3c3c3c3c3c3c3c3c3c3c3c3c3c2c3c3c
       459  <<,<<<<<<<<<<<<<  3c3c2c3c3c3c3c3c3c3c3c3c3c3c3c3c
       454  <<<<<<<<<<<,<<<<  3c3c3c3c3c3c3c3c3c3c3c2c3c3c3c3c
       453  <<<,<<<<<<<<<<<<  3c3c3c2c3c3c3c3c3c3c3c3c3c3c3c3c
       451  <<<<,<<<<<<<<<<<  3c3c3c3c2c3c3c3c3c3c3c3c3c3c3c3c
# epoch 13650  H=1.3924 C=1.3046 HO=0.0720  A(t)=360
     19760  <<<<<<<<<<<<<<<<  3c3c3c3c3c3c3c3c3c3c3c3c3c3c3c3c
       654  ,,,,,,,,,,,,,,,,  2c2c2c2c2c2c2c2c2c2c2c2c2c2c2c2c
       488  <<<<<<<<<<<<<<<,  3c3c3c3c3c3c3c3c3c3c3c3c3c3c3c2c
       471  ,<<<<<<<<<<<<<<<  2c3c3c3c3c3c3c3c3c3c3c3c3c3c3c3c
       459  <<<<<<<<<<<<<<,<  3c3c3c3c3c3c3c3c3c3c3c3c3c3c2c3c
       458  <,<<<<<<<<<<<<<<  3c2c3c3c3c3c3c3c3c3c3c3c3c3c3c3c
       455  <<,<<<<<<<<<<<<<  3c3c2c3c3c3c3c3c3c3c3c3c3c3c3c3c
       451  <<<<<<<<<<<<<,<<  3c3c3c3c3c3c3c3c3c3c3c3c3c2c3c3c
       451  <<<<<<<<<<<<,<<<  3c3c3c3c3c3c3c3c3c3c3c3c2c3c3c3c
       448  <<<<<<<<<<,<<<<<  3c3c3c3c3c3c3c3c3c3c2c3c3c3c3c3c
# epoch 13700  H=1.2599 C=1.1997 HO=0.0376  A(t)=360
     21895  <<<<<<<<<<<<<<<<  3c3c3c3c3c3c3c3c3c3c3c3c3c3c3c3c
       834  ,,,,,,,,,,,,,,,,  2c2c2c2c2c2c2c2c2c2c2c2c2c2c2c2c
       531  <<<<<<<<<<<<<<<,  3c3c3c3c3c3c3c3c3c3c3c3c3c3c3c2c
       526  ,<<<<<<<<<<<<<<<  2c3c3c3c3c3c3c3c3c3c3c3c3c3c3c3c
       510  <<<<<<<<<<<<<<,<  3c3c3c3c3c3c3c3c3c3c3c3c3c3c2c3c
       509  <,<<<<<<<<<<<<<<  3c2c3c3c3c3c3c3c3c3c3c3c3c3c3c3c
       508  <<<,<<<<<<<<<<<<  3c3c3c2c3c3c3c3c3c3c3c3c3c3c3c3c
       502  <<,<<<<<<<<<<<<<  3c3c2c3c3c3c3c3c3c3c3c3c3c3c3c3c
       498  <<<<,<<<<<<<<<<<  3c3c3c3c2c3c3c3c3c3c3c3c3c3c3c3c
       496  <<<<<,<<<<<<<<<<  3c3c3c3c3c2c3c3c3c3c3c3c3c3c3c3c
# epoch 13750  H=1.3409 C=1.2485 HO=0.0667  A(t)=360
     20773  <<<<<<<<<<<<<<<<  3c3c3c3c3c3c3c3c3c3c3c3c3c3c3c3c
       495  <<<<<<<<<<<<<<<,  3c3c3c3c3c3c3c3c3c3c3c3c3c3c3c2c
       493  ,,,,,,,,,,,,,,,,  2c2c2c2c2c2c2c2c2c2c2c2c2c2c2c2c
       492  <<<<<<<<<<<,<<<<  3c3c3c3c3c3c3c3c3c3c3c2c3c3c3c3c
       492  <<<<<<<<<<,<<<<<  3c3c3c3c3c3c3c3c3c3c2c3c3c3c3c3c
       489  <<<<<<,<<<<<<<<<  3c3c3c3c3c3c2c3c3c3c3c3c3c3c3c3c
       487  <<<<<<<,<<<<<<<<  3c3c3c3c3c3c3c2c3c3c3c3c3c3c3c3c
       486  <<<<<<<<<,<<<<<<  3c3c3c3c3c3c3c3c3c2c3c3c3c3c3c3c
       483  ,<<<<<<<<<<<<<<<  2c3c3c3c3c3c3c3c3c3c3c3c3c3c3c3c
       480  <<<<<<<<,<<<<<<<  3c3c3c3c3c3c3c3c2c3c3c3c3c3c3c3c
# epoch 13800  H=1.2777 C=1.2089 HO=0.0452  A(t)=360
     19270  <<<<<<<<<<<<<<<<  3c3c3c3c3c3c3c3c3c3c3c3c3c3c3c3c
       868  ,,,,,,,,,,,,,,,,  2c2c2c2c2c2c2c2c2c2c2c2c2c2c2c2c
       558  <<<<<<<<<<<<<<<,  3c3c3c3c3c3c3c3c3c3c3c3c3c3c3c2c
       551  ,<<<<<<<<<<<<<<<  2c3c3c3c3c3c3c3c3c3c3c3c3c3c3c3c
       515  <,<<<<<<<<<<<<<<  3c2c3c3c3c3c3c3c3c3c3c3c3c3c3c3c
       513  <<<<<<<<<<<<<<,<  3c3c3c3c3c3c3c3c3c3c3c3c3c3c2c3c
       488  <<,<<<<<<<<<<<<<  3c3c2c3c3c3c3c3c3c3c3c3c3c3c3c3c
       487  <<<<<<<<<<<<<,<<  3c3c3c3c3c3c3c3c3c3c3c3c3c2c3c3c
       471  <<<<<<<<<<<<,<<<  3c3c3c3c3c3c3c3c3c3c3c3c2c3c3c3c
       470  <<<,<<<<<<<<<<<<  3c3c3c2c3c3c3c3c3c3c3c3c3c3c3c3c
# epoch 13850  H=1.1784 C=1.0909 HO=0.0467  A(t)=360
     22756  <<<<<<<<<<<<<<<<  3c3c3c3c3c3c3c3c3c3c3c3c3c3c3c3c
       843  ,,,,,,,,,,,,,,,,  2c2c2c2c2c2c2c2c2c2c2c2c2c2c2c2c
       575  <<<<<<<<<<<<<<<,  3c3c3c3c3c3c3c3c3c3c3c3c3c3c3c2c
       573  ,<<<<<<<<<<<<<<<  2c3c3c3c3c3c3c3c3c3c3c3c3c3c3c3c
       547  <<<<<<<<<<<<<<,<  3c3c3c3c3c3c3c3c3c3c3c3c3c3c2c3c
       537  <,<<<<<<<<<<<<<<  3c2c3c3c3c3c3c3c3c3c3c3c3c3c3c3c
       530  <<<<<<<<<<<<<,<<  3c3c3c3c3c3c3c3c3c3c3c3c3c2c3c3c
       520  <<,<<<<<<<<<<<<<  3c3c2c3c3c3c3c3c3c3c3c3c3c3c3c3c
       506  <<<<<<<<<<<<,<<<  3c3c3c3c3c3c3c3c3c3c3c3c2c3c3c3c
       492  <<<<<<<<<<<,<<<<  3c3c3c3c3c3c3c3c3c3c3c2c3c3c3c3c
# epoch 13900  H=1.1858 C=1.1151 HO=0.0352  A(t)=360
     22120  <<<<<<<<<<<<<<<<  3c3c3c3c3c3c3c3c3c3c3c3c3c3c3c3c
       941  ,,,,,,,,,,,,,,,,  2c2c2c2c2c2c2c2c2c2c2c2c2c2c2c2c
       549  <<<<<<<<<<<<<<<,  3c3c3c3c3c3c3c3c3c3c3c3c3c3c3c2c
       528  <<<<<<<<<<<<<<,<  3c3c3c3c3c3c3c3c3c3c3c3c3c3c2c3c
       517  ,<<<<<<<<<<<<<<<  2c3c3c3c3c3c3c3c3c3c3c3c3c3c3c3c
       506  <<<<<<<<<<<<<,<<  3c3c3c3c3c3c3c3c3c3c3c3c3c2c3c3c
       493  <,<<<<<<<<<<<<<<  3c2c3c3c3c3c3c3c3c3c3c3c3c3c3c3c
       492  <<,<<<<<<<<<<<<<  3c3c2c3c3c3c3c3c3c3c3c3c3c3c3c3c
       488  <<<<<<<<<<<<,<<<  3c3c3c3c3c3c3c3c3c3c3c3c2c3c3c3c
       483  <<<<<<<<<<,<<<<<  3c3c3c3c3c3c3c3c3c3c2c3c3c3c3c3c
# epoch 13950  H=1.1431 C=1.0990 HO=0.0071  A(t)=360
     22647  <<<<<<<<<<<<<<<<  3c3c3c3c3c3c3c3c3c3c3c3c3c3c3c3c
       685  ,,,,,,,,,,,,,,,,  2c2c2c2c2c2c2c2c2c2c2c2c2c2c2c2c
       569  <<<<<<<<<<<<<<<,  3c3c3c3c3c3c3c3c3c3c3c3c3c3c3c2c
       560  <<<<<,<<<<<<<<<<  3c3c3c3c3c2c3c3c3c3c3c3c3c3c3c3c
       553  <<<<<<,<<<<<<<<<  3c3c3c3c3c3c2c3c3c3c3c3c3c3c3c3c
       551  <<<<<<<<<,<<<<<<  3c3c3c3c3c3c3c3c3c2c3c3c3c3c3c3c
       548  <<<<<<<<<<<<<<,<  3c3c3c3c3c3c3c3c3c3c3c3c3c3c2c3c
       548  <<<<<<<<,<<<<<<<  3c3c3c3c3c3c3c3c2c3c3c3c3c3c3c3c
       547  <<<<<<<<<<,<<<<<  3c3c3c3c3c3c3c3c3c3c2c3c3c3c3c3c
       547  <<<<<<<,<<<<<<<<  3c3c3c3c3c3c3c2c3c3c3c3c3c3c3c3c
# epoch 14000  H=1.1531 C=1.0911 HO=0.0200  A(t)=360
     22460  <<<<<<<<<<<<<<<<  3c3c3c3c3c3c3c3c3c3c3c3c3c3c3c3c
       585  ,,,,,,,,,,,,,,,,  2c2c2c2c2c2c2c2c2c2c2c2c2c2c2c2c
       541  ,<<<<<<<<<<<<<<<  2c3c3c3c3c3c3c3c3c3c3c3c3c3c3c3c
       537  <<<<<<<<<<<<<<<,  3c3c3c3c3c3c3c3c3c3c3c3c3c3c3c2c
       515  <,<<<<<<<<<<<<<<  3c2c3c3c3c3c3c3c3c3c3c3c3c3c3c3c
       509  <<,<<<<<<<<<<<<<  3c3c2c3c3c3c3c3c3c3c3c3c3c3c3c3c
       500  <<<<<<<<<<<<<<,<  3c3c3c3c3c3c3c3c3c3c3c3c3c3c2c3c
       497  <<<,<<<<<<<<<<<<  3c3c3c2c3c3c3c3c3c3c3c3c3c3c3c3c
       488  <<<<,<<<<<<<<<<<  3c3c3c3c2c3c3c3c3c3c3c3c3c3c3c3c
       471  <<<<<<<<<<<<<,<<  3c3c3c3c3c3c3c3c3c3c3c3c3c2c3c3c
# epoch 14050  H=1.1546 C=1.0608 HO=0.0564  A(t)=360
     22574  <<<<<<<<<<<<<<<<  3c3c3c3c3c3c3c3c3c3c3c3c3c3c3c3c
       810  ,,,,,,,,,,,,,,,,  2c2c2c2c2c2c2c2c2c2c2c2c2c2c2c2c
       556  <<<<<<<<<<<<<<<,  3c3c3c3c3c3c3c3c3c3c3c3c3c3c3c2c
       553  ,<<<<<<<<<<<<<<<  2c3c3c3c3c3c3c3c3c3c3c3c3c3c3c3c
       528  <<<,<<<<<<<<<<<<  3c3c3c2c3c3c3c3c3c3c3c3c3c3c3c3c
       527  <<<<<<<<<<<<<<,<  3c3c3c3c3c3c3c3c3c3c3c3c3c3c2c3c
       526  <,<<<<<<<<<<<<<<  3c2c3c3c3c3c3c3c3c3c3c3c3c3c3c3c
       524  <<,<<<<<<<<<<<<<  3c3c2c3c3c3c3c3c3c3c3c3c3c3c3c3c
       516  <<<<<<<<<<<<<,<<  3c3c3c3c3c3c3c3c3c3c3c3c3c2c3c3c
       516  <<<<,<<<<<<<<<<<  3c3c3c3c2c3c3c3c3c3c3c3c3c3c3c3c
# epoch 14100  H=1.2133 C=1.1600 HO=0.0117  A(t)=360
     20335  <<<<<<<<<<<<<<<<  3c3c3c3c3c3c3c3c3c3c3c3c3c3c3c3c
       687  ,,,,,,,,,,,,,,,,  2c2c2c2c2c2c2c2c2c2c2c2c2c2c2c2c
       551  <<<<<<<<<<<<<<<,  3c3c3c3c3c3c3c3c3c3c3c3c3c3c3c2c
       536  ,<<<<<<<<<<<<<<<  2c3c3c3c3c3c3c3c3c3c3c3c3c3c3c3c
       529  <<<<<<<<<<<<<<,<  3c3c3c3c3c3c3c3c3c3c3c3c3c3c2c3c
       519  <,<<<<<<<<<<<<<<  3c2c3c3c3c3c3c3c3c3c3c3c3c3c3c3c
       517  <<,<<<<<<<<<<<<<  3c3c2c3c3c3c3c3c3c3c3c3c3c3c3c3c
       510  <<<<<<<<<<<<,<<<  3c3c3c3c3c3c3c3c3c3c3c3c2c3c3c3c
       510  <<<<<<<<<<<,<<<<  3c3c3c3c3c3c3c3c3c3c3c2c3c3c3c3c
       509  <<<<<<<<<<<<<,<<  3c3c3c3c3c3c3c3c3c3c3c3c3c2c3c3c
# epoch 14150  H=1.1545 C=1.1024 HO=0.0204  A(t)=360
     22089  <<<<<<<<<<<<<<<<  3c3c3c3c3c3c3c3c3c3c3c3c3c3c3c3c
       831  ,,,,,,,,,,,,,,,,  2c2c2c2c2c2c2c2c2c2c2c2c2c2c2c2c
       543  <<<<<<<<<<<<<<<,  3c3c3c3c3c3c3c3c3c3c3c3c3c3c3c2c
       527  ,<<<<<<<<<<<<<<<  2c3c3c3c3c3c3c3c3c3c3c3c3c3c3c3c
       513  <<<<<<<<<<<<<<,<  3c3c3c3c3c3c3c3c3c3c3c3c3c3c2c3c
       509  <<<<<<<<<<<<<,<<  3c3c3c3c3c3c3c3c3c3c3c3c3c2c3c3c
       507  <<<<,<<<<<<<<<<<  3c3c3c3c2c3c3c3c3c3c3c3c3c3c3c3c
       503  <,<<<<<<<<<<<<<<  3c2c3c3c3c3c3c3c3c3c3c3c3c3c3c3c
       501  <<<<<<<<<<<,<<<<  3c3c3c3c3c3c3c3c3c3c3c2c3c3c3c3c
       501  <<<,<<<<<<<<<<<<  3c3c3c2c3c3c3c3c3c3c3c3c3c3c3c3c
# epoch 14200  H=1.0562 C=1.0482 HO=-0.0322  A(t)=360
     23872  <<<<<<<<<<<<<<<<  3c3c3c3c3c3c3c3c3c3c3c3c3c3c3c3c
       561  <<<<<<<<<<<<<<<,  3c3c3c3c3c3c3c3c3c3c3c3c3c3c3c2c
       557  ,<<<<<<<<<<<<<<<  2c3c3c3c3c3c3c3c3c3c3c3c3c3c3c3c
       542  <,<<<<<<<<<<<<<<  3c2c3c3c3c3c3c3c3c3c3c3c3c3c3c3c
       534  <<,<<<<<<<<<<<<<  3c3c2c3c3c3c3c3c3c3c3c3c3c3c3c3c
       528  <<<<<<<<<<<<<<,<  3c3c3c3c3c3c3c3c3c3c3c3c3c3c2c3c
       524  <<<,<<<<<<<<<<<<  3c3c3c2c3c3c3c3c3c3c3c3c3c3c3c3c
       517  <<<<,<<<<<<<<<<<  3c3c3c3c2c3c3c3c3c3c3c3c3c3c3c3c
       508  <<<<<<<<<<<<<,<<  3c3c3c3c3c3c3c3c3c3c3c3c3c2c3c3c
       507  <<<<<,<<<<<<<<<<  3c3c3c3c3c2c3c3c3c3c3c3c3c3c3c3c
# epoch 14250  H=1.1455 C=1.0873 HO=0.0223  A(t)=360
     23573  <<<<<<<<<<<<<<<<  3c3c3c3c3c3c3c3c3c3c3c3c3c3c3c3c
       572  ,,,,,,,,,,,,,,,,  2c2c2c2c2c2c2c2c2c2c2c2c2c2c2c2c
       551  <<<<<<<<<<<<<<<,  3c3c3c3c3c3c3c3c3c3c3c3c3c3c3c2c
       529  ,<<<<<<<<<<<<<<<  2c3c3c3c3c3c3c3c3c3c3c3c3c3c3c3c
       523  <<<<<<<<<<<<<<,<  3c3c3c3c3c3c3c3c3c3c3c3c3c3c2c3c
       503  <,<<<<<<<<<<<<<<  3c2c3c3c3c3c3c3c3c3c3c3c3c3c3c3c
       500  <<<<<<<<<<<<<,<<  3c3c3c3c3c3c3c3c3c3c3c3c3c2c3c3c
       488  <<,<<<<<<<<<<<<<  3c3c2c3c3c3c3c3c3c3c3c3c3c3c3c3c
       481  <<<,<<<<<<<<<<<<  3c3c3c2c3c3c3c3c3c3c3c3c3c3c3c3c
       479  <<<<<<<<<<<<,<<<  3c3c3c3c3c3c3c3c3c3c3c3c2c3c3c3c
# epoch 14300  H=1.1883 C=1.1293 HO=0.0241  A(t)=360
     22557  <<<<<<<<<<<<<<<<  3c3c3c3c3c3c3c3c3c3c3c3c3c3c3c3c
       640  ,,,,,,,,,,,,,,,,  2c2c2c2c2c2c2c2c2c2c2c2c2c2c2c2c
       491  <<<<<<<<<<<<<<<,  3c3c3c3c3c3c3c3c3c3c3c3c3c3c3c2c
       470  <<<<<<<<<<<<<<,<  3c3c3c3c3c3c3c3c3c3c3c3c3c3c2c3c
       468  ,<<<<<<<<<<<<<<<  2c3c3c3c3c3c3c3c3c3c3c3c3c3c3c3c
       455  <<<<<<<<<<<<<,<<  3c3c3c3c3c3c3c3c3c3c3c3c3c2c3c3c
       446  <,<<<<<<<<<<<<<<  3c2c3c3c3c3c3c3c3c3c3c3c3c3c3c3c
       444  <<<<<<<<<<,<<<<<  3c3c3c3c3c3c3c3c3c3c2c3c3c3c3c3c
       440  <<<<<<<,<<<<<<<<  3c3c3c3c3c3c3c2c3c3c3c3c3c3c3c3c
       438  <<<<<<<<,<<<<<<<  3c3c3c3c3c3c3c3c2c3c3c3c3c3c3c3c
# epoch 14350  H=1.2001 C=1.1720 HO=-0.0013  A(t)=360
     20991  <<<<<<<<<<<<<<<<  3c3c3c3c3c3c3c3c3c3c3c3c3c3c3c3c
       598  ,,,,,,,,,,,,,,,,  2c2c2c2c2c2c2c2c2c2c2c2c2c2c2c2c
       532  <<<<<<<<<<<<<<<,  3c3c3c3c3c3c3c3c3c3c3c3c3c3c3c2c
       515  ,<<<<<<<<<<<<<<<  2c3c3c3c3c3c3c3c3c3c3c3c3c3c3c3c
       502  <<<<<<<<<<<<<,<<  3c3c3c3c3c3c3c3c3c3c3c3c3c2c3c3c
       500  <<<<<<<<<<<<<<,<  3c3c3c3c3c3c3c3c3c3c3c3c3c3c2c3c
       493  <<<<<<<<<<<<,<<<  3c3c3c3c3c3c3c3c3c3c3c3c2c3c3c3c
       493  <<<,<<<<<<<<<<<<  3c3c3c2c3c3c3c3c3c3c3c3c3c3c3c3c
       493  <,<<<<<<<<<<<<<<  3c2c3c3c3c3c3c3c3c3c3c3c3c3c3c3c
       488  <<,<<<<<<<<<<<<<  3c3c2c3c3c3c3c3c3c3c3c3c3c3c3c3c
# epoch 14400  H=1.2608 C=1.2439 HO=-0.0109  A(t)=360
     20791  <<<<<<<<<<<<<<<<  3c3c3c3c3c3c3c3c3c3c3c3c3c3c3c3c
       490  <<<<<<<<<<<<<<<,  3c3c3c3c3c3c3c3c3c3c3c3c3c3c3c2c
       489  ,<<<<<<<<<<<<<<<  2c3c3c3c3c3c3c3c3c3c3c3c3c3c3c3c
       472  <,<<<<<<<<<<<<<<  3c2c3c3c3c3c3c3c3c3c3c3c3c3c3c3c
       468  ,,,,,,,,,,,,,,,,  2c2c2c2c2c2c2c2c2c2c2c2c2c2c2c2c
       464  <<<<<<<<<<<<<<,<  3c3c3c3c3c3c3c3c3c3c3c3c3c3c2c3c
       454  <<,<<<<<<<<<<<<<  3c3c2c3c3c3c3c3c3c3c3c3c3c3c3c3c
       448  <<<,<<<<<<<<<<<<  3c3c3c2c3c3c3c3c3c3c3c3c3c3c3c3c
       446  <<<<<<,<<<<<<<<<  3c3c3c3c3c3c2c3c3c3c3c3c3c3c3c3c
       445  <<<<,<<<<<<<<<<<  3c3c3c3c2c3c3c3c3c3c3c3c3c3c3c3c
# epoch 14450  H=1.3650 C=1.3254 HO=0.0126  A(t)=360
     20800  <<<<<<<<<<<<<<<<  3c3c3c3c3c3c3c3c3c3c3c3c3c3c3c3c
       522  <<<<<<<<<<<<<<<,  3c3c3c3c3c3c3c3c3c3c3c3c3c3c3c2c
       507  <<<<<<<<<<<<<<,<  3c3c3c3c3c3c3c3c3c3c3c3c3c3c2c3c
       502  ,<<<<<<<<<<<<<<<  2c3c3c3c3c3c3c3c3c3c3c3c3c3c3c3c
       498  <<<<<<<<<<<<<,<<  3c3c3c3c3c3c3c3c3c3c3c3c3c2c3c3c
       493  <,<<<<<<<<<<<<<<  3c2c3c3c3c3c3c3c3c3c3c3c3c3c3c3c
       491  <<<<<<<<<<<<,<<<  3c3c3c3c3c3c3c3c3c3c3c3c2c3c3c3c
       482  <<,<<<<<<<<<<<<<  3c3c2c3c3c3c3c3c3c3c3c3c3c3c3c3c
       476  <<<<<<<<<<<,<<<<  3c3c3c3c3c3c3c3c3c3c3c2c3c3c3c3c
       472  <<<,<<<<<<<<<<<<  3c3c3c2c3c3c3c3c3c3c3c3c3c3c3c3c
# epoch 14500  H=1.3407 C=1.2904 HO=0.0249  A(t)=360
     21388  <<<<<<<<<<<<<<<<  3c3c3c3c3c3c3c3c3c3c3c3c3c3c3c3c
       498  <<<<<<<<<<<<<<<,  3c3c3c3c3c3c3c3c3c3c3c3c3c3c3c2c
       487  <<<<<<<<<<<<<<,<  3c3c3c3c3c3c3c3c3c3c3c3c3c3c2c3c
       476  ,<<<<<<<<<<<<<<<  2c3c3c3c3c3c3c3c3c3c3c3c3c3c3c3c
       471  <,<<<<<<<<<<<<<<  3c2c3c3c3c3c3c3c3c3c3c3c3c3c3c3c
       470  <<<<<<<<<<<<<,<<  3c3c3c3c3c3c3c3c3c3c3c3c3c2c3c3c
       470  <<,<<<<<<<<<<<<<  3c3c2c3c3c3c3c3c3c3c3c3c3c3c3c3c
       456  <<<<<<<<<<<<,<<<  3c3c3c3c3c3c3c3c3c3c3c3c2c3c3c3c
       453  <<<<,<<<<<<<<<<<  3c3c3c3c2c3c3c3c3c3c3c3c3c3c3c3c
       451  <<<,<<<<<<<<<<<<  3c3c3c2c3c3c3c3c3c3c3c3c3c3c3c3c
# epoch 14550  H=1.2889 C=1.2438 HO=0.0178  A(t)=360
     21010  <<<<<<<<<<<<<<<<  3c3c3c3c3c3c3c3c3c3c3c3c3c3c3c3c
       675  ,,,,,,,,,,,,,,,,  2c2c2c2c2c2c2c2c2c2c2c2c2c2c2c2c
       562  <<<<<<<<<<<<<<<,  3c3c3c3c3c3c3c3c3c3c3c3c3c3c3c2c
       550  ,<<<<<<<<<<<<<<<  2c3c3c3c3c3c3c3c3c3c3c3c3c3c3c3c
       529  <,<<<<<<<<<<<<<<  3c2c3c3c3c3c3c3c3c3c3c3c3c3c3c3c
       528  <<<<<<<<<<<<<<,<  3c3c3c3c3c3c3c3c3c3c3c3c3c3c2c3c
       525  <<,<<<<<<<<<<<<<  3c3c2c3c3c3c3c3c3c3c3c3c3c3c3c3c
       521  <<<<<<<<<<<<<,<<  3c3c3c3c3c3c3c3c3c3c3c3c3c2c3c3c
       521  <<<<<,<<<<<<<<<<  3c3c3c3c3c2c3c3c3c3c3c3c3c3c3c3c
       515  <<<<<<<<<<<<,<<<  3c3c3c3c3c3c3c3c3c3c3c3c2c3c3c3c
# epoch 14600  H=1.2987 C=1.2157 HO=0.0553  A(t)=360
     21597  <<<<<<<<<<<<<<<<  3c3c3c3c3c3c3c3c3c3c3c3c3c3c3c3c
       747  ,,,,,,,,,,,,,,,,  2c2c2c2c2c2c2c2c2c2c2c2c2c2c2c2c
       534  <<<<<<<<<<<<<<<,  3c3c3c3c3c3c3c3c3c3c3c3c3c3c3c2c
       504  ,<<<<<<<<<<<<<<<  2c3c3c3c3c3c3c3c3c3c3c3c3c3c3c3c
       490  <<<<<<<<<<<<<<,<  3c3c3c3c3c3c3c3c3c3c3c3c3c3c2c3c
       477  <,<<<<<<<<<<<<<<  3c2c3c3c3c3c3c3c3c3c3c3c3c3c3c3c
       472  <<<<<<<<<<<<<,<<  3c3c3c3c3c3c3c3c3c3c3c3c3c2c3c3c
       471  <<,<<<<<<<<<<<<<  3c3c2c3c3c3c3c3c3c3c3c3c3c3c3c3c
       465  <<<<<<<<<<<<,<<<  3c3c3c3c3c3c3c3c3c3c3c3c2c3c3c3c
       464  <<<<<<<<<<,<<<<<  3c3c3c3c3c3c3c3c3c3c2c3c3c3c3c3c
# epoch 14650  H=1.2388 C=1.2151 HO=-0.0090  A(t)=360
     21345  <<<<<<<<<<<<<<<<  3c3c3c3c3c3c3c3c3c3c3c3c3c3c3c3c
       537  <<<<<<<<<<<<<<<,  3c3c3c3c3c3c3c3c3c3c3c3c3c3c3c2c
       515  <<<<<<<<<<<<<<,<  3c3c3c3c3c3c3c3c3c3c3c3c3c3c2c3c
       507  ,<<<<<<<<<<<<<<<  2c3c3c3c3c3c3c3c3c3c3c3c3c3c3c3c
       502  <<<<<<<<<<<<<,<<  3c3c3c3c3c3c3c3c3c3c3c3c3c2c3c3c
       497  <,<<<<<<<<<<<<<<  3c2c3c3c3c3c3c3c3c3c3c3c3c3c3c3c
       496  <<,<<<<<<<<<<<<<  3c3c2c3c3c3c3c3c3c3c3c3c3c3c3c3c
       495  <<<<<<<<<<<<,<<<  3c3c3c3c3c3c3c3c3c3c3c3c2c3c3c3c
       494  <<<<<<<<<<<,<<<<  3c3c3c3c3c3c3c3c3c3c3c2c3c3c3c3c
       491  <<<<<<<,<<<<<<<<  3c3c3c3c3c3c3c2c3c3c3c3c3c3c3c3c
# epoch 14700  H=1.2028 C=1.1439 HO=0.0264  A(t)=360
     21782  <<<<<<<<<<<<<<<<  3c3c3c3c3c3c3c3c3c3c3c3c3c3c3c3c
       919  ,,,,,,,,,,,,,,,,  2c2c2c2c2c2c2c2c2c2c2c2c2c2c2c2c
       564  <<<<<<<<<<<<<<<,  3c3c3c3c3c3c3c3c3c3c3c3c3c3c3c2c
       557  ,<<<<<<<<<<<<<<<  2c3c3c3c3c3c3c3c3c3c3c3c3c3c3c3c
       546  <,<<<<<<<<<<<<<<  3c2c3c3c3c3c3c3c3c3c3c3c3c3c3c3c
       545  <<<<<<<<<<<<<<,<  3c3c3c3c3c3c3c3c3c3c3c3c3c3c2c3c
       539  <<,<<<<<<<<<<<<<  3c3c2c3c3c3c3c3c3c3c3c3c3c3c3c3c
       536  <<<,<<<<<<<<<<<<  3c3c3c2c3c3c3c3c3c3c3c3c3c3c3c3c
       535  <<<<<<<<<<<<,<<<  3c3c3c3c3c3c3c3c3c3c3c3c2c3c3c3c
       533  <<<<,<<<<<<<<<<<  3c3c3c3c2c3c3c3c3c3c3c3c3c3c3c3c
# epoch 14750  H=1.1719 C=1.1312 HO=0.0077  A(t)=360
     22584  <<<<<<<<<<<<<<<<  3c3c3c3c3c3c3c3c3c3c3c3c3c3c3c3c
       647  ,,,,,,,,,,,,,,,,  2c2c2c2c2c2c2c2c2c2c2c2c2c2c2c2c
       529  <<<<<<<<<<<<<<<,  3c3c3c3c3c3c3c3c3c3c3c3c3c3c3c2c
       514  ,<<<<<<<<<<<<<<<  2c3c3c3c3c3c3c3c3c3c3c3c3c3c3c3c
       504  <<<<<<<<<<<<<<,<  3c3c3c3c3c3c3c3c3c3c3c3c3c3c2c3c
       498  <<<<<<<<<<<<<,<<  3c3c3c3c3c3c3c3c3c3c3c3c3c2c3c3c
       495  <,<<<<<<<<<<<<<<  3c2c3c3c3c3c3c3c3c3c3c3c3c3c3c3c
       489  <<<<,<<<<<<<<<<<  3c3c3c3c2c3c3c3c3c3c3c3c3c3c3c3c
       488  <<<<<<<<<<<<,<<<  3c3c3c3c3c3c3c3c3c3c3c3c2c3c3c3c
       488  <<<<<<<<,<<<<<<<  3c3c3c3c3c3c3c3c2c3c3c3c3c3c3c3c
# epoch 14800  H=1.1643 C=1.1030 HO=0.0335  A(t)=360
     22875  <<<<<<<<<<<<<<<<  3c3c3c3c3c3c3c3c3c3c3c3c3c3c3c3c
       698  ,,,,,,,,,,,,,,,,  2c2c2c2c2c2c2c2c2c2c2c2c2c2c2c2c
       514  <<<<<<<<<<<<<<<,  3c3c3c3c3c3c3c3c3c3c3c3c3c3c3c2c
       492  ,<<<<<<<<<<<<<<<  2c3c3c3c3c3c3c3c3c3c3c3c3c3c3c3c
       491  <<<<,<<<<<<<<<<<  3c3c3c3c2c3c3c3c3c3c3c3c3c3c3c3c
       486  <<<<<<<<<<<<<<,<  3c3c3c3c3c3c3c3c3c3c3c3c3c3c2c3c
       486  <<<<<<<<,<<<<<<<  3c3c3c3c3c3c3c3c2c3c3c3c3c3c3c3c
       484  <<<<<,<<<<<<<<<<  3c3c3c3c3c2c3c3c3c3c3c3c3c3c3c3c
       483  <<<<<<<,<<<<<<<<  3c3c3c3c3c3c3c2c3c3c3c3c3c3c3c3c
       479  <<<<<<,<<<<<<<<<  3c3c3c3c3c3c2c3c3c3c3c3c3c3c3c3c
# epoch 14850  H=1.2308 C=1.1558 HO=0.0390  A(t)=360
     20851  <<<<<<<<<<<<<<<<  3c3c3c3c3c3c3c3c3c3c3c3c3c3c3c3c
       924  ,,,,,,,,,,,,,,,,  2c2c2c2c2c2c2c2c2c2c2c2c2c2c2c2c
       535  <<<<<<<<<<<<<<<,  3c3c3c3c3c3c3c3c3c3c3c3c3c3c3c2c
       531  <<<<<<<<<<<<<<,<  3c3c3c3c3c3c3c3c3c3c3c3c3c3c2c3c
       506  <<<<<<<<<<<<<,<<  3c3c3c3c3c3c3c3c3c3c3c3c3c2c3c3c
       500  ,<<<<<<<<<<<<<<<  2c3c3c3c3c3c3c3c3c3c3c3c3c3c3c3c
       493  <,<<<<<<<<<<<<<<  3c2c3c3c3c3c3c3c3c3c3c3c3c3c3c3c
       485  <<<<<<<<<<<<,<<<  3c3c3c3c3c3c3c3c3c3c3c3c2c3c3c3c
       484  <<<<<<<<<<<,<<<<  3c3c3c3c3c3c3c3c3c3c3c2c3c3c3c3c
       481  <<,<<<<<<<<<<<<<  3c3c2c3c3c3c3c3c3c3c3c3c3c3c3c3c
# epoch 14900  H=1.2969 C=1.2336 HO=0.0329  A(t)=360
     18291  <<<<<<<<<<<<<<<<  3c3c3c3c3c3c3c3c3c3c3c3c3c3c3c3c
       780  ,,,,,,,,,,,,,,,,  2c2c2c2c2c2c2c2c2c2c2c2c2c2c2c2c
       508  <<<<<<<<<<<<<<<,  3c3c3c3c3c3c3c3c3c3c3c3c3c3c3c2c
       486  <,<<<<<<<<<<<<<<  3c2c3c3c3c3c3c3c3c3c3c3c3c3c3c3c
       486  ,<<<<<<<<<<<<<<<  2c3c3c3c3c3c3c3c3c3c3c3c3c3c3c3c
       484  <<<<<<<<<<<<<<,<  3c3c3c3c3c3c3c3c3c3c3c3c3c3c2c3c
       480  <<,<<<<<<<<<<<<<  3c3c2c3c3c3c3c3c3c3c3c3c3c3c3c3c
       477  <<<<<<<<<<<<,<<<  3c3c3c3c3c3c3c3c3c3c3c3c2c3c3c3c
       475  <<<<<<<<<<<<<,<<  3c3c3c3c3c3c3c3c3c3c3c3c3c2c3c3c
       466  <<<,<<<<<<<<<<<<  3c3c3c2c3c3c3c3c3c3c3c3c3c3c3c3c
# epoch 14950  H=1.3169 C=1.2228 HO=0.0510  A(t)=360
     18075  <<<<<<<<<<<<<<<<  3c3c3c3c3c3c3c3c3c3c3c3c3c3c3c3c
       930  ,,,,,,,,,,,,,,,,  2c2c2c2c2c2c2c2c2c2c2c2c2c2c2c2c
       489  <<<<<<<<<<<<<<<,  3c3c3c3c3c3c3c3c3c3c3c3c3c3c3c2c
       483  ,<<<<<<<<<<<<<<<  2c3c3c3c3c3c3c3c3c3c3c3c3c3c3c3c
       469  <,<<<<<<<<<<<<<<  3c2c3c3c3c3c3c3c3c3c3c3c3c3c3c3c
       468  <<<<<<<<<<<<<<,<  3c3c3c3c3c3c3c3c3c3c3c3c3c3c2c3c
       443  <<,<<<<<<<<<<<<<  3c3c2c3c3c3c3c3c3c3c3c3c3c3c3c3c
       440  <<<<<<,<<<<<<<<<  3c3c3c3c3c3c2c3c3c3c3c3c3c3c3c3c
       436  <<<<<<<<<<<<<,<<  3c3c3c3c3c3c3c3c3c3c3c3c3c2c3c3c
       436  <<<<<<<<,<<<<<<<  3c3c3c3c3c3c3c3c2c3c3c3c3c3c3c3c
# epoch 15000  H=1.3034 C=1.2516 HO=0.0187  A(t)=360
     19065  <<<<<<<<<<<<<<<<  3c3c3c3c3c3c3c3c3c3c3c3c3c3c3c3c
       588  ,,,,,,,,,,,,,,,,  2c2c2c2c2c2c2c2c2c2c2c2c2c2c2c2c
       541  <<<<<<<<<<<<<<<,  3c3c3c3c3c3c3c3c3c3c3c3c3c3c3c2c
       530  ,<<<<<<<<<<<<<<<  2c3c3c3c3c3c3c3c3c3c3c3c3c3c3c3c
       516  <,<<<<<<<<<<<<<<  3c2c3c3c3c3c3c3c3c3c3c3c3c3c3c3c
       508  <<<<<<<<<<<<<<,<  3c3c3c3c3c3c3c3c3c3c3c3c3c3c2c3c
       503  <<,<<<<<<<<<<<<<  3c3c2c3c3c3c3c3c3c3c3c3c3c3c3c3c
       491  <<<,<<<<<<<<<<<<  3c3c3c2c3c3c3c3c3c3c3c3c3c3c3c3c
       488  <<<<<<<<<<<<<,<<  3c3c3c3c3c3c3c3c3c3c3c3c3c2c3c3c
       480  <<<<<<<<<<<<,<<<  3c3c3c3c3c3c3c3c3c3c3c3c2c3c3c3c
