epoch,wall_s,sim_s,entropy_bits,comp_bits,high_order_entropy,brotli2_bits,zlib_bits,hoe_zlib,mean_steps,frac_copy_runs,frac_steps_in_loop,ops_per_run,frac_term_budget,frac_term_off_region,frac_term_unmatched,runs,steps,mutations,distinct_windows,n_persistent,A_t,n_persistent_naive,A_t_naive
0,0.025,0.0,7.996763,8.000488,-0.003725,8.000488,8.003174,-0.006411,0.0,0.0,0.0,0.0,0.0,0.0,0.0,0,0,0,65536,0,0,0,0
50,0.36,0.311,7.987235,7.853882,0.133353,7.923584,7.831543,0.155692,1355.0246,0.544668,0.921905,128.5041,0.150195,0.626699,0.223105,51200,69377262,807,64760,0,0,0,0
100,0.653,0.577,7.980258,7.693726,0.286533,7.878296,7.686401,0.293857,1425.0663,0.58584,0.927183,142.6186,0.158574,0.602539,0.238887,51200,72963395,799,64496,0,0,0,0
150,0.935,0.833,7.975611,7.61145,0.364161,7.877319,7.600098,0.375514,1342.4497,0.600234,0.92256,140.9103,0.148906,0.608535,0.242559,51200,68733426,746,64547,0,0,0,0
200,1.222,1.092,7.969999,7.54187,0.428129,7.859375,7.509399,0.4606,1343.4137,0.610645,0.922002,141.2513,0.149629,0.620664,0.229707,51200,68782784,798,64587,0,0,0,0
250,1.488,1.331,7.964599,7.49353,0.471069,7.81604,7.407593,0.557006,1228.2259,0.621328,0.913678,135.9561,0.135879,0.641816,0.222305,51200,62885168,761,64290,0,0,0,0
300,1.753,1.568,7.959015,7.500122,0.458893,7.811157,7.366455,0.59256,1218.5483,0.613887,0.912689,129.1105,0.134961,0.648184,0.216855,51200,62389673,762,64462,8,8,8,8
350,2.058,1.845,7.95217,7.429443,0.522727,7.777954,7.316162,0.636008,1194.0604,0.612773,0.910266,129.2178,0.131816,0.659746,0.208438,51200,61135895,769,64513,10,12,10,12
400,2.334,2.092,7.943613,7.352783,0.59083,7.743774,7.260498,0.683115,1266.8302,0.608242,0.915335,145.1111,0.140469,0.659238,0.200293,51200,64861705,765,64512,11,13,11,13
450,2.614,2.345,7.93116,7.350586,0.580574,7.732178,7.206787,0.724372,1276.1068,0.612246,0.915529,145.5732,0.141523,0.666641,0.191836,51200,65336667,804,64453,9,13,9,13
500,2.889,2.592,7.909465,7.286621,0.622844,7.721558,7.162354,0.747111,1256.0673,0.612637,0.914052,142.0179,0.139414,0.668066,0.19252,51200,64310647,776,64379,11,16,11,16
550,3.167,2.842,7.866413,7.162354,0.70406,7.634399,7.072266,0.794148,1291.3821,0.616523,0.916396,145.3588,0.144023,0.666406,0.18957,51200,66118763,773,63877,13,19,13,19
600,3.441,3.088,7.82712,7.103882,0.723239,7.566162,6.981323,0.845797,1265.7463,0.618926,0.914649,138.4546,0.140801,0.66875,0.190449,51200,64806210,728,63377,12,20,12,20
650,3.718,3.337,7.766187,7.037476,0.728711,7.468384,6.894287,0.8719,1285.6911,0.609668,0.915857,146.8332,0.143828,0.668066,0.188105,51200,65827382,789,62720,13,22,13,22
700,3.987,3.578,7.698937,6.895508,0.803429,7.312744,6.765259,0.933678,1212.5417,0.608184,0.910391,139.0354,0.13457,0.68041,0.18502,51200,62082135,758,61865,15,25,15,25
750,4.254,3.816,7.639084,6.740112,0.898971,7.187866,6.648071,0.991012,1192.0076,0.604922,0.908416,134.5382,0.132129,0.687578,0.180293,51200,61030787,783,61056,21,33,21,33
800,4.541,4.062,7.56916,6.647095,0.922065,7.122925,6.579346,0.989814,1147.7927,0.611719,0.90389,136.1625,0.126367,0.704648,0.168984,51200,58766988,807,60682,22,35,22,35
850,4.818,4.307,7.468285,6.519775,0.94851,7.019653,6.447876,1.020409,1131.5069,0.61582,0.90249,137.6408,0.125,0.706895,0.168105,51200,57933153,744,59380,21,36,21,36
900,5.074,4.533,7.421376,6.490967,0.930409,6.935059,6.410156,1.011219,1115.5043,0.60834,0.900945,137.6671,0.12332,0.709414,0.167266,51200,57113821,758,59238,26,43,26,43
950,5.344,4.771,7.390878,6.433105,0.957773,6.852173,6.337036,1.053842,1118.2951,0.605898,0.900817,135.9732,0.123613,0.712578,0.163809,51200,57256708,749,58659,38,55,38,55
1000,5.594,4.988,7.317538,6.336914,0.980624,6.765381,6.232544,1.084994,1044.7405,0.614961,0.893741,129.2616,0.114805,0.717949,0.167246,51200,53490715,766,57808,54,71,54,71
1050,5.848,5.209,7.25018,6.251465,0.998716,6.663818,6.153687,1.096494,1068.8082,0.618516,0.896007,134.0088,0.117852,0.724082,0.158066,51200,54722981,754,57303,60,79,60,79
1100,6.103,5.431,7.185722,6.157715,1.028007,6.581299,6.093628,1.092094,1073.9137,0.631152,0.896387,141.4785,0.11832,0.72584,0.15584,51200,54984383,774,56820,58,81,58,81
1150,6.392,5.686,7.044144,5.995605,1.048539,6.42749,5.92981,1.114334,1024.7959,0.620547,0.891189,135.1885,0.112324,0.730762,0.156914,51200,52469551,761,55526,57,81,57,81
1200,6.637,5.897,6.882689,5.805786,1.076903,6.181763,5.734375,1.148314,978.9781,0.625801,0.885164,135.4902,0.106328,0.746055,0.147617,51200,50123679,811,53677,58,85,58,85
1250,6.877,6.102,6.735821,5.653931,1.08189,6.040161,5.583252,1.152569,943.903,0.632207,0.880269,152.282,0.102148,0.753672,0.14418,51200,48327832,768,52196,62,89,62,89
1300,7.117,6.307,6.568586,5.481445,1.08714,5.877563,5.426636,1.14195,943.7925,0.641992,0.879923,154.7951,0.102012,0.759824,0.138164,51200,48322177,795,50749,62,93,62,93
1350,7.356,6.509,6.455525,5.388428,1.067097,5.751343,5.339844,1.115681,901.2004,0.649609,0.873556,151.714,0.096816,0.770547,0.132637,51200,46141459,842,49594,65,99,65,99
1400,7.59,6.704,6.354182,5.291748,1.062434,5.685791,5.269775,1.084407,881.4,0.654922,0.87027,148.9463,0.094355,0.77584,0.129805,51200,45127682,754,48775,69,105,69,105
1450,7.824,6.899,6.22499,5.148315,1.076675,5.567993,5.127686,1.097305,868.5111,0.670605,0.868007,151.7357,0.092793,0.780293,0.126914,51200,44467768,802,48205,83,120,83,120
1500,8.053,7.086,6.046154,4.971069,1.075084,5.324829,4.952759,1.093395,825.1185,0.683027,0.860077,139.6858,0.087168,0.79334,0.119492,51200,42246066,835,46168,112,152,112,152
1550,8.268,7.261,5.823091,4.717285,1.105806,5.053955,4.689819,1.133272,744.2272,0.685547,0.844932,130.1411,0.077324,0.796211,0.126465,51200,38104434,799,43503,144,185,144,185
1600,8.482,7.434,5.638399,4.512451,1.125948,4.838867,4.491943,1.146456,688.0954,0.692168,0.830883,127.1704,0.070332,0.81002,0.119648,51200,35230482,732,41919,160,205,160,205
1650,8.684,7.593,5.440717,4.376587,1.06413,4.706543,4.367676,1.073041,634.4108,0.696758,0.815221,124.053,0.063477,0.826895,0.109629,51200,32481835,789,40173,165,212,165,212
1700,8.887,7.754,5.235912,4.183838,1.052074,4.481689,4.170166,1.065745,616.9908,0.706387,0.809049,126.3474,0.061445,0.83709,0.101465,51200,31589930,788,38507,170,221,170,221
1750,9.075,7.9,5.112607,4.074219,1.038388,4.396606,4.073975,1.038632,572.1483,0.714473,0.792922,122.7426,0.055684,0.843809,0.100508,51200,29293993,776,37749,178,236,179,236
1800,9.259,8.041,5.008267,3.979248,1.029019,4.289185,4.0,1.008267,540.8582,0.739219,0.779071,107.8889,0.05166,0.857109,0.09123,51200,27691942,805,36689,200,263,205,264
1850,9.445,8.182,4.905666,3.903931,1.001735,4.209595,3.912964,0.992702,541.2815,0.735039,0.779646,108.8979,0.051699,0.853281,0.09502,51200,27713614,765,35203,206,267,216,273
1900,9.624,8.317,4.738029,3.732422,1.005607,4.035889,3.741943,0.996086,499.0375,0.756875,0.759394,104.7275,0.046445,0.863477,0.090078,51200,25550721,832,33516,201,271,211,277
1950,9.81,8.459,4.560961,3.60437,0.956591,3.87561,3.627197,0.933764,483.1677,0.763633,0.750764,114.4321,0.044336,0.867734,0.08793,51200,24738188,793,32613,193,271,205,277
2000,9.98,8.585,4.419203,3.472168,0.947035,3.732666,3.484863,0.93434,443.3095,0.761406,0.726923,115.5792,0.039434,0.877754,0.082812,51200,22697444,823,31760,213,293,223,299
2050,10.149,8.707,4.179933,3.339966,0.839967,3.579834,3.339478,0.840455,408.948,0.759219,0.702584,116.3856,0.035176,0.884805,0.08002,51200,20938138,814,29794,231,307,234,313
2100,10.318,8.832,3.934379,3.077881,0.856498,3.315674,3.09436,0.840018,432.1252,0.75707,0.716953,118.6215,0.038008,0.894707,0.067285,51200,22124810,791,27666,222,319,240,325
2150,10.486,8.956,3.723431,2.917725,0.805707,3.160034,2.93689,0.786541,406.1163,0.770547,0.696401,121.9861,0.034512,0.908398,0.05709,51200,20793154,772,25625,192,320,241,326
2200,10.649,9.072,3.623882,2.86145,0.762432,3.072998,2.870605,0.753277,370.4628,0.776699,0.666154,121.2363,0.030059,0.915391,0.054551,51200,18967697,746,24843,191,322,246,328
2250,10.807,9.181,3.532902,2.778931,0.753971,2.999023,2.78894,0.743961,344.4264,0.779883,0.639007,112.781,0.02627,0.927031,0.046699,51200,17634632,779,24309,187,327,256,333
2300,10.962,9.287,3.422342,2.660034,0.762308,2.895874,2.667969,0.754373,321.5954,0.813027,0.612425,112.9331,0.023457,0.933711,0.042832,51200,16465685,789,23460,172,333,269,343
2350,11.119,9.392,3.279388,2.529053,0.750335,2.754395,2.56311,0.716278,287.6356,0.800645,0.564713,111.4269,0.018984,0.940469,0.040547,51200,14726944,762,22438,165,335,280,348
2400,11.28,9.497,3.097885,2.416382,0.681503,2.644043,2.439209,0.658676,291.5694,0.797012,0.569846,126.734,0.019609,0.943379,0.037012,51200,14928352,772,21157,166,337,285,350
2450,11.442,9.601,3.034835,2.406372,0.628463,2.637207,2.425659,0.609175,298.6242,0.784707,0.580039,133.2394,0.020684,0.945449,0.033867,51200,15289560,759,21298,167,337,290,354
2500,11.596,9.706,2.964463,2.355103,0.609361,2.563721,2.36731,0.597154,296.5071,0.78502,0.577293,136.4288,0.020977,0.943008,0.036016,51200,15181162,767,20758,167,337,294,358
2550,11.745,9.806,2.94764,2.349487,0.598153,2.547852,2.378784,0.568856,274.3647,0.784043,0.543059,127.1091,0.01834,0.943184,0.038477,51200,14047474,792,21141,168,338,308,374
2600,11.9,9.909,2.95518,2.414429,0.540751,2.605469,2.428711,0.526469,293.1187,0.799648,0.572776,120.2173,0.020664,0.941758,0.037578,51200,15007675,804,21504,166,338,301,377
2650,12.053,10.01,2.972444,2.431641,0.540803,2.610474,2.461914,0.51053,277.2481,0.807793,0.548492,118.1239,0.01875,0.938965,0.042285,51200,14195101,813,22066,158,338,293,378
2700,12.203,10.109,2.993997,2.419067,0.574929,2.608765,2.453369,0.540628,267.4381,0.78625,0.532792,118.6074,0.017559,0.938086,0.044355,51200,13692829,771,21872,158,338,273,378
2750,12.352,10.207,2.887664,2.360229,0.527435,2.545776,2.367554,0.520111,263.8744,0.764434,0.526184,118.6271,0.01625,0.940039,0.043711,51200,13510370,789,21662,152,338,268,379
2800,12.503,10.306,2.699136,2.20752,0.491616,2.379395,2.208618,0.490518,265.0368,0.77125,0.527117,121.4238,0.015801,0.944141,0.040059,51200,13569883,794,19670,154,338,269,379
2850,12.652,10.403,2.682159,2.184692,0.497467,2.392944,2.206055,0.476105,257.5692,0.765332,0.512723,121.0361,0.015117,0.947246,0.037637,51200,13187543,790,19545,148,338,262,380
2900,12.797,10.497,2.655032,2.164062,0.490969,2.371094,2.189209,0.465823,241.7245,0.757969,0.480788,119.0587,0.013164,0.948555,0.038281,51200,12376292,765,19350,146,338,254,380
2950,12.942,10.59,2.650231,2.165894,0.484338,2.371582,2.18811,0.462121,241.0639,0.755059,0.478069,118.4316,0.013008,0.953398,0.033594,51200,12342470,771,19379,149,338,257,380
3000,13.089,10.686,2.670003,2.168091,0.501912,2.368286,2.190063,0.479939,257.1369,0.761895,0.511061,122.5117,0.014648,0.951543,0.033809,51200,13165410,774,19282,146,338,269,389
3050,13.245,10.784,2.620198,2.161377,0.458821,2.358154,2.179199,0.440998,247.2517,0.762871,0.491903,121.6621,0.013574,0.950078,0.036348,51200,12659286,801,19543,150,338,281,395
3100,13.392,10.876,2.476127,2.0802,0.395927,2.271606,2.093872,0.382255,224.6462,0.764297,0.439265,121.134,0.011387,0.954609,0.034004,51200,11501886,734,19115,149,338,279,396
3150,13.546,10.973,2.404503,2.039062,0.36544,2.223267,2.049561,0.354942,224.1294,0.769941,0.436658,123.4015,0.011445,0.960078,0.028477,51200,11475423,762,17945,155,338,277,398
3200,13.692,11.065,2.339055,1.984497,0.354558,2.160522,1.994751,0.344304,221.5045,0.763711,0.429318,124.2476,0.011074,0.961992,0.026934,51200,11341032,800,18010,159,338,271,398
3250,13.847,11.163,2.391995,2.002563,0.389432,2.197632,2.024414,0.367581,224.9365,0.760762,0.437701,123.7372,0.011328,0.962344,0.026328,51200,11516750,741,18606,159,338,272,398
3300,13.994,11.256,2.388397,1.994385,0.394012,2.174561,2.017578,0.370819,218.5783,0.758633,0.420175,118.6424,0.010664,0.965059,0.024277,51200,11191211,789,18531,159,338,272,398
3350,14.145,11.347,2.224469,1.913208,0.311261,2.083984,1.930786,0.293683,222.4845,0.77793,0.430517,120.9406,0.011133,0.964727,0.024141,51200,11391204,807,16882,158,338,277,402
3400,14.302,11.449,2.080909,1.792358,0.288551,1.938354,1.791382,0.289527,208.6659,0.779297,0.391743,123.9728,0.009492,0.968496,0.022012,51200,10683693,760,15588,153,338,275,402
3450,14.441,11.535,1.999024,1.720703,0.278321,1.870728,1.724976,0.274048,195.5718,0.791777,0.349346,123.8951,0.00748,0.974375,0.018145,51200,10013278,779,15179,151,338,276,407
3500,14.575,11.616,1.936322,1.685181,0.251141,1.829346,1.682373,0.253948,165.4766,0.79584,0.230257,119.3088,0.004219,0.97668,0.019102,51200,8472402,712,14298,148,339,280,409
3550,14.709,11.697,1.907771,1.685425,0.222347,1.834839,1.690796,0.216976,159.8645,0.776582,0.203575,118.7503,0.004004,0.975801,0.020195,51200,8185061,804,14980,152,343,276,413
3600,14.844,11.777,1.91934,1.728271,0.191068,1.86792,1.7323,0.18704,162.8786,0.762422,0.217184,118.4342,0.004355,0.978184,0.017461,51200,8339382,714,15539,144,344,284,427
3650,14.98,11.859,2.040355,1.802124,0.238231,1.937866,1.808105,0.23225,161.6196,0.761172,0.211046,116.4443,0.004199,0.978145,0.017656,51200,8274923,767,16375,143,344,292,437
3700,15.12,11.942,1.997201,1.812256,0.184946,1.957642,1.810059,0.187143,170.5993,0.792871,0.253941,123.6105,0.005332,0.975469,0.019199,51200,8734686,809,15837,145,345,289,443
3750,15.256,12.022,1.941897,1.731934,0.209964,1.867188,1.734619,0.207278,156.7888,0.818887,0.187863,116.6608,0.003555,0.976016,0.02043,51200,8027589,813,15085,140,345,279,447
3800,15.389,12.101,2.046475,1.823242,0.223233,1.959717,1.831177,0.215298,144.6094,0.811523,0.118399,112.8682,0.002109,0.976895,0.020996,51200,7404001,791,16733,142,345,277,449
3850,15.52,12.179,2.064827,1.811523,0.253304,1.929443,1.824219,0.240609,139.9376,0.80416,0.088578,112.941,0.001523,0.978652,0.019824,51200,7164807,776,16789,130,345,267,449
3900,15.65,12.256,2.039859,1.805786,0.234073,1.926392,1.813354,0.226505,128.1635,0.792539,0.0,110.7607,0.0,0.988105,0.011895,51200,6561973,787,16800,133,345,275,454
3950,15.782,12.333,1.935555,1.71228,0.223275,1.843506,1.706177,0.229378,128.2119,0.816465,0.0,111.3156,0.0,0.988301,0.011699,51200,6564448,813,15626,122,345,270,454
4000,15.911,12.409,1.761001,1.610718,0.150283,1.726685,1.599731,0.16127,127.8827,0.839023,0.0,113.0429,0.0,0.984043,0.015957,51200,6547592,744,14452,125,345,277,461
4050,16.04,12.485,1.667271,1.517456,0.149815,1.614502,1.501465,0.165806,134.3916,0.829648,0.047371,117.1078,0.000781,0.985859,0.013359,51200,6880851,837,13451,119,345,275,469
4100,16.171,12.562,1.56591,1.483887,0.082023,1.607666,1.464233,0.101677,138.4654,0.832207,0.076687,118.7358,0.001289,0.98332,0.015391,51200,7089429,800,12894,118,345,272,469
4150,16.303,12.639,1.576636,1.488647,0.087989,1.596313,1.473389,0.103248,137.3606,0.825352,0.068416,119.854,0.001152,0.985703,0.013145,51200,7032865,806,12831,117,345,269,471
4200,16.43,12.714,1.460161,1.427734,0.032427,1.532349,1.401978,0.058183,128.5052,0.811973,0.001233,116.8881,2e-05,0.99082,0.00916,51200,6579467,844,12221,112,345,260,471
4250,16.559,12.789,1.491466,1.412476,0.07899,1.516479,1.387451,0.104015,128.536,0.802363,0.0,117.2701,0.0,0.99334,0.00666,51200,6581042,769,12968,115,345,262,473
4300,16.688,12.864,1.489747,1.39624,0.093506,1.498779,1.367432,0.122315,128.7335,0.803574,0.0,117.3214,0.0,0.996406,0.003594,51200,6591155,811,12799,113,345,259,473
4350,16.819,12.94,1.51371,1.432983,0.080727,1.527466,1.402588,0.111122,128.7568,0.804512,0.0,117.3831,0.0,0.996602,0.003398,51200,6592346,785,12871,97,345,268,477
4400,16.959,13.026,1.464115,1.40979,0.054325,1.492554,1.37439,0.089725,128.8421,0.81502,0.0,117.7425,0.0,0.997598,0.002402,51200,6596717,809,12959,95,345,255,477
4450,17.108,13.113,1.366281,1.333862,0.032418,1.431152,1.29834,0.067941,128.6228,0.810488,0.0,118.0039,0.0,0.994395,0.005605,51200,6585488,776,11963,88,345,247,477
4500,17.238,13.188,1.318818,1.301025,0.017792,1.393677,1.267334,0.051484,128.9378,0.795488,0.002303,118.8449,2e-05,0.994434,0.005547,51200,6601615,778,11364,88,345,252,480
4550,17.369,13.262,1.340855,1.310791,0.030064,1.402588,1.280518,0.060338,128.706,0.773809,0.0,119.0025,0.0,0.995625,0.004375,51200,6589749,747,11427,91,345,255,485
4600,17.5,13.337,1.279418,1.250366,0.029051,1.35437,1.214966,0.064452,128.6274,0.776191,0.0,119.7177,0.0,0.993828,0.006172,51200,6585724,792,10389,88,345,257,494
4650,17.632,13.413,1.334142,1.266479,0.067662,1.358643,1.233765,0.100377,128.7705,0.798984,0.0,120.2912,0.0,0.996328,0.003672,51200,6593050,772,10268,81,345,275,508
4700,17.764,13.488,1.207501,1.220093,-0.012592,1.32251,1.180908,0.026593,128.6851,0.809277,0.0,120.7403,0.0,0.995176,0.004824,51200,6588675,750,9226,83,345,280,520
4750,17.899,13.563,1.258093,1.222656,0.035436,1.326416,1.186157,0.071935,128.6925,0.812012,0.0,121.4166,0.0,0.995234,0.004766,51200,6589054,799,9665,91,345,295,526
4800,18.031,13.638,1.28244,1.26355,0.01889,1.374146,1.231445,0.050994,128.7119,0.818926,0.0,120.9182,0.0,0.995273,0.004727,51200,6590049,827,10656,94,345,305,543
4850,18.163,13.713,1.282995,1.248657,0.034338,1.357788,1.213623,0.069372,128.7373,0.827891,0.0,120.3461,0.0,0.996113,0.003887,51200,6591352,816,10020,94,345,308,552
4900,18.294,13.789,1.336136,1.289307,0.046829,1.388428,1.24939,0.086746,128.9167,0.832793,0.0,120.1658,0.0,0.998574,0.001426,51200,6600534,815,10681,94,345,297,552
4950,18.424,13.864,1.302851,1.297241,0.005609,1.390015,1.261841,0.04101,128.9415,0.831621,0.0,120.4699,0.0,0.999102,0.000898,51200,6601804,747,10814,94,345,304,568
5000,18.554,13.94,1.249193,1.256104,-0.00691,1.347412,1.228516,0.020678,128.6294,0.837207,0.0,119.5162,0.0,0.993984,0.006016,51200,6585823,793,10376,94,345,289,568
5050,18.708,14.023,1.322699,1.292236,0.030463,1.386597,1.264404,0.058295,128.7113,0.81543,0.0,119.372,0.0,0.995742,0.004258,51200,6590021,754,10805,94,345,295,576
5100,18.843,14.103,1.393235,1.339111,0.054124,1.444092,1.3125,0.080735,128.7564,0.802266,0.0,118.6927,0.0,0.99627,0.00373,51200,6592327,786,11589,91,345,293,577
5150,18.978,14.178,1.433893,1.378418,0.055476,1.4823,1.348999,0.084894,128.6233,0.802539,0.0,118.3968,0.0,0.993828,0.006172,51200,6585511,810,12146,91,345,298,596
5200,19.111,14.254,1.419398,1.34436,0.075037,1.457642,1.319702,0.099696,128.5075,0.814102,0.0,118.7417,0.0,0.992695,0.007305,51200,6579584,781,11201,91,345,285,596
5250,19.247,14.33,1.333399,1.316162,0.017236,1.416992,1.282959,0.05044,128.484,0.847324,0.0,119.5652,0.0,0.991914,0.008086,51200,6578382,782,10510,92,345,289,602
5300,19.381,14.406,1.220395,1.250244,-0.029849,1.346313,1.200562,0.019833,128.5693,0.847715,0.0,120.5445,0.0,0.99332,0.00668,51200,6582746,769,9632,92,345,282,604
5350,19.513,14.481,1.103277,1.154175,-0.050898,1.256104,1.103394,-0.000117,128.7247,0.855527,0.0,122.4884,0.0,0.995254,0.004746,51200,6590703,825,8292,91,345,277,604
5400,19.646,14.556,1.168531,1.194458,-0.025927,1.303955,1.157471,0.011061,128.6566,0.853809,0.0,122.3182,0.0,0.994492,0.005508,51200,6587216,822,8931,94,345,278,605
5450,19.776,14.631,1.13446,1.109253,0.025207,1.215088,1.075806,0.058654,128.8266,0.847988,0.0,122.7987,0.0,0.997324,0.002676,51200,6595923,791,7765,94,345,280,606
5500,19.904,14.706,1.121312,1.124512,-0.0032,1.236206,1.089478,0.031834,128.8155,0.853047,0.0,123.348,0.0,0.997344,0.002656,51200,6595354,765,7870,94,345,272,606
5550,20.036,14.781,1.139742,1.136353,0.003389,1.245605,1.096924,0.042818,128.9278,0.866367,0.0,122.904,0.0,0.99875,0.00125,51200,6601103,803,7767,93,345,281,615
5600,20.168,14.857,1.163378,1.140137,0.023241,1.239136,1.100952,0.062425,128.9736,0.866426,0.0,123.1561,0.0,0.999531,0.000469,51200,6603449,803,7621,93,345,272,615
5650,20.299,14.933,1.248997,1.216187,0.032811,1.312622,1.181396,0.067601,128.8202,0.866348,0.0,122.0908,0.0,0.997207,0.002793,51200,6595593,764,8911,93,345,272,615
5700,20.43,15.009,1.368902,1.302856,0.066046,1.399536,1.276123,0.092779,128.8456,0.861758,0.0,120.3699,0.0,0.99791,0.00209,51200,6596895,826,10148,93,345,272,615
5750,20.561,15.085,1.417056,1.333496,0.08356,1.420044,1.313232,0.103824,128.9723,0.864551,0.0,119.6667,0.0,0.99957,0.00043,51200,6603383,756,10531,93,345,275,618
5800,20.69,15.16,1.466727,1.387329,0.079398,1.484253,1.360596,0.106132,128.8677,0.852031,0.0,118.6752,0.0,0.997773,0.002227,51200,6598026,781,11870,92,345,278,622
5850,20.823,15.236,1.608315,1.502197,0.106118,1.610474,1.488281,0.120034,128.9341,0.842539,0.0,117.4359,0.0,0.998945,0.001055,51200,6601424,825,13600,92,345,282,626
5900,20.957,15.313,1.516605,1.441772,0.074832,1.542358,1.421631,0.094974,129.1964,0.843457,0.001965,117.0588,2e-05,0.999219,0.000762,51200,6614858,834,12475,93,345,275,627
5950,21.091,15.389,1.42925,1.355347,0.073903,1.462402,1.338745,0.090505,132.8416,0.849648,0.029821,118.7099,0.000488,0.998066,0.001445,51200,6801491,764,11218,94,345,275,628
6000,21.234,15.465,1.397343,1.327759,0.069584,1.440308,1.316284,0.081059,128.7767,0.844727,0.0,118.6405,0.0,0.996348,0.003652,51200,6593369,839,11426,94,345,273,628
6050,21.373,15.547,1.391969,1.355347,0.036622,1.459839,1.330688,0.06128,128.7685,0.830586,0.0,118.7348,0.0,0.996582,0.003418,51200,6592946,802,11005,102,345,274,629
6100,21.508,15.624,1.514971,1.427246,0.087725,1.538086,1.408081,0.10689,128.5012,0.825273,0.0,118.2019,0.0,0.992188,0.007812,51200,6579260,847,12001,100,345,276,633
6150,21.642,15.699,1.455421,1.37561,0.079811,1.489868,1.366577,0.088844,128.9944,0.826641,0.003184,117.9578,3.9e-05,0.993906,0.006055,51200,6604515,811,11464,96,345,279,637
6200,21.779,15.776,1.471663,1.414307,0.057356,1.517212,1.397339,0.074324,134.2175,0.8325,0.041409,120.9139,0.000684,0.99498,0.004336,51200,6871936,818,11823,96,345,291,650
6250,21.924,15.857,1.662702,1.553467,0.109236,1.640259,1.541626,0.121077,145.535,0.826211,0.11675,125.1148,0.00209,0.993125,0.004785,51200,7451394,778,14264,94,345,297,660
6300,22.067,15.943,1.561202,1.447266,0.113936,1.554443,1.439575,0.121627,130.2079,0.803652,0.01342,116.6698,0.000215,0.992051,0.007734,51200,6666642,789,12639,95,345,307,671
6350,22.199,16.018,1.404092,1.345215,0.058877,1.456055,1.322021,0.082071,128.5732,0.802578,0.0,117.9156,0.0,0.993242,0.006758,51200,6582946,746,11109,94,345,320,685
6400,22.343,16.093,1.369558,1.335693,0.033865,1.440308,1.303467,0.066091,128.8722,0.809316,1.9e-05,119.3753,0.0,0.997949,0.002051,51200,6598259,824,11236,94,345,315,697
6450,22.489,16.18,1.321684,1.276123,0.045561,1.387939,1.244873,0.076811,128.7687,0.820742,0.0,119.183,0.0,0.996289,0.003711,51200,6592956,775,10276,94,345,310,698
6500,22.619,16.255,1.173077,1.160034,0.013043,1.26123,1.11145,0.061627,128.6751,0.849023,0.0,120.9359,0.0,0.994648,0.005352,51200,6588167,748,8601,94,345,298,699
6550,22.751,16.329,1.191155,1.162964,0.028191,1.259766,1.12146,0.069695,128.8152,0.83334,0.0,121.8943,0.0,0.996992,0.003008,51200,6595337,738,8439,95,345,290,699
6600,22.881,16.404,1.148964,1.182373,-0.033409,1.279663,1.135254,0.01371,128.865,0.829785,0.0,121.5805,0.0,0.998008,0.001992,51200,6597890,812,8874,94,345,281,699
6650,23.012,16.479,1.321859,1.283447,0.038411,1.388428,1.245605,0.076253,128.822,0.834082,0.0,121.328,0.0,0.997246,0.002754,51200,6595685,783,10356,94,345,278,700
6700,23.144,16.556,1.318922,1.297241,0.021681,1.400757,1.257324,0.061598,128.6512,0.836074,0.0,120.6023,0.0,0.994844,0.005156,51200,6586940,831,10829,94,345,286,708
6750,23.279,16.632,1.510826,1.461182,0.049645,1.559814,1.441528,0.069298,128.8259,0.811758,0.0,118.7249,0.0,0.997246,0.002754,51200,6595884,832,13436,93,345,283,708
6800,23.41,16.707,1.363123,1.349854,0.013269,1.455322,1.321533,0.04159,128.8565,0.815449,0.0,118.2061,0.0,0.997871,0.002129,51200,6597452,792,11463,92,345,289,719
6850,23.549,16.781,1.290558,1.265137,0.025422,1.38208,1.22876,0.061799,128.7656,0.819316,0.0,120.111,0.0,0.996211,0.003789,51200,6592800,784,10345,93,345,277,719
6900,23.701,16.869,1.269624,1.242188,0.027437,1.348511,1.205688,0.063936,128.8452,0.816816,0.0,120.887,0.0,0.997578,0.002422,51200,6596873,749,10109,93,345,278,720
6950,23.859,16.965,1.170266,1.158936,0.01133,1.264771,1.12207,0.048195,128.9097,0.819141,0.0,122.0219,0.0,0.99877,0.00123,51200,6600178,775,8634,92,345,270,720
7000,24.004,17.053,1.201785,1.202881,-0.001095,1.308228,1.163818,0.037967,128.9544,0.826562,0.0,122.3819,0.0,0.999316,0.000684,51200,6602466,800,9398,92,345,277,727
7050,24.134,17.128,1.21285,1.185669,0.027181,1.287231,1.145386,0.067464,128.8905,0.834844,0.0,121.6846,0.0,0.998418,0.001582,51200,6599195,813,9549,92,345,272,728
7100,24.264,17.202,1.107043,1.144043,-0.037,1.257812,1.100586,0.006457,128.8859,0.827422,0.0,122.783,0.0,0.998203,0.001797,51200,6598958,759,8428,93,345,273,728
7150,24.393,17.276,1.118467,1.143677,-0.025209,1.248291,1.108032,0.010435,128.8115,0.823555,0.0,122.5719,0.0,0.997109,0.002891,51200,6595151,807,8769,94,345,273,728
7200,24.526,17.349,1.16903,1.185181,-0.01615,1.293945,1.145996,0.023034,128.8964,0.829102,0.0,122.3145,0.0,0.998164,0.001836,51200,6599496,776,9204,93,345,278,729
7250,24.654,17.424,1.178848,1.175415,0.003433,1.276855,1.13501,0.043839,128.6698,0.83375,0.0,121.5608,0.0,0.994961,0.005039,51200,6587893,793,9296,93,345,276,729
7300,24.783,17.497,1.125671,1.117554,0.008117,1.222534,1.081543,0.044128,128.6931,0.828906,0.0,121.9056,0.0,0.995117,0.004883,51200,6589089,799,8562,92,345,281,735
7350,24.918,17.578,1.310992,1.237427,0.073565,1.32959,1.192749,0.118243,136.5556,0.825488,0.055774,124.2833,0.000938,0.999004,5.9e-05,51200,6991645,706,10385,93,345,290,746
7400,25.051,17.656,1.353009,1.309448,0.043561,1.411865,1.281006,0.072004,145.468,0.83127,0.114464,126.4472,0.002051,0.996855,0.001094,51200,7447962,714,11470,92,345,295,752
7450,25.182,17.733,1.350028,1.274902,0.075125,1.384155,1.25415,0.095877,142.0288,0.830293,0.092715,125.2336,0.001621,0.997656,0.000723,51200,7271872,778,10357,92,345,293,762
7500,25.315,17.811,1.374832,1.301025,0.073807,1.408081,1.287109,0.087723,146.4255,0.815605,0.121175,127.1513,0.002188,0.994746,0.003066,51200,7496987,805,11123,93,345,292,763
7550,25.447,17.89,1.413008,1.340332,0.072676,1.445801,1.312256,0.100752,147.6458,0.807676,0.128491,128.3238,0.002344,0.994121,0.003535,51200,7559466,804,11482,92,345,283,771
7600,25.578,17.966,1.434144,1.381104,0.053041,1.495117,1.368652,0.065492,133.4591,0.816094,0.034934,122.495,0.000586,0.99543,0.003984,51200,6833107,813,11720,92,345,277,780
7650,25.717,18.05,1.325071,1.293335,0.031736,1.396118,1.269653,0.055418,147.6671,0.823984,0.128554,133.8172,0.002344,0.994336,0.00332,51200,7560557,808,10743,93,345,281,784
7700,25.85,18.125,1.399308,1.346313,0.052995,1.443848,1.308594,0.090715,132.9305,0.807617,0.030767,123.0171,0.000508,0.997168,0.002324,51200,6806040,801,11604,93,345,289,793
7750,25.981,18.202,1.324733,1.309692,0.01504,1.39917,1.269653,0.055079,130.2733,0.837012,0.01193,120.5546,0.000195,0.995176,0.004629,51200,6669993,771,11131,96,345,282,800
7800,26.113,18.277,1.267683,1.253784,0.013899,1.348511,1.213135,0.054548,128.843,0.823984,0.0,120.0606,0.0,0.997559,0.002441,51200,6596762,826,10278,93,345,278,804
7850,26.252,18.353,1.222332,1.208862,0.013469,1.3125,1.166748,0.055584,128.8609,0.82377,0.0,121.7365,0.0,0.997676,0.002324,51200,6597677,799,9431,92,345,275,805
7900,26.382,18.429,1.261077,1.234741,0.026336,1.332764,1.196045,0.065032,128.96,0.839121,0.000971,121.2696,0.0,0.997363,0.002637,51200,6602751,792,9784,92,345,280,813
7950,26.514,18.504,1.29112,1.26416,0.026959,1.362427,1.230591,0.060529,128.9841,0.835859,0.0,120.4409,0.0,0.999727,0.000273,51200,6603984,778,10401,92,345,287,819
8000,26.645,18.578,1.197283,1.204834,-0.007551,1.299927,1.163818,0.033465,128.9221,0.837754,0.0,120.7948,0.0,0.998945,0.001055,51200,6600813,826,9486,92,345,290,822
8050,26.78,18.653,1.225162,1.229614,-0.004452,1.333374,1.182983,0.042179,128.8375,0.835723,0.0,121.2275,0.0,0.997695,0.002305,51200,6596480,749,9042,93,345,280,822
8100,26.914,18.729,1.255221,1.245728,0.009493,1.345093,1.205688,0.049532,128.9778,0.865117,0.0,121.7003,0.0,0.999609,0.000391,51200,6603665,758,9003,93,345,290,830
8150,27.046,18.806,1.295399,1.234375,0.061024,1.335449,1.199829,0.095569,128.8792,0.879922,0.0,121.1916,0.0,0.998105,0.001895,51200,6598617,774,9193,93,345,292,830
8200,27.189,18.884,1.307046,1.213745,0.093301,1.313354,1.172607,0.134439,128.6022,0.882637,0.0,120.7587,0.0,0.99416,0.00584,51200,6584433,785,9668,93,345,290,838
8250,27.346,18.976,1.224032,1.175659,0.048373,1.278076,1.131714,0.092318,129.7034,0.886777,0.007354,121.3046,0.000117,0.995977,0.003906,51200,6640815,784,9127,93,345,282,838
8300,27.479,19.054,1.154368,1.130127,0.024241,1.229126,1.088501,0.065867,134.4928,0.875371,0.043618,127.1672,0.000723,0.994453,0.004824,51200,6886033,768,8128,93,345,282,838
8350,27.622,19.14,1.228837,1.194824,0.034013,1.287109,1.151855,0.076981,128.7313,0.847461,0.0,122.1726,0.0,0.995625,0.004375,51200,6591042,805,9184,93,345,282,838
8400,27.758,19.218,1.23661,1.220825,0.015785,1.31189,1.182861,0.053749,128.7675,0.848926,0.0,120.7131,0.0,0.996445,0.003555,51200,6592896,799,9549,93,345,281,838
8450,27.89,19.294,1.23476,1.20752,0.02724,1.304443,1.164185,0.070575,128.7745,0.85168,0.0,121.0455,0.0,0.996387,0.003613,51200,6593253,801,9460,93,345,276,838
8500,28.021,19.371,1.174408,1.164551,0.009857,1.25354,1.123169,0.051239,128.8232,0.826406,0.0,121.0888,0.0,0.997246,0.002754,51200,6595749,831,9243,94,345,272,838
8550,28.15,19.446,1.136748,1.166016,-0.029268,1.264893,1.117554,0.019194,128.8164,0.829727,0.0,121.3632,0.0,0.996855,0.003145,51200,6595402,811,9214,94,345,272,838
8600,28.282,19.521,1.125257,1.174683,-0.049426,1.282959,1.133545,-0.008288,128.8583,0.82209,0.0,121.6362,0.0,0.997812,0.002188,51200,6597545,770,8743,94,345,278,838
8650,28.412,19.596,1.108949,1.168457,-0.059508,1.273804,1.126099,-0.01715,128.78,0.83418,0.0,122.1311,0.0,0.996699,0.003301,51200,6593534,805,8789,94,345,278,838
8700,28.54,19.669,1.105414,1.122437,-0.017023,1.214966,1.082642,0.022772,128.7381,0.820469,0.0,121.9642,0.0,0.995723,0.004277,51200,6591391,777,8345,95,345,279,838
8750,28.673,19.744,1.042811,1.116943,-0.074133,1.212646,1.072144,-0.029333,128.8046,0.823047,0.0,122.7227,0.0,0.997012,0.002988,51200,6594796,803,7740,96,345,283,843
8800,28.805,19.819,1.120459,1.158936,-0.038477,1.264648,1.120239,0.00022,128.7305,0.813848,0.0,122.199,0.0,0.99584,0.00416,51200,6591003,719,8899,95,346,286,845
8850,28.935,19.894,1.154362,1.165527,-0.011165,1.262207,1.121826,0.032536,128.79,0.807539,0.0,121.9748,0.0,0.99668,0.00332,51200,6594047,749,9462,97,347,283,847
8900,29.068,19.971,1.154963,1.131958,0.023005,1.236206,1.095459,0.059504,128.9208,0.805176,0.0,121.8891,0.0,0.99875,0.00125,51200,6600747,754,9014,95,347,284,855
8950,29.208,20.048,1.239473,1.23938,9.4e-05,1.337769,1.197388,0.042086,128.8683,0.808418,0.0,121.5445,0.0,0.998008,0.001992,51200,6598056,760,9803,94,347,297,870
9000,29.348,20.126,1.106333,1.159546,-0.053213,1.276367,1.117432,-0.011099,128.844,0.836133,0.0,122.1184,0.0,0.997617,0.002383,51200,6596813,770,8224,92,347,287,870
9050,29.481,20.202,1.095492,1.102173,-0.006681,1.19873,1.058472,0.03702,128.7858,0.858125,0.0,123.2267,0.0,0.996699,0.003301,51200,6593833,790,8144,92,347,275,870
9100,29.612,20.277,1.044893,1.051025,-0.006132,1.159424,1.01001,0.034884,128.755,0.858555,0.0,123.7084,0.0,0.996074,0.003926,51200,6592258,725,6879,92,347,272,870
9150,29.745,20.352,1.028624,1.088501,-0.059877,1.19458,1.034912,-0.006288,128.5884,0.863652,0.0,123.7531,0.0,0.993535,0.006465,51200,6583728,796,7246,92,347,272,870
9200,29.89,20.427,1.127017,1.131958,-0.004941,1.231812,1.082153,0.044863,128.7007,0.878906,0.0,123.3125,0.0,0.995391,0.004609,51200,6589474,810,8223,93,347,273,870
9250,30.03,20.51,1.120404,1.136841,-0.016437,1.238525,1.092896,0.027508,128.7058,0.882949,0.0,122.2841,0.0,0.995293,0.004707,51200,6589738,751,8766,93,347,274,872
9300,30.161,20.585,1.059108,1.072266,-0.013157,1.172485,1.03064,0.028469,128.8644,0.889629,0.000191,123.0966,0.0,0.998125,0.001875,51200,6597856,808,7775,93,347,274,872
9350,30.301,20.665,1.062381,1.116455,-0.054074,1.215942,1.072754,-0.010373,128.9913,0.868379,0.0,123.3481,0.0,0.999824,0.000176,51200,6604353,769,8212,93,347,273,872
9400,30.436,20.743,1.057537,1.092285,-0.034748,1.196045,1.048828,0.008709,128.9493,0.861836,0.0,123.2057,0.0,0.999258,0.000742,51200,6602203,793,7795,93,347,273,872
9450,30.57,20.82,0.964095,1.045898,-0.081803,1.143066,0.998779,-0.034684,128.9382,0.861621,0.0,123.7425,0.0,0.998984,0.001016,51200,6601637,853,6849,93,347,276,872
9500,30.698,20.894,0.946251,1.008545,-0.062294,1.114136,0.960449,-0.014198,128.7154,0.854336,0.0,123.8579,0.0,0.995527,0.004473,51200,6590229,726,6799,91,347,270,872
9550,30.828,20.969,1.014465,1.029907,-0.015442,1.132935,0.986328,0.028137,128.4467,0.846406,0.0,123.4922,0.0,0.991816,0.008184,51200,6576470,799,6918,91,347,269,872
9600,30.956,21.042,1.028208,1.044434,-0.016226,1.139038,1.001953,0.026255,128.527,0.839453,0.0,123.725,0.0,0.992637,0.007363,51200,6580580,782,6842,93,347,271,872
9650,31.094,21.117,1.141546,1.099976,0.04157,1.192261,1.065796,0.07575,128.6884,0.846348,0.0,123.4512,0.0,0.995176,0.004824,51200,6588848,808,7787,91,347,290,890
9700,31.229,21.197,1.269871,1.197021,0.072849,1.301758,1.157227,0.112644,128.8375,0.828535,0.0,121.6283,0.0,0.997402,0.002598,51200,6596481,774,9395,91,347,283,892
9750,31.363,21.274,1.238201,1.195435,0.042766,1.307373,1.166138,0.072063,128.7089,0.845449,0.0,120.8352,0.0,0.995645,0.004355,51200,6589896,788,9070,91,347,285,892
9800,31.494,21.348,1.159307,1.159668,-0.000361,1.264038,1.130615,0.028691,128.6759,0.842852,0.0,121.3436,0.0,0.99502,0.00498,51200,6588206,794,8658,93,347,300,901
9850,31.624,21.423,1.129255,1.162109,-0.032854,1.26123,1.123779,0.005476,128.8688,0.838379,0.0,121.9553,0.0,0.998086,0.001914,51200,6598085,742,8386,93,347,284,901
9900,31.753,21.497,1.189939,1.197021,-0.007082,1.299927,1.161621,0.028318,128.9804,0.826191,0.0,121.9101,0.0,0.999629,0.000371,51200,6603796,804,9412,93,347,284,901
9950,31.886,21.572,1.13194,1.154297,-0.022357,1.248413,1.11145,0.02049,128.6959,0.831738,0.0,121.8508,0.0,0.995449,0.004551,51200,6589228,800,8665,95,347,292,901
10000,32.026,21.651,1.177033,1.177124,-9.1e-05,1.276855,1.132812,0.044221,132.7898,0.854121,0.033482,124.2678,0.000547,0.989844,0.009609,51200,6798837,774,8231,93,347,286,901
10050,32.168,21.738,1.089336,1.112915,-0.023579,1.208496,1.075195,0.014141,144.6985,0.857363,0.111594,133.7273,0.001992,0.991973,0.006035,51200,7408565,815,8260,93,347,286,902
10100,32.301,21.815,1.06238,1.093506,-0.031126,1.192017,1.053101,0.009279,148.2799,0.850391,0.133549,136.1966,0.002441,0.990918,0.006641,51200,7591929,781,7810,93,347,282,902
10150,32.434,21.893,1.158558,1.16687,-0.008312,1.262451,1.129883,0.028675,142.8265,0.837891,0.099662,132.7441,0.001758,0.992676,0.005566,51200,7312719,813,9533,91,347,274,903
10200,32.571,21.973,1.318656,1.269165,0.049491,1.365601,1.242554,0.076102,144.0547,0.830117,0.106497,132.2105,0.001895,0.994316,0.003789,51200,7375601,762,10164,91,347,278,910
10250,32.71,22.051,1.425374,1.366699,0.058675,1.463745,1.34436,0.081014,144.7233,0.836016,0.11147,130.6932,0.001992,0.993105,0.004902,51200,7409835,783,12188,91,347,274,910
10300,32.846,22.13,1.345778,1.310547,0.035231,1.414185,1.284912,0.060866,147.2162,0.854141,0.125705,132.1895,0.002285,0.994453,0.003262,51200,7537469,768,10794,93,347,269,911
10350,32.981,22.207,1.277566,1.252197,0.025369,1.35144,1.216675,0.060891,141.1696,0.868223,0.087366,128.7923,0.001523,0.996914,0.001562,51200,7227882,761,9653,93,347,272,912
10400,33.113,22.285,1.192434,1.153931,0.038504,1.258911,1.10791,0.084524,145.4918,0.863965,0.115255,132.0862,0.00207,0.994844,0.003086,51200,7449180,774,9462,93,347,275,914
10450,33.269,22.368,1.18728,1.200195,-0.012916,1.296753,1.158203,0.029076,137.79,0.858379,0.065436,127.2101,0.001113,0.995938,0.002949,51200,7054848,820,9432,94,347,287,924
10500,33.422,22.452,1.146958,1.14624,0.000718,1.252808,1.105713,0.041245,128.8164,0.862559,0.0,121.2315,0.0,0.997168,0.002832,51200,6595400,752,8765,94,347,287,932
10550,33.568,22.533,1.186816,1.209595,-0.022779,1.317993,1.16333,0.023486,128.8921,0.856816,0.0,122.0806,0.0,0.998398,0.001602,51200,6599274,765,9142,94,347,284,934
10600,33.719,22.626,1.192057,1.221924,-0.029867,1.312866,1.177368,0.014688,128.8346,0.867324,0.0,122.3597,0.0,0.997539,0.002461,51200,6596331,824,9261,93,347,274,934
10650,33.852,22.703,1.189181,1.196655,-0.007475,1.296143,1.157227,0.031954,128.9537,0.861094,0.0,121.5937,0.0,0.999219,0.000781,51200,6602428,800,9172,93,347,280,940
10700,33.981,22.779,1.192811,1.174072,0.018739,1.255249,1.13208,0.060731,128.8943,0.835234,0.0,121.8669,0.0,0.998398,0.001602,51200,6599387,788,9241,93,347,278,940
10750,34.111,22.854,1.138655,1.147461,-0.008806,1.240723,1.105835,0.03282,128.8668,0.841836,0.0,121.7132,0.0,0.997832,0.002168,51200,6597979,781,8673,93,347,273,940
10800,34.239,22.928,1.139101,1.098267,0.040835,1.194824,1.056885,0.082216,128.8761,0.846387,0.0,122.6028,0.0,0.998008,0.001992,51200,6598454,788,8245,93,347,272,940
10850,34.368,23.003,1.137777,1.141235,-0.003458,1.248413,1.099731,0.038045,128.7854,0.848184,0.0,121.7183,0.0,0.996797,0.003203,51200,6593814,786,9189,93,347,271,940
10900,34.52,23.085,1.097607,1.111938,-0.014331,1.206787,1.077148,0.020459,128.4813,0.850781,0.0,121.7013,0.0,0.991895,0.008105,51200,6578244,800,8987,93,347,270,940
10950,34.649,23.164,1.087572,1.100586,-0.013014,1.198364,1.062866,0.024706,128.7169,0.840605,0.0,121.934,0.0,0.995547,0.004453,51200,6590304,767,8893,93,347,276,944
11000,34.776,23.238,1.154945,1.120117,0.034828,1.229248,1.085571,0.069374,128.9174,0.819355,0.0,121.548,0.0,0.998828,0.001172,51200,6600573,772,8985,92,347,270,945
11050,34.912,23.318,1.114384,1.156738,-0.042354,1.256958,1.121216,-0.006831,134.8458,0.803711,0.043819,127.5567,0.000703,0.998652,0.000645,51200,6904107,766,9113,93,347,275,949
11100,35.042,23.392,1.182896,1.157349,0.025548,1.252319,1.125,0.057896,128.7199,0.812227,0.0,121.7961,0.0,0.995742,0.004258,51200,6590460,735,8991,94,347,278,953
11150,35.172,23.467,1.164516,1.130615,0.033901,1.233276,1.089966,0.07455,128.7791,0.836113,0.0,121.9863,0.0,0.996738,0.003262,51200,6593489,818,8645,89,347,285,961
11200,35.328,23.541,1.172919,1.147705,0.025214,1.24646,1.108887,0.064032,128.8344,0.848301,0.0,122.5345,0.0,0.997461,0.002539,51200,6596319,787,9300,90,347,288,965
11250,35.458,23.615,1.086543,1.089844,-0.003301,1.193115,1.048096,0.038447,128.8814,0.846348,0.0,122.8771,0.0,0.99834,0.00166,51200,6598726,807,8247,88,347,290,965
11300,35.589,23.689,1.103564,1.129883,-0.026319,1.240234,1.084839,0.018725,128.7645,0.855723,0.0,123.2365,0.0,0.996113,0.003887,51200,6592740,812,8641,91,347,289,965
11350,35.719,23.764,1.116261,1.139648,-0.023387,1.243896,1.095703,0.020558,128.6201,0.863496,0.0,123.3616,0.0,0.993945,0.006055,51200,6585350,762,8580,89,347,287,973
11400,35.857,23.839,1.146563,1.132202,0.014361,1.236938,1.090454,0.056109,128.6118,0.870566,0.0,122.5032,0.0,0.993867,0.006133,51200,6584923,795,8629,90,347,280,973
11450,35.988,23.914,1.160037,1.154419,0.005618,1.265137,1.115112,0.044925,128.8584,0.856074,0.0,122.7592,0.0,0.997695,0.002305,51200,6597552,812,8870,90,347,280,973
11500,36.12,23.989,1.233995,1.197632,0.036363,1.301025,1.170776,0.063218,128.7757,0.838125,0.0,121.6142,0.0,0.996289,0.003711,51200,6593318,809,9817,90,347,285,978
11550,36.251,24.064,1.283987,1.231567,0.05242,1.325439,1.199707,0.08428,128.9087,0.835547,0.0,120.9531,0.0,0.998633,0.001367,51200,6600127,792,10426,92,347,283,979
11600,36.383,24.139,1.302118,1.268311,0.033808,1.364136,1.230225,0.071894,128.8167,0.846387,0.0,120.3628,0.0,0.997031,0.002969,51200,6595414,778,10752,92,347,283,980
11650,36.511,24.214,1.313027,1.30542,0.007607,1.40564,1.270264,0.042764,128.6545,0.854648,0.0,120.0366,0.0,0.994902,0.005098,51200,6587112,757,11766,92,347,289,989
11700,36.641,24.289,1.448327,1.335938,0.11239,1.441772,1.316162,0.132165,128.7931,0.852793,0.0,119.9411,0.0,0.99666,0.00334,51200,6594207,750,11839,90,347,294,989
11750,36.777,24.366,1.458388,1.392578,0.06581,1.502441,1.371704,0.086684,128.7975,0.880215,0.0,119.6719,0.0,0.996973,0.003027,51200,6594431,828,12295,91,348,291,991
11800,36.912,24.445,1.431681,1.344727,0.086955,1.460449,1.33374,0.097941,128.815,0.888184,0.0,120.0082,0.0,0.99707,0.00293,51200,6595327,817,11586,89,348,285,991
11850,37.044,24.522,1.57139,1.464111,0.107279,1.55249,1.457031,0.114359,128.6202,0.872793,0.0,118.9816,0.0,0.993828,0.006172,51200,6585355,781,13267,89,348,281,991
11900,37.174,24.599,1.576336,1.456299,0.120038,1.543579,1.443848,0.132489,134.6192,0.870234,0.045984,123.457,0.000762,0.991152,0.008086,51200,6892504,777,12766,89,348,280,992
11950,37.326,24.685,1.601606,1.467163,0.134442,1.546143,1.446045,0.155561,138.9307,0.862617,0.074296,127.7532,0.00127,0.99375,0.00498,51200,7113254,785,13349,92,348,283,992
12000,37.468,24.77,1.537178,1.4375,0.099678,1.525391,1.424194,0.112984,128.8548,0.844355,0.0,116.858,0.0,0.997656,0.002344,51200,6597365,786,12824,93,348,281,992
12050,37.61,24.856,1.432238,1.332153,0.100084,1.41626,1.302368,0.12987,128.7328,0.842129,0.0,118.061,0.0,0.99584,0.00416,51200,6591120,793,11475,93,348,285,992
12100,37.742,24.932,1.256653,1.255859,0.000793,1.35144,1.231079,0.025573,128.8497,0.868438,0.0,120.4712,0.0,0.997656,0.002344,51200,6597105,770,9983,97,348,282,992
12150,37.875,25.008,1.30546,1.264893,0.040568,1.363037,1.230103,0.075358,128.8948,0.863613,0.0,120.6037,0.0,0.998262,0.001738,51200,6599413,792,10193,93,348,283,992
12200,38.005,25.085,1.172383,1.15918,0.013203,1.254883,1.119629,0.052754,128.8883,0.860527,0.0,121.1834,0.0,0.998242,0.001758,51200,6599082,787,8823,93,348,282,992
12250,38.141,25.165,1.169856,1.169189,0.000667,1.261963,1.130249,0.039607,128.93,0.860547,0.0,121.963,0.0,0.998867,0.001133,51200,6601216,773,9048,93,348,284,992
12300,38.272,25.243,1.222425,1.182251,0.040174,1.284546,1.14978,0.072645,128.8692,0.852051,0.0,121.7661,0.0,0.997969,0.002031,51200,6598101,826,9219,93,348,293,1000
12350,38.404,25.317,1.188392,1.186157,0.002234,1.277832,1.138672,0.04972,128.9979,0.84168,0.0,122.5249,0.0,0.999961,3.9e-05,51200,6604690,790,8784,93,348,296,1003
12400,38.533,25.392,1.0869,1.121582,-0.034682,1.21936,1.075806,0.011094,128.8987,0.862305,0.0,122.6992,0.0,0.998477,0.001523,51200,6599615,765,8175,93,348,293,1005
12450,38.668,25.471,1.102212,1.093262,0.008951,1.190186,1.055786,0.046426,128.9967,0.847148,0.0,123.4765,0.0,0.999941,5.9e-05,51200,6604629,796,8209,93,348,281,1005
12500,38.802,25.546,1.153092,1.128052,0.02504,1.222046,1.085205,0.067887,128.7454,0.858105,0.0,123.3789,0.0,0.996074,0.003926,51200,6591766,800,8060,93,348,287,1005
12550,38.935,25.621,1.142517,1.150513,-0.007995,1.248413,1.105347,0.037171,128.8694,0.867129,0.0,122.963,0.0,0.998066,0.001934,51200,6598113,795,8724,93,348,284,1005
12600,39.066,25.696,1.304597,1.279297,0.0253,1.368164,1.234009,0.070588,128.8613,0.880488,0.0,120.9858,0.0,0.997734,0.002266,51200,6597697,767,9804,93,348,280,1005
12650,39.205,25.773,1.333485,1.275024,0.05846,1.376831,1.227417,0.106068,129.5283,0.875293,0.004911,121.3145,7.8e-05,0.998223,0.001699,51200,6631849,801,9538,93,348,277,1005
12700,39.341,25.849,1.146529,1.185669,-0.03914,1.290283,1.137207,0.009322,128.8516,0.897422,0.0,122.2525,0.0,0.997617,0.002383,51200,6597202,781,8124,93,348,279,1008
12750,39.472,25.924,1.126739,1.102173,0.024566,1.210327,1.047363,0.079376,128.8895,0.87666,0.0,122.7835,0.0,0.99832,0.00168,51200,6599140,764,7672,93,348,291,1009
12800,39.598,25.998,1.014696,1.041138,-0.026441,1.139404,0.994385,0.020312,128.8133,0.878184,0.0,123.585,0.0,0.997129,0.002871,51200,6595239,777,7035,93,348,286,1009
12850,39.727,26.074,1.024437,1.041382,-0.016945,1.146606,1.000854,0.023583,128.7766,0.878906,0.0,123.6726,0.0,0.99668,0.00332,51200,6593361,748,7230,90,348,280,1009
12900,39.865,26.154,1.089032,1.116943,-0.027912,1.22229,1.076294,0.012738,129.9115,0.859844,0.00979,124.2463,0.000156,0.994258,0.005586,51200,6651471,807,7939,90,348,274,1009
12950,39.996,26.229,1.068577,1.104736,-0.03616,1.20874,1.060303,0.008274,131.5222,0.853691,0.022928,126.3415,0.000371,0.99252,0.007109,51200,6733938,775,7561,90,348,274,1009
13000,40.123,26.303,1.139134,1.132446,0.006687,1.234619,1.104858,0.034275,128.6457,0.846777,0.0,122.4755,0.0,0.994395,0.005605,51200,6586660,754,8338,89,348,268,1009
13050,40.265,26.378,1.162939,1.187988,-0.02505,1.289551,1.140503,0.022436,128.6241,0.853477,0.0,121.7012,0.0,0.994004,0.005996,51200,6585556,764,8578,90,348,267,1009
13100,40.417,26.473,1.123766,1.159424,-0.035657,1.255981,1.116211,0.007556,128.9386,0.869219,0.0,122.0748,0.0,0.999043,0.000957,51200,6601658,765,8205,90,348,270,1010
13150,40.548,26.548,1.253274,1.240479,0.012796,1.329712,1.207275,0.045999,128.9478,0.855898,0.0,121.344,0.0,0.999219,0.000781,51200,6602125,788,9667,93,348,271,1010
13200,40.676,26.623,1.26519,1.235352,0.029839,1.338867,1.199707,0.065483,128.9863,0.858145,0.0,120.3351,0.0,0.999766,0.000234,51200,6604098,790,9730,92,348,271,1012
13250,40.804,26.698,1.286876,1.255737,0.031139,1.348389,1.211914,0.074962,128.9011,0.844219,0.0,119.9541,0.0,0.998438,0.001562,51200,6599737,859,10083,92,348,269,1012
13300,40.931,26.772,1.226428,1.220703,0.005725,1.310059,1.177246,0.049182,128.8133,0.83002,0.0,120.3247,0.0,0.997363,0.002637,51200,6595240,749,9828,91,348,274,1013
13350,41.06,26.847,1.292439,1.25061,0.041829,1.349487,1.220947,0.071492,128.822,0.829941,0.0,120.2583,0.0,0.997324,0.002676,51200,6595684,762,10195,91,348,282,1013
13400,41.191,26.922,1.410676,1.341431,0.069245,1.441284,1.314453,0.096223,128.7352,0.837949,0.0,119.1393,0.0,0.99582,0.00418,51200,6591240,813,11616,91,348,282,1015
13450,41.324,26.998,1.35132,1.335571,0.015749,1.435425,1.298828,0.052492,130.3125,0.836348,0.012186,119.9368,0.000195,0.995879,0.003926,51200,6671999,815,11310,91,348,280,1016
13500,41.464,27.076,1.30714,1.283203,0.023937,1.387451,1.243652,0.063488,128.9729,0.843145,0.0,119.5058,0.0,0.999531,0.000469,51200,6603410,772,10373,94,348,282,1016
13550,41.596,27.151,1.286434,1.268555,0.017879,1.369141,1.231689,0.054744,128.5714,0.84418,0.0,120.112,0.0,0.993281,0.006719,51200,6582858,769,10181,92,348,277,1018
13600,41.725,27.227,1.170281,1.172363,-0.002082,1.279663,1.140137,0.030145,129.7062,0.850781,0.007462,121.9579,0.000117,0.995781,0.004102,51200,6640956,762,9431,94,348,276,1020
13650,41.854,27.302,1.190162,1.195435,-0.005273,1.293213,1.160034,0.030128,128.8132,0.848008,0.0,121.3473,0.0,0.997168,0.002832,51200,6595234,731,9401,95,348,279,1023
13700,41.985,27.377,1.301643,1.291382,0.010262,1.382568,1.253662,0.047981,128.5649,0.847617,0.0,120.4821,0.0,0.993789,0.006211,51200,6582524,766,10524,95,348,282,1027
13750,42.116,27.452,1.402473,1.368042,0.034431,1.466797,1.343262,0.059212,129.1765,0.832695,0.004888,119.4273,7.8e-05,0.993086,0.006836,51200,6613837,772,11876,94,348,284,1029
13800,42.25,27.529,1.198638,1.214355,-0.015718,1.311279,1.168823,0.029814,140.5733,0.84248,0.085819,123.4314,0.001484,0.992715,0.005801,51200,7197355,779,8517,93,348,285,1033
13850,42.384,27.605,1.246002,1.22998,0.016022,1.33252,1.182495,0.063507,128.7223,0.850684,0.0,121.8614,0.0,0.996016,0.003984,51200,6590583,806,9053,93,348,285,1036
13900,42.518,27.68,1.268699,1.245239,0.02346,1.347534,1.210449,0.05825,128.6461,0.867754,0.0,121.5574,0.0,0.99498,0.00502,51200,6586679,862,9874,93,348,287,1038
13950,42.653,27.756,1.322042,1.249634,0.072408,1.376221,1.218994,0.103048,128.5587,0.880938,0.0,120.89,0.0,0.993633,0.006367,51200,6582207,731,9404,93,348,290,1041
14000,42.79,27.833,1.351221,1.296143,0.055078,1.418701,1.27478,0.07644,128.482,0.879961,0.0,120.8045,0.0,0.992402,0.007598,51200,6578279,794,9534,93,348,284,1041
14050,42.924,27.91,1.359383,1.303589,0.055794,1.422241,1.285034,0.074348,128.53,0.876445,0.0,120.2662,0.0,0.993086,0.006914,51200,6580734,765,9861,93,348,281,1041
14100,43.054,27.986,1.466837,1.396851,0.069987,1.48999,1.368774,0.098063,128.5446,0.86709,0.0,118.7988,0.0,0.992832,0.007168,51200,6581485,783,11965,93,348,281,1041
14150,43.187,28.062,1.606452,1.498657,0.107795,1.588379,1.478027,0.128425,128.5022,0.849629,0.0,116.9756,0.0,0.992148,0.007852,51200,6579311,848,12710,93,348,279,1041
14200,43.316,28.138,1.513558,1.435791,0.077767,1.531128,1.418091,0.095468,128.7444,0.853184,0.0,116.7936,0.0,0.995566,0.004434,51200,6591715,765,11707,93,348,288,1044
14250,43.453,28.214,1.493943,1.438599,0.055344,1.531128,1.409302,0.084641,128.5537,0.849785,0.0,116.9476,0.0,0.993281,0.006719,51200,6581950,712,12231,93,348,288,1044
14300,43.581,28.289,1.475408,1.415771,0.059636,1.517578,1.395264,0.080144,128.7976,0.834316,0.0,117.3911,0.0,0.996953,0.003047,51200,6594438,794,12722,90,348,280,1044
14350,43.715,28.366,1.490711,1.443848,0.046863,1.547119,1.4198,0.070911,128.8199,0.823691,0.0,116.3219,0.0,0.996992,0.003008,51200,6595577,812,12520,93,348,280,1046
14400,43.847,28.443,1.461797,1.405518,0.056279,1.502075,1.373901,0.087895,130.5695,0.83502,0.013025,118.2473,0.000195,0.997676,0.002129,51200,6685157,751,12026,92,348,286,1048
14450,43.984,28.521,1.461056,1.401611,0.059445,1.492798,1.369141,0.091915,128.8759,0.852715,0.0,118.5456,0.0,0.998242,0.001758,51200,6598445,781,11597,96,348,285,1050
14500,44.113,28.596,1.423588,1.341064,0.082523,1.442383,1.32251,0.101078,128.9037,0.851328,0.0,118.395,0.0,0.998535,0.001465,51200,6599867,741,11351,94,348,283,1053
14550,44.242,28.671,1.335169,1.271362,0.063807,1.366089,1.247803,0.087367,128.9632,0.857988,0.0,119.0047,0.0,0.999355,0.000645,51200,6602914,753,10419,91,348,276,1053
14600,44.37,28.746,1.338535,1.25415,0.084384,1.3573,1.227295,0.11124,128.8944,0.856797,0.0,119.8767,0.0,0.998438,0.001562,51200,6599395,821,10381,94,348,281,1053
14650,44.503,28.821,1.251505,1.227173,0.024332,1.338501,1.191284,0.060221,128.8589,0.841191,0.0,119.875,0.0,0.997617,0.002383,51200,6597576,812,9663,92,348,283,1053
14700,44.631,28.896,1.279363,1.225342,0.054021,1.326538,1.193359,0.086004,128.9137,0.833652,0.0,119.9511,0.0,0.998652,0.001348,51200,6600380,807,9586,92,348,283,1053
14750,44.761,28.97,1.165793,1.127319,0.038473,1.236572,1.081055,0.084738,128.7701,0.836406,0.0,121.1828,0.0,0.996367,0.003633,51200,6593030,750,7930,92,348,288,1062
14800,44.892,29.045,1.232685,1.194214,0.038471,1.291016,1.157349,0.075336,128.8566,0.850469,0.0,122.0138,0.0,0.997832,0.002168,51200,6597456,782,9067,93,348,281,1062
14850,45.022,29.12,1.134344,1.127441,0.006902,1.233521,1.08728,0.047064,128.857,0.842285,0.0,121.7967,0.0,0.997734,0.002266,51200,6597476,845,7900,93,348,291,1074
14900,45.149,29.196,1.009973,1.035278,-0.025305,1.135986,0.99292,0.017053,128.8826,0.843398,0.0,123.1154,0.0,0.998164,0.001836,51200,6598791,785,7367,93,348,307,1086
14950,45.273,29.27,1.011127,1.036865,-0.025738,1.140381,1.007446,0.00368,128.8591,0.841191,0.0,123.0008,0.0,0.997793,0.002207,51200,6597587,768,7546,92,348,289,1086
15000,45.398,29.343,0.974088,1.016602,-0.042514,1.122314,0.973022,0.001065,128.9119,0.829316,0.0,122.9121,0.0,0.998652,0.001348,51200,6600288,798,7220,83,348,265,1087
15050,45.526,29.416,1.055956,1.106934,-0.050977,1.207764,1.061401,-0.005445,128.756,0.823066,0.0,122.6758,0.0,0.996211,0.003789,51200,6592305,776,8537,88,351,266,1089
15100,45.656,29.49,1.017872,1.118408,-0.100536,1.21936,1.06958,-0.051708,128.8558,0.821406,0.0,122.7622,0.0,0.998047,0.001953,51200,6597415,826,7542,92,353,268,1090
15150,45.784,29.563,0.985145,1.040527,-0.055382,1.144043,0.992065,-0.00692,128.8268,0.835176,0.0,123.8518,0.0,0.997402,0.002598,51200,6595933,785,7049,90,354,266,1090
15200,45.915,29.637,1.021182,1.07251,-0.051328,1.173096,1.024658,-0.003477,128.899,0.853516,0.0,123.6511,0.0,0.998516,0.001484,51200,6599630,787,7354,84,354,255,1093
15250,46.047,29.711,1.093159,1.125244,-0.032085,1.223511,1.080933,0.012226,128.9219,0.863105,0.0,123.5694,0.0,0.998945,0.001055,51200,6600803,806,8225,85,354,264,1099
15300,46.176,29.786,1.095821,1.110107,-0.014286,1.206665,1.065186,0.030635,128.983,0.861719,0.0,122.9827,0.0,0.999688,0.000312,51200,6603929,796,7718,94,354,274,1099
15350,46.305,29.86,1.142694,1.134888,0.007807,1.234131,1.100952,0.041742,128.9729,0.852812,0.0,122.575,0.0,0.999551,0.000449,51200,6603415,789,8555,94,354,280,1099
15400,46.435,29.935,1.225318,1.213135,0.012183,1.317261,1.175049,0.050269,128.8224,0.862793,0.0,121.7722,0.0,0.99707,0.00293,51200,6595708,791,9280,94,354,272,1099
15450,46.567,30.01,1.280366,1.286865,-0.0065,1.390015,1.255981,0.024384,128.867,0.853906,0.0,120.4034,0.0,0.997871,0.002129,51200,6597990,757,10499,93,354,272,1099
15500,46.697,30.084,1.374181,1.326782,0.047399,1.427002,1.292969,0.081212,128.9504,0.842129,0.0,119.6499,0.0,0.999219,0.000781,51200,6602262,765,11206,93,354,274,1099
15550,46.83,30.16,1.490548,1.400513,0.090035,1.505615,1.372559,0.117989,128.8226,0.838047,0.0,118.2372,0.0,0.997168,0.002832,51200,6595717,795,12198,94,354,279,1102
15600,46.965,30.235,1.367035,1.288452,0.078583,1.380859,1.250244,0.116791,128.8437,0.842539,0.0,118.8938,0.0,0.99748,0.00252,51200,6596796,798,10446,93,354,280,1104
15650,47.106,30.317,1.311745,1.306152,0.005593,1.416504,1.267822,0.043923,128.781,0.84957,0.0,119.55,0.0,0.996895,0.003105,51200,6593586,815,10544,93,354,284,1104
15700,47.238,30.393,1.3196,1.239136,0.080464,1.334229,1.211304,0.108296,128.8489,0.859453,0.0,120.0151,0.0,0.997598,0.002402,51200,6597063,731,10160,93,354,279,1105
15750,47.375,30.471,1.331663,1.297974,0.033689,1.392212,1.256348,0.075315,139.3874,0.862695,0.077444,130.5007,0.001328,0.993594,0.005078,51200,7136633,808,10533,94,354,284,1111
15800,47.505,30.547,1.216396,1.191284,0.025112,1.280884,1.14917,0.067226,128.7427,0.877949,0.000482,119.9582,0.0,0.995117,0.004883,51200,6591627,743,9092,95,355,282,1113
15850,47.638,30.623,1.179378,1.169556,0.009822,1.263184,1.124634,0.054744,128.958,0.878027,0.0,121.2421,0.0,0.999375,0.000625,51200,6602651,809,8997,93,355,283,1113
15900,47.773,30.699,1.192047,1.180542,0.011505,1.270996,1.134277,0.05777,128.8861,0.879648,0.0,121.7053,0.0,0.998086,0.001914,51200,6598969,733,8506,93,355,285,1113
15950,47.911,30.776,1.120126,1.164917,-0.044791,1.263062,1.120605,-0.000479,128.8253,0.884844,0.0,122.4429,0.0,0.997148,0.002852,51200,6595854,828,7916,93,355,296,1115
16000,48.044,30.851,1.109622,1.115845,-0.006223,1.21814,1.070923,0.038699,128.8418,0.888184,0.0,122.9266,0.0,0.997656,0.002344,51200,6596699,751,8047,93,355,284,1115
16050,48.173,30.926,1.077319,1.078125,-0.000806,1.182861,1.034058,0.043261,128.8336,0.877676,0.0,123.1073,0.0,0.997539,0.002461,51200,6596279,722,7915,93,355,278,1115
16100,48.304,31.002,1.170783,1.145386,0.025397,1.250488,1.109253,0.06153,128.7449,0.863984,0.0,122.2567,0.0,0.996113,0.003887,51200,6591738,829,8982,91,355,277,1120
16150,48.436,31.077,1.396726,1.2854,0.111326,1.410278,1.255127,0.141599,128.7426,0.869219,0.0,120.44,0.0,0.995859,0.004141,51200,6591621,789,11009,91,355,277,1120
16200,48.576,31.158,1.306965,1.255371,0.051594,1.366699,1.234863,0.072101,128.9817,0.868281,0.0,119.715,0.0,0.999707,0.000293,51200,6603861,854,10233,91,355,273,1120
16250,48.715,31.24,1.268244,1.219727,0.048517,1.329346,1.186279,0.081964,128.9452,0.867441,0.0,120.4997,0.0,0.999199,0.000801,51200,6601996,769,9399,91,355,273,1120
16300,48.846,31.317,1.168635,1.166382,0.002254,1.26416,1.127319,0.041316,128.9193,0.863203,0.0,121.646,0.0,0.998789,0.001211,51200,6600667,735,9207,91,355,270,1120
16350,48.979,31.394,1.289747,1.25293,0.036817,1.359619,1.216309,0.073439,128.8868,0.836855,0.0,120.7362,0.0,0.998203,0.001797,51200,6599003,806,10534,91,355,282,1124
16400,49.109,31.469,1.263706,1.244873,0.018833,1.340454,1.209106,0.0546,128.8842,0.819414,0.0,120.1196,0.0,0.998242,0.001758,51200,6598870,818,10310,93,355,290,1129
16450,49.243,31.546,1.403629,1.343872,0.059757,1.444946,1.312622,0.091007,128.7611,0.816562,0.0,119.9799,0.0,0.996387,0.003613,51200,6592570,778,11758,93,355,299,1137
16500,49.376,31.622,1.395434,1.358887,0.036548,1.456177,1.320923,0.074511,128.8756,0.820391,0.0,119.5943,0.0,0.997852,0.002148,51200,6598430,769,12140,93,355,294,1141
16550,49.508,31.698,1.349513,1.303345,0.046168,1.399292,1.27832,0.071192,128.8609,0.817168,0.0,119.6391,0.0,0.997754,0.002246,51200,6597679,768,11391,94,355,293,1145
16600,49.643,31.774,1.278211,1.286377,-0.008166,1.391724,1.245728,0.032483,128.7023,0.821953,0.0,120.4444,0.0,0.995449,0.004551,51200,6589556,824,10879,93,355,282,1147
16650,49.775,31.849,1.228957,1.22876,0.000197,1.329834,1.191162,0.037795,128.7277,0.848438,0.0,121.0102,0.0,0.995488,0.004512,51200,6590860,769,9903,92,355,286,1147
16700,49.906,31.925,1.205765,1.212402,-0.006637,1.31189,1.169067,0.036698,128.7295,0.82168,0.0,121.2911,0.0,0.996035,0.003965,51200,6590952,812,9861,92,355,297,1148
16750,50.037,32.001,1.153207,1.187988,-0.034782,1.283813,1.156006,-0.002799,128.8377,0.841133,0.0,121.739,0.0,0.99752,0.00248,51200,6596488,743,9483,92,355,282,1148
16800,50.167,32.075,1.145479,1.126343,0.019136,1.224854,1.081665,0.063814,128.806,0.852285,0.0,122.0774,0.0,0.996973,0.003027,51200,6594869,803,8328,92,355,288,1155
16850,50.298,32.15,1.102463,1.098755,0.003708,1.212891,1.059814,0.042648,128.8421,0.861426,0.0,122.631,0.0,0.997559,0.002441,51200,6596718,768,7691,92,355,279,1155
16900,50.431,32.227,1.162843,1.166626,-0.003783,1.266479,1.122437,0.040407,130.5289,0.857676,0.01209,124.0526,0.000195,0.999141,0.000664,51200,6683082,799,8623,92,355,279,1155
16950,50.563,32.302,1.113762,1.12793,-0.014167,1.234497,1.091675,0.022087,128.8215,0.86918,0.0,122.3065,0.0,0.99709,0.00291,51200,6595660,747,8609,94,356,281,1155
17000,50.696,32.377,1.176371,1.162231,0.01414,1.26355,1.121826,0.054545,128.673,0.84752,0.0,122.2439,0.0,0.994961,0.005039,51200,6588058,766,8625,93,356,278,1155
17050,50.831,32.453,1.172685,1.174316,-0.001632,1.282837,1.136719,0.035966,128.4849,0.851426,0.0,121.9539,0.0,0.992441,0.007559,51200,6578426,820,8943,93,356,274,1155
17100,50.961,32.527,1.135292,1.140747,-0.005455,1.241943,1.098145,0.037147,128.7024,0.863867,0.0,122.0118,0.0,0.995156,0.004844,51200,6589562,743,8356,93,356,280,1155
17150,51.094,32.602,1.171375,1.158325,0.013049,1.246704,1.114624,0.056751,128.8262,0.846367,0.0,122.2874,0.0,0.997363,0.002637,51200,6595903,767,8478,93,356,282,1156
17200,51.253,32.693,1.148611,1.129639,0.018972,1.228516,1.08252,0.066091,128.9121,0.867852,0.0,122.4981,0.0,0.998652,0.001348,51200,6600300,747,8122,93,356,296,1156
17250,51.389,32.77,1.017679,1.06665,-0.048972,1.165161,1.016968,0.000711,129.1809,0.894277,0.001505,123.5485,2e-05,0.999746,0.000234,51200,6614060,777,7044,93,356,296,1161
17300,51.518,32.845,0.955079,1.017944,-0.062865,1.121338,0.970337,-0.015257,128.9876,0.888789,0.0,124.6958,0.0,0.999785,0.000215,51200,6604163,746,6459,93,356,291,1161
17350,51.652,32.92,1.003737,1.057007,-0.05327,1.162231,1.008301,-0.004564,128.9119,0.882129,0.0,124.7448,0.0,0.99873,0.00127,51200,6600287,795,7020,93,356,284,1161
17400,51.784,32.995,1.089949,1.119263,-0.029314,1.222534,1.076416,0.013533,128.8855,0.86373,0.0,124.0191,0.0,0.998262,0.001738,51200,6598939,762,8073,93,356,283,1161
17450,51.916,33.071,1.224139,1.15271,0.071429,1.250977,1.105347,0.118792,128.7208,0.867031,0.0,122.5187,0.0,0.995449,0.004551,51200,6590506,807,8854,93,356,281,1162
17500,52.049,33.147,1.124191,1.108521,0.01567,1.216553,1.073486,0.050704,130.6941,0.850508,0.015776,124.6123,0.000254,0.994277,0.005469,51200,6691536,819,7775,93,356,287,1168
17550,52.182,33.223,1.101723,1.096191,0.005532,1.203369,1.043701,0.058022,128.4382,0.873164,0.0,123.3035,0.0,0.991504,0.008496,51200,6576036,786,7191,93,356,293,1172
17600,52.317,33.298,1.069987,1.104858,-0.034871,1.221436,1.059448,0.010539,128.6387,0.872598,0.0,123.4197,0.0,0.994258,0.005742,51200,6586302,770,6979,94,357,294,1173
17650,52.45,33.373,1.126175,1.132202,-0.006027,1.241821,1.084351,0.041825,128.9122,0.884531,0.0,123.3713,0.0,0.998398,0.001602,51200,6600307,851,7672,93,357,295,1174
17700,52.582,33.449,1.16559,1.139771,0.02582,1.249023,1.104492,0.061098,128.8273,0.880234,0.0,122.8671,0.0,0.997422,0.002578,51200,6595959,817,8467,93,357,293,1174
17750,52.712,33.524,1.262354,1.230835,0.031519,1.328857,1.194214,0.06814,128.9653,0.863555,0.0,121.892,0.0,0.999434,0.000566,51200,6603021,784,9779,93,357,289,1174
17800,52.84,33.6,1.471784,1.388062,0.083722,1.480469,1.363892,0.107892,128.8695,0.861855,0.0,119.4061,0.0,0.998066,0.001934,51200,6598120,785,12398,93,357,277,1174
17850,52.968,33.676,1.524428,1.422729,0.101698,1.515015,1.406006,0.118422,128.9479,0.849043,0.0,117.8573,0.0,0.999219,0.000781,51200,6602132,797,12943,92,357,276,1175
17900,53.099,33.752,1.551987,1.439697,0.112289,1.533936,1.421997,0.12999,128.8874,0.846934,0.0,116.7442,0.0,0.998164,0.001836,51200,6599034,803,12743,92,357,278,1176
17950,53.23,33.829,1.42931,1.332153,0.097156,1.438965,1.318115,0.111194,132.8979,0.834199,0.031033,119.0116,0.000508,0.996602,0.002891,51200,6804375,806,10849,93,357,276,1176
18000,53.359,33.905,1.340599,1.283081,0.057518,1.381226,1.262329,0.07827,130.3238,0.838613,0.012164,119.7911,0.000195,0.995996,0.003809,51200,6672580,771,10283,93,357,275,1177
18050,53.491,33.98,1.392073,1.295898,0.096175,1.414429,1.281738,0.110335,128.6676,0.861973,0.0,119.8806,0.0,0.99498,0.00502,51200,6587783,789,10481,94,357,277,1177
18100,53.621,34.056,1.330267,1.249634,0.080633,1.3573,1.228027,0.10224,128.6728,0.870781,0.0,119.6772,0.0,0.994785,0.005215,51200,6588048,803,9438,94,357,274,1177
18150,53.755,34.132,1.410594,1.339111,0.071482,1.451294,1.326782,0.083811,128.6981,0.873828,0.0,119.7492,0.0,0.995254,0.004746,51200,6589343,818,10420,95,357,274,1177
18200,53.891,34.209,1.464147,1.357056,0.107092,1.469482,1.338135,0.126012,128.2714,0.884141,0.0,119.075,0.0,0.989336,0.010664,51200,6567498,868,10962,94,357,277,1179
18250,54.023,34.285,1.457188,1.3479,0.109287,1.45874,1.318115,0.139072,128.7668,0.869902,0.00235,118.643,2e-05,0.992148,0.007832,51200,6592858,798,11064,94,357,292,1182
18300,54.167,34.372,1.470748,1.380127,0.090621,1.49231,1.359497,0.111251,128.3565,0.864023,0.0,118.4228,0.0,0.990996,0.009004,51200,6571854,763,11047,94,357,279,1182
18350,54.298,34.447,1.426138,1.334839,0.091299,1.447754,1.316772,0.109365,128.3727,0.852578,0.001246,118.4716,2e-05,0.989414,0.010566,51200,6572680,803,10860,93,357,270,1182
18400,54.429,34.522,1.432814,1.355347,0.077467,1.458984,1.327026,0.105788,128.4048,0.847363,0.0,118.6921,0.0,0.991738,0.008262,51200,6574324,801,11073,91,357,269,1182
18450,54.561,34.597,1.37434,1.294922,0.079418,1.403442,1.2677,0.10664,128.7147,0.83668,0.0,119.0997,0.0,0.996094,0.003906,51200,6590194,796,10441,92,357,269,1182
18500,54.697,34.674,1.337852,1.310547,0.027305,1.418213,1.273926,0.063926,128.5536,0.842109,0.0,119.5046,0.0,0.99373,0.00627,51200,6581944,783,10046,90,357,269,1182
18550,54.834,34.75,1.223256,1.223999,-0.000743,1.326416,1.177979,0.045277,128.3878,0.858867,0.0,120.8434,0.0,0.990547,0.009453,51200,6573454,738,9096,90,357,290,1201
18600,54.968,34.825,1.170076,1.165894,0.004182,1.275757,1.124512,0.045564,128.7402,0.8625,0.0,122.0028,0.0,0.99582,0.00418,51200,6591496,763,8477,89,357,285,1201
18650,55.099,34.9,1.074304,1.107422,-0.033118,1.206055,1.060913,0.013391,128.8476,0.865566,0.0,122.5932,0.0,0.997988,0.002012,51200,6596998,716,7508,90,357,276,1201
18700,55.227,34.975,1.010917,1.05603,-0.045113,1.156616,1.009766,0.001151,128.6684,0.857363,0.0,123.0678,0.0,0.994551,0.005449,51200,6587823,818,7207,92,357,270,1201
18750,55.359,35.051,1.102021,1.115112,-0.013091,1.209961,1.071411,0.03061,128.7562,0.852422,0.0,123.3324,0.0,0.996055,0.003945,51200,6592315,837,8423,92,357,270,1201
18800,55.493,35.126,1.156897,1.165039,-0.008142,1.264771,1.117798,0.039099,128.8108,0.835449,0.0,122.5918,0.0,0.997207,0.002793,51200,6595111,772,8673,93,357,271,1201
18850,55.623,35.201,1.216355,1.166382,0.049974,1.263184,1.127319,0.089036,128.6407,0.84418,0.0,121.9161,0.0,0.994375,0.005625,51200,6586404,793,9514,93,357,278,1201
18900,55.757,35.278,1.193647,1.205688,-0.012042,1.302612,1.167969,0.025678,131.4727,0.840391,0.020506,124.0189,0.000332,0.996387,0.003281,51200,6731401,769,9512,94,357,287,1209
18950,55.889,35.354,1.293974,1.248047,0.045927,1.342285,1.217529,0.076445,132.7766,0.836074,0.029829,124.8713,0.000488,0.997051,0.002461,51200,6798160,816,10220,94,357,287,1213
19000,56.019,35.429,1.22837,1.220459,0.007911,1.320923,1.182251,0.046119,129.7138,0.843672,0.006372,121.1079,9.8e-05,0.998242,0.00166,51200,6641348,774,9305,94,357,285,1215
19050,56.15,35.504,1.216731,1.184448,0.032283,1.292114,1.140381,0.076351,128.9888,0.84418,0.0,121.272,0.0,0.999766,0.000234,51200,6604228,823,9165,94,357,291,1223
19100,56.283,35.581,1.180216,1.165649,0.014567,1.270264,1.117676,0.06254,128.7354,0.844531,0.0,121.9538,0.0,0.995742,0.004258,51200,6591253,787,8697,93,357,279,1223
19150,56.419,35.656,1.18752,1.178833,0.008687,1.2854,1.13147,0.056051,128.7025,0.847051,0.0,121.8787,0.0,0.995566,0.004434,51200,6589569,773,8851,93,357,277,1224
19200,56.555,35.732,1.25173,1.244629,0.007101,1.348267,1.208008,0.043722,128.7616,0.858047,0.0,121.1442,0.0,0.995977,0.004023,51200,6592592,807,10054,93,357,277,1229
19250,56.687,35.809,1.356126,1.30957,0.046555,1.403198,1.280396,0.07573,128.5984,0.853652,0.0,119.7456,0.0,0.993965,0.006035,51200,6584240,779,10574,94,357,273,1230
19300,56.814,35.884,1.261434,1.218018,0.043416,1.327271,1.190796,0.070638,128.8287,0.840039,0.0,119.6823,0.0,0.997402,0.002598,51200,6596028,775,9667,91,357,269,1230
19350,56.947,35.96,1.303616,1.254272,0.049344,1.348877,1.221558,0.082059,128.7554,0.862871,0.0,120.677,0.0,0.996094,0.003906,51200,6592278,777,9507,90,357,275,1232
19400,57.087,36.037,1.364501,1.265869,0.098631,1.364258,1.233643,0.130858,128.634,0.873145,0.0,120.055,0.0,0.994336,0.005664,51200,6586061,809,10057,91,357,275,1232
19450,57.226,36.113,1.236599,1.197266,0.039334,1.300049,1.159058,0.077542,128.6773,0.879727,0.0,121.0007,0.0,0.994492,0.005508,51200,6588277,764,8729,91,357,278,1234
19500,57.38,36.206,1.146408,1.123901,0.022506,1.22583,1.079468,0.06694,128.8133,0.871426,0.0,122.5189,0.0,0.997188,0.002812,51200,6595242,748,7612,90,357,276,1234
19550,57.512,36.281,1.095649,1.0979,-0.002252,1.216553,1.061523,0.034125,128.8586,0.875508,0.0,122.5752,0.0,0.997734,0.002266,51200,6597559,718,7237,90,357,280,1234
19600,57.643,36.355,1.075189,1.088135,-0.012946,1.188599,1.045898,0.02929,128.7413,0.875156,0.0,123.0458,0.0,0.996309,0.003691,51200,6591556,800,6854,93,357,286,1239
19650,57.776,36.43,1.123536,1.129517,-0.00598,1.239014,1.087036,0.0365,128.7294,0.872715,0.0,122.3148,0.0,0.995625,0.004375,51200,6590944,825,7870,93,357,277,1239
19700,57.904,36.504,1.084092,1.087891,-0.003799,1.190308,1.054443,0.029648,128.9479,0.865684,0.0,123.1608,0.0,0.999102,0.000898,51200,6602131,741,7398,93,357,276,1239
19750,58.039,36.579,1.074839,1.094849,-0.020009,1.204712,1.060059,0.014781,128.8293,0.859746,0.0,123.0456,0.0,0.997344,0.002656,51200,6596061,779,6769,94,357,277,1239
19800,58.169,36.654,1.226995,1.171509,0.055486,1.275391,1.141235,0.08576,128.9196,0.855488,0.0,122.7178,0.0,0.998848,0.001152,51200,6600686,741,9176,93,357,273,1239
19850,58.303,36.73,1.389441,1.310791,0.07865,1.420654,1.285156,0.104285,128.9898,0.842754,0.0,120.8676,0.0,0.999844,0.000156,51200,6604276,831,10128,93,357,271,1239
19900,58.432,36.808,1.480446,1.334595,0.145852,1.427979,1.324585,0.155862,128.8623,0.838691,0.0,119.0222,0.0,0.997656,0.002344,51200,6597751,733,10977,93,357,271,1239
19950,58.57,36.888,1.556735,1.401001,0.155734,1.508057,1.394653,0.162082,128.8459,0.833926,0.0,118.0342,0.0,0.997617,0.002383,51200,6596910,767,11255,94,357,275,1243
20000,58.702,36.966,1.509113,1.393677,0.115436,1.506226,1.378296,0.130817,128.897,0.844746,0.0,118.0162,0.0,0.998535,0.001465,51200,6599524,806,11779,94,357,273,1243
20050,58.842,37.049,1.546505,1.469727,0.076779,1.574341,1.441895,0.104611,128.7706,0.844395,0.0,117.2484,0.0,0.996543,0.003457,51200,6593057,773,12543,93,357,274,1244
20100,58.975,37.125,1.633808,1.548218,0.08559,1.643311,1.529663,0.104145,128.8049,0.867676,0.0,116.4797,0.0,0.996758,0.003242,51200,6594811,801,13795,93,357,272,1244
20150,59.106,37.201,1.558808,1.498901,0.059906,1.58667,1.46521,0.093598,128.7102,0.855547,0.0,116.079,0.0,0.995879,0.004121,51200,6589963,744,13627,94,357,273,1244
20200,59.235,37.277,1.460279,1.411011,0.049268,1.51416,1.386353,0.073926,128.6175,0.828633,0.0,116.7202,0.0,0.994023,0.005977,51200,6585216,776,12747,93,357,279,1251
20250,59.367,37.352,1.473799,1.404053,0.069746,1.507324,1.38269,0.091108,128.4862,0.821465,0.0,117.3541,0.0,0.991719,0.008281,51200,6578494,786,12557,100,357,281,1251
20300,59.496,37.427,1.441079,1.357178,0.083901,1.455078,1.330811,0.110268,128.6321,0.822324,0.0,117.6361,0.0,0.994531,0.005469,51200,6585965,768,12106,98,357,277,1256
20350,59.624,37.502,1.30971,1.238159,0.071551,1.338989,1.208862,0.100847,128.6755,0.815938,0.0,118.8614,0.0,0.994844,0.005156,51200,6588187,796,10632,92,357,263,1256
20400,59.754,37.576,1.2771,1.276367,0.000733,1.383911,1.24939,0.027711,128.7578,0.818281,0.0,119.7875,0.0,0.996289,0.003711,51200,6592401,856,10498,94,357,275,1264
20450,59.881,37.65,1.319077,1.301392,0.017685,1.410645,1.274048,0.045029,128.6635,0.822109,0.0,119.3412,0.0,0.994785,0.005215,51200,6587573,798,11189,93,357,272,1272
20500,60.011,37.724,1.450708,1.407593,0.043116,1.504395,1.382568,0.06814,128.3491,0.801953,0.0,117.7633,0.0,0.990078,0.009922,51200,6571475,810,12811,94,357,277,1277
20550,60.145,37.801,1.525549,1.477173,0.048376,1.562622,1.446411,0.079138,137.3276,0.813047,0.065947,125.2812,0.001113,0.98918,0.009707,51200,7031173,814,13434,94,357,265,1277
20600,60.288,37.884,1.498109,1.404785,0.093324,1.511353,1.370361,0.127747,135.1586,0.823984,0.049376,123.6546,0.00082,0.991875,0.007305,51200,6920119,784,12399,90,357,271,1282
20650,60.42,37.959,1.379323,1.31311,0.066213,1.412964,1.283936,0.095388,128.8146,0.821758,0.0,118.9944,0.0,0.997285,0.002715,51200,6595308,706,11110,106,357,288,1290
20700,60.55,38.034,1.270292,1.226807,0.043485,1.329712,1.19104,0.079252,128.874,0.830352,0.0,120.1946,0.0,0.998047,0.001953,51200,6598351,751,9587,94,357,271,1298
20750,60.68,38.108,1.177772,1.159058,0.018714,1.261963,1.119385,0.058387,128.8687,0.841641,0.0,121.6313,0.0,0.998008,0.001992,51200,6598076,791,8328,94,357,278,1299
20800,60.815,38.183,1.081395,1.111816,-0.030422,1.220093,1.068726,0.012669,128.8677,0.858379,0.0,123.3363,0.0,0.997871,0.002129,51200,6598027,770,7379,93,357,280,1299
20850,60.945,38.257,0.989726,1.04895,-0.059224,1.151978,1.001709,-0.011983,129.1144,0.864258,0.002689,124.1215,3.9e-05,0.99625,0.003711,51200,6610658,812,6976,94,357,280,1300
20900,61.075,38.332,1.117936,1.107544,0.010392,1.203125,1.059937,0.058,128.8484,0.865645,0.0,123.9675,0.0,0.997637,0.002363,51200,6597038,790,8156,93,357,280,1300
20950,61.207,38.408,1.214691,1.219604,-0.004913,1.323364,1.189087,0.025604,128.956,0.866074,0.0,121.9584,0.0,0.999219,0.000781,51200,6602546,745,10065,90,357,277,1301
21000,61.338,38.483,1.215711,1.203979,0.011732,1.301392,1.164551,0.05116,128.9384,0.855996,0.0,121.0871,0.0,0.998984,0.001016,51200,6601647,816,9166,90,357,279,1301
21050,61.467,38.558,1.256035,1.2229,0.033135,1.338989,1.189331,0.066704,128.9871,0.836387,0.0,121.0659,0.0,0.999844,0.000156,51200,6604140,783,10200,89,357,281,1310
21100,61.595,38.632,1.171001,1.150024,0.020977,1.252197,1.112915,0.058086,128.8981,0.831016,0.0,121.5712,0.0,0.998574,0.001426,51200,6599581,800,9503,89,357,285,1314
21150,61.725,38.707,1.273126,1.22168,0.051446,1.320801,1.177734,0.095392,128.8345,0.829121,0.0,121.4319,0.0,0.997598,0.002402,51200,6596327,799,10491,89,357,288,1317
21200,61.858,38.782,1.178736,1.174194,0.004542,1.278076,1.122925,0.055812,128.7653,0.829824,0.0,121.0755,0.0,0.996348,0.003652,51200,6592781,781,9252,91,357,287,1317
21250,61.988,38.857,1.201206,1.188965,0.012242,1.292847,1.154785,0.046421,128.8712,0.825723,0.0,121.7634,0.0,0.99793,0.00207,51200,6598205,792,9452,91,357,282,1317
21300,62.118,38.933,1.257681,1.217651,0.04003,1.326782,1.19458,0.063101,128.846,0.826406,0.0,121.1545,0.0,0.997754,0.002246,51200,6596914,780,10280,88,357,279,1321
21350,62.247,39.008,1.209802,1.158691,0.051111,1.26709,1.126465,0.083337,128.8822,0.841641,0.0,121.0695,0.0,0.997988,0.002012,51200,6598768,831,8910,88,357,285,1329
21400,62.375,39.082,1.090032,1.089111,0.000921,1.188477,1.05249,0.037542,128.6826,0.860723,0.0,122.2212,0.0,0.995566,0.004434,51200,6588550,808,8256,87,357,291,1331
21450,62.507,39.156,1.066992,1.144653,-0.077662,1.248901,1.105957,-0.038965,128.6543,0.853008,0.0,122.5225,0.0,0.994375,0.005625,51200,6587098,771,8262,87,357,289,1331
21500,62.635,39.232,1.113885,1.124634,-0.010749,1.217529,1.083374,0.030511,128.515,0.845605,0.0,122.227,0.0,0.99252,0.00748,51200,6579967,753,8660,86,357,286,1332
21550,62.767,39.308,1.17397,1.157959,0.016012,1.254639,1.116577,0.057393,128.5715,0.843887,0.0,121.9779,0.0,0.993242,0.006758,51200,6582862,849,9559,88,357,280,1332
21600,62.901,39.384,1.194219,1.181763,0.012457,1.281616,1.140869,0.05335,128.8872,0.838105,0.0,121.4249,0.0,0.99832,0.00168,51200,6599024,790,9431,91,357,279,1333
21650,63.038,39.46,1.15651,1.136841,0.01967,1.236328,1.095093,0.061418,128.9004,0.856133,0.0,121.934,0.0,0.998652,0.001348,51200,6599698,745,8990,91,357,283,1334
21700,63.185,39.552,1.147243,1.136719,0.010525,1.237549,1.092896,0.054348,128.6441,0.851699,0.0,122.3561,0.0,0.994277,0.005723,51200,6586577,743,8637,91,357,289,1334
21750,63.314,39.627,1.123805,1.129761,-0.005955,1.223267,1.084595,0.039211,128.717,0.839062,0.0,122.1393,0.0,0.995371,0.004629,51200,6590310,782,8780,90,357,282,1334
21800,63.44,39.701,1.053572,1.089111,-0.03554,1.181763,1.040161,0.013411,128.8604,0.837461,0.0,122.5804,0.0,0.99793,0.00207,51200,6597653,788,8305,91,357,285,1339
21850,63.567,39.775,1.039257,1.069946,-0.03069,1.168579,1.027466,0.011791,128.9233,0.810645,0.0,122.8692,0.0,0.998926,0.001074,51200,6600874,772,7861,92,357,282,1343
21900,63.697,39.849,1.094612,1.125854,-0.031243,1.224365,1.086914,0.007698,128.9094,0.822891,0.0,122.9723,0.0,0.998457,0.001543,51200,6600163,812,8161,92,357,279,1344
21950,63.832,39.924,1.096829,1.152344,-0.055515,1.262207,1.106201,-0.009372,128.9143,0.841914,0.0,122.9679,0.0,0.998613,0.001387,51200,6600413,763,8179,90,357,279,1345
22000,63.963,39.999,1.086741,1.088745,-0.002004,1.188354,1.041138,0.045604,128.9682,0.863535,0.0,123.6652,0.0,0.999551,0.000449,51200,6603172,763,7786,91,357,279,1346
22050,64.096,40.074,1.14751,1.141846,0.005664,1.23877,1.094604,0.052906,128.8173,0.854609,0.0,123.3507,0.0,0.997305,0.002695,51200,6595447,765,8656,92,357,277,1346
22100,64.228,40.149,1.205847,1.155884,0.049963,1.263916,1.126953,0.078894,128.9383,0.847559,0.0,122.4945,0.0,0.999121,0.000879,51200,6601642,805,9020,93,357,291,1360
22150,64.365,40.225,1.295036,1.285645,0.009392,1.388428,1.262939,0.032097,128.8921,0.853867,0.0,121.791,0.0,0.998262,0.001738,51200,6599278,813,10109,93,357,290,1360
22200,64.499,40.302,1.098226,1.1427,-0.044474,1.245483,1.10022,-0.001994,128.8083,0.848223,0.0,122.4918,0.0,0.996953,0.003047,51200,6594987,768,8684,93,357,290,1362
22250,64.627,40.377,1.057585,1.065796,-0.008211,1.157471,1.019653,0.037931,128.7131,0.850684,0.0,123.4801,0.0,0.99543,0.00457,51200,6590109,776,8834,88,357,295,1368
22300,64.759,40.452,1.193576,1.202881,-0.009305,1.300171,1.166138,0.027438,128.7939,0.844668,0.0,122.8271,0.0,0.99666,0.00334,51200,6594249,825,9856,88,357,293,1369
22350,64.891,40.528,1.144379,1.155884,-0.011505,1.260742,1.12439,0.01999,128.3949,0.837402,0.0,121.7171,0.0,0.991035,0.008965,51200,6573817,758,8616,88,357,282,1375
22400,65.021,40.602,1.21789,1.179443,0.038446,1.282593,1.147095,0.070795,128.3034,0.836113,0.0,121.5847,0.0,0.988945,0.011055,51200,6569133,791,9197,88,357,284,1376
22450,65.153,40.677,1.229907,1.188232,0.041675,1.290161,1.146973,0.082934,128.4378,0.826074,0.0,120.6958,0.0,0.991289,0.008711,51200,6576014,786,9503,87,357,282,1377
22500,65.29,40.752,1.213554,1.200439,0.013115,1.304565,1.164307,0.049248,128.7104,0.820957,0.0,120.9599,0.0,0.995176,0.004824,51200,6589972,795,9979,88,357,282,1377
22550,65.419,40.826,1.248162,1.199219,0.048943,1.301147,1.169312,0.07885,128.5395,0.814688,0.0,120.772,0.0,0.992988,0.007012,51200,6581222,754,10341,95,357,287,1379
22600,65.551,40.902,1.28841,1.278198,0.010211,1.378418,1.248047,0.040363,128.5308,0.800312,0.0,119.9732,0.0,0.992559,0.007441,51200,6580775,797,10652,98,358,291,1387
22650,65.682,40.979,1.455262,1.335938,0.119324,1.431396,1.315308,0.139954,128.5085,0.79916,0.0,119.2578,0.0,0.992441,0.007559,51200,6579637,724,12236,98,358,283,1387
22700,65.828,41.068,1.489121,1.401855,0.087266,1.51001,1.378296,0.110825,128.5865,0.797559,0.0,117.723,0.0,0.993496,0.006504,51200,6583629,782,12378,95,358,278,1391
22750,65.96,41.144,1.460882,1.364136,0.096746,1.474731,1.355835,0.105047,128.611,0.811152,0.0,117.3601,0.0,0.994043,0.005957,51200,6584884,763,12003,96,358,276,1392
22800,66.091,41.219,1.413559,1.362793,0.050766,1.463013,1.33252,0.081039,128.4531,0.801758,0.0,118.1304,0.0,0.991309,0.008691,51200,6576801,783,11855,96,358,275,1392
22850,66.222,41.294,1.440014,1.387451,0.052562,1.481445,1.348267,0.091747,128.6546,0.822207,0.0,117.9814,0.0,0.994434,0.005566,51200,6587116,752,12195,96,358,281,1398
22900,66.352,41.37,1.347742,1.298584,0.049158,1.39856,1.264404,0.083338,128.9713,0.839414,0.000341,118.8787,0.0,0.998672,0.001328,51200,6603332,742,10729,94,358,276,1402
22950,66.487,41.445,1.348669,1.321899,0.026769,1.428101,1.293091,0.055578,129.0,0.833398,0.0,119.4609,0.0,1.0,0.0,51200,6604800,805,11296,94,358,272,1402
23000,66.617,41.52,1.304188,1.27771,0.026478,1.378662,1.243042,0.061146,128.9952,0.826387,0.0,119.6534,0.0,0.999941,5.9e-05,51200,6604554,765,10824,95,358,273,1402
23050,66.752,41.596,1.361751,1.291382,0.07037,1.396362,1.262451,0.0993,128.897,0.820723,0.0,119.3647,0.0,0.998359,0.001641,51200,6599524,731,11053,95,358,290,1413
23100,66.887,41.672,1.348378,1.268433,0.079945,1.376343,1.230957,0.117421,128.7811,0.808809,0.0,119.7759,0.0,0.996738,0.003262,51200,6593592,776,10463,95,358,288,1413
23150,67.023,41.751,1.381915,1.313599,0.068317,1.416504,1.279907,0.102008,128.8751,0.818477,0.0,119.0125,0.0,0.998066,0.001934,51200,6598406,812,11860,95,358,281,1413
23200,67.159,41.828,1.401481,1.352295,0.049186,1.456421,1.316406,0.085075,128.8402,0.81502,0.0,118.5398,0.0,0.997617,0.002383,51200,6596620,767,11918,97,358,291,1416
23250,67.292,41.904,1.321206,1.271729,0.049477,1.376709,1.227661,0.093545,128.8546,0.840312,0.0,119.0673,0.0,0.997676,0.002324,51200,6597358,789,10678,95,358,286,1417
23300,67.427,41.981,1.297138,1.247437,0.049702,1.356567,1.2146,0.082538,128.8785,0.842227,0.0,120.1541,0.0,0.998125,0.001875,51200,6598577,768,10076,93,358,281,1417
23350,67.565,42.061,1.314112,1.28479,0.029322,1.38501,1.251709,0.062403,128.9426,0.82707,0.0,120.1777,0.0,0.999102,0.000898,51200,6601861,795,10275,93,358,279,1417
23400,67.696,42.136,1.215642,1.218872,-0.00323,1.318604,1.174438,0.041203,128.8685,0.818984,0.0,120.1891,0.0,0.997832,0.002168,51200,6598068,757,9603,93,358,279,1417
23450,67.827,42.211,1.320368,1.274536,0.045832,1.363037,1.239624,0.080744,128.8082,0.826484,0.0,120.1977,0.0,0.996953,0.003047,51200,6594979,792,10658,93,358,284,1417
23500,67.961,42.29,1.326544,1.230225,0.096319,1.317505,1.195435,0.131109,128.8701,0.827988,0.0,119.7446,0.0,0.998027,0.001973,51200,6598149,735,9821,93,358,279,1420
23550,68.092,42.365,1.178575,1.161621,0.016954,1.262939,1.125366,0.053209,128.8226,0.832402,0.0,120.6493,0.0,0.997383,0.002617,51200,6595715,765,8800,94,358,278,1420
23600,68.224,42.441,1.174258,1.161621,0.012637,1.271851,1.130737,0.043521,128.7746,0.831992,0.0,121.2127,0.0,0.996367,0.003633,51200,6593260,750,8500,95,358,271,1420
23650,68.356,42.516,1.27462,1.203125,0.071495,1.309692,1.169922,0.104698,128.9892,0.83752,0.0,121.3853,0.0,0.999863,0.000137,51200,6604246,750,9411,94,358,271,1420
23700,68.488,42.592,1.196808,1.162476,0.034333,1.268433,1.123657,0.073151,128.8344,0.833145,0.0,121.2744,0.0,0.997383,0.002617,51200,6596323,801,8895,94,358,273,1420
23750,68.632,42.666,1.212669,1.174927,0.037742,1.277222,1.137939,0.074729,128.7584,0.844824,0.0,121.4594,0.0,0.996211,0.003789,51200,6592428,768,8961,94,358,290,1430
23800,68.786,42.757,1.172365,1.138062,0.034303,1.244629,1.098755,0.07361,128.5938,0.836367,0.0,121.4074,0.0,0.993516,0.006484,51200,6584001,747,8651,94,358,293,1434
23850,68.919,42.832,1.20909,1.203735,0.005355,1.307373,1.164185,0.044906,128.8888,0.845137,0.0,121.8795,0.0,0.998281,0.001719,51200,6599108,821,9461,93,358,286,1435
23900,69.048,42.907,1.249288,1.206665,0.042623,1.314087,1.174194,0.075094,128.9717,0.839688,0.0,120.8632,0.0,0.999473,0.000527,51200,6603352,827,10014,93,358,292,1441
23950,69.179,42.981,1.361546,1.310425,0.051121,1.417358,1.284302,0.077244,128.7696,0.821836,0.0,119.6681,0.0,0.996836,0.003164,51200,6593006,764,11020,92,358,298,1447
24000,69.31,43.057,1.405465,1.344482,0.060983,1.442871,1.330444,0.075021,128.8813,0.821562,0.0,119.0879,0.0,0.998105,0.001895,51200,6598723,778,12094,92,358,293,1447
24050,69.444,43.133,1.511151,1.396729,0.114422,1.495605,1.381348,0.129803,128.9014,0.82625,0.0,117.8877,0.0,0.998496,0.001504,51200,6599754,795,12414,95,358,284,1447
24100,69.576,43.209,1.42321,1.344604,0.078606,1.457764,1.335938,0.087273,128.9784,0.8225,0.0,118.0094,0.0,0.999648,0.000352,51200,6603696,785,11682,101,358,280,1447
24150,69.706,43.284,1.426804,1.315918,0.110887,1.436035,1.309082,0.117722,128.8965,0.820039,0.0,118.8051,0.0,0.998379,0.001621,51200,6599503,750,11300,109,358,291,1447
24200,69.838,43.359,1.346893,1.267456,0.079437,1.378662,1.24585,0.101043,128.6324,0.812539,0.0,119.3518,0.0,0.994551,0.005449,51200,6585980,793,9834,94,358,293,1448
24250,69.967,43.433,1.269239,1.222534,0.046705,1.344116,1.196777,0.072462,128.7025,0.821582,0.001243,120.7464,2e-05,0.992754,0.007227,51200,6589570,764,9407,95,358,297,1448
24300,70.095,43.508,1.361705,1.30188,0.059825,1.400391,1.277222,0.084483,128.7505,0.827988,0.001242,120.2468,2e-05,0.993594,0.006387,51200,6592027,788,10851,94,358,295,1448
24350,70.236,43.585,1.50409,1.405029,0.09906,1.511963,1.385986,0.118103,134.707,0.805527,0.0448,124.3046,0.000742,0.994844,0.004414,51200,6896998,753,12352,93,358,287,1448
24400,70.386,43.678,1.459439,1.416504,0.042935,1.510132,1.385986,0.073453,143.6474,0.810879,0.103837,132.4777,0.001836,0.995605,0.002559,51200,7354748,780,12330,90,358,281,1448
24450,70.522,43.757,1.519383,1.429565,0.089818,1.53064,1.406982,0.112401,130.8459,0.808574,0.014554,119.777,0.000234,0.999199,0.000566,51200,6699311,796,12582,89,358,286,1451
24500,70.655,43.833,1.449407,1.375732,0.073674,1.484497,1.353394,0.096013,128.9836,0.810215,0.0,118.0724,0.0,0.999766,0.000234,51200,6603958,770,12230,94,358,287,1453
24550,70.791,43.911,1.411854,1.383057,0.028797,1.479736,1.348511,0.063343,143.4735,0.795195,0.101349,126.8912,0.001797,0.997988,0.000215,51200,7345841,784,12514,97,358,283,1453
24600,70.924,43.988,1.49894,1.429199,0.069741,1.516968,1.391602,0.107339,136.175,0.800781,0.054575,121.6322,0.000918,0.995605,0.003477,51200,6972159,771,12523,93,358,281,1453
24650,71.061,44.064,1.466796,1.403442,0.063354,1.503296,1.369873,0.096923,128.5694,0.824805,0.0,117.9552,0.0,0.993535,0.006465,51200,6582755,809,11984,93,358,282,1455
24700,71.196,44.141,1.394106,1.364502,0.029604,1.460938,1.329468,0.064639,128.9079,0.827129,0.0,118.9287,0.0,0.998535,0.001465,51200,6600082,821,11592,93,358,281,1455
24750,71.347,44.222,1.353106,1.327637,0.02547,1.420898,1.296265,0.056842,128.87,0.813496,0.0,119.5887,0.0,0.998008,0.001992,51200,6598145,807,11042,94,358,280,1455
24800,71.498,44.308,1.332733,1.318237,0.014496,1.423096,1.292236,0.040497,128.6763,0.812578,0.0,118.8667,0.0,0.994883,0.005117,51200,6588229,782,10918,94,358,278,1455
24850,71.632,44.385,1.28101,1.25061,0.0304,1.353638,1.216797,0.064213,128.7628,0.81248,0.0,120.5316,0.0,0.996289,0.003711,51200,6592655,780,9247,94,358,276,1455
24900,71.761,44.46,1.214498,1.184204,0.030294,1.290283,1.143433,0.071066,132.7481,0.828848,0.029862,124.3554,0.000391,0.995977,0.003633,51200,6796702,732,9384,92,358,283,1460
24950,71.891,44.537,1.161099,1.15918,0.00192,1.255981,1.116699,0.0444,143.4284,0.809512,0.101895,132.2779,0.001543,0.995117,0.00334,51200,7343532,806,9186,92,358,281,1463
25000,72.043,44.614,1.104134,1.133057,-0.028923,1.229248,1.090576,0.013558,145.0285,0.812871,0.110665,134.0058,0.001738,0.99748,0.000781,51200,7425457,821,8301,94,358,272,1463
25050,72.179,44.692,1.230183,1.2323,-0.002117,1.338623,1.210449,0.019734,144.8115,0.80918,0.109493,133.4022,0.001719,0.997266,0.001016,51200,7414347,782,9842,94,358,270,1463
25100,72.31,44.77,1.258731,1.263672,-0.004941,1.367676,1.234009,0.024722,140.3471,0.81082,0.081543,128.9037,0.00123,0.996562,0.002207,51200,7185773,797,10508,94,358,280,1469
25150,72.444,44.845,1.325387,1.301025,0.024362,1.418701,1.280029,0.045358,128.5609,0.821055,0.0,119.7374,0.0,0.993301,0.006699,51200,6582318,809,10405,95,358,279,1469
25200,72.577,44.923,1.321926,1.272705,0.04922,1.383057,1.244141,0.077785,128.6115,0.849551,0.0,119.8415,0.0,0.993828,0.006172,51200,6584910,799,10058,93,358,279,1471
25250,72.716,44.998,1.341699,1.252686,0.089013,1.353882,1.230225,0.111474,128.5072,0.856582,0.0,119.8616,0.0,0.992383,0.007617,51200,6579570,789,10526,92,358,283,1471
25300,72.85,45.075,1.236143,1.239136,-0.002993,1.332886,1.200317,0.035826,140.7272,0.838242,0.086564,130.2404,0.001504,0.992969,0.005527,51200,7205233,777,9374,92,358,284,1471
25350,72.988,45.153,1.224089,1.228394,-0.004305,1.347656,1.193359,0.03073,140.2728,0.846758,0.084578,131.458,0.001465,0.990391,0.008145,51200,7181969,829,9163,92,358,280,1471
25400,73.121,45.228,1.276582,1.272461,0.004121,1.370239,1.240356,0.036226,128.6121,0.856211,0.0,121.4454,0.0,0.994414,0.005586,51200,6584941,795,10054,92,358,276,1472
25450,73.252,45.303,1.233294,1.211914,0.02138,1.318359,1.181152,0.052142,128.806,0.857734,0.0,120.7148,0.0,0.996953,0.003047,51200,6594867,800,8885,92,358,281,1473
25500,73.383,45.377,1.19078,1.213013,-0.022233,1.315796,1.171875,0.018905,128.9882,0.849668,0.0,122.0845,0.0,0.999824,0.000176,51200,6604195,779,9139,93,358,282,1475
25550,73.514,45.453,1.195324,1.193726,0.001599,1.286621,1.158325,0.036999,132.13,0.853691,0.02416,124.297,0.000391,0.999062,0.000547,51200,6765056,779,9104,94,358,274,1475
25600,73.648,45.532,1.178778,1.144653,0.034125,1.258667,1.1073,0.071479,143.1327,0.85873,0.099811,132.4714,0.001758,0.997637,0.000605,51200,7328394,722,8415,94,358,279,1480
25650,73.782,45.609,1.154667,1.172363,-0.017697,1.281372,1.139526,0.01514,145.7463,0.838945,0.117657,134.0901,0.002109,0.994062,0.003828,51200,7462208,789,8838,94,358,279,1481
25700,73.912,45.685,1.105079,1.132446,-0.027368,1.241699,1.096436,0.008643,135.6413,0.844355,0.051481,127.2517,0.000859,0.994629,0.004512,51200,6944837,767,8362,94,358,272,1482
25750,74.04,45.759,1.044438,1.072754,-0.028316,1.159912,1.019409,0.025029,128.5415,0.862441,0.0,122.8752,0.0,0.992754,0.007246,51200,6581326,755,7724,94,358,272,1482
25800,74.172,45.833,1.118266,1.167847,-0.049581,1.273438,1.133301,-0.015035,128.585,0.860117,0.0,123.0551,0.0,0.993789,0.006211,51200,6583553,801,8830,94,358,283,1484
25850,74.304,45.908,1.170942,1.160645,0.010298,1.260742,1.121704,0.049238,128.8203,0.862969,0.0,122.1225,0.0,0.997227,0.002773,51200,6595600,826,8544,94,358,283,1484
25900,74.443,45.982,1.062886,1.112549,-0.049663,1.221558,1.067505,-0.004619,128.6584,0.849941,0.0,122.5367,0.0,0.994824,0.005176,51200,6587308,772,7780,94,358,303,1488
25950,74.591,46.071,1.069448,1.119629,-0.050181,1.227539,1.071533,-0.002085,128.9113,0.857148,0.0,123.1618,0.0,0.998594,0.001406,51200,6600257,728,8376,93,358,298,1489
26000,74.723,46.146,0.953244,1.040771,-0.087527,1.145386,0.988525,-0.035281,128.855,0.868613,0.0,123.6382,0.0,0.997578,0.002422,51200,6597375,854,6821,93,358,292,1489
26050,74.85,46.219,0.954538,1.002563,-0.048025,1.101685,0.955444,-0.000906,128.8386,0.839297,0.0,124.0963,0.0,0.997344,0.002656,51200,6596537,815,6618,93,358,294,1497
26100,74.993,46.294,0.955193,1.002441,-0.047249,1.106689,0.953857,0.001335,129.7223,0.840723,0.007292,125.0634,0.000117,0.996367,0.003516,51200,6641780,769,6768,93,358,287,1497
26150,75.138,46.386,1.008173,1.037109,-0.028936,1.135254,0.990845,0.017329,128.8952,0.849023,0.0,124.2613,0.0,0.998359,0.001641,51200,6599432,830,6993,92,358,291,1501
26200,75.266,46.46,1.081955,1.092651,-0.010697,1.190918,1.042358,0.039596,128.8397,0.851465,0.0,123.6457,0.0,0.99791,0.00209,51200,6596591,823,7211,92,358,281,1502
26250,75.392,46.535,0.999694,1.037231,-0.037537,1.135864,0.986572,0.013122,128.8622,0.863398,0.0,123.6595,0.0,0.997949,0.002051,51200,6597744,781,6917,93,358,272,1502
26300,75.522,46.609,0.959637,1.032593,-0.072956,1.138428,0.979492,-0.019855,128.8063,0.876152,0.0,124.34,0.0,0.997012,0.002988,51200,6594884,809,6135,93,358,271,1502
26350,75.65,46.683,1.067771,1.068481,-0.000711,1.16626,1.018799,0.048972,128.8584,0.868477,0.0,124.1026,0.0,0.99791,0.00209,51200,6597548,782,7538,93,358,272,1502
26400,75.779,46.758,1.091903,1.100464,-0.00856,1.204468,1.06665,0.025253,128.9576,0.841055,0.0,123.0129,0.0,0.999219,0.000781,51200,6602627,806,8168,93,358,272,1502
26450,75.909,46.832,1.07139,1.087769,-0.016379,1.183228,1.050049,0.021341,128.9228,0.846387,0.0,123.3464,0.0,0.998652,0.001348,51200,6600847,785,7882,93,358,279,1502
26500,76.038,46.907,1.004355,1.06958,-0.065225,1.169189,1.021118,-0.016763,128.7258,0.84793,0.0,123.3526,0.0,0.995977,0.004023,51200,6590763,809,7700,93,358,280,1502
26550,76.168,46.981,1.015256,1.073486,-0.058231,1.185059,1.033447,-0.018191,128.524,0.846934,0.0,123.3768,0.0,0.992559,0.007441,51200,6580427,784,7506,93,358,287,1509
26600,76.299,47.055,1.080684,1.087158,-0.006474,1.194336,1.043213,0.037471,128.4248,0.842676,0.0,123.1597,0.0,0.991133,0.008867,51200,6575351,796,7437,93,358,276,1509
26650,76.429,47.13,1.029987,1.074463,-0.044476,1.160034,1.022705,0.007282,128.2847,0.828926,0.0,123.1483,0.0,0.988242,0.011758,51200,6568176,760,6998,93,358,276,1513
26700,76.559,47.204,1.095668,1.123291,-0.027623,1.211548,1.079468,0.016201,128.4647,0.854668,0.0,122.9506,0.0,0.991543,0.008457,51200,6577394,776,8280,93,358,279,1516
26750,76.69,47.279,1.220026,1.189575,0.030451,1.29187,1.160767,0.05926,128.755,0.858125,0.0,121.9447,0.0,0.996016,0.003984,51200,6592258,778,8994,93,358,280,1517
26800,76.819,47.355,1.296954,1.238281,0.058673,1.338867,1.213623,0.083331,128.7629,0.858398,0.0,120.9725,0.0,0.996523,0.003477,51200,6592658,800,10337,92,358,279,1517
26850,76.949,47.431,1.322516,1.261597,0.060919,1.361328,1.239868,0.082648,133.5978,0.846016,0.035581,125.2135,0.000586,0.99748,0.001934,51200,6840206,733,10526,90,358,284,1517
26900,77.078,47.505,1.366147,1.321289,0.044858,1.421143,1.298706,0.067441,128.7713,0.822754,0.0,119.6578,0.0,0.996504,0.003496,51200,6593088,810,10974,91,358,282,1517
26950,77.206,47.581,1.369376,1.322632,0.046744,1.411743,1.296997,0.072378,128.7663,0.81584,0.0,118.8723,0.0,0.996602,0.003398,51200,6592832,769,11716,89,358,279,1517
27000,77.341,47.656,1.366831,1.314819,0.052012,1.41748,1.296997,0.069834,128.7282,0.811074,0.0,118.2506,0.0,0.995703,0.004297,51200,6590883,779,10945,91,358,278,1517
27050,77.474,47.731,1.289276,1.286621,0.002654,1.390259,1.257324,0.031951,128.8186,0.803105,0.0,119.1179,0.0,0.997148,0.002852,51200,6595512,836,10221,94,358,273,1517
27100,77.61,47.809,1.224521,1.246826,-0.022305,1.345825,1.208374,0.016147,128.771,0.8175,0.0,120.5398,0.0,0.996484,0.003516,51200,6593076,770,9585,94,358,274,1517
27150,77.745,47.885,1.290451,1.286499,0.003952,1.387085,1.258545,0.031906,128.8831,0.820684,0.0,120.1294,0.0,0.998301,0.001699,51200,6598817,776,10137,98,358,276,1517
27200,77.878,47.96,1.226711,1.184448,0.042263,1.299194,1.152222,0.074489,128.8749,0.844609,0.0,121.1089,0.0,0.997969,0.002031,51200,6598397,747,8297,89,358,276,1517
27250,78.008,48.036,1.060155,1.119751,-0.059596,1.227417,1.078857,-0.018702,128.7429,0.839297,0.0,122.4877,0.0,0.995918,0.004082,51200,6591634,753,7319,92,358,276,1517
27300,78.138,48.11,1.158565,1.177002,-0.018437,1.276611,1.144653,0.013911,128.8242,0.834863,0.0,122.5312,0.0,0.997422,0.002578,51200,6595801,813,8533,93,358,283,1517
27350,78.273,48.187,1.28267,1.273438,0.009233,1.379028,1.246826,0.035844,128.8044,0.844336,0.0,121.3809,0.0,0.996953,0.003047,51200,6594785,804,10197,93,358,291,1517
27400,78.406,48.263,1.24696,1.244629,0.002331,1.345459,1.203125,0.043835,128.6503,0.854844,0.0,121.0901,0.0,0.994492,0.005508,51200,6586894,858,9347,93,358,284,1517
27450,78.541,48.344,1.193444,1.190063,0.003381,1.283569,1.149536,0.043908,128.6886,0.860684,0.0,121.634,0.0,0.995156,0.004844,51200,6588857,805,8934,93,358,280,1517
27500,78.671,48.42,1.110566,1.126831,-0.016265,1.205566,1.078125,0.032441,128.901,0.850527,0.0,121.907,0.0,0.998477,0.001523,51200,6599731,768,8184,93,358,279,1517
27550,78.799,48.494,1.108502,1.12207,-0.013568,1.216919,1.089722,0.018781,128.9612,0.83627,0.0,122.7261,0.0,0.999355,0.000645,51200,6602815,768,8528,93,358,276,1517
27600,78.926,48.568,1.025549,1.077148,-0.0516,1.167358,1.035156,-0.009607,128.8008,0.82418,0.0,122.5615,0.0,0.996953,0.003047,51200,6594603,802,7613,93,358,273,1517
27650,79.056,48.642,1.039371,1.081177,-0.041806,1.175049,1.037598,0.001773,128.718,0.82875,0.0,123.2072,0.0,0.995742,0.004258,51200,6590361,799,7223,94,359,275,1518
27700,79.182,48.717,1.079748,1.059448,0.0203,1.158203,1.017944,0.061804,128.5725,0.819922,0.0,123.3526,0.0,0.993145,0.006855,51200,6582911,763,7657,95,361,274,1520
27750,79.322,48.792,1.041438,1.115723,-0.074285,1.219116,1.073975,-0.032537,128.5448,0.821074,0.0,122.6801,0.0,0.99252,0.00748,51200,6581495,766,8081,93,361,269,1520
27800,79.451,48.866,1.134225,1.156128,-0.021903,1.262939,1.121582,0.012643,128.6633,0.816758,0.0,122.1783,0.0,0.994766,0.005234,51200,6587562,822,9060,94,361,269,1520
27850,79.582,48.94,1.174416,1.174438,-2.2e-05,1.269897,1.126587,0.047829,128.7034,0.82168,0.0,121.6728,0.0,0.995605,0.004395,51200,6589616,797,9223,93,361,292,1525
27900,79.711,49.015,1.152516,1.155884,-0.003368,1.260742,1.123047,0.029469,128.7901,0.830703,0.0,121.289,0.0,0.996738,0.003262,51200,6594055,787,9301,93,361,298,1525
27950,79.844,49.089,1.140542,1.14978,-0.009238,1.259399,1.120239,0.020303,128.8374,0.814219,0.0,122.1363,0.0,0.997324,0.002676,51200,6596477,827,8767,92,361,293,1527
28000,79.975,49.164,1.163127,1.184448,-0.021321,1.278809,1.141357,0.021769,128.7324,0.825762,0.0,122.3885,0.0,0.995918,0.004082,51200,6591100,777,9316,91,361,289,1531
28050,80.107,49.238,1.125934,1.173462,-0.047528,1.275269,1.13147,-0.005536,128.4624,0.831836,0.0,121.1732,0.0,0.991699,0.008301,51200,6577277,768,8969,92,361,286,1535
28100,80.239,49.313,1.144138,1.19104,-0.046902,1.29187,1.150879,-0.006741,128.4897,0.828574,0.0,121.4553,0.0,0.992051,0.007949,51200,6578673,756,9274,92,361,282,1535
28150,80.375,49.39,1.215751,1.221802,-0.006051,1.320923,1.176636,0.039115,128.841,0.83832,0.0,121.1235,0.0,0.997324,0.002676,51200,6596660,799,9551,91,361,281,1539
28200,80.511,49.466,1.15033,1.162476,-0.012145,1.263062,1.115479,0.034852,128.8835,0.866035,0.0,122.2599,0.0,0.998105,0.001895,51200,6598836,797,8573,90,361,272,1539
28250,80.646,49.541,1.091213,1.102173,-0.01096,1.201904,1.054321,0.036892,128.9174,0.885977,0.0,122.94,0.0,0.99875,0.00125,51200,6600573,791,7802,90,361,279,1543
28300,80.777,49.616,0.950697,1.01709,-0.066393,1.121704,0.956543,-0.005846,128.9052,0.885371,0.0,124.2643,0.0,0.998301,0.001699,51200,6599944,799,5808,90,361,275,1543
28350,80.908,49.691,1.099464,1.112305,-0.012841,1.20459,1.055298,0.044166,128.9288,0.882363,0.0,124.1448,0.0,0.998887,0.001113,51200,6601154,787,7395,89,361,271,1543
28400,81.037,49.766,1.183231,1.140747,0.042484,1.239502,1.097656,0.085575,128.9939,0.881074,0.0,122.7149,0.0,0.999922,7.8e-05,51200,6604486,761,8346,91,361,274,1543
28450,81.169,49.843,1.281128,1.23999,0.041138,1.336792,1.213135,0.067994,128.7554,0.851934,0.0,120.335,0.0,0.996348,0.003652,51200,6592278,791,10020,91,361,280,1545
28500,81.329,49.941,1.242723,1.200073,0.04265,1.301514,1.158813,0.083909,128.7968,0.834688,0.001185,120.2637,0.0,0.994609,0.005391,51200,6594397,783,8943,91,361,278,1546
28550,81.462,50.016,1.171801,1.175903,-0.004102,1.274536,1.133057,0.038745,128.6967,0.851523,0.0,121.2565,0.0,0.995391,0.004609,51200,6589269,762,8608,91,361,279,1550
28600,81.591,50.09,1.061618,1.084961,-0.023343,1.185913,1.041504,0.020114,128.6857,0.843906,0.0,122.3059,0.0,0.995234,0.004766,51200,6588706,811,7756,92,361,281,1553
28650,81.722,50.164,1.069654,1.11377,-0.044116,1.213745,1.063232,0.006421,128.6918,0.814609,0.000211,123.2769,0.0,0.994688,0.005312,51200,6589018,788,7685,94,361,280,1553
28700,81.852,50.239,1.025458,1.082275,-0.056818,1.193604,1.028564,-0.003107,128.7667,0.841172,0.0,123.3901,0.0,0.996328,0.003672,51200,6592855,767,7208,94,361,295,1553
28750,81.977,50.312,1.000668,1.0354,-0.034732,1.133911,0.992188,0.008481,128.7564,0.848809,0.0,123.3419,0.0,0.996172,0.003828,51200,6592327,779,7639,92,361,299,1555
28800,82.105,50.386,1.113326,1.131226,-0.0179,1.228027,1.085815,0.02751,128.8591,0.821719,0.0,122.7463,0.0,0.997949,0.002051,51200,6597587,778,8728,92,361,293,1555
28850,82.235,50.459,1.112947,1.150879,-0.037932,1.256104,1.115601,-0.002654,128.9871,0.809297,0.0,122.3784,0.0,0.999844,0.000156,51200,6604142,775,8648,92,361,296,1563
28900,82.362,50.533,1.110738,1.122925,-0.012186,1.222778,1.091064,0.019674,129.0,0.793711,0.0,122.2462,0.0,1.0,0.0,51200,6604800,772,8770,92,361,296,1563
28950,82.496,50.607,1.173086,1.194092,-0.021006,1.29541,1.156006,0.01708,128.9422,0.793574,0.0,122.6731,0.0,0.998984,0.001016,51200,6601839,792,8971,92,361,314,1571
29000,82.629,50.681,1.179415,1.1875,-0.008085,1.295654,1.146484,0.032931,129.0,0.819531,0.0,122.2139,0.0,1.0,0.0,51200,6604800,779,8830,92,361,307,1571
29050,82.762,50.756,1.126681,1.116211,0.01047,1.225464,1.073364,0.053316,128.94,0.844043,0.0,122.4797,0.0,0.99916,0.00084,51200,6601728,738,8205,94,361,303,1571
29100,82.894,50.832,1.18126,1.184814,-0.003555,1.285034,1.140503,0.040757,138.6406,0.827852,0.070262,131.5831,0.001211,0.996992,0.001797,51200,7098401,818,9274,94,361,279,1571
29150,83.028,50.907,1.173571,1.187256,-0.013685,1.287964,1.148315,0.025255,132.3387,0.828457,0.026056,124.6101,0.00043,0.997812,0.001758,51200,6775741,776,9201,94,361,283,1575
29200,83.159,50.982,1.202283,1.178101,0.024183,1.28894,1.1427,0.059583,128.7999,0.848418,0.0,121.768,0.0,0.996934,0.003066,51200,6594556,768,8990,94,361,296,1577
29250,83.289,51.056,1.154195,1.146973,0.007222,1.248169,1.109131,0.045064,128.8261,0.850195,0.0,122.4463,0.0,0.997539,0.002461,51200,6595895,746,8687,92,361,294,1577
29300,83.418,51.131,1.305008,1.280884,0.024125,1.380249,1.248901,0.056107,128.646,0.858184,0.0,121.0007,0.0,0.994766,0.005234,51200,6586673,849,10774,91,361,287,1578
29350,83.547,51.205,1.409072,1.327393,0.081679,1.418579,1.303345,0.105727,128.7949,0.838203,0.0,119.3831,0.0,0.996973,0.003027,51200,6594300,806,12089,91,361,287,1578
29400,83.686,51.286,1.519792,1.410889,0.108903,1.51001,1.387329,0.132463,128.6974,0.819062,0.0,118.0457,0.0,0.995293,0.004707,51200,6589306,823,12855,89,361,274,1579
29450,83.817,51.361,1.367482,1.320679,0.046803,1.407715,1.295044,0.072438,128.5491,0.808887,0.0,117.8888,0.0,0.993125,0.006875,51200,6581716,776,11632,88,361,288,1592
29500,83.95,51.437,1.288029,1.260864,0.027165,1.371216,1.234863,0.053166,128.8415,0.798145,0.0,119.6793,0.0,0.997617,0.002383,51200,6596684,763,10605,90,361,283,1597
29550,84.082,51.511,1.271767,1.237549,0.034218,1.344238,1.19873,0.073037,128.7078,0.794941,0.0,120.7097,0.0,0.995684,0.004316,51200,6589839,750,10570,90,361,288,1597
29600,84.215,51.585,1.307417,1.285278,0.022139,1.404297,1.247681,0.059737,128.7174,0.8025,0.0,120.6899,0.0,0.995449,0.004551,51200,6590331,780,11015,89,361,288,1598
29650,84.349,51.66,1.274216,1.252686,0.02153,1.355103,1.217773,0.056442,128.8521,0.798047,0.0,120.8945,0.0,0.997578,0.002422,51200,6597225,750,10828,90,361,285,1598
29700,84.481,51.734,1.233363,1.245117,-0.011754,1.348145,1.201782,0.031581,128.8053,0.801816,0.0,120.7234,0.0,0.997012,0.002988,51200,6594831,766,10208,92,361,296,1599
29750,84.614,51.81,1.243947,1.240723,0.003224,1.348511,1.20105,0.042897,128.7154,0.81541,0.0,121.7176,0.0,0.995527,0.004473,51200,6590229,785,9914,92,361,286,1599
29800,84.744,51.884,1.290974,1.256348,0.034626,1.358643,1.215698,0.075275,128.9058,0.806836,0.001232,121.218,2e-05,0.996172,0.003809,51200,6599978,805,10162,92,361,286,1599
29850,84.879,51.961,1.320282,1.320679,-0.000397,1.422974,1.288086,0.032196,140.2192,0.814609,0.082638,132.0696,0.001426,0.994258,0.004316,51200,7179224,803,11086,94,361,289,1599
29900,85.01,52.037,1.372418,1.319458,0.05296,1.4198,1.298218,0.0742,134.0718,0.822812,0.039017,124.8671,0.000645,0.997285,0.00207,51200,6864478,775,11187,95,361,290,1599
29950,85.14,52.111,1.468131,1.417725,0.050407,1.510742,1.390991,0.07714,128.6923,0.805371,0.0,118.409,0.0,0.995352,0.004648,51200,6589047,803,12642,95,361,288,1599
30000,85.269,52.187,1.539548,1.455933,0.083616,1.547363,1.438477,0.101072,128.7712,0.809023,0.0,116.7137,0.0,0.996289,0.003711,51200,6593085,805,13265,95,361,292,1599
30050,85.4,52.262,1.526265,1.462891,0.063374,1.561523,1.444214,0.082051,128.7857,0.802422,0.00119,116.2893,0.0,0.994375,0.005625,51200,6593828,781,13771,95,361,263,1599
30100,85.533,52.338,1.569168,1.515381,0.053787,1.608154,1.48877,0.080398,128.8702,0.794004,0.0,115.9996,0.0,0.997969,0.002031,51200,6598152,785,13996,114,361,262,1599
30150,85.667,52.415,1.60899,1.557373,0.051617,1.658203,1.529663,0.079327,128.7281,0.791387,0.0,116.0559,0.0,0.995664,0.004336,51200,6590880,787,14894,115,361,264,1599
30200,85.798,52.49,1.582454,1.528198,0.054256,1.611816,1.509644,0.072811,128.8126,0.804727,0.0,115.4182,0.0,0.996895,0.003105,51200,6595204,773,14470,123,361,273,1601
30250,85.945,52.572,1.624007,1.551025,0.072982,1.644531,1.534424,0.089583,128.6875,0.787754,0.0,115.4802,0.0,0.995195,0.004805,51200,6588802,820,14456,125,361,285,1601
30300,86.095,52.665,1.667858,1.563843,0.104016,1.668335,1.546509,0.12135,130.6234,0.800957,0.015821,115.3916,0.000254,0.993008,0.006738,51200,6687920,834,14871,128,361,296,1610
30350,86.23,52.742,1.574938,1.479126,0.095812,1.581543,1.466064,0.108874,128.6656,0.801797,0.0,115.8655,0.0,0.994883,0.005117,51200,6587677,768,13795,129,361,301,1617
30400,86.363,52.82,1.488623,1.450195,0.038428,1.557739,1.434692,0.053931,128.6923,0.800898,0.0,116.7483,0.0,0.994805,0.005195,51200,6589047,803,13242,129,361,315,1623
30450,86.494,52.896,1.569166,1.461304,0.107862,1.564209,1.445923,0.123243,129.2969,0.780234,0.004909,116.6856,7.8e-05,0.994492,0.00543,51200,6620000,831,13665,129,361,298,1624
30500,86.627,52.972,1.646009,1.542603,0.103407,1.650635,1.530273,0.115736,128.636,0.782305,0.0,115.8706,0.0,0.994414,0.005586,51200,6586163,790,14712,132,361,302,1624
30550,86.767,53.051,1.715707,1.598511,0.117197,1.712402,1.591431,0.124277,128.4554,0.789102,0.0,114.963,0.0,0.992129,0.007871,51200,6576916,772,15183,132,361,297,1625
30600,86.902,53.129,1.60044,1.509155,0.091285,1.61731,1.492554,0.107886,128.5674,0.803809,0.0,115.2321,0.0,0.993359,0.006641,51200,6582649,820,14515,135,361,288,1625
30650,87.043,53.212,1.539456,1.477051,0.062405,1.581665,1.454468,0.084988,128.7172,0.803359,0.0,116.659,0.0,0.995605,0.004395,51200,6590322,778,13936,138,361,286,1625
30700,87.175,53.289,1.536754,1.453369,0.083385,1.546509,1.429443,0.10731,128.5911,0.784648,0.0,116.8066,0.0,0.99373,0.00627,51200,6583865,760,13865,138,361,289,1625
30750,87.31,53.366,1.614626,1.529541,0.085085,1.625366,1.504517,0.110109,128.3943,0.765879,0.0,116.0024,0.0,0.990996,0.009004,51200,6573788,745,14666,144,361,296,1626
30800,87.451,53.444,1.653946,1.553833,0.100113,1.668457,1.544922,0.109024,128.0117,0.781367,0.0,114.9601,0.0,0.984863,0.015137,51200,6554200,841,14472,138,361,306,1633
30850,87.592,53.526,1.562695,1.490479,0.072217,1.599121,1.4729,0.089795,140.1179,0.789746,0.084901,126.6473,0.001465,0.987891,0.010645,51200,7174038,748,13257,130,361,293,1635
30900,87.727,53.603,1.533835,1.471313,0.062522,1.582153,1.450562,0.083274,128.3078,0.783418,0.0,117.2122,0.0,0.988887,0.011113,51200,6569357,783,13420,130,361,291,1635
30950,87.864,53.68,1.51124,1.465088,0.046152,1.564697,1.434937,0.076303,128.3257,0.80293,0.0,116.8383,0.0,0.989316,0.010684,51200,6570276,739,13266,125,361,293,1638
31000,87.997,53.756,1.485781,1.414429,0.071352,1.510498,1.384399,0.101382,128.1931,0.80834,0.0,117.4331,0.0,0.98748,0.01252,51200,6563489,761,12691,99,361,295,1638
31050,88.134,53.832,1.368934,1.334351,0.034584,1.435913,1.296509,0.072425,128.2696,0.80916,0.0,118.7886,0.0,0.989043,0.010957,51200,6567403,739,10671,95,361,279,1638
31100,88.267,53.907,1.332839,1.308228,0.024612,1.425659,1.281982,0.050857,128.4516,0.823164,0.0,119.9229,0.0,0.991895,0.008105,51200,6576723,779,10685,95,361,284,1641
31150,88.398,53.982,1.307495,1.285645,0.02185,1.38501,1.253418,0.054077,128.4159,0.815273,0.0,120.2975,0.0,0.991035,0.008965,51200,6574896,828,10864,94,361,281,1641
31200,88.531,54.057,1.456833,1.379761,0.077073,1.478394,1.353638,0.103196,128.5076,0.815957,0.0,119.6736,0.0,0.99248,0.00752,51200,6579588,826,11929,94,361,285,1642
31250,88.674,54.14,1.336221,1.299927,0.036294,1.395142,1.266235,0.069985,128.6501,0.830234,0.0,119.3221,0.0,0.994688,0.005312,51200,6586883,764,10243,94,361,274,1642
31300,88.807,54.216,1.328559,1.317383,0.011176,1.416626,1.279175,0.049384,128.8247,0.846523,0.0,120.0338,0.0,0.997051,0.002949,51200,6595826,815,10786,94,361,284,1643
31350,88.936,54.291,1.207501,1.165649,0.041852,1.270264,1.13501,0.072492,128.9896,0.85209,0.0,120.8615,0.0,0.999824,0.000176,51200,6604266,786,9173,94,361,284,1643
31400,89.064,54.366,1.160157,1.150757,0.0094,1.250122,1.11853,0.041626,129.247,0.845703,0.002404,122.0183,3.9e-05,0.999023,0.000938,51200,6617444,761,8666,94,361,272,1643
31450,89.192,54.44,1.21018,1.175903,0.034277,1.286133,1.154297,0.055883,128.9691,0.850117,0.0,121.725,0.0,0.999414,0.000586,51200,6603220,725,9181,94,361,271,1643
31500,89.322,54.516,1.241462,1.184326,0.057135,1.288818,1.174194,0.067267,138.2629,0.829043,0.067431,129.4446,0.001152,0.998438,0.00041,51200,7079063,755,9110,95,361,271,1643
31550,89.458,54.596,1.33071,1.248657,0.082053,1.3573,1.225098,0.105612,146.0771,0.838164,0.117918,135.6031,0.002129,0.996426,0.001445,51200,7479148,809,9731,94,361,272,1643
31600,89.604,54.674,1.27518,1.242188,0.032993,1.356689,1.208984,0.066196,128.8006,0.831855,0.0,120.5459,0.0,0.996973,0.003027,51200,6594593,780,9339,94,361,271,1643
31650,89.757,54.77,1.304506,1.236572,0.067934,1.356689,1.212646,0.09186,128.7212,0.834277,0.0,120.3635,0.0,0.995469,0.004531,51200,6590525,786,9592,94,361,269,1643
31700,89.891,54.845,1.314436,1.264038,0.050398,1.378296,1.238525,0.075911,128.5873,0.840234,0.0,120.5713,0.0,0.993516,0.006484,51200,6583672,804,9869,93,361,272,1643
31750,90.025,54.921,1.32611,1.291016,0.035095,1.397339,1.259766,0.066345,128.4796,0.849082,0.0,120.2115,0.0,0.991934,0.008066,51200,6578158,789,9909,93,361,275,1643
31800,90.159,54.998,1.262976,1.249268,0.013709,1.353638,1.213501,0.049475,128.5303,0.851367,0.0,120.3965,0.0,0.992539,0.007461,51200,6580749,748,9482,93,361,276,1643
31850,90.294,55.074,1.240596,1.220581,0.020015,1.317017,1.180786,0.059809,128.5256,0.845508,0.0,120.8497,0.0,0.992852,0.007148,51200,6580510,800,9213,94,361,279,1649
31900,90.428,55.15,1.230725,1.246826,-0.016101,1.349365,1.199951,0.030774,128.7267,0.834844,0.0,121.047,0.0,0.995957,0.004043,51200,6590805,813,9318,94,361,279,1649
31950,90.559,55.225,1.193475,1.193726,-0.000251,1.302979,1.156494,0.036981,128.8354,0.835586,0.0,121.1761,0.0,0.997539,0.002461,51200,6596373,808,9452,94,361,297,1652
32000,90.693,55.302,1.209273,1.204224,0.005049,1.301147,1.164551,0.044722,128.9304,0.836582,0.0,121.2605,0.0,0.998906,0.001094,51200,6601237,791,9498,93,361,299,1654
32050,90.825,55.377,1.277102,1.218384,0.058718,1.317871,1.174805,0.102297,128.9264,0.831895,0.0,120.7007,0.0,0.998848,0.001152,51200,6601031,790,9719,93,361,297,1654
32100,90.954,55.452,1.229064,1.190308,0.038757,1.291016,1.154419,0.074646,128.9138,0.828691,0.0,120.771,0.0,0.998633,0.001367,51200,6600386,748,9668,94,361,302,1654
32150,91.105,55.527,1.18432,1.192139,-0.007819,1.288574,1.144531,0.039788,128.9914,0.846934,0.0,121.1364,0.0,0.999883,0.000117,51200,6604362,759,9140,94,361,293,1654
32200,91.245,55.605,1.150292,1.168823,-0.018531,1.262085,1.121582,0.02871,128.8876,0.833359,0.0,121.6829,0.0,0.998398,0.001602,51200,6599047,767,8658,94,361,288,1658
32250,91.381,55.683,1.182236,1.167969,0.014267,1.265015,1.125366,0.05687,129.0,0.83416,0.0,121.7772,0.0,1.0,0.0,51200,6604800,792,8753,93,361,294,1662
32300,91.512,55.757,1.18906,1.175171,0.013889,1.276733,1.123291,0.065769,128.98,0.84291,0.0,122.1889,0.0,0.999766,0.000234,51200,6603775,759,8747,94,361,293,1662
32350,91.644,55.832,1.141264,1.127808,0.013456,1.229126,1.08252,0.058744,128.8369,0.847109,0.0,121.9886,0.0,0.99748,0.00252,51200,6596451,776,8095,95,362,282,1662
32400,91.773,55.906,1.035966,1.070312,-0.034347,1.173096,1.029785,0.006181,128.7029,0.855801,0.0,123.1552,0.0,0.99541,0.00459,51200,6589588,800,7620,93,362,283,1662
32450,91.904,55.98,1.011086,1.05603,-0.044944,1.156494,1.019043,-0.007957,128.6718,0.854863,0.0,123.2904,0.0,0.994883,0.005117,51200,6587998,772,7879,93,362,275,1662
32500,92.035,56.057,1.031525,1.069824,-0.038299,1.170288,1.026001,0.005524,128.6991,0.840371,0.0,123.3352,0.0,0.995332,0.004668,51200,6589396,819,7725,93,362,274,1662
32550,92.167,56.132,1.293558,1.243164,0.050394,1.345337,1.220947,0.072611,128.6537,0.830488,0.0,121.8602,0.0,0.994512,0.005488,51200,6587067,790,10207,93,362,281,1662
32600,92.3,56.208,1.393054,1.339111,0.053943,1.434692,1.310059,0.082995,128.6675,0.823711,0.0,119.586,0.0,0.994629,0.005371,51200,6587777,766,11179,93,362,275,1662
32650,92.43,56.283,1.277333,1.250732,0.026601,1.349854,1.221069,0.056264,128.6436,0.816504,0.0,119.8349,0.0,0.994785,0.005215,51200,6586552,787,9949,93,362,280,1662
32700,92.562,56.358,1.259302,1.256592,0.00271,1.351929,1.222168,0.037134,128.7842,0.81207,0.0,120.8502,0.0,0.996621,0.003379,51200,6593750,818,9949,94,362,274,1664
32750,92.696,56.434,1.211449,1.202515,0.008935,1.303711,1.156494,0.054955,128.7729,0.839766,0.0,120.7464,0.0,0.996465,0.003535,51200,6593170,752,9088,94,362,283,1673
32800,92.83,56.509,1.22647,1.194092,0.032378,1.297241,1.157104,0.069366,128.6932,0.846191,0.0,121.4694,0.0,0.995586,0.004414,51200,6589092,804,9416,94,362,273,1673
32850,92.965,56.585,1.242059,1.18811,0.053949,1.293823,1.151367,0.090692,128.8282,0.846465,0.0,121.8592,0.0,0.997246,0.002754,51200,6596003,748,9232,94,362,273,1673
32900,93.099,56.66,1.184277,1.166138,0.018139,1.264771,1.127197,0.05708,128.6845,0.849844,0.0,121.7843,0.0,0.995059,0.004941,51200,6588645,776,8895,93,362,276,1673
32950,93.236,56.736,1.136848,1.132446,0.004402,1.234741,1.084473,0.052376,128.9461,0.869434,0.0,122.8724,0.0,0.999121,0.000879,51200,6602039,786,8289,93,362,282,1681
33000,93.376,56.811,1.143399,1.140625,0.002774,1.236938,1.094482,0.048916,128.9543,0.883164,0.0,123.0595,0.0,0.999375,0.000625,51200,6602458,818,7468,89,362,280,1681
33050,93.515,56.887,1.179838,1.146118,0.03372,1.246948,1.092285,0.087553,128.9093,0.906875,0.0,123.9185,0.0,0.998555,0.001445,51200,6600155,749,7337,65,362,280,1681
33100,93.653,56.965,1.027429,1.071655,-0.044226,1.181641,1.024292,0.003137,129.1676,0.913672,0.002402,124.2926,3.9e-05,0.997695,0.002266,51200,6613379,806,6285,65,362,272,1681
33150,93.783,57.041,1.181162,1.163818,0.017344,1.252563,1.124268,0.056895,128.8068,0.879434,0.001205,123.2794,2e-05,0.994297,0.005684,51200,6594906,780,8649,65,362,272,1681
33200,93.912,57.117,1.152641,1.135376,0.017265,1.240845,1.105103,0.047539,128.7646,0.868613,0.0,121.7077,0.0,0.996211,0.003789,51200,6592745,778,8207,65,362,272,1681
33250,94.043,57.191,1.221624,1.190796,0.030828,1.288452,1.156494,0.06513,128.9777,0.847949,0.0,122.1364,0.0,0.999727,0.000273,51200,6603660,832,8305,65,362,272,1681
33300,94.175,57.267,1.193354,1.174927,0.018427,1.282349,1.14978,0.043573,128.9379,0.851797,0.0,121.9333,0.0,0.999102,0.000898,51200,6601621,789,8643,65,362,272,1681
33350,94.305,57.342,1.186394,1.157349,0.029046,1.255737,1.124146,0.062249,128.8977,0.868809,0.0,121.725,0.0,0.998203,0.001797,51200,6599560,795,9013,92,362,280,1689
33400,94.433,57.416,1.124766,1.134521,-0.009755,1.237915,1.094116,0.03065,128.8811,0.849785,0.0,121.9584,0.0,0.998145,0.001855,51200,6598713,764,8808,91,362,282,1689
33450,94.565,57.49,1.101271,1.124146,-0.022874,1.22876,1.080933,0.020338,128.9387,0.849648,0.0,122.1618,0.0,0.999043,0.000957,51200,6601661,787,8406,90,362,285,1689
33500,94.698,57.567,1.147589,1.134888,0.012701,1.233398,1.091675,0.055914,128.831,0.841992,0.0,122.747,0.0,0.9975,0.0025,51200,6596149,761,8349,90,362,288,1689
33550,94.83,57.642,1.154505,1.169312,-0.014806,1.273926,1.12207,0.032435,128.8266,0.850605,0.0,122.4913,0.0,0.997461,0.002539,51200,6595921,850,9076,91,362,281,1689
33600,94.959,57.716,1.194072,1.16626,0.027812,1.266235,1.127441,0.06663,128.8273,0.861836,0.0,121.9025,0.0,0.997402,0.002598,51200,6595959,784,9063,90,362,272,1689
33650,95.089,57.791,1.226305,1.212158,0.014146,1.31665,1.181641,0.044664,128.7492,0.853535,0.0,121.9082,0.0,0.996016,0.003984,51200,6591958,816,9648,90,362,271,1689
33700,95.221,57.868,1.26681,1.21106,0.05575,1.312012,1.179321,0.087489,128.5373,0.832148,0.0,120.5543,0.0,0.99291,0.00709,51200,6581111,765,9890,92,362,270,1689
33750,95.361,57.946,1.227956,1.225708,0.002248,1.320557,1.192261,0.035695,128.7543,0.817656,0.0,120.5955,0.0,0.996445,0.003555,51200,6592221,804,10262,90,362,266,1689
33800,95.489,58.022,1.237649,1.217163,0.020486,1.306519,1.183228,0.054422,128.673,0.82127,0.0,120.4907,0.0,0.994844,0.005156,51200,6588057,784,9972,90,362,265,1689
33850,95.621,58.097,1.301912,1.2771,0.024812,1.382324,1.257568,0.044343,128.6372,0.824922,0.0,120.3199,0.0,0.994258,0.005742,51200,6586224,811,10566,90,362,268,1689
33900,95.756,58.173,1.464537,1.428589,0.035948,1.537109,1.413086,0.051451,128.6264,0.824609,0.000479,118.6934,0.0,0.993145,0.006855,51200,6585674,774,12894,98,362,268,1689
33950,95.887,58.249,1.47147,1.393188,0.078282,1.499146,1.381836,0.089634,128.8143,0.828828,0.0,117.5831,0.0,0.996797,0.003203,51200,6595291,821,12788,98,362,271,1692
34000,96.02,58.325,1.424562,1.371948,0.052614,1.486572,1.362427,0.062135,128.4336,0.800098,4.2e-05,117.2812,0.0,0.990879,0.009121,51200,6575799,802,12231,100,362,268,1693
34050,96.154,58.4,1.463747,1.387573,0.076174,1.500366,1.369873,0.093874,128.3317,0.803691,0.0,117.8314,0.0,0.989023,0.010977,51200,6570582,829,12105,100,362,279,1698
34100,96.289,58.477,1.428504,1.356689,0.071814,1.475708,1.330322,0.098182,128.5796,0.82418,0.0,118.4062,0.0,0.993262,0.006738,51200,6583277,798,12141,94,362,301,1698
34150,96.423,58.552,1.324792,1.253174,0.071618,1.355957,1.218628,0.106164,128.6622,0.823125,0.0,119.7303,0.0,0.994805,0.005195,51200,6587507,759,10259,92,362,301,1698
34200,96.557,58.627,1.196318,1.193481,0.002836,1.300415,1.15271,0.043608,128.5381,0.829453,0.0,121.0589,0.0,0.99248,0.00752,51200,6581149,812,9197,90,362,294,1698
34250,96.692,58.703,1.243972,1.187012,0.05696,1.292358,1.146118,0.097854,128.6208,0.845996,0.0,121.7986,0.0,0.994453,0.005547,51200,6585387,776,9188,93,362,286,1698
34300,96.829,58.778,1.191716,1.194702,-0.002986,1.302368,1.146851,0.044866,128.6966,0.858066,0.0,121.8136,0.0,0.995332,0.004668,51200,6589268,833,9117,93,362,286,1698
34350,96.963,58.854,1.053374,1.090942,-0.037569,1.194702,1.038696,0.014677,128.5023,0.873926,0.0,122.6895,0.0,0.992207,0.007793,51200,6579318,775,7563,93,362,281,1700
34400,97.098,58.93,1.083896,1.113647,-0.029752,1.223022,1.066528,0.017368,128.716,0.876875,0.0,123.3757,0.0,0.995547,0.004453,51200,6590260,747,7415,93,362,277,1700
34450,97.235,59.004,1.032593,1.083252,-0.050659,1.191528,1.035034,-0.002441,129.0,0.860215,0.0,123.9905,0.0,1.0,0.0,51200,6604800,746,7068,93,362,283,1700
34500,97.376,59.085,1.060203,1.087646,-0.027443,1.199707,1.046143,0.014061,128.9804,0.86375,0.0,124.0079,0.0,0.999727,0.000273,51200,6603796,749,6847,93,362,271,1700
34550,97.508,59.162,0.968912,1.053833,-0.084921,1.158813,1.008301,-0.039389,128.9082,0.868359,0.0,123.9871,0.0,0.998496,0.001504,51200,6600102,778,6734,92,362,274,1700
34600,97.634,59.235,1.005253,1.04541,-0.040157,1.144409,0.999268,0.005985,128.6824,0.847051,0.0,123.7294,0.0,0.995117,0.004883,51200,6588539,786,7326,91,362,273,1700
34650,97.761,59.309,1.025328,1.096069,-0.070741,1.18689,1.044312,-0.018983,128.7797,0.842422,0.0,123.2537,0.0,0.996797,0.003203,51200,6593523,721,7942,90,362,278,1701
34700,97.89,59.384,1.089471,1.123169,-0.033698,1.231445,1.082153,0.007318,128.7282,0.837148,0.0,122.8783,0.0,0.995645,0.004355,51200,6590883,793,8360,90,362,283,1703
34750,98.026,59.458,1.211199,1.25061,-0.039412,1.353271,1.21167,-0.000471,128.9725,0.843867,0.0,122.1873,0.0,0.999609,0.000391,51200,6603391,754,9981,90,362,276,1703
34800,98.158,59.534,1.290546,1.28833,0.002216,1.388306,1.259888,0.030658,128.9101,0.842754,0.0,120.4304,0.0,0.998594,0.001406,51200,6600199,760,10289,92,362,270,1703
34850,98.292,59.61,1.308815,1.296143,0.012673,1.398315,1.271118,0.037697,128.8414,0.835918,0.0,119.9956,0.0,0.997617,0.002383,51200,6596682,842,10867,96,362,277,1705
34900,98.426,59.687,1.315195,1.294556,0.020639,1.406738,1.264038,0.051157,128.9067,0.851211,0.0,120.1523,0.0,0.998535,0.001465,51200,6600023,803,10400,94,362,271,1705
34950,98.56,59.762,1.232225,1.223267,0.008958,1.325439,1.187988,0.044237,128.9891,0.832363,0.0,121.2039,0.0,0.999746,0.000254,51200,6604240,786,9736,94,362,274,1705
35000,98.726,59.852,1.342471,1.320923,0.021548,1.423584,1.289917,0.052554,128.8546,0.842832,0.0,120.5903,0.0,0.997988,0.002012,51200,6597356,755,10816,94,362,271,1705
35050,98.862,59.929,1.402865,1.390137,0.012729,1.495972,1.359863,0.043002,128.7862,0.849648,0.0,119.3035,0.0,0.996504,0.003496,51200,6593851,813,11799,94,362,272,1705
35100,98.994,60.006,1.37266,1.330078,0.042582,1.431763,1.299072,0.073588,128.9021,0.868906,4e-05,119.2188,0.0,0.99834,0.00166,51200,6599786,817,10812,94,362,278,1711
35150,99.134,60.084,1.500444,1.398193,0.102251,1.503052,1.36438,0.136064,128.6464,0.85627,0.0,118.6225,0.0,0.994414,0.005586,51200,6586696,857,11942,94,362,282,1711
35200,99.271,60.161,1.483078,1.387939,0.095139,1.485596,1.361572,0.121506,128.6065,0.856621,0.0,117.3071,0.0,0.994102,0.005898,51200,6584653,766,12511,94,362,283,1711
35250,99.411,60.239,1.527751,1.426758,0.100993,1.522949,1.394531,0.13322,128.5771,0.844453,0.0,117.6517,0.0,0.993809,0.006191,51200,6583148,821,12568,94,362,279,1711
35300,99.553,60.322,1.517344,1.414917,0.102427,1.524902,1.386963,0.130381,128.5968,0.84918,0.0,117.1368,0.0,0.993691,0.006309,51200,6584154,852,12243,95,362,285,1717
35350,99.686,60.399,1.47525,1.394043,0.081207,1.496948,1.369141,0.10611,128.8424,0.851055,0.001238,117.5893,2e-05,0.995312,0.004668,51200,6596732,787,12201,95,362,292,1719
35400,99.818,60.475,1.464551,1.399658,0.064893,1.493164,1.377441,0.08711,128.8156,0.842441,0.0,117.687,0.0,0.997168,0.002832,51200,6595359,814,12427,95,362,299,1719
35450,99.951,60.552,1.440924,1.352783,0.08814,1.456665,1.324341,0.116583,128.765,0.828945,0.0,117.9224,0.0,0.996074,0.003926,51200,6592767,796,11876,95,362,298,1719
35500,100.083,60.628,1.322211,1.274902,0.047309,1.390869,1.245361,0.07685,128.7351,0.828867,0.0,118.9273,0.0,0.996016,0.003984,51200,6591238,805,10293,94,362,306,1721
35550,100.217,60.704,1.315366,1.299316,0.01605,1.391235,1.269165,0.046201,128.6411,0.834863,0.0,120.521,0.0,0.994434,0.005566,51200,6586423,779,9948,94,362,306,1724
35600,100.345,60.779,1.262854,1.237671,0.025184,1.348511,1.208496,0.054358,128.7027,0.832891,0.0,120.3817,0.0,0.995391,0.004609,51200,6589578,775,9895,94,362,286,1724
35650,100.475,60.854,1.332455,1.285889,0.046566,1.394531,1.260254,0.072201,128.7711,0.830371,0.0,120.3861,0.0,0.996504,0.003496,51200,6593080,818,10569,94,362,283,1724
35700,100.607,60.929,1.333489,1.331421,0.002068,1.429443,1.300171,0.033318,128.7724,0.839805,0.0,119.7548,0.0,0.99625,0.00375,51200,6593149,763,10374,94,362,285,1724
35750,100.736,61.005,1.37372,1.315186,0.058534,1.402832,1.289673,0.084047,128.7487,0.85291,0.000238,119.0522,0.0,0.995645,0.004355,51200,6591932,810,11501,94,362,284,1729
35800,100.867,61.081,1.331285,1.291992,0.039293,1.401123,1.261719,0.069567,128.6775,0.839004,0.0,119.1876,0.0,0.995156,0.004844,51200,6588290,762,10841,94,362,280,1730
35850,100.999,61.157,1.250913,1.276001,-0.025088,1.381714,1.247925,0.002988,128.637,0.844941,0.0,119.8558,0.0,0.994219,0.005781,51200,6586216,804,11058,94,362,277,1730
35900,101.133,61.233,1.333231,1.307129,0.026102,1.404907,1.279419,0.053812,131.7367,0.829316,0.022855,122.1935,0.000371,0.995469,0.00416,51200,6744921,813,11204,94,362,276,1730
35950,101.265,61.309,1.364009,1.302124,0.061885,1.403564,1.279297,0.084712,128.8619,0.834219,0.0,119.2594,0.0,0.997832,0.002168,51200,6597727,762,10983,97,362,275,1732
36000,101.401,61.385,1.284802,1.251831,0.03297,1.359863,1.222778,0.062023,128.841,0.837656,0.0,119.5313,0.0,0.997441,0.002559,51200,6596659,809,10216,98,362,283,1733
36050,101.533,61.461,1.193626,1.198608,-0.004982,1.300903,1.158691,0.034935,128.5744,0.841992,0.0,120.1505,0.0,0.993223,0.006777,51200,6583009,792,9112,99,362,292,1740
36100,101.67,61.538,1.15607,1.168213,-0.012143,1.268188,1.122437,0.033633,128.6126,0.853145,0.0,121.408,0.0,0.994238,0.005762,51200,6584963,775,8677,104,362,281,1740
36150,101.802,61.614,1.172281,1.182129,-0.009847,1.285522,1.148438,0.023844,128.6845,0.853535,0.0,121.7754,0.0,0.994883,0.005117,51200,6588647,758,8943,98,362,276,1740
36200,101.929,61.689,1.24537,1.214111,0.031258,1.314941,1.189575,0.055794,128.9097,0.86123,0.0,121.1407,0.0,0.998691,0.001309,51200,6600176,794,10043,95,362,273,1740
36250,102.057,61.765,1.293798,1.236938,0.05686,1.32373,1.209473,0.084326,128.9763,0.868652,0.0,119.814,0.0,0.999629,0.000371,51200,6603585,821,10272,95,362,271,1740
36300,102.186,61.841,1.372671,1.284668,0.088003,1.385498,1.270386,0.102285,128.8343,0.842578,0.0,119.0859,0.0,0.997305,0.002695,51200,6596316,783,11574,95,362,269,1740
36350,102.318,61.916,1.311165,1.26001,0.051155,1.365479,1.231201,0.079964,128.7578,0.832773,0.0,118.5139,0.0,0.995938,0.004062,51200,6592397,830,10075,95,362,275,1746
36400,102.452,61.992,1.204324,1.217407,-0.013083,1.326538,1.184326,0.019998,128.9639,0.84959,0.0,120.6012,0.0,0.999375,0.000625,51200,6602953,827,9236,95,362,283,1747
36450,102.589,62.068,1.192075,1.212646,-0.020572,1.317383,1.16748,0.024594,128.9676,0.854023,0.0,121.65,0.0,0.999551,0.000449,51200,6603142,774,8654,93,362,291,1753
36500,102.723,62.143,1.177232,1.187134,-0.009902,1.292603,1.138428,0.038804,128.9639,0.859961,0.0,122.6089,0.0,0.999473,0.000527,51200,6602950,774,8194,91,362,292,1754
36550,102.857,62.219,1.187326,1.175293,0.012033,1.277954,1.132568,0.054758,129.0,0.859805,0.0,122.4651,0.0,1.0,0.0,51200,6604800,795,8770,91,362,290,1754
36600,102.991,62.294,1.253152,1.221313,0.031839,1.329346,1.188965,0.064187,128.9312,0.846621,0.0,122.0386,0.0,0.998945,0.001055,51200,6601276,760,9174,92,362,288,1754
36650,103.126,62.37,1.289016,1.252808,0.036209,1.362671,1.214111,0.074905,128.8593,0.855918,0.0,121.5091,0.0,0.997715,0.002285,51200,6597594,847,9083,92,362,289,1754
36700,103.263,62.445,1.224532,1.220825,0.003707,1.319092,1.179688,0.044845,128.8251,0.884805,0.0,122.088,0.0,0.996992,0.003008,51200,6595846,765,8574,92,362,281,1754
36750,103.408,62.535,1.191232,1.195557,-0.004325,1.293335,1.159668,0.031564,128.8369,0.869648,0.0,122.0047,0.0,0.997461,0.002539,51200,6596447,797,8859,92,362,289,1754
36800,103.541,62.611,1.210457,1.168579,0.041878,1.278076,1.134644,0.075813,136.8222,0.849609,0.058005,129.1905,0.000977,0.998184,0.00084,51200,7005296,816,8759,93,362,297,1758
36850,103.673,62.687,1.11136,1.116943,-0.005583,1.219727,1.069336,0.042024,129.315,0.855312,0.002452,122.3797,3.9e-05,0.999961,0.0,51200,6620926,751,8763,93,362,292,1758
36900,103.803,62.76,1.034565,1.070801,-0.036236,1.176514,1.020874,0.013691,128.8492,0.849141,0.0,123.0228,0.0,0.997715,0.002285,51200,6597081,771,7225,93,362,284,1758
36950,103.931,62.834,1.059236,1.054077,0.005159,1.157104,1.011841,0.047395,128.7277,0.846172,0.0,123.3787,0.0,0.995898,0.004102,51200,6590860,827,7154,94,362,289,1759
37000,104.064,62.909,1.0552,1.088135,-0.032935,1.193604,1.051758,0.003442,128.7221,0.846543,0.0,123.587,0.0,0.995488,0.004512,51200,6590571,791,7214,94,362,287,1759
37050,104.195,62.984,1.055716,1.095581,-0.039865,1.188843,1.054199,0.001517,128.555,0.84584,0.0,123.2632,0.0,0.993262,0.006738,51200,6582018,821,7702,94,362,287,1759
37100,104.324,63.059,1.058555,1.0896,-0.031045,1.1875,1.045532,0.013023,128.3945,0.853652,0.0,122.4989,0.0,0.990664,0.009336,51200,6573800,763,7342,94,362,287,1759
37150,104.458,63.136,1.171898,1.158447,0.01345,1.25061,1.113525,0.058372,128.705,0.837695,0.0,122.3717,0.0,0.995352,0.004648,51200,6589694,834,9209,94,362,289,1759
37200,104.584,63.209,1.056398,1.082642,-0.026243,1.182617,1.03772,0.018678,128.774,0.832227,0.0,122.2886,0.0,0.996582,0.003418,51200,6593228,744,7958,92,362,297,1763
37250,104.713,63.283,1.116939,1.143555,-0.026616,1.249512,1.103027,0.013911,128.6771,0.825742,0.0,122.0335,0.0,0.994961,0.005039,51200,6588265,824,8854,92,362,300,1765
37300,104.843,63.358,1.253979,1.210571,0.043408,1.306519,1.170654,0.083325,128.5462,0.822266,0.0,121.0111,0.0,0.993008,0.006992,51200,6581568,770,9739,92,362,285,1766
37350,104.977,63.434,1.244272,1.226562,0.01771,1.323242,1.186646,0.057627,128.5858,0.821875,0.0,121.1591,0.0,0.993594,0.006406,51200,6583594,826,9642,92,362,285,1766
37400,105.111,63.509,1.195679,1.223511,-0.027832,1.323486,1.178833,0.016846,128.7588,0.847676,0.0,121.61,0.0,0.99625,0.00375,51200,6592449,816,9371,92,362,289,1771
37450,105.246,63.585,1.218729,1.238403,-0.019675,1.344849,1.195435,0.023294,129.339,0.85084,0.003682,121.6737,5.9e-05,0.997891,0.002051,51200,6622158,813,9883,92,362,300,1775
37500,105.375,63.66,1.238302,1.21936,0.018942,1.321899,1.180664,0.057638,128.8202,0.840938,0.0,121.1604,0.0,0.996934,0.003066,51200,6595594,762,9706,93,362,298,1776
37550,105.505,63.736,1.236034,1.212158,0.023876,1.304688,1.160522,0.075512,128.5918,0.857109,0.0,120.8279,0.0,0.993906,0.006094,51200,6583899,800,9389,94,362,291,1776
37600,105.633,63.81,1.202465,1.147339,0.055126,1.243774,1.105591,0.096874,128.6955,0.872422,0.0,121.1401,0.0,0.995234,0.004766,51200,6589212,780,9032,94,362,291,1777
37650,105.762,63.885,1.161991,1.115967,0.046024,1.217285,1.074829,0.087161,128.7399,0.848555,0.0,121.8921,0.0,0.995879,0.004121,51200,6591483,761,8160,94,362,286,1777
37700,105.89,63.959,1.099225,1.087158,0.012067,1.188965,1.046997,0.052228,128.8136,0.836152,0.0,122.5455,0.0,0.997129,0.002871,51200,6595255,796,7340,93,362,285,1777
37750,106.016,64.033,0.93028,1.003296,-0.073016,1.109985,0.949463,-0.019183,128.9746,0.827051,0.0,124.2159,0.0,0.999668,0.000332,51200,6603500,765,6311,93,362,275,1777
37800,106.146,64.107,1.061681,1.116699,-0.055018,1.217773,1.074219,-0.012538,128.8046,0.813496,0.0,123.9594,0.0,0.996934,0.003066,51200,6594796,810,7710,93,362,274,1777
37850,106.277,64.181,1.15833,1.212524,-0.054194,1.313477,1.172485,-0.014155,128.798,0.830195,0.0,122.6846,0.0,0.996914,0.003086,51200,6594458,791,8948,94,362,274,1777
37900,106.41,64.256,1.232757,1.22998,0.002777,1.334839,1.192993,0.039764,128.67,0.847012,0.0,121.619,0.0,0.994512,0.005488,51200,6587905,766,9458,94,362,272,1777
37950,106.541,64.331,1.171294,1.175415,-0.004121,1.279419,1.136841,0.034454,128.5994,0.853262,0.0,121.441,0.0,0.993574,0.006426,51200,6584291,769,9144,94,362,272,1777
38000,106.672,64.407,1.113201,1.169434,-0.056233,1.267822,1.120728,-0.007527,131.4778,0.852754,0.022464,123.6246,0.000371,0.992051,0.007578,51200,6731663,793,8520,95,362,272,1777
38050,106.801,64.482,1.081046,1.116455,-0.035409,1.213379,1.075439,0.005607,131.6881,0.838633,0.024789,124.1916,0.00041,0.990527,0.009062,51200,6742432,797,8695,94,362,273,1779
38100,106.93,64.556,1.089168,1.120361,-0.031193,1.215942,1.083862,0.005306,132.3072,0.819043,0.028198,125.0669,0.000469,0.992383,0.007148,51200,6774130,778,8490,93,362,276,1782
38150,107.062,64.631,1.104563,1.172363,-0.067801,1.275024,1.129639,-0.025076,130.9288,0.828262,0.016622,123.9591,0.000273,0.995723,0.004004,51200,6703553,807,8950,91,362,282,1783
38200,107.193,64.707,1.242589,1.217041,0.025548,1.327759,1.186401,0.056187,128.7345,0.842188,0.0,121.2686,0.0,0.996074,0.003926,51200,6591206,755,9833,91,362,287,1783
38250,107.322,64.782,1.297338,1.276855,0.020483,1.38562,1.257812,0.039526,128.7162,0.837148,0.0,120.2334,0.0,0.995566,0.004434,51200,6590271,771,10355,93,362,290,1783
38300,107.455,64.858,1.298018,1.264893,0.033126,1.365601,1.239868,0.05815,128.9505,0.841484,0.0,119.6603,0.0,0.99916,0.00084,51200,6602267,783,10604,92,362,289,1783
38350,107.59,64.938,1.287787,1.289673,-0.001886,1.387451,1.263916,0.023871,132.654,0.824336,0.028651,121.4645,0.000469,0.997383,0.002148,51200,6791887,809,10972,91,362,285,1783
38400,107.727,65.013,1.335318,1.323975,0.011343,1.427124,1.289429,0.045889,128.9522,0.801738,0.0,119.5026,0.0,0.99916,0.00084,51200,6602351,774,11633,93,362,283,1783
38450,107.865,65.094,1.281317,1.274414,0.006903,1.368286,1.238037,0.043279,128.9544,0.811406,0.0,119.5196,0.0,0.999316,0.000684,51200,6602467,787,11110,95,362,281,1783
38500,108.003,65.17,1.270348,1.279175,-0.008827,1.386963,1.24646,0.023888,128.9147,0.820645,0.0,119.9771,0.0,0.998574,0.001426,51200,6600431,768,10497,104,362,282,1790
38550,108.14,65.247,1.308242,1.277588,0.030654,1.384521,1.234131,0.074111,128.937,0.829961,0.0,120.7432,0.0,0.999043,0.000957,51200,6601574,783,10995,90,362,283,1791
38600,108.27,65.322,1.333089,1.311279,0.02181,1.41333,1.279419,0.05367,128.9072,0.826211,0.0,119.7618,0.0,0.998535,0.001465,51200,6600048,820,11593,91,362,284,1791
38650,108.409,65.397,1.382723,1.297363,0.08536,1.3927,1.266846,0.115878,128.9347,0.820723,0.0,119.6939,0.0,0.999102,0.000898,51200,6601456,759,11665,92,362,279,1791
38700,108.552,65.48,1.379039,1.326782,0.052257,1.421509,1.298584,0.080455,128.7693,0.830664,0.0,118.9187,0.0,0.996465,0.003535,51200,6592989,804,11563,92,362,287,1791
38750,108.687,65.559,1.372039,1.302612,0.069426,1.396484,1.275513,0.096526,128.6649,0.827305,0.0,118.8971,0.0,0.99459,0.00541,51200,6587643,774,11381,93,362,280,1791
38800,108.817,65.635,1.448388,1.349731,0.098656,1.435547,1.329468,0.11892,128.7512,0.826758,0.0,118.7093,0.0,0.99623,0.00377,51200,6592059,803,11440,93,362,288,1792
38850,108.948,65.712,1.410231,1.330322,0.079909,1.428589,1.304321,0.10591,128.6802,0.815234,0.0,118.6185,0.0,0.995176,0.004824,51200,6588427,794,10501,94,362,276,1792
38900,109.08,65.788,1.35274,1.276367,0.076373,1.400879,1.257446,0.095294,128.701,0.84209,0.0,119.9081,0.0,0.995176,0.004824,51200,6589491,780,9535,93,362,275,1792
38950,109.213,65.863,1.366755,1.31311,0.053645,1.411499,1.287476,0.07928,129.0292,0.86707,0.003697,120.0346,5.9e-05,0.993184,0.006758,51200,6606294,772,9826,94,362,284,1792
39000,109.345,65.941,1.486604,1.397339,0.089265,1.502075,1.377319,0.109285,135.7446,0.870039,0.053745,123.3183,0.000898,0.991309,0.007793,51200,6950123,777,11496,94,362,275,1792
39050,109.475,66.017,1.537118,1.40332,0.133798,1.508423,1.389282,0.147836,128.6473,0.87082,0.0,117.0099,0.0,0.994297,0.005703,51200,6586743,844,11922,94,362,275,1792
39100,109.604,66.092,1.507221,1.411865,0.095356,1.501953,1.390259,0.116963,128.5597,0.855723,0.0,117.054,0.0,0.992988,0.007012,51200,6582257,788,11788,94,362,275,1792
39150,109.744,66.177,1.486233,1.386963,0.09927,1.484009,1.369873,0.11636,131.6191,0.853633,0.022468,118.767,0.000371,0.994434,0.005195,51200,6738899,789,11624,94,362,284,1792
39200,109.873,66.253,1.42986,1.360596,0.069264,1.459839,1.337769,0.092091,132.2749,0.840762,0.02824,119.4423,0.000469,0.992188,0.007344,51200,6772473,771,11245,94,362,288,1792
39250,110.004,66.328,1.487484,1.361938,0.125546,1.466187,1.339966,0.147518,131.0051,0.831152,0.020197,119.1359,0.000332,0.989824,0.009844,51200,6707462,750,11216,95,362,290,1792
39300,110.133,66.404,1.527135,1.377319,0.149816,1.489014,1.358154,0.168981,128.5686,0.850859,0.0,118.5054,0.0,0.993633,0.006367,51200,6582711,748,11618,95,362,282,1800
39350,110.265,66.479,1.478612,1.380127,0.098485,1.48645,1.360229,0.118382,128.9795,0.844961,0.0,118.2605,0.0,0.999609,0.000391,51200,6603751,774,11557,96,362,282,1800
39400,110.394,66.554,1.302695,1.269653,0.033042,1.361572,1.238525,0.06417,128.9767,0.848242,0.0,119.1036,0.0,0.999707,0.000293,51200,6603605,801,9776,94,362,275,1800
39450,110.523,66.629,1.213188,1.194946,0.018241,1.294312,1.153809,0.059379,129.0,0.842754,0.0,120.9316,0.0,1.0,0.0,51200,6604800,780,9111,94,362,276,1801
39500,110.651,66.703,1.147787,1.157593,-0.009806,1.253662,1.121704,0.026083,128.8315,0.843906,0.0,121.515,0.0,0.997598,0.002402,51200,6596175,772,8967,91,362,278,1801
39550,110.781,66.778,1.148744,1.153931,-0.005186,1.256836,1.121216,0.027528,128.6351,0.861406,0.0,121.2693,0.0,0.99418,0.00582,51200,6586118,773,8920,90,362,276,1801
39600,110.911,66.853,1.172041,1.192139,-0.020098,1.288818,1.15564,0.016401,128.8776,0.844883,0.0,121.2232,0.0,0.998125,0.001875,51200,6598531,824,9882,90,362,278,1801
39650,111.043,66.927,1.212604,1.2146,-0.001996,1.324097,1.181396,0.031207,128.7256,0.820195,0.0,120.6871,0.0,0.995645,0.004355,51200,6590752,789,10338,87,362,296,1805
39700,111.186,67.01,1.195082,1.204468,-0.009386,1.308472,1.170166,0.024915,128.7819,0.835293,0.0,120.9908,0.0,0.996406,0.003594,51200,6593633,801,9800,90,362,300,1805
39750,111.331,67.086,1.228419,1.213501,0.014918,1.307983,1.181763,0.046657,128.7682,0.812461,0.0,120.4666,0.0,0.996133,0.003867,51200,6592933,776,10543,89,362,287,1805
39800,111.46,67.161,1.337576,1.310547,0.027029,1.416992,1.282593,0.054983,128.7848,0.796055,0.0,119.6019,0.0,0.996543,0.003457,51200,6593783,739,11882,91,362,278,1806
39850,111.592,67.236,1.513938,1.476685,0.037254,1.574463,1.455688,0.05825,128.6236,0.791348,0.0,117.4413,0.0,0.993945,0.006055,51200,6585528,785,14111,93,362,279,1807
39900,111.723,67.312,1.548923,1.493042,0.055881,1.585327,1.475708,0.073215,128.741,0.799453,0.000112,116.4562,0.0,0.995898,0.004102,51200,6591540,776,14349,89,362,270,1811
39950,111.855,67.386,1.566874,1.465332,0.101542,1.567383,1.443848,0.123026,128.547,0.806406,0.0,116.4079,0.0,0.992812,0.007188,51200,6581607,777,13953,90,362,270,1811
40000,111.99,67.462,1.535533,1.486084,0.049449,1.596924,1.471069,0.064463,128.7881,0.816074,0.0,116.1361,0.0,0.996777,0.003223,51200,6593952,802,13992,104,362,276,1812
40050,112.127,67.541,1.506414,1.412598,0.093817,1.516113,1.392212,0.114203,128.7651,0.820059,0.0,116.8235,0.0,0.996172,0.003828,51200,6592775,787,13348,116,362,270,1815
40100,112.26,67.616,1.541934,1.403198,0.138736,1.505127,1.387329,0.154605,128.9425,0.823691,0.0,118.2307,0.0,0.999082,0.000918,51200,6601856,813,12577,85,362,278,1815
40150,112.393,67.692,1.497307,1.394531,0.102776,1.506592,1.378784,0.118523,128.889,0.824609,0.0,118.4882,0.0,0.998379,0.001621,51200,6599119,755,12376,86,362,297,1819
40200,112.526,67.767,1.475582,1.412354,0.063228,1.509521,1.387695,0.087887,128.9404,0.836562,0.0,118.2496,0.0,0.999121,0.000879,51200,6601750,743,12899,88,362,299,1819
40250,112.659,67.844,1.488784,1.401123,0.087661,1.510864,1.365479,0.123306,128.7106,0.832812,0.0,117.3073,0.0,0.995586,0.004414,51200,6589984,742,12388,90,362,290,1819
40300,112.799,67.928,1.444101,1.393677,0.050424,1.494141,1.353638,0.090463,128.5856,0.825898,0.0,118.141,0.0,0.993789,0.006211,51200,6583581,799,12200,91,362,300,1821
40350,112.931,68.004,1.636647,1.503296,0.133351,1.597534,1.485107,0.151539,128.6831,0.824609,0.0,117.1673,0.0,0.995078,0.004922,51200,6588576,803,15088,87,362,294,1823
40400,113.062,68.082,1.584972,1.498413,0.086559,1.599731,1.480469,0.104504,128.5882,0.816387,0.0,115.1206,0.0,0.993594,0.006406,51200,6583718,762,14673,90,362,292,1824
40450,113.195,68.157,1.489597,1.444214,0.045383,1.54187,1.428223,0.061374,128.5772,0.798418,0.0,116.1125,0.0,0.993789,0.006211,51200,6583153,795,13045,93,362,292,1824
40500,113.33,68.233,1.506078,1.455688,0.050389,1.557617,1.430664,0.075414,128.6512,0.812871,0.0,116.8746,0.0,0.994707,0.005293,51200,6586939,803,12822,95,362,298,1824
40550,113.46,68.309,1.421694,1.353149,0.068544,1.453003,1.323242,0.098452,128.3734,0.820488,0.0,117.4563,0.0,0.990312,0.009688,51200,6572718,787,12016,94,362,305,1824
40600,113.594,68.386,1.463699,1.389404,0.074295,1.483154,1.360229,0.10347,128.3882,0.813652,0.0,117.9993,0.0,0.990391,0.009609,51200,6573476,767,12279,92,362,296,1824
40650,113.723,68.461,1.448281,1.385254,0.063027,1.478638,1.364624,0.083657,128.4071,0.803223,0.001481,117.3825,2e-05,0.987852,0.012129,51200,6574445,836,12895,106,362,292,1824
40700,113.854,68.536,1.410664,1.393066,0.017597,1.485718,1.366333,0.044331,128.5101,0.79627,5.2e-05,117.2831,0.0,0.99248,0.00752,51200,6579719,781,12092,107,362,289,1824
40750,113.986,68.612,1.371676,1.358643,0.013033,1.464966,1.326782,0.044893,128.536,0.80123,0.0,118.0074,0.0,0.992832,0.007168,51200,6581044,825,11641,103,362,281,1824
40800,114.117,68.686,1.377198,1.328125,0.049073,1.430786,1.30127,0.075928,128.3316,0.804121,0.0,118.5918,0.0,0.989648,0.010352,51200,6570577,741,11431,94,362,286,1827
40850,114.251,68.761,1.373914,1.359131,0.014783,1.471558,1.325439,0.048474,128.4168,0.805352,0.0,118.9371,0.0,0.99082,0.00918,51200,6574942,762,11563,87,362,291,1831
40900,114.382,68.837,1.361217,1.3125,0.048717,1.419922,1.285034,0.076183,128.6688,0.821367,0.0,119.4854,0.0,0.994863,0.005137,51200,6587845,758,11075,86,362,277,1836
40950,114.522,68.917,1.405639,1.347778,0.057861,1.444336,1.322754,0.082885,128.7606,0.814941,0.0,119.244,0.0,0.996562,0.003438,51200,6592541,799,11080,92,362,283,1836
41000,114.67,69.011,1.335463,1.316284,0.019178,1.40918,1.283203,0.05226,129.4217,0.82834,0.004911,120.0065,7.8e-05,0.996699,0.003223,51200,6626393,854,11098,95,362,285,1836
41050,114.806,69.087,1.294541,1.289673,0.004868,1.393311,1.256226,0.038315,132.6998,0.812188,0.028943,123.4452,0.000469,0.997676,0.001855,51200,6794230,771,10585,95,362,286,1837
41100,114.948,69.173,1.271694,1.260498,0.011195,1.356079,1.224121,0.047572,128.8852,0.824902,0.0,120.3432,0.0,0.997988,0.002012,51200,6598922,746,10432,94,362,284,1837
41150,115.081,69.248,1.25986,1.254883,0.004977,1.359253,1.219238,0.040621,128.6339,0.833203,0.0,120.1209,0.0,0.994414,0.005586,51200,6586054,774,10260,96,362,284,1837
41200,115.211,69.323,1.228353,1.222168,0.006185,1.329956,1.181274,0.047079,128.6906,0.837109,4e-06,120.5908,0.0,0.995176,0.004824,51200,6588961,812,10230,96,362,288,1838
41250,115.342,69.398,1.22576,1.226318,-0.000559,1.334473,1.186523,0.039236,128.9523,0.802832,0.0,120.7192,0.0,0.999199,0.000801,51200,6602357,796,10317,97,362,284,1838
41300,115.473,69.471,1.270812,1.275146,-0.004334,1.369995,1.236938,0.033874,128.9179,0.788184,0.0,120.8609,0.0,0.99877,0.00123,51200,6600599,825,10510,97,362,278,1838
41350,115.606,69.547,1.383127,1.37915,0.003976,1.478149,1.341553,0.041574,128.7143,0.801797,0.0,119.5883,0.0,0.995781,0.004219,51200,6590174,821,11917,97,362,286,1844
41400,115.75,69.626,1.464333,1.405151,0.059182,1.503052,1.383057,0.081277,128.6464,0.801523,0.0,117.9525,0.0,0.994863,0.005137,51200,6586698,859,12491,97,362,284,1844
41450,115.884,69.703,1.440174,1.393066,0.047108,1.48877,1.370483,0.069691,128.8668,0.785234,0.0,118.2046,0.0,0.998086,0.001914,51200,6597981,773,12846,98,362,289,1848
41500,116.016,69.778,1.402166,1.357544,0.044623,1.462769,1.326904,0.075262,128.5155,0.787012,0.0,117.7804,0.0,0.993008,0.006992,51200,6579996,764,11831,98,362,283,1849
41550,116.149,69.853,1.338683,1.329468,0.009215,1.432617,1.304688,0.033995,128.4093,0.777578,0.0,118.8334,0.0,0.991934,0.008066,51200,6574554,762,11470,98,362,282,1849
41600,116.281,69.927,1.299238,1.320801,-0.021563,1.427856,1.292114,0.007124,128.5855,0.772227,0.0,119.4971,0.0,0.994355,0.005645,51200,6583576,752,11256,99,362,274,1849
41650,116.415,70.002,1.344199,1.364868,-0.020669,1.475952,1.328247,0.015952,128.6398,0.78498,0.0,119.5704,0.0,0.99502,0.00498,51200,6586356,809,11683,99,362,288,1849
41700,116.551,70.077,1.341172,1.353394,-0.012222,1.458984,1.322388,0.018784,128.6624,0.793203,0.0,119.083,0.0,0.994746,0.005254,51200,6587513,797,11537,119,362,297,1849
41750,116.685,70.152,1.360877,1.312378,0.048499,1.424805,1.290161,0.070715,128.4274,0.78377,0.0,119.2709,0.0,0.991426,0.008574,51200,6575482,783,11556,115,362,306,1852
41800,116.817,70.226,1.351358,1.357056,-0.005698,1.461792,1.334595,0.016763,128.5463,0.777383,0.0,118.939,0.0,0.992734,0.007266,51200,6581570,782,12028,125,362,309,1852
41850,116.949,70.3,1.390009,1.366089,0.02392,1.472046,1.3396,0.050409,128.4824,0.784199,0.0,118.9958,0.0,0.992207,0.007793,51200,6578299,826,12263,127,362,310,1852
41900,117.084,70.376,1.511316,1.446411,0.064904,1.568115,1.435547,0.075769,128.7046,0.79166,0.0,117.7973,0.0,0.995371,0.004629,51200,6589676,778,13907,130,362,278,1852
41950,117.217,70.451,1.448767,1.404663,0.044104,1.516479,1.389038,0.059729,128.8526,0.802949,0.0,117.4532,0.0,0.997852,0.002148,51200,6597252,810,12860,134,362,271,1852
42000,117.35,70.528,1.434613,1.398071,0.036541,1.504761,1.380981,0.053631,132.4446,0.802109,0.027348,119.5903,0.000449,0.996426,0.003125,51200,6781166,763,12480,119,362,267,1852
42050,117.486,70.605,1.380087,1.348633,0.031454,1.459595,1.327393,0.052694,140.744,0.816895,0.083919,124.868,0.001465,0.9975,0.001035,51200,7206091,783,11211,110,362,268,1852
42100,117.616,70.681,1.325001,1.31665,0.008351,1.423218,1.289551,0.035451,128.7412,0.819805,0.0,119.1855,0.0,0.996074,0.003926,51200,6591550,782,11519,108,362,275,1853
42150,117.751,70.76,1.367497,1.333374,0.034123,1.433594,1.299927,0.06757,128.5571,0.820332,0.0,118.8699,0.0,0.993242,0.006758,51200,6582124,853,10864,99,362,269,1853
42200,117.882,70.836,1.33352,1.314453,0.019067,1.417358,1.28186,0.051659,128.7308,0.831562,0.0,119.63,0.0,0.995625,0.004375,51200,6591019,807,10877,98,362,268,1853
42250,118.018,70.912,1.28873,1.287964,0.000767,1.38269,1.245483,0.043247,128.7513,0.825312,0.0,119.8644,0.0,0.996172,0.003828,51200,6592066,762,10392,95,362,270,1853
42300,118.149,70.987,1.180454,1.192627,-0.012173,1.293091,1.154053,0.026401,128.8992,0.85748,0.0,121.5108,0.0,0.998242,0.001758,51200,6599640,769,9152,95,362,271,1853
42350,118.281,71.062,1.160892,1.196411,-0.035519,1.289062,1.155884,0.005008,128.9746,0.849629,0.0,121.9924,0.0,0.999512,0.000488,51200,6603501,757,9214,95,362,282,1861
42400,118.414,71.138,1.16809,1.205933,-0.037843,1.30127,1.164917,0.003173,128.9863,0.846016,0.0,122.1575,0.0,0.999727,0.000273,51200,6604101,783,9086,95,362,277,1863
42450,118.545,71.213,1.174075,1.165649,0.008426,1.26062,1.127563,0.046512,128.8191,0.857949,0.0,121.675,0.0,0.996973,0.003027,51200,6595539,796,8907,95,362,271,1863
42500,118.678,71.287,1.13624,1.153931,-0.01769,1.262695,1.116455,0.019785,128.5434,0.85998,0.0,121.4805,0.0,0.993047,0.006953,51200,6581421,772,8327,95,362,273,1864
42550,118.815,71.364,1.166473,1.190918,-0.024445,1.286987,1.154541,0.011932,128.3911,0.848711,0.0,122.0001,0.0,0.991328,0.008672,51200,6573626,782,8765,95,362,275,1864
42600,118.948,71.441,1.253069,1.238525,0.014543,1.329102,1.199463,0.053606,128.553,0.86373,0.0,121.1429,0.0,0.993711,0.006289,51200,6581913,759,9270,94,362,285,1865
42650,119.079,71.516,1.247912,1.23877,0.009142,1.340942,1.205078,0.042834,128.7993,0.849863,0.0,120.5521,0.0,0.997051,0.002949,51200,6594522,809,9831,93,362,287,1865
42700,119.211,71.592,1.322278,1.304199,0.018079,1.394775,1.267334,0.054944,128.7844,0.852441,0.0,119.8952,0.0,0.996641,0.003359,51200,6593761,827,10823,93,362,283,1865
42750,119.347,71.674,1.27596,1.243408,0.032552,1.336426,1.216187,0.059774,128.9383,0.843926,0.0,119.6782,0.0,0.999062,0.000938,51200,6601643,757,10608,93,362,284,1872
42800,119.477,71.749,1.299944,1.257324,0.04262,1.356079,1.220703,0.079241,128.8254,0.844473,0.0,119.6864,0.0,0.9975,0.0025,51200,6595858,822,10480,93,362,280,1872
42850,119.609,71.825,1.325601,1.288208,0.037393,1.379639,1.260498,0.065103,128.8534,0.83543,0.0,119.5882,0.0,0.997734,0.002266,51200,6597295,757,10341,92,362,289,1873
42900,119.743,71.901,1.372035,1.338501,0.033534,1.449463,1.304321,0.067713,128.8025,0.844766,0.0,119.5009,0.0,0.996914,0.003086,51200,6594687,772,10552,95,362,279,1873
42950,119.881,71.979,1.351315,1.30896,0.042355,1.41626,1.281738,0.069576,129.9333,0.838457,0.008498,120.6504,0.000137,0.997285,0.002578,51200,6652583,842,10081,95,362,286,1879
43000,120.013,72.055,1.312336,1.261108,0.051228,1.369141,1.23584,0.076496,128.7249,0.850234,0.0,120.0614,0.0,0.995723,0.004277,51200,6590713,765,9759,94,362,297,1884
43050,120.144,72.13,1.290277,1.221558,0.06872,1.324463,1.196777,0.0935,128.7289,0.843633,0.0,120.5774,0.0,0.995859,0.004141,51200,6590918,793,8903,94,362,293,1885
43100,120.278,72.207,1.294338,1.217163,0.077175,1.326538,1.185913,0.108425,128.7094,0.856562,1e-06,120.5283,0.0,0.99541,0.00459,51200,6589919,762,9251,93,362,292,1886
43150,120.41,72.282,1.23342,1.208008,0.025412,1.309448,1.168579,0.064841,129.6266,0.837871,0.006112,122.0041,9.8e-05,0.997227,0.002676,51200,6636880,820,8543,93,362,286,1888
43200,120.544,72.361,1.264056,1.212036,0.05202,1.320679,1.180542,0.083514,146.9326,0.840566,0.122803,137.1215,0.002227,0.997383,0.000391,51200,7522947,782,9607,93,362,276,1888
43250,120.679,72.439,1.173125,1.182495,-0.009371,1.281982,1.133301,0.039824,146.9273,0.837676,0.122472,139.0508,0.002227,0.997324,0.000449,51200,7522677,787,8379,93,362,275,1888
43300,120.814,72.516,1.23232,1.202393,0.029927,1.304443,1.170166,0.062154,143.9514,0.845664,0.105266,135.7215,0.001875,0.995332,0.002793,51200,7370313,748,9046,93,362,272,1888
43350,120.945,72.592,1.254874,1.20752,0.047355,1.311035,1.172485,0.082389,129.0631,0.867559,0.001223,121.6867,2e-05,0.99832,0.00166,51200,6608030,784,9125,93,362,272,1888
43400,121.078,72.667,1.222869,1.205322,0.017547,1.32019,1.179321,0.043548,128.8126,0.870703,0.0,120.8729,0.0,0.996855,0.003145,51200,6595205,784,8525,94,362,272,1888
43450,121.215,72.745,1.220935,1.186279,0.034656,1.302856,1.158447,0.062488,128.8331,0.878672,0.0,121.6569,0.0,0.997324,0.002676,51200,6596255,799,8095,94,362,275,1888
43500,121.35,72.822,1.176135,1.19519,-0.019055,1.300171,1.162842,0.013293,128.8464,0.886484,0.0,122.0763,0.0,0.997539,0.002461,51200,6596938,792,8570,94,362,281,1889
43550,121.483,72.898,1.236931,1.207764,0.029168,1.313354,1.174438,0.062493,128.8123,0.874004,0.0,122.0101,0.0,0.997129,0.002871,51200,6595191,808,8837,94,362,281,1889
43600,121.614,72.973,1.247817,1.213135,0.034682,1.321045,1.18042,0.067397,128.7041,0.869395,0.0,121.5563,0.0,0.995098,0.004902,51200,6589650,779,9009,94,362,279,1889
43650,121.745,73.048,1.367581,1.300415,0.067166,1.398071,1.267578,0.100003,128.602,0.862383,0.0,120.64,0.0,0.993867,0.006133,51200,6584420,770,10474,93,362,285,1889
43700,121.874,73.123,1.285208,1.227661,0.057547,1.328979,1.197754,0.087455,128.4777,0.856934,0.0,119.9349,0.0,0.992754,0.007246,51200,6578059,808,9815,90,362,278,1889
43750,122.011,73.201,1.329357,1.290649,0.038708,1.393188,1.251831,0.077526,128.4793,0.839258,0.0,119.5946,0.0,0.99252,0.00748,51200,6578139,758,10023,90,362,275,1889
43800,122.146,73.28,1.309458,1.241699,0.067758,1.353149,1.216919,0.092539,128.5399,0.833613,0.0,119.6554,0.0,0.992832,0.007168,51200,6581244,807,10298,90,362,272,1889
43850,122.277,73.356,1.242348,1.194702,0.047646,1.305786,1.168823,0.073525,128.942,0.842305,0.0,120.4989,0.0,0.999082,0.000918,51200,6601831,770,9530,89,362,277,1889
43900,122.411,73.435,1.391433,1.302612,0.088821,1.404785,1.276245,0.115188,128.7737,0.854238,0.0,119.7998,0.0,0.996328,0.003672,51200,6593211,755,11227,89,362,283,1889
43950,122.547,73.513,1.3725,1.333252,0.039248,1.439697,1.314575,0.057925,128.875,0.841387,0.0,118.913,0.0,0.997969,0.002031,51200,6598401,820,11338,92,362,282,1890
44000,122.675,73.589,1.357886,1.280884,0.077002,1.37561,1.257568,0.100317,128.822,0.839336,0.0,118.8648,0.0,0.996992,0.003008,51200,6595684,744,10860,93,362,281,1890
44050,122.808,73.664,1.475105,1.406372,0.068733,1.497314,1.38562,0.089485,128.7182,0.819219,0.0,118.0536,0.0,0.995859,0.004141,51200,6590374,786,12242,94,362,275,1890
44100,122.942,73.741,1.504386,1.427002,0.077384,1.529053,1.406494,0.097892,128.7727,0.833457,0.0,117.5758,0.0,0.996621,0.003379,51200,6593163,806,12532,95,362,267,1890
44150,123.076,73.818,1.437425,1.414673,0.022752,1.507202,1.386719,0.050706,128.7913,0.826328,0.001232,117.0369,2e-05,0.994219,0.005762,51200,6594117,774,12556,102,362,268,1890
44200,123.209,73.895,1.320329,1.290405,0.029923,1.378662,1.250977,0.069352,128.6394,0.832324,0.0,118.2115,0.0,0.994629,0.005371,51200,6586339,742,10449,94,362,278,1897
44250,123.344,73.97,1.209276,1.192627,0.016649,1.286865,1.156494,0.052782,128.9506,0.841309,0.0,120.3785,0.0,0.999316,0.000684,51200,6602269,744,9425,94,362,277,1897
44300,123.477,74.045,1.17648,1.152466,0.024015,1.261475,1.108887,0.067594,128.9598,0.85084,0.0,121.7082,0.0,0.999297,0.000703,51200,6602740,818,8549,94,362,277,1897
44350,123.609,74.12,1.122991,1.140137,-0.017146,1.245361,1.099731,0.023259,129.0,0.854043,0.0,122.59,0.0,1.0,0.0,51200,6604800,752,8461,94,362,293,1897
44400,123.738,74.195,1.113671,1.102173,0.011498,1.199219,1.061401,0.05227,128.9463,0.856172,0.0,122.4848,0.0,0.999102,0.000898,51200,6602053,820,8542,93,362,292,1900
44450,123.868,74.269,1.187503,1.1427,0.044803,1.26123,1.108887,0.078616,128.9646,0.840723,0.0,122.3314,0.0,0.999316,0.000684,51200,6602986,718,9195,91,362,277,1900
44500,123.997,74.344,1.186714,1.153931,0.032783,1.258057,1.112915,0.073799,128.9992,0.841582,0.0,121.4237,0.0,0.999961,3.9e-05,51200,6604758,789,9334,90,362,283,1900
44550,124.126,74.418,1.245939,1.181152,0.064786,1.289429,1.151733,0.094205,128.835,0.823906,0.0,121.1696,0.0,0.997676,0.002324,51200,6596352,798,10099,89,362,300,1902
44600,124.255,74.493,1.256997,1.196777,0.060219,1.304077,1.161377,0.09562,128.6048,0.805605,0.0,120.6784,0.0,0.993965,0.006035,51200,6584565,749,9815,91,362,299,1902
44650,124.391,74.568,1.288631,1.276123,0.012508,1.379272,1.23877,0.049862,128.8054,0.821699,0.0,120.9523,0.0,0.996895,0.003105,51200,6594834,801,9981,90,362,286,1902
44700,124.528,74.648,1.233357,1.223633,0.009725,1.315063,1.180664,0.052693,128.9115,0.827188,0.0,120.9495,0.0,0.99877,0.00123,51200,6600271,722,9226,90,362,294,1903
44750,124.664,74.727,1.155578,1.175781,-0.020204,1.2771,1.139038,0.016539,128.7657,0.819355,0.0,122.0409,0.0,0.996582,0.003418,51200,6592803,813,9196,92,362,295,1903
44800,124.799,74.802,1.262928,1.250244,0.012684,1.347412,1.203003,0.059925,128.5704,0.837559,0.0,121.6558,0.0,0.99293,0.00707,51200,6582806,853,10109,93,362,295,1903
44850,124.934,74.88,1.209995,1.214966,-0.004971,1.323242,1.171509,0.038486,136.3913,0.844844,0.059292,128.4873,0.000996,0.989277,0.009727,51200,6983237,812,9093,95,362,299,1908
44900,125.068,74.957,1.124803,1.165161,-0.040358,1.2771,1.117798,0.007005,134.3535,0.865156,0.043717,127.397,0.000723,0.991582,0.007695,51200,6878901,785,8425,95,362,277,1908
44950,125.203,75.031,1.222994,1.213867,0.009127,1.319092,1.173096,0.049898,128.6201,0.870742,0.0,121.8849,0.0,0.994531,0.005469,51200,6585348,859,9181,95,362,278,1908
45000,125.341,75.107,1.177949,1.189453,-0.011504,1.282471,1.144165,0.033784,128.7885,0.868945,0.0,122.1063,0.0,0.996543,0.003457,51200,6593971,790,8697,94,362,275,1908
45050,125.471,75.182,1.112947,1.146973,-0.034025,1.24292,1.106079,0.006868,128.8614,0.874414,0.0,122.5889,0.0,0.997871,0.002129,51200,6597703,820,8693,94,362,275,1908
45100,125.601,75.256,1.247535,1.26123,-0.013696,1.359131,1.229492,0.018043,128.6983,0.85127,0.0,121.5013,0.0,0.995117,0.004883,51200,6589351,788,10175,94,362,277,1913
45150,125.734,75.332,1.446916,1.414185,0.032732,1.509888,1.393799,0.053117,128.8509,0.851973,0.0,119.2496,0.0,0.997578,0.002422,51200,6597166,797,12103,94,362,278,1914
45200,125.867,75.408,1.381479,1.371704,0.009775,1.463501,1.344238,0.037241,128.7265,0.830898,0.0,118.3945,0.0,0.995723,0.004277,51200,6590799,847,11312,93,362,277,1919
45250,125.998,75.483,1.318888,1.282104,0.036783,1.384888,1.256348,0.06254,128.5427,0.826934,0.0,119.3626,0.0,0.992891,0.007109,51200,6581384,721,9938,93,362,280,1922
45300,126.126,75.558,1.268195,1.228638,0.039557,1.326782,1.198608,0.069586,128.9567,0.82998,0.0,120.7399,0.0,0.999277,0.000723,51200,6602582,746,9308,95,362,284,1922
45350,126.263,75.634,1.360057,1.310669,0.049388,1.419434,1.281738,0.078319,128.9414,0.839531,0.0,120.8914,0.0,0.999121,0.000879,51200,6601802,778,9713,94,362,303,1924
45400,126.417,75.715,1.347335,1.298584,0.048751,1.401123,1.271729,0.075606,128.9283,0.854141,0.0,120.3818,0.0,0.998691,0.001309,51200,6601128,765,9992,95,362,294,1924
45450,126.554,75.798,1.405099,1.313599,0.0915,1.416504,1.29895,0.106149,128.9749,0.851699,0.0,119.2606,0.0,0.999688,0.000312,51200,6603513,774,10711,95,362,282,1924
45500,126.688,75.874,1.32922,1.312378,0.016842,1.406494,1.279053,0.050167,128.8308,0.840762,0.0,119.453,0.0,0.997285,0.002715,51200,6596136,754,10408,96,362,277,1924
45550,126.822,75.951,1.307487,1.271973,0.035515,1.379883,1.240601,0.066887,128.8568,0.833887,0.0,119.5508,0.0,0.997754,0.002246,51200,6597469,772,10382,94,362,287,1926
45600,126.955,76.028,1.228284,1.229248,-0.000964,1.330322,1.19397,0.034314,131.4571,0.834805,0.020459,122.4945,0.000332,0.995742,0.003926,51200,6730603,780,9277,93,362,274,1926
45650,127.085,76.103,1.106125,1.120972,-0.014846,1.219238,1.081055,0.025071,128.5797,0.832812,6e-06,121.3692,0.0,0.99377,0.00623,51200,6583283,753,8143,96,362,271,1926
45700,127.216,76.18,1.068493,1.098022,-0.02953,1.195312,1.055664,0.012829,128.763,0.824941,0.0,122.2633,0.0,0.996191,0.003809,51200,6592667,752,7812,93,362,267,1926
45750,127.355,76.265,1.041945,1.070435,-0.028489,1.174438,1.027466,0.014479,128.773,0.84373,0.0,123.3831,0.0,0.996348,0.003652,51200,6593178,750,7311,91,362,267,1926
45800,127.489,76.342,1.016417,1.065063,-0.048647,1.169434,1.01709,-0.000673,128.7584,0.867246,0.0,123.436,0.0,0.996191,0.003809,51200,6592431,815,7230,89,362,277,1926
45850,127.624,76.421,0.996008,1.041382,-0.045374,1.143555,0.992676,0.003332,128.7496,0.867559,0.0,123.6729,0.0,0.995938,0.004062,51200,6591980,771,7208,91,362,268,1926
45900,127.774,76.511,1.009174,1.040894,-0.03172,1.151001,0.992065,0.017108,128.6757,0.861152,0.0,123.8458,0.0,0.994727,0.005273,51200,6588198,788,6256,88,362,271,1926
45950,127.911,76.588,1.048356,1.071045,-0.022689,1.175903,1.028198,0.020158,128.797,0.869062,0.0,124.3174,0.0,0.996641,0.003359,51200,6594404,745,6741,88,362,275,1926
46000,128.046,76.666,1.053014,1.054077,-0.001063,1.14917,1.006836,0.046178,128.7517,0.86707,0.0,123.7153,0.0,0.995977,0.004023,51200,6592087,771,6759,92,362,282,1926
46050,128.181,76.743,1.164168,1.158203,0.005965,1.256714,1.116333,0.047835,128.8363,0.861758,0.0,123.0173,0.0,0.997402,0.002598,51200,6596421,764,8341,92,362,282,1926
46100,128.315,76.821,1.225293,1.201294,0.023999,1.293091,1.166504,0.058789,128.8744,0.856934,0.0,121.7461,0.0,0.997988,0.002012,51200,6598369,776,9326,91,362,271,1926
46150,128.449,76.898,1.31815,1.285645,0.032506,1.373169,1.250732,0.067418,128.9611,0.853672,0.0,120.8611,0.0,0.999316,0.000684,51200,6602807,742,10480,91,362,273,1926
46200,128.588,76.976,1.267103,1.240356,0.026746,1.336548,1.202881,0.064222,128.9116,0.873867,0.0,119.9821,0.0,0.998691,0.001309,51200,6600274,722,9973,93,362,271,1926
46250,128.718,77.052,1.322395,1.279053,0.043342,1.368774,1.242065,0.080329,128.8498,0.871426,0.0,120.4539,0.0,0.997734,0.002266,51200,6597112,756,10321,93,362,271,1926
46300,128.849,77.13,1.197717,1.195435,0.002283,1.295898,1.16626,0.031457,128.9899,0.87375,0.0,120.7379,0.0,0.999824,0.000176,51200,6604282,785,9490,93,362,271,1926
46350,128.977,77.205,1.100621,1.114746,-0.014125,1.218384,1.072754,0.027867,128.8976,0.856699,0.0,121.5897,0.0,0.998301,0.001699,51200,6599555,784,8233,93,362,272,1926
46400,129.108,77.28,1.121153,1.123413,-0.00226,1.219849,1.083252,0.037901,128.842,0.856172,0.0,122.4272,0.0,0.997402,0.002598,51200,6596710,802,8389,94,362,276,1926
46450,129.24,77.355,1.108241,1.123779,-0.015538,1.223877,1.084229,0.024013,128.8267,0.838848,0.0,122.7381,0.0,0.997168,0.002832,51200,6595925,813,8142,94,362,282,1926
46500,129.374,77.431,1.145414,1.122925,0.02249,1.219727,1.07605,0.069365,128.856,0.848008,0.0,122.968,0.0,0.997559,0.002441,51200,6597428,784,7745,93,362,278,1926
46550,129.509,77.507,1.206228,1.205933,0.000295,1.290161,1.167725,0.038503,128.9413,0.871133,0.0,123.4522,0.0,0.999082,0.000918,51200,6601797,792,9153,93,362,279,1926
46600,129.644,77.584,1.412402,1.358643,0.05376,1.449463,1.331665,0.080737,128.966,0.868711,0.0,121.2088,0.0,0.999512,0.000488,51200,6603061,723,11106,93,362,280,1926
46650,129.776,77.66,1.370826,1.311035,0.059791,1.393677,1.281494,0.089332,128.7532,0.875645,0.0,119.8476,0.0,0.995938,0.004062,51200,6592166,777,10656,93,362,292,1926
46700,129.907,77.738,1.383362,1.297729,0.085632,1.396606,1.28125,0.102112,128.8359,0.868516,0.0,119.2619,0.0,0.9975,0.0025,51200,6596397,782,10701,93,362,294,1928
46750,130.035,77.814,1.26418,1.23584,0.02834,1.337524,1.204712,0.059468,128.8381,0.840781,0.0,119.2733,0.0,0.997637,0.002363,51200,6596513,729,10323,91,362,276,1928
46800,130.163,77.889,1.258652,1.204224,0.054428,1.312256,1.183838,0.074814,128.89,0.837168,0.000213,120.5748,0.0,0.99791,0.00209,51200,6599167,809,9380,92,362,278,1928
46850,130.303,77.971,1.172591,1.166992,0.005599,1.280518,1.144043,0.028548,128.8339,0.838496,0.0,121.0303,0.0,0.99752,0.00248,51200,6596296,779,8663,88,362,277,1928
46900,130.436,78.046,1.30828,1.228638,0.079643,1.335693,1.215698,0.092582,128.7713,0.833242,0.0,120.7502,0.0,0.996133,0.003867,51200,6593090,789,9882,92,362,271,1928
46950,130.565,78.121,1.406898,1.316895,0.090003,1.418213,1.299561,0.107337,128.7545,0.840137,0.0,119.4096,0.0,0.995703,0.004297,51200,6592228,786,11105,91,362,263,1928
47000,130.711,78.203,1.343804,1.325562,0.018242,1.427612,1.300781,0.043022,128.7583,0.831074,0.0,118.6593,0.0,0.99623,0.00377,51200,6592427,781,10470,91,362,269,1928
47050,130.845,78.279,1.314664,1.276489,0.038174,1.369629,1.257812,0.056851,128.8425,0.831973,0.0,119.1107,0.0,0.997656,0.002344,51200,6596734,746,10374,92,362,263,1928
47100,130.982,78.36,1.320739,1.240356,0.080383,1.342041,1.211914,0.108825,128.8998,0.809004,0.0,119.549,0.0,0.998477,0.001523,51200,6599668,735,10402,90,362,263,1928
47150,131.12,78.435,1.330977,1.313599,0.017379,1.408325,1.278564,0.052413,128.7073,0.825586,0.0,119.4957,0.0,0.995605,0.004395,51200,6589814,791,10650,93,362,266,1928
47200,131.26,78.514,1.347266,1.323975,0.023292,1.421875,1.291748,0.055518,128.9973,0.849668,0.0,119.4651,0.0,0.999961,3.9e-05,51200,6604662,832,11418,94,362,280,1930
47250,131.398,78.595,1.221624,1.227661,-0.006037,1.318115,1.190063,0.031561,128.8532,0.851074,0.0,119.8804,0.0,0.9975,0.0025,51200,6597283,776,10042,95,362,282,1930
47300,131.529,78.67,1.229472,1.24353,-0.014058,1.347412,1.202271,0.027202,128.7977,0.849941,0.0,120.8881,0.0,0.996992,0.003008,51200,6594443,809,10036,93,362,278,1930
47350,131.663,78.746,1.271268,1.236572,0.034696,1.343994,1.201294,0.069974,128.9327,0.858555,0.0,120.6301,0.0,0.998926,0.001074,51200,6601353,780,9635,93,362,282,1930
47400,131.797,78.822,1.335171,1.296387,0.038784,1.406494,1.267944,0.067227,128.8562,0.85459,0.0,120.9065,0.0,0.997637,0.002363,51200,6597439,874,10618,93,362,278,1930
47450,131.929,78.897,1.228143,1.219604,0.008538,1.329712,1.182617,0.045525,128.8322,0.866289,0.0,120.4115,0.0,0.997363,0.002637,51200,6596208,806,9954,93,362,271,1930
47500,132.058,78.971,1.126384,1.161499,-0.035115,1.264404,1.12561,0.000774,128.9151,0.872871,0.0,121.8414,0.0,0.99875,0.00125,51200,6600455,788,8816,93,362,272,1930
47550,132.189,79.046,1.275149,1.233887,0.041262,1.329834,1.198486,0.076662,128.9304,0.856562,0.0,121.8281,0.0,0.998887,0.001113,51200,6601234,833,10132,93,362,270,1930
47600,132.318,79.122,1.179319,1.171875,0.007444,1.259888,1.143921,0.035398,132.0472,0.85832,0.024076,121.7409,0.000391,0.997891,0.001719,51200,6760819,733,9186,94,362,271,1930
47650,132.447,79.197,1.253257,1.202026,0.05123,1.298706,1.171021,0.082236,128.58,0.847051,0.0,120.0345,0.0,0.993242,0.006758,51200,6583295,793,10019,94,362,276,1935
47700,132.579,79.272,1.288363,1.212158,0.076205,1.315063,1.172241,0.116122,128.6766,0.847598,0.0,119.7113,0.0,0.995234,0.004766,51200,6588242,771,9711,94,362,283,1935
47750,132.714,79.346,1.163604,1.1875,-0.023896,1.287964,1.137573,0.026031,128.8015,0.863027,0.0,120.3578,0.0,0.99707,0.00293,51200,6594635,787,8797,94,362,282,1938
47800,132.845,79.421,1.127676,1.151123,-0.023447,1.254517,1.101318,0.026357,128.806,0.851699,0.0,121.9753,0.0,0.997051,0.002949,51200,6594866,738,8631,94,362,287,1945
47850,132.987,79.496,1.104027,1.159302,-0.055275,1.262695,1.117065,-0.013038,128.8081,0.849805,0.0,122.4571,0.0,0.99707,0.00293,51200,6594973,770,8784,95,362,285,1946
47900,133.122,79.574,1.239239,1.246582,-0.007343,1.348267,1.207275,0.031964,128.8447,0.838086,0.0,121.5002,0.0,0.997715,0.002285,51200,6596849,766,9800,95,362,281,1946
47950,133.257,79.65,1.425289,1.380493,0.044796,1.478638,1.345459,0.07983,128.8603,0.847305,0.0,119.2038,0.0,0.997734,0.002266,51200,6597647,788,11530,95,362,275,1946
48000,133.389,79.726,1.431731,1.389404,0.042326,1.489624,1.353882,0.077849,128.8187,0.863047,0.0,118.339,0.0,0.996777,0.003223,51200,6595517,770,11988,96,362,280,1949
48050,133.524,79.803,1.353598,1.330322,0.023276,1.431152,1.291138,0.06246,128.7905,0.862695,0.0,118.8515,0.0,0.996719,0.003281,51200,6594072,786,10353,95,362,280,1949
48100,133.657,79.879,1.313022,1.269531,0.043491,1.366455,1.228271,0.084751,128.864,0.861309,0.0,120.0376,0.0,0.99793,0.00207,51200,6597835,758,9850,94,362,287,1951
48150,133.79,79.956,1.225903,1.207642,0.018261,1.30957,1.167358,0.058545,134.1255,0.845449,0.039022,125.6102,0.000645,0.998223,0.001133,51200,6867224,779,9752,94,362,284,1951
48200,133.92,80.031,1.191099,1.17395,0.017149,1.273804,1.130615,0.060484,133.0455,0.860898,0.031047,122.7876,0.000508,0.998633,0.000859,51200,6811932,797,8933,94,362,281,1951
48250,134.051,80.108,1.367201,1.295776,0.071425,1.39563,1.269165,0.098036,128.9552,0.845273,0.0,120.3473,0.0,0.999336,0.000664,51200,6602506,791,11625,93,362,275,1951
48300,134.182,80.184,1.376105,1.288818,0.087286,1.395752,1.268311,0.107794,129.2327,0.848125,0.003633,119.8341,5.9e-05,0.996699,0.003242,51200,6616713,819,10595,93,362,273,1951
48350,134.314,80.258,1.30668,1.285034,0.021645,1.393799,1.26062,0.046059,128.771,0.85293,0.0,120.1126,0.0,0.996621,0.003379,51200,6593076,784,10962,93,362,281,1958
48400,134.46,80.334,1.2687,1.211182,0.057518,1.320435,1.175781,0.092918,128.6002,0.856152,0.0,119.7342,0.0,0.994238,0.005762,51200,6584332,800,9885,92,362,272,1958
48450,134.605,80.422,1.222603,1.220825,0.001778,1.331299,1.188354,0.034249,128.7883,0.862109,8.9e-05,120.6213,0.0,0.996641,0.003359,51200,6593959,789,10344,91,362,275,1963
48500,134.735,80.497,1.265846,1.213501,0.052345,1.328857,1.184937,0.08091,128.7161,0.845723,0.0,120.4705,0.0,0.99543,0.00457,51200,6590263,777,10034,91,362,276,1964
48550,134.87,80.572,1.192359,1.197998,-0.005639,1.303223,1.156372,0.035987,128.6367,0.845234,0.0,121.2538,0.0,0.994531,0.005469,51200,6586201,825,8984,92,362,277,1964
48600,135.024,80.648,1.199092,1.196411,0.002681,1.302246,1.163574,0.035518,132.4539,0.850469,0.027518,125.4081,0.000449,0.99709,0.002461,51200,6781638,793,9986,93,362,274,1964
48650,135.159,80.724,1.257228,1.261719,-0.004491,1.364868,1.230957,0.026271,128.9756,0.834707,0.0,120.4451,0.0,0.99959,0.00041,51200,6603552,823,10630,93,362,279,1964
48700,135.29,80.799,1.231342,1.226318,0.005023,1.328613,1.19104,0.040301,128.9958,0.840293,0.0,121.4224,0.0,0.999922,7.8e-05,51200,6604583,761,10086,94,362,273,1964
48750,135.427,80.877,1.134462,1.128418,0.006044,1.237061,1.091553,0.042909,133.9727,0.850352,0.037852,126.815,0.000625,0.998418,0.000957,51200,6859402,802,8534,95,362,271,1964
48800,135.558,80.954,1.144903,1.149658,-0.004755,1.250977,1.110229,0.034673,144.3014,0.822148,0.107578,136.4634,0.001914,0.996094,0.001992,51200,7388231,789,9237,95,362,280,1965
48850,135.694,81.032,1.385672,1.320557,0.065115,1.416626,1.298828,0.086843,143.8013,0.824043,0.103501,134.0657,0.001836,0.998105,5.9e-05,51200,7362628,839,11314,93,362,289,1970
48900,135.85,81.114,1.493483,1.401855,0.091628,1.499512,1.377441,0.116042,144.3965,0.852266,0.107447,132.1491,0.001914,0.997461,0.000625,51200,7393100,798,11064,91,362,274,1970
48950,136.002,81.206,1.383618,1.328125,0.055493,1.43689,1.295898,0.087719,133.2012,0.869023,0.032098,123.5148,0.000527,0.998594,0.000879,51200,6819904,789,10211,91,362,271,1970
49000,136.136,81.283,1.441635,1.384155,0.05748,1.48999,1.356934,0.084701,128.9567,0.876152,0.0,119.9369,0.0,0.999375,0.000625,51200,6602585,805,11224,92,362,273,1970
49050,136.274,81.361,1.350439,1.320679,0.02976,1.416138,1.295166,0.055273,128.9672,0.894102,0.0,119.358,0.0,0.999492,0.000508,51200,6603123,784,10199,92,362,273,1970
49100,136.411,81.442,1.241077,1.210571,0.030506,1.317139,1.170532,0.070545,128.8106,0.88373,0.0,120.1086,0.0,0.996953,0.003047,51200,6595104,815,9539,92,362,272,1970
49150,136.541,81.519,1.180436,1.179565,0.000871,1.279785,1.139893,0.040543,128.8194,0.871309,0.0,120.4475,0.0,0.997129,0.002871,51200,6595555,785,8924,92,362,280,1970
49200,136.673,81.597,1.118154,1.157959,-0.039805,1.248291,1.103149,0.015004,141.8808,0.861992,0.092598,130.7873,0.001621,0.995488,0.002891,51200,7264297,774,7968,93,362,285,1970
49250,136.806,81.676,1.037577,1.088013,-0.050436,1.187988,1.035645,0.001932,132.2245,0.863926,0.025122,125.1069,0.00041,0.998457,0.001133,51200,6769893,811,7390,93,362,277,1970
49300,136.934,81.752,0.986634,1.045532,-0.058898,1.140991,0.999512,-0.012878,128.8429,0.86627,0.0,123.0226,0.0,0.997383,0.002617,51200,6596758,750,7094,93,362,278,1970
49350,137.068,81.826,0.98313,1.05249,-0.06936,1.156738,1.006104,-0.022973,128.8525,0.871309,0.0,123.6145,0.0,0.997773,0.002227,51200,6597249,744,6977,93,362,277,1970
49400,137.196,81.901,1.044093,1.036987,0.007106,1.135986,0.995972,0.048121,128.9121,0.873809,0.0,123.8191,0.0,0.998633,0.001367,51200,6600298,767,6738,92,362,277,1970
49450,137.334,81.977,1.144403,1.172607,-0.028204,1.272217,1.126831,0.017572,128.661,0.857285,0.0,123.1812,0.0,0.994883,0.005117,51200,6587444,799,8629,93,362,279,1970
49500,137.476,82.053,1.294576,1.249512,0.045064,1.350464,1.224243,0.070333,128.7788,0.845977,0.0,120.3938,0.0,0.996387,0.003613,51200,6593474,764,10263,93,362,286,1971
49550,137.61,82.128,1.325468,1.271973,0.053496,1.375244,1.241943,0.083525,128.7543,0.832656,0.0,119.8538,0.0,0.996367,0.003633,51200,6592221,816,10884,93,362,298,1971
49600,137.746,82.206,1.327109,1.258179,0.068931,1.368896,1.240967,0.086143,128.7082,0.82207,0.0,119.599,0.0,0.99543,0.00457,51200,6589860,784,10956,90,362,297,1973
49650,137.885,82.285,1.406571,1.311646,0.094926,1.408691,1.289795,0.116777,142.9864,0.817324,0.100385,130.852,0.001777,0.992793,0.00543,51200,7320906,759,11503,90,362,295,1973
49700,138.024,82.365,1.449871,1.370728,0.079144,1.470459,1.343872,0.105999,146.2124,0.819297,0.119751,133.4558,0.002168,0.993594,0.004238,51200,7486077,771,12099,91,362,284,1973
49750,138.166,82.445,1.459573,1.425049,0.034525,1.528931,1.385254,0.074319,147.6894,0.837617,0.127097,134.3663,0.002324,0.996855,0.00082,51200,7561696,781,12450,92,362,280,1975
49800,138.302,82.524,1.529527,1.438965,0.090562,1.53894,1.416992,0.112535,143.2911,0.833359,0.10017,129.1512,0.001777,0.997578,0.000645,51200,7336504,813,13693,92,362,292,1980
49850,138.436,82.602,1.371578,1.319336,0.052242,1.424927,1.290649,0.080928,142.1466,0.817402,0.093214,128.6508,0.001641,0.997012,0.001348,51200,7277904,787,11447,99,362,288,1982
49900,138.572,82.68,1.328123,1.312988,0.015135,1.419678,1.281006,0.047117,144.2449,0.812988,0.106393,132.5412,0.001895,0.997578,0.000527,51200,7385341,808,10974,95,362,294,1982
49950,138.704,82.756,1.292797,1.230225,0.062572,1.340332,1.193604,0.099193,130.2936,0.830625,0.010964,121.6792,0.000176,0.997715,0.002109,51200,6671030,785,10140,94,362,290,1983
50000,138.841,82.832,1.279536,1.265015,0.014521,1.373291,1.234863,0.044672,128.7839,0.839082,0.0,121.1777,0.0,0.996641,0.003359,51200,6593734,774,9913,95,362,300,1983
