epoch,wall_s,sim_s,entropy_bits,zlib_bits,high_order_entropy,mean_steps,frac_copy_runs,frac_term_budget,frac_term_off_region,frac_term_unmatched,runs,steps,mutations,distinct_windows,n_persistent,A_t
0,0.232,0.0,7.99958,8.002533,-0.002953,0.0,0.0,0.0,0.0,0.0,0,0,0,466944,0,0
20,0.584,0.148,7.999366,7.948486,0.05088,588.0275,0.520349,0.056201,0.615186,0.328613,81920,48171212,2642,462827,0,0
40,0.952,0.288,7.999077,7.898254,0.100823,562.4263,0.512366,0.054138,0.611255,0.334607,81920,46073966,2415,459811,0,0
60,1.331,0.472,7.998829,7.859726,0.139103,561.308,0.503455,0.05459,0.605676,0.339734,81920,45982353,2501,457583,0,0
80,1.794,0.655,7.998486,7.830856,0.167629,563.1317,0.499524,0.055286,0.599841,0.344873,81920,46131745,2508,455679,0,0
100,2.19,0.812,7.997939,7.796127,0.201812,559.2565,0.494678,0.054932,0.595166,0.349902,81920,45814290,2520,453851,89,89
120,2.623,1.038,7.997592,7.777878,0.219714,548.0044,0.489099,0.053857,0.587476,0.358667,81920,44892522,2516,452796,131,131
140,3.1,1.246,7.997159,7.744476,0.252683,541.7888,0.48678,0.053162,0.588696,0.358142,81920,44383341,2459,450752,151,151
160,3.459,1.381,7.996615,7.718903,0.277713,535.9105,0.485266,0.052502,0.58988,0.357617,81920,43901790,2561,449523,170,170
180,3.913,1.565,7.996103,7.69632,0.299783,540.3197,0.486438,0.053333,0.586621,0.360046,81920,44262993,2481,448510,184,184
200,4.287,1.756,7.995634,7.681076,0.314558,533.9285,0.483618,0.052625,0.583228,0.364148,81920,43739426,2453,448018,195,195
220,4.653,1.887,7.995287,7.664703,0.330583,526.9741,0.47771,0.052039,0.579968,0.367993,81920,43169717,2554,447196,212,213
240,4.978,2.021,7.994496,7.649231,0.345265,538.6516,0.474231,0.053357,0.579102,0.367542,81920,44126338,2501,446653,217,220
260,5.277,2.157,7.993641,7.63327,0.360371,537.7449,0.477136,0.053259,0.577515,0.369226,81920,44052066,2542,446157,224,231
280,5.571,2.287,7.993005,7.621246,0.371758,521.24,0.478186,0.051355,0.576465,0.37218,81920,42699984,2529,445756,226,233
300,5.864,2.417,7.992317,7.615097,0.37722,522.0945,0.48053,0.051648,0.574133,0.374219,81920,42769985,2475,445854,227,235
320,6.161,2.552,7.991497,7.606903,0.384594,526.3708,0.478381,0.052063,0.573657,0.37428,81920,43120299,2546,445785,231,241
340,6.455,2.682,7.990647,7.607391,0.383256,520.4646,0.476575,0.051453,0.569055,0.379492,81920,42636456,2480,446246,237,247
360,6.749,2.812,7.988841,7.592361,0.396479,511.8701,0.476599,0.050623,0.568921,0.380457,81920,41932397,2485,445814,235,249
380,7.043,2.942,7.988036,7.590469,0.397567,518.8887,0.476733,0.051392,0.571204,0.377405,81920,42507364,2510,446080,238,254
400,7.337,3.074,7.986426,7.572525,0.413901,534.7415,0.47677,0.053284,0.570166,0.37655,81920,43806025,2510,445325,240,256
420,7.653,3.226,7.985134,7.564957,0.420178,533.6397,0.474719,0.053296,0.573364,0.37334,81920,43715768,2448,445251,243,259
440,7.948,3.359,7.98393,7.56163,0.422299,540.4156,0.470776,0.054248,0.569995,0.375757,81920,44270850,2508,445486,240,262
460,8.253,3.494,7.982804,7.554306,0.428498,541.2747,0.470752,0.054248,0.57063,0.375122,81920,44341224,2577,445463,238,264
480,8.574,3.65,7.980978,7.536499,0.444479,538.6151,0.471265,0.053821,0.573157,0.373022,81920,44123351,2475,444695,243,269
500,8.875,3.782,7.979648,7.528015,0.451633,535.9184,0.471118,0.053613,0.575562,0.370825,81920,43902437,2563,444523,244,273
520,9.177,3.919,7.978326,7.513916,0.46441,540.2242,0.471082,0.054138,0.577576,0.368286,81920,44255167,2518,444036,244,275
540,9.474,4.053,7.977346,7.504303,0.473043,542.6086,0.468274,0.054456,0.580066,0.365479,81920,44450497,2492,443740,243,279
560,9.799,4.188,7.975948,7.488342,0.487605,551.9257,0.468091,0.055493,0.580054,0.364453,81920,45213757,2512,443105,242,281
580,10.107,4.332,7.974494,7.474747,0.499747,552.5616,0.46814,0.055579,0.581421,0.363,81920,45265847,2487,442761,241,283
600,10.437,4.484,7.972308,7.467407,0.504901,543.9898,0.468542,0.054761,0.581165,0.364075,81920,44563646,2537,442739,236,284
620,10.749,4.631,7.97072,7.467102,0.503618,548.0441,0.471692,0.055371,0.576392,0.368237,81920,44895770,2591,443094,234,285
640,11.095,4.766,7.968336,7.469482,0.498853,545.3139,0.469238,0.055029,0.574768,0.370203,81920,44672118,2634,443607,242,293
660,11.4,4.907,7.967316,7.463745,0.503571,550.3203,0.468958,0.055554,0.573462,0.370984,81920,45082238,2469,443770,236,294
680,11.702,5.042,7.966105,7.460876,0.505228,549.9083,0.474817,0.055554,0.575562,0.368884,81920,45048490,2526,444054,239,297
700,11.999,5.175,7.964204,7.458588,0.505616,541.1621,0.473242,0.054529,0.575623,0.369849,81920,44332000,2471,444334,239,300
720,12.298,5.31,7.961348,7.442856,0.518493,542.1104,0.475977,0.05448,0.574658,0.370862,81920,44409684,2555,443577,239,300
740,12.597,5.445,7.958715,7.430954,0.527761,537.8718,0.476294,0.053894,0.580432,0.365674,81920,44062455,2526,443156,235,302
760,12.893,5.578,7.956068,7.423172,0.532896,535.4293,0.479895,0.053625,0.583105,0.363269,81920,43862370,2410,443065,241,305
780,13.189,5.71,7.953874,7.422974,0.5309,534.3139,0.484509,0.053687,0.58468,0.361633,81920,43770997,2561,443341,241,307
800,13.506,5.845,7.952092,7.420197,0.531895,543.3281,0.48418,0.054651,0.582373,0.362976,81920,44509438,2532,443554,247,316
820,13.816,5.987,7.951023,7.418945,0.532077,538.1494,0.483472,0.054175,0.581555,0.36427,81920,44085197,2561,443882,244,316
840,14.118,6.125,7.949427,7.4133,0.536127,538.752,0.486462,0.054041,0.584802,0.361157,81920,44134565,2440,443850,242,316
860,14.42,6.259,7.948275,7.412689,0.535586,529.3556,0.484253,0.052893,0.58573,0.361377,81920,43364814,2597,444152,240,316
880,14.716,6.393,7.947665,7.413925,0.53374,534.9134,0.489648,0.053662,0.586926,0.359412,81920,43820107,2514,444500,237,316
900,15.02,6.528,7.94726,7.415436,0.531824,545.5976,0.490906,0.05498,0.586047,0.358972,81920,44695355,2536,444948,238,319
920,15.325,6.664,7.945679,7.421219,0.52446,540.2517,0.488306,0.054346,0.584119,0.361536,81920,44257419,2493,445457,239,321
940,15.647,6.803,7.944715,7.417801,0.526914,539.2373,0.492517,0.054175,0.583691,0.362134,81920,44174321,2519,445639,238,324
960,15.977,6.945,7.942336,7.408508,0.533828,541.4373,0.494788,0.054614,0.583008,0.362378,81920,44354544,2446,445367,237,324
980,16.282,7.083,7.940027,7.401352,0.538675,536.8346,0.493787,0.054028,0.581506,0.364465,81920,43977488,2588,445078,236,326
1000,16.584,7.218,7.936822,7.385086,0.551736,542.7816,0.498169,0.0547,0.583557,0.361743,81920,44464668,2605,444395,234,327
1020,16.901,7.353,7.93334,7.380783,0.552557,541.7311,0.50094,0.054504,0.586877,0.358618,81920,44378609,2535,444438,233,327
1040,17.224,7.513,7.930531,7.381973,0.548558,538.2522,0.508997,0.054102,0.587952,0.357947,81920,44093617,2417,444901,232,327
1060,17.523,7.649,7.928014,7.382126,0.545888,531.8291,0.512695,0.053235,0.591248,0.355518,81920,43567439,2553,445356,232,327
1080,17.832,7.786,7.925742,7.382828,0.542915,537.8312,0.509216,0.053943,0.590454,0.355603,81920,44059128,2613,445635,231,330
1100,18.152,7.923,7.922586,7.373749,0.548838,534.9144,0.512976,0.053601,0.590991,0.355408,81920,43820191,2514,445372,233,332
1120,18.459,8.061,7.920038,7.368698,0.55134,531.332,0.516846,0.053088,0.595154,0.351758,81920,43526717,2550,445306,233,332
1140,18.796,8.23,7.916119,7.36409,0.552029,539.8393,0.51897,0.053882,0.599487,0.346631,81920,44223637,2496,445379,230,333
1160,19.104,8.37,7.914323,7.359863,0.55446,533.0319,0.520581,0.053198,0.600061,0.346741,81920,43665970,2587,445369,231,335
1180,19.421,8.512,7.912591,7.358231,0.554361,535.0586,0.526477,0.053552,0.601868,0.34458,81920,43831997,2350,445444,238,340
1200,19.729,8.653,7.908722,7.3508,0.557923,525.0919,0.529065,0.052332,0.60658,0.341089,81920,43015526,2526,445216,240,340
1220,20.033,8.789,7.905845,7.344162,0.561683,521.9037,0.534729,0.051782,0.608289,0.339929,81920,42754353,2510,445178,237,342
1240,20.344,8.929,7.903386,7.34082,0.562566,521.6637,0.534558,0.051868,0.610742,0.33739,81920,42734691,2470,445320,244,351
1260,20.645,9.064,7.900045,7.336792,0.563253,521.1379,0.54281,0.051831,0.610315,0.337854,81920,42691616,2469,445404,244,351
1280,20.949,9.199,7.895904,7.327835,0.568069,517.2548,0.546875,0.051404,0.613074,0.335522,81920,42373513,2543,445236,237,351
1300,21.262,9.337,7.894127,7.325897,0.56823,523.0753,0.546106,0.052136,0.614246,0.333618,81920,42850327,2421,445380,237,351
1320,21.567,9.476,7.889856,7.32576,0.564097,524.7794,0.547632,0.052234,0.61626,0.331506,81920,42989930,2573,445752,238,353
1340,21.865,9.612,7.884993,7.328857,0.556135,522.6614,0.551147,0.051917,0.618628,0.329456,81920,42816422,2515,446107,240,353
1360,22.163,9.747,7.883748,7.327423,0.556325,519.5116,0.551062,0.051465,0.619336,0.329199,81920,42558392,2569,446231,235,353
1380,22.468,9.886,7.882071,7.322433,0.559638,518.0512,0.556335,0.051245,0.624951,0.323804,81920,42438753,2506,446004,231,353
1400,22.767,10.021,7.880592,7.314331,0.566261,518.1858,0.555957,0.051233,0.627759,0.321008,81920,42449779,2454,445787,229,355
1420,23.068,10.157,7.876359,7.305801,0.570558,523.52,0.556445,0.051953,0.629199,0.318848,81920,42886759,2525,445559,228,355
1440,23.374,10.292,7.874719,7.298447,0.576272,514.9164,0.557422,0.050891,0.630945,0.318164,81920,42181949,2435,445155,229,360
1460,23.684,10.432,7.872247,7.304352,0.567896,516.6916,0.563281,0.051135,0.632996,0.315869,81920,42327375,2572,445717,224,362
1480,23.992,10.57,7.868744,7.301865,0.566879,519.2939,0.564453,0.051379,0.63385,0.314771,81920,42540553,2524,445742,229,371
1500,24.297,10.707,7.865578,7.299149,0.56643,523.0693,0.567151,0.051917,0.634619,0.313464,81920,42849834,2551,445755,222,374
1520,24.603,10.845,7.861628,7.293716,0.567911,537.2447,0.56991,0.053638,0.63728,0.309082,81920,44011083,2457,445797,226,382
1540,24.908,10.984,7.857329,7.291931,0.565398,534.159,0.572656,0.053345,0.638525,0.30813,81920,43758304,2448,445994,228,385
1560,25.221,11.13,7.852429,7.289017,0.563412,544.0012,0.576038,0.054346,0.638855,0.306799,81920,44564578,2585,445943,230,390
1580,25.529,11.27,7.847769,7.285294,0.562475,540.7159,0.578149,0.054016,0.64303,0.302954,81920,44295445,2528,446167,227,390
1600,25.841,11.414,7.841982,7.282272,0.55971,540.8583,0.580212,0.054004,0.646631,0.299365,81920,44307110,2452,446506,232,398
1620,26.158,11.558,7.839505,7.283981,0.555524,553.3652,0.578088,0.055518,0.646838,0.297644,81920,45331674,2529,446909,222,401
1640,26.477,11.702,7.836237,7.279312,0.556925,564.3958,0.580347,0.056897,0.648706,0.294397,81920,46235306,2534,446950,226,406
1660,26.808,11.849,7.832104,7.276169,0.555935,566.3538,0.584302,0.05697,0.653601,0.289429,81920,46395707,2496,446906,219,408
1680,27.125,11.996,7.828564,7.276245,0.552319,565.3295,0.589624,0.056836,0.655664,0.2875,81920,46311794,2507,447105,215,408
1700,27.446,12.142,7.828725,7.274399,0.554326,568.7401,0.590759,0.057275,0.659534,0.283191,81920,46591187,2551,446975,217,411
1720,27.762,12.289,7.826004,7.264893,0.561111,569.7309,0.590222,0.057336,0.662524,0.280139,81920,46672358,2572,446397,216,412
1740,28.088,12.436,7.822665,7.275757,0.546909,573.5731,0.594641,0.0578,0.663745,0.278455,81920,46987110,2488,447271,213,414
1760,28.404,12.584,7.817913,7.27475,0.543164,577.873,0.5979,0.058289,0.66698,0.274731,81920,47339354,2545,447267,216,418
1780,28.724,12.733,7.813495,7.272964,0.540531,579.5557,0.60282,0.058521,0.673291,0.268188,81920,47477207,2378,447378,207,419
1800,29.041,12.882,7.809521,7.259537,0.549984,578.8244,0.610071,0.058215,0.679797,0.261987,81920,47417298,2499,446709,204,419
1820,29.359,13.032,7.80674,7.260132,0.546609,583.7725,0.61554,0.058936,0.683093,0.257971,81920,47822641,2519,446978,204,421
1840,29.679,13.183,7.804439,7.253418,0.551021,582.854,0.623474,0.058765,0.685193,0.256042,81920,47747397,2522,446651,209,427
1860,29.996,13.333,7.803545,7.25882,0.544725,582.1348,0.625903,0.058704,0.687537,0.25376,81920,47688484,2595,447243,213,431
1880,30.314,13.483,7.801755,7.249985,0.551771,582.6324,0.630273,0.058582,0.692407,0.249011,81920,47729250,2526,446892,230,447
1900,30.633,13.635,7.799526,7.235931,0.563595,589.9028,0.636682,0.059424,0.697595,0.242981,81920,48324835,2583,446062,232,447
1920,30.95,13.786,7.79443,7.226807,0.567623,585.1233,0.640601,0.058777,0.701343,0.23988,81920,47933302,2620,445793,228,448
1940,31.272,13.938,7.791295,7.229599,0.561696,592.9499,0.641235,0.059827,0.702307,0.237866,81920,48574452,2474,446414,225,448
1960,31.592,14.09,7.790732,7.236694,0.554038,584.7711,0.642798,0.058716,0.703186,0.238098,81920,47904448,2577,446950,217,448
1980,31.915,14.243,7.789101,7.236404,0.552697,590.7241,0.647327,0.059473,0.704944,0.235583,81920,48392122,2474,447200,220,448
2000,32.247,14.403,7.783731,7.226532,0.557199,592.7207,0.644653,0.059558,0.708008,0.232434,81920,48555682,2410,446620,220,452
2020,32.572,14.557,7.777441,7.220764,0.556676,590.8968,0.652551,0.059375,0.710583,0.230042,81920,48406262,2551,446524,224,457
2040,32.902,14.713,7.774416,7.219009,0.555406,598.6513,0.653052,0.060315,0.716907,0.222778,81920,49041513,2533,446561,222,457
2060,33.236,14.876,7.767013,7.210022,0.556991,600.2543,0.656384,0.060413,0.721143,0.218445,81920,49172833,2541,446303,227,463
2080,33.568,15.034,7.764846,7.208618,0.556228,589.4889,0.662976,0.05907,0.723987,0.216943,81920,48290930,2529,446410,227,463
2100,33.935,15.205,7.764102,7.212585,0.551516,597.3954,0.663818,0.059924,0.72323,0.216846,81920,48938630,2482,446544,233,470
2120,34.269,15.368,7.762881,7.208557,0.554324,606.736,0.664819,0.060974,0.726917,0.212109,81920,49703812,2604,446553,232,473
2140,34.611,15.538,7.762216,7.212448,0.549768,615.1755,0.667712,0.062012,0.731409,0.20658,81920,50395176,2502,447064,235,479
2160,34.945,15.698,7.75767,7.21051,0.54716,606.1675,0.673596,0.060803,0.738794,0.200403,81920,49657244,2502,447017,237,481
2180,35.28,15.858,7.751765,7.20694,0.544825,611.3944,0.68092,0.06156,0.742676,0.195764,81920,50085426,2537,446860,240,485
2200,35.617,16.02,7.750486,7.204178,0.546308,627.2634,0.685583,0.063391,0.7448,0.191809,81920,51385416,2480,446755,232,488
2220,35.953,16.184,7.749655,7.205246,0.544409,620.5236,0.689392,0.062512,0.751624,0.185864,81920,50833296,2521,446815,232,488
2240,36.293,16.352,7.747858,7.204773,0.543085,633.561,0.69408,0.064124,0.753479,0.182397,81920,51901315,2520,446941,240,493
2260,36.629,16.517,7.743812,7.198532,0.54528,634.4402,0.703894,0.064099,0.75697,0.178931,81920,51973343,2458,446877,233,493
2280,36.961,16.678,7.740974,7.199478,0.541496,625.6972,0.705945,0.062976,0.762378,0.174646,81920,51257117,2499,447219,235,496
2300,37.335,16.85,7.739219,7.209808,0.529411,627.6285,0.708997,0.063391,0.763647,0.172961,81920,51415323,2496,448020,237,500
2320,37.67,17.013,7.740339,7.212631,0.527708,636.0717,0.712634,0.064355,0.765125,0.17052,81920,52106991,2496,448246,236,502
2340,38.006,17.177,7.737975,7.210693,0.527282,638.5786,0.714819,0.064575,0.767725,0.1677,81920,52312360,2487,448253,232,502
2360,38.346,17.346,7.735774,7.209137,0.526637,653.8868,0.719006,0.066418,0.77406,0.159521,81920,53566410,2576,448109,224,502
2380,38.699,17.523,7.733244,7.214172,0.519072,673.4716,0.71731,0.068823,0.772583,0.158594,81920,55170791,2507,448463,223,502
2400,39.053,17.698,7.729911,7.213974,0.515937,661.3107,0.714502,0.067383,0.77312,0.159497,81920,54174575,2534,448679,223,504
2420,39.402,17.869,7.726767,7.213837,0.51293,664.0941,0.719983,0.067639,0.776343,0.156018,81920,54402589,2499,448767,229,512
2440,39.745,18.039,7.723034,7.213577,0.509457,672.6055,0.726038,0.068689,0.779944,0.151367,81920,55099839,2454,448914,223,513
2460,40.086,18.211,7.720225,7.210312,0.509913,672.0087,0.728467,0.068628,0.780322,0.15105,81920,55050950,2497,448692,223,515
2480,40.424,18.381,7.721032,7.217331,0.503701,660.4375,0.729883,0.067017,0.781604,0.151379,81920,54103038,2523,449238,224,518
2500,40.782,18.559,7.722847,7.223862,0.498986,651.9216,0.731946,0.065955,0.784656,0.14939,81920,53405418,2534,449769,226,518
2520,41.134,18.731,7.726314,7.226547,0.499767,653.3229,0.734216,0.066174,0.790161,0.143665,81920,53520213,2487,449905,221,518
2540,41.485,18.913,7.725854,7.223709,0.502145,660.3635,0.732727,0.067053,0.789514,0.143433,81920,54096978,2481,449515,219,518
2560,41.822,19.083,7.724737,7.227097,0.49764,662.4569,0.730725,0.06731,0.792261,0.14043,81920,54268466,2473,449798,220,520
2580,42.176,19.266,7.723585,7.22934,0.494246,664.2915,0.729175,0.067615,0.79137,0.141016,81920,54418762,2477,450042,223,522
2600,42.527,19.44,7.722398,7.232391,0.490007,674.2746,0.727905,0.068872,0.789404,0.141724,81920,55236573,2541,450288,228,528
2620,42.908,19.615,7.72128,7.234085,0.487195,670.4719,0.725378,0.068274,0.791675,0.140051,81920,54925061,2538,450168,228,528
2640,43.245,19.788,7.719071,7.230026,0.489045,673.7507,0.732935,0.068567,0.796277,0.135156,81920,55193659,2410,450084,225,528
2660,43.585,19.961,7.717135,7.231842,0.485293,683.324,0.735046,0.069739,0.7974,0.132861,81920,55977899,2444,450224,224,534
2680,43.924,20.135,7.714528,7.235138,0.47939,692.8604,0.737927,0.070801,0.798462,0.130737,81920,56759128,2524,450526,225,534
2700,44.268,20.313,7.712038,7.235123,0.476915,682.8255,0.739502,0.069666,0.800867,0.129468,81920,55937069,2568,450708,224,534
2720,44.611,20.487,7.711738,7.234894,0.476844,691.6628,0.744141,0.070728,0.800391,0.128882,81920,56661018,2487,450706,225,536
2740,45.003,20.709,7.711494,7.236084,0.47541,691.7652,0.742078,0.070654,0.800842,0.128503,81920,56669408,2517,450733,223,536
2760,45.348,20.884,7.709248,7.237106,0.472142,689.3708,0.743945,0.070337,0.802368,0.127295,81920,56473252,2511,450930,222,539
2780,45.694,21.06,7.708604,7.237366,0.471239,694.9557,0.745654,0.071082,0.804504,0.124414,81920,56930772,2494,450925,214,539
2800,46.042,21.239,7.710689,7.242676,0.468013,703.7734,0.747351,0.072107,0.805798,0.122095,81920,57653114,2509,451248,213,539
2820,46.434,21.446,7.711033,7.245941,0.465091,704.2926,0.747363,0.072241,0.81106,0.116699,81920,57695646,2522,451411,221,548
2840,46.792,21.628,7.70955,7.246979,0.462571,692.7044,0.748376,0.070605,0.813354,0.11604,81920,56746342,2501,451507,220,550
2860,47.16,21.81,7.709222,7.249451,0.459771,689.4619,0.753247,0.070178,0.815454,0.114368,81920,56480719,2499,451867,217,550
2880,47.533,22.017,7.70944,7.25119,0.45825,706.1866,0.754102,0.072278,0.816309,0.111414,81920,57850807,2488,452031,215,553
2900,47.888,22.204,7.70923,7.251663,0.457567,706.8992,0.757056,0.072217,0.820435,0.107349,81920,57909179,2516,452045,213,553
2920,48.249,22.394,7.707949,7.259521,0.448427,695.1813,0.752673,0.070911,0.820325,0.108765,81920,56949252,2457,452567,211,553
2940,48.628,22.573,7.704842,7.262192,0.44265,697.6181,0.749548,0.071143,0.819067,0.10979,81920,57148878,2480,452776,215,558
2960,48.987,22.75,7.707337,7.268677,0.438661,682.7781,0.755945,0.069421,0.82085,0.109729,81920,55933178,2445,453046,210,558
2980,49.372,22.944,7.704721,7.267441,0.437281,693.8584,0.75415,0.070728,0.819421,0.109851,81920,56840882,2506,452960,214,563
3000,49.783,23.157,7.702619,7.271759,0.43086,703.0276,0.754626,0.071765,0.819153,0.109082,81920,57592021,2503,453290,213,565
3020,50.131,23.335,7.699282,7.276215,0.423068,695.264,0.754785,0.070776,0.819287,0.109937,81920,56956030,2532,453696,214,572
3040,50.484,23.515,7.700054,7.283142,0.416912,708.3972,0.758911,0.072473,0.818518,0.109009,81920,58031895,2512,454148,214,578
3060,50.837,23.697,7.700962,7.283844,0.417118,710.4744,0.764185,0.072681,0.819116,0.108203,81920,58202059,2563,454084,212,580
3080,51.19,23.878,7.701312,7.279892,0.42142,715.2656,0.765356,0.073352,0.819556,0.107092,81920,58594556,2535,453703,213,582
3100,51.548,24.064,7.701281,7.278946,0.422335,712.5868,0.766504,0.072864,0.821509,0.105627,81920,58375114,2524,453551,214,587
3120,51.904,24.248,7.698897,7.274002,0.424895,712.5312,0.762354,0.072852,0.818335,0.108813,81920,58370555,2596,453243,217,591
3140,52.257,24.431,7.696212,7.275162,0.421051,705.9154,0.765601,0.072119,0.818286,0.109595,81920,57828591,2509,453464,222,599
3160,52.608,24.613,7.694082,7.277802,0.41628,705.3108,0.766931,0.07207,0.81676,0.111169,81920,57779058,2510,453590,215,599
3180,52.966,24.795,7.690763,7.271164,0.419599,721.7928,0.764453,0.074158,0.815063,0.110779,81920,59129263,2510,453448,214,599
3200,53.321,24.977,7.686919,7.27124,0.415679,724.1528,0.765576,0.074292,0.816736,0.108972,81920,59322599,2477,453620,219,602
3220,53.704,25.161,7.686129,7.274094,0.412035,731.8926,0.767151,0.075208,0.815222,0.10957,81920,59956638,2560,453460,221,604
3240,54.074,25.364,7.685161,7.269913,0.415248,737.9371,0.767505,0.076221,0.815271,0.108508,81920,60451811,2491,453311,216,605
3260,54.427,25.551,7.687207,7.273575,0.413632,746.1657,0.767004,0.077087,0.817896,0.105017,81920,61125898,2497,453536,223,613
3280,54.78,25.739,7.684278,7.273499,0.41078,754.8224,0.764014,0.078235,0.814624,0.107141,81920,61835053,2500,453440,217,613
3300,55.135,25.928,7.681718,7.27269,0.409028,766.0013,0.763892,0.079541,0.811768,0.108691,81920,62750828,2558,453644,213,618
3320,55.495,26.12,7.68113,7.267822,0.413308,778.3151,0.760815,0.081177,0.811914,0.106909,81920,63759570,2539,453302,211,622
3340,55.877,26.329,7.679146,7.264389,0.414756,780.4057,0.757581,0.08136,0.810291,0.10835,81920,63930831,2586,453124,210,624
3360,56.252,26.531,7.677623,7.262024,0.415599,787.9573,0.755408,0.082434,0.811353,0.106213,81920,64549466,2436,453157,210,625
3380,56.656,26.731,7.672644,7.261353,0.411291,791.6725,0.754553,0.082971,0.812439,0.10459,81920,64853809,2562,453121,211,625
3400,57.023,26.924,7.67076,7.262085,0.408675,781.3997,0.758423,0.081531,0.81615,0.102319,81920,64012263,2509,453242,217,633
3420,57.388,27.119,7.67173,7.261475,0.410255,785.8589,0.76239,0.081885,0.8146,0.103516,81920,64377565,2541,453337,218,642
3440,57.757,27.32,7.666837,7.26355,0.403287,784.7963,0.764148,0.08197,0.812915,0.105115,81920,64290509,2496,453422,220,648
3460,58.122,27.515,7.666968,7.264893,0.402075,790.0745,0.762964,0.082556,0.81051,0.106934,81920,64722906,2519,453372,212,650
3480,58.487,27.712,7.663691,7.265671,0.39802,800.7821,0.766858,0.08396,0.810413,0.105627,81920,65600071,2598,453493,208,650
3500,58.854,27.908,7.663232,7.266312,0.39692,803.6496,0.767371,0.08429,0.811865,0.103845,81920,65834978,2538,453436,212,653
3520,59.22,28.105,7.665813,7.26712,0.398693,809.0086,0.766846,0.084973,0.817078,0.097949,81920,66273982,2489,453248,204,653
3540,59.605,28.312,7.664173,7.264114,0.400059,802.5364,0.768152,0.08396,0.818835,0.097205,81920,65743784,2463,453196,209,660
3560,59.976,28.513,7.662001,7.265717,0.396284,796.3729,0.768323,0.083044,0.818372,0.098584,81920,65238866,2473,453171,212,662
3580,60.34,28.71,7.660386,7.26944,0.390946,789.2432,0.768958,0.082227,0.819116,0.098657,81920,64654799,2444,453521,211,662
3600,60.701,28.905,7.657645,7.271957,0.385688,791.0308,0.772437,0.08252,0.818909,0.098572,81920,64801244,2578,453760,212,664
3620,61.066,29.1,7.657346,7.270782,0.386564,783.9265,0.767578,0.081641,0.817859,0.1005,81920,64219260,2525,453790,214,667
3640,61.432,29.297,7.65443,7.264954,0.389477,792.3426,0.766724,0.08269,0.818982,0.098328,81920,64908707,2540,453711,203,669
3660,61.803,29.498,7.653506,7.268875,0.384631,797.8256,0.767505,0.083276,0.818762,0.097961,81920,65357871,2486,453914,203,671
3680,62.167,29.696,7.653472,7.269623,0.383849,795.8063,0.770129,0.083118,0.818738,0.098145,81920,65192450,2476,453872,205,671
3700,62.534,29.892,7.654333,7.274048,0.380285,794.2868,0.767737,0.082996,0.819983,0.097021,81920,65067978,2538,454051,214,679
3720,62.897,30.087,7.657371,7.276505,0.380867,789.0952,0.771667,0.082336,0.822632,0.095032,81920,64642679,2443,454120,208,682
3740,63.301,30.318,7.659337,7.279037,0.380299,799.7142,0.767834,0.083691,0.817029,0.09928,81920,65512591,2506,454176,201,684
3760,63.684,30.517,7.660108,7.283447,0.376661,801.3586,0.765869,0.084009,0.813245,0.102747,81920,65647295,2461,454368,196,685
3780,64.099,30.723,7.65703,7.279785,0.377244,801.7477,0.763562,0.083875,0.81134,0.104785,81920,65679169,2544,454213,195,687
3800,64.478,30.925,7.657647,7.281937,0.37571,815.649,0.766443,0.085596,0.813318,0.101086,81920,66817970,2607,454467,197,687
3820,64.847,31.127,7.661182,7.294144,0.367038,827.6402,0.76394,0.087183,0.813049,0.099768,81920,67800287,2480,454989,198,690
3840,65.216,31.329,7.66298,7.29808,0.364899,823.8659,0.763574,0.086584,0.812,0.101416,81920,67491095,2528,455123,194,690
3860,65.587,31.531,7.661672,7.299469,0.362203,818.9945,0.764404,0.085913,0.813513,0.100574,81920,67092026,2481,455407,196,690
3880,65.959,31.732,7.662816,7.302628,0.360188,830.4961,0.766956,0.087488,0.813562,0.09895,81920,68034240,2553,455625,193,690
3900,66.384,31.988,7.659613,7.294693,0.36492,839.2639,0.769666,0.088416,0.813696,0.097888,81920,68752502,2439,455076,192,692
3920,66.758,32.194,7.658391,7.298431,0.359959,842.6698,0.769629,0.088831,0.814001,0.097168,81920,69031510,2503,455548,187,692
3940,67.138,32.405,7.655567,7.293457,0.36211,841.1185,0.769287,0.088684,0.811511,0.099805,81920,68904431,2570,455193,189,696
3960,67.512,32.608,7.649621,7.290115,0.359506,831.7943,0.773022,0.087659,0.816345,0.095996,81920,68140587,2474,455009,187,696
3980,67.893,32.822,7.647423,7.291763,0.35566,838.7752,0.773694,0.088428,0.815039,0.096533,81920,68712467,2530,455054,190,700
4000,68.339,33.067,7.645801,7.295639,0.350162,840.9304,0.7776,0.088684,0.817224,0.094092,81920,68889019,2505,455347,190,703
4020,68.731,33.288,7.643222,7.294327,0.348895,843.4484,0.781323,0.088916,0.819153,0.091931,81920,69095296,2570,455458,187,703
4040,69.195,33.508,7.640776,7.295166,0.34561,839.2509,0.782996,0.088452,0.821082,0.090466,81920,68751435,2432,455629,187,707
4060,69.588,33.732,7.639728,7.291794,0.347934,825.4748,0.783777,0.086694,0.822717,0.090588,81920,67622894,2614,455467,180,709
4080,69.958,33.934,7.638582,7.296249,0.342332,827.9722,0.784863,0.087012,0.822876,0.090112,81920,67827483,2583,455624,180,709
4100,70.35,34.154,7.634682,7.295456,0.339227,837.0457,0.784766,0.08822,0.820996,0.090784,81920,68570780,2521,455672,178,711
4120,70.723,34.36,7.630453,7.290863,0.33959,836.3683,0.787646,0.088171,0.822815,0.089014,81920,68515289,2490,455514,178,711
4140,71.1,34.565,7.624601,7.291443,0.333159,843.3345,0.786133,0.088904,0.825549,0.085547,81920,69085964,2443,455719,180,711
4160,71.479,34.77,7.622454,7.290054,0.3324,842.4781,0.786963,0.08877,0.827185,0.084045,81920,69015803,2501,455637,178,711
4180,71.907,35.017,7.620549,7.295151,0.325399,853.4651,0.785974,0.090198,0.827478,0.082324,81920,69915857,2491,456090,183,719
4200,72.29,35.229,7.617122,7.297882,0.31924,857.5254,0.786414,0.090552,0.826709,0.082739,81920,70248483,2524,456361,178,721
4220,72.685,35.437,7.61356,7.302826,0.310734,855.0891,0.788525,0.090247,0.826599,0.083154,81920,70048897,2503,456624,177,723
4240,73.061,35.645,7.611902,7.30423,0.307672,845.8171,0.786719,0.089038,0.82998,0.080981,81920,69289338,2591,456804,169,723
4260,73.44,35.853,7.612354,7.305054,0.3073,836.7448,0.787317,0.088086,0.833289,0.078625,81920,68546135,2543,456886,168,725
4280,73.824,36.061,7.613769,7.30513,0.308639,843.76,0.783826,0.089062,0.832837,0.078101,81920,69120817,2509,456736,169,729
4300,74.201,36.267,7.615569,7.309097,0.306472,833.5314,0.781995,0.08772,0.831604,0.080676,81920,68282896,2519,456941,167,729
4320,74.584,36.48,7.61618,7.313919,0.302261,833.6338,0.780725,0.087793,0.828918,0.083289,81920,68291278,2476,457252,172,739
4340,74.963,36.688,7.615743,7.315094,0.300649,838.3405,0.781409,0.08833,0.827661,0.084009,81920,68676851,2565,457415,178,741
4360,75.345,36.896,7.614474,7.319977,0.294497,850.0517,0.781848,0.089746,0.824707,0.085547,81920,69636232,2570,457556,180,741
4380,75.726,37.106,7.611901,7.318832,0.293068,849.5197,0.781555,0.089758,0.823914,0.086328,81920,69592652,2520,457598,178,741
4400,76.163,37.366,7.607394,7.317749,0.289645,862.4809,0.784729,0.091223,0.825745,0.083032,81920,70654435,2519,457584,180,743
4420,76.547,37.577,7.60612,7.318695,0.287425,857.6573,0.789905,0.090564,0.828796,0.08064,81920,70259282,2556,457574,179,743
4440,76.951,37.79,7.604788,7.319382,0.285406,867.1923,0.792432,0.091614,0.8302,0.078186,81920,71040392,2506,457620,176,743
4460,77.374,38.024,7.604691,7.319656,0.285034,865.0152,0.796313,0.091345,0.832581,0.076074,81920,70862048,2459,457529,177,745
4480,77.75,38.233,7.602976,7.326782,0.276194,864.694,0.797876,0.091394,0.833105,0.0755,81920,70835729,2499,457792,179,747
4500,78.201,38.514,7.601781,7.328125,0.273656,865.391,0.799805,0.091504,0.832153,0.076343,81920,70892828,2502,457829,176,747
4520,78.601,38.73,7.60234,7.328644,0.273696,876.5841,0.799561,0.092725,0.831213,0.076062,81920,71809772,2487,457796,173,747
4540,79.018,38.945,7.604248,7.327637,0.276611,866.9368,0.798425,0.091516,0.834717,0.073767,81920,71019462,2489,457656,172,751
4560,79.41,39.166,7.604839,7.328583,0.276256,865.1477,0.800122,0.091418,0.834521,0.07406,81920,70872898,2472,457479,170,751
4580,79.824,39.406,7.606908,7.332504,0.274404,875.0879,0.801489,0.092542,0.833765,0.073694,81920,71687203,2483,457474,171,754
4600,80.214,39.622,7.603763,7.32605,0.277713,874.033,0.79939,0.092505,0.834241,0.073254,81920,71600784,2472,457116,177,763
4620,80.597,39.834,7.601325,7.327499,0.273826,876.816,0.801257,0.092798,0.836853,0.070349,81920,71828769,2434,457308,179,765
4640,81.0,40.054,7.602306,7.329605,0.272701,874.0545,0.803235,0.092444,0.834534,0.073022,81920,71602545,2571,457475,173,765
4660,81.384,40.265,7.60024,7.328247,0.271993,874.1283,0.804578,0.092432,0.832141,0.075427,81920,71608589,2460,457454,168,765
4680,81.767,40.475,7.603462,7.332123,0.271339,870.1834,0.804602,0.091943,0.83573,0.072327,81920,71285424,2551,457603,173,772
4700,82.151,40.685,7.601999,7.332138,0.269861,869.9986,0.807324,0.091956,0.835156,0.072888,81920,71270289,2493,457422,169,774
4720,82.533,40.896,7.601097,7.332779,0.268318,864.4128,0.807068,0.091187,0.833838,0.074976,81920,70812695,2523,457391,173,776
4740,82.922,41.11,7.599971,7.33226,0.267711,864.2356,0.80752,0.091138,0.838245,0.070618,81920,70798179,2586,457513,175,776
4760,83.351,41.329,7.598858,7.331772,0.267086,859.5556,0.812012,0.090588,0.841919,0.067493,81920,70414791,2502,457587,167,779
4780,83.73,41.539,7.599451,7.33667,0.262781,865.3242,0.811792,0.091309,0.843347,0.065344,81920,70887355,2543,457769,175,789
4800,84.113,41.749,7.598348,7.339401,0.258947,871.045,0.816577,0.092041,0.839856,0.068103,81920,71356005,2552,457836,177,789
4820,84.491,41.958,7.600805,7.337601,0.263204,861.6652,0.815833,0.091077,0.842004,0.066919,81920,70587612,2554,457454,176,791
4840,84.87,42.165,7.599602,7.339691,0.259911,847.7349,0.819849,0.089319,0.845105,0.065576,81920,69446440,2524,457676,172,791
4860,85.251,42.375,7.594629,7.337494,0.257135,858.1973,0.821082,0.090625,0.843945,0.06543,81920,70303523,2535,457746,169,793
4880,85.634,42.587,7.592371,7.336792,0.255579,859.1605,0.8229,0.090613,0.843518,0.065869,81920,70382426,2564,457890,172,797
4900,86.018,42.799,7.594072,7.339188,0.254884,849.1564,0.82627,0.089368,0.847217,0.063416,81920,69562896,2493,457790,170,802
4920,86.404,43.013,7.590251,7.333069,0.257182,857.3154,0.829614,0.090393,0.849512,0.060095,81920,70231277,2540,457604,166,802
4940,86.816,43.228,7.588375,7.340881,0.247494,867.1666,0.830798,0.091589,0.84552,0.062891,81920,71038289,2536,458197,163,804
4960,87.213,43.444,7.587564,7.344101,0.243463,876.5263,0.830908,0.092786,0.841479,0.065735,81920,71805036,2475,458439,167,808
4980,87.604,43.657,7.586349,7.3452,0.241149,876.2005,0.831409,0.092786,0.841052,0.066162,81920,71778346,2568,458518,166,810
5000,87.997,43.87,7.588257,7.342209,0.246048,879.5854,0.832605,0.093152,0.842236,0.064612,81920,72055635,2501,458166,168,813
5020,88.387,44.088,7.588357,7.347626,0.240731,873.0775,0.837512,0.092285,0.84668,0.061035,81920,71522506,2550,458258,164,813
5040,88.791,44.325,7.58362,7.343399,0.240221,872.4758,0.836047,0.092029,0.8474,0.060571,81920,71473217,2505,458304,160,813
5060,89.173,44.535,7.582296,7.343079,0.239218,861.0565,0.83645,0.090723,0.84928,0.059998,81920,70537751,2493,458206,160,813
5080,89.57,44.749,7.582168,7.347382,0.234786,860.0772,0.833521,0.090686,0.845264,0.06405,81920,70457528,2567,458462,160,815
5100,89.952,44.958,7.581728,7.349411,0.232317,852.3844,0.834766,0.089685,0.844507,0.065808,81920,69827329,2559,458593,158,815
5120,90.332,45.167,7.581376,7.347672,0.233704,842.243,0.833081,0.088306,0.844434,0.067261,81920,68996550,2479,458612,158,815
5140,90.737,45.391,7.579909,7.342712,0.237196,855.2973,0.835437,0.090039,0.845508,0.064453,81920,70065958,2498,458452,158,815
5160,91.116,45.599,7.580365,7.341507,0.238858,837.8323,0.838916,0.088013,0.846228,0.065759,81920,68635224,2533,458478,158,817
5180,91.499,45.811,7.582264,7.346451,0.235814,858.7277,0.834729,0.090479,0.842493,0.067029,81920,70346973,2545,458743,160,817
5200,91.899,46.024,7.586801,7.359085,0.227715,857.2436,0.833643,0.090332,0.844592,0.065076,81920,70225398,2548,459085,166,819
5220,92.276,46.232,7.587251,7.361084,0.226167,839.6516,0.832288,0.088281,0.84436,0.067358,81920,68784258,2479,459160,163,819
5240,92.654,46.439,7.590291,7.363281,0.227009,840.4179,0.832031,0.088245,0.843433,0.068323,81920,68847033,2451,458941,166,819
5260,93.049,46.648,7.591014,7.365067,0.225948,839.2658,0.830786,0.088123,0.843408,0.068469,81920,68752653,2525,459056,163,819
5280,93.428,46.857,7.590685,7.363068,0.227617,851.4835,0.832825,0.089502,0.841345,0.069153,81920,69753527,2529,458887,159,819
5300,93.806,47.065,7.587237,7.361145,0.226092,842.4659,0.836523,0.088416,0.842712,0.068872,81920,69014806,2584,458940,159,819
5320,94.184,47.271,7.585483,7.362808,0.222675,832.7919,0.838892,0.087207,0.846423,0.06637,81920,68222314,2512,458948,159,819
5340,94.741,47.543,7.584385,7.363159,0.221226,836.2608,0.837683,0.087573,0.845935,0.066492,81920,68506488,2539,459004,160,823
5360,95.392,47.9,7.583403,7.364059,0.219344,832.2792,0.83446,0.08717,0.845312,0.067517,81920,68180315,2536,458996,164,826
5380,95.818,48.149,7.582487,7.363968,0.21852,840.1011,0.832703,0.088208,0.843738,0.068054,81920,68821083,2564,458959,154,826
5400,96.223,48.362,7.578176,7.361435,0.216741,840.2734,0.83031,0.08822,0.8427,0.06908,81920,68835197,2525,458969,152,828
5420,96.627,48.595,7.57541,7.357941,0.217469,834.4394,0.831042,0.087622,0.843652,0.068726,81920,68357277,2551,458938,156,832
5440,97.008,48.802,7.572689,7.356262,0.216427,828.7324,0.833618,0.086841,0.847461,0.065698,81920,67889762,2564,458949,155,832
5460,97.39,49.01,7.575858,7.361526,0.214332,836.9383,0.833167,0.087781,0.844324,0.067896,81920,68561987,2470,459099,156,834
5480,97.764,49.214,7.578931,7.364182,0.214749,822.471,0.830566,0.086108,0.845068,0.068823,81920,67376826,2616,459034,164,840
5500,98.159,49.419,7.580651,7.362946,0.217705,822.7164,0.834436,0.086072,0.843213,0.070715,81920,67396929,2524,458814,161,840
5520,98.539,49.629,7.584806,7.366608,0.218198,824.3213,0.836719,0.086169,0.846448,0.067383,81920,67528399,2440,458785,160,842
5540,98.92,49.838,7.582834,7.366943,0.215891,815.1491,0.833594,0.085205,0.844153,0.070642,81920,66777013,2515,458869,158,842
5560,99.294,50.04,7.582118,7.36998,0.212138,808.4081,0.832458,0.084363,0.843445,0.072192,81920,66224791,2459,459085,156,842
5580,99.67,50.242,7.577274,7.365692,0.211582,797.3496,0.832996,0.082898,0.843469,0.073633,81920,65318878,2628,458846,156,842
5600,100.045,50.444,7.577977,7.365799,0.212178,797.539,0.829919,0.082947,0.842615,0.074438,81920,65334396,2560,458959,157,842
5620,100.422,50.647,7.577914,7.368896,0.209017,796.5955,0.832397,0.082776,0.843945,0.073279,81920,65257101,2545,459038,156,842
5640,100.797,50.849,7.576543,7.363876,0.212667,794.7515,0.833716,0.082642,0.84447,0.072888,81920,65106041,2463,458850,159,844
5660,101.169,51.05,7.576108,7.365982,0.210126,788.8461,0.831921,0.081824,0.843787,0.07439,81920,64622271,2551,458892,157,844
5680,101.545,51.253,7.576157,7.367294,0.208862,788.2364,0.832275,0.081787,0.841113,0.0771,81920,64572323,2419,458877,156,844
5700,101.919,51.454,7.576694,7.372665,0.204028,789.6417,0.831787,0.081995,0.840381,0.077625,81920,64687452,2541,459210,153,846
5720,102.342,51.698,7.575675,7.368774,0.2069,791.6417,0.834302,0.082104,0.838586,0.079309,81920,64851290,2552,458918,153,847
5740,102.747,51.897,7.576152,7.363068,0.213085,786.9381,0.832092,0.081543,0.838501,0.079956,81920,64465973,2420,458427,152,847
5760,103.113,52.095,7.574473,7.360916,0.213557,785.6509,0.829504,0.081494,0.839355,0.07915,81920,64360522,2380,458347,150,849
5780,103.479,52.291,7.574915,7.361832,0.213083,779.2835,0.831409,0.080762,0.840686,0.078552,81920,63838907,2443,458476,152,851
5800,103.846,52.49,7.573871,7.362503,0.211368,778.4709,0.835315,0.08064,0.841003,0.078357,81920,63772333,2598,458490,154,851
5820,104.208,52.684,7.571976,7.356369,0.215607,767.9205,0.840137,0.079346,0.842944,0.07771,81920,62908045,2579,458343,159,851
5840,104.576,52.88,7.569929,7.356277,0.213652,766.4929,0.840015,0.079175,0.842175,0.07865,81920,62791099,2474,458239,161,851
5860,104.939,53.073,7.569023,7.350784,0.218238,752.6888,0.841858,0.077417,0.844824,0.077759,81920,61660267,2560,457984,162,853
5880,105.314,53.274,7.572915,7.357788,0.215126,746.097,0.843201,0.076514,0.848462,0.075024,81920,61120264,2523,458537,162,855
5900,105.683,53.469,7.573089,7.365234,0.207855,747.9318,0.84198,0.076929,0.84707,0.076001,81920,61270571,2501,458794,162,855
5920,106.066,53.664,7.573412,7.367981,0.205431,746.0212,0.844421,0.076489,0.848389,0.075122,81920,61114060,2599,459027,159,857
5940,106.496,53.882,7.572102,7.36644,0.205662,744.9841,0.849512,0.076465,0.849414,0.074121,81920,61029101,2559,459145,164,859
5960,106.863,54.076,7.570696,7.364532,0.206163,742.1129,0.846106,0.07605,0.848755,0.075195,81920,60793885,2557,458932,160,859
5980,107.249,54.287,7.571436,7.364288,0.207148,739.7184,0.847424,0.075879,0.85155,0.072571,81920,60597735,2499,458964,159,859
6000,107.672,54.529,7.566509,7.359756,0.206752,736.1027,0.850903,0.075598,0.850134,0.074268,81920,60301534,2487,458920,155,859
6020,108.039,54.722,7.565615,7.356812,0.208803,741.3327,0.852722,0.076208,0.850989,0.072803,81920,60729977,2500,458776,157,861
6040,108.405,54.916,7.560908,7.350449,0.21046,745.5318,0.857288,0.076636,0.848804,0.074561,81920,61073961,2498,458627,162,864
6060,108.776,55.12,7.5592,7.34613,0.21307,744.6105,0.861731,0.076587,0.849854,0.07356,81920,60998489,2618,458412,157,864
6080,109.143,55.314,7.554222,7.342026,0.212196,745.4604,0.862634,0.076733,0.848804,0.074463,81920,61068120,2495,458251,155,864
6100,109.507,55.509,7.555822,7.343353,0.212469,753.1468,0.863049,0.077673,0.846338,0.075989,81920,61697783,2502,458513,152,864
6120,109.87,55.701,7.553915,7.341919,0.211996,748.8259,0.861304,0.077185,0.845789,0.077026,81920,61343818,2441,458588,152,866
6140,110.298,55.944,7.554305,7.343719,0.210586,746.4953,0.861731,0.076782,0.843066,0.080151,81920,61152894,2446,458650,158,876
6160,110.658,56.138,7.555203,7.345703,0.2095,738.5938,0.859961,0.075842,0.842981,0.081177,81920,60505601,2523,458638,159,878
6180,111.022,56.33,7.560762,7.351151,0.209611,746.6473,0.858948,0.076819,0.839563,0.083618,81920,61165349,2510,458721,151,878
6200,111.416,56.522,7.557942,7.350296,0.207646,739.3808,0.861011,0.075732,0.841541,0.082727,81920,60570077,2559,458796,153,880
6220,111.789,56.719,7.55485,7.349487,0.205362,739.2517,0.863452,0.075879,0.841919,0.082202,81920,60559503,2530,459028,146,880
6240,112.152,56.911,7.554904,7.348251,0.206652,734.7138,0.864563,0.075415,0.842676,0.081909,81920,60187757,2552,458996,148,880
6260,112.512,57.103,7.55467,7.345245,0.209425,732.0763,0.863098,0.075024,0.843726,0.08125,81920,59971691,2521,458766,152,882
6280,113.055,57.296,7.553281,7.347244,0.206037,729.8957,0.865491,0.074756,0.845361,0.079883,81920,59793059,2566,458830,156,888
6300,113.603,57.608,7.552461,7.344193,0.208269,725.1073,0.866504,0.074182,0.847998,0.07782,81920,59400790,2501,458594,155,888
6320,114.09,57.833,7.551958,7.340363,0.211596,721.3063,0.864563,0.073535,0.84917,0.077295,81920,59089414,2527,458323,155,888
6340,114.579,58.034,7.552768,7.341293,0.211475,725.7503,0.862183,0.074048,0.849084,0.076868,81920,59453466,2522,458431,155,889
6360,114.95,58.234,7.549702,7.337189,0.212513,720.4077,0.860706,0.073438,0.847693,0.07887,81920,59015802,2505,458186,150,889
6380,115.36,58.424,7.546586,7.334686,0.2119,718.8501,0.862756,0.073206,0.85144,0.075354,81920,58888204,2438,458187,147,889
6400,115.947,58.805,7.548938,7.336456,0.212482,716.5862,0.860706,0.072888,0.851562,0.075549,81920,58702742,2493,458367,145,889
6420,116.36,59.03,7.549434,7.335922,0.213512,708.6197,0.858801,0.072046,0.849609,0.078345,81920,58050128,2572,458159,147,889
6440,116.716,59.216,7.547192,7.333908,0.213284,699.2363,0.858887,0.070728,0.850061,0.079211,81920,57281435,2449,457970,153,892
6460,117.074,59.404,7.546372,7.328766,0.217606,704.4016,0.858777,0.071472,0.845984,0.082544,81920,57704579,2433,457725,151,893
6480,117.452,59.592,7.546694,7.331879,0.214816,700.8853,0.858582,0.070984,0.844617,0.084399,81920,57416527,2579,457745,148,893
6500,117.808,59.777,7.544941,7.330643,0.214299,698.3138,0.860889,0.070789,0.844995,0.084216,81920,57205866,2566,457695,153,895
6520,118.165,59.964,7.543154,7.325745,0.21741,708.9893,0.858911,0.072156,0.843652,0.084192,81920,58080404,2565,457628,149,895
6540,118.545,60.153,7.540667,7.322723,0.217944,723.6396,0.859741,0.073975,0.842334,0.083691,81920,59280556,2518,457485,149,895
6560,118.921,60.355,7.538731,7.309006,0.229726,736.6332,0.859326,0.075623,0.842212,0.082166,81920,60344989,2478,457028,143,897
6580,119.314,60.564,7.538276,7.306122,0.232154,734.713,0.860205,0.07533,0.840771,0.083899,81920,60187690,2442,456955,144,897
6600,119.72,60.768,7.53665,7.306351,0.230299,738.2695,0.860339,0.075781,0.838904,0.085315,81920,60479040,2602,457014,146,897
6620,120.104,60.98,7.536826,7.30484,0.231986,744.3908,0.860461,0.076611,0.839893,0.083496,81920,60980495,2524,456951,152,901
6640,120.513,61.221,7.537287,7.309357,0.22793,753.6953,0.857629,0.077771,0.837402,0.084827,81920,61742723,2511,457223,154,901
6660,120.882,61.417,7.539586,7.308273,0.231313,767.0787,0.855005,0.07937,0.832581,0.088049,81920,62839084,2389,457126,157,903
6680,121.248,61.611,7.536332,7.303192,0.23314,755.3553,0.857849,0.077795,0.836267,0.085938,81920,61878705,2467,457071,158,903
6700,121.611,61.804,7.533353,7.303986,0.229367,751.2944,0.855054,0.07738,0.836206,0.086414,81920,61546040,2566,457111,161,909
6720,121.989,61.996,7.530193,7.307358,0.222836,748.5369,0.855249,0.077026,0.83418,0.088794,81920,61320146,2434,457362,162,913
6740,122.368,62.2,7.526941,7.302551,0.22439,748.9066,0.853455,0.077051,0.832825,0.090125,81920,61350430,2473,457136,170,917
6760,122.74,62.395,7.528111,7.303162,0.224949,736.7895,0.853711,0.075537,0.836133,0.08833,81920,60357797,2564,457187,163,917
6780,123.105,62.589,7.529446,7.305344,0.224102,749.3882,0.853882,0.077087,0.833337,0.089575,81920,61389878,2586,457223,159,917
6800,123.473,62.785,7.530555,7.309616,0.220939,766.1577,0.853223,0.079272,0.830664,0.090063,81920,62763642,2484,457565,158,917
6820,123.842,62.984,7.52877,7.306076,0.222694,756.2467,0.853259,0.077979,0.831641,0.090381,81920,61951727,2487,457422,159,917
6840,124.208,63.179,7.52769,7.307541,0.220149,765.0486,0.852441,0.079163,0.828357,0.09248,81920,62672784,2478,457590,156,919
6860,124.59,63.38,7.526406,7.305405,0.221001,772.7454,0.853857,0.080249,0.828369,0.091382,81920,63303302,2554,457695,161,922
6880,124.964,63.574,7.523903,7.303787,0.220116,757.6531,0.855627,0.078308,0.830408,0.091284,81920,62066939,2478,457727,160,924
6900,125.331,63.767,7.521485,7.304001,0.217484,753.5692,0.858228,0.078015,0.833032,0.088953,81920,61732386,2583,457852,156,926
6920,125.746,64.009,7.520955,7.306931,0.214024,758.804,0.859265,0.078528,0.832764,0.088708,81920,62161220,2461,458024,155,926
6940,126.172,64.255,7.517329,7.303604,0.213725,756.6079,0.862683,0.078174,0.836755,0.085071,81920,61981320,2440,458000,146,926
6960,126.782,64.567,7.523557,7.305862,0.217695,757.1495,0.863391,0.078198,0.839746,0.082056,81920,62025685,2553,457885,146,926
6980,127.329,64.796,7.524829,7.307053,0.217777,752.077,0.864282,0.077576,0.841748,0.080676,81920,61610147,2481,458005,145,932
7000,127.824,65.056,7.52389,7.305893,0.217997,747.3068,0.862781,0.07699,0.842944,0.080066,81920,61219371,2525,457920,149,935
7020,128.411,65.282,7.522666,7.301987,0.22068,738.24,0.863562,0.075818,0.845178,0.079004,81920,60476621,2585,457789,142,935
7040,128.777,65.476,7.523286,7.3004,0.222887,744.82,0.865015,0.076685,0.845312,0.078003,81920,61015654,2522,457580,147,935
7060,129.17,65.686,7.520548,7.296387,0.224161,752.0907,0.865979,0.077588,0.846594,0.075818,81920,61611270,2463,457514,148,937
7080,129.622,65.969,7.517354,7.296539,0.220815,745.7252,0.871094,0.07666,0.847559,0.075781,81920,61089808,2509,457794,149,937
7100,129.999,66.164,7.516164,7.297134,0.21903,743.5311,0.867932,0.076538,0.848474,0.074988,81920,60910068,2527,458084,156,945
7120,130.448,66.425,7.513969,7.295944,0.218025,754.3999,0.86532,0.077917,0.848621,0.073462,81920,61800439,2482,458012,156,945
7140,130.954,66.708,7.513408,7.294678,0.21873,762.4271,0.867737,0.07887,0.850391,0.07074,81920,62458029,2523,457929,158,947
7160,131.425,67.002,7.508363,7.295914,0.21245,751.1829,0.869556,0.077515,0.852686,0.0698,81920,61536905,2541,458164,160,949
7180,131.791,67.197,7.507431,7.293137,0.214295,749.5328,0.86936,0.077136,0.852454,0.07041,81920,61401726,2510,458144,160,949
7200,132.196,67.424,7.508499,7.297913,0.210586,747.1336,0.869153,0.076904,0.852612,0.070483,81920,61205182,2569,458334,162,949
7220,132.585,67.638,7.509691,7.295074,0.214616,746.3309,0.868579,0.076685,0.852661,0.070654,81920,61139430,2476,458037,165,951
7240,132.959,67.834,7.513598,7.301376,0.212222,741.1707,0.868042,0.076233,0.854858,0.068909,81920,60716705,2500,458277,157,951
7260,133.35,68.042,7.515342,7.300797,0.214546,749.5951,0.866235,0.077246,0.85365,0.069104,81920,61406829,2512,458276,158,951
7280,133.717,68.238,7.515353,7.30246,0.212894,744.6171,0.865234,0.076624,0.85365,0.069727,81920,60999035,2587,458368,161,954
7300,134.089,68.435,7.509691,7.297714,0.211976,752.3856,0.863074,0.077588,0.854285,0.068127,81920,61635430,2454,458287,160,954
7320,134.497,68.63,7.506281,7.296341,0.209941,744.9712,0.866003,0.076697,0.854639,0.068665,81920,61028044,2507,458509,156,956
7340,134.863,68.827,7.501334,7.296524,0.20481,746.2691,0.86637,0.076855,0.852063,0.071082,81920,61134363,2465,458552,158,958
7360,135.274,69.053,7.501709,7.29454,0.207169,748.0331,0.866321,0.0771,0.851294,0.071606,81920,61278868,2504,458565,156,960
7380,135.655,69.259,7.499225,7.292191,0.207035,753.9594,0.869214,0.077783,0.851733,0.070483,81920,61764350,2541,458567,157,960
7400,136.026,69.455,7.49538,7.28334,0.21204,761.691,0.871936,0.078711,0.851672,0.069617,81920,62397730,2497,458141,157,960
7420,136.399,69.651,7.496026,7.282654,0.213372,758.0625,0.875879,0.078296,0.852686,0.069019,81920,62100484,2498,458056,155,960
7440,136.766,69.845,7.49695,7.284195,0.212755,750.3047,0.876855,0.077332,0.854016,0.068652,81920,61464957,2551,458205,154,964
7460,137.166,70.063,7.495842,7.282684,0.213158,753.4103,0.876196,0.07771,0.852026,0.070264,81920,61719375,2490,458067,154,970
7480,137.554,70.277,7.493579,7.284653,0.208926,765.6695,0.873926,0.079309,0.849451,0.07124,81920,62723646,2501,458176,154,974
7500,137.923,70.473,7.490922,7.281647,0.209276,765.9286,0.86958,0.079224,0.846692,0.074084,81920,62744874,2478,458188,162,977
7520,138.289,70.668,7.487667,7.283859,0.203807,760.1258,0.868079,0.078479,0.844519,0.077002,81920,62269503,2551,458185,160,977
7540,138.661,70.864,7.485605,7.277069,0.208535,759.0816,0.867065,0.078394,0.840588,0.081018,81920,62183961,2532,458041,164,980
7560,139.028,71.059,7.485749,7.275711,0.210038,760.9364,0.868677,0.078613,0.840869,0.080518,81920,62335909,2501,457925,163,984
7580,139.438,71.26,7.488145,7.280151,0.207994,763.7567,0.868323,0.078955,0.840479,0.080566,81920,62566950,2563,458093,159,984
7600,139.817,71.465,7.48921,7.278931,0.21028,769.2805,0.868176,0.079688,0.839587,0.080725,81920,63019460,2393,458057,155,984
7620,140.187,71.662,7.484491,7.269867,0.214624,761.9375,0.870459,0.078857,0.841248,0.079895,81920,62417924,2527,457833,159,987
7640,140.599,71.885,7.484304,7.266541,0.217764,763.4241,0.873486,0.079138,0.838635,0.082227,81920,62539705,2478,457590,156,987
7660,140.973,72.088,7.484634,7.262207,0.222427,768.3184,0.875964,0.079724,0.839185,0.081091,81920,62940641,2553,457482,156,987
7680,141.355,72.29,7.48215,7.262787,0.219363,776.0351,0.874792,0.080701,0.839478,0.079822,81920,63572792,2437,457515,157,988
7700,141.743,72.503,7.482525,7.267944,0.21458,776.3704,0.876294,0.080774,0.840063,0.079163,81920,63600265,2460,457947,152,988
7720,142.158,72.722,7.479442,7.267944,0.211497,780.8959,0.87627,0.081323,0.837683,0.080994,81920,63970989,2470,457936,153,990
7740,142.585,72.973,7.480971,7.267075,0.213896,781.1738,0.878015,0.081262,0.837866,0.080872,81920,63993755,2546,457859,159,992
7760,142.961,73.173,7.483899,7.268906,0.214993,773.6079,0.874512,0.080396,0.835767,0.083838,81920,63373960,2442,457918,158,992
7780,143.353,73.376,7.486575,7.261902,0.224673,774.6194,0.876501,0.080505,0.837415,0.08208,81920,63456821,2526,457385,156,992
7800,143.732,73.573,7.491307,7.266937,0.22437,770.1567,0.874036,0.079993,0.837805,0.082202,81920,63091239,2512,457465,153,992
7820,144.105,73.776,7.491348,7.264847,0.226501,771.3936,0.870776,0.080029,0.838696,0.081274,81920,63192560,2478,457122,153,994
7840,144.476,73.974,7.491498,7.261261,0.230237,778.5707,0.873633,0.080908,0.840735,0.078357,81920,63780508,2500,456989,154,994
7860,144.858,74.182,7.487679,7.258759,0.22892,781.3831,0.872729,0.081348,0.83927,0.079382,81920,64010907,2606,457085,158,994
7880,145.237,74.386,7.49074,7.26236,0.228381,785.6704,0.872778,0.081885,0.836865,0.08125,81920,64362117,2551,457093,158,996
7900,145.613,74.59,7.487766,7.259262,0.228504,779.4401,0.867566,0.081104,0.833606,0.085291,81920,63851733,2598,456988,157,999
7920,145.987,74.789,7.486258,7.258347,0.227912,776.1996,0.865857,0.080798,0.829944,0.089258,81920,63586272,2487,456968,161,1000
7940,146.371,74.989,7.481794,7.24968,0.232114,771.6295,0.866797,0.080164,0.829517,0.09032,81920,63211887,2522,456590,155,1003
7960,146.75,75.194,7.482533,7.252518,0.230015,777.445,0.866406,0.08092,0.827954,0.091125,81920,63688296,2582,456865,159,1007
7980,147.122,75.393,7.48252,7.251083,0.231436,775.3673,0.8677,0.080652,0.830298,0.08905,81920,63518088,2507,456724,157,1007
8000,147.523,75.592,7.480087,7.246323,0.233764,778.5284,0.87196,0.080957,0.831702,0.087341,81920,63777050,2541,456658,157,1010
8020,147.898,75.793,7.478933,7.244965,0.233969,787.0579,0.874219,0.08208,0.834583,0.083337,81920,64475781,2541,456712,155,1010
8040,148.275,75.994,7.47597,7.249802,0.226168,798.459,0.874988,0.083496,0.833777,0.082727,81920,65409765,2499,457177,157,1010
8060,148.678,76.196,7.47743,7.248032,0.229398,797.875,0.874866,0.083374,0.833337,0.083289,81920,65361918,2501,457095,150,1010
8080,149.079,76.415,7.480715,7.250122,0.230593,794.6531,0.874365,0.083008,0.834912,0.08208,81920,65097980,2484,457278,151,1010
8100,149.457,76.616,7.481478,7.250885,0.230593,803.6411,0.875464,0.083984,0.835168,0.080847,81920,65834278,2501,457333,152,1010
8120,149.83,76.817,7.485811,7.245575,0.240236,799.3864,0.875928,0.083484,0.838306,0.07821,81920,65485736,2486,456777,151,1010
8140,150.203,77.02,7.489469,7.250717,0.238752,807.7693,0.873816,0.08446,0.838281,0.077258,81920,66172461,2578,456890,150,1010
8160,150.577,77.222,7.490117,7.253494,0.236623,805.7366,0.873535,0.084192,0.838623,0.077185,81920,66005943,2514,457129,156,1012
8180,150.947,77.421,7.488366,7.256119,0.232247,789.5644,0.873242,0.082056,0.842529,0.075415,81920,64681118,2587,457284,157,1012
8200,151.33,77.626,7.48899,7.258148,0.230842,787.7,0.873657,0.081885,0.840405,0.07771,81920,64528386,2503,457436,160,1017
8220,151.707,77.831,7.482059,7.254257,0.227801,787.366,0.873242,0.081824,0.838049,0.080127,81920,64501026,2474,457325,159,1019
8240,152.138,78.086,7.48004,7.252441,0.227599,804.5791,0.871997,0.084094,0.834229,0.081677,81920,65911119,2531,457325,162,1023
8260,152.514,78.29,7.480564,7.245316,0.235248,802.2323,0.872314,0.083704,0.831006,0.085291,81920,65718870,2417,456956,166,1027
8280,152.895,78.493,7.48042,7.240997,0.239422,795.7606,0.872668,0.082874,0.832349,0.084778,81920,65188712,2558,456810,165,1029
8300,153.274,78.698,7.480543,7.236954,0.243589,792.7136,0.87052,0.082532,0.830591,0.086877,81920,64939098,2533,456571,163,1031
8320,153.657,78.9,7.480475,7.243652,0.236823,780.3313,0.873462,0.08114,0.829773,0.089087,81920,63924743,2517,456872,164,1033
8340,154.096,79.133,7.484103,7.238235,0.245868,773.9675,0.867627,0.080334,0.825378,0.094287,81920,63403414,2470,456592,175,1040
8360,154.464,79.329,7.485818,7.234344,0.251473,774.0524,0.864136,0.080347,0.822522,0.097131,81920,63410372,2478,456264,175,1042
8380,154.836,79.526,7.485619,7.230423,0.255196,767.0443,0.860925,0.079785,0.820068,0.100146,81920,62836267,2439,456036,173,1042
8400,155.207,79.723,7.485634,7.238464,0.247169,763.9659,0.863745,0.079431,0.821106,0.099463,81920,62584083,2460,456661,173,1044
8420,155.589,79.93,7.48939,7.236115,0.253276,759.7077,0.861682,0.078821,0.820544,0.100635,81920,62235257,2633,456344,168,1044
8440,155.961,80.126,7.490416,7.230927,0.25949,765.8704,0.86366,0.079553,0.822632,0.097815,81920,62740104,2471,456082,169,1044
8460,156.341,80.327,7.491255,7.233353,0.257903,764.2454,0.861511,0.079358,0.823474,0.097168,81920,62606985,2581,456177,177,1048
8480,156.71,80.527,7.494405,7.23465,0.259755,770.4576,0.864307,0.080164,0.821179,0.098657,81920,63115885,2514,456182,179,1051
8500,157.09,80.729,7.492293,7.229691,0.262603,762.7318,0.864905,0.07915,0.823169,0.097681,81920,62482990,2562,456109,173,1052
8520,157.525,80.923,7.492265,7.225693,0.266572,767.7,0.85968,0.079736,0.818042,0.102222,81920,62889988,2640,455713,181,1056
8540,157.918,81.123,7.493716,7.232101,0.261615,765.9304,0.860364,0.079651,0.819324,0.101025,81920,62745022,2561,456053,183,1056
8560,158.316,81.349,7.494043,7.227097,0.266947,770.2777,0.859949,0.0802,0.819263,0.100537,81920,63101149,2516,455937,186,1059
8580,158.69,81.544,7.489942,7.224533,0.265409,757.7312,0.861536,0.078516,0.822034,0.099451,81920,62073340,2674,455854,180,1063
8600,159.068,81.744,7.488888,7.216248,0.27264,762.9238,0.863135,0.079248,0.822742,0.09801,81920,62498720,2597,455520,182,1063
8620,159.44,81.94,7.492707,7.21994,0.272767,767.9007,0.863208,0.079797,0.824963,0.095239,81920,62906425,2558,455544,179,1063
8640,159.855,82.184,7.489758,7.221588,0.26817,763.9095,0.86366,0.079321,0.826074,0.094604,81920,62579468,2533,455725,181,1063
8660,160.278,82.381,7.490915,7.224228,0.266687,767.3286,0.864868,0.079858,0.823987,0.096155,81920,62859561,2491,455829,179,1065
8680,160.654,82.582,7.489418,7.218689,0.27073,768.4741,0.864844,0.080017,0.821912,0.098071,81920,62953402,2419,455403,173,1067
8700,161.038,82.783,7.48738,7.212662,0.274718,763.5743,0.863171,0.079358,0.823645,0.096997,81920,62552003,2603,454961,175,1067
8720,161.452,83.019,7.483801,7.203949,0.279852,772.98,0.861487,0.080444,0.822632,0.096924,81920,63322523,2533,454480,172,1067
8740,161.879,83.263,7.476455,7.196014,0.28044,759.2468,0.863574,0.078723,0.825879,0.095398,81920,62197494,2468,454222,172,1067
8760,162.251,83.457,7.473912,7.195221,0.278691,751.9387,0.865442,0.077881,0.8302,0.091919,81920,61598819,2494,454525,173,1069
8780,162.624,83.654,7.46699,7.191391,0.275599,766.844,0.866931,0.079626,0.830127,0.090247,81920,62819859,2608,454525,170,1069
8800,162.997,83.851,7.469487,7.196869,0.272618,772.2284,0.864514,0.080371,0.831763,0.087866,81920,63260954,2564,454820,168,1072
8820,163.368,84.047,7.471639,7.198914,0.272726,764.5748,0.86106,0.079492,0.83064,0.089868,81920,62633965,2487,454968,173,1079
8840,163.74,84.245,7.473432,7.204468,0.268965,758.261,0.859778,0.078711,0.826746,0.094543,81920,62116741,2644,455315,170,1079
8860,164.107,84.438,7.474468,7.205383,0.269085,748.027,0.861023,0.077429,0.828186,0.094385,81920,61278375,2527,455177,175,1084
8880,164.501,84.631,7.476785,7.208405,0.268381,753.1158,0.863635,0.078027,0.828284,0.093689,81920,61695250,2472,455274,180,1086
8900,164.869,84.828,7.477426,7.2108,0.266625,771.2263,0.86377,0.080383,0.823779,0.095837,81920,63178859,2495,455405,184,1086
8920,165.239,85.024,7.476394,7.208694,0.2677,771.337,0.862854,0.080396,0.823047,0.096558,81920,63187924,2472,455287,182,1086
8940,165.609,85.22,7.47663,7.211868,0.264762,771.0869,0.862854,0.080286,0.824573,0.095142,81920,63167437,2520,455259,181,1086
8960,165.977,85.415,7.476257,7.211441,0.264816,766.2431,0.861255,0.079675,0.824402,0.095923,81920,62770636,2511,455412,174,1086
8980,166.376,85.628,7.474043,7.208832,0.265211,759.3497,0.861292,0.078809,0.824976,0.096216,81920,62205924,2545,455418,168,1088
9000,166.748,85.824,7.469656,7.205643,0.264014,755.9255,0.863428,0.078296,0.824731,0.096973,81920,61925418,2426,455283,169,1088
9020,167.124,86.022,7.471901,7.203049,0.268852,760.9305,0.863208,0.078955,0.822754,0.098291,81920,62335423,2444,455162,172,1092
9040,167.502,86.217,7.47854,7.203156,0.275385,758.8735,0.863818,0.078577,0.822437,0.098987,81920,62166919,2474,454933,168,1092
9060,167.867,86.41,7.479674,7.211121,0.268554,749.06,0.863452,0.077563,0.821289,0.101147,81920,61362996,2516,455566,169,1092
9080,168.231,86.603,7.479265,7.210236,0.26903,739.3805,0.864563,0.076221,0.819019,0.104761,81920,60570054,2506,455497,181,1099
9100,168.602,86.796,7.483801,7.215729,0.268073,744.1332,0.865308,0.076807,0.8224,0.100793,81920,60959390,2482,455587,178,1099
9120,168.967,86.989,7.484225,7.218903,0.265322,738.0956,0.866541,0.07616,0.821228,0.102612,81920,60464791,2391,455706,181,1099
9140,169.332,87.184,7.485222,7.225906,0.259315,744.0662,0.862671,0.076929,0.819592,0.103479,81920,60953907,2492,456145,183,1102
9160,169.697,87.377,7.487149,7.226837,0.260312,740.8879,0.864917,0.076611,0.818262,0.105127,81920,60693536,2567,456168,181,1102
9180,170.066,87.569,7.485185,7.228683,0.256501,732.3879,0.866919,0.075513,0.819324,0.105164,81920,59997214,2442,456451,180,1105
9200,170.429,87.762,7.49115,7.235245,0.255905,742.671,0.863257,0.076831,0.818506,0.104663,81920,60839606,2539,456635,177,1106
9220,170.793,87.954,7.490428,7.232025,0.258403,727.8333,0.861719,0.074988,0.816504,0.108508,81920,59624104,2569,456469,174,1106
9240,171.159,88.145,7.488493,7.23558,0.252912,734.2915,0.863098,0.075867,0.816174,0.107959,81920,60153158,2608,456805,174,1106
9260,171.524,88.338,7.488114,7.233994,0.254121,744.7445,0.864502,0.077148,0.812793,0.110059,81920,61009468,2532,456507,173,1109
9280,171.887,88.529,7.487312,7.230652,0.256661,742.9586,0.860535,0.076843,0.814001,0.109155,81920,60863165,2487,456203,172,1113
9300,172.259,88.721,7.488714,7.230042,0.258673,735.9894,0.861047,0.076001,0.815466,0.108533,81920,60292254,2566,456331,165,1113
9320,172.67,88.952,7.487151,7.223663,0.263488,735.0813,0.86001,0.075903,0.814221,0.109875,81920,60217864,2499,455986,169,1120
9340,173.035,89.142,7.485678,7.221939,0.263739,726.8175,0.860791,0.074719,0.816357,0.108923,81920,59540892,2508,455854,173,1122
9360,173.397,89.33,7.485104,7.223755,0.261349,723.4689,0.859473,0.074463,0.814209,0.111328,81920,59266569,2500,456002,182,1129
9380,173.762,89.52,7.490628,7.229019,0.261609,722.7096,0.855725,0.074402,0.813904,0.111694,81920,59204370,2471,456104,183,1130
9400,174.137,89.706,7.49289,7.226501,0.266388,714.7506,0.857947,0.073389,0.816052,0.110559,81920,58552366,2439,456104,191,1130
9420,174.5,89.897,7.495014,7.229141,0.265872,723.8854,0.857324,0.074536,0.814294,0.111169,81920,59300688,2449,456324,193,1133
9440,174.859,90.083,7.491339,7.224411,0.266928,712.8842,0.859998,0.073206,0.815967,0.110828,81920,58399472,2517,456177,183,1133
9460,175.232,90.278,7.490774,7.227325,0.263449,721.3094,0.863586,0.07428,0.818884,0.106836,81920,59089670,2504,456245,183,1135
9480,175.594,90.466,7.487953,7.221512,0.266441,715.6814,0.86571,0.073535,0.817859,0.108606,81920,58628623,2553,456277,183,1138
9500,175.962,90.654,7.485042,7.220001,0.26504,710.2159,0.863403,0.072852,0.816052,0.111096,81920,58180883,2518,456098,177,1138
9520,176.341,90.849,7.48271,7.221039,0.261672,711.5987,0.863318,0.072998,0.81897,0.108032,81920,58294162,2469,456271,175,1141
9540,176.708,91.039,7.483238,7.226379,0.256859,713.1073,0.866541,0.073328,0.820654,0.106018,81920,58417752,2498,456623,176,1143
9560,177.101,91.235,7.481519,7.228683,0.252835,705.9819,0.866052,0.072375,0.824487,0.103137,81920,57834038,2507,456803,180,1145
9580,177.462,91.422,7.481957,7.225525,0.256432,709.704,0.868481,0.072852,0.824023,0.103125,81920,58138953,2494,456814,179,1147
9600,177.824,91.609,7.481819,7.230103,0.251717,711.3707,0.868921,0.073096,0.82644,0.100464,81920,58275489,2521,457044,184,1152
9620,178.183,91.796,7.485591,7.23143,0.254161,711.1808,0.869629,0.072949,0.8271,0.099951,81920,58259933,2607,457016,192,1159
9640,178.579,91.998,7.48404,7.229233,0.254808,708.9282,0.871985,0.072668,0.828101,0.099231,81920,58075402,2527,456802,188,1159
9660,178.94,92.186,7.48368,7.230606,0.253073,706.1604,0.873596,0.07229,0.828687,0.099023,81920,57848661,2535,456929,184,1163
9680,179.304,92.374,7.485744,7.238541,0.247203,713.526,0.87262,0.073181,0.826575,0.100244,81920,58452046,2516,457222,176,1163
9700,179.742,92.603,7.490184,7.24408,0.246104,715.0637,0.87179,0.073413,0.828088,0.098499,81920,58578022,2529,457403,175,1167
9720,180.22,92.799,7.487146,7.24205,0.245096,714.681,0.870105,0.073352,0.825391,0.101257,81920,58546667,2466,457482,179,1169
9740,180.754,93.111,7.48637,7.240509,0.245861,713.6532,0.866858,0.073279,0.826929,0.099792,81920,58462468,2475,457377,170,1169
9760,181.111,93.298,7.491019,7.242523,0.248496,709.8437,0.867383,0.072803,0.828821,0.098376,81920,58150393,2558,457166,171,1173
9780,181.467,93.486,7.489964,7.240723,0.249241,719.0488,0.869202,0.073865,0.830969,0.095166,81920,58904476,2480,457040,172,1173
9800,181.824,93.675,7.49266,7.237686,0.254974,708.9734,0.868274,0.072522,0.831104,0.096375,81920,58079099,2546,456704,174,1176
9820,182.179,93.864,7.492302,7.243454,0.248848,711.6976,0.867603,0.073035,0.832202,0.094763,81920,58302264,2431,457008,181,1181
9840,182.534,94.05,7.496591,7.248093,0.248498,716.3786,0.865564,0.073499,0.832983,0.093518,81920,58685735,2462,457257,180,1181
9860,182.89,94.237,7.492905,7.244034,0.248872,709.933,0.864929,0.072852,0.831775,0.095374,81920,58157715,2405,456903,181,1184
9880,183.247,94.425,7.493867,7.248901,0.244965,712.9102,0.864111,0.073108,0.829004,0.097888,81920,58401607,2494,457044,187,1186
9900,183.6,94.611,7.492432,7.241074,0.251359,705.8745,0.863342,0.072253,0.832141,0.095605,81920,57825240,2541,456794,178,1186
9920,183.954,94.797,7.495183,7.241394,0.253789,702.3718,0.863745,0.071814,0.831641,0.096545,81920,57538297,2473,456795,182,1186
9940,184.31,94.983,7.498285,7.248596,0.249689,695.1886,0.86521,0.070984,0.831738,0.097278,81920,56949850,2595,456962,189,1196
9960,184.664,95.168,7.494827,7.245117,0.24971,690.4611,0.867859,0.070374,0.831958,0.097668,81920,56562571,2546,457123,179,1196
9980,185.022,95.354,7.49299,7.240982,0.252008,688.7403,0.865369,0.070215,0.829736,0.100049,81920,56421605,2442,456866,178,1196
10000,185.388,95.545,7.48847,7.237839,0.250631,691.2084,0.87124,0.070532,0.833142,0.096326,81920,56623796,2480,456888,180,1198
10020,185.747,95.729,7.489655,7.237869,0.251786,687.8055,0.870715,0.070081,0.835193,0.094727,81920,56345029,2438,456797,177,1198
10040,186.1,95.913,7.488131,7.243668,0.244463,685.3211,0.873633,0.0698,0.833362,0.096838,81920,56141502,2467,457176,178,1200
10060,186.494,96.136,7.486987,7.239395,0.247592,696.1927,0.870142,0.071033,0.828882,0.100085,81920,57032103,2580,457020,181,1202
10080,186.846,96.319,7.486288,7.239716,0.246573,689.0529,0.869495,0.070264,0.827344,0.102393,81920,56447213,2583,456836,183,1204
10100,187.198,96.502,7.486062,7.233398,0.252664,680.76,0.871216,0.06925,0.829846,0.100903,81920,55767859,2517,456527,182,1208
10120,187.547,96.68,7.485419,7.229477,0.255942,665.1921,0.872241,0.067285,0.831201,0.101514,81920,54492533,2498,456356,175,1208
10140,187.894,96.859,7.487328,7.22464,0.262688,667.9815,0.871484,0.067542,0.830469,0.10199,81920,54721045,2555,456004,169,1208
10160,188.243,97.039,7.486726,7.217331,0.269395,672.7695,0.871777,0.068213,0.832068,0.099719,81920,55113277,2532,455736,170,1210
10180,188.61,97.219,7.485344,7.214325,0.271019,673.268,0.871265,0.068201,0.832288,0.099512,81920,55154115,2438,455839,169,1210
10200,188.961,97.399,7.483323,7.216568,0.266755,671.3408,0.871692,0.068103,0.829944,0.101953,81920,54996240,2606,456037,165,1210
10220,189.315,97.585,7.482445,7.223633,0.258812,671.9188,0.872205,0.068164,0.830273,0.101562,81920,55043587,2543,456411,175,1216
10240,189.665,97.766,7.481658,7.225479,0.256179,671.0636,0.873218,0.068103,0.829175,0.102722,81920,54973529,2520,456735,179,1216
10260,190.014,97.946,7.481751,7.220764,0.260987,674.2792,0.869189,0.068494,0.826086,0.10542,81920,55236950,2471,456296,178,1221
10280,190.368,98.129,7.477426,7.217316,0.260111,681.333,0.867297,0.069397,0.823267,0.107336,81920,55814796,2485,456285,177,1223
10300,190.718,98.311,7.478597,7.216263,0.262334,676.3894,0.870642,0.068762,0.826318,0.104919,81920,55409819,2568,456022,179,1224
10320,191.068,98.491,7.484136,7.216385,0.267751,661.8834,0.870447,0.067041,0.825781,0.107178,81920,54221491,2542,455862,182,1224
10340,191.446,98.694,7.486111,7.209808,0.276303,663.0336,0.870142,0.067151,0.827039,0.105811,81920,54315709,2482,455330,182,1224
10360,191.798,98.874,7.491432,7.214996,0.276436,660.168,0.872729,0.066809,0.829761,0.10343,81920,54080960,2626,455380,182,1224
10380,192.15,99.054,7.49018,7.213211,0.276969,657.4148,0.872815,0.066296,0.832117,0.101587,81920,53855421,2501,455528,187,1227
10400,192.507,99.237,7.487851,7.206436,0.281415,654.7503,0.873206,0.066052,0.832092,0.101855,81920,53637142,2449,455159,186,1227
10420,192.862,99.419,7.487766,7.202896,0.28487,663.1938,0.874878,0.067065,0.831018,0.101917,81920,54328834,2396,455032,194,1232
10440,193.216,99.599,7.48704,7.19632,0.29072,665.1792,0.87605,0.06731,0.829724,0.102966,81920,54491479,2375,454630,185,1232
10460,193.577,99.783,7.485039,7.192413,0.292626,659.3793,0.876917,0.066626,0.835071,0.098303,81920,54016353,2555,454493,190,1239
10480,193.968,99.984,7.484493,7.190918,0.293575,660.0774,0.877258,0.066675,0.838953,0.094373,81920,54073538,2520,454444,192,1241
10500,194.343,100.18,7.481516,7.185257,0.29626,661.9652,0.877917,0.066821,0.841199,0.09198,81920,54228190,2484,454433,186,1243
10520,194.695,100.36,7.481601,7.181305,0.300296,665.6203,0.876978,0.067285,0.839331,0.093384,81920,54527619,2507,454349,184,1245
10540,195.045,100.54,7.481189,7.181412,0.299778,670.95,0.876978,0.067944,0.839783,0.092273,81920,54964224,2514,454646,187,1249
10560,195.395,100.718,7.480838,7.179153,0.301685,665.3468,0.878528,0.067175,0.841858,0.090967,81920,54505213,2543,454592,188,1253
10580,195.75,100.899,7.481689,7.177536,0.304153,664.0693,0.879248,0.066992,0.840723,0.092285,81920,54400553,2455,454398,190,1255
10600,196.103,101.078,7.48082,7.176895,0.303925,665.4263,0.880029,0.067102,0.839758,0.09314,81920,54511720,2390,454217,192,1257
10620,196.453,101.256,7.475156,7.166122,0.309033,663.4103,0.87782,0.066968,0.839685,0.093347,81920,54346573,2534,453902,190,1257
10640,196.816,101.436,7.47465,7.169373,0.305278,660.845,0.878442,0.066809,0.834277,0.098914,81920,54136423,2469,454402,190,1257
10660,197.174,101.618,7.476667,7.169891,0.306775,670.3141,0.873132,0.067981,0.829688,0.102332,81920,54912133,2546,454503,187,1259
10680,197.526,101.798,7.474462,7.166397,0.308065,670.6218,0.872266,0.06803,0.826135,0.105835,81920,54937341,2513,454412,193,1261
10700,197.882,101.979,7.470443,7.168457,0.301986,671.9417,0.874866,0.068188,0.826807,0.105005,81920,55045462,2574,454516,195,1263
10720,198.234,102.16,7.469201,7.168167,0.301034,673.1412,0.877966,0.068359,0.831311,0.10033,81920,55143728,2456,454640,196,1268
10740,198.591,102.343,7.472037,7.163147,0.30889,673.64,0.877637,0.068359,0.834961,0.09668,81920,55184589,2466,454180,201,1270
10760,198.953,102.528,7.474543,7.168884,0.305659,675.9415,0.880579,0.068628,0.838269,0.093103,81920,55373125,2520,454444,196,1272
10780,199.321,102.725,7.476446,7.176117,0.300329,666.3671,0.880542,0.067383,0.837976,0.094641,81920,54588792,2464,454968,202,1281
10800,199.694,102.917,7.472249,7.174515,0.297735,671.4988,0.882288,0.067847,0.837805,0.094348,81920,55009183,2573,455183,204,1285
10820,200.048,103.1,7.471321,7.175415,0.295906,670.4494,0.883838,0.067786,0.839429,0.092786,81920,54923217,2548,455322,204,1287
10840,200.4,103.281,7.472531,7.17627,0.296261,667.1634,0.884204,0.067261,0.838965,0.093774,81920,54654022,2593,455246,195,1287
10860,200.759,103.462,7.471472,7.180283,0.291189,662.0461,0.884753,0.06676,0.839465,0.093774,81920,54234814,2514,455591,189,1287
10880,201.108,103.642,7.470739,7.176712,0.294027,667.1182,0.889441,0.06731,0.841272,0.091418,81920,54650319,2535,455431,186,1288
10900,201.456,103.82,7.471703,7.174301,0.297402,663.5517,0.887048,0.066895,0.839453,0.093652,81920,54358153,2510,455120,181,1290
10920,201.806,104.0,7.470751,7.168228,0.302523,661.0997,0.886328,0.066614,0.838416,0.094971,81920,54157287,2388,455006,180,1292
10940,202.155,104.178,7.47673,7.173508,0.303222,655.8296,0.888757,0.065942,0.83866,0.095398,81920,53725557,2531,454898,185,1294
10960,202.508,104.358,7.477192,7.179474,0.297718,661.4044,0.884583,0.06676,0.834082,0.099158,81920,54182249,2575,455157,188,1298
10980,202.863,104.538,7.478308,7.176758,0.30155,658.8784,0.884314,0.066467,0.830627,0.102905,81920,53975318,2497,454732,200,1304
11000,203.214,104.716,7.477399,7.179871,0.297529,657.6323,0.8823,0.066345,0.830371,0.103284,81920,53873241,2457,455014,199,1306
11020,203.574,104.904,7.476197,7.174561,0.301636,658.5985,0.884595,0.066504,0.830774,0.102722,81920,53952387,2567,454813,200,1306
11040,203.93,105.084,7.476086,7.173889,0.302197,668.834,0.884167,0.067737,0.827307,0.104956,81920,54790883,2582,454707,198,1306
11060,204.304,105.276,7.476127,7.170364,0.305763,666.0314,0.88208,0.067444,0.827209,0.105347,81920,54561292,2527,454622,202,1310
11080,204.674,105.475,7.480264,7.168564,0.3117,659.1134,0.881836,0.066614,0.827979,0.105408,81920,53994572,2450,454347,197,1310
11100,205.024,105.653,7.481251,7.166275,0.314976,654.6308,0.877441,0.066052,0.82843,0.105518,81920,53627355,2481,454075,197,1310
11120,205.37,105.832,7.472911,7.161392,0.311518,649.9817,0.876868,0.065479,0.82926,0.105261,81920,53246497,2425,453901,195,1312
11140,205.72,106.01,7.469333,7.154572,0.314762,648.3991,0.877637,0.065271,0.832617,0.102112,81920,53116852,2523,453700,197,1312
11160,206.069,106.188,7.470248,7.15741,0.312838,646.7884,0.8776,0.065027,0.835425,0.099548,81920,52984905,2535,453821,199,1312
11180,206.422,106.369,7.470339,7.152176,0.318163,646.2751,0.877014,0.064966,0.835535,0.0995,81920,52942858,2546,453532,204,1314
11200,206.777,106.551,7.472018,7.152328,0.31969,638.9336,0.875464,0.064111,0.832324,0.103564,81920,52341443,2440,453391,206,1316
11220,207.129,106.729,7.47114,7.155975,0.315165,641.0613,0.873389,0.064417,0.829211,0.106372,81920,52515744,2511,453811,205,1318
11240,207.63,106.994,7.472899,7.164154,0.308745,644.9956,0.871838,0.06499,0.827124,0.107886,81920,52838041,2545,454135,200,1318
11260,208.078,107.267,7.469724,7.150055,0.319669,640.3933,0.876135,0.064246,0.831165,0.10459,81920,52461021,2503,453357,194,1318
11280,208.422,107.443,7.467529,7.151566,0.315964,652.6518,0.873328,0.065942,0.829663,0.104395,81920,53465236,2435,453682,193,1318
11300,208.768,107.621,7.469826,7.158401,0.311425,656.7661,0.874866,0.066357,0.826807,0.106836,81920,53802277,2538,454193,187,1318
11320,209.115,107.798,7.469114,7.158737,0.310377,654.1375,0.873743,0.06604,0.826697,0.107263,81920,53586943,2452,454138,188,1318
11340,209.461,107.975,7.467016,7.153473,0.313543,659.5373,0.874805,0.066711,0.825745,0.107544,81920,54029299,2529,454009,195,1319
11360,209.807,108.152,7.464936,7.153122,0.311814,659.4858,0.878235,0.066626,0.829675,0.103699,81920,54025078,2505,453973,191,1321
11380,210.155,108.33,7.462944,7.145264,0.317681,657.5632,0.876501,0.066345,0.828442,0.105212,81920,53867575,2498,453815,188,1321
11400,210.514,108.51,7.465704,7.147842,0.317861,655.9612,0.876697,0.06615,0.829224,0.104626,81920,53736339,2534,453799,185,1325
11420,210.865,108.691,7.462548,7.146042,0.316506,657.1641,0.873401,0.06637,0.827698,0.105933,81920,53834885,2479,453903,185,1328
11440,211.216,108.871,7.465752,7.15033,0.315422,654.1943,0.872266,0.066138,0.825232,0.10863,81920,53591596,2506,454049,183,1328
11460,211.57,109.052,7.468481,7.156174,0.312307,656.4414,0.872571,0.066309,0.823657,0.110034,81920,53775676,2534,454460,184,1332
11480,211.924,109.234,7.469437,7.164352,0.305085,651.6884,0.875842,0.065784,0.826514,0.107703,81920,53386310,2596,454661,186,1334
11500,212.269,109.411,7.473154,7.170105,0.303049,649.4935,0.874377,0.065527,0.821875,0.112598,81920,53206506,2498,454877,187,1334
11520,212.62,109.591,7.474517,7.172821,0.301696,652.9762,0.87251,0.065894,0.817358,0.116748,81920,53491813,2448,454885,185,1336
11540,212.981,109.773,7.474457,7.174911,0.299546,651.7075,0.869666,0.065881,0.817432,0.116687,81920,53387880,2533,454882,189,1340
11560,213.329,109.951,7.474092,7.18071,0.293382,650.5585,0.870142,0.065723,0.814954,0.119324,81920,53293750,2479,455047,185,1340
11580,213.675,110.128,7.471533,7.182343,0.289191,646.0725,0.868054,0.065076,0.81333,0.121594,81920,52926261,2530,455277,176,1343
11600,214.021,110.303,7.473099,7.182739,0.29036,645.4612,0.866064,0.064954,0.810913,0.124133,81920,52876183,2583,455319,175,1345
11620,214.366,110.478,7.474136,7.182953,0.291183,642.6142,0.863147,0.064758,0.809998,0.125244,81920,52642955,2550,455307,174,1348
11640,214.712,110.654,7.476606,7.189941,0.286664,640.9508,0.86073,0.064539,0.807581,0.127881,81920,52506690,2514,455477,172,1348
11660,215.058,110.831,7.481627,7.190277,0.29135,644.3756,0.859497,0.06499,0.808325,0.126685,81920,52787252,2536,455481,173,1350
11680,215.465,111.025,7.479833,7.177673,0.30216,635.2607,0.859619,0.063904,0.809851,0.126245,81920,52040558,2451,454870,180,1355
11700,215.806,111.199,7.480598,7.17421,0.306388,636.0184,0.862451,0.06394,0.811389,0.12467,81920,52102624,2469,454627,180,1357
11720,216.149,111.376,7.482546,7.173187,0.309359,650.0278,0.860864,0.065698,0.809119,0.125183,81920,53250280,2563,454454,175,1359
11740,216.494,111.552,7.483504,7.172775,0.310729,651.551,0.860217,0.06593,0.809888,0.124182,81920,53375061,2465,454243,181,1362
11760,216.84,111.729,7.479937,7.167908,0.312029,648.1972,0.85575,0.065552,0.808423,0.126025,81920,53100315,2567,454207,183,1362
11780,217.191,111.909,7.475003,7.165359,0.309643,638.6328,0.854907,0.064343,0.811328,0.124329,81920,52316803,2552,454115,184,1364
11800,217.574,112.123,7.472395,7.155884,0.316511,638.922,0.859729,0.064294,0.815771,0.119934,81920,52340489,2499,453752,191,1372
11820,217.921,112.302,7.47372,7.154602,0.319118,644.4077,0.860107,0.065063,0.814148,0.120789,81920,52789881,2563,453680,184,1372
11840,218.266,112.478,7.475882,7.157578,0.318304,641.3482,0.861279,0.064746,0.81416,0.121094,81920,52539243,2504,453889,180,1372
11860,218.663,112.663,7.4758,7.156448,0.319352,650.861,0.864771,0.065857,0.815979,0.118164,81920,53318537,2549,453909,177,1374
11880,219.013,112.838,7.479399,7.168274,0.311125,643.7727,0.862256,0.064966,0.816187,0.118848,81920,52737857,2470,454464,173,1374
11900,219.368,113.017,7.477722,7.163055,0.314667,637.1191,0.86123,0.064099,0.816772,0.119128,81920,52192798,2544,454250,182,1379
11920,219.747,113.225,7.472852,7.154556,0.318296,642.3566,0.865662,0.064648,0.818518,0.116833,81920,52621855,2486,453943,186,1384
11940,220.104,113.401,7.471595,7.156982,0.314612,638.482,0.868127,0.064221,0.820532,0.115247,81920,52304444,2561,454014,183,1384
11960,220.465,113.583,7.472698,7.168213,0.304485,643.919,0.867493,0.06499,0.819446,0.115564,81920,52749847,2512,454724,186,1386
11980,220.82,113.763,7.477032,7.174179,0.302853,638.3418,0.866467,0.064233,0.818933,0.116833,81920,52292964,2477,454996,181,1386
12000,221.187,113.946,7.479397,7.175812,0.303585,634.244,0.864233,0.06377,0.816589,0.119641,81920,51957265,2558,455013,189,1391
12020,221.563,114.121,7.477822,7.172653,0.305169,628.9461,0.864502,0.063196,0.813855,0.122949,81920,51523265,2507,454881,187,1391
12040,221.917,114.303,7.474532,7.169189,0.305342,630.8077,0.863599,0.063379,0.810034,0.126587,81920,51675765,2505,454795,186,1393
12060,222.272,114.487,7.47744,7.170715,0.306725,634.4517,0.865601,0.063745,0.811926,0.124329,81920,51974287,2431,454566,181,1393
12080,222.627,114.66,7.474731,7.162247,0.312484,629.1152,0.865833,0.063147,0.811816,0.125037,81920,51537115,2459,454240,182,1397
12100,223.011,114.87,7.475869,7.158203,0.317666,632.8739,0.866736,0.063611,0.813647,0.122742,81920,51845032,2581,454098,187,1397
12120,223.359,115.043,7.477114,7.155334,0.321779,628.0517,0.868115,0.063,0.816089,0.120911,81920,51449992,2532,453821,189,1397
12140,223.705,115.219,7.47796,7.159256,0.318704,637.9161,0.867847,0.064258,0.814648,0.121094,81920,52258089,2540,454062,188,1397
12160,224.053,115.396,7.475806,7.152313,0.323492,643.1315,0.868921,0.064856,0.816199,0.118945,81920,52685332,2424,453642,186,1397
12180,224.402,115.572,7.474762,7.148026,0.326736,636.2853,0.871118,0.063953,0.817151,0.118896,81920,52124495,2578,453281,185,1399
12200,224.75,115.746,7.474809,7.145065,0.329744,631.3132,0.870862,0.06333,0.819678,0.116992,81920,51717179,2529,453161,189,1401
12220,225.102,115.923,7.477577,7.151611,0.325966,637.8407,0.8698,0.064124,0.817883,0.117993,81920,52251909,2579,453135,188,1403
12240,225.453,116.098,7.482957,7.150574,0.332383,634.0226,0.868079,0.063623,0.817419,0.118958,81920,51939132,2572,452971,195,1406
12260,225.807,116.279,7.478093,7.145813,0.33228,630.2674,0.868616,0.063196,0.820605,0.116199,81920,51631502,2529,452761,193,1406
12280,226.161,116.456,7.47815,7.146942,0.331208,638.8946,0.86864,0.064221,0.819226,0.116553,81920,52338249,2406,452869,191,1410
12300,226.509,116.632,7.478561,7.153702,0.324859,641.5979,0.865881,0.064587,0.814917,0.120496,81920,52559696,2481,453369,189,1410
12320,226.862,116.81,7.477767,7.147736,0.330032,650.2161,0.863232,0.065613,0.815149,0.119238,81920,53265704,2459,453173,187,1413
12340,227.256,117.018,7.478227,7.145096,0.333131,647.413,0.86084,0.065234,0.812854,0.121912,81920,53036076,2614,452878,189,1418
12360,227.603,117.196,7.476881,7.144211,0.33267,653.9876,0.863782,0.066125,0.814758,0.119116,81920,53574668,2580,452900,192,1420
12380,227.954,117.376,7.476361,7.130356,0.346006,659.3341,0.862903,0.066724,0.81626,0.117017,81920,54012652,2499,451900,183,1420
12400,228.306,117.557,7.474062,7.130524,0.343538,654.7745,0.867688,0.066077,0.819714,0.114209,81920,53639125,2543,452138,183,1424
12420,228.689,117.743,7.475493,7.126465,0.349029,652.946,0.868555,0.065918,0.820117,0.113965,81920,53489337,2496,451762,181,1426
12440,229.036,117.919,7.476251,7.127457,0.348794,643.1766,0.870435,0.064661,0.824048,0.111292,81920,52689028,2553,451936,185,1435
12460,229.432,118.137,7.479121,7.137665,0.341456,658.5883,0.869263,0.066699,0.818176,0.115125,81920,53951551,2492,452380,195,1438
12480,229.786,118.317,7.481232,7.141663,0.33957,661.7603,0.862952,0.067065,0.813293,0.119641,81920,54211404,2439,452461,189,1441
12500,230.148,118.498,7.483384,7.137909,0.345476,654.0368,0.863757,0.066101,0.815845,0.118054,81920,53578696,2487,452228,183,1441
12520,230.504,118.682,7.483094,7.137482,0.345612,666.8347,0.862207,0.0677,0.815479,0.116821,81920,54627096,2506,452344,186,1443
12540,230.855,118.862,7.483521,7.13829,0.345231,663.5562,0.862683,0.067297,0.813647,0.119055,81920,54358524,2598,452417,183,1445
12560,231.205,119.042,7.480045,7.14006,0.339984,661.6759,0.86344,0.067004,0.813696,0.119299,81920,54204488,2546,452820,189,1451
12580,231.581,119.221,7.480265,7.13562,0.344645,667.6416,0.863196,0.067749,0.811902,0.120349,81920,54693200,2449,452832,200,1460
12600,231.932,119.4,7.482408,7.135605,0.346803,668.473,0.86554,0.067896,0.813171,0.118933,81920,54761306,2480,452648,197,1460
12620,232.287,119.586,7.48067,7.131271,0.349399,664.4802,0.866345,0.067383,0.811511,0.121106,81920,54434217,2491,452584,191,1460
12640,232.635,119.766,7.48153,7.12825,0.35328,665.0193,0.86405,0.06748,0.811292,0.121228,81920,54478385,2605,452636,191,1464
12660,233.025,119.987,7.48358,7.136734,0.346846,664.721,0.866064,0.067383,0.811255,0.121362,81920,54453946,2502,452982,194,1464
12680,233.373,120.167,7.486142,7.129333,0.356808,668.4386,0.864685,0.067749,0.813965,0.118286,81920,54758494,2577,452420,199,1466
12700,233.728,120.347,7.485695,7.131058,0.354637,671.9727,0.864185,0.068225,0.812939,0.118835,81920,55048004,2543,452562,205,1474
12720,234.079,120.529,7.489049,7.133743,0.355306,675.5874,0.862634,0.068701,0.811951,0.119348,81920,55344121,2446,452587,198,1474
12740,234.436,120.715,7.492791,7.131607,0.361184,681.2603,0.862,0.069409,0.808215,0.122375,81920,55808843,2584,452559,196,1480
12760,234.809,120.9,7.489949,7.129196,0.360753,679.5751,0.859656,0.069177,0.804504,0.126318,81920,55670789,2495,452480,198,1484
12780,235.168,121.087,7.48709,7.123642,0.363448,671.674,0.861462,0.068274,0.803943,0.127783,81920,55023530,2527,452365,193,1486
12800,235.534,121.271,7.487226,7.119247,0.367979,685.8925,0.857617,0.070056,0.803564,0.126379,81920,56188312,2587,452061,191,1488
12820,235.884,121.453,7.492158,7.127777,0.364381,684.6637,0.854578,0.069922,0.804089,0.125989,81920,56087650,2458,452388,200,1494
12840,236.229,121.632,7.493588,7.122665,0.370923,672.4562,0.854663,0.068274,0.805981,0.125745,81920,55087611,2523,451863,200,1494
12860,236.575,121.81,7.492126,7.121735,0.370392,667.7832,0.854956,0.067725,0.802283,0.129993,81920,54704802,2550,452038,205,1498
12880,236.92,121.987,7.492623,7.119797,0.372826,661.2641,0.856506,0.066943,0.803638,0.129419,81920,54170751,2529,451952,209,1503
12900,237.283,122.169,7.494027,7.112457,0.38157,668.0935,0.854224,0.067517,0.805298,0.127185,81920,54730219,2471,451366,202,1503
12920,237.633,122.348,7.492278,7.114639,0.377639,663.4758,0.855603,0.066956,0.809143,0.123901,81920,54351935,2473,451791,212,1510
12940,237.977,122.525,7.496825,7.115616,0.381209,654.9942,0.852502,0.066003,0.810815,0.123181,81920,53657122,2585,451840,211,1510
12960,238.329,122.707,7.499445,7.12413,0.375315,660.0118,0.848718,0.06676,0.808936,0.124304,81920,54068163,2563,452139,209,1510
12980,238.675,122.884,7.502361,7.130203,0.372158,657.253,0.852515,0.066357,0.812732,0.120911,81920,53842165,2473,452387,214,1514
13000,239.021,123.061,7.501004,7.134232,0.366772,656.6853,0.851855,0.066284,0.815112,0.118604,81920,53795656,2606,452748,206,1516
13020,239.365,123.236,7.504776,7.139053,0.365722,649.3805,0.851184,0.065405,0.815515,0.11908,81920,53197249,2517,452905,212,1518
13040,239.715,123.413,7.507421,7.139511,0.36791,650.208,0.853711,0.065503,0.81521,0.119287,81920,53265040,2466,452776,215,1520
13060,240.065,123.59,7.508522,7.14769,0.360832,643.8163,0.855225,0.064807,0.81488,0.120312,81920,52741432,2615,453305,211,1520
13080,240.417,123.767,7.510152,7.145126,0.365026,647.0198,0.855811,0.065125,0.814319,0.120557,81920,53003858,2486,453001,209,1522
13100,240.771,123.949,7.509794,7.144211,0.365583,660.7273,0.85365,0.066992,0.815479,0.117529,81920,54126779,2480,452776,208,1522
13120,241.124,124.129,7.509224,7.141022,0.368202,659.0045,0.853748,0.066724,0.81615,0.117126,81920,53985647,2449,452658,204,1522
13140,241.48,124.309,7.512532,7.146591,0.365941,664.2804,0.857239,0.067334,0.818311,0.114355,81920,54417852,2468,452820,202,1526
13160,241.83,124.487,7.512982,7.150925,0.362058,666.4291,0.85592,0.067688,0.814563,0.117749,81920,54593873,2561,453135,201,1529
13180,242.186,124.669,7.517161,7.145172,0.371989,662.1973,0.855225,0.067151,0.813,0.119849,81920,54247201,2396,452564,199,1529
13200,242.536,124.847,7.516598,7.139267,0.377331,665.3012,0.85957,0.067505,0.815442,0.117053,81920,54501471,2584,452284,200,1534
13220,242.882,125.024,7.517457,7.137695,0.379761,657.1189,0.858154,0.066357,0.816711,0.116931,81920,53831184,2578,452024,199,1536
13240,243.235,125.203,7.517396,7.140091,0.377305,655.2387,0.85946,0.066187,0.818018,0.115796,81920,53677155,2482,452147,201,1538
13260,243.59,125.38,7.518503,7.143051,0.375452,649.1404,0.859949,0.065515,0.819421,0.115063,81920,53177578,2494,452442,204,1542
13280,243.938,125.558,7.519344,7.14357,0.375774,651.9148,0.860071,0.065796,0.819458,0.114746,81920,53404857,2452,452627,199,1544
13300,244.346,125.792,7.520009,7.151047,0.368962,650.0333,0.85979,0.065674,0.819202,0.115125,81920,53250724,2517,452796,204,1545
13320,244.716,125.97,7.519362,7.156219,0.363142,653.7275,0.85769,0.066101,0.818445,0.115454,81920,53553356,2649,453113,204,1547
13340,245.066,126.148,7.522583,7.158676,0.363907,651.8095,0.860315,0.065869,0.819666,0.114465,81920,53396231,2485,453277,201,1547
13360,245.42,126.324,7.519232,7.153168,0.366064,650.0064,0.858215,0.065564,0.819104,0.115332,81920,53248522,2589,453108,202,1549
13380,245.799,126.509,7.517399,7.155579,0.36182,643.1706,0.862488,0.064673,0.822449,0.112878,81920,52688537,2364,453338,201,1551
13400,246.149,126.685,7.514039,7.157837,0.356202,632.3445,0.861316,0.063306,0.822034,0.114661,81920,51801660,2514,453644,200,1551
13420,246.5,126.86,7.512912,7.154221,0.358692,632.3586,0.860535,0.06333,0.819153,0.117517,81920,51802815,2540,453433,199,1551
13440,246.854,127.037,7.516066,7.161606,0.35446,635.6622,0.859155,0.06377,0.820154,0.116077,81920,52073449,2590,453801,197,1551
13460,247.212,127.22,7.513099,7.161774,0.351326,645.067,0.862073,0.064966,0.819348,0.115686,81920,52843888,2502,453934,197,1553
13480,247.585,127.401,7.509118,7.15831,0.350808,639.0645,0.861328,0.064233,0.820544,0.115222,81920,52352163,2546,453891,197,1553
13500,247.946,127.579,7.51018,7.153549,0.356631,641.3371,0.859985,0.064404,0.820789,0.114807,81920,52538338,2451,453586,199,1553
13520,248.318,127.765,7.509941,7.158127,0.351814,639.8936,0.858093,0.064355,0.820386,0.115259,81920,52420082,2556,454020,200,1553
13540,248.693,127.965,7.506594,7.153107,0.353488,635.5469,0.859607,0.063794,0.821509,0.114697,81920,52064005,2491,453646,200,1559
13560,249.042,128.14,7.502862,7.154755,0.348107,644.7964,0.857092,0.06499,0.821069,0.11394,81920,52821725,2508,453945,196,1559
13580,249.392,128.316,7.505443,7.161514,0.343929,647.0546,0.85575,0.065295,0.82085,0.113855,81920,53006712,2573,454232,196,1559
13600,249.737,128.491,7.504323,7.166168,0.338155,647.2447,0.857922,0.065247,0.82019,0.114563,81920,53022282,2488,454575,196,1559
13620,250.087,128.666,7.501196,7.163925,0.33727,644.2042,0.861731,0.064807,0.82323,0.111963,81920,52773210,2568,454622,199,1561
13640,250.448,128.85,7.50065,7.170242,0.330407,639.881,0.861768,0.064331,0.824426,0.111243,81920,52419052,2618,454852,203,1566
13660,250.79,129.025,7.500027,7.165131,0.334896,646.0005,0.859888,0.065002,0.82384,0.111157,81920,52920361,2517,454577,205,1566
13680,251.148,129.209,7.501324,7.167847,0.333478,656.7505,0.858533,0.066309,0.822485,0.111206,81920,53800997,2559,454788,210,1572
13700,251.498,129.388,7.503547,7.177872,0.325675,644.8688,0.858472,0.064978,0.822119,0.112903,81920,52827649,2594,455184,213,1576
13720,251.848,129.566,7.502,7.184677,0.317323,648.7434,0.857568,0.065479,0.819141,0.115381,81920,53145056,2523,455594,207,1576
13740,252.199,129.745,7.506438,7.192566,0.313872,645.1049,0.855505,0.065015,0.816711,0.118274,81920,52846997,2583,455879,208,1576
13760,252.554,129.925,7.507279,7.194748,0.312531,648.3285,0.85564,0.06543,0.817529,0.117041,81920,53111073,2468,455798,201,1576
13780,252.939,130.132,7.507726,7.198914,0.308812,656.8514,0.855298,0.066479,0.816809,0.116711,81920,53809263,2622,456014,206,1581
13800,253.296,130.312,7.506914,7.200195,0.306719,664.9062,0.854285,0.067456,0.812231,0.120312,81920,54469118,2520,455993,208,1583
13820,253.645,130.492,7.50802,7.198853,0.309167,655.0174,0.851807,0.066248,0.810303,0.12345,81920,53659027,2559,455725,204,1588
13840,253.996,130.67,7.505746,7.194748,0.310998,662.7561,0.849719,0.067249,0.808362,0.12439,81920,54292976,2463,455466,202,1592
13860,254.349,130.849,7.503615,7.195663,0.307952,662.9247,0.850842,0.067297,0.807642,0.125061,81920,54306790,2524,455659,198,1592
13880,254.704,131.027,7.500762,7.195831,0.304931,662.776,0.851501,0.067358,0.809961,0.122681,81920,54294614,2508,455639,197,1592
13900,255.058,131.205,7.506403,7.203125,0.303278,656.8357,0.853613,0.066492,0.811316,0.122192,81920,53807977,2528,455796,197,1594
13920,255.409,131.381,7.50675,7.207474,0.299277,649.9765,0.854407,0.065674,0.810522,0.123804,81920,53246073,2524,455891,188,1594
13940,255.806,131.558,7.503264,7.200546,0.302717,654.4153,0.859216,0.066113,0.813208,0.120679,81920,53609704,2531,455450,187,1594
13960,256.194,131.765,7.506819,7.200333,0.306486,646.9406,0.85918,0.065222,0.811707,0.123071,81920,52997376,2542,455303,184,1594
13980,256.541,131.943,7.507824,7.205078,0.302746,644.5071,0.859119,0.064868,0.812549,0.122583,81920,52798025,2532,455565,182,1596
14000,256.899,132.118,7.512263,7.208237,0.304026,647.1201,0.858203,0.06521,0.809692,0.125098,81920,53012082,2514,455637,183,1596
14020,257.281,132.33,7.514377,7.207458,0.306918,634.6184,0.858899,0.063586,0.811548,0.124866,81920,51987936,2529,455415,177,1596
14040,257.621,132.503,7.511608,7.204056,0.307552,628.8446,0.856885,0.062976,0.810596,0.126428,81920,51514952,2572,455495,175,1596
14060,257.98,132.679,7.510212,7.194595,0.315617,627.0633,0.858289,0.062781,0.811206,0.126013,81920,51369028,2478,455088,170,1597
14080,258.325,132.853,7.516155,7.198257,0.317898,630.3047,0.861133,0.063147,0.811267,0.125586,81920,51634563,2585,455033,178,1601
14100,258.672,133.027,7.517653,7.198212,0.319441,624.8994,0.862268,0.062512,0.815234,0.122253,81920,51191756,2528,454887,182,1603
14120,259.054,133.237,7.517164,7.199371,0.317792,627.1721,0.861621,0.062805,0.813367,0.123828,81920,51377941,2552,455022,170,1603
14140,259.407,133.408,7.516145,7.195999,0.320146,620.9352,0.860303,0.062109,0.811108,0.126782,81920,50867014,2560,454848,171,1603
14160,259.757,133.585,7.514861,7.192917,0.321944,623.2962,0.861768,0.062292,0.814526,0.123181,81920,51060426,2401,454491,176,1603
14180,260.101,133.76,7.515579,7.192764,0.322815,622.8346,0.859558,0.06239,0.817505,0.120105,81920,51022607,2546,454537,177,1606
14200,260.449,133.936,7.517892,7.195709,0.322183,631.7563,0.857141,0.06344,0.816736,0.119824,81920,51753473,2502,454599,183,1608
14220,260.796,134.109,7.514966,7.187866,0.3271,632.3396,0.856311,0.063391,0.815173,0.121436,81920,51801257,2544,454115,183,1614
14240,261.144,134.284,7.515254,7.187469,0.327784,633.7102,0.853931,0.063489,0.81698,0.119531,81920,51913542,2449,454026,179,1614
14260,261.489,134.458,7.511849,7.184433,0.327416,636.7685,0.854968,0.06394,0.817688,0.118372,81920,52164074,2571,454043,183,1614
14280,261.842,134.633,7.512779,7.18779,0.324989,644.1406,0.855457,0.064917,0.814026,0.121057,81920,52768002,2542,454301,180,1614
14300,262.192,134.81,7.514567,7.189819,0.324748,657.5225,0.854675,0.066565,0.808594,0.124841,81920,53864240,2435,454425,185,1614
14320,262.545,134.99,7.510765,7.186676,0.324089,657.947,0.854468,0.066675,0.805396,0.12793,81920,53899016,2592,454262,188,1618
14340,262.893,135.165,7.509327,7.186356,0.322972,641.1399,0.855652,0.064441,0.807397,0.128162,81920,52522178,2723,454336,185,1618
14360,263.245,135.339,7.505202,7.183899,0.321303,640.954,0.853088,0.064551,0.805322,0.130127,81920,52506955,2541,453992,178,1618
14380,263.609,135.527,7.506807,7.184387,0.32242,645.7498,0.853577,0.065112,0.807593,0.127295,81920,52899822,2607,454157,176,1618
14400,263.966,135.711,7.505348,7.178146,0.327202,655.9109,0.853894,0.066406,0.809058,0.124536,81920,53732225,2551,453782,177,1621
14420,264.318,135.888,7.50182,7.179642,0.322178,651.5868,0.85448,0.065686,0.811157,0.123157,81920,53377992,2394,454030,186,1631
14440,264.667,136.064,7.500647,7.176926,0.323721,650.0953,0.85343,0.065625,0.809094,0.125281,81920,53255805,2416,454009,187,1633
14460,265.047,136.274,7.499141,7.16655,0.332591,645.3224,0.855957,0.064917,0.80791,0.127173,81920,52864811,2493,453583,189,1639
14480,265.394,136.45,7.500395,7.165955,0.33444,645.6626,0.856897,0.0651,0.809412,0.125488,81920,52892684,2462,453414,191,1647
14500,265.745,136.627,7.499411,7.153214,0.346198,645.1334,0.855518,0.064868,0.810291,0.124841,81920,52849330,2479,452679,186,1647
14520,266.101,136.811,7.501404,7.148071,0.353332,653.8934,0.857324,0.065955,0.814087,0.119958,81920,53566949,2511,452470,185,1649
14540,266.45,136.988,7.50559,7.157974,0.347616,657.6877,0.855835,0.066516,0.814001,0.119482,81920,53877777,2552,452803,192,1653
14560,266.823,137.166,7.509903,7.153793,0.35611,659.1258,0.853796,0.066614,0.8099,0.123486,81920,53995582,2602,452442,191,1653
14580,267.227,137.357,7.507721,7.154861,0.352859,655.5052,0.852002,0.066284,0.810742,0.122974,81920,53698983,2489,452629,189,1655
14600,267.573,137.532,7.507794,7.161301,0.346494,643.8045,0.852051,0.06488,0.813928,0.121191,81920,52740461,2468,452961,191,1655
14620,267.917,137.706,7.507659,7.158798,0.348861,646.0721,0.851721,0.065161,0.812598,0.122241,81920,52926226,2541,453109,187,1655
14640,268.292,137.905,7.507777,7.15799,0.349788,649.0774,0.853064,0.065588,0.812048,0.122363,81920,53172418,2563,453205,192,1659
14660,268.641,138.08,7.509939,7.156113,0.353827,646.0887,0.855298,0.065112,0.815527,0.11936,81920,52927583,2507,452718,198,1661
14680,268.987,138.255,7.511484,7.151047,0.360437,644.876,0.854956,0.064917,0.816284,0.118799,81920,52828244,2466,452373,195,1663
14700,269.334,138.431,7.515088,7.147827,0.367261,653.7025,0.857092,0.065942,0.818689,0.115369,81920,53551308,2547,452132,195,1663
14720,269.729,138.654,7.512658,7.14389,0.368767,655.4208,0.85957,0.066199,0.818933,0.114868,81920,53692068,2488,452221,197,1665
14740,270.076,138.83,7.51126,7.135895,0.375365,655.193,0.85592,0.06615,0.819214,0.114636,81920,53673412,2530,451846,199,1665
14760,270.423,139.006,7.512609,7.137619,0.37499,652.4452,0.857715,0.065845,0.818481,0.115674,81920,53448307,2485,451890,201,1665
14780,270.77,139.183,7.511918,7.134537,0.377381,661.927,0.857898,0.066907,0.819568,0.113525,81920,54225061,2502,451866,211,1670
14800,271.118,139.361,7.51169,7.134262,0.377428,663.0777,0.860217,0.066992,0.823755,0.109253,81920,54319328,2524,452047,208,1671
14820,271.468,139.539,7.511112,7.137207,0.373905,661.4255,0.856458,0.066882,0.819397,0.113721,81920,54183975,2415,452053,212,1676
14840,271.883,139.716,7.507165,7.14093,0.366235,654.302,0.85741,0.066089,0.81731,0.116602,81920,53600416,2584,452515,213,1678
14860,272.237,139.893,7.50876,7.138733,0.370027,653.5655,0.854321,0.066003,0.816321,0.117676,81920,53540084,2527,452505,215,1680
14880,272.587,140.07,7.506238,7.139862,0.366376,649.4076,0.857275,0.065405,0.819409,0.115186,81920,53199472,2457,452473,218,1687
14900,272.962,140.25,7.503734,7.136642,0.367092,659.8528,0.858081,0.066724,0.819861,0.113416,81920,54055140,2385,452333,217,1689
14920,273.318,140.431,7.507028,7.144638,0.36239,651.0944,0.859741,0.06571,0.81908,0.11521,81920,53337652,2450,452680,221,1695
14940,273.664,140.606,7.509775,7.154938,0.354837,644.9865,0.85885,0.065015,0.816138,0.118848,81920,52837292,2537,453254,221,1698
14960,274.016,140.784,7.510404,7.159409,0.350995,650.822,0.857153,0.065759,0.811438,0.122803,81920,53315339,2507,453620,222,1701
14980,274.367,140.961,7.511354,7.168488,0.342867,655.8762,0.856836,0.066479,0.809851,0.123669,81920,53729376,2543,454019,215,1703
15000,274.719,141.139,7.511498,7.171631,0.339867,651.863,0.854578,0.065991,0.809814,0.124194,81920,53400618,2475,454000,214,1703
15020,275.109,141.355,7.512247,7.177322,0.334925,648.5348,0.854517,0.065527,0.812061,0.122412,81920,53127974,2513,454326,207,1703
15040,275.508,141.533,7.510503,7.183212,0.327291,660.079,0.851367,0.066919,0.812549,0.120532,81920,54073672,2539,454867,211,1707
15060,275.859,141.712,7.512234,7.18161,0.330624,665.1501,0.850854,0.067529,0.81261,0.119861,81920,54489098,2455,454639,206,1707
15080,276.208,141.889,7.511859,7.177292,0.334568,655.9933,0.853198,0.066406,0.816223,0.117371,81920,53738975,2476,454322,199,1709
15100,276.56,142.066,7.51154,7.176849,0.334691,650.4669,0.853186,0.065771,0.814807,0.119421,81920,53286251,2549,454443,185,1709
15120,276.916,142.242,7.514767,7.177353,0.337415,650.9168,0.85332,0.06582,0.813855,0.120325,81920,53323105,2511,454446,186,1713
15140,277.266,142.419,7.514615,7.180191,0.334424,649.261,0.852039,0.065527,0.816333,0.11814,81920,53187462,2495,454408,186,1713
15160,277.616,142.596,7.516906,7.185349,0.331558,651.8281,0.851514,0.065869,0.814771,0.11936,81920,53397754,2527,454618,195,1717
15180,277.965,142.774,7.514878,7.188766,0.326112,646.447,0.852039,0.065222,0.814722,0.120056,81920,52956937,2485,454934,199,1721
15200,278.31,142.95,7.513442,7.191696,0.321746,638.9024,0.849377,0.064197,0.815393,0.12041,81920,52338886,2438,455196,205,1721
15220,278.663,143.132,7.515774,7.189865,0.325909,642.5939,0.846814,0.064624,0.814661,0.120715,81920,52641291,2486,455123,195,1721
15240,279.052,143.306,7.516605,7.190521,0.326084,633.0049,0.848267,0.063403,0.815479,0.121118,81920,51855761,2547,455034,191,1727
15260,279.397,143.478,7.513893,7.188934,0.324958,625.444,0.845874,0.062549,0.816968,0.120483,81920,51236374,2624,454965,189,1731
15280,279.743,143.652,7.514545,7.188202,0.326343,621.3556,0.844434,0.061853,0.819104,0.119043,81920,50901451,2503,454863,189,1731
15300,280.095,143.826,7.516856,7.18898,0.327876,633.2904,0.845337,0.063391,0.815601,0.121008,81920,51879146,2566,454787,185,1731
15320,280.455,144.001,7.51565,7.182449,0.3332,633.0576,0.846985,0.063403,0.817603,0.118994,81920,51860080,2494,454377,186,1735
15340,280.813,144.177,7.514232,7.184189,0.330043,635.6967,0.850391,0.063696,0.815625,0.120679,81920,52076276,2487,454570,183,1737
15360,281.157,144.351,7.511068,7.185272,0.325796,623.8138,0.855334,0.06228,0.815662,0.122058,81920,51102825,2544,454844,179,1739
15380,281.505,144.523,7.507215,7.183151,0.324064,618.0619,0.852832,0.061682,0.81759,0.120728,81920,50631630,2553,454792,181,1743
15400,281.851,144.695,7.512565,7.190689,0.321876,616.54,0.85542,0.061377,0.816052,0.122571,81920,50506955,2626,455026,182,1745
15420,282.25,144.867,7.509396,7.190781,0.318616,618.9188,0.856714,0.061694,0.816199,0.122107,81920,50701824,2551,455123,184,1749
15440,282.644,145.041,7.505997,7.186813,0.319184,624.2485,0.859949,0.062341,0.817883,0.119775,81920,51138437,2598,454846,182,1751
15460,282.988,145.214,7.500858,7.182022,0.318835,626.1347,0.860107,0.06261,0.821594,0.115796,81920,51292952,2466,454896,190,1758
15480,283.331,145.387,7.502052,7.181854,0.320197,622.6929,0.858337,0.06217,0.821082,0.116748,81920,51011006,2490,454769,192,1762
15500,283.677,145.56,7.499333,7.187378,0.311955,620.4952,0.858533,0.061877,0.820374,0.117749,81920,50830970,2533,455191,193,1762
15520,284.037,145.731,7.504428,7.191284,0.313144,616.4292,0.863806,0.061243,0.822437,0.116321,81920,50497876,2537,455299,194,1762
15540,284.38,145.903,7.509549,7.195099,0.31445,619.7961,0.864819,0.061731,0.824585,0.113684,81920,50773700,2433,455347,191,1762
15560,284.724,146.076,7.511289,7.200531,0.310758,622.7064,0.865466,0.062048,0.825244,0.112708,81920,51012108,2410,455390,195,1764
15580,285.068,146.25,7.51458,7.200638,0.313942,625.5915,0.863257,0.062427,0.824487,0.113086,81920,51248456,2580,455150,190,1764
15600,285.41,146.422,7.517203,7.199814,0.31739,617.4735,0.861694,0.061426,0.824536,0.114038,81920,50583426,2560,454997,187,1764
15620,285.783,146.593,7.520326,7.209137,0.311189,619.4861,0.85946,0.061768,0.820532,0.1177,81920,50748299,2593,455335,196,1773
15640,286.129,146.767,7.517307,7.206238,0.311069,618.8686,0.859607,0.061609,0.823804,0.114587,81920,50697719,2533,455262,197,1775
15660,286.475,146.938,7.512123,7.203842,0.308281,613.4668,0.859436,0.060986,0.825635,0.113379,81920,50255198,2534,455349,191,1775
15680,286.824,147.114,7.51354,7.202499,0.311041,616.9989,0.861011,0.061499,0.827429,0.111072,81920,50544547,2525,455277,193,1777
15700,287.181,147.291,7.51102,7.205536,0.305484,622.4697,0.860608,0.062122,0.827942,0.109937,81920,50992714,2571,455498,193,1779
15720,287.541,147.466,7.513122,7.211349,0.301773,618.765,0.856323,0.061646,0.829272,0.109082,81920,50689228,2491,455579,191,1779
15740,287.884,147.638,7.512913,7.209808,0.303105,619.3454,0.854272,0.061609,0.829041,0.109351,81920,50736772,2432,455447,191,1781
15760,288.238,147.811,7.511441,7.215378,0.296063,621.2766,0.85813,0.061877,0.83291,0.105212,81920,50894978,2574,455978,189,1785
15780,288.589,147.984,7.513623,7.218597,0.295025,623.3263,0.857983,0.062146,0.834387,0.103467,81920,51062891,2493,455992,186,1791
15800,288.936,148.158,7.516307,7.21701,0.299296,629.3691,0.856763,0.062854,0.833984,0.103162,81920,51557920,2544,455801,190,1791
15820,289.284,148.334,7.512098,7.217773,0.294325,640.7129,0.857275,0.064331,0.835315,0.100354,81920,52487199,2421,455870,190,1793
15840,289.636,148.515,7.513419,7.223511,0.289908,652.1526,0.860474,0.065723,0.835828,0.09845,81920,53424345,2485,456069,185,1793
15860,289.988,148.692,7.511374,7.215027,0.296347,647.0573,0.862366,0.064954,0.838464,0.096582,81920,53006937,2523,455500,181,1793
15880,290.341,148.87,7.510078,7.219254,0.290824,652.7255,0.864209,0.065698,0.837402,0.096899,81920,53471275,2473,455713,178,1793
15900,290.7,149.054,7.511269,7.224396,0.286874,658.3341,0.864905,0.066467,0.833386,0.100146,81920,53930729,2476,455953,182,1798
15920,291.057,149.234,7.508921,7.221848,0.287073,657.3461,0.865271,0.066345,0.830994,0.102661,81920,53849796,2521,455806,180,1798
15940,291.409,149.411,7.510773,7.226028,0.284745,648.7348,0.865112,0.065417,0.831604,0.102979,81920,53144356,2480,455966,177,1800
15960,291.759,149.587,7.508378,7.225754,0.282624,638.0031,0.861841,0.064014,0.82998,0.106006,81920,52265216,2421,456053,170,1800
15980,292.107,149.764,7.509017,7.225708,0.283309,642.0328,0.860974,0.064478,0.830444,0.105078,81920,52595323,2570,456042,171,1803
16000,292.464,149.94,7.507439,7.226624,0.280816,637.8106,0.86156,0.06405,0.828979,0.10697,81920,52249441,2511,456241,166,1805
16020,292.814,150.117,7.509261,7.230865,0.278395,645.0813,0.862109,0.064868,0.826306,0.108826,81920,52845060,2509,456296,164,1807
16040,293.162,150.294,7.51008,7.229553,0.280527,636.9636,0.863416,0.063831,0.827087,0.109082,81920,52180055,2625,456187,162,1810
16060,293.514,150.47,7.505675,7.225189,0.280486,643.5424,0.862976,0.064612,0.827014,0.108374,81920,52718993,2536,456036,164,1810
16080,293.863,150.647,7.50527,7.225494,0.279775,648.1689,0.865332,0.065234,0.824304,0.110461,81920,53097998,2563,456253,159,1810
16100,294.215,150.826,7.503896,7.225037,0.27886,651.0457,0.864795,0.065686,0.822852,0.111462,81920,53333664,2593,456184,156,1810
16120,294.569,151.003,7.503632,7.224091,0.279542,646.3668,0.864221,0.065173,0.822937,0.11189,81920,52950369,2475,456171,153,1810
16140,294.93,151.184,7.505007,7.224884,0.280123,653.3456,0.864136,0.065955,0.821875,0.11217,81920,53522069,2460,456080,158,1812
16160,295.28,151.363,7.503637,7.22438,0.279257,651.6471,0.866589,0.06571,0.823254,0.111035,81920,53382934,2565,455943,162,1812
16180,295.634,151.543,7.505296,7.222153,0.283143,648.7458,0.8651,0.065259,0.824939,0.109802,81920,53145253,2532,455516,170,1822
16200,295.997,151.722,7.507934,7.221481,0.286452,647.664,0.864795,0.065198,0.827039,0.107764,81920,53056632,2558,455571,166,1822
16220,296.348,151.901,7.509476,7.2211,0.288376,652.1406,0.867065,0.06571,0.827002,0.107288,81920,53423360,2508,455548,168,1822
16240,296.701,152.083,7.508047,7.220093,0.287954,657.1527,0.868835,0.066406,0.825525,0.108069,81920,53833952,2372,455776,164,1822
16260,297.055,152.263,7.510873,7.222916,0.287957,655.4994,0.866077,0.066199,0.823242,0.110559,81920,53698509,2529,455835,173,1824
16280,297.413,152.441,7.510069,7.225784,0.284285,648.6671,0.868262,0.065356,0.823047,0.111597,81920,53138807,2557,456075,174,1828
16300,297.763,152.62,7.510627,7.223251,0.287375,648.9394,0.870471,0.065332,0.822864,0.111804,81920,53161114,2539,455930,174,1832
16320,298.115,152.8,7.508395,7.214294,0.2941,652.5141,0.870178,0.065784,0.82854,0.105676,81920,53453959,2589,455431,174,1832
16340,298.467,152.979,7.509409,7.218567,0.290842,657.9071,0.871399,0.066394,0.82793,0.105676,81920,53895747,2570,455711,179,1838
16360,298.835,153.173,7.515661,7.225235,0.290426,657.8526,0.872742,0.06637,0.82583,0.1078,81920,53891287,2494,455696,173,1838
16380,299.185,153.352,7.513154,7.219986,0.293168,652.4789,0.873987,0.065649,0.831433,0.102917,81920,53451074,2516,455516,170,1844
16400,299.551,153.538,7.514808,7.221115,0.293693,656.3401,0.870679,0.066138,0.833179,0.100684,81920,53767385,2471,455145,176,1848
16420,299.946,153.762,7.514202,7.216568,0.297634,660.471,0.87262,0.066589,0.834485,0.098926,81920,54105788,2510,454688,171,1850
16440,300.303,153.947,7.512636,7.219223,0.293413,663.1733,0.869824,0.066919,0.832153,0.100928,81920,54327157,2564,454922,175,1854
16460,300.653,154.127,7.512024,7.221771,0.290252,654.1776,0.867505,0.065942,0.828137,0.10592,81920,53590229,2459,455041,188,1857
16480,301.005,154.306,7.514346,7.222168,0.292178,658.2748,0.870581,0.066418,0.828674,0.104907,81920,53925875,2472,454931,182,1859
16500,301.355,154.485,7.517439,7.226913,0.290526,663.5001,0.870947,0.067151,0.828992,0.103857,81920,54353931,2479,455192,184,1861
16520,301.709,154.67,7.519394,7.215668,0.303726,661.855,0.870886,0.066797,0.827771,0.105432,81920,54219164,2578,454417,193,1865
16540,302.058,154.849,7.514872,7.211975,0.302896,657.8994,0.868115,0.066455,0.827612,0.105933,81920,53895117,2527,454328,195,1865
16560,302.408,155.028,7.517234,7.217392,0.299842,655.5732,0.86532,0.066199,0.827466,0.106335,81920,53704555,2602,454722,203,1869
16580,302.757,155.207,7.519184,7.219238,0.299946,654.2099,0.869165,0.065857,0.828052,0.106091,81920,53592871,2613,454812,202,1879
16600,303.107,155.387,7.520102,7.225922,0.294181,659.6796,0.866858,0.066736,0.823035,0.110229,81920,54040950,2492,455091,205,1883
16620,303.456,155.566,7.519945,7.219284,0.300661,658.2738,0.863965,0.066492,0.822681,0.110828,81920,53925791,2469,454724,207,1887
16640,303.845,155.781,7.518822,7.215714,0.303108,657.2439,0.863135,0.06637,0.820911,0.11272,81920,53841417,2550,454635,206,1887
16660,304.2,155.961,7.519799,7.214386,0.305413,656.7681,0.863513,0.066309,0.821033,0.112659,81920,53802440,2550,454607,206,1894
16680,304.552,156.141,7.51777,7.208847,0.308923,658.967,0.863257,0.066614,0.818079,0.115308,81920,53982578,2440,454304,202,1894
16700,304.902,156.323,7.522806,7.213943,0.308862,668.5501,0.863208,0.06781,0.819714,0.112476,81920,54767625,2447,454489,207,1899
16720,305.254,156.502,7.522597,7.209229,0.313368,661.7031,0.862231,0.066919,0.822168,0.110913,81920,54206718,2476,454230,198,1899
16740,305.616,156.696,7.520312,7.203629,0.316683,669.7202,0.861011,0.067993,0.820093,0.111914,81920,54863477,2542,453933,207,1909
16760,305.968,156.876,7.518355,7.195465,0.32289,670.6469,0.859717,0.068005,0.820374,0.111621,81920,54939390,2498,453740,206,1912
16780,306.319,157.056,7.516381,7.197678,0.318703,659.958,0.863806,0.066602,0.822375,0.111023,81920,54063762,2550,454004,202,1914
16800,306.667,157.235,7.519298,7.199265,0.320033,660.2061,0.861816,0.066821,0.815869,0.11731,81920,54084080,2570,453990,199,1917
16820,307.051,157.43,7.517929,7.199417,0.318512,659.0094,0.861865,0.066589,0.815564,0.117847,81920,53986052,2524,454041,203,1919
16840,307.451,157.653,7.519562,7.200729,0.318833,654.6928,0.857715,0.066064,0.814514,0.119421,81920,53632432,2533,454083,202,1922
16860,307.8,157.83,7.52446,7.206482,0.317978,652.5709,0.858533,0.065857,0.81521,0.118933,81920,53458606,2507,454276,197,1922
16880,308.149,158.008,7.526333,7.20517,0.321163,656.3611,0.858667,0.066345,0.812854,0.120801,81920,53769102,2585,454167,197,1923
16900,308.498,158.186,7.524308,7.201492,0.322816,655.6458,0.858789,0.066211,0.813477,0.120312,81920,53710504,2526,453986,192,1926
16920,308.845,158.363,7.525483,7.196564,0.328919,645.4474,0.854443,0.064941,0.811755,0.123303,81920,52875052,2489,453705,190,1928
16940,309.19,158.538,7.523922,7.192383,0.331539,640.053,0.854321,0.064221,0.811011,0.124768,81920,52433140,2528,453717,194,1928
16960,309.539,158.714,7.525147,7.183395,0.341752,647.2438,0.851611,0.065149,0.810486,0.124365,81920,53022210,2519,453054,193,1930
16980,309.888,158.89,7.527229,7.182404,0.344826,643.5064,0.854382,0.064709,0.812622,0.122668,81920,52716047,2477,453072,195,1930
17000,310.248,159.066,7.525244,7.183792,0.341452,643.9161,0.856519,0.064746,0.812537,0.122717,81920,52749609,2586,453243,196,1935
17020,310.602,159.245,7.521709,7.182083,0.339626,637.6336,0.856885,0.063989,0.813928,0.122083,81920,52234947,2559,453415,195,1939
17040,310.958,159.422,7.524019,7.184021,0.339998,638.4551,0.857141,0.06405,0.814954,0.120996,81920,52302243,2524,453397,203,1944
17060,311.312,159.599,7.529545,7.192245,0.337299,639.9301,0.855237,0.064307,0.813318,0.122375,81920,52423071,2446,453612,211,1955
17080,311.666,159.777,7.525003,7.188324,0.336679,646.8434,0.853857,0.065173,0.810828,0.123999,81920,52989414,2442,453677,207,1955
17100,312.018,159.955,7.530585,7.195297,0.335288,644.2336,0.853589,0.064954,0.806006,0.129041,81920,52775615,2541,453870,211,1955
17120,312.372,160.132,7.532782,7.195053,0.337729,646.579,0.852966,0.065198,0.805432,0.12937,81920,52967750,2532,453811,211,1955
17140,312.732,160.311,7.532257,7.195099,0.337158,653.5527,0.851465,0.066077,0.806396,0.127527,81920,53539037,2570,453929,202,1955
17160,313.095,160.499,7.536229,7.199127,0.337102,647.0288,0.851404,0.065295,0.806921,0.127783,81920,53004602,2548,454095,207,1955
17180,313.445,160.674,7.538167,7.201019,0.337148,639.4406,0.848621,0.06438,0.803943,0.131677,81920,52382977,2429,454028,201,1957
17200,313.796,160.85,7.536858,7.196671,0.340187,640.4571,0.844141,0.064551,0.799817,0.135632,81920,52466243,2467,453814,201,1957
17220,314.145,161.025,7.533391,7.202759,0.330632,641.6852,0.846472,0.064771,0.798682,0.136548,81920,52566853,2535,454283,202,1961
17240,314.496,161.201,7.53042,7.196045,0.334375,644.6169,0.846521,0.065234,0.795691,0.139075,81920,52807013,2534,454031,197,1961
17260,314.842,161.377,7.527462,7.195282,0.33218,649.0095,0.842517,0.065686,0.793359,0.140955,81920,53166858,2503,453955,197,1963
17280,315.189,161.553,7.526373,7.18457,0.341803,649.9078,0.843677,0.065857,0.791711,0.142432,81920,53240447,2543,453362,199,1967
17300,315.542,161.732,7.524468,7.184525,0.339943,650.7926,0.842224,0.06604,0.788196,0.145764,81920,53312932,2521,453456,193,1970
17320,315.892,161.909,7.52311,7.179626,0.343484,653.2316,0.841272,0.066321,0.784766,0.148914,81920,53512731,2417,453453,193,1970
17340,316.239,162.085,7.524718,7.181046,0.343672,655.8978,0.842834,0.066724,0.787671,0.145605,81920,53731148,2479,453454,191,1970
17360,316.586,162.262,7.52569,7.178101,0.347589,656.622,0.845007,0.066711,0.789978,0.143311,81920,53790477,2482,453304,195,1970
17380,316.939,162.44,7.524544,7.174606,0.349938,666.3073,0.843689,0.067798,0.79198,0.140222,81920,54583896,2485,453234,192,1970
17400,317.293,162.622,7.519166,7.166855,0.352311,670.3918,0.841589,0.068347,0.791797,0.139856,81920,54918493,2501,452765,190,1970
17420,317.643,162.801,7.518876,7.16951,0.349366,667.3178,0.842859,0.068018,0.794739,0.137244,81920,54666672,2517,452922,193,1972
17440,317.996,162.983,7.516043,7.161057,0.354987,682.7821,0.843994,0.069897,0.7922,0.137903,81920,55933511,2519,452665,191,1974
17460,318.349,163.165,7.513852,7.151016,0.362835,675.926,0.841968,0.068994,0.794128,0.136877,81920,55371854,2539,452283,195,1981
17480,318.719,163.362,7.511918,7.154816,0.357102,677.2794,0.8448,0.069116,0.796191,0.134692,81920,55482727,2534,452583,197,1984
17500,319.11,163.544,7.514382,7.15332,0.361061,678.0946,0.842468,0.069263,0.795984,0.134753,81920,55549507,2426,452525,196,1985
17520,319.498,163.725,7.518059,7.159607,0.358452,678.3745,0.840222,0.069397,0.792542,0.138062,81920,55572435,2511,452689,199,1985
17540,319.852,163.908,7.517307,7.155502,0.361805,675.2952,0.839185,0.068811,0.792615,0.138574,81920,55320186,2544,452392,194,1988
17560,320.203,164.088,7.517047,7.155426,0.361621,670.2884,0.842114,0.068213,0.793909,0.137878,81920,54910026,2469,452554,194,1992
17580,320.556,164.271,7.516219,7.153107,0.363112,670.4986,0.845459,0.068103,0.793713,0.138184,81920,54927242,2537,452371,188,1992
17600,320.91,164.456,7.516144,7.157181,0.358963,670.5169,0.843469,0.068347,0.791882,0.139771,81920,54928742,2465,452584,188,1994
17620,321.262,164.635,7.514177,7.159607,0.35457,666.62,0.844397,0.067932,0.790771,0.141296,81920,54609510,2486,452886,191,1994
17640,321.614,164.814,7.513621,7.158661,0.35496,667.3367,0.847314,0.068005,0.788086,0.143909,81920,54668224,2450,452817,185,1996
17660,321.968,164.994,7.514733,7.160675,0.354058,662.9792,0.844495,0.067432,0.788953,0.143616,81920,54311254,2472,452963,192,2001
17680,322.32,165.174,7.51591,7.159195,0.356715,670.706,0.847131,0.068408,0.7922,0.139392,81920,54944236,2510,452879,197,2004
17700,322.672,165.354,7.514243,7.159149,0.355094,671.6044,0.846814,0.068518,0.792517,0.138965,81920,55017830,2436,452812,189,2004
17720,323.03,165.536,7.512637,7.157425,0.355212,670.8072,0.847168,0.068359,0.795288,0.136353,81920,54952523,2488,452822,189,2004
17740,323.397,165.723,7.508747,7.157272,0.351474,671.1644,0.848108,0.068433,0.793933,0.137634,81920,54981790,2507,452924,189,2004
17760,323.747,165.903,7.508907,7.15213,0.356777,671.7998,0.846997,0.068445,0.795227,0.136328,81920,55033836,2536,452597,190,2004
17780,324.099,166.083,7.508138,7.157837,0.350301,665.0124,0.849011,0.067566,0.795789,0.136646,81920,54477814,2491,453080,189,2010
17800,324.448,166.261,7.506922,7.157333,0.349589,662.4002,0.845801,0.067224,0.793958,0.138818,81920,54263825,2492,453100,192,2014
17820,324.8,166.44,7.502379,7.153717,0.348662,664.2376,0.84707,0.067419,0.791199,0.141382,81920,54414343,2494,452990,193,2014
17840,325.154,166.619,7.499805,7.153351,0.346454,661.72,0.845386,0.067188,0.791724,0.141089,81920,54208105,2478,453104,197,2016
17860,325.546,166.82,7.499366,7.146637,0.352729,662.5869,0.845081,0.067224,0.79198,0.140796,81920,54279117,2539,452703,199,2023
17880,325.908,167.0,7.5004,7.150131,0.350269,666.0913,0.847925,0.067773,0.794641,0.137585,81920,54566198,2476,453024,200,2023
17900,326.301,167.216,7.502353,7.147476,0.354877,662.9885,0.849109,0.067334,0.794336,0.13833,81920,54312020,2557,452764,197,2025
17920,326.664,167.405,7.501198,7.144455,0.356743,662.8486,0.84635,0.067224,0.793469,0.139307,81920,54300556,2539,452644,193,2030
17940,327.062,167.629,7.501169,7.137939,0.36323,660.4636,0.850488,0.067017,0.795972,0.137012,81920,54105181,2533,452253,193,2030
17960,327.418,167.807,7.499014,7.139816,0.359197,662.6062,0.852393,0.067261,0.796436,0.136304,81920,54280704,2528,452503,190,2030
17980,327.771,167.983,7.501152,7.143173,0.357979,656.3684,0.851257,0.066394,0.799622,0.133984,81920,53769701,2449,452977,183,2030
18000,328.134,168.159,7.498869,7.144531,0.354338,652.8115,0.847632,0.066138,0.79967,0.134192,81920,53478317,2507,453139,185,2031
18020,328.484,168.335,7.498115,7.144241,0.353874,650.654,0.848438,0.065759,0.800342,0.133899,81920,53301575,2482,453078,191,2035
18040,328.837,168.51,7.498553,7.148056,0.350497,647.5696,0.85022,0.065454,0.799512,0.135034,81920,53048905,2487,453284,187,2035
18060,329.183,168.684,7.501903,7.153458,0.348446,636.4507,0.850146,0.06405,0.802551,0.133398,81920,52138039,2462,453400,197,2041
18080,329.528,168.858,7.504082,7.155869,0.348213,634.3554,0.849036,0.063879,0.803455,0.132666,81920,51966393,2583,453636,196,2041
18100,329.917,169.041,7.501838,7.153763,0.348076,634.825,0.84707,0.063867,0.804224,0.131909,81920,52004861,2539,453363,199,2045
18120,330.264,169.214,7.499697,7.149918,0.349779,636.628,0.845801,0.063892,0.80531,0.130798,81920,52152568,2515,453297,195,2047
18140,330.615,169.389,7.503043,7.153931,0.349112,627.5905,0.844019,0.062842,0.803357,0.133801,81920,51412212,2394,453306,197,2049
18160,330.968,169.566,7.501327,7.151382,0.349944,637.2502,0.842651,0.063928,0.803955,0.132117,81920,52203536,2530,453263,192,2049
18180,331.325,169.745,7.504357,7.15892,0.345437,640.9417,0.844458,0.064526,0.806335,0.129138,81920,52505946,2506,453582,200,2049
18200,331.705,169.952,7.505652,7.166031,0.339621,649.4803,0.844067,0.065564,0.805359,0.129077,81920,53205423,2482,453789,200,2049
18220,332.058,170.131,7.503821,7.164948,0.338874,653.4156,0.841321,0.066016,0.802185,0.131799,81920,53527806,2554,453699,205,2050
18240,332.448,170.315,7.506033,7.160599,0.345434,659.3166,0.841418,0.066614,0.803015,0.130371,81920,54011217,2544,453329,204,2052
18260,332.806,170.493,7.501002,7.16127,0.339731,650.9074,0.840125,0.065723,0.805286,0.128992,81920,53322336,2474,453636,201,2056
18280,333.16,170.672,7.502661,7.160828,0.341833,647.1689,0.845142,0.065198,0.805811,0.128992,81920,53016079,2532,453678,196,2056
18300,333.589,170.85,7.505193,7.164734,0.340459,649.4626,0.841553,0.065588,0.802527,0.131885,81920,53203980,2396,453686,199,2059
18320,333.97,171.027,7.505145,7.16925,0.335895,656.0818,0.841211,0.066455,0.801233,0.132312,81920,53746224,2525,454015,201,2067
18340,334.384,171.205,7.506393,7.171753,0.33464,661.7276,0.846033,0.066992,0.802417,0.130591,81920,54208723,2570,453847,191,2071
18360,334.794,171.42,7.508331,7.179642,0.328689,658.0103,0.847009,0.066589,0.803638,0.129773,81920,53904200,2432,454170,194,2071
18380,335.146,171.598,7.512305,7.181915,0.330389,666.7232,0.846143,0.0677,0.803442,0.128857,81920,54617968,2472,454269,193,2071
18400,335.496,171.777,7.51196,7.18045,0.33151,667.2992,0.850232,0.067847,0.803772,0.128381,81920,54665148,2544,454192,199,2075
18420,335.851,171.955,7.510511,7.169846,0.340665,660.6229,0.848938,0.066968,0.804968,0.128064,81920,54118226,2540,453612,196,2077
18440,336.245,172.145,7.511905,7.172852,0.339054,656.6488,0.849146,0.066406,0.805566,0.128027,81920,53792668,2515,453571,189,2079
18460,336.598,172.324,7.506062,7.166443,0.339619,654.8709,0.847766,0.066235,0.807068,0.126697,81920,53647021,2549,453690,192,2083
18480,336.956,172.501,7.510155,7.168137,0.342019,655.0087,0.850623,0.066187,0.810327,0.123486,81920,53658309,2479,453409,201,2087
18500,337.355,172.724,7.511127,7.169373,0.341754,663.1353,0.846838,0.067236,0.807056,0.125708,81920,54324045,2504,453477,204,2090
18520,337.707,172.903,7.512824,7.170151,0.342673,659.9272,0.849072,0.066833,0.807947,0.12522,81920,54061239,2545,453360,206,2092
18540,338.056,173.08,7.511915,7.166306,0.345609,649.7252,0.848792,0.06554,0.810706,0.123755,81920,53225492,2521,453324,203,2092
18560,338.422,173.273,7.51253,7.167252,0.345278,643.3763,0.846484,0.064783,0.812305,0.122913,81920,52705384,2690,453455,204,2092
18580,338.779,173.455,7.511493,7.170197,0.341297,648.4066,0.85033,0.065369,0.8125,0.122131,81920,53117472,2542,453958,200,2092
18600,339.127,173.63,7.509165,7.166626,0.342539,639.0218,0.850342,0.064197,0.811719,0.124084,81920,52348668,2546,453869,207,2098
18620,339.485,173.806,7.510011,7.171982,0.338029,637.6149,0.849524,0.064136,0.814685,0.121179,81920,52233409,2456,453990,205,2100
18640,339.846,173.988,7.51333,7.172424,0.340905,639.3227,0.850195,0.064197,0.818359,0.117444,81920,52373318,2456,453807,210,2102
18660,340.21,174.163,7.511625,7.166107,0.345518,639.932,0.854956,0.064099,0.822229,0.113672,81920,52423231,2508,453724,201,2102
18680,340.565,174.342,7.513195,7.17395,0.339245,637.6081,0.857715,0.063953,0.824719,0.111328,81920,52232858,2514,454100,206,2106
18700,340.941,174.541,7.511562,7.175018,0.336544,630.5584,0.859277,0.063062,0.824329,0.11261,81920,51655346,2483,454119,203,2109
18720,341.29,174.714,7.511674,7.174652,0.337022,622.1592,0.861426,0.062012,0.824963,0.113025,81920,50967281,2482,454179,205,2111
18740,341.653,174.891,7.509232,7.165375,0.343857,631.5891,0.862378,0.063184,0.825244,0.111572,81920,51739776,2550,453690,211,2113
18760,342.011,175.074,7.513897,7.169876,0.344021,631.8326,0.863733,0.06322,0.83092,0.105859,81920,51759724,2541,453725,213,2115
18780,342.357,175.249,7.512647,7.166672,0.345975,635.1186,0.86156,0.063501,0.830908,0.105591,81920,52028918,2559,453792,215,2121
18800,342.705,175.423,7.51366,7.172485,0.341174,629.1791,0.859753,0.062817,0.829053,0.10813,81920,51542352,2449,453891,217,2125
18820,343.055,175.6,7.511576,7.164673,0.346903,628.9658,0.860779,0.062903,0.829199,0.107898,81920,51524881,2526,453405,210,2127
18840,343.408,175.776,7.513559,7.168503,0.345056,633.1088,0.860901,0.063428,0.829944,0.106628,81920,51864276,2434,453691,212,2127
18860,343.758,175.954,7.512261,7.175766,0.336495,632.2401,0.860669,0.063342,0.830176,0.106482,81920,51793105,2431,454080,212,2129
18880,344.107,176.129,7.514909,7.185501,0.329408,633.3455,0.857141,0.063538,0.829089,0.107373,81920,51883665,2494,454569,215,2129
18900,344.46,176.305,7.516976,7.190674,0.326302,635.9068,0.858313,0.063745,0.830188,0.106067,81920,52093489,2561,454650,213,2131
18920,344.817,176.482,7.517878,7.198944,0.318934,634.6979,0.854553,0.06366,0.828955,0.107385,81920,51994450,2499,455192,213,2131
18940,345.171,176.66,7.521505,7.199478,0.322027,640.4854,0.854541,0.064355,0.827478,0.108167,81920,52468562,2377,454977,207,2133
18960,345.549,176.844,7.519046,7.195419,0.323627,634.0236,0.850281,0.063611,0.824768,0.111621,81920,51939214,2541,454775,205,2135
18980,345.919,177.035,7.514459,7.199188,0.315271,633.9403,0.850073,0.063574,0.825281,0.111145,81920,51932388,2506,455114,205,2142
19000,346.27,177.212,7.511419,7.199646,0.311773,632.4627,0.850806,0.063477,0.825537,0.110986,81920,51811345,2501,455138,201,2142
19020,346.618,177.387,7.51467,7.201035,0.313636,627.6401,0.853845,0.062744,0.824084,0.113171,81920,51416276,2540,455077,202,2142
19040,346.975,177.565,7.517417,7.201477,0.31594,629.8239,0.854309,0.063098,0.823901,0.113,81920,51595176,2464,454899,210,2146
19060,347.331,177.747,7.51453,7.20433,0.310199,626.7423,0.854907,0.062769,0.823169,0.114062,81920,51342726,2422,455009,213,2148
19080,347.68,177.922,7.51324,7.207352,0.305889,636.2429,0.852051,0.063953,0.822351,0.113696,81920,52121020,2556,455211,217,2150
19100,348.03,178.098,7.51441,7.20816,0.30625,637.2149,0.849731,0.064111,0.819971,0.115918,81920,52200646,2478,455265,221,2154
19120,348.379,178.273,7.516646,7.204926,0.31172,636.5451,0.851025,0.064014,0.819751,0.116235,81920,52145773,2605,454808,218,2154
19140,348.775,178.494,7.51343,7.196716,0.316713,637.1965,0.852136,0.064026,0.821704,0.11427,81920,52199137,2529,454275,221,2161
19160,349.134,178.671,7.511998,7.190186,0.321813,636.4744,0.853894,0.063953,0.822974,0.113074,81920,52139980,2410,453919,216,2161
19180,349.48,178.848,7.509048,7.18364,0.325409,634.0853,0.854553,0.063599,0.822571,0.113831,81920,51944267,2508,453682,211,2161
19200,349.825,179.025,7.509883,7.184418,0.325465,630.438,0.853223,0.063196,0.822998,0.113806,81920,51645481,2578,453772,209,2164
19220,350.18,179.204,7.509742,7.191086,0.318656,630.2434,0.851575,0.063171,0.822131,0.114697,81920,51629536,2526,454389,206,2164
19240,350.531,179.38,7.511576,7.197647,0.313929,634.6016,0.849585,0.063708,0.820813,0.115479,81920,51986560,2587,454621,206,2164
19260,350.879,179.553,7.508623,7.191025,0.317599,620.1354,0.851074,0.061914,0.821106,0.11698,81920,50801495,2502,454544,203,2166
19280,351.223,179.724,7.510481,7.192169,0.318312,611.0075,0.851184,0.060864,0.818921,0.120215,81920,50053735,2472,454756,206,2174
19300,351.577,179.902,7.509769,7.188141,0.321628,622.8675,0.850281,0.06217,0.819397,0.118433,81920,51025305,2520,454530,204,2176
19320,351.932,180.081,7.507404,7.188919,0.318485,634.8527,0.855493,0.063733,0.821631,0.114636,81920,52007131,2525,454482,192,2176
19340,352.284,180.258,7.507701,7.192108,0.315593,635.5621,0.852795,0.063782,0.819775,0.116443,81920,52065251,2516,454846,192,2176
19360,352.632,180.434,7.508801,7.197235,0.311566,631.8153,0.852747,0.063428,0.817493,0.11908,81920,51758310,2548,455025,190,2176
19380,352.994,180.619,7.511135,7.20311,0.308026,632.4565,0.851245,0.06355,0.817725,0.118726,81920,51810839,2587,455234,190,2176
19400,353.345,180.794,7.5075,7.201874,0.305626,639.746,0.853394,0.06449,0.817981,0.117529,81920,52407996,2573,455209,183,2178
19420,353.695,180.971,7.510508,7.204559,0.305948,645.3808,0.854932,0.065149,0.817017,0.117834,81920,52869595,2531,455269,184,2180
19440,354.043,181.148,7.512469,7.196304,0.316164,640.8735,0.854529,0.0646,0.814539,0.120862,81920,52500354,2502,454773,188,2185
19460,354.414,181.325,7.514181,7.200867,0.313314,639.1616,0.852417,0.064453,0.812012,0.123535,81920,52360116,2508,454843,190,2185
19480,354.769,181.503,7.513899,7.202377,0.311522,643.4348,0.84939,0.064819,0.80592,0.12926,81920,52710180,2521,455023,192,2185
19500,355.136,181.683,7.512763,7.18895,0.323813,658.202,0.851001,0.066687,0.806396,0.126917,81920,53919911,2462,454312,196,2185
19520,355.492,181.863,7.516741,7.191193,0.325548,654.9071,0.850684,0.066223,0.806335,0.127441,81920,53649991,2511,454328,195,2185
19540,355.851,182.046,7.519487,7.19339,0.326097,658.2715,0.847498,0.066748,0.808276,0.124976,81920,53925599,2511,454457,195,2191
19560,356.209,182.228,7.521068,7.191925,0.329143,659.8229,0.846899,0.067017,0.805444,0.127539,81920,54052692,2355,454409,191,2191
19580,356.565,182.411,7.524095,7.193787,0.330308,665.5346,0.84436,0.0677,0.803735,0.128564,81920,54520592,2573,454377,191,2191
19600,356.932,182.591,7.52186,7.194519,0.327341,671.7739,0.843628,0.068445,0.801331,0.130225,81920,55031720,2403,454415,189,2191
19620,357.291,182.773,7.523033,7.19371,0.329323,669.9454,0.842859,0.068237,0.803528,0.128235,81920,54881929,2453,454393,187,2191
19640,357.647,182.955,7.521088,7.195465,0.325623,664.1491,0.845911,0.067517,0.806824,0.125659,81920,54407095,2522,454833,191,2191
19660,358.001,183.136,7.518462,7.19017,0.328292,667.6673,0.848364,0.067896,0.807886,0.124219,81920,54695305,2465,454682,196,2193
19680,358.354,183.316,7.520084,7.188126,0.331959,670.2269,0.847705,0.068213,0.805432,0.126355,81920,54904984,2486,454584,200,2197
19700,358.712,183.497,7.513255,7.181549,0.331706,674.1637,0.851135,0.068665,0.807666,0.123669,81920,55227492,2513,454112,201,2197
19720,359.074,183.683,7.511494,7.18512,0.326374,677.5149,0.851599,0.069067,0.806726,0.124207,81920,55502020,2500,454456,208,2204
19740,359.456,183.891,7.512331,7.18808,0.324251,680.9406,0.846887,0.069604,0.805676,0.124719,81920,55782656,2519,454672,216,2206
19760,359.807,184.071,7.511516,7.190369,0.321147,673.5367,0.84635,0.068726,0.803088,0.128186,81920,55176130,2528,454987,212,2206
19780,360.158,184.251,7.508794,7.188751,0.320043,667.4378,0.847791,0.067883,0.802893,0.129224,81920,54676508,2556,454694,204,2209
19800,360.513,184.432,7.507898,7.187653,0.320245,678.1057,0.850159,0.069153,0.80719,0.123657,81920,55550416,2557,454725,206,2212
19820,360.874,184.615,7.508376,7.190872,0.317503,685.3967,0.848682,0.069983,0.806714,0.123303,81920,56147694,2431,454679,206,2214
19840,361.228,184.796,7.508854,7.187836,0.321019,680.6534,0.847791,0.069409,0.805298,0.125293,81920,55759130,2535,454429,203,2214
19860,361.585,184.979,7.506349,7.186371,0.319979,683.9521,0.843713,0.069849,0.806799,0.123352,81920,56029358,2520,454346,201,2216
19880,361.943,185.161,7.505181,7.181442,0.323739,681.1401,0.842786,0.069543,0.806873,0.123584,81920,55799001,2534,453987,200,2220
19900,362.3,185.345,7.507201,7.179047,0.328154,682.2796,0.843689,0.06958,0.8104,0.12002,81920,55892348,2527,453756,198,2222
19920,362.658,185.528,7.51084,7.187454,0.323385,685.7553,0.84353,0.07002,0.813159,0.116821,81920,56177078,2560,454174,193,2225
19940,363.018,185.712,7.508736,7.188171,0.320564,686.5446,0.841919,0.070032,0.810803,0.119165,81920,56241733,2511,454539,189,2225
19960,363.381,185.896,7.508289,7.189804,0.318485,683.1,0.842664,0.069641,0.813867,0.116492,81920,55959555,2415,454776,191,2225
19980,363.739,186.08,7.510249,7.189316,0.320933,693.1323,0.842932,0.070874,0.813049,0.116077,81920,56781402,2580,454695,194,2230
20000,364.102,186.265,7.513771,7.194046,0.319725,687.838,0.845142,0.07019,0.814539,0.115271,81920,56347685,2537,454604,192,2230
