# epoch 0  H=7.9996 C=8.0025 HO=-0.0030  A(t)=0
         1  ......p......e..  fffff08b1aaa700904ac1defbd65d1a3
         1  .......W~....:.+  ffffecc70fb8dd577ea5c1fb183ac62b
         1  ...E....N}W..^.l  ffffd445c47f9af54e7d5719f75efb6c
         1  ...}...M/..G@.i.  ffffbc7dd6b2c34d2fa2a74740e269a6
         1  ..X..!=...&.l5c`  ffff58d1c5213dded4a326ee6c356360
         1  ..,....F......7.  ffff2cb7bdc6fa467f14021ea1d637d9
         1  ..$.f...sh..xz..  ffff24a4660cb68b736806b8787ad8fe
         1  ....Y.[).*..:xN.  fffed81f59955b29ef2ac01f3a784e0c
         1  ....X........w..  fffecfcf5811a518a39feca2ab77f0d0
         1  .....!$.....w4..  fffeceabc42124b1187fdc077734aade
# epoch 20  H=7.9994 C=7.9485 HO=0.0509  A(t)=0
       146  ................  87878787878787878787878787878787
       102  [[[[[[[[[[[[[[[[  5b5b5b5b5b5b5b5b5b5b5b5b5b5b5b5b
        98  {{{{{{{{{{{{{{{{  7b7b7b7b7b7b7b7b7b7b7b7b7b7b7b7b
        88  ................  bdbdbdbdbdbdbdbdbdbdbdbdbdbdbdbd
        71  ................  b9b9b9b9b9b9b9b9b9b9b9b9b9b9b9b9
        69  1111111111111111  31313131313131313131313131313131
        65  }}}}}}}}}}}}}}}}  7d7d7d7d7d7d7d7d7d7d7d7d7d7d7d7d
        62  zzzzzzzzzzzzzzzz  7a7a7a7a7a7a7a7a7a7a7a7a7a7a7a7a
        62  bbbbbbbbbbbbbbbb  62626262626262626262626262626262
        53  ^^^^^^^^^^^^^^^^  5e5e5e5e5e5e5e5e5e5e5e5e5e5e5e5e
# epoch 40  H=7.9991 C=7.8983 HO=0.1008  A(t)=0
       178  [[[[[[[[[[[[[[[[  5b5b5b5b5b5b5b5b5b5b5b5b5b5b5b5b
       172  ................  87878787878787878787878787878787
       131  bbbbbbbbbbbbbbbb  62626262626262626262626262626262
       120  ................  e2e2e2e2e2e2e2e2e2e2e2e2e2e2e2e2
       114  vvvvvvvvvvvvvvvv  76767676767676767676767676767676
       111  {{{{{{{{{{{{{{{{  7b7b7b7b7b7b7b7b7b7b7b7b7b7b7b7b
        97  1111111111111111  31313131313131313131313131313131
        96  ................  02020202020202020202020202020202
        89  """"""""""""""""  22222222222222222222222222222222
        87  ................  ffffffffffffffffffffffffffffffff
# epoch 60  H=7.9988 C=7.8597 HO=0.1391  A(t)=0
       194  ................  e2e2e2e2e2e2e2e2e2e2e2e2e2e2e2e2
       190  [[[[[[[[[[[[[[[[  5b5b5b5b5b5b5b5b5b5b5b5b5b5b5b5b
       183  1111111111111111  31313131313131313131313131313131
       162  vvvvvvvvvvvvvvvv  76767676767676767676767676767676
       144  ................  87878787878787878787878787878787
       126  bbbbbbbbbbbbbbbb  62626262626262626262626262626262
       118  ................  d2d2d2d2d2d2d2d2d2d2d2d2d2d2d2d2
       118  ................  bdbdbdbdbdbdbdbdbdbdbdbdbdbdbdbd
       112  ................  ffffffffffffffffffffffffffffffff
        98  {{{{{{{{{{{{{{{{  7b7b7b7b7b7b7b7b7b7b7b7b7b7b7b7b
# epoch 80  H=7.9985 C=7.8309 HO=0.1676  A(t)=0
       259  [[[[[[[[[[[[[[[[  5b5b5b5b5b5b5b5b5b5b5b5b5b5b5b5b
       209  1111111111111111  31313131313131313131313131313131
       185  ................  e2e2e2e2e2e2e2e2e2e2e2e2e2e2e2e2
       173  9999999999999999  39393939393939393939393939393939
       162  bbbbbbbbbbbbbbbb  62626262626262626262626262626262
       159  $$$$$$$$$$$$$$$$  24242424242424242424242424242424
       145  ................  bdbdbdbdbdbdbdbdbdbdbdbdbdbdbdbd
       145  vvvvvvvvvvvvvvvv  76767676767676767676767676767676
       144  ................  87878787878787878787878787878787
       127  {{{{{{{{{{{{{{{{  7b7b7b7b7b7b7b7b7b7b7b7b7b7b7b7b
# epoch 100  H=7.9979 C=7.7961 HO=0.2018  A(t)=89
       309  $$$$$$$$$$$$$$$$  24242424242424242424242424242424
       258  ................  bdbdbdbdbdbdbdbdbdbdbdbdbdbdbdbd
       246  [[[[[[[[[[[[[[[[  5b5b5b5b5b5b5b5b5b5b5b5b5b5b5b5b
       244  <<<<<<<<<<<<<<<<  3c3c3c3c3c3c3c3c3c3c3c3c3c3c3c3c
       175  ................  e2e2e2e2e2e2e2e2e2e2e2e2e2e2e2e2
       168  1111111111111111  31313131313131313131313131313131
       154  bbbbbbbbbbbbbbbb  62626262626262626262626262626262
       145  vvvvvvvvvvvvvvvv  76767676767676767676767676767676
       141  ................  dbdbdbdbdbdbdbdbdbdbdbdbdbdbdbdb
       137  9999999999999999  39393939393939393939393939393939
# epoch 120  H=7.9976 C=7.7779 HO=0.2197  A(t)=131
       297  [[[[[[[[[[[[[[[[  5b5b5b5b5b5b5b5b5b5b5b5b5b5b5b5b
       287  $$$$$$$$$$$$$$$$  24242424242424242424242424242424
       242  ................  bdbdbdbdbdbdbdbdbdbdbdbdbdbdbdbd
       223  <<<<<<<<<<<<<<<<  3c3c3c3c3c3c3c3c3c3c3c3c3c3c3c3c
       154  bbbbbbbbbbbbbbbb  62626262626262626262626262626262
       150  1111111111111111  31313131313131313131313131313131
       141  vvvvvvvvvvvvvvvv  76767676767676767676767676767676
       140  ................  e2e2e2e2e2e2e2e2e2e2e2e2e2e2e2e2
       140  ................  d2d2d2d2d2d2d2d2d2d2d2d2d2d2d2d2
       139  ................  e0e0e0e0e0e0e0e0e0e0e0e0e0e0e0e0
# epoch 140  H=7.9972 C=7.7445 HO=0.2527  A(t)=151
       327  ................  bdbdbdbdbdbdbdbdbdbdbdbdbdbdbdbd
       283  [[[[[[[[[[[[[[[[  5b5b5b5b5b5b5b5b5b5b5b5b5b5b5b5b
       277  $$$$$$$$$$$$$$$$  24242424242424242424242424242424
       213  <<<<<<<<<<<<<<<<  3c3c3c3c3c3c3c3c3c3c3c3c3c3c3c3c
       152  ;;;;;;;;;;;;;;;;  3b3b3b3b3b3b3b3b3b3b3b3b3b3b3b3b
       150  1111111111111111  31313131313131313131313131313131
       148  bbbbbbbbbbbbbbbb  62626262626262626262626262626262
       146  4444444444444444  34343434343434343434343434343434
       140  vvvvvvvvvvvvvvvv  76767676767676767676767676767676
       139  ................  d2d2d2d2d2d2d2d2d2d2d2d2d2d2d2d2
# epoch 160  H=7.9966 C=7.7189 HO=0.2777  A(t)=170
       339  ................  bdbdbdbdbdbdbdbdbdbdbdbdbdbdbdbd
       274  $$$$$$$$$$$$$$$$  24242424242424242424242424242424
       259  <<<<<<<<<<<<<<<<  3c3c3c3c3c3c3c3c3c3c3c3c3c3c3c3c
       208  4444444444444444  34343434343434343434343434343434
       165  [[[[[[[[[[[[[[[[  5b5b5b5b5b5b5b5b5b5b5b5b5b5b5b5b
       159  9999999999999999  39393939393939393939393939393939
       141  1111111111111111  31313131313131313131313131313131
       140  vvvvvvvvvvvvvvvv  76767676767676767676767676767676
       136  ................  02020202020202020202020202020202
       134  ................  d2d2d2d2d2d2d2d2d2d2d2d2d2d2d2d2
# epoch 180  H=7.9961 C=7.6963 HO=0.2998  A(t)=184
       313  ................  bdbdbdbdbdbdbdbdbdbdbdbdbdbdbdbd
       278  <<<<<<<<<<<<<<<<  3c3c3c3c3c3c3c3c3c3c3c3c3c3c3c3c
       271  ................  02020202020202020202020202020202
       256  $$$$$$$$$$$$$$$$  24242424242424242424242424242424
       204  4444444444444444  34343434343434343434343434343434
       178  [[[[[[[[[[[[[[[[  5b5b5b5b5b5b5b5b5b5b5b5b5b5b5b5b
       147  ,,,,,,,,,,,,,,,,  2c2c2c2c2c2c2c2c2c2c2c2c2c2c2c2c
       140  vvvvvvvvvvvvvvvv  76767676767676767676767676767676
       138  1111111111111111  31313131313131313131313131313131
       129  ................  d2d2d2d2d2d2d2d2d2d2d2d2d2d2d2d2
# epoch 200  H=7.9956 C=7.6811 HO=0.3146  A(t)=195
       303  ................  bdbdbdbdbdbdbdbdbdbdbdbdbdbdbdbd
       253  ................  02020202020202020202020202020202
       241  [[[[[[[[[[[[[[[[  5b5b5b5b5b5b5b5b5b5b5b5b5b5b5b5b
       227  <<<<<<<<<<<<<<<<  3c3c3c3c3c3c3c3c3c3c3c3c3c3c3c3c
       224  $$$$$$$$$$$$$$$$  24242424242424242424242424242424
       215  4444444444444444  34343434343434343434343434343434
       189  ,,,,,,,,,,,,,,,,  2c2c2c2c2c2c2c2c2c2c2c2c2c2c2c2c
       175  vvvvvvvvvvvvvvvv  76767676767676767676767676767676
       157  ................  e2e2e2e2e2e2e2e2e2e2e2e2e2e2e2e2
       151  ................  e0e0e0e0e0e0e0e0e0e0e0e0e0e0e0e0
# epoch 220  H=7.9953 C=7.6647 HO=0.3306  A(t)=213
       255  ................  bdbdbdbdbdbdbdbdbdbdbdbdbdbdbdbd
       236  ,,,,,,,,,,,,,,,,  2c2c2c2c2c2c2c2c2c2c2c2c2c2c2c2c
       226  [[[[[[[[[[[[[[[[  5b5b5b5b5b5b5b5b5b5b5b5b5b5b5b5b
       216  <<<<<<<<<<<<<<<<  3c3c3c3c3c3c3c3c3c3c3c3c3c3c3c3c
       198  ................  02020202020202020202020202020202
       197  $$$$$$$$$$$$$$$$  24242424242424242424242424242424
       188  4444444444444444  34343434343434343434343434343434
       159  vvvvvvvvvvvvvvvv  76767676767676767676767676767676
       148  ................  e2e2e2e2e2e2e2e2e2e2e2e2e2e2e2e2
       148  ................  e0e0e0e0e0e0e0e0e0e0e0e0e0e0e0e0
# epoch 240  H=7.9945 C=7.6492 HO=0.3453  A(t)=220
       357  ,,,,,,,,,,,,,,,,  2c2c2c2c2c2c2c2c2c2c2c2c2c2c2c2c
       270  [[[[[[[[[[[[[[[[  5b5b5b5b5b5b5b5b5b5b5b5b5b5b5b5b
       254  ................  bdbdbdbdbdbdbdbdbdbdbdbdbdbdbdbd
       207  <<<<<<<<<<<<<<<<  3c3c3c3c3c3c3c3c3c3c3c3c3c3c3c3c
       182  $$$$$$$$$$$$$$$$  24242424242424242424242424242424
       177  4444444444444444  34343434343434343434343434343434
       174  ................  02020202020202020202020202020202
       159  vvvvvvvvvvvvvvvv  76767676767676767676767676767676
       146  ................  e2e2e2e2e2e2e2e2e2e2e2e2e2e2e2e2
       144  ................  e0e0e0e0e0e0e0e0e0e0e0e0e0e0e0e0
# epoch 260  H=7.9936 C=7.6333 HO=0.3604  A(t)=231
       306  ,,,,,,,,,,,,,,,,  2c2c2c2c2c2c2c2c2c2c2c2c2c2c2c2c
       255  <<<<<<<<<<<<<<<<  3c3c3c3c3c3c3c3c3c3c3c3c3c3c3c3c
       211  ................  bdbdbdbdbdbdbdbdbdbdbdbdbdbdbdbd
       209  [[[[[[[[[[[[[[[[  5b5b5b5b5b5b5b5b5b5b5b5b5b5b5b5b
       193  4444444444444444  34343434343434343434343434343434
       188  ................  1f1f1f1f1f1f1f1f1f1f1f1f1f1f1f1f
       165  $$$$$$$$$$$$$$$$  24242424242424242424242424242424
       158  ................  02020202020202020202020202020202
       147  vvvvvvvvvvvvvvvv  76767676767676767676767676767676
       129  ................  e2e2e2e2e2e2e2e2e2e2e2e2e2e2e2e2
# epoch 280  H=7.9930 C=7.6212 HO=0.3718  A(t)=233
       277  ,,,,,,,,,,,,,,,,  2c2c2c2c2c2c2c2c2c2c2c2c2c2c2c2c
       253  <<<<<<<<<<<<<<<<  3c3c3c3c3c3c3c3c3c3c3c3c3c3c3c3c
       210  ................  bdbdbdbdbdbdbdbdbdbdbdbdbdbdbdbd
       201  [[[[[[[[[[[[[[[[  5b5b5b5b5b5b5b5b5b5b5b5b5b5b5b5b
       183  ................  1f1f1f1f1f1f1f1f1f1f1f1f1f1f1f1f
       164  >>>>>>>>>>>>>>>>  3e3e3e3e3e3e3e3e3e3e3e3e3e3e3e3e
       163  4444444444444444  34343434343434343434343434343434
       158  ................  01010101010101010101010101010101
       153  ................  b5b5b5b5b5b5b5b5b5b5b5b5b5b5b5b5
       149  $$$$$$$$$$$$$$$$  24242424242424242424242424242424
# epoch 300  H=7.9923 C=7.6151 HO=0.3772  A(t)=235
       442  [[[[[[[[[[[[[[[[  5b5b5b5b5b5b5b5b5b5b5b5b5b5b5b5b
       257  ,,,,,,,,,,,,,,,,  2c2c2c2c2c2c2c2c2c2c2c2c2c2c2c2c
       235  <<<<<<<<<<<<<<<<  3c3c3c3c3c3c3c3c3c3c3c3c3c3c3c3c
       184  >>>>>>>>>>>>>>>>  3e3e3e3e3e3e3e3e3e3e3e3e3e3e3e3e
       172  ................  bdbdbdbdbdbdbdbdbdbdbdbdbdbdbdbd
       167  ................  1f1f1f1f1f1f1f1f1f1f1f1f1f1f1f1f
       160  4444444444444444  34343434343434343434343434343434
       155  ................  01010101010101010101010101010101
       147  XXXXXXXXXXXXXXXX  58585858585858585858585858585858
       142  $$$$$$$$$$$$$$$$  24242424242424242424242424242424
# epoch 320  H=7.9915 C=7.6069 HO=0.3846  A(t)=241
       499  [[[[[[[[[[[[[[[[  5b5b5b5b5b5b5b5b5b5b5b5b5b5b5b5b
       257  ,,,,,,,,,,,,,,,,  2c2c2c2c2c2c2c2c2c2c2c2c2c2c2c2c
       217  <<<<<<<<<<<<<<<<  3c3c3c3c3c3c3c3c3c3c3c3c3c3c3c3c
       185  ZZZZZZZZZZZZZZZZ  5a5a5a5a5a5a5a5a5a5a5a5a5a5a5a5a
       184  ................  01010101010101010101010101010101
       165  ................  bdbdbdbdbdbdbdbdbdbdbdbdbdbdbdbd
       165  >>>>>>>>>>>>>>>>  3e3e3e3e3e3e3e3e3e3e3e3e3e3e3e3e
       150  ................  1f1f1f1f1f1f1f1f1f1f1f1f1f1f1f1f
       147  XXXXXXXXXXXXXXXX  58585858585858585858585858585858
       146  ;;;;;;;;;;;;;;;;  3b3b3b3b3b3b3b3b3b3b3b3b3b3b3b3b
# epoch 340  H=7.9906 C=7.6074 HO=0.3833  A(t)=247
       504  [[[[[[[[[[[[[[[[  5b5b5b5b5b5b5b5b5b5b5b5b5b5b5b5b
       246  ,,,,,,,,,,,,,,,,  2c2c2c2c2c2c2c2c2c2c2c2c2c2c2c2c
       222  <<<<<<<<<<<<<<<<  3c3c3c3c3c3c3c3c3c3c3c3c3c3c3c3c
       180  ZZZZZZZZZZZZZZZZ  5a5a5a5a5a5a5a5a5a5a5a5a5a5a5a5a
       164  ................  bdbdbdbdbdbdbdbdbdbdbdbdbdbdbdbd
       150  ................  1f1f1f1f1f1f1f1f1f1f1f1f1f1f1f1f
       148  >>>>>>>>>>>>>>>>  3e3e3e3e3e3e3e3e3e3e3e3e3e3e3e3e
       133  ................  01010101010101010101010101010101
       130  XXXXXXXXXXXXXXXX  58585858585858585858585858585858
       130  ................  02020202020202020202020202020202
# epoch 360  H=7.9888 C=7.5924 HO=0.3965  A(t)=249
       589  [[[[[[[[[[[[[[[[  5b5b5b5b5b5b5b5b5b5b5b5b5b5b5b5b
       419  <<<<<<<<<<<<<<<<  3c3c3c3c3c3c3c3c3c3c3c3c3c3c3c3c
       255  ,,,,,,,,,,,,,,,,  2c2c2c2c2c2c2c2c2c2c2c2c2c2c2c2c
       193  ................  01010101010101010101010101010101
       162  ZZZZZZZZZZZZZZZZ  5a5a5a5a5a5a5a5a5a5a5a5a5a5a5a5a
       159  >>>>>>>>>>>>>>>>  3e3e3e3e3e3e3e3e3e3e3e3e3e3e3e3e
       155  ................  bdbdbdbdbdbdbdbdbdbdbdbdbdbdbdbd
       147  ................  15151515151515151515151515151515
       143  ................  e2e2e2e2e2e2e2e2e2e2e2e2e2e2e2e2
       126  ................  02020202020202020202020202020202
# epoch 380  H=7.9880 C=7.5905 HO=0.3976  A(t)=254
       705  [[[[[[[[[[[[[[[[  5b5b5b5b5b5b5b5b5b5b5b5b5b5b5b5b
       368  <<<<<<<<<<<<<<<<  3c3c3c3c3c3c3c3c3c3c3c3c3c3c3c3c
       231  ................  01010101010101010101010101010101
       226  ,,,,,,,,,,,,,,,,  2c2c2c2c2c2c2c2c2c2c2c2c2c2c2c2c
       158  ZZZZZZZZZZZZZZZZ  5a5a5a5a5a5a5a5a5a5a5a5a5a5a5a5a
       153  ................  bdbdbdbdbdbdbdbdbdbdbdbdbdbdbdbd
       149  >>>>>>>>>>>>>>>>  3e3e3e3e3e3e3e3e3e3e3e3e3e3e3e3e
       147  ................  15151515151515151515151515151515
       124  ;;;;;;;;;;;;;;;;  3b3b3b3b3b3b3b3b3b3b3b3b3b3b3b3b
       123  ................  e2e2e2e2e2e2e2e2e2e2e2e2e2e2e2e2
# epoch 400  H=7.9864 C=7.5725 HO=0.4139  A(t)=256
       838  [[[[[[[[[[[[[[[[  5b5b5b5b5b5b5b5b5b5b5b5b5b5b5b5b
       424  <<<<<<<<<<<<<<<<  3c3c3c3c3c3c3c3c3c3c3c3c3c3c3c3c
       226  ,,,,,,,,,,,,,,,,  2c2c2c2c2c2c2c2c2c2c2c2c2c2c2c2c
       213  ................  01010101010101010101010101010101
       156  ZZZZZZZZZZZZZZZZ  5a5a5a5a5a5a5a5a5a5a5a5a5a5a5a5a
       152  }}}}}}}}}}}}}}}}  7d7d7d7d7d7d7d7d7d7d7d7d7d7d7d7d
       141  ................  bdbdbdbdbdbdbdbdbdbdbdbdbdbdbdbd
       131  ................  15151515151515151515151515151515
       128  >>>>>>>>>>>>>>>>  3e3e3e3e3e3e3e3e3e3e3e3e3e3e3e3e
       127  &&&&&&&&&&&&&&&&  26262626262626262626262626262626
# epoch 420  H=7.9851 C=7.5650 HO=0.4202  A(t)=259
       868  [[[[[[[[[[[[[[[[  5b5b5b5b5b5b5b5b5b5b5b5b5b5b5b5b
       507  <<<<<<<<<<<<<<<<  3c3c3c3c3c3c3c3c3c3c3c3c3c3c3c3c
       328  ................  01010101010101010101010101010101
       181  ZZZZZZZZZZZZZZZZ  5a5a5a5a5a5a5a5a5a5a5a5a5a5a5a5a
       175  ,,,,,,,,,,,,,,,,  2c2c2c2c2c2c2c2c2c2c2c2c2c2c2c2c
       143  &&&&&&&&&&&&&&&&  26262626262626262626262626262626
       139  }}}}}}}}}}}}}}}}  7d7d7d7d7d7d7d7d7d7d7d7d7d7d7d7d
       127  ................  bdbdbdbdbdbdbdbdbdbdbdbdbdbdbdbd
       123  ;;;;;;;;;;;;;;;;  3b3b3b3b3b3b3b3b3b3b3b3b3b3b3b3b
       122  ................  dadadadadadadadadadadadadadadada
# epoch 440  H=7.9839 C=7.5616 HO=0.4223  A(t)=262
       858  [[[[[[[[[[[[[[[[  5b5b5b5b5b5b5b5b5b5b5b5b5b5b5b5b
       520  <<<<<<<<<<<<<<<<  3c3c3c3c3c3c3c3c3c3c3c3c3c3c3c3c
       376  ................  01010101010101010101010101010101
       201  ,,,,,,,,,,,,,,,,  2c2c2c2c2c2c2c2c2c2c2c2c2c2c2c2c
       187  ................  f6f6f6f6f6f6f6f6f6f6f6f6f6f6f6f6
       173  ZZZZZZZZZZZZZZZZ  5a5a5a5a5a5a5a5a5a5a5a5a5a5a5a5a
       137  ................  02020202020202020202020202020202
       136  >>>>>>>>>>>>>>>>  3e3e3e3e3e3e3e3e3e3e3e3e3e3e3e3e
       136  ;;;;;;;;;;;;;;;;  3b3b3b3b3b3b3b3b3b3b3b3b3b3b3b3b
       122  }}}}}}}}}}}}}}}}  7d7d7d7d7d7d7d7d7d7d7d7d7d7d7d7d
# epoch 460  H=7.9828 C=7.5543 HO=0.4285  A(t)=264
       849  [[[[[[[[[[[[[[[[  5b5b5b5b5b5b5b5b5b5b5b5b5b5b5b5b
       586  <<<<<<<<<<<<<<<<  3c3c3c3c3c3c3c3c3c3c3c3c3c3c3c3c
       359  ................  01010101010101010101010101010101
       269  ,,,,,,,,,,,,,,,,  2c2c2c2c2c2c2c2c2c2c2c2c2c2c2c2c
       168  ................  ffffffffffffffffffffffffffffffff
       168  ................  f6f6f6f6f6f6f6f6f6f6f6f6f6f6f6f6
       155  ................  dadadadadadadadadadadadadadadada
       148  >>>>>>>>>>>>>>>>  3e3e3e3e3e3e3e3e3e3e3e3e3e3e3e3e
       122  ((((((((((((((((  28282828282828282828282828282828
       121  ................  14141414141414141414141414141414
# epoch 480  H=7.9810 C=7.5365 HO=0.4445  A(t)=269
       802  [[[[[[[[[[[[[[[[  5b5b5b5b5b5b5b5b5b5b5b5b5b5b5b5b
       633  <<<<<<<<<<<<<<<<  3c3c3c3c3c3c3c3c3c3c3c3c3c3c3c3c
       374  ................  01010101010101010101010101010101
       291  ,,,,,,,,,,,,,,,,  2c2c2c2c2c2c2c2c2c2c2c2c2c2c2c2c
       211  ((((((((((((((((  28282828282828282828282828282828
       192  ................  f6f6f6f6f6f6f6f6f6f6f6f6f6f6f6f6
       181  ................  ffffffffffffffffffffffffffffffff
       179  IIIIIIIIIIIIIIII  49494949494949494949494949494949
       161  ................  14141414141414141414141414141414
       151  ................  dadadadadadadadadadadadadadadada
# epoch 500  H=7.9796 C=7.5280 HO=0.4516  A(t)=273
       812  [[[[[[[[[[[[[[[[  5b5b5b5b5b5b5b5b5b5b5b5b5b5b5b5b
       617  <<<<<<<<<<<<<<<<  3c3c3c3c3c3c3c3c3c3c3c3c3c3c3c3c
       370  ................  01010101010101010101010101010101
       277  ,,,,,,,,,,,,,,,,  2c2c2c2c2c2c2c2c2c2c2c2c2c2c2c2c
       271  IIIIIIIIIIIIIIII  49494949494949494949494949494949
       215  YYYYYYYYYYYYYYYY  59595959595959595959595959595959
       207  ((((((((((((((((  28282828282828282828282828282828
       192  ................  f6f6f6f6f6f6f6f6f6f6f6f6f6f6f6f6
       178  ................  ffffffffffffffffffffffffffffffff
       151  ................  dadadadadadadadadadadadadadadada
# epoch 520  H=7.9783 C=7.5139 HO=0.4644  A(t)=275
       731  [[[[[[[[[[[[[[[[  5b5b5b5b5b5b5b5b5b5b5b5b5b5b5b5b
       600  <<<<<<<<<<<<<<<<  3c3c3c3c3c3c3c3c3c3c3c3c3c3c3c3c
       348  ................  01010101010101010101010101010101
       254  IIIIIIIIIIIIIIII  49494949494949494949494949494949
       250  ,,,,,,,,,,,,,,,,  2c2c2c2c2c2c2c2c2c2c2c2c2c2c2c2c
       209  ::::::::::::::::  3a3a3a3a3a3a3a3a3a3a3a3a3a3a3a3a
       188  ((((((((((((((((  28282828282828282828282828282828
       178  XXXXXXXXXXXXXXXX  58585858585858585858585858585858
       174  YYYYYYYYYYYYYYYY  59595959595959595959595959595959
       151  ................  f6f6f6f6f6f6f6f6f6f6f6f6f6f6f6f6
# epoch 540  H=7.9773 C=7.5043 HO=0.4730  A(t)=279
       682  [[[[[[[[[[[[[[[[  5b5b5b5b5b5b5b5b5b5b5b5b5b5b5b5b
       575  <<<<<<<<<<<<<<<<  3c3c3c3c3c3c3c3c3c3c3c3c3c3c3c3c
       309  ................  01010101010101010101010101010101
       231  ,,,,,,,,,,,,,,,,  2c2c2c2c2c2c2c2c2c2c2c2c2c2c2c2c
       208  IIIIIIIIIIIIIIII  49494949494949494949494949494949
       196  }}}}}}}}}}}}}}}}  7d7d7d7d7d7d7d7d7d7d7d7d7d7d7d7d
       180  ::::::::::::::::  3a3a3a3a3a3a3a3a3a3a3a3a3a3a3a3a
       177  ................  f6f6f6f6f6f6f6f6f6f6f6f6f6f6f6f6
       169  ((((((((((((((((  28282828282828282828282828282828
       152  XXXXXXXXXXXXXXXX  58585858585858585858585858585858
# epoch 560  H=7.9759 C=7.4883 HO=0.4876  A(t)=281
       685  <<<<<<<<<<<<<<<<  3c3c3c3c3c3c3c3c3c3c3c3c3c3c3c3c
       644  [[[[[[[[[[[[[[[[  5b5b5b5b5b5b5b5b5b5b5b5b5b5b5b5b
       305  ................  01010101010101010101010101010101
       234  ((((((((((((((((  28282828282828282828282828282828
       218  ,,,,,,,,,,,,,,,,  2c2c2c2c2c2c2c2c2c2c2c2c2c2c2c2c
       192  IIIIIIIIIIIIIIII  49494949494949494949494949494949
       187  ................  a5a5a5a5a5a5a5a5a5a5a5a5a5a5a5a5
       185  ZZZZZZZZZZZZZZZZ  5a5a5a5a5a5a5a5a5a5a5a5a5a5a5a5a
       178  ::::::::::::::::  3a3a3a3a3a3a3a3a3a3a3a3a3a3a3a3a
       176  ................  14141414141414141414141414141414
# epoch 580  H=7.9745 C=7.4747 HO=0.4997  A(t)=283
       775  <<<<<<<<<<<<<<<<  3c3c3c3c3c3c3c3c3c3c3c3c3c3c3c3c
       670  [[[[[[[[[[[[[[[[  5b5b5b5b5b5b5b5b5b5b5b5b5b5b5b5b
       299  ................  14141414141414141414141414141414
       268  ................  01010101010101010101010101010101
       259  ................  9c9c9c9c9c9c9c9c9c9c9c9c9c9c9c9c
       210  ((((((((((((((((  28282828282828282828282828282828
       190  ,,,,,,,,,,,,,,,,  2c2c2c2c2c2c2c2c2c2c2c2c2c2c2c2c
       187  IIIIIIIIIIIIIIII  49494949494949494949494949494949
       180  }}}}}}}}}}}}}}}}  7d7d7d7d7d7d7d7d7d7d7d7d7d7d7d7d
       172  ................  9d9d9d9d9d9d9d9d9d9d9d9d9d9d9d9d
# epoch 600  H=7.9723 C=7.4674 HO=0.5049  A(t)=284
       827  [[[[[[[[[[[[[[[[  5b5b5b5b5b5b5b5b5b5b5b5b5b5b5b5b
       724  <<<<<<<<<<<<<<<<  3c3c3c3c3c3c3c3c3c3c3c3c3c3c3c3c
       287  ................  14141414141414141414141414141414
       252  ................  01010101010101010101010101010101
       238  oooooooooooooooo  6f6f6f6f6f6f6f6f6f6f6f6f6f6f6f6f
       233  ................  9c9c9c9c9c9c9c9c9c9c9c9c9c9c9c9c
       208  ((((((((((((((((  28282828282828282828282828282828
       186  }}}}}}}}}}}}}}}}  7d7d7d7d7d7d7d7d7d7d7d7d7d7d7d7d
       179  ~~~~~~~~~~~~~~~~  7e7e7e7e7e7e7e7e7e7e7e7e7e7e7e7e
       178  IIIIIIIIIIIIIIII  49494949494949494949494949494949
# epoch 620  H=7.9707 C=7.4671 HO=0.5036  A(t)=285
       822  [[[[[[[[[[[[[[[[  5b5b5b5b5b5b5b5b5b5b5b5b5b5b5b5b
       672  <<<<<<<<<<<<<<<<  3c3c3c3c3c3c3c3c3c3c3c3c3c3c3c3c
       252  ................  01010101010101010101010101010101
       251  ................  14141414141414141414141414141414
       209  oooooooooooooooo  6f6f6f6f6f6f6f6f6f6f6f6f6f6f6f6f
       198  ................  9c9c9c9c9c9c9c9c9c9c9c9c9c9c9c9c
       180  }}}}}}}}}}}}}}}}  7d7d7d7d7d7d7d7d7d7d7d7d7d7d7d7d
       171  ::::::::::::::::  3a3a3a3a3a3a3a3a3a3a3a3a3a3a3a3a
       166  ................  9d9d9d9d9d9d9d9d9d9d9d9d9d9d9d9d
       166  ((((((((((((((((  28282828282828282828282828282828
# epoch 640  H=7.9683 C=7.4695 HO=0.4989  A(t)=293
       783  [[[[[[[[[[[[[[[[  5b5b5b5b5b5b5b5b5b5b5b5b5b5b5b5b
       757  <<<<<<<<<<<<<<<<  3c3c3c3c3c3c3c3c3c3c3c3c3c3c3c3c
       248  ................  01010101010101010101010101010101
       230  ................  14141414141414141414141414141414
       195  oooooooooooooooo  6f6f6f6f6f6f6f6f6f6f6f6f6f6f6f6f
       181  ................  9c9c9c9c9c9c9c9c9c9c9c9c9c9c9c9c
       181  }}}}}}}}}}}}}}}}  7d7d7d7d7d7d7d7d7d7d7d7d7d7d7d7d
       162  ::::::::::::::::  3a3a3a3a3a3a3a3a3a3a3a3a3a3a3a3a
       162  ,,,,,,,,,,,,,,,,  2c2c2c2c2c2c2c2c2c2c2c2c2c2c2c2c
       159  IIIIIIIIIIIIIIII  49494949494949494949494949494949
# epoch 660  H=7.9673 C=7.4637 HO=0.5036  A(t)=294
       698  [[[[[[[[[[[[[[[[  5b5b5b5b5b5b5b5b5b5b5b5b5b5b5b5b
       671  <<<<<<<<<<<<<<<<  3c3c3c3c3c3c3c3c3c3c3c3c3c3c3c3c
       305  }}}}}}}}}}}}}}}}  7d7d7d7d7d7d7d7d7d7d7d7d7d7d7d7d
       214  ................  01010101010101010101010101010101
       212  ................  14141414141414141414141414141414
       181  oooooooooooooooo  6f6f6f6f6f6f6f6f6f6f6f6f6f6f6f6f
       175  ;;;;;;;;;;;;;;;;  3b3b3b3b3b3b3b3b3b3b3b3b3b3b3b3b
       159  IIIIIIIIIIIIIIII  49494949494949494949494949494949
       156  ::::::::::::::::  3a3a3a3a3a3a3a3a3a3a3a3a3a3a3a3a
       155  ................  e8e8e8e8e8e8e8e8e8e8e8e8e8e8e8e8
# epoch 680  H=7.9661 C=7.4609 HO=0.5052  A(t)=297
       641  [[[[[[[[[[[[[[[[  5b5b5b5b5b5b5b5b5b5b5b5b5b5b5b5b
       609  <<<<<<<<<<<<<<<<  3c3c3c3c3c3c3c3c3c3c3c3c3c3c3c3c
       351  }}}}}}}}}}}}}}}}  7d7d7d7d7d7d7d7d7d7d7d7d7d7d7d7d
       208  ================  3d3d3d3d3d3d3d3d3d3d3d3d3d3d3d3d
       191  ................  14141414141414141414141414141414
       180  ................  01010101010101010101010101010101
       167  """"""""""""""""  22222222222222222222222222222222
       160  ;;;;;;;;;;;;;;;;  3b3b3b3b3b3b3b3b3b3b3b3b3b3b3b3b
       158  IIIIIIIIIIIIIIII  49494949494949494949494949494949
       152  oooooooooooooooo  6f6f6f6f6f6f6f6f6f6f6f6f6f6f6f6f
# epoch 700  H=7.9642 C=7.4586 HO=0.5056  A(t)=300
       677  [[[[[[[[[[[[[[[[  5b5b5b5b5b5b5b5b5b5b5b5b5b5b5b5b
       534  <<<<<<<<<<<<<<<<  3c3c3c3c3c3c3c3c3c3c3c3c3c3c3c3c
       368  ================  3d3d3d3d3d3d3d3d3d3d3d3d3d3d3d3d
       303  }}}}}}}}}}}}}}}}  7d7d7d7d7d7d7d7d7d7d7d7d7d7d7d7d
       210  ;;;;;;;;;;;;;;;;  3b3b3b3b3b3b3b3b3b3b3b3b3b3b3b3b
       189  ................  14141414141414141414141414141414
       166  ................  83838383838383838383838383838383
       164  ................  01010101010101010101010101010101
       152  IIIIIIIIIIIIIIII  49494949494949494949494949494949
       140  oooooooooooooooo  6f6f6f6f6f6f6f6f6f6f6f6f6f6f6f6f
# epoch 720  H=7.9613 C=7.4429 HO=0.5185  A(t)=300
       651  [[[[[[[[[[[[[[[[  5b5b5b5b5b5b5b5b5b5b5b5b5b5b5b5b
       634  <<<<<<<<<<<<<<<<  3c3c3c3c3c3c3c3c3c3c3c3c3c3c3c3c
       541  ================  3d3d3d3d3d3d3d3d3d3d3d3d3d3d3d3d
       270  }}}}}}}}}}}}}}}}  7d7d7d7d7d7d7d7d7d7d7d7d7d7d7d7d
       263  ;;;;;;;;;;;;;;;;  3b3b3b3b3b3b3b3b3b3b3b3b3b3b3b3b
       224  ................  01010101010101010101010101010101
       181  ................  14141414141414141414141414141414
       180  ................  e8e8e8e8e8e8e8e8e8e8e8e8e8e8e8e8
       156  ................  83838383838383838383838383838383
       152  IIIIIIIIIIIIIIII  49494949494949494949494949494949
# epoch 740  H=7.9587 C=7.4310 HO=0.5278  A(t)=302
       695  <<<<<<<<<<<<<<<<  3c3c3c3c3c3c3c3c3c3c3c3c3c3c3c3c
       685  [[[[[[[[[[[[[[[[  5b5b5b5b5b5b5b5b5b5b5b5b5b5b5b5b
       483  ================  3d3d3d3d3d3d3d3d3d3d3d3d3d3d3d3d
       272  }}}}}}}}}}}}}}}}  7d7d7d7d7d7d7d7d7d7d7d7d7d7d7d7d
       259  ................  01010101010101010101010101010101
       227  ;;;;;;;;;;;;;;;;  3b3b3b3b3b3b3b3b3b3b3b3b3b3b3b3b
       222  ................  e8e8e8e8e8e8e8e8e8e8e8e8e8e8e8e8
       207  ................  ffffffffffffffffffffffffffffffff
       206  ,,,,,,,,,,,,,,,,  2c2c2c2c2c2c2c2c2c2c2c2c2c2c2c2c
       174  ................  14141414141414141414141414141414
# epoch 760  H=7.9561 C=7.4232 HO=0.5329  A(t)=305
       696  <<<<<<<<<<<<<<<<  3c3c3c3c3c3c3c3c3c3c3c3c3c3c3c3c
       606  [[[[[[[[[[[[[[[[  5b5b5b5b5b5b5b5b5b5b5b5b5b5b5b5b
       459  ================  3d3d3d3d3d3d3d3d3d3d3d3d3d3d3d3d
       305  ................  01010101010101010101010101010101
       263  }}}}}}}}}}}}}}}}  7d7d7d7d7d7d7d7d7d7d7d7d7d7d7d7d
       263  ;;;;;;;;;;;;;;;;  3b3b3b3b3b3b3b3b3b3b3b3b3b3b3b3b
       246  ,,,,,,,,,,,,,,,,  2c2c2c2c2c2c2c2c2c2c2c2c2c2c2c2c
       241  ................  ffffffffffffffffffffffffffffffff
       212  ................  e8e8e8e8e8e8e8e8e8e8e8e8e8e8e8e8
       171  ................  14141414141414141414141414141414
# epoch 780  H=7.9539 C=7.4230 HO=0.5309  A(t)=307
       773  <<<<<<<<<<<<<<<<  3c3c3c3c3c3c3c3c3c3c3c3c3c3c3c3c
       604  [[[[[[[[[[[[[[[[  5b5b5b5b5b5b5b5b5b5b5b5b5b5b5b5b
       415  ================  3d3d3d3d3d3d3d3d3d3d3d3d3d3d3d3d
       299  ................  01010101010101010101010101010101
       280  ;;;;;;;;;;;;;;;;  3b3b3b3b3b3b3b3b3b3b3b3b3b3b3b3b
       243  }}}}}}}}}}}}}}}}  7d7d7d7d7d7d7d7d7d7d7d7d7d7d7d7d
       213  ................  ffffffffffffffffffffffffffffffff
       188  ,,,,,,,,,,,,,,,,  2c2c2c2c2c2c2c2c2c2c2c2c2c2c2c2c
       172  ................  80808080808080808080808080808080
       171  ................  14141414141414141414141414141414
# epoch 800  H=7.9521 C=7.4202 HO=0.5319  A(t)=316
       712  <<<<<<<<<<<<<<<<  3c3c3c3c3c3c3c3c3c3c3c3c3c3c3c3c
       623  [[[[[[[[[[[[[[[[  5b5b5b5b5b5b5b5b5b5b5b5b5b5b5b5b
       367  ================  3d3d3d3d3d3d3d3d3d3d3d3d3d3d3d3d
       315  ;;;;;;;;;;;;;;;;  3b3b3b3b3b3b3b3b3b3b3b3b3b3b3b3b
       287  ................  01010101010101010101010101010101
       222  }}}}}}}}}}}}}}}}  7d7d7d7d7d7d7d7d7d7d7d7d7d7d7d7d
       205  @@@@@@@@@@@@@@@@  40404040404040404040404040404040
       189  ................  ffffffffffffffffffffffffffffffff
       168  ................  80808080808080808080808080808080
       162  >>>>>>>>>>>>>>>>  3e3e3e3e3e3e3e3e3e3e3e3e3e3e3e3e
# epoch 820  H=7.9510 C=7.4189 HO=0.5321  A(t)=316
       648  [[[[[[[[[[[[[[[[  5b5b5b5b5b5b5b5b5b5b5b5b5b5b5b5b
       628  <<<<<<<<<<<<<<<<  3c3c3c3c3c3c3c3c3c3c3c3c3c3c3c3c
       392  ;;;;;;;;;;;;;;;;  3b3b3b3b3b3b3b3b3b3b3b3b3b3b3b3b
       378  ................  01010101010101010101010101010101
       355  ================  3d3d3d3d3d3d3d3d3d3d3d3d3d3d3d3d
       230  ................  fefefefefefefefefefefefefefefefe
       191  @@@@@@@@@@@@@@@@  40404040404040404040404040404040
       188  }}}}}}}}}}}}}}}}  7d7d7d7d7d7d7d7d7d7d7d7d7d7d7d7d
       186  ................  ffffffffffffffffffffffffffffffff
       150  >>>>>>>>>>>>>>>>  3e3e3e3e3e3e3e3e3e3e3e3e3e3e3e3e
# epoch 840  H=7.9494 C=7.4133 HO=0.5361  A(t)=316
       743  [[[[[[[[[[[[[[[[  5b5b5b5b5b5b5b5b5b5b5b5b5b5b5b5b
       535  <<<<<<<<<<<<<<<<  3c3c3c3c3c3c3c3c3c3c3c3c3c3c3c3c
       436  ................  01010101010101010101010101010101
       370  ;;;;;;;;;;;;;;;;  3b3b3b3b3b3b3b3b3b3b3b3b3b3b3b3b
       355  ================  3d3d3d3d3d3d3d3d3d3d3d3d3d3d3d3d
       305  ................  fefefefefefefefefefefefefefefefe
       183  @@@@@@@@@@@@@@@@  40404040404040404040404040404040
       177  }}}}}}}}}}}}}}}}  7d7d7d7d7d7d7d7d7d7d7d7d7d7d7d7d
       174  ................  ffffffffffffffffffffffffffffffff
       154  >>>>>>>>>>>>>>>>  3e3e3e3e3e3e3e3e3e3e3e3e3e3e3e3e
# epoch 860  H=7.9483 C=7.4127 HO=0.5356  A(t)=316
       704  [[[[[[[[[[[[[[[[  5b5b5b5b5b5b5b5b5b5b5b5b5b5b5b5b
       566  <<<<<<<<<<<<<<<<  3c3c3c3c3c3c3c3c3c3c3c3c3c3c3c3c
       431  ................  01010101010101010101010101010101
       362  ================  3d3d3d3d3d3d3d3d3d3d3d3d3d3d3d3d
       350  ;;;;;;;;;;;;;;;;  3b3b3b3b3b3b3b3b3b3b3b3b3b3b3b3b
       243  ................  fefefefefefefefefefefefefefefefe
       193  ,,,,,,,,,,,,,,,,  2c2c2c2c2c2c2c2c2c2c2c2c2c2c2c2c
       181  zzzzzzzzzzzzzzzz  7a7a7a7a7a7a7a7a7a7a7a7a7a7a7a7a
       173  ................  ffffffffffffffffffffffffffffffff
       171  ................  dddddddddddddddddddddddddddddddd
# epoch 880  H=7.9477 C=7.4139 HO=0.5337  A(t)=316
       684  [[[[[[[[[[[[[[[[  5b5b5b5b5b5b5b5b5b5b5b5b5b5b5b5b
       548  <<<<<<<<<<<<<<<<  3c3c3c3c3c3c3c3c3c3c3c3c3c3c3c3c
       396  ................  01010101010101010101010101010101
       354  ================  3d3d3d3d3d3d3d3d3d3d3d3d3d3d3d3d
       338  ;;;;;;;;;;;;;;;;  3b3b3b3b3b3b3b3b3b3b3b3b3b3b3b3b
       243  ................  fefefefefefefefefefefefefefefefe
       209  }}}}}}}}}}}}}}}}  7d7d7d7d7d7d7d7d7d7d7d7d7d7d7d7d
       188  ,,,,,,,,,,,,,,,,  2c2c2c2c2c2c2c2c2c2c2c2c2c2c2c2c
       166  ................  dddddddddddddddddddddddddddddddd
       166  NNNNNNNNNNNNNNNN  4e4e4e4e4e4e4e4e4e4e4e4e4e4e4e4e
# epoch 900  H=7.9473 C=7.4154 HO=0.5318  A(t)=319
       603  [[[[[[[[[[[[[[[[  5b5b5b5b5b5b5b5b5b5b5b5b5b5b5b5b
       521  <<<<<<<<<<<<<<<<  3c3c3c3c3c3c3c3c3c3c3c3c3c3c3c3c
       363  ................  01010101010101010101010101010101
       336  ;;;;;;;;;;;;;;;;  3b3b3b3b3b3b3b3b3b3b3b3b3b3b3b3b
       303  ================  3d3d3d3d3d3d3d3d3d3d3d3d3d3d3d3d
       208  ................  fefefefefefefefefefefefefefefefe
       195  DDDDDDDDDDDDDDDD  44444444444444444444444444444444
       167  ,,,,,,,,,,,,,,,,  2c2c2c2c2c2c2c2c2c2c2c2c2c2c2c2c
       155  }}}}}}}}}}}}}}}}  7d7d7d7d7d7d7d7d7d7d7d7d7d7d7d7d
       154  NNNNNNNNNNNNNNNN  4e4e4e4e4e4e4e4e4e4e4e4e4e4e4e4e
# epoch 920  H=7.9457 C=7.4212 HO=0.5245  A(t)=321
       630  [[[[[[[[[[[[[[[[  5b5b5b5b5b5b5b5b5b5b5b5b5b5b5b5b
       482  <<<<<<<<<<<<<<<<  3c3c3c3c3c3c3c3c3c3c3c3c3c3c3c3c
       321  ;;;;;;;;;;;;;;;;  3b3b3b3b3b3b3b3b3b3b3b3b3b3b3b3b
       295  ................  01010101010101010101010101010101
       288  ================  3d3d3d3d3d3d3d3d3d3d3d3d3d3d3d3d
       193  ,,,,,,,,,,,,,,,,  2c2c2c2c2c2c2c2c2c2c2c2c2c2c2c2c
       190  ................  fefefefefefefefefefefefefefefefe
       189  DDDDDDDDDDDDDDDD  44444444444444444444444444444444
       147  ................  dddddddddddddddddddddddddddddddd
       138  ................  ffffffffffffffffffffffffffffffff
# epoch 940  H=7.9447 C=7.4178 HO=0.5269  A(t)=324
       627  [[[[[[[[[[[[[[[[  5b5b5b5b5b5b5b5b5b5b5b5b5b5b5b5b
       524  <<<<<<<<<<<<<<<<  3c3c3c3c3c3c3c3c3c3c3c3c3c3c3c3c
       288  ................  01010101010101010101010101010101
       277  ;;;;;;;;;;;;;;;;  3b3b3b3b3b3b3b3b3b3b3b3b3b3b3b3b
       269  ================  3d3d3d3d3d3d3d3d3d3d3d3d3d3d3d3d
       205  8888888888888888  38383838383838383838383838383838
       186  ................  fefefefefefefefefefefefefefefefe
       156  ,,,,,,,,,,,,,,,,  2c2c2c2c2c2c2c2c2c2c2c2c2c2c2c2c
       155  DDDDDDDDDDDDDDDD  44444444444444444444444444444444
       154  ................  02020202020202020202020202020202
# epoch 960  H=7.9423 C=7.4085 HO=0.5338  A(t)=324
       594  [[[[[[[[[[[[[[[[  5b5b5b5b5b5b5b5b5b5b5b5b5b5b5b5b
       569  <<<<<<<<<<<<<<<<  3c3c3c3c3c3c3c3c3c3c3c3c3c3c3c3c
       270  ;;;;;;;;;;;;;;;;  3b3b3b3b3b3b3b3b3b3b3b3b3b3b3b3b
       258  ................  b0b0b0b0b0b0b0b0b0b0b0b0b0b0b0b0
       254  >>>>>>>>>>>>>>>>  3e3e3e3e3e3e3e3e3e3e3e3e3e3e3e3e
       250  ................  01010101010101010101010101010101
       230  ================  3d3d3d3d3d3d3d3d3d3d3d3d3d3d3d3d
       177  8888888888888888  38383838383838383838383838383838
       172  ................  fefefefefefefefefefefefefefefefe
       147  ................  dddddddddddddddddddddddddddddddd
# epoch 980  H=7.9400 C=7.4014 HO=0.5387  A(t)=326
       591  [[[[[[[[[[[[[[[[  5b5b5b5b5b5b5b5b5b5b5b5b5b5b5b5b
       577  <<<<<<<<<<<<<<<<  3c3c3c3c3c3c3c3c3c3c3c3c3c3c3c3c
       330  >>>>>>>>>>>>>>>>  3e3e3e3e3e3e3e3e3e3e3e3e3e3e3e3e
       298  ................  01010101010101010101010101010101
       284  ,,,,,,,,,,,,,,,,  2c2c2c2c2c2c2c2c2c2c2c2c2c2c2c2c
       234  ................  e5e5e5e5e5e5e5e5e5e5e5e5e5e5e5e5
       232  ................  b0b0b0b0b0b0b0b0b0b0b0b0b0b0b0b0
       221  ;;;;;;;;;;;;;;;;  3b3b3b3b3b3b3b3b3b3b3b3b3b3b3b3b
       211  ================  3d3d3d3d3d3d3d3d3d3d3d3d3d3d3d3d
       169  9999999999999999  39393939393939393939393939393939
# epoch 1000  H=7.9368 C=7.3851 HO=0.5517  A(t)=327
       703  [[[[[[[[[[[[[[[[  5b5b5b5b5b5b5b5b5b5b5b5b5b5b5b5b
       633  <<<<<<<<<<<<<<<<  3c3c3c3c3c3c3c3c3c3c3c3c3c3c3c3c
       402  ,,,,,,,,,,,,,,,,  2c2c2c2c2c2c2c2c2c2c2c2c2c2c2c2c
       313  ................  01010101010101010101010101010101
       310  ................  e5e5e5e5e5e5e5e5e5e5e5e5e5e5e5e5
       283  >>>>>>>>>>>>>>>>  3e3e3e3e3e3e3e3e3e3e3e3e3e3e3e3e
       260  ================  3d3d3d3d3d3d3d3d3d3d3d3d3d3d3d3d
       252  ................  b0b0b0b0b0b0b0b0b0b0b0b0b0b0b0b0
       216  ;;;;;;;;;;;;;;;;  3b3b3b3b3b3b3b3b3b3b3b3b3b3b3b3b
       165  ................  8a8a8a8a8a8a8a8a8a8a8a8a8a8a8a8a
# epoch 1020  H=7.9333 C=7.3808 HO=0.5526  A(t)=327
       804  <<<<<<<<<<<<<<<<  3c3c3c3c3c3c3c3c3c3c3c3c3c3c3c3c
       621  [[[[[[[[[[[[[[[[  5b5b5b5b5b5b5b5b5b5b5b5b5b5b5b5b
       398  ,,,,,,,,,,,,,,,,  2c2c2c2c2c2c2c2c2c2c2c2c2c2c2c2c
       334  >>>>>>>>>>>>>>>>  3e3e3e3e3e3e3e3e3e3e3e3e3e3e3e3e
       282  ................  e5e5e5e5e5e5e5e5e5e5e5e5e5e5e5e5
       257  ................  b0b0b0b0b0b0b0b0b0b0b0b0b0b0b0b0
       245  ................  01010101010101010101010101010101
       232  ================  3d3d3d3d3d3d3d3d3d3d3d3d3d3d3d3d
       219  ;;;;;;;;;;;;;;;;  3b3b3b3b3b3b3b3b3b3b3b3b3b3b3b3b
       193  %%%%%%%%%%%%%%%%  25252525252525252525252525252525
# epoch 1040  H=7.9305 C=7.3820 HO=0.5486  A(t)=327
       689  <<<<<<<<<<<<<<<<  3c3c3c3c3c3c3c3c3c3c3c3c3c3c3c3c
       579  [[[[[[[[[[[[[[[[  5b5b5b5b5b5b5b5b5b5b5b5b5b5b5b5b
       416  ,,,,,,,,,,,,,,,,  2c2c2c2c2c2c2c2c2c2c2c2c2c2c2c2c
       300  ================  3d3d3d3d3d3d3d3d3d3d3d3d3d3d3d3d
       295  >>>>>>>>>>>>>>>>  3e3e3e3e3e3e3e3e3e3e3e3e3e3e3e3e
       286  ................  e5e5e5e5e5e5e5e5e5e5e5e5e5e5e5e5
       271  ................  01010101010101010101010101010101
       256  ................  b0b0b0b0b0b0b0b0b0b0b0b0b0b0b0b0
       201  ;;;;;;;;;;;;;;;;  3b3b3b3b3b3b3b3b3b3b3b3b3b3b3b3b
       197  ................  c3c3c3c3c3c3c3c3c3c3c3c3c3c3c3c3
# epoch 1060  H=7.9280 C=7.3821 HO=0.5459  A(t)=327
       640  <<<<<<<<<<<<<<<<  3c3c3c3c3c3c3c3c3c3c3c3c3c3c3c3c
       550  [[[[[[[[[[[[[[[[  5b5b5b5b5b5b5b5b5b5b5b5b5b5b5b5b
       411  ,,,,,,,,,,,,,,,,  2c2c2c2c2c2c2c2c2c2c2c2c2c2c2c2c
       294  >>>>>>>>>>>>>>>>  3e3e3e3e3e3e3e3e3e3e3e3e3e3e3e3e
       273  ................  c3c3c3c3c3c3c3c3c3c3c3c3c3c3c3c3
       249  ================  3d3d3d3d3d3d3d3d3d3d3d3d3d3d3d3d
       238  ................  01010101010101010101010101010101
       234  ................  e5e5e5e5e5e5e5e5e5e5e5e5e5e5e5e5
       208  ;;;;;;;;;;;;;;;;  3b3b3b3b3b3b3b3b3b3b3b3b3b3b3b3b
       202  ................  b0b0b0b0b0b0b0b0b0b0b0b0b0b0b0b0
# epoch 1080  H=7.9257 C=7.3828 HO=0.5429  A(t)=330
       636  <<<<<<<<<<<<<<<<  3c3c3c3c3c3c3c3c3c3c3c3c3c3c3c3c
       482  [[[[[[[[[[[[[[[[  5b5b5b5b5b5b5b5b5b5b5b5b5b5b5b5b
       419  ,,,,,,,,,,,,,,,,  2c2c2c2c2c2c2c2c2c2c2c2c2c2c2c2c
       343  >>>>>>>>>>>>>>>>  3e3e3e3e3e3e3e3e3e3e3e3e3e3e3e3e
       294  ================  3d3d3d3d3d3d3d3d3d3d3d3d3d3d3d3d
       249  ................  e5e5e5e5e5e5e5e5e5e5e5e5e5e5e5e5
       238  ................  01010101010101010101010101010101
       230  ................  c3c3c3c3c3c3c3c3c3c3c3c3c3c3c3c3
       205  ;;;;;;;;;;;;;;;;  3b3b3b3b3b3b3b3b3b3b3b3b3b3b3b3b
       169  ................  b0b0b0b0b0b0b0b0b0b0b0b0b0b0b0b0
# epoch 1100  H=7.9226 C=7.3737 HO=0.5488  A(t)=332
       528  ,,,,,,,,,,,,,,,,  2c2c2c2c2c2c2c2c2c2c2c2c2c2c2c2c
       526  <<<<<<<<<<<<<<<<  3c3c3c3c3c3c3c3c3c3c3c3c3c3c3c3c
       440  [[[[[[[[[[[[[[[[  5b5b5b5b5b5b5b5b5b5b5b5b5b5b5b5b
       390  >>>>>>>>>>>>>>>>  3e3e3e3e3e3e3e3e3e3e3e3e3e3e3e3e
       293  ................  c2c2c2c2c2c2c2c2c2c2c2c2c2c2c2c2
       266  ................  e4e4e4e4e4e4e4e4e4e4e4e4e4e4e4e4
       244  ================  3d3d3d3d3d3d3d3d3d3d3d3d3d3d3d3d
       242  ................  01010101010101010101010101010101
       230  ................  e5e5e5e5e5e5e5e5e5e5e5e5e5e5e5e5
       204  ;;;;;;;;;;;;;;;;  3b3b3b3b3b3b3b3b3b3b3b3b3b3b3b3b
# epoch 1120  H=7.9200 C=7.3687 HO=0.5513  A(t)=332
       565  <<<<<<<<<<<<<<<<  3c3c3c3c3c3c3c3c3c3c3c3c3c3c3c3c
       562  [[[[[[[[[[[[[[[[  5b5b5b5b5b5b5b5b5b5b5b5b5b5b5b5b
       506  ,,,,,,,,,,,,,,,,  2c2c2c2c2c2c2c2c2c2c2c2c2c2c2c2c
       424  >>>>>>>>>>>>>>>>  3e3e3e3e3e3e3e3e3e3e3e3e3e3e3e3e
       275  ................  e4e4e4e4e4e4e4e4e4e4e4e4e4e4e4e4
       272  ................  01010101010101010101010101010101
       260  ................  c2c2c2c2c2c2c2c2c2c2c2c2c2c2c2c2
       230  ================  3d3d3d3d3d3d3d3d3d3d3d3d3d3d3d3d
       225  ................  e5e5e5e5e5e5e5e5e5e5e5e5e5e5e5e5
       218  ;;;;;;;;;;;;;;;;  3b3b3b3b3b3b3b3b3b3b3b3b3b3b3b3b
# epoch 1140  H=7.9161 C=7.3641 HO=0.5520  A(t)=333
       557  <<<<<<<<<<<<<<<<  3c3c3c3c3c3c3c3c3c3c3c3c3c3c3c3c
       489  >>>>>>>>>>>>>>>>  3e3e3e3e3e3e3e3e3e3e3e3e3e3e3e3e
       476  [[[[[[[[[[[[[[[[  5b5b5b5b5b5b5b5b5b5b5b5b5b5b5b5b
       410  ,,,,,,,,,,,,,,,,  2c2c2c2c2c2c2c2c2c2c2c2c2c2c2c2c
       359  ................  01010101010101010101010101010101
       256  ................  e4e4e4e4e4e4e4e4e4e4e4e4e4e4e4e4
       238  ................  c2c2c2c2c2c2c2c2c2c2c2c2c2c2c2c2
       194  ;;;;;;;;;;;;;;;;  3b3b3b3b3b3b3b3b3b3b3b3b3b3b3b3b
       187  ================  3d3d3d3d3d3d3d3d3d3d3d3d3d3d3d3d
       184  ................  e5e5e5e5e5e5e5e5e5e5e5e5e5e5e5e5
# epoch 1160  H=7.9143 C=7.3599 HO=0.5545  A(t)=335
       617  <<<<<<<<<<<<<<<<  3c3c3c3c3c3c3c3c3c3c3c3c3c3c3c3c
       411  >>>>>>>>>>>>>>>>  3e3e3e3e3e3e3e3e3e3e3e3e3e3e3e3e
       407  [[[[[[[[[[[[[[[[  5b5b5b5b5b5b5b5b5b5b5b5b5b5b5b5b
       356  ,,,,,,,,,,,,,,,,  2c2c2c2c2c2c2c2c2c2c2c2c2c2c2c2c
       355  ................  01010101010101010101010101010101
       248  ;;;;;;;;;;;;;;;;  3b3b3b3b3b3b3b3b3b3b3b3b3b3b3b3b
       229  ................  e4e4e4e4e4e4e4e4e4e4e4e4e4e4e4e4
       217  ................  c2c2c2c2c2c2c2c2c2c2c2c2c2c2c2c2
       178  rrrrrrrrrrrrrrrr  72727272727272727272727272727272
       176  ================  3d3d3d3d3d3d3d3d3d3d3d3d3d3d3d3d
# epoch 1180  H=7.9126 C=7.3582 HO=0.5544  A(t)=340
       540  <<<<<<<<<<<<<<<<  3c3c3c3c3c3c3c3c3c3c3c3c3c3c3c3c
       380  [[[[[[[[[[[[[[[[  5b5b5b5b5b5b5b5b5b5b5b5b5b5b5b5b
       337  >>>>>>>>>>>>>>>>  3e3e3e3e3e3e3e3e3e3e3e3e3e3e3e3e
       328  ,,,,,,,,,,,,,,,,  2c2c2c2c2c2c2c2c2c2c2c2c2c2c2c2c
       325  ................  01010101010101010101010101010101
       203  ================  3d3d3d3d3d3d3d3d3d3d3d3d3d3d3d3d
       199  ;;;;;;;;;;;;;;;;  3b3b3b3b3b3b3b3b3b3b3b3b3b3b3b3b
       193  ................  c2c2c2c2c2c2c2c2c2c2c2c2c2c2c2c2
       186  ................  e4e4e4e4e4e4e4e4e4e4e4e4e4e4e4e4
       156  ................  e5e5e5e5e5e5e5e5e5e5e5e5e5e5e5e5
# epoch 1200  H=7.9087 C=7.3508 HO=0.5579  A(t)=340
       650  <<<<<<<<<<<<<<<<  3c3c3c3c3c3c3c3c3c3c3c3c3c3c3c3c
       420  [[[[[[[[[[[[[[[[  5b5b5b5b5b5b5b5b5b5b5b5b5b5b5b5b
       307  ................  01010101010101010101010101010101
       302  >>>>>>>>>>>>>>>>  3e3e3e3e3e3e3e3e3e3e3e3e3e3e3e3e
       298  ,,,,,,,,,,,,,,,,  2c2c2c2c2c2c2c2c2c2c2c2c2c2c2c2c
       294  ................  e5e5e5e5e5e5e5e5e5e5e5e5e5e5e5e5
       251  ================  3d3d3d3d3d3d3d3d3d3d3d3d3d3d3d3d
       247  ))))))))))))))))  29292929292929292929292929292929
       225  ::::::::::::::::  3a3a3a3a3a3a3a3a3a3a3a3a3a3a3a3a
       191  ................  c2c2c2c2c2c2c2c2c2c2c2c2c2c2c2c2
# epoch 1220  H=7.9058 C=7.3442 HO=0.5617  A(t)=342
       684  <<<<<<<<<<<<<<<<  3c3c3c3c3c3c3c3c3c3c3c3c3c3c3c3c
       370  [[[[[[[[[[[[[[[[  5b5b5b5b5b5b5b5b5b5b5b5b5b5b5b5b
       331  ................  01010101010101010101010101010101
       260  ................  e5e5e5e5e5e5e5e5e5e5e5e5e5e5e5e5
       241  ,,,,,,,,,,,,,,,,  2c2c2c2c2c2c2c2c2c2c2c2c2c2c2c2c
       227  >>>>>>>>>>>>>>>>  3e3e3e3e3e3e3e3e3e3e3e3e3e3e3e3e
       218  ================  3d3d3d3d3d3d3d3d3d3d3d3d3d3d3d3d
       213  ))))))))))))))))  29292929292929292929292929292929
       199  ::::::::::::::::  3a3a3a3a3a3a3a3a3a3a3a3a3a3a3a3a
       188  ;;;;;;;;;;;;;;;;  3b3b3b3b3b3b3b3b3b3b3b3b3b3b3b3b
# epoch 1240  H=7.9034 C=7.3408 HO=0.5626  A(t)=351
       630  <<<<<<<<<<<<<<<<  3c3c3c3c3c3c3c3c3c3c3c3c3c3c3c3c
       313  [[[[[[[[[[[[[[[[  5b5b5b5b5b5b5b5b5b5b5b5b5b5b5b5b
       310  ................  01010101010101010101010101010101
       308  ,,,,,,,,,,,,,,,,  2c2c2c2c2c2c2c2c2c2c2c2c2c2c2c2c
       298  ................  02020202020202020202020202020202
       285  ................  e5e5e5e5e5e5e5e5e5e5e5e5e5e5e5e5
       214  >>>>>>>>>>>>>>>>  3e3e3e3e3e3e3e3e3e3e3e3e3e3e3e3e
       196  ================  3d3d3d3d3d3d3d3d3d3d3d3d3d3d3d3d
       190  ................  00000000000000000000000000000000
       187  ))))))))))))))))  29292929292929292929292929292929
# epoch 1260  H=7.9000 C=7.3368 HO=0.5633  A(t)=351
       630  <<<<<<<<<<<<<<<<  3c3c3c3c3c3c3c3c3c3c3c3c3c3c3c3c
       302  ................  02020202020202020202020202020202
       283  >>>>>>>>>>>>>>>>  3e3e3e3e3e3e3e3e3e3e3e3e3e3e3e3e
       282  ................  01010101010101010101010101010101
       280  [[[[[[[[[[[[[[[[  5b5b5b5b5b5b5b5b5b5b5b5b5b5b5b5b
       270  ,,,,,,,,,,,,,,,,  2c2c2c2c2c2c2c2c2c2c2c2c2c2c2c2c
       246  ................  e5e5e5e5e5e5e5e5e5e5e5e5e5e5e5e5
       178  ================  3d3d3d3d3d3d3d3d3d3d3d3d3d3d3d3d
       171  ;;;;;;;;;;;;;;;;  3b3b3b3b3b3b3b3b3b3b3b3b3b3b3b3b
       168  ................  ffffffffffffffffffffffffffffffff
# epoch 1280  H=7.8959 C=7.3278 HO=0.5681  A(t)=351
       606  <<<<<<<<<<<<<<<<  3c3c3c3c3c3c3c3c3c3c3c3c3c3c3c3c
       307  ,,,,,,,,,,,,,,,,  2c2c2c2c2c2c2c2c2c2c2c2c2c2c2c2c
       285  ................  02020202020202020202020202020202
       284  >>>>>>>>>>>>>>>>  3e3e3e3e3e3e3e3e3e3e3e3e3e3e3e3e
       262  [[[[[[[[[[[[[[[[  5b5b5b5b5b5b5b5b5b5b5b5b5b5b5b5b
       260  ................  01010101010101010101010101010101
       188  ================  3d3d3d3d3d3d3d3d3d3d3d3d3d3d3d3d
       184  ................  e5e5e5e5e5e5e5e5e5e5e5e5e5e5e5e5
       180  ................  18181818181818181818181818181818
       165  ::::::::::::::::  3a3a3a3a3a3a3a3a3a3a3a3a3a3a3a3a
# epoch 1300  H=7.8941 C=7.3259 HO=0.5682  A(t)=351
       508  <<<<<<<<<<<<<<<<  3c3c3c3c3c3c3c3c3c3c3c3c3c3c3c3c
       291  >>>>>>>>>>>>>>>>  3e3e3e3e3e3e3e3e3e3e3e3e3e3e3e3e
       285  ................  02020202020202020202020202020202
       273  ,,,,,,,,,,,,,,,,  2c2c2c2c2c2c2c2c2c2c2c2c2c2c2c2c
       243  [[[[[[[[[[[[[[[[  5b5b5b5b5b5b5b5b5b5b5b5b5b5b5b5b
       224  ================  3d3d3d3d3d3d3d3d3d3d3d3d3d3d3d3d
       215  ................  01010101010101010101010101010101
       205  ................  18181818181818181818181818181818
       182  ................  ffffffffffffffffffffffffffffffff
       176  ;;;;;;;;;;;;;;;;  3b3b3b3b3b3b3b3b3b3b3b3b3b3b3b3b
# epoch 1320  H=7.8899 C=7.3258 HO=0.5641  A(t)=353
       513  <<<<<<<<<<<<<<<<  3c3c3c3c3c3c3c3c3c3c3c3c3c3c3c3c
       280  >>>>>>>>>>>>>>>>  3e3e3e3e3e3e3e3e3e3e3e3e3e3e3e3e
       280  ,,,,,,,,,,,,,,,,  2c2c2c2c2c2c2c2c2c2c2c2c2c2c2c2c
       254  ................  02020202020202020202020202020202
       227  ================  3d3d3d3d3d3d3d3d3d3d3d3d3d3d3d3d
       212  ................  01010101010101010101010101010101
       208  [[[[[[[[[[[[[[[[  5b5b5b5b5b5b5b5b5b5b5b5b5b5b5b5b
       179  ................  18181818181818181818181818181818
       162  ................  e5e5e5e5e5e5e5e5e5e5e5e5e5e5e5e5
       162  ;;;;;;;;;;;;;;;;  3b3b3b3b3b3b3b3b3b3b3b3b3b3b3b3b
# epoch 1340  H=7.8850 C=7.3289 HO=0.5561  A(t)=353
       591  <<<<<<<<<<<<<<<<  3c3c3c3c3c3c3c3c3c3c3c3c3c3c3c3c
       462  [[[[[[[[[[[[[[[[  5b5b5b5b5b5b5b5b5b5b5b5b5b5b5b5b
       293  >>>>>>>>>>>>>>>>  3e3e3e3e3e3e3e3e3e3e3e3e3e3e3e3e
       252  ,,,,,,,,,,,,,,,,  2c2c2c2c2c2c2c2c2c2c2c2c2c2c2c2c
       240  ================  3d3d3d3d3d3d3d3d3d3d3d3d3d3d3d3d
       214  ................  02020202020202020202020202020202
       194  ................  01010101010101010101010101010101
       162  ................  18181818181818181818181818181818
       153  ................  c5c5c5c5c5c5c5c5c5c5c5c5c5c5c5c5
       149  JJJJJJJJJJJJJJJJ  4a4a4a4a4a4a4a4a4a4a4a4a4a4a4a4a
# epoch 1360  H=7.8837 C=7.3274 HO=0.5563  A(t)=353
       539  <<<<<<<<<<<<<<<<  3c3c3c3c3c3c3c3c3c3c3c3c3c3c3c3c
       459  [[[[[[[[[[[[[[[[  5b5b5b5b5b5b5b5b5b5b5b5b5b5b5b5b
       313  ;;;;;;;;;;;;;;;;  3b3b3b3b3b3b3b3b3b3b3b3b3b3b3b3b
       306  >>>>>>>>>>>>>>>>  3e3e3e3e3e3e3e3e3e3e3e3e3e3e3e3e
       234  ,,,,,,,,,,,,,,,,  2c2c2c2c2c2c2c2c2c2c2c2c2c2c2c2c
       216  ================  3d3d3d3d3d3d3d3d3d3d3d3d3d3d3d3d
       200  ................  01010101010101010101010101010101
       193  ................  02020202020202020202020202020202
       156  ................  18181818181818181818181818181818
       129  ................  e5e5e5e5e5e5e5e5e5e5e5e5e5e5e5e5
# epoch 1380  H=7.8821 C=7.3224 HO=0.5596  A(t)=353
       593  [[[[[[[[[[[[[[[[  5b5b5b5b5b5b5b5b5b5b5b5b5b5b5b5b
       558  <<<<<<<<<<<<<<<<  3c3c3c3c3c3c3c3c3c3c3c3c3c3c3c3c
       281  ;;;;;;;;;;;;;;;;  3b3b3b3b3b3b3b3b3b3b3b3b3b3b3b3b
       271  >>>>>>>>>>>>>>>>  3e3e3e3e3e3e3e3e3e3e3e3e3e3e3e3e
       249  VVVVVVVVVVVVVVVV  56565656565656565656565656565656
       226  ================  3d3d3d3d3d3d3d3d3d3d3d3d3d3d3d3d
       210  ................  c1c1c1c1c1c1c1c1c1c1c1c1c1c1c1c1
       194  ................  b8b8b8b8b8b8b8b8b8b8b8b8b8b8b8b8
       194  ,,,,,,,,,,,,,,,,  2c2c2c2c2c2c2c2c2c2c2c2c2c2c2c2c
       191  ................  02020202020202020202020202020202
# epoch 1400  H=7.8806 C=7.3143 HO=0.5663  A(t)=355
       670  [[[[[[[[[[[[[[[[  5b5b5b5b5b5b5b5b5b5b5b5b5b5b5b5b
       505  <<<<<<<<<<<<<<<<  3c3c3c3c3c3c3c3c3c3c3c3c3c3c3c3c
       264  ;;;;;;;;;;;;;;;;  3b3b3b3b3b3b3b3b3b3b3b3b3b3b3b3b
       252  >>>>>>>>>>>>>>>>  3e3e3e3e3e3e3e3e3e3e3e3e3e3e3e3e
       230  ================  3d3d3d3d3d3d3d3d3d3d3d3d3d3d3d3d
       218  VVVVVVVVVVVVVVVV  56565656565656565656565656565656
       212  ................  c0c0c0c0c0c0c0c0c0c0c0c0c0c0c0c0
       200  ................  c1c1c1c1c1c1c1c1c1c1c1c1c1c1c1c1
       198  }}}}}}}}}}}}}}}}  7d7d7d7d7d7d7d7d7d7d7d7d7d7d7d7d
       194  ................  b8b8b8b8b8b8b8b8b8b8b8b8b8b8b8b8
# epoch 1420  H=7.8764 C=7.3058 HO=0.5706  A(t)=355
       675  [[[[[[[[[[[[[[[[  5b5b5b5b5b5b5b5b5b5b5b5b5b5b5b5b
       571  <<<<<<<<<<<<<<<<  3c3c3c3c3c3c3c3c3c3c3c3c3c3c3c3c
       323  ;;;;;;;;;;;;;;;;  3b3b3b3b3b3b3b3b3b3b3b3b3b3b3b3b
       255  ................  b9b9b9b9b9b9b9b9b9b9b9b9b9b9b9b9
       226  >>>>>>>>>>>>>>>>  3e3e3e3e3e3e3e3e3e3e3e3e3e3e3e3e
       210  ================  3d3d3d3d3d3d3d3d3d3d3d3d3d3d3d3d
       205  ................  c0c0c0c0c0c0c0c0c0c0c0c0c0c0c0c0
       205  VVVVVVVVVVVVVVVV  56565656565656565656565656565656
       205  ................  02020202020202020202020202020202
       199  yyyyyyyyyyyyyyyy  79797979797979797979797979797979
# epoch 1440  H=7.8747 C=7.2984 HO=0.5763  A(t)=360
       632  [[[[[[[[[[[[[[[[  5b5b5b5b5b5b5b5b5b5b5b5b5b5b5b5b
       606  <<<<<<<<<<<<<<<<  3c3c3c3c3c3c3c3c3c3c3c3c3c3c3c3c
       421  ................  b9b9b9b9b9b9b9b9b9b9b9b9b9b9b9b9
       407  ;;;;;;;;;;;;;;;;  3b3b3b3b3b3b3b3b3b3b3b3b3b3b3b3b
       313  >>>>>>>>>>>>>>>>  3e3e3e3e3e3e3e3e3e3e3e3e3e3e3e3e
       207  }}}}}}}}}}}}}}}}  7d7d7d7d7d7d7d7d7d7d7d7d7d7d7d7d
       197  ................  c0c0c0c0c0c0c0c0c0c0c0c0c0c0c0c0
       194  ................  02020202020202020202020202020202
       180  ................  c1c1c1c1c1c1c1c1c1c1c1c1c1c1c1c1
       180  ,,,,,,,,,,,,,,,,  2c2c2c2c2c2c2c2c2c2c2c2c2c2c2c2c
# epoch 1460  H=7.8722 C=7.3044 HO=0.5679  A(t)=362
       611  <<<<<<<<<<<<<<<<  3c3c3c3c3c3c3c3c3c3c3c3c3c3c3c3c
       560  [[[[[[[[[[[[[[[[  5b5b5b5b5b5b5b5b5b5b5b5b5b5b5b5b
       432  ;;;;;;;;;;;;;;;;  3b3b3b3b3b3b3b3b3b3b3b3b3b3b3b3b
       394  ................  b9b9b9b9b9b9b9b9b9b9b9b9b9b9b9b9
       339  >>>>>>>>>>>>>>>>  3e3e3e3e3e3e3e3e3e3e3e3e3e3e3e3e
       226  ,,,,,,,,,,,,,,,,  2c2c2c2c2c2c2c2c2c2c2c2c2c2c2c2c
       197  VVVVVVVVVVVVVVVV  56565656565656565656565656565656
       176  ................  c1c1c1c1c1c1c1c1c1c1c1c1c1c1c1c1
       176  }}}}}}}}}}}}}}}}  7d7d7d7d7d7d7d7d7d7d7d7d7d7d7d7d
       175  ................  cececececececececececececececece
# epoch 1480  H=7.8687 C=7.3019 HO=0.5669  A(t)=371
       632  [[[[[[[[[[[[[[[[  5b5b5b5b5b5b5b5b5b5b5b5b5b5b5b5b
       605  <<<<<<<<<<<<<<<<  3c3c3c3c3c3c3c3c3c3c3c3c3c3c3c3c
       423  ;;;;;;;;;;;;;;;;  3b3b3b3b3b3b3b3b3b3b3b3b3b3b3b3b
       340  ................  b9b9b9b9b9b9b9b9b9b9b9b9b9b9b9b9
       337  >>>>>>>>>>>>>>>>  3e3e3e3e3e3e3e3e3e3e3e3e3e3e3e3e
       246  ................  cececececececececececececececece
       229  ................  91919191919191919191919191919191
       211  VVVVVVVVVVVVVVVV  56565656565656565656565656565656
       202  ,,,,,,,,,,,,,,,,  2c2c2c2c2c2c2c2c2c2c2c2c2c2c2c2c
       200  ))))))))))))))))  29292929292929292929292929292929
# epoch 1500  H=7.8656 C=7.2991 HO=0.5664  A(t)=374
       736  [[[[[[[[[[[[[[[[  5b5b5b5b5b5b5b5b5b5b5b5b5b5b5b5b
       488  <<<<<<<<<<<<<<<<  3c3c3c3c3c3c3c3c3c3c3c3c3c3c3c3c
       365  ;;;;;;;;;;;;;;;;  3b3b3b3b3b3b3b3b3b3b3b3b3b3b3b3b
       319  ................  b9b9b9b9b9b9b9b9b9b9b9b9b9b9b9b9
       283  VVVVVVVVVVVVVVVV  56565656565656565656565656565656
       275  >>>>>>>>>>>>>>>>  3e3e3e3e3e3e3e3e3e3e3e3e3e3e3e3e
       239  ................  cececececececececececececececece
       235  ================  3d3d3d3d3d3d3d3d3d3d3d3d3d3d3d3d
       214  ::::::::::::::::  3a3a3a3a3a3a3a3a3a3a3a3a3a3a3a3a
       192  zzzzzzzzzzzzzzzz  7a7a7a7a7a7a7a7a7a7a7a7a7a7a7a7a
# epoch 1520  H=7.8616 C=7.2937 HO=0.5679  A(t)=382
       800  [[[[[[[[[[[[[[[[  5b5b5b5b5b5b5b5b5b5b5b5b5b5b5b5b
       563  <<<<<<<<<<<<<<<<  3c3c3c3c3c3c3c3c3c3c3c3c3c3c3c3c
       320  ;;;;;;;;;;;;;;;;  3b3b3b3b3b3b3b3b3b3b3b3b3b3b3b3b
       289  ................  b9b9b9b9b9b9b9b9b9b9b9b9b9b9b9b9
       278  VVVVVVVVVVVVVVVV  56565656565656565656565656565656
       257  >>>>>>>>>>>>>>>>  3e3e3e3e3e3e3e3e3e3e3e3e3e3e3e3e
       228  ................  cececececececececececececececece
       191  ================  3d3d3d3d3d3d3d3d3d3d3d3d3d3d3d3d
       178  zzzzzzzzzzzzzzzz  7a7a7a7a7a7a7a7a7a7a7a7a7a7a7a7a
       167  ................  91919191919191919191919191919191
# epoch 1540  H=7.8573 C=7.2919 HO=0.5654  A(t)=385
       783  [[[[[[[[[[[[[[[[  5b5b5b5b5b5b5b5b5b5b5b5b5b5b5b5b
       495  <<<<<<<<<<<<<<<<  3c3c3c3c3c3c3c3c3c3c3c3c3c3c3c3c
       395  VVVVVVVVVVVVVVVV  56565656565656565656565656565656
       275  ................  b9b9b9b9b9b9b9b9b9b9b9b9b9b9b9b9
       262  ;;;;;;;;;;;;;;;;  3b3b3b3b3b3b3b3b3b3b3b3b3b3b3b3b
       254  ZZZZZZZZZZZZZZZZ  5a5a5a5a5a5a5a5a5a5a5a5a5a5a5a5a
       250  >>>>>>>>>>>>>>>>  3e3e3e3e3e3e3e3e3e3e3e3e3e3e3e3e
       209  ................  cececececececececececececececece
       199  ================  3d3d3d3d3d3d3d3d3d3d3d3d3d3d3d3d
       193  ????????????????  3f3f3f3f3f3f3f3f3f3f3f3f3f3f3f3f
# epoch 1560  H=7.8524 C=7.2890 HO=0.5634  A(t)=390
       759  [[[[[[[[[[[[[[[[  5b5b5b5b5b5b5b5b5b5b5b5b5b5b5b5b
       515  VVVVVVVVVVVVVVVV  56565656565656565656565656565656
       473  <<<<<<<<<<<<<<<<  3c3c3c3c3c3c3c3c3c3c3c3c3c3c3c3c
       322  }}}}}}}}}}}}}}}}  7d7d7d7d7d7d7d7d7d7d7d7d7d7d7d7d
       256  ................  b9b9b9b9b9b9b9b9b9b9b9b9b9b9b9b9
       242  ;;;;;;;;;;;;;;;;  3b3b3b3b3b3b3b3b3b3b3b3b3b3b3b3b
       225  >>>>>>>>>>>>>>>>  3e3e3e3e3e3e3e3e3e3e3e3e3e3e3e3e
       194  ................  cececececececececececececececece
       187  ZZZZZZZZZZZZZZZZ  5a5a5a5a5a5a5a5a5a5a5a5a5a5a5a5a
       175  ================  3d3d3d3d3d3d3d3d3d3d3d3d3d3d3d3d
# epoch 1580  H=7.8478 C=7.2853 HO=0.5625  A(t)=390
       847  [[[[[[[[[[[[[[[[  5b5b5b5b5b5b5b5b5b5b5b5b5b5b5b5b
       469  VVVVVVVVVVVVVVVV  56565656565656565656565656565656
       405  <<<<<<<<<<<<<<<<  3c3c3c3c3c3c3c3c3c3c3c3c3c3c3c3c
       283  }}}}}}}}}}}}}}}}  7d7d7d7d7d7d7d7d7d7d7d7d7d7d7d7d
       239  ................  b9b9b9b9b9b9b9b9b9b9b9b9b9b9b9b9
       230  yyyyyyyyyyyyyyyy  79797979797979797979797979797979
       223  ;;;;;;;;;;;;;;;;  3b3b3b3b3b3b3b3b3b3b3b3b3b3b3b3b
       207  ZZZZZZZZZZZZZZZZ  5a5a5a5a5a5a5a5a5a5a5a5a5a5a5a5a
       182  >>>>>>>>>>>>>>>>  3e3e3e3e3e3e3e3e3e3e3e3e3e3e3e3e
       175  ................  cececececececececececececececece
# epoch 1600  H=7.8420 C=7.2823 HO=0.5597  A(t)=398
       768  [[[[[[[[[[[[[[[[  5b5b5b5b5b5b5b5b5b5b5b5b5b5b5b5b
       468  VVVVVVVVVVVVVVVV  56565656565656565656565656565656
       374  <<<<<<<<<<<<<<<<  3c3c3c3c3c3c3c3c3c3c3c3c3c3c3c3c
       267  }}}}}}}}}}}}}}}}  7d7d7d7d7d7d7d7d7d7d7d7d7d7d7d7d
       236  ================  3d3d3d3d3d3d3d3d3d3d3d3d3d3d3d3d
       216  ................  b9b9b9b9b9b9b9b9b9b9b9b9b9b9b9b9
       205  ;;;;;;;;;;;;;;;;  3b3b3b3b3b3b3b3b3b3b3b3b3b3b3b3b
       189  yyyyyyyyyyyyyyyy  79797979797979797979797979797979
       187  >>>>>>>>>>>>>>>>  3e3e3e3e3e3e3e3e3e3e3e3e3e3e3e3e
       172  ZZZZZZZZZZZZZZZZ  5a5a5a5a5a5a5a5a5a5a5a5a5a5a5a5a
# epoch 1620  H=7.8395 C=7.2840 HO=0.5555  A(t)=401
       711  [[[[[[[[[[[[[[[[  5b5b5b5b5b5b5b5b5b5b5b5b5b5b5b5b
       381  VVVVVVVVVVVVVVVV  56565656565656565656565656565656
       345  <<<<<<<<<<<<<<<<  3c3c3c3c3c3c3c3c3c3c3c3c3c3c3c3c
       258  }}}}}}}}}}}}}}}}  7d7d7d7d7d7d7d7d7d7d7d7d7d7d7d7d
       211  ................  01010101010101010101010101010101
       202  ;;;;;;;;;;;;;;;;  3b3b3b3b3b3b3b3b3b3b3b3b3b3b3b3b
       195  >>>>>>>>>>>>>>>>  3e3e3e3e3e3e3e3e3e3e3e3e3e3e3e3e
       192  ................  b9b9b9b9b9b9b9b9b9b9b9b9b9b9b9b9
       184  ================  3d3d3d3d3d3d3d3d3d3d3d3d3d3d3d3d
       175  yyyyyyyyyyyyyyyy  79797979797979797979797979797979
# epoch 1640  H=7.8362 C=7.2793 HO=0.5569  A(t)=406
       779  [[[[[[[[[[[[[[[[  5b5b5b5b5b5b5b5b5b5b5b5b5b5b5b5b
       379  VVVVVVVVVVVVVVVV  56565656565656565656565656565656
       374  <<<<<<<<<<<<<<<<  3c3c3c3c3c3c3c3c3c3c3c3c3c3c3c3c
       264  }}}}}}}}}}}}}}}}  7d7d7d7d7d7d7d7d7d7d7d7d7d7d7d7d
       187  ................  d2d2d2d2d2d2d2d2d2d2d2d2d2d2d2d2
       184  yyyyyyyyyyyyyyyy  79797979797979797979797979797979
       182  >>>>>>>>>>>>>>>>  3e3e3e3e3e3e3e3e3e3e3e3e3e3e3e3e
       172  ................  b9b9b9b9b9b9b9b9b9b9b9b9b9b9b9b9
       170  ................  cececececececececececececececece
       168  3333333333333333  33333333333333333333333333333333
# epoch 1660  H=7.8321 C=7.2762 HO=0.5559  A(t)=408
       842  [[[[[[[[[[[[[[[[  5b5b5b5b5b5b5b5b5b5b5b5b5b5b5b5b
       450  <<<<<<<<<<<<<<<<  3c3c3c3c3c3c3c3c3c3c3c3c3c3c3c3c
       360  VVVVVVVVVVVVVVVV  56565656565656565656565656565656
       204  >>>>>>>>>>>>>>>>  3e3e3e3e3e3e3e3e3e3e3e3e3e3e3e3e
       183  3333333333333333  33333333333333333333333333333333
       179  ................  d2d2d2d2d2d2d2d2d2d2d2d2d2d2d2d2
       179  yyyyyyyyyyyyyyyy  79797979797979797979797979797979
       178  }}}}}}}}}}}}}}}}  7d7d7d7d7d7d7d7d7d7d7d7d7d7d7d7d
       165  ................  b9b9b9b9b9b9b9b9b9b9b9b9b9b9b9b9
       154  ................  cececececececececececececececece
# epoch 1680  H=7.8286 C=7.2762 HO=0.5523  A(t)=408
       744  [[[[[[[[[[[[[[[[  5b5b5b5b5b5b5b5b5b5b5b5b5b5b5b5b
       607  <<<<<<<<<<<<<<<<  3c3c3c3c3c3c3c3c3c3c3c3c3c3c3c3c
       352  VVVVVVVVVVVVVVVV  56565656565656565656565656565656
       221  ================  3d3d3d3d3d3d3d3d3d3d3d3d3d3d3d3d
       207  >>>>>>>>>>>>>>>>  3e3e3e3e3e3e3e3e3e3e3e3e3e3e3e3e
       180  3333333333333333  33333333333333333333333333333333
       168  ZZZZZZZZZZZZZZZZ  5a5a5a5a5a5a5a5a5a5a5a5a5a5a5a5a
       155  zzzzzzzzzzzzzzzz  7a7a7a7a7a7a7a7a7a7a7a7a7a7a7a7a
       154  ................  cececececececececececececececece
       140  yyyyyyyyyyyyyyyy  79797979797979797979797979797979
# epoch 1700  H=7.8287 C=7.2744 HO=0.5543  A(t)=411
       690  [[[[[[[[[[[[[[[[  5b5b5b5b5b5b5b5b5b5b5b5b5b5b5b5b
       574  <<<<<<<<<<<<<<<<  3c3c3c3c3c3c3c3c3c3c3c3c3c3c3c3c
       284  VVVVVVVVVVVVVVVV  56565656565656565656565656565656
       197  ================  3d3d3d3d3d3d3d3d3d3d3d3d3d3d3d3d
       194  ZZZZZZZZZZZZZZZZ  5a5a5a5a5a5a5a5a5a5a5a5a5a5a5a5a
       187  >>>>>>>>>>>>>>>>  3e3e3e3e3e3e3e3e3e3e3e3e3e3e3e3e
       183  ,,,,,,,,,,,,,,,,  2c2c2c2c2c2c2c2c2c2c2c2c2c2c2c2c
       182  mmmmmmmmmmmmmmmm  6d6d6d6d6d6d6d6d6d6d6d6d6d6d6d6d
       180  ................  02020202020202020202020202020202
       154  3333333333333333  33333333333333333333333333333333
# epoch 1720  H=7.8260 C=7.2649 HO=0.5611  A(t)=412
       736  [[[[[[[[[[[[[[[[  5b5b5b5b5b5b5b5b5b5b5b5b5b5b5b5b
       581  <<<<<<<<<<<<<<<<  3c3c3c3c3c3c3c3c3c3c3c3c3c3c3c3c
       263  VVVVVVVVVVVVVVVV  56565656565656565656565656565656
       261  ................  02020202020202020202020202020202
       256  ,,,,,,,,,,,,,,,,  2c2c2c2c2c2c2c2c2c2c2c2c2c2c2c2c
       211  >>>>>>>>>>>>>>>>  3e3e3e3e3e3e3e3e3e3e3e3e3e3e3e3e
       198  ================  3d3d3d3d3d3d3d3d3d3d3d3d3d3d3d3d
       193  ................  05050505050505050505050505050505
       162  ;;;;;;;;;;;;;;;;  3b3b3b3b3b3b3b3b3b3b3b3b3b3b3b3b
       161  mmmmmmmmmmmmmmmm  6d6d6d6d6d6d6d6d6d6d6d6d6d6d6d6d
# epoch 1740  H=7.8227 C=7.2758 HO=0.5469  A(t)=414
       649  [[[[[[[[[[[[[[[[  5b5b5b5b5b5b5b5b5b5b5b5b5b5b5b5b
       591  <<<<<<<<<<<<<<<<  3c3c3c3c3c3c3c3c3c3c3c3c3c3c3c3c
       253  ................  02020202020202020202020202020202
       214  VVVVVVVVVVVVVVVV  56565656565656565656565656565656
       210  >>>>>>>>>>>>>>>>  3e3e3e3e3e3e3e3e3e3e3e3e3e3e3e3e
       183  ================  3d3d3d3d3d3d3d3d3d3d3d3d3d3d3d3d
       181  ,,,,,,,,,,,,,,,,  2c2c2c2c2c2c2c2c2c2c2c2c2c2c2c2c
       150  mmmmmmmmmmmmmmmm  6d6d6d6d6d6d6d6d6d6d6d6d6d6d6d6d
       142  ................  05050505050505050505050505050505
       137  ................  cececececececececececececececece
# epoch 1760  H=7.8179 C=7.2748 HO=0.5432  A(t)=418
       726  [[[[[[[[[[[[[[[[  5b5b5b5b5b5b5b5b5b5b5b5b5b5b5b5b
       567  <<<<<<<<<<<<<<<<  3c3c3c3c3c3c3c3c3c3c3c3c3c3c3c3c
       285  ################  23232323232323232323232323232323
       265  ,,,,,,,,,,,,,,,,  2c2c2c2c2c2c2c2c2c2c2c2c2c2c2c2c
       222  ================  3d3d3d3d3d3d3d3d3d3d3d3d3d3d3d3d
       217  >>>>>>>>>>>>>>>>  3e3e3e3e3e3e3e3e3e3e3e3e3e3e3e3e
       211  ................  02020202020202020202020202020202
       203  VVVVVVVVVVVVVVVV  56565656565656565656565656565656
       175  ::::::::::::::::  3a3a3a3a3a3a3a3a3a3a3a3a3a3a3a3a
       140  ;;;;;;;;;;;;;;;;  3b3b3b3b3b3b3b3b3b3b3b3b3b3b3b3b
# epoch 1780  H=7.8135 C=7.2730 HO=0.5405  A(t)=419
       655  [[[[[[[[[[[[[[[[  5b5b5b5b5b5b5b5b5b5b5b5b5b5b5b5b
       574  <<<<<<<<<<<<<<<<  3c3c3c3c3c3c3c3c3c3c3c3c3c3c3c3c
       290  ,,,,,,,,,,,,,,,,  2c2c2c2c2c2c2c2c2c2c2c2c2c2c2c2c
       234  ################  23232323232323232323232323232323
       220  >>>>>>>>>>>>>>>>  3e3e3e3e3e3e3e3e3e3e3e3e3e3e3e3e
       208  ================  3d3d3d3d3d3d3d3d3d3d3d3d3d3d3d3d
       190  ................  02020202020202020202020202020202
       166  VVVVVVVVVVVVVVVV  56565656565656565656565656565656
       160  ::::::::::::::::  3a3a3a3a3a3a3a3a3a3a3a3a3a3a3a3a
       156  ;;;;;;;;;;;;;;;;  3b3b3b3b3b3b3b3b3b3b3b3b3b3b3b3b
# epoch 1800  H=7.8095 C=7.2595 HO=0.5500  A(t)=419
       693  [[[[[[[[[[[[[[[[  5b5b5b5b5b5b5b5b5b5b5b5b5b5b5b5b
       617  <<<<<<<<<<<<<<<<  3c3c3c3c3c3c3c3c3c3c3c3c3c3c3c3c
       249  ,,,,,,,,,,,,,,,,  2c2c2c2c2c2c2c2c2c2c2c2c2c2c2c2c
       239  ;;;;;;;;;;;;;;;;  3b3b3b3b3b3b3b3b3b3b3b3b3b3b3b3b
       221  >>>>>>>>>>>>>>>>  3e3e3e3e3e3e3e3e3e3e3e3e3e3e3e3e
       211  ================  3d3d3d3d3d3d3d3d3d3d3d3d3d3d3d3d
       206  ################  23232323232323232323232323232323
       178  ................  02020202020202020202020202020202
       171  0000000000000000  30303030303030303030303030303030
       148  VVVVVVVVVVVVVVVV  56565656565656565656565656565656
# epoch 1820  H=7.8067 C=7.2601 HO=0.5466  A(t)=421
       657  [[[[[[[[[[[[[[[[  5b5b5b5b5b5b5b5b5b5b5b5b5b5b5b5b
       642  <<<<<<<<<<<<<<<<  3c3c3c3c3c3c3c3c3c3c3c3c3c3c3c3c
       243  ;;;;;;;;;;;;;;;;  3b3b3b3b3b3b3b3b3b3b3b3b3b3b3b3b
       226  >>>>>>>>>>>>>>>>  3e3e3e3e3e3e3e3e3e3e3e3e3e3e3e3e
       207  ================  3d3d3d3d3d3d3d3d3d3d3d3d3d3d3d3d
       199  ,,,,,,,,,,,,,,,,  2c2c2c2c2c2c2c2c2c2c2c2c2c2c2c2c
       198  ################  23232323232323232323232323232323
       185  @@@@@@@@@@@@@@@@  40404040404040404040404040404040
       149  0000000000000000  30303030303030303030303030303030
       137  ::::::::::::::::  3a3a3a3a3a3a3a3a3a3a3a3a3a3a3a3a
# epoch 1840  H=7.8044 C=7.2534 HO=0.5510  A(t)=427
       709  <<<<<<<<<<<<<<<<  3c3c3c3c3c3c3c3c3c3c3c3c3c3c3c3c
       704  [[[[[[[[[[[[[[[[  5b5b5b5b5b5b5b5b5b5b5b5b5b5b5b5b
       232  ,,,,,,,,,,,,,,,,  2c2c2c2c2c2c2c2c2c2c2c2c2c2c2c2c
       222  >>>>>>>>>>>>>>>>  3e3e3e3e3e3e3e3e3e3e3e3e3e3e3e3e
       213  ;;;;;;;;;;;;;;;;  3b3b3b3b3b3b3b3b3b3b3b3b3b3b3b3b
       175  ================  3d3d3d3d3d3d3d3d3d3d3d3d3d3d3d3d
       165  ################  23232323232323232323232323232323
       162  @@@@@@@@@@@@@@@@  40404040404040404040404040404040
       133  ................  0a0a0a0a0a0a0a0a0a0a0a0a0a0a0a0a
       132  0000000000000000  30303030303030303030303030303030
# epoch 1860  H=7.8035 C=7.2588 HO=0.5447  A(t)=431
       647  [[[[[[[[[[[[[[[[  5b5b5b5b5b5b5b5b5b5b5b5b5b5b5b5b
       610  <<<<<<<<<<<<<<<<  3c3c3c3c3c3c3c3c3c3c3c3c3c3c3c3c
       196  ,,,,,,,,,,,,,,,,  2c2c2c2c2c2c2c2c2c2c2c2c2c2c2c2c
       181  >>>>>>>>>>>>>>>>  3e3e3e3e3e3e3e3e3e3e3e3e3e3e3e3e
       175  ;;;;;;;;;;;;;;;;  3b3b3b3b3b3b3b3b3b3b3b3b3b3b3b3b
       164  ================  3d3d3d3d3d3d3d3d3d3d3d3d3d3d3d3d
       152  ................  02020202020202020202020202020202
       142  @@@@@@@@@@@@@@@@  40404040404040404040404040404040
       139  ################  23232323232323232323232323232323
       131  ::::::::::::::::  3a3a3a3a3a3a3a3a3a3a3a3a3a3a3a3a
# epoch 1880  H=7.8018 C=7.2500 HO=0.5518  A(t)=447
       554  [[[[[[[[[[[[[[[[  5b5b5b5b5b5b5b5b5b5b5b5b5b5b5b5b
       512  <<<<<<<<<<<<<<<<  3c3c3c3c3c3c3c3c3c3c3c3c3c3c3c3c
       202  ================  3d3d3d3d3d3d3d3d3d3d3d3d3d3d3d3d
       198  ;;;;;;;;;;;;;;;;  3b3b3b3b3b3b3b3b3b3b3b3b3b3b3b3b
       176  >>>>>>>>>>>>>>>>  3e3e3e3e3e3e3e3e3e3e3e3e3e3e3e3e
       174  ,,,,,,,,,,,,,,,,  2c2c2c2c2c2c2c2c2c2c2c2c2c2c2c2c
       152  ................  cccccccccccccccccccccccccccccccc
       148  ................  02020202020202020202020202020202
       141  AAAAAAAAAAAAAAAA  41414141414141414141414141414141
       131  ::::::::::::::::  3a3a3a3a3a3a3a3a3a3a3a3a3a3a3a3a
# epoch 1900  H=7.7995 C=7.2359 HO=0.5636  A(t)=447
       647  <<<<<<<<<<<<<<<<  3c3c3c3c3c3c3c3c3c3c3c3c3c3c3c3c
       484  [[[[[[[[[[[[[[[[  5b5b5b5b5b5b5b5b5b5b5b5b5b5b5b5b
       285  ,,,,,,,,,,,,,,,,  2c2c2c2c2c2c2c2c2c2c2c2c2c2c2c2c
       224  ;;;;;;;;;;;;;;;;  3b3b3b3b3b3b3b3b3b3b3b3b3b3b3b3b
       191  ================  3d3d3d3d3d3d3d3d3d3d3d3d3d3d3d3d
       180  >>>>>>>>>>>>>>>>  3e3e3e3e3e3e3e3e3e3e3e3e3e3e3e3e
       178  ................  a8a8a8a8a8a8a8a8a8a8a8a8a8a8a8a8
       144  ################  23232323232323232323232323232323
       136  AAAAAAAAAAAAAAAA  41414141414141414141414141414141
       129  ................  cccccccccccccccccccccccccccccccc
# epoch 1920  H=7.7944 C=7.2268 HO=0.5676  A(t)=448
       739  <<<<<<<<<<<<<<<<  3c3c3c3c3c3c3c3c3c3c3c3c3c3c3c3c
       488  [[[[[[[[[[[[[[[[  5b5b5b5b5b5b5b5b5b5b5b5b5b5b5b5b
       247  ,,,,,,,,,,,,,,,,  2c2c2c2c2c2c2c2c2c2c2c2c2c2c2c2c
       238  ;;;;;;;;;;;;;;;;  3b3b3b3b3b3b3b3b3b3b3b3b3b3b3b3b
       196  ................  a8a8a8a8a8a8a8a8a8a8a8a8a8a8a8a8
       185  ================  3d3d3d3d3d3d3d3d3d3d3d3d3d3d3d3d
       183  >>>>>>>>>>>>>>>>  3e3e3e3e3e3e3e3e3e3e3e3e3e3e3e3e
       169  AAAAAAAAAAAAAAAA  41414141414141414141414141414141
       141  ................  fefefefefefefefefefefefefefefefe
       141  ################  23232323232323232323232323232323
# epoch 1940  H=7.7913 C=7.2296 HO=0.5617  A(t)=448
       641  <<<<<<<<<<<<<<<<  3c3c3c3c3c3c3c3c3c3c3c3c3c3c3c3c
       462  [[[[[[[[[[[[[[[[  5b5b5b5b5b5b5b5b5b5b5b5b5b5b5b5b
       314  ................  a8a8a8a8a8a8a8a8a8a8a8a8a8a8a8a8
       227  ,,,,,,,,,,,,,,,,  2c2c2c2c2c2c2c2c2c2c2c2c2c2c2c2c
       217  ;;;;;;;;;;;;;;;;  3b3b3b3b3b3b3b3b3b3b3b3b3b3b3b3b
       188  >>>>>>>>>>>>>>>>  3e3e3e3e3e3e3e3e3e3e3e3e3e3e3e3e
       160  ================  3d3d3d3d3d3d3d3d3d3d3d3d3d3d3d3d
       158  AAAAAAAAAAAAAAAA  41414141414141414141414141414141
       125  ................  fefefefefefefefefefefefefefefefe
       121  ::::::::::::::::  3a3a3a3a3a3a3a3a3a3a3a3a3a3a3a3a
# epoch 1960  H=7.7907 C=7.2367 HO=0.5540  A(t)=448
       619  <<<<<<<<<<<<<<<<  3c3c3c3c3c3c3c3c3c3c3c3c3c3c3c3c
       432  [[[[[[[[[[[[[[[[  5b5b5b5b5b5b5b5b5b5b5b5b5b5b5b5b
       279  ................  a8a8a8a8a8a8a8a8a8a8a8a8a8a8a8a8
       199  ;;;;;;;;;;;;;;;;  3b3b3b3b3b3b3b3b3b3b3b3b3b3b3b3b
       174  >>>>>>>>>>>>>>>>  3e3e3e3e3e3e3e3e3e3e3e3e3e3e3e3e
       168  ,,,,,,,,,,,,,,,,  2c2c2c2c2c2c2c2c2c2c2c2c2c2c2c2c
       142  ................  b6b6b6b6b6b6b6b6b6b6b6b6b6b6b6b6
       128  AAAAAAAAAAAAAAAA  41414141414141414141414141414141
       123  ================  3d3d3d3d3d3d3d3d3d3d3d3d3d3d3d3d
       121  ::::::::::::::::  3a3a3a3a3a3a3a3a3a3a3a3a3a3a3a3a
# epoch 1980  H=7.7891 C=7.2364 HO=0.5527  A(t)=448
       756  <<<<<<<<<<<<<<<<  3c3c3c3c3c3c3c3c3c3c3c3c3c3c3c3c
       410  [[[[[[[[[[[[[[[[  5b5b5b5b5b5b5b5b5b5b5b5b5b5b5b5b
       216  ................  a8a8a8a8a8a8a8a8a8a8a8a8a8a8a8a8
       208  ,,,,,,,,,,,,,,,,  2c2c2c2c2c2c2c2c2c2c2c2c2c2c2c2c
       181  ????????????????  3f3f3f3f3f3f3f3f3f3f3f3f3f3f3f3f
       178  ;;;;;;;;;;;;;;;;  3b3b3b3b3b3b3b3b3b3b3b3b3b3b3b3b
       174  >>>>>>>>>>>>>>>>  3e3e3e3e3e3e3e3e3e3e3e3e3e3e3e3e
       139  ::::::::::::::::  3a3a3a3a3a3a3a3a3a3a3a3a3a3a3a3a
       128  ................  bdbdbdbdbdbdbdbdbdbdbdbdbdbdbdbd
       124  ................  b6b6b6b6b6b6b6b6b6b6b6b6b6b6b6b6
# epoch 2000  H=7.7837 C=7.2265 HO=0.5572  A(t)=452
       920  <<<<<<<<<<<<<<<<  3c3c3c3c3c3c3c3c3c3c3c3c3c3c3c3c
       409  [[[[[[[[[[[[[[[[  5b5b5b5b5b5b5b5b5b5b5b5b5b5b5b5b
       179  ................  12121212121212121212121212121212
       171  ................  a8a8a8a8a8a8a8a8a8a8a8a8a8a8a8a8
       167  ,,,,,,,,,,,,,,,,  2c2c2c2c2c2c2c2c2c2c2c2c2c2c2c2c
       164  9999999999999999  39393939393939393939393939393939
       161  ????????????????  3f3f3f3f3f3f3f3f3f3f3f3f3f3f3f3f
       134  yyyyyyyyyyyyyyyy  79797979797979797979797979797979
       134  ;;;;;;;;;;;;;;;;  3b3b3b3b3b3b3b3b3b3b3b3b3b3b3b3b
       130  ::::::::::::::::  3a3a3a3a3a3a3a3a3a3a3a3a3a3a3a3a
# epoch 2020  H=7.7774 C=7.2208 HO=0.5567  A(t)=457
       906  <<<<<<<<<<<<<<<<  3c3c3c3c3c3c3c3c3c3c3c3c3c3c3c3c
       695  [[[[[[[[[[[[[[[[  5b5b5b5b5b5b5b5b5b5b5b5b5b5b5b5b
       228  9999999999999999  39393939393939393939393939393939
       213  ;;;;;;;;;;;;;;;;  3b3b3b3b3b3b3b3b3b3b3b3b3b3b3b3b
       170  ................  a8a8a8a8a8a8a8a8a8a8a8a8a8a8a8a8
       159  ::::::::::::::::  3a3a3a3a3a3a3a3a3a3a3a3a3a3a3a3a
       135  ,,,,,,,,,,,,,,,,  2c2c2c2c2c2c2c2c2c2c2c2c2c2c2c2c
       133  yyyyyyyyyyyyyyyy  79797979797979797979797979797979
       126  ................  12121212121212121212121212121212
       124  ????????????????  3f3f3f3f3f3f3f3f3f3f3f3f3f3f3f3f
# epoch 2040  H=7.7744 C=7.2190 HO=0.5554  A(t)=457
       809  <<<<<<<<<<<<<<<<  3c3c3c3c3c3c3c3c3c3c3c3c3c3c3c3c
       619  [[[[[[[[[[[[[[[[  5b5b5b5b5b5b5b5b5b5b5b5b5b5b5b5b
       268  ================  3d3d3d3d3d3d3d3d3d3d3d3d3d3d3d3d
       214  9999999999999999  39393939393939393939393939393939
       186  ;;;;;;;;;;;;;;;;  3b3b3b3b3b3b3b3b3b3b3b3b3b3b3b3b
       183  ????????????????  3f3f3f3f3f3f3f3f3f3f3f3f3f3f3f3f
       154  ................  a8a8a8a8a8a8a8a8a8a8a8a8a8a8a8a8
       149  ................  fefefefefefefefefefefefefefefefe
       142  ,,,,,,,,,,,,,,,,  2c2c2c2c2c2c2c2c2c2c2c2c2c2c2c2c
       125  ::::::::::::::::  3a3a3a3a3a3a3a3a3a3a3a3a3a3a3a3a
# epoch 2060  H=7.7670 C=7.2100 HO=0.5570  A(t)=463
       937  <<<<<<<<<<<<<<<<  3c3c3c3c3c3c3c3c3c3c3c3c3c3c3c3c
       558  [[[[[[[[[[[[[[[[  5b5b5b5b5b5b5b5b5b5b5b5b5b5b5b5b
       268  ================  3d3d3d3d3d3d3d3d3d3d3d3d3d3d3d3d
       186  9999999999999999  39393939393939393939393939393939
       149  ????????????????  3f3f3f3f3f3f3f3f3f3f3f3f3f3f3f3f
       148  ;;;;;;;;;;;;;;;;  3b3b3b3b3b3b3b3b3b3b3b3b3b3b3b3b
       147  TTTTTTTTTTTTTTTT  54545454545454545454545454545454
       140  ................  fefefefefefefefefefefefefefefefe
       139  ................  a8a8a8a8a8a8a8a8a8a8a8a8a8a8a8a8
       134  ,,,,,,,,,,,,,,,,  2c2c2c2c2c2c2c2c2c2c2c2c2c2c2c2c
# epoch 2080  H=7.7648 C=7.2086 HO=0.5562  A(t)=463
       911  <<<<<<<<<<<<<<<<  3c3c3c3c3c3c3c3c3c3c3c3c3c3c3c3c
       592  [[[[[[[[[[[[[[[[  5b5b5b5b5b5b5b5b5b5b5b5b5b5b5b5b
       268  ================  3d3d3d3d3d3d3d3d3d3d3d3d3d3d3d3d
       204  9999999999999999  39393939393939393939393939393939
       162  ................  ecececececececececececececececec
       158  ????????????????  3f3f3f3f3f3f3f3f3f3f3f3f3f3f3f3f
       150  ................  dadadadadadadadadadadadadadadada
       145  >>>>>>>>>>>>>>>>  3e3e3e3e3e3e3e3e3e3e3e3e3e3e3e3e
       136  yyyyyyyyyyyyyyyy  79797979797979797979797979797979
       129  ................  a8a8a8a8a8a8a8a8a8a8a8a8a8a8a8a8
# epoch 2100  H=7.7641 C=7.2126 HO=0.5515  A(t)=470
       819  <<<<<<<<<<<<<<<<  3c3c3c3c3c3c3c3c3c3c3c3c3c3c3c3c
       618  [[[[[[[[[[[[[[[[  5b5b5b5b5b5b5b5b5b5b5b5b5b5b5b5b
       269  ================  3d3d3d3d3d3d3d3d3d3d3d3d3d3d3d3d
       202  9999999999999999  39393939393939393939393939393939
       167  ................  01010101010101010101010101010101
       143  ................  ecececececececececececececececec
       140  ,,,,,,,,,,,,,,,,  2c2c2c2c2c2c2c2c2c2c2c2c2c2c2c2c
       129  ................  a8a8a8a8a8a8a8a8a8a8a8a8a8a8a8a8
       128  >>>>>>>>>>>>>>>>  3e3e3e3e3e3e3e3e3e3e3e3e3e3e3e3e
       126  ................  dadadadadadadadadadadadadadadada
# epoch 2120  H=7.7629 C=7.2086 HO=0.5543  A(t)=473
       674  <<<<<<<<<<<<<<<<  3c3c3c3c3c3c3c3c3c3c3c3c3c3c3c3c
       612  [[[[[[[[[[[[[[[[  5b5b5b5b5b5b5b5b5b5b5b5b5b5b5b5b
       296  ================  3d3d3d3d3d3d3d3d3d3d3d3d3d3d3d3d
       192  >>>>>>>>>>>>>>>>  3e3e3e3e3e3e3e3e3e3e3e3e3e3e3e3e
       184  9999999999999999  39393939393939393939393939393939
       179  }}}}}}}}}}}}}}}}  7d7d7d7d7d7d7d7d7d7d7d7d7d7d7d7d
       140  ................  ecececececececececececececececec
       138  ;;;;;;;;;;;;;;;;  3b3b3b3b3b3b3b3b3b3b3b3b3b3b3b3b
       128  ................  01010101010101010101010101010101
       125  ................  a8a8a8a8a8a8a8a8a8a8a8a8a8a8a8a8
# epoch 2140  H=7.7622 C=7.2124 HO=0.5498  A(t)=479
       584  [[[[[[[[[[[[[[[[  5b5b5b5b5b5b5b5b5b5b5b5b5b5b5b5b
       550  <<<<<<<<<<<<<<<<  3c3c3c3c3c3c3c3c3c3c3c3c3c3c3c3c
       290  ================  3d3d3d3d3d3d3d3d3d3d3d3d3d3d3d3d
       229  @@@@@@@@@@@@@@@@  40404040404040404040404040404040
       217  9999999999999999  39393939393939393939393939393939
       191  >>>>>>>>>>>>>>>>  3e3e3e3e3e3e3e3e3e3e3e3e3e3e3e3e
       148  }}}}}}}}}}}}}}}}  7d7d7d7d7d7d7d7d7d7d7d7d7d7d7d7d
       136  ++++++++++++++++  2b2b2b2b2b2b2b2b2b2b2b2b2b2b2b2b
       135  ................  ecececececececececececececececec
       129  ::::::::::::::::  3a3a3a3a3a3a3a3a3a3a3a3a3a3a3a3a
# epoch 2160  H=7.7577 C=7.2105 HO=0.5472  A(t)=481
       645  <<<<<<<<<<<<<<<<  3c3c3c3c3c3c3c3c3c3c3c3c3c3c3c3c
       524  [[[[[[[[[[[[[[[[  5b5b5b5b5b5b5b5b5b5b5b5b5b5b5b5b
       307  ================  3d3d3d3d3d3d3d3d3d3d3d3d3d3d3d3d
       208  @@@@@@@@@@@@@@@@  40404040404040404040404040404040
       199  >>>>>>>>>>>>>>>>  3e3e3e3e3e3e3e3e3e3e3e3e3e3e3e3e
       198  9999999999999999  39393939393939393939393939393939
       186  ................  b9b9b9b9b9b9b9b9b9b9b9b9b9b9b9b9
       150  }}}}}}}}}}}}}}}}  7d7d7d7d7d7d7d7d7d7d7d7d7d7d7d7d
       140  ................  f5f5f5f5f5f5f5f5f5f5f5f5f5f5f5f5
       128  ,,,,,,,,,,,,,,,,  2c2c2c2c2c2c2c2c2c2c2c2c2c2c2c2c
# epoch 2180  H=7.7518 C=7.2069 HO=0.5448  A(t)=485
       709  <<<<<<<<<<<<<<<<  3c3c3c3c3c3c3c3c3c3c3c3c3c3c3c3c
       707  [[[[[[[[[[[[[[[[  5b5b5b5b5b5b5b5b5b5b5b5b5b5b5b5b
       313  ================  3d3d3d3d3d3d3d3d3d3d3d3d3d3d3d3d
       213  >>>>>>>>>>>>>>>>  3e3e3e3e3e3e3e3e3e3e3e3e3e3e3e3e
       202  ................  b9b9b9b9b9b9b9b9b9b9b9b9b9b9b9b9
       186  @@@@@@@@@@@@@@@@  40404040404040404040404040404040
       179  9999999999999999  39393939393939393939393939393939
       166  ................  06060606060606060606060606060606
       153  ................  ecececececececececececececececec
       140  ::::::::::::::::  3a3a3a3a3a3a3a3a3a3a3a3a3a3a3a3a
# epoch 2200  H=7.7505 C=7.2042 HO=0.5463  A(t)=488
       733  <<<<<<<<<<<<<<<<  3c3c3c3c3c3c3c3c3c3c3c3c3c3c3c3c
       703  [[[[[[[[[[[[[[[[  5b5b5b5b5b5b5b5b5b5b5b5b5b5b5b5b
       278  ================  3d3d3d3d3d3d3d3d3d3d3d3d3d3d3d3d
       186  >>>>>>>>>>>>>>>>  3e3e3e3e3e3e3e3e3e3e3e3e3e3e3e3e
       178  ::::::::::::::::  3a3a3a3a3a3a3a3a3a3a3a3a3a3a3a3a
       170  ................  b9b9b9b9b9b9b9b9b9b9b9b9b9b9b9b9
       161  @@@@@@@@@@@@@@@@  40404040404040404040404040404040
       155  9999999999999999  39393939393939393939393939393939
       154  ,,,,,,,,,,,,,,,,  2c2c2c2c2c2c2c2c2c2c2c2c2c2c2c2c
       145  ................  ecececececececececececececececec
# epoch 2220  H=7.7497 C=7.2052 HO=0.5444  A(t)=488
       615  <<<<<<<<<<<<<<<<  3c3c3c3c3c3c3c3c3c3c3c3c3c3c3c3c
       580  [[[[[[[[[[[[[[[[  5b5b5b5b5b5b5b5b5b5b5b5b5b5b5b5b
       277  ================  3d3d3d3d3d3d3d3d3d3d3d3d3d3d3d3d
       172  ,,,,,,,,,,,,,,,,  2c2c2c2c2c2c2c2c2c2c2c2c2c2c2c2c
       170  ................  f5f5f5f5f5f5f5f5f5f5f5f5f5f5f5f5
       165  ................  b9b9b9b9b9b9b9b9b9b9b9b9b9b9b9b9
       164  ;;;;;;;;;;;;;;;;  3b3b3b3b3b3b3b3b3b3b3b3b3b3b3b3b
       164  9999999999999999  39393939393939393939393939393939
       157  @@@@@@@@@@@@@@@@  40404040404040404040404040404040
       155  >>>>>>>>>>>>>>>>  3e3e3e3e3e3e3e3e3e3e3e3e3e3e3e3e
# epoch 2240  H=7.7479 C=7.2048 HO=0.5431  A(t)=493
       734  <<<<<<<<<<<<<<<<  3c3c3c3c3c3c3c3c3c3c3c3c3c3c3c3c
       532  [[[[[[[[[[[[[[[[  5b5b5b5b5b5b5b5b5b5b5b5b5b5b5b5b
       286  ================  3d3d3d3d3d3d3d3d3d3d3d3d3d3d3d3d
       216  >>>>>>>>>>>>>>>>  3e3e3e3e3e3e3e3e3e3e3e3e3e3e3e3e
       194  ,,,,,,,,,,,,,,,,  2c2c2c2c2c2c2c2c2c2c2c2c2c2c2c2c
       190  ................  f5f5f5f5f5f5f5f5f5f5f5f5f5f5f5f5
       166  ;;;;;;;;;;;;;;;;  3b3b3b3b3b3b3b3b3b3b3b3b3b3b3b3b
       155  9999999999999999  39393939393939393939393939393939
       154  ................  b9b9b9b9b9b9b9b9b9b9b9b9b9b9b9b9
       147  {{{{{{{{{{{{{{{{  7b7b7b7b7b7b7b7b7b7b7b7b7b7b7b7b
# epoch 2260  H=7.7438 C=7.1985 HO=0.5453  A(t)=493
       645  <<<<<<<<<<<<<<<<  3c3c3c3c3c3c3c3c3c3c3c3c3c3c3c3c
       486  [[[[[[[[[[[[[[[[  5b5b5b5b5b5b5b5b5b5b5b5b5b5b5b5b
       289  >>>>>>>>>>>>>>>>  3e3e3e3e3e3e3e3e3e3e3e3e3e3e3e3e
       270  ================  3d3d3d3d3d3d3d3d3d3d3d3d3d3d3d3d
       249  ;;;;;;;;;;;;;;;;  3b3b3b3b3b3b3b3b3b3b3b3b3b3b3b3b
       209  ,,,,,,,,,,,,,,,,  2c2c2c2c2c2c2c2c2c2c2c2c2c2c2c2c
       200  ................  f5f5f5f5f5f5f5f5f5f5f5f5f5f5f5f5
       186  {{{{{{{{{{{{{{{{  7b7b7b7b7b7b7b7b7b7b7b7b7b7b7b7b
       182  ................  ffffffffffffffffffffffffffffffff
       181  ................  01010101010101010101010101010101
# epoch 2280  H=7.7410 C=7.1995 HO=0.5415  A(t)=496
       529  <<<<<<<<<<<<<<<<  3c3c3c3c3c3c3c3c3c3c3c3c3c3c3c3c
       416  [[[[[[[[[[[[[[[[  5b5b5b5b5b5b5b5b5b5b5b5b5b5b5b5b
       334  ================  3d3d3d3d3d3d3d3d3d3d3d3d3d3d3d3d
       320  >>>>>>>>>>>>>>>>  3e3e3e3e3e3e3e3e3e3e3e3e3e3e3e3e
       196  ;;;;;;;;;;;;;;;;  3b3b3b3b3b3b3b3b3b3b3b3b3b3b3b3b
       183  ................  ffffffffffffffffffffffffffffffff
       176  ,,,,,,,,,,,,,,,,  2c2c2c2c2c2c2c2c2c2c2c2c2c2c2c2c
       168  ................  01010101010101010101010101010101
       155  ................  f5f5f5f5f5f5f5f5f5f5f5f5f5f5f5f5
       147  {{{{{{{{{{{{{{{{  7b7b7b7b7b7b7b7b7b7b7b7b7b7b7b7b
# epoch 2300  H=7.7392 C=7.2098 HO=0.5294  A(t)=500
       452  <<<<<<<<<<<<<<<<  3c3c3c3c3c3c3c3c3c3c3c3c3c3c3c3c
       381  ================  3d3d3d3d3d3d3d3d3d3d3d3d3d3d3d3d
       365  [[[[[[[[[[[[[[[[  5b5b5b5b5b5b5b5b5b5b5b5b5b5b5b5b
       251  >>>>>>>>>>>>>>>>  3e3e3e3e3e3e3e3e3e3e3e3e3e3e3e3e
       245  ;;;;;;;;;;;;;;;;  3b3b3b3b3b3b3b3b3b3b3b3b3b3b3b3b
       150  ................  ffffffffffffffffffffffffffffffff
       145  ................  01010101010101010101010101010101
       138  ................  f5f5f5f5f5f5f5f5f5f5f5f5f5f5f5f5
       129  {{{{{{{{{{{{{{{{  7b7b7b7b7b7b7b7b7b7b7b7b7b7b7b7b
       129  ????????????????  3f3f3f3f3f3f3f3f3f3f3f3f3f3f3f3f
# epoch 2320  H=7.7403 C=7.2126 HO=0.5277  A(t)=502
       380  <<<<<<<<<<<<<<<<  3c3c3c3c3c3c3c3c3c3c3c3c3c3c3c3c
       375  ================  3d3d3d3d3d3d3d3d3d3d3d3d3d3d3d3d
       312  [[[[[[[[[[[[[[[[  5b5b5b5b5b5b5b5b5b5b5b5b5b5b5b5b
       287  >>>>>>>>>>>>>>>>  3e3e3e3e3e3e3e3e3e3e3e3e3e3e3e3e
       207  ;;;;;;;;;;;;;;;;  3b3b3b3b3b3b3b3b3b3b3b3b3b3b3b3b
       139  ~~~~~~~~~~~~~~~~  7e7e7e7e7e7e7e7e7e7e7e7e7e7e7e7e
       136  ................  01010101010101010101010101010101
       113  ................  f5f5f5f5f5f5f5f5f5f5f5f5f5f5f5f5
       107  {{{{{{{{{{{{{{{{  7b7b7b7b7b7b7b7b7b7b7b7b7b7b7b7b
       106  ,,,,,,,,,,,,,,,,  2c2c2c2c2c2c2c2c2c2c2c2c2c2c2c2c
# epoch 2340  H=7.7380 C=7.2107 HO=0.5273  A(t)=502
       429  <<<<<<<<<<<<<<<<  3c3c3c3c3c3c3c3c3c3c3c3c3c3c3c3c
       361  ================  3d3d3d3d3d3d3d3d3d3d3d3d3d3d3d3d
       258  [[[[[[[[[[[[[[[[  5b5b5b5b5b5b5b5b5b5b5b5b5b5b5b5b
       236  >>>>>>>>>>>>>>>>  3e3e3e3e3e3e3e3e3e3e3e3e3e3e3e3e
       188  ;;;;;;;;;;;;;;;;  3b3b3b3b3b3b3b3b3b3b3b3b3b3b3b3b
       142  {{{{{{{{{{{{{{{{  7b7b7b7b7b7b7b7b7b7b7b7b7b7b7b7b
       139  ................  01010101010101010101010101010101
       115  ????????????????  3f3f3f3f3f3f3f3f3f3f3f3f3f3f3f3f
       107  ................  dddddddddddddddddddddddddddddddd
       105  ~~~~~~~~~~~~~~~~  7e7e7e7e7e7e7e7e7e7e7e7e7e7e7e7e
# epoch 2360  H=7.7358 C=7.2091 HO=0.5266  A(t)=502
       479  <<<<<<<<<<<<<<<<  3c3c3c3c3c3c3c3c3c3c3c3c3c3c3c3c
       438  [[[[[[[[[[[[[[[[  5b5b5b5b5b5b5b5b5b5b5b5b5b5b5b5b
       339  ================  3d3d3d3d3d3d3d3d3d3d3d3d3d3d3d3d
       286  {{{{{{{{{{{{{{{{  7b7b7b7b7b7b7b7b7b7b7b7b7b7b7b7b
       210  ;;;;;;;;;;;;;;;;  3b3b3b3b3b3b3b3b3b3b3b3b3b3b3b3b
       166  >>>>>>>>>>>>>>>>  3e3e3e3e3e3e3e3e3e3e3e3e3e3e3e3e
       139  VVVVVVVVVVVVVVVV  56565656565656565656565656565656
       125  ZZZZZZZZZZZZZZZZ  5a5a5a5a5a5a5a5a5a5a5a5a5a5a5a5a
       121  ................  01010101010101010101010101010101
       112  1111111111111111  31313131313131313131313131313131
# epoch 2380  H=7.7332 C=7.2142 HO=0.5191  A(t)=502
       461  [[[[[[[[[[[[[[[[  5b5b5b5b5b5b5b5b5b5b5b5b5b5b5b5b
       430  <<<<<<<<<<<<<<<<  3c3c3c3c3c3c3c3c3c3c3c3c3c3c3c3c
       272  ================  3d3d3d3d3d3d3d3d3d3d3d3d3d3d3d3d
       268  {{{{{{{{{{{{{{{{  7b7b7b7b7b7b7b7b7b7b7b7b7b7b7b7b
       240  ;;;;;;;;;;;;;;;;  3b3b3b3b3b3b3b3b3b3b3b3b3b3b3b3b
       191  >>>>>>>>>>>>>>>>  3e3e3e3e3e3e3e3e3e3e3e3e3e3e3e3e
       147  ,,,,,,,,,,,,,,,,  2c2c2c2c2c2c2c2c2c2c2c2c2c2c2c2c
       120  ................  01010101010101010101010101010101
       116  VVVVVVVVVVVVVVVV  56565656565656565656565656565656
       106  ||||||||||||||||  7c7c7c7c7c7c7c7c7c7c7c7c7c7c7c7c
# epoch 2400  H=7.7299 C=7.2140 HO=0.5159  A(t)=504
       467  <<<<<<<<<<<<<<<<  3c3c3c3c3c3c3c3c3c3c3c3c3c3c3c3c
       443  [[[[[[[[[[[[[[[[  5b5b5b5b5b5b5b5b5b5b5b5b5b5b5b5b
       221  ;;;;;;;;;;;;;;;;  3b3b3b3b3b3b3b3b3b3b3b3b3b3b3b3b
       213  ================  3d3d3d3d3d3d3d3d3d3d3d3d3d3d3d3d
       204  {{{{{{{{{{{{{{{{  7b7b7b7b7b7b7b7b7b7b7b7b7b7b7b7b
       163  ????????????????  3f3f3f3f3f3f3f3f3f3f3f3f3f3f3f3f
       160  ................  d6d6d6d6d6d6d6d6d6d6d6d6d6d6d6d6
       154  >>>>>>>>>>>>>>>>  3e3e3e3e3e3e3e3e3e3e3e3e3e3e3e3e
       124  ,,,,,,,,,,,,,,,,  2c2c2c2c2c2c2c2c2c2c2c2c2c2c2c2c
       102  ................  01010101010101010101010101010101
# epoch 2420  H=7.7268 C=7.2138 HO=0.5129  A(t)=512
       445  <<<<<<<<<<<<<<<<  3c3c3c3c3c3c3c3c3c3c3c3c3c3c3c3c
       430  [[[[[[[[[[[[[[[[  5b5b5b5b5b5b5b5b5b5b5b5b5b5b5b5b
       277  ================  3d3d3d3d3d3d3d3d3d3d3d3d3d3d3d3d
       214  ;;;;;;;;;;;;;;;;  3b3b3b3b3b3b3b3b3b3b3b3b3b3b3b3b
       196  ,,,,,,,,,,,,,,,,  2c2c2c2c2c2c2c2c2c2c2c2c2c2c2c2c
       183  ................  d6d6d6d6d6d6d6d6d6d6d6d6d6d6d6d6
       164  GGGGGGGGGGGGGGGG  47474747474747474747474747474747
       148  ................  01010101010101010101010101010101
       142  {{{{{{{{{{{{{{{{  7b7b7b7b7b7b7b7b7b7b7b7b7b7b7b7b
       133  ~~~~~~~~~~~~~~~~  7e7e7e7e7e7e7e7e7e7e7e7e7e7e7e7e
# epoch 2440  H=7.7230 C=7.2136 HO=0.5095  A(t)=513
       507  [[[[[[[[[[[[[[[[  5b5b5b5b5b5b5b5b5b5b5b5b5b5b5b5b
       368  ================  3d3d3d3d3d3d3d3d3d3d3d3d3d3d3d3d
       336  <<<<<<<<<<<<<<<<  3c3c3c3c3c3c3c3c3c3c3c3c3c3c3c3c
       179  ;;;;;;;;;;;;;;;;  3b3b3b3b3b3b3b3b3b3b3b3b3b3b3b3b
       164  ,,,,,,,,,,,,,,,,  2c2c2c2c2c2c2c2c2c2c2c2c2c2c2c2c
       156  >>>>>>>>>>>>>>>>  3e3e3e3e3e3e3e3e3e3e3e3e3e3e3e3e
       155  ................  d6d6d6d6d6d6d6d6d6d6d6d6d6d6d6d6
       142  GGGGGGGGGGGGGGGG  47474747474747474747474747474747
       141  ................  01010101010101010101010101010101
       117  {{{{{{{{{{{{{{{{  7b7b7b7b7b7b7b7b7b7b7b7b7b7b7b7b
# epoch 2460  H=7.7202 C=7.2103 HO=0.5099  A(t)=515
       693  [[[[[[[[[[[[[[[[  5b5b5b5b5b5b5b5b5b5b5b5b5b5b5b5b
       387  ================  3d3d3d3d3d3d3d3d3d3d3d3d3d3d3d3d
       299  <<<<<<<<<<<<<<<<  3c3c3c3c3c3c3c3c3c3c3c3c3c3c3c3c
       196  ;;;;;;;;;;;;;;;;  3b3b3b3b3b3b3b3b3b3b3b3b3b3b3b3b
       185  ................  d6d6d6d6d6d6d6d6d6d6d6d6d6d6d6d6
       157  ????????????????  3f3f3f3f3f3f3f3f3f3f3f3f3f3f3f3f
       137  ,,,,,,,,,,,,,,,,  2c2c2c2c2c2c2c2c2c2c2c2c2c2c2c2c
       136  ................  0e0e0e0e0e0e0e0e0e0e0e0e0e0e0e0e
       134  >>>>>>>>>>>>>>>>  3e3e3e3e3e3e3e3e3e3e3e3e3e3e3e3e
       130  ................  01010101010101010101010101010101
# epoch 2480  H=7.7210 C=7.2173 HO=0.5037  A(t)=518
       533  [[[[[[[[[[[[[[[[  5b5b5b5b5b5b5b5b5b5b5b5b5b5b5b5b
       343  ================  3d3d3d3d3d3d3d3d3d3d3d3d3d3d3d3d
       207  ,,,,,,,,,,,,,,,,  2c2c2c2c2c2c2c2c2c2c2c2c2c2c2c2c
       199  <<<<<<<<<<<<<<<<  3c3c3c3c3c3c3c3c3c3c3c3c3c3c3c3c
       172  ;;;;;;;;;;;;;;;;  3b3b3b3b3b3b3b3b3b3b3b3b3b3b3b3b
       167  ................  d6d6d6d6d6d6d6d6d6d6d6d6d6d6d6d6
       158  >>>>>>>>>>>>>>>>  3e3e3e3e3e3e3e3e3e3e3e3e3e3e3e3e
       157  @@@@@@@@@@@@@@@@  40404040404040404040404040404040
       156  ................  01010101010101010101010101010101
       142  ????????????????  3f3f3f3f3f3f3f3f3f3f3f3f3f3f3f3f
# epoch 2500  H=7.7228 C=7.2239 HO=0.4990  A(t)=518
       481  [[[[[[[[[[[[[[[[  5b5b5b5b5b5b5b5b5b5b5b5b5b5b5b5b
       330  ================  3d3d3d3d3d3d3d3d3d3d3d3d3d3d3d3d
       232  ????????????????  3f3f3f3f3f3f3f3f3f3f3f3f3f3f3f3f
       219  ;;;;;;;;;;;;;;;;  3b3b3b3b3b3b3b3b3b3b3b3b3b3b3b3b
       174  ,,,,,,,,,,,,,,,,  2c2c2c2c2c2c2c2c2c2c2c2c2c2c2c2c
       162  @@@@@@@@@@@@@@@@  40404040404040404040404040404040
       153  ................  01010101010101010101010101010101
       126  <<<<<<<<<<<<<<<<  3c3c3c3c3c3c3c3c3c3c3c3c3c3c3c3c
       123  ................  0e0e0e0e0e0e0e0e0e0e0e0e0e0e0e0e
       121  {{{{{{{{{{{{{{{{  7b7b7b7b7b7b7b7b7b7b7b7b7b7b7b7b
# epoch 2520  H=7.7263 C=7.2265 HO=0.4998  A(t)=518
       453  [[[[[[[[[[[[[[[[  5b5b5b5b5b5b5b5b5b5b5b5b5b5b5b5b
       292  ================  3d3d3d3d3d3d3d3d3d3d3d3d3d3d3d3d
       202  ????????????????  3f3f3f3f3f3f3f3f3f3f3f3f3f3f3f3f
       202  ;;;;;;;;;;;;;;;;  3b3b3b3b3b3b3b3b3b3b3b3b3b3b3b3b
       200  @@@@@@@@@@@@@@@@  40404040404040404040404040404040
       167  ,,,,,,,,,,,,,,,,  2c2c2c2c2c2c2c2c2c2c2c2c2c2c2c2c
       167  ................  01010101010101010101010101010101
       150  >>>>>>>>>>>>>>>>  3e3e3e3e3e3e3e3e3e3e3e3e3e3e3e3e
       140  <<<<<<<<<<<<<<<<  3c3c3c3c3c3c3c3c3c3c3c3c3c3c3c3c
       119  6666666666666666  36363636363636363636363636363636
# epoch 2540  H=7.7259 C=7.2237 HO=0.5021  A(t)=518
       414  [[[[[[[[[[[[[[[[  5b5b5b5b5b5b5b5b5b5b5b5b5b5b5b5b
       269  ================  3d3d3d3d3d3d3d3d3d3d3d3d3d3d3d3d
       223  ,,,,,,,,,,,,,,,,  2c2c2c2c2c2c2c2c2c2c2c2c2c2c2c2c
       214  ;;;;;;;;;;;;;;;;  3b3b3b3b3b3b3b3b3b3b3b3b3b3b3b3b
       207  <<<<<<<<<<<<<<<<  3c3c3c3c3c3c3c3c3c3c3c3c3c3c3c3c
       191  ................  01010101010101010101010101010101
       185  @@@@@@@@@@@@@@@@  40404040404040404040404040404040
       184  ????????????????  3f3f3f3f3f3f3f3f3f3f3f3f3f3f3f3f
       155  6666666666666666  36363636363636363636363636363636
       154  >>>>>>>>>>>>>>>>  3e3e3e3e3e3e3e3e3e3e3e3e3e3e3e3e
# epoch 2560  H=7.7247 C=7.2271 HO=0.4976  A(t)=520
       353  [[[[[[[[[[[[[[[[  5b5b5b5b5b5b5b5b5b5b5b5b5b5b5b5b
       275  ,,,,,,,,,,,,,,,,  2c2c2c2c2c2c2c2c2c2c2c2c2c2c2c2c
       232  ================  3d3d3d3d3d3d3d3d3d3d3d3d3d3d3d3d
       205  <<<<<<<<<<<<<<<<  3c3c3c3c3c3c3c3c3c3c3c3c3c3c3c3c
       198  ;;;;;;;;;;;;;;;;  3b3b3b3b3b3b3b3b3b3b3b3b3b3b3b3b
       167  ????????????????  3f3f3f3f3f3f3f3f3f3f3f3f3f3f3f3f
       159  @@@@@@@@@@@@@@@@  40404040404040404040404040404040
       137  ................  01010101010101010101010101010101
       129  {{{{{{{{{{{{{{{{  7b7b7b7b7b7b7b7b7b7b7b7b7b7b7b7b
       125  6666666666666666  36363636363636363636363636363636
# epoch 2580  H=7.7236 C=7.2293 HO=0.4942  A(t)=522
       434  [[[[[[[[[[[[[[[[  5b5b5b5b5b5b5b5b5b5b5b5b5b5b5b5b
       240  ,,,,,,,,,,,,,,,,  2c2c2c2c2c2c2c2c2c2c2c2c2c2c2c2c
       202  ????????????????  3f3f3f3f3f3f3f3f3f3f3f3f3f3f3f3f
       193  ================  3d3d3d3d3d3d3d3d3d3d3d3d3d3d3d3d
       169  ;;;;;;;;;;;;;;;;  3b3b3b3b3b3b3b3b3b3b3b3b3b3b3b3b
       166  <<<<<<<<<<<<<<<<  3c3c3c3c3c3c3c3c3c3c3c3c3c3c3c3c
       146  6666666666666666  36363636363636363636363636363636
       139  @@@@@@@@@@@@@@@@  40404040404040404040404040404040
       133  CCCCCCCCCCCCCCCC  43434343434343434343434343434343
       131  ................  01010101010101010101010101010101
# epoch 2600  H=7.7224 C=7.2324 HO=0.4900  A(t)=528
       448  [[[[[[[[[[[[[[[[  5b5b5b5b5b5b5b5b5b5b5b5b5b5b5b5b
       239  >>>>>>>>>>>>>>>>  3e3e3e3e3e3e3e3e3e3e3e3e3e3e3e3e
       180  ================  3d3d3d3d3d3d3d3d3d3d3d3d3d3d3d3d
       173  ,,,,,,,,,,,,,,,,  2c2c2c2c2c2c2c2c2c2c2c2c2c2c2c2c
       167  <<<<<<<<<<<<<<<<  3c3c3c3c3c3c3c3c3c3c3c3c3c3c3c3c
       155  ????????????????  3f3f3f3f3f3f3f3f3f3f3f3f3f3f3f3f
       144  ;;;;;;;;;;;;;;;;  3b3b3b3b3b3b3b3b3b3b3b3b3b3b3b3b
       131  ................  01010101010101010101010101010101
       125  @@@@@@@@@@@@@@@@  40404040404040404040404040404040
       124  yyyyyyyyyyyyyyyy  79797979797979797979797979797979
# epoch 2620  H=7.7213 C=7.2341 HO=0.4872  A(t)=528
       458  [[[[[[[[[[[[[[[[  5b5b5b5b5b5b5b5b5b5b5b5b5b5b5b5b
       255  ================  3d3d3d3d3d3d3d3d3d3d3d3d3d3d3d3d
       239  >>>>>>>>>>>>>>>>  3e3e3e3e3e3e3e3e3e3e3e3e3e3e3e3e
       202  ,,,,,,,,,,,,,,,,  2c2c2c2c2c2c2c2c2c2c2c2c2c2c2c2c
       180  ;;;;;;;;;;;;;;;;  3b3b3b3b3b3b3b3b3b3b3b3b3b3b3b3b
       173  ????????????????  3f3f3f3f3f3f3f3f3f3f3f3f3f3f3f3f
       157  @@@@@@@@@@@@@@@@  40404040404040404040404040404040
       144  <<<<<<<<<<<<<<<<  3c3c3c3c3c3c3c3c3c3c3c3c3c3c3c3c
       118  yyyyyyyyyyyyyyyy  79797979797979797979797979797979
       115  ................  fefefefefefefefefefefefefefefefe
# epoch 2640  H=7.7191 C=7.2300 HO=0.4890  A(t)=528
       534  [[[[[[[[[[[[[[[[  5b5b5b5b5b5b5b5b5b5b5b5b5b5b5b5b
       236  ,,,,,,,,,,,,,,,,  2c2c2c2c2c2c2c2c2c2c2c2c2c2c2c2c
       210  ================  3d3d3d3d3d3d3d3d3d3d3d3d3d3d3d3d
       191  ????????????????  3f3f3f3f3f3f3f3f3f3f3f3f3f3f3f3f
       186  >>>>>>>>>>>>>>>>  3e3e3e3e3e3e3e3e3e3e3e3e3e3e3e3e
       173  ;;;;;;;;;;;;;;;;  3b3b3b3b3b3b3b3b3b3b3b3b3b3b3b3b
       149  <<<<<<<<<<<<<<<<  3c3c3c3c3c3c3c3c3c3c3c3c3c3c3c3c
       148  AAAAAAAAAAAAAAAA  41414141414141414141414141414141
       140  ................  01010101010101010101010101010101
       113  @@@@@@@@@@@@@@@@  40404040404040404040404040404040
# epoch 2660  H=7.7171 C=7.2318 HO=0.4853  A(t)=534
       516  [[[[[[[[[[[[[[[[  5b5b5b5b5b5b5b5b5b5b5b5b5b5b5b5b
       237  ================  3d3d3d3d3d3d3d3d3d3d3d3d3d3d3d3d
       225  <<<<<<<<<<<<<<<<  3c3c3c3c3c3c3c3c3c3c3c3c3c3c3c3c
       213  ,,,,,,,,,,,,,,,,  2c2c2c2c2c2c2c2c2c2c2c2c2c2c2c2c
       178  >>>>>>>>>>>>>>>>  3e3e3e3e3e3e3e3e3e3e3e3e3e3e3e3e
       166  ;;;;;;;;;;;;;;;;  3b3b3b3b3b3b3b3b3b3b3b3b3b3b3b3b
       158  ????????????????  3f3f3f3f3f3f3f3f3f3f3f3f3f3f3f3f
       127  ................  01010101010101010101010101010101
       122  AAAAAAAAAAAAAAAA  41414141414141414141414141414141
        93  ZZZZZZZZZZZZZZZZ  5a5a5a5a5a5a5a5a5a5a5a5a5a5a5a5a
# epoch 2680  H=7.7145 C=7.2351 HO=0.4794  A(t)=534
       461  [[[[[[[[[[[[[[[[  5b5b5b5b5b5b5b5b5b5b5b5b5b5b5b5b
       268  <<<<<<<<<<<<<<<<  3c3c3c3c3c3c3c3c3c3c3c3c3c3c3c3c
       251  ================  3d3d3d3d3d3d3d3d3d3d3d3d3d3d3d3d
       229  >>>>>>>>>>>>>>>>  3e3e3e3e3e3e3e3e3e3e3e3e3e3e3e3e
       198  ,,,,,,,,,,,,,,,,  2c2c2c2c2c2c2c2c2c2c2c2c2c2c2c2c
       184  ;;;;;;;;;;;;;;;;  3b3b3b3b3b3b3b3b3b3b3b3b3b3b3b3b
       153  ????????????????  3f3f3f3f3f3f3f3f3f3f3f3f3f3f3f3f
       121  ................  01010101010101010101010101010101
       114  ................  bdbdbdbdbdbdbdbdbdbdbdbdbdbdbdbd
        93  CCCCCCCCCCCCCCCC  43434343434343434343434343434343
# epoch 2700  H=7.7120 C=7.2351 HO=0.4769  A(t)=534
       413  [[[[[[[[[[[[[[[[  5b5b5b5b5b5b5b5b5b5b5b5b5b5b5b5b
       373  <<<<<<<<<<<<<<<<  3c3c3c3c3c3c3c3c3c3c3c3c3c3c3c3c
       286  >>>>>>>>>>>>>>>>  3e3e3e3e3e3e3e3e3e3e3e3e3e3e3e3e
       272  ================  3d3d3d3d3d3d3d3d3d3d3d3d3d3d3d3d
       263  ,,,,,,,,,,,,,,,,  2c2c2c2c2c2c2c2c2c2c2c2c2c2c2c2c
       151  ;;;;;;;;;;;;;;;;  3b3b3b3b3b3b3b3b3b3b3b3b3b3b3b3b
       128  """"""""""""""""  22222222222222222222222222222222
       112  ................  01010101010101010101010101010101
       103  ????????????????  3f3f3f3f3f3f3f3f3f3f3f3f3f3f3f3f
        91  CCCCCCCCCCCCCCCC  43434343434343434343434343434343
# epoch 2720  H=7.7117 C=7.2349 HO=0.4768  A(t)=536
       423  [[[[[[[[[[[[[[[[  5b5b5b5b5b5b5b5b5b5b5b5b5b5b5b5b
       382  <<<<<<<<<<<<<<<<  3c3c3c3c3c3c3c3c3c3c3c3c3c3c3c3c
       310  ================  3d3d3d3d3d3d3d3d3d3d3d3d3d3d3d3d
       222  ,,,,,,,,,,,,,,,,  2c2c2c2c2c2c2c2c2c2c2c2c2c2c2c2c
       219  >>>>>>>>>>>>>>>>  3e3e3e3e3e3e3e3e3e3e3e3e3e3e3e3e
       139  ................  bebebebebebebebebebebebebebebebe
       135  ;;;;;;;;;;;;;;;;  3b3b3b3b3b3b3b3b3b3b3b3b3b3b3b3b
        95  """"""""""""""""  22222222222222222222222222222222
        93  ????????????????  3f3f3f3f3f3f3f3f3f3f3f3f3f3f3f3f
        88  {{{{{{{{{{{{{{{{  7b7b7b7b7b7b7b7b7b7b7b7b7b7b7b7b
# epoch 2740  H=7.7115 C=7.2361 HO=0.4754  A(t)=536
       393  <<<<<<<<<<<<<<<<  3c3c3c3c3c3c3c3c3c3c3c3c3c3c3c3c
       390  [[[[[[[[[[[[[[[[  5b5b5b5b5b5b5b5b5b5b5b5b5b5b5b5b
       262  ================  3d3d3d3d3d3d3d3d3d3d3d3d3d3d3d3d
       184  ,,,,,,,,,,,,,,,,  2c2c2c2c2c2c2c2c2c2c2c2c2c2c2c2c
       157  >>>>>>>>>>>>>>>>  3e3e3e3e3e3e3e3e3e3e3e3e3e3e3e3e
       117  ;;;;;;;;;;;;;;;;  3b3b3b3b3b3b3b3b3b3b3b3b3b3b3b3b
       116  ................  bebebebebebebebebebebebebebebebe
        98  llllllllllllllll  6c6c6c6c6c6c6c6c6c6c6c6c6c6c6c6c
        96  ................  ffffffffffffffffffffffffffffffff
        96  ................  b4b4b4b4b4b4b4b4b4b4b4b4b4b4b4b4
# epoch 2760  H=7.7092 C=7.2371 HO=0.4721  A(t)=539
       387  <<<<<<<<<<<<<<<<  3c3c3c3c3c3c3c3c3c3c3c3c3c3c3c3c
       366  [[[[[[[[[[[[[[[[  5b5b5b5b5b5b5b5b5b5b5b5b5b5b5b5b
       321  ================  3d3d3d3d3d3d3d3d3d3d3d3d3d3d3d3d
       216  ,,,,,,,,,,,,,,,,  2c2c2c2c2c2c2c2c2c2c2c2c2c2c2c2c
       132  ................  c2c2c2c2c2c2c2c2c2c2c2c2c2c2c2c2
       130  >>>>>>>>>>>>>>>>  3e3e3e3e3e3e3e3e3e3e3e3e3e3e3e3e
       105  @@@@@@@@@@@@@@@@  40404040404040404040404040404040
       104  ;;;;;;;;;;;;;;;;  3b3b3b3b3b3b3b3b3b3b3b3b3b3b3b3b
        98  ................  bebebebebebebebebebebebebebebebe
        96  ................  ffffffffffffffffffffffffffffffff
# epoch 2780  H=7.7086 C=7.2374 HO=0.4712  A(t)=539
       363  [[[[[[[[[[[[[[[[  5b5b5b5b5b5b5b5b5b5b5b5b5b5b5b5b
       335  <<<<<<<<<<<<<<<<  3c3c3c3c3c3c3c3c3c3c3c3c3c3c3c3c
       266  ================  3d3d3d3d3d3d3d3d3d3d3d3d3d3d3d3d
       260  ,,,,,,,,,,,,,,,,  2c2c2c2c2c2c2c2c2c2c2c2c2c2c2c2c
       125  ................  f3f3f3f3f3f3f3f3f3f3f3f3f3f3f3f3
       125  ................  c2c2c2c2c2c2c2c2c2c2c2c2c2c2c2c2
       120  >>>>>>>>>>>>>>>>  3e3e3e3e3e3e3e3e3e3e3e3e3e3e3e3e
       114  %%%%%%%%%%%%%%%%  25252525252525252525252525252525
       112  ****************  2a2a2a2a2a2a2a2a2a2a2a2a2a2a2a2a
        97  ................  bebebebebebebebebebebebebebebebe
# epoch 2800  H=7.7107 C=7.2427 HO=0.4680  A(t)=539
       360  [[[[[[[[[[[[[[[[  5b5b5b5b5b5b5b5b5b5b5b5b5b5b5b5b
       249  ,,,,,,,,,,,,,,,,  2c2c2c2c2c2c2c2c2c2c2c2c2c2c2c2c
       227  ================  3d3d3d3d3d3d3d3d3d3d3d3d3d3d3d3d
       227  <<<<<<<<<<<<<<<<  3c3c3c3c3c3c3c3c3c3c3c3c3c3c3c3c
       127  >>>>>>>>>>>>>>>>  3e3e3e3e3e3e3e3e3e3e3e3e3e3e3e3e
       116  ^^^^^^^^^^^^^^^^  5e5e5e5e5e5e5e5e5e5e5e5e5e5e5e5e
       113  ................  f3f3f3f3f3f3f3f3f3f3f3f3f3f3f3f3
       105  %%%%%%%%%%%%%%%%  25252525252525252525252525252525
       100  ................  c2c2c2c2c2c2c2c2c2c2c2c2c2c2c2c2
       100  ****************  2a2a2a2a2a2a2a2a2a2a2a2a2a2a2a2a
# epoch 2820  H=7.7110 C=7.2459 HO=0.4651  A(t)=548
       355  [[[[[[[[[[[[[[[[  5b5b5b5b5b5b5b5b5b5b5b5b5b5b5b5b
       219  ,,,,,,,,,,,,,,,,  2c2c2c2c2c2c2c2c2c2c2c2c2c2c2c2c
       216  ================  3d3d3d3d3d3d3d3d3d3d3d3d3d3d3d3d
       198  <<<<<<<<<<<<<<<<  3c3c3c3c3c3c3c3c3c3c3c3c3c3c3c3c
       143  ^^^^^^^^^^^^^^^^  5e5e5e5e5e5e5e5e5e5e5e5e5e5e5e5e
       125  ................  04040404040404040404040404040404
       122  >>>>>>>>>>>>>>>>  3e3e3e3e3e3e3e3e3e3e3e3e3e3e3e3e
       109  @@@@@@@@@@@@@@@@  40404040404040404040404040404040
       108  ................  f3f3f3f3f3f3f3f3f3f3f3f3f3f3f3f3
       100  ................  f6f6f6f6f6f6f6f6f6f6f6f6f6f6f6f6
# epoch 2840  H=7.7096 C=7.2470 HO=0.4626  A(t)=550
       411  [[[[[[[[[[[[[[[[  5b5b5b5b5b5b5b5b5b5b5b5b5b5b5b5b
       264  <<<<<<<<<<<<<<<<  3c3c3c3c3c3c3c3c3c3c3c3c3c3c3c3c
       199  ,,,,,,,,,,,,,,,,  2c2c2c2c2c2c2c2c2c2c2c2c2c2c2c2c
       190  ================  3d3d3d3d3d3d3d3d3d3d3d3d3d3d3d3d
       179  nnnnnnnnnnnnnnnn  6e6e6e6e6e6e6e6e6e6e6e6e6e6e6e6e
       124  ................  04040404040404040404040404040404
       121  ;;;;;;;;;;;;;;;;  3b3b3b3b3b3b3b3b3b3b3b3b3b3b3b3b
       120  >>>>>>>>>>>>>>>>  3e3e3e3e3e3e3e3e3e3e3e3e3e3e3e3e
       103  ^^^^^^^^^^^^^^^^  5e5e5e5e5e5e5e5e5e5e5e5e5e5e5e5e
       102  @@@@@@@@@@@@@@@@  40404040404040404040404040404040
# epoch 2860  H=7.7092 C=7.2495 HO=0.4598  A(t)=550
       377  [[[[[[[[[[[[[[[[  5b5b5b5b5b5b5b5b5b5b5b5b5b5b5b5b
       275  <<<<<<<<<<<<<<<<  3c3c3c3c3c3c3c3c3c3c3c3c3c3c3c3c
       158  ================  3d3d3d3d3d3d3d3d3d3d3d3d3d3d3d3d
       128  ,,,,,,,,,,,,,,,,  2c2c2c2c2c2c2c2c2c2c2c2c2c2c2c2c
       117  nnnnnnnnnnnnnnnn  6e6e6e6e6e6e6e6e6e6e6e6e6e6e6e6e
       113  ????????????????  3f3f3f3f3f3f3f3f3f3f3f3f3f3f3f3f
       101  BBBBBBBBBBBBBBBB  42424242424242424242424242424242
       101  ................  04040404040404040404040404040404
        97  ;;;;;;;;;;;;;;;;  3b3b3b3b3b3b3b3b3b3b3b3b3b3b3b3b
        93  ................  f3f3f3f3f3f3f3f3f3f3f3f3f3f3f3f3
# epoch 2880  H=7.7094 C=7.2512 HO=0.4582  A(t)=553
       404  [[[[[[[[[[[[[[[[  5b5b5b5b5b5b5b5b5b5b5b5b5b5b5b5b
       271  <<<<<<<<<<<<<<<<  3c3c3c3c3c3c3c3c3c3c3c3c3c3c3c3c
       158  ================  3d3d3d3d3d3d3d3d3d3d3d3d3d3d3d3d
       117  ,,,,,,,,,,,,,,,,  2c2c2c2c2c2c2c2c2c2c2c2c2c2c2c2c
       109  nnnnnnnnnnnnnnnn  6e6e6e6e6e6e6e6e6e6e6e6e6e6e6e6e
       108  ????????????????  3f3f3f3f3f3f3f3f3f3f3f3f3f3f3f3f
       106  WWWWWWWWWWWWWWWW  57575757575757575757575757575757
        97  ~~~~~~~~~~~~~~~~  7e7e7e7e7e7e7e7e7e7e7e7e7e7e7e7e
        97  ;;;;;;;;;;;;;;;;  3b3b3b3b3b3b3b3b3b3b3b3b3b3b3b3b
        89  ................  c2c2c2c2c2c2c2c2c2c2c2c2c2c2c2c2
# epoch 2900  H=7.7092 C=7.2517 HO=0.4576  A(t)=553
       373  <<<<<<<<<<<<<<<<  3c3c3c3c3c3c3c3c3c3c3c3c3c3c3c3c
       364  [[[[[[[[[[[[[[[[  5b5b5b5b5b5b5b5b5b5b5b5b5b5b5b5b
       150  ????????????????  3f3f3f3f3f3f3f3f3f3f3f3f3f3f3f3f
       147  ,,,,,,,,,,,,,,,,  2c2c2c2c2c2c2c2c2c2c2c2c2c2c2c2c
       130  ................  2e2e2e2e2e2e2e2e2e2e2e2e2e2e2e2e
       109  5555555555555555  35353535353535353535353535353535
        98  ================  3d3d3d3d3d3d3d3d3d3d3d3d3d3d3d3d
        91  ;;;;;;;;;;;;;;;;  3b3b3b3b3b3b3b3b3b3b3b3b3b3b3b3b
        88  """"""""""""""""  22222222222222222222222222222222
        87  nnnnnnnnnnnnnnnn  6e6e6e6e6e6e6e6e6e6e6e6e6e6e6e6e
# epoch 2920  H=7.7079 C=7.2595 HO=0.4484  A(t)=553
       333  [[[[[[[[[[[[[[[[  5b5b5b5b5b5b5b5b5b5b5b5b5b5b5b5b
       302  <<<<<<<<<<<<<<<<  3c3c3c3c3c3c3c3c3c3c3c3c3c3c3c3c
       139  ,,,,,,,,,,,,,,,,  2c2c2c2c2c2c2c2c2c2c2c2c2c2c2c2c
       129  ================  3d3d3d3d3d3d3d3d3d3d3d3d3d3d3d3d
       124  ????????????????  3f3f3f3f3f3f3f3f3f3f3f3f3f3f3f3f
       124  ................  2e2e2e2e2e2e2e2e2e2e2e2e2e2e2e2e
       114  WWWWWWWWWWWWWWWW  57575757575757575757575757575757
        90  llllllllllllllll  6c6c6c6c6c6c6c6c6c6c6c6c6c6c6c6c
        85  nnnnnnnnnnnnnnnn  6e6e6e6e6e6e6e6e6e6e6e6e6e6e6e6e
        85  """"""""""""""""  22222222222222222222222222222222
# epoch 2940  H=7.7048 C=7.2622 HO=0.4426  A(t)=558
       288  <<<<<<<<<<<<<<<<  3c3c3c3c3c3c3c3c3c3c3c3c3c3c3c3c
       278  [[[[[[[[[[[[[[[[  5b5b5b5b5b5b5b5b5b5b5b5b5b5b5b5b
       187  ================  3d3d3d3d3d3d3d3d3d3d3d3d3d3d3d3d
       113  ????????????????  3f3f3f3f3f3f3f3f3f3f3f3f3f3f3f3f
       111  ,,,,,,,,,,,,,,,,  2c2c2c2c2c2c2c2c2c2c2c2c2c2c2c2c
       100  ................  2e2e2e2e2e2e2e2e2e2e2e2e2e2e2e2e
        99  WWWWWWWWWWWWWWWW  57575757575757575757575757575757
        86  ;;;;;;;;;;;;;;;;  3b3b3b3b3b3b3b3b3b3b3b3b3b3b3b3b
        83  llllllllllllllll  6c6c6c6c6c6c6c6c6c6c6c6c6c6c6c6c
        81  9999999999999999  39393939393939393939393939393939
# epoch 2960  H=7.7073 C=7.2687 HO=0.4387  A(t)=558
       362  <<<<<<<<<<<<<<<<  3c3c3c3c3c3c3c3c3c3c3c3c3c3c3c3c
       244  [[[[[[[[[[[[[[[[  5b5b5b5b5b5b5b5b5b5b5b5b5b5b5b5b
       163  ================  3d3d3d3d3d3d3d3d3d3d3d3d3d3d3d3d
       114  CCCCCCCCCCCCCCCC  43434343434343434343434343434343
       101  ................  07070707070707070707070707070707
        86  WWWWWWWWWWWWWWWW  57575757575757575757575757575757
        86  ????????????????  3f3f3f3f3f3f3f3f3f3f3f3f3f3f3f3f
        86  ................  2e2e2e2e2e2e2e2e2e2e2e2e2e2e2e2e
        85  ;;;;;;;;;;;;;;;;  3b3b3b3b3b3b3b3b3b3b3b3b3b3b3b3b
        84  ,,,,,,,,,,,,,,,,  2c2c2c2c2c2c2c2c2c2c2c2c2c2c2c2c
# epoch 2980  H=7.7047 C=7.2674 HO=0.4373  A(t)=563
       463  <<<<<<<<<<<<<<<<  3c3c3c3c3c3c3c3c3c3c3c3c3c3c3c3c
       238  [[[[[[[[[[[[[[[[  5b5b5b5b5b5b5b5b5b5b5b5b5b5b5b5b
       149  ================  3d3d3d3d3d3d3d3d3d3d3d3d3d3d3d3d
       141  3333333333333333  33333333333333333333333333333333
       136  @@@@@@@@@@@@@@@@  40404040404040404040404040404040
       102  CCCCCCCCCCCCCCCC  43434343434343434343434343434343
        92  ................  07070707070707070707070707070707
        86  WWWWWWWWWWWWWWWW  57575757575757575757575757575757
        84  ,,,,,,,,,,,,,,,,  2c2c2c2c2c2c2c2c2c2c2c2c2c2c2c2c
        82  ;;;;;;;;;;;;;;;;  3b3b3b3b3b3b3b3b3b3b3b3b3b3b3b3b
# epoch 3000  H=7.7026 C=7.2718 HO=0.4309  A(t)=565
       429  <<<<<<<<<<<<<<<<  3c3c3c3c3c3c3c3c3c3c3c3c3c3c3c3c
       208  [[[[[[[[[[[[[[[[  5b5b5b5b5b5b5b5b5b5b5b5b5b5b5b5b
       143  ================  3d3d3d3d3d3d3d3d3d3d3d3d3d3d3d3d
       119  @@@@@@@@@@@@@@@@  40404040404040404040404040404040
       111  9999999999999999  39393939393939393939393939393939
       106  ,,,,,,,,,,,,,,,,  2c2c2c2c2c2c2c2c2c2c2c2c2c2c2c2c
       105  3333333333333333  33333333333333333333333333333333
       102  CCCCCCCCCCCCCCCC  43434343434343434343434343434343
        84  ................  07070707070707070707070707070707
        82  ;;;;;;;;;;;;;;;;  3b3b3b3b3b3b3b3b3b3b3b3b3b3b3b3b
# epoch 3020  H=7.6993 C=7.2762 HO=0.4231  A(t)=572
       308  <<<<<<<<<<<<<<<<  3c3c3c3c3c3c3c3c3c3c3c3c3c3c3c3c
       200  [[[[[[[[[[[[[[[[  5b5b5b5b5b5b5b5b5b5b5b5b5b5b5b5b
       159  ,,,,,,,,,,,,,,,,  2c2c2c2c2c2c2c2c2c2c2c2c2c2c2c2c
       135  3333333333333333  33333333333333333333333333333333
       128  ================  3d3d3d3d3d3d3d3d3d3d3d3d3d3d3d3d
       116  @@@@@@@@@@@@@@@@  40404040404040404040404040404040
        96  ;;;;;;;;;;;;;;;;  3b3b3b3b3b3b3b3b3b3b3b3b3b3b3b3b
        95  AAAAAAAAAAAAAAAA  41414141414141414141414141414141
        86  CCCCCCCCCCCCCCCC  43434343434343434343434343434343
        80  WWWWWWWWWWWWWWWW  57575757575757575757575757575757
# epoch 3040  H=7.7001 C=7.2831 HO=0.4169  A(t)=578
       255  <<<<<<<<<<<<<<<<  3c3c3c3c3c3c3c3c3c3c3c3c3c3c3c3c
       188  ================  3d3d3d3d3d3d3d3d3d3d3d3d3d3d3d3d
       157  [[[[[[[[[[[[[[[[  5b5b5b5b5b5b5b5b5b5b5b5b5b5b5b5b
       137  ,,,,,,,,,,,,,,,,  2c2c2c2c2c2c2c2c2c2c2c2c2c2c2c2c
       127  3333333333333333  33333333333333333333333333333333
       106  @@@@@@@@@@@@@@@@  40404040404040404040404040404040
        95  ________________  5f5f5f5f5f5f5f5f5f5f5f5f5f5f5f5f
        84  ................  04040404040404040404040404040404
        82  AAAAAAAAAAAAAAAA  41414141414141414141414141414141
        71  CCCCCCCCCCCCCCCC  43434343434343434343434343434343
# epoch 3060  H=7.7010 C=7.2838 HO=0.4171  A(t)=580
       276  <<<<<<<<<<<<<<<<  3c3c3c3c3c3c3c3c3c3c3c3c3c3c3c3c
       207  ================  3d3d3d3d3d3d3d3d3d3d3d3d3d3d3d3d
       185  [[[[[[[[[[[[[[[[  5b5b5b5b5b5b5b5b5b5b5b5b5b5b5b5b
       150  3333333333333333  33333333333333333333333333333333
       119  ,,,,,,,,,,,,,,,,  2c2c2c2c2c2c2c2c2c2c2c2c2c2c2c2c
       109  ;;;;;;;;;;;;;;;;  3b3b3b3b3b3b3b3b3b3b3b3b3b3b3b3b
        93  9999999999999999  39393939393939393939393939393939
        92  @@@@@@@@@@@@@@@@  40404040404040404040404040404040
        90  ................  afafafafafafafafafafafafafafafaf
        89  ________________  5f5f5f5f5f5f5f5f5f5f5f5f5f5f5f5f
# epoch 3080  H=7.7013 C=7.2799 HO=0.4214  A(t)=582
       297  <<<<<<<<<<<<<<<<  3c3c3c3c3c3c3c3c3c3c3c3c3c3c3c3c
       201  [[[[[[[[[[[[[[[[  5b5b5b5b5b5b5b5b5b5b5b5b5b5b5b5b
       191  ================  3d3d3d3d3d3d3d3d3d3d3d3d3d3d3d3d
       120  ................  f4f4f4f4f4f4f4f4f4f4f4f4f4f4f4f4
       102  3333333333333333  33333333333333333333333333333333
       101  ,,,,,,,,,,,,,,,,  2c2c2c2c2c2c2c2c2c2c2c2c2c2c2c2c
        99  xxxxxxxxxxxxxxxx  78787878787878787878787878787878
        95  ;;;;;;;;;;;;;;;;  3b3b3b3b3b3b3b3b3b3b3b3b3b3b3b3b
        92  @@@@@@@@@@@@@@@@  40404040404040404040404040404040
        81  9999999999999999  39393939393939393939393939393939
# epoch 3100  H=7.7013 C=7.2789 HO=0.4223  A(t)=587
       335  <<<<<<<<<<<<<<<<  3c3c3c3c3c3c3c3c3c3c3c3c3c3c3c3c
       246  ================  3d3d3d3d3d3d3d3d3d3d3d3d3d3d3d3d
       238  [[[[[[[[[[[[[[[[  5b5b5b5b5b5b5b5b5b5b5b5b5b5b5b5b
       133  ,,,,,,,,,,,,,,,,  2c2c2c2c2c2c2c2c2c2c2c2c2c2c2c2c
       102  3333333333333333  33333333333333333333333333333333
        95  ;;;;;;;;;;;;;;;;  3b3b3b3b3b3b3b3b3b3b3b3b3b3b3b3b
        94  ................  f4f4f4f4f4f4f4f4f4f4f4f4f4f4f4f4
        87  ................  2e2e2e2e2e2e2e2e2e2e2e2e2e2e2e2e
        86  @@@@@@@@@@@@@@@@  40404040404040404040404040404040
        80  ________________  5f5f5f5f5f5f5f5f5f5f5f5f5f5f5f5f
# epoch 3120  H=7.6989 C=7.2740 HO=0.4249  A(t)=591
       347  [[[[[[[[[[[[[[[[  5b5b5b5b5b5b5b5b5b5b5b5b5b5b5b5b
       270  <<<<<<<<<<<<<<<<  3c3c3c3c3c3c3c3c3c3c3c3c3c3c3c3c
       242  ================  3d3d3d3d3d3d3d3d3d3d3d3d3d3d3d3d
       141  ,,,,,,,,,,,,,,,,  2c2c2c2c2c2c2c2c2c2c2c2c2c2c2c2c
       136  LLLLLLLLLLLLLLLL  4c4c4c4c4c4c4c4c4c4c4c4c4c4c4c4c
       120  ................  2e2e2e2e2e2e2e2e2e2e2e2e2e2e2e2e
       106  ????????????????  3f3f3f3f3f3f3f3f3f3f3f3f3f3f3f3f
        98  3333333333333333  33333333333333333333333333333333
        82  EEEEEEEEEEEEEEEE  45454545454545454545454545454545
        81  kkkkkkkkkkkkkkkk  6b6b6b6b6b6b6b6b6b6b6b6b6b6b6b6b
# epoch 3140  H=7.6962 C=7.2752 HO=0.4211  A(t)=599
       343  [[[[[[[[[[[[[[[[  5b5b5b5b5b5b5b5b5b5b5b5b5b5b5b5b
       315  <<<<<<<<<<<<<<<<  3c3c3c3c3c3c3c3c3c3c3c3c3c3c3c3c
       253  ================  3d3d3d3d3d3d3d3d3d3d3d3d3d3d3d3d
       145  ,,,,,,,,,,,,,,,,  2c2c2c2c2c2c2c2c2c2c2c2c2c2c2c2c
       130  LLLLLLLLLLLLLLLL  4c4c4c4c4c4c4c4c4c4c4c4c4c4c4c4c
        96  3333333333333333  33333333333333333333333333333333
        95  >>>>>>>>>>>>>>>>  3e3e3e3e3e3e3e3e3e3e3e3e3e3e3e3e
        84  ????????????????  3f3f3f3f3f3f3f3f3f3f3f3f3f3f3f3f
        84  ................  2e2e2e2e2e2e2e2e2e2e2e2e2e2e2e2e
        80  ________________  5f5f5f5f5f5f5f5f5f5f5f5f5f5f5f5f
# epoch 3160  H=7.6941 C=7.2778 HO=0.4163  A(t)=599
       425  <<<<<<<<<<<<<<<<  3c3c3c3c3c3c3c3c3c3c3c3c3c3c3c3c
       377  [[[[[[[[[[[[[[[[  5b5b5b5b5b5b5b5b5b5b5b5b5b5b5b5b
       197  ================  3d3d3d3d3d3d3d3d3d3d3d3d3d3d3d3d
       135  ,,,,,,,,,,,,,,,,  2c2c2c2c2c2c2c2c2c2c2c2c2c2c2c2c
       110  >>>>>>>>>>>>>>>>  3e3e3e3e3e3e3e3e3e3e3e3e3e3e3e3e
       105  LLLLLLLLLLLLLLLL  4c4c4c4c4c4c4c4c4c4c4c4c4c4c4c4c
        80  ................  fefefefefefefefefefefefefefefefe
        80  EEEEEEEEEEEEEEEE  45454545454545454545454545454545
        77  ................  c2c2c2c2c2c2c2c2c2c2c2c2c2c2c2c2
        74  ????????????????  3f3f3f3f3f3f3f3f3f3f3f3f3f3f3f3f
# epoch 3180  H=7.6908 C=7.2712 HO=0.4196  A(t)=599
       454  <<<<<<<<<<<<<<<<  3c3c3c3c3c3c3c3c3c3c3c3c3c3c3c3c
       272  [[[[[[[[[[[[[[[[  5b5b5b5b5b5b5b5b5b5b5b5b5b5b5b5b
       221  ,,,,,,,,,,,,,,,,  2c2c2c2c2c2c2c2c2c2c2c2c2c2c2c2c
       168  ================  3d3d3d3d3d3d3d3d3d3d3d3d3d3d3d3d
       152  ????????????????  3f3f3f3f3f3f3f3f3f3f3f3f3f3f3f3f
       113  CCCCCCCCCCCCCCCC  43434343434343434343434343434343
       107  >>>>>>>>>>>>>>>>  3e3e3e3e3e3e3e3e3e3e3e3e3e3e3e3e
        86  ................  82828282828282828282828282828282
        85  LLLLLLLLLLLLLLLL  4c4c4c4c4c4c4c4c4c4c4c4c4c4c4c4c
        80  ::::::::::::::::  3a3a3a3a3a3a3a3a3a3a3a3a3a3a3a3a
# epoch 3200  H=7.6869 C=7.2712 HO=0.4157  A(t)=602
       462  <<<<<<<<<<<<<<<<  3c3c3c3c3c3c3c3c3c3c3c3c3c3c3c3c
       270  ,,,,,,,,,,,,,,,,  2c2c2c2c2c2c2c2c2c2c2c2c2c2c2c2c
       232  [[[[[[[[[[[[[[[[  5b5b5b5b5b5b5b5b5b5b5b5b5b5b5b5b
       225  ================  3d3d3d3d3d3d3d3d3d3d3d3d3d3d3d3d
       125  ????????????????  3f3f3f3f3f3f3f3f3f3f3f3f3f3f3f3f
       117  ................  82828282828282828282828282828282
       112  CCCCCCCCCCCCCCCC  43434343434343434343434343434343
        86  >>>>>>>>>>>>>>>>  3e3e3e3e3e3e3e3e3e3e3e3e3e3e3e3e
        82  xxxxxxxxxxxxxxxx  78787878787878787878787878787878
        79  EEEEEEEEEEEEEEEE  45454545454545454545454545454545
# epoch 3220  H=7.6861 C=7.2741 HO=0.4120  A(t)=604
       492  <<<<<<<<<<<<<<<<  3c3c3c3c3c3c3c3c3c3c3c3c3c3c3c3c
       214  ,,,,,,,,,,,,,,,,  2c2c2c2c2c2c2c2c2c2c2c2c2c2c2c2c
       201  [[[[[[[[[[[[[[[[  5b5b5b5b5b5b5b5b5b5b5b5b5b5b5b5b
       179  ================  3d3d3d3d3d3d3d3d3d3d3d3d3d3d3d3d
       117  ................  fefefefefefefefefefefefefefefefe
       115  ????????????????  3f3f3f3f3f3f3f3f3f3f3f3f3f3f3f3f
       101  ................  c2c2c2c2c2c2c2c2c2c2c2c2c2c2c2c2
        90  CCCCCCCCCCCCCCCC  43434343434343434343434343434343
        78  EEEEEEEEEEEEEEEE  45454545454545454545454545454545
        77  xxxxxxxxxxxxxxxx  78787878787878787878787878787878
# epoch 3240  H=7.6852 C=7.2699 HO=0.4152  A(t)=605
       424  <<<<<<<<<<<<<<<<  3c3c3c3c3c3c3c3c3c3c3c3c3c3c3c3c
       247  ,,,,,,,,,,,,,,,,  2c2c2c2c2c2c2c2c2c2c2c2c2c2c2c2c
       166  ================  3d3d3d3d3d3d3d3d3d3d3d3d3d3d3d3d
       158  [[[[[[[[[[[[[[[[  5b5b5b5b5b5b5b5b5b5b5b5b5b5b5b5b
       137  ????????????????  3f3f3f3f3f3f3f3f3f3f3f3f3f3f3f3f
       115  xxxxxxxxxxxxxxxx  78787878787878787878787878787878
       113  ................  82828282828282828282828282828282
       102  zzzzzzzzzzzzzzzz  7a7a7a7a7a7a7a7a7a7a7a7a7a7a7a7a
        94  ................  cbcbcbcbcbcbcbcbcbcbcbcbcbcbcbcb
        87  CCCCCCCCCCCCCCCC  43434343434343434343434343434343
# epoch 3260  H=7.6872 C=7.2736 HO=0.4136  A(t)=613
       349  <<<<<<<<<<<<<<<<  3c3c3c3c3c3c3c3c3c3c3c3c3c3c3c3c
       220  [[[[[[[[[[[[[[[[  5b5b5b5b5b5b5b5b5b5b5b5b5b5b5b5b
       203  ,,,,,,,,,,,,,,,,  2c2c2c2c2c2c2c2c2c2c2c2c2c2c2c2c
       147  ================  3d3d3d3d3d3d3d3d3d3d3d3d3d3d3d3d
       114  ????????????????  3f3f3f3f3f3f3f3f3f3f3f3f3f3f3f3f
       111  xxxxxxxxxxxxxxxx  78787878787878787878787878787878
        97  ................  82828282828282828282828282828282
        97  ::::::::::::::::  3a3a3a3a3a3a3a3a3a3a3a3a3a3a3a3a
        94  ................  cbcbcbcbcbcbcbcbcbcbcbcbcbcbcbcb
        90  zzzzzzzzzzzzzzzz  7a7a7a7a7a7a7a7a7a7a7a7a7a7a7a7a
# epoch 3280  H=7.6843 C=7.2735 HO=0.4108  A(t)=613
       413  <<<<<<<<<<<<<<<<  3c3c3c3c3c3c3c3c3c3c3c3c3c3c3c3c
       207  [[[[[[[[[[[[[[[[  5b5b5b5b5b5b5b5b5b5b5b5b5b5b5b5b
       189  ,,,,,,,,,,,,,,,,  2c2c2c2c2c2c2c2c2c2c2c2c2c2c2c2c
       131  ================  3d3d3d3d3d3d3d3d3d3d3d3d3d3d3d3d
       125  ;;;;;;;;;;;;;;;;  3b3b3b3b3b3b3b3b3b3b3b3b3b3b3b3b
       122  ................  82828282828282828282828282828282
       110  ????????????????  3f3f3f3f3f3f3f3f3f3f3f3f3f3f3f3f
       108  xxxxxxxxxxxxxxxx  78787878787878787878787878787878
       107  ................  e6e6e6e6e6e6e6e6e6e6e6e6e6e6e6e6
       101  ::::::::::::::::  3a3a3a3a3a3a3a3a3a3a3a3a3a3a3a3a
# epoch 3300  H=7.6817 C=7.2727 HO=0.4090  A(t)=618
       392  <<<<<<<<<<<<<<<<  3c3c3c3c3c3c3c3c3c3c3c3c3c3c3c3c
       202  [[[[[[[[[[[[[[[[  5b5b5b5b5b5b5b5b5b5b5b5b5b5b5b5b
       202  ,,,,,,,,,,,,,,,,  2c2c2c2c2c2c2c2c2c2c2c2c2c2c2c2c
       155  ;;;;;;;;;;;;;;;;  3b3b3b3b3b3b3b3b3b3b3b3b3b3b3b3b
       132  6666666666666666  36363636363636363636363636363636
       117  ................  82828282828282828282828282828282
       115  ================  3d3d3d3d3d3d3d3d3d3d3d3d3d3d3d3d
        90  ````````````````  60606060606060606060606060606060
        90  ????????????????  3f3f3f3f3f3f3f3f3f3f3f3f3f3f3f3f
        83  ::::::::::::::::  3a3a3a3a3a3a3a3a3a3a3a3a3a3a3a3a
# epoch 3320  H=7.6811 C=7.2678 HO=0.4133  A(t)=622
       413  <<<<<<<<<<<<<<<<  3c3c3c3c3c3c3c3c3c3c3c3c3c3c3c3c
       212  6666666666666666  36363636363636363636363636363636
       210  [[[[[[[[[[[[[[[[  5b5b5b5b5b5b5b5b5b5b5b5b5b5b5b5b
       136  ????????????????  3f3f3f3f3f3f3f3f3f3f3f3f3f3f3f3f
       132  ,,,,,,,,,,,,,,,,  2c2c2c2c2c2c2c2c2c2c2c2c2c2c2c2c
       114  ;;;;;;;;;;;;;;;;  3b3b3b3b3b3b3b3b3b3b3b3b3b3b3b3b
       113  ================  3d3d3d3d3d3d3d3d3d3d3d3d3d3d3d3d
       111  ................  82828282828282828282828282828282
       108  ::::::::::::::::  3a3a3a3a3a3a3a3a3a3a3a3a3a3a3a3a
       104  FFFFFFFFFFFFFFFF  46464646464646464646464646464646
# epoch 3340  H=7.6791 C=7.2644 HO=0.4148  A(t)=624
       457  <<<<<<<<<<<<<<<<  3c3c3c3c3c3c3c3c3c3c3c3c3c3c3c3c
       205  ;;;;;;;;;;;;;;;;  3b3b3b3b3b3b3b3b3b3b3b3b3b3b3b3b
       184  [[[[[[[[[[[[[[[[  5b5b5b5b5b5b5b5b5b5b5b5b5b5b5b5b
       153  6666666666666666  36363636363636363636363636363636
       127  ================  3d3d3d3d3d3d3d3d3d3d3d3d3d3d3d3d
       122  ????????????????  3f3f3f3f3f3f3f3f3f3f3f3f3f3f3f3f
       116  ````````````````  60606060606060606060606060606060
       116  ................  1c1c1c1c1c1c1c1c1c1c1c1c1c1c1c1c
       116  ................  0f0f0f0f0f0f0f0f0f0f0f0f0f0f0f0f
       111  ,,,,,,,,,,,,,,,,  2c2c2c2c2c2c2c2c2c2c2c2c2c2c2c2c
# epoch 3360  H=7.6776 C=7.2620 HO=0.4156  A(t)=625
       485  <<<<<<<<<<<<<<<<  3c3c3c3c3c3c3c3c3c3c3c3c3c3c3c3c
       248  [[[[[[[[[[[[[[[[  5b5b5b5b5b5b5b5b5b5b5b5b5b5b5b5b
       173  ;;;;;;;;;;;;;;;;  3b3b3b3b3b3b3b3b3b3b3b3b3b3b3b3b
       159  ================  3d3d3d3d3d3d3d3d3d3d3d3d3d3d3d3d
       151  6666666666666666  36363636363636363636363636363636
       123  ,,,,,,,,,,,,,,,,  2c2c2c2c2c2c2c2c2c2c2c2c2c2c2c2c
       119  ????????????????  3f3f3f3f3f3f3f3f3f3f3f3f3f3f3f3f
       112  ................  1c1c1c1c1c1c1c1c1c1c1c1c1c1c1c1c
       108  ................  0f0f0f0f0f0f0f0f0f0f0f0f0f0f0f0f
        98  ::::::::::::::::  3a3a3a3a3a3a3a3a3a3a3a3a3a3a3a3a
# epoch 3380  H=7.6726 C=7.2614 HO=0.4113  A(t)=625
       509  <<<<<<<<<<<<<<<<  3c3c3c3c3c3c3c3c3c3c3c3c3c3c3c3c
       331  [[[[[[[[[[[[[[[[  5b5b5b5b5b5b5b5b5b5b5b5b5b5b5b5b
       162  ;;;;;;;;;;;;;;;;  3b3b3b3b3b3b3b3b3b3b3b3b3b3b3b3b
       153  >>>>>>>>>>>>>>>>  3e3e3e3e3e3e3e3e3e3e3e3e3e3e3e3e
       141  ================  3d3d3d3d3d3d3d3d3d3d3d3d3d3d3d3d
       123  ________________  5f5f5f5f5f5f5f5f5f5f5f5f5f5f5f5f
       122  6666666666666666  36363636363636363636363636363636
       103  ................  c2c2c2c2c2c2c2c2c2c2c2c2c2c2c2c2
       100  ,,,,,,,,,,,,,,,,  2c2c2c2c2c2c2c2c2c2c2c2c2c2c2c2c
        98  ????????????????  3f3f3f3f3f3f3f3f3f3f3f3f3f3f3f3f
# epoch 3400  H=7.6708 C=7.2621 HO=0.4087  A(t)=633
       453  <<<<<<<<<<<<<<<<  3c3c3c3c3c3c3c3c3c3c3c3c3c3c3c3c
       309  [[[[[[[[[[[[[[[[  5b5b5b5b5b5b5b5b5b5b5b5b5b5b5b5b
       182  >>>>>>>>>>>>>>>>  3e3e3e3e3e3e3e3e3e3e3e3e3e3e3e3e
       153  ;;;;;;;;;;;;;;;;  3b3b3b3b3b3b3b3b3b3b3b3b3b3b3b3b
       142  uuuuuuuuuuuuuuuu  75757575757575757575757575757575
       135  ,,,,,,,,,,,,,,,,  2c2c2c2c2c2c2c2c2c2c2c2c2c2c2c2c
       124  ????????????????  3f3f3f3f3f3f3f3f3f3f3f3f3f3f3f3f
       108  ________________  5f5f5f5f5f5f5f5f5f5f5f5f5f5f5f5f
       106  ||||||||||||||||  7c7c7c7c7c7c7c7c7c7c7c7c7c7c7c7c
        97  4444444444444444  34343434343434343434343434343434
# epoch 3420  H=7.6717 C=7.2615 HO=0.4103  A(t)=642
       703  [[[[[[[[[[[[[[[[  5b5b5b5b5b5b5b5b5b5b5b5b5b5b5b5b
       363  <<<<<<<<<<<<<<<<  3c3c3c3c3c3c3c3c3c3c3c3c3c3c3c3c
       167  >>>>>>>>>>>>>>>>  3e3e3e3e3e3e3e3e3e3e3e3e3e3e3e3e
       141  ,,,,,,,,,,,,,,,,  2c2c2c2c2c2c2c2c2c2c2c2c2c2c2c2c
       134  ;;;;;;;;;;;;;;;;  3b3b3b3b3b3b3b3b3b3b3b3b3b3b3b3b
       129  uuuuuuuuuuuuuuuu  75757575757575757575757575757575
       104  ________________  5f5f5f5f5f5f5f5f5f5f5f5f5f5f5f5f
       103  ????????????????  3f3f3f3f3f3f3f3f3f3f3f3f3f3f3f3f
        94  4444444444444444  34343434343434343434343434343434
        86  ................  e6e6e6e6e6e6e6e6e6e6e6e6e6e6e6e6
# epoch 3440  H=7.6668 C=7.2636 HO=0.4033  A(t)=648
       872  [[[[[[[[[[[[[[[[  5b5b5b5b5b5b5b5b5b5b5b5b5b5b5b5b
       442  <<<<<<<<<<<<<<<<  3c3c3c3c3c3c3c3c3c3c3c3c3c3c3c3c
       185  >>>>>>>>>>>>>>>>  3e3e3e3e3e3e3e3e3e3e3e3e3e3e3e3e
       177  ;;;;;;;;;;;;;;;;  3b3b3b3b3b3b3b3b3b3b3b3b3b3b3b3b
       141  ,,,,,,,,,,,,,,,,  2c2c2c2c2c2c2c2c2c2c2c2c2c2c2c2c
       104  ????????????????  3f3f3f3f3f3f3f3f3f3f3f3f3f3f3f3f
       100  uuuuuuuuuuuuuuuu  75757575757575757575757575757575
        95  ________________  5f5f5f5f5f5f5f5f5f5f5f5f5f5f5f5f
        90  ................  2e2e2e2e2e2e2e2e2e2e2e2e2e2e2e2e
        86  ................  e6e6e6e6e6e6e6e6e6e6e6e6e6e6e6e6
# epoch 3460  H=7.6670 C=7.2649 HO=0.4021  A(t)=650
       843  [[[[[[[[[[[[[[[[  5b5b5b5b5b5b5b5b5b5b5b5b5b5b5b5b
       400  <<<<<<<<<<<<<<<<  3c3c3c3c3c3c3c3c3c3c3c3c3c3c3c3c
       208  ;;;;;;;;;;;;;;;;  3b3b3b3b3b3b3b3b3b3b3b3b3b3b3b3b
       167  >>>>>>>>>>>>>>>>  3e3e3e3e3e3e3e3e3e3e3e3e3e3e3e3e
       119  ,,,,,,,,,,,,,,,,  2c2c2c2c2c2c2c2c2c2c2c2c2c2c2c2c
        96  ................  1c1c1c1c1c1c1c1c1c1c1c1c1c1c1c1c
        93  ::::::::::::::::  3a3a3a3a3a3a3a3a3a3a3a3a3a3a3a3a
        91  uuuuuuuuuuuuuuuu  75757575757575757575757575757575
        90  dddddddddddddddd  64646464646464646464646464646464
        89  7777777777777777  37373737373737373737373737373737
# epoch 3480  H=7.6637 C=7.2657 HO=0.3980  A(t)=650
       753  [[[[[[[[[[[[[[[[  5b5b5b5b5b5b5b5b5b5b5b5b5b5b5b5b
       429  <<<<<<<<<<<<<<<<  3c3c3c3c3c3c3c3c3c3c3c3c3c3c3c3c
       196  ;;;;;;;;;;;;;;;;  3b3b3b3b3b3b3b3b3b3b3b3b3b3b3b3b
       175  >>>>>>>>>>>>>>>>  3e3e3e3e3e3e3e3e3e3e3e3e3e3e3e3e
       159  ,,,,,,,,,,,,,,,,  2c2c2c2c2c2c2c2c2c2c2c2c2c2c2c2c
       122  ::::::::::::::::  3a3a3a3a3a3a3a3a3a3a3a3a3a3a3a3a
        90  ................  1c1c1c1c1c1c1c1c1c1c1c1c1c1c1c1c
        89  uuuuuuuuuuuuuuuu  75757575757575757575757575757575
        86  ................  e6e6e6e6e6e6e6e6e6e6e6e6e6e6e6e6
        85  ................  02020202020202020202020202020202
# epoch 3500  H=7.6632 C=7.2663 HO=0.3969  A(t)=653
       730  [[[[[[[[[[[[[[[[  5b5b5b5b5b5b5b5b5b5b5b5b5b5b5b5b
       407  <<<<<<<<<<<<<<<<  3c3c3c3c3c3c3c3c3c3c3c3c3c3c3c3c
       256  ;;;;;;;;;;;;;;;;  3b3b3b3b3b3b3b3b3b3b3b3b3b3b3b3b
       165  >>>>>>>>>>>>>>>>  3e3e3e3e3e3e3e3e3e3e3e3e3e3e3e3e
       145  ::::::::::::::::  3a3a3a3a3a3a3a3a3a3a3a3a3a3a3a3a
       143  ,,,,,,,,,,,,,,,,  2c2c2c2c2c2c2c2c2c2c2c2c2c2c2c2c
       117  ................  1f1f1f1f1f1f1f1f1f1f1f1f1f1f1f1f
        95  7777777777777777  37373737373737373737373737373737
        94  JJJJJJJJJJJJJJJJ  4a4a4a4a4a4a4a4a4a4a4a4a4a4a4a4a
        91  ================  3d3d3d3d3d3d3d3d3d3d3d3d3d3d3d3d
# epoch 3520  H=7.6658 C=7.2671 HO=0.3987  A(t)=653
       614  [[[[[[[[[[[[[[[[  5b5b5b5b5b5b5b5b5b5b5b5b5b5b5b5b
       412  <<<<<<<<<<<<<<<<  3c3c3c3c3c3c3c3c3c3c3c3c3c3c3c3c
       237  ;;;;;;;;;;;;;;;;  3b3b3b3b3b3b3b3b3b3b3b3b3b3b3b3b
       177  ,,,,,,,,,,,,,,,,  2c2c2c2c2c2c2c2c2c2c2c2c2c2c2c2c
       148  >>>>>>>>>>>>>>>>  3e3e3e3e3e3e3e3e3e3e3e3e3e3e3e3e
       122  ::::::::::::::::  3a3a3a3a3a3a3a3a3a3a3a3a3a3a3a3a
       111  ................  1f1f1f1f1f1f1f1f1f1f1f1f1f1f1f1f
       105  ================  3d3d3d3d3d3d3d3d3d3d3d3d3d3d3d3d
        99  ZZZZZZZZZZZZZZZZ  5a5a5a5a5a5a5a5a5a5a5a5a5a5a5a5a
        92  7777777777777777  37373737373737373737373737373737
# epoch 3540  H=7.6642 C=7.2641 HO=0.4001  A(t)=660
       588  [[[[[[[[[[[[[[[[  5b5b5b5b5b5b5b5b5b5b5b5b5b5b5b5b
       399  <<<<<<<<<<<<<<<<  3c3c3c3c3c3c3c3c3c3c3c3c3c3c3c3c
       308  ;;;;;;;;;;;;;;;;  3b3b3b3b3b3b3b3b3b3b3b3b3b3b3b3b
       217  ,,,,,,,,,,,,,,,,  2c2c2c2c2c2c2c2c2c2c2c2c2c2c2c2c
       146  ................  93939393939393939393939393939393
       140  ZZZZZZZZZZZZZZZZ  5a5a5a5a5a5a5a5a5a5a5a5a5a5a5a5a
       130  JJJJJJJJJJJJJJJJ  4a4a4a4a4a4a4a4a4a4a4a4a4a4a4a4a
       126  >>>>>>>>>>>>>>>>  3e3e3e3e3e3e3e3e3e3e3e3e3e3e3e3e
       122  9999999999999999  39393939393939393939393939393939
       119  ::::::::::::::::  3a3a3a3a3a3a3a3a3a3a3a3a3a3a3a3a
# epoch 3560  H=7.6620 C=7.2657 HO=0.3963  A(t)=662
       504  [[[[[[[[[[[[[[[[  5b5b5b5b5b5b5b5b5b5b5b5b5b5b5b5b
       440  <<<<<<<<<<<<<<<<  3c3c3c3c3c3c3c3c3c3c3c3c3c3c3c3c
       300  ;;;;;;;;;;;;;;;;  3b3b3b3b3b3b3b3b3b3b3b3b3b3b3b3b
       220  ,,,,,,,,,,,,,,,,  2c2c2c2c2c2c2c2c2c2c2c2c2c2c2c2c
       157  JJJJJJJJJJJJJJJJ  4a4a4a4a4a4a4a4a4a4a4a4a4a4a4a4a
       144  9999999999999999  39393939393939393939393939393939
       143  >>>>>>>>>>>>>>>>  3e3e3e3e3e3e3e3e3e3e3e3e3e3e3e3e
       142  ................  93939393939393939393939393939393
       126  ZZZZZZZZZZZZZZZZ  5a5a5a5a5a5a5a5a5a5a5a5a5a5a5a5a
       111  ::::::::::::::::  3a3a3a3a3a3a3a3a3a3a3a3a3a3a3a3a
# epoch 3580  H=7.6604 C=7.2694 HO=0.3909  A(t)=662
       503  [[[[[[[[[[[[[[[[  5b5b5b5b5b5b5b5b5b5b5b5b5b5b5b5b
       364  <<<<<<<<<<<<<<<<  3c3c3c3c3c3c3c3c3c3c3c3c3c3c3c3c
       280  ;;;;;;;;;;;;;;;;  3b3b3b3b3b3b3b3b3b3b3b3b3b3b3b3b
       224  ,,,,,,,,,,,,,,,,  2c2c2c2c2c2c2c2c2c2c2c2c2c2c2c2c
       130  JJJJJJJJJJJJJJJJ  4a4a4a4a4a4a4a4a4a4a4a4a4a4a4a4a
       128  ................  93939393939393939393939393939393
       125  9999999999999999  39393939393939393939393939393939
       123  6666666666666666  36363636363636363636363636363636
       109  >>>>>>>>>>>>>>>>  3e3e3e3e3e3e3e3e3e3e3e3e3e3e3e3e
       107  ::::::::::::::::  3a3a3a3a3a3a3a3a3a3a3a3a3a3a3a3a
# epoch 3600  H=7.6576 C=7.2720 HO=0.3857  A(t)=664
       411  [[[[[[[[[[[[[[[[  5b5b5b5b5b5b5b5b5b5b5b5b5b5b5b5b
       299  <<<<<<<<<<<<<<<<  3c3c3c3c3c3c3c3c3c3c3c3c3c3c3c3c
       271  ;;;;;;;;;;;;;;;;  3b3b3b3b3b3b3b3b3b3b3b3b3b3b3b3b
       190  ,,,,,,,,,,,,,,,,  2c2c2c2c2c2c2c2c2c2c2c2c2c2c2c2c
       116  9999999999999999  39393939393939393939393939393939
       115  ................  93939393939393939393939393939393
       110  ================  3d3d3d3d3d3d3d3d3d3d3d3d3d3d3d3d
       108  >>>>>>>>>>>>>>>>  3e3e3e3e3e3e3e3e3e3e3e3e3e3e3e3e
       102  ................  1f1f1f1f1f1f1f1f1f1f1f1f1f1f1f1f
        97  ZZZZZZZZZZZZZZZZ  5a5a5a5a5a5a5a5a5a5a5a5a5a5a5a5a
# epoch 3620  H=7.6573 C=7.2708 HO=0.3866  A(t)=667
       432  <<<<<<<<<<<<<<<<  3c3c3c3c3c3c3c3c3c3c3c3c3c3c3c3c
       412  [[[[[[[[[[[[[[[[  5b5b5b5b5b5b5b5b5b5b5b5b5b5b5b5b
       205  ;;;;;;;;;;;;;;;;  3b3b3b3b3b3b3b3b3b3b3b3b3b3b3b3b
       181  ,,,,,,,,,,,,,,,,  2c2c2c2c2c2c2c2c2c2c2c2c2c2c2c2c
       138  ZZZZZZZZZZZZZZZZ  5a5a5a5a5a5a5a5a5a5a5a5a5a5a5a5a
       136  ================  3d3d3d3d3d3d3d3d3d3d3d3d3d3d3d3d
       133  ::::::::::::::::  3a3a3a3a3a3a3a3a3a3a3a3a3a3a3a3a
       110  9999999999999999  39393939393939393939393939393939
       106  >>>>>>>>>>>>>>>>  3e3e3e3e3e3e3e3e3e3e3e3e3e3e3e3e
        92  ................  93939393939393939393939393939393
# epoch 3640  H=7.6544 C=7.2650 HO=0.3895  A(t)=669
       444  <<<<<<<<<<<<<<<<  3c3c3c3c3c3c3c3c3c3c3c3c3c3c3c3c
       354  [[[[[[[[[[[[[[[[  5b5b5b5b5b5b5b5b5b5b5b5b5b5b5b5b
       239  ;;;;;;;;;;;;;;;;  3b3b3b3b3b3b3b3b3b3b3b3b3b3b3b3b
       159  ,,,,,,,,,,,,,,,,  2c2c2c2c2c2c2c2c2c2c2c2c2c2c2c2c
       128  ::::::::::::::::  3a3a3a3a3a3a3a3a3a3a3a3a3a3a3a3a
       122  ZZZZZZZZZZZZZZZZ  5a5a5a5a5a5a5a5a5a5a5a5a5a5a5a5a
       108  >>>>>>>>>>>>>>>>  3e3e3e3e3e3e3e3e3e3e3e3e3e3e3e3e
       106  ................  08080808080808080808080808080808
       100  ================  3d3d3d3d3d3d3d3d3d3d3d3d3d3d3d3d
       100  9999999999999999  39393939393939393939393939393939
# epoch 3660  H=7.6535 C=7.2689 HO=0.3846  A(t)=671
       459  <<<<<<<<<<<<<<<<  3c3c3c3c3c3c3c3c3c3c3c3c3c3c3c3c
       302  [[[[[[[[[[[[[[[[  5b5b5b5b5b5b5b5b5b5b5b5b5b5b5b5b
       219  ;;;;;;;;;;;;;;;;  3b3b3b3b3b3b3b3b3b3b3b3b3b3b3b3b
       181  ,,,,,,,,,,,,,,,,  2c2c2c2c2c2c2c2c2c2c2c2c2c2c2c2c
       128  ::::::::::::::::  3a3a3a3a3a3a3a3a3a3a3a3a3a3a3a3a
       112  ZZZZZZZZZZZZZZZZ  5a5a5a5a5a5a5a5a5a5a5a5a5a5a5a5a
       105  ................  afafafafafafafafafafafafafafafaf
       100  ================  3d3d3d3d3d3d3d3d3d3d3d3d3d3d3d3d
       100  7777777777777777  37373737373737373737373737373737
        97  9999999999999999  39393939393939393939393939393939
# epoch 3680  H=7.6535 C=7.2696 HO=0.3838  A(t)=671
       453  <<<<<<<<<<<<<<<<  3c3c3c3c3c3c3c3c3c3c3c3c3c3c3c3c
       255  [[[[[[[[[[[[[[[[  5b5b5b5b5b5b5b5b5b5b5b5b5b5b5b5b
       203  ;;;;;;;;;;;;;;;;  3b3b3b3b3b3b3b3b3b3b3b3b3b3b3b3b
       180  ,,,,,,,,,,,,,,,,  2c2c2c2c2c2c2c2c2c2c2c2c2c2c2c2c
       127  ================  3d3d3d3d3d3d3d3d3d3d3d3d3d3d3d3d
       119  ::::::::::::::::  3a3a3a3a3a3a3a3a3a3a3a3a3a3a3a3a
        97  ................  afafafafafafafafafafafafafafafaf
        96  ZZZZZZZZZZZZZZZZ  5a5a5a5a5a5a5a5a5a5a5a5a5a5a5a5a
        92  ................  08080808080808080808080808080808
        89  ................  93939393939393939393939393939393
# epoch 3700  H=7.6543 C=7.2740 HO=0.3803  A(t)=679
       414  <<<<<<<<<<<<<<<<  3c3c3c3c3c3c3c3c3c3c3c3c3c3c3c3c
       301  [[[[[[[[[[[[[[[[  5b5b5b5b5b5b5b5b5b5b5b5b5b5b5b5b
       241  ,,,,,,,,,,,,,,,,  2c2c2c2c2c2c2c2c2c2c2c2c2c2c2c2c
       180  ;;;;;;;;;;;;;;;;  3b3b3b3b3b3b3b3b3b3b3b3b3b3b3b3b
       132  >>>>>>>>>>>>>>>>  3e3e3e3e3e3e3e3e3e3e3e3e3e3e3e3e
       126  ................  fafafafafafafafafafafafafafafafa
       124  ================  3d3d3d3d3d3d3d3d3d3d3d3d3d3d3d3d
        95  ................  afafafafafafafafafafafafafafafaf
        80  ................  08080808080808080808080808080808
        77  ::::::::::::::::  3a3a3a3a3a3a3a3a3a3a3a3a3a3a3a3a
# epoch 3720  H=7.6574 C=7.2765 HO=0.3809  A(t)=682
       451  <<<<<<<<<<<<<<<<  3c3c3c3c3c3c3c3c3c3c3c3c3c3c3c3c
       423  [[[[[[[[[[[[[[[[  5b5b5b5b5b5b5b5b5b5b5b5b5b5b5b5b
       179  ================  3d3d3d3d3d3d3d3d3d3d3d3d3d3d3d3d
       173  ;;;;;;;;;;;;;;;;  3b3b3b3b3b3b3b3b3b3b3b3b3b3b3b3b
       168  ,,,,,,,,,,,,,,,,  2c2c2c2c2c2c2c2c2c2c2c2c2c2c2c2c
       120  >>>>>>>>>>>>>>>>  3e3e3e3e3e3e3e3e3e3e3e3e3e3e3e3e
       112  ................  fafafafafafafafafafafafafafafafa
       109  }}}}}}}}}}}}}}}}  7d7d7d7d7d7d7d7d7d7d7d7d7d7d7d7d
       107  {{{{{{{{{{{{{{{{  7b7b7b7b7b7b7b7b7b7b7b7b7b7b7b7b
       104  ????????????????  3f3f3f3f3f3f3f3f3f3f3f3f3f3f3f3f
# epoch 3740  H=7.6593 C=7.2790 HO=0.3803  A(t)=684
       430  <<<<<<<<<<<<<<<<  3c3c3c3c3c3c3c3c3c3c3c3c3c3c3c3c
       421  [[[[[[[[[[[[[[[[  5b5b5b5b5b5b5b5b5b5b5b5b5b5b5b5b
       183  ================  3d3d3d3d3d3d3d3d3d3d3d3d3d3d3d3d
       142  ;;;;;;;;;;;;;;;;  3b3b3b3b3b3b3b3b3b3b3b3b3b3b3b3b
       139  ,,,,,,,,,,,,,,,,  2c2c2c2c2c2c2c2c2c2c2c2c2c2c2c2c
       133  >>>>>>>>>>>>>>>>  3e3e3e3e3e3e3e3e3e3e3e3e3e3e3e3e
       127  {{{{{{{{{{{{{{{{  7b7b7b7b7b7b7b7b7b7b7b7b7b7b7b7b
       108  ................  fafafafafafafafafafafafafafafafa
        98  ????????????????  3f3f3f3f3f3f3f3f3f3f3f3f3f3f3f3f
        97  }}}}}}}}}}}}}}}}  7d7d7d7d7d7d7d7d7d7d7d7d7d7d7d7d
# epoch 3760  H=7.6601 C=7.2834 HO=0.3767  A(t)=685
       448  <<<<<<<<<<<<<<<<  3c3c3c3c3c3c3c3c3c3c3c3c3c3c3c3c
       422  [[[[[[[[[[[[[[[[  5b5b5b5b5b5b5b5b5b5b5b5b5b5b5b5b
       152  >>>>>>>>>>>>>>>>  3e3e3e3e3e3e3e3e3e3e3e3e3e3e3e3e
       148  ================  3d3d3d3d3d3d3d3d3d3d3d3d3d3d3d3d
       143  ????????????????  3f3f3f3f3f3f3f3f3f3f3f3f3f3f3f3f
       142  ;;;;;;;;;;;;;;;;  3b3b3b3b3b3b3b3b3b3b3b3b3b3b3b3b
       137  ,,,,,,,,,,,,,,,,  2c2c2c2c2c2c2c2c2c2c2c2c2c2c2c2c
       119  {{{{{{{{{{{{{{{{  7b7b7b7b7b7b7b7b7b7b7b7b7b7b7b7b
       108  ................  fafafafafafafafafafafafafafafafa
       108  7777777777777777  37373737373737373737373737373737
# epoch 3780  H=7.6570 C=7.2798 HO=0.3772  A(t)=687
       433  <<<<<<<<<<<<<<<<  3c3c3c3c3c3c3c3c3c3c3c3c3c3c3c3c
       346  [[[[[[[[[[[[[[[[  5b5b5b5b5b5b5b5b5b5b5b5b5b5b5b5b
       161  ================  3d3d3d3d3d3d3d3d3d3d3d3d3d3d3d3d
       148  >>>>>>>>>>>>>>>>  3e3e3e3e3e3e3e3e3e3e3e3e3e3e3e3e
       148  ::::::::::::::::  3a3a3a3a3a3a3a3a3a3a3a3a3a3a3a3a
       138  ;;;;;;;;;;;;;;;;  3b3b3b3b3b3b3b3b3b3b3b3b3b3b3b3b
       137  ????????????????  3f3f3f3f3f3f3f3f3f3f3f3f3f3f3f3f
       117  {{{{{{{{{{{{{{{{  7b7b7b7b7b7b7b7b7b7b7b7b7b7b7b7b
       115  ,,,,,,,,,,,,,,,,  2c2c2c2c2c2c2c2c2c2c2c2c2c2c2c2c
       103  ................  90909090909090909090909090909090
# epoch 3800  H=7.6576 C=7.2819 HO=0.3757  A(t)=687
       410  <<<<<<<<<<<<<<<<  3c3c3c3c3c3c3c3c3c3c3c3c3c3c3c3c
       357  [[[[[[[[[[[[[[[[  5b5b5b5b5b5b5b5b5b5b5b5b5b5b5b5b
       227  ,,,,,,,,,,,,,,,,  2c2c2c2c2c2c2c2c2c2c2c2c2c2c2c2c
       151  ================  3d3d3d3d3d3d3d3d3d3d3d3d3d3d3d3d
       130  ????????????????  3f3f3f3f3f3f3f3f3f3f3f3f3f3f3f3f
       127  ................  04040404040404040404040404040404
       125  ::::::::::::::::  3a3a3a3a3a3a3a3a3a3a3a3a3a3a3a3a
       123  >>>>>>>>>>>>>>>>  3e3e3e3e3e3e3e3e3e3e3e3e3e3e3e3e
       110  ;;;;;;;;;;;;;;;;  3b3b3b3b3b3b3b3b3b3b3b3b3b3b3b3b
       106  {{{{{{{{{{{{{{{{  7b7b7b7b7b7b7b7b7b7b7b7b7b7b7b7b
# epoch 3820  H=7.6612 C=7.2941 HO=0.3670  A(t)=690
       357  <<<<<<<<<<<<<<<<  3c3c3c3c3c3c3c3c3c3c3c3c3c3c3c3c
       271  [[[[[[[[[[[[[[[[  5b5b5b5b5b5b5b5b5b5b5b5b5b5b5b5b
       173  ,,,,,,,,,,,,,,,,  2c2c2c2c2c2c2c2c2c2c2c2c2c2c2c2c
       142  ================  3d3d3d3d3d3d3d3d3d3d3d3d3d3d3d3d
       137  ;;;;;;;;;;;;;;;;  3b3b3b3b3b3b3b3b3b3b3b3b3b3b3b3b
       123  ................  04040404040404040404040404040404
       113  >>>>>>>>>>>>>>>>  3e3e3e3e3e3e3e3e3e3e3e3e3e3e3e3e
       112  ????????????????  3f3f3f3f3f3f3f3f3f3f3f3f3f3f3f3f
       101  9999999999999999  39393939393939393939393939393939
        98  ::::::::::::::::  3a3a3a3a3a3a3a3a3a3a3a3a3a3a3a3a
# epoch 3840  H=7.6630 C=7.2981 HO=0.3649  A(t)=690
       264  <<<<<<<<<<<<<<<<  3c3c3c3c3c3c3c3c3c3c3c3c3c3c3c3c
       244  [[[[[[[[[[[[[[[[  5b5b5b5b5b5b5b5b5b5b5b5b5b5b5b5b
       144  ,,,,,,,,,,,,,,,,  2c2c2c2c2c2c2c2c2c2c2c2c2c2c2c2c
       140  {{{{{{{{{{{{{{{{  7b7b7b7b7b7b7b7b7b7b7b7b7b7b7b7b
       134  ;;;;;;;;;;;;;;;;  3b3b3b3b3b3b3b3b3b3b3b3b3b3b3b3b
       119  >>>>>>>>>>>>>>>>  3e3e3e3e3e3e3e3e3e3e3e3e3e3e3e3e
       114  cccccccccccccccc  63636363636363636363636363636363
       104  ================  3d3d3d3d3d3d3d3d3d3d3d3d3d3d3d3d
       102  ................  04040404040404040404040404040404
        96  ????????????????  3f3f3f3f3f3f3f3f3f3f3f3f3f3f3f3f
# epoch 3860  H=7.6617 C=7.2995 HO=0.3622  A(t)=690
       277  [[[[[[[[[[[[[[[[  5b5b5b5b5b5b5b5b5b5b5b5b5b5b5b5b
       210  <<<<<<<<<<<<<<<<  3c3c3c3c3c3c3c3c3c3c3c3c3c3c3c3c
       174  {{{{{{{{{{{{{{{{  7b7b7b7b7b7b7b7b7b7b7b7b7b7b7b7b
       149  ================  3d3d3d3d3d3d3d3d3d3d3d3d3d3d3d3d
       143  ::::::::::::::::  3a3a3a3a3a3a3a3a3a3a3a3a3a3a3a3a
       135  7777777777777777  37373737373737373737373737373737
       134  ,,,,,,,,,,,,,,,,  2c2c2c2c2c2c2c2c2c2c2c2c2c2c2c2c
       111  ;;;;;;;;;;;;;;;;  3b3b3b3b3b3b3b3b3b3b3b3b3b3b3b3b
       100  cccccccccccccccc  63636363636363636363636363636363
        89  >>>>>>>>>>>>>>>>  3e3e3e3e3e3e3e3e3e3e3e3e3e3e3e3e
# epoch 3880  H=7.6628 C=7.3026 HO=0.3602  A(t)=690
       258  [[[[[[[[[[[[[[[[  5b5b5b5b5b5b5b5b5b5b5b5b5b5b5b5b
       225  <<<<<<<<<<<<<<<<  3c3c3c3c3c3c3c3c3c3c3c3c3c3c3c3c
       158  {{{{{{{{{{{{{{{{  7b7b7b7b7b7b7b7b7b7b7b7b7b7b7b7b
       143  ================  3d3d3d3d3d3d3d3d3d3d3d3d3d3d3d3d
       122  ,,,,,,,,,,,,,,,,  2c2c2c2c2c2c2c2c2c2c2c2c2c2c2c2c
       111  ::::::::::::::::  3a3a3a3a3a3a3a3a3a3a3a3a3a3a3a3a
       111  7777777777777777  37373737373737373737373737373737
       106  ;;;;;;;;;;;;;;;;  3b3b3b3b3b3b3b3b3b3b3b3b3b3b3b3b
       101  >>>>>>>>>>>>>>>>  3e3e3e3e3e3e3e3e3e3e3e3e3e3e3e3e
        90  cccccccccccccccc  63636363636363636363636363636363
# epoch 3900  H=7.6596 C=7.2947 HO=0.3649  A(t)=692
       282  <<<<<<<<<<<<<<<<  3c3c3c3c3c3c3c3c3c3c3c3c3c3c3c3c
       278  [[[[[[[[[[[[[[[[  5b5b5b5b5b5b5b5b5b5b5b5b5b5b5b5b
       169  ================  3d3d3d3d3d3d3d3d3d3d3d3d3d3d3d3d
       165  {{{{{{{{{{{{{{{{  7b7b7b7b7b7b7b7b7b7b7b7b7b7b7b7b
       121  ;;;;;;;;;;;;;;;;  3b3b3b3b3b3b3b3b3b3b3b3b3b3b3b3b
       113  ,,,,,,,,,,,,,,,,  2c2c2c2c2c2c2c2c2c2c2c2c2c2c2c2c
        96  >>>>>>>>>>>>>>>>  3e3e3e3e3e3e3e3e3e3e3e3e3e3e3e3e
        92  ::::::::::::::::  3a3a3a3a3a3a3a3a3a3a3a3a3a3a3a3a
        90  3333333333333333  33333333333333333333333333333333
        85  ................  8d8d8d8d8d8d8d8d8d8d8d8d8d8d8d8d
# epoch 3920  H=7.6584 C=7.2984 HO=0.3600  A(t)=692
       278  <<<<<<<<<<<<<<<<  3c3c3c3c3c3c3c3c3c3c3c3c3c3c3c3c
       201  [[[[[[[[[[[[[[[[  5b5b5b5b5b5b5b5b5b5b5b5b5b5b5b5b
       146  {{{{{{{{{{{{{{{{  7b7b7b7b7b7b7b7b7b7b7b7b7b7b7b7b
       140  ================  3d3d3d3d3d3d3d3d3d3d3d3d3d3d3d3d
       128  >>>>>>>>>>>>>>>>  3e3e3e3e3e3e3e3e3e3e3e3e3e3e3e3e
       119  ;;;;;;;;;;;;;;;;  3b3b3b3b3b3b3b3b3b3b3b3b3b3b3b3b
        87  3333333333333333  33333333333333333333333333333333
        84  ................  8d8d8d8d8d8d8d8d8d8d8d8d8d8d8d8d
        82  ::::::::::::::::  3a3a3a3a3a3a3a3a3a3a3a3a3a3a3a3a
        80  ,,,,,,,,,,,,,,,,  2c2c2c2c2c2c2c2c2c2c2c2c2c2c2c2c
# epoch 3940  H=7.6556 C=7.2935 HO=0.3621  A(t)=696
       252  [[[[[[[[[[[[[[[[  5b5b5b5b5b5b5b5b5b5b5b5b5b5b5b5b
       225  <<<<<<<<<<<<<<<<  3c3c3c3c3c3c3c3c3c3c3c3c3c3c3c3c
       147  ,,,,,,,,,,,,,,,,  2c2c2c2c2c2c2c2c2c2c2c2c2c2c2c2c
       138  ]]]]]]]]]]]]]]]]  5d5d5d5d5d5d5d5d5d5d5d5d5d5d5d5d
       127  ================  3d3d3d3d3d3d3d3d3d3d3d3d3d3d3d3d
       123  >>>>>>>>>>>>>>>>  3e3e3e3e3e3e3e3e3e3e3e3e3e3e3e3e
       120  {{{{{{{{{{{{{{{{  7b7b7b7b7b7b7b7b7b7b7b7b7b7b7b7b
       114  ;;;;;;;;;;;;;;;;  3b3b3b3b3b3b3b3b3b3b3b3b3b3b3b3b
        97  ................  1a1a1a1a1a1a1a1a1a1a1a1a1a1a1a1a
        95  ................  97979797979797979797979797979797
# epoch 3960  H=7.6496 C=7.2901 HO=0.3595  A(t)=696
       314  <<<<<<<<<<<<<<<<  3c3c3c3c3c3c3c3c3c3c3c3c3c3c3c3c
       271  [[[[[[[[[[[[[[[[  5b5b5b5b5b5b5b5b5b5b5b5b5b5b5b5b
       148  7777777777777777  37373737373737373737373737373737
       143  ,,,,,,,,,,,,,,,,  2c2c2c2c2c2c2c2c2c2c2c2c2c2c2c2c
       131  ::::::::::::::::  3a3a3a3a3a3a3a3a3a3a3a3a3a3a3a3a
       126  ================  3d3d3d3d3d3d3d3d3d3d3d3d3d3d3d3d
       121  >>>>>>>>>>>>>>>>  3e3e3e3e3e3e3e3e3e3e3e3e3e3e3e3e
       106  ;;;;;;;;;;;;;;;;  3b3b3b3b3b3b3b3b3b3b3b3b3b3b3b3b
        95  {{{{{{{{{{{{{{{{  7b7b7b7b7b7b7b7b7b7b7b7b7b7b7b7b
        88  ................  1a1a1a1a1a1a1a1a1a1a1a1a1a1a1a1a
# epoch 3980  H=7.6474 C=7.2918 HO=0.3557  A(t)=700
       359  <<<<<<<<<<<<<<<<  3c3c3c3c3c3c3c3c3c3c3c3c3c3c3c3c
       305  [[[[[[[[[[[[[[[[  5b5b5b5b5b5b5b5b5b5b5b5b5b5b5b5b
       193  7777777777777777  37373737373737373737373737373737
       163  ................  97979797979797979797979797979797
       126  ================  3d3d3d3d3d3d3d3d3d3d3d3d3d3d3d3d
       118  >>>>>>>>>>>>>>>>  3e3e3e3e3e3e3e3e3e3e3e3e3e3e3e3e
       114  ::::::::::::::::  3a3a3a3a3a3a3a3a3a3a3a3a3a3a3a3a
       110  ,,,,,,,,,,,,,,,,  2c2c2c2c2c2c2c2c2c2c2c2c2c2c2c2c
        95  {{{{{{{{{{{{{{{{  7b7b7b7b7b7b7b7b7b7b7b7b7b7b7b7b
        91  ;;;;;;;;;;;;;;;;  3b3b3b3b3b3b3b3b3b3b3b3b3b3b3b3b
# epoch 4000  H=7.6458 C=7.2956 HO=0.3502  A(t)=703
       277  [[[[[[[[[[[[[[[[  5b5b5b5b5b5b5b5b5b5b5b5b5b5b5b5b
       259  <<<<<<<<<<<<<<<<  3c3c3c3c3c3c3c3c3c3c3c3c3c3c3c3c
       169  7777777777777777  37373737373737373737373737373737
       139  ;;;;;;;;;;;;;;;;  3b3b3b3b3b3b3b3b3b3b3b3b3b3b3b3b
       135  ................  97979797979797979797979797979797
       133  ,,,,,,,,,,,,,,,,  2c2c2c2c2c2c2c2c2c2c2c2c2c2c2c2c
       126  ================  3d3d3d3d3d3d3d3d3d3d3d3d3d3d3d3d
       110  ::::::::::::::::  3a3a3a3a3a3a3a3a3a3a3a3a3a3a3a3a
        79  {{{{{{{{{{{{{{{{  7b7b7b7b7b7b7b7b7b7b7b7b7b7b7b7b
        77  >>>>>>>>>>>>>>>>  3e3e3e3e3e3e3e3e3e3e3e3e3e3e3e3e
# epoch 4020  H=7.6432 C=7.2943 HO=0.3489  A(t)=703
       306  [[[[[[[[[[[[[[[[  5b5b5b5b5b5b5b5b5b5b5b5b5b5b5b5b
       295  <<<<<<<<<<<<<<<<  3c3c3c3c3c3c3c3c3c3c3c3c3c3c3c3c
       156  7777777777777777  37373737373737373737373737373737
       136  ::::::::::::::::  3a3a3a3a3a3a3a3a3a3a3a3a3a3a3a3a
       131  ................  02020202020202020202020202020202
       119  ,,,,,,,,,,,,,,,,  2c2c2c2c2c2c2c2c2c2c2c2c2c2c2c2c
       113  ;;;;;;;;;;;;;;;;  3b3b3b3b3b3b3b3b3b3b3b3b3b3b3b3b
        98  ................  04040404040404040404040404040404
        89  ================  3d3d3d3d3d3d3d3d3d3d3d3d3d3d3d3d
        83  6666666666666666  36363636363636363636363636363636
# epoch 4040  H=7.6408 C=7.2952 HO=0.3456  A(t)=707
       304  <<<<<<<<<<<<<<<<  3c3c3c3c3c3c3c3c3c3c3c3c3c3c3c3c
       287  [[[[[[[[[[[[[[[[  5b5b5b5b5b5b5b5b5b5b5b5b5b5b5b5b
       153  ,,,,,,,,,,,,,,,,  2c2c2c2c2c2c2c2c2c2c2c2c2c2c2c2c
       145  ;;;;;;;;;;;;;;;;  3b3b3b3b3b3b3b3b3b3b3b3b3b3b3b3b
       133  7777777777777777  37373737373737373737373737373737
       112  ................  02020202020202020202020202020202
       108  ::::::::::::::::  3a3a3a3a3a3a3a3a3a3a3a3a3a3a3a3a
        95  ================  3d3d3d3d3d3d3d3d3d3d3d3d3d3d3d3d
        89  ................  04040404040404040404040404040404
        74  6666666666666666  36363636363636363636363636363636
# epoch 4060  H=7.6397 C=7.2918 HO=0.3479  A(t)=709
       292  <<<<<<<<<<<<<<<<  3c3c3c3c3c3c3c3c3c3c3c3c3c3c3c3c
       233  [[[[[[[[[[[[[[[[  5b5b5b5b5b5b5b5b5b5b5b5b5b5b5b5b
       171  ;;;;;;;;;;;;;;;;  3b3b3b3b3b3b3b3b3b3b3b3b3b3b3b3b
       141  ::::::::::::::::  3a3a3a3a3a3a3a3a3a3a3a3a3a3a3a3a
       126  ,,,,,,,,,,,,,,,,  2c2c2c2c2c2c2c2c2c2c2c2c2c2c2c2c
       111  7777777777777777  37373737373737373737373737373737
        95  ................  02020202020202020202020202020202
        90  ................  e5e5e5e5e5e5e5e5e5e5e5e5e5e5e5e5
        89  ================  3d3d3d3d3d3d3d3d3d3d3d3d3d3d3d3d
        82  ................  f2f2f2f2f2f2f2f2f2f2f2f2f2f2f2f2
# epoch 4080  H=7.6386 C=7.2962 HO=0.3423  A(t)=709
       272  <<<<<<<<<<<<<<<<  3c3c3c3c3c3c3c3c3c3c3c3c3c3c3c3c
       184  ;;;;;;;;;;;;;;;;  3b3b3b3b3b3b3b3b3b3b3b3b3b3b3b3b
       183  [[[[[[[[[[[[[[[[  5b5b5b5b5b5b5b5b5b5b5b5b5b5b5b5b
       150  ,,,,,,,,,,,,,,,,  2c2c2c2c2c2c2c2c2c2c2c2c2c2c2c2c
       122  ::::::::::::::::  3a3a3a3a3a3a3a3a3a3a3a3a3a3a3a3a
       117  ================  3d3d3d3d3d3d3d3d3d3d3d3d3d3d3d3d
        93  ................  f3f3f3f3f3f3f3f3f3f3f3f3f3f3f3f3
        92  7777777777777777  37373737373737373737373737373737
        88  ................  1b1b1b1b1b1b1b1b1b1b1b1b1b1b1b1b
        82  ................  e5e5e5e5e5e5e5e5e5e5e5e5e5e5e5e5
# epoch 4100  H=7.6347 C=7.2955 HO=0.3392  A(t)=711
       294  <<<<<<<<<<<<<<<<  3c3c3c3c3c3c3c3c3c3c3c3c3c3c3c3c
       196  ;;;;;;;;;;;;;;;;  3b3b3b3b3b3b3b3b3b3b3b3b3b3b3b3b
       166  [[[[[[[[[[[[[[[[  5b5b5b5b5b5b5b5b5b5b5b5b5b5b5b5b
       157  ================  3d3d3d3d3d3d3d3d3d3d3d3d3d3d3d3d
       128  ,,,,,,,,,,,,,,,,  2c2c2c2c2c2c2c2c2c2c2c2c2c2c2c2c
       110  ................  05050505050505050505050505050505
       104  ::::::::::::::::  3a3a3a3a3a3a3a3a3a3a3a3a3a3a3a3a
        94  ................  bebebebebebebebebebebebebebebebe
        84  7777777777777777  37373737373737373737373737373737
        81  ................  f3f3f3f3f3f3f3f3f3f3f3f3f3f3f3f3
# epoch 4120  H=7.6305 C=7.2909 HO=0.3396  A(t)=711
       427  <<<<<<<<<<<<<<<<  3c3c3c3c3c3c3c3c3c3c3c3c3c3c3c3c
       209  [[[[[[[[[[[[[[[[  5b5b5b5b5b5b5b5b5b5b5b5b5b5b5b5b
       206  ;;;;;;;;;;;;;;;;  3b3b3b3b3b3b3b3b3b3b3b3b3b3b3b3b
       200  ================  3d3d3d3d3d3d3d3d3d3d3d3d3d3d3d3d
       129  ,,,,,,,,,,,,,,,,  2c2c2c2c2c2c2c2c2c2c2c2c2c2c2c2c
        99  ................  05050505050505050505050505050505
        96  ::::::::::::::::  3a3a3a3a3a3a3a3a3a3a3a3a3a3a3a3a
        80  7777777777777777  37373737373737373737373737373737
        74  ||||||||||||||||  7c7c7c7c7c7c7c7c7c7c7c7c7c7c7c7c
        74  ................  02020202020202020202020202020202
# epoch 4140  H=7.6246 C=7.2914 HO=0.3332  A(t)=711
       433  <<<<<<<<<<<<<<<<  3c3c3c3c3c3c3c3c3c3c3c3c3c3c3c3c
       193  [[[[[[[[[[[[[[[[  5b5b5b5b5b5b5b5b5b5b5b5b5b5b5b5b
       187  ;;;;;;;;;;;;;;;;  3b3b3b3b3b3b3b3b3b3b3b3b3b3b3b3b
       140  ================  3d3d3d3d3d3d3d3d3d3d3d3d3d3d3d3d
       137  ,,,,,,,,,,,,,,,,  2c2c2c2c2c2c2c2c2c2c2c2c2c2c2c2c
        96  9999999999999999  39393939393939393939393939393939
        90  ................  05050505050505050505050505050505
        88  ::::::::::::::::  3a3a3a3a3a3a3a3a3a3a3a3a3a3a3a3a
        80  ................  ffffffffffffffffffffffffffffffff
        74  7777777777777777  37373737373737373737373737373737
# epoch 4160  H=7.6225 C=7.2901 HO=0.3324  A(t)=711
       358  <<<<<<<<<<<<<<<<  3c3c3c3c3c3c3c3c3c3c3c3c3c3c3c3c
       272  ,,,,,,,,,,,,,,,,  2c2c2c2c2c2c2c2c2c2c2c2c2c2c2c2c
       264  [[[[[[[[[[[[[[[[  5b5b5b5b5b5b5b5b5b5b5b5b5b5b5b5b
       162  ;;;;;;;;;;;;;;;;  3b3b3b3b3b3b3b3b3b3b3b3b3b3b3b3b
       133  ================  3d3d3d3d3d3d3d3d3d3d3d3d3d3d3d3d
       122  7777777777777777  37373737373737373737373737373737
       116  9999999999999999  39393939393939393939393939393939
        96  6666666666666666  36363636363636363636363636363636
        88  ................  05050505050505050505050505050505
        83  ::::::::::::::::  3a3a3a3a3a3a3a3a3a3a3a3a3a3a3a3a
# epoch 4180  H=7.6205 C=7.2952 HO=0.3254  A(t)=719
       311  <<<<<<<<<<<<<<<<  3c3c3c3c3c3c3c3c3c3c3c3c3c3c3c3c
       234  [[[[[[[[[[[[[[[[  5b5b5b5b5b5b5b5b5b5b5b5b5b5b5b5b
       223  ,,,,,,,,,,,,,,,,  2c2c2c2c2c2c2c2c2c2c2c2c2c2c2c2c
       131  ;;;;;;;;;;;;;;;;  3b3b3b3b3b3b3b3b3b3b3b3b3b3b3b3b
       129  ================  3d3d3d3d3d3d3d3d3d3d3d3d3d3d3d3d
       122  7777777777777777  37373737373737373737373737373737
       109  ................  c7c7c7c7c7c7c7c7c7c7c7c7c7c7c7c7
        93  6666666666666666  36363636363636363636363636363636
        81  9999999999999999  39393939393939393939393939393939
        77  FFFFFFFFFFFFFFFF  46464646464646464646464646464646
# epoch 4200  H=7.6171 C=7.2979 HO=0.3192  A(t)=721
       268  <<<<<<<<<<<<<<<<  3c3c3c3c3c3c3c3c3c3c3c3c3c3c3c3c
       212  [[[[[[[[[[[[[[[[  5b5b5b5b5b5b5b5b5b5b5b5b5b5b5b5b
       204  ,,,,,,,,,,,,,,,,  2c2c2c2c2c2c2c2c2c2c2c2c2c2c2c2c
       164  ================  3d3d3d3d3d3d3d3d3d3d3d3d3d3d3d3d
       130  ;;;;;;;;;;;;;;;;  3b3b3b3b3b3b3b3b3b3b3b3b3b3b3b3b
       102  ................  c7c7c7c7c7c7c7c7c7c7c7c7c7c7c7c7
       102  ................  b6b6b6b6b6b6b6b6b6b6b6b6b6b6b6b6
       101  7777777777777777  37373737373737373737373737373737
        97  ||||||||||||||||  7c7c7c7c7c7c7c7c7c7c7c7c7c7c7c7c
        93  6666666666666666  36363636363636363636363636363636
# epoch 4220  H=7.6136 C=7.3028 HO=0.3107  A(t)=723
       275  <<<<<<<<<<<<<<<<  3c3c3c3c3c3c3c3c3c3c3c3c3c3c3c3c
       169  [[[[[[[[[[[[[[[[  5b5b5b5b5b5b5b5b5b5b5b5b5b5b5b5b
       159  ,,,,,,,,,,,,,,,,  2c2c2c2c2c2c2c2c2c2c2c2c2c2c2c2c
       138  ;;;;;;;;;;;;;;;;  3b3b3b3b3b3b3b3b3b3b3b3b3b3b3b3b
       130  ||||||||||||||||  7c7c7c7c7c7c7c7c7c7c7c7c7c7c7c7c
       128  ================  3d3d3d3d3d3d3d3d3d3d3d3d3d3d3d3d
       101  7777777777777777  37373737373737373737373737373737
       100  ................  b6b6b6b6b6b6b6b6b6b6b6b6b6b6b6b6
        93  ................  c7c7c7c7c7c7c7c7c7c7c7c7c7c7c7c7
        92  6666666666666666  36363636363636363636363636363636
# epoch 4240  H=7.6119 C=7.3042 HO=0.3077  A(t)=723
       262  <<<<<<<<<<<<<<<<  3c3c3c3c3c3c3c3c3c3c3c3c3c3c3c3c
       201  ||||||||||||||||  7c7c7c7c7c7c7c7c7c7c7c7c7c7c7c7c
       153  [[[[[[[[[[[[[[[[  5b5b5b5b5b5b5b5b5b5b5b5b5b5b5b5b
       151  ,,,,,,,,,,,,,,,,  2c2c2c2c2c2c2c2c2c2c2c2c2c2c2c2c
       110  ================  3d3d3d3d3d3d3d3d3d3d3d3d3d3d3d3d
        95  ;;;;;;;;;;;;;;;;  3b3b3b3b3b3b3b3b3b3b3b3b3b3b3b3b
        90  6666666666666666  36363636363636363636363636363636
        89  ................  adadadadadadadadadadadadadadadad
        86  ................  b6b6b6b6b6b6b6b6b6b6b6b6b6b6b6b6
        82  ................  b2b2b2b2b2b2b2b2b2b2b2b2b2b2b2b2
# epoch 4260  H=7.6124 C=7.3051 HO=0.3073  A(t)=725
       279  <<<<<<<<<<<<<<<<  3c3c3c3c3c3c3c3c3c3c3c3c3c3c3c3c
       187  [[[[[[[[[[[[[[[[  5b5b5b5b5b5b5b5b5b5b5b5b5b5b5b5b
       164  ||||||||||||||||  7c7c7c7c7c7c7c7c7c7c7c7c7c7c7c7c
       119  ,,,,,,,,,,,,,,,,  2c2c2c2c2c2c2c2c2c2c2c2c2c2c2c2c
       112  ................  ffffffffffffffffffffffffffffffff
       101  ================  3d3d3d3d3d3d3d3d3d3d3d3d3d3d3d3d
        99  7777777777777777  37373737373737373737373737373737
        83  ;;;;;;;;;;;;;;;;  3b3b3b3b3b3b3b3b3b3b3b3b3b3b3b3b
        82  ................  b6b6b6b6b6b6b6b6b6b6b6b6b6b6b6b6
        80  6666666666666666  36363636363636363636363636363636
# epoch 4280  H=7.6138 C=7.3051 HO=0.3086  A(t)=729
       284  <<<<<<<<<<<<<<<<  3c3c3c3c3c3c3c3c3c3c3c3c3c3c3c3c
       166  [[[[[[[[[[[[[[[[  5b5b5b5b5b5b5b5b5b5b5b5b5b5b5b5b
       141  ||||||||||||||||  7c7c7c7c7c7c7c7c7c7c7c7c7c7c7c7c
       130  ................  e2e2e2e2e2e2e2e2e2e2e2e2e2e2e2e2
       127  ,,,,,,,,,,,,,,,,  2c2c2c2c2c2c2c2c2c2c2c2c2c2c2c2c
       111  \\\\\\\\\\\\\\\\  5c5c5c5c5c5c5c5c5c5c5c5c5c5c5c5c
        99  7777777777777777  37373737373737373737373737373737
        98  ................  ffffffffffffffffffffffffffffffff
        95  ================  3d3d3d3d3d3d3d3d3d3d3d3d3d3d3d3d
        90  ................  c7c7c7c7c7c7c7c7c7c7c7c7c7c7c7c7
# epoch 4300  H=7.6156 C=7.3091 HO=0.3065  A(t)=729
       319  <<<<<<<<<<<<<<<<  3c3c3c3c3c3c3c3c3c3c3c3c3c3c3c3c
       133  [[[[[[[[[[[[[[[[  5b5b5b5b5b5b5b5b5b5b5b5b5b5b5b5b
       118  ||||||||||||||||  7c7c7c7c7c7c7c7c7c7c7c7c7c7c7c7c
       118  ;;;;;;;;;;;;;;;;  3b3b3b3b3b3b3b3b3b3b3b3b3b3b3b3b
       114  ,,,,,,,,,,,,,,,,  2c2c2c2c2c2c2c2c2c2c2c2c2c2c2c2c
       105  ................  e2e2e2e2e2e2e2e2e2e2e2e2e2e2e2e2
        92  ................  ffffffffffffffffffffffffffffffff
        92  \\\\\\\\\\\\\\\\  5c5c5c5c5c5c5c5c5c5c5c5c5c5c5c5c
        87  ................  c7c7c7c7c7c7c7c7c7c7c7c7c7c7c7c7
        86  ================  3d3d3d3d3d3d3d3d3d3d3d3d3d3d3d3d
# epoch 4320  H=7.6162 C=7.3139 HO=0.3023  A(t)=739
       233  <<<<<<<<<<<<<<<<  3c3c3c3c3c3c3c3c3c3c3c3c3c3c3c3c
       149  [[[[[[[[[[[[[[[[  5b5b5b5b5b5b5b5b5b5b5b5b5b5b5b5b
       107  ||||||||||||||||  7c7c7c7c7c7c7c7c7c7c7c7c7c7c7c7c
       102  ,,,,,,,,,,,,,,,,  2c2c2c2c2c2c2c2c2c2c2c2c2c2c2c2c
        94  ;;;;;;;;;;;;;;;;  3b3b3b3b3b3b3b3b3b3b3b3b3b3b3b3b
        92  ................  ffffffffffffffffffffffffffffffff
        89  ................  e2e2e2e2e2e2e2e2e2e2e2e2e2e2e2e2
        84  ................  c7c7c7c7c7c7c7c7c7c7c7c7c7c7c7c7
        84  \\\\\\\\\\\\\\\\  5c5c5c5c5c5c5c5c5c5c5c5c5c5c5c5c
        82  7777777777777777  37373737373737373737373737373737
# epoch 4340  H=7.6157 C=7.3151 HO=0.3006  A(t)=741
       191  <<<<<<<<<<<<<<<<  3c3c3c3c3c3c3c3c3c3c3c3c3c3c3c3c
       146  [[[[[[[[[[[[[[[[  5b5b5b5b5b5b5b5b5b5b5b5b5b5b5b5b
       119  7777777777777777  37373737373737373737373737373737
       106  ||||||||||||||||  7c7c7c7c7c7c7c7c7c7c7c7c7c7c7c7c
       102  >>>>>>>>>>>>>>>>  3e3e3e3e3e3e3e3e3e3e3e3e3e3e3e3e
        93  ,,,,,,,,,,,,,,,,  2c2c2c2c2c2c2c2c2c2c2c2c2c2c2c2c
        82  \\\\\\\\\\\\\\\\  5c5c5c5c5c5c5c5c5c5c5c5c5c5c5c5c
        80  ;;;;;;;;;;;;;;;;  3b3b3b3b3b3b3b3b3b3b3b3b3b3b3b3b
        78  ................  e2e2e2e2e2e2e2e2e2e2e2e2e2e2e2e2
        77  ................  ffffffffffffffffffffffffffffffff
# epoch 4360  H=7.6145 C=7.3200 HO=0.2945  A(t)=741
       206  <<<<<<<<<<<<<<<<  3c3c3c3c3c3c3c3c3c3c3c3c3c3c3c3c
       185  [[[[[[[[[[[[[[[[  5b5b5b5b5b5b5b5b5b5b5b5b5b5b5b5b
       114  7777777777777777  37373737373737373737373737373737
       106  ||||||||||||||||  7c7c7c7c7c7c7c7c7c7c7c7c7c7c7c7c
        92  >>>>>>>>>>>>>>>>  3e3e3e3e3e3e3e3e3e3e3e3e3e3e3e3e
        86  ,,,,,,,,,,,,,,,,  2c2c2c2c2c2c2c2c2c2c2c2c2c2c2c2c
        84  ================  3d3d3d3d3d3d3d3d3d3d3d3d3d3d3d3d
        82  \\\\\\\\\\\\\\\\  5c5c5c5c5c5c5c5c5c5c5c5c5c5c5c5c
        77  ................  ffffffffffffffffffffffffffffffff
        77  ................  f9f9f9f9f9f9f9f9f9f9f9f9f9f9f9f9
# epoch 4380  H=7.6119 C=7.3188 HO=0.2931  A(t)=741
       214  <<<<<<<<<<<<<<<<  3c3c3c3c3c3c3c3c3c3c3c3c3c3c3c3c
       153  [[[[[[[[[[[[[[[[  5b5b5b5b5b5b5b5b5b5b5b5b5b5b5b5b
       109  7777777777777777  37373737373737373737373737373737
       105  ::::::::::::::::  3a3a3a3a3a3a3a3a3a3a3a3a3a3a3a3a
        88  ||||||||||||||||  7c7c7c7c7c7c7c7c7c7c7c7c7c7c7c7c
        85  ,,,,,,,,,,,,,,,,  2c2c2c2c2c2c2c2c2c2c2c2c2c2c2c2c
        82  \\\\\\\\\\\\\\\\  5c5c5c5c5c5c5c5c5c5c5c5c5c5c5c5c
        74  >>>>>>>>>>>>>>>>  3e3e3e3e3e3e3e3e3e3e3e3e3e3e3e3e
        70  ................  f9f9f9f9f9f9f9f9f9f9f9f9f9f9f9f9
        68  ================  3d3d3d3d3d3d3d3d3d3d3d3d3d3d3d3d
# epoch 4400  H=7.6074 C=7.3177 HO=0.2896  A(t)=743
       239  [[[[[[[[[[[[[[[[  5b5b5b5b5b5b5b5b5b5b5b5b5b5b5b5b
       212  <<<<<<<<<<<<<<<<  3c3c3c3c3c3c3c3c3c3c3c3c3c3c3c3c
       153  7777777777777777  37373737373737373737373737373737
        88  ||||||||||||||||  7c7c7c7c7c7c7c7c7c7c7c7c7c7c7c7c
        84  ,,,,,,,,,,,,,,,,  2c2c2c2c2c2c2c2c2c2c2c2c2c2c2c2c
        82  \\\\\\\\\\\\\\\\  5c5c5c5c5c5c5c5c5c5c5c5c5c5c5c5c
        82  >>>>>>>>>>>>>>>>  3e3e3e3e3e3e3e3e3e3e3e3e3e3e3e3e
        82  ================  3d3d3d3d3d3d3d3d3d3d3d3d3d3d3d3d
        71  9999999999999999  39393939393939393939393939393939
        70  ................  f9f9f9f9f9f9f9f9f9f9f9f9f9f9f9f9
# epoch 4420  H=7.6061 C=7.3187 HO=0.2874  A(t)=743
       208  [[[[[[[[[[[[[[[[  5b5b5b5b5b5b5b5b5b5b5b5b5b5b5b5b
       201  <<<<<<<<<<<<<<<<  3c3c3c3c3c3c3c3c3c3c3c3c3c3c3c3c
       126  ,,,,,,,,,,,,,,,,  2c2c2c2c2c2c2c2c2c2c2c2c2c2c2c2c
       125  ;;;;;;;;;;;;;;;;  3b3b3b3b3b3b3b3b3b3b3b3b3b3b3b3b
       118  7777777777777777  37373737373737373737373737373737
        85  ................  93939393939393939393939393939393
        83  ||||||||||||||||  7c7c7c7c7c7c7c7c7c7c7c7c7c7c7c7c
        77  \\\\\\\\\\\\\\\\  5c5c5c5c5c5c5c5c5c5c5c5c5c5c5c5c
        73  ================  3d3d3d3d3d3d3d3d3d3d3d3d3d3d3d3d
        66  >>>>>>>>>>>>>>>>  3e3e3e3e3e3e3e3e3e3e3e3e3e3e3e3e
# epoch 4440  H=7.6048 C=7.3194 HO=0.2854  A(t)=743
       229  <<<<<<<<<<<<<<<<  3c3c3c3c3c3c3c3c3c3c3c3c3c3c3c3c
       186  [[[[[[[[[[[[[[[[  5b5b5b5b5b5b5b5b5b5b5b5b5b5b5b5b
       181  ,,,,,,,,,,,,,,,,  2c2c2c2c2c2c2c2c2c2c2c2c2c2c2c2c
       102  ;;;;;;;;;;;;;;;;  3b3b3b3b3b3b3b3b3b3b3b3b3b3b3b3b
        99  7777777777777777  37373737373737373737373737373737
        95  >>>>>>>>>>>>>>>>  3e3e3e3e3e3e3e3e3e3e3e3e3e3e3e3e
        81  ================  3d3d3d3d3d3d3d3d3d3d3d3d3d3d3d3d
        77  \\\\\\\\\\\\\\\\  5c5c5c5c5c5c5c5c5c5c5c5c5c5c5c5c
        75  ................  93939393939393939393939393939393
        66  ||||||||||||||||  7c7c7c7c7c7c7c7c7c7c7c7c7c7c7c7c
# epoch 4460  H=7.6047 C=7.3197 HO=0.2850  A(t)=745
       264  <<<<<<<<<<<<<<<<  3c3c3c3c3c3c3c3c3c3c3c3c3c3c3c3c
       223  [[[[[[[[[[[[[[[[  5b5b5b5b5b5b5b5b5b5b5b5b5b5b5b5b
       167  ,,,,,,,,,,,,,,,,  2c2c2c2c2c2c2c2c2c2c2c2c2c2c2c2c
       109  ;;;;;;;;;;;;;;;;  3b3b3b3b3b3b3b3b3b3b3b3b3b3b3b3b
       108  >>>>>>>>>>>>>>>>  3e3e3e3e3e3e3e3e3e3e3e3e3e3e3e3e
        86  2222222222222222  32323232323232323232323232323232
        82  ================  3d3d3d3d3d3d3d3d3d3d3d3d3d3d3d3d
        75  ................  93939393939393939393939393939393
        65  7777777777777777  37373737373737373737373737373737
        62  ::::::::::::::::  3a3a3a3a3a3a3a3a3a3a3a3a3a3a3a3a
# epoch 4480  H=7.6030 C=7.3268 HO=0.2762  A(t)=747
       266  <<<<<<<<<<<<<<<<  3c3c3c3c3c3c3c3c3c3c3c3c3c3c3c3c
       193  [[[[[[[[[[[[[[[[  5b5b5b5b5b5b5b5b5b5b5b5b5b5b5b5b
       161  ,,,,,,,,,,,,,,,,  2c2c2c2c2c2c2c2c2c2c2c2c2c2c2c2c
       108  ================  3d3d3d3d3d3d3d3d3d3d3d3d3d3d3d3d
        89  ;;;;;;;;;;;;;;;;  3b3b3b3b3b3b3b3b3b3b3b3b3b3b3b3b
        79  ::::::::::::::::  3a3a3a3a3a3a3a3a3a3a3a3a3a3a3a3a
        73  >>>>>>>>>>>>>>>>  3e3e3e3e3e3e3e3e3e3e3e3e3e3e3e3e
        68  2222222222222222  32323232323232323232323232323232
        61  7777777777777777  37373737373737373737373737373737
        60  ................  93939393939393939393939393939393
# epoch 4500  H=7.6018 C=7.3281 HO=0.2737  A(t)=747
       327  <<<<<<<<<<<<<<<<  3c3c3c3c3c3c3c3c3c3c3c3c3c3c3c3c
       177  [[[[[[[[[[[[[[[[  5b5b5b5b5b5b5b5b5b5b5b5b5b5b5b5b
       160  ,,,,,,,,,,,,,,,,  2c2c2c2c2c2c2c2c2c2c2c2c2c2c2c2c
       135  ................  d6d6d6d6d6d6d6d6d6d6d6d6d6d6d6d6
       126  ================  3d3d3d3d3d3d3d3d3d3d3d3d3d3d3d3d
       121  ::::::::::::::::  3a3a3a3a3a3a3a3a3a3a3a3a3a3a3a3a
        98  ;;;;;;;;;;;;;;;;  3b3b3b3b3b3b3b3b3b3b3b3b3b3b3b3b
        67  2222222222222222  32323232323232323232323232323232
        53  ................  e9e9e9e9e9e9e9e9e9e9e9e9e9e9e9e9
        53  >>>>>>>>>>>>>>>>  3e3e3e3e3e3e3e3e3e3e3e3e3e3e3e3e
# epoch 4520  H=7.6023 C=7.3286 HO=0.2737  A(t)=747
       325  <<<<<<<<<<<<<<<<  3c3c3c3c3c3c3c3c3c3c3c3c3c3c3c3c
       195  [[[[[[[[[[[[[[[[  5b5b5b5b5b5b5b5b5b5b5b5b5b5b5b5b
       140  ================  3d3d3d3d3d3d3d3d3d3d3d3d3d3d3d3d
       112  ................  d6d6d6d6d6d6d6d6d6d6d6d6d6d6d6d6
       106  ::::::::::::::::  3a3a3a3a3a3a3a3a3a3a3a3a3a3a3a3a
        99  ................  8a8a8a8a8a8a8a8a8a8a8a8a8a8a8a8a
        99  ,,,,,,,,,,,,,,,,  2c2c2c2c2c2c2c2c2c2c2c2c2c2c2c2c
        78  ................  8d8d8d8d8d8d8d8d8d8d8d8d8d8d8d8d
        67  2222222222222222  32323232323232323232323232323232
        66  ................  e5e5e5e5e5e5e5e5e5e5e5e5e5e5e5e5
# epoch 4540  H=7.6042 C=7.3276 HO=0.2766  A(t)=751
       302  <<<<<<<<<<<<<<<<  3c3c3c3c3c3c3c3c3c3c3c3c3c3c3c3c
       226  [[[[[[[[[[[[[[[[  5b5b5b5b5b5b5b5b5b5b5b5b5b5b5b5b
       159  ================  3d3d3d3d3d3d3d3d3d3d3d3d3d3d3d3d
        98  ................  8a8a8a8a8a8a8a8a8a8a8a8a8a8a8a8a
        88  ................  d6d6d6d6d6d6d6d6d6d6d6d6d6d6d6d6
        87  ::::::::::::::::  3a3a3a3a3a3a3a3a3a3a3a3a3a3a3a3a
        73  ,,,,,,,,,,,,,,,,  2c2c2c2c2c2c2c2c2c2c2c2c2c2c2c2c
        72  8888888888888888  38383838383838383838383838383838
        67  ................  d5d5d5d5d5d5d5d5d5d5d5d5d5d5d5d5
        63  ;;;;;;;;;;;;;;;;  3b3b3b3b3b3b3b3b3b3b3b3b3b3b3b3b
# epoch 4560  H=7.6048 C=7.3286 HO=0.2763  A(t)=751
       263  <<<<<<<<<<<<<<<<  3c3c3c3c3c3c3c3c3c3c3c3c3c3c3c3c
       253  [[[[[[[[[[[[[[[[  5b5b5b5b5b5b5b5b5b5b5b5b5b5b5b5b
       248  ================  3d3d3d3d3d3d3d3d3d3d3d3d3d3d3d3d
        99  ................  ffffffffffffffffffffffffffffffff
        97  ::::::::::::::::  3a3a3a3a3a3a3a3a3a3a3a3a3a3a3a3a
        80  ................  d6d6d6d6d6d6d6d6d6d6d6d6d6d6d6d6
        74  ................  8a8a8a8a8a8a8a8a8a8a8a8a8a8a8a8a
        74  {{{{{{{{{{{{{{{{  7b7b7b7b7b7b7b7b7b7b7b7b7b7b7b7b
        70  ,,,,,,,,,,,,,,,,  2c2c2c2c2c2c2c2c2c2c2c2c2c2c2c2c
        64  ................  d5d5d5d5d5d5d5d5d5d5d5d5d5d5d5d5
# epoch 4580  H=7.6069 C=7.3325 HO=0.2744  A(t)=754
       351  <<<<<<<<<<<<<<<<  3c3c3c3c3c3c3c3c3c3c3c3c3c3c3c3c
       256  [[[[[[[[[[[[[[[[  5b5b5b5b5b5b5b5b5b5b5b5b5b5b5b5b
       236  ================  3d3d3d3d3d3d3d3d3d3d3d3d3d3d3d3d
       114  ::::::::::::::::  3a3a3a3a3a3a3a3a3a3a3a3a3a3a3a3a
       100  ????????????????  3f3f3f3f3f3f3f3f3f3f3f3f3f3f3f3f
        92  ................  ffffffffffffffffffffffffffffffff
        69  ................  8a8a8a8a8a8a8a8a8a8a8a8a8a8a8a8a
        66  ................  d6d6d6d6d6d6d6d6d6d6d6d6d6d6d6d6
        66  {{{{{{{{{{{{{{{{  7b7b7b7b7b7b7b7b7b7b7b7b7b7b7b7b
        65  ,,,,,,,,,,,,,,,,  2c2c2c2c2c2c2c2c2c2c2c2c2c2c2c2c
# epoch 4600  H=7.6038 C=7.3261 HO=0.2777  A(t)=763
       298  <<<<<<<<<<<<<<<<  3c3c3c3c3c3c3c3c3c3c3c3c3c3c3c3c
       238  [[[[[[[[[[[[[[[[  5b5b5b5b5b5b5b5b5b5b5b5b5b5b5b5b
       223  ================  3d3d3d3d3d3d3d3d3d3d3d3d3d3d3d3d
       111  ::::::::::::::::  3a3a3a3a3a3a3a3a3a3a3a3a3a3a3a3a
       108  {{{{{{{{{{{{{{{{  7b7b7b7b7b7b7b7b7b7b7b7b7b7b7b7b
       100  ,,,,,,,,,,,,,,,,  2c2c2c2c2c2c2c2c2c2c2c2c2c2c2c2c
        95  ????????????????  3f3f3f3f3f3f3f3f3f3f3f3f3f3f3f3f
        87  >>>>>>>>>>>>>>>>  3e3e3e3e3e3e3e3e3e3e3e3e3e3e3e3e
        82  ................  d9d9d9d9d9d9d9d9d9d9d9d9d9d9d9d9
        80  8888888888888888  38383838383838383838383838383838
# epoch 4620  H=7.6013 C=7.3275 HO=0.2738  A(t)=765
       301  <<<<<<<<<<<<<<<<  3c3c3c3c3c3c3c3c3c3c3c3c3c3c3c3c
       229  [[[[[[[[[[[[[[[[  5b5b5b5b5b5b5b5b5b5b5b5b5b5b5b5b
       208  ================  3d3d3d3d3d3d3d3d3d3d3d3d3d3d3d3d
        96  ::::::::::::::::  3a3a3a3a3a3a3a3a3a3a3a3a3a3a3a3a
        95  6666666666666666  36363636363636363636363636363636
        92  {{{{{{{{{{{{{{{{  7b7b7b7b7b7b7b7b7b7b7b7b7b7b7b7b
        90  ,,,,,,,,,,,,,,,,  2c2c2c2c2c2c2c2c2c2c2c2c2c2c2c2c
        77  ................  d9d9d9d9d9d9d9d9d9d9d9d9d9d9d9d9
        74  ................  f3f3f3f3f3f3f3f3f3f3f3f3f3f3f3f3
        70  2222222222222222  32323232323232323232323232323232
# epoch 4640  H=7.6023 C=7.3296 HO=0.2727  A(t)=765
       249  <<<<<<<<<<<<<<<<  3c3c3c3c3c3c3c3c3c3c3c3c3c3c3c3c
       216  [[[[[[[[[[[[[[[[  5b5b5b5b5b5b5b5b5b5b5b5b5b5b5b5b
       200  ================  3d3d3d3d3d3d3d3d3d3d3d3d3d3d3d3d
       127  {{{{{{{{{{{{{{{{  7b7b7b7b7b7b7b7b7b7b7b7b7b7b7b7b
       103  ................  d9d9d9d9d9d9d9d9d9d9d9d9d9d9d9d9
        95  ::::::::::::::::  3a3a3a3a3a3a3a3a3a3a3a3a3a3a3a3a
        87  9999999999999999  39393939393939393939393939393939
        82  zzzzzzzzzzzzzzzz  7a7a7a7a7a7a7a7a7a7a7a7a7a7a7a7a
        80  ,,,,,,,,,,,,,,,,  2c2c2c2c2c2c2c2c2c2c2c2c2c2c2c2c
        72  6666666666666666  36363636363636363636363636363636
# epoch 4660  H=7.6002 C=7.3282 HO=0.2720  A(t)=765
       283  [[[[[[[[[[[[[[[[  5b5b5b5b5b5b5b5b5b5b5b5b5b5b5b5b
       250  <<<<<<<<<<<<<<<<  3c3c3c3c3c3c3c3c3c3c3c3c3c3c3c3c
       174  {{{{{{{{{{{{{{{{  7b7b7b7b7b7b7b7b7b7b7b7b7b7b7b7b
       174  ================  3d3d3d3d3d3d3d3d3d3d3d3d3d3d3d3d
       115  9999999999999999  39393939393939393939393939393939
        87  ,,,,,,,,,,,,,,,,  2c2c2c2c2c2c2c2c2c2c2c2c2c2c2c2c
        82  ................  fdfdfdfdfdfdfdfdfdfdfdfdfdfdfdfd
        82  zzzzzzzzzzzzzzzz  7a7a7a7a7a7a7a7a7a7a7a7a7a7a7a7a
        72  ::::::::::::::::  3a3a3a3a3a3a3a3a3a3a3a3a3a3a3a3a
        71  ................  d9d9d9d9d9d9d9d9d9d9d9d9d9d9d9d9
# epoch 4680  H=7.6035 C=7.3321 HO=0.2713  A(t)=772
       285  [[[[[[[[[[[[[[[[  5b5b5b5b5b5b5b5b5b5b5b5b5b5b5b5b
       261  <<<<<<<<<<<<<<<<  3c3c3c3c3c3c3c3c3c3c3c3c3c3c3c3c
       154  ================  3d3d3d3d3d3d3d3d3d3d3d3d3d3d3d3d
       118  {{{{{{{{{{{{{{{{  7b7b7b7b7b7b7b7b7b7b7b7b7b7b7b7b
       107  9999999999999999  39393939393939393939393939393939
        83  ,,,,,,,,,,,,,,,,  2c2c2c2c2c2c2c2c2c2c2c2c2c2c2c2c
        83  ................  16161616161616161616161616161616
        82  zzzzzzzzzzzzzzzz  7a7a7a7a7a7a7a7a7a7a7a7a7a7a7a7a
        82  yyyyyyyyyyyyyyyy  79797979797979797979797979797979
        68  ................  fdfdfdfdfdfdfdfdfdfdfdfdfdfdfdfd
# epoch 4700  H=7.6020 C=7.3321 HO=0.2699  A(t)=774
       260  <<<<<<<<<<<<<<<<  3c3c3c3c3c3c3c3c3c3c3c3c3c3c3c3c
       246  [[[[[[[[[[[[[[[[  5b5b5b5b5b5b5b5b5b5b5b5b5b5b5b5b
       179  ================  3d3d3d3d3d3d3d3d3d3d3d3d3d3d3d3d
       131  5555555555555555  35353535353535353535353535353535
       116  {{{{{{{{{{{{{{{{  7b7b7b7b7b7b7b7b7b7b7b7b7b7b7b7b
        96  9999999999999999  39393939393939393939393939393939
        78  ................  16161616161616161616161616161616
        76  zzzzzzzzzzzzzzzz  7a7a7a7a7a7a7a7a7a7a7a7a7a7a7a7a
        76  yyyyyyyyyyyyyyyy  79797979797979797979797979797979
        72  ,,,,,,,,,,,,,,,,  2c2c2c2c2c2c2c2c2c2c2c2c2c2c2c2c
# epoch 4720  H=7.6011 C=7.3328 HO=0.2683  A(t)=776
       297  <<<<<<<<<<<<<<<<  3c3c3c3c3c3c3c3c3c3c3c3c3c3c3c3c
       257  [[[[[[[[[[[[[[[[  5b5b5b5b5b5b5b5b5b5b5b5b5b5b5b5b
       155  ================  3d3d3d3d3d3d3d3d3d3d3d3d3d3d3d3d
       144  9999999999999999  39393939393939393939393939393939
       135  5555555555555555  35353535353535353535353535353535
       108  ,,,,,,,,,,,,,,,,  2c2c2c2c2c2c2c2c2c2c2c2c2c2c2c2c
       103  ::::::::::::::::  3a3a3a3a3a3a3a3a3a3a3a3a3a3a3a3a
        86  {{{{{{{{{{{{{{{{  7b7b7b7b7b7b7b7b7b7b7b7b7b7b7b7b
        78  ................  16161616161616161616161616161616
        76  zzzzzzzzzzzzzzzz  7a7a7a7a7a7a7a7a7a7a7a7a7a7a7a7a
# epoch 4740  H=7.6000 C=7.3323 HO=0.2677  A(t)=776
       288  <<<<<<<<<<<<<<<<  3c3c3c3c3c3c3c3c3c3c3c3c3c3c3c3c
       220  [[[[[[[[[[[[[[[[  5b5b5b5b5b5b5b5b5b5b5b5b5b5b5b5b
       206  ,,,,,,,,,,,,,,,,  2c2c2c2c2c2c2c2c2c2c2c2c2c2c2c2c
       158  ================  3d3d3d3d3d3d3d3d3d3d3d3d3d3d3d3d
       120  5555555555555555  35353535353535353535353535353535
       108  ................  f3f3f3f3f3f3f3f3f3f3f3f3f3f3f3f3
       100  9999999999999999  39393939393939393939393939393939
        83  ::::::::::::::::  3a3a3a3a3a3a3a3a3a3a3a3a3a3a3a3a
        76  zzzzzzzzzzzzzzzz  7a7a7a7a7a7a7a7a7a7a7a7a7a7a7a7a
        72  ................  16161616161616161616161616161616
# epoch 4760  H=7.5989 C=7.3318 HO=0.2671  A(t)=779
       286  <<<<<<<<<<<<<<<<  3c3c3c3c3c3c3c3c3c3c3c3c3c3c3c3c
       206  ,,,,,,,,,,,,,,,,  2c2c2c2c2c2c2c2c2c2c2c2c2c2c2c2c
       150  ================  3d3d3d3d3d3d3d3d3d3d3d3d3d3d3d3d
       149  [[[[[[[[[[[[[[[[  5b5b5b5b5b5b5b5b5b5b5b5b5b5b5b5b
       143  ................  f3f3f3f3f3f3f3f3f3f3f3f3f3f3f3f3
       135  ................  18181818181818181818181818181818
       114  5555555555555555  35353535353535353535353535353535
        94  ................  01010101010101010101010101010101
        84  9999999999999999  39393939393939393939393939393939
        72  ................  16161616161616161616161616161616
# epoch 4780  H=7.5995 C=7.3367 HO=0.2628  A(t)=789
       250  <<<<<<<<<<<<<<<<  3c3c3c3c3c3c3c3c3c3c3c3c3c3c3c3c
       165  ,,,,,,,,,,,,,,,,  2c2c2c2c2c2c2c2c2c2c2c2c2c2c2c2c
       137  [[[[[[[[[[[[[[[[  5b5b5b5b5b5b5b5b5b5b5b5b5b5b5b5b
       134  ================  3d3d3d3d3d3d3d3d3d3d3d3d3d3d3d3d
       128  ................  18181818181818181818181818181818
       124  ................  f3f3f3f3f3f3f3f3f3f3f3f3f3f3f3f3
       112  ::::::::::::::::  3a3a3a3a3a3a3a3a3a3a3a3a3a3a3a3a
        95  5555555555555555  35353535353535353535353535353535
        80  @@@@@@@@@@@@@@@@  40404040404040404040404040404040
        70  AAAAAAAAAAAAAAAA  41414141414141414141414141414141
# epoch 4800  H=7.5983 C=7.3394 HO=0.2589  A(t)=789
       261  <<<<<<<<<<<<<<<<  3c3c3c3c3c3c3c3c3c3c3c3c3c3c3c3c
       149  ,,,,,,,,,,,,,,,,  2c2c2c2c2c2c2c2c2c2c2c2c2c2c2c2c
       144  [[[[[[[[[[[[[[[[  5b5b5b5b5b5b5b5b5b5b5b5b5b5b5b5b
       119  tttttttttttttttt  74747474747474747474747474747474
       109  ::::::::::::::::  3a3a3a3a3a3a3a3a3a3a3a3a3a3a3a3a
       107  ................  18181818181818181818181818181818
       104  ................  f3f3f3f3f3f3f3f3f3f3f3f3f3f3f3f3
        95  ================  3d3d3d3d3d3d3d3d3d3d3d3d3d3d3d3d
        77  5555555555555555  35353535353535353535353535353535
        73  >>>>>>>>>>>>>>>>  3e3e3e3e3e3e3e3e3e3e3e3e3e3e3e3e
# epoch 4820  H=7.6008 C=7.3376 HO=0.2632  A(t)=791
       244  <<<<<<<<<<<<<<<<  3c3c3c3c3c3c3c3c3c3c3c3c3c3c3c3c
       187  ,,,,,,,,,,,,,,,,  2c2c2c2c2c2c2c2c2c2c2c2c2c2c2c2c
       135  [[[[[[[[[[[[[[[[  5b5b5b5b5b5b5b5b5b5b5b5b5b5b5b5b
       119  >>>>>>>>>>>>>>>>  3e3e3e3e3e3e3e3e3e3e3e3e3e3e3e3e
       115  tttttttttttttttt  74747474747474747474747474747474
       103  ................  f3f3f3f3f3f3f3f3f3f3f3f3f3f3f3f3
       103  6666666666666666  36363636363636363636363636363636
       101  ::::::::::::::::  3a3a3a3a3a3a3a3a3a3a3a3a3a3a3a3a
        98  EEEEEEEEEEEEEEEE  45454545454545454545454545454545
        92  ;;;;;;;;;;;;;;;;  3b3b3b3b3b3b3b3b3b3b3b3b3b3b3b3b
# epoch 4840  H=7.5996 C=7.3397 HO=0.2599  A(t)=791
       235  <<<<<<<<<<<<<<<<  3c3c3c3c3c3c3c3c3c3c3c3c3c3c3c3c
       190  ,,,,,,,,,,,,,,,,  2c2c2c2c2c2c2c2c2c2c2c2c2c2c2c2c
       126  [[[[[[[[[[[[[[[[  5b5b5b5b5b5b5b5b5b5b5b5b5b5b5b5b
        99  ::::::::::::::::  3a3a3a3a3a3a3a3a3a3a3a3a3a3a3a3a
        97  6666666666666666  36363636363636363636363636363636
        93  0000000000000000  30303030303030303030303030303030
        92  ................  f3f3f3f3f3f3f3f3f3f3f3f3f3f3f3f3
        82  >>>>>>>>>>>>>>>>  3e3e3e3e3e3e3e3e3e3e3e3e3e3e3e3e
        81  EEEEEEEEEEEEEEEE  45454545454545454545454545454545
        77  ................  e5e5e5e5e5e5e5e5e5e5e5e5e5e5e5e5
# epoch 4860  H=7.5946 C=7.3375 HO=0.2571  A(t)=793
       247  <<<<<<<<<<<<<<<<  3c3c3c3c3c3c3c3c3c3c3c3c3c3c3c3c
       230  ,,,,,,,,,,,,,,,,  2c2c2c2c2c2c2c2c2c2c2c2c2c2c2c2c
       123  0000000000000000  30303030303030303030303030303030
       115  [[[[[[[[[[[[[[[[  5b5b5b5b5b5b5b5b5b5b5b5b5b5b5b5b
        95  6666666666666666  36363636363636363636363636363636
        79  EEEEEEEEEEEEEEEE  45454545454545454545454545454545
        76  ;;;;;;;;;;;;;;;;  3b3b3b3b3b3b3b3b3b3b3b3b3b3b3b3b
        75  ................  f3f3f3f3f3f3f3f3f3f3f3f3f3f3f3f3
        73  tttttttttttttttt  74747474747474747474747474747474
        72  5555555555555555  35353535353535353535353535353535
# epoch 4880  H=7.5924 C=7.3368 HO=0.2556  A(t)=797
       201  <<<<<<<<<<<<<<<<  3c3c3c3c3c3c3c3c3c3c3c3c3c3c3c3c
       172  ,,,,,,,,,,,,,,,,  2c2c2c2c2c2c2c2c2c2c2c2c2c2c2c2c
       113  0000000000000000  30303030303030303030303030303030
        85  ................  91919191919191919191919191919191
        85  6666666666666666  36363636363636363636363636363636
        78  EEEEEEEEEEEEEEEE  45454545454545454545454545454545
        77  ????????????????  3f3f3f3f3f3f3f3f3f3f3f3f3f3f3f3f
        76  [[[[[[[[[[[[[[[[  5b5b5b5b5b5b5b5b5b5b5b5b5b5b5b5b
        74  ;;;;;;;;;;;;;;;;  3b3b3b3b3b3b3b3b3b3b3b3b3b3b3b3b
        72  5555555555555555  35353535353535353535353535353535
# epoch 4900  H=7.5941 C=7.3392 HO=0.2549  A(t)=802
       246  <<<<<<<<<<<<<<<<  3c3c3c3c3c3c3c3c3c3c3c3c3c3c3c3c
       137  ,,,,,,,,,,,,,,,,  2c2c2c2c2c2c2c2c2c2c2c2c2c2c2c2c
       113  0000000000000000  30303030303030303030303030303030
        90  ZZZZZZZZZZZZZZZZ  5a5a5a5a5a5a5a5a5a5a5a5a5a5a5a5a
        85  [[[[[[[[[[[[[[[[  5b5b5b5b5b5b5b5b5b5b5b5b5b5b5b5b
        81  ;;;;;;;;;;;;;;;;  3b3b3b3b3b3b3b3b3b3b3b3b3b3b3b3b
        80  ................  91919191919191919191919191919191
        80  6666666666666666  36363636363636363636363636363636
        79  ================  3d3d3d3d3d3d3d3d3d3d3d3d3d3d3d3d
        72  5555555555555555  35353535353535353535353535353535
# epoch 4920  H=7.5903 C=7.3331 HO=0.2572  A(t)=802
       389  <<<<<<<<<<<<<<<<  3c3c3c3c3c3c3c3c3c3c3c3c3c3c3c3c
       219  ,,,,,,,,,,,,,,,,  2c2c2c2c2c2c2c2c2c2c2c2c2c2c2c2c
       105  ;;;;;;;;;;;;;;;;  3b3b3b3b3b3b3b3b3b3b3b3b3b3b3b3b
       105  0000000000000000  30303030303030303030303030303030
        97  ................  b9b9b9b9b9b9b9b9b9b9b9b9b9b9b9b9
        77  ZZZZZZZZZZZZZZZZ  5a5a5a5a5a5a5a5a5a5a5a5a5a5a5a5a
        74  ................  91919191919191919191919191919191
        72  5555555555555555  35353535353535353535353535353535
        71  ................  bbbbbbbbbbbbbbbbbbbbbbbbbbbbbbbb
        69  EEEEEEEEEEEEEEEE  45454545454545454545454545454545
# epoch 4940  H=7.5884 C=7.3409 HO=0.2475  A(t)=804
       275  <<<<<<<<<<<<<<<<  3c3c3c3c3c3c3c3c3c3c3c3c3c3c3c3c
       169  ,,,,,,,,,,,,,,,,  2c2c2c2c2c2c2c2c2c2c2c2c2c2c2c2c
        96  {{{{{{{{{{{{{{{{  7b7b7b7b7b7b7b7b7b7b7b7b7b7b7b7b
        82  ;;;;;;;;;;;;;;;;  3b3b3b3b3b3b3b3b3b3b3b3b3b3b3b3b
        81  0000000000000000  30303030303030303030303030303030
        77  ................  02020202020202020202020202020202
        72  ................  91919191919191919191919191919191
        72  ZZZZZZZZZZZZZZZZ  5a5a5a5a5a5a5a5a5a5a5a5a5a5a5a5a
        72  5555555555555555  35353535353535353535353535353535
        71  ................  bbbbbbbbbbbbbbbbbbbbbbbbbbbbbbbb
# epoch 4960  H=7.5876 C=7.3441 HO=0.2435  A(t)=808
       236  <<<<<<<<<<<<<<<<  3c3c3c3c3c3c3c3c3c3c3c3c3c3c3c3c
       176  ,,,,,,,,,,,,,,,,  2c2c2c2c2c2c2c2c2c2c2c2c2c2c2c2c
        99  ;;;;;;;;;;;;;;;;  3b3b3b3b3b3b3b3b3b3b3b3b3b3b3b3b
        95  {{{{{{{{{{{{{{{{  7b7b7b7b7b7b7b7b7b7b7b7b7b7b7b7b
        93  ................  b9b9b9b9b9b9b9b9b9b9b9b9b9b9b9b9
        72  ................  91919191919191919191919191919191
        72  ZZZZZZZZZZZZZZZZ  5a5a5a5a5a5a5a5a5a5a5a5a5a5a5a5a
        72  5555555555555555  35353535353535353535353535353535
        69  ................  02020202020202020202020202020202
        63  EEEEEEEEEEEEEEEE  45454545454545454545454545454545
# epoch 4980  H=7.5863 C=7.3452 HO=0.2411  A(t)=810
       284  <<<<<<<<<<<<<<<<  3c3c3c3c3c3c3c3c3c3c3c3c3c3c3c3c
       150  ,,,,,,,,,,,,,,,,  2c2c2c2c2c2c2c2c2c2c2c2c2c2c2c2c
       131  ;;;;;;;;;;;;;;;;  3b3b3b3b3b3b3b3b3b3b3b3b3b3b3b3b
        80  ................  b9b9b9b9b9b9b9b9b9b9b9b9b9b9b9b9
        75  [[[[[[[[[[[[[[[[  5b5b5b5b5b5b5b5b5b5b5b5b5b5b5b5b
        69  {{{{{{{{{{{{{{{{  7b7b7b7b7b7b7b7b7b7b7b7b7b7b7b7b
        67  ZZZZZZZZZZZZZZZZ  5a5a5a5a5a5a5a5a5a5a5a5a5a5a5a5a
        64  ................  02020202020202020202020202020202
        61  ????????????????  3f3f3f3f3f3f3f3f3f3f3f3f3f3f3f3f
        60  ................  fdfdfdfdfdfdfdfdfdfdfdfdfdfdfdfd
# epoch 5000  H=7.5883 C=7.3422 HO=0.2460  A(t)=813
       270  <<<<<<<<<<<<<<<<  3c3c3c3c3c3c3c3c3c3c3c3c3c3c3c3c
       171  ;;;;;;;;;;;;;;;;  3b3b3b3b3b3b3b3b3b3b3b3b3b3b3b3b
       131  ,,,,,,,,,,,,,,,,  2c2c2c2c2c2c2c2c2c2c2c2c2c2c2c2c
        95  ================  3d3d3d3d3d3d3d3d3d3d3d3d3d3d3d3d
        83  GGGGGGGGGGGGGGGG  47474747474747474747474747474747
        82  ::::::::::::::::  3a3a3a3a3a3a3a3a3a3a3a3a3a3a3a3a
        79  ................  fbfbfbfbfbfbfbfbfbfbfbfbfbfbfbfb
        75  [[[[[[[[[[[[[[[[  5b5b5b5b5b5b5b5b5b5b5b5b5b5b5b5b
        69  {{{{{{{{{{{{{{{{  7b7b7b7b7b7b7b7b7b7b7b7b7b7b7b7b
        67  ................  8a8a8a8a8a8a8a8a8a8a8a8a8a8a8a8a
# epoch 5020  H=7.5884 C=7.3476 HO=0.2407  A(t)=813
       250  <<<<<<<<<<<<<<<<  3c3c3c3c3c3c3c3c3c3c3c3c3c3c3c3c
       192  ;;;;;;;;;;;;;;;;  3b3b3b3b3b3b3b3b3b3b3b3b3b3b3b3b
       129  ,,,,,,,,,,,,,,,,  2c2c2c2c2c2c2c2c2c2c2c2c2c2c2c2c
       115  ================  3d3d3d3d3d3d3d3d3d3d3d3d3d3d3d3d
        87  ::::::::::::::::  3a3a3a3a3a3a3a3a3a3a3a3a3a3a3a3a
        84  ................  84848484848484848484848484848484
        73  [[[[[[[[[[[[[[[[  5b5b5b5b5b5b5b5b5b5b5b5b5b5b5b5b
        72  ................  18181818181818181818181818181818
        71  ................  fbfbfbfbfbfbfbfbfbfbfbfbfbfbfbfb
        65  GGGGGGGGGGGGGGGG  47474747474747474747474747474747
# epoch 5040  H=7.5836 C=7.3434 HO=0.2402  A(t)=813
       270  <<<<<<<<<<<<<<<<  3c3c3c3c3c3c3c3c3c3c3c3c3c3c3c3c
       181  ;;;;;;;;;;;;;;;;  3b3b3b3b3b3b3b3b3b3b3b3b3b3b3b3b
       133  ,,,,,,,,,,,,,,,,  2c2c2c2c2c2c2c2c2c2c2c2c2c2c2c2c
        84  ================  3d3d3d3d3d3d3d3d3d3d3d3d3d3d3d3d
        81  ................  84848484848484848484848484848484
        75  ????????????????  3f3f3f3f3f3f3f3f3f3f3f3f3f3f3f3f
        71  ::::::::::::::::  3a3a3a3a3a3a3a3a3a3a3a3a3a3a3a3a
        64  ................  fafafafafafafafafafafafafafafafa
        64  {{{{{{{{{{{{{{{{  7b7b7b7b7b7b7b7b7b7b7b7b7b7b7b7b
        63  ................  fbfbfbfbfbfbfbfbfbfbfbfbfbfbfbfb
# epoch 5060  H=7.5823 C=7.3431 HO=0.2392  A(t)=813
       356  <<<<<<<<<<<<<<<<  3c3c3c3c3c3c3c3c3c3c3c3c3c3c3c3c
       170  ;;;;;;;;;;;;;;;;  3b3b3b3b3b3b3b3b3b3b3b3b3b3b3b3b
       151  ,,,,,,,,,,,,,,,,  2c2c2c2c2c2c2c2c2c2c2c2c2c2c2c2c
       120  ================  3d3d3d3d3d3d3d3d3d3d3d3d3d3d3d3d
        77  ................  84848484848484848484848484848484
        70  ::::::::::::::::  3a3a3a3a3a3a3a3a3a3a3a3a3a3a3a3a
        67  ................  c4c4c4c4c4c4c4c4c4c4c4c4c4c4c4c4
        63  {{{{{{{{{{{{{{{{  7b7b7b7b7b7b7b7b7b7b7b7b7b7b7b7b
        63  ????????????????  3f3f3f3f3f3f3f3f3f3f3f3f3f3f3f3f
        61  ................  fafafafafafafafafafafafafafafafa
# epoch 5080  H=7.5822 C=7.3474 HO=0.2348  A(t)=815
       287  <<<<<<<<<<<<<<<<  3c3c3c3c3c3c3c3c3c3c3c3c3c3c3c3c
       161  ;;;;;;;;;;;;;;;;  3b3b3b3b3b3b3b3b3b3b3b3b3b3b3b3b
       129  ,,,,,,,,,,,,,,,,  2c2c2c2c2c2c2c2c2c2c2c2c2c2c2c2c
        99  ================  3d3d3d3d3d3d3d3d3d3d3d3d3d3d3d3d
        77  ................  84848484848484848484848484848484
        67  ::::::::::::::::  3a3a3a3a3a3a3a3a3a3a3a3a3a3a3a3a
        63  ????????????????  3f3f3f3f3f3f3f3f3f3f3f3f3f3f3f3f
        62  {{{{{{{{{{{{{{{{  7b7b7b7b7b7b7b7b7b7b7b7b7b7b7b7b
        61  ................  fafafafafafafafafafafafafafafafa
        55  DDDDDDDDDDDDDDDD  44444444444444444444444444444444
# epoch 5100  H=7.5817 C=7.3494 HO=0.2323  A(t)=815
       237  <<<<<<<<<<<<<<<<  3c3c3c3c3c3c3c3c3c3c3c3c3c3c3c3c
       127  ;;;;;;;;;;;;;;;;  3b3b3b3b3b3b3b3b3b3b3b3b3b3b3b3b
       125  ================  3d3d3d3d3d3d3d3d3d3d3d3d3d3d3d3d
       108  ,,,,,,,,,,,,,,,,  2c2c2c2c2c2c2c2c2c2c2c2c2c2c2c2c
        92  [[[[[[[[[[[[[[[[  5b5b5b5b5b5b5b5b5b5b5b5b5b5b5b5b
        85  DDDDDDDDDDDDDDDD  44444444444444444444444444444444
        78  ................  ffffffffffffffffffffffffffffffff
        68  ****************  2a2a2a2a2a2a2a2a2a2a2a2a2a2a2a2a
        66  ::::::::::::::::  3a3a3a3a3a3a3a3a3a3a3a3a3a3a3a3a
        60  {{{{{{{{{{{{{{{{  7b7b7b7b7b7b7b7b7b7b7b7b7b7b7b7b
# epoch 5120  H=7.5814 C=7.3477 HO=0.2337  A(t)=815
       255  <<<<<<<<<<<<<<<<  3c3c3c3c3c3c3c3c3c3c3c3c3c3c3c3c
       178  ;;;;;;;;;;;;;;;;  3b3b3b3b3b3b3b3b3b3b3b3b3b3b3b3b
       108  ================  3d3d3d3d3d3d3d3d3d3d3d3d3d3d3d3d
        85  DDDDDDDDDDDDDDDD  44444444444444444444444444444444
        75  ,,,,,,,,,,,,,,,,  2c2c2c2c2c2c2c2c2c2c2c2c2c2c2c2c
        73  [[[[[[[[[[[[[[[[  5b5b5b5b5b5b5b5b5b5b5b5b5b5b5b5b
        66  ::::::::::::::::  3a3a3a3a3a3a3a3a3a3a3a3a3a3a3a3a
        63  ................  ffffffffffffffffffffffffffffffff
        58  ****************  2a2a2a2a2a2a2a2a2a2a2a2a2a2a2a2a
        51  ????????????????  3f3f3f3f3f3f3f3f3f3f3f3f3f3f3f3f
# epoch 5140  H=7.5799 C=7.3427 HO=0.2372  A(t)=815
       214  <<<<<<<<<<<<<<<<  3c3c3c3c3c3c3c3c3c3c3c3c3c3c3c3c
       169  ;;;;;;;;;;;;;;;;  3b3b3b3b3b3b3b3b3b3b3b3b3b3b3b3b
       149  ::::::::::::::::  3a3a3a3a3a3a3a3a3a3a3a3a3a3a3a3a
        97  ????????????????  3f3f3f3f3f3f3f3f3f3f3f3f3f3f3f3f
        93  ================  3d3d3d3d3d3d3d3d3d3d3d3d3d3d3d3d
        75  ................  01010101010101010101010101010101
        72  9999999999999999  39393939393939393939393939393939
        68  RRRRRRRRRRRRRRRR  52525252525252525252525252525252
        58  ,,,,,,,,,,,,,,,,  2c2c2c2c2c2c2c2c2c2c2c2c2c2c2c2c
        57  DDDDDDDDDDDDDDDD  44444444444444444444444444444444
# epoch 5160  H=7.5804 C=7.3415 HO=0.2389  A(t)=817
       185  <<<<<<<<<<<<<<<<  3c3c3c3c3c3c3c3c3c3c3c3c3c3c3c3c
       138  ;;;;;;;;;;;;;;;;  3b3b3b3b3b3b3b3b3b3b3b3b3b3b3b3b
       128  ????????????????  3f3f3f3f3f3f3f3f3f3f3f3f3f3f3f3f
       105  ================  3d3d3d3d3d3d3d3d3d3d3d3d3d3d3d3d
       101  ::::::::::::::::  3a3a3a3a3a3a3a3a3a3a3a3a3a3a3a3a
        78  BBBBBBBBBBBBBBBB  42424242424242424242424242424242
        69  ................  01010101010101010101010101010101
        65  RRRRRRRRRRRRRRRR  52525252525252525252525252525252
        57  ****************  2a2a2a2a2a2a2a2a2a2a2a2a2a2a2a2a
        55  ................  f2f2f2f2f2f2f2f2f2f2f2f2f2f2f2f2
# epoch 5180  H=7.5823 C=7.3465 HO=0.2358  A(t)=817
       144  ;;;;;;;;;;;;;;;;  3b3b3b3b3b3b3b3b3b3b3b3b3b3b3b3b
       135  <<<<<<<<<<<<<<<<  3c3c3c3c3c3c3c3c3c3c3c3c3c3c3c3c
        93  ::::::::::::::::  3a3a3a3a3a3a3a3a3a3a3a3a3a3a3a3a
        90  ????????????????  3f3f3f3f3f3f3f3f3f3f3f3f3f3f3f3f
        80  ................  ffffffffffffffffffffffffffffffff
        77  BBBBBBBBBBBBBBBB  42424242424242424242424242424242
        77  ================  3d3d3d3d3d3d3d3d3d3d3d3d3d3d3d3d
        65  RRRRRRRRRRRRRRRR  52525252525252525252525252525252
        65  ................  01010101010101010101010101010101
        55  AAAAAAAAAAAAAAAA  41414141414141414141414141414141
# epoch 5200  H=7.5868 C=7.3591 HO=0.2277  A(t)=819
       149  ;;;;;;;;;;;;;;;;  3b3b3b3b3b3b3b3b3b3b3b3b3b3b3b3b
       117  <<<<<<<<<<<<<<<<  3c3c3c3c3c3c3c3c3c3c3c3c3c3c3c3c
        92  ::::::::::::::::  3a3a3a3a3a3a3a3a3a3a3a3a3a3a3a3a
        84  9999999999999999  39393939393939393939393939393939
        80  ................  ffffffffffffffffffffffffffffffff
        79  ????????????????  3f3f3f3f3f3f3f3f3f3f3f3f3f3f3f3f
        67  ================  3d3d3d3d3d3d3d3d3d3d3d3d3d3d3d3d
        58  ................  01010101010101010101010101010101
        51  AAAAAAAAAAAAAAAA  41414141414141414141414141414141
        49  BBBBBBBBBBBBBBBB  42424242424242424242424242424242
# epoch 5220  H=7.5873 C=7.3611 HO=0.2262  A(t)=819
       152  ;;;;;;;;;;;;;;;;  3b3b3b3b3b3b3b3b3b3b3b3b3b3b3b3b
       128  <<<<<<<<<<<<<<<<  3c3c3c3c3c3c3c3c3c3c3c3c3c3c3c3c
       115  9999999999999999  39393939393939393939393939393939
        91  ::::::::::::::::  3a3a3a3a3a3a3a3a3a3a3a3a3a3a3a3a
        85  BBBBBBBBBBBBBBBB  42424242424242424242424242424242
        64  ................  a3a3a3a3a3a3a3a3a3a3a3a3a3a3a3a3
        62  ................  ffffffffffffffffffffffffffffffff
        61  ????????????????  3f3f3f3f3f3f3f3f3f3f3f3f3f3f3f3f
        59  ================  3d3d3d3d3d3d3d3d3d3d3d3d3d3d3d3d
        56  ................  01010101010101010101010101010101
# epoch 5240  H=7.5903 C=7.3633 HO=0.2270  A(t)=819
       192  <<<<<<<<<<<<<<<<  3c3c3c3c3c3c3c3c3c3c3c3c3c3c3c3c
       134  ;;;;;;;;;;;;;;;;  3b3b3b3b3b3b3b3b3b3b3b3b3b3b3b3b
       118  ::::::::::::::::  3a3a3a3a3a3a3a3a3a3a3a3a3a3a3a3a
        84  9999999999999999  39393939393939393939393939393939
        81  ================  3d3d3d3d3d3d3d3d3d3d3d3d3d3d3d3d
        59  ................  a3a3a3a3a3a3a3a3a3a3a3a3a3a3a3a3
        59  ????????????????  3f3f3f3f3f3f3f3f3f3f3f3f3f3f3f3f
        56  ................  01010101010101010101010101010101
        49  BBBBBBBBBBBBBBBB  42424242424242424242424242424242
        48  1111111111111111  31313131313131313131313131313131
# epoch 5260  H=7.5910 C=7.3651 HO=0.2259  A(t)=819
       256  <<<<<<<<<<<<<<<<  3c3c3c3c3c3c3c3c3c3c3c3c3c3c3c3c
       132  ;;;;;;;;;;;;;;;;  3b3b3b3b3b3b3b3b3b3b3b3b3b3b3b3b
       116  ================  3d3d3d3d3d3d3d3d3d3d3d3d3d3d3d3d
       110  ::::::::::::::::  3a3a3a3a3a3a3a3a3a3a3a3a3a3a3a3a
        77  9999999999999999  39393939393939393939393939393939
        61  ]]]]]]]]]]]]]]]]  5d5d5d5d5d5d5d5d5d5d5d5d5d5d5d5d
        55  ????????????????  3f3f3f3f3f3f3f3f3f3f3f3f3f3f3f3f
        52  ................  98989898989898989898989898989898
        48  ................  01010101010101010101010101010101
        46  AAAAAAAAAAAAAAAA  41414141414141414141414141414141
# epoch 5280  H=7.5907 C=7.3631 HO=0.2276  A(t)=819
       251  <<<<<<<<<<<<<<<<  3c3c3c3c3c3c3c3c3c3c3c3c3c3c3c3c
       159  ;;;;;;;;;;;;;;;;  3b3b3b3b3b3b3b3b3b3b3b3b3b3b3b3b
       102  ::::::::::::::::  3a3a3a3a3a3a3a3a3a3a3a3a3a3a3a3a
        96  ================  3d3d3d3d3d3d3d3d3d3d3d3d3d3d3d3d
        82  AAAAAAAAAAAAAAAA  41414141414141414141414141414141
        77  ................  9d9d9d9d9d9d9d9d9d9d9d9d9d9d9d9d
        77  9999999999999999  39393939393939393939393939393939
        75  @@@@@@@@@@@@@@@@  40404040404040404040404040404040
        60  ................  17171717171717171717171717171717
        59  ????????????????  3f3f3f3f3f3f3f3f3f3f3f3f3f3f3f3f
# epoch 5300  H=7.5872 C=7.3611 HO=0.2261  A(t)=819
       322  <<<<<<<<<<<<<<<<  3c3c3c3c3c3c3c3c3c3c3c3c3c3c3c3c
       150  ;;;;;;;;;;;;;;;;  3b3b3b3b3b3b3b3b3b3b3b3b3b3b3b3b
       102  ::::::::::::::::  3a3a3a3a3a3a3a3a3a3a3a3a3a3a3a3a
        94  ================  3d3d3d3d3d3d3d3d3d3d3d3d3d3d3d3d
        85  ,,,,,,,,,,,,,,,,  2c2c2c2c2c2c2c2c2c2c2c2c2c2c2c2c
        77  9999999999999999  39393939393939393939393939393939
        76  ................  9d9d9d9d9d9d9d9d9d9d9d9d9d9d9d9d
        64  >>>>>>>>>>>>>>>>  3e3e3e3e3e3e3e3e3e3e3e3e3e3e3e3e
        59  ................  c8c8c8c8c8c8c8c8c8c8c8c8c8c8c8c8
        59  AAAAAAAAAAAAAAAA  41414141414141414141414141414141
# epoch 5320  H=7.5855 C=7.3628 HO=0.2227  A(t)=819
       328  <<<<<<<<<<<<<<<<  3c3c3c3c3c3c3c3c3c3c3c3c3c3c3c3c
       144  ;;;;;;;;;;;;;;;;  3b3b3b3b3b3b3b3b3b3b3b3b3b3b3b3b
       104  9999999999999999  39393939393939393939393939393939
        87  ,,,,,,,,,,,,,,,,  2c2c2c2c2c2c2c2c2c2c2c2c2c2c2c2c
        75  ================  3d3d3d3d3d3d3d3d3d3d3d3d3d3d3d3d
        73  >>>>>>>>>>>>>>>>  3e3e3e3e3e3e3e3e3e3e3e3e3e3e3e3e
        73  ::::::::::::::::  3a3a3a3a3a3a3a3a3a3a3a3a3a3a3a3a
        68  ................  02020202020202020202020202020202
        67  4444444444444444  34343434343434343434343434343434
        64  ................  e6e6e6e6e6e6e6e6e6e6e6e6e6e6e6e6
# epoch 5340  H=7.5844 C=7.3632 HO=0.2212  A(t)=823
       353  <<<<<<<<<<<<<<<<  3c3c3c3c3c3c3c3c3c3c3c3c3c3c3c3c
       102  ;;;;;;;;;;;;;;;;  3b3b3b3b3b3b3b3b3b3b3b3b3b3b3b3b
        89  9999999999999999  39393939393939393939393939393939
        77  ,,,,,,,,,,,,,,,,  2c2c2c2c2c2c2c2c2c2c2c2c2c2c2c2c
        75  >>>>>>>>>>>>>>>>  3e3e3e3e3e3e3e3e3e3e3e3e3e3e3e3e
        69  ================  3d3d3d3d3d3d3d3d3d3d3d3d3d3d3d3d
        69  ::::::::::::::::  3a3a3a3a3a3a3a3a3a3a3a3a3a3a3a3a
        66  4444444444444444  34343434343434343434343434343434
        55  ]]]]]]]]]]]]]]]]  5d5d5d5d5d5d5d5d5d5d5d5d5d5d5d5d
        52  ................  02020202020202020202020202020202
# epoch 5360  H=7.5834 C=7.3641 HO=0.2193  A(t)=826
       354  <<<<<<<<<<<<<<<<  3c3c3c3c3c3c3c3c3c3c3c3c3c3c3c3c
        96  ;;;;;;;;;;;;;;;;  3b3b3b3b3b3b3b3b3b3b3b3b3b3b3b3b
        86  9999999999999999  39393939393939393939393939393939
        77  ,,,,,,,,,,,,,,,,  2c2c2c2c2c2c2c2c2c2c2c2c2c2c2c2c
        67  ================  3d3d3d3d3d3d3d3d3d3d3d3d3d3d3d3d
        65  >>>>>>>>>>>>>>>>  3e3e3e3e3e3e3e3e3e3e3e3e3e3e3e3e
        64  ::::::::::::::::  3a3a3a3a3a3a3a3a3a3a3a3a3a3a3a3a
        63  ????????????????  3f3f3f3f3f3f3f3f3f3f3f3f3f3f3f3f
        61  BBBBBBBBBBBBBBBB  42424242424242424242424242424242
        55  ................  13131313131313131313131313131313
# epoch 5380  H=7.5825 C=7.3640 HO=0.2185  A(t)=826
       372  <<<<<<<<<<<<<<<<  3c3c3c3c3c3c3c3c3c3c3c3c3c3c3c3c
       128  ;;;;;;;;;;;;;;;;  3b3b3b3b3b3b3b3b3b3b3b3b3b3b3b3b
        88  9999999999999999  39393939393939393939393939393939
        76  >>>>>>>>>>>>>>>>  3e3e3e3e3e3e3e3e3e3e3e3e3e3e3e3e
        76  ,,,,,,,,,,,,,,,,  2c2c2c2c2c2c2c2c2c2c2c2c2c2c2c2c
        70  [[[[[[[[[[[[[[[[  5b5b5b5b5b5b5b5b5b5b5b5b5b5b5b5b
        62  ????????????????  3f3f3f3f3f3f3f3f3f3f3f3f3f3f3f3f
        56  ::::::::::::::::  3a3a3a3a3a3a3a3a3a3a3a3a3a3a3a3a
        53  ................  bfbfbfbfbfbfbfbfbfbfbfbfbfbfbfbf
        50  4444444444444444  34343434343434343434343434343434
# epoch 5400  H=7.5782 C=7.3614 HO=0.2167  A(t)=828
       316  <<<<<<<<<<<<<<<<  3c3c3c3c3c3c3c3c3c3c3c3c3c3c3c3c
       111  ;;;;;;;;;;;;;;;;  3b3b3b3b3b3b3b3b3b3b3b3b3b3b3b3b
       107  [[[[[[[[[[[[[[[[  5b5b5b5b5b5b5b5b5b5b5b5b5b5b5b5b
        99  vvvvvvvvvvvvvvvv  76767676767676767676767676767676
        85  ,,,,,,,,,,,,,,,,  2c2c2c2c2c2c2c2c2c2c2c2c2c2c2c2c
        81  9999999999999999  39393939393939393939393939393939
        67  ................  e0e0e0e0e0e0e0e0e0e0e0e0e0e0e0e0
        52  ::::::::::::::::  3a3a3a3a3a3a3a3a3a3a3a3a3a3a3a3a
        51  ................  bfbfbfbfbfbfbfbfbfbfbfbfbfbfbfbf
        50  ................  01010101010101010101010101010101
# epoch 5420  H=7.5754 C=7.3579 HO=0.2175  A(t)=832
       269  <<<<<<<<<<<<<<<<  3c3c3c3c3c3c3c3c3c3c3c3c3c3c3c3c
       168  9999999999999999  39393939393939393939393939393939
       152  ;;;;;;;;;;;;;;;;  3b3b3b3b3b3b3b3b3b3b3b3b3b3b3b3b
       145  [[[[[[[[[[[[[[[[  5b5b5b5b5b5b5b5b5b5b5b5b5b5b5b5b
        81  ,,,,,,,,,,,,,,,,  2c2c2c2c2c2c2c2c2c2c2c2c2c2c2c2c
        79  vvvvvvvvvvvvvvvv  76767676767676767676767676767676
        71  ................  01010101010101010101010101010101
        67  @@@@@@@@@@@@@@@@  40404040404040404040404040404040
        64  >>>>>>>>>>>>>>>>  3e3e3e3e3e3e3e3e3e3e3e3e3e3e3e3e
        63  ................  c9c9c9c9c9c9c9c9c9c9c9c9c9c9c9c9
# epoch 5440  H=7.5727 C=7.3563 HO=0.2164  A(t)=832
       220  <<<<<<<<<<<<<<<<  3c3c3c3c3c3c3c3c3c3c3c3c3c3c3c3c
       145  9999999999999999  39393939393939393939393939393939
       139  [[[[[[[[[[[[[[[[  5b5b5b5b5b5b5b5b5b5b5b5b5b5b5b5b
       121  ;;;;;;;;;;;;;;;;  3b3b3b3b3b3b3b3b3b3b3b3b3b3b3b3b
       107  >>>>>>>>>>>>>>>>  3e3e3e3e3e3e3e3e3e3e3e3e3e3e3e3e
       106  ................  01010101010101010101010101010101
       105  ,,,,,,,,,,,,,,,,  2c2c2c2c2c2c2c2c2c2c2c2c2c2c2c2c
        91  ????????????????  3f3f3f3f3f3f3f3f3f3f3f3f3f3f3f3f
        88  ................  fdfdfdfdfdfdfdfdfdfdfdfdfdfdfdfd
        62  vvvvvvvvvvvvvvvv  76767676767676767676767676767676
# epoch 5460  H=7.5759 C=7.3615 HO=0.2143  A(t)=834
       217  <<<<<<<<<<<<<<<<  3c3c3c3c3c3c3c3c3c3c3c3c3c3c3c3c
       144  ;;;;;;;;;;;;;;;;  3b3b3b3b3b3b3b3b3b3b3b3b3b3b3b3b
       140  9999999999999999  39393939393939393939393939393939
       131  [[[[[[[[[[[[[[[[  5b5b5b5b5b5b5b5b5b5b5b5b5b5b5b5b
       105  ................  edededededededededededededededed
       100  ................  01010101010101010101010101010101
        90  >>>>>>>>>>>>>>>>  3e3e3e3e3e3e3e3e3e3e3e3e3e3e3e3e
        86  ????????????????  3f3f3f3f3f3f3f3f3f3f3f3f3f3f3f3f
        84  ,,,,,,,,,,,,,,,,  2c2c2c2c2c2c2c2c2c2c2c2c2c2c2c2c
        79  ................  fdfdfdfdfdfdfdfdfdfdfdfdfdfdfdfd
# epoch 5480  H=7.5789 C=7.3642 HO=0.2147  A(t)=840
       197  <<<<<<<<<<<<<<<<  3c3c3c3c3c3c3c3c3c3c3c3c3c3c3c3c
       176  ;;;;;;;;;;;;;;;;  3b3b3b3b3b3b3b3b3b3b3b3b3b3b3b3b
       121  9999999999999999  39393939393939393939393939393939
       118  [[[[[[[[[[[[[[[[  5b5b5b5b5b5b5b5b5b5b5b5b5b5b5b5b
       104  ................  01010101010101010101010101010101
        96  ................  f8f8f8f8f8f8f8f8f8f8f8f8f8f8f8f8
        84  ................  edededededededededededededededed
        84  ????????????????  3f3f3f3f3f3f3f3f3f3f3f3f3f3f3f3f
        83  ,,,,,,,,,,,,,,,,  2c2c2c2c2c2c2c2c2c2c2c2c2c2c2c2c
        69  ................  fdfdfdfdfdfdfdfdfdfdfdfdfdfdfdfd
# epoch 5500  H=7.5807 C=7.3629 HO=0.2177  A(t)=840
       231  <<<<<<<<<<<<<<<<  3c3c3c3c3c3c3c3c3c3c3c3c3c3c3c3c
       202  ;;;;;;;;;;;;;;;;  3b3b3b3b3b3b3b3b3b3b3b3b3b3b3b3b
       148  9999999999999999  39393939393939393939393939393939
       128  [[[[[[[[[[[[[[[[  5b5b5b5b5b5b5b5b5b5b5b5b5b5b5b5b
       106  ................  f8f8f8f8f8f8f8f8f8f8f8f8f8f8f8f8
        99  ................  01010101010101010101010101010101
        83  ................  edededededededededededededededed
        83  ,,,,,,,,,,,,,,,,  2c2c2c2c2c2c2c2c2c2c2c2c2c2c2c2c
        76  ????????????????  3f3f3f3f3f3f3f3f3f3f3f3f3f3f3f3f
        62  ................  fdfdfdfdfdfdfdfdfdfdfdfdfdfdfdfd
# epoch 5520  H=7.5848 C=7.3666 HO=0.2182  A(t)=842
       213  <<<<<<<<<<<<<<<<  3c3c3c3c3c3c3c3c3c3c3c3c3c3c3c3c
       191  ;;;;;;;;;;;;;;;;  3b3b3b3b3b3b3b3b3b3b3b3b3b3b3b3b
       121  ,,,,,,,,,,,,,,,,  2c2c2c2c2c2c2c2c2c2c2c2c2c2c2c2c
       115  9999999999999999  39393939393939393939393939393939
       108  [[[[[[[[[[[[[[[[  5b5b5b5b5b5b5b5b5b5b5b5b5b5b5b5b
        97  ................  01010101010101010101010101010101
        84  ................  f8f8f8f8f8f8f8f8f8f8f8f8f8f8f8f8
        82  ................  edededededededededededededededed
        80  YYYYYYYYYYYYYYYY  59595959595959595959595959595959
        76  ????????????????  3f3f3f3f3f3f3f3f3f3f3f3f3f3f3f3f
# epoch 5540  H=7.5828 C=7.3669 HO=0.2159  A(t)=842
       220  <<<<<<<<<<<<<<<<  3c3c3c3c3c3c3c3c3c3c3c3c3c3c3c3c
       189  ;;;;;;;;;;;;;;;;  3b3b3b3b3b3b3b3b3b3b3b3b3b3b3b3b
       142  ,,,,,,,,,,,,,,,,  2c2c2c2c2c2c2c2c2c2c2c2c2c2c2c2c
       111  ................  d4d4d4d4d4d4d4d4d4d4d4d4d4d4d4d4
       104  9999999999999999  39393939393939393939393939393939
        95  [[[[[[[[[[[[[[[[  5b5b5b5b5b5b5b5b5b5b5b5b5b5b5b5b
        79  ................  01010101010101010101010101010101
        76  ................  f8f8f8f8f8f8f8f8f8f8f8f8f8f8f8f8
        76  ????????????????  3f3f3f3f3f3f3f3f3f3f3f3f3f3f3f3f
        74  ................  edededededededededededededededed
# epoch 5560  H=7.5821 C=7.3700 HO=0.2121  A(t)=842
       151  <<<<<<<<<<<<<<<<  3c3c3c3c3c3c3c3c3c3c3c3c3c3c3c3c
       146  ,,,,,,,,,,,,,,,,  2c2c2c2c2c2c2c2c2c2c2c2c2c2c2c2c
       138  ;;;;;;;;;;;;;;;;  3b3b3b3b3b3b3b3b3b3b3b3b3b3b3b3b
       100  9999999999999999  39393939393939393939393939393939
        99  ................  d4d4d4d4d4d4d4d4d4d4d4d4d4d4d4d4
        74  [[[[[[[[[[[[[[[[  5b5b5b5b5b5b5b5b5b5b5b5b5b5b5b5b
        70  ................  edededededededededededededededed
        67  llllllllllllllll  6c6c6c6c6c6c6c6c6c6c6c6c6c6c6c6c
        64  ................  f8f8f8f8f8f8f8f8f8f8f8f8f8f8f8f8
        64  ................  90909090909090909090909090909090
# epoch 5580  H=7.5773 C=7.3657 HO=0.2116  A(t)=842
       259  <<<<<<<<<<<<<<<<  3c3c3c3c3c3c3c3c3c3c3c3c3c3c3c3c
       143  ,,,,,,,,,,,,,,,,  2c2c2c2c2c2c2c2c2c2c2c2c2c2c2c2c
       115  ;;;;;;;;;;;;;;;;  3b3b3b3b3b3b3b3b3b3b3b3b3b3b3b3b
        97  ................  d4d4d4d4d4d4d4d4d4d4d4d4d4d4d4d4
        79  wwwwwwwwwwwwwwww  77777777777777777777777777777777
        79  9999999999999999  39393939393939393939393939393939
        70  ????????????????  3f3f3f3f3f3f3f3f3f3f3f3f3f3f3f3f
        63  {{{{{{{{{{{{{{{{  7b7b7b7b7b7b7b7b7b7b7b7b7b7b7b7b
        62  ................  90909090909090909090909090909090
        62  yyyyyyyyyyyyyyyy  79797979797979797979797979797979
# epoch 5600  H=7.5780 C=7.3658 HO=0.2122  A(t)=842
       335  <<<<<<<<<<<<<<<<  3c3c3c3c3c3c3c3c3c3c3c3c3c3c3c3c
       109  ;;;;;;;;;;;;;;;;  3b3b3b3b3b3b3b3b3b3b3b3b3b3b3b3b
       100  ,,,,,,,,,,,,,,,,  2c2c2c2c2c2c2c2c2c2c2c2c2c2c2c2c
        81  8888888888888888  38383838383838383838383838383838
        79  9999999999999999  39393939393939393939393939393939
        72  ................  d4d4d4d4d4d4d4d4d4d4d4d4d4d4d4d4
        68  ????????????????  3f3f3f3f3f3f3f3f3f3f3f3f3f3f3f3f
        68  7777777777777777  37373737373737373737373737373737
        66  RRRRRRRRRRRRRRRR  52525252525252525252525252525252
        64  wwwwwwwwwwwwwwww  77777777777777777777777777777777
# epoch 5620  H=7.5779 C=7.3689 HO=0.2090  A(t)=842
       313  <<<<<<<<<<<<<<<<  3c3c3c3c3c3c3c3c3c3c3c3c3c3c3c3c
       135  ;;;;;;;;;;;;;;;;  3b3b3b3b3b3b3b3b3b3b3b3b3b3b3b3b
       112  ................  d4d4d4d4d4d4d4d4d4d4d4d4d4d4d4d4
        82  ,,,,,,,,,,,,,,,,  2c2c2c2c2c2c2c2c2c2c2c2c2c2c2c2c
        80  8888888888888888  38383838383838383838383838383838
        73  YYYYYYYYYYYYYYYY  59595959595959595959595959595959
        72  9999999999999999  39393939393939393939393939393939
        62  wwwwwwwwwwwwwwww  77777777777777777777777777777777
        60  ????????????????  3f3f3f3f3f3f3f3f3f3f3f3f3f3f3f3f
        58  7777777777777777  37373737373737373737373737373737
# epoch 5640  H=7.5765 C=7.3639 HO=0.2127  A(t)=844
       296  <<<<<<<<<<<<<<<<  3c3c3c3c3c3c3c3c3c3c3c3c3c3c3c3c
       139  ................  d4d4d4d4d4d4d4d4d4d4d4d4d4d4d4d4
       112  ;;;;;;;;;;;;;;;;  3b3b3b3b3b3b3b3b3b3b3b3b3b3b3b3b
        91  1111111111111111  31313131313131313131313131313131
        78  ................  1b1b1b1b1b1b1b1b1b1b1b1b1b1b1b1b
        77  8888888888888888  38383838383838383838383838383838
        73  YYYYYYYYYYYYYYYY  59595959595959595959595959595959
        72  9999999999999999  39393939393939393939393939393939
        72  ,,,,,,,,,,,,,,,,  2c2c2c2c2c2c2c2c2c2c2c2c2c2c2c2c
        66  ................  9b9b9b9b9b9b9b9b9b9b9b9b9b9b9b9b
# epoch 5660  H=7.5761 C=7.3660 HO=0.2101  A(t)=844
       256  <<<<<<<<<<<<<<<<  3c3c3c3c3c3c3c3c3c3c3c3c3c3c3c3c
       150  ;;;;;;;;;;;;;;;;  3b3b3b3b3b3b3b3b3b3b3b3b3b3b3b3b
       126  ????????????????  3f3f3f3f3f3f3f3f3f3f3f3f3f3f3f3f
       114  ................  d4d4d4d4d4d4d4d4d4d4d4d4d4d4d4d4
       102  ,,,,,,,,,,,,,,,,  2c2c2c2c2c2c2c2c2c2c2c2c2c2c2c2c
        84  1111111111111111  31313131313131313131313131313131
        77  8888888888888888  38383838383838383838383838383838
        73  YYYYYYYYYYYYYYYY  59595959595959595959595959595959
        71  ................  1b1b1b1b1b1b1b1b1b1b1b1b1b1b1b1b
        66  9999999999999999  39393939393939393939393939393939
# epoch 5680  H=7.5762 C=7.3673 HO=0.2089  A(t)=844
       267  <<<<<<<<<<<<<<<<  3c3c3c3c3c3c3c3c3c3c3c3c3c3c3c3c
       166  ;;;;;;;;;;;;;;;;  3b3b3b3b3b3b3b3b3b3b3b3b3b3b3b3b
       116  ................  d4d4d4d4d4d4d4d4d4d4d4d4d4d4d4d4
       110  ????????????????  3f3f3f3f3f3f3f3f3f3f3f3f3f3f3f3f
        97  ................  90909090909090909090909090909090
        94  ................  9b9b9b9b9b9b9b9b9b9b9b9b9b9b9b9b
        90  ................  cececececececececececececececece
        89  ,,,,,,,,,,,,,,,,  2c2c2c2c2c2c2c2c2c2c2c2c2c2c2c2c
        71  ................  1b1b1b1b1b1b1b1b1b1b1b1b1b1b1b1b
        66  9999999999999999  39393939393939393939393939393939
# epoch 5700  H=7.5767 C=7.3727 HO=0.2040  A(t)=846
       197  <<<<<<<<<<<<<<<<  3c3c3c3c3c3c3c3c3c3c3c3c3c3c3c3c
       149  ................  cececececececececececececececece
       123  ;;;;;;;;;;;;;;;;  3b3b3b3b3b3b3b3b3b3b3b3b3b3b3b3b
       100  ................  d4d4d4d4d4d4d4d4d4d4d4d4d4d4d4d4
        87  ................  90909090909090909090909090909090
        85  ????????????????  3f3f3f3f3f3f3f3f3f3f3f3f3f3f3f3f
        82  ................  9b9b9b9b9b9b9b9b9b9b9b9b9b9b9b9b
        62  ................  1b1b1b1b1b1b1b1b1b1b1b1b1b1b1b1b
        60  9999999999999999  39393939393939393939393939393939
        55  1111111111111111  31313131313131313131313131313131
# epoch 5720  H=7.5757 C=7.3688 HO=0.2069  A(t)=847
       301  <<<<<<<<<<<<<<<<  3c3c3c3c3c3c3c3c3c3c3c3c3c3c3c3c
       143  ;;;;;;;;;;;;;;;;  3b3b3b3b3b3b3b3b3b3b3b3b3b3b3b3b
       127  ................  cececececececececececececececece
       101  1111111111111111  31313131313131313131313131313131
        91  ................  d4d4d4d4d4d4d4d4d4d4d4d4d4d4d4d4
        81  ................  9b9b9b9b9b9b9b9b9b9b9b9b9b9b9b9b
        78  ................  90909090909090909090909090909090
        78  ????????????????  3f3f3f3f3f3f3f3f3f3f3f3f3f3f3f3f
        78  ,,,,,,,,,,,,,,,,  2c2c2c2c2c2c2c2c2c2c2c2c2c2c2c2c
        63  ................  18181818181818181818181818181818
# epoch 5740  H=7.5762 C=7.3631 HO=0.2131  A(t)=847
       353  <<<<<<<<<<<<<<<<  3c3c3c3c3c3c3c3c3c3c3c3c3c3c3c3c
       134  [[[[[[[[[[[[[[[[  5b5b5b5b5b5b5b5b5b5b5b5b5b5b5b5b
       115  ,,,,,,,,,,,,,,,,  2c2c2c2c2c2c2c2c2c2c2c2c2c2c2c2c
       110  ;;;;;;;;;;;;;;;;  3b3b3b3b3b3b3b3b3b3b3b3b3b3b3b3b
       104  ................  cececececececececececececececece
       103  ................  18181818181818181818181818181818
        88  ################  23232323232323232323232323232323
        81  ................  d4d4d4d4d4d4d4d4d4d4d4d4d4d4d4d4
        78  ................  90909090909090909090909090909090
        75  ................  a5a5a5a5a5a5a5a5a5a5a5a5a5a5a5a5
# epoch 5760  H=7.5745 C=7.3609 HO=0.2136  A(t)=849
       325  <<<<<<<<<<<<<<<<  3c3c3c3c3c3c3c3c3c3c3c3c3c3c3c3c
       143  ;;;;;;;;;;;;;;;;  3b3b3b3b3b3b3b3b3b3b3b3b3b3b3b3b
       139  ,,,,,,,,,,,,,,,,  2c2c2c2c2c2c2c2c2c2c2c2c2c2c2c2c
       105  9999999999999999  39393939393939393939393939393939
        99  [[[[[[[[[[[[[[[[  5b5b5b5b5b5b5b5b5b5b5b5b5b5b5b5b
        92  ................  ecececececececececececececececec
        84  ................  cececececececececececececececece
        81  ................  d4d4d4d4d4d4d4d4d4d4d4d4d4d4d4d4
        79  ================  3d3d3d3d3d3d3d3d3d3d3d3d3d3d3d3d
        78  ................  90909090909090909090909090909090
# epoch 5780  H=7.5749 C=7.3618 HO=0.2131  A(t)=851
       314  <<<<<<<<<<<<<<<<  3c3c3c3c3c3c3c3c3c3c3c3c3c3c3c3c
       157  [[[[[[[[[[[[[[[[  5b5b5b5b5b5b5b5b5b5b5b5b5b5b5b5b
       133  ;;;;;;;;;;;;;;;;  3b3b3b3b3b3b3b3b3b3b3b3b3b3b3b3b
       129  ................  ecececececececececececececececec
       121  ,,,,,,,,,,,,,,,,  2c2c2c2c2c2c2c2c2c2c2c2c2c2c2c2c
       116  9999999999999999  39393939393939393939393939393939
        75  ################  23232323232323232323232323232323
        72  ================  3d3d3d3d3d3d3d3d3d3d3d3d3d3d3d3d
        71  $$$$$$$$$$$$$$$$  24242424242424242424242424242424
        70  ................  90909090909090909090909090909090
# epoch 5800  H=7.5739 C=7.3625 HO=0.2114  A(t)=851
       309  <<<<<<<<<<<<<<<<  3c3c3c3c3c3c3c3c3c3c3c3c3c3c3c3c
       135  [[[[[[[[[[[[[[[[  5b5b5b5b5b5b5b5b5b5b5b5b5b5b5b5b
       129  ................  ecececececececececececececececec
       118  ,,,,,,,,,,,,,,,,  2c2c2c2c2c2c2c2c2c2c2c2c2c2c2c2c
       111  9999999999999999  39393939393939393939393939393939
       103  ;;;;;;;;;;;;;;;;  3b3b3b3b3b3b3b3b3b3b3b3b3b3b3b3b
        73  ################  23232323232323232323232323232323
        70  ................  90909090909090909090909090909090
        62  ................  9b9b9b9b9b9b9b9b9b9b9b9b9b9b9b9b
        62  ================  3d3d3d3d3d3d3d3d3d3d3d3d3d3d3d3d
# epoch 5820  H=7.5720 C=7.3564 HO=0.2156  A(t)=851
       298  <<<<<<<<<<<<<<<<  3c3c3c3c3c3c3c3c3c3c3c3c3c3c3c3c
       200  ,,,,,,,,,,,,,,,,  2c2c2c2c2c2c2c2c2c2c2c2c2c2c2c2c
       192  ;;;;;;;;;;;;;;;;  3b3b3b3b3b3b3b3b3b3b3b3b3b3b3b3b
       129  [[[[[[[[[[[[[[[[  5b5b5b5b5b5b5b5b5b5b5b5b5b5b5b5b
        90  ................  ecececececececececececececececec
        88  9999999999999999  39393939393939393939393939393939
        77  ................  07070707070707070707070707070707
        72  ................  01010101010101010101010101010101
        66  ................  b2b2b2b2b2b2b2b2b2b2b2b2b2b2b2b2
        61  RRRRRRRRRRRRRRRR  52525252525252525252525252525252
# epoch 5840  H=7.5699 C=7.3563 HO=0.2137  A(t)=851
       271  <<<<<<<<<<<<<<<<  3c3c3c3c3c3c3c3c3c3c3c3c3c3c3c3c
       200  ;;;;;;;;;;;;;;;;  3b3b3b3b3b3b3b3b3b3b3b3b3b3b3b3b
       179  ,,,,,,,,,,,,,,,,  2c2c2c2c2c2c2c2c2c2c2c2c2c2c2c2c
       127  ................  ecececececececececececececececec
       116  [[[[[[[[[[[[[[[[  5b5b5b5b5b5b5b5b5b5b5b5b5b5b5b5b
        94  ================  3d3d3d3d3d3d3d3d3d3d3d3d3d3d3d3d
        67  9999999999999999  39393939393939393939393939393939
        67  ................  01010101010101010101010101010101
        63  ................  b2b2b2b2b2b2b2b2b2b2b2b2b2b2b2b2
        63  4444444444444444  34343434343434343434343434343434
# epoch 5860  H=7.5690 C=7.3508 HO=0.2182  A(t)=853
       250  <<<<<<<<<<<<<<<<  3c3c3c3c3c3c3c3c3c3c3c3c3c3c3c3c
       213  ,,,,,,,,,,,,,,,,  2c2c2c2c2c2c2c2c2c2c2c2c2c2c2c2c
       180  ;;;;;;;;;;;;;;;;  3b3b3b3b3b3b3b3b3b3b3b3b3b3b3b3b
       133  ================  3d3d3d3d3d3d3d3d3d3d3d3d3d3d3d3d
       109  ................  ecececececececececececececececec
       105  [[[[[[[[[[[[[[[[  5b5b5b5b5b5b5b5b5b5b5b5b5b5b5b5b
        79  ................  f8f8f8f8f8f8f8f8f8f8f8f8f8f8f8f8
        72  8888888888888888  38383838383838383838383838383838
        64  9999999999999999  39393939393939393939393939393939
        61  ................  97979797979797979797979797979797
# epoch 5880  H=7.5729 C=7.3578 HO=0.2151  A(t)=855
       190  ,,,,,,,,,,,,,,,,  2c2c2c2c2c2c2c2c2c2c2c2c2c2c2c2c
       182  [[[[[[[[[[[[[[[[  5b5b5b5b5b5b5b5b5b5b5b5b5b5b5b5b
       177  <<<<<<<<<<<<<<<<  3c3c3c3c3c3c3c3c3c3c3c3c3c3c3c3c
       159  ;;;;;;;;;;;;;;;;  3b3b3b3b3b3b3b3b3b3b3b3b3b3b3b3b
       106  ================  3d3d3d3d3d3d3d3d3d3d3d3d3d3d3d3d
        93  ................  f5f5f5f5f5f5f5f5f5f5f5f5f5f5f5f5
        84  ................  ecececececececececececececececec
        68  ................  f8f8f8f8f8f8f8f8f8f8f8f8f8f8f8f8
        67  8888888888888888  38383838383838383838383838383838
        66  ................  2e2e2e2e2e2e2e2e2e2e2e2e2e2e2e2e
# epoch 5900  H=7.5731 C=7.3652 HO=0.2079  A(t)=855
       184  <<<<<<<<<<<<<<<<  3c3c3c3c3c3c3c3c3c3c3c3c3c3c3c3c
       177  [[[[[[[[[[[[[[[[  5b5b5b5b5b5b5b5b5b5b5b5b5b5b5b5b
       173  ,,,,,,,,,,,,,,,,  2c2c2c2c2c2c2c2c2c2c2c2c2c2c2c2c
       159  ;;;;;;;;;;;;;;;;  3b3b3b3b3b3b3b3b3b3b3b3b3b3b3b3b
       135  ================  3d3d3d3d3d3d3d3d3d3d3d3d3d3d3d3d
        93  RRRRRRRRRRRRRRRR  52525252525252525252525252525252
        84  ................  ecececececececececececececececec
        70  ................  f5f5f5f5f5f5f5f5f5f5f5f5f5f5f5f5
        64  ................  f8f8f8f8f8f8f8f8f8f8f8f8f8f8f8f8
        64  ................  2e2e2e2e2e2e2e2e2e2e2e2e2e2e2e2e
# epoch 5920  H=7.5734 C=7.3680 HO=0.2054  A(t)=857
       180  <<<<<<<<<<<<<<<<  3c3c3c3c3c3c3c3c3c3c3c3c3c3c3c3c
       164  [[[[[[[[[[[[[[[[  5b5b5b5b5b5b5b5b5b5b5b5b5b5b5b5b
       143  ,,,,,,,,,,,,,,,,  2c2c2c2c2c2c2c2c2c2c2c2c2c2c2c2c
       132  ;;;;;;;;;;;;;;;;  3b3b3b3b3b3b3b3b3b3b3b3b3b3b3b3b
       124  ================  3d3d3d3d3d3d3d3d3d3d3d3d3d3d3d3d
        84  9999999999999999  39393939393939393939393939393939
        83  ................  ecececececececececececececececec
        74  zzzzzzzzzzzzzzzz  7a7a7a7a7a7a7a7a7a7a7a7a7a7a7a7a
        69  RRRRRRRRRRRRRRRR  52525252525252525252525252525252
        64  ................  f8f8f8f8f8f8f8f8f8f8f8f8f8f8f8f8
# epoch 5940  H=7.5721 C=7.3664 HO=0.2057  A(t)=859
       162  [[[[[[[[[[[[[[[[  5b5b5b5b5b5b5b5b5b5b5b5b5b5b5b5b
       157  <<<<<<<<<<<<<<<<  3c3c3c3c3c3c3c3c3c3c3c3c3c3c3c3c
       128  ,,,,,,,,,,,,,,,,  2c2c2c2c2c2c2c2c2c2c2c2c2c2c2c2c
       120  ;;;;;;;;;;;;;;;;  3b3b3b3b3b3b3b3b3b3b3b3b3b3b3b3b
        87  ================  3d3d3d3d3d3d3d3d3d3d3d3d3d3d3d3d
        74  ................  13131313131313131313131313131313
        72  9999999999999999  39393939393939393939393939393939
        71  ................  ecececececececececececececececec
        63  5555555555555555  35353535353535353535353535353535
        62  zzzzzzzzzzzzzzzz  7a7a7a7a7a7a7a7a7a7a7a7a7a7a7a7a
# epoch 5960  H=7.5707 C=7.3645 HO=0.2062  A(t)=859
       203  ,,,,,,,,,,,,,,,,  2c2c2c2c2c2c2c2c2c2c2c2c2c2c2c2c
       143  [[[[[[[[[[[[[[[[  5b5b5b5b5b5b5b5b5b5b5b5b5b5b5b5b
       142  <<<<<<<<<<<<<<<<  3c3c3c3c3c3c3c3c3c3c3c3c3c3c3c3c
       133  ;;;;;;;;;;;;;;;;  3b3b3b3b3b3b3b3b3b3b3b3b3b3b3b3b
       127  ================  3d3d3d3d3d3d3d3d3d3d3d3d3d3d3d3d
       105  ................  f8f8f8f8f8f8f8f8f8f8f8f8f8f8f8f8
        70  ................  d4d4d4d4d4d4d4d4d4d4d4d4d4d4d4d4
        70  YYYYYYYYYYYYYYYY  59595959595959595959595959595959
        70  9999999999999999  39393939393939393939393939393939
        69  ................  ecececececececececececececececec
# epoch 5980  H=7.5714 C=7.3643 HO=0.2071  A(t)=859
       197  ,,,,,,,,,,,,,,,,  2c2c2c2c2c2c2c2c2c2c2c2c2c2c2c2c
       184  <<<<<<<<<<<<<<<<  3c3c3c3c3c3c3c3c3c3c3c3c3c3c3c3c
       126  [[[[[[[[[[[[[[[[  5b5b5b5b5b5b5b5b5b5b5b5b5b5b5b5b
       125  ;;;;;;;;;;;;;;;;  3b3b3b3b3b3b3b3b3b3b3b3b3b3b3b3b
       113  ================  3d3d3d3d3d3d3d3d3d3d3d3d3d3d3d3d
       102  9999999999999999  39393939393939393939393939393939
        99  ................  f8f8f8f8f8f8f8f8f8f8f8f8f8f8f8f8
        83  ................  cdcdcdcdcdcdcdcdcdcdcdcdcdcdcdcd
        67  YYYYYYYYYYYYYYYY  59595959595959595959595959595959
        66  ................  d4d4d4d4d4d4d4d4d4d4d4d4d4d4d4d4
# epoch 6000  H=7.5665 C=7.3598 HO=0.2068  A(t)=859
       233  <<<<<<<<<<<<<<<<  3c3c3c3c3c3c3c3c3c3c3c3c3c3c3c3c
       185  ,,,,,,,,,,,,,,,,  2c2c2c2c2c2c2c2c2c2c2c2c2c2c2c2c
       142  ================  3d3d3d3d3d3d3d3d3d3d3d3d3d3d3d3d
       140  ;;;;;;;;;;;;;;;;  3b3b3b3b3b3b3b3b3b3b3b3b3b3b3b3b
       133  9999999999999999  39393939393939393939393939393939
       104  [[[[[[[[[[[[[[[[  5b5b5b5b5b5b5b5b5b5b5b5b5b5b5b5b
        93  ................  f8f8f8f8f8f8f8f8f8f8f8f8f8f8f8f8
        91  ????????????????  3f3f3f3f3f3f3f3f3f3f3f3f3f3f3f3f
        82  ................  cdcdcdcdcdcdcdcdcdcdcdcdcdcdcdcd
        66  ................  d4d4d4d4d4d4d4d4d4d4d4d4d4d4d4d4
# epoch 6020  H=7.5656 C=7.3568 HO=0.2088  A(t)=861
       235  <<<<<<<<<<<<<<<<  3c3c3c3c3c3c3c3c3c3c3c3c3c3c3c3c
       174  ================  3d3d3d3d3d3d3d3d3d3d3d3d3d3d3d3d
       173  ,,,,,,,,,,,,,,,,  2c2c2c2c2c2c2c2c2c2c2c2c2c2c2c2c
       114  ;;;;;;;;;;;;;;;;  3b3b3b3b3b3b3b3b3b3b3b3b3b3b3b3b
       102  9999999999999999  39393939393939393939393939393939
        92  [[[[[[[[[[[[[[[[  5b5b5b5b5b5b5b5b5b5b5b5b5b5b5b5b
        79  ................  cdcdcdcdcdcdcdcdcdcdcdcdcdcdcdcd
        78  rrrrrrrrrrrrrrrr  72727272727272727272727272727272
        75  ................  f8f8f8f8f8f8f8f8f8f8f8f8f8f8f8f8
        68  ................  e7e7e7e7e7e7e7e7e7e7e7e7e7e7e7e7
# epoch 6040  H=7.5609 C=7.3504 HO=0.2105  A(t)=864
       285  <<<<<<<<<<<<<<<<  3c3c3c3c3c3c3c3c3c3c3c3c3c3c3c3c
       140  ,,,,,,,,,,,,,,,,  2c2c2c2c2c2c2c2c2c2c2c2c2c2c2c2c
       133  ================  3d3d3d3d3d3d3d3d3d3d3d3d3d3d3d3d
       123  rrrrrrrrrrrrrrrr  72727272727272727272727272727272
       116  ;;;;;;;;;;;;;;;;  3b3b3b3b3b3b3b3b3b3b3b3b3b3b3b3b
       110  7777777777777777  37373737373737373737373737373737
        86  [[[[[[[[[[[[[[[[  5b5b5b5b5b5b5b5b5b5b5b5b5b5b5b5b
        84  9999999999999999  39393939393939393939393939393939
        79  ................  cdcdcdcdcdcdcdcdcdcdcdcdcdcdcdcd
        77  @@@@@@@@@@@@@@@@  40404040404040404040404040404040
# epoch 6060  H=7.5592 C=7.3461 HO=0.2131  A(t)=864
       320  <<<<<<<<<<<<<<<<  3c3c3c3c3c3c3c3c3c3c3c3c3c3c3c3c
       206  ,,,,,,,,,,,,,,,,  2c2c2c2c2c2c2c2c2c2c2c2c2c2c2c2c
       123  ================  3d3d3d3d3d3d3d3d3d3d3d3d3d3d3d3d
       106  7777777777777777  37373737373737373737373737373737
       104  ;;;;;;;;;;;;;;;;  3b3b3b3b3b3b3b3b3b3b3b3b3b3b3b3b
       103  rrrrrrrrrrrrrrrr  72727272727272727272727272727272
        86  [[[[[[[[[[[[[[[[  5b5b5b5b5b5b5b5b5b5b5b5b5b5b5b5b
        78  ................  cdcdcdcdcdcdcdcdcdcdcdcdcdcdcdcd
        77  9999999999999999  39393939393939393939393939393939
        75  ................  92929292929292929292929292929292
# epoch 6080  H=7.5542 C=7.3420 HO=0.2122  A(t)=864
       389  <<<<<<<<<<<<<<<<  3c3c3c3c3c3c3c3c3c3c3c3c3c3c3c3c
       228  ================  3d3d3d3d3d3d3d3d3d3d3d3d3d3d3d3d
       160  ,,,,,,,,,,,,,,,,  2c2c2c2c2c2c2c2c2c2c2c2c2c2c2c2c
       103  ................  d4d4d4d4d4d4d4d4d4d4d4d4d4d4d4d4
       103  rrrrrrrrrrrrrrrr  72727272727272727272727272727272
       101  ;;;;;;;;;;;;;;;;  3b3b3b3b3b3b3b3b3b3b3b3b3b3b3b3b
        83  [[[[[[[[[[[[[[[[  5b5b5b5b5b5b5b5b5b5b5b5b5b5b5b5b
        83  7777777777777777  37373737373737373737373737373737
        76  ................  cdcdcdcdcdcdcdcdcdcdcdcdcdcdcdcd
        72  ????????????????  3f3f3f3f3f3f3f3f3f3f3f3f3f3f3f3f
# epoch 6100  H=7.5558 C=7.3434 HO=0.2125  A(t)=864
       342  <<<<<<<<<<<<<<<<  3c3c3c3c3c3c3c3c3c3c3c3c3c3c3c3c
       204  ================  3d3d3d3d3d3d3d3d3d3d3d3d3d3d3d3d
       136  ,,,,,,,,,,,,,,,,  2c2c2c2c2c2c2c2c2c2c2c2c2c2c2c2c
        90  ................  8d8d8d8d8d8d8d8d8d8d8d8d8d8d8d8d
        84  rrrrrrrrrrrrrrrr  72727272727272727272727272727272
        78  [[[[[[[[[[[[[[[[  5b5b5b5b5b5b5b5b5b5b5b5b5b5b5b5b
        77  ;;;;;;;;;;;;;;;;  3b3b3b3b3b3b3b3b3b3b3b3b3b3b3b3b
        76  7777777777777777  37373737373737373737373737373737
        74  ................  d4d4d4d4d4d4d4d4d4d4d4d4d4d4d4d4
        72  >>>>>>>>>>>>>>>>  3e3e3e3e3e3e3e3e3e3e3e3e3e3e3e3e
# epoch 6120  H=7.5539 C=7.3419 HO=0.2120  A(t)=866
       332  <<<<<<<<<<<<<<<<  3c3c3c3c3c3c3c3c3c3c3c3c3c3c3c3c
       186  ================  3d3d3d3d3d3d3d3d3d3d3d3d3d3d3d3d
       117  ,,,,,,,,,,,,,,,,  2c2c2c2c2c2c2c2c2c2c2c2c2c2c2c2c
        97  [[[[[[[[[[[[[[[[  5b5b5b5b5b5b5b5b5b5b5b5b5b5b5b5b
        77  rrrrrrrrrrrrrrrr  72727272727272727272727272727272
        73  ;;;;;;;;;;;;;;;;  3b3b3b3b3b3b3b3b3b3b3b3b3b3b3b3b
        71  ................  d4d4d4d4d4d4d4d4d4d4d4d4d4d4d4d4
        70  7777777777777777  37373737373737373737373737373737
        69  9999999999999999  39393939393939393939393939393939
        67  @@@@@@@@@@@@@@@@  40404040404040404040404040404040
# epoch 6140  H=7.5543 C=7.3437 HO=0.2106  A(t)=876
       263  <<<<<<<<<<<<<<<<  3c3c3c3c3c3c3c3c3c3c3c3c3c3c3c3c
       213  ================  3d3d3d3d3d3d3d3d3d3d3d3d3d3d3d3d
       134  ,,,,,,,,,,,,,,,,  2c2c2c2c2c2c2c2c2c2c2c2c2c2c2c2c
       115  9999999999999999  39393939393939393939393939393939
        94  [[[[[[[[[[[[[[[[  5b5b5b5b5b5b5b5b5b5b5b5b5b5b5b5b
        79  ................  ffffffffffffffffffffffffffffffff
        77  rrrrrrrrrrrrrrrr  72727272727272727272727272727272
        66  ;;;;;;;;;;;;;;;;  3b3b3b3b3b3b3b3b3b3b3b3b3b3b3b3b
        65  7777777777777777  37373737373737373737373737373737
        61  ................  d4d4d4d4d4d4d4d4d4d4d4d4d4d4d4d4
# epoch 6160  H=7.5552 C=7.3457 HO=0.2095  A(t)=878
       257  ================  3d3d3d3d3d3d3d3d3d3d3d3d3d3d3d3d
       230  <<<<<<<<<<<<<<<<  3c3c3c3c3c3c3c3c3c3c3c3c3c3c3c3c
       141  ,,,,,,,,,,,,,,,,  2c2c2c2c2c2c2c2c2c2c2c2c2c2c2c2c
       119  9999999999999999  39393939393939393939393939393939
       105  [[[[[[[[[[[[[[[[  5b5b5b5b5b5b5b5b5b5b5b5b5b5b5b5b
        88  ................  99999999999999999999999999999999
        77  rrrrrrrrrrrrrrrr  72727272727272727272727272727272
        68  ................  ffffffffffffffffffffffffffffffff
        61  ................  d4d4d4d4d4d4d4d4d4d4d4d4d4d4d4d4
        61  7777777777777777  37373737373737373737373737373737
# epoch 6180  H=7.5608 C=7.3512 HO=0.2096  A(t)=878
       233  ================  3d3d3d3d3d3d3d3d3d3d3d3d3d3d3d3d
       186  <<<<<<<<<<<<<<<<  3c3c3c3c3c3c3c3c3c3c3c3c3c3c3c3c
       131  ::::::::::::::::  3a3a3a3a3a3a3a3a3a3a3a3a3a3a3a3a
       118  9999999999999999  39393939393939393939393939393939
        99  ,,,,,,,,,,,,,,,,  2c2c2c2c2c2c2c2c2c2c2c2c2c2c2c2c
        84  ................  99999999999999999999999999999999
        84  [[[[[[[[[[[[[[[[  5b5b5b5b5b5b5b5b5b5b5b5b5b5b5b5b
        76  rrrrrrrrrrrrrrrr  72727272727272727272727272727272
        61  ................  d4d4d4d4d4d4d4d4d4d4d4d4d4d4d4d4
        53  @@@@@@@@@@@@@@@@  40404040404040404040404040404040
# epoch 6200  H=7.5579 C=7.3503 HO=0.2076  A(t)=880
       178  ================  3d3d3d3d3d3d3d3d3d3d3d3d3d3d3d3d
       177  <<<<<<<<<<<<<<<<  3c3c3c3c3c3c3c3c3c3c3c3c3c3c3c3c
       109  9999999999999999  39393939393939393939393939393939
       102  ::::::::::::::::  3a3a3a3a3a3a3a3a3a3a3a3a3a3a3a3a
        86  ,,,,,,,,,,,,,,,,  2c2c2c2c2c2c2c2c2c2c2c2c2c2c2c2c
        83  ................  99999999999999999999999999999999
        79  ????????????????  3f3f3f3f3f3f3f3f3f3f3f3f3f3f3f3f
        75  [[[[[[[[[[[[[[[[  5b5b5b5b5b5b5b5b5b5b5b5b5b5b5b5b
        70  rrrrrrrrrrrrrrrr  72727272727272727272727272727272
        67  ))))))))))))))))  29292929292929292929292929292929
# epoch 6220  H=7.5549 C=7.3495 HO=0.2054  A(t)=880
       172  <<<<<<<<<<<<<<<<  3c3c3c3c3c3c3c3c3c3c3c3c3c3c3c3c
       137  ================  3d3d3d3d3d3d3d3d3d3d3d3d3d3d3d3d
       104  ;;;;;;;;;;;;;;;;  3b3b3b3b3b3b3b3b3b3b3b3b3b3b3b3b
        93  9999999999999999  39393939393939393939393939393939
        83  ................  99999999999999999999999999999999
        82  ::::::::::::::::  3a3a3a3a3a3a3a3a3a3a3a3a3a3a3a3a
        73  [[[[[[[[[[[[[[[[  5b5b5b5b5b5b5b5b5b5b5b5b5b5b5b5b
        70  rrrrrrrrrrrrrrrr  72727272727272727272727272727272
        69  aaaaaaaaaaaaaaaa  61616161616161616161616161616161
        66  ????????????????  3f3f3f3f3f3f3f3f3f3f3f3f3f3f3f3f
# epoch 6240  H=7.5549 C=7.3483 HO=0.2067  A(t)=880
       156  ================  3d3d3d3d3d3d3d3d3d3d3d3d3d3d3d3d
       140  <<<<<<<<<<<<<<<<  3c3c3c3c3c3c3c3c3c3c3c3c3c3c3c3c
       128  ::::::::::::::::  3a3a3a3a3a3a3a3a3a3a3a3a3a3a3a3a
        97  ................  85858585858585858585858585858585
        89  ;;;;;;;;;;;;;;;;  3b3b3b3b3b3b3b3b3b3b3b3b3b3b3b3b
        84  BBBBBBBBBBBBBBBB  42424242424242424242424242424242
        83  9999999999999999  39393939393939393939393939393939
        64  rrrrrrrrrrrrrrrr  72727272727272727272727272727272
        60  ,,,,,,,,,,,,,,,,  2c2c2c2c2c2c2c2c2c2c2c2c2c2c2c2c
        59  ................  9e9e9e9e9e9e9e9e9e9e9e9e9e9e9e9e
# epoch 6260  H=7.5547 C=7.3452 HO=0.2094  A(t)=882
       162  ================  3d3d3d3d3d3d3d3d3d3d3d3d3d3d3d3d
       156  <<<<<<<<<<<<<<<<  3c3c3c3c3c3c3c3c3c3c3c3c3c3c3c3c
       139  ????????????????  3f3f3f3f3f3f3f3f3f3f3f3f3f3f3f3f
       124  ::::::::::::::::  3a3a3a3a3a3a3a3a3a3a3a3a3a3a3a3a
        84  ;;;;;;;;;;;;;;;;  3b3b3b3b3b3b3b3b3b3b3b3b3b3b3b3b
        83  ................  eaeaeaeaeaeaeaeaeaeaeaeaeaeaeaea
        81  ................  85858585858585858585858585858585
        81  9999999999999999  39393939393939393939393939393939
        79  BBBBBBBBBBBBBBBB  42424242424242424242424242424242
        56  DDDDDDDDDDDDDDDD  44444444444444444444444444444444
# epoch 6280  H=7.5533 C=7.3472 HO=0.2060  A(t)=888
       230  ================  3d3d3d3d3d3d3d3d3d3d3d3d3d3d3d3d
       180  <<<<<<<<<<<<<<<<  3c3c3c3c3c3c3c3c3c3c3c3c3c3c3c3c
       158  ????????????????  3f3f3f3f3f3f3f3f3f3f3f3f3f3f3f3f
       113  ;;;;;;;;;;;;;;;;  3b3b3b3b3b3b3b3b3b3b3b3b3b3b3b3b
       113  ,,,,,,,,,,,,,,,,  2c2c2c2c2c2c2c2c2c2c2c2c2c2c2c2c
        98  ::::::::::::::::  3a3a3a3a3a3a3a3a3a3a3a3a3a3a3a3a
        87  BBBBBBBBBBBBBBBB  42424242424242424242424242424242
        77  ................  eaeaeaeaeaeaeaeaeaeaeaeaeaeaeaea
        69  ................  85858585858585858585858585858585
        66  9999999999999999  39393939393939393939393939393939
# epoch 6300  H=7.5525 C=7.3442 HO=0.2083  A(t)=888
       213  ================  3d3d3d3d3d3d3d3d3d3d3d3d3d3d3d3d
       173  <<<<<<<<<<<<<<<<  3c3c3c3c3c3c3c3c3c3c3c3c3c3c3c3c
       131  ................  cacacacacacacacacacacacacacacaca
       129  ;;;;;;;;;;;;;;;;  3b3b3b3b3b3b3b3b3b3b3b3b3b3b3b3b
       122  ::::::::::::::::  3a3a3a3a3a3a3a3a3a3a3a3a3a3a3a3a
       108  ????????????????  3f3f3f3f3f3f3f3f3f3f3f3f3f3f3f3f
       100  ,,,,,,,,,,,,,,,,  2c2c2c2c2c2c2c2c2c2c2c2c2c2c2c2c
        98  8888888888888888  38383838383838383838383838383838
        93  >>>>>>>>>>>>>>>>  3e3e3e3e3e3e3e3e3e3e3e3e3e3e3e3e
        89  BBBBBBBBBBBBBBBB  42424242424242424242424242424242
# epoch 6320  H=7.5520 C=7.3404 HO=0.2116  A(t)=888
       223  ,,,,,,,,,,,,,,,,  2c2c2c2c2c2c2c2c2c2c2c2c2c2c2c2c
       199  <<<<<<<<<<<<<<<<  3c3c3c3c3c3c3c3c3c3c3c3c3c3c3c3c
       180  ================  3d3d3d3d3d3d3d3d3d3d3d3d3d3d3d3d
       168  >>>>>>>>>>>>>>>>  3e3e3e3e3e3e3e3e3e3e3e3e3e3e3e3e
       128  ;;;;;;;;;;;;;;;;  3b3b3b3b3b3b3b3b3b3b3b3b3b3b3b3b
       119  8888888888888888  38383838383838383838383838383838
       116  ::::::::::::::::  3a3a3a3a3a3a3a3a3a3a3a3a3a3a3a3a
       107  ................  cacacacacacacacacacacacacacacaca
       100  ????????????????  3f3f3f3f3f3f3f3f3f3f3f3f3f3f3f3f
        78  ................  f3f3f3f3f3f3f3f3f3f3f3f3f3f3f3f3
# epoch 6340  H=7.5528 C=7.3413 HO=0.2115  A(t)=889
       210  ,,,,,,,,,,,,,,,,  2c2c2c2c2c2c2c2c2c2c2c2c2c2c2c2c
       188  <<<<<<<<<<<<<<<<  3c3c3c3c3c3c3c3c3c3c3c3c3c3c3c3c
       182  ================  3d3d3d3d3d3d3d3d3d3d3d3d3d3d3d3d
       152  ;;;;;;;;;;;;;;;;  3b3b3b3b3b3b3b3b3b3b3b3b3b3b3b3b
       131  ::::::::::::::::  3a3a3a3a3a3a3a3a3a3a3a3a3a3a3a3a
       127  >>>>>>>>>>>>>>>>  3e3e3e3e3e3e3e3e3e3e3e3e3e3e3e3e
       102  ................  cacacacacacacacacacacacacacacaca
        92  8888888888888888  38383838383838383838383838383838
        77  ????????????????  3f3f3f3f3f3f3f3f3f3f3f3f3f3f3f3f
        67  ................  99999999999999999999999999999999
# epoch 6360  H=7.5497 C=7.3372 HO=0.2125  A(t)=889
       209  ,,,,,,,,,,,,,,,,  2c2c2c2c2c2c2c2c2c2c2c2c2c2c2c2c
       152  ================  3d3d3d3d3d3d3d3d3d3d3d3d3d3d3d3d
       146  <<<<<<<<<<<<<<<<  3c3c3c3c3c3c3c3c3c3c3c3c3c3c3c3c
       144  ;;;;;;;;;;;;;;;;  3b3b3b3b3b3b3b3b3b3b3b3b3b3b3b3b
       122  ::::::::::::::::  3a3a3a3a3a3a3a3a3a3a3a3a3a3a3a3a
       114  ????????????????  3f3f3f3f3f3f3f3f3f3f3f3f3f3f3f3f
       111  ................  e0e0e0e0e0e0e0e0e0e0e0e0e0e0e0e0
        97  ................  cacacacacacacacacacacacacacacaca
        96  ................  9c9c9c9c9c9c9c9c9c9c9c9c9c9c9c9c
        74  8888888888888888  38383838383838383838383838383838
# epoch 6380  H=7.5466 C=7.3347 HO=0.2119  A(t)=889
       165  <<<<<<<<<<<<<<<<  3c3c3c3c3c3c3c3c3c3c3c3c3c3c3c3c
       163  ,,,,,,,,,,,,,,,,  2c2c2c2c2c2c2c2c2c2c2c2c2c2c2c2c
       153  ????????????????  3f3f3f3f3f3f3f3f3f3f3f3f3f3f3f3f
       152  ;;;;;;;;;;;;;;;;  3b3b3b3b3b3b3b3b3b3b3b3b3b3b3b3b
       143  ================  3d3d3d3d3d3d3d3d3d3d3d3d3d3d3d3d
       118  ::::::::::::::::  3a3a3a3a3a3a3a3a3a3a3a3a3a3a3a3a
        98  ................  e0e0e0e0e0e0e0e0e0e0e0e0e0e0e0e0
        85  ................  9c9c9c9c9c9c9c9c9c9c9c9c9c9c9c9c
        74  ................  cacacacacacacacacacacacacacacaca
        71  cccccccccccccccc  63636363636363636363636363636363
# epoch 6400  H=7.5489 C=7.3365 HO=0.2125  A(t)=889
       194  ,,,,,,,,,,,,,,,,  2c2c2c2c2c2c2c2c2c2c2c2c2c2c2c2c
       188  <<<<<<<<<<<<<<<<  3c3c3c3c3c3c3c3c3c3c3c3c3c3c3c3c
       127  ================  3d3d3d3d3d3d3d3d3d3d3d3d3d3d3d3d
       126  ????????????????  3f3f3f3f3f3f3f3f3f3f3f3f3f3f3f3f
       114  ;;;;;;;;;;;;;;;;  3b3b3b3b3b3b3b3b3b3b3b3b3b3b3b3b
        99  ::::::::::::::::  3a3a3a3a3a3a3a3a3a3a3a3a3a3a3a3a
        92  ................  8f8f8f8f8f8f8f8f8f8f8f8f8f8f8f8f
        89  ................  e0e0e0e0e0e0e0e0e0e0e0e0e0e0e0e0
        89  ----------------  2d2d2d2d2d2d2d2d2d2d2d2d2d2d2d2d
        74  ................  cacacacacacacacacacacacacacacaca
# epoch 6420  H=7.5494 C=7.3359 HO=0.2135  A(t)=889
       188  ,,,,,,,,,,,,,,,,  2c2c2c2c2c2c2c2c2c2c2c2c2c2c2c2c
       186  <<<<<<<<<<<<<<<<  3c3c3c3c3c3c3c3c3c3c3c3c3c3c3c3c
       183  ================  3d3d3d3d3d3d3d3d3d3d3d3d3d3d3d3d
       154  ::::::::::::::::  3a3a3a3a3a3a3a3a3a3a3a3a3a3a3a3a
       104  ;;;;;;;;;;;;;;;;  3b3b3b3b3b3b3b3b3b3b3b3b3b3b3b3b
        94  \\\\\\\\\\\\\\\\  5c5c5c5c5c5c5c5c5c5c5c5c5c5c5c5c
        89  ----------------  2d2d2d2d2d2d2d2d2d2d2d2d2d2d2d2d
        81  ????????????????  3f3f3f3f3f3f3f3f3f3f3f3f3f3f3f3f
        80  ................  8f8f8f8f8f8f8f8f8f8f8f8f8f8f8f8f
        74  ................  cacacacacacacacacacacacacacacaca
# epoch 6440  H=7.5472 C=7.3339 HO=0.2133  A(t)=892
       258  <<<<<<<<<<<<<<<<  3c3c3c3c3c3c3c3c3c3c3c3c3c3c3c3c
       224  ,,,,,,,,,,,,,,,,  2c2c2c2c2c2c2c2c2c2c2c2c2c2c2c2c
       162  ================  3d3d3d3d3d3d3d3d3d3d3d3d3d3d3d3d
       135  ;;;;;;;;;;;;;;;;  3b3b3b3b3b3b3b3b3b3b3b3b3b3b3b3b
       121  \\\\\\\\\\\\\\\\  5c5c5c5c5c5c5c5c5c5c5c5c5c5c5c5c
       114  ::::::::::::::::  3a3a3a3a3a3a3a3a3a3a3a3a3a3a3a3a
        86  ----------------  2d2d2d2d2d2d2d2d2d2d2d2d2d2d2d2d
        77  [[[[[[[[[[[[[[[[  5b5b5b5b5b5b5b5b5b5b5b5b5b5b5b5b
        74  ................  cacacacacacacacacacacacacacacaca
        73  {{{{{{{{{{{{{{{{  7b7b7b7b7b7b7b7b7b7b7b7b7b7b7b7b
# epoch 6460  H=7.5464 C=7.3288 HO=0.2176  A(t)=893
       307  <<<<<<<<<<<<<<<<  3c3c3c3c3c3c3c3c3c3c3c3c3c3c3c3c
       223  ,,,,,,,,,,,,,,,,  2c2c2c2c2c2c2c2c2c2c2c2c2c2c2c2c
       151  ;;;;;;;;;;;;;;;;  3b3b3b3b3b3b3b3b3b3b3b3b3b3b3b3b
       114  ================  3d3d3d3d3d3d3d3d3d3d3d3d3d3d3d3d
       113  {{{{{{{{{{{{{{{{  7b7b7b7b7b7b7b7b7b7b7b7b7b7b7b7b
       102  ::::::::::::::::  3a3a3a3a3a3a3a3a3a3a3a3a3a3a3a3a
        98  ................  2e2e2e2e2e2e2e2e2e2e2e2e2e2e2e2e
        91  \\\\\\\\\\\\\\\\  5c5c5c5c5c5c5c5c5c5c5c5c5c5c5c5c
        85  ----------------  2d2d2d2d2d2d2d2d2d2d2d2d2d2d2d2d
        70  ................  8f8f8f8f8f8f8f8f8f8f8f8f8f8f8f8f
# epoch 6480  H=7.5467 C=7.3319 HO=0.2148  A(t)=893
       374  <<<<<<<<<<<<<<<<  3c3c3c3c3c3c3c3c3c3c3c3c3c3c3c3c
       196  ,,,,,,,,,,,,,,,,  2c2c2c2c2c2c2c2c2c2c2c2c2c2c2c2c
       176  ;;;;;;;;;;;;;;;;  3b3b3b3b3b3b3b3b3b3b3b3b3b3b3b3b
       106  ================  3d3d3d3d3d3d3d3d3d3d3d3d3d3d3d3d
        95  9999999999999999  39393939393939393939393939393939
        94  ................  2e2e2e2e2e2e2e2e2e2e2e2e2e2e2e2e
        93  ????????????????  3f3f3f3f3f3f3f3f3f3f3f3f3f3f3f3f
        89  ................  01010101010101010101010101010101
        83  ----------------  2d2d2d2d2d2d2d2d2d2d2d2d2d2d2d2d
        81  ::::::::::::::::  3a3a3a3a3a3a3a3a3a3a3a3a3a3a3a3a
# epoch 6500  H=7.5449 C=7.3306 HO=0.2143  A(t)=895
       331  <<<<<<<<<<<<<<<<  3c3c3c3c3c3c3c3c3c3c3c3c3c3c3c3c
       213  ;;;;;;;;;;;;;;;;  3b3b3b3b3b3b3b3b3b3b3b3b3b3b3b3b
       167  ,,,,,,,,,,,,,,,,  2c2c2c2c2c2c2c2c2c2c2c2c2c2c2c2c
       116  ................  2e2e2e2e2e2e2e2e2e2e2e2e2e2e2e2e
       106  ================  3d3d3d3d3d3d3d3d3d3d3d3d3d3d3d3d
        84  ................  01010101010101010101010101010101
        83  ????????????????  3f3f3f3f3f3f3f3f3f3f3f3f3f3f3f3f
        78  8888888888888888  38383838383838383838383838383838
        77  ----------------  2d2d2d2d2d2d2d2d2d2d2d2d2d2d2d2d
        68  ****************  2a2a2a2a2a2a2a2a2a2a2a2a2a2a2a2a
# epoch 6520  H=7.5432 C=7.3257 HO=0.2174  A(t)=895
       316  <<<<<<<<<<<<<<<<  3c3c3c3c3c3c3c3c3c3c3c3c3c3c3c3c
       257  ;;;;;;;;;;;;;;;;  3b3b3b3b3b3b3b3b3b3b3b3b3b3b3b3b
       182  ,,,,,,,,,,,,,,,,  2c2c2c2c2c2c2c2c2c2c2c2c2c2c2c2c
        96  ................  2e2e2e2e2e2e2e2e2e2e2e2e2e2e2e2e
        95  [[[[[[[[[[[[[[[[  5b5b5b5b5b5b5b5b5b5b5b5b5b5b5b5b
        87  9999999999999999  39393939393939393939393939393939
        81  ================  3d3d3d3d3d3d3d3d3d3d3d3d3d3d3d3d
        80  ................  01010101010101010101010101010101
        75  ................  02020202020202020202020202020202
        71  ????????????????  3f3f3f3f3f3f3f3f3f3f3f3f3f3f3f3f
# epoch 6540  H=7.5407 C=7.3227 HO=0.2179  A(t)=895
       253  <<<<<<<<<<<<<<<<  3c3c3c3c3c3c3c3c3c3c3c3c3c3c3c3c
       228  ;;;;;;;;;;;;;;;;  3b3b3b3b3b3b3b3b3b3b3b3b3b3b3b3b
       191  ,,,,,,,,,,,,,,,,  2c2c2c2c2c2c2c2c2c2c2c2c2c2c2c2c
        87  [[[[[[[[[[[[[[[[  5b5b5b5b5b5b5b5b5b5b5b5b5b5b5b5b
        86  ................  94949494949494949494949494949494
        82  9999999999999999  39393939393939393939393939393939
        80  ................  2e2e2e2e2e2e2e2e2e2e2e2e2e2e2e2e
        78  ................  01010101010101010101010101010101
        75  ................  81818181818181818181818181818181
        74  ................  02020202020202020202020202020202
# epoch 6560  H=7.5387 C=7.3090 HO=0.2297  A(t)=897
       250  <<<<<<<<<<<<<<<<  3c3c3c3c3c3c3c3c3c3c3c3c3c3c3c3c
       170  {{{{{{{{{{{{{{{{  7b7b7b7b7b7b7b7b7b7b7b7b7b7b7b7b
       162  ;;;;;;;;;;;;;;;;  3b3b3b3b3b3b3b3b3b3b3b3b3b3b3b3b
       162  ,,,,,,,,,,,,,,,,  2c2c2c2c2c2c2c2c2c2c2c2c2c2c2c2c
       116  6666666666666666  36363636363636363636363636363636
       114  ................  01010101010101010101010101010101
       101  ================  3d3d3d3d3d3d3d3d3d3d3d3d3d3d3d3d
        84  ----------------  2d2d2d2d2d2d2d2d2d2d2d2d2d2d2d2d
        78  ................  2e2e2e2e2e2e2e2e2e2e2e2e2e2e2e2e
        76  9999999999999999  39393939393939393939393939393939
# epoch 6580  H=7.5383 C=7.3061 HO=0.2322  A(t)=897
       239  <<<<<<<<<<<<<<<<  3c3c3c3c3c3c3c3c3c3c3c3c3c3c3c3c
       165  ;;;;;;;;;;;;;;;;  3b3b3b3b3b3b3b3b3b3b3b3b3b3b3b3b
       145  {{{{{{{{{{{{{{{{  7b7b7b7b7b7b7b7b7b7b7b7b7b7b7b7b
       133  ,,,,,,,,,,,,,,,,  2c2c2c2c2c2c2c2c2c2c2c2c2c2c2c2c
        98  ================  3d3d3d3d3d3d3d3d3d3d3d3d3d3d3d3d
        98  6666666666666666  36363636363636363636363636363636
        93  ................  01010101010101010101010101010101
        86  >>>>>>>>>>>>>>>>  3e3e3e3e3e3e3e3e3e3e3e3e3e3e3e3e
        81  ................  02020202020202020202020202020202
        75  ................  81818181818181818181818181818181
# epoch 6600  H=7.5366 C=7.3064 HO=0.2303  A(t)=897
       212  ;;;;;;;;;;;;;;;;  3b3b3b3b3b3b3b3b3b3b3b3b3b3b3b3b
       200  <<<<<<<<<<<<<<<<  3c3c3c3c3c3c3c3c3c3c3c3c3c3c3c3c
       124  {{{{{{{{{{{{{{{{  7b7b7b7b7b7b7b7b7b7b7b7b7b7b7b7b
       114  ,,,,,,,,,,,,,,,,  2c2c2c2c2c2c2c2c2c2c2c2c2c2c2c2c
        92  ................  01010101010101010101010101010101
        91  [[[[[[[[[[[[[[[[  5b5b5b5b5b5b5b5b5b5b5b5b5b5b5b5b
        89  ================  3d3d3d3d3d3d3d3d3d3d3d3d3d3d3d3d
        85  ||||||||||||||||  7c7c7c7c7c7c7c7c7c7c7c7c7c7c7c7c
        85  JJJJJJJJJJJJJJJJ  4a4a4a4a4a4a4a4a4a4a4a4a4a4a4a4a
        81  ................  e9e9e9e9e9e9e9e9e9e9e9e9e9e9e9e9
# epoch 6620  H=7.5368 C=7.3048 HO=0.2320  A(t)=901
       236  ;;;;;;;;;;;;;;;;  3b3b3b3b3b3b3b3b3b3b3b3b3b3b3b3b
       220  <<<<<<<<<<<<<<<<  3c3c3c3c3c3c3c3c3c3c3c3c3c3c3c3c
       159  [[[[[[[[[[[[[[[[  5b5b5b5b5b5b5b5b5b5b5b5b5b5b5b5b
       120  {{{{{{{{{{{{{{{{  7b7b7b7b7b7b7b7b7b7b7b7b7b7b7b7b
        97  ,,,,,,,,,,,,,,,,  2c2c2c2c2c2c2c2c2c2c2c2c2c2c2c2c
        93  ................  f5f5f5f5f5f5f5f5f5f5f5f5f5f5f5f5
        93  ................  a2a2a2a2a2a2a2a2a2a2a2a2a2a2a2a2
        88  ................  01010101010101010101010101010101
        87  >>>>>>>>>>>>>>>>  3e3e3e3e3e3e3e3e3e3e3e3e3e3e3e3e
        82  ||||||||||||||||  7c7c7c7c7c7c7c7c7c7c7c7c7c7c7c7c
# epoch 6640  H=7.5373 C=7.3094 HO=0.2279  A(t)=901
       188  ;;;;;;;;;;;;;;;;  3b3b3b3b3b3b3b3b3b3b3b3b3b3b3b3b
       183  <<<<<<<<<<<<<<<<  3c3c3c3c3c3c3c3c3c3c3c3c3c3c3c3c
       142  [[[[[[[[[[[[[[[[  5b5b5b5b5b5b5b5b5b5b5b5b5b5b5b5b
       112  {{{{{{{{{{{{{{{{  7b7b7b7b7b7b7b7b7b7b7b7b7b7b7b7b
        81  ,,,,,,,,,,,,,,,,  2c2c2c2c2c2c2c2c2c2c2c2c2c2c2c2c
        81  ................  01010101010101010101010101010101
        73  ................  f5f5f5f5f5f5f5f5f5f5f5f5f5f5f5f5
        71  ................  e9e9e9e9e9e9e9e9e9e9e9e9e9e9e9e9
        70  ................  eaeaeaeaeaeaeaeaeaeaeaeaeaeaeaea
        69  ................  a2a2a2a2a2a2a2a2a2a2a2a2a2a2a2a2
# epoch 6660  H=7.5396 C=7.3083 HO=0.2313  A(t)=903
       193  [[[[[[[[[[[[[[[[  5b5b5b5b5b5b5b5b5b5b5b5b5b5b5b5b
       174  ;;;;;;;;;;;;;;;;  3b3b3b3b3b3b3b3b3b3b3b3b3b3b3b3b
       119  <<<<<<<<<<<<<<<<  3c3c3c3c3c3c3c3c3c3c3c3c3c3c3c3c
       102  {{{{{{{{{{{{{{{{  7b7b7b7b7b7b7b7b7b7b7b7b7b7b7b7b
        94  ,,,,,,,,,,,,,,,,  2c2c2c2c2c2c2c2c2c2c2c2c2c2c2c2c
        84  ................  94949494949494949494949494949494
        84  ????????????????  3f3f3f3f3f3f3f3f3f3f3f3f3f3f3f3f
        76  ................  01010101010101010101010101010101
        74  wwwwwwwwwwwwwwww  77777777777777777777777777777777
        69  ................  b0b0b0b0b0b0b0b0b0b0b0b0b0b0b0b0
# epoch 6680  H=7.5363 C=7.3032 HO=0.2331  A(t)=903
       296  ;;;;;;;;;;;;;;;;  3b3b3b3b3b3b3b3b3b3b3b3b3b3b3b3b
       199  <<<<<<<<<<<<<<<<  3c3c3c3c3c3c3c3c3c3c3c3c3c3c3c3c
       147  [[[[[[[[[[[[[[[[  5b5b5b5b5b5b5b5b5b5b5b5b5b5b5b5b
       128  ================  3d3d3d3d3d3d3d3d3d3d3d3d3d3d3d3d
       102  {{{{{{{{{{{{{{{{  7b7b7b7b7b7b7b7b7b7b7b7b7b7b7b7b
        90  ,,,,,,,,,,,,,,,,  2c2c2c2c2c2c2c2c2c2c2c2c2c2c2c2c
        81  >>>>>>>>>>>>>>>>  3e3e3e3e3e3e3e3e3e3e3e3e3e3e3e3e
        81  ////////////////  2f2f2f2f2f2f2f2f2f2f2f2f2f2f2f2f
        79  ................  02020202020202020202020202020202
        77  ................  94949494949494949494949494949494
# epoch 6700  H=7.5334 C=7.3040 HO=0.2294  A(t)=909
       277  <<<<<<<<<<<<<<<<  3c3c3c3c3c3c3c3c3c3c3c3c3c3c3c3c
       236  ;;;;;;;;;;;;;;;;  3b3b3b3b3b3b3b3b3b3b3b3b3b3b3b3b
       174  ================  3d3d3d3d3d3d3d3d3d3d3d3d3d3d3d3d
       140  ,,,,,,,,,,,,,,,,  2c2c2c2c2c2c2c2c2c2c2c2c2c2c2c2c
       122  [[[[[[[[[[[[[[[[  5b5b5b5b5b5b5b5b5b5b5b5b5b5b5b5b
        99  {{{{{{{{{{{{{{{{  7b7b7b7b7b7b7b7b7b7b7b7b7b7b7b7b
        86  >>>>>>>>>>>>>>>>  3e3e3e3e3e3e3e3e3e3e3e3e3e3e3e3e
        75  ////////////////  2f2f2f2f2f2f2f2f2f2f2f2f2f2f2f2f
        71  ................  01010101010101010101010101010101
        70  ................  02020202020202020202020202020202
# epoch 6720  H=7.5302 C=7.3074 HO=0.2228  A(t)=913
       269  <<<<<<<<<<<<<<<<  3c3c3c3c3c3c3c3c3c3c3c3c3c3c3c3c
       234  ;;;;;;;;;;;;;;;;  3b3b3b3b3b3b3b3b3b3b3b3b3b3b3b3b
       164  ================  3d3d3d3d3d3d3d3d3d3d3d3d3d3d3d3d
       135  [[[[[[[[[[[[[[[[  5b5b5b5b5b5b5b5b5b5b5b5b5b5b5b5b
       134  ,,,,,,,,,,,,,,,,  2c2c2c2c2c2c2c2c2c2c2c2c2c2c2c2c
       115  >>>>>>>>>>>>>>>>  3e3e3e3e3e3e3e3e3e3e3e3e3e3e3e3e
        79  ................  94949494949494949494949494949494
        74  ////////////////  2f2f2f2f2f2f2f2f2f2f2f2f2f2f2f2f
        70  ................  02020202020202020202020202020202
        69  {{{{{{{{{{{{{{{{  7b7b7b7b7b7b7b7b7b7b7b7b7b7b7b7b
# epoch 6740  H=7.5269 C=7.3026 HO=0.2244  A(t)=917
       324  <<<<<<<<<<<<<<<<  3c3c3c3c3c3c3c3c3c3c3c3c3c3c3c3c
       211  ;;;;;;;;;;;;;;;;  3b3b3b3b3b3b3b3b3b3b3b3b3b3b3b3b
       192  ================  3d3d3d3d3d3d3d3d3d3d3d3d3d3d3d3d
       184  >>>>>>>>>>>>>>>>  3e3e3e3e3e3e3e3e3e3e3e3e3e3e3e3e
       132  [[[[[[[[[[[[[[[[  5b5b5b5b5b5b5b5b5b5b5b5b5b5b5b5b
       117  ,,,,,,,,,,,,,,,,  2c2c2c2c2c2c2c2c2c2c2c2c2c2c2c2c
        90  ________________  5f5f5f5f5f5f5f5f5f5f5f5f5f5f5f5f
        78  ................  04040404040404040404040404040404
        76  ****************  2a2a2a2a2a2a2a2a2a2a2a2a2a2a2a2a
        75  ................  94949494949494949494949494949494
# epoch 6760  H=7.5281 C=7.3032 HO=0.2249  A(t)=917
       338  <<<<<<<<<<<<<<<<  3c3c3c3c3c3c3c3c3c3c3c3c3c3c3c3c
       180  ;;;;;;;;;;;;;;;;  3b3b3b3b3b3b3b3b3b3b3b3b3b3b3b3b
       170  ================  3d3d3d3d3d3d3d3d3d3d3d3d3d3d3d3d
       155  ,,,,,,,,,,,,,,,,  2c2c2c2c2c2c2c2c2c2c2c2c2c2c2c2c
       114  >>>>>>>>>>>>>>>>  3e3e3e3e3e3e3e3e3e3e3e3e3e3e3e3e
       107  [[[[[[[[[[[[[[[[  5b5b5b5b5b5b5b5b5b5b5b5b5b5b5b5b
        93  ................  04040404040404040404040404040404
        81  ________________  5f5f5f5f5f5f5f5f5f5f5f5f5f5f5f5f
        79  ????????????????  3f3f3f3f3f3f3f3f3f3f3f3f3f3f3f3f
        75  ................  94949494949494949494949494949494
# epoch 6780  H=7.5294 C=7.3053 HO=0.2241  A(t)=917
       350  <<<<<<<<<<<<<<<<  3c3c3c3c3c3c3c3c3c3c3c3c3c3c3c3c
       210  ,,,,,,,,,,,,,,,,  2c2c2c2c2c2c2c2c2c2c2c2c2c2c2c2c
       198  ;;;;;;;;;;;;;;;;  3b3b3b3b3b3b3b3b3b3b3b3b3b3b3b3b
       159  ================  3d3d3d3d3d3d3d3d3d3d3d3d3d3d3d3d
        89  [[[[[[[[[[[[[[[[  5b5b5b5b5b5b5b5b5b5b5b5b5b5b5b5b
        86  $$$$$$$$$$$$$$$$  24242424242424242424242424242424
        85  ................  05050505050505050505050505050505
        80  ................  04040404040404040404040404040404
        79  >>>>>>>>>>>>>>>>  3e3e3e3e3e3e3e3e3e3e3e3e3e3e3e3e
        75  ________________  5f5f5f5f5f5f5f5f5f5f5f5f5f5f5f5f
# epoch 6800  H=7.5306 C=7.3096 HO=0.2209  A(t)=917
       271  <<<<<<<<<<<<<<<<  3c3c3c3c3c3c3c3c3c3c3c3c3c3c3c3c
       185  ;;;;;;;;;;;;;;;;  3b3b3b3b3b3b3b3b3b3b3b3b3b3b3b3b
       183  ================  3d3d3d3d3d3d3d3d3d3d3d3d3d3d3d3d
       169  ,,,,,,,,,,,,,,,,  2c2c2c2c2c2c2c2c2c2c2c2c2c2c2c2c
       148  >>>>>>>>>>>>>>>>  3e3e3e3e3e3e3e3e3e3e3e3e3e3e3e3e
       128  ((((((((((((((((  28282828282828282828282828282828
        75  ................  2e2e2e2e2e2e2e2e2e2e2e2e2e2e2e2e
        75  ................  04040404040404040404040404040404
        74  ................  05050505050505050505050505050505
        67  ????????????????  3f3f3f3f3f3f3f3f3f3f3f3f3f3f3f3f
# epoch 6820  H=7.5288 C=7.3061 HO=0.2227  A(t)=917
       189  <<<<<<<<<<<<<<<<  3c3c3c3c3c3c3c3c3c3c3c3c3c3c3c3c
       161  ;;;;;;;;;;;;;;;;  3b3b3b3b3b3b3b3b3b3b3b3b3b3b3b3b
       152  ================  3d3d3d3d3d3d3d3d3d3d3d3d3d3d3d3d
       145  ,,,,,,,,,,,,,,,,  2c2c2c2c2c2c2c2c2c2c2c2c2c2c2c2c
       144  [[[[[[[[[[[[[[[[  5b5b5b5b5b5b5b5b5b5b5b5b5b5b5b5b
       141  >>>>>>>>>>>>>>>>  3e3e3e3e3e3e3e3e3e3e3e3e3e3e3e3e
        93  ((((((((((((((((  28282828282828282828282828282828
        76  ????????????????  3f3f3f3f3f3f3f3f3f3f3f3f3f3f3f3f
        76  ................  05050505050505050505050505050505
        75  ................  ffffffffffffffffffffffffffffffff
# epoch 6840  H=7.5277 C=7.3075 HO=0.2201  A(t)=919
       213  ;;;;;;;;;;;;;;;;  3b3b3b3b3b3b3b3b3b3b3b3b3b3b3b3b
       164  <<<<<<<<<<<<<<<<  3c3c3c3c3c3c3c3c3c3c3c3c3c3c3c3c
       155  ::::::::::::::::  3a3a3a3a3a3a3a3a3a3a3a3a3a3a3a3a
       136  [[[[[[[[[[[[[[[[  5b5b5b5b5b5b5b5b5b5b5b5b5b5b5b5b
       129  ,,,,,,,,,,,,,,,,  2c2c2c2c2c2c2c2c2c2c2c2c2c2c2c2c
       128  ================  3d3d3d3d3d3d3d3d3d3d3d3d3d3d3d3d
       117  >>>>>>>>>>>>>>>>  3e3e3e3e3e3e3e3e3e3e3e3e3e3e3e3e
        92  ((((((((((((((((  28282828282828282828282828282828
        88  ****************  2a2a2a2a2a2a2a2a2a2a2a2a2a2a2a2a
        87  ////////////////  2f2f2f2f2f2f2f2f2f2f2f2f2f2f2f2f
# epoch 6860  H=7.5264 C=7.3054 HO=0.2210  A(t)=922
       205  ;;;;;;;;;;;;;;;;  3b3b3b3b3b3b3b3b3b3b3b3b3b3b3b3b
       158  <<<<<<<<<<<<<<<<  3c3c3c3c3c3c3c3c3c3c3c3c3c3c3c3c
       143  ::::::::::::::::  3a3a3a3a3a3a3a3a3a3a3a3a3a3a3a3a
       127  ****************  2a2a2a2a2a2a2a2a2a2a2a2a2a2a2a2a
       122  ================  3d3d3d3d3d3d3d3d3d3d3d3d3d3d3d3d
       121  ................  2e2e2e2e2e2e2e2e2e2e2e2e2e2e2e2e
       119  9999999999999999  39393939393939393939393939393939
       118  [[[[[[[[[[[[[[[[  5b5b5b5b5b5b5b5b5b5b5b5b5b5b5b5b
       106  ,,,,,,,,,,,,,,,,  2c2c2c2c2c2c2c2c2c2c2c2c2c2c2c2c
        95  ////////////////  2f2f2f2f2f2f2f2f2f2f2f2f2f2f2f2f
# epoch 6880  H=7.5239 C=7.3038 HO=0.2201  A(t)=924
       199  ;;;;;;;;;;;;;;;;  3b3b3b3b3b3b3b3b3b3b3b3b3b3b3b3b
       134  [[[[[[[[[[[[[[[[  5b5b5b5b5b5b5b5b5b5b5b5b5b5b5b5b
       132  ,,,,,,,,,,,,,,,,  2c2c2c2c2c2c2c2c2c2c2c2c2c2c2c2c
       132  ****************  2a2a2a2a2a2a2a2a2a2a2a2a2a2a2a2a
       131  <<<<<<<<<<<<<<<<  3c3c3c3c3c3c3c3c3c3c3c3c3c3c3c3c
       120  ::::::::::::::::  3a3a3a3a3a3a3a3a3a3a3a3a3a3a3a3a
       115  ================  3d3d3d3d3d3d3d3d3d3d3d3d3d3d3d3d
       108  ((((((((((((((((  28282828282828282828282828282828
       105  9999999999999999  39393939393939393939393939393939
        91  ................  1d1d1d1d1d1d1d1d1d1d1d1d1d1d1d1d
# epoch 6900  H=7.5215 C=7.3040 HO=0.2175  A(t)=926
       218  <<<<<<<<<<<<<<<<  3c3c3c3c3c3c3c3c3c3c3c3c3c3c3c3c
       184  ;;;;;;;;;;;;;;;;  3b3b3b3b3b3b3b3b3b3b3b3b3b3b3b3b
       136  ================  3d3d3d3d3d3d3d3d3d3d3d3d3d3d3d3d
       125  [[[[[[[[[[[[[[[[  5b5b5b5b5b5b5b5b5b5b5b5b5b5b5b5b
       114  ,,,,,,,,,,,,,,,,  2c2c2c2c2c2c2c2c2c2c2c2c2c2c2c2c
       113  ................  ffffffffffffffffffffffffffffffff
       109  ////////////////  2f2f2f2f2f2f2f2f2f2f2f2f2f2f2f2f
       105  ****************  2a2a2a2a2a2a2a2a2a2a2a2a2a2a2a2a
       104  ((((((((((((((((  28282828282828282828282828282828
        96  ::::::::::::::::  3a3a3a3a3a3a3a3a3a3a3a3a3a3a3a3a
# epoch 6920  H=7.5210 C=7.3069 HO=0.2140  A(t)=926
       213  <<<<<<<<<<<<<<<<  3c3c3c3c3c3c3c3c3c3c3c3c3c3c3c3c
       167  ;;;;;;;;;;;;;;;;  3b3b3b3b3b3b3b3b3b3b3b3b3b3b3b3b
       132  ================  3d3d3d3d3d3d3d3d3d3d3d3d3d3d3d3d
       107  ,,,,,,,,,,,,,,,,  2c2c2c2c2c2c2c2c2c2c2c2c2c2c2c2c
        98  [[[[[[[[[[[[[[[[  5b5b5b5b5b5b5b5b5b5b5b5b5b5b5b5b
        96  ****************  2a2a2a2a2a2a2a2a2a2a2a2a2a2a2a2a
        88  ::::::::::::::::  3a3a3a3a3a3a3a3a3a3a3a3a3a3a3a3a
        86  tttttttttttttttt  74747474747474747474747474747474
        86  9999999999999999  39393939393939393939393939393939
        76  ................  ffffffffffffffffffffffffffffffff
# epoch 6940  H=7.5173 C=7.3036 HO=0.2137  A(t)=926
       252  <<<<<<<<<<<<<<<<  3c3c3c3c3c3c3c3c3c3c3c3c3c3c3c3c
       142  ;;;;;;;;;;;;;;;;  3b3b3b3b3b3b3b3b3b3b3b3b3b3b3b3b
       140  ================  3d3d3d3d3d3d3d3d3d3d3d3d3d3d3d3d
       106  ................  ffffffffffffffffffffffffffffffff
       100  ::::::::::::::::  3a3a3a3a3a3a3a3a3a3a3a3a3a3a3a3a
        98  ,,,,,,,,,,,,,,,,  2c2c2c2c2c2c2c2c2c2c2c2c2c2c2c2c
        85  [[[[[[[[[[[[[[[[  5b5b5b5b5b5b5b5b5b5b5b5b5b5b5b5b
        77  ????????????????  3f3f3f3f3f3f3f3f3f3f3f3f3f3f3f3f
        76  ((((((((((((((((  28282828282828282828282828282828
        73  @@@@@@@@@@@@@@@@  40404040404040404040404040404040
# epoch 6960  H=7.5236 C=7.3059 HO=0.2177  A(t)=926
       223  <<<<<<<<<<<<<<<<  3c3c3c3c3c3c3c3c3c3c3c3c3c3c3c3c
       180  ================  3d3d3d3d3d3d3d3d3d3d3d3d3d3d3d3d
       168  ,,,,,,,,,,,,,,,,  2c2c2c2c2c2c2c2c2c2c2c2c2c2c2c2c
       123  ;;;;;;;;;;;;;;;;  3b3b3b3b3b3b3b3b3b3b3b3b3b3b3b3b
       117  [[[[[[[[[[[[[[[[  5b5b5b5b5b5b5b5b5b5b5b5b5b5b5b5b
        82  ::::::::::::::::  3a3a3a3a3a3a3a3a3a3a3a3a3a3a3a3a
        79  ................  ffffffffffffffffffffffffffffffff
        73  ................  97979797979797979797979797979797
        69  ????????????????  3f3f3f3f3f3f3f3f3f3f3f3f3f3f3f3f
        69  ////////////////  2f2f2f2f2f2f2f2f2f2f2f2f2f2f2f2f
# epoch 6980  H=7.5248 C=7.3071 HO=0.2178  A(t)=932
       220  <<<<<<<<<<<<<<<<  3c3c3c3c3c3c3c3c3c3c3c3c3c3c3c3c
       175  [[[[[[[[[[[[[[[[  5b5b5b5b5b5b5b5b5b5b5b5b5b5b5b5b
       126  ================  3d3d3d3d3d3d3d3d3d3d3d3d3d3d3d3d
       121  ,,,,,,,,,,,,,,,,  2c2c2c2c2c2c2c2c2c2c2c2c2c2c2c2c
        95  @@@@@@@@@@@@@@@@  40404040404040404040404040404040
        94  ;;;;;;;;;;;;;;;;  3b3b3b3b3b3b3b3b3b3b3b3b3b3b3b3b
        80  ::::::::::::::::  3a3a3a3a3a3a3a3a3a3a3a3a3a3a3a3a
        79  tttttttttttttttt  74747474747474747474747474747474
        68  ................  ffffffffffffffffffffffffffffffff
        63  8888888888888888  38383838383838383838383838383838
# epoch 7000  H=7.5239 C=7.3059 HO=0.2180  A(t)=935
       281  <<<<<<<<<<<<<<<<  3c3c3c3c3c3c3c3c3c3c3c3c3c3c3c3c
       165  [[[[[[[[[[[[[[[[  5b5b5b5b5b5b5b5b5b5b5b5b5b5b5b5b
       118  ,,,,,,,,,,,,,,,,  2c2c2c2c2c2c2c2c2c2c2c2c2c2c2c2c
        93  ================  3d3d3d3d3d3d3d3d3d3d3d3d3d3d3d3d
        89  @@@@@@@@@@@@@@@@  40404040404040404040404040404040
        83  ;;;;;;;;;;;;;;;;  3b3b3b3b3b3b3b3b3b3b3b3b3b3b3b3b
        82  9999999999999999  39393939393939393939393939393939
        75  ----------------  2d2d2d2d2d2d2d2d2d2d2d2d2d2d2d2d
        69  ................  f5f5f5f5f5f5f5f5f5f5f5f5f5f5f5f5
        65  ::::::::::::::::  3a3a3a3a3a3a3a3a3a3a3a3a3a3a3a3a
# epoch 7020  H=7.5227 C=7.3020 HO=0.2207  A(t)=935
       247  <<<<<<<<<<<<<<<<  3c3c3c3c3c3c3c3c3c3c3c3c3c3c3c3c
       185  [[[[[[[[[[[[[[[[  5b5b5b5b5b5b5b5b5b5b5b5b5b5b5b5b
       129  ================  3d3d3d3d3d3d3d3d3d3d3d3d3d3d3d3d
       115  ;;;;;;;;;;;;;;;;  3b3b3b3b3b3b3b3b3b3b3b3b3b3b3b3b
       108  ----------------  2d2d2d2d2d2d2d2d2d2d2d2d2d2d2d2d
       106  ,,,,,,,,,,,,,,,,  2c2c2c2c2c2c2c2c2c2c2c2c2c2c2c2c
        94  9999999999999999  39393939393939393939393939393939
        59  tttttttttttttttt  74747474747474747474747474747474
        56  ((((((((((((((((  28282828282828282828282828282828
        54  ::::::::::::::::  3a3a3a3a3a3a3a3a3a3a3a3a3a3a3a3a
# epoch 7040  H=7.5233 C=7.3004 HO=0.2229  A(t)=935
       381  <<<<<<<<<<<<<<<<  3c3c3c3c3c3c3c3c3c3c3c3c3c3c3c3c
       159  [[[[[[[[[[[[[[[[  5b5b5b5b5b5b5b5b5b5b5b5b5b5b5b5b
       139  9999999999999999  39393939393939393939393939393939
       131  ,,,,,,,,,,,,,,,,  2c2c2c2c2c2c2c2c2c2c2c2c2c2c2c2c
       121  ----------------  2d2d2d2d2d2d2d2d2d2d2d2d2d2d2d2d
       119  ================  3d3d3d3d3d3d3d3d3d3d3d3d3d3d3d3d
        98  ;;;;;;;;;;;;;;;;  3b3b3b3b3b3b3b3b3b3b3b3b3b3b3b3b
        59  tttttttttttttttt  74747474747474747474747474747474
        57  >>>>>>>>>>>>>>>>  3e3e3e3e3e3e3e3e3e3e3e3e3e3e3e3e
        57  5555555555555555  35353535353535353535353535353535
# epoch 7060  H=7.5205 C=7.2964 HO=0.2242  A(t)=937
       400  <<<<<<<<<<<<<<<<  3c3c3c3c3c3c3c3c3c3c3c3c3c3c3c3c
       171  ,,,,,,,,,,,,,,,,  2c2c2c2c2c2c2c2c2c2c2c2c2c2c2c2c
       162  [[[[[[[[[[[[[[[[  5b5b5b5b5b5b5b5b5b5b5b5b5b5b5b5b
       116  9999999999999999  39393939393939393939393939393939
       111  ----------------  2d2d2d2d2d2d2d2d2d2d2d2d2d2d2d2d
       105  ================  3d3d3d3d3d3d3d3d3d3d3d3d3d3d3d3d
        84  ................  2e2e2e2e2e2e2e2e2e2e2e2e2e2e2e2e
        74  ;;;;;;;;;;;;;;;;  3b3b3b3b3b3b3b3b3b3b3b3b3b3b3b3b
        74  ................  04040404040404040404040404040404
        67  ................  a6a6a6a6a6a6a6a6a6a6a6a6a6a6a6a6
# epoch 7080  H=7.5174 C=7.2965 HO=0.2208  A(t)=937
       340  <<<<<<<<<<<<<<<<  3c3c3c3c3c3c3c3c3c3c3c3c3c3c3c3c
       221  [[[[[[[[[[[[[[[[  5b5b5b5b5b5b5b5b5b5b5b5b5b5b5b5b
       164  ,,,,,,,,,,,,,,,,  2c2c2c2c2c2c2c2c2c2c2c2c2c2c2c2c
       103  9999999999999999  39393939393939393939393939393939
       103  ----------------  2d2d2d2d2d2d2d2d2d2d2d2d2d2d2d2d
        96  ================  3d3d3d3d3d3d3d3d3d3d3d3d3d3d3d3d
        84  ................  2e2e2e2e2e2e2e2e2e2e2e2e2e2e2e2e
        64  ................  a6a6a6a6a6a6a6a6a6a6a6a6a6a6a6a6
        61  ................  04040404040404040404040404040404
        59  tttttttttttttttt  74747474747474747474747474747474
# epoch 7100  H=7.5162 C=7.2971 HO=0.2190  A(t)=945
       233  <<<<<<<<<<<<<<<<  3c3c3c3c3c3c3c3c3c3c3c3c3c3c3c3c
       203  [[[[[[[[[[[[[[[[  5b5b5b5b5b5b5b5b5b5b5b5b5b5b5b5b
       148  ,,,,,,,,,,,,,,,,  2c2c2c2c2c2c2c2c2c2c2c2c2c2c2c2c
       137  ================  3d3d3d3d3d3d3d3d3d3d3d3d3d3d3d3d
       101  9999999999999999  39393939393939393939393939393939
        85  ----------------  2d2d2d2d2d2d2d2d2d2d2d2d2d2d2d2d
        79  >>>>>>>>>>>>>>>>  3e3e3e3e3e3e3e3e3e3e3e3e3e3e3e3e
        57  ................  2e2e2e2e2e2e2e2e2e2e2e2e2e2e2e2e
        54  ................  a5a5a5a5a5a5a5a5a5a5a5a5a5a5a5a5
        51  ................  a6a6a6a6a6a6a6a6a6a6a6a6a6a6a6a6
# epoch 7120  H=7.5140 C=7.2959 HO=0.2180  A(t)=945
       229  [[[[[[[[[[[[[[[[  5b5b5b5b5b5b5b5b5b5b5b5b5b5b5b5b
       199  ================  3d3d3d3d3d3d3d3d3d3d3d3d3d3d3d3d
       159  <<<<<<<<<<<<<<<<  3c3c3c3c3c3c3c3c3c3c3c3c3c3c3c3c
       133  ,,,,,,,,,,,,,,,,  2c2c2c2c2c2c2c2c2c2c2c2c2c2c2c2c
       112  ;;;;;;;;;;;;;;;;  3b3b3b3b3b3b3b3b3b3b3b3b3b3b3b3b
        89  9999999999999999  39393939393939393939393939393939
        62  ----------------  2d2d2d2d2d2d2d2d2d2d2d2d2d2d2d2d
        61  ................  b9b9b9b9b9b9b9b9b9b9b9b9b9b9b9b9
        61  >>>>>>>>>>>>>>>>  3e3e3e3e3e3e3e3e3e3e3e3e3e3e3e3e
        54  ................  2e2e2e2e2e2e2e2e2e2e2e2e2e2e2e2e
# epoch 7140  H=7.5134 C=7.2947 HO=0.2187  A(t)=947
       237  ================  3d3d3d3d3d3d3d3d3d3d3d3d3d3d3d3d
       181  [[[[[[[[[[[[[[[[  5b5b5b5b5b5b5b5b5b5b5b5b5b5b5b5b
       176  ;;;;;;;;;;;;;;;;  3b3b3b3b3b3b3b3b3b3b3b3b3b3b3b3b
       160  <<<<<<<<<<<<<<<<  3c3c3c3c3c3c3c3c3c3c3c3c3c3c3c3c
       113  ,,,,,,,,,,,,,,,,  2c2c2c2c2c2c2c2c2c2c2c2c2c2c2c2c
       101  >>>>>>>>>>>>>>>>  3e3e3e3e3e3e3e3e3e3e3e3e3e3e3e3e
        70  ::::::::::::::::  3a3a3a3a3a3a3a3a3a3a3a3a3a3a3a3a
        69  9999999999999999  39393939393939393939393939393939
        57  ................  d7d7d7d7d7d7d7d7d7d7d7d7d7d7d7d7
        53  ----------------  2d2d2d2d2d2d2d2d2d2d2d2d2d2d2d2d
# epoch 7160  H=7.5084 C=7.2959 HO=0.2124  A(t)=949
       235  <<<<<<<<<<<<<<<<  3c3c3c3c3c3c3c3c3c3c3c3c3c3c3c3c
       208  ================  3d3d3d3d3d3d3d3d3d3d3d3d3d3d3d3d
       139  [[[[[[[[[[[[[[[[  5b5b5b5b5b5b5b5b5b5b5b5b5b5b5b5b
       133  ;;;;;;;;;;;;;;;;  3b3b3b3b3b3b3b3b3b3b3b3b3b3b3b3b
       105  ,,,,,,,,,,,,,,,,  2c2c2c2c2c2c2c2c2c2c2c2c2c2c2c2c
        94  >>>>>>>>>>>>>>>>  3e3e3e3e3e3e3e3e3e3e3e3e3e3e3e3e
        67  9999999999999999  39393939393939393939393939393939
        58  ::::::::::::::::  3a3a3a3a3a3a3a3a3a3a3a3a3a3a3a3a
        56  ................  d7d7d7d7d7d7d7d7d7d7d7d7d7d7d7d7
        56  ................  13131313131313131313131313131313
# epoch 7180  H=7.5074 C=7.2931 HO=0.2143  A(t)=949
       332  <<<<<<<<<<<<<<<<  3c3c3c3c3c3c3c3c3c3c3c3c3c3c3c3c
       198  ================  3d3d3d3d3d3d3d3d3d3d3d3d3d3d3d3d
       108  [[[[[[[[[[[[[[[[  5b5b5b5b5b5b5b5b5b5b5b5b5b5b5b5b
       108  ;;;;;;;;;;;;;;;;  3b3b3b3b3b3b3b3b3b3b3b3b3b3b3b3b
       102  ,,,,,,,,,,,,,,,,  2c2c2c2c2c2c2c2c2c2c2c2c2c2c2c2c
        97  >>>>>>>>>>>>>>>>  3e3e3e3e3e3e3e3e3e3e3e3e3e3e3e3e
        67  9999999999999999  39393939393939393939393939393939
        64  QQQQQQQQQQQQQQQQ  51515151515151515151515151515151
        62  ................  eeeeeeeeeeeeeeeeeeeeeeeeeeeeeeee
        55  ................  fbfbfbfbfbfbfbfbfbfbfbfbfbfbfbfb
# epoch 7200  H=7.5085 C=7.2979 HO=0.2106  A(t)=949
       309  <<<<<<<<<<<<<<<<  3c3c3c3c3c3c3c3c3c3c3c3c3c3c3c3c
       165  ================  3d3d3d3d3d3d3d3d3d3d3d3d3d3d3d3d
       139  ,,,,,,,,,,,,,,,,  2c2c2c2c2c2c2c2c2c2c2c2c2c2c2c2c
       136  ;;;;;;;;;;;;;;;;  3b3b3b3b3b3b3b3b3b3b3b3b3b3b3b3b
       121  >>>>>>>>>>>>>>>>  3e3e3e3e3e3e3e3e3e3e3e3e3e3e3e3e
       104  [[[[[[[[[[[[[[[[  5b5b5b5b5b5b5b5b5b5b5b5b5b5b5b5b
        87  1111111111111111  31313131313131313131313131313131
        65  9999999999999999  39393939393939393939393939393939
        60  ................  cacacacacacacacacacacacacacacaca
        58  ................  eeeeeeeeeeeeeeeeeeeeeeeeeeeeeeee
# epoch 7220  H=7.5097 C=7.2951 HO=0.2146  A(t)=951
       314  <<<<<<<<<<<<<<<<  3c3c3c3c3c3c3c3c3c3c3c3c3c3c3c3c
       259  [[[[[[[[[[[[[[[[  5b5b5b5b5b5b5b5b5b5b5b5b5b5b5b5b
       229  ;;;;;;;;;;;;;;;;  3b3b3b3b3b3b3b3b3b3b3b3b3b3b3b3b
       152  >>>>>>>>>>>>>>>>  3e3e3e3e3e3e3e3e3e3e3e3e3e3e3e3e
       151  ================  3d3d3d3d3d3d3d3d3d3d3d3d3d3d3d3d
       116  ,,,,,,,,,,,,,,,,  2c2c2c2c2c2c2c2c2c2c2c2c2c2c2c2c
        90  ||||||||||||||||  7c7c7c7c7c7c7c7c7c7c7c7c7c7c7c7c
        79  1111111111111111  31313131313131313131313131313131
        65  9999999999999999  39393939393939393939393939393939
        60  @@@@@@@@@@@@@@@@  40404040404040404040404040404040
# epoch 7240  H=7.5136 C=7.3014 HO=0.2122  A(t)=951
       301  <<<<<<<<<<<<<<<<  3c3c3c3c3c3c3c3c3c3c3c3c3c3c3c3c
       213  [[[[[[[[[[[[[[[[  5b5b5b5b5b5b5b5b5b5b5b5b5b5b5b5b
       196  ;;;;;;;;;;;;;;;;  3b3b3b3b3b3b3b3b3b3b3b3b3b3b3b3b
       148  ================  3d3d3d3d3d3d3d3d3d3d3d3d3d3d3d3d
       128  >>>>>>>>>>>>>>>>  3e3e3e3e3e3e3e3e3e3e3e3e3e3e3e3e
       123  ,,,,,,,,,,,,,,,,  2c2c2c2c2c2c2c2c2c2c2c2c2c2c2c2c
        90  ????????????????  3f3f3f3f3f3f3f3f3f3f3f3f3f3f3f3f
        70  1111111111111111  31313131313131313131313131313131
        60  9999999999999999  39393939393939393939393939393939
        59  ||||||||||||||||  7c7c7c7c7c7c7c7c7c7c7c7c7c7c7c7c
# epoch 7260  H=7.5153 C=7.3008 HO=0.2145  A(t)=951
       289  <<<<<<<<<<<<<<<<  3c3c3c3c3c3c3c3c3c3c3c3c3c3c3c3c
       236  [[[[[[[[[[[[[[[[  5b5b5b5b5b5b5b5b5b5b5b5b5b5b5b5b
       226  ;;;;;;;;;;;;;;;;  3b3b3b3b3b3b3b3b3b3b3b3b3b3b3b3b
       126  >>>>>>>>>>>>>>>>  3e3e3e3e3e3e3e3e3e3e3e3e3e3e3e3e
       118  ================  3d3d3d3d3d3d3d3d3d3d3d3d3d3d3d3d
       115  ,,,,,,,,,,,,,,,,  2c2c2c2c2c2c2c2c2c2c2c2c2c2c2c2c
        80  yyyyyyyyyyyyyyyy  79797979797979797979797979797979
        80  3333333333333333  33333333333333333333333333333333
        70  1111111111111111  31313131313131313131313131313131
        65  ????????????????  3f3f3f3f3f3f3f3f3f3f3f3f3f3f3f3f
# epoch 7280  H=7.5154 C=7.3025 HO=0.2129  A(t)=954
       258  ,,,,,,,,,,,,,,,,  2c2c2c2c2c2c2c2c2c2c2c2c2c2c2c2c
       202  ;;;;;;;;;;;;;;;;  3b3b3b3b3b3b3b3b3b3b3b3b3b3b3b3b
       199  <<<<<<<<<<<<<<<<  3c3c3c3c3c3c3c3c3c3c3c3c3c3c3c3c
       183  [[[[[[[[[[[[[[[[  5b5b5b5b5b5b5b5b5b5b5b5b5b5b5b5b
       109  ================  3d3d3d3d3d3d3d3d3d3d3d3d3d3d3d3d
        93  >>>>>>>>>>>>>>>>  3e3e3e3e3e3e3e3e3e3e3e3e3e3e3e3e
        92  ????????????????  3f3f3f3f3f3f3f3f3f3f3f3f3f3f3f3f
        78  yyyyyyyyyyyyyyyy  79797979797979797979797979797979
        71  3333333333333333  33333333333333333333333333333333
        69  1111111111111111  31313131313131313131313131313131
# epoch 7300  H=7.5097 C=7.2977 HO=0.2120  A(t)=954
       194  ,,,,,,,,,,,,,,,,  2c2c2c2c2c2c2c2c2c2c2c2c2c2c2c2c
       176  <<<<<<<<<<<<<<<<  3c3c3c3c3c3c3c3c3c3c3c3c3c3c3c3c
       175  ;;;;;;;;;;;;;;;;  3b3b3b3b3b3b3b3b3b3b3b3b3b3b3b3b
       128  [[[[[[[[[[[[[[[[  5b5b5b5b5b5b5b5b5b5b5b5b5b5b5b5b
       103  >>>>>>>>>>>>>>>>  3e3e3e3e3e3e3e3e3e3e3e3e3e3e3e3e
        96  ================  3d3d3d3d3d3d3d3d3d3d3d3d3d3d3d3d
        92  ................  eeeeeeeeeeeeeeeeeeeeeeeeeeeeeeee
        73  yyyyyyyyyyyyyyyy  79797979797979797979797979797979
        72  ::::::::::::::::  3a3a3a3a3a3a3a3a3a3a3a3a3a3a3a3a
        72  9999999999999999  39393939393939393939393939393939
# epoch 7320  H=7.5063 C=7.2963 HO=0.2099  A(t)=956
       226  ,,,,,,,,,,,,,,,,  2c2c2c2c2c2c2c2c2c2c2c2c2c2c2c2c
       177  ;;;;;;;;;;;;;;;;  3b3b3b3b3b3b3b3b3b3b3b3b3b3b3b3b
       174  <<<<<<<<<<<<<<<<  3c3c3c3c3c3c3c3c3c3c3c3c3c3c3c3c
        94  ::::::::::::::::  3a3a3a3a3a3a3a3a3a3a3a3a3a3a3a3a
        90  rrrrrrrrrrrrrrrr  72727272727272727272727272727272
        83  [[[[[[[[[[[[[[[[  5b5b5b5b5b5b5b5b5b5b5b5b5b5b5b5b
        81  >>>>>>>>>>>>>>>>  3e3e3e3e3e3e3e3e3e3e3e3e3e3e3e3e
        77  ................  eeeeeeeeeeeeeeeeeeeeeeeeeeeeeeee
        73  yyyyyyyyyyyyyyyy  79797979797979797979797979797979
        69  ================  3d3d3d3d3d3d3d3d3d3d3d3d3d3d3d3d
# epoch 7340  H=7.5013 C=7.2965 HO=0.2048  A(t)=958
       320  ,,,,,,,,,,,,,,,,  2c2c2c2c2c2c2c2c2c2c2c2c2c2c2c2c
       190  <<<<<<<<<<<<<<<<  3c3c3c3c3c3c3c3c3c3c3c3c3c3c3c3c
       170  ;;;;;;;;;;;;;;;;  3b3b3b3b3b3b3b3b3b3b3b3b3b3b3b3b
       125  >>>>>>>>>>>>>>>>  3e3e3e3e3e3e3e3e3e3e3e3e3e3e3e3e
       124  [[[[[[[[[[[[[[[[  5b5b5b5b5b5b5b5b5b5b5b5b5b5b5b5b
        75  ................  eeeeeeeeeeeeeeeeeeeeeeeeeeeeeeee
        70  yyyyyyyyyyyyyyyy  79797979797979797979797979797979
        69  ================  3d3d3d3d3d3d3d3d3d3d3d3d3d3d3d3d
        68  rrrrrrrrrrrrrrrr  72727272727272727272727272727272
        65  ::::::::::::::::  3a3a3a3a3a3a3a3a3a3a3a3a3a3a3a3a
# epoch 7360  H=7.5017 C=7.2945 HO=0.2072  A(t)=960
       285  ,,,,,,,,,,,,,,,,  2c2c2c2c2c2c2c2c2c2c2c2c2c2c2c2c
       201  [[[[[[[[[[[[[[[[  5b5b5b5b5b5b5b5b5b5b5b5b5b5b5b5b
       152  <<<<<<<<<<<<<<<<  3c3c3c3c3c3c3c3c3c3c3c3c3c3c3c3c
       147  ;;;;;;;;;;;;;;;;  3b3b3b3b3b3b3b3b3b3b3b3b3b3b3b3b
        95  XXXXXXXXXXXXXXXX  58585858585858585858585858585858
        94  >>>>>>>>>>>>>>>>  3e3e3e3e3e3e3e3e3e3e3e3e3e3e3e3e
        75  ................  eeeeeeeeeeeeeeeeeeeeeeeeeeeeeeee
        66  wwwwwwwwwwwwwwww  77777777777777777777777777777777
        65  AAAAAAAAAAAAAAAA  41414141414141414141414141414141
        63  rrrrrrrrrrrrrrrr  72727272727272727272727272727272
# epoch 7380  H=7.4992 C=7.2922 HO=0.2070  A(t)=960
       268  ,,,,,,,,,,,,,,,,  2c2c2c2c2c2c2c2c2c2c2c2c2c2c2c2c
       195  [[[[[[[[[[[[[[[[  5b5b5b5b5b5b5b5b5b5b5b5b5b5b5b5b
       120  <<<<<<<<<<<<<<<<  3c3c3c3c3c3c3c3c3c3c3c3c3c3c3c3c
       107  ;;;;;;;;;;;;;;;;  3b3b3b3b3b3b3b3b3b3b3b3b3b3b3b3b
        83  @@@@@@@@@@@@@@@@  40404040404040404040404040404040
        79  ................  c8c8c8c8c8c8c8c8c8c8c8c8c8c8c8c8
        78  XXXXXXXXXXXXXXXX  58585858585858585858585858585858
        76  >>>>>>>>>>>>>>>>  3e3e3e3e3e3e3e3e3e3e3e3e3e3e3e3e
        66  wwwwwwwwwwwwwwww  77777777777777777777777777777777
        65  ::::::::::::::::  3a3a3a3a3a3a3a3a3a3a3a3a3a3a3a3a
# epoch 7400  H=7.4954 C=7.2833 HO=0.2120  A(t)=960
       238  ,,,,,,,,,,,,,,,,  2c2c2c2c2c2c2c2c2c2c2c2c2c2c2c2c
       213  <<<<<<<<<<<<<<<<  3c3c3c3c3c3c3c3c3c3c3c3c3c3c3c3c
       159  [[[[[[[[[[[[[[[[  5b5b5b5b5b5b5b5b5b5b5b5b5b5b5b5b
       136  ;;;;;;;;;;;;;;;;  3b3b3b3b3b3b3b3b3b3b3b3b3b3b3b3b
        98  ................  c8c8c8c8c8c8c8c8c8c8c8c8c8c8c8c8
        93  AAAAAAAAAAAAAAAA  41414141414141414141414141414141
        88  ================  3d3d3d3d3d3d3d3d3d3d3d3d3d3d3d3d
        77  @@@@@@@@@@@@@@@@  40404040404040404040404040404040
        75  XXXXXXXXXXXXXXXX  58585858585858585858585858585858
        65  >>>>>>>>>>>>>>>>  3e3e3e3e3e3e3e3e3e3e3e3e3e3e3e3e
# epoch 7420  H=7.4960 C=7.2827 HO=0.2134  A(t)=960
       215  <<<<<<<<<<<<<<<<  3c3c3c3c3c3c3c3c3c3c3c3c3c3c3c3c
       211  ,,,,,,,,,,,,,,,,  2c2c2c2c2c2c2c2c2c2c2c2c2c2c2c2c
       166  ;;;;;;;;;;;;;;;;  3b3b3b3b3b3b3b3b3b3b3b3b3b3b3b3b
       139  [[[[[[[[[[[[[[[[  5b5b5b5b5b5b5b5b5b5b5b5b5b5b5b5b
       125  ::::::::::::::::  3a3a3a3a3a3a3a3a3a3a3a3a3a3a3a3a
       103  ================  3d3d3d3d3d3d3d3d3d3d3d3d3d3d3d3d
        84  ................  c8c8c8c8c8c8c8c8c8c8c8c8c8c8c8c8
        82  AAAAAAAAAAAAAAAA  41414141414141414141414141414141
        80  wwwwwwwwwwwwwwww  77777777777777777777777777777777
        76  ????????????????  3f3f3f3f3f3f3f3f3f3f3f3f3f3f3f3f
# epoch 7440  H=7.4970 C=7.2842 HO=0.2128  A(t)=964
       269  ,,,,,,,,,,,,,,,,  2c2c2c2c2c2c2c2c2c2c2c2c2c2c2c2c
       210  <<<<<<<<<<<<<<<<  3c3c3c3c3c3c3c3c3c3c3c3c3c3c3c3c
       159  ;;;;;;;;;;;;;;;;  3b3b3b3b3b3b3b3b3b3b3b3b3b3b3b3b
       139  [[[[[[[[[[[[[[[[  5b5b5b5b5b5b5b5b5b5b5b5b5b5b5b5b
       115  ::::::::::::::::  3a3a3a3a3a3a3a3a3a3a3a3a3a3a3a3a
       103  ................  c8c8c8c8c8c8c8c8c8c8c8c8c8c8c8c8
       102  ================  3d3d3d3d3d3d3d3d3d3d3d3d3d3d3d3d
       101  ................  d7d7d7d7d7d7d7d7d7d7d7d7d7d7d7d7
        87  rrrrrrrrrrrrrrrr  72727272727272727272727272727272
        73  XXXXXXXXXXXXXXXX  58585858585858585858585858585858
# epoch 7460  H=7.4958 C=7.2827 HO=0.2132  A(t)=970
       233  <<<<<<<<<<<<<<<<  3c3c3c3c3c3c3c3c3c3c3c3c3c3c3c3c
       222  ,,,,,,,,,,,,,,,,  2c2c2c2c2c2c2c2c2c2c2c2c2c2c2c2c
       194  ;;;;;;;;;;;;;;;;  3b3b3b3b3b3b3b3b3b3b3b3b3b3b3b3b
       177  [[[[[[[[[[[[[[[[  5b5b5b5b5b5b5b5b5b5b5b5b5b5b5b5b
       119  ================  3d3d3d3d3d3d3d3d3d3d3d3d3d3d3d3d
       110  ::::::::::::::::  3a3a3a3a3a3a3a3a3a3a3a3a3a3a3a3a
        89  ................  c8c8c8c8c8c8c8c8c8c8c8c8c8c8c8c8
        84  @@@@@@@@@@@@@@@@  40404040404040404040404040404040
        76  ................  d7d7d7d7d7d7d7d7d7d7d7d7d7d7d7d7
        74  XXXXXXXXXXXXXXXX  58585858585858585858585858585858
# epoch 7480  H=7.4936 C=7.2847 HO=0.2089  A(t)=974
       335  <<<<<<<<<<<<<<<<  3c3c3c3c3c3c3c3c3c3c3c3c3c3c3c3c
       204  ,,,,,,,,,,,,,,,,  2c2c2c2c2c2c2c2c2c2c2c2c2c2c2c2c
       161  [[[[[[[[[[[[[[[[  5b5b5b5b5b5b5b5b5b5b5b5b5b5b5b5b
       141  ;;;;;;;;;;;;;;;;  3b3b3b3b3b3b3b3b3b3b3b3b3b3b3b3b
       114  ================  3d3d3d3d3d3d3d3d3d3d3d3d3d3d3d3d
       100  ::::::::::::::::  3a3a3a3a3a3a3a3a3a3a3a3a3a3a3a3a
        87  ................  c8c8c8c8c8c8c8c8c8c8c8c8c8c8c8c8
        85  9999999999999999  39393939393939393939393939393939
        82  @@@@@@@@@@@@@@@@  40404040404040404040404040404040
        71  ................  d7d7d7d7d7d7d7d7d7d7d7d7d7d7d7d7
# epoch 7500  H=7.4909 C=7.2816 HO=0.2093  A(t)=977
       322  <<<<<<<<<<<<<<<<  3c3c3c3c3c3c3c3c3c3c3c3c3c3c3c3c
       181  ;;;;;;;;;;;;;;;;  3b3b3b3b3b3b3b3b3b3b3b3b3b3b3b3b
       178  ,,,,,,,,,,,,,,,,  2c2c2c2c2c2c2c2c2c2c2c2c2c2c2c2c
       139  [[[[[[[[[[[[[[[[  5b5b5b5b5b5b5b5b5b5b5b5b5b5b5b5b
        99  ================  3d3d3d3d3d3d3d3d3d3d3d3d3d3d3d3d
        95  ::::::::::::::::  3a3a3a3a3a3a3a3a3a3a3a3a3a3a3a3a
        76  9999999999999999  39393939393939393939393939393939
        69  ................  c8c8c8c8c8c8c8c8c8c8c8c8c8c8c8c8
        68  @@@@@@@@@@@@@@@@  40404040404040404040404040404040
        66  ................  d7d7d7d7d7d7d7d7d7d7d7d7d7d7d7d7
# epoch 7520  H=7.4877 C=7.2839 HO=0.2038  A(t)=977
       366  <<<<<<<<<<<<<<<<  3c3c3c3c3c3c3c3c3c3c3c3c3c3c3c3c
       180  ;;;;;;;;;;;;;;;;  3b3b3b3b3b3b3b3b3b3b3b3b3b3b3b3b
       157  ,,,,,,,,,,,,,,,,  2c2c2c2c2c2c2c2c2c2c2c2c2c2c2c2c
       145  ================  3d3d3d3d3d3d3d3d3d3d3d3d3d3d3d3d
       124  [[[[[[[[[[[[[[[[  5b5b5b5b5b5b5b5b5b5b5b5b5b5b5b5b
        86  ||||||||||||||||  7c7c7c7c7c7c7c7c7c7c7c7c7c7c7c7c
        86  ::::::::::::::::  3a3a3a3a3a3a3a3a3a3a3a3a3a3a3a3a
        71  9999999999999999  39393939393939393939393939393939
        68  @@@@@@@@@@@@@@@@  40404040404040404040404040404040
        65  ................  d7d7d7d7d7d7d7d7d7d7d7d7d7d7d7d7
# epoch 7540  H=7.4856 C=7.2771 HO=0.2085  A(t)=980
       339  <<<<<<<<<<<<<<<<  3c3c3c3c3c3c3c3c3c3c3c3c3c3c3c3c
       198  ,,,,,,,,,,,,,,,,  2c2c2c2c2c2c2c2c2c2c2c2c2c2c2c2c
       173  ================  3d3d3d3d3d3d3d3d3d3d3d3d3d3d3d3d
       140  ;;;;;;;;;;;;;;;;  3b3b3b3b3b3b3b3b3b3b3b3b3b3b3b3b
       117  [[[[[[[[[[[[[[[[  5b5b5b5b5b5b5b5b5b5b5b5b5b5b5b5b
        92  ffffffffffffffff  66666666666666666666666666666666
        86  ::::::::::::::::  3a3a3a3a3a3a3a3a3a3a3a3a3a3a3a3a
        78  ................  d9d9d9d9d9d9d9d9d9d9d9d9d9d9d9d9
        74  3333333333333333  33333333333333333333333333333333
        71  9999999999999999  39393939393939393939393939393939
# epoch 7560  H=7.4857 C=7.2757 HO=0.2100  A(t)=984
       400  <<<<<<<<<<<<<<<<  3c3c3c3c3c3c3c3c3c3c3c3c3c3c3c3c
       194  ,,,,,,,,,,,,,,,,  2c2c2c2c2c2c2c2c2c2c2c2c2c2c2c2c
       190  [[[[[[[[[[[[[[[[  5b5b5b5b5b5b5b5b5b5b5b5b5b5b5b5b
       162  ================  3d3d3d3d3d3d3d3d3d3d3d3d3d3d3d3d
       128  ;;;;;;;;;;;;;;;;  3b3b3b3b3b3b3b3b3b3b3b3b3b3b3b3b
       114  >>>>>>>>>>>>>>>>  3e3e3e3e3e3e3e3e3e3e3e3e3e3e3e3e
       102  ffffffffffffffff  66666666666666666666666666666666
        85  ::::::::::::::::  3a3a3a3a3a3a3a3a3a3a3a3a3a3a3a3a
        85  %%%%%%%%%%%%%%%%  25252525252525252525252525252525
        72  ................  d9d9d9d9d9d9d9d9d9d9d9d9d9d9d9d9
# epoch 7580  H=7.4881 C=7.2802 HO=0.2080  A(t)=984
       250  <<<<<<<<<<<<<<<<  3c3c3c3c3c3c3c3c3c3c3c3c3c3c3c3c
       213  ,,,,,,,,,,,,,,,,  2c2c2c2c2c2c2c2c2c2c2c2c2c2c2c2c
       174  [[[[[[[[[[[[[[[[  5b5b5b5b5b5b5b5b5b5b5b5b5b5b5b5b
       165  ================  3d3d3d3d3d3d3d3d3d3d3d3d3d3d3d3d
       118  ;;;;;;;;;;;;;;;;  3b3b3b3b3b3b3b3b3b3b3b3b3b3b3b3b
       110  ................  1a1a1a1a1a1a1a1a1a1a1a1a1a1a1a1a
        93  >>>>>>>>>>>>>>>>  3e3e3e3e3e3e3e3e3e3e3e3e3e3e3e3e
        87  ::::::::::::::::  3a3a3a3a3a3a3a3a3a3a3a3a3a3a3a3a
        76  9999999999999999  39393939393939393939393939393939
        72  ................  a8a8a8a8a8a8a8a8a8a8a8a8a8a8a8a8
# epoch 7600  H=7.4892 C=7.2789 HO=0.2103  A(t)=984
       193  <<<<<<<<<<<<<<<<  3c3c3c3c3c3c3c3c3c3c3c3c3c3c3c3c
       168  [[[[[[[[[[[[[[[[  5b5b5b5b5b5b5b5b5b5b5b5b5b5b5b5b
       164  ,,,,,,,,,,,,,,,,  2c2c2c2c2c2c2c2c2c2c2c2c2c2c2c2c
       148  ================  3d3d3d3d3d3d3d3d3d3d3d3d3d3d3d3d
       112  ;;;;;;;;;;;;;;;;  3b3b3b3b3b3b3b3b3b3b3b3b3b3b3b3b
       111  0000000000000000  30303030303030303030303030303030
       104  ................  1a1a1a1a1a1a1a1a1a1a1a1a1a1a1a1a
        92  ................  e9e9e9e9e9e9e9e9e9e9e9e9e9e9e9e9
        92  ................  85858585858585858585858585858585
        85  ::::::::::::::::  3a3a3a3a3a3a3a3a3a3a3a3a3a3a3a3a
# epoch 7620  H=7.4845 C=7.2699 HO=0.2146  A(t)=987
       253  <<<<<<<<<<<<<<<<  3c3c3c3c3c3c3c3c3c3c3c3c3c3c3c3c
       222  [[[[[[[[[[[[[[[[  5b5b5b5b5b5b5b5b5b5b5b5b5b5b5b5b
       135  ,,,,,,,,,,,,,,,,  2c2c2c2c2c2c2c2c2c2c2c2c2c2c2c2c
       116  ================  3d3d3d3d3d3d3d3d3d3d3d3d3d3d3d3d
       115  ::::::::::::::::  3a3a3a3a3a3a3a3a3a3a3a3a3a3a3a3a
       100  ;;;;;;;;;;;;;;;;  3b3b3b3b3b3b3b3b3b3b3b3b3b3b3b3b
        92  >>>>>>>>>>>>>>>>  3e3e3e3e3e3e3e3e3e3e3e3e3e3e3e3e
        88  ||||||||||||||||  7c7c7c7c7c7c7c7c7c7c7c7c7c7c7c7c
        85  0000000000000000  30303030303030303030303030303030
        83  ................  e9e9e9e9e9e9e9e9e9e9e9e9e9e9e9e9
# epoch 7640  H=7.4843 C=7.2665 HO=0.2178  A(t)=987
       216  <<<<<<<<<<<<<<<<  3c3c3c3c3c3c3c3c3c3c3c3c3c3c3c3c
       201  [[[[[[[[[[[[[[[[  5b5b5b5b5b5b5b5b5b5b5b5b5b5b5b5b
       126  ,,,,,,,,,,,,,,,,  2c2c2c2c2c2c2c2c2c2c2c2c2c2c2c2c
       114  ::::::::::::::::  3a3a3a3a3a3a3a3a3a3a3a3a3a3a3a3a
       109  ================  3d3d3d3d3d3d3d3d3d3d3d3d3d3d3d3d
       103  ................  1a1a1a1a1a1a1a1a1a1a1a1a1a1a1a1a
        82  2222222222222222  32323232323232323232323232323232
        82  0000000000000000  30303030303030303030303030303030
        81  ................  afafafafafafafafafafafafafafafaf
        81  ||||||||||||||||  7c7c7c7c7c7c7c7c7c7c7c7c7c7c7c7c
# epoch 7660  H=7.4846 C=7.2622 HO=0.2224  A(t)=987
       178  [[[[[[[[[[[[[[[[  5b5b5b5b5b5b5b5b5b5b5b5b5b5b5b5b
       171  <<<<<<<<<<<<<<<<  3c3c3c3c3c3c3c3c3c3c3c3c3c3c3c3c
       138  ,,,,,,,,,,,,,,,,  2c2c2c2c2c2c2c2c2c2c2c2c2c2c2c2c
       122  ;;;;;;;;;;;;;;;;  3b3b3b3b3b3b3b3b3b3b3b3b3b3b3b3b
       108  ????????????????  3f3f3f3f3f3f3f3f3f3f3f3f3f3f3f3f
       103  ================  3d3d3d3d3d3d3d3d3d3d3d3d3d3d3d3d
       100  ::::::::::::::::  3a3a3a3a3a3a3a3a3a3a3a3a3a3a3a3a
        91  ................  02020202020202020202020202020202
        90  ................  f2f2f2f2f2f2f2f2f2f2f2f2f2f2f2f2
        89  ................  1a1a1a1a1a1a1a1a1a1a1a1a1a1a1a1a
# epoch 7680  H=7.4821 C=7.2628 HO=0.2194  A(t)=988
       160  <<<<<<<<<<<<<<<<  3c3c3c3c3c3c3c3c3c3c3c3c3c3c3c3c
       157  [[[[[[[[[[[[[[[[  5b5b5b5b5b5b5b5b5b5b5b5b5b5b5b5b
       137  ================  3d3d3d3d3d3d3d3d3d3d3d3d3d3d3d3d
       137  ,,,,,,,,,,,,,,,,  2c2c2c2c2c2c2c2c2c2c2c2c2c2c2c2c
       133  ::::::::::::::::  3a3a3a3a3a3a3a3a3a3a3a3a3a3a3a3a
       112  ;;;;;;;;;;;;;;;;  3b3b3b3b3b3b3b3b3b3b3b3b3b3b3b3b
        81  ||||||||||||||||  7c7c7c7c7c7c7c7c7c7c7c7c7c7c7c7c
        79  >>>>>>>>>>>>>>>>  3e3e3e3e3e3e3e3e3e3e3e3e3e3e3e3e
        78  ????????????????  3f3f3f3f3f3f3f3f3f3f3f3f3f3f3f3f
        77  ................  02020202020202020202020202020202
# epoch 7700  H=7.4825 C=7.2679 HO=0.2146  A(t)=988
       184  <<<<<<<<<<<<<<<<  3c3c3c3c3c3c3c3c3c3c3c3c3c3c3c3c
       161  [[[[[[[[[[[[[[[[  5b5b5b5b5b5b5b5b5b5b5b5b5b5b5b5b
       151  ::::::::::::::::  3a3a3a3a3a3a3a3a3a3a3a3a3a3a3a3a
       140  ;;;;;;;;;;;;;;;;  3b3b3b3b3b3b3b3b3b3b3b3b3b3b3b3b
       119  ,,,,,,,,,,,,,,,,  2c2c2c2c2c2c2c2c2c2c2c2c2c2c2c2c
       103  ================  3d3d3d3d3d3d3d3d3d3d3d3d3d3d3d3d
       101  ||||||||||||||||  7c7c7c7c7c7c7c7c7c7c7c7c7c7c7c7c
        76  ................  1a1a1a1a1a1a1a1a1a1a1a1a1a1a1a1a
        68  ................  02020202020202020202020202020202
        64  AAAAAAAAAAAAAAAA  41414141414141414141414141414141
# epoch 7720  H=7.4794 C=7.2679 HO=0.2115  A(t)=990
       176  ;;;;;;;;;;;;;;;;  3b3b3b3b3b3b3b3b3b3b3b3b3b3b3b3b
       154  <<<<<<<<<<<<<<<<  3c3c3c3c3c3c3c3c3c3c3c3c3c3c3c3c
       147  ::::::::::::::::  3a3a3a3a3a3a3a3a3a3a3a3a3a3a3a3a
       142  ================  3d3d3d3d3d3d3d3d3d3d3d3d3d3d3d3d
       129  [[[[[[[[[[[[[[[[  5b5b5b5b5b5b5b5b5b5b5b5b5b5b5b5b
       122  ,,,,,,,,,,,,,,,,  2c2c2c2c2c2c2c2c2c2c2c2c2c2c2c2c
        88  >>>>>>>>>>>>>>>>  3e3e3e3e3e3e3e3e3e3e3e3e3e3e3e3e
        80  9999999999999999  39393939393939393939393939393939
        77  ||||||||||||||||  7c7c7c7c7c7c7c7c7c7c7c7c7c7c7c7c
        76  ................  1a1a1a1a1a1a1a1a1a1a1a1a1a1a1a1a
# epoch 7740  H=7.4810 C=7.2671 HO=0.2139  A(t)=992
       335  ;;;;;;;;;;;;;;;;  3b3b3b3b3b3b3b3b3b3b3b3b3b3b3b3b
       148  ,,,,,,,,,,,,,,,,  2c2c2c2c2c2c2c2c2c2c2c2c2c2c2c2c
       135  ????????????????  3f3f3f3f3f3f3f3f3f3f3f3f3f3f3f3f
       132  ================  3d3d3d3d3d3d3d3d3d3d3d3d3d3d3d3d
       126  ::::::::::::::::  3a3a3a3a3a3a3a3a3a3a3a3a3a3a3a3a
       113  [[[[[[[[[[[[[[[[  5b5b5b5b5b5b5b5b5b5b5b5b5b5b5b5b
        87  >>>>>>>>>>>>>>>>  3e3e3e3e3e3e3e3e3e3e3e3e3e3e3e3e
        86  <<<<<<<<<<<<<<<<  3c3c3c3c3c3c3c3c3c3c3c3c3c3c3c3c
        74  9999999999999999  39393939393939393939393939393939
        70  ||||||||||||||||  7c7c7c7c7c7c7c7c7c7c7c7c7c7c7c7c
# epoch 7760  H=7.4839 C=7.2689 HO=0.2150  A(t)=992
       290  ;;;;;;;;;;;;;;;;  3b3b3b3b3b3b3b3b3b3b3b3b3b3b3b3b
       161  ,,,,,,,,,,,,,,,,  2c2c2c2c2c2c2c2c2c2c2c2c2c2c2c2c
       152  ::::::::::::::::  3a3a3a3a3a3a3a3a3a3a3a3a3a3a3a3a
       122  ????????????????  3f3f3f3f3f3f3f3f3f3f3f3f3f3f3f3f
       120  ================  3d3d3d3d3d3d3d3d3d3d3d3d3d3d3d3d
       104  [[[[[[[[[[[[[[[[  5b5b5b5b5b5b5b5b5b5b5b5b5b5b5b5b
        93  ................  ecececececececececececececececec
        64  ................  8b8b8b8b8b8b8b8b8b8b8b8b8b8b8b8b
        63  9999999999999999  39393939393939393939393939393939
        60  ................  d7d7d7d7d7d7d7d7d7d7d7d7d7d7d7d7
# epoch 7780  H=7.4866 C=7.2619 HO=0.2247  A(t)=992
       314  ;;;;;;;;;;;;;;;;  3b3b3b3b3b3b3b3b3b3b3b3b3b3b3b3b
       230  ,,,,,,,,,,,,,,,,  2c2c2c2c2c2c2c2c2c2c2c2c2c2c2c2c
       212  [[[[[[[[[[[[[[[[  5b5b5b5b5b5b5b5b5b5b5b5b5b5b5b5b
       141  <<<<<<<<<<<<<<<<  3c3c3c3c3c3c3c3c3c3c3c3c3c3c3c3c
       125  ::::::::::::::::  3a3a3a3a3a3a3a3a3a3a3a3a3a3a3a3a
       115  ================  3d3d3d3d3d3d3d3d3d3d3d3d3d3d3d3d
       113  ????????????????  3f3f3f3f3f3f3f3f3f3f3f3f3f3f3f3f
        85  >>>>>>>>>>>>>>>>  3e3e3e3e3e3e3e3e3e3e3e3e3e3e3e3e
        75  ................  bdbdbdbdbdbdbdbdbdbdbdbdbdbdbdbd
        66  ................  ecececececececececececececececec
# epoch 7800  H=7.4913 C=7.2669 HO=0.2244  A(t)=992
       320  ;;;;;;;;;;;;;;;;  3b3b3b3b3b3b3b3b3b3b3b3b3b3b3b3b
       203  [[[[[[[[[[[[[[[[  5b5b5b5b5b5b5b5b5b5b5b5b5b5b5b5b
       175  ,,,,,,,,,,,,,,,,  2c2c2c2c2c2c2c2c2c2c2c2c2c2c2c2c
       145  <<<<<<<<<<<<<<<<  3c3c3c3c3c3c3c3c3c3c3c3c3c3c3c3c
       125  ::::::::::::::::  3a3a3a3a3a3a3a3a3a3a3a3a3a3a3a3a
       110  ================  3d3d3d3d3d3d3d3d3d3d3d3d3d3d3d3d
        96  ????????????????  3f3f3f3f3f3f3f3f3f3f3f3f3f3f3f3f
        79  ................  ffffffffffffffffffffffffffffffff
        72  >>>>>>>>>>>>>>>>  3e3e3e3e3e3e3e3e3e3e3e3e3e3e3e3e
        65  ................  ecececececececececececececececec
# epoch 7820  H=7.4913 C=7.2648 HO=0.2265  A(t)=994
       273  ;;;;;;;;;;;;;;;;  3b3b3b3b3b3b3b3b3b3b3b3b3b3b3b3b
       219  [[[[[[[[[[[[[[[[  5b5b5b5b5b5b5b5b5b5b5b5b5b5b5b5b
       176  ================  3d3d3d3d3d3d3d3d3d3d3d3d3d3d3d3d
       141  <<<<<<<<<<<<<<<<  3c3c3c3c3c3c3c3c3c3c3c3c3c3c3c3c
       133  ,,,,,,,,,,,,,,,,  2c2c2c2c2c2c2c2c2c2c2c2c2c2c2c2c
       129  ????????????????  3f3f3f3f3f3f3f3f3f3f3f3f3f3f3f3f
       124  ::::::::::::::::  3a3a3a3a3a3a3a3a3a3a3a3a3a3a3a3a
        92  ________________  5f5f5f5f5f5f5f5f5f5f5f5f5f5f5f5f
        77  ................  1b1b1b1b1b1b1b1b1b1b1b1b1b1b1b1b
        73  9999999999999999  39393939393939393939393939393939
# epoch 7840  H=7.4915 C=7.2613 HO=0.2302  A(t)=994
       241  [[[[[[[[[[[[[[[[  5b5b5b5b5b5b5b5b5b5b5b5b5b5b5b5b
       180  ;;;;;;;;;;;;;;;;  3b3b3b3b3b3b3b3b3b3b3b3b3b3b3b3b
       163  ================  3d3d3d3d3d3d3d3d3d3d3d3d3d3d3d3d
       132  ::::::::::::::::  3a3a3a3a3a3a3a3a3a3a3a3a3a3a3a3a
       118  ,,,,,,,,,,,,,,,,  2c2c2c2c2c2c2c2c2c2c2c2c2c2c2c2c
       114  ????????????????  3f3f3f3f3f3f3f3f3f3f3f3f3f3f3f3f
       111  <<<<<<<<<<<<<<<<  3c3c3c3c3c3c3c3c3c3c3c3c3c3c3c3c
        74  ________________  5f5f5f5f5f5f5f5f5f5f5f5f5f5f5f5f
        70  9999999999999999  39393939393939393939393939393939
        69  ................  ffffffffffffffffffffffffffffffff
# epoch 7860  H=7.4877 C=7.2588 HO=0.2289  A(t)=994
       216  [[[[[[[[[[[[[[[[  5b5b5b5b5b5b5b5b5b5b5b5b5b5b5b5b
       201  ::::::::::::::::  3a3a3a3a3a3a3a3a3a3a3a3a3a3a3a3a
       200  ;;;;;;;;;;;;;;;;  3b3b3b3b3b3b3b3b3b3b3b3b3b3b3b3b
       185  <<<<<<<<<<<<<<<<  3c3c3c3c3c3c3c3c3c3c3c3c3c3c3c3c
       143  ================  3d3d3d3d3d3d3d3d3d3d3d3d3d3d3d3d
       116  ,,,,,,,,,,,,,,,,  2c2c2c2c2c2c2c2c2c2c2c2c2c2c2c2c
       110  >>>>>>>>>>>>>>>>  3e3e3e3e3e3e3e3e3e3e3e3e3e3e3e3e
        97  ................  02020202020202020202020202020202
        85  ................  a5a5a5a5a5a5a5a5a5a5a5a5a5a5a5a5
        74  ????????????????  3f3f3f3f3f3f3f3f3f3f3f3f3f3f3f3f
# epoch 7880  H=7.4907 C=7.2624 HO=0.2284  A(t)=996
       232  ;;;;;;;;;;;;;;;;  3b3b3b3b3b3b3b3b3b3b3b3b3b3b3b3b
       230  <<<<<<<<<<<<<<<<  3c3c3c3c3c3c3c3c3c3c3c3c3c3c3c3c
       175  [[[[[[[[[[[[[[[[  5b5b5b5b5b5b5b5b5b5b5b5b5b5b5b5b
       173  ::::::::::::::::  3a3a3a3a3a3a3a3a3a3a3a3a3a3a3a3a
       143  ================  3d3d3d3d3d3d3d3d3d3d3d3d3d3d3d3d
       127  ,,,,,,,,,,,,,,,,  2c2c2c2c2c2c2c2c2c2c2c2c2c2c2c2c
        95  ................  02020202020202020202020202020202
        70  >>>>>>>>>>>>>>>>  3e3e3e3e3e3e3e3e3e3e3e3e3e3e3e3e
        62  9999999999999999  39393939393939393939393939393939
        61  ................  a5a5a5a5a5a5a5a5a5a5a5a5a5a5a5a5
# epoch 7900  H=7.4878 C=7.2593 HO=0.2285  A(t)=999
       269  <<<<<<<<<<<<<<<<  3c3c3c3c3c3c3c3c3c3c3c3c3c3c3c3c
       195  ;;;;;;;;;;;;;;;;  3b3b3b3b3b3b3b3b3b3b3b3b3b3b3b3b
       177  ::::::::::::::::  3a3a3a3a3a3a3a3a3a3a3a3a3a3a3a3a
       158  ,,,,,,,,,,,,,,,,  2c2c2c2c2c2c2c2c2c2c2c2c2c2c2c2c
       157  [[[[[[[[[[[[[[[[  5b5b5b5b5b5b5b5b5b5b5b5b5b5b5b5b
       131  ================  3d3d3d3d3d3d3d3d3d3d3d3d3d3d3d3d
        89  ................  8b8b8b8b8b8b8b8b8b8b8b8b8b8b8b8b
        83  ////////////////  2f2f2f2f2f2f2f2f2f2f2f2f2f2f2f2f
        79  VVVVVVVVVVVVVVVV  56565656565656565656565656565656
        73  >>>>>>>>>>>>>>>>  3e3e3e3e3e3e3e3e3e3e3e3e3e3e3e3e
# epoch 7920  H=7.4863 C=7.2583 HO=0.2279  A(t)=1000
       328  <<<<<<<<<<<<<<<<  3c3c3c3c3c3c3c3c3c3c3c3c3c3c3c3c
       228  ;;;;;;;;;;;;;;;;  3b3b3b3b3b3b3b3b3b3b3b3b3b3b3b3b
       168  ::::::::::::::::  3a3a3a3a3a3a3a3a3a3a3a3a3a3a3a3a
       134  ,,,,,,,,,,,,,,,,  2c2c2c2c2c2c2c2c2c2c2c2c2c2c2c2c
       127  ================  3d3d3d3d3d3d3d3d3d3d3d3d3d3d3d3d
       124  [[[[[[[[[[[[[[[[  5b5b5b5b5b5b5b5b5b5b5b5b5b5b5b5b
        79  >>>>>>>>>>>>>>>>  3e3e3e3e3e3e3e3e3e3e3e3e3e3e3e3e
        72  ////////////////  2f2f2f2f2f2f2f2f2f2f2f2f2f2f2f2f
        70  ................  8b8b8b8b8b8b8b8b8b8b8b8b8b8b8b8b
        61  VVVVVVVVVVVVVVVV  56565656565656565656565656565656
# epoch 7940  H=7.4818 C=7.2497 HO=0.2321  A(t)=1003
       462  <<<<<<<<<<<<<<<<  3c3c3c3c3c3c3c3c3c3c3c3c3c3c3c3c
       291  ;;;;;;;;;;;;;;;;  3b3b3b3b3b3b3b3b3b3b3b3b3b3b3b3b
       228  >>>>>>>>>>>>>>>>  3e3e3e3e3e3e3e3e3e3e3e3e3e3e3e3e
       211  [[[[[[[[[[[[[[[[  5b5b5b5b5b5b5b5b5b5b5b5b5b5b5b5b
       205  ::::::::::::::::  3a3a3a3a3a3a3a3a3a3a3a3a3a3a3a3a
       160  ================  3d3d3d3d3d3d3d3d3d3d3d3d3d3d3d3d
       146  ,,,,,,,,,,,,,,,,  2c2c2c2c2c2c2c2c2c2c2c2c2c2c2c2c
       100  BBBBBBBBBBBBBBBB  42424242424242424242424242424242
        76  ................  cdcdcdcdcdcdcdcdcdcdcdcdcdcdcdcd
        62  ////////////////  2f2f2f2f2f2f2f2f2f2f2f2f2f2f2f2f
# epoch 7960  H=7.4825 C=7.2525 HO=0.2300  A(t)=1007
       466  <<<<<<<<<<<<<<<<  3c3c3c3c3c3c3c3c3c3c3c3c3c3c3c3c
       255  ;;;;;;;;;;;;;;;;  3b3b3b3b3b3b3b3b3b3b3b3b3b3b3b3b
       197  >>>>>>>>>>>>>>>>  3e3e3e3e3e3e3e3e3e3e3e3e3e3e3e3e
       151  ::::::::::::::::  3a3a3a3a3a3a3a3a3a3a3a3a3a3a3a3a
       139  ,,,,,,,,,,,,,,,,  2c2c2c2c2c2c2c2c2c2c2c2c2c2c2c2c
       138  [[[[[[[[[[[[[[[[  5b5b5b5b5b5b5b5b5b5b5b5b5b5b5b5b
       133  ================  3d3d3d3d3d3d3d3d3d3d3d3d3d3d3d3d
        86  BBBBBBBBBBBBBBBB  42424242424242424242424242424242
        78  9999999999999999  39393939393939393939393939393939
        77  1111111111111111  31313131313131313131313131313131
# epoch 7980  H=7.4825 C=7.2511 HO=0.2314  A(t)=1007
       451  <<<<<<<<<<<<<<<<  3c3c3c3c3c3c3c3c3c3c3c3c3c3c3c3c
       301  ;;;;;;;;;;;;;;;;  3b3b3b3b3b3b3b3b3b3b3b3b3b3b3b3b
       196  >>>>>>>>>>>>>>>>  3e3e3e3e3e3e3e3e3e3e3e3e3e3e3e3e
       167  ,,,,,,,,,,,,,,,,  2c2c2c2c2c2c2c2c2c2c2c2c2c2c2c2c
       164  ::::::::::::::::  3a3a3a3a3a3a3a3a3a3a3a3a3a3a3a3a
       138  [[[[[[[[[[[[[[[[  5b5b5b5b5b5b5b5b5b5b5b5b5b5b5b5b
       123  1111111111111111  31313131313131313131313131313131
       101  ================  3d3d3d3d3d3d3d3d3d3d3d3d3d3d3d3d
        83  RRRRRRRRRRRRRRRR  52525252525252525252525252525252
        72  BBBBBBBBBBBBBBBB  42424242424242424242424242424242
# epoch 8000  H=7.4801 C=7.2463 HO=0.2338  A(t)=1010
       494  <<<<<<<<<<<<<<<<  3c3c3c3c3c3c3c3c3c3c3c3c3c3c3c3c
       314  ;;;;;;;;;;;;;;;;  3b3b3b3b3b3b3b3b3b3b3b3b3b3b3b3b
       214  ,,,,,,,,,,,,,,,,  2c2c2c2c2c2c2c2c2c2c2c2c2c2c2c2c
       182  >>>>>>>>>>>>>>>>  3e3e3e3e3e3e3e3e3e3e3e3e3e3e3e3e
       177  [[[[[[[[[[[[[[[[  5b5b5b5b5b5b5b5b5b5b5b5b5b5b5b5b
       138  ::::::::::::::::  3a3a3a3a3a3a3a3a3a3a3a3a3a3a3a3a
       118  1111111111111111  31313131313131313131313131313131
        96  ================  3d3d3d3d3d3d3d3d3d3d3d3d3d3d3d3d
        95  ????????????????  3f3f3f3f3f3f3f3f3f3f3f3f3f3f3f3f
        83  4444444444444444  34343434343434343434343434343434
# epoch 8020  H=7.4789 C=7.2450 HO=0.2340  A(t)=1010
       407  <<<<<<<<<<<<<<<<  3c3c3c3c3c3c3c3c3c3c3c3c3c3c3c3c
       276  ;;;;;;;;;;;;;;;;  3b3b3b3b3b3b3b3b3b3b3b3b3b3b3b3b
       227  ,,,,,,,,,,,,,,,,  2c2c2c2c2c2c2c2c2c2c2c2c2c2c2c2c
       217  [[[[[[[[[[[[[[[[  5b5b5b5b5b5b5b5b5b5b5b5b5b5b5b5b
       141  >>>>>>>>>>>>>>>>  3e3e3e3e3e3e3e3e3e3e3e3e3e3e3e3e
       135  ================  3d3d3d3d3d3d3d3d3d3d3d3d3d3d3d3d
       115  ::::::::::::::::  3a3a3a3a3a3a3a3a3a3a3a3a3a3a3a3a
        93  1111111111111111  31313131313131313131313131313131
        87  ................  a8a8a8a8a8a8a8a8a8a8a8a8a8a8a8a8
        80  ????????????????  3f3f3f3f3f3f3f3f3f3f3f3f3f3f3f3f
# epoch 8040  H=7.4760 C=7.2498 HO=0.2262  A(t)=1010
       291  <<<<<<<<<<<<<<<<  3c3c3c3c3c3c3c3c3c3c3c3c3c3c3c3c
       258  ;;;;;;;;;;;;;;;;  3b3b3b3b3b3b3b3b3b3b3b3b3b3b3b3b
       173  [[[[[[[[[[[[[[[[  5b5b5b5b5b5b5b5b5b5b5b5b5b5b5b5b
       158  ================  3d3d3d3d3d3d3d3d3d3d3d3d3d3d3d3d
       152  ,,,,,,,,,,,,,,,,  2c2c2c2c2c2c2c2c2c2c2c2c2c2c2c2c
       136  >>>>>>>>>>>>>>>>  3e3e3e3e3e3e3e3e3e3e3e3e3e3e3e3e
        97  ::::::::::::::::  3a3a3a3a3a3a3a3a3a3a3a3a3a3a3a3a
        80  ................  a8a8a8a8a8a8a8a8a8a8a8a8a8a8a8a8
        79  mmmmmmmmmmmmmmmm  6d6d6d6d6d6d6d6d6d6d6d6d6d6d6d6d
        78  ????????????????  3f3f3f3f3f3f3f3f3f3f3f3f3f3f3f3f
# epoch 8060  H=7.4774 C=7.2480 HO=0.2294  A(t)=1010
       295  ;;;;;;;;;;;;;;;;  3b3b3b3b3b3b3b3b3b3b3b3b3b3b3b3b
       277  [[[[[[[[[[[[[[[[  5b5b5b5b5b5b5b5b5b5b5b5b5b5b5b5b
       192  <<<<<<<<<<<<<<<<  3c3c3c3c3c3c3c3c3c3c3c3c3c3c3c3c
       169  ,,,,,,,,,,,,,,,,  2c2c2c2c2c2c2c2c2c2c2c2c2c2c2c2c
       133  ================  3d3d3d3d3d3d3d3d3d3d3d3d3d3d3d3d
       104  >>>>>>>>>>>>>>>>  3e3e3e3e3e3e3e3e3e3e3e3e3e3e3e3e
       102  CCCCCCCCCCCCCCCC  43434343434343434343434343434343
        97  ::::::::::::::::  3a3a3a3a3a3a3a3a3a3a3a3a3a3a3a3a
        71  ????????????????  3f3f3f3f3f3f3f3f3f3f3f3f3f3f3f3f
        69  ................  a8a8a8a8a8a8a8a8a8a8a8a8a8a8a8a8
# epoch 8080  H=7.4807 C=7.2501 HO=0.2306  A(t)=1010
       276  [[[[[[[[[[[[[[[[  5b5b5b5b5b5b5b5b5b5b5b5b5b5b5b5b
       264  ;;;;;;;;;;;;;;;;  3b3b3b3b3b3b3b3b3b3b3b3b3b3b3b3b
       239  ,,,,,,,,,,,,,,,,  2c2c2c2c2c2c2c2c2c2c2c2c2c2c2c2c
       154  <<<<<<<<<<<<<<<<  3c3c3c3c3c3c3c3c3c3c3c3c3c3c3c3c
       125  ::::::::::::::::  3a3a3a3a3a3a3a3a3a3a3a3a3a3a3a3a
       108  ================  3d3d3d3d3d3d3d3d3d3d3d3d3d3d3d3d
        96  CCCCCCCCCCCCCCCC  43434343434343434343434343434343
        89  RRRRRRRRRRRRRRRR  52525252525252525252525252525252
        71  ????????????????  3f3f3f3f3f3f3f3f3f3f3f3f3f3f3f3f
        70  ................  a8a8a8a8a8a8a8a8a8a8a8a8a8a8a8a8
# epoch 8100  H=7.4815 C=7.2509 HO=0.2306  A(t)=1010
       276  ,,,,,,,,,,,,,,,,  2c2c2c2c2c2c2c2c2c2c2c2c2c2c2c2c
       248  ;;;;;;;;;;;;;;;;  3b3b3b3b3b3b3b3b3b3b3b3b3b3b3b3b
       214  [[[[[[[[[[[[[[[[  5b5b5b5b5b5b5b5b5b5b5b5b5b5b5b5b
       156  ::::::::::::::::  3a3a3a3a3a3a3a3a3a3a3a3a3a3a3a3a
       139  <<<<<<<<<<<<<<<<  3c3c3c3c3c3c3c3c3c3c3c3c3c3c3c3c
       108  RRRRRRRRRRRRRRRR  52525252525252525252525252525252
        95  CCCCCCCCCCCCCCCC  43434343434343434343434343434343
        82  ????????????????  3f3f3f3f3f3f3f3f3f3f3f3f3f3f3f3f
        80  ================  3d3d3d3d3d3d3d3d3d3d3d3d3d3d3d3d
        65  XXXXXXXXXXXXXXXX  58585858585858585858585858585858
# epoch 8120  H=7.4858 C=7.2456 HO=0.2402  A(t)=1010
       313  ;;;;;;;;;;;;;;;;  3b3b3b3b3b3b3b3b3b3b3b3b3b3b3b3b
       266  [[[[[[[[[[[[[[[[  5b5b5b5b5b5b5b5b5b5b5b5b5b5b5b5b
       248  ,,,,,,,,,,,,,,,,  2c2c2c2c2c2c2c2c2c2c2c2c2c2c2c2c
       229  <<<<<<<<<<<<<<<<  3c3c3c3c3c3c3c3c3c3c3c3c3c3c3c3c
       129  ::::::::::::::::  3a3a3a3a3a3a3a3a3a3a3a3a3a3a3a3a
       104  RRRRRRRRRRRRRRRR  52525252525252525252525252525252
       101  ================  3d3d3d3d3d3d3d3d3d3d3d3d3d3d3d3d
        74  CCCCCCCCCCCCCCCC  43434343434343434343434343434343
        74  ????????????????  3f3f3f3f3f3f3f3f3f3f3f3f3f3f3f3f
        74  >>>>>>>>>>>>>>>>  3e3e3e3e3e3e3e3e3e3e3e3e3e3e3e3e
# epoch 8140  H=7.4895 C=7.2507 HO=0.2388  A(t)=1010
       324  ;;;;;;;;;;;;;;;;  3b3b3b3b3b3b3b3b3b3b3b3b3b3b3b3b
       239  [[[[[[[[[[[[[[[[  5b5b5b5b5b5b5b5b5b5b5b5b5b5b5b5b
       198  ,,,,,,,,,,,,,,,,  2c2c2c2c2c2c2c2c2c2c2c2c2c2c2c2c
       197  <<<<<<<<<<<<<<<<  3c3c3c3c3c3c3c3c3c3c3c3c3c3c3c3c
       120  ================  3d3d3d3d3d3d3d3d3d3d3d3d3d3d3d3d
       117  ::::::::::::::::  3a3a3a3a3a3a3a3a3a3a3a3a3a3a3a3a
       105  >>>>>>>>>>>>>>>>  3e3e3e3e3e3e3e3e3e3e3e3e3e3e3e3e
       103  RRRRRRRRRRRRRRRR  52525252525252525252525252525252
        97  ................  bbbbbbbbbbbbbbbbbbbbbbbbbbbbbbbb
        71  8888888888888888  38383838383838383838383838383838
# epoch 8160  H=7.4901 C=7.2535 HO=0.2366  A(t)=1012
       261  ;;;;;;;;;;;;;;;;  3b3b3b3b3b3b3b3b3b3b3b3b3b3b3b3b
       213  [[[[[[[[[[[[[[[[  5b5b5b5b5b5b5b5b5b5b5b5b5b5b5b5b
       208  <<<<<<<<<<<<<<<<  3c3c3c3c3c3c3c3c3c3c3c3c3c3c3c3c
       160  ,,,,,,,,,,,,,,,,  2c2c2c2c2c2c2c2c2c2c2c2c2c2c2c2c
        93  ::::::::::::::::  3a3a3a3a3a3a3a3a3a3a3a3a3a3a3a3a
        81  yyyyyyyyyyyyyyyy  79797979797979797979797979797979
        79  RRRRRRRRRRRRRRRR  52525252525252525252525252525252
        78  ================  3d3d3d3d3d3d3d3d3d3d3d3d3d3d3d3d
        75  ................  bbbbbbbbbbbbbbbbbbbbbbbbbbbbbbbb
        71  >>>>>>>>>>>>>>>>  3e3e3e3e3e3e3e3e3e3e3e3e3e3e3e3e
# epoch 8180  H=7.4884 C=7.2561 HO=0.2322  A(t)=1012
       232  ;;;;;;;;;;;;;;;;  3b3b3b3b3b3b3b3b3b3b3b3b3b3b3b3b
       211  <<<<<<<<<<<<<<<<  3c3c3c3c3c3c3c3c3c3c3c3c3c3c3c3c
       197  [[[[[[[[[[[[[[[[  5b5b5b5b5b5b5b5b5b5b5b5b5b5b5b5b
       144  ,,,,,,,,,,,,,,,,  2c2c2c2c2c2c2c2c2c2c2c2c2c2c2c2c
        87  8888888888888888  38383838383838383838383838383838
        83  CCCCCCCCCCCCCCCC  43434343434343434343434343434343
        83  >>>>>>>>>>>>>>>>  3e3e3e3e3e3e3e3e3e3e3e3e3e3e3e3e
        79  yyyyyyyyyyyyyyyy  79797979797979797979797979797979
        78  ================  3d3d3d3d3d3d3d3d3d3d3d3d3d3d3d3d
        77  RRRRRRRRRRRRRRRR  52525252525252525252525252525252
# epoch 8200  H=7.4890 C=7.2581 HO=0.2308  A(t)=1017
       264  [[[[[[[[[[[[[[[[  5b5b5b5b5b5b5b5b5b5b5b5b5b5b5b5b
       202  ;;;;;;;;;;;;;;;;  3b3b3b3b3b3b3b3b3b3b3b3b3b3b3b3b
       150  ,,,,,,,,,,,,,,,,  2c2c2c2c2c2c2c2c2c2c2c2c2c2c2c2c
       143  <<<<<<<<<<<<<<<<  3c3c3c3c3c3c3c3c3c3c3c3c3c3c3c3c
        78  8888888888888888  38383838383838383838383838383838
        77  RRRRRRRRRRRRRRRR  52525252525252525252525252525252
        77  CCCCCCCCCCCCCCCC  43434343434343434343434343434343
        74  ================  3d3d3d3d3d3d3d3d3d3d3d3d3d3d3d3d
        68  ................  d8d8d8d8d8d8d8d8d8d8d8d8d8d8d8d8
        67  ~~~~~~~~~~~~~~~~  7e7e7e7e7e7e7e7e7e7e7e7e7e7e7e7e
# epoch 8220  H=7.4821 C=7.2543 HO=0.2278  A(t)=1019
       348  [[[[[[[[[[[[[[[[  5b5b5b5b5b5b5b5b5b5b5b5b5b5b5b5b
       330  <<<<<<<<<<<<<<<<  3c3c3c3c3c3c3c3c3c3c3c3c3c3c3c3c
       177  ;;;;;;;;;;;;;;;;  3b3b3b3b3b3b3b3b3b3b3b3b3b3b3b3b
       153  ,,,,,,,,,,,,,,,,  2c2c2c2c2c2c2c2c2c2c2c2c2c2c2c2c
        92  ????????????????  3f3f3f3f3f3f3f3f3f3f3f3f3f3f3f3f
        77  CCCCCCCCCCCCCCCC  43434343434343434343434343434343
        70  ================  3d3d3d3d3d3d3d3d3d3d3d3d3d3d3d3d
        59  ................  c5c5c5c5c5c5c5c5c5c5c5c5c5c5c5c5
        56  RRRRRRRRRRRRRRRR  52525252525252525252525252525252
        55  ~~~~~~~~~~~~~~~~  7e7e7e7e7e7e7e7e7e7e7e7e7e7e7e7e
# epoch 8240  H=7.4800 C=7.2524 HO=0.2276  A(t)=1023
       371  [[[[[[[[[[[[[[[[  5b5b5b5b5b5b5b5b5b5b5b5b5b5b5b5b
       332  <<<<<<<<<<<<<<<<  3c3c3c3c3c3c3c3c3c3c3c3c3c3c3c3c
       172  ;;;;;;;;;;;;;;;;  3b3b3b3b3b3b3b3b3b3b3b3b3b3b3b3b
       165  ================  3d3d3d3d3d3d3d3d3d3d3d3d3d3d3d3d
       146  ,,,,,,,,,,,,,,,,  2c2c2c2c2c2c2c2c2c2c2c2c2c2c2c2c
        96  ????????????????  3f3f3f3f3f3f3f3f3f3f3f3f3f3f3f3f
        94  %%%%%%%%%%%%%%%%  25252525252525252525252525252525
        94  ................  10101010101010101010101010101010
        72  ................  fefefefefefefefefefefefefefefefe
        63  CCCCCCCCCCCCCCCC  43434343434343434343434343434343
# epoch 8260  H=7.4806 C=7.2453 HO=0.2352  A(t)=1027
       355  <<<<<<<<<<<<<<<<  3c3c3c3c3c3c3c3c3c3c3c3c3c3c3c3c
       310  [[[[[[[[[[[[[[[[  5b5b5b5b5b5b5b5b5b5b5b5b5b5b5b5b
       172  ================  3d3d3d3d3d3d3d3d3d3d3d3d3d3d3d3d
       147  ,,,,,,,,,,,,,,,,  2c2c2c2c2c2c2c2c2c2c2c2c2c2c2c2c
       146  ;;;;;;;;;;;;;;;;  3b3b3b3b3b3b3b3b3b3b3b3b3b3b3b3b
        89  ................  10101010101010101010101010101010
        88  ????????????????  3f3f3f3f3f3f3f3f3f3f3f3f3f3f3f3f
        73  ................  a8a8a8a8a8a8a8a8a8a8a8a8a8a8a8a8
        72  @@@@@@@@@@@@@@@@  40404040404040404040404040404040
        70  ................  fefefefefefefefefefefefefefefefe
# epoch 8280  H=7.4804 C=7.2410 HO=0.2394  A(t)=1029
       381  <<<<<<<<<<<<<<<<  3c3c3c3c3c3c3c3c3c3c3c3c3c3c3c3c
       263  [[[[[[[[[[[[[[[[  5b5b5b5b5b5b5b5b5b5b5b5b5b5b5b5b
       229  ;;;;;;;;;;;;;;;;  3b3b3b3b3b3b3b3b3b3b3b3b3b3b3b3b
       166  ================  3d3d3d3d3d3d3d3d3d3d3d3d3d3d3d3d
       127  ,,,,,,,,,,,,,,,,  2c2c2c2c2c2c2c2c2c2c2c2c2c2c2c2c
       124  ................  10101010101010101010101010101010
        79  AAAAAAAAAAAAAAAA  41414141414141414141414141414141
        75  ????????????????  3f3f3f3f3f3f3f3f3f3f3f3f3f3f3f3f
        69  ................  b9b9b9b9b9b9b9b9b9b9b9b9b9b9b9b9
        68  ................  0b0b0b0b0b0b0b0b0b0b0b0b0b0b0b0b
# epoch 8300  H=7.4805 C=7.2370 HO=0.2436  A(t)=1031
       315  <<<<<<<<<<<<<<<<  3c3c3c3c3c3c3c3c3c3c3c3c3c3c3c3c
       255  [[[[[[[[[[[[[[[[  5b5b5b5b5b5b5b5b5b5b5b5b5b5b5b5b
       239  ;;;;;;;;;;;;;;;;  3b3b3b3b3b3b3b3b3b3b3b3b3b3b3b3b
       148  ================  3d3d3d3d3d3d3d3d3d3d3d3d3d3d3d3d
       141  ,,,,,,,,,,,,,,,,  2c2c2c2c2c2c2c2c2c2c2c2c2c2c2c2c
       136  ................  8b8b8b8b8b8b8b8b8b8b8b8b8b8b8b8b
       102  ................  10101010101010101010101010101010
        74  %%%%%%%%%%%%%%%%  25252525252525252525252525252525
        72  ................  bfbfbfbfbfbfbfbfbfbfbfbfbfbfbfbf
        71  ::::::::::::::::  3a3a3a3a3a3a3a3a3a3a3a3a3a3a3a3a
# epoch 8320  H=7.4805 C=7.2437 HO=0.2368  A(t)=1033
       226  [[[[[[[[[[[[[[[[  5b5b5b5b5b5b5b5b5b5b5b5b5b5b5b5b
       213  <<<<<<<<<<<<<<<<  3c3c3c3c3c3c3c3c3c3c3c3c3c3c3c3c
       202  ;;;;;;;;;;;;;;;;  3b3b3b3b3b3b3b3b3b3b3b3b3b3b3b3b
       176  ,,,,,,,,,,,,,,,,  2c2c2c2c2c2c2c2c2c2c2c2c2c2c2c2c
       121  ================  3d3d3d3d3d3d3d3d3d3d3d3d3d3d3d3d
       106  ................  8b8b8b8b8b8b8b8b8b8b8b8b8b8b8b8b
       101  ::::::::::::::::  3a3a3a3a3a3a3a3a3a3a3a3a3a3a3a3a
        98  ................  10101010101010101010101010101010
        76  7777777777777777  37373737373737373737373737373737
        72  4444444444444444  34343434343434343434343434343434
# epoch 8340  H=7.4841 C=7.2382 HO=0.2459  A(t)=1040
       217  ;;;;;;;;;;;;;;;;  3b3b3b3b3b3b3b3b3b3b3b3b3b3b3b3b
       210  [[[[[[[[[[[[[[[[  5b5b5b5b5b5b5b5b5b5b5b5b5b5b5b5b
       186  <<<<<<<<<<<<<<<<  3c3c3c3c3c3c3c3c3c3c3c3c3c3c3c3c
       173  ,,,,,,,,,,,,,,,,  2c2c2c2c2c2c2c2c2c2c2c2c2c2c2c2c
       125  ::::::::::::::::  3a3a3a3a3a3a3a3a3a3a3a3a3a3a3a3a
       119  ================  3d3d3d3d3d3d3d3d3d3d3d3d3d3d3d3d
       106  ................  8b8b8b8b8b8b8b8b8b8b8b8b8b8b8b8b
       100  ????????????????  3f3f3f3f3f3f3f3f3f3f3f3f3f3f3f3f
        81  AAAAAAAAAAAAAAAA  41414141414141414141414141414141
        80  &&&&&&&&&&&&&&&&  26262626262626262626262626262626
# epoch 8360  H=7.4858 C=7.2343 HO=0.2515  A(t)=1042
       300  [[[[[[[[[[[[[[[[  5b5b5b5b5b5b5b5b5b5b5b5b5b5b5b5b
       251  <<<<<<<<<<<<<<<<  3c3c3c3c3c3c3c3c3c3c3c3c3c3c3c3c
       194  ;;;;;;;;;;;;;;;;  3b3b3b3b3b3b3b3b3b3b3b3b3b3b3b3b
       183  ================  3d3d3d3d3d3d3d3d3d3d3d3d3d3d3d3d
       156  ,,,,,,,,,,,,,,,,  2c2c2c2c2c2c2c2c2c2c2c2c2c2c2c2c
       112  ::::::::::::::::  3a3a3a3a3a3a3a3a3a3a3a3a3a3a3a3a
       103  &&&&&&&&&&&&&&&&  26262626262626262626262626262626
        98  ................  8b8b8b8b8b8b8b8b8b8b8b8b8b8b8b8b
        89  ................  b9b9b9b9b9b9b9b9b9b9b9b9b9b9b9b9
        85  ????????????????  3f3f3f3f3f3f3f3f3f3f3f3f3f3f3f3f
# epoch 8380  H=7.4856 C=7.2304 HO=0.2552  A(t)=1042
       233  [[[[[[[[[[[[[[[[  5b5b5b5b5b5b5b5b5b5b5b5b5b5b5b5b
       217  ;;;;;;;;;;;;;;;;  3b3b3b3b3b3b3b3b3b3b3b3b3b3b3b3b
       209  <<<<<<<<<<<<<<<<  3c3c3c3c3c3c3c3c3c3c3c3c3c3c3c3c
       199  ================  3d3d3d3d3d3d3d3d3d3d3d3d3d3d3d3d
       125  ,,,,,,,,,,,,,,,,  2c2c2c2c2c2c2c2c2c2c2c2c2c2c2c2c
       112  ::::::::::::::::  3a3a3a3a3a3a3a3a3a3a3a3a3a3a3a3a
       101  &&&&&&&&&&&&&&&&  26262626262626262626262626262626
        97  ................  8b8b8b8b8b8b8b8b8b8b8b8b8b8b8b8b
        87  6666666666666666  36363636363636363636363636363636
        82  ................  b9b9b9b9b9b9b9b9b9b9b9b9b9b9b9b9
# epoch 8400  H=7.4856 C=7.2385 HO=0.2472  A(t)=1044
       231  [[[[[[[[[[[[[[[[  5b5b5b5b5b5b5b5b5b5b5b5b5b5b5b5b
       202  ;;;;;;;;;;;;;;;;  3b3b3b3b3b3b3b3b3b3b3b3b3b3b3b3b
       189  ================  3d3d3d3d3d3d3d3d3d3d3d3d3d3d3d3d
       123  <<<<<<<<<<<<<<<<  3c3c3c3c3c3c3c3c3c3c3c3c3c3c3c3c
       104  ,,,,,,,,,,,,,,,,  2c2c2c2c2c2c2c2c2c2c2c2c2c2c2c2c
        95  &&&&&&&&&&&&&&&&  26262626262626262626262626262626
        87  ::::::::::::::::  3a3a3a3a3a3a3a3a3a3a3a3a3a3a3a3a
        86  AAAAAAAAAAAAAAAA  41414141414141414141414141414141
        86  ????????????????  3f3f3f3f3f3f3f3f3f3f3f3f3f3f3f3f
        82  ................  b9b9b9b9b9b9b9b9b9b9b9b9b9b9b9b9
# epoch 8420  H=7.4894 C=7.2361 HO=0.2533  A(t)=1044
       240  [[[[[[[[[[[[[[[[  5b5b5b5b5b5b5b5b5b5b5b5b5b5b5b5b
       218  <<<<<<<<<<<<<<<<  3c3c3c3c3c3c3c3c3c3c3c3c3c3c3c3c
       184  ;;;;;;;;;;;;;;;;  3b3b3b3b3b3b3b3b3b3b3b3b3b3b3b3b
       170  ================  3d3d3d3d3d3d3d3d3d3d3d3d3d3d3d3d
       129  ,,,,,,,,,,,,,,,,  2c2c2c2c2c2c2c2c2c2c2c2c2c2c2c2c
       123  ????????????????  3f3f3f3f3f3f3f3f3f3f3f3f3f3f3f3f
       114  ::::::::::::::::  3a3a3a3a3a3a3a3a3a3a3a3a3a3a3a3a
        93  &&&&&&&&&&&&&&&&  26262626262626262626262626262626
        83  AAAAAAAAAAAAAAAA  41414141414141414141414141414141
        81  ................  b9b9b9b9b9b9b9b9b9b9b9b9b9b9b9b9
# epoch 8440  H=7.4904 C=7.2309 HO=0.2595  A(t)=1044
       200  [[[[[[[[[[[[[[[[  5b5b5b5b5b5b5b5b5b5b5b5b5b5b5b5b
       166  <<<<<<<<<<<<<<<<  3c3c3c3c3c3c3c3c3c3c3c3c3c3c3c3c
       154  ================  3d3d3d3d3d3d3d3d3d3d3d3d3d3d3d3d
       154  ;;;;;;;;;;;;;;;;  3b3b3b3b3b3b3b3b3b3b3b3b3b3b3b3b
       152  ????????????????  3f3f3f3f3f3f3f3f3f3f3f3f3f3f3f3f
       121  ,,,,,,,,,,,,,,,,  2c2c2c2c2c2c2c2c2c2c2c2c2c2c2c2c
        98  ::::::::::::::::  3a3a3a3a3a3a3a3a3a3a3a3a3a3a3a3a
        98  8888888888888888  38383838383838383838383838383838
        98  ................  15151515151515151515151515151515
        90  !!!!!!!!!!!!!!!!  21212121212121212121212121212121
# epoch 8460  H=7.4913 C=7.2334 HO=0.2579  A(t)=1048
       269  <<<<<<<<<<<<<<<<  3c3c3c3c3c3c3c3c3c3c3c3c3c3c3c3c
       159  [[[[[[[[[[[[[[[[  5b5b5b5b5b5b5b5b5b5b5b5b5b5b5b5b
       145  ================  3d3d3d3d3d3d3d3d3d3d3d3d3d3d3d3d
       136  ;;;;;;;;;;;;;;;;  3b3b3b3b3b3b3b3b3b3b3b3b3b3b3b3b
       135  ????????????????  3f3f3f3f3f3f3f3f3f3f3f3f3f3f3f3f
       124  ,,,,,,,,,,,,,,,,  2c2c2c2c2c2c2c2c2c2c2c2c2c2c2c2c
        96  ::::::::::::::::  3a3a3a3a3a3a3a3a3a3a3a3a3a3a3a3a
        84  CCCCCCCCCCCCCCCC  43434343434343434343434343434343
        76  !!!!!!!!!!!!!!!!  21212121212121212121212121212121
        75  >>>>>>>>>>>>>>>>  3e3e3e3e3e3e3e3e3e3e3e3e3e3e3e3e
# epoch 8480  H=7.4944 C=7.2347 HO=0.2598  A(t)=1051
       202  <<<<<<<<<<<<<<<<  3c3c3c3c3c3c3c3c3c3c3c3c3c3c3c3c
       188  ;;;;;;;;;;;;;;;;  3b3b3b3b3b3b3b3b3b3b3b3b3b3b3b3b
       133  [[[[[[[[[[[[[[[[  5b5b5b5b5b5b5b5b5b5b5b5b5b5b5b5b
       133  ????????????????  3f3f3f3f3f3f3f3f3f3f3f3f3f3f3f3f
       133  >>>>>>>>>>>>>>>>  3e3e3e3e3e3e3e3e3e3e3e3e3e3e3e3e
       125  ================  3d3d3d3d3d3d3d3d3d3d3d3d3d3d3d3d
       124  ,,,,,,,,,,,,,,,,  2c2c2c2c2c2c2c2c2c2c2c2c2c2c2c2c
        82  CCCCCCCCCCCCCCCC  43434343434343434343434343434343
        80  ::::::::::::::::  3a3a3a3a3a3a3a3a3a3a3a3a3a3a3a3a
        76  ................  2e2e2e2e2e2e2e2e2e2e2e2e2e2e2e2e
# epoch 8500  H=7.4923 C=7.2297 HO=0.2626  A(t)=1052
       250  ;;;;;;;;;;;;;;;;  3b3b3b3b3b3b3b3b3b3b3b3b3b3b3b3b
       175  <<<<<<<<<<<<<<<<  3c3c3c3c3c3c3c3c3c3c3c3c3c3c3c3c
       162  ????????????????  3f3f3f3f3f3f3f3f3f3f3f3f3f3f3f3f
       110  [[[[[[[[[[[[[[[[  5b5b5b5b5b5b5b5b5b5b5b5b5b5b5b5b
       108  ,,,,,,,,,,,,,,,,  2c2c2c2c2c2c2c2c2c2c2c2c2c2c2c2c
       101  >>>>>>>>>>>>>>>>  3e3e3e3e3e3e3e3e3e3e3e3e3e3e3e3e
        93  ................  adadadadadadadadadadadadadadadad
        91  ================  3d3d3d3d3d3d3d3d3d3d3d3d3d3d3d3d
        88  ................  bcbcbcbcbcbcbcbcbcbcbcbcbcbcbcbc
        87  ................  bbbbbbbbbbbbbbbbbbbbbbbbbbbbbbbb
# epoch 8520  H=7.4923 C=7.2257 HO=0.2666  A(t)=1056
       265  ;;;;;;;;;;;;;;;;  3b3b3b3b3b3b3b3b3b3b3b3b3b3b3b3b
       216  <<<<<<<<<<<<<<<<  3c3c3c3c3c3c3c3c3c3c3c3c3c3c3c3c
       179  ????????????????  3f3f3f3f3f3f3f3f3f3f3f3f3f3f3f3f
       167  ,,,,,,,,,,,,,,,,  2c2c2c2c2c2c2c2c2c2c2c2c2c2c2c2c
       122  ................  bcbcbcbcbcbcbcbcbcbcbcbcbcbcbcbc
       122  9999999999999999  39393939393939393939393939393939
       112  >>>>>>>>>>>>>>>>  3e3e3e3e3e3e3e3e3e3e3e3e3e3e3e3e
        93  XXXXXXXXXXXXXXXX  58585858585858585858585858585858
        86  [[[[[[[[[[[[[[[[  5b5b5b5b5b5b5b5b5b5b5b5b5b5b5b5b
        82  ................  bbbbbbbbbbbbbbbbbbbbbbbbbbbbbbbb
# epoch 8540  H=7.4937 C=7.2321 HO=0.2616  A(t)=1056
       232  ;;;;;;;;;;;;;;;;  3b3b3b3b3b3b3b3b3b3b3b3b3b3b3b3b
       230  <<<<<<<<<<<<<<<<  3c3c3c3c3c3c3c3c3c3c3c3c3c3c3c3c
       164  ,,,,,,,,,,,,,,,,  2c2c2c2c2c2c2c2c2c2c2c2c2c2c2c2c
       145  ????????????????  3f3f3f3f3f3f3f3f3f3f3f3f3f3f3f3f
       112  9999999999999999  39393939393939393939393939393939
       101  2222222222222222  32323232323232323232323232323232
        99  ================  3d3d3d3d3d3d3d3d3d3d3d3d3d3d3d3d
        97  >>>>>>>>>>>>>>>>  3e3e3e3e3e3e3e3e3e3e3e3e3e3e3e3e
        89  ////////////////  2f2f2f2f2f2f2f2f2f2f2f2f2f2f2f2f
        87  ................  bcbcbcbcbcbcbcbcbcbcbcbcbcbcbcbc
# epoch 8560  H=7.4940 C=7.2271 HO=0.2669  A(t)=1059
       244  ;;;;;;;;;;;;;;;;  3b3b3b3b3b3b3b3b3b3b3b3b3b3b3b3b
       216  <<<<<<<<<<<<<<<<  3c3c3c3c3c3c3c3c3c3c3c3c3c3c3c3c
       216  ,,,,,,,,,,,,,,,,  2c2c2c2c2c2c2c2c2c2c2c2c2c2c2c2c
       174  ================  3d3d3d3d3d3d3d3d3d3d3d3d3d3d3d3d
       126  ????????????????  3f3f3f3f3f3f3f3f3f3f3f3f3f3f3f3f
       105  9999999999999999  39393939393939393939393939393939
       101  ################  23232323232323232323232323232323
        91  2222222222222222  32323232323232323232323232323232
        84  ................  bcbcbcbcbcbcbcbcbcbcbcbcbcbcbcbc
        83  ................  dcdcdcdcdcdcdcdcdcdcdcdcdcdcdcdc
# epoch 8580  H=7.4899 C=7.2245 HO=0.2654  A(t)=1063
       313  ;;;;;;;;;;;;;;;;  3b3b3b3b3b3b3b3b3b3b3b3b3b3b3b3b
       187  ,,,,,,,,,,,,,,,,  2c2c2c2c2c2c2c2c2c2c2c2c2c2c2c2c
       154  ================  3d3d3d3d3d3d3d3d3d3d3d3d3d3d3d3d
       133  <<<<<<<<<<<<<<<<  3c3c3c3c3c3c3c3c3c3c3c3c3c3c3c3c
       122  ????????????????  3f3f3f3f3f3f3f3f3f3f3f3f3f3f3f3f
        98  9999999999999999  39393939393939393939393939393939
        84  XXXXXXXXXXXXXXXX  58585858585858585858585858585858
        82  ................  ffffffffffffffffffffffffffffffff
        79  ................  dcdcdcdcdcdcdcdcdcdcdcdcdcdcdcdc
        79  1111111111111111  31313131313131313131313131313131
# epoch 8600  H=7.4889 C=7.2162 HO=0.2726  A(t)=1063
       274  ;;;;;;;;;;;;;;;;  3b3b3b3b3b3b3b3b3b3b3b3b3b3b3b3b
       160  ,,,,,,,,,,,,,,,,  2c2c2c2c2c2c2c2c2c2c2c2c2c2c2c2c
       142  ================  3d3d3d3d3d3d3d3d3d3d3d3d3d3d3d3d
       138  <<<<<<<<<<<<<<<<  3c3c3c3c3c3c3c3c3c3c3c3c3c3c3c3c
       127  ????????????????  3f3f3f3f3f3f3f3f3f3f3f3f3f3f3f3f
       117  1111111111111111  31313131313131313131313131313131
       105  8888888888888888  38383838383838383838383838383838
       100  ................  b9b9b9b9b9b9b9b9b9b9b9b9b9b9b9b9
        98  9999999999999999  39393939393939393939393939393939
        90  qqqqqqqqqqqqqqqq  71717171717171717171717171717171
# epoch 8620  H=7.4927 C=7.2199 HO=0.2728  A(t)=1063
       225  ;;;;;;;;;;;;;;;;  3b3b3b3b3b3b3b3b3b3b3b3b3b3b3b3b
       170  ????????????????  3f3f3f3f3f3f3f3f3f3f3f3f3f3f3f3f
       160  4444444444444444  34343434343434343434343434343434
       155  ================  3d3d3d3d3d3d3d3d3d3d3d3d3d3d3d3d
       124  qqqqqqqqqqqqqqqq  71717171717171717171717171717171
       121  <<<<<<<<<<<<<<<<  3c3c3c3c3c3c3c3c3c3c3c3c3c3c3c3c
       114  ++++++++++++++++  2b2b2b2b2b2b2b2b2b2b2b2b2b2b2b2b
       110  ,,,,,,,,,,,,,,,,  2c2c2c2c2c2c2c2c2c2c2c2c2c2c2c2c
       109  1111111111111111  31313131313131313131313131313131
        94  9999999999999999  39393939393939393939393939393939
# epoch 8640  H=7.4898 C=7.2216 HO=0.2682  A(t)=1063
       189  ;;;;;;;;;;;;;;;;  3b3b3b3b3b3b3b3b3b3b3b3b3b3b3b3b
       177  <<<<<<<<<<<<<<<<  3c3c3c3c3c3c3c3c3c3c3c3c3c3c3c3c
       168  ????????????????  3f3f3f3f3f3f3f3f3f3f3f3f3f3f3f3f
       154  ================  3d3d3d3d3d3d3d3d3d3d3d3d3d3d3d3d
       150  4444444444444444  34343434343434343434343434343434
       120  ................  babababababababababababababababa
       111  ,,,,,,,,,,,,,,,,  2c2c2c2c2c2c2c2c2c2c2c2c2c2c2c2c
        98  qqqqqqqqqqqqqqqq  71717171717171717171717171717171
        89  ++++++++++++++++  2b2b2b2b2b2b2b2b2b2b2b2b2b2b2b2b
        86  9999999999999999  39393939393939393939393939393939
# epoch 8660  H=7.4909 C=7.2242 HO=0.2667  A(t)=1065
       282  ????????????????  3f3f3f3f3f3f3f3f3f3f3f3f3f3f3f3f
       165  ;;;;;;;;;;;;;;;;  3b3b3b3b3b3b3b3b3b3b3b3b3b3b3b3b
       159  ,,,,,,,,,,,,,,,,  2c2c2c2c2c2c2c2c2c2c2c2c2c2c2c2c
       138  4444444444444444  34343434343434343434343434343434
       127  ================  3d3d3d3d3d3d3d3d3d3d3d3d3d3d3d3d
       125  <<<<<<<<<<<<<<<<  3c3c3c3c3c3c3c3c3c3c3c3c3c3c3c3c
       103  [[[[[[[[[[[[[[[[  5b5b5b5b5b5b5b5b5b5b5b5b5b5b5b5b
        98  qqqqqqqqqqqqqqqq  71717171717171717171717171717171
        96  ................  babababababababababababababababa
        89  ++++++++++++++++  2b2b2b2b2b2b2b2b2b2b2b2b2b2b2b2b
# epoch 8680  H=7.4894 C=7.2187 HO=0.2707  A(t)=1067
       661  ????????????????  3f3f3f3f3f3f3f3f3f3f3f3f3f3f3f3f
       265  ;;;;;;;;;;;;;;;;  3b3b3b3b3b3b3b3b3b3b3b3b3b3b3b3b
       125  9999999999999999  39393939393939393939393939393939
       124  ================  3d3d3d3d3d3d3d3d3d3d3d3d3d3d3d3d
       123  <<<<<<<<<<<<<<<<  3c3c3c3c3c3c3c3c3c3c3c3c3c3c3c3c
       114  4444444444444444  34343434343434343434343434343434
       114  ,,,,,,,,,,,,,,,,  2c2c2c2c2c2c2c2c2c2c2c2c2c2c2c2c
       105  @@@@@@@@@@@@@@@@  40404040404040404040404040404040
       100  [[[[[[[[[[[[[[[[  5b5b5b5b5b5b5b5b5b5b5b5b5b5b5b5b
        90  qqqqqqqqqqqqqqqq  71717171717171717171717171717171
# epoch 8700  H=7.4874 C=7.2127 HO=0.2747  A(t)=1067
       992  ????????????????  3f3f3f3f3f3f3f3f3f3f3f3f3f3f3f3f
       250  ;;;;;;;;;;;;;;;;  3b3b3b3b3b3b3b3b3b3b3b3b3b3b3b3b
       162  <<<<<<<<<<<<<<<<  3c3c3c3c3c3c3c3c3c3c3c3c3c3c3c3c
       162  9999999999999999  39393939393939393939393939393939
       161  ================  3d3d3d3d3d3d3d3d3d3d3d3d3d3d3d3d
       126  ................  dededededededededededededededede
       110  ,,,,,,,,,,,,,,,,  2c2c2c2c2c2c2c2c2c2c2c2c2c2c2c2c
        96  [[[[[[[[[[[[[[[[  5b5b5b5b5b5b5b5b5b5b5b5b5b5b5b5b
        91  4444444444444444  34343434343434343434343434343434
        83  qqqqqqqqqqqqqqqq  71717171717171717171717171717171
# epoch 8720  H=7.4838 C=7.2039 HO=0.2799  A(t)=1067
      1356  ????????????????  3f3f3f3f3f3f3f3f3f3f3f3f3f3f3f3f
       241  ;;;;;;;;;;;;;;;;  3b3b3b3b3b3b3b3b3b3b3b3b3b3b3b3b
       210  [[[[[[[[[[[[[[[[  5b5b5b5b5b5b5b5b5b5b5b5b5b5b5b5b
       188  ================  3d3d3d3d3d3d3d3d3d3d3d3d3d3d3d3d
       149  9999999999999999  39393939393939393939393939393939
       114  <<<<<<<<<<<<<<<<  3c3c3c3c3c3c3c3c3c3c3c3c3c3c3c3c
        90  ................  dededededededededededededededede
        89  4444444444444444  34343434343434343434343434343434
        84  ................  93939393939393939393939393939393
        75  ................  fbfbfbfbfbfbfbfbfbfbfbfbfbfbfbfb
# epoch 8740  H=7.4765 C=7.1960 HO=0.2804  A(t)=1067
      1233  ????????????????  3f3f3f3f3f3f3f3f3f3f3f3f3f3f3f3f
       256  ================  3d3d3d3d3d3d3d3d3d3d3d3d3d3d3d3d
       222  ;;;;;;;;;;;;;;;;  3b3b3b3b3b3b3b3b3b3b3b3b3b3b3b3b
       172  [[[[[[[[[[[[[[[[  5b5b5b5b5b5b5b5b5b5b5b5b5b5b5b5b
       152  >>>>>>>>>>>>>>>>  3e3e3e3e3e3e3e3e3e3e3e3e3e3e3e3e
       152  <<<<<<<<<<<<<<<<  3c3c3c3c3c3c3c3c3c3c3c3c3c3c3c3c
       147  9999999999999999  39393939393939393939393939393939
       123  8888888888888888  38383838383838383838383838383838
        96  @@@@@@@@@@@@@@@@  40404040404040404040404040404040
        96  ,,,,,,,,,,,,,,,,  2c2c2c2c2c2c2c2c2c2c2c2c2c2c2c2c
# epoch 8760  H=7.4739 C=7.1952 HO=0.2787  A(t)=1069
       989  ????????????????  3f3f3f3f3f3f3f3f3f3f3f3f3f3f3f3f
       262  ================  3d3d3d3d3d3d3d3d3d3d3d3d3d3d3d3d
       216  9999999999999999  39393939393939393939393939393939
       178  ;;;;;;;;;;;;;;;;  3b3b3b3b3b3b3b3b3b3b3b3b3b3b3b3b
       175  >>>>>>>>>>>>>>>>  3e3e3e3e3e3e3e3e3e3e3e3e3e3e3e3e
       147  <<<<<<<<<<<<<<<<  3c3c3c3c3c3c3c3c3c3c3c3c3c3c3c3c
       133  [[[[[[[[[[[[[[[[  5b5b5b5b5b5b5b5b5b5b5b5b5b5b5b5b
        91  ................  f0f0f0f0f0f0f0f0f0f0f0f0f0f0f0f0
        84  8888888888888888  38383838383838383838383838383838
        78  @@@@@@@@@@@@@@@@  40404040404040404040404040404040
# epoch 8780  H=7.4670 C=7.1914 HO=0.2756  A(t)=1069
       809  ????????????????  3f3f3f3f3f3f3f3f3f3f3f3f3f3f3f3f
       300  ================  3d3d3d3d3d3d3d3d3d3d3d3d3d3d3d3d
       244  ;;;;;;;;;;;;;;;;  3b3b3b3b3b3b3b3b3b3b3b3b3b3b3b3b
       208  <<<<<<<<<<<<<<<<  3c3c3c3c3c3c3c3c3c3c3c3c3c3c3c3c
       191  >>>>>>>>>>>>>>>>  3e3e3e3e3e3e3e3e3e3e3e3e3e3e3e3e
       147  9999999999999999  39393939393939393939393939393939
       130  [[[[[[[[[[[[[[[[  5b5b5b5b5b5b5b5b5b5b5b5b5b5b5b5b
       101  ................  babababababababababababababababa
        83  ,,,,,,,,,,,,,,,,  2c2c2c2c2c2c2c2c2c2c2c2c2c2c2c2c
        77  @@@@@@@@@@@@@@@@  40404040404040404040404040404040
# epoch 8800  H=7.4695 C=7.1969 HO=0.2726  A(t)=1072
       737  ????????????????  3f3f3f3f3f3f3f3f3f3f3f3f3f3f3f3f
       256  ================  3d3d3d3d3d3d3d3d3d3d3d3d3d3d3d3d
       217  ;;;;;;;;;;;;;;;;  3b3b3b3b3b3b3b3b3b3b3b3b3b3b3b3b
       201  <<<<<<<<<<<<<<<<  3c3c3c3c3c3c3c3c3c3c3c3c3c3c3c3c
       188  ,,,,,,,,,,,,,,,,  2c2c2c2c2c2c2c2c2c2c2c2c2c2c2c2c
       172  >>>>>>>>>>>>>>>>  3e3e3e3e3e3e3e3e3e3e3e3e3e3e3e3e
       125  9999999999999999  39393939393939393939393939393939
       103  [[[[[[[[[[[[[[[[  5b5b5b5b5b5b5b5b5b5b5b5b5b5b5b5b
        95  ................  edededededededededededededededed
        72  ................  babababababababababababababababa
# epoch 8820  H=7.4716 C=7.1989 HO=0.2727  A(t)=1079
       620  ????????????????  3f3f3f3f3f3f3f3f3f3f3f3f3f3f3f3f
       274  ================  3d3d3d3d3d3d3d3d3d3d3d3d3d3d3d3d
       188  <<<<<<<<<<<<<<<<  3c3c3c3c3c3c3c3c3c3c3c3c3c3c3c3c
       188  ;;;;;;;;;;;;;;;;  3b3b3b3b3b3b3b3b3b3b3b3b3b3b3b3b
       137  >>>>>>>>>>>>>>>>  3e3e3e3e3e3e3e3e3e3e3e3e3e3e3e3e
       120  9999999999999999  39393939393939393939393939393939
       103  ,,,,,,,,,,,,,,,,  2c2c2c2c2c2c2c2c2c2c2c2c2c2c2c2c
        96  0000000000000000  30303030303030303030303030303030
        94  [[[[[[[[[[[[[[[[  5b5b5b5b5b5b5b5b5b5b5b5b5b5b5b5b
        86  ::::::::::::::::  3a3a3a3a3a3a3a3a3a3a3a3a3a3a3a3a
# epoch 8840  H=7.4734 C=7.2045 HO=0.2690  A(t)=1079
       531  ????????????????  3f3f3f3f3f3f3f3f3f3f3f3f3f3f3f3f
       234  ================  3d3d3d3d3d3d3d3d3d3d3d3d3d3d3d3d
       180  <<<<<<<<<<<<<<<<  3c3c3c3c3c3c3c3c3c3c3c3c3c3c3c3c
       169  ;;;;;;;;;;;;;;;;  3b3b3b3b3b3b3b3b3b3b3b3b3b3b3b3b
       140  >>>>>>>>>>>>>>>>  3e3e3e3e3e3e3e3e3e3e3e3e3e3e3e3e
       116  9999999999999999  39393939393939393939393939393939
       105  @@@@@@@@@@@@@@@@  40404040404040404040404040404040
        94  [[[[[[[[[[[[[[[[  5b5b5b5b5b5b5b5b5b5b5b5b5b5b5b5b
        94  0000000000000000  30303030303030303030303030303030
        92  ................  babababababababababababababababa
# epoch 8860  H=7.4745 C=7.2054 HO=0.2691  A(t)=1084
       451  ????????????????  3f3f3f3f3f3f3f3f3f3f3f3f3f3f3f3f
       237  <<<<<<<<<<<<<<<<  3c3c3c3c3c3c3c3c3c3c3c3c3c3c3c3c
       223  ================  3d3d3d3d3d3d3d3d3d3d3d3d3d3d3d3d
       150  ;;;;;;;;;;;;;;;;  3b3b3b3b3b3b3b3b3b3b3b3b3b3b3b3b
       139  @@@@@@@@@@@@@@@@  40404040404040404040404040404040
       128  [[[[[[[[[[[[[[[[  5b5b5b5b5b5b5b5b5b5b5b5b5b5b5b5b
       128  >>>>>>>>>>>>>>>>  3e3e3e3e3e3e3e3e3e3e3e3e3e3e3e3e
       111  9999999999999999  39393939393939393939393939393939
        92  &&&&&&&&&&&&&&&&  26262626262626262626262626262626
        90  ................  babababababababababababababababa
# epoch 8880  H=7.4768 C=7.2084 HO=0.2684  A(t)=1086
       421  ????????????????  3f3f3f3f3f3f3f3f3f3f3f3f3f3f3f3f
       244  <<<<<<<<<<<<<<<<  3c3c3c3c3c3c3c3c3c3c3c3c3c3c3c3c
       191  ================  3d3d3d3d3d3d3d3d3d3d3d3d3d3d3d3d
       142  ;;;;;;;;;;;;;;;;  3b3b3b3b3b3b3b3b3b3b3b3b3b3b3b3b
       138  [[[[[[[[[[[[[[[[  5b5b5b5b5b5b5b5b5b5b5b5b5b5b5b5b
       131  &&&&&&&&&&&&&&&&  26262626262626262626262626262626
       118  >>>>>>>>>>>>>>>>  3e3e3e3e3e3e3e3e3e3e3e3e3e3e3e3e
       115  @@@@@@@@@@@@@@@@  40404040404040404040404040404040
       108  9999999999999999  39393939393939393939393939393939
       107  ,,,,,,,,,,,,,,,,  2c2c2c2c2c2c2c2c2c2c2c2c2c2c2c2c
# epoch 8900  H=7.4774 C=7.2108 HO=0.2666  A(t)=1086
       344  ????????????????  3f3f3f3f3f3f3f3f3f3f3f3f3f3f3f3f
       276  ================  3d3d3d3d3d3d3d3d3d3d3d3d3d3d3d3d
       205  <<<<<<<<<<<<<<<<  3c3c3c3c3c3c3c3c3c3c3c3c3c3c3c3c
       150  9999999999999999  39393939393939393939393939393939
       133  ;;;;;;;;;;;;;;;;  3b3b3b3b3b3b3b3b3b3b3b3b3b3b3b3b
       122  ::::::::::::::::  3a3a3a3a3a3a3a3a3a3a3a3a3a3a3a3a
       122  ,,,,,,,,,,,,,,,,  2c2c2c2c2c2c2c2c2c2c2c2c2c2c2c2c
       116  >>>>>>>>>>>>>>>>  3e3e3e3e3e3e3e3e3e3e3e3e3e3e3e3e
       113  [[[[[[[[[[[[[[[[  5b5b5b5b5b5b5b5b5b5b5b5b5b5b5b5b
       108  &&&&&&&&&&&&&&&&  26262626262626262626262626262626
# epoch 8920  H=7.4764 C=7.2087 HO=0.2677  A(t)=1086
       286  ????????????????  3f3f3f3f3f3f3f3f3f3f3f3f3f3f3f3f
       243  ================  3d3d3d3d3d3d3d3d3d3d3d3d3d3d3d3d
       234  <<<<<<<<<<<<<<<<  3c3c3c3c3c3c3c3c3c3c3c3c3c3c3c3c
       144  9999999999999999  39393939393939393939393939393939
       142  ::::::::::::::::  3a3a3a3a3a3a3a3a3a3a3a3a3a3a3a3a
       125  ,,,,,,,,,,,,,,,,  2c2c2c2c2c2c2c2c2c2c2c2c2c2c2c2c
       111  ;;;;;;;;;;;;;;;;  3b3b3b3b3b3b3b3b3b3b3b3b3b3b3b3b
       102  @@@@@@@@@@@@@@@@  40404040404040404040404040404040
       101  &&&&&&&&&&&&&&&&  26262626262626262626262626262626
        94  [[[[[[[[[[[[[[[[  5b5b5b5b5b5b5b5b5b5b5b5b5b5b5b5b
# epoch 8940  H=7.4766 C=7.2119 HO=0.2648  A(t)=1086
       278  <<<<<<<<<<<<<<<<  3c3c3c3c3c3c3c3c3c3c3c3c3c3c3c3c
       242  ????????????????  3f3f3f3f3f3f3f3f3f3f3f3f3f3f3f3f
       235  ================  3d3d3d3d3d3d3d3d3d3d3d3d3d3d3d3d
       217  ::::::::::::::::  3a3a3a3a3a3a3a3a3a3a3a3a3a3a3a3a
       129  ;;;;;;;;;;;;;;;;  3b3b3b3b3b3b3b3b3b3b3b3b3b3b3b3b
       119  9999999999999999  39393939393939393939393939393939
       107  ,,,,,,,,,,,,,,,,  2c2c2c2c2c2c2c2c2c2c2c2c2c2c2c2c
        95  >>>>>>>>>>>>>>>>  3e3e3e3e3e3e3e3e3e3e3e3e3e3e3e3e
        87  @@@@@@@@@@@@@@@@  40404040404040404040404040404040
        87  ((((((((((((((((  28282828282828282828282828282828
# epoch 8960  H=7.4763 C=7.2114 HO=0.2648  A(t)=1086
       248  ::::::::::::::::  3a3a3a3a3a3a3a3a3a3a3a3a3a3a3a3a
       233  ????????????????  3f3f3f3f3f3f3f3f3f3f3f3f3f3f3f3f
       225  <<<<<<<<<<<<<<<<  3c3c3c3c3c3c3c3c3c3c3c3c3c3c3c3c
       215  ================  3d3d3d3d3d3d3d3d3d3d3d3d3d3d3d3d
       137  [[[[[[[[[[[[[[[[  5b5b5b5b5b5b5b5b5b5b5b5b5b5b5b5b
       109  9999999999999999  39393939393939393939393939393939
        92  ................  c3c3c3c3c3c3c3c3c3c3c3c3c3c3c3c3
        86  ;;;;;;;;;;;;;;;;  3b3b3b3b3b3b3b3b3b3b3b3b3b3b3b3b
        86  ,,,,,,,,,,,,,,,,  2c2c2c2c2c2c2c2c2c2c2c2c2c2c2c2c
        86  ................  1e1e1e1e1e1e1e1e1e1e1e1e1e1e1e1e
# epoch 8980  H=7.4740 C=7.2088 HO=0.2652  A(t)=1088
       214  ::::::::::::::::  3a3a3a3a3a3a3a3a3a3a3a3a3a3a3a3a
       212  ????????????????  3f3f3f3f3f3f3f3f3f3f3f3f3f3f3f3f
       196  <<<<<<<<<<<<<<<<  3c3c3c3c3c3c3c3c3c3c3c3c3c3c3c3c
       173  ================  3d3d3d3d3d3d3d3d3d3d3d3d3d3d3d3d
       162  ;;;;;;;;;;;;;;;;  3b3b3b3b3b3b3b3b3b3b3b3b3b3b3b3b
       118  ................  babababababababababababababababa
       111  >>>>>>>>>>>>>>>>  3e3e3e3e3e3e3e3e3e3e3e3e3e3e3e3e
       106  9999999999999999  39393939393939393939393939393939
        98  [[[[[[[[[[[[[[[[  5b5b5b5b5b5b5b5b5b5b5b5b5b5b5b5b
        96  ,,,,,,,,,,,,,,,,  2c2c2c2c2c2c2c2c2c2c2c2c2c2c2c2c
# epoch 9000  H=7.4697 C=7.2056 HO=0.2640  A(t)=1088
       228  <<<<<<<<<<<<<<<<  3c3c3c3c3c3c3c3c3c3c3c3c3c3c3c3c
       214  ;;;;;;;;;;;;;;;;  3b3b3b3b3b3b3b3b3b3b3b3b3b3b3b3b
       193  ::::::::::::::::  3a3a3a3a3a3a3a3a3a3a3a3a3a3a3a3a
       186  ????????????????  3f3f3f3f3f3f3f3f3f3f3f3f3f3f3f3f
       162  ================  3d3d3d3d3d3d3d3d3d3d3d3d3d3d3d3d
       123  [[[[[[[[[[[[[[[[  5b5b5b5b5b5b5b5b5b5b5b5b5b5b5b5b
       111  9999999999999999  39393939393939393939393939393939
       106  ................  1e1e1e1e1e1e1e1e1e1e1e1e1e1e1e1e
       100  ................  babababababababababababababababa
        86  ................  c3c3c3c3c3c3c3c3c3c3c3c3c3c3c3c3
# epoch 9020  H=7.4719 C=7.2030 HO=0.2689  A(t)=1092
       214  <<<<<<<<<<<<<<<<  3c3c3c3c3c3c3c3c3c3c3c3c3c3c3c3c
       206  ;;;;;;;;;;;;;;;;  3b3b3b3b3b3b3b3b3b3b3b3b3b3b3b3b
       167  ::::::::::::::::  3a3a3a3a3a3a3a3a3a3a3a3a3a3a3a3a
       165  ================  3d3d3d3d3d3d3d3d3d3d3d3d3d3d3d3d
       162  ????????????????  3f3f3f3f3f3f3f3f3f3f3f3f3f3f3f3f
       153  [[[[[[[[[[[[[[[[  5b5b5b5b5b5b5b5b5b5b5b5b5b5b5b5b
       108  9999999999999999  39393939393939393939393939393939
       104  ,,,,,,,,,,,,,,,,  2c2c2c2c2c2c2c2c2c2c2c2c2c2c2c2c
        90  ................  babababababababababababababababa
        88  >>>>>>>>>>>>>>>>  3e3e3e3e3e3e3e3e3e3e3e3e3e3e3e3e
# epoch 9040  H=7.4785 C=7.2032 HO=0.2754  A(t)=1092
       246  ================  3d3d3d3d3d3d3d3d3d3d3d3d3d3d3d3d
       213  <<<<<<<<<<<<<<<<  3c3c3c3c3c3c3c3c3c3c3c3c3c3c3c3c
       173  ;;;;;;;;;;;;;;;;  3b3b3b3b3b3b3b3b3b3b3b3b3b3b3b3b
       154  ::::::::::::::::  3a3a3a3a3a3a3a3a3a3a3a3a3a3a3a3a
       142  ????????????????  3f3f3f3f3f3f3f3f3f3f3f3f3f3f3f3f
       128  6666666666666666  36363636363636363636363636363636
       125  [[[[[[[[[[[[[[[[  5b5b5b5b5b5b5b5b5b5b5b5b5b5b5b5b
       114  ................  a2a2a2a2a2a2a2a2a2a2a2a2a2a2a2a2
       102  3333333333333333  33333333333333333333333333333333
        86  ................  babababababababababababababababa
# epoch 9060  H=7.4797 C=7.2111 HO=0.2686  A(t)=1092
       210  ================  3d3d3d3d3d3d3d3d3d3d3d3d3d3d3d3d
       175  <<<<<<<<<<<<<<<<  3c3c3c3c3c3c3c3c3c3c3c3c3c3c3c3c
       167  ::::::::::::::::  3a3a3a3a3a3a3a3a3a3a3a3a3a3a3a3a
       165  ;;;;;;;;;;;;;;;;  3b3b3b3b3b3b3b3b3b3b3b3b3b3b3b3b
       122  [[[[[[[[[[[[[[[[  5b5b5b5b5b5b5b5b5b5b5b5b5b5b5b5b
       116  @@@@@@@@@@@@@@@@  40404040404040404040404040404040
       116  ????????????????  3f3f3f3f3f3f3f3f3f3f3f3f3f3f3f3f
       112  6666666666666666  36363636363636363636363636363636
       109  ................  a2a2a2a2a2a2a2a2a2a2a2a2a2a2a2a2
        85  3333333333333333  33333333333333333333333333333333
# epoch 9080  H=7.4793 C=7.2102 HO=0.2690  A(t)=1099
       245  ================  3d3d3d3d3d3d3d3d3d3d3d3d3d3d3d3d
       195  ::::::::::::::::  3a3a3a3a3a3a3a3a3a3a3a3a3a3a3a3a
       191  ;;;;;;;;;;;;;;;;  3b3b3b3b3b3b3b3b3b3b3b3b3b3b3b3b
       183  <<<<<<<<<<<<<<<<  3c3c3c3c3c3c3c3c3c3c3c3c3c3c3c3c
       161  @@@@@@@@@@@@@@@@  40404040404040404040404040404040
       110  ,,,,,,,,,,,,,,,,  2c2c2c2c2c2c2c2c2c2c2c2c2c2c2c2c
       107  ................  a2a2a2a2a2a2a2a2a2a2a2a2a2a2a2a2
       101  ????????????????  3f3f3f3f3f3f3f3f3f3f3f3f3f3f3f3f
        90  6666666666666666  36363636363636363636363636363636
        88  [[[[[[[[[[[[[[[[  5b5b5b5b5b5b5b5b5b5b5b5b5b5b5b5b
# epoch 9100  H=7.4838 C=7.2157 HO=0.2681  A(t)=1099
       298  ================  3d3d3d3d3d3d3d3d3d3d3d3d3d3d3d3d
       179  ::::::::::::::::  3a3a3a3a3a3a3a3a3a3a3a3a3a3a3a3a
       163  ;;;;;;;;;;;;;;;;  3b3b3b3b3b3b3b3b3b3b3b3b3b3b3b3b
       153  <<<<<<<<<<<<<<<<  3c3c3c3c3c3c3c3c3c3c3c3c3c3c3c3c
       119  @@@@@@@@@@@@@@@@  40404040404040404040404040404040
       114  [[[[[[[[[[[[[[[[  5b5b5b5b5b5b5b5b5b5b5b5b5b5b5b5b
       109  zzzzzzzzzzzzzzzz  7a7a7a7a7a7a7a7a7a7a7a7a7a7a7a7a
       106  ,,,,,,,,,,,,,,,,  2c2c2c2c2c2c2c2c2c2c2c2c2c2c2c2c
        92  ................  a2a2a2a2a2a2a2a2a2a2a2a2a2a2a2a2
        88  PPPPPPPPPPPPPPPP  50505050505050505050505050505050
# epoch 9120  H=7.4842 C=7.2189 HO=0.2653  A(t)=1099
       272  ================  3d3d3d3d3d3d3d3d3d3d3d3d3d3d3d3d
       161  ::::::::::::::::  3a3a3a3a3a3a3a3a3a3a3a3a3a3a3a3a
       130  ,,,,,,,,,,,,,,,,  2c2c2c2c2c2c2c2c2c2c2c2c2c2c2c2c
       129  ;;;;;;;;;;;;;;;;  3b3b3b3b3b3b3b3b3b3b3b3b3b3b3b3b
       126  9999999999999999  39393939393939393939393939393939
       122  <<<<<<<<<<<<<<<<  3c3c3c3c3c3c3c3c3c3c3c3c3c3c3c3c
       103  [[[[[[[[[[[[[[[[  5b5b5b5b5b5b5b5b5b5b5b5b5b5b5b5b
        97  @@@@@@@@@@@@@@@@  40404040404040404040404040404040
        91  ................  cccccccccccccccccccccccccccccccc
        87  zzzzzzzzzzzzzzzz  7a7a7a7a7a7a7a7a7a7a7a7a7a7a7a7a
# epoch 9140  H=7.4852 C=7.2259 HO=0.2593  A(t)=1102
       323  ================  3d3d3d3d3d3d3d3d3d3d3d3d3d3d3d3d
       157  ::::::::::::::::  3a3a3a3a3a3a3a3a3a3a3a3a3a3a3a3a
       122  9999999999999999  39393939393939393939393939393939
       108  ,,,,,,,,,,,,,,,,  2c2c2c2c2c2c2c2c2c2c2c2c2c2c2c2c
       107  ;;;;;;;;;;;;;;;;  3b3b3b3b3b3b3b3b3b3b3b3b3b3b3b3b
        95  @@@@@@@@@@@@@@@@  40404040404040404040404040404040
        89  5555555555555555  35353535353535353535353535353535
        88  <<<<<<<<<<<<<<<<  3c3c3c3c3c3c3c3c3c3c3c3c3c3c3c3c
        85  [[[[[[[[[[[[[[[[  5b5b5b5b5b5b5b5b5b5b5b5b5b5b5b5b
        84  ................  cccccccccccccccccccccccccccccccc
# epoch 9160  H=7.4871 C=7.2268 HO=0.2603  A(t)=1102
       296  ================  3d3d3d3d3d3d3d3d3d3d3d3d3d3d3d3d
       179  <<<<<<<<<<<<<<<<  3c3c3c3c3c3c3c3c3c3c3c3c3c3c3c3c
       143  ::::::::::::::::  3a3a3a3a3a3a3a3a3a3a3a3a3a3a3a3a
       124  [[[[[[[[[[[[[[[[  5b5b5b5b5b5b5b5b5b5b5b5b5b5b5b5b
       109  6666666666666666  36363636363636363636363636363636
       103  5555555555555555  35353535353535353535353535353535
        99  ,,,,,,,,,,,,,,,,  2c2c2c2c2c2c2c2c2c2c2c2c2c2c2c2c
        95  ZZZZZZZZZZZZZZZZ  5a5a5a5a5a5a5a5a5a5a5a5a5a5a5a5a
        94  %%%%%%%%%%%%%%%%  25252525252525252525252525252525
        90  @@@@@@@@@@@@@@@@  40404040404040404040404040404040
# epoch 9180  H=7.4852 C=7.2287 HO=0.2565  A(t)=1105
       258  ================  3d3d3d3d3d3d3d3d3d3d3d3d3d3d3d3d
       180  <<<<<<<<<<<<<<<<  3c3c3c3c3c3c3c3c3c3c3c3c3c3c3c3c
       149  [[[[[[[[[[[[[[[[  5b5b5b5b5b5b5b5b5b5b5b5b5b5b5b5b
       127  ,,,,,,,,,,,,,,,,  2c2c2c2c2c2c2c2c2c2c2c2c2c2c2c2c
       113  ................  cccccccccccccccccccccccccccccccc
       108  ::::::::::::::::  3a3a3a3a3a3a3a3a3a3a3a3a3a3a3a3a
        90  %%%%%%%%%%%%%%%%  25252525252525252525252525252525
        88  @@@@@@@@@@@@@@@@  40404040404040404040404040404040
        82  ZZZZZZZZZZZZZZZZ  5a5a5a5a5a5a5a5a5a5a5a5a5a5a5a5a
        80  6666666666666666  36363636363636363636363636363636
# epoch 9200  H=7.4912 C=7.2352 HO=0.2559  A(t)=1106
       209  ================  3d3d3d3d3d3d3d3d3d3d3d3d3d3d3d3d
       203  <<<<<<<<<<<<<<<<  3c3c3c3c3c3c3c3c3c3c3c3c3c3c3c3c
       170  ,,,,,,,,,,,,,,,,  2c2c2c2c2c2c2c2c2c2c2c2c2c2c2c2c
       143  [[[[[[[[[[[[[[[[  5b5b5b5b5b5b5b5b5b5b5b5b5b5b5b5b
       106  ................  cccccccccccccccccccccccccccccccc
        99  ::::::::::::::::  3a3a3a3a3a3a3a3a3a3a3a3a3a3a3a3a
        90  ................  0b0b0b0b0b0b0b0b0b0b0b0b0b0b0b0b
        88  @@@@@@@@@@@@@@@@  40404040404040404040404040404040
        86  ................  7f7f7f7f7f7f7f7f7f7f7f7f7f7f7f7f
        79  %%%%%%%%%%%%%%%%  25252525252525252525252525252525
# epoch 9220  H=7.4904 C=7.2320 HO=0.2584  A(t)=1106
       309  <<<<<<<<<<<<<<<<  3c3c3c3c3c3c3c3c3c3c3c3c3c3c3c3c
       195  [[[[[[[[[[[[[[[[  5b5b5b5b5b5b5b5b5b5b5b5b5b5b5b5b
       167  ================  3d3d3d3d3d3d3d3d3d3d3d3d3d3d3d3d
       139  ,,,,,,,,,,,,,,,,  2c2c2c2c2c2c2c2c2c2c2c2c2c2c2c2c
       134  ;;;;;;;;;;;;;;;;  3b3b3b3b3b3b3b3b3b3b3b3b3b3b3b3b
        89  ::::::::::::::::  3a3a3a3a3a3a3a3a3a3a3a3a3a3a3a3a
        89  ................  0b0b0b0b0b0b0b0b0b0b0b0b0b0b0b0b
        83  ????????????????  3f3f3f3f3f3f3f3f3f3f3f3f3f3f3f3f
        81  ................  cccccccccccccccccccccccccccccccc
        77  @@@@@@@@@@@@@@@@  40404040404040404040404040404040
# epoch 9240  H=7.4885 C=7.2356 HO=0.2529  A(t)=1106
       285  <<<<<<<<<<<<<<<<  3c3c3c3c3c3c3c3c3c3c3c3c3c3c3c3c
       151  ;;;;;;;;;;;;;;;;  3b3b3b3b3b3b3b3b3b3b3b3b3b3b3b3b
       142  [[[[[[[[[[[[[[[[  5b5b5b5b5b5b5b5b5b5b5b5b5b5b5b5b
       133  ================  3d3d3d3d3d3d3d3d3d3d3d3d3d3d3d3d
       118  ,,,,,,,,,,,,,,,,  2c2c2c2c2c2c2c2c2c2c2c2c2c2c2c2c
        89  ................  0b0b0b0b0b0b0b0b0b0b0b0b0b0b0b0b
        81  ................  cccccccccccccccccccccccccccccccc
        81  ::::::::::::::::  3a3a3a3a3a3a3a3a3a3a3a3a3a3a3a3a
        80  ????????????????  3f3f3f3f3f3f3f3f3f3f3f3f3f3f3f3f
        78  0000000000000000  30303030303030303030303030303030
# epoch 9260  H=7.4881 C=7.2340 HO=0.2541  A(t)=1109
       254  <<<<<<<<<<<<<<<<  3c3c3c3c3c3c3c3c3c3c3c3c3c3c3c3c
       181  ,,,,,,,,,,,,,,,,  2c2c2c2c2c2c2c2c2c2c2c2c2c2c2c2c
       154  ================  3d3d3d3d3d3d3d3d3d3d3d3d3d3d3d3d
       135  ;;;;;;;;;;;;;;;;  3b3b3b3b3b3b3b3b3b3b3b3b3b3b3b3b
       129  [[[[[[[[[[[[[[[[  5b5b5b5b5b5b5b5b5b5b5b5b5b5b5b5b
       125  ????????????????  3f3f3f3f3f3f3f3f3f3f3f3f3f3f3f3f
        92  ::::::::::::::::  3a3a3a3a3a3a3a3a3a3a3a3a3a3a3a3a
        83  ................  1c1c1c1c1c1c1c1c1c1c1c1c1c1c1c1c
        81  ................  cccccccccccccccccccccccccccccccc
        73  0000000000000000  30303030303030303030303030303030
# epoch 9280  H=7.4873 C=7.2307 HO=0.2567  A(t)=1113
       299  <<<<<<<<<<<<<<<<  3c3c3c3c3c3c3c3c3c3c3c3c3c3c3c3c
       234  ;;;;;;;;;;;;;;;;  3b3b3b3b3b3b3b3b3b3b3b3b3b3b3b3b
       216  ,,,,,,,,,,,,,,,,  2c2c2c2c2c2c2c2c2c2c2c2c2c2c2c2c
       153  ================  3d3d3d3d3d3d3d3d3d3d3d3d3d3d3d3d
       138  ????????????????  3f3f3f3f3f3f3f3f3f3f3f3f3f3f3f3f
       130  @@@@@@@@@@@@@@@@  40404040404040404040404040404040
       108  [[[[[[[[[[[[[[[[  5b5b5b5b5b5b5b5b5b5b5b5b5b5b5b5b
        90  9999999999999999  39393939393939393939393939393939
        79  ZZZZZZZZZZZZZZZZ  5a5a5a5a5a5a5a5a5a5a5a5a5a5a5a5a
        78  ................  cccccccccccccccccccccccccccccccc
# epoch 9300  H=7.4887 C=7.2300 HO=0.2587  A(t)=1113
       278  ================  3d3d3d3d3d3d3d3d3d3d3d3d3d3d3d3d
       222  <<<<<<<<<<<<<<<<  3c3c3c3c3c3c3c3c3c3c3c3c3c3c3c3c
       215  ;;;;;;;;;;;;;;;;  3b3b3b3b3b3b3b3b3b3b3b3b3b3b3b3b
       188  ,,,,,,,,,,,,,,,,  2c2c2c2c2c2c2c2c2c2c2c2c2c2c2c2c
       121  ????????????????  3f3f3f3f3f3f3f3f3f3f3f3f3f3f3f3f
       111  @@@@@@@@@@@@@@@@  40404040404040404040404040404040
       100  [[[[[[[[[[[[[[[[  5b5b5b5b5b5b5b5b5b5b5b5b5b5b5b5b
        95  zzzzzzzzzzzzzzzz  7a7a7a7a7a7a7a7a7a7a7a7a7a7a7a7a
        75  ................  cccccccccccccccccccccccccccccccc
        69  9999999999999999  39393939393939393939393939393939
# epoch 9320  H=7.4872 C=7.2237 HO=0.2635  A(t)=1120
       268  <<<<<<<<<<<<<<<<  3c3c3c3c3c3c3c3c3c3c3c3c3c3c3c3c
       257  ================  3d3d3d3d3d3d3d3d3d3d3d3d3d3d3d3d
       201  ;;;;;;;;;;;;;;;;  3b3b3b3b3b3b3b3b3b3b3b3b3b3b3b3b
       149  ,,,,,,,,,,,,,,,,  2c2c2c2c2c2c2c2c2c2c2c2c2c2c2c2c
       115  ????????????????  3f3f3f3f3f3f3f3f3f3f3f3f3f3f3f3f
        87  ::::::::::::::::  3a3a3a3a3a3a3a3a3a3a3a3a3a3a3a3a
        83  zzzzzzzzzzzzzzzz  7a7a7a7a7a7a7a7a7a7a7a7a7a7a7a7a
        81  @@@@@@@@@@@@@@@@  40404040404040404040404040404040
        77  [[[[[[[[[[[[[[[[  5b5b5b5b5b5b5b5b5b5b5b5b5b5b5b5b
        68  ................  cccccccccccccccccccccccccccccccc
# epoch 9340  H=7.4857 C=7.2219 HO=0.2637  A(t)=1122
       372  ================  3d3d3d3d3d3d3d3d3d3d3d3d3d3d3d3d
       200  <<<<<<<<<<<<<<<<  3c3c3c3c3c3c3c3c3c3c3c3c3c3c3c3c
       187  ????????????????  3f3f3f3f3f3f3f3f3f3f3f3f3f3f3f3f
       174  ;;;;;;;;;;;;;;;;  3b3b3b3b3b3b3b3b3b3b3b3b3b3b3b3b
       146  ,,,,,,,,,,,,,,,,  2c2c2c2c2c2c2c2c2c2c2c2c2c2c2c2c
       118  [[[[[[[[[[[[[[[[  5b5b5b5b5b5b5b5b5b5b5b5b5b5b5b5b
       116  ::::::::::::::::  3a3a3a3a3a3a3a3a3a3a3a3a3a3a3a3a
        81  zzzzzzzzzzzzzzzz  7a7a7a7a7a7a7a7a7a7a7a7a7a7a7a7a
        73  @@@@@@@@@@@@@@@@  40404040404040404040404040404040
        71  ................  c2c2c2c2c2c2c2c2c2c2c2c2c2c2c2c2
# epoch 9360  H=7.4851 C=7.2238 HO=0.2613  A(t)=1129
       324  ================  3d3d3d3d3d3d3d3d3d3d3d3d3d3d3d3d
       213  <<<<<<<<<<<<<<<<  3c3c3c3c3c3c3c3c3c3c3c3c3c3c3c3c
       166  ;;;;;;;;;;;;;;;;  3b3b3b3b3b3b3b3b3b3b3b3b3b3b3b3b
       160  @@@@@@@@@@@@@@@@  40404040404040404040404040404040
       159  ,,,,,,,,,,,,,,,,  2c2c2c2c2c2c2c2c2c2c2c2c2c2c2c2c
       151  ????????????????  3f3f3f3f3f3f3f3f3f3f3f3f3f3f3f3f
       102  [[[[[[[[[[[[[[[[  5b5b5b5b5b5b5b5b5b5b5b5b5b5b5b5b
       100  ::::::::::::::::  3a3a3a3a3a3a3a3a3a3a3a3a3a3a3a3a
        99  8888888888888888  38383838383838383838383838383838
        78  zzzzzzzzzzzzzzzz  7a7a7a7a7a7a7a7a7a7a7a7a7a7a7a7a
# epoch 9380  H=7.4906 C=7.2290 HO=0.2616  A(t)=1130
       309  ================  3d3d3d3d3d3d3d3d3d3d3d3d3d3d3d3d
       209  <<<<<<<<<<<<<<<<  3c3c3c3c3c3c3c3c3c3c3c3c3c3c3c3c
       171  [[[[[[[[[[[[[[[[  5b5b5b5b5b5b5b5b5b5b5b5b5b5b5b5b
       154  ;;;;;;;;;;;;;;;;  3b3b3b3b3b3b3b3b3b3b3b3b3b3b3b3b
       145  @@@@@@@@@@@@@@@@  40404040404040404040404040404040
       139  ,,,,,,,,,,,,,,,,  2c2c2c2c2c2c2c2c2c2c2c2c2c2c2c2c
       131  ????????????????  3f3f3f3f3f3f3f3f3f3f3f3f3f3f3f3f
       115  4444444444444444  34343434343434343434343434343434
        87  ::::::::::::::::  3a3a3a3a3a3a3a3a3a3a3a3a3a3a3a3a
        81  8888888888888888  38383838383838383838383838383838
# epoch 9400  H=7.4929 C=7.2265 HO=0.2664  A(t)=1130
       265  ================  3d3d3d3d3d3d3d3d3d3d3d3d3d3d3d3d
       247  <<<<<<<<<<<<<<<<  3c3c3c3c3c3c3c3c3c3c3c3c3c3c3c3c
       165  [[[[[[[[[[[[[[[[  5b5b5b5b5b5b5b5b5b5b5b5b5b5b5b5b
       146  ;;;;;;;;;;;;;;;;  3b3b3b3b3b3b3b3b3b3b3b3b3b3b3b3b
       143  ,,,,,,,,,,,,,,,,  2c2c2c2c2c2c2c2c2c2c2c2c2c2c2c2c
       137  @@@@@@@@@@@@@@@@  40404040404040404040404040404040
       123  ????????????????  3f3f3f3f3f3f3f3f3f3f3f3f3f3f3f3f
        97  >>>>>>>>>>>>>>>>  3e3e3e3e3e3e3e3e3e3e3e3e3e3e3e3e
        88  4444444444444444  34343434343434343434343434343434
        81  ................  f1f1f1f1f1f1f1f1f1f1f1f1f1f1f1f1
# epoch 9420  H=7.4950 C=7.2291 HO=0.2659  A(t)=1133
       261  [[[[[[[[[[[[[[[[  5b5b5b5b5b5b5b5b5b5b5b5b5b5b5b5b
       247  <<<<<<<<<<<<<<<<  3c3c3c3c3c3c3c3c3c3c3c3c3c3c3c3c
       219  ================  3d3d3d3d3d3d3d3d3d3d3d3d3d3d3d3d
       217  @@@@@@@@@@@@@@@@  40404040404040404040404040404040
       138  ,,,,,,,,,,,,,,,,  2c2c2c2c2c2c2c2c2c2c2c2c2c2c2c2c
       135  ;;;;;;;;;;;;;;;;  3b3b3b3b3b3b3b3b3b3b3b3b3b3b3b3b
       113  ????????????????  3f3f3f3f3f3f3f3f3f3f3f3f3f3f3f3f
        92  >>>>>>>>>>>>>>>>  3e3e3e3e3e3e3e3e3e3e3e3e3e3e3e3e
        91  8888888888888888  38383838383838383838383838383838
        82  FFFFFFFFFFFFFFFF  46464646464646464646464646464646
# epoch 9440  H=7.4913 C=7.2244 HO=0.2669  A(t)=1133
       239  <<<<<<<<<<<<<<<<  3c3c3c3c3c3c3c3c3c3c3c3c3c3c3c3c
       236  @@@@@@@@@@@@@@@@  40404040404040404040404040404040
       232  [[[[[[[[[[[[[[[[  5b5b5b5b5b5b5b5b5b5b5b5b5b5b5b5b
       215  ================  3d3d3d3d3d3d3d3d3d3d3d3d3d3d3d3d
       202  ,,,,,,,,,,,,,,,,  2c2c2c2c2c2c2c2c2c2c2c2c2c2c2c2c
       142  >>>>>>>>>>>>>>>>  3e3e3e3e3e3e3e3e3e3e3e3e3e3e3e3e
       122  ;;;;;;;;;;;;;;;;  3b3b3b3b3b3b3b3b3b3b3b3b3b3b3b3b
        89  ????????????????  3f3f3f3f3f3f3f3f3f3f3f3f3f3f3f3f
        87  8888888888888888  38383838383838383838383838383838
        84  6666666666666666  36363636363636363636363636363636
# epoch 9460  H=7.4908 C=7.2273 HO=0.2634  A(t)=1135
       281  <<<<<<<<<<<<<<<<  3c3c3c3c3c3c3c3c3c3c3c3c3c3c3c3c
       202  [[[[[[[[[[[[[[[[  5b5b5b5b5b5b5b5b5b5b5b5b5b5b5b5b
       197  @@@@@@@@@@@@@@@@  40404040404040404040404040404040
       192  ================  3d3d3d3d3d3d3d3d3d3d3d3d3d3d3d3d
       181  ,,,,,,,,,,,,,,,,  2c2c2c2c2c2c2c2c2c2c2c2c2c2c2c2c
       144  >>>>>>>>>>>>>>>>  3e3e3e3e3e3e3e3e3e3e3e3e3e3e3e3e
       110  ;;;;;;;;;;;;;;;;  3b3b3b3b3b3b3b3b3b3b3b3b3b3b3b3b
        83  8888888888888888  38383838383838383838383838383838
        82  ))))))))))))))))  29292929292929292929292929292929
        74  ????????????????  3f3f3f3f3f3f3f3f3f3f3f3f3f3f3f3f
# epoch 9480  H=7.4880 C=7.2215 HO=0.2664  A(t)=1138
       242  <<<<<<<<<<<<<<<<  3c3c3c3c3c3c3c3c3c3c3c3c3c3c3c3c
       178  ,,,,,,,,,,,,,,,,  2c2c2c2c2c2c2c2c2c2c2c2c2c2c2c2c
       175  [[[[[[[[[[[[[[[[  5b5b5b5b5b5b5b5b5b5b5b5b5b5b5b5b
       173  ================  3d3d3d3d3d3d3d3d3d3d3d3d3d3d3d3d
       160  @@@@@@@@@@@@@@@@  40404040404040404040404040404040
       156  ;;;;;;;;;;;;;;;;  3b3b3b3b3b3b3b3b3b3b3b3b3b3b3b3b
       148  >>>>>>>>>>>>>>>>  3e3e3e3e3e3e3e3e3e3e3e3e3e3e3e3e
        91  ................  e1e1e1e1e1e1e1e1e1e1e1e1e1e1e1e1
        76  ................  f8f8f8f8f8f8f8f8f8f8f8f8f8f8f8f8
        76  ................  93939393939393939393939393939393
# epoch 9500  H=7.4850 C=7.2200 HO=0.2650  A(t)=1138
       377  <<<<<<<<<<<<<<<<  3c3c3c3c3c3c3c3c3c3c3c3c3c3c3c3c
       323  ;;;;;;;;;;;;;;;;  3b3b3b3b3b3b3b3b3b3b3b3b3b3b3b3b
       195  ================  3d3d3d3d3d3d3d3d3d3d3d3d3d3d3d3d
       175  [[[[[[[[[[[[[[[[  5b5b5b5b5b5b5b5b5b5b5b5b5b5b5b5b
       143  >>>>>>>>>>>>>>>>  3e3e3e3e3e3e3e3e3e3e3e3e3e3e3e3e
       141  ,,,,,,,,,,,,,,,,  2c2c2c2c2c2c2c2c2c2c2c2c2c2c2c2c
       135  @@@@@@@@@@@@@@@@  40404040404040404040404040404040
        90  ................  e1e1e1e1e1e1e1e1e1e1e1e1e1e1e1e1
        86  ::::::::::::::::  3a3a3a3a3a3a3a3a3a3a3a3a3a3a3a3a
        83  ................  86868686868686868686868686868686
# epoch 9520  H=7.4827 C=7.2210 HO=0.2617  A(t)=1141
       333  <<<<<<<<<<<<<<<<  3c3c3c3c3c3c3c3c3c3c3c3c3c3c3c3c
       257  ;;;;;;;;;;;;;;;;  3b3b3b3b3b3b3b3b3b3b3b3b3b3b3b3b
       152  [[[[[[[[[[[[[[[[  5b5b5b5b5b5b5b5b5b5b5b5b5b5b5b5b
       148  ================  3d3d3d3d3d3d3d3d3d3d3d3d3d3d3d3d
       137  ,,,,,,,,,,,,,,,,  2c2c2c2c2c2c2c2c2c2c2c2c2c2c2c2c
       135  @@@@@@@@@@@@@@@@  40404040404040404040404040404040
       115  >>>>>>>>>>>>>>>>  3e3e3e3e3e3e3e3e3e3e3e3e3e3e3e3e
       108  ::::::::::::::::  3a3a3a3a3a3a3a3a3a3a3a3a3a3a3a3a
       104  ////////////////  2f2f2f2f2f2f2f2f2f2f2f2f2f2f2f2f
        69  ................  93939393939393939393939393939393
# epoch 9540  H=7.4832 C=7.2264 HO=0.2569  A(t)=1143
       320  <<<<<<<<<<<<<<<<  3c3c3c3c3c3c3c3c3c3c3c3c3c3c3c3c
       262  ;;;;;;;;;;;;;;;;  3b3b3b3b3b3b3b3b3b3b3b3b3b3b3b3b
       139  ================  3d3d3d3d3d3d3d3d3d3d3d3d3d3d3d3d
       114  [[[[[[[[[[[[[[[[  5b5b5b5b5b5b5b5b5b5b5b5b5b5b5b5b
       111  @@@@@@@@@@@@@@@@  40404040404040404040404040404040
       108  ,,,,,,,,,,,,,,,,  2c2c2c2c2c2c2c2c2c2c2c2c2c2c2c2c
        95  >>>>>>>>>>>>>>>>  3e3e3e3e3e3e3e3e3e3e3e3e3e3e3e3e
        88  4444444444444444  34343434343434343434343434343434
        85  ::::::::::::::::  3a3a3a3a3a3a3a3a3a3a3a3a3a3a3a3a
        77  6666666666666666  36363636363636363636363636363636
# epoch 9560  H=7.4815 C=7.2287 HO=0.2528  A(t)=1145
       260  ;;;;;;;;;;;;;;;;  3b3b3b3b3b3b3b3b3b3b3b3b3b3b3b3b
       237  <<<<<<<<<<<<<<<<  3c3c3c3c3c3c3c3c3c3c3c3c3c3c3c3c
       134  [[[[[[[[[[[[[[[[  5b5b5b5b5b5b5b5b5b5b5b5b5b5b5b5b
       109  ================  3d3d3d3d3d3d3d3d3d3d3d3d3d3d3d3d
       109  ,,,,,,,,,,,,,,,,  2c2c2c2c2c2c2c2c2c2c2c2c2c2c2c2c
       107  @@@@@@@@@@@@@@@@  40404040404040404040404040404040
        88  >>>>>>>>>>>>>>>>  3e3e3e3e3e3e3e3e3e3e3e3e3e3e3e3e
        85  VVVVVVVVVVVVVVVV  56565656565656565656565656565656
        72  4444444444444444  34343434343434343434343434343434
        70  ::::::::::::::::  3a3a3a3a3a3a3a3a3a3a3a3a3a3a3a3a
# epoch 9580  H=7.4820 C=7.2255 HO=0.2564  A(t)=1147
       246  ;;;;;;;;;;;;;;;;  3b3b3b3b3b3b3b3b3b3b3b3b3b3b3b3b
       154  ,,,,,,,,,,,,,,,,  2c2c2c2c2c2c2c2c2c2c2c2c2c2c2c2c
       143  <<<<<<<<<<<<<<<<  3c3c3c3c3c3c3c3c3c3c3c3c3c3c3c3c
       125  [[[[[[[[[[[[[[[[  5b5b5b5b5b5b5b5b5b5b5b5b5b5b5b5b
       112  1111111111111111  31313131313131313131313131313131
       101  >>>>>>>>>>>>>>>>  3e3e3e3e3e3e3e3e3e3e3e3e3e3e3e3e
        94  ================  3d3d3d3d3d3d3d3d3d3d3d3d3d3d3d3d
        90  aaaaaaaaaaaaaaaa  61616161616161616161616161616161
        87  @@@@@@@@@@@@@@@@  40404040404040404040404040404040
        82  VVVVVVVVVVVVVVVV  56565656565656565656565656565656
# epoch 9600  H=7.4818 C=7.2301 HO=0.2517  A(t)=1152
       219  <<<<<<<<<<<<<<<<  3c3c3c3c3c3c3c3c3c3c3c3c3c3c3c3c
       191  ;;;;;;;;;;;;;;;;  3b3b3b3b3b3b3b3b3b3b3b3b3b3b3b3b
       136  ================  3d3d3d3d3d3d3d3d3d3d3d3d3d3d3d3d
       128  ,,,,,,,,,,,,,,,,  2c2c2c2c2c2c2c2c2c2c2c2c2c2c2c2c
       111  >>>>>>>>>>>>>>>>  3e3e3e3e3e3e3e3e3e3e3e3e3e3e3e3e
       105  1111111111111111  31313131313131313131313131313131
        86  @@@@@@@@@@@@@@@@  40404040404040404040404040404040
        83  ((((((((((((((((  28282828282828282828282828282828
        79  [[[[[[[[[[[[[[[[  5b5b5b5b5b5b5b5b5b5b5b5b5b5b5b5b
        68  ::::::::::::::::  3a3a3a3a3a3a3a3a3a3a3a3a3a3a3a3a
# epoch 9620  H=7.4856 C=7.2314 HO=0.2542  A(t)=1159
       229  ;;;;;;;;;;;;;;;;  3b3b3b3b3b3b3b3b3b3b3b3b3b3b3b3b
       188  <<<<<<<<<<<<<<<<  3c3c3c3c3c3c3c3c3c3c3c3c3c3c3c3c
       123  ,,,,,,,,,,,,,,,,  2c2c2c2c2c2c2c2c2c2c2c2c2c2c2c2c
       122  ================  3d3d3d3d3d3d3d3d3d3d3d3d3d3d3d3d
       104  @@@@@@@@@@@@@@@@  40404040404040404040404040404040
       100  >>>>>>>>>>>>>>>>  3e3e3e3e3e3e3e3e3e3e3e3e3e3e3e3e
        90  ................  e2e2e2e2e2e2e2e2e2e2e2e2e2e2e2e2
        85  ((((((((((((((((  28282828282828282828282828282828
        83  1111111111111111  31313131313131313131313131313131
        83  ................  14141414141414141414141414141414
# epoch 9640  H=7.4840 C=7.2292 HO=0.2548  A(t)=1159
       247  ;;;;;;;;;;;;;;;;  3b3b3b3b3b3b3b3b3b3b3b3b3b3b3b3b
       190  <<<<<<<<<<<<<<<<  3c3c3c3c3c3c3c3c3c3c3c3c3c3c3c3c
       169  ,,,,,,,,,,,,,,,,  2c2c2c2c2c2c2c2c2c2c2c2c2c2c2c2c
       133  ////////////////  2f2f2f2f2f2f2f2f2f2f2f2f2f2f2f2f
       126  >>>>>>>>>>>>>>>>  3e3e3e3e3e3e3e3e3e3e3e3e3e3e3e3e
       108  ================  3d3d3d3d3d3d3d3d3d3d3d3d3d3d3d3d
       101  @@@@@@@@@@@@@@@@  40404040404040404040404040404040
        94  ::::::::::::::::  3a3a3a3a3a3a3a3a3a3a3a3a3a3a3a3a
        78  ((((((((((((((((  28282828282828282828282828282828
        74  [[[[[[[[[[[[[[[[  5b5b5b5b5b5b5b5b5b5b5b5b5b5b5b5b
# epoch 9660  H=7.4837 C=7.2306 HO=0.2531  A(t)=1163
       264  <<<<<<<<<<<<<<<<  3c3c3c3c3c3c3c3c3c3c3c3c3c3c3c3c
       216  ,,,,,,,,,,,,,,,,  2c2c2c2c2c2c2c2c2c2c2c2c2c2c2c2c
       198  ;;;;;;;;;;;;;;;;  3b3b3b3b3b3b3b3b3b3b3b3b3b3b3b3b
       112  >>>>>>>>>>>>>>>>  3e3e3e3e3e3e3e3e3e3e3e3e3e3e3e3e
        88  ////////////////  2f2f2f2f2f2f2f2f2f2f2f2f2f2f2f2f
        84  ================  3d3d3d3d3d3d3d3d3d3d3d3d3d3d3d3d
        81  ::::::::::::::::  3a3a3a3a3a3a3a3a3a3a3a3a3a3a3a3a
        70  ................  14141414141414141414141414141414
        67  1111111111111111  31313131313131313131313131313131
        64  ................  e2e2e2e2e2e2e2e2e2e2e2e2e2e2e2e2
# epoch 9680  H=7.4857 C=7.2385 HO=0.2472  A(t)=1163
       253  ,,,,,,,,,,,,,,,,  2c2c2c2c2c2c2c2c2c2c2c2c2c2c2c2c
       237  <<<<<<<<<<<<<<<<  3c3c3c3c3c3c3c3c3c3c3c3c3c3c3c3c
       165  ;;;;;;;;;;;;;;;;  3b3b3b3b3b3b3b3b3b3b3b3b3b3b3b3b
       128  @@@@@@@@@@@@@@@@  40404040404040404040404040404040
       105  >>>>>>>>>>>>>>>>  3e3e3e3e3e3e3e3e3e3e3e3e3e3e3e3e
        86  ////////////////  2f2f2f2f2f2f2f2f2f2f2f2f2f2f2f2f
        81  ================  3d3d3d3d3d3d3d3d3d3d3d3d3d3d3d3d
        77  ::::::::::::::::  3a3a3a3a3a3a3a3a3a3a3a3a3a3a3a3a
        69  ................  b2b2b2b2b2b2b2b2b2b2b2b2b2b2b2b2
        59  ................  e2e2e2e2e2e2e2e2e2e2e2e2e2e2e2e2
# epoch 9700  H=7.4902 C=7.2441 HO=0.2461  A(t)=1167
       189  ,,,,,,,,,,,,,,,,  2c2c2c2c2c2c2c2c2c2c2c2c2c2c2c2c
       183  <<<<<<<<<<<<<<<<  3c3c3c3c3c3c3c3c3c3c3c3c3c3c3c3c
       127  ;;;;;;;;;;;;;;;;  3b3b3b3b3b3b3b3b3b3b3b3b3b3b3b3b
       110  @@@@@@@@@@@@@@@@  40404040404040404040404040404040
       110  >>>>>>>>>>>>>>>>  3e3e3e3e3e3e3e3e3e3e3e3e3e3e3e3e
        86  ////////////////  2f2f2f2f2f2f2f2f2f2f2f2f2f2f2f2f
        74  ((((((((((((((((  28282828282828282828282828282828
        69  ::::::::::::::::  3a3a3a3a3a3a3a3a3a3a3a3a3a3a3a3a
        65  7777777777777777  37373737373737373737373737373737
        56  ]]]]]]]]]]]]]]]]  5d5d5d5d5d5d5d5d5d5d5d5d5d5d5d5d
# epoch 9720  H=7.4871 C=7.2420 HO=0.2451  A(t)=1169
       271  <<<<<<<<<<<<<<<<  3c3c3c3c3c3c3c3c3c3c3c3c3c3c3c3c
       154  ,,,,,,,,,,,,,,,,  2c2c2c2c2c2c2c2c2c2c2c2c2c2c2c2c
       108  @@@@@@@@@@@@@@@@  40404040404040404040404040404040
       107  >>>>>>>>>>>>>>>>  3e3e3e3e3e3e3e3e3e3e3e3e3e3e3e3e
       100  ;;;;;;;;;;;;;;;;  3b3b3b3b3b3b3b3b3b3b3b3b3b3b3b3b
        94  ================  3d3d3d3d3d3d3d3d3d3d3d3d3d3d3d3d
        86  ////////////////  2f2f2f2f2f2f2f2f2f2f2f2f2f2f2f2f
        60  ::::::::::::::::  3a3a3a3a3a3a3a3a3a3a3a3a3a3a3a3a
        60  ((((((((((((((((  28282828282828282828282828282828
        54  ................  b2b2b2b2b2b2b2b2b2b2b2b2b2b2b2b2
# epoch 9740  H=7.4864 C=7.2405 HO=0.2459  A(t)=1169
       258  <<<<<<<<<<<<<<<<  3c3c3c3c3c3c3c3c3c3c3c3c3c3c3c3c
       130  ,,,,,,,,,,,,,,,,  2c2c2c2c2c2c2c2c2c2c2c2c2c2c2c2c
       127  >>>>>>>>>>>>>>>>  3e3e3e3e3e3e3e3e3e3e3e3e3e3e3e3e
        96  ;;;;;;;;;;;;;;;;  3b3b3b3b3b3b3b3b3b3b3b3b3b3b3b3b
        90  ................  01010101010101010101010101010101
        87  ================  3d3d3d3d3d3d3d3d3d3d3d3d3d3d3d3d
        76  ////////////////  2f2f2f2f2f2f2f2f2f2f2f2f2f2f2f2f
        75  cccccccccccccccc  63636363636363636363636363636363
        70  @@@@@@@@@@@@@@@@  40404040404040404040404040404040
        66  ????????????????  3f3f3f3f3f3f3f3f3f3f3f3f3f3f3f3f
# epoch 9760  H=7.4910 C=7.2425 HO=0.2485  A(t)=1173
       253  <<<<<<<<<<<<<<<<  3c3c3c3c3c3c3c3c3c3c3c3c3c3c3c3c
       144  >>>>>>>>>>>>>>>>  3e3e3e3e3e3e3e3e3e3e3e3e3e3e3e3e
       129  ,,,,,,,,,,,,,,,,  2c2c2c2c2c2c2c2c2c2c2c2c2c2c2c2c
       120  ================  3d3d3d3d3d3d3d3d3d3d3d3d3d3d3d3d
       113  ////////////////  2f2f2f2f2f2f2f2f2f2f2f2f2f2f2f2f
       109  @@@@@@@@@@@@@@@@  40404040404040404040404040404040
        95  ;;;;;;;;;;;;;;;;  3b3b3b3b3b3b3b3b3b3b3b3b3b3b3b3b
        77  [[[[[[[[[[[[[[[[  5b5b5b5b5b5b5b5b5b5b5b5b5b5b5b5b
        71  MMMMMMMMMMMMMMMM  4d4d4d4d4d4d4d4d4d4d4d4d4d4d4d4d
        70  ................  01010101010101010101010101010101
# epoch 9780  H=7.4900 C=7.2407 HO=0.2492  A(t)=1173
       239  <<<<<<<<<<<<<<<<  3c3c3c3c3c3c3c3c3c3c3c3c3c3c3c3c
       169  ,,,,,,,,,,,,,,,,  2c2c2c2c2c2c2c2c2c2c2c2c2c2c2c2c
       153  >>>>>>>>>>>>>>>>  3e3e3e3e3e3e3e3e3e3e3e3e3e3e3e3e
       143  ================  3d3d3d3d3d3d3d3d3d3d3d3d3d3d3d3d
       129  @@@@@@@@@@@@@@@@  40404040404040404040404040404040
       109  ////////////////  2f2f2f2f2f2f2f2f2f2f2f2f2f2f2f2f
       106  ^^^^^^^^^^^^^^^^  5e5e5e5e5e5e5e5e5e5e5e5e5e5e5e5e
        88  ;;;;;;;;;;;;;;;;  3b3b3b3b3b3b3b3b3b3b3b3b3b3b3b3b
        80  EEEEEEEEEEEEEEEE  45454545454545454545454545454545
        77  ................  96969696969696969696969696969696
# epoch 9800  H=7.4927 C=7.2377 HO=0.2550  A(t)=1176
       191  >>>>>>>>>>>>>>>>  3e3e3e3e3e3e3e3e3e3e3e3e3e3e3e3e
       183  <<<<<<<<<<<<<<<<  3c3c3c3c3c3c3c3c3c3c3c3c3c3c3c3c
       170  ,,,,,,,,,,,,,,,,  2c2c2c2c2c2c2c2c2c2c2c2c2c2c2c2c
       164  @@@@@@@@@@@@@@@@  40404040404040404040404040404040
       111  ================  3d3d3d3d3d3d3d3d3d3d3d3d3d3d3d3d
       103  ;;;;;;;;;;;;;;;;  3b3b3b3b3b3b3b3b3b3b3b3b3b3b3b3b
       102  VVVVVVVVVVVVVVVV  56565656565656565656565656565656
        87  ////////////////  2f2f2f2f2f2f2f2f2f2f2f2f2f2f2f2f
        82  FFFFFFFFFFFFFFFF  46464646464646464646464646464646
        78  EEEEEEEEEEEEEEEE  45454545454545454545454545454545
# epoch 9820  H=7.4923 C=7.2435 HO=0.2488  A(t)=1181
       204  <<<<<<<<<<<<<<<<  3c3c3c3c3c3c3c3c3c3c3c3c3c3c3c3c
       202  ,,,,,,,,,,,,,,,,  2c2c2c2c2c2c2c2c2c2c2c2c2c2c2c2c
       176  @@@@@@@@@@@@@@@@  40404040404040404040404040404040
       172  >>>>>>>>>>>>>>>>  3e3e3e3e3e3e3e3e3e3e3e3e3e3e3e3e
       102  ================  3d3d3d3d3d3d3d3d3d3d3d3d3d3d3d3d
        91  ;;;;;;;;;;;;;;;;  3b3b3b3b3b3b3b3b3b3b3b3b3b3b3b3b
        88  VVVVVVVVVVVVVVVV  56565656565656565656565656565656
        86  ................  2e2e2e2e2e2e2e2e2e2e2e2e2e2e2e2e
        85  ////////////////  2f2f2f2f2f2f2f2f2f2f2f2f2f2f2f2f
        73  ................  96969696969696969696969696969696
# epoch 9840  H=7.4966 C=7.2481 HO=0.2485  A(t)=1181
       201  <<<<<<<<<<<<<<<<  3c3c3c3c3c3c3c3c3c3c3c3c3c3c3c3c
       168  ,,,,,,,,,,,,,,,,  2c2c2c2c2c2c2c2c2c2c2c2c2c2c2c2c
       156  @@@@@@@@@@@@@@@@  40404040404040404040404040404040
       154  ================  3d3d3d3d3d3d3d3d3d3d3d3d3d3d3d3d
       135  >>>>>>>>>>>>>>>>  3e3e3e3e3e3e3e3e3e3e3e3e3e3e3e3e
        83  ????????????????  3f3f3f3f3f3f3f3f3f3f3f3f3f3f3f3f
        82  [[[[[[[[[[[[[[[[  5b5b5b5b5b5b5b5b5b5b5b5b5b5b5b5b
        82  ;;;;;;;;;;;;;;;;  3b3b3b3b3b3b3b3b3b3b3b3b3b3b3b3b
        79  ////////////////  2f2f2f2f2f2f2f2f2f2f2f2f2f2f2f2f
        76  ................  2e2e2e2e2e2e2e2e2e2e2e2e2e2e2e2e
# epoch 9860  H=7.4929 C=7.2440 HO=0.2489  A(t)=1184
       456  >>>>>>>>>>>>>>>>  3e3e3e3e3e3e3e3e3e3e3e3e3e3e3e3e
       213  <<<<<<<<<<<<<<<<  3c3c3c3c3c3c3c3c3c3c3c3c3c3c3c3c
       150  ================  3d3d3d3d3d3d3d3d3d3d3d3d3d3d3d3d
       140  ,,,,,,,,,,,,,,,,  2c2c2c2c2c2c2c2c2c2c2c2c2c2c2c2c
       120  @@@@@@@@@@@@@@@@  40404040404040404040404040404040
        95  [[[[[[[[[[[[[[[[  5b5b5b5b5b5b5b5b5b5b5b5b5b5b5b5b
        81  ????????????????  3f3f3f3f3f3f3f3f3f3f3f3f3f3f3f3f
        76  ;;;;;;;;;;;;;;;;  3b3b3b3b3b3b3b3b3b3b3b3b3b3b3b3b
        74  ................  2e2e2e2e2e2e2e2e2e2e2e2e2e2e2e2e
        70  ////////////////  2f2f2f2f2f2f2f2f2f2f2f2f2f2f2f2f
# epoch 9880  H=7.4939 C=7.2489 HO=0.2450  A(t)=1186
       437  >>>>>>>>>>>>>>>>  3e3e3e3e3e3e3e3e3e3e3e3e3e3e3e3e
       190  <<<<<<<<<<<<<<<<  3c3c3c3c3c3c3c3c3c3c3c3c3c3c3c3c
       160  ================  3d3d3d3d3d3d3d3d3d3d3d3d3d3d3d3d
       125  ,,,,,,,,,,,,,,,,  2c2c2c2c2c2c2c2c2c2c2c2c2c2c2c2c
       107  [[[[[[[[[[[[[[[[  5b5b5b5b5b5b5b5b5b5b5b5b5b5b5b5b
       106  @@@@@@@@@@@@@@@@  40404040404040404040404040404040
        94  BBBBBBBBBBBBBBBB  42424242424242424242424242424242
        77  ????????????????  3f3f3f3f3f3f3f3f3f3f3f3f3f3f3f3f
        74  ;;;;;;;;;;;;;;;;  3b3b3b3b3b3b3b3b3b3b3b3b3b3b3b3b
        74  ................  2e2e2e2e2e2e2e2e2e2e2e2e2e2e2e2e
# epoch 9900  H=7.4924 C=7.2411 HO=0.2514  A(t)=1186
       292  >>>>>>>>>>>>>>>>  3e3e3e3e3e3e3e3e3e3e3e3e3e3e3e3e
       189  ,,,,,,,,,,,,,,,,  2c2c2c2c2c2c2c2c2c2c2c2c2c2c2c2c
       169  <<<<<<<<<<<<<<<<  3c3c3c3c3c3c3c3c3c3c3c3c3c3c3c3c
       155  ;;;;;;;;;;;;;;;;  3b3b3b3b3b3b3b3b3b3b3b3b3b3b3b3b
       153  ================  3d3d3d3d3d3d3d3d3d3d3d3d3d3d3d3d
       120  BBBBBBBBBBBBBBBB  42424242424242424242424242424242
        99  [[[[[[[[[[[[[[[[  5b5b5b5b5b5b5b5b5b5b5b5b5b5b5b5b
        94  VVVVVVVVVVVVVVVV  56565656565656565656565656565656
        93  @@@@@@@@@@@@@@@@  40404040404040404040404040404040
        84  EEEEEEEEEEEEEEEE  45454545454545454545454545454545
# epoch 9920  H=7.4952 C=7.2414 HO=0.2538  A(t)=1186
       228  >>>>>>>>>>>>>>>>  3e3e3e3e3e3e3e3e3e3e3e3e3e3e3e3e
       220  ,,,,,,,,,,,,,,,,  2c2c2c2c2c2c2c2c2c2c2c2c2c2c2c2c
       166  <<<<<<<<<<<<<<<<  3c3c3c3c3c3c3c3c3c3c3c3c3c3c3c3c
       137  ................  7f7f7f7f7f7f7f7f7f7f7f7f7f7f7f7f
       136  ;;;;;;;;;;;;;;;;  3b3b3b3b3b3b3b3b3b3b3b3b3b3b3b3b
       129  ================  3d3d3d3d3d3d3d3d3d3d3d3d3d3d3d3d
       101  BBBBBBBBBBBBBBBB  42424242424242424242424242424242
        96  ................  2e2e2e2e2e2e2e2e2e2e2e2e2e2e2e2e
        93  [[[[[[[[[[[[[[[[  5b5b5b5b5b5b5b5b5b5b5b5b5b5b5b5b
        86  VVVVVVVVVVVVVVVV  56565656565656565656565656565656
# epoch 9940  H=7.4983 C=7.2486 HO=0.2497  A(t)=1196
       198  ,,,,,,,,,,,,,,,,  2c2c2c2c2c2c2c2c2c2c2c2c2c2c2c2c
       169  >>>>>>>>>>>>>>>>  3e3e3e3e3e3e3e3e3e3e3e3e3e3e3e3e
       169  <<<<<<<<<<<<<<<<  3c3c3c3c3c3c3c3c3c3c3c3c3c3c3c3c
       147  [[[[[[[[[[[[[[[[  5b5b5b5b5b5b5b5b5b5b5b5b5b5b5b5b
       126  ................  7f7f7f7f7f7f7f7f7f7f7f7f7f7f7f7f
       115  ;;;;;;;;;;;;;;;;  3b3b3b3b3b3b3b3b3b3b3b3b3b3b3b3b
       114  ================  3d3d3d3d3d3d3d3d3d3d3d3d3d3d3d3d
        93  eeeeeeeeeeeeeeee  65656565656565656565656565656565
        88  BBBBBBBBBBBBBBBB  42424242424242424242424242424242
        81  ''''''''''''''''  27272727272727272727272727272727
# epoch 9960  H=7.4948 C=7.2451 HO=0.2497  A(t)=1196
       255  <<<<<<<<<<<<<<<<  3c3c3c3c3c3c3c3c3c3c3c3c3c3c3c3c
       185  [[[[[[[[[[[[[[[[  5b5b5b5b5b5b5b5b5b5b5b5b5b5b5b5b
       167  ,,,,,,,,,,,,,,,,  2c2c2c2c2c2c2c2c2c2c2c2c2c2c2c2c
       144  >>>>>>>>>>>>>>>>  3e3e3e3e3e3e3e3e3e3e3e3e3e3e3e3e
       144  ;;;;;;;;;;;;;;;;  3b3b3b3b3b3b3b3b3b3b3b3b3b3b3b3b
       103  ................  7f7f7f7f7f7f7f7f7f7f7f7f7f7f7f7f
        89  ================  3d3d3d3d3d3d3d3d3d3d3d3d3d3d3d3d
        76  eeeeeeeeeeeeeeee  65656565656565656565656565656565
        76  BBBBBBBBBBBBBBBB  42424242424242424242424242424242
        67  ::::::::::::::::  3a3a3a3a3a3a3a3a3a3a3a3a3a3a3a3a
# epoch 9980  H=7.4930 C=7.2410 HO=0.2520  A(t)=1196
       256  >>>>>>>>>>>>>>>>  3e3e3e3e3e3e3e3e3e3e3e3e3e3e3e3e
       256  <<<<<<<<<<<<<<<<  3c3c3c3c3c3c3c3c3c3c3c3c3c3c3c3c
       173  [[[[[[[[[[[[[[[[  5b5b5b5b5b5b5b5b5b5b5b5b5b5b5b5b
       154  ;;;;;;;;;;;;;;;;  3b3b3b3b3b3b3b3b3b3b3b3b3b3b3b3b
       146  ,,,,,,,,,,,,,,,,  2c2c2c2c2c2c2c2c2c2c2c2c2c2c2c2c
       100  ''''''''''''''''  27272727272727272727272727272727
        93  BBBBBBBBBBBBBBBB  42424242424242424242424242424242
        87  ????????????????  3f3f3f3f3f3f3f3f3f3f3f3f3f3f3f3f
        83  ................  7f7f7f7f7f7f7f7f7f7f7f7f7f7f7f7f
        83  ================  3d3d3d3d3d3d3d3d3d3d3d3d3d3d3d3d
# epoch 10000  H=7.4885 C=7.2378 HO=0.2506  A(t)=1198
       226  <<<<<<<<<<<<<<<<  3c3c3c3c3c3c3c3c3c3c3c3c3c3c3c3c
       182  >>>>>>>>>>>>>>>>  3e3e3e3e3e3e3e3e3e3e3e3e3e3e3e3e
       169  [[[[[[[[[[[[[[[[  5b5b5b5b5b5b5b5b5b5b5b5b5b5b5b5b
       157  ,,,,,,,,,,,,,,,,  2c2c2c2c2c2c2c2c2c2c2c2c2c2c2c2c
       149  ;;;;;;;;;;;;;;;;  3b3b3b3b3b3b3b3b3b3b3b3b3b3b3b3b
       118  ????????????????  3f3f3f3f3f3f3f3f3f3f3f3f3f3f3f3f
        85  ''''''''''''''''  27272727272727272727272727272727
        82  ================  3d3d3d3d3d3d3d3d3d3d3d3d3d3d3d3d
        78  BBBBBBBBBBBBBBBB  42424242424242424242424242424242
        74  ................  2e2e2e2e2e2e2e2e2e2e2e2e2e2e2e2e
# epoch 10020  H=7.4897 C=7.2379 HO=0.2518  A(t)=1198
       260  [[[[[[[[[[[[[[[[  5b5b5b5b5b5b5b5b5b5b5b5b5b5b5b5b
       233  <<<<<<<<<<<<<<<<  3c3c3c3c3c3c3c3c3c3c3c3c3c3c3c3c
       213  ,,,,,,,,,,,,,,,,  2c2c2c2c2c2c2c2c2c2c2c2c2c2c2c2c
       180  >>>>>>>>>>>>>>>>  3e3e3e3e3e3e3e3e3e3e3e3e3e3e3e3e
       146  ;;;;;;;;;;;;;;;;  3b3b3b3b3b3b3b3b3b3b3b3b3b3b3b3b
       100  ????????????????  3f3f3f3f3f3f3f3f3f3f3f3f3f3f3f3f
        78  BBBBBBBBBBBBBBBB  42424242424242424242424242424242
        73  ================  3d3d3d3d3d3d3d3d3d3d3d3d3d3d3d3d
        73  6666666666666666  36363636363636363636363636363636
        72  ................  2e2e2e2e2e2e2e2e2e2e2e2e2e2e2e2e
# epoch 10040  H=7.4881 C=7.2437 HO=0.2445  A(t)=1200
       209  [[[[[[[[[[[[[[[[  5b5b5b5b5b5b5b5b5b5b5b5b5b5b5b5b
       200  <<<<<<<<<<<<<<<<  3c3c3c3c3c3c3c3c3c3c3c3c3c3c3c3c
       192  ,,,,,,,,,,,,,,,,  2c2c2c2c2c2c2c2c2c2c2c2c2c2c2c2c
       172  ;;;;;;;;;;;;;;;;  3b3b3b3b3b3b3b3b3b3b3b3b3b3b3b3b
       144  >>>>>>>>>>>>>>>>  3e3e3e3e3e3e3e3e3e3e3e3e3e3e3e3e
       127  9999999999999999  39393939393939393939393939393939
       117  ================  3d3d3d3d3d3d3d3d3d3d3d3d3d3d3d3d
        72  ................  2e2e2e2e2e2e2e2e2e2e2e2e2e2e2e2e
        69  ................  cccccccccccccccccccccccccccccccc
        69  6666666666666666  36363636363636363636363636363636
# epoch 10060  H=7.4870 C=7.2394 HO=0.2476  A(t)=1202
       245  <<<<<<<<<<<<<<<<  3c3c3c3c3c3c3c3c3c3c3c3c3c3c3c3c
       222  ,,,,,,,,,,,,,,,,  2c2c2c2c2c2c2c2c2c2c2c2c2c2c2c2c
       184  [[[[[[[[[[[[[[[[  5b5b5b5b5b5b5b5b5b5b5b5b5b5b5b5b
       168  >>>>>>>>>>>>>>>>  3e3e3e3e3e3e3e3e3e3e3e3e3e3e3e3e
       146  ;;;;;;;;;;;;;;;;  3b3b3b3b3b3b3b3b3b3b3b3b3b3b3b3b
       113  ::::::::::::::::  3a3a3a3a3a3a3a3a3a3a3a3a3a3a3a3a
       108  ................  2e2e2e2e2e2e2e2e2e2e2e2e2e2e2e2e
       107  ================  3d3d3d3d3d3d3d3d3d3d3d3d3d3d3d3d
        94  9999999999999999  39393939393939393939393939393939
        86  ((((((((((((((((  28282828282828282828282828282828
# epoch 10080  H=7.4863 C=7.2397 HO=0.2466  A(t)=1204
       302  <<<<<<<<<<<<<<<<  3c3c3c3c3c3c3c3c3c3c3c3c3c3c3c3c
       191  ,,,,,,,,,,,,,,,,  2c2c2c2c2c2c2c2c2c2c2c2c2c2c2c2c
       183  [[[[[[[[[[[[[[[[  5b5b5b5b5b5b5b5b5b5b5b5b5b5b5b5b
       144  >>>>>>>>>>>>>>>>  3e3e3e3e3e3e3e3e3e3e3e3e3e3e3e3e
       130  ;;;;;;;;;;;;;;;;  3b3b3b3b3b3b3b3b3b3b3b3b3b3b3b3b
       124  ================  3d3d3d3d3d3d3d3d3d3d3d3d3d3d3d3d
       123  ((((((((((((((((  28282828282828282828282828282828
       119  ................  19191919191919191919191919191919
       102  ................  2e2e2e2e2e2e2e2e2e2e2e2e2e2e2e2e
        94  9999999999999999  39393939393939393939393939393939
# epoch 10100  H=7.4861 C=7.2334 HO=0.2527  A(t)=1208
       323  <<<<<<<<<<<<<<<<  3c3c3c3c3c3c3c3c3c3c3c3c3c3c3c3c
       221  [[[[[[[[[[[[[[[[  5b5b5b5b5b5b5b5b5b5b5b5b5b5b5b5b
       207  ,,,,,,,,,,,,,,,,  2c2c2c2c2c2c2c2c2c2c2c2c2c2c2c2c
       171  >>>>>>>>>>>>>>>>  3e3e3e3e3e3e3e3e3e3e3e3e3e3e3e3e
       148  ................  f1f1f1f1f1f1f1f1f1f1f1f1f1f1f1f1
       133  ;;;;;;;;;;;;;;;;  3b3b3b3b3b3b3b3b3b3b3b3b3b3b3b3b
       117  ................  19191919191919191919191919191919
       115  ((((((((((((((((  28282828282828282828282828282828
       104  ::::::::::::::::  3a3a3a3a3a3a3a3a3a3a3a3a3a3a3a3a
        97  ================  3d3d3d3d3d3d3d3d3d3d3d3d3d3d3d3d
# epoch 10120  H=7.4854 C=7.2295 HO=0.2559  A(t)=1208
       276  <<<<<<<<<<<<<<<<  3c3c3c3c3c3c3c3c3c3c3c3c3c3c3c3c
       253  ,,,,,,,,,,,,,,,,  2c2c2c2c2c2c2c2c2c2c2c2c2c2c2c2c
       200  [[[[[[[[[[[[[[[[  5b5b5b5b5b5b5b5b5b5b5b5b5b5b5b5b
       164  ::::::::::::::::  3a3a3a3a3a3a3a3a3a3a3a3a3a3a3a3a
       128  ................  f1f1f1f1f1f1f1f1f1f1f1f1f1f1f1f1
       127  >>>>>>>>>>>>>>>>  3e3e3e3e3e3e3e3e3e3e3e3e3e3e3e3e
       126  ;;;;;;;;;;;;;;;;  3b3b3b3b3b3b3b3b3b3b3b3b3b3b3b3b
        91  ................  2e2e2e2e2e2e2e2e2e2e2e2e2e2e2e2e
        89  ................  19191919191919191919191919191919
        86  ((((((((((((((((  28282828282828282828282828282828
# epoch 10140  H=7.4873 C=7.2246 HO=0.2627  A(t)=1208
       228  ,,,,,,,,,,,,,,,,  2c2c2c2c2c2c2c2c2c2c2c2c2c2c2c2c
       218  <<<<<<<<<<<<<<<<  3c3c3c3c3c3c3c3c3c3c3c3c3c3c3c3c
       198  [[[[[[[[[[[[[[[[  5b5b5b5b5b5b5b5b5b5b5b5b5b5b5b5b
       191  ================  3d3d3d3d3d3d3d3d3d3d3d3d3d3d3d3d
       174  4444444444444444  34343434343434343434343434343434
       147  >>>>>>>>>>>>>>>>  3e3e3e3e3e3e3e3e3e3e3e3e3e3e3e3e
       140  ::::::::::::::::  3a3a3a3a3a3a3a3a3a3a3a3a3a3a3a3a
       127  ................  f1f1f1f1f1f1f1f1f1f1f1f1f1f1f1f1
       125  ;;;;;;;;;;;;;;;;  3b3b3b3b3b3b3b3b3b3b3b3b3b3b3b3b
        89  ................  2e2e2e2e2e2e2e2e2e2e2e2e2e2e2e2e
# epoch 10160  H=7.4867 C=7.2173 HO=0.2694  A(t)=1210
       238  >>>>>>>>>>>>>>>>  3e3e3e3e3e3e3e3e3e3e3e3e3e3e3e3e
       207  [[[[[[[[[[[[[[[[  5b5b5b5b5b5b5b5b5b5b5b5b5b5b5b5b
       187  ================  3d3d3d3d3d3d3d3d3d3d3d3d3d3d3d3d
       185  <<<<<<<<<<<<<<<<  3c3c3c3c3c3c3c3c3c3c3c3c3c3c3c3c
       183  ,,,,,,,,,,,,,,,,  2c2c2c2c2c2c2c2c2c2c2c2c2c2c2c2c
       171  4444444444444444  34343434343434343434343434343434
       151  ;;;;;;;;;;;;;;;;  3b3b3b3b3b3b3b3b3b3b3b3b3b3b3b3b
       123  ::::::::::::::::  3a3a3a3a3a3a3a3a3a3a3a3a3a3a3a3a
       114  ................  f1f1f1f1f1f1f1f1f1f1f1f1f1f1f1f1
        89  ................  2e2e2e2e2e2e2e2e2e2e2e2e2e2e2e2e
# epoch 10180  H=7.4853 C=7.2143 HO=0.2710  A(t)=1210
       219  ,,,,,,,,,,,,,,,,  2c2c2c2c2c2c2c2c2c2c2c2c2c2c2c2c
       178  ================  3d3d3d3d3d3d3d3d3d3d3d3d3d3d3d3d
       163  >>>>>>>>>>>>>>>>  3e3e3e3e3e3e3e3e3e3e3e3e3e3e3e3e
       161  <<<<<<<<<<<<<<<<  3c3c3c3c3c3c3c3c3c3c3c3c3c3c3c3c
       159  4444444444444444  34343434343434343434343434343434
       144  [[[[[[[[[[[[[[[[  5b5b5b5b5b5b5b5b5b5b5b5b5b5b5b5b
       126  ;;;;;;;;;;;;;;;;  3b3b3b3b3b3b3b3b3b3b3b3b3b3b3b3b
       118  ::::::::::::::::  3a3a3a3a3a3a3a3a3a3a3a3a3a3a3a3a
       105  ????????????????  3f3f3f3f3f3f3f3f3f3f3f3f3f3f3f3f
       104  ................  f1f1f1f1f1f1f1f1f1f1f1f1f1f1f1f1
# epoch 10200  H=7.4833 C=7.2166 HO=0.2668  A(t)=1210
       278  ,,,,,,,,,,,,,,,,  2c2c2c2c2c2c2c2c2c2c2c2c2c2c2c2c
       202  <<<<<<<<<<<<<<<<  3c3c3c3c3c3c3c3c3c3c3c3c3c3c3c3c
       187  ================  3d3d3d3d3d3d3d3d3d3d3d3d3d3d3d3d
       147  ;;;;;;;;;;;;;;;;  3b3b3b3b3b3b3b3b3b3b3b3b3b3b3b3b
       138  4444444444444444  34343434343434343434343434343434
       126  >>>>>>>>>>>>>>>>  3e3e3e3e3e3e3e3e3e3e3e3e3e3e3e3e
       114  [[[[[[[[[[[[[[[[  5b5b5b5b5b5b5b5b5b5b5b5b5b5b5b5b
        94  ................  9f9f9f9f9f9f9f9f9f9f9f9f9f9f9f9f
        92  ::::::::::::::::  3a3a3a3a3a3a3a3a3a3a3a3a3a3a3a3a
        91  ????????????????  3f3f3f3f3f3f3f3f3f3f3f3f3f3f3f3f
# epoch 10220  H=7.4824 C=7.2236 HO=0.2588  A(t)=1216
       238  ,,,,,,,,,,,,,,,,  2c2c2c2c2c2c2c2c2c2c2c2c2c2c2c2c
       234  ================  3d3d3d3d3d3d3d3d3d3d3d3d3d3d3d3d
       177  <<<<<<<<<<<<<<<<  3c3c3c3c3c3c3c3c3c3c3c3c3c3c3c3c
       172  4444444444444444  34343434343434343434343434343434
       146  ;;;;;;;;;;;;;;;;  3b3b3b3b3b3b3b3b3b3b3b3b3b3b3b3b
       122  >>>>>>>>>>>>>>>>  3e3e3e3e3e3e3e3e3e3e3e3e3e3e3e3e
       108  [[[[[[[[[[[[[[[[  5b5b5b5b5b5b5b5b5b5b5b5b5b5b5b5b
        86  ????????????????  3f3f3f3f3f3f3f3f3f3f3f3f3f3f3f3f
        84  ................  9f9f9f9f9f9f9f9f9f9f9f9f9f9f9f9f
        83  ::::::::::::::::  3a3a3a3a3a3a3a3a3a3a3a3a3a3a3a3a
# epoch 10240  H=7.4817 C=7.2255 HO=0.2562  A(t)=1216
       231  ,,,,,,,,,,,,,,,,  2c2c2c2c2c2c2c2c2c2c2c2c2c2c2c2c
       196  ================  3d3d3d3d3d3d3d3d3d3d3d3d3d3d3d3d
       151  <<<<<<<<<<<<<<<<  3c3c3c3c3c3c3c3c3c3c3c3c3c3c3c3c
       130  4444444444444444  34343434343434343434343434343434
       129  ????????????????  3f3f3f3f3f3f3f3f3f3f3f3f3f3f3f3f
       129  ;;;;;;;;;;;;;;;;  3b3b3b3b3b3b3b3b3b3b3b3b3b3b3b3b
       115  [[[[[[[[[[[[[[[[  5b5b5b5b5b5b5b5b5b5b5b5b5b5b5b5b
       103  >>>>>>>>>>>>>>>>  3e3e3e3e3e3e3e3e3e3e3e3e3e3e3e3e
        84  ................  9f9f9f9f9f9f9f9f9f9f9f9f9f9f9f9f
        76  ::::::::::::::::  3a3a3a3a3a3a3a3a3a3a3a3a3a3a3a3a
# epoch 10260  H=7.4818 C=7.2208 HO=0.2610  A(t)=1221
       224  ================  3d3d3d3d3d3d3d3d3d3d3d3d3d3d3d3d
       209  <<<<<<<<<<<<<<<<  3c3c3c3c3c3c3c3c3c3c3c3c3c3c3c3c
       185  ,,,,,,,,,,,,,,,,  2c2c2c2c2c2c2c2c2c2c2c2c2c2c2c2c
       122  ::::::::::::::::  3a3a3a3a3a3a3a3a3a3a3a3a3a3a3a3a
       121  4444444444444444  34343434343434343434343434343434
       112  ;;;;;;;;;;;;;;;;  3b3b3b3b3b3b3b3b3b3b3b3b3b3b3b3b
       104  >>>>>>>>>>>>>>>>  3e3e3e3e3e3e3e3e3e3e3e3e3e3e3e3e
       100  ................  92929292929292929292929292929292
        98  [[[[[[[[[[[[[[[[  5b5b5b5b5b5b5b5b5b5b5b5b5b5b5b5b
        93  ????????????????  3f3f3f3f3f3f3f3f3f3f3f3f3f3f3f3f
# epoch 10280  H=7.4774 C=7.2173 HO=0.2601  A(t)=1223
       257  <<<<<<<<<<<<<<<<  3c3c3c3c3c3c3c3c3c3c3c3c3c3c3c3c
       214  ,,,,,,,,,,,,,,,,  2c2c2c2c2c2c2c2c2c2c2c2c2c2c2c2c
       193  ::::::::::::::::  3a3a3a3a3a3a3a3a3a3a3a3a3a3a3a3a
       186  ================  3d3d3d3d3d3d3d3d3d3d3d3d3d3d3d3d
       170  ;;;;;;;;;;;;;;;;  3b3b3b3b3b3b3b3b3b3b3b3b3b3b3b3b
       115  ????????????????  3f3f3f3f3f3f3f3f3f3f3f3f3f3f3f3f
       104  ................  92929292929292929292929292929292
        89  4444444444444444  34343434343434343434343434343434
        82  >>>>>>>>>>>>>>>>  3e3e3e3e3e3e3e3e3e3e3e3e3e3e3e3e
        77  [[[[[[[[[[[[[[[[  5b5b5b5b5b5b5b5b5b5b5b5b5b5b5b5b
# epoch 10300  H=7.4786 C=7.2163 HO=0.2623  A(t)=1224
       280  <<<<<<<<<<<<<<<<  3c3c3c3c3c3c3c3c3c3c3c3c3c3c3c3c
       241  ,,,,,,,,,,,,,,,,  2c2c2c2c2c2c2c2c2c2c2c2c2c2c2c2c
       234  ;;;;;;;;;;;;;;;;  3b3b3b3b3b3b3b3b3b3b3b3b3b3b3b3b
       220  ================  3d3d3d3d3d3d3d3d3d3d3d3d3d3d3d3d
       154  ::::::::::::::::  3a3a3a3a3a3a3a3a3a3a3a3a3a3a3a3a
       144  ????????????????  3f3f3f3f3f3f3f3f3f3f3f3f3f3f3f3f
       126  [[[[[[[[[[[[[[[[  5b5b5b5b5b5b5b5b5b5b5b5b5b5b5b5b
        99  6666666666666666  36363636363636363636363636363636
        91  >>>>>>>>>>>>>>>>  3e3e3e3e3e3e3e3e3e3e3e3e3e3e3e3e
        84  DDDDDDDDDDDDDDDD  44444444444444444444444444444444
# epoch 10320  H=7.4841 C=7.2164 HO=0.2678  A(t)=1224
       388  ,,,,,,,,,,,,,,,,  2c2c2c2c2c2c2c2c2c2c2c2c2c2c2c2c
       245  ;;;;;;;;;;;;;;;;  3b3b3b3b3b3b3b3b3b3b3b3b3b3b3b3b
       205  ================  3d3d3d3d3d3d3d3d3d3d3d3d3d3d3d3d
       179  <<<<<<<<<<<<<<<<  3c3c3c3c3c3c3c3c3c3c3c3c3c3c3c3c
       138  ????????????????  3f3f3f3f3f3f3f3f3f3f3f3f3f3f3f3f
       134  ::::::::::::::::  3a3a3a3a3a3a3a3a3a3a3a3a3a3a3a3a
       113  [[[[[[[[[[[[[[[[  5b5b5b5b5b5b5b5b5b5b5b5b5b5b5b5b
       102  ................  92929292929292929292929292929292
        86  >>>>>>>>>>>>>>>>  3e3e3e3e3e3e3e3e3e3e3e3e3e3e3e3e
        77  ................  17171717171717171717171717171717
# epoch 10340  H=7.4861 C=7.2098 HO=0.2763  A(t)=1224
       368  ,,,,,,,,,,,,,,,,  2c2c2c2c2c2c2c2c2c2c2c2c2c2c2c2c
       286  <<<<<<<<<<<<<<<<  3c3c3c3c3c3c3c3c3c3c3c3c3c3c3c3c
       189  ================  3d3d3d3d3d3d3d3d3d3d3d3d3d3d3d3d
       178  ;;;;;;;;;;;;;;;;  3b3b3b3b3b3b3b3b3b3b3b3b3b3b3b3b
       157  >>>>>>>>>>>>>>>>  3e3e3e3e3e3e3e3e3e3e3e3e3e3e3e3e
       154  ::::::::::::::::  3a3a3a3a3a3a3a3a3a3a3a3a3a3a3a3a
       117  ????????????????  3f3f3f3f3f3f3f3f3f3f3f3f3f3f3f3f
       113  [[[[[[[[[[[[[[[[  5b5b5b5b5b5b5b5b5b5b5b5b5b5b5b5b
        84  ................  06060606060606060606060606060606
        82  ................  92929292929292929292929292929292
# epoch 10360  H=7.4914 C=7.2150 HO=0.2764  A(t)=1224
       338  ,,,,,,,,,,,,,,,,  2c2c2c2c2c2c2c2c2c2c2c2c2c2c2c2c
       255  <<<<<<<<<<<<<<<<  3c3c3c3c3c3c3c3c3c3c3c3c3c3c3c3c
       166  ;;;;;;;;;;;;;;;;  3b3b3b3b3b3b3b3b3b3b3b3b3b3b3b3b
       156  ::::::::::::::::  3a3a3a3a3a3a3a3a3a3a3a3a3a3a3a3a
       155  ================  3d3d3d3d3d3d3d3d3d3d3d3d3d3d3d3d
       154  [[[[[[[[[[[[[[[[  5b5b5b5b5b5b5b5b5b5b5b5b5b5b5b5b
       146  >>>>>>>>>>>>>>>>  3e3e3e3e3e3e3e3e3e3e3e3e3e3e3e3e
       131  DDDDDDDDDDDDDDDD  44444444444444444444444444444444
       109  ................  1b1b1b1b1b1b1b1b1b1b1b1b1b1b1b1b
        78  ????????????????  3f3f3f3f3f3f3f3f3f3f3f3f3f3f3f3f
# epoch 10380  H=7.4902 C=7.2132 HO=0.2770  A(t)=1227
       270  ,,,,,,,,,,,,,,,,  2c2c2c2c2c2c2c2c2c2c2c2c2c2c2c2c
       249  <<<<<<<<<<<<<<<<  3c3c3c3c3c3c3c3c3c3c3c3c3c3c3c3c
       205  ::::::::::::::::  3a3a3a3a3a3a3a3a3a3a3a3a3a3a3a3a
       139  [[[[[[[[[[[[[[[[  5b5b5b5b5b5b5b5b5b5b5b5b5b5b5b5b
       134  ;;;;;;;;;;;;;;;;  3b3b3b3b3b3b3b3b3b3b3b3b3b3b3b3b
       132  ================  3d3d3d3d3d3d3d3d3d3d3d3d3d3d3d3d
       121  7777777777777777  37373737373737373737373737373737
       118  ****************  2a2a2a2a2a2a2a2a2a2a2a2a2a2a2a2a
       111  ////////////////  2f2f2f2f2f2f2f2f2f2f2f2f2f2f2f2f
       109  >>>>>>>>>>>>>>>>  3e3e3e3e3e3e3e3e3e3e3e3e3e3e3e3e
# epoch 10400  H=7.4879 C=7.2064 HO=0.2814  A(t)=1227
       268  ,,,,,,,,,,,,,,,,  2c2c2c2c2c2c2c2c2c2c2c2c2c2c2c2c
       228  ================  3d3d3d3d3d3d3d3d3d3d3d3d3d3d3d3d
       227  <<<<<<<<<<<<<<<<  3c3c3c3c3c3c3c3c3c3c3c3c3c3c3c3c
       219  ::::::::::::::::  3a3a3a3a3a3a3a3a3a3a3a3a3a3a3a3a
       174  ;;;;;;;;;;;;;;;;  3b3b3b3b3b3b3b3b3b3b3b3b3b3b3b3b
       165  >>>>>>>>>>>>>>>>  3e3e3e3e3e3e3e3e3e3e3e3e3e3e3e3e
       154  ****************  2a2a2a2a2a2a2a2a2a2a2a2a2a2a2a2a
       141  7777777777777777  37373737373737373737373737373737
       133  [[[[[[[[[[[[[[[[  5b5b5b5b5b5b5b5b5b5b5b5b5b5b5b5b
       128  ////////////////  2f2f2f2f2f2f2f2f2f2f2f2f2f2f2f2f
# epoch 10420  H=7.4878 C=7.2029 HO=0.2849  A(t)=1232
       251  ,,,,,,,,,,,,,,,,  2c2c2c2c2c2c2c2c2c2c2c2c2c2c2c2c
       241  ================  3d3d3d3d3d3d3d3d3d3d3d3d3d3d3d3d
       227  <<<<<<<<<<<<<<<<  3c3c3c3c3c3c3c3c3c3c3c3c3c3c3c3c
       188  ::::::::::::::::  3a3a3a3a3a3a3a3a3a3a3a3a3a3a3a3a
       165  ;;;;;;;;;;;;;;;;  3b3b3b3b3b3b3b3b3b3b3b3b3b3b3b3b
       139  ****************  2a2a2a2a2a2a2a2a2a2a2a2a2a2a2a2a
       120  7777777777777777  37373737373737373737373737373737
       114  >>>>>>>>>>>>>>>>  3e3e3e3e3e3e3e3e3e3e3e3e3e3e3e3e
       113  [[[[[[[[[[[[[[[[  5b5b5b5b5b5b5b5b5b5b5b5b5b5b5b5b
       111  ................  1b1b1b1b1b1b1b1b1b1b1b1b1b1b1b1b
# epoch 10440  H=7.4870 C=7.1963 HO=0.2907  A(t)=1232
       351  ================  3d3d3d3d3d3d3d3d3d3d3d3d3d3d3d3d
       260  <<<<<<<<<<<<<<<<  3c3c3c3c3c3c3c3c3c3c3c3c3c3c3c3c
       250  ,,,,,,,,,,,,,,,,  2c2c2c2c2c2c2c2c2c2c2c2c2c2c2c2c
       196  >>>>>>>>>>>>>>>>  3e3e3e3e3e3e3e3e3e3e3e3e3e3e3e3e
       195  ;;;;;;;;;;;;;;;;  3b3b3b3b3b3b3b3b3b3b3b3b3b3b3b3b
       179  [[[[[[[[[[[[[[[[  5b5b5b5b5b5b5b5b5b5b5b5b5b5b5b5b
       143  ::::::::::::::::  3a3a3a3a3a3a3a3a3a3a3a3a3a3a3a3a
       135  ****************  2a2a2a2a2a2a2a2a2a2a2a2a2a2a2a2a
       122  1111111111111111  31313131313131313131313131313131
       107  ................  1b1b1b1b1b1b1b1b1b1b1b1b1b1b1b1b
# epoch 10460  H=7.4850 C=7.1924 HO=0.2926  A(t)=1239
       347  ================  3d3d3d3d3d3d3d3d3d3d3d3d3d3d3d3d
       255  <<<<<<<<<<<<<<<<  3c3c3c3c3c3c3c3c3c3c3c3c3c3c3c3c
       221  ;;;;;;;;;;;;;;;;  3b3b3b3b3b3b3b3b3b3b3b3b3b3b3b3b
       216  ,,,,,,,,,,,,,,,,  2c2c2c2c2c2c2c2c2c2c2c2c2c2c2c2c
       209  >>>>>>>>>>>>>>>>  3e3e3e3e3e3e3e3e3e3e3e3e3e3e3e3e
       167  4444444444444444  34343434343434343434343434343434
       158  [[[[[[[[[[[[[[[[  5b5b5b5b5b5b5b5b5b5b5b5b5b5b5b5b
       137  ................  f3f3f3f3f3f3f3f3f3f3f3f3f3f3f3f3
       132  ::::::::::::::::  3a3a3a3a3a3a3a3a3a3a3a3a3a3a3a3a
       119  1111111111111111  31313131313131313131313131313131
# epoch 10480  H=7.4845 C=7.1909 HO=0.2936  A(t)=1241
       319  ================  3d3d3d3d3d3d3d3d3d3d3d3d3d3d3d3d
       259  <<<<<<<<<<<<<<<<  3c3c3c3c3c3c3c3c3c3c3c3c3c3c3c3c
       223  ,,,,,,,,,,,,,,,,  2c2c2c2c2c2c2c2c2c2c2c2c2c2c2c2c
       193  4444444444444444  34343434343434343434343434343434
       182  >>>>>>>>>>>>>>>>  3e3e3e3e3e3e3e3e3e3e3e3e3e3e3e3e
       182  ;;;;;;;;;;;;;;;;  3b3b3b3b3b3b3b3b3b3b3b3b3b3b3b3b
       170  [[[[[[[[[[[[[[[[  5b5b5b5b5b5b5b5b5b5b5b5b5b5b5b5b
       159  1111111111111111  31313131313131313131313131313131
       132  ::::::::::::::::  3a3a3a3a3a3a3a3a3a3a3a3a3a3a3a3a
       128  ................  f3f3f3f3f3f3f3f3f3f3f3f3f3f3f3f3
# epoch 10500  H=7.4815 C=7.1853 HO=0.2963  A(t)=1243
       233  ================  3d3d3d3d3d3d3d3d3d3d3d3d3d3d3d3d
       229  ,,,,,,,,,,,,,,,,  2c2c2c2c2c2c2c2c2c2c2c2c2c2c2c2c
       217  <<<<<<<<<<<<<<<<  3c3c3c3c3c3c3c3c3c3c3c3c3c3c3c3c
       182  >>>>>>>>>>>>>>>>  3e3e3e3e3e3e3e3e3e3e3e3e3e3e3e3e
       178  4444444444444444  34343434343434343434343434343434
       161  [[[[[[[[[[[[[[[[  5b5b5b5b5b5b5b5b5b5b5b5b5b5b5b5b
       150  ;;;;;;;;;;;;;;;;  3b3b3b3b3b3b3b3b3b3b3b3b3b3b3b3b
       142  ****************  2a2a2a2a2a2a2a2a2a2a2a2a2a2a2a2a
       138  ................  f3f3f3f3f3f3f3f3f3f3f3f3f3f3f3f3
       115  ::::::::::::::::  3a3a3a3a3a3a3a3a3a3a3a3a3a3a3a3a
# epoch 10520  H=7.4816 C=7.1813 HO=0.3003  A(t)=1245
       215  ,,,,,,,,,,,,,,,,  2c2c2c2c2c2c2c2c2c2c2c2c2c2c2c2c
       213  ================  3d3d3d3d3d3d3d3d3d3d3d3d3d3d3d3d
       207  <<<<<<<<<<<<<<<<  3c3c3c3c3c3c3c3c3c3c3c3c3c3c3c3c
       180  [[[[[[[[[[[[[[[[  5b5b5b5b5b5b5b5b5b5b5b5b5b5b5b5b
       176  4444444444444444  34343434343434343434343434343434
       161  ;;;;;;;;;;;;;;;;  3b3b3b3b3b3b3b3b3b3b3b3b3b3b3b3b
       142  ................  f3f3f3f3f3f3f3f3f3f3f3f3f3f3f3f3
       127  >>>>>>>>>>>>>>>>  3e3e3e3e3e3e3e3e3e3e3e3e3e3e3e3e
       126  ****************  2a2a2a2a2a2a2a2a2a2a2a2a2a2a2a2a
       108  ::::::::::::::::  3a3a3a3a3a3a3a3a3a3a3a3a3a3a3a3a
# epoch 10540  H=7.4812 C=7.1814 HO=0.2998  A(t)=1249
       252  ================  3d3d3d3d3d3d3d3d3d3d3d3d3d3d3d3d
       189  ,,,,,,,,,,,,,,,,  2c2c2c2c2c2c2c2c2c2c2c2c2c2c2c2c
       159  ::::::::::::::::  3a3a3a3a3a3a3a3a3a3a3a3a3a3a3a3a
       156  ****************  2a2a2a2a2a2a2a2a2a2a2a2a2a2a2a2a
       151  [[[[[[[[[[[[[[[[  5b5b5b5b5b5b5b5b5b5b5b5b5b5b5b5b
       151  4444444444444444  34343434343434343434343434343434
       145  ;;;;;;;;;;;;;;;;  3b3b3b3b3b3b3b3b3b3b3b3b3b3b3b3b
       139  <<<<<<<<<<<<<<<<  3c3c3c3c3c3c3c3c3c3c3c3c3c3c3c3c
       115  DDDDDDDDDDDDDDDD  44444444444444444444444444444444
       107  ................  f3f3f3f3f3f3f3f3f3f3f3f3f3f3f3f3
# epoch 10560  H=7.4808 C=7.1792 HO=0.3017  A(t)=1253
       220  ================  3d3d3d3d3d3d3d3d3d3d3d3d3d3d3d3d
       192  ;;;;;;;;;;;;;;;;  3b3b3b3b3b3b3b3b3b3b3b3b3b3b3b3b
       178  ,,,,,,,,,,,,,,,,  2c2c2c2c2c2c2c2c2c2c2c2c2c2c2c2c
       171  ::::::::::::::::  3a3a3a3a3a3a3a3a3a3a3a3a3a3a3a3a
       160  <<<<<<<<<<<<<<<<  3c3c3c3c3c3c3c3c3c3c3c3c3c3c3c3c
       142  4444444444444444  34343434343434343434343434343434
       120  ****************  2a2a2a2a2a2a2a2a2a2a2a2a2a2a2a2a
       119  ffffffffffffffff  66666666666666666666666666666666
       110  8888888888888888  38383838383838383838383838383838
       105  [[[[[[[[[[[[[[[[  5b5b5b5b5b5b5b5b5b5b5b5b5b5b5b5b
# epoch 10580  H=7.4817 C=7.1775 HO=0.3042  A(t)=1255
       317  ================  3d3d3d3d3d3d3d3d3d3d3d3d3d3d3d3d
       235  ,,,,,,,,,,,,,,,,  2c2c2c2c2c2c2c2c2c2c2c2c2c2c2c2c
       219  ;;;;;;;;;;;;;;;;  3b3b3b3b3b3b3b3b3b3b3b3b3b3b3b3b
       181  [[[[[[[[[[[[[[[[  5b5b5b5b5b5b5b5b5b5b5b5b5b5b5b5b
       166  <<<<<<<<<<<<<<<<  3c3c3c3c3c3c3c3c3c3c3c3c3c3c3c3c
       140  ::::::::::::::::  3a3a3a3a3a3a3a3a3a3a3a3a3a3a3a3a
       140  4444444444444444  34343434343434343434343434343434
       120  ****************  2a2a2a2a2a2a2a2a2a2a2a2a2a2a2a2a
       100  ????????????????  3f3f3f3f3f3f3f3f3f3f3f3f3f3f3f3f
        98  DDDDDDDDDDDDDDDD  44444444444444444444444444444444
# epoch 10600  H=7.4808 C=7.1769 HO=0.3039  A(t)=1257
       320  ================  3d3d3d3d3d3d3d3d3d3d3d3d3d3d3d3d
       261  [[[[[[[[[[[[[[[[  5b5b5b5b5b5b5b5b5b5b5b5b5b5b5b5b
       203  ,,,,,,,,,,,,,,,,  2c2c2c2c2c2c2c2c2c2c2c2c2c2c2c2c
       192  ;;;;;;;;;;;;;;;;  3b3b3b3b3b3b3b3b3b3b3b3b3b3b3b3b
       175  8888888888888888  38383838383838383838383838383838
       169  <<<<<<<<<<<<<<<<  3c3c3c3c3c3c3c3c3c3c3c3c3c3c3c3c
       141  ****************  2a2a2a2a2a2a2a2a2a2a2a2a2a2a2a2a
       126  ::::::::::::::::  3a3a3a3a3a3a3a3a3a3a3a3a3a3a3a3a
       125  4444444444444444  34343434343434343434343434343434
       108  ................  2e2e2e2e2e2e2e2e2e2e2e2e2e2e2e2e
# epoch 10620  H=7.4752 C=7.1661 HO=0.3090  A(t)=1257
       336  ================  3d3d3d3d3d3d3d3d3d3d3d3d3d3d3d3d
       265  [[[[[[[[[[[[[[[[  5b5b5b5b5b5b5b5b5b5b5b5b5b5b5b5b
       228  ,,,,,,,,,,,,,,,,  2c2c2c2c2c2c2c2c2c2c2c2c2c2c2c2c
       175  ::::::::::::::::  3a3a3a3a3a3a3a3a3a3a3a3a3a3a3a3a
       152  ;;;;;;;;;;;;;;;;  3b3b3b3b3b3b3b3b3b3b3b3b3b3b3b3b
       151  8888888888888888  38383838383838383838383838383838
       139  <<<<<<<<<<<<<<<<  3c3c3c3c3c3c3c3c3c3c3c3c3c3c3c3c
       117  4444444444444444  34343434343434343434343434343434
       110  DDDDDDDDDDDDDDDD  44444444444444444444444444444444
        99  ****************  2a2a2a2a2a2a2a2a2a2a2a2a2a2a2a2a
# epoch 10640  H=7.4746 C=7.1694 HO=0.3053  A(t)=1257
       285  ================  3d3d3d3d3d3d3d3d3d3d3d3d3d3d3d3d
       204  [[[[[[[[[[[[[[[[  5b5b5b5b5b5b5b5b5b5b5b5b5b5b5b5b
       200  ,,,,,,,,,,,,,,,,  2c2c2c2c2c2c2c2c2c2c2c2c2c2c2c2c
       198  <<<<<<<<<<<<<<<<  3c3c3c3c3c3c3c3c3c3c3c3c3c3c3c3c
       156  ::::::::::::::::  3a3a3a3a3a3a3a3a3a3a3a3a3a3a3a3a
       133  >>>>>>>>>>>>>>>>  3e3e3e3e3e3e3e3e3e3e3e3e3e3e3e3e
       129  ;;;;;;;;;;;;;;;;  3b3b3b3b3b3b3b3b3b3b3b3b3b3b3b3b
       128  8888888888888888  38383838383838383838383838383838
       115  ................  9f9f9f9f9f9f9f9f9f9f9f9f9f9f9f9f
       105  4444444444444444  34343434343434343434343434343434
# epoch 10660  H=7.4767 C=7.1699 HO=0.3068  A(t)=1259
       243  ================  3d3d3d3d3d3d3d3d3d3d3d3d3d3d3d3d
       177  [[[[[[[[[[[[[[[[  5b5b5b5b5b5b5b5b5b5b5b5b5b5b5b5b
       176  <<<<<<<<<<<<<<<<  3c3c3c3c3c3c3c3c3c3c3c3c3c3c3c3c
       164  ,,,,,,,,,,,,,,,,  2c2c2c2c2c2c2c2c2c2c2c2c2c2c2c2c
       138  ::::::::::::::::  3a3a3a3a3a3a3a3a3a3a3a3a3a3a3a3a
       126  8888888888888888  38383838383838383838383838383838
       120  ................  b5b5b5b5b5b5b5b5b5b5b5b5b5b5b5b5
       104  ;;;;;;;;;;;;;;;;  3b3b3b3b3b3b3b3b3b3b3b3b3b3b3b3b
       100  4444444444444444  34343434343434343434343434343434
        97  >>>>>>>>>>>>>>>>  3e3e3e3e3e3e3e3e3e3e3e3e3e3e3e3e
# epoch 10680  H=7.4745 C=7.1664 HO=0.3081  A(t)=1261
       259  ================  3d3d3d3d3d3d3d3d3d3d3d3d3d3d3d3d
       215  <<<<<<<<<<<<<<<<  3c3c3c3c3c3c3c3c3c3c3c3c3c3c3c3c
       173  [[[[[[[[[[[[[[[[  5b5b5b5b5b5b5b5b5b5b5b5b5b5b5b5b
       172  ,,,,,,,,,,,,,,,,  2c2c2c2c2c2c2c2c2c2c2c2c2c2c2c2c
       128  8888888888888888  38383838383838383838383838383838
       119  ::::::::::::::::  3a3a3a3a3a3a3a3a3a3a3a3a3a3a3a3a
       111  ................  e7e7e7e7e7e7e7e7e7e7e7e7e7e7e7e7
       107  ................  b5b5b5b5b5b5b5b5b5b5b5b5b5b5b5b5
       102  >>>>>>>>>>>>>>>>  3e3e3e3e3e3e3e3e3e3e3e3e3e3e3e3e
        95  FFFFFFFFFFFFFFFF  46464646464646464646464646464646
# epoch 10700  H=7.4704 C=7.1685 HO=0.3020  A(t)=1263
       236  <<<<<<<<<<<<<<<<  3c3c3c3c3c3c3c3c3c3c3c3c3c3c3c3c
       233  ================  3d3d3d3d3d3d3d3d3d3d3d3d3d3d3d3d
       160  ,,,,,,,,,,,,,,,,  2c2c2c2c2c2c2c2c2c2c2c2c2c2c2c2c
       155  [[[[[[[[[[[[[[[[  5b5b5b5b5b5b5b5b5b5b5b5b5b5b5b5b
       119  8888888888888888  38383838383838383838383838383838
       118  ::::::::::::::::  3a3a3a3a3a3a3a3a3a3a3a3a3a3a3a3a
       106  ................  b5b5b5b5b5b5b5b5b5b5b5b5b5b5b5b5
       103  ????????????????  3f3f3f3f3f3f3f3f3f3f3f3f3f3f3f3f
        99  ................  e7e7e7e7e7e7e7e7e7e7e7e7e7e7e7e7
        92  >>>>>>>>>>>>>>>>  3e3e3e3e3e3e3e3e3e3e3e3e3e3e3e3e
# epoch 10720  H=7.4692 C=7.1682 HO=0.3010  A(t)=1268
       246  <<<<<<<<<<<<<<<<  3c3c3c3c3c3c3c3c3c3c3c3c3c3c3c3c
       223  ================  3d3d3d3d3d3d3d3d3d3d3d3d3d3d3d3d
       142  >>>>>>>>>>>>>>>>  3e3e3e3e3e3e3e3e3e3e3e3e3e3e3e3e
       139  ,,,,,,,,,,,,,,,,  2c2c2c2c2c2c2c2c2c2c2c2c2c2c2c2c
       130  [[[[[[[[[[[[[[[[  5b5b5b5b5b5b5b5b5b5b5b5b5b5b5b5b
       116  2222222222222222  32323232323232323232323232323232
       111  8888888888888888  38383838383838383838383838383838
       104  ;;;;;;;;;;;;;;;;  3b3b3b3b3b3b3b3b3b3b3b3b3b3b3b3b
        96  ................  b5b5b5b5b5b5b5b5b5b5b5b5b5b5b5b5
        87  ////////////////  2f2f2f2f2f2f2f2f2f2f2f2f2f2f2f2f
# epoch 10740  H=7.4720 C=7.1631 HO=0.3089  A(t)=1270
       248  ================  3d3d3d3d3d3d3d3d3d3d3d3d3d3d3d3d
       192  <<<<<<<<<<<<<<<<  3c3c3c3c3c3c3c3c3c3c3c3c3c3c3c3c
       161  ;;;;;;;;;;;;;;;;  3b3b3b3b3b3b3b3b3b3b3b3b3b3b3b3b
       159  ,,,,,,,,,,,,,,,,  2c2c2c2c2c2c2c2c2c2c2c2c2c2c2c2c
       136  >>>>>>>>>>>>>>>>  3e3e3e3e3e3e3e3e3e3e3e3e3e3e3e3e
       118  ////////////////  2f2f2f2f2f2f2f2f2f2f2f2f2f2f2f2f
       115  ................  01010101010101010101010101010101
       113  HHHHHHHHHHHHHHHH  48484848484848484848484848484848
       112  [[[[[[[[[[[[[[[[  5b5b5b5b5b5b5b5b5b5b5b5b5b5b5b5b
        94  ................  2e2e2e2e2e2e2e2e2e2e2e2e2e2e2e2e
# epoch 10760  H=7.4745 C=7.1689 HO=0.3057  A(t)=1272
       306  ================  3d3d3d3d3d3d3d3d3d3d3d3d3d3d3d3d
       187  <<<<<<<<<<<<<<<<  3c3c3c3c3c3c3c3c3c3c3c3c3c3c3c3c
       158  [[[[[[[[[[[[[[[[  5b5b5b5b5b5b5b5b5b5b5b5b5b5b5b5b
       146  ;;;;;;;;;;;;;;;;  3b3b3b3b3b3b3b3b3b3b3b3b3b3b3b3b
       130  ,,,,,,,,,,,,,,,,  2c2c2c2c2c2c2c2c2c2c2c2c2c2c2c2c
       127  >>>>>>>>>>>>>>>>  3e3e3e3e3e3e3e3e3e3e3e3e3e3e3e3e
       117  ////////////////  2f2f2f2f2f2f2f2f2f2f2f2f2f2f2f2f
       106  ................  01010101010101010101010101010101
       102  7777777777777777  37373737373737373737373737373737
        98  HHHHHHHHHHHHHHHH  48484848484848484848484848484848
# epoch 10780  H=7.4764 C=7.1761 HO=0.3003  A(t)=1281
       228  ================  3d3d3d3d3d3d3d3d3d3d3d3d3d3d3d3d
       178  <<<<<<<<<<<<<<<<  3c3c3c3c3c3c3c3c3c3c3c3c3c3c3c3c
       133  >>>>>>>>>>>>>>>>  3e3e3e3e3e3e3e3e3e3e3e3e3e3e3e3e
       125  ;;;;;;;;;;;;;;;;  3b3b3b3b3b3b3b3b3b3b3b3b3b3b3b3b
       125  2222222222222222  32323232323232323232323232323232
       111  ,,,,,,,,,,,,,,,,  2c2c2c2c2c2c2c2c2c2c2c2c2c2c2c2c
       102  [[[[[[[[[[[[[[[[  5b5b5b5b5b5b5b5b5b5b5b5b5b5b5b5b
        95  ////////////////  2f2f2f2f2f2f2f2f2f2f2f2f2f2f2f2f
        86  7777777777777777  37373737373737373737373737373737
        71  8888888888888888  38383838383838383838383838383838
# epoch 10800  H=7.4722 C=7.1745 HO=0.2977  A(t)=1285
       227  <<<<<<<<<<<<<<<<  3c3c3c3c3c3c3c3c3c3c3c3c3c3c3c3c
       205  ,,,,,,,,,,,,,,,,  2c2c2c2c2c2c2c2c2c2c2c2c2c2c2c2c
       194  ================  3d3d3d3d3d3d3d3d3d3d3d3d3d3d3d3d
       151  ;;;;;;;;;;;;;;;;  3b3b3b3b3b3b3b3b3b3b3b3b3b3b3b3b
       129  7777777777777777  37373737373737373737373737373737
       127  >>>>>>>>>>>>>>>>  3e3e3e3e3e3e3e3e3e3e3e3e3e3e3e3e
       104  2222222222222222  32323232323232323232323232323232
        95  ................  2e2e2e2e2e2e2e2e2e2e2e2e2e2e2e2e
        81  [[[[[[[[[[[[[[[[  5b5b5b5b5b5b5b5b5b5b5b5b5b5b5b5b
        73  ////////////////  2f2f2f2f2f2f2f2f2f2f2f2f2f2f2f2f
# epoch 10820  H=7.4713 C=7.1754 HO=0.2959  A(t)=1287
       212  <<<<<<<<<<<<<<<<  3c3c3c3c3c3c3c3c3c3c3c3c3c3c3c3c
       179  ================  3d3d3d3d3d3d3d3d3d3d3d3d3d3d3d3d
       178  ,,,,,,,,,,,,,,,,  2c2c2c2c2c2c2c2c2c2c2c2c2c2c2c2c
       141  ::::::::::::::::  3a3a3a3a3a3a3a3a3a3a3a3a3a3a3a3a
       124  ;;;;;;;;;;;;;;;;  3b3b3b3b3b3b3b3b3b3b3b3b3b3b3b3b
       114  7777777777777777  37373737373737373737373737373737
       107  {{{{{{{{{{{{{{{{  7b7b7b7b7b7b7b7b7b7b7b7b7b7b7b7b
       107  [[[[[[[[[[[[[[[[  5b5b5b5b5b5b5b5b5b5b5b5b5b5b5b5b
       104  2222222222222222  32323232323232323232323232323232
       100  >>>>>>>>>>>>>>>>  3e3e3e3e3e3e3e3e3e3e3e3e3e3e3e3e
# epoch 10840  H=7.4725 C=7.1763 HO=0.2963  A(t)=1287
       213  ================  3d3d3d3d3d3d3d3d3d3d3d3d3d3d3d3d
       209  ::::::::::::::::  3a3a3a3a3a3a3a3a3a3a3a3a3a3a3a3a
       180  <<<<<<<<<<<<<<<<  3c3c3c3c3c3c3c3c3c3c3c3c3c3c3c3c
       179  ,,,,,,,,,,,,,,,,  2c2c2c2c2c2c2c2c2c2c2c2c2c2c2c2c
       116  ;;;;;;;;;;;;;;;;  3b3b3b3b3b3b3b3b3b3b3b3b3b3b3b3b
       111  7777777777777777  37373737373737373737373737373737
       104  {{{{{{{{{{{{{{{{  7b7b7b7b7b7b7b7b7b7b7b7b7b7b7b7b
       104  2222222222222222  32323232323232323232323232323232
        89  ................  01010101010101010101010101010101
        85  ................  92929292929292929292929292929292
# epoch 10860  H=7.4715 C=7.1803 HO=0.2912  A(t)=1287
       200  <<<<<<<<<<<<<<<<  3c3c3c3c3c3c3c3c3c3c3c3c3c3c3c3c
       186  ::::::::::::::::  3a3a3a3a3a3a3a3a3a3a3a3a3a3a3a3a
       169  ================  3d3d3d3d3d3d3d3d3d3d3d3d3d3d3d3d
       162  ,,,,,,,,,,,,,,,,  2c2c2c2c2c2c2c2c2c2c2c2c2c2c2c2c
       116  [[[[[[[[[[[[[[[[  5b5b5b5b5b5b5b5b5b5b5b5b5b5b5b5b
       112  ;;;;;;;;;;;;;;;;  3b3b3b3b3b3b3b3b3b3b3b3b3b3b3b3b
       111  7777777777777777  37373737373737373737373737373737
       105  9999999999999999  39393939393939393939393939393939
       102  ................  2e2e2e2e2e2e2e2e2e2e2e2e2e2e2e2e
        91  2222222222222222  32323232323232323232323232323232
# epoch 10880  H=7.4707 C=7.1767 HO=0.2940  A(t)=1288
       240  <<<<<<<<<<<<<<<<  3c3c3c3c3c3c3c3c3c3c3c3c3c3c3c3c
       198  ;;;;;;;;;;;;;;;;  3b3b3b3b3b3b3b3b3b3b3b3b3b3b3b3b
       166  ::::::::::::::::  3a3a3a3a3a3a3a3a3a3a3a3a3a3a3a3a
       150  ================  3d3d3d3d3d3d3d3d3d3d3d3d3d3d3d3d
       138  9999999999999999  39393939393939393939393939393939
       125  ,,,,,,,,,,,,,,,,  2c2c2c2c2c2c2c2c2c2c2c2c2c2c2c2c
       122  [[[[[[[[[[[[[[[[  5b5b5b5b5b5b5b5b5b5b5b5b5b5b5b5b
       106  1111111111111111  31313131313131313131313131313131
       100  ................  edededededededededededededededed
        99  ................  2e2e2e2e2e2e2e2e2e2e2e2e2e2e2e2e
# epoch 10900  H=7.4717 C=7.1743 HO=0.2974  A(t)=1290
       189  ;;;;;;;;;;;;;;;;  3b3b3b3b3b3b3b3b3b3b3b3b3b3b3b3b
       183  ================  3d3d3d3d3d3d3d3d3d3d3d3d3d3d3d3d
       183  ::::::::::::::::  3a3a3a3a3a3a3a3a3a3a3a3a3a3a3a3a
       180  [[[[[[[[[[[[[[[[  5b5b5b5b5b5b5b5b5b5b5b5b5b5b5b5b
       168  <<<<<<<<<<<<<<<<  3c3c3c3c3c3c3c3c3c3c3c3c3c3c3c3c
       129  9999999999999999  39393939393939393939393939393939
        98  1111111111111111  31313131313131313131313131313131
        96  ................  2e2e2e2e2e2e2e2e2e2e2e2e2e2e2e2e
        94  ................  94949494949494949494949494949494
        90  ................  edededededededededededededededed
# epoch 10920  H=7.4708 C=7.1682 HO=0.3025  A(t)=1292
       201  ;;;;;;;;;;;;;;;;  3b3b3b3b3b3b3b3b3b3b3b3b3b3b3b3b
       160  <<<<<<<<<<<<<<<<  3c3c3c3c3c3c3c3c3c3c3c3c3c3c3c3c
       153  ::::::::::::::::  3a3a3a3a3a3a3a3a3a3a3a3a3a3a3a3a
       139  ================  3d3d3d3d3d3d3d3d3d3d3d3d3d3d3d3d
       133  9999999999999999  39393939393939393939393939393939
       129  [[[[[[[[[[[[[[[[  5b5b5b5b5b5b5b5b5b5b5b5b5b5b5b5b
       114  ,,,,,,,,,,,,,,,,  2c2c2c2c2c2c2c2c2c2c2c2c2c2c2c2c
       110  ................  01010101010101010101010101010101
        93  1111111111111111  31313131313131313131313131313131
        90  6666666666666666  36363636363636363636363636363636
# epoch 10940  H=7.4767 C=7.1735 HO=0.3032  A(t)=1294
       211  ;;;;;;;;;;;;;;;;  3b3b3b3b3b3b3b3b3b3b3b3b3b3b3b3b
       184  <<<<<<<<<<<<<<<<  3c3c3c3c3c3c3c3c3c3c3c3c3c3c3c3c
       164  ================  3d3d3d3d3d3d3d3d3d3d3d3d3d3d3d3d
       155  ,,,,,,,,,,,,,,,,  2c2c2c2c2c2c2c2c2c2c2c2c2c2c2c2c
       140  ::::::::::::::::  3a3a3a3a3a3a3a3a3a3a3a3a3a3a3a3a
       124  9999999999999999  39393939393939393939393939393939
       119  6666666666666666  36363636363636363636363636363636
       109  [[[[[[[[[[[[[[[[  5b5b5b5b5b5b5b5b5b5b5b5b5b5b5b5b
       104  ................  01010101010101010101010101010101
        93  DDDDDDDDDDDDDDDD  44444444444444444444444444444444
# epoch 10960  H=7.4772 C=7.1795 HO=0.2977  A(t)=1298
       190  ;;;;;;;;;;;;;;;;  3b3b3b3b3b3b3b3b3b3b3b3b3b3b3b3b
       190  ,,,,,,,,,,,,,,,,  2c2c2c2c2c2c2c2c2c2c2c2c2c2c2c2c
       145  ================  3d3d3d3d3d3d3d3d3d3d3d3d3d3d3d3d
       133  ::::::::::::::::  3a3a3a3a3a3a3a3a3a3a3a3a3a3a3a3a
       129  6666666666666666  36363636363636363636363636363636
       126  <<<<<<<<<<<<<<<<  3c3c3c3c3c3c3c3c3c3c3c3c3c3c3c3c
       120  DDDDDDDDDDDDDDDD  44444444444444444444444444444444
       104  [[[[[[[[[[[[[[[[  5b5b5b5b5b5b5b5b5b5b5b5b5b5b5b5b
        94  ................  01010101010101010101010101010101
        81  >>>>>>>>>>>>>>>>  3e3e3e3e3e3e3e3e3e3e3e3e3e3e3e3e
# epoch 10980  H=7.4783 C=7.1768 HO=0.3015  A(t)=1304
       219  ;;;;;;;;;;;;;;;;  3b3b3b3b3b3b3b3b3b3b3b3b3b3b3b3b
       209  ================  3d3d3d3d3d3d3d3d3d3d3d3d3d3d3d3d
       205  ::::::::::::::::  3a3a3a3a3a3a3a3a3a3a3a3a3a3a3a3a
       178  ,,,,,,,,,,,,,,,,  2c2c2c2c2c2c2c2c2c2c2c2c2c2c2c2c
       169  >>>>>>>>>>>>>>>>  3e3e3e3e3e3e3e3e3e3e3e3e3e3e3e3e
       136  6666666666666666  36363636363636363636363636363636
       104  DDDDDDDDDDDDDDDD  44444444444444444444444444444444
        89  ................  01010101010101010101010101010101
        81  ................  dcdcdcdcdcdcdcdcdcdcdcdcdcdcdcdc
        78  <<<<<<<<<<<<<<<<  3c3c3c3c3c3c3c3c3c3c3c3c3c3c3c3c
# epoch 11000  H=7.4774 C=7.1799 HO=0.2975  A(t)=1306
       212  [[[[[[[[[[[[[[[[  5b5b5b5b5b5b5b5b5b5b5b5b5b5b5b5b
       191  ,,,,,,,,,,,,,,,,  2c2c2c2c2c2c2c2c2c2c2c2c2c2c2c2c
       182  ;;;;;;;;;;;;;;;;  3b3b3b3b3b3b3b3b3b3b3b3b3b3b3b3b
       177  ================  3d3d3d3d3d3d3d3d3d3d3d3d3d3d3d3d
       171  ::::::::::::::::  3a3a3a3a3a3a3a3a3a3a3a3a3a3a3a3a
       122  >>>>>>>>>>>>>>>>  3e3e3e3e3e3e3e3e3e3e3e3e3e3e3e3e
       121  6666666666666666  36363636363636363636363636363636
       114  ????????????????  3f3f3f3f3f3f3f3f3f3f3f3f3f3f3f3f
       108  ................  dcdcdcdcdcdcdcdcdcdcdcdcdcdcdcdc
       103  ----------------  2d2d2d2d2d2d2d2d2d2d2d2d2d2d2d2d
# epoch 11020  H=7.4762 C=7.1746 HO=0.3016  A(t)=1306
       232  [[[[[[[[[[[[[[[[  5b5b5b5b5b5b5b5b5b5b5b5b5b5b5b5b
       188  ::::::::::::::::  3a3a3a3a3a3a3a3a3a3a3a3a3a3a3a3a
       178  ;;;;;;;;;;;;;;;;  3b3b3b3b3b3b3b3b3b3b3b3b3b3b3b3b
       173  ,,,,,,,,,,,,,,,,  2c2c2c2c2c2c2c2c2c2c2c2c2c2c2c2c
       151  ================  3d3d3d3d3d3d3d3d3d3d3d3d3d3d3d3d
       127  6666666666666666  36363636363636363636363636363636
       121  >>>>>>>>>>>>>>>>  3e3e3e3e3e3e3e3e3e3e3e3e3e3e3e3e
       106  ????????????????  3f3f3f3f3f3f3f3f3f3f3f3f3f3f3f3f
       100  ----------------  2d2d2d2d2d2d2d2d2d2d2d2d2d2d2d2d
        97  5555555555555555  35353535353535353535353535353535
# epoch 11040  H=7.4761 C=7.1739 HO=0.3022  A(t)=1306
       206  [[[[[[[[[[[[[[[[  5b5b5b5b5b5b5b5b5b5b5b5b5b5b5b5b
       201  ;;;;;;;;;;;;;;;;  3b3b3b3b3b3b3b3b3b3b3b3b3b3b3b3b
       165  ,,,,,,,,,,,,,,,,  2c2c2c2c2c2c2c2c2c2c2c2c2c2c2c2c
       164  ::::::::::::::::  3a3a3a3a3a3a3a3a3a3a3a3a3a3a3a3a
       158  DDDDDDDDDDDDDDDD  44444444444444444444444444444444
       137  8888888888888888  38383838383838383838383838383838
       124  ================  3d3d3d3d3d3d3d3d3d3d3d3d3d3d3d3d
       116  5555555555555555  35353535353535353535353535353535
       111  >>>>>>>>>>>>>>>>  3e3e3e3e3e3e3e3e3e3e3e3e3e3e3e3e
       109  6666666666666666  36363636363636363636363636363636
# epoch 11060  H=7.4761 C=7.1704 HO=0.3058  A(t)=1310
       310  ;;;;;;;;;;;;;;;;  3b3b3b3b3b3b3b3b3b3b3b3b3b3b3b3b
       222  <<<<<<<<<<<<<<<<  3c3c3c3c3c3c3c3c3c3c3c3c3c3c3c3c
       195  [[[[[[[[[[[[[[[[  5b5b5b5b5b5b5b5b5b5b5b5b5b5b5b5b
       184  ,,,,,,,,,,,,,,,,  2c2c2c2c2c2c2c2c2c2c2c2c2c2c2c2c
       145  DDDDDDDDDDDDDDDD  44444444444444444444444444444444
       135  ::::::::::::::::  3a3a3a3a3a3a3a3a3a3a3a3a3a3a3a3a
       124  ................  01010101010101010101010101010101
       114  ================  3d3d3d3d3d3d3d3d3d3d3d3d3d3d3d3d
       110  8888888888888888  38383838383838383838383838383838
        98  >>>>>>>>>>>>>>>>  3e3e3e3e3e3e3e3e3e3e3e3e3e3e3e3e
# epoch 11080  H=7.4803 C=7.1686 HO=0.3117  A(t)=1310
       313  ;;;;;;;;;;;;;;;;  3b3b3b3b3b3b3b3b3b3b3b3b3b3b3b3b
       251  [[[[[[[[[[[[[[[[  5b5b5b5b5b5b5b5b5b5b5b5b5b5b5b5b
       196  <<<<<<<<<<<<<<<<  3c3c3c3c3c3c3c3c3c3c3c3c3c3c3c3c
       176  ,,,,,,,,,,,,,,,,  2c2c2c2c2c2c2c2c2c2c2c2c2c2c2c2c
       120  6666666666666666  36363636363636363636363636363636
       116  DDDDDDDDDDDDDDDD  44444444444444444444444444444444
       114  ::::::::::::::::  3a3a3a3a3a3a3a3a3a3a3a3a3a3a3a3a
       113  ................  01010101010101010101010101010101
        95  7777777777777777  37373737373737373737373737373737
        93  ????????????????  3f3f3f3f3f3f3f3f3f3f3f3f3f3f3f3f
# epoch 11100  H=7.4813 C=7.1663 HO=0.3150  A(t)=1310
       314  ;;;;;;;;;;;;;;;;  3b3b3b3b3b3b3b3b3b3b3b3b3b3b3b3b
       268  <<<<<<<<<<<<<<<<  3c3c3c3c3c3c3c3c3c3c3c3c3c3c3c3c
       214  [[[[[[[[[[[[[[[[  5b5b5b5b5b5b5b5b5b5b5b5b5b5b5b5b
       173  ,,,,,,,,,,,,,,,,  2c2c2c2c2c2c2c2c2c2c2c2c2c2c2c2c
       154  ::::::::::::::::  3a3a3a3a3a3a3a3a3a3a3a3a3a3a3a3a
       129  ................  04040404040404040404040404040404
       128  9999999999999999  39393939393939393939393939393939
       104  DDDDDDDDDDDDDDDD  44444444444444444444444444444444
       100  ................  01010101010101010101010101010101
        99  6666666666666666  36363636363636363636363636363636
# epoch 11120  H=7.4729 C=7.1614 HO=0.3115  A(t)=1312
       364  ;;;;;;;;;;;;;;;;  3b3b3b3b3b3b3b3b3b3b3b3b3b3b3b3b
       252  <<<<<<<<<<<<<<<<  3c3c3c3c3c3c3c3c3c3c3c3c3c3c3c3c
       204  ,,,,,,,,,,,,,,,,  2c2c2c2c2c2c2c2c2c2c2c2c2c2c2c2c
       172  ::::::::::::::::  3a3a3a3a3a3a3a3a3a3a3a3a3a3a3a3a
       170  [[[[[[[[[[[[[[[[  5b5b5b5b5b5b5b5b5b5b5b5b5b5b5b5b
       162  ????????????????  3f3f3f3f3f3f3f3f3f3f3f3f3f3f3f3f
       126  CCCCCCCCCCCCCCCC  43434343434343434343434343434343
       122  ================  3d3d3d3d3d3d3d3d3d3d3d3d3d3d3d3d
       113  9999999999999999  39393939393939393939393939393939
       111  ................  2e2e2e2e2e2e2e2e2e2e2e2e2e2e2e2e
# epoch 11140  H=7.4693 C=7.1546 HO=0.3148  A(t)=1312
       400  ;;;;;;;;;;;;;;;;  3b3b3b3b3b3b3b3b3b3b3b3b3b3b3b3b
       246  <<<<<<<<<<<<<<<<  3c3c3c3c3c3c3c3c3c3c3c3c3c3c3c3c
       224  ::::::::::::::::  3a3a3a3a3a3a3a3a3a3a3a3a3a3a3a3a
       206  ,,,,,,,,,,,,,,,,  2c2c2c2c2c2c2c2c2c2c2c2c2c2c2c2c
       182  [[[[[[[[[[[[[[[[  5b5b5b5b5b5b5b5b5b5b5b5b5b5b5b5b
       130  ????????????????  3f3f3f3f3f3f3f3f3f3f3f3f3f3f3f3f
       105  CCCCCCCCCCCCCCCC  43434343434343434343434343434343
        95  9999999999999999  39393939393939393939393939393939
        93  ================  3d3d3d3d3d3d3d3d3d3d3d3d3d3d3d3d
        89  ................  2e2e2e2e2e2e2e2e2e2e2e2e2e2e2e2e
# epoch 11160  H=7.4702 C=7.1574 HO=0.3128  A(t)=1312
       395  ;;;;;;;;;;;;;;;;  3b3b3b3b3b3b3b3b3b3b3b3b3b3b3b3b
       300  ,,,,,,,,,,,,,,,,  2c2c2c2c2c2c2c2c2c2c2c2c2c2c2c2c
       234  ::::::::::::::::  3a3a3a3a3a3a3a3a3a3a3a3a3a3a3a3a
       228  <<<<<<<<<<<<<<<<  3c3c3c3c3c3c3c3c3c3c3c3c3c3c3c3c
       130  [[[[[[[[[[[[[[[[  5b5b5b5b5b5b5b5b5b5b5b5b5b5b5b5b
       110  DDDDDDDDDDDDDDDD  44444444444444444444444444444444
       105  ????????????????  3f3f3f3f3f3f3f3f3f3f3f3f3f3f3f3f
        98  ################  23232323232323232323232323232323
        97  CCCCCCCCCCCCCCCC  43434343434343434343434343434343
        90  ----------------  2d2d2d2d2d2d2d2d2d2d2d2d2d2d2d2d
# epoch 11180  H=7.4703 C=7.1522 HO=0.3182  A(t)=1314
       310  ;;;;;;;;;;;;;;;;  3b3b3b3b3b3b3b3b3b3b3b3b3b3b3b3b
       266  ,,,,,,,,,,,,,,,,  2c2c2c2c2c2c2c2c2c2c2c2c2c2c2c2c
       231  <<<<<<<<<<<<<<<<  3c3c3c3c3c3c3c3c3c3c3c3c3c3c3c3c
       163  ::::::::::::::::  3a3a3a3a3a3a3a3a3a3a3a3a3a3a3a3a
       151  ????????????????  3f3f3f3f3f3f3f3f3f3f3f3f3f3f3f3f
       138  ################  23232323232323232323232323232323
       131  ================  3d3d3d3d3d3d3d3d3d3d3d3d3d3d3d3d
       119  [[[[[[[[[[[[[[[[  5b5b5b5b5b5b5b5b5b5b5b5b5b5b5b5b
       105  7777777777777777  37373737373737373737373737373737
       101  ****************  2a2a2a2a2a2a2a2a2a2a2a2a2a2a2a2a
# epoch 11200  H=7.4720 C=7.1523 HO=0.3197  A(t)=1316
       390  ;;;;;;;;;;;;;;;;  3b3b3b3b3b3b3b3b3b3b3b3b3b3b3b3b
       254  ,,,,,,,,,,,,,,,,  2c2c2c2c2c2c2c2c2c2c2c2c2c2c2c2c
       208  <<<<<<<<<<<<<<<<  3c3c3c3c3c3c3c3c3c3c3c3c3c3c3c3c
       165  ????????????????  3f3f3f3f3f3f3f3f3f3f3f3f3f3f3f3f
       153  ::::::::::::::::  3a3a3a3a3a3a3a3a3a3a3a3a3a3a3a3a
       152  [[[[[[[[[[[[[[[[  5b5b5b5b5b5b5b5b5b5b5b5b5b5b5b5b
       145  7777777777777777  37373737373737373737373737373737
       139  ================  3d3d3d3d3d3d3d3d3d3d3d3d3d3d3d3d
       113  ................  c7c7c7c7c7c7c7c7c7c7c7c7c7c7c7c7
       104  ................  2e2e2e2e2e2e2e2e2e2e2e2e2e2e2e2e
# epoch 11220  H=7.4711 C=7.1560 HO=0.3152  A(t)=1318
       311  ;;;;;;;;;;;;;;;;  3b3b3b3b3b3b3b3b3b3b3b3b3b3b3b3b
       259  ,,,,,,,,,,,,,,,,  2c2c2c2c2c2c2c2c2c2c2c2c2c2c2c2c
       190  <<<<<<<<<<<<<<<<  3c3c3c3c3c3c3c3c3c3c3c3c3c3c3c3c
       159  7777777777777777  37373737373737373737373737373737
       152  ================  3d3d3d3d3d3d3d3d3d3d3d3d3d3d3d3d
       142  [[[[[[[[[[[[[[[[  5b5b5b5b5b5b5b5b5b5b5b5b5b5b5b5b
       129  ::::::::::::::::  3a3a3a3a3a3a3a3a3a3a3a3a3a3a3a3a
       124  ????????????????  3f3f3f3f3f3f3f3f3f3f3f3f3f3f3f3f
       108  ................  01010101010101010101010101010101
       106  ................  81818181818181818181818181818181
# epoch 11240  H=7.4729 C=7.1642 HO=0.3087  A(t)=1318
       299  ;;;;;;;;;;;;;;;;  3b3b3b3b3b3b3b3b3b3b3b3b3b3b3b3b
       223  <<<<<<<<<<<<<<<<  3c3c3c3c3c3c3c3c3c3c3c3c3c3c3c3c
       199  ,,,,,,,,,,,,,,,,  2c2c2c2c2c2c2c2c2c2c2c2c2c2c2c2c
       171  7777777777777777  37373737373737373737373737373737
       146  ................  01010101010101010101010101010101
       140  ::::::::::::::::  3a3a3a3a3a3a3a3a3a3a3a3a3a3a3a3a
       137  [[[[[[[[[[[[[[[[  5b5b5b5b5b5b5b5b5b5b5b5b5b5b5b5b
       129  ================  3d3d3d3d3d3d3d3d3d3d3d3d3d3d3d3d
       119  ????????????????  3f3f3f3f3f3f3f3f3f3f3f3f3f3f3f3f
        99  ................  c7c7c7c7c7c7c7c7c7c7c7c7c7c7c7c7
# epoch 11260  H=7.4697 C=7.1501 HO=0.3197  A(t)=1318
       280  ,,,,,,,,,,,,,,,,  2c2c2c2c2c2c2c2c2c2c2c2c2c2c2c2c
       263  <<<<<<<<<<<<<<<<  3c3c3c3c3c3c3c3c3c3c3c3c3c3c3c3c
       253  ;;;;;;;;;;;;;;;;  3b3b3b3b3b3b3b3b3b3b3b3b3b3b3b3b
       192  ????????????????  3f3f3f3f3f3f3f3f3f3f3f3f3f3f3f3f
       182  ================  3d3d3d3d3d3d3d3d3d3d3d3d3d3d3d3d
       165  ................  fbfbfbfbfbfbfbfbfbfbfbfbfbfbfbfb
       134  ................  01010101010101010101010101010101
       123  7777777777777777  37373737373737373737373737373737
       123  ................  2e2e2e2e2e2e2e2e2e2e2e2e2e2e2e2e
       120  ::::::::::::::::  3a3a3a3a3a3a3a3a3a3a3a3a3a3a3a3a
# epoch 11280  H=7.4675 C=7.1516 HO=0.3160  A(t)=1318
       236  <<<<<<<<<<<<<<<<  3c3c3c3c3c3c3c3c3c3c3c3c3c3c3c3c
       233  ,,,,,,,,,,,,,,,,  2c2c2c2c2c2c2c2c2c2c2c2c2c2c2c2c
       228  ;;;;;;;;;;;;;;;;  3b3b3b3b3b3b3b3b3b3b3b3b3b3b3b3b
       197  ================  3d3d3d3d3d3d3d3d3d3d3d3d3d3d3d3d
       159  ................  fbfbfbfbfbfbfbfbfbfbfbfbfbfbfbfb
       159  @@@@@@@@@@@@@@@@  40404040404040404040404040404040
       143  ????????????????  3f3f3f3f3f3f3f3f3f3f3f3f3f3f3f3f
       143  7777777777777777  37373737373737373737373737373737
       103  ................  2e2e2e2e2e2e2e2e2e2e2e2e2e2e2e2e
       101  [[[[[[[[[[[[[[[[  5b5b5b5b5b5b5b5b5b5b5b5b5b5b5b5b
# epoch 11300  H=7.4698 C=7.1584 HO=0.3114  A(t)=1318
       239  ;;;;;;;;;;;;;;;;  3b3b3b3b3b3b3b3b3b3b3b3b3b3b3b3b
       230  ,,,,,,,,,,,,,,,,  2c2c2c2c2c2c2c2c2c2c2c2c2c2c2c2c
       185  ================  3d3d3d3d3d3d3d3d3d3d3d3d3d3d3d3d
       176  <<<<<<<<<<<<<<<<  3c3c3c3c3c3c3c3c3c3c3c3c3c3c3c3c
       136  7777777777777777  37373737373737373737373737373737
       125  ::::::::::::::::  3a3a3a3a3a3a3a3a3a3a3a3a3a3a3a3a
       123  @@@@@@@@@@@@@@@@  40404040404040404040404040404040
       123  ????????????????  3f3f3f3f3f3f3f3f3f3f3f3f3f3f3f3f
       114  ................  fbfbfbfbfbfbfbfbfbfbfbfbfbfbfbfb
       100  ................  07070707070707070707070707070707
# epoch 11320  H=7.4691 C=7.1587 HO=0.3104  A(t)=1318
       230  <<<<<<<<<<<<<<<<  3c3c3c3c3c3c3c3c3c3c3c3c3c3c3c3c
       214  ,,,,,,,,,,,,,,,,  2c2c2c2c2c2c2c2c2c2c2c2c2c2c2c2c
       209  ================  3d3d3d3d3d3d3d3d3d3d3d3d3d3d3d3d
       208  ;;;;;;;;;;;;;;;;  3b3b3b3b3b3b3b3b3b3b3b3b3b3b3b3b
       142  [[[[[[[[[[[[[[[[  5b5b5b5b5b5b5b5b5b5b5b5b5b5b5b5b
       125  ::::::::::::::::  3a3a3a3a3a3a3a3a3a3a3a3a3a3a3a3a
       111  ????????????????  3f3f3f3f3f3f3f3f3f3f3f3f3f3f3f3f
       108  @@@@@@@@@@@@@@@@  40404040404040404040404040404040
       105  ................  fbfbfbfbfbfbfbfbfbfbfbfbfbfbfbfb
       105  7777777777777777  37373737373737373737373737373737
# epoch 11340  H=7.4670 C=7.1535 HO=0.3135  A(t)=1319
       372  ;;;;;;;;;;;;;;;;  3b3b3b3b3b3b3b3b3b3b3b3b3b3b3b3b
       262  ,,,,,,,,,,,,,,,,  2c2c2c2c2c2c2c2c2c2c2c2c2c2c2c2c
       185  ================  3d3d3d3d3d3d3d3d3d3d3d3d3d3d3d3d
       180  @@@@@@@@@@@@@@@@  40404040404040404040404040404040
       155  <<<<<<<<<<<<<<<<  3c3c3c3c3c3c3c3c3c3c3c3c3c3c3c3c
       136  ................  07070707070707070707070707070707
       129  >>>>>>>>>>>>>>>>  3e3e3e3e3e3e3e3e3e3e3e3e3e3e3e3e
       120  [[[[[[[[[[[[[[[[  5b5b5b5b5b5b5b5b5b5b5b5b5b5b5b5b
       104  ::::::::::::::::  3a3a3a3a3a3a3a3a3a3a3a3a3a3a3a3a
       102  ................  fbfbfbfbfbfbfbfbfbfbfbfbfbfbfbfb
# epoch 11360  H=7.4649 C=7.1531 HO=0.3118  A(t)=1321
       293  ;;;;;;;;;;;;;;;;  3b3b3b3b3b3b3b3b3b3b3b3b3b3b3b3b
       252  ,,,,,,,,,,,,,,,,  2c2c2c2c2c2c2c2c2c2c2c2c2c2c2c2c
       228  ================  3d3d3d3d3d3d3d3d3d3d3d3d3d3d3d3d
       201  <<<<<<<<<<<<<<<<  3c3c3c3c3c3c3c3c3c3c3c3c3c3c3c3c
       160  @@@@@@@@@@@@@@@@  40404040404040404040404040404040
       151  ????????????????  3f3f3f3f3f3f3f3f3f3f3f3f3f3f3f3f
       148  [[[[[[[[[[[[[[[[  5b5b5b5b5b5b5b5b5b5b5b5b5b5b5b5b
       135  ................  a9a9a9a9a9a9a9a9a9a9a9a9a9a9a9a9
       127  >>>>>>>>>>>>>>>>  3e3e3e3e3e3e3e3e3e3e3e3e3e3e3e3e
       110  MMMMMMMMMMMMMMMM  4d4d4d4d4d4d4d4d4d4d4d4d4d4d4d4d
# epoch 11380  H=7.4629 C=7.1453 HO=0.3177  A(t)=1321
       296  ================  3d3d3d3d3d3d3d3d3d3d3d3d3d3d3d3d
       285  ;;;;;;;;;;;;;;;;  3b3b3b3b3b3b3b3b3b3b3b3b3b3b3b3b
       213  ,,,,,,,,,,,,,,,,  2c2c2c2c2c2c2c2c2c2c2c2c2c2c2c2c
       175  >>>>>>>>>>>>>>>>  3e3e3e3e3e3e3e3e3e3e3e3e3e3e3e3e
       164  <<<<<<<<<<<<<<<<  3c3c3c3c3c3c3c3c3c3c3c3c3c3c3c3c
       142  [[[[[[[[[[[[[[[[  5b5b5b5b5b5b5b5b5b5b5b5b5b5b5b5b
       128  ????????????????  3f3f3f3f3f3f3f3f3f3f3f3f3f3f3f3f
       119  @@@@@@@@@@@@@@@@  40404040404040404040404040404040
       113  7777777777777777  37373737373737373737373737373737
       105  ................  a9a9a9a9a9a9a9a9a9a9a9a9a9a9a9a9
# epoch 11400  H=7.4657 C=7.1478 HO=0.3179  A(t)=1325
       395  ;;;;;;;;;;;;;;;;  3b3b3b3b3b3b3b3b3b3b3b3b3b3b3b3b
       285  ================  3d3d3d3d3d3d3d3d3d3d3d3d3d3d3d3d
       204  [[[[[[[[[[[[[[[[  5b5b5b5b5b5b5b5b5b5b5b5b5b5b5b5b
       186  ,,,,,,,,,,,,,,,,  2c2c2c2c2c2c2c2c2c2c2c2c2c2c2c2c
       159  >>>>>>>>>>>>>>>>  3e3e3e3e3e3e3e3e3e3e3e3e3e3e3e3e
       152  <<<<<<<<<<<<<<<<  3c3c3c3c3c3c3c3c3c3c3c3c3c3c3c3c
       107  @@@@@@@@@@@@@@@@  40404040404040404040404040404040
       105  9999999999999999  39393939393939393939393939393939
       100  ................  a9a9a9a9a9a9a9a9a9a9a9a9a9a9a9a9
       100  ################  23232323232323232323232323232323
# epoch 11420  H=7.4625 C=7.1460 HO=0.3165  A(t)=1328
       369  ;;;;;;;;;;;;;;;;  3b3b3b3b3b3b3b3b3b3b3b3b3b3b3b3b
       276  ================  3d3d3d3d3d3d3d3d3d3d3d3d3d3d3d3d
       238  [[[[[[[[[[[[[[[[  5b5b5b5b5b5b5b5b5b5b5b5b5b5b5b5b
       230  ,,,,,,,,,,,,,,,,  2c2c2c2c2c2c2c2c2c2c2c2c2c2c2c2c
       228  >>>>>>>>>>>>>>>>  3e3e3e3e3e3e3e3e3e3e3e3e3e3e3e3e
       131  <<<<<<<<<<<<<<<<  3c3c3c3c3c3c3c3c3c3c3c3c3c3c3c3c
       113  ................  7f7f7f7f7f7f7f7f7f7f7f7f7f7f7f7f
       104  9999999999999999  39393939393939393939393939393939
       104  ////////////////  2f2f2f2f2f2f2f2f2f2f2f2f2f2f2f2f
       103  @@@@@@@@@@@@@@@@  40404040404040404040404040404040
# epoch 11440  H=7.4658 C=7.1503 HO=0.3154  A(t)=1328
       344  ;;;;;;;;;;;;;;;;  3b3b3b3b3b3b3b3b3b3b3b3b3b3b3b3b
       272  ================  3d3d3d3d3d3d3d3d3d3d3d3d3d3d3d3d
       218  [[[[[[[[[[[[[[[[  5b5b5b5b5b5b5b5b5b5b5b5b5b5b5b5b
       211  ,,,,,,,,,,,,,,,,  2c2c2c2c2c2c2c2c2c2c2c2c2c2c2c2c
       172  >>>>>>>>>>>>>>>>  3e3e3e3e3e3e3e3e3e3e3e3e3e3e3e3e
       160  <<<<<<<<<<<<<<<<  3c3c3c3c3c3c3c3c3c3c3c3c3c3c3c3c
       111  AAAAAAAAAAAAAAAA  41414141414141414141414141414141
        95  ////////////////  2f2f2f2f2f2f2f2f2f2f2f2f2f2f2f2f
        91  ................  7f7f7f7f7f7f7f7f7f7f7f7f7f7f7f7f
        85  9999999999999999  39393939393939393939393939393939
# epoch 11460  H=7.4685 C=7.1562 HO=0.3123  A(t)=1332
       266  ;;;;;;;;;;;;;;;;  3b3b3b3b3b3b3b3b3b3b3b3b3b3b3b3b
       263  ,,,,,,,,,,,,,,,,  2c2c2c2c2c2c2c2c2c2c2c2c2c2c2c2c
       248  ================  3d3d3d3d3d3d3d3d3d3d3d3d3d3d3d3d
       208  [[[[[[[[[[[[[[[[  5b5b5b5b5b5b5b5b5b5b5b5b5b5b5b5b
       193  >>>>>>>>>>>>>>>>  3e3e3e3e3e3e3e3e3e3e3e3e3e3e3e3e
        94  <<<<<<<<<<<<<<<<  3c3c3c3c3c3c3c3c3c3c3c3c3c3c3c3c
        93  ????????????????  3f3f3f3f3f3f3f3f3f3f3f3f3f3f3f3f
        86  AAAAAAAAAAAAAAAA  41414141414141414141414141414141
        85  9999999999999999  39393939393939393939393939393939
        83  ::::::::::::::::  3a3a3a3a3a3a3a3a3a3a3a3a3a3a3a3a
# epoch 11480  H=7.4694 C=7.1644 HO=0.3051  A(t)=1334
       294  ;;;;;;;;;;;;;;;;  3b3b3b3b3b3b3b3b3b3b3b3b3b3b3b3b
       267  >>>>>>>>>>>>>>>>  3e3e3e3e3e3e3e3e3e3e3e3e3e3e3e3e
       253  ,,,,,,,,,,,,,,,,  2c2c2c2c2c2c2c2c2c2c2c2c2c2c2c2c
       237  ================  3d3d3d3d3d3d3d3d3d3d3d3d3d3d3d3d
       187  [[[[[[[[[[[[[[[[  5b5b5b5b5b5b5b5b5b5b5b5b5b5b5b5b
       125  ----------------  2d2d2d2d2d2d2d2d2d2d2d2d2d2d2d2d
        84  AAAAAAAAAAAAAAAA  41414141414141414141414141414141
        81  5555555555555555  35353535353535353535353535353535
        80  ????????????????  3f3f3f3f3f3f3f3f3f3f3f3f3f3f3f3f
        78  ................  7f7f7f7f7f7f7f7f7f7f7f7f7f7f7f7f
# epoch 11500  H=7.4732 C=7.1701 HO=0.3030  A(t)=1334
       332  ;;;;;;;;;;;;;;;;  3b3b3b3b3b3b3b3b3b3b3b3b3b3b3b3b
       224  ,,,,,,,,,,,,,,,,  2c2c2c2c2c2c2c2c2c2c2c2c2c2c2c2c
       206  ================  3d3d3d3d3d3d3d3d3d3d3d3d3d3d3d3d
       197  [[[[[[[[[[[[[[[[  5b5b5b5b5b5b5b5b5b5b5b5b5b5b5b5b
       174  >>>>>>>>>>>>>>>>  3e3e3e3e3e3e3e3e3e3e3e3e3e3e3e3e
       143  0000000000000000  30303030303030303030303030303030
       143  ----------------  2d2d2d2d2d2d2d2d2d2d2d2d2d2d2d2d
        93  @@@@@@@@@@@@@@@@  40404040404040404040404040404040
        80  ????????????????  3f3f3f3f3f3f3f3f3f3f3f3f3f3f3f3f
        76  ::::::::::::::::  3a3a3a3a3a3a3a3a3a3a3a3a3a3a3a3a
# epoch 11520  H=7.4745 C=7.1728 HO=0.3017  A(t)=1336
       331  ;;;;;;;;;;;;;;;;  3b3b3b3b3b3b3b3b3b3b3b3b3b3b3b3b
       222  ,,,,,,,,,,,,,,,,  2c2c2c2c2c2c2c2c2c2c2c2c2c2c2c2c
       220  ================  3d3d3d3d3d3d3d3d3d3d3d3d3d3d3d3d
       178  >>>>>>>>>>>>>>>>  3e3e3e3e3e3e3e3e3e3e3e3e3e3e3e3e
       148  [[[[[[[[[[[[[[[[  5b5b5b5b5b5b5b5b5b5b5b5b5b5b5b5b
       133  0000000000000000  30303030303030303030303030303030
       133  ----------------  2d2d2d2d2d2d2d2d2d2d2d2d2d2d2d2d
       120  ::::::::::::::::  3a3a3a3a3a3a3a3a3a3a3a3a3a3a3a3a
       118  ????????????????  3f3f3f3f3f3f3f3f3f3f3f3f3f3f3f3f
       103  AAAAAAAAAAAAAAAA  41414141414141414141414141414141
# epoch 11540  H=7.4745 C=7.1749 HO=0.2995  A(t)=1340
       301  ;;;;;;;;;;;;;;;;  3b3b3b3b3b3b3b3b3b3b3b3b3b3b3b3b
       248  ,,,,,,,,,,,,,,,,  2c2c2c2c2c2c2c2c2c2c2c2c2c2c2c2c
       236  ================  3d3d3d3d3d3d3d3d3d3d3d3d3d3d3d3d
       171  [[[[[[[[[[[[[[[[  5b5b5b5b5b5b5b5b5b5b5b5b5b5b5b5b
       136  AAAAAAAAAAAAAAAA  41414141414141414141414141414141
       133  >>>>>>>>>>>>>>>>  3e3e3e3e3e3e3e3e3e3e3e3e3e3e3e3e
       133  ----------------  2d2d2d2d2d2d2d2d2d2d2d2d2d2d2d2d
       101  ????????????????  3f3f3f3f3f3f3f3f3f3f3f3f3f3f3f3f
       101  0000000000000000  30303030303030303030303030303030
       100  ::::::::::::::::  3a3a3a3a3a3a3a3a3a3a3a3a3a3a3a3a
# epoch 11560  H=7.4741 C=7.1807 HO=0.2934  A(t)=1340
       284  ;;;;;;;;;;;;;;;;  3b3b3b3b3b3b3b3b3b3b3b3b3b3b3b3b
       239  ,,,,,,,,,,,,,,,,  2c2c2c2c2c2c2c2c2c2c2c2c2c2c2c2c
       202  ================  3d3d3d3d3d3d3d3d3d3d3d3d3d3d3d3d
       168  [[[[[[[[[[[[[[[[  5b5b5b5b5b5b5b5b5b5b5b5b5b5b5b5b
       140  ----------------  2d2d2d2d2d2d2d2d2d2d2d2d2d2d2d2d
       124  AAAAAAAAAAAAAAAA  41414141414141414141414141414141
       124  0000000000000000  30303030303030303030303030303030
       104  >>>>>>>>>>>>>>>>  3e3e3e3e3e3e3e3e3e3e3e3e3e3e3e3e
       100  ::::::::::::::::  3a3a3a3a3a3a3a3a3a3a3a3a3a3a3a3a
        78  qqqqqqqqqqqqqqqq  71717171717171717171717171717171
# epoch 11580  H=7.4715 C=7.1823 HO=0.2892  A(t)=1343
       242  [[[[[[[[[[[[[[[[  5b5b5b5b5b5b5b5b5b5b5b5b5b5b5b5b
       237  ;;;;;;;;;;;;;;;;  3b3b3b3b3b3b3b3b3b3b3b3b3b3b3b3b
       210  ================  3d3d3d3d3d3d3d3d3d3d3d3d3d3d3d3d
       183  ,,,,,,,,,,,,,,,,  2c2c2c2c2c2c2c2c2c2c2c2c2c2c2c2c
       142  ????????????????  3f3f3f3f3f3f3f3f3f3f3f3f3f3f3f3f
       128  >>>>>>>>>>>>>>>>  3e3e3e3e3e3e3e3e3e3e3e3e3e3e3e3e
       117  AAAAAAAAAAAAAAAA  41414141414141414141414141414141
       110  <<<<<<<<<<<<<<<<  3c3c3c3c3c3c3c3c3c3c3c3c3c3c3c3c
       101  ----------------  2d2d2d2d2d2d2d2d2d2d2d2d2d2d2d2d
       100  0000000000000000  30303030303030303030303030303030
# epoch 11600  H=7.4731 C=7.1827 HO=0.2904  A(t)=1345
       250  ;;;;;;;;;;;;;;;;  3b3b3b3b3b3b3b3b3b3b3b3b3b3b3b3b
       214  [[[[[[[[[[[[[[[[  5b5b5b5b5b5b5b5b5b5b5b5b5b5b5b5b
       181  ,,,,,,,,,,,,,,,,  2c2c2c2c2c2c2c2c2c2c2c2c2c2c2c2c
       171  ================  3d3d3d3d3d3d3d3d3d3d3d3d3d3d3d3d
       147  ::::::::::::::::  3a3a3a3a3a3a3a3a3a3a3a3a3a3a3a3a
       120  ****************  2a2a2a2a2a2a2a2a2a2a2a2a2a2a2a2a
       117  ????????????????  3f3f3f3f3f3f3f3f3f3f3f3f3f3f3f3f
       110  AAAAAAAAAAAAAAAA  41414141414141414141414141414141
       107  ................  02020202020202020202020202020202
       101  >>>>>>>>>>>>>>>>  3e3e3e3e3e3e3e3e3e3e3e3e3e3e3e3e
# epoch 11620  H=7.4741 C=7.1830 HO=0.2912  A(t)=1348
       261  ;;;;;;;;;;;;;;;;  3b3b3b3b3b3b3b3b3b3b3b3b3b3b3b3b
       208  ,,,,,,,,,,,,,,,,  2c2c2c2c2c2c2c2c2c2c2c2c2c2c2c2c
       183  [[[[[[[[[[[[[[[[  5b5b5b5b5b5b5b5b5b5b5b5b5b5b5b5b
       161  ================  3d3d3d3d3d3d3d3d3d3d3d3d3d3d3d3d
       123  >>>>>>>>>>>>>>>>  3e3e3e3e3e3e3e3e3e3e3e3e3e3e3e3e
       121  <<<<<<<<<<<<<<<<  3c3c3c3c3c3c3c3c3c3c3c3c3c3c3c3c
       114  ????????????????  3f3f3f3f3f3f3f3f3f3f3f3f3f3f3f3f
       109  AAAAAAAAAAAAAAAA  41414141414141414141414141414141
       109  ::::::::::::::::  3a3a3a3a3a3a3a3a3a3a3a3a3a3a3a3a
       100  ****************  2a2a2a2a2a2a2a2a2a2a2a2a2a2a2a2a
# epoch 11640  H=7.4766 C=7.1899 HO=0.2867  A(t)=1348
       217  ;;;;;;;;;;;;;;;;  3b3b3b3b3b3b3b3b3b3b3b3b3b3b3b3b
       211  [[[[[[[[[[[[[[[[  5b5b5b5b5b5b5b5b5b5b5b5b5b5b5b5b
       196  >>>>>>>>>>>>>>>>  3e3e3e3e3e3e3e3e3e3e3e3e3e3e3e3e
       188  ,,,,,,,,,,,,,,,,  2c2c2c2c2c2c2c2c2c2c2c2c2c2c2c2c
       184  <<<<<<<<<<<<<<<<  3c3c3c3c3c3c3c3c3c3c3c3c3c3c3c3c
       150  ****************  2a2a2a2a2a2a2a2a2a2a2a2a2a2a2a2a
       140  ================  3d3d3d3d3d3d3d3d3d3d3d3d3d3d3d3d
        99  ????????????????  3f3f3f3f3f3f3f3f3f3f3f3f3f3f3f3f
        98  ::::::::::::::::  3a3a3a3a3a3a3a3a3a3a3a3a3a3a3a3a
        94  ................  bdbdbdbdbdbdbdbdbdbdbdbdbdbdbdbd
# epoch 11660  H=7.4816 C=7.1903 HO=0.2913  A(t)=1350
       243  [[[[[[[[[[[[[[[[  5b5b5b5b5b5b5b5b5b5b5b5b5b5b5b5b
       237  >>>>>>>>>>>>>>>>  3e3e3e3e3e3e3e3e3e3e3e3e3e3e3e3e
       220  ;;;;;;;;;;;;;;;;  3b3b3b3b3b3b3b3b3b3b3b3b3b3b3b3b
       179  ================  3d3d3d3d3d3d3d3d3d3d3d3d3d3d3d3d
       156  <<<<<<<<<<<<<<<<  3c3c3c3c3c3c3c3c3c3c3c3c3c3c3c3c
       143  ,,,,,,,,,,,,,,,,  2c2c2c2c2c2c2c2c2c2c2c2c2c2c2c2c
       130  ****************  2a2a2a2a2a2a2a2a2a2a2a2a2a2a2a2a
       121  ::::::::::::::::  3a3a3a3a3a3a3a3a3a3a3a3a3a3a3a3a
        92  ????????????????  3f3f3f3f3f3f3f3f3f3f3f3f3f3f3f3f
        90  ################  23232323232323232323232323232323
# epoch 11680  H=7.4798 C=7.1777 HO=0.3022  A(t)=1355
       273  [[[[[[[[[[[[[[[[  5b5b5b5b5b5b5b5b5b5b5b5b5b5b5b5b
       209  >>>>>>>>>>>>>>>>  3e3e3e3e3e3e3e3e3e3e3e3e3e3e3e3e
       199  ;;;;;;;;;;;;;;;;  3b3b3b3b3b3b3b3b3b3b3b3b3b3b3b3b
       177  ::::::::::::::::  3a3a3a3a3a3a3a3a3a3a3a3a3a3a3a3a
       174  ,,,,,,,,,,,,,,,,  2c2c2c2c2c2c2c2c2c2c2c2c2c2c2c2c
       159  <<<<<<<<<<<<<<<<  3c3c3c3c3c3c3c3c3c3c3c3c3c3c3c3c
       156  ================  3d3d3d3d3d3d3d3d3d3d3d3d3d3d3d3d
       120  0000000000000000  30303030303030303030303030303030
       119  ****************  2a2a2a2a2a2a2a2a2a2a2a2a2a2a2a2a
       101  ????????????????  3f3f3f3f3f3f3f3f3f3f3f3f3f3f3f3f
# epoch 11700  H=7.4806 C=7.1742 HO=0.3064  A(t)=1357
       335  <<<<<<<<<<<<<<<<  3c3c3c3c3c3c3c3c3c3c3c3c3c3c3c3c
       268  [[[[[[[[[[[[[[[[  5b5b5b5b5b5b5b5b5b5b5b5b5b5b5b5b
       248  ,,,,,,,,,,,,,,,,  2c2c2c2c2c2c2c2c2c2c2c2c2c2c2c2c
       198  >>>>>>>>>>>>>>>>  3e3e3e3e3e3e3e3e3e3e3e3e3e3e3e3e
       182  ;;;;;;;;;;;;;;;;  3b3b3b3b3b3b3b3b3b3b3b3b3b3b3b3b
       144  ::::::::::::::::  3a3a3a3a3a3a3a3a3a3a3a3a3a3a3a3a
       138  ================  3d3d3d3d3d3d3d3d3d3d3d3d3d3d3d3d
       135  ################  23232323232323232323232323232323
       119  ................  19191919191919191919191919191919
       109  ****************  2a2a2a2a2a2a2a2a2a2a2a2a2a2a2a2a
# epoch 11720  H=7.4825 C=7.1732 HO=0.3094  A(t)=1359
       267  ,,,,,,,,,,,,,,,,  2c2c2c2c2c2c2c2c2c2c2c2c2c2c2c2c
       257  >>>>>>>>>>>>>>>>  3e3e3e3e3e3e3e3e3e3e3e3e3e3e3e3e
       256  <<<<<<<<<<<<<<<<  3c3c3c3c3c3c3c3c3c3c3c3c3c3c3c3c
       241  [[[[[[[[[[[[[[[[  5b5b5b5b5b5b5b5b5b5b5b5b5b5b5b5b
       238  ================  3d3d3d3d3d3d3d3d3d3d3d3d3d3d3d3d
       189  ;;;;;;;;;;;;;;;;  3b3b3b3b3b3b3b3b3b3b3b3b3b3b3b3b
       178  ::::::::::::::::  3a3a3a3a3a3a3a3a3a3a3a3a3a3a3a3a
       114  ################  23232323232323232323232323232323
       102  ****************  2a2a2a2a2a2a2a2a2a2a2a2a2a2a2a2a
        99  0000000000000000  30303030303030303030303030303030
# epoch 11740  H=7.4835 C=7.1728 HO=0.3107  A(t)=1362
       256  >>>>>>>>>>>>>>>>  3e3e3e3e3e3e3e3e3e3e3e3e3e3e3e3e
       246  <<<<<<<<<<<<<<<<  3c3c3c3c3c3c3c3c3c3c3c3c3c3c3c3c
       237  ,,,,,,,,,,,,,,,,  2c2c2c2c2c2c2c2c2c2c2c2c2c2c2c2c
       227  [[[[[[[[[[[[[[[[  5b5b5b5b5b5b5b5b5b5b5b5b5b5b5b5b
       214  ;;;;;;;;;;;;;;;;  3b3b3b3b3b3b3b3b3b3b3b3b3b3b3b3b
       204  ================  3d3d3d3d3d3d3d3d3d3d3d3d3d3d3d3d
       157  ////////////////  2f2f2f2f2f2f2f2f2f2f2f2f2f2f2f2f
       144  0000000000000000  30303030303030303030303030303030
       138  ::::::::::::::::  3a3a3a3a3a3a3a3a3a3a3a3a3a3a3a3a
        97  ****************  2a2a2a2a2a2a2a2a2a2a2a2a2a2a2a2a
# epoch 11760  H=7.4799 C=7.1679 HO=0.3120  A(t)=1362
       270  ,,,,,,,,,,,,,,,,  2c2c2c2c2c2c2c2c2c2c2c2c2c2c2c2c
       254  <<<<<<<<<<<<<<<<  3c3c3c3c3c3c3c3c3c3c3c3c3c3c3c3c
       238  >>>>>>>>>>>>>>>>  3e3e3e3e3e3e3e3e3e3e3e3e3e3e3e3e
       190  ;;;;;;;;;;;;;;;;  3b3b3b3b3b3b3b3b3b3b3b3b3b3b3b3b
       178  [[[[[[[[[[[[[[[[  5b5b5b5b5b5b5b5b5b5b5b5b5b5b5b5b
       177  ================  3d3d3d3d3d3d3d3d3d3d3d3d3d3d3d3d
       145  ////////////////  2f2f2f2f2f2f2f2f2f2f2f2f2f2f2f2f
       134  ::::::::::::::::  3a3a3a3a3a3a3a3a3a3a3a3a3a3a3a3a
       130  0000000000000000  30303030303030303030303030303030
       120  ................  2e2e2e2e2e2e2e2e2e2e2e2e2e2e2e2e
# epoch 11780  H=7.4750 C=7.1654 HO=0.3096  A(t)=1364
       309  <<<<<<<<<<<<<<<<  3c3c3c3c3c3c3c3c3c3c3c3c3c3c3c3c
       256  ,,,,,,,,,,,,,,,,  2c2c2c2c2c2c2c2c2c2c2c2c2c2c2c2c
       217  ;;;;;;;;;;;;;;;;  3b3b3b3b3b3b3b3b3b3b3b3b3b3b3b3b
       195  >>>>>>>>>>>>>>>>  3e3e3e3e3e3e3e3e3e3e3e3e3e3e3e3e
       172  0000000000000000  30303030303030303030303030303030
       152  [[[[[[[[[[[[[[[[  5b5b5b5b5b5b5b5b5b5b5b5b5b5b5b5b
       134  ================  3d3d3d3d3d3d3d3d3d3d3d3d3d3d3d3d
       134  ////////////////  2f2f2f2f2f2f2f2f2f2f2f2f2f2f2f2f
       120  ::::::::::::::::  3a3a3a3a3a3a3a3a3a3a3a3a3a3a3a3a
       104  8888888888888888  38383838383838383838383838383838
# epoch 11800  H=7.4724 C=7.1559 HO=0.3165  A(t)=1372
       271  <<<<<<<<<<<<<<<<  3c3c3c3c3c3c3c3c3c3c3c3c3c3c3c3c
       265  ================  3d3d3d3d3d3d3d3d3d3d3d3d3d3d3d3d
       209  ,,,,,,,,,,,,,,,,  2c2c2c2c2c2c2c2c2c2c2c2c2c2c2c2c
       198  ;;;;;;;;;;;;;;;;  3b3b3b3b3b3b3b3b3b3b3b3b3b3b3b3b
       177  >>>>>>>>>>>>>>>>  3e3e3e3e3e3e3e3e3e3e3e3e3e3e3e3e
       176  [[[[[[[[[[[[[[[[  5b5b5b5b5b5b5b5b5b5b5b5b5b5b5b5b
       159  0000000000000000  30303030303030303030303030303030
       143  ::::::::::::::::  3a3a3a3a3a3a3a3a3a3a3a3a3a3a3a3a
       118  ////////////////  2f2f2f2f2f2f2f2f2f2f2f2f2f2f2f2f
       113  @@@@@@@@@@@@@@@@  40404040404040404040404040404040
# epoch 11820  H=7.4737 C=7.1546 HO=0.3191  A(t)=1372
       278  <<<<<<<<<<<<<<<<  3c3c3c3c3c3c3c3c3c3c3c3c3c3c3c3c
       203  ================  3d3d3d3d3d3d3d3d3d3d3d3d3d3d3d3d
       202  ,,,,,,,,,,,,,,,,  2c2c2c2c2c2c2c2c2c2c2c2c2c2c2c2c
       164  ;;;;;;;;;;;;;;;;  3b3b3b3b3b3b3b3b3b3b3b3b3b3b3b3b
       160  [[[[[[[[[[[[[[[[  5b5b5b5b5b5b5b5b5b5b5b5b5b5b5b5b
       151  @@@@@@@@@@@@@@@@  40404040404040404040404040404040
       150  ::::::::::::::::  3a3a3a3a3a3a3a3a3a3a3a3a3a3a3a3a
       147  ////////////////  2f2f2f2f2f2f2f2f2f2f2f2f2f2f2f2f
       128  >>>>>>>>>>>>>>>>  3e3e3e3e3e3e3e3e3e3e3e3e3e3e3e3e
       120  0000000000000000  30303030303030303030303030303030
# epoch 11840  H=7.4759 C=7.1576 HO=0.3183  A(t)=1372
       264  <<<<<<<<<<<<<<<<  3c3c3c3c3c3c3c3c3c3c3c3c3c3c3c3c
       232  ,,,,,,,,,,,,,,,,  2c2c2c2c2c2c2c2c2c2c2c2c2c2c2c2c
       160  ================  3d3d3d3d3d3d3d3d3d3d3d3d3d3d3d3d
       159  ;;;;;;;;;;;;;;;;  3b3b3b3b3b3b3b3b3b3b3b3b3b3b3b3b
       152  @@@@@@@@@@@@@@@@  40404040404040404040404040404040
       146  ::::::::::::::::  3a3a3a3a3a3a3a3a3a3a3a3a3a3a3a3a
       142  [[[[[[[[[[[[[[[[  5b5b5b5b5b5b5b5b5b5b5b5b5b5b5b5b
       136  ////////////////  2f2f2f2f2f2f2f2f2f2f2f2f2f2f2f2f
       127  >>>>>>>>>>>>>>>>  3e3e3e3e3e3e3e3e3e3e3e3e3e3e3e3e
       111  ????????????????  3f3f3f3f3f3f3f3f3f3f3f3f3f3f3f3f
# epoch 11860  H=7.4758 C=7.1564 HO=0.3194  A(t)=1374
       261  <<<<<<<<<<<<<<<<  3c3c3c3c3c3c3c3c3c3c3c3c3c3c3c3c
       228  ================  3d3d3d3d3d3d3d3d3d3d3d3d3d3d3d3d
       218  ,,,,,,,,,,,,,,,,  2c2c2c2c2c2c2c2c2c2c2c2c2c2c2c2c
       163  8888888888888888  38383838383838383838383838383838
       155  ;;;;;;;;;;;;;;;;  3b3b3b3b3b3b3b3b3b3b3b3b3b3b3b3b
       143  [[[[[[[[[[[[[[[[  5b5b5b5b5b5b5b5b5b5b5b5b5b5b5b5b
       141  >>>>>>>>>>>>>>>>  3e3e3e3e3e3e3e3e3e3e3e3e3e3e3e3e
       139  @@@@@@@@@@@@@@@@  40404040404040404040404040404040
       122  ////////////////  2f2f2f2f2f2f2f2f2f2f2f2f2f2f2f2f
       109  ::::::::::::::::  3a3a3a3a3a3a3a3a3a3a3a3a3a3a3a3a
# epoch 11880  H=7.4794 C=7.1683 HO=0.3111  A(t)=1374
       192  >>>>>>>>>>>>>>>>  3e3e3e3e3e3e3e3e3e3e3e3e3e3e3e3e
       180  <<<<<<<<<<<<<<<<  3c3c3c3c3c3c3c3c3c3c3c3c3c3c3c3c
       177  ================  3d3d3d3d3d3d3d3d3d3d3d3d3d3d3d3d
       161  ,,,,,,,,,,,,,,,,  2c2c2c2c2c2c2c2c2c2c2c2c2c2c2c2c
       150  8888888888888888  38383838383838383838383838383838
       129  ................  02020202020202020202020202020202
       127  ;;;;;;;;;;;;;;;;  3b3b3b3b3b3b3b3b3b3b3b3b3b3b3b3b
       118  @@@@@@@@@@@@@@@@  40404040404040404040404040404040
       118  4444444444444444  34343434343434343434343434343434
       116  [[[[[[[[[[[[[[[[  5b5b5b5b5b5b5b5b5b5b5b5b5b5b5b5b
# epoch 11900  H=7.4777 C=7.1631 HO=0.3147  A(t)=1379
       203  ,,,,,,,,,,,,,,,,  2c2c2c2c2c2c2c2c2c2c2c2c2c2c2c2c
       191  >>>>>>>>>>>>>>>>  3e3e3e3e3e3e3e3e3e3e3e3e3e3e3e3e
       183  @@@@@@@@@@@@@@@@  40404040404040404040404040404040
       180  <<<<<<<<<<<<<<<<  3c3c3c3c3c3c3c3c3c3c3c3c3c3c3c3c
       169  ================  3d3d3d3d3d3d3d3d3d3d3d3d3d3d3d3d
       168  8888888888888888  38383838383838383838383838383838
       107  AAAAAAAAAAAAAAAA  41414141414141414141414141414141
       102  ................  02020202020202020202020202020202
       101  ;;;;;;;;;;;;;;;;  3b3b3b3b3b3b3b3b3b3b3b3b3b3b3b3b
        98  4444444444444444  34343434343434343434343434343434
# epoch 11920  H=7.4729 C=7.1546 HO=0.3183  A(t)=1384
       326  >>>>>>>>>>>>>>>>  3e3e3e3e3e3e3e3e3e3e3e3e3e3e3e3e
       213  <<<<<<<<<<<<<<<<  3c3c3c3c3c3c3c3c3c3c3c3c3c3c3c3c
       210  ================  3d3d3d3d3d3d3d3d3d3d3d3d3d3d3d3d
       191  @@@@@@@@@@@@@@@@  40404040404040404040404040404040
       190  8888888888888888  38383838383838383838383838383838
       181  ,,,,,,,,,,,,,,,,  2c2c2c2c2c2c2c2c2c2c2c2c2c2c2c2c
       118  4444444444444444  34343434343434343434343434343434
       110  ................  a9a9a9a9a9a9a9a9a9a9a9a9a9a9a9a9
        99  ;;;;;;;;;;;;;;;;  3b3b3b3b3b3b3b3b3b3b3b3b3b3b3b3b
        97  ????????????????  3f3f3f3f3f3f3f3f3f3f3f3f3f3f3f3f
# epoch 11940  H=7.4716 C=7.1570 HO=0.3146  A(t)=1384
       295  >>>>>>>>>>>>>>>>  3e3e3e3e3e3e3e3e3e3e3e3e3e3e3e3e
       208  ================  3d3d3d3d3d3d3d3d3d3d3d3d3d3d3d3d
       193  ,,,,,,,,,,,,,,,,  2c2c2c2c2c2c2c2c2c2c2c2c2c2c2c2c
       187  @@@@@@@@@@@@@@@@  40404040404040404040404040404040
       154  <<<<<<<<<<<<<<<<  3c3c3c3c3c3c3c3c3c3c3c3c3c3c3c3c
       150  8888888888888888  38383838383838383838383838383838
       134  ;;;;;;;;;;;;;;;;  3b3b3b3b3b3b3b3b3b3b3b3b3b3b3b3b
       131  ::::::::::::::::  3a3a3a3a3a3a3a3a3a3a3a3a3a3a3a3a
       106  4444444444444444  34343434343434343434343434343434
        97  ????????????????  3f3f3f3f3f3f3f3f3f3f3f3f3f3f3f3f
# epoch 11960  H=7.4727 C=7.1682 HO=0.3045  A(t)=1386
       231  >>>>>>>>>>>>>>>>  3e3e3e3e3e3e3e3e3e3e3e3e3e3e3e3e
       226  @@@@@@@@@@@@@@@@  40404040404040404040404040404040
       192  ================  3d3d3d3d3d3d3d3d3d3d3d3d3d3d3d3d
       144  ,,,,,,,,,,,,,,,,  2c2c2c2c2c2c2c2c2c2c2c2c2c2c2c2c
       140  ::::::::::::::::  3a3a3a3a3a3a3a3a3a3a3a3a3a3a3a3a
       132  <<<<<<<<<<<<<<<<  3c3c3c3c3c3c3c3c3c3c3c3c3c3c3c3c
       119  8888888888888888  38383838383838383838383838383838
        98  ))))))))))))))))  29292929292929292929292929292929
        95  4444444444444444  34343434343434343434343434343434
        83  ????????????????  3f3f3f3f3f3f3f3f3f3f3f3f3f3f3f3f
# epoch 11980  H=7.4770 C=7.1742 HO=0.3029  A(t)=1386
       195  @@@@@@@@@@@@@@@@  40404040404040404040404040404040
       195  >>>>>>>>>>>>>>>>  3e3e3e3e3e3e3e3e3e3e3e3e3e3e3e3e
       172  ,,,,,,,,,,,,,,,,  2c2c2c2c2c2c2c2c2c2c2c2c2c2c2c2c
       162  ================  3d3d3d3d3d3d3d3d3d3d3d3d3d3d3d3d
       145  <<<<<<<<<<<<<<<<  3c3c3c3c3c3c3c3c3c3c3c3c3c3c3c3c
       134  ::::::::::::::::  3a3a3a3a3a3a3a3a3a3a3a3a3a3a3a3a
       106  8888888888888888  38383838383838383838383838383838
        95  4444444444444444  34343434343434343434343434343434
        83  ;;;;;;;;;;;;;;;;  3b3b3b3b3b3b3b3b3b3b3b3b3b3b3b3b
        77  ))))))))))))))))  29292929292929292929292929292929
# epoch 12000  H=7.4794 C=7.1758 HO=0.3036  A(t)=1391
       244  ,,,,,,,,,,,,,,,,  2c2c2c2c2c2c2c2c2c2c2c2c2c2c2c2c
       175  >>>>>>>>>>>>>>>>  3e3e3e3e3e3e3e3e3e3e3e3e3e3e3e3e
       173  ::::::::::::::::  3a3a3a3a3a3a3a3a3a3a3a3a3a3a3a3a
       168  @@@@@@@@@@@@@@@@  40404040404040404040404040404040
       133  ================  3d3d3d3d3d3d3d3d3d3d3d3d3d3d3d3d
       111  <<<<<<<<<<<<<<<<  3c3c3c3c3c3c3c3c3c3c3c3c3c3c3c3c
       110  8888888888888888  38383838383838383838383838383838
       107  ))))))))))))))))  29292929292929292929292929292929
        98  9999999999999999  39393939393939393939393939393939
        91  4444444444444444  34343434343434343434343434343434
# epoch 12020  H=7.4778 C=7.1727 HO=0.3052  A(t)=1391
       271  ,,,,,,,,,,,,,,,,  2c2c2c2c2c2c2c2c2c2c2c2c2c2c2c2c
       185  >>>>>>>>>>>>>>>>  3e3e3e3e3e3e3e3e3e3e3e3e3e3e3e3e
       157  8888888888888888  38383838383838383838383838383838
       155  @@@@@@@@@@@@@@@@  40404040404040404040404040404040
       147  ::::::::::::::::  3a3a3a3a3a3a3a3a3a3a3a3a3a3a3a3a
       122  <<<<<<<<<<<<<<<<  3c3c3c3c3c3c3c3c3c3c3c3c3c3c3c3c
       121  ================  3d3d3d3d3d3d3d3d3d3d3d3d3d3d3d3d
       115  ................  d7d7d7d7d7d7d7d7d7d7d7d7d7d7d7d7
        99  ................  c4c4c4c4c4c4c4c4c4c4c4c4c4c4c4c4
        96  [[[[[[[[[[[[[[[[  5b5b5b5b5b5b5b5b5b5b5b5b5b5b5b5b
# epoch 12040  H=7.4745 C=7.1692 HO=0.3053  A(t)=1393
       368  ,,,,,,,,,,,,,,,,  2c2c2c2c2c2c2c2c2c2c2c2c2c2c2c2c
       219  >>>>>>>>>>>>>>>>  3e3e3e3e3e3e3e3e3e3e3e3e3e3e3e3e
       159  ::::::::::::::::  3a3a3a3a3a3a3a3a3a3a3a3a3a3a3a3a
       149  <<<<<<<<<<<<<<<<  3c3c3c3c3c3c3c3c3c3c3c3c3c3c3c3c
       142  @@@@@@@@@@@@@@@@  40404040404040404040404040404040
       140  3333333333333333  33333333333333333333333333333333
       133  8888888888888888  38383838383838383838383838383838
       120  ;;;;;;;;;;;;;;;;  3b3b3b3b3b3b3b3b3b3b3b3b3b3b3b3b
       118  ================  3d3d3d3d3d3d3d3d3d3d3d3d3d3d3d3d
       111  ................  d7d7d7d7d7d7d7d7d7d7d7d7d7d7d7d7
# epoch 12060  H=7.4774 C=7.1707 HO=0.3067  A(t)=1393
       442  ,,,,,,,,,,,,,,,,  2c2c2c2c2c2c2c2c2c2c2c2c2c2c2c2c
       227  >>>>>>>>>>>>>>>>  3e3e3e3e3e3e3e3e3e3e3e3e3e3e3e3e
       159  [[[[[[[[[[[[[[[[  5b5b5b5b5b5b5b5b5b5b5b5b5b5b5b5b
       154  ;;;;;;;;;;;;;;;;  3b3b3b3b3b3b3b3b3b3b3b3b3b3b3b3b
       138  ::::::::::::::::  3a3a3a3a3a3a3a3a3a3a3a3a3a3a3a3a
       131  @@@@@@@@@@@@@@@@  40404040404040404040404040404040
       118  ================  3d3d3d3d3d3d3d3d3d3d3d3d3d3d3d3d
       116  8888888888888888  38383838383838383838383838383838
       115  4444444444444444  34343434343434343434343434343434
       114  3333333333333333  33333333333333333333333333333333
# epoch 12080  H=7.4747 C=7.1622 HO=0.3125  A(t)=1397
       557  ,,,,,,,,,,,,,,,,  2c2c2c2c2c2c2c2c2c2c2c2c2c2c2c2c
       172  ::::::::::::::::  3a3a3a3a3a3a3a3a3a3a3a3a3a3a3a3a
       155  [[[[[[[[[[[[[[[[  5b5b5b5b5b5b5b5b5b5b5b5b5b5b5b5b
       138  >>>>>>>>>>>>>>>>  3e3e3e3e3e3e3e3e3e3e3e3e3e3e3e3e
       127  @@@@@@@@@@@@@@@@  40404040404040404040404040404040
       125  ;;;;;;;;;;;;;;;;  3b3b3b3b3b3b3b3b3b3b3b3b3b3b3b3b
       113  ................  b7b7b7b7b7b7b7b7b7b7b7b7b7b7b7b7
       112  4444444444444444  34343434343434343434343434343434
       104  ================  3d3d3d3d3d3d3d3d3d3d3d3d3d3d3d3d
       103  ................  d7d7d7d7d7d7d7d7d7d7d7d7d7d7d7d7
# epoch 12100  H=7.4759 C=7.1582 HO=0.3177  A(t)=1397
       563  ,,,,,,,,,,,,,,,,  2c2c2c2c2c2c2c2c2c2c2c2c2c2c2c2c
       224  ::::::::::::::::  3a3a3a3a3a3a3a3a3a3a3a3a3a3a3a3a
       133  [[[[[[[[[[[[[[[[  5b5b5b5b5b5b5b5b5b5b5b5b5b5b5b5b
       120  ;;;;;;;;;;;;;;;;  3b3b3b3b3b3b3b3b3b3b3b3b3b3b3b3b
       118  ????????????????  3f3f3f3f3f3f3f3f3f3f3f3f3f3f3f3f
       115  ................  d0d0d0d0d0d0d0d0d0d0d0d0d0d0d0d0
       111  """"""""""""""""  22222222222222222222222222222222
       110  5555555555555555  35353535353535353535353535353535
       104  @@@@@@@@@@@@@@@@  40404040404040404040404040404040
       100  ================  3d3d3d3d3d3d3d3d3d3d3d3d3d3d3d3d
# epoch 12120  H=7.4771 C=7.1553 HO=0.3218  A(t)=1397
       559  ,,,,,,,,,,,,,,,,  2c2c2c2c2c2c2c2c2c2c2c2c2c2c2c2c
       213  ================  3d3d3d3d3d3d3d3d3d3d3d3d3d3d3d3d
       206  ::::::::::::::::  3a3a3a3a3a3a3a3a3a3a3a3a3a3a3a3a
       165  ;;;;;;;;;;;;;;;;  3b3b3b3b3b3b3b3b3b3b3b3b3b3b3b3b
       150  ????????????????  3f3f3f3f3f3f3f3f3f3f3f3f3f3f3f3f
       119  [[[[[[[[[[[[[[[[  5b5b5b5b5b5b5b5b5b5b5b5b5b5b5b5b
        98  <<<<<<<<<<<<<<<<  3c3c3c3c3c3c3c3c3c3c3c3c3c3c3c3c
        97  ................  2e2e2e2e2e2e2e2e2e2e2e2e2e2e2e2e
        92  """"""""""""""""  22222222222222222222222222222222
        91  ................  d0d0d0d0d0d0d0d0d0d0d0d0d0d0d0d0
# epoch 12140  H=7.4780 C=7.1593 HO=0.3187  A(t)=1397
       503  ,,,,,,,,,,,,,,,,  2c2c2c2c2c2c2c2c2c2c2c2c2c2c2c2c
       178  <<<<<<<<<<<<<<<<  3c3c3c3c3c3c3c3c3c3c3c3c3c3c3c3c
       158  ================  3d3d3d3d3d3d3d3d3d3d3d3d3d3d3d3d
       152  ::::::::::::::::  3a3a3a3a3a3a3a3a3a3a3a3a3a3a3a3a
       142  ;;;;;;;;;;;;;;;;  3b3b3b3b3b3b3b3b3b3b3b3b3b3b3b3b
       107  ????????????????  3f3f3f3f3f3f3f3f3f3f3f3f3f3f3f3f
       105  [[[[[[[[[[[[[[[[  5b5b5b5b5b5b5b5b5b5b5b5b5b5b5b5b
       104  4444444444444444  34343434343434343434343434343434
        99  ................  2e2e2e2e2e2e2e2e2e2e2e2e2e2e2e2e
        90  """"""""""""""""  22222222222222222222222222222222
# epoch 12160  H=7.4758 C=7.1523 HO=0.3235  A(t)=1397
       498  ,,,,,,,,,,,,,,,,  2c2c2c2c2c2c2c2c2c2c2c2c2c2c2c2c
       205  ================  3d3d3d3d3d3d3d3d3d3d3d3d3d3d3d3d
       197  <<<<<<<<<<<<<<<<  3c3c3c3c3c3c3c3c3c3c3c3c3c3c3c3c
       186  [[[[[[[[[[[[[[[[  5b5b5b5b5b5b5b5b5b5b5b5b5b5b5b5b
       175  ;;;;;;;;;;;;;;;;  3b3b3b3b3b3b3b3b3b3b3b3b3b3b3b3b
       138  ::::::::::::::::  3a3a3a3a3a3a3a3a3a3a3a3a3a3a3a3a
       136  8888888888888888  38383838383838383838383838383838
       134  ................  2e2e2e2e2e2e2e2e2e2e2e2e2e2e2e2e
       102  3333333333333333  33333333333333333333333333333333
        95  ????????????????  3f3f3f3f3f3f3f3f3f3f3f3f3f3f3f3f
# epoch 12180  H=7.4748 C=7.1480 HO=0.3267  A(t)=1399
       514  ,,,,,,,,,,,,,,,,  2c2c2c2c2c2c2c2c2c2c2c2c2c2c2c2c
       310  [[[[[[[[[[[[[[[[  5b5b5b5b5b5b5b5b5b5b5b5b5b5b5b5b
       211  8888888888888888  38383838383838383838383838383838
       195  ;;;;;;;;;;;;;;;;  3b3b3b3b3b3b3b3b3b3b3b3b3b3b3b3b
       160  ================  3d3d3d3d3d3d3d3d3d3d3d3d3d3d3d3d
       146  <<<<<<<<<<<<<<<<  3c3c3c3c3c3c3c3c3c3c3c3c3c3c3c3c
       141  3333333333333333  33333333333333333333333333333333
       116  ::::::::::::::::  3a3a3a3a3a3a3a3a3a3a3a3a3a3a3a3a
       105  6666666666666666  36363636363636363636363636363636
       104  ................  2e2e2e2e2e2e2e2e2e2e2e2e2e2e2e2e
# epoch 12200  H=7.4748 C=7.1451 HO=0.3297  A(t)=1401
       493  ,,,,,,,,,,,,,,,,  2c2c2c2c2c2c2c2c2c2c2c2c2c2c2c2c
       325  [[[[[[[[[[[[[[[[  5b5b5b5b5b5b5b5b5b5b5b5b5b5b5b5b
       214  8888888888888888  38383838383838383838383838383838
       204  ================  3d3d3d3d3d3d3d3d3d3d3d3d3d3d3d3d
       192  <<<<<<<<<<<<<<<<  3c3c3c3c3c3c3c3c3c3c3c3c3c3c3c3c
       177  ;;;;;;;;;;;;;;;;  3b3b3b3b3b3b3b3b3b3b3b3b3b3b3b3b
       138  3333333333333333  33333333333333333333333333333333
       131  ................  b1b1b1b1b1b1b1b1b1b1b1b1b1b1b1b1
       104  ::::::::::::::::  3a3a3a3a3a3a3a3a3a3a3a3a3a3a3a3a
       102  ................  2e2e2e2e2e2e2e2e2e2e2e2e2e2e2e2e
# epoch 12220  H=7.4776 C=7.1516 HO=0.3260  A(t)=1403
       402  ,,,,,,,,,,,,,,,,  2c2c2c2c2c2c2c2c2c2c2c2c2c2c2c2c
       391  [[[[[[[[[[[[[[[[  5b5b5b5b5b5b5b5b5b5b5b5b5b5b5b5b
       308  <<<<<<<<<<<<<<<<  3c3c3c3c3c3c3c3c3c3c3c3c3c3c3c3c
       196  ================  3d3d3d3d3d3d3d3d3d3d3d3d3d3d3d3d
       193  8888888888888888  38383838383838383838383838383838
       170  ;;;;;;;;;;;;;;;;  3b3b3b3b3b3b3b3b3b3b3b3b3b3b3b3b
       122  7777777777777777  37373737373737373737373737373737
       117  ................  fbfbfbfbfbfbfbfbfbfbfbfbfbfbfbfb
       108  3333333333333333  33333333333333333333333333333333
        98  ................  b1b1b1b1b1b1b1b1b1b1b1b1b1b1b1b1
# epoch 12240  H=7.4830 C=7.1506 HO=0.3324  A(t)=1406
       386  ,,,,,,,,,,,,,,,,  2c2c2c2c2c2c2c2c2c2c2c2c2c2c2c2c
       371  <<<<<<<<<<<<<<<<  3c3c3c3c3c3c3c3c3c3c3c3c3c3c3c3c
       300  [[[[[[[[[[[[[[[[  5b5b5b5b5b5b5b5b5b5b5b5b5b5b5b5b
       167  8888888888888888  38383838383838383838383838383838
       163  ================  3d3d3d3d3d3d3d3d3d3d3d3d3d3d3d3d
       162  ;;;;;;;;;;;;;;;;  3b3b3b3b3b3b3b3b3b3b3b3b3b3b3b3b
       153  @@@@@@@@@@@@@@@@  40404040404040404040404040404040
       152  7777777777777777  37373737373737373737373737373737
       125  5555555555555555  35353535353535353535353535353535
       115  %%%%%%%%%%%%%%%%  25252525252525252525252525252525
# epoch 12260  H=7.4781 C=7.1458 HO=0.3323  A(t)=1406
       405  <<<<<<<<<<<<<<<<  3c3c3c3c3c3c3c3c3c3c3c3c3c3c3c3c
       393  [[[[[[[[[[[[[[[[  5b5b5b5b5b5b5b5b5b5b5b5b5b5b5b5b
       334  ,,,,,,,,,,,,,,,,  2c2c2c2c2c2c2c2c2c2c2c2c2c2c2c2c
       198  ;;;;;;;;;;;;;;;;  3b3b3b3b3b3b3b3b3b3b3b3b3b3b3b3b
       168  @@@@@@@@@@@@@@@@  40404040404040404040404040404040
       155  8888888888888888  38383838383838383838383838383838
       153  ::::::::::::::::  3a3a3a3a3a3a3a3a3a3a3a3a3a3a3a3a
       150  7777777777777777  37373737373737373737373737373737
       148  ================  3d3d3d3d3d3d3d3d3d3d3d3d3d3d3d3d
       135  9999999999999999  39393939393939393939393939393939
# epoch 12280  H=7.4782 C=7.1469 HO=0.3312  A(t)=1410
       362  [[[[[[[[[[[[[[[[  5b5b5b5b5b5b5b5b5b5b5b5b5b5b5b5b
       350  <<<<<<<<<<<<<<<<  3c3c3c3c3c3c3c3c3c3c3c3c3c3c3c3c
       286  ,,,,,,,,,,,,,,,,  2c2c2c2c2c2c2c2c2c2c2c2c2c2c2c2c
       206  ================  3d3d3d3d3d3d3d3d3d3d3d3d3d3d3d3d
       176  ;;;;;;;;;;;;;;;;  3b3b3b3b3b3b3b3b3b3b3b3b3b3b3b3b
       140  @@@@@@@@@@@@@@@@  40404040404040404040404040404040
       140  ::::::::::::::::  3a3a3a3a3a3a3a3a3a3a3a3a3a3a3a3a
       133  8888888888888888  38383838383838383838383838383838
       132  7777777777777777  37373737373737373737373737373737
       122  ................  bbbbbbbbbbbbbbbbbbbbbbbbbbbbbbbb
# epoch 12300  H=7.4786 C=7.1537 HO=0.3249  A(t)=1410
       271  [[[[[[[[[[[[[[[[  5b5b5b5b5b5b5b5b5b5b5b5b5b5b5b5b
       270  <<<<<<<<<<<<<<<<  3c3c3c3c3c3c3c3c3c3c3c3c3c3c3c3c
       244  ,,,,,,,,,,,,,,,,  2c2c2c2c2c2c2c2c2c2c2c2c2c2c2c2c
       223  ::::::::::::::::  3a3a3a3a3a3a3a3a3a3a3a3a3a3a3a3a
       201  ;;;;;;;;;;;;;;;;  3b3b3b3b3b3b3b3b3b3b3b3b3b3b3b3b
       182  ================  3d3d3d3d3d3d3d3d3d3d3d3d3d3d3d3d
       151  8888888888888888  38383838383838383838383838383838
       129  @@@@@@@@@@@@@@@@  40404040404040404040404040404040
       127  6666666666666666  36363636363636363636363636363636
       119  ................  bbbbbbbbbbbbbbbbbbbbbbbbbbbbbbbb
# epoch 12320  H=7.4778 C=7.1477 HO=0.3300  A(t)=1413
       336  [[[[[[[[[[[[[[[[  5b5b5b5b5b5b5b5b5b5b5b5b5b5b5b5b
       270  ,,,,,,,,,,,,,,,,  2c2c2c2c2c2c2c2c2c2c2c2c2c2c2c2c
       263  <<<<<<<<<<<<<<<<  3c3c3c3c3c3c3c3c3c3c3c3c3c3c3c3c
       231  ;;;;;;;;;;;;;;;;  3b3b3b3b3b3b3b3b3b3b3b3b3b3b3b3b
       169  ::::::::::::::::  3a3a3a3a3a3a3a3a3a3a3a3a3a3a3a3a
       146  ================  3d3d3d3d3d3d3d3d3d3d3d3d3d3d3d3d
       144  7777777777777777  37373737373737373737373737373737
       140  8888888888888888  38383838383838383838383838383838
       134  9999999999999999  39393939393939393939393939393939
       115  ................  bbbbbbbbbbbbbbbbbbbbbbbbbbbbbbbb
# epoch 12340  H=7.4782 C=7.1451 HO=0.3331  A(t)=1418
       478  [[[[[[[[[[[[[[[[  5b5b5b5b5b5b5b5b5b5b5b5b5b5b5b5b
       352  <<<<<<<<<<<<<<<<  3c3c3c3c3c3c3c3c3c3c3c3c3c3c3c3c
       346  ,,,,,,,,,,,,,,,,  2c2c2c2c2c2c2c2c2c2c2c2c2c2c2c2c
       201  ::::::::::::::::  3a3a3a3a3a3a3a3a3a3a3a3a3a3a3a3a
       197  ;;;;;;;;;;;;;;;;  3b3b3b3b3b3b3b3b3b3b3b3b3b3b3b3b
       179  8888888888888888  38383838383838383838383838383838
       154  ================  3d3d3d3d3d3d3d3d3d3d3d3d3d3d3d3d
       136  6666666666666666  36363636363636363636363636363636
       127  9999999999999999  39393939393939393939393939393939
       116  7777777777777777  37373737373737373737373737373737
# epoch 12360  H=7.4769 C=7.1442 HO=0.3327  A(t)=1420
       344  <<<<<<<<<<<<<<<<  3c3c3c3c3c3c3c3c3c3c3c3c3c3c3c3c
       335  [[[[[[[[[[[[[[[[  5b5b5b5b5b5b5b5b5b5b5b5b5b5b5b5b
       264  ,,,,,,,,,,,,,,,,  2c2c2c2c2c2c2c2c2c2c2c2c2c2c2c2c
       230  ;;;;;;;;;;;;;;;;  3b3b3b3b3b3b3b3b3b3b3b3b3b3b3b3b
       181  ================  3d3d3d3d3d3d3d3d3d3d3d3d3d3d3d3d
       179  ::::::::::::::::  3a3a3a3a3a3a3a3a3a3a3a3a3a3a3a3a
       163  8888888888888888  38383838383838383838383838383838
       161  9999999999999999  39393939393939393939393939393939
       109  7777777777777777  37373737373737373737373737373737
       107  >>>>>>>>>>>>>>>>  3e3e3e3e3e3e3e3e3e3e3e3e3e3e3e3e
# epoch 12380  H=7.4764 C=7.1304 HO=0.3460  A(t)=1420
       516  <<<<<<<<<<<<<<<<  3c3c3c3c3c3c3c3c3c3c3c3c3c3c3c3c
       398  [[[[[[[[[[[[[[[[  5b5b5b5b5b5b5b5b5b5b5b5b5b5b5b5b
       258  ;;;;;;;;;;;;;;;;  3b3b3b3b3b3b3b3b3b3b3b3b3b3b3b3b
       230  ,,,,,,,,,,,,,,,,  2c2c2c2c2c2c2c2c2c2c2c2c2c2c2c2c
       200  9999999999999999  39393939393939393939393939393939
       198  ::::::::::::::::  3a3a3a3a3a3a3a3a3a3a3a3a3a3a3a3a
       146  ================  3d3d3d3d3d3d3d3d3d3d3d3d3d3d3d3d
       142  ................  d0d0d0d0d0d0d0d0d0d0d0d0d0d0d0d0
       140  8888888888888888  38383838383838383838383838383838
       132  >>>>>>>>>>>>>>>>  3e3e3e3e3e3e3e3e3e3e3e3e3e3e3e3e
# epoch 12400  H=7.4741 C=7.1305 HO=0.3435  A(t)=1424
       547  <<<<<<<<<<<<<<<<  3c3c3c3c3c3c3c3c3c3c3c3c3c3c3c3c
       392  [[[[[[[[[[[[[[[[  5b5b5b5b5b5b5b5b5b5b5b5b5b5b5b5b
       286  ,,,,,,,,,,,,,,,,  2c2c2c2c2c2c2c2c2c2c2c2c2c2c2c2c
       242  ;;;;;;;;;;;;;;;;  3b3b3b3b3b3b3b3b3b3b3b3b3b3b3b3b
       230  ::::::::::::::::  3a3a3a3a3a3a3a3a3a3a3a3a3a3a3a3a
       206  9999999999999999  39393939393939393939393939393939
       132  ================  3d3d3d3d3d3d3d3d3d3d3d3d3d3d3d3d
       128  ////////////////  2f2f2f2f2f2f2f2f2f2f2f2f2f2f2f2f
       124  8888888888888888  38383838383838383838383838383838
       118  >>>>>>>>>>>>>>>>  3e3e3e3e3e3e3e3e3e3e3e3e3e3e3e3e
# epoch 12420  H=7.4755 C=7.1265 HO=0.3490  A(t)=1426
       549  <<<<<<<<<<<<<<<<  3c3c3c3c3c3c3c3c3c3c3c3c3c3c3c3c
       512  [[[[[[[[[[[[[[[[  5b5b5b5b5b5b5b5b5b5b5b5b5b5b5b5b
       292  ,,,,,,,,,,,,,,,,  2c2c2c2c2c2c2c2c2c2c2c2c2c2c2c2c
       240  ;;;;;;;;;;;;;;;;  3b3b3b3b3b3b3b3b3b3b3b3b3b3b3b3b
       190  9999999999999999  39393939393939393939393939393939
       178  ::::::::::::::::  3a3a3a3a3a3a3a3a3a3a3a3a3a3a3a3a
       162  >>>>>>>>>>>>>>>>  3e3e3e3e3e3e3e3e3e3e3e3e3e3e3e3e
       161  8888888888888888  38383838383838383838383838383838
       134  ================  3d3d3d3d3d3d3d3d3d3d3d3d3d3d3d3d
       126  ////////////////  2f2f2f2f2f2f2f2f2f2f2f2f2f2f2f2f
# epoch 12440  H=7.4763 C=7.1275 HO=0.3488  A(t)=1435
       497  [[[[[[[[[[[[[[[[  5b5b5b5b5b5b5b5b5b5b5b5b5b5b5b5b
       492  <<<<<<<<<<<<<<<<  3c3c3c3c3c3c3c3c3c3c3c3c3c3c3c3c
       258  ,,,,,,,,,,,,,,,,  2c2c2c2c2c2c2c2c2c2c2c2c2c2c2c2c
       218  ;;;;;;;;;;;;;;;;  3b3b3b3b3b3b3b3b3b3b3b3b3b3b3b3b
       192  >>>>>>>>>>>>>>>>  3e3e3e3e3e3e3e3e3e3e3e3e3e3e3e3e
       182  9999999999999999  39393939393939393939393939393939
       177  8888888888888888  38383838383838383838383838383838
       132  ................  efefefefefefefefefefefefefefefef
       127  ::::::::::::::::  3a3a3a3a3a3a3a3a3a3a3a3a3a3a3a3a
       123  QQQQQQQQQQQQQQQQ  51515151515151515151515151515151
# epoch 12460  H=7.4791 C=7.1377 HO=0.3415  A(t)=1438
       464  <<<<<<<<<<<<<<<<  3c3c3c3c3c3c3c3c3c3c3c3c3c3c3c3c
       422  [[[[[[[[[[[[[[[[  5b5b5b5b5b5b5b5b5b5b5b5b5b5b5b5b
       224  ,,,,,,,,,,,,,,,,  2c2c2c2c2c2c2c2c2c2c2c2c2c2c2c2c
       215  ;;;;;;;;;;;;;;;;  3b3b3b3b3b3b3b3b3b3b3b3b3b3b3b3b
       177  >>>>>>>>>>>>>>>>  3e3e3e3e3e3e3e3e3e3e3e3e3e3e3e3e
       160  9999999999999999  39393939393939393939393939393939
       141  ::::::::::::::::  3a3a3a3a3a3a3a3a3a3a3a3a3a3a3a3a
       139  8888888888888888  38383838383838383838383838383838
       123  ................  efefefefefefefefefefefefefefefef
       113  QQQQQQQQQQQQQQQQ  51515151515151515151515151515151
# epoch 12480  H=7.4812 C=7.1417 HO=0.3396  A(t)=1441
       505  <<<<<<<<<<<<<<<<  3c3c3c3c3c3c3c3c3c3c3c3c3c3c3c3c
       386  [[[[[[[[[[[[[[[[  5b5b5b5b5b5b5b5b5b5b5b5b5b5b5b5b
       240  ????????????????  3f3f3f3f3f3f3f3f3f3f3f3f3f3f3f3f
       217  ;;;;;;;;;;;;;;;;  3b3b3b3b3b3b3b3b3b3b3b3b3b3b3b3b
       195  ,,,,,,,,,,,,,,,,  2c2c2c2c2c2c2c2c2c2c2c2c2c2c2c2c
       187  ::::::::::::::::  3a3a3a3a3a3a3a3a3a3a3a3a3a3a3a3a
       161  >>>>>>>>>>>>>>>>  3e3e3e3e3e3e3e3e3e3e3e3e3e3e3e3e
       159  9999999999999999  39393939393939393939393939393939
       127  4444444444444444  34343434343434343434343434343434
       125  8888888888888888  38383838383838383838383838383838
# epoch 12500  H=7.4834 C=7.1379 HO=0.3455  A(t)=1441
       409  <<<<<<<<<<<<<<<<  3c3c3c3c3c3c3c3c3c3c3c3c3c3c3c3c
       360  [[[[[[[[[[[[[[[[  5b5b5b5b5b5b5b5b5b5b5b5b5b5b5b5b
       266  ;;;;;;;;;;;;;;;;  3b3b3b3b3b3b3b3b3b3b3b3b3b3b3b3b
       191  ,,,,,,,,,,,,,,,,  2c2c2c2c2c2c2c2c2c2c2c2c2c2c2c2c
       189  ????????????????  3f3f3f3f3f3f3f3f3f3f3f3f3f3f3f3f
       187  >>>>>>>>>>>>>>>>  3e3e3e3e3e3e3e3e3e3e3e3e3e3e3e3e
       175  ::::::::::::::::  3a3a3a3a3a3a3a3a3a3a3a3a3a3a3a3a
       146  9999999999999999  39393939393939393939393939393939
       134  ................  efefefefefefefefefefefefefefefef
       115  4444444444444444  34343434343434343434343434343434
# epoch 12520  H=7.4831 C=7.1375 HO=0.3456  A(t)=1443
       447  <<<<<<<<<<<<<<<<  3c3c3c3c3c3c3c3c3c3c3c3c3c3c3c3c
       403  [[[[[[[[[[[[[[[[  5b5b5b5b5b5b5b5b5b5b5b5b5b5b5b5b
       323  ;;;;;;;;;;;;;;;;  3b3b3b3b3b3b3b3b3b3b3b3b3b3b3b3b
       193  ,,,,,,,,,,,,,,,,  2c2c2c2c2c2c2c2c2c2c2c2c2c2c2c2c
       177  4444444444444444  34343434343434343434343434343434
       165  ::::::::::::::::  3a3a3a3a3a3a3a3a3a3a3a3a3a3a3a3a
       141  ????????????????  3f3f3f3f3f3f3f3f3f3f3f3f3f3f3f3f
       138  9999999999999999  39393939393939393939393939393939
       134  >>>>>>>>>>>>>>>>  3e3e3e3e3e3e3e3e3e3e3e3e3e3e3e3e
       131  ................  efefefefefefefefefefefefefefefef
# epoch 12540  H=7.4835 C=7.1383 HO=0.3452  A(t)=1445
       458  [[[[[[[[[[[[[[[[  5b5b5b5b5b5b5b5b5b5b5b5b5b5b5b5b
       440  <<<<<<<<<<<<<<<<  3c3c3c3c3c3c3c3c3c3c3c3c3c3c3c3c
       356  ;;;;;;;;;;;;;;;;  3b3b3b3b3b3b3b3b3b3b3b3b3b3b3b3b
       173  4444444444444444  34343434343434343434343434343434
       153  ::::::::::::::::  3a3a3a3a3a3a3a3a3a3a3a3a3a3a3a3a
       145  ,,,,,,,,,,,,,,,,  2c2c2c2c2c2c2c2c2c2c2c2c2c2c2c2c
       129  ................  efefefefefefefefefefefefefefefef
       127  >>>>>>>>>>>>>>>>  3e3e3e3e3e3e3e3e3e3e3e3e3e3e3e3e
       125  ================  3d3d3d3d3d3d3d3d3d3d3d3d3d3d3d3d
       106  9999999999999999  39393939393939393939393939393939
# epoch 12560  H=7.4800 C=7.1401 HO=0.3400  A(t)=1451
       462  [[[[[[[[[[[[[[[[  5b5b5b5b5b5b5b5b5b5b5b5b5b5b5b5b
       425  <<<<<<<<<<<<<<<<  3c3c3c3c3c3c3c3c3c3c3c3c3c3c3c3c
       334  ;;;;;;;;;;;;;;;;  3b3b3b3b3b3b3b3b3b3b3b3b3b3b3b3b
       225  5555555555555555  35353535353535353535353535353535
       152  ::::::::::::::::  3a3a3a3a3a3a3a3a3a3a3a3a3a3a3a3a
       152  ,,,,,,,,,,,,,,,,  2c2c2c2c2c2c2c2c2c2c2c2c2c2c2c2c
       147  >>>>>>>>>>>>>>>>  3e3e3e3e3e3e3e3e3e3e3e3e3e3e3e3e
       140  4444444444444444  34343434343434343434343434343434
       112  ================  3d3d3d3d3d3d3d3d3d3d3d3d3d3d3d3d
       105  8888888888888888  38383838383838383838383838383838
# epoch 12580  H=7.4803 C=7.1356 HO=0.3446  A(t)=1460
       374  [[[[[[[[[[[[[[[[  5b5b5b5b5b5b5b5b5b5b5b5b5b5b5b5b
       340  <<<<<<<<<<<<<<<<  3c3c3c3c3c3c3c3c3c3c3c3c3c3c3c3c
       264  ;;;;;;;;;;;;;;;;  3b3b3b3b3b3b3b3b3b3b3b3b3b3b3b3b
       197  5555555555555555  35353535353535353535353535353535
       163  ================  3d3d3d3d3d3d3d3d3d3d3d3d3d3d3d3d
       147  >>>>>>>>>>>>>>>>  3e3e3e3e3e3e3e3e3e3e3e3e3e3e3e3e
       129  ,,,,,,,,,,,,,,,,  2c2c2c2c2c2c2c2c2c2c2c2c2c2c2c2c
       123  ::::::::::::::::  3a3a3a3a3a3a3a3a3a3a3a3a3a3a3a3a
       116  ????????????????  3f3f3f3f3f3f3f3f3f3f3f3f3f3f3f3f
       113  4444444444444444  34343434343434343434343434343434
# epoch 12600  H=7.4824 C=7.1356 HO=0.3468  A(t)=1460
       328  [[[[[[[[[[[[[[[[  5b5b5b5b5b5b5b5b5b5b5b5b5b5b5b5b
       313  >>>>>>>>>>>>>>>>  3e3e3e3e3e3e3e3e3e3e3e3e3e3e3e3e
       255  <<<<<<<<<<<<<<<<  3c3c3c3c3c3c3c3c3c3c3c3c3c3c3c3c
       238  ;;;;;;;;;;;;;;;;  3b3b3b3b3b3b3b3b3b3b3b3b3b3b3b3b
       178  ::::::::::::::::  3a3a3a3a3a3a3a3a3a3a3a3a3a3a3a3a
       176  %%%%%%%%%%%%%%%%  25252525252525252525252525252525
       172  5555555555555555  35353535353535353535353535353535
       118  ,,,,,,,,,,,,,,,,  2c2c2c2c2c2c2c2c2c2c2c2c2c2c2c2c
       112  iiiiiiiiiiiiiiii  69696969696969696969696969696969
       112  @@@@@@@@@@@@@@@@  40404040404040404040404040404040
# epoch 12620  H=7.4807 C=7.1313 HO=0.3494  A(t)=1460
       306  >>>>>>>>>>>>>>>>  3e3e3e3e3e3e3e3e3e3e3e3e3e3e3e3e
       254  [[[[[[[[[[[[[[[[  5b5b5b5b5b5b5b5b5b5b5b5b5b5b5b5b
       246  ;;;;;;;;;;;;;;;;  3b3b3b3b3b3b3b3b3b3b3b3b3b3b3b3b
       197  HHHHHHHHHHHHHHHH  48484848484848484848484848484848
       197  <<<<<<<<<<<<<<<<  3c3c3c3c3c3c3c3c3c3c3c3c3c3c3c3c
       193  @@@@@@@@@@@@@@@@  40404040404040404040404040404040
       166  ,,,,,,,,,,,,,,,,  2c2c2c2c2c2c2c2c2c2c2c2c2c2c2c2c
       155  %%%%%%%%%%%%%%%%  25252525252525252525252525252525
       143  5555555555555555  35353535353535353535353535353535
       142  ::::::::::::::::  3a3a3a3a3a3a3a3a3a3a3a3a3a3a3a3a
# epoch 12640  H=7.4815 C=7.1283 HO=0.3533  A(t)=1464
       351  >>>>>>>>>>>>>>>>  3e3e3e3e3e3e3e3e3e3e3e3e3e3e3e3e
       276  ;;;;;;;;;;;;;;;;  3b3b3b3b3b3b3b3b3b3b3b3b3b3b3b3b
       217  [[[[[[[[[[[[[[[[  5b5b5b5b5b5b5b5b5b5b5b5b5b5b5b5b
       170  <<<<<<<<<<<<<<<<  3c3c3c3c3c3c3c3c3c3c3c3c3c3c3c3c
       161  ,,,,,,,,,,,,,,,,  2c2c2c2c2c2c2c2c2c2c2c2c2c2c2c2c
       153  %%%%%%%%%%%%%%%%  25252525252525252525252525252525
       152  HHHHHHHHHHHHHHHH  48484848484848484848484848484848
       127  ................  11111111111111111111111111111111
       117  ::::::::::::::::  3a3a3a3a3a3a3a3a3a3a3a3a3a3a3a3a
       113  @@@@@@@@@@@@@@@@  40404040404040404040404040404040
# epoch 12660  H=7.4836 C=7.1367 HO=0.3468  A(t)=1464
       334  >>>>>>>>>>>>>>>>  3e3e3e3e3e3e3e3e3e3e3e3e3e3e3e3e
       232  ;;;;;;;;;;;;;;;;  3b3b3b3b3b3b3b3b3b3b3b3b3b3b3b3b
       211  [[[[[[[[[[[[[[[[  5b5b5b5b5b5b5b5b5b5b5b5b5b5b5b5b
       187  ,,,,,,,,,,,,,,,,  2c2c2c2c2c2c2c2c2c2c2c2c2c2c2c2c
       139  HHHHHHHHHHHHHHHH  48484848484848484848484848484848
       131  <<<<<<<<<<<<<<<<  3c3c3c3c3c3c3c3c3c3c3c3c3c3c3c3c
       130  %%%%%%%%%%%%%%%%  25252525252525252525252525252525
       126  ................  11111111111111111111111111111111
       119  ????????????????  3f3f3f3f3f3f3f3f3f3f3f3f3f3f3f3f
       110  ::::::::::::::::  3a3a3a3a3a3a3a3a3a3a3a3a3a3a3a3a
# epoch 12680  H=7.4861 C=7.1293 HO=0.3568  A(t)=1466
       275  >>>>>>>>>>>>>>>>  3e3e3e3e3e3e3e3e3e3e3e3e3e3e3e3e
       251  ;;;;;;;;;;;;;;;;  3b3b3b3b3b3b3b3b3b3b3b3b3b3b3b3b
       203  [[[[[[[[[[[[[[[[  5b5b5b5b5b5b5b5b5b5b5b5b5b5b5b5b
       192  ,,,,,,,,,,,,,,,,  2c2c2c2c2c2c2c2c2c2c2c2c2c2c2c2c
       148  ????????????????  3f3f3f3f3f3f3f3f3f3f3f3f3f3f3f3f
       139  @@@@@@@@@@@@@@@@  40404040404040404040404040404040
       138  HHHHHHHHHHHHHHHH  48484848484848484848484848484848
       136  <<<<<<<<<<<<<<<<  3c3c3c3c3c3c3c3c3c3c3c3c3c3c3c3c
       135  3333333333333333  33333333333333333333333333333333
       128  ================  3d3d3d3d3d3d3d3d3d3d3d3d3d3d3d3d
# epoch 12700  H=7.4857 C=7.1311 HO=0.3546  A(t)=1474
       241  >>>>>>>>>>>>>>>>  3e3e3e3e3e3e3e3e3e3e3e3e3e3e3e3e
       218  ,,,,,,,,,,,,,,,,  2c2c2c2c2c2c2c2c2c2c2c2c2c2c2c2c
       213  <<<<<<<<<<<<<<<<  3c3c3c3c3c3c3c3c3c3c3c3c3c3c3c3c
       202  [[[[[[[[[[[[[[[[  5b5b5b5b5b5b5b5b5b5b5b5b5b5b5b5b
       197  ;;;;;;;;;;;;;;;;  3b3b3b3b3b3b3b3b3b3b3b3b3b3b3b3b
       145  3333333333333333  33333333333333333333333333333333
       138  HHHHHHHHHHHHHHHH  48484848484848484848484848484848
       127  4444444444444444  34343434343434343434343434343434
       125  ================  3d3d3d3d3d3d3d3d3d3d3d3d3d3d3d3d
       123  ????????????????  3f3f3f3f3f3f3f3f3f3f3f3f3f3f3f3f
# epoch 12720  H=7.4890 C=7.1337 HO=0.3553  A(t)=1474
       259  >>>>>>>>>>>>>>>>  3e3e3e3e3e3e3e3e3e3e3e3e3e3e3e3e
       192  ,,,,,,,,,,,,,,,,  2c2c2c2c2c2c2c2c2c2c2c2c2c2c2c2c
       190  ;;;;;;;;;;;;;;;;  3b3b3b3b3b3b3b3b3b3b3b3b3b3b3b3b
       160  <<<<<<<<<<<<<<<<  3c3c3c3c3c3c3c3c3c3c3c3c3c3c3c3c
       158  ????????????????  3f3f3f3f3f3f3f3f3f3f3f3f3f3f3f3f
       149  [[[[[[[[[[[[[[[[  5b5b5b5b5b5b5b5b5b5b5b5b5b5b5b5b
       127  3333333333333333  33333333333333333333333333333333
       121  ZZZZZZZZZZZZZZZZ  5a5a5a5a5a5a5a5a5a5a5a5a5a5a5a5a
       118  ================  3d3d3d3d3d3d3d3d3d3d3d3d3d3d3d3d
       116  HHHHHHHHHHHHHHHH  48484848484848484848484848484848
# epoch 12740  H=7.4928 C=7.1316 HO=0.3612  A(t)=1480
       259  [[[[[[[[[[[[[[[[  5b5b5b5b5b5b5b5b5b5b5b5b5b5b5b5b
       230  >>>>>>>>>>>>>>>>  3e3e3e3e3e3e3e3e3e3e3e3e3e3e3e3e
       182  ,,,,,,,,,,,,,,,,  2c2c2c2c2c2c2c2c2c2c2c2c2c2c2c2c
       163  <<<<<<<<<<<<<<<<  3c3c3c3c3c3c3c3c3c3c3c3c3c3c3c3c
       153  ================  3d3d3d3d3d3d3d3d3d3d3d3d3d3d3d3d
       151  ;;;;;;;;;;;;;;;;  3b3b3b3b3b3b3b3b3b3b3b3b3b3b3b3b
       128  ????????????????  3f3f3f3f3f3f3f3f3f3f3f3f3f3f3f3f
       118  CCCCCCCCCCCCCCCC  43434343434343434343434343434343
       108  HHHHHHHHHHHHHHHH  48484848484848484848484848484848
        96  @@@@@@@@@@@@@@@@  40404040404040404040404040404040
# epoch 12760  H=7.4899 C=7.1292 HO=0.3608  A(t)=1484
       334  [[[[[[[[[[[[[[[[  5b5b5b5b5b5b5b5b5b5b5b5b5b5b5b5b
       275  ,,,,,,,,,,,,,,,,  2c2c2c2c2c2c2c2c2c2c2c2c2c2c2c2c
       179  <<<<<<<<<<<<<<<<  3c3c3c3c3c3c3c3c3c3c3c3c3c3c3c3c
       176  >>>>>>>>>>>>>>>>  3e3e3e3e3e3e3e3e3e3e3e3e3e3e3e3e
       165  ????????????????  3f3f3f3f3f3f3f3f3f3f3f3f3f3f3f3f
       140  ================  3d3d3d3d3d3d3d3d3d3d3d3d3d3d3d3d
       135  ;;;;;;;;;;;;;;;;  3b3b3b3b3b3b3b3b3b3b3b3b3b3b3b3b
       125  @@@@@@@@@@@@@@@@  40404040404040404040404040404040
       105  HHHHHHHHHHHHHHHH  48484848484848484848484848484848
        94  ................  b5b5b5b5b5b5b5b5b5b5b5b5b5b5b5b5
# epoch 12780  H=7.4871 C=7.1236 HO=0.3634  A(t)=1486
       271  [[[[[[[[[[[[[[[[  5b5b5b5b5b5b5b5b5b5b5b5b5b5b5b5b
       238  ,,,,,,,,,,,,,,,,  2c2c2c2c2c2c2c2c2c2c2c2c2c2c2c2c
       178  <<<<<<<<<<<<<<<<  3c3c3c3c3c3c3c3c3c3c3c3c3c3c3c3c
       153  >>>>>>>>>>>>>>>>  3e3e3e3e3e3e3e3e3e3e3e3e3e3e3e3e
       138  ================  3d3d3d3d3d3d3d3d3d3d3d3d3d3d3d3d
       135  ................  b5b5b5b5b5b5b5b5b5b5b5b5b5b5b5b5
       130  @@@@@@@@@@@@@@@@  40404040404040404040404040404040
       128  ????????????????  3f3f3f3f3f3f3f3f3f3f3f3f3f3f3f3f
       115  ;;;;;;;;;;;;;;;;  3b3b3b3b3b3b3b3b3b3b3b3b3b3b3b3b
       103  HHHHHHHHHHHHHHHH  48484848484848484848484848484848
# epoch 12800  H=7.4872 C=7.1192 HO=0.3680  A(t)=1488
       381  [[[[[[[[[[[[[[[[  5b5b5b5b5b5b5b5b5b5b5b5b5b5b5b5b
       215  <<<<<<<<<<<<<<<<  3c3c3c3c3c3c3c3c3c3c3c3c3c3c3c3c
       191  >>>>>>>>>>>>>>>>  3e3e3e3e3e3e3e3e3e3e3e3e3e3e3e3e
       189  ================  3d3d3d3d3d3d3d3d3d3d3d3d3d3d3d3d
       177  ,,,,,,,,,,,,,,,,  2c2c2c2c2c2c2c2c2c2c2c2c2c2c2c2c
       125  ................  b5b5b5b5b5b5b5b5b5b5b5b5b5b5b5b5
       125  ????????????????  3f3f3f3f3f3f3f3f3f3f3f3f3f3f3f3f
       110  ;;;;;;;;;;;;;;;;  3b3b3b3b3b3b3b3b3b3b3b3b3b3b3b3b
       101  KKKKKKKKKKKKKKKK  4b4b4b4b4b4b4b4b4b4b4b4b4b4b4b4b
       100  7777777777777777  37373737373737373737373737373737
# epoch 12820  H=7.4922 C=7.1278 HO=0.3644  A(t)=1494
       370  [[[[[[[[[[[[[[[[  5b5b5b5b5b5b5b5b5b5b5b5b5b5b5b5b
       227  ================  3d3d3d3d3d3d3d3d3d3d3d3d3d3d3d3d
       198  <<<<<<<<<<<<<<<<  3c3c3c3c3c3c3c3c3c3c3c3c3c3c3c3c
       159  ,,,,,,,,,,,,,,,,  2c2c2c2c2c2c2c2c2c2c2c2c2c2c2c2c
       148  ;;;;;;;;;;;;;;;;  3b3b3b3b3b3b3b3b3b3b3b3b3b3b3b3b
       144  >>>>>>>>>>>>>>>>  3e3e3e3e3e3e3e3e3e3e3e3e3e3e3e3e
       126  7777777777777777  37373737373737373737373737373737
       119  ................  abababababababababababababababab
       116  9999999999999999  39393939393939393939393939393939
       111  ????????????????  3f3f3f3f3f3f3f3f3f3f3f3f3f3f3f3f
# epoch 12840  H=7.4936 C=7.1227 HO=0.3709  A(t)=1494
       342  [[[[[[[[[[[[[[[[  5b5b5b5b5b5b5b5b5b5b5b5b5b5b5b5b
       270  <<<<<<<<<<<<<<<<  3c3c3c3c3c3c3c3c3c3c3c3c3c3c3c3c
       193  9999999999999999  39393939393939393939393939393939
       178  ,,,,,,,,,,,,,,,,  2c2c2c2c2c2c2c2c2c2c2c2c2c2c2c2c
       177  ================  3d3d3d3d3d3d3d3d3d3d3d3d3d3d3d3d
       138  6666666666666666  36363636363636363636363636363636
       136  ................  fafafafafafafafafafafafafafafafa
       133  ////////////////  2f2f2f2f2f2f2f2f2f2f2f2f2f2f2f2f
       117  ;;;;;;;;;;;;;;;;  3b3b3b3b3b3b3b3b3b3b3b3b3b3b3b3b
       115  >>>>>>>>>>>>>>>>  3e3e3e3e3e3e3e3e3e3e3e3e3e3e3e3e
# epoch 12860  H=7.4921 C=7.1217 HO=0.3704  A(t)=1498
       305  [[[[[[[[[[[[[[[[  5b5b5b5b5b5b5b5b5b5b5b5b5b5b5b5b
       285  <<<<<<<<<<<<<<<<  3c3c3c3c3c3c3c3c3c3c3c3c3c3c3c3c
       199  ,,,,,,,,,,,,,,,,  2c2c2c2c2c2c2c2c2c2c2c2c2c2c2c2c
       176  9999999999999999  39393939393939393939393939393939
       155  ================  3d3d3d3d3d3d3d3d3d3d3d3d3d3d3d3d
       148  6666666666666666  36363636363636363636363636363636
       131  >>>>>>>>>>>>>>>>  3e3e3e3e3e3e3e3e3e3e3e3e3e3e3e3e
       121  ................  fafafafafafafafafafafafafafafafa
       113  ;;;;;;;;;;;;;;;;  3b3b3b3b3b3b3b3b3b3b3b3b3b3b3b3b
       112  8888888888888888  38383838383838383838383838383838
# epoch 12880  H=7.4926 C=7.1198 HO=0.3728  A(t)=1503
       328  <<<<<<<<<<<<<<<<  3c3c3c3c3c3c3c3c3c3c3c3c3c3c3c3c
       300  [[[[[[[[[[[[[[[[  5b5b5b5b5b5b5b5b5b5b5b5b5b5b5b5b
       213  9999999999999999  39393939393939393939393939393939
       207  ................  fafafafafafafafafafafafafafafafa
       180  ????????????????  3f3f3f3f3f3f3f3f3f3f3f3f3f3f3f3f
       176  ,,,,,,,,,,,,,,,,  2c2c2c2c2c2c2c2c2c2c2c2c2c2c2c2c
       151  ;;;;;;;;;;;;;;;;  3b3b3b3b3b3b3b3b3b3b3b3b3b3b3b3b
       149  ================  3d3d3d3d3d3d3d3d3d3d3d3d3d3d3d3d
       138  >>>>>>>>>>>>>>>>  3e3e3e3e3e3e3e3e3e3e3e3e3e3e3e3e
       135  6666666666666666  36363636363636363636363636363636
# epoch 12900  H=7.4940 C=7.1125 HO=0.3816  A(t)=1503
       346  [[[[[[[[[[[[[[[[  5b5b5b5b5b5b5b5b5b5b5b5b5b5b5b5b
       332  <<<<<<<<<<<<<<<<  3c3c3c3c3c3c3c3c3c3c3c3c3c3c3c3c
       289  ,,,,,,,,,,,,,,,,  2c2c2c2c2c2c2c2c2c2c2c2c2c2c2c2c
       195  9999999999999999  39393939393939393939393939393939
       177  ................  fafafafafafafafafafafafafafafafa
       177  ;;;;;;;;;;;;;;;;  3b3b3b3b3b3b3b3b3b3b3b3b3b3b3b3b
       173  ================  3d3d3d3d3d3d3d3d3d3d3d3d3d3d3d3d
       156  8888888888888888  38383838383838383838383838383838
       152  ????????????????  3f3f3f3f3f3f3f3f3f3f3f3f3f3f3f3f
       111  >>>>>>>>>>>>>>>>  3e3e3e3e3e3e3e3e3e3e3e3e3e3e3e3e
# epoch 12920  H=7.4923 C=7.1146 HO=0.3776  A(t)=1510
       319  <<<<<<<<<<<<<<<<  3c3c3c3c3c3c3c3c3c3c3c3c3c3c3c3c
       304  [[[[[[[[[[[[[[[[  5b5b5b5b5b5b5b5b5b5b5b5b5b5b5b5b
       221  ,,,,,,,,,,,,,,,,  2c2c2c2c2c2c2c2c2c2c2c2c2c2c2c2c
       211  9999999999999999  39393939393939393939393939393939
       185  ????????????????  3f3f3f3f3f3f3f3f3f3f3f3f3f3f3f3f
       176  8888888888888888  38383838383838383838383838383838
       162  ;;;;;;;;;;;;;;;;  3b3b3b3b3b3b3b3b3b3b3b3b3b3b3b3b
       161  ================  3d3d3d3d3d3d3d3d3d3d3d3d3d3d3d3d
       129  ................  fafafafafafafafafafafafafafafafa
       105  HHHHHHHHHHHHHHHH  48484848484848484848484848484848
# epoch 12940  H=7.4968 C=7.1156 HO=0.3812  A(t)=1510
       356  <<<<<<<<<<<<<<<<  3c3c3c3c3c3c3c3c3c3c3c3c3c3c3c3c
       270  [[[[[[[[[[[[[[[[  5b5b5b5b5b5b5b5b5b5b5b5b5b5b5b5b
       244  9999999999999999  39393939393939393939393939393939
       196  ,,,,,,,,,,,,,,,,  2c2c2c2c2c2c2c2c2c2c2c2c2c2c2c2c
       175  ;;;;;;;;;;;;;;;;  3b3b3b3b3b3b3b3b3b3b3b3b3b3b3b3b
       160  ================  3d3d3d3d3d3d3d3d3d3d3d3d3d3d3d3d
       159  ????????????????  3f3f3f3f3f3f3f3f3f3f3f3f3f3f3f3f
       128  ................  fafafafafafafafafafafafafafafafa
       108  8888888888888888  38383838383838383838383838383838
       101  HHHHHHHHHHHHHHHH  48484848484848484848484848484848
# epoch 12960  H=7.4994 C=7.1241 HO=0.3753  A(t)=1510
       371  <<<<<<<<<<<<<<<<  3c3c3c3c3c3c3c3c3c3c3c3c3c3c3c3c
       218  ================  3d3d3d3d3d3d3d3d3d3d3d3d3d3d3d3d
       216  9999999999999999  39393939393939393939393939393939
       179  [[[[[[[[[[[[[[[[  5b5b5b5b5b5b5b5b5b5b5b5b5b5b5b5b
       179  ,,,,,,,,,,,,,,,,  2c2c2c2c2c2c2c2c2c2c2c2c2c2c2c2c
       147  ;;;;;;;;;;;;;;;;  3b3b3b3b3b3b3b3b3b3b3b3b3b3b3b3b
       132  ????????????????  3f3f3f3f3f3f3f3f3f3f3f3f3f3f3f3f
        99  >>>>>>>>>>>>>>>>  3e3e3e3e3e3e3e3e3e3e3e3e3e3e3e3e
        92  HHHHHHHHHHHHHHHH  48484848484848484848484848484848
        90  8888888888888888  38383838383838383838383838383838
# epoch 12980  H=7.5024 C=7.1302 HO=0.3722  A(t)=1514
       332  <<<<<<<<<<<<<<<<  3c3c3c3c3c3c3c3c3c3c3c3c3c3c3c3c
       221  ????????????????  3f3f3f3f3f3f3f3f3f3f3f3f3f3f3f3f
       198  ================  3d3d3d3d3d3d3d3d3d3d3d3d3d3d3d3d
       193  9999999999999999  39393939393939393939393939393939
       183  ,,,,,,,,,,,,,,,,  2c2c2c2c2c2c2c2c2c2c2c2c2c2c2c2c
       170  [[[[[[[[[[[[[[[[  5b5b5b5b5b5b5b5b5b5b5b5b5b5b5b5b
       135  ;;;;;;;;;;;;;;;;  3b3b3b3b3b3b3b3b3b3b3b3b3b3b3b3b
       113  cccccccccccccccc  63636363636363636363636363636363
       112  8888888888888888  38383838383838383838383838383838
       103  >>>>>>>>>>>>>>>>  3e3e3e3e3e3e3e3e3e3e3e3e3e3e3e3e
# epoch 13000  H=7.5010 C=7.1342 HO=0.3668  A(t)=1516
       321  <<<<<<<<<<<<<<<<  3c3c3c3c3c3c3c3c3c3c3c3c3c3c3c3c
       210  ================  3d3d3d3d3d3d3d3d3d3d3d3d3d3d3d3d
       196  ????????????????  3f3f3f3f3f3f3f3f3f3f3f3f3f3f3f3f
       187  9999999999999999  39393939393939393939393939393939
       173  ,,,,,,,,,,,,,,,,  2c2c2c2c2c2c2c2c2c2c2c2c2c2c2c2c
       165  ;;;;;;;;;;;;;;;;  3b3b3b3b3b3b3b3b3b3b3b3b3b3b3b3b
       163  [[[[[[[[[[[[[[[[  5b5b5b5b5b5b5b5b5b5b5b5b5b5b5b5b
        91  >>>>>>>>>>>>>>>>  3e3e3e3e3e3e3e3e3e3e3e3e3e3e3e3e
        88  ................  eeeeeeeeeeeeeeeeeeeeeeeeeeeeeeee
        88  8888888888888888  38383838383838383838383838383838
# epoch 13020  H=7.5048 C=7.1391 HO=0.3657  A(t)=1518
       308  <<<<<<<<<<<<<<<<  3c3c3c3c3c3c3c3c3c3c3c3c3c3c3c3c
       230  ????????????????  3f3f3f3f3f3f3f3f3f3f3f3f3f3f3f3f
       197  ================  3d3d3d3d3d3d3d3d3d3d3d3d3d3d3d3d
       163  9999999999999999  39393939393939393939393939393939
       151  ;;;;;;;;;;;;;;;;  3b3b3b3b3b3b3b3b3b3b3b3b3b3b3b3b
       150  [[[[[[[[[[[[[[[[  5b5b5b5b5b5b5b5b5b5b5b5b5b5b5b5b
       148  ,,,,,,,,,,,,,,,,  2c2c2c2c2c2c2c2c2c2c2c2c2c2c2c2c
       131  ................  eeeeeeeeeeeeeeeeeeeeeeeeeeeeeeee
       104  8888888888888888  38383838383838383838383838383838
        98  >>>>>>>>>>>>>>>>  3e3e3e3e3e3e3e3e3e3e3e3e3e3e3e3e
# epoch 13040  H=7.5074 C=7.1395 HO=0.3679  A(t)=1520
       299  <<<<<<<<<<<<<<<<  3c3c3c3c3c3c3c3c3c3c3c3c3c3c3c3c
       275  9999999999999999  39393939393939393939393939393939
       245  ????????????????  3f3f3f3f3f3f3f3f3f3f3f3f3f3f3f3f
       205  ================  3d3d3d3d3d3d3d3d3d3d3d3d3d3d3d3d
       137  [[[[[[[[[[[[[[[[  5b5b5b5b5b5b5b5b5b5b5b5b5b5b5b5b
       136  ;;;;;;;;;;;;;;;;  3b3b3b3b3b3b3b3b3b3b3b3b3b3b3b3b
       123  ................  eeeeeeeeeeeeeeeeeeeeeeeeeeeeeeee
       120  >>>>>>>>>>>>>>>>  3e3e3e3e3e3e3e3e3e3e3e3e3e3e3e3e
       120  ,,,,,,,,,,,,,,,,  2c2c2c2c2c2c2c2c2c2c2c2c2c2c2c2c
       108  8888888888888888  38383838383838383838383838383838
# epoch 13060  H=7.5085 C=7.1477 HO=0.3608  A(t)=1520
       205  <<<<<<<<<<<<<<<<  3c3c3c3c3c3c3c3c3c3c3c3c3c3c3c3c
       197  ????????????????  3f3f3f3f3f3f3f3f3f3f3f3f3f3f3f3f
       189  ;;;;;;;;;;;;;;;;  3b3b3b3b3b3b3b3b3b3b3b3b3b3b3b3b
       185  9999999999999999  39393939393939393939393939393939
       183  ================  3d3d3d3d3d3d3d3d3d3d3d3d3d3d3d3d
       153  [[[[[[[[[[[[[[[[  5b5b5b5b5b5b5b5b5b5b5b5b5b5b5b5b
       125  >>>>>>>>>>>>>>>>  3e3e3e3e3e3e3e3e3e3e3e3e3e3e3e3e
       113  ................  eeeeeeeeeeeeeeeeeeeeeeeeeeeeeeee
       113  ,,,,,,,,,,,,,,,,  2c2c2c2c2c2c2c2c2c2c2c2c2c2c2c2c
        91  8888888888888888  38383838383838383838383838383838
# epoch 13080  H=7.5102 C=7.1451 HO=0.3650  A(t)=1522
       288  <<<<<<<<<<<<<<<<  3c3c3c3c3c3c3c3c3c3c3c3c3c3c3c3c
       182  [[[[[[[[[[[[[[[[  5b5b5b5b5b5b5b5b5b5b5b5b5b5b5b5b
       176  ================  3d3d3d3d3d3d3d3d3d3d3d3d3d3d3d3d
       173  ????????????????  3f3f3f3f3f3f3f3f3f3f3f3f3f3f3f3f
       165  9999999999999999  39393939393939393939393939393939
       163  ;;;;;;;;;;;;;;;;  3b3b3b3b3b3b3b3b3b3b3b3b3b3b3b3b
       141  XXXXXXXXXXXXXXXX  58585858585858585858585858585858
       125  5555555555555555  35353535353535353535353535353535
       117  >>>>>>>>>>>>>>>>  3e3e3e3e3e3e3e3e3e3e3e3e3e3e3e3e
       110  \\\\\\\\\\\\\\\\  5c5c5c5c5c5c5c5c5c5c5c5c5c5c5c5c
# epoch 13100  H=7.5098 C=7.1442 HO=0.3656  A(t)=1522
       374  <<<<<<<<<<<<<<<<  3c3c3c3c3c3c3c3c3c3c3c3c3c3c3c3c
       252  ================  3d3d3d3d3d3d3d3d3d3d3d3d3d3d3d3d
       193  9999999999999999  39393939393939393939393939393939
       172  ;;;;;;;;;;;;;;;;  3b3b3b3b3b3b3b3b3b3b3b3b3b3b3b3b
       165  [[[[[[[[[[[[[[[[  5b5b5b5b5b5b5b5b5b5b5b5b5b5b5b5b
       161  ????????????????  3f3f3f3f3f3f3f3f3f3f3f3f3f3f3f3f
       130  XXXXXXXXXXXXXXXX  58585858585858585858585858585858
       119  >>>>>>>>>>>>>>>>  3e3e3e3e3e3e3e3e3e3e3e3e3e3e3e3e
       115  5555555555555555  35353535353535353535353535353535
       110  EEEEEEEEEEEEEEEE  45454545454545454545454545454545
# epoch 13120  H=7.5092 C=7.1410 HO=0.3682  A(t)=1522
       310  <<<<<<<<<<<<<<<<  3c3c3c3c3c3c3c3c3c3c3c3c3c3c3c3c
       238  ================  3d3d3d3d3d3d3d3d3d3d3d3d3d3d3d3d
       194  [[[[[[[[[[[[[[[[  5b5b5b5b5b5b5b5b5b5b5b5b5b5b5b5b
       189  \\\\\\\\\\\\\\\\  5c5c5c5c5c5c5c5c5c5c5c5c5c5c5c5c
       188  ????????????????  3f3f3f3f3f3f3f3f3f3f3f3f3f3f3f3f
       169  ;;;;;;;;;;;;;;;;  3b3b3b3b3b3b3b3b3b3b3b3b3b3b3b3b
       160  9999999999999999  39393939393939393939393939393939
       133  ,,,,,,,,,,,,,,,,  2c2c2c2c2c2c2c2c2c2c2c2c2c2c2c2c
       129  >>>>>>>>>>>>>>>>  3e3e3e3e3e3e3e3e3e3e3e3e3e3e3e3e
       125  XXXXXXXXXXXXXXXX  58585858585858585858585858585858
# epoch 13140  H=7.5125 C=7.1466 HO=0.3659  A(t)=1526
       283  <<<<<<<<<<<<<<<<  3c3c3c3c3c3c3c3c3c3c3c3c3c3c3c3c
       264  [[[[[[[[[[[[[[[[  5b5b5b5b5b5b5b5b5b5b5b5b5b5b5b5b
       230  ????????????????  3f3f3f3f3f3f3f3f3f3f3f3f3f3f3f3f
       227  ================  3d3d3d3d3d3d3d3d3d3d3d3d3d3d3d3d
       202  ,,,,,,,,,,,,,,,,  2c2c2c2c2c2c2c2c2c2c2c2c2c2c2c2c
       170  \\\\\\\\\\\\\\\\  5c5c5c5c5c5c5c5c5c5c5c5c5c5c5c5c
       144  9999999999999999  39393939393939393939393939393939
       133  ;;;;;;;;;;;;;;;;  3b3b3b3b3b3b3b3b3b3b3b3b3b3b3b3b
       129  >>>>>>>>>>>>>>>>  3e3e3e3e3e3e3e3e3e3e3e3e3e3e3e3e
       125  XXXXXXXXXXXXXXXX  58585858585858585858585858585858
# epoch 13160  H=7.5130 C=7.1509 HO=0.3621  A(t)=1529
       265  <<<<<<<<<<<<<<<<  3c3c3c3c3c3c3c3c3c3c3c3c3c3c3c3c
       251  [[[[[[[[[[[[[[[[  5b5b5b5b5b5b5b5b5b5b5b5b5b5b5b5b
       241  ????????????????  3f3f3f3f3f3f3f3f3f3f3f3f3f3f3f3f
       192  ================  3d3d3d3d3d3d3d3d3d3d3d3d3d3d3d3d
       184  \\\\\\\\\\\\\\\\  5c5c5c5c5c5c5c5c5c5c5c5c5c5c5c5c
       181  9999999999999999  39393939393939393939393939393939
       158  ,,,,,,,,,,,,,,,,  2c2c2c2c2c2c2c2c2c2c2c2c2c2c2c2c
       131  ****************  2a2a2a2a2a2a2a2a2a2a2a2a2a2a2a2a
       124  ;;;;;;;;;;;;;;;;  3b3b3b3b3b3b3b3b3b3b3b3b3b3b3b3b
       114  XXXXXXXXXXXXXXXX  58585858585858585858585858585858
# epoch 13180  H=7.5172 C=7.1452 HO=0.3720  A(t)=1529
       306  ????????????????  3f3f3f3f3f3f3f3f3f3f3f3f3f3f3f3f
       287  [[[[[[[[[[[[[[[[  5b5b5b5b5b5b5b5b5b5b5b5b5b5b5b5b
       217  <<<<<<<<<<<<<<<<  3c3c3c3c3c3c3c3c3c3c3c3c3c3c3c3c
       188  ================  3d3d3d3d3d3d3d3d3d3d3d3d3d3d3d3d
       187  ,,,,,,,,,,,,,,,,  2c2c2c2c2c2c2c2c2c2c2c2c2c2c2c2c
       172  9999999999999999  39393939393939393939393939393939
       166  \\\\\\\\\\\\\\\\  5c5c5c5c5c5c5c5c5c5c5c5c5c5c5c5c
       153  ;;;;;;;;;;;;;;;;  3b3b3b3b3b3b3b3b3b3b3b3b3b3b3b3b
       114  5555555555555555  35353535353535353535353535353535
       101  ****************  2a2a2a2a2a2a2a2a2a2a2a2a2a2a2a2a
# epoch 13200  H=7.5166 C=7.1393 HO=0.3773  A(t)=1534
       343  <<<<<<<<<<<<<<<<  3c3c3c3c3c3c3c3c3c3c3c3c3c3c3c3c
       315  [[[[[[[[[[[[[[[[  5b5b5b5b5b5b5b5b5b5b5b5b5b5b5b5b
       241  ????????????????  3f3f3f3f3f3f3f3f3f3f3f3f3f3f3f3f
       217  ================  3d3d3d3d3d3d3d3d3d3d3d3d3d3d3d3d
       195  9999999999999999  39393939393939393939393939393939
       191  ,,,,,,,,,,,,,,,,  2c2c2c2c2c2c2c2c2c2c2c2c2c2c2c2c
       146  >>>>>>>>>>>>>>>>  3e3e3e3e3e3e3e3e3e3e3e3e3e3e3e3e
       141  ;;;;;;;;;;;;;;;;  3b3b3b3b3b3b3b3b3b3b3b3b3b3b3b3b
       139  5555555555555555  35353535353535353535353535353535
       130  \\\\\\\\\\\\\\\\  5c5c5c5c5c5c5c5c5c5c5c5c5c5c5c5c
# epoch 13220  H=7.5175 C=7.1377 HO=0.3798  A(t)=1536
       335  <<<<<<<<<<<<<<<<  3c3c3c3c3c3c3c3c3c3c3c3c3c3c3c3c
       265  [[[[[[[[[[[[[[[[  5b5b5b5b5b5b5b5b5b5b5b5b5b5b5b5b
       236  ????????????????  3f3f3f3f3f3f3f3f3f3f3f3f3f3f3f3f
       189  9999999999999999  39393939393939393939393939393939
       165  ,,,,,,,,,,,,,,,,  2c2c2c2c2c2c2c2c2c2c2c2c2c2c2c2c
       164  ::::::::::::::::  3a3a3a3a3a3a3a3a3a3a3a3a3a3a3a3a
       162  ;;;;;;;;;;;;;;;;  3b3b3b3b3b3b3b3b3b3b3b3b3b3b3b3b
       158  ================  3d3d3d3d3d3d3d3d3d3d3d3d3d3d3d3d
       117  ................  e6e6e6e6e6e6e6e6e6e6e6e6e6e6e6e6
       116  \\\\\\\\\\\\\\\\  5c5c5c5c5c5c5c5c5c5c5c5c5c5c5c5c
# epoch 13240  H=7.5174 C=7.1401 HO=0.3773  A(t)=1538
       288  <<<<<<<<<<<<<<<<  3c3c3c3c3c3c3c3c3c3c3c3c3c3c3c3c
       257  9999999999999999  39393939393939393939393939393939
       243  [[[[[[[[[[[[[[[[  5b5b5b5b5b5b5b5b5b5b5b5b5b5b5b5b
       230  ;;;;;;;;;;;;;;;;  3b3b3b3b3b3b3b3b3b3b3b3b3b3b3b3b
       229  ????????????????  3f3f3f3f3f3f3f3f3f3f3f3f3f3f3f3f
       140  ................  d4d4d4d4d4d4d4d4d4d4d4d4d4d4d4d4
       135  ,,,,,,,,,,,,,,,,  2c2c2c2c2c2c2c2c2c2c2c2c2c2c2c2c
       129  ::::::::::::::::  3a3a3a3a3a3a3a3a3a3a3a3a3a3a3a3a
       118  ================  3d3d3d3d3d3d3d3d3d3d3d3d3d3d3d3d
       110  ................  e6e6e6e6e6e6e6e6e6e6e6e6e6e6e6e6
# epoch 13260  H=7.5185 C=7.1431 HO=0.3755  A(t)=1542
       244  [[[[[[[[[[[[[[[[  5b5b5b5b5b5b5b5b5b5b5b5b5b5b5b5b
       239  <<<<<<<<<<<<<<<<  3c3c3c3c3c3c3c3c3c3c3c3c3c3c3c3c
       222  9999999999999999  39393939393939393939393939393939
       217  ????????????????  3f3f3f3f3f3f3f3f3f3f3f3f3f3f3f3f
       172  ;;;;;;;;;;;;;;;;  3b3b3b3b3b3b3b3b3b3b3b3b3b3b3b3b
       167  @@@@@@@@@@@@@@@@  40404040404040404040404040404040
       166  ,,,,,,,,,,,,,,,,  2c2c2c2c2c2c2c2c2c2c2c2c2c2c2c2c
       154  >>>>>>>>>>>>>>>>  3e3e3e3e3e3e3e3e3e3e3e3e3e3e3e3e
       124  ================  3d3d3d3d3d3d3d3d3d3d3d3d3d3d3d3d
       118  ................  94949494949494949494949494949494
# epoch 13280  H=7.5193 C=7.1436 HO=0.3758  A(t)=1544
       277  [[[[[[[[[[[[[[[[  5b5b5b5b5b5b5b5b5b5b5b5b5b5b5b5b
       239  <<<<<<<<<<<<<<<<  3c3c3c3c3c3c3c3c3c3c3c3c3c3c3c3c
       221  9999999999999999  39393939393939393939393939393939
       165  ;;;;;;;;;;;;;;;;  3b3b3b3b3b3b3b3b3b3b3b3b3b3b3b3b
       148  @@@@@@@@@@@@@@@@  40404040404040404040404040404040
       148  ????????????????  3f3f3f3f3f3f3f3f3f3f3f3f3f3f3f3f
       146  ,,,,,,,,,,,,,,,,  2c2c2c2c2c2c2c2c2c2c2c2c2c2c2c2c
       135  >>>>>>>>>>>>>>>>  3e3e3e3e3e3e3e3e3e3e3e3e3e3e3e3e
       116  ================  3d3d3d3d3d3d3d3d3d3d3d3d3d3d3d3d
       115  ::::::::::::::::  3a3a3a3a3a3a3a3a3a3a3a3a3a3a3a3a
# epoch 13300  H=7.5200 C=7.1510 HO=0.3690  A(t)=1545
       272  [[[[[[[[[[[[[[[[  5b5b5b5b5b5b5b5b5b5b5b5b5b5b5b5b
       262  <<<<<<<<<<<<<<<<  3c3c3c3c3c3c3c3c3c3c3c3c3c3c3c3c
       222  ;;;;;;;;;;;;;;;;  3b3b3b3b3b3b3b3b3b3b3b3b3b3b3b3b
       221  ,,,,,,,,,,,,,,,,  2c2c2c2c2c2c2c2c2c2c2c2c2c2c2c2c
       208  9999999999999999  39393939393939393939393939393939
       165  ????????????????  3f3f3f3f3f3f3f3f3f3f3f3f3f3f3f3f
       144  @@@@@@@@@@@@@@@@  40404040404040404040404040404040
       130  5555555555555555  35353535353535353535353535353535
       124  >>>>>>>>>>>>>>>>  3e3e3e3e3e3e3e3e3e3e3e3e3e3e3e3e
       101  ::::::::::::::::  3a3a3a3a3a3a3a3a3a3a3a3a3a3a3a3a
# epoch 13320  H=7.5194 C=7.1562 HO=0.3631  A(t)=1547
       308  [[[[[[[[[[[[[[[[  5b5b5b5b5b5b5b5b5b5b5b5b5b5b5b5b
       237  9999999999999999  39393939393939393939393939393939
       225  ,,,,,,,,,,,,,,,,  2c2c2c2c2c2c2c2c2c2c2c2c2c2c2c2c
       189  ;;;;;;;;;;;;;;;;  3b3b3b3b3b3b3b3b3b3b3b3b3b3b3b3b
       186  <<<<<<<<<<<<<<<<  3c3c3c3c3c3c3c3c3c3c3c3c3c3c3c3c
       127  ????????????????  3f3f3f3f3f3f3f3f3f3f3f3f3f3f3f3f
       124  EEEEEEEEEEEEEEEE  45454545454545454545454545454545
       121  5555555555555555  35353535353535353535353535353535
       115  >>>>>>>>>>>>>>>>  3e3e3e3e3e3e3e3e3e3e3e3e3e3e3e3e
       112  @@@@@@@@@@@@@@@@  40404040404040404040404040404040
# epoch 13340  H=7.5226 C=7.1587 HO=0.3639  A(t)=1547
       258  [[[[[[[[[[[[[[[[  5b5b5b5b5b5b5b5b5b5b5b5b5b5b5b5b
       193  9999999999999999  39393939393939393939393939393939
       185  ,,,,,,,,,,,,,,,,  2c2c2c2c2c2c2c2c2c2c2c2c2c2c2c2c
       151  <<<<<<<<<<<<<<<<  3c3c3c3c3c3c3c3c3c3c3c3c3c3c3c3c
       145  >>>>>>>>>>>>>>>>  3e3e3e3e3e3e3e3e3e3e3e3e3e3e3e3e
       137  ;;;;;;;;;;;;;;;;  3b3b3b3b3b3b3b3b3b3b3b3b3b3b3b3b
       133  5555555555555555  35353535353535353535353535353535
       110  ????????????????  3f3f3f3f3f3f3f3f3f3f3f3f3f3f3f3f
       103  ****************  2a2a2a2a2a2a2a2a2a2a2a2a2a2a2a2a
        98  @@@@@@@@@@@@@@@@  40404040404040404040404040404040
# epoch 13360  H=7.5192 C=7.1532 HO=0.3661  A(t)=1549
       263  [[[[[[[[[[[[[[[[  5b5b5b5b5b5b5b5b5b5b5b5b5b5b5b5b
       168  ,,,,,,,,,,,,,,,,  2c2c2c2c2c2c2c2c2c2c2c2c2c2c2c2c
       164  ................  13131313131313131313131313131313
       154  9999999999999999  39393939393939393939393939393939
       141  @@@@@@@@@@@@@@@@  40404040404040404040404040404040
       137  GGGGGGGGGGGGGGGG  47474747474747474747474747474747
       129  ;;;;;;;;;;;;;;;;  3b3b3b3b3b3b3b3b3b3b3b3b3b3b3b3b
       128  5555555555555555  35353535353535353535353535353535
       123  <<<<<<<<<<<<<<<<  3c3c3c3c3c3c3c3c3c3c3c3c3c3c3c3c
       121  >>>>>>>>>>>>>>>>  3e3e3e3e3e3e3e3e3e3e3e3e3e3e3e3e
# epoch 13380  H=7.5174 C=7.1556 HO=0.3618  A(t)=1551
       250  ;;;;;;;;;;;;;;;;  3b3b3b3b3b3b3b3b3b3b3b3b3b3b3b3b
       238  [[[[[[[[[[[[[[[[  5b5b5b5b5b5b5b5b5b5b5b5b5b5b5b5b
       192  ,,,,,,,,,,,,,,,,  2c2c2c2c2c2c2c2c2c2c2c2c2c2c2c2c
       161  9999999999999999  39393939393939393939393939393939
       143  @@@@@@@@@@@@@@@@  40404040404040404040404040404040
       125  ................  13131313131313131313131313131313
       124  GGGGGGGGGGGGGGGG  47474747474747474747474747474747
       119  5555555555555555  35353535353535353535353535353535
        98  BBBBBBBBBBBBBBBB  42424242424242424242424242424242
        95  8888888888888888  38383838383838383838383838383838
# epoch 13400  H=7.5140 C=7.1578 HO=0.3562  A(t)=1551
       247  [[[[[[[[[[[[[[[[  5b5b5b5b5b5b5b5b5b5b5b5b5b5b5b5b
       230  ;;;;;;;;;;;;;;;;  3b3b3b3b3b3b3b3b3b3b3b3b3b3b3b3b
       226  <<<<<<<<<<<<<<<<  3c3c3c3c3c3c3c3c3c3c3c3c3c3c3c3c
       137  ,,,,,,,,,,,,,,,,  2c2c2c2c2c2c2c2c2c2c2c2c2c2c2c2c
       135  ................  fafafafafafafafafafafafafafafafa
       119  9999999999999999  39393939393939393939393939393939
       113  GGGGGGGGGGGGGGGG  47474747474747474747474747474747
       107  5555555555555555  35353535353535353535353535353535
        99  >>>>>>>>>>>>>>>>  3e3e3e3e3e3e3e3e3e3e3e3e3e3e3e3e
        98  @@@@@@@@@@@@@@@@  40404040404040404040404040404040
# epoch 13420  H=7.5129 C=7.1542 HO=0.3587  A(t)=1551
       303  <<<<<<<<<<<<<<<<  3c3c3c3c3c3c3c3c3c3c3c3c3c3c3c3c
       211  ;;;;;;;;;;;;;;;;  3b3b3b3b3b3b3b3b3b3b3b3b3b3b3b3b
       191  [[[[[[[[[[[[[[[[  5b5b5b5b5b5b5b5b5b5b5b5b5b5b5b5b
       141  9999999999999999  39393939393939393939393939393939
       134  @@@@@@@@@@@@@@@@  40404040404040404040404040404040
       134  >>>>>>>>>>>>>>>>  3e3e3e3e3e3e3e3e3e3e3e3e3e3e3e3e
       121  ,,,,,,,,,,,,,,,,  2c2c2c2c2c2c2c2c2c2c2c2c2c2c2c2c
       115  ::::::::::::::::  3a3a3a3a3a3a3a3a3a3a3a3a3a3a3a3a
       104  GGGGGGGGGGGGGGGG  47474747474747474747474747474747
        98  ................  95959595959595959595959595959595
# epoch 13440  H=7.5161 C=7.1616 HO=0.3545  A(t)=1551
       293  <<<<<<<<<<<<<<<<  3c3c3c3c3c3c3c3c3c3c3c3c3c3c3c3c
       203  ;;;;;;;;;;;;;;;;  3b3b3b3b3b3b3b3b3b3b3b3b3b3b3b3b
       168  [[[[[[[[[[[[[[[[  5b5b5b5b5b5b5b5b5b5b5b5b5b5b5b5b
       165  ,,,,,,,,,,,,,,,,  2c2c2c2c2c2c2c2c2c2c2c2c2c2c2c2c
       139  ))))))))))))))))  29292929292929292929292929292929
       129  >>>>>>>>>>>>>>>>  3e3e3e3e3e3e3e3e3e3e3e3e3e3e3e3e
       129  9999999999999999  39393939393939393939393939393939
       121  ================  3d3d3d3d3d3d3d3d3d3d3d3d3d3d3d3d
       107  0000000000000000  30303030303030303030303030303030
        94  ................  1e1e1e1e1e1e1e1e1e1e1e1e1e1e1e1e
# epoch 13460  H=7.5131 C=7.1618 HO=0.3513  A(t)=1553
       284  <<<<<<<<<<<<<<<<  3c3c3c3c3c3c3c3c3c3c3c3c3c3c3c3c
       217  ;;;;;;;;;;;;;;;;  3b3b3b3b3b3b3b3b3b3b3b3b3b3b3b3b
       149  ,,,,,,,,,,,,,,,,  2c2c2c2c2c2c2c2c2c2c2c2c2c2c2c2c
       148  [[[[[[[[[[[[[[[[  5b5b5b5b5b5b5b5b5b5b5b5b5b5b5b5b
       139  ))))))))))))))))  29292929292929292929292929292929
       132  ????????????????  3f3f3f3f3f3f3f3f3f3f3f3f3f3f3f3f
       109  ================  3d3d3d3d3d3d3d3d3d3d3d3d3d3d3d3d
       106  0000000000000000  30303030303030303030303030303030
       105  9999999999999999  39393939393939393939393939393939
       104  ................  d4d4d4d4d4d4d4d4d4d4d4d4d4d4d4d4
# epoch 13480  H=7.5091 C=7.1583 HO=0.3508  A(t)=1553
       230  <<<<<<<<<<<<<<<<  3c3c3c3c3c3c3c3c3c3c3c3c3c3c3c3c
       197  ;;;;;;;;;;;;;;;;  3b3b3b3b3b3b3b3b3b3b3b3b3b3b3b3b
       177  ,,,,,,,,,,,,,,,,  2c2c2c2c2c2c2c2c2c2c2c2c2c2c2c2c
       147  9999999999999999  39393939393939393939393939393939
       140  ================  3d3d3d3d3d3d3d3d3d3d3d3d3d3d3d3d
       128  ????????????????  3f3f3f3f3f3f3f3f3f3f3f3f3f3f3f3f
       126  [[[[[[[[[[[[[[[[  5b5b5b5b5b5b5b5b5b5b5b5b5b5b5b5b
       125  ))))))))))))))))  29292929292929292929292929292929
       120  ::::::::::::::::  3a3a3a3a3a3a3a3a3a3a3a3a3a3a3a3a
       120  8888888888888888  38383838383838383838383838383838
# epoch 13500  H=7.5102 C=7.1535 HO=0.3566  A(t)=1553
       189  ;;;;;;;;;;;;;;;;  3b3b3b3b3b3b3b3b3b3b3b3b3b3b3b3b
       172  ,,,,,,,,,,,,,,,,  2c2c2c2c2c2c2c2c2c2c2c2c2c2c2c2c
       169  [[[[[[[[[[[[[[[[  5b5b5b5b5b5b5b5b5b5b5b5b5b5b5b5b
       168  ????????????????  3f3f3f3f3f3f3f3f3f3f3f3f3f3f3f3f
       146  ::::::::::::::::  3a3a3a3a3a3a3a3a3a3a3a3a3a3a3a3a
       136  9999999999999999  39393939393939393939393939393939
       135  ================  3d3d3d3d3d3d3d3d3d3d3d3d3d3d3d3d
       135  <<<<<<<<<<<<<<<<  3c3c3c3c3c3c3c3c3c3c3c3c3c3c3c3c
       122  >>>>>>>>>>>>>>>>  3e3e3e3e3e3e3e3e3e3e3e3e3e3e3e3e
       115  ))))))))))))))))  29292929292929292929292929292929
# epoch 13520  H=7.5099 C=7.1581 HO=0.3518  A(t)=1553
       206  ,,,,,,,,,,,,,,,,  2c2c2c2c2c2c2c2c2c2c2c2c2c2c2c2c
       184  ????????????????  3f3f3f3f3f3f3f3f3f3f3f3f3f3f3f3f
       183  ================  3d3d3d3d3d3d3d3d3d3d3d3d3d3d3d3d
       179  ;;;;;;;;;;;;;;;;  3b3b3b3b3b3b3b3b3b3b3b3b3b3b3b3b
       140  [[[[[[[[[[[[[[[[  5b5b5b5b5b5b5b5b5b5b5b5b5b5b5b5b
       121  <<<<<<<<<<<<<<<<  3c3c3c3c3c3c3c3c3c3c3c3c3c3c3c3c
       120  ::::::::::::::::  3a3a3a3a3a3a3a3a3a3a3a3a3a3a3a3a
       120  9999999999999999  39393939393939393939393939393939
       112  ))))))))))))))))  29292929292929292929292929292929
       101  5555555555555555  35353535353535353535353535353535
# epoch 13540  H=7.5066 C=7.1531 HO=0.3535  A(t)=1559
       214  ================  3d3d3d3d3d3d3d3d3d3d3d3d3d3d3d3d
       189  ,,,,,,,,,,,,,,,,  2c2c2c2c2c2c2c2c2c2c2c2c2c2c2c2c
       171  ;;;;;;;;;;;;;;;;  3b3b3b3b3b3b3b3b3b3b3b3b3b3b3b3b
       156  ????????????????  3f3f3f3f3f3f3f3f3f3f3f3f3f3f3f3f
       128  [[[[[[[[[[[[[[[[  5b5b5b5b5b5b5b5b5b5b5b5b5b5b5b5b
       123  ::::::::::::::::  3a3a3a3a3a3a3a3a3a3a3a3a3a3a3a3a
       122  >>>>>>>>>>>>>>>>  3e3e3e3e3e3e3e3e3e3e3e3e3e3e3e3e
       114  <<<<<<<<<<<<<<<<  3c3c3c3c3c3c3c3c3c3c3c3c3c3c3c3c
       113  9999999999999999  39393939393939393939393939393939
       106  2222222222222222  32323232323232323232323232323232
# epoch 13560  H=7.5029 C=7.1548 HO=0.3481  A(t)=1559
       188  ;;;;;;;;;;;;;;;;  3b3b3b3b3b3b3b3b3b3b3b3b3b3b3b3b
       186  ================  3d3d3d3d3d3d3d3d3d3d3d3d3d3d3d3d
       170  <<<<<<<<<<<<<<<<  3c3c3c3c3c3c3c3c3c3c3c3c3c3c3c3c
       166  ,,,,,,,,,,,,,,,,  2c2c2c2c2c2c2c2c2c2c2c2c2c2c2c2c
       154  >>>>>>>>>>>>>>>>  3e3e3e3e3e3e3e3e3e3e3e3e3e3e3e3e
       130  ????????????????  3f3f3f3f3f3f3f3f3f3f3f3f3f3f3f3f
       124  5555555555555555  35353535353535353535353535353535
       111  ................  d0d0d0d0d0d0d0d0d0d0d0d0d0d0d0d0
       108  [[[[[[[[[[[[[[[[  5b5b5b5b5b5b5b5b5b5b5b5b5b5b5b5b
       103  ::::::::::::::::  3a3a3a3a3a3a3a3a3a3a3a3a3a3a3a3a
# epoch 13580  H=7.5054 C=7.1615 HO=0.3439  A(t)=1559
       203  >>>>>>>>>>>>>>>>  3e3e3e3e3e3e3e3e3e3e3e3e3e3e3e3e
       190  ,,,,,,,,,,,,,,,,  2c2c2c2c2c2c2c2c2c2c2c2c2c2c2c2c
       180  ;;;;;;;;;;;;;;;;  3b3b3b3b3b3b3b3b3b3b3b3b3b3b3b3b
       180  ::::::::::::::::  3a3a3a3a3a3a3a3a3a3a3a3a3a3a3a3a
       175  ================  3d3d3d3d3d3d3d3d3d3d3d3d3d3d3d3d
       152  <<<<<<<<<<<<<<<<  3c3c3c3c3c3c3c3c3c3c3c3c3c3c3c3c
       122  ????????????????  3f3f3f3f3f3f3f3f3f3f3f3f3f3f3f3f
       107  [[[[[[[[[[[[[[[[  5b5b5b5b5b5b5b5b5b5b5b5b5b5b5b5b
       102  ................  d0d0d0d0d0d0d0d0d0d0d0d0d0d0d0d0
        99  5555555555555555  35353535353535353535353535353535
# epoch 13600  H=7.5043 C=7.1662 HO=0.3382  A(t)=1559
       226  ================  3d3d3d3d3d3d3d3d3d3d3d3d3d3d3d3d
       176  ,,,,,,,,,,,,,,,,  2c2c2c2c2c2c2c2c2c2c2c2c2c2c2c2c
       168  ::::::::::::::::  3a3a3a3a3a3a3a3a3a3a3a3a3a3a3a3a
       158  ;;;;;;;;;;;;;;;;  3b3b3b3b3b3b3b3b3b3b3b3b3b3b3b3b
       157  >>>>>>>>>>>>>>>>  3e3e3e3e3e3e3e3e3e3e3e3e3e3e3e3e
       156  <<<<<<<<<<<<<<<<  3c3c3c3c3c3c3c3c3c3c3c3c3c3c3c3c
       119  ))))))))))))))))  29292929292929292929292929292929
       113  ????????????????  3f3f3f3f3f3f3f3f3f3f3f3f3f3f3f3f
       103  ................  b4b4b4b4b4b4b4b4b4b4b4b4b4b4b4b4
        99  [[[[[[[[[[[[[[[[  5b5b5b5b5b5b5b5b5b5b5b5b5b5b5b5b
# epoch 13620  H=7.5012 C=7.1639 HO=0.3373  A(t)=1561
       244  <<<<<<<<<<<<<<<<  3c3c3c3c3c3c3c3c3c3c3c3c3c3c3c3c
       191  >>>>>>>>>>>>>>>>  3e3e3e3e3e3e3e3e3e3e3e3e3e3e3e3e
       191  ================  3d3d3d3d3d3d3d3d3d3d3d3d3d3d3d3d
       184  ::::::::::::::::  3a3a3a3a3a3a3a3a3a3a3a3a3a3a3a3a
       162  ,,,,,,,,,,,,,,,,  2c2c2c2c2c2c2c2c2c2c2c2c2c2c2c2c
       154  ;;;;;;;;;;;;;;;;  3b3b3b3b3b3b3b3b3b3b3b3b3b3b3b3b
        96  ................  b4b4b4b4b4b4b4b4b4b4b4b4b4b4b4b4
        91  [[[[[[[[[[[[[[[[  5b5b5b5b5b5b5b5b5b5b5b5b5b5b5b5b
        91  ????????????????  3f3f3f3f3f3f3f3f3f3f3f3f3f3f3f3f
        90  8888888888888888  38383838383838383838383838383838
# epoch 13640  H=7.5007 C=7.1702 HO=0.3304  A(t)=1566
       216  <<<<<<<<<<<<<<<<  3c3c3c3c3c3c3c3c3c3c3c3c3c3c3c3c
       188  ,,,,,,,,,,,,,,,,  2c2c2c2c2c2c2c2c2c2c2c2c2c2c2c2c
       175  >>>>>>>>>>>>>>>>  3e3e3e3e3e3e3e3e3e3e3e3e3e3e3e3e
       158  ::::::::::::::::  3a3a3a3a3a3a3a3a3a3a3a3a3a3a3a3a
       154  ================  3d3d3d3d3d3d3d3d3d3d3d3d3d3d3d3d
       130  0000000000000000  30303030303030303030303030303030
       119  8888888888888888  38383838383838383838383838383838
       110  LLLLLLLLLLLLLLLL  4c4c4c4c4c4c4c4c4c4c4c4c4c4c4c4c
       107  ;;;;;;;;;;;;;;;;  3b3b3b3b3b3b3b3b3b3b3b3b3b3b3b3b
        92  [[[[[[[[[[[[[[[[  5b5b5b5b5b5b5b5b5b5b5b5b5b5b5b5b
# epoch 13660  H=7.5000 C=7.1651 HO=0.3349  A(t)=1566
       213  <<<<<<<<<<<<<<<<  3c3c3c3c3c3c3c3c3c3c3c3c3c3c3c3c
       165  ,,,,,,,,,,,,,,,,  2c2c2c2c2c2c2c2c2c2c2c2c2c2c2c2c
       144  ;;;;;;;;;;;;;;;;  3b3b3b3b3b3b3b3b3b3b3b3b3b3b3b3b
       135  ::::::::::::::::  3a3a3a3a3a3a3a3a3a3a3a3a3a3a3a3a
       131  ================  3d3d3d3d3d3d3d3d3d3d3d3d3d3d3d3d
       121  LLLLLLLLLLLLLLLL  4c4c4c4c4c4c4c4c4c4c4c4c4c4c4c4c
       120  >>>>>>>>>>>>>>>>  3e3e3e3e3e3e3e3e3e3e3e3e3e3e3e3e
        92  AAAAAAAAAAAAAAAA  41414141414141414141414141414141
        89  ))))))))))))))))  29292929292929292929292929292929
        84  8888888888888888  38383838383838383838383838383838
# epoch 13680  H=7.5013 C=7.1678 HO=0.3335  A(t)=1572
       208  ;;;;;;;;;;;;;;;;  3b3b3b3b3b3b3b3b3b3b3b3b3b3b3b3b
       146  <<<<<<<<<<<<<<<<  3c3c3c3c3c3c3c3c3c3c3c3c3c3c3c3c
       145  >>>>>>>>>>>>>>>>  3e3e3e3e3e3e3e3e3e3e3e3e3e3e3e3e
       144  ,,,,,,,,,,,,,,,,  2c2c2c2c2c2c2c2c2c2c2c2c2c2c2c2c
       120  ================  3d3d3d3d3d3d3d3d3d3d3d3d3d3d3d3d
       115  ::::::::::::::::  3a3a3a3a3a3a3a3a3a3a3a3a3a3a3a3a
        94  ................  9e9e9e9e9e9e9e9e9e9e9e9e9e9e9e9e
        90  [[[[[[[[[[[[[[[[  5b5b5b5b5b5b5b5b5b5b5b5b5b5b5b5b
        87  LLLLLLLLLLLLLLLL  4c4c4c4c4c4c4c4c4c4c4c4c4c4c4c4c
        77  ................  b4b4b4b4b4b4b4b4b4b4b4b4b4b4b4b4
# epoch 13700  H=7.5035 C=7.1779 HO=0.3257  A(t)=1576
       160  <<<<<<<<<<<<<<<<  3c3c3c3c3c3c3c3c3c3c3c3c3c3c3c3c
       154  ;;;;;;;;;;;;;;;;  3b3b3b3b3b3b3b3b3b3b3b3b3b3b3b3b
       131  ,,,,,,,,,,,,,,,,  2c2c2c2c2c2c2c2c2c2c2c2c2c2c2c2c
       123  ................  9e9e9e9e9e9e9e9e9e9e9e9e9e9e9e9e
       107  ::::::::::::::::  3a3a3a3a3a3a3a3a3a3a3a3a3a3a3a3a
       105  ================  3d3d3d3d3d3d3d3d3d3d3d3d3d3d3d3d
       104  >>>>>>>>>>>>>>>>  3e3e3e3e3e3e3e3e3e3e3e3e3e3e3e3e
        90  [[[[[[[[[[[[[[[[  5b5b5b5b5b5b5b5b5b5b5b5b5b5b5b5b
        68  AAAAAAAAAAAAAAAA  41414141414141414141414141414141
        65  LLLLLLLLLLLLLLLL  4c4c4c4c4c4c4c4c4c4c4c4c4c4c4c4c
# epoch 13720  H=7.5020 C=7.1847 HO=0.3173  A(t)=1576
       257  <<<<<<<<<<<<<<<<  3c3c3c3c3c3c3c3c3c3c3c3c3c3c3c3c
       137  ::::::::::::::::  3a3a3a3a3a3a3a3a3a3a3a3a3a3a3a3a
       136  ================  3d3d3d3d3d3d3d3d3d3d3d3d3d3d3d3d
       136  ;;;;;;;;;;;;;;;;  3b3b3b3b3b3b3b3b3b3b3b3b3b3b3b3b
       111  AAAAAAAAAAAAAAAA  41414141414141414141414141414141
       109  ................  9e9e9e9e9e9e9e9e9e9e9e9e9e9e9e9e
       102  ,,,,,,,,,,,,,,,,  2c2c2c2c2c2c2c2c2c2c2c2c2c2c2c2c
        97  ................  b4b4b4b4b4b4b4b4b4b4b4b4b4b4b4b4
        90  [[[[[[[[[[[[[[[[  5b5b5b5b5b5b5b5b5b5b5b5b5b5b5b5b
        69  ................  88888888888888888888888888888888
# epoch 13740  H=7.5064 C=7.1926 HO=0.3139  A(t)=1576
       180  <<<<<<<<<<<<<<<<  3c3c3c3c3c3c3c3c3c3c3c3c3c3c3c3c
       172  ::::::::::::::::  3a3a3a3a3a3a3a3a3a3a3a3a3a3a3a3a
       165  ;;;;;;;;;;;;;;;;  3b3b3b3b3b3b3b3b3b3b3b3b3b3b3b3b
       145  ================  3d3d3d3d3d3d3d3d3d3d3d3d3d3d3d3d
       102  >>>>>>>>>>>>>>>>  3e3e3e3e3e3e3e3e3e3e3e3e3e3e3e3e
       102  ,,,,,,,,,,,,,,,,  2c2c2c2c2c2c2c2c2c2c2c2c2c2c2c2c
       100  ................  9e9e9e9e9e9e9e9e9e9e9e9e9e9e9e9e
        77  ................  bcbcbcbcbcbcbcbcbcbcbcbcbcbcbcbc
        74  [[[[[[[[[[[[[[[[  5b5b5b5b5b5b5b5b5b5b5b5b5b5b5b5b
        71  AAAAAAAAAAAAAAAA  41414141414141414141414141414141
# epoch 13760  H=7.5073 C=7.1947 HO=0.3125  A(t)=1576
       223  <<<<<<<<<<<<<<<<  3c3c3c3c3c3c3c3c3c3c3c3c3c3c3c3c
       211  ::::::::::::::::  3a3a3a3a3a3a3a3a3a3a3a3a3a3a3a3a
       179  ;;;;;;;;;;;;;;;;  3b3b3b3b3b3b3b3b3b3b3b3b3b3b3b3b
       141  ================  3d3d3d3d3d3d3d3d3d3d3d3d3d3d3d3d
       119  ,,,,,,,,,,,,,,,,  2c2c2c2c2c2c2c2c2c2c2c2c2c2c2c2c
       106  >>>>>>>>>>>>>>>>  3e3e3e3e3e3e3e3e3e3e3e3e3e3e3e3e
        97  8888888888888888  38383838383838383838383838383838
        89  ................  9e9e9e9e9e9e9e9e9e9e9e9e9e9e9e9e
        77  9999999999999999  39393939393939393939393939393939
        74  ................  bcbcbcbcbcbcbcbcbcbcbcbcbcbcbcbc
# epoch 13780  H=7.5077 C=7.1989 HO=0.3088  A(t)=1581
       214  ::::::::::::::::  3a3a3a3a3a3a3a3a3a3a3a3a3a3a3a3a
       176  <<<<<<<<<<<<<<<<  3c3c3c3c3c3c3c3c3c3c3c3c3c3c3c3c
       164  ;;;;;;;;;;;;;;;;  3b3b3b3b3b3b3b3b3b3b3b3b3b3b3b3b
       156  ,,,,,,,,,,,,,,,,  2c2c2c2c2c2c2c2c2c2c2c2c2c2c2c2c
       119  ================  3d3d3d3d3d3d3d3d3d3d3d3d3d3d3d3d
       103  >>>>>>>>>>>>>>>>  3e3e3e3e3e3e3e3e3e3e3e3e3e3e3e3e
       101  ))))))))))))))))  29292929292929292929292929292929
        72  ................  9e9e9e9e9e9e9e9e9e9e9e9e9e9e9e9e
        70  8888888888888888  38383838383838383838383838383838
        67  ................  b4b4b4b4b4b4b4b4b4b4b4b4b4b4b4b4
# epoch 13800  H=7.5069 C=7.2002 HO=0.3067  A(t)=1583
       236  ::::::::::::::::  3a3a3a3a3a3a3a3a3a3a3a3a3a3a3a3a
       198  <<<<<<<<<<<<<<<<  3c3c3c3c3c3c3c3c3c3c3c3c3c3c3c3c
       155  ,,,,,,,,,,,,,,,,  2c2c2c2c2c2c2c2c2c2c2c2c2c2c2c2c
       133  ;;;;;;;;;;;;;;;;  3b3b3b3b3b3b3b3b3b3b3b3b3b3b3b3b
       117  ================  3d3d3d3d3d3d3d3d3d3d3d3d3d3d3d3d
       106  >>>>>>>>>>>>>>>>  3e3e3e3e3e3e3e3e3e3e3e3e3e3e3e3e
        92  ))))))))))))))))  29292929292929292929292929292929
        61  """"""""""""""""  22222222222222222222222222222222
        58  ................  fafafafafafafafafafafafafafafafa
        58  AAAAAAAAAAAAAAAA  41414141414141414141414141414141
# epoch 13820  H=7.5080 C=7.1989 HO=0.3092  A(t)=1588
       214  <<<<<<<<<<<<<<<<  3c3c3c3c3c3c3c3c3c3c3c3c3c3c3c3c
       202  ,,,,,,,,,,,,,,,,  2c2c2c2c2c2c2c2c2c2c2c2c2c2c2c2c
       195  ::::::::::::::::  3a3a3a3a3a3a3a3a3a3a3a3a3a3a3a3a
       165  ................  05050505050505050505050505050505
       155  ;;;;;;;;;;;;;;;;  3b3b3b3b3b3b3b3b3b3b3b3b3b3b3b3b
       142  >>>>>>>>>>>>>>>>  3e3e3e3e3e3e3e3e3e3e3e3e3e3e3e3e
       104  ================  3d3d3d3d3d3d3d3d3d3d3d3d3d3d3d3d
        94  9999999999999999  39393939393939393939393939393939
        86  ))))))))))))))))  29292929292929292929292929292929
        80  [[[[[[[[[[[[[[[[  5b5b5b5b5b5b5b5b5b5b5b5b5b5b5b5b
# epoch 13840  H=7.5057 C=7.1947 HO=0.3110  A(t)=1592
       239  <<<<<<<<<<<<<<<<  3c3c3c3c3c3c3c3c3c3c3c3c3c3c3c3c
       202  ,,,,,,,,,,,,,,,,  2c2c2c2c2c2c2c2c2c2c2c2c2c2c2c2c
       166  >>>>>>>>>>>>>>>>  3e3e3e3e3e3e3e3e3e3e3e3e3e3e3e3e
       159  ::::::::::::::::  3a3a3a3a3a3a3a3a3a3a3a3a3a3a3a3a
       149  ................  05050505050505050505050505050505
       126  9999999999999999  39393939393939393939393939393939
       124  ;;;;;;;;;;;;;;;;  3b3b3b3b3b3b3b3b3b3b3b3b3b3b3b3b
       120  [[[[[[[[[[[[[[[[  5b5b5b5b5b5b5b5b5b5b5b5b5b5b5b5b
        86  ))))))))))))))))  29292929292929292929292929292929
        75  5555555555555555  35353535353535353535353535353535
# epoch 13860  H=7.5036 C=7.1957 HO=0.3080  A(t)=1592
       205  ,,,,,,,,,,,,,,,,  2c2c2c2c2c2c2c2c2c2c2c2c2c2c2c2c
       193  >>>>>>>>>>>>>>>>  3e3e3e3e3e3e3e3e3e3e3e3e3e3e3e3e
       165  <<<<<<<<<<<<<<<<  3c3c3c3c3c3c3c3c3c3c3c3c3c3c3c3c
       150  [[[[[[[[[[[[[[[[  5b5b5b5b5b5b5b5b5b5b5b5b5b5b5b5b
       131  ;;;;;;;;;;;;;;;;  3b3b3b3b3b3b3b3b3b3b3b3b3b3b3b3b
       110  ................  05050505050505050505050505050505
       107  8888888888888888  38383838383838383838383838383838
       103  5555555555555555  35353535353535353535353535353535
       102  ================  3d3d3d3d3d3d3d3d3d3d3d3d3d3d3d3d
       101  ::::::::::::::::  3a3a3a3a3a3a3a3a3a3a3a3a3a3a3a3a
# epoch 13880  H=7.5008 C=7.1958 HO=0.3049  A(t)=1592
       258  ,,,,,,,,,,,,,,,,  2c2c2c2c2c2c2c2c2c2c2c2c2c2c2c2c
       167  >>>>>>>>>>>>>>>>  3e3e3e3e3e3e3e3e3e3e3e3e3e3e3e3e
       156  ;;;;;;;;;;;;;;;;  3b3b3b3b3b3b3b3b3b3b3b3b3b3b3b3b
       141  [[[[[[[[[[[[[[[[  5b5b5b5b5b5b5b5b5b5b5b5b5b5b5b5b
       131  8888888888888888  38383838383838383838383838383838
       125  <<<<<<<<<<<<<<<<  3c3c3c3c3c3c3c3c3c3c3c3c3c3c3c3c
       108  ::::::::::::::::  3a3a3a3a3a3a3a3a3a3a3a3a3a3a3a3a
        97  ================  3d3d3d3d3d3d3d3d3d3d3d3d3d3d3d3d
        93  ................  05050505050505050505050505050505
        85  5555555555555555  35353535353535353535353535353535
# epoch 13900  H=7.5064 C=7.2031 HO=0.3033  A(t)=1594
       225  ,,,,,,,,,,,,,,,,  2c2c2c2c2c2c2c2c2c2c2c2c2c2c2c2c
       167  >>>>>>>>>>>>>>>>  3e3e3e3e3e3e3e3e3e3e3e3e3e3e3e3e
       158  ;;;;;;;;;;;;;;;;  3b3b3b3b3b3b3b3b3b3b3b3b3b3b3b3b
       134  ::::::::::::::::  3a3a3a3a3a3a3a3a3a3a3a3a3a3a3a3a
       124  [[[[[[[[[[[[[[[[  5b5b5b5b5b5b5b5b5b5b5b5b5b5b5b5b
       119  8888888888888888  38383838383838383838383838383838
        91  ================  3d3d3d3d3d3d3d3d3d3d3d3d3d3d3d3d
        90  ................  05050505050505050505050505050505
        89  CCCCCCCCCCCCCCCC  43434343434343434343434343434343
        75  BBBBBBBBBBBBBBBB  42424242424242424242424242424242
# epoch 13920  H=7.5068 C=7.2075 HO=0.2993  A(t)=1594
       318  ,,,,,,,,,,,,,,,,  2c2c2c2c2c2c2c2c2c2c2c2c2c2c2c2c
       236  ;;;;;;;;;;;;;;;;  3b3b3b3b3b3b3b3b3b3b3b3b3b3b3b3b
       144  ::::::::::::::::  3a3a3a3a3a3a3a3a3a3a3a3a3a3a3a3a
       132  >>>>>>>>>>>>>>>>  3e3e3e3e3e3e3e3e3e3e3e3e3e3e3e3e
       119  8888888888888888  38383838383838383838383838383838
       115  [[[[[[[[[[[[[[[[  5b5b5b5b5b5b5b5b5b5b5b5b5b5b5b5b
        86  ................  c0c0c0c0c0c0c0c0c0c0c0c0c0c0c0c0
        85  ................  05050505050505050505050505050505
        84  CCCCCCCCCCCCCCCC  43434343434343434343434343434343
        80  ================  3d3d3d3d3d3d3d3d3d3d3d3d3d3d3d3d
# epoch 13940  H=7.5033 C=7.2005 HO=0.3027  A(t)=1594
       355  ,,,,,,,,,,,,,,,,  2c2c2c2c2c2c2c2c2c2c2c2c2c2c2c2c
       226  ;;;;;;;;;;;;;;;;  3b3b3b3b3b3b3b3b3b3b3b3b3b3b3b3b
       186  [[[[[[[[[[[[[[[[  5b5b5b5b5b5b5b5b5b5b5b5b5b5b5b5b
       184  <<<<<<<<<<<<<<<<  3c3c3c3c3c3c3c3c3c3c3c3c3c3c3c3c
       139  ................  ffffffffffffffffffffffffffffffff
       134  ================  3d3d3d3d3d3d3d3d3d3d3d3d3d3d3d3d
       119  8888888888888888  38383838383838383838383838383838
       111  ::::::::::::::::  3a3a3a3a3a3a3a3a3a3a3a3a3a3a3a3a
        98  7777777777777777  37373737373737373737373737373737
        97  ................  e6e6e6e6e6e6e6e6e6e6e6e6e6e6e6e6
# epoch 13960  H=7.5068 C=7.2003 HO=0.3065  A(t)=1594
       399  ,,,,,,,,,,,,,,,,  2c2c2c2c2c2c2c2c2c2c2c2c2c2c2c2c
       202  <<<<<<<<<<<<<<<<  3c3c3c3c3c3c3c3c3c3c3c3c3c3c3c3c
       196  ;;;;;;;;;;;;;;;;  3b3b3b3b3b3b3b3b3b3b3b3b3b3b3b3b
       189  [[[[[[[[[[[[[[[[  5b5b5b5b5b5b5b5b5b5b5b5b5b5b5b5b
       167  ::::::::::::::::  3a3a3a3a3a3a3a3a3a3a3a3a3a3a3a3a
       166  ================  3d3d3d3d3d3d3d3d3d3d3d3d3d3d3d3d
       105  8888888888888888  38383838383838383838383838383838
        96  ................  ffffffffffffffffffffffffffffffff
        91  ................  e6e6e6e6e6e6e6e6e6e6e6e6e6e6e6e6
        89  BBBBBBBBBBBBBBBB  42424242424242424242424242424242
# epoch 13980  H=7.5078 C=7.2051 HO=0.3027  A(t)=1596
       329  ,,,,,,,,,,,,,,,,  2c2c2c2c2c2c2c2c2c2c2c2c2c2c2c2c
       221  <<<<<<<<<<<<<<<<  3c3c3c3c3c3c3c3c3c3c3c3c3c3c3c3c
       218  ;;;;;;;;;;;;;;;;  3b3b3b3b3b3b3b3b3b3b3b3b3b3b3b3b
       169  ================  3d3d3d3d3d3d3d3d3d3d3d3d3d3d3d3d
       167  [[[[[[[[[[[[[[[[  5b5b5b5b5b5b5b5b5b5b5b5b5b5b5b5b
       153  >>>>>>>>>>>>>>>>  3e3e3e3e3e3e3e3e3e3e3e3e3e3e3e3e
       143  ::::::::::::::::  3a3a3a3a3a3a3a3a3a3a3a3a3a3a3a3a
       105  8888888888888888  38383838383838383838383838383838
        84  ................  ffffffffffffffffffffffffffffffff
        81  ................  e6e6e6e6e6e6e6e6e6e6e6e6e6e6e6e6
# epoch 14000  H=7.5123 C=7.2082 HO=0.3040  A(t)=1596
       351  ,,,,,,,,,,,,,,,,  2c2c2c2c2c2c2c2c2c2c2c2c2c2c2c2c
       284  <<<<<<<<<<<<<<<<  3c3c3c3c3c3c3c3c3c3c3c3c3c3c3c3c
       182  ;;;;;;;;;;;;;;;;  3b3b3b3b3b3b3b3b3b3b3b3b3b3b3b3b
       165  [[[[[[[[[[[[[[[[  5b5b5b5b5b5b5b5b5b5b5b5b5b5b5b5b
       163  ================  3d3d3d3d3d3d3d3d3d3d3d3d3d3d3d3d
       156  ::::::::::::::::  3a3a3a3a3a3a3a3a3a3a3a3a3a3a3a3a
       144  >>>>>>>>>>>>>>>>  3e3e3e3e3e3e3e3e3e3e3e3e3e3e3e3e
        94  BBBBBBBBBBBBBBBB  42424242424242424242424242424242
        79  ................  e6e6e6e6e6e6e6e6e6e6e6e6e6e6e6e6
        77  9999999999999999  39393939393939393939393939393939
# epoch 14020  H=7.5144 C=7.2075 HO=0.3069  A(t)=1596
       359  <<<<<<<<<<<<<<<<  3c3c3c3c3c3c3c3c3c3c3c3c3c3c3c3c
       337  ,,,,,,,,,,,,,,,,  2c2c2c2c2c2c2c2c2c2c2c2c2c2c2c2c
       209  [[[[[[[[[[[[[[[[  5b5b5b5b5b5b5b5b5b5b5b5b5b5b5b5b
       150  ;;;;;;;;;;;;;;;;  3b3b3b3b3b3b3b3b3b3b3b3b3b3b3b3b
       145  ::::::::::::::::  3a3a3a3a3a3a3a3a3a3a3a3a3a3a3a3a
       110  ================  3d3d3d3d3d3d3d3d3d3d3d3d3d3d3d3d
        98  >>>>>>>>>>>>>>>>  3e3e3e3e3e3e3e3e3e3e3e3e3e3e3e3e
        92  ................  e9e9e9e9e9e9e9e9e9e9e9e9e9e9e9e9
        90  2222222222222222  32323232323232323232323232323232
        78  BBBBBBBBBBBBBBBB  42424242424242424242424242424242
# epoch 14040  H=7.5116 C=7.2041 HO=0.3076  A(t)=1596
       286  <<<<<<<<<<<<<<<<  3c3c3c3c3c3c3c3c3c3c3c3c3c3c3c3c
       278  ,,,,,,,,,,,,,,,,  2c2c2c2c2c2c2c2c2c2c2c2c2c2c2c2c
       267  [[[[[[[[[[[[[[[[  5b5b5b5b5b5b5b5b5b5b5b5b5b5b5b5b
       139  """"""""""""""""  22222222222222222222222222222222
       134  ::::::::::::::::  3a3a3a3a3a3a3a3a3a3a3a3a3a3a3a3a
       128  ================  3d3d3d3d3d3d3d3d3d3d3d3d3d3d3d3d
       128  ;;;;;;;;;;;;;;;;  3b3b3b3b3b3b3b3b3b3b3b3b3b3b3b3b
        94  ((((((((((((((((  28282828282828282828282828282828
        82  2222222222222222  32323232323232323232323232323232
        74  ................  fefefefefefefefefefefefefefefefe
# epoch 14060  H=7.5102 C=7.1946 HO=0.3156  A(t)=1597
       310  ,,,,,,,,,,,,,,,,  2c2c2c2c2c2c2c2c2c2c2c2c2c2c2c2c
       259  <<<<<<<<<<<<<<<<  3c3c3c3c3c3c3c3c3c3c3c3c3c3c3c3c
       249  [[[[[[[[[[[[[[[[  5b5b5b5b5b5b5b5b5b5b5b5b5b5b5b5b
       229  """"""""""""""""  22222222222222222222222222222222
       158  ................  fefefefefefefefefefefefefefefefe
       158  ================  3d3d3d3d3d3d3d3d3d3d3d3d3d3d3d3d
       150  >>>>>>>>>>>>>>>>  3e3e3e3e3e3e3e3e3e3e3e3e3e3e3e3e
       127  ::::::::::::::::  3a3a3a3a3a3a3a3a3a3a3a3a3a3a3a3a
       118  ;;;;;;;;;;;;;;;;  3b3b3b3b3b3b3b3b3b3b3b3b3b3b3b3b
       108  ................  9a9a9a9a9a9a9a9a9a9a9a9a9a9a9a9a
# epoch 14080  H=7.5162 C=7.1983 HO=0.3179  A(t)=1601
       270  ,,,,,,,,,,,,,,,,  2c2c2c2c2c2c2c2c2c2c2c2c2c2c2c2c
       243  <<<<<<<<<<<<<<<<  3c3c3c3c3c3c3c3c3c3c3c3c3c3c3c3c
       237  [[[[[[[[[[[[[[[[  5b5b5b5b5b5b5b5b5b5b5b5b5b5b5b5b
       199  >>>>>>>>>>>>>>>>  3e3e3e3e3e3e3e3e3e3e3e3e3e3e3e3e
       176  """"""""""""""""  22222222222222222222222222222222
       140  ================  3d3d3d3d3d3d3d3d3d3d3d3d3d3d3d3d
       128  ................  fefefefefefefefefefefefefefefefe
       124  }}}}}}}}}}}}}}}}  7d7d7d7d7d7d7d7d7d7d7d7d7d7d7d7d
       109  ;;;;;;;;;;;;;;;;  3b3b3b3b3b3b3b3b3b3b3b3b3b3b3b3b
       105  2222222222222222  32323232323232323232323232323232
# epoch 14100  H=7.5177 C=7.1982 HO=0.3194  A(t)=1603
       343  <<<<<<<<<<<<<<<<  3c3c3c3c3c3c3c3c3c3c3c3c3c3c3c3c
       280  ,,,,,,,,,,,,,,,,  2c2c2c2c2c2c2c2c2c2c2c2c2c2c2c2c
       222  [[[[[[[[[[[[[[[[  5b5b5b5b5b5b5b5b5b5b5b5b5b5b5b5b
       177  """"""""""""""""  22222222222222222222222222222222
       158  >>>>>>>>>>>>>>>>  3e3e3e3e3e3e3e3e3e3e3e3e3e3e3e3e
       156  ================  3d3d3d3d3d3d3d3d3d3d3d3d3d3d3d3d
       117  ;;;;;;;;;;;;;;;;  3b3b3b3b3b3b3b3b3b3b3b3b3b3b3b3b
       116  0000000000000000  30303030303030303030303030303030
       110  ................  fefefefefefefefefefefefefefefefe
       107  EEEEEEEEEEEEEEEE  45454545454545454545454545454545
# epoch 14120  H=7.5172 C=7.1994 HO=0.3178  A(t)=1603
       338  <<<<<<<<<<<<<<<<  3c3c3c3c3c3c3c3c3c3c3c3c3c3c3c3c
       275  ,,,,,,,,,,,,,,,,  2c2c2c2c2c2c2c2c2c2c2c2c2c2c2c2c
       185  ================  3d3d3d3d3d3d3d3d3d3d3d3d3d3d3d3d
       180  [[[[[[[[[[[[[[[[  5b5b5b5b5b5b5b5b5b5b5b5b5b5b5b5b
       168  >>>>>>>>>>>>>>>>  3e3e3e3e3e3e3e3e3e3e3e3e3e3e3e3e
       160  ;;;;;;;;;;;;;;;;  3b3b3b3b3b3b3b3b3b3b3b3b3b3b3b3b
       118  """"""""""""""""  22222222222222222222222222222222
        99  ................  fefefefefefefefefefefefefefefefe
        95  EEEEEEEEEEEEEEEE  45454545454545454545454545454545
        91  7777777777777777  37373737373737373737373737373737
# epoch 14140  H=7.5161 C=7.1960 HO=0.3201  A(t)=1603
       327  <<<<<<<<<<<<<<<<  3c3c3c3c3c3c3c3c3c3c3c3c3c3c3c3c
       300  ,,,,,,,,,,,,,,,,  2c2c2c2c2c2c2c2c2c2c2c2c2c2c2c2c
       202  [[[[[[[[[[[[[[[[  5b5b5b5b5b5b5b5b5b5b5b5b5b5b5b5b
       187  ;;;;;;;;;;;;;;;;  3b3b3b3b3b3b3b3b3b3b3b3b3b3b3b3b
       177  ================  3d3d3d3d3d3d3d3d3d3d3d3d3d3d3d3d
       157  >>>>>>>>>>>>>>>>  3e3e3e3e3e3e3e3e3e3e3e3e3e3e3e3e
       132  ::::::::::::::::  3a3a3a3a3a3a3a3a3a3a3a3a3a3a3a3a
       123  7777777777777777  37373737373737373737373737373737
       119  ................  15151515151515151515151515151515
       110  8888888888888888  38383838383838383838383838383838
# epoch 14160  H=7.5149 C=7.1929 HO=0.3219  A(t)=1603
       342  <<<<<<<<<<<<<<<<  3c3c3c3c3c3c3c3c3c3c3c3c3c3c3c3c
       290  ,,,,,,,,,,,,,,,,  2c2c2c2c2c2c2c2c2c2c2c2c2c2c2c2c
       233  [[[[[[[[[[[[[[[[  5b5b5b5b5b5b5b5b5b5b5b5b5b5b5b5b
       192  ================  3d3d3d3d3d3d3d3d3d3d3d3d3d3d3d3d
       143  ;;;;;;;;;;;;;;;;  3b3b3b3b3b3b3b3b3b3b3b3b3b3b3b3b
       120  >>>>>>>>>>>>>>>>  3e3e3e3e3e3e3e3e3e3e3e3e3e3e3e3e
       117  ????????????????  3f3f3f3f3f3f3f3f3f3f3f3f3f3f3f3f
       114  7777777777777777  37373737373737373737373737373737
       112  ................  80808080808080808080808080808080
       109  9999999999999999  39393939393939393939393939393939
# epoch 14180  H=7.5156 C=7.1928 HO=0.3228  A(t)=1606
       329  ,,,,,,,,,,,,,,,,  2c2c2c2c2c2c2c2c2c2c2c2c2c2c2c2c
       264  <<<<<<<<<<<<<<<<  3c3c3c3c3c3c3c3c3c3c3c3c3c3c3c3c
       248  ================  3d3d3d3d3d3d3d3d3d3d3d3d3d3d3d3d
       177  [[[[[[[[[[[[[[[[  5b5b5b5b5b5b5b5b5b5b5b5b5b5b5b5b
       148  ................  b0b0b0b0b0b0b0b0b0b0b0b0b0b0b0b0
       145  >>>>>>>>>>>>>>>>  3e3e3e3e3e3e3e3e3e3e3e3e3e3e3e3e
       129  ;;;;;;;;;;;;;;;;  3b3b3b3b3b3b3b3b3b3b3b3b3b3b3b3b
       104  ................  9a9a9a9a9a9a9a9a9a9a9a9a9a9a9a9a
        99  7777777777777777  37373737373737373737373737373737
        97  ::::::::::::::::  3a3a3a3a3a3a3a3a3a3a3a3a3a3a3a3a
# epoch 14200  H=7.5179 C=7.1957 HO=0.3222  A(t)=1608
       320  <<<<<<<<<<<<<<<<  3c3c3c3c3c3c3c3c3c3c3c3c3c3c3c3c
       286  ,,,,,,,,,,,,,,,,  2c2c2c2c2c2c2c2c2c2c2c2c2c2c2c2c
       241  ================  3d3d3d3d3d3d3d3d3d3d3d3d3d3d3d3d
       174  ;;;;;;;;;;;;;;;;  3b3b3b3b3b3b3b3b3b3b3b3b3b3b3b3b
       149  [[[[[[[[[[[[[[[[  5b5b5b5b5b5b5b5b5b5b5b5b5b5b5b5b
       129  ................  80808080808080808080808080808080
       127  ................  b0b0b0b0b0b0b0b0b0b0b0b0b0b0b0b0
       124  1111111111111111  31313131313131313131313131313131
       123  >>>>>>>>>>>>>>>>  3e3e3e3e3e3e3e3e3e3e3e3e3e3e3e3e
       123  ................  11111111111111111111111111111111
# epoch 14220  H=7.5150 C=7.1879 HO=0.3271  A(t)=1614
       370  <<<<<<<<<<<<<<<<  3c3c3c3c3c3c3c3c3c3c3c3c3c3c3c3c
       270  ,,,,,,,,,,,,,,,,  2c2c2c2c2c2c2c2c2c2c2c2c2c2c2c2c
       241  >>>>>>>>>>>>>>>>  3e3e3e3e3e3e3e3e3e3e3e3e3e3e3e3e
       210  ;;;;;;;;;;;;;;;;  3b3b3b3b3b3b3b3b3b3b3b3b3b3b3b3b
       207  ================  3d3d3d3d3d3d3d3d3d3d3d3d3d3d3d3d
       133  [[[[[[[[[[[[[[[[  5b5b5b5b5b5b5b5b5b5b5b5b5b5b5b5b
       125  ::::::::::::::::  3a3a3a3a3a3a3a3a3a3a3a3a3a3a3a3a
       102  ................  b0b0b0b0b0b0b0b0b0b0b0b0b0b0b0b0
        96  1111111111111111  31313131313131313131313131313131
        93  dddddddddddddddd  64646464646464646464646464646464
# epoch 14240  H=7.5153 C=7.1875 HO=0.3278  A(t)=1614
       428  <<<<<<<<<<<<<<<<  3c3c3c3c3c3c3c3c3c3c3c3c3c3c3c3c
       235  >>>>>>>>>>>>>>>>  3e3e3e3e3e3e3e3e3e3e3e3e3e3e3e3e
       218  ================  3d3d3d3d3d3d3d3d3d3d3d3d3d3d3d3d
       213  ,,,,,,,,,,,,,,,,  2c2c2c2c2c2c2c2c2c2c2c2c2c2c2c2c
       166  ;;;;;;;;;;;;;;;;  3b3b3b3b3b3b3b3b3b3b3b3b3b3b3b3b
       142  [[[[[[[[[[[[[[[[  5b5b5b5b5b5b5b5b5b5b5b5b5b5b5b5b
       126  2222222222222222  32323232323232323232323232323232
       117  ZZZZZZZZZZZZZZZZ  5a5a5a5a5a5a5a5a5a5a5a5a5a5a5a5a
       110  ::::::::::::::::  3a3a3a3a3a3a3a3a3a3a3a3a3a3a3a3a
        99  9999999999999999  39393939393939393939393939393939
# epoch 14260  H=7.5118 C=7.1844 HO=0.3274  A(t)=1614
       418  <<<<<<<<<<<<<<<<  3c3c3c3c3c3c3c3c3c3c3c3c3c3c3c3c
       201  >>>>>>>>>>>>>>>>  3e3e3e3e3e3e3e3e3e3e3e3e3e3e3e3e
       201  ,,,,,,,,,,,,,,,,  2c2c2c2c2c2c2c2c2c2c2c2c2c2c2c2c
       200  ;;;;;;;;;;;;;;;;  3b3b3b3b3b3b3b3b3b3b3b3b3b3b3b3b
       199  ================  3d3d3d3d3d3d3d3d3d3d3d3d3d3d3d3d
       189  ZZZZZZZZZZZZZZZZ  5a5a5a5a5a5a5a5a5a5a5a5a5a5a5a5a
       178  [[[[[[[[[[[[[[[[  5b5b5b5b5b5b5b5b5b5b5b5b5b5b5b5b
       162  ::::::::::::::::  3a3a3a3a3a3a3a3a3a3a3a3a3a3a3a3a
        94  2222222222222222  32323232323232323232323232323232
        90  9999999999999999  39393939393939393939393939393939
# epoch 14280  H=7.5128 C=7.1878 HO=0.3250  A(t)=1614
       385  <<<<<<<<<<<<<<<<  3c3c3c3c3c3c3c3c3c3c3c3c3c3c3c3c
       274  >>>>>>>>>>>>>>>>  3e3e3e3e3e3e3e3e3e3e3e3e3e3e3e3e
       246  [[[[[[[[[[[[[[[[  5b5b5b5b5b5b5b5b5b5b5b5b5b5b5b5b
       183  ;;;;;;;;;;;;;;;;  3b3b3b3b3b3b3b3b3b3b3b3b3b3b3b3b
       179  ================  3d3d3d3d3d3d3d3d3d3d3d3d3d3d3d3d
       168  ,,,,,,,,,,,,,,,,  2c2c2c2c2c2c2c2c2c2c2c2c2c2c2c2c
       165  ZZZZZZZZZZZZZZZZ  5a5a5a5a5a5a5a5a5a5a5a5a5a5a5a5a
       147  ::::::::::::::::  3a3a3a3a3a3a3a3a3a3a3a3a3a3a3a3a
       127  7777777777777777  37373737373737373737373737373737
        87  8888888888888888  38383838383838383838383838383838
# epoch 14300  H=7.5146 C=7.1898 HO=0.3247  A(t)=1614
       346  >>>>>>>>>>>>>>>>  3e3e3e3e3e3e3e3e3e3e3e3e3e3e3e3e
       332  <<<<<<<<<<<<<<<<  3c3c3c3c3c3c3c3c3c3c3c3c3c3c3c3c
       213  [[[[[[[[[[[[[[[[  5b5b5b5b5b5b5b5b5b5b5b5b5b5b5b5b
       168  ;;;;;;;;;;;;;;;;  3b3b3b3b3b3b3b3b3b3b3b3b3b3b3b3b
       154  ZZZZZZZZZZZZZZZZ  5a5a5a5a5a5a5a5a5a5a5a5a5a5a5a5a
       152  ================  3d3d3d3d3d3d3d3d3d3d3d3d3d3d3d3d
       152  ,,,,,,,,,,,,,,,,  2c2c2c2c2c2c2c2c2c2c2c2c2c2c2c2c
       127  0000000000000000  30303030303030303030303030303030
       120  7777777777777777  37373737373737373737373737373737
       112  ::::::::::::::::  3a3a3a3a3a3a3a3a3a3a3a3a3a3a3a3a
# epoch 14320  H=7.5108 C=7.1867 HO=0.3241  A(t)=1618
       399  <<<<<<<<<<<<<<<<  3c3c3c3c3c3c3c3c3c3c3c3c3c3c3c3c
       397  >>>>>>>>>>>>>>>>  3e3e3e3e3e3e3e3e3e3e3e3e3e3e3e3e
       240  [[[[[[[[[[[[[[[[  5b5b5b5b5b5b5b5b5b5b5b5b5b5b5b5b
       196  ================  3d3d3d3d3d3d3d3d3d3d3d3d3d3d3d3d
       143  ,,,,,,,,,,,,,,,,  2c2c2c2c2c2c2c2c2c2c2c2c2c2c2c2c
       141  ;;;;;;;;;;;;;;;;  3b3b3b3b3b3b3b3b3b3b3b3b3b3b3b3b
       136  ZZZZZZZZZZZZZZZZ  5a5a5a5a5a5a5a5a5a5a5a5a5a5a5a5a
       114  7777777777777777  37373737373737373737373737373737
       111  ????????????????  3f3f3f3f3f3f3f3f3f3f3f3f3f3f3f3f
       106  1111111111111111  31313131313131313131313131313131
# epoch 14340  H=7.5093 C=7.1864 HO=0.3230  A(t)=1618
       378  <<<<<<<<<<<<<<<<  3c3c3c3c3c3c3c3c3c3c3c3c3c3c3c3c
       371  >>>>>>>>>>>>>>>>  3e3e3e3e3e3e3e3e3e3e3e3e3e3e3e3e
       223  [[[[[[[[[[[[[[[[  5b5b5b5b5b5b5b5b5b5b5b5b5b5b5b5b
       185  ================  3d3d3d3d3d3d3d3d3d3d3d3d3d3d3d3d
       169  ,,,,,,,,,,,,,,,,  2c2c2c2c2c2c2c2c2c2c2c2c2c2c2c2c
       133  ................  babababababababababababababababa
       129  ;;;;;;;;;;;;;;;;  3b3b3b3b3b3b3b3b3b3b3b3b3b3b3b3b
       107  ZZZZZZZZZZZZZZZZ  5a5a5a5a5a5a5a5a5a5a5a5a5a5a5a5a
       106  EEEEEEEEEEEEEEEE  45454545454545454545454545454545
        97  ????????????????  3f3f3f3f3f3f3f3f3f3f3f3f3f3f3f3f
# epoch 14360  H=7.5052 C=7.1839 HO=0.3213  A(t)=1618
       524  <<<<<<<<<<<<<<<<  3c3c3c3c3c3c3c3c3c3c3c3c3c3c3c3c
       407  >>>>>>>>>>>>>>>>  3e3e3e3e3e3e3e3e3e3e3e3e3e3e3e3e
       295  ================  3d3d3d3d3d3d3d3d3d3d3d3d3d3d3d3d
       225  ,,,,,,,,,,,,,,,,  2c2c2c2c2c2c2c2c2c2c2c2c2c2c2c2c
       174  ;;;;;;;;;;;;;;;;  3b3b3b3b3b3b3b3b3b3b3b3b3b3b3b3b
       149  ????????????????  3f3f3f3f3f3f3f3f3f3f3f3f3f3f3f3f
       140  [[[[[[[[[[[[[[[[  5b5b5b5b5b5b5b5b5b5b5b5b5b5b5b5b
       137  ::::::::::::::::  3a3a3a3a3a3a3a3a3a3a3a3a3a3a3a3a
       125  8888888888888888  38383838383838383838383838383838
        95  ................  babababababababababababababababa
# epoch 14380  H=7.5068 C=7.1844 HO=0.3224  A(t)=1618
       406  <<<<<<<<<<<<<<<<  3c3c3c3c3c3c3c3c3c3c3c3c3c3c3c3c
       371  >>>>>>>>>>>>>>>>  3e3e3e3e3e3e3e3e3e3e3e3e3e3e3e3e
       350  ================  3d3d3d3d3d3d3d3d3d3d3d3d3d3d3d3d
       308  ,,,,,,,,,,,,,,,,  2c2c2c2c2c2c2c2c2c2c2c2c2c2c2c2c
       144  ;;;;;;;;;;;;;;;;  3b3b3b3b3b3b3b3b3b3b3b3b3b3b3b3b
       132  8888888888888888  38383838383838383838383838383838
       126  ????????????????  3f3f3f3f3f3f3f3f3f3f3f3f3f3f3f3f
       113  ::::::::::::::::  3a3a3a3a3a3a3a3a3a3a3a3a3a3a3a3a
       101  [[[[[[[[[[[[[[[[  5b5b5b5b5b5b5b5b5b5b5b5b5b5b5b5b
        88  ................  f4f4f4f4f4f4f4f4f4f4f4f4f4f4f4f4
# epoch 14400  H=7.5053 C=7.1781 HO=0.3272  A(t)=1621
       429  <<<<<<<<<<<<<<<<  3c3c3c3c3c3c3c3c3c3c3c3c3c3c3c3c
       373  ================  3d3d3d3d3d3d3d3d3d3d3d3d3d3d3d3d
       290  >>>>>>>>>>>>>>>>  3e3e3e3e3e3e3e3e3e3e3e3e3e3e3e3e
       250  ,,,,,,,,,,,,,,,,  2c2c2c2c2c2c2c2c2c2c2c2c2c2c2c2c
       173  ;;;;;;;;;;;;;;;;  3b3b3b3b3b3b3b3b3b3b3b3b3b3b3b3b
       167  ::::::::::::::::  3a3a3a3a3a3a3a3a3a3a3a3a3a3a3a3a
       165  7777777777777777  37373737373737373737373737373737
       121  ????????????????  3f3f3f3f3f3f3f3f3f3f3f3f3f3f3f3f
       115  8888888888888888  38383838383838383838383838383838
        97  ................  85858585858585858585858585858585
# epoch 14420  H=7.5018 C=7.1796 HO=0.3222  A(t)=1631
       359  <<<<<<<<<<<<<<<<  3c3c3c3c3c3c3c3c3c3c3c3c3c3c3c3c
       325  ================  3d3d3d3d3d3d3d3d3d3d3d3d3d3d3d3d
       310  >>>>>>>>>>>>>>>>  3e3e3e3e3e3e3e3e3e3e3e3e3e3e3e3e
       262  ,,,,,,,,,,,,,,,,  2c2c2c2c2c2c2c2c2c2c2c2c2c2c2c2c
       158  7777777777777777  37373737373737373737373737373737
       146  ::::::::::::::::  3a3a3a3a3a3a3a3a3a3a3a3a3a3a3a3a
       131  ;;;;;;;;;;;;;;;;  3b3b3b3b3b3b3b3b3b3b3b3b3b3b3b3b
       116  ????????????????  3f3f3f3f3f3f3f3f3f3f3f3f3f3f3f3f
       115  ////////////////  2f2f2f2f2f2f2f2f2f2f2f2f2f2f2f2f
       101  [[[[[[[[[[[[[[[[  5b5b5b5b5b5b5b5b5b5b5b5b5b5b5b5b
# epoch 14440  H=7.5006 C=7.1769 HO=0.3237  A(t)=1633
       355  <<<<<<<<<<<<<<<<  3c3c3c3c3c3c3c3c3c3c3c3c3c3c3c3c
       286  >>>>>>>>>>>>>>>>  3e3e3e3e3e3e3e3e3e3e3e3e3e3e3e3e
       246  ,,,,,,,,,,,,,,,,  2c2c2c2c2c2c2c2c2c2c2c2c2c2c2c2c
       244  ================  3d3d3d3d3d3d3d3d3d3d3d3d3d3d3d3d
       162  [[[[[[[[[[[[[[[[  5b5b5b5b5b5b5b5b5b5b5b5b5b5b5b5b
       144  ;;;;;;;;;;;;;;;;  3b3b3b3b3b3b3b3b3b3b3b3b3b3b3b3b
       138  7777777777777777  37373737373737373737373737373737
       114  ////////////////  2f2f2f2f2f2f2f2f2f2f2f2f2f2f2f2f
       109  ????????????????  3f3f3f3f3f3f3f3f3f3f3f3f3f3f3f3f
        98  ::::::::::::::::  3a3a3a3a3a3a3a3a3a3a3a3a3a3a3a3a
# epoch 14460  H=7.4991 C=7.1665 HO=0.3326  A(t)=1639
       241  <<<<<<<<<<<<<<<<  3c3c3c3c3c3c3c3c3c3c3c3c3c3c3c3c
       220  ,,,,,,,,,,,,,,,,  2c2c2c2c2c2c2c2c2c2c2c2c2c2c2c2c
       218  >>>>>>>>>>>>>>>>  3e3e3e3e3e3e3e3e3e3e3e3e3e3e3e3e
       216  [[[[[[[[[[[[[[[[  5b5b5b5b5b5b5b5b5b5b5b5b5b5b5b5b
       191  ::::::::::::::::  3a3a3a3a3a3a3a3a3a3a3a3a3a3a3a3a
       189  ================  3d3d3d3d3d3d3d3d3d3d3d3d3d3d3d3d
       169  ;;;;;;;;;;;;;;;;  3b3b3b3b3b3b3b3b3b3b3b3b3b3b3b3b
       120  0000000000000000  30303030303030303030303030303030
       111  7777777777777777  37373737373737373737373737373737
       100  UUUUUUUUUUUUUUUU  55555555555555555555555555555555
# epoch 14480  H=7.5004 C=7.1660 HO=0.3344  A(t)=1647
       236  ::::::::::::::::  3a3a3a3a3a3a3a3a3a3a3a3a3a3a3a3a
       233  >>>>>>>>>>>>>>>>  3e3e3e3e3e3e3e3e3e3e3e3e3e3e3e3e
       225  <<<<<<<<<<<<<<<<  3c3c3c3c3c3c3c3c3c3c3c3c3c3c3c3c
       221  ================  3d3d3d3d3d3d3d3d3d3d3d3d3d3d3d3d
       221  ,,,,,,,,,,,,,,,,  2c2c2c2c2c2c2c2c2c2c2c2c2c2c2c2c
       204  9999999999999999  39393939393939393939393939393939
       185  UUUUUUUUUUUUUUUU  55555555555555555555555555555555
       156  [[[[[[[[[[[[[[[[  5b5b5b5b5b5b5b5b5b5b5b5b5b5b5b5b
       150  0000000000000000  30303030303030303030303030303030
       146  ;;;;;;;;;;;;;;;;  3b3b3b3b3b3b3b3b3b3b3b3b3b3b3b3b
# epoch 14500  H=7.4994 C=7.1532 HO=0.3462  A(t)=1647
       331  <<<<<<<<<<<<<<<<  3c3c3c3c3c3c3c3c3c3c3c3c3c3c3c3c
       301  9999999999999999  39393939393939393939393939393939
       295  ::::::::::::::::  3a3a3a3a3a3a3a3a3a3a3a3a3a3a3a3a
       294  ,,,,,,,,,,,,,,,,  2c2c2c2c2c2c2c2c2c2c2c2c2c2c2c2c
       273  ================  3d3d3d3d3d3d3d3d3d3d3d3d3d3d3d3d
       255  >>>>>>>>>>>>>>>>  3e3e3e3e3e3e3e3e3e3e3e3e3e3e3e3e
       168  UUUUUUUUUUUUUUUU  55555555555555555555555555555555
       165  [[[[[[[[[[[[[[[[  5b5b5b5b5b5b5b5b5b5b5b5b5b5b5b5b
       150  ;;;;;;;;;;;;;;;;  3b3b3b3b3b3b3b3b3b3b3b3b3b3b3b3b
       131  JJJJJJJJJJJJJJJJ  4a4a4a4a4a4a4a4a4a4a4a4a4a4a4a4a
# epoch 14520  H=7.5014 C=7.1481 HO=0.3533  A(t)=1649
       271  <<<<<<<<<<<<<<<<  3c3c3c3c3c3c3c3c3c3c3c3c3c3c3c3c
       257  ::::::::::::::::  3a3a3a3a3a3a3a3a3a3a3a3a3a3a3a3a
       250  9999999999999999  39393939393939393939393939393939
       242  ,,,,,,,,,,,,,,,,  2c2c2c2c2c2c2c2c2c2c2c2c2c2c2c2c
       225  ================  3d3d3d3d3d3d3d3d3d3d3d3d3d3d3d3d
       209  >>>>>>>>>>>>>>>>  3e3e3e3e3e3e3e3e3e3e3e3e3e3e3e3e
       172  UUUUUUUUUUUUUUUU  55555555555555555555555555555555
       155  ;;;;;;;;;;;;;;;;  3b3b3b3b3b3b3b3b3b3b3b3b3b3b3b3b
       123  [[[[[[[[[[[[[[[[  5b5b5b5b5b5b5b5b5b5b5b5b5b5b5b5b
       119  ((((((((((((((((  28282828282828282828282828282828
# epoch 14540  H=7.5056 C=7.1580 HO=0.3476  A(t)=1653
       307  9999999999999999  39393939393939393939393939393939
       264  <<<<<<<<<<<<<<<<  3c3c3c3c3c3c3c3c3c3c3c3c3c3c3c3c
       238  >>>>>>>>>>>>>>>>  3e3e3e3e3e3e3e3e3e3e3e3e3e3e3e3e
       230  ,,,,,,,,,,,,,,,,  2c2c2c2c2c2c2c2c2c2c2c2c2c2c2c2c
       224  ::::::::::::::::  3a3a3a3a3a3a3a3a3a3a3a3a3a3a3a3a
       212  ================  3d3d3d3d3d3d3d3d3d3d3d3d3d3d3d3d
       158  ;;;;;;;;;;;;;;;;  3b3b3b3b3b3b3b3b3b3b3b3b3b3b3b3b
       138  UUUUUUUUUUUUUUUU  55555555555555555555555555555555
       119  ((((((((((((((((  28282828282828282828282828282828
       118  [[[[[[[[[[[[[[[[  5b5b5b5b5b5b5b5b5b5b5b5b5b5b5b5b
# epoch 14560  H=7.5099 C=7.1538 HO=0.3561  A(t)=1653
       339  ,,,,,,,,,,,,,,,,  2c2c2c2c2c2c2c2c2c2c2c2c2c2c2c2c
       329  9999999999999999  39393939393939393939393939393939
       293  ::::::::::::::::  3a3a3a3a3a3a3a3a3a3a3a3a3a3a3a3a
       275  <<<<<<<<<<<<<<<<  3c3c3c3c3c3c3c3c3c3c3c3c3c3c3c3c
       233  ================  3d3d3d3d3d3d3d3d3d3d3d3d3d3d3d3d
       202  >>>>>>>>>>>>>>>>  3e3e3e3e3e3e3e3e3e3e3e3e3e3e3e3e
       137  ;;;;;;;;;;;;;;;;  3b3b3b3b3b3b3b3b3b3b3b3b3b3b3b3b
       124  UUUUUUUUUUUUUUUU  55555555555555555555555555555555
       114  ((((((((((((((((  28282828282828282828282828282828
       114  ................  04040404040404040404040404040404
# epoch 14580  H=7.5077 C=7.1549 HO=0.3529  A(t)=1655
       327  ,,,,,,,,,,,,,,,,  2c2c2c2c2c2c2c2c2c2c2c2c2c2c2c2c
       324  <<<<<<<<<<<<<<<<  3c3c3c3c3c3c3c3c3c3c3c3c3c3c3c3c
       282  9999999999999999  39393939393939393939393939393939
       261  ::::::::::::::::  3a3a3a3a3a3a3a3a3a3a3a3a3a3a3a3a
       218  ================  3d3d3d3d3d3d3d3d3d3d3d3d3d3d3d3d
       190  [[[[[[[[[[[[[[[[  5b5b5b5b5b5b5b5b5b5b5b5b5b5b5b5b
       134  >>>>>>>>>>>>>>>>  3e3e3e3e3e3e3e3e3e3e3e3e3e3e3e3e
       106  ;;;;;;;;;;;;;;;;  3b3b3b3b3b3b3b3b3b3b3b3b3b3b3b3b
        98  3333333333333333  33333333333333333333333333333333
        95  8888888888888888  38383838383838383838383838383838
# epoch 14600  H=7.5078 C=7.1613 HO=0.3465  A(t)=1655
       352  ,,,,,,,,,,,,,,,,  2c2c2c2c2c2c2c2c2c2c2c2c2c2c2c2c
       321  <<<<<<<<<<<<<<<<  3c3c3c3c3c3c3c3c3c3c3c3c3c3c3c3c
       239  9999999999999999  39393939393939393939393939393939
       231  [[[[[[[[[[[[[[[[  5b5b5b5b5b5b5b5b5b5b5b5b5b5b5b5b
       228  ::::::::::::::::  3a3a3a3a3a3a3a3a3a3a3a3a3a3a3a3a
       172  ================  3d3d3d3d3d3d3d3d3d3d3d3d3d3d3d3d
       123  8888888888888888  38383838383838383838383838383838
       112  ((((((((((((((((  28282828282828282828282828282828
        97  >>>>>>>>>>>>>>>>  3e3e3e3e3e3e3e3e3e3e3e3e3e3e3e3e
        95  ;;;;;;;;;;;;;;;;  3b3b3b3b3b3b3b3b3b3b3b3b3b3b3b3b
# epoch 14620  H=7.5077 C=7.1588 HO=0.3489  A(t)=1655
       304  ,,,,,,,,,,,,,,,,  2c2c2c2c2c2c2c2c2c2c2c2c2c2c2c2c
       295  <<<<<<<<<<<<<<<<  3c3c3c3c3c3c3c3c3c3c3c3c3c3c3c3c
       234  ::::::::::::::::  3a3a3a3a3a3a3a3a3a3a3a3a3a3a3a3a
       195  [[[[[[[[[[[[[[[[  5b5b5b5b5b5b5b5b5b5b5b5b5b5b5b5b
       172  ================  3d3d3d3d3d3d3d3d3d3d3d3d3d3d3d3d
       171  9999999999999999  39393939393939393939393939393939
       128  KKKKKKKKKKKKKKKK  4b4b4b4b4b4b4b4b4b4b4b4b4b4b4b4b
       122  3333333333333333  33333333333333333333333333333333
       114  >>>>>>>>>>>>>>>>  3e3e3e3e3e3e3e3e3e3e3e3e3e3e3e3e
       114  8888888888888888  38383838383838383838383838383838
# epoch 14640  H=7.5078 C=7.1580 HO=0.3498  A(t)=1659
       285  ,,,,,,,,,,,,,,,,  2c2c2c2c2c2c2c2c2c2c2c2c2c2c2c2c
       255  <<<<<<<<<<<<<<<<  3c3c3c3c3c3c3c3c3c3c3c3c3c3c3c3c
       197  ::::::::::::::::  3a3a3a3a3a3a3a3a3a3a3a3a3a3a3a3a
       196  [[[[[[[[[[[[[[[[  5b5b5b5b5b5b5b5b5b5b5b5b5b5b5b5b
       152  ================  3d3d3d3d3d3d3d3d3d3d3d3d3d3d3d3d
       152  9999999999999999  39393939393939393939393939393939
       121  ????????????????  3f3f3f3f3f3f3f3f3f3f3f3f3f3f3f3f
       108  KKKKKKKKKKKKKKKK  4b4b4b4b4b4b4b4b4b4b4b4b4b4b4b4b
       107  >>>>>>>>>>>>>>>>  3e3e3e3e3e3e3e3e3e3e3e3e3e3e3e3e
       100  8888888888888888  38383838383838383838383838383838
# epoch 14660  H=7.5099 C=7.1561 HO=0.3538  A(t)=1661
       336  ,,,,,,,,,,,,,,,,  2c2c2c2c2c2c2c2c2c2c2c2c2c2c2c2c
       225  ::::::::::::::::  3a3a3a3a3a3a3a3a3a3a3a3a3a3a3a3a
       208  ================  3d3d3d3d3d3d3d3d3d3d3d3d3d3d3d3d
       208  9999999999999999  39393939393939393939393939393939
       199  <<<<<<<<<<<<<<<<  3c3c3c3c3c3c3c3c3c3c3c3c3c3c3c3c
       182  ????????????????  3f3f3f3f3f3f3f3f3f3f3f3f3f3f3f3f
       179  [[[[[[[[[[[[[[[[  5b5b5b5b5b5b5b5b5b5b5b5b5b5b5b5b
       122  ((((((((((((((((  28282828282828282828282828282828
       106  6666666666666666  36363636363636363636363636363636
        96  ................  13131313131313131313131313131313
# epoch 14680  H=7.5115 C=7.1510 HO=0.3604  A(t)=1663
       292  ,,,,,,,,,,,,,,,,  2c2c2c2c2c2c2c2c2c2c2c2c2c2c2c2c
       261  ::::::::::::::::  3a3a3a3a3a3a3a3a3a3a3a3a3a3a3a3a
       256  [[[[[[[[[[[[[[[[  5b5b5b5b5b5b5b5b5b5b5b5b5b5b5b5b
       219  ????????????????  3f3f3f3f3f3f3f3f3f3f3f3f3f3f3f3f
       209  <<<<<<<<<<<<<<<<  3c3c3c3c3c3c3c3c3c3c3c3c3c3c3c3c
       193  ================  3d3d3d3d3d3d3d3d3d3d3d3d3d3d3d3d
       185  9999999999999999  39393939393939393939393939393939
       121  ((((((((((((((((  28282828282828282828282828282828
       119  6666666666666666  36363636363636363636363636363636
       102  EEEEEEEEEEEEEEEE  45454545454545454545454545454545
# epoch 14700  H=7.5151 C=7.1478 HO=0.3673  A(t)=1663
       317  ,,,,,,,,,,,,,,,,  2c2c2c2c2c2c2c2c2c2c2c2c2c2c2c2c
       272  ????????????????  3f3f3f3f3f3f3f3f3f3f3f3f3f3f3f3f
       245  [[[[[[[[[[[[[[[[  5b5b5b5b5b5b5b5b5b5b5b5b5b5b5b5b
       224  ::::::::::::::::  3a3a3a3a3a3a3a3a3a3a3a3a3a3a3a3a
       206  ================  3d3d3d3d3d3d3d3d3d3d3d3d3d3d3d3d
       192  9999999999999999  39393939393939393939393939393939
       160  6666666666666666  36363636363636363636363636363636
       116  <<<<<<<<<<<<<<<<  3c3c3c3c3c3c3c3c3c3c3c3c3c3c3c3c
        89  ((((((((((((((((  28282828282828282828282828282828
        87  BBBBBBBBBBBBBBBB  42424242424242424242424242424242
# epoch 14720  H=7.5127 C=7.1439 HO=0.3688  A(t)=1665
       300  ,,,,,,,,,,,,,,,,  2c2c2c2c2c2c2c2c2c2c2c2c2c2c2c2c
       240  ????????????????  3f3f3f3f3f3f3f3f3f3f3f3f3f3f3f3f
       237  ::::::::::::::::  3a3a3a3a3a3a3a3a3a3a3a3a3a3a3a3a
       203  9999999999999999  39393939393939393939393939393939
       194  [[[[[[[[[[[[[[[[  5b5b5b5b5b5b5b5b5b5b5b5b5b5b5b5b
       161  BBBBBBBBBBBBBBBB  42424242424242424242424242424242
       153  6666666666666666  36363636363636363636363636363636
       149  ================  3d3d3d3d3d3d3d3d3d3d3d3d3d3d3d3d
       127  ................  cfcfcfcfcfcfcfcfcfcfcfcfcfcfcfcf
       117  7777777777777777  37373737373737373737373737373737
# epoch 14740  H=7.5113 C=7.1359 HO=0.3754  A(t)=1665
       285  ::::::::::::::::  3a3a3a3a3a3a3a3a3a3a3a3a3a3a3a3a
       242  ,,,,,,,,,,,,,,,,  2c2c2c2c2c2c2c2c2c2c2c2c2c2c2c2c
       234  ????????????????  3f3f3f3f3f3f3f3f3f3f3f3f3f3f3f3f
       223  ================  3d3d3d3d3d3d3d3d3d3d3d3d3d3d3d3d
       222  [[[[[[[[[[[[[[[[  5b5b5b5b5b5b5b5b5b5b5b5b5b5b5b5b
       169  ................  f6f6f6f6f6f6f6f6f6f6f6f6f6f6f6f6
       157  9999999999999999  39393939393939393939393939393939
       147  6666666666666666  36363636363636363636363636363636
       141  7777777777777777  37373737373737373737373737373737
       115  <<<<<<<<<<<<<<<<  3c3c3c3c3c3c3c3c3c3c3c3c3c3c3c3c
# epoch 14760  H=7.5126 C=7.1376 HO=0.3750  A(t)=1665
       285  ================  3d3d3d3d3d3d3d3d3d3d3d3d3d3d3d3d
       247  [[[[[[[[[[[[[[[[  5b5b5b5b5b5b5b5b5b5b5b5b5b5b5b5b
       247  ::::::::::::::::  3a3a3a3a3a3a3a3a3a3a3a3a3a3a3a3a
       246  ????????????????  3f3f3f3f3f3f3f3f3f3f3f3f3f3f3f3f
       231  ,,,,,,,,,,,,,,,,  2c2c2c2c2c2c2c2c2c2c2c2c2c2c2c2c
       169  6666666666666666  36363636363636363636363636363636
       130  9999999999999999  39393939393939393939393939393939
       129  ................  f6f6f6f6f6f6f6f6f6f6f6f6f6f6f6f6
       113  7777777777777777  37373737373737373737373737373737
       112  <<<<<<<<<<<<<<<<  3c3c3c3c3c3c3c3c3c3c3c3c3c3c3c3c
# epoch 14780  H=7.5119 C=7.1345 HO=0.3774  A(t)=1670
       244  ================  3d3d3d3d3d3d3d3d3d3d3d3d3d3d3d3d
       226  ????????????????  3f3f3f3f3f3f3f3f3f3f3f3f3f3f3f3f
       218  [[[[[[[[[[[[[[[[  5b5b5b5b5b5b5b5b5b5b5b5b5b5b5b5b
       195  ::::::::::::::::  3a3a3a3a3a3a3a3a3a3a3a3a3a3a3a3a
       192  ,,,,,,,,,,,,,,,,  2c2c2c2c2c2c2c2c2c2c2c2c2c2c2c2c
       143  6666666666666666  36363636363636363636363636363636
       131  ................  02020202020202020202020202020202
       127  ................  9e9e9e9e9e9e9e9e9e9e9e9e9e9e9e9e
       121  3333333333333333  33333333333333333333333333333333
       107  9999999999999999  39393939393939393939393939393939
# epoch 14800  H=7.5117 C=7.1343 HO=0.3774  A(t)=1671
       221  ================  3d3d3d3d3d3d3d3d3d3d3d3d3d3d3d3d
       212  ????????????????  3f3f3f3f3f3f3f3f3f3f3f3f3f3f3f3f
       191  [[[[[[[[[[[[[[[[  5b5b5b5b5b5b5b5b5b5b5b5b5b5b5b5b
       158  ,,,,,,,,,,,,,,,,  2c2c2c2c2c2c2c2c2c2c2c2c2c2c2c2c
       153  <<<<<<<<<<<<<<<<  3c3c3c3c3c3c3c3c3c3c3c3c3c3c3c3c
       148  ................  9e9e9e9e9e9e9e9e9e9e9e9e9e9e9e9e
       144  ::::::::::::::::  3a3a3a3a3a3a3a3a3a3a3a3a3a3a3a3a
       125  ................  02020202020202020202020202020202
       124  6666666666666666  36363636363636363636363636363636
       119  9999999999999999  39393939393939393939393939393939
# epoch 14820  H=7.5111 C=7.1372 HO=0.3739  A(t)=1676
       201  ================  3d3d3d3d3d3d3d3d3d3d3d3d3d3d3d3d
       192  ::::::::::::::::  3a3a3a3a3a3a3a3a3a3a3a3a3a3a3a3a
       187  <<<<<<<<<<<<<<<<  3c3c3c3c3c3c3c3c3c3c3c3c3c3c3c3c
       183  ????????????????  3f3f3f3f3f3f3f3f3f3f3f3f3f3f3f3f
       174  [[[[[[[[[[[[[[[[  5b5b5b5b5b5b5b5b5b5b5b5b5b5b5b5b
       174  ,,,,,,,,,,,,,,,,  2c2c2c2c2c2c2c2c2c2c2c2c2c2c2c2c
       122  ................  9e9e9e9e9e9e9e9e9e9e9e9e9e9e9e9e
       122  ;;;;;;;;;;;;;;;;  3b3b3b3b3b3b3b3b3b3b3b3b3b3b3b3b
       117  2222222222222222  32323232323232323232323232323232
       109  6666666666666666  36363636363636363636363636363636
# epoch 14840  H=7.5072 C=7.1409 HO=0.3662  A(t)=1678
       263  <<<<<<<<<<<<<<<<  3c3c3c3c3c3c3c3c3c3c3c3c3c3c3c3c
       253  >>>>>>>>>>>>>>>>  3e3e3e3e3e3e3e3e3e3e3e3e3e3e3e3e
       189  ,,,,,,,,,,,,,,,,  2c2c2c2c2c2c2c2c2c2c2c2c2c2c2c2c
       159  ================  3d3d3d3d3d3d3d3d3d3d3d3d3d3d3d3d
       127  9999999999999999  39393939393939393939393939393939
       123  ::::::::::::::::  3a3a3a3a3a3a3a3a3a3a3a3a3a3a3a3a
       122  ????????????????  3f3f3f3f3f3f3f3f3f3f3f3f3f3f3f3f
       121  [[[[[[[[[[[[[[[[  5b5b5b5b5b5b5b5b5b5b5b5b5b5b5b5b
       114  ;;;;;;;;;;;;;;;;  3b3b3b3b3b3b3b3b3b3b3b3b3b3b3b3b
       107  ................  9e9e9e9e9e9e9e9e9e9e9e9e9e9e9e9e
# epoch 14860  H=7.5088 C=7.1387 HO=0.3700  A(t)=1680
       276  <<<<<<<<<<<<<<<<  3c3c3c3c3c3c3c3c3c3c3c3c3c3c3c3c
       201  >>>>>>>>>>>>>>>>  3e3e3e3e3e3e3e3e3e3e3e3e3e3e3e3e
       157  ,,,,,,,,,,,,,,,,  2c2c2c2c2c2c2c2c2c2c2c2c2c2c2c2c
       153  ================  3d3d3d3d3d3d3d3d3d3d3d3d3d3d3d3d
       123  ................  ffffffffffffffffffffffffffffffff
       122  9999999999999999  39393939393939393939393939393939
       116  7777777777777777  37373737373737373737373737373737
       111  kkkkkkkkkkkkkkkk  6b6b6b6b6b6b6b6b6b6b6b6b6b6b6b6b
       110  ;;;;;;;;;;;;;;;;  3b3b3b3b3b3b3b3b3b3b3b3b3b3b3b3b
       105  ::::::::::::::::  3a3a3a3a3a3a3a3a3a3a3a3a3a3a3a3a
# epoch 14880  H=7.5062 C=7.1399 HO=0.3664  A(t)=1687
       332  <<<<<<<<<<<<<<<<  3c3c3c3c3c3c3c3c3c3c3c3c3c3c3c3c
       238  >>>>>>>>>>>>>>>>  3e3e3e3e3e3e3e3e3e3e3e3e3e3e3e3e
       206  ,,,,,,,,,,,,,,,,  2c2c2c2c2c2c2c2c2c2c2c2c2c2c2c2c
       184  ;;;;;;;;;;;;;;;;  3b3b3b3b3b3b3b3b3b3b3b3b3b3b3b3b
       130  ================  3d3d3d3d3d3d3d3d3d3d3d3d3d3d3d3d
       128  ::::::::::::::::  3a3a3a3a3a3a3a3a3a3a3a3a3a3a3a3a
       122  9999999999999999  39393939393939393939393939393939
       108  """"""""""""""""  22222222222222222222222222222222
        97  1111111111111111  31313131313131313131313131313131
        96  [[[[[[[[[[[[[[[[  5b5b5b5b5b5b5b5b5b5b5b5b5b5b5b5b
# epoch 14900  H=7.5037 C=7.1366 HO=0.3671  A(t)=1689
       408  <<<<<<<<<<<<<<<<  3c3c3c3c3c3c3c3c3c3c3c3c3c3c3c3c
       264  ,,,,,,,,,,,,,,,,  2c2c2c2c2c2c2c2c2c2c2c2c2c2c2c2c
       203  >>>>>>>>>>>>>>>>  3e3e3e3e3e3e3e3e3e3e3e3e3e3e3e3e
       176  ;;;;;;;;;;;;;;;;  3b3b3b3b3b3b3b3b3b3b3b3b3b3b3b3b
       136  """"""""""""""""  22222222222222222222222222222222
       128  ::::::::::::::::  3a3a3a3a3a3a3a3a3a3a3a3a3a3a3a3a
       126  ................  ffffffffffffffffffffffffffffffff
       125  ================  3d3d3d3d3d3d3d3d3d3d3d3d3d3d3d3d
       119  1111111111111111  31313131313131313131313131313131
       118  [[[[[[[[[[[[[[[[  5b5b5b5b5b5b5b5b5b5b5b5b5b5b5b5b
# epoch 14920  H=7.5070 C=7.1446 HO=0.3624  A(t)=1695
       394  <<<<<<<<<<<<<<<<  3c3c3c3c3c3c3c3c3c3c3c3c3c3c3c3c
       254  ,,,,,,,,,,,,,,,,  2c2c2c2c2c2c2c2c2c2c2c2c2c2c2c2c
       235  >>>>>>>>>>>>>>>>  3e3e3e3e3e3e3e3e3e3e3e3e3e3e3e3e
       172  ================  3d3d3d3d3d3d3d3d3d3d3d3d3d3d3d3d
       152  ;;;;;;;;;;;;;;;;  3b3b3b3b3b3b3b3b3b3b3b3b3b3b3b3b
       124  9999999999999999  39393939393939393939393939393939
       117  """"""""""""""""  22222222222222222222222222222222
       111  ::::::::::::::::  3a3a3a3a3a3a3a3a3a3a3a3a3a3a3a3a
        94  ................  fafafafafafafafafafafafafafafafa
        93  1111111111111111  31313131313131313131313131313131
# epoch 14940  H=7.5098 C=7.1549 HO=0.3548  A(t)=1698
       382  <<<<<<<<<<<<<<<<  3c3c3c3c3c3c3c3c3c3c3c3c3c3c3c3c
       267  ,,,,,,,,,,,,,,,,  2c2c2c2c2c2c2c2c2c2c2c2c2c2c2c2c
       159  >>>>>>>>>>>>>>>>  3e3e3e3e3e3e3e3e3e3e3e3e3e3e3e3e
       132  ================  3d3d3d3d3d3d3d3d3d3d3d3d3d3d3d3d
       120  ::::::::::::::::  3a3a3a3a3a3a3a3a3a3a3a3a3a3a3a3a
       108  ;;;;;;;;;;;;;;;;  3b3b3b3b3b3b3b3b3b3b3b3b3b3b3b3b
       102  """"""""""""""""  22222222222222222222222222222222
       101  ................  ffffffffffffffffffffffffffffffff
        99  9999999999999999  39393939393939393939393939393939
        77  [[[[[[[[[[[[[[[[  5b5b5b5b5b5b5b5b5b5b5b5b5b5b5b5b
# epoch 14960  H=7.5104 C=7.1594 HO=0.3510  A(t)=1701
       296  <<<<<<<<<<<<<<<<  3c3c3c3c3c3c3c3c3c3c3c3c3c3c3c3c
       244  ,,,,,,,,,,,,,,,,  2c2c2c2c2c2c2c2c2c2c2c2c2c2c2c2c
       168  >>>>>>>>>>>>>>>>  3e3e3e3e3e3e3e3e3e3e3e3e3e3e3e3e
       153  8888888888888888  38383838383838383838383838383838
       105  ================  3d3d3d3d3d3d3d3d3d3d3d3d3d3d3d3d
       102  ::::::::::::::::  3a3a3a3a3a3a3a3a3a3a3a3a3a3a3a3a
       100  ;;;;;;;;;;;;;;;;  3b3b3b3b3b3b3b3b3b3b3b3b3b3b3b3b
        98  ................  ffffffffffffffffffffffffffffffff
        87  """"""""""""""""  22222222222222222222222222222222
        86  9999999999999999  39393939393939393939393939393939
# epoch 14980  H=7.5114 C=7.1685 HO=0.3429  A(t)=1703
       322  <<<<<<<<<<<<<<<<  3c3c3c3c3c3c3c3c3c3c3c3c3c3c3c3c
       223  ,,,,,,,,,,,,,,,,  2c2c2c2c2c2c2c2c2c2c2c2c2c2c2c2c
       140  >>>>>>>>>>>>>>>>  3e3e3e3e3e3e3e3e3e3e3e3e3e3e3e3e
       127  8888888888888888  38383838383838383838383838383838
       123  9999999999999999  39393939393939393939393939393939
       100  ;;;;;;;;;;;;;;;;  3b3b3b3b3b3b3b3b3b3b3b3b3b3b3b3b
        94  ================  3d3d3d3d3d3d3d3d3d3d3d3d3d3d3d3d
        91  ::::::::::::::::  3a3a3a3a3a3a3a3a3a3a3a3a3a3a3a3a
        86  """"""""""""""""  22222222222222222222222222222222
        84  ................  ffffffffffffffffffffffffffffffff
# epoch 15000  H=7.5115 C=7.1716 HO=0.3399  A(t)=1703
       326  <<<<<<<<<<<<<<<<  3c3c3c3c3c3c3c3c3c3c3c3c3c3c3c3c
       264  ,,,,,,,,,,,,,,,,  2c2c2c2c2c2c2c2c2c2c2c2c2c2c2c2c
       166  8888888888888888  38383838383838383838383838383838
       153  9999999999999999  39393939393939393939393939393939
       125  ????????????????  3f3f3f3f3f3f3f3f3f3f3f3f3f3f3f3f
       122  ;;;;;;;;;;;;;;;;  3b3b3b3b3b3b3b3b3b3b3b3b3b3b3b3b
       121  >>>>>>>>>>>>>>>>  3e3e3e3e3e3e3e3e3e3e3e3e3e3e3e3e
       114  ................  ffffffffffffffffffffffffffffffff
       107  ================  3d3d3d3d3d3d3d3d3d3d3d3d3d3d3d3d
        81  ::::::::::::::::  3a3a3a3a3a3a3a3a3a3a3a3a3a3a3a3a
# epoch 15020  H=7.5122 C=7.1773 HO=0.3349  A(t)=1703
       308  <<<<<<<<<<<<<<<<  3c3c3c3c3c3c3c3c3c3c3c3c3c3c3c3c
       217  ,,,,,,,,,,,,,,,,  2c2c2c2c2c2c2c2c2c2c2c2c2c2c2c2c
       150  9999999999999999  39393939393939393939393939393939
       132  5555555555555555  35353535353535353535353535353535
       123  >>>>>>>>>>>>>>>>  3e3e3e3e3e3e3e3e3e3e3e3e3e3e3e3e
       117  ;;;;;;;;;;;;;;;;  3b3b3b3b3b3b3b3b3b3b3b3b3b3b3b3b
       114  8888888888888888  38383838383838383838383838383838
       110  ????????????????  3f3f3f3f3f3f3f3f3f3f3f3f3f3f3f3f
       105  ................  ffffffffffffffffffffffffffffffff
        96  ................  0d0d0d0d0d0d0d0d0d0d0d0d0d0d0d0d
# epoch 15040  H=7.5105 C=7.1832 HO=0.3273  A(t)=1707
       329  <<<<<<<<<<<<<<<<  3c3c3c3c3c3c3c3c3c3c3c3c3c3c3c3c
       217  ,,,,,,,,,,,,,,,,  2c2c2c2c2c2c2c2c2c2c2c2c2c2c2c2c
       149  ;;;;;;;;;;;;;;;;  3b3b3b3b3b3b3b3b3b3b3b3b3b3b3b3b
       147  9999999999999999  39393939393939393939393939393939
       131  ================  3d3d3d3d3d3d3d3d3d3d3d3d3d3d3d3d
       101  8888888888888888  38383838383838383838383838383838
        89  5555555555555555  35353535353535353535353535353535
        86  >>>>>>>>>>>>>>>>  3e3e3e3e3e3e3e3e3e3e3e3e3e3e3e3e
        79  ................  ffffffffffffffffffffffffffffffff
        77  @@@@@@@@@@@@@@@@  40404040404040404040404040404040
# epoch 15060  H=7.5122 C=7.1816 HO=0.3306  A(t)=1707
       288  <<<<<<<<<<<<<<<<  3c3c3c3c3c3c3c3c3c3c3c3c3c3c3c3c
       244  ,,,,,,,,,,,,,,,,  2c2c2c2c2c2c2c2c2c2c2c2c2c2c2c2c
       152  9999999999999999  39393939393939393939393939393939
       147  ================  3d3d3d3d3d3d3d3d3d3d3d3d3d3d3d3d
       136  ................  f3f3f3f3f3f3f3f3f3f3f3f3f3f3f3f3
       125  ????????????????  3f3f3f3f3f3f3f3f3f3f3f3f3f3f3f3f
       121  ;;;;;;;;;;;;;;;;  3b3b3b3b3b3b3b3b3b3b3b3b3b3b3b3b
       105  ................  c4c4c4c4c4c4c4c4c4c4c4c4c4c4c4c4
       105  @@@@@@@@@@@@@@@@  40404040404040404040404040404040
        94  8888888888888888  38383838383838383838383838383838
# epoch 15080  H=7.5119 C=7.1773 HO=0.3346  A(t)=1709
       317  <<<<<<<<<<<<<<<<  3c3c3c3c3c3c3c3c3c3c3c3c3c3c3c3c
       190  ,,,,,,,,,,,,,,,,  2c2c2c2c2c2c2c2c2c2c2c2c2c2c2c2c
       186  9999999999999999  39393939393939393939393939393939
       181  [[[[[[[[[[[[[[[[  5b5b5b5b5b5b5b5b5b5b5b5b5b5b5b5b
       166  @@@@@@@@@@@@@@@@  40404040404040404040404040404040
       153  ================  3d3d3d3d3d3d3d3d3d3d3d3d3d3d3d3d
       124  ................  f3f3f3f3f3f3f3f3f3f3f3f3f3f3f3f3
       114  >>>>>>>>>>>>>>>>  3e3e3e3e3e3e3e3e3e3e3e3e3e3e3e3e
       112  ;;;;;;;;;;;;;;;;  3b3b3b3b3b3b3b3b3b3b3b3b3b3b3b3b
       105  ................  c4c4c4c4c4c4c4c4c4c4c4c4c4c4c4c4
# epoch 15100  H=7.5115 C=7.1768 HO=0.3347  A(t)=1709
       329  <<<<<<<<<<<<<<<<  3c3c3c3c3c3c3c3c3c3c3c3c3c3c3c3c
       237  [[[[[[[[[[[[[[[[  5b5b5b5b5b5b5b5b5b5b5b5b5b5b5b5b
       147  9999999999999999  39393939393939393939393939393939
       139  ================  3d3d3d3d3d3d3d3d3d3d3d3d3d3d3d3d
       138  ,,,,,,,,,,,,,,,,  2c2c2c2c2c2c2c2c2c2c2c2c2c2c2c2c
       126  @@@@@@@@@@@@@@@@  40404040404040404040404040404040
       121  ????????????????  3f3f3f3f3f3f3f3f3f3f3f3f3f3f3f3f
       112  >>>>>>>>>>>>>>>>  3e3e3e3e3e3e3e3e3e3e3e3e3e3e3e3e
        97  ................  f3f3f3f3f3f3f3f3f3f3f3f3f3f3f3f3
        96  ;;;;;;;;;;;;;;;;  3b3b3b3b3b3b3b3b3b3b3b3b3b3b3b3b
# epoch 15120  H=7.5148 C=7.1774 HO=0.3374  A(t)=1713
       236  <<<<<<<<<<<<<<<<  3c3c3c3c3c3c3c3c3c3c3c3c3c3c3c3c
       211  [[[[[[[[[[[[[[[[  5b5b5b5b5b5b5b5b5b5b5b5b5b5b5b5b
       177  ;;;;;;;;;;;;;;;;  3b3b3b3b3b3b3b3b3b3b3b3b3b3b3b3b
       168  ================  3d3d3d3d3d3d3d3d3d3d3d3d3d3d3d3d
       159  ????????????????  3f3f3f3f3f3f3f3f3f3f3f3f3f3f3f3f
       138  ................  f3f3f3f3f3f3f3f3f3f3f3f3f3f3f3f3
       135  9999999999999999  39393939393939393939393939393939
       116  @@@@@@@@@@@@@@@@  40404040404040404040404040404040
       108  >>>>>>>>>>>>>>>>  3e3e3e3e3e3e3e3e3e3e3e3e3e3e3e3e
       106  ,,,,,,,,,,,,,,,,  2c2c2c2c2c2c2c2c2c2c2c2c2c2c2c2c
# epoch 15140  H=7.5146 C=7.1802 HO=0.3344  A(t)=1713
       218  <<<<<<<<<<<<<<<<  3c3c3c3c3c3c3c3c3c3c3c3c3c3c3c3c
       214  [[[[[[[[[[[[[[[[  5b5b5b5b5b5b5b5b5b5b5b5b5b5b5b5b
       201  ;;;;;;;;;;;;;;;;  3b3b3b3b3b3b3b3b3b3b3b3b3b3b3b3b
       188  ================  3d3d3d3d3d3d3d3d3d3d3d3d3d3d3d3d
       159  9999999999999999  39393939393939393939393939393939
       148  @@@@@@@@@@@@@@@@  40404040404040404040404040404040
       143  ????????????????  3f3f3f3f3f3f3f3f3f3f3f3f3f3f3f3f
       138  ,,,,,,,,,,,,,,,,  2c2c2c2c2c2c2c2c2c2c2c2c2c2c2c2c
       108  ssssssssssssssss  73737373737373737373737373737373
       105  ................  f3f3f3f3f3f3f3f3f3f3f3f3f3f3f3f3
# epoch 15160  H=7.5169 C=7.1853 HO=0.3316  A(t)=1717
       227  <<<<<<<<<<<<<<<<  3c3c3c3c3c3c3c3c3c3c3c3c3c3c3c3c
       172  [[[[[[[[[[[[[[[[  5b5b5b5b5b5b5b5b5b5b5b5b5b5b5b5b
       170  ================  3d3d3d3d3d3d3d3d3d3d3d3d3d3d3d3d
       160  ;;;;;;;;;;;;;;;;  3b3b3b3b3b3b3b3b3b3b3b3b3b3b3b3b
       151  9999999999999999  39393939393939393939393939393939
       125  @@@@@@@@@@@@@@@@  40404040404040404040404040404040
       125  ,,,,,,,,,,,,,,,,  2c2c2c2c2c2c2c2c2c2c2c2c2c2c2c2c
       106  ????????????????  3f3f3f3f3f3f3f3f3f3f3f3f3f3f3f3f
       106  >>>>>>>>>>>>>>>>  3e3e3e3e3e3e3e3e3e3e3e3e3e3e3e3e
        96  ................  f3f3f3f3f3f3f3f3f3f3f3f3f3f3f3f3
# epoch 15180  H=7.5149 C=7.1888 HO=0.3261  A(t)=1721
       243  <<<<<<<<<<<<<<<<  3c3c3c3c3c3c3c3c3c3c3c3c3c3c3c3c
       187  ;;;;;;;;;;;;;;;;  3b3b3b3b3b3b3b3b3b3b3b3b3b3b3b3b
       152  ================  3d3d3d3d3d3d3d3d3d3d3d3d3d3d3d3d
       147  >>>>>>>>>>>>>>>>  3e3e3e3e3e3e3e3e3e3e3e3e3e3e3e3e
       140  [[[[[[[[[[[[[[[[  5b5b5b5b5b5b5b5b5b5b5b5b5b5b5b5b
       133  ................  f3f3f3f3f3f3f3f3f3f3f3f3f3f3f3f3
       130  9999999999999999  39393939393939393939393939393939
       119  @@@@@@@@@@@@@@@@  40404040404040404040404040404040
       102  ????????????????  3f3f3f3f3f3f3f3f3f3f3f3f3f3f3f3f
        97  ,,,,,,,,,,,,,,,,  2c2c2c2c2c2c2c2c2c2c2c2c2c2c2c2c
# epoch 15200  H=7.5134 C=7.1917 HO=0.3217  A(t)=1721
       217  <<<<<<<<<<<<<<<<  3c3c3c3c3c3c3c3c3c3c3c3c3c3c3c3c
       212  ;;;;;;;;;;;;;;;;  3b3b3b3b3b3b3b3b3b3b3b3b3b3b3b3b
       126  9999999999999999  39393939393939393939393939393939
       124  ================  3d3d3d3d3d3d3d3d3d3d3d3d3d3d3d3d
       120  @@@@@@@@@@@@@@@@  40404040404040404040404040404040
       120  ,,,,,,,,,,,,,,,,  2c2c2c2c2c2c2c2c2c2c2c2c2c2c2c2c
       114  >>>>>>>>>>>>>>>>  3e3e3e3e3e3e3e3e3e3e3e3e3e3e3e3e
       109  ................  f3f3f3f3f3f3f3f3f3f3f3f3f3f3f3f3
        96  [[[[[[[[[[[[[[[[  5b5b5b5b5b5b5b5b5b5b5b5b5b5b5b5b
        80  ????????????????  3f3f3f3f3f3f3f3f3f3f3f3f3f3f3f3f
# epoch 15220  H=7.5158 C=7.1899 HO=0.3259  A(t)=1721
       192  ;;;;;;;;;;;;;;;;  3b3b3b3b3b3b3b3b3b3b3b3b3b3b3b3b
       184  [[[[[[[[[[[[[[[[  5b5b5b5b5b5b5b5b5b5b5b5b5b5b5b5b
       155  <<<<<<<<<<<<<<<<  3c3c3c3c3c3c3c3c3c3c3c3c3c3c3c3c
       142  NNNNNNNNNNNNNNNN  4e4e4e4e4e4e4e4e4e4e4e4e4e4e4e4e
       129  eeeeeeeeeeeeeeee  65656565656565656565656565656565
       124  9999999999999999  39393939393939393939393939393939
       124  8888888888888888  38383838383838383838383838383838
       121  ????????????????  3f3f3f3f3f3f3f3f3f3f3f3f3f3f3f3f
       103  ================  3d3d3d3d3d3d3d3d3d3d3d3d3d3d3d3d
       102  ................  ecececececececececececececececec
# epoch 15240  H=7.5166 C=7.1905 HO=0.3261  A(t)=1727
       225  [[[[[[[[[[[[[[[[  5b5b5b5b5b5b5b5b5b5b5b5b5b5b5b5b
       197  9999999999999999  39393939393939393939393939393939
       189  ;;;;;;;;;;;;;;;;  3b3b3b3b3b3b3b3b3b3b3b3b3b3b3b3b
       137  ================  3d3d3d3d3d3d3d3d3d3d3d3d3d3d3d3d
       127  <<<<<<<<<<<<<<<<  3c3c3c3c3c3c3c3c3c3c3c3c3c3c3c3c
       121  eeeeeeeeeeeeeeee  65656565656565656565656565656565
       108  NNNNNNNNNNNNNNNN  4e4e4e4e4e4e4e4e4e4e4e4e4e4e4e4e
        98  ????????????????  3f3f3f3f3f3f3f3f3f3f3f3f3f3f3f3f
        95  >>>>>>>>>>>>>>>>  3e3e3e3e3e3e3e3e3e3e3e3e3e3e3e3e
        93  8888888888888888  38383838383838383838383838383838
# epoch 15260  H=7.5139 C=7.1889 HO=0.3250  A(t)=1731
       231  [[[[[[[[[[[[[[[[  5b5b5b5b5b5b5b5b5b5b5b5b5b5b5b5b
       230  ;;;;;;;;;;;;;;;;  3b3b3b3b3b3b3b3b3b3b3b3b3b3b3b3b
       218  9999999999999999  39393939393939393939393939393939
       214  <<<<<<<<<<<<<<<<  3c3c3c3c3c3c3c3c3c3c3c3c3c3c3c3c
       171  ================  3d3d3d3d3d3d3d3d3d3d3d3d3d3d3d3d
       117  eeeeeeeeeeeeeeee  65656565656565656565656565656565
        99  >>>>>>>>>>>>>>>>  3e3e3e3e3e3e3e3e3e3e3e3e3e3e3e3e
        93  NNNNNNNNNNNNNNNN  4e4e4e4e4e4e4e4e4e4e4e4e4e4e4e4e
        91  ................  1d1d1d1d1d1d1d1d1d1d1d1d1d1d1d1d
        81  ????????????????  3f3f3f3f3f3f3f3f3f3f3f3f3f3f3f3f
# epoch 15280  H=7.5145 C=7.1882 HO=0.3263  A(t)=1731
       309  [[[[[[[[[[[[[[[[  5b5b5b5b5b5b5b5b5b5b5b5b5b5b5b5b
       254  ================  3d3d3d3d3d3d3d3d3d3d3d3d3d3d3d3d
       242  ;;;;;;;;;;;;;;;;  3b3b3b3b3b3b3b3b3b3b3b3b3b3b3b3b
       175  <<<<<<<<<<<<<<<<  3c3c3c3c3c3c3c3c3c3c3c3c3c3c3c3c
       166  9999999999999999  39393939393939393939393939393939
       125  8888888888888888  38383838383838383838383838383838
       113  ::::::::::::::::  3a3a3a3a3a3a3a3a3a3a3a3a3a3a3a3a
       105  ????????????????  3f3f3f3f3f3f3f3f3f3f3f3f3f3f3f3f
       103  eeeeeeeeeeeeeeee  65656565656565656565656565656565
        91  NNNNNNNNNNNNNNNN  4e4e4e4e4e4e4e4e4e4e4e4e4e4e4e4e
# epoch 15300  H=7.5169 C=7.1890 HO=0.3279  A(t)=1731
       296  ;;;;;;;;;;;;;;;;  3b3b3b3b3b3b3b3b3b3b3b3b3b3b3b3b
       291  [[[[[[[[[[[[[[[[  5b5b5b5b5b5b5b5b5b5b5b5b5b5b5b5b
       195  <<<<<<<<<<<<<<<<  3c3c3c3c3c3c3c3c3c3c3c3c3c3c3c3c
       187  ================  3d3d3d3d3d3d3d3d3d3d3d3d3d3d3d3d
       159  ,,,,,,,,,,,,,,,,  2c2c2c2c2c2c2c2c2c2c2c2c2c2c2c2c
       148  9999999999999999  39393939393939393939393939393939
       137  NNNNNNNNNNNNNNNN  4e4e4e4e4e4e4e4e4e4e4e4e4e4e4e4e
       125  8888888888888888  38383838383838383838383838383838
       105  ::::::::::::::::  3a3a3a3a3a3a3a3a3a3a3a3a3a3a3a3a
        95  ................  ecececececececececececececececec
# epoch 15320  H=7.5156 C=7.1824 HO=0.3332  A(t)=1735
       296  ;;;;;;;;;;;;;;;;  3b3b3b3b3b3b3b3b3b3b3b3b3b3b3b3b
       263  [[[[[[[[[[[[[[[[  5b5b5b5b5b5b5b5b5b5b5b5b5b5b5b5b
       217  <<<<<<<<<<<<<<<<  3c3c3c3c3c3c3c3c3c3c3c3c3c3c3c3c
       174  ================  3d3d3d3d3d3d3d3d3d3d3d3d3d3d3d3d
       167  ::::::::::::::::  3a3a3a3a3a3a3a3a3a3a3a3a3a3a3a3a
       135  9999999999999999  39393939393939393939393939393939
       116  NNNNNNNNNNNNNNNN  4e4e4e4e4e4e4e4e4e4e4e4e4e4e4e4e
       105  8888888888888888  38383838383838383838383838383838
       105  ................  04040404040404040404040404040404
       104  ,,,,,,,,,,,,,,,,  2c2c2c2c2c2c2c2c2c2c2c2c2c2c2c2c
# epoch 15340  H=7.5142 C=7.1842 HO=0.3300  A(t)=1737
       343  ;;;;;;;;;;;;;;;;  3b3b3b3b3b3b3b3b3b3b3b3b3b3b3b3b
       269  [[[[[[[[[[[[[[[[  5b5b5b5b5b5b5b5b5b5b5b5b5b5b5b5b
       238  <<<<<<<<<<<<<<<<  3c3c3c3c3c3c3c3c3c3c3c3c3c3c3c3c
       162  ================  3d3d3d3d3d3d3d3d3d3d3d3d3d3d3d3d
       160  ::::::::::::::::  3a3a3a3a3a3a3a3a3a3a3a3a3a3a3a3a
       112  9999999999999999  39393939393939393939393939393939
       105  ,,,,,,,,,,,,,,,,  2c2c2c2c2c2c2c2c2c2c2c2c2c2c2c2c
       103  ................  04040404040404040404040404040404
        99  >>>>>>>>>>>>>>>>  3e3e3e3e3e3e3e3e3e3e3e3e3e3e3e3e
        97  8888888888888888  38383838383838383838383838383838
# epoch 15360  H=7.5111 C=7.1853 HO=0.3258  A(t)=1739
       327  ;;;;;;;;;;;;;;;;  3b3b3b3b3b3b3b3b3b3b3b3b3b3b3b3b
       298  <<<<<<<<<<<<<<<<  3c3c3c3c3c3c3c3c3c3c3c3c3c3c3c3c
       232  [[[[[[[[[[[[[[[[  5b5b5b5b5b5b5b5b5b5b5b5b5b5b5b5b
       185  ================  3d3d3d3d3d3d3d3d3d3d3d3d3d3d3d3d
       157  ::::::::::::::::  3a3a3a3a3a3a3a3a3a3a3a3a3a3a3a3a
       125  9999999999999999  39393939393939393939393939393939
        93  8888888888888888  38383838383838383838383838383838
        84  >>>>>>>>>>>>>>>>  3e3e3e3e3e3e3e3e3e3e3e3e3e3e3e3e
        81  GGGGGGGGGGGGGGGG  47474747474747474747474747474747
        76  eeeeeeeeeeeeeeee  65656565656565656565656565656565
# epoch 15380  H=7.5072 C=7.1832 HO=0.3241  A(t)=1743
       320  <<<<<<<<<<<<<<<<  3c3c3c3c3c3c3c3c3c3c3c3c3c3c3c3c
       300  ;;;;;;;;;;;;;;;;  3b3b3b3b3b3b3b3b3b3b3b3b3b3b3b3b
       244  [[[[[[[[[[[[[[[[  5b5b5b5b5b5b5b5b5b5b5b5b5b5b5b5b
       152  ================  3d3d3d3d3d3d3d3d3d3d3d3d3d3d3d3d
       129  ::::::::::::::::  3a3a3a3a3a3a3a3a3a3a3a3a3a3a3a3a
       113  9999999999999999  39393939393939393939393939393939
       103  >>>>>>>>>>>>>>>>  3e3e3e3e3e3e3e3e3e3e3e3e3e3e3e3e
        93  ,,,,,,,,,,,,,,,,  2c2c2c2c2c2c2c2c2c2c2c2c2c2c2c2c
        90  ................  84848484848484848484848484848484
        89  8888888888888888  38383838383838383838383838383838
# epoch 15400  H=7.5126 C=7.1907 HO=0.3219  A(t)=1745
       319  <<<<<<<<<<<<<<<<  3c3c3c3c3c3c3c3c3c3c3c3c3c3c3c3c
       294  ;;;;;;;;;;;;;;;;  3b3b3b3b3b3b3b3b3b3b3b3b3b3b3b3b
       232  [[[[[[[[[[[[[[[[  5b5b5b5b5b5b5b5b5b5b5b5b5b5b5b5b
       148  ================  3d3d3d3d3d3d3d3d3d3d3d3d3d3d3d3d
       132  >>>>>>>>>>>>>>>>  3e3e3e3e3e3e3e3e3e3e3e3e3e3e3e3e
       127  ::::::::::::::::  3a3a3a3a3a3a3a3a3a3a3a3a3a3a3a3a
       102  XXXXXXXXXXXXXXXX  58585858585858585858585858585858
        96  ,,,,,,,,,,,,,,,,  2c2c2c2c2c2c2c2c2c2c2c2c2c2c2c2c
        89  ................  f3f3f3f3f3f3f3f3f3f3f3f3f3f3f3f3
        85  8888888888888888  38383838383838383838383838383838
# epoch 15420  H=7.5094 C=7.1908 HO=0.3186  A(t)=1749
       259  <<<<<<<<<<<<<<<<  3c3c3c3c3c3c3c3c3c3c3c3c3c3c3c3c
       246  ;;;;;;;;;;;;;;;;  3b3b3b3b3b3b3b3b3b3b3b3b3b3b3b3b
       199  [[[[[[[[[[[[[[[[  5b5b5b5b5b5b5b5b5b5b5b5b5b5b5b5b
       189  ================  3d3d3d3d3d3d3d3d3d3d3d3d3d3d3d3d
       153  9999999999999999  39393939393939393939393939393939
       139  ::::::::::::::::  3a3a3a3a3a3a3a3a3a3a3a3a3a3a3a3a
       133  ,,,,,,,,,,,,,,,,  2c2c2c2c2c2c2c2c2c2c2c2c2c2c2c2c
       111  >>>>>>>>>>>>>>>>  3e3e3e3e3e3e3e3e3e3e3e3e3e3e3e3e
        83  XXXXXXXXXXXXXXXX  58585858585858585858585858585858
        74  8888888888888888  38383838383838383838383838383838
# epoch 15440  H=7.5060 C=7.1868 HO=0.3192  A(t)=1751
       314  <<<<<<<<<<<<<<<<  3c3c3c3c3c3c3c3c3c3c3c3c3c3c3c3c
       280  ;;;;;;;;;;;;;;;;  3b3b3b3b3b3b3b3b3b3b3b3b3b3b3b3b
       203  [[[[[[[[[[[[[[[[  5b5b5b5b5b5b5b5b5b5b5b5b5b5b5b5b
       178  ::::::::::::::::  3a3a3a3a3a3a3a3a3a3a3a3a3a3a3a3a
       171  >>>>>>>>>>>>>>>>  3e3e3e3e3e3e3e3e3e3e3e3e3e3e3e3e
       170  ================  3d3d3d3d3d3d3d3d3d3d3d3d3d3d3d3d
       142  9999999999999999  39393939393939393939393939393939
       115  ,,,,,,,,,,,,,,,,  2c2c2c2c2c2c2c2c2c2c2c2c2c2c2c2c
       110  8888888888888888  38383838383838383838383838383838
        78  XXXXXXXXXXXXXXXX  58585858585858585858585858585858
# epoch 15460  H=7.5009 C=7.1820 HO=0.3188  A(t)=1758
       324  <<<<<<<<<<<<<<<<  3c3c3c3c3c3c3c3c3c3c3c3c3c3c3c3c
       230  ;;;;;;;;;;;;;;;;  3b3b3b3b3b3b3b3b3b3b3b3b3b3b3b3b
       206  8888888888888888  38383838383838383838383838383838
       205  [[[[[[[[[[[[[[[[  5b5b5b5b5b5b5b5b5b5b5b5b5b5b5b5b
       172  9999999999999999  39393939393939393939393939393939
       156  >>>>>>>>>>>>>>>>  3e3e3e3e3e3e3e3e3e3e3e3e3e3e3e3e
       146  ================  3d3d3d3d3d3d3d3d3d3d3d3d3d3d3d3d
       138  ,,,,,,,,,,,,,,,,  2c2c2c2c2c2c2c2c2c2c2c2c2c2c2c2c
       131  ::::::::::::::::  3a3a3a3a3a3a3a3a3a3a3a3a3a3a3a3a
       102  ................  84848484848484848484848484848484
# epoch 15480  H=7.5021 C=7.1819 HO=0.3202  A(t)=1762
       292  <<<<<<<<<<<<<<<<  3c3c3c3c3c3c3c3c3c3c3c3c3c3c3c3c
       260  >>>>>>>>>>>>>>>>  3e3e3e3e3e3e3e3e3e3e3e3e3e3e3e3e
       190  8888888888888888  38383838383838383838383838383838
       186  ;;;;;;;;;;;;;;;;  3b3b3b3b3b3b3b3b3b3b3b3b3b3b3b3b
       175  [[[[[[[[[[[[[[[[  5b5b5b5b5b5b5b5b5b5b5b5b5b5b5b5b
       163  ================  3d3d3d3d3d3d3d3d3d3d3d3d3d3d3d3d
       154  9999999999999999  39393939393939393939393939393939
       136  ,,,,,,,,,,,,,,,,  2c2c2c2c2c2c2c2c2c2c2c2c2c2c2c2c
       124  ::::::::::::::::  3a3a3a3a3a3a3a3a3a3a3a3a3a3a3a3a
       116  TTTTTTTTTTTTTTTT  54545454545454545454545454545454
# epoch 15500  H=7.4993 C=7.1874 HO=0.3120  A(t)=1762
       253  >>>>>>>>>>>>>>>>  3e3e3e3e3e3e3e3e3e3e3e3e3e3e3e3e
       253  <<<<<<<<<<<<<<<<  3c3c3c3c3c3c3c3c3c3c3c3c3c3c3c3c
       180  ,,,,,,,,,,,,,,,,  2c2c2c2c2c2c2c2c2c2c2c2c2c2c2c2c
       172  [[[[[[[[[[[[[[[[  5b5b5b5b5b5b5b5b5b5b5b5b5b5b5b5b
       172  9999999999999999  39393939393939393939393939393939
       163  ;;;;;;;;;;;;;;;;  3b3b3b3b3b3b3b3b3b3b3b3b3b3b3b3b
       163  8888888888888888  38383838383838383838383838383838
       155  ================  3d3d3d3d3d3d3d3d3d3d3d3d3d3d3d3d
       114  TTTTTTTTTTTTTTTT  54545454545454545454545454545454
       114  ::::::::::::::::  3a3a3a3a3a3a3a3a3a3a3a3a3a3a3a3a
# epoch 15520  H=7.5044 C=7.1913 HO=0.3131  A(t)=1762
       294  <<<<<<<<<<<<<<<<  3c3c3c3c3c3c3c3c3c3c3c3c3c3c3c3c
       208  >>>>>>>>>>>>>>>>  3e3e3e3e3e3e3e3e3e3e3e3e3e3e3e3e
       186  ,,,,,,,,,,,,,,,,  2c2c2c2c2c2c2c2c2c2c2c2c2c2c2c2c
       163  ================  3d3d3d3d3d3d3d3d3d3d3d3d3d3d3d3d
       154  ;;;;;;;;;;;;;;;;  3b3b3b3b3b3b3b3b3b3b3b3b3b3b3b3b
       152  9999999999999999  39393939393939393939393939393939
       144  8888888888888888  38383838383838383838383838383838
       136  [[[[[[[[[[[[[[[[  5b5b5b5b5b5b5b5b5b5b5b5b5b5b5b5b
       134  ::::::::::::::::  3a3a3a3a3a3a3a3a3a3a3a3a3a3a3a3a
       119  ................  14141414141414141414141414141414
# epoch 15540  H=7.5095 C=7.1951 HO=0.3145  A(t)=1762
       272  ,,,,,,,,,,,,,,,,  2c2c2c2c2c2c2c2c2c2c2c2c2c2c2c2c
       260  <<<<<<<<<<<<<<<<  3c3c3c3c3c3c3c3c3c3c3c3c3c3c3c3c
       174  >>>>>>>>>>>>>>>>  3e3e3e3e3e3e3e3e3e3e3e3e3e3e3e3e
       144  9999999999999999  39393939393939393939393939393939
       143  8888888888888888  38383838383838383838383838383838
       137  ;;;;;;;;;;;;;;;;  3b3b3b3b3b3b3b3b3b3b3b3b3b3b3b3b
       129  [[[[[[[[[[[[[[[[  5b5b5b5b5b5b5b5b5b5b5b5b5b5b5b5b
       125  ================  3d3d3d3d3d3d3d3d3d3d3d3d3d3d3d3d
       117  ::::::::::::::::  3a3a3a3a3a3a3a3a3a3a3a3a3a3a3a3a
        98  ................  14141414141414141414141414141414
# epoch 15560  H=7.5113 C=7.2005 HO=0.3108  A(t)=1764
       340  ,,,,,,,,,,,,,,,,  2c2c2c2c2c2c2c2c2c2c2c2c2c2c2c2c
       174  <<<<<<<<<<<<<<<<  3c3c3c3c3c3c3c3c3c3c3c3c3c3c3c3c
       154  [[[[[[[[[[[[[[[[  5b5b5b5b5b5b5b5b5b5b5b5b5b5b5b5b
       153  >>>>>>>>>>>>>>>>  3e3e3e3e3e3e3e3e3e3e3e3e3e3e3e3e
       138  9999999999999999  39393939393939393939393939393939
       136  8888888888888888  38383838383838383838383838383838
       135  ================  3d3d3d3d3d3d3d3d3d3d3d3d3d3d3d3d
       135  ;;;;;;;;;;;;;;;;  3b3b3b3b3b3b3b3b3b3b3b3b3b3b3b3b
        89  1111111111111111  31313131313131313131313131313131
        89  ................  14141414141414141414141414141414
# epoch 15580  H=7.5146 C=7.2006 HO=0.3139  A(t)=1764
       343  ,,,,,,,,,,,,,,,,  2c2c2c2c2c2c2c2c2c2c2c2c2c2c2c2c
       241  <<<<<<<<<<<<<<<<  3c3c3c3c3c3c3c3c3c3c3c3c3c3c3c3c
       157  [[[[[[[[[[[[[[[[  5b5b5b5b5b5b5b5b5b5b5b5b5b5b5b5b
       150  ================  3d3d3d3d3d3d3d3d3d3d3d3d3d3d3d3d
       143  >>>>>>>>>>>>>>>>  3e3e3e3e3e3e3e3e3e3e3e3e3e3e3e3e
       127  ;;;;;;;;;;;;;;;;  3b3b3b3b3b3b3b3b3b3b3b3b3b3b3b3b
       124  ::::::::::::::::  3a3a3a3a3a3a3a3a3a3a3a3a3a3a3a3a
       110  8888888888888888  38383838383838383838383838383838
       102  ................  04040404040404040404040404040404
       100  9999999999999999  39393939393939393939393939393939
# epoch 15600  H=7.5172 C=7.1998 HO=0.3174  A(t)=1764
       345  [[[[[[[[[[[[[[[[  5b5b5b5b5b5b5b5b5b5b5b5b5b5b5b5b
       316  ,,,,,,,,,,,,,,,,  2c2c2c2c2c2c2c2c2c2c2c2c2c2c2c2c
       195  <<<<<<<<<<<<<<<<  3c3c3c3c3c3c3c3c3c3c3c3c3c3c3c3c
       162  >>>>>>>>>>>>>>>>  3e3e3e3e3e3e3e3e3e3e3e3e3e3e3e3e
       158  ================  3d3d3d3d3d3d3d3d3d3d3d3d3d3d3d3d
       118  ::::::::::::::::  3a3a3a3a3a3a3a3a3a3a3a3a3a3a3a3a
       112  ;;;;;;;;;;;;;;;;  3b3b3b3b3b3b3b3b3b3b3b3b3b3b3b3b
        99  9999999999999999  39393939393939393939393939393939
        92  ................  04040404040404040404040404040404
        91  IIIIIIIIIIIIIIII  49494949494949494949494949494949
# epoch 15620  H=7.5203 C=7.2091 HO=0.3112  A(t)=1773
       307  [[[[[[[[[[[[[[[[  5b5b5b5b5b5b5b5b5b5b5b5b5b5b5b5b
       284  ,,,,,,,,,,,,,,,,  2c2c2c2c2c2c2c2c2c2c2c2c2c2c2c2c
       215  <<<<<<<<<<<<<<<<  3c3c3c3c3c3c3c3c3c3c3c3c3c3c3c3c
       133  >>>>>>>>>>>>>>>>  3e3e3e3e3e3e3e3e3e3e3e3e3e3e3e3e
       124  ================  3d3d3d3d3d3d3d3d3d3d3d3d3d3d3d3d
       117  ;;;;;;;;;;;;;;;;  3b3b3b3b3b3b3b3b3b3b3b3b3b3b3b3b
       114  ::::::::::::::::  3a3a3a3a3a3a3a3a3a3a3a3a3a3a3a3a
        95  9999999999999999  39393939393939393939393939393939
        84  ................  e2e2e2e2e2e2e2e2e2e2e2e2e2e2e2e2
        82  ________________  20202020202020202020202020202020
# epoch 15640  H=7.5173 C=7.2062 HO=0.3111  A(t)=1775
       413  ,,,,,,,,,,,,,,,,  2c2c2c2c2c2c2c2c2c2c2c2c2c2c2c2c
       264  [[[[[[[[[[[[[[[[  5b5b5b5b5b5b5b5b5b5b5b5b5b5b5b5b
       237  <<<<<<<<<<<<<<<<  3c3c3c3c3c3c3c3c3c3c3c3c3c3c3c3c
       154  ::::::::::::::::  3a3a3a3a3a3a3a3a3a3a3a3a3a3a3a3a
       117  >>>>>>>>>>>>>>>>  3e3e3e3e3e3e3e3e3e3e3e3e3e3e3e3e
       117  ================  3d3d3d3d3d3d3d3d3d3d3d3d3d3d3d3d
       105  ................  9a9a9a9a9a9a9a9a9a9a9a9a9a9a9a9a
        95  9999999999999999  39393939393939393939393939393939
        89  ;;;;;;;;;;;;;;;;  3b3b3b3b3b3b3b3b3b3b3b3b3b3b3b3b
        82  ................  e2e2e2e2e2e2e2e2e2e2e2e2e2e2e2e2
# epoch 15660  H=7.5121 C=7.2038 HO=0.3083  A(t)=1775
       307  ,,,,,,,,,,,,,,,,  2c2c2c2c2c2c2c2c2c2c2c2c2c2c2c2c
       292  [[[[[[[[[[[[[[[[  5b5b5b5b5b5b5b5b5b5b5b5b5b5b5b5b
       256  <<<<<<<<<<<<<<<<  3c3c3c3c3c3c3c3c3c3c3c3c3c3c3c3c
       254  ::::::::::::::::  3a3a3a3a3a3a3a3a3a3a3a3a3a3a3a3a
       135  >>>>>>>>>>>>>>>>  3e3e3e3e3e3e3e3e3e3e3e3e3e3e3e3e
       109  ================  3d3d3d3d3d3d3d3d3d3d3d3d3d3d3d3d
        93  ................  9a9a9a9a9a9a9a9a9a9a9a9a9a9a9a9a
        89  @@@@@@@@@@@@@@@@  40404040404040404040404040404040
        86  ;;;;;;;;;;;;;;;;  3b3b3b3b3b3b3b3b3b3b3b3b3b3b3b3b
        80  ................  d4d4d4d4d4d4d4d4d4d4d4d4d4d4d4d4
# epoch 15680  H=7.5135 C=7.2025 HO=0.3110  A(t)=1777
       299  [[[[[[[[[[[[[[[[  5b5b5b5b5b5b5b5b5b5b5b5b5b5b5b5b
       290  ,,,,,,,,,,,,,,,,  2c2c2c2c2c2c2c2c2c2c2c2c2c2c2c2c
       224  ::::::::::::::::  3a3a3a3a3a3a3a3a3a3a3a3a3a3a3a3a
       212  <<<<<<<<<<<<<<<<  3c3c3c3c3c3c3c3c3c3c3c3c3c3c3c3c
       159  ;;;;;;;;;;;;;;;;  3b3b3b3b3b3b3b3b3b3b3b3b3b3b3b3b
       142  ================  3d3d3d3d3d3d3d3d3d3d3d3d3d3d3d3d
       123  IIIIIIIIIIIIIIII  49494949494949494949494949494949
       114  >>>>>>>>>>>>>>>>  3e3e3e3e3e3e3e3e3e3e3e3e3e3e3e3e
        94  9999999999999999  39393939393939393939393939393939
        86  @@@@@@@@@@@@@@@@  40404040404040404040404040404040
# epoch 15700  H=7.5110 C=7.2055 HO=0.3055  A(t)=1779
       276  ,,,,,,,,,,,,,,,,  2c2c2c2c2c2c2c2c2c2c2c2c2c2c2c2c
       245  <<<<<<<<<<<<<<<<  3c3c3c3c3c3c3c3c3c3c3c3c3c3c3c3c
       244  [[[[[[[[[[[[[[[[  5b5b5b5b5b5b5b5b5b5b5b5b5b5b5b5b
       192  ;;;;;;;;;;;;;;;;  3b3b3b3b3b3b3b3b3b3b3b3b3b3b3b3b
       187  ::::::::::::::::  3a3a3a3a3a3a3a3a3a3a3a3a3a3a3a3a
       175  ================  3d3d3d3d3d3d3d3d3d3d3d3d3d3d3d3d
       111  ................  9a9a9a9a9a9a9a9a9a9a9a9a9a9a9a9a
       101  IIIIIIIIIIIIIIII  49494949494949494949494949494949
        93  9999999999999999  39393939393939393939393939393939
        74  7777777777777777  37373737373737373737373737373737
# epoch 15720  H=7.5131 C=7.2113 HO=0.3018  A(t)=1779
       270  ,,,,,,,,,,,,,,,,  2c2c2c2c2c2c2c2c2c2c2c2c2c2c2c2c
       239  <<<<<<<<<<<<<<<<  3c3c3c3c3c3c3c3c3c3c3c3c3c3c3c3c
       187  [[[[[[[[[[[[[[[[  5b5b5b5b5b5b5b5b5b5b5b5b5b5b5b5b
       184  ;;;;;;;;;;;;;;;;  3b3b3b3b3b3b3b3b3b3b3b3b3b3b3b3b
       157  ================  3d3d3d3d3d3d3d3d3d3d3d3d3d3d3d3d
       139  ::::::::::::::::  3a3a3a3a3a3a3a3a3a3a3a3a3a3a3a3a
       100  ................  9a9a9a9a9a9a9a9a9a9a9a9a9a9a9a9a
        99  5555555555555555  35353535353535353535353535353535
        98  IIIIIIIIIIIIIIII  49494949494949494949494949494949
        90  CCCCCCCCCCCCCCCC  43434343434343434343434343434343
# epoch 15740  H=7.5129 C=7.2098 HO=0.3031  A(t)=1781
       302  ,,,,,,,,,,,,,,,,  2c2c2c2c2c2c2c2c2c2c2c2c2c2c2c2c
       240  <<<<<<<<<<<<<<<<  3c3c3c3c3c3c3c3c3c3c3c3c3c3c3c3c
       216  ;;;;;;;;;;;;;;;;  3b3b3b3b3b3b3b3b3b3b3b3b3b3b3b3b
       189  ================  3d3d3d3d3d3d3d3d3d3d3d3d3d3d3d3d
       187  [[[[[[[[[[[[[[[[  5b5b5b5b5b5b5b5b5b5b5b5b5b5b5b5b
       146  8888888888888888  38383838383838383838383838383838
       128  ::::::::::::::::  3a3a3a3a3a3a3a3a3a3a3a3a3a3a3a3a
       124  5555555555555555  35353535353535353535353535353535
        98  IIIIIIIIIIIIIIII  49494949494949494949494949494949
        91  ................  9a9a9a9a9a9a9a9a9a9a9a9a9a9a9a9a
# epoch 15760  H=7.5114 C=7.2154 HO=0.2961  A(t)=1785
       242  ,,,,,,,,,,,,,,,,  2c2c2c2c2c2c2c2c2c2c2c2c2c2c2c2c
       200  <<<<<<<<<<<<<<<<  3c3c3c3c3c3c3c3c3c3c3c3c3c3c3c3c
       185  ;;;;;;;;;;;;;;;;  3b3b3b3b3b3b3b3b3b3b3b3b3b3b3b3b
       182  ================  3d3d3d3d3d3d3d3d3d3d3d3d3d3d3d3d
       176  8888888888888888  38383838383838383838383838383838
       173  [[[[[[[[[[[[[[[[  5b5b5b5b5b5b5b5b5b5b5b5b5b5b5b5b
       135  5555555555555555  35353535353535353535353535353535
       132  ::::::::::::::::  3a3a3a3a3a3a3a3a3a3a3a3a3a3a3a3a
        91  IIIIIIIIIIIIIIII  49494949494949494949494949494949
        80  3333333333333333  33333333333333333333333333333333
# epoch 15780  H=7.5136 C=7.2186 HO=0.2950  A(t)=1791
       235  ;;;;;;;;;;;;;;;;  3b3b3b3b3b3b3b3b3b3b3b3b3b3b3b3b
       232  ,,,,,,,,,,,,,,,,  2c2c2c2c2c2c2c2c2c2c2c2c2c2c2c2c
       205  [[[[[[[[[[[[[[[[  5b5b5b5b5b5b5b5b5b5b5b5b5b5b5b5b
       191  ================  3d3d3d3d3d3d3d3d3d3d3d3d3d3d3d3d
       171  ::::::::::::::::  3a3a3a3a3a3a3a3a3a3a3a3a3a3a3a3a
       159  <<<<<<<<<<<<<<<<  3c3c3c3c3c3c3c3c3c3c3c3c3c3c3c3c
       157  8888888888888888  38383838383838383838383838383838
       100  5555555555555555  35353535353535353535353535353535
        85  IIIIIIIIIIIIIIII  49494949494949494949494949494949
        75  ????????????????  3f3f3f3f3f3f3f3f3f3f3f3f3f3f3f3f
# epoch 15800  H=7.5163 C=7.2170 HO=0.2993  A(t)=1791
       293  ;;;;;;;;;;;;;;;;  3b3b3b3b3b3b3b3b3b3b3b3b3b3b3b3b
       231  [[[[[[[[[[[[[[[[  5b5b5b5b5b5b5b5b5b5b5b5b5b5b5b5b
       201  ,,,,,,,,,,,,,,,,  2c2c2c2c2c2c2c2c2c2c2c2c2c2c2c2c
       174  8888888888888888  38383838383838383838383838383838
       172  <<<<<<<<<<<<<<<<  3c3c3c3c3c3c3c3c3c3c3c3c3c3c3c3c
       163  ::::::::::::::::  3a3a3a3a3a3a3a3a3a3a3a3a3a3a3a3a
       161  JJJJJJJJJJJJJJJJ  4a4a4a4a4a4a4a4a4a4a4a4a4a4a4a4a
       149  ================  3d3d3d3d3d3d3d3d3d3d3d3d3d3d3d3d
        94  ................  1b1b1b1b1b1b1b1b1b1b1b1b1b1b1b1b
        88  7777777777777777  37373737373737373737373737373737
# epoch 15820  H=7.5121 C=7.2178 HO=0.2943  A(t)=1793
       268  <<<<<<<<<<<<<<<<  3c3c3c3c3c3c3c3c3c3c3c3c3c3c3c3c
       214  ;;;;;;;;;;;;;;;;  3b3b3b3b3b3b3b3b3b3b3b3b3b3b3b3b
       188  >>>>>>>>>>>>>>>>  3e3e3e3e3e3e3e3e3e3e3e3e3e3e3e3e
       186  ,,,,,,,,,,,,,,,,  2c2c2c2c2c2c2c2c2c2c2c2c2c2c2c2c
       184  [[[[[[[[[[[[[[[[  5b5b5b5b5b5b5b5b5b5b5b5b5b5b5b5b
       161  ::::::::::::::::  3a3a3a3a3a3a3a3a3a3a3a3a3a3a3a3a
       146  JJJJJJJJJJJJJJJJ  4a4a4a4a4a4a4a4a4a4a4a4a4a4a4a4a
       143  ================  3d3d3d3d3d3d3d3d3d3d3d3d3d3d3d3d
       133  8888888888888888  38383838383838383838383838383838
        88  ................  1b1b1b1b1b1b1b1b1b1b1b1b1b1b1b1b
# epoch 15840  H=7.5134 C=7.2235 HO=0.2899  A(t)=1793
       229  [[[[[[[[[[[[[[[[  5b5b5b5b5b5b5b5b5b5b5b5b5b5b5b5b
       216  <<<<<<<<<<<<<<<<  3c3c3c3c3c3c3c3c3c3c3c3c3c3c3c3c
       182  ;;;;;;;;;;;;;;;;  3b3b3b3b3b3b3b3b3b3b3b3b3b3b3b3b
       161  ================  3d3d3d3d3d3d3d3d3d3d3d3d3d3d3d3d
       146  ,,,,,,,,,,,,,,,,  2c2c2c2c2c2c2c2c2c2c2c2c2c2c2c2c
       143  >>>>>>>>>>>>>>>>  3e3e3e3e3e3e3e3e3e3e3e3e3e3e3e3e
       130  8888888888888888  38383838383838383838383838383838
       121  JJJJJJJJJJJJJJJJ  4a4a4a4a4a4a4a4a4a4a4a4a4a4a4a4a
       121  ::::::::::::::::  3a3a3a3a3a3a3a3a3a3a3a3a3a3a3a3a
       102  7777777777777777  37373737373737373737373737373737
# epoch 15860  H=7.5114 C=7.2150 HO=0.2963  A(t)=1793
       245  <<<<<<<<<<<<<<<<  3c3c3c3c3c3c3c3c3c3c3c3c3c3c3c3c
       236  ================  3d3d3d3d3d3d3d3d3d3d3d3d3d3d3d3d
       190  ;;;;;;;;;;;;;;;;  3b3b3b3b3b3b3b3b3b3b3b3b3b3b3b3b
       187  [[[[[[[[[[[[[[[[  5b5b5b5b5b5b5b5b5b5b5b5b5b5b5b5b
       187  ,,,,,,,,,,,,,,,,  2c2c2c2c2c2c2c2c2c2c2c2c2c2c2c2c
       141  OOOOOOOOOOOOOOOO  4f4f4f4f4f4f4f4f4f4f4f4f4f4f4f4f
       140  ................  b2b2b2b2b2b2b2b2b2b2b2b2b2b2b2b2
       125  8888888888888888  38383838383838383838383838383838
       121  JJJJJJJJJJJJJJJJ  4a4a4a4a4a4a4a4a4a4a4a4a4a4a4a4a
       121  ::::::::::::::::  3a3a3a3a3a3a3a3a3a3a3a3a3a3a3a3a
# epoch 15880  H=7.5101 C=7.2193 HO=0.2908  A(t)=1793
       270  <<<<<<<<<<<<<<<<  3c3c3c3c3c3c3c3c3c3c3c3c3c3c3c3c
       200  ================  3d3d3d3d3d3d3d3d3d3d3d3d3d3d3d3d
       199  ;;;;;;;;;;;;;;;;  3b3b3b3b3b3b3b3b3b3b3b3b3b3b3b3b
       181  ,,,,,,,,,,,,,,,,  2c2c2c2c2c2c2c2c2c2c2c2c2c2c2c2c
       177  [[[[[[[[[[[[[[[[  5b5b5b5b5b5b5b5b5b5b5b5b5b5b5b5b
       148  OOOOOOOOOOOOOOOO  4f4f4f4f4f4f4f4f4f4f4f4f4f4f4f4f
       128  @@@@@@@@@@@@@@@@  40404040404040404040404040404040
       113  ::::::::::::::::  3a3a3a3a3a3a3a3a3a3a3a3a3a3a3a3a
       104  JJJJJJJJJJJJJJJJ  4a4a4a4a4a4a4a4a4a4a4a4a4a4a4a4a
       100  9999999999999999  39393939393939393939393939393939
# epoch 15900  H=7.5113 C=7.2244 HO=0.2869  A(t)=1798
       221  ;;;;;;;;;;;;;;;;  3b3b3b3b3b3b3b3b3b3b3b3b3b3b3b3b
       201  <<<<<<<<<<<<<<<<  3c3c3c3c3c3c3c3c3c3c3c3c3c3c3c3c
       181  ================  3d3d3d3d3d3d3d3d3d3d3d3d3d3d3d3d
       170  ,,,,,,,,,,,,,,,,  2c2c2c2c2c2c2c2c2c2c2c2c2c2c2c2c
       162  [[[[[[[[[[[[[[[[  5b5b5b5b5b5b5b5b5b5b5b5b5b5b5b5b
       125  @@@@@@@@@@@@@@@@  40404040404040404040404040404040
       122  OOOOOOOOOOOOOOOO  4f4f4f4f4f4f4f4f4f4f4f4f4f4f4f4f
       113  ::::::::::::::::  3a3a3a3a3a3a3a3a3a3a3a3a3a3a3a3a
       107  >>>>>>>>>>>>>>>>  3e3e3e3e3e3e3e3e3e3e3e3e3e3e3e3e
       106  FFFFFFFFFFFFFFFF  46464646464646464646464646464646
# epoch 15920  H=7.5089 C=7.2218 HO=0.2871  A(t)=1798
       277  ;;;;;;;;;;;;;;;;  3b3b3b3b3b3b3b3b3b3b3b3b3b3b3b3b
       234  ================  3d3d3d3d3d3d3d3d3d3d3d3d3d3d3d3d
       178  <<<<<<<<<<<<<<<<  3c3c3c3c3c3c3c3c3c3c3c3c3c3c3c3c
       159  ,,,,,,,,,,,,,,,,  2c2c2c2c2c2c2c2c2c2c2c2c2c2c2c2c
       129  >>>>>>>>>>>>>>>>  3e3e3e3e3e3e3e3e3e3e3e3e3e3e3e3e
       121  ????????????????  3f3f3f3f3f3f3f3f3f3f3f3f3f3f3f3f
       113  [[[[[[[[[[[[[[[[  5b5b5b5b5b5b5b5b5b5b5b5b5b5b5b5b
       103  @@@@@@@@@@@@@@@@  40404040404040404040404040404040
        96  GGGGGGGGGGGGGGGG  47474747474747474747474747474747
        96  FFFFFFFFFFFFFFFF  46464646464646464646464646464646
# epoch 15940  H=7.5108 C=7.2260 HO=0.2847  A(t)=1800
       223  <<<<<<<<<<<<<<<<  3c3c3c3c3c3c3c3c3c3c3c3c3c3c3c3c
       220  ;;;;;;;;;;;;;;;;  3b3b3b3b3b3b3b3b3b3b3b3b3b3b3b3b
       198  ,,,,,,,,,,,,,,,,  2c2c2c2c2c2c2c2c2c2c2c2c2c2c2c2c
       195  ================  3d3d3d3d3d3d3d3d3d3d3d3d3d3d3d3d
       128  >>>>>>>>>>>>>>>>  3e3e3e3e3e3e3e3e3e3e3e3e3e3e3e3e
       113  [[[[[[[[[[[[[[[[  5b5b5b5b5b5b5b5b5b5b5b5b5b5b5b5b
       110  8888888888888888  38383838383838383838383838383838
       104  ????????????????  3f3f3f3f3f3f3f3f3f3f3f3f3f3f3f3f
        85  OOOOOOOOOOOOOOOO  4f4f4f4f4f4f4f4f4f4f4f4f4f4f4f4f
        84  9999999999999999  39393939393939393939393939393939
# epoch 15960  H=7.5084 C=7.2258 HO=0.2826  A(t)=1800
       221  <<<<<<<<<<<<<<<<  3c3c3c3c3c3c3c3c3c3c3c3c3c3c3c3c
       209  ,,,,,,,,,,,,,,,,  2c2c2c2c2c2c2c2c2c2c2c2c2c2c2c2c
       203  ;;;;;;;;;;;;;;;;  3b3b3b3b3b3b3b3b3b3b3b3b3b3b3b3b
       197  ================  3d3d3d3d3d3d3d3d3d3d3d3d3d3d3d3d
       186  [[[[[[[[[[[[[[[[  5b5b5b5b5b5b5b5b5b5b5b5b5b5b5b5b
       109  >>>>>>>>>>>>>>>>  3e3e3e3e3e3e3e3e3e3e3e3e3e3e3e3e
        96  8888888888888888  38383838383838383838383838383838
        89  ????????????????  3f3f3f3f3f3f3f3f3f3f3f3f3f3f3f3f
        83  9999999999999999  39393939393939393939393939393939
        79  wwwwwwwwwwwwwwww  77777777777777777777777777777777
# epoch 15980  H=7.5090 C=7.2257 HO=0.2833  A(t)=1803
       295  ,,,,,,,,,,,,,,,,  2c2c2c2c2c2c2c2c2c2c2c2c2c2c2c2c
       172  ;;;;;;;;;;;;;;;;  3b3b3b3b3b3b3b3b3b3b3b3b3b3b3b3b
       166  <<<<<<<<<<<<<<<<  3c3c3c3c3c3c3c3c3c3c3c3c3c3c3c3c
       145  ================  3d3d3d3d3d3d3d3d3d3d3d3d3d3d3d3d
       137  [[[[[[[[[[[[[[[[  5b5b5b5b5b5b5b5b5b5b5b5b5b5b5b5b
       137  9999999999999999  39393939393939393939393939393939
       137  8888888888888888  38383838383838383838383838383838
        91  >>>>>>>>>>>>>>>>  3e3e3e3e3e3e3e3e3e3e3e3e3e3e3e3e
        85  CCCCCCCCCCCCCCCC  43434343434343434343434343434343
        83  ****************  2a2a2a2a2a2a2a2a2a2a2a2a2a2a2a2a
# epoch 16000  H=7.5074 C=7.2266 HO=0.2808  A(t)=1805
       261  ,,,,,,,,,,,,,,,,  2c2c2c2c2c2c2c2c2c2c2c2c2c2c2c2c
       190  8888888888888888  38383838383838383838383838383838
       141  ;;;;;;;;;;;;;;;;  3b3b3b3b3b3b3b3b3b3b3b3b3b3b3b3b
       135  [[[[[[[[[[[[[[[[  5b5b5b5b5b5b5b5b5b5b5b5b5b5b5b5b
       133  ================  3d3d3d3d3d3d3d3d3d3d3d3d3d3d3d3d
       117  <<<<<<<<<<<<<<<<  3c3c3c3c3c3c3c3c3c3c3c3c3c3c3c3c
       115  9999999999999999  39393939393939393939393939393939
       103  ................  b0b0b0b0b0b0b0b0b0b0b0b0b0b0b0b0
        80  0000000000000000  30303030303030303030303030303030
        77  ????????????????  3f3f3f3f3f3f3f3f3f3f3f3f3f3f3f3f
# epoch 16020  H=7.5093 C=7.2309 HO=0.2784  A(t)=1807
       248  ,,,,,,,,,,,,,,,,  2c2c2c2c2c2c2c2c2c2c2c2c2c2c2c2c
       186  <<<<<<<<<<<<<<<<  3c3c3c3c3c3c3c3c3c3c3c3c3c3c3c3c
       174  8888888888888888  38383838383838383838383838383838
       144  [[[[[[[[[[[[[[[[  5b5b5b5b5b5b5b5b5b5b5b5b5b5b5b5b
       139  ;;;;;;;;;;;;;;;;  3b3b3b3b3b3b3b3b3b3b3b3b3b3b3b3b
       137  ================  3d3d3d3d3d3d3d3d3d3d3d3d3d3d3d3d
       101  ................  b0b0b0b0b0b0b0b0b0b0b0b0b0b0b0b0
        88  JJJJJJJJJJJJJJJJ  4a4a4a4a4a4a4a4a4a4a4a4a4a4a4a4a
        80  9999999999999999  39393939393939393939393939393939
        77  >>>>>>>>>>>>>>>>  3e3e3e3e3e3e3e3e3e3e3e3e3e3e3e3e
# epoch 16040  H=7.5101 C=7.2296 HO=0.2805  A(t)=1810
       227  ,,,,,,,,,,,,,,,,  2c2c2c2c2c2c2c2c2c2c2c2c2c2c2c2c
       200  <<<<<<<<<<<<<<<<  3c3c3c3c3c3c3c3c3c3c3c3c3c3c3c3c
       169  [[[[[[[[[[[[[[[[  5b5b5b5b5b5b5b5b5b5b5b5b5b5b5b5b
       169  8888888888888888  38383838383838383838383838383838
       162  ================  3d3d3d3d3d3d3d3d3d3d3d3d3d3d3d3d
       122  ;;;;;;;;;;;;;;;;  3b3b3b3b3b3b3b3b3b3b3b3b3b3b3b3b
        96  ................  b0b0b0b0b0b0b0b0b0b0b0b0b0b0b0b0
        89  ????????????????  3f3f3f3f3f3f3f3f3f3f3f3f3f3f3f3f
        87  ////////////////  2f2f2f2f2f2f2f2f2f2f2f2f2f2f2f2f
        71  ****************  2a2a2a2a2a2a2a2a2a2a2a2a2a2a2a2a
# epoch 16060  H=7.5057 C=7.2252 HO=0.2805  A(t)=1810
       335  ,,,,,,,,,,,,,,,,  2c2c2c2c2c2c2c2c2c2c2c2c2c2c2c2c
       230  [[[[[[[[[[[[[[[[  5b5b5b5b5b5b5b5b5b5b5b5b5b5b5b5b
       179  ================  3d3d3d3d3d3d3d3d3d3d3d3d3d3d3d3d
       168  <<<<<<<<<<<<<<<<  3c3c3c3c3c3c3c3c3c3c3c3c3c3c3c3c
       146  8888888888888888  38383838383838383838383838383838
       115  ;;;;;;;;;;;;;;;;  3b3b3b3b3b3b3b3b3b3b3b3b3b3b3b3b
       113  7777777777777777  37373737373737373737373737373737
        87  ****************  2a2a2a2a2a2a2a2a2a2a2a2a2a2a2a2a
        79  ................  b0b0b0b0b0b0b0b0b0b0b0b0b0b0b0b0
        77  OOOOOOOOOOOOOOOO  4f4f4f4f4f4f4f4f4f4f4f4f4f4f4f4f
# epoch 16080  H=7.5053 C=7.2255 HO=0.2798  A(t)=1810
       336  ,,,,,,,,,,,,,,,,  2c2c2c2c2c2c2c2c2c2c2c2c2c2c2c2c
       219  <<<<<<<<<<<<<<<<  3c3c3c3c3c3c3c3c3c3c3c3c3c3c3c3c
       210  [[[[[[[[[[[[[[[[  5b5b5b5b5b5b5b5b5b5b5b5b5b5b5b5b
       141  ================  3d3d3d3d3d3d3d3d3d3d3d3d3d3d3d3d
       128  8888888888888888  38383838383838383838383838383838
       118  OOOOOOOOOOOOOOOO  4f4f4f4f4f4f4f4f4f4f4f4f4f4f4f4f
       103  9999999999999999  39393939393939393939393939393939
       103  7777777777777777  37373737373737373737373737373737
        99  ;;;;;;;;;;;;;;;;  3b3b3b3b3b3b3b3b3b3b3b3b3b3b3b3b
        81  ****************  2a2a2a2a2a2a2a2a2a2a2a2a2a2a2a2a
# epoch 16100  H=7.5039 C=7.2250 HO=0.2789  A(t)=1810
       415  ,,,,,,,,,,,,,,,,  2c2c2c2c2c2c2c2c2c2c2c2c2c2c2c2c
       345  <<<<<<<<<<<<<<<<  3c3c3c3c3c3c3c3c3c3c3c3c3c3c3c3c
       194  [[[[[[[[[[[[[[[[  5b5b5b5b5b5b5b5b5b5b5b5b5b5b5b5b
       114  8888888888888888  38383838383838383838383838383838
       111  OOOOOOOOOOOOOOOO  4f4f4f4f4f4f4f4f4f4f4f4f4f4f4f4f
        93  9999999999999999  39393939393939393939393939393939
        90  7777777777777777  37373737373737373737373737373737
        90  5555555555555555  35353535353535353535353535353535
        87  ================  3d3d3d3d3d3d3d3d3d3d3d3d3d3d3d3d
        78  ;;;;;;;;;;;;;;;;  3b3b3b3b3b3b3b3b3b3b3b3b3b3b3b3b
# epoch 16120  H=7.5036 C=7.2241 HO=0.2795  A(t)=1810
       402  ,,,,,,,,,,,,,,,,  2c2c2c2c2c2c2c2c2c2c2c2c2c2c2c2c
       373  <<<<<<<<<<<<<<<<  3c3c3c3c3c3c3c3c3c3c3c3c3c3c3c3c
       215  [[[[[[[[[[[[[[[[  5b5b5b5b5b5b5b5b5b5b5b5b5b5b5b5b
       140  8888888888888888  38383838383838383838383838383838
       133  ================  3d3d3d3d3d3d3d3d3d3d3d3d3d3d3d3d
       102  ::::::::::::::::  3a3a3a3a3a3a3a3a3a3a3a3a3a3a3a3a
        88  9999999999999999  39393939393939393939393939393939
        80  OOOOOOOOOOOOOOOO  4f4f4f4f4f4f4f4f4f4f4f4f4f4f4f4f
        74  ;;;;;;;;;;;;;;;;  3b3b3b3b3b3b3b3b3b3b3b3b3b3b3b3b
        67  PPPPPPPPPPPPPPPP  50505050505050505050505050505050
# epoch 16140  H=7.5050 C=7.2249 HO=0.2801  A(t)=1812
       350  ,,,,,,,,,,,,,,,,  2c2c2c2c2c2c2c2c2c2c2c2c2c2c2c2c
       318  <<<<<<<<<<<<<<<<  3c3c3c3c3c3c3c3c3c3c3c3c3c3c3c3c
       207  [[[[[[[[[[[[[[[[  5b5b5b5b5b5b5b5b5b5b5b5b5b5b5b5b
       112  ================  3d3d3d3d3d3d3d3d3d3d3d3d3d3d3d3d
       108  8888888888888888  38383838383838383838383838383838
        93  ::::::::::::::::  3a3a3a3a3a3a3a3a3a3a3a3a3a3a3a3a
        80  9999999999999999  39393939393939393939393939393939
        74  OOOOOOOOOOOOOOOO  4f4f4f4f4f4f4f4f4f4f4f4f4f4f4f4f
        67  >>>>>>>>>>>>>>>>  3e3e3e3e3e3e3e3e3e3e3e3e3e3e3e3e
        64  ;;;;;;;;;;;;;;;;  3b3b3b3b3b3b3b3b3b3b3b3b3b3b3b3b
# epoch 16160  H=7.5036 C=7.2244 HO=0.2793  A(t)=1812
       353  <<<<<<<<<<<<<<<<  3c3c3c3c3c3c3c3c3c3c3c3c3c3c3c3c
       353  ,,,,,,,,,,,,,,,,  2c2c2c2c2c2c2c2c2c2c2c2c2c2c2c2c
       270  [[[[[[[[[[[[[[[[  5b5b5b5b5b5b5b5b5b5b5b5b5b5b5b5b
       150  ================  3d3d3d3d3d3d3d3d3d3d3d3d3d3d3d3d
       143  8888888888888888  38383838383838383838383838383838
       141  ::::::::::::::::  3a3a3a3a3a3a3a3a3a3a3a3a3a3a3a3a
       103  >>>>>>>>>>>>>>>>  3e3e3e3e3e3e3e3e3e3e3e3e3e3e3e3e
        78  ................  01010101010101010101010101010101
        74  OOOOOOOOOOOOOOOO  4f4f4f4f4f4f4f4f4f4f4f4f4f4f4f4f
        70  zzzzzzzzzzzzzzzz  7a7a7a7a7a7a7a7a7a7a7a7a7a7a7a7a
# epoch 16180  H=7.5053 C=7.2222 HO=0.2831  A(t)=1822
       283  <<<<<<<<<<<<<<<<  3c3c3c3c3c3c3c3c3c3c3c3c3c3c3c3c
       267  ,,,,,,,,,,,,,,,,  2c2c2c2c2c2c2c2c2c2c2c2c2c2c2c2c
       252  [[[[[[[[[[[[[[[[  5b5b5b5b5b5b5b5b5b5b5b5b5b5b5b5b
       197  ::::::::::::::::  3a3a3a3a3a3a3a3a3a3a3a3a3a3a3a3a
       157  8888888888888888  38383838383838383838383838383838
       122  >>>>>>>>>>>>>>>>  3e3e3e3e3e3e3e3e3e3e3e3e3e3e3e3e
       119  ================  3d3d3d3d3d3d3d3d3d3d3d3d3d3d3d3d
       109  ................  a5a5a5a5a5a5a5a5a5a5a5a5a5a5a5a5
        95  ))))))))))))))))  29292929292929292929292929292929
        94  ................  92929292929292929292929292929292
# epoch 16200  H=7.5079 C=7.2215 HO=0.2865  A(t)=1822
       249  <<<<<<<<<<<<<<<<  3c3c3c3c3c3c3c3c3c3c3c3c3c3c3c3c
       215  ,,,,,,,,,,,,,,,,  2c2c2c2c2c2c2c2c2c2c2c2c2c2c2c2c
       206  [[[[[[[[[[[[[[[[  5b5b5b5b5b5b5b5b5b5b5b5b5b5b5b5b
       175  ================  3d3d3d3d3d3d3d3d3d3d3d3d3d3d3d3d
       149  8888888888888888  38383838383838383838383838383838
       131  ................  92929292929292929292929292929292
       129  ::::::::::::::::  3a3a3a3a3a3a3a3a3a3a3a3a3a3a3a3a
       111  >>>>>>>>>>>>>>>>  3e3e3e3e3e3e3e3e3e3e3e3e3e3e3e3e
       101  HHHHHHHHHHHHHHHH  48484848484848484848484848484848
        93  ****************  2a2a2a2a2a2a2a2a2a2a2a2a2a2a2a2a
# epoch 16220  H=7.5095 C=7.2211 HO=0.2884  A(t)=1822
       199  ,,,,,,,,,,,,,,,,  2c2c2c2c2c2c2c2c2c2c2c2c2c2c2c2c
       195  <<<<<<<<<<<<<<<<  3c3c3c3c3c3c3c3c3c3c3c3c3c3c3c3c
       194  ................  2e2e2e2e2e2e2e2e2e2e2e2e2e2e2e2e
       179  [[[[[[[[[[[[[[[[  5b5b5b5b5b5b5b5b5b5b5b5b5b5b5b5b
       170  8888888888888888  38383838383838383838383838383838
       129  ================  3d3d3d3d3d3d3d3d3d3d3d3d3d3d3d3d
       103  ::::::::::::::::  3a3a3a3a3a3a3a3a3a3a3a3a3a3a3a3a
        94  4444444444444444  34343434343434343434343434343434
        92  ................  92929292929292929292929292929292
        90  AAAAAAAAAAAAAAAA  41414141414141414141414141414141
# epoch 16240  H=7.5080 C=7.2201 HO=0.2880  A(t)=1822
       245  ,,,,,,,,,,,,,,,,  2c2c2c2c2c2c2c2c2c2c2c2c2c2c2c2c
       205  <<<<<<<<<<<<<<<<  3c3c3c3c3c3c3c3c3c3c3c3c3c3c3c3c
       155  [[[[[[[[[[[[[[[[  5b5b5b5b5b5b5b5b5b5b5b5b5b5b5b5b
       154  ================  3d3d3d3d3d3d3d3d3d3d3d3d3d3d3d3d
       154  8888888888888888  38383838383838383838383838383838
       151  ................  2e2e2e2e2e2e2e2e2e2e2e2e2e2e2e2e
       137  tttttttttttttttt  74747474747474747474747474747474
       106  ****************  2a2a2a2a2a2a2a2a2a2a2a2a2a2a2a2a
        94  ::::::::::::::::  3a3a3a3a3a3a3a3a3a3a3a3a3a3a3a3a
        89  4444444444444444  34343434343434343434343434343434
# epoch 16260  H=7.5109 C=7.2229 HO=0.2880  A(t)=1824
       212  <<<<<<<<<<<<<<<<  3c3c3c3c3c3c3c3c3c3c3c3c3c3c3c3c
       207  ,,,,,,,,,,,,,,,,  2c2c2c2c2c2c2c2c2c2c2c2c2c2c2c2c
       166  [[[[[[[[[[[[[[[[  5b5b5b5b5b5b5b5b5b5b5b5b5b5b5b5b
       164  ................  2e2e2e2e2e2e2e2e2e2e2e2e2e2e2e2e
       143  ================  3d3d3d3d3d3d3d3d3d3d3d3d3d3d3d3d
       124  ::::::::::::::::  3a3a3a3a3a3a3a3a3a3a3a3a3a3a3a3a
       122  tttttttttttttttt  74747474747474747474747474747474
       112  ????????????????  3f3f3f3f3f3f3f3f3f3f3f3f3f3f3f3f
       102  8888888888888888  38383838383838383838383838383838
        87  ................  92929292929292929292929292929292
# epoch 16280  H=7.5101 C=7.2258 HO=0.2843  A(t)=1828
       208  ,,,,,,,,,,,,,,,,  2c2c2c2c2c2c2c2c2c2c2c2c2c2c2c2c
       203  <<<<<<<<<<<<<<<<  3c3c3c3c3c3c3c3c3c3c3c3c3c3c3c3c
       165  [[[[[[[[[[[[[[[[  5b5b5b5b5b5b5b5b5b5b5b5b5b5b5b5b
       162  ................  2e2e2e2e2e2e2e2e2e2e2e2e2e2e2e2e
       132  ????????????????  3f3f3f3f3f3f3f3f3f3f3f3f3f3f3f3f
       112  ================  3d3d3d3d3d3d3d3d3d3d3d3d3d3d3d3d
       111  tttttttttttttttt  74747474747474747474747474747474
       110  ::::::::::::::::  3a3a3a3a3a3a3a3a3a3a3a3a3a3a3a3a
        79  >>>>>>>>>>>>>>>>  3e3e3e3e3e3e3e3e3e3e3e3e3e3e3e3e
        77  8888888888888888  38383838383838383838383838383838
# epoch 16300  H=7.5106 C=7.2233 HO=0.2874  A(t)=1832
       221  ,,,,,,,,,,,,,,,,  2c2c2c2c2c2c2c2c2c2c2c2c2c2c2c2c
       212  <<<<<<<<<<<<<<<<  3c3c3c3c3c3c3c3c3c3c3c3c3c3c3c3c
       155  [[[[[[[[[[[[[[[[  5b5b5b5b5b5b5b5b5b5b5b5b5b5b5b5b
       138  ================  3d3d3d3d3d3d3d3d3d3d3d3d3d3d3d3d
       136  ::::::::::::::::  3a3a3a3a3a3a3a3a3a3a3a3a3a3a3a3a
       134  ................  2e2e2e2e2e2e2e2e2e2e2e2e2e2e2e2e
       119  ????????????????  3f3f3f3f3f3f3f3f3f3f3f3f3f3f3f3f
       118  $$$$$$$$$$$$$$$$  24242424242424242424242424242424
       111  tttttttttttttttt  74747474747474747474747474747474
       100  MMMMMMMMMMMMMMMM  4d4d4d4d4d4d4d4d4d4d4d4d4d4d4d4d
# epoch 16320  H=7.5084 C=7.2143 HO=0.2941  A(t)=1832
       232  <<<<<<<<<<<<<<<<  3c3c3c3c3c3c3c3c3c3c3c3c3c3c3c3c
       182  [[[[[[[[[[[[[[[[  5b5b5b5b5b5b5b5b5b5b5b5b5b5b5b5b
       168  ,,,,,,,,,,,,,,,,  2c2c2c2c2c2c2c2c2c2c2c2c2c2c2c2c
       157  ................  02020202020202020202020202020202
       153  ::::::::::::::::  3a3a3a3a3a3a3a3a3a3a3a3a3a3a3a3a
       143  ................  2e2e2e2e2e2e2e2e2e2e2e2e2e2e2e2e
       135  $$$$$$$$$$$$$$$$  24242424242424242424242424242424
       129  MMMMMMMMMMMMMMMM  4d4d4d4d4d4d4d4d4d4d4d4d4d4d4d4d
       116  ================  3d3d3d3d3d3d3d3d3d3d3d3d3d3d3d3d
       111  tttttttttttttttt  74747474747474747474747474747474
# epoch 16340  H=7.5094 C=7.2186 HO=0.2908  A(t)=1838
       203  [[[[[[[[[[[[[[[[  5b5b5b5b5b5b5b5b5b5b5b5b5b5b5b5b
       201  ;;;;;;;;;;;;;;;;  3b3b3b3b3b3b3b3b3b3b3b3b3b3b3b3b
       188  <<<<<<<<<<<<<<<<  3c3c3c3c3c3c3c3c3c3c3c3c3c3c3c3c
       147  ,,,,,,,,,,,,,,,,  2c2c2c2c2c2c2c2c2c2c2c2c2c2c2c2c
       145  ::::::::::::::::  3a3a3a3a3a3a3a3a3a3a3a3a3a3a3a3a
       132  ================  3d3d3d3d3d3d3d3d3d3d3d3d3d3d3d3d
       131  ................  02020202020202020202020202020202
       125  ????????????????  3f3f3f3f3f3f3f3f3f3f3f3f3f3f3f3f
       108  ................  2e2e2e2e2e2e2e2e2e2e2e2e2e2e2e2e
       104  ////////////////  2f2f2f2f2f2f2f2f2f2f2f2f2f2f2f2f
# epoch 16360  H=7.5157 C=7.2252 HO=0.2904  A(t)=1838
       216  [[[[[[[[[[[[[[[[  5b5b5b5b5b5b5b5b5b5b5b5b5b5b5b5b
       164  ;;;;;;;;;;;;;;;;  3b3b3b3b3b3b3b3b3b3b3b3b3b3b3b3b
       148  <<<<<<<<<<<<<<<<  3c3c3c3c3c3c3c3c3c3c3c3c3c3c3c3c
       148  ,,,,,,,,,,,,,,,,  2c2c2c2c2c2c2c2c2c2c2c2c2c2c2c2c
       144  >>>>>>>>>>>>>>>>  3e3e3e3e3e3e3e3e3e3e3e3e3e3e3e3e
       141  ::::::::::::::::  3a3a3a3a3a3a3a3a3a3a3a3a3a3a3a3a
       127  ////////////////  2f2f2f2f2f2f2f2f2f2f2f2f2f2f2f2f
       125  ................  02020202020202020202020202020202
       119  ????????????????  3f3f3f3f3f3f3f3f3f3f3f3f3f3f3f3f
       111  ================  3d3d3d3d3d3d3d3d3d3d3d3d3d3d3d3d
# epoch 16380  H=7.5132 C=7.2200 HO=0.2932  A(t)=1844
       240  ;;;;;;;;;;;;;;;;  3b3b3b3b3b3b3b3b3b3b3b3b3b3b3b3b
       213  <<<<<<<<<<<<<<<<  3c3c3c3c3c3c3c3c3c3c3c3c3c3c3c3c
       204  ,,,,,,,,,,,,,,,,  2c2c2c2c2c2c2c2c2c2c2c2c2c2c2c2c
       187  [[[[[[[[[[[[[[[[  5b5b5b5b5b5b5b5b5b5b5b5b5b5b5b5b
       170  >>>>>>>>>>>>>>>>  3e3e3e3e3e3e3e3e3e3e3e3e3e3e3e3e
       144  ================  3d3d3d3d3d3d3d3d3d3d3d3d3d3d3d3d
       124  ::::::::::::::::  3a3a3a3a3a3a3a3a3a3a3a3a3a3a3a3a
       112  ................  02020202020202020202020202020202
       110  ????????????????  3f3f3f3f3f3f3f3f3f3f3f3f3f3f3f3f
       105  ////////////////  2f2f2f2f2f2f2f2f2f2f2f2f2f2f2f2f
# epoch 16400  H=7.5148 C=7.2211 HO=0.2937  A(t)=1848
       299  ================  3d3d3d3d3d3d3d3d3d3d3d3d3d3d3d3d
       219  [[[[[[[[[[[[[[[[  5b5b5b5b5b5b5b5b5b5b5b5b5b5b5b5b
       213  ;;;;;;;;;;;;;;;;  3b3b3b3b3b3b3b3b3b3b3b3b3b3b3b3b
       201  ,,,,,,,,,,,,,,,,  2c2c2c2c2c2c2c2c2c2c2c2c2c2c2c2c
       196  <<<<<<<<<<<<<<<<  3c3c3c3c3c3c3c3c3c3c3c3c3c3c3c3c
       181  >>>>>>>>>>>>>>>>  3e3e3e3e3e3e3e3e3e3e3e3e3e3e3e3e
       162  ::::::::::::::::  3a3a3a3a3a3a3a3a3a3a3a3a3a3a3a3a
       126  ))))))))))))))))  29292929292929292929292929292929
       112  ................  02020202020202020202020202020202
       111  @@@@@@@@@@@@@@@@  40404040404040404040404040404040
# epoch 16420  H=7.5142 C=7.2166 HO=0.2976  A(t)=1850
       314  <<<<<<<<<<<<<<<<  3c3c3c3c3c3c3c3c3c3c3c3c3c3c3c3c
       277  [[[[[[[[[[[[[[[[  5b5b5b5b5b5b5b5b5b5b5b5b5b5b5b5b
       253  >>>>>>>>>>>>>>>>  3e3e3e3e3e3e3e3e3e3e3e3e3e3e3e3e
       246  ================  3d3d3d3d3d3d3d3d3d3d3d3d3d3d3d3d
       227  ;;;;;;;;;;;;;;;;  3b3b3b3b3b3b3b3b3b3b3b3b3b3b3b3b
       200  ,,,,,,,,,,,,,,,,  2c2c2c2c2c2c2c2c2c2c2c2c2c2c2c2c
       136  ::::::::::::::::  3a3a3a3a3a3a3a3a3a3a3a3a3a3a3a3a
       120  ................  a0a0a0a0a0a0a0a0a0a0a0a0a0a0a0a0
       109  LLLLLLLLLLLLLLLL  4c4c4c4c4c4c4c4c4c4c4c4c4c4c4c4c
        93  ????????????????  3f3f3f3f3f3f3f3f3f3f3f3f3f3f3f3f
# epoch 16440  H=7.5126 C=7.2192 HO=0.2934  A(t)=1854
       261  <<<<<<<<<<<<<<<<  3c3c3c3c3c3c3c3c3c3c3c3c3c3c3c3c
       243  [[[[[[[[[[[[[[[[  5b5b5b5b5b5b5b5b5b5b5b5b5b5b5b5b
       188  ,,,,,,,,,,,,,,,,  2c2c2c2c2c2c2c2c2c2c2c2c2c2c2c2c
       178  ;;;;;;;;;;;;;;;;  3b3b3b3b3b3b3b3b3b3b3b3b3b3b3b3b
       175  ================  3d3d3d3d3d3d3d3d3d3d3d3d3d3d3d3d
       170  >>>>>>>>>>>>>>>>  3e3e3e3e3e3e3e3e3e3e3e3e3e3e3e3e
       126  ::::::::::::::::  3a3a3a3a3a3a3a3a3a3a3a3a3a3a3a3a
       116  8888888888888888  38383838383838383838383838383838
       106  ................  d1d1d1d1d1d1d1d1d1d1d1d1d1d1d1d1
       106  ................  a0a0a0a0a0a0a0a0a0a0a0a0a0a0a0a0
# epoch 16460  H=7.5120 C=7.2218 HO=0.2903  A(t)=1857
       236  [[[[[[[[[[[[[[[[  5b5b5b5b5b5b5b5b5b5b5b5b5b5b5b5b
       212  ,,,,,,,,,,,,,,,,  2c2c2c2c2c2c2c2c2c2c2c2c2c2c2c2c
       197  ;;;;;;;;;;;;;;;;  3b3b3b3b3b3b3b3b3b3b3b3b3b3b3b3b
       170  ????????????????  3f3f3f3f3f3f3f3f3f3f3f3f3f3f3f3f
       156  ================  3d3d3d3d3d3d3d3d3d3d3d3d3d3d3d3d
       156  <<<<<<<<<<<<<<<<  3c3c3c3c3c3c3c3c3c3c3c3c3c3c3c3c
       151  >>>>>>>>>>>>>>>>  3e3e3e3e3e3e3e3e3e3e3e3e3e3e3e3e
       101  BBBBBBBBBBBBBBBB  42424242424242424242424242424242
        97  8888888888888888  38383838383838383838383838383838
        93  ................  a0a0a0a0a0a0a0a0a0a0a0a0a0a0a0a0
# epoch 16480  H=7.5143 C=7.2222 HO=0.2922  A(t)=1859
       300  ,,,,,,,,,,,,,,,,  2c2c2c2c2c2c2c2c2c2c2c2c2c2c2c2c
       274  [[[[[[[[[[[[[[[[  5b5b5b5b5b5b5b5b5b5b5b5b5b5b5b5b
       205  ;;;;;;;;;;;;;;;;  3b3b3b3b3b3b3b3b3b3b3b3b3b3b3b3b
       156  ================  3d3d3d3d3d3d3d3d3d3d3d3d3d3d3d3d
       135  ????????????????  3f3f3f3f3f3f3f3f3f3f3f3f3f3f3f3f
       126  >>>>>>>>>>>>>>>>  3e3e3e3e3e3e3e3e3e3e3e3e3e3e3e3e
       100  BBBBBBBBBBBBBBBB  42424242424242424242424242424242
        96  ::::::::::::::::  3a3a3a3a3a3a3a3a3a3a3a3a3a3a3a3a
        91  <<<<<<<<<<<<<<<<  3c3c3c3c3c3c3c3c3c3c3c3c3c3c3c3c
        88  8888888888888888  38383838383838383838383838383838
# epoch 16500  H=7.5174 C=7.2269 HO=0.2905  A(t)=1861
       274  ,,,,,,,,,,,,,,,,  2c2c2c2c2c2c2c2c2c2c2c2c2c2c2c2c
       254  [[[[[[[[[[[[[[[[  5b5b5b5b5b5b5b5b5b5b5b5b5b5b5b5b
       204  ;;;;;;;;;;;;;;;;  3b3b3b3b3b3b3b3b3b3b3b3b3b3b3b3b
       152  ================  3d3d3d3d3d3d3d3d3d3d3d3d3d3d3d3d
       134  <<<<<<<<<<<<<<<<  3c3c3c3c3c3c3c3c3c3c3c3c3c3c3c3c
       123  AAAAAAAAAAAAAAAA  41414141414141414141414141414141
       122  ????????????????  3f3f3f3f3f3f3f3f3f3f3f3f3f3f3f3f
        99  BBBBBBBBBBBBBBBB  42424242424242424242424242424242
        73  \\\\\\\\\\\\\\\\  5c5c5c5c5c5c5c5c5c5c5c5c5c5c5c5c
        71  ................  91919191919191919191919191919191
# epoch 16520  H=7.5194 C=7.2157 HO=0.3037  A(t)=1865
       287  [[[[[[[[[[[[[[[[  5b5b5b5b5b5b5b5b5b5b5b5b5b5b5b5b
       232  ,,,,,,,,,,,,,,,,  2c2c2c2c2c2c2c2c2c2c2c2c2c2c2c2c
       186  ================  3d3d3d3d3d3d3d3d3d3d3d3d3d3d3d3d
       153  ;;;;;;;;;;;;;;;;  3b3b3b3b3b3b3b3b3b3b3b3b3b3b3b3b
       152  ????????????????  3f3f3f3f3f3f3f3f3f3f3f3f3f3f3f3f
       125  9999999999999999  39393939393939393939393939393939
       119  <<<<<<<<<<<<<<<<  3c3c3c3c3c3c3c3c3c3c3c3c3c3c3c3c
       116  AAAAAAAAAAAAAAAA  41414141414141414141414141414141
        95  ................  d3d3d3d3d3d3d3d3d3d3d3d3d3d3d3d3
        84  ****************  2a2a2a2a2a2a2a2a2a2a2a2a2a2a2a2a
# epoch 16540  H=7.5149 C=7.2120 HO=0.3029  A(t)=1865
       296  ????????????????  3f3f3f3f3f3f3f3f3f3f3f3f3f3f3f3f
       281  ,,,,,,,,,,,,,,,,  2c2c2c2c2c2c2c2c2c2c2c2c2c2c2c2c
       246  [[[[[[[[[[[[[[[[  5b5b5b5b5b5b5b5b5b5b5b5b5b5b5b5b
       192  ;;;;;;;;;;;;;;;;  3b3b3b3b3b3b3b3b3b3b3b3b3b3b3b3b
       157  ================  3d3d3d3d3d3d3d3d3d3d3d3d3d3d3d3d
       152  9999999999999999  39393939393939393939393939393939
       107  <<<<<<<<<<<<<<<<  3c3c3c3c3c3c3c3c3c3c3c3c3c3c3c3c
       105  ################  23232323232323232323232323232323
       102  AAAAAAAAAAAAAAAA  41414141414141414141414141414141
        82  ................  d3d3d3d3d3d3d3d3d3d3d3d3d3d3d3d3
# epoch 16560  H=7.5172 C=7.2174 HO=0.2998  A(t)=1869
       265  ????????????????  3f3f3f3f3f3f3f3f3f3f3f3f3f3f3f3f
       254  ,,,,,,,,,,,,,,,,  2c2c2c2c2c2c2c2c2c2c2c2c2c2c2c2c
       200  [[[[[[[[[[[[[[[[  5b5b5b5b5b5b5b5b5b5b5b5b5b5b5b5b
       152  ;;;;;;;;;;;;;;;;  3b3b3b3b3b3b3b3b3b3b3b3b3b3b3b3b
       148  ================  3d3d3d3d3d3d3d3d3d3d3d3d3d3d3d3d
       137  9999999999999999  39393939393939393939393939393939
       117  <<<<<<<<<<<<<<<<  3c3c3c3c3c3c3c3c3c3c3c3c3c3c3c3c
       106  >>>>>>>>>>>>>>>>  3e3e3e3e3e3e3e3e3e3e3e3e3e3e3e3e
       101  AAAAAAAAAAAAAAAA  41414141414141414141414141414141
        90  ################  23232323232323232323232323232323
# epoch 16580  H=7.5192 C=7.2192 HO=0.2999  A(t)=1879
       214  [[[[[[[[[[[[[[[[  5b5b5b5b5b5b5b5b5b5b5b5b5b5b5b5b
       213  ????????????????  3f3f3f3f3f3f3f3f3f3f3f3f3f3f3f3f
       209  ,,,,,,,,,,,,,,,,  2c2c2c2c2c2c2c2c2c2c2c2c2c2c2c2c
       168  ================  3d3d3d3d3d3d3d3d3d3d3d3d3d3d3d3d
       162  ;;;;;;;;;;;;;;;;  3b3b3b3b3b3b3b3b3b3b3b3b3b3b3b3b
       129  TTTTTTTTTTTTTTTT  54545454545454545454545454545454
       114  9999999999999999  39393939393939393939393939393939
       101  AAAAAAAAAAAAAAAA  41414141414141414141414141414141
       100  >>>>>>>>>>>>>>>>  3e3e3e3e3e3e3e3e3e3e3e3e3e3e3e3e
        92  <<<<<<<<<<<<<<<<  3c3c3c3c3c3c3c3c3c3c3c3c3c3c3c3c
# epoch 16600  H=7.5201 C=7.2259 HO=0.2942  A(t)=1883
       244  ,,,,,,,,,,,,,,,,  2c2c2c2c2c2c2c2c2c2c2c2c2c2c2c2c
       209  [[[[[[[[[[[[[[[[  5b5b5b5b5b5b5b5b5b5b5b5b5b5b5b5b
       192  ????????????????  3f3f3f3f3f3f3f3f3f3f3f3f3f3f3f3f
       180  ;;;;;;;;;;;;;;;;  3b3b3b3b3b3b3b3b3b3b3b3b3b3b3b3b
       154  ================  3d3d3d3d3d3d3d3d3d3d3d3d3d3d3d3d
       129  <<<<<<<<<<<<<<<<  3c3c3c3c3c3c3c3c3c3c3c3c3c3c3c3c
       106  >>>>>>>>>>>>>>>>  3e3e3e3e3e3e3e3e3e3e3e3e3e3e3e3e
       104  @@@@@@@@@@@@@@@@  40404040404040404040404040404040
        98  AAAAAAAAAAAAAAAA  41414141414141414141414141414141
        94  9999999999999999  39393939393939393939393939393939
# epoch 16620  H=7.5199 C=7.2193 HO=0.3007  A(t)=1887
       265  ,,,,,,,,,,,,,,,,  2c2c2c2c2c2c2c2c2c2c2c2c2c2c2c2c
       264  <<<<<<<<<<<<<<<<  3c3c3c3c3c3c3c3c3c3c3c3c3c3c3c3c
       190  [[[[[[[[[[[[[[[[  5b5b5b5b5b5b5b5b5b5b5b5b5b5b5b5b
       188  ================  3d3d3d3d3d3d3d3d3d3d3d3d3d3d3d3d
       160  ????????????????  3f3f3f3f3f3f3f3f3f3f3f3f3f3f3f3f
       156  ;;;;;;;;;;;;;;;;  3b3b3b3b3b3b3b3b3b3b3b3b3b3b3b3b
       127  >>>>>>>>>>>>>>>>  3e3e3e3e3e3e3e3e3e3e3e3e3e3e3e3e
        98  AAAAAAAAAAAAAAAA  41414141414141414141414141414141
        98  ****************  2a2a2a2a2a2a2a2a2a2a2a2a2a2a2a2a
        96  \\\\\\\\\\\\\\\\  5c5c5c5c5c5c5c5c5c5c5c5c5c5c5c5c
# epoch 16640  H=7.5188 C=7.2157 HO=0.3031  A(t)=1887
       275  ,,,,,,,,,,,,,,,,  2c2c2c2c2c2c2c2c2c2c2c2c2c2c2c2c
       229  <<<<<<<<<<<<<<<<  3c3c3c3c3c3c3c3c3c3c3c3c3c3c3c3c
       198  ================  3d3d3d3d3d3d3d3d3d3d3d3d3d3d3d3d
       185  ????????????????  3f3f3f3f3f3f3f3f3f3f3f3f3f3f3f3f
       150  [[[[[[[[[[[[[[[[  5b5b5b5b5b5b5b5b5b5b5b5b5b5b5b5b
       131  ;;;;;;;;;;;;;;;;  3b3b3b3b3b3b3b3b3b3b3b3b3b3b3b3b
       117  >>>>>>>>>>>>>>>>  3e3e3e3e3e3e3e3e3e3e3e3e3e3e3e3e
        93  ................  d1d1d1d1d1d1d1d1d1d1d1d1d1d1d1d1
        90  @@@@@@@@@@@@@@@@  40404040404040404040404040404040
        82  ****************  2a2a2a2a2a2a2a2a2a2a2a2a2a2a2a2a
# epoch 16660  H=7.5198 C=7.2144 HO=0.3054  A(t)=1894
       319  ,,,,,,,,,,,,,,,,  2c2c2c2c2c2c2c2c2c2c2c2c2c2c2c2c
       182  [[[[[[[[[[[[[[[[  5b5b5b5b5b5b5b5b5b5b5b5b5b5b5b5b
       180  ================  3d3d3d3d3d3d3d3d3d3d3d3d3d3d3d3d
       168  <<<<<<<<<<<<<<<<  3c3c3c3c3c3c3c3c3c3c3c3c3c3c3c3c
       130  ????????????????  3f3f3f3f3f3f3f3f3f3f3f3f3f3f3f3f
       129  ;;;;;;;;;;;;;;;;  3b3b3b3b3b3b3b3b3b3b3b3b3b3b3b3b
       128  >>>>>>>>>>>>>>>>  3e3e3e3e3e3e3e3e3e3e3e3e3e3e3e3e
        90  @@@@@@@@@@@@@@@@  40404040404040404040404040404040
        79  ****************  2a2a2a2a2a2a2a2a2a2a2a2a2a2a2a2a
        78  ................  d1d1d1d1d1d1d1d1d1d1d1d1d1d1d1d1
# epoch 16680  H=7.5178 C=7.2088 HO=0.3089  A(t)=1894
       323  [[[[[[[[[[[[[[[[  5b5b5b5b5b5b5b5b5b5b5b5b5b5b5b5b
       249  ,,,,,,,,,,,,,,,,  2c2c2c2c2c2c2c2c2c2c2c2c2c2c2c2c
       205  <<<<<<<<<<<<<<<<  3c3c3c3c3c3c3c3c3c3c3c3c3c3c3c3c
       196  ================  3d3d3d3d3d3d3d3d3d3d3d3d3d3d3d3d
       156  ????????????????  3f3f3f3f3f3f3f3f3f3f3f3f3f3f3f3f
       148  ****************  2a2a2a2a2a2a2a2a2a2a2a2a2a2a2a2a
       104  >>>>>>>>>>>>>>>>  3e3e3e3e3e3e3e3e3e3e3e3e3e3e3e3e
       101  ;;;;;;;;;;;;;;;;  3b3b3b3b3b3b3b3b3b3b3b3b3b3b3b3b
       101  8888888888888888  38383838383838383838383838383838
        94  aaaaaaaaaaaaaaaa  61616161616161616161616161616161
# epoch 16700  H=7.5228 C=7.2139 HO=0.3089  A(t)=1899
       329  [[[[[[[[[[[[[[[[  5b5b5b5b5b5b5b5b5b5b5b5b5b5b5b5b
       277  ,,,,,,,,,,,,,,,,  2c2c2c2c2c2c2c2c2c2c2c2c2c2c2c2c
       240  ================  3d3d3d3d3d3d3d3d3d3d3d3d3d3d3d3d
       173  <<<<<<<<<<<<<<<<  3c3c3c3c3c3c3c3c3c3c3c3c3c3c3c3c
       143  ;;;;;;;;;;;;;;;;  3b3b3b3b3b3b3b3b3b3b3b3b3b3b3b3b
       127  ????????????????  3f3f3f3f3f3f3f3f3f3f3f3f3f3f3f3f
       111  ****************  2a2a2a2a2a2a2a2a2a2a2a2a2a2a2a2a
        87  8888888888888888  38383838383838383838383838383838
        80  hhhhhhhhhhhhhhhh  68686868686868686868686868686868
        78  >>>>>>>>>>>>>>>>  3e3e3e3e3e3e3e3e3e3e3e3e3e3e3e3e
# epoch 16720  H=7.5226 C=7.2092 HO=0.3134  A(t)=1899
       380  [[[[[[[[[[[[[[[[  5b5b5b5b5b5b5b5b5b5b5b5b5b5b5b5b
       276  <<<<<<<<<<<<<<<<  3c3c3c3c3c3c3c3c3c3c3c3c3c3c3c3c
       241  ,,,,,,,,,,,,,,,,  2c2c2c2c2c2c2c2c2c2c2c2c2c2c2c2c
       212  ================  3d3d3d3d3d3d3d3d3d3d3d3d3d3d3d3d
       140  ................  b6b6b6b6b6b6b6b6b6b6b6b6b6b6b6b6
       128  ????????????????  3f3f3f3f3f3f3f3f3f3f3f3f3f3f3f3f
       120  ;;;;;;;;;;;;;;;;  3b3b3b3b3b3b3b3b3b3b3b3b3b3b3b3b
       106  ****************  2a2a2a2a2a2a2a2a2a2a2a2a2a2a2a2a
        98  >>>>>>>>>>>>>>>>  3e3e3e3e3e3e3e3e3e3e3e3e3e3e3e3e
        92  2222222222222222  32323232323232323232323232323232
# epoch 16740  H=7.5203 C=7.2036 HO=0.3167  A(t)=1909
       365  [[[[[[[[[[[[[[[[  5b5b5b5b5b5b5b5b5b5b5b5b5b5b5b5b
       273  ,,,,,,,,,,,,,,,,  2c2c2c2c2c2c2c2c2c2c2c2c2c2c2c2c
       264  <<<<<<<<<<<<<<<<  3c3c3c3c3c3c3c3c3c3c3c3c3c3c3c3c
       188  ================  3d3d3d3d3d3d3d3d3d3d3d3d3d3d3d3d
       146  ????????????????  3f3f3f3f3f3f3f3f3f3f3f3f3f3f3f3f
       127  ................  b6b6b6b6b6b6b6b6b6b6b6b6b6b6b6b6
       119  8888888888888888  38383838383838383838383838383838
       114  ................  fdfdfdfdfdfdfdfdfdfdfdfdfdfdfdfd
        95  ****************  2a2a2a2a2a2a2a2a2a2a2a2a2a2a2a2a
        88  >>>>>>>>>>>>>>>>  3e3e3e3e3e3e3e3e3e3e3e3e3e3e3e3e
# epoch 16760  H=7.5184 C=7.1955 HO=0.3229  A(t)=1912
       332  <<<<<<<<<<<<<<<<  3c3c3c3c3c3c3c3c3c3c3c3c3c3c3c3c
       327  [[[[[[[[[[[[[[[[  5b5b5b5b5b5b5b5b5b5b5b5b5b5b5b5b
       233  ,,,,,,,,,,,,,,,,  2c2c2c2c2c2c2c2c2c2c2c2c2c2c2c2c
       213  ================  3d3d3d3d3d3d3d3d3d3d3d3d3d3d3d3d
       159  ;;;;;;;;;;;;;;;;  3b3b3b3b3b3b3b3b3b3b3b3b3b3b3b3b
       152  ****************  2a2a2a2a2a2a2a2a2a2a2a2a2a2a2a2a
       133  ????????????????  3f3f3f3f3f3f3f3f3f3f3f3f3f3f3f3f
       119  >>>>>>>>>>>>>>>>  3e3e3e3e3e3e3e3e3e3e3e3e3e3e3e3e
       116  ................  b6b6b6b6b6b6b6b6b6b6b6b6b6b6b6b6
       101  ................  cdcdcdcdcdcdcdcdcdcdcdcdcdcdcdcd
# epoch 16780  H=7.5164 C=7.1977 HO=0.3187  A(t)=1914
       314  <<<<<<<<<<<<<<<<  3c3c3c3c3c3c3c3c3c3c3c3c3c3c3c3c
       300  [[[[[[[[[[[[[[[[  5b5b5b5b5b5b5b5b5b5b5b5b5b5b5b5b
       224  ;;;;;;;;;;;;;;;;  3b3b3b3b3b3b3b3b3b3b3b3b3b3b3b3b
       196  ================  3d3d3d3d3d3d3d3d3d3d3d3d3d3d3d3d
       154  ,,,,,,,,,,,,,,,,  2c2c2c2c2c2c2c2c2c2c2c2c2c2c2c2c
       137  ****************  2a2a2a2a2a2a2a2a2a2a2a2a2a2a2a2a
       109  ????????????????  3f3f3f3f3f3f3f3f3f3f3f3f3f3f3f3f
        96  ................  b6b6b6b6b6b6b6b6b6b6b6b6b6b6b6b6
        95  8888888888888888  38383838383838383838383838383838
        84  ................  cdcdcdcdcdcdcdcdcdcdcdcdcdcdcdcd
# epoch 16800  H=7.5193 C=7.1993 HO=0.3200  A(t)=1917
       356  [[[[[[[[[[[[[[[[  5b5b5b5b5b5b5b5b5b5b5b5b5b5b5b5b
       326  <<<<<<<<<<<<<<<<  3c3c3c3c3c3c3c3c3c3c3c3c3c3c3c3c
       216  ;;;;;;;;;;;;;;;;  3b3b3b3b3b3b3b3b3b3b3b3b3b3b3b3b
       193  ================  3d3d3d3d3d3d3d3d3d3d3d3d3d3d3d3d
       139  ,,,,,,,,,,,,,,,,  2c2c2c2c2c2c2c2c2c2c2c2c2c2c2c2c
       118  ****************  2a2a2a2a2a2a2a2a2a2a2a2a2a2a2a2a
        88  ????????????????  3f3f3f3f3f3f3f3f3f3f3f3f3f3f3f3f
        87  ................  aaaaaaaaaaaaaaaaaaaaaaaaaaaaaaaa
        84  8888888888888888  38383838383838383838383838383838
        84  ................  15151515151515151515151515151515
# epoch 16820  H=7.5179 C=7.1994 HO=0.3185  A(t)=1919
       387  [[[[[[[[[[[[[[[[  5b5b5b5b5b5b5b5b5b5b5b5b5b5b5b5b
       268  <<<<<<<<<<<<<<<<  3c3c3c3c3c3c3c3c3c3c3c3c3c3c3c3c
       250  ;;;;;;;;;;;;;;;;  3b3b3b3b3b3b3b3b3b3b3b3b3b3b3b3b
       223  ================  3d3d3d3d3d3d3d3d3d3d3d3d3d3d3d3d
       123  ,,,,,,,,,,,,,,,,  2c2c2c2c2c2c2c2c2c2c2c2c2c2c2c2c
       113  ................  15151515151515151515151515151515
        99  ................  0a0a0a0a0a0a0a0a0a0a0a0a0a0a0a0a
        98  ****************  2a2a2a2a2a2a2a2a2a2a2a2a2a2a2a2a
        94  9999999999999999  39393939393939393939393939393939
        93  2222222222222222  32323232323232323232323232323232
# epoch 16840  H=7.5196 C=7.2007 HO=0.3188  A(t)=1922
       346  [[[[[[[[[[[[[[[[  5b5b5b5b5b5b5b5b5b5b5b5b5b5b5b5b
       245  <<<<<<<<<<<<<<<<  3c3c3c3c3c3c3c3c3c3c3c3c3c3c3c3c
       221  ================  3d3d3d3d3d3d3d3d3d3d3d3d3d3d3d3d
       190  ;;;;;;;;;;;;;;;;  3b3b3b3b3b3b3b3b3b3b3b3b3b3b3b3b
       136  9999999999999999  39393939393939393939393939393939
       110  ,,,,,,,,,,,,,,,,  2c2c2c2c2c2c2c2c2c2c2c2c2c2c2c2c
       105  2222222222222222  32323232323232323232323232323232
        97  ................  9d9d9d9d9d9d9d9d9d9d9d9d9d9d9d9d
        93  ................  15151515151515151515151515151515
        89  ................  0a0a0a0a0a0a0a0a0a0a0a0a0a0a0a0a
# epoch 16860  H=7.5245 C=7.2065 HO=0.3180  A(t)=1922
       276  [[[[[[[[[[[[[[[[  5b5b5b5b5b5b5b5b5b5b5b5b5b5b5b5b
       231  <<<<<<<<<<<<<<<<  3c3c3c3c3c3c3c3c3c3c3c3c3c3c3c3c
       195  ================  3d3d3d3d3d3d3d3d3d3d3d3d3d3d3d3d
       192  ,,,,,,,,,,,,,,,,  2c2c2c2c2c2c2c2c2c2c2c2c2c2c2c2c
       150  ;;;;;;;;;;;;;;;;  3b3b3b3b3b3b3b3b3b3b3b3b3b3b3b3b
       131  !!!!!!!!!!!!!!!!  21212121212121212121212121212121
       118  9999999999999999  39393939393939393939393939393939
       115  ................  9d9d9d9d9d9d9d9d9d9d9d9d9d9d9d9d
       113  2222222222222222  32323232323232323232323232323232
       100  ****************  2a2a2a2a2a2a2a2a2a2a2a2a2a2a2a2a
# epoch 16880  H=7.5263 C=7.2052 HO=0.3212  A(t)=1923
       274  <<<<<<<<<<<<<<<<  3c3c3c3c3c3c3c3c3c3c3c3c3c3c3c3c
       249  [[[[[[[[[[[[[[[[  5b5b5b5b5b5b5b5b5b5b5b5b5b5b5b5b
       243  ================  3d3d3d3d3d3d3d3d3d3d3d3d3d3d3d3d
       170  ,,,,,,,,,,,,,,,,  2c2c2c2c2c2c2c2c2c2c2c2c2c2c2c2c
       164  ;;;;;;;;;;;;;;;;  3b3b3b3b3b3b3b3b3b3b3b3b3b3b3b3b
       121  !!!!!!!!!!!!!!!!  21212121212121212121212121212121
        96  9999999999999999  39393939393939393939393939393939
        92  ................  9d9d9d9d9d9d9d9d9d9d9d9d9d9d9d9d
        87  ****************  2a2a2a2a2a2a2a2a2a2a2a2a2a2a2a2a
        86  ................  0a0a0a0a0a0a0a0a0a0a0a0a0a0a0a0a
# epoch 16900  H=7.5243 C=7.2015 HO=0.3228  A(t)=1926
       393  <<<<<<<<<<<<<<<<  3c3c3c3c3c3c3c3c3c3c3c3c3c3c3c3c
       271  ,,,,,,,,,,,,,,,,  2c2c2c2c2c2c2c2c2c2c2c2c2c2c2c2c
       231  ================  3d3d3d3d3d3d3d3d3d3d3d3d3d3d3d3d
       199  [[[[[[[[[[[[[[[[  5b5b5b5b5b5b5b5b5b5b5b5b5b5b5b5b
       154  ;;;;;;;;;;;;;;;;  3b3b3b3b3b3b3b3b3b3b3b3b3b3b3b3b
       107  TTTTTTTTTTTTTTTT  54545454545454545454545454545454
        95  !!!!!!!!!!!!!!!!  21212121212121212121212121212121
        85  9999999999999999  39393939393939393939393939393939
        81  ****************  2a2a2a2a2a2a2a2a2a2a2a2a2a2a2a2a
        76  ................  01010101010101010101010101010101
# epoch 16920  H=7.5255 C=7.1966 HO=0.3289  A(t)=1928
       336  <<<<<<<<<<<<<<<<  3c3c3c3c3c3c3c3c3c3c3c3c3c3c3c3c
       313  ,,,,,,,,,,,,,,,,  2c2c2c2c2c2c2c2c2c2c2c2c2c2c2c2c
       249  [[[[[[[[[[[[[[[[  5b5b5b5b5b5b5b5b5b5b5b5b5b5b5b5b
       176  ================  3d3d3d3d3d3d3d3d3d3d3d3d3d3d3d3d
       113  OOOOOOOOOOOOOOOO  4f4f4f4f4f4f4f4f4f4f4f4f4f4f4f4f
       104  ;;;;;;;;;;;;;;;;  3b3b3b3b3b3b3b3b3b3b3b3b3b3b3b3b
       104  ::::::::::::::::  3a3a3a3a3a3a3a3a3a3a3a3a3a3a3a3a
       100  ................  9d9d9d9d9d9d9d9d9d9d9d9d9d9d9d9d
        97  TTTTTTTTTTTTTTTT  54545454545454545454545454545454
        85  ................  acacacacacacacacacacacacacacacac
# epoch 16940  H=7.5239 C=7.1924 HO=0.3315  A(t)=1928
       404  <<<<<<<<<<<<<<<<  3c3c3c3c3c3c3c3c3c3c3c3c3c3c3c3c
       273  ,,,,,,,,,,,,,,,,  2c2c2c2c2c2c2c2c2c2c2c2c2c2c2c2c
       258  [[[[[[[[[[[[[[[[  5b5b5b5b5b5b5b5b5b5b5b5b5b5b5b5b
       156  ================  3d3d3d3d3d3d3d3d3d3d3d3d3d3d3d3d
       118  ................  acacacacacacacacacacacacacacacac
       116  ................  0f0f0f0f0f0f0f0f0f0f0f0f0f0f0f0f
       101  OOOOOOOOOOOOOOOO  4f4f4f4f4f4f4f4f4f4f4f4f4f4f4f4f
        99  ................  9d9d9d9d9d9d9d9d9d9d9d9d9d9d9d9d
        96  ::::::::::::::::  3a3a3a3a3a3a3a3a3a3a3a3a3a3a3a3a
        89  ;;;;;;;;;;;;;;;;  3b3b3b3b3b3b3b3b3b3b3b3b3b3b3b3b
# epoch 16960  H=7.5251 C=7.1834 HO=0.3418  A(t)=1930
       468  <<<<<<<<<<<<<<<<  3c3c3c3c3c3c3c3c3c3c3c3c3c3c3c3c
       282  [[[[[[[[[[[[[[[[  5b5b5b5b5b5b5b5b5b5b5b5b5b5b5b5b
       219  ,,,,,,,,,,,,,,,,  2c2c2c2c2c2c2c2c2c2c2c2c2c2c2c2c
       136  9999999999999999  39393939393939393939393939393939
       132  ================  3d3d3d3d3d3d3d3d3d3d3d3d3d3d3d3d
       119  ................  97979797979797979797979797979797
       116  ................  acacacacacacacacacacacacacacacac
       104  TTTTTTTTTTTTTTTT  54545454545454545454545454545454
       104  >>>>>>>>>>>>>>>>  3e3e3e3e3e3e3e3e3e3e3e3e3e3e3e3e
       104  ;;;;;;;;;;;;;;;;  3b3b3b3b3b3b3b3b3b3b3b3b3b3b3b3b
# epoch 16980  H=7.5272 C=7.1824 HO=0.3448  A(t)=1930
       368  <<<<<<<<<<<<<<<<  3c3c3c3c3c3c3c3c3c3c3c3c3c3c3c3c
       246  [[[[[[[[[[[[[[[[  5b5b5b5b5b5b5b5b5b5b5b5b5b5b5b5b
       189  ,,,,,,,,,,,,,,,,  2c2c2c2c2c2c2c2c2c2c2c2c2c2c2c2c
       152  ................  0f0f0f0f0f0f0f0f0f0f0f0f0f0f0f0f
       123  ================  3d3d3d3d3d3d3d3d3d3d3d3d3d3d3d3d
       115  >>>>>>>>>>>>>>>>  3e3e3e3e3e3e3e3e3e3e3e3e3e3e3e3e
       107  ................  97979797979797979797979797979797
       103  TTTTTTTTTTTTTTTT  54545454545454545454545454545454
       103  OOOOOOOOOOOOOOOO  4f4f4f4f4f4f4f4f4f4f4f4f4f4f4f4f
       102  8888888888888888  38383838383838383838383838383838
# epoch 17000  H=7.5252 C=7.1838 HO=0.3415  A(t)=1935
       416  <<<<<<<<<<<<<<<<  3c3c3c3c3c3c3c3c3c3c3c3c3c3c3c3c
       254  ,,,,,,,,,,,,,,,,  2c2c2c2c2c2c2c2c2c2c2c2c2c2c2c2c
       226  [[[[[[[[[[[[[[[[  5b5b5b5b5b5b5b5b5b5b5b5b5b5b5b5b
       175  ;;;;;;;;;;;;;;;;  3b3b3b3b3b3b3b3b3b3b3b3b3b3b3b3b
       133  8888888888888888  38383838383838383838383838383838
       133  ................  0f0f0f0f0f0f0f0f0f0f0f0f0f0f0f0f
       124  ================  3d3d3d3d3d3d3d3d3d3d3d3d3d3d3d3d
       119  ????????????????  3f3f3f3f3f3f3f3f3f3f3f3f3f3f3f3f
        95  ................  acacacacacacacacacacacacacacacac
        94  >>>>>>>>>>>>>>>>  3e3e3e3e3e3e3e3e3e3e3e3e3e3e3e3e
# epoch 17020  H=7.5217 C=7.1821 HO=0.3396  A(t)=1939
       440  <<<<<<<<<<<<<<<<  3c3c3c3c3c3c3c3c3c3c3c3c3c3c3c3c
       189  [[[[[[[[[[[[[[[[  5b5b5b5b5b5b5b5b5b5b5b5b5b5b5b5b
       184  ,,,,,,,,,,,,,,,,  2c2c2c2c2c2c2c2c2c2c2c2c2c2c2c2c
       159  ;;;;;;;;;;;;;;;;  3b3b3b3b3b3b3b3b3b3b3b3b3b3b3b3b
       128  8888888888888888  38383838383838383838383838383838
       124  ................  0f0f0f0f0f0f0f0f0f0f0f0f0f0f0f0f
       118  ================  3d3d3d3d3d3d3d3d3d3d3d3d3d3d3d3d
       118  5555555555555555  35353535353535353535353535353535
       116  >>>>>>>>>>>>>>>>  3e3e3e3e3e3e3e3e3e3e3e3e3e3e3e3e
       116  9999999999999999  39393939393939393939393939393939
# epoch 17040  H=7.5240 C=7.1840 HO=0.3400  A(t)=1944
       332  <<<<<<<<<<<<<<<<  3c3c3c3c3c3c3c3c3c3c3c3c3c3c3c3c
       172  ;;;;;;;;;;;;;;;;  3b3b3b3b3b3b3b3b3b3b3b3b3b3b3b3b
       171  4444444444444444  34343434343434343434343434343434
       158  ,,,,,,,,,,,,,,,,  2c2c2c2c2c2c2c2c2c2c2c2c2c2c2c2c
       139  [[[[[[[[[[[[[[[[  5b5b5b5b5b5b5b5b5b5b5b5b5b5b5b5b
       133  ????????????????  3f3f3f3f3f3f3f3f3f3f3f3f3f3f3f3f
       125  9999999999999999  39393939393939393939393939393939
       124  8888888888888888  38383838383838383838383838383838
       112  ================  3d3d3d3d3d3d3d3d3d3d3d3d3d3d3d3d
       106  >>>>>>>>>>>>>>>>  3e3e3e3e3e3e3e3e3e3e3e3e3e3e3e3e
# epoch 17060  H=7.5295 C=7.1922 HO=0.3373  A(t)=1955
       276  <<<<<<<<<<<<<<<<  3c3c3c3c3c3c3c3c3c3c3c3c3c3c3c3c
       261  [[[[[[[[[[[[[[[[  5b5b5b5b5b5b5b5b5b5b5b5b5b5b5b5b
       159  ,,,,,,,,,,,,,,,,  2c2c2c2c2c2c2c2c2c2c2c2c2c2c2c2c
       152  ================  3d3d3d3d3d3d3d3d3d3d3d3d3d3d3d3d
       151  4444444444444444  34343434343434343434343434343434
       139  ;;;;;;;;;;;;;;;;  3b3b3b3b3b3b3b3b3b3b3b3b3b3b3b3b
       119  >>>>>>>>>>>>>>>>  3e3e3e3e3e3e3e3e3e3e3e3e3e3e3e3e
       116  ????????????????  3f3f3f3f3f3f3f3f3f3f3f3f3f3f3f3f
       104  8888888888888888  38383838383838383838383838383838
       100  ................  2e2e2e2e2e2e2e2e2e2e2e2e2e2e2e2e
# epoch 17080  H=7.5250 C=7.1883 HO=0.3367  A(t)=1955
       282  <<<<<<<<<<<<<<<<  3c3c3c3c3c3c3c3c3c3c3c3c3c3c3c3c
       236  [[[[[[[[[[[[[[[[  5b5b5b5b5b5b5b5b5b5b5b5b5b5b5b5b
       192  ================  3d3d3d3d3d3d3d3d3d3d3d3d3d3d3d3d
       190  4444444444444444  34343434343434343434343434343434
       156  ????????????????  3f3f3f3f3f3f3f3f3f3f3f3f3f3f3f3f
       147  ,,,,,,,,,,,,,,,,  2c2c2c2c2c2c2c2c2c2c2c2c2c2c2c2c
       132  >>>>>>>>>>>>>>>>  3e3e3e3e3e3e3e3e3e3e3e3e3e3e3e3e
       124  ................  2e2e2e2e2e2e2e2e2e2e2e2e2e2e2e2e
       115  ................  d6d6d6d6d6d6d6d6d6d6d6d6d6d6d6d6
       113  8888888888888888  38383838383838383838383838383838
# epoch 17100  H=7.5306 C=7.1953 HO=0.3353  A(t)=1955
       286  [[[[[[[[[[[[[[[[  5b5b5b5b5b5b5b5b5b5b5b5b5b5b5b5b
       262  <<<<<<<<<<<<<<<<  3c3c3c3c3c3c3c3c3c3c3c3c3c3c3c3c
       176  ================  3d3d3d3d3d3d3d3d3d3d3d3d3d3d3d3d
       156  >>>>>>>>>>>>>>>>  3e3e3e3e3e3e3e3e3e3e3e3e3e3e3e3e
       142  ,,,,,,,,,,,,,,,,  2c2c2c2c2c2c2c2c2c2c2c2c2c2c2c2c
       141  ................  d6d6d6d6d6d6d6d6d6d6d6d6d6d6d6d6
       135  ????????????????  3f3f3f3f3f3f3f3f3f3f3f3f3f3f3f3f
       131  4444444444444444  34343434343434343434343434343434
       125  8888888888888888  38383838383838383838383838383838
       124  ;;;;;;;;;;;;;;;;  3b3b3b3b3b3b3b3b3b3b3b3b3b3b3b3b
# epoch 17120  H=7.5328 C=7.1951 HO=0.3377  A(t)=1955
       318  [[[[[[[[[[[[[[[[  5b5b5b5b5b5b5b5b5b5b5b5b5b5b5b5b
       278  <<<<<<<<<<<<<<<<  3c3c3c3c3c3c3c3c3c3c3c3c3c3c3c3c
       236  ;;;;;;;;;;;;;;;;  3b3b3b3b3b3b3b3b3b3b3b3b3b3b3b3b
       155  ================  3d3d3d3d3d3d3d3d3d3d3d3d3d3d3d3d
       150  ,,,,,,,,,,,,,,,,  2c2c2c2c2c2c2c2c2c2c2c2c2c2c2c2c
       147  4444444444444444  34343434343434343434343434343434
       115  ????????????????  3f3f3f3f3f3f3f3f3f3f3f3f3f3f3f3f
       113  ................  d6d6d6d6d6d6d6d6d6d6d6d6d6d6d6d6
       111  >>>>>>>>>>>>>>>>  3e3e3e3e3e3e3e3e3e3e3e3e3e3e3e3e
       109  8888888888888888  38383838383838383838383838383838
# epoch 17140  H=7.5323 C=7.1951 HO=0.3372  A(t)=1955
       393  [[[[[[[[[[[[[[[[  5b5b5b5b5b5b5b5b5b5b5b5b5b5b5b5b
       242  <<<<<<<<<<<<<<<<  3c3c3c3c3c3c3c3c3c3c3c3c3c3c3c3c
       217  ;;;;;;;;;;;;;;;;  3b3b3b3b3b3b3b3b3b3b3b3b3b3b3b3b
       163  6666666666666666  36363636363636363636363636363636
       163  ,,,,,,,,,,,,,,,,  2c2c2c2c2c2c2c2c2c2c2c2c2c2c2c2c
       153  ================  3d3d3d3d3d3d3d3d3d3d3d3d3d3d3d3d
       137  9999999999999999  39393939393939393939393939393939
       124  4444444444444444  34343434343434343434343434343434
       113  ................  d6d6d6d6d6d6d6d6d6d6d6d6d6d6d6d6
       106  ))))))))))))))))  29292929292929292929292929292929
# epoch 17160  H=7.5362 C=7.1991 HO=0.3371  A(t)=1955
       311  [[[[[[[[[[[[[[[[  5b5b5b5b5b5b5b5b5b5b5b5b5b5b5b5b
       199  <<<<<<<<<<<<<<<<  3c3c3c3c3c3c3c3c3c3c3c3c3c3c3c3c
       195  6666666666666666  36363636363636363636363636363636
       177  ;;;;;;;;;;;;;;;;  3b3b3b3b3b3b3b3b3b3b3b3b3b3b3b3b
       141  ,,,,,,,,,,,,,,,,  2c2c2c2c2c2c2c2c2c2c2c2c2c2c2c2c
       127  ================  3d3d3d3d3d3d3d3d3d3d3d3d3d3d3d3d
       124  4444444444444444  34343434343434343434343434343434
       123  8888888888888888  38383838383838383838383838383838
       119  ????????????????  3f3f3f3f3f3f3f3f3f3f3f3f3f3f3f3f
       113  9999999999999999  39393939393939393939393939393939
# epoch 17180  H=7.5382 C=7.2010 HO=0.3371  A(t)=1957
       239  [[[[[[[[[[[[[[[[  5b5b5b5b5b5b5b5b5b5b5b5b5b5b5b5b
       182  ,,,,,,,,,,,,,,,,  2c2c2c2c2c2c2c2c2c2c2c2c2c2c2c2c
       173  ================  3d3d3d3d3d3d3d3d3d3d3d3d3d3d3d3d
       158  <<<<<<<<<<<<<<<<  3c3c3c3c3c3c3c3c3c3c3c3c3c3c3c3c
       153  ;;;;;;;;;;;;;;;;  3b3b3b3b3b3b3b3b3b3b3b3b3b3b3b3b
       144  6666666666666666  36363636363636363636363636363636
       128  ................  fdfdfdfdfdfdfdfdfdfdfdfdfdfdfdfd
       114  9999999999999999  39393939393939393939393939393939
       111  8888888888888888  38383838383838383838383838383838
       109  ????????????????  3f3f3f3f3f3f3f3f3f3f3f3f3f3f3f3f
# epoch 17200  H=7.5369 C=7.1967 HO=0.3402  A(t)=1957
       229  ;;;;;;;;;;;;;;;;  3b3b3b3b3b3b3b3b3b3b3b3b3b3b3b3b
       225  <<<<<<<<<<<<<<<<  3c3c3c3c3c3c3c3c3c3c3c3c3c3c3c3c
       216  [[[[[[[[[[[[[[[[  5b5b5b5b5b5b5b5b5b5b5b5b5b5b5b5b
       210  6666666666666666  36363636363636363636363636363636
       178  ,,,,,,,,,,,,,,,,  2c2c2c2c2c2c2c2c2c2c2c2c2c2c2c2c
       159  ================  3d3d3d3d3d3d3d3d3d3d3d3d3d3d3d3d
       147  4444444444444444  34343434343434343434343434343434
       140  ::::::::::::::::  3a3a3a3a3a3a3a3a3a3a3a3a3a3a3a3a
       135  9999999999999999  39393939393939393939393939393939
       126  ++++++++++++++++  2b2b2b2b2b2b2b2b2b2b2b2b2b2b2b2b
# epoch 17220  H=7.5334 C=7.2028 HO=0.3306  A(t)=1961
       278  ,,,,,,,,,,,,,,,,  2c2c2c2c2c2c2c2c2c2c2c2c2c2c2c2c
       249  <<<<<<<<<<<<<<<<  3c3c3c3c3c3c3c3c3c3c3c3c3c3c3c3c
       225  [[[[[[[[[[[[[[[[  5b5b5b5b5b5b5b5b5b5b5b5b5b5b5b5b
       186  6666666666666666  36363636363636363636363636363636
       178  ;;;;;;;;;;;;;;;;  3b3b3b3b3b3b3b3b3b3b3b3b3b3b3b3b
       144  ::::::::::::::::  3a3a3a3a3a3a3a3a3a3a3a3a3a3a3a3a
       141  ================  3d3d3d3d3d3d3d3d3d3d3d3d3d3d3d3d
       141  9999999999999999  39393939393939393939393939393939
       137  8888888888888888  38383838383838383838383838383838
       119  4444444444444444  34343434343434343434343434343434
# epoch 17240  H=7.5304 C=7.1960 HO=0.3344  A(t)=1961
       290  [[[[[[[[[[[[[[[[  5b5b5b5b5b5b5b5b5b5b5b5b5b5b5b5b
       226  ,,,,,,,,,,,,,,,,  2c2c2c2c2c2c2c2c2c2c2c2c2c2c2c2c
       192  <<<<<<<<<<<<<<<<  3c3c3c3c3c3c3c3c3c3c3c3c3c3c3c3c
       173  6666666666666666  36363636363636363636363636363636
       164  ;;;;;;;;;;;;;;;;  3b3b3b3b3b3b3b3b3b3b3b3b3b3b3b3b
       153  ::::::::::::::::  3a3a3a3a3a3a3a3a3a3a3a3a3a3a3a3a
       144  9999999999999999  39393939393939393939393939393939
       134  ================  3d3d3d3d3d3d3d3d3d3d3d3d3d3d3d3d
       128  ????????????????  3f3f3f3f3f3f3f3f3f3f3f3f3f3f3f3f
       122  8888888888888888  38383838383838383838383838383838
# epoch 17260  H=7.5275 C=7.1953 HO=0.3322  A(t)=1963
       313  [[[[[[[[[[[[[[[[  5b5b5b5b5b5b5b5b5b5b5b5b5b5b5b5b
       209  ,,,,,,,,,,,,,,,,  2c2c2c2c2c2c2c2c2c2c2c2c2c2c2c2c
       186  ::::::::::::::::  3a3a3a3a3a3a3a3a3a3a3a3a3a3a3a3a
       173  6666666666666666  36363636363636363636363636363636
       168  1111111111111111  31313131313131313131313131313131
       160  9999999999999999  39393939393939393939393939393939
       158  ;;;;;;;;;;;;;;;;  3b3b3b3b3b3b3b3b3b3b3b3b3b3b3b3b
       157  <<<<<<<<<<<<<<<<  3c3c3c3c3c3c3c3c3c3c3c3c3c3c3c3c
       129  8888888888888888  38383838383838383838383838383838
       113  ================  3d3d3d3d3d3d3d3d3d3d3d3d3d3d3d3d
# epoch 17280  H=7.5264 C=7.1846 HO=0.3418  A(t)=1967
       327  [[[[[[[[[[[[[[[[  5b5b5b5b5b5b5b5b5b5b5b5b5b5b5b5b
       300  ,,,,,,,,,,,,,,,,  2c2c2c2c2c2c2c2c2c2c2c2c2c2c2c2c
       169  ::::::::::::::::  3a3a3a3a3a3a3a3a3a3a3a3a3a3a3a3a
       158  6666666666666666  36363636363636363636363636363636
       146  1111111111111111  31313131313131313131313131313131
       142  ;;;;;;;;;;;;;;;;  3b3b3b3b3b3b3b3b3b3b3b3b3b3b3b3b
       140  ================  3d3d3d3d3d3d3d3d3d3d3d3d3d3d3d3d
       128  9999999999999999  39393939393939393939393939393939
       118  8888888888888888  38383838383838383838383838383838
       116  <<<<<<<<<<<<<<<<  3c3c3c3c3c3c3c3c3c3c3c3c3c3c3c3c
# epoch 17300  H=7.5245 C=7.1845 HO=0.3399  A(t)=1970
       383  ,,,,,,,,,,,,,,,,  2c2c2c2c2c2c2c2c2c2c2c2c2c2c2c2c
       291  [[[[[[[[[[[[[[[[  5b5b5b5b5b5b5b5b5b5b5b5b5b5b5b5b
       165  ;;;;;;;;;;;;;;;;  3b3b3b3b3b3b3b3b3b3b3b3b3b3b3b3b
       161  <<<<<<<<<<<<<<<<  3c3c3c3c3c3c3c3c3c3c3c3c3c3c3c3c
       152  ::::::::::::::::  3a3a3a3a3a3a3a3a3a3a3a3a3a3a3a3a
       149  6666666666666666  36363636363636363636363636363636
       133  1111111111111111  31313131313131313131313131313131
       123  8888888888888888  38383838383838383838383838383838
       111  ................  fefefefefefefefefefefefefefefefe
       104  >>>>>>>>>>>>>>>>  3e3e3e3e3e3e3e3e3e3e3e3e3e3e3e3e
# epoch 17320  H=7.5231 C=7.1796 HO=0.3435  A(t)=1970
       407  [[[[[[[[[[[[[[[[  5b5b5b5b5b5b5b5b5b5b5b5b5b5b5b5b
       336  ,,,,,,,,,,,,,,,,  2c2c2c2c2c2c2c2c2c2c2c2c2c2c2c2c
       156  ;;;;;;;;;;;;;;;;  3b3b3b3b3b3b3b3b3b3b3b3b3b3b3b3b
       150  <<<<<<<<<<<<<<<<  3c3c3c3c3c3c3c3c3c3c3c3c3c3c3c3c
       144  ================  3d3d3d3d3d3d3d3d3d3d3d3d3d3d3d3d
       132  ::::::::::::::::  3a3a3a3a3a3a3a3a3a3a3a3a3a3a3a3a
       126  >>>>>>>>>>>>>>>>  3e3e3e3e3e3e3e3e3e3e3e3e3e3e3e3e
       126  1111111111111111  31313131313131313131313131313131
       111  ................  fefefefefefefefefefefefefefefefe
       109  6666666666666666  36363636363636363636363636363636
# epoch 17340  H=7.5247 C=7.1810 HO=0.3437  A(t)=1970
       380  [[[[[[[[[[[[[[[[  5b5b5b5b5b5b5b5b5b5b5b5b5b5b5b5b
       280  ,,,,,,,,,,,,,,,,  2c2c2c2c2c2c2c2c2c2c2c2c2c2c2c2c
       214  ::::::::::::::::  3a3a3a3a3a3a3a3a3a3a3a3a3a3a3a3a
       177  ;;;;;;;;;;;;;;;;  3b3b3b3b3b3b3b3b3b3b3b3b3b3b3b3b
       131  8888888888888888  38383838383838383838383838383838
       122  <<<<<<<<<<<<<<<<  3c3c3c3c3c3c3c3c3c3c3c3c3c3c3c3c
       109  1111111111111111  31313131313131313131313131313131
       102  ================  3d3d3d3d3d3d3d3d3d3d3d3d3d3d3d3d
        96  ................  fefefefefefefefefefefefefefefefe
        94  >>>>>>>>>>>>>>>>  3e3e3e3e3e3e3e3e3e3e3e3e3e3e3e3e
# epoch 17360  H=7.5257 C=7.1781 HO=0.3476  A(t)=1970
       342  [[[[[[[[[[[[[[[[  5b5b5b5b5b5b5b5b5b5b5b5b5b5b5b5b
       308  ,,,,,,,,,,,,,,,,  2c2c2c2c2c2c2c2c2c2c2c2c2c2c2c2c
       177  ::::::::::::::::  3a3a3a3a3a3a3a3a3a3a3a3a3a3a3a3a
       167  >>>>>>>>>>>>>>>>  3e3e3e3e3e3e3e3e3e3e3e3e3e3e3e3e
       162  ;;;;;;;;;;;;;;;;  3b3b3b3b3b3b3b3b3b3b3b3b3b3b3b3b
       140  <<<<<<<<<<<<<<<<  3c3c3c3c3c3c3c3c3c3c3c3c3c3c3c3c
       121  8888888888888888  38383838383838383838383838383838
       101  ________________  5f5f5f5f5f5f5f5f5f5f5f5f5f5f5f5f
        93  9999999999999999  39393939393939393939393939393939
        92  6666666666666666  36363636363636363636363636363636
# epoch 17380  H=7.5245 C=7.1746 HO=0.3499  A(t)=1970
       282  ,,,,,,,,,,,,,,,,  2c2c2c2c2c2c2c2c2c2c2c2c2c2c2c2c
       270  [[[[[[[[[[[[[[[[  5b5b5b5b5b5b5b5b5b5b5b5b5b5b5b5b
       222  ;;;;;;;;;;;;;;;;  3b3b3b3b3b3b3b3b3b3b3b3b3b3b3b3b
       158  1111111111111111  31313131313131313131313131313131
       153  ::::::::::::::::  3a3a3a3a3a3a3a3a3a3a3a3a3a3a3a3a
       151  UUUUUUUUUUUUUUUU  55555555555555555555555555555555
       144  8888888888888888  38383838383838383838383838383838
       139  6666666666666666  36363636363636363636363636363636
       126  eeeeeeeeeeeeeeee  65656565656565656565656565656565
       113  >>>>>>>>>>>>>>>>  3e3e3e3e3e3e3e3e3e3e3e3e3e3e3e3e
# epoch 17400  H=7.5192 C=7.1669 HO=0.3523  A(t)=1970
       292  ,,,,,,,,,,,,,,,,  2c2c2c2c2c2c2c2c2c2c2c2c2c2c2c2c
       240  [[[[[[[[[[[[[[[[  5b5b5b5b5b5b5b5b5b5b5b5b5b5b5b5b
       205  ;;;;;;;;;;;;;;;;  3b3b3b3b3b3b3b3b3b3b3b3b3b3b3b3b
       172  ................  fdfdfdfdfdfdfdfdfdfdfdfdfdfdfdfd
       166  eeeeeeeeeeeeeeee  65656565656565656565656565656565
       138  UUUUUUUUUUUUUUUU  55555555555555555555555555555555
       136  ????????????????  3f3f3f3f3f3f3f3f3f3f3f3f3f3f3f3f
       135  8888888888888888  38383838383838383838383838383838
       131  6666666666666666  36363636363636363636363636363636
       128  ::::::::::::::::  3a3a3a3a3a3a3a3a3a3a3a3a3a3a3a3a
# epoch 17420  H=7.5189 C=7.1695 HO=0.3494  A(t)=1972
       240  ;;;;;;;;;;;;;;;;  3b3b3b3b3b3b3b3b3b3b3b3b3b3b3b3b
       238  ,,,,,,,,,,,,,,,,  2c2c2c2c2c2c2c2c2c2c2c2c2c2c2c2c
       235  [[[[[[[[[[[[[[[[  5b5b5b5b5b5b5b5b5b5b5b5b5b5b5b5b
       146  eeeeeeeeeeeeeeee  65656565656565656565656565656565
       136  ================  3d3d3d3d3d3d3d3d3d3d3d3d3d3d3d3d
       136  ::::::::::::::::  3a3a3a3a3a3a3a3a3a3a3a3a3a3a3a3a
       131  ................  fdfdfdfdfdfdfdfdfdfdfdfdfdfdfdfd
       130  6666666666666666  36363636363636363636363636363636
       122  UUUUUUUUUUUUUUUU  55555555555555555555555555555555
       116  >>>>>>>>>>>>>>>>  3e3e3e3e3e3e3e3e3e3e3e3e3e3e3e3e
# epoch 17440  H=7.5160 C=7.1611 HO=0.3550  A(t)=1974
       274  ;;;;;;;;;;;;;;;;  3b3b3b3b3b3b3b3b3b3b3b3b3b3b3b3b
       230  ================  3d3d3d3d3d3d3d3d3d3d3d3d3d3d3d3d
       230  ,,,,,,,,,,,,,,,,  2c2c2c2c2c2c2c2c2c2c2c2c2c2c2c2c
       214  [[[[[[[[[[[[[[[[  5b5b5b5b5b5b5b5b5b5b5b5b5b5b5b5b
       199  ................  fdfdfdfdfdfdfdfdfdfdfdfdfdfdfdfd
       159  ::::::::::::::::  3a3a3a3a3a3a3a3a3a3a3a3a3a3a3a3a
       155  >>>>>>>>>>>>>>>>  3e3e3e3e3e3e3e3e3e3e3e3e3e3e3e3e
       134  eeeeeeeeeeeeeeee  65656565656565656565656565656565
       122  UUUUUUUUUUUUUUUU  55555555555555555555555555555555
       118  <<<<<<<<<<<<<<<<  3c3c3c3c3c3c3c3c3c3c3c3c3c3c3c3c
# epoch 17460  H=7.5139 C=7.1510 HO=0.3628  A(t)=1981
       294  ,,,,,,,,,,,,,,,,  2c2c2c2c2c2c2c2c2c2c2c2c2c2c2c2c
       274  ================  3d3d3d3d3d3d3d3d3d3d3d3d3d3d3d3d
       237  >>>>>>>>>>>>>>>>  3e3e3e3e3e3e3e3e3e3e3e3e3e3e3e3e
       229  ................  fdfdfdfdfdfdfdfdfdfdfdfdfdfdfdfd
       220  ;;;;;;;;;;;;;;;;  3b3b3b3b3b3b3b3b3b3b3b3b3b3b3b3b
       194  ::::::::::::::::  3a3a3a3a3a3a3a3a3a3a3a3a3a3a3a3a
       173  <<<<<<<<<<<<<<<<  3c3c3c3c3c3c3c3c3c3c3c3c3c3c3c3c
       166  [[[[[[[[[[[[[[[[  5b5b5b5b5b5b5b5b5b5b5b5b5b5b5b5b
       133  eeeeeeeeeeeeeeee  65656565656565656565656565656565
       111  ZZZZZZZZZZZZZZZZ  5a5a5a5a5a5a5a5a5a5a5a5a5a5a5a5a
# epoch 17480  H=7.5119 C=7.1548 HO=0.3571  A(t)=1984
       312  [[[[[[[[[[[[[[[[  5b5b5b5b5b5b5b5b5b5b5b5b5b5b5b5b
       265  ================  3d3d3d3d3d3d3d3d3d3d3d3d3d3d3d3d
       254  >>>>>>>>>>>>>>>>  3e3e3e3e3e3e3e3e3e3e3e3e3e3e3e3e
       244  ,,,,,,,,,,,,,,,,  2c2c2c2c2c2c2c2c2c2c2c2c2c2c2c2c
       236  ;;;;;;;;;;;;;;;;  3b3b3b3b3b3b3b3b3b3b3b3b3b3b3b3b
       201  ................  fdfdfdfdfdfdfdfdfdfdfdfdfdfdfdfd
       198  <<<<<<<<<<<<<<<<  3c3c3c3c3c3c3c3c3c3c3c3c3c3c3c3c
       173  ::::::::::::::::  3a3a3a3a3a3a3a3a3a3a3a3a3a3a3a3a
       108  eeeeeeeeeeeeeeee  65656565656565656565656565656565
       104  }}}}}}}}}}}}}}}}  7d7d7d7d7d7d7d7d7d7d7d7d7d7d7d7d
# epoch 17500  H=7.5144 C=7.1533 HO=0.3611  A(t)=1985
       318  [[[[[[[[[[[[[[[[  5b5b5b5b5b5b5b5b5b5b5b5b5b5b5b5b
       300  ,,,,,,,,,,,,,,,,  2c2c2c2c2c2c2c2c2c2c2c2c2c2c2c2c
       267  ;;;;;;;;;;;;;;;;  3b3b3b3b3b3b3b3b3b3b3b3b3b3b3b3b
       242  ================  3d3d3d3d3d3d3d3d3d3d3d3d3d3d3d3d
       186  >>>>>>>>>>>>>>>>  3e3e3e3e3e3e3e3e3e3e3e3e3e3e3e3e
       180  ................  fdfdfdfdfdfdfdfdfdfdfdfdfdfdfdfd
       174  ::::::::::::::::  3a3a3a3a3a3a3a3a3a3a3a3a3a3a3a3a
       165  <<<<<<<<<<<<<<<<  3c3c3c3c3c3c3c3c3c3c3c3c3c3c3c3c
       137  ................  98989898989898989898989898989898
       120  7777777777777777  37373737373737373737373737373737
# epoch 17520  H=7.5181 C=7.1596 HO=0.3585  A(t)=1985
       339  [[[[[[[[[[[[[[[[  5b5b5b5b5b5b5b5b5b5b5b5b5b5b5b5b
       258  ,,,,,,,,,,,,,,,,  2c2c2c2c2c2c2c2c2c2c2c2c2c2c2c2c
       217  ;;;;;;;;;;;;;;;;  3b3b3b3b3b3b3b3b3b3b3b3b3b3b3b3b
       209  ================  3d3d3d3d3d3d3d3d3d3d3d3d3d3d3d3d
       172  >>>>>>>>>>>>>>>>  3e3e3e3e3e3e3e3e3e3e3e3e3e3e3e3e
       170  ::::::::::::::::  3a3a3a3a3a3a3a3a3a3a3a3a3a3a3a3a
       165  ................  fdfdfdfdfdfdfdfdfdfdfdfdfdfdfdfd
       145  <<<<<<<<<<<<<<<<  3c3c3c3c3c3c3c3c3c3c3c3c3c3c3c3c
       129  ................  98989898989898989898989898989898
       122  ................  e5e5e5e5e5e5e5e5e5e5e5e5e5e5e5e5
# epoch 17540  H=7.5173 C=7.1555 HO=0.3618  A(t)=1988
       290  [[[[[[[[[[[[[[[[  5b5b5b5b5b5b5b5b5b5b5b5b5b5b5b5b
       256  ================  3d3d3d3d3d3d3d3d3d3d3d3d3d3d3d3d
       221  ,,,,,,,,,,,,,,,,  2c2c2c2c2c2c2c2c2c2c2c2c2c2c2c2c
       204  ;;;;;;;;;;;;;;;;  3b3b3b3b3b3b3b3b3b3b3b3b3b3b3b3b
       186  ::::::::::::::::  3a3a3a3a3a3a3a3a3a3a3a3a3a3a3a3a
       152  <<<<<<<<<<<<<<<<  3c3c3c3c3c3c3c3c3c3c3c3c3c3c3c3c
       140  ................  fdfdfdfdfdfdfdfdfdfdfdfdfdfdfdfd
       127  ................  dededededededededededededededede
       123  7777777777777777  37373737373737373737373737373737
       121  9999999999999999  39393939393939393939393939393939
# epoch 17560  H=7.5170 C=7.1554 HO=0.3616  A(t)=1992
       248  ================  3d3d3d3d3d3d3d3d3d3d3d3d3d3d3d3d
       243  [[[[[[[[[[[[[[[[  5b5b5b5b5b5b5b5b5b5b5b5b5b5b5b5b
       241  ,,,,,,,,,,,,,,,,  2c2c2c2c2c2c2c2c2c2c2c2c2c2c2c2c
       235  <<<<<<<<<<<<<<<<  3c3c3c3c3c3c3c3c3c3c3c3c3c3c3c3c
       184  ::::::::::::::::  3a3a3a3a3a3a3a3a3a3a3a3a3a3a3a3a
       165  ;;;;;;;;;;;;;;;;  3b3b3b3b3b3b3b3b3b3b3b3b3b3b3b3b
       125  zzzzzzzzzzzzzzzz  7a7a7a7a7a7a7a7a7a7a7a7a7a7a7a7a
       124  2222222222222222  32323232323232323232323232323232
       120  ................  dededededededededededededededede
       110  7777777777777777  37373737373737373737373737373737
# epoch 17580  H=7.5162 C=7.1531 HO=0.3631  A(t)=1992
       295  <<<<<<<<<<<<<<<<  3c3c3c3c3c3c3c3c3c3c3c3c3c3c3c3c
       233  ,,,,,,,,,,,,,,,,  2c2c2c2c2c2c2c2c2c2c2c2c2c2c2c2c
       219  ================  3d3d3d3d3d3d3d3d3d3d3d3d3d3d3d3d
       212  [[[[[[[[[[[[[[[[  5b5b5b5b5b5b5b5b5b5b5b5b5b5b5b5b
       204  ;;;;;;;;;;;;;;;;  3b3b3b3b3b3b3b3b3b3b3b3b3b3b3b3b
       151  ::::::::::::::::  3a3a3a3a3a3a3a3a3a3a3a3a3a3a3a3a
       139  ................  2e2e2e2e2e2e2e2e2e2e2e2e2e2e2e2e
       137  >>>>>>>>>>>>>>>>  3e3e3e3e3e3e3e3e3e3e3e3e3e3e3e3e
       137  9999999999999999  39393939393939393939393939393939
       114  zzzzzzzzzzzzzzzz  7a7a7a7a7a7a7a7a7a7a7a7a7a7a7a7a
# epoch 17600  H=7.5161 C=7.1572 HO=0.3590  A(t)=1994
       288  [[[[[[[[[[[[[[[[  5b5b5b5b5b5b5b5b5b5b5b5b5b5b5b5b
       240  ,,,,,,,,,,,,,,,,  2c2c2c2c2c2c2c2c2c2c2c2c2c2c2c2c
       239  <<<<<<<<<<<<<<<<  3c3c3c3c3c3c3c3c3c3c3c3c3c3c3c3c
       211  ================  3d3d3d3d3d3d3d3d3d3d3d3d3d3d3d3d
       196  ;;;;;;;;;;;;;;;;  3b3b3b3b3b3b3b3b3b3b3b3b3b3b3b3b
       161  ::::::::::::::::  3a3a3a3a3a3a3a3a3a3a3a3a3a3a3a3a
       129  ................  2e2e2e2e2e2e2e2e2e2e2e2e2e2e2e2e
       128  9999999999999999  39393939393939393939393939393939
       113  >>>>>>>>>>>>>>>>  3e3e3e3e3e3e3e3e3e3e3e3e3e3e3e3e
       100  ................  f8f8f8f8f8f8f8f8f8f8f8f8f8f8f8f8
# epoch 17620  H=7.5142 C=7.1596 HO=0.3546  A(t)=1994
       306  [[[[[[[[[[[[[[[[  5b5b5b5b5b5b5b5b5b5b5b5b5b5b5b5b
       304  <<<<<<<<<<<<<<<<  3c3c3c3c3c3c3c3c3c3c3c3c3c3c3c3c
       231  ,,,,,,,,,,,,,,,,  2c2c2c2c2c2c2c2c2c2c2c2c2c2c2c2c
       179  ================  3d3d3d3d3d3d3d3d3d3d3d3d3d3d3d3d
       163  ;;;;;;;;;;;;;;;;  3b3b3b3b3b3b3b3b3b3b3b3b3b3b3b3b
       151  ::::::::::::::::  3a3a3a3a3a3a3a3a3a3a3a3a3a3a3a3a
       126  zzzzzzzzzzzzzzzz  7a7a7a7a7a7a7a7a7a7a7a7a7a7a7a7a
       126  >>>>>>>>>>>>>>>>  3e3e3e3e3e3e3e3e3e3e3e3e3e3e3e3e
       120  9999999999999999  39393939393939393939393939393939
       110  ................  2e2e2e2e2e2e2e2e2e2e2e2e2e2e2e2e
# epoch 17640  H=7.5136 C=7.1587 HO=0.3550  A(t)=1996
       317  [[[[[[[[[[[[[[[[  5b5b5b5b5b5b5b5b5b5b5b5b5b5b5b5b
       285  ,,,,,,,,,,,,,,,,  2c2c2c2c2c2c2c2c2c2c2c2c2c2c2c2c
       275  ================  3d3d3d3d3d3d3d3d3d3d3d3d3d3d3d3d
       251  <<<<<<<<<<<<<<<<  3c3c3c3c3c3c3c3c3c3c3c3c3c3c3c3c
       219  9999999999999999  39393939393939393939393939393939
       184  cccccccccccccccc  63636363636363636363636363636363
       160  ::::::::::::::::  3a3a3a3a3a3a3a3a3a3a3a3a3a3a3a3a
       153  ;;;;;;;;;;;;;;;;  3b3b3b3b3b3b3b3b3b3b3b3b3b3b3b3b
       116  zzzzzzzzzzzzzzzz  7a7a7a7a7a7a7a7a7a7a7a7a7a7a7a7a
       114  >>>>>>>>>>>>>>>>  3e3e3e3e3e3e3e3e3e3e3e3e3e3e3e3e
# epoch 17660  H=7.5147 C=7.1607 HO=0.3541  A(t)=2001
       278  6666666666666666  36363636363636363636363636363636
       268  <<<<<<<<<<<<<<<<  3c3c3c3c3c3c3c3c3c3c3c3c3c3c3c3c
       244  [[[[[[[[[[[[[[[[  5b5b5b5b5b5b5b5b5b5b5b5b5b5b5b5b
       243  ,,,,,,,,,,,,,,,,  2c2c2c2c2c2c2c2c2c2c2c2c2c2c2c2c
       237  ================  3d3d3d3d3d3d3d3d3d3d3d3d3d3d3d3d
       182  9999999999999999  39393939393939393939393939393939
       164  ;;;;;;;;;;;;;;;;  3b3b3b3b3b3b3b3b3b3b3b3b3b3b3b3b
       157  >>>>>>>>>>>>>>>>  3e3e3e3e3e3e3e3e3e3e3e3e3e3e3e3e
       156  cccccccccccccccc  63636363636363636363636363636363
       148  ::::::::::::::::  3a3a3a3a3a3a3a3a3a3a3a3a3a3a3a3a
# epoch 17680  H=7.5159 C=7.1592 HO=0.3567  A(t)=2004
       262  6666666666666666  36363636363636363636363636363636
       221  [[[[[[[[[[[[[[[[  5b5b5b5b5b5b5b5b5b5b5b5b5b5b5b5b
       215  <<<<<<<<<<<<<<<<  3c3c3c3c3c3c3c3c3c3c3c3c3c3c3c3c
       213  ================  3d3d3d3d3d3d3d3d3d3d3d3d3d3d3d3d
       212  ,,,,,,,,,,,,,,,,  2c2c2c2c2c2c2c2c2c2c2c2c2c2c2c2c
       173  9999999999999999  39393939393939393939393939393939
       170  >>>>>>>>>>>>>>>>  3e3e3e3e3e3e3e3e3e3e3e3e3e3e3e3e
       164  ;;;;;;;;;;;;;;;;  3b3b3b3b3b3b3b3b3b3b3b3b3b3b3b3b
       156  cccccccccccccccc  63636363636363636363636363636363
       139  ffffffffffffffff  66666666666666666666666666666666
# epoch 17700  H=7.5142 C=7.1591 HO=0.3551  A(t)=2004
       249  9999999999999999  39393939393939393939393939393939
       233  ::::::::::::::::  3a3a3a3a3a3a3a3a3a3a3a3a3a3a3a3a
       215  6666666666666666  36363636363636363636363636363636
       204  [[[[[[[[[[[[[[[[  5b5b5b5b5b5b5b5b5b5b5b5b5b5b5b5b
       204  ================  3d3d3d3d3d3d3d3d3d3d3d3d3d3d3d3d
       185  ;;;;;;;;;;;;;;;;  3b3b3b3b3b3b3b3b3b3b3b3b3b3b3b3b
       180  ffffffffffffffff  66666666666666666666666666666666
       170  ,,,,,,,,,,,,,,,,  2c2c2c2c2c2c2c2c2c2c2c2c2c2c2c2c
       144  <<<<<<<<<<<<<<<<  3c3c3c3c3c3c3c3c3c3c3c3c3c3c3c3c
       142  cccccccccccccccc  63636363636363636363636363636363
# epoch 17720  H=7.5126 C=7.1574 HO=0.3552  A(t)=2004
       315  ================  3d3d3d3d3d3d3d3d3d3d3d3d3d3d3d3d
       225  9999999999999999  39393939393939393939393939393939
       205  ;;;;;;;;;;;;;;;;  3b3b3b3b3b3b3b3b3b3b3b3b3b3b3b3b
       203  <<<<<<<<<<<<<<<<  3c3c3c3c3c3c3c3c3c3c3c3c3c3c3c3c
       195  [[[[[[[[[[[[[[[[  5b5b5b5b5b5b5b5b5b5b5b5b5b5b5b5b
       174  6666666666666666  36363636363636363636363636363636
       166  ,,,,,,,,,,,,,,,,  2c2c2c2c2c2c2c2c2c2c2c2c2c2c2c2c
       157  ::::::::::::::::  3a3a3a3a3a3a3a3a3a3a3a3a3a3a3a3a
       148  ffffffffffffffff  66666666666666666666666666666666
       108  >>>>>>>>>>>>>>>>  3e3e3e3e3e3e3e3e3e3e3e3e3e3e3e3e
# epoch 17740  H=7.5087 C=7.1573 HO=0.3515  A(t)=2004
       332  ================  3d3d3d3d3d3d3d3d3d3d3d3d3d3d3d3d
       250  <<<<<<<<<<<<<<<<  3c3c3c3c3c3c3c3c3c3c3c3c3c3c3c3c
       215  [[[[[[[[[[[[[[[[  5b5b5b5b5b5b5b5b5b5b5b5b5b5b5b5b
       208  9999999999999999  39393939393939393939393939393939
       187  ;;;;;;;;;;;;;;;;  3b3b3b3b3b3b3b3b3b3b3b3b3b3b3b3b
       181  ,,,,,,,,,,,,,,,,  2c2c2c2c2c2c2c2c2c2c2c2c2c2c2c2c
       155  6666666666666666  36363636363636363636363636363636
       145  ::::::::::::::::  3a3a3a3a3a3a3a3a3a3a3a3a3a3a3a3a
       141  ffffffffffffffff  66666666666666666666666666666666
        92  >>>>>>>>>>>>>>>>  3e3e3e3e3e3e3e3e3e3e3e3e3e3e3e3e
# epoch 17760  H=7.5089 C=7.1521 HO=0.3568  A(t)=2004
       454  <<<<<<<<<<<<<<<<  3c3c3c3c3c3c3c3c3c3c3c3c3c3c3c3c
       261  ================  3d3d3d3d3d3d3d3d3d3d3d3d3d3d3d3d
       245  9999999999999999  39393939393939393939393939393939
       231  [[[[[[[[[[[[[[[[  5b5b5b5b5b5b5b5b5b5b5b5b5b5b5b5b
       171  ;;;;;;;;;;;;;;;;  3b3b3b3b3b3b3b3b3b3b3b3b3b3b3b3b
       153  6666666666666666  36363636363636363636363636363636
       152  ::::::::::::::::  3a3a3a3a3a3a3a3a3a3a3a3a3a3a3a3a
       140  ,,,,,,,,,,,,,,,,  2c2c2c2c2c2c2c2c2c2c2c2c2c2c2c2c
       121  ffffffffffffffff  66666666666666666666666666666666
       102  >>>>>>>>>>>>>>>>  3e3e3e3e3e3e3e3e3e3e3e3e3e3e3e3e
# epoch 17780  H=7.5081 C=7.1578 HO=0.3503  A(t)=2010
       360  <<<<<<<<<<<<<<<<  3c3c3c3c3c3c3c3c3c3c3c3c3c3c3c3c
       335  [[[[[[[[[[[[[[[[  5b5b5b5b5b5b5b5b5b5b5b5b5b5b5b5b
       239  ================  3d3d3d3d3d3d3d3d3d3d3d3d3d3d3d3d
       195  ,,,,,,,,,,,,,,,,  2c2c2c2c2c2c2c2c2c2c2c2c2c2c2c2c
       167  9999999999999999  39393939393939393939393939393939
       139  6666666666666666  36363636363636363636363636363636
       137  ::::::::::::::::  3a3a3a3a3a3a3a3a3a3a3a3a3a3a3a3a
       136  ;;;;;;;;;;;;;;;;  3b3b3b3b3b3b3b3b3b3b3b3b3b3b3b3b
       111  ))))))))))))))))  29292929292929292929292929292929
       108  5555555555555555  35353535353535353535353535353535
# epoch 17800  H=7.5069 C=7.1573 HO=0.3496  A(t)=2014
       328  [[[[[[[[[[[[[[[[  5b5b5b5b5b5b5b5b5b5b5b5b5b5b5b5b
       325  <<<<<<<<<<<<<<<<  3c3c3c3c3c3c3c3c3c3c3c3c3c3c3c3c
       241  ,,,,,,,,,,,,,,,,  2c2c2c2c2c2c2c2c2c2c2c2c2c2c2c2c
       206  ================  3d3d3d3d3d3d3d3d3d3d3d3d3d3d3d3d
       163  9999999999999999  39393939393939393939393939393939
       157  6666666666666666  36363636363636363636363636363636
       133  5555555555555555  35353535353535353535353535353535
       132  ::::::::::::::::  3a3a3a3a3a3a3a3a3a3a3a3a3a3a3a3a
       124  ;;;;;;;;;;;;;;;;  3b3b3b3b3b3b3b3b3b3b3b3b3b3b3b3b
       103  ffffffffffffffff  66666666666666666666666666666666
# epoch 17820  H=7.5024 C=7.1537 HO=0.3487  A(t)=2014
       338  [[[[[[[[[[[[[[[[  5b5b5b5b5b5b5b5b5b5b5b5b5b5b5b5b
       330  <<<<<<<<<<<<<<<<  3c3c3c3c3c3c3c3c3c3c3c3c3c3c3c3c
       279  ,,,,,,,,,,,,,,,,  2c2c2c2c2c2c2c2c2c2c2c2c2c2c2c2c
       215  ================  3d3d3d3d3d3d3d3d3d3d3d3d3d3d3d3d
       155  9999999999999999  39393939393939393939393939393939
       144  >>>>>>>>>>>>>>>>  3e3e3e3e3e3e3e3e3e3e3e3e3e3e3e3e
       133  ................  2e2e2e2e2e2e2e2e2e2e2e2e2e2e2e2e
       128  6666666666666666  36363636363636363636363636363636
       123  ::::::::::::::::  3a3a3a3a3a3a3a3a3a3a3a3a3a3a3a3a
       120  5555555555555555  35353535353535353535353535353535
# epoch 17840  H=7.4998 C=7.1534 HO=0.3465  A(t)=2016
       302  <<<<<<<<<<<<<<<<  3c3c3c3c3c3c3c3c3c3c3c3c3c3c3c3c
       274  [[[[[[[[[[[[[[[[  5b5b5b5b5b5b5b5b5b5b5b5b5b5b5b5b
       249  ,,,,,,,,,,,,,,,,  2c2c2c2c2c2c2c2c2c2c2c2c2c2c2c2c
       230  ================  3d3d3d3d3d3d3d3d3d3d3d3d3d3d3d3d
       176  ****************  2a2a2a2a2a2a2a2a2a2a2a2a2a2a2a2a
       153  6666666666666666  36363636363636363636363636363636
       149  9999999999999999  39393939393939393939393939393939
       143  ZZZZZZZZZZZZZZZZ  5a5a5a5a5a5a5a5a5a5a5a5a5a5a5a5a
       130  ................  2e2e2e2e2e2e2e2e2e2e2e2e2e2e2e2e
       116  ;;;;;;;;;;;;;;;;  3b3b3b3b3b3b3b3b3b3b3b3b3b3b3b3b
# epoch 17860  H=7.4994 C=7.1466 HO=0.3527  A(t)=2023
       497  ,,,,,,,,,,,,,,,,  2c2c2c2c2c2c2c2c2c2c2c2c2c2c2c2c
       477  <<<<<<<<<<<<<<<<  3c3c3c3c3c3c3c3c3c3c3c3c3c3c3c3c
       297  [[[[[[[[[[[[[[[[  5b5b5b5b5b5b5b5b5b5b5b5b5b5b5b5b
       223  ================  3d3d3d3d3d3d3d3d3d3d3d3d3d3d3d3d
       155  ::::::::::::::::  3a3a3a3a3a3a3a3a3a3a3a3a3a3a3a3a
       153  >>>>>>>>>>>>>>>>  3e3e3e3e3e3e3e3e3e3e3e3e3e3e3e3e
       149  ****************  2a2a2a2a2a2a2a2a2a2a2a2a2a2a2a2a
       135  ZZZZZZZZZZZZZZZZ  5a5a5a5a5a5a5a5a5a5a5a5a5a5a5a5a
       127  6666666666666666  36363636363636363636363636363636
       127  ................  2e2e2e2e2e2e2e2e2e2e2e2e2e2e2e2e
# epoch 17880  H=7.5004 C=7.1501 HO=0.3503  A(t)=2023
       444  ,,,,,,,,,,,,,,,,  2c2c2c2c2c2c2c2c2c2c2c2c2c2c2c2c
       386  <<<<<<<<<<<<<<<<  3c3c3c3c3c3c3c3c3c3c3c3c3c3c3c3c
       317  [[[[[[[[[[[[[[[[  5b5b5b5b5b5b5b5b5b5b5b5b5b5b5b5b
       223  ================  3d3d3d3d3d3d3d3d3d3d3d3d3d3d3d3d
       170  ::::::::::::::::  3a3a3a3a3a3a3a3a3a3a3a3a3a3a3a3a
       139  9999999999999999  39393939393939393939393939393939
       135  ;;;;;;;;;;;;;;;;  3b3b3b3b3b3b3b3b3b3b3b3b3b3b3b3b
       126  ZZZZZZZZZZZZZZZZ  5a5a5a5a5a5a5a5a5a5a5a5a5a5a5a5a
       125  ................  2e2e2e2e2e2e2e2e2e2e2e2e2e2e2e2e
       115  >>>>>>>>>>>>>>>>  3e3e3e3e3e3e3e3e3e3e3e3e3e3e3e3e
# epoch 17900  H=7.5024 C=7.1475 HO=0.3549  A(t)=2025
       430  ,,,,,,,,,,,,,,,,  2c2c2c2c2c2c2c2c2c2c2c2c2c2c2c2c
       363  <<<<<<<<<<<<<<<<  3c3c3c3c3c3c3c3c3c3c3c3c3c3c3c3c
       310  [[[[[[[[[[[[[[[[  5b5b5b5b5b5b5b5b5b5b5b5b5b5b5b5b
       248  ================  3d3d3d3d3d3d3d3d3d3d3d3d3d3d3d3d
       221  ................  2e2e2e2e2e2e2e2e2e2e2e2e2e2e2e2e
       199  ::::::::::::::::  3a3a3a3a3a3a3a3a3a3a3a3a3a3a3a3a
       128  ;;;;;;;;;;;;;;;;  3b3b3b3b3b3b3b3b3b3b3b3b3b3b3b3b
       126  ZZZZZZZZZZZZZZZZ  5a5a5a5a5a5a5a5a5a5a5a5a5a5a5a5a
       122  8888888888888888  38383838383838383838383838383838
       117  ................  e3e3e3e3e3e3e3e3e3e3e3e3e3e3e3e3
# epoch 17920  H=7.5012 C=7.1445 HO=0.3567  A(t)=2030
       399  <<<<<<<<<<<<<<<<  3c3c3c3c3c3c3c3c3c3c3c3c3c3c3c3c
       354  ,,,,,,,,,,,,,,,,  2c2c2c2c2c2c2c2c2c2c2c2c2c2c2c2c
       270  [[[[[[[[[[[[[[[[  5b5b5b5b5b5b5b5b5b5b5b5b5b5b5b5b
       236  ................  2e2e2e2e2e2e2e2e2e2e2e2e2e2e2e2e
       211  >>>>>>>>>>>>>>>>  3e3e3e3e3e3e3e3e3e3e3e3e3e3e3e3e
       180  ::::::::::::::::  3a3a3a3a3a3a3a3a3a3a3a3a3a3a3a3a
       177  ================  3d3d3d3d3d3d3d3d3d3d3d3d3d3d3d3d
       140  ;;;;;;;;;;;;;;;;  3b3b3b3b3b3b3b3b3b3b3b3b3b3b3b3b
       126  5555555555555555  35353535353535353535353535353535
       107  ................  e3e3e3e3e3e3e3e3e3e3e3e3e3e3e3e3
# epoch 17940  H=7.5012 C=7.1379 HO=0.3632  A(t)=2030
       428  <<<<<<<<<<<<<<<<  3c3c3c3c3c3c3c3c3c3c3c3c3c3c3c3c
       328  ================  3d3d3d3d3d3d3d3d3d3d3d3d3d3d3d3d
       320  ,,,,,,,,,,,,,,,,  2c2c2c2c2c2c2c2c2c2c2c2c2c2c2c2c
       235  [[[[[[[[[[[[[[[[  5b5b5b5b5b5b5b5b5b5b5b5b5b5b5b5b
       211  >>>>>>>>>>>>>>>>  3e3e3e3e3e3e3e3e3e3e3e3e3e3e3e3e
       206  ................  2e2e2e2e2e2e2e2e2e2e2e2e2e2e2e2e
       179  ::::::::::::::::  3a3a3a3a3a3a3a3a3a3a3a3a3a3a3a3a
       138  ;;;;;;;;;;;;;;;;  3b3b3b3b3b3b3b3b3b3b3b3b3b3b3b3b
       117  ????????????????  3f3f3f3f3f3f3f3f3f3f3f3f3f3f3f3f
       112  DDDDDDDDDDDDDDDD  44444444444444444444444444444444
# epoch 17960  H=7.4990 C=7.1398 HO=0.3592  A(t)=2030
       402  ================  3d3d3d3d3d3d3d3d3d3d3d3d3d3d3d3d
       400  <<<<<<<<<<<<<<<<  3c3c3c3c3c3c3c3c3c3c3c3c3c3c3c3c
       264  ,,,,,,,,,,,,,,,,  2c2c2c2c2c2c2c2c2c2c2c2c2c2c2c2c
       255  ::::::::::::::::  3a3a3a3a3a3a3a3a3a3a3a3a3a3a3a3a
       168  ................  2e2e2e2e2e2e2e2e2e2e2e2e2e2e2e2e
       161  [[[[[[[[[[[[[[[[  5b5b5b5b5b5b5b5b5b5b5b5b5b5b5b5b
       132  >>>>>>>>>>>>>>>>  3e3e3e3e3e3e3e3e3e3e3e3e3e3e3e3e
       128  9999999999999999  39393939393939393939393939393939
       123  ................  0c0c0c0c0c0c0c0c0c0c0c0c0c0c0c0c
       112  5555555555555555  35353535353535353535353535353535
# epoch 17980  H=7.5012 C=7.1432 HO=0.3580  A(t)=2030
       329  ================  3d3d3d3d3d3d3d3d3d3d3d3d3d3d3d3d
       292  <<<<<<<<<<<<<<<<  3c3c3c3c3c3c3c3c3c3c3c3c3c3c3c3c
       209  ,,,,,,,,,,,,,,,,  2c2c2c2c2c2c2c2c2c2c2c2c2c2c2c2c
       203  ::::::::::::::::  3a3a3a3a3a3a3a3a3a3a3a3a3a3a3a3a
       199  [[[[[[[[[[[[[[[[  5b5b5b5b5b5b5b5b5b5b5b5b5b5b5b5b
       141  ;;;;;;;;;;;;;;;;  3b3b3b3b3b3b3b3b3b3b3b3b3b3b3b3b
       140  ................  2e2e2e2e2e2e2e2e2e2e2e2e2e2e2e2e
       130  >>>>>>>>>>>>>>>>  3e3e3e3e3e3e3e3e3e3e3e3e3e3e3e3e
       124  8888888888888888  38383838383838383838383838383838
       101  9999999999999999  39393939393939393939393939393939
# epoch 18000  H=7.4989 C=7.1445 HO=0.3543  A(t)=2031
       372  <<<<<<<<<<<<<<<<  3c3c3c3c3c3c3c3c3c3c3c3c3c3c3c3c
       312  ================  3d3d3d3d3d3d3d3d3d3d3d3d3d3d3d3d
       187  [[[[[[[[[[[[[[[[  5b5b5b5b5b5b5b5b5b5b5b5b5b5b5b5b
       178  ::::::::::::::::  3a3a3a3a3a3a3a3a3a3a3a3a3a3a3a3a
       151  ,,,,,,,,,,,,,,,,  2c2c2c2c2c2c2c2c2c2c2c2c2c2c2c2c
       149  8888888888888888  38383838383838383838383838383838
       136  ;;;;;;;;;;;;;;;;  3b3b3b3b3b3b3b3b3b3b3b3b3b3b3b3b
       122  ................  2e2e2e2e2e2e2e2e2e2e2e2e2e2e2e2e
       108  GGGGGGGGGGGGGGGG  47474747474747474747474747474747
       107  ????????????????  3f3f3f3f3f3f3f3f3f3f3f3f3f3f3f3f
# epoch 18020  H=7.4981 C=7.1442 HO=0.3539  A(t)=2035
       522  <<<<<<<<<<<<<<<<  3c3c3c3c3c3c3c3c3c3c3c3c3c3c3c3c
       292  ================  3d3d3d3d3d3d3d3d3d3d3d3d3d3d3d3d
       169  ::::::::::::::::  3a3a3a3a3a3a3a3a3a3a3a3a3a3a3a3a
       168  ,,,,,,,,,,,,,,,,  2c2c2c2c2c2c2c2c2c2c2c2c2c2c2c2c
       158  [[[[[[[[[[[[[[[[  5b5b5b5b5b5b5b5b5b5b5b5b5b5b5b5b
       130  8888888888888888  38383838383838383838383838383838
       130  6666666666666666  36363636363636363636363636363636
       128  ;;;;;;;;;;;;;;;;  3b3b3b3b3b3b3b3b3b3b3b3b3b3b3b3b
       121  ................  2e2e2e2e2e2e2e2e2e2e2e2e2e2e2e2e
       104  5555555555555555  35353535353535353535353535353535
# epoch 18040  H=7.4986 C=7.1481 HO=0.3505  A(t)=2035
       431  <<<<<<<<<<<<<<<<  3c3c3c3c3c3c3c3c3c3c3c3c3c3c3c3c
       258  ================  3d3d3d3d3d3d3d3d3d3d3d3d3d3d3d3d
       211  ::::::::::::::::  3a3a3a3a3a3a3a3a3a3a3a3a3a3a3a3a
       185  8888888888888888  38383838383838383838383838383838
       166  9999999999999999  39393939393939393939393939393939
       158  [[[[[[[[[[[[[[[[  5b5b5b5b5b5b5b5b5b5b5b5b5b5b5b5b
       157  ;;;;;;;;;;;;;;;;  3b3b3b3b3b3b3b3b3b3b3b3b3b3b3b3b
       153  ,,,,,,,,,,,,,,,,  2c2c2c2c2c2c2c2c2c2c2c2c2c2c2c2c
       119  ................  02020202020202020202020202020202
       117  5555555555555555  35353535353535353535353535353535
# epoch 18060  H=7.5019 C=7.1535 HO=0.3484  A(t)=2041
       442  <<<<<<<<<<<<<<<<  3c3c3c3c3c3c3c3c3c3c3c3c3c3c3c3c
       230  ================  3d3d3d3d3d3d3d3d3d3d3d3d3d3d3d3d
       186  [[[[[[[[[[[[[[[[  5b5b5b5b5b5b5b5b5b5b5b5b5b5b5b5b
       179  8888888888888888  38383838383838383838383838383838
       169  ::::::::::::::::  3a3a3a3a3a3a3a3a3a3a3a3a3a3a3a3a
       148  9999999999999999  39393939393939393939393939393939
       135  ................  02020202020202020202020202020202
       128  ,,,,,,,,,,,,,,,,  2c2c2c2c2c2c2c2c2c2c2c2c2c2c2c2c
       126  ;;;;;;;;;;;;;;;;  3b3b3b3b3b3b3b3b3b3b3b3b3b3b3b3b
       112  5555555555555555  35353535353535353535353535353535
# epoch 18080  H=7.5041 C=7.1559 HO=0.3482  A(t)=2041
       373  <<<<<<<<<<<<<<<<  3c3c3c3c3c3c3c3c3c3c3c3c3c3c3c3c
       213  ================  3d3d3d3d3d3d3d3d3d3d3d3d3d3d3d3d
       210  8888888888888888  38383838383838383838383838383838
       187  ,,,,,,,,,,,,,,,,  2c2c2c2c2c2c2c2c2c2c2c2c2c2c2c2c
       153  [[[[[[[[[[[[[[[[  5b5b5b5b5b5b5b5b5b5b5b5b5b5b5b5b
       153  ;;;;;;;;;;;;;;;;  3b3b3b3b3b3b3b3b3b3b3b3b3b3b3b3b
       148  ::::::::::::::::  3a3a3a3a3a3a3a3a3a3a3a3a3a3a3a3a
       132  5555555555555555  35353535353535353535353535353535
       127  ................  02020202020202020202020202020202
       123  >>>>>>>>>>>>>>>>  3e3e3e3e3e3e3e3e3e3e3e3e3e3e3e3e
# epoch 18100  H=7.5018 C=7.1538 HO=0.3481  A(t)=2045
       409  <<<<<<<<<<<<<<<<  3c3c3c3c3c3c3c3c3c3c3c3c3c3c3c3c
       213  ================  3d3d3d3d3d3d3d3d3d3d3d3d3d3d3d3d
       211  ,,,,,,,,,,,,,,,,  2c2c2c2c2c2c2c2c2c2c2c2c2c2c2c2c
       190  ::::::::::::::::  3a3a3a3a3a3a3a3a3a3a3a3a3a3a3a3a
       184  ;;;;;;;;;;;;;;;;  3b3b3b3b3b3b3b3b3b3b3b3b3b3b3b3b
       183  8888888888888888  38383838383838383838383838383838
       145  [[[[[[[[[[[[[[[[  5b5b5b5b5b5b5b5b5b5b5b5b5b5b5b5b
       145  9999999999999999  39393939393939393939393939393939
       132  ................  02020202020202020202020202020202
       118  >>>>>>>>>>>>>>>>  3e3e3e3e3e3e3e3e3e3e3e3e3e3e3e3e
# epoch 18120  H=7.4997 C=7.1499 HO=0.3498  A(t)=2047
       436  <<<<<<<<<<<<<<<<  3c3c3c3c3c3c3c3c3c3c3c3c3c3c3c3c
       219  ,,,,,,,,,,,,,,,,  2c2c2c2c2c2c2c2c2c2c2c2c2c2c2c2c
       208  8888888888888888  38383838383838383838383838383838
       183  ::::::::::::::::  3a3a3a3a3a3a3a3a3a3a3a3a3a3a3a3a
       166  ================  3d3d3d3d3d3d3d3d3d3d3d3d3d3d3d3d
       137  [[[[[[[[[[[[[[[[  5b5b5b5b5b5b5b5b5b5b5b5b5b5b5b5b
       132  ................  02020202020202020202020202020202
       119  ;;;;;;;;;;;;;;;;  3b3b3b3b3b3b3b3b3b3b3b3b3b3b3b3b
       117  ................  dfdfdfdfdfdfdfdfdfdfdfdfdfdfdfdf
       116  5555555555555555  35353535353535353535353535353535
# epoch 18140  H=7.5030 C=7.1539 HO=0.3491  A(t)=2049
       412  <<<<<<<<<<<<<<<<  3c3c3c3c3c3c3c3c3c3c3c3c3c3c3c3c
       217  ,,,,,,,,,,,,,,,,  2c2c2c2c2c2c2c2c2c2c2c2c2c2c2c2c
       208  ================  3d3d3d3d3d3d3d3d3d3d3d3d3d3d3d3d
       204  8888888888888888  38383838383838383838383838383838
       186  ;;;;;;;;;;;;;;;;  3b3b3b3b3b3b3b3b3b3b3b3b3b3b3b3b
       157  ::::::::::::::::  3a3a3a3a3a3a3a3a3a3a3a3a3a3a3a3a
       127  [[[[[[[[[[[[[[[[  5b5b5b5b5b5b5b5b5b5b5b5b5b5b5b5b
       108  ................  dfdfdfdfdfdfdfdfdfdfdfdfdfdfdfdf
       108  9999999999999999  39393939393939393939393939393939
       108  ................  02020202020202020202020202020202
# epoch 18160  H=7.5013 C=7.1514 HO=0.3499  A(t)=2049
       439  <<<<<<<<<<<<<<<<  3c3c3c3c3c3c3c3c3c3c3c3c3c3c3c3c
       232  ,,,,,,,,,,,,,,,,  2c2c2c2c2c2c2c2c2c2c2c2c2c2c2c2c
       218  8888888888888888  38383838383838383838383838383838
       207  ================  3d3d3d3d3d3d3d3d3d3d3d3d3d3d3d3d
       193  ;;;;;;;;;;;;;;;;  3b3b3b3b3b3b3b3b3b3b3b3b3b3b3b3b
       148  ::::::::::::::::  3a3a3a3a3a3a3a3a3a3a3a3a3a3a3a3a
       131  ????????????????  3f3f3f3f3f3f3f3f3f3f3f3f3f3f3f3f
       126  9999999999999999  39393939393939393939393939393939
       107  [[[[[[[[[[[[[[[[  5b5b5b5b5b5b5b5b5b5b5b5b5b5b5b5b
        97  ................  dfdfdfdfdfdfdfdfdfdfdfdfdfdfdfdf
# epoch 18180  H=7.5044 C=7.1589 HO=0.3454  A(t)=2049
       420  <<<<<<<<<<<<<<<<  3c3c3c3c3c3c3c3c3c3c3c3c3c3c3c3c
       227  ;;;;;;;;;;;;;;;;  3b3b3b3b3b3b3b3b3b3b3b3b3b3b3b3b
       224  ,,,,,,,,,,,,,,,,  2c2c2c2c2c2c2c2c2c2c2c2c2c2c2c2c
       192  ================  3d3d3d3d3d3d3d3d3d3d3d3d3d3d3d3d
       187  8888888888888888  38383838383838383838383838383838
       175  ::::::::::::::::  3a3a3a3a3a3a3a3a3a3a3a3a3a3a3a3a
       127  ????????????????  3f3f3f3f3f3f3f3f3f3f3f3f3f3f3f3f
       107  9999999999999999  39393939393939393939393939393939
        97  [[[[[[[[[[[[[[[[  5b5b5b5b5b5b5b5b5b5b5b5b5b5b5b5b
        88  ................  f0f0f0f0f0f0f0f0f0f0f0f0f0f0f0f0
# epoch 18200  H=7.5057 C=7.1660 HO=0.3396  A(t)=2049
       543  <<<<<<<<<<<<<<<<  3c3c3c3c3c3c3c3c3c3c3c3c3c3c3c3c
       207  ;;;;;;;;;;;;;;;;  3b3b3b3b3b3b3b3b3b3b3b3b3b3b3b3b
       187  8888888888888888  38383838383838383838383838383838
       186  ================  3d3d3d3d3d3d3d3d3d3d3d3d3d3d3d3d
       169  ,,,,,,,,,,,,,,,,  2c2c2c2c2c2c2c2c2c2c2c2c2c2c2c2c
       149  ::::::::::::::::  3a3a3a3a3a3a3a3a3a3a3a3a3a3a3a3a
       126  ????????????????  3f3f3f3f3f3f3f3f3f3f3f3f3f3f3f3f
       107  9999999999999999  39393939393939393939393939393939
       100  7777777777777777  37373737373737373737373737373737
        98  1111111111111111  31313131313131313131313131313131
# epoch 18220  H=7.5038 C=7.1649 HO=0.3389  A(t)=2050
       460  <<<<<<<<<<<<<<<<  3c3c3c3c3c3c3c3c3c3c3c3c3c3c3c3c
       198  ;;;;;;;;;;;;;;;;  3b3b3b3b3b3b3b3b3b3b3b3b3b3b3b3b
       187  ,,,,,,,,,,,,,,,,  2c2c2c2c2c2c2c2c2c2c2c2c2c2c2c2c
       169  ????????????????  3f3f3f3f3f3f3f3f3f3f3f3f3f3f3f3f
       162  ================  3d3d3d3d3d3d3d3d3d3d3d3d3d3d3d3d
       159  8888888888888888  38383838383838383838383838383838
       143  ::::::::::::::::  3a3a3a3a3a3a3a3a3a3a3a3a3a3a3a3a
       130  9999999999999999  39393939393939393939393939393939
       101  ................  8d8d8d8d8d8d8d8d8d8d8d8d8d8d8d8d
        91  7777777777777777  37373737373737373737373737373737
# epoch 18240  H=7.5060 C=7.1606 HO=0.3454  A(t)=2052
       541  <<<<<<<<<<<<<<<<  3c3c3c3c3c3c3c3c3c3c3c3c3c3c3c3c
       185  ::::::::::::::::  3a3a3a3a3a3a3a3a3a3a3a3a3a3a3a3a
       169  ;;;;;;;;;;;;;;;;  3b3b3b3b3b3b3b3b3b3b3b3b3b3b3b3b
       168  ================  3d3d3d3d3d3d3d3d3d3d3d3d3d3d3d3d
       164  ????????????????  3f3f3f3f3f3f3f3f3f3f3f3f3f3f3f3f
       164  ,,,,,,,,,,,,,,,,  2c2c2c2c2c2c2c2c2c2c2c2c2c2c2c2c
       156  9999999999999999  39393939393939393939393939393939
       131  8888888888888888  38383838383838383838383838383838
        90  ................  8d8d8d8d8d8d8d8d8d8d8d8d8d8d8d8d
        87  1111111111111111  31313131313131313131313131313131
# epoch 18260  H=7.5010 C=7.1613 HO=0.3397  A(t)=2056
       531  <<<<<<<<<<<<<<<<  3c3c3c3c3c3c3c3c3c3c3c3c3c3c3c3c
       199  ================  3d3d3d3d3d3d3d3d3d3d3d3d3d3d3d3d
       186  9999999999999999  39393939393939393939393939393939
       186  ,,,,,,,,,,,,,,,,  2c2c2c2c2c2c2c2c2c2c2c2c2c2c2c2c
       165  ::::::::::::::::  3a3a3a3a3a3a3a3a3a3a3a3a3a3a3a3a
       149  ;;;;;;;;;;;;;;;;  3b3b3b3b3b3b3b3b3b3b3b3b3b3b3b3b
       130  ????????????????  3f3f3f3f3f3f3f3f3f3f3f3f3f3f3f3f
       104  8888888888888888  38383838383838383838383838383838
        87  ................  8d8d8d8d8d8d8d8d8d8d8d8d8d8d8d8d
        84  ................  dfdfdfdfdfdfdfdfdfdfdfdfdfdfdfdf
# epoch 18280  H=7.5027 C=7.1608 HO=0.3418  A(t)=2056
       443  <<<<<<<<<<<<<<<<  3c3c3c3c3c3c3c3c3c3c3c3c3c3c3c3c
       283  ,,,,,,,,,,,,,,,,  2c2c2c2c2c2c2c2c2c2c2c2c2c2c2c2c
       185  ================  3d3d3d3d3d3d3d3d3d3d3d3d3d3d3d3d
       173  ;;;;;;;;;;;;;;;;  3b3b3b3b3b3b3b3b3b3b3b3b3b3b3b3b
       171  9999999999999999  39393939393939393939393939393939
       140  ????????????????  3f3f3f3f3f3f3f3f3f3f3f3f3f3f3f3f
       125  ::::::::::::::::  3a3a3a3a3a3a3a3a3a3a3a3a3a3a3a3a
        90  8888888888888888  38383838383838383838383838383838
        78  ................  81818181818181818181818181818181
        76  7777777777777777  37373737373737373737373737373737
# epoch 18300  H=7.5052 C=7.1647 HO=0.3405  A(t)=2059
       404  <<<<<<<<<<<<<<<<  3c3c3c3c3c3c3c3c3c3c3c3c3c3c3c3c
       214  ,,,,,,,,,,,,,,,,  2c2c2c2c2c2c2c2c2c2c2c2c2c2c2c2c
       210  ;;;;;;;;;;;;;;;;  3b3b3b3b3b3b3b3b3b3b3b3b3b3b3b3b
       173  9999999999999999  39393939393939393939393939393939
       172  ================  3d3d3d3d3d3d3d3d3d3d3d3d3d3d3d3d
       129  ????????????????  3f3f3f3f3f3f3f3f3f3f3f3f3f3f3f3f
       123  ::::::::::::::::  3a3a3a3a3a3a3a3a3a3a3a3a3a3a3a3a
       119  1111111111111111  31313131313131313131313131313131
        97  ................  8c8c8c8c8c8c8c8c8c8c8c8c8c8c8c8c
        87  5555555555555555  35353535353535353535353535353535
# epoch 18320  H=7.5051 C=7.1692 HO=0.3359  A(t)=2067
       367  <<<<<<<<<<<<<<<<  3c3c3c3c3c3c3c3c3c3c3c3c3c3c3c3c
       206  ,,,,,,,,,,,,,,,,  2c2c2c2c2c2c2c2c2c2c2c2c2c2c2c2c
       190  ;;;;;;;;;;;;;;;;  3b3b3b3b3b3b3b3b3b3b3b3b3b3b3b3b
       157  ................  bbbbbbbbbbbbbbbbbbbbbbbbbbbbbbbb
       157  ::::::::::::::::  3a3a3a3a3a3a3a3a3a3a3a3a3a3a3a3a
       136  9999999999999999  39393939393939393939393939393939
       129  ================  3d3d3d3d3d3d3d3d3d3d3d3d3d3d3d3d
       109  ????????????????  3f3f3f3f3f3f3f3f3f3f3f3f3f3f3f3f
       104  1111111111111111  31313131313131313131313131313131
        89  ................  ffffffffffffffffffffffffffffffff
# epoch 18340  H=7.5064 C=7.1718 HO=0.3346  A(t)=2071
       318  <<<<<<<<<<<<<<<<  3c3c3c3c3c3c3c3c3c3c3c3c3c3c3c3c
       276  ,,,,,,,,,,,,,,,,  2c2c2c2c2c2c2c2c2c2c2c2c2c2c2c2c
       225  ;;;;;;;;;;;;;;;;  3b3b3b3b3b3b3b3b3b3b3b3b3b3b3b3b
       157  ::::::::::::::::  3a3a3a3a3a3a3a3a3a3a3a3a3a3a3a3a
       149  ................  bbbbbbbbbbbbbbbbbbbbbbbbbbbbbbbb
       145  ????????????????  3f3f3f3f3f3f3f3f3f3f3f3f3f3f3f3f
       139  1111111111111111  31313131313131313131313131313131
       137  ................  2e2e2e2e2e2e2e2e2e2e2e2e2e2e2e2e
       131  9999999999999999  39393939393939393939393939393939
       127  ================  3d3d3d3d3d3d3d3d3d3d3d3d3d3d3d3d
# epoch 18360  H=7.5083 C=7.1796 HO=0.3287  A(t)=2071
       361  <<<<<<<<<<<<<<<<  3c3c3c3c3c3c3c3c3c3c3c3c3c3c3c3c
       222  ,,,,,,,,,,,,,,,,  2c2c2c2c2c2c2c2c2c2c2c2c2c2c2c2c
       190  ::::::::::::::::  3a3a3a3a3a3a3a3a3a3a3a3a3a3a3a3a
       189  ;;;;;;;;;;;;;;;;  3b3b3b3b3b3b3b3b3b3b3b3b3b3b3b3b
       168  ????????????????  3f3f3f3f3f3f3f3f3f3f3f3f3f3f3f3f
       148  ................  bbbbbbbbbbbbbbbbbbbbbbbbbbbbbbbb
       127  ================  3d3d3d3d3d3d3d3d3d3d3d3d3d3d3d3d
       126  9999999999999999  39393939393939393939393939393939
       125  ................  2e2e2e2e2e2e2e2e2e2e2e2e2e2e2e2e
       117  1111111111111111  31313131313131313131313131313131
# epoch 18380  H=7.5123 C=7.1819 HO=0.3304  A(t)=2071
       366  <<<<<<<<<<<<<<<<  3c3c3c3c3c3c3c3c3c3c3c3c3c3c3c3c
       296  ,,,,,,,,,,,,,,,,  2c2c2c2c2c2c2c2c2c2c2c2c2c2c2c2c
       178  ::::::::::::::::  3a3a3a3a3a3a3a3a3a3a3a3a3a3a3a3a
       170  ;;;;;;;;;;;;;;;;  3b3b3b3b3b3b3b3b3b3b3b3b3b3b3b3b
       149  ????????????????  3f3f3f3f3f3f3f3f3f3f3f3f3f3f3f3f
       128  8888888888888888  38383838383838383838383838383838
       126  ................  bbbbbbbbbbbbbbbbbbbbbbbbbbbbbbbb
       110  >>>>>>>>>>>>>>>>  3e3e3e3e3e3e3e3e3e3e3e3e3e3e3e3e
       102  1111111111111111  31313131313131313131313131313131
       100  9999999999999999  39393939393939393939393939393939
# epoch 18400  H=7.5120 C=7.1805 HO=0.3315  A(t)=2075
       333  <<<<<<<<<<<<<<<<  3c3c3c3c3c3c3c3c3c3c3c3c3c3c3c3c
       271  ,,,,,,,,,,,,,,,,  2c2c2c2c2c2c2c2c2c2c2c2c2c2c2c2c
       163  >>>>>>>>>>>>>>>>  3e3e3e3e3e3e3e3e3e3e3e3e3e3e3e3e
       160  ;;;;;;;;;;;;;;;;  3b3b3b3b3b3b3b3b3b3b3b3b3b3b3b3b
       150  ????????????????  3f3f3f3f3f3f3f3f3f3f3f3f3f3f3f3f
       136  ::::::::::::::::  3a3a3a3a3a3a3a3a3a3a3a3a3a3a3a3a
       126  IIIIIIIIIIIIIIII  49494949494949494949494949494949
       125  ................  bbbbbbbbbbbbbbbbbbbbbbbbbbbbbbbb
       122  ................  2e2e2e2e2e2e2e2e2e2e2e2e2e2e2e2e
       120  8888888888888888  38383838383838383838383838383838
# epoch 18420  H=7.5105 C=7.1698 HO=0.3407  A(t)=2077
       406  <<<<<<<<<<<<<<<<  3c3c3c3c3c3c3c3c3c3c3c3c3c3c3c3c
       276  >>>>>>>>>>>>>>>>  3e3e3e3e3e3e3e3e3e3e3e3e3e3e3e3e
       243  ,,,,,,,,,,,,,,,,  2c2c2c2c2c2c2c2c2c2c2c2c2c2c2c2c
       144  ;;;;;;;;;;;;;;;;  3b3b3b3b3b3b3b3b3b3b3b3b3b3b3b3b
       142  ????????????????  3f3f3f3f3f3f3f3f3f3f3f3f3f3f3f3f
       125  [[[[[[[[[[[[[[[[  5b5b5b5b5b5b5b5b5b5b5b5b5b5b5b5b
       118  8888888888888888  38383838383838383838383838383838
       115  ::::::::::::::::  3a3a3a3a3a3a3a3a3a3a3a3a3a3a3a3a
       113  ................  bbbbbbbbbbbbbbbbbbbbbbbbbbbbbbbb
       112  9999999999999999  39393939393939393939393939393939
# epoch 18440  H=7.5119 C=7.1729 HO=0.3391  A(t)=2079
       303  <<<<<<<<<<<<<<<<  3c3c3c3c3c3c3c3c3c3c3c3c3c3c3c3c
       220  >>>>>>>>>>>>>>>>  3e3e3e3e3e3e3e3e3e3e3e3e3e3e3e3e
       217  [[[[[[[[[[[[[[[[  5b5b5b5b5b5b5b5b5b5b5b5b5b5b5b5b
       198  ,,,,,,,,,,,,,,,,  2c2c2c2c2c2c2c2c2c2c2c2c2c2c2c2c
       167  ================  3d3d3d3d3d3d3d3d3d3d3d3d3d3d3d3d
       161  ;;;;;;;;;;;;;;;;  3b3b3b3b3b3b3b3b3b3b3b3b3b3b3b3b
       122  ????????????????  3f3f3f3f3f3f3f3f3f3f3f3f3f3f3f3f
       116  1111111111111111  31313131313131313131313131313131
       113  ::::::::::::::::  3a3a3a3a3a3a3a3a3a3a3a3a3a3a3a3a
       112  9999999999999999  39393939393939393939393939393939
# epoch 18460  H=7.5061 C=7.1664 HO=0.3396  A(t)=2083
       340  <<<<<<<<<<<<<<<<  3c3c3c3c3c3c3c3c3c3c3c3c3c3c3c3c
       241  ,,,,,,,,,,,,,,,,  2c2c2c2c2c2c2c2c2c2c2c2c2c2c2c2c
       233  >>>>>>>>>>>>>>>>  3e3e3e3e3e3e3e3e3e3e3e3e3e3e3e3e
       184  [[[[[[[[[[[[[[[[  5b5b5b5b5b5b5b5b5b5b5b5b5b5b5b5b
       145  ????????????????  3f3f3f3f3f3f3f3f3f3f3f3f3f3f3f3f
       137  ::::::::::::::::  3a3a3a3a3a3a3a3a3a3a3a3a3a3a3a3a
       133  ;;;;;;;;;;;;;;;;  3b3b3b3b3b3b3b3b3b3b3b3b3b3b3b3b
       124  ================  3d3d3d3d3d3d3d3d3d3d3d3d3d3d3d3d
       111  9999999999999999  39393939393939393939393939393939
       111  8888888888888888  38383838383838383838383838383838
# epoch 18480  H=7.5102 C=7.1681 HO=0.3420  A(t)=2087
       408  <<<<<<<<<<<<<<<<  3c3c3c3c3c3c3c3c3c3c3c3c3c3c3c3c
       279  [[[[[[[[[[[[[[[[  5b5b5b5b5b5b5b5b5b5b5b5b5b5b5b5b
       238  >>>>>>>>>>>>>>>>  3e3e3e3e3e3e3e3e3e3e3e3e3e3e3e3e
       232  ,,,,,,,,,,,,,,,,  2c2c2c2c2c2c2c2c2c2c2c2c2c2c2c2c
       174  ;;;;;;;;;;;;;;;;  3b3b3b3b3b3b3b3b3b3b3b3b3b3b3b3b
       168  ????????????????  3f3f3f3f3f3f3f3f3f3f3f3f3f3f3f3f
       130  ::::::::::::::::  3a3a3a3a3a3a3a3a3a3a3a3a3a3a3a3a
       116  9999999999999999  39393939393939393939393939393939
       111  ================  3d3d3d3d3d3d3d3d3d3d3d3d3d3d3d3d
       104  8888888888888888  38383838383838383838383838383838
# epoch 18500  H=7.5111 C=7.1694 HO=0.3418  A(t)=2090
       362  <<<<<<<<<<<<<<<<  3c3c3c3c3c3c3c3c3c3c3c3c3c3c3c3c
       254  [[[[[[[[[[[[[[[[  5b5b5b5b5b5b5b5b5b5b5b5b5b5b5b5b
       247  ,,,,,,,,,,,,,,,,  2c2c2c2c2c2c2c2c2c2c2c2c2c2c2c2c
       217  ????????????????  3f3f3f3f3f3f3f3f3f3f3f3f3f3f3f3f
       205  ;;;;;;;;;;;;;;;;  3b3b3b3b3b3b3b3b3b3b3b3b3b3b3b3b
       180  >>>>>>>>>>>>>>>>  3e3e3e3e3e3e3e3e3e3e3e3e3e3e3e3e
       144  {{{{{{{{{{{{{{{{  7b7b7b7b7b7b7b7b7b7b7b7b7b7b7b7b
       141  ================  3d3d3d3d3d3d3d3d3d3d3d3d3d3d3d3d
       115  3333333333333333  33333333333333333333333333333333
       111  ................  e7e7e7e7e7e7e7e7e7e7e7e7e7e7e7e7
# epoch 18520  H=7.5128 C=7.1702 HO=0.3427  A(t)=2092
       285  <<<<<<<<<<<<<<<<  3c3c3c3c3c3c3c3c3c3c3c3c3c3c3c3c
       262  ;;;;;;;;;;;;;;;;  3b3b3b3b3b3b3b3b3b3b3b3b3b3b3b3b
       243  ,,,,,,,,,,,,,,,,  2c2c2c2c2c2c2c2c2c2c2c2c2c2c2c2c
       196  [[[[[[[[[[[[[[[[  5b5b5b5b5b5b5b5b5b5b5b5b5b5b5b5b
       181  ????????????????  3f3f3f3f3f3f3f3f3f3f3f3f3f3f3f3f
       169  ================  3d3d3d3d3d3d3d3d3d3d3d3d3d3d3d3d
       159  >>>>>>>>>>>>>>>>  3e3e3e3e3e3e3e3e3e3e3e3e3e3e3e3e
       156  3333333333333333  33333333333333333333333333333333
       129  1111111111111111  31313131313131313131313131313131
       112  ................  c8c8c8c8c8c8c8c8c8c8c8c8c8c8c8c8
# epoch 18540  H=7.5119 C=7.1663 HO=0.3456  A(t)=2092
       312  ,,,,,,,,,,,,,,,,  2c2c2c2c2c2c2c2c2c2c2c2c2c2c2c2c
       258  <<<<<<<<<<<<<<<<  3c3c3c3c3c3c3c3c3c3c3c3c3c3c3c3c
       252  [[[[[[[[[[[[[[[[  5b5b5b5b5b5b5b5b5b5b5b5b5b5b5b5b
       216  ;;;;;;;;;;;;;;;;  3b3b3b3b3b3b3b3b3b3b3b3b3b3b3b3b
       212  ================  3d3d3d3d3d3d3d3d3d3d3d3d3d3d3d3d
       171  >>>>>>>>>>>>>>>>  3e3e3e3e3e3e3e3e3e3e3e3e3e3e3e3e
       142  ????????????????  3f3f3f3f3f3f3f3f3f3f3f3f3f3f3f3f
       132  3333333333333333  33333333333333333333333333333333
       125  1111111111111111  31313131313131313131313131313131
       100  ................  c8c8c8c8c8c8c8c8c8c8c8c8c8c8c8c8
# epoch 18560  H=7.5125 C=7.1673 HO=0.3453  A(t)=2092
       311  <<<<<<<<<<<<<<<<  3c3c3c3c3c3c3c3c3c3c3c3c3c3c3c3c
       276  ,,,,,,,,,,,,,,,,  2c2c2c2c2c2c2c2c2c2c2c2c2c2c2c2c
       225  [[[[[[[[[[[[[[[[  5b5b5b5b5b5b5b5b5b5b5b5b5b5b5b5b
       216  ;;;;;;;;;;;;;;;;  3b3b3b3b3b3b3b3b3b3b3b3b3b3b3b3b
       201  ================  3d3d3d3d3d3d3d3d3d3d3d3d3d3d3d3d
       163  7777777777777777  37373737373737373737373737373737
       133  ????????????????  3f3f3f3f3f3f3f3f3f3f3f3f3f3f3f3f
       123  1111111111111111  31313131313131313131313131313131
       112  3333333333333333  33333333333333333333333333333333
       109  >>>>>>>>>>>>>>>>  3e3e3e3e3e3e3e3e3e3e3e3e3e3e3e3e
# epoch 18580  H=7.5115 C=7.1702 HO=0.3413  A(t)=2092
       292  <<<<<<<<<<<<<<<<  3c3c3c3c3c3c3c3c3c3c3c3c3c3c3c3c
       223  [[[[[[[[[[[[[[[[  5b5b5b5b5b5b5b5b5b5b5b5b5b5b5b5b
       201  ,,,,,,,,,,,,,,,,  2c2c2c2c2c2c2c2c2c2c2c2c2c2c2c2c
       198  ;;;;;;;;;;;;;;;;  3b3b3b3b3b3b3b3b3b3b3b3b3b3b3b3b
       178  ================  3d3d3d3d3d3d3d3d3d3d3d3d3d3d3d3d
       158  7777777777777777  37373737373737373737373737373737
       143  >>>>>>>>>>>>>>>>  3e3e3e3e3e3e3e3e3e3e3e3e3e3e3e3e
       128  ????????????????  3f3f3f3f3f3f3f3f3f3f3f3f3f3f3f3f
       126  3333333333333333  33333333333333333333333333333333
       117  1111111111111111  31313131313131313131313131313131
# epoch 18600  H=7.5092 C=7.1666 HO=0.3425  A(t)=2098
       360  <<<<<<<<<<<<<<<<  3c3c3c3c3c3c3c3c3c3c3c3c3c3c3c3c
       210  ,,,,,,,,,,,,,,,,  2c2c2c2c2c2c2c2c2c2c2c2c2c2c2c2c
       201  ================  3d3d3d3d3d3d3d3d3d3d3d3d3d3d3d3d
       186  [[[[[[[[[[[[[[[[  5b5b5b5b5b5b5b5b5b5b5b5b5b5b5b5b
       172  ;;;;;;;;;;;;;;;;  3b3b3b3b3b3b3b3b3b3b3b3b3b3b3b3b
       137  >>>>>>>>>>>>>>>>  3e3e3e3e3e3e3e3e3e3e3e3e3e3e3e3e
       125  7777777777777777  37373737373737373737373737373737
       120  ????????????????  3f3f3f3f3f3f3f3f3f3f3f3f3f3f3f3f
       103  3333333333333333  33333333333333333333333333333333
       101  IIIIIIIIIIIIIIII  49494949494949494949494949494949
# epoch 18620  H=7.5100 C=7.1720 HO=0.3380  A(t)=2100
       325  <<<<<<<<<<<<<<<<  3c3c3c3c3c3c3c3c3c3c3c3c3c3c3c3c
       250  >>>>>>>>>>>>>>>>  3e3e3e3e3e3e3e3e3e3e3e3e3e3e3e3e
       247  ================  3d3d3d3d3d3d3d3d3d3d3d3d3d3d3d3d
       212  ,,,,,,,,,,,,,,,,  2c2c2c2c2c2c2c2c2c2c2c2c2c2c2c2c
       196  ;;;;;;;;;;;;;;;;  3b3b3b3b3b3b3b3b3b3b3b3b3b3b3b3b
       163  [[[[[[[[[[[[[[[[  5b5b5b5b5b5b5b5b5b5b5b5b5b5b5b5b
       117  ::::::::::::::::  3a3a3a3a3a3a3a3a3a3a3a3a3a3a3a3a
       101  ????????????????  3f3f3f3f3f3f3f3f3f3f3f3f3f3f3f3f
        99  3333333333333333  33333333333333333333333333333333
        96  7777777777777777  37373737373737373737373737373737
# epoch 18640  H=7.5133 C=7.1724 HO=0.3409  A(t)=2102
       285  <<<<<<<<<<<<<<<<  3c3c3c3c3c3c3c3c3c3c3c3c3c3c3c3c
       270  >>>>>>>>>>>>>>>>  3e3e3e3e3e3e3e3e3e3e3e3e3e3e3e3e
       238  ================  3d3d3d3d3d3d3d3d3d3d3d3d3d3d3d3d
       223  ,,,,,,,,,,,,,,,,  2c2c2c2c2c2c2c2c2c2c2c2c2c2c2c2c
       187  [[[[[[[[[[[[[[[[  5b5b5b5b5b5b5b5b5b5b5b5b5b5b5b5b
       174  ;;;;;;;;;;;;;;;;  3b3b3b3b3b3b3b3b3b3b3b3b3b3b3b3b
       130  9999999999999999  39393939393939393939393939393939
       103  ::::::::::::::::  3a3a3a3a3a3a3a3a3a3a3a3a3a3a3a3a
        95  ................  c1c1c1c1c1c1c1c1c1c1c1c1c1c1c1c1
        90  3333333333333333  33333333333333333333333333333333
# epoch 18660  H=7.5116 C=7.1661 HO=0.3455  A(t)=2102
       322  <<<<<<<<<<<<<<<<  3c3c3c3c3c3c3c3c3c3c3c3c3c3c3c3c
       234  ================  3d3d3d3d3d3d3d3d3d3d3d3d3d3d3d3d
       216  ,,,,,,,,,,,,,,,,  2c2c2c2c2c2c2c2c2c2c2c2c2c2c2c2c
       197  >>>>>>>>>>>>>>>>  3e3e3e3e3e3e3e3e3e3e3e3e3e3e3e3e
       157  [[[[[[[[[[[[[[[[  5b5b5b5b5b5b5b5b5b5b5b5b5b5b5b5b
       157  ''''''''''''''''  27272727272727272727272727272727
       143  ;;;;;;;;;;;;;;;;  3b3b3b3b3b3b3b3b3b3b3b3b3b3b3b3b
       128  4444444444444444  34343434343434343434343434343434
       105  llllllllllllllll  6c6c6c6c6c6c6c6c6c6c6c6c6c6c6c6c
       104  9999999999999999  39393939393939393939393939393939
# epoch 18680  H=7.5132 C=7.1739 HO=0.3392  A(t)=2106
       322  <<<<<<<<<<<<<<<<  3c3c3c3c3c3c3c3c3c3c3c3c3c3c3c3c
       222  ================  3d3d3d3d3d3d3d3d3d3d3d3d3d3d3d3d
       194  ,,,,,,,,,,,,,,,,  2c2c2c2c2c2c2c2c2c2c2c2c2c2c2c2c
       192  llllllllllllllll  6c6c6c6c6c6c6c6c6c6c6c6c6c6c6c6c
       169  >>>>>>>>>>>>>>>>  3e3e3e3e3e3e3e3e3e3e3e3e3e3e3e3e
       140  [[[[[[[[[[[[[[[[  5b5b5b5b5b5b5b5b5b5b5b5b5b5b5b5b
       132  ;;;;;;;;;;;;;;;;  3b3b3b3b3b3b3b3b3b3b3b3b3b3b3b3b
       105  ''''''''''''''''  27272727272727272727272727272727
        99  4444444444444444  34343434343434343434343434343434
        95  9999999999999999  39393939393939393939393939393939
# epoch 18700  H=7.5116 C=7.1750 HO=0.3365  A(t)=2109
       316  <<<<<<<<<<<<<<<<  3c3c3c3c3c3c3c3c3c3c3c3c3c3c3c3c
       247  ================  3d3d3d3d3d3d3d3d3d3d3d3d3d3d3d3d
       165  ,,,,,,,,,,,,,,,,  2c2c2c2c2c2c2c2c2c2c2c2c2c2c2c2c
       158  >>>>>>>>>>>>>>>>  3e3e3e3e3e3e3e3e3e3e3e3e3e3e3e3e
       134  llllllllllllllll  6c6c6c6c6c6c6c6c6c6c6c6c6c6c6c6c
       128  4444444444444444  34343434343434343434343434343434
       127  ;;;;;;;;;;;;;;;;  3b3b3b3b3b3b3b3b3b3b3b3b3b3b3b3b
       125  ................  afafafafafafafafafafafafafafafaf
       116  [[[[[[[[[[[[[[[[  5b5b5b5b5b5b5b5b5b5b5b5b5b5b5b5b
       110  9999999999999999  39393939393939393939393939393939
# epoch 18720  H=7.5117 C=7.1747 HO=0.3370  A(t)=2111
       288  <<<<<<<<<<<<<<<<  3c3c3c3c3c3c3c3c3c3c3c3c3c3c3c3c
       208  ================  3d3d3d3d3d3d3d3d3d3d3d3d3d3d3d3d
       189  >>>>>>>>>>>>>>>>  3e3e3e3e3e3e3e3e3e3e3e3e3e3e3e3e
       176  ,,,,,,,,,,,,,,,,  2c2c2c2c2c2c2c2c2c2c2c2c2c2c2c2c
       130  ;;;;;;;;;;;;;;;;  3b3b3b3b3b3b3b3b3b3b3b3b3b3b3b3b
       103  [[[[[[[[[[[[[[[[  5b5b5b5b5b5b5b5b5b5b5b5b5b5b5b5b
       100  llllllllllllllll  6c6c6c6c6c6c6c6c6c6c6c6c6c6c6c6c
        96  4444444444444444  34343434343434343434343434343434
        93  9999999999999999  39393939393939393939393939393939
        84  ''''''''''''''''  27272727272727272727272727272727
# epoch 18740  H=7.5092 C=7.1654 HO=0.3439  A(t)=2113
       266  <<<<<<<<<<<<<<<<  3c3c3c3c3c3c3c3c3c3c3c3c3c3c3c3c
       208  ,,,,,,,,,,,,,,,,  2c2c2c2c2c2c2c2c2c2c2c2c2c2c2c2c
       191  [[[[[[[[[[[[[[[[  5b5b5b5b5b5b5b5b5b5b5b5b5b5b5b5b
       182  BBBBBBBBBBBBBBBB  42424242424242424242424242424242
       176  >>>>>>>>>>>>>>>>  3e3e3e3e3e3e3e3e3e3e3e3e3e3e3e3e
       164  ================  3d3d3d3d3d3d3d3d3d3d3d3d3d3d3d3d
       116  ;;;;;;;;;;;;;;;;  3b3b3b3b3b3b3b3b3b3b3b3b3b3b3b3b
       108  7777777777777777  37373737373737373737373737373737
        96  ................  15151515151515151515151515151515
        95  4444444444444444  34343434343434343434343434343434
# epoch 18760  H=7.5139 C=7.1699 HO=0.3440  A(t)=2115
       218  <<<<<<<<<<<<<<<<  3c3c3c3c3c3c3c3c3c3c3c3c3c3c3c3c
       192  BBBBBBBBBBBBBBBB  42424242424242424242424242424242
       184  ,,,,,,,,,,,,,,,,  2c2c2c2c2c2c2c2c2c2c2c2c2c2c2c2c
       155  [[[[[[[[[[[[[[[[  5b5b5b5b5b5b5b5b5b5b5b5b5b5b5b5b
       154  >>>>>>>>>>>>>>>>  3e3e3e3e3e3e3e3e3e3e3e3e3e3e3e3e
       153  ================  3d3d3d3d3d3d3d3d3d3d3d3d3d3d3d3d
        98  ;;;;;;;;;;;;;;;;  3b3b3b3b3b3b3b3b3b3b3b3b3b3b3b3b
        94  ................  aeaeaeaeaeaeaeaeaeaeaeaeaeaeaeae
        94  4444444444444444  34343434343434343434343434343434
        88  ................  15151515151515151515151515151515
# epoch 18780  H=7.5126 C=7.1667 HO=0.3460  A(t)=2121
       243  <<<<<<<<<<<<<<<<  3c3c3c3c3c3c3c3c3c3c3c3c3c3c3c3c
       169  ,,,,,,,,,,,,,,,,  2c2c2c2c2c2c2c2c2c2c2c2c2c2c2c2c
       168  BBBBBBBBBBBBBBBB  42424242424242424242424242424242
       134  [[[[[[[[[[[[[[[[  5b5b5b5b5b5b5b5b5b5b5b5b5b5b5b5b
       125  ================  3d3d3d3d3d3d3d3d3d3d3d3d3d3d3d3d
       121  >>>>>>>>>>>>>>>>  3e3e3e3e3e3e3e3e3e3e3e3e3e3e3e3e
       112  ????????????????  3f3f3f3f3f3f3f3f3f3f3f3f3f3f3f3f
       104  ................  aeaeaeaeaeaeaeaeaeaeaeaeaeaeaeae
       100  KKKKKKKKKKKKKKKK  4b4b4b4b4b4b4b4b4b4b4b4b4b4b4b4b
        96  ;;;;;;;;;;;;;;;;  3b3b3b3b3b3b3b3b3b3b3b3b3b3b3b3b
# epoch 18800  H=7.5137 C=7.1725 HO=0.3412  A(t)=2125
       222  <<<<<<<<<<<<<<<<  3c3c3c3c3c3c3c3c3c3c3c3c3c3c3c3c
       159  >>>>>>>>>>>>>>>>  3e3e3e3e3e3e3e3e3e3e3e3e3e3e3e3e
       146  ,,,,,,,,,,,,,,,,  2c2c2c2c2c2c2c2c2c2c2c2c2c2c2c2c
       141  BBBBBBBBBBBBBBBB  42424242424242424242424242424242
       123  $$$$$$$$$$$$$$$$  24242424242424242424242424242424
       119  ================  3d3d3d3d3d3d3d3d3d3d3d3d3d3d3d3d
       101  ????????????????  3f3f3f3f3f3f3f3f3f3f3f3f3f3f3f3f
        94  KKKKKKKKKKKKKKKK  4b4b4b4b4b4b4b4b4b4b4b4b4b4b4b4b
        93  ................  aeaeaeaeaeaeaeaeaeaeaeaeaeaeaeae
        92  ................  eaeaeaeaeaeaeaeaeaeaeaeaeaeaeaea
# epoch 18820  H=7.5116 C=7.1647 HO=0.3469  A(t)=2127
       336  <<<<<<<<<<<<<<<<  3c3c3c3c3c3c3c3c3c3c3c3c3c3c3c3c
       188  [[[[[[[[[[[[[[[[  5b5b5b5b5b5b5b5b5b5b5b5b5b5b5b5b
       168  ;;;;;;;;;;;;;;;;  3b3b3b3b3b3b3b3b3b3b3b3b3b3b3b3b
       164  ================  3d3d3d3d3d3d3d3d3d3d3d3d3d3d3d3d
       158  >>>>>>>>>>>>>>>>  3e3e3e3e3e3e3e3e3e3e3e3e3e3e3e3e
       145  ,,,,,,,,,,,,,,,,  2c2c2c2c2c2c2c2c2c2c2c2c2c2c2c2c
       140  8888888888888888  38383838383838383838383838383838
       132  BBBBBBBBBBBBBBBB  42424242424242424242424242424242
       122  @@@@@@@@@@@@@@@@  40404040404040404040404040404040
        92  ::::::::::::::::  3a3a3a3a3a3a3a3a3a3a3a3a3a3a3a3a
# epoch 18840  H=7.5136 C=7.1685 HO=0.3451  A(t)=2127
       320  <<<<<<<<<<<<<<<<  3c3c3c3c3c3c3c3c3c3c3c3c3c3c3c3c
       163  ;;;;;;;;;;;;;;;;  3b3b3b3b3b3b3b3b3b3b3b3b3b3b3b3b
       157  ================  3d3d3d3d3d3d3d3d3d3d3d3d3d3d3d3d
       149  ,,,,,,,,,,,,,,,,  2c2c2c2c2c2c2c2c2c2c2c2c2c2c2c2c
       136  [[[[[[[[[[[[[[[[  5b5b5b5b5b5b5b5b5b5b5b5b5b5b5b5b
       126  9999999999999999  39393939393939393939393939393939
       109  BBBBBBBBBBBBBBBB  42424242424242424242424242424242
       109  @@@@@@@@@@@@@@@@  40404040404040404040404040404040
       105  ................  02020202020202020202020202020202
        96  8888888888888888  38383838383838383838383838383838
# epoch 18860  H=7.5123 C=7.1758 HO=0.3365  A(t)=2129
       271  <<<<<<<<<<<<<<<<  3c3c3c3c3c3c3c3c3c3c3c3c3c3c3c3c
       186  ================  3d3d3d3d3d3d3d3d3d3d3d3d3d3d3d3d
       170  [[[[[[[[[[[[[[[[  5b5b5b5b5b5b5b5b5b5b5b5b5b5b5b5b
       168  ,,,,,,,,,,,,,,,,  2c2c2c2c2c2c2c2c2c2c2c2c2c2c2c2c
       107  ;;;;;;;;;;;;;;;;  3b3b3b3b3b3b3b3b3b3b3b3b3b3b3b3b
       107  9999999999999999  39393939393939393939393939393939
       106  KKKKKKKKKKKKKKKK  4b4b4b4b4b4b4b4b4b4b4b4b4b4b4b4b
        96  BBBBBBBBBBBBBBBB  42424242424242424242424242424242
        89  ................  02020202020202020202020202020202
        83  ................  eaeaeaeaeaeaeaeaeaeaeaeaeaeaeaea
# epoch 18880  H=7.5149 C=7.1855 HO=0.3294  A(t)=2129
       263  <<<<<<<<<<<<<<<<  3c3c3c3c3c3c3c3c3c3c3c3c3c3c3c3c
       227  ,,,,,,,,,,,,,,,,  2c2c2c2c2c2c2c2c2c2c2c2c2c2c2c2c
       194  [[[[[[[[[[[[[[[[  5b5b5b5b5b5b5b5b5b5b5b5b5b5b5b5b
       181  ;;;;;;;;;;;;;;;;  3b3b3b3b3b3b3b3b3b3b3b3b3b3b3b3b
       169  ================  3d3d3d3d3d3d3d3d3d3d3d3d3d3d3d3d
       108  9999999999999999  39393939393939393939393939393939
        97  KKKKKKKKKKKKKKKK  4b4b4b4b4b4b4b4b4b4b4b4b4b4b4b4b
        84  ................  02020202020202020202020202020202
        73  BBBBBBBBBBBBBBBB  42424242424242424242424242424242
        71  8888888888888888  38383838383838383838383838383838
# epoch 18900  H=7.5170 C=7.1907 HO=0.3263  A(t)=2131
       323  ,,,,,,,,,,,,,,,,  2c2c2c2c2c2c2c2c2c2c2c2c2c2c2c2c
       258  [[[[[[[[[[[[[[[[  5b5b5b5b5b5b5b5b5b5b5b5b5b5b5b5b
       240  <<<<<<<<<<<<<<<<  3c3c3c3c3c3c3c3c3c3c3c3c3c3c3c3c
       134  ================  3d3d3d3d3d3d3d3d3d3d3d3d3d3d3d3d
       114  ;;;;;;;;;;;;;;;;  3b3b3b3b3b3b3b3b3b3b3b3b3b3b3b3b
        94  ????????????????  3f3f3f3f3f3f3f3f3f3f3f3f3f3f3f3f
        85  KKKKKKKKKKKKKKKK  4b4b4b4b4b4b4b4b4b4b4b4b4b4b4b4b
        82  >>>>>>>>>>>>>>>>  3e3e3e3e3e3e3e3e3e3e3e3e3e3e3e3e
        77  CCCCCCCCCCCCCCCC  43434343434343434343434343434343
        75  ................  abababababababababababababababab
# epoch 18920  H=7.5179 C=7.1989 HO=0.3189  A(t)=2131
       317  ,,,,,,,,,,,,,,,,  2c2c2c2c2c2c2c2c2c2c2c2c2c2c2c2c
       209  [[[[[[[[[[[[[[[[  5b5b5b5b5b5b5b5b5b5b5b5b5b5b5b5b
       180  <<<<<<<<<<<<<<<<  3c3c3c3c3c3c3c3c3c3c3c3c3c3c3c3c
       128  ================  3d3d3d3d3d3d3d3d3d3d3d3d3d3d3d3d
       122  BBBBBBBBBBBBBBBB  42424242424242424242424242424242
       117  ????????????????  3f3f3f3f3f3f3f3f3f3f3f3f3f3f3f3f
       102  ;;;;;;;;;;;;;;;;  3b3b3b3b3b3b3b3b3b3b3b3b3b3b3b3b
        85  KKKKKKKKKKKKKKKK  4b4b4b4b4b4b4b4b4b4b4b4b4b4b4b4b
        85  >>>>>>>>>>>>>>>>  3e3e3e3e3e3e3e3e3e3e3e3e3e3e3e3e
        66  ................  02020202020202020202020202020202
# epoch 18940  H=7.5215 C=7.1995 HO=0.3220  A(t)=2133
       267  ,,,,,,,,,,,,,,,,  2c2c2c2c2c2c2c2c2c2c2c2c2c2c2c2c
       261  [[[[[[[[[[[[[[[[  5b5b5b5b5b5b5b5b5b5b5b5b5b5b5b5b
       232  ================  3d3d3d3d3d3d3d3d3d3d3d3d3d3d3d3d
       157  <<<<<<<<<<<<<<<<  3c3c3c3c3c3c3c3c3c3c3c3c3c3c3c3c
       125  9999999999999999  39393939393939393939393939393939
       113  BBBBBBBBBBBBBBBB  42424242424242424242424242424242
       108  ;;;;;;;;;;;;;;;;  3b3b3b3b3b3b3b3b3b3b3b3b3b3b3b3b
       108  ::::::::::::::::  3a3a3a3a3a3a3a3a3a3a3a3a3a3a3a3a
       106  ????????????????  3f3f3f3f3f3f3f3f3f3f3f3f3f3f3f3f
        85  KKKKKKKKKKKKKKKK  4b4b4b4b4b4b4b4b4b4b4b4b4b4b4b4b
# epoch 18960  H=7.5190 C=7.1954 HO=0.3236  A(t)=2135
       362  <<<<<<<<<<<<<<<<  3c3c3c3c3c3c3c3c3c3c3c3c3c3c3c3c
       236  ,,,,,,,,,,,,,,,,  2c2c2c2c2c2c2c2c2c2c2c2c2c2c2c2c
       197  [[[[[[[[[[[[[[[[  5b5b5b5b5b5b5b5b5b5b5b5b5b5b5b5b
       192  ================  3d3d3d3d3d3d3d3d3d3d3d3d3d3d3d3d
       118  9999999999999999  39393939393939393939393939393939
        92  ;;;;;;;;;;;;;;;;  3b3b3b3b3b3b3b3b3b3b3b3b3b3b3b3b
        91  ::::::::::::::::  3a3a3a3a3a3a3a3a3a3a3a3a3a3a3a3a
        88  BBBBBBBBBBBBBBBB  42424242424242424242424242424242
        80  ................  b6b6b6b6b6b6b6b6b6b6b6b6b6b6b6b6
        78  ................  ffffffffffffffffffffffffffffffff
# epoch 18980  H=7.5145 C=7.1992 HO=0.3153  A(t)=2142
       347  <<<<<<<<<<<<<<<<  3c3c3c3c3c3c3c3c3c3c3c3c3c3c3c3c
       192  ,,,,,,,,,,,,,,,,  2c2c2c2c2c2c2c2c2c2c2c2c2c2c2c2c
       170  [[[[[[[[[[[[[[[[  5b5b5b5b5b5b5b5b5b5b5b5b5b5b5b5b
       164  ================  3d3d3d3d3d3d3d3d3d3d3d3d3d3d3d3d
        96  >>>>>>>>>>>>>>>>  3e3e3e3e3e3e3e3e3e3e3e3e3e3e3e3e
        88  BBBBBBBBBBBBBBBB  42424242424242424242424242424242
        86  ;;;;;;;;;;;;;;;;  3b3b3b3b3b3b3b3b3b3b3b3b3b3b3b3b
        80  9999999999999999  39393939393939393939393939393939
        76  ................  b6b6b6b6b6b6b6b6b6b6b6b6b6b6b6b6
        71  @@@@@@@@@@@@@@@@  40404040404040404040404040404040
# epoch 19000  H=7.5114 C=7.1996 HO=0.3118  A(t)=2142
       266  <<<<<<<<<<<<<<<<  3c3c3c3c3c3c3c3c3c3c3c3c3c3c3c3c
       212  ,,,,,,,,,,,,,,,,  2c2c2c2c2c2c2c2c2c2c2c2c2c2c2c2c
       198  [[[[[[[[[[[[[[[[  5b5b5b5b5b5b5b5b5b5b5b5b5b5b5b5b
       173  ================  3d3d3d3d3d3d3d3d3d3d3d3d3d3d3d3d
       148  ''''''''''''''''  27272727272727272727272727272727
       129  >>>>>>>>>>>>>>>>  3e3e3e3e3e3e3e3e3e3e3e3e3e3e3e3e
        88  ................  d6d6d6d6d6d6d6d6d6d6d6d6d6d6d6d6
        79  9999999999999999  39393939393939393939393939393939
        77  ................  85858585858585858585858585858585
        77  ;;;;;;;;;;;;;;;;  3b3b3b3b3b3b3b3b3b3b3b3b3b3b3b3b
# epoch 19020  H=7.5147 C=7.2010 HO=0.3136  A(t)=2142
       233  ,,,,,,,,,,,,,,,,  2c2c2c2c2c2c2c2c2c2c2c2c2c2c2c2c
       209  <<<<<<<<<<<<<<<<  3c3c3c3c3c3c3c3c3c3c3c3c3c3c3c3c
       187  [[[[[[[[[[[[[[[[  5b5b5b5b5b5b5b5b5b5b5b5b5b5b5b5b
       182  ================  3d3d3d3d3d3d3d3d3d3d3d3d3d3d3d3d
       162  ''''''''''''''''  27272727272727272727272727272727
       110  ;;;;;;;;;;;;;;;;  3b3b3b3b3b3b3b3b3b3b3b3b3b3b3b3b
       105  >>>>>>>>>>>>>>>>  3e3e3e3e3e3e3e3e3e3e3e3e3e3e3e3e
        80  ................  d6d6d6d6d6d6d6d6d6d6d6d6d6d6d6d6
        79  ................  dcdcdcdcdcdcdcdcdcdcdcdcdcdcdcdc
        77  9999999999999999  39393939393939393939393939393939
# epoch 19040  H=7.5174 C=7.2015 HO=0.3159  A(t)=2146
       233  <<<<<<<<<<<<<<<<  3c3c3c3c3c3c3c3c3c3c3c3c3c3c3c3c
       191  ,,,,,,,,,,,,,,,,  2c2c2c2c2c2c2c2c2c2c2c2c2c2c2c2c
       189  [[[[[[[[[[[[[[[[  5b5b5b5b5b5b5b5b5b5b5b5b5b5b5b5b
       158  ''''''''''''''''  27272727272727272727272727272727
       154  ================  3d3d3d3d3d3d3d3d3d3d3d3d3d3d3d3d
       141  >>>>>>>>>>>>>>>>  3e3e3e3e3e3e3e3e3e3e3e3e3e3e3e3e
        95  ;;;;;;;;;;;;;;;;  3b3b3b3b3b3b3b3b3b3b3b3b3b3b3b3b
        91  ????????????????  3f3f3f3f3f3f3f3f3f3f3f3f3f3f3f3f
        85  ZZZZZZZZZZZZZZZZ  5a5a5a5a5a5a5a5a5a5a5a5a5a5a5a5a
        83  BBBBBBBBBBBBBBBB  42424242424242424242424242424242
# epoch 19060  H=7.5145 C=7.2043 HO=0.3102  A(t)=2148
       276  <<<<<<<<<<<<<<<<  3c3c3c3c3c3c3c3c3c3c3c3c3c3c3c3c
       191  ,,,,,,,,,,,,,,,,  2c2c2c2c2c2c2c2c2c2c2c2c2c2c2c2c
       169  >>>>>>>>>>>>>>>>  3e3e3e3e3e3e3e3e3e3e3e3e3e3e3e3e
       147  ''''''''''''''''  27272727272727272727272727272727
       143  [[[[[[[[[[[[[[[[  5b5b5b5b5b5b5b5b5b5b5b5b5b5b5b5b
       142  ================  3d3d3d3d3d3d3d3d3d3d3d3d3d3d3d3d
       112  ;;;;;;;;;;;;;;;;  3b3b3b3b3b3b3b3b3b3b3b3b3b3b3b3b
       101  ZZZZZZZZZZZZZZZZ  5a5a5a5a5a5a5a5a5a5a5a5a5a5a5a5a
        93  ----------------  2d2d2d2d2d2d2d2d2d2d2d2d2d2d2d2d
        83  ::::::::::::::::  3a3a3a3a3a3a3a3a3a3a3a3a3a3a3a3a
# epoch 19080  H=7.5132 C=7.2074 HO=0.3059  A(t)=2150
       227  <<<<<<<<<<<<<<<<  3c3c3c3c3c3c3c3c3c3c3c3c3c3c3c3c
       219  ================  3d3d3d3d3d3d3d3d3d3d3d3d3d3d3d3d
       203  ,,,,,,,,,,,,,,,,  2c2c2c2c2c2c2c2c2c2c2c2c2c2c2c2c
       150  >>>>>>>>>>>>>>>>  3e3e3e3e3e3e3e3e3e3e3e3e3e3e3e3e
       128  [[[[[[[[[[[[[[[[  5b5b5b5b5b5b5b5b5b5b5b5b5b5b5b5b
       116  ;;;;;;;;;;;;;;;;  3b3b3b3b3b3b3b3b3b3b3b3b3b3b3b3b
       107  ''''''''''''''''  27272727272727272727272727272727
       102  8888888888888888  38383838383838383838383838383838
        89  ????????????????  3f3f3f3f3f3f3f3f3f3f3f3f3f3f3f3f
        87  ZZZZZZZZZZZZZZZZ  5a5a5a5a5a5a5a5a5a5a5a5a5a5a5a5a
# epoch 19100  H=7.5144 C=7.2082 HO=0.3063  A(t)=2154
       219  ,,,,,,,,,,,,,,,,  2c2c2c2c2c2c2c2c2c2c2c2c2c2c2c2c
       199  ================  3d3d3d3d3d3d3d3d3d3d3d3d3d3d3d3d
       176  <<<<<<<<<<<<<<<<  3c3c3c3c3c3c3c3c3c3c3c3c3c3c3c3c
       169  >>>>>>>>>>>>>>>>  3e3e3e3e3e3e3e3e3e3e3e3e3e3e3e3e
       144  [[[[[[[[[[[[[[[[  5b5b5b5b5b5b5b5b5b5b5b5b5b5b5b5b
       125  ''''''''''''''''  27272727272727272727272727272727
       101  8888888888888888  38383838383838383838383838383838
        89  ;;;;;;;;;;;;;;;;  3b3b3b3b3b3b3b3b3b3b3b3b3b3b3b3b
        83  ZZZZZZZZZZZZZZZZ  5a5a5a5a5a5a5a5a5a5a5a5a5a5a5a5a
        82  ????????????????  3f3f3f3f3f3f3f3f3f3f3f3f3f3f3f3f
# epoch 19120  H=7.5166 C=7.2049 HO=0.3117  A(t)=2154
       257  ,,,,,,,,,,,,,,,,  2c2c2c2c2c2c2c2c2c2c2c2c2c2c2c2c
       200  ????????????????  3f3f3f3f3f3f3f3f3f3f3f3f3f3f3f3f
       190  ;;;;;;;;;;;;;;;;  3b3b3b3b3b3b3b3b3b3b3b3b3b3b3b3b
       170  ================  3d3d3d3d3d3d3d3d3d3d3d3d3d3d3d3d
       152  <<<<<<<<<<<<<<<<  3c3c3c3c3c3c3c3c3c3c3c3c3c3c3c3c
       141  >>>>>>>>>>>>>>>>  3e3e3e3e3e3e3e3e3e3e3e3e3e3e3e3e
       127  ................  f4f4f4f4f4f4f4f4f4f4f4f4f4f4f4f4
       113  ''''''''''''''''  27272727272727272727272727272727
       103  [[[[[[[[[[[[[[[[  5b5b5b5b5b5b5b5b5b5b5b5b5b5b5b5b
        85  ................  f6f6f6f6f6f6f6f6f6f6f6f6f6f6f6f6
# epoch 19140  H=7.5134 C=7.1967 HO=0.3167  A(t)=2161
       234  ================  3d3d3d3d3d3d3d3d3d3d3d3d3d3d3d3d
       209  ????????????????  3f3f3f3f3f3f3f3f3f3f3f3f3f3f3f3f
       199  [[[[[[[[[[[[[[[[  5b5b5b5b5b5b5b5b5b5b5b5b5b5b5b5b
       192  >>>>>>>>>>>>>>>>  3e3e3e3e3e3e3e3e3e3e3e3e3e3e3e3e
       190  ,,,,,,,,,,,,,,,,  2c2c2c2c2c2c2c2c2c2c2c2c2c2c2c2c
       187  ;;;;;;;;;;;;;;;;  3b3b3b3b3b3b3b3b3b3b3b3b3b3b3b3b
       160  <<<<<<<<<<<<<<<<  3c3c3c3c3c3c3c3c3c3c3c3c3c3c3c3c
       115  ................  f4f4f4f4f4f4f4f4f4f4f4f4f4f4f4f4
       115  ................  1f1f1f1f1f1f1f1f1f1f1f1f1f1f1f1f
       112  9999999999999999  39393939393939393939393939393939
# epoch 19160  H=7.5120 C=7.1902 HO=0.3218  A(t)=2161
       257  [[[[[[[[[[[[[[[[  5b5b5b5b5b5b5b5b5b5b5b5b5b5b5b5b
       229  ,,,,,,,,,,,,,,,,  2c2c2c2c2c2c2c2c2c2c2c2c2c2c2c2c
       196  ================  3d3d3d3d3d3d3d3d3d3d3d3d3d3d3d3d
       194  ????????????????  3f3f3f3f3f3f3f3f3f3f3f3f3f3f3f3f
       173  >>>>>>>>>>>>>>>>  3e3e3e3e3e3e3e3e3e3e3e3e3e3e3e3e
       166  ;;;;;;;;;;;;;;;;  3b3b3b3b3b3b3b3b3b3b3b3b3b3b3b3b
       138  <<<<<<<<<<<<<<<<  3c3c3c3c3c3c3c3c3c3c3c3c3c3c3c3c
       124  ''''''''''''''''  27272727272727272727272727272727
       122  9999999999999999  39393939393939393939393939393939
       115  ................  d3d3d3d3d3d3d3d3d3d3d3d3d3d3d3d3
# epoch 19180  H=7.5090 C=7.1836 HO=0.3254  A(t)=2161
       257  ,,,,,,,,,,,,,,,,  2c2c2c2c2c2c2c2c2c2c2c2c2c2c2c2c
       242  ================  3d3d3d3d3d3d3d3d3d3d3d3d3d3d3d3d
       240  <<<<<<<<<<<<<<<<  3c3c3c3c3c3c3c3c3c3c3c3c3c3c3c3c
       229  [[[[[[[[[[[[[[[[  5b5b5b5b5b5b5b5b5b5b5b5b5b5b5b5b
       174  ????????????????  3f3f3f3f3f3f3f3f3f3f3f3f3f3f3f3f
       167  >>>>>>>>>>>>>>>>  3e3e3e3e3e3e3e3e3e3e3e3e3e3e3e3e
       165  9999999999999999  39393939393939393939393939393939
       132  ;;;;;;;;;;;;;;;;  3b3b3b3b3b3b3b3b3b3b3b3b3b3b3b3b
       112  @@@@@@@@@@@@@@@@  40404040404040404040404040404040
       101  ................  d3d3d3d3d3d3d3d3d3d3d3d3d3d3d3d3
# epoch 19200  H=7.5099 C=7.1844 HO=0.3255  A(t)=2164
       228  ,,,,,,,,,,,,,,,,  2c2c2c2c2c2c2c2c2c2c2c2c2c2c2c2c
       205  ================  3d3d3d3d3d3d3d3d3d3d3d3d3d3d3d3d
       184  [[[[[[[[[[[[[[[[  5b5b5b5b5b5b5b5b5b5b5b5b5b5b5b5b
       152  ????????????????  3f3f3f3f3f3f3f3f3f3f3f3f3f3f3f3f
       151  <<<<<<<<<<<<<<<<  3c3c3c3c3c3c3c3c3c3c3c3c3c3c3c3c
       149  >>>>>>>>>>>>>>>>  3e3e3e3e3e3e3e3e3e3e3e3e3e3e3e3e
       135  ;;;;;;;;;;;;;;;;  3b3b3b3b3b3b3b3b3b3b3b3b3b3b3b3b
       127  9999999999999999  39393939393939393939393939393939
       121  ................  1f1f1f1f1f1f1f1f1f1f1f1f1f1f1f1f
       106  @@@@@@@@@@@@@@@@  40404040404040404040404040404040
# epoch 19220  H=7.5097 C=7.1911 HO=0.3187  A(t)=2164
       248  ,,,,,,,,,,,,,,,,  2c2c2c2c2c2c2c2c2c2c2c2c2c2c2c2c
       172  <<<<<<<<<<<<<<<<  3c3c3c3c3c3c3c3c3c3c3c3c3c3c3c3c
       163  ================  3d3d3d3d3d3d3d3d3d3d3d3d3d3d3d3d
       153  ????????????????  3f3f3f3f3f3f3f3f3f3f3f3f3f3f3f3f
       152  [[[[[[[[[[[[[[[[  5b5b5b5b5b5b5b5b5b5b5b5b5b5b5b5b
       139  >>>>>>>>>>>>>>>>  3e3e3e3e3e3e3e3e3e3e3e3e3e3e3e3e
       125  1111111111111111  31313131313131313131313131313131
       118  9999999999999999  39393939393939393939393939393939
       115  ;;;;;;;;;;;;;;;;  3b3b3b3b3b3b3b3b3b3b3b3b3b3b3b3b
       112  ::::::::::::::::  3a3a3a3a3a3a3a3a3a3a3a3a3a3a3a3a
# epoch 19240  H=7.5116 C=7.1976 HO=0.3139  A(t)=2164
       246  ================  3d3d3d3d3d3d3d3d3d3d3d3d3d3d3d3d
       216  ,,,,,,,,,,,,,,,,  2c2c2c2c2c2c2c2c2c2c2c2c2c2c2c2c
       186  ????????????????  3f3f3f3f3f3f3f3f3f3f3f3f3f3f3f3f
       179  <<<<<<<<<<<<<<<<  3c3c3c3c3c3c3c3c3c3c3c3c3c3c3c3c
       155  >>>>>>>>>>>>>>>>  3e3e3e3e3e3e3e3e3e3e3e3e3e3e3e3e
       122  ................  c5c5c5c5c5c5c5c5c5c5c5c5c5c5c5c5
       119  [[[[[[[[[[[[[[[[  5b5b5b5b5b5b5b5b5b5b5b5b5b5b5b5b
       116  1111111111111111  31313131313131313131313131313131
       110  ................  f4f4f4f4f4f4f4f4f4f4f4f4f4f4f4f4
        98  @@@@@@@@@@@@@@@@  40404040404040404040404040404040
# epoch 19260  H=7.5086 C=7.1910 HO=0.3176  A(t)=2166
       240  ================  3d3d3d3d3d3d3d3d3d3d3d3d3d3d3d3d
       207  ,,,,,,,,,,,,,,,,  2c2c2c2c2c2c2c2c2c2c2c2c2c2c2c2c
       199  ????????????????  3f3f3f3f3f3f3f3f3f3f3f3f3f3f3f3f
       155  <<<<<<<<<<<<<<<<  3c3c3c3c3c3c3c3c3c3c3c3c3c3c3c3c
       136  @@@@@@@@@@@@@@@@  40404040404040404040404040404040
       134  ::::::::::::::::  3a3a3a3a3a3a3a3a3a3a3a3a3a3a3a3a
       122  >>>>>>>>>>>>>>>>  3e3e3e3e3e3e3e3e3e3e3e3e3e3e3e3e
       105  ................  c9c9c9c9c9c9c9c9c9c9c9c9c9c9c9c9
       102  1111111111111111  31313131313131313131313131313131
       101  9999999999999999  39393939393939393939393939393939
# epoch 19280  H=7.5105 C=7.1922 HO=0.3183  A(t)=2174
       262  ================  3d3d3d3d3d3d3d3d3d3d3d3d3d3d3d3d
       229  ,,,,,,,,,,,,,,,,  2c2c2c2c2c2c2c2c2c2c2c2c2c2c2c2c
       145  ????????????????  3f3f3f3f3f3f3f3f3f3f3f3f3f3f3f3f
       127  <<<<<<<<<<<<<<<<  3c3c3c3c3c3c3c3c3c3c3c3c3c3c3c3c
       125  ................  2e2e2e2e2e2e2e2e2e2e2e2e2e2e2e2e
       121  ::::::::::::::::  3a3a3a3a3a3a3a3a3a3a3a3a3a3a3a3a
       108  >>>>>>>>>>>>>>>>  3e3e3e3e3e3e3e3e3e3e3e3e3e3e3e3e
       107  @@@@@@@@@@@@@@@@  40404040404040404040404040404040
       104  7777777777777777  37373737373737373737373737373737
        96  ................  c5c5c5c5c5c5c5c5c5c5c5c5c5c5c5c5
# epoch 19300  H=7.5098 C=7.1881 HO=0.3216  A(t)=2176
       218  ================  3d3d3d3d3d3d3d3d3d3d3d3d3d3d3d3d
       197  ,,,,,,,,,,,,,,,,  2c2c2c2c2c2c2c2c2c2c2c2c2c2c2c2c
       192  <<<<<<<<<<<<<<<<  3c3c3c3c3c3c3c3c3c3c3c3c3c3c3c3c
       174  [[[[[[[[[[[[[[[[  5b5b5b5b5b5b5b5b5b5b5b5b5b5b5b5b
       162  ................  2e2e2e2e2e2e2e2e2e2e2e2e2e2e2e2e
       130  @@@@@@@@@@@@@@@@  40404040404040404040404040404040
       108  ;;;;;;;;;;;;;;;;  3b3b3b3b3b3b3b3b3b3b3b3b3b3b3b3b
       106  9999999999999999  39393939393939393939393939393939
       101  ????????????????  3f3f3f3f3f3f3f3f3f3f3f3f3f3f3f3f
       100  ::::::::::::::::  3a3a3a3a3a3a3a3a3a3a3a3a3a3a3a3a
# epoch 19320  H=7.5074 C=7.1889 HO=0.3185  A(t)=2176
       262  ,,,,,,,,,,,,,,,,  2c2c2c2c2c2c2c2c2c2c2c2c2c2c2c2c
       213  ================  3d3d3d3d3d3d3d3d3d3d3d3d3d3d3d3d
       192  <<<<<<<<<<<<<<<<  3c3c3c3c3c3c3c3c3c3c3c3c3c3c3c3c
       150  [[[[[[[[[[[[[[[[  5b5b5b5b5b5b5b5b5b5b5b5b5b5b5b5b
       136  9999999999999999  39393939393939393939393939393939
       133  ................  2e2e2e2e2e2e2e2e2e2e2e2e2e2e2e2e
       110  @@@@@@@@@@@@@@@@  40404040404040404040404040404040
       105  >>>>>>>>>>>>>>>>  3e3e3e3e3e3e3e3e3e3e3e3e3e3e3e3e
       104  8888888888888888  38383838383838383838383838383838
        98  4444444444444444  34343434343434343434343434343434
# epoch 19340  H=7.5077 C=7.1921 HO=0.3156  A(t)=2176
       320  <<<<<<<<<<<<<<<<  3c3c3c3c3c3c3c3c3c3c3c3c3c3c3c3c
       228  ,,,,,,,,,,,,,,,,  2c2c2c2c2c2c2c2c2c2c2c2c2c2c2c2c
       162  ================  3d3d3d3d3d3d3d3d3d3d3d3d3d3d3d3d
       115  9999999999999999  39393939393939393939393939393939
       110  >>>>>>>>>>>>>>>>  3e3e3e3e3e3e3e3e3e3e3e3e3e3e3e3e
       102  ................  2e2e2e2e2e2e2e2e2e2e2e2e2e2e2e2e
       100  8888888888888888  38383838383838383838383838383838
        98  @@@@@@@@@@@@@@@@  40404040404040404040404040404040
        92  [[[[[[[[[[[[[[[[  5b5b5b5b5b5b5b5b5b5b5b5b5b5b5b5b
        86  {{{{{{{{{{{{{{{{  7b7b7b7b7b7b7b7b7b7b7b7b7b7b7b7b
# epoch 19360  H=7.5088 C=7.1972 HO=0.3116  A(t)=2176
       373  <<<<<<<<<<<<<<<<  3c3c3c3c3c3c3c3c3c3c3c3c3c3c3c3c
       207  ,,,,,,,,,,,,,,,,  2c2c2c2c2c2c2c2c2c2c2c2c2c2c2c2c
       147  ================  3d3d3d3d3d3d3d3d3d3d3d3d3d3d3d3d
       133  9999999999999999  39393939393939393939393939393939
       131  >>>>>>>>>>>>>>>>  3e3e3e3e3e3e3e3e3e3e3e3e3e3e3e3e
        98  ................  9c9c9c9c9c9c9c9c9c9c9c9c9c9c9c9c
        95  @@@@@@@@@@@@@@@@  40404040404040404040404040404040
        94  ................  2e2e2e2e2e2e2e2e2e2e2e2e2e2e2e2e
        87  [[[[[[[[[[[[[[[[  5b5b5b5b5b5b5b5b5b5b5b5b5b5b5b5b
        81  KKKKKKKKKKKKKKKK  4b4b4b4b4b4b4b4b4b4b4b4b4b4b4b4b
# epoch 19380  H=7.5111 C=7.2031 HO=0.3080  A(t)=2176
       373  <<<<<<<<<<<<<<<<  3c3c3c3c3c3c3c3c3c3c3c3c3c3c3c3c
       170  ,,,,,,,,,,,,,,,,  2c2c2c2c2c2c2c2c2c2c2c2c2c2c2c2c
       152  9999999999999999  39393939393939393939393939393939
       147  >>>>>>>>>>>>>>>>  3e3e3e3e3e3e3e3e3e3e3e3e3e3e3e3e
       103  ================  3d3d3d3d3d3d3d3d3d3d3d3d3d3d3d3d
        94  4444444444444444  34343434343434343434343434343434
        80  8888888888888888  38383838383838383838383838383838
        79  ................  9c9c9c9c9c9c9c9c9c9c9c9c9c9c9c9c
        76  KKKKKKKKKKKKKKKK  4b4b4b4b4b4b4b4b4b4b4b4b4b4b4b4b
        72  [[[[[[[[[[[[[[[[  5b5b5b5b5b5b5b5b5b5b5b5b5b5b5b5b
# epoch 19400  H=7.5075 C=7.2019 HO=0.3056  A(t)=2178
       348  <<<<<<<<<<<<<<<<  3c3c3c3c3c3c3c3c3c3c3c3c3c3c3c3c
       184  ,,,,,,,,,,,,,,,,  2c2c2c2c2c2c2c2c2c2c2c2c2c2c2c2c
       155  >>>>>>>>>>>>>>>>  3e3e3e3e3e3e3e3e3e3e3e3e3e3e3e3e
       118  9999999999999999  39393939393939393939393939393939
       107  DDDDDDDDDDDDDDDD  44444444444444444444444444444444
       107  ;;;;;;;;;;;;;;;;  3b3b3b3b3b3b3b3b3b3b3b3b3b3b3b3b
       100  ================  3d3d3d3d3d3d3d3d3d3d3d3d3d3d3d3d
        83  ................  b1b1b1b1b1b1b1b1b1b1b1b1b1b1b1b1
        75  ................  9c9c9c9c9c9c9c9c9c9c9c9c9c9c9c9c
        72  8888888888888888  38383838383838383838383838383838
# epoch 19420  H=7.5105 C=7.2046 HO=0.3059  A(t)=2180
       264  <<<<<<<<<<<<<<<<  3c3c3c3c3c3c3c3c3c3c3c3c3c3c3c3c
       194  ,,,,,,,,,,,,,,,,  2c2c2c2c2c2c2c2c2c2c2c2c2c2c2c2c
       167  >>>>>>>>>>>>>>>>  3e3e3e3e3e3e3e3e3e3e3e3e3e3e3e3e
       141  ;;;;;;;;;;;;;;;;  3b3b3b3b3b3b3b3b3b3b3b3b3b3b3b3b
       102  9999999999999999  39393939393939393939393939393939
        91  \\\\\\\\\\\\\\\\  5c5c5c5c5c5c5c5c5c5c5c5c5c5c5c5c
        91  ================  3d3d3d3d3d3d3d3d3d3d3d3d3d3d3d3d
        87  DDDDDDDDDDDDDDDD  44444444444444444444444444444444
        80  ................  89898989898989898989898989898989
        73  {{{{{{{{{{{{{{{{  7b7b7b7b7b7b7b7b7b7b7b7b7b7b7b7b
# epoch 19440  H=7.5125 C=7.1963 HO=0.3162  A(t)=2185
       341  <<<<<<<<<<<<<<<<  3c3c3c3c3c3c3c3c3c3c3c3c3c3c3c3c
       270  ,,,,,,,,,,,,,,,,  2c2c2c2c2c2c2c2c2c2c2c2c2c2c2c2c
       153  ;;;;;;;;;;;;;;;;  3b3b3b3b3b3b3b3b3b3b3b3b3b3b3b3b
       115  >>>>>>>>>>>>>>>>  3e3e3e3e3e3e3e3e3e3e3e3e3e3e3e3e
       104  9999999999999999  39393939393939393939393939393939
       102  ................  aaaaaaaaaaaaaaaaaaaaaaaaaaaaaaaa
        96  ================  3d3d3d3d3d3d3d3d3d3d3d3d3d3d3d3d
        95  [[[[[[[[[[[[[[[[  5b5b5b5b5b5b5b5b5b5b5b5b5b5b5b5b
        91  \\\\\\\\\\\\\\\\  5c5c5c5c5c5c5c5c5c5c5c5c5c5c5c5c
        87  DDDDDDDDDDDDDDDD  44444444444444444444444444444444
# epoch 19460  H=7.5142 C=7.2009 HO=0.3133  A(t)=2185
       309  <<<<<<<<<<<<<<<<  3c3c3c3c3c3c3c3c3c3c3c3c3c3c3c3c
       231  ,,,,,,,,,,,,,,,,  2c2c2c2c2c2c2c2c2c2c2c2c2c2c2c2c
       169  ;;;;;;;;;;;;;;;;  3b3b3b3b3b3b3b3b3b3b3b3b3b3b3b3b
       143  ................  c1c1c1c1c1c1c1c1c1c1c1c1c1c1c1c1
       143  ................  aaaaaaaaaaaaaaaaaaaaaaaaaaaaaaaa
        96  >>>>>>>>>>>>>>>>  3e3e3e3e3e3e3e3e3e3e3e3e3e3e3e3e
        94  [[[[[[[[[[[[[[[[  5b5b5b5b5b5b5b5b5b5b5b5b5b5b5b5b
        93  9999999999999999  39393939393939393939393939393939
        87  \\\\\\\\\\\\\\\\  5c5c5c5c5c5c5c5c5c5c5c5c5c5c5c5c
        83  ================  3d3d3d3d3d3d3d3d3d3d3d3d3d3d3d3d
# epoch 19480  H=7.5139 C=7.2024 HO=0.3115  A(t)=2185
       344  <<<<<<<<<<<<<<<<  3c3c3c3c3c3c3c3c3c3c3c3c3c3c3c3c
       185  ,,,,,,,,,,,,,,,,  2c2c2c2c2c2c2c2c2c2c2c2c2c2c2c2c
       146  ;;;;;;;;;;;;;;;;  3b3b3b3b3b3b3b3b3b3b3b3b3b3b3b3b
       133  [[[[[[[[[[[[[[[[  5b5b5b5b5b5b5b5b5b5b5b5b5b5b5b5b
       132  ................  aaaaaaaaaaaaaaaaaaaaaaaaaaaaaaaa
       130  9999999999999999  39393939393939393939393939393939
       101  ................  97979797979797979797979797979797
        98  ................  c1c1c1c1c1c1c1c1c1c1c1c1c1c1c1c1
        94  >>>>>>>>>>>>>>>>  3e3e3e3e3e3e3e3e3e3e3e3e3e3e3e3e
        94  4444444444444444  34343434343434343434343434343434
# epoch 19500  H=7.5128 C=7.1890 HO=0.3238  A(t)=2185
       335  <<<<<<<<<<<<<<<<  3c3c3c3c3c3c3c3c3c3c3c3c3c3c3c3c
       214  ,,,,,,,,,,,,,,,,  2c2c2c2c2c2c2c2c2c2c2c2c2c2c2c2c
       170  ;;;;;;;;;;;;;;;;  3b3b3b3b3b3b3b3b3b3b3b3b3b3b3b3b
       166  ================  3d3d3d3d3d3d3d3d3d3d3d3d3d3d3d3d
       160  [[[[[[[[[[[[[[[[  5b5b5b5b5b5b5b5b5b5b5b5b5b5b5b5b
       142  mmmmmmmmmmmmmmmm  6d6d6d6d6d6d6d6d6d6d6d6d6d6d6d6d
       134  9999999999999999  39393939393939393939393939393939
       128  ................  aaaaaaaaaaaaaaaaaaaaaaaaaaaaaaaa
        90  {{{{{{{{{{{{{{{{  7b7b7b7b7b7b7b7b7b7b7b7b7b7b7b7b
        85  ................  d8d8d8d8d8d8d8d8d8d8d8d8d8d8d8d8
# epoch 19520  H=7.5167 C=7.1912 HO=0.3255  A(t)=2185
       307  <<<<<<<<<<<<<<<<  3c3c3c3c3c3c3c3c3c3c3c3c3c3c3c3c
       271  ================  3d3d3d3d3d3d3d3d3d3d3d3d3d3d3d3d
       189  ,,,,,,,,,,,,,,,,  2c2c2c2c2c2c2c2c2c2c2c2c2c2c2c2c
       159  ;;;;;;;;;;;;;;;;  3b3b3b3b3b3b3b3b3b3b3b3b3b3b3b3b
       158  [[[[[[[[[[[[[[[[  5b5b5b5b5b5b5b5b5b5b5b5b5b5b5b5b
       133  9999999999999999  39393939393939393939393939393939
       118  mmmmmmmmmmmmmmmm  6d6d6d6d6d6d6d6d6d6d6d6d6d6d6d6d
       101  >>>>>>>>>>>>>>>>  3e3e3e3e3e3e3e3e3e3e3e3e3e3e3e3e
        95  pppppppppppppppp  70707070707070707070707070707070
        86  ................  ffffffffffffffffffffffffffffffff
# epoch 19540  H=7.5195 C=7.1934 HO=0.3261  A(t)=2191
       263  <<<<<<<<<<<<<<<<  3c3c3c3c3c3c3c3c3c3c3c3c3c3c3c3c
       223  ================  3d3d3d3d3d3d3d3d3d3d3d3d3d3d3d3d
       211  ;;;;;;;;;;;;;;;;  3b3b3b3b3b3b3b3b3b3b3b3b3b3b3b3b
       178  ,,,,,,,,,,,,,,,,  2c2c2c2c2c2c2c2c2c2c2c2c2c2c2c2c
       146  [[[[[[[[[[[[[[[[  5b5b5b5b5b5b5b5b5b5b5b5b5b5b5b5b
        98  mmmmmmmmmmmmmmmm  6d6d6d6d6d6d6d6d6d6d6d6d6d6d6d6d
        98  ................  10101010101010101010101010101010
        95  9999999999999999  39393939393939393939393939393939
        90  ................  c5c5c5c5c5c5c5c5c5c5c5c5c5c5c5c5
        89  ................  ebebebebebebebebebebebebebebebeb
# epoch 19560  H=7.5211 C=7.1919 HO=0.3291  A(t)=2191
       248  <<<<<<<<<<<<<<<<  3c3c3c3c3c3c3c3c3c3c3c3c3c3c3c3c
       202  ,,,,,,,,,,,,,,,,  2c2c2c2c2c2c2c2c2c2c2c2c2c2c2c2c
       193  >>>>>>>>>>>>>>>>  3e3e3e3e3e3e3e3e3e3e3e3e3e3e3e3e
       152  ================  3d3d3d3d3d3d3d3d3d3d3d3d3d3d3d3d
       150  ;;;;;;;;;;;;;;;;  3b3b3b3b3b3b3b3b3b3b3b3b3b3b3b3b
       128  [[[[[[[[[[[[[[[[  5b5b5b5b5b5b5b5b5b5b5b5b5b5b5b5b
        94  mmmmmmmmmmmmmmmm  6d6d6d6d6d6d6d6d6d6d6d6d6d6d6d6d
        87  9999999999999999  39393939393939393939393939393939
        83  ................  c1c1c1c1c1c1c1c1c1c1c1c1c1c1c1c1
        79  7777777777777777  37373737373737373737373737373737
# epoch 19580  H=7.5241 C=7.1938 HO=0.3303  A(t)=2191
       232  <<<<<<<<<<<<<<<<  3c3c3c3c3c3c3c3c3c3c3c3c3c3c3c3c
       219  ,,,,,,,,,,,,,,,,  2c2c2c2c2c2c2c2c2c2c2c2c2c2c2c2c
       211  >>>>>>>>>>>>>>>>  3e3e3e3e3e3e3e3e3e3e3e3e3e3e3e3e
       177  ................  0a0a0a0a0a0a0a0a0a0a0a0a0a0a0a0a
       129  ;;;;;;;;;;;;;;;;  3b3b3b3b3b3b3b3b3b3b3b3b3b3b3b3b
       119  ................  abababababababababababababababab
       118  ================  3d3d3d3d3d3d3d3d3d3d3d3d3d3d3d3d
       112  FFFFFFFFFFFFFFFF  46464646464646464646464646464646
       107  [[[[[[[[[[[[[[[[  5b5b5b5b5b5b5b5b5b5b5b5b5b5b5b5b
        99  1111111111111111  31313131313131313131313131313131
# epoch 19600  H=7.5219 C=7.1945 HO=0.3273  A(t)=2191
       217  ,,,,,,,,,,,,,,,,  2c2c2c2c2c2c2c2c2c2c2c2c2c2c2c2c
       179  <<<<<<<<<<<<<<<<  3c3c3c3c3c3c3c3c3c3c3c3c3c3c3c3c
       170  ;;;;;;;;;;;;;;;;  3b3b3b3b3b3b3b3b3b3b3b3b3b3b3b3b
       162  >>>>>>>>>>>>>>>>  3e3e3e3e3e3e3e3e3e3e3e3e3e3e3e3e
       143  ................  0a0a0a0a0a0a0a0a0a0a0a0a0a0a0a0a
       142  1111111111111111  31313131313131313131313131313131
       122  mmmmmmmmmmmmmmmm  6d6d6d6d6d6d6d6d6d6d6d6d6d6d6d6d
       107  ................  d2d2d2d2d2d2d2d2d2d2d2d2d2d2d2d2
       107  ================  3d3d3d3d3d3d3d3d3d3d3d3d3d3d3d3d
       102  FFFFFFFFFFFFFFFF  46464646464646464646464646464646
# epoch 19620  H=7.5230 C=7.1937 HO=0.3293  A(t)=2191
       257  <<<<<<<<<<<<<<<<  3c3c3c3c3c3c3c3c3c3c3c3c3c3c3c3c
       184  ,,,,,,,,,,,,,,,,  2c2c2c2c2c2c2c2c2c2c2c2c2c2c2c2c
       165  ;;;;;;;;;;;;;;;;  3b3b3b3b3b3b3b3b3b3b3b3b3b3b3b3b
       152  >>>>>>>>>>>>>>>>  3e3e3e3e3e3e3e3e3e3e3e3e3e3e3e3e
       133  1111111111111111  31313131313131313131313131313131
       131  9999999999999999  39393939393939393939393939393939
       120  mmmmmmmmmmmmmmmm  6d6d6d6d6d6d6d6d6d6d6d6d6d6d6d6d
       119  ================  3d3d3d3d3d3d3d3d3d3d3d3d3d3d3d3d
       106  ................  0a0a0a0a0a0a0a0a0a0a0a0a0a0a0a0a
       105  ................  8c8c8c8c8c8c8c8c8c8c8c8c8c8c8c8c
# epoch 19640  H=7.5211 C=7.1955 HO=0.3256  A(t)=2191
       355  <<<<<<<<<<<<<<<<  3c3c3c3c3c3c3c3c3c3c3c3c3c3c3c3c
       194  ,,,,,,,,,,,,,,,,  2c2c2c2c2c2c2c2c2c2c2c2c2c2c2c2c
       161  ================  3d3d3d3d3d3d3d3d3d3d3d3d3d3d3d3d
       134  ;;;;;;;;;;;;;;;;  3b3b3b3b3b3b3b3b3b3b3b3b3b3b3b3b
       127  1111111111111111  31313131313131313131313131313131
       123  9999999999999999  39393939393939393939393939393939
       112  >>>>>>>>>>>>>>>>  3e3e3e3e3e3e3e3e3e3e3e3e3e3e3e3e
       111  mmmmmmmmmmmmmmmm  6d6d6d6d6d6d6d6d6d6d6d6d6d6d6d6d
       108  ................  abababababababababababababababab
       100  ................  d2d2d2d2d2d2d2d2d2d2d2d2d2d2d2d2
# epoch 19660  H=7.5185 C=7.1902 HO=0.3283  A(t)=2193
       351  <<<<<<<<<<<<<<<<  3c3c3c3c3c3c3c3c3c3c3c3c3c3c3c3c
       215  ;;;;;;;;;;;;;;;;  3b3b3b3b3b3b3b3b3b3b3b3b3b3b3b3b
       207  ,,,,,,,,,,,,,,,,  2c2c2c2c2c2c2c2c2c2c2c2c2c2c2c2c
       143  ================  3d3d3d3d3d3d3d3d3d3d3d3d3d3d3d3d
       128  9999999999999999  39393939393939393939393939393939
       106  ................  b4b4b4b4b4b4b4b4b4b4b4b4b4b4b4b4
       103  mmmmmmmmmmmmmmmm  6d6d6d6d6d6d6d6d6d6d6d6d6d6d6d6d
        98  >>>>>>>>>>>>>>>>  3e3e3e3e3e3e3e3e3e3e3e3e3e3e3e3e
        97  ................  0a0a0a0a0a0a0a0a0a0a0a0a0a0a0a0a
        90  1111111111111111  31313131313131313131313131313131
# epoch 19680  H=7.5201 C=7.1881 HO=0.3320  A(t)=2197
       268  <<<<<<<<<<<<<<<<  3c3c3c3c3c3c3c3c3c3c3c3c3c3c3c3c
       194  ;;;;;;;;;;;;;;;;  3b3b3b3b3b3b3b3b3b3b3b3b3b3b3b3b
       155  ,,,,,,,,,,,,,,,,  2c2c2c2c2c2c2c2c2c2c2c2c2c2c2c2c
       135  ================  3d3d3d3d3d3d3d3d3d3d3d3d3d3d3d3d
       115  ................  cfcfcfcfcfcfcfcfcfcfcfcfcfcfcfcf
       102  mmmmmmmmmmmmmmmm  6d6d6d6d6d6d6d6d6d6d6d6d6d6d6d6d
        95  9999999999999999  39393939393939393939393939393939
        91  ................  e9e9e9e9e9e9e9e9e9e9e9e9e9e9e9e9
        89  >>>>>>>>>>>>>>>>  3e3e3e3e3e3e3e3e3e3e3e3e3e3e3e3e
        87  ................  b4b4b4b4b4b4b4b4b4b4b4b4b4b4b4b4
# epoch 19700  H=7.5133 C=7.1815 HO=0.3317  A(t)=2197
       356  <<<<<<<<<<<<<<<<  3c3c3c3c3c3c3c3c3c3c3c3c3c3c3c3c
       288  ,,,,,,,,,,,,,,,,  2c2c2c2c2c2c2c2c2c2c2c2c2c2c2c2c
       156  [[[[[[[[[[[[[[[[  5b5b5b5b5b5b5b5b5b5b5b5b5b5b5b5b
       139  ;;;;;;;;;;;;;;;;  3b3b3b3b3b3b3b3b3b3b3b3b3b3b3b3b
       136  ================  3d3d3d3d3d3d3d3d3d3d3d3d3d3d3d3d
       111  ................  cfcfcfcfcfcfcfcfcfcfcfcfcfcfcfcf
       104  JJJJJJJJJJJJJJJJ  4a4a4a4a4a4a4a4a4a4a4a4a4a4a4a4a
        98  mmmmmmmmmmmmmmmm  6d6d6d6d6d6d6d6d6d6d6d6d6d6d6d6d
        97  9999999999999999  39393939393939393939393939393939
        92  ????????????????  3f3f3f3f3f3f3f3f3f3f3f3f3f3f3f3f
# epoch 19720  H=7.5115 C=7.1851 HO=0.3264  A(t)=2204
       307  ,,,,,,,,,,,,,,,,  2c2c2c2c2c2c2c2c2c2c2c2c2c2c2c2c
       299  <<<<<<<<<<<<<<<<  3c3c3c3c3c3c3c3c3c3c3c3c3c3c3c3c
       170  ................  01010101010101010101010101010101
       162  ================  3d3d3d3d3d3d3d3d3d3d3d3d3d3d3d3d
       130  [[[[[[[[[[[[[[[[  5b5b5b5b5b5b5b5b5b5b5b5b5b5b5b5b
       112  ;;;;;;;;;;;;;;;;  3b3b3b3b3b3b3b3b3b3b3b3b3b3b3b3b
        98  ................  cfcfcfcfcfcfcfcfcfcfcfcfcfcfcfcf
        96  7777777777777777  37373737373737373737373737373737
        89  ................  2e2e2e2e2e2e2e2e2e2e2e2e2e2e2e2e
        87  9999999999999999  39393939393939393939393939393939
# epoch 19740  H=7.5123 C=7.1881 HO=0.3243  A(t)=2206
       261  ,,,,,,,,,,,,,,,,  2c2c2c2c2c2c2c2c2c2c2c2c2c2c2c2c
       247  <<<<<<<<<<<<<<<<  3c3c3c3c3c3c3c3c3c3c3c3c3c3c3c3c
       189  ================  3d3d3d3d3d3d3d3d3d3d3d3d3d3d3d3d
       155  [[[[[[[[[[[[[[[[  5b5b5b5b5b5b5b5b5b5b5b5b5b5b5b5b
       145  ;;;;;;;;;;;;;;;;  3b3b3b3b3b3b3b3b3b3b3b3b3b3b3b3b
       136  ................  01010101010101010101010101010101
       135  ................  cfcfcfcfcfcfcfcfcfcfcfcfcfcfcfcf
        83  ................  2e2e2e2e2e2e2e2e2e2e2e2e2e2e2e2e
        81  mmmmmmmmmmmmmmmm  6d6d6d6d6d6d6d6d6d6d6d6d6d6d6d6d
        78  7777777777777777  37373737373737373737373737373737
# epoch 19760  H=7.5115 C=7.1904 HO=0.3211  A(t)=2206
       226  ================  3d3d3d3d3d3d3d3d3d3d3d3d3d3d3d3d
       212  ,,,,,,,,,,,,,,,,  2c2c2c2c2c2c2c2c2c2c2c2c2c2c2c2c
       178  <<<<<<<<<<<<<<<<  3c3c3c3c3c3c3c3c3c3c3c3c3c3c3c3c
       157  ................  cfcfcfcfcfcfcfcfcfcfcfcfcfcfcfcf
       133  ................  01010101010101010101010101010101
       129  ;;;;;;;;;;;;;;;;  3b3b3b3b3b3b3b3b3b3b3b3b3b3b3b3b
       110  9999999999999999  39393939393939393939393939393939
        95  JJJJJJJJJJJJJJJJ  4a4a4a4a4a4a4a4a4a4a4a4a4a4a4a4a
        78  [[[[[[[[[[[[[[[[  5b5b5b5b5b5b5b5b5b5b5b5b5b5b5b5b
        76  mmmmmmmmmmmmmmmm  6d6d6d6d6d6d6d6d6d6d6d6d6d6d6d6d
# epoch 19780  H=7.5088 C=7.1888 HO=0.3200  A(t)=2209
       238  ,,,,,,,,,,,,,,,,  2c2c2c2c2c2c2c2c2c2c2c2c2c2c2c2c
       230  ================  3d3d3d3d3d3d3d3d3d3d3d3d3d3d3d3d
       177  <<<<<<<<<<<<<<<<  3c3c3c3c3c3c3c3c3c3c3c3c3c3c3c3c
       159  ;;;;;;;;;;;;;;;;  3b3b3b3b3b3b3b3b3b3b3b3b3b3b3b3b
       157  [[[[[[[[[[[[[[[[  5b5b5b5b5b5b5b5b5b5b5b5b5b5b5b5b
       145  ................  cfcfcfcfcfcfcfcfcfcfcfcfcfcfcfcf
       125  9999999999999999  39393939393939393939393939393939
       123  ................  01010101010101010101010101010101
       122  >>>>>>>>>>>>>>>>  3e3e3e3e3e3e3e3e3e3e3e3e3e3e3e3e
        96  ((((((((((((((((  28282828282828282828282828282828
# epoch 19800  H=7.5079 C=7.1877 HO=0.3202  A(t)=2212
       237  ,,,,,,,,,,,,,,,,  2c2c2c2c2c2c2c2c2c2c2c2c2c2c2c2c
       210  ================  3d3d3d3d3d3d3d3d3d3d3d3d3d3d3d3d
       172  ;;;;;;;;;;;;;;;;  3b3b3b3b3b3b3b3b3b3b3b3b3b3b3b3b
       163  <<<<<<<<<<<<<<<<  3c3c3c3c3c3c3c3c3c3c3c3c3c3c3c3c
       143  9999999999999999  39393939393939393939393939393939
       139  >>>>>>>>>>>>>>>>  3e3e3e3e3e3e3e3e3e3e3e3e3e3e3e3e
       132  [[[[[[[[[[[[[[[[  5b5b5b5b5b5b5b5b5b5b5b5b5b5b5b5b
       111  ................  cfcfcfcfcfcfcfcfcfcfcfcfcfcfcfcf
       109  ................  01010101010101010101010101010101
       102  ________________  5f5f5f5f5f5f5f5f5f5f5f5f5f5f5f5f
# epoch 19820  H=7.5084 C=7.1909 HO=0.3175  A(t)=2214
       325  <<<<<<<<<<<<<<<<  3c3c3c3c3c3c3c3c3c3c3c3c3c3c3c3c
       231  ,,,,,,,,,,,,,,,,  2c2c2c2c2c2c2c2c2c2c2c2c2c2c2c2c
       197  ================  3d3d3d3d3d3d3d3d3d3d3d3d3d3d3d3d
       175  9999999999999999  39393939393939393939393939393939
       159  [[[[[[[[[[[[[[[[  5b5b5b5b5b5b5b5b5b5b5b5b5b5b5b5b
       136  ;;;;;;;;;;;;;;;;  3b3b3b3b3b3b3b3b3b3b3b3b3b3b3b3b
       126  >>>>>>>>>>>>>>>>  3e3e3e3e3e3e3e3e3e3e3e3e3e3e3e3e
       115  ::::::::::::::::  3a3a3a3a3a3a3a3a3a3a3a3a3a3a3a3a
       104  ................  cfcfcfcfcfcfcfcfcfcfcfcfcfcfcfcf
        91  ****************  2a2a2a2a2a2a2a2a2a2a2a2a2a2a2a2a
# epoch 19840  H=7.5089 C=7.1878 HO=0.3210  A(t)=2214
       351  <<<<<<<<<<<<<<<<  3c3c3c3c3c3c3c3c3c3c3c3c3c3c3c3c
       267  ,,,,,,,,,,,,,,,,  2c2c2c2c2c2c2c2c2c2c2c2c2c2c2c2c
       263  ================  3d3d3d3d3d3d3d3d3d3d3d3d3d3d3d3d
       208  [[[[[[[[[[[[[[[[  5b5b5b5b5b5b5b5b5b5b5b5b5b5b5b5b
       151  9999999999999999  39393939393939393939393939393939
       126  7777777777777777  37373737373737373737373737373737
       119  ;;;;;;;;;;;;;;;;  3b3b3b3b3b3b3b3b3b3b3b3b3b3b3b3b
       107  >>>>>>>>>>>>>>>>  3e3e3e3e3e3e3e3e3e3e3e3e3e3e3e3e
        93  ::::::::::::::::  3a3a3a3a3a3a3a3a3a3a3a3a3a3a3a3a
        92  ................  cfcfcfcfcfcfcfcfcfcfcfcfcfcfcfcf
# epoch 19860  H=7.5063 C=7.1864 HO=0.3200  A(t)=2216
       537  <<<<<<<<<<<<<<<<  3c3c3c3c3c3c3c3c3c3c3c3c3c3c3c3c
       267  [[[[[[[[[[[[[[[[  5b5b5b5b5b5b5b5b5b5b5b5b5b5b5b5b
       262  ,,,,,,,,,,,,,,,,  2c2c2c2c2c2c2c2c2c2c2c2c2c2c2c2c
       256  ================  3d3d3d3d3d3d3d3d3d3d3d3d3d3d3d3d
       207  9999999999999999  39393939393939393939393939393939
       141  >>>>>>>>>>>>>>>>  3e3e3e3e3e3e3e3e3e3e3e3e3e3e3e3e
       100  ;;;;;;;;;;;;;;;;  3b3b3b3b3b3b3b3b3b3b3b3b3b3b3b3b
        89  ................  dcdcdcdcdcdcdcdcdcdcdcdcdcdcdcdc
        84  ................  cfcfcfcfcfcfcfcfcfcfcfcfcfcfcfcf
        78  ::::::::::::::::  3a3a3a3a3a3a3a3a3a3a3a3a3a3a3a3a
# epoch 19880  H=7.5052 C=7.1814 HO=0.3237  A(t)=2220
       666  <<<<<<<<<<<<<<<<  3c3c3c3c3c3c3c3c3c3c3c3c3c3c3c3c
       264  [[[[[[[[[[[[[[[[  5b5b5b5b5b5b5b5b5b5b5b5b5b5b5b5b
       258  ,,,,,,,,,,,,,,,,  2c2c2c2c2c2c2c2c2c2c2c2c2c2c2c2c
       220  ================  3d3d3d3d3d3d3d3d3d3d3d3d3d3d3d3d
       188  >>>>>>>>>>>>>>>>  3e3e3e3e3e3e3e3e3e3e3e3e3e3e3e3e
       159  9999999999999999  39393939393939393939393939393939
       128  ::::::::::::::::  3a3a3a3a3a3a3a3a3a3a3a3a3a3a3a3a
       107  ................  01010101010101010101010101010101
        93  JJJJJJJJJJJJJJJJ  4a4a4a4a4a4a4a4a4a4a4a4a4a4a4a4a
        92  ;;;;;;;;;;;;;;;;  3b3b3b3b3b3b3b3b3b3b3b3b3b3b3b3b
# epoch 19900  H=7.5072 C=7.1790 HO=0.3282  A(t)=2222
       569  <<<<<<<<<<<<<<<<  3c3c3c3c3c3c3c3c3c3c3c3c3c3c3c3c
       256  ================  3d3d3d3d3d3d3d3d3d3d3d3d3d3d3d3d
       245  [[[[[[[[[[[[[[[[  5b5b5b5b5b5b5b5b5b5b5b5b5b5b5b5b
       236  >>>>>>>>>>>>>>>>  3e3e3e3e3e3e3e3e3e3e3e3e3e3e3e3e
       218  ,,,,,,,,,,,,,,,,  2c2c2c2c2c2c2c2c2c2c2c2c2c2c2c2c
       128  9999999999999999  39393939393939393939393939393939
       104  ................  bebebebebebebebebebebebebebebebe
       101  ::::::::::::::::  3a3a3a3a3a3a3a3a3a3a3a3a3a3a3a3a
        94  ................  01010101010101010101010101010101
        91  ;;;;;;;;;;;;;;;;  3b3b3b3b3b3b3b3b3b3b3b3b3b3b3b3b
# epoch 19920  H=7.5108 C=7.1875 HO=0.3234  A(t)=2225
       492  <<<<<<<<<<<<<<<<  3c3c3c3c3c3c3c3c3c3c3c3c3c3c3c3c
       213  [[[[[[[[[[[[[[[[  5b5b5b5b5b5b5b5b5b5b5b5b5b5b5b5b
       200  >>>>>>>>>>>>>>>>  3e3e3e3e3e3e3e3e3e3e3e3e3e3e3e3e
       185  ================  3d3d3d3d3d3d3d3d3d3d3d3d3d3d3d3d
       185  ,,,,,,,,,,,,,,,,  2c2c2c2c2c2c2c2c2c2c2c2c2c2c2c2c
       178  ;;;;;;;;;;;;;;;;  3b3b3b3b3b3b3b3b3b3b3b3b3b3b3b3b
       131  9999999999999999  39393939393939393939393939393939
       116  ::::::::::::::::  3a3a3a3a3a3a3a3a3a3a3a3a3a3a3a3a
       106  JJJJJJJJJJJJJJJJ  4a4a4a4a4a4a4a4a4a4a4a4a4a4a4a4a
       100  ................  bebebebebebebebebebebebebebebebe
# epoch 19940  H=7.5087 C=7.1882 HO=0.3206  A(t)=2225
       425  <<<<<<<<<<<<<<<<  3c3c3c3c3c3c3c3c3c3c3c3c3c3c3c3c
       203  ================  3d3d3d3d3d3d3d3d3d3d3d3d3d3d3d3d
       191  >>>>>>>>>>>>>>>>  3e3e3e3e3e3e3e3e3e3e3e3e3e3e3e3e
       162  ,,,,,,,,,,,,,,,,  2c2c2c2c2c2c2c2c2c2c2c2c2c2c2c2c
       156  [[[[[[[[[[[[[[[[  5b5b5b5b5b5b5b5b5b5b5b5b5b5b5b5b
       152  9999999999999999  39393939393939393939393939393939
       150  ;;;;;;;;;;;;;;;;  3b3b3b3b3b3b3b3b3b3b3b3b3b3b3b3b
       137  ::::::::::::::::  3a3a3a3a3a3a3a3a3a3a3a3a3a3a3a3a
       109  ................  01010101010101010101010101010101
       105  JJJJJJJJJJJJJJJJ  4a4a4a4a4a4a4a4a4a4a4a4a4a4a4a4a
# epoch 19960  H=7.5083 C=7.1898 HO=0.3185  A(t)=2225
       506  <<<<<<<<<<<<<<<<  3c3c3c3c3c3c3c3c3c3c3c3c3c3c3c3c
       211  [[[[[[[[[[[[[[[[  5b5b5b5b5b5b5b5b5b5b5b5b5b5b5b5b
       196  >>>>>>>>>>>>>>>>  3e3e3e3e3e3e3e3e3e3e3e3e3e3e3e3e
       169  ,,,,,,,,,,,,,,,,  2c2c2c2c2c2c2c2c2c2c2c2c2c2c2c2c
       159  ================  3d3d3d3d3d3d3d3d3d3d3d3d3d3d3d3d
       142  ;;;;;;;;;;;;;;;;  3b3b3b3b3b3b3b3b3b3b3b3b3b3b3b3b
       136  9999999999999999  39393939393939393939393939393939
       111  ::::::::::::::::  3a3a3a3a3a3a3a3a3a3a3a3a3a3a3a3a
       101  ................  01010101010101010101010101010101
        90  ................  bebebebebebebebebebebebebebebebe
# epoch 19980  H=7.5102 C=7.1893 HO=0.3209  A(t)=2230
       407  <<<<<<<<<<<<<<<<  3c3c3c3c3c3c3c3c3c3c3c3c3c3c3c3c
       207  >>>>>>>>>>>>>>>>  3e3e3e3e3e3e3e3e3e3e3e3e3e3e3e3e
       187  [[[[[[[[[[[[[[[[  5b5b5b5b5b5b5b5b5b5b5b5b5b5b5b5b
       159  9999999999999999  39393939393939393939393939393939
       135  ================  3d3d3d3d3d3d3d3d3d3d3d3d3d3d3d3d
       120  ,,,,,,,,,,,,,,,,  2c2c2c2c2c2c2c2c2c2c2c2c2c2c2c2c
       111  @@@@@@@@@@@@@@@@  40404040404040404040404040404040
       110  ;;;;;;;;;;;;;;;;  3b3b3b3b3b3b3b3b3b3b3b3b3b3b3b3b
       100  ::::::::::::::::  3a3a3a3a3a3a3a3a3a3a3a3a3a3a3a3a
        84  ((((((((((((((((  28282828282828282828282828282828
# epoch 20000  H=7.5138 C=7.1940 HO=0.3197  A(t)=2230
       411  <<<<<<<<<<<<<<<<  3c3c3c3c3c3c3c3c3c3c3c3c3c3c3c3c
       214  ================  3d3d3d3d3d3d3d3d3d3d3d3d3d3d3d3d
       190  [[[[[[[[[[[[[[[[  5b5b5b5b5b5b5b5b5b5b5b5b5b5b5b5b
       151  >>>>>>>>>>>>>>>>  3e3e3e3e3e3e3e3e3e3e3e3e3e3e3e3e
       141  9999999999999999  39393939393939393939393939393939
       101  ................  cececececececececececececececece
        98  ;;;;;;;;;;;;;;;;  3b3b3b3b3b3b3b3b3b3b3b3b3b3b3b3b
        97  ,,,,,,,,,,,,,,,,  2c2c2c2c2c2c2c2c2c2c2c2c2c2c2c2c
        89  @@@@@@@@@@@@@@@@  40404040404040404040404040404040
        89  ::::::::::::::::  3a3a3a3a3a3a3a3a3a3a3a3a3a3a3a3a
