epoch,wall_s,sim_s,entropy_bits,comp_bits,high_order_entropy,brotli2_bits,zlib_bits,hoe_zlib,mean_steps,frac_copy_runs,frac_steps_in_loop,ops_per_run,frac_term_budget,frac_term_off_region,frac_term_unmatched,runs,steps,mutations,distinct_windows,n_persistent,A_t,n_persistent_naive,A_t_naive
0,0.025,0.0,7.997252,8.000488,-0.003236,8.000488,8.003174,-0.005922,0.0,0.0,0.0,0.0,0.0,0.0,0.0,0,0,0,65536,0,0,0,0
50,0.394,0.344,7.986907,7.872559,0.114348,7.905518,7.844238,0.142669,1551.7515,0.550176,0.933428,149.9119,0.173379,0.592891,0.23373,51200,79449676,1523,64786,0,0,0,0
100,0.722,0.647,7.98259,7.768799,0.213791,7.91687,7.75769,0.2249,1688.8445,0.584453,0.939618,157.0273,0.192012,0.571602,0.236387,51200,86468840,1587,64841,0,0,0,0
150,1.057,0.955,7.978807,7.716797,0.26201,7.913818,7.682129,0.296678,1717.5892,0.597012,0.941159,188.3471,0.195918,0.556523,0.247559,51200,87940567,1589,64869,0,0,0,0
200,1.386,1.258,7.972639,7.633301,0.339338,7.913574,7.611694,0.360945,1685.6764,0.60291,0.940608,174.9611,0.192383,0.552871,0.254746,51200,86306633,1584,64874,0,0,0,0
250,1.703,1.55,7.967328,7.584839,0.382489,7.906006,7.567627,0.399701,1597.6194,0.605039,0.936665,165.514,0.181895,0.571719,0.246387,51200,81798114,1566,64997,0,0,0,0
300,2.018,1.838,7.956466,7.53186,0.424605,7.832886,7.470947,0.485518,1542.4829,0.619102,0.933585,163.5178,0.175508,0.592617,0.231875,51200,78975124,1616,64847,11,11,11,11
350,2.326,2.118,7.941892,7.497192,0.4447,7.827637,7.437988,0.503904,1505.637,0.598574,0.931852,152.6176,0.17084,0.594297,0.234863,51200,77088612,1576,64836,9,13,9,13
400,2.626,2.392,7.932575,7.484131,0.448444,7.793579,7.392456,0.540119,1445.1681,0.593613,0.928901,157.89,0.164316,0.596406,0.239277,51200,73992608,1524,64727,10,14,10,14
450,2.929,2.668,7.923572,7.464722,0.458851,7.810303,7.365967,0.557606,1453.0442,0.587031,0.929022,171.7568,0.165,0.605586,0.229414,51200,74395861,1550,64710,7,14,7,14
500,3.255,2.965,7.906618,7.423584,0.483034,7.766113,7.306641,0.599977,1400.5265,0.596016,0.92605,162.7339,0.158672,0.612246,0.229082,51200,71706958,1549,64525,8,17,8,17
550,3.554,3.236,7.878583,7.372192,0.506391,7.669556,7.227295,0.651288,1352.4168,0.60373,0.922944,166.5881,0.15293,0.621074,0.225996,51200,69243739,1548,64029,10,19,10,19
600,3.84,3.495,7.847022,7.290894,0.556129,7.608643,7.171143,0.67588,1339.6654,0.595918,0.922478,164.1879,0.151641,0.613047,0.235312,51200,68590867,1535,63685,10,19,10,19
650,4.134,3.76,7.817423,7.227295,0.590128,7.55127,7.095703,0.721719,1230.0714,0.596191,0.915163,150.9354,0.137539,0.622988,0.239473,51200,62979654,1528,63373,12,22,12,22
700,4.408,4.004,7.792608,7.166504,0.626104,7.527222,7.061035,0.731573,1171.1829,0.590879,0.910266,154.0129,0.130312,0.631738,0.237949,51200,59964567,1581,63113,11,22,11,22
750,4.667,4.236,7.734356,7.106323,0.628033,7.463501,6.991455,0.742901,1121.9795,0.589824,0.906171,160.7433,0.124316,0.639004,0.23668,51200,57445351,1590,62821,19,31,19,31
800,4.929,4.469,7.686904,7.05896,0.627944,7.376221,6.933105,0.753799,1091.9349,0.594805,0.903117,170.3081,0.119629,0.644629,0.235742,51200,55907065,1597,62473,23,35,23,35
850,5.184,4.695,7.66464,7.019287,0.645353,7.374023,6.905762,0.758878,1088.4343,0.590859,0.902232,164.2958,0.118691,0.654473,0.226836,51200,55727834,1547,62688,20,36,20,36
900,5.444,4.926,7.603666,6.889893,0.713773,7.266846,6.799805,0.803861,1095.8628,0.600996,0.902056,152.1107,0.119883,0.668535,0.211582,51200,56108177,1551,61953,17,36,17,36
950,5.697,5.149,7.550321,6.832764,0.717557,7.19397,6.745117,0.805204,1077.1479,0.594199,0.899545,135.1346,0.117812,0.682383,0.199805,51200,55149971,1624,61604,22,44,22,44
1000,5.942,5.364,7.461594,6.689941,0.771653,7.056396,6.609741,0.851853,1029.6447,0.602949,0.89389,134.7524,0.111797,0.697988,0.190215,51200,52717810,1562,60638,25,47,25,47
1050,6.189,5.58,7.292111,6.474731,0.81738,6.821655,6.405273,0.886838,1008.107,0.594902,0.89186,133.5283,0.109551,0.694082,0.196367,51200,51615080,1595,58672,33,56,33,56
1100,6.437,5.794,7.211525,6.377563,0.833961,6.747314,6.30542,0.906105,984.8157,0.588301,0.889003,141.1835,0.106934,0.698496,0.19457,51200,50422563,1544,57899,29,56,29,56
1150,6.681,6.004,7.085836,6.197876,0.88796,6.562988,6.152832,0.933004,973.8528,0.594902,0.886893,151.0341,0.105801,0.712266,0.181934,51200,49861265,1588,56264,31,57,31,57
1200,6.927,6.215,6.993846,6.05249,0.941356,6.420044,6.014282,0.979564,994.1529,0.608066,0.888965,154.6204,0.108379,0.712656,0.178965,51200,50900631,1535,55419,34,63,34,63
1250,7.175,6.427,6.891287,5.971802,0.919485,6.27478,5.926392,0.964895,960.2809,0.608145,0.884071,159.6673,0.103867,0.726738,0.169395,51200,49166384,1643,54102,37,69,37,69
1300,7.406,6.621,6.749603,5.7948,0.954803,6.113281,5.747803,1.0018,882.3651,0.616621,0.872887,152.0782,0.094199,0.741172,0.164629,51200,45177092,1564,52967,44,77,44,77
1350,7.632,6.808,6.609162,5.607178,1.001984,5.938843,5.576294,1.032868,824.8581,0.62875,0.863159,132.8026,0.087012,0.749082,0.163906,51200,42232734,1556,51494,60,93,60,93
1400,7.847,6.984,6.467019,5.399902,1.067117,5.756958,5.396362,1.070657,756.6659,0.63791,0.848674,118.2068,0.078516,0.774258,0.147227,51200,38741292,1613,50114,60,95,60,95
1450,8.056,7.153,6.307206,5.241699,1.065507,5.560913,5.230713,1.076493,740.0844,0.647734,0.843794,105.137,0.076309,0.787363,0.136328,51200,37892322,1542,48388,65,102,65,102
1500,8.266,7.322,6.186485,5.084839,1.101646,5.407104,5.088989,1.097495,740.0553,0.656113,0.842877,115.6124,0.075742,0.798047,0.126211,51200,37890833,1496,46962,74,111,74,111
1550,8.505,7.503,6.078473,5.007812,1.07066,5.344116,5.026123,1.05235,720.1421,0.658945,0.837573,114.114,0.073145,0.807949,0.118906,51200,36871275,1526,46475,73,115,73,115
1600,8.716,7.672,5.981064,4.894653,1.08641,5.212036,4.922119,1.058945,681.7211,0.666016,0.82856,119.4068,0.069082,0.809453,0.121465,51200,34904121,1633,45257,89,135,89,135
1650,8.918,7.828,5.960125,4.823975,1.13615,5.146484,4.838501,1.121624,630.4882,0.670254,0.814345,110.2342,0.062969,0.813398,0.123633,51200,32280996,1557,44820,101,148,101,148
1700,9.132,8.0,5.779055,4.626221,1.152834,4.921997,4.627686,1.151369,622.0374,0.685801,0.81106,112.0158,0.062012,0.818867,0.119121,51200,31848317,1542,43242,115,164,115,164
1750,9.323,8.148,5.701866,4.532837,1.169029,4.8302,4.546875,1.154991,572.5179,0.684121,0.794894,118.4432,0.055781,0.820332,0.123887,51200,29312917,1543,43145,138,189,138,189
1800,9.515,8.296,5.683354,4.47998,1.203373,4.796265,4.529297,1.154057,565.6576,0.686543,0.791348,138.3632,0.054922,0.829805,0.115273,51200,28961670,1619,43929,124,198,124,198
1850,9.7,8.437,5.553021,4.342285,1.210736,4.631104,4.362915,1.190106,514.6817,0.699316,0.767661,115.1508,0.048125,0.84541,0.106465,51200,26351703,1602,41646,113,202,113,202
1900,9.879,8.571,5.470875,4.248413,1.222462,4.548096,4.292725,1.178151,469.9914,0.682734,0.743424,105.7534,0.041211,0.861934,0.096855,51200,24063559,1584,40789,118,209,118,209
1950,10.058,8.704,5.453454,4.231567,1.221886,4.537354,4.280151,1.173302,466.7266,0.700938,0.741844,104.0394,0.041621,0.861387,0.096992,51200,23896401,1623,41806,118,214,118,214
2000,10.233,8.833,5.435856,4.182739,1.253117,4.484863,4.235474,1.200383,440.8346,0.710078,0.727519,102.6028,0.038223,0.860371,0.101406,51200,22570730,1549,41619,118,215,118,215
2050,10.41,8.964,5.29256,4.090454,1.202106,4.415161,4.165405,1.127155,431.1162,0.708008,0.719347,103.0401,0.036953,0.87332,0.089727,51200,22073149,1628,41206,119,220,119,220
2100,10.582,9.091,5.398996,4.195312,1.203683,4.540039,4.260254,1.138742,422.9389,0.704375,0.712569,98.2593,0.03625,0.881816,0.081934,51200,21654474,1612,43499,117,233,117,233
2150,10.759,9.22,5.31918,4.107788,1.211392,4.436646,4.179077,1.140103,430.6771,0.694766,0.7182,99.3928,0.036758,0.877012,0.08623,51200,22050665,1586,42237,110,240,110,240
2200,10.933,9.344,5.366694,4.129028,1.237666,4.447021,4.212402,1.154292,385.7598,0.686953,0.685469,100.4083,0.03127,0.879023,0.089707,51200,19750901,1553,43010,115,248,115,248
2250,11.108,9.469,5.296189,4.084106,1.212082,4.426636,4.152466,1.143723,398.9482,0.685918,0.695873,110.7663,0.033184,0.878594,0.088223,51200,20426148,1567,42516,131,261,131,261
2300,11.282,9.593,5.133721,3.94043,1.193292,4.258179,4.009888,1.123834,390.509,0.69418,0.689939,111.7275,0.032266,0.874746,0.092988,51200,19994060,1627,40955,123,261,123,261
2350,11.454,9.714,5.091638,3.915405,1.176233,4.22998,3.978027,1.113611,390.3453,0.700996,0.690408,115.5728,0.032324,0.873262,0.094414,51200,19985679,1546,41416,123,261,123,261
2400,11.63,9.84,5.044107,3.861206,1.182901,4.171143,3.935181,1.108926,415.4791,0.707715,0.708113,117.967,0.035254,0.876934,0.087812,51200,21272532,1528,41410,118,262,118,262
2450,11.804,9.963,4.963919,3.771118,1.192801,4.089966,3.840088,1.123831,396.8271,0.69748,0.69304,119.2438,0.032285,0.88748,0.080234,51200,20317549,1595,40729,126,265,126,265
2500,11.98,10.087,4.90855,3.757202,1.151348,4.03418,3.822998,1.085552,407.8296,0.702578,0.700929,117.6119,0.03334,0.890684,0.075977,51200,20880874,1534,40325,132,265,132,265
2550,12.16,10.213,4.827795,3.697266,1.130529,3.998535,3.769653,1.058142,411.0988,0.699941,0.703482,124.6668,0.035137,0.88873,0.076133,51200,21048259,1570,39247,135,266,135,266
2600,12.336,10.337,4.807724,3.707642,1.100083,4.001099,3.79895,1.008774,399.0157,0.716367,0.69351,133.4116,0.03375,0.893301,0.072949,51200,20429603,1566,40990,136,266,136,266
2650,12.517,10.464,4.670218,3.571533,1.098685,3.86499,3.648682,1.021537,410.8579,0.71666,0.700584,154.0011,0.035078,0.899746,0.065176,51200,21035923,1541,39084,133,267,133,267
2700,12.694,10.592,4.664892,3.564087,1.100805,3.836426,3.6521,1.012792,397.7087,0.718066,0.689092,143.1685,0.03334,0.910996,0.055664,51200,20362684,1494,39070,145,268,145,268
2750,12.87,10.716,4.684991,3.616089,1.068902,3.877319,3.70166,0.983331,380.9769,0.70752,0.675944,137.6826,0.03166,0.910195,0.058145,51200,19506015,1544,39737,154,271,154,271
2800,13.042,10.836,4.54406,3.468262,1.075798,3.718384,3.54126,1.0028,358.7818,0.723652,0.655445,138.6114,0.028613,0.912305,0.059082,51200,18369630,1540,37994,162,273,162,273
2850,13.208,10.948,4.483447,3.44751,1.035937,3.683838,3.512939,0.970507,306.6897,0.734629,0.59498,126.8442,0.022344,0.920293,0.057363,51200,15702514,1600,36994,167,278,167,278
2900,13.369,11.055,4.422534,3.38916,1.033374,3.640381,3.461792,0.960742,280.4073,0.727207,0.556931,104.324,0.019141,0.921875,0.058984,51200,14356855,1554,36844,193,286,193,286
2950,13.528,11.16,4.388405,3.339722,1.048683,3.584351,3.408569,0.979836,281.7286,0.726113,0.557285,105.8449,0.019199,0.927949,0.052852,51200,14424502,1631,36216,185,286,185,286
3000,13.683,11.262,4.43362,3.405762,1.027859,3.667725,3.491333,0.942287,256.8352,0.732422,0.51291,98.0887,0.016133,0.938027,0.04584,51200,13149962,1511,37001,188,287,188,287
3050,13.843,11.368,4.54564,3.468628,1.077012,3.723389,3.553101,0.992539,283.0857,0.730957,0.557134,103.7747,0.01918,0.938984,0.041836,51200,14493986,1523,37327,188,290,188,290
3100,14.003,11.476,4.426761,3.302246,1.124515,3.574463,3.388794,1.037967,291.0877,0.743809,0.569866,106.4736,0.020332,0.937383,0.042285,51200,14903691,1568,35882,189,292,189,292
3150,14.161,11.583,4.193572,3.092163,1.101409,3.32605,3.176636,1.016936,289.8357,0.729648,0.566606,110.3244,0.019668,0.942695,0.037637,51200,14839590,1600,33422,183,295,183,295
3200,14.318,11.684,4.141871,3.106812,1.035059,3.333618,3.173462,0.968409,258.2287,0.719883,0.513468,111.2708,0.015703,0.945703,0.038594,51200,13221309,1617,33554,174,297,174,297
3250,14.471,11.782,4.135979,3.113403,1.022576,3.354004,3.187866,0.948113,234.3375,0.712148,0.461962,108.2345,0.012891,0.952754,0.034355,51200,11998079,1555,34114,174,300,174,300
3300,14.621,11.877,4.010778,3.001953,1.008825,3.228027,3.072998,0.93778,216.3785,0.730703,0.415715,101.1153,0.010566,0.959551,0.029883,51200,11078579,1566,33119,168,300,169,300
3350,14.767,11.969,3.814938,2.84436,0.970577,3.059326,2.892944,0.921993,198.6384,0.717969,0.361956,96.4741,0.00832,0.96623,0.025449,51200,10170284,1542,31440,146,302,150,302
3400,14.914,12.061,3.814998,2.844116,0.970882,3.046875,2.893188,0.92181,206.6436,0.705723,0.387185,99.2841,0.009199,0.964551,0.02625,51200,10580151,1519,31454,160,317,167,320
3450,15.063,12.153,3.886687,2.859741,1.026946,3.07666,2.918091,0.968596,202.1788,0.711152,0.373371,104.2128,0.008789,0.965801,0.02541,51200,10351552,1614,32033,153,319,158,323
3500,15.215,12.248,3.754038,2.818237,0.9358,3.017456,2.860962,0.893076,216.712,0.710137,0.415521,115.6962,0.010488,0.965801,0.023711,51200,11095652,1601,30822,145,322,145,326
3550,15.364,12.341,3.770575,2.844971,0.925605,3.039673,2.889038,0.881537,203.9188,0.711035,0.381227,115.8512,0.008965,0.95918,0.031855,51200,10440645,1558,31359,151,328,151,332
3600,15.514,12.436,3.709726,2.810913,0.898813,3.004028,2.84436,0.865366,202.8796,0.709863,0.378082,116.9366,0.008887,0.961309,0.029805,51200,10387433,1547,31113,154,328,154,332
3650,15.663,12.529,3.713525,2.79248,0.921045,2.970947,2.818359,0.895166,199.8139,0.711387,0.366527,117.2587,0.008848,0.964648,0.026504,51200,10230473,1539,31041,179,332,179,336
3700,15.814,12.621,3.699277,2.768433,0.930845,2.943726,2.803955,0.895322,188.3754,0.725605,0.326706,115.5431,0.007578,0.967441,0.02498,51200,9644818,1554,31413,181,333,181,337
3750,15.961,12.71,3.661089,2.767944,0.893145,2.957886,2.80835,0.852739,172.3576,0.733047,0.262357,109.0263,0.005566,0.972559,0.021875,51200,8824707,1549,31457,182,341,183,346
3800,16.105,12.796,3.659015,2.735474,0.923541,2.916992,2.77832,0.880694,155.1883,0.732988,0.181826,104.3593,0.003477,0.968672,0.027852,51200,7945639,1541,30850,180,341,182,346
3850,16.25,12.885,3.552857,2.610962,0.941895,2.780518,2.647583,0.905274,174.1756,0.746133,0.271764,117.6271,0.00582,0.967441,0.026738,51200,8917793,1558,28838,177,348,188,353
3900,16.401,12.979,3.569629,2.641968,0.927661,2.817627,2.676392,0.893237,187.6876,0.775039,0.322942,132.3611,0.007422,0.968594,0.023984,51200,9609604,1587,29497,180,356,196,363
3950,16.551,13.069,3.464353,2.578857,0.885495,2.764771,2.614868,0.849485,171.9976,0.789863,0.259788,123.5894,0.005391,0.972695,0.021914,51200,8806275,1590,28572,187,361,203,368
4000,16.704,13.159,3.569263,2.598022,0.971241,2.776245,2.632202,0.937061,174.4517,0.788398,0.267288,124.9093,0.005625,0.97957,0.014805,51200,8931928,1541,28387,196,367,213,375
4050,16.856,13.249,3.517534,2.569336,0.948198,2.77832,2.608276,0.909258,176.1422,0.787363,0.275617,125.4504,0.005859,0.976309,0.017832,51200,9018482,1555,28154,222,381,237,389
4100,17.001,13.337,3.375486,2.434082,0.941404,2.622803,2.459351,0.916136,164.6503,0.789941,0.224235,119.9563,0.004414,0.978867,0.016719,51200,8430094,1549,25949,227,388,237,396
4150,17.141,13.42,3.207519,2.295532,0.911987,2.455933,2.300293,0.907226,141.483,0.77959,0.096756,110.8703,0.001602,0.980684,0.017715,51200,7243929,1600,24164,244,399,245,407
4200,17.278,13.5,3.084229,2.197021,0.887207,2.376343,2.206787,0.877442,127.7538,0.782266,0.0,105.8433,0.0,0.981387,0.018613,51200,6540996,1533,23455,251,410,252,418
4250,17.419,13.58,3.013869,2.110962,0.902907,2.287354,2.127441,0.886428,130.0069,0.787363,0.017085,108.0032,0.000273,0.981348,0.018379,51200,6656351,1534,22683,266,429,267,437
4300,17.561,13.664,2.950053,2.062134,0.887919,2.233643,2.080322,0.869731,145.5702,0.790117,0.122047,114.4151,0.002168,0.982109,0.015723,51200,7453196,1465,21984,270,442,272,450
4350,17.702,13.747,3.036369,2.114746,0.921623,2.291626,2.144165,0.892204,144.5978,0.775547,0.114099,113.6967,0.002031,0.985605,0.012363,51200,7403409,1553,22929,270,443,274,451
4400,17.843,13.83,3.014801,2.097412,0.917389,2.279663,2.129761,0.885041,143.7113,0.801309,0.108304,114.0907,0.001914,0.98707,0.011016,51200,7358020,1536,22806,274,456,288,464
4450,17.985,13.913,2.956255,2.029907,0.926348,2.219971,2.046631,0.909624,143.9795,0.811699,0.108182,114.5846,0.001914,0.990938,0.007148,51200,7371749,1619,22025,266,458,282,466
4500,18.128,13.995,2.86386,1.980347,0.883513,2.161621,1.988403,0.875456,145.8489,0.812676,0.120753,115.7196,0.002168,0.988242,0.00959,51200,7467464,1617,21438,269,464,295,472
4550,18.273,14.077,2.911991,2.036255,0.875736,2.214844,2.03772,0.874271,140.9157,0.814043,0.093396,113.9537,0.001621,0.981113,0.017266,51200,7214885,1567,22117,269,466,290,474
4600,18.415,14.159,2.84019,1.948486,0.891704,2.098145,1.939209,0.900981,131.9841,0.815137,0.03046,110.7777,0.000488,0.985078,0.014434,51200,6757584,1485,21160,277,474,296,482
4650,18.559,14.238,2.846075,1.965088,0.880987,2.136475,1.977173,0.868902,128.2992,0.815195,0.0,110.7545,0.0,0.989258,0.010742,51200,6568921,1541,21389,283,482,300,490
4700,18.699,14.32,2.69971,1.890015,0.809695,2.051392,1.896606,0.803103,128.3989,0.812891,0.0,111.1138,0.0,0.991152,0.008848,51200,6574026,1561,20190,274,485,291,493
4750,18.836,14.398,2.826463,1.964722,0.861741,2.116821,1.959229,0.867234,128.2126,0.811699,0.0,110.377,0.0,0.98832,0.01168,51200,6564486,1561,21703,280,487,297,495
4800,18.973,14.479,2.631973,1.820435,0.811538,1.965576,1.812378,0.819595,128.4315,0.819688,0.0,111.1607,0.0,0.991484,0.008516,51200,6575693,1532,18939,267,488,290,496
4850,19.11,14.557,2.628016,1.820679,0.807338,1.969116,1.829834,0.798182,127.8926,0.821562,0.0,113.1177,0.0,0.98248,0.01752,51200,6548099,1598,19136,255,489,287,497
4900,19.246,14.637,2.617683,1.802124,0.815559,1.947754,1.811646,0.806038,137.542,0.837324,0.068092,116.7454,0.001152,0.986797,0.012051,51200,7042152,1603,19174,249,492,289,500
4950,19.382,14.716,2.656094,1.876343,0.779751,2.031982,1.892212,0.763882,129.4198,0.832812,0.009815,111.5032,0.000156,0.987168,0.012676,51200,6626292,1588,20177,238,492,278,500
5000,19.522,14.794,2.558177,1.771606,0.78657,1.932373,1.782227,0.77595,127.8408,0.824531,0.0,111.3289,0.0,0.982305,0.017695,51200,6545448,1557,19522,224,501,267,509
5050,19.658,14.873,2.495681,1.735352,0.76033,1.880371,1.738647,0.757034,128.1314,0.815469,0.0,113.2157,0.0,0.986738,0.013262,51200,6560326,1657,18822,215,501,260,509
5100,19.792,14.95,2.561053,1.7948,0.766253,1.944458,1.800293,0.76076,127.8809,0.807969,0.0,113.2996,0.0,0.982246,0.017754,51200,6547503,1582,19585,202,501,249,509
5150,19.93,15.028,2.62071,1.87146,0.74925,2.016602,1.881592,0.739119,127.6986,0.795957,0.0,111.968,0.0,0.980449,0.019551,51200,6538170,1611,20998,196,501,241,510
5200,20.067,15.106,2.557788,1.832031,0.725757,1.971558,1.822388,0.7354,127.939,0.78041,0.0,110.9347,0.0,0.984258,0.015742,51200,6550479,1552,20011,198,501,244,518
5250,20.204,15.184,2.63014,1.80127,0.82887,1.959961,1.797363,0.832777,127.9924,0.798906,0.0,112.2927,0.0,0.984863,0.015137,51200,6553211,1602,19940,198,509,252,527
5300,20.34,15.262,2.608688,1.803711,0.804977,1.95752,1.811646,0.797042,128.3666,0.794648,0.0,112.2835,0.0,0.989863,0.010137,51200,6572372,1601,20280,215,513,269,533
5350,20.479,15.343,2.542943,1.76123,0.781713,1.911377,1.751343,0.7916,128.9013,0.791328,0.0037,113.2529,5.9e-05,0.990684,0.009258,51200,6599748,1576,19481,204,513,244,533
5400,20.618,15.422,2.755295,1.950195,0.805099,2.129761,1.956055,0.79924,132.7974,0.802832,0.034345,114.2205,0.000566,0.987324,0.012109,51200,6799228,1512,22611,210,522,255,545
5450,20.757,15.503,2.851317,1.994629,0.856689,2.183716,2.00293,0.848388,133.2332,0.801816,0.037772,111.8332,0.000625,0.986543,0.012832,51200,6821539,1597,23636,219,523,264,546
5500,20.906,15.586,2.849467,2.00708,0.842387,2.18811,2.029541,0.819926,127.8536,0.792051,0.0,108.5371,0.0,0.982598,0.017402,51200,6546105,1551,23022,215,524,255,547
5550,21.054,15.67,2.86598,2.000122,0.865858,2.172607,2.019287,0.846693,127.6141,0.785977,0.0,108.1097,0.0,0.978301,0.021699,51200,6533842,1614,22971,213,524,255,554
5600,21.196,15.754,2.761582,1.927246,0.834336,2.098999,1.936401,0.825181,127.4716,0.791094,0.0,109.6661,0.0,0.976602,0.023398,51200,6526548,1588,20965,216,528,264,564
5650,21.338,15.835,2.902055,2.064697,0.837358,2.232666,2.071533,0.830522,135.4956,0.778262,0.056777,110.4829,0.000938,0.980879,0.018184,51200,6937373,1568,23739,218,539,258,578
5700,21.477,15.917,2.927511,2.085571,0.84194,2.259277,2.105591,0.82192,140.6136,0.777207,0.09138,112.7796,0.001582,0.980645,0.017773,51200,7199415,1558,24235,196,539,229,581
5750,21.616,15.998,2.963322,2.117554,0.845769,2.282593,2.126709,0.836613,136.9605,0.785938,0.067176,112.8349,0.001133,0.981426,0.017441,51200,7012378,1575,24400,201,541,223,583
5800,21.754,16.081,2.930924,2.069702,0.861222,2.226685,2.073242,0.857682,145.1571,0.796875,0.119581,114.1324,0.002129,0.982461,0.01541,51200,7432043,1616,23227,212,544,230,587
5850,21.893,16.163,2.91504,2.059082,0.855958,2.233032,2.06958,0.84546,143.7429,0.793301,0.110358,111.3113,0.001953,0.982227,0.01582,51200,7359635,1571,23028,214,550,231,593
5900,22.029,16.244,2.765139,1.943359,0.82178,2.104492,1.94458,0.820559,144.4191,0.790508,0.111539,120.7302,0.001973,0.988184,0.009844,51200,7394258,1511,21302,213,551,229,594
5950,22.166,16.325,2.770597,1.977173,0.793424,2.140015,1.986206,0.784391,144.1942,0.788496,0.108513,123.2246,0.001934,0.991699,0.006367,51200,7382744,1623,22073,212,552,228,595
6000,22.305,16.409,2.839018,2.002319,0.836699,2.16687,2.022583,0.816435,159.6332,0.791953,0.19637,131.4057,0.003848,0.987715,0.008438,51200,8173219,1544,21642,227,559,243,602
6050,22.441,16.49,2.823765,1.953979,0.869785,2.11084,1.963745,0.86002,147.2051,0.77543,0.128763,121.421,0.002324,0.988262,0.009414,51200,7536902,1534,21137,233,561,249,604
6100,22.581,16.573,2.89244,2.013428,0.879012,2.173828,2.019165,0.873275,152.6589,0.774121,0.162613,124.9465,0.003066,0.981387,0.015547,51200,7816138,1619,22610,233,562,255,606
6150,22.736,16.659,2.841635,2.009277,0.832358,2.165283,2.014282,0.827353,146.5945,0.802246,0.131339,121.5135,0.002383,0.97375,0.023867,51200,7505638,1529,22323,239,563,260,607
6200,22.884,16.749,2.854511,1.990967,0.863545,2.153076,1.999023,0.855488,147.0337,0.805352,0.133126,122.724,0.002422,0.975195,0.022383,51200,7528127,1566,21821,247,567,267,611
6250,23.031,16.838,2.836578,1.935791,0.900787,2.104614,1.946655,0.889923,149.4727,0.822949,0.146221,122.888,0.002695,0.97791,0.019395,51200,7653003,1567,20990,277,570,297,614
6300,23.171,16.921,2.757182,1.884888,0.872294,2.040161,1.892212,0.86497,148.1488,0.832891,0.135138,122.3458,0.002461,0.98666,0.010879,51200,7585218,1508,20284,289,571,308,615
6350,23.308,17.002,2.718403,1.855469,0.862935,2.000366,1.843872,0.874531,142.3014,0.827949,0.095977,119.4143,0.00168,0.994414,0.003906,51200,7285832,1522,20405,280,571,299,615
6400,23.445,17.081,2.770518,1.874878,0.89564,2.025879,1.889282,0.881236,128.8899,0.811934,0.0,111.6358,0.0,0.998301,0.001699,51200,6599164,1605,20414,278,572,297,616
6450,23.596,17.171,2.722648,1.803955,0.918692,1.955078,1.809204,0.913443,133.5332,0.814375,0.035636,113.3245,0.000586,0.996445,0.002969,51200,6836902,1519,19427,284,576,303,618
6500,23.739,17.255,2.627482,1.73291,0.894572,1.880249,1.724731,0.902751,146.7247,0.825762,0.122209,118.7417,0.002207,0.996738,0.001055,51200,7512304,1540,18443,273,576,290,618
6550,23.878,17.336,2.595645,1.720459,0.875186,1.875732,1.726318,0.869327,145.4623,0.819395,0.116714,118.9035,0.00209,0.99207,0.00584,51200,7447669,1562,18161,273,579,290,621
6600,24.014,17.417,2.717142,1.778076,0.939066,1.939941,1.784912,0.93223,145.1787,0.822988,0.115827,118.4418,0.00207,0.989688,0.008242,51200,7433151,1561,19004,266,579,284,623
6650,24.153,17.499,2.811874,1.856812,0.955062,2.020874,1.868164,0.94371,143.5703,0.82875,0.105081,116.2059,0.001855,0.992129,0.006016,51200,7350800,1563,20418,277,580,294,623
6700,24.292,17.579,2.796243,1.849365,0.946878,2.017822,1.866699,0.929544,140.7393,0.826289,0.085001,114.9388,0.001309,0.996523,0.002168,51200,7205851,1510,20179,260,580,277,623
6750,24.43,17.659,2.826964,1.916626,0.910338,2.088867,1.930176,0.896788,133.6409,0.827188,0.035746,113.8442,9.8e-05,0.997656,0.002246,51200,6842412,1567,21068,263,581,282,629
6800,24.569,17.739,2.814371,1.882812,0.931559,2.04248,1.900879,0.913492,132.7986,0.818203,0.031529,112.3043,0.000137,0.993438,0.006426,51200,6799289,1580,20731,266,581,277,629
6850,24.709,17.82,2.743312,1.809326,0.933986,1.964966,1.813721,0.929592,142.8676,0.803066,0.101759,126.278,0.001797,0.988184,0.01002,51200,7314821,1600,19189,274,585,280,629
6900,24.85,17.9,2.696833,1.850952,0.845881,2.000244,1.855591,0.841242,133.2202,0.795703,0.035581,116.9061,0.000586,0.991641,0.007773,51200,6820875,1599,19266,277,588,285,631
6950,24.987,17.979,2.635996,1.769897,0.866099,1.927368,1.773315,0.862681,128.5776,0.833848,0.001296,113.5182,2e-05,0.990684,0.009297,51200,6583173,1576,18577,272,589,288,632
7000,25.125,18.058,2.569498,1.700928,0.86857,1.858521,1.692383,0.877115,133.6243,0.844824,0.037784,115.8458,0.000625,0.99293,0.006445,51200,6841564,1538,17710,287,590,303,633
7050,25.266,18.139,2.584469,1.687378,0.897091,1.847412,1.696533,0.887936,133.2416,0.85375,0.035257,116.3674,0.000547,0.992422,0.007031,51200,6821971,1523,17744,290,590,303,633
7100,25.404,18.219,2.466045,1.590576,0.875468,1.735352,1.579346,0.886699,142.0962,0.84209,0.094752,118.5699,0.001367,0.993203,0.00543,51200,7275323,1585,17128,293,590,306,633
7150,25.569,18.31,2.417093,1.551514,0.865579,1.692139,1.534058,0.883035,128.62,0.821973,0.0,116.3385,0.0,0.994043,0.005957,51200,6585345,1588,15991,291,590,307,633
7200,25.71,18.39,2.600721,1.673828,0.926893,1.818726,1.673218,0.927503,128.4415,0.835684,0.0,115.9528,0.0,0.991621,0.008379,51200,6576205,1638,17889,293,596,309,639
7250,25.848,18.469,2.561369,1.669922,0.891448,1.820801,1.672241,0.889128,128.2094,0.833965,0.0,113.8051,0.0,0.987598,0.012402,51200,6564319,1556,17639,288,602,309,650
7300,25.989,18.55,2.569534,1.68689,0.882645,1.830322,1.689575,0.879959,141.2283,0.820723,0.09096,125.4632,0.001582,0.990098,0.00832,51200,7230890,1599,17724,290,604,312,653
7350,26.127,18.631,2.524324,1.640381,0.883943,1.774658,1.628174,0.89615,142.3932,0.82377,0.100259,124.9789,0.001758,0.986094,0.012148,51200,7290532,1576,17781,280,608,302,657
7400,26.266,18.711,2.479963,1.641479,0.838484,1.78418,1.635254,0.844709,144.0948,0.829219,0.109582,125.8561,0.001934,0.989297,0.00877,51200,7377654,1491,16626,294,617,316,666
7450,26.408,18.792,2.449944,1.631592,0.818352,1.769287,1.625366,0.824577,145.2882,0.838281,0.116839,127.241,0.00209,0.98916,0.00875,51200,7438755,1556,16489,297,622,316,668
7500,26.549,18.872,2.400529,1.581421,0.819108,1.713867,1.558105,0.842424,136.086,0.865098,0.0556,119.6699,0.000938,0.99207,0.006992,51200,6967601,1663,15726,312,633,331,679
7550,26.685,18.951,2.369119,1.464966,0.904153,1.609009,1.447754,0.921365,129.2807,0.882227,0.004873,118.1679,7.8e-05,0.994531,0.005391,51200,6619172,1550,14477,303,635,336,680
7600,26.838,19.029,2.32411,1.473999,0.850111,1.609985,1.454224,0.869887,128.5746,0.870156,0.0,117.3937,0.0,0.993594,0.006406,51200,6583020,1535,14559,303,636,336,681
7650,26.99,19.12,2.36069,1.514526,0.846163,1.64978,1.488647,0.872042,128.7112,0.866816,0.0,117.81,0.0,0.995527,0.004473,51200,6590015,1599,15260,310,640,349,691
7700,27.126,19.199,2.385594,1.521606,0.863988,1.65686,1.500977,0.884618,133.446,0.858965,0.035623,120.681,0.000586,0.995078,0.004336,51200,6832435,1560,14765,309,643,343,692
7750,27.264,19.277,2.461474,1.575928,0.885547,1.713257,1.556763,0.904712,129.5162,0.898027,0.0049,118.3936,7.8e-05,0.998164,0.001758,51200,6631228,1587,15344,310,644,341,692
7800,27.398,19.354,2.393399,1.504395,0.889005,1.645508,1.502808,0.890592,128.8628,0.890312,0.0,117.5833,0.0,0.998184,0.001816,51200,6597775,1521,14873,312,645,343,693
7850,27.533,19.431,2.405305,1.525757,0.879549,1.675903,1.525513,0.879793,128.8944,0.878711,0.0,117.4583,0.0,0.99834,0.00166,51200,6599394,1611,15403,323,647,341,695
7900,27.668,19.508,2.428868,1.544922,0.883946,1.696533,1.542236,0.886631,128.7789,0.874336,0.0,116.4074,0.0,0.996777,0.003223,51200,6593482,1636,15919,311,647,328,695
7950,27.806,19.586,2.463672,1.580444,0.883228,1.727417,1.573364,0.890308,128.6423,0.867598,0.0,116.5154,0.0,0.994434,0.005566,51200,6586487,1598,16132,312,647,326,695
8000,27.942,19.663,2.481001,1.552246,0.928755,1.695557,1.5354,0.9456,128.787,0.856953,0.0,116.8486,0.0,0.99668,0.00332,51200,6593895,1580,16502,314,653,327,701
8050,28.078,19.741,2.43261,1.57666,0.85595,1.717285,1.568604,0.864007,128.7327,0.832363,0.0,116.9501,0.0,0.995918,0.004082,51200,6591115,1537,15985,315,658,323,706
8100,28.212,19.818,2.512485,1.608521,0.903964,1.753296,1.60376,0.908725,128.4949,0.844551,0.0,115.9765,0.0,0.992012,0.007988,51200,6578941,1621,17134,292,658,299,706
8150,28.354,19.896,2.51972,1.650635,0.869085,1.796875,1.645508,0.874212,128.6369,0.836934,0.0,115.7022,0.0,0.994121,0.005879,51200,6586211,1617,16927,287,658,294,706
8200,28.501,19.98,2.595661,1.704102,0.89156,1.837524,1.69751,0.898152,128.6429,0.820703,0.0,115.3216,0.0,0.994531,0.005469,51200,6586519,1560,18449,275,661,282,709
8250,28.644,20.063,2.61484,1.727417,0.887423,1.879517,1.726074,0.888766,128.3189,0.818066,0.0,114.0161,0.0,0.989883,0.010117,51200,6569929,1619,18151,271,661,278,709
8300,28.782,20.141,2.539434,1.668701,0.870732,1.809937,1.665283,0.87415,136.0513,0.805977,0.060821,122.2598,0.001016,0.981875,0.017109,51200,6965825,1548,18157,263,666,274,716
8350,28.92,20.219,2.557027,1.703613,0.853413,1.849365,1.692139,0.864888,133.4301,0.806523,0.037856,118.9284,0.000605,0.990273,0.009121,51200,6831620,1612,18354,252,671,266,721
8400,29.058,20.297,2.62048,1.795654,0.824825,1.941895,1.780029,0.84045,128.6531,0.817988,0.0,114.6784,0.0,0.994668,0.005332,51200,6587040,1516,19885,254,677,263,727
8450,29.202,20.38,2.698103,1.819946,0.878157,1.953979,1.818726,0.879378,128.4783,0.813594,0.0,112.7471,0.0,0.991602,0.008398,51200,6578089,1570,19909,254,682,263,732
8500,29.34,20.459,2.599629,1.772949,0.82668,1.916382,1.780884,0.818746,128.5512,0.827812,0.0,112.6264,0.0,0.993281,0.006719,51200,6581822,1586,19147,250,682,262,732
8550,29.481,20.537,2.560678,1.729492,0.831186,1.863281,1.726807,0.833872,128.5536,0.834824,0.0,114.1741,0.0,0.993594,0.006406,51200,6581945,1675,18430,243,682,253,732
8600,29.62,20.615,2.440205,1.64563,0.794575,1.782837,1.627197,0.813008,128.5169,0.826914,0.0,114.5055,0.0,0.993242,0.006758,51200,6580065,1517,17711,242,683,260,733
8650,29.758,20.693,2.464185,1.670044,0.794141,1.786255,1.644165,0.820019,128.3986,0.82082,0.0,115.3401,0.0,0.991191,0.008809,51200,6574010,1502,17722,249,686,267,736
8700,29.896,20.771,2.413805,1.646851,0.766955,1.783691,1.634155,0.77965,128.2806,0.823652,0.0,114.8519,0.0,0.989805,0.010195,51200,6567968,1567,17441,284,686,302,736
8750,30.033,20.848,2.452055,1.657471,0.794584,1.803223,1.646973,0.805082,127.989,0.817539,0.0,115.0732,0.0,0.985293,0.014707,51200,6553039,1587,17806,271,688,305,738
8800,30.169,20.925,2.398952,1.607422,0.791531,1.758057,1.611572,0.78738,128.1911,0.812227,0.001221,115.2575,2e-05,0.985059,0.014922,51200,6563383,1581,16945,254,690,281,740
8850,30.306,21.002,2.408576,1.663696,0.74488,1.814331,1.669556,0.739021,128.3844,0.798105,0.000712,115.1076,0.0,0.989316,0.010684,51200,6573280,1544,17725,255,697,282,747
8900,30.444,21.08,2.59963,1.828735,0.770895,1.988159,1.848267,0.751364,128.4617,0.799473,0.0,114.075,0.0,0.99168,0.00832,51200,6577241,1605,19449,254,700,286,754
8950,30.615,21.182,2.719634,1.947388,0.772247,2.110352,1.96167,0.757965,128.3054,0.804883,0.0,111.8027,0.0,0.988984,0.011016,51200,6569235,1601,22140,251,711,281,763
9000,30.763,21.264,2.744507,1.956299,0.788208,2.109863,1.977905,0.766601,127.8834,0.767246,0.0,109.8732,0.0,0.982441,0.017559,51200,6547631,1582,21787,247,722,281,775
9050,30.91,21.347,2.691331,1.942505,0.748827,2.105591,1.961182,0.73015,134.7212,0.748828,0.051908,114.7352,0.000859,0.981152,0.017988,51200,6897726,1617,22189,227,726,257,780
9100,31.05,21.425,2.727162,1.959351,0.767811,2.113525,1.977539,0.749623,128.1108,0.754922,0.004955,110.6692,7.8e-05,0.977188,0.022734,51200,6559275,1613,22513,209,726,237,780
9150,31.19,21.503,2.830918,2.032104,0.798814,2.199829,2.046265,0.784654,127.5934,0.759102,0.0,110.096,0.0,0.978496,0.021504,51200,6532784,1529,23204,199,727,230,786
9200,31.331,21.582,2.821078,2.012939,0.808138,2.165405,2.026367,0.79471,127.7813,0.763438,0.0,110.083,0.0,0.980781,0.019219,51200,6542403,1587,22024,202,731,226,790
9250,31.471,21.662,2.734069,1.896973,0.837096,2.053833,1.912231,0.821838,132.7436,0.786719,0.033618,113.7538,0.000488,0.988867,0.010645,51200,6796473,1583,20461,201,733,224,792
9300,31.609,21.741,2.642567,1.802002,0.840565,1.949585,1.811401,0.831165,133.1447,0.796426,0.034496,115.4759,0.000566,0.992969,0.006465,51200,6817010,1584,19221,202,735,224,794
9350,31.748,21.819,2.728438,1.884644,0.843795,2.031128,1.890747,0.837691,128.4678,0.805898,0.0,113.1601,0.0,0.992207,0.007793,51200,6577550,1625,20525,231,735,252,794
9400,31.885,21.899,2.72025,1.867554,0.852697,2.022705,1.871338,0.848912,128.3321,0.804883,0.0,112.0228,0.0,0.98998,0.01002,51200,6570603,1644,19918,275,736,296,795
9450,32.024,21.978,2.697717,1.85022,0.847497,1.999268,1.855957,0.84176,128.8751,0.805234,0.0,112.3798,0.0,0.998027,0.001973,51200,6598407,1472,19874,290,736,312,796
9500,32.162,22.056,2.624349,1.817261,0.807088,1.96582,1.817139,0.80721,131.0499,0.821055,0.018028,114.6751,0.000293,0.994766,0.004941,51200,6709757,1603,18987,294,738,314,798
9550,32.302,22.137,2.661969,1.812256,0.849713,1.962158,1.818604,0.843365,137.8692,0.808418,0.069507,118.9414,0.001191,0.987695,0.011113,51200,7058905,1599,19689,271,740,296,804
9600,32.442,22.219,2.839957,1.919434,0.920523,2.072998,1.930908,0.909049,144.711,0.802637,0.113078,121.948,0.002012,0.989258,0.00873,51200,7409203,1585,21156,266,740,293,807
9650,32.577,22.299,2.785158,1.936768,0.84839,2.10437,1.954346,0.830812,131.4505,0.796816,0.022492,110.4515,0.000371,0.991387,0.008242,51200,6730268,1535,21744,227,740,255,808
9700,32.717,22.379,2.818979,1.945557,0.873423,2.104004,1.973145,0.845835,133.2391,0.788047,0.037463,110.1377,0.000625,0.987031,0.012344,51200,6821841,1521,21419,220,744,245,812
9750,32.854,22.458,2.89479,2.012695,0.882095,2.182129,2.037842,0.856949,133.7915,0.778711,0.042115,110.8969,0.000703,0.986055,0.013242,51200,6850125,1583,22817,207,744,230,812
9800,32.994,22.539,2.86907,2.038086,0.830984,2.199951,2.050537,0.818533,140.2964,0.76377,0.090028,118.0955,0.001562,0.979297,0.019141,51200,7183178,1576,23105,194,745,215,813
9850,33.134,22.619,3.017265,2.188721,0.828545,2.341553,2.214111,0.803154,131.6062,0.745176,0.027066,107.6938,0.00043,0.985117,0.014453,51200,6738235,1566,25142,185,747,206,815
9900,33.279,22.701,3.086656,2.24707,0.839586,2.412476,2.270508,0.816148,144.0726,0.728691,0.112722,118.8024,0.002012,0.982773,0.015215,51200,7376517,1606,25851,185,748,205,815
9950,33.422,22.784,3.124294,2.303223,0.821071,2.46521,2.313354,0.810939,150.1926,0.725977,0.148143,122.3025,0.002754,0.983809,0.013438,51200,7689861,1610,26403,198,756,214,823
10000,33.566,22.867,3.02811,2.213623,0.814487,2.376099,2.216553,0.811557,146.9469,0.721895,0.130864,119.5563,0.002383,0.980996,0.016621,51200,7523681,1520,25037,197,760,213,827
10050,33.707,22.949,2.932262,2.158691,0.773571,2.314209,2.15979,0.772472,145.1083,0.73623,0.119118,121.9125,0.002129,0.981934,0.015938,51200,7429546,1633,24749,197,764,215,833
10100,33.855,23.031,2.864065,2.119385,0.74468,2.264771,2.11792,0.746145,142.024,0.731934,0.101516,120.8695,0.001777,0.978809,0.019414,51200,7271628,1561,24032,187,772,205,841
10150,33.996,23.112,2.87651,2.111694,0.764816,2.257202,2.119019,0.757492,142.9404,0.719121,0.109478,121.2404,0.00127,0.975859,0.022871,51200,7318547,1520,24015,194,775,211,844
10200,34.139,23.193,2.862425,2.111938,0.750487,2.259888,2.117554,0.744872,142.3376,0.726055,0.106537,119.4156,0.001406,0.973281,0.025312,51200,7287687,1565,24287,193,775,209,844
10250,34.286,23.278,2.864824,2.109741,0.755082,2.263428,2.114136,0.750688,153.9567,0.730234,0.172295,123.9523,0.003164,0.975996,0.02084,51200,7882584,1515,23972,203,775,219,844
10300,34.432,23.362,2.908381,2.106689,0.801692,2.2677,2.111816,0.796565,143.8722,0.747578,0.11168,116.6203,0.001875,0.981582,0.016543,51200,7366256,1605,23723,199,776,215,845
10350,34.575,23.443,2.87317,2.052002,0.821168,2.209229,2.053467,0.819703,136.396,0.774746,0.058063,113.3186,0.00084,0.991895,0.007266,51200,6983475,1582,22517,204,777,220,846
10400,34.718,23.527,2.790353,1.99231,0.798044,2.1604,2.00415,0.786203,145.1606,0.787871,0.115989,118.1943,0.00207,0.989277,0.008652,51200,7432221,1541,22575,222,777,238,846
10450,34.866,23.616,2.780694,1.986206,0.794488,2.146484,1.997681,0.783013,164.6225,0.772266,0.22457,130.9817,0.004531,0.979277,0.016191,51200,8428673,1618,22479,205,781,222,851
10500,35.013,23.701,2.776885,1.989014,0.787871,2.149048,2.007935,0.76895,159.6808,0.770879,0.2049,133.1332,0.004004,0.970156,0.02584,51200,8175656,1571,22837,185,781,201,851
10550,35.16,23.788,2.901675,2.086548,0.815127,2.252808,2.111206,0.790469,170.2138,0.765449,0.254654,141.7276,0.005332,0.967695,0.026973,51200,8714947,1582,23925,185,781,202,852
10600,35.302,23.87,2.836501,2.012207,0.824294,2.201294,2.043823,0.792678,155.2027,0.758223,0.177986,125.9248,0.003379,0.979082,0.017539,51200,7946376,1587,22694,182,781,199,852
10650,35.446,23.953,2.869346,2.030273,0.839073,2.20874,2.061523,0.807823,155.3069,0.777363,0.178899,125.4354,0.003418,0.977578,0.019004,51200,7951715,1575,23314,181,781,197,852
10700,35.589,24.036,2.88338,2.056885,0.826495,2.210693,2.071655,0.811724,155.5792,0.785137,0.178534,125.7772,0.003418,0.982188,0.014395,51200,7965656,1568,22896,181,782,197,853
10750,35.736,24.122,2.870589,2.04541,0.825179,2.204834,2.05957,0.811018,156.9139,0.787168,0.184057,126.5803,0.003555,0.985879,0.010566,51200,8033990,1597,22674,192,782,220,865
10800,35.878,24.204,2.770674,1.941772,0.828902,2.086426,1.943481,0.827193,145.5402,0.791309,0.119512,123.0929,0.002129,0.987031,0.01084,51200,7451657,1586,20455,222,783,252,868
10850,36.015,24.283,2.602164,1.819946,0.782218,1.948853,1.810669,0.791496,128.4197,0.798477,0.0,112.1708,0.0,0.991699,0.008301,51200,6575087,1562,19496,215,783,233,868
10900,36.152,24.362,2.773261,1.905884,0.867377,2.049805,1.895996,0.877265,128.4943,0.78709,0.0,111.3294,0.0,0.992949,0.007051,51200,6578909,1542,20658,226,783,255,870
10950,36.288,24.44,2.626016,1.806763,0.819254,1.933838,1.79187,0.834146,128.1601,0.792383,0.0,111.7431,0.0,0.987051,0.012949,51200,6561799,1604,18917,236,783,265,870
11000,36.424,24.519,2.593566,1.791626,0.80194,1.927246,1.791748,0.801818,128.4969,0.790586,1.2e-05,112.5166,0.0,0.992422,0.007578,51200,6579041,1567,18704,234,786,263,873
11050,36.56,24.596,2.656096,1.860596,0.7955,2.004395,1.858887,0.797209,128.5948,0.793555,0.0,112.2986,0.0,0.993789,0.006211,51200,6584053,1565,20166,235,787,264,874
11100,36.696,24.674,2.680586,1.852173,0.828413,1.996704,1.858398,0.822188,128.4138,0.794336,0.0,111.5857,0.0,0.99043,0.00957,51200,6574786,1492,20347,217,787,249,877
11150,36.834,24.752,2.8245,2.01001,0.814491,2.171021,2.015015,0.809486,128.0315,0.796543,0.0,110.0596,0.0,0.985117,0.014883,51200,6555214,1532,22794,211,787,244,879
11200,36.974,24.831,2.934921,2.072876,0.862045,2.240845,2.093628,0.841293,128.0616,0.79332,0.0,108.2725,0.0,0.986602,0.013398,51200,6556755,1588,23496,197,788,238,890
11250,37.115,24.911,2.924612,2.108154,0.816458,2.277344,2.130493,0.794119,134.5932,0.791113,0.047869,113.5244,0.000801,0.986465,0.012734,51200,6891173,1572,23840,198,788,227,890
11300,37.26,24.994,2.943672,2.095947,0.847725,2.267822,2.11145,0.832222,150.2698,0.778691,0.150586,122.1155,0.002812,0.976934,0.020254,51200,7693816,1500,23755,209,794,239,896
11350,37.405,25.076,2.873964,2.118896,0.755068,2.283569,2.126587,0.747378,147.6294,0.779238,0.137611,115.5965,0.00252,0.972559,0.024922,51200,7558625,1589,23814,205,796,227,898
11400,37.55,25.16,2.894662,2.125977,0.768685,2.277344,2.137207,0.757455,157.374,0.773105,0.189344,118.9905,0.003672,0.975938,0.020391,51200,8057549,1529,23071,209,800,225,902
11450,37.691,25.24,2.866822,2.065918,0.800904,2.213867,2.067505,0.799317,140.9538,0.780195,0.094616,114.353,0.00166,0.977363,0.020977,51200,7216836,1592,22691,227,821,243,923
11500,37.83,25.32,2.835056,2.032837,0.802219,2.188477,2.041992,0.793064,134.1874,0.779434,0.04677,111.7934,0.000781,0.98252,0.016699,51200,6870396,1519,22605,223,825,240,927
11550,37.969,25.399,2.891225,2.058594,0.832631,2.220703,2.064941,0.826284,129.5094,0.765,0.009967,109.6604,0.000137,0.988477,0.011387,51200,6630880,1585,23096,211,825,228,927
11600,38.109,25.478,3.100078,2.221313,0.878764,2.414551,2.241333,0.858745,128.1046,0.763203,0.0,107.2685,0.0,0.98625,0.01375,51200,6558954,1646,25610,204,828,220,930
11650,38.255,25.561,3.173237,2.334839,0.838398,2.53125,2.367432,0.805805,127.879,0.747168,0.001441,105.1667,2e-05,0.979395,0.020586,51200,6547406,1538,26872,201,836,217,937
11700,38.398,25.641,3.20014,2.356079,0.844061,2.547485,2.393188,0.806952,127.6346,0.748984,0.0,104.0917,0.0,0.979395,0.020605,51200,6534893,1613,27065,193,836,211,937
11750,38.584,25.726,3.132179,2.283691,0.848488,2.463867,2.30603,0.826149,137.7749,0.750273,0.073697,109.9738,0.00125,0.978984,0.019766,51200,7054074,1540,26144,192,836,210,937
11800,38.731,25.809,3.138396,2.324097,0.814299,2.496216,2.347168,0.791228,140.6258,0.760078,0.09134,112.6419,0.001582,0.981875,0.016543,51200,7200040,1576,26035,213,847,231,948
11850,38.89,25.892,3.027597,2.259277,0.76832,2.416382,2.266602,0.760996,144.244,0.767285,0.115461,113.7429,0.002051,0.978125,0.019824,51200,7385293,1551,25650,221,851,239,952
11900,39.034,25.975,2.996992,2.201416,0.795576,2.368652,2.220581,0.776411,148.9748,0.764336,0.144975,121.8795,0.002656,0.974902,0.022441,51200,7627509,1674,24719,222,851,240,952
11950,39.175,26.054,2.970488,2.179688,0.790801,2.357422,2.192749,0.777739,127.7918,0.757129,0.0,106.6527,0.0,0.981699,0.018301,51200,6542940,1585,24762,222,857,240,958
12000,39.316,26.133,2.807129,2.029297,0.777832,2.194336,2.029785,0.777344,127.8019,0.765781,0.0,108.3196,0.0,0.981699,0.018301,51200,6543458,1567,22906,225,857,244,958
12050,39.465,26.216,2.890547,2.09375,0.796797,2.266235,2.101685,0.788862,127.8785,0.773164,0.0,109.4378,0.0,0.982695,0.017305,51200,6547380,1576,23578,236,858,253,959
12100,39.603,26.296,3.041536,2.200806,0.84073,2.38562,2.229126,0.81241,127.8152,0.78707,0.0,107.1936,0.0,0.981562,0.018438,51200,6544140,1581,25339,228,858,246,959
12150,39.741,26.376,3.108984,2.239502,0.869482,2.416016,2.270996,0.837988,127.9983,0.783652,0.0,105.24,0.0,0.985293,0.014707,51200,6553511,1578,26120,224,858,241,959
12200,39.88,26.455,3.067256,2.211426,0.85583,2.401978,2.24353,0.823725,128.1328,0.772812,0.0,105.9516,0.0,0.986973,0.013027,51200,6560397,1493,25608,219,859,235,960
12250,40.019,26.535,3.037239,2.176147,0.861091,2.349243,2.209229,0.82801,128.2198,0.77918,0.0,105.6917,0.0,0.989121,0.010879,51200,6564856,1609,25768,211,863,227,964
12300,40.155,26.614,2.973549,2.139404,0.834145,2.312012,2.158691,0.814858,127.7921,0.783867,0.0,106.0678,0.0,0.981562,0.018438,51200,6542955,1615,25328,210,864,226,965
12350,40.294,26.693,3.027794,2.212036,0.815758,2.384766,2.235352,0.792443,128.3139,0.766406,0.003702,105.7068,5.9e-05,0.981523,0.018418,51200,6569673,1608,25525,201,864,218,965
12400,40.431,26.772,2.990418,2.106567,0.88385,2.282715,2.133545,0.856873,127.9928,0.778066,0.0,106.2582,0.0,0.984863,0.015137,51200,6553232,1592,24346,189,867,205,968
12450,40.575,26.854,2.993103,2.11145,0.881653,2.286865,2.145996,0.847107,128.1371,0.775234,0.0,106.9869,0.0,0.986895,0.013105,51200,6560620,1578,23941,189,872,205,973
12500,40.711,26.934,2.956644,2.124878,0.831766,2.299683,2.146851,0.809793,134.6224,0.756152,0.048312,111.8339,0.000801,0.98668,0.01252,51200,6892666,1597,23820,190,875,206,976
12550,40.852,27.014,3.131501,2.245483,0.886018,2.423584,2.27124,0.860261,135.114,0.749824,0.050484,110.2044,0.00084,0.98873,0.01043,51200,6917839,1604,26604,177,875,193,976
12600,40.995,27.094,3.199032,2.326782,0.87225,2.501953,2.366455,0.832577,128.258,0.766211,0.0,104.2226,0.0,0.987988,0.012012,51200,6566812,1511,26896,184,876,200,977
12650,41.137,27.178,3.16833,2.264038,0.904291,2.457275,2.297852,0.870478,137.5578,0.761055,0.070318,108.0831,0.001191,0.982168,0.016641,51200,7042960,1609,26400,180,877,197,979
12700,41.285,27.258,3.165912,2.235596,0.930317,2.422363,2.272705,0.893207,128.3518,0.741738,0.004929,103.9387,7.8e-05,0.980176,0.019746,51200,6571613,1611,25764,176,878,192,979
12750,41.433,27.347,3.166228,2.242676,0.923552,2.43103,2.27063,0.895598,135.0008,0.745566,0.055253,111.3688,0.000918,0.978555,0.020527,51200,6912042,1536,26529,175,878,191,979
12800,41.575,27.426,3.093475,2.235962,0.857513,2.421387,2.265381,0.828094,127.6037,0.761113,0.0,104.1251,0.0,0.979648,0.020352,51200,6533311,1550,25544,195,887,211,987
12850,41.714,27.507,2.986225,2.133911,0.852314,2.303833,2.147461,0.838765,127.8722,0.782949,0.0,105.9555,0.0,0.983926,0.016074,51200,6547056,1573,23743,213,894,230,995
12900,41.858,27.587,2.842295,2.041748,0.800547,2.195923,2.042847,0.799448,128.0704,0.783926,0.0,108.8082,0.0,0.987227,0.012773,51200,6557206,1613,22169,203,894,220,995
12950,41.998,27.666,2.700113,1.949951,0.750162,2.105103,1.951904,0.748209,128.1358,0.789023,0.0,110.3827,0.0,0.987207,0.012793,51200,6560555,1585,21077,210,896,226,996
13000,42.137,27.744,2.623169,1.857544,0.765625,2.014282,1.85437,0.768799,128.0757,0.78998,0.0,112.5324,0.0,0.986523,0.013477,51200,6557478,1529,19387,234,896,250,996
13050,42.273,27.822,2.569017,1.777222,0.791796,1.920532,1.772217,0.7968,127.6253,0.796855,0.0,112.9049,0.0,0.978789,0.021211,51200,6534415,1514,18766,247,896,263,996
13100,42.411,27.901,2.465681,1.670654,0.795026,1.812134,1.669189,0.796491,127.6302,0.823164,0.0,113.9292,0.0,0.978398,0.021602,51200,6534666,1555,17167,260,896,277,996
13150,42.551,27.98,2.473327,1.677246,0.796081,1.82019,1.67627,0.797058,137.7734,0.813906,0.071711,120.1482,0.000918,0.983008,0.016074,51200,7053998,1534,16591,272,896,289,996
13200,42.688,28.059,2.531236,1.702759,0.828478,1.84082,1.696899,0.834337,137.2422,0.824062,0.06756,122.1989,0.001152,0.983496,0.015352,51200,7026801,1597,17591,275,898,292,998
13250,42.827,28.138,2.53691,1.717041,0.819869,1.86084,1.708252,0.828659,136.9661,0.827168,0.065491,119.6383,0.001074,0.984629,0.014297,51200,7012662,1621,18061,287,899,304,999
13300,42.971,28.217,2.569935,1.746216,0.823719,1.903687,1.742188,0.827747,128.0417,0.830469,0.0,114.1644,0.0,0.987109,0.012891,51200,6555734,1621,17865,283,899,300,999
13350,43.106,28.295,2.567268,1.697754,0.869514,1.852783,1.695923,0.871345,127.9086,0.834609,0.001213,114.6685,2e-05,0.983105,0.016875,51200,6548920,1507,18010,280,899,300,999
13400,43.267,28.383,2.561943,1.706055,0.855889,1.860962,1.708984,0.852959,129.2681,0.808926,0.014402,115.7793,0.000234,0.977227,0.022539,51200,6618526,1552,18408,268,900,289,1002
13450,43.411,28.467,2.644927,1.810669,0.834258,1.967407,1.812012,0.832915,129.6653,0.81332,0.016796,115.4135,0.000273,0.978867,0.020859,51200,6638863,1528,19335,258,900,277,1002
13500,43.55,28.547,2.627212,1.7677,0.859512,1.932129,1.775269,0.851943,131.603,0.830195,0.031936,116.6336,0.000527,0.977656,0.021816,51200,6738074,1561,18643,254,900,273,1002
13550,43.687,28.625,2.499297,1.692139,0.807158,1.844971,1.674438,0.824858,131.3737,0.83832,0.033301,117.1228,0.000547,0.971992,0.027461,51200,6726333,1574,16750,255,902,274,1004
13600,43.824,28.704,2.604761,1.775146,0.829614,1.920898,1.774536,0.830225,136.1064,0.8325,0.064287,121.69,0.001094,0.975625,0.023281,51200,6968646,1527,18368,255,906,276,1009
13650,43.959,28.783,2.734037,1.859497,0.87454,2.027954,1.877075,0.856962,134.8898,0.834023,0.055461,118.115,0.000898,0.977285,0.021816,51200,6906359,1555,19897,252,906,270,1009
13700,44.097,28.864,2.646631,1.802246,0.844385,1.963379,1.816162,0.830469,135.6968,0.836074,0.059946,118.3739,0.000938,0.978125,0.020938,51200,6947678,1586,18811,257,906,274,1009
13750,44.233,28.941,2.73858,1.881714,0.856866,2.056274,1.894531,0.844048,127.443,0.833086,0.000478,111.5556,0.0,0.977695,0.022305,51200,6525083,1565,20082,255,906,271,1009
13800,44.369,29.019,2.86006,1.932983,0.927077,2.108154,1.95459,0.90547,127.7646,0.818086,0.0,110.1019,0.0,0.98332,0.01668,51200,6541550,1521,21656,238,906,254,1009
13850,44.508,29.1,2.949584,1.990356,0.959227,2.175537,2.013306,0.936278,127.9475,0.823438,0.001041,109.2124,0.0,0.983711,0.016289,51200,6550913,1601,22621,243,906,259,1009
13900,44.643,29.178,2.875269,1.951538,0.923731,2.141479,1.969727,0.905543,127.8014,0.818828,0.0,109.6312,0.0,0.983066,0.016934,51200,6543432,1659,21283,240,906,256,1009
13950,44.776,29.257,2.74872,1.828613,0.920107,1.996338,1.851685,0.897036,128.3159,0.809082,0.003654,110.521,5.9e-05,0.983906,0.016035,51200,6569772,1556,19713,242,911,254,1014
14000,44.915,29.336,2.795823,1.857422,0.938401,2.032471,1.876099,0.919724,136.8838,0.810234,0.066216,117.0207,0.001133,0.982227,0.016641,51200,7008451,1593,19717,263,913,272,1016
14050,45.053,29.416,2.729586,1.833374,0.896212,1.989136,1.843506,0.88608,137.0124,0.827988,0.065028,117.2422,0.001113,0.986055,0.012832,51200,7015034,1559,19743,247,916,260,1019
14100,45.194,29.499,2.766547,1.893066,0.87348,2.049316,1.894531,0.872016,143.7112,0.814082,0.110145,123.7129,0.001953,0.983164,0.014883,51200,7358014,1548,20999,269,928,282,1031
14150,45.332,29.579,2.853058,1.990112,0.862946,2.157104,2.00293,0.850128,135.2142,0.816094,0.053182,114.1466,0.000898,0.984199,0.014902,51200,6922967,1637,22710,248,928,261,1031
14200,45.472,29.66,2.8615,1.972412,0.889088,2.146851,1.976929,0.884571,136.6649,0.822598,0.060618,113.6628,0.001035,0.988613,0.010352,51200,6997245,1552,22803,203,928,217,1031
14250,45.612,29.742,2.903332,2.040039,0.863292,2.205444,2.052246,0.851085,133.2521,0.799121,0.038241,111.8732,0.000625,0.985879,0.013496,51200,6822505,1602,23790,197,930,210,1033
14300,45.752,29.821,2.914291,2.030273,0.884017,2.19873,2.04187,0.872421,128.1091,0.795195,0.0,108.8642,0.0,0.98666,0.01334,51200,6559188,1620,23501,204,937,220,1042
14350,45.892,29.901,2.789313,1.898926,0.890387,2.058472,1.89563,0.893683,130.7606,0.808203,0.021839,112.456,0.000352,0.983242,0.016406,51200,6694943,1580,21976,197,937,209,1042
14400,46.029,29.981,2.734514,1.81604,0.918474,1.9552,1.813232,0.921282,127.9366,0.816406,0.0,110.4825,0.0,0.983555,0.016445,51200,6550354,1516,20372,196,937,208,1042
14450,46.165,30.06,2.737796,1.844727,0.89307,1.992798,1.846191,0.891605,127.9721,0.808945,0.0,110.7699,0.0,0.983711,0.016289,51200,6552171,1554,20893,197,937,213,1042
14500,46.304,30.138,2.763576,1.879028,0.884548,2.039429,1.884644,0.878932,128.2896,0.800254,0.0,110.9914,0.0,0.989414,0.010586,51200,6568426,1555,21275,216,938,232,1043
14550,46.444,30.217,2.688333,1.805786,0.882547,1.961426,1.7948,0.893533,128.166,0.815059,0.0,111.1935,0.0,0.987578,0.012422,51200,6562097,1548,19934,235,941,251,1046
14600,46.585,30.295,2.580096,1.67981,0.900286,1.826294,1.674683,0.905413,128.8105,0.819219,0.003713,114.2447,5.9e-05,0.989395,0.010547,51200,6595099,1563,18581,235,942,251,1047
14650,46.727,30.376,2.577736,1.71875,0.858986,1.869385,1.713867,0.863869,129.7069,0.818027,0.009788,115.7298,0.000156,0.991367,0.008477,51200,6640993,1528,18905,256,952,272,1057
14700,46.868,30.456,2.526015,1.656982,0.869032,1.809326,1.649536,0.876479,128.5377,0.804746,0.0,114.2449,0.0,0.992852,0.007148,51200,6581132,1534,18052,269,957,283,1063
14750,47.015,30.537,2.528742,1.64502,0.883723,1.792114,1.640625,0.888117,128.8248,0.827695,0.0,116.3937,0.0,0.997266,0.002734,51200,6595828,1534,17479,274,964,284,1070
14800,47.153,30.616,2.658209,1.697998,0.960211,1.850342,1.697632,0.960577,130.4417,0.826543,0.013404,116.2048,0.000215,0.99541,0.004375,51200,6678614,1600,18477,292,964,293,1070
14850,47.287,30.694,2.595474,1.690552,0.904923,1.832642,1.687012,0.908463,128.3541,0.826484,0.0,114.5383,0.0,0.989785,0.010215,51200,6571729,1623,18547,276,965,283,1071
14900,47.43,30.772,2.657022,1.731079,0.925942,1.881348,1.723633,0.933389,128.3415,0.810254,0.0,115.2019,0.0,0.989336,0.010664,51200,6571083,1579,18949,280,966,289,1072
14950,47.583,30.862,2.609263,1.705078,0.904185,1.863403,1.703247,0.906016,128.7738,0.812031,0.0,115.1003,0.0,0.996348,0.003652,51200,6593219,1564,18702,271,968,284,1074
15000,47.725,30.941,2.680177,1.772949,0.907228,1.939819,1.782471,0.897707,128.6003,0.805566,0.0,114.1385,0.0,0.993672,0.006328,51200,6584333,1612,20216,265,969,279,1075
15050,47.867,31.022,2.842461,1.924561,0.9179,2.100708,1.947754,0.894707,128.4773,0.814863,0.000934,111.3396,0.0,0.989883,0.010117,51200,6578038,1593,22326,250,972,264,1078
15100,48.028,31.11,2.838658,1.891357,0.9473,2.051147,1.899902,0.938755,128.2868,0.80668,5.9e-05,109.9037,0.0,0.988691,0.011309,51200,6568283,1605,21705,234,972,251,1078
15150,48.183,31.199,2.734244,1.867188,0.867057,2.026611,1.872192,0.862052,127.8586,0.805449,0.0,110.8076,0.0,0.982559,0.017441,51200,6546359,1509,20897,238,974,255,1080
15200,48.341,31.287,2.743667,1.871948,0.871719,2.02832,1.88147,0.862198,127.6263,0.80043,0.0,110.5912,0.0,0.97918,0.02082,51200,6534468,1558,21333,239,974,249,1080
15250,48.486,31.372,2.860799,1.919312,0.941488,2.076904,1.932251,0.928548,128.1593,0.773574,0.003955,110.2369,5.9e-05,0.979707,0.020234,51200,6561755,1500,22333,247,982,247,1088
15300,48.628,31.451,2.898292,1.986938,0.911353,2.14624,1.998291,0.900001,130.1579,0.756152,0.019327,110.9463,0.000312,0.978203,0.021484,51200,6664086,1554,22682,246,985,247,1089
15350,48.777,31.534,2.944468,2.005859,0.938608,2.165894,2.018677,0.925791,143.154,0.770195,0.104469,118.2141,0.001855,0.98623,0.011914,51200,7329485,1597,23756,236,985,237,1089
15400,48.923,31.616,2.875938,1.960938,0.915001,2.123047,1.974854,0.901085,142.6833,0.751543,0.101414,118.8693,0.001797,0.986484,0.011719,51200,7305383,1535,22261,232,988,232,1092
15450,49.071,31.7,2.839089,1.921509,0.917581,2.084717,1.932129,0.906961,154.9716,0.773945,0.172277,130.6431,0.003301,0.986543,0.010156,51200,7934544,1630,22145,232,991,232,1095
15500,49.217,31.785,2.780321,1.891968,0.888353,2.034424,1.890991,0.88933,156.6975,0.784688,0.185761,134.7262,0.003594,0.978203,0.018203,51200,8022910,1589,21332,269,1001,269,1101
15550,49.364,31.868,2.826343,1.944702,0.881641,2.092163,1.953491,0.872852,150.8432,0.784707,0.152179,132.0252,0.002832,0.982656,0.014512,51200,7723172,1535,21705,299,1008,299,1107
15600,49.51,31.953,2.803591,1.883179,0.920412,2.040894,1.894409,0.909182,146.7126,0.807148,0.12548,119.118,0.002266,0.98918,0.008555,51200,7511683,1557,21121,310,1015,310,1113
15650,49.648,32.031,2.816631,1.893188,0.923442,2.049194,1.916748,0.899883,128.621,0.807051,0.002478,112.4624,3.9e-05,0.989121,0.01084,51200,6585396,1645,20556,312,1022,312,1120
15700,49.79,32.113,2.846849,1.908813,0.938036,2.077271,1.922852,0.923997,144.466,0.814961,0.115475,115.8165,0.002051,0.982031,0.015918,51200,7396658,1615,20563,312,1026,312,1124
15750,49.931,32.193,2.785195,1.848267,0.936929,2.009399,1.862183,0.923013,135.8678,0.830078,0.0572,119.3931,0.000918,0.985254,0.013828,51200,6956431,1577,20354,317,1029,317,1127
15800,50.068,32.272,2.709869,1.771118,0.938751,1.919189,1.778198,0.931671,129.2648,0.834688,0.00516,113.8043,7.8e-05,0.993965,0.005957,51200,6618358,1541,19360,311,1032,311,1130
15850,50.206,32.35,2.755556,1.86145,0.894106,2.025024,1.865356,0.8902,128.3198,0.815625,0.0,113.4489,0.0,0.989434,0.010566,51200,6569976,1678,20600,308,1037,308,1132
15900,50.342,32.428,2.788277,1.87915,0.909127,2.019043,1.885864,0.902413,128.4456,0.816562,0.0,111.9641,0.0,0.99127,0.00873,51200,6576417,1517,21321,279,1037,279,1132
15950,50.477,32.506,2.850604,1.955078,0.895526,2.106812,1.969849,0.880756,128.788,0.811992,0.001182,111.248,0.0,0.993887,0.006113,51200,6593947,1555,21884,277,1037,277,1132
16000,50.611,32.585,2.908203,2.002808,0.905395,2.165039,2.016968,0.891235,129.2922,0.792402,0.006127,110.4759,9.8e-05,0.992148,0.007754,51200,6619759,1554,22712,238,1037,238,1132
16050,50.747,32.664,2.932671,2.033203,0.899468,2.187012,2.055176,0.877495,128.4633,0.783633,0.001242,108.8271,2e-05,0.989902,0.010078,51200,6577322,1549,23256,233,1043,233,1138
16100,50.888,32.745,2.961064,2.033081,0.927983,2.185547,2.052002,0.909062,133.6447,0.77584,0.040514,108.1419,0.000645,0.98752,0.011836,51200,6842608,1562,23319,231,1044,231,1139
16150,51.028,32.827,2.959705,2.045776,0.913929,2.200928,2.062378,0.897327,131.8837,0.794316,0.025244,109.1262,0.00041,0.992949,0.006641,51200,6752445,1494,23187,228,1045,228,1140
16200,51.167,32.906,3.002948,2.005493,0.997455,2.171143,2.016235,0.986712,128.5386,0.801504,0.0,107.9223,0.0,0.992773,0.007227,51200,6581177,1557,22490,235,1051,235,1146
16250,51.307,32.986,2.892693,1.955078,0.937615,2.115234,1.956299,0.936394,128.1271,0.820781,0.0,109.2877,0.0,0.986816,0.013184,51200,6560108,1586,21480,244,1055,244,1150
16300,51.443,33.064,2.943426,1.947876,0.99555,2.118896,1.962524,0.980902,127.9177,0.817637,0.0,110.1369,0.0,0.983438,0.016562,51200,6549387,1589,22374,233,1055,233,1150
16350,51.58,33.143,2.871543,1.882935,0.988608,2.057129,1.902344,0.969199,127.9224,0.80875,0.0,109.5282,0.0,0.983438,0.016562,51200,6549628,1552,20604,250,1063,250,1155
16400,51.714,33.221,2.841903,1.876709,0.965194,2.044067,1.899414,0.942489,128.482,0.79582,0.0,111.4931,0.0,0.991641,0.008359,51200,6578280,1597,20760,252,1065,252,1156
16450,51.852,33.299,2.821533,1.886353,0.935181,2.057007,1.897705,0.923828,129.6085,0.773262,0.010157,112.0168,0.000156,0.98918,0.010664,51200,6635954,1577,20745,257,1065,257,1156
16500,51.991,33.378,2.96657,1.952515,1.014055,2.122559,1.971436,0.995134,128.3246,0.777988,0.002474,110.5196,3.9e-05,0.985449,0.014512,51200,6570219,1572,22158,263,1070,263,1161
16550,52.129,33.456,2.915399,1.956177,0.959222,2.132446,1.978394,0.937006,128.385,0.781621,0.001425,109.9458,2e-05,0.987539,0.012441,51200,6573310,1568,22005,271,1073,271,1164
16600,52.265,33.535,2.832479,1.863403,0.969075,2.021729,1.875244,0.957235,128.0696,0.788828,0.0,110.6214,0.0,0.985684,0.014316,51200,6557161,1569,20100,274,1087,274,1178
16650,52.401,33.614,2.898804,1.86377,1.035035,2.023071,1.868164,1.03064,137.1446,0.785664,0.066992,113.7152,0.001133,0.984043,0.014824,51200,7021805,1605,20057,267,1091,267,1182
16700,52.538,33.693,2.963299,1.959229,1.004071,2.140015,1.973633,0.989666,139.5475,0.780312,0.08432,117.0611,0.001465,0.980117,0.018418,51200,7144834,1597,21349,288,1108,288,1199
16750,52.676,33.773,3.125687,2.131348,0.994339,2.318115,2.160889,0.964798,138.4143,0.782598,0.074546,116.4442,0.001289,0.984023,0.014688,51200,7086813,1522,23446,264,1109,264,1200
16800,52.816,33.855,3.188678,2.169922,1.018757,2.34021,2.20813,0.980549,144.5036,0.791504,0.117424,117.8388,0.002031,0.975645,0.022324,51200,7398582,1567,23153,260,1110,260,1201
16850,52.969,33.944,3.126299,2.152832,0.973467,2.335571,2.187988,0.938311,171.8291,0.802207,0.259255,123.6861,0.005293,0.971016,0.023691,51200,8797651,1564,22800,263,1112,263,1203
16900,53.119,34.027,2.984512,2.0354,0.949112,2.205933,2.057739,0.926773,149.9476,0.806895,0.148196,118.2147,0.002539,0.978516,0.018945,51200,7677316,1599,20793,266,1118,266,1209
16950,53.273,34.124,2.940581,1.945923,0.994659,2.115356,1.965576,0.975005,137.2846,0.824609,0.065962,114.9648,0.001133,0.986152,0.012715,51200,7028969,1503,19371,277,1122,277,1213
17000,53.431,34.206,2.891661,1.902222,0.989439,2.070068,1.916626,0.975035,137.9577,0.824355,0.071043,117.8959,0.001211,0.985742,0.013047,51200,7063436,1593,19535,306,1134,306,1225
17050,53.582,34.298,2.846312,1.831909,1.014403,1.992188,1.835815,1.010497,151.3557,0.822129,0.153424,132.6229,0.002871,0.985449,0.01168,51200,7749411,1560,19567,348,1146,348,1237
17100,53.72,34.378,2.802999,1.794922,1.008077,1.94873,1.799927,1.003072,137.4672,0.83543,0.067223,117.8154,0.001152,0.986113,0.012734,51200,7038321,1555,19124,353,1148,353,1239
17150,53.857,34.457,2.775367,1.790771,0.984596,1.951294,1.805176,0.970192,129.3654,0.841406,0.008448,113.7461,0.000137,0.988574,0.011289,51200,6623507,1539,18830,370,1155,370,1246
17200,53.998,34.539,2.911686,1.92749,0.984196,2.089478,1.953369,0.958317,151.0737,0.835469,0.151424,126.4055,0.002812,0.986035,0.011152,51200,7734971,1633,20897,368,1159,368,1250
17250,54.147,34.632,2.980693,1.991821,0.988872,2.158691,2.026978,0.953716,184.7837,0.83916,0.309369,141.7749,0.007031,0.978926,0.014043,51200,9460924,1537,21551,321,1166,321,1257
17300,54.294,34.723,3.060457,2.00354,1.056917,2.168945,2.03833,1.022127,200.3789,0.835059,0.363916,145.9267,0.008848,0.976934,0.014219,51200,10259401,1597,21210,318,1168,318,1259
17350,54.439,34.811,3.064147,2.021362,1.042785,2.19165,2.060425,1.003723,171.7248,0.829902,0.256727,131.0675,0.005352,0.978672,0.015977,51200,8792311,1552,21164,321,1177,321,1268
17400,54.582,34.896,3.114699,2.124023,0.990675,2.292358,2.159912,0.954787,163.4341,0.807988,0.219233,118.3297,0.004395,0.978711,0.016895,51200,8367827,1610,22878,324,1183,324,1274
17450,54.724,34.979,3.099727,2.065552,1.034176,2.23584,2.101196,0.998531,148.4194,0.83625,0.13894,113.7191,0.002539,0.982148,0.015312,51200,7599073,1514,21840,318,1183,318,1274
17500,54.864,35.06,3.025184,2.017944,1.007239,2.18811,2.044312,0.980872,144.4628,0.826738,0.112067,113.6611,0.001992,0.989355,0.008652,51200,7396493,1607,21754,307,1187,307,1278
17550,55.001,35.141,3.024802,1.994995,1.029807,2.178467,2.026611,0.998191,145.2297,0.813066,0.117977,113.8819,0.002109,0.986699,0.011191,51200,7435762,1615,22001,311,1195,311,1286
17600,55.141,35.222,3.013955,1.991821,1.022134,2.180298,2.019409,0.994546,142.081,0.813418,0.099458,113.3559,0.001738,0.984453,0.013809,51200,7274548,1613,21632,306,1197,306,1288
17650,55.283,35.303,3.031326,1.982056,1.04927,2.166504,2.017456,1.01387,139.7669,0.818379,0.085206,115.2684,0.001465,0.983008,0.015527,51200,7156063,1611,21473,305,1200,305,1291
17700,55.423,35.384,2.850953,1.853882,0.997071,2.027954,1.870361,0.980592,134.7448,0.839473,0.051573,116.9963,0.000859,0.981133,0.018008,51200,6898936,1569,19471,281,1203,281,1294
17750,55.566,35.468,2.943162,1.933472,1.00969,2.115479,1.954712,0.98845,142.2634,0.838398,0.103253,123.539,0.001816,0.976758,0.021426,51200,7283888,1522,20236,283,1210,283,1301
17800,55.707,35.55,2.963787,1.877441,1.086345,2.049072,1.881836,1.081951,143.5813,0.840996,0.111096,123.8905,0.001973,0.977891,0.020137,51200,7351363,1546,20325,294,1210,294,1301
17850,55.846,35.631,3.007616,1.997314,1.010301,2.175049,2.012207,0.995409,137.687,0.82459,0.071114,117.6838,0.001211,0.982109,0.01668,51200,7049572,1538,22187,303,1210,303,1301
17900,55.984,35.712,3.014753,2.019531,0.995222,2.20166,2.041748,0.973005,128.3743,0.826836,0.0,109.3906,0.0,0.990156,0.009844,51200,6572765,1484,22569,288,1210,288,1301
17950,56.121,35.791,2.955983,1.954346,1.001637,2.133057,1.971802,0.984181,128.1368,0.814375,6.1e-05,109.4094,0.0,0.987129,0.012871,51200,6560606,1572,21851,284,1210,284,1301
18000,56.262,35.871,2.866183,1.872925,0.993259,2.028564,1.888916,0.977267,128.0419,0.801914,0.000874,110.2377,0.0,0.983789,0.016211,51200,6555745,1499,20898,293,1210,293,1301
18050,56.401,35.952,2.778558,1.798706,0.979852,1.954834,1.793823,0.984734,128.1719,0.801309,0.0,111.7942,0.0,0.987031,0.012969,51200,6562400,1618,19761,276,1210,276,1301
18100,56.538,36.032,2.781863,1.811035,0.970828,1.974976,1.805908,0.975955,128.6088,0.810664,0.0,112.2343,0.0,0.994062,0.005938,51200,6584769,1608,20982,255,1214,255,1305
18150,56.676,36.11,2.71596,1.795166,0.920794,1.950195,1.791748,0.924212,130.7676,0.792227,0.015794,114.0029,0.000254,0.99543,0.004316,51200,6695302,1604,20716,233,1214,233,1305
18200,56.816,36.19,2.748318,1.79834,0.949978,1.944824,1.791504,0.956814,131.8725,0.792285,0.025272,115.4434,0.00041,0.992871,0.006719,51200,6751873,1576,20920,239,1222,239,1313
18250,56.967,36.281,2.831613,1.865234,0.966378,2.036377,1.861572,0.97004,128.6543,0.802109,0.0,112.423,0.0,0.994492,0.005508,51200,6587101,1561,21835,231,1222,231,1313
18300,57.106,36.36,2.80958,1.865723,0.943857,2.038452,1.863892,0.945688,128.9313,0.788555,0.002584,111.5709,3.9e-05,0.99377,0.006191,51200,6601282,1553,21569,232,1222,232,1313
18350,57.245,36.439,2.818804,1.849243,0.969561,2.008057,1.847168,0.971636,129.2214,0.790156,0.006131,113.1706,9.8e-05,0.991016,0.008887,51200,6616134,1613,21708,225,1222,225,1313
18400,57.386,36.518,2.834257,1.883789,0.950468,2.046021,1.886841,0.947416,128.5182,0.785293,0.0,112.6569,0.0,0.992383,0.007617,51200,6580131,1570,21058,244,1223,244,1314
18450,57.524,36.598,2.796416,1.78418,1.012237,1.946533,1.787598,1.008819,128.3765,0.807148,0.0,113.0766,0.0,0.989688,0.010312,51200,6572878,1615,19944,260,1224,260,1315
18500,57.66,36.677,2.817947,1.832397,0.98555,2.008179,1.847046,0.970901,128.4803,0.807559,0.0,113.2872,0.0,0.991777,0.008223,51200,6578189,1574,19671,277,1224,277,1315
18550,57.797,36.759,2.78719,1.786987,1.000203,1.939575,1.796265,0.990926,144.5917,0.837422,0.114152,117.047,0.002031,0.986289,0.01168,51200,7403096,1605,19088,289,1224,289,1315
18600,57.942,36.844,2.77226,1.75061,1.02165,1.909424,1.756226,1.016034,160.9728,0.845117,0.20589,124.5952,0.004082,0.982109,0.013809,51200,8241805,1540,18565,310,1225,310,1316
18650,58.1,36.946,2.692342,1.662354,1.029989,1.812988,1.676147,1.016195,165.9326,0.853086,0.227315,126.4485,0.004648,0.987305,0.008047,51200,8495749,1594,16931,332,1225,332,1316
18700,58.242,37.031,2.758196,1.759521,0.998675,1.926147,1.773804,0.984392,167.3749,0.846113,0.233506,125.6988,0.004668,0.987578,0.007754,51200,8569596,1573,18401,331,1231,331,1322
18750,58.378,37.113,2.733239,1.754272,0.978966,1.928223,1.768677,0.964562,153.5251,0.843652,0.164994,116.6205,0.002852,0.987617,0.009531,51200,7860483,1567,18231,312,1231,312,1322
18800,58.522,37.202,2.682985,1.732788,0.950196,1.891724,1.737549,0.945436,153.8597,0.843555,0.167703,116.7439,0.00291,0.985527,0.011562,51200,7877618,1606,17815,278,1231,278,1322
18850,58.658,37.284,2.698843,1.731934,0.966909,1.888184,1.734619,0.964224,152.1298,0.823477,0.158897,115.9141,0.002715,0.984219,0.013066,51200,7789045,1510,18353,258,1231,258,1322
18900,58.798,37.365,2.729966,1.795288,0.934678,1.947388,1.803223,0.926744,150.2612,0.816172,0.145559,116.2447,0.002383,0.990254,0.007363,51200,7693371,1688,18367,251,1231,251,1322
18950,58.936,37.444,2.800215,1.856323,0.943892,2.019531,1.870239,0.929976,136.6612,0.805723,0.059935,114.0295,0.000742,0.991582,0.007676,51200,6997054,1591,20046,244,1231,244,1322
19000,59.074,37.523,2.71822,1.789795,0.928425,1.943848,1.798462,0.919758,136.9217,0.798223,0.064701,115.1699,0.000938,0.984941,0.014121,51200,7010390,1563,19201,253,1232,253,1323
19050,59.215,37.603,2.847763,1.925781,0.921982,2.091187,1.938721,0.909042,143.6964,0.793574,0.107582,119.7218,0.001914,0.986875,0.011211,51200,7357258,1622,20770,264,1233,264,1324
19100,59.355,37.684,2.873806,1.919312,0.954494,2.088379,1.934326,0.93948,144.5172,0.797559,0.111356,118.5736,0.001992,0.990234,0.007773,51200,7399282,1623,20956,276,1233,276,1324
19150,59.498,37.766,2.712982,1.784424,0.928558,1.952026,1.789917,0.923065,145.0012,0.805332,0.115365,119.9415,0.00207,0.987285,0.010645,51200,7424059,1609,18695,307,1237,307,1328
19200,59.637,37.846,2.655552,1.716064,0.939487,1.873047,1.719727,0.935825,144.1355,0.810293,0.110558,121.4005,0.001973,0.987188,0.01084,51200,7379739,1645,17649,317,1237,317,1328
19250,59.775,37.927,2.705362,1.742798,0.962565,1.899536,1.748169,0.957193,147.8579,0.831152,0.133323,122.6265,0.002441,0.985703,0.011855,51200,7570327,1558,17652,326,1237,326,1328
19300,59.917,38.008,2.561416,1.659668,0.901748,1.816406,1.653809,0.907608,143.274,0.84873,0.104447,122.3412,0.001855,0.987363,0.010781,51200,7335630,1502,16696,339,1237,339,1328
19350,60.053,38.086,2.615533,1.671387,0.944147,1.825806,1.670532,0.945001,128.3404,0.849941,0.0,115.7604,0.0,0.989688,0.010312,51200,6571026,1587,17808,329,1238,329,1329
19400,60.218,38.183,2.608115,1.634644,0.973471,1.793579,1.641357,0.966757,137.4359,0.844609,0.064658,117.0994,0.001094,0.992715,0.006191,51200,7036716,1546,17047,337,1238,337,1329
19450,60.356,38.265,2.572256,1.648926,0.923331,1.806274,1.651001,0.921255,139.3548,0.84377,0.0777,116.9002,0.001328,0.992656,0.006016,51200,7134968,1571,17726,294,1239,294,1330
19500,60.494,38.342,2.738128,1.821777,0.91635,1.974365,1.835327,0.902801,128.5468,0.834434,0.0,114.2089,0.0,0.993164,0.006836,51200,6581597,1577,20058,274,1239,274,1330
19550,60.633,38.421,2.698779,1.816895,0.881885,1.971558,1.823975,0.874804,133.5867,0.823105,0.036795,113.1024,0.000566,0.994668,0.004766,51200,6839639,1594,19429,271,1239,271,1330
19600,60.77,38.499,2.76659,1.845703,0.920887,1.994507,1.847534,0.919056,129.2861,0.819023,0.005558,113.2553,3.9e-05,0.993223,0.006738,51200,6619449,1529,20927,264,1243,264,1334
19650,60.909,38.578,2.853198,1.921265,0.931934,2.094116,1.940552,0.912647,128.7291,0.802559,0.0,111.0312,0.0,0.995391,0.004609,51200,6590928,1559,21407,261,1243,261,1334
19700,61.052,38.661,2.898264,1.969116,0.929148,2.137207,1.971191,0.927072,128.8065,0.789121,0.0,110.8832,0.0,0.996797,0.003203,51200,6594894,1573,22010,250,1247,250,1338
19750,61.193,38.739,2.844658,1.938354,0.906303,2.112793,1.945923,0.898735,128.6296,0.807598,0.0,111.3225,0.0,0.994395,0.005605,51200,6585834,1511,21414,257,1249,257,1340
19800,61.333,38.818,2.692697,1.815186,0.877511,1.984253,1.810425,0.882272,128.3616,0.816855,0.0,112.3596,0.0,0.989766,0.010234,51200,6572113,1570,19622,269,1250,269,1341
19850,61.469,38.895,2.60945,1.756714,0.852736,1.915771,1.748657,0.860793,128.0579,0.806211,0.0,113.5443,0.0,0.986602,0.013398,51200,6556565,1489,19055,255,1259,255,1350
19900,61.607,38.972,2.653142,1.769287,0.883854,1.931274,1.77063,0.882512,128.1026,0.794727,0.0,113.708,0.0,0.986367,0.013633,51200,6558852,1567,19840,231,1261,231,1352
19950,61.745,39.05,2.67836,1.762085,0.916275,1.927246,1.761963,0.916397,128.0005,0.778555,0.0,113.1016,0.0,0.984512,0.015488,51200,6553627,1513,19657,222,1261,222,1352
20000,61.889,39.131,2.788586,1.896362,0.892223,2.0625,1.895508,0.893078,127.8346,0.771719,5e-05,112.0847,0.0,0.981914,0.018086,51200,6545133,1525,21871,219,1261,219,1352
20050,62.027,39.209,2.74208,1.860229,0.881851,2.020752,1.864502,0.877578,128.4265,0.769629,0.0,111.7346,0.0,0.99125,0.00875,51200,6575438,1539,21109,215,1263,215,1354
20100,62.167,39.286,2.873061,1.976074,0.896987,2.142334,1.983276,0.889784,128.5358,0.774727,0.0,112.2671,0.0,0.993027,0.006973,51200,6581033,1596,22491,213,1265,213,1356
20150,62.307,39.365,2.924794,2.025757,0.899037,2.201538,2.038574,0.88622,128.3138,0.775742,0.0,109.9888,0.0,0.989219,0.010781,51200,6569665,1563,23202,231,1269,231,1360
20200,62.449,39.444,3.051231,2.121948,0.929283,2.314697,2.147095,0.904136,127.984,0.754316,0.0,108.4773,0.0,0.984453,0.015547,51200,6552781,1544,24389,229,1270,229,1361
20250,62.59,39.524,2.917828,1.982178,0.93565,2.15564,1.997803,0.920025,127.9684,0.756562,8.9e-05,108.8785,0.0,0.984004,0.015996,51200,6551981,1572,22752,227,1272,227,1363
20300,62.758,39.626,3.057243,2.086182,0.971061,2.277832,2.105713,0.95153,130.4379,0.752305,0.015923,111.3655,0.000254,0.990625,0.009121,51200,6678422,1635,24717,230,1272,230,1363
20350,62.897,39.705,3.021398,2.059082,0.962316,2.224365,2.071533,0.949865,130.2289,0.758418,0.017181,110.1307,0.000273,0.98457,0.015156,51200,6667718,1567,23718,236,1273,236,1364
20400,63.035,39.785,3.069283,2.13269,0.936593,2.310547,2.157227,0.912057,130.2374,0.759629,0.019893,110.1402,0.000293,0.979336,0.020371,51200,6668153,1643,24597,252,1279,252,1370
20450,63.174,39.866,3.059413,2.11084,0.948573,2.299927,2.130737,0.928675,130.3534,0.776562,0.020832,109.1686,0.000332,0.97916,0.020508,51200,6674093,1551,23956,254,1279,254,1370
20500,63.311,39.945,3.285,2.256104,1.028896,2.444214,2.28479,1.00021,128.5753,0.775566,0.004971,107.2047,7.8e-05,0.983594,0.016328,51200,6583057,1633,25699,262,1280,262,1371
20550,63.452,40.025,3.317852,2.271606,1.046245,2.46167,2.307129,1.010723,130.4452,0.784297,0.019068,107.7495,0.000312,0.984766,0.014922,51200,6678796,1584,25958,265,1283,265,1374
20600,63.589,40.106,3.262513,2.19397,1.068543,2.392944,2.235107,1.027406,128.1537,0.794082,0.0,105.2793,0.0,0.987168,0.012832,51200,6561470,1579,24238,277,1285,277,1376
20650,63.726,40.186,3.121151,2.072266,1.048886,2.258667,2.099976,1.021176,128.2255,0.818691,0.0,107.7118,0.0,0.988281,0.011719,51200,6565147,1602,22459,281,1285,281,1376
20700,63.863,40.265,3.112747,2.09314,1.019607,2.269775,2.119263,0.993484,128.2146,0.804375,0.0,107.5636,0.0,0.987793,0.012207,51200,6564590,1570,22833,306,1285,306,1376
20750,63.998,40.344,3.054657,2.036743,1.017913,2.214966,2.05603,0.998626,128.0271,0.802383,0.0,108.3325,0.0,0.984668,0.015332,51200,6554987,1609,21780,322,1285,322,1376
20800,64.133,40.423,3.0088,1.950806,1.057994,2.129395,1.973145,1.035655,127.7066,0.808848,0.0,110.0297,0.0,0.979961,0.020039,51200,6538578,1585,20795,335,1286,335,1377
20850,64.267,40.501,3.012989,1.942261,1.070728,2.118652,1.953979,1.059009,127.8926,0.810156,0.0,109.4237,0.0,0.982969,0.017031,51200,6548101,1591,21522,304,1286,304,1377
20900,64.402,40.58,2.921626,1.907227,1.014399,2.092896,1.921753,0.999873,131.1386,0.805234,0.026563,113.3114,0.00043,0.979375,0.020195,51200,6714295,1554,21433,272,1292,272,1383
20950,64.541,40.659,3.02715,1.989014,1.038137,2.172974,2.016357,1.010793,129.3067,0.792812,0.010975,110.9448,0.000176,0.983047,0.016777,51200,6620503,1550,23085,272,1292,272,1383
21000,64.679,40.738,2.971045,1.954956,1.016089,2.153442,1.98291,0.988135,128.1702,0.809746,0.0,109.3002,0.0,0.98752,0.01248,51200,6562312,1614,22225,260,1295,260,1386
21050,64.817,40.818,2.884295,1.868286,1.016009,2.057373,1.876831,1.007464,140.5921,0.816738,0.087832,111.5518,0.001348,0.986738,0.011914,51200,7198316,1583,20977,250,1295,250,1386
21100,64.955,40.898,2.799148,1.81543,0.983718,2.005371,1.831909,0.967238,141.8438,0.807207,0.095989,112.5656,0.001328,0.986602,0.01207,51200,7262401,1597,19398,241,1295,241,1386
21150,65.091,40.978,2.76279,1.746216,1.016574,1.924561,1.750977,1.011813,148.2905,0.805859,0.13412,114.1189,0.002207,0.989062,0.00873,51200,7592475,1559,18620,236,1297,236,1388
21200,65.228,41.058,2.715045,1.699707,1.015338,1.869019,1.699097,1.015949,143.7194,0.8275,0.105884,114.7932,0.001719,0.991133,0.007148,51200,7358434,1631,17934,274,1300,274,1391
21250,65.364,41.138,2.645608,1.658691,0.986917,1.825562,1.652344,0.993264,144.2651,0.834707,0.108926,115.2487,0.001816,0.992324,0.005859,51200,7386375,1514,17510,290,1304,290,1395
21300,65.499,41.216,2.659525,1.663696,0.995829,1.821167,1.65271,1.006815,132.6941,0.836328,0.033377,115.0524,0.000527,0.988125,0.011348,51200,6793939,1589,17593,288,1305,288,1396
21350,65.644,41.297,2.661263,1.634399,1.026864,1.807007,1.630371,1.030892,150.8027,0.816191,0.150252,120.6802,0.002773,0.985176,0.012051,51200,7721100,1586,17452,291,1309,291,1400
21400,65.782,41.378,2.551447,1.589233,0.962213,1.735352,1.571411,0.980035,150.0074,0.834141,0.144235,120.7177,0.002637,0.988691,0.008672,51200,7680381,1534,16064,297,1312,297,1403
21450,65.917,41.456,2.472513,1.533569,0.938943,1.67981,1.515137,0.957376,133.4575,0.831992,0.038952,120.4464,0.000645,0.98834,0.011016,51200,6833022,1541,15342,322,1312,322,1403
21500,66.051,41.535,2.548892,1.585815,0.963077,1.735962,1.563477,0.985416,134.0125,0.842578,0.044262,121.7185,0.000742,0.985508,0.01375,51200,6861442,1559,16567,330,1312,330,1403
21550,66.189,41.615,2.521537,1.582642,0.938895,1.731201,1.560181,0.961356,144.3862,0.827871,0.112658,131.5952,0.002012,0.985762,0.012227,51200,7392575,1564,16340,335,1312,335,1403
21600,66.325,41.694,2.509656,1.554932,0.954724,1.702515,1.544556,0.9651,143.563,0.815332,0.107674,130.8341,0.001914,0.985234,0.012852,51200,7350425,1580,16381,332,1313,332,1404
21650,66.46,41.771,2.581044,1.623047,0.957997,1.779419,1.614136,0.966908,128.2528,0.831836,0.0,116.7033,0.0,0.989102,0.010898,51200,6566544,1635,17063,339,1317,339,1408
21700,66.596,41.849,2.605407,1.626343,0.979064,1.779297,1.620361,0.985046,128.1452,0.844219,0.0,115.0992,0.0,0.987617,0.012383,51200,6561034,1609,17390,339,1317,339,1408
21750,66.73,41.926,2.618707,1.614136,1.004571,1.776245,1.613281,1.005425,128.3438,0.847422,0.0,115.5615,0.0,0.990195,0.009805,51200,6571201,1530,17320,329,1317,329,1408
21800,66.865,42.004,2.674103,1.636963,1.03714,1.795776,1.639282,1.034821,128.2742,0.842578,0.0,114.6593,0.0,0.989629,0.010371,51200,6567638,1615,17135,332,1317,332,1408
21850,67.002,42.082,2.642368,1.629517,1.012851,1.785767,1.626953,1.015415,128.4139,0.844453,0.0,114.7575,0.0,0.991328,0.008672,51200,6574790,1607,17568,331,1318,331,1409
21900,67.138,42.16,2.578092,1.567261,1.010831,1.716919,1.556885,1.021207,128.6372,0.84293,0.0,116.4584,0.0,0.994375,0.005625,51200,6586227,1548,16079,344,1318,344,1409
21950,67.275,42.24,2.706959,1.675293,1.031666,1.825439,1.668091,1.038868,132.6007,0.84,0.029627,118.5761,0.000469,0.99498,0.004551,51200,6789156,1590,18046,346,1319,346,1410
22000,67.413,42.318,2.741848,1.739502,1.002346,1.897583,1.733154,1.008694,128.6329,0.829355,0.00038,114.3659,0.0,0.993418,0.006582,51200,6586007,1627,18903,347,1321,347,1412
22050,67.549,42.397,2.642764,1.667725,0.975039,1.832031,1.667603,0.975162,128.5169,0.821523,0.0,114.3517,0.0,0.992559,0.007441,51200,6580064,1535,18309,350,1325,350,1416
22100,67.687,42.476,2.650574,1.711182,0.939392,1.862549,1.709961,0.940613,128.1307,0.811699,0.0,113.7471,0.0,0.986777,0.013223,51200,6560293,1627,18273,357,1327,357,1418
22150,67.822,42.553,2.670601,1.73645,0.934151,1.887939,1.737183,0.933418,128.1904,0.819023,0.0,114.3462,0.0,0.987188,0.012812,51200,6563350,1575,18483,343,1327,343,1418
22200,67.959,42.633,2.831685,1.813354,1.018331,1.983643,1.81897,1.012715,130.6304,0.825859,0.018327,113.8305,0.000293,0.988379,0.011328,51200,6688275,1532,19922,327,1327,327,1418
22250,68.095,42.714,2.80575,1.799805,1.005946,1.972412,1.814331,0.991419,131.5002,0.837715,0.02791,113.3088,0.000449,0.982227,0.017324,51200,6732811,1533,18490,328,1329,328,1420
22300,68.247,42.81,2.737785,1.716064,1.021721,1.892456,1.71106,1.026726,127.836,0.841953,0.0,112.7763,0.0,0.98207,0.01793,51200,6545203,1605,18509,323,1330,323,1421
22350,68.381,42.887,2.712057,1.70459,1.007467,1.863525,1.700317,1.011739,127.7445,0.838457,0.0,114.4698,0.0,0.982109,0.017891,51200,6540519,1558,18072,327,1330,327,1421
22400,68.518,42.967,2.772932,1.772583,1.000349,1.959961,1.779053,0.993879,127.6695,0.846094,0.0,112.7436,0.0,0.981465,0.018535,51200,6536676,1619,18421,329,1332,329,1423
22450,68.652,43.045,2.659936,1.656616,1.00332,1.821289,1.668701,0.991235,127.8891,0.860879,0.000218,114.0093,0.0,0.983691,0.016309,51200,6547921,1594,17357,337,1335,337,1426
22500,68.784,43.122,2.560138,1.552246,1.007892,1.711304,1.555908,1.00423,128.1808,0.863535,0.0,115.1747,0.0,0.988184,0.011816,51200,6562858,1584,15881,326,1338,326,1429
22550,68.918,43.199,2.521179,1.562012,0.959168,1.714722,1.555298,0.965881,128.3747,0.858477,0.0,116.8826,0.0,0.990605,0.009395,51200,6572784,1621,15746,322,1338,322,1429
22600,69.053,43.277,2.576703,1.583618,0.993084,1.741089,1.584839,0.991864,128.7423,0.854219,0.0,116.505,0.0,0.995723,0.004277,51200,6591606,1618,16650,302,1338,302,1429
22650,69.186,43.354,2.54287,1.564941,0.977929,1.715698,1.563354,0.979516,128.8288,0.843301,0.0,115.7465,0.0,0.997461,0.002539,51200,6596035,1540,16163,312,1338,312,1429
22700,69.325,43.435,2.54106,1.604126,0.936934,1.747681,1.581909,0.95915,128.569,0.859492,0.0,116.2584,0.0,0.993262,0.006738,51200,6582734,1629,16429,311,1338,311,1429
22750,69.463,43.513,2.35766,1.454834,0.902826,1.597046,1.429077,0.928583,128.46,0.87582,0.0,117.786,0.0,0.991328,0.008672,51200,6577150,1600,14708,305,1338,305,1429
22800,69.603,43.591,2.385552,1.456787,0.928765,1.593628,1.431641,0.953912,128.6028,0.858789,0.0,118.284,0.0,0.994102,0.005898,51200,6584464,1601,14805,304,1338,304,1429
22850,69.739,43.67,2.351031,1.427368,0.923663,1.570068,1.403931,0.947101,128.3592,0.836914,0.0,118.5071,0.0,0.990371,0.009629,51200,6571992,1623,14562,304,1338,304,1429
22900,69.88,43.746,2.432931,1.513306,0.919625,1.659424,1.47998,0.95295,129.0984,0.827285,0.004817,118.9128,7.8e-05,0.991484,0.008438,51200,6609840,1564,15148,322,1341,322,1432
22950,70.025,43.831,2.418167,1.516479,0.901688,1.658569,1.481201,0.936966,128.3073,0.838164,0.0,118.3303,0.0,0.98916,0.01084,51200,6569332,1528,14745,337,1346,337,1436
23000,70.177,43.908,2.519935,1.571899,0.948035,1.729126,1.562866,0.957068,128.2821,0.833828,0.0,118.0061,0.0,0.988809,0.011191,51200,6568044,1604,15425,328,1346,328,1436
23050,70.321,43.997,2.426263,1.498169,0.928094,1.635864,1.482056,0.944207,128.5609,0.848789,0.0,117.9376,0.0,0.993125,0.006875,51200,6582320,1596,14707,330,1346,330,1436
23100,70.453,44.073,2.443986,1.471802,0.972184,1.610107,1.453125,0.990861,128.0552,0.849219,0.0,118.5437,0.0,0.985859,0.014141,51200,6556428,1529,13941,321,1346,321,1436
23150,70.585,44.15,2.369273,1.417847,0.951427,1.554443,1.397339,0.971934,128.0825,0.853027,0.0,118.3436,0.0,0.986875,0.013125,51200,6557826,1485,13990,330,1346,330,1436
23200,70.721,44.229,2.511402,1.546753,0.964649,1.696045,1.528809,0.982593,140.3416,0.846484,0.084607,130.0113,0.001465,0.991172,0.007363,51200,7185490,1578,15881,347,1346,347,1436
23250,70.856,44.308,2.557535,1.592041,0.965494,1.750732,1.582886,0.974649,141.6163,0.840449,0.09506,129.5754,0.00166,0.986934,0.011406,51200,7250754,1534,16540,327,1346,327,1436
23300,70.992,44.389,2.68276,1.660889,1.021871,1.825806,1.661255,1.021505,143.7743,0.838574,0.107907,129.4487,0.001914,0.987637,0.010449,51200,7361246,1583,17502,313,1346,313,1436
23350,71.127,44.469,2.707425,1.714111,0.993313,1.874146,1.720703,0.986722,143.5718,0.845703,0.108091,127.811,0.001914,0.984668,0.013418,51200,7350876,1604,18692,339,1346,339,1436
23400,71.265,44.55,2.773349,1.762817,1.010532,1.945801,1.779785,0.993564,146.6882,0.830547,0.126086,128.6151,0.002188,0.986895,0.010918,51200,7510438,1523,19082,322,1346,322,1436
23450,71.402,44.631,2.710063,1.719238,0.990824,1.902954,1.734375,0.975688,145.1053,0.843887,0.115703,126.3058,0.001973,0.98877,0.009258,51200,7429392,1612,18579,305,1346,305,1436
23500,71.539,44.711,2.684913,1.709717,0.975196,1.887085,1.716919,0.967994,148.6018,0.832305,0.135687,127.0124,0.002422,0.990586,0.006992,51200,7608413,1628,18398,289,1346,289,1436
23550,71.675,44.792,2.668567,1.705933,0.962635,1.863159,1.710693,0.957874,153.6259,0.81082,0.166124,133.8775,0.003125,0.984258,0.012617,51200,7865646,1577,18156,279,1346,279,1436
23600,71.817,44.873,2.718099,1.776123,0.941976,1.942017,1.778809,0.939291,155.927,0.794707,0.176605,129.0627,0.003418,0.987344,0.009238,51200,7983460,1565,19714,262,1346,262,1436
23650,71.963,44.959,2.730378,1.787598,0.942781,1.949219,1.790649,0.939729,150.5966,0.801094,0.148045,123.1381,0.002773,0.986016,0.011211,51200,7710545,1504,19679,255,1347,255,1437
23700,72.105,45.041,2.830619,1.838745,0.991874,2.006226,1.846313,0.984306,141.4417,0.785449,0.094556,115.8623,0.00166,0.985078,0.013262,51200,7241814,1583,20342,262,1354,262,1444
23750,72.259,45.128,2.88964,1.909912,0.979727,2.09021,1.924805,0.964835,147.8754,0.787832,0.134981,125.7324,0.002461,0.98252,0.01502,51200,7571220,1582,21140,271,1356,271,1446
23800,72.396,45.207,2.846724,1.876953,0.969771,2.058716,1.890625,0.956099,129.7205,0.785625,0.01463,112.11,0.000234,0.98207,0.017695,51200,6641690,1600,20930,258,1356,258,1446
23850,72.535,45.285,2.77867,1.802612,0.976058,1.967651,1.812744,0.965926,127.8608,0.779922,0.0,111.7491,0.0,0.982695,0.017305,51200,6546472,1537,19551,265,1356,265,1446
23900,72.676,45.365,2.744298,1.780151,0.964146,1.949585,1.796143,0.948155,128.0548,0.77541,0.0,112.8228,0.0,0.98541,0.01459,51200,6556407,1563,19504,251,1356,251,1446
23950,72.812,45.443,2.751834,1.789307,0.962527,1.940186,1.789551,0.962283,135.8017,0.780527,0.056972,117.9071,0.000957,0.984199,0.014844,51200,6953047,1585,19935,241,1358,241,1448
24000,72.949,45.521,2.772173,1.828003,0.94417,1.987549,1.826538,0.945635,129.1879,0.764941,0.008451,112.868,0.000137,0.985625,0.014238,51200,6614421,1595,20190,235,1359,235,1449
24050,73.085,45.599,2.721485,1.806274,0.91521,1.964478,1.805908,0.915577,128.2004,0.75709,0.0,112.1878,0.0,0.988379,0.011621,51200,6563859,1545,19937,240,1359,240,1449
24100,73.222,45.678,2.718328,1.7677,0.950628,1.934204,1.757935,0.960393,128.3353,0.772852,0.0,113.7695,0.0,0.989766,0.010234,51200,6570768,1591,19028,243,1359,243,1449
24150,73.366,45.755,2.689822,1.749878,0.939944,1.917725,1.752075,0.937747,128.4131,0.779238,5.1e-05,113.6611,0.0,0.99084,0.00916,51200,6574750,1630,19427,241,1359,241,1449
24200,73.515,45.845,2.823775,1.874146,0.949629,2.045044,1.880249,0.943526,128.8662,0.77623,0.00372,112.7382,5.9e-05,0.99084,0.009102,51200,6597951,1553,21066,240,1359,240,1449
24250,73.652,45.924,2.808379,1.852051,0.956328,2.008789,1.852783,0.955596,132.515,0.789824,0.03198,115.2297,0.000371,0.988828,0.010801,51200,6784770,1601,20735,250,1359,250,1449
24300,73.788,46.004,2.733862,1.804565,0.929297,1.968262,1.802002,0.93186,141.329,0.782969,0.093347,122.4641,0.001406,0.985801,0.012793,51200,7236044,1548,19305,261,1359,261,1449
24350,73.925,46.082,2.838116,1.873291,0.964825,2.037476,1.873657,0.964459,135.5829,0.788945,0.056283,116.4261,0.000801,0.984355,0.014844,51200,6941845,1584,20960,262,1359,262,1449
24400,74.062,46.161,2.836134,1.894653,0.94148,2.068726,1.902344,0.93379,130.2174,0.780762,0.015965,111.8509,0.000254,0.986895,0.012852,51200,6667133,1520,20866,263,1359,263,1449
24450,74.202,46.241,2.806614,1.862183,0.944431,2.015137,1.863647,0.942966,142.868,0.780898,0.104384,124.3754,0.001836,0.983438,0.014727,51200,7314844,1613,20502,289,1368,289,1458
24500,74.343,46.324,2.737698,1.80896,0.928738,1.976074,1.811401,0.926297,155.6922,0.794434,0.176325,133.419,0.003379,0.98834,0.008281,51200,7971440,1567,19620,297,1368,297,1458
24550,74.483,46.406,2.727182,1.78125,0.945932,1.940186,1.786377,0.940805,159.0374,0.797754,0.194591,137.0313,0.003809,0.986094,0.010098,51200,8142716,1554,19394,303,1368,303,1458
24600,74.624,46.489,2.801619,1.867065,0.934554,2.02478,1.877808,0.923812,161.0856,0.78748,0.205482,137.0724,0.004062,0.984512,0.011426,51200,8247583,1557,20024,302,1368,302,1458
24650,74.764,46.571,2.709147,1.790894,0.918253,1.953857,1.792847,0.9163,156.8907,0.79998,0.182032,132.5067,0.003516,0.989102,0.007383,51200,8032806,1560,18825,306,1373,306,1463
24700,74.9,46.651,2.696547,1.71936,0.977187,1.878418,1.720459,0.976088,144.6736,0.808672,0.110816,125.2493,0.001973,0.994316,0.003711,51200,7407288,1569,18805,304,1383,304,1473
24750,75.036,46.731,2.730655,1.773804,0.956851,1.9375,1.779663,0.950992,147.871,0.808867,0.132083,125.7063,0.002402,0.989922,0.007676,51200,7570995,1575,19389,299,1383,299,1473
24800,75.186,46.825,2.832198,1.788086,1.044112,1.964966,1.803345,1.028853,144.5712,0.806973,0.111968,123.3727,0.001992,0.990332,0.007676,51200,7402045,1524,19240,310,1386,310,1476
24850,75.325,46.907,2.682191,1.691895,0.990297,1.858276,1.693604,0.988588,152.7435,0.804609,0.158922,121.6941,0.002988,0.991523,0.005488,51200,7820468,1519,17502,317,1386,317,1476
24900,75.463,46.987,2.648038,1.701294,0.946744,1.856323,1.692627,0.955411,142.4183,0.84084,0.097001,115.3765,0.001699,0.993926,0.004375,51200,7291818,1537,18089,312,1386,312,1476
24950,75.599,47.065,2.54448,1.601196,0.943283,1.747314,1.588623,0.955856,134.5085,0.840723,0.042495,120.8354,0.000703,0.996758,0.002539,51200,6886835,1548,16589,301,1386,301,1476
25000,75.74,47.145,2.566032,1.632935,0.933098,1.794922,1.615845,0.950188,142.524,0.843047,0.098111,129.746,0.001719,0.993105,0.005176,51200,7297230,1584,17540,297,1387,297,1477
25050,75.873,47.222,2.69001,1.747803,0.942207,1.916992,1.762207,0.927803,128.5884,0.845332,0.0,114.4708,0.0,0.993848,0.006152,51200,6583726,1589,19656,271,1387,271,1477
25100,76.008,47.3,2.758312,1.822876,0.935436,1.990356,1.825684,0.932628,128.8311,0.831211,0.0,112.3374,0.0,0.997559,0.002441,51200,6596151,1577,20298,272,1387,272,1477
25150,76.142,47.377,2.72437,1.765137,0.959233,1.928833,1.772339,0.952031,128.6589,0.808027,0.0,112.2004,0.0,0.994824,0.005176,51200,6587334,1540,20095,267,1389,267,1479
25200,76.276,47.454,2.687177,1.730591,0.956586,1.891968,1.728394,0.958784,128.6171,0.796914,0.0,113.1493,0.0,0.994492,0.005508,51200,6585196,1574,18791,268,1389,268,1479
25250,76.413,47.532,2.790217,1.824097,0.96612,1.992188,1.831055,0.959162,132.0662,0.790684,0.030065,113.9004,0.000488,0.986758,0.012754,51200,6761792,1571,20325,259,1391,259,1481
25300,76.552,47.613,2.711447,1.743652,0.967795,1.904785,1.730957,0.98049,145.6307,0.797637,0.120088,118.8083,0.002148,0.986719,0.011133,51200,7456290,1570,19447,254,1392,254,1482
25350,76.69,47.694,2.714814,1.773071,0.941743,1.921265,1.769531,0.945283,146.7997,0.810078,0.126492,117.7829,0.002285,0.98873,0.008984,51200,7516145,1537,18899,274,1394,274,1484
25400,76.827,47.774,2.66643,1.723389,0.943042,1.883911,1.723022,0.943408,144.0348,0.807266,0.111224,117.3678,0.001973,0.985234,0.012793,51200,7374582,1549,18387,281,1394,281,1484
25450,76.964,47.852,2.65998,1.692749,0.967231,1.843262,1.68811,0.971869,130.8317,0.814707,0.020623,115.8794,0.000332,0.987168,0.0125,51200,6698582,1555,17603,286,1394,286,1484
25500,77.1,47.93,2.676363,1.690796,0.985567,1.847778,1.690186,0.986178,128.1255,0.822207,0.0,113.0281,0.0,0.986523,0.013477,51200,6560026,1552,18860,283,1394,283,1484
25550,77.237,48.008,2.570107,1.628906,0.941201,1.785645,1.62085,0.949258,128.1314,0.822988,0.0,113.301,0.0,0.986758,0.013242,51200,6560326,1585,17187,306,1397,306,1487
25600,77.372,48.086,2.477194,1.535645,0.94155,1.679565,1.521484,0.95571,128.2734,0.848125,0.0,116.0063,0.0,0.989141,0.010859,51200,6567599,1572,15090,323,1397,323,1487
25650,77.505,48.162,2.406048,1.47998,0.926067,1.630615,1.467285,0.938762,128.2766,0.852012,0.0,117.2666,0.0,0.988926,0.011074,51200,6567764,1622,15159,322,1397,322,1487
25700,77.639,48.239,2.392406,1.498779,0.893627,1.626343,1.483276,0.90913,128.5191,0.853613,0.0,117.6534,0.0,0.992539,0.007461,51200,6580178,1531,15402,322,1397,323,1487
25750,77.775,48.315,2.481057,1.573486,0.907571,1.715942,1.567993,0.913064,128.3664,0.834043,0.0,117.1649,0.0,0.990273,0.009727,51200,6572358,1517,15940,329,1397,329,1487
25800,77.91,48.392,2.518536,1.606079,0.912457,1.747559,1.597656,0.92088,128.1666,0.826387,0.0,116.2151,0.0,0.987715,0.012285,51200,6562131,1565,16290,352,1397,353,1487
25850,78.052,48.474,2.455667,1.549561,0.906106,1.702515,1.547363,0.908303,128.3988,0.84584,0.0,116.4913,0.0,0.990898,0.009102,51200,6574016,1603,15647,336,1397,336,1487
25900,78.185,48.551,2.541155,1.605225,0.935931,1.758667,1.610352,0.930804,127.9848,0.82959,0.0,116.2365,0.0,0.984609,0.015391,51200,6552823,1620,16826,325,1397,325,1487
25950,78.319,48.627,2.556497,1.645142,0.911356,1.810547,1.649048,0.907449,128.318,0.816738,0.0,115.1097,0.0,0.989492,0.010508,51200,6569884,1576,17903,283,1397,283,1487
26000,78.455,48.705,2.68757,1.754761,0.932809,1.914307,1.758667,0.928903,128.255,0.805703,0.0,114.0223,0.0,0.98834,0.01166,51200,6566654,1606,19430,260,1398,260,1488
26050,78.595,48.784,2.829371,1.912842,0.91653,2.079468,1.914062,0.915309,136.0043,0.785527,0.05572,119.261,0.000938,0.990859,0.008203,51200,6963420,1549,21038,243,1398,243,1488
26100,78.732,48.862,2.928816,1.929321,0.999495,2.10376,1.948242,0.980574,131.6611,0.794219,0.025186,113.8145,0.00041,0.990156,0.009434,51200,6741047,1658,21582,242,1402,242,1492
26150,78.87,48.941,2.841612,1.891357,0.950255,2.05542,1.903442,0.93817,128.651,0.798867,0.002909,110.7157,3.9e-05,0.989062,0.010898,51200,6586932,1565,20413,247,1406,247,1496
26200,79.008,49.018,2.865152,1.880859,0.984293,2.053223,1.898193,0.966959,128.414,0.794082,0.0,112.0225,0.0,0.991484,0.008516,51200,6574797,1518,21005,241,1411,241,1501
26250,79.146,49.096,2.894584,1.928955,0.965629,2.10376,1.938721,0.955864,128.0546,0.789551,0.000673,110.8737,0.0,0.985059,0.014941,51200,6556398,1593,21472,253,1411,253,1501
26300,79.284,49.174,2.873004,1.92041,0.952594,2.0979,1.932617,0.940387,128.0502,0.79375,0.0,110.8033,0.0,0.985273,0.014727,51200,6556172,1540,21338,270,1414,270,1504
26350,79.43,49.256,2.841974,1.876953,0.965021,2.050781,1.886597,0.955378,128.2729,0.803984,0.0,111.6161,0.0,0.988594,0.011406,51200,6567570,1629,20100,287,1423,287,1513
26400,79.582,49.334,2.67781,1.776367,0.901443,1.935913,1.774292,0.903518,128.9693,0.816133,0.005051,113.9502,7.8e-05,0.989727,0.010195,51200,6603226,1650,18239,271,1423,272,1513
26450,79.734,49.426,2.777015,1.811646,0.965369,1.989014,1.825684,0.951331,128.131,0.807461,0.0,113.4801,0.0,0.987363,0.012637,51200,6560305,1578,19255,271,1424,272,1514
26500,79.875,49.507,2.835916,1.89917,0.936746,2.065918,1.911377,0.924539,128.2219,0.803887,0.0,112.0329,0.0,0.988965,0.011035,51200,6564961,1538,20870,292,1424,293,1514
26550,80.014,49.588,2.959483,1.980347,0.979136,2.162231,2.002197,0.957285,128.1701,0.80457,0.0,110.3469,0.0,0.987539,0.012461,51200,6562307,1601,21960,271,1426,272,1516
26600,80.155,49.671,3.000944,2.008911,0.992033,2.18042,2.019775,0.981169,141.7305,0.805723,0.098199,116.3031,0.001699,0.981621,0.01668,51200,7256601,1603,21390,271,1426,272,1516
26650,80.296,49.753,3.02772,2.052124,0.975596,2.235107,2.083862,0.943858,146.5223,0.793457,0.129024,118.6235,0.002324,0.979414,0.018262,51200,7501944,1581,22326,267,1426,268,1516
26700,80.436,49.835,2.917412,1.987915,0.929497,2.181152,2.003906,0.913506,143.3279,0.79166,0.109725,116.7686,0.001934,0.979746,0.01832,51200,7338391,1579,21793,262,1426,262,1516
26750,80.576,49.916,2.910721,1.945435,0.965287,2.115112,1.958862,0.951859,145.0571,0.774824,0.116973,118.5693,0.00209,0.985684,0.012227,51200,7426924,1544,21706,251,1429,251,1519
26800,80.717,49.998,2.888821,1.935791,0.95303,2.102539,1.944702,0.944119,145.0879,0.776758,0.118095,119.0674,0.002109,0.983184,0.014707,51200,7428503,1578,21671,243,1429,243,1519
26850,80.858,50.079,2.877154,1.960327,0.916827,2.115479,1.976685,0.90047,141.2477,0.783867,0.094809,117.2896,0.001641,0.982402,0.015957,51200,7231884,1542,21764,239,1429,240,1519
26900,80.995,50.157,2.897251,1.934204,0.963047,2.112549,1.948975,0.948277,127.8395,0.77291,0.0,110.3061,0.0,0.983145,0.016855,51200,6545382,1571,21555,241,1433,242,1523
26950,81.134,50.235,2.971784,2.031738,0.940045,2.223633,2.058228,0.913556,127.7085,0.758906,0.000401,109.8409,0.0,0.97959,0.02041,51200,6538674,1672,22340,238,1433,239,1523
27000,81.275,50.315,2.875799,1.988159,0.887639,2.182739,2.01416,0.861638,140.0164,0.756387,0.087124,116.5227,0.001504,0.981602,0.016895,51200,7168841,1537,21446,244,1437,245,1527
27050,81.421,50.399,2.975651,2.021606,0.954044,2.202637,2.046875,0.928776,165.1741,0.774355,0.225135,124.6307,0.004551,0.984082,0.011367,51200,8456916,1587,21616,263,1439,267,1529
27100,81.567,50.484,2.899407,1.97168,0.927727,2.151733,1.987915,0.911492,169.5692,0.775996,0.244212,122.9091,0.005098,0.987344,0.007559,51200,8681943,1591,21084,265,1440,270,1530
27150,81.711,50.569,2.841167,1.895752,0.945415,2.065186,1.911499,0.929668,165.1522,0.771113,0.224032,119.2602,0.004551,0.987559,0.007891,51200,8455792,1536,19871,265,1445,271,1535
27200,81.858,50.653,2.863025,1.907593,0.955432,2.072998,1.910767,0.952259,152.9715,0.775605,0.163038,120.5569,0.003066,0.985859,0.011074,51200,7832140,1538,20292,270,1447,276,1536
27250,82.003,50.736,2.746863,1.855225,0.891638,2.007812,1.851807,0.895056,151.7049,0.794766,0.157743,121.3884,0.00293,0.981973,0.015098,51200,7767291,1560,19415,282,1451,289,1540
27300,82.146,50.818,2.617617,1.759277,0.85834,1.901978,1.752075,0.865542,151.1603,0.802969,0.153798,121.4088,0.002852,0.984004,0.013145,51200,7739408,1580,18477,299,1456,306,1545
27350,82.288,50.9,2.644155,1.773682,0.870474,1.904785,1.764282,0.879873,153.2518,0.805859,0.164905,123.2991,0.003105,0.985117,0.011777,51200,7846493,1635,18871,279,1457,284,1548
27400,82.431,50.982,2.740675,1.865723,0.874952,2.001709,1.866455,0.87422,155.7491,0.785469,0.179522,122.6187,0.003438,0.981953,0.014609,51200,7974356,1591,19483,284,1458,286,1549
27450,82.574,51.066,2.717879,1.845459,0.87242,1.982788,1.843018,0.874862,167.8785,0.794004,0.242554,130.5729,0.005,0.972812,0.022188,51200,8595381,1564,19491,284,1463,284,1554
27500,82.714,51.147,2.800061,1.885864,0.914197,2.029053,1.884766,0.915296,149.877,0.792676,0.146109,118.1512,0.002695,0.985059,0.012246,51200,7673700,1646,20621,271,1465,271,1556
27550,82.854,51.228,2.814192,1.889648,0.924543,2.046265,1.90332,0.910871,151.6393,0.787188,0.158147,118.8452,0.002949,0.980898,0.016152,51200,7763932,1627,20524,262,1467,262,1558
27600,82.994,51.31,2.740151,1.842773,0.897377,1.997925,1.851562,0.888588,154.9778,0.796289,0.175398,131.1726,0.00334,0.981445,0.015215,51200,7934863,1573,19365,256,1468,262,1559
27650,83.134,51.392,2.865295,1.970459,0.894836,2.145752,1.979492,0.885803,145.8492,0.801172,0.123099,128.6997,0.002207,0.983809,0.013984,51200,7467477,1557,22033,271,1474,278,1565
27700,83.275,51.475,2.988838,2.025635,0.963203,2.197876,2.032959,0.955879,146.0413,0.799844,0.124007,126.491,0.002227,0.985059,0.012715,51200,7477317,1581,22409,263,1474,270,1565
27750,83.418,51.558,3.042488,2.106567,0.935921,2.278931,2.134644,0.907844,154.9011,0.789609,0.174273,132.9153,0.00332,0.984707,0.011973,51200,7930935,1535,23548,262,1475,269,1566
27800,83.561,51.644,3.11601,2.143799,0.972211,2.330933,2.16748,0.948529,161.8343,0.79707,0.21036,136.9594,0.00418,0.983086,0.012734,51200,8285916,1584,24134,263,1475,270,1566
27850,83.704,51.727,2.913727,1.995361,0.918366,2.154541,2.008179,0.905549,147.121,0.805957,0.129571,126.1046,0.002344,0.987676,0.00998,51200,7532596,1572,21912,253,1476,260,1567
27900,83.842,51.81,2.927043,1.976929,0.950114,2.144897,1.988037,0.939006,152.8472,0.784238,0.166291,128.3636,0.003125,0.978105,0.01877,51200,7825776,1654,21589,236,1476,245,1567
27950,83.984,51.894,2.837266,1.924927,0.912339,2.08728,1.939697,0.897568,163.0185,0.786562,0.218435,133.0284,0.004395,0.977598,0.018008,51200,8346547,1637,21562,221,1478,225,1569
28000,84.126,51.979,2.88408,1.999756,0.884324,2.173584,2.021729,0.862351,174.0779,0.764766,0.269127,135.0565,0.005781,0.973613,0.020605,51200,8912789,1572,22649,190,1478,194,1569
28050,84.273,52.065,3.008884,2.096436,0.912448,2.283936,2.138916,0.869968,175.8557,0.740215,0.278224,127.5456,0.006035,0.970156,0.023809,51200,9003812,1568,24060,176,1478,180,1569
28100,84.422,52.153,3.050638,2.121948,0.92869,2.309082,2.1521,0.898538,179.4502,0.742969,0.293556,127.6069,0.006484,0.968105,0.02541,51200,9187848,1525,23658,176,1478,180,1569
28150,84.578,52.245,3.113475,2.167847,0.945628,2.360596,2.203125,0.91035,176.476,0.756387,0.279615,127.1505,0.006074,0.974434,0.019492,51200,9035572,1617,24364,177,1478,181,1569
28200,84.732,52.336,3.260471,2.277222,0.98325,2.469971,2.318481,0.94199,171.5356,0.761016,0.258116,124.048,0.005449,0.976094,0.018457,51200,8782625,1502,25377,184,1480,187,1573
28250,84.895,52.433,3.216009,2.215698,1.00031,2.418579,2.255493,0.960515,191.1318,0.772148,0.333655,130.4122,0.007852,0.977852,0.014297,51200,9785949,1592,24502,206,1483,219,1576
28300,85.044,52.521,3.059135,2.094727,0.964408,2.264648,2.106689,0.952445,161.9733,0.775508,0.214222,118.9735,0.004277,0.974395,0.021328,51200,8293033,1574,23137,213,1485,224,1578
28350,85.186,52.604,3.053307,2.098877,0.954431,2.269531,2.111084,0.942223,145.9979,0.76373,0.127649,110.3966,0.002305,0.975293,0.022402,51200,7475090,1638,22790,257,1485,261,1578
28400,85.331,52.687,3.059182,2.083618,0.975564,2.263306,2.090576,0.968606,158.2876,0.765996,0.194992,113.507,0.003809,0.976562,0.019629,51200,8104324,1624,23496,247,1485,253,1578
28450,85.475,52.771,2.985596,2.025391,0.960205,2.201538,2.040039,0.945557,160.8249,0.790488,0.207398,116.4224,0.004102,0.976523,0.019375,51200,8234236,1524,22057,249,1490,255,1583
28500,85.619,52.855,3.090095,2.076172,1.013923,2.270142,2.11377,0.976325,168.4366,0.789258,0.243803,115.6719,0.005059,0.975742,0.019199,51200,8623955,1584,23237,221,1490,227,1583
28550,85.761,52.939,3.138672,2.142456,0.996216,2.331177,2.186768,0.951904,163.795,0.763027,0.223585,112.0982,0.004512,0.973594,0.021895,51200,8386303,1610,24726,200,1490,207,1583
28600,85.906,53.024,3.15574,2.150635,1.005105,2.343262,2.193359,0.96238,163.1557,0.757754,0.220569,111.5749,0.004434,0.973809,0.021758,51200,8353571,1568,24005,196,1490,203,1583
28650,86.051,53.11,3.109387,2.133545,0.975842,2.317871,2.157593,0.951794,174.1476,0.765254,0.26962,113.2573,0.005781,0.974805,0.019414,51200,8916359,1478,23297,191,1490,199,1583
28700,86.202,53.196,3.16811,2.222046,0.946064,2.414795,2.250854,0.917256,168.6344,0.761797,0.244439,112.1935,0.005078,0.977109,0.017812,51200,8634081,1582,25147,205,1490,211,1583
28750,86.365,53.281,3.035723,2.061401,0.974322,2.244141,2.086182,0.949542,166.1346,0.774219,0.233851,113.3925,0.004785,0.97666,0.018555,51200,8506089,1532,22444,217,1490,217,1583
28800,86.522,53.377,3.031062,2.026001,1.005061,2.226929,2.052856,0.978205,156.9153,0.78209,0.188836,115.3539,0.003652,0.975742,0.020605,51200,8034065,1545,21170,219,1491,219,1584
28850,86.667,53.465,3.037528,2.022583,1.014945,2.213135,2.046265,0.991263,182.0983,0.796641,0.300387,132.5989,0.006758,0.975293,0.017949,51200,9323435,1579,22030,245,1491,246,1584
28900,86.818,53.556,2.890273,1.892944,0.997329,2.080933,1.924805,0.965468,194.2245,0.804395,0.343355,140.3675,0.008242,0.976602,0.015156,51200,9944294,1573,20084,250,1492,254,1585
28950,86.972,53.65,2.790264,1.813965,0.976299,1.986572,1.832153,0.95811,184.1927,0.791465,0.30662,135.7981,0.006973,0.979238,0.013789,51200,9430664,1519,18550,269,1494,272,1587
29000,87.125,53.738,2.790643,1.79834,0.992303,1.957642,1.807129,0.983514,178.9134,0.793496,0.283398,136.2568,0.006113,0.986016,0.007871,51200,9160366,1646,18932,267,1496,271,1589
29050,87.278,53.826,2.789643,1.826538,0.963104,1.998169,1.839844,0.949799,170.7297,0.805742,0.248583,127.4133,0.005098,0.987578,0.007324,51200,8741359,1566,19159,278,1497,282,1590
29100,87.422,53.91,2.749029,1.833374,0.915655,1.999634,1.851807,0.897222,161.3673,0.819824,0.20706,123.9297,0.003828,0.981797,0.014375,51200,8262007,1537,19559,279,1497,279,1590
29150,87.571,53.994,2.793787,1.842285,0.951502,2.014648,1.851562,0.942225,158.7266,0.822051,0.193236,129.7115,0.003711,0.985312,0.010977,51200,8126802,1531,19619,283,1497,283,1590
29200,87.718,54.081,2.797508,1.82666,0.970848,2.006714,1.842407,0.955101,159.5388,0.812891,0.197867,129.1555,0.003887,0.984062,0.012051,51200,8168386,1582,19430,300,1497,304,1590
29250,87.865,54.168,2.760309,1.810303,0.950006,1.968262,1.819214,0.941095,159.6295,0.816133,0.200793,129.5351,0.003945,0.97877,0.017285,51200,8173029,1567,18951,310,1497,314,1590
29300,88.024,54.255,2.700092,1.756104,0.943988,1.902344,1.755371,0.94472,166.8974,0.833809,0.234145,133.4929,0.004805,0.981504,0.013691,51200,8545146,1568,18614,312,1497,317,1591
29350,88.18,54.352,2.653134,1.739868,0.913266,1.896118,1.735352,0.917783,178.8303,0.83418,0.284829,139.4422,0.00627,0.982734,0.010996,51200,9156112,1539,18517,316,1498,324,1595
29400,88.33,54.437,2.732874,1.859619,0.873255,2.019043,1.870728,0.862146,166.5503,0.836855,0.229491,139.461,0.004707,0.98918,0.006113,51200,8527374,1527,20385,312,1498,323,1597
29450,88.475,54.521,2.692042,1.772827,0.919214,1.922852,1.769897,0.922144,152.8236,0.822969,0.162941,129.0397,0.003066,0.983164,0.01377,51200,7824567,1561,19201,304,1509,315,1608
29500,88.612,54.601,2.643971,1.692871,0.9511,1.841431,1.685303,0.958668,142.4816,0.809141,0.102434,125.3854,0.001797,0.983223,0.01498,51200,7295056,1608,18618,286,1510,293,1609
29550,88.75,54.681,2.561999,1.690918,0.871081,1.844727,1.679565,0.882434,146.4388,0.794414,0.126713,128.9344,0.002285,0.983535,0.01418,51200,7497669,1505,18042,276,1510,276,1609
29600,88.886,54.76,2.640655,1.736938,0.903716,1.890503,1.732422,0.908233,140.7747,0.809434,0.089898,125.4728,0.001562,0.98666,0.011777,51200,7207663,1620,18184,273,1510,273,1609
29650,89.022,54.837,2.61165,1.70166,0.90999,1.843994,1.692261,0.91939,128.0496,0.810762,0.0,114.7705,0.0,0.986602,0.013398,51200,6556138,1617,18200,279,1514,279,1613
29700,89.159,54.915,2.695393,1.746094,0.949299,1.886353,1.742432,0.952961,127.8938,0.793125,0.0,114.2186,0.0,0.985059,0.014941,51200,6548165,1550,18674,283,1517,283,1616
29750,89.3,54.994,2.698102,1.758301,0.939801,1.914062,1.750732,0.94737,127.2161,0.796094,0.0,113.2488,0.0,0.975703,0.024297,51200,6513465,1573,19400,286,1521,286,1620
29800,89.452,55.087,2.681507,1.770508,0.910999,1.935303,1.774658,0.906849,148.0121,0.802715,0.140427,124.5808,0.002559,0.973574,0.023867,51200,7578218,1638,20214,272,1523,276,1622
29850,89.595,55.169,2.706858,1.834961,0.871897,2.005737,1.837402,0.869456,156.7139,0.804375,0.187301,128.4125,0.003633,0.975898,0.020469,51200,8023752,1506,20749,249,1523,253,1622
29900,89.75,55.253,2.726874,1.787842,0.939032,1.955566,1.792358,0.934516,158.9929,0.812266,0.198492,129.0399,0.003906,0.977363,0.01873,51200,8140434,1574,20360,251,1525,255,1624
29950,89.892,55.337,2.700384,1.803101,0.897283,1.955078,1.799316,0.901068,159.703,0.81168,0.203521,129.0677,0.004023,0.973965,0.022012,51200,8176795,1635,20140,241,1525,245,1624
30000,90.048,55.422,2.692199,1.748657,0.943541,1.91272,1.74646,0.945739,150.1774,0.817559,0.151694,126.4379,0.002754,0.976953,0.020293,51200,7689083,1592,19054,241,1525,244,1624
30050,90.187,55.503,2.63171,1.741943,0.889766,1.912354,1.741089,0.890621,142.3195,0.81166,0.105824,123.5249,0.001855,0.976602,0.021543,51200,7286756,1600,19455,215,1529,216,1628
30100,90.327,55.584,2.675928,1.765381,0.910547,1.938721,1.767822,0.908106,146.0766,0.833848,0.128177,127.5576,0.002305,0.978496,0.019199,51200,7479121,1555,19400,233,1533,233,1632
30150,90.465,55.662,2.749165,1.841187,0.907978,2.021362,1.846802,0.902363,127.3638,0.821523,0.0,113.0794,0.0,0.979219,0.020781,51200,6521027,1589,20435,246,1533,246,1632
30200,90.602,55.74,2.781259,1.831177,0.950082,1.997925,1.839111,0.942147,127.5604,0.82082,0.0,112.4468,0.0,0.980156,0.019844,51200,6531095,1590,20678,248,1533,248,1632
30250,90.739,55.819,2.728985,1.815186,0.9138,1.986694,1.823608,0.905377,135.9142,0.819453,0.058465,113.2748,0.000977,0.98541,0.013613,51200,6958806,1602,20622,240,1533,247,1632
30300,90.901,55.913,2.842369,1.890381,0.951988,2.077271,1.910156,0.932213,144.4996,0.777695,0.113156,113.1958,0.002012,0.989238,0.00875,51200,7398380,1515,21595,246,1539,253,1638
30350,91.04,55.994,3.008782,2.009644,0.999139,2.216187,2.043335,0.965447,143.0256,0.775078,0.105433,110.9056,0.001855,0.985527,0.012617,51200,7322912,1571,23203,256,1541,260,1639
30400,91.178,56.075,3.033485,2.06958,0.963905,2.269409,2.097656,0.935829,136.3659,0.76666,0.062717,110.9045,0.001055,0.983672,0.015273,51200,6981933,1525,24212,247,1541,248,1639
30450,91.318,56.157,3.132268,2.192505,0.939763,2.395752,2.231934,0.900334,128.0382,0.752051,0.0,108.0242,0.0,0.986602,0.013398,51200,6555556,1598,25208,232,1541,233,1639
30500,91.456,56.237,3.043806,2.065796,0.97801,2.253174,2.078369,0.965437,128.585,0.765273,0.001955,108.9171,2e-05,0.990078,0.009902,51200,6583554,1511,22868,238,1541,239,1639
30550,91.597,56.32,3.013525,2.0979,0.915625,2.278931,2.114746,0.898779,150.5454,0.758594,0.14788,126.6337,0.002754,0.987305,0.009941,51200,7707922,1563,23406,238,1542,239,1640
30600,91.74,56.404,2.98913,2.091309,0.897821,2.279297,2.114502,0.874628,154.6716,0.759062,0.17261,130.7648,0.003301,0.98168,0.01502,51200,7919184,1542,24255,232,1542,233,1640
30650,91.883,56.482,2.988935,2.05249,0.936445,2.230713,2.06543,0.923505,128.4964,0.736543,0.004962,109.157,7.8e-05,0.982441,0.01748,51200,6579016,1579,23976,208,1542,208,1640
30700,92.024,56.562,2.955657,2.0177,0.937957,2.196655,2.025391,0.930266,130.9312,0.743672,0.024352,110.9968,0.000391,0.981094,0.018516,51200,6703678,1569,23011,206,1542,206,1640
30750,92.164,56.641,3.01709,2.069824,0.947266,2.236816,2.082764,0.934326,127.8721,0.747598,0.0,108.8119,0.0,0.982988,0.017012,51200,6547049,1624,23804,205,1542,205,1640
30800,92.303,56.72,2.833306,1.959351,0.873956,2.120361,1.963379,0.869927,130.0321,0.745039,0.014647,110.4726,0.000234,0.986172,0.013594,51200,6657645,1608,21978,198,1543,198,1641
30850,92.441,56.8,2.848119,1.962036,0.886083,2.133057,1.961792,0.886327,141.6071,0.743809,0.095328,120.9272,0.00168,0.985137,0.013184,51200,7250285,1593,21523,202,1550,202,1648
30900,92.579,56.88,2.918464,2.036133,0.882331,2.21521,2.034912,0.883551,140.3557,0.748555,0.088156,120.6376,0.001543,0.982852,0.015605,51200,7186213,1570,23238,202,1554,206,1652
30950,92.715,56.958,3.036596,2.10083,0.935766,2.280884,2.114014,0.922583,129.9588,0.748281,0.014338,109.5399,0.000234,0.986816,0.012949,51200,6653893,1541,23936,210,1562,214,1660
31000,92.855,57.039,3.004235,2.083862,0.920373,2.251099,2.081299,0.922936,140.0776,0.753262,0.085901,110.0362,0.001484,0.985684,0.012832,51200,7171974,1521,23171,219,1574,223,1672
31050,92.999,57.121,3.013534,2.096436,0.917099,2.288696,2.110229,0.903305,146.7329,0.772891,0.127494,110.8993,0.002305,0.985703,0.011992,51200,7512722,1597,23267,213,1574,218,1672
31100,93.143,57.205,3.051654,2.08728,0.964374,2.274658,2.104736,0.946918,151.6045,0.782637,0.154981,111.4143,0.002891,0.986426,0.010684,51200,7762148,1583,23773,217,1578,222,1676
31150,93.284,57.288,2.971471,2.004395,0.967077,2.180786,2.012695,0.958776,147.3859,0.784863,0.131644,111.7854,0.002383,0.985312,0.012305,51200,7546158,1605,22911,230,1578,235,1676
31200,93.435,57.382,3.026849,2.020752,1.006097,2.196411,2.034302,0.992547,147.0765,0.784434,0.128994,113.9857,0.002324,0.987949,0.009727,51200,7530319,1592,23326,242,1578,243,1676
31250,93.575,57.463,3.046953,2.089111,0.957842,2.271118,2.102173,0.94478,140.271,0.781484,0.086412,113.1776,0.001484,0.988535,0.00998,51200,7181875,1575,23952,256,1580,259,1678
31300,93.72,57.546,3.052222,2.084595,0.967627,2.259888,2.096436,0.955786,145.6915,0.795996,0.119302,114.8796,0.002129,0.991582,0.006289,51200,7459407,1634,23515,249,1581,252,1679
31350,93.867,57.633,3.183679,2.173462,1.010217,2.380005,2.201294,0.982385,146.1055,0.783438,0.123289,115.1894,0.002207,0.988516,0.009277,51200,7480603,1622,24259,256,1581,258,1679
31400,94.009,57.716,3.151574,2.130005,1.021569,2.33313,2.155029,0.996545,146.1907,0.776973,0.123171,113.6141,0.002207,0.989453,0.00834,51200,7484962,1543,24033,264,1584,266,1682
31450,94.148,57.797,3.150018,2.150146,0.999871,2.349854,2.174927,0.975091,131.3262,0.78293,0.021805,109.1317,0.000352,0.991895,0.007754,51200,6723901,1556,24038,272,1594,272,1692
31500,94.286,57.878,3.139855,2.130615,1.00924,2.337891,2.155273,0.984581,138.7707,0.775078,0.075461,111.5434,0.001289,0.988809,0.009902,51200,7105059,1537,23857,259,1594,259,1692
31550,94.422,57.958,3.197396,2.143066,1.054329,2.353882,2.177612,1.019783,133.3586,0.769375,0.036853,108.9704,0.000605,0.990918,0.008477,51200,6827958,1530,24328,271,1598,271,1696
31600,94.556,58.037,3.185322,2.128052,1.057271,2.329346,2.153809,1.031514,136.3131,0.764727,0.058904,110.0588,0.000996,0.988066,0.010938,51200,6979230,1552,23815,289,1602,289,1700
31650,94.696,58.119,3.065526,2.064087,1.001439,2.25769,2.085083,0.980443,139.0517,0.792363,0.080399,112.0094,0.001387,0.982461,0.016152,51200,7119447,1561,22068,278,1605,278,1703
31700,94.834,58.198,2.890942,1.946655,0.944287,2.126587,1.956665,0.934277,127.8972,0.808379,0.0,109.6211,0.0,0.983535,0.016465,51200,6548338,1544,19978,261,1605,262,1703
31750,94.973,58.279,2.935199,1.92981,1.005389,2.100586,1.929321,1.005877,151.087,0.81918,0.153805,117.8769,0.002871,0.981445,0.015684,51200,7735653,1613,20974,258,1605,259,1703
31800,95.111,58.363,2.823324,1.842651,0.980672,2.001953,1.84314,0.980184,161.58,0.803125,0.208396,120.6647,0.00416,0.981738,0.014102,51200,8272896,1612,19881,259,1605,259,1703
31850,95.251,58.446,2.904716,1.901123,1.003593,2.066772,1.907593,0.997123,160.3451,0.812031,0.204118,120.0528,0.004043,0.977383,0.018574,51200,8209668,1524,20475,280,1605,280,1703
31900,95.392,58.528,2.796967,1.83728,0.959687,2.005737,1.839111,0.957856,158.138,0.821465,0.192894,119.5417,0.00377,0.977305,0.018926,51200,8096668,1604,20096,279,1608,279,1706
31950,95.533,58.611,2.826432,1.890381,0.936052,2.05188,1.895142,0.931291,160.071,0.829375,0.2015,120.6958,0.003984,0.979902,0.016113,51200,8195636,1591,20724,270,1608,270,1706
32000,95.69,58.707,2.883192,1.961182,0.92201,2.134888,1.973999,0.909193,162.2185,0.806934,0.208614,121.3607,0.00418,0.988965,0.006855,51200,8305586,1596,21871,263,1609,264,1707
32050,95.832,58.793,2.85191,1.889282,0.962628,2.057861,1.901489,0.950421,159.9823,0.799766,0.196697,120.0622,0.003887,0.991074,0.005039,51200,8191095,1594,21562,253,1610,254,1708
32100,95.973,58.877,2.851344,1.891968,0.959377,2.069214,1.900635,0.95071,164.864,0.788613,0.223388,119.5497,0.004551,0.983066,0.012383,51200,8441036,1558,20969,247,1612,253,1710
32150,96.113,58.959,2.748192,1.816162,0.93203,1.984497,1.827393,0.920799,158.7436,0.775898,0.197217,119.3292,0.003867,0.975293,0.02084,51200,8127673,1584,20123,231,1615,237,1713
32200,96.252,59.041,2.757068,1.819092,0.937977,1.970337,1.817749,0.939319,158.1164,0.788516,0.190994,119.9598,0.00373,0.982148,0.014121,51200,8095558,1591,20254,248,1615,256,1713
32250,96.394,59.122,2.719833,1.858765,0.861069,2.006592,1.843262,0.876572,149.8264,0.774648,0.145288,120.247,0.002676,0.985293,0.012031,51200,7671110,1541,20794,233,1615,237,1713
32300,96.533,59.203,2.790008,1.890503,0.899505,2.061279,1.900513,0.889495,144.3813,0.786367,0.114302,119.1538,0.002031,0.983633,0.014336,51200,7392323,1649,21360,239,1617,242,1715
32350,96.677,59.289,2.871859,1.935791,0.936068,2.112549,1.942139,0.929721,170.716,0.799512,0.251555,140.2162,0.005293,0.981211,0.013496,51200,8740661,1658,22424,242,1618,245,1716
32400,96.823,59.375,2.953234,2.00708,0.946154,2.184448,2.022461,0.930773,177.0329,0.79873,0.279417,141.8893,0.006094,0.976914,0.016992,51200,9064086,1564,23636,240,1625,243,1723
32450,96.971,59.459,2.95407,1.996704,0.957366,2.184692,2.017944,0.936126,160.3241,0.810898,0.204519,131.0587,0.004043,0.976406,0.019551,51200,8208593,1564,22850,254,1626,257,1724
32500,97.117,59.545,2.829179,1.932861,0.896317,2.091064,1.935547,0.893632,162.9696,0.80832,0.215948,129.979,0.004336,0.981055,0.014609,51200,8344045,1607,22637,250,1626,250,1724
32550,97.257,59.623,2.743381,1.871704,0.871677,2.032349,1.871094,0.872287,134.7049,0.784512,0.048913,114.6392,0.000801,0.987305,0.011895,51200,6896889,1621,20993,241,1626,244,1724
32600,97.395,59.701,2.809483,1.892578,0.916905,2.067871,1.899536,0.909947,128.726,0.780195,0.00245,112.383,3.9e-05,0.991816,0.008145,51200,6590773,1583,21644,238,1626,241,1724
32650,97.531,59.779,2.887633,1.907471,0.980162,2.075317,1.905762,0.981871,128.1901,0.78709,0.0,110.3423,0.0,0.988184,0.011816,51200,6563333,1548,22251,243,1629,246,1727
32700,97.67,59.858,2.913798,1.917847,0.995952,2.094971,1.9198,0.993999,129.9979,0.781562,0.018443,110.7046,0.000293,0.980586,0.019121,51200,6655893,1543,21864,240,1629,243,1727
32750,97.811,59.939,2.819349,1.871216,0.948134,2.038696,1.872192,0.947157,143.6864,0.772871,0.112512,121.4987,0.001992,0.976992,0.021016,51200,7356745,1580,20724,238,1629,241,1727
32800,97.959,60.02,2.827672,1.904541,0.923131,2.070435,1.907837,0.919835,147.3826,0.786035,0.133634,122.0635,0.002422,0.979941,0.017637,51200,7545990,1580,20778,264,1635,267,1733
32850,98.101,60.101,2.825144,1.884277,0.940866,2.044434,1.887939,0.937204,137.6347,0.786934,0.070316,118.256,0.001191,0.984434,0.014375,51200,7046895,1549,20278,287,1640,291,1739
32900,98.237,60.18,2.884681,1.967651,0.917029,2.138306,1.979736,0.904944,127.8008,0.78668,0.0,112.2497,0.0,0.982012,0.017988,51200,6543403,1569,21065,306,1640,310,1739
32950,98.374,60.258,2.998984,2.061279,0.937705,2.250488,2.085083,0.913901,127.9599,0.782207,0.0,110.3514,0.0,0.984961,0.015039,51200,6551545,1552,22605,316,1640,317,1739
33000,98.512,60.337,2.966561,2.039551,0.927011,2.218628,2.078491,0.88807,128.1186,0.776426,0.0,108.6599,0.0,0.987246,0.012754,51200,6559672,1443,22239,289,1640,292,1739
33050,98.652,60.419,3.085237,2.094482,0.990754,2.283203,2.129639,0.955598,141.9888,0.789238,0.098065,119.1766,0.001719,0.985098,0.013184,51200,7269824,1501,23490,285,1640,289,1739
33100,98.797,60.506,3.033106,2.06189,0.971216,2.248413,2.089233,0.943873,143.8335,0.801406,0.10889,122.1408,0.001934,0.986699,0.011367,51200,7364274,1509,22096,282,1650,286,1749
33150,98.937,60.589,3.153291,2.108398,1.044892,2.313354,2.147827,1.005463,144.3021,0.80252,0.112962,121.3799,0.002012,0.984277,0.013711,51200,7388266,1572,23688,262,1650,266,1749
33200,99.083,60.672,3.173413,2.152588,1.020825,2.319458,2.168579,1.004834,140.7557,0.784434,0.09108,116.7866,0.001582,0.983613,0.014805,51200,7206692,1588,23461,257,1650,262,1749
33250,99.253,60.766,3.121053,2.087036,1.034017,2.278198,2.112671,1.008382,128.0094,0.79375,0.0,106.7702,0.0,0.984785,0.015215,51200,6554082,1561,23191,244,1650,249,1749
33300,99.388,60.846,3.051686,2.059937,0.991749,2.244751,2.088135,0.963551,128.7574,0.806797,0.007409,107.2563,0.000117,0.981621,0.018262,51200,6592379,1649,23186,240,1651,248,1750
33350,99.531,60.927,2.946032,1.977173,0.968859,2.153076,1.996948,0.949084,140.0606,0.802617,0.086028,109.0824,0.001484,0.984473,0.014043,51200,7171101,1600,22231,236,1652,244,1751
33400,99.672,61.005,2.831826,1.876953,0.954873,2.056763,1.879395,0.952431,128.5143,0.802012,0.0,110.5748,0.0,0.992227,0.007773,51200,6579932,1574,20883,230,1655,237,1754
33450,99.81,61.083,2.860309,1.853394,1.006915,2.029175,1.856934,1.003375,137.3669,0.805586,0.064259,112.4088,0.001094,0.991836,0.00707,51200,7033187,1547,21106,236,1658,243,1757
33500,99.949,61.163,2.88538,1.887329,0.998051,2.065918,1.894897,0.990483,143.5649,0.806055,0.104289,111.8298,0.001855,0.992051,0.006094,51200,7350523,1600,21334,234,1659,241,1757
33550,100.089,61.246,2.875288,1.921387,0.953901,2.096069,1.918335,0.956953,145.4266,0.800254,0.117166,111.9125,0.002109,0.988965,0.008926,51200,7445840,1577,21107,229,1660,236,1758
33600,100.237,61.328,2.738043,1.834839,0.903204,2.006348,1.831787,0.906256,156.571,0.788613,0.182895,112.7222,0.003535,0.98209,0.014375,51200,8016434,1553,20023,218,1660,229,1758
33650,100.386,61.422,2.76682,1.854492,0.912328,2.006592,1.856079,0.910741,143.7118,0.778457,0.109651,112.2427,0.001953,0.981777,0.01627,51200,7358042,1585,19700,221,1664,234,1762
33700,100.53,61.502,2.783293,1.848511,0.934782,2.010864,1.843628,0.939665,142.5066,0.770605,0.101746,112.2725,0.001797,0.9825,0.015703,51200,7296340,1585,19958,225,1664,240,1762
33750,100.665,61.581,2.854625,1.950317,0.904308,2.111938,1.949707,0.904918,142.5772,0.768789,0.103887,111.7804,0.001836,0.978789,0.019375,51200,7299951,1549,21491,228,1665,244,1763
33800,100.801,61.662,2.922955,2.010864,0.91209,2.191406,2.031494,0.891461,145.2823,0.762812,0.124767,110.7002,0.002246,0.971211,0.026543,51200,7438456,1540,21828,228,1667,244,1765
33850,100.937,61.742,2.951551,2.053101,0.89845,2.239868,2.065308,0.886243,145.4441,0.760059,0.126793,110.2817,0.002285,0.968105,0.029609,51200,7446739,1575,23061,222,1670,238,1768
33900,101.078,61.826,2.9029,2.042725,0.860175,2.204468,2.054199,0.848701,163.5951,0.76166,0.223319,122.1361,0.004512,0.970234,0.025254,51200,8376070,1589,22783,210,1670,226,1768
33950,101.219,61.91,2.955816,2.0802,0.875615,2.257202,2.095459,0.860357,167.0128,0.741582,0.241234,131.5353,0.004961,0.967441,0.027598,51200,8551055,1565,23643,214,1672,230,1770
34000,101.361,61.993,2.913417,2.075073,0.838343,2.257202,2.090332,0.823085,159.2463,0.737988,0.205243,130.8841,0.004023,0.966133,0.029844,51200,8153409,1579,22765,219,1672,231,1770
34050,101.504,62.078,2.999379,2.127686,0.871694,2.301636,2.137573,0.861806,167.7824,0.756426,0.245494,138.2443,0.005078,0.964922,0.03,51200,8590461,1617,24226,221,1672,225,1770
34100,101.647,62.163,3.010145,2.128662,0.881483,2.308838,2.151733,0.858412,165.8127,0.745391,0.234984,135.3347,0.004805,0.96873,0.026465,51200,8489609,1544,24222,212,1672,213,1770
34150,101.788,62.246,3.063283,2.132568,0.930715,2.30957,2.160034,0.903249,157.8408,0.763926,0.198573,128.4984,0.003867,0.962617,0.033516,51200,8081449,1543,23728,211,1679,217,1777
34200,101.932,62.331,2.989376,2.062012,0.927364,2.241577,2.08252,0.906856,168.4462,0.777988,0.247881,136.2896,0.005059,0.965117,0.029824,51200,8624445,1570,22616,214,1680,217,1778
34250,102.077,62.419,3.066741,2.159058,0.907684,2.327759,2.187622,0.879119,180.1508,0.776289,0.297459,137.4978,0.006582,0.963906,0.029512,51200,9223722,1551,24672,214,1682,217,1780
34300,102.22,62.504,3.091624,2.178955,0.912669,2.346558,2.201782,0.889842,172.9428,0.770625,0.271105,123.8133,0.005781,0.957363,0.036855,51200,8854672,1548,25364,199,1685,210,1783
34350,102.367,62.589,3.15728,2.23938,0.9179,2.406006,2.260742,0.896537,166.3584,0.769141,0.241721,120.8066,0.004961,0.96043,0.034609,51200,8517550,1607,25793,197,1685,208,1783
34400,102.518,62.676,3.111815,2.222168,0.889647,2.373047,2.237183,0.874633,164.4841,0.768594,0.232732,119.3426,0.004727,0.961484,0.033789,51200,8421586,1606,25457,215,1690,227,1788
34450,102.666,62.762,3.068869,2.169312,0.899558,2.319336,2.180298,0.888572,156.3477,0.771816,0.19328,116.8914,0.003691,0.962383,0.033926,51200,8005002,1544,24240,224,1694,243,1792
34500,102.81,62.847,3.04447,2.165039,0.879431,2.345459,2.191528,0.852942,164.5035,0.776895,0.234962,120.8727,0.004766,0.95752,0.037715,51200,8422581,1663,23833,212,1695,234,1793
34550,102.953,62.93,2.95864,2.143311,0.815329,2.296143,2.162354,0.796286,153.9807,0.784629,0.182159,115.9671,0.003457,0.959766,0.036777,51200,7883814,1547,23106,223,1697,240,1795
34600,103.096,63.016,2.950106,2.098999,0.851107,2.25647,2.129395,0.820711,164.2767,0.782012,0.236565,127.6229,0.004785,0.952305,0.04291,51200,8410967,1668,22683,223,1699,239,1797
34650,103.242,63.098,2.88807,2.040283,0.847787,2.190552,2.039673,0.848397,140.3862,0.785176,0.1038,108.2964,0.001797,0.957207,0.040996,51200,7187773,1499,22370,213,1704,229,1802
34700,103.387,63.183,2.916058,2.036133,0.879925,2.192139,2.057373,0.858685,152.2247,0.791953,0.168721,113.3261,0.003164,0.964805,0.032031,51200,7793903,1564,21937,218,1707,234,1805
34750,103.525,63.264,2.878799,1.981567,0.897232,2.135254,1.997925,0.880874,142.0459,0.793359,0.107278,113.4333,0.001875,0.970156,0.027969,51200,7272752,1515,21774,212,1707,225,1805
34800,103.667,63.347,2.908629,2.062744,0.845884,2.216187,2.078491,0.830137,148.0004,0.784238,0.142305,115.8967,0.002598,0.971523,0.025879,51200,7577618,1583,22291,219,1710,233,1808
34850,103.807,63.429,3.00659,2.106323,0.900266,2.288452,2.140015,0.866575,147.3064,0.781328,0.139276,116.5595,0.00248,0.968906,0.028613,51200,7542090,1569,22776,218,1718,231,1816
34900,103.949,63.514,3.055823,2.090698,0.965124,2.266602,2.123291,0.932532,159.6267,0.777363,0.205665,118.0334,0.004043,0.968652,0.027305,51200,8172885,1528,23058,203,1719,216,1817
34950,104.099,63.606,3.146164,2.205078,0.941086,2.360352,2.22937,0.916794,154.9966,0.767383,0.182387,114.7129,0.003477,0.96916,0.027363,51200,7935824,1606,23899,212,1723,227,1821
35000,104.247,63.691,3.090607,2.188232,0.902375,2.350342,2.212402,0.878205,157.5051,0.78625,0.195478,115.9959,0.003789,0.967715,0.028496,51200,8064260,1601,23437,215,1724,231,1824
35050,104.39,63.777,3.019583,2.145996,0.873587,2.29895,2.150269,0.869314,161.4176,0.784473,0.217563,117.935,0.004316,0.962578,0.033105,51200,8264582,1591,23113,218,1725,233,1825
35100,104.531,63.86,2.971527,2.105957,0.86557,2.260376,2.112549,0.858978,151.8114,0.798652,0.165886,114.0125,0.003105,0.964609,0.032285,51200,7772743,1653,23026,217,1731,232,1831
35150,104.675,63.944,2.934035,2.036133,0.897902,2.177979,2.051147,0.882888,153.4492,0.790723,0.171677,117.8077,0.003242,0.972227,0.024531,51200,7856597,1617,22288,215,1739,233,1840
35200,104.821,64.029,2.963219,2.061035,0.902184,2.213501,2.082153,0.881066,167.4143,0.780547,0.241336,125.8979,0.004824,0.970527,0.024648,51200,8571613,1530,22418,224,1746,242,1848
35250,104.967,64.117,2.899361,1.985962,0.9134,2.131592,1.992676,0.906686,177.5838,0.784492,0.283101,133.9502,0.005879,0.97459,0.019531,51200,9092290,1557,22003,240,1750,258,1852
35300,105.119,64.209,2.903471,2.005615,0.897855,2.154297,2.019409,0.884061,171.218,0.789961,0.255607,134.3441,0.005098,0.977832,0.01707,51200,8766362,1606,21988,233,1751,252,1853
35350,105.268,64.299,2.838018,1.943848,0.894171,2.083496,1.955322,0.882696,178.8934,0.783438,0.287524,130.8482,0.006348,0.974902,0.01875,51200,9159344,1632,21070,228,1751,251,1853
35400,105.45,64.406,2.914393,1.992554,0.921839,2.134399,1.999878,0.914515,188.6612,0.783066,0.326394,139.7632,0.007598,0.97002,0.022383,51200,9659456,1558,22063,230,1753,250,1855
35450,105.608,64.496,2.925685,2.022217,0.903468,2.185669,2.033447,0.892238,198.8648,0.782461,0.360892,143.3335,0.008848,0.969863,0.021289,51200,10181878,1625,22449,231,1754,248,1856
35500,105.76,64.59,2.916888,2.014526,0.902362,2.150635,2.030151,0.886737,201.4696,0.776016,0.370234,142.1219,0.00918,0.967168,0.023652,51200,10315244,1526,21752,231,1755,248,1857
35550,105.912,64.684,3.044626,2.121216,0.92341,2.258179,2.154175,0.890451,195.6751,0.777754,0.350923,142.2697,0.008477,0.96957,0.021953,51200,10018567,1588,24734,208,1755,225,1857
35600,106.062,64.773,3.100497,2.17334,0.927157,2.312622,2.19873,0.901767,175.9805,0.759668,0.279125,132.308,0.006035,0.969785,0.02418,51200,9010203,1572,24568,211,1755,228,1857
35650,106.209,64.862,3.107902,2.200806,0.907097,2.330444,2.231201,0.876701,183.419,0.744648,0.307402,130.2442,0.006934,0.972949,0.020117,51200,9391054,1548,24711,197,1755,214,1857
35700,106.36,64.953,2.969569,2.091187,0.878383,2.224243,2.106934,0.862636,198.5232,0.75418,0.36166,133.5506,0.008828,0.967012,0.02416,51200,10164388,1559,22736,200,1758,217,1860
35750,106.512,65.045,2.875559,2.003174,0.872385,2.137939,2.011963,0.863596,179.4756,0.757227,0.29355,126.3947,0.006484,0.967148,0.026367,51200,9189150,1647,21732,218,1767,236,1869
35800,106.658,65.13,2.915279,1.967529,0.94775,2.130371,1.976685,0.938595,167.4099,0.772832,0.239381,121.8887,0.004922,0.974824,0.020254,51200,8571389,1540,21106,219,1767,236,1869
35850,106.801,65.214,3.003007,2.04248,0.960527,2.195312,2.06311,0.939897,160.5635,0.770723,0.206704,117.7986,0.004082,0.977031,0.018887,51200,8220851,1535,22398,230,1767,248,1870
35900,106.959,65.3,2.996302,2.016724,0.979578,2.172241,2.029907,0.966394,161.4262,0.79957,0.212365,120.2208,0.004219,0.973574,0.022207,51200,8265019,1584,21973,234,1767,251,1870
35950,107.106,65.387,2.789366,1.899414,0.889952,2.050171,1.890869,0.898497,158.912,0.799863,0.199812,119.3304,0.003906,0.97459,0.021504,51200,8136295,1586,20723,254,1768,271,1871
36000,107.248,65.47,2.724971,1.865601,0.85937,2.020996,1.874146,0.850826,159.9591,0.797168,0.201411,119.9132,0.003965,0.981914,0.014121,51200,8189905,1606,20030,265,1768,282,1871
36050,107.393,65.557,2.776652,1.912598,0.864055,2.073853,1.928955,0.847697,170.7108,0.794141,0.251981,127.5136,0.005293,0.981211,0.013496,51200,8740392,1538,20351,279,1768,296,1871
36100,107.536,65.642,2.789612,1.88855,0.901062,2.05957,1.903931,0.885681,163.44,0.793789,0.218679,125.0058,0.004375,0.980645,0.01498,51200,8368129,1576,20575,265,1769,282,1873
36150,107.675,65.722,2.968763,2.081421,0.887342,2.254883,2.106445,0.862318,143.3584,0.796953,0.107297,110.5217,0.001895,0.984707,0.013398,51200,7339948,1622,22747,262,1769,282,1876
36200,107.814,65.803,2.869956,2.004639,0.865318,2.160278,2.014893,0.855064,144.5251,0.803398,0.114146,109.4979,0.002031,0.985117,0.012852,51200,7399683,1543,20728,258,1769,278,1876
36250,107.957,65.883,2.831579,1.953003,0.878576,2.111938,1.963745,0.867834,142.3899,0.817695,0.100273,110.9822,0.001758,0.986211,0.012031,51200,7290365,1554,20601,259,1769,283,1879
36300,108.095,65.961,2.859203,1.956909,0.902294,2.112427,1.973755,0.885448,129.1043,0.832559,0.009727,111.7897,0.000156,0.982012,0.017832,51200,6610139,1617,20678,256,1769,280,1879
36350,108.232,66.04,2.78569,1.883667,0.902023,2.03894,1.886353,0.899338,131.1354,0.82457,0.027801,111.6918,0.000449,0.976543,0.023008,51200,6714133,1560,19424,262,1776,287,1886
36400,108.369,66.12,2.645353,1.748535,0.896818,1.88916,1.75354,0.891813,137.6279,0.833145,0.074271,116.3574,0.00125,0.976816,0.021934,51200,7046549,1628,18015,294,1783,310,1887
36450,108.504,66.197,2.584465,1.727783,0.856681,1.877563,1.724365,0.860099,127.808,0.830566,0.0,113.5753,0.0,0.982168,0.017832,51200,6543768,1513,18814,285,1783,301,1887
36500,108.641,66.273,2.585437,1.712646,0.872791,1.868652,1.707153,0.878284,128.0988,0.832734,0.0,113.9275,0.0,0.986621,0.013379,51200,6558661,1608,18257,290,1783,311,1889
36550,108.779,66.351,2.596791,1.742554,0.854237,1.906494,1.755127,0.841664,128.3655,0.825352,0.0,114.0719,0.0,0.990273,0.009727,51200,6572312,1682,19060,276,1785,297,1891
36600,108.933,66.441,2.703981,1.835693,0.868288,2.001831,1.841919,0.862062,128.6368,0.821504,0.000452,113.1081,0.0,0.993477,0.006523,51200,6586206,1524,20061,278,1785,297,1891
36650,109.072,66.519,2.699212,1.857178,0.842035,2.014526,1.87207,0.827142,128.3897,0.801387,0.0,112.2733,0.0,0.990215,0.009785,51200,6573555,1592,20783,271,1785,299,1896
36700,109.211,66.598,2.752482,1.897705,0.854777,2.046387,1.898438,0.854044,128.069,0.774707,0.0,110.9464,0.0,0.985352,0.014648,51200,6557135,1527,21969,274,1793,298,1901
36750,109.362,66.68,2.782744,1.958008,0.824736,2.121216,1.958862,0.823881,128.1593,0.775371,0.0,110.185,0.0,0.987324,0.012676,51200,6561754,1535,22481,274,1795,298,1903
36800,109.503,66.759,2.807401,2.012207,0.795194,2.16626,2.019775,0.787626,128.0648,0.773281,0.0,109.7725,0.0,0.985078,0.014922,51200,6556920,1616,22561,242,1795,267,1903
36850,109.646,66.839,2.729029,1.914917,0.814112,2.069336,1.928955,0.800074,140.998,0.774277,0.093324,117.8051,0.001621,0.981934,0.016445,51200,7219100,1560,20862,250,1799,281,1909
36900,109.785,66.918,2.676675,1.857544,0.819131,2.006836,1.85791,0.818764,131.0912,0.781602,0.02417,113.5049,0.000391,0.982891,0.016719,51200,6711870,1590,20005,241,1799,271,1909
36950,109.927,66.998,2.727658,1.874146,0.853512,2.024048,1.874756,0.852902,142.8308,0.798691,0.104439,116.2716,0.001836,0.984062,0.014102,51200,7312937,1570,20688,241,1800,272,1914
37000,110.072,67.079,2.719739,1.92981,0.78993,2.077148,1.932617,0.787122,128.7168,0.783945,0.006173,111.9091,9.8e-05,0.984531,0.015371,51200,6590299,1619,21165,246,1802,281,1921
37050,110.217,67.16,2.717034,1.887207,0.829827,2.045776,1.885132,0.831902,136.8145,0.79209,0.063822,116.3697,0.001074,0.986543,0.012383,51200,7004903,1622,20781,244,1802,279,1925
37100,110.362,67.241,2.61231,1.773193,0.839116,1.916138,1.771973,0.840337,132.4697,0.820254,0.031137,114.9446,0.000508,0.990449,0.009043,51200,6782449,1502,19611,252,1802,281,1925
37150,110.504,67.321,2.622479,1.786377,0.836102,1.931274,1.789429,0.83305,141.1609,0.813555,0.090984,119.4664,0.001582,0.989531,0.008887,51200,7227436,1528,18767,250,1805,276,1928
37200,110.643,67.399,2.597106,1.761108,0.835998,1.900391,1.748901,0.848205,128.1247,0.823652,0.0,113.1861,0.0,0.986602,0.013398,51200,6559986,1579,18735,249,1807,278,1931
37250,110.782,67.476,2.63939,1.785278,0.854112,1.939453,1.780151,0.859239,128.3837,0.822734,0.0,113.3144,0.0,0.990117,0.009883,51200,6573244,1500,19743,247,1807,277,1931
37300,110.919,67.555,2.496796,1.670166,0.82663,1.807251,1.654785,0.842011,129.6619,0.806113,0.009779,114.6296,0.000156,0.990352,0.009492,51200,6638690,1562,17670,251,1807,275,1931
37350,111.056,67.634,2.477291,1.643188,0.834102,1.796509,1.626709,0.850582,139.4597,0.806973,0.080812,125.9045,0.001387,0.987461,0.011152,51200,7140336,1577,16898,254,1807,276,1931
37400,111.204,67.724,2.539909,1.664185,0.875725,1.82605,1.657227,0.882683,134.3086,0.808066,0.044379,116.1542,0.000742,0.988887,0.010371,51200,6876599,1634,17642,267,1808,287,1932
37450,111.346,67.804,2.492485,1.646118,0.846367,1.790161,1.642334,0.850151,142.1504,0.798574,0.098211,118.4949,0.001738,0.98541,0.012852,51200,7278099,1551,17073,274,1812,295,1936
37500,111.484,67.884,2.487415,1.616943,0.870472,1.796875,1.620361,0.867054,141.4148,0.809023,0.09696,118.1482,0.001699,0.977969,0.020332,51200,7240437,1563,17349,259,1812,278,1936
37550,111.622,67.961,2.427769,1.615723,0.812046,1.781738,1.608032,0.819737,128.14,0.819062,0.0,115.5458,0.0,0.987207,0.012793,51200,6560770,1551,16335,254,1812,284,1936
37600,111.759,68.039,2.49457,1.636475,0.858095,1.792236,1.63501,0.85956,135.5279,0.831016,0.051491,121.8415,0.00041,0.992383,0.007207,51200,6939027,1490,16870,262,1812,288,1936
37650,111.896,68.119,2.474034,1.647705,0.826329,1.80603,1.656128,0.817906,138.1525,0.835234,0.07111,123.6591,0.000508,0.989297,0.010195,51200,7073407,1543,17040,263,1812,289,1936
37700,112.036,68.199,2.518487,1.682739,0.835748,1.832764,1.693359,0.825128,149.5493,0.832441,0.142074,130.4232,0.002383,0.989023,0.008594,51200,7656922,1489,17884,257,1812,286,1937
37750,112.181,68.282,2.595862,1.772339,0.823523,1.947754,1.787598,0.808265,160.9314,0.818105,0.201894,133.8676,0.004004,0.990586,0.00541,51200,8239690,1555,19469,252,1812,283,1940
37800,112.33,68.364,2.609925,1.776001,0.833924,1.93811,1.768921,0.841004,154.5946,0.825391,0.16929,130.4574,0.003223,0.990898,0.005879,51200,7915245,1542,19844,265,1812,295,1940
37850,112.471,68.444,2.629903,1.798096,0.831808,1.97168,1.793335,0.836568,143.6164,0.819727,0.106018,125.4212,0.001875,0.990195,0.00793,51200,7353158,1556,21149,255,1819,281,1950
37900,112.614,68.524,2.646602,1.853271,0.79333,2.03064,1.854492,0.79211,143.1128,0.793457,0.106383,123.6007,0.001875,0.982305,0.01582,51200,7327376,1586,21869,243,1821,277,1952
37950,112.757,68.604,2.745283,1.885254,0.860029,2.077148,1.892212,0.853071,143.2445,0.783301,0.107438,121.8533,0.001895,0.982344,0.015762,51200,7334116,1613,22134,239,1825,291,1959
38000,112.9,68.685,2.778779,1.934204,0.844575,2.103027,1.949707,0.829072,144.9219,0.755664,0.117087,122.2286,0.00209,0.984082,0.013828,51200,7420003,1640,22742,235,1826,273,1959
38050,113.045,68.764,2.7767,1.924805,0.851895,2.103394,1.93457,0.842129,136.3986,0.768281,0.061615,116.1545,0.001035,0.984297,0.014668,51200,6983610,1553,22413,238,1829,268,1959
38100,113.185,68.842,2.797212,1.941895,0.855317,2.111938,1.940552,0.85666,127.6679,0.772832,0.0,110.3568,0.0,0.980312,0.019688,51200,6536596,1589,22502,232,1830,257,1963
38150,113.327,68.921,2.671411,1.860718,0.810693,2.021484,1.858398,0.813013,128.0747,0.773125,0.004868,110.8511,7.8e-05,0.978262,0.02166,51200,6557426,1552,21498,242,1831,265,1969
38200,113.47,68.999,2.685932,1.886597,0.799336,2.053101,1.882202,0.80373,132.8212,0.78,0.042816,116.1304,0.000703,0.97373,0.025566,51200,6800448,1507,20856,235,1831,253,1969
38250,113.613,69.08,2.702629,1.923706,0.778923,2.085083,1.925415,0.777214,143.8259,0.765176,0.116827,126.2564,0.00207,0.971445,0.026484,51200,7363886,1635,21580,242,1837,261,1975
38300,113.756,69.161,2.836259,1.991821,0.844438,2.16333,2.007202,0.829057,144.2483,0.779766,0.119808,125.8558,0.002129,0.971777,0.026094,51200,7385514,1646,22497,250,1837,270,1975
38350,113.896,69.243,2.836755,1.971313,0.865442,2.145386,1.992432,0.844323,145.1316,0.782559,0.120124,126.3715,0.002148,0.981445,0.016406,51200,7430737,1524,22001,250,1837,269,1975
38400,114.041,69.325,2.866402,2.0,0.866402,2.194824,2.025513,0.840889,151.1951,0.7575,0.15528,130.2509,0.002891,0.981621,0.015488,51200,7741189,1623,22620,253,1844,272,1981
38450,114.189,69.41,2.827728,1.988647,0.839081,2.167236,2.006348,0.821381,164.2702,0.763418,0.224027,137.8388,0.004531,0.977148,0.01832,51200,8410635,1596,22163,268,1847,288,1984
38500,114.336,69.495,2.887612,1.998047,0.889565,2.161255,2.011475,0.876138,158.7216,0.779531,0.198004,128.2133,0.003887,0.972324,0.023789,51200,8126544,1563,22517,263,1849,280,1986
38550,114.49,69.586,2.763808,1.893433,0.870376,2.074341,1.910889,0.85292,188.0501,0.786035,0.323183,149.9861,0.0075,0.971836,0.020664,51200,9628163,1581,20908,268,1855,283,1992
38600,114.64,69.675,2.700499,1.848511,0.851988,2.007324,1.842041,0.858458,174.4275,0.789707,0.269913,139.1845,0.005781,0.974336,0.019883,51200,8930689,1588,20546,267,1855,279,1992
38650,114.792,69.764,2.68174,1.814453,0.867287,1.967041,1.809814,0.871925,178.3364,0.811484,0.282839,138.7824,0.006113,0.981348,0.012539,51200,9130822,1607,20366,268,1855,284,1992
38700,114.936,69.844,2.61525,1.774658,0.840592,1.923706,1.765991,0.849259,135.4219,0.816504,0.052949,115.1866,0.00082,0.987832,0.011348,51200,6933603,1576,19627,274,1855,292,1992
38750,115.079,69.924,2.639901,1.801758,0.838143,1.966431,1.797363,0.842537,128.4114,0.818652,0.0,112.801,0.0,0.991523,0.008477,51200,6574666,1594,20269,265,1855,280,1992
38800,115.217,70.002,2.765756,1.858521,0.907236,2.028809,1.872925,0.892832,128.192,0.800156,0.0,111.791,0.0,0.988105,0.011895,51200,6563431,1591,21014,252,1855,267,1992
38850,115.354,70.079,2.673497,1.81543,0.858067,1.969849,1.813721,0.859776,128.311,0.796895,0.0,112.3335,0.0,0.99043,0.00957,51200,6569525,1603,19425,259,1862,275,2001
38900,115.493,70.158,2.699218,1.808838,0.89038,1.967041,1.812012,0.887206,134.9446,0.785625,0.050197,117.7297,0.00084,0.986836,0.012324,51200,6909164,1570,20014,263,1869,281,2008
38950,115.633,70.237,2.701688,1.803955,0.897733,1.973511,1.811401,0.890287,128.2416,0.791289,0.0,111.5823,0.0,0.988242,0.011758,51200,6565970,1526,20493,263,1873,279,2012
39000,115.772,70.316,2.63954,1.786987,0.852552,1.943726,1.782593,0.856947,128.3325,0.792871,0.0,111.7705,0.0,0.989531,0.010469,51200,6570626,1553,19744,276,1878,290,2017
39050,115.912,70.394,2.624082,1.770386,0.853697,1.924072,1.767212,0.85687,128.392,0.802227,0.0,112.5302,0.0,0.990215,0.009785,51200,6573669,1606,19960,281,1878,293,2017
39100,116.05,70.472,2.597587,1.731445,0.866142,1.890869,1.732178,0.865409,128.0912,0.79291,0.0,112.3035,0.0,0.985742,0.014258,51200,6558267,1518,19548,273,1879,291,2018
39150,116.188,70.55,2.674305,1.761353,0.912952,1.91272,1.745605,0.928699,128.2998,0.795488,0.0,113.5157,0.0,0.989043,0.010957,51200,6568948,1596,19624,266,1883,289,2022
39200,116.327,70.628,2.694313,1.816284,0.878029,1.971436,1.816406,0.877906,128.3341,0.799238,0.0,112.877,0.0,0.989707,0.010293,51200,6570707,1586,20133,258,1883,280,2022
39250,116.465,70.706,2.781568,1.871826,0.909742,2.038452,1.872681,0.908887,128.4099,0.79377,0.0,111.9978,0.0,0.990371,0.009629,51200,6574587,1586,21622,247,1883,270,2022
39300,116.634,70.809,2.646737,1.779297,0.867441,1.952393,1.786621,0.860116,128.301,0.812559,0.0,112.4044,0.0,0.989375,0.010625,51200,6569011,1645,19827,242,1885,256,2024
39350,116.776,70.887,2.589881,1.776001,0.81388,1.936279,1.77356,0.816322,128.4965,0.804902,0.0,113.5895,0.0,0.992305,0.007695,51200,6579021,1582,19373,258,1887,265,2026
39400,116.918,70.968,2.64835,1.804077,0.844273,1.97168,1.795898,0.852451,128.6024,0.77998,0.0,113.7906,0.0,0.993945,0.006055,51200,6584441,1624,20171,253,1892,263,2031
39450,117.059,71.048,2.790891,1.921753,0.869138,2.102173,1.928833,0.862058,128.6588,0.781133,0.0,112.5242,0.0,0.994648,0.005352,51200,6587332,1535,21865,255,1895,266,2034
39500,117.202,71.127,2.760537,1.899414,0.861123,2.075928,1.901978,0.858559,128.914,0.777129,0.003692,112.09,5.9e-05,0.991406,0.008535,51200,6600395,1538,21369,272,1899,284,2038
39550,117.342,71.206,2.858415,1.927979,0.930437,2.095459,1.937866,0.920549,128.5555,0.793984,0.0,111.5007,0.0,0.99377,0.00623,51200,6582043,1568,21891,271,1899,283,2038
39600,117.483,71.286,2.851911,1.928345,0.923566,2.104736,1.942749,0.909162,137.5358,0.784336,0.067837,119.7398,0.001133,0.986953,0.011914,51200,7041832,1519,21643,271,1902,283,2041
39650,117.623,71.364,2.758271,1.870239,0.888032,2.044067,1.883789,0.874482,129.4913,0.800527,0.008383,112.0622,0.000137,0.990996,0.008867,51200,6629953,1536,20471,273,1904,284,2043
39700,117.762,71.443,2.752412,1.865601,0.886811,2.024536,1.874512,0.8779,128.2483,0.791348,0.0,112.5272,0.0,0.989355,0.010645,51200,6566313,1579,20764,276,1904,287,2043
39750,117.902,71.522,2.879255,1.991333,0.887922,2.167358,2.009033,0.870222,128.1529,0.774785,0.0,111.3633,0.0,0.98709,0.01291,51200,6561428,1590,22310,277,1906,289,2046
39800,118.044,71.603,3.003022,2.071533,0.931489,2.261719,2.103638,0.899385,128.2014,0.770117,0.0,108.6198,0.0,0.988027,0.011973,51200,6563914,1525,23701,286,1906,295,2046
39850,118.189,71.684,3.123615,2.174316,0.949298,2.384033,2.207153,0.916461,129.8583,0.788809,0.014768,108.7431,0.000234,0.984238,0.015527,51200,6648745,1599,24581,288,1912,303,2049
39900,118.331,71.765,3.079374,2.130981,0.948393,2.326294,2.157104,0.92227,129.9725,0.790312,0.014761,109.3872,0.000234,0.985703,0.014062,51200,6654592,1602,23993,297,1912,315,2050
39950,118.47,71.845,3.040115,2.122437,0.917679,2.320557,2.161011,0.879105,133.0554,0.779277,0.039286,110.4737,0.000645,0.982734,0.016621,51200,6812436,1556,24816,244,1917,261,2055
40000,118.617,71.926,3.132897,2.182495,0.950402,2.387329,2.221069,0.911828,132.8661,0.751387,0.038969,108.8564,0.000645,0.980254,0.019102,51200,6802744,1584,25539,231,1918,244,2056
40050,118.771,72.006,3.099471,2.16748,0.93199,2.360352,2.183228,0.916243,129.2054,0.761074,0.011129,107.0829,0.000176,0.981855,0.017969,51200,6615314,1592,24610,224,1918,238,2056
40100,118.927,72.099,3.054557,2.127441,0.927115,2.317017,2.148804,0.905753,130.3402,0.761895,0.017799,108.6968,0.000273,0.985645,0.014082,51200,6673417,1571,23546,216,1924,230,2062
40150,119.069,72.18,2.975814,2.06189,0.913924,2.232788,2.076294,0.89952,128.9768,0.769746,0.009907,109.5173,0.000156,0.980488,0.019355,51200,6603612,1690,23107,208,1924,222,2062
40200,119.211,72.26,3.020408,2.108887,0.911521,2.284668,2.114868,0.90554,129.7343,0.74875,0.016005,109.4547,0.000254,0.981074,0.018672,51200,6642398,1549,23837,212,1932,227,2070
40250,119.362,72.345,2.948596,2.069336,0.879261,2.251099,2.074829,0.873767,129.8544,0.761797,0.01599,109.8511,0.000254,0.982773,0.016973,51200,6648546,1546,23717,249,1934,262,2072
40300,119.51,72.43,2.989152,2.072266,0.916887,2.261719,2.085205,0.903947,144.0566,0.76959,0.113994,114.9934,0.002031,0.978652,0.019316,51200,7375696,1502,23452,222,1935,238,2073
40350,119.655,72.515,3.008292,2.096802,0.911491,2.270874,2.104858,0.903434,162.2939,0.758633,0.213483,123.0848,0.004277,0.978789,0.016934,51200,8309450,1550,24362,221,1936,244,2074
40400,119.799,72.6,3.093407,2.150269,0.943138,2.325195,2.169189,0.924218,164.2312,0.75918,0.224576,128.0874,0.004551,0.975254,0.020195,51200,8408635,1590,26080,203,1937,226,2075
40450,119.947,72.685,3.008712,2.125977,0.882735,2.286255,2.131226,0.877486,160.7414,0.769316,0.207593,123.6511,0.004121,0.975879,0.02,51200,8229959,1518,25089,197,1937,218,2075
40500,120.095,72.77,3.002867,2.116943,0.885924,2.293457,2.124878,0.877989,158.7617,0.779375,0.197335,122.5295,0.003867,0.974941,0.021191,51200,8128599,1542,24491,202,1937,224,2075
40550,120.244,72.854,2.918265,1.995728,0.922538,2.178833,1.994141,0.924125,145.3551,0.807246,0.122259,116.1119,0.002188,0.97834,0.019473,51200,7442181,1566,23117,204,1937,226,2075
40600,120.388,72.936,2.922254,1.969604,0.952649,2.154907,1.991211,0.931043,141.0486,0.815059,0.092128,115.8087,0.001602,0.984688,0.013711,51200,7221688,1557,22735,227,1937,243,2075
40650,120.572,73.029,2.934477,1.95105,0.983427,2.135742,1.979126,0.955351,143.1016,0.825078,0.105376,116.5909,0.001504,0.984883,0.013613,51200,7326804,1607,22049,227,1938,242,2076
40700,120.719,73.109,2.869475,1.951294,0.918181,2.118896,1.963623,0.905852,135.5961,0.828457,0.055945,113.9527,0.000762,0.98459,0.014648,51200,6942519,1615,20961,250,1938,266,2076
40750,120.86,73.188,2.830197,1.956421,0.873776,2.133057,1.96814,0.862057,127.6408,0.83002,0.0,110.766,0.0,0.979727,0.020273,51200,6535211,1573,21368,268,1940,294,2078
40800,121.002,73.268,2.832589,1.928223,0.904366,2.087158,1.932007,0.900582,127.5218,0.806934,0.0,110.9906,0.0,0.977363,0.022637,51200,6529114,1587,20788,275,1945,301,2083
40850,121.156,73.349,2.615599,1.743286,0.872312,1.89917,1.740112,0.875486,129.4572,0.800801,0.01226,112.5278,0.000195,0.98248,0.017324,51200,6628209,1542,18451,266,1945,293,2083
40900,121.314,73.428,2.546418,1.691406,0.855011,1.849731,1.692017,0.854401,128.2637,0.802441,0.0,113.9747,0.0,0.988965,0.011035,51200,6567100,1509,18134,251,1946,276,2084
40950,121.453,73.507,2.590327,1.731323,0.859004,1.878418,1.734497,0.85583,128.4315,0.8125,0.0,114.2114,0.0,0.992305,0.007695,51200,6575694,1522,18954,256,1946,284,2084
41000,121.606,73.594,2.712095,1.827637,0.884458,1.989746,1.826172,0.885923,128.3064,0.806426,0.0,113.5669,0.0,0.990469,0.009531,51200,6569290,1589,20291,251,1946,280,2084
41050,121.77,73.695,2.736759,1.801758,0.935001,1.951416,1.798706,0.938053,128.3566,0.80791,0.0,112.6825,0.0,0.991074,0.008926,51200,6571857,1638,20016,259,1946,288,2084
41100,121.909,73.774,2.681808,1.752563,0.929245,1.897339,1.738892,0.942917,128.1567,0.819043,0.0,112.4683,0.0,0.987949,0.012051,51200,6561621,1551,19450,263,1946,279,2084
41150,122.049,73.852,2.739677,1.793335,0.946342,1.950439,1.793823,0.945853,128.4777,0.812734,0.0,113.2606,0.0,0.992754,0.007246,51200,6578056,1578,19521,285,1949,293,2087
41200,122.19,73.93,2.723563,1.822754,0.900809,1.996338,1.82373,0.899833,129.2552,0.807734,0.00603,113.2536,9.8e-05,0.991504,0.008398,51200,6617865,1653,20061,276,1949,298,2087
41250,122.33,74.009,2.691901,1.803589,0.888312,1.957153,1.805664,0.886237,137.0384,0.808828,0.064797,119.21,0.001094,0.987637,0.01127,51200,7016367,1616,19122,284,1949,298,2087
41300,122.47,74.091,2.642204,1.776733,0.865471,1.931396,1.783569,0.858635,143.5749,0.801348,0.107142,123.959,0.001895,0.988125,0.00998,51200,7351035,1553,18704,289,1956,303,2094
41350,122.609,74.172,2.690128,1.785767,0.904362,1.942993,1.798096,0.892033,145.604,0.8025,0.118842,124.0515,0.002129,0.98957,0.008301,51200,7454927,1575,18988,268,1956,281,2094
41400,122.765,74.261,2.801664,1.897705,0.903959,2.061157,1.910767,0.890898,156.2801,0.795332,0.178735,131.4474,0.003438,0.99002,0.006543,51200,8001542,1606,21022,260,1957,273,2095
41450,122.913,74.345,2.840159,1.896606,0.943552,2.05835,1.907471,0.932688,151.2433,0.795801,0.151645,123.4658,0.002812,0.989746,0.007441,51200,7743656,1562,21466,229,1957,244,2095
41500,123.055,74.427,2.858905,1.925781,0.933124,2.083252,1.936401,0.922504,155.9885,0.783262,0.180542,125.2917,0.003379,0.982539,0.014082,51200,7986611,1614,21826,222,1957,236,2095
41550,123.199,74.513,2.841342,1.923462,0.91788,2.074707,1.920532,0.92081,169.6842,0.77707,0.245334,131.7161,0.005117,0.986094,0.008789,51200,8687829,1479,21344,216,1957,230,2095
41600,123.345,74.598,2.81099,1.916016,0.894974,2.076904,1.922607,0.888383,168.9416,0.769531,0.241691,129.8239,0.00502,0.987539,0.007441,51200,8649810,1588,20680,231,1957,238,2095
41650,123.49,74.683,2.716052,1.872192,0.84386,2.007935,1.87439,0.841663,162.8456,0.770254,0.212577,125.535,0.004258,0.989395,0.006348,51200,8337694,1600,19814,247,1967,262,2104
41700,123.631,74.765,2.722098,1.852539,0.869559,2.014404,1.860718,0.86138,154.6072,0.746895,0.171607,120.4222,0.003262,0.986484,0.010254,51200,7915889,1534,20082,247,1972,266,2109
41750,123.77,74.845,2.691709,1.821899,0.86981,1.9729,1.818726,0.872984,140.95,0.760469,0.090091,115.4514,0.001562,0.989121,0.009316,51200,7216638,1619,19630,220,1972,239,2109
41800,123.919,74.926,2.656064,1.805054,0.85101,1.962646,1.80542,0.850644,144.3756,0.774434,0.112074,116.6359,0.001992,0.98752,0.010488,51200,7392031,1519,19084,215,1972,238,2109
41850,124.062,75.01,2.728071,1.855591,0.87248,2.014526,1.856323,0.871748,136.8882,0.785957,0.062218,118.3869,0.001055,0.989258,0.009688,51200,7008678,1555,20155,214,1973,233,2110
41900,124.203,75.09,2.701048,1.854614,0.846434,2.02124,1.852905,0.848143,141.1421,0.799082,0.092725,120.0065,0.001621,0.984414,0.013965,51200,7226477,1686,19948,217,1982,239,2122
41950,124.344,75.17,2.804197,1.964111,0.840085,2.112671,1.974731,0.829465,145.5222,0.792109,0.12024,122.2096,0.002168,0.983945,0.013887,51200,7450735,1541,21932,214,1986,236,2126
42000,124.487,75.252,2.891838,2.048218,0.84362,2.222778,2.069214,0.822624,140.8645,0.779766,0.09182,117.4681,0.001602,0.982539,0.015859,51200,7212262,1621,23354,215,1987,234,2127
42050,124.63,75.331,2.916621,2.055908,0.860712,2.220581,2.081543,0.835078,134.9522,0.780449,0.050919,113.5954,0.000859,0.984199,0.014941,51200,6909555,1584,22637,217,1989,237,2129
42100,124.771,75.412,2.940298,2.020386,0.919912,2.196777,2.041992,0.898305,134.995,0.786855,0.052402,112.9883,0.000879,0.98248,0.016641,51200,6911743,1509,22255,215,1990,235,2130
42150,124.915,75.495,2.907378,2.007324,0.900053,2.173096,2.020874,0.886504,147.3765,0.787285,0.132063,124.0437,0.002422,0.98125,0.016328,51200,7545676,1517,22022,211,1990,226,2130
42200,125.056,75.576,2.918726,2.021851,0.896876,2.187988,2.037598,0.881129,135.7538,0.791309,0.058687,114.3796,0.000996,0.97998,0.019023,51200,6950597,1658,21908,218,1990,232,2130
42250,125.198,75.655,2.915872,2.055298,0.860574,2.228882,2.07019,0.845682,136.3382,0.787676,0.062035,113.9258,0.001055,0.982012,0.016934,51200,6980515,1587,22503,230,1990,244,2130
42300,125.341,75.737,3.022017,2.120972,0.901046,2.298706,2.15271,0.869307,138.9887,0.791426,0.08014,114.5844,0.001387,0.981465,0.017148,51200,7116222,1565,24070,254,1993,268,2133
42350,125.482,75.819,3.018358,2.089355,0.929003,2.27124,2.125244,0.893114,141.9773,0.771191,0.09832,114.9662,0.001738,0.98416,0.014102,51200,7269238,1540,23814,229,1996,243,2136
42400,125.626,75.902,3.081555,2.1698,0.911755,2.338379,2.191284,0.890271,153.0691,0.744492,0.163881,119.5841,0.003105,0.983086,0.013809,51200,7837136,1595,24639,224,1996,238,2136
42450,125.77,75.985,3.029239,2.161255,0.867984,2.349731,2.181274,0.847965,156.2003,0.761699,0.182042,119.1686,0.003516,0.980742,0.015742,51200,7997453,1628,24192,220,1996,234,2136
42500,125.917,76.07,2.9503,2.09729,0.85301,2.25708,2.109863,0.840436,150.1207,0.77748,0.148451,117.8783,0.002754,0.981328,0.015918,51200,7686180,1552,22756,227,2003,242,2143
42550,126.053,76.151,2.865238,1.978394,0.886845,2.125,1.98999,0.875248,140.9953,0.788926,0.093386,116.0053,0.001641,0.981113,0.017246,51200,7218960,1519,20946,208,2008,225,2148
42600,126.191,76.23,2.872578,1.983887,0.888692,2.123169,1.990967,0.881611,138.7794,0.797168,0.080164,114.9469,0.001387,0.979414,0.019199,51200,7105506,1552,20795,202,2008,219,2148
42650,126.328,76.31,2.807874,1.910278,0.897596,2.079712,1.921997,0.885877,137.3209,0.807617,0.071868,115.3256,0.00123,0.975312,0.023457,51200,7030831,1597,19792,190,2008,206,2148
42700,126.468,76.388,2.790518,1.902222,0.888296,2.062378,1.914551,0.875967,128.0791,0.793906,0.004891,111.0159,7.8e-05,0.976465,0.023457,51200,6557650,1606,20050,215,2008,231,2148
42750,126.605,76.466,2.811682,1.89624,0.915442,2.049194,1.89624,0.915442,127.3854,0.798652,0.0,110.9414,0.0,0.975781,0.024219,51200,6522131,1539,19678,242,2008,258,2148
42800,126.739,76.543,2.811134,1.88501,0.926124,2.049805,1.887085,0.924049,127.9094,0.802012,0.000656,111.8808,0.0,0.981816,0.018184,51200,6548960,1561,19698,240,2008,252,2148
42850,126.9,76.635,2.798527,1.911621,0.886906,2.090332,1.919556,0.878971,138.7928,0.790117,0.080442,116.9824,0.001387,0.97791,0.020703,51200,7106189,1622,19722,244,2008,256,2148
42900,127.039,76.716,2.852821,1.956421,0.896401,2.13147,1.977539,0.875282,142.6741,0.788613,0.102522,118.4988,0.001816,0.984258,0.013926,51200,7304914,1590,21153,257,2008,269,2148
42950,127.178,76.796,2.877278,2.002075,0.875203,2.170898,2.025879,0.851399,146.0142,0.788379,0.123671,118.5696,0.002227,0.98332,0.014453,51200,7475928,1547,21451,260,2008,272,2148
43000,127.318,76.878,2.902653,2.020264,0.882389,2.196045,2.050049,0.852604,144.9169,0.792305,0.11924,118.0021,0.002129,0.979043,0.018828,51200,7419747,1626,21643,277,2009,289,2149
43050,127.458,76.959,2.906743,2.023804,0.88294,2.211914,2.047729,0.859014,144.6263,0.803184,0.116195,117.6054,0.00207,0.981602,0.016328,51200,7404865,1577,22261,267,2009,279,2149
43100,127.601,77.041,2.870573,1.988159,0.882414,2.170654,2.002319,0.868254,146.3808,0.773867,0.127943,121.7281,0.002285,0.978008,0.019707,51200,7494695,1575,21752,262,2009,278,2149
43150,127.74,77.119,2.913352,2.007935,0.905418,2.189087,2.022095,0.891257,127.6593,0.770078,0.0,108.7202,0.0,0.980059,0.019941,51200,6536157,1542,22659,254,2009,271,2149
43200,127.877,77.197,2.933095,2.022827,0.910267,2.204468,2.033325,0.899769,127.2353,0.769629,0.000816,107.965,0.0,0.971504,0.028496,51200,6514445,1624,23392,216,2012,232,2152
43250,128.016,77.275,2.939617,2.036987,0.90263,2.214478,2.049927,0.88969,131.6811,0.764531,0.03439,112.0191,0.000547,0.970723,0.02873,51200,6742071,1636,23045,209,2012,225,2152
43300,128.154,77.354,3.084246,2.137939,0.946306,2.333496,2.157715,0.926531,131.843,0.774746,0.036096,111.6976,0.000586,0.969375,0.030039,51200,6750360,1550,23935,205,2012,221,2152
43350,128.295,77.436,3.047238,2.129028,0.91821,2.325928,2.152344,0.894894,146.1356,0.772832,0.127587,124.3227,0.002266,0.976016,0.021719,51200,7482144,1545,24010,216,2012,232,2152
43400,128.439,77.518,3.127197,2.19043,0.936767,2.384888,2.224731,0.902465,143.1244,0.779395,0.108744,121.46,0.001914,0.978008,0.020078,51200,7327967,1663,24916,217,2013,234,2153
43450,128.58,77.6,3.28163,2.310791,0.970839,2.513794,2.347168,0.934462,132.5912,0.781836,0.036021,106.6357,0.000586,0.982793,0.016621,51200,6788671,1592,26448,222,2015,238,2155
43500,128.722,77.685,3.182513,2.229736,0.952776,2.415405,2.256226,0.926287,158.1119,0.766074,0.194205,113.1512,0.00377,0.977539,0.018691,51200,8095331,1498,24644,237,2017,253,2156
43550,128.864,77.769,3.13473,2.200317,0.934413,2.394165,2.22644,0.90829,165.0709,0.764727,0.228226,115.3199,0.004629,0.975859,0.019512,51200,8451630,1525,24456,234,2019,251,2158
43600,129.006,77.852,3.143557,2.238525,0.905031,2.430542,2.268311,0.875246,156.1399,0.76084,0.184201,113.0554,0.003535,0.976172,0.020293,51200,7994361,1557,24459,241,2027,259,2168
43650,129.146,77.933,3.077337,2.127075,0.950262,2.324463,2.156128,0.921209,140.6163,0.782793,0.092385,108.547,0.001602,0.98043,0.017969,51200,7199552,1615,23407,233,2027,252,2168
43700,129.299,78.015,2.990752,2.060913,0.929839,2.242676,2.082642,0.90811,143.9196,0.795371,0.113416,111.4186,0.002012,0.98002,0.017969,51200,7368685,1605,22843,233,2027,251,2169
43750,129.441,78.098,2.934807,1.990356,0.944451,2.165039,2.005127,0.92968,152.2123,0.800898,0.159705,117.5581,0.00293,0.983867,0.013203,51200,7793269,1592,21329,236,2028,252,2170
43800,129.582,78.18,2.875751,1.96167,0.914082,2.125732,1.960938,0.914814,155.7175,0.823047,0.177874,120.5877,0.003418,0.984238,0.012344,51200,7972738,1513,20963,244,2028,260,2170
43850,129.721,78.261,2.864799,1.972168,0.892631,2.148682,1.991333,0.873466,145.2071,0.835215,0.119875,116.5218,0.002148,0.98209,0.015762,51200,7434605,1540,20986,250,2028,266,2170
43900,129.858,78.342,2.864466,1.96582,0.898645,2.138794,1.988037,0.876428,146.7327,0.813945,0.127266,116.1054,0.002305,0.984531,0.013164,51200,7512712,1527,20504,259,2028,275,2170
43950,129.998,78.422,2.859248,1.981201,0.878046,2.136719,1.981934,0.877314,142.9109,0.809746,0.104029,115.1336,0.001836,0.985059,0.013105,51200,7317040,1525,20755,262,2028,278,2170
44000,130.145,78.504,2.878708,2.000977,0.877731,2.166504,2.022339,0.856369,146.8244,0.809785,0.129871,116.2703,0.002344,0.981055,0.016602,51200,7517408,1570,20561,270,2028,286,2170
44050,130.285,78.584,2.846211,2.0,0.846211,2.178223,2.025146,0.821064,144.0822,0.790176,0.111084,114.9828,0.001973,0.986133,0.011895,51200,7377008,1570,20921,273,2029,289,2171
44100,130.427,78.665,2.795082,2.009644,0.785438,2.174805,2.02063,0.774452,145.45,0.769961,0.118903,114.8233,0.002129,0.986406,0.011465,51200,7447039,1506,21402,270,2030,286,2172
44150,130.565,78.745,2.834377,2.053711,0.780666,2.230225,2.074097,0.76028,144.839,0.786016,0.114939,113.9605,0.002051,0.987422,0.010527,51200,7415755,1559,22956,247,2032,264,2175
44200,130.704,78.825,2.865357,2.044556,0.820801,2.211914,2.057983,0.807373,143.7741,0.771504,0.109228,112.6348,0.001934,0.985488,0.012578,51200,7361235,1568,22843,250,2034,269,2179
44250,130.848,78.909,2.812035,2.005371,0.806664,2.178345,2.020142,0.791894,165.3329,0.76627,0.226024,132.22,0.004492,0.983574,0.011934,51200,8465046,1560,21701,232,2034,248,2179
44300,130.988,78.991,2.779347,1.916382,0.862965,2.082764,1.925781,0.853566,152.0777,0.778828,0.158578,120.8444,0.002969,0.984336,0.012695,51200,7786378,1528,20380,224,2034,248,2179
44350,131.13,79.075,2.73766,1.875977,0.861684,2.047119,1.886841,0.850819,167.6371,0.788906,0.238365,122.2217,0.004922,0.980312,0.014766,51200,8583017,1578,19570,234,2034,258,2179
44400,131.269,79.158,2.680335,1.832764,0.847571,1.984131,1.835693,0.844642,161.2318,0.796719,0.206531,124.5804,0.004102,0.983398,0.0125,51200,8255067,1546,19481,235,2034,259,2179
44450,131.412,79.242,2.732978,1.95813,0.774848,2.111938,1.975708,0.75727,163.2385,0.78752,0.216725,125.1348,0.004355,0.98252,0.013125,51200,8357810,1578,20544,257,2037,281,2182
44500,131.558,79.329,2.929185,2.083374,0.845811,2.253418,2.111694,0.817491,182.4017,0.790645,0.29817,137.4141,0.006699,0.984629,0.008672,51200,9338967,1601,23188,263,2037,287,2182
44550,131.703,79.411,2.905484,2.058594,0.84689,2.237549,2.07019,0.835293,145.7714,0.785703,0.121094,120.875,0.002168,0.986289,0.011543,51200,7463496,1622,22903,265,2037,289,2182
44600,131.845,79.491,2.813127,1.982178,0.83095,2.150269,1.983398,0.829729,129.3776,0.786699,0.009821,110.1905,0.000156,0.98627,0.013574,51200,6624132,1617,21924,270,2040,288,2184
44650,131.984,79.569,2.851414,1.96875,0.882664,2.131348,1.980347,0.871067,128.1294,0.784531,0.0,109.6542,0.0,0.986348,0.013652,51200,6560226,1585,22246,262,2041,280,2185
44700,132.123,79.649,2.749704,1.900513,0.849191,2.057495,1.898682,0.851022,128.0324,0.786465,0.0,109.7077,0.0,0.985625,0.014375,51200,6555259,1528,21512,245,2041,262,2185
44750,132.26,79.726,2.823308,1.949097,0.874211,2.112793,1.954224,0.869084,127.5531,0.754512,1.5e-05,109.289,0.0,0.978145,0.021855,51200,6530721,1615,22279,243,2047,264,2192
44800,132.398,79.804,2.787236,1.928955,0.858281,2.089111,1.935303,0.851934,127.7148,0.745664,0.000278,110.0035,0.0,0.980215,0.019785,51200,6539000,1515,22048,235,2048,255,2193
44850,132.536,79.881,2.884411,2.008911,0.8755,2.171753,2.012329,0.872082,127.5999,0.751641,0.0,108.5494,0.0,0.978379,0.021621,51200,6533115,1549,22760,229,2049,249,2194
44900,132.674,79.96,2.893623,2.067993,0.82563,2.231079,2.069336,0.824287,128.5157,0.743398,0.004939,109.0892,7.8e-05,0.982773,0.017148,51200,6580006,1591,23655,222,2049,238,2194
44950,132.813,80.039,3.006737,2.113892,0.892845,2.279541,2.132812,0.873925,128.0443,0.753496,0.001592,107.6048,2e-05,0.98127,0.018711,51200,6555866,1562,23413,226,2050,242,2195
45000,132.953,80.117,2.894461,1.987427,0.907034,2.1521,2.001953,0.892507,127.5889,0.764258,0.000137,108.2318,0.0,0.977402,0.022598,51200,6532553,1521,21747,241,2050,258,2195
45050,133.097,80.196,2.845681,1.959106,0.886575,2.103394,1.974609,0.871072,127.7504,0.76084,0.0,108.4519,0.0,0.980938,0.019062,51200,6540820,1674,21638,242,2052,257,2197
45100,133.235,80.273,2.81653,1.927002,0.889528,2.093262,1.937012,0.879518,127.7114,0.774414,0.0,109.6425,0.0,0.979629,0.020371,51200,6538825,1596,21347,235,2052,252,2197
45150,133.372,80.352,2.822806,1.972656,0.85015,2.137695,1.982666,0.84014,127.6424,0.776289,0.0,109.8173,0.0,0.979082,0.020918,51200,6535292,1517,21204,229,2053,247,2198
45200,133.512,80.432,2.755478,1.904175,0.851303,2.064331,1.911865,0.843613,142.2496,0.78502,0.103949,121.5888,0.001816,0.977109,0.021074,51200,7283180,1612,20872,230,2053,256,2198
45250,133.654,80.515,2.740021,1.883301,0.85672,2.04248,1.896606,0.843414,151.3876,0.790723,0.159674,126.4457,0.002969,0.972676,0.024355,51200,7751046,1535,20102,224,2053,255,2198
45300,133.796,80.598,2.717379,1.86853,0.848849,2.045776,1.885742,0.831637,155.9883,0.794551,0.182921,130.2908,0.003496,0.976719,0.019785,51200,7986603,1577,20163,213,2053,247,2198
45350,133.943,80.683,2.751189,1.906738,0.844451,2.072754,1.926392,0.824798,165.7772,0.793711,0.228492,138.6213,0.004668,0.982383,0.012949,51200,8487794,1591,20184,211,2053,241,2198
45400,134.088,80.769,2.918298,2.006348,0.911951,2.193237,2.03186,0.886438,177.4398,0.779844,0.279993,145.5732,0.005586,0.980332,0.014082,51200,9084916,1548,21733,230,2053,260,2198
45450,134.235,80.855,2.866176,1.976562,0.889614,2.163086,2.003662,0.862514,172.4232,0.790566,0.25895,141.2446,0.005332,0.979668,0.015,51200,8828068,1594,21222,235,2053,265,2198
45500,134.386,80.942,2.786988,1.903809,0.88318,2.073242,1.914185,0.872804,180.4617,0.793848,0.290388,141.0633,0.006289,0.984219,0.009492,51200,9239640,1630,20813,229,2053,257,2198
45550,134.533,81.031,2.857856,1.959717,0.898139,2.13269,1.980957,0.876899,188.9455,0.793535,0.32223,146.9707,0.0075,0.98459,0.00791,51200,9674008,1527,21263,234,2053,258,2198
45600,134.68,81.118,2.818773,1.951416,0.867357,2.105469,1.959595,0.859178,177.9115,0.80748,0.27942,137.9103,0.006133,0.98627,0.007598,51200,9109070,1579,21323,253,2056,277,2201
45650,134.821,81.199,2.798666,1.900635,0.898031,2.060913,1.898682,0.899984,140.614,0.821875,0.086877,113.181,0.001504,0.99125,0.007246,51200,7199437,1590,20340,283,2056,305,2201
45700,134.961,81.281,2.729847,1.844727,0.88512,1.999878,1.83374,0.896107,155.1771,0.814102,0.172725,122.6649,0.003301,0.990508,0.006191,51200,7945070,1575,19870,278,2057,300,2202
45750,135.101,81.362,2.590609,1.724121,0.866488,1.871826,1.714844,0.875765,150.3689,0.802246,0.144368,125.4598,0.002676,0.99418,0.003145,51200,7698889,1620,18446,239,2057,261,2202
45800,135.24,81.441,2.572171,1.736694,0.835476,1.887451,1.735596,0.836575,147.6846,0.799336,0.128809,128.59,0.002344,0.993887,0.00377,51200,7561452,1597,18922,236,2057,254,2202
45850,135.376,81.518,2.626276,1.798096,0.82818,1.944824,1.798462,0.827814,129.0422,0.790762,0.0037,113.4642,5.9e-05,0.99332,0.006621,51200,6606959,1538,19366,241,2059,255,2204
45900,135.516,81.599,2.627718,1.759644,0.868075,1.907837,1.755981,0.871737,128.3928,0.787148,0.0,112.2057,0.0,0.990723,0.009277,51200,6573710,1537,19214,230,2059,245,2206
45950,135.654,81.676,2.632061,1.765869,0.866192,1.926514,1.762207,0.869854,128.247,0.785625,0.0,112.1872,0.0,0.987695,0.012305,51200,6566244,1562,19539,227,2059,246,2207
46000,135.793,81.755,2.659759,1.831421,0.828338,1.977539,1.821777,0.837981,132.0652,0.770684,0.029815,114.3032,0.000469,0.986797,0.012734,51200,6761739,1552,20325,223,2059,244,2208
46050,135.929,81.832,2.637215,1.815308,0.821907,1.953125,1.807373,0.829842,131.0035,0.772441,0.020559,113.5924,0.000332,0.989277,0.010391,51200,6707380,1554,20243,218,2062,236,2212
46100,136.071,81.912,2.681697,1.884521,0.797176,2.037598,1.890625,0.791072,146.0415,0.782129,0.121618,125.4755,0.002188,0.988711,0.009102,51200,7477326,1620,20387,214,2062,232,2212
46150,136.218,81.993,2.708119,1.873535,0.834584,2.0177,1.875732,0.832386,145.0746,0.775527,0.11599,124.2082,0.00207,0.988438,0.009492,51200,7427820,1548,19818,216,2062,230,2212
46200,136.36,82.074,2.609921,1.84729,0.762631,1.989868,1.849365,0.760556,143.5334,0.791816,0.107275,123.4646,0.001895,0.986953,0.011152,51200,7348912,1579,19368,235,2062,252,2212
46250,136.505,82.157,2.663421,1.876465,0.786956,2.016113,1.875488,0.787933,154.7269,0.80041,0.173014,133.288,0.003301,0.983711,0.012988,51200,7922016,1564,19584,243,2062,260,2212
46300,136.648,82.24,2.681395,1.883179,0.798217,2.033203,1.884277,0.797118,148.4112,0.798105,0.139791,126.4961,0.002559,0.980352,0.01709,51200,7598651,1659,20138,257,2062,272,2212
46350,136.793,82.325,2.83593,1.969604,0.866325,2.139648,1.973267,0.862663,160.9968,0.795898,0.207093,130.1117,0.004121,0.979961,0.015918,51200,8243037,1608,21821,265,2064,281,2214
46400,136.943,82.412,2.971053,2.107788,0.863265,2.298706,2.148315,0.822737,177.8417,0.782363,0.284736,141.4273,0.00623,0.97416,0.019609,51200,9105495,1643,23550,266,2066,287,2218
46450,137.09,82.499,2.974087,2.124878,0.849209,2.307007,2.15918,0.814908,169.8103,0.781602,0.24962,134.714,0.005215,0.978535,0.01625,51200,8694287,1580,24139,247,2066,275,2218
46500,137.239,82.585,2.943681,2.122314,0.821366,2.309937,2.165283,0.778398,166.0643,0.797969,0.233352,128.6382,0.004766,0.975996,0.019238,51200,8502494,1537,23439,243,2066,278,2219
46550,137.387,82.672,3.021551,2.192871,0.82868,2.402344,2.236694,0.784857,177.0198,0.784434,0.281076,132.5483,0.006133,0.974434,0.019434,51200,9063412,1560,24889,239,2066,269,2219
46600,137.538,82.763,3.011492,2.185547,0.825945,2.38147,2.218628,0.792864,200.8039,0.793438,0.366263,153.5834,0.009062,0.973711,0.017227,51200,10281161,1507,24835,236,2066,263,2221
46650,137.687,82.853,3.02232,2.138794,0.883526,2.332642,2.168579,0.853741,191.2279,0.775781,0.336301,149.5973,0.00793,0.968145,0.023926,51200,9790866,1534,24361,245,2068,274,2225
46700,137.833,82.939,2.995666,2.144897,0.850768,2.343262,2.175171,0.820495,168.0814,0.779609,0.243311,136.0959,0.005039,0.973008,0.021953,51200,8605766,1591,24303,245,2069,278,2226
46750,137.994,83.035,2.96178,2.105591,0.856189,2.302368,2.137329,0.824451,154.222,0.780059,0.177019,128.7096,0.00334,0.970176,0.026484,51200,7896168,1586,24320,240,2074,260,2232
46800,138.14,83.119,2.868988,2.024902,0.844086,2.194946,2.043335,0.825653,154.0448,0.783086,0.174525,128.8671,0.003301,0.973438,0.023262,51200,7887093,1592,22822,237,2074,256,2232
46850,138.285,83.203,2.821207,1.973755,0.847453,2.14624,1.987671,0.833537,153.7193,0.784375,0.172517,131.7401,0.003262,0.974902,0.021836,51200,7870429,1528,22075,232,2075,256,2235
46900,138.427,83.285,2.775572,1.915161,0.860411,2.075928,1.918823,0.856749,146.6315,0.782988,0.132159,125.3409,0.002383,0.975293,0.022324,51200,7507534,1557,21100,236,2077,266,2236
46950,138.572,83.367,2.752944,1.921265,0.831679,2.078491,1.925659,0.827284,127.5425,0.777715,0.0,109.8193,0.0,0.978652,0.021348,51200,6530175,1619,21352,232,2081,258,2240
47000,138.71,83.445,2.751814,1.903198,0.848615,2.071045,1.902954,0.84886,129.7206,0.80127,0.017065,111.9401,0.000273,0.97875,0.020977,51200,6641695,1600,21497,225,2081,251,2240
47050,138.853,83.526,2.746962,1.878662,0.8683,2.041748,1.877808,0.869154,142.0759,0.822969,0.101306,121.2386,0.001777,0.981191,0.017031,51200,7274287,1619,20584,232,2081,255,2240
47100,138.991,83.605,2.752017,1.882446,0.869571,2.056274,1.890625,0.861392,128.5461,0.818711,0.008614,111.2447,0.000137,0.977559,0.022305,51200,6581562,1585,21202,233,2082,260,2241
47150,139.13,83.685,2.692918,1.848511,0.844408,2.017334,1.847412,0.845506,134.3749,0.817754,0.049731,115.9468,0.00082,0.981465,0.017715,51200,6879994,1519,20654,233,2086,264,2246
47200,139.267,83.764,2.619251,1.807617,0.811634,1.97168,1.805542,0.813709,127.4179,0.818438,0.0,111.6208,0.0,0.976621,0.023379,51200,6523794,1570,19918,234,2086,266,2246
47250,139.411,83.845,2.637418,1.774414,0.863004,1.947876,1.785522,0.851896,127.7339,0.833203,0.0,112.3224,0.0,0.980625,0.019375,51200,6539976,1555,19184,231,2086,286,2254
47300,139.549,83.926,2.572038,1.75708,0.814958,1.920166,1.769165,0.802873,129.7151,0.82457,0.011874,113.5588,0.000176,0.988965,0.010859,51200,6641411,1586,18644,225,2086,274,2254
47350,139.691,84.008,2.703921,1.85498,0.84894,2.015381,1.86377,0.840151,144.9061,0.822285,0.116594,118.6182,0.00209,0.984609,0.013301,51200,7419193,1536,19313,224,2086,281,2258
47400,139.83,84.086,2.605426,1.774414,0.831012,1.936279,1.782227,0.823199,130.6353,0.820742,0.020554,113.8816,0.000332,0.98416,0.015508,51200,6688527,1548,18416,232,2086,292,2260
47450,139.968,84.165,2.640566,1.775269,0.865297,1.934937,1.778076,0.86249,128.208,0.811309,0.0,113.1916,0.0,0.98752,0.01248,51200,6564252,1533,19708,234,2086,295,2260
47500,140.107,84.244,2.582017,1.776367,0.805649,1.934692,1.775879,0.806138,136.7466,0.797812,0.06219,118.1893,0.001035,0.987754,0.011211,51200,7001426,1557,19177,244,2092,304,2268
47550,140.246,84.322,2.720817,1.901001,0.819816,2.065918,1.915649,0.805168,131.1597,0.793164,0.022954,114.5636,0.000371,0.986973,0.012656,51200,6715379,1555,20827,236,2093,290,2268
47600,140.385,84.4,2.704198,1.880005,0.824193,2.034424,1.877197,0.827001,128.2514,0.79623,0.0,110.9579,0.0,0.988145,0.011855,51200,6566472,1591,21072,233,2093,294,2268
47650,140.527,84.478,2.771123,1.928223,0.842901,2.096069,1.928589,0.842534,128.1983,0.792598,0.0,110.3448,0.0,0.987617,0.012383,51200,6563754,1569,21604,225,2093,285,2268
47700,140.666,84.557,2.894665,2.027222,0.867443,2.220093,2.050293,0.844372,128.0467,0.788535,0.0,108.9847,0.0,0.985527,0.014473,51200,6555989,1557,23316,225,2093,283,2269
47750,140.805,84.635,2.917908,2.005615,0.912293,2.204834,2.013916,0.903992,128.3069,0.799727,0.0,108.4707,0.0,0.989141,0.010859,51200,6569312,1522,22640,244,2093,282,2272
47800,140.943,84.714,2.862033,1.997559,0.864474,2.18103,2.003296,0.858737,128.3629,0.803945,0.0,108.6895,0.0,0.990098,0.009902,51200,6572180,1608,22253,249,2094,278,2276
47850,141.091,84.792,2.894193,2.029419,0.864774,2.227173,2.055542,0.838651,130.7801,0.789902,0.017883,110.45,0.000293,0.990176,0.009531,51200,6695943,1573,23077,229,2097,254,2279
47900,141.246,84.888,2.951012,2.096191,0.854821,2.295166,2.125244,0.825768,128.2821,0.769551,0.000175,107.3952,0.0,0.98873,0.01127,51200,6568043,1534,23810,241,2104,268,2288
47950,141.383,84.966,2.811603,1.993042,0.818561,2.16748,2.000122,0.811481,128.2846,0.772754,0.001015,108.6632,0.0,0.986387,0.013613,51200,6568171,1539,21757,233,2104,260,2289
48000,141.522,85.044,2.936967,2.12793,0.809037,2.314453,2.156494,0.780473,127.8958,0.765371,0.0,108.4838,0.0,0.983359,0.016641,51200,6548264,1540,23474,213,2104,245,2291
48050,141.664,85.125,3.114845,2.285767,0.829078,2.490479,2.32605,0.788795,133.983,0.775723,0.047531,109.9491,0.000781,0.978867,0.020352,51200,6859931,1604,25248,213,2105,243,2292
48100,141.835,85.219,3.187349,2.319946,0.867403,2.522705,2.354858,0.832491,134.5424,0.772598,0.052419,109.0838,0.000859,0.977773,0.021367,51200,6888572,1571,25595,207,2106,233,2292
48150,141.974,85.3,3.258823,2.369263,0.88956,2.578613,2.410645,0.848178,137.9611,0.765312,0.077028,108.2915,0.001289,0.975449,0.023262,51200,7063610,1561,26333,227,2106,252,2292
48200,142.12,85.387,3.148806,2.289551,0.859255,2.484741,2.325195,0.82361,170.8557,0.770566,0.25895,115.9587,0.00543,0.964043,0.030527,51200,8747811,1590,24951,234,2106,257,2292
48250,142.265,85.469,3.108472,2.225586,0.882886,2.424316,2.251953,0.856519,146.7067,0.782324,0.133162,110.6152,0.002383,0.97334,0.024277,51200,7511383,1595,23544,242,2108,264,2293
48300,142.405,85.548,3.07991,2.191284,0.888626,2.376221,2.202148,0.877762,127.7953,0.784004,0.003749,106.3013,5.9e-05,0.975098,0.024844,51200,6543121,1560,23447,256,2109,272,2293
48350,142.543,85.627,3.038985,2.137085,0.9019,2.315918,2.150024,0.888961,127.3558,0.78377,0.000245,107.4634,0.0,0.97502,0.02498,51200,6520617,1551,23061,270,2117,286,2297
48400,142.684,85.708,3.115598,2.169556,0.946042,2.353638,2.196411,0.919187,126.7275,0.77998,0.0,106.193,0.0,0.967109,0.032891,51200,6488449,1629,23453,278,2118,294,2297
48450,142.852,85.813,2.998187,2.072266,0.925921,2.267822,2.100952,0.897235,127.6951,0.792344,0.006204,107.8499,9.8e-05,0.96916,0.030742,51200,6537988,1551,23109,272,2118,293,2297
48500,142.996,85.896,3.025775,2.119141,0.906634,2.297852,2.139771,0.886005,152.6425,0.791426,0.167253,121.3124,0.003145,0.971973,0.024883,51200,7815296,1575,24117,257,2118,278,2297
48550,143.142,85.981,3.035523,2.097534,0.937989,2.266724,2.11853,0.916993,157.9018,0.780879,0.1951,125.7187,0.003789,0.972598,0.023613,51200,8084571,1511,23957,243,2119,269,2298
48600,143.285,86.063,3.112822,2.195435,0.917388,2.379272,2.221558,0.891265,141.4162,0.785723,0.101005,112.199,0.001758,0.97332,0.024922,51200,7240507,1560,24781,221,2119,247,2298
48650,143.428,86.145,3.202104,2.289551,0.912553,2.482788,2.319946,0.882158,141.3873,0.771035,0.104472,110.1379,0.001816,0.965625,0.032559,51200,7239031,1606,26247,230,2122,255,2301
48700,143.571,86.229,3.290992,2.375488,0.915504,2.578125,2.422607,0.868385,134.9229,0.788965,0.062296,106.3044,0.001035,0.964062,0.034902,51200,6908055,1570,27382,226,2125,256,2303
48750,143.716,86.312,3.363084,2.381592,0.981492,2.580566,2.433716,0.929368,147.8129,0.779941,0.140734,118.0837,0.002559,0.971953,0.025488,51200,7568022,1586,27895,221,2126,252,2305
48800,143.862,86.397,3.304221,2.354614,0.949607,2.562012,2.404175,0.900046,158.1254,0.770723,0.197822,124.9867,0.003848,0.969043,0.027109,51200,8096021,1535,27115,224,2126,246,2305
48850,144.006,86.482,3.257815,2.378052,0.879763,2.556152,2.415283,0.842532,156.5753,0.761191,0.189508,125.1367,0.003652,0.969609,0.026738,51200,8016656,1574,27142,223,2130,240,2305
48900,144.15,86.564,3.240436,2.38562,0.854816,2.578125,2.429321,0.811115,142.3021,0.744004,0.107069,112.6281,0.001875,0.971309,0.026816,51200,7285869,1556,27094,221,2130,239,2306
48950,144.293,86.643,3.267533,2.418335,0.849198,2.601196,2.449219,0.818314,127.0785,0.71834,0.0,103.2091,0.0,0.971465,0.028535,51200,6506420,1556,27307,216,2135,240,2311
49000,144.435,86.722,3.322959,2.46582,0.857139,2.629028,2.495483,0.827476,127.9239,0.717168,0.00792,102.7626,9.8e-05,0.968828,0.031074,51200,6549702,1571,28139,199,2135,225,2313
49050,144.578,86.802,3.415297,2.540039,0.875258,2.720947,2.56897,0.846327,128.259,0.725312,0.013571,101.289,0.000195,0.96293,0.036875,51200,6566862,1504,28741,187,2137,215,2316
49100,144.721,86.884,3.373163,2.5177,0.855463,2.697021,2.559692,0.813471,140.8697,0.734453,0.104495,104.1277,0.001816,0.956543,0.041641,51200,7212530,1574,28738,171,2137,201,2317
49150,144.867,86.967,3.403848,2.518433,0.885415,2.704102,2.546143,0.857705,140.8762,0.732656,0.100569,104.0435,0.001738,0.965879,0.032383,51200,7212864,1597,28380,165,2138,197,2317
49200,145.012,87.053,3.356025,2.478516,0.87751,2.654297,2.519043,0.836982,142.3368,0.723906,0.110119,105.308,0.001895,0.96457,0.033535,51200,7287644,1585,28052,160,2140,194,2319
49250,145.155,87.134,3.377059,2.532715,0.844345,2.705566,2.560059,0.817001,143.2156,0.704297,0.114525,105.7304,0.002012,0.966211,0.031777,51200,7332641,1553,28759,155,2141,187,2320
49300,145.302,87.218,3.48011,2.638306,0.841804,2.808228,2.664429,0.815681,143.697,0.703633,0.117269,104.029,0.002051,0.967051,0.030898,51200,7357286,1588,30218,155,2141,180,2320
49350,145.448,87.301,3.418775,2.547485,0.87129,2.723267,2.563843,0.854933,142.4633,0.704727,0.110182,103.8572,0.001934,0.966602,0.031465,51200,7294120,1583,29056,149,2141,174,2320
49400,145.595,87.384,3.253229,2.43335,0.819879,2.595093,2.454346,0.798883,145.4556,0.725117,0.129625,105.9606,0.002324,0.96418,0.033496,51200,7447326,1591,27195,154,2142,173,2321
49450,145.737,87.466,3.247995,2.414307,0.833689,2.576416,2.426147,0.821848,145.4265,0.729492,0.129716,107.8577,0.002324,0.963262,0.034414,51200,7445836,1625,26596,163,2143,180,2322
49500,145.88,87.549,3.255283,2.408447,0.846836,2.584106,2.428467,0.826816,152.6489,0.729844,0.17139,110.9092,0.003223,0.961172,0.035605,51200,7815624,1568,26841,163,2143,174,2322
49550,146.023,87.631,3.195418,2.359985,0.835433,2.52478,2.376831,0.818587,145.658,0.730723,0.130695,107.6896,0.002344,0.964961,0.032695,51200,7457692,1594,25713,187,2147,199,2326
49600,146.167,87.714,3.24091,2.345581,0.895329,2.514648,2.353149,0.88776,146.6998,0.746953,0.131848,108.9516,0.002383,0.975488,0.022129,51200,7511031,1602,25460,195,2148,209,2327
49650,146.316,87.801,3.305646,2.400269,0.905378,2.586182,2.432495,0.873151,162.6865,0.756191,0.217774,110.4978,0.004375,0.972441,0.023184,51200,8329550,1544,27065,207,2149,222,2328
49700,146.466,87.889,3.241824,2.358276,0.883548,2.548706,2.387207,0.854617,172.0419,0.758145,0.261682,111.0838,0.005527,0.970078,0.024395,51200,8808543,1538,25550,228,2156,239,2333
49750,146.612,87.978,3.156426,2.222168,0.934258,2.398804,2.249634,0.906793,183.3676,0.774297,0.30597,117.0518,0.006855,0.972715,0.02043,51200,9388421,1518,23545,231,2156,244,2333
49800,146.777,88.068,3.074445,2.15332,0.921124,2.333252,2.185791,0.888654,195.8442,0.766816,0.350076,123.2748,0.008457,0.97209,0.019453,51200,10027221,1570,22191,258,2156,267,2333
49850,146.926,88.159,3.04453,2.094849,0.949681,2.259766,2.114624,0.929906,199.999,0.78125,0.362585,126.5169,0.008945,0.974707,0.016348,51200,10239949,1545,22067,249,2156,258,2333
49900,147.07,88.246,2.89274,2.015625,0.877115,2.172974,2.017944,0.874796,188.4335,0.781387,0.323021,123.0831,0.0075,0.976777,0.015723,51200,9647795,1577,20651,243,2156,252,2333
49950,147.214,88.332,2.866732,1.952026,0.914705,2.129639,1.958374,0.908358,176.2984,0.79666,0.276146,121.0182,0.005996,0.978535,0.015469,51200,9026480,1643,19930,267,2163,276,2340
50000,147.362,88.418,2.852667,1.941162,0.911505,2.104736,1.952759,0.899909,179.8203,0.81625,0.290568,122.2128,0.006426,0.978184,0.015391,51200,9206800,1550,20406,258,2163,267,2340
