epoch,wall_s,sim_s,entropy_bits,comp_bits,high_order_entropy,brotli2_bits,zlib_bits,hoe_zlib,mean_steps,frac_copy_runs,frac_steps_in_loop,ops_per_run,frac_term_budget,frac_term_off_region,frac_term_unmatched,runs,steps,mutations,distinct_windows,n_persistent,A_t,n_persistent_naive,A_t_naive
0,0.021,0.0,7.997125,8.000488,-0.003364,8.000488,8.003174,-0.006049,0.0,0.0,0.0,0.0,0.0,0.0,0.0,0,0,0,58368,0,0,0,0
20,0.073,0.032,7.995832,8.000488,-0.004657,7.963135,7.955444,0.040387,565.2263,0.52207,0.819551,47.4532,0.05293,0.641797,0.305273,10240,5787917,333,57938,0,0,0,0
40,0.116,0.055,7.994476,7.887939,0.106537,7.901123,7.878418,0.116058,546.0102,0.52041,0.814967,54.1717,0.050586,0.636328,0.313086,10240,5591144,310,57363,0,0,0,0
60,0.159,0.078,7.992994,7.862793,0.130201,7.882324,7.842529,0.150464,543.0887,0.510059,0.816665,64.4413,0.050488,0.625586,0.323926,10240,5561228,348,57125,0,0,0,0
80,0.202,0.101,7.992606,7.852783,0.139823,7.862671,7.833984,0.158622,537.0165,0.516699,0.815056,64.675,0.051172,0.627637,0.321191,10240,5499049,307,57085,0,0,0,0
100,0.246,0.123,7.991413,7.814331,0.177082,7.832397,7.794678,0.196735,529.6446,0.513672,0.815189,61.3693,0.050684,0.615332,0.333984,10240,5423561,306,56831,0,0,0,0
120,0.289,0.145,7.990159,7.796143,0.194017,7.814575,7.769043,0.221116,489.642,0.503809,0.802031,63.7027,0.04668,0.613477,0.339844,10240,5013934,313,56682,0,0,0,0
140,0.333,0.169,7.988925,7.757568,0.231356,7.783691,7.731445,0.257479,530.786,0.506836,0.818089,67.1598,0.052539,0.615234,0.332227,10240,5435249,321,56494,0,0,0,0
160,0.385,0.191,7.98493,7.689941,0.294989,7.728149,7.663818,0.321112,520.8563,0.50791,0.815094,60.3094,0.050488,0.616211,0.333301,10240,5333569,289,56002,0,0,0,0
180,0.429,0.213,7.983906,7.688232,0.295674,7.72168,7.658447,0.325459,528.4555,0.505371,0.81669,61.3689,0.05166,0.621582,0.326758,10240,5411384,285,56003,0,0,0,0
200,0.472,0.236,7.983445,7.678467,0.304978,7.720215,7.643433,0.340012,542.0509,0.496484,0.820129,65.9641,0.054004,0.62959,0.316406,10240,5550601,322,55983,0,0,0,0
220,0.516,0.259,7.980586,7.643555,0.337031,7.692017,7.612915,0.367671,528.3128,0.498145,0.815971,64.276,0.052148,0.628418,0.319434,10240,5409923,298,55782,0,0,0,0
240,0.56,0.283,7.980144,7.613892,0.366252,7.670288,7.588623,0.391521,549.8406,0.495703,0.822547,62.3012,0.054492,0.632422,0.313086,10240,5630368,337,55676,0,0,0,0
260,0.607,0.309,7.977718,7.605225,0.372493,7.658569,7.563477,0.414241,556.7006,0.488184,0.825307,64.8947,0.055176,0.633008,0.311816,10240,5700614,298,55517,0,0,0,0
280,0.651,0.331,7.977028,7.591553,0.385476,7.647949,7.549316,0.427712,539.9357,0.488867,0.821061,65.3127,0.053418,0.630078,0.316504,10240,5528942,311,55448,9,9,9,9
300,0.695,0.354,7.975262,7.579224,0.396039,7.640991,7.546631,0.428631,524.9444,0.485449,0.815931,66.9652,0.051465,0.626855,0.32168,10240,5375431,321,55486,22,22,22,22
320,0.738,0.376,7.974805,7.573242,0.401563,7.646973,7.542725,0.43208,530.2713,0.490723,0.819525,70.7228,0.052734,0.625098,0.322168,10240,5429978,310,55561,29,29,29,29
340,0.782,0.399,7.974196,7.587158,0.387038,7.657715,7.544922,0.429275,553.1905,0.493457,0.827644,72.2815,0.055371,0.618945,0.325684,10240,5664671,330,55655,31,31,31,31
360,0.826,0.423,7.973305,7.592407,0.380898,7.660645,7.556763,0.416542,555.6871,0.504297,0.830324,68.793,0.055762,0.607812,0.336426,10240,5690236,333,55786,36,36,36,36
380,0.869,0.445,7.971555,7.569214,0.402342,7.653809,7.536377,0.435178,539.6599,0.491699,0.826671,65.1149,0.053906,0.604688,0.341406,10240,5526117,302,55720,39,40,39,40
400,0.913,0.469,7.967425,7.568481,0.398944,7.639526,7.527344,0.440081,534.0318,0.485938,0.8236,65.758,0.05293,0.609082,0.337988,10240,5468486,315,55690,45,48,45,48
420,0.957,0.492,7.967514,7.575928,0.391587,7.661743,7.535034,0.43248,547.9478,0.489062,0.828599,72.0523,0.055078,0.606348,0.338574,10240,5610985,301,55779,49,52,49,52
440,1.006,0.52,7.966005,7.57959,0.386415,7.660034,7.545898,0.420106,557.0595,0.505371,0.831317,81.4841,0.056055,0.607422,0.336523,10240,5704289,334,55885,49,53,49,53
460,1.049,0.542,7.963922,7.577515,0.386407,7.668091,7.535278,0.428643,529.3822,0.512695,0.823323,76.9752,0.052832,0.60791,0.339258,10240,5420874,271,55856,53,57,53,57
480,1.105,0.568,7.957919,7.564697,0.393222,7.654175,7.517212,0.440707,567.2758,0.520508,0.833305,82.0369,0.056836,0.615332,0.327832,10240,5808904,283,55762,50,58,50,58
500,1.152,0.595,7.956185,7.568237,0.387947,7.651245,7.515137,0.441048,553.5242,0.511035,0.828977,82.307,0.055469,0.620801,0.32373,10240,5668088,323,55748,54,62,54,62
520,1.209,0.621,7.95455,7.550171,0.404379,7.639771,7.505371,0.449179,550.1671,0.506348,0.828883,81.628,0.055176,0.614453,0.330371,10240,5633711,316,55763,55,64,55,64
540,1.256,0.644,7.950026,7.545532,0.404494,7.636841,7.505737,0.444289,546.28,0.493066,0.827722,66.7513,0.054395,0.615723,0.329883,10240,5593907,325,55828,55,66,55,66
560,1.306,0.671,7.945492,7.516357,0.429134,7.611206,7.480713,0.464779,540.5176,0.501367,0.824547,64.0159,0.053906,0.618359,0.327734,10240,5534900,310,55694,55,66,55,66
580,1.351,0.695,7.941577,7.510864,0.430713,7.625122,7.479492,0.462085,523.5559,0.499512,0.820037,60.4455,0.051953,0.618848,0.329199,10240,5361212,292,55725,55,66,55,66
600,1.403,0.718,7.939124,7.517212,0.421912,7.637207,7.481567,0.457557,542.7941,0.507715,0.825405,68.0742,0.054199,0.621777,0.324023,10240,5558212,355,55806,55,66,55,66
620,1.449,0.742,7.936069,7.519775,0.416293,7.63562,7.476196,0.459872,545.1403,0.520801,0.826905,67.4585,0.054102,0.617676,0.328223,10240,5582237,289,55826,53,66,53,66
640,1.494,0.766,7.932141,7.512085,0.420056,7.636719,7.469482,0.462659,549.2979,0.533887,0.828394,73.2387,0.055273,0.616602,0.328125,10240,5624811,288,55841,52,67,52,67
660,1.54,0.789,7.929639,7.505249,0.42439,7.63855,7.476807,0.452832,551.3361,0.543359,0.827626,71.94,0.055078,0.624707,0.320215,10240,5645682,318,55952,50,67,50,67
680,1.587,0.813,7.926774,7.50647,0.420304,7.632812,7.467896,0.458878,481.0362,0.553223,0.803226,54.1064,0.046484,0.625293,0.328223,10240,4925811,285,55953,48,67,48,67
700,1.63,0.835,7.918553,7.468628,0.449925,7.615112,7.439941,0.478612,488.6233,0.559473,0.806066,56.4285,0.046484,0.625684,0.327832,10240,5003503,311,55776,47,67,47,67
720,1.674,0.856,7.916891,7.469482,0.447409,7.607666,7.431763,0.485129,488.3703,0.572363,0.804896,55.4334,0.046777,0.633301,0.319922,10240,5000912,332,55794,45,68,45,68
740,1.718,0.879,7.912969,7.466919,0.44605,7.60376,7.421875,0.491094,494.8021,0.589453,0.805158,58.3889,0.047852,0.641602,0.310547,10240,5066774,308,55779,46,69,46,69
760,1.762,0.901,7.914849,7.491821,0.423028,7.626465,7.444946,0.469903,491.4369,0.590527,0.804382,58.8619,0.047266,0.640723,0.312012,10240,5032314,344,55980,46,70,46,70
780,1.806,0.923,7.913078,7.465088,0.44799,7.610474,7.426025,0.487053,490.1876,0.593359,0.803963,56.8396,0.04707,0.640234,0.312695,10240,5019521,327,55854,48,72,48,72
800,1.851,0.944,7.907371,7.460693,0.446678,7.588501,7.417969,0.489402,449.8261,0.592676,0.785715,53.6197,0.041699,0.646484,0.311816,10240,4606219,302,55812,46,72,46,72
820,1.893,0.965,7.902276,7.443115,0.45916,7.585693,7.395996,0.50628,446.809,0.596191,0.78362,52.525,0.041113,0.650488,0.308398,10240,4575324,305,55736,46,74,46,74
840,1.936,0.985,7.892086,7.439209,0.452877,7.574219,7.382812,0.509273,431.1076,0.601855,0.774956,51.4236,0.03916,0.65459,0.30625,10240,4414542,320,55721,46,74,46,74
860,1.984,1.006,7.887399,7.426514,0.460886,7.56604,7.358276,0.529123,455.3026,0.621875,0.786956,53.9524,0.041895,0.655273,0.302832,10240,4662299,295,55614,45,75,45,75
880,2.026,1.026,7.888094,7.429443,0.45865,7.583984,7.380249,0.507845,425.8315,0.637988,0.77088,52.3439,0.038477,0.663379,0.298145,10240,4360515,314,55818,45,76,45,76
900,2.068,1.046,7.883365,7.448975,0.43439,7.592896,7.380737,0.502627,413.6314,0.643848,0.763355,55.6675,0.036719,0.667969,0.295312,10240,4235586,333,55871,44,76,44,76
920,2.109,1.066,7.879883,7.448364,0.431519,7.605957,7.387817,0.492066,411.1548,0.648438,0.760262,53.9,0.036816,0.676367,0.286816,10240,4210225,317,55988,42,76,42,76
940,2.152,1.086,7.870057,7.412964,0.457093,7.562134,7.358521,0.511536,408.879,0.672168,0.75659,53.0648,0.035645,0.685742,0.278613,10240,4186921,328,55770,41,77,41,77
960,2.195,1.107,7.865104,7.422485,0.442619,7.568237,7.354126,0.510978,417.9263,0.674902,0.762026,52.2889,0.037305,0.687891,0.274805,10240,4279565,326,55795,43,79,43,79
980,2.238,1.127,7.859063,7.39502,0.464044,7.537842,7.339355,0.519708,419.0114,0.682324,0.76236,48.7155,0.037988,0.687402,0.274609,10240,4290677,341,55705,42,80,42,80
1000,2.279,1.148,7.854349,7.379272,0.475077,7.533813,7.334595,0.519755,438.7393,0.68418,0.77179,55.2492,0.040234,0.692871,0.266895,10240,4492690,304,55704,46,84,46,84
1020,2.326,1.17,7.8408,7.379028,0.461772,7.544189,7.327637,0.513163,422.5721,0.68877,0.761462,52.1067,0.038184,0.700684,0.261133,10240,4327138,286,55812,45,84,45,84
1040,2.376,1.194,7.841544,7.425293,0.416251,7.57019,7.358521,0.483024,414.929,0.688184,0.756714,52.537,0.037305,0.700098,0.262598,10240,4248873,326,56035,43,86,43,86
1060,2.428,1.224,7.830442,7.397217,0.433225,7.543335,7.333496,0.496946,424.569,0.701855,0.761137,67.7781,0.038574,0.703027,0.258398,10240,4347587,294,55913,38,86,38,86
1080,2.473,1.245,7.819093,7.393677,0.425416,7.536621,7.324463,0.49463,445.4497,0.713086,0.770461,71.7531,0.040918,0.718164,0.240918,10240,4561405,293,55917,35,86,35,86
1100,2.515,1.267,7.80337,7.365967,0.437403,7.515259,7.2948,0.50857,454.6603,0.718457,0.772304,81.5187,0.04209,0.728613,0.229297,10240,4655721,328,55746,31,86,31,86
1120,2.559,1.289,7.805881,7.350464,0.455417,7.497437,7.285767,0.520114,437.2717,0.719824,0.760265,76.3156,0.039062,0.743359,0.217578,10240,4477662,265,55663,30,88,30,88
1140,2.606,1.314,7.796092,7.342285,0.453807,7.490967,7.275024,0.521067,446.5204,0.73877,0.76317,80.7672,0.040137,0.749219,0.210645,10240,4572369,292,55674,27,88,27,88
1160,2.65,1.335,7.786906,7.333862,0.453044,7.496826,7.281006,0.5059,432.2083,0.74668,0.752905,72.0472,0.038672,0.759473,0.201855,10240,4425813,290,55794,26,88,26,88
1180,2.696,1.358,7.778532,7.337158,0.441373,7.506836,7.2854,0.493131,450.9752,0.764062,0.763677,84.2809,0.041113,0.758691,0.200195,10240,4617986,282,55912,27,89,27,89
1200,2.74,1.38,7.768513,7.335938,0.432575,7.501953,7.271851,0.496662,443.6451,0.781836,0.75826,76.1482,0.039941,0.762402,0.197656,10240,4542926,284,55904,24,91,24,91
1220,2.784,1.403,7.757634,7.332275,0.425358,7.505005,7.275757,0.481877,488.9618,0.777051,0.780213,81.1638,0.045898,0.766309,0.187793,10240,5006969,331,55987,26,94,26,94
1240,2.829,1.425,7.759721,7.346313,0.413407,7.516602,7.290649,0.469072,488.7898,0.785156,0.779784,81.5895,0.045898,0.767285,0.186816,10240,5005208,272,56100,28,96,28,96
1260,2.874,1.448,7.760423,7.366211,0.394212,7.520386,7.297363,0.463059,490.7597,0.768359,0.780441,82.5258,0.046582,0.766504,0.186914,10240,5025379,294,56095,29,98,29,98
1280,2.92,1.472,7.753255,7.349976,0.403279,7.502441,7.289917,0.463338,486.6116,0.775781,0.777099,79.0906,0.045898,0.775,0.179102,10240,4982903,301,56093,29,99,29,99
1300,2.964,1.495,7.746815,7.331055,0.41576,7.509888,7.280518,0.466297,492.3432,0.781738,0.776532,80.7085,0.046289,0.789746,0.163965,10240,5041594,311,56001,28,99,28,99
1320,3.016,1.524,7.74934,7.363892,0.385449,7.51416,7.296021,0.45332,494.9448,0.789941,0.776502,83.5528,0.046777,0.794727,0.158496,10240,5068235,317,56046,30,100,30,100
1340,3.062,1.548,7.76118,7.375122,0.386058,7.528076,7.299438,0.461741,517.115,0.787207,0.786066,90.3107,0.049316,0.795801,0.154883,10240,5295258,303,56070,31,101,31,101
1360,3.109,1.574,7.758935,7.364258,0.394677,7.538452,7.311279,0.447656,518.2154,0.785059,0.788005,93.424,0.049902,0.78623,0.163867,10240,5306526,336,56178,29,101,29,101
1380,3.157,1.598,7.756737,7.386841,0.369896,7.565552,7.329712,0.427025,507.2114,0.772949,0.784453,97.7099,0.04834,0.783301,0.168359,10240,5193845,312,56368,29,102,29,102
1400,3.203,1.622,7.755489,7.391724,0.363765,7.574585,7.337524,0.417964,504.3033,0.777051,0.782701,97.7584,0.048145,0.786035,0.16582,10240,5164066,338,56471,30,103,30,103
1420,3.249,1.646,7.754728,7.401123,0.353605,7.581787,7.342529,0.412199,513.9285,0.759863,0.788311,97.4806,0.049219,0.781152,0.169629,10240,5262628,315,56511,29,103,29,103
1440,3.297,1.671,7.754249,7.403442,0.350807,7.591553,7.346802,0.407447,527.3569,0.760059,0.793827,97.3597,0.050781,0.778418,0.170801,10240,5400135,306,56566,30,105,30,105
1460,3.345,1.696,7.749406,7.411621,0.337785,7.585693,7.343262,0.406144,557.7998,0.766992,0.80468,107.1153,0.05459,0.781641,0.16377,10240,5711870,283,56594,31,106,31,106
1480,3.394,1.721,7.734124,7.360474,0.373651,7.539551,7.296021,0.438104,531.9036,0.785156,0.794115,105.299,0.051367,0.787695,0.160938,10240,5446693,298,56300,32,106,32,106
1500,3.441,1.746,7.721755,7.359619,0.362136,7.514038,7.287964,0.433791,526.3267,0.787891,0.790083,110.0828,0.050781,0.796191,0.153027,10240,5389585,328,56264,31,108,31,108
1520,3.489,1.77,7.720488,7.340698,0.37979,7.517456,7.291138,0.429351,527.0533,0.810645,0.789673,111.3565,0.050098,0.799707,0.150195,10240,5397026,327,56245,29,109,29,109
1540,3.537,1.795,7.71487,7.348633,0.366237,7.496582,7.274048,0.440822,521.1259,0.807227,0.787923,115.0594,0.049707,0.796875,0.153418,10240,5336329,324,56173,29,110,29,110
1560,3.594,1.821,7.715391,7.361938,0.353452,7.53125,7.283447,0.431944,512.474,0.806934,0.784562,114.8019,0.049023,0.796777,0.154199,10240,5247734,298,56330,29,110,29,110
1580,3.657,1.855,7.706836,7.334595,0.372241,7.497803,7.260132,0.446704,543.2116,0.805469,0.79598,119.4363,0.052832,0.798535,0.148633,10240,5562487,300,56168,26,110,26,110
1600,3.712,1.887,7.702254,7.306396,0.395858,7.474121,7.249512,0.452743,535.3527,0.802832,0.791589,123.6189,0.05166,0.803223,0.145117,10240,5482012,318,56069,26,112,26,112
1620,3.759,1.913,7.692642,7.318604,0.374039,7.484497,7.25293,0.439713,540.2976,0.805078,0.792704,136.76,0.052148,0.807422,0.14043,10240,5532647,335,56194,25,113,25,113
1640,3.809,1.94,7.699372,7.318848,0.380524,7.483765,7.257202,0.44217,550.0398,0.813965,0.795429,130.4562,0.053418,0.810742,0.13584,10240,5632408,320,56212,27,115,27,115
1660,3.86,1.969,7.70488,7.3396,0.36528,7.500366,7.27124,0.43364,553.1737,0.807422,0.797217,135.9499,0.053906,0.808984,0.137109,10240,5664499,321,56297,28,117,28,117
1680,3.908,1.994,7.711501,7.3302,0.3813,7.496948,7.268066,0.443434,558.8734,0.803809,0.799386,138.8244,0.054395,0.804785,0.14082,10240,5722864,303,56278,28,118,28,118
1700,3.958,2.02,7.719931,7.334229,0.385702,7.503296,7.264038,0.455893,559.5797,0.81377,0.798523,132.7807,0.054395,0.812988,0.132617,10240,5730096,290,56243,31,120,31,120
1720,4.012,2.052,7.712856,7.352295,0.360561,7.489868,7.253906,0.458949,548.3856,0.800781,0.794497,135.991,0.053027,0.817383,0.12959,10240,5615469,313,56237,28,120,28,120
1740,4.06,2.078,7.700059,7.333008,0.367051,7.490234,7.245117,0.454941,570.4681,0.803613,0.801711,139.7653,0.055859,0.816309,0.127832,10240,5841593,335,56221,30,122,30,122
1760,4.112,2.107,7.693668,7.320557,0.373111,7.492188,7.249878,0.44379,597.2052,0.798828,0.811308,146.3571,0.05918,0.811035,0.129785,10240,6115381,307,56325,31,123,31,123
1780,4.16,2.134,7.693557,7.334229,0.359328,7.494385,7.259766,0.433791,595.9457,0.807812,0.810305,145.7749,0.058984,0.812598,0.128418,10240,6102484,313,56421,30,124,30,124
1800,4.224,2.174,7.697621,7.355957,0.341664,7.513672,7.274414,0.423207,591.0281,0.800684,0.809263,145.8135,0.058008,0.80752,0.134473,10240,6052128,322,56497,32,125,32,125
1820,4.274,2.202,7.69641,7.353027,0.343383,7.530518,7.271729,0.424682,600.8468,0.793555,0.814041,147.8859,0.059277,0.806152,0.13457,10240,6152671,304,56516,32,126,32,126
1840,4.325,2.231,7.692994,7.335938,0.357057,7.49646,7.25,0.442994,589.4142,0.792285,0.811937,149.3188,0.058496,0.796387,0.145117,10240,6035601,283,56408,33,128,33,128
1860,4.374,2.258,7.681404,7.311768,0.369637,7.47998,7.231812,0.449593,593.1989,0.801074,0.813178,152.1359,0.059082,0.795605,0.145312,10240,6074357,303,56330,33,129,33,129
1880,4.429,2.286,7.684098,7.311035,0.373063,7.500366,7.246582,0.437516,595.7532,0.795898,0.813409,159.6794,0.058789,0.800684,0.140527,10240,6100513,323,56409,33,130,33,130
1900,4.484,2.318,7.677994,7.334961,0.343034,7.494141,7.248901,0.429093,598.6775,0.791113,0.813378,167.4283,0.059375,0.80332,0.137305,10240,6130458,320,56429,32,130,32,130
1920,4.534,2.346,7.680001,7.335083,0.344918,7.505371,7.251343,0.428658,606.3002,0.800488,0.815138,170.1825,0.060547,0.807031,0.132422,10240,6208514,355,56440,31,130,31,130
1940,4.588,2.376,7.669864,7.314941,0.354922,7.494263,7.245605,0.424258,589.0778,0.800684,0.809127,162.4378,0.058398,0.815039,0.126562,10240,6032157,287,56507,30,132,30,132
1960,4.641,2.406,7.668032,7.324463,0.343569,7.498779,7.249023,0.419009,590.1539,0.806152,0.809542,171.5742,0.058594,0.812012,0.129395,10240,6043176,335,56547,32,135,32,135
1980,4.69,2.433,7.667299,7.32605,0.341249,7.509766,7.25354,0.413759,569.7602,0.795898,0.803468,162.6295,0.056055,0.812109,0.131836,10240,5834344,338,56642,31,135,31,135
2000,4.74,2.46,7.660407,7.32959,0.330818,7.498535,7.248779,0.411628,580.8815,0.790039,0.807634,158.1512,0.057422,0.80918,0.133398,10240,5948227,288,56629,33,136,33,136
2020,4.791,2.487,7.652756,7.315918,0.336838,7.474365,7.242798,0.409958,574.843,0.793848,0.805905,155.1092,0.056641,0.807129,0.13623,10240,5886392,310,56574,32,136,32,136
2040,4.841,2.513,7.65225,7.308472,0.343778,7.494263,7.255249,0.397001,545.9605,0.799609,0.794543,144.8931,0.053223,0.814648,0.132129,10240,5590636,311,56670,31,136,31,136
2060,4.891,2.539,7.655174,7.341553,0.313621,7.516113,7.276855,0.378319,551.4007,0.801367,0.797198,152.6027,0.053809,0.811035,0.135156,10240,5646343,321,56784,31,136,31,136
2080,4.94,2.565,7.647508,7.354858,0.29265,7.512695,7.273926,0.373582,547.9705,0.801465,0.796473,152.6876,0.053027,0.810645,0.136328,10240,5611218,318,56821,31,138,31,138
2100,4.989,2.591,7.652062,7.332764,0.319298,7.509888,7.277344,0.374718,533.1671,0.797949,0.789977,155.2611,0.050684,0.815234,0.134082,10240,5459631,325,56803,36,140,36,140
2120,5.036,2.616,7.648827,7.336182,0.312646,7.528442,7.280273,0.368554,502.668,0.804883,0.776733,147.0176,0.047266,0.819629,0.133105,10240,5147320,318,56891,36,140,36,140
2140,5.084,2.642,7.650417,7.344727,0.30569,7.518555,7.277832,0.372585,519.7609,0.813867,0.783796,156.7393,0.049316,0.816895,0.133789,10240,5322352,323,56821,37,141,37,141
2160,5.134,2.668,7.644463,7.345947,0.298516,7.520264,7.28833,0.356133,524.0413,0.808203,0.785903,157.5779,0.050586,0.81416,0.135254,10240,5366183,302,56966,37,142,37,142
2180,5.182,2.695,7.64853,7.366821,0.281708,7.532104,7.300903,0.347626,535.6649,0.80918,0.791106,169.6581,0.051953,0.813184,0.134863,10240,5485209,329,57017,36,144,36,144
2200,5.231,2.721,7.649661,7.390381,0.259281,7.552246,7.317261,0.332401,526.7119,0.814355,0.78868,166.6546,0.050977,0.805176,0.143848,10240,5393530,315,57101,37,145,37,145
2220,5.279,2.747,7.641459,7.392212,0.249247,7.544556,7.30603,0.335429,546.7451,0.818359,0.797245,169.2263,0.053418,0.800977,0.145605,10240,5598670,326,57098,37,145,37,145
2240,5.329,2.775,7.639409,7.38208,0.257329,7.542969,7.317749,0.32166,538.4866,0.832031,0.793647,158.5665,0.052246,0.803516,0.144238,10240,5514103,276,57175,35,145,35,145
2260,5.383,2.805,7.641752,7.387817,0.253935,7.543213,7.317139,0.324614,539.5909,0.829297,0.793257,156.9012,0.052246,0.807129,0.140625,10240,5525411,326,57106,35,146,35,146
2280,5.435,2.834,7.638097,7.396118,0.241979,7.543701,7.318726,0.319371,530.3999,0.827637,0.789878,156.7614,0.05127,0.807617,0.141113,10240,5431295,328,57153,33,146,33,146
2300,5.485,2.861,7.641302,7.391357,0.249945,7.543213,7.312866,0.328436,547.1668,0.839355,0.796038,159.8133,0.05332,0.810156,0.136523,10240,5602988,305,57046,32,146,32,146
2320,5.535,2.887,7.642302,7.395874,0.246428,7.536255,7.312866,0.329436,532.2269,0.852832,0.78728,158.2312,0.05127,0.823633,0.125098,10240,5450003,299,57052,30,146,30,146
2340,5.585,2.913,7.65291,7.407104,0.245805,7.549805,7.325806,0.327104,524.9632,0.855273,0.784042,157.284,0.050195,0.828711,0.121094,10240,5375623,281,57097,29,146,29,146
2360,5.634,2.94,7.661281,7.420654,0.240627,7.55542,7.344604,0.316676,518.602,0.854199,0.78216,156.0354,0.049707,0.824707,0.125586,10240,5310484,337,57144,28,146,28,146
2380,5.683,2.966,7.665474,7.451416,0.214058,7.567871,7.350342,0.315132,530.5199,0.852051,0.78612,155.9271,0.050977,0.82998,0.119043,10240,5432524,311,57152,28,146,28,146
2400,5.733,2.993,7.66188,7.415527,0.246353,7.559937,7.330322,0.331558,553.9936,0.847949,0.794634,167.2812,0.053711,0.830957,0.115332,10240,5672894,301,57025,28,147,28,147
2420,5.783,3.019,7.661148,7.43042,0.230728,7.552856,7.338379,0.322769,543.7101,0.850977,0.791178,174.8237,0.052734,0.832324,0.114941,10240,5567591,310,57107,28,147,28,147
2440,5.833,3.046,7.660181,7.418701,0.24148,7.560547,7.340576,0.319605,546.6099,0.86543,0.791498,174.9132,0.052539,0.83418,0.113281,10240,5597285,308,57109,28,147,28,147
2460,5.881,3.072,7.663354,7.420898,0.242456,7.549683,7.336426,0.326929,523.6176,0.865137,0.781629,171.9821,0.048828,0.838281,0.112891,10240,5361844,291,57011,26,147,26,147
2480,5.93,3.099,7.660593,7.434082,0.226511,7.554932,7.334961,0.325632,524.8555,0.860254,0.781734,169.8189,0.049023,0.843262,0.107715,10240,5374520,298,57041,27,149,27,149
2500,5.981,3.124,7.652342,7.393555,0.258787,7.530396,7.319092,0.33325,514.3354,0.859961,0.775587,171.3227,0.047754,0.851367,0.100879,10240,5266795,330,56905,25,149,25,149
2520,6.031,3.15,7.650218,7.397461,0.252757,7.525635,7.317261,0.332958,488.0352,0.86416,0.762923,167.225,0.045215,0.854785,0.1,10240,4997480,278,56851,25,150,25,150
2540,6.078,3.175,7.644817,7.414307,0.23051,7.515503,7.317261,0.327556,477.5629,0.866309,0.75828,163.7836,0.044141,0.855078,0.100781,10240,4890244,314,56895,22,150,22,150
2560,6.127,3.202,7.643666,7.412842,0.230825,7.538574,7.321899,0.321767,510.2188,0.86875,0.772431,169.4911,0.048242,0.858496,0.093262,10240,5224640,310,56988,25,153,25,153
2580,6.175,3.228,7.634201,7.384033,0.250168,7.515381,7.304688,0.329513,517.6249,0.875879,0.774528,173.0185,0.048926,0.863672,0.087402,10240,5300479,306,56892,26,153,26,153
2600,6.224,3.254,7.631965,7.369385,0.262581,7.502075,7.294189,0.337776,521.1477,0.886328,0.774406,176.4157,0.049219,0.871484,0.079297,10240,5336552,325,56751,27,154,27,154
2620,6.271,3.28,7.639294,7.389282,0.250012,7.516235,7.308228,0.331066,500.0121,0.888281,0.76382,167.6318,0.04668,0.878223,0.075098,10240,5120124,305,56814,27,154,27,154
2640,6.32,3.306,7.628213,7.373779,0.254434,7.497559,7.299194,0.329019,513.0507,0.894629,0.769703,172.7475,0.048242,0.875977,0.075781,10240,5253639,317,56850,26,156,26,156
2660,6.37,3.332,7.628775,7.36377,0.265006,7.508423,7.299438,0.329337,492.4424,0.89502,0.759289,169.6409,0.045605,0.881348,0.073047,10240,5042610,317,56906,28,157,28,157
2680,6.418,3.358,7.641138,7.385254,0.255884,7.524902,7.311646,0.329493,495.7977,0.885547,0.761606,168.8337,0.045996,0.879297,0.074707,10240,5076968,317,56948,27,157,27,157
2700,6.465,3.384,7.635549,7.388062,0.247488,7.528442,7.314453,0.321096,508.82,0.888379,0.767224,182.2956,0.047754,0.877148,0.075098,10240,5210317,301,56992,27,157,27,157
2720,6.514,3.41,7.647573,7.385376,0.262198,7.5448,7.317017,0.330557,532.1136,0.892676,0.777138,186.4104,0.050586,0.877441,0.071973,10240,5448843,302,56975,28,158,28,158
2740,6.564,3.437,7.642758,7.411255,0.231503,7.546753,7.327148,0.31561,552.9459,0.891211,0.786411,190.8884,0.053125,0.87207,0.074805,10240,5662166,326,57043,25,158,25,158
2760,6.617,3.466,7.643708,7.392822,0.250886,7.552856,7.32312,0.320588,529.6957,0.900684,0.776051,189.5818,0.050098,0.879395,0.070508,10240,5424084,327,57053,27,159,27,159
2780,6.666,3.492,7.639844,7.39856,0.241285,7.549561,7.332275,0.307569,532.5999,0.900293,0.776808,190.906,0.050488,0.88457,0.064941,10240,5453823,303,57088,28,160,28,160
2800,6.715,3.519,7.6224,7.379639,0.242762,7.521118,7.311157,0.311243,533.4159,0.903516,0.777503,190.189,0.050684,0.883301,0.066016,10240,5462179,308,57041,26,160,26,160
2820,6.764,3.545,7.623133,7.385498,0.237635,7.528564,7.314575,0.308558,506.7775,0.898047,0.7654,174.2093,0.047461,0.884668,0.067871,10240,5189402,360,57123,26,160,26,160
2840,6.814,3.571,7.612028,7.388184,0.223844,7.508057,7.307373,0.304655,492.8432,0.892285,0.759385,172.5537,0.045801,0.887109,0.06709,10240,5046714,315,57116,28,162,28,162
2860,6.864,3.597,7.610219,7.386719,0.2235,7.514771,7.309326,0.300893,507.803,0.894824,0.765775,177.7391,0.047656,0.886328,0.066016,10240,5199903,306,57126,28,164,28,164
2880,6.913,3.624,7.605304,7.380493,0.224811,7.519043,7.311157,0.294147,506.4544,0.887891,0.766311,175.6603,0.047461,0.880566,0.071973,10240,5186093,308,57216,26,164,26,164
2900,6.964,3.65,7.605985,7.385132,0.220853,7.528198,7.318237,0.287748,516.6408,0.887695,0.772489,180.1769,0.048828,0.870312,0.080859,10240,5290402,324,57232,27,164,27,164
2920,7.018,3.681,7.613156,7.417236,0.19592,7.54187,7.328979,0.284177,509.3205,0.887012,0.770266,176.5832,0.048047,0.862012,0.089941,10240,5215442,331,57303,28,164,28,164
2940,7.066,3.707,7.617615,7.414429,0.203186,7.552368,7.338257,0.279358,499.722,0.877148,0.767224,167.2442,0.046777,0.856641,0.096582,10240,5117153,300,57297,28,165,28,165
2960,7.114,3.732,7.614844,7.389282,0.225562,7.533569,7.329346,0.285498,479.6663,0.88125,0.756996,154.0545,0.044434,0.859961,0.095605,10240,4911783,305,57224,25,165,25,165
2980,7.163,3.758,7.612097,7.37561,0.236486,7.518311,7.300415,0.311682,472.6967,0.888965,0.752157,148.12,0.043359,0.865332,0.091309,10240,4840414,286,57059,24,167,24,167
3000,7.213,3.784,7.613805,7.395386,0.218419,7.520142,7.313232,0.300572,500.536,0.894043,0.765905,156.2183,0.046973,0.866211,0.086816,10240,5125489,314,57106,23,167,23,167
3020,7.262,3.81,7.611878,7.405884,0.205994,7.519775,7.317383,0.294495,505.0714,0.891113,0.769375,153.8941,0.047461,0.860645,0.091895,10240,5171931,347,57146,23,167,23,167
3040,7.309,3.836,7.613029,7.382324,0.230705,7.507446,7.308105,0.304923,515.5372,0.895215,0.773575,157.7793,0.048828,0.861523,0.089648,10240,5279101,288,57108,23,167,23,167
3060,7.357,3.861,7.622597,7.401367,0.22123,7.537109,7.325317,0.29728,492.015,0.901172,0.762481,149.3363,0.045898,0.867285,0.086816,10240,5038234,326,57127,25,169,25,169
3080,7.405,3.888,7.625483,7.397095,0.228388,7.534912,7.325684,0.299799,505.4959,0.899121,0.769511,153.3335,0.047559,0.864941,0.0875,10240,5176278,305,57172,25,169,25,169
3100,7.455,3.916,7.625658,7.411743,0.213915,7.538696,7.321655,0.304003,518.1542,0.894043,0.776331,168.5206,0.049316,0.857031,0.093652,10240,5305899,333,57113,24,169,24,169
3120,7.506,3.942,7.624909,7.407104,0.217805,7.54126,7.323975,0.300935,513.1602,0.897266,0.773102,167.0647,0.048633,0.862207,0.08916,10240,5254760,315,57083,24,170,24,170
3140,7.554,3.968,7.63072,7.417603,0.213117,7.541626,7.338135,0.292585,515.3367,0.899805,0.774279,167.5442,0.048828,0.860645,0.090527,10240,5277048,286,57112,24,170,24,170
3160,7.61,4.0,7.626161,7.399414,0.226747,7.549072,7.339233,0.286927,495.7544,0.899414,0.766095,164.9043,0.046484,0.856836,0.09668,10240,5076525,313,57183,24,170,24,170
3180,7.659,4.026,7.618115,7.423584,0.194531,7.55127,7.338867,0.279248,494.5124,0.901172,0.765176,167.1835,0.046387,0.85752,0.096094,10240,5063807,317,57214,24,170,24,170
3200,7.709,4.051,7.614986,7.408936,0.20605,7.550415,7.342773,0.272212,484.2021,0.901465,0.761795,162.7589,0.044922,0.849023,0.106055,10240,4958229,285,57250,23,170,23,170
3220,7.757,4.076,7.613363,7.40686,0.206502,7.537842,7.343262,0.270101,468.0935,0.90127,0.754341,156.4493,0.043164,0.845898,0.110938,10240,4793277,293,57256,24,171,24,171
3240,7.805,4.101,7.607839,7.422241,0.185597,7.550659,7.351929,0.25591,451.5045,0.899805,0.746886,152.9802,0.041211,0.83877,0.12002,10240,4623406,312,57307,28,173,28,173
3260,7.85,4.125,7.609062,7.407349,0.201714,7.544678,7.349243,0.259819,442.331,0.896582,0.741609,147.9402,0.040137,0.836621,0.123242,10240,4529469,301,57316,28,173,28,173
3280,7.899,4.149,7.617562,7.409912,0.20765,7.547974,7.338257,0.279306,440.5556,0.892773,0.73973,151.8547,0.039746,0.839453,0.120801,10240,4511289,296,57183,29,173,29,173
3300,7.944,4.172,7.629309,7.401978,0.227332,7.567383,7.351196,0.278113,428.8951,0.890527,0.730882,141.8528,0.038281,0.848926,0.112793,10240,4391886,327,57229,30,174,30,174
3320,7.996,4.196,7.614053,7.397095,0.216959,7.547241,7.336426,0.277628,449.8766,0.882812,0.744471,148.2016,0.041016,0.848633,0.110352,10240,4606736,312,57231,29,174,29,174
3340,8.042,4.22,7.604689,7.403442,0.201247,7.531982,7.338013,0.266677,460.4595,0.889551,0.74991,145.3296,0.042188,0.85,0.107812,10240,4715105,335,57233,28,174,28,174
3360,8.088,4.244,7.604431,7.401733,0.202698,7.530518,7.342896,0.261536,431.8166,0.888672,0.732645,139.7407,0.038672,0.854199,0.107129,10240,4421802,311,57291,26,174,26,174
3380,8.136,4.268,7.605829,7.411621,0.194208,7.537231,7.347778,0.25805,439.5393,0.894434,0.73752,142.3847,0.039746,0.851562,0.108691,10240,4500882,316,57315,25,174,25,174
3400,8.182,4.291,7.608977,7.389282,0.219694,7.515625,7.315674,0.293303,431.8124,0.889453,0.733119,144.3939,0.038574,0.847363,0.114062,10240,4421759,360,57137,25,174,25,174
3420,8.229,4.316,7.611206,7.386841,0.224365,7.527466,7.332275,0.278931,431.759,0.879297,0.733139,133.899,0.038477,0.853711,0.107812,10240,4421212,297,57216,26,175,26,175
3440,8.277,4.34,7.603187,7.392822,0.210365,7.530273,7.32666,0.276527,448.8927,0.87002,0.744405,139.9126,0.040625,0.846191,0.113184,10240,4596661,308,57215,27,176,27,176
3460,8.325,4.365,7.595494,7.390015,0.205479,7.516968,7.314941,0.280552,452.4997,0.873535,0.746099,142.3952,0.041016,0.844531,0.114453,10240,4633597,326,57169,25,176,25,176
3480,8.373,4.39,7.601251,7.390137,0.211114,7.517212,7.306152,0.295099,486.0021,0.86875,0.765474,157.0768,0.045117,0.835449,0.119434,10240,4976661,324,57064,25,176,25,176
3500,8.423,4.416,7.594011,7.347168,0.246843,7.485352,7.296631,0.29738,491.2144,0.861523,0.76926,156.0229,0.045898,0.827637,0.126465,10240,5030035,312,56951,21,176,21,176
3520,8.472,4.441,7.586782,7.356567,0.230215,7.474487,7.290771,0.296011,482.3019,0.862598,0.763473,141.7273,0.044531,0.834961,0.120508,10240,4938771,301,56915,19,176,19,176
3540,8.52,4.467,7.59399,7.358398,0.235592,7.484497,7.292969,0.301022,462.3201,0.860645,0.754419,122.5145,0.04248,0.825488,0.132031,10240,4734158,313,56913,24,178,24,178
3560,8.571,4.491,7.603614,7.375366,0.228248,7.490845,7.300903,0.302711,459.6268,0.858496,0.753761,116.1307,0.04209,0.821094,0.136816,10240,4706578,335,56916,24,178,24,178
3580,8.62,4.517,7.604058,7.344238,0.259819,7.478638,7.286377,0.317681,465.8424,0.858594,0.755675,121.7434,0.042578,0.828809,0.128613,10240,4770226,330,56801,24,178,24,178
3600,8.669,4.543,7.590747,7.300659,0.290088,7.433228,7.252319,0.338428,502.6303,0.849902,0.773968,132.3949,0.04707,0.82666,0.12627,10240,5146934,308,56649,24,178,24,178
3620,8.716,4.569,7.589992,7.325073,0.264919,7.454956,7.265503,0.32449,504.3348,0.84043,0.774969,140.1494,0.047461,0.824805,0.127734,10240,5164388,328,56748,25,178,25,178
3640,8.772,4.597,7.593302,7.326294,0.267008,7.449341,7.268311,0.324992,523.7367,0.851465,0.782712,147.2146,0.049902,0.826074,0.124023,10240,5363064,321,56712,23,178,23,178
3660,8.823,4.625,7.593239,7.292847,0.300392,7.442383,7.239014,0.354225,524.9679,0.844531,0.783367,136.488,0.050098,0.824121,0.125781,10240,5375671,317,56478,26,180,26,180
3680,8.871,4.651,7.58906,7.283203,0.305857,7.428955,7.228027,0.361033,521.8688,0.841895,0.782956,140.1778,0.049805,0.82334,0.126855,10240,5343937,318,56456,25,180,25,180
3700,8.92,4.677,7.59341,7.283813,0.309596,7.427979,7.223389,0.370021,514.2616,0.840332,0.77943,128.4128,0.048828,0.82666,0.124512,10240,5266039,309,56372,26,180,26,180
3720,8.968,4.703,7.576163,7.278076,0.298087,7.411377,7.217896,0.358267,516.323,0.831055,0.78091,133.2337,0.049121,0.830566,0.120312,10240,5287148,307,56458,26,180,26,180
3740,9.017,4.73,7.578255,7.290771,0.287483,7.420288,7.229736,0.348519,505.5086,0.821875,0.776949,133.7716,0.047949,0.825586,0.126465,10240,5176408,317,56601,25,182,25,182
3760,9.065,4.756,7.584474,7.30127,0.283205,7.417603,7.239746,0.344728,533.3243,0.821777,0.79005,147.7386,0.051562,0.818457,0.12998,10240,5461241,341,56557,27,182,27,182
3780,9.115,4.783,7.583914,7.312256,0.271658,7.441528,7.247803,0.336111,537.7332,0.828711,0.790874,148.0169,0.052051,0.821289,0.12666,10240,5506388,287,56698,29,183,29,183
3800,9.163,4.81,7.582506,7.2948,0.287706,7.430542,7.235718,0.346788,535.6892,0.834668,0.789643,148.2274,0.05166,0.824902,0.123438,10240,5485457,312,56595,31,184,31,184
3820,9.213,4.839,7.588581,7.305542,0.283039,7.454834,7.250366,0.338214,536.9787,0.833887,0.789038,156.1801,0.051758,0.831055,0.117188,10240,5498662,333,56720,30,185,30,185
3840,9.261,4.864,7.582386,7.314697,0.267688,7.437256,7.244995,0.337391,516.0814,0.837109,0.779387,145.781,0.048926,0.834375,0.116699,10240,5284674,321,56658,29,186,29,186
3860,9.311,4.891,7.587717,7.30957,0.278147,7.429688,7.233398,0.354319,536.7935,0.839453,0.787555,156.2768,0.05166,0.837793,0.110547,10240,5496765,334,56507,30,186,30,186
3880,9.361,4.918,7.588096,7.28833,0.299766,7.436523,7.243164,0.344932,541.4526,0.844238,0.788613,155.7826,0.051953,0.838672,0.109375,10240,5544475,324,56547,27,186,27,186
3900,9.411,4.947,7.589875,7.295166,0.294709,7.434082,7.233521,0.356355,535.0106,0.83291,0.786018,155.8216,0.051465,0.839355,0.10918,10240,5478509,321,56494,29,186,29,186
3920,9.46,4.974,7.58488,7.302246,0.282634,7.418335,7.244873,0.340007,547.8073,0.824707,0.793893,159.5801,0.053125,0.821777,0.125098,10240,5609547,317,56521,30,187,30,187
3940,9.509,5.001,7.581052,7.273315,0.307737,7.397583,7.217041,0.364011,553.5423,0.823242,0.797014,163.8438,0.053613,0.812793,0.133594,10240,5668273,305,56358,29,187,29,187
3960,9.559,5.029,7.588387,7.286865,0.301522,7.414429,7.230591,0.357796,555.3277,0.818066,0.797893,166.6335,0.054102,0.813867,0.132031,10240,5686556,307,56460,30,187,30,187
3980,9.61,5.058,7.588195,7.308594,0.279601,7.428833,7.237793,0.350402,547.3184,0.823242,0.794467,171.5502,0.05293,0.812891,0.13418,10240,5604540,274,56550,28,187,28,187
4000,9.662,5.086,7.580618,7.289795,0.290824,7.420898,7.222778,0.35784,575.1309,0.831152,0.803789,173.6748,0.056348,0.816016,0.127637,10240,5889340,297,56509,27,188,27,188
4020,9.712,5.113,7.590141,7.296631,0.29351,7.443237,7.233276,0.356864,543.3393,0.83125,0.792475,167.3877,0.052637,0.818164,0.129199,10240,5563794,317,56520,27,188,27,188
4040,9.762,5.141,7.595125,7.296753,0.298372,7.445923,7.232544,0.362581,549.07,0.826172,0.795692,167.6759,0.053516,0.810254,0.13623,10240,5622477,298,56576,28,188,28,188
4060,9.812,5.168,7.604313,7.309814,0.294499,7.449951,7.231201,0.373112,554.7879,0.828027,0.798755,165.6867,0.054199,0.80625,0.139551,10240,5681028,320,56524,29,188,29,188
4080,9.862,5.195,7.605655,7.32019,0.285465,7.44751,7.234985,0.37067,565.0643,0.82373,0.803218,182.7961,0.055566,0.802441,0.141992,10240,5786258,302,56597,29,188,29,188
4100,9.912,5.224,7.613968,7.324707,0.289261,7.467529,7.255005,0.358963,580.5482,0.83877,0.808459,183.3933,0.05752,0.80127,0.141211,10240,5944814,330,56689,27,188,27,188
4120,9.963,5.252,7.604445,7.311401,0.293043,7.454712,7.258911,0.345534,585.9498,0.832715,0.810073,179.0706,0.058105,0.798535,0.143359,10240,6000126,321,56687,28,191,28,191
4140,10.023,5.289,7.604986,7.310669,0.294317,7.445435,7.247803,0.357184,548.9179,0.828906,0.797787,165.0339,0.053516,0.802832,0.143652,10240,5620919,316,56638,29,192,29,192
4160,10.071,5.315,7.602694,7.318481,0.284213,7.439087,7.252197,0.350497,535.3331,0.833301,0.792543,159.217,0.051953,0.803809,0.144238,10240,5481811,267,56644,27,192,27,192
4180,10.123,5.342,7.607141,7.312256,0.294885,7.448608,7.259399,0.347742,549.2089,0.816797,0.800039,162.8739,0.053809,0.790234,0.155957,10240,5623899,300,56622,27,192,27,192
4200,10.172,5.369,7.613684,7.340088,0.273596,7.456665,7.26001,0.353674,559.9531,0.808301,0.80549,164.3453,0.055273,0.781543,0.163184,10240,5733920,320,56631,29,195,29,195
4220,10.224,5.399,7.61286,7.343262,0.269599,7.444824,7.262085,0.350775,583.3811,0.810645,0.813426,172.308,0.058008,0.778906,0.163086,10240,5973822,289,56650,27,195,27,195
4240,10.273,5.426,7.608802,7.304565,0.304237,7.444458,7.254883,0.353919,570.1517,0.812695,0.808507,166.198,0.056445,0.783691,0.159863,10240,5838353,334,56671,28,196,28,196
4260,10.333,5.465,7.613405,7.319336,0.294069,7.46582,7.257202,0.356203,585.8329,0.811523,0.814703,168.633,0.058008,0.779492,0.1625,10240,5998929,306,56745,27,196,27,196
4280,10.384,5.493,7.603806,7.332764,0.271042,7.469849,7.263672,0.340134,599.0361,0.807227,0.81935,174.034,0.060059,0.772363,0.167578,10240,6134130,337,56802,28,196,28,196
4300,10.434,5.521,7.601337,7.338135,0.263202,7.459106,7.257812,0.343524,583.2832,0.810254,0.815881,176.3939,0.058203,0.762207,0.17959,10240,5972820,316,56743,29,196,29,196
4320,10.489,5.55,7.594749,7.318115,0.276634,7.431641,7.23938,0.35537,595.0159,0.801465,0.819137,186.4498,0.05957,0.76377,0.17666,10240,6092963,313,56581,31,197,31,197
4340,10.541,5.579,7.583741,7.304688,0.279054,7.428467,7.232422,0.351319,607.8836,0.798047,0.823059,196.3632,0.061133,0.768066,0.170801,10240,6224728,289,56584,32,198,32,198
4360,10.609,5.611,7.583325,7.318359,0.264966,7.42334,7.224731,0.358593,601.7027,0.806055,0.821916,199.2704,0.060449,0.760156,0.179395,10240,6161436,303,56619,31,198,31,198
4380,10.662,5.64,7.591784,7.301514,0.290271,7.430176,7.216309,0.375476,616.2511,0.795703,0.825358,204.7989,0.062012,0.769141,0.168848,10240,6310411,324,56513,30,198,30,198
4400,10.714,5.67,7.587774,7.276611,0.311163,7.405273,7.191772,0.396002,608.2988,0.795801,0.822784,195.4096,0.061035,0.764844,0.174121,10240,6228980,345,56359,32,198,32,198
4420,10.764,5.698,7.59561,7.272339,0.323271,7.407593,7.204956,0.390654,582.1013,0.800391,0.81527,180.0632,0.058008,0.760547,0.181445,10240,5960717,320,56360,32,198,32,198
4440,10.817,5.729,7.593905,7.251709,0.342196,7.38208,7.184082,0.409823,598.8374,0.79873,0.819307,186.0293,0.059961,0.768555,0.171484,10240,6132095,309,56160,32,198,32,198
4460,10.868,5.757,7.584354,7.249756,0.334598,7.382568,7.178955,0.405398,597.7325,0.808984,0.819317,191.3659,0.059863,0.763184,0.176953,10240,6120781,323,56229,32,199,32,199
4480,10.92,5.787,7.567245,7.242188,0.325058,7.380005,7.185303,0.381943,622.7703,0.814062,0.827994,211.9245,0.062988,0.750586,0.186426,10240,6377168,307,56438,32,199,32,199
4500,10.973,5.818,7.573162,7.242798,0.330364,7.38208,7.185059,0.388104,605.671,0.811914,0.822611,203.1201,0.061035,0.762402,0.176562,10240,6202071,321,56406,29,199,29,199
4520,11.03,5.851,7.569736,7.253174,0.316562,7.383057,7.182007,0.387729,586.3813,0.820312,0.815248,204.6947,0.058594,0.772461,0.168945,10240,6004545,321,56505,29,199,29,199
4540,11.082,5.88,7.568686,7.268677,0.300009,7.38916,7.187622,0.381063,587.1487,0.8125,0.815863,208.8695,0.058594,0.768262,0.173145,10240,6012403,313,56581,27,199,27,199
4560,11.133,5.908,7.579978,7.289673,0.290305,7.419434,7.204102,0.375876,594.7858,0.816992,0.817352,210.5578,0.059473,0.77627,0.164258,10240,6090607,319,56682,28,201,28,201
4580,11.184,5.936,7.57563,7.290771,0.284858,7.420044,7.213013,0.362617,594.3276,0.815625,0.817355,211.7396,0.059473,0.772266,0.168262,10240,6085915,298,56759,27,201,27,201
4600,11.236,5.966,7.581826,7.272949,0.308877,7.42041,7.215332,0.366494,602.077,0.798047,0.821761,219.0564,0.060449,0.761133,0.178418,10240,6165268,315,56758,26,201,26,201
4620,11.289,5.996,7.5902,7.291382,0.298818,7.432983,7.223877,0.366323,582.3337,0.791211,0.815854,219.5351,0.058008,0.762207,0.179785,10240,5963097,310,56767,26,201,26,201
4640,11.34,6.025,7.592536,7.292725,0.299811,7.425781,7.218506,0.37403,593.1036,0.798535,0.819057,228.4025,0.059375,0.758887,0.181738,10240,6073381,336,56752,26,201,26,201
4660,11.391,6.053,7.586807,7.296387,0.290421,7.426025,7.220337,0.36647,591.6262,0.799316,0.818875,228.7737,0.059277,0.758691,0.182031,10240,6058252,324,56767,30,202,30,202
4680,11.442,6.082,7.588388,7.289795,0.298593,7.432495,7.219727,0.368662,599.947,0.787793,0.822493,226.6077,0.060352,0.752246,0.187402,10240,6143457,296,56782,31,202,31,202
4700,11.493,6.111,7.586889,7.300903,0.285985,7.441528,7.2323,0.354589,605.1437,0.783203,0.824176,225.7851,0.061035,0.750488,0.188477,10240,6196672,313,56891,28,202,28,202
4720,11.546,6.141,7.59547,7.303833,0.291637,7.45105,7.235596,0.359875,618.6308,0.79248,0.827761,249.2774,0.062695,0.752637,0.184668,10240,6334779,317,56830,28,203,28,203
4740,11.601,6.173,7.597146,7.321167,0.275979,7.454834,7.23938,0.357766,620.9807,0.785938,0.828347,255.2974,0.063086,0.751367,0.185547,10240,6358842,304,56845,28,203,28,203
4760,11.653,6.202,7.601917,7.312866,0.28905,7.463013,7.245239,0.356677,618.9682,0.783789,0.828057,247.9542,0.062402,0.752246,0.185352,10240,6338234,313,56856,29,204,29,204
4780,11.706,6.232,7.600893,7.322266,0.278627,7.471924,7.244141,0.356752,644.3963,0.781055,0.834796,257.2662,0.065918,0.748535,0.185547,10240,6598618,337,56868,28,204,28,204
4800,11.759,6.263,7.608541,7.323364,0.285177,7.483887,7.257324,0.351217,625.1989,0.782812,0.831509,247.7176,0.063574,0.741211,0.195215,10240,6402037,318,56933,27,205,27,205
4820,11.813,6.293,7.599458,7.329834,0.269624,7.464478,7.251343,0.348116,631.0566,0.773926,0.833397,253.5457,0.063965,0.739648,0.196387,10240,6462020,326,56888,28,205,28,205
4840,11.866,6.323,7.595737,7.30249,0.293247,7.470581,7.24292,0.352817,644.962,0.778125,0.83364,259.8294,0.065723,0.758984,0.175293,10240,6604411,339,56873,23,205,23,205
4860,11.918,6.353,7.588409,7.313965,0.274444,7.465942,7.240234,0.348175,628.8287,0.778418,0.82794,252.4453,0.063574,0.770898,0.165527,10240,6439206,304,56856,25,206,25,206
4880,11.972,6.384,7.591892,7.325317,0.266574,7.479248,7.254761,0.337131,659.8202,0.778418,0.836128,270.5446,0.067383,0.772363,0.160254,10240,6756559,311,56919,27,206,27,206
4900,12.038,6.421,7.593561,7.317627,0.275934,7.466675,7.254639,0.338922,676.9129,0.780859,0.841399,270.1444,0.069629,0.761914,0.168457,10240,6931588,346,56879,28,207,28,207
4920,12.097,6.455,7.598876,7.338989,0.259887,7.476807,7.259399,0.339477,665.3157,0.784277,0.839275,266.2802,0.068262,0.759082,0.172656,10240,6812833,289,56889,28,207,28,207
4940,12.151,6.486,7.604374,7.319702,0.284672,7.477661,7.244141,0.360234,661.0954,0.789941,0.837485,264.0557,0.067676,0.757812,0.174512,10240,6769617,275,56782,29,207,29,207
4960,12.207,6.517,7.608652,7.318115,0.290537,7.487061,7.250854,0.357798,657.11,0.78623,0.835931,265.3178,0.066895,0.764551,0.168555,10240,6728806,319,56773,30,207,30,207
4980,12.261,6.548,7.61004,7.347046,0.262994,7.505737,7.266235,0.343804,664.8913,0.786133,0.839267,263.1266,0.068262,0.754688,0.177051,10240,6808487,306,56893,31,207,31,207
5000,12.317,6.582,7.61218,7.355591,0.256589,7.500732,7.281372,0.330808,676.3188,0.774609,0.842947,257.1151,0.069629,0.747949,0.182422,10240,6925504,325,56949,32,208,32,208
5020,12.372,6.613,7.613839,7.393555,0.220285,7.511475,7.291992,0.321847,677.9298,0.763379,0.844821,261.9345,0.07002,0.739941,0.190039,10240,6942001,334,57058,33,210,33,210
5040,12.426,6.643,7.61537,7.384155,0.231215,7.5177,7.303833,0.311537,651.6493,0.768652,0.837615,253.546,0.066699,0.750488,0.182812,10240,6672889,292,57126,34,211,34,211
5060,12.478,6.674,7.615467,7.403198,0.212268,7.528564,7.306763,0.308704,648.0934,0.769727,0.835615,245.9093,0.066309,0.754395,0.179297,10240,6636476,288,57129,32,211,32,211
5080,12.531,6.704,7.612212,7.374146,0.238067,7.514038,7.308105,0.304107,639.5192,0.77627,0.833398,244.4844,0.065137,0.757715,0.177148,10240,6548677,321,57063,33,211,33,211
5100,12.587,6.734,7.614124,7.385986,0.228138,7.529297,7.312378,0.301746,647.1288,0.782227,0.834164,241.6244,0.066016,0.76084,0.173145,10240,6626599,292,57004,32,211,32,211
5120,12.641,6.765,7.614124,7.375977,0.238147,7.516846,7.311157,0.302966,650.5999,0.781934,0.835565,239.0987,0.066602,0.761719,0.17168,10240,6662143,303,57028,32,211,32,211
5140,12.695,6.796,7.621521,7.391846,0.229676,7.524414,7.322998,0.298523,639.2478,0.782227,0.831625,235.5157,0.065234,0.765332,0.169434,10240,6545897,299,57081,32,211,32,211
5160,12.747,6.826,7.620261,7.367798,0.252463,7.505249,7.31604,0.304221,639.6054,0.783008,0.832309,238.9396,0.065234,0.76377,0.170996,10240,6549559,325,57027,34,211,34,211
5180,12.799,6.856,7.615966,7.371704,0.244262,7.500977,7.311523,0.304443,633.5656,0.785059,0.830119,230.181,0.064453,0.766797,0.16875,10240,6487712,332,56975,33,211,33,211
5200,12.852,6.885,7.618592,7.377197,0.241394,7.507568,7.300659,0.317932,634.8421,0.781348,0.830451,224.4706,0.064551,0.770605,0.164844,10240,6500783,290,56933,32,211,32,211
5220,12.904,6.915,7.614879,7.360352,0.254527,7.470947,7.280029,0.33485,626.3368,0.783691,0.827329,229.3991,0.063477,0.773633,0.162891,10240,6413689,320,56742,32,211,32,211
5240,12.956,6.945,7.615703,7.358887,0.256816,7.478638,7.285522,0.33018,635.9574,0.792578,0.829157,229.1571,0.064648,0.77832,0.157031,10240,6512204,314,56773,30,211,30,211
5260,13.008,6.975,7.612267,7.367798,0.24447,7.477295,7.273926,0.338342,655.3373,0.782129,0.834699,243.1436,0.066992,0.776465,0.156543,10240,6710654,310,56704,29,211,29,211
5280,13.061,7.006,7.615608,7.360474,0.255134,7.466187,7.280762,0.334846,645.9989,0.78418,0.831964,248.2344,0.06582,0.77627,0.15791,10240,6615029,312,56715,27,211,27,211
5300,13.117,7.036,7.613321,7.339355,0.273965,7.487305,7.287354,0.325967,626.1891,0.779199,0.827691,236.8584,0.063379,0.772852,0.16377,10240,6412176,330,56755,24,211,24,211
5320,13.171,7.067,7.614373,7.355591,0.258782,7.485107,7.291504,0.322869,646.1852,0.778613,0.832654,255.4175,0.06582,0.77168,0.1625,10240,6616936,297,56816,23,211,23,211
5340,13.224,7.097,7.618998,7.364624,0.254374,7.488892,7.295776,0.323221,626.891,0.771973,0.828128,238.092,0.063477,0.77168,0.164844,10240,6419364,296,56847,23,211,23,211
5360,13.277,7.127,7.624177,7.367554,0.256623,7.503784,7.311646,0.312531,629.9671,0.765039,0.83012,231.4522,0.063965,0.755664,0.180371,10240,6450863,310,56928,23,211,23,211
5380,13.329,7.157,7.620492,7.361694,0.258797,7.504761,7.314453,0.306039,628.2523,0.757324,0.830908,235.7154,0.06377,0.75293,0.183301,10240,6433304,305,56953,24,211,24,211
5400,13.381,7.186,7.615583,7.382202,0.23338,7.505615,7.317993,0.297589,625.526,0.737988,0.831712,229.6924,0.06377,0.740332,0.195898,10240,6405386,316,57023,24,211,24,211
5420,13.436,7.218,7.611863,7.384033,0.22783,7.515991,7.324585,0.287278,622.1464,0.73916,0.830973,232.4823,0.063477,0.738379,0.198145,10240,6370779,295,57109,26,211,26,211
5440,13.487,7.246,7.608602,7.39209,0.216512,7.511963,7.331421,0.277181,611.6566,0.757617,0.827309,223.0315,0.062012,0.74375,0.194238,10240,6263364,318,57161,28,212,28,212
5460,13.538,7.275,7.606572,7.407959,0.198613,7.526001,7.340088,0.266484,605.7438,0.756836,0.825203,221.535,0.06123,0.743457,0.195312,10240,6202817,289,57231,29,214,29,214
5480,13.595,7.309,7.610276,7.421631,0.188645,7.531982,7.344116,0.26616,598.7378,0.766016,0.822745,221.4422,0.060352,0.748242,0.191406,10240,6131075,310,57276,29,214,29,214
5500,13.647,7.337,7.611349,7.431152,0.180197,7.552246,7.360962,0.250387,613.6509,0.75752,0.828646,227.1937,0.062402,0.739453,0.198145,10240,6283785,322,57359,30,214,30,214
5520,13.7,7.367,7.614941,7.422974,0.191967,7.555908,7.363892,0.251049,583.4342,0.756055,0.820085,216.3106,0.058301,0.736133,0.205566,10240,5974366,303,57347,32,217,32,217
5540,13.749,7.395,7.615333,7.420044,0.195289,7.563232,7.36792,0.247413,590.4117,0.756055,0.822444,219.8561,0.059375,0.733984,0.206641,10240,6045816,298,57367,33,217,33,217
5560,13.801,7.423,7.62086,7.455078,0.165782,7.569946,7.38562,0.23524,584.3407,0.752734,0.82088,222.4038,0.058789,0.735547,0.205664,10240,5983649,315,57431,33,217,33,217
5580,13.853,7.452,7.622326,7.460449,0.161877,7.581543,7.393066,0.22926,620.6505,0.745996,0.832012,227.098,0.063086,0.728711,0.208203,10240,6355461,342,57445,34,217,34,217
5600,13.904,7.48,7.624452,7.424561,0.199891,7.564575,7.370239,0.254212,602.0625,0.74502,0.82745,222.5221,0.060742,0.726074,0.213184,10240,6165120,321,57222,33,217,33,217
5620,13.957,7.509,7.626101,7.425293,0.200808,7.563232,7.358398,0.267703,601.2029,0.744336,0.826573,220.3833,0.060742,0.730371,0.208887,10240,6156318,279,57151,29,217,29,217
5640,14.013,7.542,7.615519,7.405273,0.210246,7.556519,7.352661,0.262858,611.9511,0.745215,0.830463,225.8754,0.062109,0.722656,0.215234,10240,6266379,329,57145,29,217,29,217
5660,14.063,7.571,7.615468,7.40332,0.212148,7.538086,7.333496,0.281972,609.0753,0.749219,0.829432,220.554,0.061719,0.726953,0.211328,10240,6236931,290,57067,28,217,28,217
5680,14.115,7.6,7.616276,7.388916,0.22736,7.527466,7.339966,0.27631,629.3284,0.744629,0.834284,239.3988,0.06416,0.733496,0.202344,10240,6444323,314,57034,27,217,27,217
5700,14.167,7.631,7.613912,7.40332,0.210591,7.525513,7.342529,0.271382,646.1595,0.748242,0.837569,245.9938,0.06582,0.738379,0.195801,10240,6616673,288,57061,28,219,28,219
5720,14.229,7.671,7.607775,7.404053,0.203723,7.529053,7.344482,0.263293,669.7249,0.742188,0.844146,254.2705,0.068848,0.729883,0.20127,10240,6857983,316,57144,28,219,28,219
5740,14.28,7.701,7.60154,7.412231,0.189308,7.525757,7.348022,0.253517,638.9303,0.739941,0.83729,246.8643,0.065137,0.730176,0.204688,10240,6542646,317,57197,28,219,28,219
5760,14.333,7.731,7.593765,7.407837,0.185928,7.542114,7.347168,0.246597,616.0094,0.745996,0.830739,244.3049,0.062305,0.72666,0.211035,10240,6307936,303,57241,27,219,27,219
5780,14.383,7.759,7.589149,7.420532,0.168617,7.514526,7.348267,0.240882,592.978,0.743652,0.825482,235.5462,0.059766,0.722656,0.217578,10240,6072095,335,57244,26,219,26,219
5800,14.438,7.792,7.587359,7.398804,0.188556,7.511353,7.341553,0.245806,593.0053,0.747754,0.825532,229.392,0.059668,0.720898,0.219434,10240,6072374,298,57243,25,219,25,219
5820,14.493,7.825,7.576668,7.385498,0.19117,7.506104,7.334595,0.242074,584.9628,0.74375,0.823337,222.7445,0.058691,0.72334,0.217969,10240,5990019,283,57207,24,219,24,219
5840,14.544,7.854,7.586249,7.410767,0.175482,7.522217,7.347046,0.239203,598.8226,0.743848,0.828463,233.6259,0.060547,0.718262,0.221191,10240,6131943,321,57249,25,219,25,219
5860,14.597,7.884,7.593304,7.415894,0.177411,7.530762,7.352173,0.241131,581.6967,0.75166,0.822829,235.2504,0.058203,0.721777,0.22002,10240,5956574,312,57263,26,219,26,219
5880,14.646,7.912,7.596219,7.40918,0.187039,7.530029,7.355713,0.240506,572.5626,0.756348,0.819908,229.5625,0.057129,0.721582,0.221289,10240,5863041,324,57278,27,219,27,219
5900,14.699,7.943,7.595534,7.404785,0.190749,7.528442,7.344482,0.251052,626.7318,0.750684,0.835743,252.6472,0.063574,0.715918,0.220508,10240,6417734,325,57201,27,219,27,219
5920,14.751,7.973,7.591805,7.379272,0.212532,7.509155,7.332764,0.259041,630.2914,0.742285,0.836884,249.7665,0.06416,0.719336,0.216504,10240,6454184,291,57082,29,220,29,220
5940,14.805,8.005,7.585642,7.363037,0.222605,7.470581,7.309937,0.275706,633.7846,0.747266,0.836299,249.1249,0.064551,0.723828,0.211621,10240,6489954,334,56884,29,220,29,220
5960,14.857,8.035,7.583099,7.360474,0.222625,7.476196,7.317993,0.265106,638.739,0.748438,0.837211,251.389,0.064844,0.726953,0.208203,10240,6540687,331,56943,26,220,26,220
5980,14.909,8.065,7.579515,7.372314,0.2072,7.486084,7.321655,0.25786,620.1511,0.740039,0.832283,253.269,0.062988,0.728516,0.208496,10240,6350347,342,57037,26,220,26,220
6000,14.969,8.094,7.572972,7.376953,0.196019,7.492676,7.319946,0.253026,613.1874,0.747754,0.829516,239.7765,0.061914,0.734863,0.203223,10240,6279039,301,57068,25,220,25,220
6020,15.026,8.129,7.572052,7.373169,0.198883,7.482178,7.325073,0.246979,624.9512,0.750293,0.832853,248.2871,0.063379,0.734961,0.20166,10240,6399500,307,57159,24,220,24,220
6040,15.08,8.159,7.574731,7.413208,0.161523,7.512085,7.344238,0.230493,653.534,0.763965,0.840772,261.0112,0.066992,0.731348,0.20166,10240,6692188,339,57303,25,220,25,220
6060,15.132,8.191,7.570707,7.387085,0.183622,7.496704,7.341309,0.229398,623.3383,0.776465,0.831888,239.4366,0.062695,0.737598,0.199707,10240,6382984,309,57273,24,220,24,220
6080,15.184,8.221,7.571029,7.407104,0.163925,7.507812,7.344238,0.226791,628.6733,0.77998,0.832204,238.7925,0.063672,0.746387,0.189941,10240,6437615,306,57315,25,220,25,220
6100,15.236,8.251,7.570589,7.420654,0.149935,7.509399,7.341309,0.229281,633.5418,0.781152,0.832613,242.2936,0.063965,0.755566,0.180469,10240,6487468,291,57316,24,220,24,220
6120,15.288,8.28,7.569306,7.399536,0.16977,7.504028,7.343872,0.225434,630.3255,0.791992,0.831384,246.8209,0.063574,0.757129,0.179297,10240,6454533,308,57336,26,221,26,221
6140,15.341,8.312,7.569692,7.389893,0.1798,7.521606,7.346191,0.223501,609.9481,0.785449,0.826244,238.2824,0.06123,0.75459,0.18418,10240,6245869,303,57419,26,221,26,221
6160,15.393,8.341,7.565077,7.381348,0.18373,7.502441,7.34375,0.221327,608.8243,0.795801,0.825121,253.1867,0.061133,0.760156,0.178711,10240,6234361,338,57353,28,222,28,222
6180,15.444,8.37,7.561509,7.38208,0.179429,7.490845,7.334473,0.227037,600.8761,0.805371,0.822531,248.354,0.060352,0.75918,0.180469,10240,6152971,337,57313,28,222,28,222
6200,15.495,8.399,7.551984,7.355957,0.196027,7.476685,7.326172,0.225813,595.8222,0.811035,0.820902,255.3122,0.05957,0.761914,0.178516,10240,6101219,314,57276,28,222,28,222
6220,15.545,8.428,7.541924,7.363037,0.178887,7.47937,7.322998,0.218926,603.7232,0.81582,0.822719,256.6922,0.060547,0.76123,0.178223,10240,6182126,300,57278,29,222,29,222
6240,15.598,8.459,7.548502,7.37915,0.169351,7.488403,7.330933,0.217569,606.3011,0.804199,0.82361,257.757,0.060938,0.761914,0.177148,10240,6208523,297,57345,27,223,27,223
6260,15.649,8.488,7.544813,7.371216,0.173597,7.487915,7.332397,0.212415,612.2614,0.799219,0.825013,258.6366,0.061621,0.764844,0.173535,10240,6269557,300,57360,26,223,26,223
6280,15.7,8.518,7.550478,7.375244,0.175234,7.494751,7.338257,0.212221,598.331,0.802539,0.820986,252.5903,0.059863,0.764941,0.175195,10240,6126909,323,57351,26,223,26,223
6300,15.75,8.546,7.553532,7.397705,0.155827,7.498901,7.349243,0.204289,602.4769,0.802246,0.822677,255.4982,0.060547,0.764258,0.175195,10240,6169363,319,57402,23,223,23,223
6320,15.8,8.575,7.549898,7.401123,0.148775,7.503418,7.34668,0.203218,586.7245,0.801758,0.81714,256.4953,0.058398,0.765918,0.175684,10240,6008059,347,57437,23,223,23,223
6340,15.85,8.603,7.547269,7.375977,0.171293,7.487915,7.333252,0.214017,587.869,0.805273,0.816815,254.0771,0.058496,0.771289,0.170215,10240,6019779,314,57359,22,223,22,223
6360,15.9,8.632,7.554718,7.372192,0.182526,7.507812,7.338013,0.216705,575.4832,0.808105,0.812786,250.4587,0.057129,0.771387,0.171484,10240,5892948,323,57378,21,223,21,223
6380,15.958,8.669,7.547865,7.395264,0.152602,7.503174,7.335693,0.212172,587.0597,0.812793,0.816268,239.0719,0.058203,0.774316,0.16748,10240,6011491,325,57360,19,223,19,223
6400,16.012,8.701,7.550123,7.385742,0.164381,7.494995,7.339478,0.210646,583.6489,0.819531,0.814287,243.2339,0.058203,0.775879,0.165918,10240,5976565,309,57434,19,223,19,223
6420,16.063,8.73,7.550218,7.382324,0.167894,7.5,7.339478,0.210741,583.7621,0.822754,0.814746,242.0293,0.058008,0.773438,0.168555,10240,5977724,321,57382,20,223,20,223
6440,16.116,8.76,7.557019,7.394897,0.162122,7.501099,7.336182,0.220837,582.2492,0.825,0.813912,241.1979,0.057812,0.773633,0.168555,10240,5962232,333,57327,23,226,23,226
6460,16.165,8.789,7.55718,7.387573,0.169607,7.493896,7.332031,0.225149,571.7276,0.832227,0.808733,238.8538,0.056348,0.785059,0.158594,10240,5854491,316,57303,24,227,24,227
6480,16.215,8.817,7.565048,7.414795,0.150253,7.513428,7.345703,0.219345,564.5761,0.823926,0.806082,243.837,0.055664,0.791895,0.152441,10240,5781259,309,57396,22,227,22,227
6500,16.264,8.845,7.563513,7.415405,0.148108,7.512573,7.347656,0.215857,574.8487,0.820605,0.810232,255.9787,0.056836,0.785059,0.158105,10240,5886451,322,57397,23,227,23,227
6520,16.319,8.877,7.5632,7.390991,0.172209,7.502319,7.338257,0.224943,615.0161,0.824609,0.82192,281.577,0.061621,0.78457,0.153809,10240,6297765,336,57313,24,227,24,227
6540,16.37,8.907,7.558915,7.408081,0.150834,7.501953,7.335571,0.223344,615.7508,0.824512,0.821789,285.3867,0.061816,0.79248,0.145703,10240,6305288,288,57345,24,227,24,227
6560,16.423,8.938,7.559136,7.39502,0.164116,7.474121,7.310547,0.248589,639.0954,0.822949,0.828212,298.5884,0.064551,0.790625,0.144824,10240,6544337,292,57148,21,227,21,227
6580,16.474,8.968,7.557072,7.378052,0.17902,7.477417,7.315552,0.24152,622.4683,0.832031,0.823016,284.5529,0.0625,0.797461,0.140039,10240,6374075,314,57207,20,227,20,227
6600,16.528,9.0,7.551133,7.370239,0.180894,7.4823,7.318481,0.232652,619.2699,0.820703,0.823497,290.3035,0.062305,0.79043,0.147266,10240,6341324,299,57260,20,227,20,227
6620,16.582,9.031,7.536918,7.366455,0.170463,7.465088,7.3125,0.224418,629.687,0.824609,0.826006,293.2557,0.063672,0.791211,0.145117,10240,6447995,328,57230,18,227,18,227
6640,16.634,9.062,7.542064,7.366333,0.175731,7.469727,7.308228,0.233837,619.9653,0.824609,0.823297,293.6444,0.062207,0.791895,0.145898,10240,6348445,317,57208,18,227,18,227
6660,16.686,9.091,7.543715,7.366211,0.177504,7.469849,7.306274,0.23744,611.6182,0.82959,0.81956,283.3555,0.06123,0.800977,0.137793,10240,6262970,331,57160,18,228,18,228
6680,16.738,9.121,7.535822,7.355347,0.180476,7.446045,7.291992,0.24383,605.8421,0.82373,0.816207,279.9777,0.060352,0.808105,0.131543,10240,6203823,316,57057,19,228,19,228
6700,16.788,9.15,7.535506,7.361572,0.173934,7.446777,7.291626,0.24388,587.4779,0.834961,0.809257,268.4062,0.058008,0.818359,0.123633,10240,6015774,319,57093,18,228,18,228
6720,16.839,9.18,7.536816,7.336792,0.200024,7.441772,7.275513,0.261303,592.0943,0.830371,0.810543,278.3583,0.058496,0.816504,0.125,10240,6063046,304,56997,19,228,19,228
6740,16.893,9.212,7.542282,7.341064,0.201217,7.453613,7.286865,0.255416,608.4755,0.838574,0.816385,290.7733,0.060645,0.815234,0.124121,10240,6230789,309,57127,19,228,19,228
6760,16.945,9.243,7.545234,7.355469,0.189765,7.453857,7.289307,0.255927,622.6383,0.840234,0.819556,291.737,0.062305,0.822461,0.115234,10240,6375816,325,57109,19,229,19,229
6780,17.018,9.28,7.54962,7.389893,0.159727,7.477905,7.306641,0.242979,616.3726,0.836816,0.818211,288.2593,0.061426,0.816211,0.122363,10240,6311655,307,57234,20,229,20,229
6800,17.071,9.31,7.540993,7.363037,0.177956,7.452637,7.28186,0.259133,615.536,0.833789,0.819571,294.733,0.061426,0.808105,0.130469,10240,6303089,327,57109,20,229,20,229
6820,17.124,9.34,7.555673,7.352173,0.2035,7.458496,7.282471,0.273202,621.5421,0.834082,0.821146,293.5328,0.062109,0.811035,0.126855,10240,6364591,325,57035,21,231,21,231
6840,17.175,9.371,7.556777,7.363281,0.193496,7.476318,7.295288,0.261489,624.732,0.831934,0.822917,291.8783,0.062891,0.803711,0.133398,10240,6397256,326,57179,22,231,22,231
6860,17.228,9.402,7.548066,7.358521,0.189546,7.456665,7.2854,0.262666,627.1987,0.828125,0.824804,294.6276,0.063086,0.792578,0.144336,10240,6422515,298,57085,21,231,21,231
6880,17.28,9.432,7.541598,7.314575,0.227022,7.414551,7.242798,0.2988,631.1641,0.825488,0.824172,294.6573,0.063379,0.805566,0.131055,10240,6463120,342,56828,22,231,22,231
6900,17.336,9.465,7.536168,7.317505,0.218663,7.402344,7.241943,0.294225,611.9854,0.841211,0.8176,284.7624,0.061035,0.814551,0.124414,10240,6266730,322,56810,24,231,24,231
6920,17.388,9.494,7.53685,7.280273,0.256576,7.382935,7.212524,0.324325,605.9607,0.839355,0.815148,279.9407,0.060254,0.817969,0.121777,10240,6205038,306,56682,20,231,20,231
6940,17.443,9.527,7.523939,7.271729,0.252211,7.363403,7.185913,0.338026,620.7424,0.847656,0.818052,287.6058,0.061816,0.827539,0.110645,10240,6356402,285,56596,21,231,21,231
6960,17.496,9.557,7.532253,7.269165,0.263088,7.374634,7.203369,0.328884,625.4935,0.858594,0.81901,282.2452,0.062598,0.831543,0.105859,10240,6405053,313,56684,23,231,23,231
6980,17.548,9.588,7.530946,7.26123,0.269716,7.370972,7.194336,0.33661,631.5304,0.866699,0.820765,288.5053,0.063086,0.832031,0.104883,10240,6466871,299,56588,27,233,27,233
7000,17.603,9.62,7.517174,7.248779,0.268395,7.373047,7.188477,0.328698,626.2148,0.87373,0.819085,290.7329,0.062598,0.832227,0.105176,10240,6412440,311,56710,25,233,25,233
7020,17.654,9.649,7.516609,7.258545,0.258064,7.369629,7.188843,0.327766,588.6118,0.879297,0.807139,276.6216,0.05791,0.836523,0.105566,10240,6027385,325,56749,25,233,25,233
7040,17.706,9.679,7.506231,7.235229,0.271001,7.366089,7.197876,0.308355,585.0155,0.878809,0.805456,270.1009,0.057617,0.833887,0.108496,10240,5990559,316,56899,25,233,25,233
7060,17.759,9.707,7.502138,7.261475,0.240663,7.361328,7.185059,0.317079,569.9658,0.87832,0.80047,255.8662,0.055762,0.834082,0.110156,10240,5836450,299,56824,27,235,27,235
7080,17.81,9.735,7.511181,7.261353,0.249829,7.371826,7.188477,0.322705,570.0971,0.874023,0.799942,254.9947,0.055762,0.842285,0.101953,10240,5837794,306,56831,29,235,29,235
7100,17.862,9.766,7.504479,7.257935,0.246544,7.364624,7.191284,0.313195,571.8237,0.87373,0.799326,256.4716,0.055957,0.84541,0.098633,10240,5855475,301,56868,29,235,29,235
7120,17.913,9.795,7.49855,7.248169,0.250381,7.365723,7.188354,0.310195,583.7328,0.874512,0.801927,260.6294,0.057324,0.855859,0.086816,10240,5977424,319,56900,26,235,26,235
7140,17.964,9.825,7.493339,7.255371,0.237968,7.369995,7.191895,0.301444,556.1313,0.876953,0.791922,245.8828,0.053809,0.858008,0.088184,10240,5694785,314,56964,31,238,31,238
7160,18.017,9.856,7.497299,7.304565,0.192733,7.395386,7.210938,0.286361,575.1735,0.874219,0.797013,244.1065,0.056055,0.86416,0.079785,10240,5889777,330,57094,32,238,32,238
7180,18.069,9.887,7.505428,7.279541,0.225887,7.399902,7.222534,0.282894,581.4324,0.875293,0.799594,246.5396,0.056836,0.862793,0.080371,10240,5953868,316,57131,33,239,33,239
7200,18.12,9.917,7.493502,7.25415,0.239351,7.388184,7.208618,0.284883,576.6726,0.875098,0.79902,243.5944,0.05625,0.859375,0.084375,10240,5905127,322,57085,31,239,31,239
7220,18.171,9.947,7.485183,7.26123,0.223952,7.401978,7.210449,0.274733,580.6755,0.878906,0.801295,246.0852,0.056934,0.85127,0.091797,10240,5946117,316,57167,28,239,28,239
7240,18.221,9.975,7.472698,7.248169,0.224529,7.377197,7.193237,0.27946,576.2146,0.877441,0.800821,241.3958,0.056445,0.84668,0.096875,10240,5900437,303,57050,29,239,29,239
7260,18.27,10.003,7.460438,7.2677,0.192738,7.390259,7.202271,0.258167,553.7104,0.885645,0.79104,228.5562,0.053418,0.856543,0.090039,10240,5669995,315,57161,29,239,29,239
7280,18.319,10.03,7.463223,7.280884,0.182339,7.388184,7.207275,0.255947,536.2256,0.883887,0.783772,218.7631,0.051465,0.861523,0.087012,10240,5490950,321,57208,27,240,27,240
7300,18.368,10.057,7.467716,7.308594,0.159122,7.390869,7.234375,0.233341,528.0898,0.879883,0.780585,218.5084,0.050586,0.860547,0.088867,10240,5407640,317,57319,24,240,24,240
7320,18.417,10.084,7.468019,7.308838,0.159181,7.399536,7.243408,0.224611,520.8058,0.877051,0.777585,216.3299,0.049707,0.859375,0.090918,10240,5333051,331,57388,24,240,24,240
7340,18.465,10.11,7.467728,7.322266,0.145462,7.398071,7.24707,0.220657,499.7505,0.876074,0.768204,204.6213,0.046973,0.857422,0.095605,10240,5117445,295,57413,25,240,25,240
7360,18.512,10.136,7.461108,7.312622,0.148486,7.408203,7.25647,0.204638,482.1128,0.875098,0.761058,205.9259,0.044727,0.852051,0.103223,10240,4936835,328,57519,23,241,23,241
7380,18.559,10.162,7.452999,7.314819,0.13818,7.400757,7.247559,0.20544,489.0424,0.880566,0.763711,205.9187,0.045508,0.85752,0.096973,10240,5007794,325,57517,22,241,22,241
7400,18.61,10.19,7.456749,7.31543,0.141319,7.410034,7.262817,0.193932,500.7257,0.884668,0.768507,208.9278,0.04707,0.857422,0.095508,10240,5127431,293,57588,20,241,20,241
7420,18.659,10.217,7.460676,7.326294,0.134382,7.42395,7.2771,0.183577,474.4543,0.882422,0.75575,201.2501,0.043848,0.858105,0.098047,10240,4858412,318,57620,19,241,19,241
7440,18.707,10.242,7.454944,7.360718,0.094226,7.42749,7.276611,0.178332,481.3461,0.874414,0.75934,202.8854,0.044727,0.859277,0.095996,10240,4928984,316,57655,17,241,17,241
7460,18.755,10.268,7.453974,7.339478,0.114497,7.43103,7.281372,0.172602,469.1358,0.880566,0.752747,199.8515,0.043164,0.860938,0.095898,10240,4803951,328,57701,17,241,17,241
7480,18.805,10.295,7.454902,7.337891,0.117011,7.442383,7.289062,0.165839,481.7254,0.874414,0.758664,194.9214,0.044727,0.862598,0.092676,10240,4932868,349,57694,18,241,18,241
7500,18.851,10.32,7.440949,7.345703,0.095246,7.42688,7.289062,0.151887,469.5086,0.878418,0.752095,186.938,0.043164,0.859863,0.096973,10240,4807768,333,57740,18,241,18,241
7520,18.898,10.345,7.436992,7.335938,0.101055,7.416748,7.275024,0.161968,467.0896,0.880957,0.750544,188.6776,0.042676,0.861328,0.095996,10240,4782997,351,57620,17,241,17,241
7540,18.945,10.37,7.441658,7.335938,0.105721,7.416138,7.28125,0.160408,447.2994,0.883008,0.739792,187.732,0.04043,0.863672,0.095898,10240,4580346,306,57692,16,241,16,241
7560,18.992,10.395,7.450789,7.341431,0.109359,7.428101,7.299316,0.151473,451.7776,0.876465,0.743981,188.9235,0.041016,0.854785,0.104199,10240,4626203,302,57766,15,241,15,241
7580,19.043,10.42,7.447504,7.346558,0.100946,7.421265,7.300171,0.147333,449.0731,0.881543,0.74332,186.2749,0.040918,0.849609,0.109473,10240,4598509,297,57765,14,241,14,241
7600,19.09,10.445,7.444064,7.345459,0.098605,7.421265,7.300049,0.144015,456.3646,0.879297,0.746856,188.8753,0.041699,0.853809,0.104492,10240,4673173,292,57714,12,241,12,241
7620,19.138,10.47,7.447473,7.337036,0.110437,7.4375,7.294434,0.153039,457.8599,0.872656,0.74773,191.5541,0.041895,0.853516,0.10459,10240,4688485,333,57722,11,241,11,241
7640,19.184,10.495,7.452916,7.344727,0.10819,7.434082,7.297607,0.155309,448.5686,0.878125,0.741446,187.1747,0.040723,0.859961,0.099316,10240,4593342,353,57617,12,241,12,241
7660,19.23,10.52,7.454986,7.359497,0.095489,7.442261,7.309326,0.145659,450.4843,0.871484,0.743876,188.754,0.041016,0.852832,0.106152,10240,4612959,323,57728,12,241,12,241
7680,19.275,10.544,7.443027,7.340576,0.10245,7.432617,7.301514,0.141513,442.001,0.864844,0.739921,187.1591,0.040039,0.848926,0.111035,10240,4526090,277,57661,11,241,11,241
7700,19.323,10.569,7.440476,7.317505,0.122971,7.403687,7.285645,0.154831,450.6796,0.866992,0.744259,200.992,0.041016,0.851367,0.107617,10240,4614959,329,57531,11,241,11,241
7720,19.37,10.595,7.456904,7.354004,0.1029,7.432739,7.297852,0.159052,475.415,0.863184,0.757621,208.6545,0.044141,0.849219,0.106641,10240,4868250,334,57580,9,241,9,241
7740,19.418,10.62,7.462294,7.365356,0.096938,7.430176,7.311646,0.150649,471.7016,0.853906,0.755682,206.1561,0.043555,0.850293,0.106152,10240,4830224,322,57622,8,241,8,241
7760,19.467,10.646,7.470083,7.368896,0.101187,7.446045,7.320435,0.149649,480.2132,0.854785,0.760358,203.1192,0.044629,0.84707,0.108301,10240,4917383,281,57614,9,241,9,241
7780,19.515,10.671,7.464319,7.368774,0.095545,7.446411,7.310547,0.153772,471.5728,0.850391,0.756789,203.1603,0.04375,0.844141,0.112109,10240,4828905,336,57603,8,241,8,241
7800,19.564,10.698,7.461293,7.356812,0.104481,7.451538,7.314941,0.146351,474.9213,0.85127,0.757285,204.9234,0.044043,0.847168,0.108789,10240,4863194,331,57659,9,242,9,242
7820,19.614,10.725,7.4666,7.381592,0.085008,7.467896,7.325806,0.140794,479.6698,0.857129,0.758189,203.508,0.044434,0.85791,0.097656,10240,4911819,322,57712,8,242,8,242
7840,19.663,10.752,7.464233,7.374268,0.089966,7.451172,7.318726,0.145508,497.1475,0.862207,0.766588,199.0107,0.046582,0.857422,0.095996,10240,5090790,307,57640,10,244,10,244
7860,19.714,10.779,7.457566,7.3479,0.109666,7.440186,7.321411,0.136155,486.277,0.858105,0.761768,194.3537,0.04502,0.855273,0.099707,10240,4979476,344,57605,11,244,11,244
7880,19.764,10.804,7.454545,7.373047,0.081498,7.441895,7.323853,0.130693,465.1089,0.858887,0.75079,189.3796,0.042383,0.860059,0.097559,10240,4762715,316,57648,10,244,10,244
7900,19.815,10.831,7.455687,7.362061,0.093626,7.441284,7.326904,0.128782,467.7132,0.869336,0.75084,190.3677,0.042871,0.860449,0.09668,10240,4789383,324,57615,10,244,10,244
7920,19.863,10.856,7.447827,7.37793,0.069897,7.440674,7.324219,0.123608,460.92,0.863281,0.747555,190.3272,0.041992,0.861523,0.096484,10240,4719821,334,57674,10,244,10,244
7940,19.914,10.882,7.451437,7.36853,0.082906,7.447876,7.32312,0.128316,465.8488,0.85127,0.75066,191.2216,0.04248,0.858691,0.098828,10240,4770292,299,57683,10,244,10,244
7960,19.963,10.908,7.462683,7.376221,0.086462,7.452148,7.326782,0.135901,466.1092,0.85293,0.750311,193.7732,0.042676,0.861816,0.095508,10240,4772958,298,57585,11,244,11,244
7980,20.018,10.939,7.46231,7.373779,0.088531,7.440308,7.31958,0.14273,459.3958,0.858691,0.74628,190.5483,0.041895,0.861621,0.096484,10240,4704213,303,57549,11,244,11,244
8000,20.067,10.965,7.454778,7.359253,0.095525,7.424561,7.309937,0.144842,460.9128,0.853027,0.746582,189.1853,0.041895,0.866113,0.091992,10240,4719747,302,57529,11,244,11,244
8020,20.117,10.991,7.452584,7.35144,0.101144,7.438599,7.314819,0.137765,464.1254,0.847656,0.748376,188.6556,0.04248,0.86582,0.091699,10240,4752644,331,57537,12,244,12,244
8040,20.167,11.018,7.462844,7.341309,0.121535,7.448364,7.323242,0.139602,469.6415,0.849609,0.75189,192.9989,0.042969,0.862598,0.094434,10240,4809129,298,57547,12,244,12,244
8060,20.213,11.043,7.466078,7.370483,0.095595,7.447632,7.33313,0.132948,446.9443,0.853906,0.73952,186.2752,0.04043,0.863379,0.096191,10240,4576710,285,57610,12,244,12,244
8080,20.26,11.067,7.470302,7.368286,0.102016,7.463013,7.346802,0.1235,448.4,0.858594,0.739966,185.3358,0.040527,0.864062,0.09541,10240,4591616,286,57669,11,245,11,245
8100,20.308,11.092,7.474922,7.395508,0.079414,7.483887,7.34729,0.127632,451.3108,0.854883,0.741445,187.4466,0.04082,0.864941,0.094238,10240,4621423,317,57732,9,245,9,245
8120,20.355,11.117,7.485429,7.424316,0.061112,7.491699,7.369995,0.115434,453.9153,0.858594,0.742357,188.4303,0.041211,0.867773,0.091016,10240,4648093,308,57792,9,245,9,245
8140,20.402,11.142,7.487199,7.403687,0.083512,7.490967,7.369385,0.117814,461.3903,0.857422,0.746327,188.7713,0.042188,0.868066,0.089746,10240,4724637,304,57815,9,245,9,245
8160,20.45,11.168,7.492227,7.408203,0.084024,7.489014,7.377441,0.114785,480.9718,0.861523,0.756392,198.0799,0.044434,0.870117,0.085449,10240,4925151,341,57828,11,245,11,245
8180,20.497,11.194,7.49025,7.411133,0.079117,7.48938,7.383789,0.106461,483.3374,0.865332,0.758314,196.7098,0.044922,0.863086,0.091992,10240,4949375,312,57857,10,245,10,245
8200,20.547,11.22,7.485653,7.408325,0.077328,7.491333,7.387085,0.098568,483.3363,0.860156,0.760345,195.6367,0.044922,0.853516,0.101562,10240,4949364,354,57866,11,245,11,245
8220,20.597,11.248,7.478084,7.395874,0.08221,7.486816,7.381348,0.096737,490.4873,0.856543,0.765238,199.5114,0.045898,0.846582,0.10752,10240,5022590,304,57859,12,245,12,245
8240,20.648,11.275,7.493582,7.426758,0.066824,7.491577,7.397339,0.096243,500.8239,0.854785,0.77035,195.0563,0.047168,0.844141,0.108691,10240,5128437,317,57885,14,245,14,245
8260,20.703,11.306,7.497967,7.428955,0.069012,7.514893,7.410522,0.087444,476.8905,0.854883,0.759499,190.7281,0.044043,0.84375,0.112207,10240,4883359,302,57926,11,245,11,245
8280,20.751,11.332,7.499742,7.425171,0.074571,7.498779,7.402954,0.096788,444.8443,0.858496,0.741379,175.5263,0.039941,0.84873,0.111328,10240,4555206,332,57858,10,245,10,245
8300,20.797,11.357,7.502352,7.42334,0.079012,7.496948,7.405884,0.096469,449.568,0.857227,0.743202,180.2307,0.040332,0.852246,0.107422,10240,4603576,327,57838,9,245,9,245
8320,20.845,11.383,7.496046,7.414673,0.081373,7.491821,7.391968,0.104078,461.121,0.861621,0.749441,185.2066,0.041895,0.855273,0.102832,10240,4721879,322,57773,9,245,9,245
8340,20.895,11.41,7.494324,7.383179,0.111145,7.468628,7.363525,0.130799,491.4764,0.865625,0.76375,195.071,0.045508,0.858203,0.096289,10240,5032718,292,57563,9,245,9,245
8360,20.944,11.438,7.494258,7.402222,0.092036,7.457397,7.365356,0.128901,484.2224,0.862012,0.758868,185.8884,0.044629,0.865723,0.089648,10240,4958437,333,57585,10,245,10,245
8380,20.991,11.463,7.485557,7.379883,0.105674,7.464478,7.352173,0.133384,482.4718,0.86543,0.758288,183.2555,0.044629,0.861719,0.093652,10240,4940511,335,57587,8,245,8,245
8400,21.04,11.49,7.482614,7.388062,0.094552,7.465576,7.346924,0.13569,496.0792,0.862012,0.767147,185.0441,0.046582,0.842383,0.111035,10240,5079851,330,57568,8,245,8,245
8420,21.09,11.517,7.473603,7.373047,0.100557,7.460938,7.357178,0.116426,510.0396,0.856836,0.774391,182.5577,0.048242,0.840625,0.111133,10240,5222805,322,57688,8,245,8,245
8440,21.15,11.547,7.480241,7.383057,0.097184,7.482544,7.361572,0.118668,515.447,0.854492,0.777429,188.0102,0.049121,0.84043,0.110449,10240,5278177,326,57711,8,245,8,245
8460,21.222,11.586,7.482836,7.414062,0.068773,7.479858,7.375977,0.106859,495.2747,0.849902,0.767679,190.955,0.04668,0.844629,0.108691,10240,5071613,322,57750,9,245,9,245
8480,21.277,11.616,7.478532,7.384155,0.094377,7.472778,7.369263,0.10927,503.5181,0.848828,0.773802,182.1103,0.047656,0.829785,0.122559,10240,5156025,329,57766,9,245,9,245
8500,21.327,11.644,7.482046,7.39624,0.085806,7.473877,7.363647,0.118399,512.9499,0.852246,0.778946,181.664,0.048926,0.825781,0.125293,10240,5252607,340,57737,9,245,9,245
8520,21.377,11.67,7.490479,7.416748,0.073731,7.480103,7.381226,0.109253,504.3245,0.849414,0.774369,177.0517,0.047949,0.832617,0.119434,10240,5164283,320,57780,9,245,9,245
8540,21.426,11.697,7.489293,7.402222,0.087071,7.484375,7.377808,0.111485,502.9207,0.848828,0.773833,175.2481,0.047656,0.833105,0.119238,10240,5149908,314,57750,10,245,10,245
8560,21.475,11.723,7.487848,7.404175,0.083673,7.476685,7.372681,0.115167,505.6556,0.857031,0.774022,187.3581,0.047949,0.834961,0.11709,10240,5177913,342,57712,12,245,12,245
8580,21.525,11.751,7.493433,7.406494,0.086939,7.478027,7.380493,0.11294,528.496,0.859766,0.784768,212.5012,0.050781,0.831934,0.117285,10240,5411799,308,57687,14,245,14,245
8600,21.584,11.781,7.500096,7.420776,0.079319,7.484253,7.3927,0.107395,547.3979,0.853516,0.792546,219.0498,0.053125,0.831836,0.115039,10240,5605355,329,57725,13,245,13,245
8620,21.635,11.809,7.506694,7.435303,0.071392,7.479248,7.390991,0.115703,553.4099,0.85498,0.794123,219.9887,0.053809,0.833789,0.112402,10240,5666917,347,57691,14,246,14,246
8640,21.687,11.839,7.50791,7.42041,0.0875,7.479614,7.396851,0.111059,562.1646,0.858398,0.796815,225.809,0.054883,0.837207,0.10791,10240,5756566,320,57730,14,246,14,246
8660,21.737,11.868,7.51923,7.438232,0.080997,7.4823,7.395874,0.123356,555.0239,0.851465,0.793951,221.2469,0.054004,0.840625,0.105371,10240,5683445,328,57662,14,246,14,246
8680,21.787,11.895,7.516316,7.424316,0.091999,7.494507,7.390991,0.125324,536.4386,0.854297,0.785965,218.8503,0.05166,0.842969,0.105371,10240,5493131,308,57606,11,246,11,246
8700,21.836,11.923,7.521605,7.435425,0.086181,7.49646,7.390991,0.130614,540.9865,0.845605,0.788527,214.6157,0.052246,0.837891,0.109863,10240,5539702,286,57587,11,246,11,246
8720,21.885,11.95,7.511092,7.403931,0.107161,7.474365,7.371216,0.139876,523.6914,0.855762,0.780482,214.8391,0.05,0.843262,0.106738,10240,5362600,301,57496,11,246,11,246
8740,21.947,11.98,7.510386,7.398193,0.112193,7.468506,7.361328,0.149058,536.9932,0.862207,0.785407,229.5912,0.051562,0.846777,0.10166,10240,5498810,319,57437,9,246,9,246
8760,22.012,12.022,7.512613,7.400635,0.111979,7.480713,7.365112,0.147501,571.6519,0.862402,0.799389,251.9223,0.055859,0.840039,0.104102,10240,5853715,331,57469,12,248,12,248
8780,22.064,12.051,7.509452,7.398926,0.110526,7.481323,7.368164,0.141288,575.7424,0.861816,0.80131,249.2646,0.056543,0.8375,0.105957,10240,5895602,282,57526,11,248,11,248
8800,22.122,12.082,7.513956,7.412109,0.101846,7.495117,7.370728,0.143228,590.078,0.854883,0.806764,252.5719,0.058398,0.830762,0.11084,10240,6042399,313,57569,13,248,13,248
8820,22.177,12.113,7.506885,7.403076,0.103808,7.484619,7.373291,0.133593,603.9847,0.853125,0.811846,268.3306,0.060059,0.825,0.114941,10240,6184803,358,57640,14,250,14,250
8840,22.232,12.145,7.498818,7.380493,0.118325,7.463867,7.362183,0.136635,598.5177,0.852246,0.810805,262.9469,0.059277,0.819727,0.120996,10240,6128821,320,57541,15,250,15,250
8860,22.284,12.175,7.500214,7.396973,0.103242,7.481689,7.368652,0.131562,580.2008,0.850684,0.805882,250.6005,0.057129,0.817188,0.125684,10240,5941256,308,57622,14,250,14,250
8880,22.339,12.206,7.496379,7.389404,0.106975,7.467896,7.360596,0.135783,574.4194,0.846582,0.803522,254.5912,0.056348,0.820117,0.123535,10240,5882055,291,57538,16,250,16,250
8900,22.392,12.237,7.50462,7.421265,0.083356,7.502686,7.373413,0.131207,574.4034,0.850977,0.802961,252.805,0.056543,0.825098,0.118359,10240,5881891,308,57627,15,250,15,250
8920,22.445,12.266,7.510099,7.414429,0.09567,7.479858,7.369873,0.140226,551.3297,0.850488,0.795695,242.7188,0.053711,0.819629,0.12666,10240,5645616,323,57520,17,250,17,250
8940,22.497,12.294,7.510952,7.410889,0.100063,7.488892,7.36438,0.146572,577.1611,0.84248,0.804593,253.9166,0.056836,0.820996,0.122168,10240,5910130,298,57465,17,250,17,250
8960,22.548,12.323,7.51645,7.388062,0.128389,7.47998,7.368652,0.147798,564.8612,0.835352,0.800864,248.7706,0.055371,0.814746,0.129883,10240,5784179,372,57471,18,251,18,251
8980,22.601,12.354,7.522685,7.412231,0.110454,7.489014,7.373779,0.148906,548.902,0.831445,0.796604,235.5838,0.05332,0.809766,0.136914,10240,5620756,315,57515,19,251,19,251
9000,22.652,12.382,7.521392,7.411499,0.109893,7.492798,7.37085,0.150542,565.9661,0.82998,0.803057,230.1269,0.055664,0.808496,0.13584,10240,5795493,318,57505,18,251,18,251
9020,22.703,12.41,7.525358,7.408691,0.116666,7.495239,7.376831,0.148527,543.5862,0.836621,0.794364,198.3098,0.052734,0.809766,0.1375,10240,5566323,352,57540,19,251,19,251
9040,22.752,12.437,7.522953,7.419556,0.103398,7.49646,7.380249,0.142704,534.647,0.830176,0.791287,196.9916,0.051855,0.809668,0.138477,10240,5474785,312,57598,19,251,19,251
9060,22.804,12.466,7.52738,7.415405,0.111975,7.511475,7.391602,0.135778,536.6132,0.837598,0.790788,192.2772,0.051953,0.817285,0.130762,10240,5494919,318,57654,18,251,18,251
9080,22.854,12.493,7.528118,7.421265,0.106854,7.510742,7.392212,0.135907,538.7943,0.835742,0.79126,190.8644,0.051953,0.819336,0.128711,10240,5517254,334,57658,17,251,17,251
9100,22.905,12.522,7.535831,7.444092,0.091739,7.52356,7.405151,0.13068,528.9739,0.833398,0.787401,185.5855,0.050977,0.819629,0.129395,10240,5416693,308,57693,17,251,17,251
9120,22.955,12.549,7.537054,7.456177,0.080877,7.529053,7.417603,0.119451,537.0604,0.842676,0.790012,191.5165,0.051855,0.82041,0.127734,10240,5499499,290,57754,17,251,17,251
9140,23.005,12.576,7.54461,7.466675,0.077935,7.548096,7.431885,0.112725,540.2368,0.83623,0.791815,197.5984,0.052344,0.818164,0.129492,10240,5532025,346,57834,19,251,19,251
9160,23.055,12.605,7.546691,7.471802,0.074889,7.55603,7.438599,0.108092,556.9489,0.838965,0.797778,216.1215,0.054395,0.81748,0.128125,10240,5703157,334,57867,17,251,17,251
9180,23.105,12.632,7.561454,7.469727,0.091727,7.562622,7.439575,0.121878,539.3196,0.834766,0.79154,210.3948,0.052344,0.81416,0.133496,10240,5522633,298,57809,18,251,18,251
9200,23.155,12.66,7.559845,7.492065,0.067779,7.564575,7.445557,0.114288,542.8138,0.833984,0.793582,214.2014,0.052734,0.8125,0.134766,10240,5558413,306,57859,20,251,20,251
9220,23.205,12.687,7.554658,7.457642,0.097017,7.554199,7.427368,0.12729,549.0735,0.845801,0.793585,213.3424,0.053223,0.827051,0.119727,10240,5622513,343,57706,19,252,19,252
9240,23.254,12.714,7.555035,7.459229,0.095806,7.539185,7.421631,0.133404,543.8242,0.849023,0.791182,212.7383,0.052734,0.828613,0.118652,10240,5568760,295,57649,19,252,19,252
9260,23.304,12.744,7.553877,7.444092,0.109785,7.526367,7.406982,0.146895,553.6006,0.853613,0.793724,216.2487,0.053711,0.837207,0.109082,10240,5668870,313,57593,17,252,17,252
9280,23.354,12.771,7.554036,7.44043,0.113606,7.526733,7.395386,0.15865,544.819,0.86123,0.78977,204.7146,0.052734,0.837012,0.110254,10240,5578947,310,57482,16,252,16,252
9300,23.419,12.799,7.543918,7.419556,0.124362,7.512329,7.389282,0.154635,567.365,0.85332,0.797664,202.8099,0.055273,0.84043,0.104297,10240,5809818,319,57470,16,252,16,252
9320,23.469,12.827,7.54258,7.425293,0.117287,7.506714,7.392212,0.150368,554.3684,0.846191,0.792474,199.6917,0.053613,0.847363,0.099023,10240,5676732,302,57424,16,252,16,252
9340,23.52,12.855,7.552347,7.426147,0.126199,7.5,7.388672,0.163675,566.2321,0.847559,0.797241,205.192,0.055273,0.839551,0.105176,10240,5798217,291,57368,14,252,14,252
9360,23.571,12.883,7.552031,7.425781,0.12625,7.504883,7.397583,0.154448,559.2245,0.845801,0.794135,199.2275,0.054395,0.843555,0.102051,10240,5726459,342,57426,12,252,12,252
9380,23.621,12.911,7.556683,7.42334,0.133343,7.514771,7.396484,0.160198,557.0349,0.840625,0.793893,199.9899,0.054199,0.83877,0.107031,10240,5704037,306,57393,11,252,11,252
9400,23.672,12.94,7.555052,7.420044,0.135009,7.503174,7.401733,0.153319,570.1575,0.843945,0.798646,203.8896,0.055859,0.834766,0.109375,10240,5838413,307,57413,11,252,11,252
9420,23.722,12.968,7.566221,7.432007,0.134214,7.519165,7.413696,0.152525,560.8404,0.836914,0.796336,211.6285,0.054785,0.831445,0.11377,10240,5743006,342,57461,10,252,10,252
9440,23.773,12.997,7.571119,7.433594,0.137525,7.536743,7.422241,0.148878,554.0639,0.838379,0.792869,205.5155,0.053613,0.842773,0.103613,10240,5673614,344,57482,10,252,10,252
9460,23.824,13.026,7.565241,7.439697,0.125543,7.522095,7.415894,0.149347,556.771,0.835938,0.794618,209.3595,0.054004,0.835059,0.110938,10240,5701335,336,57495,9,252,9,252
9480,23.874,13.054,7.57126,7.445801,0.125459,7.521118,7.414795,0.156465,569.6569,0.840918,0.799353,217.3652,0.055566,0.834375,0.110059,10240,5833287,305,57496,10,253,10,253
9500,23.924,13.082,7.575694,7.442993,0.132701,7.541626,7.429199,0.146495,571.0166,0.833984,0.800733,219.9272,0.055664,0.829883,0.114453,10240,5847210,345,57524,12,253,12,253
9520,23.975,13.111,7.582087,7.461182,0.120905,7.539795,7.423828,0.158259,582.5221,0.836816,0.804653,216.7729,0.057031,0.830273,0.112695,10240,5965026,326,57480,11,253,11,253
9540,24.026,13.14,7.575143,7.454834,0.120309,7.526245,7.423096,0.152047,583.9518,0.835547,0.805641,218.3692,0.057031,0.827734,0.115234,10240,5979666,311,57522,12,253,12,253
9560,24.078,13.17,7.575113,7.442383,0.13273,7.539429,7.420166,0.154947,579.593,0.847852,0.80439,212.0743,0.056543,0.826758,0.116699,10240,5935032,325,57544,13,253,13,253
9580,24.129,13.199,7.587936,7.456177,0.131759,7.547119,7.426514,0.161422,584.3306,0.843848,0.80494,219.3556,0.057031,0.82998,0.112988,10240,5983545,347,57508,14,253,14,253
9600,24.18,13.227,7.583087,7.473267,0.10982,7.543457,7.427734,0.155353,584.8601,0.842285,0.804404,220.8212,0.057227,0.839062,0.103711,10240,5988967,302,57572,17,253,17,253
9620,24.231,13.257,7.588135,7.474854,0.113281,7.55835,7.435425,0.15271,579.4311,0.837793,0.803557,217.1946,0.056738,0.833008,0.110254,10240,5933374,334,57587,16,253,16,253
9640,24.28,13.286,7.590685,7.441284,0.149401,7.540649,7.421875,0.16881,585.5738,0.832617,0.806933,229.779,0.057715,0.825684,0.116602,10240,5996276,314,57443,16,253,16,253
9660,24.331,13.315,7.588209,7.418701,0.169508,7.527222,7.408691,0.179517,589.7203,0.833594,0.809436,237.2722,0.058398,0.815625,0.125977,10240,6038736,340,57379,16,253,16,253
9680,24.381,13.343,7.588784,7.437988,0.150795,7.512939,7.3927,0.196083,566.7622,0.840723,0.801429,220.4386,0.055078,0.818457,0.126465,10240,5803645,308,57279,16,253,16,253
9700,24.43,13.37,7.584626,7.42395,0.160676,7.513062,7.389893,0.194734,533.7576,0.830371,0.789853,210.7272,0.050977,0.815234,0.133789,10240,5465678,300,57294,16,253,16,253
9720,24.482,13.399,7.574591,7.424683,0.149909,7.512939,7.38269,0.191901,542.3993,0.821875,0.793893,214.6604,0.052441,0.812109,0.135449,10240,5554169,329,57349,15,253,15,253
9740,24.53,13.427,7.575803,7.417603,0.1582,7.514648,7.387085,0.188718,548.3063,0.825195,0.796331,219.273,0.053027,0.812988,0.133984,10240,5614657,313,57362,17,253,17,253
9760,24.582,13.456,7.583515,7.434448,0.149067,7.524536,7.402832,0.180683,570.0838,0.831934,0.804552,224.7656,0.055859,0.80957,0.13457,10240,5837658,330,57410,18,253,18,253
9780,24.633,13.485,7.587435,7.4375,0.149935,7.544067,7.408691,0.178744,580.1587,0.834766,0.807779,228.8454,0.056738,0.81084,0.132422,10240,5940825,306,57479,19,254,19,254
9800,24.686,13.516,7.591488,7.461182,0.130307,7.556396,7.417969,0.17352,597.3104,0.829688,0.814108,229.4839,0.058887,0.800879,0.140234,10240,6116458,318,57519,16,254,16,254
9820,24.736,13.545,7.589355,7.465698,0.123657,7.552002,7.413574,0.175781,599.5961,0.822656,0.814694,234.6152,0.058496,0.804199,0.137305,10240,6139864,295,57499,17,254,17,254
9840,24.786,13.574,7.591448,7.445557,0.145891,7.542114,7.398682,0.192766,586.1677,0.823145,0.809439,229.8791,0.057031,0.809863,0.133105,10240,6002357,294,57361,18,254,18,254
9860,24.838,13.603,7.595498,7.436035,0.159463,7.531738,7.388306,0.207192,613.2813,0.824414,0.81798,245.3293,0.060352,0.806445,0.133203,10240,6280001,342,57272,18,254,18,254
9880,24.89,13.635,7.604329,7.431763,0.172566,7.538452,7.39209,0.212239,603.9195,0.822559,0.81435,233.1686,0.059277,0.811133,0.12959,10240,6184136,310,57247,18,254,18,254
9900,24.94,13.664,7.604936,7.43457,0.170366,7.536743,7.390381,0.214556,592.9846,0.841016,0.810829,229.1374,0.058008,0.811914,0.130078,10240,6072162,315,57265,20,255,20,255
9920,24.99,13.692,7.59756,7.437622,0.159938,7.541504,7.388428,0.209132,581.1279,0.833301,0.80844,222.6058,0.056836,0.802148,0.141016,10240,5950750,311,57319,21,255,21,255
9940,25.043,13.723,7.594438,7.424072,0.170365,7.542847,7.385742,0.208696,592.7159,0.832617,0.813304,229.0597,0.058301,0.799805,0.141895,10240,6069411,305,57339,22,255,22,255
9960,25.094,13.752,7.595601,7.445557,0.150044,7.547363,7.398926,0.196675,594.5479,0.830176,0.81291,228.6127,0.058496,0.800391,0.141113,10240,6088171,308,57412,19,255,19,255
9980,25.147,13.783,7.596896,7.449829,0.147067,7.553345,7.407471,0.189425,597.5256,0.817969,0.815782,230.6289,0.05918,0.792676,0.148145,10240,6118662,338,57459,20,255,20,255
10000,25.199,13.812,7.603005,7.435059,0.167947,7.533936,7.385742,0.217263,603.3483,0.822852,0.817446,239.2003,0.059863,0.792383,0.147754,10240,6178287,294,57271,22,256,22,256
10020,25.249,13.841,7.606036,7.447144,0.158893,7.544556,7.403687,0.20235,576.1579,0.82207,0.808096,229.8037,0.056348,0.796875,0.146777,10240,5899857,315,57381,20,256,20,256
10040,25.299,13.869,7.606665,7.438232,0.168432,7.542358,7.389893,0.216772,572.6801,0.816895,0.806478,233.4942,0.056055,0.799316,0.144629,10240,5864244,348,57283,20,256,20,256
10060,25.351,13.899,7.613744,7.449585,0.164159,7.550049,7.394287,0.219456,562.5329,0.827637,0.801945,228.0188,0.054688,0.803516,0.141797,10240,5760337,283,57307,19,256,19,256
10080,25.4,13.927,7.60669,7.442261,0.164429,7.551147,7.396973,0.209717,554.9205,0.835156,0.798627,226.6111,0.053809,0.80459,0.141602,10240,5682386,295,57406,16,256,16,256
10100,25.45,13.956,7.613206,7.455322,0.157884,7.554688,7.398438,0.214768,567.197,0.838281,0.802561,229.0909,0.055273,0.807617,0.137109,10240,5808097,322,57371,18,256,18,256
10120,25.499,13.984,7.61577,7.464111,0.151659,7.565674,7.409546,0.206224,575.8207,0.844238,0.805629,234.4937,0.056641,0.808887,0.134473,10240,5896404,333,57433,18,256,18,256
10140,25.549,14.012,7.616797,7.46875,0.148047,7.564941,7.406616,0.210181,565.7188,0.84502,0.802222,223.7712,0.05498,0.80918,0.13584,10240,5792961,258,57379,18,256,18,256
10160,25.599,14.041,7.619893,7.455444,0.164449,7.560303,7.407593,0.212301,525.9085,0.841113,0.787579,212.634,0.05,0.807129,0.142871,10240,5385303,321,57353,19,256,19,256
10180,25.649,14.068,7.620854,7.458008,0.162846,7.560913,7.407715,0.213139,523.2857,0.838574,0.787093,205.3472,0.049707,0.802246,0.148047,10240,5358446,304,57340,18,256,18,256
10200,25.699,14.096,7.621726,7.473633,0.148093,7.567993,7.412842,0.208884,553.1673,0.827637,0.799346,219.488,0.053613,0.797266,0.149121,10240,5664433,311,57374,17,256,17,256
10220,25.748,14.123,7.627233,7.470825,0.156408,7.578247,7.421265,0.205969,548.5438,0.828125,0.798032,220.3042,0.052539,0.797754,0.149707,10240,5617088,321,57383,16,256,16,256
10240,25.796,14.15,7.619969,7.470337,0.149633,7.577271,7.424805,0.195165,531.3105,0.829785,0.791422,222.5199,0.050391,0.797656,0.151953,10240,5440620,333,57446,17,258,17,258
10260,25.845,14.177,7.617137,7.463989,0.153148,7.576782,7.420532,0.196605,527.8514,0.828613,0.79205,220.0057,0.050391,0.787012,0.162598,10240,5405198,329,57441,21,260,21,260
10280,25.892,14.203,7.615273,7.504395,0.110878,7.584351,7.431152,0.18412,500.9603,0.823535,0.78282,212.678,0.047363,0.777637,0.175,10240,5129833,287,57490,20,260,20,260
10300,25.94,14.23,7.61183,7.492798,0.119032,7.588989,7.420898,0.190932,523.4501,0.817383,0.793045,221.5207,0.050391,0.774414,0.175195,10240,5360129,319,57478,20,261,20,261
10320,25.988,14.256,7.610262,7.488647,0.121614,7.577393,7.416748,0.193514,509.2914,0.800391,0.788976,214.438,0.04873,0.765332,0.185938,10240,5215144,314,57466,21,262,21,262
10340,26.037,14.284,7.602969,7.462646,0.140322,7.555786,7.395874,0.207095,513.2646,0.790039,0.790907,224.3856,0.049121,0.7625,0.188379,10240,5255829,327,57309,18,262,18,262
10360,26.084,14.31,7.601353,7.427246,0.174107,7.529053,7.374878,0.226475,522.4225,0.791211,0.794821,221.937,0.050293,0.762598,0.187109,10240,5349606,304,57128,20,262,20,262
10380,26.131,14.335,7.604422,7.435547,0.168875,7.54187,7.376709,0.227713,493.8179,0.783398,0.784291,207.398,0.047168,0.757422,0.19541,10240,5056695,298,57155,19,262,19,262
10400,26.178,14.361,7.607315,7.43811,0.169204,7.533691,7.377441,0.229873,494.9321,0.783691,0.784827,198.8803,0.046777,0.75459,0.198633,10240,5068105,325,57161,19,262,19,262
10420,26.227,14.388,7.61072,7.431763,0.178957,7.536255,7.385376,0.225344,513.5856,0.777734,0.794315,205.0102,0.049316,0.746191,0.204492,10240,5259117,303,57191,21,262,21,262
10440,26.274,14.414,7.610011,7.454956,0.155055,7.545532,7.386475,0.223537,501.8766,0.778418,0.79087,195.8099,0.048047,0.740137,0.211816,10240,5139216,324,57218,19,262,19,262
10460,26.323,14.441,7.609719,7.422852,0.186867,7.532227,7.370239,0.23948,537.24,0.781836,0.805388,214.4209,0.052344,0.732812,0.214844,10240,5501338,330,57138,17,262,17,262
10480,26.375,14.469,7.601596,7.416626,0.18497,7.524902,7.353394,0.248203,574.1184,0.778809,0.818126,248.2093,0.057129,0.732227,0.210645,10240,5878972,308,57045,18,262,18,262
10500,26.424,14.498,7.595483,7.404907,0.190576,7.503296,7.346558,0.248926,548.3495,0.767773,0.810963,243.5221,0.054102,0.72334,0.222559,10240,5615099,306,56995,17,262,17,262
10520,26.475,14.528,7.601332,7.39978,0.201552,7.507568,7.347778,0.253554,558.598,0.77168,0.814577,247.297,0.055371,0.729492,0.215137,10240,5720044,315,57001,17,262,17,262
10540,26.526,14.557,7.595018,7.381348,0.21367,7.49353,7.338867,0.256151,542.271,0.769141,0.809034,238.07,0.053418,0.726074,0.220508,10240,5552855,318,56984,17,262,17,262
10560,26.577,14.584,7.589231,7.383911,0.20532,7.492676,7.339111,0.25012,553.2845,0.759375,0.812497,239.6707,0.054492,0.727637,0.217871,10240,5665633,307,57002,21,266,21,266
10580,26.626,14.611,7.590524,7.391235,0.199289,7.49707,7.344849,0.245676,539.2891,0.766992,0.807902,236.3188,0.053027,0.724121,0.222852,10240,5522320,290,57042,22,266,22,266
10600,26.676,14.639,7.587187,7.396606,0.190581,7.497681,7.342163,0.245024,559.184,0.759668,0.8156,238.9534,0.055371,0.720215,0.224414,10240,5726044,311,57102,24,266,24,266
10620,26.726,14.666,7.582665,7.377808,0.204858,7.495117,7.327271,0.255395,564.8482,0.76543,0.81655,242.3196,0.056152,0.726465,0.217383,10240,5784046,322,57037,24,266,24,266
10640,26.776,14.693,7.581042,7.354004,0.227038,7.477295,7.308105,0.272937,556.0945,0.763477,0.812777,244.8646,0.05498,0.733594,0.211426,10240,5694408,294,56842,23,266,23,266
10660,26.826,14.721,7.586848,7.366455,0.220393,7.465698,7.300171,0.286677,564.4794,0.765723,0.813961,245.737,0.055859,0.74209,0.202051,10240,5780269,326,56737,24,266,24,266
10680,26.875,14.748,7.585807,7.360107,0.2257,7.459229,7.305664,0.280143,551.0569,0.763574,0.808995,248.5392,0.054492,0.744727,0.200781,10240,5642823,306,56783,24,266,24,266
10700,26.924,14.774,7.588245,7.369995,0.21825,7.478516,7.311401,0.276844,525.1416,0.772168,0.798379,230.7323,0.050586,0.749707,0.199707,10240,5377450,298,56876,23,266,23,266
10720,26.972,14.8,7.587544,7.366455,0.221089,7.481201,7.310547,0.276997,519.849,0.786328,0.796173,228.9182,0.050391,0.748633,0.200977,10240,5323254,303,56912,25,266,25,266
10740,27.021,14.827,7.587426,7.372681,0.214745,7.48584,7.320435,0.266991,527.1568,0.788867,0.799019,231.5002,0.051172,0.750781,0.198047,10240,5398086,316,56979,25,266,25,266
10760,27.071,14.853,7.588145,7.362915,0.22523,7.482666,7.311523,0.276622,530.489,0.790918,0.80064,229.9825,0.051562,0.747559,0.200879,10240,5432207,336,56985,26,267,26,267
10780,27.121,14.88,7.596395,7.401001,0.195394,7.510498,7.326172,0.270223,546.9523,0.791699,0.807094,229.3999,0.053809,0.743555,0.202637,10240,5600792,328,57096,27,267,27,267
10800,27.169,14.906,7.597185,7.358032,0.239153,7.48645,7.310181,0.287005,531.734,0.78457,0.802705,217.9968,0.051758,0.740039,0.208203,10240,5444956,313,56938,29,267,29,267
10820,27.219,14.934,7.599141,7.357666,0.241475,7.486328,7.304932,0.294209,525.7622,0.786719,0.801052,214.0216,0.051172,0.732031,0.216797,10240,5383805,279,56906,27,267,27,267
10840,27.276,14.96,7.59829,7.367798,0.230492,7.48877,7.305298,0.292992,525.121,0.789258,0.800291,210.0507,0.051074,0.74043,0.208496,10240,5377239,334,56928,27,267,27,267
10860,27.348,15.0,7.602832,7.366821,0.236011,7.502808,7.310913,0.291919,510.9196,0.794043,0.793373,204.7785,0.049121,0.745898,0.20498,10240,5231817,320,56935,26,267,26,267
10880,27.397,15.028,7.604536,7.385376,0.21916,7.499878,7.314697,0.289838,512.2332,0.791895,0.79392,208.1161,0.049512,0.749219,0.20127,10240,5245268,302,56972,26,269,26,269
10900,27.444,15.053,7.60581,7.365967,0.239844,7.48645,7.303955,0.301855,493.2934,0.783984,0.785115,199.6033,0.046777,0.75625,0.196973,10240,5051324,306,56850,26,269,26,269
10920,27.496,15.081,7.60482,7.382446,0.222374,7.502808,7.305542,0.299278,473.5978,0.788965,0.775146,195.5007,0.044336,0.756055,0.199609,10240,4849641,325,56952,29,269,29,269
10940,27.543,15.106,7.602808,7.385376,0.217432,7.509155,7.304443,0.298365,471.5839,0.786621,0.775413,197.5824,0.04375,0.751074,0.205176,10240,4829019,318,56920,28,269,28,269
10960,27.591,15.131,7.605058,7.377197,0.227861,7.506836,7.313354,0.291703,463.9962,0.794922,0.771429,185.6736,0.043066,0.751074,0.205859,10240,4751321,303,56976,26,270,26,270
10980,27.641,15.156,7.604312,7.379761,0.224551,7.502808,7.307861,0.296451,479.9202,0.790332,0.777725,188.6933,0.04541,0.75918,0.19541,10240,4914383,326,56974,25,270,25,270
11000,27.689,15.181,7.611335,7.381836,0.229499,7.52063,7.308472,0.302863,480.129,0.802832,0.775549,192.8002,0.045215,0.771289,0.183496,10240,4916521,327,56962,25,270,25,270
11020,27.74,15.208,7.614287,7.384155,0.230132,7.519653,7.307861,0.306426,491.3791,0.81123,0.778458,188.0994,0.046289,0.779492,0.174219,10240,5031722,310,56941,26,270,26,270
11040,27.786,15.233,7.619118,7.366089,0.253029,7.482788,7.280518,0.3386,471.5491,0.816797,0.76855,190.5209,0.043457,0.781152,0.175391,10240,4828663,331,56687,24,270,24,270
11060,27.838,15.26,7.616959,7.338745,0.278214,7.468018,7.259766,0.357193,468.4746,0.817285,0.764628,187.6692,0.043359,0.793262,0.163379,10240,4797180,309,56560,25,270,25,270
11080,27.887,15.285,7.616889,7.318848,0.298042,7.448242,7.257202,0.359687,481.971,0.81123,0.772295,192.1438,0.04541,0.793652,0.160938,10240,4935383,311,56519,26,270,26,270
11100,27.938,15.315,7.619685,7.344238,0.275447,7.470703,7.26709,0.352595,444.3742,0.806934,0.752943,172.6938,0.04043,0.794727,0.164844,10240,4550392,307,56602,26,270,26,270
11120,27.986,15.339,7.624607,7.343994,0.280613,7.472046,7.261841,0.362766,457.051,0.798438,0.760971,176.8899,0.041699,0.788867,0.169434,10240,4680202,317,56589,27,271,27,271
11140,28.033,15.364,7.623242,7.33252,0.290723,7.465088,7.259888,0.363355,428.4636,0.798828,0.744571,167.7618,0.038477,0.792773,0.16875,10240,4387467,330,56534,28,271,28,271
11160,28.078,15.387,7.620593,7.331177,0.289416,7.461792,7.259521,0.361071,429.9429,0.797363,0.74465,171.1128,0.03877,0.794922,0.166309,10240,4402615,334,56595,29,271,29,271
11180,28.126,15.413,7.624703,7.330566,0.294136,7.457275,7.254517,0.370186,453.4999,0.806348,0.757508,179.3577,0.041504,0.796875,0.161621,10240,4643839,320,56501,30,271,30,271
11200,28.173,15.438,7.626855,7.315308,0.311547,7.449463,7.240234,0.386621,435.5607,0.80459,0.745041,168.4776,0.03916,0.80957,0.15127,10240,4460142,326,56428,29,271,29,271
11220,28.229,15.461,7.625947,7.327515,0.298432,7.448364,7.248169,0.377778,428.6229,0.805176,0.741386,182.099,0.038086,0.812695,0.149219,10240,4389098,315,56427,28,271,28,271
11240,28.295,15.494,7.616295,7.318848,0.297448,7.435547,7.24353,0.372765,423.2967,0.809473,0.737454,181.847,0.037402,0.814941,0.147656,10240,4334558,335,56445,29,271,29,271
11260,28.348,15.525,7.616784,7.3302,0.286584,7.441162,7.252808,0.363976,423.4303,0.810352,0.735797,180.2532,0.037207,0.82041,0.142383,10240,4335926,318,56527,30,271,30,271
11280,28.394,15.549,7.614685,7.312866,0.301819,7.455566,7.258301,0.356384,440.0074,0.816211,0.743872,183.4696,0.039258,0.825684,0.135059,10240,4505676,327,56603,30,271,30,271
11300,28.44,15.573,7.609607,7.328125,0.281482,7.454224,7.25354,0.356067,444.233,0.817383,0.747164,185.5324,0.039844,0.824414,0.135742,10240,4548946,344,56609,33,272,33,272
11320,28.485,15.597,7.59975,7.31311,0.286639,7.449707,7.248047,0.351703,445.12,0.82373,0.746491,176.2718,0.040137,0.830762,0.129102,10240,4558029,337,56671,34,272,34,272
11340,28.534,15.624,7.602733,7.305908,0.296825,7.44458,7.250366,0.352367,431.0523,0.822949,0.739741,170.4664,0.038379,0.825,0.136621,10240,4413976,318,56680,35,273,35,273
11360,28.582,15.648,7.601751,7.362549,0.239202,7.46228,7.268555,0.333196,427.4898,0.820312,0.736568,168.1349,0.038086,0.828809,0.133105,10240,4377496,320,56849,33,273,33,273
11380,28.629,15.672,7.599847,7.3573,0.242547,7.478394,7.281738,0.318108,429.0284,0.818848,0.737377,168.2427,0.037988,0.825195,0.136816,10240,4393251,311,56958,33,273,33,273
11400,28.676,15.696,7.591772,7.340942,0.25083,7.459473,7.265137,0.326636,441.3182,0.833398,0.745027,175.2421,0.039648,0.825488,0.134863,10240,4519098,288,56929,33,273,33,273
11420,28.728,15.726,7.597079,7.325928,0.271151,7.471802,7.268799,0.32828,447.5657,0.831934,0.747221,177.3012,0.040234,0.832227,0.127539,10240,4583073,305,56945,32,273,32,273
11440,28.774,15.75,7.600546,7.348633,0.251913,7.484131,7.272705,0.327841,440.4314,0.830664,0.741849,175.1075,0.039551,0.837109,0.12334,10240,4510018,319,56979,33,273,33,273
11460,28.819,15.773,7.610329,7.362549,0.24778,7.499512,7.285156,0.325173,438.3235,0.828418,0.740332,168.0963,0.039453,0.837695,0.122852,10240,4488433,313,56995,34,273,34,273
11480,28.865,15.796,7.602158,7.360352,0.241806,7.491211,7.280151,0.322006,420.0951,0.835547,0.727638,158.1438,0.037207,0.84375,0.119043,10240,4301774,325,56985,35,273,35,273
11500,28.909,15.819,7.605077,7.349365,0.255712,7.479614,7.274048,0.331029,415.8954,0.832129,0.724317,158.4145,0.036719,0.85,0.113281,10240,4258769,323,56867,33,274,33,274
11520,28.953,15.842,7.606951,7.357178,0.249773,7.480347,7.282837,0.324114,399.4118,0.82959,0.71233,151.8755,0.034473,0.85,0.115527,10240,4089977,310,56933,33,275,33,275
11540,28.997,15.865,7.611624,7.361694,0.24993,7.508301,7.294922,0.316702,393.5432,0.826074,0.707258,146.8043,0.033887,0.854102,0.112012,10240,4029882,332,57023,33,275,33,275
11560,29.04,15.887,7.60976,7.370239,0.239521,7.510254,7.302246,0.307514,387.1687,0.833105,0.702992,148.0239,0.033008,0.849902,0.11709,10240,3964608,310,57041,32,275,32,275
11580,29.084,15.908,7.613542,7.354614,0.258927,7.49939,7.292847,0.320695,376.0577,0.841406,0.69339,142.4118,0.031836,0.853223,0.114941,10240,3850831,314,56965,31,275,31,275
11600,29.131,15.931,7.606766,7.340454,0.266312,7.490601,7.286987,0.319779,372.9054,0.846973,0.689565,135.9052,0.031152,0.859863,0.108984,10240,3818551,312,56952,32,275,32,275
11620,29.177,15.955,7.603833,7.336914,0.266919,7.47522,7.277466,0.326367,383.015,0.841797,0.698321,144.0493,0.032031,0.860254,0.107715,10240,3922074,285,56901,31,275,31,275
11640,29.222,15.977,7.579999,7.311646,0.268353,7.457153,7.260376,0.319623,388.1321,0.850684,0.699381,146.4917,0.032031,0.869043,0.098926,10240,3974473,332,56898,28,275,28,275
11660,29.268,15.999,7.582844,7.308472,0.274373,7.460693,7.264771,0.318074,388.7335,0.860547,0.69791,139.9358,0.032617,0.874219,0.093164,10240,3980631,320,56880,28,276,28,276
11680,29.312,16.021,7.579851,7.32312,0.25673,7.465698,7.262817,0.317033,393.8876,0.847852,0.703584,140.6366,0.033496,0.87002,0.096484,10240,4033409,334,56920,29,276,29,276
11700,29.365,16.044,7.573809,7.321167,0.252642,7.463501,7.263672,0.310137,407.206,0.862402,0.710952,140.9222,0.035059,0.877637,0.087305,10240,4169789,325,56940,29,276,29,276
11720,29.43,16.077,7.576709,7.321045,0.255664,7.474121,7.272095,0.304615,425.0446,0.859277,0.721127,147.9102,0.036914,0.887207,0.075879,10240,4352457,312,56942,27,276,27,276
11740,29.48,16.105,7.568456,7.348633,0.219823,7.469971,7.275757,0.292699,425.3241,0.871582,0.721513,144.9034,0.037207,0.885352,0.077441,10240,4355319,292,57002,26,277,26,277
11760,29.527,16.129,7.566435,7.356201,0.210234,7.466064,7.273071,0.293364,434.1802,0.876953,0.726701,157.5715,0.038184,0.883691,0.078125,10240,4446005,320,57013,29,278,29,278
11780,29.575,16.153,7.572829,7.354248,0.218581,7.47876,7.279297,0.293532,434.9716,0.867676,0.727205,161.642,0.038281,0.882422,0.079297,10240,4454109,329,57079,29,280,29,280
11800,29.62,16.176,7.563538,7.363403,0.200135,7.486694,7.285278,0.27826,428.0044,0.877246,0.722648,159.6978,0.0375,0.888379,0.074121,10240,4382765,326,57163,26,280,26,280
11820,29.667,16.2,7.561732,7.362183,0.19955,7.484741,7.294067,0.267665,442.5791,0.888672,0.73199,162.2271,0.039355,0.886426,0.074219,10240,4532010,325,57251,25,280,25,280
11840,29.715,16.225,7.55382,7.372803,0.181018,7.476562,7.296143,0.257678,439.8439,0.890918,0.729821,167.3996,0.039062,0.886328,0.074609,10240,4504002,302,57267,26,280,26,280
11860,29.769,16.256,7.566612,7.354492,0.21212,7.498779,7.290405,0.276207,440.2621,0.885352,0.729236,165.3251,0.038965,0.890527,0.070508,10240,4508284,300,57176,25,280,25,280
11880,29.815,16.28,7.565578,7.347046,0.218532,7.486938,7.285034,0.280544,431.5349,0.886914,0.721911,162.2931,0.037695,0.900879,0.061426,10240,4418917,297,57112,26,280,26,280
11900,29.861,16.305,7.562006,7.338501,0.223505,7.479858,7.288818,0.273187,431.2464,0.882031,0.722675,157.6564,0.037793,0.894531,0.067676,10240,4415963,313,57155,25,280,25,280
11920,29.92,16.329,7.568397,7.346802,0.221596,7.484253,7.291016,0.277382,427.0514,0.88125,0.720664,161.3633,0.037207,0.89248,0.070312,10240,4373006,315,57166,25,280,25,280
11940,29.969,16.356,7.566925,7.371704,0.195221,7.499268,7.295288,0.271637,419.6232,0.881836,0.717423,167.3201,0.036426,0.887402,0.076172,10240,4296942,318,57245,23,281,23,281
11960,30.017,16.381,7.552943,7.338501,0.214442,7.481689,7.278442,0.2745,427.6828,0.88457,0.723667,165.8585,0.037598,0.881641,0.080762,10240,4379472,314,57176,23,281,23,281
11980,30.064,16.405,7.551583,7.334717,0.216867,7.483643,7.284546,0.267038,435.4323,0.888086,0.728516,177.7373,0.038574,0.881152,0.080273,10240,4458827,306,57251,22,281,22,281
12000,30.115,16.43,7.549532,7.36084,0.188692,7.489868,7.297607,0.251924,444.8001,0.893945,0.73473,186.4566,0.039551,0.878027,0.082422,10240,4554753,319,57377,18,281,18,281
12020,30.16,16.455,7.537673,7.3125,0.225173,7.470093,7.270508,0.267166,463.8043,0.894727,0.746258,197.0719,0.041895,0.874023,0.084082,10240,4749356,333,57185,19,281,19,281
12040,30.206,16.479,7.531396,7.334106,0.197289,7.480469,7.282471,0.248925,448.4749,0.901953,0.737563,190.6446,0.040332,0.880859,0.078809,10240,4592383,335,57273,18,281,18,281
12060,30.25,16.504,7.525179,7.32019,0.204989,7.456055,7.274292,0.250887,443.0247,0.897559,0.735395,183.408,0.03916,0.872461,0.088379,10240,4536573,334,57271,17,281,17,281
12080,30.295,16.528,7.523525,7.331787,0.191738,7.465332,7.272705,0.25082,442.0536,0.896875,0.734198,183.9791,0.03916,0.87002,0.09082,10240,4526629,324,57261,17,281,17,281
12100,30.341,16.554,7.521685,7.336304,0.185382,7.468872,7.286499,0.235186,473.2205,0.887988,0.754099,191.5156,0.043164,0.859277,0.097559,10240,4845778,277,57348,18,281,18,281
12120,30.386,16.578,7.517455,7.334229,0.183226,7.447754,7.274902,0.242552,461.7856,0.898047,0.746809,190.17,0.041406,0.868945,0.089648,10240,4728685,308,57328,20,281,20,281
12140,30.433,16.604,7.515566,7.347046,0.16852,7.457397,7.280396,0.23517,481.3465,0.89668,0.757681,195.4315,0.043945,0.863086,0.092969,10240,4928988,306,57355,19,281,19,281
12160,30.479,16.631,7.515134,7.355347,0.159787,7.470825,7.296509,0.218625,510.3664,0.885547,0.774573,200.5104,0.047754,0.848242,0.104004,10240,5226152,313,57391,20,282,20,282
12180,30.528,16.657,7.517472,7.3479,0.169571,7.462524,7.295532,0.221939,532.0914,0.888867,0.782823,208.7189,0.050293,0.852441,0.097266,10240,5448616,335,57427,20,282,20,282
12200,30.585,16.688,7.506217,7.323608,0.182609,7.437378,7.270264,0.235954,517.036,0.884863,0.776615,206.275,0.04834,0.852246,0.099414,10240,5294449,308,57249,19,282,19,282
12220,30.638,16.719,7.509187,7.341309,0.167878,7.450806,7.280396,0.228791,525.2323,0.88291,0.778589,211.6625,0.049414,0.859766,0.09082,10240,5378379,280,57304,21,282,21,282
12240,30.687,16.746,7.524058,7.363037,0.161021,7.483765,7.303223,0.220836,533.4444,0.877539,0.783121,207.3764,0.050781,0.849121,0.100098,10240,5462471,312,57403,21,282,21,282
12260,30.734,16.773,7.522907,7.348877,0.17403,7.477417,7.311279,0.211628,535.9882,0.869824,0.785559,205.1654,0.051172,0.840625,0.108203,10240,5488519,307,57456,21,282,21,282
12280,30.78,16.8,7.526494,7.379761,0.146733,7.484985,7.310425,0.216069,524.4668,0.866113,0.780495,192.3303,0.049609,0.846191,0.104199,10240,5370540,272,57437,21,283,21,283
12300,30.828,16.827,7.510434,7.367676,0.142758,7.457397,7.293701,0.216733,523.1047,0.873828,0.778971,193.5589,0.049414,0.851074,0.099512,10240,5356592,285,57385,23,285,23,285
12320,30.875,16.855,7.505445,7.330688,0.174757,7.462769,7.293945,0.2115,522.1353,0.871094,0.779696,191.7122,0.049805,0.841699,0.108496,10240,5346665,315,57382,23,285,23,285
12340,30.922,16.881,7.487706,7.331543,0.156163,7.431885,7.271362,0.216344,505.2921,0.875293,0.772882,185.7496,0.047461,0.837695,0.114844,10240,5174191,348,57315,23,285,23,285
12360,30.969,16.908,7.494971,7.335693,0.159277,7.445679,7.278564,0.216406,512.3254,0.876953,0.776735,176.5742,0.048438,0.834766,0.116797,10240,5246212,322,57357,23,285,23,285
12380,31.015,16.934,7.484182,7.329346,0.154836,7.435059,7.263428,0.220754,489.8943,0.882422,0.766547,170.4051,0.045801,0.837012,0.117188,10240,5016518,331,57247,23,285,23,285
12400,31.062,16.959,7.482613,7.312378,0.170235,7.418091,7.260132,0.222481,495.7554,0.878418,0.770801,173.571,0.046484,0.830664,0.122852,10240,5076535,317,57243,21,285,21,285
12420,31.116,16.985,7.488255,7.279663,0.208592,7.399902,7.236206,0.252049,511.071,0.891504,0.776679,184.2228,0.048047,0.834082,0.117871,10240,5233367,332,57089,20,285,20,285
12440,31.164,17.011,7.49708,7.339722,0.157359,7.422729,7.262695,0.234385,502.9109,0.884668,0.77334,179.4775,0.047559,0.835352,0.11709,10240,5149808,330,57241,20,285,20,285
12460,31.211,17.037,7.487677,7.308594,0.179084,7.410278,7.245728,0.24195,510.9686,0.885059,0.776978,194.6232,0.048242,0.832031,0.119727,10240,5232318,333,57137,21,285,21,285
12480,31.258,17.064,7.47791,7.283813,0.194097,7.381714,7.219482,0.258428,525.7054,0.881934,0.783131,200.9818,0.049805,0.830371,0.119824,10240,5383223,298,56967,20,285,20,285
12500,31.306,17.091,7.480294,7.2948,0.185494,7.382568,7.221802,0.258492,558.575,0.890039,0.794787,204.5271,0.054004,0.833594,0.112402,10240,5719808,319,56954,20,285,20,285
12520,31.354,17.119,7.467612,7.276978,0.190634,7.382568,7.219482,0.248129,547.3282,0.887109,0.78931,202.5987,0.052539,0.843555,0.103906,10240,5604641,317,56907,20,286,20,286
12540,31.401,17.146,7.460489,7.2677,0.192788,7.369873,7.215576,0.244912,546.5048,0.891992,0.788581,204.2295,0.052441,0.846582,0.100977,10240,5596209,302,56951,20,287,20,287
12560,31.449,17.173,7.460421,7.275757,0.184664,7.375854,7.219727,0.240695,541.1379,0.884863,0.787617,199.9759,0.05166,0.839844,0.108496,10240,5541252,341,57016,19,287,19,287
12580,31.496,17.201,7.459771,7.277832,0.181939,7.386719,7.229858,0.229913,537.1102,0.879785,0.786581,204.4485,0.05127,0.843066,0.105664,10240,5500008,318,57119,19,287,19,287
12600,31.544,17.228,7.462004,7.294922,0.167083,7.395996,7.22998,0.232024,536.6208,0.88584,0.785772,203.6368,0.050488,0.843652,0.105859,10240,5494997,307,57120,19,287,19,287
12620,31.596,17.259,7.452508,7.287109,0.165399,7.38623,7.220825,0.231683,525.8363,0.877539,0.78226,209.351,0.049219,0.841699,0.109082,10240,5384564,309,57087,18,287,18,287
12640,31.644,17.286,7.461855,7.290039,0.171816,7.394043,7.238403,0.223451,533.6568,0.880176,0.785215,214.9937,0.050293,0.840723,0.108984,10240,5464646,331,57165,19,287,19,287
12660,31.692,17.315,7.463931,7.295166,0.168765,7.392822,7.237793,0.226138,545.9121,0.883887,0.789752,218.6115,0.051758,0.843359,0.104883,10240,5590140,329,57194,21,287,21,287
12680,31.74,17.342,7.470203,7.278564,0.191639,7.378418,7.222778,0.247425,539.5204,0.891895,0.785156,218.6814,0.050781,0.856348,0.092871,10240,5524689,328,57028,21,287,21,287
12700,31.788,17.371,7.479181,7.289185,0.189996,7.399658,7.234741,0.24444,550.9408,0.902344,0.787913,215.7842,0.053027,0.86123,0.085742,10240,5641634,340,57101,19,287,19,287
12720,31.836,17.398,7.480077,7.314697,0.16538,7.406616,7.248779,0.231298,546.0436,0.90127,0.785408,202.9215,0.052051,0.866602,0.081348,10240,5591486,330,57153,20,287,20,287
12740,31.889,17.43,7.47447,7.310425,0.164045,7.4021,7.248535,0.225934,568.5547,0.90127,0.793545,213.2047,0.05498,0.867285,0.077734,10240,5822000,310,57207,23,291,23,291
12760,31.946,17.461,7.476426,7.319092,0.157334,7.415405,7.266357,0.210068,570.0822,0.896582,0.794076,208.9492,0.055176,0.864941,0.079883,10240,5837642,301,57294,23,291,23,291
12780,32.001,17.492,7.467244,7.317871,0.149373,7.404907,7.261963,0.205282,559.1341,0.897461,0.791434,190.1224,0.054004,0.858789,0.087207,10240,5725533,308,57315,23,291,23,291
12800,32.06,17.523,7.46498,7.322388,0.142592,7.421021,7.265015,0.199965,526.0657,0.897559,0.777179,186.8913,0.049902,0.864258,0.08584,10240,5386913,308,57311,23,291,23,291
12820,32.11,17.551,7.466951,7.321411,0.14554,7.437012,7.273193,0.193758,515.6597,0.898828,0.772214,183.7324,0.048438,0.871191,0.080371,10240,5280355,294,57365,23,291,23,291
12840,32.157,17.577,7.459573,7.305542,0.154031,7.411133,7.252686,0.206887,483.0118,0.904199,0.756232,173.0172,0.044238,0.875488,0.080273,10240,4946041,284,57214,23,291,23,291
12860,32.204,17.604,7.476143,7.305786,0.170357,7.416748,7.265503,0.21064,470.0483,0.909668,0.749516,165.8479,0.042676,0.875488,0.081836,10240,4813295,352,57273,21,291,21,291
12880,32.249,17.629,7.48026,7.33728,0.142979,7.42688,7.272949,0.20731,463.8921,0.921387,0.744347,169.7955,0.04209,0.885352,0.072559,10240,4750255,313,57259,20,291,20,291
12900,32.294,17.654,7.479574,7.31897,0.160605,7.416748,7.264526,0.215048,459.9561,0.91875,0.743388,171.2727,0.041504,0.88252,0.075977,10240,4709950,307,57220,20,291,20,291
12920,32.341,17.68,7.478093,7.319092,0.159001,7.409668,7.254395,0.223698,478.5536,0.922559,0.752536,171.3124,0.043848,0.885254,0.070898,10240,4900389,315,57142,20,291,20,291
12940,32.386,17.705,7.476548,7.321289,0.155259,7.425415,7.268066,0.208482,473.1019,0.920215,0.749324,172.1579,0.043262,0.889453,0.067285,10240,4844563,345,57261,23,293,23,293
12960,32.431,17.73,7.476126,7.323975,0.152152,7.432251,7.279541,0.196585,455.016,0.92373,0.738982,169.3131,0.041113,0.890332,0.068555,10240,4659364,336,57269,23,293,23,293
12980,32.476,17.755,7.482831,7.315308,0.167523,7.43457,7.280029,0.202802,459.4373,0.921191,0.741189,170.236,0.041602,0.893359,0.065039,10240,4704638,297,57277,24,293,24,293
13000,32.523,17.781,7.488065,7.324585,0.16348,7.445923,7.285278,0.202787,447.4733,0.920312,0.733345,167.2306,0.040039,0.897559,0.062402,10240,4582127,333,57254,24,293,24,293
13020,32.57,17.807,7.482758,7.334839,0.147919,7.432129,7.275269,0.20749,455.7261,0.911914,0.738994,170.8734,0.041016,0.89043,0.068555,10240,4666635,304,57191,24,293,24,293
13040,32.617,17.834,7.492121,7.336792,0.155329,7.434937,7.277222,0.214899,460.3622,0.910059,0.741817,167.0983,0.041797,0.891309,0.066895,10240,4714109,282,57168,22,293,22,293
13060,32.663,17.859,7.501475,7.36438,0.137095,7.4646,7.291626,0.209849,449.3498,0.911621,0.736053,163.7374,0.04043,0.888965,0.070605,10240,4601342,336,57269,19,293,19,293
13080,32.709,17.885,7.506753,7.357666,0.149087,7.470337,7.309814,0.196939,469.937,0.912891,0.748323,181.1756,0.042969,0.882812,0.074219,10240,4812155,307,57376,17,293,17,293
13100,32.754,17.91,7.499582,7.355347,0.144235,7.464233,7.30542,0.194162,462.154,0.905566,0.745116,179.4866,0.041797,0.883203,0.075,10240,4732457,308,57410,18,294,18,294
13120,32.802,17.936,7.504763,7.368164,0.136599,7.463623,7.312134,0.192629,478.1091,0.901074,0.753881,181.0458,0.044043,0.879102,0.076855,10240,4895837,298,57424,18,294,18,294
13140,32.848,17.961,7.509951,7.372192,0.137758,7.474976,7.312012,0.197939,482.794,0.89541,0.75552,180.1903,0.044727,0.880371,0.074902,10240,4943811,321,57398,20,294,20,294
13160,32.894,17.987,7.499817,7.366943,0.132873,7.457275,7.299194,0.200622,472.7785,0.89082,0.750674,183.9303,0.043066,0.87998,0.076953,10240,4841252,316,57388,22,294,22,294
13180,32.939,18.012,7.49429,7.361572,0.132718,7.446167,7.299927,0.194363,474.4478,0.892578,0.75026,182.5611,0.043555,0.887207,0.069238,10240,4858345,296,57408,21,294,21,294
13200,32.99,18.039,7.495916,7.358643,0.137274,7.464111,7.318726,0.177191,479.171,0.889648,0.752609,181.6519,0.044141,0.885254,0.070605,10240,4906711,305,57505,18,294,18,294
13220,33.036,18.065,7.498061,7.370361,0.1277,7.466797,7.32605,0.172011,476.1081,0.885156,0.751743,179.9338,0.04375,0.882129,0.074121,10240,4875347,319,57567,17,294,17,294
13240,33.082,18.091,7.499711,7.386719,0.112992,7.472046,7.325928,0.173783,475.9191,0.892773,0.751102,182.7262,0.043652,0.884766,0.071582,10240,4873412,319,57555,17,294,17,294
13260,33.128,18.116,7.502308,7.370361,0.131946,7.479492,7.324463,0.177845,475.9354,0.891504,0.750597,181.303,0.043652,0.890039,0.066309,10240,4873579,310,57488,17,294,17,294
13280,33.175,18.142,7.515833,7.378662,0.137171,7.479126,7.332642,0.183192,480.9013,0.89248,0.75248,182.99,0.044336,0.892969,0.062695,10240,4924429,308,57460,16,294,16,294
13300,33.221,18.167,7.508525,7.387207,0.121318,7.488525,7.325684,0.182841,489.3178,0.892773,0.757073,185.3187,0.045312,0.892969,0.061719,10240,5010614,307,57480,18,294,18,294
13320,33.266,18.193,7.512971,7.38855,0.124421,7.48877,7.33606,0.176911,487.2166,0.901074,0.756085,187.9634,0.04502,0.889258,0.065723,10240,4989098,359,57499,17,294,17,294
13340,33.311,18.218,7.51678,7.38147,0.13531,7.484619,7.329956,0.186823,455.3766,0.894043,0.739055,184.1901,0.040918,0.891699,0.067383,10240,4663056,329,57415,16,294,16,294
13360,33.355,18.243,7.513391,7.381836,0.131555,7.466919,7.317261,0.19613,461.1418,0.885742,0.743069,184.9119,0.041895,0.884473,0.073633,10240,4722092,307,57316,16,294,16,294
13380,33.4,18.268,7.504093,7.352783,0.151309,7.443726,7.307861,0.196231,451.1106,0.887109,0.736096,182.5547,0.040527,0.89248,0.066992,10240,4619373,305,57255,16,295,16,295
13400,33.446,18.293,7.505619,7.351562,0.154056,7.463135,7.320312,0.185306,454.5779,0.889551,0.738669,182.4462,0.041113,0.887207,0.07168,10240,4654878,290,57386,16,297,16,297
13420,33.489,18.317,7.506525,7.347534,0.158991,7.45459,7.317871,0.188654,430.3637,0.888574,0.722819,176.2932,0.037891,0.895801,0.066309,10240,4406924,336,57332,16,297,16,297
13440,33.533,18.341,7.513302,7.370483,0.142818,7.464233,7.327026,0.186275,425.1846,0.892383,0.718891,175.7187,0.037402,0.896875,0.065723,10240,4353890,335,57378,17,299,17,299
13460,33.58,18.366,7.516471,7.38562,0.130851,7.493042,7.344727,0.171745,427.6188,0.892188,0.720722,176.39,0.037598,0.895703,0.066699,10240,4378817,319,57548,16,299,16,299
13480,33.624,18.391,7.520934,7.390869,0.130065,7.491333,7.34436,0.176573,451.9976,0.896094,0.736948,191.6704,0.040625,0.887305,0.07207,10240,4628455,311,57546,14,299,14,299
13500,33.67,18.415,7.521798,7.380981,0.140816,7.489502,7.341431,0.180367,450.2408,0.883105,0.737784,193.6497,0.040527,0.87998,0.079492,10240,4610466,332,57498,14,299,14,299
13520,33.734,18.452,7.52844,7.376343,0.152098,7.488403,7.338501,0.189939,458.5591,0.878125,0.742832,201.3064,0.041602,0.878711,0.079688,10240,4695645,333,57443,15,299,15,299
13540,33.788,18.485,7.532333,7.389893,0.14244,7.500977,7.353394,0.178939,464.622,0.880859,0.745371,207.6745,0.042285,0.883203,0.074512,10240,4757729,315,57519,13,299,13,299
13560,33.836,18.512,7.527737,7.406738,0.120999,7.499512,7.362305,0.165433,466.7543,0.885742,0.7477,203.3795,0.042578,0.874512,0.08291,10240,4779564,312,57583,12,299,12,299
13580,33.883,18.54,7.524651,7.393311,0.13134,7.494263,7.35022,0.174431,481.6567,0.882812,0.756326,205.4238,0.044434,0.872461,0.083105,10240,4932165,281,57510,12,299,12,299
13600,33.929,18.565,7.534808,7.411621,0.123187,7.494751,7.362549,0.172259,493.8881,0.874414,0.762749,201.119,0.045996,0.865723,0.088281,10240,5057414,338,57582,14,299,14,299
13620,33.975,18.591,7.538668,7.40271,0.135958,7.501831,7.359619,0.179048,492.9587,0.879297,0.763534,204.4106,0.045898,0.859277,0.094824,10240,5047897,292,57532,16,299,16,299
13640,34.026,18.621,7.542072,7.416504,0.125568,7.510132,7.373901,0.168171,489.1879,0.874902,0.762393,195.5782,0.045312,0.858789,0.095898,10240,5009284,334,57560,14,299,14,299
13660,34.072,18.647,7.53683,7.406616,0.130213,7.51123,7.366943,0.169886,487.4439,0.874609,0.760888,197.2784,0.044727,0.862109,0.093164,10240,4991426,328,57508,14,299,14,299
13680,34.118,18.672,7.539116,7.418579,0.120537,7.522705,7.373779,0.165337,484.5144,0.857129,0.760181,196.975,0.044922,0.859277,0.095801,10240,4961427,326,57599,15,299,15,299
13700,34.163,18.697,7.543755,7.421875,0.12188,7.522339,7.386353,0.157402,461.9508,0.850391,0.748561,182.1829,0.041992,0.85957,0.098438,10240,4730376,328,57637,16,299,16,299
13720,34.208,18.722,7.546346,7.424316,0.122029,7.52832,7.387939,0.158406,471.2734,0.844043,0.754865,183.7292,0.043164,0.856348,0.100488,10240,4825840,316,57651,14,299,14,299
13740,34.253,18.747,7.551052,7.434204,0.116848,7.546875,7.395142,0.155911,474.3882,0.846094,0.756521,181.5195,0.043164,0.851367,0.105469,10240,4857735,302,57669,14,299,14,299
13760,34.298,18.772,7.550931,7.447021,0.10391,7.54126,7.392212,0.15872,477.0817,0.856348,0.757691,184.9056,0.043262,0.850293,0.106445,10240,4885317,347,57646,13,299,13,299
13780,34.344,18.799,7.550995,7.430786,0.120208,7.53064,7.387085,0.16391,489.4095,0.863867,0.762661,193.7977,0.04502,0.856836,0.098145,10240,5011553,314,57603,14,299,14,299
13800,34.393,18.826,7.560165,7.41748,0.142684,7.517212,7.371582,0.188583,494.6842,0.874609,0.764799,189.1731,0.045703,0.857129,0.097168,10240,5065566,307,57440,14,299,14,299
13820,34.44,18.853,7.566222,7.434448,0.131774,7.527222,7.381348,0.184874,495.0307,0.866504,0.766646,185.9963,0.046191,0.847266,0.106543,10240,5069114,305,57529,14,299,14,299
13840,34.486,18.878,7.57266,7.444946,0.127714,7.546387,7.401855,0.170805,490.6329,0.865137,0.766924,180.4933,0.045898,0.837207,0.116895,10240,5024081,304,57619,14,299,14,299
13860,34.531,18.904,7.569364,7.44873,0.120634,7.536865,7.392212,0.177152,494.9512,0.863672,0.769841,175.437,0.046387,0.833984,0.119629,10240,5068300,326,57552,14,299,14,299
13880,34.584,18.931,7.573629,7.434937,0.138692,7.523315,7.372314,0.201314,504.3664,0.867285,0.773719,189.6992,0.047461,0.833398,0.119141,10240,5164712,311,57388,15,299,15,299
13900,34.631,18.958,7.576126,7.419067,0.157059,7.527954,7.364624,0.211502,497.8677,0.851562,0.77172,184.7238,0.046777,0.828809,0.124414,10240,5098165,324,57326,14,299,14,299
13920,34.68,18.986,7.582836,7.415283,0.167553,7.522949,7.366211,0.216625,524.4395,0.848926,0.782824,199.7319,0.050098,0.828125,0.121777,10240,5370260,307,57339,15,299,15,299
13940,34.73,19.015,7.576935,7.414795,0.16214,7.523071,7.361084,0.215851,543.6287,0.844238,0.790582,208.122,0.052344,0.831934,0.115723,10240,5566758,291,57347,13,299,13,299
13960,34.778,19.042,7.576053,7.421509,0.154544,7.523682,7.366333,0.20972,552.6793,0.833496,0.795763,213.7523,0.053711,0.82168,0.124609,10240,5659436,323,57305,13,299,13,299
13980,34.825,19.07,7.559428,7.395752,0.163676,7.490967,7.338257,0.221171,564.8729,0.845898,0.800107,222.7467,0.055176,0.819238,0.125586,10240,5784299,320,57111,14,299,14,299
14000,34.876,19.098,7.552414,7.378662,0.173751,7.466675,7.319702,0.232711,593.6098,0.851562,0.80797,243.0996,0.058496,0.832227,0.109277,10240,6078564,348,56994,14,299,14,299
14020,34.926,19.128,7.55298,7.367798,0.185182,7.465942,7.310669,0.242311,609.2374,0.849805,0.81293,250.2725,0.060547,0.832031,0.107422,10240,6238591,310,56957,15,299,15,299
14040,34.974,19.156,7.544877,7.358643,0.186234,7.46936,7.305786,0.239091,575.3994,0.852148,0.802376,234.6187,0.056445,0.828906,0.114648,10240,5892090,336,56944,16,300,16,300
14060,35.026,19.188,7.543713,7.36145,0.182262,7.476074,7.30835,0.235363,572.5444,0.841211,0.802057,237.524,0.05625,0.827539,0.116211,10240,5862855,323,57008,18,300,18,300
14080,35.077,19.22,7.542058,7.336426,0.205632,7.431763,7.282959,0.259099,609.1217,0.844824,0.813961,251.8404,0.060547,0.820508,0.118945,10240,6237406,317,56802,17,300,17,300
14100,35.127,19.249,7.540157,7.339844,0.200313,7.447632,7.286499,0.253658,608.4781,0.849902,0.813299,245.9113,0.060352,0.826367,0.113281,10240,6230816,317,56872,17,300,17,300
14120,35.178,19.279,7.534714,7.332275,0.202439,7.444946,7.286011,0.248703,622.263,0.851465,0.818114,259.9061,0.062207,0.820605,0.117188,10240,6371973,293,56944,18,302,18,302
14140,35.228,19.309,7.53233,7.314087,0.218243,7.432129,7.276611,0.255719,636.9097,0.846191,0.823701,262.4849,0.064062,0.814746,0.121191,10240,6521955,304,56876,21,302,21,302
14160,35.275,19.337,7.528824,7.309082,0.219742,7.429321,7.276855,0.251968,580.3296,0.842773,0.807113,243.2032,0.057227,0.816602,0.126172,10240,5942575,313,56971,21,302,21,302
14180,35.324,19.366,7.540121,7.34668,0.193442,7.446533,7.279663,0.260458,576.4829,0.841699,0.806415,245.1303,0.056641,0.811426,0.131934,10240,5903185,288,56975,21,302,21,302
14200,35.375,19.397,7.544067,7.298584,0.245483,7.419678,7.259155,0.284912,648.8979,0.840137,0.828103,287.2797,0.065332,0.808691,0.125977,10240,6644714,332,56716,21,302,21,302
14220,35.426,19.427,7.535638,7.304932,0.230706,7.418335,7.263794,0.271844,626.6347,0.840234,0.821067,275.5962,0.062891,0.818262,0.118848,10240,6416739,311,56799,21,302,21,302
14240,35.477,19.457,7.541983,7.303589,0.238395,7.43396,7.275513,0.266471,632.8393,0.851465,0.821702,277.3324,0.063379,0.822559,0.114062,10240,6480274,300,56896,21,302,21,302
14260,35.527,19.486,7.538915,7.317017,0.221898,7.438843,7.275879,0.263036,606.1473,0.846973,0.814201,272.9908,0.060352,0.826367,0.113281,10240,6206948,334,56912,21,302,21,302
14280,35.577,19.516,7.541808,7.31958,0.222228,7.439941,7.272217,0.269591,601.1935,0.844824,0.81283,277.3468,0.05957,0.820508,0.119922,10240,6156221,284,56878,21,302,21,302
14300,35.629,19.548,7.538859,7.325928,0.212931,7.435791,7.266724,0.272136,608.8294,0.8375,0.816243,280.0553,0.060742,0.816504,0.122754,10240,6234413,319,56915,19,302,19,302
14320,35.681,19.579,7.537112,7.291748,0.245364,7.407715,7.239014,0.298099,594.9608,0.83584,0.812057,277.605,0.058887,0.81543,0.125684,10240,6092399,323,56708,19,302,19,302
14340,35.73,19.608,7.534276,7.294556,0.23972,7.400146,7.242798,0.291478,584.8604,0.837695,0.808274,268.5195,0.057617,0.820508,0.121875,10240,5988970,346,56764,26,307,26,307
14360,35.779,19.637,7.54078,7.294312,0.246469,7.410522,7.240601,0.30018,596.9025,0.842969,0.812221,273.4283,0.05918,0.820215,0.120605,10240,6112282,314,56768,24,307,24,307
14380,35.829,19.666,7.537354,7.290039,0.247314,7.38501,7.23291,0.304443,587.8239,0.84707,0.80861,272.8104,0.05791,0.823828,0.118262,10240,6019317,359,56726,24,307,24,307
14400,35.879,19.695,7.537207,7.268188,0.269019,7.395386,7.218018,0.319189,606.791,0.849219,0.813637,277.0321,0.060352,0.828125,0.111523,10240,6213540,314,56643,26,308,26,308
14420,35.929,19.725,7.535865,7.26355,0.272315,7.407227,7.227295,0.30857,607.2563,0.854199,0.813356,270.7658,0.059863,0.82998,0.110156,10240,6218304,304,56778,27,308,27,308
14440,35.984,19.758,7.541408,7.280151,0.261257,7.403198,7.229858,0.31155,593.5331,0.857422,0.809393,260.4544,0.058887,0.826172,0.114941,10240,6077779,315,56760,28,308,28,308
14460,36.033,19.787,7.536686,7.264526,0.27216,7.372925,7.220093,0.316593,581.4396,0.862207,0.805579,257.0631,0.057227,0.825977,0.116797,10240,5953941,349,56726,31,308,31,308
14480,36.091,19.818,7.530754,7.267944,0.26281,7.371338,7.214722,0.316033,601.792,0.862402,0.813246,265.0267,0.059863,0.820996,0.119141,10240,6162350,312,56688,31,308,31,308
14500,36.141,19.848,7.531885,7.287598,0.244287,7.393188,7.225342,0.306543,609.312,0.862695,0.814169,266.8319,0.060449,0.824316,0.115234,10240,6239355,327,56813,33,308,33,308
14520,36.193,19.879,7.540632,7.300659,0.239973,7.408569,7.241089,0.299543,603.6375,0.857812,0.813069,266.416,0.059961,0.820605,0.119434,10240,6181248,332,56908,32,308,32,308
14540,36.245,19.911,7.540312,7.318237,0.222074,7.420166,7.242554,0.297758,611.9062,0.850391,0.816256,266.0032,0.060938,0.819336,0.119727,10240,6265920,312,56962,30,308,30,308
14560,36.296,19.942,7.539304,7.30542,0.233884,7.418335,7.248413,0.29089,600.0486,0.842773,0.813081,257.0019,0.05957,0.818945,0.121484,10240,6144498,363,56978,29,308,29,308
14580,36.346,19.972,7.539287,7.302979,0.236309,7.419678,7.25293,0.286358,617.3976,0.839258,0.818697,270.2209,0.061621,0.816895,0.121484,10240,6322151,318,57027,31,308,31,308
14600,36.398,20.004,7.543373,7.332642,0.210731,7.443237,7.259155,0.284217,663.6454,0.83916,0.830868,292.8268,0.067285,0.81875,0.113965,10240,6795729,294,57113,31,308,31,308
14620,36.45,20.036,7.549552,7.351318,0.198233,7.458618,7.274902,0.274649,669.7654,0.845703,0.832551,306.2762,0.068066,0.81875,0.113184,10240,6858398,322,57156,32,308,32,308
14640,36.503,20.069,7.564276,7.35791,0.206366,7.48999,7.290405,0.273871,663.9777,0.847754,0.83038,310.0364,0.067285,0.821094,0.111621,10240,6799132,337,57208,32,308,32,308
14660,36.555,20.101,7.570681,7.369629,0.201052,7.496216,7.314331,0.25635,638.8386,0.848828,0.823018,293.5576,0.064258,0.824414,0.111328,10240,6541707,346,57302,30,308,30,308
14680,36.609,20.133,7.56972,7.375,0.19472,7.50354,7.312744,0.256976,622.3167,0.846973,0.818637,275.5321,0.062207,0.819434,0.118359,10240,6372523,325,57279,30,308,30,308
14700,36.662,20.165,7.570539,7.373047,0.197492,7.506958,7.312134,0.258406,649.8547,0.845703,0.825405,281.0989,0.065527,0.829883,0.10459,10240,6654512,317,57300,29,308,29,308
14720,36.717,20.196,7.574102,7.392212,0.18189,7.514893,7.327515,0.246587,648.0324,0.848438,0.825023,283.6096,0.06543,0.827148,0.107422,10240,6635852,307,57359,30,308,30,308
14740,36.769,20.227,7.576838,7.417358,0.15948,7.516113,7.334106,0.242732,657.0005,0.845508,0.828646,284.1849,0.066309,0.815527,0.118164,10240,6727685,294,57346,29,308,29,308
14760,36.823,20.259,7.573906,7.409668,0.164238,7.512817,7.333374,0.240532,647.8693,0.835547,0.827125,281.3156,0.065527,0.810449,0.124023,10240,6634182,347,57423,28,308,28,308
14780,36.873,20.288,7.566363,7.419434,0.14693,7.526489,7.33728,0.229083,607.5858,0.837012,0.815818,265.5889,0.060547,0.816211,0.123242,10240,6221679,313,57489,27,308,27,308
14800,36.923,20.317,7.568029,7.431763,0.136266,7.535156,7.351318,0.21671,607.1281,0.836523,0.817098,261.2804,0.060645,0.808105,0.13125,10240,6216992,302,57529,26,308,26,308
14820,36.973,20.347,7.570657,7.421265,0.149392,7.538696,7.353271,0.217385,597.4194,0.839355,0.814552,257.7694,0.05918,0.803027,0.137793,10240,6117575,302,57526,26,308,26,308
14840,37.029,20.381,7.570947,7.405884,0.165064,7.512573,7.345581,0.225366,614.1882,0.832812,0.820513,273.0914,0.061328,0.79834,0.140332,10240,6289287,339,57367,26,308,26,308
14860,37.08,20.412,7.574107,7.408447,0.165659,7.520264,7.333618,0.240489,635.4602,0.838281,0.826699,278.1399,0.064062,0.796777,0.13916,10240,6507112,308,57262,25,308,25,308
14880,37.131,20.442,7.576366,7.36377,0.212597,7.486328,7.295288,0.281078,608.7177,0.842188,0.818224,271.6549,0.060742,0.796973,0.142285,10240,6233269,293,57022,25,308,25,308
14900,37.181,20.471,7.578697,7.382202,0.196495,7.492798,7.304443,0.274254,612.0561,0.844434,0.818436,278.0552,0.06123,0.804883,0.133887,10240,6267454,343,57065,24,308,24,308
14920,37.231,20.5,7.58392,7.383179,0.200741,7.512573,7.316284,0.267635,600.6604,0.835547,0.815937,276.8286,0.059766,0.802637,0.137598,10240,6150763,310,57132,23,308,23,308
14940,37.281,20.529,7.585925,7.373047,0.212878,7.487427,7.304321,0.281603,603.9477,0.831445,0.817299,277.799,0.060254,0.800195,0.139551,10240,6184424,310,57092,23,308,23,308
14960,37.332,20.559,7.58697,7.377197,0.209773,7.490112,7.306885,0.280085,597.0113,0.84082,0.813745,281.519,0.059277,0.804785,0.135938,10240,6113396,304,57123,23,308,23,308
14980,37.381,20.588,7.58312,7.352783,0.230337,7.492188,7.290527,0.292593,621.0067,0.841113,0.820801,290.4503,0.062305,0.809961,0.127734,10240,6359109,289,57003,23,308,23,308
15000,37.433,20.618,7.580599,7.343628,0.236971,7.46228,7.264526,0.316073,604.2382,0.858789,0.814574,269.2642,0.060156,0.816797,0.123047,10240,6187399,297,56795,22,308,22,308
15020,37.482,20.647,7.582619,7.331787,0.250832,7.456665,7.262329,0.32029,588.5828,0.871582,0.807228,261.7523,0.058105,0.832324,0.10957,10240,6027088,341,56794,20,308,20,308
15040,37.53,20.675,7.578561,7.330933,0.247628,7.443359,7.25647,0.322091,558.6886,0.86875,0.796079,255.2431,0.054199,0.84043,0.105371,10240,5720971,325,56823,20,308,20,308
15060,37.583,20.702,7.583211,7.318848,0.264363,7.430542,7.236572,0.346638,554.8466,0.875293,0.792689,243.5268,0.053809,0.848828,0.097363,10240,5681629,298,56679,19,308,19,308
15080,37.634,20.733,7.582447,7.31897,0.263478,7.426636,7.224854,0.357594,559.883,0.875,0.794508,246.4627,0.054395,0.852051,0.093555,10240,5733202,333,56631,18,308,18,308
15100,37.683,20.762,7.577578,7.302734,0.274843,7.446655,7.232422,0.345156,547.4167,0.876074,0.790287,245.7859,0.053027,0.847461,0.099512,10240,5605547,329,56739,15,308,15,308
15120,37.731,20.789,7.580302,7.317139,0.263163,7.457031,7.250244,0.330057,545.9459,0.876172,0.790955,254.0135,0.052637,0.838184,0.10918,10240,5590486,291,56861,16,308,16,308
15140,37.78,20.818,7.583399,7.310059,0.27334,7.456421,7.254883,0.328516,562.0528,0.866211,0.798392,269.8771,0.05459,0.830176,0.115234,10240,5755421,342,56841,22,308,22,308
15160,37.83,20.848,7.573015,7.306641,0.266375,7.436157,7.237793,0.335222,594.1773,0.867383,0.810473,273.2638,0.058398,0.822949,0.118652,10240,6084376,285,56801,21,308,21,308
15180,37.879,20.877,7.564183,7.304443,0.259739,7.426147,7.219727,0.344456,592.1658,0.866699,0.81001,274.3327,0.058594,0.824219,0.117188,10240,6063778,325,56703,21,309,21,309
15200,37.93,20.907,7.566212,7.284668,0.281544,7.412476,7.20874,0.357471,602.7979,0.870215,0.813542,267.6912,0.059766,0.820605,0.119629,10240,6172650,332,56576,23,309,23,309
15220,37.985,20.936,7.573906,7.272461,0.301445,7.416138,7.21167,0.362236,601.3374,0.869824,0.813261,265.0101,0.059863,0.817871,0.122266,10240,6157695,304,56571,23,309,23,309
15240,38.039,20.967,7.57142,7.278809,0.292611,7.416626,7.207886,0.363534,589.5734,0.858203,0.809929,266.9144,0.058105,0.819238,0.122656,10240,6037232,296,56565,22,309,22,309
15260,38.089,20.996,7.570284,7.2677,0.302584,7.417358,7.204468,0.365816,603.1159,0.864453,0.815086,272.9243,0.059863,0.811328,0.128809,10240,6175907,291,56615,24,310,24,310
15280,38.139,21.025,7.580774,7.282593,0.298181,7.420288,7.212769,0.368005,607.1142,0.855273,0.816484,276.6029,0.060547,0.811328,0.128125,10240,6216849,313,56632,27,310,27,310
15300,38.188,21.054,7.574499,7.275146,0.299353,7.413574,7.214722,0.359778,591.6431,0.851562,0.81126,270.9129,0.058496,0.814746,0.126758,10240,6058425,315,56660,29,310,29,310
15320,38.238,21.084,7.569102,7.283325,0.285777,7.413818,7.211914,0.357188,607.1822,0.85791,0.815911,271.0654,0.060547,0.81582,0.123633,10240,6217546,332,56738,32,311,32,311
15340,38.288,21.114,7.57034,7.259399,0.31094,7.396118,7.20166,0.36868,617.7123,0.854199,0.819434,275.6856,0.062012,0.814941,0.123047,10240,6325374,341,56616,31,311,31,311
15360,38.337,21.143,7.566777,7.268066,0.29871,7.406494,7.194702,0.372075,588.6681,0.858691,0.810318,274.0553,0.058496,0.817871,0.123633,10240,6027961,301,56673,29,311,29,311
15380,38.386,21.172,7.558724,7.249023,0.3097,7.395386,7.197876,0.360848,595.4718,0.866113,0.812266,271.5496,0.05918,0.819043,0.121777,10240,6097631,321,56725,28,311,28,311
15400,38.437,21.202,7.556399,7.280884,0.275515,7.407837,7.206055,0.350344,586.8783,0.862695,0.810429,268.5435,0.058105,0.811523,0.130371,10240,6009634,305,56754,29,311,29,311
15420,38.489,21.231,7.565433,7.269165,0.296268,7.416138,7.208862,0.356571,592.811,0.864258,0.812029,260.7584,0.058887,0.81123,0.129883,10240,6070385,318,56780,30,311,30,311
15440,38.538,21.259,7.557313,7.24292,0.314393,7.378296,7.187866,0.369446,572.5868,0.867188,0.805475,254.2047,0.056445,0.809766,0.133789,10240,5863289,286,56537,33,311,33,311
15460,38.6,21.293,7.550244,7.230591,0.319653,7.380127,7.174438,0.375806,565.1232,0.858594,0.802884,261.0229,0.055469,0.813477,0.131055,10240,5786862,302,56496,36,311,36,311
15480,38.649,21.321,7.55134,7.251465,0.299875,7.39563,7.189331,0.362009,531.9379,0.861523,0.789183,241.0258,0.051367,0.824219,0.124414,10240,5447044,323,56624,38,311,38,311
15500,38.697,21.348,7.557576,7.262939,0.294636,7.402344,7.19873,0.358845,545.4768,0.858984,0.794915,242.2779,0.053125,0.818164,0.128711,10240,5585682,298,56697,37,311,37,311
15520,38.746,21.375,7.562262,7.269653,0.292609,7.420532,7.220581,0.341681,524.7158,0.84873,0.787615,239.4274,0.050586,0.811035,0.138379,10240,5373090,322,56812,36,311,36,311
15540,38.793,21.402,7.561028,7.289673,0.271356,7.429932,7.228394,0.332635,522.9155,0.843848,0.788062,242.8597,0.050488,0.804883,0.144629,10240,5354655,311,56903,36,311,36,311
15560,38.842,21.43,7.563096,7.2677,0.295396,7.433228,7.21936,0.343736,536.3951,0.851953,0.793444,250.8095,0.051953,0.805664,0.142383,10240,5492686,307,56806,36,311,36,311
15580,38.891,21.458,7.565245,7.276001,0.289244,7.420898,7.210571,0.354674,575.1301,0.84502,0.806537,257.2279,0.056738,0.810352,0.13291,10240,5889332,258,56702,36,311,36,311
15600,38.94,21.487,7.564221,7.275635,0.288587,7.439209,7.218018,0.346204,581.1968,0.841992,0.809174,264.7412,0.05752,0.802734,0.139746,10240,5951455,331,56856,37,311,37,311
15620,38.989,21.516,7.563626,7.288086,0.27554,7.442017,7.217285,0.34634,588.7446,0.841211,0.813409,268.5247,0.058594,0.794141,0.147266,10240,6028745,305,56881,39,314,39,314
15640,39.052,21.545,7.575684,7.309204,0.26648,7.452515,7.227783,0.347901,553.3483,0.840234,0.802621,256.2885,0.054492,0.789648,0.155859,10240,5666287,305,56958,36,314,36,314
15660,39.121,21.586,7.589074,7.335449,0.253625,7.475342,7.253662,0.335412,570.0229,0.835449,0.810337,267.5892,0.056641,0.781738,0.161621,10240,5837035,347,57055,36,315,36,315
15680,39.17,21.614,7.593295,7.315918,0.277377,7.468018,7.250854,0.342441,580.9131,0.82627,0.813979,266.574,0.057715,0.778809,0.163477,10240,5948550,276,57001,36,315,36,315
15700,39.22,21.645,7.593071,7.31311,0.27996,7.465576,7.239624,0.353447,585.9249,0.825879,0.81524,272.1441,0.058398,0.781348,0.160254,10240,5999871,347,57003,37,315,37,315
15720,39.27,21.674,7.600291,7.317261,0.283031,7.463257,7.224243,0.376048,590.2912,0.829297,0.815658,271.6459,0.058887,0.785156,0.155957,10240,6044582,316,56891,36,315,36,315
15740,39.32,21.703,7.591377,7.286011,0.305366,7.439209,7.208862,0.382515,611.3811,0.819727,0.822154,280.7978,0.061328,0.782617,0.156055,10240,6260542,298,56747,30,315,30,315
15760,39.37,21.732,7.588137,7.262817,0.325319,7.418213,7.181396,0.40674,600.3081,0.826562,0.818945,273.5586,0.059961,0.781543,0.158496,10240,6147155,324,56551,26,315,26,315
15780,39.423,21.764,7.57782,7.262817,0.315002,7.410889,7.172119,0.405701,621.9868,0.829102,0.824904,280.1943,0.062695,0.784375,0.15293,10240,6369145,326,56492,27,315,27,315
15800,39.473,21.793,7.57615,7.250488,0.325662,7.414185,7.176392,0.399759,603.6718,0.820508,0.818628,266.8775,0.060449,0.794336,0.145215,10240,6181599,313,56584,27,315,27,315
15820,39.522,21.822,7.568147,7.252686,0.315461,7.420166,7.177979,0.390168,621.7857,0.821387,0.823204,269.0989,0.062695,0.795215,0.14209,10240,6367086,303,56673,27,315,27,315
15840,39.577,21.854,7.567512,7.266113,0.301398,7.405396,7.184814,0.382697,616.5747,0.814062,0.823627,266.9434,0.061914,0.784082,0.154004,10240,6313725,300,56660,28,315,28,315
15860,39.628,21.883,7.566294,7.274658,0.291636,7.408325,7.185669,0.380625,615.6698,0.814551,0.822785,266.096,0.061914,0.790332,0.147754,10240,6304459,310,56694,26,315,26,315
15880,39.678,21.912,7.565146,7.259766,0.30538,7.413208,7.188599,0.376547,602.3234,0.815918,0.819925,262.595,0.060449,0.781543,0.158008,10240,6167792,336,56789,24,315,24,315
15900,39.728,21.941,7.562281,7.277222,0.28506,7.424683,7.182373,0.379908,608.7132,0.803906,0.82376,267.7437,0.06123,0.768262,0.170508,10240,6233223,310,56724,25,315,25,315
15920,39.778,21.971,7.552861,7.263672,0.289189,7.413086,7.180664,0.372197,616.0063,0.807812,0.825774,269.9551,0.062109,0.768848,0.169043,10240,6307905,304,56842,22,315,22,315
15940,39.829,22.001,7.559434,7.283081,0.276353,7.434326,7.195557,0.363878,600.4089,0.796582,0.822517,257.6298,0.060352,0.761523,0.178125,10240,6148187,343,56929,22,315,22,315
15960,39.881,22.033,7.546127,7.263184,0.282944,7.442017,7.190674,0.355453,621.0159,0.797852,0.828675,277.5477,0.062793,0.760449,0.176758,10240,6359203,326,56922,23,315,23,315
15980,39.934,22.065,7.53759,7.273438,0.264152,7.438965,7.1875,0.35009,628.931,0.79873,0.83025,286.1186,0.063672,0.759668,0.17666,10240,6440253,341,56981,26,315,26,315
16000,39.988,22.095,7.540132,7.276123,0.264009,7.441162,7.194824,0.345308,640.0771,0.80459,0.832647,282.8674,0.064941,0.761426,0.173633,10240,6554389,320,57045,25,315,25,315
16020,40.038,22.125,7.547627,7.306641,0.240987,7.452271,7.218628,0.328999,637.0328,0.807031,0.83191,285.1361,0.064648,0.762012,0.17334,10240,6523216,342,57114,26,315,26,315
16040,40.088,22.155,7.538092,7.291992,0.2461,7.437866,7.210693,0.327399,630.5996,0.811816,0.829729,285.3819,0.063672,0.767578,0.16875,10240,6457340,286,57108,27,315,27,315
16060,40.139,22.185,7.541317,7.279419,0.261898,7.42334,7.199463,0.341854,637.9081,0.818359,0.831208,291.6575,0.064648,0.770508,0.164844,10240,6532179,325,56982,29,315,29,315
16080,40.189,22.216,7.530905,7.269043,0.261862,7.407959,7.18335,0.347556,653.9876,0.814941,0.835978,293.0311,0.066699,0.766504,0.166797,10240,6696833,309,56887,28,315,28,315
16100,40.241,22.248,7.55581,7.270752,0.285058,7.395142,7.172241,0.383569,679.6597,0.812793,0.84248,302.1081,0.069824,0.761816,0.168359,10240,6959715,304,56697,29,315,29,315
16120,40.296,22.282,7.559459,7.266235,0.293224,7.405396,7.171265,0.388194,684.62,0.82002,0.84328,305.5567,0.07041,0.764648,0.164941,10240,7010509,307,56707,28,315,28,315
16140,40.353,22.314,7.558828,7.270386,0.288443,7.408447,7.160645,0.398184,690.9226,0.817285,0.84404,303.476,0.070996,0.774023,0.15498,10240,7075047,346,56696,28,317,28,317
16160,40.409,22.349,7.556374,7.237793,0.318581,7.394653,7.148071,0.408303,672.9103,0.81709,0.838119,303.4861,0.068848,0.7875,0.143652,10240,6890601,331,56644,25,317,25,317
16180,40.472,22.388,7.554371,7.239014,0.315357,7.395142,7.153809,0.400562,685.6448,0.809863,0.841313,311.1232,0.07041,0.782031,0.147559,10240,7021003,333,56604,26,318,26,318
16200,40.54,22.43,7.552469,7.230835,0.321634,7.386108,7.144287,0.408182,699.2633,0.807715,0.844931,308.4838,0.07207,0.774805,0.153125,10240,7160456,285,56526,28,318,28,318
16220,40.597,22.465,7.55079,7.205322,0.345468,7.370972,7.131104,0.419686,726.7355,0.797852,0.849666,311.1097,0.075293,0.781348,0.143359,10240,7441772,291,56400,28,318,28,318
16240,40.655,22.499,7.550679,7.217529,0.333149,7.380493,7.132812,0.417866,739.4465,0.796777,0.852267,318.1086,0.076953,0.782324,0.140723,10240,7571932,312,56465,28,318,28,318
16260,40.715,22.535,7.553454,7.223999,0.329455,7.388916,7.141357,0.412096,706.3838,0.799902,0.845042,310.5687,0.072852,0.787012,0.140137,10240,7233370,322,56538,24,318,24,318
16280,40.77,22.568,7.563284,7.243164,0.32012,7.399536,7.155884,0.407401,694.9784,0.785352,0.843771,319.7753,0.071582,0.775,0.153418,10240,7116579,321,56607,23,318,23,318
16300,40.825,22.6,7.561099,7.269165,0.291934,7.418701,7.167725,0.393374,700.3361,0.779785,0.844938,323.4057,0.072266,0.777148,0.150586,10240,7171442,318,56666,21,318,21,318
16320,40.882,22.636,7.561987,7.269043,0.292944,7.410767,7.171875,0.390112,716.4365,0.771777,0.849873,326.1709,0.074121,0.767871,0.158008,10240,7336310,310,56697,22,318,22,318
16340,40.937,22.67,7.553068,7.261353,0.291716,7.402954,7.167236,0.385832,729.4366,0.769043,0.852514,329.6715,0.076172,0.76582,0.158008,10240,7469431,295,56719,24,318,24,318
16360,40.998,22.704,7.544812,7.246338,0.298474,7.406128,7.162109,0.382703,714.4589,0.774805,0.849241,331.406,0.074121,0.765332,0.160547,10240,7316059,283,56751,30,318,30,318
16380,41.054,22.739,7.549508,7.259888,0.28962,7.39856,7.166626,0.382882,735.4692,0.774121,0.854441,344.1101,0.076855,0.761426,0.161719,10240,7531205,314,56732,29,318,29,318
16400,41.112,22.774,7.541242,7.248779,0.292463,7.397095,7.15686,0.384382,751.221,0.772168,0.857698,354.1944,0.078809,0.760156,0.161035,10240,7692503,289,56733,31,318,31,318
16420,41.169,22.809,7.536905,7.248169,0.288736,7.388184,7.159058,0.377848,762.7548,0.770215,0.859672,359.5755,0.080078,0.76084,0.159082,10240,7810609,292,56744,34,318,34,318
16440,41.224,22.843,7.530342,7.213867,0.316475,7.37146,7.143188,0.387154,743.5555,0.768457,0.855582,353.7189,0.077539,0.766406,0.156055,10240,7614008,334,56666,35,318,35,318
16460,41.281,22.878,7.534951,7.222046,0.312906,7.385132,7.151123,0.383828,732.9576,0.778223,0.85263,336.2771,0.076367,0.772656,0.150977,10240,7505486,323,56726,35,318,35,318
16480,41.337,22.913,7.537497,7.212769,0.324729,7.379395,7.142822,0.394675,754.6407,0.774414,0.856436,351.6236,0.078711,0.778418,0.142871,10240,7727521,291,56652,34,318,34,318
16500,41.393,22.948,7.542163,7.203003,0.339161,7.377197,7.141357,0.400806,766.3696,0.778418,0.858569,358.5049,0.080273,0.776855,0.142871,10240,7847625,331,56644,32,318,32,318
16520,41.452,22.985,7.548851,7.256104,0.292748,7.385864,7.160889,0.387962,774.3766,0.771875,0.860049,362.9281,0.081543,0.777344,0.141113,10240,7929616,311,56780,32,318,32,318
16540,41.509,23.019,7.553218,7.212524,0.340693,7.386597,7.145264,0.407954,750.0373,0.774414,0.854942,366.2998,0.078223,0.781152,0.140625,10240,7680382,295,56631,29,318,29,318
16560,41.564,23.052,7.550929,7.20813,0.342799,7.378906,7.132202,0.418726,721.4268,0.766797,0.848523,344.0177,0.074902,0.781641,0.143457,10240,7387410,312,56522,29,318,29,318
16580,41.62,23.087,7.540433,7.178467,0.361966,7.358276,7.109131,0.431302,711.6999,0.770898,0.845996,322.4807,0.073438,0.786621,0.139941,10240,7287807,324,56387,31,318,31,318
16600,41.673,23.119,7.545113,7.202881,0.342232,7.36499,7.12085,0.424263,699.5796,0.757422,0.842595,325.9371,0.071875,0.78916,0.138965,10240,7163695,357,56467,30,318,30,318
16620,41.728,23.152,7.542035,7.184814,0.35722,7.349854,7.115601,0.426434,715.9298,0.757422,0.846092,334.5261,0.073828,0.79043,0.135742,10240,7331121,306,56391,29,318,29,318
16640,41.783,23.185,7.540573,7.204468,0.336105,7.372681,7.12793,0.412643,735.2953,0.76084,0.849696,340.3549,0.076367,0.79541,0.128223,10240,7529424,318,56568,28,319,28,319
16660,41.837,23.219,7.537884,7.201782,0.336102,7.363647,7.125854,0.41203,724.7708,0.761035,0.847955,337.8153,0.075195,0.792773,0.132031,10240,7421653,326,56598,29,319,29,319
16680,41.893,23.252,7.523305,7.170654,0.352651,7.324463,7.10144,0.421865,719.2844,0.762891,0.846136,337.7752,0.074316,0.794922,0.130762,10240,7365472,356,56508,31,319,31,319
16700,41.95,23.288,7.519644,7.176636,0.343008,7.329468,7.105591,0.414053,721.1689,0.760254,0.846043,348.0947,0.074414,0.799414,0.126172,10240,7384770,312,56603,33,319,33,319
16720,42.008,23.324,7.524453,7.172363,0.35209,7.357788,7.12793,0.396523,734.0265,0.7625,0.847915,348.061,0.076074,0.809082,0.114844,10240,7516431,327,56750,34,319,34,319
16740,42.068,23.361,7.523996,7.178711,0.345285,7.35791,7.120728,0.403268,716.6959,0.767871,0.843933,344.8465,0.074023,0.812695,0.113281,10240,7338966,320,56692,34,319,34,319
16760,42.124,23.395,7.53161,7.208984,0.322626,7.375,7.142456,0.389154,711.8743,0.772949,0.842605,339.331,0.073438,0.816504,0.110059,10240,7289593,346,56805,33,319,33,319
16780,42.18,23.428,7.534582,7.208008,0.326574,7.383057,7.153442,0.38114,722.7092,0.774023,0.844571,333.8968,0.074512,0.818359,0.107129,10240,7400542,327,56884,31,319,31,319
16800,42.241,23.465,7.541784,7.224365,0.317419,7.369629,7.153687,0.388097,709.8073,0.773438,0.841198,333.0516,0.073145,0.821777,0.105078,10240,7268427,302,56779,33,319,33,319
16820,42.301,23.498,7.533877,7.2052,0.328677,7.376343,7.141479,0.392398,705.9271,0.771777,0.842271,325.0915,0.072656,0.805273,0.12207,10240,7228694,283,56757,38,319,38,319
16840,42.356,23.531,7.541485,7.230835,0.31065,7.406982,7.155762,0.385723,705.8144,0.773438,0.843281,318.5199,0.072656,0.796191,0.131152,10240,7227539,307,56899,37,319,37,319
16860,42.409,23.563,7.548567,7.240356,0.308211,7.409302,7.165405,0.383162,686.4408,0.776172,0.838749,316.0227,0.070508,0.793262,0.13623,10240,7029154,328,56913,38,321,38,321
16880,42.462,23.594,7.551975,7.236328,0.315647,7.402832,7.161865,0.39011,672.2507,0.770215,0.836987,299.253,0.06875,0.781055,0.150195,10240,6883847,309,56882,37,321,37,321
16900,42.519,23.629,7.551988,7.234741,0.317247,7.408325,7.161865,0.390123,692.1378,0.764551,0.842755,315.6478,0.071191,0.775586,0.153223,10240,7087491,305,56847,35,321,35,321
16920,42.578,23.664,7.546948,7.230469,0.31648,7.414673,7.173584,0.373364,696.5964,0.777734,0.842877,320.1315,0.07168,0.783008,0.145312,10240,7133147,285,56967,35,321,35,321
16940,42.633,23.696,7.546668,7.251465,0.295203,7.425293,7.18811,0.358557,682.7513,0.783105,0.83931,305.54,0.069824,0.789062,0.141113,10240,6991373,301,57027,37,323,37,323
16960,42.687,23.728,7.552265,7.265503,0.286762,7.434326,7.190918,0.361347,662.1523,0.779297,0.834397,294.5238,0.067578,0.785254,0.147168,10240,6780440,297,57013,36,323,36,323
16980,42.757,23.775,7.546317,7.244507,0.30181,7.420044,7.176514,0.369804,654.9681,0.777832,0.831445,290.0455,0.066504,0.79375,0.139746,10240,6706873,316,56930,38,325,38,325
17000,42.814,23.807,7.533912,7.231201,0.30271,7.410767,7.168945,0.364966,648.8967,0.773145,0.830949,293.7873,0.06582,0.789648,0.144531,10240,6644702,307,56887,39,325,39,325
17020,42.872,23.84,7.529744,7.265503,0.264241,7.413208,7.171143,0.358601,620.8203,0.772363,0.823171,280.7818,0.062109,0.791016,0.146875,10240,6357200,320,56954,35,325,35,325
17040,42.927,23.872,7.522548,7.27124,0.251308,7.407471,7.169556,0.352992,645.9941,0.765918,0.831495,284.8103,0.065625,0.778613,0.155762,10240,6614980,292,57000,33,325,33,325
17060,42.978,23.902,7.520619,7.239868,0.28075,7.411743,7.165894,0.354725,617.8743,0.756641,0.824512,280.8702,0.062109,0.772852,0.165039,10240,6327033,306,56991,34,325,34,325
17080,43.036,23.937,7.524766,7.248047,0.276719,7.408325,7.165161,0.359605,648.8883,0.75166,0.832512,295.8883,0.06582,0.775293,0.158887,10240,6644616,303,56955,33,325,33,325
17100,43.092,23.97,7.525591,7.256958,0.268633,7.405396,7.168823,0.356768,651.196,0.757031,0.833439,300.2245,0.066309,0.772656,0.161035,10240,6668247,336,56947,31,325,31,325
17120,43.146,24.002,7.520539,7.268921,0.251618,7.407715,7.167969,0.35257,643.5524,0.753516,0.831525,287.4903,0.065234,0.775879,0.158887,10240,6589977,303,56975,29,325,29,325
17140,43.198,24.033,7.523027,7.273926,0.249101,7.427124,7.190674,0.332353,659.7764,0.74834,0.837324,287.9041,0.067676,0.761719,0.170605,10240,6756110,337,57059,28,325,28,325
17160,43.251,24.064,7.539479,7.270996,0.268482,7.419067,7.19043,0.349049,643.2711,0.758496,0.831673,278.9555,0.065234,0.773145,0.161621,10240,6587096,300,56935,29,325,29,325
17180,43.302,24.094,7.530652,7.290161,0.240491,7.427734,7.203369,0.327283,635.1379,0.75127,0.830188,270.7832,0.064453,0.766797,0.16875,10240,6503812,306,57008,29,325,29,325
17200,43.353,24.124,7.527771,7.291626,0.236145,7.43335,7.212646,0.315124,629.6586,0.74502,0.8282,270.2715,0.063672,0.771973,0.164355,10240,6447704,278,57106,28,325,28,325
17220,43.406,24.155,7.526703,7.304199,0.222504,7.433105,7.225586,0.301117,650.0358,0.736328,0.835017,275.1358,0.066406,0.761523,0.17207,10240,6656367,301,57206,27,325,27,325
17240,43.458,24.187,7.52175,7.293457,0.228293,7.421753,7.213135,0.308615,627.837,0.736133,0.827879,271.3248,0.063477,0.775684,0.16084,10240,6429051,340,57107,26,325,26,325
17260,43.51,24.219,7.518965,7.281738,0.237227,7.416504,7.213013,0.305952,681.5924,0.73877,0.841211,281.4595,0.07002,0.775488,0.154492,10240,6979506,319,57135,27,325,27,325
17280,43.567,24.254,7.513614,7.269531,0.244083,7.405884,7.197876,0.315738,731.9636,0.731836,0.852687,305.5817,0.07627,0.768262,0.155469,10240,7495307,296,57065,26,325,26,325
17300,43.626,24.291,7.508675,7.242065,0.26661,7.375366,7.17688,0.331795,741.0859,0.732324,0.853402,299.395,0.077148,0.774707,0.148145,10240,7588720,297,56905,27,325,27,325
17320,43.681,24.324,7.508457,7.228394,0.280063,7.367432,7.163086,0.345371,730.7314,0.735254,0.849173,283.9693,0.075684,0.790234,0.134082,10240,7482690,288,56759,25,325,25,325
17340,43.737,24.358,7.510193,7.237427,0.272766,7.390503,7.172119,0.338073,699.9088,0.733887,0.842428,261.8142,0.072266,0.795703,0.132031,10240,7167066,342,56816,27,325,27,325
17360,43.789,24.39,7.514362,7.236694,0.277667,7.36377,7.16687,0.347492,695.9468,0.727832,0.841273,256.8938,0.071484,0.794434,0.134082,10240,7126495,310,56743,28,325,28,325
17380,43.841,24.422,7.508345,7.238892,0.269453,7.376099,7.169189,0.339156,683.7823,0.724316,0.837858,252.4971,0.069922,0.799414,0.130664,10240,7001931,336,56787,28,325,28,325
17400,43.892,24.452,7.504673,7.218994,0.285679,7.373413,7.165894,0.33878,665.311,0.722266,0.832812,232.5412,0.067676,0.802246,0.130078,10240,6812785,313,56780,26,325,26,325
17420,43.945,24.484,7.500175,7.240356,0.259818,7.363892,7.173096,0.327079,695.72,0.719531,0.840371,248.8901,0.071582,0.795801,0.132617,10240,7124173,308,56834,27,325,27,325
17440,44.003,24.516,7.495745,7.23877,0.256975,7.379395,7.172974,0.322771,703.3391,0.714941,0.841653,261.6848,0.072266,0.802734,0.125,10240,7202192,323,56851,26,325,26,325
17460,44.055,24.548,7.514087,7.249146,0.264942,7.384521,7.181152,0.332935,689.9851,0.698633,0.839126,250.7431,0.070801,0.796289,0.13291,10240,7065447,288,56869,26,325,26,325
17480,44.108,24.58,7.514863,7.272217,0.242647,7.406372,7.189209,0.325654,708.0749,0.705273,0.843313,275.7052,0.073145,0.793359,0.133496,10240,7250687,319,56954,26,325,26,325
17500,44.179,24.622,7.527277,7.277344,0.249933,7.41333,7.191406,0.33587,723.8903,0.704199,0.846398,284.6416,0.074902,0.799805,0.125293,10240,7412637,333,56870,28,325,28,325
17520,44.242,24.662,7.531248,7.255371,0.275877,7.40271,7.19458,0.336668,720.3493,0.705957,0.845142,280.2736,0.074316,0.804395,0.121289,10240,7376377,319,56891,25,325,25,325
17540,44.296,24.696,7.540248,7.282349,0.257899,7.414917,7.211426,0.328822,746.0229,0.705176,0.850493,289.8453,0.07793,0.799707,0.122363,10240,7639274,313,56999,24,325,24,325
17560,44.349,24.729,7.542937,7.300415,0.242522,7.421509,7.218262,0.324675,729.7722,0.713672,0.847544,293.147,0.075879,0.797461,0.12666,10240,7472867,332,57043,22,325,22,325
17580,44.404,24.763,7.546744,7.319458,0.227286,7.428589,7.230835,0.315909,752.1362,0.715039,0.852417,295.8913,0.078516,0.791309,0.130176,10240,7701875,326,57139,23,325,23,325
17600,44.46,24.798,7.546362,7.307373,0.238989,7.432617,7.229004,0.317358,749.1431,0.72373,0.852773,290.0239,0.07832,0.783398,0.138281,10240,7671225,292,57111,23,325,23,325
17620,44.518,24.834,7.543768,7.308472,0.235297,7.439209,7.231689,0.312079,745.6574,0.719922,0.852104,280.3624,0.077734,0.784668,0.137598,10240,7635532,293,57194,25,325,25,325
17640,44.573,24.867,7.552926,7.311646,0.241281,7.443481,7.229858,0.323068,741.028,0.72627,0.850601,286.952,0.077051,0.794141,0.128809,10240,7588127,311,57087,24,325,24,325
17660,44.629,24.899,7.562874,7.3479,0.214974,7.462524,7.242676,0.320199,694.5738,0.719922,0.840991,278.7973,0.071484,0.791797,0.136719,10240,7112436,310,57137,24,325,24,325
17680,44.684,24.932,7.562653,7.301514,0.261139,7.441528,7.2146,0.348053,700.9052,0.711133,0.842325,282.5988,0.072168,0.791309,0.136523,10240,7177269,319,56874,23,325,23,325
17700,44.737,24.964,7.553634,7.283813,0.269821,7.413574,7.198364,0.35527,687.4347,0.731934,0.836836,279.4808,0.070215,0.80625,0.123535,10240,7039331,323,56735,25,327,25,327
17720,44.793,24.998,7.552315,7.251099,0.301216,7.408813,7.181885,0.37043,695.8352,0.731445,0.838377,282.9273,0.071387,0.810547,0.118066,10240,7125352,324,56677,27,327,27,327
17740,44.847,25.029,7.547761,7.272461,0.2753,7.404297,7.184814,0.362947,678.8731,0.718555,0.834417,277.5307,0.069238,0.811621,0.119141,10240,6951661,337,56717,23,327,23,327
17760,44.9,25.062,7.546747,7.257812,0.288935,7.41394,7.195435,0.351312,688.61,0.723438,0.836152,280.2061,0.070215,0.81582,0.113965,10240,7051366,306,56814,21,327,21,327
17780,44.961,25.094,7.542989,7.263916,0.279073,7.398682,7.191284,0.351705,710.5283,0.726562,0.841965,282.9891,0.073047,0.80957,0.117383,10240,7275810,298,56811,21,327,21,327
17800,45.041,25.142,7.541953,7.276489,0.265464,7.407959,7.200073,0.34188,706.5086,0.706934,0.842813,286.5389,0.072754,0.795801,0.131445,10240,7234648,318,56840,20,327,20,327
17820,45.105,25.184,7.539576,7.270752,0.268824,7.393799,7.193481,0.346095,700.4845,0.706445,0.840229,288.3935,0.07207,0.807324,0.120605,10240,7172961,304,56796,22,327,22,327
17840,45.164,25.221,7.54103,7.270142,0.270889,7.396606,7.197754,0.343276,704.531,0.710352,0.840567,285.3142,0.072363,0.810547,0.11709,10240,7214397,325,56827,21,327,21,327
17860,45.234,25.268,7.54186,7.269287,0.272573,7.41394,7.203125,0.338735,717.5029,0.694043,0.843452,296.9916,0.073926,0.810645,0.11543,10240,7347230,299,56919,24,327,24,327
17880,45.294,25.307,7.546055,7.288696,0.257359,7.424805,7.212158,0.333897,687.7839,0.685547,0.836775,286.5541,0.07041,0.81377,0.11582,10240,7042907,326,56985,23,327,23,327
17900,45.348,25.339,7.545816,7.291626,0.25419,7.426147,7.221924,0.323892,686.6858,0.678906,0.837399,284.4436,0.070312,0.806836,0.122852,10240,7031663,301,57005,25,329,25,329
17920,45.401,25.371,7.543146,7.283203,0.259943,7.403198,7.204956,0.33819,697.5495,0.678418,0.838725,297.0005,0.071387,0.814453,0.11416,10240,7142907,331,56830,25,329,25,329
17940,45.456,25.405,7.539349,7.274902,0.264447,7.394775,7.199585,0.339764,717.5087,0.672266,0.843241,302.5863,0.074121,0.812012,0.113867,10240,7347289,346,56797,28,329,28,329
17960,45.511,25.438,7.536584,7.269897,0.266686,7.410522,7.203369,0.333214,727.967,0.678418,0.845466,317.9315,0.075488,0.808398,0.116113,10240,7454382,263,56854,29,329,29,329
17980,45.566,25.472,7.536198,7.278687,0.257511,7.409302,7.21167,0.324528,720.387,0.673633,0.843888,306.6219,0.074219,0.807422,0.118359,10240,7376763,316,56892,31,329,31,329
18000,45.625,25.507,7.537935,7.321167,0.216768,7.41626,7.224487,0.313448,700.3359,0.673926,0.840177,292.967,0.071191,0.807617,0.121191,10240,7171440,309,56951,29,329,29,329
18020,45.68,25.539,7.531182,7.294556,0.236626,7.410156,7.228149,0.303033,692.2704,0.681543,0.838594,289.841,0.070508,0.810156,0.119336,10240,7088849,310,56966,28,329,28,329
18040,45.739,25.576,7.534008,7.30835,0.225659,7.42688,7.238892,0.295117,701.8001,0.675488,0.840273,290.2457,0.071777,0.809668,0.118555,10240,7186433,318,57034,29,329,29,329
18060,45.792,25.608,7.527056,7.317627,0.209429,7.410522,7.238037,0.289019,693.7591,0.688574,0.838028,285.4923,0.070801,0.816602,0.112598,10240,7104093,316,57100,30,329,30,329
18080,45.847,25.641,7.528996,7.313721,0.215275,7.432251,7.253052,0.275944,722.1476,0.683398,0.844371,293.5265,0.074023,0.812891,0.113086,10240,7394791,327,57182,30,329,30,329
18100,45.902,25.675,7.536021,7.341431,0.19459,7.44397,7.261841,0.27418,739.7707,0.683984,0.848069,297.9363,0.076172,0.808203,0.115625,10240,7575252,308,57216,29,329,29,329
18120,45.959,25.71,7.535269,7.335205,0.200064,7.439453,7.260254,0.275016,738.6941,0.684082,0.848111,298.0883,0.075879,0.804395,0.119727,10240,7564228,299,57166,29,329,29,329
18140,46.016,25.745,7.539364,7.359619,0.179744,7.459473,7.276245,0.263119,733.4902,0.681348,0.846867,297.5681,0.075684,0.80957,0.114746,10240,7510940,331,57222,29,329,29,329
18160,46.071,25.779,7.545386,7.367188,0.178199,7.466431,7.284058,0.261329,747.7914,0.681152,0.850177,301.1365,0.077539,0.805371,0.11709,10240,7657384,311,57267,30,329,30,329
18180,46.13,25.817,7.544649,7.359009,0.18564,7.473999,7.289551,0.255098,739.2605,0.677637,0.850183,287.6717,0.076855,0.790625,0.13252,10240,7570028,325,57341,30,329,30,329
18200,46.186,25.851,7.550033,7.366821,0.183212,7.476929,7.295532,0.254501,745.2325,0.675293,0.853289,287.6366,0.077148,0.775,0.147852,10240,7631181,313,57338,29,329,29,329
18220,46.244,25.885,7.554047,7.366577,0.18747,7.483521,7.301392,0.252655,753.626,0.65918,0.85719,286.8438,0.078809,0.756934,0.164258,10240,7717130,311,57370,29,329,29,329
18240,46.298,25.918,7.556477,7.379028,0.177449,7.479736,7.310059,0.246419,751.867,0.654102,0.857443,283.5631,0.078223,0.755762,0.166016,10240,7699118,323,57423,30,329,30,329
18260,46.354,25.953,7.55352,7.376831,0.176689,7.486938,7.313599,0.239921,769.9494,0.664453,0.859923,292.0261,0.080566,0.757324,0.162109,10240,7884282,317,57468,29,329,29,329
18280,46.41,25.988,7.550941,7.36438,0.186561,7.498779,7.307373,0.243567,750.0451,0.66123,0.856815,279.2138,0.078223,0.757227,0.164551,10240,7680462,299,57479,27,329,27,329
18300,46.466,26.023,7.556111,7.388794,0.167317,7.490479,7.310913,0.245198,769.076,0.662598,0.860069,285.8154,0.080273,0.75459,0.165137,10240,7875338,328,57413,25,329,25,329
18320,46.52,26.056,7.554571,7.378418,0.176153,7.490601,7.315796,0.238775,750.3121,0.669629,0.856897,278.9316,0.078223,0.756543,0.165234,10240,7683196,305,57398,25,329,25,329
18340,46.578,26.089,7.558047,7.412964,0.145083,7.503052,7.323364,0.234682,700.4829,0.683887,0.846315,268.5169,0.072461,0.759863,0.167676,10240,7172945,300,57479,26,329,26,329
18360,46.631,26.121,7.561976,7.419678,0.142299,7.499878,7.319336,0.242641,703.1953,0.686621,0.846062,263.0805,0.072656,0.764453,0.162891,10240,7200720,309,57431,26,329,26,329
18380,46.684,26.152,7.566747,7.401245,0.165501,7.499512,7.317139,0.249608,693.5585,0.69082,0.842837,261.0312,0.071094,0.773242,0.155664,10240,7102039,309,57370,26,329,26,329
18400,46.738,26.184,7.575049,7.395142,0.179907,7.505737,7.317261,0.257788,692.7261,0.687988,0.842107,261.8444,0.071094,0.778027,0.150879,10240,7093515,353,57311,25,329,25,329
18420,46.79,26.215,7.583807,7.421997,0.16181,7.525024,7.329346,0.254461,664.238,0.70459,0.834809,252.4733,0.067578,0.780469,0.151953,10240,6801797,306,57352,24,329,24,329
18440,46.843,26.246,7.581175,7.39856,0.182615,7.508545,7.32605,0.255125,669.5396,0.70332,0.837241,263.1333,0.068164,0.771289,0.160547,10240,6856086,325,57332,23,329,23,329
18460,46.896,26.28,7.588317,7.411621,0.176696,7.528076,7.335449,0.252868,661.1461,0.692676,0.835547,261.1577,0.06748,0.772754,0.159766,10240,6770136,319,57381,22,329,22,329
18480,46.948,26.31,7.58468,7.437134,0.147546,7.520142,7.343018,0.241663,629.2769,0.679102,0.827207,248.2577,0.063574,0.773535,0.162891,10240,6443795,316,57420,21,329,21,329
18500,47.003,26.341,7.587648,7.435913,0.151735,7.540283,7.346436,0.241212,652.5204,0.681348,0.832478,261.6901,0.066211,0.777637,0.156152,10240,6681809,314,57409,19,329,19,329
18520,47.055,26.371,7.587333,7.417236,0.170096,7.53186,7.335205,0.252128,632.1689,0.674902,0.82649,259.6064,0.063281,0.783008,0.153711,10240,6473410,299,57348,20,329,20,329
18540,47.107,26.402,7.584658,7.428711,0.155947,7.536255,7.342041,0.242617,626.3464,0.675391,0.825363,256.5803,0.062793,0.780273,0.156934,10240,6413787,302,57430,20,329,20,329
18560,47.16,26.433,7.589195,7.420654,0.168541,7.532227,7.346924,0.242271,643.7063,0.668652,0.830673,264.8519,0.064648,0.776172,0.15918,10240,6591553,307,57409,20,329,20,329
18580,47.211,26.463,7.586423,7.417603,0.16882,7.534912,7.346069,0.240353,638.7554,0.674512,0.829573,264.0217,0.064453,0.772168,0.163379,10240,6540855,334,57411,21,329,21,329
18600,47.269,26.497,7.584799,7.44104,0.143759,7.539062,7.353149,0.231649,633.4638,0.677539,0.828237,260.2045,0.063672,0.77207,0.164258,10240,6486669,327,57470,20,329,20,329
18620,47.32,26.527,7.577836,7.41687,0.160966,7.522461,7.342651,0.235185,619.0616,0.67832,0.823537,240.1753,0.061328,0.777637,0.161035,10240,6339191,293,57396,21,329,21,329
18640,47.372,26.556,7.575573,7.435913,0.13966,7.535034,7.351318,0.224255,616.8534,0.679297,0.822955,232.4853,0.06123,0.779297,0.159473,10240,6316579,297,57495,21,329,21,329
18660,47.427,26.586,7.577969,7.447632,0.130337,7.535889,7.360229,0.21774,649.8851,0.675879,0.832627,234.6199,0.065527,0.771191,0.163281,10240,6654823,309,57506,22,329,22,329
18680,47.496,26.633,7.574174,7.451782,0.122391,7.541504,7.36438,0.209794,648.1713,0.676855,0.832565,224.696,0.065723,0.768848,0.16543,10240,6637274,264,57591,22,329,22,329
18700,47.546,26.662,7.572903,7.419434,0.153469,7.523926,7.339478,0.233425,604.0194,0.687598,0.819514,209.4001,0.060254,0.780273,0.159473,10240,6185159,302,57379,22,329,22,329
18720,47.598,26.692,7.569103,7.399536,0.169567,7.518433,7.339966,0.229137,627.8125,0.699902,0.825106,222.4297,0.063379,0.780664,0.155957,10240,6428800,284,57446,22,329,22,329
18740,47.648,26.721,7.567398,7.408569,0.158828,7.500366,7.32312,0.244278,608.9239,0.703125,0.819541,215.8792,0.061035,0.785645,0.15332,10240,6235381,340,57338,21,329,21,329
18760,47.698,26.751,7.567745,7.402832,0.164913,7.507324,7.334473,0.233273,618.5552,0.705078,0.822584,221.0347,0.062305,0.784766,0.15293,10240,6334005,295,57406,19,329,19,329
18780,47.75,26.78,7.566634,7.431641,0.134994,7.515381,7.339478,0.227157,618.285,0.708691,0.822545,222.3274,0.062207,0.787793,0.15,10240,6331238,336,57481,18,329,18,329
18800,47.799,26.809,7.568731,7.405151,0.16358,7.52063,7.334473,0.234259,597.7225,0.72627,0.815703,220.2784,0.059473,0.788477,0.152051,10240,6120678,285,57427,15,329,15,329
18820,47.849,26.838,7.560374,7.38562,0.174754,7.494629,7.312622,0.247752,592.0958,0.723145,0.813813,218.1513,0.058496,0.791602,0.149902,10240,6063061,309,57283,16,329,16,329
18840,47.899,26.867,7.564485,7.399292,0.165193,7.504395,7.323853,0.240632,614.4839,0.720605,0.820081,223.0205,0.061719,0.796191,0.14209,10240,6292315,317,57329,15,329,15,329
18860,47.947,26.895,7.570168,7.397583,0.172585,7.510132,7.332031,0.238137,590.4526,0.717871,0.811817,220.2378,0.058496,0.799902,0.141602,10240,6046235,329,57324,15,329,15,329
18880,48.002,26.923,7.56888,7.407593,0.161287,7.502319,7.328369,0.240511,576.0669,0.711621,0.808875,212.6425,0.056836,0.793262,0.149902,10240,5898925,319,57300,16,329,16,329
18900,48.054,26.953,7.562293,7.401978,0.160315,7.494385,7.321167,0.241126,595.62,0.715234,0.81475,234.0539,0.058984,0.795605,0.14541,10240,6099149,292,57270,15,329,15,329
18920,48.106,26.983,7.556906,7.389038,0.167868,7.491333,7.327271,0.229636,604.129,0.708984,0.8174,230.7369,0.060156,0.791992,0.147852,10240,6186281,318,57336,16,329,16,329
18940,48.161,27.014,7.547576,7.366821,0.180755,7.478271,7.311035,0.236541,627.6765,0.702148,0.823554,239.7482,0.063184,0.794141,0.142676,10240,6427407,338,57279,16,329,16,329
18960,48.214,27.045,7.55504,7.37146,0.18358,7.472778,7.305054,0.249986,627.8977,0.700586,0.823815,240.4819,0.063086,0.795215,0.141699,10240,6429672,284,57198,17,329,17,329
18980,48.265,27.076,7.551348,7.384399,0.166948,7.459961,7.29187,0.259478,614.5544,0.691895,0.819853,237.4865,0.060938,0.795996,0.143066,10240,6293037,335,57086,18,329,18,329
19000,48.316,27.107,7.555037,7.366455,0.188582,7.458008,7.288818,0.266219,631.8279,0.692871,0.824137,247.1567,0.063281,0.793164,0.143555,10240,6469918,314,57005,20,329,20,329
19020,48.371,27.141,7.548464,7.369263,0.179201,7.447754,7.292236,0.256228,660.7836,0.686133,0.83286,245.1471,0.067188,0.786523,0.146289,10240,6766424,302,57063,20,329,20,329
19040,48.422,27.171,7.548784,7.370117,0.178667,7.443848,7.285156,0.263628,654.2354,0.677734,0.831795,238.5426,0.066309,0.779004,0.154688,10240,6699371,283,57007,21,329,21,329
19060,48.474,27.202,7.546525,7.374268,0.172257,7.450195,7.296387,0.250138,659.1942,0.676953,0.833678,234.0853,0.067188,0.775098,0.157715,10240,6750149,320,57083,22,329,22,329
19080,48.526,27.233,7.544601,7.352661,0.19194,7.447876,7.295166,0.249435,646.3806,0.662207,0.83143,233.6445,0.065625,0.771875,0.1625,10240,6618937,297,57062,23,329,23,329
19100,48.581,27.265,7.537166,7.369263,0.167904,7.449829,7.290527,0.246639,668.6128,0.66123,0.837211,237.3415,0.068555,0.774902,0.156543,10240,6846595,302,57063,23,329,23,329
19120,48.635,27.297,7.539501,7.35437,0.185131,7.441772,7.290283,0.249218,689.852,0.666406,0.841662,247.7984,0.070996,0.775586,0.153418,10240,7064084,320,57064,23,329,23,329
19140,48.692,27.331,7.535982,7.337402,0.19858,7.43396,7.275391,0.260592,732.0709,0.690918,0.850249,259.5795,0.075781,0.779004,0.145215,10240,7496406,318,56963,23,329,23,329
19160,48.747,27.366,7.536483,7.328369,0.208114,7.430298,7.270996,0.265487,767.0963,0.68877,0.856681,283.3692,0.080273,0.780859,0.138867,10240,7855066,314,56900,22,329,22,329
19180,48.805,27.402,7.536721,7.328491,0.20823,7.420044,7.258057,0.278664,802.2165,0.702344,0.862478,300.804,0.084375,0.780957,0.134668,10240,8214697,303,56784,21,329,21,329
19200,48.884,27.449,7.535198,7.331299,0.203899,7.42334,7.26416,0.271037,811.0847,0.705176,0.863332,296.9177,0.085645,0.788086,0.12627,10240,8305507,312,56892,22,329,22,329
19220,48.973,27.506,7.5325,7.318115,0.214385,7.418701,7.261719,0.270782,839.7079,0.706934,0.868743,313.6076,0.089062,0.77959,0.131348,10240,8598609,319,56872,24,331,24,331
19240,49.042,27.553,7.535889,7.307373,0.228516,7.402466,7.242065,0.293824,863.965,0.705859,0.872312,312.1321,0.092188,0.781543,0.12627,10240,8847002,319,56754,26,331,26,331
19260,49.098,27.588,7.533452,7.325195,0.208257,7.414795,7.241089,0.292363,807.5711,0.714746,0.862588,283.2334,0.085059,0.792969,0.121973,10240,8269528,317,56765,27,331,27,331
19280,49.155,27.624,7.529369,7.30835,0.221019,7.416016,7.24353,0.285839,823.0559,0.701367,0.865504,287.9209,0.087305,0.790527,0.122168,10240,8428092,297,56806,26,331,26,331
19300,49.211,27.659,7.535928,7.341431,0.194497,7.436279,7.262451,0.273477,805.2008,0.705762,0.86197,280.6383,0.084863,0.79375,0.121387,10240,8245256,331,56933,25,332,25,332
19320,49.271,27.696,7.545803,7.345825,0.199978,7.440063,7.275879,0.269924,803.6928,0.719336,0.861658,284.3537,0.084473,0.796777,0.11875,10240,8229814,332,56958,26,332,26,332
19340,49.327,27.732,7.550363,7.295288,0.255075,7.410156,7.235718,0.314645,818.1125,0.718262,0.863216,285.4263,0.086133,0.802734,0.111133,10240,8377472,297,56707,26,332,26,332
19360,49.383,27.767,7.558162,7.326904,0.231258,7.434082,7.248779,0.309383,811.5578,0.714844,0.861869,298.2983,0.085352,0.806348,0.108301,10240,8310352,282,56764,26,332,26,332
19380,49.438,27.802,7.560232,7.318359,0.241873,7.431152,7.248901,0.311331,790.9,0.717871,0.858241,283.4244,0.083008,0.809961,0.107031,10240,8098816,330,56818,25,332,25,332
19400,49.495,27.837,7.558156,7.317871,0.240285,7.412476,7.240234,0.317921,798.4335,0.726367,0.859176,289.9127,0.083887,0.806738,0.109375,10240,8175959,366,56779,24,332,24,332
19420,49.554,27.875,7.554426,7.292847,0.261579,7.416016,7.231689,0.322736,789.7635,0.734668,0.858073,280.6153,0.08291,0.80332,0.11377,10240,8087178,334,56741,27,334,27,334
19440,49.612,27.912,7.548289,7.291748,0.256541,7.398071,7.229126,0.319163,760.1895,0.752051,0.851782,267.7888,0.079102,0.814355,0.106543,10240,7784340,307,56681,27,334,27,334
19460,49.667,27.946,7.541112,7.303589,0.237523,7.411255,7.233521,0.307591,762.9726,0.744336,0.852166,268.6456,0.079395,0.818555,0.102051,10240,7812839,311,56837,23,334,23,334
19480,49.722,27.981,7.533064,7.308838,0.224226,7.407593,7.227051,0.306014,796.9514,0.747266,0.857991,260.0698,0.08291,0.81748,0.099609,10240,8160782,290,56854,23,334,23,334
19500,49.78,28.017,7.534935,7.299194,0.235741,7.428589,7.236694,0.298241,770.2919,0.757227,0.852847,257.6839,0.080078,0.82168,0.098242,10240,7887789,335,56925,27,336,27,336
19520,49.836,28.051,7.523701,7.305542,0.218159,7.418335,7.237183,0.286518,785.5347,0.760352,0.855561,258.4879,0.081934,0.821875,0.096191,10240,8043875,322,56941,27,336,27,336
19540,49.895,28.089,7.518366,7.301147,0.217218,7.419189,7.240967,0.277399,787.3305,0.766211,0.856394,264.854,0.08252,0.821973,0.095508,10240,8062264,311,57001,28,336,28,336
19560,49.951,28.123,7.515305,7.312256,0.203049,7.42749,7.244995,0.27031,780.4336,0.769141,0.855328,264.3132,0.081445,0.817773,0.100781,10240,7991640,316,57117,28,336,28,336
19580,50.014,28.164,7.519289,7.285522,0.233766,7.419556,7.24585,0.273439,811.5776,0.777734,0.860973,268.9705,0.085352,0.812402,0.102246,10240,8310555,332,57088,29,336,29,336
19600,50.071,28.2,7.522516,7.323853,0.198664,7.425293,7.253174,0.269343,813.6664,0.781152,0.861138,265.1185,0.085645,0.813086,0.10127,10240,8331944,304,57176,32,338,32,338
19620,50.128,28.235,7.524161,7.316772,0.207389,7.439331,7.26416,0.260001,819.6702,0.77627,0.861589,271.0337,0.086328,0.82002,0.093652,10240,8393423,296,57266,28,338,28,338
19640,50.187,28.271,7.526349,7.334229,0.19212,7.447388,7.280273,0.246076,812.5943,0.779199,0.860714,261.0845,0.085547,0.81748,0.096973,10240,8320966,329,57383,30,338,30,338
19660,50.245,28.308,7.520165,7.352295,0.16787,7.465576,7.291016,0.229149,840.9914,0.795117,0.865262,271.6424,0.089062,0.815137,0.095801,10240,8611752,318,57485,28,338,28,338
19680,50.304,28.345,7.521656,7.345947,0.175709,7.464111,7.285034,0.236622,856.4096,0.800586,0.867401,279.5715,0.09082,0.822266,0.086914,10240,8769634,310,57451,27,338,27,338
19700,50.362,28.382,7.525831,7.344482,0.181349,7.4729,7.286621,0.23921,832.4626,0.803418,0.862425,285.9869,0.087695,0.830664,0.081641,10240,8524417,285,57456,29,338,29,338
19720,50.421,28.419,7.536186,7.378906,0.157279,7.480713,7.296265,0.239921,848.6519,0.810645,0.865201,289.6382,0.089746,0.830957,0.079297,10240,8690195,308,57495,26,338,26,338
19740,50.48,28.457,7.538049,7.358154,0.179895,7.470947,7.291382,0.246668,854.1847,0.817383,0.865415,295.9652,0.090234,0.836816,0.072949,10240,8746851,331,57409,26,338,26,338
19760,50.538,28.493,7.534338,7.341797,0.192541,7.466431,7.279053,0.255286,839.0972,0.815918,0.862223,290.6929,0.088574,0.846484,0.064941,10240,8592355,298,57389,24,338,24,338
19780,50.599,28.532,7.526334,7.356934,0.169401,7.481812,7.291504,0.23483,841.7028,0.812207,0.862491,287.7599,0.088672,0.847852,0.063477,10240,8619037,299,57471,25,338,25,338
19800,50.657,28.568,7.52832,7.359863,0.168456,7.471069,7.293335,0.234985,788.7008,0.817773,0.853,274.103,0.081836,0.847852,0.070312,10240,8076296,346,57420,23,338,23,338
19820,50.723,28.605,7.52912,7.360474,0.168646,7.479248,7.285645,0.243475,818.7985,0.816016,0.858873,290.4271,0.085352,0.845312,0.069336,10240,8384497,319,57361,21,338,21,338
19840,50.781,28.641,7.521957,7.349854,0.172104,7.462646,7.281494,0.240463,782.5768,0.821484,0.8522,273.4014,0.080762,0.844727,0.074512,10240,8013586,292,57389,20,338,20,338
19860,50.841,28.677,7.512834,7.347412,0.165422,7.464111,7.285522,0.227312,810.696,0.820605,0.857189,285.7759,0.083496,0.846973,0.069531,10240,8301527,338,57431,20,340,20,340
19880,50.9,28.714,7.50379,7.360107,0.143683,7.4552,7.286621,0.217169,850.0192,0.820117,0.863525,308.9477,0.088672,0.84873,0.062598,10240,8704197,330,57500,19,340,19,340
19900,50.96,28.752,7.504211,7.340454,0.163757,7.454834,7.282593,0.221618,845.5901,0.825,0.862589,309.7846,0.088281,0.848535,0.063184,10240,8658843,317,57469,18,340,18,340
19920,51.023,28.792,7.50352,7.366699,0.136821,7.465942,7.297485,0.206034,811.2099,0.822949,0.856808,303.93,0.08418,0.851172,0.064648,10240,8306789,314,57582,18,340,18,340
19940,51.093,28.828,7.503961,7.355591,0.14837,7.477661,7.299683,0.204278,816.9648,0.81084,0.858881,302.6138,0.085254,0.838965,0.075781,10240,8365720,340,57618,18,342,18,342
19960,51.169,28.883,7.51282,7.383423,0.129398,7.48645,7.318726,0.194095,805.2352,0.813086,0.856656,300.5628,0.083398,0.845312,0.071289,10240,8245608,297,57650,15,342,15,342
19980,51.228,28.919,7.523242,7.403687,0.119555,7.491821,7.317139,0.206103,816.8447,0.798828,0.858905,302.8595,0.084961,0.83877,0.07627,10240,8364490,304,57623,14,342,14,342
20000,51.289,28.955,7.517171,7.393677,0.123495,7.480347,7.303711,0.213461,828.8206,0.796973,0.861258,304.0668,0.086426,0.836523,0.077051,10240,8487123,315,57547,14,342,14,342
