epoch,wall_s,sim_s,entropy_bits,zlib_bits,high_order_entropy,mean_steps,frac_copy_runs,frac_term_budget,frac_term_off_region,frac_term_unmatched,runs,steps,mutations,distinct_windows,n_persistent,A_t
0,0.103,0.0,7.997125,8.003174,-0.006049,0.0,0.0,0.0,0.0,0.0,0,0,0,65536,0,0
50,0.518,0.369,7.99071,7.905396,0.085314,1450.6263,0.55,0.161816,0.616992,0.221191,51200,74272068,811,65108,0,0
100,0.745,0.572,7.984772,7.813599,0.171174,1603.2215,0.58623,0.182324,0.580137,0.237539,51200,82084940,804,65148,0,0
150,0.983,0.784,7.979049,7.739868,0.239181,1622.6684,0.60084,0.184785,0.587227,0.227988,51200,83080621,765,65179,0,0
200,1.195,0.974,7.967226,7.629517,0.337709,1579.145,0.601035,0.178945,0.585898,0.235156,51200,80852226,826,64972,0,0
250,1.446,1.16,7.945364,7.487793,0.457571,1534.6533,0.61543,0.173848,0.593086,0.233066,51200,78574248,784,64410,5,5
300,1.756,1.436,7.928542,7.410889,0.517653,1576.5422,0.610898,0.179141,0.590742,0.230117,51200,80718962,814,64219,4,5
350,2.007,1.631,7.907517,7.316895,0.590623,1535.3301,0.614414,0.174609,0.600312,0.225078,51200,78608903,797,63905,6,7
400,2.38,1.981,7.877302,7.221802,0.655501,1475.3094,0.61043,0.167305,0.608203,0.224492,51200,75535841,795,63401,10,11
450,2.575,2.153,7.824853,7.142456,0.682397,1436.9514,0.611328,0.161914,0.632207,0.205879,51200,73571912,826,62699,19,21
500,2.854,2.405,7.793537,7.0448,0.748737,1378.8989,0.602441,0.155527,0.642285,0.202188,51200,70599626,775,62179,21,23
550,3.044,2.571,7.768269,7.008179,0.76009,1343.1823,0.593105,0.151348,0.638516,0.210137,51200,68770934,781,62191,22,25
600,3.314,2.816,7.745594,6.966919,0.778675,1334.7112,0.585586,0.150117,0.641992,0.207891,51200,68337213,766,62006,28,32
650,3.513,2.992,7.711497,6.890259,0.821239,1301.2389,0.595254,0.145996,0.643945,0.210059,51200,66623433,781,61695,21,34
700,3.882,3.311,7.693741,6.864136,0.829605,1287.9589,0.58918,0.144434,0.645664,0.209902,51200,65943498,741,61846,23,37
750,4.257,3.632,7.663572,6.816284,0.847288,1256.9967,0.588086,0.140273,0.64668,0.213047,51200,64358233,776,61535,24,38
800,4.627,3.947,7.61131,6.739136,0.872174,1216.0762,0.587754,0.135371,0.66082,0.203809,51200,62263102,750,61178,23,38
850,4.988,4.258,7.54839,6.632568,0.915821,1175.4981,0.594863,0.129785,0.670742,0.199473,51200,60185504,800,60561,23,40
900,5.398,4.613,7.511573,6.601929,0.909645,1180.285,0.588105,0.129941,0.674922,0.195137,51200,60430592,788,60535,22,41
950,5.76,4.921,7.458283,6.523315,0.934967,1155.4976,0.586191,0.127031,0.684023,0.188945,51200,59161476,799,59806,29,43
1000,6.123,5.229,7.410601,6.487671,0.92293,1136.3889,0.568242,0.124355,0.685605,0.190039,51200,58183114,871,59687,29,45
1050,6.406,5.478,7.356247,6.419189,0.937057,1117.5444,0.563359,0.122461,0.689473,0.188066,51200,57218275,790,59159,27,50
1100,6.692,5.698,7.279525,6.34021,0.939316,1078.2617,0.574434,0.11752,0.689805,0.192676,51200,55206999,820,58635,32,59
1150,7.024,5.997,7.196705,6.199707,0.996998,1029.0743,0.572383,0.111953,0.691914,0.196133,51200,52688603,780,57334,34,61
1200,7.298,6.215,7.093735,6.10791,0.985825,1005.4275,0.56998,0.108594,0.696914,0.194492,51200,51477887,821,56120,39,66
1250,7.643,6.502,6.949552,5.984985,0.964567,1008.0964,0.581094,0.108945,0.702793,0.188262,51200,51614535,804,55132,47,75
1300,7.919,6.747,6.774665,5.819702,0.954963,927.1897,0.604258,0.099121,0.713008,0.187871,51200,47472113,774,53398,52,76
1350,8.092,6.887,6.617012,5.664185,0.952827,912.1763,0.605508,0.097305,0.723496,0.179199,51200,46703428,809,51544,51,80
1400,8.351,7.114,6.48268,5.500488,0.982191,910.322,0.600391,0.097266,0.71877,0.183965,51200,46608488,772,50415,62,91
1450,8.514,7.244,6.374607,5.355591,1.019016,871.3826,0.624395,0.092754,0.730957,0.176289,51200,44614787,807,49107,70,101
1500,8.809,7.468,6.310173,5.293091,1.017082,880.2887,0.635273,0.094004,0.739863,0.166133,51200,45070781,802,48482,85,114
1550,9.084,7.711,6.251627,5.23938,1.012247,904.3397,0.626777,0.096973,0.741602,0.161426,51200,46302194,807,48316,102,138
1600,9.253,7.845,6.290791,5.265259,1.025532,903.1186,0.63373,0.096387,0.753516,0.150098,51200,46239670,794,48963,108,153
1650,9.536,8.059,6.177243,5.165039,1.012203,909.8771,0.628613,0.097383,0.751875,0.150742,51200,46585705,777,48204,112,169
1700,9.874,8.331,6.081057,5.060669,1.020388,938.0617,0.627617,0.10082,0.751465,0.147715,51200,48028759,777,46465,116,177
1750,10.049,8.47,5.950987,4.932007,1.018981,934.3154,0.640488,0.100117,0.761133,0.13875,51200,47836950,796,45270,107,177
1800,10.235,8.609,5.798102,4.821899,0.976202,946.4749,0.637285,0.101523,0.764688,0.133789,51200,48459514,832,44705,110,185
1850,10.575,8.874,5.706776,4.744751,0.962025,920.4611,0.634531,0.098398,0.769922,0.13168,51200,47127609,797,43899,114,190
1900,10.921,9.144,5.552019,4.615234,0.936785,909.2312,0.638848,0.097207,0.776211,0.126582,51200,46552638,795,42538,130,202
1950,11.27,9.408,5.446497,4.5,0.946497,871.6095,0.660781,0.092695,0.784199,0.123105,51200,44626406,816,41757,137,207
2000,11.594,9.659,5.289236,4.336182,0.953054,844.253,0.663105,0.088965,0.791484,0.119551,51200,43225752,776,40433,142,214
2050,11.926,9.906,5.124556,4.226318,0.898237,851.7734,0.661855,0.089629,0.797266,0.113105,51200,43610798,748,39889,155,231
2100,12.25,10.148,5.061437,4.163086,0.898351,781.5626,0.675605,0.081562,0.812188,0.10625,51200,40016003,818,39758,149,236
2150,12.575,10.383,5.022683,4.075317,0.947366,707.6427,0.674863,0.072578,0.816074,0.111348,51200,36231306,735,40084,153,248
2200,12.902,10.623,4.988481,4.097778,0.890702,693.7271,0.659707,0.071035,0.818242,0.110723,51200,35518830,754,40171,153,252
2250,13.065,10.743,4.801535,3.950928,0.850607,692.7823,0.658867,0.070859,0.822148,0.106992,51200,35470456,776,38386,154,263
2300,13.231,10.862,4.644327,3.817871,0.826456,647.7244,0.676738,0.065234,0.833984,0.100781,51200,33163489,782,37062,173,283
2350,13.475,11.062,4.483336,3.693848,0.789489,614.7534,0.682363,0.060879,0.840215,0.098906,51200,31475372,771,35881,202,302
2400,13.632,11.174,4.363508,3.556274,0.807234,617.292,0.701328,0.061328,0.847988,0.090684,51200,31605348,745,34131,218,314
2450,13.938,11.374,4.12107,3.391479,0.729591,607.3692,0.713633,0.060039,0.862168,0.077793,51200,31097301,764,32414,238,338
2500,14.204,11.592,3.956459,3.221191,0.735268,568.4265,0.732344,0.055195,0.87127,0.073535,51200,29103435,764,30444,250,352
2550,14.384,11.707,3.758709,3.056641,0.702068,557.6562,0.731973,0.05377,0.880938,0.065293,51200,28551996,799,29037,265,371
2600,14.644,11.915,3.510535,2.909302,0.601233,537.6135,0.728672,0.051289,0.88377,0.064941,51200,27525812,799,27043,273,389
2650,14.831,12.014,3.37672,2.749878,0.626842,501.494,0.743125,0.04668,0.894883,0.058438,51200,25676495,837,25597,261,393
2700,15.01,12.146,3.173768,2.612061,0.561708,446.3412,0.751562,0.039883,0.901074,0.059043,51200,22852671,813,24341,275,404
2750,15.153,12.239,3.073206,2.505127,0.568079,424.6805,0.751797,0.037148,0.90998,0.052871,51200,21743642,747,23182,276,411
2800,15.367,12.394,2.929137,2.399292,0.529845,402.972,0.746426,0.034453,0.916738,0.048809,51200,20632167,794,22342,275,414
2850,15.513,12.489,2.731203,2.309814,0.421388,421.0174,0.756582,0.03666,0.917695,0.045645,51200,21556091,749,21035,279,416
2900,15.783,12.667,2.628646,2.231812,0.396835,381.7885,0.777754,0.031719,0.928418,0.039863,51200,19547570,821,20383,283,419
2950,15.924,12.753,2.502871,2.154907,0.347963,321.9941,0.780664,0.024297,0.936953,0.03875,51200,16486100,835,19607,288,426
3000,16.155,12.879,2.407189,2.094727,0.312462,292.2258,0.797988,0.020547,0.946855,0.032598,51200,14961961,823,18787,289,434
3050,16.375,13.039,2.267889,1.958862,0.309027,257.8079,0.785859,0.016309,0.947949,0.035742,51200,13199763,775,17881,295,443
3100,16.507,13.119,2.246915,1.968018,0.278897,262.2102,0.766426,0.016797,0.954414,0.028789,51200,13425163,823,17687,288,443
3150,16.706,13.203,2.225664,1.969238,0.256426,259.09,0.781777,0.016367,0.95875,0.024883,51200,13265410,781,17890,282,443
3200,16.973,13.36,2.192229,1.927368,0.264861,260.6584,0.77582,0.016543,0.959766,0.023691,51200,13345708,853,17524,290,455
3250,17.232,13.515,2.141317,1.89917,0.242147,235.077,0.761113,0.01334,0.963145,0.023516,51200,12035943,767,17368,285,460
3300,17.488,13.667,2.108277,1.888794,0.219483,199.1437,0.760977,0.008828,0.97127,0.019902,51200,10196155,791,17788,305,477
3350,17.753,13.821,2.064544,1.837646,0.226897,177.8214,0.772188,0.006191,0.979375,0.014434,51200,9104458,790,17016,299,483
3400,18.009,13.97,1.898083,1.694702,0.203381,183.7888,0.767715,0.006914,0.980176,0.01291,51200,9409985,770,15440,294,489
3450,18.238,14.112,1.866855,1.667603,0.199252,182.1827,0.765234,0.00668,0.980977,0.012344,51200,9327753,801,14863,294,490
3500,18.366,14.188,1.852933,1.655884,0.19705,178.4996,0.779141,0.00625,0.981738,0.012012,51200,9139181,767,15076,290,492
3550,18.542,14.265,1.689521,1.525146,0.164374,180.4236,0.782422,0.006445,0.985801,0.007754,51200,9237686,773,13368,289,496
3600,18.738,14.409,1.586942,1.445312,0.14163,157.973,0.776523,0.003633,0.991543,0.004824,51200,8088217,746,11919,281,496
3650,18.863,14.48,1.548265,1.394531,0.153734,158.5058,0.795312,0.003711,0.99,0.006289,51200,8115499,772,11763,280,496
3700,19.064,14.576,1.534648,1.380493,0.154155,161.696,0.820547,0.004121,0.987852,0.008027,51200,8278834,761,11630,285,501
3750,19.316,14.72,1.428837,1.320801,0.108036,142.4282,0.823789,0.001699,0.994199,0.004102,51200,7292324,798,10279,286,506
3800,19.556,14.862,1.373037,1.258423,0.114615,143.3829,0.83293,0.001836,0.991816,0.006348,51200,7341207,756,10049,288,506
3850,19.801,15.002,1.438613,1.307251,0.131362,144.6319,0.827227,0.001973,0.993945,0.004082,51200,7405155,756,10734,296,516
3900,20.046,15.137,1.341214,1.224365,0.116849,135.2063,0.834473,0.00082,0.99291,0.00627,51200,6922561,787,9674,294,517
3950,20.287,15.273,1.104259,1.070801,0.033458,128.6716,0.858867,0.0,0.995215,0.004785,51200,6587984,810,7551,300,525
4000,20.533,15.409,1.024543,0.997681,0.026862,133.3902,0.85082,0.000586,0.994141,0.005273,51200,6829578,801,6884,289,525
4050,20.782,15.545,1.006819,0.99231,0.014509,142.7676,0.856055,0.001777,0.990098,0.008125,51200,7309700,797,6446,280,528
4100,21.029,15.682,1.014501,1.00708,0.007421,134.8657,0.856465,0.000762,0.99502,0.004219,51200,6905126,780,6783,278,531
4150,21.263,15.813,0.989087,0.963745,0.025341,128.8183,0.868145,0.0,0.996836,0.003164,51200,6595495,719,6511,272,531
4200,21.506,15.941,0.969502,0.977539,-0.008037,128.6793,0.883066,0.0,0.995215,0.004785,51200,6588378,802,6363,280,539
4250,21.745,16.076,1.018149,0.997925,0.020225,128.6385,0.884688,0.0,0.99457,0.00543,51200,6586293,765,6973,293,550
4300,21.98,16.212,0.976721,0.996216,-0.019495,130.3286,0.853633,0.000195,0.996055,0.00375,51200,6672823,774,7100,289,553
4350,22.218,16.343,0.981407,1.004883,-0.023476,128.7517,0.843301,0.0,0.996152,0.003848,51200,6592089,740,7362,290,562
4400,22.459,16.478,1.096727,1.095337,0.00139,128.8562,0.837285,0.0,0.997734,0.002266,51200,6597437,773,8456,283,570
4450,22.705,16.615,1.088596,1.075195,0.013401,128.8638,0.857383,0.0,0.997656,0.002344,51200,6597827,793,7937,285,575
4500,22.986,16.791,1.133583,1.06604,0.067543,129.1178,0.854023,2e-05,0.999473,0.000508,51200,6610830,768,7714,296,583
4550,23.166,16.88,1.288279,1.223145,0.065134,128.9554,0.841074,0.0,0.999297,0.000703,51200,6602516,868,9707,306,595
4600,23.338,16.998,1.213359,1.192139,0.021221,129.1199,0.850527,2e-05,0.998848,0.001133,51200,6610937,860,9675,293,597
4650,23.488,17.069,1.249758,1.171509,0.078249,128.9741,0.832539,0.0,0.999609,0.000391,51200,6603474,771,9328,284,601
4700,23.725,17.212,1.3042,1.210693,0.093507,129.0,0.840977,0.0,1.0,0.0,51200,6604800,784,9679,280,609
4750,23.849,17.281,1.165584,1.105225,0.060359,129.0,0.860859,0.0,1.0,0.0,51200,6604800,740,8326,275,612
4800,23.972,17.35,1.057818,1.026245,0.031573,128.9838,0.863281,0.0,0.999746,0.000254,51200,6603971,746,7059,287,623
4850,24.153,17.418,1.026463,1.012817,0.013646,128.9991,0.86709,0.0,0.99998,2e-05,51200,6604754,801,6942,291,627
4900,24.306,17.514,1.050106,1.024658,0.025448,129.0,0.860977,0.0,1.0,0.0,51200,6604800,763,6882,287,629
4950,24.431,17.582,1.091706,1.0802,0.011506,128.909,0.855059,0.0,0.99873,0.00127,51200,6600141,799,7578,288,635
5000,24.621,17.674,1.226099,1.146851,0.079248,128.9377,0.856387,0.0,0.999102,0.000898,51200,6601610,791,9292,289,644
5050,24.851,17.811,1.232705,1.142456,0.090249,128.8991,0.848574,0.0,0.998398,0.001602,51200,6599632,754,9097,297,659
5100,24.976,17.879,1.306622,1.203735,0.102887,128.8551,0.841133,0.0,0.997773,0.002227,51200,6597380,774,10378,278,662
5150,25.11,17.948,1.288413,1.220703,0.067709,128.8165,0.843457,0.0,0.997109,0.002891,51200,6595407,757,10486,275,662
5200,25.328,18.086,1.35807,1.274536,0.083534,128.7914,0.84791,0.0,0.996797,0.003203,51200,6594121,733,11340,271,662
5250,25.449,18.155,1.335628,1.283813,0.051814,128.9527,0.8375,0.0,0.999258,0.000742,51200,6602379,765,10834,274,662
5300,25.573,18.224,1.361147,1.290283,0.070863,128.897,0.817949,0.0,0.998398,0.001602,51200,6599524,729,11212,284,669
5350,25.814,18.361,1.360402,1.282104,0.078298,128.9434,0.82002,0.0,0.998984,0.001016,51200,6601901,811,10888,278,670
5400,25.942,18.437,1.358209,1.258423,0.099787,128.9081,0.835332,0.0,0.998633,0.001367,51200,6600095,824,10508,283,671
5450,26.077,18.506,1.331055,1.254761,0.076295,128.8865,0.831953,0.0,0.998379,0.001621,51200,6598990,813,9976,296,679
5500,26.263,18.635,1.298473,1.245605,0.052867,128.9243,0.835469,0.0,0.998887,0.001113,51200,6600925,806,9774,285,679
5550,26.387,18.703,1.162351,1.132324,0.030027,128.7143,0.852031,0.0,0.99582,0.00418,51200,6590174,796,8346,275,679
5600,26.531,18.771,1.086655,1.103394,-0.016739,128.7978,0.845039,0.0,0.996719,0.003281,51200,6594446,786,8086,275,680
5650,26.745,18.908,1.049679,1.057739,-0.00806,128.8215,0.841953,0.0,0.997383,0.002617,51200,6595659,779,7438,276,682
5700,26.871,18.976,1.205389,1.139893,0.065497,128.8013,0.847578,0.0,0.997031,0.002969,51200,6594628,799,8988,278,685
5750,27.033,19.047,1.132711,1.089966,0.042745,128.8784,0.83957,0.0,0.998047,0.001953,51200,6598573,787,8431,283,695
5800,27.155,19.116,1.161539,1.127441,0.034098,128.9416,0.84834,0.0,0.999043,0.000957,51200,6601808,722,9233,296,702
5850,27.307,19.184,1.20994,1.15979,0.05015,128.9754,0.86375,0.0,0.999629,0.000371,51200,6603539,835,9025,307,715
5900,27.494,19.316,1.261664,1.185547,0.076117,128.9693,0.855918,0.0,0.999512,0.000488,51200,6603230,810,9451,301,721
5950,27.617,19.385,1.304124,1.227783,0.076341,128.9633,0.842012,0.0,0.999453,0.000547,51200,6602919,803,10586,300,728
6000,27.788,19.453,1.282543,1.24353,0.039013,128.87,0.841758,0.0,0.997891,0.002109,51200,6598146,772,10883,292,735
6050,28.027,19.589,1.326499,1.258667,0.067832,128.8552,0.846484,0.0,0.997812,0.002188,51200,6597384,796,10959,277,735
6100,28.231,19.725,1.276513,1.195801,0.080713,128.9338,0.844199,0.0,0.999082,0.000918,51200,6601412,807,10201,267,735
6150,28.351,19.793,1.255023,1.179199,0.075823,128.6758,0.840898,0.0,0.994805,0.005195,51200,6588200,818,10069,276,741
6200,28.567,19.89,1.258683,1.206909,0.051774,128.8322,0.848242,0.0,0.997305,0.002695,51200,6596209,777,9528,290,759
6250,28.767,20.014,1.200827,1.158081,0.042746,128.8261,0.865176,0.0,0.997188,0.002812,51200,6595897,796,9293,286,761
6300,28.918,20.086,1.111702,1.067139,0.044563,128.8398,0.866562,0.0,0.997734,0.002266,51200,6596596,745,8375,285,769
6350,29.08,20.191,1.147544,1.077637,0.069907,128.7752,0.86209,0.0,0.996348,0.003652,51200,6593289,780,8705,297,779
6400,29.22,20.26,1.198467,1.143311,0.055157,128.9664,0.844746,0.0,0.999453,0.000547,51200,6603082,774,9680,322,798
6450,29.444,20.396,1.239957,1.187622,0.052335,128.9923,0.838086,0.0,0.999863,0.000137,51200,6604407,746,9783,323,807
6500,29.565,20.464,1.160564,1.135376,0.025188,128.9768,0.845,0.0,0.999668,0.000332,51200,6603612,778,9279,304,811
6550,29.708,20.532,1.301215,1.22998,0.071234,128.8621,0.839199,0.0,0.998047,0.001953,51200,6597740,802,10490,310,831
6600,29.965,20.677,1.404134,1.323975,0.08016,128.8052,0.847363,0.0,0.997285,0.002715,51200,6594827,799,11278,298,832
6650,30.196,20.811,1.327152,1.267822,0.05933,128.5688,0.851191,0.0,0.99377,0.00623,51200,6582722,738,11278,282,840
6700,30.437,20.947,1.42088,1.29248,0.1284,128.5242,0.841758,0.0,0.993184,0.006816,51200,6580440,753,11494,278,842
6750,30.565,21.023,1.502711,1.359131,0.14358,128.696,0.831543,0.0,0.995215,0.004785,51200,6589236,769,11769,292,856
6800,30.709,21.093,1.651816,1.493896,0.15792,128.7675,0.841953,0.0,0.996289,0.003711,51200,6592896,832,13271,296,859
6850,30.962,21.231,1.548998,1.409668,0.13933,128.5566,0.830645,0.0,0.993203,0.006797,51200,6582096,741,12472,299,862
6900,31.094,21.304,1.454753,1.354492,0.100261,128.6913,0.821875,0.0,0.995117,0.004883,51200,6588995,803,11790,310,879
6950,31.217,21.374,1.365298,1.289429,0.075869,128.649,0.80502,0.0,0.994355,0.005645,51200,6586831,792,11325,310,885
7000,31.449,21.489,1.397782,1.327759,0.070024,128.7347,0.816719,0.0,0.996152,0.003848,51200,6591217,764,11877,325,901
7050,31.627,21.611,1.422923,1.341919,0.081005,128.918,0.815234,0.0,0.997969,0.002031,51200,6600600,761,11832,323,907
7100,31.753,21.681,1.382229,1.297363,0.084865,129.077,0.825879,5.9e-05,0.99416,0.005781,51200,6608742,789,10550,314,909
7150,31.916,21.75,1.289108,1.221924,0.067184,128.6123,0.827383,0.0,0.994043,0.005957,51200,6584949,783,9959,302,909
7200,32.106,21.878,1.342697,1.287598,0.0551,128.7915,0.815254,0.0,0.996777,0.003223,51200,6594124,798,10863,300,911
7250,32.236,21.953,1.3546,1.30188,0.05272,128.7083,0.821621,0.0,0.995293,0.004707,51200,6589866,791,11161,291,911
7300,32.369,22.031,1.424679,1.330933,0.093746,128.6765,0.831992,0.0,0.995078,0.004922,51200,6588236,759,11939,299,920
7350,32.577,22.105,1.323697,1.256592,0.067105,128.7072,0.826406,0.0,0.995234,0.004766,51200,6589807,830,10875,301,924
7400,32.707,22.181,1.28544,1.255127,0.030313,128.5419,0.822578,0.0,0.992852,0.007148,51200,6581344,855,11154,310,933
7450,32.826,22.249,1.417784,1.308838,0.108946,128.7413,0.80748,0.0,0.995859,0.004141,51200,6591554,780,11967,303,935
7500,33.01,22.341,1.386162,1.275879,0.110283,128.5308,0.812422,0.0,0.992539,0.007461,51200,6580776,783,11063,288,935
7550,33.131,22.41,1.200695,1.195312,0.005382,128.7265,0.826426,0.0,0.995762,0.004238,51200,6590799,797,9738,289,943
7600,33.264,22.479,1.186271,1.174927,0.011344,128.7679,0.828652,0.0,0.996445,0.003555,51200,6592916,798,9521,291,948
7650,33.386,22.546,1.241689,1.200317,0.041372,128.8231,0.842129,0.0,0.997324,0.002676,51200,6595744,787,9654,292,951
7700,33.599,22.664,1.198444,1.178467,0.019978,132.8344,0.841348,0.000488,0.995469,0.004043,51200,6801119,779,9080,281,952
7750,33.725,22.733,1.244366,1.205811,0.038555,131.506,0.858496,0.000332,0.99668,0.002988,51200,6733106,822,9556,285,953
7800,33.857,22.803,1.29844,1.198364,0.100075,128.9491,0.867949,0.0,0.998301,0.001699,51200,6602194,809,9628,294,955
7850,34.067,22.96,1.214406,1.14502,0.069386,128.9859,0.852715,0.0,0.999805,0.000195,51200,6604080,777,8561,286,956
7900,34.196,23.033,1.14165,1.084717,0.056934,128.9019,0.851406,0.0,0.998438,0.001562,51200,6599779,729,8260,280,956
7950,34.314,23.101,1.156129,1.075806,0.080323,128.8684,0.846211,0.0,0.997891,0.002109,51200,6598060,739,7886,292,962
8000,34.505,23.181,1.180802,1.143921,0.036881,128.873,0.842266,0.0,0.997969,0.002031,51200,6598297,758,8563,292,963
8050,34.746,23.317,1.143565,1.092651,0.050914,128.8155,0.854629,0.0,0.997227,0.002773,51200,6595355,767,7427,284,963
8100,34.929,23.447,1.129367,1.090454,0.038913,128.7906,0.86168,0.0,0.996602,0.003398,51200,6594078,798,7807,283,965
8150,35.058,23.52,1.199116,1.134155,0.064961,128.7955,0.855137,0.0,0.996641,0.003359,51200,6594329,784,8442,282,965
8200,35.185,23.59,1.181314,1.141602,0.039713,128.823,0.880234,0.0,0.997402,0.002598,51200,6595737,805,8582,280,965
8250,35.415,23.714,1.276411,1.161743,0.114668,128.763,0.881523,0.0,0.996348,0.003652,51200,6592666,719,9637,281,965
8300,35.546,23.796,1.382626,1.251587,0.13104,128.8234,0.864414,0.0,0.997168,0.002832,51200,6595759,798,10611,288,973
8350,35.669,23.864,1.48255,1.332153,0.150396,128.8875,0.845195,0.0,0.998105,0.001895,51200,6599040,713,11330,286,976
8400,35.877,23.957,1.442487,1.311279,0.131207,128.9095,0.868418,0.0,0.998516,0.001484,51200,6600167,771,10895,291,983
8450,36.126,24.104,1.444783,1.302612,0.142171,128.7711,0.868457,0.0,0.996465,0.003535,51200,6593079,786,11291,283,986
8500,36.367,24.241,1.402395,1.290283,0.112112,131.5948,0.850098,0.000352,0.995293,0.004355,51200,6737655,804,10939,280,989
8550,36.614,24.377,1.366315,1.273804,0.092511,129.6755,0.835508,0.000117,0.995645,0.004238,51200,6639388,817,10382,288,998
8600,36.863,24.515,1.331598,1.255249,0.076349,128.919,0.843555,0.0,0.996406,0.003594,51200,6600652,739,10202,283,1000
8650,37.109,24.657,1.273232,1.183228,0.090005,128.7477,0.828164,0.0,0.99625,0.00375,51200,6591881,781,10004,285,1000
8700,37.351,24.793,1.190197,1.170532,0.019664,128.7557,0.814883,0.0,0.996309,0.003691,51200,6592290,770,9246,295,1013
8750,37.604,24.935,1.225051,1.181519,0.043532,128.7596,0.844004,0.0,0.996484,0.003516,51200,6592493,828,9800,298,1019
8800,37.848,25.071,1.28248,1.237549,0.044931,128.9397,0.84627,0.0,0.999062,0.000938,51200,6601712,785,10565,307,1024
8850,38.088,25.206,1.293194,1.213745,0.079449,128.8401,0.840332,0.0,0.997578,0.002422,51200,6596614,789,10343,296,1025
8900,38.33,25.341,1.218764,1.165283,0.053481,128.7623,0.819727,0.0,0.996094,0.003906,51200,6592628,776,9303,297,1031
8950,38.479,25.438,1.269836,1.219727,0.050109,134.8939,0.802871,0.000742,0.997363,0.001895,51200,6906570,824,10747,283,1031
9000,38.6,25.506,1.260595,1.223145,0.03745,128.8044,0.816152,0.0,0.997031,0.002969,51200,6594787,754,10519,276,1031
9050,38.826,25.626,1.224776,1.199219,0.025557,128.7886,0.827285,0.0,0.996738,0.003262,51200,6593978,826,10481,283,1037
9100,38.947,25.695,1.318389,1.27417,0.04422,128.7119,0.826094,0.0,0.995527,0.004473,51200,6590050,737,11520,289,1047
9150,39.111,25.774,1.308646,1.224609,0.084037,128.7393,0.818828,0.0,0.995684,0.004316,51200,6591451,752,10775,298,1060
9200,39.301,25.91,1.261528,1.203979,0.057548,128.614,0.827266,0.0,0.993848,0.006152,51200,6585035,802,10565,299,1067
9250,39.425,25.982,1.141696,1.136841,0.004855,128.5834,0.824062,0.0,0.993633,0.006367,51200,6583470,777,9759,292,1069
9300,39.562,26.05,1.199422,1.166992,0.03243,128.7521,0.83457,0.0,0.995352,0.004648,51200,6592107,741,9590,292,1069
9350,39.742,26.175,1.13493,1.12146,0.01347,128.9246,0.835156,0.0,0.99873,0.00127,51200,6600942,778,8615,297,1076
9400,39.866,26.243,1.156983,1.140015,0.016969,129.6204,0.832754,7.8e-05,0.999805,0.000117,51200,6636562,782,9210,296,1079
9450,40.061,26.342,1.196918,1.177856,0.019062,128.8068,0.838906,0.0,0.997031,0.002969,51200,6594907,774,9592,298,1084
9500,40.187,26.411,1.330791,1.26709,0.063701,128.6959,0.854199,0.0,0.995488,0.004512,51200,6589231,795,10494,295,1085
9550,40.336,26.481,1.380691,1.294922,0.08577,128.86,0.861172,0.0,0.997832,0.002168,51200,6597634,771,10509,283,1085
9600,40.532,26.615,1.307029,1.252319,0.054709,130.8779,0.873086,0.000234,0.996953,0.002812,51200,6700949,762,9857,281,1085
9650,40.653,26.684,1.217392,1.1604,0.056991,134.3259,0.885156,0.000586,0.997754,0.00166,51200,6877486,813,8753,281,1085
9700,40.807,26.753,1.214431,1.145508,0.068923,128.9155,0.874375,0.0,0.998652,0.001348,51200,6600472,767,7979,278,1085
9750,40.923,26.821,1.169544,1.089233,0.08031,128.82,0.867539,0.0,0.997129,0.002871,51200,6595585,811,8095,280,1090
9800,41.06,26.894,1.163839,1.109741,0.054098,133.9356,0.854102,0.000625,0.997734,0.001641,51200,6857505,754,8417,286,1095
9850,41.307,27.038,1.207986,1.137695,0.07029,128.618,0.852422,0.0,0.994219,0.005781,51200,6585241,852,9571,289,1098
9900,41.512,27.176,1.09764,1.063721,0.03392,128.638,0.852129,0.0,0.994238,0.005762,51200,6586264,778,8010,288,1102
9950,41.64,27.245,1.193426,1.132202,0.061224,128.7044,0.864844,0.0,0.99541,0.00459,51200,6589666,774,8310,285,1104
10000,41.768,27.314,1.13053,1.10022,0.03031,128.7499,0.871992,0.0,0.99582,0.00418,51200,6591997,767,7657,277,1106
10050,41.957,27.447,0.990223,1.018921,-0.028698,128.8398,0.858203,0.0,0.997324,0.002676,51200,6596597,820,6897,272,1106
10100,42.088,27.522,1.004774,1.005737,-0.000964,128.8281,0.879297,0.0,0.997051,0.002949,51200,6595998,793,6751,273,1107
10150,42.272,27.651,1.079108,1.059937,0.019172,128.8697,0.881289,0.0,0.99793,0.00207,51200,6598128,783,7376,274,1109
10200,42.462,27.727,1.106591,1.080933,0.025658,128.821,0.875684,0.0,0.996895,0.003105,51200,6595633,770,7453,275,1111
10250,42.615,27.828,0.980168,0.991455,-0.011287,128.8656,0.882676,0.0,0.997891,0.002109,51200,6597920,845,6768,279,1118
10300,42.766,27.897,0.97956,1.002197,-0.022637,128.7928,0.854141,0.0,0.997227,0.002773,51200,6594193,765,6681,277,1124
10350,42.922,27.999,1.187601,1.120117,0.067484,128.518,0.851914,0.0,0.992891,0.007109,51200,6580121,816,8866,277,1125
10400,43.051,28.074,1.133452,1.119873,0.013579,128.7373,0.85416,0.0,0.996328,0.003672,51200,6591351,793,8557,277,1125
10450,43.182,28.152,1.220766,1.136353,0.084414,128.625,0.844082,0.0,0.994551,0.005449,51200,6585600,830,9375,278,1125
10500,43.325,28.224,1.186814,1.131714,0.0551,128.3793,0.833418,0.0,0.990527,0.009473,51200,6573020,788,8899,283,1125
10550,43.504,28.302,1.103432,1.058594,0.044839,128.6307,0.828105,0.0,0.994277,0.005723,51200,6585890,760,7981,292,1125
10600,43.64,28.381,1.079275,1.031494,0.047781,128.4519,0.840859,0.0,0.99168,0.00832,51200,6576737,806,7349,284,1126
10650,43.762,28.449,1.051901,1.005005,0.046896,128.4617,0.853711,0.0,0.991797,0.008203,51200,6577239,803,6603,288,1127
10700,43.914,28.517,1.045582,1.02356,0.022022,128.5763,0.866875,0.0,0.99377,0.00623,51200,6583105,779,7477,280,1129
10750,44.042,28.592,1.18445,1.1073,0.07715,128.5943,0.87459,0.0,0.993535,0.006465,51200,6584027,758,8614,286,1133
10800,44.181,28.66,1.197953,1.14209,0.055863,128.6355,0.871953,0.0,0.994277,0.005723,51200,6586137,821,8849,286,1133
10850,44.425,28.797,1.225996,1.160889,0.065107,128.7502,0.86332,0.0,0.996035,0.003965,51200,6592011,761,8948,285,1133
10900,44.666,28.939,1.145212,1.116943,0.028268,128.9944,0.873613,0.0,0.997949,0.002051,51200,6604511,792,8571,287,1139
10950,44.79,29.009,1.122874,1.10144,0.021434,128.7826,0.860449,0.0,0.996797,0.003203,51200,6593668,810,8000,273,1140
11000,44.975,29.082,1.065793,1.078491,-0.012699,128.8006,0.847852,0.0,0.996895,0.003105,51200,6594592,767,7823,280,1145
11050,45.155,29.207,1.160138,1.116699,0.043439,128.6921,0.835859,0.0,0.995176,0.004824,51200,6589033,762,8261,289,1149
11100,45.336,29.281,1.17412,1.15625,0.01787,137.317,0.853184,0.001055,0.99627,0.002676,51200,7030631,756,8914,281,1149
11150,45.592,29.422,1.138993,1.140747,-0.001754,133.6001,0.854258,0.000625,0.9925,0.006875,51200,6840326,790,8005,280,1149
11200,45.845,29.563,1.123084,1.104248,0.018836,128.6704,0.864316,0.0,0.995,0.005,51200,6587926,784,7678,286,1153
11250,46.09,29.698,1.125632,1.088867,0.036765,128.7978,0.84334,0.0,0.99584,0.00416,51200,6594447,725,7809,296,1165
11300,46.329,29.834,0.966664,1.001221,-0.034556,128.6706,0.847012,0.0,0.995137,0.004863,51200,6587933,746,6986,286,1166
11350,46.574,29.968,1.041355,1.049683,-0.008328,128.6416,0.846348,0.0,0.994629,0.005371,51200,6586448,749,7298,288,1169
11400,46.821,30.104,1.17481,1.172485,0.002324,128.7697,0.846777,0.0,0.996309,0.003691,51200,6593010,777,8793,281,1171
11450,46.968,30.201,1.205682,1.165283,0.040399,128.8896,0.837266,0.0,0.998223,0.001777,51200,6599145,775,9639,276,1172
11500,47.1,30.281,1.202959,1.17395,0.029009,128.9903,0.832129,0.0,0.999785,0.000215,51200,6604303,785,9379,273,1172
11550,47.226,30.353,1.233608,1.197021,0.036587,128.9791,0.837754,0.0,0.999551,0.000449,51200,6603729,748,9863,273,1173
11600,47.451,30.472,1.300847,1.205811,0.095036,128.7723,0.829785,0.0,0.996328,0.003672,51200,6593143,750,10314,278,1173
11650,47.7,30.608,1.233517,1.169678,0.063839,128.8574,0.837148,0.0,0.997578,0.002422,51200,6597499,744,9469,295,1190
11700,47.926,30.75,1.293992,1.184448,0.109543,128.8524,0.825859,0.0,0.997871,0.002129,51200,6597241,778,10129,297,1194
11750,48.05,30.818,1.357722,1.272705,0.085017,128.8753,0.831699,0.0,0.997949,0.002051,51200,6598414,816,11620,307,1206
11800,48.175,30.889,1.449158,1.313232,0.135926,128.7481,0.819941,0.0,0.996074,0.003926,51200,6591905,795,12145,314,1219
11850,48.399,31.018,1.411875,1.320679,0.091197,128.8746,0.829961,0.0,0.998184,0.001816,51200,6598379,816,11265,298,1221
11900,48.523,31.087,1.397878,1.282593,0.115285,128.7422,0.854844,0.0,0.996035,0.003965,51200,6591602,720,10747,288,1222
11950,48.646,31.155,1.417989,1.293701,0.124287,128.721,0.864512,0.0,0.995996,0.004004,51200,6590513,805,10933,298,1229
12000,48.849,31.28,1.403471,1.309326,0.094145,128.7721,0.845938,0.0,0.996348,0.003652,51200,6593133,789,11282,297,1230
12050,48.981,31.35,1.431258,1.337891,0.093367,141.141,0.829941,0.001562,0.991504,0.006934,51200,7226418,829,10908,292,1231
12100,49.18,31.488,1.373571,1.285034,0.088537,144.3293,0.83627,0.001953,0.991602,0.006445,51200,7389658,772,10332,291,1232
12150,49.304,31.558,1.439913,1.36377,0.076143,141.5926,0.841777,0.001602,0.993379,0.00502,51200,7249543,781,11599,300,1239
12200,49.438,31.628,1.449102,1.356323,0.092779,128.5657,0.857656,0.0,0.992676,0.007324,51200,6582566,793,11361,301,1239
12250,49.568,31.704,1.256172,1.213745,0.042427,128.8123,0.860801,0.0,0.996973,0.003027,51200,6595190,791,9947,294,1239
12300,49.717,31.772,1.108808,1.076294,0.032514,128.8853,0.858887,0.0,0.998281,0.001719,51200,6598929,807,8393,288,1239
12350,49.965,31.908,1.15106,1.133911,0.017149,128.7843,0.872266,0.0,0.996914,0.003086,51200,6593755,798,9047,292,1243
12400,50.113,32.0,1.092437,1.089844,0.002593,128.7541,0.881914,0.0,0.995957,0.004043,51200,6592209,787,8526,292,1244
12450,50.24,32.069,1.129614,1.089355,0.040259,128.9468,0.872246,0.0,0.999082,0.000918,51200,6602076,832,8036,287,1246
12500,50.396,32.137,1.084125,1.056274,0.027851,128.92,0.853711,0.0,0.99873,0.00127,51200,6600706,797,8063,285,1247
12550,50.577,32.266,1.21608,1.128784,0.087296,128.645,0.861621,0.0,0.994609,0.005391,51200,6586623,779,8875,277,1247
12600,50.696,32.333,1.086013,1.061401,0.024612,128.7114,0.852012,0.0,0.99543,0.00457,51200,6590024,790,7649,279,1247
12650,50.869,32.402,1.062494,1.049683,0.012811,128.5814,0.837559,0.0,0.993418,0.006582,51200,6583366,767,7869,276,1247
12700,51.094,32.536,1.206743,1.192505,0.014238,128.6212,0.850176,0.0,0.994199,0.005801,51200,6585404,750,9928,275,1248
12750,51.215,32.604,1.245696,1.203003,0.042693,128.6676,0.851562,0.0,0.995059,0.004941,51200,6587779,795,10117,273,1249
12800,51.336,32.673,1.230026,1.188843,0.041183,128.7407,0.831914,0.0,0.995742,0.004258,51200,6591522,737,9769,285,1256
12850,51.541,32.774,1.299707,1.220581,0.079126,128.8347,0.840098,0.0,0.997383,0.002617,51200,6596335,789,10062,287,1260
12900,51.73,32.91,1.347054,1.272949,0.074104,128.8168,0.828984,0.0,0.997266,0.002734,51200,6595421,800,10623,290,1260
12950,51.85,32.977,1.318649,1.261841,0.056808,128.8422,0.821426,0.0,0.997539,0.002461,51200,6596721,771,10389,284,1261
13000,52.007,33.046,1.344983,1.267578,0.077405,128.9758,0.809551,0.0,0.999648,0.000352,51200,6603563,790,10715,302,1271
13050,52.219,33.181,1.376449,1.245239,0.13121,128.7791,0.803379,0.0,0.996309,0.003691,51200,6593490,771,10863,299,1274
13100,52.343,33.251,1.371159,1.268433,0.102726,128.6854,0.82582,0.0,0.995137,0.004863,51200,6588692,791,11061,309,1284
13150,52.471,33.322,1.249442,1.212158,0.037284,128.844,0.840469,0.0,0.997578,0.002422,51200,6596811,802,10448,298,1294
13200,52.668,33.464,1.255648,1.194946,0.060702,128.9668,0.849824,0.0,0.999395,0.000605,51200,6603098,788,10344,293,1298
13250,52.792,33.532,1.380923,1.301758,0.079166,128.7523,0.829766,0.0,0.995703,0.004297,51200,6592119,785,11457,279,1301
13300,52.931,33.601,1.356548,1.297485,0.059062,128.7571,0.82873,0.0,0.996445,0.003555,51200,6592362,836,11360,288,1301
13350,53.104,33.718,1.377536,1.310303,0.067233,128.8543,0.840723,0.0,0.997871,0.002129,51200,6597340,826,10972,292,1308
13400,53.231,33.788,1.349239,1.254028,0.095211,128.7057,0.854766,0.0,0.995527,0.004473,51200,6589730,800,10659,299,1323
13450,53.363,33.858,1.350947,1.25647,0.094477,128.8328,0.875645,0.0,0.997383,0.002617,51200,6596240,763,10485,293,1323
13500,53.487,33.927,1.361817,1.267456,0.09436,129.0,0.85918,0.0,0.99998,2e-05,51200,6604798,801,11012,293,1325
13550,53.67,34.049,1.326997,1.265137,0.06186,136.2859,0.859668,0.000938,0.99502,0.004043,51200,6977837,794,10922,301,1328
13600,53.796,34.12,1.386037,1.310425,0.075612,128.8099,0.869238,0.0,0.997305,0.002695,51200,6595069,802,11384,294,1328
13650,53.971,34.189,1.39243,1.304565,0.087865,128.9357,0.867148,0.0,0.998965,0.001035,51200,6601510,763,10921,289,1336
13700,54.217,34.33,1.259856,1.199707,0.060148,128.6552,0.858965,0.0,0.994512,0.005488,51200,6587146,756,9729,296,1339
13750,54.412,34.471,1.340866,1.248535,0.092331,128.5844,0.853828,0.0,0.993496,0.006504,51200,6583521,799,10764,300,1340
13800,54.54,34.542,1.277709,1.208862,0.068847,134.6936,0.86377,0.000742,0.994746,0.004512,51200,6896311,811,8858,287,1341
13850,54.722,34.62,1.178386,1.090942,0.087443,145.8302,0.883477,0.002109,0.995195,0.002695,51200,7466505,791,8388,299,1341
13900,54.969,34.761,1.185795,1.115112,0.070683,143.643,0.867578,0.001836,0.995527,0.002637,51200,7354520,794,8899,297,1341
13950,55.211,34.901,1.143097,1.098999,0.044098,145.8884,0.841562,0.002129,0.993516,0.004355,51200,7469487,797,8499,275,1341
14000,55.457,35.042,1.153103,1.091064,0.062038,141.6192,0.851895,0.001602,0.993945,0.004453,51200,7250905,786,8470,281,1341
14050,55.7,35.181,1.15456,1.060791,0.093769,128.8151,0.852168,0.0,0.997148,0.002852,51200,6595331,773,8039,274,1341
14100,55.859,35.277,1.213324,1.160034,0.05329,128.9184,0.868359,0.0,0.998711,0.001289,51200,6600623,763,8649,276,1341
14150,55.988,35.348,1.15448,1.102417,0.052063,128.8936,0.877266,0.0,0.998379,0.001621,51200,6599352,785,8430,278,1341
14200,56.11,35.419,1.05616,1.048218,0.007942,128.8568,0.848125,0.0,0.99791,0.00209,51200,6597468,825,8343,280,1347
14250,56.241,35.487,1.145514,1.08728,0.058234,128.7669,0.842109,0.0,0.996426,0.003574,51200,6592863,795,8934,273,1347
14300,56.386,35.555,1.188283,1.129272,0.05901,128.7819,0.824805,0.0,0.996641,0.003359,51200,6593632,786,9241,271,1347
14350,56.596,35.69,1.200126,1.171997,0.028129,129.4174,0.832578,5.9e-05,0.997734,0.002207,51200,6626172,786,9140,290,1366
14400,56.722,35.758,1.260848,1.243896,0.016951,128.9822,0.828066,0.0,0.999668,0.000332,51200,6603889,772,9912,289,1371
14450,56.892,35.826,1.364997,1.325439,0.039557,128.7688,0.823047,0.0,0.996289,0.003711,51200,6592961,796,11767,299,1378
14500,57.069,35.951,1.340726,1.290405,0.050321,128.8557,0.824551,0.0,0.997715,0.002285,51200,6597412,798,10721,292,1380
14550,57.191,36.019,1.288921,1.243774,0.045147,128.7864,0.837129,0.0,0.996875,0.003125,51200,6593863,756,9978,278,1383
14600,57.404,36.127,1.298721,1.215698,0.083023,141.6866,0.861738,0.001602,0.995195,0.003203,51200,7254352,806,10105,283,1384
14650,57.585,36.255,1.238848,1.215088,0.02376,128.6916,0.866289,0.0,0.995059,0.004941,51200,6589009,789,9674,283,1385
14700,57.71,36.325,1.202774,1.143921,0.058853,128.8844,0.855605,0.0,0.99832,0.00168,51200,6598879,801,8802,281,1386
14750,57.859,36.393,1.171873,1.131226,0.040648,128.8501,0.856992,0.0,0.997773,0.002227,51200,6597123,785,8516,270,1386
14800,57.981,36.462,1.164336,1.103027,0.061308,128.748,0.84418,0.0,0.996582,0.003418,51200,6591896,768,8496,277,1388
14850,58.127,36.53,1.23075,1.155762,0.074988,128.8341,0.846016,0.0,0.99748,0.00252,51200,6596307,854,9010,287,1390
14900,58.319,36.661,1.29689,1.233643,0.063247,128.6622,0.853027,0.0,0.994551,0.005449,51200,6587506,777,9428,287,1390
14950,58.449,36.732,1.316884,1.222778,0.094106,140.0965,0.866738,0.001445,0.99043,0.008125,51200,7172939,785,9583,290,1390
15000,58.608,36.816,1.303402,1.251587,0.051815,145.015,0.873906,0.002012,0.99459,0.003398,51200,7424770,802,9820,300,1392
15050,58.733,36.885,1.226035,1.199707,0.026328,139.5946,0.867891,0.001367,0.99252,0.006113,51200,7147244,776,9044,282,1392
15100,58.892,36.953,1.217802,1.158691,0.059111,128.4943,0.864473,0.0,0.992344,0.007656,51200,6578910,753,8920,294,1399
15150,59.092,37.09,1.211354,1.164673,0.046682,130.5729,0.864609,0.000254,0.992637,0.007109,51200,6685332,805,8813,294,1399
15200,59.213,37.16,1.143313,1.104492,0.038821,146.6168,0.849727,0.002246,0.990273,0.00748,51200,7506782,787,8710,286,1399
15250,59.371,37.228,1.097475,1.078125,0.01935,136.9696,0.850137,0.001035,0.99293,0.006035,51200,7012841,765,8143,280,1399
15300,59.576,37.364,1.183093,1.154907,0.028185,128.7744,0.855723,0.0,0.996582,0.003418,51200,6593247,785,8651,284,1402
15350,59.7,37.434,1.202473,1.165405,0.037068,128.6898,0.856484,0.0,0.995195,0.004805,51200,6588919,778,8898,280,1402
15400,59.839,37.519,1.27329,1.220825,0.052464,128.798,0.881172,0.0,0.996582,0.003418,51200,6594460,777,9883,281,1402
15450,60.0,37.588,1.226243,1.164062,0.06218,128.7801,0.876543,0.0,0.996582,0.003418,51200,6593541,764,9402,287,1408
15500,60.173,37.706,1.215517,1.149292,0.066225,128.919,0.868965,0.0,0.998535,0.001465,51200,6600653,740,9346,282,1409
15550,60.293,37.774,1.150084,1.111572,0.038512,128.768,0.865703,0.0,0.996387,0.003613,51200,6592922,800,8513,272,1409
15600,60.43,37.842,1.063903,1.053833,0.01007,128.7579,0.865371,0.0,0.99623,0.00377,51200,6592406,773,7444,280,1417
15650,60.553,37.911,1.131187,1.081299,0.049888,128.8267,0.844863,0.0,0.997305,0.002695,51200,6595926,759,8142,278,1417
15700,60.684,37.98,1.055828,1.031616,0.024211,128.9614,0.853906,0.0,0.999336,0.000664,51200,6602826,784,7309,287,1419
15750,60.802,38.048,1.079135,1.039062,0.040073,128.8143,0.85209,0.0,0.996973,0.003027,51200,6595294,791,7200,285,1419
15800,60.923,38.118,1.063137,1.027954,0.035183,128.7178,0.865371,0.0,0.99582,0.00418,51200,6590350,785,6873,285,1422
15850,61.039,38.185,1.137829,1.082397,0.055432,128.8111,0.833555,0.0,0.996895,0.003105,51200,6595129,765,8698,275,1425
15900,61.158,38.253,1.11413,1.109863,0.004266,128.7725,0.837012,0.0,0.996465,0.003535,51200,6593151,783,8972,282,1436
15950,61.277,38.32,1.095096,1.090454,0.004642,128.9047,0.83627,0.0,0.998301,0.001699,51200,6599922,805,8624,283,1441
16000,61.398,38.388,1.169261,1.141602,0.027659,128.9705,0.82543,0.0,0.999473,0.000527,51200,6603292,793,9542,283,1441
16050,61.521,38.455,1.28528,1.201904,0.083376,128.9329,0.821074,0.0,0.998984,0.001016,51200,6601367,787,10062,299,1452
16100,61.642,38.524,1.279679,1.208252,0.071427,128.827,0.820957,0.0,0.997441,0.002559,51200,6595943,751,10069,303,1456
16150,61.765,38.592,1.29004,1.20752,0.08252,128.6605,0.830742,0.0,0.994629,0.005371,51200,6587417,795,9883,304,1463
16200,61.892,38.66,1.335142,1.243286,0.091856,128.372,0.847227,0.0,0.990742,0.009258,51200,6572645,778,9824,301,1464
16250,62.015,38.728,1.281195,1.226929,0.054267,128.4797,0.837578,0.0,0.991875,0.008125,51200,6578162,731,9893,289,1464
16300,62.138,38.797,1.257076,1.231445,0.025631,128.5965,0.826445,0.0,0.993535,0.006465,51200,6584139,771,9550,301,1473
16350,62.261,38.865,1.352979,1.259277,0.093701,128.6149,0.848926,0.0,0.994531,0.005469,51200,6585085,760,9910,296,1476
16400,62.385,38.934,1.35056,1.273926,0.076635,128.4792,0.845859,0.0,0.992227,0.007773,51200,6578137,765,10446,294,1484
16450,62.507,39.002,1.42515,1.362427,0.062724,128.5189,0.843281,0.0,0.993125,0.006875,51200,6580166,785,12051,289,1484
16500,62.627,39.071,1.397998,1.325195,0.072802,128.6639,0.842383,0.0,0.994727,0.005273,51200,6587593,747,11526,292,1484
16550,62.748,39.14,1.471038,1.355835,0.115203,133.7315,0.822109,0.000625,0.994648,0.004727,51200,6847055,822,12498,286,1484
16600,62.873,39.21,1.53146,1.415649,0.11581,139.6599,0.817852,0.001348,0.994941,0.003711,51200,7150587,787,13370,295,1488
16650,63.006,39.281,1.348907,1.299438,0.049469,137.7098,0.823848,0.001094,0.997363,0.001543,51200,7050744,743,11013,302,1494
16700,63.129,39.35,1.313894,1.239136,0.074758,128.6197,0.831797,0.0,0.994102,0.005898,51200,6585328,811,10785,308,1495
16750,63.25,39.419,1.327218,1.207031,0.120187,128.6076,0.81123,0.0,0.99375,0.00625,51200,6584707,849,10295,310,1497
16800,63.379,39.487,1.312298,1.190308,0.12199,128.7067,0.823887,0.0,0.995566,0.004434,51200,6589782,785,10378,309,1498
16850,63.505,39.557,1.246114,1.182251,0.063863,128.7926,0.827754,0.0,0.99668,0.00332,51200,6594182,777,9552,302,1500
16900,63.63,39.627,1.17322,1.124023,0.049196,128.7669,0.853555,0.0,0.996152,0.003848,51200,6592866,806,8561,297,1500
16950,63.757,39.698,0.968326,0.9823,-0.013974,128.8738,0.864824,0.0,0.99793,0.00207,51200,6598340,827,6561,281,1500
17000,63.881,39.767,0.955269,0.963867,-0.008598,128.817,0.868164,0.0,0.99707,0.00293,51200,6595431,761,6162,283,1504
17050,64.001,39.834,0.931971,0.942749,-0.010778,128.8352,0.86459,0.0,0.997324,0.002676,51200,6596362,826,6757,283,1504
17100,64.127,39.902,1.032255,1.0177,0.014555,128.8466,0.867266,0.0,0.997578,0.002422,51200,6596944,796,6946,275,1504
17150,64.254,39.973,1.058722,1.023193,0.035529,128.9859,0.877734,0.0,0.999766,0.000234,51200,6604076,788,7374,277,1504
17200,64.38,40.044,1.118637,1.080566,0.038071,129.0,0.872656,0.0,1.0,0.0,51200,6604800,783,7807,277,1505
17250,64.502,40.112,1.171836,1.13208,0.039755,128.9872,0.862148,0.0,0.999785,0.000215,51200,6604147,763,8960,286,1511
17300,64.622,40.179,1.182068,1.121216,0.060852,128.8756,0.837773,0.0,0.998145,0.001855,51200,6598432,790,9136,286,1515
17350,64.746,40.246,1.236248,1.179077,0.057171,128.854,0.850195,0.0,0.997637,0.002363,51200,6597326,794,9690,287,1515
17400,64.866,40.315,1.131478,1.081421,0.050057,128.5893,0.853418,0.0,0.993516,0.006484,51200,6583770,803,8725,296,1518
17450,64.99,40.382,1.102011,1.087891,0.01412,128.9595,0.85252,0.0,0.999473,0.000527,51200,6602728,795,8138,317,1530
17500,65.113,40.45,1.116392,1.081421,0.034971,128.8427,0.861738,0.0,0.997598,0.002402,51200,6596744,748,7828,295,1532
17550,65.233,40.518,1.075009,1.053711,0.021298,128.5041,0.860352,0.0,0.992539,0.007461,51200,6579409,780,7864,285,1537
17600,65.354,40.586,1.275221,1.174805,0.100416,128.7427,0.851895,0.0,0.996094,0.003906,51200,6591626,757,9676,285,1539
17650,65.475,40.654,1.277403,1.207764,0.06964,128.7054,0.837598,0.0,0.99498,0.00502,51200,6589716,820,10144,283,1540
17700,65.599,40.723,1.353202,1.239624,0.113578,135.2285,0.835352,0.00084,0.990898,0.008262,51200,6923700,782,9764,294,1547
17750,65.725,40.792,1.350159,1.261475,0.088684,128.5169,0.865293,0.0,0.9925,0.0075,51200,6580065,816,9771,285,1547
17800,65.847,40.861,1.448561,1.313599,0.134962,128.297,0.853379,0.0,0.989199,0.010801,51200,6568807,753,10839,274,1547
17850,65.969,40.93,1.416652,1.301758,0.114894,128.2537,0.852695,0.0,0.988301,0.011699,51200,6566587,789,10787,272,1547
17900,66.089,40.999,1.457631,1.346313,0.111318,128.4212,0.862031,0.0,0.990586,0.009414,51200,6575165,773,11784,272,1547
17950,66.213,41.069,1.653712,1.469971,0.183742,128.6808,0.87748,0.0,0.994805,0.005195,51200,6588456,728,13845,272,1547
18000,66.336,41.139,1.691064,1.514404,0.176659,128.7132,0.873105,0.0,0.995625,0.004375,51200,6590117,728,13925,271,1547
18050,66.461,41.209,1.655274,1.496826,0.158448,128.6613,0.856543,0.0,0.994883,0.005117,51200,6587460,783,12753,272,1547
18100,66.583,41.279,1.605028,1.472412,0.132616,128.5727,0.848594,0.0,0.993164,0.006836,51200,6582923,804,12961,278,1547
18150,66.708,41.349,1.579575,1.450928,0.128647,128.5881,0.828633,0.0,0.993633,0.006367,51200,6583713,843,12736,285,1547
18200,66.831,41.419,1.428837,1.328247,0.10059,128.3516,0.837637,0.0,0.989922,0.010078,51200,6571601,789,11657,286,1547
18250,66.957,41.49,1.41205,1.314209,0.097841,128.3304,0.836523,0.0,0.989766,0.010234,51200,6570514,780,11654,296,1548
18300,67.085,41.56,1.345795,1.247925,0.09787,128.7116,0.858301,0.0,0.995215,0.004785,51200,6590033,749,10124,294,1549
18350,67.21,41.63,1.340531,1.28833,0.052201,128.7555,0.852871,0.0,0.996055,0.003945,51200,6592280,790,10660,289,1551
18400,67.333,41.699,1.361589,1.284424,0.077165,128.7393,0.848535,0.0,0.995762,0.004238,51200,6591450,762,11178,296,1551
18450,67.458,41.768,1.366028,1.296631,0.069397,128.4369,0.853223,0.0,0.991152,0.008848,51200,6575967,780,10830,308,1551
18500,67.581,41.838,1.430364,1.310791,0.119573,128.5888,0.863496,0.0,0.993496,0.006504,51200,6583748,760,11077,312,1552
18550,67.704,41.906,1.438652,1.295044,0.143608,128.6623,0.865996,0.0,0.994824,0.005176,51200,6587508,775,11022,319,1555
18600,67.829,41.975,1.324027,1.232422,0.091605,128.5392,0.864473,0.0,0.9925,0.0075,51200,6581205,773,9733,330,1565
18650,67.955,42.044,1.219025,1.180786,0.038239,128.634,0.85459,0.0,0.993848,0.006152,51200,6586063,772,8739,326,1569
18700,68.082,42.114,1.25695,1.178711,0.078239,128.6566,0.850703,0.0,0.994453,0.005547,51200,6587220,797,8571,316,1572
18750,68.203,42.182,1.200894,1.126221,0.074673,128.6497,0.856426,0.0,0.994785,0.005215,51200,6586866,867,8927,317,1577
18800,68.325,42.25,1.095002,1.075317,0.019685,128.6696,0.869434,0.0,0.994746,0.005254,51200,6587886,792,7874,299,1577
18850,68.446,42.318,1.052324,1.051147,0.001176,128.6461,0.873672,0.0,0.994336,0.005664,51200,6586678,811,7214,296,1577
18900,68.568,42.385,1.096816,1.063721,0.033096,128.7685,0.861543,0.0,0.996465,0.003535,51200,6592948,799,7772,296,1593
18950,68.689,42.453,1.266336,1.178833,0.087503,128.8754,0.857695,0.0,0.997891,0.002109,51200,6598422,806,10292,298,1598
19000,68.811,42.521,1.375363,1.258179,0.117184,128.8433,0.842891,0.0,0.997363,0.002637,51200,6596777,809,11073,304,1601
19050,68.934,42.589,1.400616,1.283447,0.117169,128.8475,0.836777,0.0,0.997891,0.002109,51200,6596991,767,11269,297,1605
19100,69.054,42.658,1.289211,1.176758,0.112453,128.8185,0.85416,0.0,0.997129,0.002871,51200,6595508,744,9962,300,1615
19150,69.171,42.725,1.182494,1.134644,0.04785,128.8205,0.844336,0.0,0.997402,0.002598,51200,6595612,767,9246,295,1618
19200,69.292,42.793,1.220404,1.183716,0.036689,128.8152,0.838867,0.0,0.997148,0.002852,51200,6595339,794,9649,304,1619
19250,69.412,42.861,1.301647,1.236084,0.065563,128.9312,0.842461,0.0,0.998945,0.001055,51200,6601277,755,10284,295,1619
19300,69.532,42.929,1.271614,1.219604,0.05201,129.0,0.853926,0.0,1.0,0.0,51200,6604800,787,9836,293,1619
19350,69.652,42.997,1.256339,1.171021,0.085318,128.8669,0.851348,0.0,0.997891,0.002109,51200,6597984,792,9219,296,1619
19400,69.772,43.065,1.341636,1.254028,0.087607,128.7307,0.842539,0.0,0.995996,0.004004,51200,6591012,776,10486,290,1619
19450,69.891,43.133,1.297634,1.235718,0.061916,128.9836,0.841719,0.0,0.999727,0.000273,51200,6603958,748,10388,290,1619
19500,70.01,43.2,1.342424,1.277222,0.065203,128.8165,0.824102,0.0,0.997227,0.002773,51200,6595405,775,10820,289,1620
19550,70.131,43.268,1.322282,1.2677,0.054582,128.7254,0.817402,0.0,0.995684,0.004316,51200,6590741,804,10652,284,1620
19600,70.251,43.337,1.325688,1.270996,0.054692,128.7871,0.807383,0.0,0.996562,0.003438,51200,6593897,759,10892,280,1620
19650,70.373,43.404,1.22033,1.213379,0.006951,128.9751,0.813418,0.0,0.999609,0.000391,51200,6603524,830,10142,276,1621
19700,70.496,43.473,1.293572,1.232422,0.061151,128.9118,0.811777,0.0,0.998652,0.001348,51200,6600286,776,11275,277,1622
19750,70.619,43.54,1.310511,1.244507,0.066005,128.9899,0.808184,0.0,0.999824,0.000176,51200,6604282,768,11169,295,1627
19800,70.741,43.608,1.298505,1.246216,0.052289,128.7872,0.813398,0.0,0.996738,0.003262,51200,6593906,714,11173,290,1627
19850,70.863,43.677,1.3277,1.239258,0.088442,128.5755,0.81623,0.0,0.99377,0.00623,51200,6583068,787,10629,290,1628
19900,70.986,43.746,1.266052,1.198608,0.067444,128.7266,0.844277,0.0,0.995879,0.004121,51200,6590804,760,10041,294,1630
19950,71.108,43.814,1.133383,1.091431,0.041952,128.7365,0.835,0.0,0.995879,0.004121,51200,6591310,736,8028,289,1631
20000,71.234,43.885,1.097644,1.064209,0.033435,131.0134,0.836953,0.000273,0.996738,0.002988,51200,6707885,741,7959,290,1631
20050,71.357,43.954,1.088734,1.057983,0.03075,141.3717,0.859766,0.001562,0.995293,0.003145,51200,7238231,793,7937,291,1632
20100,71.478,44.023,1.203363,1.136108,0.067254,136.6247,0.844355,0.000977,0.995,0.004023,51200,6995185,768,9209,289,1632
20150,71.601,44.091,1.171846,1.158447,0.013399,128.6929,0.844375,0.0,0.995059,0.004941,51200,6589078,786,9027,275,1632
20200,71.721,44.159,1.092251,1.09082,0.001431,128.7038,0.844805,0.0,0.99541,0.00459,51200,6589634,752,8403,279,1637
20250,71.84,44.227,1.078102,1.060059,0.018044,128.7821,0.847188,0.0,0.996855,0.003145,51200,6593645,807,8336,274,1637
20300,71.96,44.294,1.159408,1.126465,0.032943,128.7906,0.845957,0.0,0.996797,0.003203,51200,6594079,793,9413,277,1643
20350,72.077,44.362,1.185703,1.14563,0.040073,128.7645,0.847266,0.0,0.996465,0.003535,51200,6592742,810,9277,285,1644
20400,72.197,44.429,1.223194,1.168213,0.054982,128.9708,0.851562,0.0,0.999551,0.000449,51200,6603304,770,9405,279,1645
20450,72.318,44.496,1.115867,1.119507,-0.00364,128.9751,0.845859,0.0,0.999629,0.000371,51200,6603525,784,8692,278,1645
20500,72.435,44.564,1.184564,1.111816,0.072748,128.8308,0.828809,0.0,0.997402,0.002598,51200,6596136,756,9331,275,1651
20550,72.554,44.631,1.120058,1.094238,0.02582,128.7362,0.830957,0.0,0.996016,0.003984,51200,6591295,752,8529,281,1652
20600,72.692,44.705,1.069284,1.058594,0.010691,133.3692,0.831855,0.000566,0.996367,0.003066,51200,6828505,780,7790,295,1659
20650,72.815,44.777,1.143151,1.086548,0.056603,128.9182,0.847402,0.0,0.99873,0.00127,51200,6600611,747,8462,296,1659
20700,72.932,44.844,1.087113,1.049683,0.03743,128.9028,0.847344,0.0,0.998496,0.001504,51200,6599825,803,8080,284,1659
20750,73.049,44.911,1.176689,1.094116,0.082572,128.9757,0.837129,0.0,0.999551,0.000449,51200,6603558,775,8737,282,1659
20800,73.167,44.979,1.130372,1.072144,0.058228,128.9254,0.839648,0.0,0.998789,0.001211,51200,6600980,823,8320,272,1659
20850,73.287,45.047,1.120423,1.043091,0.077332,128.702,0.839688,0.0,0.99543,0.00457,51200,6589542,772,7366,284,1665
20900,73.411,45.118,1.208728,1.141113,0.067614,128.5951,0.834688,0.0,0.993672,0.006328,51200,6584071,798,9159,285,1667
20950,73.532,45.186,1.218783,1.177246,0.041537,128.761,0.837422,0.0,0.996211,0.003789,51200,6592563,785,9788,292,1667
21000,73.653,45.253,1.195428,1.168579,0.026849,128.5925,0.823398,0.0,0.993672,0.006328,51200,6583935,836,9634,297,1668
21050,73.772,45.32,1.211746,1.171875,0.039871,128.6183,0.839727,0.0,0.993906,0.006094,51200,6585258,797,9743,277,1668
21100,73.897,45.39,1.216057,1.183472,0.032586,128.4545,0.839824,0.0,0.991602,0.008398,51200,6576869,790,9490,281,1670
21150,74.016,45.457,1.161705,1.155762,0.005943,128.5892,0.840566,0.0,0.993516,0.006484,51200,6583768,818,9791,290,1672
21200,74.134,45.524,1.247677,1.215088,0.032589,128.5028,0.831406,0.0,0.992344,0.007656,51200,6579343,788,10423,276,1673
21250,74.253,45.593,1.412936,1.345703,0.067233,128.6396,0.826191,0.0,0.994766,0.005234,51200,6586349,829,12233,278,1674
21300,74.377,45.661,1.424333,1.344482,0.079851,128.6365,0.804531,0.0,0.994062,0.005938,51200,6586191,770,12226,288,1674
21350,74.502,45.73,1.426893,1.357422,0.069471,128.7811,0.802246,0.0,0.996758,0.003242,51200,6593591,717,12362,303,1675
21400,74.621,45.799,1.266365,1.214111,0.052254,128.641,0.805059,0.0,0.994355,0.005645,51200,6586418,781,11093,284,1677
21450,74.739,45.865,1.21075,1.20752,0.003231,128.715,0.810215,0.0,0.996172,0.003828,51200,6590207,752,10161,292,1677
21500,74.86,45.933,1.227209,1.192017,0.035193,128.7952,0.825195,0.0,0.996973,0.003027,51200,6594316,809,10092,286,1681
21550,74.982,46.001,1.215885,1.185913,0.029972,128.7793,0.811328,0.0,0.996465,0.003535,51200,6593501,780,9515,271,1681
21600,75.108,46.073,1.224679,1.196899,0.027779,128.8935,0.81959,0.0,0.998359,0.001641,51200,6599349,764,9571,265,1681
21650,75.23,46.141,1.263966,1.192627,0.071339,128.9914,0.816992,0.0,0.999902,9.8e-05,51200,6604358,784,9052,278,1681
21700,75.351,46.209,1.132279,1.118286,0.013993,128.9435,0.834375,0.0,0.998926,0.001074,51200,6601906,737,8218,285,1684
21750,75.47,46.276,1.075082,1.047363,0.027719,128.9371,0.848242,0.0,0.999004,0.000996,51200,6601582,796,7474,291,1685
21800,75.595,46.344,1.074656,1.050659,0.023997,128.9086,0.858691,0.0,0.998477,0.001523,51200,6600120,799,7308,284,1686
21850,75.717,46.411,0.959083,1.000244,-0.041161,128.6182,0.858105,0.0,0.993945,0.006055,51200,6585254,746,6392,293,1686
21900,75.84,46.479,1.002795,0.994019,0.008776,128.7298,0.863828,0.0,0.995664,0.004336,51200,6590965,768,6004,278,1686
21950,75.965,46.549,0.968961,0.999023,-0.030062,128.8225,0.884688,0.0,0.99707,0.00293,51200,6595714,813,6511,275,1686
22000,76.086,46.618,1.036591,1.04248,-0.005889,128.9477,0.88502,0.0,0.999219,0.000781,51200,6602124,809,7271,290,1686
22050,76.206,46.686,1.08647,1.058838,0.027632,128.9181,0.881348,0.0,0.99873,0.00127,51200,6600605,780,8084,278,1686
22100,76.329,46.755,1.127961,1.082275,0.045686,128.8638,0.873984,0.0,0.997598,0.002402,51200,6597825,775,7822,275,1686
22150,76.448,46.823,0.990444,0.983276,0.007167,128.8817,0.867109,0.0,0.997988,0.002012,51200,6598742,785,6172,279,1688
22200,76.565,46.891,0.983413,0.981689,0.001724,128.8446,0.849688,0.0,0.997734,0.002266,51200,6596842,812,7149,276,1689
22250,76.685,46.958,1.08666,1.06897,0.01769,128.8113,0.838965,0.0,0.996895,0.003105,51200,6595141,814,7911,278,1693
22300,76.804,47.028,1.034267,1.034424,-0.000157,128.695,0.834902,0.0,0.99543,0.00457,51200,6589185,802,7639,285,1693
22350,76.921,47.094,1.040067,1.004639,0.035428,128.436,0.829473,0.0,0.990801,0.009199,51200,6575921,776,7609,283,1693
22400,77.043,47.162,1.076109,1.094849,-0.01874,128.6162,0.839316,0.0,0.993418,0.006582,51200,6585152,782,8372,280,1693
22450,77.167,47.229,1.081645,1.069336,0.012309,128.6944,0.872383,0.0,0.995352,0.004648,51200,6589152,778,7779,282,1694
22500,77.286,47.297,0.935111,0.958252,-0.023141,128.8885,0.856016,0.0,0.998359,0.001641,51200,6599091,766,6006,274,1694
22550,77.403,47.364,0.899832,0.934082,-0.03425,128.976,0.85791,0.0,0.999629,0.000371,51200,6603573,743,6012,288,1697
22600,77.518,47.431,0.965567,0.953003,0.012564,128.9845,0.852871,0.0,0.999766,0.000234,51200,6604007,801,6591,284,1698
22650,77.635,47.498,0.995879,0.96106,0.03482,128.8131,0.844746,0.0,0.997148,0.002852,51200,6595233,842,6939,280,1698
22700,77.753,47.564,1.11177,1.092041,0.019729,128.816,0.83459,0.0,0.99707,0.00293,51200,6595381,817,8705,291,1698
22750,77.874,47.631,1.244816,1.193726,0.05109,128.8687,0.826562,0.0,0.998027,0.001973,51200,6598076,828,9382,303,1698
22800,77.995,47.699,1.224052,1.147705,0.076347,128.8432,0.831934,0.0,0.997363,0.002637,51200,6596774,771,9387,296,1700
22850,78.117,47.767,1.1655,1.166138,-0.000638,128.8288,0.850684,0.0,0.997148,0.002852,51200,6596036,799,9079,298,1700
22900,78.237,47.835,1.113556,1.073364,0.040192,128.6021,0.851562,0.0,0.994043,0.005957,51200,6584426,743,8256,292,1700
22950,78.357,47.902,1.071807,1.074341,-0.002534,128.7927,0.827598,0.0,0.996602,0.003398,51200,6594184,755,8208,286,1700
23000,78.477,47.969,1.087266,1.067627,0.019639,128.8929,0.829727,0.0,0.998125,0.001875,51200,6599315,787,7945,279,1700
23050,78.598,48.037,1.056343,1.048218,0.008126,128.8757,0.836934,0.0,0.998008,0.001992,51200,6598435,790,7354,288,1706
23100,78.717,48.105,1.057564,1.055298,0.002266,128.8583,0.838457,0.0,0.9975,0.0025,51200,6597544,799,7806,290,1707
23150,78.842,48.173,1.122462,1.108765,0.013698,128.6316,0.835918,0.0,0.994414,0.005586,51200,6585938,811,8529,303,1709
23200,78.969,48.241,1.213189,1.172241,0.040947,128.8429,0.824277,0.0,0.99748,0.00252,51200,6596754,786,9669,288,1709
23250,79.089,48.309,1.198254,1.138062,0.060192,128.9372,0.821191,0.0,0.998926,0.001074,51200,6601585,778,9493,284,1717
23300,79.213,48.377,1.161282,1.112305,0.048977,128.9012,0.837578,0.0,0.998359,0.001641,51200,6599740,781,8726,284,1717
23350,79.335,48.444,1.056669,1.098267,-0.041598,128.8508,0.842305,0.0,0.997617,0.002383,51200,6597163,777,7910,279,1717
23400,79.463,48.517,1.216079,1.160156,0.055923,128.9625,0.85293,0.0,0.999473,0.000527,51200,6602879,801,9759,279,1718
23450,79.585,48.585,1.2422,1.177612,0.064588,128.8469,0.868867,0.0,0.997539,0.002461,51200,6596963,809,9712,288,1718
23500,79.726,48.656,1.183321,1.189331,-0.00601,128.8735,0.84168,0.0,0.998008,0.001992,51200,6598322,791,10056,294,1724
23550,79.862,48.74,1.325524,1.282715,0.042809,128.9004,0.830391,0.0,0.998418,0.001582,51200,6599700,809,11258,307,1733
23600,79.986,48.809,1.40603,1.337646,0.068384,128.977,0.826152,0.0,0.999668,0.000332,51200,6603620,825,11720,305,1739
23650,80.111,48.879,1.480159,1.379272,0.100887,128.8415,0.816602,0.0,0.997383,0.002617,51200,6596683,723,12631,309,1744
23700,80.234,48.947,1.452468,1.402832,0.049636,128.7962,0.809551,0.0,0.996816,0.003184,51200,6594365,816,12571,313,1749
23750,80.357,49.016,1.392616,1.3302,0.062416,128.5161,0.802539,0.0,0.992598,0.007402,51200,6580024,804,11307,308,1750
23800,80.482,49.087,1.388824,1.320068,0.068756,134.4718,0.81502,0.000645,0.995527,0.003828,51200,6884954,834,11449,299,1752
23850,80.603,49.156,1.253847,1.220215,0.033632,135.9575,0.832129,0.00084,0.994824,0.004336,51200,6961023,793,10260,286,1754
23900,80.723,49.224,1.238114,1.203003,0.035111,128.4627,0.830703,0.0,0.992012,0.007988,51200,6577290,779,9679,280,1754
23950,80.85,49.299,1.217086,1.134155,0.08293,128.7999,0.836055,0.0,0.995879,0.004121,51200,6594557,742,9171,279,1754
24000,80.977,49.368,1.170526,1.146484,0.024042,128.9891,0.840918,0.0,0.999824,0.000176,51200,6604242,795,8768,288,1760
24050,81.114,49.449,1.148685,1.129761,0.018924,128.9688,0.838223,0.0,0.999551,0.000449,51200,6603204,786,8685,288,1761
24100,81.235,49.516,1.04095,1.063843,-0.022892,128.8738,0.82834,0.0,0.997832,0.002168,51200,6598338,763,8083,287,1761
24150,81.355,49.583,1.097164,1.090454,0.00671,128.9756,0.81373,0.0,0.999609,0.000391,51200,6603550,764,8505,282,1765
24200,81.479,49.651,1.243434,1.187744,0.05569,128.9066,0.821816,0.0,0.998438,0.001562,51200,6600020,749,9489,286,1771
24250,81.608,49.723,1.225359,1.187622,0.037737,128.9452,0.840605,0.0,0.999082,0.000918,51200,6601992,770,9378,288,1772
24300,81.728,49.792,1.232753,1.206665,0.026088,128.9588,0.841523,0.0,0.999395,0.000605,51200,6602691,768,9949,278,1772
24350,81.846,49.86,1.228535,1.194214,0.034321,128.7636,0.831309,0.0,0.996289,0.003711,51200,6592696,776,9961,272,1772
24400,81.97,49.928,1.29715,1.257324,0.039825,128.7244,0.837559,0.0,0.995605,0.004395,51200,6590689,760,10151,275,1773
24450,82.087,49.996,1.232421,1.210449,0.021972,128.8275,0.834219,0.0,0.997168,0.002832,51200,6595968,743,10167,284,1780
24500,82.205,50.063,1.225792,1.208496,0.017296,128.719,0.795801,0.0,0.995586,0.004414,51200,6590411,792,9581,289,1780
24550,82.328,50.132,1.240202,1.22583,0.014371,144.1037,0.797656,0.001934,0.991016,0.007051,51200,7378109,775,9942,279,1780
24600,82.451,50.202,1.298711,1.231445,0.067266,141.54,0.796133,0.001602,0.992695,0.005703,51200,7246847,805,10422,294,1780
24650,82.572,50.271,1.259311,1.202881,0.05643,128.5788,0.786543,0.0,0.99291,0.00709,51200,6583233,771,9978,300,1790
24700,82.694,50.339,1.250086,1.220947,0.029139,128.58,0.817422,0.0,0.993613,0.006387,51200,6583297,778,10136,302,1790
24750,82.824,50.409,1.448569,1.391113,0.057456,128.7703,0.825078,0.0,0.996387,0.003613,51200,6593040,804,12139,299,1790
24800,82.959,50.485,1.385716,1.332886,0.05283,128.6807,0.829629,0.0,0.995,0.005,51200,6588450,719,11814,295,1790
24850,83.086,50.554,1.306303,1.289185,0.017118,128.7629,0.834941,0.0,0.995859,0.004141,51200,6592659,780,11042,293,1797
24900,83.21,50.622,1.347715,1.331177,0.016538,128.8641,0.826348,0.0,0.997793,0.002207,51200,6597841,847,11815,287,1797
24950,83.335,50.691,1.370029,1.337524,0.032505,128.9239,0.80752,0.0,0.998887,0.001113,51200,6600902,830,12260,282,1797
25000,83.462,50.761,1.469939,1.39978,0.070158,128.9252,0.796582,0.0,0.99875,0.00125,51200,6600971,764,12972,306,1798
25050,83.581,50.829,1.449436,1.371216,0.078221,128.801,0.780312,0.0,0.996523,0.003477,51200,6594611,750,12966,307,1798
25100,83.7,50.899,1.430437,1.348267,0.08217,128.8546,0.795508,0.0,0.997793,0.002207,51200,6597354,757,13102,308,1818
25150,83.823,50.968,1.416411,1.364868,0.051543,128.5389,0.777324,0.0,0.992988,0.007012,51200,6581192,766,12625,300,1819
25200,83.945,51.038,1.511124,1.429565,0.081558,128.4565,0.791426,0.0,0.991641,0.008359,51200,6576974,786,13561,303,1819
25250,84.065,51.107,1.489034,1.410522,0.078512,128.3622,0.80627,0.0,0.990254,0.009746,51200,6572147,845,13249,293,1819
25300,84.189,51.178,1.458269,1.398926,0.059343,128.4307,0.815723,0.0,0.991152,0.008848,51200,6575651,827,13086,307,1822
25350,84.31,51.247,1.46052,1.369995,0.090525,128.2723,0.81791,0.0,0.988906,0.011094,51200,6567543,837,12536,294,1823
25400,84.429,51.316,1.436494,1.363892,0.072602,128.1782,0.823164,0.0,0.987695,0.012305,51200,6562726,836,12553,309,1824
25450,84.551,51.385,1.472501,1.33728,0.135221,128.2176,0.838574,0.0,0.988105,0.011895,51200,6564743,800,11504,299,1824
25500,84.673,51.454,1.322906,1.257935,0.064972,128.2717,0.844434,0.0,0.988887,0.011113,51200,6567511,752,10733,307,1824
25550,84.794,51.523,1.344598,1.250977,0.093622,128.4326,0.866973,0.0,0.991465,0.008535,51200,6575749,808,10472,295,1824
25600,84.917,51.591,1.307364,1.225708,0.081656,128.6492,0.873359,0.0,0.995039,0.004961,51200,6586841,801,9840,288,1824
25650,85.042,51.659,1.338561,1.217163,0.121398,128.6762,0.868965,0.0,0.99502,0.00498,51200,6588223,788,9203,292,1824
25700,85.169,51.728,1.284141,1.198364,0.085777,128.7574,0.878047,0.0,0.996211,0.003789,51200,6592377,826,8918,288,1824
25750,85.29,51.796,1.16011,1.107666,0.052444,128.8044,0.876602,0.0,0.996973,0.003027,51200,6594784,800,8206,283,1825
25800,85.41,51.865,1.192975,1.112183,0.080793,128.6429,0.87291,0.0,0.994844,0.005156,51200,6586517,791,8546,296,1825
25850,85.531,51.933,1.212488,1.123413,0.089074,128.7419,0.881719,0.0,0.995898,0.004102,51200,6591586,789,9031,297,1832
25900,85.649,52.0,1.12549,1.077515,0.047975,128.9847,0.869277,0.0,0.999766,0.000234,51200,6604016,813,8178,294,1832
25950,85.767,52.067,1.162892,1.104736,0.058155,128.9087,0.857871,0.0,0.998496,0.001504,51200,6600124,774,8450,296,1832
26000,85.884,52.134,1.165137,1.089478,0.07566,128.9891,0.866973,0.0,0.999863,0.000137,51200,6604240,809,8506,288,1832
26050,86.001,52.201,1.24065,1.158691,0.081958,128.792,0.85373,0.0,0.996719,0.003281,51200,6594148,824,9657,277,1832
26100,86.121,52.27,1.267173,1.213257,0.053916,128.8485,0.853125,0.0,0.997344,0.002656,51200,6597041,772,9656,285,1832
26150,86.244,52.344,1.192417,1.151855,0.040561,128.709,0.841777,0.0,0.995586,0.004414,51200,6589903,802,8903,293,1832
26200,86.36,52.411,1.21105,1.184326,0.026724,128.9339,0.83627,0.0,0.999004,0.000996,51200,6601415,780,9272,282,1832
26250,86.475,52.478,1.206734,1.126099,0.080636,128.9289,0.830566,0.0,0.998887,0.001113,51200,6601158,791,9044,272,1832
26300,86.594,52.545,1.142476,1.133911,0.008565,128.8198,0.834414,0.0,0.996953,0.003047,51200,6595573,745,9053,273,1832
26350,86.713,52.613,1.089411,1.091553,-0.002142,128.8374,0.844277,0.0,0.997441,0.002559,51200,6596473,744,8668,276,1832
26400,86.836,52.684,1.172008,1.131104,0.040905,128.6715,0.846504,0.0,0.994707,0.005293,51200,6587983,803,8927,278,1832
26450,86.959,52.752,1.215676,1.183594,0.032082,128.6921,0.837773,0.0,0.995234,0.004766,51200,6589036,775,9308,279,1832
26500,87.083,52.822,1.180972,1.169067,0.011904,135.2391,0.85416,0.000781,0.998242,0.000977,51200,6924243,781,9200,283,1833
26550,87.206,52.89,1.107119,1.117554,-0.010434,128.9098,0.838926,0.0,0.998516,0.001484,51200,6600181,818,8567,301,1835
26600,87.327,52.958,1.119586,1.107178,0.012408,128.9335,0.85084,0.0,0.998906,0.001094,51200,6601394,795,8744,305,1835
26650,87.446,53.026,1.162979,1.125854,0.037124,128.895,0.837129,0.0,0.998359,0.001641,51200,6599424,781,9572,296,1836
26700,87.569,53.094,1.187591,1.182861,0.00473,128.9271,0.839453,0.0,0.998906,0.001094,51200,6601070,801,9548,302,1837
26750,87.689,53.162,1.20867,1.128174,0.080496,128.7458,0.83543,0.0,0.995918,0.004082,51200,6591785,787,9206,295,1842
26800,87.809,53.23,1.039679,1.024292,0.015387,128.6351,0.834629,0.0,0.994395,0.005605,51200,6586115,778,7690,285,1843
26850,87.93,53.298,1.063933,1.044189,0.019744,128.8533,0.841914,0.0,0.997637,0.002363,51200,6597289,768,7787,281,1843
26900,88.051,53.366,1.068571,1.067139,0.001432,128.6898,0.839238,0.0,0.99502,0.00498,51200,6588920,820,8158,280,1843
26950,88.172,53.434,1.131525,1.0979,0.033625,128.7357,0.845137,0.0,0.996016,0.003984,51200,6591268,793,8740,279,1843
27000,88.303,53.51,1.144197,1.067871,0.076326,128.65,0.846738,0.0,0.994336,0.005664,51200,6586882,760,8252,275,1843
27050,88.425,53.578,1.107676,1.07251,0.035167,128.8168,0.851113,0.0,0.997129,0.002871,51200,6595422,799,8291,274,1843
27100,88.545,53.647,1.160756,1.106567,0.054188,128.9337,0.847793,0.0,0.998848,0.001152,51200,6601407,763,8487,282,1844
27150,88.673,53.722,1.334525,1.297607,0.036917,128.6347,0.834492,0.0,0.99416,0.00584,51200,6586095,829,11339,281,1844
27200,88.794,53.791,1.424649,1.335815,0.088833,128.4375,0.84166,0.0,0.991543,0.008457,51200,6576000,835,11859,282,1844
27250,88.919,53.861,1.423488,1.329712,0.093777,128.7094,0.852754,0.0,0.995664,0.004336,51200,6589922,821,11530,284,1844
27300,89.047,53.931,1.307299,1.245361,0.061938,128.6158,0.855977,0.0,0.99377,0.00623,51200,6585129,772,10558,282,1844
27350,89.167,53.999,1.303823,1.232544,0.071279,128.5331,0.834277,0.0,0.992695,0.007305,51200,6580897,767,10543,291,1845
27400,89.293,54.07,1.319681,1.187988,0.131693,128.7313,0.833535,0.0,0.995723,0.004277,51200,6591041,786,9917,290,1846
27450,89.42,54.145,1.218118,1.121216,0.096902,128.7386,0.840664,0.0,0.995938,0.004062,51200,6591417,752,9063,291,1846
27500,89.548,54.217,1.270509,1.205811,0.064698,128.8724,0.837715,0.0,0.998047,0.001953,51200,6598265,802,9647,299,1847
27550,89.671,54.288,1.221658,1.151611,0.070047,128.9714,0.855957,0.0,0.999531,0.000469,51200,6603337,776,9295,297,1847
27600,89.793,54.358,1.19587,1.187866,0.008004,128.8438,0.847852,0.0,0.997656,0.002344,51200,6596804,761,9682,297,1847
27650,89.917,54.43,1.217427,1.176514,0.040914,128.57,0.853242,0.0,0.993555,0.006445,51200,6582782,757,9163,303,1847
27700,90.058,54.501,1.157192,1.140869,0.016322,128.6827,0.852734,0.0,0.995312,0.004688,51200,6588554,738,8721,301,1848
27750,90.187,54.575,1.194148,1.140381,0.053767,128.8483,0.861328,0.0,0.997598,0.002402,51200,6597031,807,8850,284,1848
27800,90.308,54.644,1.328108,1.24353,0.084578,128.7441,0.868691,0.0,0.996484,0.003516,51200,6591698,727,10868,281,1848
27850,90.429,54.713,1.25839,1.231445,0.026944,135.8102,0.849277,0.000879,0.995137,0.003984,51200,6953480,805,10156,281,1848
27900,90.549,54.78,1.238945,1.17981,0.059136,128.9129,0.843262,0.0,0.99873,0.00127,51200,6600342,785,9441,282,1848
27950,90.668,54.848,1.230717,1.177856,0.052861,128.8995,0.850586,0.0,0.998555,0.001445,51200,6599652,749,9318,284,1853
28000,90.786,54.916,1.140267,1.12854,0.011727,128.8703,0.845098,0.0,0.997773,0.002227,51200,6598160,821,8935,280,1853
28050,90.906,54.984,1.180838,1.148071,0.032766,128.9135,0.843438,0.0,0.998516,0.001484,51200,6600373,781,9210,289,1859
28100,91.031,55.055,1.22613,1.180908,0.045222,128.8883,0.843242,0.0,0.998301,0.001699,51200,6599079,746,9795,300,1860
28150,91.152,55.123,1.224985,1.165161,0.059824,128.9339,0.844121,0.0,0.999043,0.000957,51200,6601418,825,9900,303,1862
28200,91.274,55.192,1.178009,1.130371,0.047638,128.9165,0.838711,0.0,0.998711,0.001289,51200,6600524,785,9349,299,1863
28250,91.403,55.262,1.182829,1.156616,0.026213,128.9223,0.829082,0.0,0.99873,0.00127,51200,6600823,789,8878,299,1866
28300,91.522,55.33,1.038782,1.061279,-0.022497,128.9267,0.829453,0.0,0.998828,0.001172,51200,6601046,811,8535,282,1866
28350,91.645,55.397,1.042602,1.061157,-0.018555,128.8809,0.821953,0.0,0.998047,0.001953,51200,6598700,830,8295,280,1867
28400,91.766,55.465,1.018366,1.071533,-0.053167,128.8904,0.816582,0.0,0.998359,0.001641,51200,6599190,824,8331,278,1867
28450,91.883,55.532,1.060166,1.091553,-0.031387,132.8169,0.815723,0.000527,0.99293,0.006543,51200,6800223,776,8879,287,1870
28500,91.997,55.599,1.041597,1.05896,-0.017363,128.6676,0.835566,0.0,0.994863,0.005137,51200,6587779,762,8571,280,1871
28550,92.113,55.666,1.252229,1.195801,0.056428,128.7266,0.813965,0.0,0.995957,0.004043,51200,6590801,746,10376,269,1871
28600,92.241,55.733,1.397585,1.307983,0.089602,128.8451,0.803965,0.0,0.997539,0.002461,51200,6596871,800,11859,275,1876
28650,92.371,55.812,1.363834,1.272949,0.090884,139.4941,0.81502,0.001309,0.997871,0.00082,51200,7142098,753,11124,289,1882
28700,92.492,55.882,1.263516,1.225586,0.03793,145.6929,0.812695,0.00207,0.99793,0.0,51200,7459478,736,10359,292,1890
28750,92.616,55.952,1.311598,1.244019,0.06758,143.9004,0.815801,0.001855,0.997207,0.000938,51200,7367703,761,10748,293,1890
28800,92.741,56.022,1.186553,1.158081,0.028472,144.7398,0.828301,0.001973,0.995566,0.002461,51200,7410680,802,9119,312,1891
28850,92.861,56.091,1.138073,1.096558,0.041516,145.72,0.839688,0.00209,0.99582,0.00209,51200,7460864,796,9219,305,1891
28900,92.986,56.16,1.160815,1.141846,0.01897,139.8295,0.837148,0.001367,0.99541,0.003223,51200,7159270,814,8656,288,1891
28950,93.113,56.229,1.10404,1.101929,0.002112,128.812,0.862559,0.0,0.997031,0.002969,51200,6595176,813,7900,282,1891
29000,93.235,56.297,1.11803,1.086182,0.031848,128.9086,0.871641,0.0,0.998457,0.001543,51200,6600121,791,8059,290,1891
29050,93.356,56.366,1.158368,1.108276,0.050091,128.9728,0.869766,0.0,0.999648,0.000352,51200,6603406,764,8979,288,1891
29100,93.479,56.436,1.208892,1.112549,0.096343,133.5333,0.85459,0.000566,0.998945,0.000488,51200,6836907,801,8824,279,1891
29150,93.602,56.505,1.304041,1.200439,0.103602,132.0497,0.85293,0.000391,0.998125,0.001484,51200,6760945,786,10314,290,1891
29200,93.737,56.574,1.330915,1.269775,0.06114,128.8921,0.861895,0.0,0.996836,0.003164,51200,6599278,786,10895,305,1896
29250,93.861,56.644,1.310948,1.252075,0.058872,128.7963,0.878789,0.0,0.996836,0.003164,51200,6594370,790,10734,287,1896
29300,93.987,56.714,1.358554,1.294067,0.064487,129.0846,0.873477,2e-05,0.997441,0.002539,51200,6609134,774,10998,292,1896
29350,94.108,56.783,1.370539,1.311523,0.059015,133.3189,0.846895,0.000547,0.998105,0.001348,51200,6825927,811,11668,300,1896
29400,94.231,56.853,1.371518,1.280029,0.091489,142.3862,0.829531,0.00168,0.995469,0.002852,51200,7290175,807,11843,283,1897
29450,94.351,56.922,1.333375,1.303101,0.030275,128.9968,0.832324,2e-05,0.99748,0.0025,51200,6604638,789,12192,295,1903
29500,94.473,56.991,1.365013,1.308594,0.056419,128.887,0.815566,0.0,0.998203,0.001797,51200,6599015,807,12146,314,1912
29550,94.594,57.06,1.278391,1.232788,0.045603,128.9282,0.816016,0.0,0.99877,0.00123,51200,6601124,758,10662,306,1912
29600,94.716,57.128,1.20644,1.162598,0.043843,128.7608,0.810059,0.0,0.996348,0.003652,51200,6592555,761,8780,295,1912
29650,94.837,57.197,1.150595,1.13623,0.014365,128.5371,0.801816,0.0,0.993066,0.006934,51200,6581097,772,8616,302,1912
29700,94.961,57.266,1.259455,1.213623,0.045832,128.4199,0.806367,0.0,0.991152,0.008848,51200,6575100,775,9791,318,1912
29750,95.093,57.342,1.329567,1.253296,0.076271,128.6568,0.817363,0.0,0.994121,0.005879,51200,6587229,834,10628,305,1912
29800,95.225,57.422,1.240523,1.185181,0.055343,128.5094,0.814336,0.0,0.992871,0.007129,51200,6579682,772,9895,301,1915
29850,95.344,57.49,1.178583,1.140991,0.037591,128.5567,0.830039,0.0,0.993457,0.006543,51200,6582101,837,9532,303,1922
29900,95.463,57.558,1.209239,1.164917,0.044322,128.828,0.839434,0.0,0.99748,0.00252,51200,6595996,742,9819,286,1922
29950,95.585,57.626,1.280307,1.242798,0.037509,128.8153,0.824121,0.0,0.997129,0.002871,51200,6595343,796,10405,282,1922
30000,95.71,57.695,1.199004,1.177856,0.021148,128.9005,0.819414,0.0,0.99834,0.00166,51200,6599706,784,9397,291,1925
30050,95.831,57.763,1.22966,1.187744,0.041915,128.7666,0.818672,0.0,0.996387,0.003613,51200,6592850,775,9743,291,1925
30100,95.958,57.835,1.252242,1.212646,0.039596,128.8169,0.815547,0.0,0.997051,0.002949,51200,6595425,775,9697,306,1925
30150,96.08,57.904,1.344249,1.285767,0.058483,128.8419,0.824492,0.0,0.997559,0.002441,51200,6596706,807,10968,306,1926
30200,96.203,57.974,1.240371,1.211548,0.028823,128.9851,0.81791,0.0,0.999844,0.000156,51200,6604035,777,10049,300,1926
30250,96.355,58.073,1.220544,1.220337,0.000208,129.0,0.82,0.0,1.0,0.0,51200,6604800,852,9979,302,1926
30300,96.477,58.141,1.237536,1.245361,-0.007826,128.7989,0.816094,0.0,0.996914,0.003086,51200,6594502,820,10660,295,1926
30350,96.605,58.216,1.217734,1.198364,0.01937,128.856,0.818223,0.0,0.997871,0.002129,51200,6597428,791,10223,301,1930
30400,96.738,58.284,1.221144,1.178467,0.042678,128.6593,0.818516,0.0,0.994453,0.005547,51200,6587354,818,9814,294,1930
30450,96.876,58.37,1.159068,1.132446,0.026622,128.5732,0.801738,0.0,0.993535,0.006465,51200,6582946,733,9293,294,1930
30500,96.997,58.438,1.134938,1.112427,0.022511,129.457,0.799746,0.000117,0.992266,0.007617,51200,6628199,821,9025,301,1931
30550,97.12,58.506,1.19317,1.18103,0.01214,128.4258,0.805781,0.0,0.990918,0.009082,51200,6575403,799,9758,323,1940
30600,97.243,58.576,1.251224,1.189697,0.061527,128.6801,0.8125,0.0,0.995059,0.004941,51200,6588420,805,10079,305,1941
30650,97.368,58.646,1.209674,1.18103,0.028644,128.6722,0.809199,0.0,0.994668,0.005332,51200,6588017,787,9265,291,1941
30700,97.488,58.716,1.121856,1.087524,0.034332,128.8139,0.818105,0.0,0.996973,0.003027,51200,6595271,754,8200,303,1943
30750,97.606,58.784,1.072891,1.063477,0.009414,128.7614,0.815957,0.0,0.996172,0.003828,51200,6592582,792,8239,283,1943
30800,97.724,58.852,1.097964,1.033569,0.064395,128.6613,0.802598,0.0,0.994902,0.005098,51200,6587460,785,8386,278,1943
30850,97.842,58.918,1.194194,1.148438,0.045757,128.5918,0.78002,0.0,0.993574,0.006426,51200,6583902,799,9596,301,1945
30900,97.961,58.986,1.27377,1.18689,0.086881,128.8556,0.795977,0.0,0.99748,0.00252,51200,6597407,785,10299,302,1945
30950,98.082,59.054,1.199434,1.175537,0.023897,128.9064,0.814492,0.0,0.99873,0.00127,51200,6600007,784,9804,294,1945
31000,98.202,59.122,1.222851,1.164673,0.058178,128.8662,0.798242,0.0,0.998047,0.001953,51200,6597950,805,9690,310,1945
31050,98.324,59.189,1.193548,1.178223,0.015325,128.7993,0.814707,0.0,0.996973,0.003027,51200,6594522,830,9351,301,1947
31100,98.447,59.257,1.235801,1.216309,0.019493,128.7708,0.825176,0.0,0.996699,0.003301,51200,6593064,791,9915,289,1947
31150,98.571,59.325,1.324839,1.30835,0.016489,128.7626,0.821836,0.0,0.996133,0.003867,51200,6592645,843,11569,285,1949
31200,98.699,59.395,1.358779,1.296753,0.062026,129.0865,0.827266,2e-05,0.997207,0.002773,51200,6609230,758,11927,286,1949
31250,98.82,59.464,1.327644,1.287354,0.04029,128.7385,0.82375,0.0,0.996055,0.003945,51200,6591412,782,11563,294,1953
31300,98.944,59.533,1.364119,1.289673,0.074447,135.2992,0.830039,0.00082,0.99416,0.00502,51200,6927319,783,11125,288,1954
31350,99.064,59.602,1.229231,1.196655,0.032576,128.9344,0.826348,0.0,0.998926,0.001074,51200,6601443,783,10329,279,1957
31400,99.183,59.669,1.182281,1.139038,0.043242,128.9057,0.809688,0.0,0.998633,0.001367,51200,6599973,800,9460,276,1957
31450,99.321,59.747,1.268657,1.235962,0.032695,128.8859,0.810098,0.0,0.998281,0.001719,51200,6598960,811,11354,285,1963
31500,99.444,59.816,1.272203,1.289917,-0.017714,128.5888,0.804688,0.0,0.993477,0.006523,51200,6583746,747,11620,278,1963
31550,99.568,59.884,1.509763,1.437744,0.072019,128.8891,0.792656,0.0,0.998281,0.001719,51200,6599120,844,13822,281,1964
31600,99.692,59.954,1.559359,1.463379,0.09598,128.8381,0.801113,0.0,0.997598,0.002402,51200,6596509,817,13589,278,1967
31650,99.815,60.024,1.518653,1.450073,0.06858,128.8366,0.81834,0.0,0.997441,0.002559,51200,6596434,798,13077,286,1972
31700,99.938,60.093,1.460327,1.381226,0.079101,128.7138,0.814219,0.0,0.995625,0.004375,51200,6590147,822,11979,302,1972
31750,100.058,60.161,1.447655,1.348511,0.099144,128.7393,0.795273,0.0,0.996016,0.003984,51200,6591452,754,11407,294,1973
31800,100.178,60.229,1.446285,1.345337,0.100948,128.8218,0.788867,0.0,0.99709,0.00291,51200,6595674,766,11920,292,1973
31850,100.301,60.297,1.537056,1.454346,0.08271,128.4745,0.800547,0.0,0.991621,0.008379,51200,6577893,838,12998,294,1977
31900,100.428,60.367,1.531115,1.439819,0.091296,131.4159,0.809922,0.000371,0.99082,0.008809,51200,6728495,744,12318,297,1981
31950,100.55,60.436,1.471239,1.37561,0.095629,128.3512,0.825059,0.0,0.990312,0.009688,51200,6571583,854,11532,294,1981
32000,100.67,60.505,1.43509,1.331543,0.103547,128.413,0.804355,0.0,0.99084,0.00916,51200,6574746,862,11303,296,1981
32050,100.791,60.573,1.456675,1.376831,0.079844,128.3743,0.819219,0.0,0.990957,0.009043,51200,6572765,765,11920,295,1981
32100,100.919,60.642,1.361114,1.325684,0.03543,128.5224,0.798203,0.0,0.992441,0.007559,51200,6580348,777,11196,295,1982
32150,101.044,60.71,1.378994,1.325317,0.053676,128.8311,0.807031,0.0,0.997285,0.002715,51200,6596151,844,11769,296,1985
32200,101.171,60.783,1.341195,1.279663,0.061532,135.1629,0.812754,0.000801,0.995117,0.004082,51200,6920340,786,11085,286,1986
32250,101.302,60.852,1.463693,1.333374,0.130319,128.6765,0.823223,0.0,0.995195,0.004805,51200,6588238,780,12041,293,1989
32300,101.427,60.924,1.574859,1.463745,0.111114,128.7251,0.842891,0.0,0.995566,0.004434,51200,6590724,817,13483,278,1989
32350,101.55,60.993,1.595038,1.441284,0.153753,128.8244,0.845449,0.0,0.997148,0.002852,51200,6595809,758,13295,279,1992
32400,101.673,61.064,1.60195,1.460815,0.141135,131.9543,0.84416,0.000371,0.997227,0.002402,51200,6756058,759,13298,285,1992
32450,101.797,61.134,1.635044,1.463501,0.171543,128.7781,0.838301,0.0,0.996445,0.003555,51200,6593441,778,14242,284,1993
32500,101.923,61.203,1.510827,1.411743,0.099084,128.8392,0.831016,0.0,0.997539,0.002461,51200,6596569,846,12639,290,1993
32550,102.053,61.273,1.320244,1.260254,0.05999,128.95,0.836602,0.0,0.999297,0.000703,51200,6602240,782,10329,292,1993
32600,102.18,61.343,1.356735,1.307617,0.049118,128.9075,0.837363,0.0,0.998535,0.001465,51200,6600066,799,11273,281,1993
32650,102.302,61.411,1.314784,1.273071,0.041713,128.9013,0.846328,0.0,0.998398,0.001602,51200,6599748,834,10529,283,1993
32700,102.422,61.479,1.287404,1.238403,0.049001,128.7355,0.834551,0.0,0.995703,0.004297,51200,6591260,756,10826,280,1993
32750,102.545,61.547,1.239409,1.187012,0.052397,128.9046,0.853164,0.0,0.998535,0.001465,51200,6599915,796,9139,279,1993
32800,102.668,61.616,1.105874,1.096802,0.009072,128.8407,0.871621,0.0,0.997539,0.002461,51200,6596643,775,7633,280,1993
32850,102.789,61.683,1.173513,1.138428,0.035086,128.7272,0.850039,0.0,0.995996,0.004004,51200,6590831,802,8817,288,1998
32900,102.918,61.755,1.154283,1.124756,0.029527,128.7638,0.843398,0.0,0.996504,0.003496,51200,6592707,787,8520,279,1998
32950,103.05,61.832,1.111546,1.100098,0.011449,128.7472,0.83,0.0,0.995918,0.004082,51200,6591855,814,8750,281,1998
33000,103.172,61.9,1.271943,1.21228,0.059662,128.6848,0.819473,0.0,0.995273,0.004727,51200,6588663,763,9842,283,1998
33050,103.301,61.97,1.320217,1.258423,0.061795,128.6572,0.823613,2e-05,0.991855,0.008125,51200,6587249,800,10626,286,1998
33100,103.433,62.05,1.303718,1.236084,0.067634,130.8283,0.811094,0.000293,0.991621,0.008086,51200,6698407,826,10419,292,2002
33150,103.573,62.134,1.299923,1.255981,0.043942,128.8681,0.82252,0.0,0.997871,0.002129,51200,6598046,830,10299,283,2005
33200,103.695,62.203,1.303055,1.227417,0.075638,128.8692,0.837188,0.0,0.998145,0.001855,51200,6598102,779,10114,284,2006
33250,103.816,62.271,1.227881,1.172974,0.054907,128.8035,0.848652,0.0,0.996855,0.003145,51200,6594740,751,9329,285,2006
33300,103.942,62.34,1.238956,1.204346,0.03461,128.688,0.860605,0.0,0.995078,0.004922,51200,6588824,829,9349,274,2006
33350,104.065,62.409,1.2037,1.156128,0.047572,128.4934,0.87041,0.0,0.992812,0.007188,51200,6578863,828,9084,278,2006
33400,104.189,62.478,1.275873,1.200806,0.075067,128.8425,0.868398,0.0,0.997754,0.002246,51200,6596738,777,9991,281,2006
33450,104.309,62.548,1.240067,1.205078,0.034988,140.1696,0.865449,0.001406,0.996152,0.002441,51200,7176686,809,9826,300,2006
33500,104.432,62.618,1.320446,1.250366,0.07008,142.3588,0.859629,0.00168,0.995762,0.002559,51200,7288772,803,9959,289,2006
33550,104.551,62.687,1.260539,1.198975,0.061564,142.7397,0.845078,0.001738,0.994141,0.004121,51200,7308274,811,9831,306,2006
33600,104.674,62.757,1.348291,1.245483,0.102808,143.6841,0.860957,0.001836,0.996562,0.001602,51200,7356624,797,10329,304,2006
33650,104.794,62.826,1.174153,1.141602,0.032552,141.7463,0.86166,0.001582,0.996816,0.001602,51200,7257411,808,9079,306,2006
33700,104.913,62.895,1.219241,1.174438,0.044802,137.4455,0.85584,0.001074,0.995605,0.00332,51200,7037210,783,9881,286,2006
33750,105.036,62.966,1.213958,1.155151,0.058806,147.5846,0.860508,0.002344,0.992773,0.004883,51200,7556332,785,9683,285,2006
33800,105.157,63.036,1.282016,1.223877,0.058139,142.7946,0.861562,0.001738,0.994648,0.003613,51200,7311084,816,10671,285,2006
33850,105.277,63.104,1.364243,1.261719,0.102524,128.8198,0.860371,0.0,0.997285,0.002715,51200,6595576,825,11434,282,2006
33900,105.396,63.173,1.24649,1.170288,0.076202,128.8503,0.870137,0.0,0.997559,0.002441,51200,6597137,777,9846,286,2006
33950,105.52,63.242,1.25458,1.181274,0.073306,128.8343,0.879141,0.0,0.99748,0.00252,51200,6596318,760,9348,301,2006
34000,105.643,63.311,1.208962,1.17981,0.029153,128.8405,0.86043,0.0,0.997656,0.002344,51200,6596632,765,9490,301,2006
34050,105.771,63.386,1.258325,1.205933,0.052392,128.7637,0.873828,0.0,0.996543,0.003457,51200,6592702,757,9955,303,2008
34100,105.895,63.455,1.35243,1.265747,0.086683,128.5011,0.87375,0.0,0.99252,0.00748,51200,6579255,805,10520,304,2009
34150,106.02,63.524,1.193642,1.135376,0.058266,128.7466,0.875469,0.0,0.9925,0.0075,51200,6591825,798,8612,287,2009
34200,106.141,63.592,1.089446,1.065063,0.024383,128.5854,0.885508,0.0,0.993359,0.006641,51200,6583574,753,7534,286,2009
34250,106.26,63.659,1.023,0.990234,0.032765,128.6019,0.870645,0.0,0.993613,0.006387,51200,6584415,792,6675,285,2009
34300,106.378,63.727,1.106099,1.074707,0.031392,128.6659,0.85002,0.0,0.994688,0.005312,51200,6587695,796,7907,280,2009
34350,106.494,63.794,1.177588,1.107544,0.070044,128.4541,0.84084,0.0,0.991582,0.008418,51200,6576850,834,8612,274,2009
34400,106.613,63.862,1.175493,1.123291,0.052202,128.661,0.848086,0.0,0.994707,0.005293,51200,6587441,768,8237,273,2009
34450,106.728,63.929,1.235503,1.180908,0.054595,128.5238,0.849219,0.0,0.992676,0.007324,51200,6580421,829,10225,286,2012
34500,106.85,63.999,1.356273,1.269287,0.086986,128.5682,0.83957,0.0,0.993203,0.006797,51200,6582694,769,10755,292,2012
34550,106.977,64.074,1.452297,1.327148,0.125148,128.7953,0.853184,0.0,0.994941,0.005059,51200,6594319,818,11223,290,2012
34600,107.099,64.144,1.272388,1.236328,0.03606,128.844,0.859531,0.0,0.997441,0.002559,51200,6596813,767,9645,291,2012
34650,107.219,64.212,1.217584,1.195312,0.022271,128.5396,0.856543,0.0,0.992773,0.007227,51200,6581228,819,9415,289,2014
34700,107.344,64.288,1.157929,1.120483,0.037446,128.9309,0.840234,0.0,0.998984,0.001016,51200,6601264,769,9343,292,2019
34750,107.463,64.356,1.218054,1.156616,0.061438,128.9626,0.839258,0.0,0.999434,0.000566,51200,6602885,752,8601,286,2019
34800,107.582,64.424,1.390744,1.291504,0.09924,128.936,0.850918,0.0,0.999023,0.000977,51200,6601521,754,11109,280,2019
34850,107.702,64.492,1.423389,1.340576,0.082813,128.9382,0.83791,0.0,0.999102,0.000898,51200,6601636,746,11006,281,2019
34900,107.821,64.56,1.461116,1.347778,0.113338,128.5777,0.821816,0.0,0.993281,0.006719,51200,6583179,754,11202,272,2019
34950,107.94,64.628,1.423732,1.341309,0.082423,128.7306,0.835176,0.0,0.995703,0.004297,51200,6591005,754,10746,281,2019
35000,108.062,64.697,1.394808,1.286865,0.107942,128.8133,0.844805,0.0,0.997207,0.002793,51200,6595242,733,10035,285,2019
35050,108.182,64.765,1.390052,1.312256,0.077797,128.8849,0.82418,0.0,0.998164,0.001836,51200,6598907,777,10272,279,2019
35100,108.3,64.833,1.405359,1.32312,0.082239,128.679,0.835723,0.0,0.994766,0.005234,51200,6588365,816,11397,282,2019
35150,108.418,64.901,1.456891,1.347412,0.109479,128.6666,0.820645,0.0,0.994844,0.005156,51200,6587731,802,11952,281,2019
35200,108.538,64.97,1.53478,1.452881,0.081899,128.773,0.809844,0.0,0.996152,0.003848,51200,6593179,804,13258,283,2021
35250,108.66,65.039,1.583834,1.487305,0.096529,128.825,0.797949,0.0,0.997246,0.002754,51200,6595842,761,13604,295,2022
35300,108.78,65.108,1.443886,1.353882,0.090005,128.6138,0.809648,0.0,0.994102,0.005898,51200,6585027,690,12591,280,2022
35350,108.897,65.176,1.295979,1.264893,0.031087,128.7017,0.796348,0.0,0.995449,0.004551,51200,6589529,742,10893,281,2022
35400,109.016,65.244,1.234908,1.235718,-0.000809,128.8058,0.794238,0.0,0.996816,0.003184,51200,6594859,779,10263,280,2022
35450,109.134,65.311,1.187318,1.1698,0.017519,128.7141,0.810586,0.0,0.995645,0.004355,51200,6590160,728,9270,287,2022
35500,109.254,65.379,1.206032,1.148438,0.057595,128.732,0.842207,0.0,0.99582,0.00418,51200,6591079,800,9029,289,2022
35550,109.374,65.446,1.150528,1.096558,0.05397,128.7986,0.848164,0.0,0.996777,0.003223,51200,6594486,796,8407,277,2022
35600,109.492,65.514,1.117797,1.073853,0.043944,128.9141,0.847676,0.0,0.998711,0.001289,51200,6600401,776,7878,281,2022
35650,109.614,65.586,1.092222,1.032593,0.059629,128.9014,0.854883,0.0,0.998418,0.001582,51200,6599750,807,7379,282,2022
35700,109.732,65.654,1.010462,1.00708,0.003382,128.7892,0.845449,0.0,0.996543,0.003457,51200,6594008,795,6961,289,2022
35750,109.85,65.721,0.998314,1.022339,-0.024025,128.7138,0.834863,0.0,0.99582,0.00418,51200,6590146,775,6810,269,2022
35800,109.989,65.795,1.081476,1.080444,0.001031,128.901,0.851406,0.0,0.998535,0.001465,51200,6599729,794,8022,277,2022
35850,110.108,65.865,1.102649,1.060425,0.042224,128.9358,0.848789,0.0,0.999102,0.000898,51200,6601514,796,8192,279,2022
35900,110.228,65.932,1.091421,1.073486,0.017935,128.8651,0.843027,0.0,0.997793,0.002207,51200,6597894,813,8153,285,2022
35950,110.346,65.998,1.102485,1.095947,0.006538,128.5177,0.8275,0.0,0.9925,0.0075,51200,6580104,790,8006,288,2022
36000,110.465,66.066,1.155741,1.119873,0.035868,128.6432,0.834551,0.0,0.994141,0.005859,51200,6586530,804,8757,288,2022
36050,110.582,66.133,1.148249,1.108154,0.040094,128.78,0.851484,0.0,0.996855,0.003145,51200,6593537,714,8702,289,2022
36100,110.703,66.2,1.151276,1.124146,0.02713,128.7938,0.845547,0.0,0.996797,0.003203,51200,6594240,803,9026,292,2022
36150,110.823,66.267,1.106151,1.0896,0.016552,128.771,0.848145,0.0,0.996484,0.003516,51200,6593076,794,8148,287,2022
36200,110.941,66.335,1.076576,1.06958,0.006996,128.7931,0.852539,0.0,0.996855,0.003145,51200,6594208,788,8449,284,2023
36250,111.062,66.402,1.239229,1.184937,0.054292,128.8918,0.834746,0.0,0.998418,0.001582,51200,6599259,806,9918,284,2026
36300,111.181,66.47,1.157407,1.143066,0.014341,128.8888,0.849277,0.0,0.998379,0.001621,51200,6599106,790,8864,287,2027
36350,111.3,66.537,1.142564,1.111572,0.030992,128.9897,0.846289,0.0,0.999863,0.000137,51200,6604274,794,8150,288,2028
36400,111.423,66.604,1.141996,1.1073,0.034697,128.9025,0.840273,0.0,0.998438,0.001562,51200,6599808,821,8314,295,2031
36450,111.544,66.671,1.044255,1.024536,0.019719,128.724,0.847578,0.0,0.995645,0.004355,51200,6590667,749,7036,293,2031
36500,111.666,66.739,1.048342,1.064453,-0.016111,133.8105,0.837344,0.000645,0.993242,0.006113,51200,6851099,777,7602,293,2031
36550,111.786,66.807,1.100656,1.094727,0.005929,128.6741,0.831152,0.0,0.994883,0.005117,51200,6588114,834,8158,292,2031
36600,111.907,66.874,1.146585,1.14978,-0.003195,128.7381,0.84084,0.0,0.995664,0.004336,51200,6591390,818,9175,286,2031
36650,112.029,66.941,1.197286,1.131958,0.065328,128.7456,0.84918,0.0,0.995938,0.004062,51200,6591773,814,8909,289,2031
36700,112.152,67.01,1.203802,1.130127,0.073675,128.7304,0.850918,0.0,0.99582,0.00418,51200,6590995,763,8206,292,2031
36750,112.272,67.078,1.271179,1.201782,0.069397,128.7643,0.848672,0.0,0.996172,0.003828,51200,6592731,734,10460,292,2033
36800,112.391,67.146,1.268165,1.226196,0.041969,128.6666,0.845977,0.0,0.994922,0.005078,51200,6587730,782,10178,308,2036
36850,112.511,67.213,1.236561,1.176147,0.060414,128.9015,0.838691,0.0,0.998594,0.001406,51200,6599759,766,9717,294,2036
36900,112.63,67.281,1.254653,1.222534,0.032119,128.7021,0.840078,0.0,0.99498,0.00502,51200,6589547,841,10019,284,2036
36950,112.753,67.349,1.447811,1.369385,0.078426,128.8157,0.852656,0.0,0.997207,0.002793,51200,6595363,810,11977,288,2036
37000,112.873,67.418,1.489042,1.369385,0.119657,128.9187,0.850449,0.0,0.998711,0.001289,51200,6600639,763,12076,299,2036
37050,112.996,67.486,1.450401,1.367676,0.082725,128.8946,0.824629,0.0,0.998145,0.001855,51200,6599403,769,11320,290,2038
37100,113.116,67.554,1.365811,1.311279,0.054531,128.5005,0.849043,0.0,0.991875,0.008125,51200,6579228,789,10590,302,2039
37150,113.236,67.623,1.395627,1.314819,0.080808,128.462,0.828047,0.0,0.991484,0.008516,51200,6577253,796,11190,312,2043
37200,113.356,67.692,1.443306,1.336914,0.106392,128.5858,0.825293,0.0,0.993477,0.006523,51200,6583592,802,11246,313,2043
37250,113.474,67.76,1.37216,1.275391,0.09677,128.6084,0.848242,0.0,0.994258,0.005742,51200,6584750,805,10182,302,2043
37300,113.593,67.827,1.2703,1.197876,0.072424,128.5847,0.859023,0.0,0.993594,0.006406,51200,6583537,815,9293,295,2043
37350,113.711,67.894,1.238259,1.172363,0.065896,128.4937,0.851934,0.0,0.991738,0.008262,51200,6578878,789,9062,294,2048
37400,113.83,67.962,1.194479,1.140869,0.05361,128.987,0.859453,2e-05,0.995234,0.004746,51200,6604135,756,8526,285,2048
37450,113.949,68.029,1.116088,1.080078,0.03601,131.8566,0.847109,0.000371,0.997578,0.002051,51200,6751060,775,8065,297,2048
37500,114.067,68.096,1.11331,1.103149,0.010161,128.769,0.831836,0.0,0.99623,0.00377,51200,6592975,814,8386,303,2056
37550,114.183,68.162,1.076344,1.065552,0.010792,128.8395,0.812812,0.0,0.99752,0.00248,51200,6596584,810,8163,304,2058
37600,114.301,68.23,1.049393,1.041382,0.008011,128.8236,0.824023,0.0,0.997051,0.002949,51200,6595769,755,7704,297,2060
37650,114.417,68.297,1.09974,1.088623,0.011117,128.8704,0.803555,0.0,0.997969,0.002031,51200,6598164,771,8612,302,2061
37700,114.538,68.364,1.259013,1.213623,0.04539,128.875,0.790059,0.0,0.998027,0.001973,51200,6598398,801,10362,289,2061
37750,114.656,68.432,1.262644,1.241699,0.020944,128.6942,0.790195,0.0,0.995391,0.004609,51200,6589142,819,10394,294,2061
37800,114.781,68.5,1.349397,1.296509,0.052888,128.527,0.796523,0.0,0.992949,0.007051,51200,6580582,801,10775,295,2061
37850,114.902,68.569,1.411817,1.326416,0.085401,128.6523,0.792676,0.0,0.994648,0.005352,51200,6586996,798,11508,287,2061
37900,115.02,68.637,1.328458,1.28894,0.039517,128.8945,0.80625,0.0,0.998438,0.001562,51200,6599396,746,10935,289,2061
37950,115.148,68.717,1.289969,1.23999,0.049979,128.876,0.813789,0.0,0.99791,0.00209,51200,6598453,823,10419,284,2061
38000,115.266,68.785,1.468976,1.406128,0.062848,128.6304,0.790527,0.0,0.994766,0.005234,51200,6585879,808,12706,291,2061
38050,115.386,68.853,1.453497,1.395264,0.058233,128.4512,0.77541,0.0,0.991094,0.008906,51200,6576704,748,12303,289,2062
38100,115.507,68.921,1.401252,1.379761,0.021491,128.2998,0.772402,0.0,0.988711,0.011289,51200,6568949,782,12230,296,2062
38150,115.63,68.989,1.346888,1.328735,0.018152,128.3442,0.795039,0.0,0.989473,0.010527,51200,6571222,861,11631,301,2063
38200,115.749,69.058,1.326525,1.246338,0.080187,128.631,0.789297,0.0,0.994434,0.005566,51200,6585909,778,10727,293,2063
38250,115.869,69.125,1.267914,1.22168,0.046234,128.8792,0.788262,0.0,0.998105,0.001895,51200,6598614,728,10635,307,2066
38300,115.991,69.192,1.154368,1.161133,-0.006765,128.7196,0.795078,0.0,0.995449,0.004551,51200,6590443,821,9326,295,2067
38350,116.113,69.26,1.141076,1.15564,-0.014564,128.7711,0.810859,0.0,0.996445,0.003555,51200,6593079,836,9322,277,2067
38400,116.233,69.327,1.131485,1.138062,-0.006577,128.8681,0.81082,0.0,0.997871,0.002129,51200,6598049,769,8838,275,2067
38450,116.354,69.395,1.139071,1.121826,0.017245,128.7802,0.799434,0.0,0.996582,0.003418,51200,6593544,778,8902,278,2067
38500,116.474,69.463,1.085613,1.060913,0.0247,128.9926,0.812031,0.0,0.999902,9.8e-05,51200,6604419,775,8004,288,2067
38550,116.596,69.53,1.133385,1.091431,0.041954,128.8682,0.805801,0.0,0.997852,0.002148,51200,6598052,768,8377,294,2067
38600,116.717,69.599,1.195076,1.151123,0.043953,128.8405,0.796582,0.0,0.997383,0.002617,51200,6596633,813,9118,306,2072
38650,116.844,69.666,1.227105,1.159912,0.067193,128.7782,0.811172,0.0,0.996621,0.003379,51200,6593445,779,9263,300,2072
38700,116.963,69.733,1.212295,1.168213,0.044083,128.8799,0.808848,0.0,0.998047,0.001953,51200,6598652,803,9509,294,2072
38750,117.082,69.8,1.117932,1.115356,0.002576,128.7523,0.806328,0.0,0.996152,0.003848,51200,6592117,800,8135,297,2072
38800,117.204,69.868,1.210748,1.166016,0.044733,128.5553,0.82916,0.0,0.993223,0.006777,51200,6582030,781,8900,293,2075
38850,117.326,69.936,1.174289,1.163452,0.010837,128.5375,0.854688,0.0,0.993066,0.006934,51200,6581120,815,8668,290,2075
38900,117.495,70.007,1.246772,1.197998,0.048774,128.4004,0.872812,0.0,0.990898,0.009102,51200,6574099,846,9314,287,2075
38950,117.619,70.076,1.317074,1.233521,0.083554,128.5236,0.859961,0.0,0.99334,0.00666,51200,6580409,762,9915,287,2075
39000,117.743,70.146,1.484489,1.391968,0.092521,128.6384,0.85916,0.0,0.994473,0.005527,51200,6586288,802,12040,274,2075
39050,117.865,70.215,1.533741,1.443726,0.090016,128.7515,0.84832,0.0,0.996426,0.003574,51200,6592079,807,12999,280,2075
39100,117.985,70.284,1.583101,1.449463,0.133639,128.7055,0.839277,0.0,0.995801,0.004199,51200,6589722,794,13636,279,2075
39150,118.104,70.352,1.501406,1.387207,0.114199,130.6996,0.815684,0.000254,0.994668,0.005078,51200,6691822,739,13012,280,2075
39200,118.223,70.42,1.413156,1.303955,0.1092,128.8737,0.807715,0.0,0.99791,0.00209,51200,6598335,839,11626,288,2076
39250,118.343,70.488,1.372998,1.303345,0.069653,128.9769,0.819492,0.0,0.999609,0.000391,51200,6603616,786,11209,306,2076
39300,118.467,70.557,1.400123,1.317139,0.082984,128.8748,0.837637,0.0,0.99793,0.00207,51200,6598390,778,11152,295,2076
39350,118.591,70.626,1.303449,1.226074,0.077374,128.8409,0.852793,0.0,0.997793,0.002207,51200,6596652,797,9931,281,2077
39400,118.714,70.694,1.263496,1.2146,0.048897,128.9039,0.85166,0.0,0.998398,0.001602,51200,6599882,777,9975,281,2077
39450,118.835,70.763,1.099764,1.105469,-0.005705,128.8686,0.862305,0.0,0.998066,0.001934,51200,6598073,793,8437,272,2077
39500,118.956,70.831,1.00941,1.019165,-0.009755,128.9997,0.871543,0.0,0.99998,2e-05,51200,6604786,779,6887,279,2077
39550,119.078,70.899,1.096765,1.070435,0.02633,129.0,0.875645,0.0,1.0,0.0,51200,6604800,748,7352,280,2077
39600,119.202,70.968,1.119086,1.118652,0.000434,128.9563,0.883027,0.0,0.999336,0.000664,51200,6602561,755,7764,276,2077
39650,119.328,71.037,1.221275,1.179321,0.041953,128.988,0.883438,0.0,0.999805,0.000195,51200,6604187,786,8758,283,2077
39700,119.452,71.106,1.122269,1.111206,0.011063,128.9901,0.8875,0.0,0.999883,0.000117,51200,6604294,758,7601,279,2077
39750,119.576,71.174,1.146423,1.111938,0.034485,128.8895,0.879453,0.0,0.998301,0.001699,51200,6599140,747,8069,279,2077
39800,119.696,71.242,1.138326,1.078613,0.059713,128.8099,0.871367,0.0,0.997031,0.002969,51200,6595067,807,7752,280,2078
39850,119.811,71.309,1.002578,1.001221,0.001357,128.8543,0.85084,0.0,0.997598,0.002402,51200,6597341,813,7357,278,2082
39900,119.931,71.377,1.131741,1.123535,0.008206,128.9796,0.855723,0.0,0.999746,0.000254,51200,6603758,813,8600,274,2082
39950,120.052,71.445,1.159329,1.137451,0.021878,128.8527,0.85125,0.0,0.997637,0.002363,51200,6597260,768,9226,275,2082
40000,120.175,71.512,1.201146,1.153442,0.047703,128.8152,0.850195,0.0,0.997324,0.002676,51200,6595336,785,9251,274,2082
40050,120.295,71.58,1.263816,1.182373,0.081443,128.8046,0.826719,0.0,0.997285,0.002715,51200,6594797,804,9891,284,2082
40100,120.415,71.649,1.297076,1.235352,0.061724,129.544,0.833047,7.8e-05,0.998438,0.001484,51200,6632654,776,10841,285,2083
40150,120.534,71.717,1.3399,1.256836,0.083064,128.8086,0.839316,0.0,0.997031,0.002969,51200,6594998,787,10682,287,2084
40200,120.651,71.785,1.255979,1.169678,0.086301,128.927,0.834316,0.0,0.998926,0.001074,51200,6601064,790,10048,291,2084
40250,120.77,71.852,1.288129,1.20813,0.079999,128.7167,0.824668,0.0,0.995742,0.004258,51200,6590295,811,10040,269,2084
40300,120.89,71.919,1.26257,1.181519,0.081051,128.5224,0.817246,0.0,0.992207,0.007793,51200,6580347,820,9941,277,2090
40350,121.007,71.986,1.246246,1.177002,0.069244,128.5095,0.807051,0.0,0.99252,0.00748,51200,6579685,751,10035,298,2091
40400,121.126,72.054,1.266656,1.193726,0.07293,128.7444,0.811309,0.0,0.996113,0.003887,51200,6591714,795,10861,288,2092
40450,121.246,72.121,1.220032,1.176514,0.043518,128.8059,0.816875,0.0,0.997207,0.002793,51200,6594860,830,10067,290,2095
40500,121.364,72.189,1.230282,1.147705,0.082577,128.8706,0.810059,0.0,0.998066,0.001934,51200,6598173,787,9735,308,2097
40550,121.484,72.257,1.230171,1.201416,0.028755,128.6739,0.824512,0.0,0.995078,0.004922,51200,6588103,774,10051,302,2097
40600,121.602,72.324,1.23828,1.19397,0.04431,128.7325,0.826465,0.0,0.995938,0.004062,51200,6591104,746,9911,290,2097
40650,121.718,72.391,1.232684,1.190308,0.042376,128.7681,0.81957,0.0,0.996328,0.003672,51200,6592929,813,10155,283,2098
40700,121.838,72.459,1.370041,1.293091,0.076951,128.7152,0.819238,0.0,0.995547,0.004453,51200,6590217,754,11273,296,2099
40750,121.96,72.528,1.420485,1.346313,0.074171,128.6777,0.848379,0.0,0.994922,0.005078,51200,6588297,815,11964,284,2099
40800,122.081,72.598,1.393607,1.3125,0.081107,132.8187,0.858027,0.000508,0.995312,0.00418,51200,6800317,820,11487,294,2099
40850,122.206,72.669,1.319799,1.249146,0.070654,145.3525,0.847402,0.00209,0.990293,0.007617,51200,7442046,830,10606,289,2099
40900,122.33,72.739,1.283221,1.19873,0.084491,142.5404,0.84668,0.001738,0.991309,0.006953,51200,7298068,796,9724,281,2099
40950,122.451,72.808,1.191507,1.119873,0.071634,139.2867,0.840664,0.001309,0.994688,0.004004,51200,7131481,808,8666,286,2099
41000,122.574,72.876,1.21163,1.148193,0.063437,128.5876,0.839902,0.0,0.993555,0.006445,51200,6583686,751,9378,291,2099
41050,122.694,72.944,1.341876,1.276367,0.065509,128.5825,0.836191,0.0,0.99334,0.00666,51200,6583426,768,11240,283,2099
41100,122.814,73.014,1.467768,1.372437,0.095331,128.7206,0.837422,0.0,0.994766,0.005234,51200,6590495,747,12748,280,2099
41150,122.936,73.083,1.36268,1.30188,0.0608,128.6289,0.834492,0.0,0.993926,0.006074,51200,6585802,809,11426,279,2099
41200,123.054,73.151,1.221798,1.159302,0.062496,128.5967,0.838262,0.0,0.993398,0.006602,51200,6584151,800,9528,279,2099
41250,123.177,73.219,1.238268,1.18689,0.051378,128.7336,0.828496,0.0,0.995859,0.004141,51200,6591160,744,9703,292,2099
41300,123.299,73.287,1.19651,1.183716,0.012795,128.8459,0.815996,0.0,0.997324,0.002676,51200,6596911,810,9391,293,2099
41350,123.418,73.355,1.183371,1.135742,0.047629,128.8284,0.81543,0.0,0.997207,0.002793,51200,6596014,781,8798,290,2099
41400,123.543,73.424,1.330989,1.281738,0.049251,128.8071,0.816094,0.0,0.997188,0.002812,51200,6594926,761,10310,292,2102
41450,123.666,73.496,1.374529,1.310913,0.063616,128.6799,0.843789,0.0,0.995332,0.004668,51200,6588409,836,11015,293,2102
41500,123.788,73.565,1.251321,1.228638,0.022684,128.7719,0.850098,0.0,0.996348,0.003652,51200,6593121,794,9907,297,2104
41550,123.907,73.633,1.249866,1.212524,0.037342,128.7984,0.853945,0.0,0.997031,0.002969,51200,6594479,803,10085,281,2104
41600,124.026,73.701,1.196394,1.179199,0.017195,128.9663,0.842031,0.0,0.999434,0.000566,51200,6603073,803,9517,292,2104
41650,124.147,73.769,1.215641,1.199341,0.016301,128.8091,0.834922,0.0,0.996816,0.003184,51200,6595024,826,10027,302,2104
41700,124.267,73.838,1.205609,1.133423,0.072186,128.825,0.829297,0.0,0.997461,0.002539,51200,6595839,750,9288,294,2104
41750,124.391,73.906,1.180243,1.161499,0.018744,129.1058,0.831113,2e-05,0.996934,0.003047,51200,6610218,803,9620,295,2104
41800,124.515,73.975,1.227445,1.196899,0.030546,128.8661,0.833379,0.0,0.997969,0.002031,51200,6597943,814,9694,291,2108
41850,124.636,74.044,1.187531,1.168335,0.019196,128.9603,0.85377,0.0,0.999453,0.000547,51200,6602767,754,9387,289,2108
41900,124.762,74.114,1.189829,1.180542,0.009287,128.9206,0.848535,0.0,0.998848,0.001152,51200,6600737,829,9452,283,2108
41950,124.886,74.184,1.23296,1.186279,0.046681,128.8667,0.857656,0.0,0.997656,0.002344,51200,6597974,784,9439,280,2108
42000,125.013,74.254,1.331581,1.241943,0.089638,128.9264,0.852344,0.0,0.998809,0.001191,51200,6601030,795,10111,283,2108
42050,125.133,74.322,1.280922,1.22522,0.055702,128.7706,0.83834,0.0,0.996777,0.003223,51200,6593057,777,10097,276,2108
42100,125.251,74.391,1.380754,1.294189,0.086565,128.9414,0.86166,0.0,0.999004,0.000996,51200,6601800,729,11149,282,2110
42150,125.37,74.459,1.418425,1.357788,0.060637,128.9697,0.855781,0.0,0.999453,0.000547,51200,6603249,778,12088,286,2111
42200,125.49,74.529,1.475271,1.39563,0.079642,128.7199,0.858438,0.0,0.995723,0.004277,51200,6590458,798,12637,283,2111
42250,125.61,74.597,1.365736,1.319702,0.046034,128.5902,0.834062,0.0,0.993594,0.006406,51200,6583818,821,11387,296,2111
42300,125.732,74.666,1.440091,1.36853,0.071561,128.9565,0.817031,0.0,0.999316,0.000684,51200,6602573,738,11973,299,2111
42350,125.852,74.734,1.306349,1.261353,0.044996,128.9186,0.820352,0.0,0.998809,0.001191,51200,6600633,716,10811,316,2112
42400,125.974,74.802,1.220337,1.202026,0.018311,128.9148,0.830078,0.0,0.998633,0.001367,51200,6600439,811,10123,311,2112
42450,126.093,74.87,1.17919,1.15918,0.02001,128.8389,0.823535,0.0,0.9975,0.0025,51200,6596553,775,9839,288,2112
42500,126.211,74.937,1.181169,1.145752,0.035417,128.8242,0.809082,0.0,0.99709,0.00291,51200,6595799,775,9321,292,2112
42550,126.33,75.005,1.275712,1.201294,0.074418,128.8054,0.820566,0.0,0.996934,0.003066,51200,6594834,805,9763,289,2112
42600,126.451,75.073,1.265318,1.182007,0.083311,128.8427,0.819219,0.0,0.997617,0.002383,51200,6596747,759,9035,295,2112
42650,126.571,75.141,1.214056,1.164062,0.049993,129.0081,0.836855,0.0,0.998984,0.001016,51200,6605214,780,9032,293,2113
42700,126.689,75.209,1.167504,1.107422,0.060082,128.9474,0.841074,0.0,0.999141,0.000859,51200,6602108,735,8393,282,2113
42750,126.812,75.28,1.292373,1.226685,0.065689,128.9688,0.821133,0.0,0.999609,0.000391,51200,6603200,840,10054,288,2113
42800,126.931,75.348,1.373815,1.281982,0.091833,128.8667,0.823184,0.0,0.997793,0.002207,51200,6597975,773,10877,289,2113
42850,127.052,75.416,1.394317,1.364136,0.030182,128.7693,0.812578,0.0,0.996504,0.003496,51200,6592989,774,11505,297,2117
42900,127.171,75.485,1.324472,1.275024,0.049448,128.7716,0.807891,0.0,0.99627,0.00373,51200,6593105,726,10371,302,2118
42950,127.294,75.553,1.373506,1.311646,0.06186,128.8465,0.803945,0.0,0.997656,0.002344,51200,6596943,825,10902,298,2118
43000,127.416,75.622,1.367494,1.286499,0.080995,128.8508,0.807852,0.0,0.997695,0.002305,51200,6597159,795,10651,301,2118
43050,127.541,75.691,1.407898,1.314453,0.093444,128.7519,0.799668,0.0,0.996172,0.003828,51200,6592098,779,11090,300,2118
43100,127.662,75.76,1.360903,1.312012,0.048892,128.5054,0.792988,0.0,0.992363,0.007637,51200,6579477,802,11106,308,2118
43150,127.782,75.829,1.332552,1.258301,0.074251,128.6165,0.805664,0.0,0.994043,0.005957,51200,6585167,814,10773,306,2118
43200,127.903,75.897,1.404658,1.348267,0.056391,128.6921,0.796465,0.0,0.994961,0.005039,51200,6589035,773,11910,305,2120
43250,128.025,75.965,1.353509,1.30896,0.044549,128.6992,0.792734,0.0,0.995273,0.004727,51200,6589398,814,11197,295,2120
43300,128.146,76.034,1.432159,1.359619,0.07254,128.5028,0.779961,0.0,0.992676,0.007324,51200,6579341,834,12427,297,2123
43350,128.271,76.103,1.407611,1.332031,0.07558,128.7679,0.784902,0.0,0.996445,0.003555,51200,6592917,744,11453,302,2123
43400,128.396,76.172,1.329762,1.310913,0.018849,128.3758,0.814473,0.0,0.98998,0.01002,51200,6572840,797,11175,308,2123
43450,128.52,76.242,1.379258,1.298706,0.080552,128.4938,0.832949,0.0,0.991797,0.008203,51200,6578883,762,10974,288,2123
43500,128.644,76.311,1.298707,1.271362,0.027344,128.5572,0.834961,0.0,0.992871,0.007129,51200,6582131,808,10500,284,2123
43550,128.77,76.379,1.312366,1.289551,0.022815,128.6219,0.827715,0.0,0.994395,0.005605,51200,6585440,771,10544,279,2123
43600,128.896,76.449,1.457164,1.340454,0.11671,128.7167,0.832441,0.0,0.995723,0.004277,51200,6590294,769,11950,277,2123
43650,129.072,76.519,1.38395,1.305786,0.078164,128.7337,0.851641,0.0,0.995586,0.004414,51200,6591167,787,11583,274,2123
43700,129.204,76.592,1.35044,1.263306,0.087134,128.7134,0.852773,0.0,0.995469,0.004531,51200,6590124,800,10672,281,2123
43750,129.325,76.66,1.330576,1.237061,0.093516,128.6881,0.849961,0.0,0.99498,0.00502,51200,6588833,863,10694,282,2123
43800,129.45,76.729,1.236477,1.19873,0.037746,128.7371,0.849551,0.0,0.995938,0.004062,51200,6591340,813,9552,290,2123
43850,129.57,76.797,1.128596,1.102417,0.026179,128.6324,0.845332,0.0,0.994551,0.005449,51200,6585977,767,8658,290,2124
43900,129.694,76.866,1.156801,1.115967,0.040834,128.561,0.858809,0.0,0.993438,0.006562,51200,6582323,781,8054,293,2124
43950,129.818,76.936,1.060748,1.046753,0.013995,128.6492,0.84707,0.0,0.994609,0.005391,51200,6586839,824,6664,296,2124
44000,129.94,77.004,0.985702,0.990234,-0.004533,128.6191,0.864492,0.0,0.994531,0.005469,51200,6585298,775,6126,277,2124
44050,130.064,77.072,1.099608,1.072266,0.027343,128.6548,0.867441,0.0,0.99498,0.00502,51200,6587127,801,7402,279,2124
44100,130.186,77.141,1.155217,1.113403,0.041814,128.6822,0.860742,0.0,0.995391,0.004609,51200,6588529,745,8397,276,2124
44150,130.312,77.21,1.091395,1.089844,0.001551,128.6884,0.869629,0.0,0.995137,0.004863,51200,6588845,768,7613,275,2124
44200,130.435,77.278,1.091907,1.046509,0.045399,128.7172,0.862852,0.0,0.995371,0.004629,51200,6590323,826,7563,272,2124
44250,130.561,77.347,1.195285,1.198364,-0.003079,128.6588,0.878086,0.0,0.994473,0.005527,51200,6587332,798,9287,277,2124
44300,130.684,77.418,1.255684,1.171875,0.083809,128.8806,0.886367,0.0,0.998145,0.001855,51200,6598687,797,9692,282,2124
44350,130.806,77.487,1.284897,1.224121,0.060776,128.8938,0.873809,0.0,0.998379,0.001621,51200,6599363,839,10196,275,2124
44400,130.933,77.557,1.293787,1.230835,0.062952,128.9604,0.859492,0.0,0.999316,0.000684,51200,6602770,771,10186,287,2124
44450,131.055,77.626,1.30386,1.215332,0.088528,128.9087,0.859629,0.0,0.998496,0.001504,51200,6600126,824,10726,288,2124
44500,131.175,77.695,1.281954,1.222412,0.059542,128.9866,0.848828,0.0,0.999785,0.000215,51200,6604113,786,10653,298,2124
44550,131.293,77.763,1.216801,1.14856,0.068241,128.9585,0.841016,0.0,0.999355,0.000645,51200,6602673,793,9865,294,2124
44600,131.41,77.831,1.224024,1.168579,0.055445,128.9025,0.859238,0.0,0.998418,0.001582,51200,6599810,803,9702,292,2124
44650,131.527,77.899,1.17993,1.129517,0.050413,129.3685,0.857617,7.8e-05,0.996016,0.003906,51200,6623665,766,8552,285,2124
44700,131.646,77.969,1.270961,1.198486,0.072475,129.6591,0.858945,0.000137,0.993184,0.00668,51200,6638545,772,9672,277,2124
44750,131.762,78.036,1.19509,1.153442,0.041647,128.8956,0.846719,0.0,0.998516,0.001484,51200,6599456,757,9654,277,2124
44800,131.88,78.104,1.154227,1.140381,0.013847,128.9505,0.831113,0.0,0.999238,0.000762,51200,6602268,812,9196,287,2124
44850,132.011,78.177,1.228577,1.162598,0.06598,128.8689,0.823613,0.0,0.997871,0.002129,51200,6598088,785,9616,292,2130
44900,132.136,78.248,1.125852,1.106201,0.019651,128.9369,0.827266,0.0,0.998965,0.001035,51200,6601571,807,8304,305,2137
44950,132.258,78.316,1.13972,1.128174,0.011546,128.9152,0.833594,0.0,0.998711,0.001289,51200,6600460,806,9131,288,2137
45000,132.413,78.386,1.18379,1.138916,0.044874,128.8382,0.846348,0.0,0.997637,0.002363,51200,6596518,756,9204,287,2137
45050,132.542,78.453,1.227696,1.204346,0.02335,128.8742,0.838105,0.0,0.997891,0.002109,51200,6598360,769,9461,298,2138
45100,132.677,78.535,1.288922,1.215576,0.073345,128.8405,0.834863,0.0,0.99752,0.00248,51200,6596635,807,9976,280,2138
45150,132.798,78.603,1.407228,1.334595,0.072633,128.6969,0.844355,0.0,0.995293,0.004707,51200,6589282,773,10961,278,2138
45200,132.92,78.673,1.520291,1.400757,0.119534,128.829,0.83168,0.0,0.997207,0.002793,51200,6596043,801,12157,290,2139
45250,133.045,78.743,1.528983,1.41687,0.112113,128.7534,0.831582,0.0,0.996348,0.003652,51200,6592174,815,11874,292,2139
45300,133.171,78.812,1.466201,1.379639,0.086562,128.7625,0.852324,0.0,0.996367,0.003633,51200,6592641,815,11417,282,2139
45350,133.295,78.882,1.376197,1.277344,0.098853,128.7943,0.852461,0.0,0.996934,0.003066,51200,6594269,845,10150,287,2139
45400,133.413,78.95,1.172995,1.148682,0.024313,128.683,0.853926,0.0,0.995137,0.004863,51200,6588569,821,9007,281,2139
45450,133.53,79.018,1.150881,1.130615,0.020266,132.2054,0.838008,0.00043,0.995781,0.003789,51200,6768916,725,9118,280,2139
45500,133.652,79.088,1.236725,1.209717,0.027009,146.7734,0.824512,0.002207,0.9975,0.000293,51200,7514797,820,9892,276,2139
45550,133.774,79.157,1.272336,1.256226,0.016111,136.7612,0.821367,0.000996,0.994883,0.004121,51200,7002173,803,10741,278,2139
45600,133.896,79.226,1.388351,1.314697,0.073654,128.7451,0.821992,0.0,0.996055,0.003945,51200,6591749,844,11749,288,2139
45650,134.019,79.295,1.305735,1.242432,0.063303,128.6949,0.822734,0.0,0.995234,0.004766,51200,6589178,771,10447,285,2139
45700,134.143,79.364,1.310633,1.261841,0.048792,128.7357,0.834512,0.0,0.995938,0.004062,51200,6591270,766,10240,288,2139
45750,134.267,79.433,1.317893,1.273193,0.0447,128.8572,0.840625,0.0,0.997754,0.002246,51200,6597490,830,11127,287,2139
45800,134.393,79.502,1.395424,1.351807,0.043617,128.8146,0.842207,0.0,0.99707,0.00293,51200,6595308,832,11717,289,2139
45850,134.517,79.572,1.400782,1.324951,0.075831,128.6985,0.855137,0.0,0.995508,0.004492,51200,6589362,811,11417,278,2139
45900,134.639,79.641,1.277504,1.2052,0.072303,128.8351,0.874434,0.0,0.997383,0.002617,51200,6596356,769,10169,277,2139
45950,134.761,79.709,1.203874,1.142944,0.06093,128.8965,0.876992,0.0,0.998438,0.001562,51200,6599503,727,9843,286,2139
46000,134.881,79.778,1.225801,1.146729,0.079072,128.7545,0.864414,0.0,0.996094,0.003906,51200,6592229,777,9611,288,2139
46050,135.0,79.846,1.373595,1.299194,0.074401,128.9157,0.858926,0.0,0.998633,0.001367,51200,6600482,750,11709,288,2140
46100,135.126,79.916,1.409075,1.360107,0.048968,128.8716,0.832109,0.0,0.998086,0.001914,51200,6598226,782,12125,290,2140
46150,135.25,79.988,1.281646,1.221802,0.059844,128.7627,0.846211,0.0,0.996152,0.003848,51200,6592648,802,10500,299,2144
46200,135.369,80.056,1.245353,1.1875,0.057853,128.9062,0.841934,0.0,0.998555,0.001445,51200,6599996,746,9489,275,2144
46250,135.484,80.123,1.119472,1.088013,0.031459,128.9095,0.837207,0.0,0.99875,0.00125,51200,6600168,750,8529,277,2146
46300,135.601,80.19,1.254845,1.170532,0.084313,128.5558,0.842852,0.0,0.993105,0.006895,51200,6582057,803,9938,277,2146
46350,135.724,80.26,1.273809,1.237549,0.03626,128.5562,0.82375,0.0,0.992754,0.007246,51200,6582078,745,10336,282,2146
46400,135.849,80.329,1.378953,1.333984,0.044969,128.753,0.815156,0.0,0.995703,0.004297,51200,6592155,812,11696,297,2146
46450,135.974,80.397,1.348563,1.311157,0.037406,128.8511,0.813867,0.0,0.997734,0.002266,51200,6597176,795,10847,297,2147
46500,136.097,80.466,1.34747,1.295532,0.051938,128.9517,0.810605,0.0,0.999219,0.000781,51200,6602326,780,11115,310,2149
46550,136.219,80.534,1.272794,1.25708,0.015714,128.8426,0.814844,0.0,0.99748,0.00252,51200,6596740,795,10642,300,2152
46600,136.34,80.602,1.418731,1.341553,0.077179,128.7167,0.812871,0.0,0.995547,0.004453,51200,6590294,790,12178,309,2152
46650,136.461,80.67,1.302832,1.278076,0.024756,128.839,0.801094,0.0,0.997715,0.002285,51200,6596557,752,10961,314,2153
46700,136.58,80.738,1.344529,1.289307,0.055223,128.774,0.800938,0.0,0.996387,0.003613,51200,6593230,759,11828,300,2154
46750,136.702,80.808,1.386873,1.303345,0.083528,137.4542,0.795996,0.001094,0.993203,0.005703,51200,7037657,798,12549,303,2155
46800,136.821,80.876,1.338447,1.260986,0.077461,133.7926,0.796406,0.000625,0.99541,0.003965,51200,6850179,782,11969,285,2155
46850,136.941,80.944,1.341287,1.278198,0.063088,128.7764,0.794629,0.0,0.996387,0.003613,51200,6593353,742,12126,286,2155
46900,137.064,81.012,1.402914,1.302734,0.10018,128.4613,0.822012,0.0,0.991621,0.008379,51200,6577218,792,11505,285,2155
46950,137.187,81.081,1.29259,1.221802,0.070788,128.5548,0.836445,0.0,0.992852,0.007148,51200,6582007,785,10126,298,2155
47000,137.308,81.149,1.274483,1.185181,0.089303,128.581,0.820488,0.0,0.993457,0.006543,51200,6583345,810,10325,305,2155
47050,137.432,81.216,1.302283,1.248047,0.054236,128.6875,0.826309,0.0,0.994805,0.005195,51200,6588799,767,10889,308,2155
47100,137.554,81.284,1.236338,1.20813,0.028208,128.4851,0.830293,0.0,0.991855,0.008145,51200,6578437,791,9987,310,2158
47150,137.677,81.352,1.269244,1.229492,0.039752,128.4788,0.820684,0.0,0.991875,0.008125,51200,6578117,794,9790,310,2160
47200,137.802,81.42,1.20757,1.188843,0.018727,128.5956,0.829629,0.0,0.993613,0.006387,51200,6584096,787,9067,295,2161
47250,137.923,81.488,1.271034,1.213745,0.057288,128.3805,0.836309,0.0,0.990371,0.009629,51200,6573081,804,10149,293,2161
47300,138.046,81.556,1.226012,1.170288,0.055724,129.0109,0.852559,2e-05,0.995703,0.004277,51200,6605360,808,9211,284,2161
47350,138.169,81.624,1.168572,1.13147,0.037102,128.6279,0.859824,0.0,0.994219,0.005781,51200,6585751,770,8788,287,2161
47400,138.291,81.692,1.26412,1.160278,0.103842,128.8222,0.874316,2e-05,0.994707,0.005273,51200,6595696,768,9270,287,2161
47450,138.411,81.76,1.154082,1.076904,0.077177,128.6384,0.878906,0.0,0.994238,0.005762,51200,6586287,817,8235,289,2161
47500,138.533,81.829,1.224069,1.125244,0.098825,128.2693,0.878262,0.0,0.989668,0.010332,51200,6567389,827,8872,272,2161
47550,138.655,81.897,1.301717,1.208008,0.093709,128.6318,0.863262,0.0,0.994453,0.005547,51200,6585949,789,10421,272,2162
47600,138.779,81.966,1.207784,1.146851,0.060934,128.9123,0.85293,0.0,0.998652,0.001348,51200,6600309,745,8726,273,2162
47650,138.901,82.034,1.144751,1.115234,0.029517,129.0,0.855312,0.0,1.0,0.0,51200,6604800,808,8439,272,2162
47700,139.022,82.102,1.194029,1.154785,0.039244,128.9557,0.848164,0.0,0.999277,0.000723,51200,6602530,756,8929,291,2164
47750,139.144,82.17,1.320047,1.289185,0.030863,128.8486,0.861504,0.0,0.99748,0.00252,51200,6597050,742,11108,299,2164
47800,139.266,82.239,1.392573,1.328369,0.064203,128.7042,0.860742,0.0,0.99502,0.00498,51200,6589657,803,11528,279,2166
47850,139.388,82.308,1.325074,1.24646,0.078614,128.7962,0.86623,0.0,0.996914,0.003086,51200,6594368,756,10643,294,2166
47900,139.513,82.377,1.322697,1.265503,0.057194,128.9713,0.863262,0.0,0.999492,0.000508,51200,6603330,777,10836,282,2166
47950,139.634,82.445,1.408072,1.313477,0.094595,128.9704,0.854258,0.0,0.999609,0.000391,51200,6603286,804,11931,282,2166
48000,139.755,82.514,1.293714,1.235718,0.057996,128.9596,0.844004,0.0,0.999473,0.000527,51200,6602734,803,10738,295,2167
48050,139.876,82.582,1.356148,1.312622,0.043526,128.8251,0.830996,0.0,0.997305,0.002695,51200,6595844,790,11301,291,2170
48100,139.997,82.651,1.292898,1.224976,0.067922,128.793,0.845996,0.0,0.99666,0.00334,51200,6594204,772,10092,286,2170
48150,140.114,82.718,1.255179,1.192871,0.062308,128.7919,0.827871,0.0,0.996777,0.003223,51200,6594145,786,10422,286,2170
48200,140.238,82.786,1.271924,1.234131,0.037793,128.6662,0.830117,0.0,0.99498,0.00502,51200,6587710,770,10040,296,2171
48250,140.358,82.855,1.206649,1.144775,0.061874,129.7904,0.831367,0.000137,0.994883,0.00498,51200,6645267,814,9411,291,2171
48300,140.476,82.922,1.197528,1.145142,0.052387,128.6295,0.839512,0.0,0.994199,0.005801,51200,6585830,779,9033,297,2171
48350,140.595,82.99,1.163953,1.116699,0.047254,128.8291,0.860215,0.0,0.997051,0.002949,51200,6596050,800,8865,294,2171
48400,140.713,83.058,1.193003,1.152954,0.040049,128.8151,0.852637,0.0,0.996875,0.003125,51200,6595335,786,9497,289,2172
48450,140.832,83.126,1.346766,1.26416,0.082606,128.896,0.842402,0.0,0.99834,0.00166,51200,6599476,789,11398,279,2172
48500,140.951,83.195,1.42916,1.328491,0.100669,128.8627,0.816172,0.0,0.997832,0.002168,51200,6597772,797,12440,296,2172
48550,141.073,83.264,1.4411,1.351807,0.089294,128.9395,0.802832,0.0,0.999141,0.000859,51200,6601704,790,12614,313,2174
48600,141.196,83.333,1.430497,1.376465,0.054032,128.8138,0.792207,0.0,0.997246,0.002754,51200,6595264,833,13070,332,2175
48650,141.316,83.401,1.447625,1.359375,0.08825,128.805,0.788926,0.0,0.996797,0.003203,51200,6594818,764,12944,337,2181
48700,141.44,83.47,1.447866,1.352905,0.094961,128.7495,0.789727,0.0,0.99623,0.00377,51200,6591972,817,12074,323,2181
48750,141.564,83.539,1.41719,1.376465,0.040725,128.7314,0.802832,0.0,0.995898,0.004102,51200,6591046,770,12338,309,2181
48800,141.688,83.609,1.472393,1.367188,0.105206,128.6394,0.822852,0.0,0.994492,0.005508,51200,6586339,787,12141,295,2181
48850,141.812,83.678,1.379471,1.29248,0.08699,128.7576,0.835059,0.0,0.99623,0.00377,51200,6592390,797,10875,294,2181
48900,141.936,83.747,1.315959,1.264038,0.05192,128.7771,0.831211,0.0,0.996582,0.003418,51200,6593390,763,10701,290,2181
48950,142.055,83.816,1.440762,1.347412,0.09335,128.7571,0.839043,0.0,0.996328,0.003672,51200,6592363,753,12167,295,2181
49000,142.176,83.884,1.534598,1.474609,0.059988,128.7737,0.840273,0.0,0.996426,0.003574,51200,6593213,760,13719,296,2181
49050,142.304,83.954,1.543698,1.500122,0.043576,137.2337,0.830703,0.001035,0.997383,0.001582,51200,7026366,782,13939,311,2181
49100,142.428,84.025,1.673235,1.55835,0.114885,140.0033,0.831934,0.001387,0.995801,0.002812,51200,7168171,807,15467,293,2181
49150,142.551,84.095,1.702428,1.577026,0.125401,128.788,0.816797,0.0,0.996777,0.003223,51200,6593945,781,15441,297,2181
49200,142.672,84.164,1.577683,1.457153,0.120529,128.6661,0.814551,0.0,0.995273,0.004727,51200,6587703,750,14207,293,2181
49250,142.795,84.233,1.458445,1.338867,0.119578,129.2089,0.83,5.9e-05,0.996172,0.00377,51200,6615498,818,11991,296,2181
49300,142.916,84.301,1.358499,1.256104,0.102395,130.7271,0.810684,0.000293,0.989707,0.01,51200,6693229,800,11296,283,2181
49350,143.035,84.369,1.269982,1.191406,0.078576,128.3835,0.807148,0.0,0.990449,0.009551,51200,6573236,791,10501,281,2181
49400,143.155,84.437,1.284643,1.2323,0.052343,128.6326,0.816426,0.0,0.994102,0.005898,51200,6585990,808,10552,282,2181
49450,143.276,84.505,1.345146,1.269043,0.076103,128.6321,0.819082,0.0,0.994336,0.005664,51200,6585965,752,10710,286,2184
49500,143.394,84.573,1.293841,1.235107,0.058733,131.8505,0.794707,0.00041,0.992461,0.007129,51200,6750745,820,10895,276,2184
49550,143.513,84.64,1.257212,1.234375,0.022837,134.7497,0.798027,0.000762,0.99334,0.005898,51200,6899187,785,10616,284,2184
49600,143.632,84.708,1.302753,1.291748,0.011004,129.099,0.794395,5.9e-05,0.993691,0.00625,51200,6609867,755,11564,279,2184
49650,143.755,84.776,1.406464,1.357056,0.049408,128.3351,0.784805,0.0,0.989629,0.010371,51200,6570757,774,12406,273,2184
49700,143.878,84.844,1.35099,1.31897,0.03202,128.543,0.797852,0.0,0.992773,0.007227,51200,6581403,781,11535,279,2186
49750,143.999,84.912,1.300449,1.259033,0.041416,128.7431,0.80666,0.0,0.995996,0.004004,51200,6591646,767,11096,296,2186
49800,144.118,84.98,1.262869,1.223755,0.039115,128.6475,0.797246,0.0,0.994746,0.005254,51200,6586754,735,10766,307,2187
49850,144.238,85.048,1.302777,1.224487,0.07829,128.5663,0.792051,0.0,0.993828,0.006172,51200,6582594,760,10607,310,2189
49900,144.359,85.115,1.329045,1.281738,0.047307,128.5581,0.781348,0.0,0.993555,0.006445,51200,6582174,800,11394,310,2189
49950,144.479,85.183,1.416141,1.336182,0.079959,128.2841,0.793594,0.0,0.989219,0.010781,51200,6568144,793,11875,298,2189
50000,144.605,85.252,1.279425,1.244751,0.034674,128.1544,0.817383,0.0,0.987148,0.012852,51200,6561506,746,10534,292,2189
