# epoch 0  H=7.9971 C=8.0032 HO=-0.0060  A(t)=0
         1  ..k....-......>.  fffe6b0c80d5fc2dc2eceabdf0d63ecb
         1  .........,.D....  fffdb51ea0ec06bbbe2cb044c502f8cb
         1  ...............Q  fffdb50bbde3b0b0b811a28a1ce10251
         1  ..p..>md....y..W  fffd7019933e6d64c9ed188279f7be57
         1  ....T...........  fffbf59e54e40701feb6dd06f2c1f3be
         1  ...i..N.......+>  fff8af69c7f14e89b59f8f11a3db2b3e
         1  ..>....J....g.$.  fff83e01a2d7154ae500c31867a324ab
         1  ..5..G.#!..}.j?*  fff835b1f64717232195bb7da76a3f2a
         1  ..._y.......1...  fff7d8207903bc951d8c899e31df0380
         1  ..."';..BEg.g..E  fff6b422273b03e9424567ba67eb1c45
# epoch 50  H=7.9907 C=7.9054 HO=0.0853  A(t)=0
       115  [[[[[[[[[[[[[[[[  5b5b5b5b5b5b5b5b5b5b5b5b5b5b5b5b
        36  LLLLLLLLLLLLLLLL  4c4c4c4c4c4c4c4c4c4c4c4c4c4c4c4c
        31  ................  edededededededededededededededed
        28  KKKKKKKKKKKKKKKK  4b4b4b4b4b4b4b4b4b4b4b4b4b4b4b4b
        23  ................  89898989898989898989898989898989
        19  ................  f7f7f7f7f7f7f7f7f7f7f7f7f7f7f7f7
        12  ................  7f7f7f7f7f7f7f7f7f7f7f7f7f7f7f7f
         7  jjjjjjjjjjjjjjjj  6a6a6a6a6a6a6a6a6a6a6a6a6a6a6a6a
         5  ................  0f0f0f0f0f0f0f0f0f0f0f0f0f0f0f0f
         2  ....=:62..&.0...  c6120e0a3d3a36322e8226f130c6120e
# epoch 100  H=7.9848 C=7.8136 HO=0.1712  A(t)=0
       115  [[[[[[[[[[[[[[[[  5b5b5b5b5b5b5b5b5b5b5b5b5b5b5b5b
        36  LLLLLLLLLLLLLLLL  4c4c4c4c4c4c4c4c4c4c4c4c4c4c4c4c
        27  ................  edededededededededededededededed
        19  ................  f7f7f7f7f7f7f7f7f7f7f7f7f7f7f7f7
        14  ................  89898989898989898989898989898989
         8  ................  8d0b8d0b8d0b8d0b8d0b8d0b8d0b8d0b
         8  ................  0b8d0b8d0b8d0b8d0b8d0b8d0b8d0b8d
         5  ................  0f0f0f0f0f0f0f0f0f0f0f0f0f0f0f0f
         2  ....=:62..&.0...  c6120e0a3d3a36322e8226f130c6120e
         2  ...=:62..&.0....  120e0a3d3a36322e8226f130c6120e0a
# epoch 150  H=7.9790 C=7.7399 HO=0.2392  A(t)=0
        58  [[[[[[[[[[[[[[[[  5b5b5b5b5b5b5b5b5b5b5b5b5b5b5b5b
        36  LLLLLLLLLLLLLLLL  4c4c4c4c4c4c4c4c4c4c4c4c4c4c4c4c
        14  ................  89898989898989898989898989898989
        12  ................  f7f7f7f7f7f7f7f7f7f7f7f7f7f7f7f7
         6  ................  edededededededededededededededed
         5  ................  0f0f0f0f0f0f0f0f0f0f0f0f0f0f0f0f
         2  ....=:62..&.0...  c6120e0a3d3a36322e8226f130c6120e
         2  ...=:62..&.0....  120e0a3d3a36322e8226f130c6120e0a
         2  ..=:62..&.0....=  0e0a3d3a36322e8226f130c6120e0a3d
         2  .=:62..&.0....=:  0a3d3a36322e8226f130c6120e0a3d3a
# epoch 200  H=7.9672 C=7.6295 HO=0.3377  A(t)=0
        46  [[[[[[[[[[[[[[[[  5b5b5b5b5b5b5b5b5b5b5b5b5b5b5b5b
        44  ................  f8def8def8def8def8def8def8def8de
        43  ................  def8def8def8def8def8def8def8def8
        33  LLLLLLLLLLLLLLLL  4c4c4c4c4c4c4c4c4c4c4c4c4c4c4c4c
        27  <<<<<<<<<<<<<<<<  3c3c3c3c3c3c3c3c3c3c3c3c3c3c3c3c
        21  }}}}}}}}}}}}}}}}  7d7d7d7d7d7d7d7d7d7d7d7d7d7d7d7d
        13  ................  dededededededededededededededede
        12  ................  f7f7f7f7f7f7f7f7f7f7f7f7f7f7f7f7
         5  ................  0f0f0f0f0f0f0f0f0f0f0f0f0f0f0f0f
         3  ................  edededededededededededededededed
# epoch 250  H=7.9454 C=7.4878 HO=0.4576  A(t)=5
       236  <<<<<<<<<<<<<<<<  3c3c3c3c3c3c3c3c3c3c3c3c3c3c3c3c
        51  }}}}}}}}}}}}}}}}  7d7d7d7d7d7d7d7d7d7d7d7d7d7d7d7d
        42  [[[[[[[[[[[[[[[[  5b5b5b5b5b5b5b5b5b5b5b5b5b5b5b5b
        33  LLLLLLLLLLLLLLLL  4c4c4c4c4c4c4c4c4c4c4c4c4c4c4c4c
        21  pppppppppppppppp  70707070707070707070707070707070
        20  ................  f8def8def8def8def8def8def8def8de
        20  ................  def8def8def8def8def8def8def8def8
        20  kkkkkkkkkkkkkkkk  6b6b6b6b6b6b6b6b6b6b6b6b6b6b6b6b
        18  ................  d1d1d1d1d1d1d1d1d1d1d1d1d1d1d1d1
        13  ................  dededededededededededededededede
# epoch 300  H=7.9285 C=7.4109 HO=0.5177  A(t)=5
       183  <<<<<<<<<<<<<<<<  3c3c3c3c3c3c3c3c3c3c3c3c3c3c3c3c
       107  }}}}}}}}}}}}}}}}  7d7d7d7d7d7d7d7d7d7d7d7d7d7d7d7d
        67  ,,,,,,,,,,,,,,,,  2c2c2c2c2c2c2c2c2c2c2c2c2c2c2c2c
        26  LLLLLLLLLLLLLLLL  4c4c4c4c4c4c4c4c4c4c4c4c4c4c4c4c
        23  [[[[[[[[[[[[[[[[  5b5b5b5b5b5b5b5b5b5b5b5b5b5b5b5b
        20  ................  f8def8def8def8def8def8def8def8de
        20  ................  def8def8def8def8def8def8def8def8
        20  kkkkkkkkkkkkkkkk  6b6b6b6b6b6b6b6b6b6b6b6b6b6b6b6b
        18  ................  d1d1d1d1d1d1d1d1d1d1d1d1d1d1d1d1
        15  ................  cccccccccccccccccccccccccccccccc
# epoch 350  H=7.9075 C=7.3169 HO=0.5906  A(t)=7
       324  <<<<<<<<<<<<<<<<  3c3c3c3c3c3c3c3c3c3c3c3c3c3c3c3c
        84  ................  88888888888888888888888888888888
        76  ssssssssssssssss  73737373737373737373737373737373
        74  }}}}}}}}}}}}}}}}  7d7d7d7d7d7d7d7d7d7d7d7d7d7d7d7d
        31  ................  00000000000000000000000000000000
        20  ................  f8def8def8def8def8def8def8def8de
        20  ................  def8def8def8def8def8def8def8def8
        20  LLLLLLLLLLLLLLLL  4c4c4c4c4c4c4c4c4c4c4c4c4c4c4c4c
        13  kkkkkkkkkkkkkkkk  6b6b6b6b6b6b6b6b6b6b6b6b6b6b6b6b
        13  [[[[[[[[[[[[[[[[  5b5b5b5b5b5b5b5b5b5b5b5b5b5b5b5b
# epoch 400  H=7.8773 C=7.2218 HO=0.6555  A(t)=11
       178  <<<<<<<<<<<<<<<<  3c3c3c3c3c3c3c3c3c3c3c3c3c3c3c3c
       125  ,,,,,,,,,,,,,,,,  2c2c2c2c2c2c2c2c2c2c2c2c2c2c2c2c
        80  ssssssssssssssss  73737373737373737373737373737373
        66  ................  88888888888888888888888888888888
        65  }}}}}}}}}}}}}}}}  7d7d7d7d7d7d7d7d7d7d7d7d7d7d7d7d
        31  ................  00000000000000000000000000000000
        23  ................  10101010101010101010101010101010
        20  ................  f8def8def8def8def8def8def8def8de
        20  LLLLLLLLLLLLLLLL  4c4c4c4c4c4c4c4c4c4c4c4c4c4c4c4c
        19  ................  def8def8def8def8def8def8def8def8
# epoch 450  H=7.8249 C=7.1425 HO=0.6824  A(t)=21
       249  <<<<<<<<<<<<<<<<  3c3c3c3c3c3c3c3c3c3c3c3c3c3c3c3c
       101  ................  00000000000000000000000000000000
        87  ssssssssssssssss  73737373737373737373737373737373
        75  ,,,,,,,,,,,,,,,,  2c2c2c2c2c2c2c2c2c2c2c2c2c2c2c2c
        63  ................  88888888888888888888888888888888
        53  }}}}}}}}}}}}}}}}  7d7d7d7d7d7d7d7d7d7d7d7d7d7d7d7d
        25  <<<<<<<<<,<<<<<<  3c3c3c3c3c3c3c3c3c2c3c3c3c3c3c3c
        21  <<<<<<<<<<,<<<<<  3c3c3c3c3c3c3c3c3c3c2c3c3c3c3c3c
        21  <<<<<<<,<<<<<<<<  3c3c3c3c3c3c3c2c3c3c3c3c3c3c3c3c
        21  <<<<<,<<<<<<<<<<  3c3c3c3c3c2c3c3c3c3c3c3c3c3c3c3c
# epoch 500  H=7.7935 C=7.0448 HO=0.7487  A(t)=23
       905  <<<<<<<<<<<<<<<<  3c3c3c3c3c3c3c3c3c3c3c3c3c3c3c3c
       108  ................  00000000000000000000000000000000
        83  ssssssssssssssss  73737373737373737373737373737373
        66  ,,,,,,,,,,,,,,,,  2c2c2c2c2c2c2c2c2c2c2c2c2c2c2c2c
        64  ZZZZZZZZZZZZZZZZ  5a5a5a5a5a5a5a5a5a5a5a5a5a5a5a5a
        58  ................  88888888888888888888888888888888
        53  }}}}}}}}}}}}}}}}  7d7d7d7d7d7d7d7d7d7d7d7d7d7d7d7d
        23  <<<<<<<<<,<<<<<<  3c3c3c3c3c3c3c3c3c2c3c3c3c3c3c3c
        23  <<<<<<,<<<<<<<<<  3c3c3c3c3c3c2c3c3c3c3c3c3c3c3c3c
        22  <<<<<,<<<<<<<<<<  3c3c3c3c3c2c3c3c3c3c3c3c3c3c3c3c
# epoch 550  H=7.7683 C=7.0082 HO=0.7601  A(t)=25
      1118  <<<<<<<<<<<<<<<<  3c3c3c3c3c3c3c3c3c3c3c3c3c3c3c3c
       112  ................  00000000000000000000000000000000
        64  ZZZZZZZZZZZZZZZZ  5a5a5a5a5a5a5a5a5a5a5a5a5a5a5a5a
        57  ................  88888888888888888888888888888888
        55  ssssssssssssssss  73737373737373737373737373737373
        53  }}}}}}}}}}}}}}}}  7d7d7d7d7d7d7d7d7d7d7d7d7d7d7d7d
        23  <,<<<<<<<<<<<<<<  3c2c3c3c3c3c3c3c3c3c3c3c3c3c3c3c
        22  <<<<<<<<<<<<<<<,  3c3c3c3c3c3c3c3c3c3c3c3c3c3c3c2c
        22  <<,<<<<<<<<<<<<<  3c3c2c3c3c3c3c3c3c3c3c3c3c3c3c3c
        22  ,<<<<<<<<<<<<<<<  2c3c3c3c3c3c3c3c3c3c3c3c3c3c3c3c
# epoch 600  H=7.7456 C=6.9669 HO=0.7787  A(t)=32
       797  <<<<<<<<<<<<<<<<  3c3c3c3c3c3c3c3c3c3c3c3c3c3c3c3c
       106  ................  00000000000000000000000000000000
        56  ................  88888888888888888888888888888888
        55  ssssssssssssssss  73737373737373737373737373737373
        53  }}}}}}}}}}}}}}}}  7d7d7d7d7d7d7d7d7d7d7d7d7d7d7d7d
        37  <<<<<<<<,<<<<<<<  3c3c3c3c3c3c3c3c2c3c3c3c3c3c3c3c
        37  <<<<,<<<<<<<<<<<  3c3c3c3c2c3c3c3c3c3c3c3c3c3c3c3c
        34  <<<<<<<<<<<<,<<<  3c3c3c3c3c3c3c3c3c3c3c3c2c3c3c3c
        34  <<<<<<<<<<,<<<<<  3c3c3c3c3c3c3c3c3c3c2c3c3c3c3c3c
        34  <<<<<<<<<,<<<<<<  3c3c3c3c3c3c3c3c3c2c3c3c3c3c3c3c
# epoch 650  H=7.7115 C=6.8903 HO=0.8212  A(t)=34
      1456  <<<<<<<<<<<<<<<<  3c3c3c3c3c3c3c3c3c3c3c3c3c3c3c3c
       120  ................  00000000000000000000000000000000
        51  ................  88888888888888888888888888888888
        48  ssssssssssssssss  73737373737373737373737373737373
        36  }}}}}}}}}}}}}}}}  7d7d7d7d7d7d7d7d7d7d7d7d7d7d7d7d
        29  ZZZZZZZZZZZZZZZZ  5a5a5a5a5a5a5a5a5a5a5a5a5a5a5a5a
        23  <<<<<<<,<<<<<<<<  3c3c3c3c3c3c3c2c3c3c3c3c3c3c3c3c
        23  <<<<<<,<<<<<<<<<  3c3c3c3c3c3c2c3c3c3c3c3c3c3c3c3c
        23  <<<<<,<<<<<<<<<<  3c3c3c3c3c2c3c3c3c3c3c3c3c3c3c3c
        21  <<<<,<<<<<<<<<<<  3c3c3c3c2c3c3c3c3c3c3c3c3c3c3c3c
# epoch 700  H=7.6937 C=6.8641 HO=0.8296  A(t)=37
      1134  <<<<<<<<<<<<<<<<  3c3c3c3c3c3c3c3c3c3c3c3c3c3c3c3c
       119  ................  00000000000000000000000000000000
        43  ssssssssssssssss  73737373737373737373737373737373
        39  }}}}}}}}}}}}}}}}  7d7d7d7d7d7d7d7d7d7d7d7d7d7d7d7d
        20  ZZZZZZZZZZZZZZZZ  5a5a5a5a5a5a5a5a5a5a5a5a5a5a5a5a
        17  PPPPPPPPPPPPPPPP  50505050505050505050505050505050
        15  {{{{{{{{{{{{{{{{  7b7b7b7b7b7b7b7b7b7b7b7b7b7b7b7b
        14  ................  87878787878787878787878787878787
        14  <<<<<<<<<<<<<<<,  3c3c3c3c3c3c3c3c3c3c3c3c3c3c3c2c
        13  ,,,,,,,,,,,,,,,,  2c2c2c2c2c2c2c2c2c2c2c2c2c2c2c2c
# epoch 750  H=7.6636 C=6.8163 HO=0.8473  A(t)=38
      1123  <<<<<<<<<<<<<<<<  3c3c3c3c3c3c3c3c3c3c3c3c3c3c3c3c
       131  ................  00000000000000000000000000000000
        48  ssssssssssssssss  73737373737373737373737373737373
        42  }}}}}}}}}}}}}}}}  7d7d7d7d7d7d7d7d7d7d7d7d7d7d7d7d
        39  ................  88888888888888888888888888888888
        34  ,,,,,,,,,,,,,,,,  2c2c2c2c2c2c2c2c2c2c2c2c2c2c2c2c
        27  {{{{{{{{{{{{{{{{  7b7b7b7b7b7b7b7b7b7b7b7b7b7b7b7b
        26  ________________  20202020202020202020202020202020
        25  ................  b1b1b1b1b1b1b1b1b1b1b1b1b1b1b1b1
        25  >>>>>>>>>>>>>>>>  3e3e3e3e3e3e3e3e3e3e3e3e3e3e3e3e
# epoch 800  H=7.6113 C=6.7391 HO=0.8722  A(t)=38
       856  <<<<<<<<<<<<<<<<  3c3c3c3c3c3c3c3c3c3c3c3c3c3c3c3c
       118  ................  00000000000000000000000000000000
        52  }}}}}}}}}}}}}}}}  7d7d7d7d7d7d7d7d7d7d7d7d7d7d7d7d
        52  ,,,,,,,,,,,,,,,,  2c2c2c2c2c2c2c2c2c2c2c2c2c2c2c2c
        41  ................  88888888888888888888888888888888
        33  ssssssssssssssss  73737373737373737373737373737373
        32  ................  b0b0b0b0b0b0b0b0b0b0b0b0b0b0b0b0
        32  <<<<<,<<<<<<<<<<  3c3c3c3c3c2c3c3c3c3c3c3c3c3c3c3c
        30  <<<<<<<<<<,<<<<<  3c3c3c3c3c3c3c3c3c3c2c3c3c3c3c3c
        30  <<<<<<,<<<<<<<<<  3c3c3c3c3c3c2c3c3c3c3c3c3c3c3c3c
# epoch 850  H=7.5484 C=6.6326 HO=0.9158  A(t)=40
      1318  <<<<<<<<<<<<<<<<  3c3c3c3c3c3c3c3c3c3c3c3c3c3c3c3c
       113  ................  00000000000000000000000000000000
       110  ,,,,,,,,,,,,,,,,  2c2c2c2c2c2c2c2c2c2c2c2c2c2c2c2c
        34  <<<<<<,<<<<<<<<<  3c3c3c3c3c3c2c3c3c3c3c3c3c3c3c3c
        32  ................  b0b0b0b0b0b0b0b0b0b0b0b0b0b0b0b0
        32  <<<<<<<,<<<<<<<<  3c3c3c3c3c3c3c2c3c3c3c3c3c3c3c3c
        31  ssssssssssssssss  73737373737373737373737373737373
        31  <<<<,<<<<<<<<<<<  3c3c3c3c2c3c3c3c3c3c3c3c3c3c3c3c
        31  <<<,<<<<<<<<<<<<  3c3c3c2c3c3c3c3c3c3c3c3c3c3c3c3c
        30  <<<<<<<<,<<<<<<<  3c3c3c3c3c3c3c3c2c3c3c3c3c3c3c3c
# epoch 900  H=7.5116 C=6.6019 HO=0.9096  A(t)=41
      1221  <<<<<<<<<<<<<<<<  3c3c3c3c3c3c3c3c3c3c3c3c3c3c3c3c
        84  ................  00000000000000000000000000000000
        34  }}}}}}}}}}}}}}}}  7d7d7d7d7d7d7d7d7d7d7d7d7d7d7d7d
        32  ................  f602f602f602f602f602f602f602f602
        32  ................  b0b0b0b0b0b0b0b0b0b0b0b0b0b0b0b0
        32  ................  02f602f602f602f602f602f602f602f6
        31  ,,,,,,,,,,,,,,,,  2c2c2c2c2c2c2c2c2c2c2c2c2c2c2c2c
        30  <<<<<<<<<<<<<<<,  3c3c3c3c3c3c3c3c3c3c3c3c3c3c3c2c
        27  <<<<<<<<<<<<<<,<  3c3c3c3c3c3c3c3c3c3c3c3c3c3c2c3c
        26  <<<<,<<<<<<<<<<<  3c3c3c3c2c3c3c3c3c3c3c3c3c3c3c3c
# epoch 950  H=7.4583 C=6.5233 HO=0.9350  A(t)=43
      1695  <<<<<<<<<<<<<<<<  3c3c3c3c3c3c3c3c3c3c3c3c3c3c3c3c
       243  ,,,,,,,,,,,,,,,,  2c2c2c2c2c2c2c2c2c2c2c2c2c2c2c2c
        75  ................  00000000000000000000000000000000
        32  ................  b0b0b0b0b0b0b0b0b0b0b0b0b0b0b0b0
        30  1111111111111111  31313131313131313131313131313131
        28  >>>>>>>>>>>>>>>>  3e3e3e3e3e3e3e3e3e3e3e3e3e3e3e3e
        25  <<<<<<<<<<<<<<<,  3c3c3c3c3c3c3c3c3c3c3c3c3c3c3c2c
        24  ................  f602f602f602f602f602f602f602f602
        24  ................  02f602f602f602f602f602f602f602f6
        23  }}}}}}}}}}}}}}}}  7d7d7d7d7d7d7d7d7d7d7d7d7d7d7d7d
# epoch 1000  H=7.4106 C=6.4877 HO=0.9229  A(t)=45
      1603  <<<<<<<<<<<<<<<<  3c3c3c3c3c3c3c3c3c3c3c3c3c3c3c3c
       176  ,,,,,,,,,,,,,,,,  2c2c2c2c2c2c2c2c2c2c2c2c2c2c2c2c
        66  ................  00000000000000000000000000000000
        55  >>>>>>>>>>>>>>>>  3e3e3e3e3e3e3e3e3e3e3e3e3e3e3e3e
        33  <<<<<<<<<<<<<<<,  3c3c3c3c3c3c3c3c3c3c3c3c3c3c3c2c
        33  1111111111111111  31313131313131313131313131313131
        31  <<<<<<<<<<<<<<,<  3c3c3c3c3c3c3c3c3c3c3c3c3c3c2c3c
        30  <<<<<<<<<<<<<,<<  3c3c3c3c3c3c3c3c3c3c3c3c3c2c3c3c
        30  <<<<<<<<<<<<,<<<  3c3c3c3c3c3c3c3c3c3c3c3c2c3c3c3c
        30  <<<<<<<<<<<,<<<<  3c3c3c3c3c3c3c3c3c3c3c2c3c3c3c3c
# epoch 1050  H=7.3562 C=6.4192 HO=0.9371  A(t)=50
      2026  <<<<<<<<<<<<<<<<  3c3c3c3c3c3c3c3c3c3c3c3c3c3c3c3c
        75  ................  00000000000000000000000000000000
        44  dddddddddddddddd  64646464646464646464646464646464
        43  ,<<<<<<<<<<<<<<<  2c3c3c3c3c3c3c3c3c3c3c3c3c3c3c3c
        42  <<<<<<<<<<<<<<<,  3c3c3c3c3c3c3c3c3c3c3c3c3c3c3c2c
        42  <,<<<<<<<<<<<<<<  3c2c3c3c3c3c3c3c3c3c3c3c3c3c3c3c
        41  <<<<<<<<<<<<<<,<  3c3c3c3c3c3c3c3c3c3c3c3c3c3c2c3c
        39  <<,<<<<<<<<<<<<<  3c3c2c3c3c3c3c3c3c3c3c3c3c3c3c3c
        36  ,,,,,,,,,,,,,,,,  2c2c2c2c2c2c2c2c2c2c2c2c2c2c2c2c
        35  <<<<<<<<<<<<<,<<  3c3c3c3c3c3c3c3c3c3c3c3c3c2c3c3c
# epoch 1100  H=7.2795 C=6.3402 HO=0.9393  A(t)=59
      1797  <<<<<<<<<<<<<<<<  3c3c3c3c3c3c3c3c3c3c3c3c3c3c3c3c
        97  ................  00000000000000000000000000000000
        80  dddddddddddddddd  64646464646464646464646464646464
        56  <<<<<<<<<,<<<<<<  3c3c3c3c3c3c3c3c3c2c3c3c3c3c3c3c
        54  <<<<<<<<<<,<<<<<  3c3c3c3c3c3c3c3c3c3c2c3c3c3c3c3c
        54  <<<<<<<<,<<<<<<<  3c3c3c3c3c3c3c3c2c3c3c3c3c3c3c3c
        54  <<<<<<<,<<<<<<<<  3c3c3c3c3c3c3c2c3c3c3c3c3c3c3c3c
        52  <<<<<<<<<<<<<<<,  3c3c3c3c3c3c3c3c3c3c3c3c3c3c3c2c
        52  <<<<<<<<<<<,<<<<  3c3c3c3c3c3c3c3c3c3c3c2c3c3c3c3c
        52  <<<<<<,<<<<<<<<<  3c3c3c3c3c3c2c3c3c3c3c3c3c3c3c3c
# epoch 1150  H=7.1967 C=6.1997 HO=0.9970  A(t)=61
      2981  <<<<<<<<<<<<<<<<  3c3c3c3c3c3c3c3c3c3c3c3c3c3c3c3c
        80  dddddddddddddddd  64646464646464646464646464646464
        62  <<<<<<<<<<<<<<<,  3c3c3c3c3c3c3c3c3c3c3c3c3c3c3c2c
        58  <<<<<<<<<<<<<<,<  3c3c3c3c3c3c3c3c3c3c3c3c3c3c2c3c
        58  ,<<<<<<<<<<<<<<<  2c3c3c3c3c3c3c3c3c3c3c3c3c3c3c3c
        56  <<<<<<<<<<<,<<<<  3c3c3c3c3c3c3c3c3c3c3c2c3c3c3c3c
        56  <<,<<<<<<<<<<<<<  3c3c2c3c3c3c3c3c3c3c3c3c3c3c3c3c
        55  <<<<<<<<<<<<<,<<  3c3c3c3c3c3c3c3c3c3c3c3c3c2c3c3c
        55  <<<<<<<<<<<<,<<<  3c3c3c3c3c3c3c3c3c3c3c3c2c3c3c3c
        54  <<<<<<<<<<,<<<<<  3c3c3c3c3c3c3c3c3c3c2c3c3c3c3c3c
# epoch 1200  H=7.0937 C=6.1079 HO=0.9858  A(t)=66
      3260  <<<<<<<<<<<<<<<<  3c3c3c3c3c3c3c3c3c3c3c3c3c3c3c3c
       242  ,,,,,,,,,,,,,,,,  2c2c2c2c2c2c2c2c2c2c2c2c2c2c2c2c
        64  dddddddddddddddd  64646464646464646464646464646464
        51  <<<<<<<<<<<<<<<,  3c3c3c3c3c3c3c3c3c3c3c3c3c3c3c2c
        50  <<<<<<<<<<<<<,<<  3c3c3c3c3c3c3c3c3c3c3c3c3c2c3c3c
        48  <<<<<<<<<<<<<<,<  3c3c3c3c3c3c3c3c3c3c3c3c3c3c2c3c
        48  <<<<<<<<<<<<,<<<  3c3c3c3c3c3c3c3c3c3c3c3c2c3c3c3c
        46  ,<<<<<<<<<<<<<<<  2c3c3c3c3c3c3c3c3c3c3c3c3c3c3c3c
        44  <<<<<<<<<<<,<<<<  3c3c3c3c3c3c3c3c3c3c3c2c3c3c3c3c
        44  <<<<<<,<<<<<<<<<  3c3c3c3c3c3c2c3c3c3c3c3c3c3c3c3c
# epoch 1250  H=6.9496 C=5.9850 HO=0.9646  A(t)=75
      3206  <<<<<<<<<<<<<<<<  3c3c3c3c3c3c3c3c3c3c3c3c3c3c3c3c
        89  <,<<<<<<<<<<<<<<  3c2c3c3c3c3c3c3c3c3c3c3c3c3c3c3c
        88  <<<<<,<<<<<<<<<<  3c3c3c3c3c2c3c3c3c3c3c3c3c3c3c3c
        85  <<,<<<<<<<<<<<<<  3c3c2c3c3c3c3c3c3c3c3c3c3c3c3c3c
        84  ,<<<<<<<<<<<<<<<  2c3c3c3c3c3c3c3c3c3c3c3c3c3c3c3c
        83  <<<<<<<<<<<<<<<,  3c3c3c3c3c3c3c3c3c3c3c3c3c3c3c2c
        83  <<<<<<,<<<<<<<<<  3c3c3c3c3c3c2c3c3c3c3c3c3c3c3c3c
        83  <<<,<<<<<<<<<<<<  3c3c3c2c3c3c3c3c3c3c3c3c3c3c3c3c
        82  dddddddddddddddd  64646464646464646464646464646464
        80  <<<<,<<<<<<<<<<<  3c3c3c3c2c3c3c3c3c3c3c3c3c3c3c3c
# epoch 1300  H=6.7747 C=5.8197 HO=0.9550  A(t)=76
      3749  <<<<<<<<<<<<<<<<  3c3c3c3c3c3c3c3c3c3c3c3c3c3c3c3c
       202  ,,,,,,,,,,,,,,,,  2c2c2c2c2c2c2c2c2c2c2c2c2c2c2c2c
       124  <<<,<<<<<<<<<<<<  3c3c3c2c3c3c3c3c3c3c3c3c3c3c3c3c
       122  <,<<<<<<<<<<<<<<  3c2c3c3c3c3c3c3c3c3c3c3c3c3c3c3c
       120  ,<<<<<<<<<<<<<<<  2c3c3c3c3c3c3c3c3c3c3c3c3c3c3c3c
       119  <<,<<<<<<<<<<<<<  3c3c2c3c3c3c3c3c3c3c3c3c3c3c3c3c
       117  <<<<,<<<<<<<<<<<  3c3c3c3c2c3c3c3c3c3c3c3c3c3c3c3c
       115  <<<<<<<,<<<<<<<<  3c3c3c3c3c3c3c2c3c3c3c3c3c3c3c3c
       114  <<<<<<<<<<<<<<<,  3c3c3c3c3c3c3c3c3c3c3c3c3c3c3c2c
       114  <<<<<<<<<<<<<<,<  3c3c3c3c3c3c3c3c3c3c3c3c3c3c2c3c
# epoch 1350  H=6.6170 C=5.6642 HO=0.9528  A(t)=80
      4654  <<<<<<<<<<<<<<<<  3c3c3c3c3c3c3c3c3c3c3c3c3c3c3c3c
       137  <<<<<<<<<<<<<<<,  3c3c3c3c3c3c3c3c3c3c3c3c3c3c3c2c
       129  <<<<<<<<<<<<<<,<  3c3c3c3c3c3c3c3c3c3c3c3c3c3c2c3c
       124  <<<<<<<<<<<<<,<<  3c3c3c3c3c3c3c3c3c3c3c3c3c2c3c3c
       124  ,<<<<<<<<<<<<<<<  2c3c3c3c3c3c3c3c3c3c3c3c3c3c3c3c
       123  <<<<<<<<<<<<,<<<  3c3c3c3c3c3c3c3c3c3c3c3c2c3c3c3c
       123  <<<<<<<<<<,<<<<<  3c3c3c3c3c3c3c3c3c3c2c3c3c3c3c3c
       120  <<<<<<<<<<<,<<<<  3c3c3c3c3c3c3c3c3c3c3c2c3c3c3c3c
       120  <<<<<<<<<,<<<<<<  3c3c3c3c3c3c3c3c3c2c3c3c3c3c3c3c
       119  <<<<<<,<<<<<<<<<  3c3c3c3c3c3c2c3c3c3c3c3c3c3c3c3c
# epoch 1400  H=6.4827 C=5.5005 HO=0.9822  A(t)=91
      5019  <<<<<<<<<<<<<<<<  3c3c3c3c3c3c3c3c3c3c3c3c3c3c3c3c
       135  <<<<<<<<<<<<<<<,  3c3c3c3c3c3c3c3c3c3c3c3c3c3c3c2c
       131  ,<<<<<<<<<<<<<<<  2c3c3c3c3c3c3c3c3c3c3c3c3c3c3c3c
       127  <<<,<<<<<<<<<<<<  3c3c3c2c3c3c3c3c3c3c3c3c3c3c3c3c
       127  <,<<<<<<<<<<<<<<  3c2c3c3c3c3c3c3c3c3c3c3c3c3c3c3c
       126  <<<<<<<<<<<<<<,<  3c3c3c3c3c3c3c3c3c3c3c3c3c3c2c3c
       125  <<<<,<<<<<<<<<<<  3c3c3c3c2c3c3c3c3c3c3c3c3c3c3c3c
       125  <<,<<<<<<<<<<<<<  3c3c2c3c3c3c3c3c3c3c3c3c3c3c3c3c
       121  ,,,,,,,,,,,,,,,,  2c2c2c2c2c2c2c2c2c2c2c2c2c2c2c2c
       120  <<<<<,<<<<<<<<<<  3c3c3c3c3c2c3c3c3c3c3c3c3c3c3c3c
# epoch 1450  H=6.3746 C=5.3556 HO=1.0190  A(t)=101
      5584  <<<<<<<<<<<<<<<<  3c3c3c3c3c3c3c3c3c3c3c3c3c3c3c3c
       192  ,,,,,,,,,,,,,,,,  2c2c2c2c2c2c2c2c2c2c2c2c2c2c2c2c
       143  <<<<,<<<<<<<<<<<  3c3c3c3c2c3c3c3c3c3c3c3c3c3c3c3c
       139  <<<<<<<<<<,<<<<<  3c3c3c3c3c3c3c3c3c3c2c3c3c3c3c3c
       139  <<<<<<<<<,<<<<<<  3c3c3c3c3c3c3c3c3c2c3c3c3c3c3c3c
       139  <<<<<,<<<<<<<<<<  3c3c3c3c3c2c3c3c3c3c3c3c3c3c3c3c
       137  <<<<<<<<,<<<<<<<  3c3c3c3c3c3c3c3c2c3c3c3c3c3c3c3c
       135  <<<<<<<<<<<<<,<<  3c3c3c3c3c3c3c3c3c3c3c3c3c2c3c3c
       135  <<<<<<<,<<<<<<<<  3c3c3c3c3c3c3c2c3c3c3c3c3c3c3c3c
       135  <<<<<<,<<<<<<<<<  3c3c3c3c3c3c2c3c3c3c3c3c3c3c3c3c
# epoch 1500  H=6.3102 C=5.2931 HO=1.0171  A(t)=114
      5583  <<<<<<<<<<<<<<<<  3c3c3c3c3c3c3c3c3c3c3c3c3c3c3c3c
       228  ,,,,,,,,,,,,,,,,  2c2c2c2c2c2c2c2c2c2c2c2c2c2c2c2c
       137  <<<<<,<<<<<<<<<<  3c3c3c3c3c2c3c3c3c3c3c3c3c3c3c3c
       137  <,<<<<<<<<<<<<<<  3c2c3c3c3c3c3c3c3c3c3c3c3c3c3c3c
       136  <<<<<<<<<<<<<<<,  3c3c3c3c3c3c3c3c3c3c3c3c3c3c3c2c
       136  <<<<,<<<<<<<<<<<  3c3c3c3c2c3c3c3c3c3c3c3c3c3c3c3c
       135  <<<<<<<<<<,<<<<<  3c3c3c3c3c3c3c3c3c3c2c3c3c3c3c3c
       135  <<<<<<<<,<<<<<<<  3c3c3c3c3c3c3c3c2c3c3c3c3c3c3c3c
       135  ,<<<<<<<<<<<<<<<  2c3c3c3c3c3c3c3c3c3c3c3c3c3c3c3c
       134  <<<<<<<,<<<<<<<<  3c3c3c3c3c3c3c2c3c3c3c3c3c3c3c3c
# epoch 1550  H=6.2516 C=5.2394 HO=1.0122  A(t)=138
      6666  <<<<<<<<<<<<<<<<  3c3c3c3c3c3c3c3c3c3c3c3c3c3c3c3c
       275  ,,,,,,,,,,,,,,,,  2c2c2c2c2c2c2c2c2c2c2c2c2c2c2c2c
       163  <<<<<<<<<<<<<<<,  3c3c3c3c3c3c3c3c3c3c3c3c3c3c3c2c
       160  ,<<<<<<<<<<<<<<<  2c3c3c3c3c3c3c3c3c3c3c3c3c3c3c3c
       157  <,<<<<<<<<<<<<<<  3c2c3c3c3c3c3c3c3c3c3c3c3c3c3c3c
       156  <<<<<<<<<<<<<<,<  3c3c3c3c3c3c3c3c3c3c3c3c3c3c2c3c
       146  <<,<<<<<<<<<<<<<  3c3c2c3c3c3c3c3c3c3c3c3c3c3c3c3c
       145  <<<<<<<<<<<<<,<<  3c3c3c3c3c3c3c3c3c3c3c3c3c2c3c3c
       145  <<<<<<<<<<<<,<<<  3c3c3c3c3c3c3c3c3c3c3c3c2c3c3c3c
       144  <<<<<<<<<<<,<<<<  3c3c3c3c3c3c3c3c3c3c3c2c3c3c3c3c
# epoch 1600  H=6.2908 C=5.2653 HO=1.0255  A(t)=153
      5402  <<<<<<<<<<<<<<<<  3c3c3c3c3c3c3c3c3c3c3c3c3c3c3c3c
       175  ,,,,,,,,,,,,,,,,  2c2c2c2c2c2c2c2c2c2c2c2c2c2c2c2c
       154  <<<<<<<<<<<<<<<,  3c3c3c3c3c3c3c3c3c3c3c3c3c3c3c2c
       152  <<<<<<<<<<<<<<,<  3c3c3c3c3c3c3c3c3c3c3c3c3c3c2c3c
       149  <<<<<<<<<<<<<,<<  3c3c3c3c3c3c3c3c3c3c3c3c3c2c3c3c
       147  <<<<<<<<<<<<,<<<  3c3c3c3c3c3c3c3c3c3c3c3c2c3c3c3c
       147  <<<<<<<<,<<<<<<<  3c3c3c3c3c3c3c3c2c3c3c3c3c3c3c3c
       146  <<<<<<<<<<,<<<<<  3c3c3c3c3c3c3c3c3c3c2c3c3c3c3c3c
       145  <<<<<<<<<<<,<<<<  3c3c3c3c3c3c3c3c3c3c3c2c3c3c3c3c
       143  <<<<<<<<<,<<<<<<  3c3c3c3c3c3c3c3c3c2c3c3c3c3c3c3c
# epoch 1650  H=6.1772 C=5.1650 HO=1.0122  A(t)=169
      6550  <<<<<<<<<<<<<<<<  3c3c3c3c3c3c3c3c3c3c3c3c3c3c3c3c
       233  ,,,,,,,,,,,,,,,,  2c2c2c2c2c2c2c2c2c2c2c2c2c2c2c2c
       151  <<<<<<<,<<<<<<<<  3c3c3c3c3c3c3c2c3c3c3c3c3c3c3c3c
       151  <<<<<<,<<<<<<<<<  3c3c3c3c3c3c2c3c3c3c3c3c3c3c3c3c
       149  <<<<<<<<,<<<<<<<  3c3c3c3c3c3c3c3c2c3c3c3c3c3c3c3c
       146  <<<<,<<<<<<<<<<<  3c3c3c3c2c3c3c3c3c3c3c3c3c3c3c3c
       144  <<<<<,<<<<<<<<<<  3c3c3c3c3c2c3c3c3c3c3c3c3c3c3c3c
       144  <<<,<<<<<<<<<<<<  3c3c3c2c3c3c3c3c3c3c3c3c3c3c3c3c
       143  <<<<<<<<<,<<<<<<  3c3c3c3c3c3c3c3c3c2c3c3c3c3c3c3c
       142  <<<<<<<<<<<<<<<,  3c3c3c3c3c3c3c3c3c3c3c3c3c3c3c2c
# epoch 1700  H=6.0811 C=5.0607 HO=1.0204  A(t)=177
      6694  <<<<<<<<<<<<<<<<  3c3c3c3c3c3c3c3c3c3c3c3c3c3c3c3c
       186  ,,,,,,,,,,,,,,,,  2c2c2c2c2c2c2c2c2c2c2c2c2c2c2c2c
       175  <<<<<<<<<<<<<<<,  3c3c3c3c3c3c3c3c3c3c3c3c3c3c3c2c
       175  <<,<<<<<<<<<<<<<  3c3c2c3c3c3c3c3c3c3c3c3c3c3c3c3c
       175  <,<<<<<<<<<<<<<<  3c2c3c3c3c3c3c3c3c3c3c3c3c3c3c3c
       173  <<<<<<<<<<<<<<,<  3c3c3c3c3c3c3c3c3c3c3c3c3c3c2c3c
       172  <<<<,<<<<<<<<<<<  3c3c3c3c2c3c3c3c3c3c3c3c3c3c3c3c
       172  ,<<<<<<<<<<<<<<<  2c3c3c3c3c3c3c3c3c3c3c3c3c3c3c3c
       170  <<<,<<<<<<<<<<<<  3c3c3c2c3c3c3c3c3c3c3c3c3c3c3c3c
       165  <<<<<<<<<<<<<,<<  3c3c3c3c3c3c3c3c3c3c3c3c3c2c3c3c
# epoch 1750  H=5.9510 C=4.9320 HO=1.0190  A(t)=177
      7308  <<<<<<<<<<<<<<<<  3c3c3c3c3c3c3c3c3c3c3c3c3c3c3c3c
       198  <<<<<<<<<<<<<<<,  3c3c3c3c3c3c3c3c3c3c3c3c3c3c3c2c
       192  <<<<<<<<<<<<<<,<  3c3c3c3c3c3c3c3c3c3c3c3c3c3c2c3c
       191  ,<<<<<<<<<<<<<<<  2c3c3c3c3c3c3c3c3c3c3c3c3c3c3c3c
       189  <<<<<<<,<<<<<<<<  3c3c3c3c3c3c3c2c3c3c3c3c3c3c3c3c
       189  <<<<<<,<<<<<<<<<  3c3c3c3c3c3c2c3c3c3c3c3c3c3c3c3c
       188  <<<<<<<<<<<<,<<<  3c3c3c3c3c3c3c3c3c3c3c3c2c3c3c3c
       188  <<<<<<<<,<<<<<<<  3c3c3c3c3c3c3c3c2c3c3c3c3c3c3c3c
       187  <<<<<<<<<<,<<<<<  3c3c3c3c3c3c3c3c3c3c2c3c3c3c3c3c
       185  <<<<<,<<<<<<<<<<  3c3c3c3c3c2c3c3c3c3c3c3c3c3c3c3c
# epoch 1800  H=5.7981 C=4.8219 HO=0.9762  A(t)=185
      8283  <<<<<<<<<<<<<<<<  3c3c3c3c3c3c3c3c3c3c3c3c3c3c3c3c
       190  <<<<<<<<<<<<<<<,  3c3c3c3c3c3c3c3c3c3c3c3c3c3c3c2c
       185  <<<<<<<<<<<<<<,<  3c3c3c3c3c3c3c3c3c3c3c3c3c3c2c3c
       183  <<<<<<<<,<<<<<<<  3c3c3c3c3c3c3c3c2c3c3c3c3c3c3c3c
       183  ,<<<<<<<<<<<<<<<  2c3c3c3c3c3c3c3c3c3c3c3c3c3c3c3c
       182  <<<<<<<,<<<<<<<<  3c3c3c3c3c3c3c2c3c3c3c3c3c3c3c3c
       181  <,<<<<<<<<<<<<<<  3c2c3c3c3c3c3c3c3c3c3c3c3c3c3c3c
       180  <<<<<<,<<<<<<<<<  3c3c3c3c3c3c2c3c3c3c3c3c3c3c3c3c
       179  <<<<<,<<<<<<<<<<  3c3c3c3c3c2c3c3c3c3c3c3c3c3c3c3c
       179  <<<<,<<<<<<<<<<<  3c3c3c3c2c3c3c3c3c3c3c3c3c3c3c3c
# epoch 1850  H=5.7068 C=4.7448 HO=0.9620  A(t)=190
      7742  <<<<<<<<<<<<<<<<  3c3c3c3c3c3c3c3c3c3c3c3c3c3c3c3c
       269  ,,,,,,,,,,,,,,,,  2c2c2c2c2c2c2c2c2c2c2c2c2c2c2c2c
       172  <<<<<<<<<<<<<<<,  3c3c3c3c3c3c3c3c3c3c3c3c3c3c3c2c
       160  ,<<<<<<<<<<<<<<<  2c3c3c3c3c3c3c3c3c3c3c3c3c3c3c3c
       159  <<<<<<<<<<<<<<,<  3c3c3c3c3c3c3c3c3c3c3c3c3c3c2c3c
       158  <<<<<<<<<<<<<,<<  3c3c3c3c3c3c3c3c3c3c3c3c3c2c3c3c
       156  <<<,<<<<<<<<<<<<  3c3c3c2c3c3c3c3c3c3c3c3c3c3c3c3c
       156  <<,<<<<<<<<<<<<<  3c3c2c3c3c3c3c3c3c3c3c3c3c3c3c3c
       155  <<<<<<<<<<<<,<<<  3c3c3c3c3c3c3c3c3c3c3c3c2c3c3c3c
       155  <,<<<<<<<<<<<<<<  3c2c3c3c3c3c3c3c3c3c3c3c3c3c3c3c
# epoch 1900  H=5.5520 C=4.6152 HO=0.9368  A(t)=202
      8084  <<<<<<<<<<<<<<<<  3c3c3c3c3c3c3c3c3c3c3c3c3c3c3c3c
       207  ,<<<<<<<<<<<<<<<  2c3c3c3c3c3c3c3c3c3c3c3c3c3c3c3c
       203  <<<<<<<<<<<<<<<,  3c3c3c3c3c3c3c3c3c3c3c3c3c3c3c2c
       200  <,<<<<<<<<<<<<<<  3c2c3c3c3c3c3c3c3c3c3c3c3c3c3c3c
       192  <<,<<<<<<<<<<<<<  3c3c2c3c3c3c3c3c3c3c3c3c3c3c3c3c
       189  <<<<<<<<<<<<<<,<  3c3c3c3c3c3c3c3c3c3c3c3c3c3c2c3c
       189  ,,,,,,,,,,,,,,,,  2c2c2c2c2c2c2c2c2c2c2c2c2c2c2c2c
       181  <<<<,<<<<<<<<<<<  3c3c3c3c2c3c3c3c3c3c3c3c3c3c3c3c
       181  <<<,<<<<<<<<<<<<  3c3c3c2c3c3c3c3c3c3c3c3c3c3c3c3c
       180  <<<<<<<<<<<<<,<<  3c3c3c3c3c3c3c3c3c3c3c3c3c2c3c3c
# epoch 1950  H=5.4465 C=4.5000 HO=0.9465  A(t)=207
      7634  <<<<<<<<<<<<<<<<  3c3c3c3c3c3c3c3c3c3c3c3c3c3c3c3c
       331  ,,,,,,,,,,,,,,,,  2c2c2c2c2c2c2c2c2c2c2c2c2c2c2c2c
       245  {{{{{{{{{{{{{{{{  7b7b7b7b7b7b7b7b7b7b7b7b7b7b7b7b
       188  ,<<<<<<<<<<<<<<<  2c3c3c3c3c3c3c3c3c3c3c3c3c3c3c3c
       180  <<<<<<<<<<<<<<<,  3c3c3c3c3c3c3c3c3c3c3c3c3c3c3c2c
       179  <<,<<<<<<<<<<<<<  3c3c2c3c3c3c3c3c3c3c3c3c3c3c3c3c
       179  <,<<<<<<<<<<<<<<  3c2c3c3c3c3c3c3c3c3c3c3c3c3c3c3c
       177  <<<<<<,<<<<<<<<<  3c3c3c3c3c3c2c3c3c3c3c3c3c3c3c3c
       173  <<<,<<<<<<<<<<<<  3c3c3c2c3c3c3c3c3c3c3c3c3c3c3c3c
       172  <<<<<,<<<<<<<<<<  3c3c3c3c3c2c3c3c3c3c3c3c3c3c3c3c
# epoch 2000  H=5.2892 C=4.3362 HO=0.9531  A(t)=214
      9217  <<<<<<<<<<<<<<<<  3c3c3c3c3c3c3c3c3c3c3c3c3c3c3c3c
       267  ,,,,,,,,,,,,,,,,  2c2c2c2c2c2c2c2c2c2c2c2c2c2c2c2c
       227  <<<<<<<<<<<<<<<,  3c3c3c3c3c3c3c3c3c3c3c3c3c3c3c2c
       226  <,<<<<<<<<<<<<<<  3c2c3c3c3c3c3c3c3c3c3c3c3c3c3c3c
       222  ,<<<<<<<<<<<<<<<  2c3c3c3c3c3c3c3c3c3c3c3c3c3c3c3c
       220  <<,<<<<<<<<<<<<<  3c3c2c3c3c3c3c3c3c3c3c3c3c3c3c3c
       214  <<<<<<<<<<<<<<,<  3c3c3c3c3c3c3c3c3c3c3c3c3c3c2c3c
       213  <<<,<<<<<<<<<<<<  3c3c3c2c3c3c3c3c3c3c3c3c3c3c3c3c
       204  <<<<,<<<<<<<<<<<  3c3c3c3c2c3c3c3c3c3c3c3c3c3c3c3c
       203  <<<<<<<<<<<<,<<<  3c3c3c3c3c3c3c3c3c3c3c3c2c3c3c3c
# epoch 2050  H=5.1246 C=4.2263 HO=0.8982  A(t)=231
      9632  <<<<<<<<<<<<<<<<  3c3c3c3c3c3c3c3c3c3c3c3c3c3c3c3c
       240  <<<<<<<<<<<<<<<,  3c3c3c3c3c3c3c3c3c3c3c3c3c3c3c2c
       240  <,<<<<<<<<<<<<<<  3c2c3c3c3c3c3c3c3c3c3c3c3c3c3c3c
       238  <<<<<<<<<<<<<<,<  3c3c3c3c3c3c3c3c3c3c3c3c3c3c2c3c
       238  ,<<<<<<<<<<<<<<<  2c3c3c3c3c3c3c3c3c3c3c3c3c3c3c3c
       232  <<<,<<<<<<<<<<<<  3c3c3c2c3c3c3c3c3c3c3c3c3c3c3c3c
       231  <<,<<<<<<<<<<<<<  3c3c2c3c3c3c3c3c3c3c3c3c3c3c3c3c
       230  <<<<,<<<<<<<<<<<  3c3c3c3c2c3c3c3c3c3c3c3c3c3c3c3c
       224  <<<<<<<<<<<<,<<<  3c3c3c3c3c3c3c3c3c3c3c3c2c3c3c3c
       223  <<<<<,<<<<<<<<<<  3c3c3c3c3c2c3c3c3c3c3c3c3c3c3c3c
# epoch 2100  H=5.0614 C=4.1631 HO=0.8984  A(t)=236
      9311  <<<<<<<<<<<<<<<<  3c3c3c3c3c3c3c3c3c3c3c3c3c3c3c3c
       259  <<<<<<<<<<<<<<<,  3c3c3c3c3c3c3c3c3c3c3c3c3c3c3c2c
       249  ,<<<<<<<<<<<<<<<  2c3c3c3c3c3c3c3c3c3c3c3c3c3c3c3c
       247  <<,<<<<<<<<<<<<<  3c3c2c3c3c3c3c3c3c3c3c3c3c3c3c3c
       246  <,<<<<<<<<<<<<<<  3c2c3c3c3c3c3c3c3c3c3c3c3c3c3c3c
       244  <<<<<<<<<<<<<<,<  3c3c3c3c3c3c3c3c3c3c3c3c3c3c2c3c
       236  <<<,<<<<<<<<<<<<  3c3c3c2c3c3c3c3c3c3c3c3c3c3c3c3c
       234  <<<<<<<<<<<<<,<<  3c3c3c3c3c3c3c3c3c3c3c3c3c2c3c3c
       231  <<<<<<<<<<<<,<<<  3c3c3c3c3c3c3c3c3c3c3c3c2c3c3c3c
       231  <<<<,<<<<<<<<<<<  3c3c3c3c2c3c3c3c3c3c3c3c3c3c3c3c
# epoch 2150  H=5.0227 C=4.0753 HO=0.9474  A(t)=248
      9718  <<<<<<<<<<<<<<<<  3c3c3c3c3c3c3c3c3c3c3c3c3c3c3c3c
       423  ,,,,,,,,,,,,,,,,  2c2c2c2c2c2c2c2c2c2c2c2c2c2c2c2c
       278  {{{{{{{{{{{{{{{{  7b7b7b7b7b7b7b7b7b7b7b7b7b7b7b7b
       195  <<<<<<<<<<<<<<<,  3c3c3c3c3c3c3c3c3c3c3c3c3c3c3c2c
       182  ,<<<<<<<<<<<<<<<  2c3c3c3c3c3c3c3c3c3c3c3c3c3c3c3c
       181  <<<<<<<<<<<<<<,<  3c3c3c3c3c3c3c3c3c3c3c3c3c3c2c3c
       180  <,<<<<<<<<<<<<<<  3c2c3c3c3c3c3c3c3c3c3c3c3c3c3c3c
       176  <<,<<<<<<<<<<<<<  3c3c2c3c3c3c3c3c3c3c3c3c3c3c3c3c
       172  <<<<<<<<<<<<<,<<  3c3c3c3c3c3c3c3c3c3c3c3c3c2c3c3c
       171  <<<<<<<,<<<<<<<<  3c3c3c3c3c3c3c2c3c3c3c3c3c3c3c3c
# epoch 2200  H=4.9885 C=4.0978 HO=0.8907  A(t)=252
      9062  <<<<<<<<<<<<<<<<  3c3c3c3c3c3c3c3c3c3c3c3c3c3c3c3c
       388  ,,,,,,,,,,,,,,,,  2c2c2c2c2c2c2c2c2c2c2c2c2c2c2c2c
       193  <<,<<<<<<<<<<<<<  3c3c2c3c3c3c3c3c3c3c3c3c3c3c3c3c
       192  <<<<<<,<<<<<<<<<  3c3c3c3c3c3c2c3c3c3c3c3c3c3c3c3c
       191  <,<<<<<<<<<<<<<<  3c2c3c3c3c3c3c3c3c3c3c3c3c3c3c3c
       190  <<<<<<<<<<<<<<<,  3c3c3c3c3c3c3c3c3c3c3c3c3c3c3c2c
       190  <<<<<<<<<<<<<<,<  3c3c3c3c3c3c3c3c3c3c3c3c3c3c2c3c
       190  <<<<<,<<<<<<<<<<  3c3c3c3c3c2c3c3c3c3c3c3c3c3c3c3c
       189  <<<<<<<,<<<<<<<<  3c3c3c3c3c3c3c2c3c3c3c3c3c3c3c3c
       189  <<<,<<<<<<<<<<<<  3c3c3c2c3c3c3c3c3c3c3c3c3c3c3c3c
# epoch 2250  H=4.8015 C=3.9509 HO=0.8506  A(t)=263
      9617  <<<<<<<<<<<<<<<<  3c3c3c3c3c3c3c3c3c3c3c3c3c3c3c3c
       493  ,,,,,,,,,,,,,,,,  2c2c2c2c2c2c2c2c2c2c2c2c2c2c2c2c
       202  <<<<<<<<<<<<<<<,  3c3c3c3c3c3c3c3c3c3c3c3c3c3c3c2c
       200  <<<<<<<<<<<<<<,<  3c3c3c3c3c3c3c3c3c3c3c3c3c3c2c3c
       198  <<<<<<<<<<<<<,<<  3c3c3c3c3c3c3c3c3c3c3c3c3c2c3c3c
       198  <<<<<<<<<<<<,<<<  3c3c3c3c3c3c3c3c3c3c3c3c2c3c3c3c
       196  <<<<<<<<<<<,<<<<  3c3c3c3c3c3c3c3c3c3c3c2c3c3c3c3c
       195  <<<<<<<<<,<<<<<<  3c3c3c3c3c3c3c3c3c2c3c3c3c3c3c3c
       194  <<<<<<,<<<<<<<<<  3c3c3c3c3c3c2c3c3c3c3c3c3c3c3c3c
       192  <<<<<<<<<<,<<<<<  3c3c3c3c3c3c3c3c3c3c2c3c3c3c3c3c
# epoch 2300  H=4.6443 C=3.8179 HO=0.8265  A(t)=283
     10052  <<<<<<<<<<<<<<<<  3c3c3c3c3c3c3c3c3c3c3c3c3c3c3c3c
       251  ,,,,,,,,,,,,,,,,  2c2c2c2c2c2c2c2c2c2c2c2c2c2c2c2c
       243  <<<<<<<<<<<<<<<,  3c3c3c3c3c3c3c3c3c3c3c3c3c3c3c2c
       240  ,<<<<<<<<<<<<<<<  2c3c3c3c3c3c3c3c3c3c3c3c3c3c3c3c
       231  <<<<<<<<<<<<<<,<  3c3c3c3c3c3c3c3c3c3c3c3c3c3c2c3c
       222  <<<<<,<<<<<<<<<<  3c3c3c3c3c2c3c3c3c3c3c3c3c3c3c3c
       222  <,<<<<<<<<<<<<<<  3c2c3c3c3c3c3c3c3c3c3c3c3c3c3c3c
       221  <<,<<<<<<<<<<<<<  3c3c2c3c3c3c3c3c3c3c3c3c3c3c3c3c
       219  <<<<,<<<<<<<<<<<  3c3c3c3c2c3c3c3c3c3c3c3c3c3c3c3c
       218  <<<<<<<<<<<<<,<<  3c3c3c3c3c3c3c3c3c3c3c3c3c2c3c3c
# epoch 2350  H=4.4833 C=3.6938 HO=0.7895  A(t)=302
     10887  <<<<<<<<<<<<<<<<  3c3c3c3c3c3c3c3c3c3c3c3c3c3c3c3c
       225  <<<<<<<<<<<<<<<,  3c3c3c3c3c3c3c3c3c3c3c3c3c3c3c2c
       222  ,,,,,,,,,,,,,,,,  2c2c2c2c2c2c2c2c2c2c2c2c2c2c2c2c
       218  ,<<<<<<<<<<<<<<<  2c3c3c3c3c3c3c3c3c3c3c3c3c3c3c3c
       213  <<<<<<<<<<<<<<,<  3c3c3c3c3c3c3c3c3c3c3c3c3c3c2c3c
       208  <,<<<<<<<<<<<<<<  3c2c3c3c3c3c3c3c3c3c3c3c3c3c3c3c
       207  <<<,<<<<<<<<<<<<  3c3c3c2c3c3c3c3c3c3c3c3c3c3c3c3c
       202  <<<<,<<<<<<<<<<<  3c3c3c3c2c3c3c3c3c3c3c3c3c3c3c3c
       201  <<<<<,<<<<<<<<<<  3c3c3c3c3c2c3c3c3c3c3c3c3c3c3c3c
       201  <<,<<<<<<<<<<<<<  3c3c2c3c3c3c3c3c3c3c3c3c3c3c3c3c
# epoch 2400  H=4.3635 C=3.5563 HO=0.8072  A(t)=314
     10298  <<<<<<<<<<<<<<<<  3c3c3c3c3c3c3c3c3c3c3c3c3c3c3c3c
       787  ,,,,,,,,,,,,,,,,  2c2c2c2c2c2c2c2c2c2c2c2c2c2c2c2c
       230  <<<<<<<<<<<<<<<,  3c3c3c3c3c3c3c3c3c3c3c3c3c3c3c2c
       226  ,<<<<<<<<<<<<<<<  2c3c3c3c3c3c3c3c3c3c3c3c3c3c3c3c
       216  <,<<<<<<<<<<<<<<  3c2c3c3c3c3c3c3c3c3c3c3c3c3c3c3c
       214  <<<<<<<<<<<<<<,<  3c3c3c3c3c3c3c3c3c3c3c3c3c3c2c3c
       208  <<<,<<<<<<<<<<<<  3c3c3c2c3c3c3c3c3c3c3c3c3c3c3c3c
       208  <<,<<<<<<<<<<<<<  3c3c2c3c3c3c3c3c3c3c3c3c3c3c3c3c
       207  <<<<<<<<<<<<,<<<  3c3c3c3c3c3c3c3c3c3c3c3c2c3c3c3c
       205  <<<<<<<<<<<<<,<<  3c3c3c3c3c3c3c3c3c3c3c3c3c2c3c3c
# epoch 2450  H=4.1211 C=3.3915 HO=0.7296  A(t)=338
     10614  <<<<<<<<<<<<<<<<  3c3c3c3c3c3c3c3c3c3c3c3c3c3c3c3c
       586  ,,,,,,,,,,,,,,,,  2c2c2c2c2c2c2c2c2c2c2c2c2c2c2c2c
       290  <<<<<<<<<<<<<<<,  3c3c3c3c3c3c3c3c3c3c3c3c3c3c3c2c
       282  <<<<<<<<<<<<<<,<  3c3c3c3c3c3c3c3c3c3c3c3c3c3c2c3c
       275  ,<<<<<<<<<<<<<<<  2c3c3c3c3c3c3c3c3c3c3c3c3c3c3c3c
       273  <,<<<<<<<<<<<<<<  3c2c3c3c3c3c3c3c3c3c3c3c3c3c3c3c
       271  <<<<<<<<<<<<,<<<  3c3c3c3c3c3c3c3c3c3c3c3c2c3c3c3c
       271  <<<,<<<<<<<<<<<<  3c3c3c2c3c3c3c3c3c3c3c3c3c3c3c3c
       270  <<<<<<<<<<<<<,<<  3c3c3c3c3c3c3c3c3c3c3c3c3c2c3c3c
       264  <<,<<<<<<<<<<<<<  3c3c2c3c3c3c3c3c3c3c3c3c3c3c3c3c
# epoch 2500  H=3.9565 C=3.2212 HO=0.7353  A(t)=352
     11231  <<<<<<<<<<<<<<<<  3c3c3c3c3c3c3c3c3c3c3c3c3c3c3c3c
       600  ,,,,,,,,,,,,,,,,  2c2c2c2c2c2c2c2c2c2c2c2c2c2c2c2c
       290  <<<<<<<<<<<<<<<,  3c3c3c3c3c3c3c3c3c3c3c3c3c3c3c2c
       288  ,<<<<<<<<<<<<<<<  2c3c3c3c3c3c3c3c3c3c3c3c3c3c3c3c
       283  <<<<<<<<<<<<<<,<  3c3c3c3c3c3c3c3c3c3c3c3c3c3c2c3c
       282  <,<<<<<<<<<<<<<<  3c2c3c3c3c3c3c3c3c3c3c3c3c3c3c3c
       279  <<<<,<<<<<<<<<<<  3c3c3c3c2c3c3c3c3c3c3c3c3c3c3c3c
       279  <<,<<<<<<<<<<<<<  3c3c2c3c3c3c3c3c3c3c3c3c3c3c3c3c
       277  <<<<<,<<<<<<<<<<  3c3c3c3c3c2c3c3c3c3c3c3c3c3c3c3c
       277  <<<,<<<<<<<<<<<<  3c3c3c2c3c3c3c3c3c3c3c3c3c3c3c3c
# epoch 2550  H=3.7587 C=3.0566 HO=0.7021  A(t)=371
     12689  <<<<<<<<<<<<<<<<  3c3c3c3c3c3c3c3c3c3c3c3c3c3c3c3c
       512  ,,,,,,,,,,,,,,,,  2c2c2c2c2c2c2c2c2c2c2c2c2c2c2c2c
       327  <<<<<<<<<<<<<<<,  3c3c3c3c3c3c3c3c3c3c3c3c3c3c3c2c
       321  <<<<<<<<<<<<<<,<  3c3c3c3c3c3c3c3c3c3c3c3c3c3c2c3c
       319  <<<<<<<<<<<<,<<<  3c3c3c3c3c3c3c3c3c3c3c3c2c3c3c3c
       316  <<<<<<<<<<<<<,<<  3c3c3c3c3c3c3c3c3c3c3c3c3c2c3c3c
       302  ,<<<<<<<<<<<<<<<  2c3c3c3c3c3c3c3c3c3c3c3c3c3c3c3c
       301  <<<<<<<<<<<,<<<<  3c3c3c3c3c3c3c3c3c3c3c2c3c3c3c3c
       300  <<,<<<<<<<<<<<<<  3c3c2c3c3c3c3c3c3c3c3c3c3c3c3c3c
       298  <,<<<<<<<<<<<<<<  3c2c3c3c3c3c3c3c3c3c3c3c3c3c3c3c
# epoch 2600  H=3.5105 C=2.9093 HO=0.6012  A(t)=389
     13196  <<<<<<<<<<<<<<<<  3c3c3c3c3c3c3c3c3c3c3c3c3c3c3c3c
       485  ,,,,,,,,,,,,,,,,  2c2c2c2c2c2c2c2c2c2c2c2c2c2c2c2c
       354  <<<<<<<<<<<<<<<,  3c3c3c3c3c3c3c3c3c3c3c3c3c3c3c2c
       343  ,<<<<<<<<<<<<<<<  2c3c3c3c3c3c3c3c3c3c3c3c3c3c3c3c
       340  <<<<<<,<<<<<<<<<  3c3c3c3c3c3c2c3c3c3c3c3c3c3c3c3c
       339  <<<<<<<<<<<<<<,<  3c3c3c3c3c3c3c3c3c3c3c3c3c3c2c3c
       337  <<<<,<<<<<<<<<<<  3c3c3c3c2c3c3c3c3c3c3c3c3c3c3c3c
       335  <<<<<<<,<<<<<<<<  3c3c3c3c3c3c3c2c3c3c3c3c3c3c3c3c
       331  <<<<<,<<<<<<<<<<  3c3c3c3c3c2c3c3c3c3c3c3c3c3c3c3c
       330  <<<<<<<<<<<,<<<<  3c3c3c3c3c3c3c3c3c3c3c2c3c3c3c3c
# epoch 2650  H=3.3767 C=2.7499 HO=0.6268  A(t)=393
     14871  <<<<<<<<<<<<<<<<  3c3c3c3c3c3c3c3c3c3c3c3c3c3c3c3c
       382  <<<<<<<<<<<<<<<,  3c3c3c3c3c3c3c3c3c3c3c3c3c3c3c2c
       377  <<<<<<<<<<<<<<,<  3c3c3c3c3c3c3c3c3c3c3c3c3c3c2c3c
       372  <<<<<<<<<<<<<,<<  3c3c3c3c3c3c3c3c3c3c3c3c3c2c3c3c
       365  ,<<<<<<<<<<<<<<<  2c3c3c3c3c3c3c3c3c3c3c3c3c3c3c3c
       358  <,<<<<<<<<<<<<<<  3c2c3c3c3c3c3c3c3c3c3c3c3c3c3c3c
       357  <<<<<<<<<<<<,<<<  3c3c3c3c3c3c3c3c3c3c3c3c2c3c3c3c
       353  ,,,,,,,,,,,,,,,,  2c2c2c2c2c2c2c2c2c2c2c2c2c2c2c2c
       345  <<,<<<<<<<<<<<<<  3c3c2c3c3c3c3c3c3c3c3c3c3c3c3c3c
       343  <<<<<<<<<<<,<<<<  3c3c3c3c3c3c3c3c3c3c3c2c3c3c3c3c
# epoch 2700  H=3.1738 C=2.6121 HO=0.5617  A(t)=404
     15362  <<<<<<<<<<<<<<<<  3c3c3c3c3c3c3c3c3c3c3c3c3c3c3c3c
       389  <<<<<<<<<<<<<<<,  3c3c3c3c3c3c3c3c3c3c3c3c3c3c3c2c
       375  ,<<<<<<<<<<<<<<<  2c3c3c3c3c3c3c3c3c3c3c3c3c3c3c3c
       370  <<<<<<<<<<<<<<,<  3c3c3c3c3c3c3c3c3c3c3c3c3c3c2c3c
       361  <<<<<<<<<<<<<,<<  3c3c3c3c3c3c3c3c3c3c3c3c3c2c3c3c
       359  <,<<<<<<<<<<<<<<  3c2c3c3c3c3c3c3c3c3c3c3c3c3c3c3c
       358  <<<<<<<<<<<<,<<<  3c3c3c3c3c3c3c3c3c3c3c3c2c3c3c3c
       357  <<<<<<<<<<,<<<<<  3c3c3c3c3c3c3c3c3c3c2c3c3c3c3c3c
       356  <<<<,<<<<<<<<<<<  3c3c3c3c2c3c3c3c3c3c3c3c3c3c3c3c
       354  <<<<<<<,<<<<<<<<  3c3c3c3c3c3c3c2c3c3c3c3c3c3c3c3c
# epoch 2750  H=3.0732 C=2.5051 HO=0.5681  A(t)=411
     15836  <<<<<<<<<<<<<<<<  3c3c3c3c3c3c3c3c3c3c3c3c3c3c3c3c
       576  ,,,,,,,,,,,,,,,,  2c2c2c2c2c2c2c2c2c2c2c2c2c2c2c2c
       388  <<<<<<<<<<<<<<<,  3c3c3c3c3c3c3c3c3c3c3c3c3c3c3c2c
       379  ,<<<<<<<<<<<<<<<  2c3c3c3c3c3c3c3c3c3c3c3c3c3c3c3c
       372  <<<<<<<<<<<<<,<<  3c3c3c3c3c3c3c3c3c3c3c3c3c2c3c3c
       370  <<<<<<<<<<<<<<,<  3c3c3c3c3c3c3c3c3c3c3c3c3c3c2c3c
       364  <<<<<<<<<<<<,<<<  3c3c3c3c3c3c3c3c3c3c3c3c2c3c3c3c
       360  <,<<<<<<<<<<<<<<  3c2c3c3c3c3c3c3c3c3c3c3c3c3c3c3c
       359  <<,<<<<<<<<<<<<<  3c3c2c3c3c3c3c3c3c3c3c3c3c3c3c3c
       349  <<<,<<<<<<<<<<<<  3c3c3c2c3c3c3c3c3c3c3c3c3c3c3c3c
# epoch 2800  H=2.9291 C=2.3993 HO=0.5298  A(t)=414
     16874  <<<<<<<<<<<<<<<<  3c3c3c3c3c3c3c3c3c3c3c3c3c3c3c3c
       550  ,,,,,,,,,,,,,,,,  2c2c2c2c2c2c2c2c2c2c2c2c2c2c2c2c
       365  <<<<<<<<<<<<<<<,  3c3c3c3c3c3c3c3c3c3c3c3c3c3c3c2c
       345  ,<<<<<<<<<<<<<<<  2c3c3c3c3c3c3c3c3c3c3c3c3c3c3c3c
       342  <<<<<<<<<<<<<<,<  3c3c3c3c3c3c3c3c3c3c3c3c3c3c2c3c
       334  <,<<<<<<<<<<<<<<  3c2c3c3c3c3c3c3c3c3c3c3c3c3c3c3c
       330  <<,<<<<<<<<<<<<<  3c3c2c3c3c3c3c3c3c3c3c3c3c3c3c3c
       328  <<<<<<<<<<<<<,<<  3c3c3c3c3c3c3c3c3c3c3c3c3c2c3c3c
       324  <<<,<<<<<<<<<<<<  3c3c3c2c3c3c3c3c3c3c3c3c3c3c3c3c
       323  <<<<<<<<<<<<,<<<  3c3c3c3c3c3c3c3c3c3c3c3c2c3c3c3c
# epoch 2850  H=2.7312 C=2.3098 HO=0.4214  A(t)=416
     16057  <<<<<<<<<<<<<<<<  3c3c3c3c3c3c3c3c3c3c3c3c3c3c3c3c
       409  <<<<<<<<<<<<<<<,  3c3c3c3c3c3c3c3c3c3c3c3c3c3c3c2c
       399  ,,,,,,,,,,,,,,,,  2c2c2c2c2c2c2c2c2c2c2c2c2c2c2c2c
       391  ,<<<<<<<<<<<<<<<  2c3c3c3c3c3c3c3c3c3c3c3c3c3c3c3c
       390  <<<<<<<<<<<<<<,<  3c3c3c3c3c3c3c3c3c3c3c3c3c3c2c3c
       376  <<<<<<<<<<<<<,<<  3c3c3c3c3c3c3c3c3c3c3c3c3c2c3c3c
       374  <,<<<<<<<<<<<<<<  3c2c3c3c3c3c3c3c3c3c3c3c3c3c3c3c
       366  <<,<<<<<<<<<<<<<  3c3c2c3c3c3c3c3c3c3c3c3c3c3c3c3c
       358  <<<,<<<<<<<<<<<<  3c3c3c2c3c3c3c3c3c3c3c3c3c3c3c3c
       357  <<<<,<<<<<<<<<<<  3c3c3c3c2c3c3c3c3c3c3c3c3c3c3c3c
# epoch 2900  H=2.6286 C=2.2318 HO=0.3968  A(t)=419
     16080  <<<<<<<<<<<<<<<<  3c3c3c3c3c3c3c3c3c3c3c3c3c3c3c3c
       609  ,,,,,,,,,,,,,,,,  2c2c2c2c2c2c2c2c2c2c2c2c2c2c2c2c
       389  <<<<<<<<<<<<<<<,  3c3c3c3c3c3c3c3c3c3c3c3c3c3c3c2c
       380  ,<<<<<<<<<<<<<<<  2c3c3c3c3c3c3c3c3c3c3c3c3c3c3c3c
       370  <,<<<<<<<<<<<<<<  3c2c3c3c3c3c3c3c3c3c3c3c3c3c3c3c
       368  <<<<<<<<<<<<<<,<  3c3c3c3c3c3c3c3c3c3c3c3c3c3c2c3c
       364  <<,<<<<<<<<<<<<<  3c3c2c3c3c3c3c3c3c3c3c3c3c3c3c3c
       359  <<<<<<<<<<<,<<<<  3c3c3c3c3c3c3c3c3c3c3c2c3c3c3c3c
       359  <<<,<<<<<<<<<<<<  3c3c3c2c3c3c3c3c3c3c3c3c3c3c3c3c
       355  <<<<,<<<<<<<<<<<  3c3c3c3c2c3c3c3c3c3c3c3c3c3c3c3c
# epoch 2950  H=2.5029 C=2.1549 HO=0.3480  A(t)=426
     17145  <<<<<<<<<<<<<<<<  3c3c3c3c3c3c3c3c3c3c3c3c3c3c3c3c
       589  ,,,,,,,,,,,,,,,,  2c2c2c2c2c2c2c2c2c2c2c2c2c2c2c2c
       419  ,<<<<<<<<<<<<<<<  2c3c3c3c3c3c3c3c3c3c3c3c3c3c3c3c
       418  <<<<<<<<<<<<<<<,  3c3c3c3c3c3c3c3c3c3c3c3c3c3c3c2c
       410  <<<<<<<<<<<<<<,<  3c3c3c3c3c3c3c3c3c3c3c3c3c3c2c3c
       402  <<,<<<<<<<<<<<<<  3c3c2c3c3c3c3c3c3c3c3c3c3c3c3c3c
       400  <,<<<<<<<<<<<<<<  3c2c3c3c3c3c3c3c3c3c3c3c3c3c3c3c
       398  <<<<,<<<<<<<<<<<  3c3c3c3c2c3c3c3c3c3c3c3c3c3c3c3c
       397  <<<,<<<<<<<<<<<<  3c3c3c2c3c3c3c3c3c3c3c3c3c3c3c3c
       395  <<<<<<<<<<<<<,<<  3c3c3c3c3c3c3c3c3c3c3c3c3c2c3c3c
# epoch 3000  H=2.4072 C=2.0947 HO=0.3125  A(t)=434
     15583  <<<<<<<<<<<<<<<<  3c3c3c3c3c3c3c3c3c3c3c3c3c3c3c3c
       491  ,,,,,,,,,,,,,,,,  2c2c2c2c2c2c2c2c2c2c2c2c2c2c2c2c
       452  <<<<<<<<<<<<<<<,  3c3c3c3c3c3c3c3c3c3c3c3c3c3c3c2c
       450  ,<<<<<<<<<<<<<<<  2c3c3c3c3c3c3c3c3c3c3c3c3c3c3c3c
       427  <,<<<<<<<<<<<<<<  3c2c3c3c3c3c3c3c3c3c3c3c3c3c3c3c
       426  <<<<<<<,<<<<<<<<  3c3c3c3c3c3c3c2c3c3c3c3c3c3c3c3c
       425  <<<<<<<<<<,<<<<<  3c3c3c3c3c3c3c3c3c3c2c3c3c3c3c3c
       425  <<,<<<<<<<<<<<<<  3c3c2c3c3c3c3c3c3c3c3c3c3c3c3c3c
       423  <<<<<<<<<,<<<<<<  3c3c3c3c3c3c3c3c3c2c3c3c3c3c3c3c
       422  <<<<<<<<,<<<<<<<  3c3c3c3c3c3c3c3c2c3c3c3c3c3c3c3c
# epoch 3050  H=2.2679 C=1.9589 HO=0.3090  A(t)=443
     18544  <<<<<<<<<<<<<<<<  3c3c3c3c3c3c3c3c3c3c3c3c3c3c3c3c
       501  ,,,,,,,,,,,,,,,,  2c2c2c2c2c2c2c2c2c2c2c2c2c2c2c2c
       433  <<<<<<<<<<<<<<<,  3c3c3c3c3c3c3c3c3c3c3c3c3c3c3c2c
       417  ,<<<<<<<<<<<<<<<  2c3c3c3c3c3c3c3c3c3c3c3c3c3c3c3c
       407  <,<<<<<<<<<<<<<<  3c2c3c3c3c3c3c3c3c3c3c3c3c3c3c3c
       401  <<<<<<<<<<<<<<,<  3c3c3c3c3c3c3c3c3c3c3c3c3c3c2c3c
       393  <<<,<<<<<<<<<<<<  3c3c3c2c3c3c3c3c3c3c3c3c3c3c3c3c
       391  <<<<<,<<<<<<<<<<  3c3c3c3c3c2c3c3c3c3c3c3c3c3c3c3c
       391  <<,<<<<<<<<<<<<<  3c3c2c3c3c3c3c3c3c3c3c3c3c3c3c3c
       384  <<<<<<<<<<<<,<<<  3c3c3c3c3c3c3c3c3c3c3c3c2c3c3c3c
# epoch 3100  H=2.2469 C=1.9680 HO=0.2789  A(t)=443
     16710  <<<<<<<<<<<<<<<<  3c3c3c3c3c3c3c3c3c3c3c3c3c3c3c3c
       437  ,,,,,,,,,,,,,,,,  2c2c2c2c2c2c2c2c2c2c2c2c2c2c2c2c
       429  <<<<<<<<<<<<<<<,  3c3c3c3c3c3c3c3c3c3c3c3c3c3c3c2c
       414  <<<<<<<<<<<<<<,<  3c3c3c3c3c3c3c3c3c3c3c3c3c3c2c3c
       412  ,<<<<<<<<<<<<<<<  2c3c3c3c3c3c3c3c3c3c3c3c3c3c3c3c
       405  <<<<<<<,<<<<<<<<  3c3c3c3c3c3c3c2c3c3c3c3c3c3c3c3c
       399  <<<<,<<<<<<<<<<<  3c3c3c3c2c3c3c3c3c3c3c3c3c3c3c3c
       398  <<<<<<<<<<<<,<<<  3c3c3c3c3c3c3c3c3c3c3c3c2c3c3c3c
       398  <<<<<<,<<<<<<<<<  3c3c3c3c3c3c2c3c3c3c3c3c3c3c3c3c
       397  <<<<<<<<<<<<<,<<  3c3c3c3c3c3c3c3c3c3c3c3c3c2c3c3c
# epoch 3150  H=2.2257 C=1.9692 HO=0.2564  A(t)=443
     16779  <<<<<<<<<<<<<<<<  3c3c3c3c3c3c3c3c3c3c3c3c3c3c3c3c
       472  ,,,,,,,,,,,,,,,,  2c2c2c2c2c2c2c2c2c2c2c2c2c2c2c2c
       395  <<<<<<<<<<<<<<<,  3c3c3c3c3c3c3c3c3c3c3c3c3c3c3c2c
       381  ,<<<<<<<<<<<<<<<  2c3c3c3c3c3c3c3c3c3c3c3c3c3c3c3c
       364  <<<<<<<<<<<<<<,<  3c3c3c3c3c3c3c3c3c3c3c3c3c3c2c3c
       361  <,<<<<<<<<<<<<<<  3c2c3c3c3c3c3c3c3c3c3c3c3c3c3c3c
       351  <<,<<<<<<<<<<<<<  3c3c2c3c3c3c3c3c3c3c3c3c3c3c3c3c
       337  <<<<<<<<<<<<<,<<  3c3c3c3c3c3c3c3c3c3c3c3c3c2c3c3c
       331  <<<,<<<<<<<<<<<<  3c3c3c2c3c3c3c3c3c3c3c3c3c3c3c3c
       323  <<<<<<<<<<<<,<<<  3c3c3c3c3c3c3c3c3c3c3c3c2c3c3c3c
# epoch 3200  H=2.1922 C=1.9274 HO=0.2649  A(t)=455
     17210  <<<<<<<<<<<<<<<<  3c3c3c3c3c3c3c3c3c3c3c3c3c3c3c3c
       652  ,,,,,,,,,,,,,,,,  2c2c2c2c2c2c2c2c2c2c2c2c2c2c2c2c
       398  <<<<<<<<<<<<<<<,  3c3c3c3c3c3c3c3c3c3c3c3c3c3c3c2c
       387  <<<<<<<<<<<<<<,<  3c3c3c3c3c3c3c3c3c3c3c3c3c3c2c3c
       384  <<<<<<<<<<<<<,<<  3c3c3c3c3c3c3c3c3c3c3c3c3c2c3c3c
       375  ,<<<<<<<<<<<<<<<  2c3c3c3c3c3c3c3c3c3c3c3c3c3c3c3c
       374  <<<,<<<<<<<<<<<<  3c3c3c2c3c3c3c3c3c3c3c3c3c3c3c3c
       373  <,<<<<<<<<<<<<<<  3c2c3c3c3c3c3c3c3c3c3c3c3c3c3c3c
       372  <<<<<<<<,<<<<<<<  3c3c3c3c3c3c3c3c2c3c3c3c3c3c3c3c
       369  <<<<<<<,<<<<<<<<  3c3c3c3c3c3c3c2c3c3c3c3c3c3c3c3c
# epoch 3250  H=2.1413 C=1.8992 HO=0.2421  A(t)=460
     16977  <<<<<<<<<<<<<<<<  3c3c3c3c3c3c3c3c3c3c3c3c3c3c3c3c
       651  ,,,,,,,,,,,,,,,,  2c2c2c2c2c2c2c2c2c2c2c2c2c2c2c2c
       407  <<<<<<<<<<<<<<<,  3c3c3c3c3c3c3c3c3c3c3c3c3c3c3c2c
       397  ,<<<<<<<<<<<<<<<  2c3c3c3c3c3c3c3c3c3c3c3c3c3c3c3c
       390  <<<<<<<<<<<<<<,<  3c3c3c3c3c3c3c3c3c3c3c3c3c3c2c3c
       385  <<<,<<<<<<<<<<<<  3c3c3c2c3c3c3c3c3c3c3c3c3c3c3c3c
       385  <,<<<<<<<<<<<<<<  3c2c3c3c3c3c3c3c3c3c3c3c3c3c3c3c
       383  <<,<<<<<<<<<<<<<  3c3c2c3c3c3c3c3c3c3c3c3c3c3c3c3c
       380  <<<<<<<<<<<<<,<<  3c3c3c3c3c3c3c3c3c3c3c3c3c2c3c3c
       377  <<<<<<<<<<<<,<<<  3c3c3c3c3c3c3c3c3c3c3c3c2c3c3c3c
# epoch 3300  H=2.1083 C=1.8888 HO=0.2195  A(t)=477
     16781  <<<<<<<<<<<<<<<<  3c3c3c3c3c3c3c3c3c3c3c3c3c3c3c3c
       455  ,,,,,,,,,,,,,,,,  2c2c2c2c2c2c2c2c2c2c2c2c2c2c2c2c
       428  <<<<<<<<<<<<<<<,  3c3c3c3c3c3c3c3c3c3c3c3c3c3c3c2c
       413  <<<<<<<<<<<<<<,<  3c3c3c3c3c3c3c3c3c3c3c3c3c3c2c3c
       413  ,<<<<<<<<<<<<<<<  2c3c3c3c3c3c3c3c3c3c3c3c3c3c3c3c
       405  <,<<<<<<<<<<<<<<  3c2c3c3c3c3c3c3c3c3c3c3c3c3c3c3c
       397  <<,<<<<<<<<<<<<<  3c3c2c3c3c3c3c3c3c3c3c3c3c3c3c3c
       396  <<<<<<<<<<<<<,<<  3c3c3c3c3c3c3c3c3c3c3c3c3c2c3c3c
       395  <<<<<,<<<<<<<<<<  3c3c3c3c3c2c3c3c3c3c3c3c3c3c3c3c
       395  <<<<,<<<<<<<<<<<  3c3c3c3c2c3c3c3c3c3c3c3c3c3c3c3c
# epoch 3350  H=2.0645 C=1.8376 HO=0.2269  A(t)=483
     17267  <<<<<<<<<<<<<<<<  3c3c3c3c3c3c3c3c3c3c3c3c3c3c3c3c
       768  ,,,,,,,,,,,,,,,,  2c2c2c2c2c2c2c2c2c2c2c2c2c2c2c2c
       422  <<<<<<<<<<<<<<<,  3c3c3c3c3c3c3c3c3c3c3c3c3c3c3c2c
       419  ,<<<<<<<<<<<<<<<  2c3c3c3c3c3c3c3c3c3c3c3c3c3c3c3c
       404  <<<<<<<<<<<<<<,<  3c3c3c3c3c3c3c3c3c3c3c3c3c3c2c3c
       396  <<<,<<<<<<<<<<<<  3c3c3c2c3c3c3c3c3c3c3c3c3c3c3c3c
       396  <,<<<<<<<<<<<<<<  3c2c3c3c3c3c3c3c3c3c3c3c3c3c3c3c
       394  <<<<<<<<<<<<<,<<  3c3c3c3c3c3c3c3c3c3c3c3c3c2c3c3c
       393  <<<<,<<<<<<<<<<<  3c3c3c3c2c3c3c3c3c3c3c3c3c3c3c3c
       393  <<,<<<<<<<<<<<<<  3c3c2c3c3c3c3c3c3c3c3c3c3c3c3c3c
# epoch 3400  H=1.8981 C=1.6947 HO=0.2034  A(t)=489
     19571  <<<<<<<<<<<<<<<<  3c3c3c3c3c3c3c3c3c3c3c3c3c3c3c3c
       523  ,,,,,,,,,,,,,,,,  2c2c2c2c2c2c2c2c2c2c2c2c2c2c2c2c
       436  <<<<<<<<<<<<<<<,  3c3c3c3c3c3c3c3c3c3c3c3c3c3c3c2c
       435  ,<<<<<<<<<<<<<<<  2c3c3c3c3c3c3c3c3c3c3c3c3c3c3c3c
       419  <,<<<<<<<<<<<<<<  3c2c3c3c3c3c3c3c3c3c3c3c3c3c3c3c
       415  <<<<<<<<<<<<<,<<  3c3c3c3c3c3c3c3c3c3c3c3c3c2c3c3c
       413  <<<<<<<<<<<<<<,<  3c3c3c3c3c3c3c3c3c3c3c3c3c3c2c3c
       413  <<,<<<<<<<<<<<<<  3c3c2c3c3c3c3c3c3c3c3c3c3c3c3c3c
       405  <<<<<<<<<<<<,<<<  3c3c3c3c3c3c3c3c3c3c3c3c2c3c3c3c
       403  <<<,<<<<<<<<<<<<  3c3c3c2c3c3c3c3c3c3c3c3c3c3c3c3c
# epoch 3450  H=1.8669 C=1.6676 HO=0.1993  A(t)=490
     18392  <<<<<<<<<<<<<<<<  3c3c3c3c3c3c3c3c3c3c3c3c3c3c3c3c
       600  ,,,,,,,,,,,,,,,,  2c2c2c2c2c2c2c2c2c2c2c2c2c2c2c2c
       446  <<<<<<<<<<<<<<<,  3c3c3c3c3c3c3c3c3c3c3c3c3c3c3c2c
       433  ,<<<<<<<<<<<<<<<  2c3c3c3c3c3c3c3c3c3c3c3c3c3c3c3c
       428  <<<<<<<<<<<<<<,<  3c3c3c3c3c3c3c3c3c3c3c3c3c3c2c3c
       422  <,<<<<<<<<<<<<<<  3c2c3c3c3c3c3c3c3c3c3c3c3c3c3c3c
       421  <<<<<<<<<<<<<,<<  3c3c3c3c3c3c3c3c3c3c3c3c3c2c3c3c
       418  <<,<<<<<<<<<<<<<  3c3c2c3c3c3c3c3c3c3c3c3c3c3c3c3c
       416  <<<<<<<<<<<<,<<<  3c3c3c3c3c3c3c3c3c3c3c3c2c3c3c3c
       409  <<<<<<<<<<<,<<<<  3c3c3c3c3c3c3c3c3c3c3c2c3c3c3c3c
# epoch 3500  H=1.8529 C=1.6559 HO=0.1971  A(t)=492
     18892  <<<<<<<<<<<<<<<<  3c3c3c3c3c3c3c3c3c3c3c3c3c3c3c3c
       471  <<<<<<<<<<<<<<<,  3c3c3c3c3c3c3c3c3c3c3c3c3c3c3c2c
       468  ,,,,,,,,,,,,,,,,  2c2c2c2c2c2c2c2c2c2c2c2c2c2c2c2c
       458  <<<<<<<<<<<<<<,<  3c3c3c3c3c3c3c3c3c3c3c3c3c3c2c3c
       447  ,<<<<<<<<<<<<<<<  2c3c3c3c3c3c3c3c3c3c3c3c3c3c3c3c
       443  <<<<<<<<<<<<<,<<  3c3c3c3c3c3c3c3c3c3c3c3c3c2c3c3c
       441  <,<<<<<<<<<<<<<<  3c2c3c3c3c3c3c3c3c3c3c3c3c3c3c3c
       433  <<,<<<<<<<<<<<<<  3c3c2c3c3c3c3c3c3c3c3c3c3c3c3c3c
       431  <<<<<<<<<<<<,<<<  3c3c3c3c3c3c3c3c3c3c3c3c2c3c3c3c
       419  <<<<<<<<<<<,<<<<  3c3c3c3c3c3c3c3c3c3c3c2c3c3c3c3c
# epoch 3550  H=1.6895 C=1.5251 HO=0.1644  A(t)=496
     20988  <<<<<<<<<<<<<<<<  3c3c3c3c3c3c3c3c3c3c3c3c3c3c3c3c
       739  ,,,,,,,,,,,,,,,,  2c2c2c2c2c2c2c2c2c2c2c2c2c2c2c2c
       473  <<<<<<<<<<<<<<<,  3c3c3c3c3c3c3c3c3c3c3c3c3c3c3c2c
       447  <<<<<<<<<<<<<<,<  3c3c3c3c3c3c3c3c3c3c3c3c3c3c2c3c
       438  <<<<<<<<<<<<<,<<  3c3c3c3c3c3c3c3c3c3c3c3c3c2c3c3c
       432  ,<<<<<<<<<<<<<<<  2c3c3c3c3c3c3c3c3c3c3c3c3c3c3c3c
       421  <<<<<<<<<<<<,<<<  3c3c3c3c3c3c3c3c3c3c3c3c2c3c3c3c
       420  <,<<<<<<<<<<<<<<  3c2c3c3c3c3c3c3c3c3c3c3c3c3c3c3c
       414  <<<<<<<,<<<<<<<<  3c3c3c3c3c3c3c2c3c3c3c3c3c3c3c3c
       413  <<<<<<<<<<<,<<<<  3c3c3c3c3c3c3c3c3c3c3c2c3c3c3c3c
# epoch 3600  H=1.5869 C=1.4453 HO=0.1416  A(t)=496
     20410  <<<<<<<<<<<<<<<<  3c3c3c3c3c3c3c3c3c3c3c3c3c3c3c3c
       599  ,,,,,,,,,,,,,,,,  2c2c2c2c2c2c2c2c2c2c2c2c2c2c2c2c
       519  <<<<<<<<<<<<<<<,  3c3c3c3c3c3c3c3c3c3c3c3c3c3c3c2c
       500  <<<<<<<<<<<<<<,<  3c3c3c3c3c3c3c3c3c3c3c3c3c3c2c3c
       499  ,<<<<<<<<<<<<<<<  2c3c3c3c3c3c3c3c3c3c3c3c3c3c3c3c
       490  <,<<<<<<<<<<<<<<  3c2c3c3c3c3c3c3c3c3c3c3c3c3c3c3c
       488  <<<<<<<<<<<<<,<<  3c3c3c3c3c3c3c3c3c3c3c3c3c2c3c3c
       484  <<,<<<<<<<<<<<<<  3c3c2c3c3c3c3c3c3c3c3c3c3c3c3c3c
       472  <<<,<<<<<<<<<<<<  3c3c3c2c3c3c3c3c3c3c3c3c3c3c3c3c
       468  <<<<<<<<<<<<,<<<  3c3c3c3c3c3c3c3c3c3c3c3c2c3c3c3c
# epoch 3650  H=1.5483 C=1.3945 HO=0.1537  A(t)=496
     19654  <<<<<<<<<<<<<<<<  3c3c3c3c3c3c3c3c3c3c3c3c3c3c3c3c
      1185  ,,,,,,,,,,,,,,,,  2c2c2c2c2c2c2c2c2c2c2c2c2c2c2c2c
       470  <,<<<<<<<<<<<<<<  3c2c3c3c3c3c3c3c3c3c3c3c3c3c3c3c
       463  <<<<<<<<<<<<<<<,  3c3c3c3c3c3c3c3c3c3c3c3c3c3c3c2c
       462  ,<<<<<<<<<<<<<<<  2c3c3c3c3c3c3c3c3c3c3c3c3c3c3c3c
       458  <<,<<<<<<<<<<<<<  3c3c2c3c3c3c3c3c3c3c3c3c3c3c3c3c
       449  <<<<<<<<<<<<<<,<  3c3c3c3c3c3c3c3c3c3c3c3c3c3c2c3c
       445  <<<,<<<<<<<<<<<<  3c3c3c2c3c3c3c3c3c3c3c3c3c3c3c3c
       444  <<<<,<<<<<<<<<<<  3c3c3c3c2c3c3c3c3c3c3c3c3c3c3c3c
       439  <<<<<<<<<<,<<<<<  3c3c3c3c3c3c3c3c3c3c2c3c3c3c3c3c
# epoch 3700  H=1.5346 C=1.3805 HO=0.1542  A(t)=501
     19777  <<<<<<<<<<<<<<<<  3c3c3c3c3c3c3c3c3c3c3c3c3c3c3c3c
       558  ,,,,,,,,,,,,,,,,  2c2c2c2c2c2c2c2c2c2c2c2c2c2c2c2c
       481  <<<<<<<<<<<<<<<,  3c3c3c3c3c3c3c3c3c3c3c3c3c3c3c2c
       476  ,<<<<<<<<<<<<<<<  2c3c3c3c3c3c3c3c3c3c3c3c3c3c3c3c
       466  <,<<<<<<<<<<<<<<  3c2c3c3c3c3c3c3c3c3c3c3c3c3c3c3c
       458  <<,<<<<<<<<<<<<<  3c3c2c3c3c3c3c3c3c3c3c3c3c3c3c3c
       454  <<<<<<<<<<<<<<,<  3c3c3c3c3c3c3c3c3c3c3c3c3c3c2c3c
       450  <<<,<<<<<<<<<<<<  3c3c3c2c3c3c3c3c3c3c3c3c3c3c3c3c
       433  <<<<<<<<<<<<<,<<  3c3c3c3c3c3c3c3c3c3c3c3c3c2c3c3c
       432  <<<<,<<<<<<<<<<<  3c3c3c3c2c3c3c3c3c3c3c3c3c3c3c3c
# epoch 3750  H=1.4288 C=1.3208 HO=0.1080  A(t)=506
     20195  <<<<<<<<<<<<<<<<  3c3c3c3c3c3c3c3c3c3c3c3c3c3c3c3c
       501  <<<<<<<<<<<<<<<,  3c3c3c3c3c3c3c3c3c3c3c3c3c3c3c2c
       484  <<<<<<<<<<<<<<,<  3c3c3c3c3c3c3c3c3c3c3c3c3c3c2c3c
       481  ,<<<<<<<<<<<<<<<  2c3c3c3c3c3c3c3c3c3c3c3c3c3c3c3c
       475  <,<<<<<<<<<<<<<<  3c2c3c3c3c3c3c3c3c3c3c3c3c3c3c3c
       469  ,,,,,,,,,,,,,,,,  2c2c2c2c2c2c2c2c2c2c2c2c2c2c2c2c
       466  <<<<<<<<<<<<<,<<  3c3c3c3c3c3c3c3c3c3c3c3c3c2c3c3c
       464  <<<<<<<<<<<<,<<<  3c3c3c3c3c3c3c3c3c3c3c3c2c3c3c3c
       459  <<<<,<<<<<<<<<<<  3c3c3c3c2c3c3c3c3c3c3c3c3c3c3c3c
       458  <<<,<<<<<<<<<<<<  3c3c3c2c3c3c3c3c3c3c3c3c3c3c3c3c
# epoch 3800  H=1.3730 C=1.2584 HO=0.1146  A(t)=506
     21578  <<<<<<<<<<<<<<<<  3c3c3c3c3c3c3c3c3c3c3c3c3c3c3c3c
       546  ,<<<<<<<<<<<<<<<  2c3c3c3c3c3c3c3c3c3c3c3c3c3c3c3c
       542  <<<<<<<<<<<<<<<,  3c3c3c3c3c3c3c3c3c3c3c3c3c3c3c2c
       528  <,<<<<<<<<<<<<<<  3c2c3c3c3c3c3c3c3c3c3c3c3c3c3c3c
       514  <<<<<<<<<<<<<<,<  3c3c3c3c3c3c3c3c3c3c3c3c3c3c2c3c
       509  <<,<<<<<<<<<<<<<  3c3c2c3c3c3c3c3c3c3c3c3c3c3c3c3c
       507  <<<<<<<<<<<<,<<<  3c3c3c3c3c3c3c3c3c3c3c3c2c3c3c3c
       505  <<<<<<<<<<,<<<<<  3c3c3c3c3c3c3c3c3c3c2c3c3c3c3c3c
       505  <<<<<,<<<<<<<<<<  3c3c3c3c3c2c3c3c3c3c3c3c3c3c3c3c
       501  <<<<<<<<<<<<<,<<  3c3c3c3c3c3c3c3c3c3c3c3c3c2c3c3c
# epoch 3850  H=1.4386 C=1.3073 HO=0.1314  A(t)=516
     20324  <<<<<<<<<<<<<<<<  3c3c3c3c3c3c3c3c3c3c3c3c3c3c3c3c
       705  ,,,,,,,,,,,,,,,,  2c2c2c2c2c2c2c2c2c2c2c2c2c2c2c2c
       531  <<<<<<<<<<<<<<<,  3c3c3c3c3c3c3c3c3c3c3c3c3c3c3c2c
       517  ,<<<<<<<<<<<<<<<  2c3c3c3c3c3c3c3c3c3c3c3c3c3c3c3c
       496  <,<<<<<<<<<<<<<<  3c2c3c3c3c3c3c3c3c3c3c3c3c3c3c3c
       495  <<<<<<<<<<<<<<,<  3c3c3c3c3c3c3c3c3c3c3c3c3c3c2c3c
       479  <<<<<<<<<<<<<,<<  3c3c3c3c3c3c3c3c3c3c3c3c3c2c3c3c
       477  <<<<<<<<<<<<,<<<  3c3c3c3c3c3c3c3c3c3c3c3c2c3c3c3c
       472  <<,<<<<<<<<<<<<<  3c3c2c3c3c3c3c3c3c3c3c3c3c3c3c3c
       461  <<<<<<<<<<<,<<<<  3c3c3c3c3c3c3c3c3c3c3c2c3c3c3c3c
# epoch 3900  H=1.3412 C=1.2244 HO=0.1168  A(t)=517
     19666  <<<<<<<<<<<<<<<<  3c3c3c3c3c3c3c3c3c3c3c3c3c3c3c3c
      1046  ,,,,,,,,,,,,,,,,  2c2c2c2c2c2c2c2c2c2c2c2c2c2c2c2c
       527  <<<<<<<<<<<<<<<,  3c3c3c3c3c3c3c3c3c3c3c3c3c3c3c2c
       508  ,<<<<<<<<<<<<<<<  2c3c3c3c3c3c3c3c3c3c3c3c3c3c3c3c
       504  <<<<<<<<<<<<<<,<  3c3c3c3c3c3c3c3c3c3c3c3c3c3c2c3c
       499  <<,<<<<<<<<<<<<<  3c3c2c3c3c3c3c3c3c3c3c3c3c3c3c3c
       494  <,<<<<<<<<<<<<<<  3c2c3c3c3c3c3c3c3c3c3c3c3c3c3c3c
       491  <<<,<<<<<<<<<<<<  3c3c3c2c3c3c3c3c3c3c3c3c3c3c3c3c
       487  <<<<,<<<<<<<<<<<  3c3c3c3c2c3c3c3c3c3c3c3c3c3c3c3c
       484  <<<<<<<<<<<<<,<<  3c3c3c3c3c3c3c3c3c3c3c3c3c2c3c3c
# epoch 3950  H=1.1043 C=1.0708 HO=0.0335  A(t)=525
     22619  <<<<<<<<<<<<<<<<  3c3c3c3c3c3c3c3c3c3c3c3c3c3c3c3c
       843  ,,,,,,,,,,,,,,,,  2c2c2c2c2c2c2c2c2c2c2c2c2c2c2c2c
       553  <<<<<<<<<<<<<<<,  3c3c3c3c3c3c3c3c3c3c3c3c3c3c3c2c
       541  <<<<<<<<<<<<<<,<  3c3c3c3c3c3c3c3c3c3c3c3c3c3c2c3c
       539  ,<<<<<<<<<<<<<<<  2c3c3c3c3c3c3c3c3c3c3c3c3c3c3c3c
       525  <,<<<<<<<<<<<<<<  3c2c3c3c3c3c3c3c3c3c3c3c3c3c3c3c
       507  <<,<<<<<<<<<<<<<  3c3c2c3c3c3c3c3c3c3c3c3c3c3c3c3c
       502  <<<<<<<<<<<<<,<<  3c3c3c3c3c3c3c3c3c3c3c3c3c2c3c3c
       484  <<<<<<<<<<<<,<<<  3c3c3c3c3c3c3c3c3c3c3c3c2c3c3c3c
       481  <<<,<<<<<<<<<<<<  3c3c3c2c3c3c3c3c3c3c3c3c3c3c3c3c
# epoch 4000  H=1.0245 C=0.9977 HO=0.0269  A(t)=525
     22995  <<<<<<<<<<<<<<<<  3c3c3c3c3c3c3c3c3c3c3c3c3c3c3c3c
       743  ,,,,,,,,,,,,,,,,  2c2c2c2c2c2c2c2c2c2c2c2c2c2c2c2c
       547  <<<<<<<<<<<<<<<,  3c3c3c3c3c3c3c3c3c3c3c3c3c3c3c2c
       522  ,<<<<<<<<<<<<<<<  2c3c3c3c3c3c3c3c3c3c3c3c3c3c3c3c
       512  <<<<<<<,<<<<<<<<  3c3c3c3c3c3c3c2c3c3c3c3c3c3c3c3c
       509  <<<<<<<<<<<<<<,<  3c3c3c3c3c3c3c3c3c3c3c3c3c3c2c3c
       508  <,<<<<<<<<<<<<<<  3c2c3c3c3c3c3c3c3c3c3c3c3c3c3c3c
       505  <<<<<<,<<<<<<<<<  3c3c3c3c3c3c2c3c3c3c3c3c3c3c3c3c
       504  <<<<<<<<,<<<<<<<  3c3c3c3c3c3c3c3c2c3c3c3c3c3c3c3c
       501  <<,<<<<<<<<<<<<<  3c3c2c3c3c3c3c3c3c3c3c3c3c3c3c3c
# epoch 4050  H=1.0068 C=0.9923 HO=0.0145  A(t)=528
     22139  <<<<<<<<<<<<<<<<  3c3c3c3c3c3c3c3c3c3c3c3c3c3c3c3c
       840  ,,,,,,,,,,,,,,,,  2c2c2c2c2c2c2c2c2c2c2c2c2c2c2c2c
       569  <<<<<<<<<<<<<<<,  3c3c3c3c3c3c3c3c3c3c3c3c3c3c3c2c
       551  ,<<<<<<<<<<<<<<<  2c3c3c3c3c3c3c3c3c3c3c3c3c3c3c3c
       531  <<<<<<<<<<<<<<,<  3c3c3c3c3c3c3c3c3c3c3c3c3c3c2c3c
       524  <,<<<<<<<<<<<<<<  3c2c3c3c3c3c3c3c3c3c3c3c3c3c3c3c
       513  <<,<<<<<<<<<<<<<  3c3c2c3c3c3c3c3c3c3c3c3c3c3c3c3c
       496  <<<<<<<<<<<<<,<<  3c3c3c3c3c3c3c3c3c3c3c3c3c2c3c3c
       494  <<<,<<<<<<<<<<<<  3c3c3c2c3c3c3c3c3c3c3c3c3c3c3c3c
       483  <<<<<<<<<<<<,<<<  3c3c3c3c3c3c3c3c3c3c3c3c2c3c3c3c
# epoch 4100  H=1.0145 C=1.0071 HO=0.0074  A(t)=531
     22682  <<<<<<<<<<<<<<<<  3c3c3c3c3c3c3c3c3c3c3c3c3c3c3c3c
       553  ,,,,,,,,,,,,,,,,  2c2c2c2c2c2c2c2c2c2c2c2c2c2c2c2c
       552  <<<<<<<<<<<<<<<,  3c3c3c3c3c3c3c3c3c3c3c3c3c3c3c2c
       539  ,<<<<<<<<<<<<<<<  2c3c3c3c3c3c3c3c3c3c3c3c3c3c3c3c
       510  <<<<<<<<<<<<<<,<  3c3c3c3c3c3c3c3c3c3c3c3c3c3c2c3c
       497  <,<<<<<<<<<<<<<<  3c2c3c3c3c3c3c3c3c3c3c3c3c3c3c3c
       494  <<,<<<<<<<<<<<<<  3c3c2c3c3c3c3c3c3c3c3c3c3c3c3c3c
       488  <<<<<<<<<<<<<,<<  3c3c3c3c3c3c3c3c3c3c3c3c3c2c3c3c
       488  <<<,<<<<<<<<<<<<  3c3c3c2c3c3c3c3c3c3c3c3c3c3c3c3c
       483  <<<<<<,<<<<<<<<<  3c3c3c3c3c3c2c3c3c3c3c3c3c3c3c3c
# epoch 4150  H=0.9891 C=0.9637 HO=0.0253  A(t)=531
     23316  <<<<<<<<<<<<<<<<  3c3c3c3c3c3c3c3c3c3c3c3c3c3c3c3c
       957  ,,,,,,,,,,,,,,,,  2c2c2c2c2c2c2c2c2c2c2c2c2c2c2c2c
       610  <<<<<<<<<<<<<<<,  3c3c3c3c3c3c3c3c3c3c3c3c3c3c3c2c
       593  ,<<<<<<<<<<<<<<<  2c3c3c3c3c3c3c3c3c3c3c3c3c3c3c3c
       585  <<<<<<<<<<<<<<,<  3c3c3c3c3c3c3c3c3c3c3c3c3c3c2c3c
       584  <<,<<<<<<<<<<<<<  3c3c2c3c3c3c3c3c3c3c3c3c3c3c3c3c
       581  <,<<<<<<<<<<<<<<  3c2c3c3c3c3c3c3c3c3c3c3c3c3c3c3c
       578  <<<<<<<<<<<<<,<<  3c3c3c3c3c3c3c3c3c3c3c3c3c2c3c3c
       575  <<<,<<<<<<<<<<<<  3c3c3c2c3c3c3c3c3c3c3c3c3c3c3c3c
       567  <<<<<,<<<<<<<<<<  3c3c3c3c3c2c3c3c3c3c3c3c3c3c3c3c
# epoch 4200  H=0.9695 C=0.9775 HO=-0.0080  A(t)=539
     22242  <<<<<<<<<<<<<<<<  3c3c3c3c3c3c3c3c3c3c3c3c3c3c3c3c
       870  ,,,,,,,,,,,,,,,,  2c2c2c2c2c2c2c2c2c2c2c2c2c2c2c2c
       617  <<<<<<<<<<<<<<<,  3c3c3c3c3c3c3c3c3c3c3c3c3c3c3c2c
       603  ,<<<<<<<<<<<<<<<  2c3c3c3c3c3c3c3c3c3c3c3c3c3c3c3c
       602  <<<<<<<<<<<<<<,<  3c3c3c3c3c3c3c3c3c3c3c3c3c3c2c3c
       588  <,<<<<<<<<<<<<<<  3c2c3c3c3c3c3c3c3c3c3c3c3c3c3c3c
       586  <<<<<<<<<<<<<,<<  3c3c3c3c3c3c3c3c3c3c3c3c3c2c3c3c
       574  <<,<<<<<<<<<<<<<  3c3c2c3c3c3c3c3c3c3c3c3c3c3c3c3c
       569  <<<<<<<<<<<<,<<<  3c3c3c3c3c3c3c3c3c3c3c3c2c3c3c3c
       569  <<<<<<<<,<<<<<<<  3c3c3c3c3c3c3c3c2c3c3c3c3c3c3c3c
# epoch 4250  H=1.0181 C=0.9979 HO=0.0202  A(t)=550
     22448  <<<<<<<<<<<<<<<<  3c3c3c3c3c3c3c3c3c3c3c3c3c3c3c3c
      1148  ,,,,,,,,,,,,,,,,  2c2c2c2c2c2c2c2c2c2c2c2c2c2c2c2c
       531  <<<<<<<<<<<<<<<,  3c3c3c3c3c3c3c3c3c3c3c3c3c3c3c2c
       526  ,<<<<<<<<<<<<<<<  2c3c3c3c3c3c3c3c3c3c3c3c3c3c3c3c
       517  <,<<<<<<<<<<<<<<  3c2c3c3c3c3c3c3c3c3c3c3c3c3c3c3c
       514  <<<<<<<<<<<<<<,<  3c3c3c3c3c3c3c3c3c3c3c3c3c3c2c3c
       502  <<,<<<<<<<<<<<<<  3c3c2c3c3c3c3c3c3c3c3c3c3c3c3c3c
       499  <<<<<<<<<<<<<,<<  3c3c3c3c3c3c3c3c3c3c3c3c3c2c3c3c
       484  <<<,<<<<<<<<<<<<  3c3c3c2c3c3c3c3c3c3c3c3c3c3c3c3c
       483  <<<<<<<<<<<<,<<<  3c3c3c3c3c3c3c3c3c3c3c3c2c3c3c3c
# epoch 4300  H=0.9767 C=0.9962 HO=-0.0195  A(t)=553
     23579  <<<<<<<<<<<<<<<<  3c3c3c3c3c3c3c3c3c3c3c3c3c3c3c3c
       595  <<<<<<<<<<<<<<<,  3c3c3c3c3c3c3c3c3c3c3c3c3c3c3c2c
       570  ,<<<<<<<<<<<<<<<  2c3c3c3c3c3c3c3c3c3c3c3c3c3c3c3c
       552  <,<<<<<<<<<<<<<<  3c2c3c3c3c3c3c3c3c3c3c3c3c3c3c3c
       545  <<<<<<<<<<<<<<,<  3c3c3c3c3c3c3c3c3c3c3c3c3c3c2c3c
       541  <<,<<<<<<<<<<<<<  3c3c2c3c3c3c3c3c3c3c3c3c3c3c3c3c
       527  <<<<<<,<<<<<<<<<  3c3c3c3c3c3c2c3c3c3c3c3c3c3c3c3c
       524  <<<<<,<<<<<<<<<<  3c3c3c3c3c2c3c3c3c3c3c3c3c3c3c3c
       524  <<<,<<<<<<<<<<<<  3c3c3c2c3c3c3c3c3c3c3c3c3c3c3c3c
       523  <<<<<<<<<<<<<,<<  3c3c3c3c3c3c3c3c3c3c3c3c3c2c3c3c
# epoch 4350  H=0.9814 C=1.0049 HO=-0.0235  A(t)=562
     23274  <<<<<<<<<<<<<<<<  3c3c3c3c3c3c3c3c3c3c3c3c3c3c3c3c
       590  ,<<<<<<<<<<<<<<<  2c3c3c3c3c3c3c3c3c3c3c3c3c3c3c3c
       586  <<<<<<<<<<<<<<<,  3c3c3c3c3c3c3c3c3c3c3c3c3c3c3c2c
       573  <<<<<<<<<<<<<<,<  3c3c3c3c3c3c3c3c3c3c3c3c3c3c2c3c
       573  <,<<<<<<<<<<<<<<  3c2c3c3c3c3c3c3c3c3c3c3c3c3c3c3c
       569  <<,<<<<<<<<<<<<<  3c3c2c3c3c3c3c3c3c3c3c3c3c3c3c3c
       564  <<<<<<<,<<<<<<<<  3c3c3c3c3c3c3c2c3c3c3c3c3c3c3c3c
       564  <<<<<<,<<<<<<<<<  3c3c3c3c3c3c2c3c3c3c3c3c3c3c3c3c
       562  <<<<<,<<<<<<<<<<  3c3c3c3c3c2c3c3c3c3c3c3c3c3c3c3c
       560  <<<,<<<<<<<<<<<<  3c3c3c2c3c3c3c3c3c3c3c3c3c3c3c3c
# epoch 4400  H=1.0967 C=1.0953 HO=0.0014  A(t)=570
     20790  <<<<<<<<<<<<<<<<  3c3c3c3c3c3c3c3c3c3c3c3c3c3c3c3c
       525  <<<<,<<<<<<<<<<<  3c3c3c3c2c3c3c3c3c3c3c3c3c3c3c3c
       518  <<<<<<<<<<<<<<<,  3c3c3c3c3c3c3c3c3c3c3c3c3c3c3c2c
       513  <<<<<<,<<<<<<<<<  3c3c3c3c3c3c2c3c3c3c3c3c3c3c3c3c
       513  <<<<<,<<<<<<<<<<  3c3c3c3c3c2c3c3c3c3c3c3c3c3c3c3c
       511  <<<<<<<<<<<<<<,<  3c3c3c3c3c3c3c3c3c3c3c3c3c3c2c3c
       511  <<<<<<<,<<<<<<<<  3c3c3c3c3c3c3c2c3c3c3c3c3c3c3c3c
       510  ,<<<<<<<<<<<<<<<  2c3c3c3c3c3c3c3c3c3c3c3c3c3c3c3c
       509  <,<<<<<<<<<<<<<<  3c2c3c3c3c3c3c3c3c3c3c3c3c3c3c3c
       509  ,,,,,,,,,,,,,,,,  2c2c2c2c2c2c2c2c2c2c2c2c2c2c2c2c
# epoch 4450  H=1.0886 C=1.0752 HO=0.0134  A(t)=575
     21559  <<<<<<<<<<<<<<<<  3c3c3c3c3c3c3c3c3c3c3c3c3c3c3c3c
       661  ,,,,,,,,,,,,,,,,  2c2c2c2c2c2c2c2c2c2c2c2c2c2c2c2c
       570  <<<<<<<<<<<<<<<,  3c3c3c3c3c3c3c3c3c3c3c3c3c3c3c2c
       554  ,<<<<<<<<<<<<<<<  2c3c3c3c3c3c3c3c3c3c3c3c3c3c3c3c
       548  <<<<<<<<<<<<<<,<  3c3c3c3c3c3c3c3c3c3c3c3c3c3c2c3c
       544  <,<<<<<<<<<<<<<<  3c2c3c3c3c3c3c3c3c3c3c3c3c3c3c3c
       541  <<,<<<<<<<<<<<<<  3c3c2c3c3c3c3c3c3c3c3c3c3c3c3c3c
       537  <<<<<<<<<<<<<,<<  3c3c3c3c3c3c3c3c3c3c3c3c3c2c3c3c
       526  <<<<<<<,<<<<<<<<  3c3c3c3c3c3c3c2c3c3c3c3c3c3c3c3c
       519  <<<<<<,<<<<<<<<<  3c3c3c3c3c3c2c3c3c3c3c3c3c3c3c3c
# epoch 4500  H=1.1336 C=1.0660 HO=0.0675  A(t)=583
     21758  <<<<<<<<<<<<<<<<  3c3c3c3c3c3c3c3c3c3c3c3c3c3c3c3c
      1153  ,,,,,,,,,,,,,,,,  2c2c2c2c2c2c2c2c2c2c2c2c2c2c2c2c
       494  <<<<<<<<<<<<<<<,  3c3c3c3c3c3c3c3c3c3c3c3c3c3c3c2c
       479  ,<<<<<<<<<<<<<<<  2c3c3c3c3c3c3c3c3c3c3c3c3c3c3c3c
       472  <,<<<<<<<<<<<<<<  3c2c3c3c3c3c3c3c3c3c3c3c3c3c3c3c
       463  <<,<<<<<<<<<<<<<  3c3c2c3c3c3c3c3c3c3c3c3c3c3c3c3c
       458  <<<<<<<<<<<<<<,<  3c3c3c3c3c3c3c3c3c3c3c3c3c3c2c3c
       456  <<<<,<<<<<<<<<<<  3c3c3c3c2c3c3c3c3c3c3c3c3c3c3c3c
       454  <<<,<<<<<<<<<<<<  3c3c3c2c3c3c3c3c3c3c3c3c3c3c3c3c
       450  <<<<<<<,<<<<<<<<  3c3c3c3c3c3c3c2c3c3c3c3c3c3c3c3c
# epoch 4550  H=1.2883 C=1.2231 HO=0.0651  A(t)=595
     20067  <<<<<<<<<<<<<<<<  3c3c3c3c3c3c3c3c3c3c3c3c3c3c3c3c
       835  ,,,,,,,,,,,,,,,,  2c2c2c2c2c2c2c2c2c2c2c2c2c2c2c2c
       484  <<<<<<<<<<<<<<<,  3c3c3c3c3c3c3c3c3c3c3c3c3c3c3c2c
       479  <<<<<<<<,<<<<<<<  3c3c3c3c3c3c3c3c2c3c3c3c3c3c3c3c
       479  ,<<<<<<<<<<<<<<<  2c3c3c3c3c3c3c3c3c3c3c3c3c3c3c3c
       478  <<<<<<<,<<<<<<<<  3c3c3c3c3c3c3c2c3c3c3c3c3c3c3c3c
       473  <<<<<<<<<<<<,<<<  3c3c3c3c3c3c3c3c3c3c3c3c2c3c3c3c
       470  <<<,<<<<<<<<<<<<  3c3c3c2c3c3c3c3c3c3c3c3c3c3c3c3c
       468  <,<<<<<<<<<<<<<<  3c2c3c3c3c3c3c3c3c3c3c3c3c3c3c3c
       467  <<<<<<<<<<<<<<,<  3c3c3c3c3c3c3c3c3c3c3c3c3c3c2c3c
# epoch 4600  H=1.2134 C=1.1921 HO=0.0212  A(t)=597
     20954  <<<<<<<<<<<<<<<<  3c3c3c3c3c3c3c3c3c3c3c3c3c3c3c3c
       649  ,,,,,,,,,,,,,,,,  2c2c2c2c2c2c2c2c2c2c2c2c2c2c2c2c
       554  <<<<<<<<<<<<<<<,  3c3c3c3c3c3c3c3c3c3c3c3c3c3c3c2c
       534  <<<<<<<<<<<<<<,<  3c3c3c3c3c3c3c3c3c3c3c3c3c3c2c3c
       534  ,<<<<<<<<<<<<<<<  2c3c3c3c3c3c3c3c3c3c3c3c3c3c3c3c
       523  <,<<<<<<<<<<<<<<  3c2c3c3c3c3c3c3c3c3c3c3c3c3c3c3c
       512  <<,<<<<<<<<<<<<<  3c3c2c3c3c3c3c3c3c3c3c3c3c3c3c3c
       511  <<<<<<<<<<<<<,<<  3c3c3c3c3c3c3c3c3c3c3c3c3c2c3c3c
       509  <<<,<<<<<<<<<<<<  3c3c3c2c3c3c3c3c3c3c3c3c3c3c3c3c
       508  <<<<<,<<<<<<<<<<  3c3c3c3c3c2c3c3c3c3c3c3c3c3c3c3c
# epoch 4650  H=1.2498 C=1.1715 HO=0.0782  A(t)=601
     20863  <<<<<<<<<<<<<<<<  3c3c3c3c3c3c3c3c3c3c3c3c3c3c3c3c
       662  ,,,,,,,,,,,,,,,,  2c2c2c2c2c2c2c2c2c2c2c2c2c2c2c2c
       483  <<<<<<<<<<<<<<<,  3c3c3c3c3c3c3c3c3c3c3c3c3c3c3c2c
       456  <<<<<<<<<<<<<<,<  3c3c3c3c3c3c3c3c3c3c3c3c3c3c2c3c
       447  ,<<<<<<<<<<<<<<<  2c3c3c3c3c3c3c3c3c3c3c3c3c3c3c3c
       443  <<<<<<<<<<,<<<<<  3c3c3c3c3c3c3c3c3c3c2c3c3c3c3c3c
       435  <<<<<<<<<<<<<,<<  3c3c3c3c3c3c3c3c3c3c3c3c3c2c3c3c
       434  <<<<<<<<<<<,<<<<  3c3c3c3c3c3c3c3c3c3c3c2c3c3c3c3c
       432  <<<<<<<<<,<<<<<<  3c3c3c3c3c3c3c3c3c2c3c3c3c3c3c3c
       432  <<<<<<<<,<<<<<<<  3c3c3c3c3c3c3c3c2c3c3c3c3c3c3c3c
# epoch 4700  H=1.3042 C=1.2107 HO=0.0935  A(t)=609
     18631  <<<<<<<<<<<<<<<<  3c3c3c3c3c3c3c3c3c3c3c3c3c3c3c3c
       891  ,,,,,,,,,,,,,,,,  2c2c2c2c2c2c2c2c2c2c2c2c2c2c2c2c
       475  <<<<<<<<<<<<<<<,  3c3c3c3c3c3c3c3c3c3c3c3c3c3c3c2c
       461  <<<<<<<<<<<<<,<<  3c3c3c3c3c3c3c3c3c3c3c3c3c2c3c3c
       460  <<<<<<<<<<<<,<<<  3c3c3c3c3c3c3c3c3c3c3c3c2c3c3c3c
       458  <<<<<<<<<,<<<<<<  3c3c3c3c3c3c3c3c3c2c3c3c3c3c3c3c
       457  ,<<<<<<<<<<<<<<<  2c3c3c3c3c3c3c3c3c3c3c3c3c3c3c3c
       456  <<<<<<<<<<,<<<<<  3c3c3c3c3c3c3c3c3c3c2c3c3c3c3c3c
       453  <<<<<<<<<<<<<<,<  3c3c3c3c3c3c3c3c3c3c3c3c3c3c2c3c
       453  <<<<<<,<<<<<<<<<  3c3c3c3c3c3c2c3c3c3c3c3c3c3c3c3c
# epoch 4750  H=1.1656 C=1.1052 HO=0.0604  A(t)=612
     20186  <<<<<<<<<<<<<<<<  3c3c3c3c3c3c3c3c3c3c3c3c3c3c3c3c
       879  ,,,,,,,,,,,,,,,,  2c2c2c2c2c2c2c2c2c2c2c2c2c2c2c2c
       560  <<<<<<<<<<<<<<<,  3c3c3c3c3c3c3c3c3c3c3c3c3c3c3c2c
       554  <<<<<<<<<<<<<<,<  3c3c3c3c3c3c3c3c3c3c3c3c3c3c2c3c
       540  <<<<<<<<<<<<<,<<  3c3c3c3c3c3c3c3c3c3c3c3c3c2c3c3c
       537  <<<<<<<<<<,<<<<<  3c3c3c3c3c3c3c3c3c3c2c3c3c3c3c3c
       535  <<<<<<<,<<<<<<<<  3c3c3c3c3c3c3c2c3c3c3c3c3c3c3c3c
       535  ,<<<<<<<<<<<<<<<  2c3c3c3c3c3c3c3c3c3c3c3c3c3c3c3c
       533  <<,<<<<<<<<<<<<<  3c3c2c3c3c3c3c3c3c3c3c3c3c3c3c3c
       532  <<<<<<,<<<<<<<<<  3c3c3c3c3c3c2c3c3c3c3c3c3c3c3c3c
# epoch 4800  H=1.0578 C=1.0262 HO=0.0316  A(t)=623
     21467  <<<<<<<<<<<<<<<<  3c3c3c3c3c3c3c3c3c3c3c3c3c3c3c3c
       695  ,,,,,,,,,,,,,,,,  2c2c2c2c2c2c2c2c2c2c2c2c2c2c2c2c
       541  <<<<<<<<<<<<<<<,  3c3c3c3c3c3c3c3c3c3c3c3c3c3c3c2c
       521  ,<<<<<<<<<<<<<<<  2c3c3c3c3c3c3c3c3c3c3c3c3c3c3c3c
       518  <<<<<<<<<<<<<<,<  3c3c3c3c3c3c3c3c3c3c3c3c3c3c2c3c
       512  <,<<<<<<<<<<<<<<  3c2c3c3c3c3c3c3c3c3c3c3c3c3c3c3c
       510  <<<<<<<<<<<<<,<<  3c3c3c3c3c3c3c3c3c3c3c3c3c2c3c3c
       502  <<<<<,<<<<<<<<<<  3c3c3c3c3c2c3c3c3c3c3c3c3c3c3c3c
       498  <<<<<<,<<<<<<<<<  3c3c3c3c3c3c2c3c3c3c3c3c3c3c3c3c
       498  <<,<<<<<<<<<<<<<  3c3c2c3c3c3c3c3c3c3c3c3c3c3c3c3c
# epoch 4850  H=1.0265 C=1.0128 HO=0.0136  A(t)=627
     21772  <<<<<<<<<<<<<<<<  3c3c3c3c3c3c3c3c3c3c3c3c3c3c3c3c
       699  ,,,,,,,,,,,,,,,,  2c2c2c2c2c2c2c2c2c2c2c2c2c2c2c2c
       591  <<<<<<<<<<<<<<<,  3c3c3c3c3c3c3c3c3c3c3c3c3c3c3c2c
       565  ,<<<<<<<<<<<<<<<  2c3c3c3c3c3c3c3c3c3c3c3c3c3c3c3c
       560  <<<<<<<<<<<<<<,<  3c3c3c3c3c3c3c3c3c3c3c3c3c3c2c3c
       551  <,<<<<<<<<<<<<<<  3c2c3c3c3c3c3c3c3c3c3c3c3c3c3c3c
       537  <<,<<<<<<<<<<<<<  3c3c2c3c3c3c3c3c3c3c3c3c3c3c3c3c
       529  <<<<<<<<<<<<<,<<  3c3c3c3c3c3c3c3c3c3c3c3c3c2c3c3c
       527  <<<,<<<<<<<<<<<<  3c3c3c2c3c3c3c3c3c3c3c3c3c3c3c3c
       514  <<<<,<<<<<<<<<<<  3c3c3c3c2c3c3c3c3c3c3c3c3c3c3c3c
# epoch 4900  H=1.0501 C=1.0247 HO=0.0254  A(t)=629
     21371  <<<<<<<<<<<<<<<<  3c3c3c3c3c3c3c3c3c3c3c3c3c3c3c3c
       769  ,,,,,,,,,,,,,,,,  2c2c2c2c2c2c2c2c2c2c2c2c2c2c2c2c
       528  <<<<<<<<<<<<<<<,  3c3c3c3c3c3c3c3c3c3c3c3c3c3c3c2c
       509  <<<<<<<<<<<<<<,<  3c3c3c3c3c3c3c3c3c3c3c3c3c3c2c3c
       505  ,<<<<<<<<<<<<<<<  2c3c3c3c3c3c3c3c3c3c3c3c3c3c3c3c
       503  <<<<,<<<<<<<<<<<  3c3c3c3c2c3c3c3c3c3c3c3c3c3c3c3c
       503  <<<,<<<<<<<<<<<<  3c3c3c2c3c3c3c3c3c3c3c3c3c3c3c3c
       501  <<<<<<<<<<<<,<<<  3c3c3c3c3c3c3c3c3c3c3c3c2c3c3c3c
       498  <<<<<<<<<<<<<,<<  3c3c3c3c3c3c3c3c3c3c3c3c3c2c3c3c
       497  <<<<<<<<<<<,<<<<  3c3c3c3c3c3c3c3c3c3c3c2c3c3c3c3c
# epoch 4950  H=1.0917 C=1.0802 HO=0.0115  A(t)=635
     21866  <<<<<<<<<<<<<<<<  3c3c3c3c3c3c3c3c3c3c3c3c3c3c3c3c
       550  <<<<<<<<<<<<<<<,  3c3c3c3c3c3c3c3c3c3c3c3c3c3c3c2c
       532  <<<<<<<<<<<<<<,<  3c3c3c3c3c3c3c3c3c3c3c3c3c3c2c3c
       528  <<,<<<<<<<<<<<<<  3c3c2c3c3c3c3c3c3c3c3c3c3c3c3c3c
       528  ,<<<<<<<<<<<<<<<  2c3c3c3c3c3c3c3c3c3c3c3c3c3c3c3c
       527  <,<<<<<<<<<<<<<<  3c2c3c3c3c3c3c3c3c3c3c3c3c3c3c3c
       525  <<<<,<<<<<<<<<<<  3c3c3c3c2c3c3c3c3c3c3c3c3c3c3c3c
       523  <<<,<<<<<<<<<<<<  3c3c3c2c3c3c3c3c3c3c3c3c3c3c3c3c
       513  <<<<<<<<<<<<<,<<  3c3c3c3c3c3c3c3c3c3c3c3c3c2c3c3c
       509  <<<<<<<<<<<<,<<<  3c3c3c3c3c3c3c3c3c3c3c3c2c3c3c3c
# epoch 5000  H=1.2261 C=1.1469 HO=0.0792  A(t)=644
     22292  <<<<<<<<<<<<<<<<  3c3c3c3c3c3c3c3c3c3c3c3c3c3c3c3c
       734  ,,,,,,,,,,,,,,,,  2c2c2c2c2c2c2c2c2c2c2c2c2c2c2c2c
       563  <<<<<<<<<<<<<<<,  3c3c3c3c3c3c3c3c3c3c3c3c3c3c3c2c
       547  ,<<<<<<<<<<<<<<<  2c3c3c3c3c3c3c3c3c3c3c3c3c3c3c3c
       540  <<<<<<<<<,<<<<<<  3c3c3c3c3c3c3c3c3c2c3c3c3c3c3c3c
       538  <<<<<<<<<<<<,<<<  3c3c3c3c3c3c3c3c3c3c3c3c2c3c3c3c
       537  <<<<<<<<<<,<<<<<  3c3c3c3c3c3c3c3c3c3c2c3c3c3c3c3c
       537  <<<<<<<,<<<<<<<<  3c3c3c3c3c3c3c2c3c3c3c3c3c3c3c3c
       535  <<<<<<<<<<<<<<,<  3c3c3c3c3c3c3c3c3c3c3c3c3c3c2c3c
       535  <<<<<<<<<<<<<,<<  3c3c3c3c3c3c3c3c3c3c3c3c3c2c3c3c
# epoch 5050  H=1.2327 C=1.1425 HO=0.0902  A(t)=659
     22322  <<<<<<<<<<<<<<<<  3c3c3c3c3c3c3c3c3c3c3c3c3c3c3c3c
       731  ,,,,,,,,,,,,,,,,  2c2c2c2c2c2c2c2c2c2c2c2c2c2c2c2c
       533  <<<<<<<<<<<<<<<,  3c3c3c3c3c3c3c3c3c3c3c3c3c3c3c2c
       515  <<<<<<<<<<<<<<,<  3c3c3c3c3c3c3c3c3c3c3c3c3c3c2c3c
       515  ,<<<<<<<<<<<<<<<  2c3c3c3c3c3c3c3c3c3c3c3c3c3c3c3c
       499  <<<<<<<<<<<<<,<<  3c3c3c3c3c3c3c3c3c3c3c3c3c2c3c3c
       499  <,<<<<<<<<<<<<<<  3c2c3c3c3c3c3c3c3c3c3c3c3c3c3c3c
       494  <<<<<<<<<<<<,<<<  3c3c3c3c3c3c3c3c3c3c3c3c2c3c3c3c
       488  <<,<<<<<<<<<<<<<  3c3c2c3c3c3c3c3c3c3c3c3c3c3c3c3c
       483  <<<,<<<<<<<<<<<<  3c3c3c2c3c3c3c3c3c3c3c3c3c3c3c3c
# epoch 5100  H=1.3066 C=1.2037 HO=0.1029  A(t)=662
     22512  <<<<<<<<<<<<<<<<  3c3c3c3c3c3c3c3c3c3c3c3c3c3c3c3c
       830  ,,,,,,,,,,,,,,,,  2c2c2c2c2c2c2c2c2c2c2c2c2c2c2c2c
       489  <<<<<<<<<<<<<<<,  3c3c3c3c3c3c3c3c3c3c3c3c3c3c3c2c
       461  ,<<<<<<<<<<<<<<<  2c3c3c3c3c3c3c3c3c3c3c3c3c3c3c3c
       458  <<<<<<<<<<<<<<,<  3c3c3c3c3c3c3c3c3c3c3c3c3c3c2c3c
       438  <<<<<<<<<<<<,<<<  3c3c3c3c3c3c3c3c3c3c3c3c2c3c3c3c
       437  <<<<<<<<<<<<<,<<  3c3c3c3c3c3c3c3c3c3c3c3c3c2c3c3c
       434  <<<<<<<<<<,<<<<<  3c3c3c3c3c3c3c3c3c3c2c3c3c3c3c3c
       430  <<<<<<<<<<<,<<<<  3c3c3c3c3c3c3c3c3c3c3c2c3c3c3c3c
       429  <,<<<<<<<<<<<<<<  3c2c3c3c3c3c3c3c3c3c3c3c3c3c3c3c
# epoch 5150  H=1.2884 C=1.2207 HO=0.0677  A(t)=662
     21596  <<<<<<<<<<<<<<<<  3c3c3c3c3c3c3c3c3c3c3c3c3c3c3c3c
       692  ,,,,,,,,,,,,,,,,  2c2c2c2c2c2c2c2c2c2c2c2c2c2c2c2c
       497  <<<<<<<<<<<<<<<,  3c3c3c3c3c3c3c3c3c3c3c3c3c3c3c2c
       486  ,<<<<<<<<<<<<<<<  2c3c3c3c3c3c3c3c3c3c3c3c3c3c3c3c
       483  <<<<<<<<<<<<<<,<  3c3c3c3c3c3c3c3c3c3c3c3c3c3c2c3c
       481  <,<<<<<<<<<<<<<<  3c2c3c3c3c3c3c3c3c3c3c3c3c3c3c3c
       468  <<<<<<<<<,<<<<<<  3c3c3c3c3c3c3c3c3c2c3c3c3c3c3c3c
       467  <<<<<<<<<<<<<,<<  3c3c3c3c3c3c3c3c3c3c3c3c3c2c3c3c
       464  <<<<<<<<<<<,<<<<  3c3c3c3c3c3c3c3c3c3c3c2c3c3c3c3c
       463  <<<<<<<<<<,<<<<<  3c3c3c3c3c3c3c3c3c3c2c3c3c3c3c3c
# epoch 5200  H=1.3581 C=1.2745 HO=0.0835  A(t)=662
     21236  <<<<<<<<<<<<<<<<  3c3c3c3c3c3c3c3c3c3c3c3c3c3c3c3c
       639  ,,,,,,,,,,,,,,,,  2c2c2c2c2c2c2c2c2c2c2c2c2c2c2c2c
       510  <<<<<<<<<<<<<<<,  3c3c3c3c3c3c3c3c3c3c3c3c3c3c3c2c
       498  <,<<<<<<<<<<<<<<  3c2c3c3c3c3c3c3c3c3c3c3c3c3c3c3c
       496  <<<<<<<<<<<<<<,<  3c3c3c3c3c3c3c3c3c3c3c3c3c3c2c3c
       494  <<,<<<<<<<<<<<<<  3c3c2c3c3c3c3c3c3c3c3c3c3c3c3c3c
       493  ,<<<<<<<<<<<<<<<  2c3c3c3c3c3c3c3c3c3c3c3c3c3c3c3c
       487  <<<<<<<<<<<<<,<<  3c3c3c3c3c3c3c3c3c3c3c3c3c2c3c3c
       483  <<<<<<<<<<,<<<<<  3c3c3c3c3c3c3c3c3c3c2c3c3c3c3c3c
       481  <<<<<<<<,<<<<<<<  3c3c3c3c3c3c3c3c2c3c3c3c3c3c3c3c
# epoch 5250  H=1.3356 C=1.2838 HO=0.0518  A(t)=662
     20826  <<<<<<<<<<<<<<<<  3c3c3c3c3c3c3c3c3c3c3c3c3c3c3c3c
       472  ,,,,,,,,,,,,,,,,  2c2c2c2c2c2c2c2c2c2c2c2c2c2c2c2c
       452  <<<<<<<<<<<<<<<,  3c3c3c3c3c3c3c3c3c3c3c3c3c3c3c2c
       452  ,<<<<<<<<<<<<<<<  2c3c3c3c3c3c3c3c3c3c3c3c3c3c3c3c
       440  <,<<<<<<<<<<<<<<  3c2c3c3c3c3c3c3c3c3c3c3c3c3c3c3c
       437  <<<<<<<<<<<<<<,<  3c3c3c3c3c3c3c3c3c3c3c3c3c3c2c3c
       428  <<,<<<<<<<<<<<<<  3c3c2c3c3c3c3c3c3c3c3c3c3c3c3c3c
       427  <<<<<<<<<<<<<,<<  3c3c3c3c3c3c3c3c3c3c3c3c3c2c3c3c
       417  <<<,<<<<<<<<<<<<  3c3c3c2c3c3c3c3c3c3c3c3c3c3c3c3c
       408  <<<<<<<<<<<<,<<<  3c3c3c3c3c3c3c3c3c3c3c3c2c3c3c3c
# epoch 5300  H=1.3611 C=1.2903 HO=0.0709  A(t)=669
     19760  <<<<<<<<<<<<<<<<  3c3c3c3c3c3c3c3c3c3c3c3c3c3c3c3c
       475  <<<<<<<<<<<<<<<,  3c3c3c3c3c3c3c3c3c3c3c3c3c3c3c2c
       463  ,,,,,,,,,,,,,,,,  2c2c2c2c2c2c2c2c2c2c2c2c2c2c2c2c
       458  <<<<<<<<<<<<<<,<  3c3c3c3c3c3c3c3c3c3c3c3c3c3c2c3c
       454  <<<<<<<<<<<<<,<<  3c3c3c3c3c3c3c3c3c3c3c3c3c2c3c3c
       448  <<,<<<<<<<<<<<<<  3c3c2c3c3c3c3c3c3c3c3c3c3c3c3c3c
       446  ,<<<<<<<<<<<<<<<  2c3c3c3c3c3c3c3c3c3c3c3c3c3c3c3c
       445  <,<<<<<<<<<<<<<<  3c2c3c3c3c3c3c3c3c3c3c3c3c3c3c3c
       442  <<<<<<<<<<<<,<<<  3c3c3c3c3c3c3c3c3c3c3c3c2c3c3c3c
       433  <<<<<<<<<<<,<<<<  3c3c3c3c3c3c3c3c3c3c3c2c3c3c3c3c
# epoch 5350  H=1.3604 C=1.2821 HO=0.0783  A(t)=670
     20684  <<<<<<<<<<<<<<<<  3c3c3c3c3c3c3c3c3c3c3c3c3c3c3c3c
       861  ,,,,,,,,,,,,,,,,  2c2c2c2c2c2c2c2c2c2c2c2c2c2c2c2c
       474  <<<<<<<<<<<<<<<,  3c3c3c3c3c3c3c3c3c3c3c3c3c3c3c2c
       455  <<<<<<<<<<<<<<,<  3c3c3c3c3c3c3c3c3c3c3c3c3c3c2c3c
       453  ,<<<<<<<<<<<<<<<  2c3c3c3c3c3c3c3c3c3c3c3c3c3c3c3c
       434  <<<<<<<<<<<<<,<<  3c3c3c3c3c3c3c3c3c3c3c3c3c2c3c3c
       431  <,<<<<<<<<<<<<<<  3c2c3c3c3c3c3c3c3c3c3c3c3c3c3c3c
       425  <<<,<<<<<<<<<<<<  3c3c3c2c3c3c3c3c3c3c3c3c3c3c3c3c
       420  <<,<<<<<<<<<<<<<  3c3c2c3c3c3c3c3c3c3c3c3c3c3c3c3c
       418  <<<<,<<<<<<<<<<<  3c3c3c3c2c3c3c3c3c3c3c3c3c3c3c3c
# epoch 5400  H=1.3582 C=1.2584 HO=0.0998  A(t)=671
     21113  <<<<<<<<<<<<<<<<  3c3c3c3c3c3c3c3c3c3c3c3c3c3c3c3c
       787  ,,,,,,,,,,,,,,,,  2c2c2c2c2c2c2c2c2c2c2c2c2c2c2c2c
       521  <<<<<<<<<<<<<<<,  3c3c3c3c3c3c3c3c3c3c3c3c3c3c3c2c
       514  <,<<<<<<<<<<<<<<  3c2c3c3c3c3c3c3c3c3c3c3c3c3c3c3c
       511  ,<<<<<<<<<<<<<<<  2c3c3c3c3c3c3c3c3c3c3c3c3c3c3c3c
       502  <<<<<<<<<<<<<<,<  3c3c3c3c3c3c3c3c3c3c3c3c3c3c2c3c
       487  <<<<<,<<<<<<<<<<  3c3c3c3c3c2c3c3c3c3c3c3c3c3c3c3c
       486  <<,<<<<<<<<<<<<<  3c3c2c3c3c3c3c3c3c3c3c3c3c3c3c3c
       479  <<<<,<<<<<<<<<<<  3c3c3c3c2c3c3c3c3c3c3c3c3c3c3c3c
       479  <<<,<<<<<<<<<<<<  3c3c3c2c3c3c3c3c3c3c3c3c3c3c3c3c
# epoch 5450  H=1.3311 C=1.2548 HO=0.0763  A(t)=679
     20314  <<<<<<<<<<<<<<<<  3c3c3c3c3c3c3c3c3c3c3c3c3c3c3c3c
       917  ,,,,,,,,,,,,,,,,  2c2c2c2c2c2c2c2c2c2c2c2c2c2c2c2c
       475  <<<<<<<<<<<<<<<,  3c3c3c3c3c3c3c3c3c3c3c3c3c3c3c2c
       464  ,<<<<<<<<<<<<<<<  2c3c3c3c3c3c3c3c3c3c3c3c3c3c3c3c
       459  <<<<<<<<<<<<<<,<  3c3c3c3c3c3c3c3c3c3c3c3c3c3c2c3c
       458  <<<<<<<<<<<<<,<<  3c3c3c3c3c3c3c3c3c3c3c3c3c2c3c3c
       454  <<,<<<<<<<<<<<<<  3c3c2c3c3c3c3c3c3c3c3c3c3c3c3c3c
       450  <,<<<<<<<<<<<<<<  3c2c3c3c3c3c3c3c3c3c3c3c3c3c3c3c
       441  <<<,<<<<<<<<<<<<  3c3c3c2c3c3c3c3c3c3c3c3c3c3c3c3c
       439  <<<<<<<<<<<<,<<<  3c3c3c3c3c3c3c3c3c3c3c3c2c3c3c3c
# epoch 5500  H=1.2985 C=1.2456 HO=0.0529  A(t)=679
     19815  <<<<<<<<<<<<<<<<  3c3c3c3c3c3c3c3c3c3c3c3c3c3c3c3c
       510  <<<<<<<<<<<<<<<,  3c3c3c3c3c3c3c3c3c3c3c3c3c3c3c2c
       504  ,<<<<<<<<<<<<<<<  2c3c3c3c3c3c3c3c3c3c3c3c3c3c3c3c
       504  ,,,,,,,,,,,,,,,,  2c2c2c2c2c2c2c2c2c2c2c2c2c2c2c2c
       484  <,<<<<<<<<<<<<<<  3c2c3c3c3c3c3c3c3c3c3c3c3c3c3c3c
       482  <<<<<<<<<<<<<<,<  3c3c3c3c3c3c3c3c3c3c3c3c3c3c2c3c
       476  <<,<<<<<<<<<<<<<  3c3c2c3c3c3c3c3c3c3c3c3c3c3c3c3c
       472  <<<<<<<<<<<<<,<<  3c3c3c3c3c3c3c3c3c3c3c3c3c2c3c3c
       469  <<<,<<<<<<<<<<<<  3c3c3c2c3c3c3c3c3c3c3c3c3c3c3c3c
       464  <<<<<<<<<<<<,<<<  3c3c3c3c3c3c3c3c3c3c3c3c2c3c3c3c
# epoch 5550  H=1.1624 C=1.1323 HO=0.0300  A(t)=679
     20128  <<<<<<<<<<<<<<<<  3c3c3c3c3c3c3c3c3c3c3c3c3c3c3c3c
       623  ,,,,,,,,,,,,,,,,  2c2c2c2c2c2c2c2c2c2c2c2c2c2c2c2c
       539  <<<<<<<<<<<<<<<,  3c3c3c3c3c3c3c3c3c3c3c3c3c3c3c2c
       526  ,<<<<<<<<<<<<<<<  2c3c3c3c3c3c3c3c3c3c3c3c3c3c3c3c
       519  <,<<<<<<<<<<<<<<  3c2c3c3c3c3c3c3c3c3c3c3c3c3c3c3c
       517  <<<<<<<<<<<<<<,<  3c3c3c3c3c3c3c3c3c3c3c3c3c3c2c3c
       509  <<,<<<<<<<<<<<<<  3c3c2c3c3c3c3c3c3c3c3c3c3c3c3c3c
       506  <<<,<<<<<<<<<<<<  3c3c3c2c3c3c3c3c3c3c3c3c3c3c3c3c
       503  <<<<<<<<<<<<<,<<  3c3c3c3c3c3c3c3c3c3c3c3c3c2c3c3c
       495  <<<<,<<<<<<<<<<<  3c3c3c3c2c3c3c3c3c3c3c3c3c3c3c3c
# epoch 5600  H=1.0867 C=1.1034 HO=-0.0167  A(t)=680
     20496  <<<<<<<<<<<<<<<<  3c3c3c3c3c3c3c3c3c3c3c3c3c3c3c3c
       554  <<<<<<<<<<<<<<<,  3c3c3c3c3c3c3c3c3c3c3c3c3c3c3c2c
       544  <<<<<<<<<<<<<<,<  3c3c3c3c3c3c3c3c3c3c3c3c3c3c2c3c
       533  <<<<<<<<<<<<<,<<  3c3c3c3c3c3c3c3c3c3c3c3c3c2c3c3c
       533  ,<<<<<<<<<<<<<<<  2c3c3c3c3c3c3c3c3c3c3c3c3c3c3c3c
       530  <,<<<<<<<<<<<<<<  3c2c3c3c3c3c3c3c3c3c3c3c3c3c3c3c
       511  <<,<<<<<<<<<<<<<  3c3c2c3c3c3c3c3c3c3c3c3c3c3c3c3c
       510  <<<<<<<<<<<<,<<<  3c3c3c3c3c3c3c3c3c3c3c3c2c3c3c3c
       509  <<<<<<<<<<<,<<<<  3c3c3c3c3c3c3c3c3c3c3c2c3c3c3c3c
       505  <<<<<<<<<<,<<<<<  3c3c3c3c3c3c3c3c3c3c2c3c3c3c3c3c
# epoch 5650  H=1.0497 C=1.0577 HO=-0.0081  A(t)=682
     21842  <<<<<<<<<<<<<<<<  3c3c3c3c3c3c3c3c3c3c3c3c3c3c3c3c
       547  <<<<<<<<<<<<<<<,  3c3c3c3c3c3c3c3c3c3c3c3c3c3c3c2c
       542  <<<,<<<<<<<<<<<<  3c3c3c2c3c3c3c3c3c3c3c3c3c3c3c3c
       537  <<<<,<<<<<<<<<<<  3c3c3c3c2c3c3c3c3c3c3c3c3c3c3c3c
       533  <<<<<<<<<<<<<,<<  3c3c3c3c3c3c3c3c3c3c3c3c3c2c3c3c
       532  <<<<<<,<<<<<<<<<  3c3c3c3c3c3c2c3c3c3c3c3c3c3c3c3c
       532  ,<<<<<<<<<<<<<<<  2c3c3c3c3c3c3c3c3c3c3c3c3c3c3c3c
       530  <<<<<<<<<<<<<<,<  3c3c3c3c3c3c3c3c3c3c3c3c3c3c2c3c
       530  <<,<<<<<<<<<<<<<  3c3c2c3c3c3c3c3c3c3c3c3c3c3c3c3c
       529  <,<<<<<<<<<<<<<<  3c2c3c3c3c3c3c3c3c3c3c3c3c3c3c3c
# epoch 5700  H=1.2054 C=1.1399 HO=0.0655  A(t)=685
     19936  <<<<<<<<<<<<<<<<  3c3c3c3c3c3c3c3c3c3c3c3c3c3c3c3c
       817  ,,,,,,,,,,,,,,,,  2c2c2c2c2c2c2c2c2c2c2c2c2c2c2c2c
       488  <<<<<<<<<<<<<<<,  3c3c3c3c3c3c3c3c3c3c3c3c3c3c3c2c
       476  ,<<<<<<<<<<<<<<<  2c3c3c3c3c3c3c3c3c3c3c3c3c3c3c3c
       468  <<,<<<<<<<<<<<<<  3c3c2c3c3c3c3c3c3c3c3c3c3c3c3c3c
       468  <,<<<<<<<<<<<<<<  3c2c3c3c3c3c3c3c3c3c3c3c3c3c3c3c
       462  <<<<<<<,<<<<<<<<  3c3c3c3c3c3c3c2c3c3c3c3c3c3c3c3c
       457  <<<<<<<<,<<<<<<<  3c3c3c3c3c3c3c3c2c3c3c3c3c3c3c3c
       457  <<<<,<<<<<<<<<<<  3c3c3c3c2c3c3c3c3c3c3c3c3c3c3c3c
       456  <<<<<<<<<<<<<<,<  3c3c3c3c3c3c3c3c3c3c3c3c3c3c2c3c
# epoch 5750  H=1.1327 C=1.0900 HO=0.0427  A(t)=695
     20727  <<<<<<<<<<<<<<<<  3c3c3c3c3c3c3c3c3c3c3c3c3c3c3c3c
       982  ,,,,,,,,,,,,,,,,  2c2c2c2c2c2c2c2c2c2c2c2c2c2c2c2c
       512  <<<<<<<<<<<<<<<,  3c3c3c3c3c3c3c3c3c3c3c3c3c3c3c2c
       507  ,<<<<<<<<<<<<<<<  2c3c3c3c3c3c3c3c3c3c3c3c3c3c3c3c
       497  <<<<<<<<<<<<<<,<  3c3c3c3c3c3c3c3c3c3c3c3c3c3c2c3c
       483  <,<<<<<<<<<<<<<<  3c2c3c3c3c3c3c3c3c3c3c3c3c3c3c3c
       482  <<<<<<<<<<<<<,<<  3c3c3c3c3c3c3c3c3c3c3c3c3c2c3c3c
       471  <<<<<<<<<<<,<<<<  3c3c3c3c3c3c3c3c3c3c3c2c3c3c3c3c
       468  <<<,<<<<<<<<<<<<  3c3c3c2c3c3c3c3c3c3c3c3c3c3c3c3c
       467  <<<<<<<<<<<<,<<<  3c3c3c3c3c3c3c3c3c3c3c3c2c3c3c3c
# epoch 5800  H=1.1615 C=1.1274 HO=0.0341  A(t)=702
     21469  <<<<<<<<<<<<<<<<  3c3c3c3c3c3c3c3c3c3c3c3c3c3c3c3c
       540  <<<<<<<<<<<<<<<,  3c3c3c3c3c3c3c3c3c3c3c3c3c3c3c2c
       526  ,<<<<<<<<<<<<<<<  2c3c3c3c3c3c3c3c3c3c3c3c3c3c3c3c
       514  <<<<<<<<<<<<<<,<  3c3c3c3c3c3c3c3c3c3c3c3c3c3c2c3c
       513  <,<<<<<<<<<<<<<<  3c2c3c3c3c3c3c3c3c3c3c3c3c3c3c3c
       504  <<<<<<<<<<<<<,<<  3c3c3c3c3c3c3c3c3c3c3c3c3c2c3c3c
       502  <<<<<<<,<<<<<<<<  3c3c3c3c3c3c3c2c3c3c3c3c3c3c3c3c
       501  <<,<<<<<<<<<<<<<  3c3c2c3c3c3c3c3c3c3c3c3c3c3c3c3c
       498  <<<<<<,<<<<<<<<<  3c3c3c3c3c3c2c3c3c3c3c3c3c3c3c3c
       497  <<<<<<<<,<<<<<<<  3c3c3c3c3c3c3c3c2c3c3c3c3c3c3c3c
# epoch 5850  H=1.2099 C=1.1598 HO=0.0502  A(t)=715
     20020  <<<<<<<<<<<<<<<<  3c3c3c3c3c3c3c3c3c3c3c3c3c3c3c3c
       529  <<<<<<<<<<<<<<<,  3c3c3c3c3c3c3c3c3c3c3c3c3c3c3c2c
       521  ,<<<<<<<<<<<<<<<  2c3c3c3c3c3c3c3c3c3c3c3c3c3c3c3c
       518  <,<<<<<<<<<<<<<<  3c2c3c3c3c3c3c3c3c3c3c3c3c3c3c3c
       515  <<<<<<<<<<<<<<,<  3c3c3c3c3c3c3c3c3c3c3c3c3c3c2c3c
       504  <<,<<<<<<<<<<<<<  3c3c2c3c3c3c3c3c3c3c3c3c3c3c3c3c
       498  <<<<<<<<<<<<<,<<  3c3c3c3c3c3c3c3c3c3c3c3c3c2c3c3c
       494  <<<,<<<<<<<<<<<<  3c3c3c2c3c3c3c3c3c3c3c3c3c3c3c3c
       490  <<<<,<<<<<<<<<<<  3c3c3c3c2c3c3c3c3c3c3c3c3c3c3c3c
       489  <<<<<<,<<<<<<<<<  3c3c3c3c3c3c2c3c3c3c3c3c3c3c3c3c
# epoch 5900  H=1.2617 C=1.1855 HO=0.0761  A(t)=721
     20000  <<<<<<<<<<<<<<<<  3c3c3c3c3c3c3c3c3c3c3c3c3c3c3c3c
       765  ,,,,,,,,,,,,,,,,  2c2c2c2c2c2c2c2c2c2c2c2c2c2c2c2c
       553  <<<<<<<<<<<<<<,<  3c3c3c3c3c3c3c3c3c3c3c3c3c3c2c3c
       552  <<<<<<<<<<<<<<<,  3c3c3c3c3c3c3c3c3c3c3c3c3c3c3c2c
       545  <,<<<<<<<<<<<<<<  3c2c3c3c3c3c3c3c3c3c3c3c3c3c3c3c
       539  ,<<<<<<<<<<<<<<<  2c3c3c3c3c3c3c3c3c3c3c3c3c3c3c3c
       535  <<,<<<<<<<<<<<<<  3c3c2c3c3c3c3c3c3c3c3c3c3c3c3c3c
       532  <<<<<<<<<<<<<,<<  3c3c3c3c3c3c3c3c3c3c3c3c3c2c3c3c
       519  <<<<<<<<<<<<,<<<  3c3c3c3c3c3c3c3c3c3c3c3c2c3c3c3c
       519  <<<<<<<<<<<,<<<<  3c3c3c3c3c3c3c3c3c3c3c2c3c3c3c3c
# epoch 5950  H=1.3041 C=1.2278 HO=0.0763  A(t)=728
     20594  <<<<<<<<<<<<<<<<  3c3c3c3c3c3c3c3c3c3c3c3c3c3c3c3c
       827  ,,,,,,,,,,,,,,,,  2c2c2c2c2c2c2c2c2c2c2c2c2c2c2c2c
       517  <<<<<<<<<<<<<<<,  3c3c3c3c3c3c3c3c3c3c3c3c3c3c3c2c
       504  <<<<<<<<<<<<<<,<  3c3c3c3c3c3c3c3c3c3c3c3c3c3c2c3c
       492  <<<<<<,<<<<<<<<<  3c3c3c3c3c3c2c3c3c3c3c3c3c3c3c3c
       491  <<<<<<<<<,<<<<<<  3c3c3c3c3c3c3c3c3c2c3c3c3c3c3c3c
       490  <<<<<<<<,<<<<<<<  3c3c3c3c3c3c3c3c2c3c3c3c3c3c3c3c
       483  ,<<<<<<<<<<<<<<<  2c3c3c3c3c3c3c3c3c3c3c3c3c3c3c3c
       482  <<<<<<<<<<,<<<<<  3c3c3c3c3c3c3c3c3c3c2c3c3c3c3c3c
       482  <<<<<<<,<<<<<<<<  3c3c3c3c3c3c3c2c3c3c3c3c3c3c3c3c
# epoch 6000  H=1.2825 C=1.2435 HO=0.0390  A(t)=735
     20711  <<<<<<<<<<<<<<<<  3c3c3c3c3c3c3c3c3c3c3c3c3c3c3c3c
       598  ,,,,,,,,,,,,,,,,  2c2c2c2c2c2c2c2c2c2c2c2c2c2c2c2c
       515  <<<<<<<<<<<<<<<,  3c3c3c3c3c3c3c3c3c3c3c3c3c3c3c2c
       507  <<<<<<<<,<<<<<<<  3c3c3c3c3c3c3c3c2c3c3c3c3c3c3c3c
       506  ,<<<<<<<<<<<<<<<  2c3c3c3c3c3c3c3c3c3c3c3c3c3c3c3c
       502  <<,<<<<<<<<<<<<<  3c3c2c3c3c3c3c3c3c3c3c3c3c3c3c3c
       500  <,<<<<<<<<<<<<<<  3c2c3c3c3c3c3c3c3c3c3c3c3c3c3c3c
       499  <<<,<<<<<<<<<<<<  3c3c3c2c3c3c3c3c3c3c3c3c3c3c3c3c
       498  <<<<,<<<<<<<<<<<  3c3c3c3c2c3c3c3c3c3c3c3c3c3c3c3c
       496  <<<<<<<,<<<<<<<<  3c3c3c3c3c3c3c2c3c3c3c3c3c3c3c3c
# epoch 6050  H=1.3265 C=1.2587 HO=0.0678  A(t)=735
     21904  <<<<<<<<<<<<<<<<  3c3c3c3c3c3c3c3c3c3c3c3c3c3c3c3c
       528  <<<<<<<<<<<<<<<,  3c3c3c3c3c3c3c3c3c3c3c3c3c3c3c2c
       517  ,<<<<<<<<<<<<<<<  2c3c3c3c3c3c3c3c3c3c3c3c3c3c3c3c
       494  <<<<<<<<<<<<<<,<  3c3c3c3c3c3c3c3c3c3c3c3c3c3c2c3c
       493  <,<<<<<<<<<<<<<<  3c2c3c3c3c3c3c3c3c3c3c3c3c3c3c3c
       475  <<<<<<<<<<<<<,<<  3c3c3c3c3c3c3c3c3c3c3c3c3c2c3c3c
       471  <<<<<<<<<<<,<<<<  3c3c3c3c3c3c3c3c3c3c3c2c3c3c3c3c
       469  <<,<<<<<<<<<<<<<  3c3c2c3c3c3c3c3c3c3c3c3c3c3c3c3c
       468  <<<<<<<<<<,<<<<<  3c3c3c3c3c3c3c3c3c3c2c3c3c3c3c3c
       468  <<<<<<<<<,<<<<<<  3c3c3c3c3c3c3c3c3c2c3c3c3c3c3c3c
# epoch 6100  H=1.2765 C=1.1958 HO=0.0807  A(t)=735
     22081  <<<<<<<<<<<<<<<<  3c3c3c3c3c3c3c3c3c3c3c3c3c3c3c3c
       712  ,,,,,,,,,,,,,,,,  2c2c2c2c2c2c2c2c2c2c2c2c2c2c2c2c
       516  <<<<<<<<<<<<<<<,  3c3c3c3c3c3c3c3c3c3c3c3c3c3c3c2c
       494  <<<<<<<<<<<<<<,<  3c3c3c3c3c3c3c3c3c3c3c3c3c3c2c3c
       488  ,<<<<<<<<<<<<<<<  2c3c3c3c3c3c3c3c3c3c3c3c3c3c3c3c
       482  <,<<<<<<<<<<<<<<  3c2c3c3c3c3c3c3c3c3c3c3c3c3c3c3c
       478  <<<<<<<,<<<<<<<<  3c3c3c3c3c3c3c2c3c3c3c3c3c3c3c3c
       477  <<<<<<<<<<<<<,<<  3c3c3c3c3c3c3c3c3c3c3c3c3c2c3c3c
       477  <<<<<<<<<<<<,<<<  3c3c3c3c3c3c3c3c3c3c3c3c2c3c3c3c
       477  <<<<<<<<<,<<<<<<  3c3c3c3c3c3c3c3c3c2c3c3c3c3c3c3c
# epoch 6150  H=1.2550 C=1.1792 HO=0.0758  A(t)=741
     22337  <<<<<<<<<<<<<<<<  3c3c3c3c3c3c3c3c3c3c3c3c3c3c3c3c
       680  ,,,,,,,,,,,,,,,,  2c2c2c2c2c2c2c2c2c2c2c2c2c2c2c2c
       505  <<<<<<<<<<<<<<<,  3c3c3c3c3c3c3c3c3c3c3c3c3c3c3c2c
       502  ,<<<<<<<<<<<<<<<  2c3c3c3c3c3c3c3c3c3c3c3c3c3c3c3c
       491  <,<<<<<<<<<<<<<<  3c2c3c3c3c3c3c3c3c3c3c3c3c3c3c3c
       489  <<<<<<<<<<<<<<,<  3c3c3c3c3c3c3c3c3c3c3c3c3c3c2c3c
       478  <<<<<<<<<<<<,<<<  3c3c3c3c3c3c3c3c3c3c3c3c2c3c3c3c
       476  <<,<<<<<<<<<<<<<  3c3c2c3c3c3c3c3c3c3c3c3c3c3c3c3c
       475  <<<<<<<<<<<<<,<<  3c3c3c3c3c3c3c3c3c3c3c3c3c2c3c3c
       474  <<<<,<<<<<<<<<<<  3c3c3c3c2c3c3c3c3c3c3c3c3c3c3c3c
# epoch 6200  H=1.2587 C=1.2069 HO=0.0518  A(t)=759
     19215  <<<<<<<<<<<<<<<<  3c3c3c3c3c3c3c3c3c3c3c3c3c3c3c3c
       669  ,,,,,,,,,,,,,,,,  2c2c2c2c2c2c2c2c2c2c2c2c2c2c2c2c
       482  <<<<<<<<<<<<<<<,  3c3c3c3c3c3c3c3c3c3c3c3c3c3c3c2c
       471  ,<<<<<<<<<<<<<<<  2c3c3c3c3c3c3c3c3c3c3c3c3c3c3c3c
       461  <,<<<<<<<<<<<<<<  3c2c3c3c3c3c3c3c3c3c3c3c3c3c3c3c
       459  <<<<<<<<<<<<<<,<  3c3c3c3c3c3c3c3c3c3c3c3c3c3c2c3c
       440  <<<<<<<<<<<<<,<<  3c3c3c3c3c3c3c3c3c3c3c3c3c2c3c3c
       440  <<,<<<<<<<<<<<<<  3c3c2c3c3c3c3c3c3c3c3c3c3c3c3c3c
       437  <<<,<<<<<<<<<<<<  3c3c3c2c3c3c3c3c3c3c3c3c3c3c3c3c
       432  <<<<<<<<<<,<<<<<  3c3c3c3c3c3c3c3c3c3c2c3c3c3c3c3c
# epoch 6250  H=1.2008 C=1.1581 HO=0.0427  A(t)=761
     19633  <<<<<<<<<<<<<<<<  3c3c3c3c3c3c3c3c3c3c3c3c3c3c3c3c
       682  ,,,,,,,,,,,,,,,,  2c2c2c2c2c2c2c2c2c2c2c2c2c2c2c2c
       543  <<<<<<<<<<<<<<<,  3c3c3c3c3c3c3c3c3c3c3c3c3c3c3c2c
       536  ,<<<<<<<<<<<<<<<  2c3c3c3c3c3c3c3c3c3c3c3c3c3c3c3c
       517  <<<<<<<<<<<<<<,<  3c3c3c3c3c3c3c3c3c3c3c3c3c3c2c3c
       516  <,<<<<<<<<<<<<<<  3c2c3c3c3c3c3c3c3c3c3c3c3c3c3c3c
       504  <<<<<<<<<<<<<,<<  3c3c3c3c3c3c3c3c3c3c3c3c3c2c3c3c
       502  <<<<<,<<<<<<<<<<  3c3c3c3c3c2c3c3c3c3c3c3c3c3c3c3c
       501  <<<,<<<<<<<<<<<<  3c3c3c2c3c3c3c3c3c3c3c3c3c3c3c3c
       500  <<,<<<<<<<<<<<<<  3c3c2c3c3c3c3c3c3c3c3c3c3c3c3c3c
# epoch 6300  H=1.1117 C=1.0671 HO=0.0446  A(t)=769
     21328  <<<<<<<<<<<<<<<<  3c3c3c3c3c3c3c3c3c3c3c3c3c3c3c3c
       827  ,,,,,,,,,,,,,,,,  2c2c2c2c2c2c2c2c2c2c2c2c2c2c2c2c
       598  <<<<<<<<<<<<<<<,  3c3c3c3c3c3c3c3c3c3c3c3c3c3c3c2c
       579  <<<<<<<<<<<<<<,<  3c3c3c3c3c3c3c3c3c3c3c3c3c3c2c3c
       573  ,<<<<<<<<<<<<<<<  2c3c3c3c3c3c3c3c3c3c3c3c3c3c3c3c
       571  <,<<<<<<<<<<<<<<  3c2c3c3c3c3c3c3c3c3c3c3c3c3c3c3c
       563  <<,<<<<<<<<<<<<<  3c3c2c3c3c3c3c3c3c3c3c3c3c3c3c3c
       545  <<<<<<<<<<<<<,<<  3c3c3c3c3c3c3c3c3c3c3c3c3c2c3c3c
       544  <<<<<<<<<<,<<<<<  3c3c3c3c3c3c3c3c3c3c2c3c3c3c3c3c
       543  <<<<<<,<<<<<<<<<  3c3c3c3c3c3c2c3c3c3c3c3c3c3c3c3c
# epoch 6350  H=1.1475 C=1.0776 HO=0.0699  A(t)=779
     21950  <<<<<<<<<<<<<<<<  3c3c3c3c3c3c3c3c3c3c3c3c3c3c3c3c
       910  ,,,,,,,,,,,,,,,,  2c2c2c2c2c2c2c2c2c2c2c2c2c2c2c2c
       503  <<<<<<<<<<<<<<<,  3c3c3c3c3c3c3c3c3c3c3c3c3c3c3c2c
       489  ,<<<<<<<<<<<<<<<  2c3c3c3c3c3c3c3c3c3c3c3c3c3c3c3c
       466  <<<<<<<<<<<<<<,<  3c3c3c3c3c3c3c3c3c3c3c3c3c3c2c3c
       466  <,<<<<<<<<<<<<<<  3c2c3c3c3c3c3c3c3c3c3c3c3c3c3c3c
       456  <<,<<<<<<<<<<<<<  3c3c2c3c3c3c3c3c3c3c3c3c3c3c3c3c
       453  <<<,<<<<<<<<<<<<  3c3c3c2c3c3c3c3c3c3c3c3c3c3c3c3c
       450  <<<<<<<<<<<<<,<<  3c3c3c3c3c3c3c3c3c3c3c3c3c2c3c3c
       445  <<<<,<<<<<<<<<<<  3c3c3c3c2c3c3c3c3c3c3c3c3c3c3c3c
# epoch 6400  H=1.1985 C=1.1433 HO=0.0552  A(t)=798
     20670  <<<<<<<<<<<<<<<<  3c3c3c3c3c3c3c3c3c3c3c3c3c3c3c3c
       660  ,,,,,,,,,,,,,,,,  2c2c2c2c2c2c2c2c2c2c2c2c2c2c2c2c
       513  <<<<<<<<<<<<<<<,  3c3c3c3c3c3c3c3c3c3c3c3c3c3c3c2c
       509  <<<<<<<<<<<<<<,<  3c3c3c3c3c3c3c3c3c3c3c3c3c3c2c3c
       495  <<<<<<<<<<<<<,<<  3c3c3c3c3c3c3c3c3c3c3c3c3c2c3c3c
       482  <,<<<<<<<<<<<<<<  3c2c3c3c3c3c3c3c3c3c3c3c3c3c3c3c
       474  ,<<<<<<<<<<<<<<<  2c3c3c3c3c3c3c3c3c3c3c3c3c3c3c3c
       471  <<<<<<<<<<<<,<<<  3c3c3c3c3c3c3c3c3c3c3c3c2c3c3c3c
       470  <<,<<<<<<<<<<<<<  3c3c2c3c3c3c3c3c3c3c3c3c3c3c3c3c
       463  <<<<<<<<<<,<<<<<  3c3c3c3c3c3c3c3c3c3c2c3c3c3c3c3c
# epoch 6450  H=1.2400 C=1.1876 HO=0.0523  A(t)=807
     20492  <<<<<<<<<<<<<<<<  3c3c3c3c3c3c3c3c3c3c3c3c3c3c3c3c
       657  ,,,,,,,,,,,,,,,,  2c2c2c2c2c2c2c2c2c2c2c2c2c2c2c2c
       543  <<<<<<<<<<<<<<<,  3c3c3c3c3c3c3c3c3c3c3c3c3c3c3c2c
       541  ,<<<<<<<<<<<<<<<  2c3c3c3c3c3c3c3c3c3c3c3c3c3c3c3c
       519  <<<<<<<<<<<<<<,<  3c3c3c3c3c3c3c3c3c3c3c3c3c3c2c3c
       503  <,<<<<<<<<<<<<<<  3c2c3c3c3c3c3c3c3c3c3c3c3c3c3c3c
       496  <<<<<<<<<<<<<,<<  3c3c3c3c3c3c3c3c3c3c3c3c3c2c3c3c
       485  <<,<<<<<<<<<<<<<  3c3c2c3c3c3c3c3c3c3c3c3c3c3c3c3c
       475  <<<,<<<<<<<<<<<<  3c3c3c2c3c3c3c3c3c3c3c3c3c3c3c3c
       474  <<<<<<<<<<<<,<<<  3c3c3c3c3c3c3c3c3c3c3c3c2c3c3c3c
# epoch 6500  H=1.1606 C=1.1354 HO=0.0252  A(t)=811
     21533  <<<<<<<<<<<<<<<<  3c3c3c3c3c3c3c3c3c3c3c3c3c3c3c3c
       841  ,,,,,,,,,,,,,,,,  2c2c2c2c2c2c2c2c2c2c2c2c2c2c2c2c
       536  <<<<<<<<<<<<<<<,  3c3c3c3c3c3c3c3c3c3c3c3c3c3c3c2c
       516  ,<<<<<<<<<<<<<<<  2c3c3c3c3c3c3c3c3c3c3c3c3c3c3c3c
       496  <<<<<<<<<<<<<<,<  3c3c3c3c3c3c3c3c3c3c3c3c3c3c2c3c
       493  <<<<<<<<<<<<<,<<  3c3c3c3c3c3c3c3c3c3c3c3c3c2c3c3c
       487  <<<<<<<<<,<<<<<<  3c3c3c3c3c3c3c3c3c2c3c3c3c3c3c3c
       485  <<<<<<<<<<<<,<<<  3c3c3c3c3c3c3c3c3c3c3c3c2c3c3c3c
       485  <<<<<<<<,<<<<<<<  3c3c3c3c3c3c3c3c2c3c3c3c3c3c3c3c
       485  <<,<<<<<<<<<<<<<  3c3c2c3c3c3c3c3c3c3c3c3c3c3c3c3c
# epoch 6550  H=1.3012 C=1.2300 HO=0.0712  A(t)=831
     20319  <<<<<<<<<<<<<<<<  3c3c3c3c3c3c3c3c3c3c3c3c3c3c3c3c
       901  ,,,,,,,,,,,,,,,,  2c2c2c2c2c2c2c2c2c2c2c2c2c2c2c2c
       475  <<<<<<<<<<<<<<<,  3c3c3c3c3c3c3c3c3c3c3c3c3c3c3c2c
       456  ,<<<<<<<<<<<<<<<  2c3c3c3c3c3c3c3c3c3c3c3c3c3c3c3c
       447  <<<<<<<<<,<<<<<<  3c3c3c3c3c3c3c3c3c2c3c3c3c3c3c3c
       446  <<<<<<<,<<<<<<<<  3c3c3c3c3c3c3c2c3c3c3c3c3c3c3c3c
       440  <<<<<<,<<<<<<<<<  3c3c3c3c3c3c2c3c3c3c3c3c3c3c3c3c
       439  <<<<<<<<,<<<<<<<  3c3c3c3c3c3c3c3c2c3c3c3c3c3c3c3c
       439  <,<<<<<<<<<<<<<<  3c2c3c3c3c3c3c3c3c3c3c3c3c3c3c3c
       438  <<<<<<<<<<<<<,<<  3c3c3c3c3c3c3c3c3c3c3c3c3c2c3c3c
# epoch 6600  H=1.4041 C=1.3240 HO=0.0802  A(t)=832
     18392  <<<<<<<<<<<<<<<<  3c3c3c3c3c3c3c3c3c3c3c3c3c3c3c3c
       911  ,,,,,,,,,,,,,,,,  2c2c2c2c2c2c2c2c2c2c2c2c2c2c2c2c
       474  <<<<<<<<<<<<<<<,  3c3c3c3c3c3c3c3c3c3c3c3c3c3c3c2c
       473  ,<<<<<<<<<<<<<<<  2c3c3c3c3c3c3c3c3c3c3c3c3c3c3c3c
       461  <<<<<<<<<<<<<,<<  3c3c3c3c3c3c3c3c3c3c3c3c3c2c3c3c
       461  <,<<<<<<<<<<<<<<  3c2c3c3c3c3c3c3c3c3c3c3c3c3c3c3c
       460  <<<<<<<<<<<<,<<<  3c3c3c3c3c3c3c3c3c3c3c3c2c3c3c3c
       456  <<<<<<<<<<<<<<,<  3c3c3c3c3c3c3c3c3c3c3c3c3c3c2c3c
       451  <<<<<<<<<<<,<<<<  3c3c3c3c3c3c3c3c3c3c3c2c3c3c3c3c
       450  <<<<<<<<<<,<<<<<  3c3c3c3c3c3c3c3c3c3c2c3c3c3c3c3c
# epoch 6650  H=1.3272 C=1.2678 HO=0.0593  A(t)=840
     21836  <<<<<<<<<<<<<<<<  3c3c3c3c3c3c3c3c3c3c3c3c3c3c3c3c
       554  <<<<<<<<<<<<<<<,  3c3c3c3c3c3c3c3c3c3c3c3c3c3c3c2c
       539  ,<<<<<<<<<<<<<<<  2c3c3c3c3c3c3c3c3c3c3c3c3c3c3c3c
       531  <<<<<<<<<<<<<,<<  3c3c3c3c3c3c3c3c3c3c3c3c3c2c3c3c
       529  <<<<<<<<<<<<<<,<  3c3c3c3c3c3c3c3c3c3c3c3c3c3c2c3c
       529  <<,<<<<<<<<<<<<<  3c3c2c3c3c3c3c3c3c3c3c3c3c3c3c3c
       529  <,<<<<<<<<<<<<<<  3c2c3c3c3c3c3c3c3c3c3c3c3c3c3c3c
       528  <<<<<<<<<<<,<<<<  3c3c3c3c3c3c3c3c3c3c3c2c3c3c3c3c
       523  <<<<<<<<<<<<,<<<  3c3c3c3c3c3c3c3c3c3c3c3c2c3c3c3c
       519  <<<<<<<<<<,<<<<<  3c3c3c3c3c3c3c3c3c3c2c3c3c3c3c3c
# epoch 6700  H=1.4209 C=1.2925 HO=0.1284  A(t)=842
     21029  <<<<<<<<<<<<<<<<  3c3c3c3c3c3c3c3c3c3c3c3c3c3c3c3c
      1099  ,,,,,,,,,,,,,,,,  2c2c2c2c2c2c2c2c2c2c2c2c2c2c2c2c
       474  <<<<<<<<<<<<<<<,  3c3c3c3c3c3c3c3c3c3c3c3c3c3c3c2c
       472  ,<<<<<<<<<<<<<<<  2c3c3c3c3c3c3c3c3c3c3c3c3c3c3c3c
       464  <,<<<<<<<<<<<<<<  3c2c3c3c3c3c3c3c3c3c3c3c3c3c3c3c
       459  <<,<<<<<<<<<<<<<  3c3c2c3c3c3c3c3c3c3c3c3c3c3c3c3c
       446  <<<<<<<<<<<<<<,<  3c3c3c3c3c3c3c3c3c3c3c3c3c3c2c3c
       436  <<<,<<<<<<<<<<<<  3c3c3c2c3c3c3c3c3c3c3c3c3c3c3c3c
       431  <<<<<,<<<<<<<<<<  3c3c3c3c3c2c3c3c3c3c3c3c3c3c3c3c
       430  <<<<<<,<<<<<<<<<  3c3c3c3c3c3c2c3c3c3c3c3c3c3c3c3c
# epoch 6750  H=1.5027 C=1.3591 HO=0.1436  A(t)=856
     20090  <<<<<<<<<<<<<<<<  3c3c3c3c3c3c3c3c3c3c3c3c3c3c3c3c
      1151  ,,,,,,,,,,,,,,,,  2c2c2c2c2c2c2c2c2c2c2c2c2c2c2c2c
       459  <<<<<<<<<<<<<<<,  3c3c3c3c3c3c3c3c3c3c3c3c3c3c3c2c
       421  <<<<<<<<<<<<<<,<  3c3c3c3c3c3c3c3c3c3c3c3c3c3c2c3c
       421  ,<<<<<<<<<<<<<<<  2c3c3c3c3c3c3c3c3c3c3c3c3c3c3c3c
       414  <,<<<<<<<<<<<<<<  3c2c3c3c3c3c3c3c3c3c3c3c3c3c3c3c
       397  <<<<<<<<<<<<,<<<  3c3c3c3c3c3c3c3c3c3c3c3c2c3c3c3c
       395  <<<<<<<<<<<<<,<<  3c3c3c3c3c3c3c3c3c3c3c3c3c2c3c3c
       395  <<,<<<<<<<<<<<<<  3c3c2c3c3c3c3c3c3c3c3c3c3c3c3c3c
       393  <<<<<<<<<<<,<<<<  3c3c3c3c3c3c3c3c3c3c3c2c3c3c3c3c
# epoch 6800  H=1.6518 C=1.4939 HO=0.1579  A(t)=859
     17381  <<<<<<<<<<<<<<<<  3c3c3c3c3c3c3c3c3c3c3c3c3c3c3c3c
       954  ,,,,,,,,,,,,,,,,  2c2c2c2c2c2c2c2c2c2c2c2c2c2c2c2c
       425  <<<<<<<<<<<<<<<,  3c3c3c3c3c3c3c3c3c3c3c3c3c3c3c2c
       408  ,<<<<<<<<<<<<<<<  2c3c3c3c3c3c3c3c3c3c3c3c3c3c3c3c
       391  <<<<<<<<<<<<<<,<  3c3c3c3c3c3c3c3c3c3c3c3c3c3c2c3c
       390  <,<<<<<<<<<<<<<<  3c2c3c3c3c3c3c3c3c3c3c3c3c3c3c3c
       381  <<<<<<<<<<<<<,<<  3c3c3c3c3c3c3c3c3c3c3c3c3c2c3c3c
       381  <<<<<<<<<<<,<<<<  3c3c3c3c3c3c3c3c3c3c3c2c3c3c3c3c
       378  <<<,<<<<<<<<<<<<  3c3c3c2c3c3c3c3c3c3c3c3c3c3c3c3c
       377  <<<<,<<<<<<<<<<<  3c3c3c3c2c3c3c3c3c3c3c3c3c3c3c3c
# epoch 6850  H=1.5490 C=1.4097 HO=0.1393  A(t)=862
     18852  <<<<<<<<<<<<<<<<  3c3c3c3c3c3c3c3c3c3c3c3c3c3c3c3c
       679  ,,,,,,,,,,,,,,,,  2c2c2c2c2c2c2c2c2c2c2c2c2c2c2c2c
       458  <<<<<<<<<<<<<<<,  3c3c3c3c3c3c3c3c3c3c3c3c3c3c3c2c
       440  ,<<<<<<<<<<<<<<<  2c3c3c3c3c3c3c3c3c3c3c3c3c3c3c3c
       428  <<<<<<<<<<<<<<,<  3c3c3c3c3c3c3c3c3c3c3c3c3c3c2c3c
       422  <,<<<<<<<<<<<<<<  3c2c3c3c3c3c3c3c3c3c3c3c3c3c3c3c
       413  <<<,<<<<<<<<<<<<  3c3c3c2c3c3c3c3c3c3c3c3c3c3c3c3c
       412  <<<<<<<<<<<<<,<<  3c3c3c3c3c3c3c3c3c3c3c3c3c2c3c3c
       412  <<,<<<<<<<<<<<<<  3c3c2c3c3c3c3c3c3c3c3c3c3c3c3c3c
       405  <<<<<<<<<<<<,<<<  3c3c3c3c3c3c3c3c3c3c3c3c2c3c3c3c
# epoch 6900  H=1.4548 C=1.3545 HO=0.1003  A(t)=879
     18734  <<<<<<<<<<<<<<<<  3c3c3c3c3c3c3c3c3c3c3c3c3c3c3c3c
       761  ,,,,,,,,,,,,,,,,  2c2c2c2c2c2c2c2c2c2c2c2c2c2c2c2c
       433  <<<<<<<<<<<<<<<,  3c3c3c3c3c3c3c3c3c3c3c3c3c3c3c2c
       407  <<<<<<<<<<<<<<,<  3c3c3c3c3c3c3c3c3c3c3c3c3c3c2c3c
       406  ,<<<<<<<<<<<<<<<  2c3c3c3c3c3c3c3c3c3c3c3c3c3c3c3c
       402  <<,<<<<<<<<<<<<<  3c3c2c3c3c3c3c3c3c3c3c3c3c3c3c3c
       397  <,<<<<<<<<<<<<<<  3c2c3c3c3c3c3c3c3c3c3c3c3c3c3c3c
       395  <<<<<<<<<<<<<,<<  3c3c3c3c3c3c3c3c3c3c3c3c3c2c3c3c
       393  <<<<<<<<<<<<,<<<  3c3c3c3c3c3c3c3c3c3c3c3c2c3c3c3c
       393  <<<,<<<<<<<<<<<<  3c3c3c2c3c3c3c3c3c3c3c3c3c3c3c3c
# epoch 6950  H=1.3653 C=1.2894 HO=0.0759  A(t)=885
     20019  <<<<<<<<<<<<<<<<  3c3c3c3c3c3c3c3c3c3c3c3c3c3c3c3c
       689  ,,,,,,,,,,,,,,,,  2c2c2c2c2c2c2c2c2c2c2c2c2c2c2c2c
       496  ,<<<<<<<<<<<<<<<  2c3c3c3c3c3c3c3c3c3c3c3c3c3c3c3c
       492  <<<<<<<<<<<<<<<,  3c3c3c3c3c3c3c3c3c3c3c3c3c3c3c2c
       491  <<,<<<<<<<<<<<<<  3c3c2c3c3c3c3c3c3c3c3c3c3c3c3c3c
       487  <,<<<<<<<<<<<<<<  3c2c3c3c3c3c3c3c3c3c3c3c3c3c3c3c
       483  <<<<<<<<<<<<<<,<  3c3c3c3c3c3c3c3c3c3c3c3c3c3c2c3c
       480  <<<<<<,<<<<<<<<<  3c3c3c3c3c3c2c3c3c3c3c3c3c3c3c3c
       479  <<<<<,<<<<<<<<<<  3c3c3c3c3c2c3c3c3c3c3c3c3c3c3c3c
       475  <<<<<<<<<<,<<<<<  3c3c3c3c3c3c3c3c3c3c2c3c3c3c3c3c
# epoch 7000  H=1.3978 C=1.3278 HO=0.0700  A(t)=901
     19013  <<<<<<<<<<<<<<<<  3c3c3c3c3c3c3c3c3c3c3c3c3c3c3c3c
       577  ,,,,,,,,,,,,,,,,  2c2c2c2c2c2c2c2c2c2c2c2c2c2c2c2c
       467  <<<<<<<<<<<<<<<,  3c3c3c3c3c3c3c3c3c3c3c3c3c3c3c2c
       458  ,<<<<<<<<<<<<<<<  2c3c3c3c3c3c3c3c3c3c3c3c3c3c3c3c
       456  <<<<<<<<,<<<<<<<  3c3c3c3c3c3c3c3c2c3c3c3c3c3c3c3c
       455  <<,<<<<<<<<<<<<<  3c3c2c3c3c3c3c3c3c3c3c3c3c3c3c3c
       450  <<<<<<<<<<<<<,<<  3c3c3c3c3c3c3c3c3c3c3c3c3c2c3c3c
       449  <<<<<<<<<,<<<<<<  3c3c3c3c3c3c3c3c3c2c3c3c3c3c3c3c
       449  <<<<<<<,<<<<<<<<  3c3c3c3c3c3c3c2c3c3c3c3c3c3c3c3c
       448  <,<<<<<<<<<<<<<<  3c2c3c3c3c3c3c3c3c3c3c3c3c3c3c3c
# epoch 7050  H=1.4229 C=1.3419 HO=0.0810  A(t)=907
     19161  <<<<<<<<<<<<<<<<  3c3c3c3c3c3c3c3c3c3c3c3c3c3c3c3c
       849  ,,,,,,,,,,,,,,,,  2c2c2c2c2c2c2c2c2c2c2c2c2c2c2c2c
       461  <<<<<<<<<<<<<<<,  3c3c3c3c3c3c3c3c3c3c3c3c3c3c3c2c
       457  <<<<<<,<<<<<<<<<  3c3c3c3c3c3c2c3c3c3c3c3c3c3c3c3c
       457  ,<<<<<<<<<<<<<<<  2c3c3c3c3c3c3c3c3c3c3c3c3c3c3c3c
       448  <,<<<<<<<<<<<<<<  3c2c3c3c3c3c3c3c3c3c3c3c3c3c3c3c
       444  <<<<<<<<<<<<<<,<  3c3c3c3c3c3c3c3c3c3c3c3c3c3c2c3c
       438  <<<<<,<<<<<<<<<<  3c3c3c3c3c2c3c3c3c3c3c3c3c3c3c3c
       435  <<<<<<<,<<<<<<<<  3c3c3c3c3c3c3c2c3c3c3c3c3c3c3c3c
       434  <<,<<<<<<<<<<<<<  3c3c2c3c3c3c3c3c3c3c3c3c3c3c3c3c
# epoch 7100  H=1.3822 C=1.2974 HO=0.0849  A(t)=909
     19931  <<<<<<<<<<<<<<<<  3c3c3c3c3c3c3c3c3c3c3c3c3c3c3c3c
       842  ,,,,,,,,,,,,,,,,  2c2c2c2c2c2c2c2c2c2c2c2c2c2c2c2c
       464  <<<<<<<<<<<<<<<,  3c3c3c3c3c3c3c3c3c3c3c3c3c3c3c2c
       459  <,<<<<<<<<<<<<<<  3c2c3c3c3c3c3c3c3c3c3c3c3c3c3c3c
       458  ,<<<<<<<<<<<<<<<  2c3c3c3c3c3c3c3c3c3c3c3c3c3c3c3c
       453  <<,<<<<<<<<<<<<<  3c3c2c3c3c3c3c3c3c3c3c3c3c3c3c3c
       451  <<<<<<<<<<<<<<,<  3c3c3c3c3c3c3c3c3c3c3c3c3c3c2c3c
       439  <<<<<<<<<<<<<,<<  3c3c3c3c3c3c3c3c3c3c3c3c3c2c3c3c
       436  <<<<<<,<<<<<<<<<  3c3c3c3c3c3c2c3c3c3c3c3c3c3c3c3c
       432  <<<,<<<<<<<<<<<<  3c3c3c2c3c3c3c3c3c3c3c3c3c3c3c3c
# epoch 7150  H=1.2891 C=1.2219 HO=0.0672  A(t)=909
     21394  <<<<<<<<<<<<<<<<  3c3c3c3c3c3c3c3c3c3c3c3c3c3c3c3c
       925  ,,,,,,,,,,,,,,,,  2c2c2c2c2c2c2c2c2c2c2c2c2c2c2c2c
       465  <<<<<<<<<<<<<<<,  3c3c3c3c3c3c3c3c3c3c3c3c3c3c3c2c
       451  ,<<<<<<<<<<<<<<<  2c3c3c3c3c3c3c3c3c3c3c3c3c3c3c3c
       443  <,<<<<<<<<<<<<<<  3c2c3c3c3c3c3c3c3c3c3c3c3c3c3c3c
       440  <<<<<<<<<<<<<,<<  3c3c3c3c3c3c3c3c3c3c3c3c3c2c3c3c
       438  <<<<<<<<<<<<<<,<  3c3c3c3c3c3c3c3c3c3c3c3c3c3c2c3c
       436  <<,<<<<<<<<<<<<<  3c3c2c3c3c3c3c3c3c3c3c3c3c3c3c3c
       434  <<<<<<<<<<,<<<<<  3c3c3c3c3c3c3c3c3c3c2c3c3c3c3c3c
       434  <<<<<<<,<<<<<<<<  3c3c3c3c3c3c3c2c3c3c3c3c3c3c3c3c
# epoch 7200  H=1.3427 C=1.2876 HO=0.0551  A(t)=911
     19235  <<<<<<<<<<<<<<<<  3c3c3c3c3c3c3c3c3c3c3c3c3c3c3c3c
       848  ,,,,,,,,,,,,,,,,  2c2c2c2c2c2c2c2c2c2c2c2c2c2c2c2c
       509  <<<<<<<<<<<<<<<,  3c3c3c3c3c3c3c3c3c3c3c3c3c3c3c2c
       503  ,<<<<<<<<<<<<<<<  2c3c3c3c3c3c3c3c3c3c3c3c3c3c3c3c
       495  <,<<<<<<<<<<<<<<  3c2c3c3c3c3c3c3c3c3c3c3c3c3c3c3c
       486  <<<<,<<<<<<<<<<<  3c3c3c3c2c3c3c3c3c3c3c3c3c3c3c3c
       486  <<<,<<<<<<<<<<<<  3c3c3c2c3c3c3c3c3c3c3c3c3c3c3c3c
       484  <<<<<<<<<<<<<<,<  3c3c3c3c3c3c3c3c3c3c3c3c3c3c2c3c
       482  <<<<<,<<<<<<<<<<  3c3c3c3c3c2c3c3c3c3c3c3c3c3c3c3c
       482  <<,<<<<<<<<<<<<<  3c3c2c3c3c3c3c3c3c3c3c3c3c3c3c3c
# epoch 7250  H=1.3546 C=1.3019 HO=0.0527  A(t)=911
     19178  <<<<<<<<<<<<<<<<  3c3c3c3c3c3c3c3c3c3c3c3c3c3c3c3c
       859  ,,,,,,,,,,,,,,,,  2c2c2c2c2c2c2c2c2c2c2c2c2c2c2c2c
       477  <<<<<<<<<<<<<<<,  3c3c3c3c3c3c3c3c3c3c3c3c3c3c3c2c
       471  <,<<<<<<<<<<<<<<  3c2c3c3c3c3c3c3c3c3c3c3c3c3c3c3c
       470  <<<<<<<<<<<<<<,<  3c3c3c3c3c3c3c3c3c3c3c3c3c3c2c3c
       467  <<<<<<<<<<<<<,<<  3c3c3c3c3c3c3c3c3c3c3c3c3c2c3c3c
       464  ,<<<<<<<<<<<<<<<  2c3c3c3c3c3c3c3c3c3c3c3c3c3c3c3c
       456  <<,<<<<<<<<<<<<<  3c3c2c3c3c3c3c3c3c3c3c3c3c3c3c3c
       446  <<<<<<<<<<<<,<<<  3c3c3c3c3c3c3c3c3c3c3c3c2c3c3c3c
       442  <<<<<<<,<<<<<<<<  3c3c3c3c3c3c3c2c3c3c3c3c3c3c3c3c
# epoch 7300  H=1.4247 C=1.3309 HO=0.0937  A(t)=920
     19856  <<<<<<<<<<<<<<<<  3c3c3c3c3c3c3c3c3c3c3c3c3c3c3c3c
       601  ,,,,,,,,,,,,,,,,  2c2c2c2c2c2c2c2c2c2c2c2c2c2c2c2c
       476  <<<<<<<<<<<<<<<,  3c3c3c3c3c3c3c3c3c3c3c3c3c3c3c2c
       458  <<<<<<<<<<<<<<,<  3c3c3c3c3c3c3c3c3c3c3c3c3c3c2c3c
       454  ,<<<<<<<<<<<<<<<  2c3c3c3c3c3c3c3c3c3c3c3c3c3c3c3c
       446  <,<<<<<<<<<<<<<<  3c2c3c3c3c3c3c3c3c3c3c3c3c3c3c3c
       445  <<,<<<<<<<<<<<<<  3c3c2c3c3c3c3c3c3c3c3c3c3c3c3c3c
       443  <<<<<<<<<<<<<,<<  3c3c3c3c3c3c3c3c3c3c3c3c3c2c3c3c
       423  <<<,<<<<<<<<<<<<  3c3c3c2c3c3c3c3c3c3c3c3c3c3c3c3c
       422  <<<<,<<<<<<<<<<<  3c3c3c3c2c3c3c3c3c3c3c3c3c3c3c3c
# epoch 7350  H=1.3237 C=1.2566 HO=0.0671  A(t)=924
     20788  <<<<<<<<<<<<<<<<  3c3c3c3c3c3c3c3c3c3c3c3c3c3c3c3c
       793  ,,,,,,,,,,,,,,,,  2c2c2c2c2c2c2c2c2c2c2c2c2c2c2c2c
       491  <<<<<<<<<<<<<<<,  3c3c3c3c3c3c3c3c3c3c3c3c3c3c3c2c
       478  ,<<<<<<<<<<<<<<<  2c3c3c3c3c3c3c3c3c3c3c3c3c3c3c3c
       462  <<<<<<<<<<<<<<,<  3c3c3c3c3c3c3c3c3c3c3c3c3c3c2c3c
       451  <,<<<<<<<<<<<<<<  3c2c3c3c3c3c3c3c3c3c3c3c3c3c3c3c
       441  <<<<<<<<<<<<<,<<  3c3c3c3c3c3c3c3c3c3c3c3c3c2c3c3c
       439  <<<<,<<<<<<<<<<<  3c3c3c3c2c3c3c3c3c3c3c3c3c3c3c3c
       433  <<,<<<<<<<<<<<<<  3c3c2c3c3c3c3c3c3c3c3c3c3c3c3c3c
       430  <<<<<<<<<<<,<<<<  3c3c3c3c3c3c3c3c3c3c3c2c3c3c3c3c
# epoch 7400  H=1.2854 C=1.2551 HO=0.0303  A(t)=933
     20745  <<<<<<<<<<<<<<<<  3c3c3c3c3c3c3c3c3c3c3c3c3c3c3c3c
       631  ,,,,,,,,,,,,,,,,  2c2c2c2c2c2c2c2c2c2c2c2c2c2c2c2c
       476  <<<<<<<<<<<<<<<,  3c3c3c3c3c3c3c3c3c3c3c3c3c3c3c2c
       461  <<<<<<<<<<<<,<<<  3c3c3c3c3c3c3c3c3c3c3c3c2c3c3c3c
       459  <<<<<<<<<<<<<,<<  3c3c3c3c3c3c3c3c3c3c3c3c3c2c3c3c
       453  <<<<<<<<<<<<<<,<  3c3c3c3c3c3c3c3c3c3c3c3c3c3c2c3c
       451  ,<<<<<<<<<<<<<<<  2c3c3c3c3c3c3c3c3c3c3c3c3c3c3c3c
       444  <,<<<<<<<<<<<<<<  3c2c3c3c3c3c3c3c3c3c3c3c3c3c3c3c
       443  <<<<<<<<<<<,<<<<  3c3c3c3c3c3c3c3c3c3c3c2c3c3c3c3c
       435  <<<<<<,<<<<<<<<<  3c3c3c3c3c3c2c3c3c3c3c3c3c3c3c3c
# epoch 7450  H=1.4178 C=1.3088 HO=0.1089  A(t)=935
     20091  <<<<<<<<<<<<<<<<  3c3c3c3c3c3c3c3c3c3c3c3c3c3c3c3c
       668  ,,,,,,,,,,,,,,,,  2c2c2c2c2c2c2c2c2c2c2c2c2c2c2c2c
       472  ,<<<<<<<<<<<<<<<  2c3c3c3c3c3c3c3c3c3c3c3c3c3c3c3c
       471  <<<<<<<<<<<<<<<,  3c3c3c3c3c3c3c3c3c3c3c3c3c3c3c2c
       445  <<<<<<<<<<<<<<,<  3c3c3c3c3c3c3c3c3c3c3c3c3c3c2c3c
       441  <<,<<<<<<<<<<<<<  3c3c2c3c3c3c3c3c3c3c3c3c3c3c3c3c
       440  <,<<<<<<<<<<<<<<  3c2c3c3c3c3c3c3c3c3c3c3c3c3c3c3c
       439  <<<<<<<<<<<<<,<<  3c3c3c3c3c3c3c3c3c3c3c3c3c2c3c3c
       436  <<<<<<<<<<<<,<<<  3c3c3c3c3c3c3c3c3c3c3c3c2c3c3c3c
       431  <<<<<<<<<<<,<<<<  3c3c3c3c3c3c3c3c3c3c3c2c3c3c3c3c
# epoch 7500  H=1.3862 C=1.2759 HO=0.1103  A(t)=935
     20569  <<<<<<<<<<<<<<<<  3c3c3c3c3c3c3c3c3c3c3c3c3c3c3c3c
       910  ,,,,,,,,,,,,,,,,  2c2c2c2c2c2c2c2c2c2c2c2c2c2c2c2c
       446  <<<<<<<<<<<<<<<,  3c3c3c3c3c3c3c3c3c3c3c3c3c3c3c2c
       431  ,<<<<<<<<<<<<<<<  2c3c3c3c3c3c3c3c3c3c3c3c3c3c3c3c
       423  <<<<<<<<<<<<<<,<  3c3c3c3c3c3c3c3c3c3c3c3c3c3c2c3c
       422  <,<<<<<<<<<<<<<<  3c2c3c3c3c3c3c3c3c3c3c3c3c3c3c3c
       400  <<,<<<<<<<<<<<<<  3c3c2c3c3c3c3c3c3c3c3c3c3c3c3c3c
       394  <<<<<<<<<<<<<,<<  3c3c3c3c3c3c3c3c3c3c3c3c3c2c3c3c
       384  <<<,<<<<<<<<<<<<  3c3c3c2c3c3c3c3c3c3c3c3c3c3c3c3c
       381  <<<<<<<<<<<<,<<<  3c3c3c3c3c3c3c3c3c3c3c3c2c3c3c3c
# epoch 7550  H=1.2007 C=1.1953 HO=0.0054  A(t)=943
     21185  <<<<<<<<<<<<<<<<  3c3c3c3c3c3c3c3c3c3c3c3c3c3c3c3c
       526  <<<<<<<<<<<<<<<,  3c3c3c3c3c3c3c3c3c3c3c3c3c3c3c2c
       524  ,<<<<<<<<<<<<<<<  2c3c3c3c3c3c3c3c3c3c3c3c3c3c3c3c
       513  <<,<<<<<<<<<<<<<  3c3c2c3c3c3c3c3c3c3c3c3c3c3c3c3c
       507  <,<<<<<<<<<<<<<<  3c2c3c3c3c3c3c3c3c3c3c3c3c3c3c3c
       506  <<<<<<<<<<<<<<,<  3c3c3c3c3c3c3c3c3c3c3c3c3c3c2c3c
       497  <<<,<<<<<<<<<<<<  3c3c3c2c3c3c3c3c3c3c3c3c3c3c3c3c
       494  <<<<,<<<<<<<<<<<  3c3c3c3c2c3c3c3c3c3c3c3c3c3c3c3c
       489  <<<<<<<<<<<<<,<<  3c3c3c3c3c3c3c3c3c3c3c3c3c2c3c3c
       483  <<<<<<<<<<<<,<<<  3c3c3c3c3c3c3c3c3c3c3c3c2c3c3c3c
# epoch 7600  H=1.1863 C=1.1749 HO=0.0113  A(t)=948
     21289  <<<<<<<<<<<<<<<<  3c3c3c3c3c3c3c3c3c3c3c3c3c3c3c3c
       842  ,,,,,,,,,,,,,,,,  2c2c2c2c2c2c2c2c2c2c2c2c2c2c2c2c
       522  <<<<<<<<<<<<<<<,  3c3c3c3c3c3c3c3c3c3c3c3c3c3c3c2c
       506  <<<<<<<<<<<<<<,<  3c3c3c3c3c3c3c3c3c3c3c3c3c3c2c3c
       506  <,<<<<<<<<<<<<<<  3c2c3c3c3c3c3c3c3c3c3c3c3c3c3c3c
       501  ,<<<<<<<<<<<<<<<  2c3c3c3c3c3c3c3c3c3c3c3c3c3c3c3c
       497  <<<<<<<<,<<<<<<<  3c3c3c3c3c3c3c3c2c3c3c3c3c3c3c3c
       496  <<<<<<<<<<<<,<<<  3c3c3c3c3c3c3c3c3c3c3c3c2c3c3c3c
       491  <<<<<<,<<<<<<<<<  3c3c3c3c3c3c2c3c3c3c3c3c3c3c3c3c
       490  <<<<<,<<<<<<<<<<  3c3c3c3c3c2c3c3c3c3c3c3c3c3c3c3c
# epoch 7650  H=1.2417 C=1.2003 HO=0.0414  A(t)=951
     19787  <<<<<<<<<<<<<<<<  3c3c3c3c3c3c3c3c3c3c3c3c3c3c3c3c
       786  ,,,,,,,,,,,,,,,,  2c2c2c2c2c2c2c2c2c2c2c2c2c2c2c2c
       537  <<<<<<<<<<<<<<<,  3c3c3c3c3c3c3c3c3c3c3c3c3c3c3c2c
       516  <<<<<<<<<<<<<<,<  3c3c3c3c3c3c3c3c3c3c3c3c3c3c2c3c
       508  ,<<<<<<<<<<<<<<<  2c3c3c3c3c3c3c3c3c3c3c3c3c3c3c3c
       504  <,<<<<<<<<<<<<<<  3c2c3c3c3c3c3c3c3c3c3c3c3c3c3c3c
       501  <<<<<<<<<<<<<,<<  3c3c3c3c3c3c3c3c3c3c3c3c3c2c3c3c
       491  <<<<<<<<<<<<,<<<  3c3c3c3c3c3c3c3c3c3c3c3c2c3c3c3c
       489  <<,<<<<<<<<<<<<<  3c3c2c3c3c3c3c3c3c3c3c3c3c3c3c3c
       477  <<<,<<<<<<<<<<<<  3c3c3c2c3c3c3c3c3c3c3c3c3c3c3c3c
# epoch 7700  H=1.1984 C=1.1785 HO=0.0200  A(t)=952
     21624  <<<<<<<<<<<<<<<<  3c3c3c3c3c3c3c3c3c3c3c3c3c3c3c3c
       621  ,,,,,,,,,,,,,,,,  2c2c2c2c2c2c2c2c2c2c2c2c2c2c2c2c
       518  <<<<<<<<<<<<<<<,  3c3c3c3c3c3c3c3c3c3c3c3c3c3c3c2c
       506  ,<<<<<<<<<<<<<<<  2c3c3c3c3c3c3c3c3c3c3c3c3c3c3c3c
       499  <,<<<<<<<<<<<<<<  3c2c3c3c3c3c3c3c3c3c3c3c3c3c3c3c
       494  <<,<<<<<<<<<<<<<  3c3c2c3c3c3c3c3c3c3c3c3c3c3c3c3c
       493  <<<<<<<<<<<<<<,<  3c3c3c3c3c3c3c3c3c3c3c3c3c3c2c3c
       490  <<<<<<<<<<<<<,<<  3c3c3c3c3c3c3c3c3c3c3c3c3c2c3c3c
       486  <<<<<<<<<<<<,<<<  3c3c3c3c3c3c3c3c3c3c3c3c2c3c3c3c
       485  <<<,<<<<<<<<<<<<  3c3c3c2c3c3c3c3c3c3c3c3c3c3c3c3c
# epoch 7750  H=1.2444 C=1.2058 HO=0.0386  A(t)=953
     19883  <<<<<<<<<<<<<<<<  3c3c3c3c3c3c3c3c3c3c3c3c3c3c3c3c
       538  ,,,,,,,,,,,,,,,,  2c2c2c2c2c2c2c2c2c2c2c2c2c2c2c2c
       533  <<<<<<<<<<<<<<<,  3c3c3c3c3c3c3c3c3c3c3c3c3c3c3c2c
       519  <<<<<<<<<<<<<<,<  3c3c3c3c3c3c3c3c3c3c3c3c3c3c2c3c
       515  <<<<<<<<<<,<<<<<  3c3c3c3c3c3c3c3c3c3c2c3c3c3c3c3c
       515  <<<<<<<<<,<<<<<<  3c3c3c3c3c3c3c3c3c2c3c3c3c3c3c3c
       512  <<<<<<<<<<<<,<<<  3c3c3c3c3c3c3c3c3c3c3c3c2c3c3c3c
       511  <<<<<<<<<<<<<,<<  3c3c3c3c3c3c3c3c3c3c3c3c3c2c3c3c
       508  ,<<<<<<<<<<<<<<<  2c3c3c3c3c3c3c3c3c3c3c3c3c3c3c3c
       507  <<<<<<<<<<<,<<<<  3c3c3c3c3c3c3c3c3c3c3c2c3c3c3c3c
# epoch 7800  H=1.2984 C=1.1984 HO=0.1001  A(t)=955
     20801  <<<<<<<<<<<<<<<<  3c3c3c3c3c3c3c3c3c3c3c3c3c3c3c3c
       727  ,,,,,,,,,,,,,,,,  2c2c2c2c2c2c2c2c2c2c2c2c2c2c2c2c
       509  <<<<<<<<<<<<<<<,  3c3c3c3c3c3c3c3c3c3c3c3c3c3c3c2c
       507  <<<<<<<<<<<<<<,<  3c3c3c3c3c3c3c3c3c3c3c3c3c3c2c3c
       493  ,<<<<<<<<<<<<<<<  2c3c3c3c3c3c3c3c3c3c3c3c3c3c3c3c
       492  <,<<<<<<<<<<<<<<  3c2c3c3c3c3c3c3c3c3c3c3c3c3c3c3c
       486  <<<<<<<<<<<<<,<<  3c3c3c3c3c3c3c3c3c3c3c3c3c2c3c3c
       478  <<,<<<<<<<<<<<<<  3c3c2c3c3c3c3c3c3c3c3c3c3c3c3c3c
       457  <<<<<<<<<<<<,<<<  3c3c3c3c3c3c3c3c3c3c3c3c2c3c3c3c
       455  <<<<<<<<<<<,<<<<  3c3c3c3c3c3c3c3c3c3c3c2c3c3c3c3c
# epoch 7850  H=1.2144 C=1.1450 HO=0.0694  A(t)=956
     21384  <<<<<<<<<<<<<<<<  3c3c3c3c3c3c3c3c3c3c3c3c3c3c3c3c
       521  <<<<<<<<<<<<<<<,  3c3c3c3c3c3c3c3c3c3c3c3c3c3c3c2c
       511  ,<<<<<<<<<<<<<<<  2c3c3c3c3c3c3c3c3c3c3c3c3c3c3c3c
       510  <<<<<<<<<<<<<<,<  3c3c3c3c3c3c3c3c3c3c3c3c3c3c2c3c
       510  <<<<<<,<<<<<<<<<  3c3c3c3c3c3c2c3c3c3c3c3c3c3c3c3c
       508  <<,<<<<<<<<<<<<<  3c3c2c3c3c3c3c3c3c3c3c3c3c3c3c3c
       507  <<<<<<<,<<<<<<<<  3c3c3c3c3c3c3c2c3c3c3c3c3c3c3c3c
       507  <,<<<<<<<<<<<<<<  3c2c3c3c3c3c3c3c3c3c3c3c3c3c3c3c
       506  <<<<<,<<<<<<<<<<  3c3c3c3c3c2c3c3c3c3c3c3c3c3c3c3c
       505  <<<,<<<<<<<<<<<<  3c3c3c2c3c3c3c3c3c3c3c3c3c3c3c3c
# epoch 7900  H=1.1417 C=1.0847 HO=0.0569  A(t)=956
     23245  <<<<<<<<<<<<<<<<  3c3c3c3c3c3c3c3c3c3c3c3c3c3c3c3c
       584  <<<<<<<<<<<<<<<,  3c3c3c3c3c3c3c3c3c3c3c3c3c3c3c2c
       570  <<<<<<<<<<<<<<,<  3c3c3c3c3c3c3c3c3c3c3c3c3c3c2c3c
       570  ,<<<<<<<<<<<<<<<  2c3c3c3c3c3c3c3c3c3c3c3c3c3c3c3c
       569  <<,<<<<<<<<<<<<<  3c3c2c3c3c3c3c3c3c3c3c3c3c3c3c3c
       562  <<<<<<<<<<<<<,<<  3c3c3c3c3c3c3c3c3c3c3c3c3c2c3c3c
       551  <,<<<<<<<<<<<<<<  3c2c3c3c3c3c3c3c3c3c3c3c3c3c3c3c
       547  <<<<<<,<<<<<<<<<  3c3c3c3c3c3c2c3c3c3c3c3c3c3c3c3c
       546  <<<<<<<<<<<<,<<<  3c3c3c3c3c3c3c3c3c3c3c3c2c3c3c3c
       544  <<<<<<<<<<<,<<<<  3c3c3c3c3c3c3c3c3c3c3c2c3c3c3c3c
# epoch 7950  H=1.1561 C=1.0758 HO=0.0803  A(t)=962
     23391  <<<<<<<<<<<<<<<<  3c3c3c3c3c3c3c3c3c3c3c3c3c3c3c3c
       835  ,,,,,,,,,,,,,,,,  2c2c2c2c2c2c2c2c2c2c2c2c2c2c2c2c
       533  <<<<<<<<<<<<<<<,  3c3c3c3c3c3c3c3c3c3c3c3c3c3c3c2c
       524  ,<<<<<<<<<<<<<<<  2c3c3c3c3c3c3c3c3c3c3c3c3c3c3c3c
       506  <<,<<<<<<<<<<<<<  3c3c2c3c3c3c3c3c3c3c3c3c3c3c3c3c
       506  <,<<<<<<<<<<<<<<  3c2c3c3c3c3c3c3c3c3c3c3c3c3c3c3c
       498  <<<,<<<<<<<<<<<<  3c3c3c2c3c3c3c3c3c3c3c3c3c3c3c3c
       497  <<<<<<<<<<<<<<,<  3c3c3c3c3c3c3c3c3c3c3c3c3c3c2c3c
       489  <<<<<<,<<<<<<<<<  3c3c3c3c3c3c2c3c3c3c3c3c3c3c3c3c
       484  <<<<,<<<<<<<<<<<  3c3c3c3c2c3c3c3c3c3c3c3c3c3c3c3c
# epoch 8000  H=1.1808 C=1.1439 HO=0.0369  A(t)=963
     21228  <<<<<<<<<<<<<<<<  3c3c3c3c3c3c3c3c3c3c3c3c3c3c3c3c
       614  ,,,,,,,,,,,,,,,,  2c2c2c2c2c2c2c2c2c2c2c2c2c2c2c2c
       538  <<<<<<<<<<<<<<<,  3c3c3c3c3c3c3c3c3c3c3c3c3c3c3c2c
       523  <<<<<<<<<<<<<<,<  3c3c3c3c3c3c3c3c3c3c3c3c3c3c2c3c
       516  <,<<<<<<<<<<<<<<  3c2c3c3c3c3c3c3c3c3c3c3c3c3c3c3c
       515  ,<<<<<<<<<<<<<<<  2c3c3c3c3c3c3c3c3c3c3c3c3c3c3c3c
       502  <<<<<<<<<<<<<,<<  3c3c3c3c3c3c3c3c3c3c3c3c3c2c3c3c
       499  <<<<<<<<<<<<,<<<  3c3c3c3c3c3c3c3c3c3c3c3c2c3c3c3c
       490  <<<<<<<<<<<,<<<<  3c3c3c3c3c3c3c3c3c3c3c2c3c3c3c3c
       489  <<,<<<<<<<<<<<<<  3c3c2c3c3c3c3c3c3c3c3c3c3c3c3c3c
# epoch 8050  H=1.1436 C=1.0927 HO=0.0509  A(t)=963
     22370  <<<<<<<<<<<<<<<<  3c3c3c3c3c3c3c3c3c3c3c3c3c3c3c3c
       670  ,,,,,,,,,,,,,,,,  2c2c2c2c2c2c2c2c2c2c2c2c2c2c2c2c
       572  <<<<<<<<<<<<<<<,  3c3c3c3c3c3c3c3c3c3c3c3c3c3c3c2c
       557  <<<<<<<<<<<<<<,<  3c3c3c3c3c3c3c3c3c3c3c3c3c3c2c3c
       550  ,<<<<<<<<<<<<<<<  2c3c3c3c3c3c3c3c3c3c3c3c3c3c3c3c
       540  <<<<<<<<<<<<<,<<  3c3c3c3c3c3c3c3c3c3c3c3c3c2c3c3c
       538  <,<<<<<<<<<<<<<<  3c2c3c3c3c3c3c3c3c3c3c3c3c3c3c3c
       528  <<,<<<<<<<<<<<<<  3c3c2c3c3c3c3c3c3c3c3c3c3c3c3c3c
       511  <<<,<<<<<<<<<<<<  3c3c3c2c3c3c3c3c3c3c3c3c3c3c3c3c
       509  <<<<<<<<<<<<,<<<  3c3c3c3c3c3c3c3c3c3c3c3c2c3c3c3c
# epoch 8100  H=1.1294 C=1.0905 HO=0.0389  A(t)=965
     22752  <<<<<<<<<<<<<<<<  3c3c3c3c3c3c3c3c3c3c3c3c3c3c3c3c
       644  ,,,,,,,,,,,,,,,,  2c2c2c2c2c2c2c2c2c2c2c2c2c2c2c2c
       567  <<<<<<<<<<<<<<<,  3c3c3c3c3c3c3c3c3c3c3c3c3c3c3c2c
       561  ,<<<<<<<<<<<<<<<  2c3c3c3c3c3c3c3c3c3c3c3c3c3c3c3c
       539  <<<<<<<<<<<<<<,<  3c3c3c3c3c3c3c3c3c3c3c3c3c3c2c3c
       533  <,<<<<<<<<<<<<<<  3c2c3c3c3c3c3c3c3c3c3c3c3c3c3c3c
       526  <<<<<<<<<<<<<,<<  3c3c3c3c3c3c3c3c3c3c3c3c3c2c3c3c
       521  <<,<<<<<<<<<<<<<  3c3c2c3c3c3c3c3c3c3c3c3c3c3c3c3c
       512  <<<<,<<<<<<<<<<<  3c3c3c3c2c3c3c3c3c3c3c3c3c3c3c3c
       510  <<<,<<<<<<<<<<<<  3c3c3c2c3c3c3c3c3c3c3c3c3c3c3c3c
# epoch 8150  H=1.1991 C=1.1342 HO=0.0650  A(t)=965
     20695  <<<<<<<<<<<<<<<<  3c3c3c3c3c3c3c3c3c3c3c3c3c3c3c3c
      1041  ,,,,,,,,,,,,,,,,  2c2c2c2c2c2c2c2c2c2c2c2c2c2c2c2c
       532  <<<<<<<<<<<<<<<,  3c3c3c3c3c3c3c3c3c3c3c3c3c3c3c2c
       528  <<<<<<<<<<<<<<,<  3c3c3c3c3c3c3c3c3c3c3c3c3c3c2c3c
       510  <<<<<<<<<<<<<,<<  3c3c3c3c3c3c3c3c3c3c3c3c3c2c3c3c
       509  <,<<<<<<<<<<<<<<  3c2c3c3c3c3c3c3c3c3c3c3c3c3c3c3c
       508  ,<<<<<<<<<<<<<<<  2c3c3c3c3c3c3c3c3c3c3c3c3c3c3c3c
       504  <<,<<<<<<<<<<<<<  3c3c2c3c3c3c3c3c3c3c3c3c3c3c3c3c
       501  <<<<<<<<<<,<<<<<  3c3c3c3c3c3c3c3c3c3c2c3c3c3c3c3c
       498  <<<<<<<<<,<<<<<<  3c3c3c3c3c3c3c3c3c2c3c3c3c3c3c3c
# epoch 8200  H=1.1813 C=1.1416 HO=0.0397  A(t)=965
     19866  <<<<<<<<<<<<<<<<  3c3c3c3c3c3c3c3c3c3c3c3c3c3c3c3c
       881  ,,,,,,,,,,,,,,,,  2c2c2c2c2c2c2c2c2c2c2c2c2c2c2c2c
       545  <<<<<<<<<<<<<<<,  3c3c3c3c3c3c3c3c3c3c3c3c3c3c3c2c
       534  ,<<<<<<<<<<<<<<<  2c3c3c3c3c3c3c3c3c3c3c3c3c3c3c3c
       525  <<<<<<<<<<<<<<,<  3c3c3c3c3c3c3c3c3c3c3c3c3c3c2c3c
       522  <,<<<<<<<<<<<<<<  3c2c3c3c3c3c3c3c3c3c3c3c3c3c3c3c
       513  <<,<<<<<<<<<<<<<  3c3c2c3c3c3c3c3c3c3c3c3c3c3c3c3c
       508  <<<<<<<<<<<<<,<<  3c3c3c3c3c3c3c3c3c3c3c3c3c2c3c3c
       497  <<<<,<<<<<<<<<<<  3c3c3c3c2c3c3c3c3c3c3c3c3c3c3c3c
       497  <<<,<<<<<<<<<<<<  3c3c3c2c3c3c3c3c3c3c3c3c3c3c3c3c
# epoch 8250  H=1.2764 C=1.1617 HO=0.1147  A(t)=965
     21354  <<<<<<<<<<<<<<<<  3c3c3c3c3c3c3c3c3c3c3c3c3c3c3c3c
       999  ,,,,,,,,,,,,,,,,  2c2c2c2c2c2c2c2c2c2c2c2c2c2c2c2c
       539  <<<<<<<<<<<<<<<,  3c3c3c3c3c3c3c3c3c3c3c3c3c3c3c2c
       535  <<<<<<<<<,<<<<<<  3c3c3c3c3c3c3c3c3c2c3c3c3c3c3c3c
       531  ,<<<<<<<<<<<<<<<  2c3c3c3c3c3c3c3c3c3c3c3c3c3c3c3c
       530  <<,<<<<<<<<<<<<<  3c3c2c3c3c3c3c3c3c3c3c3c3c3c3c3c
       530  <,<<<<<<<<<<<<<<  3c2c3c3c3c3c3c3c3c3c3c3c3c3c3c3c
       529  <<<<<<<<,<<<<<<<  3c3c3c3c3c3c3c3c2c3c3c3c3c3c3c3c
       525  <<<<<<<<<<,<<<<<  3c3c3c3c3c3c3c3c3c3c2c3c3c3c3c3c
       525  <<<,<<<<<<<<<<<<  3c3c3c2c3c3c3c3c3c3c3c3c3c3c3c3c
# epoch 8300  H=1.3826 C=1.2516 HO=0.1310  A(t)=973
     22132  <<<<<<<<<<<<<<<<  3c3c3c3c3c3c3c3c3c3c3c3c3c3c3c3c
       680  ,,,,,,,,,,,,,,,,  2c2c2c2c2c2c2c2c2c2c2c2c2c2c2c2c
       529  <<<<<<<<<<<<<<<,  3c3c3c3c3c3c3c3c3c3c3c3c3c3c3c2c
       507  <<<<<<<<<<<<<<,<  3c3c3c3c3c3c3c3c3c3c3c3c3c3c2c3c
       506  ,<<<<<<<<<<<<<<<  2c3c3c3c3c3c3c3c3c3c3c3c3c3c3c3c
       487  <,<<<<<<<<<<<<<<  3c2c3c3c3c3c3c3c3c3c3c3c3c3c3c3c
       479  <<<<<<<<<<<<<,<<  3c3c3c3c3c3c3c3c3c3c3c3c3c2c3c3c
       468  <<,<<<<<<<<<<<<<  3c3c2c3c3c3c3c3c3c3c3c3c3c3c3c3c
       463  <<<<<<<<<,<<<<<<  3c3c3c3c3c3c3c3c3c2c3c3c3c3c3c3c
       460  <<<<<<,<<<<<<<<<  3c3c3c3c3c3c2c3c3c3c3c3c3c3c3c3c
# epoch 8350  H=1.4826 C=1.3322 HO=0.1504  A(t)=976
     20060  <<<<<<<<<<<<<<<<  3c3c3c3c3c3c3c3c3c3c3c3c3c3c3c3c
       534  ,,,,,,,,,,,,,,,,  2c2c2c2c2c2c2c2c2c2c2c2c2c2c2c2c
       479  <<<<<<<<<<<<<<<,  3c3c3c3c3c3c3c3c3c3c3c3c3c3c3c2c
       464  <<<<<<<<<<<<<<,<  3c3c3c3c3c3c3c3c3c3c3c3c3c3c2c3c
       455  ,<<<<<<<<<<<<<<<  2c3c3c3c3c3c3c3c3c3c3c3c3c3c3c3c
       448  <<<<<<<<<<<<<,<<  3c3c3c3c3c3c3c3c3c3c3c3c3c2c3c3c
       447  <<<<<<,<<<<<<<<<  3c3c3c3c3c3c2c3c3c3c3c3c3c3c3c3c
       447  <,<<<<<<<<<<<<<<  3c2c3c3c3c3c3c3c3c3c3c3c3c3c3c3c
       446  <<<<<<<,<<<<<<<<  3c3c3c3c3c3c3c2c3c3c3c3c3c3c3c3c
       446  <<<<<,<<<<<<<<<<  3c3c3c3c3c2c3c3c3c3c3c3c3c3c3c3c
# epoch 8400  H=1.4425 C=1.3113 HO=0.1312  A(t)=983
     19094  <<<<<<<<<<<<<<<<  3c3c3c3c3c3c3c3c3c3c3c3c3c3c3c3c
       689  ,,,,,,,,,,,,,,,,  2c2c2c2c2c2c2c2c2c2c2c2c2c2c2c2c
       519  <<<<<<<<<<<<<<<,  3c3c3c3c3c3c3c3c3c3c3c3c3c3c3c2c
       499  <<<<<<<<<<<<<<,<  3c3c3c3c3c3c3c3c3c3c3c3c3c3c2c3c
       490  ,<<<<<<<<<<<<<<<  2c3c3c3c3c3c3c3c3c3c3c3c3c3c3c3c
       487  <<<<<<<<<<<<<,<<  3c3c3c3c3c3c3c3c3c3c3c3c3c2c3c3c
       477  <<,<<<<<<<<<<<<<  3c3c2c3c3c3c3c3c3c3c3c3c3c3c3c3c
       477  <,<<<<<<<<<<<<<<  3c2c3c3c3c3c3c3c3c3c3c3c3c3c3c3c
       461  <<<<<<<<<<<<,<<<  3c3c3c3c3c3c3c3c3c3c3c3c2c3c3c3c
       456  <<<,<<<<<<<<<<<<  3c3c3c2c3c3c3c3c3c3c3c3c3c3c3c3c
# epoch 8450  H=1.4448 C=1.3026 HO=0.1422  A(t)=986
     20220  <<<<<<<<<<<<<<<<  3c3c3c3c3c3c3c3c3c3c3c3c3c3c3c3c
       555  ,,,,,,,,,,,,,,,,  2c2c2c2c2c2c2c2c2c2c2c2c2c2c2c2c
       539  <<<<<<<<<<<<<<<,  3c3c3c3c3c3c3c3c3c3c3c3c3c3c3c2c
       537  ,<<<<<<<<<<<<<<<  2c3c3c3c3c3c3c3c3c3c3c3c3c3c3c3c
       527  <<<<<<,<<<<<<<<<  3c3c3c3c3c3c2c3c3c3c3c3c3c3c3c3c
       527  <,<<<<<<<<<<<<<<  3c2c3c3c3c3c3c3c3c3c3c3c3c3c3c3c
       523  <<<<<<<,<<<<<<<<  3c3c3c3c3c3c3c2c3c3c3c3c3c3c3c3c
       520  <<<<<,<<<<<<<<<<  3c3c3c3c3c2c3c3c3c3c3c3c3c3c3c3c
       517  <<<<,<<<<<<<<<<<  3c3c3c3c2c3c3c3c3c3c3c3c3c3c3c3c
       514  <<<<<<<<,<<<<<<<  3c3c3c3c3c3c3c3c2c3c3c3c3c3c3c3c
# epoch 8500  H=1.4024 C=1.2903 HO=0.1121  A(t)=989
     21100  <<<<<<<<<<<<<<<<  3c3c3c3c3c3c3c3c3c3c3c3c3c3c3c3c
       634  ,,,,,,,,,,,,,,,,  2c2c2c2c2c2c2c2c2c2c2c2c2c2c2c2c
       508  <<<<<<<<<<<<<<<,  3c3c3c3c3c3c3c3c3c3c3c3c3c3c3c2c
       499  <<<<<<<<<<<<<<,<  3c3c3c3c3c3c3c3c3c3c3c3c3c3c2c3c
       491  <<<<<<<<<<<<<,<<  3c3c3c3c3c3c3c3c3c3c3c3c3c2c3c3c
       485  ,<<<<<<<<<<<<<<<  2c3c3c3c3c3c3c3c3c3c3c3c3c3c3c3c
       479  <<,<<<<<<<<<<<<<  3c3c2c3c3c3c3c3c3c3c3c3c3c3c3c3c
       477  <,<<<<<<<<<<<<<<  3c2c3c3c3c3c3c3c3c3c3c3c3c3c3c3c
       476  <<<<<<<<<<<<,<<<  3c3c3c3c3c3c3c3c3c3c3c3c2c3c3c3c
       475  <<<,<<<<<<<<<<<<  3c3c3c2c3c3c3c3c3c3c3c3c3c3c3c3c
# epoch 8550  H=1.3663 C=1.2738 HO=0.0925  A(t)=998
     19542  <<<<<<<<<<<<<<<<  3c3c3c3c3c3c3c3c3c3c3c3c3c3c3c3c
       838  ,,,,,,,,,,,,,,,,  2c2c2c2c2c2c2c2c2c2c2c2c2c2c2c2c
       495  <<<<<<<<<<<<<<<,  3c3c3c3c3c3c3c3c3c3c3c3c3c3c3c2c
       486  ,<<<<<<<<<<<<<<<  2c3c3c3c3c3c3c3c3c3c3c3c3c3c3c3c
       484  <<<<<<<<<<<<<<,<  3c3c3c3c3c3c3c3c3c3c3c3c3c3c2c3c
       472  <,<<<<<<<<<<<<<<  3c2c3c3c3c3c3c3c3c3c3c3c3c3c3c3c
       458  <<,<<<<<<<<<<<<<  3c3c2c3c3c3c3c3c3c3c3c3c3c3c3c3c
       457  <<<<<<<<<<<<<,<<  3c3c3c3c3c3c3c3c3c3c3c3c3c2c3c3c
       435  <<<,<<<<<<<<<<<<  3c3c3c2c3c3c3c3c3c3c3c3c3c3c3c3c
       429  <<<<<<<<<<<<,<<<  3c3c3c3c3c3c3c3c3c3c3c3c2c3c3c3c
# epoch 8600  H=1.3316 C=1.2552 HO=0.0763  A(t)=1000
     20102  <<<<<<<<<<<<<<<<  3c3c3c3c3c3c3c3c3c3c3c3c3c3c3c3c
       794  ,,,,,,,,,,,,,,,,  2c2c2c2c2c2c2c2c2c2c2c2c2c2c2c2c
       528  <<<<<<<<<<<<<<<,  3c3c3c3c3c3c3c3c3c3c3c3c3c3c3c2c
       521  ,<<<<<<<<<<<<<<<  2c3c3c3c3c3c3c3c3c3c3c3c3c3c3c3c
       506  <<<<<<<<<<<<<<,<  3c3c3c3c3c3c3c3c3c3c3c3c3c3c2c3c
       494  <,<<<<<<<<<<<<<<  3c2c3c3c3c3c3c3c3c3c3c3c3c3c3c3c
       487  <<<<<<<<<<<<<,<<  3c3c3c3c3c3c3c3c3c3c3c3c3c2c3c3c
       474  <<,<<<<<<<<<<<<<  3c3c2c3c3c3c3c3c3c3c3c3c3c3c3c3c
       473  <<<<<<<<<<<<,<<<  3c3c3c3c3c3c3c3c3c3c3c3c2c3c3c3c
       472  <<<<<<<,<<<<<<<<  3c3c3c3c3c3c3c2c3c3c3c3c3c3c3c3c
# epoch 8650  H=1.2732 C=1.1832 HO=0.0900  A(t)=1000
     21885  <<<<<<<<<<<<<<<<  3c3c3c3c3c3c3c3c3c3c3c3c3c3c3c3c
       781  ,,,,,,,,,,,,,,,,  2c2c2c2c2c2c2c2c2c2c2c2c2c2c2c2c
       528  <<<<<<<<<<<<<<<,  3c3c3c3c3c3c3c3c3c3c3c3c3c3c3c2c
       521  ,<<<<<<<<<<<<<<<  2c3c3c3c3c3c3c3c3c3c3c3c3c3c3c3c
       504  <<<<<<<<<<<<<<,<  3c3c3c3c3c3c3c3c3c3c3c3c3c3c2c3c
       504  <,<<<<<<<<<<<<<<  3c2c3c3c3c3c3c3c3c3c3c3c3c3c3c3c
       494  <<,<<<<<<<<<<<<<  3c3c2c3c3c3c3c3c3c3c3c3c3c3c3c3c
       493  <<<<<<<<<<<<<,<<  3c3c3c3c3c3c3c3c3c3c3c3c3c2c3c3c
       482  <<<<<<<<<<<<,<<<  3c3c3c3c3c3c3c3c3c3c3c3c2c3c3c3c
       480  <<<,<<<<<<<<<<<<  3c3c3c2c3c3c3c3c3c3c3c3c3c3c3c3c
# epoch 8700  H=1.1902 C=1.1705 HO=0.0197  A(t)=1013
     20714  <<<<<<<<<<<<<<<<  3c3c3c3c3c3c3c3c3c3c3c3c3c3c3c3c
       580  <<<<<<<<<<<<<<<,  3c3c3c3c3c3c3c3c3c3c3c3c3c3c3c2c
       564  ,<<<<<<<<<<<<<<<  2c3c3c3c3c3c3c3c3c3c3c3c3c3c3c3c
       558  <<<<<<<<<<<<<<,<  3c3c3c3c3c3c3c3c3c3c3c3c3c3c2c3c
       556  <<<<<<<<<<<<<,<<  3c3c3c3c3c3c3c3c3c3c3c3c3c2c3c3c
       541  <<,<<<<<<<<<<<<<  3c3c2c3c3c3c3c3c3c3c3c3c3c3c3c3c
       530  <,<<<<<<<<<<<<<<  3c2c3c3c3c3c3c3c3c3c3c3c3c3c3c3c
       521  <<<<<<<<<<<<,<<<  3c3c3c3c3c3c3c3c3c3c3c3c2c3c3c3c
       515  <<<,<<<<<<<<<<<<  3c3c3c2c3c3c3c3c3c3c3c3c3c3c3c3c
       508  <<<<<<<<<<<,<<<<  3c3c3c3c3c3c3c3c3c3c3c2c3c3c3c3c
# epoch 8750  H=1.2251 C=1.1815 HO=0.0435  A(t)=1019
     21778  <<<<<<<<<<<<<<<<  3c3c3c3c3c3c3c3c3c3c3c3c3c3c3c3c
       639  ,,,,,,,,,,,,,,,,  2c2c2c2c2c2c2c2c2c2c2c2c2c2c2c2c
       524  <<<<<<<<<<<<<<<,  3c3c3c3c3c3c3c3c3c3c3c3c3c3c3c2c
       514  ,<<<<<<<<<<<<<<<  2c3c3c3c3c3c3c3c3c3c3c3c3c3c3c3c
       500  <,<<<<<<<<<<<<<<  3c2c3c3c3c3c3c3c3c3c3c3c3c3c3c3c
       498  <<,<<<<<<<<<<<<<  3c3c2c3c3c3c3c3c3c3c3c3c3c3c3c3c
       497  <<<<<<<<<<<<<<,<  3c3c3c3c3c3c3c3c3c3c3c3c3c3c2c3c
       492  <<<<<<<<,<<<<<<<  3c3c3c3c3c3c3c3c2c3c3c3c3c3c3c3c
       492  <<<<<<,<<<<<<<<<  3c3c3c3c3c3c2c3c3c3c3c3c3c3c3c3c
       491  <<<<<<<<<<<,<<<<  3c3c3c3c3c3c3c3c3c3c3c2c3c3c3c3c
# epoch 8800  H=1.2825 C=1.2375 HO=0.0449  A(t)=1024
     21716  <<<<<<<<<<<<<<<<  3c3c3c3c3c3c3c3c3c3c3c3c3c3c3c3c
       655  ,,,,,,,,,,,,,,,,  2c2c2c2c2c2c2c2c2c2c2c2c2c2c2c2c
       566  <<<<<<<<<<<<<<<,  3c3c3c3c3c3c3c3c3c3c3c3c3c3c3c2c
       554  ,<<<<<<<<<<<<<<<  2c3c3c3c3c3c3c3c3c3c3c3c3c3c3c3c
       543  <<<<<<<<<<<<<<,<  3c3c3c3c3c3c3c3c3c3c3c3c3c3c2c3c
       537  <,<<<<<<<<<<<<<<  3c2c3c3c3c3c3c3c3c3c3c3c3c3c3c3c
       518  <<,<<<<<<<<<<<<<  3c3c2c3c3c3c3c3c3c3c3c3c3c3c3c3c
       516  <<<<<<<<<<<<<,<<  3c3c3c3c3c3c3c3c3c3c3c3c3c2c3c3c
       484  <<<<<<<<<<<<,<<<  3c3c3c3c3c3c3c3c3c3c3c3c2c3c3c3c
       483  <<<,<<<<<<<<<<<<  3c3c3c2c3c3c3c3c3c3c3c3c3c3c3c3c
# epoch 8850  H=1.2932 C=1.2137 HO=0.0794  A(t)=1025
     21712  <<<<<<<<<<<<<<<<  3c3c3c3c3c3c3c3c3c3c3c3c3c3c3c3c
       765  ,,,,,,,,,,,,,,,,  2c2c2c2c2c2c2c2c2c2c2c2c2c2c2c2c
       500  ,<<<<<<<<<<<<<<<  2c3c3c3c3c3c3c3c3c3c3c3c3c3c3c3c
       496  <,<<<<<<<<<<<<<<  3c2c3c3c3c3c3c3c3c3c3c3c3c3c3c3c
       494  <<,<<<<<<<<<<<<<  3c3c2c3c3c3c3c3c3c3c3c3c3c3c3c3c
       489  <<<<<<<<<<<<<<<,  3c3c3c3c3c3c3c3c3c3c3c3c3c3c3c2c
       487  <<<<,<<<<<<<<<<<  3c3c3c3c2c3c3c3c3c3c3c3c3c3c3c3c
       482  <<<,<<<<<<<<<<<<  3c3c3c2c3c3c3c3c3c3c3c3c3c3c3c3c
       476  <<<<<<<<<<<<<<,<  3c3c3c3c3c3c3c3c3c3c3c3c3c3c2c3c
       475  <<<<<<<<<<<<<,<<  3c3c3c3c3c3c3c3c3c3c3c3c3c2c3c3c
# epoch 8900  H=1.2188 C=1.1653 HO=0.0535  A(t)=1031
     22319  <<<<<<<<<<<<<<<<  3c3c3c3c3c3c3c3c3c3c3c3c3c3c3c3c
       582  ,,,,,,,,,,,,,,,,  2c2c2c2c2c2c2c2c2c2c2c2c2c2c2c2c
       477  <<<<<<<<<<<<<<<,  3c3c3c3c3c3c3c3c3c3c3c3c3c3c3c2c
       470  <<<<<<<<<<<<<,<<  3c3c3c3c3c3c3c3c3c3c3c3c3c2c3c3c
       461  <<<<<<<<<<<<<<,<  3c3c3c3c3c3c3c3c3c3c3c3c3c3c2c3c
       460  <<<<<<<<<<<<,<<<  3c3c3c3c3c3c3c3c3c3c3c3c2c3c3c3c
       457  <<<<<<<<<<,<<<<<  3c3c3c3c3c3c3c3c3c3c2c3c3c3c3c3c
       455  ,<<<<<<<<<<<<<<<  2c3c3c3c3c3c3c3c3c3c3c3c3c3c3c3c
       454  <<,<<<<<<<<<<<<<  3c3c2c3c3c3c3c3c3c3c3c3c3c3c3c3c
       452  <<<<<<<<,<<<<<<<  3c3c3c3c3c3c3c3c2c3c3c3c3c3c3c3c
# epoch 8950  H=1.2698 C=1.2197 HO=0.0501  A(t)=1031
     21668  <<<<<<<<<<<<<<<<  3c3c3c3c3c3c3c3c3c3c3c3c3c3c3c3c
       503  <<<<<<<<<<<<<<<,  3c3c3c3c3c3c3c3c3c3c3c3c3c3c3c2c
       490  <<<<<<<<<<<<<<,<  3c3c3c3c3c3c3c3c3c3c3c3c3c3c2c3c
       482  ,<<<<<<<<<<<<<<<  2c3c3c3c3c3c3c3c3c3c3c3c3c3c3c3c
       475  <<<<<<<<<<<<<,<<  3c3c3c3c3c3c3c3c3c3c3c3c3c2c3c3c
       473  <<<<<<<<<<<,<<<<  3c3c3c3c3c3c3c3c3c3c3c2c3c3c3c3c
       472  <<<<<<<<<<<<,<<<  3c3c3c3c3c3c3c3c3c3c3c3c2c3c3c3c
       467  <<,<<<<<<<<<<<<<  3c3c2c3c3c3c3c3c3c3c3c3c3c3c3c3c
       466  ,,,,,,,,,,,,,,,,  2c2c2c2c2c2c2c2c2c2c2c2c2c2c2c2c
       465  <,<<<<<<<<<<<<<<  3c2c3c3c3c3c3c3c3c3c3c3c3c3c3c3c
# epoch 9000  H=1.2606 C=1.2231 HO=0.0374  A(t)=1031
     20531  <<<<<<<<<<<<<<<<  3c3c3c3c3c3c3c3c3c3c3c3c3c3c3c3c
       565  ,,,,,,,,,,,,,,,,  2c2c2c2c2c2c2c2c2c2c2c2c2c2c2c2c
       495  <<<<<<<<<<<<<<<,  3c3c3c3c3c3c3c3c3c3c3c3c3c3c3c2c
       486  ,<<<<<<<<<<<<<<<  2c3c3c3c3c3c3c3c3c3c3c3c3c3c3c3c
       468  <<<<<<<<<<<<<<,<  3c3c3c3c3c3c3c3c3c3c3c3c3c3c2c3c
       464  <<<<,<<<<<<<<<<<  3c3c3c3c2c3c3c3c3c3c3c3c3c3c3c3c
       464  <,<<<<<<<<<<<<<<  3c2c3c3c3c3c3c3c3c3c3c3c3c3c3c3c
       457  <<<<<,<<<<<<<<<<  3c3c3c3c3c2c3c3c3c3c3c3c3c3c3c3c
       452  <<<<<<<<,<<<<<<<  3c3c3c3c3c3c3c3c2c3c3c3c3c3c3c3c
       449  <<<,<<<<<<<<<<<<  3c3c3c2c3c3c3c3c3c3c3c3c3c3c3c3c
# epoch 9050  H=1.2248 C=1.1992 HO=0.0256  A(t)=1037
     20659  <<<<<<<<<<<<<<<<  3c3c3c3c3c3c3c3c3c3c3c3c3c3c3c3c
       542  ,,,,,,,,,,,,,,,,  2c2c2c2c2c2c2c2c2c2c2c2c2c2c2c2c
       513  <<<<<<<<<<<<<<<,  3c3c3c3c3c3c3c3c3c3c3c3c3c3c3c2c
       495  ,<<<<<<<<<<<<<<<  2c3c3c3c3c3c3c3c3c3c3c3c3c3c3c3c
       481  <<<<<<<<<<<<<<,<  3c3c3c3c3c3c3c3c3c3c3c3c3c3c2c3c
       473  <,<<<<<<<<<<<<<<  3c2c3c3c3c3c3c3c3c3c3c3c3c3c3c3c
       460  <<<<<<<<<<<<<,<<  3c3c3c3c3c3c3c3c3c3c3c3c3c2c3c3c
       460  <<,<<<<<<<<<<<<<  3c3c2c3c3c3c3c3c3c3c3c3c3c3c3c3c
       456  <<<,<<<<<<<<<<<<  3c3c3c2c3c3c3c3c3c3c3c3c3c3c3c3c
       446  <<<<,<<<<<<<<<<<  3c3c3c3c2c3c3c3c3c3c3c3c3c3c3c3c
# epoch 9100  H=1.3184 C=1.2742 HO=0.0442  A(t)=1047
     20687  <<<<<<<<<<<<<<<<  3c3c3c3c3c3c3c3c3c3c3c3c3c3c3c3c
       511  <<<<<<<<<<<<<<<,  3c3c3c3c3c3c3c3c3c3c3c3c3c3c3c2c
       490  ,<<<<<<<<<<<<<<<  2c3c3c3c3c3c3c3c3c3c3c3c3c3c3c3c
       488  <<<<<<<<<<<<<,<<  3c3c3c3c3c3c3c3c3c3c3c3c3c2c3c3c
       486  <<<<<<<<<<<<<<,<  3c3c3c3c3c3c3c3c3c3c3c3c3c3c2c3c
       486  <<<<<<<<<<<<,<<<  3c3c3c3c3c3c3c3c3c3c3c3c2c3c3c3c
       472  <<<<<<<<<<<,<<<<  3c3c3c3c3c3c3c3c3c3c3c2c3c3c3c3c
       471  ,,,,,,,,,,,,,,,,  2c2c2c2c2c2c2c2c2c2c2c2c2c2c2c2c
       470  <<<<<<<<<<,<<<<<  3c3c3c3c3c3c3c3c3c3c2c3c3c3c3c3c
       469  <<<<<<<<,<<<<<<<  3c3c3c3c3c3c3c3c2c3c3c3c3c3c3c3c
# epoch 9150  H=1.3086 C=1.2246 HO=0.0840  A(t)=1060
     21160  <<<<<<<<<<<<<<<<  3c3c3c3c3c3c3c3c3c3c3c3c3c3c3c3c
      1135  ,,,,,,,,,,,,,,,,  2c2c2c2c2c2c2c2c2c2c2c2c2c2c2c2c
       501  <<<<<<<<<<<<<<<,  3c3c3c3c3c3c3c3c3c3c3c3c3c3c3c2c
       488  <<<<<<<<<<<<<<,<  3c3c3c3c3c3c3c3c3c3c3c3c3c3c2c3c
       485  <,<<<<<<<<<<<<<<  3c2c3c3c3c3c3c3c3c3c3c3c3c3c3c3c
       481  ,<<<<<<<<<<<<<<<  2c3c3c3c3c3c3c3c3c3c3c3c3c3c3c3c
       473  <<<<<<<<<<<<<,<<  3c3c3c3c3c3c3c3c3c3c3c3c3c2c3c3c
       470  <<<<<<<<<<<,<<<<  3c3c3c3c3c3c3c3c3c3c3c2c3c3c3c3c
       470  <<<<<<<<<<,<<<<<  3c3c3c3c3c3c3c3c3c3c2c3c3c3c3c3c
       467  <<,<<<<<<<<<<<<<  3c3c2c3c3c3c3c3c3c3c3c3c3c3c3c3c
# epoch 9200  H=1.2615 C=1.2040 HO=0.0575  A(t)=1067
     21331  <<<<<<<<<<<<<<<<  3c3c3c3c3c3c3c3c3c3c3c3c3c3c3c3c
       562  <<<<<<<<<<<<<<<,  3c3c3c3c3c3c3c3c3c3c3c3c3c3c3c2c
       551  <<<<<<<<<<<<<<,<  3c3c3c3c3c3c3c3c3c3c3c3c3c3c2c3c
       537  ,,,,,,,,,,,,,,,,  2c2c2c2c2c2c2c2c2c2c2c2c2c2c2c2c
       535  <<<<<<<<<<<<<,<<  3c3c3c3c3c3c3c3c3c3c3c3c3c2c3c3c
       529  ,<<<<<<<<<<<<<<<  2c3c3c3c3c3c3c3c3c3c3c3c3c3c3c3c
       519  <<<<<<<<<<<<,<<<  3c3c3c3c3c3c3c3c3c3c3c3c2c3c3c3c
       519  <,<<<<<<<<<<<<<<  3c2c3c3c3c3c3c3c3c3c3c3c3c3c3c3c
       512  <<<<<<<<<<<,<<<<  3c3c3c3c3c3c3c3c3c3c3c2c3c3c3c3c
       508  <<<<,<<<<<<<<<<<  3c3c3c3c2c3c3c3c3c3c3c3c3c3c3c3c
# epoch 9250  H=1.1417 C=1.1368 HO=0.0049  A(t)=1069
     22368  <<<<<<<<<<<<<<<<  3c3c3c3c3c3c3c3c3c3c3c3c3c3c3c3c
       548  ,,,,,,,,,,,,,,,,  2c2c2c2c2c2c2c2c2c2c2c2c2c2c2c2c
       519  <<<<<<<,<<<<<<<<  3c3c3c3c3c3c3c2c3c3c3c3c3c3c3c3c
       512  <<<<<<<<<<<<<<<,  3c3c3c3c3c3c3c3c3c3c3c3c3c3c3c2c
       508  <<<<<<,<<<<<<<<<  3c3c3c3c3c3c2c3c3c3c3c3c3c3c3c3c
       507  <<<<<<<<,<<<<<<<  3c3c3c3c3c3c3c3c2c3c3c3c3c3c3c3c
       506  <<<<<<<<<<,<<<<<  3c3c3c3c3c3c3c3c3c3c2c3c3c3c3c3c
       501  <<<<<<<<<<<,<<<<  3c3c3c3c3c3c3c3c3c3c3c2c3c3c3c3c
       501  <<<<<,<<<<<<<<<<  3c3c3c3c3c2c3c3c3c3c3c3c3c3c3c3c
       500  <<<<<<<<<<<<,<<<  3c3c3c3c3c3c3c3c3c3c3c3c2c3c3c3c
# epoch 9300  H=1.1994 C=1.1670 HO=0.0324  A(t)=1069
     20017  <<<<<<<<<<<<<<<<  3c3c3c3c3c3c3c3c3c3c3c3c3c3c3c3c
      1134  ,,,,,,,,,,,,,,,,  2c2c2c2c2c2c2c2c2c2c2c2c2c2c2c2c
       530  <<<<<<<<<<<<<<<,  3c3c3c3c3c3c3c3c3c3c3c3c3c3c3c2c
       510  <<<<<<<<<<<<<<,<  3c3c3c3c3c3c3c3c3c3c3c3c3c3c2c3c
       503  ,<<<<<<<<<<<<<<<  2c3c3c3c3c3c3c3c3c3c3c3c3c3c3c3c
       495  <,<<<<<<<<<<<<<<  3c2c3c3c3c3c3c3c3c3c3c3c3c3c3c3c
       490  <<<<<<<<<<<,<<<<  3c3c3c3c3c3c3c3c3c3c3c2c3c3c3c3c
       489  <<<<<<<<,<<<<<<<  3c3c3c3c3c3c3c3c2c3c3c3c3c3c3c3c
       489  <<<<<<<,<<<<<<<<  3c3c3c3c3c3c3c2c3c3c3c3c3c3c3c3c
       485  <<,<<<<<<<<<<<<<  3c3c2c3c3c3c3c3c3c3c3c3c3c3c3c3c
# epoch 9350  H=1.1349 C=1.1215 HO=0.0135  A(t)=1076
     20808  <<<<<<<<<<<<<<<<  3c3c3c3c3c3c3c3c3c3c3c3c3c3c3c3c
       790  ,,,,,,,,,,,,,,,,  2c2c2c2c2c2c2c2c2c2c2c2c2c2c2c2c
       494  <<<<<<<<<<<<<<<,  3c3c3c3c3c3c3c3c3c3c3c3c3c3c3c2c
       481  <<<<<<<<<<<<<<,<  3c3c3c3c3c3c3c3c3c3c3c3c3c3c2c3c
       481  ,<<<<<<<<<<<<<<<  2c3c3c3c3c3c3c3c3c3c3c3c3c3c3c3c
       480  <<<<<<<<<<<<<,<<  3c3c3c3c3c3c3c3c3c3c3c3c3c2c3c3c
       480  <<,<<<<<<<<<<<<<  3c3c2c3c3c3c3c3c3c3c3c3c3c3c3c3c
       479  <<<<,<<<<<<<<<<<  3c3c3c3c2c3c3c3c3c3c3c3c3c3c3c3c
       476  <<<<<<<,<<<<<<<<  3c3c3c3c3c3c3c2c3c3c3c3c3c3c3c3c
       476  <<<,<<<<<<<<<<<<  3c3c3c2c3c3c3c3c3c3c3c3c3c3c3c3c
# epoch 9400  H=1.1570 C=1.1400 HO=0.0170  A(t)=1079
     21153  <<<<<<<<<<<<<<<<  3c3c3c3c3c3c3c3c3c3c3c3c3c3c3c3c
       695  ,,,,,,,,,,,,,,,,  2c2c2c2c2c2c2c2c2c2c2c2c2c2c2c2c
       521  <<<<<<<<<<<<<<<,  3c3c3c3c3c3c3c3c3c3c3c3c3c3c3c2c
       506  ,<<<<<<<<<<<<<<<  2c3c3c3c3c3c3c3c3c3c3c3c3c3c3c3c
       501  <,<<<<<<<<<<<<<<  3c2c3c3c3c3c3c3c3c3c3c3c3c3c3c3c
       490  <<<<<<<<<<<<<<,<  3c3c3c3c3c3c3c3c3c3c3c3c3c3c2c3c
       488  <<,<<<<<<<<<<<<<  3c3c2c3c3c3c3c3c3c3c3c3c3c3c3c3c
       484  <<<,<<<<<<<<<<<<  3c3c3c2c3c3c3c3c3c3c3c3c3c3c3c3c
       471  <<<<<<,<<<<<<<<<  3c3c3c3c3c3c2c3c3c3c3c3c3c3c3c3c
       469  <<<<,<<<<<<<<<<<  3c3c3c3c2c3c3c3c3c3c3c3c3c3c3c3c
# epoch 9450  H=1.1969 C=1.1779 HO=0.0191  A(t)=1084
     20859  <<<<<<<<<<<<<<<<  3c3c3c3c3c3c3c3c3c3c3c3c3c3c3c3c
       522  <<<<<<<<<<<<<<<,  3c3c3c3c3c3c3c3c3c3c3c3c3c3c3c2c
       514  <<<<<<<,<<<<<<<<  3c3c3c3c3c3c3c2c3c3c3c3c3c3c3c3c
       512  <<,<<<<<<<<<<<<<  3c3c2c3c3c3c3c3c3c3c3c3c3c3c3c3c
       507  <<<<<<<<<<<<<,<<  3c3c3c3c3c3c3c3c3c3c3c3c3c2c3c3c
       507  <<<<<<,<<<<<<<<<  3c3c3c3c3c3c2c3c3c3c3c3c3c3c3c3c
       507  <<<,<<<<<<<<<<<<  3c3c3c2c3c3c3c3c3c3c3c3c3c3c3c3c
       506  <<<<,<<<<<<<<<<<  3c3c3c3c2c3c3c3c3c3c3c3c3c3c3c3c
       505  <<<<<<<<,<<<<<<<  3c3c3c3c3c3c3c3c2c3c3c3c3c3c3c3c
       504  <<<<<,<<<<<<<<<<  3c3c3c3c3c2c3c3c3c3c3c3c3c3c3c3c
# epoch 9500  H=1.3308 C=1.2671 HO=0.0637  A(t)=1085
     19368  <<<<<<<<<<<<<<<<  3c3c3c3c3c3c3c3c3c3c3c3c3c3c3c3c
       497  <<<<<<<<<<<<<<<,  3c3c3c3c3c3c3c3c3c3c3c3c3c3c3c2c
       494  ,<<<<<<<<<<<<<<<  2c3c3c3c3c3c3c3c3c3c3c3c3c3c3c3c
       491  <<<<<<<<<<<<<<,<  3c3c3c3c3c3c3c3c3c3c3c3c3c3c2c3c
       479  <<<<,<<<<<<<<<<<  3c3c3c3c2c3c3c3c3c3c3c3c3c3c3c3c
       479  <<<,<<<<<<<<<<<<  3c3c3c2c3c3c3c3c3c3c3c3c3c3c3c3c
       475  <,<<<<<<<<<<<<<<  3c2c3c3c3c3c3c3c3c3c3c3c3c3c3c3c
       472  <<,<<<<<<<<<<<<<  3c3c2c3c3c3c3c3c3c3c3c3c3c3c3c3c
       471  <<<<<<<<<<<<<,<<  3c3c3c3c3c3c3c3c3c3c3c3c3c2c3c3c
       469  <<<<<<<<<<<<,<<<  3c3c3c3c3c3c3c3c3c3c3c3c2c3c3c3c
# epoch 9550  H=1.3807 C=1.2949 HO=0.0858  A(t)=1085
     19509  <<<<<<<<<<<<<<<<  3c3c3c3c3c3c3c3c3c3c3c3c3c3c3c3c
       742  ,,,,,,,,,,,,,,,,  2c2c2c2c2c2c2c2c2c2c2c2c2c2c2c2c
       506  <<<<<<<<<<<<<<<,  3c3c3c3c3c3c3c3c3c3c3c3c3c3c3c2c
       498  ,<<<<<<<<<<<<<<<  2c3c3c3c3c3c3c3c3c3c3c3c3c3c3c3c
       487  <<<<<<<<<<<<<,<<  3c3c3c3c3c3c3c3c3c3c3c3c3c2c3c3c
       487  <<<<<<<<<<<<,<<<  3c3c3c3c3c3c3c3c3c3c3c3c2c3c3c3c
       485  <<<<<<<<<<,<<<<<  3c3c3c3c3c3c3c3c3c3c2c3c3c3c3c3c
       484  <<<<<<<<<<<<<<,<  3c3c3c3c3c3c3c3c3c3c3c3c3c3c2c3c
       479  <<<<<<<<<<<,<<<<  3c3c3c3c3c3c3c3c3c3c3c2c3c3c3c3c
       472  <<,<<<<<<<<<<<<<  3c3c2c3c3c3c3c3c3c3c3c3c3c3c3c3c
# epoch 9600  H=1.3070 C=1.2523 HO=0.0547  A(t)=1085
     19449  <<<<<<<<<<<<<<<<  3c3c3c3c3c3c3c3c3c3c3c3c3c3c3c3c
       532  <<<<<<<<<<<<<<<,  3c3c3c3c3c3c3c3c3c3c3c3c3c3c3c2c
       518  <<<<<<<<<<<<<<,<  3c3c3c3c3c3c3c3c3c3c3c3c3c3c2c3c
       507  <<<<<<<<<<<<<,<<  3c3c3c3c3c3c3c3c3c3c3c3c3c2c3c3c
       507  ,<<<<<<<<<<<<<<<  2c3c3c3c3c3c3c3c3c3c3c3c3c3c3c3c
       506  <<<<<<<<<<<<,<<<  3c3c3c3c3c3c3c3c3c3c3c3c2c3c3c3c
       501  <<<<<,<<<<<<<<<<  3c3c3c3c3c2c3c3c3c3c3c3c3c3c3c3c
       501  <<<,<<<<<<<<<<<<  3c3c3c2c3c3c3c3c3c3c3c3c3c3c3c3c
       498  <<<<,<<<<<<<<<<<  3c3c3c3c2c3c3c3c3c3c3c3c3c3c3c3c
       497  <,<<<<<<<<<<<<<<  3c2c3c3c3c3c3c3c3c3c3c3c3c3c3c3c
# epoch 9650  H=1.2174 C=1.1604 HO=0.0570  A(t)=1085
     21147  <<<<<<<<<<<<<<<<  3c3c3c3c3c3c3c3c3c3c3c3c3c3c3c3c
       671  ,,,,,,,,,,,,,,,,  2c2c2c2c2c2c2c2c2c2c2c2c2c2c2c2c
       600  <<<<<<<<<<<<<<<,  3c3c3c3c3c3c3c3c3c3c3c3c3c3c3c2c
       583  <<<<<<<<<<<<<<,<  3c3c3c3c3c3c3c3c3c3c3c3c3c3c2c3c
       578  <<<<<<<<,<<<<<<<  3c3c3c3c3c3c3c3c2c3c3c3c3c3c3c3c
       572  <<<<<<<,<<<<<<<<  3c3c3c3c3c3c3c2c3c3c3c3c3c3c3c3c
       572  ,<<<<<<<<<<<<<<<  2c3c3c3c3c3c3c3c3c3c3c3c3c3c3c3c
       561  <,<<<<<<<<<<<<<<  3c2c3c3c3c3c3c3c3c3c3c3c3c3c3c3c
       560  <<<<<<,<<<<<<<<<  3c3c3c3c3c3c2c3c3c3c3c3c3c3c3c3c
       559  <<<<<<<<<,<<<<<<  3c3c3c3c3c3c3c3c3c2c3c3c3c3c3c3c
# epoch 9700  H=1.2144 C=1.1455 HO=0.0689  A(t)=1085
     21277  <<<<<<<<<<<<<<<<  3c3c3c3c3c3c3c3c3c3c3c3c3c3c3c3c
       843  ,,,,,,,,,,,,,,,,  2c2c2c2c2c2c2c2c2c2c2c2c2c2c2c2c
       577  <<<<<<<<<<<<<<<,  3c3c3c3c3c3c3c3c3c3c3c3c3c3c3c2c
       567  ,<<<<<<<<<<<<<<<  2c3c3c3c3c3c3c3c3c3c3c3c3c3c3c3c
       554  <,<<<<<<<<<<<<<<  3c2c3c3c3c3c3c3c3c3c3c3c3c3c3c3c
       541  <<<<<<<<<<<<<<,<  3c3c3c3c3c3c3c3c3c3c3c3c3c3c2c3c
       534  <<,<<<<<<<<<<<<<  3c3c2c3c3c3c3c3c3c3c3c3c3c3c3c3c
       524  <<<<<<<<<<<<<,<<  3c3c3c3c3c3c3c3c3c3c3c3c3c2c3c3c
       507  <<<<<<<<<<<<,<<<  3c3c3c3c3c3c3c3c3c3c3c3c2c3c3c3c
       501  <<<,<<<<<<<<<<<<  3c3c3c2c3c3c3c3c3c3c3c3c3c3c3c3c
# epoch 9750  H=1.1695 C=1.0892 HO=0.0803  A(t)=1090
     24283  <<<<<<<<<<<<<<<<  3c3c3c3c3c3c3c3c3c3c3c3c3c3c3c3c
       613  ,,,,,,,,,,,,,,,,  2c2c2c2c2c2c2c2c2c2c2c2c2c2c2c2c
       578  <<<<<<<<<<<<<<<,  3c3c3c3c3c3c3c3c3c3c3c3c3c3c3c2c
       565  ,<<<<<<<<<<<<<<<  2c3c3c3c3c3c3c3c3c3c3c3c3c3c3c3c
       556  <<<<<<<<<<<<<<,<  3c3c3c3c3c3c3c3c3c3c3c3c3c3c2c3c
       551  <,<<<<<<<<<<<<<<  3c2c3c3c3c3c3c3c3c3c3c3c3c3c3c3c
       548  <<<<<<<<<<<,<<<<  3c3c3c3c3c3c3c3c3c3c3c2c3c3c3c3c
       548  <<,<<<<<<<<<<<<<  3c3c2c3c3c3c3c3c3c3c3c3c3c3c3c3c
       541  <<<<<<<<<<<<<,<<  3c3c3c3c3c3c3c3c3c3c3c3c3c2c3c3c
       539  <<<<<<<<<<<<,<<<  3c3c3c3c3c3c3c3c3c3c3c3c2c3c3c3c
# epoch 9800  H=1.1638 C=1.1097 HO=0.0541  A(t)=1095
     23954  <<<<<<<<<<<<<<<<  3c3c3c3c3c3c3c3c3c3c3c3c3c3c3c3c
       586  <<<<<<<<<<<<<<<,  3c3c3c3c3c3c3c3c3c3c3c3c3c3c3c2c
       583  ,<<<<<<<<<<<<<<<  2c3c3c3c3c3c3c3c3c3c3c3c3c3c3c3c
       577  <<<<<<<<<<<<<<,<  3c3c3c3c3c3c3c3c3c3c3c3c3c3c2c3c
       573  <,<<<<<<<<<<<<<<  3c2c3c3c3c3c3c3c3c3c3c3c3c3c3c3c
       560  <<,<<<<<<<<<<<<<  3c3c2c3c3c3c3c3c3c3c3c3c3c3c3c3c
       551  <<<<,<<<<<<<<<<<  3c3c3c3c2c3c3c3c3c3c3c3c3c3c3c3c
       550  <<<<<<<<<<<<<,<<  3c3c3c3c3c3c3c3c3c3c3c3c3c2c3c3c
       549  <<<,<<<<<<<<<<<<  3c3c3c2c3c3c3c3c3c3c3c3c3c3c3c3c
       541  <<<<<<<<<<<,<<<<  3c3c3c3c3c3c3c3c3c3c3c2c3c3c3c3c
# epoch 9850  H=1.2080 C=1.1377 HO=0.0703  A(t)=1098
     21932  <<<<<<<<<<<<<<<<  3c3c3c3c3c3c3c3c3c3c3c3c3c3c3c3c
       733  ,,,,,,,,,,,,,,,,  2c2c2c2c2c2c2c2c2c2c2c2c2c2c2c2c
       519  ,<<<<<<<<<<<<<<<  2c3c3c3c3c3c3c3c3c3c3c3c3c3c3c3c
       518  <<<<<<<<<<<<<<<,  3c3c3c3c3c3c3c3c3c3c3c3c3c3c3c2c
       503  <<<<<<<<<<<<<<,<  3c3c3c3c3c3c3c3c3c3c3c3c3c3c2c3c
       499  <<<<,<<<<<<<<<<<  3c3c3c3c2c3c3c3c3c3c3c3c3c3c3c3c
       497  <<<<<<<<<<<,<<<<  3c3c3c3c3c3c3c3c3c3c3c2c3c3c3c3c
       491  <<<<<<<<<<<<,<<<  3c3c3c3c3c3c3c3c3c3c3c3c2c3c3c3c
       491  <<<<<<<<<<,<<<<<  3c3c3c3c3c3c3c3c3c3c2c3c3c3c3c3c
       491  <<<<<,<<<<<<<<<<  3c3c3c3c3c2c3c3c3c3c3c3c3c3c3c3c
# epoch 9900  H=1.0976 C=1.0637 HO=0.0339  A(t)=1102
     22242  <<<<<<<<<<<<<<<<  3c3c3c3c3c3c3c3c3c3c3c3c3c3c3c3c
       686  ,,,,,,,,,,,,,,,,  2c2c2c2c2c2c2c2c2c2c2c2c2c2c2c2c
       558  <<<<<<<<<<<<<<<,  3c3c3c3c3c3c3c3c3c3c3c3c3c3c3c2c
       537  <<<<<<<<<<<<<<,<  3c3c3c3c3c3c3c3c3c3c3c3c3c3c2c3c
       536  <<<<<<<<<,<<<<<<  3c3c3c3c3c3c3c3c3c2c3c3c3c3c3c3c
       536  ,<<<<<<<<<<<<<<<  2c3c3c3c3c3c3c3c3c3c3c3c3c3c3c3c
       533  <<<<<<,<<<<<<<<<  3c3c3c3c3c3c2c3c3c3c3c3c3c3c3c3c
       530  <<<<<<<<,<<<<<<<  3c3c3c3c3c3c3c3c2c3c3c3c3c3c3c3c
       527  <<<<<<<,<<<<<<<<  3c3c3c3c3c3c3c2c3c3c3c3c3c3c3c3c
       526  <<<<<<<<<<<<,<<<  3c3c3c3c3c3c3c3c3c3c3c3c2c3c3c3c
# epoch 9950  H=1.1934 C=1.1322 HO=0.0612  A(t)=1104
     19641  <<<<<<<<<<<<<<<<  3c3c3c3c3c3c3c3c3c3c3c3c3c3c3c3c
      1029  ,,,,,,,,,,,,,,,,  2c2c2c2c2c2c2c2c2c2c2c2c2c2c2c2c
       570  <<<<<<<<<<<<<<<,  3c3c3c3c3c3c3c3c3c3c3c3c3c3c3c2c
       558  ,<<<<<<<<<<<<<<<  2c3c3c3c3c3c3c3c3c3c3c3c3c3c3c3c
       547  <<<<<<<<<<<<<<,<  3c3c3c3c3c3c3c3c3c3c3c3c3c3c2c3c
       540  <,<<<<<<<<<<<<<<  3c2c3c3c3c3c3c3c3c3c3c3c3c3c3c3c
       534  <<<<<<<,<<<<<<<<  3c3c3c3c3c3c3c2c3c3c3c3c3c3c3c3c
       530  <<<<<<<<<<<,<<<<  3c3c3c3c3c3c3c3c3c3c3c2c3c3c3c3c
       529  <<<<<<<<<<<<,<<<  3c3c3c3c3c3c3c3c3c3c3c3c2c3c3c3c
       529  <<<<<<<<<,<<<<<<  3c3c3c3c3c3c3c3c3c2c3c3c3c3c3c3c
# epoch 10000  H=1.1305 C=1.1002 HO=0.0303  A(t)=1106
     20235  <<<<<<<<<<<<<<<<  3c3c3c3c3c3c3c3c3c3c3c3c3c3c3c3c
       570  <<<<<<<<<<<<<<<,  3c3c3c3c3c3c3c3c3c3c3c3c3c3c3c2c
       551  ,<<<<<<<<<<<<<<<  2c3c3c3c3c3c3c3c3c3c3c3c3c3c3c3c
       547  <<<<<<<<<<<<<<,<  3c3c3c3c3c3c3c3c3c3c3c3c3c3c2c3c
       543  <<<<<<<<<<<<<,<<  3c3c3c3c3c3c3c3c3c3c3c3c3c2c3c3c
       542  <<<<<<<,<<<<<<<<  3c3c3c3c3c3c3c2c3c3c3c3c3c3c3c3c
       540  <<<<<<<<,<<<<<<<  3c3c3c3c3c3c3c3c2c3c3c3c3c3c3c3c
       539  <<<<<,<<<<<<<<<<  3c3c3c3c3c2c3c3c3c3c3c3c3c3c3c3c
       538  <<<<<<,<<<<<<<<<  3c3c3c3c3c3c2c3c3c3c3c3c3c3c3c3c
       536  <<<<<<<<<<<<,<<<  3c3c3c3c3c3c3c3c3c3c3c3c2c3c3c3c
# epoch 10050  H=0.9902 C=1.0189 HO=-0.0287  A(t)=1106
     21821  <<<<<<<<<<<<<<<<  3c3c3c3c3c3c3c3c3c3c3c3c3c3c3c3c
       677  ,,,,,,,,,,,,,,,,  2c2c2c2c2c2c2c2c2c2c2c2c2c2c2c2c
       606  <<<<<<<<<<<<<<<,  3c3c3c3c3c3c3c3c3c3c3c3c3c3c3c2c
       589  <<<<<<<<<<<<<<,<  3c3c3c3c3c3c3c3c3c3c3c3c3c3c2c3c
       571  ,<<<<<<<<<<<<<<<  2c3c3c3c3c3c3c3c3c3c3c3c3c3c3c3c
       563  <,<<<<<<<<<<<<<<  3c2c3c3c3c3c3c3c3c3c3c3c3c3c3c3c
       559  <<<<<<<<<<<<<,<<  3c3c3c3c3c3c3c3c3c3c3c3c3c2c3c3c
       555  <<,<<<<<<<<<<<<<  3c3c2c3c3c3c3c3c3c3c3c3c3c3c3c3c
       543  <<<<<<<<<<,<<<<<  3c3c3c3c3c3c3c3c3c3c2c3c3c3c3c3c
       541  <<<<<<<<<<<,<<<<  3c3c3c3c3c3c3c3c3c3c3c2c3c3c3c3c
# epoch 10100  H=1.0048 C=1.0057 HO=-0.0010  A(t)=1107
     22165  <<<<<<<<<<<<<<<<  3c3c3c3c3c3c3c3c3c3c3c3c3c3c3c3c
       606  <<,<<<<<<<<<<<<<  3c3c2c3c3c3c3c3c3c3c3c3c3c3c3c3c
       601  <<<<<<<<<<<<<<<,  3c3c3c3c3c3c3c3c3c3c3c3c3c3c3c2c
       600  ,<<<<<<<<<<<<<<<  2c3c3c3c3c3c3c3c3c3c3c3c3c3c3c3c
       597  <,<<<<<<<<<<<<<<  3c2c3c3c3c3c3c3c3c3c3c3c3c3c3c3c
       591  <<<,<<<<<<<<<<<<  3c3c3c2c3c3c3c3c3c3c3c3c3c3c3c3c
       583  <<<<<,<<<<<<<<<<  3c3c3c3c3c2c3c3c3c3c3c3c3c3c3c3c
       581  ,,,,,,,,,,,,,,,,  2c2c2c2c2c2c2c2c2c2c2c2c2c2c2c2c
       580  <<<<,<<<<<<<<<<<  3c3c3c3c2c3c3c3c3c3c3c3c3c3c3c3c
       578  <<<<<<<<<<<<<,<<  3c3c3c3c3c3c3c3c3c3c3c3c3c2c3c3c
# epoch 10150  H=1.0791 C=1.0599 HO=0.0192  A(t)=1109
     21459  <<<<<<<<<<<<<<<<  3c3c3c3c3c3c3c3c3c3c3c3c3c3c3c3c
       593  ,<<<<<<<<<<<<<<<  2c3c3c3c3c3c3c3c3c3c3c3c3c3c3c3c
       584  <<<<<<<<<<<<<<<,  3c3c3c3c3c3c3c3c3c3c3c3c3c3c3c2c
       580  ,,,,,,,,,,,,,,,,  2c2c2c2c2c2c2c2c2c2c2c2c2c2c2c2c
       574  <,<<<<<<<<<<<<<<  3c2c3c3c3c3c3c3c3c3c3c3c3c3c3c3c
       564  <<,<<<<<<<<<<<<<  3c3c2c3c3c3c3c3c3c3c3c3c3c3c3c3c
       554  <<<,<<<<<<<<<<<<  3c3c3c2c3c3c3c3c3c3c3c3c3c3c3c3c
       549  <<<<<,<<<<<<<<<<  3c3c3c3c3c2c3c3c3c3c3c3c3c3c3c3c
       548  <<<<,<<<<<<<<<<<  3c3c3c3c2c3c3c3c3c3c3c3c3c3c3c3c
       547  <<<<<<<<<<<<<<,<  3c3c3c3c3c3c3c3c3c3c3c3c3c3c2c3c
# epoch 10200  H=1.1066 C=1.0809 HO=0.0257  A(t)=1111
     20195  <<<<<<<<<<<<<<<<  3c3c3c3c3c3c3c3c3c3c3c3c3c3c3c3c
       937  ,,,,,,,,,,,,,,,,  2c2c2c2c2c2c2c2c2c2c2c2c2c2c2c2c
       567  <<<<<<<<<<<<<<<,  3c3c3c3c3c3c3c3c3c3c3c3c3c3c3c2c
       554  ,<<<<<<<<<<<<<<<  2c3c3c3c3c3c3c3c3c3c3c3c3c3c3c3c
       543  <<<<<<<<<<<<<<,<  3c3c3c3c3c3c3c3c3c3c3c3c3c3c2c3c
       529  <,<<<<<<<<<<<<<<  3c2c3c3c3c3c3c3c3c3c3c3c3c3c3c3c
       525  <<<<<<<<<<<<<,<<  3c3c3c3c3c3c3c3c3c3c3c3c3c2c3c3c
       516  <<,<<<<<<<<<<<<<  3c3c2c3c3c3c3c3c3c3c3c3c3c3c3c3c
       509  <<<<<<,<<<<<<<<<  3c3c3c3c3c3c2c3c3c3c3c3c3c3c3c3c
       504  <<<<<,<<<<<<<<<<  3c3c3c3c3c2c3c3c3c3c3c3c3c3c3c3c
# epoch 10250  H=0.9802 C=0.9915 HO=-0.0113  A(t)=1118
     23000  <<<<<<<<<<<<<<<<  3c3c3c3c3c3c3c3c3c3c3c3c3c3c3c3c
       797  ,,,,,,,,,,,,,,,,  2c2c2c2c2c2c2c2c2c2c2c2c2c2c2c2c
       627  <<<<<<<<<<<<<<<,  3c3c3c3c3c3c3c3c3c3c3c3c3c3c3c2c
       603  <<<<<<<<<<<<<<,<  3c3c3c3c3c3c3c3c3c3c3c3c3c3c2c3c
       600  ,<<<<<<<<<<<<<<<  2c3c3c3c3c3c3c3c3c3c3c3c3c3c3c3c
       581  <,<<<<<<<<<<<<<<  3c2c3c3c3c3c3c3c3c3c3c3c3c3c3c3c
       569  <<<<<<<<<<<<<,<<  3c3c3c3c3c3c3c3c3c3c3c3c3c2c3c3c
       561  <<,<<<<<<<<<<<<<  3c3c2c3c3c3c3c3c3c3c3c3c3c3c3c3c
       557  <<<,<<<<<<<<<<<<  3c3c3c2c3c3c3c3c3c3c3c3c3c3c3c3c
       554  <<<<,<<<<<<<<<<<  3c3c3c3c2c3c3c3c3c3c3c3c3c3c3c3c
# epoch 10300  H=0.9796 C=1.0022 HO=-0.0226  A(t)=1124
     23133  <<<<<<<<<<<<<<<<  3c3c3c3c3c3c3c3c3c3c3c3c3c3c3c3c
       579  <<<<<<<<<<<<<<<,  3c3c3c3c3c3c3c3c3c3c3c3c3c3c3c2c
       574  ,<<<<<<<<<<<<<<<  2c3c3c3c3c3c3c3c3c3c3c3c3c3c3c3c
       550  <<<<<<<<<<<<<,<<  3c3c3c3c3c3c3c3c3c3c3c3c3c2c3c3c
       545  <<<<<<<<<<<<<<,<  3c3c3c3c3c3c3c3c3c3c3c3c3c3c2c3c
       542  <,<<<<<<<<<<<<<<  3c2c3c3c3c3c3c3c3c3c3c3c3c3c3c3c
       537  <<<<<<<<<<<,<<<<  3c3c3c3c3c3c3c3c3c3c3c2c3c3c3c3c
       536  <<<<<<<<<<<<,<<<  3c3c3c3c3c3c3c3c3c3c3c3c2c3c3c3c
       533  <<,<<<<<<<<<<<<<  3c3c2c3c3c3c3c3c3c3c3c3c3c3c3c3c
       531  <<<<,<<<<<<<<<<<  3c3c3c3c2c3c3c3c3c3c3c3c3c3c3c3c
# epoch 10350  H=1.1876 C=1.1201 HO=0.0675  A(t)=1125
     21441  <<<<<<<<<<<<<<<<  3c3c3c3c3c3c3c3c3c3c3c3c3c3c3c3c
       783  ,,,,,,,,,,,,,,,,  2c2c2c2c2c2c2c2c2c2c2c2c2c2c2c2c
       497  <<<<<<,<<<<<<<<<  3c3c3c3c3c3c2c3c3c3c3c3c3c3c3c3c
       496  <<<<<<<<<<<<<<<,  3c3c3c3c3c3c3c3c3c3c3c3c3c3c3c2c
       494  ,<<<<<<<<<<<<<<<  2c3c3c3c3c3c3c3c3c3c3c3c3c3c3c3c
       489  <<<<<,<<<<<<<<<<  3c3c3c3c3c2c3c3c3c3c3c3c3c3c3c3c
       489  <,<<<<<<<<<<<<<<  3c2c3c3c3c3c3c3c3c3c3c3c3c3c3c3c
       485  <<<<<<<<<<<<<<,<  3c3c3c3c3c3c3c3c3c3c3c3c3c3c2c3c
       485  <<<<<<<,<<<<<<<<  3c3c3c3c3c3c3c2c3c3c3c3c3c3c3c3c
       481  <<<,<<<<<<<<<<<<  3c3c3c2c3c3c3c3c3c3c3c3c3c3c3c3c
# epoch 10400  H=1.1335 C=1.1199 HO=0.0136  A(t)=1125
     21815  <<<<<<<<<<<<<<<<  3c3c3c3c3c3c3c3c3c3c3c3c3c3c3c3c
       542  <<<<,<<<<<<<<<<<  3c3c3c3c2c3c3c3c3c3c3c3c3c3c3c3c
       541  <<<<<<<<<<<<<<<,  3c3c3c3c3c3c3c3c3c3c3c3c3c3c3c2c
       539  <<<<<<,<<<<<<<<<  3c3c3c3c3c3c2c3c3c3c3c3c3c3c3c3c
       539  <<<<<,<<<<<<<<<<  3c3c3c3c3c2c3c3c3c3c3c3c3c3c3c3c
       536  <<<,<<<<<<<<<<<<  3c3c3c2c3c3c3c3c3c3c3c3c3c3c3c3c
       535  <,<<<<<<<<<<<<<<  3c2c3c3c3c3c3c3c3c3c3c3c3c3c3c3c
       533  <<<<<<<<,<<<<<<<  3c3c3c3c3c3c3c3c2c3c3c3c3c3c3c3c
       531  <<<<<<<<<<<<<<,<  3c3c3c3c3c3c3c3c3c3c3c3c3c3c2c3c
       530  <<<<<<<<<<,<<<<<  3c3c3c3c3c3c3c3c3c3c2c3c3c3c3c3c
# epoch 10450  H=1.2208 C=1.1364 HO=0.0844  A(t)=1125
     21861  <<<<<<<<<<<<<<<<  3c3c3c3c3c3c3c3c3c3c3c3c3c3c3c3c
       646  ,,,,,,,,,,,,,,,,  2c2c2c2c2c2c2c2c2c2c2c2c2c2c2c2c
       507  <<<<<<<<<<<<<<<,  3c3c3c3c3c3c3c3c3c3c3c3c3c3c3c2c
       499  <<<<<<<<<<<<,<<<  3c3c3c3c3c3c3c3c3c3c3c3c2c3c3c3c
       496  <<<<<<<<<<<<<<,<  3c3c3c3c3c3c3c3c3c3c3c3c3c3c2c3c
       495  <<<<<<<<<<<<<,<<  3c3c3c3c3c3c3c3c3c3c3c3c3c2c3c3c
       491  ,<<<<<<<<<<<<<<<  2c3c3c3c3c3c3c3c3c3c3c3c3c3c3c3c
       483  <<<<<<<<<<<,<<<<  3c3c3c3c3c3c3c3c3c3c3c2c3c3c3c3c
       478  <,<<<<<<<<<<<<<<  3c2c3c3c3c3c3c3c3c3c3c3c3c3c3c3c
       477  <<<<<<<<,<<<<<<<  3c3c3c3c3c3c3c3c2c3c3c3c3c3c3c3c
# epoch 10500  H=1.1868 C=1.1317 HO=0.0551  A(t)=1125
     20776  <<<<<<<<<<<<<<<<  3c3c3c3c3c3c3c3c3c3c3c3c3c3c3c3c
       777  ,,,,,,,,,,,,,,,,  2c2c2c2c2c2c2c2c2c2c2c2c2c2c2c2c
       499  <<<<<<<<<<<<<<<,  3c3c3c3c3c3c3c3c3c3c3c3c3c3c3c2c
       490  ,<<<<<<<<<<<<<<<  2c3c3c3c3c3c3c3c3c3c3c3c3c3c3c3c
       477  <,<<<<<<<<<<<<<<  3c2c3c3c3c3c3c3c3c3c3c3c3c3c3c3c
       465  <<<<<<<<<<<<<<,<  3c3c3c3c3c3c3c3c3c3c3c3c3c3c2c3c
       463  <<<<<<<,<<<<<<<<  3c3c3c3c3c3c3c2c3c3c3c3c3c3c3c3c
       460  <<<,<<<<<<<<<<<<  3c3c3c2c3c3c3c3c3c3c3c3c3c3c3c3c
       460  <<,<<<<<<<<<<<<<  3c3c2c3c3c3c3c3c3c3c3c3c3c3c3c3c
       459  <<<<<<<<,<<<<<<<  3c3c3c3c3c3c3c3c2c3c3c3c3c3c3c3c
# epoch 10550  H=1.1034 C=1.0586 HO=0.0448  A(t)=1125
     22344  <<<<<<<<<<<<<<<<  3c3c3c3c3c3c3c3c3c3c3c3c3c3c3c3c
       777  ,,,,,,,,,,,,,,,,  2c2c2c2c2c2c2c2c2c2c2c2c2c2c2c2c
       538  <<<<<<<<<<<<<<<,  3c3c3c3c3c3c3c3c3c3c3c3c3c3c3c2c
       523  <<<<<<<<<<<<<<,<  3c3c3c3c3c3c3c3c3c3c3c3c3c3c2c3c
       523  ,<<<<<<<<<<<<<<<  2c3c3c3c3c3c3c3c3c3c3c3c3c3c3c3c
       515  <<<<<<<<,<<<<<<<  3c3c3c3c3c3c3c3c2c3c3c3c3c3c3c3c
       514  <<<<<<<,<<<<<<<<  3c3c3c3c3c3c3c2c3c3c3c3c3c3c3c3c
       512  <<<<<<<<<<,<<<<<  3c3c3c3c3c3c3c3c3c3c2c3c3c3c3c3c
       512  <<<<<<,<<<<<<<<<  3c3c3c3c3c3c2c3c3c3c3c3c3c3c3c3c
       510  <<<<,<<<<<<<<<<<  3c3c3c3c2c3c3c3c3c3c3c3c3c3c3c3c
# epoch 10600  H=1.0793 C=1.0315 HO=0.0478  A(t)=1126
     22666  <<<<<<<<<<<<<<<<  3c3c3c3c3c3c3c3c3c3c3c3c3c3c3c3c
       756  ,,,,,,,,,,,,,,,,  2c2c2c2c2c2c2c2c2c2c2c2c2c2c2c2c
       560  <<<<<<<<<<<<<<<,  3c3c3c3c3c3c3c3c3c3c3c3c3c3c3c2c
       522  ,<<<<<<<<<<<<<<<  2c3c3c3c3c3c3c3c3c3c3c3c3c3c3c3c
       517  <<<<<<<<<<<<<<,<  3c3c3c3c3c3c3c3c3c3c3c3c3c3c2c3c
       514  <<<<<<<<<<<<<,<<  3c3c3c3c3c3c3c3c3c3c3c3c3c2c3c3c
       495  <,<<<<<<<<<<<<<<  3c2c3c3c3c3c3c3c3c3c3c3c3c3c3c3c
       491  <<,<<<<<<<<<<<<<  3c3c2c3c3c3c3c3c3c3c3c3c3c3c3c3c
       476  <<<<<<<<<<<<,<<<  3c3c3c3c3c3c3c3c3c3c3c3c2c3c3c3c
       474  <<<<<<<<<<,<<<<<  3c3c3c3c3c3c3c3c3c3c2c3c3c3c3c3c
# epoch 10650  H=1.0519 C=1.0050 HO=0.0469  A(t)=1127
     22461  <<<<<<<<<<<<<<<<  3c3c3c3c3c3c3c3c3c3c3c3c3c3c3c3c
      1176  ,,,,,,,,,,,,,,,,  2c2c2c2c2c2c2c2c2c2c2c2c2c2c2c2c
       586  <<<<<<<<<<<<<<<,  3c3c3c3c3c3c3c3c3c3c3c3c3c3c3c2c
       577  ,<<<<<<<<<<<<<<<  2c3c3c3c3c3c3c3c3c3c3c3c3c3c3c3c
       559  <<<<<<<<<<<<<<,<  3c3c3c3c3c3c3c3c3c3c3c3c3c3c2c3c
       559  <,<<<<<<<<<<<<<<  3c2c3c3c3c3c3c3c3c3c3c3c3c3c3c3c
       542  <<<<<<<<<<<<<,<<  3c3c3c3c3c3c3c3c3c3c3c3c3c2c3c3c
       539  <<,<<<<<<<<<<<<<  3c3c2c3c3c3c3c3c3c3c3c3c3c3c3c3c
       527  <<<,<<<<<<<<<<<<  3c3c3c2c3c3c3c3c3c3c3c3c3c3c3c3c
       524  <<<<<<<<<<<<,<<<  3c3c3c3c3c3c3c3c3c3c3c3c2c3c3c3c
# epoch 10700  H=1.0456 C=1.0236 HO=0.0220  A(t)=1129
     22859  <<<<<<<<<<<<<<<<  3c3c3c3c3c3c3c3c3c3c3c3c3c3c3c3c
      1007  ,,,,,,,,,,,,,,,,  2c2c2c2c2c2c2c2c2c2c2c2c2c2c2c2c
       583  <<<<<<<<<<<<<<<,  3c3c3c3c3c3c3c3c3c3c3c3c3c3c3c2c
       566  <<<<<<<<<<<<<<,<  3c3c3c3c3c3c3c3c3c3c3c3c3c3c2c3c
       552  ,<<<<<<<<<<<<<<<  2c3c3c3c3c3c3c3c3c3c3c3c3c3c3c3c
       544  <,<<<<<<<<<<<<<<  3c2c3c3c3c3c3c3c3c3c3c3c3c3c3c3c
       541  <<<<<<<<<<<<<,<<  3c3c3c3c3c3c3c3c3c3c3c3c3c2c3c3c
       536  <<<<<<<<<<<<,<<<  3c3c3c3c3c3c3c3c3c3c3c3c2c3c3c3c
       531  <<,<<<<<<<<<<<<<  3c3c2c3c3c3c3c3c3c3c3c3c3c3c3c3c
       525  <<<<<<<<<<<,<<<<  3c3c3c3c3c3c3c3c3c3c3c2c3c3c3c3c
# epoch 10750  H=1.1845 C=1.1073 HO=0.0771  A(t)=1133
     21444  <<<<<<<<<<<<<<<<  3c3c3c3c3c3c3c3c3c3c3c3c3c3c3c3c
       861  ,,,,,,,,,,,,,,,,  2c2c2c2c2c2c2c2c2c2c2c2c2c2c2c2c
       520  <<<<<<<<<<<<<<<,  3c3c3c3c3c3c3c3c3c3c3c3c3c3c3c2c
       506  ,<<<<<<<<<<<<<<<  2c3c3c3c3c3c3c3c3c3c3c3c3c3c3c3c
       495  <<<<<<<<<<<<<<,<  3c3c3c3c3c3c3c3c3c3c3c3c3c3c2c3c
       486  <<<<<<<<<<<<<,<<  3c3c3c3c3c3c3c3c3c3c3c3c3c2c3c3c
       486  <,<<<<<<<<<<<<<<  3c2c3c3c3c3c3c3c3c3c3c3c3c3c3c3c
       484  <<,<<<<<<<<<<<<<  3c3c2c3c3c3c3c3c3c3c3c3c3c3c3c3c
       477  <<<,<<<<<<<<<<<<  3c3c3c2c3c3c3c3c3c3c3c3c3c3c3c3c
       474  <<<<,<<<<<<<<<<<  3c3c3c3c2c3c3c3c3c3c3c3c3c3c3c3c
# epoch 10800  H=1.1980 C=1.1421 HO=0.0559  A(t)=1133
     20395  <<<<<<<<<<<<<<<<  3c3c3c3c3c3c3c3c3c3c3c3c3c3c3c3c
       844  ,,,,,,,,,,,,,,,,  2c2c2c2c2c2c2c2c2c2c2c2c2c2c2c2c
       548  <<<<<<<<<<<<<<<,  3c3c3c3c3c3c3c3c3c3c3c3c3c3c3c2c
       524  <<<<<<<<<<<<<<,<  3c3c3c3c3c3c3c3c3c3c3c3c3c3c2c3c
       524  <<<<<<<,<<<<<<<<  3c3c3c3c3c3c3c2c3c3c3c3c3c3c3c3c
       523  ,<<<<<<<<<<<<<<<  2c3c3c3c3c3c3c3c3c3c3c3c3c3c3c3c
       521  <<<<<<,<<<<<<<<<  3c3c3c3c3c3c2c3c3c3c3c3c3c3c3c3c
       516  <,<<<<<<<<<<<<<<  3c2c3c3c3c3c3c3c3c3c3c3c3c3c3c3c
       515  <<<<<<<<,<<<<<<<  3c3c3c3c3c3c3c3c2c3c3c3c3c3c3c3c
       511  <<<<<,<<<<<<<<<<  3c3c3c3c3c2c3c3c3c3c3c3c3c3c3c3c
# epoch 10850  H=1.2260 C=1.1609 HO=0.0651  A(t)=1133
     20565  <<<<<<<<<<<<<<<<  3c3c3c3c3c3c3c3c3c3c3c3c3c3c3c3c
      1137  ,,,,,,,,,,,,,,,,  2c2c2c2c2c2c2c2c2c2c2c2c2c2c2c2c
       527  <<<<<<<<<<<<<<<,  3c3c3c3c3c3c3c3c3c3c3c3c3c3c3c2c
       518  <<,<<<<<<<<<<<<<  3c3c2c3c3c3c3c3c3c3c3c3c3c3c3c3c
       517  ,<<<<<<<<<<<<<<<  2c3c3c3c3c3c3c3c3c3c3c3c3c3c3c3c
       515  <<<,<<<<<<<<<<<<  3c3c3c2c3c3c3c3c3c3c3c3c3c3c3c3c
       514  <<<<<<<<<<<,<<<<  3c3c3c3c3c3c3c3c3c3c3c2c3c3c3c3c
       514  <<<<,<<<<<<<<<<<  3c3c3c3c2c3c3c3c3c3c3c3c3c3c3c3c
       507  <,<<<<<<<<<<<<<<  3c2c3c3c3c3c3c3c3c3c3c3c3c3c3c3c
       506  <<<<<<<<<<<<<<,<  3c3c3c3c3c3c3c3c3c3c3c3c3c3c2c3c
# epoch 10900  H=1.1452 C=1.1169 HO=0.0283  A(t)=1139
     21689  <<<<<<<<<<<<<<<<  3c3c3c3c3c3c3c3c3c3c3c3c3c3c3c3c
       674  ,,,,,,,,,,,,,,,,  2c2c2c2c2c2c2c2c2c2c2c2c2c2c2c2c
       572  <<<<<<<<<<<<<<<,  3c3c3c3c3c3c3c3c3c3c3c3c3c3c3c2c
       561  <<<<<<<<<<<<<<,<  3c3c3c3c3c3c3c3c3c3c3c3c3c3c2c3c
       556  <<<<<<<<<<<<<,<<  3c3c3c3c3c3c3c3c3c3c3c3c3c2c3c3c
       555  ,<<<<<<<<<<<<<<<  2c3c3c3c3c3c3c3c3c3c3c3c3c3c3c3c
       553  <,<<<<<<<<<<<<<<  3c2c3c3c3c3c3c3c3c3c3c3c3c3c3c3c
       551  <<,<<<<<<<<<<<<<  3c3c2c3c3c3c3c3c3c3c3c3c3c3c3c3c
       549  <<<<<<<<<<<<,<<<  3c3c3c3c3c3c3c3c3c3c3c3c2c3c3c3c
       548  <<<<<<<<,<<<<<<<  3c3c3c3c3c3c3c3c2c3c3c3c3c3c3c3c
# epoch 10950  H=1.1229 C=1.1014 HO=0.0214  A(t)=1140
     21387  <<<<<<<<<<<<<<<<  3c3c3c3c3c3c3c3c3c3c3c3c3c3c3c3c
       550  <<<<<<<<<<<<<<<,  3c3c3c3c3c3c3c3c3c3c3c3c3c3c3c2c
       546  ,,,,,,,,,,,,,,,,  2c2c2c2c2c2c2c2c2c2c2c2c2c2c2c2c
       543  <,<<<<<<<<<<<<<<  3c2c3c3c3c3c3c3c3c3c3c3c3c3c3c3c
       541  <<<<<<<<<<<<<<,<  3c3c3c3c3c3c3c3c3c3c3c3c3c3c2c3c
       541  ,<<<<<<<<<<<<<<<  2c3c3c3c3c3c3c3c3c3c3c3c3c3c3c3c
       527  <<,<<<<<<<<<<<<<  3c3c2c3c3c3c3c3c3c3c3c3c3c3c3c3c
       524  <<<<<<<<<<<<<,<<  3c3c3c3c3c3c3c3c3c3c3c3c3c2c3c3c
       520  <<<<<<<<<<<<,<<<  3c3c3c3c3c3c3c3c3c3c3c3c2c3c3c3c
       514  <<<<,<<<<<<<<<<<  3c3c3c3c2c3c3c3c3c3c3c3c3c3c3c3c
# epoch 11000  H=1.0658 C=1.0785 HO=-0.0127  A(t)=1145
     21338  <<<<<<<<<<<<<<<<  3c3c3c3c3c3c3c3c3c3c3c3c3c3c3c3c
       542  <<<<<<<<<<<<<<<,  3c3c3c3c3c3c3c3c3c3c3c3c3c3c3c2c
       528  <<<<<<<<<<<<<<,<  3c3c3c3c3c3c3c3c3c3c3c3c3c3c2c3c
       514  ,<<<<<<<<<<<<<<<  2c3c3c3c3c3c3c3c3c3c3c3c3c3c3c3c
       512  <<<<<<<<<<<<<,<<  3c3c3c3c3c3c3c3c3c3c3c3c3c2c3c3c
       512  <<<<<<<<<<<<,<<<  3c3c3c3c3c3c3c3c3c3c3c3c2c3c3c3c
       510  <<,<<<<<<<<<<<<<  3c3c2c3c3c3c3c3c3c3c3c3c3c3c3c3c
       505  <<<<,<<<<<<<<<<<  3c3c3c3c2c3c3c3c3c3c3c3c3c3c3c3c
       505  <<<,<<<<<<<<<<<<  3c3c3c2c3c3c3c3c3c3c3c3c3c3c3c3c
       503  <,<<<<<<<<<<<<<<  3c2c3c3c3c3c3c3c3c3c3c3c3c3c3c3c
# epoch 11050  H=1.1601 C=1.1167 HO=0.0434  A(t)=1149
     20284  <<<<<<<<<<<<<<<<  3c3c3c3c3c3c3c3c3c3c3c3c3c3c3c3c
       745  ,,,,,,,,,,,,,,,,  2c2c2c2c2c2c2c2c2c2c2c2c2c2c2c2c
       534  ,<<<<<<<<<<<<<<<  2c3c3c3c3c3c3c3c3c3c3c3c3c3c3c3c
       531  <<<<<<<<<<<<<<<,  3c3c3c3c3c3c3c3c3c3c3c3c3c3c3c2c
       528  <,<<<<<<<<<<<<<<  3c2c3c3c3c3c3c3c3c3c3c3c3c3c3c3c
       525  <<,<<<<<<<<<<<<<  3c3c2c3c3c3c3c3c3c3c3c3c3c3c3c3c
       516  <<<<,<<<<<<<<<<<  3c3c3c3c2c3c3c3c3c3c3c3c3c3c3c3c
       514  <<<<<,<<<<<<<<<<  3c3c3c3c3c2c3c3c3c3c3c3c3c3c3c3c
       506  <<<,<<<<<<<<<<<<  3c3c3c2c3c3c3c3c3c3c3c3c3c3c3c3c
       504  <<<<<<<<<<,<<<<<  3c3c3c3c3c3c3c3c3c3c2c3c3c3c3c3c
# epoch 11100  H=1.1741 C=1.1562 HO=0.0179  A(t)=1149
     20716  <<<<<<<<<<<<<<<<  3c3c3c3c3c3c3c3c3c3c3c3c3c3c3c3c
       743  ,,,,,,,,,,,,,,,,  2c2c2c2c2c2c2c2c2c2c2c2c2c2c2c2c
       508  <<<<<<<<<<<<<<<,  3c3c3c3c3c3c3c3c3c3c3c3c3c3c3c2c
       499  ,<<<<<<<<<<<<<<<  2c3c3c3c3c3c3c3c3c3c3c3c3c3c3c3c
       483  <<<<<<<<<<<<<<,<  3c3c3c3c3c3c3c3c3c3c3c3c3c3c2c3c
       482  <<<<<<<<<<<<,<<<  3c3c3c3c3c3c3c3c3c3c3c3c2c3c3c3c
       479  <<<<<<<<<<<<<,<<  3c3c3c3c3c3c3c3c3c3c3c3c3c2c3c3c
       476  <<<<<<<<<<<,<<<<  3c3c3c3c3c3c3c3c3c3c3c2c3c3c3c3c
       474  <,<<<<<<<<<<<<<<  3c2c3c3c3c3c3c3c3c3c3c3c3c3c3c3c
       472  <<,<<<<<<<<<<<<<  3c3c2c3c3c3c3c3c3c3c3c3c3c3c3c3c
# epoch 11150  H=1.1390 C=1.1407 HO=-0.0018  A(t)=1149
     19385  <<<<<<<<<<<<<<<<  3c3c3c3c3c3c3c3c3c3c3c3c3c3c3c3c
       655  ,,,,,,,,,,,,,,,,  2c2c2c2c2c2c2c2c2c2c2c2c2c2c2c2c
       547  ,<<<<<<<<<<<<<<<  2c3c3c3c3c3c3c3c3c3c3c3c3c3c3c3c
       544  <<<<<<<<<<<<<<<,  3c3c3c3c3c3c3c3c3c3c3c3c3c3c3c2c
       540  <,<<<<<<<<<<<<<<  3c2c3c3c3c3c3c3c3c3c3c3c3c3c3c3c
       536  <<<<<<<<<<<<<<,<  3c3c3c3c3c3c3c3c3c3c3c3c3c3c2c3c
       524  <<,<<<<<<<<<<<<<  3c3c2c3c3c3c3c3c3c3c3c3c3c3c3c3c
       516  <<<<<<<<<<<<<,<<  3c3c3c3c3c3c3c3c3c3c3c3c3c2c3c3c
       513  <<<,<<<<<<<<<<<<  3c3c3c2c3c3c3c3c3c3c3c3c3c3c3c3c
       509  <<<<<,<<<<<<<<<<  3c3c3c3c3c2c3c3c3c3c3c3c3c3c3c3c
# epoch 11200  H=1.1231 C=1.1042 HO=0.0188  A(t)=1153
     20488  <<<<<<<<<<<<<<<<  3c3c3c3c3c3c3c3c3c3c3c3c3c3c3c3c
       882  ,,,,,,,,,,,,,,,,  2c2c2c2c2c2c2c2c2c2c2c2c2c2c2c2c
       531  <<<<<<<<<<<<<<<,  3c3c3c3c3c3c3c3c3c3c3c3c3c3c3c2c
       521  ,<<<<<<<<<<<<<<<  2c3c3c3c3c3c3c3c3c3c3c3c3c3c3c3c
       504  <<<<<<<<<<<<<<,<  3c3c3c3c3c3c3c3c3c3c3c3c3c3c2c3c
       497  <,<<<<<<<<<<<<<<  3c2c3c3c3c3c3c3c3c3c3c3c3c3c3c3c
       481  <<<,<<<<<<<<<<<<  3c3c3c2c3c3c3c3c3c3c3c3c3c3c3c3c
       479  <<<<,<<<<<<<<<<<  3c3c3c3c2c3c3c3c3c3c3c3c3c3c3c3c
       478  <<<<<<<<<<<<<,<<  3c3c3c3c3c3c3c3c3c3c3c3c3c2c3c3c
       477  <<,<<<<<<<<<<<<<  3c3c2c3c3c3c3c3c3c3c3c3c3c3c3c3c
# epoch 11250  H=1.1256 C=1.0889 HO=0.0368  A(t)=1165
     21201  <<<<<<<<<<<<<<<<  3c3c3c3c3c3c3c3c3c3c3c3c3c3c3c3c
       785  ,,,,,,,,,,,,,,,,  2c2c2c2c2c2c2c2c2c2c2c2c2c2c2c2c
       534  <<<<<<<<<<<<<<<,  3c3c3c3c3c3c3c3c3c3c3c3c3c3c3c2c
       519  ,<<<<<<<<<<<<<<<  2c3c3c3c3c3c3c3c3c3c3c3c3c3c3c3c
       513  <<<<<<<<<<<<<<,<  3c3c3c3c3c3c3c3c3c3c3c3c3c3c2c3c
       509  <,<<<<<<<<<<<<<<  3c2c3c3c3c3c3c3c3c3c3c3c3c3c3c3c
       507  <<<<<<<<<<<<<,<<  3c3c3c3c3c3c3c3c3c3c3c3c3c2c3c3c
       501  <<<<<<<<<<<<,<<<  3c3c3c3c3c3c3c3c3c3c3c3c2c3c3c3c
       500  <<,<<<<<<<<<<<<<  3c3c2c3c3c3c3c3c3c3c3c3c3c3c3c3c
       496  <<<,<<<<<<<<<<<<  3c3c3c2c3c3c3c3c3c3c3c3c3c3c3c3c
# epoch 11300  H=0.9667 C=1.0012 HO=-0.0346  A(t)=1166
     23430  <<<<<<<<<<<<<<<<  3c3c3c3c3c3c3c3c3c3c3c3c3c3c3c3c
       774  ,,,,,,,,,,,,,,,,  2c2c2c2c2c2c2c2c2c2c2c2c2c2c2c2c
       600  <<<<<<<<<<<<<<<,  3c3c3c3c3c3c3c3c3c3c3c3c3c3c3c2c
       597  <<<<<<<<<<<<<<,<  3c3c3c3c3c3c3c3c3c3c3c3c3c3c2c3c
       594  ,<<<<<<<<<<<<<<<  2c3c3c3c3c3c3c3c3c3c3c3c3c3c3c3c
       589  <,<<<<<<<<<<<<<<  3c2c3c3c3c3c3c3c3c3c3c3c3c3c3c3c
       587  <<<<<<<<<<<<<,<<  3c3c3c3c3c3c3c3c3c3c3c3c3c2c3c3c
       582  <<,<<<<<<<<<<<<<  3c3c2c3c3c3c3c3c3c3c3c3c3c3c3c3c
       568  <<<,<<<<<<<<<<<<  3c3c3c2c3c3c3c3c3c3c3c3c3c3c3c3c
       567  <<<<<<<<<<<<,<<<  3c3c3c3c3c3c3c3c3c3c3c3c2c3c3c3c
# epoch 11350  H=1.0414 C=1.0497 HO=-0.0083  A(t)=1169
     22320  <<<<<<<<<<<<<<<<  3c3c3c3c3c3c3c3c3c3c3c3c3c3c3c3c
       687  ,,,,,,,,,,,,,,,,  2c2c2c2c2c2c2c2c2c2c2c2c2c2c2c2c
       553  ,<<<<<<<<<<<<<<<  2c3c3c3c3c3c3c3c3c3c3c3c3c3c3c3c
       549  <<<<<<<<<<<<<<<,  3c3c3c3c3c3c3c3c3c3c3c3c3c3c3c2c
       530  <,<<<<<<<<<<<<<<  3c2c3c3c3c3c3c3c3c3c3c3c3c3c3c3c
       526  <<<<<<<<<<<<<<,<  3c3c3c3c3c3c3c3c3c3c3c3c3c3c2c3c
       517  <<,<<<<<<<<<<<<<  3c3c2c3c3c3c3c3c3c3c3c3c3c3c3c3c
       496  <<<<<<<<<<<<<,<<  3c3c3c3c3c3c3c3c3c3c3c3c3c2c3c3c
       489  <<<,<<<<<<<<<<<<  3c3c3c2c3c3c3c3c3c3c3c3c3c3c3c3c
       482  <<<<,<<<<<<<<<<<  3c3c3c3c2c3c3c3c3c3c3c3c3c3c3c3c
# epoch 11400  H=1.1748 C=1.1725 HO=0.0023  A(t)=1171
     20912  <<<<<<<<<<<<<<<<  3c3c3c3c3c3c3c3c3c3c3c3c3c3c3c3c
       508  <<<<<<<<<<<<<<<,  3c3c3c3c3c3c3c3c3c3c3c3c3c3c3c2c
       490  ,<<<<<<<<<<<<<<<  2c3c3c3c3c3c3c3c3c3c3c3c3c3c3c3c
       483  <<<<<<<<<<<<<<,<  3c3c3c3c3c3c3c3c3c3c3c3c3c3c2c3c
       471  <<<<<<<<<<<<<,<<  3c3c3c3c3c3c3c3c3c3c3c3c3c2c3c3c
       471  <<<<<<,<<<<<<<<<  3c3c3c3c3c3c2c3c3c3c3c3c3c3c3c3c
       470  <<<<<,<<<<<<<<<<  3c3c3c3c3c2c3c3c3c3c3c3c3c3c3c3c
       470  <,<<<<<<<<<<<<<<  3c2c3c3c3c3c3c3c3c3c3c3c3c3c3c3c
       462  <<,<<<<<<<<<<<<<  3c3c2c3c3c3c3c3c3c3c3c3c3c3c3c3c
       461  <<<<<<<<<<<<,<<<  3c3c3c3c3c3c3c3c3c3c3c3c2c3c3c3c
# epoch 11450  H=1.2057 C=1.1653 HO=0.0404  A(t)=1172
     22929  <<<<<<<<<<<<<<<<  3c3c3c3c3c3c3c3c3c3c3c3c3c3c3c3c
       524  <<<<<<<<<<<<<<<,  3c3c3c3c3c3c3c3c3c3c3c3c3c3c3c2c
       507  <<<<<<<<<<<<<<,<  3c3c3c3c3c3c3c3c3c3c3c3c3c3c2c3c
       506  <<<<<<<<,<<<<<<<  3c3c3c3c3c3c3c3c2c3c3c3c3c3c3c3c
       506  ,<<<<<<<<<<<<<<<  2c3c3c3c3c3c3c3c3c3c3c3c3c3c3c3c
       497  <<<<<<<<<<,<<<<<  3c3c3c3c3c3c3c3c3c3c2c3c3c3c3c3c
       497  <<<<<<<,<<<<<<<<  3c3c3c3c3c3c3c2c3c3c3c3c3c3c3c3c
       492  <,<<<<<<<<<<<<<<  3c2c3c3c3c3c3c3c3c3c3c3c3c3c3c3c
       491  <<<<<<<<<<<<<,<<  3c3c3c3c3c3c3c3c3c3c3c3c3c2c3c3c
       491  <<<<<<<<<<<,<<<<  3c3c3c3c3c3c3c3c3c3c3c2c3c3c3c3c
# epoch 11500  H=1.2030 C=1.1740 HO=0.0290  A(t)=1172
     22230  <<<<<<<<<<<<<<<<  3c3c3c3c3c3c3c3c3c3c3c3c3c3c3c3c
       516  <<<<<<<<<<<<<<<,  3c3c3c3c3c3c3c3c3c3c3c3c3c3c3c2c
       493  <<<<<<<<<<<<<<,<  3c3c3c3c3c3c3c3c3c3c3c3c3c3c2c3c
       492  <<<,<<<<<<<<<<<<  3c3c3c2c3c3c3c3c3c3c3c3c3c3c3c3c
       492  ,<<<<<<<<<<<<<<<  2c3c3c3c3c3c3c3c3c3c3c3c3c3c3c3c
       491  <<<<<,<<<<<<<<<<  3c3c3c3c3c2c3c3c3c3c3c3c3c3c3c3c
       490  <<<<<<<<,<<<<<<<  3c3c3c3c3c3c3c3c2c3c3c3c3c3c3c3c
       490  <<<<<<<,<<<<<<<<  3c3c3c3c3c3c3c2c3c3c3c3c3c3c3c3c
       488  <,<<<<<<<<<<<<<<  3c2c3c3c3c3c3c3c3c3c3c3c3c3c3c3c
       485  <<<<<<,<<<<<<<<<  3c3c3c3c3c3c2c3c3c3c3c3c3c3c3c3c
# epoch 11550  H=1.2336 C=1.1970 HO=0.0366  A(t)=1173
     21112  <<<<<<<<<<<<<<<<  3c3c3c3c3c3c3c3c3c3c3c3c3c3c3c3c
       608  ,,,,,,,,,,,,,,,,  2c2c2c2c2c2c2c2c2c2c2c2c2c2c2c2c
       524  <<<<<<<<<<<<<<<,  3c3c3c3c3c3c3c3c3c3c3c3c3c3c3c2c
       516  ,<<<<<<<<<<<<<<<  2c3c3c3c3c3c3c3c3c3c3c3c3c3c3c3c
       506  <<<<<<<<<<<<<<,<  3c3c3c3c3c3c3c3c3c3c3c3c3c3c2c3c
       501  <<<<<<<,<<<<<<<<  3c3c3c3c3c3c3c2c3c3c3c3c3c3c3c3c
       492  <<<<<<,<<<<<<<<<  3c3c3c3c3c3c2c3c3c3c3c3c3c3c3c3c
       491  <,<<<<<<<<<<<<<<  3c2c3c3c3c3c3c3c3c3c3c3c3c3c3c3c
       490  <<<<<<<<,<<<<<<<  3c3c3c3c3c3c3c3c2c3c3c3c3c3c3c3c
       489  <<<<<<<<<<<<<,<<  3c3c3c3c3c3c3c3c3c3c3c3c3c2c3c3c
# epoch 11600  H=1.3008 C=1.2058 HO=0.0950  A(t)=1173
     20282  <<<<<<<<<<<<<<<<  3c3c3c3c3c3c3c3c3c3c3c3c3c3c3c3c
       870  ,,,,,,,,,,,,,,,,  2c2c2c2c2c2c2c2c2c2c2c2c2c2c2c2c
       474  <<<<<<<<<<<<<<<,  3c3c3c3c3c3c3c3c3c3c3c3c3c3c3c2c
       464  <,<<<<<<<<<<<<<<  3c2c3c3c3c3c3c3c3c3c3c3c3c3c3c3c
       460  ,<<<<<<<<<<<<<<<  2c3c3c3c3c3c3c3c3c3c3c3c3c3c3c3c
       454  <<<<<<<<<<<<<<,<  3c3c3c3c3c3c3c3c3c3c3c3c3c3c2c3c
       436  <<,<<<<<<<<<<<<<  3c3c2c3c3c3c3c3c3c3c3c3c3c3c3c3c
       435  <<<<<<<<<<<<<,<<  3c3c3c3c3c3c3c3c3c3c3c3c3c2c3c3c
       428  <<<<<<<<<<<<,<<<  3c3c3c3c3c3c3c3c3c3c3c3c2c3c3c3c
       428  <<<,<<<<<<<<<<<<  3c3c3c2c3c3c3c3c3c3c3c3c3c3c3c3c
# epoch 11650  H=1.2335 C=1.1697 HO=0.0638  A(t)=1190
     20301  <<<<<<<<<<<<<<<<  3c3c3c3c3c3c3c3c3c3c3c3c3c3c3c3c
       573  ,,,,,,,,,,,,,,,,  2c2c2c2c2c2c2c2c2c2c2c2c2c2c2c2c
       500  <<<<<<<<<<<<<<<,  3c3c3c3c3c3c3c3c3c3c3c3c3c3c3c2c
       488  <<<<<<<<<<<<<<,<  3c3c3c3c3c3c3c3c3c3c3c3c3c3c2c3c
       488  ,<<<<<<<<<<<<<<<  2c3c3c3c3c3c3c3c3c3c3c3c3c3c3c3c
       477  <,<<<<<<<<<<<<<<  3c2c3c3c3c3c3c3c3c3c3c3c3c3c3c3c
       473  <<,<<<<<<<<<<<<<  3c3c2c3c3c3c3c3c3c3c3c3c3c3c3c3c
       460  <<<<<<<<<<<<<,<<  3c3c3c3c3c3c3c3c3c3c3c3c3c2c3c3c
       449  <<<,<<<<<<<<<<<<  3c3c3c2c3c3c3c3c3c3c3c3c3c3c3c3c
       448  <<<<<<<<<<<<,<<<  3c3c3c3c3c3c3c3c3c3c3c3c2c3c3c3c
# epoch 11700  H=1.2940 C=1.1844 HO=0.1095  A(t)=1194
     19739  <<<<<<<<<<<<<<<<  3c3c3c3c3c3c3c3c3c3c3c3c3c3c3c3c
       630  ,,,,,,,,,,,,,,,,  2c2c2c2c2c2c2c2c2c2c2c2c2c2c2c2c
       472  <<<<<<<<<<<<<<<,  3c3c3c3c3c3c3c3c3c3c3c3c3c3c3c2c
       456  ,<<<<<<<<<<<<<<<  2c3c3c3c3c3c3c3c3c3c3c3c3c3c3c3c
       450  <<<<<<<<<<<<,<<<  3c3c3c3c3c3c3c3c3c3c3c3c2c3c3c3c
       449  <<<<<<<<<<<<<<,<  3c3c3c3c3c3c3c3c3c3c3c3c3c3c2c3c
       447  <<<<<<<<<<<,<<<<  3c3c3c3c3c3c3c3c3c3c3c2c3c3c3c3c
       446  <<<<<<<<<<<<<,<<  3c3c3c3c3c3c3c3c3c3c3c3c3c2c3c3c
       437  <,<<<<<<<<<<<<<<  3c2c3c3c3c3c3c3c3c3c3c3c3c3c3c3c
       435  <<<<,<<<<<<<<<<<  3c3c3c3c2c3c3c3c3c3c3c3c3c3c3c3c
# epoch 11750  H=1.3577 C=1.2727 HO=0.0850  A(t)=1206
     19881  <<<<<<<<<<<<<<<<  3c3c3c3c3c3c3c3c3c3c3c3c3c3c3c3c
       494  ,,,,,,,,,,,,,,,,  2c2c2c2c2c2c2c2c2c2c2c2c2c2c2c2c
       472  <<<<<<<<<<<<<<<,  3c3c3c3c3c3c3c3c3c3c3c3c3c3c3c2c
       455  <<<<<<<<<<<<<<,<  3c3c3c3c3c3c3c3c3c3c3c3c3c3c2c3c
       443  ,<<<<<<<<<<<<<<<  2c3c3c3c3c3c3c3c3c3c3c3c3c3c3c3c
       441  <<<<<<<<<<<<<,<<  3c3c3c3c3c3c3c3c3c3c3c3c3c2c3c3c
       436  <<,<<<<<<<<<<<<<  3c3c2c3c3c3c3c3c3c3c3c3c3c3c3c3c
       436  <,<<<<<<<<<<<<<<  3c2c3c3c3c3c3c3c3c3c3c3c3c3c3c3c
       426  <<<<<<<<<<<<,<<<  3c3c3c3c3c3c3c3c3c3c3c3c2c3c3c3c
       422  <<<<<,<<<<<<<<<<  3c3c3c3c3c2c3c3c3c3c3c3c3c3c3c3c
# epoch 11800  H=1.4492 C=1.3132 HO=0.1359  A(t)=1219
     19718  <<<<<<<<<<<<<<<<  3c3c3c3c3c3c3c3c3c3c3c3c3c3c3c3c
       688  ,,,,,,,,,,,,,,,,  2c2c2c2c2c2c2c2c2c2c2c2c2c2c2c2c
       480  <<<<<<<<<<<<<<<,  3c3c3c3c3c3c3c3c3c3c3c3c3c3c3c2c
       467  ,<<<<<<<<<<<<<<<  2c3c3c3c3c3c3c3c3c3c3c3c3c3c3c3c
       461  <,<<<<<<<<<<<<<<  3c2c3c3c3c3c3c3c3c3c3c3c3c3c3c3c
       456  <<<<<<,<<<<<<<<<  3c3c3c3c3c3c2c3c3c3c3c3c3c3c3c3c
       456  <<,<<<<<<<<<<<<<  3c3c2c3c3c3c3c3c3c3c3c3c3c3c3c3c
       455  <<<<<<<<<<<<<<,<  3c3c3c3c3c3c3c3c3c3c3c3c3c3c2c3c
       450  <<<<<<<,<<<<<<<<  3c3c3c3c3c3c3c2c3c3c3c3c3c3c3c3c
       447  <<<<<<<<,<<<<<<<  3c3c3c3c3c3c3c3c2c3c3c3c3c3c3c3c
# epoch 11850  H=1.4119 C=1.3207 HO=0.0912  A(t)=1221
     20054  <<<<<<<<<<<<<<<<  3c3c3c3c3c3c3c3c3c3c3c3c3c3c3c3c
       756  ,,,,,,,,,,,,,,,,  2c2c2c2c2c2c2c2c2c2c2c2c2c2c2c2c
       473  ,<<<<<<<<<<<<<<<  2c3c3c3c3c3c3c3c3c3c3c3c3c3c3c3c
       470  <<<<<<<<<<<<<<<,  3c3c3c3c3c3c3c3c3c3c3c3c3c3c3c2c
       469  <<<<<<<<<<<<<<,<  3c3c3c3c3c3c3c3c3c3c3c3c3c3c2c3c
       459  <<<<<<<<<<<<<,<<  3c3c3c3c3c3c3c3c3c3c3c3c3c2c3c3c
       457  <<<<<<<<<<<<,<<<  3c3c3c3c3c3c3c3c3c3c3c3c2c3c3c3c
       457  <,<<<<<<<<<<<<<<  3c2c3c3c3c3c3c3c3c3c3c3c3c3c3c3c
       454  <<,<<<<<<<<<<<<<  3c3c2c3c3c3c3c3c3c3c3c3c3c3c3c3c
       439  <<<,<<<<<<<<<<<<  3c3c3c2c3c3c3c3c3c3c3c3c3c3c3c3c
# epoch 11900  H=1.3979 C=1.2826 HO=0.1153  A(t)=1222
     19335  <<<<<<<<<<<<<<<<  3c3c3c3c3c3c3c3c3c3c3c3c3c3c3c3c
       848  ,,,,,,,,,,,,,,,,  2c2c2c2c2c2c2c2c2c2c2c2c2c2c2c2c
       545  <<<<<<<<<<<<<<<,  3c3c3c3c3c3c3c3c3c3c3c3c3c3c3c2c
       539  ,<<<<<<<<<<<<<<<  2c3c3c3c3c3c3c3c3c3c3c3c3c3c3c3c
       511  <,<<<<<<<<<<<<<<  3c2c3c3c3c3c3c3c3c3c3c3c3c3c3c3c
       504  <<<<<<<<<<<<<<,<  3c3c3c3c3c3c3c3c3c3c3c3c3c3c2c3c
       503  <<<<<<<<<<<<<,<<  3c3c3c3c3c3c3c3c3c3c3c3c3c2c3c3c
       503  <<,<<<<<<<<<<<<<  3c3c2c3c3c3c3c3c3c3c3c3c3c3c3c3c
       491  <<<<<<<<<<<<,<<<  3c3c3c3c3c3c3c3c3c3c3c3c2c3c3c3c
       489  <<<<,<<<<<<<<<<<  3c3c3c3c2c3c3c3c3c3c3c3c3c3c3c3c
# epoch 11950  H=1.4180 C=1.2937 HO=0.1243  A(t)=1229
     19753  <<<<<<<<<<<<<<<<  3c3c3c3c3c3c3c3c3c3c3c3c3c3c3c3c
       840  ,,,,,,,,,,,,,,,,  2c2c2c2c2c2c2c2c2c2c2c2c2c2c2c2c
       485  <<<<<<<<<<<<<<<,  3c3c3c3c3c3c3c3c3c3c3c3c3c3c3c2c
       464  <<<<<<<<<<<<<<,<  3c3c3c3c3c3c3c3c3c3c3c3c3c3c2c3c
       464  ,<<<<<<<<<<<<<<<  2c3c3c3c3c3c3c3c3c3c3c3c3c3c3c3c
       445  <,<<<<<<<<<<<<<<  3c2c3c3c3c3c3c3c3c3c3c3c3c3c3c3c
       440  <<<<<<<<<<<<<,<<  3c3c3c3c3c3c3c3c3c3c3c3c3c2c3c3c
       439  <<,<<<<<<<<<<<<<  3c3c2c3c3c3c3c3c3c3c3c3c3c3c3c3c
       437  <<<<<<<<<<,<<<<<  3c3c3c3c3c3c3c3c3c3c2c3c3c3c3c3c
       430  <<<<<<<<<,<<<<<<  3c3c3c3c3c3c3c3c3c2c3c3c3c3c3c3c
# epoch 12000  H=1.4035 C=1.3093 HO=0.0941  A(t)=1230
     20039  <<<<<<<<<<<<<<<<  3c3c3c3c3c3c3c3c3c3c3c3c3c3c3c3c
       642  ,,,,,,,,,,,,,,,,  2c2c2c2c2c2c2c2c2c2c2c2c2c2c2c2c
       509  ,<<<<<<<<<<<<<<<  2c3c3c3c3c3c3c3c3c3c3c3c3c3c3c3c
       504  <<<<<<<<<<<<<<<,  3c3c3c3c3c3c3c3c3c3c3c3c3c3c3c2c
       495  <,<<<<<<<<<<<<<<  3c2c3c3c3c3c3c3c3c3c3c3c3c3c3c3c
       480  <<<<<<<<<<<<<<,<  3c3c3c3c3c3c3c3c3c3c3c3c3c3c2c3c
       474  <<,<<<<<<<<<<<<<  3c3c2c3c3c3c3c3c3c3c3c3c3c3c3c3c
       469  <<<,<<<<<<<<<<<<  3c3c3c2c3c3c3c3c3c3c3c3c3c3c3c3c
       468  <<<<<<<<<<<<<,<<  3c3c3c3c3c3c3c3c3c3c3c3c3c2c3c3c
       461  <<<<<<<<<<<<,<<<  3c3c3c3c3c3c3c3c3c3c3c3c2c3c3c3c
# epoch 12050  H=1.4313 C=1.3379 HO=0.0934  A(t)=1231
     19444  <<<<<<<<<<<<<<<<  3c3c3c3c3c3c3c3c3c3c3c3c3c3c3c3c
       738  ,,,,,,,,,,,,,,,,  2c2c2c2c2c2c2c2c2c2c2c2c2c2c2c2c
       478  <<<<<<<<<<<<<<<,  3c3c3c3c3c3c3c3c3c3c3c3c3c3c3c2c
       477  <,<<<<<<<<<<<<<<  3c2c3c3c3c3c3c3c3c3c3c3c3c3c3c3c
       476  ,<<<<<<<<<<<<<<<  2c3c3c3c3c3c3c3c3c3c3c3c3c3c3c3c
       465  <<,<<<<<<<<<<<<<  3c3c2c3c3c3c3c3c3c3c3c3c3c3c3c3c
       452  <<<<<<<<<<<<<<,<  3c3c3c3c3c3c3c3c3c3c3c3c3c3c2c3c
       445  <<<<,<<<<<<<<<<<  3c3c3c3c2c3c3c3c3c3c3c3c3c3c3c3c
       438  <<<<<<<<<,<<<<<<  3c3c3c3c3c3c3c3c3c2c3c3c3c3c3c3c
       437  <<<<<<<<,<<<<<<<  3c3c3c3c3c3c3c3c2c3c3c3c3c3c3c3c
# epoch 12100  H=1.3736 C=1.2850 HO=0.0885  A(t)=1232
     21071  <<<<<<<<<<<<<<<<  3c3c3c3c3c3c3c3c3c3c3c3c3c3c3c3c
       645  ,,,,,,,,,,,,,,,,  2c2c2c2c2c2c2c2c2c2c2c2c2c2c2c2c
       539  <<<<<<<<<<<<<<<,  3c3c3c3c3c3c3c3c3c3c3c3c3c3c3c2c
       522  ,<<<<<<<<<<<<<<<  2c3c3c3c3c3c3c3c3c3c3c3c3c3c3c3c
       521  <<<<<<<<<<<<<<,<  3c3c3c3c3c3c3c3c3c3c3c3c3c3c2c3c
       508  <,<<<<<<<<<<<<<<  3c2c3c3c3c3c3c3c3c3c3c3c3c3c3c3c
       496  <<<<<<<<<<<<<,<<  3c3c3c3c3c3c3c3c3c3c3c3c3c2c3c3c
       488  <<,<<<<<<<<<<<<<  3c3c2c3c3c3c3c3c3c3c3c3c3c3c3c3c
       485  <<<,<<<<<<<<<<<<  3c3c3c2c3c3c3c3c3c3c3c3c3c3c3c3c
       472  <<<<<<<<<<<<,<<<  3c3c3c3c3c3c3c3c3c3c3c3c2c3c3c3c
# epoch 12150  H=1.4399 C=1.3638 HO=0.0761  A(t)=1239
     19694  <<<<<<<<<<<<<<<<  3c3c3c3c3c3c3c3c3c3c3c3c3c3c3c3c
       547  ,,,,,,,,,,,,,,,,  2c2c2c2c2c2c2c2c2c2c2c2c2c2c2c2c
       526  ,<<<<<<<<<<<<<<<  2c3c3c3c3c3c3c3c3c3c3c3c3c3c3c3c
       524  <<<<<<<<<<<<<<<,  3c3c3c3c3c3c3c3c3c3c3c3c3c3c3c2c
       508  <<<<<<<<<<<<<<,<  3c3c3c3c3c3c3c3c3c3c3c3c3c3c2c3c
       507  <<,<<<<<<<<<<<<<  3c3c2c3c3c3c3c3c3c3c3c3c3c3c3c3c
       502  <<<,<<<<<<<<<<<<  3c3c3c2c3c3c3c3c3c3c3c3c3c3c3c3c
       502  <,<<<<<<<<<<<<<<  3c2c3c3c3c3c3c3c3c3c3c3c3c3c3c3c
       500  <<<<<<<<<<<<<,<<  3c3c3c3c3c3c3c3c3c3c3c3c3c2c3c3c
       497  <<<<<<<<<<<<,<<<  3c3c3c3c3c3c3c3c3c3c3c3c2c3c3c3c
# epoch 12200  H=1.4491 C=1.3563 HO=0.0928  A(t)=1239
     19813  <<<<<<<<<<<<<<<<  3c3c3c3c3c3c3c3c3c3c3c3c3c3c3c3c
       845  ,,,,,,,,,,,,,,,,  2c2c2c2c2c2c2c2c2c2c2c2c2c2c2c2c
       568  <<<<<<<<<<<<<<<,  3c3c3c3c3c3c3c3c3c3c3c3c3c3c3c2c
       547  ,<<<<<<<<<<<<<<<  2c3c3c3c3c3c3c3c3c3c3c3c3c3c3c3c
       536  <<<<<<<<<<<<<<,<  3c3c3c3c3c3c3c3c3c3c3c3c3c3c2c3c
       524  <,<<<<<<<<<<<<<<  3c2c3c3c3c3c3c3c3c3c3c3c3c3c3c3c
       522  <<,<<<<<<<<<<<<<  3c3c2c3c3c3c3c3c3c3c3c3c3c3c3c3c
       521  <<<<<<<<<<<<<,<<  3c3c3c3c3c3c3c3c3c3c3c3c3c2c3c3c
       499  <<<,<<<<<<<<<<<<  3c3c3c2c3c3c3c3c3c3c3c3c3c3c3c3c
       494  <<<<<<<<<<<<,<<<  3c3c3c3c3c3c3c3c3c3c3c3c2c3c3c3c
# epoch 12250  H=1.2562 C=1.2137 HO=0.0424  A(t)=1239
     20256  <<<<<<<<<<<<<<<<  3c3c3c3c3c3c3c3c3c3c3c3c3c3c3c3c
       732  ,,,,,,,,,,,,,,,,  2c2c2c2c2c2c2c2c2c2c2c2c2c2c2c2c
       546  <<<<<<<<<<<<<<<,  3c3c3c3c3c3c3c3c3c3c3c3c3c3c3c2c
       529  <<<<<<<<<<<<<<,<  3c3c3c3c3c3c3c3c3c3c3c3c3c3c2c3c
       529  ,<<<<<<<<<<<<<<<  2c3c3c3c3c3c3c3c3c3c3c3c3c3c3c3c
       522  <<<<<<<,<<<<<<<<  3c3c3c3c3c3c3c2c3c3c3c3c3c3c3c3c
       521  <<<<<<<<<<<<,<<<  3c3c3c3c3c3c3c3c3c3c3c3c2c3c3c3c
       520  <<<<<<<<<,<<<<<<  3c3c3c3c3c3c3c3c3c2c3c3c3c3c3c3c
       517  <<<<<<<<<<<<<,<<  3c3c3c3c3c3c3c3c3c3c3c3c3c2c3c3c
       517  <,<<<<<<<<<<<<<<  3c2c3c3c3c3c3c3c3c3c3c3c3c3c3c3c
# epoch 12300  H=1.1088 C=1.0763 HO=0.0325  A(t)=1239
     21460  <<<<<<<<<<<<<<<<  3c3c3c3c3c3c3c3c3c3c3c3c3c3c3c3c
       608  <<<<<,<<<<<<<<<<  3c3c3c3c3c2c3c3c3c3c3c3c3c3c3c3c
       606  <<<<<<<<<<<<<<<,  3c3c3c3c3c3c3c3c3c3c3c3c3c3c3c2c
       606  <<<<<<<<,<<<<<<<  3c3c3c3c3c3c3c3c2c3c3c3c3c3c3c3c
       602  <<<<<<<,<<<<<<<<  3c3c3c3c3c3c3c2c3c3c3c3c3c3c3c3c
       601  <<<<<<,<<<<<<<<<  3c3c3c3c3c3c2c3c3c3c3c3c3c3c3c3c
       600  <<<<<<<<<,<<<<<<  3c3c3c3c3c3c3c3c3c2c3c3c3c3c3c3c
       597  <<<<<<<<<<,<<<<<  3c3c3c3c3c3c3c3c3c3c2c3c3c3c3c3c
       597  ,<<<<<<<<<<<<<<<  2c3c3c3c3c3c3c3c3c3c3c3c3c3c3c3c
       592  <<<<<<<<<<<<<<,<  3c3c3c3c3c3c3c3c3c3c3c3c3c3c2c3c
# epoch 12350  H=1.1511 C=1.1339 HO=0.0171  A(t)=1243
     20759  <<<<<<<<<<<<<<<<  3c3c3c3c3c3c3c3c3c3c3c3c3c3c3c3c
       581  <<<<<<<<<<<<<<<,  3c3c3c3c3c3c3c3c3c3c3c3c3c3c3c2c
       571  ,<<<<<<<<<<<<<<<  2c3c3c3c3c3c3c3c3c3c3c3c3c3c3c3c
       564  <<<<<<<<<<<<<<,<  3c3c3c3c3c3c3c3c3c3c3c3c3c3c2c3c
       544  <<<<<<<<<<<<<,<<  3c3c3c3c3c3c3c3c3c3c3c3c3c2c3c3c
       544  <,<<<<<<<<<<<<<<  3c2c3c3c3c3c3c3c3c3c3c3c3c3c3c3c
       532  <<<<<<<<<<<<,<<<  3c3c3c3c3c3c3c3c3c3c3c3c2c3c3c3c
       527  <<,<<<<<<<<<<<<<  3c3c2c3c3c3c3c3c3c3c3c3c3c3c3c3c
       519  <<<<<<<<<,<<<<<<  3c3c3c3c3c3c3c3c3c2c3c3c3c3c3c3c
       519  <<<,<<<<<<<<<<<<  3c3c3c2c3c3c3c3c3c3c3c3c3c3c3c3c
# epoch 12400  H=1.0924 C=1.0898 HO=0.0026  A(t)=1244
     21615  <<<<<<<<<<<<<<<<  3c3c3c3c3c3c3c3c3c3c3c3c3c3c3c3c
       668  ,,,,,,,,,,,,,,,,  2c2c2c2c2c2c2c2c2c2c2c2c2c2c2c2c
       622  <<<<<<<<<<<<<<<,  3c3c3c3c3c3c3c3c3c3c3c3c3c3c3c2c
       589  <<<<<<<<<<<<<<,<  3c3c3c3c3c3c3c3c3c3c3c3c3c3c2c3c
       582  ,<<<<<<<<<<<<<<<  2c3c3c3c3c3c3c3c3c3c3c3c3c3c3c3c
       562  <<<<<<<<<<<<<,<<  3c3c3c3c3c3c3c3c3c3c3c3c3c2c3c3c
       559  <<<<<<<<<<<<,<<<  3c3c3c3c3c3c3c3c3c3c3c3c2c3c3c3c
       554  <<<<<<<<<<<,<<<<  3c3c3c3c3c3c3c3c3c3c3c2c3c3c3c3c
       549  <<<<<<<<<<,<<<<<  3c3c3c3c3c3c3c3c3c3c2c3c3c3c3c3c
       547  <,<<<<<<<<<<<<<<  3c2c3c3c3c3c3c3c3c3c3c3c3c3c3c3c
# epoch 12450  H=1.1296 C=1.0894 HO=0.0403  A(t)=1246
     21379  <<<<<<<<<<<<<<<<  3c3c3c3c3c3c3c3c3c3c3c3c3c3c3c3c
       602  ,,,,,,,,,,,,,,,,  2c2c2c2c2c2c2c2c2c2c2c2c2c2c2c2c
       546  <<<<<<<<<<<<<<<,  3c3c3c3c3c3c3c3c3c3c3c3c3c3c3c2c
       543  ,<<<<<<<<<<<<<<<  2c3c3c3c3c3c3c3c3c3c3c3c3c3c3c3c
       535  <,<<<<<<<<<<<<<<  3c2c3c3c3c3c3c3c3c3c3c3c3c3c3c3c
       521  <<<<<<<<<<<<<<,<  3c3c3c3c3c3c3c3c3c3c3c3c3c3c2c3c
       516  <<,<<<<<<<<<<<<<  3c3c2c3c3c3c3c3c3c3c3c3c3c3c3c3c
       490  <<<<<<<<<<<<<,<<  3c3c3c3c3c3c3c3c3c3c3c3c3c2c3c3c
       489  <<<,<<<<<<<<<<<<  3c3c3c2c3c3c3c3c3c3c3c3c3c3c3c3c
       485  <<<<<<<<<<<<,<<<  3c3c3c3c3c3c3c3c3c3c3c3c2c3c3c3c
# epoch 12500  H=1.0841 C=1.0563 HO=0.0279  A(t)=1247
     23011  <<<<<<<<<<<<<<<<  3c3c3c3c3c3c3c3c3c3c3c3c3c3c3c3c
       549  ,<<<<<<<<<<<<<<<  2c3c3c3c3c3c3c3c3c3c3c3c3c3c3c3c
       548  <<<<<<<<<<<<<<<,  3c3c3c3c3c3c3c3c3c3c3c3c3c3c3c2c
       541  ,,,,,,,,,,,,,,,,  2c2c2c2c2c2c2c2c2c2c2c2c2c2c2c2c
       530  <<<,<<<<<<<<<<<<  3c3c3c2c3c3c3c3c3c3c3c3c3c3c3c3c
       528  <<<<<<<,<<<<<<<<  3c3c3c3c3c3c3c2c3c3c3c3c3c3c3c3c
       526  <<<<<<<<,<<<<<<<  3c3c3c3c3c3c3c3c2c3c3c3c3c3c3c3c
       526  <<,<<<<<<<<<<<<<  3c3c2c3c3c3c3c3c3c3c3c3c3c3c3c3c
       524  <<<<,<<<<<<<<<<<  3c3c3c3c2c3c3c3c3c3c3c3c3c3c3c3c
       523  <<<<<<<<<<<,<<<<  3c3c3c3c3c3c3c3c3c3c3c2c3c3c3c3c
# epoch 12550  H=1.2161 C=1.1288 HO=0.0873  A(t)=1247
     21538  <<<<<<<<<<<<<<<<  3c3c3c3c3c3c3c3c3c3c3c3c3c3c3c3c
      1084  ,,,,,,,,,,,,,,,,  2c2c2c2c2c2c2c2c2c2c2c2c2c2c2c2c
       565  <<<<<<<<<<<<<<<,  3c3c3c3c3c3c3c3c3c3c3c3c3c3c3c2c
       543  ,<<<<<<<<<<<<<<<  2c3c3c3c3c3c3c3c3c3c3c3c3c3c3c3c
       535  <<<<<<<<<<<<<<,<  3c3c3c3c3c3c3c3c3c3c3c3c3c3c2c3c
       530  <<,<<<<<<<<<<<<<  3c3c2c3c3c3c3c3c3c3c3c3c3c3c3c3c
       529  <,<<<<<<<<<<<<<<  3c2c3c3c3c3c3c3c3c3c3c3c3c3c3c3c
       520  <<<<<<<<<<<<<,<<  3c3c3c3c3c3c3c3c3c3c3c3c3c2c3c3c
       518  <<<<<<,<<<<<<<<<  3c3c3c3c3c3c2c3c3c3c3c3c3c3c3c3c
       517  <<<<<,<<<<<<<<<<  3c3c3c3c3c2c3c3c3c3c3c3c3c3c3c3c
# epoch 12600  H=1.0860 C=1.0614 HO=0.0246  A(t)=1247
     22830  <<<<<<<<<<<<<<<<  3c3c3c3c3c3c3c3c3c3c3c3c3c3c3c3c
       687  ,,,,,,,,,,,,,,,,  2c2c2c2c2c2c2c2c2c2c2c2c2c2c2c2c
       544  <<<<<<<<<<<<<<<,  3c3c3c3c3c3c3c3c3c3c3c3c3c3c3c2c
       538  ,<<<<<<<<<<<<<<<  2c3c3c3c3c3c3c3c3c3c3c3c3c3c3c3c
       535  <<<<<<<<<<<<<<,<  3c3c3c3c3c3c3c3c3c3c3c3c3c3c2c3c
       524  <,<<<<<<<<<<<<<<  3c2c3c3c3c3c3c3c3c3c3c3c3c3c3c3c
       518  <<<<<<<<<<<<<,<<  3c3c3c3c3c3c3c3c3c3c3c3c3c2c3c3c
       509  <<<,<<<<<<<<<<<<  3c3c3c2c3c3c3c3c3c3c3c3c3c3c3c3c
       506  <<<<<<,<<<<<<<<<  3c3c3c3c3c3c2c3c3c3c3c3c3c3c3c3c
       505  <<<<<<<<<,<<<<<<  3c3c3c3c3c3c3c3c3c2c3c3c3c3c3c3c
# epoch 12650  H=1.0625 C=1.0497 HO=0.0128  A(t)=1247
     23839  <<<<<<<<<<<<<<<<  3c3c3c3c3c3c3c3c3c3c3c3c3c3c3c3c
       568  ,,,,,,,,,,,,,,,,  2c2c2c2c2c2c2c2c2c2c2c2c2c2c2c2c
       522  <,<<<<<<<<<<<<<<  3c2c3c3c3c3c3c3c3c3c3c3c3c3c3c3c
       518  ,<<<<<<<<<<<<<<<  2c3c3c3c3c3c3c3c3c3c3c3c3c3c3c3c
       513  <<<<<<<<<<<<<<<,  3c3c3c3c3c3c3c3c3c3c3c3c3c3c3c2c
       511  <<<,<<<<<<<<<<<<  3c3c3c2c3c3c3c3c3c3c3c3c3c3c3c3c
       507  <<<<<<<<<<<<<<,<  3c3c3c3c3c3c3c3c3c3c3c3c3c3c2c3c
       507  <<,<<<<<<<<<<<<<  3c3c2c3c3c3c3c3c3c3c3c3c3c3c3c3c
       504  <<<<,<<<<<<<<<<<  3c3c3c3c2c3c3c3c3c3c3c3c3c3c3c3c
       503  <<<<<<,<<<<<<<<<  3c3c3c3c3c3c2c3c3c3c3c3c3c3c3c3c
# epoch 12700  H=1.2067 C=1.1925 HO=0.0142  A(t)=1248
     22230  <<<<<<<<<<<<<<<<  3c3c3c3c3c3c3c3c3c3c3c3c3c3c3c3c
       533  <<<<<<<<<<<<<<<,  3c3c3c3c3c3c3c3c3c3c3c3c3c3c3c2c
       523  ,<<<<<<<<<<<<<<<  2c3c3c3c3c3c3c3c3c3c3c3c3c3c3c3c
       512  <<<<<<<<<<<<<<,<  3c3c3c3c3c3c3c3c3c3c3c3c3c3c2c3c
       512  <,<<<<<<<<<<<<<<  3c2c3c3c3c3c3c3c3c3c3c3c3c3c3c3c
       500  <<<<<<<<<<<<<,<<  3c3c3c3c3c3c3c3c3c3c3c3c3c2c3c3c
       499  <<,<<<<<<<<<<<<<  3c3c2c3c3c3c3c3c3c3c3c3c3c3c3c3c
       497  <<<,<<<<<<<<<<<<  3c3c3c2c3c3c3c3c3c3c3c3c3c3c3c3c
       495  <<<<<<<<<<<<,<<<  3c3c3c3c3c3c3c3c3c3c3c3c2c3c3c3c
       488  <<<<<<<<<<<,<<<<  3c3c3c3c3c3c3c3c3c3c3c2c3c3c3c3c
# epoch 12750  H=1.2457 C=1.2030 HO=0.0427  A(t)=1249
     21525  <<<<<<<<<<<<<<<<  3c3c3c3c3c3c3c3c3c3c3c3c3c3c3c3c
       514  <<<<<<<<<<<<<<<,  3c3c3c3c3c3c3c3c3c3c3c3c3c3c3c2c
       513  <<<<<<,<<<<<<<<<  3c3c3c3c3c3c2c3c3c3c3c3c3c3c3c3c
       512  <<<<<,<<<<<<<<<<  3c3c3c3c3c2c3c3c3c3c3c3c3c3c3c3c
       508  <<<<<<<<,<<<<<<<  3c3c3c3c3c3c3c3c2c3c3c3c3c3c3c3c
       508  <<<,<<<<<<<<<<<<  3c3c3c2c3c3c3c3c3c3c3c3c3c3c3c3c
       506  <<<<<<<<<<<<<<,<  3c3c3c3c3c3c3c3c3c3c3c3c3c3c2c3c
       505  <<<<,<<<<<<<<<<<  3c3c3c3c2c3c3c3c3c3c3c3c3c3c3c3c
       504  <<<<<<<<<<<<<,<<  3c3c3c3c3c3c3c3c3c3c3c3c3c2c3c3c
       504  <<<<<<<,<<<<<<<<  3c3c3c3c3c3c3c2c3c3c3c3c3c3c3c3c
# epoch 12800  H=1.2300 C=1.1888 HO=0.0412  A(t)=1256
     22531  <<<<<<<<<<<<<<<<  3c3c3c3c3c3c3c3c3c3c3c3c3c3c3c3c
       515  <<<<<<<<<<<<<<<,  3c3c3c3c3c3c3c3c3c3c3c3c3c3c3c2c
       512  <<<<<<<<<<<<<<,<  3c3c3c3c3c3c3c3c3c3c3c3c3c3c2c3c
       505  ,<<<<<<<<<<<<<<<  2c3c3c3c3c3c3c3c3c3c3c3c3c3c3c3c
       494  <,<<<<<<<<<<<<<<  3c2c3c3c3c3c3c3c3c3c3c3c3c3c3c3c
       490  <<<<<<<<<<<<<,<<  3c3c3c3c3c3c3c3c3c3c3c3c3c2c3c3c
       483  <<,<<<<<<<<<<<<<  3c3c2c3c3c3c3c3c3c3c3c3c3c3c3c3c
       478  <<<<<<<<<<<<,<<<  3c3c3c3c3c3c3c3c3c3c3c3c2c3c3c3c
       462  <<<,<<<<<<<<<<<<  3c3c3c2c3c3c3c3c3c3c3c3c3c3c3c3c
       457  <<<<<<<<<<<,<<<<  3c3c3c3c3c3c3c3c3c3c3c2c3c3c3c3c
# epoch 12850  H=1.2997 C=1.2206 HO=0.0791  A(t)=1260
     21343  <<<<<<<<<<<<<<<<  3c3c3c3c3c3c3c3c3c3c3c3c3c3c3c3c
       688  ,,,,,,,,,,,,,,,,  2c2c2c2c2c2c2c2c2c2c2c2c2c2c2c2c
       505  <<<<<<<<<<<<<<<,  3c3c3c3c3c3c3c3c3c3c3c3c3c3c3c2c
       476  <<<<<<<<<<<<<<,<  3c3c3c3c3c3c3c3c3c3c3c3c3c3c2c3c
       475  ,<<<<<<<<<<<<<<<  2c3c3c3c3c3c3c3c3c3c3c3c3c3c3c3c
       462  <,<<<<<<<<<<<<<<  3c2c3c3c3c3c3c3c3c3c3c3c3c3c3c3c
       455  <<,<<<<<<<<<<<<<  3c3c2c3c3c3c3c3c3c3c3c3c3c3c3c3c
       452  <<<<<<<<<<<<<,<<  3c3c3c3c3c3c3c3c3c3c3c3c3c2c3c3c
       445  <<<,<<<<<<<<<<<<  3c3c3c2c3c3c3c3c3c3c3c3c3c3c3c3c
       436  <<<<<<<<<<<<,<<<  3c3c3c3c3c3c3c3c3c3c3c3c2c3c3c3c
# epoch 12900  H=1.3471 C=1.2729 HO=0.0741  A(t)=1260
     20451  <<<<<<<<<<<<<<<<  3c3c3c3c3c3c3c3c3c3c3c3c3c3c3c3c
       600  ,,,,,,,,,,,,,,,,  2c2c2c2c2c2c2c2c2c2c2c2c2c2c2c2c
       498  <<<<<<<<<<<<<<<,  3c3c3c3c3c3c3c3c3c3c3c3c3c3c3c2c
       485  ,<<<<<<<<<<<<<<<  2c3c3c3c3c3c3c3c3c3c3c3c3c3c3c3c
       472  <,<<<<<<<<<<<<<<  3c2c3c3c3c3c3c3c3c3c3c3c3c3c3c3c
       471  <<,<<<<<<<<<<<<<  3c3c2c3c3c3c3c3c3c3c3c3c3c3c3c3c
       463  <<<<<<<<<<<<<<,<  3c3c3c3c3c3c3c3c3c3c3c3c3c3c2c3c
       458  <<<<<<<<<<<<<,<<  3c3c3c3c3c3c3c3c3c3c3c3c3c2c3c3c
       456  <<<,<<<<<<<<<<<<  3c3c3c2c3c3c3c3c3c3c3c3c3c3c3c3c
       444  <<<<,<<<<<<<<<<<  3c3c3c3c2c3c3c3c3c3c3c3c3c3c3c3c
# epoch 12950  H=1.3186 C=1.2618 HO=0.0568  A(t)=1261
     21003  <<<<<<<<<<<<<<<<  3c3c3c3c3c3c3c3c3c3c3c3c3c3c3c3c
       493  <<<<<<<<<<<<<<<,  3c3c3c3c3c3c3c3c3c3c3c3c3c3c3c2c
       466  ,<<<<<<<<<<<<<<<  2c3c3c3c3c3c3c3c3c3c3c3c3c3c3c3c
       461  <<<<<<<<<<<<<<,<  3c3c3c3c3c3c3c3c3c3c3c3c3c3c2c3c
       443  <,<<<<<<<<<<<<<<  3c2c3c3c3c3c3c3c3c3c3c3c3c3c3c3c
       434  <<<<<<<<<<<<<,<<  3c3c3c3c3c3c3c3c3c3c3c3c3c2c3c3c
       425  <<,<<<<<<<<<<<<<  3c3c2c3c3c3c3c3c3c3c3c3c3c3c3c3c
       413  <<<<<<<<<<<<,<<<  3c3c3c3c3c3c3c3c3c3c3c3c2c3c3c3c
       407  <<<,<<<<<<<<<<<<  3c3c3c2c3c3c3c3c3c3c3c3c3c3c3c3c
       403  <<<<<<,<<<<<<<<<  3c3c3c3c3c3c2c3c3c3c3c3c3c3c3c3c
# epoch 13000  H=1.3450 C=1.2676 HO=0.0774  A(t)=1271
     21104  <<<<<<<<<<<<<<<<  3c3c3c3c3c3c3c3c3c3c3c3c3c3c3c3c
       558  ,,,,,,,,,,,,,,,,  2c2c2c2c2c2c2c2c2c2c2c2c2c2c2c2c
       466  <<<<<<<<<<<<<<<,  3c3c3c3c3c3c3c3c3c3c3c3c3c3c3c2c
       454  ,<<<<<<<<<<<<<<<  2c3c3c3c3c3c3c3c3c3c3c3c3c3c3c3c
       443  <<<<<<<<<<<<<,<<  3c3c3c3c3c3c3c3c3c3c3c3c3c2c3c3c
       436  <<<<<<<<<<<<<<,<  3c3c3c3c3c3c3c3c3c3c3c3c3c3c2c3c
       436  <<<<<<<<<<<<,<<<  3c3c3c3c3c3c3c3c3c3c3c3c2c3c3c3c
       433  <,<<<<<<<<<<<<<<  3c2c3c3c3c3c3c3c3c3c3c3c3c3c3c3c
       430  <<<,<<<<<<<<<<<<  3c3c3c2c3c3c3c3c3c3c3c3c3c3c3c3c
       426  <<,<<<<<<<<<<<<<  3c3c2c3c3c3c3c3c3c3c3c3c3c3c3c3c
# epoch 13050  H=1.3764 C=1.2452 HO=0.1312  A(t)=1274
     21161  <<<<<<<<<<<<<<<<  3c3c3c3c3c3c3c3c3c3c3c3c3c3c3c3c
       733  ,,,,,,,,,,,,,,,,  2c2c2c2c2c2c2c2c2c2c2c2c2c2c2c2c
       497  <<<<<<<<<<<<<<<,  3c3c3c3c3c3c3c3c3c3c3c3c3c3c3c2c
       487  ,<<<<<<<<<<<<<<<  2c3c3c3c3c3c3c3c3c3c3c3c3c3c3c3c
       471  <,<<<<<<<<<<<<<<  3c2c3c3c3c3c3c3c3c3c3c3c3c3c3c3c
       468  <<,<<<<<<<<<<<<<  3c3c2c3c3c3c3c3c3c3c3c3c3c3c3c3c
       465  <<<<<<<<<<<<<<,<  3c3c3c3c3c3c3c3c3c3c3c3c3c3c2c3c
       455  <<<<<<<<<<<<<,<<  3c3c3c3c3c3c3c3c3c3c3c3c3c2c3c3c
       453  <<<,<<<<<<<<<<<<  3c3c3c2c3c3c3c3c3c3c3c3c3c3c3c3c
       452  <<<<<<<<<<<<,<<<  3c3c3c3c3c3c3c3c3c3c3c3c2c3c3c3c
# epoch 13100  H=1.3712 C=1.2684 HO=0.1027  A(t)=1284
     20601  <<<<<<<<<<<<<<<<  3c3c3c3c3c3c3c3c3c3c3c3c3c3c3c3c
       679  ,,,,,,,,,,,,,,,,  2c2c2c2c2c2c2c2c2c2c2c2c2c2c2c2c
       465  <<<<<<<<<<<<<<<,  3c3c3c3c3c3c3c3c3c3c3c3c3c3c3c2c
       463  <,<<<<<<<<<<<<<<  3c2c3c3c3c3c3c3c3c3c3c3c3c3c3c3c
       460  <<,<<<<<<<<<<<<<  3c3c2c3c3c3c3c3c3c3c3c3c3c3c3c3c
       459  <<<,<<<<<<<<<<<<  3c3c3c2c3c3c3c3c3c3c3c3c3c3c3c3c
       458  <<<<,<<<<<<<<<<<  3c3c3c3c2c3c3c3c3c3c3c3c3c3c3c3c
       451  ,<<<<<<<<<<<<<<<  2c3c3c3c3c3c3c3c3c3c3c3c3c3c3c3c
       448  <<<<<<<<<<<<<<,<  3c3c3c3c3c3c3c3c3c3c3c3c3c3c2c3c
       444  <<<<<<<<<<<<<,<<  3c3c3c3c3c3c3c3c3c3c3c3c3c2c3c3c
# epoch 13150  H=1.2494 C=1.2122 HO=0.0373  A(t)=1294
     21654  <<<<<<<<<<<<<<<<  3c3c3c3c3c3c3c3c3c3c3c3c3c3c3c3c
       546  <<<<<<<<<<<<<<<,  3c3c3c3c3c3c3c3c3c3c3c3c3c3c3c2c
       533  ,<<<<<<<<<<<<<<<  2c3c3c3c3c3c3c3c3c3c3c3c3c3c3c3c
       524  <<<<<<<<<<<<<,<<  3c3c3c3c3c3c3c3c3c3c3c3c3c2c3c3c
       517  <<<<<<<<<<<<<<,<  3c3c3c3c3c3c3c3c3c3c3c3c3c3c2c3c
       515  <,<<<<<<<<<<<<<<  3c2c3c3c3c3c3c3c3c3c3c3c3c3c3c3c
       513  <<,<<<<<<<<<<<<<  3c3c2c3c3c3c3c3c3c3c3c3c3c3c3c3c
       504  <<<<<,<<<<<<<<<<  3c3c3c3c3c2c3c3c3c3c3c3c3c3c3c3c
       503  <<<<,<<<<<<<<<<<  3c3c3c3c2c3c3c3c3c3c3c3c3c3c3c3c
       501  <<<<<<<<<<<<,<<<  3c3c3c3c3c3c3c3c3c3c3c3c2c3c3c3c
# epoch 13200  H=1.2556 C=1.1949 HO=0.0607  A(t)=1298
     21665  <<<<<<<<<<<<<<<<  3c3c3c3c3c3c3c3c3c3c3c3c3c3c3c3c
       535  <<<<<<<<<<<<<<<,  3c3c3c3c3c3c3c3c3c3c3c3c3c3c3c2c
       510  <<<<<<<<<<<<<<,<  3c3c3c3c3c3c3c3c3c3c3c3c3c3c2c3c
       498  <<<<<<<<<<<<<,<<  3c3c3c3c3c3c3c3c3c3c3c3c3c2c3c3c
       498  ,<<<<<<<<<<<<<<<  2c3c3c3c3c3c3c3c3c3c3c3c3c3c3c3c
       492  <<<<<<<<<<<<,<<<  3c3c3c3c3c3c3c3c3c3c3c3c2c3c3c3c
       490  <,<<<<<<<<<<<<<<  3c2c3c3c3c3c3c3c3c3c3c3c3c3c3c3c
       481  <<,<<<<<<<<<<<<<  3c3c2c3c3c3c3c3c3c3c3c3c3c3c3c3c
       480  <<<<<<<<<<,<<<<<  3c3c3c3c3c3c3c3c3c3c2c3c3c3c3c3c
       477  <<<<<<<,<<<<<<<<  3c3c3c3c3c3c3c2c3c3c3c3c3c3c3c3c
# epoch 13250  H=1.3809 C=1.3018 HO=0.0792  A(t)=1301
     19502  <<<<<<<<<<<<<<<<  3c3c3c3c3c3c3c3c3c3c3c3c3c3c3c3c
       537  ,,,,,,,,,,,,,,,,  2c2c2c2c2c2c2c2c2c2c2c2c2c2c2c2c
       506  <<<<<<<<<<<<<<<,  3c3c3c3c3c3c3c3c3c3c3c3c3c3c3c2c
       470  ,<<<<<<<<<<<<<<<  2c3c3c3c3c3c3c3c3c3c3c3c3c3c3c3c
       469  <<<<<<<<<<<<<<,<  3c3c3c3c3c3c3c3c3c3c3c3c3c3c2c3c
       468  <<<<<<<<<<<<<,<<  3c3c3c3c3c3c3c3c3c3c3c3c3c2c3c3c
       467  <<<<<<<<<<<<,<<<  3c3c3c3c3c3c3c3c3c3c3c3c2c3c3c3c
       464  <<<<<<<<<<<,<<<<  3c3c3c3c3c3c3c3c3c3c3c2c3c3c3c3c
       460  <<<<<<<,<<<<<<<<  3c3c3c3c3c3c3c2c3c3c3c3c3c3c3c3c
       458  <<<<<<<<<<,<<<<<  3c3c3c3c3c3c3c3c3c3c2c3c3c3c3c3c
# epoch 13300  H=1.3565 C=1.2975 HO=0.0591  A(t)=1301
     20866  <<<<<<<<<<<<<<<<  3c3c3c3c3c3c3c3c3c3c3c3c3c3c3c3c
       551  ,,,,,,,,,,,,,,,,  2c2c2c2c2c2c2c2c2c2c2c2c2c2c2c2c
       483  <<<<<<<<<<<<<<<,  3c3c3c3c3c3c3c3c3c3c3c3c3c3c3c2c
       482  ,<<<<<<<<<<<<<<<  2c3c3c3c3c3c3c3c3c3c3c3c3c3c3c3c
       462  <<<<<<<<<<<<<<,<  3c3c3c3c3c3c3c3c3c3c3c3c3c3c2c3c
       456  <,<<<<<<<<<<<<<<  3c2c3c3c3c3c3c3c3c3c3c3c3c3c3c3c
       451  <<<<<<<<<<<<,<<<  3c3c3c3c3c3c3c3c3c3c3c3c2c3c3c3c
       446  <<<<<<<<<<<<<,<<  3c3c3c3c3c3c3c3c3c3c3c3c3c2c3c3c
       438  <<,<<<<<<<<<<<<<  3c3c2c3c3c3c3c3c3c3c3c3c3c3c3c3c
       437  <<<<<<<<<<<,<<<<  3c3c3c3c3c3c3c3c3c3c3c2c3c3c3c3c
# epoch 13350  H=1.3775 C=1.3103 HO=0.0672  A(t)=1308
     19101  <<<<<<<<<<<<<<<<  3c3c3c3c3c3c3c3c3c3c3c3c3c3c3c3c
       561  ,,,,,,,,,,,,,,,,  2c2c2c2c2c2c2c2c2c2c2c2c2c2c2c2c
       451  <<<<<<<<<<<<<<<,  3c3c3c3c3c3c3c3c3c3c3c3c3c3c3c2c
       444  ,<<<<<<<<<<<<<<<  2c3c3c3c3c3c3c3c3c3c3c3c3c3c3c3c
       435  <,<<<<<<<<<<<<<<  3c2c3c3c3c3c3c3c3c3c3c3c3c3c3c3c
       434  <<,<<<<<<<<<<<<<  3c3c2c3c3c3c3c3c3c3c3c3c3c3c3c3c
       433  <<<<<<<<<<<<<<,<  3c3c3c3c3c3c3c3c3c3c3c3c3c3c2c3c
       430  <<<,<<<<<<<<<<<<  3c3c3c2c3c3c3c3c3c3c3c3c3c3c3c3c
       423  <<<<<<<<,<<<<<<<  3c3c3c3c3c3c3c3c2c3c3c3c3c3c3c3c
       422  <<<<<<<<<<,<<<<<  3c3c3c3c3c3c3c3c3c3c2c3c3c3c3c3c
# epoch 13400  H=1.3492 C=1.2540 HO=0.0952  A(t)=1323
     19037  <<<<<<<<<<<<<<<<  3c3c3c3c3c3c3c3c3c3c3c3c3c3c3c3c
       612  ,,,,,,,,,,,,,,,,  2c2c2c2c2c2c2c2c2c2c2c2c2c2c2c2c
       503  <<<<<<<<<<<<<<<,  3c3c3c3c3c3c3c3c3c3c3c3c3c3c3c2c
       476  ,<<<<<<<<<<<<<<<  2c3c3c3c3c3c3c3c3c3c3c3c3c3c3c3c
       470  <<<<<<<<<<<<<<,<  3c3c3c3c3c3c3c3c3c3c3c3c3c3c2c3c
       460  <,<<<<<<<<<<<<<<  3c2c3c3c3c3c3c3c3c3c3c3c3c3c3c3c
       450  <<,<<<<<<<<<<<<<  3c3c2c3c3c3c3c3c3c3c3c3c3c3c3c3c
       444  <<<<<<<<<<<<<,<<  3c3c3c3c3c3c3c3c3c3c3c3c3c2c3c3c
       439  <<<,<<<<<<<<<<<<  3c3c3c2c3c3c3c3c3c3c3c3c3c3c3c3c
       438  <<<<,<<<<<<<<<<<  3c3c3c3c2c3c3c3c3c3c3c3c3c3c3c3c
# epoch 13450  H=1.3509 C=1.2565 HO=0.0945  A(t)=1323
     18289  <<<<<<<<<<<<<<<<  3c3c3c3c3c3c3c3c3c3c3c3c3c3c3c3c
       624  ,,,,,,,,,,,,,,,,  2c2c2c2c2c2c2c2c2c2c2c2c2c2c2c2c
       535  <<<<<<<<<<<<<<<,  3c3c3c3c3c3c3c3c3c3c3c3c3c3c3c2c
       531  ,<<<<<<<<<<<<<<<  2c3c3c3c3c3c3c3c3c3c3c3c3c3c3c3c
       509  <<<<<<<<<<<<<,<<  3c3c3c3c3c3c3c3c3c3c3c3c3c2c3c3c
       508  <<<<<<<<<<<<<<,<  3c3c3c3c3c3c3c3c3c3c3c3c3c3c2c3c
       508  <<,<<<<<<<<<<<<<  3c3c2c3c3c3c3c3c3c3c3c3c3c3c3c3c
       506  <<<<<<,<<<<<<<<<  3c3c3c3c3c3c2c3c3c3c3c3c3c3c3c3c
       505  <,<<<<<<<<<<<<<<  3c2c3c3c3c3c3c3c3c3c3c3c3c3c3c3c
       498  <<<<<<<,<<<<<<<<  3c3c3c3c3c3c3c2c3c3c3c3c3c3c3c3c
# epoch 13500  H=1.3618 C=1.2675 HO=0.0944  A(t)=1325
     20267  <<<<<<<<<<<<<<<<  3c3c3c3c3c3c3c3c3c3c3c3c3c3c3c3c
       647  ,,,,,,,,,,,,,,,,  2c2c2c2c2c2c2c2c2c2c2c2c2c2c2c2c
       536  <<<<<<<<<<<<<<<,  3c3c3c3c3c3c3c3c3c3c3c3c3c3c3c2c
       527  ,<<<<<<<<<<<<<<<  2c3c3c3c3c3c3c3c3c3c3c3c3c3c3c3c
       514  <,<<<<<<<<<<<<<<  3c2c3c3c3c3c3c3c3c3c3c3c3c3c3c3c
       506  <<<<<<<<<<<<<<,<  3c3c3c3c3c3c3c3c3c3c3c3c3c3c2c3c
       504  <<,<<<<<<<<<<<<<  3c3c2c3c3c3c3c3c3c3c3c3c3c3c3c3c
       496  <<<<<<<<<<<<<,<<  3c3c3c3c3c3c3c3c3c3c3c3c3c2c3c3c
       491  <<<<,<<<<<<<<<<<  3c3c3c3c2c3c3c3c3c3c3c3c3c3c3c3c
       482  <<<,<<<<<<<<<<<<  3c3c3c2c3c3c3c3c3c3c3c3c3c3c3c3c
# epoch 13550  H=1.3270 C=1.2651 HO=0.0619  A(t)=1328
     19022  <<<<<<<<<<<<<<<<  3c3c3c3c3c3c3c3c3c3c3c3c3c3c3c3c
       553  <<<<<<<<<<<<<<<,  3c3c3c3c3c3c3c3c3c3c3c3c3c3c3c2c
       545  ,,,,,,,,,,,,,,,,  2c2c2c2c2c2c2c2c2c2c2c2c2c2c2c2c
       526  ,<<<<<<<<<<<<<<<  2c3c3c3c3c3c3c3c3c3c3c3c3c3c3c3c
       525  <<<<<<<<<<<<<<,<  3c3c3c3c3c3c3c3c3c3c3c3c3c3c2c3c
       510  <<<<<<<<<<<,<<<<  3c3c3c3c3c3c3c3c3c3c3c2c3c3c3c3c
       510  <,<<<<<<<<<<<<<<  3c2c3c3c3c3c3c3c3c3c3c3c3c3c3c3c
       509  <<<<<<<<<<<<,<<<  3c3c3c3c3c3c3c3c3c3c3c3c2c3c3c3c
       507  <<<<<<<<<<<<<,<<  3c3c3c3c3c3c3c3c3c3c3c3c3c2c3c3c
       506  <<<<<<<<<<,<<<<<  3c3c3c3c3c3c3c3c3c3c2c3c3c3c3c3c
# epoch 13600  H=1.3860 C=1.3104 HO=0.0756  A(t)=1328
     19799  <<<<<<<<<<<<<<<<  3c3c3c3c3c3c3c3c3c3c3c3c3c3c3c3c
       507  <<<<<<<<<<<<<<<,  3c3c3c3c3c3c3c3c3c3c3c3c3c3c3c2c
       499  ,<<<<<<<<<<<<<<<  2c3c3c3c3c3c3c3c3c3c3c3c3c3c3c3c
       475  <<<<<<<<<<<<<<,<  3c3c3c3c3c3c3c3c3c3c3c3c3c3c2c3c
       473  <,<<<<<<<<<<<<<<  3c2c3c3c3c3c3c3c3c3c3c3c3c3c3c3c
       463  <<<<<<<<<<<<<,<<  3c3c3c3c3c3c3c3c3c3c3c3c3c2c3c3c
       459  <<,<<<<<<<<<<<<<  3c3c2c3c3c3c3c3c3c3c3c3c3c3c3c3c
       454  <<<<<<<<<<<,<<<<  3c3c3c3c3c3c3c3c3c3c3c2c3c3c3c3c
       453  <<<,<<<<<<<<<<<<  3c3c3c2c3c3c3c3c3c3c3c3c3c3c3c3c
       451  <<<<,<<<<<<<<<<<  3c3c3c3c2c3c3c3c3c3c3c3c3c3c3c3c
# epoch 13650  H=1.3924 C=1.3046 HO=0.0879  A(t)=1336
     19760  <<<<<<<<<<<<<<<<  3c3c3c3c3c3c3c3c3c3c3c3c3c3c3c3c
       654  ,,,,,,,,,,,,,,,,  2c2c2c2c2c2c2c2c2c2c2c2c2c2c2c2c
       488  <<<<<<<<<<<<<<<,  3c3c3c3c3c3c3c3c3c3c3c3c3c3c3c2c
       471  ,<<<<<<<<<<<<<<<  2c3c3c3c3c3c3c3c3c3c3c3c3c3c3c3c
       459  <<<<<<<<<<<<<<,<  3c3c3c3c3c3c3c3c3c3c3c3c3c3c2c3c
       458  <,<<<<<<<<<<<<<<  3c2c3c3c3c3c3c3c3c3c3c3c3c3c3c3c
       455  <<,<<<<<<<<<<<<<  3c3c2c3c3c3c3c3c3c3c3c3c3c3c3c3c
       451  <<<<<<<<<<<<<,<<  3c3c3c3c3c3c3c3c3c3c3c3c3c2c3c3c
       451  <<<<<<<<<<<<,<<<  3c3c3c3c3c3c3c3c3c3c3c3c2c3c3c3c
       448  <<<<<<<<<<,<<<<<  3c3c3c3c3c3c3c3c3c3c2c3c3c3c3c3c
# epoch 13700  H=1.2599 C=1.1997 HO=0.0601  A(t)=1339
     21895  <<<<<<<<<<<<<<<<  3c3c3c3c3c3c3c3c3c3c3c3c3c3c3c3c
       834  ,,,,,,,,,,,,,,,,  2c2c2c2c2c2c2c2c2c2c2c2c2c2c2c2c
       531  <<<<<<<<<<<<<<<,  3c3c3c3c3c3c3c3c3c3c3c3c3c3c3c2c
       526  ,<<<<<<<<<<<<<<<  2c3c3c3c3c3c3c3c3c3c3c3c3c3c3c3c
       510  <<<<<<<<<<<<<<,<  3c3c3c3c3c3c3c3c3c3c3c3c3c3c2c3c
       509  <,<<<<<<<<<<<<<<  3c2c3c3c3c3c3c3c3c3c3c3c3c3c3c3c
       508  <<<,<<<<<<<<<<<<  3c3c3c2c3c3c3c3c3c3c3c3c3c3c3c3c
       502  <<,<<<<<<<<<<<<<  3c3c2c3c3c3c3c3c3c3c3c3c3c3c3c3c
       498  <<<<,<<<<<<<<<<<  3c3c3c3c2c3c3c3c3c3c3c3c3c3c3c3c
       496  <<<<<,<<<<<<<<<<  3c3c3c3c3c2c3c3c3c3c3c3c3c3c3c3c
# epoch 13750  H=1.3409 C=1.2485 HO=0.0923  A(t)=1340
     20773  <<<<<<<<<<<<<<<<  3c3c3c3c3c3c3c3c3c3c3c3c3c3c3c3c
       495  <<<<<<<<<<<<<<<,  3c3c3c3c3c3c3c3c3c3c3c3c3c3c3c2c
       493  ,,,,,,,,,,,,,,,,  2c2c2c2c2c2c2c2c2c2c2c2c2c2c2c2c
       492  <<<<<<<<<<<,<<<<  3c3c3c3c3c3c3c3c3c3c3c2c3c3c3c3c
       492  <<<<<<<<<<,<<<<<  3c3c3c3c3c3c3c3c3c3c2c3c3c3c3c3c
       489  <<<<<<,<<<<<<<<<  3c3c3c3c3c3c2c3c3c3c3c3c3c3c3c3c
       487  <<<<<<<,<<<<<<<<  3c3c3c3c3c3c3c2c3c3c3c3c3c3c3c3c
       486  <<<<<<<<<,<<<<<<  3c3c3c3c3c3c3c3c3c2c3c3c3c3c3c3c
       483  ,<<<<<<<<<<<<<<<  2c3c3c3c3c3c3c3c3c3c3c3c3c3c3c3c
       480  <<<<<<<<,<<<<<<<  3c3c3c3c3c3c3c3c2c3c3c3c3c3c3c3c
# epoch 13800  H=1.2777 C=1.2089 HO=0.0688  A(t)=1341
     19270  <<<<<<<<<<<<<<<<  3c3c3c3c3c3c3c3c3c3c3c3c3c3c3c3c
       868  ,,,,,,,,,,,,,,,,  2c2c2c2c2c2c2c2c2c2c2c2c2c2c2c2c
       558  <<<<<<<<<<<<<<<,  3c3c3c3c3c3c3c3c3c3c3c3c3c3c3c2c
       551  ,<<<<<<<<<<<<<<<  2c3c3c3c3c3c3c3c3c3c3c3c3c3c3c3c
       515  <,<<<<<<<<<<<<<<  3c2c3c3c3c3c3c3c3c3c3c3c3c3c3c3c
       513  <<<<<<<<<<<<<<,<  3c3c3c3c3c3c3c3c3c3c3c3c3c3c2c3c
       488  <<,<<<<<<<<<<<<<  3c3c2c3c3c3c3c3c3c3c3c3c3c3c3c3c
       487  <<<<<<<<<<<<<,<<  3c3c3c3c3c3c3c3c3c3c3c3c3c2c3c3c
       471  <<<<<<<<<<<<,<<<  3c3c3c3c3c3c3c3c3c3c3c3c2c3c3c3c
       470  <<<,<<<<<<<<<<<<  3c3c3c2c3c3c3c3c3c3c3c3c3c3c3c3c
# epoch 13850  H=1.1784 C=1.0909 HO=0.0874  A(t)=1341
     22756  <<<<<<<<<<<<<<<<  3c3c3c3c3c3c3c3c3c3c3c3c3c3c3c3c
       843  ,,,,,,,,,,,,,,,,  2c2c2c2c2c2c2c2c2c2c2c2c2c2c2c2c
       575  <<<<<<<<<<<<<<<,  3c3c3c3c3c3c3c3c3c3c3c3c3c3c3c2c
       573  ,<<<<<<<<<<<<<<<  2c3c3c3c3c3c3c3c3c3c3c3c3c3c3c3c
       547  <<<<<<<<<<<<<<,<  3c3c3c3c3c3c3c3c3c3c3c3c3c3c2c3c
       537  <,<<<<<<<<<<<<<<  3c2c3c3c3c3c3c3c3c3c3c3c3c3c3c3c
       530  <<<<<<<<<<<<<,<<  3c3c3c3c3c3c3c3c3c3c3c3c3c2c3c3c
       520  <<,<<<<<<<<<<<<<  3c3c2c3c3c3c3c3c3c3c3c3c3c3c3c3c
       506  <<<<<<<<<<<<,<<<  3c3c3c3c3c3c3c3c3c3c3c3c2c3c3c3c
       492  <<<<<<<<<<<,<<<<  3c3c3c3c3c3c3c3c3c3c3c2c3c3c3c3c
# epoch 13900  H=1.1858 C=1.1151 HO=0.0707  A(t)=1341
     22120  <<<<<<<<<<<<<<<<  3c3c3c3c3c3c3c3c3c3c3c3c3c3c3c3c
       941  ,,,,,,,,,,,,,,,,  2c2c2c2c2c2c2c2c2c2c2c2c2c2c2c2c
       549  <<<<<<<<<<<<<<<,  3c3c3c3c3c3c3c3c3c3c3c3c3c3c3c2c
       528  <<<<<<<<<<<<<<,<  3c3c3c3c3c3c3c3c3c3c3c3c3c3c2c3c
       517  ,<<<<<<<<<<<<<<<  2c3c3c3c3c3c3c3c3c3c3c3c3c3c3c3c
       506  <<<<<<<<<<<<<,<<  3c3c3c3c3c3c3c3c3c3c3c3c3c2c3c3c
       493  <,<<<<<<<<<<<<<<  3c2c3c3c3c3c3c3c3c3c3c3c3c3c3c3c
       492  <<,<<<<<<<<<<<<<  3c3c2c3c3c3c3c3c3c3c3c3c3c3c3c3c
       488  <<<<<<<<<<<<,<<<  3c3c3c3c3c3c3c3c3c3c3c3c2c3c3c3c
       483  <<<<<<<<<<,<<<<<  3c3c3c3c3c3c3c3c3c3c2c3c3c3c3c3c
# epoch 13950  H=1.1431 C=1.0990 HO=0.0441  A(t)=1341
     22647  <<<<<<<<<<<<<<<<  3c3c3c3c3c3c3c3c3c3c3c3c3c3c3c3c
       685  ,,,,,,,,,,,,,,,,  2c2c2c2c2c2c2c2c2c2c2c2c2c2c2c2c
       569  <<<<<<<<<<<<<<<,  3c3c3c3c3c3c3c3c3c3c3c3c3c3c3c2c
       560  <<<<<,<<<<<<<<<<  3c3c3c3c3c2c3c3c3c3c3c3c3c3c3c3c
       553  <<<<<<,<<<<<<<<<  3c3c3c3c3c3c2c3c3c3c3c3c3c3c3c3c
       551  <<<<<<<<<,<<<<<<  3c3c3c3c3c3c3c3c3c2c3c3c3c3c3c3c
       548  <<<<<<<<<<<<<<,<  3c3c3c3c3c3c3c3c3c3c3c3c3c3c2c3c
       548  <<<<<<<<,<<<<<<<  3c3c3c3c3c3c3c3c2c3c3c3c3c3c3c3c
       547  <<<<<<<<<<,<<<<<  3c3c3c3c3c3c3c3c3c3c2c3c3c3c3c3c
       547  <<<<<<<,<<<<<<<<  3c3c3c3c3c3c3c2c3c3c3c3c3c3c3c3c
# epoch 14000  H=1.1531 C=1.0911 HO=0.0620  A(t)=1341
     22460  <<<<<<<<<<<<<<<<  3c3c3c3c3c3c3c3c3c3c3c3c3c3c3c3c
       585  ,,,,,,,,,,,,,,,,  2c2c2c2c2c2c2c2c2c2c2c2c2c2c2c2c
       541  ,<<<<<<<<<<<<<<<  2c3c3c3c3c3c3c3c3c3c3c3c3c3c3c3c
       537  <<<<<<<<<<<<<<<,  3c3c3c3c3c3c3c3c3c3c3c3c3c3c3c2c
       515  <,<<<<<<<<<<<<<<  3c2c3c3c3c3c3c3c3c3c3c3c3c3c3c3c
       509  <<,<<<<<<<<<<<<<  3c3c2c3c3c3c3c3c3c3c3c3c3c3c3c3c
       500  <<<<<<<<<<<<<<,<  3c3c3c3c3c3c3c3c3c3c3c3c3c3c2c3c
       497  <<<,<<<<<<<<<<<<  3c3c3c2c3c3c3c3c3c3c3c3c3c3c3c3c
       488  <<<<,<<<<<<<<<<<  3c3c3c3c2c3c3c3c3c3c3c3c3c3c3c3c
       471  <<<<<<<<<<<<<,<<  3c3c3c3c3c3c3c3c3c3c3c3c3c2c3c3c
# epoch 14050  H=1.1546 C=1.0608 HO=0.0938  A(t)=1341
     22574  <<<<<<<<<<<<<<<<  3c3c3c3c3c3c3c3c3c3c3c3c3c3c3c3c
       810  ,,,,,,,,,,,,,,,,  2c2c2c2c2c2c2c2c2c2c2c2c2c2c2c2c
       556  <<<<<<<<<<<<<<<,  3c3c3c3c3c3c3c3c3c3c3c3c3c3c3c2c
       553  ,<<<<<<<<<<<<<<<  2c3c3c3c3c3c3c3c3c3c3c3c3c3c3c3c
       528  <<<,<<<<<<<<<<<<  3c3c3c2c3c3c3c3c3c3c3c3c3c3c3c3c
       527  <<<<<<<<<<<<<<,<  3c3c3c3c3c3c3c3c3c3c3c3c3c3c2c3c
       526  <,<<<<<<<<<<<<<<  3c2c3c3c3c3c3c3c3c3c3c3c3c3c3c3c
       524  <<,<<<<<<<<<<<<<  3c3c2c3c3c3c3c3c3c3c3c3c3c3c3c3c
       516  <<<<<<<<<<<<<,<<  3c3c3c3c3c3c3c3c3c3c3c3c3c2c3c3c
       516  <<<<,<<<<<<<<<<<  3c3c3c3c2c3c3c3c3c3c3c3c3c3c3c3c
# epoch 14100  H=1.2133 C=1.1600 HO=0.0533  A(t)=1341
     20335  <<<<<<<<<<<<<<<<  3c3c3c3c3c3c3c3c3c3c3c3c3c3c3c3c
       687  ,,,,,,,,,,,,,,,,  2c2c2c2c2c2c2c2c2c2c2c2c2c2c2c2c
       551  <<<<<<<<<<<<<<<,  3c3c3c3c3c3c3c3c3c3c3c3c3c3c3c2c
       536  ,<<<<<<<<<<<<<<<  2c3c3c3c3c3c3c3c3c3c3c3c3c3c3c3c
       529  <<<<<<<<<<<<<<,<  3c3c3c3c3c3c3c3c3c3c3c3c3c3c2c3c
       519  <,<<<<<<<<<<<<<<  3c2c3c3c3c3c3c3c3c3c3c3c3c3c3c3c
       517  <<,<<<<<<<<<<<<<  3c3c2c3c3c3c3c3c3c3c3c3c3c3c3c3c
       510  <<<<<<<<<<<<,<<<  3c3c3c3c3c3c3c3c3c3c3c3c2c3c3c3c
       510  <<<<<<<<<<<,<<<<  3c3c3c3c3c3c3c3c3c3c3c2c3c3c3c3c
       509  <<<<<<<<<<<<<,<<  3c3c3c3c3c3c3c3c3c3c3c3c3c2c3c3c
# epoch 14150  H=1.1545 C=1.1024 HO=0.0521  A(t)=1341
     22089  <<<<<<<<<<<<<<<<  3c3c3c3c3c3c3c3c3c3c3c3c3c3c3c3c
       831  ,,,,,,,,,,,,,,,,  2c2c2c2c2c2c2c2c2c2c2c2c2c2c2c2c
       543  <<<<<<<<<<<<<<<,  3c3c3c3c3c3c3c3c3c3c3c3c3c3c3c2c
       527  ,<<<<<<<<<<<<<<<  2c3c3c3c3c3c3c3c3c3c3c3c3c3c3c3c
       513  <<<<<<<<<<<<<<,<  3c3c3c3c3c3c3c3c3c3c3c3c3c3c2c3c
       509  <<<<<<<<<<<<<,<<  3c3c3c3c3c3c3c3c3c3c3c3c3c2c3c3c
       507  <<<<,<<<<<<<<<<<  3c3c3c3c2c3c3c3c3c3c3c3c3c3c3c3c
       503  <,<<<<<<<<<<<<<<  3c2c3c3c3c3c3c3c3c3c3c3c3c3c3c3c
       501  <<<<<<<<<<<,<<<<  3c3c3c3c3c3c3c3c3c3c3c2c3c3c3c3c
       501  <<<,<<<<<<<<<<<<  3c3c3c2c3c3c3c3c3c3c3c3c3c3c3c3c
# epoch 14200  H=1.0562 C=1.0482 HO=0.0079  A(t)=1347
     23872  <<<<<<<<<<<<<<<<  3c3c3c3c3c3c3c3c3c3c3c3c3c3c3c3c
       561  <<<<<<<<<<<<<<<,  3c3c3c3c3c3c3c3c3c3c3c3c3c3c3c2c
       557  ,<<<<<<<<<<<<<<<  2c3c3c3c3c3c3c3c3c3c3c3c3c3c3c3c
       542  <,<<<<<<<<<<<<<<  3c2c3c3c3c3c3c3c3c3c3c3c3c3c3c3c
       534  <<,<<<<<<<<<<<<<  3c3c2c3c3c3c3c3c3c3c3c3c3c3c3c3c
       528  <<<<<<<<<<<<<<,<  3c3c3c3c3c3c3c3c3c3c3c3c3c3c2c3c
       524  <<<,<<<<<<<<<<<<  3c3c3c2c3c3c3c3c3c3c3c3c3c3c3c3c
       517  <<<<,<<<<<<<<<<<  3c3c3c3c2c3c3c3c3c3c3c3c3c3c3c3c
       508  <<<<<<<<<<<<<,<<  3c3c3c3c3c3c3c3c3c3c3c3c3c2c3c3c
       507  <<<<<,<<<<<<<<<<  3c3c3c3c3c2c3c3c3c3c3c3c3c3c3c3c
# epoch 14250  H=1.1455 C=1.0873 HO=0.0582  A(t)=1347
     23573  <<<<<<<<<<<<<<<<  3c3c3c3c3c3c3c3c3c3c3c3c3c3c3c3c
       572  ,,,,,,,,,,,,,,,,  2c2c2c2c2c2c2c2c2c2c2c2c2c2c2c2c
       551  <<<<<<<<<<<<<<<,  3c3c3c3c3c3c3c3c3c3c3c3c3c3c3c2c
       529  ,<<<<<<<<<<<<<<<  2c3c3c3c3c3c3c3c3c3c3c3c3c3c3c3c
       523  <<<<<<<<<<<<<<,<  3c3c3c3c3c3c3c3c3c3c3c3c3c3c2c3c
       503  <,<<<<<<<<<<<<<<  3c2c3c3c3c3c3c3c3c3c3c3c3c3c3c3c
       500  <<<<<<<<<<<<<,<<  3c3c3c3c3c3c3c3c3c3c3c3c3c2c3c3c
       488  <<,<<<<<<<<<<<<<  3c3c2c3c3c3c3c3c3c3c3c3c3c3c3c3c
       481  <<<,<<<<<<<<<<<<  3c3c3c2c3c3c3c3c3c3c3c3c3c3c3c3c
       479  <<<<<<<<<<<<,<<<  3c3c3c3c3c3c3c3c3c3c3c3c2c3c3c3c
# epoch 14300  H=1.1883 C=1.1293 HO=0.0590  A(t)=1347
     22557  <<<<<<<<<<<<<<<<  3c3c3c3c3c3c3c3c3c3c3c3c3c3c3c3c
       640  ,,,,,,,,,,,,,,,,  2c2c2c2c2c2c2c2c2c2c2c2c2c2c2c2c
       491  <<<<<<<<<<<<<<<,  3c3c3c3c3c3c3c3c3c3c3c3c3c3c3c2c
       470  <<<<<<<<<<<<<<,<  3c3c3c3c3c3c3c3c3c3c3c3c3c3c2c3c
       468  ,<<<<<<<<<<<<<<<  2c3c3c3c3c3c3c3c3c3c3c3c3c3c3c3c
       455  <<<<<<<<<<<<<,<<  3c3c3c3c3c3c3c3c3c3c3c3c3c2c3c3c
       446  <,<<<<<<<<<<<<<<  3c2c3c3c3c3c3c3c3c3c3c3c3c3c3c3c
       444  <<<<<<<<<<,<<<<<  3c3c3c3c3c3c3c3c3c3c2c3c3c3c3c3c
       440  <<<<<<<,<<<<<<<<  3c3c3c3c3c3c3c2c3c3c3c3c3c3c3c3c
       438  <<<<<<<<,<<<<<<<  3c3c3c3c3c3c3c3c2c3c3c3c3c3c3c3c
# epoch 14350  H=1.2001 C=1.1720 HO=0.0281  A(t)=1366
     20991  <<<<<<<<<<<<<<<<  3c3c3c3c3c3c3c3c3c3c3c3c3c3c3c3c
       598  ,,,,,,,,,,,,,,,,  2c2c2c2c2c2c2c2c2c2c2c2c2c2c2c2c
       532  <<<<<<<<<<<<<<<,  3c3c3c3c3c3c3c3c3c3c3c3c3c3c3c2c
       515  ,<<<<<<<<<<<<<<<  2c3c3c3c3c3c3c3c3c3c3c3c3c3c3c3c
       502  <<<<<<<<<<<<<,<<  3c3c3c3c3c3c3c3c3c3c3c3c3c2c3c3c
       500  <<<<<<<<<<<<<<,<  3c3c3c3c3c3c3c3c3c3c3c3c3c3c2c3c
       493  <<<<<<<<<<<<,<<<  3c3c3c3c3c3c3c3c3c3c3c3c2c3c3c3c
       493  <<<,<<<<<<<<<<<<  3c3c3c2c3c3c3c3c3c3c3c3c3c3c3c3c
       493  <,<<<<<<<<<<<<<<  3c2c3c3c3c3c3c3c3c3c3c3c3c3c3c3c
       488  <<,<<<<<<<<<<<<<  3c3c2c3c3c3c3c3c3c3c3c3c3c3c3c3c
# epoch 14400  H=1.2608 C=1.2439 HO=0.0170  A(t)=1371
     20791  <<<<<<<<<<<<<<<<  3c3c3c3c3c3c3c3c3c3c3c3c3c3c3c3c
       490  <<<<<<<<<<<<<<<,  3c3c3c3c3c3c3c3c3c3c3c3c3c3c3c2c
       489  ,<<<<<<<<<<<<<<<  2c3c3c3c3c3c3c3c3c3c3c3c3c3c3c3c
       472  <,<<<<<<<<<<<<<<  3c2c3c3c3c3c3c3c3c3c3c3c3c3c3c3c
       468  ,,,,,,,,,,,,,,,,  2c2c2c2c2c2c2c2c2c2c2c2c2c2c2c2c
       464  <<<<<<<<<<<<<<,<  3c3c3c3c3c3c3c3c3c3c3c3c3c3c2c3c
       454  <<,<<<<<<<<<<<<<  3c3c2c3c3c3c3c3c3c3c3c3c3c3c3c3c
       448  <<<,<<<<<<<<<<<<  3c3c3c2c3c3c3c3c3c3c3c3c3c3c3c3c
       446  <<<<<<,<<<<<<<<<  3c3c3c3c3c3c2c3c3c3c3c3c3c3c3c3c
       445  <<<<,<<<<<<<<<<<  3c3c3c3c2c3c3c3c3c3c3c3c3c3c3c3c
# epoch 14450  H=1.3650 C=1.3254 HO=0.0396  A(t)=1378
     20800  <<<<<<<<<<<<<<<<  3c3c3c3c3c3c3c3c3c3c3c3c3c3c3c3c
       522  <<<<<<<<<<<<<<<,  3c3c3c3c3c3c3c3c3c3c3c3c3c3c3c2c
       507  <<<<<<<<<<<<<<,<  3c3c3c3c3c3c3c3c3c3c3c3c3c3c2c3c
       502  ,<<<<<<<<<<<<<<<  2c3c3c3c3c3c3c3c3c3c3c3c3c3c3c3c
       498  <<<<<<<<<<<<<,<<  3c3c3c3c3c3c3c3c3c3c3c3c3c2c3c3c
       493  <,<<<<<<<<<<<<<<  3c2c3c3c3c3c3c3c3c3c3c3c3c3c3c3c
       491  <<<<<<<<<<<<,<<<  3c3c3c3c3c3c3c3c3c3c3c3c2c3c3c3c
       482  <<,<<<<<<<<<<<<<  3c3c2c3c3c3c3c3c3c3c3c3c3c3c3c3c
       476  <<<<<<<<<<<,<<<<  3c3c3c3c3c3c3c3c3c3c3c2c3c3c3c3c
       472  <<<,<<<<<<<<<<<<  3c3c3c2c3c3c3c3c3c3c3c3c3c3c3c3c
# epoch 14500  H=1.3407 C=1.2904 HO=0.0503  A(t)=1380
     21388  <<<<<<<<<<<<<<<<  3c3c3c3c3c3c3c3c3c3c3c3c3c3c3c3c
       498  <<<<<<<<<<<<<<<,  3c3c3c3c3c3c3c3c3c3c3c3c3c3c3c2c
       487  <<<<<<<<<<<<<<,<  3c3c3c3c3c3c3c3c3c3c3c3c3c3c2c3c
       476  ,<<<<<<<<<<<<<<<  2c3c3c3c3c3c3c3c3c3c3c3c3c3c3c3c
       471  <,<<<<<<<<<<<<<<  3c2c3c3c3c3c3c3c3c3c3c3c3c3c3c3c
       470  <<<<<<<<<<<<<,<<  3c3c3c3c3c3c3c3c3c3c3c3c3c2c3c3c
       470  <<,<<<<<<<<<<<<<  3c3c2c3c3c3c3c3c3c3c3c3c3c3c3c3c
       456  <<<<<<<<<<<<,<<<  3c3c3c3c3c3c3c3c3c3c3c3c2c3c3c3c
       453  <<<<,<<<<<<<<<<<  3c3c3c3c2c3c3c3c3c3c3c3c3c3c3c3c
       451  <<<,<<<<<<<<<<<<  3c3c3c2c3c3c3c3c3c3c3c3c3c3c3c3c
# epoch 14550  H=1.2889 C=1.2438 HO=0.0451  A(t)=1383
     21010  <<<<<<<<<<<<<<<<  3c3c3c3c3c3c3c3c3c3c3c3c3c3c3c3c
       675  ,,,,,,,,,,,,,,,,  2c2c2c2c2c2c2c2c2c2c2c2c2c2c2c2c
       562  <<<<<<<<<<<<<<<,  3c3c3c3c3c3c3c3c3c3c3c3c3c3c3c2c
       550  ,<<<<<<<<<<<<<<<  2c3c3c3c3c3c3c3c3c3c3c3c3c3c3c3c
       529  <,<<<<<<<<<<<<<<  3c2c3c3c3c3c3c3c3c3c3c3c3c3c3c3c
       528  <<<<<<<<<<<<<<,<  3c3c3c3c3c3c3c3c3c3c3c3c3c3c2c3c
       525  <<,<<<<<<<<<<<<<  3c3c2c3c3c3c3c3c3c3c3c3c3c3c3c3c
       521  <<<<<<<<<<<<<,<<  3c3c3c3c3c3c3c3c3c3c3c3c3c2c3c3c
       521  <<<<<,<<<<<<<<<<  3c3c3c3c3c2c3c3c3c3c3c3c3c3c3c3c
       515  <<<<<<<<<<<<,<<<  3c3c3c3c3c3c3c3c3c3c3c3c2c3c3c3c
# epoch 14600  H=1.2987 C=1.2157 HO=0.0830  A(t)=1384
     21597  <<<<<<<<<<<<<<<<  3c3c3c3c3c3c3c3c3c3c3c3c3c3c3c3c
       747  ,,,,,,,,,,,,,,,,  2c2c2c2c2c2c2c2c2c2c2c2c2c2c2c2c
       534  <<<<<<<<<<<<<<<,  3c3c3c3c3c3c3c3c3c3c3c3c3c3c3c2c
       504  ,<<<<<<<<<<<<<<<  2c3c3c3c3c3c3c3c3c3c3c3c3c3c3c3c
       490  <<<<<<<<<<<<<<,<  3c3c3c3c3c3c3c3c3c3c3c3c3c3c2c3c
       477  <,<<<<<<<<<<<<<<  3c2c3c3c3c3c3c3c3c3c3c3c3c3c3c3c
       472  <<<<<<<<<<<<<,<<  3c3c3c3c3c3c3c3c3c3c3c3c3c2c3c3c
       471  <<,<<<<<<<<<<<<<  3c3c2c3c3c3c3c3c3c3c3c3c3c3c3c3c
       465  <<<<<<<<<<<<,<<<  3c3c3c3c3c3c3c3c3c3c3c3c2c3c3c3c
       464  <<<<<<<<<<,<<<<<  3c3c3c3c3c3c3c3c3c3c2c3c3c3c3c3c
# epoch 14650  H=1.2388 C=1.2151 HO=0.0238  A(t)=1385
     21345  <<<<<<<<<<<<<<<<  3c3c3c3c3c3c3c3c3c3c3c3c3c3c3c3c
       537  <<<<<<<<<<<<<<<,  3c3c3c3c3c3c3c3c3c3c3c3c3c3c3c2c
       515  <<<<<<<<<<<<<<,<  3c3c3c3c3c3c3c3c3c3c3c3c3c3c2c3c
       507  ,<<<<<<<<<<<<<<<  2c3c3c3c3c3c3c3c3c3c3c3c3c3c3c3c
       502  <<<<<<<<<<<<<,<<  3c3c3c3c3c3c3c3c3c3c3c3c3c2c3c3c
       497  <,<<<<<<<<<<<<<<  3c2c3c3c3c3c3c3c3c3c3c3c3c3c3c3c
       496  <<,<<<<<<<<<<<<<  3c3c2c3c3c3c3c3c3c3c3c3c3c3c3c3c
       495  <<<<<<<<<<<<,<<<  3c3c3c3c3c3c3c3c3c3c3c3c2c3c3c3c
       494  <<<<<<<<<<<,<<<<  3c3c3c3c3c3c3c3c3c3c3c2c3c3c3c3c
       491  <<<<<<<,<<<<<<<<  3c3c3c3c3c3c3c2c3c3c3c3c3c3c3c3c
# epoch 14700  H=1.2028 C=1.1439 HO=0.0589  A(t)=1386
     21782  <<<<<<<<<<<<<<<<  3c3c3c3c3c3c3c3c3c3c3c3c3c3c3c3c
       919  ,,,,,,,,,,,,,,,,  2c2c2c2c2c2c2c2c2c2c2c2c2c2c2c2c
       564  <<<<<<<<<<<<<<<,  3c3c3c3c3c3c3c3c3c3c3c3c3c3c3c2c
       557  ,<<<<<<<<<<<<<<<  2c3c3c3c3c3c3c3c3c3c3c3c3c3c3c3c
       546  <,<<<<<<<<<<<<<<  3c2c3c3c3c3c3c3c3c3c3c3c3c3c3c3c
       545  <<<<<<<<<<<<<<,<  3c3c3c3c3c3c3c3c3c3c3c3c3c3c2c3c
       539  <<,<<<<<<<<<<<<<  3c3c2c3c3c3c3c3c3c3c3c3c3c3c3c3c
       536  <<<,<<<<<<<<<<<<  3c3c3c2c3c3c3c3c3c3c3c3c3c3c3c3c
       535  <<<<<<<<<<<<,<<<  3c3c3c3c3c3c3c3c3c3c3c3c2c3c3c3c
       533  <<<<,<<<<<<<<<<<  3c3c3c3c2c3c3c3c3c3c3c3c3c3c3c3c
# epoch 14750  H=1.1719 C=1.1312 HO=0.0406  A(t)=1386
     22584  <<<<<<<<<<<<<<<<  3c3c3c3c3c3c3c3c3c3c3c3c3c3c3c3c
       647  ,,,,,,,,,,,,,,,,  2c2c2c2c2c2c2c2c2c2c2c2c2c2c2c2c
       529  <<<<<<<<<<<<<<<,  3c3c3c3c3c3c3c3c3c3c3c3c3c3c3c2c
       514  ,<<<<<<<<<<<<<<<  2c3c3c3c3c3c3c3c3c3c3c3c3c3c3c3c
       504  <<<<<<<<<<<<<<,<  3c3c3c3c3c3c3c3c3c3c3c3c3c3c2c3c
       498  <<<<<<<<<<<<<,<<  3c3c3c3c3c3c3c3c3c3c3c3c3c2c3c3c
       495  <,<<<<<<<<<<<<<<  3c2c3c3c3c3c3c3c3c3c3c3c3c3c3c3c
       489  <<<<,<<<<<<<<<<<  3c3c3c3c2c3c3c3c3c3c3c3c3c3c3c3c
       488  <<<<<<<<<<<<,<<<  3c3c3c3c3c3c3c3c3c3c3c3c2c3c3c3c
       488  <<<<<<<<,<<<<<<<  3c3c3c3c3c3c3c3c2c3c3c3c3c3c3c3c
# epoch 14800  H=1.1643 C=1.1030 HO=0.0613  A(t)=1388
     22875  <<<<<<<<<<<<<<<<  3c3c3c3c3c3c3c3c3c3c3c3c3c3c3c3c
       698  ,,,,,,,,,,,,,,,,  2c2c2c2c2c2c2c2c2c2c2c2c2c2c2c2c
       514  <<<<<<<<<<<<<<<,  3c3c3c3c3c3c3c3c3c3c3c3c3c3c3c2c
       492  ,<<<<<<<<<<<<<<<  2c3c3c3c3c3c3c3c3c3c3c3c3c3c3c3c
       491  <<<<,<<<<<<<<<<<  3c3c3c3c2c3c3c3c3c3c3c3c3c3c3c3c
       486  <<<<<<<<<<<<<<,<  3c3c3c3c3c3c3c3c3c3c3c3c3c3c2c3c
       486  <<<<<<<<,<<<<<<<  3c3c3c3c3c3c3c3c2c3c3c3c3c3c3c3c
       484  <<<<<,<<<<<<<<<<  3c3c3c3c3c2c3c3c3c3c3c3c3c3c3c3c
       483  <<<<<<<,<<<<<<<<  3c3c3c3c3c3c3c2c3c3c3c3c3c3c3c3c
       479  <<<<<<,<<<<<<<<<  3c3c3c3c3c3c2c3c3c3c3c3c3c3c3c3c
# epoch 14850  H=1.2308 C=1.1558 HO=0.0750  A(t)=1390
     20851  <<<<<<<<<<<<<<<<  3c3c3c3c3c3c3c3c3c3c3c3c3c3c3c3c
       924  ,,,,,,,,,,,,,,,,  2c2c2c2c2c2c2c2c2c2c2c2c2c2c2c2c
       535  <<<<<<<<<<<<<<<,  3c3c3c3c3c3c3c3c3c3c3c3c3c3c3c2c
       531  <<<<<<<<<<<<<<,<  3c3c3c3c3c3c3c3c3c3c3c3c3c3c2c3c
       506  <<<<<<<<<<<<<,<<  3c3c3c3c3c3c3c3c3c3c3c3c3c2c3c3c
       500  ,<<<<<<<<<<<<<<<  2c3c3c3c3c3c3c3c3c3c3c3c3c3c3c3c
       493  <,<<<<<<<<<<<<<<  3c2c3c3c3c3c3c3c3c3c3c3c3c3c3c3c
       485  <<<<<<<<<<<<,<<<  3c3c3c3c3c3c3c3c3c3c3c3c2c3c3c3c
       484  <<<<<<<<<<<,<<<<  3c3c3c3c3c3c3c3c3c3c3c2c3c3c3c3c
       481  <<,<<<<<<<<<<<<<  3c3c2c3c3c3c3c3c3c3c3c3c3c3c3c3c
# epoch 14900  H=1.2969 C=1.2336 HO=0.0632  A(t)=1390
     18291  <<<<<<<<<<<<<<<<  3c3c3c3c3c3c3c3c3c3c3c3c3c3c3c3c
       780  ,,,,,,,,,,,,,,,,  2c2c2c2c2c2c2c2c2c2c2c2c2c2c2c2c
       508  <<<<<<<<<<<<<<<,  3c3c3c3c3c3c3c3c3c3c3c3c3c3c3c2c
       486  <,<<<<<<<<<<<<<<  3c2c3c3c3c3c3c3c3c3c3c3c3c3c3c3c
       486  ,<<<<<<<<<<<<<<<  2c3c3c3c3c3c3c3c3c3c3c3c3c3c3c3c
       484  <<<<<<<<<<<<<<,<  3c3c3c3c3c3c3c3c3c3c3c3c3c3c2c3c
       480  <<,<<<<<<<<<<<<<  3c3c2c3c3c3c3c3c3c3c3c3c3c3c3c3c
       477  <<<<<<<<<<<<,<<<  3c3c3c3c3c3c3c3c3c3c3c3c2c3c3c3c
       475  <<<<<<<<<<<<<,<<  3c3c3c3c3c3c3c3c3c3c3c3c3c2c3c3c
       466  <<<,<<<<<<<<<<<<  3c3c3c2c3c3c3c3c3c3c3c3c3c3c3c3c
# epoch 14950  H=1.3169 C=1.2228 HO=0.0941  A(t)=1390
     18075  <<<<<<<<<<<<<<<<  3c3c3c3c3c3c3c3c3c3c3c3c3c3c3c3c
       930  ,,,,,,,,,,,,,,,,  2c2c2c2c2c2c2c2c2c2c2c2c2c2c2c2c
       489  <<<<<<<<<<<<<<<,  3c3c3c3c3c3c3c3c3c3c3c3c3c3c3c2c
       483  ,<<<<<<<<<<<<<<<  2c3c3c3c3c3c3c3c3c3c3c3c3c3c3c3c
       469  <,<<<<<<<<<<<<<<  3c2c3c3c3c3c3c3c3c3c3c3c3c3c3c3c
       468  <<<<<<<<<<<<<<,<  3c3c3c3c3c3c3c3c3c3c3c3c3c3c2c3c
       443  <<,<<<<<<<<<<<<<  3c3c2c3c3c3c3c3c3c3c3c3c3c3c3c3c
       440  <<<<<<,<<<<<<<<<  3c3c3c3c3c3c2c3c3c3c3c3c3c3c3c3c
       436  <<<<<<<<<<<<<,<<  3c3c3c3c3c3c3c3c3c3c3c3c3c2c3c3c
       436  <<<<<<<<,<<<<<<<  3c3c3c3c3c3c3c3c2c3c3c3c3c3c3c3c
# epoch 15000  H=1.3034 C=1.2516 HO=0.0518  A(t)=1392
     19065  <<<<<<<<<<<<<<<<  3c3c3c3c3c3c3c3c3c3c3c3c3c3c3c3c
       588  ,,,,,,,,,,,,,,,,  2c2c2c2c2c2c2c2c2c2c2c2c2c2c2c2c
       541  <<<<<<<<<<<<<<<,  3c3c3c3c3c3c3c3c3c3c3c3c3c3c3c2c
       530  ,<<<<<<<<<<<<<<<  2c3c3c3c3c3c3c3c3c3c3c3c3c3c3c3c
       516  <,<<<<<<<<<<<<<<  3c2c3c3c3c3c3c3c3c3c3c3c3c3c3c3c
       508  <<<<<<<<<<<<<<,<  3c3c3c3c3c3c3c3c3c3c3c3c3c3c2c3c
       503  <<,<<<<<<<<<<<<<  3c3c2c3c3c3c3c3c3c3c3c3c3c3c3c3c
       491  <<<,<<<<<<<<<<<<  3c3c3c2c3c3c3c3c3c3c3c3c3c3c3c3c
       488  <<<<<<<<<<<<<,<<  3c3c3c3c3c3c3c3c3c3c3c3c3c2c3c3c
       480  <<<<<<<<<<<<,<<<  3c3c3c3c3c3c3c3c3c3c3c3c2c3c3c3c
# epoch 15050  H=1.2260 C=1.1997 HO=0.0263  A(t)=1392
     20508  <<<<<<<<<<<<<<<<  3c3c3c3c3c3c3c3c3c3c3c3c3c3c3c3c
       578  <,<<<<<<<<<<<<<<  3c2c3c3c3c3c3c3c3c3c3c3c3c3c3c3c
       572  <<<<<<<<<<<<<<<,  3c3c3c3c3c3c3c3c3c3c3c3c3c3c3c2c
       563  <<,<<<<<<<<<<<<<  3c3c2c3c3c3c3c3c3c3c3c3c3c3c3c3c
       557  ,<<<<<<<<<<<<<<<  2c3c3c3c3c3c3c3c3c3c3c3c3c3c3c3c
       555  <<<,<<<<<<<<<<<<  3c3c3c2c3c3c3c3c3c3c3c3c3c3c3c3c
       551  <<<<,<<<<<<<<<<<  3c3c3c3c2c3c3c3c3c3c3c3c3c3c3c3c
       551  ,,,,,,,,,,,,,,,,  2c2c2c2c2c2c2c2c2c2c2c2c2c2c2c2c
       536  <<<<<<<<<<<<<<,<  3c3c3c3c3c3c3c3c3c3c3c3c3c3c2c3c
       535  <<<<<,<<<<<<<<<<  3c3c3c3c3c2c3c3c3c3c3c3c3c3c3c3c
# epoch 15100  H=1.2178 C=1.1587 HO=0.0591  A(t)=1399
     21829  <<<<<<<<<<<<<<<<  3c3c3c3c3c3c3c3c3c3c3c3c3c3c3c3c
       793  ,,,,,,,,,,,,,,,,  2c2c2c2c2c2c2c2c2c2c2c2c2c2c2c2c
       585  <<<<<<<<<<<<<<<,  3c3c3c3c3c3c3c3c3c3c3c3c3c3c3c2c
       580  ,<<<<<<<<<<<<<<<  2c3c3c3c3c3c3c3c3c3c3c3c3c3c3c3c
       572  <<<<<<<<<<<<<,<<  3c3c3c3c3c3c3c3c3c3c3c3c3c2c3c3c
       567  <<<<<<<<<<<<<<,<  3c3c3c3c3c3c3c3c3c3c3c3c3c3c2c3c
       560  <<,<<<<<<<<<<<<<  3c3c2c3c3c3c3c3c3c3c3c3c3c3c3c3c
       559  <,<<<<<<<<<<<<<<  3c2c3c3c3c3c3c3c3c3c3c3c3c3c3c3c
       557  <<<<<<<<<<<<,<<<  3c3c3c3c3c3c3c3c3c3c3c3c2c3c3c3c
       556  <<<<<<<<<,<<<<<<  3c3c3c3c3c3c3c3c3c2c3c3c3c3c3c3c
# epoch 15150  H=1.2114 C=1.1647 HO=0.0467  A(t)=1399
     21643  <<<<<<<<<<<<<<<<  3c3c3c3c3c3c3c3c3c3c3c3c3c3c3c3c
       675  ,,,,,,,,,,,,,,,,  2c2c2c2c2c2c2c2c2c2c2c2c2c2c2c2c
       536  <<<<<<<<<<<<<<<,  3c3c3c3c3c3c3c3c3c3c3c3c3c3c3c2c
       526  ,<<<<<<<<<<<<<<<  2c3c3c3c3c3c3c3c3c3c3c3c3c3c3c3c
       513  <<<<<<<<<<<<<<,<  3c3c3c3c3c3c3c3c3c3c3c3c3c3c2c3c
       511  <,<<<<<<<<<<<<<<  3c2c3c3c3c3c3c3c3c3c3c3c3c3c3c3c
       500  <<<<<<<<<<<<<,<<  3c3c3c3c3c3c3c3c3c3c3c3c3c2c3c3c
       500  <<,<<<<<<<<<<<<<  3c3c2c3c3c3c3c3c3c3c3c3c3c3c3c3c
       489  <<<<<<<<<<<<,<<<  3c3c3c3c3c3c3c3c3c3c3c3c2c3c3c3c
       481  <<<,<<<<<<<<<<<<  3c3c3c2c3c3c3c3c3c3c3c3c3c3c3c3c
# epoch 15200  H=1.1433 C=1.1045 HO=0.0388  A(t)=1399
     22763  <<<<<<<<<<<<<<<<  3c3c3c3c3c3c3c3c3c3c3c3c3c3c3c3c
       581  <<<<<<<<<<<<<<<,  3c3c3c3c3c3c3c3c3c3c3c3c3c3c3c2c
       568  ,<<<<<<<<<<<<<<<  2c3c3c3c3c3c3c3c3c3c3c3c3c3c3c3c
       553  <<<<<<<<<<<<<<,<  3c3c3c3c3c3c3c3c3c3c3c3c3c3c2c3c
       549  <,<<<<<<<<<<<<<<  3c2c3c3c3c3c3c3c3c3c3c3c3c3c3c3c
       530  <<,<<<<<<<<<<<<<  3c3c2c3c3c3c3c3c3c3c3c3c3c3c3c3c
       525  <<<<<<<<<<<<<,<<  3c3c3c3c3c3c3c3c3c3c3c3c3c2c3c3c
       510  <<<,<<<<<<<<<<<<  3c3c3c2c3c3c3c3c3c3c3c3c3c3c3c3c
       497  <<<<,<<<<<<<<<<<  3c3c3c3c2c3c3c3c3c3c3c3c3c3c3c3c
       493  <<<<<<<<<<<<,<<<  3c3c3c3c3c3c3c3c3c3c3c3c2c3c3c3c
# epoch 15250  H=1.0975 C=1.0781 HO=0.0193  A(t)=1399
     22791  <<<<<<<<<<<<<<<<  3c3c3c3c3c3c3c3c3c3c3c3c3c3c3c3c
       609  ,,,,,,,,,,,,,,,,  2c2c2c2c2c2c2c2c2c2c2c2c2c2c2c2c
       541  <<<<<<<<<<<<<<<,  3c3c3c3c3c3c3c3c3c3c3c3c3c3c3c2c
       521  ,<<<<<<<<<<<<<<<  2c3c3c3c3c3c3c3c3c3c3c3c3c3c3c3c
       503  <<<<<<<<<<<<<,<<  3c3c3c3c3c3c3c3c3c3c3c3c3c2c3c3c
       502  <<<<<<<<<<<<<<,<  3c3c3c3c3c3c3c3c3c3c3c3c3c3c2c3c
       495  <<<<<<<<<<<<,<<<  3c3c3c3c3c3c3c3c3c3c3c3c2c3c3c3c
       493  <,<<<<<<<<<<<<<<  3c2c3c3c3c3c3c3c3c3c3c3c3c3c3c3c
       488  <<<<<,<<<<<<<<<<  3c3c3c3c3c2c3c3c3c3c3c3c3c3c3c3c
       486  <<<<<<<<<<<,<<<<  3c3c3c3c3c3c3c3c3c3c3c2c3c3c3c3c
# epoch 15300  H=1.1831 C=1.1549 HO=0.0282  A(t)=1402
     21925  <<<<<<<<<<<<<<<<  3c3c3c3c3c3c3c3c3c3c3c3c3c3c3c3c
       548  <<<<<<<<<<<<<<<,  3c3c3c3c3c3c3c3c3c3c3c3c3c3c3c2c
       521  ,<<<<<<<<<<<<<<<  2c3c3c3c3c3c3c3c3c3c3c3c3c3c3c3c
       515  <<<<<<<<<<<<<<,<  3c3c3c3c3c3c3c3c3c3c3c3c3c3c2c3c
       497  <,<<<<<<<<<<<<<<  3c2c3c3c3c3c3c3c3c3c3c3c3c3c3c3c
       488  <<,<<<<<<<<<<<<<  3c3c2c3c3c3c3c3c3c3c3c3c3c3c3c3c
       478  <<<<<<<<<<<<<,<<  3c3c3c3c3c3c3c3c3c3c3c3c3c2c3c3c
       472  <<<<,<<<<<<<<<<<  3c3c3c3c2c3c3c3c3c3c3c3c3c3c3c3c
       470  <<<,<<<<<<<<<<<<  3c3c3c2c3c3c3c3c3c3c3c3c3c3c3c3c
       463  <<<<<<<<<<<,<<<<  3c3c3c3c3c3c3c3c3c3c3c2c3c3c3c3c
# epoch 15350  H=1.2025 C=1.1654 HO=0.0371  A(t)=1402
     21003  <<<<<<<<<<<<<<<<  3c3c3c3c3c3c3c3c3c3c3c3c3c3c3c3c
       679  ,,,,,,,,,,,,,,,,  2c2c2c2c2c2c2c2c2c2c2c2c2c2c2c2c
       540  <<<<<<<<<<<<<<<,  3c3c3c3c3c3c3c3c3c3c3c3c3c3c3c2c
       519  ,<<<<<<<<<<<<<<<  2c3c3c3c3c3c3c3c3c3c3c3c3c3c3c3c
       517  <<<<<<<<<<<<<<,<  3c3c3c3c3c3c3c3c3c3c3c3c3c3c2c3c
       507  <<<<<<<<<<<<<,<<  3c3c3c3c3c3c3c3c3c3c3c3c3c2c3c3c
       496  <,<<<<<<<<<<<<<<  3c2c3c3c3c3c3c3c3c3c3c3c3c3c3c3c
       483  <<,<<<<<<<<<<<<<  3c3c2c3c3c3c3c3c3c3c3c3c3c3c3c3c
       482  <<<<<<<<<<<<,<<<  3c3c3c3c3c3c3c3c3c3c3c3c2c3c3c3c
       476  <<<<<,<<<<<<<<<<  3c3c3c3c3c2c3c3c3c3c3c3c3c3c3c3c
# epoch 15400  H=1.2733 C=1.2208 HO=0.0525  A(t)=1402
     20048  <<<<<<<<<<<<<<<<  3c3c3c3c3c3c3c3c3c3c3c3c3c3c3c3c
       531  <<<<<<<<<<<<<<<,  3c3c3c3c3c3c3c3c3c3c3c3c3c3c3c2c
       526  ,<<<<<<<<<<<<<<<  2c3c3c3c3c3c3c3c3c3c3c3c3c3c3c3c
       525  ,,,,,,,,,,,,,,,,  2c2c2c2c2c2c2c2c2c2c2c2c2c2c2c2c
       516  <<<<<<<<<<<<<<,<  3c3c3c3c3c3c3c3c3c3c3c3c3c3c2c3c
       511  <,<<<<<<<<<<<<<<  3c2c3c3c3c3c3c3c3c3c3c3c3c3c3c3c
       504  <<,<<<<<<<<<<<<<  3c3c2c3c3c3c3c3c3c3c3c3c3c3c3c3c
       499  <<<<<<<<<<<<<,<<  3c3c3c3c3c3c3c3c3c3c3c3c3c2c3c3c
       496  <<<,<<<<<<<<<<<<  3c3c3c2c3c3c3c3c3c3c3c3c3c3c3c3c
       494  <<<<,<<<<<<<<<<<  3c3c3c3c2c3c3c3c3c3c3c3c3c3c3c3c
# epoch 15450  H=1.2262 C=1.1641 HO=0.0622  A(t)=1408
     22694  <<<<<<<<<<<<<<<<  3c3c3c3c3c3c3c3c3c3c3c3c3c3c3c3c
       625  ,,,,,,,,,,,,,,,,  2c2c2c2c2c2c2c2c2c2c2c2c2c2c2c2c
       562  <<<<<<<<<<<<<<<,  3c3c3c3c3c3c3c3c3c3c3c3c3c3c3c2c
       553  ,<<<<<<<<<<<<<<<  2c3c3c3c3c3c3c3c3c3c3c3c3c3c3c3c
       535  <<<<<<<<<<<<<<,<  3c3c3c3c3c3c3c3c3c3c3c3c3c3c2c3c
       534  <,<<<<<<<<<<<<<<  3c2c3c3c3c3c3c3c3c3c3c3c3c3c3c3c
       517  <<<<<<<<<<<<<,<<  3c3c3c3c3c3c3c3c3c3c3c3c3c2c3c3c
       514  <<,<<<<<<<<<<<<<  3c3c2c3c3c3c3c3c3c3c3c3c3c3c3c3c
       510  <<<<<<<<<,<<<<<<  3c3c3c3c3c3c3c3c3c2c3c3c3c3c3c3c
       508  <<<<<<<<<<,<<<<<  3c3c3c3c3c3c3c3c3c3c2c3c3c3c3c3c
# epoch 15500  H=1.2155 C=1.1493 HO=0.0662  A(t)=1409
     22571  <<<<<<<<<<<<<<<<  3c3c3c3c3c3c3c3c3c3c3c3c3c3c3c3c
       635  ,,,,,,,,,,,,,,,,  2c2c2c2c2c2c2c2c2c2c2c2c2c2c2c2c
       541  <<<<<<<<<<<<<<<,  3c3c3c3c3c3c3c3c3c3c3c3c3c3c3c2c
       532  ,<<<<<<<<<<<<<<<  2c3c3c3c3c3c3c3c3c3c3c3c3c3c3c3c
       522  <<<<<<<<<<<<<<,<  3c3c3c3c3c3c3c3c3c3c3c3c3c3c2c3c
       518  <,<<<<<<<<<<<<<<  3c2c3c3c3c3c3c3c3c3c3c3c3c3c3c3c
       516  <<<<<<<<<<<<<,<<  3c3c3c3c3c3c3c3c3c3c3c3c3c2c3c3c
       514  <<,<<<<<<<<<<<<<  3c3c2c3c3c3c3c3c3c3c3c3c3c3c3c3c
       507  <<<<<<<<<<<<,<<<  3c3c3c3c3c3c3c3c3c3c3c3c2c3c3c3c
       507  <<<,<<<<<<<<<<<<  3c3c3c2c3c3c3c3c3c3c3c3c3c3c3c3c
# epoch 15550  H=1.1501 C=1.1116 HO=0.0385  A(t)=1409
     21818  <<<<<<<<<<<<<<<<  3c3c3c3c3c3c3c3c3c3c3c3c3c3c3c3c
       649  ,,,,,,,,,,,,,,,,  2c2c2c2c2c2c2c2c2c2c2c2c2c2c2c2c
       565  <<<<<<<<<<<<<<<,  3c3c3c3c3c3c3c3c3c3c3c3c3c3c3c2c
       554  ,<<<<<<<<<<<<<<<  2c3c3c3c3c3c3c3c3c3c3c3c3c3c3c3c
       551  <,<<<<<<<<<<<<<<  3c2c3c3c3c3c3c3c3c3c3c3c3c3c3c3c
       549  <<,<<<<<<<<<<<<<  3c3c2c3c3c3c3c3c3c3c3c3c3c3c3c3c
       547  <<<<<<<<<<<<<<,<  3c3c3c3c3c3c3c3c3c3c3c3c3c3c2c3c
       534  <<<,<<<<<<<<<<<<  3c3c3c2c3c3c3c3c3c3c3c3c3c3c3c3c
       531  <<<<<<<<<<<<<,<<  3c3c3c3c3c3c3c3c3c3c3c3c3c2c3c3c
       530  <<<<,<<<<<<<<<<<  3c3c3c3c2c3c3c3c3c3c3c3c3c3c3c3c
# epoch 15600  H=1.0639 C=1.0538 HO=0.0101  A(t)=1417
     21902  <<<<<<<<<<<<<<<<  3c3c3c3c3c3c3c3c3c3c3c3c3c3c3c3c
       687  ,,,,,,,,,,,,,,,,  2c2c2c2c2c2c2c2c2c2c2c2c2c2c2c2c
       533  <<<<<<<<<<<<<<<,  3c3c3c3c3c3c3c3c3c3c3c3c3c3c3c2c
       525  <<<<<<<,<<<<<<<<  3c3c3c3c3c3c3c2c3c3c3c3c3c3c3c3c
       522  <<<<<<<<,<<<<<<<  3c3c3c3c3c3c3c3c2c3c3c3c3c3c3c3c
       519  <<<<<<<<<<<<<,<<  3c3c3c3c3c3c3c3c3c3c3c3c3c2c3c3c
       519  <<<,<<<<<<<<<<<<  3c3c3c2c3c3c3c3c3c3c3c3c3c3c3c3c
       518  <<<<<<<<<<<<<<,<  3c3c3c3c3c3c3c3c3c3c3c3c3c3c2c3c
       516  <<<<<<,<<<<<<<<<  3c3c3c3c3c3c2c3c3c3c3c3c3c3c3c3c
       516  ,<<<<<<<<<<<<<<<  2c3c3c3c3c3c3c3c3c3c3c3c3c3c3c3c
# epoch 15650  H=1.1312 C=1.0813 HO=0.0499  A(t)=1417
     22352  <<<<<<<<<<<<<<<<  3c3c3c3c3c3c3c3c3c3c3c3c3c3c3c3c
       588  ,,,,,,,,,,,,,,,,  2c2c2c2c2c2c2c2c2c2c2c2c2c2c2c2c
       538  <<<<<<<<<<<<<<<,  3c3c3c3c3c3c3c3c3c3c3c3c3c3c3c2c
       521  ,<<<<<<<<<<<<<<<  2c3c3c3c3c3c3c3c3c3c3c3c3c3c3c3c
       510  <<<<<<<<<<<<<<,<  3c3c3c3c3c3c3c3c3c3c3c3c3c3c2c3c
       502  <,<<<<<<<<<<<<<<  3c2c3c3c3c3c3c3c3c3c3c3c3c3c3c3c
       488  <<,<<<<<<<<<<<<<  3c3c2c3c3c3c3c3c3c3c3c3c3c3c3c3c
       483  <<<<<,<<<<<<<<<<  3c3c3c3c3c2c3c3c3c3c3c3c3c3c3c3c
       482  <<<<<<<<<,<<<<<<  3c3c3c3c3c3c3c3c3c2c3c3c3c3c3c3c
       482  <<<<<<<<,<<<<<<<  3c3c3c3c3c3c3c3c2c3c3c3c3c3c3c3c
# epoch 15700  H=1.0558 C=1.0316 HO=0.0242  A(t)=1419
     23667  <<<<<<<<<<<<<<<<  3c3c3c3c3c3c3c3c3c3c3c3c3c3c3c3c
       682  ,,,,,,,,,,,,,,,,  2c2c2c2c2c2c2c2c2c2c2c2c2c2c2c2c
       550  <<<<<<<<<<<<<<<,  3c3c3c3c3c3c3c3c3c3c3c3c3c3c3c2c
       545  ,<<<<<<<<<<<<<<<  2c3c3c3c3c3c3c3c3c3c3c3c3c3c3c3c
       535  <<<<<<<<<<<<<<,<  3c3c3c3c3c3c3c3c3c3c3c3c3c3c2c3c
       519  <,<<<<<<<<<<<<<<  3c2c3c3c3c3c3c3c3c3c3c3c3c3c3c3c
       517  <<<<<<<<<<<<,<<<  3c3c3c3c3c3c3c3c3c3c3c3c2c3c3c3c
       515  <<<,<<<<<<<<<<<<  3c3c3c2c3c3c3c3c3c3c3c3c3c3c3c3c
       513  <<,<<<<<<<<<<<<<  3c3c2c3c3c3c3c3c3c3c3c3c3c3c3c3c
       509  <<<<<<,<<<<<<<<<  3c3c3c3c3c3c2c3c3c3c3c3c3c3c3c3c
# epoch 15750  H=1.0791 C=1.0391 HO=0.0401  A(t)=1419
     23136  <<<<<<<<<<<<<<<<  3c3c3c3c3c3c3c3c3c3c3c3c3c3c3c3c
       589  <<<<<<<<<<<<<<<,  3c3c3c3c3c3c3c3c3c3c3c3c3c3c3c2c
       570  ,<<<<<<<<<<<<<<<  2c3c3c3c3c3c3c3c3c3c3c3c3c3c3c3c
       522  <<<<<<<<<<<<<<,<  3c3c3c3c3c3c3c3c3c3c3c3c3c3c2c3c
       520  <,<<<<<<<<<<<<<<  3c2c3c3c3c3c3c3c3c3c3c3c3c3c3c3c
       515  <<,<<<<<<<<<<<<<  3c3c2c3c3c3c3c3c3c3c3c3c3c3c3c3c
       514  ,,,,,,,,,,,,,,,,  2c2c2c2c2c2c2c2c2c2c2c2c2c2c2c2c
       510  <<<<<<<<<<<<<,<<  3c3c3c3c3c3c3c3c3c3c3c3c3c2c3c3c
       506  <<<,<<<<<<<<<<<<  3c3c3c2c3c3c3c3c3c3c3c3c3c3c3c3c
       500  <<<<<<<<<<<<,<<<  3c3c3c3c3c3c3c3c3c3c3c3c2c3c3c3c
# epoch 15800  H=1.0631 C=1.0280 HO=0.0352  A(t)=1422
     23768  <<<<<<<<<<<<<<<<  3c3c3c3c3c3c3c3c3c3c3c3c3c3c3c3c
       955  ,,,,,,,,,,,,,,,,  2c2c2c2c2c2c2c2c2c2c2c2c2c2c2c2c
       565  <<<<<<<<<<<<<<<,  3c3c3c3c3c3c3c3c3c3c3c3c3c3c3c2c
       563  ,<<<<<<<<<<<<<<<  2c3c3c3c3c3c3c3c3c3c3c3c3c3c3c3c
       539  <,<<<<<<<<<<<<<<  3c2c3c3c3c3c3c3c3c3c3c3c3c3c3c3c
       530  <<<<<<<<<<<<<<,<  3c3c3c3c3c3c3c3c3c3c3c3c3c3c2c3c
       528  <<,<<<<<<<<<<<<<  3c3c2c3c3c3c3c3c3c3c3c3c3c3c3c3c
       521  <<<,<<<<<<<<<<<<  3c3c3c2c3c3c3c3c3c3c3c3c3c3c3c3c
       513  <<<<<<<<<<<<<,<<  3c3c3c3c3c3c3c3c3c3c3c3c3c2c3c3c
       508  <<<<<<<<<<<<,<<<  3c3c3c3c3c3c3c3c3c3c3c3c2c3c3c3c
# epoch 15850  H=1.1378 C=1.0824 HO=0.0554  A(t)=1425
     23350  <<<<<<<<<<<<<<<<  3c3c3c3c3c3c3c3c3c3c3c3c3c3c3c3c
      1006  ,,,,,,,,,,,,,,,,  2c2c2c2c2c2c2c2c2c2c2c2c2c2c2c2c
       511  <<<<<<<<<<<<<<<,  3c3c3c3c3c3c3c3c3c3c3c3c3c3c3c2c
       491  <<<<<<<<<<<<<<,<  3c3c3c3c3c3c3c3c3c3c3c3c3c3c2c3c
       484  <<<<<<<<<<<<<,<<  3c3c3c3c3c3c3c3c3c3c3c3c3c2c3c3c
       482  ,<<<<<<<<<<<<<<<  2c3c3c3c3c3c3c3c3c3c3c3c3c3c3c3c
       470  <<<<<<<<<<<<,<<<  3c3c3c3c3c3c3c3c3c3c3c3c2c3c3c3c
       470  <<<<<<<<,<<<<<<<  3c3c3c3c3c3c3c3c2c3c3c3c3c3c3c3c
       467  <<<<<<<<<<<,<<<<  3c3c3c3c3c3c3c3c3c3c3c2c3c3c3c3c
       467  <<<<<<<<<,<<<<<<  3c3c3c3c3c3c3c3c3c2c3c3c3c3c3c3c
# epoch 15900  H=1.1141 C=1.1099 HO=0.0043  A(t)=1436
     22152  <<<<<<<<<<<<<<<<  3c3c3c3c3c3c3c3c3c3c3c3c3c3c3c3c
       546  ,,,,,,,,,,,,,,,,  2c2c2c2c2c2c2c2c2c2c2c2c2c2c2c2c
       545  <<<<<<<<<<<<<<<,  3c3c3c3c3c3c3c3c3c3c3c3c3c3c3c2c
       524  ,<<<<<<<<<<<<<<<  2c3c3c3c3c3c3c3c3c3c3c3c3c3c3c3c
       518  <<<<<<<<<<<<<<,<  3c3c3c3c3c3c3c3c3c3c3c3c3c3c2c3c
       518  <,<<<<<<<<<<<<<<  3c2c3c3c3c3c3c3c3c3c3c3c3c3c3c3c
       500  <<<<<<<<<<<<<,<<  3c3c3c3c3c3c3c3c3c3c3c3c3c2c3c3c
       500  <<,<<<<<<<<<<<<<  3c3c2c3c3c3c3c3c3c3c3c3c3c3c3c3c
       499  <<<<<<<<<<<<,<<<  3c3c3c3c3c3c3c3c3c3c3c3c2c3c3c3c
       493  <<<<<<<<,<<<<<<<  3c3c3c3c3c3c3c3c2c3c3c3c3c3c3c3c
# epoch 15950  H=1.0951 C=1.0905 HO=0.0046  A(t)=1441
     21968  <<<<<<<<<<<<<<<<  3c3c3c3c3c3c3c3c3c3c3c3c3c3c3c3c
       525  <<<<<<<<<<<<<<<,  3c3c3c3c3c3c3c3c3c3c3c3c3c3c3c2c
       525  ,<<<<<<<<<<<<<<<  2c3c3c3c3c3c3c3c3c3c3c3c3c3c3c3c
       520  <<<<<<<<<<<,<<<<  3c3c3c3c3c3c3c3c3c3c3c2c3c3c3c3c
       520  <<,<<<<<<<<<<<<<  3c3c2c3c3c3c3c3c3c3c3c3c3c3c3c3c
       519  <<<<<<<<<<,<<<<<  3c3c3c3c3c3c3c3c3c3c2c3c3c3c3c3c
       519  <,<<<<<<<<<<<<<<  3c2c3c3c3c3c3c3c3c3c3c3c3c3c3c3c
       514  <<<<<<<<,<<<<<<<  3c3c3c3c3c3c3c3c2c3c3c3c3c3c3c3c
       514  <<<<<<<,<<<<<<<<  3c3c3c3c3c3c3c2c3c3c3c3c3c3c3c3c
       513  <<<,<<<<<<<<<<<<  3c3c3c2c3c3c3c3c3c3c3c3c3c3c3c3c
# epoch 16000  H=1.1693 C=1.1416 HO=0.0277  A(t)=1441
     21816  <<<<<<<<<<<<<<<<  3c3c3c3c3c3c3c3c3c3c3c3c3c3c3c3c
       576  ,,,,,,,,,,,,,,,,  2c2c2c2c2c2c2c2c2c2c2c2c2c2c2c2c
       482  <<<<<<<<<<<<<<<,  3c3c3c3c3c3c3c3c3c3c3c3c3c3c3c2c
       464  <<<<<<<<<<<<<<,<  3c3c3c3c3c3c3c3c3c3c3c3c3c3c2c3c
       457  <<<<<<<<<<<<<,<<  3c3c3c3c3c3c3c3c3c3c3c3c3c2c3c3c
       456  ,<<<<<<<<<<<<<<<  2c3c3c3c3c3c3c3c3c3c3c3c3c3c3c3c
       447  <<<<<<<<<<<<,<<<  3c3c3c3c3c3c3c3c3c3c3c3c2c3c3c3c
       447  <<,<<<<<<<<<<<<<  3c3c2c3c3c3c3c3c3c3c3c3c3c3c3c3c
       445  <,<<<<<<<<<<<<<<  3c2c3c3c3c3c3c3c3c3c3c3c3c3c3c3c
       436  <<<<<<<<<<,<<<<<  3c3c3c3c3c3c3c3c3c3c2c3c3c3c3c3c
# epoch 16050  H=1.2853 C=1.2019 HO=0.0834  A(t)=1452
     20254  <<<<<<<<<<<<<<<<  3c3c3c3c3c3c3c3c3c3c3c3c3c3c3c3c
       871  ,,,,,,,,,,,,,,,,  2c2c2c2c2c2c2c2c2c2c2c2c2c2c2c2c
       457  <<<<<<<<<<<<<<<,  3c3c3c3c3c3c3c3c3c3c3c3c3c3c3c2c
       444  <<<<<<<<<<<<<<,<  3c3c3c3c3c3c3c3c3c3c3c3c3c3c2c3c
       438  <<<<<<<<<<<<,<<<  3c3c3c3c3c3c3c3c3c3c3c3c2c3c3c3c
       432  <<<<<<<<<<<,<<<<  3c3c3c3c3c3c3c3c3c3c3c2c3c3c3c3c
       432  <<<<<<<<<,<<<<<<  3c3c3c3c3c3c3c3c3c2c3c3c3c3c3c3c
       432  ,<<<<<<<<<<<<<<<  2c3c3c3c3c3c3c3c3c3c3c3c3c3c3c3c
       428  <<<<<<<<,<<<<<<<  3c3c3c3c3c3c3c3c2c3c3c3c3c3c3c3c
       426  <<<<<<<<<<<<<,<<  3c3c3c3c3c3c3c3c3c3c3c3c3c2c3c3c
# epoch 16100  H=1.2797 C=1.2083 HO=0.0714  A(t)=1456
     20169  <<<<<<<<<<<<<<<<  3c3c3c3c3c3c3c3c3c3c3c3c3c3c3c3c
       554  ,,,,,,,,,,,,,,,,  2c2c2c2c2c2c2c2c2c2c2c2c2c2c2c2c
       518  <<<<<<<<<<<<<<<,  3c3c3c3c3c3c3c3c3c3c3c3c3c3c3c2c
       500  <<<<<<<<<<<<<,<<  3c3c3c3c3c3c3c3c3c3c3c3c3c2c3c3c
       498  <<<<<<<<<<<<<<,<  3c3c3c3c3c3c3c3c3c3c3c3c3c3c2c3c
       493  ,<<<<<<<<<<<<<<<  2c3c3c3c3c3c3c3c3c3c3c3c3c3c3c3c
       490  <<,<<<<<<<<<<<<<  3c3c2c3c3c3c3c3c3c3c3c3c3c3c3c3c
       486  <<<<<<<<<<<<,<<<  3c3c3c3c3c3c3c3c3c3c3c3c2c3c3c3c
       482  <<<<<<<<<<<,<<<<  3c3c3c3c3c3c3c3c3c3c3c2c3c3c3c3c
       482  <,<<<<<<<<<<<<<<  3c2c3c3c3c3c3c3c3c3c3c3c3c3c3c3c
# epoch 16150  H=1.2900 C=1.2075 HO=0.0825  A(t)=1463
     19202  <<<<<<<<<<<<<<<<  3c3c3c3c3c3c3c3c3c3c3c3c3c3c3c3c
       836  ,,,,,,,,,,,,,,,,  2c2c2c2c2c2c2c2c2c2c2c2c2c2c2c2c
       545  <<<<<<<<<<<<<<<,  3c3c3c3c3c3c3c3c3c3c3c3c3c3c3c2c
       517  <<<<<<<<<<<<<<,<  3c3c3c3c3c3c3c3c3c3c3c3c3c3c2c3c
       517  <<<<<<<,<<<<<<<<  3c3c3c3c3c3c3c2c3c3c3c3c3c3c3c3c
       516  ,<<<<<<<<<<<<<<<  2c3c3c3c3c3c3c3c3c3c3c3c3c3c3c3c
       514  <<<<<<<<,<<<<<<<  3c3c3c3c3c3c3c3c2c3c3c3c3c3c3c3c
       501  <<<<<<<<<<<<<,<<  3c3c3c3c3c3c3c3c3c3c3c3c3c2c3c3c
       500  <<<<<<,<<<<<<<<<  3c3c3c3c3c3c2c3c3c3c3c3c3c3c3c3c
       496  <<<<<<<<<<<<,<<<  3c3c3c3c3c3c3c3c3c3c3c3c2c3c3c3c
# epoch 16200  H=1.3351 C=1.2433 HO=0.0919  A(t)=1464
     18666  <<<<<<<<<<<<<<<<  3c3c3c3c3c3c3c3c3c3c3c3c3c3c3c3c
       903  ,,,,,,,,,,,,,,,,  2c2c2c2c2c2c2c2c2c2c2c2c2c2c2c2c
       462  <<<<<<<<<<<<<<<,  3c3c3c3c3c3c3c3c3c3c3c3c3c3c3c2c
       457  ,<<<<<<<<<<<<<<<  2c3c3c3c3c3c3c3c3c3c3c3c3c3c3c3c
       446  <<<<<<<<<<<<<<,<  3c3c3c3c3c3c3c3c3c3c3c3c3c3c2c3c
       441  <,<<<<<<<<<<<<<<  3c2c3c3c3c3c3c3c3c3c3c3c3c3c3c3c
       433  <<<<<<,<<<<<<<<<  3c3c3c3c3c3c2c3c3c3c3c3c3c3c3c3c
       428  <<<<<<<,<<<<<<<<  3c3c3c3c3c3c3c2c3c3c3c3c3c3c3c3c
       427  <<<<<<<<<<<<<,<<  3c3c3c3c3c3c3c3c3c3c3c3c3c2c3c3c
       427  <<<<<,<<<<<<<<<<  3c3c3c3c3c2c3c3c3c3c3c3c3c3c3c3c
# epoch 16250  H=1.2812 C=1.2269 HO=0.0543  A(t)=1464
     20312  <<<<<<<<<<<<<<<<  3c3c3c3c3c3c3c3c3c3c3c3c3c3c3c3c
       565  ,,,,,,,,,,,,,,,,  2c2c2c2c2c2c2c2c2c2c2c2c2c2c2c2c
       492  <<<<<<<<<<<<<<<,  3c3c3c3c3c3c3c3c3c3c3c3c3c3c3c2c
       483  ,<<<<<<<<<<<<<<<  2c3c3c3c3c3c3c3c3c3c3c3c3c3c3c3c
       482  <<<<,<<<<<<<<<<<  3c3c3c3c2c3c3c3c3c3c3c3c3c3c3c3c
       480  <<<,<<<<<<<<<<<<  3c3c3c2c3c3c3c3c3c3c3c3c3c3c3c3c
       478  <,<<<<<<<<<<<<<<  3c2c3c3c3c3c3c3c3c3c3c3c3c3c3c3c
       477  <<<<<<<,<<<<<<<<  3c3c3c3c3c3c3c2c3c3c3c3c3c3c3c3c
       475  <<<<<<<<<<<<<<,<  3c3c3c3c3c3c3c3c3c3c3c3c3c3c2c3c
       475  <<<<<<<<,<<<<<<<  3c3c3c3c3c3c3c3c2c3c3c3c3c3c3c3c
# epoch 16300  H=1.2571 C=1.2314 HO=0.0256  A(t)=1473
     20260  <<<<<<<<<<<<<<<<  3c3c3c3c3c3c3c3c3c3c3c3c3c3c3c3c
       570  ,,,,,,,,,,,,,,,,  2c2c2c2c2c2c2c2c2c2c2c2c2c2c2c2c
       532  <<<<<<<<<<<<<<<,  3c3c3c3c3c3c3c3c3c3c3c3c3c3c3c2c
       516  ,<<<<<<<<<<<<<<<  2c3c3c3c3c3c3c3c3c3c3c3c3c3c3c3c
       507  <<<<<<<<<<<<<<,<  3c3c3c3c3c3c3c3c3c3c3c3c3c3c2c3c
       498  <,<<<<<<<<<<<<<<  3c2c3c3c3c3c3c3c3c3c3c3c3c3c3c3c
       486  <<,<<<<<<<<<<<<<  3c3c2c3c3c3c3c3c3c3c3c3c3c3c3c3c
       482  <<<<<<<<<<<<<,<<  3c3c3c3c3c3c3c3c3c3c3c3c3c2c3c3c
       476  <<<<,<<<<<<<<<<<  3c3c3c3c2c3c3c3c3c3c3c3c3c3c3c3c
       476  <<<,<<<<<<<<<<<<  3c3c3c2c3c3c3c3c3c3c3c3c3c3c3c3c
# epoch 16350  H=1.3530 C=1.2593 HO=0.0937  A(t)=1476
     19828  <<<<<<<<<<<<<<<<  3c3c3c3c3c3c3c3c3c3c3c3c3c3c3c3c
       723  ,,,,,,,,,,,,,,,,  2c2c2c2c2c2c2c2c2c2c2c2c2c2c2c2c
       500  <<<<<<<<<<<<<<<,  3c3c3c3c3c3c3c3c3c3c3c3c3c3c3c2c
       498  <<<<<<<<<<<<<<,<  3c3c3c3c3c3c3c3c3c3c3c3c3c3c2c3c
       491  ,<<<<<<<<<<<<<<<  2c3c3c3c3c3c3c3c3c3c3c3c3c3c3c3c
       486  <,<<<<<<<<<<<<<<  3c2c3c3c3c3c3c3c3c3c3c3c3c3c3c3c
       480  <<<<<<<<<<<<<,<<  3c3c3c3c3c3c3c3c3c3c3c3c3c2c3c3c
       479  <<,<<<<<<<<<<<<<  3c3c2c3c3c3c3c3c3c3c3c3c3c3c3c3c
       476  <<<<<<,<<<<<<<<<  3c3c3c3c3c3c2c3c3c3c3c3c3c3c3c3c
       475  <<<<<<<,<<<<<<<<  3c3c3c3c3c3c3c2c3c3c3c3c3c3c3c3c
# epoch 16400  H=1.3506 C=1.2739 HO=0.0766  A(t)=1484
     20105  <<<<<<<<<<<<<<<<  3c3c3c3c3c3c3c3c3c3c3c3c3c3c3c3c
       518  ,,,,,,,,,,,,,,,,  2c2c2c2c2c2c2c2c2c2c2c2c2c2c2c2c
       511  <<<<<<<<<<<<<<<,  3c3c3c3c3c3c3c3c3c3c3c3c3c3c3c2c
       488  <<<<<<<<<<<<<<,<  3c3c3c3c3c3c3c3c3c3c3c3c3c3c2c3c
       484  ,<<<<<<<<<<<<<<<  2c3c3c3c3c3c3c3c3c3c3c3c3c3c3c3c
       468  <,<<<<<<<<<<<<<<  3c2c3c3c3c3c3c3c3c3c3c3c3c3c3c3c
       466  <<<<<,<<<<<<<<<<  3c3c3c3c3c2c3c3c3c3c3c3c3c3c3c3c
       465  <<<<<<<<<<<<<,<<  3c3c3c3c3c3c3c3c3c3c3c3c3c2c3c3c
       460  <<,<<<<<<<<<<<<<  3c3c2c3c3c3c3c3c3c3c3c3c3c3c3c3c
       459  <<<<<<,<<<<<<<<<  3c3c3c3c3c3c2c3c3c3c3c3c3c3c3c3c
# epoch 16450  H=1.4251 C=1.3624 HO=0.0627  A(t)=1484
     19448  <<<<<<<<<<<<<<<<  3c3c3c3c3c3c3c3c3c3c3c3c3c3c3c3c
       531  ,,,,,,,,,,,,,,,,  2c2c2c2c2c2c2c2c2c2c2c2c2c2c2c2c
       497  <<<<<<<<<<<<<<<,  3c3c3c3c3c3c3c3c3c3c3c3c3c3c3c2c
       483  <<<<<<<<<<<<<<,<  3c3c3c3c3c3c3c3c3c3c3c3c3c3c2c3c
       468  ,<<<<<<<<<<<<<<<  2c3c3c3c3c3c3c3c3c3c3c3c3c3c3c3c
       465  <,<<<<<<<<<<<<<<  3c2c3c3c3c3c3c3c3c3c3c3c3c3c3c3c
       460  <<<<<<<<<<<<<,<<  3c3c3c3c3c3c3c3c3c3c3c3c3c2c3c3c
       454  <<<<<<<<<<<<,<<<  3c3c3c3c3c3c3c3c3c3c3c3c2c3c3c3c
       453  <<<<<<<<,<<<<<<<  3c3c3c3c3c3c3c3c2c3c3c3c3c3c3c3c
       453  <<<<<<<,<<<<<<<<  3c3c3c3c3c3c3c2c3c3c3c3c3c3c3c3c
# epoch 16500  H=1.3980 C=1.3252 HO=0.0728  A(t)=1484
     20756  <<<<<<<<<<<<<<<<  3c3c3c3c3c3c3c3c3c3c3c3c3c3c3c3c
       497  <<<<<<<<<<<<<<<,  3c3c3c3c3c3c3c3c3c3c3c3c3c3c3c2c
       495  ,<<<<<<<<<<<<<<<  2c3c3c3c3c3c3c3c3c3c3c3c3c3c3c3c
       474  <,<<<<<<<<<<<<<<  3c2c3c3c3c3c3c3c3c3c3c3c3c3c3c3c
       472  <<<<<<,<<<<<<<<<  3c3c3c3c3c3c2c3c3c3c3c3c3c3c3c3c
       464  <<<<<<<<<<<<<<,<  3c3c3c3c3c3c3c3c3c3c3c3c3c3c2c3c
       463  <<<<<,<<<<<<<<<<  3c3c3c3c3c2c3c3c3c3c3c3c3c3c3c3c
       462  <<<<<<<<<<,<<<<<  3c3c3c3c3c3c3c3c3c3c2c3c3c3c3c3c
       462  <<<<<<<<,<<<<<<<  3c3c3c3c3c3c3c3c2c3c3c3c3c3c3c3c
       461  <<<<<<<,<<<<<<<<  3c3c3c3c3c3c3c2c3c3c3c3c3c3c3c3c
# epoch 16550  H=1.4710 C=1.3558 HO=0.1152  A(t)=1484
     19911  <<<<<<<<<<<<<<<<  3c3c3c3c3c3c3c3c3c3c3c3c3c3c3c3c
       931  ,,,,,,,,,,,,,,,,  2c2c2c2c2c2c2c2c2c2c2c2c2c2c2c2c
       405  <<<<<<<<<<<<<<<,  3c3c3c3c3c3c3c3c3c3c3c3c3c3c3c2c
       400  <<<<<<,<<<<<<<<<  3c3c3c3c3c3c2c3c3c3c3c3c3c3c3c3c
       399  ,<<<<<<<<<<<<<<<  2c3c3c3c3c3c3c3c3c3c3c3c3c3c3c3c
       397  <<<<<,<<<<<<<<<<  3c3c3c3c3c2c3c3c3c3c3c3c3c3c3c3c
       391  <<<<<<<<,<<<<<<<  3c3c3c3c3c3c3c3c2c3c3c3c3c3c3c3c
       391  <,<<<<<<<<<<<<<<  3c2c3c3c3c3c3c3c3c3c3c3c3c3c3c3c
       390  <<<<<<<,<<<<<<<<  3c3c3c3c3c3c3c2c3c3c3c3c3c3c3c3c
       390  <<<<,<<<<<<<<<<<  3c3c3c3c2c3c3c3c3c3c3c3c3c3c3c3c
# epoch 16600  H=1.5315 C=1.4156 HO=0.1158  A(t)=1488
     18692  <<<<<<<<<<<<<<<<  3c3c3c3c3c3c3c3c3c3c3c3c3c3c3c3c
       807  ,,,,,,,,,,,,,,,,  2c2c2c2c2c2c2c2c2c2c2c2c2c2c2c2c
       417  <<<<<<<<<<<<<<<,  3c3c3c3c3c3c3c3c3c3c3c3c3c3c3c2c
       398  <<<<<<<<<<<<<<,<  3c3c3c3c3c3c3c3c3c3c3c3c3c3c2c3c
       395  ,<<<<<<<<<<<<<<<  2c3c3c3c3c3c3c3c3c3c3c3c3c3c3c3c
       383  <,<<<<<<<<<<<<<<  3c2c3c3c3c3c3c3c3c3c3c3c3c3c3c3c
       381  <<<<<<<<<<<<,<<<  3c3c3c3c3c3c3c3c3c3c3c3c2c3c3c3c
       379  <<<<<<<<<<<<<,<<  3c3c3c3c3c3c3c3c3c3c3c3c3c2c3c3c
       379  <<<,<<<<<<<<<<<<  3c3c3c2c3c3c3c3c3c3c3c3c3c3c3c3c
       379  <<,<<<<<<<<<<<<<  3c3c2c3c3c3c3c3c3c3c3c3c3c3c3c3c
# epoch 16650  H=1.3489 C=1.2994 HO=0.0495  A(t)=1494
     19203  <<<<<<<<<<<<<<<<  3c3c3c3c3c3c3c3c3c3c3c3c3c3c3c3c
       474  <<<<<<<<<<<<<<<,  3c3c3c3c3c3c3c3c3c3c3c3c3c3c3c2c
       463  <<<<<<<<<<<<<<,<  3c3c3c3c3c3c3c3c3c3c3c3c3c3c2c3c
       460  ,<<<<<<<<<<<<<<<  2c3c3c3c3c3c3c3c3c3c3c3c3c3c3c3c
       452  <<,<<<<<<<<<<<<<  3c3c2c3c3c3c3c3c3c3c3c3c3c3c3c3c
       451  <,<<<<<<<<<<<<<<  3c2c3c3c3c3c3c3c3c3c3c3c3c3c3c3c
       447  <<<<<<,<<<<<<<<<  3c3c3c3c3c3c2c3c3c3c3c3c3c3c3c3c
       446  <<<<<,<<<<<<<<<<  3c3c3c3c3c2c3c3c3c3c3c3c3c3c3c3c
       445  <<<<<<<,<<<<<<<<  3c3c3c3c3c3c3c2c3c3c3c3c3c3c3c3c
       444  <<<<<<<<<<<<<,<<  3c3c3c3c3c3c3c3c3c3c3c3c3c2c3c3c
# epoch 16700  H=1.3139 C=1.2391 HO=0.0748  A(t)=1495
     20482  <<<<<<<<<<<<<<<<  3c3c3c3c3c3c3c3c3c3c3c3c3c3c3c3c
       691  ,,,,,,,,,,,,,,,,  2c2c2c2c2c2c2c2c2c2c2c2c2c2c2c2c
       438  <<<<<<<<<<<<<<<,  3c3c3c3c3c3c3c3c3c3c3c3c3c3c3c2c
       431  <<<<<<<<<<<<<<,<  3c3c3c3c3c3c3c3c3c3c3c3c3c3c2c3c
       420  <<<<<<<<<<<<<,<<  3c3c3c3c3c3c3c3c3c3c3c3c3c2c3c3c
       419  ,<<<<<<<<<<<<<<<  2c3c3c3c3c3c3c3c3c3c3c3c3c3c3c3c
       414  <<,<<<<<<<<<<<<<  3c3c2c3c3c3c3c3c3c3c3c3c3c3c3c3c
       413  <<<<<<<<<<<<,<<<  3c3c3c3c3c3c3c3c3c3c3c3c2c3c3c3c
       412  <<<<<<,<<<<<<<<<  3c3c3c3c3c3c2c3c3c3c3c3c3c3c3c3c
       412  <<<,<<<<<<<<<<<<  3c3c3c2c3c3c3c3c3c3c3c3c3c3c3c3c
# epoch 16750  H=1.3272 C=1.2070 HO=0.1202  A(t)=1497
     20410  <<<<<<<<<<<<<<<<  3c3c3c3c3c3c3c3c3c3c3c3c3c3c3c3c
      1131  ,,,,,,,,,,,,,,,,  2c2c2c2c2c2c2c2c2c2c2c2c2c2c2c2c
       470  <<<<<<<<<<<<<<<,  3c3c3c3c3c3c3c3c3c3c3c3c3c3c3c2c
       458  ,<<<<<<<<<<<<<<<  2c3c3c3c3c3c3c3c3c3c3c3c3c3c3c3c
       439  <,<<<<<<<<<<<<<<  3c2c3c3c3c3c3c3c3c3c3c3c3c3c3c3c
       425  <<<<<<<<<<<<<<,<  3c3c3c3c3c3c3c3c3c3c3c3c3c3c2c3c
       409  <<,<<<<<<<<<<<<<  3c3c2c3c3c3c3c3c3c3c3c3c3c3c3c3c
       408  <<<<<<<<<<<<<,<<  3c3c3c3c3c3c3c3c3c3c3c3c3c2c3c3c
       397  <<<,<<<<<<<<<<<<  3c3c3c2c3c3c3c3c3c3c3c3c3c3c3c3c
       396  <<<<<,<<<<<<<<<<  3c3c3c3c3c2c3c3c3c3c3c3c3c3c3c3c
# epoch 16800  H=1.3123 C=1.1903 HO=0.1220  A(t)=1498
     20773  <<<<<<<<<<<<<<<<  3c3c3c3c3c3c3c3c3c3c3c3c3c3c3c3c
       679  ,,,,,,,,,,,,,,,,  2c2c2c2c2c2c2c2c2c2c2c2c2c2c2c2c
       493  <<<<<<<<<<<<<<<,  3c3c3c3c3c3c3c3c3c3c3c3c3c3c3c2c
       493  <<<<<<<<<<<<<<,<  3c3c3c3c3c3c3c3c3c3c3c3c3c3c2c3c
       484  <<<<<<,<<<<<<<<<  3c3c3c3c3c3c2c3c3c3c3c3c3c3c3c3c
       479  <<,<<<<<<<<<<<<<  3c3c2c3c3c3c3c3c3c3c3c3c3c3c3c3c
       478  <,<<<<<<<<<<<<<<  3c2c3c3c3c3c3c3c3c3c3c3c3c3c3c3c
       478  ,<<<<<<<<<<<<<<<  2c3c3c3c3c3c3c3c3c3c3c3c3c3c3c3c
       477  <<<<<<<<<<<<<,<<  3c3c3c3c3c3c3c3c3c3c3c3c3c2c3c3c
       477  <<<<<<<<<<,<<<<<  3c3c3c3c3c3c3c3c3c3c2c3c3c3c3c3c
# epoch 16850  H=1.2461 C=1.1823 HO=0.0639  A(t)=1500
     21277  <<<<<<<<<<<<<<<<  3c3c3c3c3c3c3c3c3c3c3c3c3c3c3c3c
       544  ,,,,,,,,,,,,,,,,  2c2c2c2c2c2c2c2c2c2c2c2c2c2c2c2c
       509  <<<<<<<<<<<<<<<,  3c3c3c3c3c3c3c3c3c3c3c3c3c3c3c2c
       481  <<<<<<<<<<<<<<,<  3c3c3c3c3c3c3c3c3c3c3c3c3c3c2c3c
       476  ,<<<<<<<<<<<<<<<  2c3c3c3c3c3c3c3c3c3c3c3c3c3c3c3c
       458  <,<<<<<<<<<<<<<<  3c2c3c3c3c3c3c3c3c3c3c3c3c3c3c3c
       454  <<<<<<<<<<<<<,<<  3c3c3c3c3c3c3c3c3c3c3c3c3c2c3c3c
       439  <<,<<<<<<<<<<<<<  3c3c2c3c3c3c3c3c3c3c3c3c3c3c3c3c
       437  <<<<<<,<<<<<<<<<  3c3c3c3c3c3c2c3c3c3c3c3c3c3c3c3c
       434  <<<<<<<<<<<<,<<<  3c3c3c3c3c3c3c3c3c3c3c3c2c3c3c3c
# epoch 16900  H=1.1732 C=1.1240 HO=0.0492  A(t)=1500
     21377  <<<<<<<<<<<<<<<<  3c3c3c3c3c3c3c3c3c3c3c3c3c3c3c3c
       753  ,,,,,,,,,,,,,,,,  2c2c2c2c2c2c2c2c2c2c2c2c2c2c2c2c
       545  <<<<<<<<<<<<<<<,  3c3c3c3c3c3c3c3c3c3c3c3c3c3c3c2c
       537  <<<<<<<<<<<<<<,<  3c3c3c3c3c3c3c3c3c3c3c3c3c3c2c3c
       530  ,<<<<<<<<<<<<<<<  2c3c3c3c3c3c3c3c3c3c3c3c3c3c3c3c
       522  <,<<<<<<<<<<<<<<  3c2c3c3c3c3c3c3c3c3c3c3c3c3c3c3c
       515  <<,<<<<<<<<<<<<<  3c3c2c3c3c3c3c3c3c3c3c3c3c3c3c3c
       514  <<<<<<<<<<<<<,<<  3c3c3c3c3c3c3c3c3c3c3c3c3c2c3c3c
       510  <<<,<<<<<<<<<<<<  3c3c3c2c3c3c3c3c3c3c3c3c3c3c3c3c
       506  <<<<<<,<<<<<<<<<  3c3c3c3c3c3c2c3c3c3c3c3c3c3c3c3c
# epoch 16950  H=0.9683 C=0.9823 HO=-0.0140  A(t)=1500
     22214  <<<<<<<<<<<<<<<<  3c3c3c3c3c3c3c3c3c3c3c3c3c3c3c3c
       749  ,,,,,,,,,,,,,,,,  2c2c2c2c2c2c2c2c2c2c2c2c2c2c2c2c
       614  <<<<<<<<<<<<<<<,  3c3c3c3c3c3c3c3c3c3c3c3c3c3c3c2c
       605  <<<<<<<<<<<<<<,<  3c3c3c3c3c3c3c3c3c3c3c3c3c3c2c3c
       598  ,<<<<<<<<<<<<<<<  2c3c3c3c3c3c3c3c3c3c3c3c3c3c3c3c
       594  <,<<<<<<<<<<<<<<  3c2c3c3c3c3c3c3c3c3c3c3c3c3c3c3c
       586  <<,<<<<<<<<<<<<<  3c3c2c3c3c3c3c3c3c3c3c3c3c3c3c3c
       585  <<<,<<<<<<<<<<<<  3c3c3c2c3c3c3c3c3c3c3c3c3c3c3c3c
       583  <<<<<<<<<<<<<,<<  3c3c3c3c3c3c3c3c3c3c3c3c3c2c3c3c
       576  <<<<<<<<<<<<,<<<  3c3c3c3c3c3c3c3c3c3c3c3c2c3c3c3c
# epoch 17000  H=0.9553 C=0.9639 HO=-0.0086  A(t)=1504
     22764  <<<<<<<<<<<<<<<<  3c3c3c3c3c3c3c3c3c3c3c3c3c3c3c3c
       567  <<<<<<<<<<<<<<<,  3c3c3c3c3c3c3c3c3c3c3c3c3c3c3c2c
       558  ,<<<<<<<<<<<<<<<  2c3c3c3c3c3c3c3c3c3c3c3c3c3c3c3c
       543  ,,,,,,,,,,,,,,,,  2c2c2c2c2c2c2c2c2c2c2c2c2c2c2c2c
       535  <<<<<<<<<<<<<<,<  3c3c3c3c3c3c3c3c3c3c3c3c3c3c2c3c
       534  <<<<<<<<,<<<<<<<  3c3c3c3c3c3c3c3c2c3c3c3c3c3c3c3c
       532  <<<<<<<,<<<<<<<<  3c3c3c3c3c3c3c2c3c3c3c3c3c3c3c3c
       528  <<<<<<,<<<<<<<<<  3c3c3c3c3c3c2c3c3c3c3c3c3c3c3c3c
       525  <<<<<<<<<<<<<,<<  3c3c3c3c3c3c3c3c3c3c3c3c3c2c3c3c
       525  <,<<<<<<<<<<<<<<  3c2c3c3c3c3c3c3c3c3c3c3c3c3c3c3c
# epoch 17050  H=0.9320 C=0.9427 HO=-0.0108  A(t)=1504
     24170  <<<<<<<<<<<<<<<<  3c3c3c3c3c3c3c3c3c3c3c3c3c3c3c3c
       797  ,,,,,,,,,,,,,,,,  2c2c2c2c2c2c2c2c2c2c2c2c2c2c2c2c
       580  <<<<<<<<<<<<<<<,  3c3c3c3c3c3c3c3c3c3c3c3c3c3c3c2c
       571  ,<<<<<<<<<<<<<<<  2c3c3c3c3c3c3c3c3c3c3c3c3c3c3c3c
       561  <,<<<<<<<<<<<<<<  3c2c3c3c3c3c3c3c3c3c3c3c3c3c3c3c
       552  <<<<,<<<<<<<<<<<  3c3c3c3c2c3c3c3c3c3c3c3c3c3c3c3c
       547  <<<<<<<<<<<<<<,<  3c3c3c3c3c3c3c3c3c3c3c3c3c3c2c3c
       542  <<<,<<<<<<<<<<<<  3c3c3c2c3c3c3c3c3c3c3c3c3c3c3c3c
       541  <<,<<<<<<<<<<<<<  3c3c2c3c3c3c3c3c3c3c3c3c3c3c3c3c
       540  <<<<<<<<<<<<<,<<  3c3c3c3c3c3c3c3c3c3c3c3c3c2c3c3c
# epoch 17100  H=1.0323 C=1.0177 HO=0.0146  A(t)=1504
     21053  <<<<<<<<<<<<<<<<  3c3c3c3c3c3c3c3c3c3c3c3c3c3c3c3c
      1113  ,,,,,,,,,,,,,,,,  2c2c2c2c2c2c2c2c2c2c2c2c2c2c2c2c
       565  <<<<<<<<<<<<<<<,  3c3c3c3c3c3c3c3c3c3c3c3c3c3c3c2c
       540  <<<<<<<,<<<<<<<<  3c3c3c3c3c3c3c2c3c3c3c3c3c3c3c3c
       530  <<<<<<<<<<<<<<,<  3c3c3c3c3c3c3c3c3c3c3c3c3c3c2c3c
       530  ,<<<<<<<<<<<<<<<  2c3c3c3c3c3c3c3c3c3c3c3c3c3c3c3c
       528  <<<<<<<<<,<<<<<<  3c3c3c3c3c3c3c3c3c2c3c3c3c3c3c3c
       527  <<<<<<<<,<<<<<<<  3c3c3c3c3c3c3c3c2c3c3c3c3c3c3c3c
       527  <<<<<<,<<<<<<<<<  3c3c3c3c3c3c2c3c3c3c3c3c3c3c3c3c
       523  <<<<<<<<<<,<<<<<  3c3c3c3c3c3c3c3c3c3c2c3c3c3c3c3c
# epoch 17150  H=1.0587 C=1.0232 HO=0.0355  A(t)=1504
     22320  <<<<<<<<<<<<<<<<  3c3c3c3c3c3c3c3c3c3c3c3c3c3c3c3c
       592  <<<<<<<<<<<<<<<,  3c3c3c3c3c3c3c3c3c3c3c3c3c3c3c2c
       578  <<<<<<<<<<<<<<,<  3c3c3c3c3c3c3c3c3c3c3c3c3c3c2c3c
       568  ,<<<<<<<<<<<<<<<  2c3c3c3c3c3c3c3c3c3c3c3c3c3c3c3c
       566  <<<<<<<<<<<<<,<<  3c3c3c3c3c3c3c3c3c3c3c3c3c2c3c3c
       562  <,<<<<<<<<<<<<<<  3c2c3c3c3c3c3c3c3c3c3c3c3c3c3c3c
       559  <<<<<<<<<<<<,<<<  3c3c3c3c3c3c3c3c3c3c3c3c2c3c3c3c
       548  <<<<,<<<<<<<<<<<  3c3c3c3c2c3c3c3c3c3c3c3c3c3c3c3c
       548  <<<,<<<<<<<<<<<<  3c3c3c2c3c3c3c3c3c3c3c3c3c3c3c3c
       543  <<<<<<<<<<<,<<<<  3c3c3c3c3c3c3c3c3c3c3c2c3c3c3c3c
# epoch 17200  H=1.1186 C=1.0806 HO=0.0381  A(t)=1505
     22057  <<<<<<<<<<<<<<<<  3c3c3c3c3c3c3c3c3c3c3c3c3c3c3c3c
       705  ,,,,,,,,,,,,,,,,  2c2c2c2c2c2c2c2c2c2c2c2c2c2c2c2c
       568  <<<<<<<<<<<<<<<,  3c3c3c3c3c3c3c3c3c3c3c3c3c3c3c2c
       548  <<<<<<<<<<<<<<,<  3c3c3c3c3c3c3c3c3c3c3c3c3c3c2c3c
       547  ,<<<<<<<<<<<<<<<  2c3c3c3c3c3c3c3c3c3c3c3c3c3c3c3c
       530  <<<<<<<<<<<<<,<<  3c3c3c3c3c3c3c3c3c3c3c3c3c2c3c3c
       528  <,<<<<<<<<<<<<<<  3c2c3c3c3c3c3c3c3c3c3c3c3c3c3c3c
       517  <<<<<<<<<<<,<<<<  3c3c3c3c3c3c3c3c3c3c3c2c3c3c3c3c
       516  <<<<<<<<<<<<,<<<  3c3c3c3c3c3c3c3c3c3c3c3c2c3c3c3c
       511  <<,<<<<<<<<<<<<<  3c3c2c3c3c3c3c3c3c3c3c3c3c3c3c3c
# epoch 17250  H=1.1718 C=1.1321 HO=0.0398  A(t)=1511
     21553  <<<<<<<<<<<<<<<<  3c3c3c3c3c3c3c3c3c3c3c3c3c3c3c3c
       526  <<<<<<<<<<<<<<<,  3c3c3c3c3c3c3c3c3c3c3c3c3c3c3c2c
       517  ,<<<<<<<<<<<<<<<  2c3c3c3c3c3c3c3c3c3c3c3c3c3c3c3c
       508  <<,<<<<<<<<<<<<<  3c3c2c3c3c3c3c3c3c3c3c3c3c3c3c3c
       507  <<<<<<<<<<<<<<,<  3c3c3c3c3c3c3c3c3c3c3c3c3c3c2c3c
       505  <,<<<<<<<<<<<<<<  3c2c3c3c3c3c3c3c3c3c3c3c3c3c3c3c
       498  <<<<,<<<<<<<<<<<  3c3c3c3c2c3c3c3c3c3c3c3c3c3c3c3c
       495  <<<<<<<<<,<<<<<<  3c3c3c3c3c3c3c3c3c2c3c3c3c3c3c3c
       495  <<<,<<<<<<<<<<<<  3c3c3c2c3c3c3c3c3c3c3c3c3c3c3c3c
       492  <<<<<,<<<<<<<<<<  3c3c3c3c3c2c3c3c3c3c3c3c3c3c3c3c
# epoch 17300  H=1.1821 C=1.1212 HO=0.0609  A(t)=1515
     22033  <<<<<<<<<<<<<<<<  3c3c3c3c3c3c3c3c3c3c3c3c3c3c3c3c
       721  ,,,,,,,,,,,,,,,,  2c2c2c2c2c2c2c2c2c2c2c2c2c2c2c2c
       523  <<<<<<<<<<<<<<<,  3c3c3c3c3c3c3c3c3c3c3c3c3c3c3c2c
       516  ,<<<<<<<<<<<<<<<  2c3c3c3c3c3c3c3c3c3c3c3c3c3c3c3c
       497  <<<<<<<<<<<<<<,<  3c3c3c3c3c3c3c3c3c3c3c3c3c3c2c3c
       496  <,<<<<<<<<<<<<<<  3c2c3c3c3c3c3c3c3c3c3c3c3c3c3c3c
       485  <<,<<<<<<<<<<<<<  3c3c2c3c3c3c3c3c3c3c3c3c3c3c3c3c
       479  <<<<<<<<<<<<<,<<  3c3c3c3c3c3c3c3c3c3c3c3c3c2c3c3c
       475  <<<,<<<<<<<<<<<<  3c3c3c2c3c3c3c3c3c3c3c3c3c3c3c3c
       465  <<<<<,<<<<<<<<<<  3c3c3c3c3c2c3c3c3c3c3c3c3c3c3c3c
# epoch 17350  H=1.2362 C=1.1791 HO=0.0572  A(t)=1515
     20819  <<<<<<<<<<<<<<<<  3c3c3c3c3c3c3c3c3c3c3c3c3c3c3c3c
       848  ,,,,,,,,,,,,,,,,  2c2c2c2c2c2c2c2c2c2c2c2c2c2c2c2c
       493  <<<<<<<<<<<<<<<,  3c3c3c3c3c3c3c3c3c3c3c3c3c3c3c2c
       475  ,<<<<<<<<<<<<<<<  2c3c3c3c3c3c3c3c3c3c3c3c3c3c3c3c
       473  <<<<<<<<<<<<<<,<  3c3c3c3c3c3c3c3c3c3c3c3c3c3c2c3c
       470  <,<<<<<<<<<<<<<<  3c2c3c3c3c3c3c3c3c3c3c3c3c3c3c3c
       463  <<,<<<<<<<<<<<<<  3c3c2c3c3c3c3c3c3c3c3c3c3c3c3c3c
       451  <<<<<<<<<<<<<,<<  3c3c3c3c3c3c3c3c3c3c3c3c3c2c3c3c
       446  <<<<<<,<<<<<<<<<  3c3c3c3c3c3c2c3c3c3c3c3c3c3c3c3c
       445  <<<<<<<<,<<<<<<<  3c3c3c3c3c3c3c3c2c3c3c3c3c3c3c3c
# epoch 17400  H=1.1315 C=1.0814 HO=0.0501  A(t)=1518
     22730  <<<<<<<<<<<<<<<<  3c3c3c3c3c3c3c3c3c3c3c3c3c3c3c3c
       777  ,,,,,,,,,,,,,,,,  2c2c2c2c2c2c2c2c2c2c2c2c2c2c2c2c
       514  <<<<<<<<<<<<<<<,  3c3c3c3c3c3c3c3c3c3c3c3c3c3c3c2c
       494  ,<<<<<<<<<<<<<<<  2c3c3c3c3c3c3c3c3c3c3c3c3c3c3c3c
       487  <<<<<<<<<<<<<<,<  3c3c3c3c3c3c3c3c3c3c3c3c3c3c2c3c
       481  <,<<<<<<<<<<<<<<  3c2c3c3c3c3c3c3c3c3c3c3c3c3c3c3c
       469  <<<,<<<<<<<<<<<<  3c3c3c2c3c3c3c3c3c3c3c3c3c3c3c3c
       469  <<,<<<<<<<<<<<<<  3c3c2c3c3c3c3c3c3c3c3c3c3c3c3c3c
       465  <<<<,<<<<<<<<<<<  3c3c3c3c2c3c3c3c3c3c3c3c3c3c3c3c
       464  <<<<<<<,<<<<<<<<  3c3c3c3c3c3c3c2c3c3c3c3c3c3c3c3c
# epoch 17450  H=1.1020 C=1.0879 HO=0.0141  A(t)=1530
     20829  <<<<<<<<<<<<<<<<  3c3c3c3c3c3c3c3c3c3c3c3c3c3c3c3c
       539  <<<<<<<<<<<<<<<,  3c3c3c3c3c3c3c3c3c3c3c3c3c3c3c2c
       526  <<<<<<,<<<<<<<<<  3c3c3c3c3c3c2c3c3c3c3c3c3c3c3c3c
       524  <<<<<<<<<<<<<<,<  3c3c3c3c3c3c3c3c3c3c3c3c3c3c2c3c
       524  <<<<<,<<<<<<<<<<  3c3c3c3c3c2c3c3c3c3c3c3c3c3c3c3c
       521  <<<<<<<<<<<<<,<<  3c3c3c3c3c3c3c3c3c3c3c3c3c2c3c3c
       515  ,<<<<<<<<<<<<<<<  2c3c3c3c3c3c3c3c3c3c3c3c3c3c3c3c
       512  <<<<<<<<<,<<<<<<  3c3c3c3c3c3c3c3c3c2c3c3c3c3c3c3c
       511  <<<<<<<<<<,<<<<<  3c3c3c3c3c3c3c3c3c3c2c3c3c3c3c3c
       510  <<<<,<<<<<<<<<<<  3c3c3c3c2c3c3c3c3c3c3c3c3c3c3c3c
# epoch 17500  H=1.1164 C=1.0814 HO=0.0350  A(t)=1532
     21364  <<<<<<<<<<<<<<<<  3c3c3c3c3c3c3c3c3c3c3c3c3c3c3c3c
       787  ,,,,,,,,,,,,,,,,  2c2c2c2c2c2c2c2c2c2c2c2c2c2c2c2c
       575  <<<<<<<<<<<<<<<,  3c3c3c3c3c3c3c3c3c3c3c3c3c3c3c2c
       566  ,<<<<<<<<<<<<<<<  2c3c3c3c3c3c3c3c3c3c3c3c3c3c3c3c
       553  <,<<<<<<<<<<<<<<  3c2c3c3c3c3c3c3c3c3c3c3c3c3c3c3c
       552  <<,<<<<<<<<<<<<<  3c3c2c3c3c3c3c3c3c3c3c3c3c3c3c3c
       546  <<<<<<<<<<<<<<,<  3c3c3c3c3c3c3c3c3c3c3c3c3c3c2c3c
       533  <<<,<<<<<<<<<<<<  3c3c3c2c3c3c3c3c3c3c3c3c3c3c3c3c
       530  <<<<<<<<<<<<<,<<  3c3c3c3c3c3c3c3c3c3c3c3c3c2c3c3c
       517  <<<<,<<<<<<<<<<<  3c3c3c3c2c3c3c3c3c3c3c3c3c3c3c3c
# epoch 17550  H=1.0750 C=1.0537 HO=0.0213  A(t)=1537
     22696  <<<<<<<<<<<<<<<<  3c3c3c3c3c3c3c3c3c3c3c3c3c3c3c3c
       719  ,,,,,,,,,,,,,,,,  2c2c2c2c2c2c2c2c2c2c2c2c2c2c2c2c
       608  <<<<<<<<<<<<<<<,  3c3c3c3c3c3c3c3c3c3c3c3c3c3c3c2c
       594  <<<<<<<<<<<<<<,<  3c3c3c3c3c3c3c3c3c3c3c3c3c3c2c3c
       587  ,<<<<<<<<<<<<<<<  2c3c3c3c3c3c3c3c3c3c3c3c3c3c3c3c
       580  <,<<<<<<<<<<<<<<  3c2c3c3c3c3c3c3c3c3c3c3c3c3c3c3c
       574  <<,<<<<<<<<<<<<<  3c3c2c3c3c3c3c3c3c3c3c3c3c3c3c3c
       573  <<<<<<<<<<<<<,<<  3c3c3c3c3c3c3c3c3c3c3c3c3c2c3c3c
       572  <<<<<<<<<<<<,<<<  3c3c3c3c3c3c3c3c3c3c3c3c2c3c3c3c
       568  <<<<<<<<<<<,<<<<  3c3c3c3c3c3c3c3c3c3c3c2c3c3c3c3c
# epoch 17600  H=1.2752 C=1.1748 HO=0.1004  A(t)=1539
     21735  <<<<<<<<<<<<<<<<  3c3c3c3c3c3c3c3c3c3c3c3c3c3c3c3c
       647  ,,,,,,,,,,,,,,,,  2c2c2c2c2c2c2c2c2c2c2c2c2c2c2c2c
       507  <<<<<<<<<<<<<<<,  3c3c3c3c3c3c3c3c3c3c3c3c3c3c3c2c
       480  <<<<<<<<<<<<<<,<  3c3c3c3c3c3c3c3c3c3c3c3c3c3c2c3c
       477  ,<<<<<<<<<<<<<<<  2c3c3c3c3c3c3c3c3c3c3c3c3c3c3c3c
       463  <<<<<<<<<<<<<,<<  3c3c3c3c3c3c3c3c3c3c3c3c3c2c3c3c
       462  <<,<<<<<<<<<<<<<  3c3c2c3c3c3c3c3c3c3c3c3c3c3c3c3c
       461  <<<<<<<<<<<<,<<<  3c3c3c3c3c3c3c3c3c3c3c3c2c3c3c3c
       459  <,<<<<<<<<<<<<<<  3c2c3c3c3c3c3c3c3c3c3c3c3c3c3c3c
       457  <<<,<<<<<<<<<<<<  3c3c3c2c3c3c3c3c3c3c3c3c3c3c3c3c
# epoch 17650  H=1.2774 C=1.2078 HO=0.0696  A(t)=1540
     21764  <<<<<<<<<<<<<<<<  3c3c3c3c3c3c3c3c3c3c3c3c3c3c3c3c
       539  <<<<<<<<<<<<<<<,  3c3c3c3c3c3c3c3c3c3c3c3c3c3c3c2c
       517  <<<<<<<<<<<<<<,<  3c3c3c3c3c3c3c3c3c3c3c3c3c3c2c3c
       510  ,<<<<<<<<<<<<<<<  2c3c3c3c3c3c3c3c3c3c3c3c3c3c3c3c
       505  <<<<<<<<<<<<<,<<  3c3c3c3c3c3c3c3c3c3c3c3c3c2c3c3c
       497  <,<<<<<<<<<<<<<<  3c2c3c3c3c3c3c3c3c3c3c3c3c3c3c3c
       487  <<<,<<<<<<<<<<<<  3c3c3c2c3c3c3c3c3c3c3c3c3c3c3c3c
       487  <<,<<<<<<<<<<<<<  3c3c2c3c3c3c3c3c3c3c3c3c3c3c3c3c
       479  <<<<<<<<<<<<,<<<  3c3c3c3c3c3c3c3c3c3c3c3c2c3c3c3c
       479  <<<<,<<<<<<<<<<<  3c3c3c3c2c3c3c3c3c3c3c3c3c3c3c3c
# epoch 17700  H=1.3532 C=1.2396 HO=0.1136  A(t)=1547
     20943  <<<<<<<<<<<<<<<<  3c3c3c3c3c3c3c3c3c3c3c3c3c3c3c3c
       912  ,,,,,,,,,,,,,,,,  2c2c2c2c2c2c2c2c2c2c2c2c2c2c2c2c
       519  <<<<<<<<<<<<<<<,  3c3c3c3c3c3c3c3c3c3c3c3c3c3c3c2c
       502  ,<<<<<<<<<<<<<<<  2c3c3c3c3c3c3c3c3c3c3c3c3c3c3c3c
       485  <<<<<<<<<<<<<<,<  3c3c3c3c3c3c3c3c3c3c3c3c3c3c2c3c
       485  <,<<<<<<<<<<<<<<  3c2c3c3c3c3c3c3c3c3c3c3c3c3c3c3c
       471  <<<<<<<<<<<<<,<<  3c3c3c3c3c3c3c3c3c3c3c3c3c2c3c3c
       469  <<<<<<<<<<<<,<<<  3c3c3c3c3c3c3c3c3c3c3c3c2c3c3c3c
       466  <<,<<<<<<<<<<<<<  3c3c2c3c3c3c3c3c3c3c3c3c3c3c3c3c
       462  <<<,<<<<<<<<<<<<  3c3c3c2c3c3c3c3c3c3c3c3c3c3c3c3c
# epoch 17750  H=1.3502 C=1.2615 HO=0.0887  A(t)=1547
     19490  <<<<<<<<<<<<<<<<  3c3c3c3c3c3c3c3c3c3c3c3c3c3c3c3c
       806  ,,,,,,,,,,,,,,,,  2c2c2c2c2c2c2c2c2c2c2c2c2c2c2c2c
       517  <<<<<<<<<<<<<<<,  3c3c3c3c3c3c3c3c3c3c3c3c3c3c3c2c
       501  ,<<<<<<<<<<<<<<<  2c3c3c3c3c3c3c3c3c3c3c3c3c3c3c3c
       490  <<<<<<,<<<<<<<<<  3c3c3c3c3c3c2c3c3c3c3c3c3c3c3c3c
       488  <<<<<<<<<<<<<<,<  3c3c3c3c3c3c3c3c3c3c3c3c3c3c2c3c
       483  <,<<<<<<<<<<<<<<  3c2c3c3c3c3c3c3c3c3c3c3c3c3c3c3c
       482  <<<<<,<<<<<<<<<<  3c3c3c3c3c2c3c3c3c3c3c3c3c3c3c3c
       476  <<<<<<<<<<<<<,<<  3c3c3c3c3c3c3c3c3c3c3c3c3c2c3c3c
       474  <<<<,<<<<<<<<<<<  3c3c3c3c2c3c3c3c3c3c3c3c3c3c3c3c
# epoch 17800  H=1.4486 C=1.3136 HO=0.1350  A(t)=1547
     20446  <<<<<<<<<<<<<<<<  3c3c3c3c3c3c3c3c3c3c3c3c3c3c3c3c
       885  ,,,,,,,,,,,,,,,,  2c2c2c2c2c2c2c2c2c2c2c2c2c2c2c2c
       486  <<<<<<<<<<<<<<<,  3c3c3c3c3c3c3c3c3c3c3c3c3c3c3c2c
       460  ,<<<<<<<<<<<<<<<  2c3c3c3c3c3c3c3c3c3c3c3c3c3c3c3c
       452  <<<<<<<<<<<<<<,<  3c3c3c3c3c3c3c3c3c3c3c3c3c3c2c3c
       443  <,<<<<<<<<<<<<<<  3c2c3c3c3c3c3c3c3c3c3c3c3c3c3c3c
       429  <<,<<<<<<<<<<<<<  3c3c2c3c3c3c3c3c3c3c3c3c3c3c3c3c
       428  <<<<<<,<<<<<<<<<  3c3c3c3c3c3c2c3c3c3c3c3c3c3c3c3c
       427  <<<<<<<<<<<<<,<<  3c3c3c3c3c3c3c3c3c3c3c3c3c2c3c3c
       424  <<<<<<<,<<<<<<<<  3c3c3c3c3c3c3c2c3c3c3c3c3c3c3c3c
# epoch 17850  H=1.4167 C=1.3018 HO=0.1149  A(t)=1547
     20338  <<<<<<<<<<<<<<<<  3c3c3c3c3c3c3c3c3c3c3c3c3c3c3c3c
       916  ,,,,,,,,,,,,,,,,  2c2c2c2c2c2c2c2c2c2c2c2c2c2c2c2c
       570  <<<<<<<<<<<<<<<,  3c3c3c3c3c3c3c3c3c3c3c3c3c3c3c2c
       560  <<<<<<<<<<<<<<,<  3c3c3c3c3c3c3c3c3c3c3c3c3c3c2c3c
       552  ,<<<<<<<<<<<<<<<  2c3c3c3c3c3c3c3c3c3c3c3c3c3c3c3c
       541  <<<<<<<<<<<<<,<<  3c3c3c3c3c3c3c3c3c3c3c3c3c2c3c3c
       538  <,<<<<<<<<<<<<<<  3c2c3c3c3c3c3c3c3c3c3c3c3c3c3c3c
       535  <<<<<<,<<<<<<<<<  3c3c3c3c3c3c2c3c3c3c3c3c3c3c3c3c
       534  <<<<<<<<<<<<,<<<  3c3c3c3c3c3c3c3c3c3c3c3c2c3c3c3c
       534  <<<<<,<<<<<<<<<<  3c3c3c3c3c2c3c3c3c3c3c3c3c3c3c3c
# epoch 17900  H=1.4576 C=1.3463 HO=0.1113  A(t)=1547
     19850  <<<<<<<<<<<<<<<<  3c3c3c3c3c3c3c3c3c3c3c3c3c3c3c3c
       704  ,,,,,,,,,,,,,,,,  2c2c2c2c2c2c2c2c2c2c2c2c2c2c2c2c
       560  <<<<<<<<<<<<<<<,  3c3c3c3c3c3c3c3c3c3c3c3c3c3c3c2c
       551  ,<<<<<<<<<<<<<<<  2c3c3c3c3c3c3c3c3c3c3c3c3c3c3c3c
       543  <<<<,<<<<<<<<<<<  3c3c3c3c2c3c3c3c3c3c3c3c3c3c3c3c
       542  <<<,<<<<<<<<<<<<  3c3c3c2c3c3c3c3c3c3c3c3c3c3c3c3c
       540  <<<<<<,<<<<<<<<<  3c3c3c3c3c3c2c3c3c3c3c3c3c3c3c3c
       538  <<,<<<<<<<<<<<<<  3c3c2c3c3c3c3c3c3c3c3c3c3c3c3c3c
       536  <<<<<<<,<<<<<<<<  3c3c3c3c3c3c3c2c3c3c3c3c3c3c3c3c
       534  <<<<<,<<<<<<<<<<  3c3c3c3c3c2c3c3c3c3c3c3c3c3c3c3c
# epoch 17950  H=1.6537 C=1.4700 HO=0.1837  A(t)=1547
     18752  <<<<<<<<<<<<<<<<  3c3c3c3c3c3c3c3c3c3c3c3c3c3c3c3c
      1203  ,,,,,,,,,,,,,,,,  2c2c2c2c2c2c2c2c2c2c2c2c2c2c2c2c
       504  <<<<<<<<<<<<<<<,  3c3c3c3c3c3c3c3c3c3c3c3c3c3c3c2c
       486  <<<<<<<<<<<<<<,<  3c3c3c3c3c3c3c3c3c3c3c3c3c3c2c3c
       481  ,<<<<<<<<<<<<<<<  2c3c3c3c3c3c3c3c3c3c3c3c3c3c3c3c
       473  <<<<<<<<<<<<<,<<  3c3c3c3c3c3c3c3c3c3c3c3c3c2c3c3c
       468  <<<<<<<<<<<<,<<<  3c3c3c3c3c3c3c3c3c3c3c3c2c3c3c3c
       466  <,<<<<<<<<<<<<<<  3c2c3c3c3c3c3c3c3c3c3c3c3c3c3c3c
       464  <<<<<<<<<<<,<<<<  3c3c3c3c3c3c3c3c3c3c3c2c3c3c3c3c
       459  <<<<,<<<<<<<<<<<  3c3c3c3c2c3c3c3c3c3c3c3c3c3c3c3c
# epoch 18000  H=1.6911 C=1.5144 HO=0.1767  A(t)=1547
     18490  <<<<<<<<<<<<<<<<  3c3c3c3c3c3c3c3c3c3c3c3c3c3c3c3c
       984  ,,,,,,,,,,,,,,,,  2c2c2c2c2c2c2c2c2c2c2c2c2c2c2c2c
       506  ,<<<<<<<<<<<<<<<  2c3c3c3c3c3c3c3c3c3c3c3c3c3c3c3c
       496  <<<<<<<<<<<<<<<,  3c3c3c3c3c3c3c3c3c3c3c3c3c3c3c2c
       489  <<<<<<,<<<<<<<<<  3c3c3c3c3c3c2c3c3c3c3c3c3c3c3c3c
       488  <,<<<<<<<<<<<<<<  3c2c3c3c3c3c3c3c3c3c3c3c3c3c3c3c
       487  <<,<<<<<<<<<<<<<  3c3c2c3c3c3c3c3c3c3c3c3c3c3c3c3c
       485  <<<<,<<<<<<<<<<<  3c3c3c3c2c3c3c3c3c3c3c3c3c3c3c3c
       484  <<<<<,<<<<<<<<<<  3c3c3c3c3c2c3c3c3c3c3c3c3c3c3c3c
       483  <<<,<<<<<<<<<<<<  3c3c3c2c3c3c3c3c3c3c3c3c3c3c3c3c
# epoch 18050  H=1.6553 C=1.4968 HO=0.1584  A(t)=1547
     18553  <<<<<<<<<<<<<<<<  3c3c3c3c3c3c3c3c3c3c3c3c3c3c3c3c
       578  ,,,,,,,,,,,,,,,,  2c2c2c2c2c2c2c2c2c2c2c2c2c2c2c2c
       494  <<<<<<<<<<<<<<<,  3c3c3c3c3c3c3c3c3c3c3c3c3c3c3c2c
       494  ,<<<<<<<<<<<<<<<  2c3c3c3c3c3c3c3c3c3c3c3c3c3c3c3c
       481  <,<<<<<<<<<<<<<<  3c2c3c3c3c3c3c3c3c3c3c3c3c3c3c3c
       476  <<<<<<<<<<<<<<,<  3c3c3c3c3c3c3c3c3c3c3c3c3c3c2c3c
       460  <<<<<<<<<<<<<,<<  3c3c3c3c3c3c3c3c3c3c3c3c3c2c3c3c
       458  <<,<<<<<<<<<<<<<  3c3c2c3c3c3c3c3c3c3c3c3c3c3c3c3c
       445  <<<,<<<<<<<<<<<<  3c3c3c2c3c3c3c3c3c3c3c3c3c3c3c3c
       443  <<<<<<<<<<<<,<<<  3c3c3c3c3c3c3c3c3c3c3c3c2c3c3c3c
# epoch 18100  H=1.6050 C=1.4724 HO=0.1326  A(t)=1547
     19972  <<<<<<<<<<<<<<<<  3c3c3c3c3c3c3c3c3c3c3c3c3c3c3c3c
       591  ,,,,,,,,,,,,,,,,  2c2c2c2c2c2c2c2c2c2c2c2c2c2c2c2c
       487  <,<<<<<<<<<<<<<<  3c2c3c3c3c3c3c3c3c3c3c3c3c3c3c3c
       484  ,<<<<<<<<<<<<<<<  2c3c3c3c3c3c3c3c3c3c3c3c3c3c3c3c
       481  <<<<<<<<<<<<<<<,  3c3c3c3c3c3c3c3c3c3c3c3c3c3c3c2c
       476  <<,<<<<<<<<<<<<<  3c3c2c3c3c3c3c3c3c3c3c3c3c3c3c3c
       466  <<<,<<<<<<<<<<<<  3c3c3c2c3c3c3c3c3c3c3c3c3c3c3c3c
       462  <<<<<,<<<<<<<<<<  3c3c3c3c3c2c3c3c3c3c3c3c3c3c3c3c
       460  <<<<<<,<<<<<<<<<  3c3c3c3c3c3c2c3c3c3c3c3c3c3c3c3c
       457  <<<<,<<<<<<<<<<<  3c3c3c3c2c3c3c3c3c3c3c3c3c3c3c3c
# epoch 18150  H=1.5796 C=1.4509 HO=0.1286  A(t)=1547
     19226  <<<<<<<<<<<<<<<<  3c3c3c3c3c3c3c3c3c3c3c3c3c3c3c3c
       604  ,,,,,,,,,,,,,,,,  2c2c2c2c2c2c2c2c2c2c2c2c2c2c2c2c
       539  <<<<<<<<<<<<<<<,  3c3c3c3c3c3c3c3c3c3c3c3c3c3c3c2c
       519  ,<<<<<<<<<<<<<<<  2c3c3c3c3c3c3c3c3c3c3c3c3c3c3c3c
       512  <<<<<<<<<<<<<<,<  3c3c3c3c3c3c3c3c3c3c3c3c3c3c2c3c
       502  <,<<<<<<<<<<<<<<  3c2c3c3c3c3c3c3c3c3c3c3c3c3c3c3c
       492  <<<<<<<<<<<<<,<<  3c3c3c3c3c3c3c3c3c3c3c3c3c2c3c3c
       490  <<,<<<<<<<<<<<<<  3c3c2c3c3c3c3c3c3c3c3c3c3c3c3c3c
       479  <<<<<<<<<<<<,<<<  3c3c3c3c3c3c3c3c3c3c3c3c2c3c3c3c
       477  <<<<<<<<<<<,<<<<  3c3c3c3c3c3c3c3c3c3c3c2c3c3c3c3c
# epoch 18200  H=1.4288 C=1.3282 HO=0.1006  A(t)=1547
     20568  <<<<<<<<<<<<<<<<  3c3c3c3c3c3c3c3c3c3c3c3c3c3c3c3c
       525  <<<<<<<<<<<<<<<,  3c3c3c3c3c3c3c3c3c3c3c3c3c3c3c2c
       517  ,<<<<<<<<<<<<<<<  2c3c3c3c3c3c3c3c3c3c3c3c3c3c3c3c
       504  <<<<<<,<<<<<<<<<  3c3c3c3c3c3c2c3c3c3c3c3c3c3c3c3c
       501  <<<<<<<,<<<<<<<<  3c3c3c3c3c3c3c2c3c3c3c3c3c3c3c3c
       499  <<<<<<<<<,<<<<<<  3c3c3c3c3c3c3c3c3c2c3c3c3c3c3c3c
       497  <<<<<<<<<<<<<<,<  3c3c3c3c3c3c3c3c3c3c3c3c3c3c2c3c
       497  <<<<<<<<,<<<<<<<  3c3c3c3c3c3c3c3c2c3c3c3c3c3c3c3c
       493  <<<<<,<<<<<<<<<<  3c3c3c3c3c2c3c3c3c3c3c3c3c3c3c3c
       491  <<<<<<<<<<<<,<<<  3c3c3c3c3c3c3c3c3c3c3c3c2c3c3c3c
# epoch 18250  H=1.4121 C=1.3142 HO=0.0978  A(t)=1548
     19309  <<<<<<<<<<<<<<<<  3c3c3c3c3c3c3c3c3c3c3c3c3c3c3c3c
       805  ,,,,,,,,,,,,,,,,  2c2c2c2c2c2c2c2c2c2c2c2c2c2c2c2c
       476  <<<<<<<<<<<<<<<,  3c3c3c3c3c3c3c3c3c3c3c3c3c3c3c2c
       456  ,<<<<<<<<<<<<<<<  2c3c3c3c3c3c3c3c3c3c3c3c3c3c3c3c
       454  <<<<<<<,<<<<<<<<  3c3c3c3c3c3c3c2c3c3c3c3c3c3c3c3c
       451  <<<<<<<<,<<<<<<<  3c3c3c3c3c3c3c3c2c3c3c3c3c3c3c3c
       448  <<<<<<,<<<<<<<<<  3c3c3c3c3c3c2c3c3c3c3c3c3c3c3c3c
       447  <<,<<<<<<<<<<<<<  3c3c2c3c3c3c3c3c3c3c3c3c3c3c3c3c
       446  <,<<<<<<<<<<<<<<  3c2c3c3c3c3c3c3c3c3c3c3c3c3c3c3c
       444  <<<<<<<<<<<<<<,<  3c3c3c3c3c3c3c3c3c3c3c3c3c3c2c3c
# epoch 18300  H=1.3458 C=1.2479 HO=0.0979  A(t)=1549
     19308  <<<<<<<<<<<<<<<<  3c3c3c3c3c3c3c3c3c3c3c3c3c3c3c3c
       930  ,,,,,,,,,,,,,,,,  2c2c2c2c2c2c2c2c2c2c2c2c2c2c2c2c
       488  <<<<<<<<<<<<<<<,  3c3c3c3c3c3c3c3c3c3c3c3c3c3c3c2c
       472  <<<<<<<<<<<<<<,<  3c3c3c3c3c3c3c3c3c3c3c3c3c3c2c3c
       472  ,<<<<<<<<<<<<<<<  2c3c3c3c3c3c3c3c3c3c3c3c3c3c3c3c
       466  <,<<<<<<<<<<<<<<  3c2c3c3c3c3c3c3c3c3c3c3c3c3c3c3c
       465  <<,<<<<<<<<<<<<<  3c3c2c3c3c3c3c3c3c3c3c3c3c3c3c3c
       455  <<<,<<<<<<<<<<<<  3c3c3c2c3c3c3c3c3c3c3c3c3c3c3c3c
       448  <<<<<<<<<<<<<,<<  3c3c3c3c3c3c3c3c3c3c3c3c3c2c3c3c
       435  <<<<,<<<<<<<<<<<  3c3c3c3c2c3c3c3c3c3c3c3c3c3c3c3c
# epoch 18350  H=1.3405 C=1.2883 HO=0.0522  A(t)=1551
     21160  <<<<<<<<<<<<<<<<  3c3c3c3c3c3c3c3c3c3c3c3c3c3c3c3c
       515  <<<<<<<<<<<<<<<,  3c3c3c3c3c3c3c3c3c3c3c3c3c3c3c2c
       502  <<<<<<<<<<<<<<,<  3c3c3c3c3c3c3c3c3c3c3c3c3c3c2c3c
       498  <,<<<<<<<<<<<<<<  3c2c3c3c3c3c3c3c3c3c3c3c3c3c3c3c
       497  ,<<<<<<<<<<<<<<<  2c3c3c3c3c3c3c3c3c3c3c3c3c3c3c3c
       495  ,,,,,,,,,,,,,,,,  2c2c2c2c2c2c2c2c2c2c2c2c2c2c2c2c
       488  <<,<<<<<<<<<<<<<  3c3c2c3c3c3c3c3c3c3c3c3c3c3c3c3c
       487  <<<<<<<<<<<<<,<<  3c3c3c3c3c3c3c3c3c3c3c3c3c2c3c3c
       479  <<<<<<<<<<<<,<<<  3c3c3c3c3c3c3c3c3c3c3c3c2c3c3c3c
       471  <<<<<<<<<<<,<<<<  3c3c3c3c3c3c3c3c3c3c3c2c3c3c3c3c
# epoch 18400  H=1.3616 C=1.2844 HO=0.0772  A(t)=1551
     19568  <<<<<<<<<<<<<<<<  3c3c3c3c3c3c3c3c3c3c3c3c3c3c3c3c
       803  ,,,,,,,,,,,,,,,,  2c2c2c2c2c2c2c2c2c2c2c2c2c2c2c2c
       535  <<<<<<<<<<<<<<<,  3c3c3c3c3c3c3c3c3c3c3c3c3c3c3c2c
       517  <<<<<<<<<<<<<<,<  3c3c3c3c3c3c3c3c3c3c3c3c3c3c2c3c
       506  ,<<<<<<<<<<<<<<<  2c3c3c3c3c3c3c3c3c3c3c3c3c3c3c3c
       501  <<<<<<<<<<<<<,<<  3c3c3c3c3c3c3c3c3c3c3c3c3c2c3c3c
       501  <,<<<<<<<<<<<<<<  3c2c3c3c3c3c3c3c3c3c3c3c3c3c3c3c
       488  <<,<<<<<<<<<<<<<  3c3c2c3c3c3c3c3c3c3c3c3c3c3c3c3c
       484  <<<<<<<<<<<<,<<<  3c3c3c3c3c3c3c3c3c3c3c3c2c3c3c3c
       479  <<<<<<<<<<<,<<<<  3c3c3c3c3c3c3c3c3c3c3c2c3c3c3c3c
# epoch 18450  H=1.3660 C=1.2966 HO=0.0694  A(t)=1551
     19059  <<<<<<<<<<<<<<<<  3c3c3c3c3c3c3c3c3c3c3c3c3c3c3c3c
       708  ,,,,,,,,,,,,,,,,  2c2c2c2c2c2c2c2c2c2c2c2c2c2c2c2c
       510  <<<<<<<<<<<<<<<,  3c3c3c3c3c3c3c3c3c3c3c3c3c3c3c2c
       491  <<<<<<<<<<<<<<,<  3c3c3c3c3c3c3c3c3c3c3c3c3c3c2c3c
       485  <<<<<<,<<<<<<<<<  3c3c3c3c3c3c2c3c3c3c3c3c3c3c3c3c
       485  <<<<<,<<<<<<<<<<  3c3c3c3c3c2c3c3c3c3c3c3c3c3c3c3c
       483  <<<<<<<<,<<<<<<<  3c3c3c3c3c3c3c3c2c3c3c3c3c3c3c3c
       481  ,<<<<<<<<<<<<<<<  2c3c3c3c3c3c3c3c3c3c3c3c3c3c3c3c
       480  <<<<,<<<<<<<<<<<  3c3c3c3c2c3c3c3c3c3c3c3c3c3c3c3c
       479  <<<<<<<,<<<<<<<<  3c3c3c3c3c3c3c2c3c3c3c3c3c3c3c3c
# epoch 18500  H=1.4304 C=1.3108 HO=0.1196  A(t)=1552
     19134  <<<<<<<<<<<<<<<<  3c3c3c3c3c3c3c3c3c3c3c3c3c3c3c3c
       603  ,,,,,,,,,,,,,,,,  2c2c2c2c2c2c2c2c2c2c2c2c2c2c2c2c
       528  <<<<<<<<<<<<<<<,  3c3c3c3c3c3c3c3c3c3c3c3c3c3c3c2c
       523  <<<<<<<<<<<<<<,<  3c3c3c3c3c3c3c3c3c3c3c3c3c3c2c3c
       520  ,<<<<<<<<<<<<<<<  2c3c3c3c3c3c3c3c3c3c3c3c3c3c3c3c
       512  <<<<<<<<<<<<<,<<  3c3c3c3c3c3c3c3c3c3c3c3c3c2c3c3c
       512  <<,<<<<<<<<<<<<<  3c3c2c3c3c3c3c3c3c3c3c3c3c3c3c3c
       512  <,<<<<<<<<<<<<<<  3c2c3c3c3c3c3c3c3c3c3c3c3c3c3c3c
       494  <<<,<<<<<<<<<<<<  3c3c3c2c3c3c3c3c3c3c3c3c3c3c3c3c
       486  <<<<,<<<<<<<<<<<  3c3c3c3c2c3c3c3c3c3c3c3c3c3c3c3c
# epoch 18550  H=1.4387 C=1.2950 HO=0.1436  A(t)=1555
     19453  <<<<<<<<<<<<<<<<  3c3c3c3c3c3c3c3c3c3c3c3c3c3c3c3c
       990  ,,,,,,,,,,,,,,,,  2c2c2c2c2c2c2c2c2c2c2c2c2c2c2c2c
       499  <<<<<<<<<<<<<<<,  3c3c3c3c3c3c3c3c3c3c3c3c3c3c3c2c
       480  ,<<<<<<<<<<<<<<<  2c3c3c3c3c3c3c3c3c3c3c3c3c3c3c3c
       473  <<<<<<<<<<<<<<,<  3c3c3c3c3c3c3c3c3c3c3c3c3c3c2c3c
       462  <,<<<<<<<<<<<<<<  3c2c3c3c3c3c3c3c3c3c3c3c3c3c3c3c
       457  <<<,<<<<<<<<<<<<  3c3c3c2c3c3c3c3c3c3c3c3c3c3c3c3c
       453  <<,<<<<<<<<<<<<<  3c3c2c3c3c3c3c3c3c3c3c3c3c3c3c3c
       452  <<<<<<<<<<<<<,<<  3c3c3c3c3c3c3c3c3c3c3c3c3c2c3c3c
       445  <<<<<<<<<<<<,<<<  3c3c3c3c3c3c3c3c3c3c3c3c2c3c3c3c
# epoch 18600  H=1.3240 C=1.2324 HO=0.0916  A(t)=1565
     19749  <<<<<<<<<<<<<<<<  3c3c3c3c3c3c3c3c3c3c3c3c3c3c3c3c
       761  ,,,,,,,,,,,,,,,,  2c2c2c2c2c2c2c2c2c2c2c2c2c2c2c2c
       534  <<<<<<<<<<<<<<<,  3c3c3c3c3c3c3c3c3c3c3c3c3c3c3c2c
       516  ,<<<<<<<<<<<<<<<  2c3c3c3c3c3c3c3c3c3c3c3c3c3c3c3c
       495  <<<<<<<<<<<<<<,<  3c3c3c3c3c3c3c3c3c3c3c3c3c3c2c3c
       493  <,<<<<<<<<<<<<<<  3c2c3c3c3c3c3c3c3c3c3c3c3c3c3c3c
       483  <<,<<<<<<<<<<<<<  3c3c2c3c3c3c3c3c3c3c3c3c3c3c3c3c
       465  <<<<<<<<<<<<<,<<  3c3c3c3c3c3c3c3c3c3c3c3c3c2c3c3c
       465  <<<<<,<<<<<<<<<<  3c3c3c3c3c2c3c3c3c3c3c3c3c3c3c3c
       464  <<<<<<<,<<<<<<<<  3c3c3c3c3c3c3c2c3c3c3c3c3c3c3c3c
# epoch 18650  H=1.2190 C=1.1808 HO=0.0382  A(t)=1569
     20672  <<<<<<<<<<<<<<<<  3c3c3c3c3c3c3c3c3c3c3c3c3c3c3c3c
       619  ,,,,,,,,,,,,,,,,  2c2c2c2c2c2c2c2c2c2c2c2c2c2c2c2c
       535  <<<<<<<<<<<<<<<,  3c3c3c3c3c3c3c3c3c3c3c3c3c3c3c2c
       513  ,<<<<<<<<<<<<<<<  2c3c3c3c3c3c3c3c3c3c3c3c3c3c3c3c
       511  <<<<<<<<<<<<<<,<  3c3c3c3c3c3c3c3c3c3c3c3c3c3c2c3c
       508  <,<<<<<<<<<<<<<<  3c2c3c3c3c3c3c3c3c3c3c3c3c3c3c3c
       506  <<<<<<<<<<<<<,<<  3c3c3c3c3c3c3c3c3c3c3c3c3c2c3c3c
       494  <<<<<<<<<<<<,<<<  3c3c3c3c3c3c3c3c3c3c3c3c2c3c3c3c
       490  <<<<<<<<<<<,<<<<  3c3c3c3c3c3c3c3c3c3c3c2c3c3c3c3c
       490  <<,<<<<<<<<<<<<<  3c3c2c3c3c3c3c3c3c3c3c3c3c3c3c3c
# epoch 18700  H=1.2570 C=1.1787 HO=0.0782  A(t)=1572
     19033  <<<<<<<<<<<<<<<<  3c3c3c3c3c3c3c3c3c3c3c3c3c3c3c3c
       828  ,,,,,,,,,,,,,,,,  2c2c2c2c2c2c2c2c2c2c2c2c2c2c2c2c
       519  <<<<<<<<<<<<<<<,  3c3c3c3c3c3c3c3c3c3c3c3c3c3c3c2c
       486  <<<<<<<<,<<<<<<<  3c3c3c3c3c3c3c3c2c3c3c3c3c3c3c3c
       485  <<<<<<<<<<<<<<,<  3c3c3c3c3c3c3c3c3c3c3c3c3c3c2c3c
       485  <<<<<<<<<<<<,<<<  3c3c3c3c3c3c3c3c3c3c3c3c2c3c3c3c
       484  <<<<<<<,<<<<<<<<  3c3c3c3c3c3c3c2c3c3c3c3c3c3c3c3c
       483  ,<<<<<<<<<<<<<<<  2c3c3c3c3c3c3c3c3c3c3c3c3c3c3c3c
       478  <<<<<<<<<,<<<<<<  3c3c3c3c3c3c3c3c3c2c3c3c3c3c3c3c
       477  <<<<<<<<<<<,<<<<  3c3c3c3c3c3c3c3c3c3c3c2c3c3c3c3c
# epoch 18750  H=1.2009 C=1.1262 HO=0.0747  A(t)=1577
     21075  <<<<<<<<<<<<<<<<  3c3c3c3c3c3c3c3c3c3c3c3c3c3c3c3c
       921  ,,,,,,,,,,,,,,,,  2c2c2c2c2c2c2c2c2c2c2c2c2c2c2c2c
       564  <<<<<<<<,<<<<<<<  3c3c3c3c3c3c3c3c2c3c3c3c3c3c3c3c
       564  <<<<<<<,<<<<<<<<  3c3c3c3c3c3c3c2c3c3c3c3c3c3c3c3c
       557  <<<<<<<<<<<<<<<,  3c3c3c3c3c3c3c3c3c3c3c3c3c3c3c2c
       556  <<<<<<<<<<<<<<,<  3c3c3c3c3c3c3c3c3c3c3c3c3c3c2c3c
       550  <<<<<<,<<<<<<<<<  3c3c3c3c3c3c2c3c3c3c3c3c3c3c3c3c
       547  <<<<<,<<<<<<<<<<  3c3c3c3c3c2c3c3c3c3c3c3c3c3c3c3c
       547  <<<<,<<<<<<<<<<<  3c3c3c3c2c3c3c3c3c3c3c3c3c3c3c3c
       546  <<,<<<<<<<<<<<<<  3c3c2c3c3c3c3c3c3c3c3c3c3c3c3c3c
# epoch 18800  H=1.0950 C=1.0753 HO=0.0197  A(t)=1577
     21577  <<<<<<<<<<<<<<<<  3c3c3c3c3c3c3c3c3c3c3c3c3c3c3c3c
       758  ,,,,,,,,,,,,,,,,  2c2c2c2c2c2c2c2c2c2c2c2c2c2c2c2c
       551  <<<<<<<<<<<<<<<,  3c3c3c3c3c3c3c3c3c3c3c3c3c3c3c2c
       538  ,<<<<<<<<<<<<<<<  2c3c3c3c3c3c3c3c3c3c3c3c3c3c3c3c
       533  <<<<<<<<<<<<<<,<  3c3c3c3c3c3c3c3c3c3c3c3c3c3c2c3c
       527  <<,<<<<<<<<<<<<<  3c3c2c3c3c3c3c3c3c3c3c3c3c3c3c3c
       526  <<<,<<<<<<<<<<<<  3c3c3c2c3c3c3c3c3c3c3c3c3c3c3c3c
       526  <,<<<<<<<<<<<<<<  3c2c3c3c3c3c3c3c3c3c3c3c3c3c3c3c
       524  <<<<<<<<<<<<<,<<  3c3c3c3c3c3c3c3c3c3c3c3c3c2c3c3c
       524  <<<<,<<<<<<<<<<<  3c3c3c3c2c3c3c3c3c3c3c3c3c3c3c3c
# epoch 18850  H=1.0523 C=1.0511 HO=0.0012  A(t)=1577
     21943  <<<<<<<<<<<<<<<<  3c3c3c3c3c3c3c3c3c3c3c3c3c3c3c3c
       565  <<<<<<<<<<<<<<<,  3c3c3c3c3c3c3c3c3c3c3c3c3c3c3c2c
       556  ,,,,,,,,,,,,,,,,  2c2c2c2c2c2c2c2c2c2c2c2c2c2c2c2c
       548  ,<<<<<<<<<<<<<<<  2c3c3c3c3c3c3c3c3c3c3c3c3c3c3c3c
       541  <,<<<<<<<<<<<<<<  3c2c3c3c3c3c3c3c3c3c3c3c3c3c3c3c
       533  <<<<<<<<<<<<<<,<  3c3c3c3c3c3c3c3c3c3c3c3c3c3c2c3c
       531  <<,<<<<<<<<<<<<<  3c3c2c3c3c3c3c3c3c3c3c3c3c3c3c3c
       526  <<<<<<<<<<<<<,<<  3c3c3c3c3c3c3c3c3c3c3c3c3c2c3c3c
       521  <<<<<,<<<<<<<<<<  3c3c3c3c3c2c3c3c3c3c3c3c3c3c3c3c
       520  <<<,<<<<<<<<<<<<  3c3c3c2c3c3c3c3c3c3c3c3c3c3c3c3c
# epoch 18900  H=1.0968 C=1.0637 HO=0.0331  A(t)=1593
     21175  <<<<<<<<<<<<<<<<  3c3c3c3c3c3c3c3c3c3c3c3c3c3c3c3c
       724  ,,,,,,,,,,,,,,,,  2c2c2c2c2c2c2c2c2c2c2c2c2c2c2c2c
       554  ,<<<<<<<<<<<<<<<  2c3c3c3c3c3c3c3c3c3c3c3c3c3c3c3c
       551  <<<<<<<<<<<<<<<,  3c3c3c3c3c3c3c3c3c3c3c3c3c3c3c2c
       535  <,<<<<<<<<<<<<<<  3c2c3c3c3c3c3c3c3c3c3c3c3c3c3c3c
       534  <<,<<<<<<<<<<<<<  3c3c2c3c3c3c3c3c3c3c3c3c3c3c3c3c
       529  <<<<<<<<<<<<<<,<  3c3c3c3c3c3c3c3c3c3c3c3c3c3c2c3c
       523  <<<<<<<<,<<<<<<<  3c3c3c3c3c3c3c3c2c3c3c3c3c3c3c3c
       523  <<<<<<<,<<<<<<<<  3c3c3c3c3c3c3c2c3c3c3c3c3c3c3c3c
       523  <<<<<<,<<<<<<<<<  3c3c3c3c3c3c2c3c3c3c3c3c3c3c3c3c
# epoch 18950  H=1.2663 C=1.1788 HO=0.0875  A(t)=1598
     21334  <<<<<<<<<<<<<<<<  3c3c3c3c3c3c3c3c3c3c3c3c3c3c3c3c
       671  ,,,,,,,,,,,,,,,,  2c2c2c2c2c2c2c2c2c2c2c2c2c2c2c2c
       471  <<<<<<<<<<<<<<<,  3c3c3c3c3c3c3c3c3c3c3c3c3c3c3c2c
       456  ,<<<<<<<<<<<<<<<  2c3c3c3c3c3c3c3c3c3c3c3c3c3c3c3c
       454  <<<<<<<<<<<<<<,<  3c3c3c3c3c3c3c3c3c3c3c3c3c3c2c3c
       450  <,<<<<<<<<<<<<<<  3c2c3c3c3c3c3c3c3c3c3c3c3c3c3c3c
       443  <<<<<,<<<<<<<<<<  3c3c3c3c3c2c3c3c3c3c3c3c3c3c3c3c
       441  <<<,<<<<<<<<<<<<  3c3c3c2c3c3c3c3c3c3c3c3c3c3c3c3c
       441  <<,<<<<<<<<<<<<<  3c3c2c3c3c3c3c3c3c3c3c3c3c3c3c3c
       440  <<<<<<<<<<,<<<<<  3c3c3c3c3c3c3c3c3c3c2c3c3c3c3c3c
# epoch 19000  H=1.3754 C=1.2582 HO=0.1172  A(t)=1601
     20172  <<<<<<<<<<<<<<<<  3c3c3c3c3c3c3c3c3c3c3c3c3c3c3c3c
       722  ,,,,,,,,,,,,,,,,  2c2c2c2c2c2c2c2c2c2c2c2c2c2c2c2c
       490  <<<<<<<<<<<<<<<,  3c3c3c3c3c3c3c3c3c3c3c3c3c3c3c2c
       472  ,<<<<<<<<<<<<<<<  2c3c3c3c3c3c3c3c3c3c3c3c3c3c3c3c
       469  <<<<<<<<<<<<<<,<  3c3c3c3c3c3c3c3c3c3c3c3c3c3c2c3c
       461  <<<<<<<<<<<<<,<<  3c3c3c3c3c3c3c3c3c3c3c3c3c2c3c3c
       460  <,<<<<<<<<<<<<<<  3c2c3c3c3c3c3c3c3c3c3c3c3c3c3c3c
       458  <<,<<<<<<<<<<<<<  3c3c2c3c3c3c3c3c3c3c3c3c3c3c3c3c
       452  <<<<<<,<<<<<<<<<  3c3c3c3c3c3c2c3c3c3c3c3c3c3c3c3c
       452  <<<<<,<<<<<<<<<<  3c3c3c3c3c2c3c3c3c3c3c3c3c3c3c3c
# epoch 19050  H=1.4006 C=1.2834 HO=0.1172  A(t)=1605
     19575  <<<<<<<<<<<<<<<<  3c3c3c3c3c3c3c3c3c3c3c3c3c3c3c3c
       633  ,,,,,,,,,,,,,,,,  2c2c2c2c2c2c2c2c2c2c2c2c2c2c2c2c
       473  <<<<<<<<<<<<<<<,  3c3c3c3c3c3c3c3c3c3c3c3c3c3c3c2c
       471  ,<<<<<<<<<<<<<<<  2c3c3c3c3c3c3c3c3c3c3c3c3c3c3c3c
       454  <,<<<<<<<<<<<<<<  3c2c3c3c3c3c3c3c3c3c3c3c3c3c3c3c
       442  <<,<<<<<<<<<<<<<  3c3c2c3c3c3c3c3c3c3c3c3c3c3c3c3c
       439  <<<<<<<<<<<<<<,<  3c3c3c3c3c3c3c3c3c3c3c3c3c3c2c3c
       436  <<<,<<<<<<<<<<<<  3c3c3c2c3c3c3c3c3c3c3c3c3c3c3c3c
       427  <<<<<<<<<<<<<,<<  3c3c3c3c3c3c3c3c3c3c3c3c3c2c3c3c
       423  <<<<,<<<<<<<<<<<  3c3c3c3c2c3c3c3c3c3c3c3c3c3c3c3c
# epoch 19100  H=1.2892 C=1.1768 HO=0.1125  A(t)=1615
     21446  <<<<<<<<<<<<<<<<  3c3c3c3c3c3c3c3c3c3c3c3c3c3c3c3c
       739  ,,,,,,,,,,,,,,,,  2c2c2c2c2c2c2c2c2c2c2c2c2c2c2c2c
       528  <<<<<<<<<<<<<<<,  3c3c3c3c3c3c3c3c3c3c3c3c3c3c3c2c
       509  ,<<<<<<<<<<<<<<<  2c3c3c3c3c3c3c3c3c3c3c3c3c3c3c3c
       502  <<<<<<<<<<<<<<,<  3c3c3c3c3c3c3c3c3c3c3c3c3c3c2c3c
       501  <,<<<<<<<<<<<<<<  3c2c3c3c3c3c3c3c3c3c3c3c3c3c3c3c
       499  <<,<<<<<<<<<<<<<  3c3c2c3c3c3c3c3c3c3c3c3c3c3c3c3c
       488  <<<,<<<<<<<<<<<<  3c3c3c2c3c3c3c3c3c3c3c3c3c3c3c3c
       487  <<<<,<<<<<<<<<<<  3c3c3c3c2c3c3c3c3c3c3c3c3c3c3c3c
       482  <<<<<<<<<<<<<,<<  3c3c3c3c3c3c3c3c3c3c3c3c3c2c3c3c
# epoch 19150  H=1.1825 C=1.1346 HO=0.0478  A(t)=1618
     22741  <<<<<<<<<<<<<<<<  3c3c3c3c3c3c3c3c3c3c3c3c3c3c3c3c
       513  <<<<<<<<<<<<<<<,  3c3c3c3c3c3c3c3c3c3c3c3c3c3c3c2c
       501  ,<<<<<<<<<<<<<<<  2c3c3c3c3c3c3c3c3c3c3c3c3c3c3c3c
       494  <<<<<<<<<<<<<<,<  3c3c3c3c3c3c3c3c3c3c3c3c3c3c2c3c
       483  <<<<<<<<<<<<<,<<  3c3c3c3c3c3c3c3c3c3c3c3c3c2c3c3c
       483  <<,<<<<<<<<<<<<<  3c3c2c3c3c3c3c3c3c3c3c3c3c3c3c3c
       479  <<<<<<<<<<,<<<<<  3c3c3c3c3c3c3c3c3c3c2c3c3c3c3c3c
       479  <,<<<<<<<<<<<<<<  3c2c3c3c3c3c3c3c3c3c3c3c3c3c3c3c
       474  <<<<<<<<<<<,<<<<  3c3c3c3c3c3c3c3c3c3c3c2c3c3c3c3c
       472  <<<<<<<<<<<<,<<<  3c3c3c3c3c3c3c3c3c3c3c3c2c3c3c3c
# epoch 19200  H=1.2204 C=1.1837 HO=0.0367  A(t)=1619
     21356  <<<<<<<<<<<<<<<<  3c3c3c3c3c3c3c3c3c3c3c3c3c3c3c3c
       578  ,,,,,,,,,,,,,,,,  2c2c2c2c2c2c2c2c2c2c2c2c2c2c2c2c
       498  <<<<<<<<<<<<<<<,  3c3c3c3c3c3c3c3c3c3c3c3c3c3c3c2c
       489  ,<<<<<<<<<<<<<<<  2c3c3c3c3c3c3c3c3c3c3c3c3c3c3c3c
       475  <,<<<<<<<<<<<<<<  3c2c3c3c3c3c3c3c3c3c3c3c3c3c3c3c
       466  <<<<<<<<<<<<<<,<  3c3c3c3c3c3c3c3c3c3c3c3c3c3c2c3c
       466  <<<<<<<<<<<<<,<<  3c3c3c3c3c3c3c3c3c3c3c3c3c2c3c3c
       464  <<,<<<<<<<<<<<<<  3c3c2c3c3c3c3c3c3c3c3c3c3c3c3c3c
       461  <<<,<<<<<<<<<<<<  3c3c3c2c3c3c3c3c3c3c3c3c3c3c3c3c
       451  <<<<<<<<<<<<,<<<  3c3c3c3c3c3c3c3c3c3c3c3c2c3c3c3c
# epoch 19250  H=1.3016 C=1.2361 HO=0.0656  A(t)=1619
     20807  <<<<<<<<<<<<<<<<  3c3c3c3c3c3c3c3c3c3c3c3c3c3c3c3c
       606  ,,,,,,,,,,,,,,,,  2c2c2c2c2c2c2c2c2c2c2c2c2c2c2c2c
       510  <<<<<<<<<<<<<<<,  3c3c3c3c3c3c3c3c3c3c3c3c3c3c3c2c
       500  ,<<<<<<<<<<<<<<<  2c3c3c3c3c3c3c3c3c3c3c3c3c3c3c3c
       491  <<<<<<<<<<<<<,<<  3c3c3c3c3c3c3c3c3c3c3c3c3c2c3c3c
       480  <<,<<<<<<<<<<<<<  3c3c2c3c3c3c3c3c3c3c3c3c3c3c3c3c
       479  <<<<<<<<<<<<<<,<  3c3c3c3c3c3c3c3c3c3c3c3c3c3c2c3c
       478  <<<<<<<<<<<<,<<<  3c3c3c3c3c3c3c3c3c3c3c3c2c3c3c3c
       478  <<<<<<,<<<<<<<<<  3c3c3c3c3c3c2c3c3c3c3c3c3c3c3c3c
       473  <,<<<<<<<<<<<<<<  3c2c3c3c3c3c3c3c3c3c3c3c3c3c3c3c
# epoch 19300  H=1.2716 C=1.2196 HO=0.0520  A(t)=1619
     21717  <<<<<<<<<<<<<<<<  3c3c3c3c3c3c3c3c3c3c3c3c3c3c3c3c
       645  ,,,,,,,,,,,,,,,,  2c2c2c2c2c2c2c2c2c2c2c2c2c2c2c2c
       539  <<<<<<<<<<<<<<<,  3c3c3c3c3c3c3c3c3c3c3c3c3c3c3c2c
       524  ,<<<<<<<<<<<<<<<  2c3c3c3c3c3c3c3c3c3c3c3c3c3c3c3c
       518  <<<<<<<<<<<<<<,<  3c3c3c3c3c3c3c3c3c3c3c3c3c3c2c3c
       511  <,<<<<<<<<<<<<<<  3c2c3c3c3c3c3c3c3c3c3c3c3c3c3c3c
       510  <<<,<<<<<<<<<<<<  3c3c3c2c3c3c3c3c3c3c3c3c3c3c3c3c
       508  <<<<,<<<<<<<<<<<  3c3c3c3c2c3c3c3c3c3c3c3c3c3c3c3c
       505  <<<<<,<<<<<<<<<<  3c3c3c3c3c2c3c3c3c3c3c3c3c3c3c3c
       503  <<,<<<<<<<<<<<<<  3c3c2c3c3c3c3c3c3c3c3c3c3c3c3c3c
# epoch 19350  H=1.2563 C=1.1710 HO=0.0853  A(t)=1619
     20645  <<<<<<<<<<<<<<<<  3c3c3c3c3c3c3c3c3c3c3c3c3c3c3c3c
       856  ,,,,,,,,,,,,,,,,  2c2c2c2c2c2c2c2c2c2c2c2c2c2c2c2c
       555  <<<<<<<<<<<<<<<,  3c3c3c3c3c3c3c3c3c3c3c3c3c3c3c2c
       539  ,<<<<<<<<<<<<<<<  2c3c3c3c3c3c3c3c3c3c3c3c3c3c3c3c
       538  <<<<<<<<<<<<<<,<  3c3c3c3c3c3c3c3c3c3c3c3c3c3c2c3c
       526  <,<<<<<<<<<<<<<<  3c2c3c3c3c3c3c3c3c3c3c3c3c3c3c3c
       524  <<,<<<<<<<<<<<<<  3c3c2c3c3c3c3c3c3c3c3c3c3c3c3c3c
       513  <<<<<<,<<<<<<<<<  3c3c3c3c3c3c2c3c3c3c3c3c3c3c3c3c
       509  <<<<<<<<<<<<<,<<  3c3c3c3c3c3c3c3c3c3c3c3c3c2c3c3c
       508  <<<,<<<<<<<<<<<<  3c3c3c2c3c3c3c3c3c3c3c3c3c3c3c3c
# epoch 19400  H=1.3416 C=1.2540 HO=0.0876  A(t)=1619
     21060  <<<<<<<<<<<<<<<<  3c3c3c3c3c3c3c3c3c3c3c3c3c3c3c3c
       941  ,,,,,,,,,,,,,,,,  2c2c2c2c2c2c2c2c2c2c2c2c2c2c2c2c
       484  <<<<<<<<<<<<<<<,  3c3c3c3c3c3c3c3c3c3c3c3c3c3c3c2c
       477  ,<<<<<<<<<<<<<<<  2c3c3c3c3c3c3c3c3c3c3c3c3c3c3c3c
       471  <<<<<<,<<<<<<<<<  3c3c3c3c3c3c2c3c3c3c3c3c3c3c3c3c
       470  <<<<<,<<<<<<<<<<  3c3c3c3c3c2c3c3c3c3c3c3c3c3c3c3c
       465  <<<<<<<<,<<<<<<<  3c3c3c3c3c3c3c3c2c3c3c3c3c3c3c3c
       465  <<<<<<<,<<<<<<<<  3c3c3c3c3c3c3c2c3c3c3c3c3c3c3c3c
       462  <<<<<<<<<<<<<<,<  3c3c3c3c3c3c3c3c3c3c3c3c3c3c2c3c
       458  <<<,<<<<<<<<<<<<  3c3c3c2c3c3c3c3c3c3c3c3c3c3c3c3c
# epoch 19450  H=1.2976 C=1.2357 HO=0.0619  A(t)=1619
     21885  <<<<<<<<<<<<<<<<  3c3c3c3c3c3c3c3c3c3c3c3c3c3c3c3c
       586  ,,,,,,,,,,,,,,,,  2c2c2c2c2c2c2c2c2c2c2c2c2c2c2c2c
       495  <<<<<<<<<<<<<<<,  3c3c3c3c3c3c3c3c3c3c3c3c3c3c3c2c
       486  ,<<<<<<<<<<<<<<<  2c3c3c3c3c3c3c3c3c3c3c3c3c3c3c3c
       476  <,<<<<<<<<<<<<<<  3c2c3c3c3c3c3c3c3c3c3c3c3c3c3c3c
       475  <<<<<<<<<<<<<<,<  3c3c3c3c3c3c3c3c3c3c3c3c3c3c2c3c
       457  <<,<<<<<<<<<<<<<  3c3c2c3c3c3c3c3c3c3c3c3c3c3c3c3c
       456  <<<<<<<<<<<<<,<<  3c3c3c3c3c3c3c3c3c3c3c3c3c2c3c3c
       456  <<<,<<<<<<<<<<<<  3c3c3c2c3c3c3c3c3c3c3c3c3c3c3c3c
       453  <<<<<<<<<<<<,<<<  3c3c3c3c3c3c3c3c3c3c3c3c2c3c3c3c
# epoch 19500  H=1.3424 C=1.2772 HO=0.0652  A(t)=1620
     21141  <<<<<<<<<<<<<<<<  3c3c3c3c3c3c3c3c3c3c3c3c3c3c3c3c
       612  ,,,,,,,,,,,,,,,,  2c2c2c2c2c2c2c2c2c2c2c2c2c2c2c2c
       517  <<<<<<<<<<<<<<<,  3c3c3c3c3c3c3c3c3c3c3c3c3c3c3c2c
       492  <<<<<<<<<<<<<<,<  3c3c3c3c3c3c3c3c3c3c3c3c3c3c2c3c
       489  ,<<<<<<<<<<<<<<<  2c3c3c3c3c3c3c3c3c3c3c3c3c3c3c3c
       482  <,<<<<<<<<<<<<<<  3c2c3c3c3c3c3c3c3c3c3c3c3c3c3c3c
       478  <<<<<<<<<<<<<,<<  3c3c3c3c3c3c3c3c3c3c3c3c3c2c3c3c
       470  <<,<<<<<<<<<<<<<  3c3c2c3c3c3c3c3c3c3c3c3c3c3c3c3c
       465  <<<<<<<<<,<<<<<<  3c3c3c3c3c3c3c3c3c2c3c3c3c3c3c3c
       465  <<<<<<<<,<<<<<<<  3c3c3c3c3c3c3c3c2c3c3c3c3c3c3c3c
# epoch 19550  H=1.3223 C=1.2677 HO=0.0546  A(t)=1620
     21682  <<<<<<<<<<<<<<<<  3c3c3c3c3c3c3c3c3c3c3c3c3c3c3c3c
       485  <<<<<<<<<<<<<<<,  3c3c3c3c3c3c3c3c3c3c3c3c3c3c3c2c
       481  <<<<<<<<<<<<<<,<  3c3c3c3c3c3c3c3c3c3c3c3c3c3c2c3c
       477  ,<<<<<<<<<<<<<<<  2c3c3c3c3c3c3c3c3c3c3c3c3c3c3c3c
       471  ,,,,,,,,,,,,,,,,  2c2c2c2c2c2c2c2c2c2c2c2c2c2c2c2c
       467  <<<,<<<<<<<<<<<<  3c3c3c2c3c3c3c3c3c3c3c3c3c3c3c3c
       466  <,<<<<<<<<<<<<<<  3c2c3c3c3c3c3c3c3c3c3c3c3c3c3c3c
       463  <<<<<<<<<<<<<,<<  3c3c3c3c3c3c3c3c3c3c3c3c3c2c3c3c
       459  <<,<<<<<<<<<<<<<  3c3c2c3c3c3c3c3c3c3c3c3c3c3c3c3c
       450  <<<<<<<<<<<<,<<<  3c3c3c3c3c3c3c3c3c3c3c3c2c3c3c3c
# epoch 19600  H=1.3257 C=1.2710 HO=0.0547  A(t)=1620
     21401  <<<<<<<<<<<<<<<<  3c3c3c3c3c3c3c3c3c3c3c3c3c3c3c3c
       495  <<<<<<<<<<<<<<<,  3c3c3c3c3c3c3c3c3c3c3c3c3c3c3c2c
       481  ,<<<<<<<<<<<<<<<  2c3c3c3c3c3c3c3c3c3c3c3c3c3c3c3c
       476  <<<<<<<<<<<<<<,<  3c3c3c3c3c3c3c3c3c3c3c3c3c3c2c3c
       473  <<,<<<<<<<<<<<<<  3c3c2c3c3c3c3c3c3c3c3c3c3c3c3c3c
       471  <<<<,<<<<<<<<<<<  3c3c3c3c2c3c3c3c3c3c3c3c3c3c3c3c
       469  <,<<<<<<<<<<<<<<  3c2c3c3c3c3c3c3c3c3c3c3c3c3c3c3c
       464  <<<<<<<<<<<,<<<<  3c3c3c3c3c3c3c3c3c3c3c2c3c3c3c3c
       462  <<<,<<<<<<<<<<<<  3c3c3c2c3c3c3c3c3c3c3c3c3c3c3c3c
       460  <<<<<<<<<<<<<,<<  3c3c3c3c3c3c3c3c3c3c3c3c3c2c3c3c
# epoch 19650  H=1.2203 C=1.2134 HO=0.0070  A(t)=1621
     20747  <<<<<<<<<<<<<<<<  3c3c3c3c3c3c3c3c3c3c3c3c3c3c3c3c
       479  <<<<<<<<<<<<<<<,  3c3c3c3c3c3c3c3c3c3c3c3c3c3c3c2c
       469  ,<<<<<<<<<<<<<<<  2c3c3c3c3c3c3c3c3c3c3c3c3c3c3c3c
       468  <<<<<<,<<<<<<<<<  3c3c3c3c3c3c2c3c3c3c3c3c3c3c3c3c
       467  <<<<<<<,<<<<<<<<  3c3c3c3c3c3c3c2c3c3c3c3c3c3c3c3c
       463  <<<<<<<<<<<<<<,<  3c3c3c3c3c3c3c3c3c3c3c3c3c3c2c3c
       460  <<<<<<<<,<<<<<<<  3c3c3c3c3c3c3c3c2c3c3c3c3c3c3c3c
       459  <<<<<<<<<,<<<<<<  3c3c3c3c3c3c3c3c3c2c3c3c3c3c3c3c
       458  <<<<<,<<<<<<<<<<  3c3c3c3c3c2c3c3c3c3c3c3c3c3c3c3c
       457  <<,<<<<<<<<<<<<<  3c3c2c3c3c3c3c3c3c3c3c3c3c3c3c3c
# epoch 19700  H=1.2936 C=1.2324 HO=0.0612  A(t)=1622
     20415  <<<<<<<<<<<<<<<<  3c3c3c3c3c3c3c3c3c3c3c3c3c3c3c3c
       702  ,,,,,,,,,,,,,,,,  2c2c2c2c2c2c2c2c2c2c2c2c2c2c2c2c
       484  <<<<<<<<<<<<<<<,  3c3c3c3c3c3c3c3c3c3c3c3c3c3c3c2c
       465  ,<<<<<<<<<<<<<<<  2c3c3c3c3c3c3c3c3c3c3c3c3c3c3c3c
       461  <<<<<<<<<<<<<<,<  3c3c3c3c3c3c3c3c3c3c3c3c3c3c2c3c
       455  <<<<<<<,<<<<<<<<  3c3c3c3c3c3c3c2c3c3c3c3c3c3c3c3c
       452  <<<<<<<<,<<<<<<<  3c3c3c3c3c3c3c3c2c3c3c3c3c3c3c3c
       452  <<<<<<,<<<<<<<<<  3c3c3c3c3c3c2c3c3c3c3c3c3c3c3c3c
       452  <<<<,<<<<<<<<<<<  3c3c3c3c2c3c3c3c3c3c3c3c3c3c3c3c
       448  <<<<<<<<<<,<<<<<  3c3c3c3c3c3c3c3c3c3c2c3c3c3c3c3c
# epoch 19750  H=1.3105 C=1.2445 HO=0.0660  A(t)=1627
     19549  <<<<<<<<<<<<<<<<  3c3c3c3c3c3c3c3c3c3c3c3c3c3c3c3c
       821  ,,,,,,,,,,,,,,,,  2c2c2c2c2c2c2c2c2c2c2c2c2c2c2c2c
       466  <<<<<<<<<<<<<<<,  3c3c3c3c3c3c3c3c3c3c3c3c3c3c3c2c
       448  <<<<<<<<<<<<<<,<  3c3c3c3c3c3c3c3c3c3c3c3c3c3c2c3c
       445  <<<<<<<,<<<<<<<<  3c3c3c3c3c3c3c2c3c3c3c3c3c3c3c3c
       434  ,<<<<<<<<<<<<<<<  2c3c3c3c3c3c3c3c3c3c3c3c3c3c3c3c
       433  <<<<<<<<<<<<<,<<  3c3c3c3c3c3c3c3c3c3c3c3c3c2c3c3c
       432  <<<<,<<<<<<<<<<<  3c3c3c3c2c3c3c3c3c3c3c3c3c3c3c3c
       432  <<,<<<<<<<<<<<<<  3c3c2c3c3c3c3c3c3c3c3c3c3c3c3c3c
       431  <<<<<,<<<<<<<<<<  3c3c3c3c3c2c3c3c3c3c3c3c3c3c3c3c
# epoch 19800  H=1.2985 C=1.2462 HO=0.0523  A(t)=1627
     20680  <<<<<<<<<<<<<<<<  3c3c3c3c3c3c3c3c3c3c3c3c3c3c3c3c
       668  ,,,,,,,,,,,,,,,,  2c2c2c2c2c2c2c2c2c2c2c2c2c2c2c2c
       479  <<<<<<<<<<<<<<<,  3c3c3c3c3c3c3c3c3c3c3c3c3c3c3c2c
       463  ,<<<<<<<<<<<<<<<  2c3c3c3c3c3c3c3c3c3c3c3c3c3c3c3c
       449  <<<<<<<<<<<<<<,<  3c3c3c3c3c3c3c3c3c3c3c3c3c3c2c3c
       449  <<<<<<,<<<<<<<<<  3c3c3c3c3c3c2c3c3c3c3c3c3c3c3c3c
       445  <<<<,<<<<<<<<<<<  3c3c3c3c2c3c3c3c3c3c3c3c3c3c3c3c
       443  <,<<<<<<<<<<<<<<  3c2c3c3c3c3c3c3c3c3c3c3c3c3c3c3c
       442  <<<<<,<<<<<<<<<<  3c3c3c3c3c2c3c3c3c3c3c3c3c3c3c3c
       441  <<<<<<<,<<<<<<<<  3c3c3c3c3c3c3c2c3c3c3c3c3c3c3c3c
# epoch 19850  H=1.3277 C=1.2393 HO=0.0884  A(t)=1628
     19972  <<<<<<<<<<<<<<<<  3c3c3c3c3c3c3c3c3c3c3c3c3c3c3c3c
       770  ,,,,,,,,,,,,,,,,  2c2c2c2c2c2c2c2c2c2c2c2c2c2c2c2c
       508  <<<<<<<<<<<<<<<,  3c3c3c3c3c3c3c3c3c3c3c3c3c3c3c2c
       499  ,<<<<<<<<<<<<<<<  2c3c3c3c3c3c3c3c3c3c3c3c3c3c3c3c
       488  <<<<<<,<<<<<<<<<  3c3c3c3c3c3c2c3c3c3c3c3c3c3c3c3c
       484  <<<<<<<<<<<<<<,<  3c3c3c3c3c3c3c3c3c3c3c3c3c3c2c3c
       483  <,<<<<<<<<<<<<<<  3c2c3c3c3c3c3c3c3c3c3c3c3c3c3c3c
       481  <<<<<,<<<<<<<<<<  3c3c3c3c3c2c3c3c3c3c3c3c3c3c3c3c
       480  <<<<,<<<<<<<<<<<  3c3c3c3c2c3c3c3c3c3c3c3c3c3c3c3c
       479  <<<,<<<<<<<<<<<<  3c3c3c2c3c3c3c3c3c3c3c3c3c3c3c3c
# epoch 19900  H=1.2661 C=1.1986 HO=0.0674  A(t)=1630
     21097  <<<<<<<<<<<<<<<<  3c3c3c3c3c3c3c3c3c3c3c3c3c3c3c3c
       735  ,,,,,,,,,,,,,,,,  2c2c2c2c2c2c2c2c2c2c2c2c2c2c2c2c
       502  <<<<<<<,<<<<<<<<  3c3c3c3c3c3c3c2c3c3c3c3c3c3c3c3c
       496  <<<<<<<<<<<<<<,<  3c3c3c3c3c3c3c3c3c3c3c3c3c3c2c3c
       496  <<<<<<<<,<<<<<<<  3c3c3c3c3c3c3c3c2c3c3c3c3c3c3c3c
       492  <,<<<<<<<<<<<<<<  3c2c3c3c3c3c3c3c3c3c3c3c3c3c3c3c
       489  <<<<<<<<<<<<<<<,  3c3c3c3c3c3c3c3c3c3c3c3c3c3c3c2c
       484  <<<<<,<<<<<<<<<<  3c3c3c3c3c2c3c3c3c3c3c3c3c3c3c3c
       483  <<<<<<<<<<,<<<<<  3c3c3c3c3c3c3c3c3c3c2c3c3c3c3c3c
       482  <<,<<<<<<<<<<<<<  3c3c2c3c3c3c3c3c3c3c3c3c3c3c3c3c
# epoch 19950  H=1.1334 C=1.0914 HO=0.0420  A(t)=1631
     21659  <<<<<<<<<<<<<<<<  3c3c3c3c3c3c3c3c3c3c3c3c3c3c3c3c
      1027  ,,,,,,,,,,,,,,,,  2c2c2c2c2c2c2c2c2c2c2c2c2c2c2c2c
       536  <<<<<<<<<<<<<<<,  3c3c3c3c3c3c3c3c3c3c3c3c3c3c3c2c
       511  <<<<<<<<<<<<<<,<  3c3c3c3c3c3c3c3c3c3c3c3c3c3c2c3c
       499  ,<<<<<<<<<<<<<<<  2c3c3c3c3c3c3c3c3c3c3c3c3c3c3c3c
       497  <<<<<<<<<<<<<,<<  3c3c3c3c3c3c3c3c3c3c3c3c3c2c3c3c
       489  <<<<<<<,<<<<<<<<  3c3c3c3c3c3c3c2c3c3c3c3c3c3c3c3c
       487  <<<<<,<<<<<<<<<<  3c3c3c3c3c2c3c3c3c3c3c3c3c3c3c3c
       487  <,<<<<<<<<<<<<<<  3c2c3c3c3c3c3c3c3c3c3c3c3c3c3c3c
       486  <<<<<<<<<<<<,<<<  3c3c3c3c3c3c3c3c3c3c3c3c2c3c3c3c
# epoch 20000  H=1.0976 C=1.0642 HO=0.0334  A(t)=1631
     22243  <<<<<<<<<<<<<<<<  3c3c3c3c3c3c3c3c3c3c3c3c3c3c3c3c
       875  ,,,,,,,,,,,,,,,,  2c2c2c2c2c2c2c2c2c2c2c2c2c2c2c2c
       575  <<<<<<<<<<<<<<<,  3c3c3c3c3c3c3c3c3c3c3c3c3c3c3c2c
       567  ,<<<<<<<<<<<<<<<  2c3c3c3c3c3c3c3c3c3c3c3c3c3c3c3c
       550  <,<<<<<<<<<<<<<<  3c2c3c3c3c3c3c3c3c3c3c3c3c3c3c3c
       541  <<<<<<<<<<<<<<,<  3c3c3c3c3c3c3c3c3c3c3c3c3c3c2c3c
       529  <<<<,<<<<<<<<<<<  3c3c3c3c2c3c3c3c3c3c3c3c3c3c3c3c
       527  <<<<<<<<<<<<<,<<  3c3c3c3c3c3c3c3c3c3c3c3c3c2c3c3c
       526  <<<,<<<<<<<<<<<<  3c3c3c2c3c3c3c3c3c3c3c3c3c3c3c3c
       525  <<,<<<<<<<<<<<<<  3c3c2c3c3c3c3c3c3c3c3c3c3c3c3c3c
# epoch 20050  H=1.0887 C=1.0580 HO=0.0307  A(t)=1632
     22645  <<<<<<<<<<<<<<<<  3c3c3c3c3c3c3c3c3c3c3c3c3c3c3c3c
       657  ,,,,,,,,,,,,,,,,  2c2c2c2c2c2c2c2c2c2c2c2c2c2c2c2c
       535  <<<<<<<<<<<<<<<,  3c3c3c3c3c3c3c3c3c3c3c3c3c3c3c2c
       525  ,<<<<<<<<<<<<<<<  2c3c3c3c3c3c3c3c3c3c3c3c3c3c3c3c
       511  <,<<<<<<<<<<<<<<  3c2c3c3c3c3c3c3c3c3c3c3c3c3c3c3c
       508  <<,<<<<<<<<<<<<<  3c3c2c3c3c3c3c3c3c3c3c3c3c3c3c3c
       501  <<<,<<<<<<<<<<<<  3c3c3c2c3c3c3c3c3c3c3c3c3c3c3c3c
       498  <<<<,<<<<<<<<<<<  3c3c3c3c2c3c3c3c3c3c3c3c3c3c3c3c
       497  <<<<<<<<<<<<<<,<  3c3c3c3c3c3c3c3c3c3c3c3c3c3c2c3c
       484  <<<<<,<<<<<<<<<<  3c3c3c3c3c2c3c3c3c3c3c3c3c3c3c3c
# epoch 20100  H=1.2034 C=1.1361 HO=0.0673  A(t)=1632
     21567  <<<<<<<<<<<<<<<<  3c3c3c3c3c3c3c3c3c3c3c3c3c3c3c3c
       730  ,,,,,,,,,,,,,,,,  2c2c2c2c2c2c2c2c2c2c2c2c2c2c2c2c
       523  <<<<<<<<<<<<<<<,  3c3c3c3c3c3c3c3c3c3c3c3c3c3c3c2c
       503  <<<<<<<<<<<<<<,<  3c3c3c3c3c3c3c3c3c3c3c3c3c3c2c3c
       500  <<<<<<<<<<<<<,<<  3c3c3c3c3c3c3c3c3c3c3c3c3c2c3c3c
       499  <<<<<<<<<<<,<<<<  3c3c3c3c3c3c3c3c3c3c3c2c3c3c3c3c
       499  ,<<<<<<<<<<<<<<<  2c3c3c3c3c3c3c3c3c3c3c3c3c3c3c3c
       496  <<<<<<<<<<<<,<<<  3c3c3c3c3c3c3c3c3c3c3c3c2c3c3c3c
       487  <<<<<<<<<<,<<<<<  3c3c3c3c3c3c3c3c3c3c2c3c3c3c3c3c
       481  <<,<<<<<<<<<<<<<  3c3c2c3c3c3c3c3c3c3c3c3c3c3c3c3c
# epoch 20150  H=1.1718 C=1.1584 HO=0.0134  A(t)=1632
     20749  <<<<<<<<<<<<<<<<  3c3c3c3c3c3c3c3c3c3c3c3c3c3c3c3c
       549  <<<<<<<<<<<<<<<,  3c3c3c3c3c3c3c3c3c3c3c3c3c3c3c2c
       541  <<<<<<<<<<<<<<,<  3c3c3c3c3c3c3c3c3c3c3c3c3c3c2c3c
       535  ,<<<<<<<<<<<<<<<  2c3c3c3c3c3c3c3c3c3c3c3c3c3c3c3c
       530  <<<<<<<<<<<<<,<<  3c3c3c3c3c3c3c3c3c3c3c3c3c2c3c3c
       528  <,<<<<<<<<<<<<<<  3c2c3c3c3c3c3c3c3c3c3c3c3c3c3c3c
       526  <<,<<<<<<<<<<<<<  3c3c2c3c3c3c3c3c3c3c3c3c3c3c3c3c
       522  <<<<<<<<<<<<,<<<  3c3c3c3c3c3c3c3c3c3c3c3c2c3c3c3c
       519  <<<<<<<,<<<<<<<<  3c3c3c3c3c3c3c2c3c3c3c3c3c3c3c3c
       519  <<<<<<,<<<<<<<<<  3c3c3c3c3c3c2c3c3c3c3c3c3c3c3c3c
# epoch 20200  H=1.0923 C=1.0908 HO=0.0014  A(t)=1637
     22484  <<<<<<<<<<<<<<<<  3c3c3c3c3c3c3c3c3c3c3c3c3c3c3c3c
       542  <<<<<<<<<<<<<<<,  3c3c3c3c3c3c3c3c3c3c3c3c3c3c3c2c
       531  <<<<<<<,<<<<<<<<  3c3c3c3c3c3c3c2c3c3c3c3c3c3c3c3c
       531  ,<<<<<<<<<<<<<<<  2c3c3c3c3c3c3c3c3c3c3c3c3c3c3c3c
       526  <<<<<<<<,<<<<<<<  3c3c3c3c3c3c3c3c2c3c3c3c3c3c3c3c
       521  <,<<<<<<<<<<<<<<  3c2c3c3c3c3c3c3c3c3c3c3c3c3c3c3c
       515  <<<<<<<<<<<<,<<<  3c3c3c3c3c3c3c3c3c3c3c3c2c3c3c3c
       514  <<<<<<<<<<<<<<,<  3c3c3c3c3c3c3c3c3c3c3c3c3c3c2c3c
       512  <<<<<<,<<<<<<<<<  3c3c3c3c3c3c2c3c3c3c3c3c3c3c3c3c
       510  <<,<<<<<<<<<<<<<  3c3c2c3c3c3c3c3c3c3c3c3c3c3c3c3c
# epoch 20250  H=1.0781 C=1.0601 HO=0.0180  A(t)=1637
     21947  <<<<<<<<<<<<<<<<  3c3c3c3c3c3c3c3c3c3c3c3c3c3c3c3c
       977  ,,,,,,,,,,,,,,,,  2c2c2c2c2c2c2c2c2c2c2c2c2c2c2c2c
       546  <<<<<<<<<<<<<<<,  3c3c3c3c3c3c3c3c3c3c3c3c3c3c3c2c
       523  <<<<<<<<<<<<<<,<  3c3c3c3c3c3c3c3c3c3c3c3c3c3c2c3c
       521  ,<<<<<<<<<<<<<<<  2c3c3c3c3c3c3c3c3c3c3c3c3c3c3c3c
       519  <<<<<<<,<<<<<<<<  3c3c3c3c3c3c3c2c3c3c3c3c3c3c3c3c
       518  <<<<<<<<,<<<<<<<  3c3c3c3c3c3c3c3c2c3c3c3c3c3c3c3c
       516  <<<,<<<<<<<<<<<<  3c3c3c2c3c3c3c3c3c3c3c3c3c3c3c3c
       515  <<,<<<<<<<<<<<<<  3c3c2c3c3c3c3c3c3c3c3c3c3c3c3c3c
       515  <,<<<<<<<<<<<<<<  3c2c3c3c3c3c3c3c3c3c3c3c3c3c3c3c
# epoch 20300  H=1.1594 C=1.1265 HO=0.0329  A(t)=1643
     21679  <<<<<<<<<<<<<<<<  3c3c3c3c3c3c3c3c3c3c3c3c3c3c3c3c
       596  ,,,,,,,,,,,,,,,,  2c2c2c2c2c2c2c2c2c2c2c2c2c2c2c2c
       515  <<<<<<<<<<<<<<,<  3c3c3c3c3c3c3c3c3c3c3c3c3c3c2c3c
       512  <<<<<<<<<<<<<<<,  3c3c3c3c3c3c3c3c3c3c3c3c3c3c3c2c
       503  ,<<<<<<<<<<<<<<<  2c3c3c3c3c3c3c3c3c3c3c3c3c3c3c3c
       498  <,<<<<<<<<<<<<<<  3c2c3c3c3c3c3c3c3c3c3c3c3c3c3c3c
       494  <<<<<<<<<<<<<,<<  3c3c3c3c3c3c3c3c3c3c3c3c3c2c3c3c
       492  <<,<<<<<<<<<<<<<  3c3c2c3c3c3c3c3c3c3c3c3c3c3c3c3c
       484  <<<<<<<<,<<<<<<<  3c3c3c3c3c3c3c3c2c3c3c3c3c3c3c3c
       483  <<<<<<<,<<<<<<<<  3c3c3c3c3c3c3c2c3c3c3c3c3c3c3c3c
# epoch 20350  H=1.1857 C=1.1456 HO=0.0401  A(t)=1644
     21234  <<<<<<<<<<<<<<<<  3c3c3c3c3c3c3c3c3c3c3c3c3c3c3c3c
       710  ,,,,,,,,,,,,,,,,  2c2c2c2c2c2c2c2c2c2c2c2c2c2c2c2c
       557  <<<<<<<<<<<<<<<,  3c3c3c3c3c3c3c3c3c3c3c3c3c3c3c2c
       546  ,<<<<<<<<<<<<<<<  2c3c3c3c3c3c3c3c3c3c3c3c3c3c3c3c
       532  <<<<<<<<<<<<<<,<  3c3c3c3c3c3c3c3c3c3c3c3c3c3c2c3c
       523  <<<<<<<<<<<<<,<<  3c3c3c3c3c3c3c3c3c3c3c3c3c2c3c3c
       519  <<<<<<<<<<,<<<<<  3c3c3c3c3c3c3c3c3c3c2c3c3c3c3c3c
       518  <<<<<<<,<<<<<<<<  3c3c3c3c3c3c3c2c3c3c3c3c3c3c3c3c
       517  <,<<<<<<<<<<<<<<  3c2c3c3c3c3c3c3c3c3c3c3c3c3c3c3c
       516  <<<<<<<<<,<<<<<<  3c3c3c3c3c3c3c3c3c2c3c3c3c3c3c3c
# epoch 20400  H=1.2232 C=1.1682 HO=0.0550  A(t)=1645
     20739  <<<<<<<<<<<<<<<<  3c3c3c3c3c3c3c3c3c3c3c3c3c3c3c3c
       631  ,,,,,,,,,,,,,,,,  2c2c2c2c2c2c2c2c2c2c2c2c2c2c2c2c
       539  <<<<<<<<<<<<<<<,  3c3c3c3c3c3c3c3c3c3c3c3c3c3c3c2c
       528  <<<<<<<<<<<<<<,<  3c3c3c3c3c3c3c3c3c3c3c3c3c3c2c3c
       525  ,<<<<<<<<<<<<<<<  2c3c3c3c3c3c3c3c3c3c3c3c3c3c3c3c
       515  <,<<<<<<<<<<<<<<  3c2c3c3c3c3c3c3c3c3c3c3c3c3c3c3c
       513  <<<<<<<<<<<<<,<<  3c3c3c3c3c3c3c3c3c3c3c3c3c2c3c3c
       510  <<,<<<<<<<<<<<<<  3c3c2c3c3c3c3c3c3c3c3c3c3c3c3c3c
       500  <<<<<<<<<<<<,<<<  3c3c3c3c3c3c3c3c3c3c3c3c2c3c3c3c
       498  <<<<<<,<<<<<<<<<  3c3c3c3c3c3c2c3c3c3c3c3c3c3c3c3c
# epoch 20450  H=1.1159 C=1.1195 HO=-0.0036  A(t)=1645
     21835  <<<<<<<<<<<<<<<<  3c3c3c3c3c3c3c3c3c3c3c3c3c3c3c3c
       563  <<<<<<<<<<<<<<<,  3c3c3c3c3c3c3c3c3c3c3c3c3c3c3c2c
       540  <<<<<<<<<<<<<<,<  3c3c3c3c3c3c3c3c3c3c3c3c3c3c2c3c
       532  <<<<<<<<<,<<<<<<  3c3c3c3c3c3c3c3c3c2c3c3c3c3c3c3c
       530  ,<<<<<<<<<<<<<<<  2c3c3c3c3c3c3c3c3c3c3c3c3c3c3c3c
       526  <,<<<<<<<<<<<<<<  3c2c3c3c3c3c3c3c3c3c3c3c3c3c3c3c
       525  <<<<<<<<<<<<<,<<  3c3c3c3c3c3c3c3c3c3c3c3c3c2c3c3c
       525  <<<<<<<<<<<,<<<<  3c3c3c3c3c3c3c3c3c3c3c2c3c3c3c3c
       524  <<<<<<,<<<<<<<<<  3c3c3c3c3c3c2c3c3c3c3c3c3c3c3c3c
       524  <<,<<<<<<<<<<<<<  3c3c2c3c3c3c3c3c3c3c3c3c3c3c3c3c
# epoch 20500  H=1.1846 C=1.1118 HO=0.0727  A(t)=1651
     22850  <<<<<<<<<<<<<<<<  3c3c3c3c3c3c3c3c3c3c3c3c3c3c3c3c
       575  ,,,,,,,,,,,,,,,,  2c2c2c2c2c2c2c2c2c2c2c2c2c2c2c2c
       487  <<<<<<<<<<<<<<<,  3c3c3c3c3c3c3c3c3c3c3c3c3c3c3c2c
       473  ,<<<<<<<<<<<<<<<  2c3c3c3c3c3c3c3c3c3c3c3c3c3c3c3c
       459  <<<<<<<<<<<<<<,<  3c3c3c3c3c3c3c3c3c3c3c3c3c3c2c3c
       448  <<<<<<<<<<<<,<<<  3c3c3c3c3c3c3c3c3c3c3c3c2c3c3c3c
       447  <,<<<<<<<<<<<<<<  3c2c3c3c3c3c3c3c3c3c3c3c3c3c3c3c
       438  <<<<<<<<<<<<<,<<  3c3c3c3c3c3c3c3c3c3c3c3c3c2c3c3c
       436  <<<,<<<<<<<<<<<<  3c3c3c2c3c3c3c3c3c3c3c3c3c3c3c3c
       435  <<,<<<<<<<<<<<<<  3c3c2c3c3c3c3c3c3c3c3c3c3c3c3c3c
# epoch 20550  H=1.1201 C=1.0942 HO=0.0258  A(t)=1652
     22389  <<<<<<<<<<<<<<<<  3c3c3c3c3c3c3c3c3c3c3c3c3c3c3c3c
       512  <<<<<<<,<<<<<<<<  3c3c3c3c3c3c3c2c3c3c3c3c3c3c3c3c
       510  <<<<<<<<,<<<<<<<  3c3c3c3c3c3c3c3c2c3c3c3c3c3c3c3c
       509  <<<<<<,<<<<<<<<<  3c3c3c3c3c3c2c3c3c3c3c3c3c3c3c3c
       508  <<<<<<<<<<<<<<<,  3c3c3c3c3c3c3c3c3c3c3c3c3c3c3c2c
       504  <<<<<,<<<<<<<<<<  3c3c3c3c3c2c3c3c3c3c3c3c3c3c3c3c
       503  <<<<,<<<<<<<<<<<  3c3c3c3c2c3c3c3c3c3c3c3c3c3c3c3c
       502  <<,<<<<<<<<<<<<<  3c3c2c3c3c3c3c3c3c3c3c3c3c3c3c3c
       502  <,<<<<<<<<<<<<<<  3c2c3c3c3c3c3c3c3c3c3c3c3c3c3c3c
       502  ,<<<<<<<<<<<<<<<  2c3c3c3c3c3c3c3c3c3c3c3c3c3c3c3c
# epoch 20600  H=1.0693 C=1.0586 HO=0.0107  A(t)=1659
     22297  <<<<<<<<<<<<<<<<  3c3c3c3c3c3c3c3c3c3c3c3c3c3c3c3c
       732  ,,,,,,,,,,,,,,,,  2c2c2c2c2c2c2c2c2c2c2c2c2c2c2c2c
       544  ,<<<<<<<<<<<<<<<  2c3c3c3c3c3c3c3c3c3c3c3c3c3c3c3c
       538  <<<<<<<<<<<<<<<,  3c3c3c3c3c3c3c3c3c3c3c3c3c3c3c2c
       522  <,<<<<<<<<<<<<<<  3c2c3c3c3c3c3c3c3c3c3c3c3c3c3c3c
       520  <<<<<<<<<<<<<<,<  3c3c3c3c3c3c3c3c3c3c3c3c3c3c2c3c
       517  <<,<<<<<<<<<<<<<  3c3c2c3c3c3c3c3c3c3c3c3c3c3c3c3c
       505  <<<<<<<,<<<<<<<<  3c3c3c3c3c3c3c2c3c3c3c3c3c3c3c3c
       501  <<<<<<<<<<<<<,<<  3c3c3c3c3c3c3c3c3c3c3c3c3c2c3c3c
       499  <<<<<<,<<<<<<<<<  3c3c3c3c3c3c2c3c3c3c3c3c3c3c3c3c
# epoch 20650  H=1.1432 C=1.0865 HO=0.0566  A(t)=1659
     22601  <<<<<<<<<<<<<<<<  3c3c3c3c3c3c3c3c3c3c3c3c3c3c3c3c
       951  ,,,,,,,,,,,,,,,,  2c2c2c2c2c2c2c2c2c2c2c2c2c2c2c2c
       554  <<<<<<<<<<<<<<<,  3c3c3c3c3c3c3c3c3c3c3c3c3c3c3c2c
       546  ,<<<<<<<<<<<<<<<  2c3c3c3c3c3c3c3c3c3c3c3c3c3c3c3c
       540  <,<<<<<<<<<<<<<<  3c2c3c3c3c3c3c3c3c3c3c3c3c3c3c3c
       534  <<<<<<<<<<<<<<,<  3c3c3c3c3c3c3c3c3c3c3c3c3c3c2c3c
       532  <<<,<<<<<<<<<<<<  3c3c3c2c3c3c3c3c3c3c3c3c3c3c3c3c
       532  <<,<<<<<<<<<<<<<  3c3c2c3c3c3c3c3c3c3c3c3c3c3c3c3c
       529  <<<<<<<<<<<<<,<<  3c3c3c3c3c3c3c3c3c3c3c3c3c2c3c3c
       521  <<<<<<<<<,<<<<<<  3c3c3c3c3c3c3c3c3c2c3c3c3c3c3c3c
# epoch 20700  H=1.0871 C=1.0497 HO=0.0374  A(t)=1659
     23733  <<<<<<<<<<<<<<<<  3c3c3c3c3c3c3c3c3c3c3c3c3c3c3c3c
       767  ,,,,,,,,,,,,,,,,  2c2c2c2c2c2c2c2c2c2c2c2c2c2c2c2c
       573  <<<<<<<<<<<<<<<,  3c3c3c3c3c3c3c3c3c3c3c3c3c3c3c2c
       540  ,<<<<<<<<<<<<<<<  2c3c3c3c3c3c3c3c3c3c3c3c3c3c3c3c
       538  <<<<<<<<<<<<<<,<  3c3c3c3c3c3c3c3c3c3c3c3c3c3c2c3c
       527  <,<<<<<<<<<<<<<<  3c2c3c3c3c3c3c3c3c3c3c3c3c3c3c3c
       518  <<,<<<<<<<<<<<<<  3c3c2c3c3c3c3c3c3c3c3c3c3c3c3c3c
       517  <<<<<<<<<<<<<,<<  3c3c3c3c3c3c3c3c3c3c3c3c3c2c3c3c
       514  <<<<,<<<<<<<<<<<  3c3c3c3c2c3c3c3c3c3c3c3c3c3c3c3c
       511  <<<<<<<<<<<<,<<<  3c3c3c3c3c3c3c3c3c3c3c3c2c3c3c3c
# epoch 20750  H=1.1767 C=1.0941 HO=0.0826  A(t)=1659
     22460  <<<<<<<<<<<<<<<<  3c3c3c3c3c3c3c3c3c3c3c3c3c3c3c3c
       751  ,,,,,,,,,,,,,,,,  2c2c2c2c2c2c2c2c2c2c2c2c2c2c2c2c
       530  <<<<<<<<<<<<<<<,  3c3c3c3c3c3c3c3c3c3c3c3c3c3c3c2c
       518  <<<<<<<<<<<<<<,<  3c3c3c3c3c3c3c3c3c3c3c3c3c3c2c3c
       518  ,<<<<<<<<<<<<<<<  2c3c3c3c3c3c3c3c3c3c3c3c3c3c3c3c
       517  <<<<,<<<<<<<<<<<  3c3c3c3c2c3c3c3c3c3c3c3c3c3c3c3c
       513  <<,<<<<<<<<<<<<<  3c3c2c3c3c3c3c3c3c3c3c3c3c3c3c3c
       509  <<<<<<<<,<<<<<<<  3c3c3c3c3c3c3c3c2c3c3c3c3c3c3c3c
       509  <<<<<,<<<<<<<<<<  3c3c3c3c3c2c3c3c3c3c3c3c3c3c3c3c
       509  <<<,<<<<<<<<<<<<  3c3c3c2c3c3c3c3c3c3c3c3c3c3c3c3c
# epoch 20800  H=1.1304 C=1.0721 HO=0.0582  A(t)=1659
     22567  <<<<<<<<<<<<<<<<  3c3c3c3c3c3c3c3c3c3c3c3c3c3c3c3c
       624  ,,,,,,,,,,,,,,,,  2c2c2c2c2c2c2c2c2c2c2c2c2c2c2c2c
       532  <<<<<<<<<<<<<<<,  3c3c3c3c3c3c3c3c3c3c3c3c3c3c3c2c
       520  <<<<<<<<<<<<<<,<  3c3c3c3c3c3c3c3c3c3c3c3c3c3c2c3c
       517  <<<<<<<<<<,<<<<<  3c3c3c3c3c3c3c3c3c3c2c3c3c3c3c3c
       507  <<<<<<<<<<<,<<<<  3c3c3c3c3c3c3c3c3c3c3c2c3c3c3c3c
       503  <,<<<<<<<<<<<<<<  3c2c3c3c3c3c3c3c3c3c3c3c3c3c3c3c
       501  <<<<<,<<<<<<<<<<  3c3c3c3c3c2c3c3c3c3c3c3c3c3c3c3c
       500  <<<<,<<<<<<<<<<<  3c3c3c3c2c3c3c3c3c3c3c3c3c3c3c3c
       498  <<<<<<<<<<<<<,<<  3c3c3c3c3c3c3c3c3c3c3c3c3c2c3c3c
# epoch 20850  H=1.1204 C=1.0431 HO=0.0773  A(t)=1665
     22181  <<<<<<<<<<<<<<<<  3c3c3c3c3c3c3c3c3c3c3c3c3c3c3c3c
      1241  ,,,,,,,,,,,,,,,,  2c2c2c2c2c2c2c2c2c2c2c2c2c2c2c2c
       521  <<<<<<<<<<<<<<<,  3c3c3c3c3c3c3c3c3c3c3c3c3c3c3c2c
       502  ,<<<<<<<<<<<<<<<  2c3c3c3c3c3c3c3c3c3c3c3c3c3c3c3c
       494  <<<<<<<<<<<<<<,<  3c3c3c3c3c3c3c3c3c3c3c3c3c3c2c3c
       494  <,<<<<<<<<<<<<<<  3c2c3c3c3c3c3c3c3c3c3c3c3c3c3c3c
       486  <<,<<<<<<<<<<<<<  3c3c2c3c3c3c3c3c3c3c3c3c3c3c3c3c
       483  <<<<,<<<<<<<<<<<  3c3c3c3c2c3c3c3c3c3c3c3c3c3c3c3c
       479  <<<<<<<<<<<<<,<<  3c3c3c3c3c3c3c3c3c3c3c3c3c2c3c3c
       477  <<<<<<<<<<,<<<<<  3c3c3c3c3c3c3c3c3c3c2c3c3c3c3c3c
# epoch 20900  H=1.2087 C=1.1411 HO=0.0676  A(t)=1667
     20324  <<<<<<<<<<<<<<<<  3c3c3c3c3c3c3c3c3c3c3c3c3c3c3c3c
       647  ,,,,,,,,,,,,,,,,  2c2c2c2c2c2c2c2c2c2c2c2c2c2c2c2c
       506  <<<<<<<<<<<<<<<,  3c3c3c3c3c3c3c3c3c3c3c3c3c3c3c2c
       499  <<<<<<<<<<<<<<,<  3c3c3c3c3c3c3c3c3c3c3c3c3c3c2c3c
       494  ,<<<<<<<<<<<<<<<  2c3c3c3c3c3c3c3c3c3c3c3c3c3c3c3c
       493  <<<<<<<<<<<<,<<<  3c3c3c3c3c3c3c3c3c3c3c3c2c3c3c3c
       491  <<<<<<<<<<<<<,<<  3c3c3c3c3c3c3c3c3c3c3c3c3c2c3c3c
       482  <,<<<<<<<<<<<<<<  3c2c3c3c3c3c3c3c3c3c3c3c3c3c3c3c
       481  <<<<,<<<<<<<<<<<  3c3c3c3c2c3c3c3c3c3c3c3c3c3c3c3c
       480  <<<<<<<<<<<,<<<<  3c3c3c3c3c3c3c3c3c3c3c2c3c3c3c3c
# epoch 20950  H=1.2188 C=1.1772 HO=0.0415  A(t)=1667
     20894  <<<<<<<<<<<<<<<<  3c3c3c3c3c3c3c3c3c3c3c3c3c3c3c3c
       762  ,,,,,,,,,,,,,,,,  2c2c2c2c2c2c2c2c2c2c2c2c2c2c2c2c
       489  <<<<<<<<<<<<<<<,  3c3c3c3c3c3c3c3c3c3c3c3c3c3c3c2c
       480  ,<<<<<<<<<<<<<<<  2c3c3c3c3c3c3c3c3c3c3c3c3c3c3c3c
       465  <<<<<<<<<<<<<<,<  3c3c3c3c3c3c3c3c3c3c3c3c3c3c2c3c
       464  <,<<<<<<<<<<<<<<  3c2c3c3c3c3c3c3c3c3c3c3c3c3c3c3c
       457  <<,<<<<<<<<<<<<<  3c3c2c3c3c3c3c3c3c3c3c3c3c3c3c3c
       450  <<<<<<<<<<<<<,<<  3c3c3c3c3c3c3c3c3c3c3c3c3c2c3c3c
       448  <<<<<<,<<<<<<<<<  3c3c3c3c3c3c2c3c3c3c3c3c3c3c3c3c
       445  <<<<,<<<<<<<<<<<  3c3c3c3c2c3c3c3c3c3c3c3c3c3c3c3c
# epoch 21000  H=1.1954 C=1.1686 HO=0.0268  A(t)=1668
     21599  <<<<<<<<<<<<<<<<  3c3c3c3c3c3c3c3c3c3c3c3c3c3c3c3c
       690  ,,,,,,,,,,,,,,,,  2c2c2c2c2c2c2c2c2c2c2c2c2c2c2c2c
       525  <<<<<<<<<<<<<<<,  3c3c3c3c3c3c3c3c3c3c3c3c3c3c3c2c
       512  <<<<<<<<<<<<<<,<  3c3c3c3c3c3c3c3c3c3c3c3c3c3c2c3c
       507  ,<<<<<<<<<<<<<<<  2c3c3c3c3c3c3c3c3c3c3c3c3c3c3c3c
       499  <,<<<<<<<<<<<<<<  3c2c3c3c3c3c3c3c3c3c3c3c3c3c3c3c
       495  <<<<<<<<<<<<<,<<  3c3c3c3c3c3c3c3c3c3c3c3c3c2c3c3c
       492  <<<<<<<<<<<<,<<<  3c3c3c3c3c3c3c3c3c3c3c3c2c3c3c3c
       485  <<,<<<<<<<<<<<<<  3c3c2c3c3c3c3c3c3c3c3c3c3c3c3c3c
       482  <<<<<<,<<<<<<<<<  3c3c3c3c3c3c2c3c3c3c3c3c3c3c3c3c
# epoch 21050  H=1.2117 C=1.1719 HO=0.0399  A(t)=1668
     20679  <<<<<<<<<<<<<<<<  3c3c3c3c3c3c3c3c3c3c3c3c3c3c3c3c
       554  ,,,,,,,,,,,,,,,,  2c2c2c2c2c2c2c2c2c2c2c2c2c2c2c2c
       527  <<,<<<<<<<<<<<<<  3c3c2c3c3c3c3c3c3c3c3c3c3c3c3c3c
       527  <,<<<<<<<<<<<<<<  3c2c3c3c3c3c3c3c3c3c3c3c3c3c3c3c
       525  <<<<<<<<<<<<<<<,  3c3c3c3c3c3c3c3c3c3c3c3c3c3c3c2c
       524  <<<<<<<<<<<<<<,<  3c3c3c3c3c3c3c3c3c3c3c3c3c3c2c3c
       523  ,<<<<<<<<<<<<<<<  2c3c3c3c3c3c3c3c3c3c3c3c3c3c3c3c
       516  <<<<<<<<<<<<<,<<  3c3c3c3c3c3c3c3c3c3c3c3c3c2c3c3c
       507  <<<<<,<<<<<<<<<<  3c3c3c3c3c2c3c3c3c3c3c3c3c3c3c3c
       505  <<<<,<<<<<<<<<<<  3c3c3c3c2c3c3c3c3c3c3c3c3c3c3c3c
# epoch 21100  H=1.2161 C=1.1835 HO=0.0326  A(t)=1670
     19742  <<<<<<<<<<<<<<<<  3c3c3c3c3c3c3c3c3c3c3c3c3c3c3c3c
       753  ,,,,,,,,,,,,,,,,  2c2c2c2c2c2c2c2c2c2c2c2c2c2c2c2c
       558  <<<<<<<<<<<<<<<,  3c3c3c3c3c3c3c3c3c3c3c3c3c3c3c2c
       553  ,<<<<<<<<<<<<<<<  2c3c3c3c3c3c3c3c3c3c3c3c3c3c3c3c
       532  <,<<<<<<<<<<<<<<  3c2c3c3c3c3c3c3c3c3c3c3c3c3c3c3c
       522  <<<<<<<<<<<<<<,<  3c3c3c3c3c3c3c3c3c3c3c3c3c3c2c3c
       504  <<<<<<<<<<<<<,<<  3c3c3c3c3c3c3c3c3c3c3c3c3c2c3c3c
       504  <<,<<<<<<<<<<<<<  3c3c2c3c3c3c3c3c3c3c3c3c3c3c3c3c
       498  <<<<<<<<<<<<,<<<  3c3c3c3c3c3c3c3c3c3c3c3c2c3c3c3c
       496  <<<<<<<,<<<<<<<<  3c3c3c3c3c3c3c2c3c3c3c3c3c3c3c3c
# epoch 21150  H=1.1617 C=1.1558 HO=0.0059  A(t)=1672
     22353  <<<<<<<<<<<<<<<<  3c3c3c3c3c3c3c3c3c3c3c3c3c3c3c3c
       556  <<<<<<<<<<<<<<<,  3c3c3c3c3c3c3c3c3c3c3c3c3c3c3c2c
       553  ,<<<<<<<<<<<<<<<  2c3c3c3c3c3c3c3c3c3c3c3c3c3c3c3c
       542  <<<<<<<<<<<<<<,<  3c3c3c3c3c3c3c3c3c3c3c3c3c3c2c3c
       539  <,<<<<<<<<<<<<<<  3c2c3c3c3c3c3c3c3c3c3c3c3c3c3c3c
       526  <<<<<<<<,<<<<<<<  3c3c3c3c3c3c3c3c2c3c3c3c3c3c3c3c
       520  <<,<<<<<<<<<<<<<  3c3c2c3c3c3c3c3c3c3c3c3c3c3c3c3c
       517  <<<<<<<<<<<<<,<<  3c3c3c3c3c3c3c3c3c3c3c3c3c2c3c3c
       515  <<<<<<<,<<<<<<<<  3c3c3c3c3c3c3c2c3c3c3c3c3c3c3c3c
       511  <<<<,<<<<<<<<<<<  3c3c3c3c2c3c3c3c3c3c3c3c3c3c3c3c
# epoch 21200  H=1.2477 C=1.2151 HO=0.0326  A(t)=1673
     21571  <<<<<<<<<<<<<<<<  3c3c3c3c3c3c3c3c3c3c3c3c3c3c3c3c
       630  ,,,,,,,,,,,,,,,,  2c2c2c2c2c2c2c2c2c2c2c2c2c2c2c2c
       553  <<<<<<<<<<<<<<<,  3c3c3c3c3c3c3c3c3c3c3c3c3c3c3c2c
       532  ,<<<<<<<<<<<<<<<  2c3c3c3c3c3c3c3c3c3c3c3c3c3c3c3c
       509  <<<<<<<<<<<<<<,<  3c3c3c3c3c3c3c3c3c3c3c3c3c3c2c3c
       492  <,<<<<<<<<<<<<<<  3c2c3c3c3c3c3c3c3c3c3c3c3c3c3c3c
       482  <<<<<<<<<<<<<,<<  3c3c3c3c3c3c3c3c3c3c3c3c3c2c3c3c
       472  <<,<<<<<<<<<<<<<  3c3c2c3c3c3c3c3c3c3c3c3c3c3c3c3c
       468  <<<<<<<<<<<<,<<<  3c3c3c3c3c3c3c3c3c3c3c3c2c3c3c3c
       458  <<<<<<<<<<<,<<<<  3c3c3c3c3c3c3c3c3c3c3c2c3c3c3c3c
# epoch 21250  H=1.4129 C=1.3457 HO=0.0672  A(t)=1674
     19590  <<<<<<<<<<<<<<<<  3c3c3c3c3c3c3c3c3c3c3c3c3c3c3c3c
       669  ,,,,,,,,,,,,,,,,  2c2c2c2c2c2c2c2c2c2c2c2c2c2c2c2c
       458  <<<<<<<<<<<<<<<,  3c3c3c3c3c3c3c3c3c3c3c3c3c3c3c2c
       443  ,<<<<<<<<<<<<<<<  2c3c3c3c3c3c3c3c3c3c3c3c3c3c3c3c
       429  <<<<<<<<<<<<<<,<  3c3c3c3c3c3c3c3c3c3c3c3c3c3c2c3c
       418  <,<<<<<<<<<<<<<<  3c2c3c3c3c3c3c3c3c3c3c3c3c3c3c3c
       413  <<<<<<<<<<<<<,<<  3c3c3c3c3c3c3c3c3c3c3c3c3c2c3c3c
       413  <<,<<<<<<<<<<<<<  3c3c2c3c3c3c3c3c3c3c3c3c3c3c3c3c
       406  <<<<<<<<<,<<<<<<  3c3c3c3c3c3c3c3c3c2c3c3c3c3c3c3c
       400  <<<,<<<<<<<<<<<<  3c3c3c2c3c3c3c3c3c3c3c3c3c3c3c3c
# epoch 21300  H=1.4243 C=1.3445 HO=0.0799  A(t)=1674
     18807  <<<<<<<<<<<<<<<<  3c3c3c3c3c3c3c3c3c3c3c3c3c3c3c3c
       841  ,,,,,,,,,,,,,,,,  2c2c2c2c2c2c2c2c2c2c2c2c2c2c2c2c
       475  <<<<<<<<<<<<<<<,  3c3c3c3c3c3c3c3c3c3c3c3c3c3c3c2c
       474  ,<<<<<<<<<<<<<<<  2c3c3c3c3c3c3c3c3c3c3c3c3c3c3c3c
       462  <,<<<<<<<<<<<<<<  3c2c3c3c3c3c3c3c3c3c3c3c3c3c3c3c
       449  <<<<<<<<<<<<<<,<  3c3c3c3c3c3c3c3c3c3c3c3c3c3c2c3c
       441  <<<<<<<<<<<<<,<<  3c3c3c3c3c3c3c3c3c3c3c3c3c2c3c3c
       437  <<,<<<<<<<<<<<<<  3c3c2c3c3c3c3c3c3c3c3c3c3c3c3c3c
       412  <<<<<<<<<<<<,<<<  3c3c3c3c3c3c3c3c3c3c3c3c2c3c3c3c
       407  <<<,<<<<<<<<<<<<  3c3c3c2c3c3c3c3c3c3c3c3c3c3c3c3c
# epoch 21350  H=1.4269 C=1.3574 HO=0.0695  A(t)=1675
     18704  <<<<<<<<<<<<<<<<  3c3c3c3c3c3c3c3c3c3c3c3c3c3c3c3c
       541  ,,,,,,,,,,,,,,,,  2c2c2c2c2c2c2c2c2c2c2c2c2c2c2c2c
       468  <<<<<<<<<<<<<<<,  3c3c3c3c3c3c3c3c3c3c3c3c3c3c3c2c
       447  <<<<<<<<<<<<<<,<  3c3c3c3c3c3c3c3c3c3c3c3c3c3c2c3c
       446  ,<<<<<<<<<<<<<<<  2c3c3c3c3c3c3c3c3c3c3c3c3c3c3c3c
       431  <<<<<<<<<<<<<,<<  3c3c3c3c3c3c3c3c3c3c3c3c3c2c3c3c
       425  <,<<<<<<<<<<<<<<  3c2c3c3c3c3c3c3c3c3c3c3c3c3c3c3c
       421  <<<<<<<<<<<<,<<<  3c3c3c3c3c3c3c3c3c3c3c3c2c3c3c3c
       415  <<<<<<<<<<,<<<<<  3c3c3c3c3c3c3c3c3c3c2c3c3c3c3c3c
       409  <<,<<<<<<<<<<<<<  3c3c2c3c3c3c3c3c3c3c3c3c3c3c3c3c
# epoch 21400  H=1.2664 C=1.2141 HO=0.0523  A(t)=1677
     22338  <<<<<<<<<<<<<<<<  3c3c3c3c3c3c3c3c3c3c3c3c3c3c3c3c
       673  ,,,,,,,,,,,,,,,,  2c2c2c2c2c2c2c2c2c2c2c2c2c2c2c2c
       473  <<<<<<<<<<<<<<<,  3c3c3c3c3c3c3c3c3c3c3c3c3c3c3c2c
       469  ,<<<<<<<<<<<<<<<  2c3c3c3c3c3c3c3c3c3c3c3c3c3c3c3c
       468  <<<<<<<<<<<<,<<<  3c3c3c3c3c3c3c3c3c3c3c3c2c3c3c3c
       467  <<<<<<<<<<<<<<,<  3c3c3c3c3c3c3c3c3c3c3c3c3c3c2c3c
       467  <<<,<<<<<<<<<<<<  3c3c3c2c3c3c3c3c3c3c3c3c3c3c3c3c
       465  <<<<<<,<<<<<<<<<  3c3c3c3c3c3c2c3c3c3c3c3c3c3c3c3c
       465  <<<<<,<<<<<<<<<<  3c3c3c3c3c2c3c3c3c3c3c3c3c3c3c3c
       464  <<<<,<<<<<<<<<<<  3c3c3c3c2c3c3c3c3c3c3c3c3c3c3c3c
# epoch 21450  H=1.2107 C=1.2075 HO=0.0032  A(t)=1677
     21700  <<<<<<<<<<<<<<<<  3c3c3c3c3c3c3c3c3c3c3c3c3c3c3c3c
       560  <<<<<<<<<<<<<<<,  3c3c3c3c3c3c3c3c3c3c3c3c3c3c3c2c
       549  <<<<<<<<<<<<<<,<  3c3c3c3c3c3c3c3c3c3c3c3c3c3c2c3c
       535  <<<<<<<<<<<<<,<<  3c3c3c3c3c3c3c3c3c3c3c3c3c2c3c3c
       532  ,<<<<<<<<<<<<<<<  2c3c3c3c3c3c3c3c3c3c3c3c3c3c3c3c
       525  <,<<<<<<<<<<<<<<  3c2c3c3c3c3c3c3c3c3c3c3c3c3c3c3c
       521  <<<,<<<<<<<<<<<<  3c3c3c2c3c3c3c3c3c3c3c3c3c3c3c3c
       521  <<,<<<<<<<<<<<<<  3c3c2c3c3c3c3c3c3c3c3c3c3c3c3c3c
       518  <<<<<<,<<<<<<<<<  3c3c3c3c3c3c2c3c3c3c3c3c3c3c3c3c
       516  <<<<<<<<<<,<<<<<  3c3c3c3c3c3c3c3c3c3c2c3c3c3c3c3c
# epoch 21500  H=1.2272 C=1.1920 HO=0.0352  A(t)=1681
     21503  <<<<<<<<<<<<<<<<  3c3c3c3c3c3c3c3c3c3c3c3c3c3c3c3c
       608  ,,,,,,,,,,,,,,,,  2c2c2c2c2c2c2c2c2c2c2c2c2c2c2c2c
       511  <<<<<<<<<<<<<<<,  3c3c3c3c3c3c3c3c3c3c3c3c3c3c3c2c
       499  <<<<<<<<<<<<<<,<  3c3c3c3c3c3c3c3c3c3c3c3c3c3c2c3c
       487  ,<<<<<<<<<<<<<<<  2c3c3c3c3c3c3c3c3c3c3c3c3c3c3c3c
       482  <<<<<<<<<<<<<,<<  3c3c3c3c3c3c3c3c3c3c3c3c3c2c3c3c
       480  <,<<<<<<<<<<<<<<  3c2c3c3c3c3c3c3c3c3c3c3c3c3c3c3c
       477  <<,<<<<<<<<<<<<<  3c3c2c3c3c3c3c3c3c3c3c3c3c3c3c3c
       474  <<<<<<<<<<<<,<<<  3c3c3c3c3c3c3c3c3c3c3c3c2c3c3c3c
       468  <<<,<<<<<<<<<<<<  3c3c3c2c3c3c3c3c3c3c3c3c3c3c3c3c
# epoch 21550  H=1.2159 C=1.1859 HO=0.0300  A(t)=1681
     20811  <<<<<<<<<<<<<<<<  3c3c3c3c3c3c3c3c3c3c3c3c3c3c3c3c
       939  ,,,,,,,,,,,,,,,,  2c2c2c2c2c2c2c2c2c2c2c2c2c2c2c2c
       501  <<<<<<<<<<<<<<<,  3c3c3c3c3c3c3c3c3c3c3c3c3c3c3c2c
       486  <<,<<<<<<<<<<<<<  3c3c2c3c3c3c3c3c3c3c3c3c3c3c3c3c
       484  ,<<<<<<<<<<<<<<<  2c3c3c3c3c3c3c3c3c3c3c3c3c3c3c3c
       483  <<<<<<<<<<<<<<,<  3c3c3c3c3c3c3c3c3c3c3c3c3c3c2c3c
       481  <<<<<<<<<<<<<,<<  3c3c3c3c3c3c3c3c3c3c3c3c3c2c3c3c
       476  <,<<<<<<<<<<<<<<  3c2c3c3c3c3c3c3c3c3c3c3c3c3c3c3c
       466  <<<<,<<<<<<<<<<<  3c3c3c3c2c3c3c3c3c3c3c3c3c3c3c3c
       464  <<<,<<<<<<<<<<<<  3c3c3c2c3c3c3c3c3c3c3c3c3c3c3c3c
# epoch 21600  H=1.2247 C=1.1969 HO=0.0278  A(t)=1681
     20919  <<<<<<<<<<<<<<<<  3c3c3c3c3c3c3c3c3c3c3c3c3c3c3c3c
       536  ,,,,,,,,,,,,,,,,  2c2c2c2c2c2c2c2c2c2c2c2c2c2c2c2c
       506  <<<<<<<<<<<<<<<,  3c3c3c3c3c3c3c3c3c3c3c3c3c3c3c2c
       481  <<<<<<<<<<<<<<,<  3c3c3c3c3c3c3c3c3c3c3c3c3c3c2c3c
       477  ,<<<<<<<<<<<<<<<  2c3c3c3c3c3c3c3c3c3c3c3c3c3c3c3c
       467  <<<<<<<<,<<<<<<<  3c3c3c3c3c3c3c3c2c3c3c3c3c3c3c3c
       463  <<<<<<<<<<<<<,<<  3c3c3c3c3c3c3c3c3c3c3c3c3c2c3c3c
       462  <<,<<<<<<<<<<<<<  3c3c2c3c3c3c3c3c3c3c3c3c3c3c3c3c
       460  <,<<<<<<<<<<<<<<  3c2c3c3c3c3c3c3c3c3c3c3c3c3c3c3c
       459  <<<<<<<,<<<<<<<<  3c3c3c3c3c3c3c2c3c3c3c3c3c3c3c3c
# epoch 21650  H=1.2640 C=1.1926 HO=0.0713  A(t)=1681
     19580  <<<<<<<<<<<<<<<<  3c3c3c3c3c3c3c3c3c3c3c3c3c3c3c3c
      1197  ,,,,,,,,,,,,,,,,  2c2c2c2c2c2c2c2c2c2c2c2c2c2c2c2c
       509  <<<<<<<<<<<<<<<,  3c3c3c3c3c3c3c3c3c3c3c3c3c3c3c2c
       502  <<<<<<<<<<<<<<,<  3c3c3c3c3c3c3c3c3c3c3c3c3c3c2c3c
       497  <,<<<<<<<<<<<<<<  3c2c3c3c3c3c3c3c3c3c3c3c3c3c3c3c
       484  <<<<<<<<<<<<<,<<  3c3c3c3c3c3c3c3c3c3c3c3c3c2c3c3c
       483  ,<<<<<<<<<<<<<<<  2c3c3c3c3c3c3c3c3c3c3c3c3c3c3c3c
       481  <<,<<<<<<<<<<<<<  3c3c2c3c3c3c3c3c3c3c3c3c3c3c3c3c
       477  <<<<,<<<<<<<<<<<  3c3c3c3c2c3c3c3c3c3c3c3c3c3c3c3c
       475  <<<<<<,<<<<<<<<<  3c3c3c3c3c3c2c3c3c3c3c3c3c3c3c3c
# epoch 21700  H=1.1323 C=1.1183 HO=0.0140  A(t)=1684
     21884  <<<<<<<<<<<<<<<<  3c3c3c3c3c3c3c3c3c3c3c3c3c3c3c3c
       750  ,,,,,,,,,,,,,,,,  2c2c2c2c2c2c2c2c2c2c2c2c2c2c2c2c
       546  <<<<<<<<<<<<<<<,  3c3c3c3c3c3c3c3c3c3c3c3c3c3c3c2c
       530  <<<<<<<<<<<<<<,<  3c3c3c3c3c3c3c3c3c3c3c3c3c3c2c3c
       529  ,<<<<<<<<<<<<<<<  2c3c3c3c3c3c3c3c3c3c3c3c3c3c3c3c
       508  <<<<<<<<<<<<<,<<  3c3c3c3c3c3c3c3c3c3c3c3c3c2c3c3c
       506  <<<<<<<<<<,<<<<<  3c3c3c3c3c3c3c3c3c3c2c3c3c3c3c3c
       506  <<<<<<<<,<<<<<<<  3c3c3c3c3c3c3c3c2c3c3c3c3c3c3c3c
       505  <<<<<,<<<<<<<<<<  3c3c3c3c3c2c3c3c3c3c3c3c3c3c3c3c
       505  <,<<<<<<<<<<<<<<  3c2c3c3c3c3c3c3c3c3c3c3c3c3c3c3c
# epoch 21750  H=1.0751 C=1.0474 HO=0.0277  A(t)=1685
     22391  <<<<<<<<<<<<<<<<  3c3c3c3c3c3c3c3c3c3c3c3c3c3c3c3c
      1068  ,,,,,,,,,,,,,,,,  2c2c2c2c2c2c2c2c2c2c2c2c2c2c2c2c
       545  <<<<<<<<<<<<<<<,  3c3c3c3c3c3c3c3c3c3c3c3c3c3c3c2c
       516  ,<<<<<<<<<<<<<<<  2c3c3c3c3c3c3c3c3c3c3c3c3c3c3c3c
       509  <<<<<<<<<<<<<<,<  3c3c3c3c3c3c3c3c3c3c3c3c3c3c2c3c
       503  <<<<<<<<,<<<<<<<  3c3c3c3c3c3c3c3c2c3c3c3c3c3c3c3c
       500  <,<<<<<<<<<<<<<<  3c2c3c3c3c3c3c3c3c3c3c3c3c3c3c3c
       498  <<<<<<<,<<<<<<<<  3c3c3c3c3c3c3c2c3c3c3c3c3c3c3c3c
       495  <<<<<<<<<<<<<,<<  3c3c3c3c3c3c3c3c3c3c3c3c3c2c3c3c
       495  <<<<<<<<<<,<<<<<  3c3c3c3c3c3c3c3c3c3c2c3c3c3c3c3c
# epoch 21800  H=1.0747 C=1.0507 HO=0.0240  A(t)=1686
     21876  <<<<<<<<<<<<<<<<  3c3c3c3c3c3c3c3c3c3c3c3c3c3c3c3c
       991  ,,,,,,,,,,,,,,,,  2c2c2c2c2c2c2c2c2c2c2c2c2c2c2c2c
       535  <<<<<<<<<<<<<<<,  3c3c3c3c3c3c3c3c3c3c3c3c3c3c3c2c
       513  ,<<<<<<<<<<<<<<<  2c3c3c3c3c3c3c3c3c3c3c3c3c3c3c3c
       508  <<<<<<<<<<<<<<,<  3c3c3c3c3c3c3c3c3c3c3c3c3c3c2c3c
       503  <,<<<<<<<<<<<<<<  3c2c3c3c3c3c3c3c3c3c3c3c3c3c3c3c
       492  <<<<<<<<<<<<<,<<  3c3c3c3c3c3c3c3c3c3c3c3c3c2c3c3c
       488  <<<<<<<<<<<<,<<<  3c3c3c3c3c3c3c3c3c3c3c3c2c3c3c3c
       476  <<,<<<<<<<<<<<<<  3c3c2c3c3c3c3c3c3c3c3c3c3c3c3c3c
       467  <<<<<<<<<<<,<<<<  3c3c3c3c3c3c3c3c3c3c3c2c3c3c3c3c
# epoch 21850  H=0.9591 C=1.0002 HO=-0.0412  A(t)=1686
     22089  <<<<<<<<<<<<<<<<  3c3c3c3c3c3c3c3c3c3c3c3c3c3c3c3c
       599  <<<<<<<<<<<<<<<,  3c3c3c3c3c3c3c3c3c3c3c3c3c3c3c2c
       581  <<<<<<<<<<<<<<,<  3c3c3c3c3c3c3c3c3c3c3c3c3c3c2c3c
       579  ,<<<<<<<<<<<<<<<  2c3c3c3c3c3c3c3c3c3c3c3c3c3c3c3c
       568  <,<<<<<<<<<<<<<<  3c2c3c3c3c3c3c3c3c3c3c3c3c3c3c3c
       553  <<<<<<<<<<<<<,<<  3c3c3c3c3c3c3c3c3c3c3c3c3c2c3c3c
       548  <<,<<<<<<<<<<<<<  3c3c2c3c3c3c3c3c3c3c3c3c3c3c3c3c
       542  <<<<<<<<<<<<,<<<  3c3c3c3c3c3c3c3c3c3c3c3c2c3c3c3c
       525  <<<,<<<<<<<<<<<<  3c3c3c2c3c3c3c3c3c3c3c3c3c3c3c3c
       521  <<<<<<<<<<<,<<<<  3c3c3c3c3c3c3c3c3c3c3c2c3c3c3c3c
# epoch 21900  H=1.0028 C=0.9940 HO=0.0088  A(t)=1686
     22273  <<<<<<<<<<<<<<<<  3c3c3c3c3c3c3c3c3c3c3c3c3c3c3c3c
      1048  ,,,,,,,,,,,,,,,,  2c2c2c2c2c2c2c2c2c2c2c2c2c2c2c2c
       584  <<<<<<<<<<<<<<<,  3c3c3c3c3c3c3c3c3c3c3c3c3c3c3c2c
       573  ,<<<<<<<<<<<<<<<  2c3c3c3c3c3c3c3c3c3c3c3c3c3c3c3c
       556  <<<<<<<<<<<<<<,<  3c3c3c3c3c3c3c3c3c3c3c3c3c3c2c3c
       538  <,<<<<<<<<<<<<<<  3c2c3c3c3c3c3c3c3c3c3c3c3c3c3c3c
       534  <<,<<<<<<<<<<<<<  3c3c2c3c3c3c3c3c3c3c3c3c3c3c3c3c
       533  <<<<<<<<<<<<<,<<  3c3c3c3c3c3c3c3c3c3c3c3c3c2c3c3c
       519  <<<<<<<<<<<<,<<<  3c3c3c3c3c3c3c3c3c3c3c3c2c3c3c3c
       516  <<<,<<<<<<<<<<<<  3c3c3c2c3c3c3c3c3c3c3c3c3c3c3c3c
# epoch 21950  H=0.9690 C=0.9990 HO=-0.0301  A(t)=1686
     22768  <<<<<<<<<<<<<<<<  3c3c3c3c3c3c3c3c3c3c3c3c3c3c3c3c
       646  ,<<<<<<<<<<<<<<<  2c3c3c3c3c3c3c3c3c3c3c3c3c3c3c3c
       644  <<<<<<<<<<<<<<<,  3c3c3c3c3c3c3c3c3c3c3c3c3c3c3c2c
       621  <,<<<<<<<<<<<<<<  3c2c3c3c3c3c3c3c3c3c3c3c3c3c3c3c
       619  <<<<<<<<<<<<<<,<  3c3c3c3c3c3c3c3c3c3c3c3c3c3c2c3c
       613  <<,<<<<<<<<<<<<<  3c3c2c3c3c3c3c3c3c3c3c3c3c3c3c3c
       610  <<<<<<,<<<<<<<<<  3c3c3c3c3c3c2c3c3c3c3c3c3c3c3c3c
       607  <<<<<<<<<<<<<,<<  3c3c3c3c3c3c3c3c3c3c3c3c3c2c3c3c
       605  <<<<<<<<,<<<<<<<  3c3c3c3c3c3c3c3c2c3c3c3c3c3c3c3c
       603  <<<<<<<,<<<<<<<<  3c3c3c3c3c3c3c2c3c3c3c3c3c3c3c3c
# epoch 22000  H=1.0366 C=1.0425 HO=-0.0059  A(t)=1686
     22988  <<<<<<<<<<<<<<<<  3c3c3c3c3c3c3c3c3c3c3c3c3c3c3c3c
       736  ,,,,,,,,,,,,,,,,  2c2c2c2c2c2c2c2c2c2c2c2c2c2c2c2c
       597  <<<<<<<<<<<<<<<,  3c3c3c3c3c3c3c3c3c3c3c3c3c3c3c2c
       586  ,<<<<<<<<<<<<<<<  2c3c3c3c3c3c3c3c3c3c3c3c3c3c3c3c
       571  <,<<<<<<<<<<<<<<  3c2c3c3c3c3c3c3c3c3c3c3c3c3c3c3c
       569  <<<<<<<<<<<<<<,<  3c3c3c3c3c3c3c3c3c3c3c3c3c3c2c3c
       557  <<<<,<<<<<<<<<<<  3c3c3c3c2c3c3c3c3c3c3c3c3c3c3c3c
       556  <<<<<<<<<<<<<,<<  3c3c3c3c3c3c3c3c3c3c3c3c3c2c3c3c
       554  <<,<<<<<<<<<<<<<  3c3c2c3c3c3c3c3c3c3c3c3c3c3c3c3c
       551  <<<,<<<<<<<<<<<<  3c3c3c2c3c3c3c3c3c3c3c3c3c3c3c3c
# epoch 22050  H=1.0865 C=1.0588 HO=0.0276  A(t)=1686
     23296  <<<<<<<<<<<<<<<<  3c3c3c3c3c3c3c3c3c3c3c3c3c3c3c3c
       668  ,,,,,,,,,,,,,,,,  2c2c2c2c2c2c2c2c2c2c2c2c2c2c2c2c
       561  <<<<<<<<<<<<<<<,  3c3c3c3c3c3c3c3c3c3c3c3c3c3c3c2c
       548  ,<<<<<<<<<<<<<<<  2c3c3c3c3c3c3c3c3c3c3c3c3c3c3c3c
       538  <<<<<,<<<<<<<<<<  3c3c3c3c3c2c3c3c3c3c3c3c3c3c3c3c
       537  <<<<,<<<<<<<<<<<  3c3c3c3c2c3c3c3c3c3c3c3c3c3c3c3c
       532  <<<<<<<,<<<<<<<<  3c3c3c3c3c3c3c2c3c3c3c3c3c3c3c3c
       531  <<,<<<<<<<<<<<<<  3c3c2c3c3c3c3c3c3c3c3c3c3c3c3c3c
       529  <,<<<<<<<<<<<<<<  3c2c3c3c3c3c3c3c3c3c3c3c3c3c3c3c
       528  <<<,<<<<<<<<<<<<  3c3c3c2c3c3c3c3c3c3c3c3c3c3c3c3c
# epoch 22100  H=1.1280 C=1.0823 HO=0.0457  A(t)=1686
     21226  <<<<<<<<<<<<<<<<  3c3c3c3c3c3c3c3c3c3c3c3c3c3c3c3c
       848  ,,,,,,,,,,,,,,,,  2c2c2c2c2c2c2c2c2c2c2c2c2c2c2c2c
       560  <<<<<<<<<<<<<<<,  3c3c3c3c3c3c3c3c3c3c3c3c3c3c3c2c
       549  ,<<<<<<<<<<<<<<<  2c3c3c3c3c3c3c3c3c3c3c3c3c3c3c3c
       542  <,<<<<<<<<<<<<<<  3c2c3c3c3c3c3c3c3c3c3c3c3c3c3c3c
       540  <<<<<<<<<<<<<<,<  3c3c3c3c3c3c3c3c3c3c3c3c3c3c2c3c
       523  <<,<<<<<<<<<<<<<  3c3c2c3c3c3c3c3c3c3c3c3c3c3c3c3c
       510  <<<<<,<<<<<<<<<<  3c3c3c3c3c2c3c3c3c3c3c3c3c3c3c3c
       508  <<<<<<<<<<<<<,<<  3c3c3c3c3c3c3c3c3c3c3c3c3c2c3c3c
       508  <<<<,<<<<<<<<<<<  3c3c3c3c2c3c3c3c3c3c3c3c3c3c3c3c
# epoch 22150  H=0.9904 C=0.9833 HO=0.0072  A(t)=1688
     22762  <<<<<<<<<<<<<<<<  3c3c3c3c3c3c3c3c3c3c3c3c3c3c3c3c
       575  <<<<<<<<<<<<<<<,  3c3c3c3c3c3c3c3c3c3c3c3c3c3c3c2c
       561  ,<<<<<<<<<<<<<<<  2c3c3c3c3c3c3c3c3c3c3c3c3c3c3c3c
       558  <<<<<<<<<<<<<<,<  3c3c3c3c3c3c3c3c3c3c3c3c3c3c2c3c
       548  <<<<<<<<<<<<<,<<  3c3c3c3c3c3c3c3c3c3c3c3c3c2c3c3c
       546  <<,<<<<<<<<<<<<<  3c3c2c3c3c3c3c3c3c3c3c3c3c3c3c3c
       545  <,<<<<<<<<<<<<<<  3c2c3c3c3c3c3c3c3c3c3c3c3c3c3c3c
       539  <<<<<<<,<<<<<<<<  3c3c3c3c3c3c3c2c3c3c3c3c3c3c3c3c
       535  <<<<,<<<<<<<<<<<  3c3c3c3c2c3c3c3c3c3c3c3c3c3c3c3c
       532  <<<<<<<<<,<<<<<<  3c3c3c3c3c3c3c3c3c2c3c3c3c3c3c3c
# epoch 22200  H=0.9834 C=0.9817 HO=0.0017  A(t)=1689
     24887  <<<<<<<<<<<<<<<<  3c3c3c3c3c3c3c3c3c3c3c3c3c3c3c3c
       688  ,,,,,,,,,,,,,,,,  2c2c2c2c2c2c2c2c2c2c2c2c2c2c2c2c
       573  <<<<<<<<<<<<<<<,  3c3c3c3c3c3c3c3c3c3c3c3c3c3c3c2c
       569  ,<<<<<<<<<<<<<<<  2c3c3c3c3c3c3c3c3c3c3c3c3c3c3c3c
       546  <,<<<<<<<<<<<<<<  3c2c3c3c3c3c3c3c3c3c3c3c3c3c3c3c
       541  <<<<<<<<<<<<<<,<  3c3c3c3c3c3c3c3c3c3c3c3c3c3c2c3c
       541  <<,<<<<<<<<<<<<<  3c3c2c3c3c3c3c3c3c3c3c3c3c3c3c3c
       536  <<<<,<<<<<<<<<<<  3c3c3c3c2c3c3c3c3c3c3c3c3c3c3c3c
       528  <<<<<,<<<<<<<<<<  3c3c3c3c3c2c3c3c3c3c3c3c3c3c3c3c
       526  <<<,<<<<<<<<<<<<  3c3c3c2c3c3c3c3c3c3c3c3c3c3c3c3c
# epoch 22250  H=1.0867 C=1.0690 HO=0.0177  A(t)=1693
     22178  <<<<<<<<<<<<<<<<  3c3c3c3c3c3c3c3c3c3c3c3c3c3c3c3c
       792  ,,,,,,,,,,,,,,,,  2c2c2c2c2c2c2c2c2c2c2c2c2c2c2c2c
       508  <<<<<<<<<<<<<<<,  3c3c3c3c3c3c3c3c3c3c3c3c3c3c3c2c
       493  <<<<<<<<<<<<<<,<  3c3c3c3c3c3c3c3c3c3c3c3c3c3c2c3c
       490  ,<<<<<<<<<<<<<<<  2c3c3c3c3c3c3c3c3c3c3c3c3c3c3c3c
       483  <<<<<<<<<<<<<,<<  3c3c3c3c3c3c3c3c3c3c3c3c3c2c3c3c
       480  <<,<<<<<<<<<<<<<  3c3c2c3c3c3c3c3c3c3c3c3c3c3c3c3c
       476  <,<<<<<<<<<<<<<<  3c2c3c3c3c3c3c3c3c3c3c3c3c3c3c3c
       475  <<<<,<<<<<<<<<<<  3c3c3c3c2c3c3c3c3c3c3c3c3c3c3c3c
       472  <<<,<<<<<<<<<<<<  3c3c3c2c3c3c3c3c3c3c3c3c3c3c3c3c
# epoch 22300  H=1.0343 C=1.0344 HO=-0.0002  A(t)=1693
     23702  <<<<<<<<<<<<<<<<  3c3c3c3c3c3c3c3c3c3c3c3c3c3c3c3c
       558  <<<<<<<<<<<<<<<,  3c3c3c3c3c3c3c3c3c3c3c3c3c3c3c2c
       540  ,<<<<<<<<<<<<<<<  2c3c3c3c3c3c3c3c3c3c3c3c3c3c3c3c
       534  <<<<<<<<<<<<<<,<  3c3c3c3c3c3c3c3c3c3c3c3c3c3c2c3c
       533  <<<<<<<,<<<<<<<<  3c3c3c3c3c3c3c2c3c3c3c3c3c3c3c3c
       527  <,<<<<<<<<<<<<<<  3c2c3c3c3c3c3c3c3c3c3c3c3c3c3c3c
       525  <<<<<,<<<<<<<<<<  3c3c3c3c3c2c3c3c3c3c3c3c3c3c3c3c
       524  <<<<<<,<<<<<<<<<  3c3c3c3c3c3c2c3c3c3c3c3c3c3c3c3c
       518  <<,<<<<<<<<<<<<<  3c3c2c3c3c3c3c3c3c3c3c3c3c3c3c3c
       517  <<<<<<<<,<<<<<<<  3c3c3c3c3c3c3c3c2c3c3c3c3c3c3c3c
# epoch 22350  H=1.0401 C=1.0046 HO=0.0354  A(t)=1693
     23559  <<<<<<<<<<<<<<<<  3c3c3c3c3c3c3c3c3c3c3c3c3c3c3c3c
       605  ,,,,,,,,,,,,,,,,  2c2c2c2c2c2c2c2c2c2c2c2c2c2c2c2c
       582  <<<<<<<<<<<<<<<,  3c3c3c3c3c3c3c3c3c3c3c3c3c3c3c2c
       565  ,<<<<<<<<<<<<<<<  2c3c3c3c3c3c3c3c3c3c3c3c3c3c3c3c
       538  <,<<<<<<<<<<<<<<  3c2c3c3c3c3c3c3c3c3c3c3c3c3c3c3c
       531  <<<<<<<<<<<<<<,<  3c3c3c3c3c3c3c3c3c3c3c3c3c3c2c3c
       526  <<,<<<<<<<<<<<<<  3c3c2c3c3c3c3c3c3c3c3c3c3c3c3c3c
       509  <<<<<<<,<<<<<<<<  3c3c3c3c3c3c3c2c3c3c3c3c3c3c3c3c
       506  <<<<<<<<<<<<<,<<  3c3c3c3c3c3c3c3c3c3c3c3c3c2c3c3c
       502  <<<<<<<<,<<<<<<<  3c3c3c3c3c3c3c3c2c3c3c3c3c3c3c3c
# epoch 22400  H=1.0761 C=1.0948 HO=-0.0187  A(t)=1693
     20663  <<<<<<<<<<<<<<<<  3c3c3c3c3c3c3c3c3c3c3c3c3c3c3c3c
       569  <<<<<<<<<<<<<<<,  3c3c3c3c3c3c3c3c3c3c3c3c3c3c3c2c
       558  <<<<<<<<<<<<<<,<  3c3c3c3c3c3c3c3c3c3c3c3c3c3c2c3c
       548  ,<<<<<<<<<<<<<<<  2c3c3c3c3c3c3c3c3c3c3c3c3c3c3c3c
       547  <<<<<<<<<<<<<,<<  3c3c3c3c3c3c3c3c3c3c3c3c3c2c3c3c
       541  <<<<<<<<<<<<,<<<  3c3c3c3c3c3c3c3c3c3c3c3c2c3c3c3c
       536  <<,<<<<<<<<<<<<<  3c3c2c3c3c3c3c3c3c3c3c3c3c3c3c3c
       534  <,<<<<<<<<<<<<<<  3c2c3c3c3c3c3c3c3c3c3c3c3c3c3c3c
       532  ,,,,,,,,,,,,,,,,  2c2c2c2c2c2c2c2c2c2c2c2c2c2c2c2c
       530  <<<<,<<<<<<<<<<<  3c3c3c3c2c3c3c3c3c3c3c3c3c3c3c3c
# epoch 22450  H=1.0816 C=1.0693 HO=0.0123  A(t)=1694
     20509  <<<<<<<<<<<<<<<<  3c3c3c3c3c3c3c3c3c3c3c3c3c3c3c3c
       749  ,,,,,,,,,,,,,,,,  2c2c2c2c2c2c2c2c2c2c2c2c2c2c2c2c
       557  <<<<<<<<<<<<<<<,  3c3c3c3c3c3c3c3c3c3c3c3c3c3c3c2c
       546  <<<<<<<<<<<<<<,<  3c3c3c3c3c3c3c3c3c3c3c3c3c3c2c3c
       544  <<,<<<<<<<<<<<<<  3c3c2c3c3c3c3c3c3c3c3c3c3c3c3c3c
       543  ,<<<<<<<<<<<<<<<  2c3c3c3c3c3c3c3c3c3c3c3c3c3c3c3c
       532  <<<<<<<<,<<<<<<<  3c3c3c3c3c3c3c3c2c3c3c3c3c3c3c3c
       532  <<<<<,<<<<<<<<<<  3c3c3c3c3c2c3c3c3c3c3c3c3c3c3c3c
       532  <,<<<<<<<<<<<<<<  3c2c3c3c3c3c3c3c3c3c3c3c3c3c3c3c
       531  <<<<<<<,<<<<<<<<  3c3c3c3c3c3c3c2c3c3c3c3c3c3c3c3c
# epoch 22500  H=0.9351 C=0.9583 HO=-0.0231  A(t)=1694
     23201  <<<<<<<<<<<<<<<<  3c3c3c3c3c3c3c3c3c3c3c3c3c3c3c3c
       661  ,,,,,,,,,,,,,,,,  2c2c2c2c2c2c2c2c2c2c2c2c2c2c2c2c
       546  <<<<<<<<<<<<<<<,  3c3c3c3c3c3c3c3c3c3c3c3c3c3c3c2c
       546  <<<<,<<<<<<<<<<<  3c3c3c3c2c3c3c3c3c3c3c3c3c3c3c3c
       545  <,<<<<<<<<<<<<<<  3c2c3c3c3c3c3c3c3c3c3c3c3c3c3c3c
       540  ,<<<<<<<<<<<<<<<  2c3c3c3c3c3c3c3c3c3c3c3c3c3c3c3c
       538  <<<<<<,<<<<<<<<<  3c3c3c3c3c3c2c3c3c3c3c3c3c3c3c3c
       535  <<<<<,<<<<<<<<<<  3c3c3c3c3c2c3c3c3c3c3c3c3c3c3c3c
       535  <<,<<<<<<<<<<<<<  3c3c2c3c3c3c3c3c3c3c3c3c3c3c3c3c
       531  <<<,<<<<<<<<<<<<  3c3c3c2c3c3c3c3c3c3c3c3c3c3c3c3c
# epoch 22550  H=0.8998 C=0.9341 HO=-0.0343  A(t)=1697
     24706  <<<<<<<<<<<<<<<<  3c3c3c3c3c3c3c3c3c3c3c3c3c3c3c3c
       626  <<<<<<<<<<<<<<<,  3c3c3c3c3c3c3c3c3c3c3c3c3c3c3c2c
       622  <<,<<<<<<<<<<<<<  3c3c2c3c3c3c3c3c3c3c3c3c3c3c3c3c
       619  <,<<<<<<<<<<<<<<  3c2c3c3c3c3c3c3c3c3c3c3c3c3c3c3c
       618  <<<<<<<<<<<<<<,<  3c3c3c3c3c3c3c3c3c3c3c3c3c3c2c3c
       615  <<<<<<<<<<<<,<<<  3c3c3c3c3c3c3c3c3c3c3c3c2c3c3c3c
       612  ,<<<<<<<<<<<<<<<  2c3c3c3c3c3c3c3c3c3c3c3c3c3c3c3c
       611  <<<,<<<<<<<<<<<<  3c3c3c2c3c3c3c3c3c3c3c3c3c3c3c3c
       609  <<<<<<<<<<<<<,<<  3c3c3c3c3c3c3c3c3c3c3c3c3c2c3c3c
       595  <<<<,<<<<<<<<<<<  3c3c3c3c2c3c3c3c3c3c3c3c3c3c3c3c
# epoch 22600  H=0.9656 C=0.9530 HO=0.0126  A(t)=1698
     24967  <<<<<<<<<<<<<<<<  3c3c3c3c3c3c3c3c3c3c3c3c3c3c3c3c
       578  ,,,,,,,,,,,,,,,,  2c2c2c2c2c2c2c2c2c2c2c2c2c2c2c2c
       536  <<<<<<<<<<<<<<<,  3c3c3c3c3c3c3c3c3c3c3c3c3c3c3c2c
       525  ,<<<<<<<<<<<<<<<  2c3c3c3c3c3c3c3c3c3c3c3c3c3c3c3c
       524  <<<<<<<<<<<<<<,<  3c3c3c3c3c3c3c3c3c3c3c3c3c3c2c3c
       523  <,<<<<<<<<<<<<<<  3c2c3c3c3c3c3c3c3c3c3c3c3c3c3c3c
       521  <<<<<<<<,<<<<<<<  3c3c3c3c3c3c3c3c2c3c3c3c3c3c3c3c
       520  <<,<<<<<<<<<<<<<  3c3c2c3c3c3c3c3c3c3c3c3c3c3c3c3c
       517  <<<,<<<<<<<<<<<<  3c3c3c2c3c3c3c3c3c3c3c3c3c3c3c3c
       515  <<<<<<<<<<<,<<<<  3c3c3c3c3c3c3c3c3c3c3c2c3c3c3c3c
# epoch 22650  H=0.9959 C=0.9611 HO=0.0348  A(t)=1698
     24460  <<<<<<<<<<<<<<<<  3c3c3c3c3c3c3c3c3c3c3c3c3c3c3c3c
       983  ,,,,,,,,,,,,,,,,  2c2c2c2c2c2c2c2c2c2c2c2c2c2c2c2c
       552  <<<<<<<<<<<<<<<,  3c3c3c3c3c3c3c3c3c3c3c3c3c3c3c2c
       522  ,<<<<<<<<<<<<<<<  2c3c3c3c3c3c3c3c3c3c3c3c3c3c3c3c
       520  <<<<<<<<<<<<<<,<  3c3c3c3c3c3c3c3c3c3c3c3c3c3c2c3c
       518  <<<<<<<<<<<<<,<<  3c3c3c3c3c3c3c3c3c3c3c3c3c2c3c3c
       510  <<,<<<<<<<<<<<<<  3c3c2c3c3c3c3c3c3c3c3c3c3c3c3c3c
       507  <,<<<<<<<<<<<<<<  3c2c3c3c3c3c3c3c3c3c3c3c3c3c3c3c
       506  <<<<<<<<<<<,<<<<  3c3c3c3c3c3c3c3c3c3c3c2c3c3c3c3c
       505  <<<<<<<<<<<<,<<<  3c3c3c3c3c3c3c3c3c3c3c3c2c3c3c3c
# epoch 22700  H=1.1118 C=1.0920 HO=0.0197  A(t)=1698
     23095  <<<<<<<<<<<<<<<<  3c3c3c3c3c3c3c3c3c3c3c3c3c3c3c3c
       504  ,,,,,,,,,,,,,,,,  2c2c2c2c2c2c2c2c2c2c2c2c2c2c2c2c
       499  <<<<<<<<<<<<<<<,  3c3c3c3c3c3c3c3c3c3c3c3c3c3c3c2c
       479  <<<<<,<<<<<<<<<<  3c3c3c3c3c2c3c3c3c3c3c3c3c3c3c3c
       478  <<<<<<<<<<<<<<,<  3c3c3c3c3c3c3c3c3c3c3c3c3c3c2c3c
       477  <<<<<<<<<<<,<<<<  3c3c3c3c3c3c3c3c3c3c3c2c3c3c3c3c
       475  <<<<,<<<<<<<<<<<  3c3c3c3c2c3c3c3c3c3c3c3c3c3c3c3c
       474  <<<<<<<<<<,<<<<<  3c3c3c3c3c3c3c3c3c3c2c3c3c3c3c3c
       473  ,<<<<<<<<<<<<<<<  2c3c3c3c3c3c3c3c3c3c3c3c3c3c3c3c
       472  <<<<<<<<<,<<<<<<  3c3c3c3c3c3c3c3c3c2c3c3c3c3c3c3c
# epoch 22750  H=1.2448 C=1.1937 HO=0.0511  A(t)=1698
     20932  <<<<<<<<<<<<<<<<  3c3c3c3c3c3c3c3c3c3c3c3c3c3c3c3c
       721  ,,,,,,,,,,,,,,,,  2c2c2c2c2c2c2c2c2c2c2c2c2c2c2c2c
       467  <<<<<<<<<<<<<<<,  3c3c3c3c3c3c3c3c3c3c3c3c3c3c3c2c
       443  <<<<<<<<<<<<<<,<  3c3c3c3c3c3c3c3c3c3c3c3c3c3c2c3c
       437  ,<<<<<<<<<<<<<<<  2c3c3c3c3c3c3c3c3c3c3c3c3c3c3c3c
       419  <<<<<,<<<<<<<<<<  3c3c3c3c3c2c3c3c3c3c3c3c3c3c3c3c
       418  <,<<<<<<<<<<<<<<  3c2c3c3c3c3c3c3c3c3c3c3c3c3c3c3c
       414  <<<<<<<<<<<<<,<<  3c3c3c3c3c3c3c3c3c3c3c3c3c2c3c3c
       414  <<<<<<,<<<<<<<<<  3c3c3c3c3c3c2c3c3c3c3c3c3c3c3c3c
       414  <<<,<<<<<<<<<<<<  3c3c3c2c3c3c3c3c3c3c3c3c3c3c3c3c
# epoch 22800  H=1.2241 C=1.1477 HO=0.0763  A(t)=1700
     22188  <<<<<<<<<<<<<<<<  3c3c3c3c3c3c3c3c3c3c3c3c3c3c3c3c
      1014  ,,,,,,,,,,,,,,,,  2c2c2c2c2c2c2c2c2c2c2c2c2c2c2c2c
       518  <<<<<<<<<<<<<<<,  3c3c3c3c3c3c3c3c3c3c3c3c3c3c3c2c
       496  <<<<<<<<<<<<<<,<  3c3c3c3c3c3c3c3c3c3c3c3c3c3c2c3c
       490  ,<<<<<<<<<<<<<<<  2c3c3c3c3c3c3c3c3c3c3c3c3c3c3c3c
       471  <<<<<<<<<<<<<,<<  3c3c3c3c3c3c3c3c3c3c3c3c3c2c3c3c
       466  <,<<<<<<<<<<<<<<  3c2c3c3c3c3c3c3c3c3c3c3c3c3c3c3c
       465  <<<<<<<<<<<<,<<<  3c3c3c3c3c3c3c3c3c3c3c3c2c3c3c3c
       454  <<<<<<<<<<,<<<<<  3c3c3c3c3c3c3c3c3c3c2c3c3c3c3c3c
       448  <<<<<<<<,<<<<<<<  3c3c3c3c3c3c3c3c2c3c3c3c3c3c3c3c
# epoch 22850  H=1.1655 C=1.1661 HO=-0.0006  A(t)=1700
     20347  <<<<<<<<<<<<<<<<  3c3c3c3c3c3c3c3c3c3c3c3c3c3c3c3c
       535  <<<<<<<<<<<<<<<,  3c3c3c3c3c3c3c3c3c3c3c3c3c3c3c2c
       527  ,<<<<<<<<<<<<<<<  2c3c3c3c3c3c3c3c3c3c3c3c3c3c3c3c
       522  <,<<<<<<<<<<<<<<  3c2c3c3c3c3c3c3c3c3c3c3c3c3c3c3c
       517  <<<<<<<<<<<<<<,<  3c3c3c3c3c3c3c3c3c3c3c3c3c3c2c3c
       512  <<,<<<<<<<<<<<<<  3c3c2c3c3c3c3c3c3c3c3c3c3c3c3c3c
       505  <<<<<<<<<<<<<,<<  3c3c3c3c3c3c3c3c3c3c3c3c3c2c3c3c
       502  <<<,<<<<<<<<<<<<  3c3c3c2c3c3c3c3c3c3c3c3c3c3c3c3c
       491  <<<<,<<<<<<<<<<<  3c3c3c3c2c3c3c3c3c3c3c3c3c3c3c3c
       487  <<<<<,<<<<<<<<<<  3c3c3c3c3c2c3c3c3c3c3c3c3c3c3c3c
# epoch 22900  H=1.1136 C=1.0734 HO=0.0402  A(t)=1700
     21912  <<<<<<<<<<<<<<<<  3c3c3c3c3c3c3c3c3c3c3c3c3c3c3c3c
       809  ,,,,,,,,,,,,,,,,  2c2c2c2c2c2c2c2c2c2c2c2c2c2c2c2c
       558  <<<<<<<<<<<<<<<,  3c3c3c3c3c3c3c3c3c3c3c3c3c3c3c2c
       544  <<<<<<<<<<<<<<,<  3c3c3c3c3c3c3c3c3c3c3c3c3c3c2c3c
       526  <,<<<<<<<<<<<<<<  3c2c3c3c3c3c3c3c3c3c3c3c3c3c3c3c
       526  ,<<<<<<<<<<<<<<<  2c3c3c3c3c3c3c3c3c3c3c3c3c3c3c3c
       517  <<,<<<<<<<<<<<<<  3c3c2c3c3c3c3c3c3c3c3c3c3c3c3c3c
       514  <<<<<<<<<<<<<,<<  3c3c3c3c3c3c3c3c3c3c3c3c3c2c3c3c
       502  <<<<,<<<<<<<<<<<  3c3c3c3c2c3c3c3c3c3c3c3c3c3c3c3c
       502  <<<,<<<<<<<<<<<<  3c3c3c2c3c3c3c3c3c3c3c3c3c3c3c3c
# epoch 22950  H=1.0718 C=1.0743 HO=-0.0025  A(t)=1700
     21781  <<<<<<<<<<<<<<<<  3c3c3c3c3c3c3c3c3c3c3c3c3c3c3c3c
       744  ,,,,,,,,,,,,,,,,  2c2c2c2c2c2c2c2c2c2c2c2c2c2c2c2c
       571  <<<<<<<<<<<<<<<,  3c3c3c3c3c3c3c3c3c3c3c3c3c3c3c2c
       565  <<<<<<<<<<<<<<,<  3c3c3c3c3c3c3c3c3c3c3c3c3c3c2c3c
       557  <<<<<<<<<<<<<,<<  3c3c3c3c3c3c3c3c3c3c3c3c3c2c3c3c
       541  <<<<<<<<<<<<,<<<  3c3c3c3c3c3c3c3c3c3c3c3c2c3c3c3c
       536  ,<<<<<<<<<<<<<<<  2c3c3c3c3c3c3c3c3c3c3c3c3c3c3c3c
       532  <<<<<,<<<<<<<<<<  3c3c3c3c3c2c3c3c3c3c3c3c3c3c3c3c
       526  <,<<<<<<<<<<<<<<  3c2c3c3c3c3c3c3c3c3c3c3c3c3c3c3c
       520  <<,<<<<<<<<<<<<<  3c3c2c3c3c3c3c3c3c3c3c3c3c3c3c3c
# epoch 23000  H=1.0873 C=1.0676 HO=0.0196  A(t)=1700
     22595  <<<<<<<<<<<<<<<<  3c3c3c3c3c3c3c3c3c3c3c3c3c3c3c3c
       537  <<<<<<<<<<<<<<<,  3c3c3c3c3c3c3c3c3c3c3c3c3c3c3c2c
       517  ,,,,,,,,,,,,,,,,  2c2c2c2c2c2c2c2c2c2c2c2c2c2c2c2c
       515  <<<<<<<<<<<<<<,<  3c3c3c3c3c3c3c3c3c3c3c3c3c3c2c3c
       512  <<<<<<<<<<<<<,<<  3c3c3c3c3c3c3c3c3c3c3c3c3c2c3c3c
       503  ,<<<<<<<<<<<<<<<  2c3c3c3c3c3c3c3c3c3c3c3c3c3c3c3c
       500  <<<<<<<<<<<<,<<<  3c3c3c3c3c3c3c3c3c3c3c3c2c3c3c3c
       493  <,<<<<<<<<<<<<<<  3c2c3c3c3c3c3c3c3c3c3c3c3c3c3c3c
       491  <<,<<<<<<<<<<<<<  3c3c2c3c3c3c3c3c3c3c3c3c3c3c3c3c
       481  <<<,<<<<<<<<<<<<  3c3c3c2c3c3c3c3c3c3c3c3c3c3c3c3c
# epoch 23050  H=1.0563 C=1.0482 HO=0.0081  A(t)=1706
     21973  <<<<<<<<<<<<<<<<  3c3c3c3c3c3c3c3c3c3c3c3c3c3c3c3c
       796  ,,,,,,,,,,,,,,,,  2c2c2c2c2c2c2c2c2c2c2c2c2c2c2c2c
       574  <<<<<<<<<<,<<<<<  3c3c3c3c3c3c3c3c3c3c2c3c3c3c3c3c
       563  <<<<<<<<<<<<<<<,  3c3c3c3c3c3c3c3c3c3c3c3c3c3c3c2c
       563  <<<<<<<<<<<<<,<<  3c3c3c3c3c3c3c3c3c3c3c3c3c2c3c3c
       561  <<<<<<<<<,<<<<<<  3c3c3c3c3c3c3c3c3c2c3c3c3c3c3c3c
       560  <<<<<<<<<<<,<<<<  3c3c3c3c3c3c3c3c3c3c3c2c3c3c3c3c
       556  <<<<<<<<<<<<,<<<  3c3c3c3c3c3c3c3c3c3c3c3c2c3c3c3c
       556  <<<<,<<<<<<<<<<<  3c3c3c3c2c3c3c3c3c3c3c3c3c3c3c3c
       553  <<<,<<<<<<<<<<<<  3c3c3c2c3c3c3c3c3c3c3c3c3c3c3c3c
# epoch 23100  H=1.0576 C=1.0553 HO=0.0023  A(t)=1707
     22185  <<<<<<<<<<<<<<<<  3c3c3c3c3c3c3c3c3c3c3c3c3c3c3c3c
      1028  ,,,,,,,,,,,,,,,,  2c2c2c2c2c2c2c2c2c2c2c2c2c2c2c2c
       563  <<<<<<<<<<<<<<<,  3c3c3c3c3c3c3c3c3c3c3c3c3c3c3c2c
       552  <<<<<<<<<<<<<<,<  3c3c3c3c3c3c3c3c3c3c3c3c3c3c2c3c
       541  ,<<<<<<<<<<<<<<<  2c3c3c3c3c3c3c3c3c3c3c3c3c3c3c3c
       536  <<<<<<<<<<<<,<<<  3c3c3c3c3c3c3c3c3c3c3c3c2c3c3c3c
       536  <<,<<<<<<<<<<<<<  3c3c2c3c3c3c3c3c3c3c3c3c3c3c3c3c
       533  <<<<<<<<<<<<<,<<  3c3c3c3c3c3c3c3c3c3c3c3c3c2c3c3c
       533  <,<<<<<<<<<<<<<<  3c2c3c3c3c3c3c3c3c3c3c3c3c3c3c3c
       529  <<<<<<<<,<<<<<<<  3c3c3c3c3c3c3c3c2c3c3c3c3c3c3c3c
# epoch 23150  H=1.1225 C=1.1088 HO=0.0137  A(t)=1709
     21529  <<<<<<<<<<<<<<<<  3c3c3c3c3c3c3c3c3c3c3c3c3c3c3c3c
       549  <<<<<<<<<<<<<<<,  3c3c3c3c3c3c3c3c3c3c3c3c3c3c3c2c
       535  ,<<<<<<<<<<<<<<<  2c3c3c3c3c3c3c3c3c3c3c3c3c3c3c3c
       528  <<<<<<<<<<<<<<,<  3c3c3c3c3c3c3c3c3c3c3c3c3c3c2c3c
       527  ,,,,,,,,,,,,,,,,  2c2c2c2c2c2c2c2c2c2c2c2c2c2c2c2c
       526  <,<<<<<<<<<<<<<<  3c2c3c3c3c3c3c3c3c3c3c3c3c3c3c3c
       518  <<,<<<<<<<<<<<<<  3c3c2c3c3c3c3c3c3c3c3c3c3c3c3c3c
       505  <<<<<<<<<<<<,<<<  3c3c3c3c3c3c3c3c3c3c3c3c2c3c3c3c
       505  <<<,<<<<<<<<<<<<  3c3c3c2c3c3c3c3c3c3c3c3c3c3c3c3c
       503  <<<<<<<<<<<<<,<<  3c3c3c3c3c3c3c3c3c3c3c3c3c2c3c3c
# epoch 23200  H=1.2132 C=1.1722 HO=0.0409  A(t)=1709
     20366  <<<<<<<<<<<<<<<<  3c3c3c3c3c3c3c3c3c3c3c3c3c3c3c3c
       621  ,,,,,,,,,,,,,,,,  2c2c2c2c2c2c2c2c2c2c2c2c2c2c2c2c
       521  <<<<<<<<<<<<<<<,  3c3c3c3c3c3c3c3c3c3c3c3c3c3c3c2c
       519  <<<<<<<<<<<<<<,<  3c3c3c3c3c3c3c3c3c3c3c3c3c3c2c3c
       517  ,<<<<<<<<<<<<<<<  2c3c3c3c3c3c3c3c3c3c3c3c3c3c3c3c
       516  <<<<,<<<<<<<<<<<  3c3c3c3c2c3c3c3c3c3c3c3c3c3c3c3c
       514  <<<<<<<,<<<<<<<<  3c3c3c3c3c3c3c2c3c3c3c3c3c3c3c3c
       512  <<<<<<,<<<<<<<<<  3c3c3c3c3c3c2c3c3c3c3c3c3c3c3c3c
       511  <,<<<<<<<<<<<<<<  3c2c3c3c3c3c3c3c3c3c3c3c3c3c3c3c
       506  <<<<<,<<<<<<<<<<  3c3c3c3c3c2c3c3c3c3c3c3c3c3c3c3c
# epoch 23250  H=1.1983 C=1.1381 HO=0.0602  A(t)=1717
     21340  <<<<<<<<<<<<<<<<  3c3c3c3c3c3c3c3c3c3c3c3c3c3c3c3c
      1009  ,,,,,,,,,,,,,,,,  2c2c2c2c2c2c2c2c2c2c2c2c2c2c2c2c
       541  <<<<<<<<<<<<<<<,  3c3c3c3c3c3c3c3c3c3c3c3c3c3c3c2c
       521  <<<<<<<<<<<<<<,<  3c3c3c3c3c3c3c3c3c3c3c3c3c3c2c3c
       516  ,<<<<<<<<<<<<<<<  2c3c3c3c3c3c3c3c3c3c3c3c3c3c3c3c
       504  <,<<<<<<<<<<<<<<  3c2c3c3c3c3c3c3c3c3c3c3c3c3c3c3c
       503  <<<<<<<<<<<<<,<<  3c3c3c3c3c3c3c3c3c3c3c3c3c2c3c3c
       503  <<,<<<<<<<<<<<<<  3c3c2c3c3c3c3c3c3c3c3c3c3c3c3c3c
       494  <<<<<<<<<<<<,<<<  3c3c3c3c3c3c3c3c3c3c3c3c2c3c3c3c
       493  <<<<<<<<<<<,<<<<  3c3c3c3c3c3c3c3c3c3c3c2c3c3c3c3c
# epoch 23300  H=1.1613 C=1.1123 HO=0.0490  A(t)=1717
     20641  <<<<<<<<<<<<<<<<  3c3c3c3c3c3c3c3c3c3c3c3c3c3c3c3c
      1107  ,,,,,,,,,,,,,,,,  2c2c2c2c2c2c2c2c2c2c2c2c2c2c2c2c
       551  <<<<<<<<<<<<<<<,  3c3c3c3c3c3c3c3c3c3c3c3c3c3c3c2c
       529  ,<<<<<<<<<<<<<<<  2c3c3c3c3c3c3c3c3c3c3c3c3c3c3c3c
       521  <<<<<<<<<<<<<,<<  3c3c3c3c3c3c3c3c3c3c3c3c3c2c3c3c
       519  <<<<<<<<<<<<<<,<  3c3c3c3c3c3c3c3c3c3c3c3c3c3c2c3c
       514  <<<<<<<<<<<<,<<<  3c3c3c3c3c3c3c3c3c3c3c3c2c3c3c3c
       501  <,<<<<<<<<<<<<<<  3c2c3c3c3c3c3c3c3c3c3c3c3c3c3c3c
       500  <<,<<<<<<<<<<<<<  3c3c2c3c3c3c3c3c3c3c3c3c3c3c3c3c
       498  <<<<<<<<<<<,<<<<  3c3c3c3c3c3c3c3c3c3c3c2c3c3c3c3c
# epoch 23350  H=1.0567 C=1.0983 HO=-0.0416  A(t)=1717
     21148  <<<<<<<<<<<<<<<<  3c3c3c3c3c3c3c3c3c3c3c3c3c3c3c3c
       542  <<<<<<<<<<<<<<<,  3c3c3c3c3c3c3c3c3c3c3c3c3c3c3c2c
       529  ,<<<<<<<<<<<<<<<  2c3c3c3c3c3c3c3c3c3c3c3c3c3c3c3c
       524  <<<<<<<<<<<<<<,<  3c3c3c3c3c3c3c3c3c3c3c3c3c3c2c3c
       512  <<<<<<<<<<<<<,<<  3c3c3c3c3c3c3c3c3c3c3c3c3c2c3c3c
       510  <<<<<<<<<<<<,<<<  3c3c3c3c3c3c3c3c3c3c3c3c2c3c3c3c
       509  <,<<<<<<<<<<<<<<  3c2c3c3c3c3c3c3c3c3c3c3c3c3c3c3c
       503  <<,<<<<<<<<<<<<<  3c3c2c3c3c3c3c3c3c3c3c3c3c3c3c3c
       500  <<<<<<<<<<<,<<<<  3c3c3c3c3c3c3c3c3c3c3c2c3c3c3c3c
       497  <<<<<,<<<<<<<<<<  3c3c3c3c3c2c3c3c3c3c3c3c3c3c3c3c
# epoch 23400  H=1.2161 C=1.1602 HO=0.0559  A(t)=1718
     20009  <<<<<<<<<<<<<<<<  3c3c3c3c3c3c3c3c3c3c3c3c3c3c3c3c
       923  ,,,,,,,,,,,,,,,,  2c2c2c2c2c2c2c2c2c2c2c2c2c2c2c2c
       537  <<<<<<<<<<<<<<<,  3c3c3c3c3c3c3c3c3c3c3c3c3c3c3c2c
       532  <<<<<<<<<<<<<<,<  3c3c3c3c3c3c3c3c3c3c3c3c3c3c2c3c
       523  <<<<<<<<<<<<<,<<  3c3c3c3c3c3c3c3c3c3c3c3c3c2c3c3c
       520  <<,<<<<<<<<<<<<<  3c3c2c3c3c3c3c3c3c3c3c3c3c3c3c3c
       516  <<<,<<<<<<<<<<<<  3c3c3c2c3c3c3c3c3c3c3c3c3c3c3c3c
       513  <,<<<<<<<<<<<<<<  3c2c3c3c3c3c3c3c3c3c3c3c3c3c3c3c
       512  <<<<<<<<<<<<,<<<  3c3c3c3c3c3c3c3c3c3c3c3c2c3c3c3c
       512  <<<<,<<<<<<<<<<<  3c3c3c3c2c3c3c3c3c3c3c3c3c3c3c3c
# epoch 23450  H=1.2422 C=1.1776 HO=0.0646  A(t)=1718
     20483  <<<<<<<<<<<<<<<<  3c3c3c3c3c3c3c3c3c3c3c3c3c3c3c3c
       794  ,,,,,,,,,,,,,,,,  2c2c2c2c2c2c2c2c2c2c2c2c2c2c2c2c
       521  <<<<<<<<<<<<<<<,  3c3c3c3c3c3c3c3c3c3c3c3c3c3c3c2c
       516  ,<<<<<<<<<<<<<<<  2c3c3c3c3c3c3c3c3c3c3c3c3c3c3c3c
       502  <<<<<<<<<<<<<<,<  3c3c3c3c3c3c3c3c3c3c3c3c3c3c2c3c
       491  <,<<<<<<<<<<<<<<  3c2c3c3c3c3c3c3c3c3c3c3c3c3c3c3c
       490  <<<<<<<<<<<<<,<<  3c3c3c3c3c3c3c3c3c3c3c3c3c2c3c3c
       478  <<,<<<<<<<<<<<<<  3c3c2c3c3c3c3c3c3c3c3c3c3c3c3c3c
       477  <<<,<<<<<<<<<<<<  3c3c3c2c3c3c3c3c3c3c3c3c3c3c3c3c
       470  <<<<<<<<<<<<,<<<  3c3c3c3c3c3c3c3c3c3c3c3c2c3c3c3c
# epoch 23500  H=1.1833 C=1.1893 HO=-0.0060  A(t)=1724
     20674  <<<<<<<<<<<<<<<<  3c3c3c3c3c3c3c3c3c3c3c3c3c3c3c3c
       497  <<<<<<<<<<<<<<<,  3c3c3c3c3c3c3c3c3c3c3c3c3c3c3c2c
       489  <,<<<<<<<<<<<<<<  3c2c3c3c3c3c3c3c3c3c3c3c3c3c3c3c
       488  ,<<<<<<<<<<<<<<<  2c3c3c3c3c3c3c3c3c3c3c3c3c3c3c3c
       484  <<<<,<<<<<<<<<<<  3c3c3c3c2c3c3c3c3c3c3c3c3c3c3c3c
       480  <<<<<<,<<<<<<<<<  3c3c3c3c3c3c2c3c3c3c3c3c3c3c3c3c
       478  <<,<<<<<<<<<<<<<  3c3c2c3c3c3c3c3c3c3c3c3c3c3c3c3c
       476  <<<<<<<<<<<<<<,<  3c3c3c3c3c3c3c3c3c3c3c3c3c3c2c3c
       473  <<<<<,<<<<<<<<<<  3c3c3c3c3c2c3c3c3c3c3c3c3c3c3c3c
       471  <<<<<<<,<<<<<<<<  3c3c3c3c3c3c3c2c3c3c3c3c3c3c3c3c
# epoch 23550  H=1.3255 C=1.2827 HO=0.0428  A(t)=1733
     19850  <<<<<<<<<<<<<<<<  3c3c3c3c3c3c3c3c3c3c3c3c3c3c3c3c
       571  ,,,,,,,,,,,,,,,,  2c2c2c2c2c2c2c2c2c2c2c2c2c2c2c2c
       454  <<<<<<<<<<<<<<<,  3c3c3c3c3c3c3c3c3c3c3c3c3c3c3c2c
       443  <<<<<<<<<<<,<<<<  3c3c3c3c3c3c3c3c3c3c3c2c3c3c3c3c
       441  <<<<<<<<<<<<,<<<  3c3c3c3c3c3c3c3c3c3c3c3c2c3c3c3c
       438  <<<<,<<<<<<<<<<<  3c3c3c3c2c3c3c3c3c3c3c3c3c3c3c3c
       430  ,<<<<<<<<<<<<<<<  2c3c3c3c3c3c3c3c3c3c3c3c3c3c3c3c
       427  <<<<<,<<<<<<<<<<  3c3c3c3c3c2c3c3c3c3c3c3c3c3c3c3c
       427  <<<,<<<<<<<<<<<<  3c3c3c2c3c3c3c3c3c3c3c3c3c3c3c3c
       426  <<<<<<<<<<<<<<,<  3c3c3c3c3c3c3c3c3c3c3c3c3c3c2c3c
# epoch 23600  H=1.4060 C=1.3376 HO=0.0684  A(t)=1739
     19115  <<<<<<<<<<<<<<<<  3c3c3c3c3c3c3c3c3c3c3c3c3c3c3c3c
       577  ,,,,,,,,,,,,,,,,  2c2c2c2c2c2c2c2c2c2c2c2c2c2c2c2c
       467  <<<<<<<<<<<<<<,<  3c3c3c3c3c3c3c3c3c3c3c3c3c3c2c3c
       463  <<<<<<<<<<<<<<<,  3c3c3c3c3c3c3c3c3c3c3c3c3c3c3c2c
       457  <<<<<<<<<<<<<,<<  3c3c3c3c3c3c3c3c3c3c3c3c3c2c3c3c
       455  ,<<<<<<<<<<<<<<<  2c3c3c3c3c3c3c3c3c3c3c3c3c3c3c3c
       450  <<<<<<<<<<,<<<<<  3c3c3c3c3c3c3c3c3c3c2c3c3c3c3c3c
       449  <,<<<<<<<<<<<<<<  3c2c3c3c3c3c3c3c3c3c3c3c3c3c3c3c
       448  <<,<<<<<<<<<<<<<  3c3c2c3c3c3c3c3c3c3c3c3c3c3c3c3c
       447  <<<<<<<<<,<<<<<<  3c3c3c3c3c3c3c3c3c2c3c3c3c3c3c3c
# epoch 23650  H=1.4802 C=1.3793 HO=0.1009  A(t)=1744
     19165  <<<<<<<<<<<<<<<<  3c3c3c3c3c3c3c3c3c3c3c3c3c3c3c3c
      1322  ,,,,,,,,,,,,,,,,  2c2c2c2c2c2c2c2c2c2c2c2c2c2c2c2c
       424  <<<<<<<<<<<<<<<,  3c3c3c3c3c3c3c3c3c3c3c3c3c3c3c2c
       410  <<<<<<<<<<<<<<,<  3c3c3c3c3c3c3c3c3c3c3c3c3c3c2c3c
       401  ,<<<<<<<<<<<<<<<  2c3c3c3c3c3c3c3c3c3c3c3c3c3c3c3c
       397  <<<<<<,<<<<<<<<<  3c3c3c3c3c3c2c3c3c3c3c3c3c3c3c3c
       396  <<<<<<<<<<<<<,<<  3c3c3c3c3c3c3c3c3c3c3c3c3c2c3c3c
       396  <<<<<<<<<,<<<<<<  3c3c3c3c3c3c3c3c3c2c3c3c3c3c3c3c
       396  <<<<<<<,<<<<<<<<  3c3c3c3c3c3c3c2c3c3c3c3c3c3c3c3c
       393  <<<<<<<<<<<<,<<<  3c3c3c3c3c3c3c3c3c3c3c3c2c3c3c3c
# epoch 23700  H=1.4525 C=1.4028 HO=0.0496  A(t)=1749
     18151  <<<<<<<<<<<<<<<<  3c3c3c3c3c3c3c3c3c3c3c3c3c3c3c3c
       508  ,,,,,,,,,,,,,,,,  2c2c2c2c2c2c2c2c2c2c2c2c2c2c2c2c
       466  <<<<<<<<<<<<<<,<  3c3c3c3c3c3c3c3c3c3c3c3c3c3c2c3c
       462  <<<<<,<<<<<<<<<<  3c3c3c3c3c2c3c3c3c3c3c3c3c3c3c3c
       461  <<<<<<<<<<<<<<<,  3c3c3c3c3c3c3c3c3c3c3c3c3c3c3c2c
       460  <<<<<<<<<,<<<<<<  3c3c3c3c3c3c3c3c3c2c3c3c3c3c3c3c
       459  <<<,<<<<<<<<<<<<  3c3c3c2c3c3c3c3c3c3c3c3c3c3c3c3c
       458  <<<<<<,<<<<<<<<<  3c3c3c3c3c3c2c3c3c3c3c3c3c3c3c3c
       458  <,<<<<<<<<<<<<<<  3c2c3c3c3c3c3c3c3c3c3c3c3c3c3c3c
       457  <<<<<<<<<<,<<<<<  3c3c3c3c3c3c3c3c3c3c2c3c3c3c3c3c
# epoch 23750  H=1.3926 C=1.3302 HO=0.0624  A(t)=1750
     19652  <<<<<<<<<<<<<<<<  3c3c3c3c3c3c3c3c3c3c3c3c3c3c3c3c
       711  ,,,,,,,,,,,,,,,,  2c2c2c2c2c2c2c2c2c2c2c2c2c2c2c2c
       475  <<<<<<<<<<<<<<<,  3c3c3c3c3c3c3c3c3c3c3c3c3c3c3c2c
       460  <<<<<<<<<<<<<<,<  3c3c3c3c3c3c3c3c3c3c3c3c3c3c2c3c
       456  ,<<<<<<<<<<<<<<<  2c3c3c3c3c3c3c3c3c3c3c3c3c3c3c3c
       438  <<<<<<<<<<<<<,<<  3c3c3c3c3c3c3c3c3c3c3c3c3c2c3c3c
       434  <<<<<<<<<<<<,<<<  3c3c3c3c3c3c3c3c3c3c3c3c2c3c3c3c
       431  <,<<<<<<<<<<<<<<  3c2c3c3c3c3c3c3c3c3c3c3c3c3c3c3c
       423  <<<<<<<<<<<,<<<<  3c3c3c3c3c3c3c3c3c3c3c2c3c3c3c3c
       422  <<<<,<<<<<<<<<<<  3c3c3c3c2c3c3c3c3c3c3c3c3c3c3c3c
# epoch 23800  H=1.3888 C=1.3201 HO=0.0688  A(t)=1752
     19400  <<<<<<<<<<<<<<<<  3c3c3c3c3c3c3c3c3c3c3c3c3c3c3c3c
       971  ,,,,,,,,,,,,,,,,  2c2c2c2c2c2c2c2c2c2c2c2c2c2c2c2c
       487  <<<<<<<<<<<<<<<,  3c3c3c3c3c3c3c3c3c3c3c3c3c3c3c2c
       475  ,<<<<<<<<<<<<<<<  2c3c3c3c3c3c3c3c3c3c3c3c3c3c3c3c
       474  <,<<<<<<<<<<<<<<  3c2c3c3c3c3c3c3c3c3c3c3c3c3c3c3c
       469  <<<<<<<<<<<<<<,<  3c3c3c3c3c3c3c3c3c3c3c3c3c3c2c3c
       467  <<,<<<<<<<<<<<<<  3c3c2c3c3c3c3c3c3c3c3c3c3c3c3c3c
       458  <<<,<<<<<<<<<<<<  3c3c3c2c3c3c3c3c3c3c3c3c3c3c3c3c
       457  <<<<<<<<<<<<<,<<  3c3c3c3c3c3c3c3c3c3c3c3c3c2c3c3c
       457  <<<<<<<<<<,<<<<<  3c3c3c3c3c3c3c3c3c3c2c3c3c3c3c3c
# epoch 23850  H=1.2538 C=1.2202 HO=0.0336  A(t)=1754
     20953  <<<<<<<<<<<<<<<<  3c3c3c3c3c3c3c3c3c3c3c3c3c3c3c3c
       730  ,,,,,,,,,,,,,,,,  2c2c2c2c2c2c2c2c2c2c2c2c2c2c2c2c
       534  <<<<<<<<<<<<<<<,  3c3c3c3c3c3c3c3c3c3c3c3c3c3c3c2c
       516  ,<<<<<<<<<<<<<<<  2c3c3c3c3c3c3c3c3c3c3c3c3c3c3c3c
       499  <<<<<<<<<<<<<<,<  3c3c3c3c3c3c3c3c3c3c3c3c3c3c2c3c
       498  <,<<<<<<<<<<<<<<  3c2c3c3c3c3c3c3c3c3c3c3c3c3c3c3c
       497  <<,<<<<<<<<<<<<<  3c3c2c3c3c3c3c3c3c3c3c3c3c3c3c3c
       493  <<<,<<<<<<<<<<<<  3c3c3c2c3c3c3c3c3c3c3c3c3c3c3c3c
       490  <<<<,<<<<<<<<<<<  3c3c3c3c2c3c3c3c3c3c3c3c3c3c3c3c
       489  <<<<<,<<<<<<<<<<  3c3c3c3c3c2c3c3c3c3c3c3c3c3c3c3c
# epoch 23900  H=1.2381 C=1.2030 HO=0.0351  A(t)=1754
     20901  <<<<<<<<<<<<<<<<  3c3c3c3c3c3c3c3c3c3c3c3c3c3c3c3c
       590  ,,,,,,,,,,,,,,,,  2c2c2c2c2c2c2c2c2c2c2c2c2c2c2c2c
       545  <<<<<<<<<<<<<<<,  3c3c3c3c3c3c3c3c3c3c3c3c3c3c3c2c
       534  ,<<<<<<<<<<<<<<<  2c3c3c3c3c3c3c3c3c3c3c3c3c3c3c3c
       520  <<<<<<<<<<<<<<,<  3c3c3c3c3c3c3c3c3c3c3c3c3c3c2c3c
       506  <<,<<<<<<<<<<<<<  3c3c2c3c3c3c3c3c3c3c3c3c3c3c3c3c
       504  <<<,<<<<<<<<<<<<  3c3c3c2c3c3c3c3c3c3c3c3c3c3c3c3c
       503  <,<<<<<<<<<<<<<<  3c2c3c3c3c3c3c3c3c3c3c3c3c3c3c3c
       496  <<<<,<<<<<<<<<<<  3c3c3c3c2c3c3c3c3c3c3c3c3c3c3c3c
       495  <<<<<<<<<<<<<,<<  3c3c3c3c3c3c3c3c3c3c3c3c3c2c3c3c
# epoch 23950  H=1.2171 C=1.1342 HO=0.0829  A(t)=1754
     22242  <<<<<<<<<<<<<<<<  3c3c3c3c3c3c3c3c3c3c3c3c3c3c3c3c
       749  ,,,,,,,,,,,,,,,,  2c2c2c2c2c2c2c2c2c2c2c2c2c2c2c2c
       461  <<<<<<<<<<<<<<<,  3c3c3c3c3c3c3c3c3c3c3c3c3c3c3c2c
       457  ,<<<<<<<<<<<<<<<  2c3c3c3c3c3c3c3c3c3c3c3c3c3c3c3c
       450  <<,<<<<<<<<<<<<<  3c3c2c3c3c3c3c3c3c3c3c3c3c3c3c3c
       443  <,<<<<<<<<<<<<<<  3c2c3c3c3c3c3c3c3c3c3c3c3c3c3c3c
       436  <<<,<<<<<<<<<<<<  3c3c3c2c3c3c3c3c3c3c3c3c3c3c3c3c
       424  <<<<<<<<<<<<<<,<  3c3c3c3c3c3c3c3c3c3c3c3c3c3c2c3c
       419  <<<<<<<<<<<<<,<<  3c3c3c3c3c3c3c3c3c3c3c3c3c2c3c3c
       418  <<<<<<<,<<<<<<<<  3c3c3c3c3c3c3c2c3c3c3c3c3c3c3c3c
# epoch 24000  H=1.1705 C=1.1465 HO=0.0240  A(t)=1760
     19869  <<<<<<<<<<<<<<<<  3c3c3c3c3c3c3c3c3c3c3c3c3c3c3c3c
       649  ,,,,,,,,,,,,,,,,  2c2c2c2c2c2c2c2c2c2c2c2c2c2c2c2c
       499  <<<<<<<<<<<<<<<,  3c3c3c3c3c3c3c3c3c3c3c3c3c3c3c2c
       495  ,<<<<<<<<<<<<<<<  2c3c3c3c3c3c3c3c3c3c3c3c3c3c3c3c
       477  <,<<<<<<<<<<<<<<  3c2c3c3c3c3c3c3c3c3c3c3c3c3c3c3c
       473  <<<,<<<<<<<<<<<<  3c3c3c2c3c3c3c3c3c3c3c3c3c3c3c3c
       470  <<,<<<<<<<<<<<<<  3c3c2c3c3c3c3c3c3c3c3c3c3c3c3c3c
       469  <<<<<<<<<<<<<<,<  3c3c3c3c3c3c3c3c3c3c3c3c3c3c2c3c
       463  <<<<,<<<<<<<<<<<  3c3c3c3c2c3c3c3c3c3c3c3c3c3c3c3c
       457  <<<<<<<<<<<<<,<<  3c3c3c3c3c3c3c3c3c3c3c3c3c2c3c3c
# epoch 24050  H=1.1487 C=1.1298 HO=0.0189  A(t)=1761
     22116  <<<<<<<<<<<<<<<<  3c3c3c3c3c3c3c3c3c3c3c3c3c3c3c3c
       529  <<<<<<<<<<<<<<<,  3c3c3c3c3c3c3c3c3c3c3c3c3c3c3c2c
       529  ,,,,,,,,,,,,,,,,  2c2c2c2c2c2c2c2c2c2c2c2c2c2c2c2c
       506  ,<<<<<<<<<<<<<<<  2c3c3c3c3c3c3c3c3c3c3c3c3c3c3c3c
       499  <<<<<<<<<<<<<<,<  3c3c3c3c3c3c3c3c3c3c3c3c3c3c2c3c
       488  <,<<<<<<<<<<<<<<  3c2c3c3c3c3c3c3c3c3c3c3c3c3c3c3c
       484  <<<<<<<<<<<<,<<<  3c3c3c3c3c3c3c3c3c3c3c3c2c3c3c3c
       482  <<<<<<<<<<<,<<<<  3c3c3c3c3c3c3c3c3c3c3c2c3c3c3c3c
       481  <<<<<<<<<<<<<,<<  3c3c3c3c3c3c3c3c3c3c3c3c3c2c3c3c
       479  <<<<<<<,<<<<<<<<  3c3c3c3c3c3c3c2c3c3c3c3c3c3c3c3c
# epoch 24100  H=1.0410 C=1.0638 HO=-0.0229  A(t)=1761
     23319  <<<<<<<<<<<<<<<<  3c3c3c3c3c3c3c3c3c3c3c3c3c3c3c3c
       558  ,,,,,,,,,,,,,,,,  2c2c2c2c2c2c2c2c2c2c2c2c2c2c2c2c
       535  <<<<<<<<<<<<<<<,  3c3c3c3c3c3c3c3c3c3c3c3c3c3c3c2c
       514  <<<<<<<<<<<<<<,<  3c3c3c3c3c3c3c3c3c3c3c3c3c3c2c3c
       507  ,<<<<<<<<<<<<<<<  2c3c3c3c3c3c3c3c3c3c3c3c3c3c3c3c
       498  <,<<<<<<<<<<<<<<  3c2c3c3c3c3c3c3c3c3c3c3c3c3c3c3c
       487  <<,<<<<<<<<<<<<<  3c3c2c3c3c3c3c3c3c3c3c3c3c3c3c3c
       485  <<<<<<<<<<<<<,<<  3c3c3c3c3c3c3c3c3c3c3c3c3c2c3c3c
       475  <<<,<<<<<<<<<<<<  3c3c3c2c3c3c3c3c3c3c3c3c3c3c3c3c
       470  <<<<<<<<<<<<,<<<  3c3c3c3c3c3c3c3c3c3c3c3c2c3c3c3c
# epoch 24150  H=1.0972 C=1.0905 HO=0.0067  A(t)=1765
     22940  <<<<<<<<<<<<<<<<  3c3c3c3c3c3c3c3c3c3c3c3c3c3c3c3c
       841  ,,,,,,,,,,,,,,,,  2c2c2c2c2c2c2c2c2c2c2c2c2c2c2c2c
       466  ,<<<<<<<<<<<<<<<  2c3c3c3c3c3c3c3c3c3c3c3c3c3c3c3c
       465  <<<<<<<<<<<<<<<,  3c3c3c3c3c3c3c3c3c3c3c3c3c3c3c2c
       454  <,<<<<<<<<<<<<<<  3c2c3c3c3c3c3c3c3c3c3c3c3c3c3c3c
       444  <<<<<<<<<<<<<<,<  3c3c3c3c3c3c3c3c3c3c3c3c3c3c2c3c
       442  <<<<<<<,<<<<<<<<  3c3c3c3c3c3c3c2c3c3c3c3c3c3c3c3c
       441  <<<<<,<<<<<<<<<<  3c3c3c3c3c2c3c3c3c3c3c3c3c3c3c3c
       439  <<<<,<<<<<<<<<<<  3c3c3c3c2c3c3c3c3c3c3c3c3c3c3c3c
       433  <<,<<<<<<<<<<<<<  3c3c2c3c3c3c3c3c3c3c3c3c3c3c3c3c
# epoch 24200  H=1.2434 C=1.1877 HO=0.0557  A(t)=1771
     20441  <<<<<<<<<<<<<<<<  3c3c3c3c3c3c3c3c3c3c3c3c3c3c3c3c
       657  ,,,,,,,,,,,,,,,,  2c2c2c2c2c2c2c2c2c2c2c2c2c2c2c2c
       516  <<<<<<<<<<<<<<<,  3c3c3c3c3c3c3c3c3c3c3c3c3c3c3c2c
       492  ,<<<<<<<<<<<<<<<  2c3c3c3c3c3c3c3c3c3c3c3c3c3c3c3c
       461  <<<<<<<<<<<<<<,<  3c3c3c3c3c3c3c3c3c3c3c3c3c3c2c3c
       457  <,<<<<<<<<<<<<<<  3c2c3c3c3c3c3c3c3c3c3c3c3c3c3c3c
       439  <<<,<<<<<<<<<<<<  3c3c3c2c3c3c3c3c3c3c3c3c3c3c3c3c
       436  <<,<<<<<<<<<<<<<  3c3c2c3c3c3c3c3c3c3c3c3c3c3c3c3c
       435  <<<<<<<<<<<<<,<<  3c3c3c3c3c3c3c3c3c3c3c3c3c2c3c3c
       434  <<<<<<<<<<<<,<<<  3c3c3c3c3c3c3c3c3c3c3c3c2c3c3c3c
# epoch 24250  H=1.2254 C=1.1876 HO=0.0377  A(t)=1772
     20435  <<<<<<<<<<<<<<<<  3c3c3c3c3c3c3c3c3c3c3c3c3c3c3c3c
       613  ,,,,,,,,,,,,,,,,  2c2c2c2c2c2c2c2c2c2c2c2c2c2c2c2c
       533  <<<<<<<<<<<<<<<,  3c3c3c3c3c3c3c3c3c3c3c3c3c3c3c2c
       515  <<<<<<<<<<<<<<,<  3c3c3c3c3c3c3c3c3c3c3c3c3c3c2c3c
       497  ,<<<<<<<<<<<<<<<  2c3c3c3c3c3c3c3c3c3c3c3c3c3c3c3c
       491  <<<<<<<<<<<<<,<<  3c3c3c3c3c3c3c3c3c3c3c3c3c2c3c3c
       488  <<<<<<<<<<<<,<<<  3c3c3c3c3c3c3c3c3c3c3c3c2c3c3c3c
       479  <,<<<<<<<<<<<<<<  3c2c3c3c3c3c3c3c3c3c3c3c3c3c3c3c
       476  <<<<<<<<<<<,<<<<  3c3c3c3c3c3c3c3c3c3c3c2c3c3c3c3c
       470  <<,<<<<<<<<<<<<<  3c3c2c3c3c3c3c3c3c3c3c3c3c3c3c3c
# epoch 24300  H=1.2328 C=1.2067 HO=0.0261  A(t)=1772
     22028  <<<<<<<<<<<<<<<<  3c3c3c3c3c3c3c3c3c3c3c3c3c3c3c3c
       512  <<<<<<<<<<<<<<<,  3c3c3c3c3c3c3c3c3c3c3c3c3c3c3c2c
       491  ,<<<<<<<<<<<<<<<  2c3c3c3c3c3c3c3c3c3c3c3c3c3c3c3c
       487  <<<<<<<<<<<<<<,<  3c3c3c3c3c3c3c3c3c3c3c3c3c3c2c3c
       476  <<<<<<<<<<<<<,<<  3c3c3c3c3c3c3c3c3c3c3c3c3c2c3c3c
       473  <<<<,<<<<<<<<<<<  3c3c3c3c2c3c3c3c3c3c3c3c3c3c3c3c
       472  <,<<<<<<<<<<<<<<  3c2c3c3c3c3c3c3c3c3c3c3c3c3c3c3c
       466  <<,<<<<<<<<<<<<<  3c3c2c3c3c3c3c3c3c3c3c3c3c3c3c3c
       463  <<<<<<<<<<<<,<<<  3c3c3c3c3c3c3c3c3c3c3c3c2c3c3c3c
       463  <<<<<,<<<<<<<<<<  3c3c3c3c3c2c3c3c3c3c3c3c3c3c3c3c
# epoch 24350  H=1.2285 C=1.1942 HO=0.0343  A(t)=1772
     22518  <<<<<<<<<<<<<<<<  3c3c3c3c3c3c3c3c3c3c3c3c3c3c3c3c
       510  <<<<<<<<<<<<<<<,  3c3c3c3c3c3c3c3c3c3c3c3c3c3c3c2c
       509  <<<<<<<<<<<<<<,<  3c3c3c3c3c3c3c3c3c3c3c3c3c3c2c3c
       493  <<,<<<<<<<<<<<<<  3c3c2c3c3c3c3c3c3c3c3c3c3c3c3c3c
       493  <,<<<<<<<<<<<<<<  3c2c3c3c3c3c3c3c3c3c3c3c3c3c3c3c
       486  <<<<<<<<<<<<<,<<  3c3c3c3c3c3c3c3c3c3c3c3c3c2c3c3c
       486  ,<<<<<<<<<<<<<<<  2c3c3c3c3c3c3c3c3c3c3c3c3c3c3c3c
       476  <<<,<<<<<<<<<<<<  3c3c3c2c3c3c3c3c3c3c3c3c3c3c3c3c
       468  <<<<<<<<<<<<,<<<  3c3c3c3c3c3c3c3c3c3c3c3c2c3c3c3c
       465  <<<<,<<<<<<<<<<<  3c3c3c3c2c3c3c3c3c3c3c3c3c3c3c3c
# epoch 24400  H=1.2972 C=1.2573 HO=0.0398  A(t)=1773
     19547  <<<<<<<<<<<<<<<<  3c3c3c3c3c3c3c3c3c3c3c3c3c3c3c3c
       520  <<<<<<<<<<<<<<<,  3c3c3c3c3c3c3c3c3c3c3c3c3c3c3c2c
       519  ,,,,,,,,,,,,,,,,  2c2c2c2c2c2c2c2c2c2c2c2c2c2c2c2c
       500  <<<<<<<<<<<<<<,<  3c3c3c3c3c3c3c3c3c3c3c3c3c3c2c3c
       499  <<<<<<<,<<<<<<<<  3c3c3c3c3c3c3c2c3c3c3c3c3c3c3c3c
       499  ,<<<<<<<<<<<<<<<  2c3c3c3c3c3c3c3c3c3c3c3c3c3c3c3c
       495  <<<<<<<<,<<<<<<<  3c3c3c3c3c3c3c3c2c3c3c3c3c3c3c3c
       492  <<<<<<<<<,<<<<<<  3c3c3c3c3c3c3c3c3c2c3c3c3c3c3c3c
       488  <<<<<<<<<<<<<,<<  3c3c3c3c3c3c3c3c3c3c3c3c3c2c3c3c
       488  <<<<<<<<<<<<,<<<  3c3c3c3c3c3c3c3c3c3c3c3c2c3c3c3c
# epoch 24450  H=1.2324 C=1.2104 HO=0.0220  A(t)=1780
     22920  <<<<<<<<<<<<<<<<  3c3c3c3c3c3c3c3c3c3c3c3c3c3c3c3c
       511  <<<<<<<<<<<<<<<,  3c3c3c3c3c3c3c3c3c3c3c3c3c3c3c2c
       490  ,<<<<<<<<<<<<<<<  2c3c3c3c3c3c3c3c3c3c3c3c3c3c3c3c
       485  <<<<<<<<<<<<<<,<  3c3c3c3c3c3c3c3c3c3c3c3c3c3c2c3c
       475  <,<<<<<<<<<<<<<<  3c2c3c3c3c3c3c3c3c3c3c3c3c3c3c3c
       460  <<<<<<<<<<<<<,<<  3c3c3c3c3c3c3c3c3c3c3c3c3c2c3c3c
       453  <<,<<<<<<<<<<<<<  3c3c2c3c3c3c3c3c3c3c3c3c3c3c3c3c
       443  <<<<<<<<<<<,<<<<  3c3c3c3c3c3c3c3c3c3c3c2c3c3c3c3c
       443  <<<<<<<<<,<<<<<<  3c3c3c3c3c3c3c3c3c2c3c3c3c3c3c3c
       442  <<<<<<<<<<<<,<<<  3c3c3c3c3c3c3c3c3c3c3c3c2c3c3c3c
# epoch 24500  H=1.2258 C=1.2085 HO=0.0173  A(t)=1780
     21348  <<<<<<<<<<<<<<<<  3c3c3c3c3c3c3c3c3c3c3c3c3c3c3c3c
       508  <<<<<<<<<<<<<<<,  3c3c3c3c3c3c3c3c3c3c3c3c3c3c3c2c
       494  ,<<<<<<<<<<<<<<<  2c3c3c3c3c3c3c3c3c3c3c3c3c3c3c3c
       486  <<<<<<<<<<<<<<,<  3c3c3c3c3c3c3c3c3c3c3c3c3c3c2c3c
       480  <<<<<<<<<<<<<,<<  3c3c3c3c3c3c3c3c3c3c3c3c3c2c3c3c
       476  <,<<<<<<<<<<<<<<  3c2c3c3c3c3c3c3c3c3c3c3c3c3c3c3c
       472  <<<<<<<<<<<<,<<<  3c3c3c3c3c3c3c3c3c3c3c3c2c3c3c3c
       462  <<<<<<<<<<<,<<<<  3c3c3c3c3c3c3c3c3c3c3c2c3c3c3c3c
       460  <<<<<<<<<<,<<<<<  3c3c3c3c3c3c3c3c3c3c2c3c3c3c3c3c
       459  <<,<<<<<<<<<<<<<  3c3c2c3c3c3c3c3c3c3c3c3c3c3c3c3c
# epoch 24550  H=1.2402 C=1.2258 HO=0.0144  A(t)=1780
     21283  <<<<<<<<<<<<<<<<  3c3c3c3c3c3c3c3c3c3c3c3c3c3c3c3c
       478  <<<<<<<<<<<<<<<,  3c3c3c3c3c3c3c3c3c3c3c3c3c3c3c2c
       471  ,<<<<<<<<<<<<<<<  2c3c3c3c3c3c3c3c3c3c3c3c3c3c3c3c
       465  <<<<<<<<<<<<<<,<  3c3c3c3c3c3c3c3c3c3c3c3c3c3c2c3c
       459  <<,<<<<<<<<<<<<<  3c3c2c3c3c3c3c3c3c3c3c3c3c3c3c3c
       459  <,<<<<<<<<<<<<<<  3c2c3c3c3c3c3c3c3c3c3c3c3c3c3c3c
       445  <<<<<<<<<<<<<,<<  3c3c3c3c3c3c3c3c3c3c3c3c3c2c3c3c
       438  <<<<<<<,<<<<<<<<  3c3c3c3c3c3c3c2c3c3c3c3c3c3c3c3c
       437  <<<<<,<<<<<<<<<<  3c3c3c3c3c2c3c3c3c3c3c3c3c3c3c3c
       434  <<<<,<<<<<<<<<<<  3c3c3c3c2c3c3c3c3c3c3c3c3c3c3c3c
# epoch 24600  H=1.2987 C=1.2314 HO=0.0673  A(t)=1780
     21421  <<<<<<<<<<<<<<<<  3c3c3c3c3c3c3c3c3c3c3c3c3c3c3c3c
       961  ,,,,,,,,,,,,,,,,  2c2c2c2c2c2c2c2c2c2c2c2c2c2c2c2c
       480  <<<<<<<<<<<<<<<,  3c3c3c3c3c3c3c3c3c3c3c3c3c3c3c2c
       453  <<<<<<<<<<<<<<,<  3c3c3c3c3c3c3c3c3c3c3c3c3c3c2c3c
       446  ,<<<<<<<<<<<<<<<  2c3c3c3c3c3c3c3c3c3c3c3c3c3c3c3c
       444  <<<<<<<<<<<<,<<<  3c3c3c3c3c3c3c3c3c3c3c3c2c3c3c3c
       441  <<<<<<<<<<<<<,<<  3c3c3c3c3c3c3c3c3c3c3c3c3c2c3c3c
       432  <<<<<<<<<<<,<<<<  3c3c3c3c3c3c3c3c3c3c3c2c3c3c3c3c
       427  <<<<<<<<<<,<<<<<  3c3c3c3c3c3c3c3c3c3c2c3c3c3c3c3c
       422  <<<<<,<<<<<<<<<<  3c3c3c3c3c2c3c3c3c3c3c3c3c3c3c3c
# epoch 24650  H=1.2593 C=1.2029 HO=0.0564  A(t)=1790
     22254  <<<<<<<<<<<<<<<<  3c3c3c3c3c3c3c3c3c3c3c3c3c3c3c3c
       885  ,,,,,,,,,,,,,,,,  2c2c2c2c2c2c2c2c2c2c2c2c2c2c2c2c
       466  <<<<<<<<<<<<<<<,  3c3c3c3c3c3c3c3c3c3c3c3c3c3c3c2c
       460  ,<<<<<<<<<<<<<<<  2c3c3c3c3c3c3c3c3c3c3c3c3c3c3c3c
       434  <<<<<,<<<<<<<<<<  3c3c3c3c3c2c3c3c3c3c3c3c3c3c3c3c
       434  <,<<<<<<<<<<<<<<  3c2c3c3c3c3c3c3c3c3c3c3c3c3c3c3c
       432  <<<<<<<,<<<<<<<<  3c3c3c3c3c3c3c2c3c3c3c3c3c3c3c3c
       429  <<<<<<<<,<<<<<<<  3c3c3c3c3c3c3c3c2c3c3c3c3c3c3c3c
       429  <<<<<<,<<<<<<<<<  3c3c3c3c3c3c2c3c3c3c3c3c3c3c3c3c
       427  <<,<<<<<<<<<<<<<  3c3c2c3c3c3c3c3c3c3c3c3c3c3c3c3c
# epoch 24700  H=1.2501 C=1.2209 HO=0.0291  A(t)=1790
     20897  <<<<<<<<<<<<<<<<  3c3c3c3c3c3c3c3c3c3c3c3c3c3c3c3c
       567  ,,,,,,,,,,,,,,,,  2c2c2c2c2c2c2c2c2c2c2c2c2c2c2c2c
       496  <<<<<<<<<<<<<<<,  3c3c3c3c3c3c3c3c3c3c3c3c3c3c3c2c
       489  ,<<<<<<<<<<<<<<<  2c3c3c3c3c3c3c3c3c3c3c3c3c3c3c3c
       478  <<<<<<<<<<<<<<,<  3c3c3c3c3c3c3c3c3c3c3c3c3c3c2c3c
       475  <,<<<<<<<<<<<<<<  3c2c3c3c3c3c3c3c3c3c3c3c3c3c3c3c
       472  <<<<<<<<<<<<<,<<  3c3c3c3c3c3c3c3c3c3c3c3c3c2c3c3c
       472  <<,<<<<<<<<<<<<<  3c3c2c3c3c3c3c3c3c3c3c3c3c3c3c3c
       467  <<<<<<<<<,<<<<<<  3c3c3c3c3c3c3c3c3c2c3c3c3c3c3c3c
       466  <<<<<<<<<<,<<<<<  3c3c3c3c3c3c3c3c3c3c2c3c3c3c3c3c
# epoch 24750  H=1.4486 C=1.3911 HO=0.0575  A(t)=1790
     17802  <<<<<<<<<<<<<<<<  3c3c3c3c3c3c3c3c3c3c3c3c3c3c3c3c
       803  ,,,,,,,,,,,,,,,,  2c2c2c2c2c2c2c2c2c2c2c2c2c2c2c2c
       436  <<<<<<<<<<<<<<<,  3c3c3c3c3c3c3c3c3c3c3c3c3c3c3c2c
       433  ,<<<<<<<<<<<<<<<  2c3c3c3c3c3c3c3c3c3c3c3c3c3c3c3c
       413  <<<<<<,<<<<<<<<<  3c3c3c3c3c3c2c3c3c3c3c3c3c3c3c3c
       410  <<<<<<<,<<<<<<<<  3c3c3c3c3c3c3c2c3c3c3c3c3c3c3c3c
       410  <,<<<<<<<<<<<<<<  3c2c3c3c3c3c3c3c3c3c3c3c3c3c3c3c
       409  <<<<<<<<<<<<<<,<  3c3c3c3c3c3c3c3c3c3c3c3c3c3c2c3c
       408  <<<<<<<<<<<<<,<<  3c3c3c3c3c3c3c3c3c3c3c3c3c2c3c3c
       407  <<,<<<<<<<<<<<<<  3c3c2c3c3c3c3c3c3c3c3c3c3c3c3c3c
# epoch 24800  H=1.3857 C=1.3329 HO=0.0528  A(t)=1790
     19041  <<<<<<<<<<<<<<<<  3c3c3c3c3c3c3c3c3c3c3c3c3c3c3c3c
       688  ,,,,,,,,,,,,,,,,  2c2c2c2c2c2c2c2c2c2c2c2c2c2c2c2c
       480  <<<<<<<<<<<<<<<,  3c3c3c3c3c3c3c3c3c3c3c3c3c3c3c2c
       477  <<<<<<<<<<<<<<,<  3c3c3c3c3c3c3c3c3c3c3c3c3c3c2c3c
       473  <<<<<<<<<<<<<,<<  3c3c3c3c3c3c3c3c3c3c3c3c3c2c3c3c
       473  ,<<<<<<<<<<<<<<<  2c3c3c3c3c3c3c3c3c3c3c3c3c3c3c3c
       470  <,<<<<<<<<<<<<<<  3c2c3c3c3c3c3c3c3c3c3c3c3c3c3c3c
       461  <<,<<<<<<<<<<<<<  3c3c2c3c3c3c3c3c3c3c3c3c3c3c3c3c
       454  <<<<<<<<<<<,<<<<  3c3c3c3c3c3c3c3c3c3c3c2c3c3c3c3c
       454  <<<<<<<<<<,<<<<<  3c3c3c3c3c3c3c3c3c3c2c3c3c3c3c3c
# epoch 24850  H=1.3063 C=1.2892 HO=0.0171  A(t)=1797
     19239  <<<<<<<<<<<<<<<<  3c3c3c3c3c3c3c3c3c3c3c3c3c3c3c3c
       756  ,,,,,,,,,,,,,,,,  2c2c2c2c2c2c2c2c2c2c2c2c2c2c2c2c
       502  <<<<<<<<<<<<<<<,  3c3c3c3c3c3c3c3c3c3c3c3c3c3c3c2c
       495  ,<<<<<<<<<<<<<<<  2c3c3c3c3c3c3c3c3c3c3c3c3c3c3c3c
       478  <<<<<<<<<<<<<<,<  3c3c3c3c3c3c3c3c3c3c3c3c3c3c2c3c
       473  <,<<<<<<<<<<<<<<  3c2c3c3c3c3c3c3c3c3c3c3c3c3c3c3c
       468  <<<<<<<<<<<<<,<<  3c3c3c3c3c3c3c3c3c3c3c3c3c2c3c3c
       466  <<,<<<<<<<<<<<<<  3c3c2c3c3c3c3c3c3c3c3c3c3c3c3c3c
       459  <<<<<<<<<<<<,<<<  3c3c3c3c3c3c3c3c3c3c3c3c2c3c3c3c
       457  <<<<<<<<<<,<<<<<  3c3c3c3c3c3c3c3c3c3c2c3c3c3c3c3c
# epoch 24900  H=1.3477 C=1.3312 HO=0.0165  A(t)=1797
     19493  <<<<<<<<<<<<<<<<  3c3c3c3c3c3c3c3c3c3c3c3c3c3c3c3c
       567  ,,,,,,,,,,,,,,,,  2c2c2c2c2c2c2c2c2c2c2c2c2c2c2c2c
       481  <<<<<<<<<<<<<<<,  3c3c3c3c3c3c3c3c3c3c3c3c3c3c3c2c
       476  ,<<<<<<<<<<<<<<<  2c3c3c3c3c3c3c3c3c3c3c3c3c3c3c3c
       475  <<<,<<<<<<<<<<<<  3c3c3c2c3c3c3c3c3c3c3c3c3c3c3c3c
       475  <,<<<<<<<<<<<<<<  3c2c3c3c3c3c3c3c3c3c3c3c3c3c3c3c
       466  <<,<<<<<<<<<<<<<  3c3c2c3c3c3c3c3c3c3c3c3c3c3c3c3c
       463  <<<<<<,<<<<<<<<<  3c3c3c3c3c3c2c3c3c3c3c3c3c3c3c3c
       461  <<<<<<<<<<<<<<,<  3c3c3c3c3c3c3c3c3c3c3c3c3c3c2c3c
       461  <<<<<<<,<<<<<<<<  3c3c3c3c3c3c3c2c3c3c3c3c3c3c3c3c
# epoch 24950  H=1.3700 C=1.3375 HO=0.0325  A(t)=1797
     19293  <<<<<<<<<<<<<<<<  3c3c3c3c3c3c3c3c3c3c3c3c3c3c3c3c
       624  ,,,,,,,,,,,,,,,,  2c2c2c2c2c2c2c2c2c2c2c2c2c2c2c2c
       499  <<<<<<<<<<<<<<<,  3c3c3c3c3c3c3c3c3c3c3c3c3c3c3c2c
       488  ,<<<<<<<<<<<<<<<  2c3c3c3c3c3c3c3c3c3c3c3c3c3c3c3c
       465  <<<<<<<<<<<<<<,<  3c3c3c3c3c3c3c3c3c3c3c3c3c3c2c3c
       459  <,<<<<<<<<<<<<<<  3c2c3c3c3c3c3c3c3c3c3c3c3c3c3c3c
       444  <<<<<<<<<<<<<,<<  3c3c3c3c3c3c3c3c3c3c3c3c3c2c3c3c
       443  <<,<<<<<<<<<<<<<  3c3c2c3c3c3c3c3c3c3c3c3c3c3c3c3c
       435  <<<<<<<,<<<<<<<<  3c3c3c3c3c3c3c2c3c3c3c3c3c3c3c3c
       434  <<<<<<<<,<<<<<<<  3c3c3c3c3c3c3c3c2c3c3c3c3c3c3c3c
# epoch 25000  H=1.4699 C=1.3998 HO=0.0702  A(t)=1798
     18596  <<<<<<<<<<<<<<<<  3c3c3c3c3c3c3c3c3c3c3c3c3c3c3c3c
       618  ,,,,,,,,,,,,,,,,  2c2c2c2c2c2c2c2c2c2c2c2c2c2c2c2c
       447  <<<<<<<<<<<<<<<,  3c3c3c3c3c3c3c3c3c3c3c3c3c3c3c2c
       437  <<<<<<<<<<<<<<,<  3c3c3c3c3c3c3c3c3c3c3c3c3c3c2c3c
       436  <,<<<<<<<<<<<<<<  3c2c3c3c3c3c3c3c3c3c3c3c3c3c3c3c
       432  <<,<<<<<<<<<<<<<  3c3c2c3c3c3c3c3c3c3c3c3c3c3c3c3c
       428  <<<,<<<<<<<<<<<<  3c3c3c2c3c3c3c3c3c3c3c3c3c3c3c3c
       426  <<<<<<<<,<<<<<<<  3c3c3c3c3c3c3c3c2c3c3c3c3c3c3c3c
       425  <<<<<<<,<<<<<<<<  3c3c3c3c3c3c3c2c3c3c3c3c3c3c3c3c
       422  ,<<<<<<<<<<<<<<<  2c3c3c3c3c3c3c3c3c3c3c3c3c3c3c3c
# epoch 25050  H=1.4494 C=1.3712 HO=0.0782  A(t)=1798
     20038  <<<<<<<<<<<<<<<<  3c3c3c3c3c3c3c3c3c3c3c3c3c3c3c3c
       777  ,,,,,,,,,,,,,,,,  2c2c2c2c2c2c2c2c2c2c2c2c2c2c2c2c
       460  <<<<<<<<<<<<<<<,  3c3c3c3c3c3c3c3c3c3c3c3c3c3c3c2c
       451  ,<<<<<<<<<<<<<<<  2c3c3c3c3c3c3c3c3c3c3c3c3c3c3c3c
       433  <<<<<<<<<<<<<,<<  3c3c3c3c3c3c3c3c3c3c3c3c3c2c3c3c
       432  <<<<<<<<<<<<<<,<  3c3c3c3c3c3c3c3c3c3c3c3c3c3c2c3c
       431  <,<<<<<<<<<<<<<<  3c2c3c3c3c3c3c3c3c3c3c3c3c3c3c3c
       430  <<,<<<<<<<<<<<<<  3c3c2c3c3c3c3c3c3c3c3c3c3c3c3c3c
       428  <<<<<<<<<<<<,<<<  3c3c3c3c3c3c3c3c3c3c3c3c2c3c3c3c
       427  <<<,<<<<<<<<<<<<  3c3c3c2c3c3c3c3c3c3c3c3c3c3c3c3c
# epoch 25100  H=1.4304 C=1.3483 HO=0.0822  A(t)=1818
     21417  <<<<<<<<<<<<<<<<  3c3c3c3c3c3c3c3c3c3c3c3c3c3c3c3c
       524  ,,,,,,,,,,,,,,,,  2c2c2c2c2c2c2c2c2c2c2c2c2c2c2c2c
       443  <<<<<<<<<<<<<<<,  3c3c3c3c3c3c3c3c3c3c3c3c3c3c3c2c
       426  ,<<<<<<<<<<<<<<<  2c3c3c3c3c3c3c3c3c3c3c3c3c3c3c3c
       423  <<<<<<<<<<<<<<,<  3c3c3c3c3c3c3c3c3c3c3c3c3c3c2c3c
       417  <,<<<<<<<<<<<<<<  3c2c3c3c3c3c3c3c3c3c3c3c3c3c3c3c
       416  <<<<<<<<<<<<<,<<  3c3c3c3c3c3c3c3c3c3c3c3c3c2c3c3c
       411  <<,<<<<<<<<<<<<<  3c3c2c3c3c3c3c3c3c3c3c3c3c3c3c3c
       405  <<<<,<<<<<<<<<<<  3c3c3c3c2c3c3c3c3c3c3c3c3c3c3c3c
       403  <<<<<<<<<<<<,<<<  3c3c3c3c3c3c3c3c3c3c3c3c2c3c3c3c
# epoch 25150  H=1.4164 C=1.3649 HO=0.0515  A(t)=1819
     19728  <<<<<<<<<<<<<<<<  3c3c3c3c3c3c3c3c3c3c3c3c3c3c3c3c
       463  ,,,,,,,,,,,,,,,,  2c2c2c2c2c2c2c2c2c2c2c2c2c2c2c2c
       457  <<<<<<<<<<<<<<<,  3c3c3c3c3c3c3c3c3c3c3c3c3c3c3c2c
       422  <<<<<<<<<<<<<<,<  3c3c3c3c3c3c3c3c3c3c3c3c3c3c2c3c
       422  ,<<<<<<<<<<<<<<<  2c3c3c3c3c3c3c3c3c3c3c3c3c3c3c3c
       405  <<<<<<<<<<,<<<<<  3c3c3c3c3c3c3c3c3c3c2c3c3c3c3c3c
       405  <<<<<<,<<<<<<<<<  3c3c3c3c3c3c2c3c3c3c3c3c3c3c3c3c
       404  <<<<<<<<<,<<<<<<  3c3c3c3c3c3c3c3c3c2c3c3c3c3c3c3c
       402  <<<<<<<,<<<<<<<<  3c3c3c3c3c3c3c2c3c3c3c3c3c3c3c3c
       402  <<<<<,<<<<<<<<<<  3c3c3c3c3c2c3c3c3c3c3c3c3c3c3c3c
# epoch 25200  H=1.5111 C=1.4296 HO=0.0816  A(t)=1819
     18237  <<<<<<<<<<<<<<<<  3c3c3c3c3c3c3c3c3c3c3c3c3c3c3c3c
       477  <<<<<<<<<<<<<<<,  3c3c3c3c3c3c3c3c3c3c3c3c3c3c3c2c
       466  <<<<<<<<<<<<<<,<  3c3c3c3c3c3c3c3c3c3c3c3c3c3c2c3c
       459  ,<<<<<<<<<<<<<<<  2c3c3c3c3c3c3c3c3c3c3c3c3c3c3c3c
       454  <<<<<<,<<<<<<<<<  3c3c3c3c3c3c2c3c3c3c3c3c3c3c3c3c
       449  <<<<<<<<<<<<<,<<  3c3c3c3c3c3c3c3c3c3c3c3c3c2c3c3c
       447  <<,<<<<<<<<<<<<<  3c3c2c3c3c3c3c3c3c3c3c3c3c3c3c3c
       447  <,<<<<<<<<<<<<<<  3c2c3c3c3c3c3c3c3c3c3c3c3c3c3c3c
       446  <<<,<<<<<<<<<<<<  3c3c3c2c3c3c3c3c3c3c3c3c3c3c3c3c
       445  <<<<<<<<<<<<,<<<  3c3c3c3c3c3c3c3c3c3c3c3c2c3c3c3c
# epoch 25250  H=1.4890 C=1.4105 HO=0.0785  A(t)=1819
     19177  <<<<<<<<<<<<<<<<  3c3c3c3c3c3c3c3c3c3c3c3c3c3c3c3c
       480  ,,,,,,,,,,,,,,,,  2c2c2c2c2c2c2c2c2c2c2c2c2c2c2c2c
       448  <<<<<<<<<<<<<<<,  3c3c3c3c3c3c3c3c3c3c3c3c3c3c3c2c
       440  <<<<<<<<<<<<<<,<  3c3c3c3c3c3c3c3c3c3c3c3c3c3c2c3c
       436  <<<<<<<<<<<<<,<<  3c3c3c3c3c3c3c3c3c3c3c3c3c2c3c3c
       434  ,<<<<<<<<<<<<<<<  2c3c3c3c3c3c3c3c3c3c3c3c3c3c3c3c
       430  <<<<<<<<<<<<,<<<  3c3c3c3c3c3c3c3c3c3c3c3c2c3c3c3c
       426  <,<<<<<<<<<<<<<<  3c2c3c3c3c3c3c3c3c3c3c3c3c3c3c3c
       412  <<<<<<<<<<<,<<<<  3c3c3c3c3c3c3c3c3c3c3c2c3c3c3c3c
       410  <<,<<<<<<<<<<<<<  3c3c2c3c3c3c3c3c3c3c3c3c3c3c3c3c
# epoch 25300  H=1.4583 C=1.3989 HO=0.0593  A(t)=1822
     18837  <<<<<<<<<<<<<<<<  3c3c3c3c3c3c3c3c3c3c3c3c3c3c3c3c
       478  ,,,,,,,,,,,,,,,,  2c2c2c2c2c2c2c2c2c2c2c2c2c2c2c2c
       459  <<<<<<<<<<<<<<<,  3c3c3c3c3c3c3c3c3c3c3c3c3c3c3c2c
       453  ,<<<<<<<<<<<<<<<  2c3c3c3c3c3c3c3c3c3c3c3c3c3c3c3c
       449  <,<<<<<<<<<<<<<<  3c2c3c3c3c3c3c3c3c3c3c3c3c3c3c3c
       444  <<<<<<<<<<<<<,<<  3c3c3c3c3c3c3c3c3c3c3c3c3c2c3c3c
       443  <<<<<<<<<<<<<<,<  3c3c3c3c3c3c3c3c3c3c3c3c3c3c2c3c
       443  <<<<<<<<<<,<<<<<  3c3c3c3c3c3c3c3c3c3c2c3c3c3c3c3c
       442  <<<<<<<<<,<<<<<<  3c3c3c3c3c3c3c3c3c2c3c3c3c3c3c3c
       441  <<,<<<<<<<<<<<<<  3c3c2c3c3c3c3c3c3c3c3c3c3c3c3c3c
# epoch 25350  H=1.4605 C=1.3700 HO=0.0905  A(t)=1823
     18839  <<<<<<<<<<<<<<<<  3c3c3c3c3c3c3c3c3c3c3c3c3c3c3c3c
       667  ,,,,,,,,,,,,,,,,  2c2c2c2c2c2c2c2c2c2c2c2c2c2c2c2c
       503  <<<<<<<<<<<<<<<,  3c3c3c3c3c3c3c3c3c3c3c3c3c3c3c2c
       482  ,<<<<<<<<<<<<<<<  2c3c3c3c3c3c3c3c3c3c3c3c3c3c3c3c
       465  <<<<<<<<<<<<<<,<  3c3c3c3c3c3c3c3c3c3c3c3c3c3c2c3c
       451  <,<<<<<<<<<<<<<<  3c2c3c3c3c3c3c3c3c3c3c3c3c3c3c3c
       449  <<<<<<<<<<<<<,<<  3c3c3c3c3c3c3c3c3c3c3c3c3c2c3c3c
       436  <<<<<<<<<<<<,<<<  3c3c3c3c3c3c3c3c3c3c3c3c2c3c3c3c
       429  <<,<<<<<<<<<<<<<  3c3c2c3c3c3c3c3c3c3c3c3c3c3c3c3c
       425  <<<<<<<<<<<,<<<<  3c3c3c3c3c3c3c3c3c3c3c2c3c3c3c3c
# epoch 25400  H=1.4365 C=1.3639 HO=0.0726  A(t)=1824
     19342  <<<<<<<<<<<<<<<<  3c3c3c3c3c3c3c3c3c3c3c3c3c3c3c3c
      1061  ,,,,,,,,,,,,,,,,  2c2c2c2c2c2c2c2c2c2c2c2c2c2c2c2c
       480  ,<<<<<<<<<<<<<<<  2c3c3c3c3c3c3c3c3c3c3c3c3c3c3c3c
       472  <<<<<<<<<<<<<<<,  3c3c3c3c3c3c3c3c3c3c3c3c3c3c3c2c
       458  <,<<<<<<<<<<<<<<  3c2c3c3c3c3c3c3c3c3c3c3c3c3c3c3c
       454  <<<<<<<<,<<<<<<<  3c3c3c3c3c3c3c3c2c3c3c3c3c3c3c3c
       448  <<<<<<<,<<<<<<<<  3c3c3c3c3c3c3c2c3c3c3c3c3c3c3c3c
       444  <<<<<<,<<<<<<<<<  3c3c3c3c3c3c2c3c3c3c3c3c3c3c3c3c
       443  <<<<<<<<<,<<<<<<  3c3c3c3c3c3c3c3c3c2c3c3c3c3c3c3c
       443  <<<<,<<<<<<<<<<<  3c3c3c3c2c3c3c3c3c3c3c3c3c3c3c3c
# epoch 25450  H=1.4725 C=1.3373 HO=0.1352  A(t)=1824
     18975  <<<<<<<<<<<<<<<<  3c3c3c3c3c3c3c3c3c3c3c3c3c3c3c3c
      1021  ,,,,,,,,,,,,,,,,  2c2c2c2c2c2c2c2c2c2c2c2c2c2c2c2c
       474  <<<<<<<<<<<<<<<,  3c3c3c3c3c3c3c3c3c3c3c3c3c3c3c2c
       459  ,<<<<<<<<<<<<<<<  2c3c3c3c3c3c3c3c3c3c3c3c3c3c3c3c
       448  <<<<<<<<<<<<<<,<  3c3c3c3c3c3c3c3c3c3c3c3c3c3c2c3c
       439  <<<<<<<<<<<<<,<<  3c3c3c3c3c3c3c3c3c3c3c3c3c2c3c3c
       435  <<<<<<<<<<<<,<<<  3c3c3c3c3c3c3c3c3c3c3c3c2c3c3c3c
       433  <,<<<<<<<<<<<<<<  3c2c3c3c3c3c3c3c3c3c3c3c3c3c3c3c
       432  <<<<<<<<<<<,<<<<  3c3c3c3c3c3c3c3c3c3c3c2c3c3c3c3c
       432  <<<<<<<<<,<<<<<<  3c3c3c3c3c3c3c3c3c2c3c3c3c3c3c3c
# epoch 25500  H=1.3229 C=1.2579 HO=0.0650  A(t)=1824
     20082  <<<<<<<<<<<<<<<<  3c3c3c3c3c3c3c3c3c3c3c3c3c3c3c3c
       546  <<<<<<<<<<<<<<<,  3c3c3c3c3c3c3c3c3c3c3c3c3c3c3c2c
       530  ,<<<<<<<<<<<<<<<  2c3c3c3c3c3c3c3c3c3c3c3c3c3c3c3c
       527  <<<<<<<<<<<<<<,<  3c3c3c3c3c3c3c3c3c3c3c3c3c3c2c3c
       517  <,<<<<<<<<<<<<<<  3c2c3c3c3c3c3c3c3c3c3c3c3c3c3c3c
       515  <<<<<<<<<<<<<,<<  3c3c3c3c3c3c3c3c3c3c3c3c3c2c3c3c
       514  <<<<<<<<<<<<,<<<  3c3c3c3c3c3c3c3c3c3c3c3c2c3c3c3c
       513  <<<<<<<<<<,<<<<<  3c3c3c3c3c3c3c3c3c3c2c3c3c3c3c3c
       510  <<<<<<<,<<<<<<<<  3c3c3c3c3c3c3c2c3c3c3c3c3c3c3c3c
       509  <<<<<<<<<,<<<<<<  3c3c3c3c3c3c3c3c3c2c3c3c3c3c3c3c
# epoch 25550  H=1.3446 C=1.2510 HO=0.0936  A(t)=1824
     19904  <<<<<<<<<<<<<<<<  3c3c3c3c3c3c3c3c3c3c3c3c3c3c3c3c
       771  ,,,,,,,,,,,,,,,,  2c2c2c2c2c2c2c2c2c2c2c2c2c2c2c2c
       531  <<<<<<<<<<<<<<<,  3c3c3c3c3c3c3c3c3c3c3c3c3c3c3c2c
       514  ,<<<<<<<<<<<<<<<  2c3c3c3c3c3c3c3c3c3c3c3c3c3c3c3c
       508  <<<<<<<<<<<<<<,<  3c3c3c3c3c3c3c3c3c3c3c3c3c3c2c3c
       485  <<<<<<<<<<<<<,<<  3c3c3c3c3c3c3c3c3c3c3c3c3c2c3c3c
       485  <,<<<<<<<<<<<<<<  3c2c3c3c3c3c3c3c3c3c3c3c3c3c3c3c
       471  <<<<<<<<<<<<,<<<  3c3c3c3c3c3c3c3c3c3c3c3c2c3c3c3c
       470  <<,<<<<<<<<<<<<<  3c3c2c3c3c3c3c3c3c3c3c3c3c3c3c3c
       465  <<<,<<<<<<<<<<<<  3c3c3c2c3c3c3c3c3c3c3c3c3c3c3c3c
# epoch 25600  H=1.3074 C=1.2257 HO=0.0817  A(t)=1824
     19335  <<<<<<<<<<<<<<<<  3c3c3c3c3c3c3c3c3c3c3c3c3c3c3c3c
       625  ,,,,,,,,,,,,,,,,  2c2c2c2c2c2c2c2c2c2c2c2c2c2c2c2c
       528  <<<<<<<<<<<<<<<,  3c3c3c3c3c3c3c3c3c3c3c3c3c3c3c2c
       510  <<<<<<<<<<<<<<,<  3c3c3c3c3c3c3c3c3c3c3c3c3c3c2c3c
       510  ,<<<<<<<<<<<<<<<  2c3c3c3c3c3c3c3c3c3c3c3c3c3c3c3c
       490  <,<<<<<<<<<<<<<<  3c2c3c3c3c3c3c3c3c3c3c3c3c3c3c3c
       485  <<<<<<<<<<<<<,<<  3c3c3c3c3c3c3c3c3c3c3c3c3c2c3c3c
       472  <<<<<<<<<<<<,<<<  3c3c3c3c3c3c3c3c3c3c3c3c2c3c3c3c
       467  <<<<<<<<<<,<<<<<  3c3c3c3c3c3c3c3c3c3c2c3c3c3c3c3c
       467  <<<<<<<<,<<<<<<<  3c3c3c3c3c3c3c3c2c3c3c3c3c3c3c3c
# epoch 25650  H=1.3386 C=1.2172 HO=0.1214  A(t)=1824
     18225  <<<<<<<<<<<<<<<<  3c3c3c3c3c3c3c3c3c3c3c3c3c3c3c3c
      1394  ,,,,,,,,,,,,,,,,  2c2c2c2c2c2c2c2c2c2c2c2c2c2c2c2c
       511  <<<<<<<<<<<<<<<,  3c3c3c3c3c3c3c3c3c3c3c3c3c3c3c2c
       506  ,<<<<<<<<<<<<<<<  2c3c3c3c3c3c3c3c3c3c3c3c3c3c3c3c
       498  <,<<<<<<<<<<<<<<  3c2c3c3c3c3c3c3c3c3c3c3c3c3c3c3c
       488  <<<<<,<<<<<<<<<<  3c3c3c3c3c2c3c3c3c3c3c3c3c3c3c3c
       485  <<<,<<<<<<<<<<<<  3c3c3c2c3c3c3c3c3c3c3c3c3c3c3c3c
       477  <<,<<<<<<<<<<<<<  3c3c2c3c3c3c3c3c3c3c3c3c3c3c3c3c
       474  <<<<<<,<<<<<<<<<  3c3c3c3c3c3c2c3c3c3c3c3c3c3c3c3c
       471  <<<<,<<<<<<<<<<<  3c3c3c3c2c3c3c3c3c3c3c3c3c3c3c3c
# epoch 25700  H=1.2841 C=1.1984 HO=0.0858  A(t)=1824
     18765  <<<<<<<<<<<<<<<<  3c3c3c3c3c3c3c3c3c3c3c3c3c3c3c3c
       594  ,,,,,,,,,,,,,,,,  2c2c2c2c2c2c2c2c2c2c2c2c2c2c2c2c
       556  ,<<<<<<<<<<<<<<<  2c3c3c3c3c3c3c3c3c3c3c3c3c3c3c3c
       555  <<<<<<<<<<<<<<<,  3c3c3c3c3c3c3c3c3c3c3c3c3c3c3c2c
       526  <<<<<<<<<<<<<<,<  3c3c3c3c3c3c3c3c3c3c3c3c3c3c2c3c
       526  <,<<<<<<<<<<<<<<  3c2c3c3c3c3c3c3c3c3c3c3c3c3c3c3c
       519  <<,<<<<<<<<<<<<<  3c3c2c3c3c3c3c3c3c3c3c3c3c3c3c3c
       510  <<<<,<<<<<<<<<<<  3c3c3c3c2c3c3c3c3c3c3c3c3c3c3c3c
       508  <<<,<<<<<<<<<<<<  3c3c3c2c3c3c3c3c3c3c3c3c3c3c3c3c
       502  <<<<<,<<<<<<<<<<  3c3c3c3c3c2c3c3c3c3c3c3c3c3c3c3c
# epoch 25750  H=1.1601 C=1.1077 HO=0.0524  A(t)=1825
     20857  <<<<<<<<<<<<<<<<  3c3c3c3c3c3c3c3c3c3c3c3c3c3c3c3c
       761  ,,,,,,,,,,,,,,,,  2c2c2c2c2c2c2c2c2c2c2c2c2c2c2c2c
       587  ,<<<<<<<<<<<<<<<  2c3c3c3c3c3c3c3c3c3c3c3c3c3c3c3c
       585  <<<<<<<<<<<<<<<,  3c3c3c3c3c3c3c3c3c3c3c3c3c3c3c2c
       562  <<<<<<<<<<<<<<,<  3c3c3c3c3c3c3c3c3c3c3c3c3c3c2c3c
       561  <,<<<<<<<<<<<<<<  3c2c3c3c3c3c3c3c3c3c3c3c3c3c3c3c
       552  <<,<<<<<<<<<<<<<  3c3c2c3c3c3c3c3c3c3c3c3c3c3c3c3c
       547  <<<<<<<<<<<<<,<<  3c3c3c3c3c3c3c3c3c3c3c3c3c2c3c3c
       542  <<<<<<<<<<<<,<<<  3c3c3c3c3c3c3c3c3c3c3c3c2c3c3c3c
       535  <<<<,<<<<<<<<<<<  3c3c3c3c2c3c3c3c3c3c3c3c3c3c3c3c
# epoch 25800  H=1.1930 C=1.1122 HO=0.0808  A(t)=1825
     21466  <<<<<<<<<<<<<<<<  3c3c3c3c3c3c3c3c3c3c3c3c3c3c3c3c
       743  ,,,,,,,,,,,,,,,,  2c2c2c2c2c2c2c2c2c2c2c2c2c2c2c2c
       544  <<<<<<<<<<<<<<<,  3c3c3c3c3c3c3c3c3c3c3c3c3c3c3c2c
       533  ,<<<<<<<<<<<<<<<  2c3c3c3c3c3c3c3c3c3c3c3c3c3c3c3c
       528  <<<<<<<<<<<<<<,<  3c3c3c3c3c3c3c3c3c3c3c3c3c3c2c3c
       522  <,<<<<<<<<<<<<<<  3c2c3c3c3c3c3c3c3c3c3c3c3c3c3c3c
       509  <<,<<<<<<<<<<<<<  3c3c2c3c3c3c3c3c3c3c3c3c3c3c3c3c
       504  <<<<<<<<<<<<<,<<  3c3c3c3c3c3c3c3c3c3c3c3c3c2c3c3c
       498  <<<<<<<<<<<<,<<<  3c3c3c3c3c3c3c3c3c3c3c3c2c3c3c3c
       493  <<<,<<<<<<<<<<<<  3c3c3c2c3c3c3c3c3c3c3c3c3c3c3c3c
# epoch 25850  H=1.2125 C=1.1234 HO=0.0891  A(t)=1832
     21653  <<<<<<<<<<<<<<<<  3c3c3c3c3c3c3c3c3c3c3c3c3c3c3c3c
       727  ,,,,,,,,,,,,,,,,  2c2c2c2c2c2c2c2c2c2c2c2c2c2c2c2c
       575  <<<<<<<<<<<<<<<,  3c3c3c3c3c3c3c3c3c3c3c3c3c3c3c2c
       563  ,<<<<<<<<<<<<<<<  2c3c3c3c3c3c3c3c3c3c3c3c3c3c3c3c
       546  <<<<<<<<<<<<<<,<  3c3c3c3c3c3c3c3c3c3c3c3c3c3c2c3c
       536  <<<,<<<<<<<<<<<<  3c3c3c2c3c3c3c3c3c3c3c3c3c3c3c3c
       536  <,<<<<<<<<<<<<<<  3c2c3c3c3c3c3c3c3c3c3c3c3c3c3c3c
       534  <<,<<<<<<<<<<<<<  3c3c2c3c3c3c3c3c3c3c3c3c3c3c3c3c
       532  <<<<<<<<<<<<,<<<  3c3c3c3c3c3c3c3c3c3c3c3c2c3c3c3c
       532  <<<<,<<<<<<<<<<<  3c3c3c3c2c3c3c3c3c3c3c3c3c3c3c3c
# epoch 25900  H=1.1255 C=1.0775 HO=0.0480  A(t)=1832
     22003  <<<<<<<<<<<<<<<<  3c3c3c3c3c3c3c3c3c3c3c3c3c3c3c3c
       615  <<<<<<<<<<<<<<<,  3c3c3c3c3c3c3c3c3c3c3c3c3c3c3c2c
       606  ,<<<<<<<<<<<<<<<  2c3c3c3c3c3c3c3c3c3c3c3c3c3c3c3c
       593  ,,,,,,,,,,,,,,,,  2c2c2c2c2c2c2c2c2c2c2c2c2c2c2c2c
       591  <<<<<<<<<<<<<<,<  3c3c3c3c3c3c3c3c3c3c3c3c3c3c2c3c
       585  <,<<<<<<<<<<<<<<  3c2c3c3c3c3c3c3c3c3c3c3c3c3c3c3c
       581  <<<<<<<<<<<<<,<<  3c3c3c3c3c3c3c3c3c3c3c3c3c2c3c3c
       579  <<,<<<<<<<<<<<<<  3c3c2c3c3c3c3c3c3c3c3c3c3c3c3c3c
       575  <<<<<<<<<<<<,<<<  3c3c3c3c3c3c3c3c3c3c3c3c2c3c3c3c
       568  <<<,<<<<<<<<<<<<  3c3c3c2c3c3c3c3c3c3c3c3c3c3c3c3c
# epoch 25950  H=1.1629 C=1.1047 HO=0.0582  A(t)=1832
     21951  <<<<<<<<<<<<<<<<  3c3c3c3c3c3c3c3c3c3c3c3c3c3c3c3c
       666  ,,,,,,,,,,,,,,,,  2c2c2c2c2c2c2c2c2c2c2c2c2c2c2c2c
       566  <<<<<<<<<<<<<<<,  3c3c3c3c3c3c3c3c3c3c3c3c3c3c3c2c
       550  <<<<<<<<<<<<<<,<  3c3c3c3c3c3c3c3c3c3c3c3c3c3c2c3c
       548  <<<<<<,<<<<<<<<<  3c3c3c3c3c3c2c3c3c3c3c3c3c3c3c3c
       547  ,<<<<<<<<<<<<<<<  2c3c3c3c3c3c3c3c3c3c3c3c3c3c3c3c
       546  <<<<<,<<<<<<<<<<  3c3c3c3c3c2c3c3c3c3c3c3c3c3c3c3c
       545  <<<<<<<<<<<<<,<<  3c3c3c3c3c3c3c3c3c3c3c3c3c2c3c3c
       545  <<<<<<<,<<<<<<<<  3c3c3c3c3c3c3c2c3c3c3c3c3c3c3c3c
       541  <<<<<<<<<<<<,<<<  3c3c3c3c3c3c3c3c3c3c3c3c2c3c3c3c
# epoch 26000  H=1.1651 C=1.0895 HO=0.0757  A(t)=1832
     22558  <<<<<<<<<<<<<<<<  3c3c3c3c3c3c3c3c3c3c3c3c3c3c3c3c
      1070  ,,,,,,,,,,,,,,,,  2c2c2c2c2c2c2c2c2c2c2c2c2c2c2c2c
       606  <<<<<<<<<<<<<<<,  3c3c3c3c3c3c3c3c3c3c3c3c3c3c3c2c
       588  ,<<<<<<<<<<<<<<<  2c3c3c3c3c3c3c3c3c3c3c3c3c3c3c3c
       568  <<<<<<<<<<<<<<,<  3c3c3c3c3c3c3c3c3c3c3c3c3c3c2c3c
       566  <<<<<<<<<<<<<,<<  3c3c3c3c3c3c3c3c3c3c3c3c3c2c3c3c
       564  <,<<<<<<<<<<<<<<  3c2c3c3c3c3c3c3c3c3c3c3c3c3c3c3c
       562  <<<<<<<<<<<<,<<<  3c3c3c3c3c3c3c3c3c3c3c3c2c3c3c3c
       556  <<<<<<<<<<,<<<<<  3c3c3c3c3c3c3c3c3c3c2c3c3c3c3c3c
       555  <<,<<<<<<<<<<<<<  3c3c2c3c3c3c3c3c3c3c3c3c3c3c3c3c
# epoch 26050  H=1.2407 C=1.1587 HO=0.0820  A(t)=1832
     22397  <<<<<<<<<<<<<<<<  3c3c3c3c3c3c3c3c3c3c3c3c3c3c3c3c
       905  ,,,,,,,,,,,,,,,,  2c2c2c2c2c2c2c2c2c2c2c2c2c2c2c2c
       504  <<<<<<<<<<<<<<<,  3c3c3c3c3c3c3c3c3c3c3c3c3c3c3c2c
       476  ,<<<<<<<<<<<<<<<  2c3c3c3c3c3c3c3c3c3c3c3c3c3c3c3c
       466  <<<<<<<<<<<<<<,<  3c3c3c3c3c3c3c3c3c3c3c3c3c3c2c3c
       462  <,<<<<<<<<<<<<<<  3c2c3c3c3c3c3c3c3c3c3c3c3c3c3c3c
       458  <<,<<<<<<<<<<<<<  3c3c2c3c3c3c3c3c3c3c3c3c3c3c3c3c
       455  <<<<<<<<<<<<<,<<  3c3c3c3c3c3c3c3c3c3c3c3c3c2c3c3c
       453  <<<<<<<<<<<<,<<<  3c3c3c3c3c3c3c3c3c3c3c3c2c3c3c3c
       453  <<<<,<<<<<<<<<<<  3c3c3c3c2c3c3c3c3c3c3c3c3c3c3c3c
# epoch 26100  H=1.2672 C=1.2133 HO=0.0539  A(t)=1832
     20656  <<<<<<<<<<<<<<<<  3c3c3c3c3c3c3c3c3c3c3c3c3c3c3c3c
       585  ,,,,,,,,,,,,,,,,  2c2c2c2c2c2c2c2c2c2c2c2c2c2c2c2c
       547  <<<<<<<<<<<<<<<,  3c3c3c3c3c3c3c3c3c3c3c3c3c3c3c2c
       539  ,<<<<<<<<<<<<<<<  2c3c3c3c3c3c3c3c3c3c3c3c3c3c3c3c
       530  <<<<<<<<<<<<<<,<  3c3c3c3c3c3c3c3c3c3c3c3c3c3c2c3c
       519  <,<<<<<<<<<<<<<<  3c2c3c3c3c3c3c3c3c3c3c3c3c3c3c3c
       512  <<<<<<<<<<<,<<<<  3c3c3c3c3c3c3c3c3c3c3c2c3c3c3c3c
       512  <<,<<<<<<<<<<<<<  3c3c2c3c3c3c3c3c3c3c3c3c3c3c3c3c
       511  <<<<<<<<<<<<,<<<  3c3c3c3c3c3c3c3c3c3c3c3c2c3c3c3c
       509  <<<<<<<<<<<<<,<<  3c3c3c3c3c3c3c3c3c3c3c3c3c2c3c3c
# epoch 26150  H=1.1924 C=1.1519 HO=0.0406  A(t)=1832
     22911  <<<<<<<<<<<<<<<<  3c3c3c3c3c3c3c3c3c3c3c3c3c3c3c3c
       662  ,,,,,,,,,,,,,,,,  2c2c2c2c2c2c2c2c2c2c2c2c2c2c2c2c
       553  <<<<<<<<<<<<<<<,  3c3c3c3c3c3c3c3c3c3c3c3c3c3c3c2c
       551  ,<<<<<<<<<<<<<<<  2c3c3c3c3c3c3c3c3c3c3c3c3c3c3c3c
       525  <,<<<<<<<<<<<<<<  3c2c3c3c3c3c3c3c3c3c3c3c3c3c3c3c
       520  <<<<<<<<<<<<<,<<  3c3c3c3c3c3c3c3c3c3c3c3c3c2c3c3c
       519  <<<<<<<<<<<<<<,<  3c3c3c3c3c3c3c3c3c3c3c3c3c3c2c3c
       513  <<<,<<<<<<<<<<<<  3c3c3c2c3c3c3c3c3c3c3c3c3c3c3c3c
       511  <<<<<<<<<<<<,<<<  3c3c3c3c3c3c3c3c3c3c3c3c2c3c3c3c
       508  <<,<<<<<<<<<<<<<  3c3c2c3c3c3c3c3c3c3c3c3c3c3c3c3c
# epoch 26200  H=1.2110 C=1.1843 HO=0.0267  A(t)=1832
     22033  <<<<<<<<<<<<<<<<  3c3c3c3c3c3c3c3c3c3c3c3c3c3c3c3c
       561  <<,<<<<<<<<<<<<<  3c3c2c3c3c3c3c3c3c3c3c3c3c3c3c3c
       556  <<<<<<<<<<<<<<<,  3c3c3c3c3c3c3c3c3c3c3c3c3c3c3c2c
       550  <<<<<<<<<<<<<<,<  3c3c3c3c3c3c3c3c3c3c3c3c3c3c2c3c
       548  <<<<<<<<<<<<<,<<  3c3c3c3c3c3c3c3c3c3c3c3c3c2c3c3c
       546  <,<<<<<<<<<<<<<<  3c2c3c3c3c3c3c3c3c3c3c3c3c3c3c3c
       543  ,<<<<<<<<<<<<<<<  2c3c3c3c3c3c3c3c3c3c3c3c3c3c3c3c
       538  <<<,<<<<<<<<<<<<  3c3c3c2c3c3c3c3c3c3c3c3c3c3c3c3c
       537  <<<<<,<<<<<<<<<<  3c3c3c3c3c2c3c3c3c3c3c3c3c3c3c3c
       535  <<<<<<<<<<<<,<<<  3c3c3c3c3c3c3c3c3c3c3c3c2c3c3c3c
# epoch 26250  H=1.2067 C=1.1261 HO=0.0806  A(t)=1832
     22699  <<<<<<<<<<<<<<<<  3c3c3c3c3c3c3c3c3c3c3c3c3c3c3c3c
       832  ,,,,,,,,,,,,,,,,  2c2c2c2c2c2c2c2c2c2c2c2c2c2c2c2c
       542  <<<<<<<<<<<<<<<,  3c3c3c3c3c3c3c3c3c3c3c3c3c3c3c2c
       538  <<<,<<<<<<<<<<<<  3c3c3c2c3c3c3c3c3c3c3c3c3c3c3c3c
       538  <<,<<<<<<<<<<<<<  3c3c2c3c3c3c3c3c3c3c3c3c3c3c3c3c
       536  <<<<<,<<<<<<<<<<  3c3c3c3c3c2c3c3c3c3c3c3c3c3c3c3c
       534  <<<<<<,<<<<<<<<<  3c3c3c3c3c3c2c3c3c3c3c3c3c3c3c3c
       533  <<<<,<<<<<<<<<<<  3c3c3c3c2c3c3c3c3c3c3c3c3c3c3c3c
       531  ,<<<<<<<<<<<<<<<  2c3c3c3c3c3c3c3c3c3c3c3c3c3c3c3c
       529  <,<<<<<<<<<<<<<<  3c2c3c3c3c3c3c3c3c3c3c3c3c3c3c3c
# epoch 26300  H=1.1425 C=1.1339 HO=0.0086  A(t)=1832
     22562  <<<<<<<<<<<<<<<<  3c3c3c3c3c3c3c3c3c3c3c3c3c3c3c3c
       547  <<<<<<<<<<<<<<<,  3c3c3c3c3c3c3c3c3c3c3c3c3c3c3c2c
       533  <<<<<<<<<<<<<<,<  3c3c3c3c3c3c3c3c3c3c3c3c3c3c2c3c
       533  ,<<<<<<<<<<<<<<<  2c3c3c3c3c3c3c3c3c3c3c3c3c3c3c3c
       528  <,<<<<<<<<<<<<<<  3c2c3c3c3c3c3c3c3c3c3c3c3c3c3c3c
       525  <<<<<<<<<,<<<<<<  3c3c3c3c3c3c3c3c3c2c3c3c3c3c3c3c
       524  <<<<<<<<<<<,<<<<  3c3c3c3c3c3c3c3c3c3c3c2c3c3c3c3c
       521  <<<<<<<<<<<<<,<<  3c3c3c3c3c3c3c3c3c3c3c3c3c2c3c3c
       520  <<<<<<<,<<<<<<<<  3c3c3c3c3c3c3c2c3c3c3c3c3c3c3c3c
       519  <<<<<<<<<<,<<<<<  3c3c3c3c3c3c3c3c3c3c2c3c3c3c3c3c
# epoch 26350  H=1.0894 C=1.0916 HO=-0.0021  A(t)=1832
     23318  <<<<<<<<<<<<<<<<  3c3c3c3c3c3c3c3c3c3c3c3c3c3c3c3c
       575  <<<<<<<<<<<<<<<,  3c3c3c3c3c3c3c3c3c3c3c3c3c3c3c2c
       554  ,<<<<<<<<<<<<<<<  2c3c3c3c3c3c3c3c3c3c3c3c3c3c3c3c
       538  <<<<<<<<<<<<<<,<  3c3c3c3c3c3c3c3c3c3c3c3c3c3c2c3c
       534  <,<<<<<<<<<<<<<<  3c2c3c3c3c3c3c3c3c3c3c3c3c3c3c3c
       528  <<<<<<<<<<<<<,<<  3c3c3c3c3c3c3c3c3c3c3c3c3c2c3c3c
       520  <<<<<<,<<<<<<<<<  3c3c3c3c3c3c2c3c3c3c3c3c3c3c3c3c
       520  <<,<<<<<<<<<<<<<  3c3c2c3c3c3c3c3c3c3c3c3c3c3c3c3c
       517  <<<<<<<<<<<<,<<<  3c3c3c3c3c3c3c3c3c3c3c3c2c3c3c3c
       516  <<<<<<<<<,<<<<<<  3c3c3c3c3c3c3c3c3c2c3c3c3c3c3c3c
# epoch 26400  H=1.1720 C=1.1311 HO=0.0409  A(t)=1832
     21643  <<<<<<<<<<<<<<<<  3c3c3c3c3c3c3c3c3c3c3c3c3c3c3c3c
       799  ,,,,,,,,,,,,,,,,  2c2c2c2c2c2c2c2c2c2c2c2c2c2c2c2c
       547  <<<<<<<<<<<<<<<,  3c3c3c3c3c3c3c3c3c3c3c3c3c3c3c2c
       535  ,<<<<<<<<<<<<<<<  2c3c3c3c3c3c3c3c3c3c3c3c3c3c3c3c
       532  <<<<<<<,<<<<<<<<  3c3c3c3c3c3c3c2c3c3c3c3c3c3c3c3c
       531  <<<<<<<<<,<<<<<<  3c3c3c3c3c3c3c3c3c2c3c3c3c3c3c3c
       526  <<<<<<,<<<<<<<<<  3c3c3c3c3c3c2c3c3c3c3c3c3c3c3c3c
       526  <<<,<<<<<<<<<<<<  3c3c3c2c3c3c3c3c3c3c3c3c3c3c3c3c
       524  <<<<<<<<,<<<<<<<  3c3c3c3c3c3c3c3c2c3c3c3c3c3c3c3c
       524  <<<<,<<<<<<<<<<<  3c3c3c3c2c3c3c3c3c3c3c3c3c3c3c3c
# epoch 26450  H=1.2157 C=1.1836 HO=0.0321  A(t)=1832
     20498  <<<<<<<<<<<<<<<<  3c3c3c3c3c3c3c3c3c3c3c3c3c3c3c3c
       705  ,,,,,,,,,,,,,,,,  2c2c2c2c2c2c2c2c2c2c2c2c2c2c2c2c
       534  <<<<<<<<<<<<<<<,  3c3c3c3c3c3c3c3c3c3c3c3c3c3c3c2c
       520  ,<<<<<<<<<<<<<<<  2c3c3c3c3c3c3c3c3c3c3c3c3c3c3c3c
       507  <<<<<<<<,<<<<<<<  3c3c3c3c3c3c3c3c2c3c3c3c3c3c3c3c
       500  <<<<<<<,<<<<<<<<  3c3c3c3c3c3c3c2c3c3c3c3c3c3c3c3c
       498  <<<<<<<<<<<<<<,<  3c3c3c3c3c3c3c3c3c3c3c3c3c3c2c3c
       498  <<<<<<<<<,<<<<<<  3c3c3c3c3c3c3c3c3c2c3c3c3c3c3c3c
       495  <<<<<,<<<<<<<<<<  3c3c3c3c3c2c3c3c3c3c3c3c3c3c3c3c
       492  <<<<,<<<<<<<<<<<  3c3c3c3c2c3c3c3c3c3c3c3c3c3c3c3c
# epoch 26500  H=1.1810 C=1.1691 HO=0.0119  A(t)=1833
     20839  <<<<<<<<<<<<<<<<  3c3c3c3c3c3c3c3c3c3c3c3c3c3c3c3c
       534  <<<<<<<<<<<<<<<,  3c3c3c3c3c3c3c3c3c3c3c3c3c3c3c2c
       518  ,<<<<<<<<<<<<<<<  2c3c3c3c3c3c3c3c3c3c3c3c3c3c3c3c
       502  <<<<<<<<<<<<<<,<  3c3c3c3c3c3c3c3c3c3c3c3c3c3c2c3c
       499  <,<<<<<<<<<<<<<<  3c2c3c3c3c3c3c3c3c3c3c3c3c3c3c3c
       498  ,,,,,,,,,,,,,,,,  2c2c2c2c2c2c2c2c2c2c2c2c2c2c2c2c
       484  <<,<<<<<<<<<<<<<  3c3c2c3c3c3c3c3c3c3c3c3c3c3c3c3c
       472  <<<,<<<<<<<<<<<<  3c3c3c2c3c3c3c3c3c3c3c3c3c3c3c3c
       463  <<<<<<<<<<<<,<<<  3c3c3c3c3c3c3c3c3c3c3c3c2c3c3c3c
       459  <<<<<<<<<<<<<,<<  3c3c3c3c3c3c3c3c3c3c3c3c3c2c3c3c
# epoch 26550  H=1.1071 C=1.1176 HO=-0.0104  A(t)=1835
     20467  <<<<<<<<<<<<<<<<  3c3c3c3c3c3c3c3c3c3c3c3c3c3c3c3c
       550  ,,,,,,,,,,,,,,,,  2c2c2c2c2c2c2c2c2c2c2c2c2c2c2c2c
       541  <<<<<<<<<<<<<<<,  3c3c3c3c3c3c3c3c3c3c3c3c3c3c3c2c
       539  ,<<<<<<<<<<<<<<<  2c3c3c3c3c3c3c3c3c3c3c3c3c3c3c3c
       521  <,<<<<<<<<<<<<<<  3c2c3c3c3c3c3c3c3c3c3c3c3c3c3c3c
       516  <<<<<<<<<<<<<<,<  3c3c3c3c3c3c3c3c3c3c3c3c3c3c2c3c
       504  <<<<<<<<,<<<<<<<  3c3c3c3c3c3c3c3c2c3c3c3c3c3c3c3c
       502  <<,<<<<<<<<<<<<<  3c3c2c3c3c3c3c3c3c3c3c3c3c3c3c3c
       499  <<<<<<<<<<<,<<<<  3c3c3c3c3c3c3c3c3c3c3c2c3c3c3c3c
       498  <<<<<<<,<<<<<<<<  3c3c3c3c3c3c3c2c3c3c3c3c3c3c3c3c
# epoch 26600  H=1.1196 C=1.1072 HO=0.0124  A(t)=1835
     21402  <<<<<<<<<<<<<<<<  3c3c3c3c3c3c3c3c3c3c3c3c3c3c3c3c
       523  <<<<<<<<<<<<<<<,  3c3c3c3c3c3c3c3c3c3c3c3c3c3c3c2c
       522  ,<<<<<<<<<<<<<<<  2c3c3c3c3c3c3c3c3c3c3c3c3c3c3c3c
       509  <<<<<<<<<<<<<<,<  3c3c3c3c3c3c3c3c3c3c3c3c3c3c2c3c
       504  <,<<<<<<<<<<<<<<  3c2c3c3c3c3c3c3c3c3c3c3c3c3c3c3c
       493  <<,<<<<<<<<<<<<<  3c3c2c3c3c3c3c3c3c3c3c3c3c3c3c3c
       491  <<<<<<<<<<<<<,<<  3c3c3c3c3c3c3c3c3c3c3c3c3c2c3c3c
       482  <<<<<<<<<<,<<<<<  3c3c3c3c3c3c3c3c3c3c2c3c3c3c3c3c
       482  <<<<<<<<<,<<<<<<  3c3c3c3c3c3c3c3c3c2c3c3c3c3c3c3c
       481  <<<<<<<<,<<<<<<<  3c3c3c3c3c3c3c3c2c3c3c3c3c3c3c3c
# epoch 26650  H=1.1630 C=1.1259 HO=0.0371  A(t)=1836
     22009  <<<<<<<<<<<<<<<<  3c3c3c3c3c3c3c3c3c3c3c3c3c3c3c3c
       616  ,,,,,,,,,,,,,,,,  2c2c2c2c2c2c2c2c2c2c2c2c2c2c2c2c
       522  <<<<<<<<<<<<<<<,  3c3c3c3c3c3c3c3c3c3c3c3c3c3c3c2c
       516  ,<<<<<<<<<<<<<<<  2c3c3c3c3c3c3c3c3c3c3c3c3c3c3c3c
       505  <<<<<<<<<<<<<<,<  3c3c3c3c3c3c3c3c3c3c3c3c3c3c2c3c
       500  <<<<<<<<<<<<<,<<  3c3c3c3c3c3c3c3c3c3c3c3c3c2c3c3c
       499  <<<<<<<<<<<<,<<<  3c3c3c3c3c3c3c3c3c3c3c3c2c3c3c3c
       494  <,<<<<<<<<<<<<<<  3c2c3c3c3c3c3c3c3c3c3c3c3c3c3c3c
       491  <<,<<<<<<<<<<<<<  3c3c2c3c3c3c3c3c3c3c3c3c3c3c3c3c
       485  <<<<<<<<<<<,<<<<  3c3c3c3c3c3c3c3c3c3c3c2c3c3c3c3c
# epoch 26700  H=1.1876 C=1.1829 HO=0.0047  A(t)=1837
     20258  <<<<<<<<<<<<<<<<  3c3c3c3c3c3c3c3c3c3c3c3c3c3c3c3c
       515  <<<<<<<<<<<<<<<,  3c3c3c3c3c3c3c3c3c3c3c3c3c3c3c2c
       496  <<<<<<<<<<<<<<,<  3c3c3c3c3c3c3c3c3c3c3c3c3c3c2c3c
       489  <<<<<<<<<<<<<,<<  3c3c3c3c3c3c3c3c3c3c3c3c3c2c3c3c
       489  ,<<<<<<<<<<<<<<<  2c3c3c3c3c3c3c3c3c3c3c3c3c3c3c3c
       479  <,<<<<<<<<<<<<<<  3c2c3c3c3c3c3c3c3c3c3c3c3c3c3c3c
       469  <<,<<<<<<<<<<<<<  3c3c2c3c3c3c3c3c3c3c3c3c3c3c3c3c
       461  <<<<<<<<<<<<,<<<  3c3c3c3c3c3c3c3c3c3c3c3c2c3c3c3c
       458  <<<,<<<<<<<<<<<<  3c3c3c2c3c3c3c3c3c3c3c3c3c3c3c3c
       451  <<<<<<<<<<,<<<<<  3c3c3c3c3c3c3c3c3c3c2c3c3c3c3c3c
# epoch 26750  H=1.2087 C=1.1282 HO=0.0805  A(t)=1842
     20979  <<<<<<<<<<<<<<<<  3c3c3c3c3c3c3c3c3c3c3c3c3c3c3c3c
      1083  ,,,,,,,,,,,,,,,,  2c2c2c2c2c2c2c2c2c2c2c2c2c2c2c2c
       475  <<<<<<<<<<<<<<<,  3c3c3c3c3c3c3c3c3c3c3c3c3c3c3c2c
       472  ,<<<<<<<<<<<<<<<  2c3c3c3c3c3c3c3c3c3c3c3c3c3c3c3c
       459  <,<<<<<<<<<<<<<<  3c2c3c3c3c3c3c3c3c3c3c3c3c3c3c3c
       454  <<,<<<<<<<<<<<<<  3c3c2c3c3c3c3c3c3c3c3c3c3c3c3c3c
       449  <<<<<<<<<<<<<<,<  3c3c3c3c3c3c3c3c3c3c3c3c3c3c2c3c
       447  <<<,<<<<<<<<<<<<  3c3c3c2c3c3c3c3c3c3c3c3c3c3c3c3c
       443  <<<<,<<<<<<<<<<<  3c3c3c3c2c3c3c3c3c3c3c3c3c3c3c3c
       442  <<<<<<<,<<<<<<<<  3c3c3c3c3c3c3c2c3c3c3c3c3c3c3c3c
# epoch 26800  H=1.0397 C=1.0243 HO=0.0154  A(t)=1843
     23215  <<<<<<<<<<<<<<<<  3c3c3c3c3c3c3c3c3c3c3c3c3c3c3c3c
       672  ,,,,,,,,,,,,,,,,  2c2c2c2c2c2c2c2c2c2c2c2c2c2c2c2c
       538  <<<<<<<<<<<<<<<,  3c3c3c3c3c3c3c3c3c3c3c3c3c3c3c2c
       528  <<<<<<<<<<<<<<,<  3c3c3c3c3c3c3c3c3c3c3c3c3c3c2c3c
       517  ,<<<<<<<<<<<<<<<  2c3c3c3c3c3c3c3c3c3c3c3c3c3c3c3c
       515  <<<<<<,<<<<<<<<<  3c3c3c3c3c3c2c3c3c3c3c3c3c3c3c3c
       513  <<<<<<<<<,<<<<<<  3c3c3c3c3c3c3c3c3c2c3c3c3c3c3c3c
       508  <,<<<<<<<<<<<<<<  3c2c3c3c3c3c3c3c3c3c3c3c3c3c3c3c
       507  <<<<<<<<,<<<<<<<  3c3c3c3c3c3c3c3c2c3c3c3c3c3c3c3c
       506  <<<<<,<<<<<<<<<<  3c3c3c3c3c2c3c3c3c3c3c3c3c3c3c3c
# epoch 26850  H=1.0639 C=1.0442 HO=0.0197  A(t)=1843
     22412  <<<<<<<<<<<<<<<<  3c3c3c3c3c3c3c3c3c3c3c3c3c3c3c3c
       698  ,,,,,,,,,,,,,,,,  2c2c2c2c2c2c2c2c2c2c2c2c2c2c2c2c
       574  <<<<<<<<<<<<<<<,  3c3c3c3c3c3c3c3c3c3c3c3c3c3c3c2c
       561  ,<<<<<<<<<<<<<<<  2c3c3c3c3c3c3c3c3c3c3c3c3c3c3c3c
       534  <,<<<<<<<<<<<<<<  3c2c3c3c3c3c3c3c3c3c3c3c3c3c3c3c
       528  <<<<<<<<<<<<<<,<  3c3c3c3c3c3c3c3c3c3c3c3c3c3c2c3c
       513  <<<<<<<<<<<<<,<<  3c3c3c3c3c3c3c3c3c3c3c3c3c2c3c3c
       512  <<,<<<<<<<<<<<<<  3c3c2c3c3c3c3c3c3c3c3c3c3c3c3c3c
       496  <<<,<<<<<<<<<<<<  3c3c3c2c3c3c3c3c3c3c3c3c3c3c3c3c
       493  <<<<,<<<<<<<<<<<  3c3c3c3c2c3c3c3c3c3c3c3c3c3c3c3c
# epoch 26900  H=1.0686 C=1.0671 HO=0.0014  A(t)=1843
     21909  <<<<<<<<<<<<<<<<  3c3c3c3c3c3c3c3c3c3c3c3c3c3c3c3c
       617  ,,,,,,,,,,,,,,,,  2c2c2c2c2c2c2c2c2c2c2c2c2c2c2c2c
       562  <<<<<<<<<<<<<<<,  3c3c3c3c3c3c3c3c3c3c3c3c3c3c3c2c
       550  <<<<<<<<<<<<<<,<  3c3c3c3c3c3c3c3c3c3c3c3c3c3c2c3c
       532  ,<<<<<<<<<<<<<<<  2c3c3c3c3c3c3c3c3c3c3c3c3c3c3c3c
       531  <<<<<<<,<<<<<<<<  3c3c3c3c3c3c3c2c3c3c3c3c3c3c3c3c
       530  <<<<<<,<<<<<<<<<  3c3c3c3c3c3c2c3c3c3c3c3c3c3c3c3c
       522  <<<<<<<<<<<<<,<<  3c3c3c3c3c3c3c3c3c3c3c3c3c2c3c3c
       521  <<<<<<<<,<<<<<<<  3c3c3c3c3c3c3c3c2c3c3c3c3c3c3c3c
       520  <<<<<,<<<<<<<<<<  3c3c3c3c3c2c3c3c3c3c3c3c3c3c3c3c
# epoch 26950  H=1.1315 C=1.0979 HO=0.0336  A(t)=1843
     21391  <<<<<<<<<<<<<<<<  3c3c3c3c3c3c3c3c3c3c3c3c3c3c3c3c
       549  ,,,,,,,,,,,,,,,,  2c2c2c2c2c2c2c2c2c2c2c2c2c2c2c2c
       520  <<<<<<<<<<<<<<<,  3c3c3c3c3c3c3c3c3c3c3c3c3c3c3c2c
       490  <<<<<<<<<<<<<<,<  3c3c3c3c3c3c3c3c3c3c3c3c3c3c2c3c
       486  <<<<<<<<<<<<<,<<  3c3c3c3c3c3c3c3c3c3c3c3c3c2c3c3c
       477  ,<<<<<<<<<<<<<<<  2c3c3c3c3c3c3c3c3c3c3c3c3c3c3c3c
       476  <<,<<<<<<<<<<<<<  3c3c2c3c3c3c3c3c3c3c3c3c3c3c3c3c
       472  <,<<<<<<<<<<<<<<  3c2c3c3c3c3c3c3c3c3c3c3c3c3c3c3c
       469  <<<<<<<<<<<<,<<<  3c3c3c3c3c3c3c3c3c3c3c3c2c3c3c3c
       466  <<<,<<<<<<<<<<<<  3c3c3c2c3c3c3c3c3c3c3c3c3c3c3c3c
# epoch 27000  H=1.1442 C=1.0679 HO=0.0763  A(t)=1843
     21551  <<<<<<<<<<<<<<<<  3c3c3c3c3c3c3c3c3c3c3c3c3c3c3c3c
      1154  ,,,,,,,,,,,,,,,,  2c2c2c2c2c2c2c2c2c2c2c2c2c2c2c2c
       477  <<<<<<<<<<<<<<<,  3c3c3c3c3c3c3c3c3c3c3c3c3c3c3c2c
       459  ,<<<<<<<<<<<<<<<  2c3c3c3c3c3c3c3c3c3c3c3c3c3c3c3c
       456  <<,<<<<<<<<<<<<<  3c3c2c3c3c3c3c3c3c3c3c3c3c3c3c3c
       450  <<<<<<<<<<<<<,<<  3c3c3c3c3c3c3c3c3c3c3c3c3c2c3c3c
       449  <,<<<<<<<<<<<<<<  3c2c3c3c3c3c3c3c3c3c3c3c3c3c3c3c
       447  <<<<<<<<<<<<<<,<  3c3c3c3c3c3c3c3c3c3c3c3c3c3c2c3c
       444  <<<<<<<,<<<<<<<<  3c3c3c3c3c3c3c2c3c3c3c3c3c3c3c3c
       442  <<<,<<<<<<<<<<<<  3c3c3c2c3c3c3c3c3c3c3c3c3c3c3c3c
# epoch 27050  H=1.1077 C=1.0725 HO=0.0352  A(t)=1843
     21841  <<<<<<<<<<<<<<<<  3c3c3c3c3c3c3c3c3c3c3c3c3c3c3c3c
       870  ,,,,,,,,,,,,,,,,  2c2c2c2c2c2c2c2c2c2c2c2c2c2c2c2c
       527  <<<<<<<<<<<<<<<,  3c3c3c3c3c3c3c3c3c3c3c3c3c3c3c2c
       509  ,<<<<<<<<<<<<<<<  2c3c3c3c3c3c3c3c3c3c3c3c3c3c3c3c
       489  <<<<<<<<<<<<<<,<  3c3c3c3c3c3c3c3c3c3c3c3c3c3c2c3c
       488  <<<<<<<<<<<<,<<<  3c3c3c3c3c3c3c3c3c3c3c3c2c3c3c3c
       486  <,<<<<<<<<<<<<<<  3c2c3c3c3c3c3c3c3c3c3c3c3c3c3c3c
       483  <<<<<<,<<<<<<<<<  3c3c3c3c3c3c2c3c3c3c3c3c3c3c3c3c
       481  <<<<<<<<<<<,<<<<  3c3c3c3c3c3c3c3c3c3c3c2c3c3c3c3c
       480  <<<<<<<,<<<<<<<<  3c3c3c3c3c3c3c2c3c3c3c3c3c3c3c3c
# epoch 27100  H=1.1608 C=1.1066 HO=0.0542  A(t)=1844
     21806  <<<<<<<<<<<<<<<<  3c3c3c3c3c3c3c3c3c3c3c3c3c3c3c3c
       862  ,,,,,,,,,,,,,,,,  2c2c2c2c2c2c2c2c2c2c2c2c2c2c2c2c
       500  <<<<<<<<<<<<<<<,  3c3c3c3c3c3c3c3c3c3c3c3c3c3c3c2c
       486  ,<<<<<<<<<<<<<<<  2c3c3c3c3c3c3c3c3c3c3c3c3c3c3c3c
       478  <<<<<<<,<<<<<<<<  3c3c3c3c3c3c3c2c3c3c3c3c3c3c3c3c
       472  <<<<<<<<,<<<<<<<  3c3c3c3c3c3c3c3c2c3c3c3c3c3c3c3c
       470  <<<<<<<<<<<<<<,<  3c3c3c3c3c3c3c3c3c3c3c3c3c3c2c3c
       468  <<<<<<<<<,<<<<<<  3c3c3c3c3c3c3c3c3c2c3c3c3c3c3c3c
       468  <<<<,<<<<<<<<<<<  3c3c3c3c2c3c3c3c3c3c3c3c3c3c3c3c
       465  <<<<<<,<<<<<<<<<  3c3c3c3c3c3c2c3c3c3c3c3c3c3c3c3c
# epoch 27150  H=1.3345 C=1.2976 HO=0.0369  A(t)=1844
     19846  <<<<<<<<<<<<<<<<  3c3c3c3c3c3c3c3c3c3c3c3c3c3c3c3c
       463  <<<<<<<<<<<<<<<,  3c3c3c3c3c3c3c3c3c3c3c3c3c3c3c2c
       440  ,<<<<<<<<<<<<<<<  2c3c3c3c3c3c3c3c3c3c3c3c3c3c3c3c
       437  <<<<<<<,<<<<<<<<  3c3c3c3c3c3c3c2c3c3c3c3c3c3c3c3c
       434  <<<<<<<<,<<<<<<<  3c3c3c3c3c3c3c3c2c3c3c3c3c3c3c3c
       432  <<<<<<,<<<<<<<<<  3c3c3c3c3c3c2c3c3c3c3c3c3c3c3c3c
       431  <<<<<<<<<<,<<<<<  3c3c3c3c3c3c3c3c3c3c2c3c3c3c3c3c
       431  <,<<<<<<<<<<<<<<  3c2c3c3c3c3c3c3c3c3c3c3c3c3c3c3c
       429  <<<<<<<<<<<<<<,<  3c3c3c3c3c3c3c3c3c3c3c3c3c3c2c3c
       427  <<<<<<<<<,<<<<<<  3c3c3c3c3c3c3c3c3c2c3c3c3c3c3c3c
# epoch 27200  H=1.4246 C=1.3358 HO=0.0888  A(t)=1844
     19830  <<<<<<<<<<<<<<<<  3c3c3c3c3c3c3c3c3c3c3c3c3c3c3c3c
       608  ,,,,,,,,,,,,,,,,  2c2c2c2c2c2c2c2c2c2c2c2c2c2c2c2c
       481  <<<<<<<<<<<<<<<,  3c3c3c3c3c3c3c3c3c3c3c3c3c3c3c2c
       453  ,<<<<<<<<<<<<<<<  2c3c3c3c3c3c3c3c3c3c3c3c3c3c3c3c
       434  <<<<<<<<<<<<<<,<  3c3c3c3c3c3c3c3c3c3c3c3c3c3c2c3c
       429  <<<<<<<<<<,<<<<<  3c3c3c3c3c3c3c3c3c3c2c3c3c3c3c3c
       423  <<<<,<<<<<<<<<<<  3c3c3c3c2c3c3c3c3c3c3c3c3c3c3c3c
       422  <<<<<,<<<<<<<<<<  3c3c3c3c3c2c3c3c3c3c3c3c3c3c3c3c
       422  <<<,<<<<<<<<<<<<  3c3c3c2c3c3c3c3c3c3c3c3c3c3c3c3c
       422  <<,<<<<<<<<<<<<<  3c3c2c3c3c3c3c3c3c3c3c3c3c3c3c3c
# epoch 27250  H=1.4235 C=1.3297 HO=0.0938  A(t)=1844
     18792  <<<<<<<<<<<<<<<<  3c3c3c3c3c3c3c3c3c3c3c3c3c3c3c3c
       539  <<<<<<<<<<<<<<<,  3c3c3c3c3c3c3c3c3c3c3c3c3c3c3c2c
       536  ,<<<<<<<<<<<<<<<  2c3c3c3c3c3c3c3c3c3c3c3c3c3c3c3c
       533  ,,,,,,,,,,,,,,,,  2c2c2c2c2c2c2c2c2c2c2c2c2c2c2c2c
       517  <,<<<<<<<<<<<<<<  3c2c3c3c3c3c3c3c3c3c3c3c3c3c3c3c
       513  <<,<<<<<<<<<<<<<  3c3c2c3c3c3c3c3c3c3c3c3c3c3c3c3c
       504  <<<<<<<<<<<<<<,<  3c3c3c3c3c3c3c3c3c3c3c3c3c3c2c3c
       497  <<<,<<<<<<<<<<<<  3c3c3c2c3c3c3c3c3c3c3c3c3c3c3c3c
       487  <<<<,<<<<<<<<<<<  3c3c3c3c2c3c3c3c3c3c3c3c3c3c3c3c
       483  <<<<<<<<<<<<<,<<  3c3c3c3c3c3c3c3c3c3c3c3c3c2c3c3c
# epoch 27300  H=1.3073 C=1.2454 HO=0.0619  A(t)=1844
     20138  <<<<<<<<<<<<<<<<  3c3c3c3c3c3c3c3c3c3c3c3c3c3c3c3c
       703  ,,,,,,,,,,,,,,,,  2c2c2c2c2c2c2c2c2c2c2c2c2c2c2c2c
       525  <<<<<<<<<<<<<<<,  3c3c3c3c3c3c3c3c3c3c3c3c3c3c3c2c
       508  ,<<<<<<<<<<<<<<<  2c3c3c3c3c3c3c3c3c3c3c3c3c3c3c3c
       502  <<<,<<<<<<<<<<<<  3c3c3c2c3c3c3c3c3c3c3c3c3c3c3c3c
       499  <<<<<<<<<<<<<<,<  3c3c3c3c3c3c3c3c3c3c3c3c3c3c2c3c
       498  <<<<,<<<<<<<<<<<  3c3c3c3c2c3c3c3c3c3c3c3c3c3c3c3c
       497  <<<<<<<<<<<<<,<<  3c3c3c3c3c3c3c3c3c3c3c3c3c2c3c3c
       494  <<,<<<<<<<<<<<<<  3c3c2c3c3c3c3c3c3c3c3c3c3c3c3c3c
       490  <,<<<<<<<<<<<<<<  3c2c3c3c3c3c3c3c3c3c3c3c3c3c3c3c
# epoch 27350  H=1.3038 C=1.2325 HO=0.0713  A(t)=1845
     21143  <<<<<<<<<<<<<<<<  3c3c3c3c3c3c3c3c3c3c3c3c3c3c3c3c
       508  ,,,,,,,,,,,,,,,,  2c2c2c2c2c2c2c2c2c2c2c2c2c2c2c2c
       479  <<<<<<<<<<<<<<<,  3c3c3c3c3c3c3c3c3c3c3c3c3c3c3c2c
       461  <<<<<<<<<<<<<<,<  3c3c3c3c3c3c3c3c3c3c3c3c3c3c2c3c
       454  <,<<<<<<<<<<<<<<  3c2c3c3c3c3c3c3c3c3c3c3c3c3c3c3c
       454  ,<<<<<<<<<<<<<<<  2c3c3c3c3c3c3c3c3c3c3c3c3c3c3c3c
       444  <<,<<<<<<<<<<<<<  3c3c2c3c3c3c3c3c3c3c3c3c3c3c3c3c
       439  <<<<<<<<<<<<<,<<  3c3c3c3c3c3c3c3c3c3c3c3c3c2c3c3c
       435  <<<<<<<,<<<<<<<<  3c3c3c3c3c3c3c2c3c3c3c3c3c3c3c3c
       431  <<<,<<<<<<<<<<<<  3c3c3c2c3c3c3c3c3c3c3c3c3c3c3c3c
# epoch 27400  H=1.3197 C=1.1880 HO=0.1317  A(t)=1846
     20640  <<<<<<<<<<<<<<<<  3c3c3c3c3c3c3c3c3c3c3c3c3c3c3c3c
      1112  ,,,,,,,,,,,,,,,,  2c2c2c2c2c2c2c2c2c2c2c2c2c2c2c2c
       481  <<<<<<<<<<<<<<<,  3c3c3c3c3c3c3c3c3c3c3c3c3c3c3c2c
       461  ,<<<<<<<<<<<<<<<  2c3c3c3c3c3c3c3c3c3c3c3c3c3c3c3c
       459  <<<<<<<<<<<<<<,<  3c3c3c3c3c3c3c3c3c3c3c3c3c3c2c3c
       448  <,<<<<<<<<<<<<<<  3c2c3c3c3c3c3c3c3c3c3c3c3c3c3c3c
       443  <<<<<<<<<<<<<,<<  3c3c3c3c3c3c3c3c3c3c3c3c3c2c3c3c
       437  <<,<<<<<<<<<<<<<  3c3c2c3c3c3c3c3c3c3c3c3c3c3c3c3c
       432  <<<<<<<<<<<<,<<<  3c3c3c3c3c3c3c3c3c3c3c3c2c3c3c3c
       432  <<<,<<<<<<<<<<<<  3c3c3c2c3c3c3c3c3c3c3c3c3c3c3c3c
# epoch 27450  H=1.2181 C=1.1212 HO=0.0969  A(t)=1846
     21829  <<<<<<<<<<<<<<<<  3c3c3c3c3c3c3c3c3c3c3c3c3c3c3c3c
       912  ,,,,,,,,,,,,,,,,  2c2c2c2c2c2c2c2c2c2c2c2c2c2c2c2c
       528  <<<<<<<<<<<<<<<,  3c3c3c3c3c3c3c3c3c3c3c3c3c3c3c2c
       501  <<<<<<<<<<<<<<,<  3c3c3c3c3c3c3c3c3c3c3c3c3c3c2c3c
       499  <<<<<<<<<<<<<,<<  3c3c3c3c3c3c3c3c3c3c3c3c3c2c3c3c
       494  ,<<<<<<<<<<<<<<<  2c3c3c3c3c3c3c3c3c3c3c3c3c3c3c3c
       483  <<<<<<<<<<<,<<<<  3c3c3c3c3c3c3c3c3c3c3c2c3c3c3c3c
       483  <<<,<<<<<<<<<<<<  3c3c3c2c3c3c3c3c3c3c3c3c3c3c3c3c
       483  <,<<<<<<<<<<<<<<  3c2c3c3c3c3c3c3c3c3c3c3c3c3c3c3c
       481  <<,<<<<<<<<<<<<<  3c3c2c3c3c3c3c3c3c3c3c3c3c3c3c3c
# epoch 27500  H=1.2705 C=1.2058 HO=0.0647  A(t)=1847
     18958  <<<<<<<<<<<<<<<<  3c3c3c3c3c3c3c3c3c3c3c3c3c3c3c3c
       855  ,,,,,,,,,,,,,,,,  2c2c2c2c2c2c2c2c2c2c2c2c2c2c2c2c
       502  <<<<<<<<<<<<<<<,  3c3c3c3c3c3c3c3c3c3c3c3c3c3c3c2c
       495  ,<<<<<<<<<<<<<<<  2c3c3c3c3c3c3c3c3c3c3c3c3c3c3c3c
       490  <<<<<<<,<<<<<<<<  3c3c3c3c3c3c3c2c3c3c3c3c3c3c3c3c
       489  <<<<<<<<,<<<<<<<  3c3c3c3c3c3c3c3c2c3c3c3c3c3c3c3c
       489  <<,<<<<<<<<<<<<<  3c3c2c3c3c3c3c3c3c3c3c3c3c3c3c3c
       488  <<<,<<<<<<<<<<<<  3c3c3c2c3c3c3c3c3c3c3c3c3c3c3c3c
       486  <<<<<<<<<<<<<,<<  3c3c3c3c3c3c3c3c3c3c3c3c3c2c3c3c
       485  <,<<<<<<<<<<<<<<  3c2c3c3c3c3c3c3c3c3c3c3c3c3c3c3c
# epoch 27550  H=1.2217 C=1.1516 HO=0.0700  A(t)=1847
     21108  <<<<<<<<<<<<<<<<  3c3c3c3c3c3c3c3c3c3c3c3c3c3c3c3c
       937  ,,,,,,,,,,,,,,,,  2c2c2c2c2c2c2c2c2c2c2c2c2c2c2c2c
       549  <<<<<<<<<<<<<<<,  3c3c3c3c3c3c3c3c3c3c3c3c3c3c3c2c
       535  <<<<<<<<<<<<<<,<  3c3c3c3c3c3c3c3c3c3c3c3c3c3c2c3c
       530  <,<<<<<<<<<<<<<<  3c2c3c3c3c3c3c3c3c3c3c3c3c3c3c3c
       529  ,<<<<<<<<<<<<<<<  2c3c3c3c3c3c3c3c3c3c3c3c3c3c3c3c
       516  <<<<<<<<<<<<,<<<  3c3c3c3c3c3c3c3c3c3c3c3c2c3c3c3c
       514  <<,<<<<<<<<<<<<<  3c3c2c3c3c3c3c3c3c3c3c3c3c3c3c3c
       511  <<<<<<<<<<<<<,<<  3c3c3c3c3c3c3c3c3c3c3c3c3c2c3c3c
       506  <<<,<<<<<<<<<<<<  3c3c3c2c3c3c3c3c3c3c3c3c3c3c3c3c
# epoch 27600  H=1.1959 C=1.1879 HO=0.0080  A(t)=1847
     21548  <<<<<<<<<<<<<<<<  3c3c3c3c3c3c3c3c3c3c3c3c3c3c3c3c
       507  ,,,,,,,,,,,,,,,,  2c2c2c2c2c2c2c2c2c2c2c2c2c2c2c2c
       501  ,<<<<<<<<<<<<<<<  2c3c3c3c3c3c3c3c3c3c3c3c3c3c3c3c
       499  <<<<<<<<<<<<<<<,  3c3c3c3c3c3c3c3c3c3c3c3c3c3c3c2c
       493  <,<<<<<<<<<<<<<<  3c2c3c3c3c3c3c3c3c3c3c3c3c3c3c3c
       489  <<,<<<<<<<<<<<<<  3c3c2c3c3c3c3c3c3c3c3c3c3c3c3c3c
       482  <<<,<<<<<<<<<<<<  3c3c3c2c3c3c3c3c3c3c3c3c3c3c3c3c
       481  <<<<<<<<<<<<<<,<  3c3c3c3c3c3c3c3c3c3c3c3c3c3c2c3c
       475  <<<<,<<<<<<<<<<<  3c3c3c3c2c3c3c3c3c3c3c3c3c3c3c3c
       472  <<<<<<<<<<<<<,<<  3c3c3c3c3c3c3c3c3c3c3c3c3c2c3c3c
# epoch 27650  H=1.2174 C=1.1765 HO=0.0409  A(t)=1847
     21423  <<<<<<<<<<<<<<<<  3c3c3c3c3c3c3c3c3c3c3c3c3c3c3c3c
       912  ,,,,,,,,,,,,,,,,  2c2c2c2c2c2c2c2c2c2c2c2c2c2c2c2c
       514  <<<<<<<<<<<<<<<,  3c3c3c3c3c3c3c3c3c3c3c3c3c3c3c2c
       496  ,<<<<<<<<<<<<<<<  2c3c3c3c3c3c3c3c3c3c3c3c3c3c3c3c
       483  <,<<<<<<<<<<<<<<  3c2c3c3c3c3c3c3c3c3c3c3c3c3c3c3c
       481  <<<<<<<<<<<<<<,<  3c3c3c3c3c3c3c3c3c3c3c3c3c3c2c3c
       475  <<,<<<<<<<<<<<<<  3c3c2c3c3c3c3c3c3c3c3c3c3c3c3c3c
       473  <<<,<<<<<<<<<<<<  3c3c3c2c3c3c3c3c3c3c3c3c3c3c3c3c
       470  <<<<<<<<<<<<<,<<  3c3c3c3c3c3c3c3c3c3c3c3c3c2c3c3c
       470  <<<<<<<,<<<<<<<<  3c3c3c3c3c3c3c2c3c3c3c3c3c3c3c3c
# epoch 27700  H=1.1572 C=1.1409 HO=0.0163  A(t)=1848
     21991  <<<<<<<<<<<<<<<<  3c3c3c3c3c3c3c3c3c3c3c3c3c3c3c3c
       578  <<<<<<<<<<<<<<<,  3c3c3c3c3c3c3c3c3c3c3c3c3c3c3c2c
       563  ,<<<<<<<<<<<<<<<  2c3c3c3c3c3c3c3c3c3c3c3c3c3c3c3c
       559  <<<<<<<<<<<<<<,<  3c3c3c3c3c3c3c3c3c3c3c3c3c3c2c3c
       551  <,<<<<<<<<<<<<<<  3c2c3c3c3c3c3c3c3c3c3c3c3c3c3c3c
       548  <<<<<<<<<<<<<,<<  3c3c3c3c3c3c3c3c3c3c3c3c3c2c3c3c
       534  <<,<<<<<<<<<<<<<  3c3c2c3c3c3c3c3c3c3c3c3c3c3c3c3c
       520  <<<,<<<<<<<<<<<<  3c3c3c2c3c3c3c3c3c3c3c3c3c3c3c3c
       519  <<<<<<<<<<<<,<<<  3c3c3c3c3c3c3c3c3c3c3c3c2c3c3c3c
       519  <<<<,<<<<<<<<<<<  3c3c3c3c2c3c3c3c3c3c3c3c3c3c3c3c
# epoch 27750  H=1.1941 C=1.1404 HO=0.0538  A(t)=1848
     20991  <<<<<<<<<<<<<<<<  3c3c3c3c3c3c3c3c3c3c3c3c3c3c3c3c
       667  ,,,,,,,,,,,,,,,,  2c2c2c2c2c2c2c2c2c2c2c2c2c2c2c2c
       530  <<<<<<<<<<<<<<<,  3c3c3c3c3c3c3c3c3c3c3c3c3c3c3c2c
       515  <<<<<<<<<<<<<<,<  3c3c3c3c3c3c3c3c3c3c3c3c3c3c2c3c
       509  ,<<<<<<<<<<<<<<<  2c3c3c3c3c3c3c3c3c3c3c3c3c3c3c3c
       506  <,<<<<<<<<<<<<<<  3c2c3c3c3c3c3c3c3c3c3c3c3c3c3c3c
       496  <<,<<<<<<<<<<<<<  3c3c2c3c3c3c3c3c3c3c3c3c3c3c3c3c
       491  <<<<<<<<<<<<<,<<  3c3c3c3c3c3c3c3c3c3c3c3c3c2c3c3c
       482  <<<<<<<<<,<<<<<<  3c3c3c3c3c3c3c3c3c2c3c3c3c3c3c3c
       480  <<<<<<,<<<<<<<<<  3c3c3c3c3c3c2c3c3c3c3c3c3c3c3c3c
# epoch 27800  H=1.3281 C=1.2435 HO=0.0846  A(t)=1848
     20688  <<<<<<<<<<<<<<<<  3c3c3c3c3c3c3c3c3c3c3c3c3c3c3c3c
       697  ,,,,,,,,,,,,,,,,  2c2c2c2c2c2c2c2c2c2c2c2c2c2c2c2c
       502  <<<<<<<<<<<<<<<,  3c3c3c3c3c3c3c3c3c3c3c3c3c3c3c2c
       501  <<<<<<<<<<<<<<,<  3c3c3c3c3c3c3c3c3c3c3c3c3c3c2c3c
       498  <<<<<<<<,<<<<<<<  3c3c3c3c3c3c3c3c2c3c3c3c3c3c3c3c
       496  <<<<<<<<<,<<<<<<  3c3c3c3c3c3c3c3c3c2c3c3c3c3c3c3c
       496  <<<<<<<,<<<<<<<<  3c3c3c3c3c3c3c2c3c3c3c3c3c3c3c3c
       494  <<<<<<,<<<<<<<<<  3c3c3c3c3c3c2c3c3c3c3c3c3c3c3c3c
       489  <<<<<<<<<<<<<,<<  3c3c3c3c3c3c3c3c3c3c3c3c3c2c3c3c
       488  <<<,<<<<<<<<<<<<  3c3c3c2c3c3c3c3c3c3c3c3c3c3c3c3c
# epoch 27850  H=1.2584 C=1.2314 HO=0.0269  A(t)=1848
     21749  <<<<<<<<<<<<<<<<  3c3c3c3c3c3c3c3c3c3c3c3c3c3c3c3c
       524  <<<<<<<<<<<<<<<,  3c3c3c3c3c3c3c3c3c3c3c3c3c3c3c2c
       517  <<<<<<<<<<<<<<,<  3c3c3c3c3c3c3c3c3c3c3c3c3c3c2c3c
       491  <,<<<<<<<<<<<<<<  3c2c3c3c3c3c3c3c3c3c3c3c3c3c3c3c
       489  <<<<<<<<<<<<<,<<  3c3c3c3c3c3c3c3c3c3c3c3c3c2c3c3c
       486  ,<<<<<<<<<<<<<<<  2c3c3c3c3c3c3c3c3c3c3c3c3c3c3c3c
       483  <<,<<<<<<<<<<<<<  3c3c2c3c3c3c3c3c3c3c3c3c3c3c3c3c
       472  <<<<<<<<<<<<,<<<  3c3c3c3c3c3c3c3c3c3c3c3c2c3c3c3c
       468  <<<<<<<<<<<,<<<<  3c3c3c3c3c3c3c3c3c3c3c2c3c3c3c3c
       467  <<<,<<<<<<<<<<<<  3c3c3c2c3c3c3c3c3c3c3c3c3c3c3c3c
# epoch 27900  H=1.2389 C=1.1798 HO=0.0591  A(t)=1848
     21513  <<<<<<<<<<<<<<<<  3c3c3c3c3c3c3c3c3c3c3c3c3c3c3c3c
       513  <<<<<<<<<<<<<<<,  3c3c3c3c3c3c3c3c3c3c3c3c3c3c3c2c
       501  ,<<<<<<<<<<<<<<<  2c3c3c3c3c3c3c3c3c3c3c3c3c3c3c3c
       487  <,<<<<<<<<<<<<<<  3c2c3c3c3c3c3c3c3c3c3c3c3c3c3c3c
       486  <<<<<<<<<<<<<<,<  3c3c3c3c3c3c3c3c3c3c3c3c3c3c2c3c
       482  <<,<<<<<<<<<<<<<  3c3c2c3c3c3c3c3c3c3c3c3c3c3c3c3c
       474  <<<<<<<<<<<<<,<<  3c3c3c3c3c3c3c3c3c3c3c3c3c2c3c3c
       473  <<<<<<,<<<<<<<<<  3c3c3c3c3c3c2c3c3c3c3c3c3c3c3c3c
       473  <<<<,<<<<<<<<<<<  3c3c3c3c2c3c3c3c3c3c3c3c3c3c3c3c
       471  <<<<<<<,<<<<<<<<  3c3c3c3c3c3c3c2c3c3c3c3c3c3c3c3c
# epoch 27950  H=1.2307 C=1.1779 HO=0.0529  A(t)=1853
     20990  <<<<<<<<<<<<<<<<  3c3c3c3c3c3c3c3c3c3c3c3c3c3c3c3c
       526  <<<<<<<<<<<<<<<,  3c3c3c3c3c3c3c3c3c3c3c3c3c3c3c2c
       505  <,<<<<<<<<<<<<<<  3c2c3c3c3c3c3c3c3c3c3c3c3c3c3c3c
       505  ,<<<<<<<<<<<<<<<  2c3c3c3c3c3c3c3c3c3c3c3c3c3c3c3c
       498  <<<<<<<<<<<<<<,<  3c3c3c3c3c3c3c3c3c3c3c3c3c3c2c3c
       487  <<,<<<<<<<<<<<<<  3c3c2c3c3c3c3c3c3c3c3c3c3c3c3c3c
       485  <<<<<<<<<<<<<,<<  3c3c3c3c3c3c3c3c3c3c3c3c3c2c3c3c
       467  <<<<<<<<<<<<,<<<  3c3c3c3c3c3c3c3c3c3c3c3c2c3c3c3c
       465  <<<,<<<<<<<<<<<<  3c3c3c2c3c3c3c3c3c3c3c3c3c3c3c3c
       463  <<<<,<<<<<<<<<<<  3c3c3c3c2c3c3c3c3c3c3c3c3c3c3c3c
# epoch 28000  H=1.1403 C=1.1285 HO=0.0117  A(t)=1853
     21961  <<<<<<<<<<<<<<<<  3c3c3c3c3c3c3c3c3c3c3c3c3c3c3c3c
       552  <<<<<<<<<<<<<<<,  3c3c3c3c3c3c3c3c3c3c3c3c3c3c3c2c
       544  <<<<<<<<<<<<<<,<  3c3c3c3c3c3c3c3c3c3c3c3c3c3c2c3c
       529  <<<<<<<<<<<<<,<<  3c3c3c3c3c3c3c3c3c3c3c3c3c2c3c3c
       523  ,<<<<<<<<<<<<<<<  2c3c3c3c3c3c3c3c3c3c3c3c3c3c3c3c
       516  <,<<<<<<<<<<<<<<  3c2c3c3c3c3c3c3c3c3c3c3c3c3c3c3c
       515  <<<<<<<<<<<<,<<<  3c3c3c3c3c3c3c3c3c3c3c3c2c3c3c3c
       514  <<<<<<<,<<<<<<<<  3c3c3c3c3c3c3c2c3c3c3c3c3c3c3c3c
       511  <<<<<<,<<<<<<<<<  3c3c3c3c3c3c2c3c3c3c3c3c3c3c3c3c
       510  <<<<<<<<<,<<<<<<  3c3c3c3c3c3c3c3c3c2c3c3c3c3c3c3c
# epoch 28050  H=1.1808 C=1.1481 HO=0.0328  A(t)=1859
     22333  <<<<<<<<<<<<<<<<  3c3c3c3c3c3c3c3c3c3c3c3c3c3c3c3c
       687  ,,,,,,,,,,,,,,,,  2c2c2c2c2c2c2c2c2c2c2c2c2c2c2c2c
       510  <<<<<<<<<<<<<<<,  3c3c3c3c3c3c3c3c3c3c3c3c3c3c3c2c
       498  ,<<<<<<<<<<<<<<<  2c3c3c3c3c3c3c3c3c3c3c3c3c3c3c3c
       486  <,<<<<<<<<<<<<<<  3c2c3c3c3c3c3c3c3c3c3c3c3c3c3c3c
       482  <<<<<<<<<<<<<<,<  3c3c3c3c3c3c3c3c3c3c3c3c3c3c2c3c
       482  <<<,<<<<<<<<<<<<  3c3c3c2c3c3c3c3c3c3c3c3c3c3c3c3c
       481  <<,<<<<<<<<<<<<<  3c3c2c3c3c3c3c3c3c3c3c3c3c3c3c3c
       475  <<<<,<<<<<<<<<<<  3c3c3c3c2c3c3c3c3c3c3c3c3c3c3c3c
       470  <<<<<<<<<<<<<,<<  3c3c3c3c3c3c3c3c3c3c3c3c3c2c3c3c
# epoch 28100  H=1.2261 C=1.1809 HO=0.0452  A(t)=1860
     20791  <<<<<<<<<<<<<<<<  3c3c3c3c3c3c3c3c3c3c3c3c3c3c3c3c
       533  <<<<<<<<<<<<<<,<  3c3c3c3c3c3c3c3c3c3c3c3c3c3c2c3c
       520  <,<<<<<<<<<<<<<<  3c2c3c3c3c3c3c3c3c3c3c3c3c3c3c3c
       519  <<<<<<<<<<<<<<<,  3c3c3c3c3c3c3c3c3c3c3c3c3c3c3c2c
       519  <<<<<<<<<<<<<,<<  3c3c3c3c3c3c3c3c3c3c3c3c3c2c3c3c
       517  ,<<<<<<<<<<<<<<<  2c3c3c3c3c3c3c3c3c3c3c3c3c3c3c3c
       516  <<<<<,<<<<<<<<<<  3c3c3c3c3c2c3c3c3c3c3c3c3c3c3c3c
       513  <<,<<<<<<<<<<<<<  3c3c2c3c3c3c3c3c3c3c3c3c3c3c3c3c
       512  <<<<,<<<<<<<<<<<  3c3c3c3c2c3c3c3c3c3c3c3c3c3c3c3c
       510  <<<<<<<<<<,<<<<<  3c3c3c3c3c3c3c3c3c3c2c3c3c3c3c3c
# epoch 28150  H=1.2250 C=1.1652 HO=0.0598  A(t)=1862
     21935  <<<<<<<<<<<<<<<<  3c3c3c3c3c3c3c3c3c3c3c3c3c3c3c3c
       541  ,,,,,,,,,,,,,,,,  2c2c2c2c2c2c2c2c2c2c2c2c2c2c2c2c
       515  <<<<<<<<<<<<<<<,  3c3c3c3c3c3c3c3c3c3c3c3c3c3c3c2c
       507  <<<<<<<<<<<<<<,<  3c3c3c3c3c3c3c3c3c3c3c3c3c3c2c3c
       497  ,<<<<<<<<<<<<<<<  2c3c3c3c3c3c3c3c3c3c3c3c3c3c3c3c
       493  <<<<<<<<<<<<<,<<  3c3c3c3c3c3c3c3c3c3c3c3c3c2c3c3c
       491  <<,<<<<<<<<<<<<<  3c3c2c3c3c3c3c3c3c3c3c3c3c3c3c3c
       489  <<<<<<<<<<<<,<<<  3c3c3c3c3c3c3c3c3c3c3c3c2c3c3c3c
       489  <<<,<<<<<<<<<<<<  3c3c3c2c3c3c3c3c3c3c3c3c3c3c3c3c
       487  <,<<<<<<<<<<<<<<  3c2c3c3c3c3c3c3c3c3c3c3c3c3c3c3c
# epoch 28200  H=1.1780 C=1.1304 HO=0.0476  A(t)=1863
     22033  <<<<<<<<<<<<<<<<  3c3c3c3c3c3c3c3c3c3c3c3c3c3c3c3c
       541  ,,,,,,,,,,,,,,,,  2c2c2c2c2c2c2c2c2c2c2c2c2c2c2c2c
       526  <<<<<<<<<<<<<<<,  3c3c3c3c3c3c3c3c3c3c3c3c3c3c3c2c
       491  <<<<<<<<<<<<<<,<  3c3c3c3c3c3c3c3c3c3c3c3c3c3c2c3c
       485  ,<<<<<<<<<<<<<<<  2c3c3c3c3c3c3c3c3c3c3c3c3c3c3c3c
       475  <<<<<<<<<<<<<,<<  3c3c3c3c3c3c3c3c3c3c3c3c3c2c3c3c
       475  <<,<<<<<<<<<<<<<  3c3c2c3c3c3c3c3c3c3c3c3c3c3c3c3c
       473  <,<<<<<<<<<<<<<<  3c2c3c3c3c3c3c3c3c3c3c3c3c3c3c3c
       468  <<<<<<<<,<<<<<<<  3c3c3c3c3c3c3c3c2c3c3c3c3c3c3c3c
       463  <<<<<<<,<<<<<<<<  3c3c3c3c3c3c3c2c3c3c3c3c3c3c3c3c
# epoch 28250  H=1.1828 C=1.1566 HO=0.0262  A(t)=1866
     19395  <<<<<<<<<<<<<<<<  3c3c3c3c3c3c3c3c3c3c3c3c3c3c3c3c
       748  ,,,,,,,,,,,,,,,,  2c2c2c2c2c2c2c2c2c2c2c2c2c2c2c2c
       522  <<<<<<<<<<<<<<<,  3c3c3c3c3c3c3c3c3c3c3c3c3c3c3c2c
       520  ,<<<<<<<<<<<<<<<  2c3c3c3c3c3c3c3c3c3c3c3c3c3c3c3c
       494  <<<<<<<<<<<<<<,<  3c3c3c3c3c3c3c3c3c3c3c3c3c3c2c3c
       494  <<<<<<<<<<,<<<<<  3c3c3c3c3c3c3c3c3c3c2c3c3c3c3c3c
       494  <,<<<<<<<<<<<<<<  3c2c3c3c3c3c3c3c3c3c3c3c3c3c3c3c
       491  <<<<<<<,<<<<<<<<  3c3c3c3c3c3c3c2c3c3c3c3c3c3c3c3c
       489  <<<<<<<<<<<<,<<<  3c3c3c3c3c3c3c3c3c3c3c3c2c3c3c3c
       488  <<<<<<<<<<<<<,<<  3c3c3c3c3c3c3c3c3c3c3c3c3c2c3c3c
# epoch 28300  H=1.0388 C=1.0613 HO=-0.0225  A(t)=1866
     23679  <<<<<<<<<<<<<<<<  3c3c3c3c3c3c3c3c3c3c3c3c3c3c3c3c
       536  <<<<<<<<<<<<<<<,  3c3c3c3c3c3c3c3c3c3c3c3c3c3c3c2c
       529  <<<<<<<<<<<<<<,<  3c3c3c3c3c3c3c3c3c3c3c3c3c3c2c3c
       523  <<<<<<<<<<<<,<<<  3c3c3c3c3c3c3c3c3c3c3c3c2c3c3c3c
       520  <<<<<<<,<<<<<<<<  3c3c3c3c3c3c3c2c3c3c3c3c3c3c3c3c
       519  ,<<<<<<<<<<<<<<<  2c3c3c3c3c3c3c3c3c3c3c3c3c3c3c3c
       517  <<<<<<,<<<<<<<<<  3c3c3c3c3c3c2c3c3c3c3c3c3c3c3c3c
       515  <<<<<<<<<<<<<,<<  3c3c3c3c3c3c3c3c3c3c3c3c3c2c3c3c
       515  <<<<<<<<<,<<<<<<  3c3c3c3c3c3c3c3c3c2c3c3c3c3c3c3c
       515  <<<<<<<<,<<<<<<<  3c3c3c3c3c3c3c3c2c3c3c3c3c3c3c3c
# epoch 28350  H=1.0426 C=1.0612 HO=-0.0186  A(t)=1867
     22740  <<<<<<<<<<<<<<<<  3c3c3c3c3c3c3c3c3c3c3c3c3c3c3c3c
       517  <<<<<<<<<<<<<<<,  3c3c3c3c3c3c3c3c3c3c3c3c3c3c3c2c
       497  <<<<<<<<<<<<<<,<  3c3c3c3c3c3c3c3c3c3c3c3c3c3c2c3c
       488  ,<<<<<<<<<<<<<<<  2c3c3c3c3c3c3c3c3c3c3c3c3c3c3c3c
       479  <<<<<<<<<<<<<,<<  3c3c3c3c3c3c3c3c3c3c3c3c3c2c3c3c
       477  <<<,<<<<<<<<<<<<  3c3c3c2c3c3c3c3c3c3c3c3c3c3c3c3c
       477  <,<<<<<<<<<<<<<<  3c2c3c3c3c3c3c3c3c3c3c3c3c3c3c3c
       474  <<<<<<<<<<<<,<<<  3c3c3c3c3c3c3c3c3c3c3c3c2c3c3c3c
       473  <<,<<<<<<<<<<<<<  3c3c2c3c3c3c3c3c3c3c3c3c3c3c3c3c
       471  <<<<<<,<<<<<<<<<  3c3c3c3c3c3c2c3c3c3c3c3c3c3c3c3c
# epoch 28400  H=1.0184 C=1.0715 HO=-0.0532  A(t)=1867
     22696  <<<<<<<<<<<<<<<<  3c3c3c3c3c3c3c3c3c3c3c3c3c3c3c3c
       561  <<<<<<<<<<<<<<<,  3c3c3c3c3c3c3c3c3c3c3c3c3c3c3c2c
       561  <<<<<<<<<<<<<<,<  3c3c3c3c3c3c3c3c3c3c3c3c3c3c2c3c
       537  <<<<<<<<<<<<<,<<  3c3c3c3c3c3c3c3c3c3c3c3c3c2c3c3c
       530  <<<<<<<<<<<<,<<<  3c3c3c3c3c3c3c3c3c3c3c3c2c3c3c3c
       527  <<<<<<<<<<<,<<<<  3c3c3c3c3c3c3c3c3c3c3c2c3c3c3c3c
       524  ,<<<<<<<<<<<<<<<  2c3c3c3c3c3c3c3c3c3c3c3c3c3c3c3c
       519  <<<<<<<<<<,<<<<<  3c3c3c3c3c3c3c3c3c3c2c3c3c3c3c3c
       514  <,<<<<<<<<<<<<<<  3c2c3c3c3c3c3c3c3c3c3c3c3c3c3c3c
       509  <<<<<<<<,<<<<<<<  3c3c3c3c3c3c3c3c2c3c3c3c3c3c3c3c
# epoch 28450  H=1.0602 C=1.0916 HO=-0.0314  A(t)=1870
     23403  <<<<<<<<<<<<<<<<  3c3c3c3c3c3c3c3c3c3c3c3c3c3c3c3c
       541  <<<<<<<<<<<<<<<,  3c3c3c3c3c3c3c3c3c3c3c3c3c3c3c2c
       523  ,<<<<<<<<<<<<<<<  2c3c3c3c3c3c3c3c3c3c3c3c3c3c3c3c
       515  <,<<<<<<<<<<<<<<  3c2c3c3c3c3c3c3c3c3c3c3c3c3c3c3c
       514  <<<<<<<<<<<<<<,<  3c3c3c3c3c3c3c3c3c3c3c3c3c3c2c3c
       506  <<,<<<<<<<<<<<<<  3c3c2c3c3c3c3c3c3c3c3c3c3c3c3c3c
       500  <<<<<<<<<<<<<,<<  3c3c3c3c3c3c3c3c3c3c3c3c3c2c3c3c
       500  <<<<<<<<<<,<<<<<  3c3c3c3c3c3c3c3c3c3c2c3c3c3c3c3c
       499  <<<<<,<<<<<<<<<<  3c3c3c3c3c2c3c3c3c3c3c3c3c3c3c3c
       498  <<<<<<<<<,<<<<<<  3c3c3c3c3c3c3c3c3c2c3c3c3c3c3c3c
# epoch 28500  H=1.0416 C=1.0590 HO=-0.0174  A(t)=1871
     24008  <<<<<<<<<<<<<<<<  3c3c3c3c3c3c3c3c3c3c3c3c3c3c3c3c
       548  <<<<<<<<<<<<<<<,  3c3c3c3c3c3c3c3c3c3c3c3c3c3c3c2c
       531  <<<<<<<<<<<<<<,<  3c3c3c3c3c3c3c3c3c3c3c3c3c3c2c3c
       529  <,<<<<<<<<<<<<<<  3c2c3c3c3c3c3c3c3c3c3c3c3c3c3c3c
       527  ,<<<<<<<<<<<<<<<  2c3c3c3c3c3c3c3c3c3c3c3c3c3c3c3c
       521  <<,<<<<<<<<<<<<<  3c3c2c3c3c3c3c3c3c3c3c3c3c3c3c3c
       519  <<<<<<<<<<<<<,<<  3c3c3c3c3c3c3c3c3c3c3c3c3c2c3c3c
       503  <<<<<<<<<<<<,<<<  3c3c3c3c3c3c3c3c3c3c3c3c2c3c3c3c
       503  <<<,<<<<<<<<<<<<  3c3c3c2c3c3c3c3c3c3c3c3c3c3c3c3c
       501  <<<<<<<<<<,<<<<<  3c3c3c3c3c3c3c3c3c3c2c3c3c3c3c3c
# epoch 28550  H=1.2522 C=1.1958 HO=0.0564  A(t)=1871
     22163  <<<<<<<<<<<<<<<<  3c3c3c3c3c3c3c3c3c3c3c3c3c3c3c3c
       682  ,,,,,,,,,,,,,,,,  2c2c2c2c2c2c2c2c2c2c2c2c2c2c2c2c
       485  <<<<<<<<<<<<<<<,  3c3c3c3c3c3c3c3c3c3c3c3c3c3c3c2c
       478  ,<<<<<<<<<<<<<<<  2c3c3c3c3c3c3c3c3c3c3c3c3c3c3c3c
       464  <<<<<<<<<<<<<<,<  3c3c3c3c3c3c3c3c3c3c3c3c3c3c2c3c
       462  <,<<<<<<<<<<<<<<  3c2c3c3c3c3c3c3c3c3c3c3c3c3c3c3c
       449  <<,<<<<<<<<<<<<<  3c3c2c3c3c3c3c3c3c3c3c3c3c3c3c3c
       445  <<<<<<<<<<<<<,<<  3c3c3c3c3c3c3c3c3c3c3c3c3c2c3c3c
       444  <<<<,<<<<<<<<<<<  3c3c3c3c2c3c3c3c3c3c3c3c3c3c3c3c
       443  <<<<<<<,<<<<<<<<  3c3c3c3c3c3c3c2c3c3c3c3c3c3c3c3c
# epoch 28600  H=1.3976 C=1.3080 HO=0.0896  A(t)=1876
     20583  <<<<<<<<<<<<<<<<  3c3c3c3c3c3c3c3c3c3c3c3c3c3c3c3c
       538  ,,,,,,,,,,,,,,,,  2c2c2c2c2c2c2c2c2c2c2c2c2c2c2c2c
       469  <<<<<<<<<<<<<<<,  3c3c3c3c3c3c3c3c3c3c3c3c3c3c3c2c
       461  ,<<<<<<<<<<<<<<<  2c3c3c3c3c3c3c3c3c3c3c3c3c3c3c3c
       446  <,<<<<<<<<<<<<<<  3c2c3c3c3c3c3c3c3c3c3c3c3c3c3c3c
       441  <<<<<<<<<<<<<<,<  3c3c3c3c3c3c3c3c3c3c3c3c3c3c2c3c
       438  <<,<<<<<<<<<<<<<  3c3c2c3c3c3c3c3c3c3c3c3c3c3c3c3c
       432  <<<<<<<<<<<<<,<<  3c3c3c3c3c3c3c3c3c3c3c3c3c2c3c3c
       431  <<<,<<<<<<<<<<<<  3c3c3c2c3c3c3c3c3c3c3c3c3c3c3c3c
       425  <<<<<<<<<<<<,<<<  3c3c3c3c3c3c3c3c3c3c3c3c2c3c3c3c
# epoch 28650  H=1.3638 C=1.2729 HO=0.0909  A(t)=1882
     20946  <<<<<<<<<<<<<<<<  3c3c3c3c3c3c3c3c3c3c3c3c3c3c3c3c
       902  ,,,,,,,,,,,,,,,,  2c2c2c2c2c2c2c2c2c2c2c2c2c2c2c2c
       459  <<<<<<<<<<<<<<<,  3c3c3c3c3c3c3c3c3c3c3c3c3c3c3c2c
       438  <<<<<<<<<<<<<<,<  3c3c3c3c3c3c3c3c3c3c3c3c3c3c2c3c
       434  ,<<<<<<<<<<<<<<<  2c3c3c3c3c3c3c3c3c3c3c3c3c3c3c3c
       429  <<<<<<<<<<<<<,<<  3c3c3c3c3c3c3c3c3c3c3c3c3c2c3c3c
       424  <<<,<<<<<<<<<<<<  3c3c3c2c3c3c3c3c3c3c3c3c3c3c3c3c
       421  <<<<<<,<<<<<<<<<  3c3c3c3c3c3c2c3c3c3c3c3c3c3c3c3c
       421  <<,<<<<<<<<<<<<<  3c3c2c3c3c3c3c3c3c3c3c3c3c3c3c3c
       419  <,<<<<<<<<<<<<<<  3c2c3c3c3c3c3c3c3c3c3c3c3c3c3c3c
# epoch 28700  H=1.2635 C=1.2256 HO=0.0379  A(t)=1890
     21423  <<<<<<<<<<<<<<<<  3c3c3c3c3c3c3c3c3c3c3c3c3c3c3c3c
       718  ,,,,,,,,,,,,,,,,  2c2c2c2c2c2c2c2c2c2c2c2c2c2c2c2c
       494  <<<<<<<<<<<<<<<,  3c3c3c3c3c3c3c3c3c3c3c3c3c3c3c2c
       472  <<<<<<<<<<<<<<,<  3c3c3c3c3c3c3c3c3c3c3c3c3c3c2c3c
       467  ,<<<<<<<<<<<<<<<  2c3c3c3c3c3c3c3c3c3c3c3c3c3c3c3c
       451  <<<<<<<<<<<<<,<<  3c3c3c3c3c3c3c3c3c3c3c3c3c2c3c3c
       435  <,<<<<<<<<<<<<<<  3c2c3c3c3c3c3c3c3c3c3c3c3c3c3c3c
       430  <<<<<<<<<<<<,<<<  3c3c3c3c3c3c3c3c3c3c3c3c2c3c3c3c
       430  <<<<<<,<<<<<<<<<  3c3c3c3c3c3c2c3c3c3c3c3c3c3c3c3c
       426  <<<<<<<,<<<<<<<<  3c3c3c3c3c3c3c2c3c3c3c3c3c3c3c3c
# epoch 28750  H=1.3116 C=1.2440 HO=0.0676  A(t)=1890
     20436  <<<<<<<<<<<<<<<<  3c3c3c3c3c3c3c3c3c3c3c3c3c3c3c3c
       900  ,,,,,,,,,,,,,,,,  2c2c2c2c2c2c2c2c2c2c2c2c2c2c2c2c
       469  <<<<<<<<<<<<<<<,  3c3c3c3c3c3c3c3c3c3c3c3c3c3c3c2c
       453  <<<<<<<<<<<<<<,<  3c3c3c3c3c3c3c3c3c3c3c3c3c3c2c3c
       450  ,<<<<<<<<<<<<<<<  2c3c3c3c3c3c3c3c3c3c3c3c3c3c3c3c
       449  <<<<<<<<<<<<<,<<  3c3c3c3c3c3c3c3c3c3c3c3c3c2c3c3c
       447  <,<<<<<<<<<<<<<<  3c2c3c3c3c3c3c3c3c3c3c3c3c3c3c3c
       439  <<,<<<<<<<<<<<<<  3c3c2c3c3c3c3c3c3c3c3c3c3c3c3c3c
       423  <<<<<<<<<<<<,<<<  3c3c3c3c3c3c3c3c3c3c3c3c2c3c3c3c
       423  <<<,<<<<<<<<<<<<  3c3c3c2c3c3c3c3c3c3c3c3c3c3c3c3c
# epoch 28800  H=1.1866 C=1.1581 HO=0.0285  A(t)=1891
     20212  <<<<<<<<<<<<<<<<  3c3c3c3c3c3c3c3c3c3c3c3c3c3c3c3c
       763  ,,,,,,,,,,,,,,,,  2c2c2c2c2c2c2c2c2c2c2c2c2c2c2c2c
       534  <<<<<<<<<<<<<<<,  3c3c3c3c3c3c3c3c3c3c3c3c3c3c3c2c
       511  <<<<<<<<<<<<<<,<  3c3c3c3c3c3c3c3c3c3c3c3c3c3c2c3c
       510  ,<<<<<<<<<<<<<<<  2c3c3c3c3c3c3c3c3c3c3c3c3c3c3c3c
       497  <,<<<<<<<<<<<<<<  3c2c3c3c3c3c3c3c3c3c3c3c3c3c3c3c
       487  <<<<<<<<<<<<<,<<  3c3c3c3c3c3c3c3c3c3c3c3c3c2c3c3c
       485  <<<<<<<<<<<<,<<<  3c3c3c3c3c3c3c3c3c3c3c3c2c3c3c3c
       484  <<,<<<<<<<<<<<<<  3c3c2c3c3c3c3c3c3c3c3c3c3c3c3c3c
       482  <<<<,<<<<<<<<<<<  3c3c3c3c2c3c3c3c3c3c3c3c3c3c3c3c
# epoch 28850  H=1.1381 C=1.0966 HO=0.0415  A(t)=1891
     22851  <<<<<<<<<<<<<<<<  3c3c3c3c3c3c3c3c3c3c3c3c3c3c3c3c
       794  ,,,,,,,,,,,,,,,,  2c2c2c2c2c2c2c2c2c2c2c2c2c2c2c2c
       551  <<<<<<<,<<<<<<<<  3c3c3c3c3c3c3c2c3c3c3c3c3c3c3c3c
       546  <<<<<<,<<<<<<<<<  3c3c3c3c3c3c2c3c3c3c3c3c3c3c3c3c
       544  <<<<<<<<<<<<<<<,  3c3c3c3c3c3c3c3c3c3c3c3c3c3c3c2c
       543  <<<<<<<<,<<<<<<<  3c3c3c3c3c3c3c3c2c3c3c3c3c3c3c3c
       541  <<<<<,<<<<<<<<<<  3c3c3c3c3c2c3c3c3c3c3c3c3c3c3c3c
       537  <<<<<<<<<,<<<<<<  3c3c3c3c3c3c3c3c3c2c3c3c3c3c3c3c
       536  <<,<<<<<<<<<<<<<  3c3c2c3c3c3c3c3c3c3c3c3c3c3c3c3c
       536  ,<<<<<<<<<<<<<<<  2c3c3c3c3c3c3c3c3c3c3c3c3c3c3c3c
# epoch 28900  H=1.1608 C=1.1418 HO=0.0190  A(t)=1891
     20381  <<<<<<<<<<<<<<<<  3c3c3c3c3c3c3c3c3c3c3c3c3c3c3c3c
       740  ,,,,,,,,,,,,,,,,  2c2c2c2c2c2c2c2c2c2c2c2c2c2c2c2c
       546  <<<<<<<<<<<<<<<,  3c3c3c3c3c3c3c3c3c3c3c3c3c3c3c2c
       512  ,<<<<<<<<<<<<<<<  2c3c3c3c3c3c3c3c3c3c3c3c3c3c3c3c
       502  <<<<<<<<<<<<<<,<  3c3c3c3c3c3c3c3c3c3c3c3c3c3c2c3c
       495  <<<<<<<<<<<<<,<<  3c3c3c3c3c3c3c3c3c3c3c3c3c2c3c3c
       487  <<<<<<<,<<<<<<<<  3c3c3c3c3c3c3c2c3c3c3c3c3c3c3c3c
       483  <<<<<<<<<<<<,<<<  3c3c3c3c3c3c3c3c3c3c3c3c2c3c3c3c
       478  <<<<<<<<,<<<<<<<  3c3c3c3c3c3c3c3c2c3c3c3c3c3c3c3c
       477  <,<<<<<<<<<<<<<<  3c2c3c3c3c3c3c3c3c3c3c3c3c3c3c3c
# epoch 28950  H=1.1040 C=1.1019 HO=0.0021  A(t)=1891
     20024  <<<<<<<<<<<<<<<<  3c3c3c3c3c3c3c3c3c3c3c3c3c3c3c3c
       769  ,,,,,,,,,,,,,,,,  2c2c2c2c2c2c2c2c2c2c2c2c2c2c2c2c
       575  <<<<<<<<<<<<<<<,  3c3c3c3c3c3c3c3c3c3c3c3c3c3c3c2c
       553  ,<<<<<<<<<<<<<<<  2c3c3c3c3c3c3c3c3c3c3c3c3c3c3c3c
       542  <<<<<<<<<<<<<<,<  3c3c3c3c3c3c3c3c3c3c3c3c3c3c2c3c
       536  <<,<<<<<<<<<<<<<  3c3c2c3c3c3c3c3c3c3c3c3c3c3c3c3c
       532  <,<<<<<<<<<<<<<<  3c2c3c3c3c3c3c3c3c3c3c3c3c3c3c3c
       530  <<<,<<<<<<<<<<<<  3c3c3c2c3c3c3c3c3c3c3c3c3c3c3c3c
       527  <<<<<<<<<<<<<,<<  3c3c3c3c3c3c3c3c3c3c3c3c3c2c3c3c
       524  <<<<<<,<<<<<<<<<  3c3c3c3c3c3c2c3c3c3c3c3c3c3c3c3c
# epoch 29000  H=1.1180 C=1.0862 HO=0.0318  A(t)=1891
     21263  <<<<<<<<<<<<<<<<  3c3c3c3c3c3c3c3c3c3c3c3c3c3c3c3c
       791  ,,,,,,,,,,,,,,,,  2c2c2c2c2c2c2c2c2c2c2c2c2c2c2c2c
       561  <<<<<<<<<<<<<<<,  3c3c3c3c3c3c3c3c3c3c3c3c3c3c3c2c
       557  ,<<<<<<<<<<<<<<<  2c3c3c3c3c3c3c3c3c3c3c3c3c3c3c3c
       533  <<<<<<<<<<<<<<,<  3c3c3c3c3c3c3c3c3c3c3c3c3c3c2c3c
       528  <,<<<<<<<<<<<<<<  3c2c3c3c3c3c3c3c3c3c3c3c3c3c3c3c
       526  <<,<<<<<<<<<<<<<  3c3c2c3c3c3c3c3c3c3c3c3c3c3c3c3c
       524  <<<<<<<<,<<<<<<<  3c3c3c3c3c3c3c3c2c3c3c3c3c3c3c3c
       523  <<<<<<<<<<<<<,<<  3c3c3c3c3c3c3c3c3c3c3c3c3c2c3c3c
       520  <<<<<<<<<<,<<<<<  3c3c3c3c3c3c3c3c3c3c2c3c3c3c3c3c
# epoch 29050  H=1.1584 C=1.1083 HO=0.0501  A(t)=1891
     21801  <<<<<<<<<<<<<<<<  3c3c3c3c3c3c3c3c3c3c3c3c3c3c3c3c
       751  ,,,,,,,,,,,,,,,,  2c2c2c2c2c2c2c2c2c2c2c2c2c2c2c2c
       546  <<<<<<<<<<<<<<<,  3c3c3c3c3c3c3c3c3c3c3c3c3c3c3c2c
       535  <<<<<<<<<<<<<<,<  3c3c3c3c3c3c3c3c3c3c3c3c3c3c2c3c
       521  ,<<<<<<<<<<<<<<<  2c3c3c3c3c3c3c3c3c3c3c3c3c3c3c3c
       517  <<<<<<<<<<<<<,<<  3c3c3c3c3c3c3c3c3c3c3c3c3c2c3c3c
       516  <<<<<<<<<<<<,<<<  3c3c3c3c3c3c3c3c3c3c3c3c2c3c3c3c
       508  <,<<<<<<<<<<<<<<  3c2c3c3c3c3c3c3c3c3c3c3c3c3c3c3c
       507  <<<<<<<<<<<,<<<<  3c3c3c3c3c3c3c3c3c3c3c2c3c3c3c3c
       506  <<<<<<<,<<<<<<<<  3c3c3c3c3c3c3c2c3c3c3c3c3c3c3c3c
# epoch 29100  H=1.2089 C=1.1125 HO=0.0963  A(t)=1891
     21009  <<<<<<<<<<<<<<<<  3c3c3c3c3c3c3c3c3c3c3c3c3c3c3c3c
       960  ,,,,,,,,,,,,,,,,  2c2c2c2c2c2c2c2c2c2c2c2c2c2c2c2c
       519  <<<<<<<<<<<<<<<,  3c3c3c3c3c3c3c3c3c3c3c3c3c3c3c2c
       499  <<<<<<<<<<<<<<,<  3c3c3c3c3c3c3c3c3c3c3c3c3c3c2c3c
       492  ,<<<<<<<<<<<<<<<  2c3c3c3c3c3c3c3c3c3c3c3c3c3c3c3c
       489  <,<<<<<<<<<<<<<<  3c2c3c3c3c3c3c3c3c3c3c3c3c3c3c3c
       486  <<<<<<<<<<<<<,<<  3c3c3c3c3c3c3c3c3c3c3c3c3c2c3c3c
       480  <<,<<<<<<<<<<<<<  3c3c2c3c3c3c3c3c3c3c3c3c3c3c3c3c
       478  <<<<<<<<<<<<,<<<  3c3c3c3c3c3c3c3c3c3c3c3c2c3c3c3c
       476  <<<<<<,<<<<<<<<<  3c3c3c3c3c3c2c3c3c3c3c3c3c3c3c3c
# epoch 29150  H=1.3040 C=1.2004 HO=0.1036  A(t)=1891
     20040  <<<<<<<<<<<<<<<<  3c3c3c3c3c3c3c3c3c3c3c3c3c3c3c3c
       904  ,,,,,,,,,,,,,,,,  2c2c2c2c2c2c2c2c2c2c2c2c2c2c2c2c
       490  <<<<<<<<<<<<<<<,  3c3c3c3c3c3c3c3c3c3c3c3c3c3c3c2c
       467  ,<<<<<<<<<<<<<<<  2c3c3c3c3c3c3c3c3c3c3c3c3c3c3c3c
       461  <<<<<<<,<<<<<<<<  3c3c3c3c3c3c3c2c3c3c3c3c3c3c3c3c
       460  <<<<<<<<<<<<<<,<  3c3c3c3c3c3c3c3c3c3c3c3c3c3c2c3c
       459  <<<<<<,<<<<<<<<<  3c3c3c3c3c3c2c3c3c3c3c3c3c3c3c3c
       455  <,<<<<<<<<<<<<<<  3c2c3c3c3c3c3c3c3c3c3c3c3c3c3c3c
       451  <<<,<<<<<<<<<<<<  3c3c3c2c3c3c3c3c3c3c3c3c3c3c3c3c
       450  <<<<<<<<,<<<<<<<  3c3c3c3c3c3c3c3c2c3c3c3c3c3c3c3c
# epoch 29200  H=1.3309 C=1.2698 HO=0.0611  A(t)=1896
     17503  <<<<<<<<<<<<<<<<  3c3c3c3c3c3c3c3c3c3c3c3c3c3c3c3c
      1009  ,,,,,,,,,,,,,,,,  2c2c2c2c2c2c2c2c2c2c2c2c2c2c2c2c
       532  <<<<<<<<<<<<<<<,  3c3c3c3c3c3c3c3c3c3c3c3c3c3c3c2c
       513  <<<<<<<<<<<<<<,<  3c3c3c3c3c3c3c3c3c3c3c3c3c3c2c3c
       507  <<<<<<<<<<<<<,<<  3c3c3c3c3c3c3c3c3c3c3c3c3c2c3c3c
       505  <<<<<<<<<<<<,<<<  3c3c3c3c3c3c3c3c3c3c3c3c2c3c3c3c
       504  <<<<<<<<<<,<<<<<  3c3c3c3c3c3c3c3c3c3c2c3c3c3c3c3c
       504  ,<<<<<<<<<<<<<<<  2c3c3c3c3c3c3c3c3c3c3c3c3c3c3c3c
       500  <<<<<<<<<,<<<<<<  3c3c3c3c3c3c3c3c3c2c3c3c3c3c3c3c
       498  <<<<<<<<<<<,<<<<  3c3c3c3c3c3c3c3c3c3c3c2c3c3c3c3c
# epoch 29250  H=1.3109 C=1.2521 HO=0.0589  A(t)=1896
     18896  <<<<<<<<<<<<<<<<  3c3c3c3c3c3c3c3c3c3c3c3c3c3c3c3c
       869  ,,,,,,,,,,,,,,,,  2c2c2c2c2c2c2c2c2c2c2c2c2c2c2c2c
       537  <<<<<<<<<<<<<<<,  3c3c3c3c3c3c3c3c3c3c3c3c3c3c3c2c
       527  ,<<<<<<<<<<<<<<<  2c3c3c3c3c3c3c3c3c3c3c3c3c3c3c3c
       514  <,<<<<<<<<<<<<<<  3c2c3c3c3c3c3c3c3c3c3c3c3c3c3c3c
       507  <<<<<<<<<<<,<<<<  3c3c3c3c3c3c3c3c3c3c3c2c3c3c3c3c
       506  <<<<<<<<<<,<<<<<  3c3c3c3c3c3c3c3c3c3c2c3c3c3c3c3c
       504  <<<<<<<<<<<<<<,<  3c3c3c3c3c3c3c3c3c3c3c3c3c3c2c3c
       501  <<<<<<<<<<<<<,<<  3c3c3c3c3c3c3c3c3c3c3c3c3c2c3c3c
       496  <<<<<<<<,<<<<<<<  3c3c3c3c3c3c3c3c2c3c3c3c3c3c3c3c
# epoch 29300  H=1.3586 C=1.2941 HO=0.0645  A(t)=1896
     18344  <<<<<<<<<<<<<<<<  3c3c3c3c3c3c3c3c3c3c3c3c3c3c3c3c
      1011  ,,,,,,,,,,,,,,,,  2c2c2c2c2c2c2c2c2c2c2c2c2c2c2c2c
       473  <<<<<<<<<<<<<<<,  3c3c3c3c3c3c3c3c3c3c3c3c3c3c3c2c
       469  <<<<<<<,<<<<<<<<  3c3c3c3c3c3c3c2c3c3c3c3c3c3c3c3c
       465  <<<<<<<<,<<<<<<<  3c3c3c3c3c3c3c3c2c3c3c3c3c3c3c3c
       460  <<<<<<,<<<<<<<<<  3c3c3c3c3c3c2c3c3c3c3c3c3c3c3c3c
       456  ,<<<<<<<<<<<<<<<  2c3c3c3c3c3c3c3c3c3c3c3c3c3c3c3c
       452  <<<<<,<<<<<<<<<<  3c3c3c3c3c2c3c3c3c3c3c3c3c3c3c3c
       451  <<<,<<<<<<<<<<<<  3c3c3c2c3c3c3c3c3c3c3c3c3c3c3c3c
       450  <<<<<<<<<<<<<<,<  3c3c3c3c3c3c3c3c3c3c3c3c3c3c2c3c
# epoch 29350  H=1.3705 C=1.3115 HO=0.0590  A(t)=1896
     19888  <<<<<<<<<<<<<<<<  3c3c3c3c3c3c3c3c3c3c3c3c3c3c3c3c
       482  <<<<<<<<<<<<<<<,  3c3c3c3c3c3c3c3c3c3c3c3c3c3c3c2c
       460  ,<<<<<<<<<<<<<<<  2c3c3c3c3c3c3c3c3c3c3c3c3c3c3c3c
       459  <<<<<<<<<<<<<<,<  3c3c3c3c3c3c3c3c3c3c3c3c3c3c2c3c
       459  <<<<,<<<<<<<<<<<  3c3c3c3c2c3c3c3c3c3c3c3c3c3c3c3c
       452  <<<,<<<<<<<<<<<<  3c3c3c2c3c3c3c3c3c3c3c3c3c3c3c3c
       449  <<,<<<<<<<<<<<<<  3c3c2c3c3c3c3c3c3c3c3c3c3c3c3c3c
       448  <<<<<,<<<<<<<<<<  3c3c3c3c3c2c3c3c3c3c3c3c3c3c3c3c
       446  <<<<<<<,<<<<<<<<  3c3c3c3c3c3c3c2c3c3c3c3c3c3c3c3c
       445  <<<<<<<<<<<,<<<<  3c3c3c3c3c3c3c3c3c3c3c2c3c3c3c3c
# epoch 29400  H=1.3715 C=1.2800 HO=0.0915  A(t)=1897
     20609  <<<<<<<<<<<<<<<<  3c3c3c3c3c3c3c3c3c3c3c3c3c3c3c3c
       666  ,,,,,,,,,,,,,,,,  2c2c2c2c2c2c2c2c2c2c2c2c2c2c2c2c
       475  <<<<<<<<<<<<<<<,  3c3c3c3c3c3c3c3c3c3c3c3c3c3c3c2c
       468  <<<<<<<<<<<<<,<<  3c3c3c3c3c3c3c3c3c3c3c3c3c2c3c3c
       465  <<<<<<<<<<<<<<,<  3c3c3c3c3c3c3c3c3c3c3c3c3c3c2c3c
       460  <<<<<<<<<<<<,<<<  3c3c3c3c3c3c3c3c3c3c3c3c2c3c3c3c
       459  <<<<<<<<<<,<<<<<  3c3c3c3c3c3c3c3c3c3c2c3c3c3c3c3c
       455  <<<<<<<<<<<,<<<<  3c3c3c3c3c3c3c3c3c3c3c2c3c3c3c3c
       454  <<<<<<,<<<<<<<<<  3c3c3c3c3c3c2c3c3c3c3c3c3c3c3c3c
       451  <<<<<<<<<,<<<<<<  3c3c3c3c3c3c3c3c3c2c3c3c3c3c3c3c
# epoch 29450  H=1.3334 C=1.3031 HO=0.0303  A(t)=1903
     20640  <<<<<<<<<<<<<<<<  3c3c3c3c3c3c3c3c3c3c3c3c3c3c3c3c
       486  <<<<<<<<<<<<<<<,  3c3c3c3c3c3c3c3c3c3c3c3c3c3c3c2c
       480  ,<<<<<<<<<<<<<<<  2c3c3c3c3c3c3c3c3c3c3c3c3c3c3c3c
       462  <<<<<<<<<<<<<<,<  3c3c3c3c3c3c3c3c3c3c3c3c3c3c2c3c
       459  <<<<<,<<<<<<<<<<  3c3c3c3c3c2c3c3c3c3c3c3c3c3c3c3c
       458  <<<<,<<<<<<<<<<<  3c3c3c3c2c3c3c3c3c3c3c3c3c3c3c3c
       457  <<<<<<<<<<,<<<<<  3c3c3c3c3c3c3c3c3c3c2c3c3c3c3c3c
       456  <,<<<<<<<<<<<<<<  3c2c3c3c3c3c3c3c3c3c3c3c3c3c3c3c
       452  <<<<<<<<<<<,<<<<  3c3c3c3c3c3c3c3c3c3c3c2c3c3c3c3c
       451  <<<<<<<<<<<<<,<<  3c3c3c3c3c3c3c3c3c3c3c3c3c2c3c3c
# epoch 29500  H=1.3650 C=1.3086 HO=0.0564  A(t)=1912
     18896  <<<<<<<<<<<<<<<<  3c3c3c3c3c3c3c3c3c3c3c3c3c3c3c3c
       580  ,,,,,,,,,,,,,,,,  2c2c2c2c2c2c2c2c2c2c2c2c2c2c2c2c
       516  <<<<<<<<<<<<<<<,  3c3c3c3c3c3c3c3c3c3c3c3c3c3c3c2c
       504  <<<<<<<<<<<<<<,<  3c3c3c3c3c3c3c3c3c3c3c3c3c3c2c3c
       502  ,<<<<<<<<<<<<<<<  2c3c3c3c3c3c3c3c3c3c3c3c3c3c3c3c
       493  <,<<<<<<<<<<<<<<  3c2c3c3c3c3c3c3c3c3c3c3c3c3c3c3c
       490  <<,<<<<<<<<<<<<<  3c3c2c3c3c3c3c3c3c3c3c3c3c3c3c3c
       480  <<<<<<<<<<<<<,<<  3c3c3c3c3c3c3c3c3c3c3c3c3c2c3c3c
       478  <<<<<<<,<<<<<<<<  3c3c3c3c3c3c3c2c3c3c3c3c3c3c3c3c
       477  <<<<<<<<,<<<<<<<  3c3c3c3c3c3c3c3c2c3c3c3c3c3c3c3c
# epoch 29550  H=1.2784 C=1.2328 HO=0.0456  A(t)=1912
     20150  <<<<<<<<<<<<<<<<  3c3c3c3c3c3c3c3c3c3c3c3c3c3c3c3c
       602  ,,,,,,,,,,,,,,,,  2c2c2c2c2c2c2c2c2c2c2c2c2c2c2c2c
       502  <<<<<<<<<<<<<<<,  3c3c3c3c3c3c3c3c3c3c3c3c3c3c3c2c
       502  ,<<<<<<<<<<<<<<<  2c3c3c3c3c3c3c3c3c3c3c3c3c3c3c3c
       491  <,<<<<<<<<<<<<<<  3c2c3c3c3c3c3c3c3c3c3c3c3c3c3c3c
       488  <<<<<<,<<<<<<<<<  3c3c3c3c3c3c2c3c3c3c3c3c3c3c3c3c
       486  <<<<<<<<,<<<<<<<  3c3c3c3c3c3c3c3c2c3c3c3c3c3c3c3c
       484  <<,<<<<<<<<<<<<<  3c3c2c3c3c3c3c3c3c3c3c3c3c3c3c3c
       481  <<<<<<<<<<<<<<,<  3c3c3c3c3c3c3c3c3c3c3c3c3c3c2c3c
       481  <<<<<<<,<<<<<<<<  3c3c3c3c3c3c3c2c3c3c3c3c3c3c3c3c
# epoch 29600  H=1.2064 C=1.1626 HO=0.0438  A(t)=1912
     20220  <<<<<<<<<<<<<<<<  3c3c3c3c3c3c3c3c3c3c3c3c3c3c3c3c
       697  ,,,,,,,,,,,,,,,,  2c2c2c2c2c2c2c2c2c2c2c2c2c2c2c2c
       464  <<<<<<<<<<<<<<<,  3c3c3c3c3c3c3c3c3c3c3c3c3c3c3c2c
       459  ,<<<<<<<<<<<<<<<  2c3c3c3c3c3c3c3c3c3c3c3c3c3c3c3c
       449  <<<<<<<<<<<<<<,<  3c3c3c3c3c3c3c3c3c3c3c3c3c3c2c3c
       443  <,<<<<<<<<<<<<<<  3c2c3c3c3c3c3c3c3c3c3c3c3c3c3c3c
       439  <<<<,<<<<<<<<<<<  3c3c3c3c2c3c3c3c3c3c3c3c3c3c3c3c
       434  <<<<<<<<<<<<,<<<  3c3c3c3c3c3c3c3c3c3c3c3c2c3c3c3c
       432  <<<<<<<<,<<<<<<<  3c3c3c3c3c3c3c3c2c3c3c3c3c3c3c3c
       431  <<<,<<<<<<<<<<<<  3c3c3c2c3c3c3c3c3c3c3c3c3c3c3c3c
# epoch 29650  H=1.1506 C=1.1362 HO=0.0144  A(t)=1912
     21094  <<<<<<<<<<<<<<<<  3c3c3c3c3c3c3c3c3c3c3c3c3c3c3c3c
       527  <<<<<<<<<<<<<<<,  3c3c3c3c3c3c3c3c3c3c3c3c3c3c3c2c
       519  ,<<<<<<<<<<<<<<<  2c3c3c3c3c3c3c3c3c3c3c3c3c3c3c3c
       511  <<<<<<<<<<<<,<<<  3c3c3c3c3c3c3c3c3c3c3c3c2c3c3c3c
       509  <,<<<<<<<<<<<<<<  3c2c3c3c3c3c3c3c3c3c3c3c3c3c3c3c
       508  <<<<<<<<<<<<<<,<  3c3c3c3c3c3c3c3c3c3c3c3c3c3c2c3c
       502  <<<<<<<<<<<,<<<<  3c3c3c3c3c3c3c3c3c3c3c2c3c3c3c3c
       501  <<<<<<<<<<<<<,<<  3c3c3c3c3c3c3c3c3c3c3c3c3c2c3c3c
       498  <<<,<<<<<<<<<<<<  3c3c3c2c3c3c3c3c3c3c3c3c3c3c3c3c
       496  <<<<<<<<<<,<<<<<  3c3c3c3c3c3c3c3c3c3c2c3c3c3c3c3c
# epoch 29700  H=1.2595 C=1.2136 HO=0.0458  A(t)=1912
     20025  <<<<<<<<<<<<<<<<  3c3c3c3c3c3c3c3c3c3c3c3c3c3c3c3c
       631  ,,,,,,,,,,,,,,,,  2c2c2c2c2c2c2c2c2c2c2c2c2c2c2c2c
       487  <<<<<<<<<<<<<<<,  3c3c3c3c3c3c3c3c3c3c3c3c3c3c3c2c
       477  ,<<<<<<<<<<<<<<<  2c3c3c3c3c3c3c3c3c3c3c3c3c3c3c3c
       473  <<<<<<,<<<<<<<<<  3c3c3c3c3c3c2c3c3c3c3c3c3c3c3c3c
       470  <<<<<<<<<<<<,<<<  3c3c3c3c3c3c3c3c3c3c3c3c2c3c3c3c
       470  <<<<,<<<<<<<<<<<  3c3c3c3c2c3c3c3c3c3c3c3c3c3c3c3c
       468  <<<<<<<,<<<<<<<<  3c3c3c3c3c3c3c2c3c3c3c3c3c3c3c3c
       467  <<<<<<<<<<<,<<<<  3c3c3c3c3c3c3c3c3c3c3c2c3c3c3c3c
       467  <<<<<<<<,<<<<<<<  3c3c3c3c3c3c3c3c2c3c3c3c3c3c3c3c
# epoch 29750  H=1.3296 C=1.2533 HO=0.0763  A(t)=1912
     20325  <<<<<<<<<<<<<<<<  3c3c3c3c3c3c3c3c3c3c3c3c3c3c3c3c
       900  ,,,,,,,,,,,,,,,,  2c2c2c2c2c2c2c2c2c2c2c2c2c2c2c2c
       482  <<<<<<<<<<<<<<<,  3c3c3c3c3c3c3c3c3c3c3c3c3c3c3c2c
       457  ,<<<<<<<<<<<<<<<  2c3c3c3c3c3c3c3c3c3c3c3c3c3c3c3c
       454  <<<<<<<<<<<<<<,<  3c3c3c3c3c3c3c3c3c3c3c3c3c3c2c3c
       448  <<<<<<<<<<<<<,<<  3c3c3c3c3c3c3c3c3c3c3c3c3c2c3c3c
       442  <<<<<<<<<<<<,<<<  3c3c3c3c3c3c3c3c3c3c3c3c2c3c3c3c
       441  <<,<<<<<<<<<<<<<  3c3c2c3c3c3c3c3c3c3c3c3c3c3c3c3c
       438  <,<<<<<<<<<<<<<<  3c2c3c3c3c3c3c3c3c3c3c3c3c3c3c3c
       433  <<<<<<<<<<,<<<<<  3c3c3c3c3c3c3c3c3c3c2c3c3c3c3c3c
# epoch 29800  H=1.2405 C=1.1852 HO=0.0553  A(t)=1915
     21297  <<<<<<<<<<<<<<<<  3c3c3c3c3c3c3c3c3c3c3c3c3c3c3c3c
       517  <<<<<<<<<<<<<<<,  3c3c3c3c3c3c3c3c3c3c3c3c3c3c3c2c
       504  <<<<<<<<<<<<<<,<  3c3c3c3c3c3c3c3c3c3c3c3c3c3c2c3c
       503  ,<<<<<<<<<<<<<<<  2c3c3c3c3c3c3c3c3c3c3c3c3c3c3c3c
       496  ,,,,,,,,,,,,,,,,  2c2c2c2c2c2c2c2c2c2c2c2c2c2c2c2c
       495  <,<<<<<<<<<<<<<<  3c2c3c3c3c3c3c3c3c3c3c3c3c3c3c3c
       487  <<<<<<<<<<<<<,<<  3c3c3c3c3c3c3c3c3c3c3c3c3c2c3c3c
       486  <<,<<<<<<<<<<<<<  3c3c2c3c3c3c3c3c3c3c3c3c3c3c3c3c
       482  <<<<<<<<<<,<<<<<  3c3c3c3c3c3c3c3c3c3c2c3c3c3c3c3c
       481  <<<<<,<<<<<<<<<<  3c3c3c3c3c2c3c3c3c3c3c3c3c3c3c3c
# epoch 29850  H=1.1786 C=1.1410 HO=0.0376  A(t)=1922
     21452  <<<<<<<<<<<<<<<<  3c3c3c3c3c3c3c3c3c3c3c3c3c3c3c3c
       733  ,,,,,,,,,,,,,,,,  2c2c2c2c2c2c2c2c2c2c2c2c2c2c2c2c
       539  <<<<<<<<<<<<<<<,  3c3c3c3c3c3c3c3c3c3c3c3c3c3c3c2c
       519  <<<<<<<<<<<<<<,<  3c3c3c3c3c3c3c3c3c3c3c3c3c3c2c3c
       518  ,<<<<<<<<<<<<<<<  2c3c3c3c3c3c3c3c3c3c3c3c3c3c3c3c
       513  <<,<<<<<<<<<<<<<  3c3c2c3c3c3c3c3c3c3c3c3c3c3c3c3c
       507  <,<<<<<<<<<<<<<<  3c2c3c3c3c3c3c3c3c3c3c3c3c3c3c3c
       504  <<<<<<<<<<<<<,<<  3c3c3c3c3c3c3c3c3c3c3c3c3c2c3c3c
       497  <<<,<<<<<<<<<<<<  3c3c3c2c3c3c3c3c3c3c3c3c3c3c3c3c
       493  <<<<,<<<<<<<<<<<  3c3c3c3c2c3c3c3c3c3c3c3c3c3c3c3c
# epoch 29900  H=1.2092 C=1.1649 HO=0.0443  A(t)=1922
     21539  <<<<<<<<<<<<<<<<  3c3c3c3c3c3c3c3c3c3c3c3c3c3c3c3c
       720  ,,,,,,,,,,,,,,,,  2c2c2c2c2c2c2c2c2c2c2c2c2c2c2c2c
       495  <<<<<<<<<<<<<<<,  3c3c3c3c3c3c3c3c3c3c3c3c3c3c3c2c
       483  <<<<<<<<<<<<<<,<  3c3c3c3c3c3c3c3c3c3c3c3c3c3c2c3c
       476  <<<<<<<<<<<<<,<<  3c3c3c3c3c3c3c3c3c3c3c3c3c2c3c3c
       466  ,<<<<<<<<<<<<<<<  2c3c3c3c3c3c3c3c3c3c3c3c3c3c3c3c
       461  <<<<<<<<<<<<,<<<  3c3c3c3c3c3c3c3c3c3c3c3c2c3c3c3c
       444  <,<<<<<<<<<<<<<<  3c2c3c3c3c3c3c3c3c3c3c3c3c3c3c3c
       438  <<<<<<<<<<<,<<<<  3c3c3c3c3c3c3c3c3c3c3c2c3c3c3c3c
       433  <<<<<<<<<<,<<<<<  3c3c3c3c3c3c3c3c3c3c2c3c3c3c3c3c
# epoch 29950  H=1.2803 C=1.2428 HO=0.0375  A(t)=1922
     19567  <<<<<<<<<<<<<<<<  3c3c3c3c3c3c3c3c3c3c3c3c3c3c3c3c
       737  ,,,,,,,,,,,,,,,,  2c2c2c2c2c2c2c2c2c2c2c2c2c2c2c2c
       454  <<<<<<<<<<<<<<<,  3c3c3c3c3c3c3c3c3c3c3c3c3c3c3c2c
       432  ,<<<<<<<<<<<<<<<  2c3c3c3c3c3c3c3c3c3c3c3c3c3c3c3c
       424  <<<<<<<<<<<<<<,<  3c3c3c3c3c3c3c3c3c3c3c3c3c3c2c3c
       421  <<<<<<<<<<,<<<<<  3c3c3c3c3c3c3c3c3c3c2c3c3c3c3c3c
       419  <<,<<<<<<<<<<<<<  3c3c2c3c3c3c3c3c3c3c3c3c3c3c3c3c
       418  <<<,<<<<<<<<<<<<  3c3c3c2c3c3c3c3c3c3c3c3c3c3c3c3c
       415  <<<<<<<<<<<<<,<<  3c3c3c3c3c3c3c3c3c3c3c3c3c2c3c3c
       411  <,<<<<<<<<<<<<<<  3c2c3c3c3c3c3c3c3c3c3c3c3c3c3c3c
# epoch 30000  H=1.1990 C=1.1779 HO=0.0211  A(t)=1925
     19917  <<<<<<<<<<<<<<<<  3c3c3c3c3c3c3c3c3c3c3c3c3c3c3c3c
       935  ,,,,,,,,,,,,,,,,  2c2c2c2c2c2c2c2c2c2c2c2c2c2c2c2c
       545  <<<<<<<<<<<<<<<,  3c3c3c3c3c3c3c3c3c3c3c3c3c3c3c2c
       543  ,<<<<<<<<<<<<<<<  2c3c3c3c3c3c3c3c3c3c3c3c3c3c3c3c
       528  <<<<<<<<<<<<<<,<  3c3c3c3c3c3c3c3c3c3c3c3c3c3c2c3c
       526  <<<<,<<<<<<<<<<<  3c3c3c3c2c3c3c3c3c3c3c3c3c3c3c3c
       526  <,<<<<<<<<<<<<<<  3c2c3c3c3c3c3c3c3c3c3c3c3c3c3c3c
       519  <<<<<,<<<<<<<<<<  3c3c3c3c3c2c3c3c3c3c3c3c3c3c3c3c
       517  <<<,<<<<<<<<<<<<  3c3c3c2c3c3c3c3c3c3c3c3c3c3c3c3c
       515  <<,<<<<<<<<<<<<<  3c3c2c3c3c3c3c3c3c3c3c3c3c3c3c3c
# epoch 30050  H=1.2297 C=1.1877 HO=0.0419  A(t)=1925
     20254  <<<<<<<<<<<<<<<<  3c3c3c3c3c3c3c3c3c3c3c3c3c3c3c3c
       734  ,,,,,,,,,,,,,,,,  2c2c2c2c2c2c2c2c2c2c2c2c2c2c2c2c
       511  <<<<<<<<<<<<<<<,  3c3c3c3c3c3c3c3c3c3c3c3c3c3c3c2c
       510  ,<<<<<<<<<<<<<<<  2c3c3c3c3c3c3c3c3c3c3c3c3c3c3c3c
       506  <<<<<<<<<<<<,<<<  3c3c3c3c3c3c3c3c3c3c3c3c2c3c3c3c
       503  <<<<<<<<<<<<<,<<  3c3c3c3c3c3c3c3c3c3c3c3c3c2c3c3c
       497  <<,<<<<<<<<<<<<<  3c3c2c3c3c3c3c3c3c3c3c3c3c3c3c3c
       496  <<<<<<<<<<<<<<,<  3c3c3c3c3c3c3c3c3c3c3c3c3c3c2c3c
       496  <<<<<<<<<<<,<<<<  3c3c3c3c3c3c3c3c3c3c3c2c3c3c3c3c
       495  <,<<<<<<<<<<<<<<  3c2c3c3c3c3c3c3c3c3c3c3c3c3c3c3c
# epoch 30100  H=1.2522 C=1.2126 HO=0.0396  A(t)=1925
     19221  <<<<<<<<<<<<<<<<  3c3c3c3c3c3c3c3c3c3c3c3c3c3c3c3c
       973  ,,,,,,,,,,,,,,,,  2c2c2c2c2c2c2c2c2c2c2c2c2c2c2c2c
       532  <<<<<<<<<<<<<<<,  3c3c3c3c3c3c3c3c3c3c3c3c3c3c3c2c
       511  ,<<<<<<<<<<<<<<<  2c3c3c3c3c3c3c3c3c3c3c3c3c3c3c3c
       500  <<<<<<<<<<<<<<,<  3c3c3c3c3c3c3c3c3c3c3c3c3c3c2c3c
       493  <<<<<<<<<<<<<,<<  3c3c3c3c3c3c3c3c3c3c3c3c3c2c3c3c
       484  <,<<<<<<<<<<<<<<  3c2c3c3c3c3c3c3c3c3c3c3c3c3c3c3c
       482  <<,<<<<<<<<<<<<<  3c3c2c3c3c3c3c3c3c3c3c3c3c3c3c3c
       479  <<<,<<<<<<<<<<<<  3c3c3c2c3c3c3c3c3c3c3c3c3c3c3c3c
       474  <<<<<<<<<<<<,<<<  3c3c3c3c3c3c3c3c3c3c3c3c2c3c3c3c
# epoch 30150  H=1.3442 C=1.2858 HO=0.0585  A(t)=1926
     19087  <<<<<<<<<<<<<<<<  3c3c3c3c3c3c3c3c3c3c3c3c3c3c3c3c
       883  ,,,,,,,,,,,,,,,,  2c2c2c2c2c2c2c2c2c2c2c2c2c2c2c2c
       465  <<<<<<<<<<<<<<<,  3c3c3c3c3c3c3c3c3c3c3c3c3c3c3c2c
       459  ,<<<<<<<<<<<<<<<  2c3c3c3c3c3c3c3c3c3c3c3c3c3c3c3c
       437  <,<<<<<<<<<<<<<<  3c2c3c3c3c3c3c3c3c3c3c3c3c3c3c3c
       436  <<<<<<<<<<<<<<,<  3c3c3c3c3c3c3c3c3c3c3c3c3c3c2c3c
       434  <<,<<<<<<<<<<<<<  3c3c2c3c3c3c3c3c3c3c3c3c3c3c3c3c
       430  <<<,<<<<<<<<<<<<  3c3c3c2c3c3c3c3c3c3c3c3c3c3c3c3c
       429  <<<<<<<,<<<<<<<<  3c3c3c3c3c3c3c2c3c3c3c3c3c3c3c3c
       429  <<<<,<<<<<<<<<<<  3c3c3c3c2c3c3c3c3c3c3c3c3c3c3c3c
# epoch 30200  H=1.2404 C=1.2115 HO=0.0288  A(t)=1926
     19981  <<<<<<<<<<<<<<<<  3c3c3c3c3c3c3c3c3c3c3c3c3c3c3c3c
       748  ,,,,,,,,,,,,,,,,  2c2c2c2c2c2c2c2c2c2c2c2c2c2c2c2c
       474  <<<<<<<<<<<<<<<,  3c3c3c3c3c3c3c3c3c3c3c3c3c3c3c2c
       459  ,<<<<<<<<<<<<<<<  2c3c3c3c3c3c3c3c3c3c3c3c3c3c3c3c
       451  <<<<<<<<<<<<<<,<  3c3c3c3c3c3c3c3c3c3c3c3c3c3c2c3c
       446  <<,<<<<<<<<<<<<<  3c3c2c3c3c3c3c3c3c3c3c3c3c3c3c3c
       444  <<<,<<<<<<<<<<<<  3c3c3c2c3c3c3c3c3c3c3c3c3c3c3c3c
       441  <<<<<<<<<<<<<,<<  3c3c3c3c3c3c3c3c3c3c3c3c3c2c3c3c
       440  <<<<,<<<<<<<<<<<  3c3c3c3c2c3c3c3c3c3c3c3c3c3c3c3c
       436  <<<<<<<<<,<<<<<<  3c3c3c3c3c3c3c3c3c2c3c3c3c3c3c3c
# epoch 30250  H=1.2205 C=1.2203 HO=0.0002  A(t)=1926
     20040  <<<<<<<<<<<<<<<<  3c3c3c3c3c3c3c3c3c3c3c3c3c3c3c3c
       751  ,,,,,,,,,,,,,,,,  2c2c2c2c2c2c2c2c2c2c2c2c2c2c2c2c
       533  <<<<<<<<<<<<<<<,  3c3c3c3c3c3c3c3c3c3c3c3c3c3c3c2c
       504  ,<<<<<<<<<<<<<<<  2c3c3c3c3c3c3c3c3c3c3c3c3c3c3c3c
       487  <<<<<<<<<<<<<<,<  3c3c3c3c3c3c3c3c3c3c3c3c3c3c2c3c
       486  <,<<<<<<<<<<<<<<  3c2c3c3c3c3c3c3c3c3c3c3c3c3c3c3c
       476  <<<<<<<<<<<<<,<<  3c3c3c3c3c3c3c3c3c3c3c3c3c2c3c3c
       473  <<<<<<<<<<<<,<<<  3c3c3c3c3c3c3c3c3c3c3c3c2c3c3c3c
       471  <<,<<<<<<<<<<<<<  3c3c2c3c3c3c3c3c3c3c3c3c3c3c3c3c
       465  <<<<<<<<,<<<<<<<  3c3c3c3c3c3c3c3c2c3c3c3c3c3c3c3c
# epoch 30300  H=1.2375 C=1.2454 HO=-0.0078  A(t)=1926
     20269  <<<<<<<<<<<<<<<<  3c3c3c3c3c3c3c3c3c3c3c3c3c3c3c3c
       663  ,,,,,,,,,,,,,,,,  2c2c2c2c2c2c2c2c2c2c2c2c2c2c2c2c
       516  <<<<<<<<<<<<<<<,  3c3c3c3c3c3c3c3c3c3c3c3c3c3c3c2c
       497  <<<<<<<<<<<<<<,<  3c3c3c3c3c3c3c3c3c3c3c3c3c3c2c3c
       493  ,<<<<<<<<<<<<<<<  2c3c3c3c3c3c3c3c3c3c3c3c3c3c3c3c
       492  <<<<<<<<<<<<<,<<  3c3c3c3c3c3c3c3c3c3c3c3c3c2c3c3c
       492  <<<<<<<,<<<<<<<<  3c3c3c3c3c3c3c2c3c3c3c3c3c3c3c3c
       488  <<,<<<<<<<<<<<<<  3c3c2c3c3c3c3c3c3c3c3c3c3c3c3c3c
       477  <<<<<<,<<<<<<<<<  3c3c3c3c3c3c2c3c3c3c3c3c3c3c3c3c
       477  <,<<<<<<<<<<<<<<  3c2c3c3c3c3c3c3c3c3c3c3c3c3c3c3c
# epoch 30350  H=1.2177 C=1.1984 HO=0.0194  A(t)=1930
     20964  <<<<<<<<<<<<<<<<  3c3c3c3c3c3c3c3c3c3c3c3c3c3c3c3c
       684  ,,,,,,,,,,,,,,,,  2c2c2c2c2c2c2c2c2c2c2c2c2c2c2c2c
       513  <<<<<<<<<<<<<<<,  3c3c3c3c3c3c3c3c3c3c3c3c3c3c3c2c
       489  <<<<<<<<<<<<<<,<  3c3c3c3c3c3c3c3c3c3c3c3c3c3c2c3c
       477  ,<<<<<<<<<<<<<<<  2c3c3c3c3c3c3c3c3c3c3c3c3c3c3c3c
       474  <<<<<<<<<<<<<,<<  3c3c3c3c3c3c3c3c3c3c3c3c3c2c3c3c
       468  <<<<<<<,<<<<<<<<  3c3c3c3c3c3c3c2c3c3c3c3c3c3c3c3c
       466  <<<<<<,<<<<<<<<<  3c3c3c3c3c3c2c3c3c3c3c3c3c3c3c3c
       466  <<<<<,<<<<<<<<<<  3c3c3c3c3c2c3c3c3c3c3c3c3c3c3c3c
       462  <<<<<<<<<<<<,<<<  3c3c3c3c3c3c3c3c3c3c3c3c2c3c3c3c
# epoch 30400  H=1.2211 C=1.1785 HO=0.0427  A(t)=1930
     20446  <<<<<<<<<<<<<<<<  3c3c3c3c3c3c3c3c3c3c3c3c3c3c3c3c
       528  ,,,,,,,,,,,,,,,,  2c2c2c2c2c2c2c2c2c2c2c2c2c2c2c2c
       487  <<<<<<<<<<<<<<<,  3c3c3c3c3c3c3c3c3c3c3c3c3c3c3c2c
       464  ,<<<<<<<<<<<<<<<  2c3c3c3c3c3c3c3c3c3c3c3c3c3c3c3c
       462  <<<<<<<<<<<<<<,<  3c3c3c3c3c3c3c3c3c3c3c3c3c3c2c3c
       454  <,<<<<<<<<<<<<<<  3c2c3c3c3c3c3c3c3c3c3c3c3c3c3c3c
       453  <<<<<<<<<<<<,<<<  3c3c3c3c3c3c3c3c3c3c3c3c2c3c3c3c
       453  <<<<<<<,<<<<<<<<  3c3c3c3c3c3c3c2c3c3c3c3c3c3c3c3c
       448  <<,<<<<<<<<<<<<<  3c3c2c3c3c3c3c3c3c3c3c3c3c3c3c3c
       447  <<<<<<<<<<<,<<<<  3c3c3c3c3c3c3c3c3c3c3c2c3c3c3c3c
# epoch 30450  H=1.1591 C=1.1324 HO=0.0266  A(t)=1930
     22093  <<<<<<<<<<<<<<<<  3c3c3c3c3c3c3c3c3c3c3c3c3c3c3c3c
       506  ,,,,,,,,,,,,,,,,  2c2c2c2c2c2c2c2c2c2c2c2c2c2c2c2c
       482  <<<<<<<<<<<<<<<,  3c3c3c3c3c3c3c3c3c3c3c3c3c3c3c2c
       478  <<<<<<<<<<<<<<,<  3c3c3c3c3c3c3c3c3c3c3c3c3c3c2c3c
       473  ,<<<<<<<<<<<<<<<  2c3c3c3c3c3c3c3c3c3c3c3c3c3c3c3c
       458  <<,<<<<<<<<<<<<<  3c3c2c3c3c3c3c3c3c3c3c3c3c3c3c3c
       458  <,<<<<<<<<<<<<<<  3c2c3c3c3c3c3c3c3c3c3c3c3c3c3c3c
       453  <<<<<<<<<<<<<,<<  3c3c3c3c3c3c3c3c3c3c3c3c3c2c3c3c
       442  <<<<<<<,<<<<<<<<  3c3c3c3c3c3c3c2c3c3c3c3c3c3c3c3c
       442  <<<,<<<<<<<<<<<<  3c3c3c2c3c3c3c3c3c3c3c3c3c3c3c3c
# epoch 30500  H=1.1349 C=1.1124 HO=0.0225  A(t)=1931
     23079  <<<<<<<<<<<<<<<<  3c3c3c3c3c3c3c3c3c3c3c3c3c3c3c3c
       494  <<<<<<<<<<<<<<<,  3c3c3c3c3c3c3c3c3c3c3c3c3c3c3c2c
       479  ,,,,,,,,,,,,,,,,  2c2c2c2c2c2c2c2c2c2c2c2c2c2c2c2c
       478  ,<<<<<<<<<<<<<<<  2c3c3c3c3c3c3c3c3c3c3c3c3c3c3c3c
       477  <<<<<<<<<<<<<<,<  3c3c3c3c3c3c3c3c3c3c3c3c3c3c2c3c
       459  <,<<<<<<<<<<<<<<  3c2c3c3c3c3c3c3c3c3c3c3c3c3c3c3c
       454  <<<<<<<<<<<<<,<<  3c3c3c3c3c3c3c3c3c3c3c3c3c2c3c3c
       445  <<,<<<<<<<<<<<<<  3c3c2c3c3c3c3c3c3c3c3c3c3c3c3c3c
       444  <<<<<<<<<<<<,<<<  3c3c3c3c3c3c3c3c3c3c3c3c2c3c3c3c
       437  <<<<<<<<,<<<<<<<  3c3c3c3c3c3c3c3c2c3c3c3c3c3c3c3c
# epoch 30550  H=1.1932 C=1.1810 HO=0.0121  A(t)=1940
     20585  <<<<<<<<<<<<<<<<  3c3c3c3c3c3c3c3c3c3c3c3c3c3c3c3c
       545  ,,,,,,,,,,,,,,,,  2c2c2c2c2c2c2c2c2c2c2c2c2c2c2c2c
       496  <<<<<<<<<<<<<<<,  3c3c3c3c3c3c3c3c3c3c3c3c3c3c3c2c
       495  ,<<<<<<<<<<<<<<<  2c3c3c3c3c3c3c3c3c3c3c3c3c3c3c3c
       486  <<<<<<<,<<<<<<<<  3c3c3c3c3c3c3c2c3c3c3c3c3c3c3c3c
       482  <<<<<<<<,<<<<<<<  3c3c3c3c3c3c3c3c2c3c3c3c3c3c3c3c
       481  <,<<<<<<<<<<<<<<  3c2c3c3c3c3c3c3c3c3c3c3c3c3c3c3c
       473  <<<<<<<<<<<<<<,<  3c3c3c3c3c3c3c3c3c3c3c3c3c3c2c3c
       473  <<<<<<<<<<<,<<<<  3c3c3c3c3c3c3c3c3c3c3c2c3c3c3c3c
       472  <<<<,<<<<<<<<<<<  3c3c3c3c2c3c3c3c3c3c3c3c3c3c3c3c
# epoch 30600  H=1.2512 C=1.1897 HO=0.0615  A(t)=1941
     21857  <<<<<<<<<<<<<<<<  3c3c3c3c3c3c3c3c3c3c3c3c3c3c3c3c
       850  ,,,,,,,,,,,,,,,,  2c2c2c2c2c2c2c2c2c2c2c2c2c2c2c2c
       481  <<<<<<<<<<<<<<<,  3c3c3c3c3c3c3c3c3c3c3c3c3c3c3c2c
       467  ,<<<<<<<<<<<<<<<  2c3c3c3c3c3c3c3c3c3c3c3c3c3c3c3c
       452  <<<<<<<,<<<<<<<<  3c3c3c3c3c3c3c2c3c3c3c3c3c3c3c3c
       452  <<<<<<,<<<<<<<<<  3c3c3c3c3c3c2c3c3c3c3c3c3c3c3c3c
       450  <<<<<<<<<<<<<<,<  3c3c3c3c3c3c3c3c3c3c3c3c3c3c2c3c
       446  <<<<<<<<<<,<<<<<  3c3c3c3c3c3c3c3c3c3c2c3c3c3c3c3c
       445  <<<<<<<<<,<<<<<<  3c3c3c3c3c3c3c3c3c2c3c3c3c3c3c3c
       445  <<<<<,<<<<<<<<<<  3c3c3c3c3c2c3c3c3c3c3c3c3c3c3c3c
# epoch 30650  H=1.2097 C=1.1810 HO=0.0286  A(t)=1941
     20969  <<<<<<<<<<<<<<<<  3c3c3c3c3c3c3c3c3c3c3c3c3c3c3c3c
       634  ,,,,,,,,,,,,,,,,  2c2c2c2c2c2c2c2c2c2c2c2c2c2c2c2c
       473  <<<<<<<<<<<<<<<,  3c3c3c3c3c3c3c3c3c3c3c3c3c3c3c2c
       468  ,<<<<<<<<<<<<<<<  2c3c3c3c3c3c3c3c3c3c3c3c3c3c3c3c
       454  <,<<<<<<<<<<<<<<  3c2c3c3c3c3c3c3c3c3c3c3c3c3c3c3c
       449  <<<<<<<<<<<<<<,<  3c3c3c3c3c3c3c3c3c3c3c3c3c3c2c3c
       438  <<,<<<<<<<<<<<<<  3c3c2c3c3c3c3c3c3c3c3c3c3c3c3c3c
       429  <<<<<<<<<<<<<,<<  3c3c3c3c3c3c3c3c3c3c3c3c3c2c3c3c
       422  <<<<<<<<<<<<,<<<  3c3c3c3c3c3c3c3c3c3c3c3c2c3c3c3c
       420  <<<<<<<<<,<<<<<<  3c3c3c3c3c3c3c3c3c2c3c3c3c3c3c3c
# epoch 30700  H=1.1219 C=1.0875 HO=0.0343  A(t)=1943
     22661  <<<<<<<<<<<<<<<<  3c3c3c3c3c3c3c3c3c3c3c3c3c3c3c3c
       779  ,,,,,,,,,,,,,,,,  2c2c2c2c2c2c2c2c2c2c2c2c2c2c2c2c
       532  <<<<<<<<<<<<<<<,  3c3c3c3c3c3c3c3c3c3c3c3c3c3c3c2c
       510  ,<<<<<<<<<<<<<<<  2c3c3c3c3c3c3c3c3c3c3c3c3c3c3c3c
       506  <<<<<<<<<<<<<<,<  3c3c3c3c3c3c3c3c3c3c3c3c3c3c2c3c
       489  <,<<<<<<<<<<<<<<  3c2c3c3c3c3c3c3c3c3c3c3c3c3c3c3c
       487  <<<<<<<<<<<<<,<<  3c3c3c3c3c3c3c3c3c3c3c3c3c2c3c3c
       473  <<,<<<<<<<<<<<<<  3c3c2c3c3c3c3c3c3c3c3c3c3c3c3c3c
       470  <<<<<<<<<<<<,<<<  3c3c3c3c3c3c3c3c3c3c3c3c2c3c3c3c
       460  <<<<<<<<<<<,<<<<  3c3c3c3c3c3c3c3c3c3c3c2c3c3c3c3c
# epoch 30750  H=1.0729 C=1.0635 HO=0.0094  A(t)=1943
     23169  <<<<<<<<<<<<<<<<  3c3c3c3c3c3c3c3c3c3c3c3c3c3c3c3c
       733  ,,,,,,,,,,,,,,,,  2c2c2c2c2c2c2c2c2c2c2c2c2c2c2c2c
       532  <<<<<<<<<<<<<<<,  3c3c3c3c3c3c3c3c3c3c3c3c3c3c3c2c
       513  <<<,<<<<<<<<<<<<  3c3c3c2c3c3c3c3c3c3c3c3c3c3c3c3c
       513  ,<<<<<<<<<<<<<<<  2c3c3c3c3c3c3c3c3c3c3c3c3c3c3c3c
       508  <<<<<<<<<<<<<<,<  3c3c3c3c3c3c3c3c3c3c3c3c3c3c2c3c
       508  <<,<<<<<<<<<<<<<  3c3c2c3c3c3c3c3c3c3c3c3c3c3c3c3c
       505  <<<<<<<,<<<<<<<<  3c3c3c3c3c3c3c2c3c3c3c3c3c3c3c3c
       505  <,<<<<<<<<<<<<<<  3c2c3c3c3c3c3c3c3c3c3c3c3c3c3c3c
       504  <<<<<<<<,<<<<<<<  3c3c3c3c3c3c3c3c2c3c3c3c3c3c3c3c
# epoch 30800  H=1.0980 C=1.0336 HO=0.0644  A(t)=1943
     24310  <<<<<<<<<<<<<<<<  3c3c3c3c3c3c3c3c3c3c3c3c3c3c3c3c
       637  ,,,,,,,,,,,,,,,,  2c2c2c2c2c2c2c2c2c2c2c2c2c2c2c2c
       496  <<<<<<<<<<<<<<,<  3c3c3c3c3c3c3c3c3c3c3c3c3c3c2c3c
       495  <<<<<<<<<<<<<<<,  3c3c3c3c3c3c3c3c3c3c3c3c3c3c3c2c
       487  <<<<<<<<<<<<,<<<  3c3c3c3c3c3c3c3c3c3c3c3c2c3c3c3c
       485  <<<<<<<<<<<<<,<<  3c3c3c3c3c3c3c3c3c3c3c3c3c2c3c3c
       483  <<<,<<<<<<<<<<<<  3c3c3c2c3c3c3c3c3c3c3c3c3c3c3c3c
       481  <,<<<<<<<<<<<<<<  3c2c3c3c3c3c3c3c3c3c3c3c3c3c3c3c
       478  <<<<<<<<<<<,<<<<  3c3c3c3c3c3c3c3c3c3c3c2c3c3c3c3c
       473  <<,<<<<<<<<<<<<<  3c3c2c3c3c3c3c3c3c3c3c3c3c3c3c3c
# epoch 30850  H=1.1942 C=1.1484 HO=0.0458  A(t)=1945
     21879  <<<<<<<<<<<<<<<<  3c3c3c3c3c3c3c3c3c3c3c3c3c3c3c3c
       506  ,,,,,,,,,,,,,,,,  2c2c2c2c2c2c2c2c2c2c2c2c2c2c2c2c
       449  <<<<<<<<<<<<<<<,  3c3c3c3c3c3c3c3c3c3c3c3c3c3c3c2c
       437  ,<<<<<<<<<<<<<<<  2c3c3c3c3c3c3c3c3c3c3c3c3c3c3c3c
       433  <<,<<<<<<<<<<<<<  3c3c2c3c3c3c3c3c3c3c3c3c3c3c3c3c
       429  <<<<<<<<<<<<<,<<  3c3c3c3c3c3c3c3c3c3c3c3c3c2c3c3c
       429  <,<<<<<<<<<<<<<<  3c2c3c3c3c3c3c3c3c3c3c3c3c3c3c3c
       427  <<<<<<<<<<<<<<,<  3c3c3c3c3c3c3c3c3c3c3c3c3c3c2c3c
       419  <<<<,<<<<<<<<<<<  3c3c3c3c2c3c3c3c3c3c3c3c3c3c3c3c
       417  <<<<<<,<<<<<<<<<  3c3c3c3c3c3c2c3c3c3c3c3c3c3c3c3c
# epoch 30900  H=1.2738 C=1.1869 HO=0.0869  A(t)=1945
     22140  <<<<<<<<<<<<<<<<  3c3c3c3c3c3c3c3c3c3c3c3c3c3c3c3c
       746  ,,,,,,,,,,,,,,,,  2c2c2c2c2c2c2c2c2c2c2c2c2c2c2c2c
       467  <<<<<<<<<<<<<<<,  3c3c3c3c3c3c3c3c3c3c3c3c3c3c3c2c
       459  <<<<<<<<<<<<<<,<  3c3c3c3c3c3c3c3c3c3c3c3c3c3c2c3c
       457  <,<<<<<<<<<<<<<<  3c2c3c3c3c3c3c3c3c3c3c3c3c3c3c3c
       445  ,<<<<<<<<<<<<<<<  2c3c3c3c3c3c3c3c3c3c3c3c3c3c3c3c
       434  <<,<<<<<<<<<<<<<  3c3c2c3c3c3c3c3c3c3c3c3c3c3c3c3c
       431  <<<<<<<<<<<<<,<<  3c3c3c3c3c3c3c3c3c3c3c3c3c2c3c3c
       420  <<<<<<<<<<<<,<<<  3c3c3c3c3c3c3c3c3c3c3c3c2c3c3c3c
       406  <<<,<<<<<<<<<<<<  3c3c3c2c3c3c3c3c3c3c3c3c3c3c3c3c
# epoch 30950  H=1.1994 C=1.1755 HO=0.0239  A(t)=1945
     21147  <<<<<<<<<<<<<<<<  3c3c3c3c3c3c3c3c3c3c3c3c3c3c3c3c
       485  <<<<<<<<<<<<<<<,  3c3c3c3c3c3c3c3c3c3c3c3c3c3c3c2c
       484  ,<<<<<<<<<<<<<<<  2c3c3c3c3c3c3c3c3c3c3c3c3c3c3c3c
       473  <,<<<<<<<<<<<<<<  3c2c3c3c3c3c3c3c3c3c3c3c3c3c3c3c
       461  <<,<<<<<<<<<<<<<  3c3c2c3c3c3c3c3c3c3c3c3c3c3c3c3c
       457  <<<<<<<<<<<<<<,<  3c3c3c3c3c3c3c3c3c3c3c3c3c3c2c3c
       450  <<<<<<<<<<<<<,<<  3c3c3c3c3c3c3c3c3c3c3c3c3c2c3c3c
       448  <<<,<<<<<<<<<<<<  3c3c3c2c3c3c3c3c3c3c3c3c3c3c3c3c
       440  <<<<<<<<<<<<,<<<  3c3c3c3c3c3c3c3c3c3c3c3c2c3c3c3c
       438  <<<<<,<<<<<<<<<<  3c3c3c3c3c2c3c3c3c3c3c3c3c3c3c3c
# epoch 31000  H=1.2229 C=1.1647 HO=0.0582  A(t)=1945
     21701  <<<<<<<<<<<<<<<<  3c3c3c3c3c3c3c3c3c3c3c3c3c3c3c3c
       795  ,,,,,,,,,,,,,,,,  2c2c2c2c2c2c2c2c2c2c2c2c2c2c2c2c
       487  <<<<<<<<<<<<<<<,  3c3c3c3c3c3c3c3c3c3c3c3c3c3c3c2c
       457  ,<<<<<<<<<<<<<<<  2c3c3c3c3c3c3c3c3c3c3c3c3c3c3c3c
       452  <<<<<<<<<<<<<<,<  3c3c3c3c3c3c3c3c3c3c3c3c3c3c2c3c
       441  <,<<<<<<<<<<<<<<  3c2c3c3c3c3c3c3c3c3c3c3c3c3c3c3c
       432  <<<<<<<<<<<<<,<<  3c3c3c3c3c3c3c3c3c3c3c3c3c2c3c3c
       420  <<<<<<<<<<<<,<<<  3c3c3c3c3c3c3c3c3c3c3c3c2c3c3c3c
       420  <<,<<<<<<<<<<<<<  3c3c2c3c3c3c3c3c3c3c3c3c3c3c3c3c
       418  <<<<<<<<<<<,<<<<  3c3c3c3c3c3c3c3c3c3c3c2c3c3c3c3c
# epoch 31050  H=1.1935 C=1.1782 HO=0.0153  A(t)=1947
     20836  <<<<<<<<<<<<<<<<  3c3c3c3c3c3c3c3c3c3c3c3c3c3c3c3c
       507  <<<<<<<<<<<<<<<,  3c3c3c3c3c3c3c3c3c3c3c3c3c3c3c2c
       496  ,<<<<<<<<<<<<<<<  2c3c3c3c3c3c3c3c3c3c3c3c3c3c3c3c
       478  <<<<<<<<<<<<<<,<  3c3c3c3c3c3c3c3c3c3c3c3c3c3c2c3c
       468  <,<<<<<<<<<<<<<<  3c2c3c3c3c3c3c3c3c3c3c3c3c3c3c3c
       466  <<<<<<<<<<<<<,<<  3c3c3c3c3c3c3c3c3c3c3c3c3c2c3c3c
       457  <<,<<<<<<<<<<<<<  3c3c2c3c3c3c3c3c3c3c3c3c3c3c3c3c
       456  ,,,,,,,,,,,,,,,,  2c2c2c2c2c2c2c2c2c2c2c2c2c2c2c2c
       446  <<<<<<<<<<<<,<<<  3c3c3c3c3c3c3c3c3c3c3c3c2c3c3c3c
       444  <<<<<<<<,<<<<<<<  3c3c3c3c3c3c3c3c2c3c3c3c3c3c3c3c
# epoch 31100  H=1.2358 C=1.2163 HO=0.0195  A(t)=1947
     19654  <<<<<<<<<<<<<<<<  3c3c3c3c3c3c3c3c3c3c3c3c3c3c3c3c
       720  ,,,,,,,,,,,,,,,,  2c2c2c2c2c2c2c2c2c2c2c2c2c2c2c2c
       491  <<<<<<<<<<<<<<<,  3c3c3c3c3c3c3c3c3c3c3c3c3c3c3c2c
       479  ,<<<<<<<<<<<<<<<  2c3c3c3c3c3c3c3c3c3c3c3c3c3c3c3c
       472  <<<<<<<<<<<<<<,<  3c3c3c3c3c3c3c3c3c3c3c3c3c3c2c3c
       468  <,<<<<<<<<<<<<<<  3c2c3c3c3c3c3c3c3c3c3c3c3c3c3c3c
       463  <<<<<<<<<<<<<,<<  3c3c3c3c3c3c3c3c3c3c3c3c3c2c3c3c
       460  <<,<<<<<<<<<<<<<  3c3c2c3c3c3c3c3c3c3c3c3c3c3c3c3c
       455  <<<<<<<<<<<<,<<<  3c3c3c3c3c3c3c3c3c3c3c3c2c3c3c3c
       444  <<<,<<<<<<<<<<<<  3c3c3c2c3c3c3c3c3c3c3c3c3c3c3c3c
# epoch 31150  H=1.3248 C=1.3083 HO=0.0165  A(t)=1949
     18881  <<<<<<<<<<<<<<<<  3c3c3c3c3c3c3c3c3c3c3c3c3c3c3c3c
       469  <<<<<<<<<<<<<<<,  3c3c3c3c3c3c3c3c3c3c3c3c3c3c3c2c
       467  <<<<<<<<<<<<<<,<  3c3c3c3c3c3c3c3c3c3c3c3c3c3c2c3c
       462  <,<<<<<<<<<<<<<<  3c2c3c3c3c3c3c3c3c3c3c3c3c3c3c3c
       454  ,<<<<<<<<<<<<<<<  2c3c3c3c3c3c3c3c3c3c3c3c3c3c3c3c
       452  <<<<<<<<<<<<<,<<  3c3c3c3c3c3c3c3c3c3c3c3c3c2c3c3c
       448  ,,,,,,,,,,,,,,,,  2c2c2c2c2c2c2c2c2c2c2c2c2c2c2c2c
       443  <<,<<<<<<<<<<<<<  3c3c2c3c3c3c3c3c3c3c3c3c3c3c3c3c
       429  <<<<<<<<<<<<,<<<  3c3c3c3c3c3c3c3c3c3c3c3c2c3c3c3c
       424  <<<,<<<<<<<<<<<<  3c3c3c2c3c3c3c3c3c3c3c3c3c3c3c3c
# epoch 31200  H=1.3588 C=1.2968 HO=0.0620  A(t)=1949
     20373  <<<<<<<<<<<<<<<<  3c3c3c3c3c3c3c3c3c3c3c3c3c3c3c3c
       532  ,,,,,,,,,,,,,,,,  2c2c2c2c2c2c2c2c2c2c2c2c2c2c2c2c
       497  <<<<<<<<<<<<<<<,  3c3c3c3c3c3c3c3c3c3c3c3c3c3c3c2c
       484  ,<<<<<<<<<<<<<<<  2c3c3c3c3c3c3c3c3c3c3c3c3c3c3c3c
       483  <<<<<<<<<<<<<<,<  3c3c3c3c3c3c3c3c3c3c3c3c3c3c2c3c
       476  <,<<<<<<<<<<<<<<  3c2c3c3c3c3c3c3c3c3c3c3c3c3c3c3c
       465  <<<<<<,<<<<<<<<<  3c3c3c3c3c3c2c3c3c3c3c3c3c3c3c3c
       465  <<<,<<<<<<<<<<<<  3c3c3c2c3c3c3c3c3c3c3c3c3c3c3c3c
       463  <<<<<<<<<<<<<,<<  3c3c3c3c3c3c3c3c3c3c3c3c3c2c3c3c
       463  <<,<<<<<<<<<<<<<  3c3c2c3c3c3c3c3c3c3c3c3c3c3c3c3c
# epoch 31250  H=1.3276 C=1.2874 HO=0.0403  A(t)=1953
     21237  <<<<<<<<<<<<<<<<  3c3c3c3c3c3c3c3c3c3c3c3c3c3c3c3c
       511  <<<<<<<<<<<<<<<,  3c3c3c3c3c3c3c3c3c3c3c3c3c3c3c2c
       503  ,<<<<<<<<<<<<<<<  2c3c3c3c3c3c3c3c3c3c3c3c3c3c3c3c
       494  <<<<<<<<<<<<<<,<  3c3c3c3c3c3c3c3c3c3c3c3c3c3c2c3c
       483  <,<<<<<<<<<<<<<<  3c2c3c3c3c3c3c3c3c3c3c3c3c3c3c3c
       475  <<<<<<,<<<<<<<<<  3c3c3c3c3c3c2c3c3c3c3c3c3c3c3c3c
       468  <<<<<,<<<<<<<<<<  3c3c3c3c3c2c3c3c3c3c3c3c3c3c3c3c
       464  <<<<<<<,<<<<<<<<  3c3c3c3c3c3c3c2c3c3c3c3c3c3c3c3c
       464  <<<,<<<<<<<<<<<<  3c3c3c2c3c3c3c3c3c3c3c3c3c3c3c3c
       463  <<<<<<<<<,<<<<<<  3c3c3c3c3c3c3c3c3c2c3c3c3c3c3c3c
# epoch 31300  H=1.3641 C=1.2897 HO=0.0744  A(t)=1954
     20073  <<<<<<<<<<<<<<<<  3c3c3c3c3c3c3c3c3c3c3c3c3c3c3c3c
       469  <<<<<<<<<<<<<<<,  3c3c3c3c3c3c3c3c3c3c3c3c3c3c3c2c
       455  <<<<<<<<<<<<<<,<  3c3c3c3c3c3c3c3c3c3c3c3c3c3c2c3c
       455  <<<<<<<<<<<<,<<<  3c3c3c3c3c3c3c3c3c3c3c3c2c3c3c3c
       452  <,<<<<<<<<<<<<<<  3c2c3c3c3c3c3c3c3c3c3c3c3c3c3c3c
       450  ,<<<<<<<<<<<<<<<  2c3c3c3c3c3c3c3c3c3c3c3c3c3c3c3c
       446  <<<<<<<<<<<<<,<<  3c3c3c3c3c3c3c3c3c3c3c3c3c2c3c3c
       444  <<,<<<<<<<<<<<<<  3c3c2c3c3c3c3c3c3c3c3c3c3c3c3c3c
       442  <<<<<<<<<<<,<<<<  3c3c3c3c3c3c3c3c3c3c3c2c3c3c3c3c
       437  <<<<<<,<<<<<<<<<  3c3c3c3c3c3c2c3c3c3c3c3c3c3c3c3c
# epoch 31350  H=1.2292 C=1.1967 HO=0.0326  A(t)=1957
     20875  <<<<<<<<<<<<<<<<  3c3c3c3c3c3c3c3c3c3c3c3c3c3c3c3c
       837  ,,,,,,,,,,,,,,,,  2c2c2c2c2c2c2c2c2c2c2c2c2c2c2c2c
       512  <<<<<<<<<<<<<<<,  3c3c3c3c3c3c3c3c3c3c3c3c3c3c3c2c
       499  ,<<<<<<<<<<<<<<<  2c3c3c3c3c3c3c3c3c3c3c3c3c3c3c3c
       497  <<<<,<<<<<<<<<<<  3c3c3c3c2c3c3c3c3c3c3c3c3c3c3c3c
       487  <<<,<<<<<<<<<<<<  3c3c3c2c3c3c3c3c3c3c3c3c3c3c3c3c
       485  <<<<<<,<<<<<<<<<  3c3c3c3c3c3c2c3c3c3c3c3c3c3c3c3c
       485  <<,<<<<<<<<<<<<<  3c3c2c3c3c3c3c3c3c3c3c3c3c3c3c3c
       484  <<<<<<<<<<<<<<,<  3c3c3c3c3c3c3c3c3c3c3c3c3c3c2c3c
       481  <<<<<,<<<<<<<<<<  3c3c3c3c3c2c3c3c3c3c3c3c3c3c3c3c
# epoch 31400  H=1.1823 C=1.1390 HO=0.0432  A(t)=1957
     22499  <<<<<<<<<<<<<<<<  3c3c3c3c3c3c3c3c3c3c3c3c3c3c3c3c
       906  ,,,,,,,,,,,,,,,,  2c2c2c2c2c2c2c2c2c2c2c2c2c2c2c2c
       489  <<<<<<<<<<<<<<<,  3c3c3c3c3c3c3c3c3c3c3c3c3c3c3c2c
       462  ,<<<<<<<<<<<<<<<  2c3c3c3c3c3c3c3c3c3c3c3c3c3c3c3c
       449  <<,<<<<<<<<<<<<<  3c3c2c3c3c3c3c3c3c3c3c3c3c3c3c3c
       447  <<<<<<<<<<<<<<,<  3c3c3c3c3c3c3c3c3c3c3c3c3c3c2c3c
       445  <,<<<<<<<<<<<<<<  3c2c3c3c3c3c3c3c3c3c3c3c3c3c3c3c
       438  <<<<<,<<<<<<<<<<  3c3c3c3c3c2c3c3c3c3c3c3c3c3c3c3c
       437  <<<<<<<<<<<<<,<<  3c3c3c3c3c3c3c3c3c3c3c3c3c2c3c3c
       431  <<<<,<<<<<<<<<<<  3c3c3c3c2c3c3c3c3c3c3c3c3c3c3c3c
# epoch 31450  H=1.2687 C=1.2360 HO=0.0327  A(t)=1963
     20703  <<<<<<<<<<<<<<<<  3c3c3c3c3c3c3c3c3c3c3c3c3c3c3c3c
       565  ,,,,,,,,,,,,,,,,  2c2c2c2c2c2c2c2c2c2c2c2c2c2c2c2c
       475  <<<<<<<<<<<<<<<,  3c3c3c3c3c3c3c3c3c3c3c3c3c3c3c2c
       460  <<<<<<<<<<<<<<,<  3c3c3c3c3c3c3c3c3c3c3c3c3c3c2c3c
       456  ,<<<<<<<<<<<<<<<  2c3c3c3c3c3c3c3c3c3c3c3c3c3c3c3c
       440  <<<<<<<<<<<<<,<<  3c3c3c3c3c3c3c3c3c3c3c3c3c2c3c3c
       437  <<<<<,<<<<<<<<<<  3c3c3c3c3c2c3c3c3c3c3c3c3c3c3c3c
       437  <<<<,<<<<<<<<<<<  3c3c3c3c2c3c3c3c3c3c3c3c3c3c3c3c
       436  <<<,<<<<<<<<<<<<  3c3c3c2c3c3c3c3c3c3c3c3c3c3c3c3c
       435  <<,<<<<<<<<<<<<<  3c3c2c3c3c3c3c3c3c3c3c3c3c3c3c3c
# epoch 31500  H=1.2722 C=1.2899 HO=-0.0177  A(t)=1963
     21091  <<<<<<<<<<<<<<<<  3c3c3c3c3c3c3c3c3c3c3c3c3c3c3c3c
       445  <<<<<<<<<<<<<<<,  3c3c3c3c3c3c3c3c3c3c3c3c3c3c3c2c
       431  <<<<<<<<<<<<<<,<  3c3c3c3c3c3c3c3c3c3c3c3c3c3c2c3c
       428  ,<<<<<<<<<<<<<<<  2c3c3c3c3c3c3c3c3c3c3c3c3c3c3c3c
       416  <,<<<<<<<<<<<<<<  3c2c3c3c3c3c3c3c3c3c3c3c3c3c3c3c
       412  <<<<<<<<<<<<<,<<  3c3c3c3c3c3c3c3c3c3c3c3c3c2c3c3c
       398  <<,<<<<<<<<<<<<<  3c3c2c3c3c3c3c3c3c3c3c3c3c3c3c3c
       386  <<<,<<<<<<<<<<<<  3c3c3c2c3c3c3c3c3c3c3c3c3c3c3c3c
       382  <<<<<<<<<<<<,<<<  3c3c3c3c3c3c3c3c3c3c3c3c2c3c3c3c
       382  <<<<<,<<<<<<<<<<  3c3c3c3c3c2c3c3c3c3c3c3c3c3c3c3c
# epoch 31550  H=1.5098 C=1.4377 HO=0.0720  A(t)=1964
     18553  <<<<<<<<<<<<<<<<  3c3c3c3c3c3c3c3c3c3c3c3c3c3c3c3c
       687  ,,,,,,,,,,,,,,,,  2c2c2c2c2c2c2c2c2c2c2c2c2c2c2c2c
       416  <<<<<<<<<<<<<<<,  3c3c3c3c3c3c3c3c3c3c3c3c3c3c3c2c
       404  ,<<<<<<<<<<<<<<<  2c3c3c3c3c3c3c3c3c3c3c3c3c3c3c3c
       388  <<<<<<<<<<<<<<,<  3c3c3c3c3c3c3c3c3c3c3c3c3c3c2c3c
       379  <<<<<<<<<<<<<,<<  3c3c3c3c3c3c3c3c3c3c3c3c3c2c3c3c
       378  <<,<<<<<<<<<<<<<  3c3c2c3c3c3c3c3c3c3c3c3c3c3c3c3c
       378  <,<<<<<<<<<<<<<<  3c2c3c3c3c3c3c3c3c3c3c3c3c3c3c3c
       377  <<<<<<<<<<<<,<<<  3c3c3c3c3c3c3c3c3c3c3c3c2c3c3c3c
       373  <<<<<,<<<<<<<<<<  3c3c3c3c3c2c3c3c3c3c3c3c3c3c3c3c
# epoch 31600  H=1.5594 C=1.4634 HO=0.0960  A(t)=1967
     17416  <<<<<<<<<<<<<<<<  3c3c3c3c3c3c3c3c3c3c3c3c3c3c3c3c
       900  ,,,,,,,,,,,,,,,,  2c2c2c2c2c2c2c2c2c2c2c2c2c2c2c2c
       413  <<<<<<<<<<<<<<<,  3c3c3c3c3c3c3c3c3c3c3c3c3c3c3c2c
       400  ,<<<<<<<<<<<<<<<  2c3c3c3c3c3c3c3c3c3c3c3c3c3c3c3c
       394  <<<<<<<<<<<<<<,<  3c3c3c3c3c3c3c3c3c3c3c3c3c3c2c3c
       389  <,<<<<<<<<<<<<<<  3c2c3c3c3c3c3c3c3c3c3c3c3c3c3c3c
       382  <<<<<<<<<<<<,<<<  3c3c3c3c3c3c3c3c3c3c3c3c2c3c3c3c
       380  <<<,<<<<<<<<<<<<  3c3c3c2c3c3c3c3c3c3c3c3c3c3c3c3c
       378  <<,<<<<<<<<<<<<<  3c3c2c3c3c3c3c3c3c3c3c3c3c3c3c3c
       375  <<<<<<<<<<<<<,<<  3c3c3c3c3c3c3c3c3c3c3c3c3c2c3c3c
# epoch 31650  H=1.5187 C=1.4501 HO=0.0686  A(t)=1972
     17383  <<<<<<<<<<<<<<<<  3c3c3c3c3c3c3c3c3c3c3c3c3c3c3c3c
       636  ,,,,,,,,,,,,,,,,  2c2c2c2c2c2c2c2c2c2c2c2c2c2c2c2c
       462  <<<<<<<<<<<<<<<,  3c3c3c3c3c3c3c3c3c3c3c3c3c3c3c2c
       447  <<<<<<<<<<<<<<,<  3c3c3c3c3c3c3c3c3c3c3c3c3c3c2c3c
       429  <<<<<<<<<<<<<,<<  3c3c3c3c3c3c3c3c3c3c3c3c3c2c3c3c
       429  ,<<<<<<<<<<<<<<<  2c3c3c3c3c3c3c3c3c3c3c3c3c3c3c3c
       428  <,<<<<<<<<<<<<<<  3c2c3c3c3c3c3c3c3c3c3c3c3c3c3c3c
       422  <<<<<<<<<<<<,<<<  3c3c3c3c3c3c3c3c3c3c3c3c2c3c3c3c
       420  <<,<<<<<<<<<<<<<  3c3c2c3c3c3c3c3c3c3c3c3c3c3c3c3c
       415  <<<,<<<<<<<<<<<<  3c3c3c2c3c3c3c3c3c3c3c3c3c3c3c3c
# epoch 31700  H=1.4603 C=1.3812 HO=0.0791  A(t)=1972
     19354  <<<<<<<<<<<<<<<<  3c3c3c3c3c3c3c3c3c3c3c3c3c3c3c3c
       750  ,,,,,,,,,,,,,,,,  2c2c2c2c2c2c2c2c2c2c2c2c2c2c2c2c
       456  <<<<<<<<<<<<<<<,  3c3c3c3c3c3c3c3c3c3c3c3c3c3c3c2c
       445  <<<<<<<<<<<<<<,<  3c3c3c3c3c3c3c3c3c3c3c3c3c3c2c3c
       429  <<<<<<<<<<<<<,<<  3c3c3c3c3c3c3c3c3c3c3c3c3c2c3c3c
       429  ,<<<<<<<<<<<<<<<  2c3c3c3c3c3c3c3c3c3c3c3c3c3c3c3c
       421  <<<<<<<<<<<<,<<<  3c3c3c3c3c3c3c3c3c3c3c3c2c3c3c3c
       414  <,<<<<<<<<<<<<<<  3c2c3c3c3c3c3c3c3c3c3c3c3c3c3c3c
       412  <<<<<<<,<<<<<<<<  3c3c3c3c3c3c3c2c3c3c3c3c3c3c3c3c
       411  <<<<<<<<<<,<<<<<  3c3c3c3c3c3c3c3c3c3c2c3c3c3c3c3c
# epoch 31750  H=1.4477 C=1.3485 HO=0.0991  A(t)=1973
     20374  <<<<<<<<<<<<<<<<  3c3c3c3c3c3c3c3c3c3c3c3c3c3c3c3c
       943  ,,,,,,,,,,,,,,,,  2c2c2c2c2c2c2c2c2c2c2c2c2c2c2c2c
       438  <<<<<<<<<<<<<<<,  3c3c3c3c3c3c3c3c3c3c3c3c3c3c3c2c
       422  ,<<<<<<<<<<<<<<<  2c3c3c3c3c3c3c3c3c3c3c3c3c3c3c3c
       416  <<<<,<<<<<<<<<<<  3c3c3c3c2c3c3c3c3c3c3c3c3c3c3c3c
       415  <<<<<<<<<<<<<<,<  3c3c3c3c3c3c3c3c3c3c3c3c3c3c2c3c
       411  <,<<<<<<<<<<<<<<  3c2c3c3c3c3c3c3c3c3c3c3c3c3c3c3c
       407  <<<,<<<<<<<<<<<<  3c3c3c2c3c3c3c3c3c3c3c3c3c3c3c3c
       406  <<,<<<<<<<<<<<<<  3c3c2c3c3c3c3c3c3c3c3c3c3c3c3c3c
       405  <<<<<<,<<<<<<<<<  3c3c3c3c3c3c2c3c3c3c3c3c3c3c3c3c
# epoch 31800  H=1.4463 C=1.3453 HO=0.1009  A(t)=1973
     21001  <<<<<<<<<<<<<<<<  3c3c3c3c3c3c3c3c3c3c3c3c3c3c3c3c
      1001  ,,,,,,,,,,,,,,,,  2c2c2c2c2c2c2c2c2c2c2c2c2c2c2c2c
       427  <<<<<<<<<<<<<<<,  3c3c3c3c3c3c3c3c3c3c3c3c3c3c3c2c
       424  <<<<<<<<<<<<<<,<  3c3c3c3c3c3c3c3c3c3c3c3c3c3c2c3c
       417  <<<<<<<<<<<<<,<<  3c3c3c3c3c3c3c3c3c3c3c3c3c2c3c3c
       410  <<,<<<<<<<<<<<<<  3c3c2c3c3c3c3c3c3c3c3c3c3c3c3c3c
       404  ,<<<<<<<<<<<<<<<  2c3c3c3c3c3c3c3c3c3c3c3c3c3c3c3c
       398  <<<<<<<<<<<<,<<<  3c3c3c3c3c3c3c3c3c3c3c3c2c3c3c3c
       393  <<<,<<<<<<<<<<<<  3c3c3c2c3c3c3c3c3c3c3c3c3c3c3c3c
       393  <,<<<<<<<<<<<<<<  3c2c3c3c3c3c3c3c3c3c3c3c3c3c3c3c
# epoch 31850  H=1.5371 C=1.4543 HO=0.0827  A(t)=1977
     18622  <<<<<<<<<<<<<<<<  3c3c3c3c3c3c3c3c3c3c3c3c3c3c3c3c
       613  ,,,,,,,,,,,,,,,,  2c2c2c2c2c2c2c2c2c2c2c2c2c2c2c2c
       445  <<<<<<<<<<<<<<<,  3c3c3c3c3c3c3c3c3c3c3c3c3c3c3c2c
       441  ,<<<<<<<<<<<<<<<  2c3c3c3c3c3c3c3c3c3c3c3c3c3c3c3c
       427  <<<<<<<<<<<<<<,<  3c3c3c3c3c3c3c3c3c3c3c3c3c3c2c3c
       427  <,<<<<<<<<<<<<<<  3c2c3c3c3c3c3c3c3c3c3c3c3c3c3c3c
       424  <<<<<<,<<<<<<<<<  3c3c3c3c3c3c2c3c3c3c3c3c3c3c3c3c
       420  <<<<<<<<<,<<<<<<  3c3c3c3c3c3c3c3c3c2c3c3c3c3c3c3c
       420  <<<<<,<<<<<<<<<<  3c3c3c3c3c2c3c3c3c3c3c3c3c3c3c3c
       418  <<<<<<<,<<<<<<<<  3c3c3c3c3c3c3c2c3c3c3c3c3c3c3c3c
# epoch 31900  H=1.5311 C=1.4398 HO=0.0913  A(t)=1981
     18727  <<<<<<<<<<<<<<<<  3c3c3c3c3c3c3c3c3c3c3c3c3c3c3c3c
       710  ,,,,,,,,,,,,,,,,  2c2c2c2c2c2c2c2c2c2c2c2c2c2c2c2c
       472  <<<<<<<<<<<<<<<,  3c3c3c3c3c3c3c3c3c3c3c3c3c3c3c2c
       470  <,<<<<<<<<<<<<<<  3c2c3c3c3c3c3c3c3c3c3c3c3c3c3c3c
       467  ,<<<<<<<<<<<<<<<  2c3c3c3c3c3c3c3c3c3c3c3c3c3c3c3c
       462  <<<<<<<<<<<<<<,<  3c3c3c3c3c3c3c3c3c3c3c3c3c3c2c3c
       453  <<,<<<<<<<<<<<<<  3c3c2c3c3c3c3c3c3c3c3c3c3c3c3c3c
       438  <<<,<<<<<<<<<<<<  3c3c3c2c3c3c3c3c3c3c3c3c3c3c3c3c
       432  <<<<<<<<<<<<<,<<  3c3c3c3c3c3c3c3c3c3c3c3c3c2c3c3c
       425  <<<<,<<<<<<<<<<<  3c3c3c3c2c3c3c3c3c3c3c3c3c3c3c3c
# epoch 31950  H=1.4712 C=1.3756 HO=0.0956  A(t)=1981
     20516  <<<<<<<<<<<<<<<<  3c3c3c3c3c3c3c3c3c3c3c3c3c3c3c3c
       728  ,,,,,,,,,,,,,,,,  2c2c2c2c2c2c2c2c2c2c2c2c2c2c2c2c
       450  <<<<<<<<<<<<<<<,  3c3c3c3c3c3c3c3c3c3c3c3c3c3c3c2c
       447  ,<<<<<<<<<<<<<<<  2c3c3c3c3c3c3c3c3c3c3c3c3c3c3c3c
       436  <<<<<<<<<<<<<<,<  3c3c3c3c3c3c3c3c3c3c3c3c3c3c2c3c
       418  <,<<<<<<<<<<<<<<  3c2c3c3c3c3c3c3c3c3c3c3c3c3c3c3c
       415  <<<<<<<<<<<<<,<<  3c3c3c3c3c3c3c3c3c3c3c3c3c2c3c3c
       411  <<<<<<<<<<<<,<<<  3c3c3c3c3c3c3c3c3c3c3c3c2c3c3c3c
       408  <<,<<<<<<<<<<<<<  3c3c2c3c3c3c3c3c3c3c3c3c3c3c3c3c
       407  <<<,<<<<<<<<<<<<  3c3c3c2c3c3c3c3c3c3c3c3c3c3c3c3c
# epoch 32000  H=1.4351 C=1.3315 HO=0.1035  A(t)=1981
     21368  <<<<<<<<<<<<<<<<  3c3c3c3c3c3c3c3c3c3c3c3c3c3c3c3c
       625  ,,,,,,,,,,,,,,,,  2c2c2c2c2c2c2c2c2c2c2c2c2c2c2c2c
       489  <<<<<<<<<<<<<<<,  3c3c3c3c3c3c3c3c3c3c3c3c3c3c3c2c
       475  <<<<<<<<<<<<<<,<  3c3c3c3c3c3c3c3c3c3c3c3c3c3c2c3c
       474  ,<<<<<<<<<<<<<<<  2c3c3c3c3c3c3c3c3c3c3c3c3c3c3c3c
       467  <<<<<<<<<<<<<,<<  3c3c3c3c3c3c3c3c3c3c3c3c3c2c3c3c
       465  <,<<<<<<<<<<<<<<  3c2c3c3c3c3c3c3c3c3c3c3c3c3c3c3c
       464  <<,<<<<<<<<<<<<<  3c3c2c3c3c3c3c3c3c3c3c3c3c3c3c3c
       447  <<<<<<<<<<<<,<<<  3c3c3c3c3c3c3c3c3c3c3c3c2c3c3c3c
       443  <<<,<<<<<<<<<<<<  3c3c3c2c3c3c3c3c3c3c3c3c3c3c3c3c
# epoch 32050  H=1.4567 C=1.3768 HO=0.0798  A(t)=1981
     19990  <<<<<<<<<<<<<<<<  3c3c3c3c3c3c3c3c3c3c3c3c3c3c3c3c
       648  ,,,,,,,,,,,,,,,,  2c2c2c2c2c2c2c2c2c2c2c2c2c2c2c2c
       453  <<<,<<<<<<<<<<<<  3c3c3c2c3c3c3c3c3c3c3c3c3c3c3c3c
       452  <<<<,<<<<<<<<<<<  3c3c3c3c2c3c3c3c3c3c3c3c3c3c3c3c
       451  <<,<<<<<<<<<<<<<  3c3c2c3c3c3c3c3c3c3c3c3c3c3c3c3c
       450  <<<<<,<<<<<<<<<<  3c3c3c3c3c2c3c3c3c3c3c3c3c3c3c3c
       450  ,<<<<<<<<<<<<<<<  2c3c3c3c3c3c3c3c3c3c3c3c3c3c3c3c
       446  <<<<<<,<<<<<<<<<  3c3c3c3c3c3c2c3c3c3c3c3c3c3c3c3c
       441  <<<<<<<<<<<<<<<,  3c3c3c3c3c3c3c3c3c3c3c3c3c3c3c2c
       441  <,<<<<<<<<<<<<<<  3c2c3c3c3c3c3c3c3c3c3c3c3c3c3c3c
# epoch 32100  H=1.3611 C=1.3257 HO=0.0354  A(t)=1982
     19320  <<<<<<<<<<<<<<<<  3c3c3c3c3c3c3c3c3c3c3c3c3c3c3c3c
       463  <<<<<<<<<<<<<<<,  3c3c3c3c3c3c3c3c3c3c3c3c3c3c3c2c
       446  <<<<<<<<<<<<<<,<  3c3c3c3c3c3c3c3c3c3c3c3c3c3c2c3c
       443  ,<<<<<<<<<<<<<<<  2c3c3c3c3c3c3c3c3c3c3c3c3c3c3c3c
       430  <<<<<<<<<<<<<,<<  3c3c3c3c3c3c3c3c3c3c3c3c3c2c3c3c
       428  <<<<<<,<<<<<<<<<  3c3c3c3c3c3c2c3c3c3c3c3c3c3c3c3c
       426  <<,<<<<<<<<<<<<<  3c3c2c3c3c3c3c3c3c3c3c3c3c3c3c3c
       425  <<<<<,<<<<<<<<<<  3c3c3c3c3c2c3c3c3c3c3c3c3c3c3c3c
       423  <,<<<<<<<<<<<<<<  3c2c3c3c3c3c3c3c3c3c3c3c3c3c3c3c
       417  <<<<<<<<<,<<<<<<  3c3c3c3c3c3c3c3c3c2c3c3c3c3c3c3c
# epoch 32150  H=1.3790 C=1.3253 HO=0.0537  A(t)=1985
     19208  <<<<<<<<<<<<<<<<  3c3c3c3c3c3c3c3c3c3c3c3c3c3c3c3c
       803  ,,,,,,,,,,,,,,,,  2c2c2c2c2c2c2c2c2c2c2c2c2c2c2c2c
       486  <<<<<<<<<<<<<<<,  3c3c3c3c3c3c3c3c3c3c3c3c3c3c3c2c
       483  <<<<<<<<<,<<<<<<  3c3c3c3c3c3c3c3c3c2c3c3c3c3c3c3c
       477  <<<<<<<<,<<<<<<<  3c3c3c3c3c3c3c3c2c3c3c3c3c3c3c3c
       475  <<<<<<<<<<<<<<,<  3c3c3c3c3c3c3c3c3c3c3c3c3c3c2c3c
       475  <<<<<<<<<<<<,<<<  3c3c3c3c3c3c3c3c3c3c3c3c2c3c3c3c
       474  <<<<<<<<<<<<<,<<  3c3c3c3c3c3c3c3c3c3c3c3c3c2c3c3c
       474  <<<<<<<<<<,<<<<<  3c3c3c3c3c3c3c3c3c3c2c3c3c3c3c3c
       472  <<,<<<<<<<<<<<<<  3c3c2c3c3c3c3c3c3c3c3c3c3c3c3c3c
# epoch 32200  H=1.3412 C=1.2797 HO=0.0615  A(t)=1986
     19521  <<<<<<<<<<<<<<<<  3c3c3c3c3c3c3c3c3c3c3c3c3c3c3c3c
       575  ,,,,,,,,,,,,,,,,  2c2c2c2c2c2c2c2c2c2c2c2c2c2c2c2c
       463  <<<<<<<<<<<<<<<,  3c3c3c3c3c3c3c3c3c3c3c3c3c3c3c2c
       440  <<<<<<<<<<<<<<,<  3c3c3c3c3c3c3c3c3c3c3c3c3c3c2c3c
       434  <,<<<<<<<<<<<<<<  3c2c3c3c3c3c3c3c3c3c3c3c3c3c3c3c
       434  ,<<<<<<<<<<<<<<<  2c3c3c3c3c3c3c3c3c3c3c3c3c3c3c3c
       430  <<<<,<<<<<<<<<<<  3c3c3c3c2c3c3c3c3c3c3c3c3c3c3c3c
       427  <<<<<<,<<<<<<<<<  3c3c3c3c3c3c2c3c3c3c3c3c3c3c3c3c
       421  <<<<<,<<<<<<<<<<  3c3c3c3c3c2c3c3c3c3c3c3c3c3c3c3c
       419  <<<,<<<<<<<<<<<<  3c3c3c2c3c3c3c3c3c3c3c3c3c3c3c3c
# epoch 32250  H=1.4637 C=1.3334 HO=0.1303  A(t)=1989
     17950  <<<<<<<<<<<<<<<<  3c3c3c3c3c3c3c3c3c3c3c3c3c3c3c3c
      1280  ,,,,,,,,,,,,,,,,  2c2c2c2c2c2c2c2c2c2c2c2c2c2c2c2c
       439  <<<<<<<<<<<<<<<,  3c3c3c3c3c3c3c3c3c3c3c3c3c3c3c2c
       434  ,<<<<<<<<<<<<<<<  2c3c3c3c3c3c3c3c3c3c3c3c3c3c3c3c
       426  <,<<<<<<<<<<<<<<  3c2c3c3c3c3c3c3c3c3c3c3c3c3c3c3c
       424  <<<<<<<<<<<<<<,<  3c3c3c3c3c3c3c3c3c3c3c3c3c3c2c3c
       423  <<<<,<<<<<<<<<<<  3c3c3c3c2c3c3c3c3c3c3c3c3c3c3c3c
       423  <<,<<<<<<<<<<<<<  3c3c2c3c3c3c3c3c3c3c3c3c3c3c3c3c
       415  <<<<<<<<<<<<<,<<  3c3c3c3c3c3c3c3c3c3c3c3c3c2c3c3c
       414  <<<<<<<<,<<<<<<<  3c3c3c3c3c3c3c3c2c3c3c3c3c3c3c3c
# epoch 32300  H=1.5749 C=1.4637 HO=0.1111  A(t)=1989
     18331  <<<<<<<<<<<<<<<<  3c3c3c3c3c3c3c3c3c3c3c3c3c3c3c3c
       636  ,,,,,,,,,,,,,,,,  2c2c2c2c2c2c2c2c2c2c2c2c2c2c2c2c
       472  <<<<<<<<<<<<<<<,  3c3c3c3c3c3c3c3c3c3c3c3c3c3c3c2c
       464  <<<<<<<<<<<<<<,<  3c3c3c3c3c3c3c3c3c3c3c3c3c3c2c3c
       460  <<<<<<<<<<<<<,<<  3c3c3c3c3c3c3c3c3c3c3c3c3c2c3c3c
       459  ,<<<<<<<<<<<<<<<  2c3c3c3c3c3c3c3c3c3c3c3c3c3c3c3c
       455  <,<<<<<<<<<<<<<<  3c2c3c3c3c3c3c3c3c3c3c3c3c3c3c3c
       452  <<,<<<<<<<<<<<<<  3c3c2c3c3c3c3c3c3c3c3c3c3c3c3c3c
       450  <<<<<<<<<,<<<<<<  3c3c3c3c3c3c3c3c3c2c3c3c3c3c3c3c
       443  <<<<<<,<<<<<<<<<  3c3c3c3c3c3c2c3c3c3c3c3c3c3c3c3c
# epoch 32350  H=1.5950 C=1.4413 HO=0.1538  A(t)=1992
     18507  <<<<<<<<<<<<<<<<  3c3c3c3c3c3c3c3c3c3c3c3c3c3c3c3c
       792  ,,,,,,,,,,,,,,,,  2c2c2c2c2c2c2c2c2c2c2c2c2c2c2c2c
       497  <<<<<<<<<<<<<<<,  3c3c3c3c3c3c3c3c3c3c3c3c3c3c3c2c
       482  <<<<<<<<<<<<<<,<  3c3c3c3c3c3c3c3c3c3c3c3c3c3c2c3c
       468  ,<<<<<<<<<<<<<<<  2c3c3c3c3c3c3c3c3c3c3c3c3c3c3c3c
       461  <<<<<<<,<<<<<<<<  3c3c3c3c3c3c3c2c3c3c3c3c3c3c3c3c
       459  <<<<<<<<<<<<<,<<  3c3c3c3c3c3c3c3c3c3c3c3c3c2c3c3c
       459  <,<<<<<<<<<<<<<<  3c2c3c3c3c3c3c3c3c3c3c3c3c3c3c3c
       452  <<<<<<<<<<,<<<<<  3c3c3c3c3c3c3c3c3c3c2c3c3c3c3c3c
       452  <<<<<<<<,<<<<<<<  3c3c3c3c3c3c3c3c2c3c3c3c3c3c3c3c
# epoch 32400  H=1.6019 C=1.4608 HO=0.1411  A(t)=1992
     19111  <<<<<<<<<<<<<<<<  3c3c3c3c3c3c3c3c3c3c3c3c3c3c3c3c
       519  ,,,,,,,,,,,,,,,,  2c2c2c2c2c2c2c2c2c2c2c2c2c2c2c2c
       508  <<<<<<<<<<<<<<<,  3c3c3c3c3c3c3c3c3c3c3c3c3c3c3c2c
       504  ,<<<<<<<<<<<<<<<  2c3c3c3c3c3c3c3c3c3c3c3c3c3c3c3c
       476  <,<<<<<<<<<<<<<<  3c2c3c3c3c3c3c3c3c3c3c3c3c3c3c3c
       472  <<<<<<<<<<<<<<,<  3c3c3c3c3c3c3c3c3c3c3c3c3c3c2c3c
       465  <<<<<<<<<<<<<,<<  3c3c3c3c3c3c3c3c3c3c3c3c3c2c3c3c
       461  <<,<<<<<<<<<<<<<  3c3c2c3c3c3c3c3c3c3c3c3c3c3c3c3c
       452  <<<,<<<<<<<<<<<<  3c3c3c2c3c3c3c3c3c3c3c3c3c3c3c3c
       451  <<<<<<<<<<<<,<<<  3c3c3c3c3c3c3c3c3c3c3c3c2c3c3c3c
# epoch 32450  H=1.6350 C=1.4635 HO=0.1715  A(t)=1993
     19053  <<<<<<<<<<<<<<<<  3c3c3c3c3c3c3c3c3c3c3c3c3c3c3c3c
       596  ,,,,,,,,,,,,,,,,  2c2c2c2c2c2c2c2c2c2c2c2c2c2c2c2c
       450  <<<<<<<<<<<<<<<,  3c3c3c3c3c3c3c3c3c3c3c3c3c3c3c2c
       440  ,<<<<<<<<<<<<<<<  2c3c3c3c3c3c3c3c3c3c3c3c3c3c3c3c
       432  <<<<<<<<<<<<<<,<  3c3c3c3c3c3c3c3c3c3c3c3c3c3c2c3c
       426  <,<<<<<<<<<<<<<<  3c2c3c3c3c3c3c3c3c3c3c3c3c3c3c3c
       422  <<,<<<<<<<<<<<<<  3c3c2c3c3c3c3c3c3c3c3c3c3c3c3c3c
       412  <<<<<<<<<<<<<,<<  3c3c3c3c3c3c3c3c3c3c3c3c3c2c3c3c
       412  <<<<<<,<<<<<<<<<  3c3c3c3c3c3c2c3c3c3c3c3c3c3c3c3c
       410  <<<<<<<<,<<<<<<<  3c3c3c3c3c3c3c3c2c3c3c3c3c3c3c3c
# epoch 32500  H=1.5108 C=1.4117 HO=0.0991  A(t)=1993
     17906  <<<<<<<<<<<<<<<<  3c3c3c3c3c3c3c3c3c3c3c3c3c3c3c3c
       494  <<<<<<<<<<<<<<<,  3c3c3c3c3c3c3c3c3c3c3c3c3c3c3c2c
       494  ,<<<<<<<<<<<<<<<  2c3c3c3c3c3c3c3c3c3c3c3c3c3c3c3c
       479  <<<<<<<<<<<<<<,<  3c3c3c3c3c3c3c3c3c3c3c3c3c3c2c3c
       472  <,<<<<<<<<<<<<<<  3c2c3c3c3c3c3c3c3c3c3c3c3c3c3c3c
       468  <<,<<<<<<<<<<<<<  3c3c2c3c3c3c3c3c3c3c3c3c3c3c3c3c
       459  <<<<<<<<<<<<<,<<  3c3c3c3c3c3c3c3c3c3c3c3c3c2c3c3c
       451  <<<,<<<<<<<<<<<<  3c3c3c2c3c3c3c3c3c3c3c3c3c3c3c3c
       441  <<<<,<<<<<<<<<<<  3c3c3c3c2c3c3c3c3c3c3c3c3c3c3c3c
       438  <<<<<,<<<<<<<<<<  3c3c3c3c3c2c3c3c3c3c3c3c3c3c3c3c
# epoch 32550  H=1.3202 C=1.2603 HO=0.0600  A(t)=1993
     19252  <<<<<<<<<<<<<<<<  3c3c3c3c3c3c3c3c3c3c3c3c3c3c3c3c
       497  <<<<<<<<<<<<<<<,  3c3c3c3c3c3c3c3c3c3c3c3c3c3c3c2c
       488  ,<<<<<<<<<<<<<<<  2c3c3c3c3c3c3c3c3c3c3c3c3c3c3c3c
       468  <,<<<<<<<<<<<<<<  3c2c3c3c3c3c3c3c3c3c3c3c3c3c3c3c
       467  <<<<<<<<<<<<<<,<  3c3c3c3c3c3c3c3c3c3c3c3c3c3c2c3c
       464  <<<<<<<<<<<<<,<<  3c3c3c3c3c3c3c3c3c3c3c3c3c2c3c3c
       452  <<,<<<<<<<<<<<<<  3c3c2c3c3c3c3c3c3c3c3c3c3c3c3c3c
       438  <<<<<<<<<<<<,<<<  3c3c3c3c3c3c3c3c3c3c3c3c2c3c3c3c
       437  <<<,<<<<<<<<<<<<  3c3c3c2c3c3c3c3c3c3c3c3c3c3c3c3c
       432  <<<<,<<<<<<<<<<<  3c3c3c3c2c3c3c3c3c3c3c3c3c3c3c3c
# epoch 32600  H=1.3567 C=1.3076 HO=0.0491  A(t)=1993
     19241  <<<<<<<<<<<<<<<<  3c3c3c3c3c3c3c3c3c3c3c3c3c3c3c3c
       521  <<<<<<<<<<<<<<<,  3c3c3c3c3c3c3c3c3c3c3c3c3c3c3c2c
       512  ,<<<<<<<<<<<<<<<  2c3c3c3c3c3c3c3c3c3c3c3c3c3c3c3c
       509  <<<<<<<<<<<<<<,<  3c3c3c3c3c3c3c3c3c3c3c3c3c3c2c3c
       498  <<<<<<<<<<<<<,<<  3c3c3c3c3c3c3c3c3c3c3c3c3c2c3c3c
       491  <,<<<<<<<<<<<<<<  3c2c3c3c3c3c3c3c3c3c3c3c3c3c3c3c
       489  <<,<<<<<<<<<<<<<  3c3c2c3c3c3c3c3c3c3c3c3c3c3c3c3c
       488  <<<<<<<<<<<<,<<<  3c3c3c3c3c3c3c3c3c3c3c3c2c3c3c3c
       486  <<<,<<<<<<<<<<<<  3c3c3c2c3c3c3c3c3c3c3c3c3c3c3c3c
       474  <<<<<<,<<<<<<<<<  3c3c3c3c3c3c2c3c3c3c3c3c3c3c3c3c
# epoch 32650  H=1.3148 C=1.2731 HO=0.0417  A(t)=1993
     20114  <<<<<<<<<<<<<<<<  3c3c3c3c3c3c3c3c3c3c3c3c3c3c3c3c
       530  <<<<<<<<<<<<<<<,  3c3c3c3c3c3c3c3c3c3c3c3c3c3c3c2c
       517  ,<<<<<<<<<<<<<<<  2c3c3c3c3c3c3c3c3c3c3c3c3c3c3c3c
       511  <<<<<<<<<<<<<<,<  3c3c3c3c3c3c3c3c3c3c3c3c3c3c2c3c
       503  <<<<<<<<<<<<<,<<  3c3c3c3c3c3c3c3c3c3c3c3c3c2c3c3c
       498  <<<<<<<<<<<<,<<<  3c3c3c3c3c3c3c3c3c3c3c3c2c3c3c3c
       495  <<,<<<<<<<<<<<<<  3c3c2c3c3c3c3c3c3c3c3c3c3c3c3c3c
       494  <<<<<<<<,<<<<<<<  3c3c3c3c3c3c3c3c2c3c3c3c3c3c3c3c
       494  <<<<<<<,<<<<<<<<  3c3c3c3c3c3c3c2c3c3c3c3c3c3c3c3c
       491  <<<,<<<<<<<<<<<<  3c3c3c2c3c3c3c3c3c3c3c3c3c3c3c3c
# epoch 32700  H=1.2874 C=1.2384 HO=0.0490  A(t)=1993
     20753  <<<<<<<<<<<<<<<<  3c3c3c3c3c3c3c3c3c3c3c3c3c3c3c3c
       644  ,,,,,,,,,,,,,,,,  2c2c2c2c2c2c2c2c2c2c2c2c2c2c2c2c
       543  <<<<<<<<<<<<<<<,  3c3c3c3c3c3c3c3c3c3c3c3c3c3c3c2c
       537  ,<<<<<<<<<<<<<<<  2c3c3c3c3c3c3c3c3c3c3c3c3c3c3c3c
       532  <<<<<<<<,<<<<<<<  3c3c3c3c3c3c3c3c2c3c3c3c3c3c3c3c
       529  <<<<<<<<<<,<<<<<  3c3c3c3c3c3c3c3c3c3c2c3c3c3c3c3c
       529  <<<<<<<<<,<<<<<<  3c3c3c3c3c3c3c3c3c2c3c3c3c3c3c3c
       526  <<<<<<<,<<<<<<<<  3c3c3c3c3c3c3c2c3c3c3c3c3c3c3c3c
       523  <<<<<<<<<<<<<<,<  3c3c3c3c3c3c3c3c3c3c3c3c3c3c2c3c
       523  <<<<<<,<<<<<<<<<  3c3c3c3c3c3c2c3c3c3c3c3c3c3c3c3c
# epoch 32750  H=1.2394 C=1.1870 HO=0.0524  A(t)=1993
     19490  <<<<<<<<<<<<<<<<  3c3c3c3c3c3c3c3c3c3c3c3c3c3c3c3c
      1026  ,,,,,,,,,,,,,,,,  2c2c2c2c2c2c2c2c2c2c2c2c2c2c2c2c
       523  <<<<<,<<<<<<<<<<  3c3c3c3c3c2c3c3c3c3c3c3c3c3c3c3c
       521  <<<<,<<<<<<<<<<<  3c3c3c3c2c3c3c3c3c3c3c3c3c3c3c3c
       520  <<<<<<<<,<<<<<<<  3c3c3c3c3c3c3c3c2c3c3c3c3c3c3c3c
       518  <<<<<<,<<<<<<<<<  3c3c3c3c3c3c2c3c3c3c3c3c3c3c3c3c
       517  <<<<<<<,<<<<<<<<  3c3c3c3c3c3c3c2c3c3c3c3c3c3c3c3c
       517  <<<,<<<<<<<<<<<<  3c3c3c2c3c3c3c3c3c3c3c3c3c3c3c3c
       515  <<<<<<<<<<<<<<<,  3c3c3c3c3c3c3c3c3c3c3c3c3c3c3c2c
       514  <<<<<<<<<,<<<<<<  3c3c3c3c3c3c3c3c3c2c3c3c3c3c3c3c
# epoch 32800  H=1.1059 C=1.0968 HO=0.0091  A(t)=1993
     20961  <<<<<<<<<<<<<<<<  3c3c3c3c3c3c3c3c3c3c3c3c3c3c3c3c
       738  ,,,,,,,,,,,,,,,,  2c2c2c2c2c2c2c2c2c2c2c2c2c2c2c2c
       590  <<<<<<<<<<<<<<<,  3c3c3c3c3c3c3c3c3c3c3c3c3c3c3c2c
       573  ,<<<<<<<<<<<<<<<  2c3c3c3c3c3c3c3c3c3c3c3c3c3c3c3c
       567  <<<<<<<<<<<<<<,<  3c3c3c3c3c3c3c3c3c3c3c3c3c3c2c3c
       542  <,<<<<<<<<<<<<<<  3c2c3c3c3c3c3c3c3c3c3c3c3c3c3c3c
       540  <<,<<<<<<<<<<<<<  3c3c2c3c3c3c3c3c3c3c3c3c3c3c3c3c
       536  <<<<<<<<<<<<<,<<  3c3c3c3c3c3c3c3c3c3c3c3c3c2c3c3c
       522  <<<<<<<<<<<<,<<<  3c3c3c3c3c3c3c3c3c3c3c3c2c3c3c3c
       518  <<<,<<<<<<<<<<<<  3c3c3c2c3c3c3c3c3c3c3c3c3c3c3c3c
# epoch 32850  H=1.1735 C=1.1384 HO=0.0351  A(t)=1998
     21021  <<<<<<<<<<<<<<<<  3c3c3c3c3c3c3c3c3c3c3c3c3c3c3c3c
       820  ,,,,,,,,,,,,,,,,  2c2c2c2c2c2c2c2c2c2c2c2c2c2c2c2c
       529  <<<<<<<<<<<<<<<,  3c3c3c3c3c3c3c3c3c3c3c3c3c3c3c2c
       512  <<<<<<<<<<<<<,<<  3c3c3c3c3c3c3c3c3c3c3c3c3c2c3c3c
       509  <<<<<<<<<<<<<<,<  3c3c3c3c3c3c3c3c3c3c3c3c3c3c2c3c
       506  ,<<<<<<<<<<<<<<<  2c3c3c3c3c3c3c3c3c3c3c3c3c3c3c3c
       503  <<,<<<<<<<<<<<<<  3c3c2c3c3c3c3c3c3c3c3c3c3c3c3c3c
       502  <,<<<<<<<<<<<<<<  3c2c3c3c3c3c3c3c3c3c3c3c3c3c3c3c
       485  <<<<<<<<<<<<,<<<  3c3c3c3c3c3c3c3c3c3c3c3c2c3c3c3c
       480  <<<,<<<<<<<<<<<<  3c3c3c2c3c3c3c3c3c3c3c3c3c3c3c3c
# epoch 32900  H=1.1543 C=1.1248 HO=0.0295  A(t)=1998
     21023  <<<<<<<<<<<<<<<<  3c3c3c3c3c3c3c3c3c3c3c3c3c3c3c3c
       765  ,,,,,,,,,,,,,,,,  2c2c2c2c2c2c2c2c2c2c2c2c2c2c2c2c
       536  <<<<<<<<<<<<<<<,  3c3c3c3c3c3c3c3c3c3c3c3c3c3c3c2c
       519  ,<<<<<<<<<<<<<<<  2c3c3c3c3c3c3c3c3c3c3c3c3c3c3c3c
       511  <<<<<<<<<<<<<<,<  3c3c3c3c3c3c3c3c3c3c3c3c3c3c2c3c
       502  <,<<<<<<<<<<<<<<  3c2c3c3c3c3c3c3c3c3c3c3c3c3c3c3c
       496  <<,<<<<<<<<<<<<<  3c3c2c3c3c3c3c3c3c3c3c3c3c3c3c3c
       491  <<<,<<<<<<<<<<<<  3c3c3c2c3c3c3c3c3c3c3c3c3c3c3c3c
       484  <<<<<<<<<<<<<,<<  3c3c3c3c3c3c3c3c3c3c3c3c3c2c3c3c
       483  <<<<<<<<<<<<,<<<  3c3c3c3c3c3c3c3c3c3c3c3c2c3c3c3c
# epoch 32950  H=1.1115 C=1.1001 HO=0.0114  A(t)=1998
     22498  <<<<<<<<<<<<<<<<  3c3c3c3c3c3c3c3c3c3c3c3c3c3c3c3c
       536  <<<<<<<<<<<<<<<,  3c3c3c3c3c3c3c3c3c3c3c3c3c3c3c2c
       521  ,,,,,,,,,,,,,,,,  2c2c2c2c2c2c2c2c2c2c2c2c2c2c2c2c
       514  <<<<<<<<<<<<<<,<  3c3c3c3c3c3c3c3c3c3c3c3c3c3c2c3c
       514  <,<<<<<<<<<<<<<<  3c2c3c3c3c3c3c3c3c3c3c3c3c3c3c3c
       512  ,<<<<<<<<<<<<<<<  2c3c3c3c3c3c3c3c3c3c3c3c3c3c3c3c
       509  <<<<<<<<<<<<<,<<  3c3c3c3c3c3c3c3c3c3c3c3c3c2c3c3c
       506  <<,<<<<<<<<<<<<<  3c3c2c3c3c3c3c3c3c3c3c3c3c3c3c3c
       505  <<<<<<<<,<<<<<<<  3c3c3c3c3c3c3c3c2c3c3c3c3c3c3c3c
       504  <<<<<<<,<<<<<<<<  3c3c3c3c3c3c3c2c3c3c3c3c3c3c3c3c
# epoch 33000  H=1.2719 C=1.2123 HO=0.0597  A(t)=1998
     20276  <<<<<<<<<<<<<<<<  3c3c3c3c3c3c3c3c3c3c3c3c3c3c3c3c
       706  ,,,,,,,,,,,,,,,,  2c2c2c2c2c2c2c2c2c2c2c2c2c2c2c2c
       491  <<<<<<<<<<<<<<<,  3c3c3c3c3c3c3c3c3c3c3c3c3c3c3c2c
       472  <<<<<<<<<<<<<<,<  3c3c3c3c3c3c3c3c3c3c3c3c3c3c2c3c
       466  ,<<<<<<<<<<<<<<<  2c3c3c3c3c3c3c3c3c3c3c3c3c3c3c3c
       462  <,<<<<<<<<<<<<<<  3c2c3c3c3c3c3c3c3c3c3c3c3c3c3c3c
       455  <<<,<<<<<<<<<<<<  3c3c3c2c3c3c3c3c3c3c3c3c3c3c3c3c
       454  <<<<<<<<<<<<<,<<  3c3c3c3c3c3c3c3c3c3c3c3c3c2c3c3c
       453  <<,<<<<<<<<<<<<<  3c3c2c3c3c3c3c3c3c3c3c3c3c3c3c3c
       450  <<<<,<<<<<<<<<<<  3c3c3c3c2c3c3c3c3c3c3c3c3c3c3c3c
# epoch 33050  H=1.3202 C=1.2584 HO=0.0618  A(t)=1998
     20490  <<<<<<<<<<<<<<<<  3c3c3c3c3c3c3c3c3c3c3c3c3c3c3c3c
       686  ,,,,,,,,,,,,,,,,  2c2c2c2c2c2c2c2c2c2c2c2c2c2c2c2c
       497  <<<<<<<<<<<<<<<,  3c3c3c3c3c3c3c3c3c3c3c3c3c3c3c2c
       477  <<<<<<<<<<<<<<,<  3c3c3c3c3c3c3c3c3c3c3c3c3c3c2c3c
       464  ,<<<<<<<<<<<<<<<  2c3c3c3c3c3c3c3c3c3c3c3c3c3c3c3c
       463  <<<<<<<<<<<<<,<<  3c3c3c3c3c3c3c3c3c3c3c3c3c2c3c3c
       459  <,<<<<<<<<<<<<<<  3c2c3c3c3c3c3c3c3c3c3c3c3c3c3c3c
       451  <<<<<<<<<<<<,<<<  3c3c3c3c3c3c3c3c3c3c3c3c2c3c3c3c
       450  <<,<<<<<<<<<<<<<  3c3c2c3c3c3c3c3c3c3c3c3c3c3c3c3c
       446  <<<,<<<<<<<<<<<<  3c3c3c2c3c3c3c3c3c3c3c3c3c3c3c3c
# epoch 33100  H=1.3037 C=1.2361 HO=0.0676  A(t)=2002
     21953  <<<<<<<<<<<<<<<<  3c3c3c3c3c3c3c3c3c3c3c3c3c3c3c3c
       757  ,,,,,,,,,,,,,,,,  2c2c2c2c2c2c2c2c2c2c2c2c2c2c2c2c
       495  <<<<<<<<<<<<<<<,  3c3c3c3c3c3c3c3c3c3c3c3c3c3c3c2c
       488  <<<<<<<<<<<<<<,<  3c3c3c3c3c3c3c3c3c3c3c3c3c3c2c3c
       473  <<<<<<<<<<<<<,<<  3c3c3c3c3c3c3c3c3c3c3c3c3c2c3c3c
       472  <<<<<<<<,<<<<<<<  3c3c3c3c3c3c3c3c2c3c3c3c3c3c3c3c
       472  <<<<<<,<<<<<<<<<  3c3c3c3c3c3c2c3c3c3c3c3c3c3c3c3c
       470  <<<<<,<<<<<<<<<<  3c3c3c3c3c2c3c3c3c3c3c3c3c3c3c3c
       470  ,<<<<<<<<<<<<<<<  2c3c3c3c3c3c3c3c3c3c3c3c3c3c3c3c
       469  <<<<<<<<<,<<<<<<  3c3c3c3c3c3c3c3c3c2c3c3c3c3c3c3c
# epoch 33150  H=1.2999 C=1.2560 HO=0.0439  A(t)=2005
     20393  <<<<<<<<<<<<<<<<  3c3c3c3c3c3c3c3c3c3c3c3c3c3c3c3c
       534  <<<<<<<<<<<<<<<,  3c3c3c3c3c3c3c3c3c3c3c3c3c3c3c2c
       516  <<<<<<<<<<<<<<,<  3c3c3c3c3c3c3c3c3c3c3c3c3c3c2c3c
       500  ,<<<<<<<<<<<<<<<  2c3c3c3c3c3c3c3c3c3c3c3c3c3c3c3c
       497  <<<<<<<<<<<<<,<<  3c3c3c3c3c3c3c3c3c3c3c3c3c2c3c3c
       488  <<<<<<<<<<<<,<<<  3c3c3c3c3c3c3c3c3c3c3c3c2c3c3c3c
       482  <,<<<<<<<<<<<<<<  3c2c3c3c3c3c3c3c3c3c3c3c3c3c3c3c
       478  <<,<<<<<<<<<<<<<  3c3c2c3c3c3c3c3c3c3c3c3c3c3c3c3c
       474  <<<<<<<<<<<,<<<<  3c3c3c3c3c3c3c3c3c3c3c2c3c3c3c3c
       467  <<<<,<<<<<<<<<<<  3c3c3c3c2c3c3c3c3c3c3c3c3c3c3c3c
# epoch 33200  H=1.3031 C=1.2274 HO=0.0756  A(t)=2006
     20398  <<<<<<<<<<<<<<<<  3c3c3c3c3c3c3c3c3c3c3c3c3c3c3c3c
       797  ,,,,,,,,,,,,,,,,  2c2c2c2c2c2c2c2c2c2c2c2c2c2c2c2c
       518  <<<<<<<<<<<<<<<,  3c3c3c3c3c3c3c3c3c3c3c3c3c3c3c2c
       516  <<<<<<<<<<<<<,<<  3c3c3c3c3c3c3c3c3c3c3c3c3c2c3c3c
       511  <<<<<<<<<<<,<<<<  3c3c3c3c3c3c3c3c3c3c3c2c3c3c3c3c
       509  <<<<<<<<<<<<<<,<  3c3c3c3c3c3c3c3c3c3c3c3c3c3c2c3c
       507  <<,<<<<<<<<<<<<<  3c3c2c3c3c3c3c3c3c3c3c3c3c3c3c3c
       506  <<<<<<<<<<<<,<<<  3c3c3c3c3c3c3c3c3c3c3c3c2c3c3c3c
       504  <<<<,<<<<<<<<<<<  3c3c3c3c2c3c3c3c3c3c3c3c3c3c3c3c
       502  <,<<<<<<<<<<<<<<  3c2c3c3c3c3c3c3c3c3c3c3c3c3c3c3c
# epoch 33250  H=1.2279 C=1.1730 HO=0.0549  A(t)=2006
     21536  <<<<<<<<<<<<<<<<  3c3c3c3c3c3c3c3c3c3c3c3c3c3c3c3c
       805  ,,,,,,,,,,,,,,,,  2c2c2c2c2c2c2c2c2c2c2c2c2c2c2c2c
       546  <<<<<<<<<<<<<<<,  3c3c3c3c3c3c3c3c3c3c3c3c3c3c3c2c
       534  ,<<<<<<<<<<<<<<<  2c3c3c3c3c3c3c3c3c3c3c3c3c3c3c3c
       525  <,<<<<<<<<<<<<<<  3c2c3c3c3c3c3c3c3c3c3c3c3c3c3c3c
       517  <<<<<<<<<<<<<<,<  3c3c3c3c3c3c3c3c3c3c3c3c3c3c2c3c
       511  <<,<<<<<<<<<<<<<  3c3c2c3c3c3c3c3c3c3c3c3c3c3c3c3c
       497  <<<<<<<<<<<<<,<<  3c3c3c3c3c3c3c3c3c3c3c3c3c2c3c3c
       491  <<<,<<<<<<<<<<<<  3c3c3c2c3c3c3c3c3c3c3c3c3c3c3c3c
       488  <<<<<<<<<<<<,<<<  3c3c3c3c3c3c3c3c3c3c3c3c2c3c3c3c
# epoch 33300  H=1.2390 C=1.2043 HO=0.0346  A(t)=2006
     19444  <<<<<<<<<<<<<<<<  3c3c3c3c3c3c3c3c3c3c3c3c3c3c3c3c
       676  ,,,,,,,,,,,,,,,,  2c2c2c2c2c2c2c2c2c2c2c2c2c2c2c2c
       530  <<<<<<<<<<<<<<<,  3c3c3c3c3c3c3c3c3c3c3c3c3c3c3c2c
       519  ,<<<<<<<<<<<<<<<  2c3c3c3c3c3c3c3c3c3c3c3c3c3c3c3c
       510  <,<<<<<<<<<<<<<<  3c2c3c3c3c3c3c3c3c3c3c3c3c3c3c3c
       499  <<,<<<<<<<<<<<<<  3c3c2c3c3c3c3c3c3c3c3c3c3c3c3c3c
       498  <<<<<<<<<<<<<<,<  3c3c3c3c3c3c3c3c3c3c3c3c3c3c2c3c
       483  <<<<<<<<<<<<<,<<  3c3c3c3c3c3c3c3c3c3c3c3c3c2c3c3c
       478  <<<,<<<<<<<<<<<<  3c3c3c2c3c3c3c3c3c3c3c3c3c3c3c3c
       471  <<<<<<<<<<<<,<<<  3c3c3c3c3c3c3c3c3c3c3c3c2c3c3c3c
# epoch 33350  H=1.2037 C=1.1561 HO=0.0476  A(t)=2006
     20659  <<<<<<<<<<<<<<<<  3c3c3c3c3c3c3c3c3c3c3c3c3c3c3c3c
      1051  ,,,,,,,,,,,,,,,,  2c2c2c2c2c2c2c2c2c2c2c2c2c2c2c2c
       521  <<<<<<<<<<<<<<<,  3c3c3c3c3c3c3c3c3c3c3c3c3c3c3c2c
       513  ,<<<<<<<<<<<<<<<  2c3c3c3c3c3c3c3c3c3c3c3c3c3c3c3c
       484  <,<<<<<<<<<<<<<<  3c2c3c3c3c3c3c3c3c3c3c3c3c3c3c3c
       483  <<<<<<<<<<<<<<,<  3c3c3c3c3c3c3c3c3c3c3c3c3c3c2c3c
       472  <<,<<<<<<<<<<<<<  3c3c2c3c3c3c3c3c3c3c3c3c3c3c3c3c
       446  <<<<<<<<<<<<<,<<  3c3c3c3c3c3c3c3c3c3c3c3c3c2c3c3c
       442  <<<,<<<<<<<<<<<<  3c3c3c2c3c3c3c3c3c3c3c3c3c3c3c3c
       438  <<<<<<<<<<<<,<<<  3c3c3c3c3c3c3c3c3c3c3c3c2c3c3c3c
# epoch 33400  H=1.2759 C=1.2008 HO=0.0751  A(t)=2006
     19888  <<<<<<<<<<<<<<<<  3c3c3c3c3c3c3c3c3c3c3c3c3c3c3c3c
      1060  ,,,,,,,,,,,,,,,,  2c2c2c2c2c2c2c2c2c2c2c2c2c2c2c2c
       489  <<<<<<<<<<<<<<<,  3c3c3c3c3c3c3c3c3c3c3c3c3c3c3c2c
       472  ,<<<<<<<<<<<<<<<  2c3c3c3c3c3c3c3c3c3c3c3c3c3c3c3c
       456  <,<<<<<<<<<<<<<<  3c2c3c3c3c3c3c3c3c3c3c3c3c3c3c3c
       447  <<<<<<<<<<<<<<,<  3c3c3c3c3c3c3c3c3c3c3c3c3c3c2c3c
       437  <<,<<<<<<<<<<<<<  3c3c2c3c3c3c3c3c3c3c3c3c3c3c3c3c
       436  <<<,<<<<<<<<<<<<  3c3c3c2c3c3c3c3c3c3c3c3c3c3c3c3c
       429  <<<<,<<<<<<<<<<<  3c3c3c3c2c3c3c3c3c3c3c3c3c3c3c3c
       427  <<<<<<,<<<<<<<<<  3c3c3c3c3c3c2c3c3c3c3c3c3c3c3c3c
# epoch 33450  H=1.2401 C=1.2051 HO=0.0350  A(t)=2006
     20959  <<<<<<<<<<<<<<<<  3c3c3c3c3c3c3c3c3c3c3c3c3c3c3c3c
       727  ,,,,,,,,,,,,,,,,  2c2c2c2c2c2c2c2c2c2c2c2c2c2c2c2c
       553  <<<<<<<<<<<<<<<,  3c3c3c3c3c3c3c3c3c3c3c3c3c3c3c2c
       541  <<<<<<<<<<<<<,<<  3c3c3c3c3c3c3c3c3c3c3c3c3c2c3c3c
       532  <<<<<<<<<<<<<<,<  3c3c3c3c3c3c3c3c3c3c3c3c3c3c2c3c
       528  ,<<<<<<<<<<<<<<<  2c3c3c3c3c3c3c3c3c3c3c3c3c3c3c3c
       522  <<<<<,<<<<<<<<<<  3c3c3c3c3c2c3c3c3c3c3c3c3c3c3c3c
       518  <<<<,<<<<<<<<<<<  3c3c3c3c2c3c3c3c3c3c3c3c3c3c3c3c
       513  <<<,<<<<<<<<<<<<  3c3c3c2c3c3c3c3c3c3c3c3c3c3c3c3c
       510  <<<<<<<<<<<<,<<<  3c3c3c3c3c3c3c3c3c3c3c3c2c3c3c3c
# epoch 33500  H=1.3204 C=1.2504 HO=0.0701  A(t)=2006
     19571  <<<<<<<<<<<<<<<<  3c3c3c3c3c3c3c3c3c3c3c3c3c3c3c3c
       776  ,,,,,,,,,,,,,,,,  2c2c2c2c2c2c2c2c2c2c2c2c2c2c2c2c
       507  <<<<<<<<<<<<<<<,  3c3c3c3c3c3c3c3c3c3c3c3c3c3c3c2c
       498  <<<<<<<<<<<<<<,<  3c3c3c3c3c3c3c3c3c3c3c3c3c3c2c3c
       482  <<<<<<<<<<<<<,<<  3c3c3c3c3c3c3c3c3c3c3c3c3c2c3c3c
       482  ,<<<<<<<<<<<<<<<  2c3c3c3c3c3c3c3c3c3c3c3c3c3c3c3c
       478  <<<<<<<<<<,<<<<<  3c3c3c3c3c3c3c3c3c3c2c3c3c3c3c3c
       474  <<<<<<<<<<<<,<<<  3c3c3c3c3c3c3c3c3c3c3c3c2c3c3c3c
       474  <<<<<<<<<<<,<<<<  3c3c3c3c3c3c3c3c3c3c3c2c3c3c3c3c
       474  <,<<<<<<<<<<<<<<  3c2c3c3c3c3c3c3c3c3c3c3c3c3c3c3c
# epoch 33550  H=1.2605 C=1.1990 HO=0.0616  A(t)=2006
     21634  <<<<<<<<<<<<<<<<  3c3c3c3c3c3c3c3c3c3c3c3c3c3c3c3c
       562  ,,,,,,,,,,,,,,,,  2c2c2c2c2c2c2c2c2c2c2c2c2c2c2c2c
       529  <<<<<<<<<<<<<<<,  3c3c3c3c3c3c3c3c3c3c3c3c3c3c3c2c
       518  <<,<<<<<<<<<<<<<  3c3c2c3c3c3c3c3c3c3c3c3c3c3c3c3c
       518  <,<<<<<<<<<<<<<<  3c2c3c3c3c3c3c3c3c3c3c3c3c3c3c3c
       516  ,<<<<<<<<<<<<<<<  2c3c3c3c3c3c3c3c3c3c3c3c3c3c3c3c
       515  <<<<<<<<<<<<<<,<  3c3c3c3c3c3c3c3c3c3c3c3c3c3c2c3c
       513  <<<<,<<<<<<<<<<<  3c3c3c3c2c3c3c3c3c3c3c3c3c3c3c3c
       513  <<<,<<<<<<<<<<<<  3c3c3c2c3c3c3c3c3c3c3c3c3c3c3c3c
       502  <<<<<<<,<<<<<<<<  3c3c3c3c3c3c3c2c3c3c3c3c3c3c3c3c
# epoch 33600  H=1.3483 C=1.2455 HO=0.1028  A(t)=2006
     19324  <<<<<<<<<<<<<<<<  3c3c3c3c3c3c3c3c3c3c3c3c3c3c3c3c
       623  ,,,,,,,,,,,,,,,,  2c2c2c2c2c2c2c2c2c2c2c2c2c2c2c2c
       493  <<<<<<<<<<<<<<<,  3c3c3c3c3c3c3c3c3c3c3c3c3c3c3c2c
       482  ,<<<<<<<<<<<<<<<  2c3c3c3c3c3c3c3c3c3c3c3c3c3c3c3c
       473  <<<<<<<<<<<<<<,<  3c3c3c3c3c3c3c3c3c3c3c3c3c3c2c3c
       462  <,<<<<<<<<<<<<<<  3c2c3c3c3c3c3c3c3c3c3c3c3c3c3c3c
       456  <<<<<<<<<<<<<,<<  3c3c3c3c3c3c3c3c3c3c3c3c3c2c3c3c
       450  <<,<<<<<<<<<<<<<  3c3c2c3c3c3c3c3c3c3c3c3c3c3c3c3c
       442  <<<<,<<<<<<<<<<<  3c3c3c3c2c3c3c3c3c3c3c3c3c3c3c3c
       442  <<<,<<<<<<<<<<<<  3c3c3c2c3c3c3c3c3c3c3c3c3c3c3c3c
# epoch 33650  H=1.1742 C=1.1416 HO=0.0326  A(t)=2006
     21971  <<<<<<<<<<<<<<<<  3c3c3c3c3c3c3c3c3c3c3c3c3c3c3c3c
       570  <<<<<<<<<<<<<<<,  3c3c3c3c3c3c3c3c3c3c3c3c3c3c3c2c
       562  ,<<<<<<<<<<<<<<<  2c3c3c3c3c3c3c3c3c3c3c3c3c3c3c3c
       539  <,<<<<<<<<<<<<<<  3c2c3c3c3c3c3c3c3c3c3c3c3c3c3c3c
       534  <<<<<<<<<<<<<<,<  3c3c3c3c3c3c3c3c3c3c3c3c3c3c2c3c
       524  ,,,,,,,,,,,,,,,,  2c2c2c2c2c2c2c2c2c2c2c2c2c2c2c2c
       521  <<,<<<<<<<<<<<<<  3c3c2c3c3c3c3c3c3c3c3c3c3c3c3c3c
       513  <<<,<<<<<<<<<<<<  3c3c3c2c3c3c3c3c3c3c3c3c3c3c3c3c
       503  <<<<<<<<<<<<<,<<  3c3c3c3c3c3c3c3c3c3c3c3c3c2c3c3c
       495  <<<<<<<<<<<<,<<<  3c3c3c3c3c3c3c3c3c3c3c3c2c3c3c3c
# epoch 33700  H=1.2192 C=1.1744 HO=0.0448  A(t)=2006
     22408  <<<<<<<<<<<<<<<<  3c3c3c3c3c3c3c3c3c3c3c3c3c3c3c3c
       539  <<<<<<<<<<<<<<<,  3c3c3c3c3c3c3c3c3c3c3c3c3c3c3c2c
       523  ,<<<<<<<<<<<<<<<  2c3c3c3c3c3c3c3c3c3c3c3c3c3c3c3c
       514  <<<<<<<<<<<<<<,<  3c3c3c3c3c3c3c3c3c3c3c3c3c3c2c3c
       506  <,<<<<<<<<<<<<<<  3c2c3c3c3c3c3c3c3c3c3c3c3c3c3c3c
       504  <<<<<<<<<<<<<,<<  3c3c3c3c3c3c3c3c3c3c3c3c3c2c3c3c
       498  <<,<<<<<<<<<<<<<  3c3c2c3c3c3c3c3c3c3c3c3c3c3c3c3c
       491  <<<,<<<<<<<<<<<<  3c3c3c2c3c3c3c3c3c3c3c3c3c3c3c3c
       482  <<<<,<<<<<<<<<<<  3c3c3c3c2c3c3c3c3c3c3c3c3c3c3c3c
       481  <<<<<<<,<<<<<<<<  3c3c3c3c3c3c3c2c3c3c3c3c3c3c3c3c
# epoch 33750  H=1.2140 C=1.1552 HO=0.0588  A(t)=2006
     21496  <<<<<<<<<<<<<<<<  3c3c3c3c3c3c3c3c3c3c3c3c3c3c3c3c
       465  <<<<<<<<<<<<<<<,  3c3c3c3c3c3c3c3c3c3c3c3c3c3c3c2c
       454  ,<<<<<<<<<<<<<<<  2c3c3c3c3c3c3c3c3c3c3c3c3c3c3c3c
       449  ,,,,,,,,,,,,,,,,  2c2c2c2c2c2c2c2c2c2c2c2c2c2c2c2c
       443  <<<<<<<<<<<<<<,<  3c3c3c3c3c3c3c3c3c3c3c3c3c3c2c3c
       442  <,<<<<<<<<<<<<<<  3c2c3c3c3c3c3c3c3c3c3c3c3c3c3c3c
       438  <<,<<<<<<<<<<<<<  3c3c2c3c3c3c3c3c3c3c3c3c3c3c3c3c
       430  <<<,<<<<<<<<<<<<  3c3c3c2c3c3c3c3c3c3c3c3c3c3c3c3c
       425  <<<<<<<<<,<<<<<<  3c3c3c3c3c3c3c3c3c2c3c3c3c3c3c3c
       425  <<<<,<<<<<<<<<<<  3c3c3c3c2c3c3c3c3c3c3c3c3c3c3c3c
# epoch 33800  H=1.2820 C=1.2239 HO=0.0581  A(t)=2006
     19918  <<<<<<<<<<<<<<<<  3c3c3c3c3c3c3c3c3c3c3c3c3c3c3c3c
       549  ,,,,,,,,,,,,,,,,  2c2c2c2c2c2c2c2c2c2c2c2c2c2c2c2c
       526  <<<<<<<<<<<<<<<,  3c3c3c3c3c3c3c3c3c3c3c3c3c3c3c2c
       526  <<<<<<<<<<<<<<,<  3c3c3c3c3c3c3c3c3c3c3c3c3c3c2c3c
       518  ,<<<<<<<<<<<<<<<  2c3c3c3c3c3c3c3c3c3c3c3c3c3c3c3c
       499  <,<<<<<<<<<<<<<<  3c2c3c3c3c3c3c3c3c3c3c3c3c3c3c3c
       495  <<<<<<<<<<<<<,<<  3c3c3c3c3c3c3c3c3c3c3c3c3c2c3c3c
       493  <<<<<<<,<<<<<<<<  3c3c3c3c3c3c3c2c3c3c3c3c3c3c3c3c
       492  <<,<<<<<<<<<<<<<  3c3c2c3c3c3c3c3c3c3c3c3c3c3c3c3c
       487  <<<<<<<<,<<<<<<<  3c3c3c3c3c3c3c3c2c3c3c3c3c3c3c3c
# epoch 33850  H=1.3642 C=1.2617 HO=0.1025  A(t)=2006
     19867  <<<<<<<<<<<<<<<<  3c3c3c3c3c3c3c3c3c3c3c3c3c3c3c3c
       552  <<<<<<<<<<<<<<<,  3c3c3c3c3c3c3c3c3c3c3c3c3c3c3c2c
       532  ,<<<<<<<<<<<<<<<  2c3c3c3c3c3c3c3c3c3c3c3c3c3c3c3c
       513  <,<<<<<<<<<<<<<<  3c2c3c3c3c3c3c3c3c3c3c3c3c3c3c3c
       512  <<<<<<<<<<<<<<,<  3c3c3c3c3c3c3c3c3c3c3c3c3c3c2c3c
       504  <<<<<<<<<<<<<,<<  3c3c3c3c3c3c3c3c3c3c3c3c3c2c3c3c
       500  <<,<<<<<<<<<<<<<  3c3c2c3c3c3c3c3c3c3c3c3c3c3c3c3c
       497  <<<<<<<<<<<<,<<<  3c3c3c3c3c3c3c3c3c3c3c3c2c3c3c3c
       483  <<<,<<<<<<<<<<<<  3c3c3c2c3c3c3c3c3c3c3c3c3c3c3c3c
       481  <<<<<<<<<<<,<<<<  3c3c3c3c3c3c3c3c3c3c3c2c3c3c3c3c
# epoch 33900  H=1.2465 C=1.1703 HO=0.0762  A(t)=2006
     21026  <<<<<<<<<<<<<<<<  3c3c3c3c3c3c3c3c3c3c3c3c3c3c3c3c
       739  ,,,,,,,,,,,,,,,,  2c2c2c2c2c2c2c2c2c2c2c2c2c2c2c2c
       533  <<<<<<<<<<<<<<<,  3c3c3c3c3c3c3c3c3c3c3c3c3c3c3c2c
       522  ,<<<<<<<<<<<<<<<  2c3c3c3c3c3c3c3c3c3c3c3c3c3c3c3c
       518  <<<<<<<<<<<<,<<<  3c3c3c3c3c3c3c3c3c3c3c3c2c3c3c3c
       518  <<<<,<<<<<<<<<<<  3c3c3c3c2c3c3c3c3c3c3c3c3c3c3c3c
       518  <<,<<<<<<<<<<<<<  3c3c2c3c3c3c3c3c3c3c3c3c3c3c3c3c
       516  <<<,<<<<<<<<<<<<  3c3c3c2c3c3c3c3c3c3c3c3c3c3c3c3c
       514  <,<<<<<<<<<<<<<<  3c2c3c3c3c3c3c3c3c3c3c3c3c3c3c3c
       511  <<<<<<<<<<<,<<<<  3c3c3c3c3c3c3c3c3c3c3c2c3c3c3c3c
# epoch 33950  H=1.2546 C=1.1813 HO=0.0733  A(t)=2006
     19435  <<<<<<<<<<<<<<<<  3c3c3c3c3c3c3c3c3c3c3c3c3c3c3c3c
       973  ,,,,,,,,,,,,,,,,  2c2c2c2c2c2c2c2c2c2c2c2c2c2c2c2c
       520  <<<<<<<<<<<<<<<,  3c3c3c3c3c3c3c3c3c3c3c3c3c3c3c2c
       508  <<,<<<<<<<<<<<<<  3c3c2c3c3c3c3c3c3c3c3c3c3c3c3c3c
       507  <<<,<<<<<<<<<<<<  3c3c3c2c3c3c3c3c3c3c3c3c3c3c3c3c
       501  <<<<<<<<<<<,<<<<  3c3c3c3c3c3c3c3c3c3c3c2c3c3c3c3c
       500  <<<<<,<<<<<<<<<<  3c3c3c3c3c2c3c3c3c3c3c3c3c3c3c3c
       498  <<<<<<<<<<<<<,<<  3c3c3c3c3c3c3c3c3c3c3c3c3c2c3c3c
       498  <<<<,<<<<<<<<<<<  3c3c3c3c2c3c3c3c3c3c3c3c3c3c3c3c
       496  <<<<<<<<<<<<<<,<  3c3c3c3c3c3c3c3c3c3c3c3c3c3c2c3c
# epoch 34000  H=1.2090 C=1.1798 HO=0.0292  A(t)=2006
     19542  <<<<<<<<<<<<<<<<  3c3c3c3c3c3c3c3c3c3c3c3c3c3c3c3c
       579  ,,,,,,,,,,,,,,,,  2c2c2c2c2c2c2c2c2c2c2c2c2c2c2c2c
       507  <<<<<<<<<<<<<<<,  3c3c3c3c3c3c3c3c3c3c3c3c3c3c3c2c
       498  ,<<<<<<<<<<<<<<<  2c3c3c3c3c3c3c3c3c3c3c3c3c3c3c3c
       490  <<<<<<<<<<<<<<,<  3c3c3c3c3c3c3c3c3c3c3c3c3c3c2c3c
       486  <,<<<<<<<<<<<<<<  3c2c3c3c3c3c3c3c3c3c3c3c3c3c3c3c
       485  <<<<<<<<<<<<<,<<  3c3c3c3c3c3c3c3c3c3c3c3c3c2c3c3c
       482  <<,<<<<<<<<<<<<<  3c3c2c3c3c3c3c3c3c3c3c3c3c3c3c3c
       467  <<<,<<<<<<<<<<<<  3c3c3c2c3c3c3c3c3c3c3c3c3c3c3c3c
       463  <<<<<<<<<<<<,<<<  3c3c3c3c3c3c3c3c3c3c3c3c2c3c3c3c
# epoch 34050  H=1.2583 C=1.2059 HO=0.0524  A(t)=2008
     20010  <<<<<<<<<<<<<<<<  3c3c3c3c3c3c3c3c3c3c3c3c3c3c3c3c
       554  <<<<<<<<<<<<<<<,  3c3c3c3c3c3c3c3c3c3c3c3c3c3c3c2c
       552  ,,,,,,,,,,,,,,,,  2c2c2c2c2c2c2c2c2c2c2c2c2c2c2c2c
       524  ,<<<<<<<<<<<<<<<  2c3c3c3c3c3c3c3c3c3c3c3c3c3c3c3c
       520  <<<<<<<<<<<<<<,<  3c3c3c3c3c3c3c3c3c3c3c3c3c3c2c3c
       506  <,<<<<<<<<<<<<<<  3c2c3c3c3c3c3c3c3c3c3c3c3c3c3c3c
       504  <<,<<<<<<<<<<<<<  3c3c2c3c3c3c3c3c3c3c3c3c3c3c3c3c
       488  <<<<<<<<<<<<<,<<  3c3c3c3c3c3c3c3c3c3c3c3c3c2c3c3c
       477  <<<,<<<<<<<<<<<<  3c3c3c2c3c3c3c3c3c3c3c3c3c3c3c3c
       468  <<<<,<<<<<<<<<<<  3c3c3c3c2c3c3c3c3c3c3c3c3c3c3c3c
# epoch 34100  H=1.3524 C=1.2657 HO=0.0867  A(t)=2009
     19012  <<<<<<<<<<<<<<<<  3c3c3c3c3c3c3c3c3c3c3c3c3c3c3c3c
       672  ,,,,,,,,,,,,,,,,  2c2c2c2c2c2c2c2c2c2c2c2c2c2c2c2c
       490  <<<<<<<<<<<<<<<,  3c3c3c3c3c3c3c3c3c3c3c3c3c3c3c2c
       485  ,<<<<<<<<<<<<<<<  2c3c3c3c3c3c3c3c3c3c3c3c3c3c3c3c
       465  <<<<<<<<<<<<<<,<  3c3c3c3c3c3c3c3c3c3c3c3c3c3c2c3c
       457  <,<<<<<<<<<<<<<<  3c2c3c3c3c3c3c3c3c3c3c3c3c3c3c3c
       452  <<<<<<<<<<<<<,<<  3c3c3c3c3c3c3c3c3c3c3c3c3c2c3c3c
       448  <<,<<<<<<<<<<<<<  3c3c2c3c3c3c3c3c3c3c3c3c3c3c3c3c
       439  <<<,<<<<<<<<<<<<  3c3c3c2c3c3c3c3c3c3c3c3c3c3c3c3c
       436  <<<<<,<<<<<<<<<<  3c3c3c3c3c2c3c3c3c3c3c3c3c3c3c3c
# epoch 34150  H=1.1936 C=1.1354 HO=0.0583  A(t)=2009
     19380  <<<<<<<<<<<<<<<<  3c3c3c3c3c3c3c3c3c3c3c3c3c3c3c3c
      1142  ,,,,,,,,,,,,,,,,  2c2c2c2c2c2c2c2c2c2c2c2c2c2c2c2c
       520  <<<<<<<<<<<<<<<,  3c3c3c3c3c3c3c3c3c3c3c3c3c3c3c2c
       498  <<<<<,<<<<<<<<<<  3c3c3c3c3c2c3c3c3c3c3c3c3c3c3c3c
       496  ,<<<<<<<<<<<<<<<  2c3c3c3c3c3c3c3c3c3c3c3c3c3c3c3c
       495  <<<<<<<<<<<<<<,<  3c3c3c3c3c3c3c3c3c3c3c3c3c3c2c3c
       493  <<<<<<,<<<<<<<<<  3c3c3c3c3c3c2c3c3c3c3c3c3c3c3c3c
       493  <<,<<<<<<<<<<<<<  3c3c2c3c3c3c3c3c3c3c3c3c3c3c3c3c
       491  <,<<<<<<<<<<<<<<  3c2c3c3c3c3c3c3c3c3c3c3c3c3c3c3c
       488  <<<<<<<<<<<,<<<<  3c3c3c3c3c3c3c3c3c3c3c2c3c3c3c3c
# epoch 34200  H=1.0894 C=1.0651 HO=0.0244  A(t)=2009
     21044  <<<<<<<<<<<<<<<<  3c3c3c3c3c3c3c3c3c3c3c3c3c3c3c3c
       785  ,,,,,,,,,,,,,,,,  2c2c2c2c2c2c2c2c2c2c2c2c2c2c2c2c
       594  <<<<<<<<<<<<<<<,  3c3c3c3c3c3c3c3c3c3c3c3c3c3c3c2c
       574  <<<<<<<<<<<<<,<<  3c3c3c3c3c3c3c3c3c3c3c3c3c2c3c3c
       568  ,<<<<<<<<<<<<<<<  2c3c3c3c3c3c3c3c3c3c3c3c3c3c3c3c
       564  <<<<<<<<<<<<<<,<  3c3c3c3c3c3c3c3c3c3c3c3c3c3c2c3c
       559  <,<<<<<<<<<<<<<<  3c2c3c3c3c3c3c3c3c3c3c3c3c3c3c3c
       554  <<,<<<<<<<<<<<<<  3c3c2c3c3c3c3c3c3c3c3c3c3c3c3c3c
       551  <<<<<,<<<<<<<<<<  3c3c3c3c3c2c3c3c3c3c3c3c3c3c3c3c
       548  <<<<<<<<<<<<,<<<  3c3c3c3c3c3c3c3c3c3c3c3c2c3c3c3c
# epoch 34250  H=1.0230 C=0.9902 HO=0.0328  A(t)=2009
     22214  <<<<<<<<<<<<<<<<  3c3c3c3c3c3c3c3c3c3c3c3c3c3c3c3c
       834  ,,,,,,,,,,,,,,,,  2c2c2c2c2c2c2c2c2c2c2c2c2c2c2c2c
       604  <<<<<<<<<<<<<<<,  3c3c3c3c3c3c3c3c3c3c3c3c3c3c3c2c
       582  <<<<<<<<<<<<<<,<  3c3c3c3c3c3c3c3c3c3c3c3c3c3c2c3c
       568  ,<<<<<<<<<<<<<<<  2c3c3c3c3c3c3c3c3c3c3c3c3c3c3c3c
       562  <<<<<<<<<<<<<,<<  3c3c3c3c3c3c3c3c3c3c3c3c3c2c3c3c
       559  <,<<<<<<<<<<<<<<  3c2c3c3c3c3c3c3c3c3c3c3c3c3c3c3c
       550  <<<<<<<<<<<<,<<<  3c3c3c3c3c3c3c3c3c3c3c3c2c3c3c3c
       546  <<,<<<<<<<<<<<<<  3c3c2c3c3c3c3c3c3c3c3c3c3c3c3c3c
       535  <<<<<<<<<<<,<<<<  3c3c3c3c3c3c3c3c3c3c3c2c3c3c3c3c
# epoch 34300  H=1.1061 C=1.0747 HO=0.0314  A(t)=2009
     22124  <<<<<<<<<<<<<<<<  3c3c3c3c3c3c3c3c3c3c3c3c3c3c3c3c
       816  ,,,,,,,,,,,,,,,,  2c2c2c2c2c2c2c2c2c2c2c2c2c2c2c2c
       538  <<<<<<<<<<<<<<<,  3c3c3c3c3c3c3c3c3c3c3c3c3c3c3c2c
       526  ,<<<<<<<<<<<<<<<  2c3c3c3c3c3c3c3c3c3c3c3c3c3c3c3c
       504  <<<<<<<<<<<<<<,<  3c3c3c3c3c3c3c3c3c3c3c3c3c3c2c3c
       504  <<,<<<<<<<<<<<<<  3c3c2c3c3c3c3c3c3c3c3c3c3c3c3c3c
       503  <<<<<<<<<<<<<,<<  3c3c3c3c3c3c3c3c3c3c3c3c3c2c3c3c
       501  <,<<<<<<<<<<<<<<  3c2c3c3c3c3c3c3c3c3c3c3c3c3c3c3c
       496  <<<<,<<<<<<<<<<<  3c3c3c3c2c3c3c3c3c3c3c3c3c3c3c3c
       493  <<<,<<<<<<<<<<<<  3c3c3c2c3c3c3c3c3c3c3c3c3c3c3c3c
# epoch 34350  H=1.1776 C=1.1075 HO=0.0700  A(t)=2009
     22676  <<<<<<<<<<<<<<<<  3c3c3c3c3c3c3c3c3c3c3c3c3c3c3c3c
      1157  ,,,,,,,,,,,,,,,,  2c2c2c2c2c2c2c2c2c2c2c2c2c2c2c2c
       592  <<<<<<<<<<<<<<<,  3c3c3c3c3c3c3c3c3c3c3c3c3c3c3c2c
       569  ,<<<<<<<<<<<<<<<  2c3c3c3c3c3c3c3c3c3c3c3c3c3c3c3c
       562  <<<<<<<<<<<<<<,<  3c3c3c3c3c3c3c3c3c3c3c3c3c3c2c3c
       541  <<<<<<<<<<<<<,<<  3c3c3c3c3c3c3c3c3c3c3c3c3c2c3c3c
       539  <,<<<<<<<<<<<<<<  3c2c3c3c3c3c3c3c3c3c3c3c3c3c3c3c
       534  <<,<<<<<<<<<<<<<  3c3c2c3c3c3c3c3c3c3c3c3c3c3c3c3c
       532  <<<<<<<<<<<,<<<<  3c3c3c3c3c3c3c3c3c3c3c2c3c3c3c3c
       525  <<<<<<<<<<<<,<<<  3c3c3c3c3c3c3c3c3c3c3c3c2c3c3c3c
# epoch 34400  H=1.1755 C=1.1233 HO=0.0522  A(t)=2009
     21751  <<<<<<<<<<<<<<<<  3c3c3c3c3c3c3c3c3c3c3c3c3c3c3c3c
       680  ,,,,,,,,,,,,,,,,  2c2c2c2c2c2c2c2c2c2c2c2c2c2c2c2c
       541  <<<<<<<<<<<<<<<,  3c3c3c3c3c3c3c3c3c3c3c3c3c3c3c2c
       515  ,<<<<<<<<<<<<<<<  2c3c3c3c3c3c3c3c3c3c3c3c3c3c3c3c
       514  <<<<<<<<<<<<<<,<  3c3c3c3c3c3c3c3c3c3c3c3c3c3c2c3c
       497  <<<<<<<<<<<<,<<<  3c3c3c3c3c3c3c3c3c3c3c3c2c3c3c3c
       497  <,<<<<<<<<<<<<<<  3c2c3c3c3c3c3c3c3c3c3c3c3c3c3c3c
       489  <<<<<<<<<<<<<,<<  3c3c3c3c3c3c3c3c3c3c3c3c3c2c3c3c
       486  <<,<<<<<<<<<<<<<  3c3c2c3c3c3c3c3c3c3c3c3c3c3c3c3c
       485  <<<,<<<<<<<<<<<<  3c3c3c2c3c3c3c3c3c3c3c3c3c3c3c3c
# epoch 34450  H=1.2355 C=1.1809 HO=0.0546  A(t)=2012
     24106  <<<<<<<<<<<<<<<<  3c3c3c3c3c3c3c3c3c3c3c3c3c3c3c3c
       493  <<<<<<<<<<<<<<<,  3c3c3c3c3c3c3c3c3c3c3c3c3c3c3c2c
       485  <<<<<<<<<<<<<<,<  3c3c3c3c3c3c3c3c3c3c3c3c3c3c2c3c
       466  ,<<<<<<<<<<<<<<<  2c3c3c3c3c3c3c3c3c3c3c3c3c3c3c3c
       462  <<<<<<<<<<<<<,<<  3c3c3c3c3c3c3c3c3c3c3c3c3c2c3c3c
       462  <<,<<<<<<<<<<<<<  3c3c2c3c3c3c3c3c3c3c3c3c3c3c3c3c
       459  <,<<<<<<<<<<<<<<  3c2c3c3c3c3c3c3c3c3c3c3c3c3c3c3c
       451  <<<,<<<<<<<<<<<<  3c3c3c2c3c3c3c3c3c3c3c3c3c3c3c3c
       449  <<<<,<<<<<<<<<<<  3c3c3c3c2c3c3c3c3c3c3c3c3c3c3c3c
       438  <<<<<<<<<<<<,<<<  3c3c3c3c3c3c3c3c3c3c3c3c2c3c3c3c
# epoch 34500  H=1.3563 C=1.2693 HO=0.0870  A(t)=2012
     21625  <<<<<<<<<<<<<<<<  3c3c3c3c3c3c3c3c3c3c3c3c3c3c3c3c
       676  ,,,,,,,,,,,,,,,,  2c2c2c2c2c2c2c2c2c2c2c2c2c2c2c2c
       513  <<<<<<<<<<<<<<<,  3c3c3c3c3c3c3c3c3c3c3c3c3c3c3c2c
       492  <<<<<<<<<<<<<<,<  3c3c3c3c3c3c3c3c3c3c3c3c3c3c2c3c
       489  ,<<<<<<<<<<<<<<<  2c3c3c3c3c3c3c3c3c3c3c3c3c3c3c3c
       488  <<<<<,<<<<<<<<<<  3c3c3c3c3c2c3c3c3c3c3c3c3c3c3c3c
       482  <<<<<<,<<<<<<<<<  3c3c3c3c3c3c2c3c3c3c3c3c3c3c3c3c
       476  <<<<<<<,<<<<<<<<  3c3c3c3c3c3c3c2c3c3c3c3c3c3c3c3c
       474  <<<<,<<<<<<<<<<<  3c3c3c3c2c3c3c3c3c3c3c3c3c3c3c3c
       468  <<<<<<<<<<<<<,<<  3c3c3c3c3c3c3c3c3c3c3c3c3c2c3c3c
# epoch 34550  H=1.4523 C=1.3271 HO=0.1251  A(t)=2012
     19070  <<<<<<<<<<<<<<<<  3c3c3c3c3c3c3c3c3c3c3c3c3c3c3c3c
      1019  ,,,,,,,,,,,,,,,,  2c2c2c2c2c2c2c2c2c2c2c2c2c2c2c2c
       502  <<<<<<<<<<<<<<<,  3c3c3c3c3c3c3c3c3c3c3c3c3c3c3c2c
       481  ,<<<<<<<<<<<<<<<  2c3c3c3c3c3c3c3c3c3c3c3c3c3c3c3c
       474  <,<<<<<<<<<<<<<<  3c2c3c3c3c3c3c3c3c3c3c3c3c3c3c3c
       471  <<<<<<<<<<<<<<,<  3c3c3c3c3c3c3c3c3c3c3c3c3c3c2c3c
       466  <<<<<<<<<<<<<,<<  3c3c3c3c3c3c3c3c3c3c3c3c3c2c3c3c
       465  <<,<<<<<<<<<<<<<  3c3c2c3c3c3c3c3c3c3c3c3c3c3c3c3c
       459  <<<<<<<,<<<<<<<<  3c3c3c3c3c3c3c2c3c3c3c3c3c3c3c3c
       456  <<<<<,<<<<<<<<<<  3c3c3c3c3c2c3c3c3c3c3c3c3c3c3c3c
# epoch 34600  H=1.2724 C=1.2363 HO=0.0361  A(t)=2012
     21305  <<<<<<<<<<<<<<<<  3c3c3c3c3c3c3c3c3c3c3c3c3c3c3c3c
       775  ,,,,,,,,,,,,,,,,  2c2c2c2c2c2c2c2c2c2c2c2c2c2c2c2c
       532  <<<<<<<<<<<<<<<,  3c3c3c3c3c3c3c3c3c3c3c3c3c3c3c2c
       498  ,<<<<<<<<<<<<<<<  2c3c3c3c3c3c3c3c3c3c3c3c3c3c3c3c
       482  <<<<<<<<<<<<<<,<  3c3c3c3c3c3c3c3c3c3c3c3c3c3c2c3c
       470  <,<<<<<<<<<<<<<<  3c2c3c3c3c3c3c3c3c3c3c3c3c3c3c3c
       462  <<<<<<<<<<<<<,<<  3c3c3c3c3c3c3c3c3c3c3c3c3c2c3c3c
       455  <<,<<<<<<<<<<<<<  3c3c2c3c3c3c3c3c3c3c3c3c3c3c3c3c
       451  <<<<<<<,<<<<<<<<  3c3c3c3c3c3c3c2c3c3c3c3c3c3c3c3c
       447  <<<<<<<<<<<<,<<<  3c3c3c3c3c3c3c3c3c3c3c3c2c3c3c3c
# epoch 34650  H=1.2176 C=1.1953 HO=0.0223  A(t)=2014
     21528  <<<<<<<<<<<<<<<<  3c3c3c3c3c3c3c3c3c3c3c3c3c3c3c3c
       524  <<<<<<<<<<<<<<<,  3c3c3c3c3c3c3c3c3c3c3c3c3c3c3c2c
       518  ,<<<<<<<<<<<<<<<  2c3c3c3c3c3c3c3c3c3c3c3c3c3c3c3c
       504  <,<<<<<<<<<<<<<<  3c2c3c3c3c3c3c3c3c3c3c3c3c3c3c3c
       496  <<<<<<<<<<<<<<,<  3c3c3c3c3c3c3c3c3c3c3c3c3c3c2c3c
       490  <<,<<<<<<<<<<<<<  3c3c2c3c3c3c3c3c3c3c3c3c3c3c3c3c
       473  <<<<<<<<<<<<<,<<  3c3c3c3c3c3c3c3c3c3c3c3c3c2c3c3c
       473  <<<,<<<<<<<<<<<<  3c3c3c2c3c3c3c3c3c3c3c3c3c3c3c3c
       468  <<<<<<,<<<<<<<<<  3c3c3c3c3c3c2c3c3c3c3c3c3c3c3c3c
       468  <<<<,<<<<<<<<<<<  3c3c3c3c2c3c3c3c3c3c3c3c3c3c3c3c
# epoch 34700  H=1.1579 C=1.1205 HO=0.0374  A(t)=2019
     23341  <<<<<<<<<<<<<<<<  3c3c3c3c3c3c3c3c3c3c3c3c3c3c3c3c
       577  <<<<<<<<<<<<<<<,  3c3c3c3c3c3c3c3c3c3c3c3c3c3c3c2c
       564  ,<<<<<<<<<<<<<<<  2c3c3c3c3c3c3c3c3c3c3c3c3c3c3c3c
       542  <<<<<<<<<<<<<<,<  3c3c3c3c3c3c3c3c3c3c3c3c3c3c2c3c
       541  <,<<<<<<<<<<<<<<  3c2c3c3c3c3c3c3c3c3c3c3c3c3c3c3c
       535  <<,<<<<<<<<<<<<<  3c3c2c3c3c3c3c3c3c3c3c3c3c3c3c3c
       529  <<<<<<<<<<<<<,<<  3c3c3c3c3c3c3c3c3c3c3c3c3c2c3c3c
       525  <<<<<<<<,<<<<<<<  3c3c3c3c3c3c3c3c2c3c3c3c3c3c3c3c
       524  <<<<<<<,<<<<<<<<  3c3c3c3c3c3c3c2c3c3c3c3c3c3c3c3c
       523  <<<<<<,<<<<<<<<<  3c3c3c3c3c3c2c3c3c3c3c3c3c3c3c3c
# epoch 34750  H=1.2181 C=1.1566 HO=0.0614  A(t)=2019
     21592  <<<<<<<<<<<<<<<<  3c3c3c3c3c3c3c3c3c3c3c3c3c3c3c3c
       942  ,,,,,,,,,,,,,,,,  2c2c2c2c2c2c2c2c2c2c2c2c2c2c2c2c
       498  <<<<<<<<<<<<<<<,  3c3c3c3c3c3c3c3c3c3c3c3c3c3c3c2c
       482  ,<<<<<<<<<<<<<<<  2c3c3c3c3c3c3c3c3c3c3c3c3c3c3c3c
       481  <<<<,<<<<<<<<<<<  3c3c3c3c2c3c3c3c3c3c3c3c3c3c3c3c
       477  <<<<<<<<<<<<<<,<  3c3c3c3c3c3c3c3c3c3c3c3c3c3c2c3c
       477  <<<,<<<<<<<<<<<<  3c3c3c2c3c3c3c3c3c3c3c3c3c3c3c3c
       476  <<<<<<,<<<<<<<<<  3c3c3c3c3c3c2c3c3c3c3c3c3c3c3c3c
       475  <<<<<<<<<<<,<<<<  3c3c3c3c3c3c3c3c3c3c3c2c3c3c3c3c
       472  <<<<<,<<<<<<<<<<  3c3c3c3c3c2c3c3c3c3c3c3c3c3c3c3c
# epoch 34800  H=1.3907 C=1.2915 HO=0.0992  A(t)=2019
     21449  <<<<<<<<<<<<<<<<  3c3c3c3c3c3c3c3c3c3c3c3c3c3c3c3c
       733  ,,,,,,,,,,,,,,,,  2c2c2c2c2c2c2c2c2c2c2c2c2c2c2c2c
       488  <<<<<<<<<<<<<<<,  3c3c3c3c3c3c3c3c3c3c3c3c3c3c3c2c
       472  ,<<<<<<<<<<<<<<<  2c3c3c3c3c3c3c3c3c3c3c3c3c3c3c3c
       448  <<<<<<<<<<<<<<,<  3c3c3c3c3c3c3c3c3c3c3c3c3c3c2c3c
       445  <,<<<<<<<<<<<<<<  3c2c3c3c3c3c3c3c3c3c3c3c3c3c3c3c
       436  <<,<<<<<<<<<<<<<  3c3c2c3c3c3c3c3c3c3c3c3c3c3c3c3c
       430  <<<<<<<<<<<<<,<<  3c3c3c3c3c3c3c3c3c3c3c3c3c2c3c3c
       420  <<<,<<<<<<<<<<<<  3c3c3c2c3c3c3c3c3c3c3c3c3c3c3c3c
       416  <<<<<<<<<<<<,<<<  3c3c3c3c3c3c3c3c3c3c3c3c2c3c3c3c
# epoch 34850  H=1.4234 C=1.3406 HO=0.0828  A(t)=2019
     19953  <<<<<<<<<<<<<<<<  3c3c3c3c3c3c3c3c3c3c3c3c3c3c3c3c
       525  ,,,,,,,,,,,,,,,,  2c2c2c2c2c2c2c2c2c2c2c2c2c2c2c2c
       512  <<<<<<<<<<<<<<<,  3c3c3c3c3c3c3c3c3c3c3c3c3c3c3c2c
       499  <<<<<<<<<<<<<<,<  3c3c3c3c3c3c3c3c3c3c3c3c3c3c2c3c
       484  ,<<<<<<<<<<<<<<<  2c3c3c3c3c3c3c3c3c3c3c3c3c3c3c3c
       481  <,<<<<<<<<<<<<<<  3c2c3c3c3c3c3c3c3c3c3c3c3c3c3c3c
       473  <<<<<<<<<<<<<,<<  3c3c3c3c3c3c3c3c3c3c3c3c3c2c3c3c
       473  <<,<<<<<<<<<<<<<  3c3c2c3c3c3c3c3c3c3c3c3c3c3c3c3c
       466  <<<<<<<<<<<<,<<<  3c3c3c3c3c3c3c3c3c3c3c3c2c3c3c3c
       461  <<<<<<<<<<<,<<<<  3c3c3c3c3c3c3c3c3c3c3c2c3c3c3c3c
# epoch 34900  H=1.4611 C=1.3478 HO=0.1133  A(t)=2019
     19633  <<<<<<<<<<<<<<<<  3c3c3c3c3c3c3c3c3c3c3c3c3c3c3c3c
       746  ,,,,,,,,,,,,,,,,  2c2c2c2c2c2c2c2c2c2c2c2c2c2c2c2c
       523  <<<<<<<<<<<<<<<,  3c3c3c3c3c3c3c3c3c3c3c3c3c3c3c2c
       505  ,<<<<<<<<<<<<<<<  2c3c3c3c3c3c3c3c3c3c3c3c3c3c3c3c
       498  <,<<<<<<<<<<<<<<  3c2c3c3c3c3c3c3c3c3c3c3c3c3c3c3c
       491  <<<<<<<<<<<<<<,<  3c3c3c3c3c3c3c3c3c3c3c3c3c3c2c3c
       483  <<<<,<<<<<<<<<<<  3c3c3c3c2c3c3c3c3c3c3c3c3c3c3c3c
       481  <<,<<<<<<<<<<<<<  3c3c2c3c3c3c3c3c3c3c3c3c3c3c3c3c
       475  <<<<<,<<<<<<<<<<  3c3c3c3c3c2c3c3c3c3c3c3c3c3c3c3c
       474  <<<,<<<<<<<<<<<<  3c3c3c2c3c3c3c3c3c3c3c3c3c3c3c3c
# epoch 34950  H=1.4237 C=1.3413 HO=0.0824  A(t)=2019
     20599  <<<<<<<<<<<<<<<<  3c3c3c3c3c3c3c3c3c3c3c3c3c3c3c3c
       543  ,,,,,,,,,,,,,,,,  2c2c2c2c2c2c2c2c2c2c2c2c2c2c2c2c
       508  <<<<<<<<<<<<<<<,  3c3c3c3c3c3c3c3c3c3c3c3c3c3c3c2c
       504  <<<<<<<<<<<<<<,<  3c3c3c3c3c3c3c3c3c3c3c3c3c3c2c3c
       488  <<<<<<<<<<<<<,<<  3c3c3c3c3c3c3c3c3c3c3c3c3c2c3c3c
       485  ,<<<<<<<<<<<<<<<  2c3c3c3c3c3c3c3c3c3c3c3c3c3c3c3c
       478  <,<<<<<<<<<<<<<<  3c2c3c3c3c3c3c3c3c3c3c3c3c3c3c3c
       474  <<,<<<<<<<<<<<<<  3c3c2c3c3c3c3c3c3c3c3c3c3c3c3c3c
       470  <<<<<<<<<<<<,<<<  3c3c3c3c3c3c3c3c3c3c3c3c2c3c3c3c
       467  <<<,<<<<<<<<<<<<  3c3c3c2c3c3c3c3c3c3c3c3c3c3c3c3c
# epoch 35000  H=1.3948 C=1.2869 HO=0.1079  A(t)=2019
     20966  <<<<<<<<<<<<<<<<  3c3c3c3c3c3c3c3c3c3c3c3c3c3c3c3c
       769  ,,,,,,,,,,,,,,,,  2c2c2c2c2c2c2c2c2c2c2c2c2c2c2c2c
       514  <<<<<<<<<<<<<<<,  3c3c3c3c3c3c3c3c3c3c3c3c3c3c3c2c
       507  <<<<<<<<<<<<<<,<  3c3c3c3c3c3c3c3c3c3c3c3c3c3c2c3c
       495  ,<<<<<<<<<<<<<<<  2c3c3c3c3c3c3c3c3c3c3c3c3c3c3c3c
       493  <<,<<<<<<<<<<<<<  3c3c2c3c3c3c3c3c3c3c3c3c3c3c3c3c
       492  <,<<<<<<<<<<<<<<  3c2c3c3c3c3c3c3c3c3c3c3c3c3c3c3c
       491  <<<<<<<<<<<<<,<<  3c3c3c3c3c3c3c3c3c3c3c3c3c2c3c3c
       482  <<<<<<<<<<<<,<<<  3c3c3c3c3c3c3c3c3c3c3c3c2c3c3c3c
       479  <<<<<<<<<<<,<<<<  3c3c3c3c3c3c3c3c3c3c3c2c3c3c3c3c
# epoch 35050  H=1.3901 C=1.3123 HO=0.0778  A(t)=2019
     19955  <<<<<<<<<<<<<<<<  3c3c3c3c3c3c3c3c3c3c3c3c3c3c3c3c
       542  <<<<<<<<<<<<<<<,  3c3c3c3c3c3c3c3c3c3c3c3c3c3c3c2c
       530  <<<<<<<<<<<<<,<<  3c3c3c3c3c3c3c3c3c3c3c3c3c2c3c3c
       526  <<<<<<<<<<<<<<,<  3c3c3c3c3c3c3c3c3c3c3c3c3c3c2c3c
       521  ,<<<<<<<<<<<<<<<  2c3c3c3c3c3c3c3c3c3c3c3c3c3c3c3c
       518  <<<<<<<<<<<<,<<<  3c3c3c3c3c3c3c3c3c3c3c3c2c3c3c3c
       516  <<<,<<<<<<<<<<<<  3c3c3c2c3c3c3c3c3c3c3c3c3c3c3c3c
       513  <<<<<<<<<<,<<<<<  3c3c3c3c3c3c3c3c3c3c2c3c3c3c3c3c
       513  <<,<<<<<<<<<<<<<  3c3c2c3c3c3c3c3c3c3c3c3c3c3c3c3c
       513  <,<<<<<<<<<<<<<<  3c2c3c3c3c3c3c3c3c3c3c3c3c3c3c3c
# epoch 35100  H=1.4054 C=1.3231 HO=0.0822  A(t)=2019
     21492  <<<<<<<<<<<<<<<<  3c3c3c3c3c3c3c3c3c3c3c3c3c3c3c3c
       507  <<<<<<<<<<<<<<<,  3c3c3c3c3c3c3c3c3c3c3c3c3c3c3c2c
       499  <<<<<<<<<<<<<<,<  3c3c3c3c3c3c3c3c3c3c3c3c3c3c2c3c
       487  <<<<<<<<<<<<<,<<  3c3c3c3c3c3c3c3c3c3c3c3c3c2c3c3c
       487  <<<<<<<<<<<<,<<<  3c3c3c3c3c3c3c3c3c3c3c3c2c3c3c3c
       482  ,<<<<<<<<<<<<<<<  2c3c3c3c3c3c3c3c3c3c3c3c3c3c3c3c
       475  <,<<<<<<<<<<<<<<  3c2c3c3c3c3c3c3c3c3c3c3c3c3c3c3c
       474  <<<<<<<<<,<<<<<<  3c3c3c3c3c3c3c3c3c2c3c3c3c3c3c3c
       474  <<,<<<<<<<<<<<<<  3c3c2c3c3c3c3c3c3c3c3c3c3c3c3c3c
       465  <<<<<<<<<<<,<<<<  3c3c3c3c3c3c3c3c3c3c3c2c3c3c3c3c
# epoch 35150  H=1.4569 C=1.3474 HO=0.1095  A(t)=2019
     21733  <<<<<<<<<<<<<<<<  3c3c3c3c3c3c3c3c3c3c3c3c3c3c3c3c
       751  ,,,,,,,,,,,,,,,,  2c2c2c2c2c2c2c2c2c2c2c2c2c2c2c2c
       483  <<<<<<<<<<<<<<<,  3c3c3c3c3c3c3c3c3c3c3c3c3c3c3c2c
       481  <<<<<<<<<<<<<<,<  3c3c3c3c3c3c3c3c3c3c3c3c3c3c2c3c
       460  ,<<<<<<<<<<<<<<<  2c3c3c3c3c3c3c3c3c3c3c3c3c3c3c3c
       450  <,<<<<<<<<<<<<<<  3c2c3c3c3c3c3c3c3c3c3c3c3c3c3c3c
       444  <<<<<<<<<<<<<,<<  3c3c3c3c3c3c3c3c3c3c3c3c3c2c3c3c
       441  <<,<<<<<<<<<<<<<  3c3c2c3c3c3c3c3c3c3c3c3c3c3c3c3c
       440  <<<<<<<<<<<<,<<<  3c3c3c3c3c3c3c3c3c3c3c3c2c3c3c3c
       435  <<<<<<<,<<<<<<<<  3c3c3c3c3c3c3c2c3c3c3c3c3c3c3c3c
# epoch 35200  H=1.5348 C=1.4529 HO=0.0819  A(t)=2021
     19851  <<<<<<<<<<<<<<<<  3c3c3c3c3c3c3c3c3c3c3c3c3c3c3c3c
       501  ,,,,,,,,,,,,,,,,  2c2c2c2c2c2c2c2c2c2c2c2c2c2c2c2c
       442  <<<<<<<<<<<<<<<,  3c3c3c3c3c3c3c3c3c3c3c3c3c3c3c2c
       425  ,<<<<<<<<<<<<<<<  2c3c3c3c3c3c3c3c3c3c3c3c3c3c3c3c
       420  <<<<<<<<<<<<<<,<  3c3c3c3c3c3c3c3c3c3c3c3c3c3c2c3c
       414  <<<<<<<,<<<<<<<<  3c3c3c3c3c3c3c2c3c3c3c3c3c3c3c3c
       414  <<,<<<<<<<<<<<<<  3c3c2c3c3c3c3c3c3c3c3c3c3c3c3c3c
       414  <,<<<<<<<<<<<<<<  3c2c3c3c3c3c3c3c3c3c3c3c3c3c3c3c
       413  <<<<<<<<,<<<<<<<  3c3c3c3c3c3c3c3c2c3c3c3c3c3c3c3c
       411  <<<<<<,<<<<<<<<<  3c3c3c3c3c3c2c3c3c3c3c3c3c3c3c3c
# epoch 35250  H=1.5838 C=1.4873 HO=0.0965  A(t)=2022
     19073  <<<<<<<<<<<<<<<<  3c3c3c3c3c3c3c3c3c3c3c3c3c3c3c3c
       531  ,,,,,,,,,,,,,,,,  2c2c2c2c2c2c2c2c2c2c2c2c2c2c2c2c
       447  <<<<<<<<<<<<<<<,  3c3c3c3c3c3c3c3c3c3c3c3c3c3c3c2c
       425  ,<<<<<<<<<<<<<<<  2c3c3c3c3c3c3c3c3c3c3c3c3c3c3c3c
       417  <<<<<<<<<<<<<<,<  3c3c3c3c3c3c3c3c3c3c3c3c3c3c2c3c
       403  <,<<<<<<<<<<<<<<  3c2c3c3c3c3c3c3c3c3c3c3c3c3c3c3c
       386  <<<<<<<<<<<<<,<<  3c3c3c3c3c3c3c3c3c3c3c3c3c2c3c3c
       383  <<,<<<<<<<<<<<<<  3c3c2c3c3c3c3c3c3c3c3c3c3c3c3c3c
       382  <<<<<<<<<<,<<<<<  3c3c3c3c3c3c3c3c3c3c2c3c3c3c3c3c
       381  <<<<<<<,<<<<<<<<  3c3c3c3c3c3c3c2c3c3c3c3c3c3c3c3c
# epoch 35300  H=1.4439 C=1.3539 HO=0.0900  A(t)=2022
     20513  <<<<<<<<<<<<<<<<  3c3c3c3c3c3c3c3c3c3c3c3c3c3c3c3c
       823  ,,,,,,,,,,,,,,,,  2c2c2c2c2c2c2c2c2c2c2c2c2c2c2c2c
       509  <<<<<<<<<<<<<<<,  3c3c3c3c3c3c3c3c3c3c3c3c3c3c3c2c
       495  ,<<<<<<<<<<<<<<<  2c3c3c3c3c3c3c3c3c3c3c3c3c3c3c3c
       485  <<<<<<<<<<<<<<,<  3c3c3c3c3c3c3c3c3c3c3c3c3c3c2c3c
       484  <,<<<<<<<<<<<<<<  3c2c3c3c3c3c3c3c3c3c3c3c3c3c3c3c
       473  <<<<<<<<<<<<<,<<  3c3c3c3c3c3c3c3c3c3c3c3c3c2c3c3c
       470  <<,<<<<<<<<<<<<<  3c3c2c3c3c3c3c3c3c3c3c3c3c3c3c3c
       460  <<<<<<<<<<<<,<<<  3c3c3c3c3c3c3c3c3c3c3c3c2c3c3c3c
       454  <<<<<<<<<<,<<<<<  3c3c3c3c3c3c3c3c3c3c2c3c3c3c3c3c
# epoch 35350  H=1.2960 C=1.2649 HO=0.0311  A(t)=2022
     22398  <<<<<<<<<<<<<<<<  3c3c3c3c3c3c3c3c3c3c3c3c3c3c3c3c
       536  ,,,,,,,,,,,,,,,,  2c2c2c2c2c2c2c2c2c2c2c2c2c2c2c2c
       471  <<<<<<<<<<<<<<<,  3c3c3c3c3c3c3c3c3c3c3c3c3c3c3c2c
       459  ,<<<<<<<<<<<<<<<  2c3c3c3c3c3c3c3c3c3c3c3c3c3c3c3c
       456  <<<<<<<<<<<<<<,<  3c3c3c3c3c3c3c3c3c3c3c3c3c3c2c3c
       450  <<<<<<<,<<<<<<<<  3c3c3c3c3c3c3c2c3c3c3c3c3c3c3c3c
       446  <<<<<<<<<<<,<<<<  3c3c3c3c3c3c3c3c3c3c3c2c3c3c3c3c
       446  <<<<<<<<<,<<<<<<  3c3c3c3c3c3c3c3c3c2c3c3c3c3c3c3c
       446  <<<<<,<<<<<<<<<<  3c3c3c3c3c2c3c3c3c3c3c3c3c3c3c3c
       444  <<<<<<<<<<<<,<<<  3c3c3c3c3c3c3c3c3c3c3c3c2c3c3c3c
# epoch 35400  H=1.2349 C=1.2357 HO=-0.0008  A(t)=2022
     21147  <<<<<<<<<<<<<<<<  3c3c3c3c3c3c3c3c3c3c3c3c3c3c3c3c
       528  <<<<<<<<<<<<<<<,  3c3c3c3c3c3c3c3c3c3c3c3c3c3c3c2c
       511  ,<<<<<<<<<<<<<<<  2c3c3c3c3c3c3c3c3c3c3c3c3c3c3c3c
       498  <<<<<<<<<<<<<<,<  3c3c3c3c3c3c3c3c3c3c3c3c3c3c2c3c
       495  <<,<<<<<<<<<<<<<  3c3c2c3c3c3c3c3c3c3c3c3c3c3c3c3c
       488  <<<<<<<<<<<<<,<<  3c3c3c3c3c3c3c3c3c3c3c3c3c2c3c3c
       487  <,<<<<<<<<<<<<<<  3c2c3c3c3c3c3c3c3c3c3c3c3c3c3c3c
       483  <<<<<<<<<<<<,<<<  3c3c3c3c3c3c3c3c3c3c3c3c2c3c3c3c
       483  <<<<<<<<<<<,<<<<  3c3c3c3c3c3c3c3c3c3c3c2c3c3c3c3c
       483  <<<,<<<<<<<<<<<<  3c3c3c2c3c3c3c3c3c3c3c3c3c3c3c3c
# epoch 35450  H=1.1873 C=1.1698 HO=0.0175  A(t)=2022
     22269  <<<<<<<<<<<<<<<<  3c3c3c3c3c3c3c3c3c3c3c3c3c3c3c3c
       570  ,,,,,,,,,,,,,,,,  2c2c2c2c2c2c2c2c2c2c2c2c2c2c2c2c
       542  <<<<<<<<<<<<<<<,  3c3c3c3c3c3c3c3c3c3c3c3c3c3c3c2c
       514  ,<<<<<<<<<<<<<<<  2c3c3c3c3c3c3c3c3c3c3c3c3c3c3c3c
       506  <<<<<<<<<<<<<<,<  3c3c3c3c3c3c3c3c3c3c3c3c3c3c2c3c
       499  <<,<<<<<<<<<<<<<  3c3c2c3c3c3c3c3c3c3c3c3c3c3c3c3c
       493  <,<<<<<<<<<<<<<<  3c2c3c3c3c3c3c3c3c3c3c3c3c3c3c3c
       488  <<<<<<<<<<<<<,<<  3c3c3c3c3c3c3c3c3c3c3c3c3c2c3c3c
       487  <<<,<<<<<<<<<<<<  3c3c3c2c3c3c3c3c3c3c3c3c3c3c3c3c
       481  <<<<<<<<<<<<,<<<  3c3c3c3c3c3c3c3c3c3c3c3c2c3c3c3c
# epoch 35500  H=1.2060 C=1.1484 HO=0.0576  A(t)=2022
     21043  <<<<<<<<<<<<<<<<  3c3c3c3c3c3c3c3c3c3c3c3c3c3c3c3c
       830  ,,,,,,,,,,,,,,,,  2c2c2c2c2c2c2c2c2c2c2c2c2c2c2c2c
       563  <<<<<<<<<<<<<<<,  3c3c3c3c3c3c3c3c3c3c3c3c3c3c3c2c
       538  <<<<<<<<<<<<<<,<  3c3c3c3c3c3c3c3c3c3c3c3c3c3c2c3c
       525  ,<<<<<<<<<<<<<<<  2c3c3c3c3c3c3c3c3c3c3c3c3c3c3c3c
       512  <<<<<<<<<<<<<,<<  3c3c3c3c3c3c3c3c3c3c3c3c3c2c3c3c
       510  <,<<<<<<<<<<<<<<  3c2c3c3c3c3c3c3c3c3c3c3c3c3c3c3c
       494  <<,<<<<<<<<<<<<<  3c3c2c3c3c3c3c3c3c3c3c3c3c3c3c3c
       493  <<<<<<<<<<<<,<<<  3c3c3c3c3c3c3c3c3c3c3c3c2c3c3c3c
       488  <<<,<<<<<<<<<<<<  3c3c3c2c3c3c3c3c3c3c3c3c3c3c3c3c
# epoch 35550  H=1.1505 C=1.0966 HO=0.0540  A(t)=2022
     22185  <<<<<<<<<<<<<<<<  3c3c3c3c3c3c3c3c3c3c3c3c3c3c3c3c
       797  ,,,,,,,,,,,,,,,,  2c2c2c2c2c2c2c2c2c2c2c2c2c2c2c2c
       567  <<<<<<<<<<<<<<<,  3c3c3c3c3c3c3c3c3c3c3c3c3c3c3c2c
       540  ,<<<<<<<<<<<<<<<  2c3c3c3c3c3c3c3c3c3c3c3c3c3c3c3c
       530  <<<<<<<<<<<<<<,<  3c3c3c3c3c3c3c3c3c3c3c3c3c3c2c3c
       505  <<<<<<<<<<<<<,<<  3c3c3c3c3c3c3c3c3c3c3c3c3c2c3c3c
       505  <,<<<<<<<<<<<<<<  3c2c3c3c3c3c3c3c3c3c3c3c3c3c3c3c
       488  <<<<<<<<<<<,<<<<  3c3c3c3c3c3c3c3c3c3c3c2c3c3c3c3c
       488  <<,<<<<<<<<<<<<<  3c3c2c3c3c3c3c3c3c3c3c3c3c3c3c3c
       487  <<<<<<<<<<<<,<<<  3c3c3c3c3c3c3c3c3c3c3c3c2c3c3c3c
# epoch 35600  H=1.1178 C=1.0739 HO=0.0439  A(t)=2022
     22476  <<<<<<<<<<<<<<<<  3c3c3c3c3c3c3c3c3c3c3c3c3c3c3c3c
       793  ,,,,,,,,,,,,,,,,  2c2c2c2c2c2c2c2c2c2c2c2c2c2c2c2c
       556  <<<<<<<<<<<<<<<,  3c3c3c3c3c3c3c3c3c3c3c3c3c3c3c2c
       535  ,<<<<<<<<<<<<<<<  2c3c3c3c3c3c3c3c3c3c3c3c3c3c3c3c
       523  <<<<<<<<<<<<<<,<  3c3c3c3c3c3c3c3c3c3c3c3c3c3c2c3c
       520  <,<<<<<<<<<<<<<<  3c2c3c3c3c3c3c3c3c3c3c3c3c3c3c3c
       495  <<,<<<<<<<<<<<<<  3c3c2c3c3c3c3c3c3c3c3c3c3c3c3c3c
       494  <<<<<<<<<<<<<,<<  3c3c3c3c3c3c3c3c3c3c3c3c3c2c3c3c
       490  <<<<<<<<<<<<,<<<  3c3c3c3c3c3c3c3c3c3c3c3c2c3c3c3c
       484  <<<<<<<<<<<,<<<<  3c3c3c3c3c3c3c3c3c3c3c2c3c3c3c3c
# epoch 35650  H=1.0922 C=1.0326 HO=0.0596  A(t)=2022
     22907  <<<<<<<<<<<<<<<<  3c3c3c3c3c3c3c3c3c3c3c3c3c3c3c3c
       995  ,,,,,,,,,,,,,,,,  2c2c2c2c2c2c2c2c2c2c2c2c2c2c2c2c
       574  <<<<<<<<<<<<<<<,  3c3c3c3c3c3c3c3c3c3c3c3c3c3c3c2c
       559  ,<<<<<<<<<<<<<<<  2c3c3c3c3c3c3c3c3c3c3c3c3c3c3c3c
       557  <<<<<<<<<<<<<<,<  3c3c3c3c3c3c3c3c3c3c3c3c3c3c2c3c
       545  <,<<<<<<<<<<<<<<  3c2c3c3c3c3c3c3c3c3c3c3c3c3c3c3c
       533  <<,<<<<<<<<<<<<<  3c3c2c3c3c3c3c3c3c3c3c3c3c3c3c3c
       529  <<<,<<<<<<<<<<<<  3c3c3c2c3c3c3c3c3c3c3c3c3c3c3c3c
       526  <<<<<<<<<<<<<,<<  3c3c3c3c3c3c3c3c3c3c3c3c3c2c3c3c
       515  <<<<<<<<,<<<<<<<  3c3c3c3c3c3c3c3c2c3c3c3c3c3c3c3c
# epoch 35700  H=1.0105 C=1.0071 HO=0.0034  A(t)=2022
     23911  <<<<<<<<<<<<<<<<  3c3c3c3c3c3c3c3c3c3c3c3c3c3c3c3c
       811  ,,,,,,,,,,,,,,,,  2c2c2c2c2c2c2c2c2c2c2c2c2c2c2c2c
       570  <<<<<<<<<<<<<<<,  3c3c3c3c3c3c3c3c3c3c3c3c3c3c3c2c
       565  ,<<<<<<<<<<<<<<<  2c3c3c3c3c3c3c3c3c3c3c3c3c3c3c3c
       544  <,<<<<<<<<<<<<<<  3c2c3c3c3c3c3c3c3c3c3c3c3c3c3c3c
       541  <<,<<<<<<<<<<<<<  3c3c2c3c3c3c3c3c3c3c3c3c3c3c3c3c
       535  <<<<<<<<<<<<<<,<  3c3c3c3c3c3c3c3c3c3c3c3c3c3c2c3c
       526  <<<<<<<<<<<<<,<<  3c3c3c3c3c3c3c3c3c3c3c3c3c2c3c3c
       521  <<<,<<<<<<<<<<<<  3c3c3c2c3c3c3c3c3c3c3c3c3c3c3c3c
       514  <<<<,<<<<<<<<<<<  3c3c3c3c2c3c3c3c3c3c3c3c3c3c3c3c
# epoch 35750  H=0.9983 C=1.0223 HO=-0.0240  A(t)=2022
     23246  <<<<<<<<<<<<<<<<  3c3c3c3c3c3c3c3c3c3c3c3c3c3c3c3c
       567  <<<<<<<<<<<<<<<,  3c3c3c3c3c3c3c3c3c3c3c3c3c3c3c2c
       564  ,<<<<<<<<<<<<<<<  2c3c3c3c3c3c3c3c3c3c3c3c3c3c3c3c
       542  <,<<<<<<<<<<<<<<  3c2c3c3c3c3c3c3c3c3c3c3c3c3c3c3c
       540  <<<<<<<<<<<<<<,<  3c3c3c3c3c3c3c3c3c3c3c3c3c3c2c3c
       536  <<<<<<<<<<<<<,<<  3c3c3c3c3c3c3c3c3c3c3c3c3c2c3c3c
       536  <<,<<<<<<<<<<<<<  3c3c2c3c3c3c3c3c3c3c3c3c3c3c3c3c
       529  <<<<,<<<<<<<<<<<  3c3c3c3c2c3c3c3c3c3c3c3c3c3c3c3c
       528  <<<,<<<<<<<<<<<<  3c3c3c2c3c3c3c3c3c3c3c3c3c3c3c3c
       524  <<<<<,<<<<<<<<<<  3c3c3c3c3c2c3c3c3c3c3c3c3c3c3c3c
# epoch 35800  H=1.0815 C=1.0804 HO=0.0010  A(t)=2022
     21288  <<<<<<<<<<<<<<<<  3c3c3c3c3c3c3c3c3c3c3c3c3c3c3c3c
       652  ,,,,,,,,,,,,,,,,  2c2c2c2c2c2c2c2c2c2c2c2c2c2c2c2c
       595  <<<<<<<<<<<<<<<,  3c3c3c3c3c3c3c3c3c3c3c3c3c3c3c2c
       576  ,<<<<<<<<<<<<<<<  2c3c3c3c3c3c3c3c3c3c3c3c3c3c3c3c
       555  <,<<<<<<<<<<<<<<  3c2c3c3c3c3c3c3c3c3c3c3c3c3c3c3c
       545  <<<<<<<<<<<<<<,<  3c3c3c3c3c3c3c3c3c3c3c3c3c3c2c3c
       545  <<,<<<<<<<<<<<<<  3c3c2c3c3c3c3c3c3c3c3c3c3c3c3c3c
       532  <<<<<<<<<<<<<,<<  3c3c3c3c3c3c3c3c3c3c3c3c3c2c3c3c
       531  <<<<<<<<<,<<<<<<  3c3c3c3c3c3c3c3c3c2c3c3c3c3c3c3c
       528  <<<<,<<<<<<<<<<<  3c3c3c3c2c3c3c3c3c3c3c3c3c3c3c3c
# epoch 35850  H=1.1026 C=1.0604 HO=0.0422  A(t)=2022
     22633  <<<<<<<<<<<<<<<<  3c3c3c3c3c3c3c3c3c3c3c3c3c3c3c3c
       630  ,,,,,,,,,,,,,,,,  2c2c2c2c2c2c2c2c2c2c2c2c2c2c2c2c
       555  <<<<<<<<<<<<<<<,  3c3c3c3c3c3c3c3c3c3c3c3c3c3c3c2c
       540  <<<<<<<<<<<<<<,<  3c3c3c3c3c3c3c3c3c3c3c3c3c3c2c3c
       532  ,<<<<<<<<<<<<<<<  2c3c3c3c3c3c3c3c3c3c3c3c3c3c3c3c
       528  <<<<<<<<<<<<<,<<  3c3c3c3c3c3c3c3c3c3c3c3c3c2c3c3c
       524  <<<<<<<<<<<<,<<<  3c3c3c3c3c3c3c3c3c3c3c3c2c3c3c3c
       519  <,<<<<<<<<<<<<<<  3c2c3c3c3c3c3c3c3c3c3c3c3c3c3c3c
       511  <<,<<<<<<<<<<<<<  3c3c2c3c3c3c3c3c3c3c3c3c3c3c3c3c
       509  <<<<<<<<<<,<<<<<  3c3c3c3c3c3c3c3c3c3c2c3c3c3c3c3c
# epoch 35900  H=1.0914 C=1.0735 HO=0.0179  A(t)=2022
     22418  <<<<<<<<<<<<<<<<  3c3c3c3c3c3c3c3c3c3c3c3c3c3c3c3c
       784  ,,,,,,,,,,,,,,,,  2c2c2c2c2c2c2c2c2c2c2c2c2c2c2c2c
       552  <<<<<<<<<<<<<<<,  3c3c3c3c3c3c3c3c3c3c3c3c3c3c3c2c
       535  <<<<<<<<<<<<<<,<  3c3c3c3c3c3c3c3c3c3c3c3c3c3c2c3c
       518  ,<<<<<<<<<<<<<<<  2c3c3c3c3c3c3c3c3c3c3c3c3c3c3c3c
       501  <,<<<<<<<<<<<<<<  3c2c3c3c3c3c3c3c3c3c3c3c3c3c3c3c
       499  <<<<<<<<<<<<<,<<  3c3c3c3c3c3c3c3c3c3c3c3c3c2c3c3c
       495  <<,<<<<<<<<<<<<<  3c3c2c3c3c3c3c3c3c3c3c3c3c3c3c3c
       484  <<<<<<<<<<<<,<<<  3c3c3c3c3c3c3c3c3c3c3c3c2c3c3c3c
       476  <<<,<<<<<<<<<<<<  3c3c3c2c3c3c3c3c3c3c3c3c3c3c3c3c
# epoch 35950  H=1.1025 C=1.0959 HO=0.0065  A(t)=2022
     23159  <<<<<<<<<<<<<<<<  3c3c3c3c3c3c3c3c3c3c3c3c3c3c3c3c
       579  ,,,,,,,,,,,,,,,,  2c2c2c2c2c2c2c2c2c2c2c2c2c2c2c2c
       513  <<<<<<<<<<<<<<<,  3c3c3c3c3c3c3c3c3c3c3c3c3c3c3c2c
       491  ,<<<<<<<<<<<<<<<  2c3c3c3c3c3c3c3c3c3c3c3c3c3c3c3c
       481  <<<<<<<<<<<<<<,<  3c3c3c3c3c3c3c3c3c3c3c3c3c3c2c3c
       472  <,<<<<<<<<<<<<<<  3c2c3c3c3c3c3c3c3c3c3c3c3c3c3c3c
       462  <<,<<<<<<<<<<<<<  3c3c2c3c3c3c3c3c3c3c3c3c3c3c3c3c
       455  <<<<<<<<<<<<<,<<  3c3c3c3c3c3c3c3c3c3c3c3c3c2c3c3c
       444  <<<,<<<<<<<<<<<<  3c3c3c2c3c3c3c3c3c3c3c3c3c3c3c3c
       437  <<<<<<<<<<<<,<<<  3c3c3c3c3c3c3c3c3c3c3c3c2c3c3c3c
# epoch 36000  H=1.1557 C=1.1199 HO=0.0359  A(t)=2022
     22392  <<<<<<<<<<<<<<<<  3c3c3c3c3c3c3c3c3c3c3c3c3c3c3c3c
       725  ,,,,,,,,,,,,,,,,  2c2c2c2c2c2c2c2c2c2c2c2c2c2c2c2c
       540  <<<<<<<<<<<<<<<,  3c3c3c3c3c3c3c3c3c3c3c3c3c3c3c2c
       528  <<<<<<<<<<<<<<,<  3c3c3c3c3c3c3c3c3c3c3c3c3c3c2c3c
       514  ,<<<<<<<<<<<<<<<  2c3c3c3c3c3c3c3c3c3c3c3c3c3c3c3c
       507  <<<<<<<<<<<<<,<<  3c3c3c3c3c3c3c3c3c3c3c3c3c2c3c3c
       502  <,<<<<<<<<<<<<<<  3c2c3c3c3c3c3c3c3c3c3c3c3c3c3c3c
       492  <<,<<<<<<<<<<<<<  3c3c2c3c3c3c3c3c3c3c3c3c3c3c3c3c
       486  <<<<<<<<<<<<,<<<  3c3c3c3c3c3c3c3c3c3c3c3c2c3c3c3c
       481  <<<,<<<<<<<<<<<<  3c3c3c2c3c3c3c3c3c3c3c3c3c3c3c3c
# epoch 36050  H=1.1482 C=1.1082 HO=0.0401  A(t)=2022
     23487  <<<<<<<<<<<<<<<<  3c3c3c3c3c3c3c3c3c3c3c3c3c3c3c3c
       562  ,,,,,,,,,,,,,,,,  2c2c2c2c2c2c2c2c2c2c2c2c2c2c2c2c
       531  <<<<<<<<<<<<<<<,  3c3c3c3c3c3c3c3c3c3c3c3c3c3c3c2c
       516  ,<<<<<<<<<<<<<<<  2c3c3c3c3c3c3c3c3c3c3c3c3c3c3c3c
       485  <<<<<<<<<<<<<<,<  3c3c3c3c3c3c3c3c3c3c3c3c3c3c2c3c
       479  <,<<<<<<<<<<<<<<  3c2c3c3c3c3c3c3c3c3c3c3c3c3c3c3c
       464  <<<<<<<<<<<<<,<<  3c3c3c3c3c3c3c3c3c3c3c3c3c2c3c3c
       460  <<,<<<<<<<<<<<<<  3c3c2c3c3c3c3c3c3c3c3c3c3c3c3c3c
       442  <<<<<<<,<<<<<<<<  3c3c3c3c3c3c3c2c3c3c3c3c3c3c3c3c
       440  <<<<<<,<<<<<<<<<  3c3c3c3c3c3c2c3c3c3c3c3c3c3c3c3c
# epoch 36100  H=1.1513 C=1.1241 HO=0.0271  A(t)=2022
     21758  <<<<<<<<<<<<<<<<  3c3c3c3c3c3c3c3c3c3c3c3c3c3c3c3c
       507  ,,,,,,,,,,,,,,,,  2c2c2c2c2c2c2c2c2c2c2c2c2c2c2c2c
       500  <<<<<<<<<<<<<<<,  3c3c3c3c3c3c3c3c3c3c3c3c3c3c3c2c
       491  ,<<<<<<<<<<<<<<<  2c3c3c3c3c3c3c3c3c3c3c3c3c3c3c3c
       477  <<<<<<<<<<<<<<,<  3c3c3c3c3c3c3c3c3c3c3c3c3c3c2c3c
       463  <<<<<<<<<<<<<,<<  3c3c3c3c3c3c3c3c3c3c3c3c3c2c3c3c
       463  <<<<<<<<<<<<,<<<  3c3c3c3c3c3c3c3c3c3c3c3c2c3c3c3c
       458  <<<<<<<<<<<,<<<<  3c3c3c3c3c3c3c3c3c3c3c2c3c3c3c3c
       450  <,<<<<<<<<<<<<<<  3c2c3c3c3c3c3c3c3c3c3c3c3c3c3c3c
       448  <<<<,<<<<<<<<<<<  3c3c3c3c2c3c3c3c3c3c3c3c3c3c3c3c
# epoch 36150  H=1.1062 C=1.0896 HO=0.0166  A(t)=2022
     21039  <<<<<<<<<<<<<<<<  3c3c3c3c3c3c3c3c3c3c3c3c3c3c3c3c
       806  ,,,,,,,,,,,,,,,,  2c2c2c2c2c2c2c2c2c2c2c2c2c2c2c2c
       545  ,<<<<<<<<<<<<<<<  2c3c3c3c3c3c3c3c3c3c3c3c3c3c3c3c
       544  <<<<<<<<<<<<<<<,  3c3c3c3c3c3c3c3c3c3c3c3c3c3c3c2c
       512  <<<<<<<<<<<<<<,<  3c3c3c3c3c3c3c3c3c3c3c3c3c3c2c3c
       504  <,<<<<<<<<<<<<<<  3c2c3c3c3c3c3c3c3c3c3c3c3c3c3c3c
       489  <<,<<<<<<<<<<<<<  3c3c2c3c3c3c3c3c3c3c3c3c3c3c3c3c
       487  <<<<<<<<<<<<<,<<  3c3c3c3c3c3c3c3c3c3c3c3c3c2c3c3c
       471  <<<,<<<<<<<<<<<<  3c3c3c2c3c3c3c3c3c3c3c3c3c3c3c3c
       469  <<<<,<<<<<<<<<<<  3c3c3c3c2c3c3c3c3c3c3c3c3c3c3c3c
# epoch 36200  H=1.0766 C=1.0696 HO=0.0070  A(t)=2023
     22750  <<<<<<<<<<<<<<<<  3c3c3c3c3c3c3c3c3c3c3c3c3c3c3c3c
       530  <<<<<<<<<<<<<<<,  3c3c3c3c3c3c3c3c3c3c3c3c3c3c3c2c
       509  <<<<<<<<<<<<<<,<  3c3c3c3c3c3c3c3c3c3c3c3c3c3c2c3c
       507  ,<<<<<<<<<<<<<<<  2c3c3c3c3c3c3c3c3c3c3c3c3c3c3c3c
       491  <<<<<<<<<<<<<,<<  3c3c3c3c3c3c3c3c3c3c3c3c3c2c3c3c
       482  <<,<<<<<<<<<<<<<  3c3c2c3c3c3c3c3c3c3c3c3c3c3c3c3c
       478  <,<<<<<<<<<<<<<<  3c2c3c3c3c3c3c3c3c3c3c3c3c3c3c3c
       466  <<<<<<<<<<,<<<<<  3c3c3c3c3c3c3c3c3c3c2c3c3c3c3c3c
       464  <<<<<<<<<<<<,<<<  3c3c3c3c3c3c3c3c3c3c3c3c2c3c3c3c
       461  <<<<<<<<<<<,<<<<  3c3c3c3c3c3c3c3c3c3c3c2c3c3c3c3c
# epoch 36250  H=1.2392 C=1.1849 HO=0.0543  A(t)=2026
     20227  <<<<<<<<<<<<<<<<  3c3c3c3c3c3c3c3c3c3c3c3c3c3c3c3c
       651  ,,,,,,,,,,,,,,,,  2c2c2c2c2c2c2c2c2c2c2c2c2c2c2c2c
       531  <<<<<<<<<<<<<<<,  3c3c3c3c3c3c3c3c3c3c3c3c3c3c3c2c
       510  ,<<<<<<<<<<<<<<<  2c3c3c3c3c3c3c3c3c3c3c3c3c3c3c3c
       493  <<,<<<<<<<<<<<<<  3c3c2c3c3c3c3c3c3c3c3c3c3c3c3c3c
       493  <,<<<<<<<<<<<<<<  3c2c3c3c3c3c3c3c3c3c3c3c3c3c3c3c
       490  <<<<<<<<<<<<<<,<  3c3c3c3c3c3c3c3c3c3c3c3c3c3c2c3c
       485  <<<,<<<<<<<<<<<<  3c3c3c2c3c3c3c3c3c3c3c3c3c3c3c3c
       484  <<<<<<<<<<<<<,<<  3c3c3c3c3c3c3c3c3c3c3c3c3c2c3c3c
       478  <<<<<,<<<<<<<<<<  3c3c3c3c3c2c3c3c3c3c3c3c3c3c3c3c
# epoch 36300  H=1.1574 C=1.1431 HO=0.0143  A(t)=2027
     21829  <<<<<<<<<<<<<<<<  3c3c3c3c3c3c3c3c3c3c3c3c3c3c3c3c
       571  <<<<<<<<<<<<<<<,  3c3c3c3c3c3c3c3c3c3c3c3c3c3c3c2c
       559  ,<<<<<<<<<<<<<<<  2c3c3c3c3c3c3c3c3c3c3c3c3c3c3c3c
       535  <,<<<<<<<<<<<<<<  3c2c3c3c3c3c3c3c3c3c3c3c3c3c3c3c
       531  <<<<<<<<<<<<<<,<  3c3c3c3c3c3c3c3c3c3c3c3c3c3c2c3c
       516  <<,<<<<<<<<<<<<<  3c3c2c3c3c3c3c3c3c3c3c3c3c3c3c3c
       505  <<<<<<<<<<<<<,<<  3c3c3c3c3c3c3c3c3c3c3c3c3c2c3c3c
       498  <<<<,<<<<<<<<<<<  3c3c3c3c2c3c3c3c3c3c3c3c3c3c3c3c
       498  <<<,<<<<<<<<<<<<  3c3c3c2c3c3c3c3c3c3c3c3c3c3c3c3c
       494  <<<<<<<<<<<,<<<<  3c3c3c3c3c3c3c3c3c3c3c2c3c3c3c3c
# epoch 36350  H=1.1426 C=1.1116 HO=0.0310  A(t)=2028
     21599  <<<<<<<<<<<<<<<<  3c3c3c3c3c3c3c3c3c3c3c3c3c3c3c3c
       728  ,,,,,,,,,,,,,,,,  2c2c2c2c2c2c2c2c2c2c2c2c2c2c2c2c
       607  <<<<<<<<<<<<<<<,  3c3c3c3c3c3c3c3c3c3c3c3c3c3c3c2c
       591  <<<<<<<<<<<<<<,<  3c3c3c3c3c3c3c3c3c3c3c3c3c3c2c3c
       587  ,<<<<<<<<<<<<<<<  2c3c3c3c3c3c3c3c3c3c3c3c3c3c3c3c
       570  <,<<<<<<<<<<<<<<  3c2c3c3c3c3c3c3c3c3c3c3c3c3c3c3c
       563  <<<<<<<<<<<<<,<<  3c3c3c3c3c3c3c3c3c3c3c3c3c2c3c3c
       558  <<,<<<<<<<<<<<<<  3c3c2c3c3c3c3c3c3c3c3c3c3c3c3c3c
       545  <<<<<<<<<<<<,<<<  3c3c3c3c3c3c3c3c3c3c3c3c2c3c3c3c
       544  <<<,<<<<<<<<<<<<  3c3c3c2c3c3c3c3c3c3c3c3c3c3c3c3c
# epoch 36400  H=1.1420 C=1.1073 HO=0.0347  A(t)=2031
     21107  <<<<<<<<<<<<<<<<  3c3c3c3c3c3c3c3c3c3c3c3c3c3c3c3c
       803  ,,,,,,,,,,,,,,,,  2c2c2c2c2c2c2c2c2c2c2c2c2c2c2c2c
       535  <<<<<<<<<<<<<<<,  3c3c3c3c3c3c3c3c3c3c3c3c3c3c3c2c
       516  ,<<<<<<<<<<<<<<<  2c3c3c3c3c3c3c3c3c3c3c3c3c3c3c3c
       514  <<<<<<<<<<<<<<,<  3c3c3c3c3c3c3c3c3c3c3c3c3c3c2c3c
       507  <,<<<<<<<<<<<<<<  3c2c3c3c3c3c3c3c3c3c3c3c3c3c3c3c
       502  <<<<<<<<<<<<<,<<  3c3c3c3c3c3c3c3c3c3c3c3c3c2c3c3c
       500  <<<<<<<<<<<<,<<<  3c3c3c3c3c3c3c3c3c3c3c3c2c3c3c3c
       496  <<<<<<<<,<<<<<<<  3c3c3c3c3c3c3c3c2c3c3c3c3c3c3c3c
       494  <<,<<<<<<<<<<<<<  3c3c2c3c3c3c3c3c3c3c3c3c3c3c3c3c
# epoch 36450  H=1.0443 C=1.0245 HO=0.0197  A(t)=2031
     21664  <<<<<<<<<<<<<<<<  3c3c3c3c3c3c3c3c3c3c3c3c3c3c3c3c
       935  ,,,,,,,,,,,,,,,,  2c2c2c2c2c2c2c2c2c2c2c2c2c2c2c2c
       548  <<<<<<<<<<<<<<<,  3c3c3c3c3c3c3c3c3c3c3c3c3c3c3c2c
       532  <<<<<<,<<<<<<<<<  3c3c3c3c3c3c2c3c3c3c3c3c3c3c3c3c
       532  <<<<<,<<<<<<<<<<  3c3c3c3c3c2c3c3c3c3c3c3c3c3c3c3c
       531  ,<<<<<<<<<<<<<<<  2c3c3c3c3c3c3c3c3c3c3c3c3c3c3c3c
       523  <<<<<<<<,<<<<<<<  3c3c3c3c3c3c3c3c2c3c3c3c3c3c3c3c
       523  <,<<<<<<<<<<<<<<  3c2c3c3c3c3c3c3c3c3c3c3c3c3c3c3c
       522  <<<<<<<,<<<<<<<<  3c3c3c3c3c3c3c2c3c3c3c3c3c3c3c3c
       520  <<,<<<<<<<<<<<<<  3c3c2c3c3c3c3c3c3c3c3c3c3c3c3c3c
# epoch 36500  H=1.0483 C=1.0645 HO=-0.0161  A(t)=2031
     22429  <<<<<<<<<<<<<<<<  3c3c3c3c3c3c3c3c3c3c3c3c3c3c3c3c
       527  ,,,,,,,,,,,,,,,,  2c2c2c2c2c2c2c2c2c2c2c2c2c2c2c2c
       514  ,<<<<<<<<<<<<<<<  2c3c3c3c3c3c3c3c3c3c3c3c3c3c3c3c
       513  <<<<<<<<<<<<<<<,  3c3c3c3c3c3c3c3c3c3c3c3c3c3c3c2c
       477  <,<<<<<<<<<<<<<<  3c2c3c3c3c3c3c3c3c3c3c3c3c3c3c3c
       473  <<,<<<<<<<<<<<<<  3c3c2c3c3c3c3c3c3c3c3c3c3c3c3c3c
       471  <<<<<<<<<<<<<<,<  3c3c3c3c3c3c3c3c3c3c3c3c3c3c2c3c
       469  <<<,<<<<<<<<<<<<  3c3c3c2c3c3c3c3c3c3c3c3c3c3c3c3c
       468  <<<<<<,<<<<<<<<<  3c3c3c3c3c3c2c3c3c3c3c3c3c3c3c3c
       465  <<<<<,<<<<<<<<<<  3c3c3c3c3c2c3c3c3c3c3c3c3c3c3c3c
# epoch 36550  H=1.1007 C=1.0947 HO=0.0059  A(t)=2031
     21536  <<<<<<<<<<<<<<<<  3c3c3c3c3c3c3c3c3c3c3c3c3c3c3c3c
       790  ,,,,,,,,,,,,,,,,  2c2c2c2c2c2c2c2c2c2c2c2c2c2c2c2c
       506  <<<<<<<<<<<<<<<,  3c3c3c3c3c3c3c3c3c3c3c3c3c3c3c2c
       500  <,<<<<<<<<<<<<<<  3c2c3c3c3c3c3c3c3c3c3c3c3c3c3c3c
       497  <<,<<<<<<<<<<<<<  3c3c2c3c3c3c3c3c3c3c3c3c3c3c3c3c
       496  <<<,<<<<<<<<<<<<  3c3c3c2c3c3c3c3c3c3c3c3c3c3c3c3c
       496  ,<<<<<<<<<<<<<<<  2c3c3c3c3c3c3c3c3c3c3c3c3c3c3c3c
       487  <<<<<<,<<<<<<<<<  3c3c3c3c3c3c2c3c3c3c3c3c3c3c3c3c
       486  <<<<<<<<<<<<<<,<  3c3c3c3c3c3c3c3c3c3c3c3c3c3c2c3c
       484  <<<<<,<<<<<<<<<<  3c3c3c3c3c2c3c3c3c3c3c3c3c3c3c3c
# epoch 36600  H=1.1466 C=1.1498 HO=-0.0032  A(t)=2031
     20653  <<<<<<<<<<<<<<<<  3c3c3c3c3c3c3c3c3c3c3c3c3c3c3c3c
       520  ,<<<<<<<<<<<<<<<  2c3c3c3c3c3c3c3c3c3c3c3c3c3c3c3c
       516  <<<<<<<<<<<<<<<,  3c3c3c3c3c3c3c3c3c3c3c3c3c3c3c2c
       506  <<<<<<<<<<<<<<,<  3c3c3c3c3c3c3c3c3c3c3c3c3c3c2c3c
       506  <,<<<<<<<<<<<<<<  3c2c3c3c3c3c3c3c3c3c3c3c3c3c3c3c
       497  <<,<<<<<<<<<<<<<  3c3c2c3c3c3c3c3c3c3c3c3c3c3c3c3c
       493  ,,,,,,,,,,,,,,,,  2c2c2c2c2c2c2c2c2c2c2c2c2c2c2c2c
       488  <<<<<<<<<<,<<<<<  3c3c3c3c3c3c3c3c3c3c2c3c3c3c3c3c
       487  <<<<<<,<<<<<<<<<  3c3c3c3c3c3c2c3c3c3c3c3c3c3c3c3c
       487  <<<<<,<<<<<<<<<<  3c3c3c3c3c2c3c3c3c3c3c3c3c3c3c3c
# epoch 36650  H=1.1973 C=1.1320 HO=0.0653  A(t)=2031
     21141  <<<<<<<<<<<<<<<<  3c3c3c3c3c3c3c3c3c3c3c3c3c3c3c3c
      1060  ,,,,,,,,,,,,,,,,  2c2c2c2c2c2c2c2c2c2c2c2c2c2c2c2c
       500  <<<<<<<<<<<<<<<,  3c3c3c3c3c3c3c3c3c3c3c3c3c3c3c2c
       492  ,<<<<<<<<<<<<<<<  2c3c3c3c3c3c3c3c3c3c3c3c3c3c3c3c
       479  <<<<<<<<<<<<<<,<  3c3c3c3c3c3c3c3c3c3c3c3c3c3c2c3c
       474  <<<<<<<<<<<<<,<<  3c3c3c3c3c3c3c3c3c3c3c3c3c2c3c3c
       468  <<,<<<<<<<<<<<<<  3c3c2c3c3c3c3c3c3c3c3c3c3c3c3c3c
       466  <,<<<<<<<<<<<<<<  3c2c3c3c3c3c3c3c3c3c3c3c3c3c3c3c
       457  <<<<<<<<<<<<,<<<  3c3c3c3c3c3c3c3c3c3c3c3c2c3c3c3c
       457  <<<,<<<<<<<<<<<<  3c3c3c2c3c3c3c3c3c3c3c3c3c3c3c3c
# epoch 36700  H=1.2038 C=1.1301 HO=0.0737  A(t)=2031
     19621  <<<<<<<<<<<<<<<<  3c3c3c3c3c3c3c3c3c3c3c3c3c3c3c3c
      1104  ,,,,,,,,,,,,,,,,  2c2c2c2c2c2c2c2c2c2c2c2c2c2c2c2c
       507  <<<<<<<<<<<<<<<,  3c3c3c3c3c3c3c3c3c3c3c3c3c3c3c2c
       486  <<<<<<<<<<<<<<,<  3c3c3c3c3c3c3c3c3c3c3c3c3c3c2c3c
       486  ,<<<<<<<<<<<<<<<  2c3c3c3c3c3c3c3c3c3c3c3c3c3c3c3c
       465  <<<<<<<<<<<<,<<<  3c3c3c3c3c3c3c3c3c3c3c3c2c3c3c3c
       465  <<<<<<,<<<<<<<<<  3c3c3c3c3c3c2c3c3c3c3c3c3c3c3c3c
       465  <,<<<<<<<<<<<<<<  3c2c3c3c3c3c3c3c3c3c3c3c3c3c3c3c
       463  <<<<<<<<<<<<<,<<  3c3c3c3c3c3c3c3c3c3c3c3c3c2c3c3c
       463  <<<<<<<<<,<<<<<<  3c3c3c3c3c3c3c3c3c2c3c3c3c3c3c3c
# epoch 36750  H=1.2712 C=1.2018 HO=0.0694  A(t)=2033
     21174  <<<<<<<<<<<<<<<<  3c3c3c3c3c3c3c3c3c3c3c3c3c3c3c3c
       846  ,,,,,,,,,,,,,,,,  2c2c2c2c2c2c2c2c2c2c2c2c2c2c2c2c
       508  <<<<<<<<<<<<<<<,  3c3c3c3c3c3c3c3c3c3c3c3c3c3c3c2c
       493  <<<<<<<<<<<<<<,<  3c3c3c3c3c3c3c3c3c3c3c3c3c3c2c3c
       492  ,<<<<<<<<<<<<<<<  2c3c3c3c3c3c3c3c3c3c3c3c3c3c3c3c
       479  <<<<<<<<<<<<<,<<  3c3c3c3c3c3c3c3c3c3c3c3c3c2c3c3c
       475  <<,<<<<<<<<<<<<<  3c3c2c3c3c3c3c3c3c3c3c3c3c3c3c3c
       473  <,<<<<<<<<<<<<<<  3c2c3c3c3c3c3c3c3c3c3c3c3c3c3c3c
       465  <<<<<<<<<,<<<<<<  3c3c3c3c3c3c3c3c3c2c3c3c3c3c3c3c
       464  <<<<<<<<<<<<,<<<  3c3c3c3c3c3c3c3c3c3c3c3c2c3c3c3c
# epoch 36800  H=1.2682 C=1.2262 HO=0.0420  A(t)=2036
     21441  <<<<<<<<<<<<<<<<  3c3c3c3c3c3c3c3c3c3c3c3c3c3c3c3c
       775  ,,,,,,,,,,,,,,,,  2c2c2c2c2c2c2c2c2c2c2c2c2c2c2c2c
       548  <<<<<<<<<<<<<<<,  3c3c3c3c3c3c3c3c3c3c3c3c3c3c3c2c
       533  ,<<<<<<<<<<<<<<<  2c3c3c3c3c3c3c3c3c3c3c3c3c3c3c3c
       521  <,<<<<<<<<<<<<<<  3c2c3c3c3c3c3c3c3c3c3c3c3c3c3c3c
       518  <<<<<<<<<<<<<<,<  3c3c3c3c3c3c3c3c3c3c3c3c3c3c2c3c
       518  <<<,<<<<<<<<<<<<  3c3c3c2c3c3c3c3c3c3c3c3c3c3c3c3c
       518  <<,<<<<<<<<<<<<<  3c3c2c3c3c3c3c3c3c3c3c3c3c3c3c3c
       510  <<<<,<<<<<<<<<<<  3c3c3c3c2c3c3c3c3c3c3c3c3c3c3c3c
       509  <<<<<<<,<<<<<<<<  3c3c3c3c3c3c3c2c3c3c3c3c3c3c3c3c
# epoch 36850  H=1.2366 C=1.1761 HO=0.0604  A(t)=2036
     22327  <<<<<<<<<<<<<<<<  3c3c3c3c3c3c3c3c3c3c3c3c3c3c3c3c
       806  ,,,,,,,,,,,,,,,,  2c2c2c2c2c2c2c2c2c2c2c2c2c2c2c2c
       530  <<<<<<<<<<<<<<<,  3c3c3c3c3c3c3c3c3c3c3c3c3c3c3c2c
       510  ,<<<<<<<<<<<<<<<  2c3c3c3c3c3c3c3c3c3c3c3c3c3c3c3c
       487  <<<<<<<<<<<<<<,<  3c3c3c3c3c3c3c3c3c3c3c3c3c3c2c3c
       486  <<<<<<<,<<<<<<<<  3c3c3c3c3c3c3c2c3c3c3c3c3c3c3c3c
       484  <,<<<<<<<<<<<<<<  3c2c3c3c3c3c3c3c3c3c3c3c3c3c3c3c
       477  <<<<<<<<,<<<<<<<  3c3c3c3c3c3c3c3c2c3c3c3c3c3c3c3c
       477  <<<<<<,<<<<<<<<<  3c3c3c3c3c3c2c3c3c3c3c3c3c3c3c3c
       472  <<<<<,<<<<<<<<<<  3c3c3c3c3c2c3c3c3c3c3c3c3c3c3c3c
# epoch 36900  H=1.2547 C=1.2225 HO=0.0321  A(t)=2036
     21204  <<<<<<<<<<<<<<<<  3c3c3c3c3c3c3c3c3c3c3c3c3c3c3c3c
       514  <<<<<<<<<<<<<<<,  3c3c3c3c3c3c3c3c3c3c3c3c3c3c3c2c
       505  ,<<<<<<<<<<<<<<<  2c3c3c3c3c3c3c3c3c3c3c3c3c3c3c3c
       483  <,<<<<<<<<<<<<<<  3c2c3c3c3c3c3c3c3c3c3c3c3c3c3c3c
       479  <<<<<<<<<<<<<<,<  3c3c3c3c3c3c3c3c3c3c3c3c3c3c2c3c
       477  <<,<<<<<<<<<<<<<  3c3c2c3c3c3c3c3c3c3c3c3c3c3c3c3c
       462  <<<<<,<<<<<<<<<<  3c3c3c3c3c2c3c3c3c3c3c3c3c3c3c3c
       462  ,,,,,,,,,,,,,,,,  2c2c2c2c2c2c2c2c2c2c2c2c2c2c2c2c
       461  <<<<<<<,<<<<<<<<  3c3c3c3c3c3c3c2c3c3c3c3c3c3c3c3c
       460  <<<,<<<<<<<<<<<<  3c3c3c2c3c3c3c3c3c3c3c3c3c3c3c3c
# epoch 36950  H=1.4478 C=1.3694 HO=0.0784  A(t)=2036
     18373  <<<<<<<<<<<<<<<<  3c3c3c3c3c3c3c3c3c3c3c3c3c3c3c3c
       991  ,,,,,,,,,,,,,,,,  2c2c2c2c2c2c2c2c2c2c2c2c2c2c2c2c
       480  <<<<<<<<<<<<<<<,  3c3c3c3c3c3c3c3c3c3c3c3c3c3c3c2c
       465  <<<<<<<<<<<<<<,<  3c3c3c3c3c3c3c3c3c3c3c3c3c3c2c3c
       450  <,<<<<<<<<<<<<<<  3c2c3c3c3c3c3c3c3c3c3c3c3c3c3c3c
       450  ,<<<<<<<<<<<<<<<  2c3c3c3c3c3c3c3c3c3c3c3c3c3c3c3c
       449  <<<<<<<<<<<<<,<<  3c3c3c3c3c3c3c3c3c3c3c3c3c2c3c3c
       445  <<,<<<<<<<<<<<<<  3c3c2c3c3c3c3c3c3c3c3c3c3c3c3c3c
       434  <<<<<<<<<<<<,<<<  3c3c3c3c3c3c3c3c3c3c3c3c2c3c3c3c
       433  <<<,<<<<<<<<<<<<  3c3c3c2c3c3c3c3c3c3c3c3c3c3c3c3c
# epoch 37000  H=1.4890 C=1.3694 HO=0.1197  A(t)=2036
     20556  <<<<<<<<<<<<<<<<  3c3c3c3c3c3c3c3c3c3c3c3c3c3c3c3c
       710  ,,,,,,,,,,,,,,,,  2c2c2c2c2c2c2c2c2c2c2c2c2c2c2c2c
       461  <<<<<<<<<<<<<<<,  3c3c3c3c3c3c3c3c3c3c3c3c3c3c3c2c
       429  <<<<<<<<<<<<<<,<  3c3c3c3c3c3c3c3c3c3c3c3c3c3c2c3c
       428  ,<<<<<<<<<<<<<<<  2c3c3c3c3c3c3c3c3c3c3c3c3c3c3c3c
       424  <<<<<<<<<<<<<,<<  3c3c3c3c3c3c3c3c3c3c3c3c3c2c3c3c
       414  <<<<<<<<<<<,<<<<  3c3c3c3c3c3c3c3c3c3c3c2c3c3c3c3c
       412  <<<<<<<<<<<<,<<<  3c3c3c3c3c3c3c3c3c3c3c3c2c3c3c3c
       411  <<,<<<<<<<<<<<<<  3c3c2c3c3c3c3c3c3c3c3c3c3c3c3c3c
       410  <,<<<<<<<<<<<<<<  3c2c3c3c3c3c3c3c3c3c3c3c3c3c3c3c
# epoch 37050  H=1.4504 C=1.3677 HO=0.0827  A(t)=2038
     19614  <<<<<<<<<<<<<<<<  3c3c3c3c3c3c3c3c3c3c3c3c3c3c3c3c
       511  <<<<<<<<<<<<<<<,  3c3c3c3c3c3c3c3c3c3c3c3c3c3c3c2c
       499  ,,,,,,,,,,,,,,,,  2c2c2c2c2c2c2c2c2c2c2c2c2c2c2c2c
       497  <<<<<<<<<<<<<<,<  3c3c3c3c3c3c3c3c3c3c3c3c3c3c2c3c
       497  ,<<<<<<<<<<<<<<<  2c3c3c3c3c3c3c3c3c3c3c3c3c3c3c3c
       491  <,<<<<<<<<<<<<<<  3c2c3c3c3c3c3c3c3c3c3c3c3c3c3c3c
       486  <<<<<<<<<<<<<,<<  3c3c3c3c3c3c3c3c3c3c3c3c3c2c3c3c
       477  <<,<<<<<<<<<<<<<  3c3c2c3c3c3c3c3c3c3c3c3c3c3c3c3c
       470  <<<<<<<<<<<<,<<<  3c3c3c3c3c3c3c3c3c3c3c3c2c3c3c3c
       456  <<<,<<<<<<<<<<<<  3c3c3c2c3c3c3c3c3c3c3c3c3c3c3c3c
# epoch 37100  H=1.3658 C=1.3113 HO=0.0545  A(t)=2039
     20364  <<<<<<<<<<<<<<<<  3c3c3c3c3c3c3c3c3c3c3c3c3c3c3c3c
       542  ,,,,,,,,,,,,,,,,  2c2c2c2c2c2c2c2c2c2c2c2c2c2c2c2c
       534  <<<<<<<<<<<<<<<,  3c3c3c3c3c3c3c3c3c3c3c3c3c3c3c2c
       508  ,<<<<<<<<<<<<<<<  2c3c3c3c3c3c3c3c3c3c3c3c3c3c3c3c
       502  <<<<<<<<<<<<<<,<  3c3c3c3c3c3c3c3c3c3c3c3c3c3c2c3c
       497  <<<<<<<<<<<<<,<<  3c3c3c3c3c3c3c3c3c3c3c3c3c2c3c3c
       494  <,<<<<<<<<<<<<<<  3c2c3c3c3c3c3c3c3c3c3c3c3c3c3c3c
       490  <<,<<<<<<<<<<<<<  3c3c2c3c3c3c3c3c3c3c3c3c3c3c3c3c
       486  <<<<,<<<<<<<<<<<  3c3c3c3c2c3c3c3c3c3c3c3c3c3c3c3c
       483  <<<<<<<<<<<<,<<<  3c3c3c3c3c3c3c3c3c3c3c3c2c3c3c3c
# epoch 37150  H=1.3956 C=1.3148 HO=0.0808  A(t)=2043
     20508  <<<<<<<<<<<<<<<<  3c3c3c3c3c3c3c3c3c3c3c3c3c3c3c3c
       627  ,,,,,,,,,,,,,,,,  2c2c2c2c2c2c2c2c2c2c2c2c2c2c2c2c
       472  <<<<<<<<<<<<<<,<  3c3c3c3c3c3c3c3c3c3c3c3c3c3c2c3c
       470  <<<<<<<<<<<<<<<,  3c3c3c3c3c3c3c3c3c3c3c3c3c3c3c2c
       458  <<<<<<<<<<<<<,<<  3c3c3c3c3c3c3c3c3c3c3c3c3c2c3c3c
       454  <,<<<<<<<<<<<<<<  3c2c3c3c3c3c3c3c3c3c3c3c3c3c3c3c
       450  ,<<<<<<<<<<<<<<<  2c3c3c3c3c3c3c3c3c3c3c3c3c3c3c3c
       449  <<,<<<<<<<<<<<<<  3c3c2c3c3c3c3c3c3c3c3c3c3c3c3c3c
       447  <<<<<<<<<<<<,<<<  3c3c3c3c3c3c3c3c3c3c3c3c2c3c3c3c
       440  <<<<<<<,<<<<<<<<  3c3c3c3c3c3c3c2c3c3c3c3c3c3c3c3c
# epoch 37200  H=1.4433 C=1.3369 HO=0.1064  A(t)=2043
     19886  <<<<<<<<<<<<<<<<  3c3c3c3c3c3c3c3c3c3c3c3c3c3c3c3c
       604  ,,,,,,,,,,,,,,,,  2c2c2c2c2c2c2c2c2c2c2c2c2c2c2c2c
       520  <<<<<<<<<<<<<<<,  3c3c3c3c3c3c3c3c3c3c3c3c3c3c3c2c
       496  <<<<<<<<<<<<<<,<  3c3c3c3c3c3c3c3c3c3c3c3c3c3c2c3c
       485  ,<<<<<<<<<<<<<<<  2c3c3c3c3c3c3c3c3c3c3c3c3c3c3c3c
       477  <,<<<<<<<<<<<<<<  3c2c3c3c3c3c3c3c3c3c3c3c3c3c3c3c
       464  <<,<<<<<<<<<<<<<  3c3c2c3c3c3c3c3c3c3c3c3c3c3c3c3c
       459  <<<<<<<<<<<<<,<<  3c3c3c3c3c3c3c3c3c3c3c3c3c2c3c3c
       449  <<<<<<<<<<<,<<<<  3c3c3c3c3c3c3c3c3c3c3c2c3c3c3c3c
       449  <<<,<<<<<<<<<<<<  3c3c3c2c3c3c3c3c3c3c3c3c3c3c3c3c
# epoch 37250  H=1.3722 C=1.2754 HO=0.0968  A(t)=2043
     21095  <<<<<<<<<<<<<<<<  3c3c3c3c3c3c3c3c3c3c3c3c3c3c3c3c
       564  <<<<<<<<<<<<<<<,  3c3c3c3c3c3c3c3c3c3c3c3c3c3c3c2c
       552  ,<<<<<<<<<<<<<<<  2c3c3c3c3c3c3c3c3c3c3c3c3c3c3c3c
       546  <<<<<<<<<<<<<<,<  3c3c3c3c3c3c3c3c3c3c3c3c3c3c2c3c
       540  <,<<<<<<<<<<<<<<  3c2c3c3c3c3c3c3c3c3c3c3c3c3c3c3c
       531  ,,,,,,,,,,,,,,,,  2c2c2c2c2c2c2c2c2c2c2c2c2c2c2c2c
       519  <<,<<<<<<<<<<<<<  3c3c2c3c3c3c3c3c3c3c3c3c3c3c3c3c
       514  <<<<<<<<<<<<<,<<  3c3c3c3c3c3c3c3c3c3c3c3c3c2c3c3c
       505  <<<<<<<<<<<,<<<<  3c3c3c3c3c3c3c3c3c3c3c2c3c3c3c3c
       505  <<<<<<<<<,<<<<<<  3c3c3c3c3c3c3c3c3c2c3c3c3c3c3c3c
# epoch 37300  H=1.2703 C=1.1979 HO=0.0724  A(t)=2043
     21548  <<<<<<<<<<<<<<<<  3c3c3c3c3c3c3c3c3c3c3c3c3c3c3c3c
       543  ,,,,,,,,,,,,,,,,  2c2c2c2c2c2c2c2c2c2c2c2c2c2c2c2c
       525  <<<<<<<<<<<<<<,<  3c3c3c3c3c3c3c3c3c3c3c3c3c3c2c3c
       520  <<<<<<<<<<<<<<<,  3c3c3c3c3c3c3c3c3c3c3c3c3c3c3c2c
       518  <<<<<<<<<<<<,<<<  3c3c3c3c3c3c3c3c3c3c3c3c2c3c3c3c
       516  <<<<<<<<<<<<<,<<  3c3c3c3c3c3c3c3c3c3c3c3c3c2c3c3c
       503  <,<<<<<<<<<<<<<<  3c2c3c3c3c3c3c3c3c3c3c3c3c3c3c3c
       502  ,<<<<<<<<<<<<<<<  2c3c3c3c3c3c3c3c3c3c3c3c3c3c3c3c
       500  <<<<<<<<<<<,<<<<  3c3c3c3c3c3c3c3c3c3c3c2c3c3c3c3c
       498  <<,<<<<<<<<<<<<<  3c3c2c3c3c3c3c3c3c3c3c3c3c3c3c3c
# epoch 37350  H=1.2383 C=1.1724 HO=0.0659  A(t)=2048
     21189  <<<<<<<<<<<<<<<<  3c3c3c3c3c3c3c3c3c3c3c3c3c3c3c3c
       853  ,,,,,,,,,,,,,,,,  2c2c2c2c2c2c2c2c2c2c2c2c2c2c2c2c
       507  <<<<<<<<<<<<<<<,  3c3c3c3c3c3c3c3c3c3c3c3c3c3c3c2c
       493  ,<<<<<<<<<<<<<<<  2c3c3c3c3c3c3c3c3c3c3c3c3c3c3c3c
       492  <<<<<<<<<<<<<<,<  3c3c3c3c3c3c3c3c3c3c3c3c3c3c2c3c
       476  <,<<<<<<<<<<<<<<  3c2c3c3c3c3c3c3c3c3c3c3c3c3c3c3c
       469  <<,<<<<<<<<<<<<<  3c3c2c3c3c3c3c3c3c3c3c3c3c3c3c3c
       465  <<<<<<<<<<<<<,<<  3c3c3c3c3c3c3c3c3c3c3c3c3c2c3c3c
       463  <<<,<<<<<<<<<<<<  3c3c3c2c3c3c3c3c3c3c3c3c3c3c3c3c
       458  <<<<<<<<<<<<,<<<  3c3c3c3c3c3c3c3c3c3c3c3c2c3c3c3c
# epoch 37400  H=1.1945 C=1.1409 HO=0.0536  A(t)=2048
     21189  <<<<<<<<<<<<<<<<  3c3c3c3c3c3c3c3c3c3c3c3c3c3c3c3c
       747  ,,,,,,,,,,,,,,,,  2c2c2c2c2c2c2c2c2c2c2c2c2c2c2c2c
       488  <<<<<<<<<<<<<<<,  3c3c3c3c3c3c3c3c3c3c3c3c3c3c3c2c
       487  ,<<<<<<<<<<<<<<<  2c3c3c3c3c3c3c3c3c3c3c3c3c3c3c3c
       476  <<<<<<<<<<<<<<,<  3c3c3c3c3c3c3c3c3c3c3c3c3c3c2c3c
       467  <,<<<<<<<<<<<<<<  3c2c3c3c3c3c3c3c3c3c3c3c3c3c3c3c
       459  <<,<<<<<<<<<<<<<  3c3c2c3c3c3c3c3c3c3c3c3c3c3c3c3c
       456  <<<<<<<<<<<<<,<<  3c3c3c3c3c3c3c3c3c3c3c3c3c2c3c3c
       450  <<<,<<<<<<<<<<<<  3c3c3c2c3c3c3c3c3c3c3c3c3c3c3c3c
       439  <<<<<<<<<<<<,<<<  3c3c3c3c3c3c3c3c3c3c3c3c2c3c3c3c
# epoch 37450  H=1.1161 C=1.0801 HO=0.0360  A(t)=2048
     22245  <<<<<<<<<<<<<<<<  3c3c3c3c3c3c3c3c3c3c3c3c3c3c3c3c
       677  ,,,,,,,,,,,,,,,,  2c2c2c2c2c2c2c2c2c2c2c2c2c2c2c2c
       487  <<<<<<<<<<<<<<<,  3c3c3c3c3c3c3c3c3c3c3c3c3c3c3c2c
       477  ,<<<<<<<<<<<<<<<  2c3c3c3c3c3c3c3c3c3c3c3c3c3c3c3c
       476  <<,<<<<<<<<<<<<<  3c3c2c3c3c3c3c3c3c3c3c3c3c3c3c3c
       472  <,<<<<<<<<<<<<<<  3c2c3c3c3c3c3c3c3c3c3c3c3c3c3c3c
       469  <<<,<<<<<<<<<<<<  3c3c3c2c3c3c3c3c3c3c3c3c3c3c3c3c
       467  <<<<<<<<<<<<<<,<  3c3c3c3c3c3c3c3c3c3c3c3c3c3c2c3c
       461  <<<<<<<<<<<<<,<<  3c3c3c3c3c3c3c3c3c3c3c3c3c2c3c3c
       452  <<<<,<<<<<<<<<<<  3c3c3c3c2c3c3c3c3c3c3c3c3c3c3c3c
# epoch 37500  H=1.1133 C=1.1031 HO=0.0102  A(t)=2056
     22465  <<<<<<<<<<<<<<<<  3c3c3c3c3c3c3c3c3c3c3c3c3c3c3c3c
       553  <<<<<<<<<<<<<<<,  3c3c3c3c3c3c3c3c3c3c3c3c3c3c3c2c
       529  <<<<<<<<<<<<<<,<  3c3c3c3c3c3c3c3c3c3c3c3c3c3c2c3c
       525  ,<<<<<<<<<<<<<<<  2c3c3c3c3c3c3c3c3c3c3c3c3c3c3c3c
       517  <<<<<<<<<<<<<,<<  3c3c3c3c3c3c3c3c3c3c3c3c3c2c3c3c
       515  <,<<<<<<<<<<<<<<  3c2c3c3c3c3c3c3c3c3c3c3c3c3c3c3c
       508  <<,<<<<<<<<<<<<<  3c3c2c3c3c3c3c3c3c3c3c3c3c3c3c3c
       505  <<<,<<<<<<<<<<<<  3c3c3c2c3c3c3c3c3c3c3c3c3c3c3c3c
       502  <<<<<<<<<<<<,<<<  3c3c3c3c3c3c3c3c3c3c3c3c2c3c3c3c
       491  <<<<,<<<<<<<<<<<  3c3c3c3c2c3c3c3c3c3c3c3c3c3c3c3c
# epoch 37550  H=1.0763 C=1.0656 HO=0.0108  A(t)=2058
     23209  <<<<<<<<<<<<<<<<  3c3c3c3c3c3c3c3c3c3c3c3c3c3c3c3c
       522  <<<<<<<<<<<<<<<,  3c3c3c3c3c3c3c3c3c3c3c3c3c3c3c2c
       508  ,<<<<<<<<<<<<<<<  2c3c3c3c3c3c3c3c3c3c3c3c3c3c3c3c
       493  <<<<<<<<<<<<<<,<  3c3c3c3c3c3c3c3c3c3c3c3c3c3c2c3c
       493  <<<<<<<<,<<<<<<<  3c3c3c3c3c3c3c3c2c3c3c3c3c3c3c3c
       490  <<<<<<<,<<<<<<<<  3c3c3c3c3c3c3c2c3c3c3c3c3c3c3c3c
       485  <,<<<<<<<<<<<<<<  3c2c3c3c3c3c3c3c3c3c3c3c3c3c3c3c
       481  <<<<<<,<<<<<<<<<  3c3c3c3c3c3c2c3c3c3c3c3c3c3c3c3c
       481  <<<,<<<<<<<<<<<<  3c3c3c2c3c3c3c3c3c3c3c3c3c3c3c3c
       479  <<<<,<<<<<<<<<<<  3c3c3c3c2c3c3c3c3c3c3c3c3c3c3c3c
# epoch 37600  H=1.0494 C=1.0414 HO=0.0080  A(t)=2060
     23202  <<<<<<<<<<<<<<<<  3c3c3c3c3c3c3c3c3c3c3c3c3c3c3c3c
       618  ,,,,,,,,,,,,,,,,  2c2c2c2c2c2c2c2c2c2c2c2c2c2c2c2c
       516  <<<<<<<<<<<<<<<,  3c3c3c3c3c3c3c3c3c3c3c3c3c3c3c2c
       485  <<<<<<<<<<<<<<,<  3c3c3c3c3c3c3c3c3c3c3c3c3c3c2c3c
       479  ,<<<<<<<<<<<<<<<  2c3c3c3c3c3c3c3c3c3c3c3c3c3c3c3c
       468  <<<<<<<<<<<<<,<<  3c3c3c3c3c3c3c3c3c3c3c3c3c2c3c3c
       460  <,<<<<<<<<<<<<<<  3c2c3c3c3c3c3c3c3c3c3c3c3c3c3c3c
       459  <<<<<<<<<<<<,<<<  3c3c3c3c3c3c3c3c3c3c3c3c2c3c3c3c
       456  <<<<<<<<<,<<<<<<  3c3c3c3c3c3c3c3c3c2c3c3c3c3c3c3c
       454  <<,<<<<<<<<<<<<<  3c3c2c3c3c3c3c3c3c3c3c3c3c3c3c3c
# epoch 37650  H=1.0997 C=1.0886 HO=0.0111  A(t)=2061
     23170  <<<<<<<<<<<<<<<<  3c3c3c3c3c3c3c3c3c3c3c3c3c3c3c3c
       665  ,,,,,,,,,,,,,,,,  2c2c2c2c2c2c2c2c2c2c2c2c2c2c2c2c
       535  <<<<<<<<<<<<<<<,  3c3c3c3c3c3c3c3c3c3c3c3c3c3c3c2c
       513  ,<<<<<<<<<<<<<<<  2c3c3c3c3c3c3c3c3c3c3c3c3c3c3c3c
       510  <<<<<<<<<<<<<<,<  3c3c3c3c3c3c3c3c3c3c3c3c3c3c2c3c
       501  <,<<<<<<<<<<<<<<  3c2c3c3c3c3c3c3c3c3c3c3c3c3c3c3c
       496  <<<<<<<<<<<<<,<<  3c3c3c3c3c3c3c3c3c3c3c3c3c2c3c3c
       489  <<,<<<<<<<<<<<<<  3c3c2c3c3c3c3c3c3c3c3c3c3c3c3c3c
       487  <<<<<<<<<<<<,<<<  3c3c3c3c3c3c3c3c3c3c3c3c2c3c3c3c
       483  <<<<,<<<<<<<<<<<  3c3c3c3c2c3c3c3c3c3c3c3c3c3c3c3c
# epoch 37700  H=1.2590 C=1.2136 HO=0.0454  A(t)=2061
     21302  <<<<<<<<<<<<<<<<  3c3c3c3c3c3c3c3c3c3c3c3c3c3c3c3c
       706  ,,,,,,,,,,,,,,,,  2c2c2c2c2c2c2c2c2c2c2c2c2c2c2c2c
       502  <<<<<<<<<<<<<<<,  3c3c3c3c3c3c3c3c3c3c3c3c3c3c3c2c
       487  <<<<<<<<<<<<<<,<  3c3c3c3c3c3c3c3c3c3c3c3c3c3c2c3c
       474  ,<<<<<<<<<<<<<<<  2c3c3c3c3c3c3c3c3c3c3c3c3c3c3c3c
       472  <<<<<<<<<<<<<,<<  3c3c3c3c3c3c3c3c3c3c3c3c3c2c3c3c
       467  <,<<<<<<<<<<<<<<  3c2c3c3c3c3c3c3c3c3c3c3c3c3c3c3c
       454  <<,<<<<<<<<<<<<<  3c3c2c3c3c3c3c3c3c3c3c3c3c3c3c3c
       450  <<<<<<<<<<<<,<<<  3c3c3c3c3c3c3c3c3c3c3c3c2c3c3c3c
       442  <<<<<<<<<<<,<<<<  3c3c3c3c3c3c3c3c3c3c3c2c3c3c3c3c
# epoch 37750  H=1.2626 C=1.2417 HO=0.0209  A(t)=2061
     20962  <<<<<<<<<<<<<<<<  3c3c3c3c3c3c3c3c3c3c3c3c3c3c3c3c
       570  ,,,,,,,,,,,,,,,,  2c2c2c2c2c2c2c2c2c2c2c2c2c2c2c2c
       489  <<<<<<<<<<<<<<<,  3c3c3c3c3c3c3c3c3c3c3c3c3c3c3c2c
       468  <<<<<<<<<<<<<<,<  3c3c3c3c3c3c3c3c3c3c3c3c3c3c2c3c
       464  <<<<<<<<<<<<<,<<  3c3c3c3c3c3c3c3c3c3c3c3c3c2c3c3c
       462  ,<<<<<<<<<<<<<<<  2c3c3c3c3c3c3c3c3c3c3c3c3c3c3c3c
       457  <<,<<<<<<<<<<<<<  3c3c2c3c3c3c3c3c3c3c3c3c3c3c3c3c
       453  <<<<<<<<<<<<,<<<  3c3c3c3c3c3c3c3c3c3c3c3c2c3c3c3c
       447  <,<<<<<<<<<<<<<<  3c2c3c3c3c3c3c3c3c3c3c3c3c3c3c3c
       444  <<<,<<<<<<<<<<<<  3c3c3c2c3c3c3c3c3c3c3c3c3c3c3c3c
# epoch 37800  H=1.3494 C=1.2965 HO=0.0529  A(t)=2061
     19277  <<<<<<<<<<<<<<<<  3c3c3c3c3c3c3c3c3c3c3c3c3c3c3c3c
       608  ,,,,,,,,,,,,,,,,  2c2c2c2c2c2c2c2c2c2c2c2c2c2c2c2c
       461  ,<<<<<<<<<<<<<<<  2c3c3c3c3c3c3c3c3c3c3c3c3c3c3c3c
       452  <<<<<<<<<<<<<<<,  3c3c3c3c3c3c3c3c3c3c3c3c3c3c3c2c
       452  <,<<<<<<<<<<<<<<  3c2c3c3c3c3c3c3c3c3c3c3c3c3c3c3c
       432  <<,<<<<<<<<<<<<<  3c3c2c3c3c3c3c3c3c3c3c3c3c3c3c3c
       430  <<<<<<<<<<<<<<,<  3c3c3c3c3c3c3c3c3c3c3c3c3c3c2c3c
       426  <<<<,<<<<<<<<<<<  3c3c3c3c2c3c3c3c3c3c3c3c3c3c3c3c
       425  <<<,<<<<<<<<<<<<  3c3c3c2c3c3c3c3c3c3c3c3c3c3c3c3c
       417  <<<<<<<<<<<<<,<<  3c3c3c3c3c3c3c3c3c3c3c3c3c2c3c3c
# epoch 37850  H=1.4118 C=1.3264 HO=0.0854  A(t)=2061
     19968  <<<<<<<<<<<<<<<<  3c3c3c3c3c3c3c3c3c3c3c3c3c3c3c3c
       653  ,,,,,,,,,,,,,,,,  2c2c2c2c2c2c2c2c2c2c2c2c2c2c2c2c
       470  <<<<<<<<<<<<<<<,  3c3c3c3c3c3c3c3c3c3c3c3c3c3c3c2c
       460  ,<<<<<<<<<<<<<<<  2c3c3c3c3c3c3c3c3c3c3c3c3c3c3c3c
       438  <<<<<<<<<<<<<<,<  3c3c3c3c3c3c3c3c3c3c3c3c3c3c2c3c
       438  <<<,<<<<<<<<<<<<  3c3c3c2c3c3c3c3c3c3c3c3c3c3c3c3c
       438  <<,<<<<<<<<<<<<<  3c3c2c3c3c3c3c3c3c3c3c3c3c3c3c3c
       438  <,<<<<<<<<<<<<<<  3c2c3c3c3c3c3c3c3c3c3c3c3c3c3c3c
       437  <<<<<,<<<<<<<<<<  3c3c3c3c3c2c3c3c3c3c3c3c3c3c3c3c
       434  <<<<,<<<<<<<<<<<  3c3c3c3c2c3c3c3c3c3c3c3c3c3c3c3c
# epoch 37900  H=1.3285 C=1.2889 HO=0.0395  A(t)=2061
     21576  <<<<<<<<<<<<<<<<  3c3c3c3c3c3c3c3c3c3c3c3c3c3c3c3c
       542  <<<<<<<<<<<<<<<,  3c3c3c3c3c3c3c3c3c3c3c3c3c3c3c2c
       531  ,<<<<<<<<<<<<<<<  2c3c3c3c3c3c3c3c3c3c3c3c3c3c3c3c
       518  <<<<<<<<<<<<<<,<  3c3c3c3c3c3c3c3c3c3c3c3c3c3c2c3c
       504  <,<<<<<<<<<<<<<<  3c2c3c3c3c3c3c3c3c3c3c3c3c3c3c3c
       499  <<<<<<<<<<<<<,<<  3c3c3c3c3c3c3c3c3c3c3c3c3c2c3c3c
       498  <<<,<<<<<<<<<<<<  3c3c3c2c3c3c3c3c3c3c3c3c3c3c3c3c
       495  <<<<<<<<<,<<<<<<  3c3c3c3c3c3c3c3c3c2c3c3c3c3c3c3c
       495  <<<<,<<<<<<<<<<<  3c3c3c3c2c3c3c3c3c3c3c3c3c3c3c3c
       495  <<,<<<<<<<<<<<<<  3c3c2c3c3c3c3c3c3c3c3c3c3c3c3c3c
# epoch 37950  H=1.2900 C=1.2400 HO=0.0500  A(t)=2061
     22907  <<<<<<<<<<<<<<<<  3c3c3c3c3c3c3c3c3c3c3c3c3c3c3c3c
       635  ,,,,,,,,,,,,,,,,  2c2c2c2c2c2c2c2c2c2c2c2c2c2c2c2c
       520  <<<<<<<<<<<<<<<,  3c3c3c3c3c3c3c3c3c3c3c3c3c3c3c2c
       513  <<<<<<<<<<<<<<,<  3c3c3c3c3c3c3c3c3c3c3c3c3c3c2c3c
       513  ,<<<<<<<<<<<<<<<  2c3c3c3c3c3c3c3c3c3c3c3c3c3c3c3c
       505  <,<<<<<<<<<<<<<<  3c2c3c3c3c3c3c3c3c3c3c3c3c3c3c3c
       500  <<<<<<<<<<,<<<<<  3c3c3c3c3c3c3c3c3c3c2c3c3c3c3c3c
       499  <<,<<<<<<<<<<<<<  3c3c2c3c3c3c3c3c3c3c3c3c3c3c3c3c
       494  <<<<,<<<<<<<<<<<  3c3c3c3c2c3c3c3c3c3c3c3c3c3c3c3c
       493  <<<<<<<<<,<<<<<<  3c3c3c3c3c3c3c3c3c2c3c3c3c3c3c3c
# epoch 38000  H=1.4690 C=1.4061 HO=0.0628  A(t)=2061
     20948  <<<<<<<<<<<<<<<<  3c3c3c3c3c3c3c3c3c3c3c3c3c3c3c3c
       513  ,,,,,,,,,,,,,,,,  2c2c2c2c2c2c2c2c2c2c2c2c2c2c2c2c
       466  <<<<<<<<<<<<<<<,  3c3c3c3c3c3c3c3c3c3c3c3c3c3c3c2c
       438  <<<<<<<<<<<<<,<<  3c3c3c3c3c3c3c3c3c3c3c3c3c2c3c3c
       437  <<<<<<<<<<<<<<,<  3c3c3c3c3c3c3c3c3c3c3c3c3c3c2c3c
       437  <<<<<<<<<<,<<<<<  3c3c3c3c3c3c3c3c3c3c2c3c3c3c3c3c
       436  ,<<<<<<<<<<<<<<<  2c3c3c3c3c3c3c3c3c3c3c3c3c3c3c3c
       431  <<<<<<<<<<<<,<<<  3c3c3c3c3c3c3c3c3c3c3c3c2c3c3c3c
       430  <<<<<<<,<<<<<<<<  3c3c3c3c3c3c3c2c3c3c3c3c3c3c3c3c
       429  <<<<<<<<<<<,<<<<  3c3c3c3c3c3c3c3c3c3c3c2c3c3c3c3c
# epoch 38050  H=1.4535 C=1.3953 HO=0.0582  A(t)=2062
     20390  <<<<<<<<<<<<<<<<  3c3c3c3c3c3c3c3c3c3c3c3c3c3c3c3c
       499  ,,,,,,,,,,,,,,,,  2c2c2c2c2c2c2c2c2c2c2c2c2c2c2c2c
       445  <<<<<<<<<<<<<<<,  3c3c3c3c3c3c3c3c3c3c3c3c3c3c3c2c
       443  <<<<,<<<<<<<<<<<  3c3c3c3c2c3c3c3c3c3c3c3c3c3c3c3c
       439  <<<,<<<<<<<<<<<<  3c3c3c2c3c3c3c3c3c3c3c3c3c3c3c3c
       437  <<,<<<<<<<<<<<<<  3c3c2c3c3c3c3c3c3c3c3c3c3c3c3c3c
       436  <<<<<<<<<<<<<<,<  3c3c3c3c3c3c3c3c3c3c3c3c3c3c2c3c
       434  <<<<<,<<<<<<<<<<  3c3c3c3c3c2c3c3c3c3c3c3c3c3c3c3c
       432  <<<<<<<<<<<<<,<<  3c3c3c3c3c3c3c3c3c3c3c3c3c2c3c3c
       432  <<<<<<,<<<<<<<<<  3c3c3c3c3c3c2c3c3c3c3c3c3c3c3c3c
# epoch 38100  H=1.4013 C=1.3798 HO=0.0215  A(t)=2062
     19846  <<<<<<<<<<<<<<<<  3c3c3c3c3c3c3c3c3c3c3c3c3c3c3c3c
       474  <<<<<<<<<<<<<<<,  3c3c3c3c3c3c3c3c3c3c3c3c3c3c3c2c
       458  <<<<<<<<<<<<<<,<  3c3c3c3c3c3c3c3c3c3c3c3c3c3c2c3c
       436  <<<<<<<<<<<<<,<<  3c3c3c3c3c3c3c3c3c3c3c3c3c2c3c3c
       433  ,<<<<<<<<<<<<<<<  2c3c3c3c3c3c3c3c3c3c3c3c3c3c3c3c
       424  <<<<<<<<<<<<,<<<  3c3c3c3c3c3c3c3c3c3c3c3c2c3c3c3c
       416  <,<<<<<<<<<<<<<<  3c2c3c3c3c3c3c3c3c3c3c3c3c3c3c3c
       400  <<,<<<<<<<<<<<<<  3c3c2c3c3c3c3c3c3c3c3c3c3c3c3c3c
       394  <<<<<<<<<<<,<<<<  3c3c3c3c3c3c3c3c3c3c3c2c3c3c3c3c
       393  <<<,<<<<<<<<<<<<  3c3c3c2c3c3c3c3c3c3c3c3c3c3c3c3c
# epoch 38150  H=1.3469 C=1.3287 HO=0.0182  A(t)=2063
     18718  <<<<<<<<<<<<<<<<  3c3c3c3c3c3c3c3c3c3c3c3c3c3c3c3c
       527  <<<<<<<<<<<<<<<,  3c3c3c3c3c3c3c3c3c3c3c3c3c3c3c2c
       503  ,<<<<<<<<<<<<<<<  2c3c3c3c3c3c3c3c3c3c3c3c3c3c3c3c
       501  <<<<<<<<<<<<<<,<  3c3c3c3c3c3c3c3c3c3c3c3c3c3c2c3c
       490  <<<<<<<<<<<<<,<<  3c3c3c3c3c3c3c3c3c3c3c3c3c2c3c3c
       478  <<<<<<<<<<<<,<<<  3c3c3c3c3c3c3c3c3c3c3c3c2c3c3c3c
       478  <,<<<<<<<<<<<<<<  3c2c3c3c3c3c3c3c3c3c3c3c3c3c3c3c
       464  <<,<<<<<<<<<<<<<  3c3c2c3c3c3c3c3c3c3c3c3c3c3c3c3c
       454  <<<<<<<<<<<,<<<<  3c3c3c3c3c3c3c3c3c3c3c2c3c3c3c3c
       450  <<<,<<<<<<<<<<<<  3c3c3c2c3c3c3c3c3c3c3c3c3c3c3c3c
# epoch 38200  H=1.3265 C=1.2463 HO=0.0802  A(t)=2063
     20932  <<<<<<<<<<<<<<<<  3c3c3c3c3c3c3c3c3c3c3c3c3c3c3c3c
       750  ,,,,,,,,,,,,,,,,  2c2c2c2c2c2c2c2c2c2c2c2c2c2c2c2c
       471  <<<<<<<<<<<<<<<,  3c3c3c3c3c3c3c3c3c3c3c3c3c3c3c2c
       466  ,<<<<<<<<<<<<<<<  2c3c3c3c3c3c3c3c3c3c3c3c3c3c3c3c
       455  <<,<<<<<<<<<<<<<  3c3c2c3c3c3c3c3c3c3c3c3c3c3c3c3c
       455  <,<<<<<<<<<<<<<<  3c2c3c3c3c3c3c3c3c3c3c3c3c3c3c3c
       443  <<<<<<<<<<<<<<,<  3c3c3c3c3c3c3c3c3c3c3c3c3c3c2c3c
       441  <<<<,<<<<<<<<<<<  3c3c3c3c2c3c3c3c3c3c3c3c3c3c3c3c
       441  <<<,<<<<<<<<<<<<  3c3c3c2c3c3c3c3c3c3c3c3c3c3c3c3c
       437  <<<<<<<<<<<<<,<<  3c3c3c3c3c3c3c3c3c3c3c3c3c2c3c3c
# epoch 38250  H=1.2679 C=1.2217 HO=0.0462  A(t)=2066
     21266  <<<<<<<<<<<<<<<<  3c3c3c3c3c3c3c3c3c3c3c3c3c3c3c3c
       515  <<<<<<<<<<<<<<<,  3c3c3c3c3c3c3c3c3c3c3c3c3c3c3c2c
       509  ,<<<<<<<<<<<<<<<  2c3c3c3c3c3c3c3c3c3c3c3c3c3c3c3c
       503  <<<<<<<<<<<<<<,<  3c3c3c3c3c3c3c3c3c3c3c3c3c3c2c3c
       490  ,,,,,,,,,,,,,,,,  2c2c2c2c2c2c2c2c2c2c2c2c2c2c2c2c
       489  <,<<<<<<<<<<<<<<  3c2c3c3c3c3c3c3c3c3c3c3c3c3c3c3c
       488  <<<<<<<<<,<<<<<<  3c3c3c3c3c3c3c3c3c2c3c3c3c3c3c3c
       486  <<<<<,<<<<<<<<<<  3c3c3c3c3c2c3c3c3c3c3c3c3c3c3c3c
       485  <<<<<<<<,<<<<<<<  3c3c3c3c3c3c3c3c2c3c3c3c3c3c3c3c
       485  <<,<<<<<<<<<<<<<  3c3c2c3c3c3c3c3c3c3c3c3c3c3c3c3c
# epoch 38300  H=1.1544 C=1.1611 HO=-0.0068  A(t)=2067
     21512  <<<<<<<<<<<<<<<<  3c3c3c3c3c3c3c3c3c3c3c3c3c3c3c3c
       574  ,,,,,,,,,,,,,,,,  2c2c2c2c2c2c2c2c2c2c2c2c2c2c2c2c
       518  <<<<<<<<<<<<<<<,  3c3c3c3c3c3c3c3c3c3c3c3c3c3c3c2c
       502  <<<<<<<<<<<<<<,<  3c3c3c3c3c3c3c3c3c3c3c3c3c3c2c3c
       493  <<,<<<<<<<<<<<<<  3c3c2c3c3c3c3c3c3c3c3c3c3c3c3c3c
       492  <<<<,<<<<<<<<<<<  3c3c3c3c2c3c3c3c3c3c3c3c3c3c3c3c
       488  <<<<<<<<<<<<,<<<  3c3c3c3c3c3c3c3c3c3c3c3c2c3c3c3c
       486  <<<<<<<<<<<<<,<<  3c3c3c3c3c3c3c3c3c3c3c3c3c2c3c3c
       486  ,<<<<<<<<<<<<<<<  2c3c3c3c3c3c3c3c3c3c3c3c3c3c3c3c
       484  <<<<<<<<,<<<<<<<  3c3c3c3c3c3c3c3c2c3c3c3c3c3c3c3c
# epoch 38350  H=1.1411 C=1.1556 HO=-0.0146  A(t)=2067
     20959  <<<<<<<<<<<<<<<<  3c3c3c3c3c3c3c3c3c3c3c3c3c3c3c3c
       573  ,,,,,,,,,,,,,,,,  2c2c2c2c2c2c2c2c2c2c2c2c2c2c2c2c
       536  <<<<<<<<<<<<<<<,  3c3c3c3c3c3c3c3c3c3c3c3c3c3c3c2c
       521  ,<<<<<<<<<<<<<<<  2c3c3c3c3c3c3c3c3c3c3c3c3c3c3c3c
       519  <<<<<<<<<<<<,<<<  3c3c3c3c3c3c3c3c3c3c3c3c2c3c3c3c
       516  <<<,<<<<<<<<<<<<  3c3c3c2c3c3c3c3c3c3c3c3c3c3c3c3c
       515  <<,<<<<<<<<<<<<<  3c3c2c3c3c3c3c3c3c3c3c3c3c3c3c3c
       514  <<<<<<<<<,<<<<<<  3c3c3c3c3c3c3c3c3c2c3c3c3c3c3c3c
       513  <<<<,<<<<<<<<<<<  3c3c3c3c2c3c3c3c3c3c3c3c3c3c3c3c
       512  <<<<<<<<<<,<<<<<  3c3c3c3c3c3c3c3c3c3c2c3c3c3c3c3c
# epoch 38400  H=1.1315 C=1.1381 HO=-0.0066  A(t)=2067
     21148  <<<<<<<<<<<<<<<<  3c3c3c3c3c3c3c3c3c3c3c3c3c3c3c3c
       581  ,,,,,,,,,,,,,,,,  2c2c2c2c2c2c2c2c2c2c2c2c2c2c2c2c
       549  <<<<<<<<<<<<<<<,  3c3c3c3c3c3c3c3c3c3c3c3c3c3c3c2c
       537  <<<<<<<<<<<<<<,<  3c3c3c3c3c3c3c3c3c3c3c3c3c3c2c3c
       525  <,<<<<<<<<<<<<<<  3c2c3c3c3c3c3c3c3c3c3c3c3c3c3c3c
       524  ,<<<<<<<<<<<<<<<  2c3c3c3c3c3c3c3c3c3c3c3c3c3c3c3c
       520  <<<<<<<<,<<<<<<<  3c3c3c3c3c3c3c3c2c3c3c3c3c3c3c3c
       520  <<<<<,<<<<<<<<<<  3c3c3c3c3c2c3c3c3c3c3c3c3c3c3c3c
       518  <<<<,<<<<<<<<<<<  3c3c3c3c2c3c3c3c3c3c3c3c3c3c3c3c
       517  <<<<<<<<<<<<<,<<  3c3c3c3c3c3c3c3c3c3c3c3c3c2c3c3c
# epoch 38450  H=1.1391 C=1.1218 HO=0.0172  A(t)=2067
     21193  <<<<<<<<<<<<<<<<  3c3c3c3c3c3c3c3c3c3c3c3c3c3c3c3c
       686  ,,,,,,,,,,,,,,,,  2c2c2c2c2c2c2c2c2c2c2c2c2c2c2c2c
       533  <<<<<<<<<<<<<<<,  3c3c3c3c3c3c3c3c3c3c3c3c3c3c3c2c
       507  ,<<<<<<<<<<<<<<<  2c3c3c3c3c3c3c3c3c3c3c3c3c3c3c3c
       506  <<<<<<<<<<<<<<,<  3c3c3c3c3c3c3c3c3c3c3c3c3c3c2c3c
       488  <<<<<<<<<<<<<,<<  3c3c3c3c3c3c3c3c3c3c3c3c3c2c3c3c
       488  <,<<<<<<<<<<<<<<  3c2c3c3c3c3c3c3c3c3c3c3c3c3c3c3c
       486  <<,<<<<<<<<<<<<<  3c3c2c3c3c3c3c3c3c3c3c3c3c3c3c3c
       478  <<<<<<<<<<,<<<<<  3c3c3c3c3c3c3c3c3c3c2c3c3c3c3c3c
       476  <<<<<,<<<<<<<<<<  3c3c3c3c3c2c3c3c3c3c3c3c3c3c3c3c
# epoch 38500  H=1.0856 C=1.0609 HO=0.0247  A(t)=2067
     22967  <<<<<<<<<<<<<<<<  3c3c3c3c3c3c3c3c3c3c3c3c3c3c3c3c
       736  ,,,,,,,,,,,,,,,,  2c2c2c2c2c2c2c2c2c2c2c2c2c2c2c2c
       503  ,<<<<<<<<<<<<<<<  2c3c3c3c3c3c3c3c3c3c3c3c3c3c3c3c
       490  <<<<<<<<<<<<<<<,  3c3c3c3c3c3c3c3c3c3c3c3c3c3c3c2c
       487  <,<<<<<<<<<<<<<<  3c2c3c3c3c3c3c3c3c3c3c3c3c3c3c3c
       470  <<<<<<<<<<<<<<,<  3c3c3c3c3c3c3c3c3c3c3c3c3c3c2c3c
       462  <<,<<<<<<<<<<<<<  3c3c2c3c3c3c3c3c3c3c3c3c3c3c3c3c
       453  <<<,<<<<<<<<<<<<  3c3c3c2c3c3c3c3c3c3c3c3c3c3c3c3c
       451  <<<<,<<<<<<<<<<<  3c3c3c3c2c3c3c3c3c3c3c3c3c3c3c3c
       445  <<<<<,<<<<<<<<<<  3c3c3c3c3c2c3c3c3c3c3c3c3c3c3c3c
# epoch 38550  H=1.1334 C=1.0914 HO=0.0420  A(t)=2067
     21870  <<<<<<<<<<<<<<<<  3c3c3c3c3c3c3c3c3c3c3c3c3c3c3c3c
       669  ,,,,,,,,,,,,,,,,  2c2c2c2c2c2c2c2c2c2c2c2c2c2c2c2c
       503  <<<<<<<<<<<<<<<,  3c3c3c3c3c3c3c3c3c3c3c3c3c3c3c2c
       484  ,<<<<<<<<<<<<<<<  2c3c3c3c3c3c3c3c3c3c3c3c3c3c3c3c
       456  <<<<<<<<<<<<<<,<  3c3c3c3c3c3c3c3c3c3c3c3c3c3c2c3c
       453  <,<<<<<<<<<<<<<<  3c2c3c3c3c3c3c3c3c3c3c3c3c3c3c3c
       447  <<<<<<<<<<<<<,<<  3c3c3c3c3c3c3c3c3c3c3c3c3c2c3c3c
       443  <<,<<<<<<<<<<<<<  3c3c2c3c3c3c3c3c3c3c3c3c3c3c3c3c
       437  <<<<<<<<<<<<,<<<  3c3c3c3c3c3c3c3c3c3c3c3c2c3c3c3c
       434  <<<<<<<<<<<,<<<<  3c3c3c3c3c3c3c3c3c3c3c2c3c3c3c3c
# epoch 38600  H=1.1951 C=1.1511 HO=0.0440  A(t)=2072
     21279  <<<<<<<<<<<<<<<<  3c3c3c3c3c3c3c3c3c3c3c3c3c3c3c3c
       650  ,,,,,,,,,,,,,,,,  2c2c2c2c2c2c2c2c2c2c2c2c2c2c2c2c
       514  <<<<<<<<<<<<<<<,  3c3c3c3c3c3c3c3c3c3c3c3c3c3c3c2c
       501  <<<<<<<<<<<<<<,<  3c3c3c3c3c3c3c3c3c3c3c3c3c3c2c3c
       496  ,<<<<<<<<<<<<<<<  2c3c3c3c3c3c3c3c3c3c3c3c3c3c3c3c
       479  <,<<<<<<<<<<<<<<  3c2c3c3c3c3c3c3c3c3c3c3c3c3c3c3c
       476  <<<<<,<<<<<<<<<<  3c3c3c3c3c2c3c3c3c3c3c3c3c3c3c3c
       474  <<<<<<<<<,<<<<<<  3c3c3c3c3c3c3c3c3c2c3c3c3c3c3c3c
       473  <<<<<<<<<<,<<<<<  3c3c3c3c3c3c3c3c3c3c2c3c3c3c3c3c
       472  <<<<<<<<<<<<<,<<  3c3c3c3c3c3c3c3c3c3c3c3c3c2c3c3c
# epoch 38650  H=1.2271 C=1.1599 HO=0.0672  A(t)=2072
     21319  <<<<<<<<<<<<<<<<  3c3c3c3c3c3c3c3c3c3c3c3c3c3c3c3c
       970  ,,,,,,,,,,,,,,,,  2c2c2c2c2c2c2c2c2c2c2c2c2c2c2c2c
       502  <<<<<<<<<<<<<<<,  3c3c3c3c3c3c3c3c3c3c3c3c3c3c3c2c
       492  ,<<<<<<<<<<<<<<<  2c3c3c3c3c3c3c3c3c3c3c3c3c3c3c3c
       474  <<<<<<<<<<<<<<,<  3c3c3c3c3c3c3c3c3c3c3c3c3c3c2c3c
       468  <,<<<<<<<<<<<<<<  3c2c3c3c3c3c3c3c3c3c3c3c3c3c3c3c
       451  <<<<<<<<<<<<<,<<  3c3c3c3c3c3c3c3c3c3c3c3c3c2c3c3c
       450  <<<,<<<<<<<<<<<<  3c3c3c2c3c3c3c3c3c3c3c3c3c3c3c3c
       448  <<,<<<<<<<<<<<<<  3c3c2c3c3c3c3c3c3c3c3c3c3c3c3c3c
       447  <<<<<<<<<<<<,<<<  3c3c3c3c3c3c3c3c3c3c3c3c2c3c3c3c
# epoch 38700  H=1.2123 C=1.1682 HO=0.0441  A(t)=2072
     21539  <<<<<<<<<<<<<<<<  3c3c3c3c3c3c3c3c3c3c3c3c3c3c3c3c
       910  ,,,,,,,,,,,,,,,,  2c2c2c2c2c2c2c2c2c2c2c2c2c2c2c2c
       533  <<<<<<<<<<<<<<<,  3c3c3c3c3c3c3c3c3c3c3c3c3c3c3c2c
       510  <<<<<<<<<<<<<<,<  3c3c3c3c3c3c3c3c3c3c3c3c3c3c2c3c
       503  <<<<<<<<<<<<<,<<  3c3c3c3c3c3c3c3c3c3c3c3c3c2c3c3c
       496  ,<<<<<<<<<<<<<<<  2c3c3c3c3c3c3c3c3c3c3c3c3c3c3c3c
       485  <<<<<<<<<<<<,<<<  3c3c3c3c3c3c3c3c3c3c3c3c2c3c3c3c
       472  <,<<<<<<<<<<<<<<  3c2c3c3c3c3c3c3c3c3c3c3c3c3c3c3c
       470  <<,<<<<<<<<<<<<<  3c3c2c3c3c3c3c3c3c3c3c3c3c3c3c3c
       461  <<<<<<<<<<<,<<<<  3c3c3c3c3c3c3c3c3c3c3c2c3c3c3c3c
# epoch 38750  H=1.1179 C=1.1154 HO=0.0026  A(t)=2072
     22007  <<<<<<<<<<<<<<<<  3c3c3c3c3c3c3c3c3c3c3c3c3c3c3c3c
       731  ,,,,,,,,,,,,,,,,  2c2c2c2c2c2c2c2c2c2c2c2c2c2c2c2c
       485  <<<<<<<<<<<<<<<,  3c3c3c3c3c3c3c3c3c3c3c3c3c3c3c2c
       472  ,<<<<<<<<<<<<<<<  2c3c3c3c3c3c3c3c3c3c3c3c3c3c3c3c
       464  <<<<<<<<<<<<<<,<  3c3c3c3c3c3c3c3c3c3c3c3c3c3c2c3c
       459  <,<<<<<<<<<<<<<<  3c2c3c3c3c3c3c3c3c3c3c3c3c3c3c3c
       451  <<,<<<<<<<<<<<<<  3c3c2c3c3c3c3c3c3c3c3c3c3c3c3c3c
       443  <<<<<<<<<<,<<<<<  3c3c3c3c3c3c3c3c3c3c2c3c3c3c3c3c
       441  <<<<<<<<<<<,<<<<  3c3c3c3c3c3c3c3c3c3c3c2c3c3c3c3c
       440  <<<<<<<<<<<<,<<<  3c3c3c3c3c3c3c3c3c3c3c3c2c3c3c3c
# epoch 38800  H=1.2107 C=1.1660 HO=0.0447  A(t)=2075
     19510  <<<<<<<<<<<<<<<<  3c3c3c3c3c3c3c3c3c3c3c3c3c3c3c3c
      1438  ,,,,,,,,,,,,,,,,  2c2c2c2c2c2c2c2c2c2c2c2c2c2c2c2c
       498  <<<<<<<<<<<<<<<,  3c3c3c3c3c3c3c3c3c3c3c3c3c3c3c2c
       480  <<<<<<,<<<<<<<<<  3c3c3c3c3c3c2c3c3c3c3c3c3c3c3c3c
       480  ,<<<<<<<<<<<<<<<  2c3c3c3c3c3c3c3c3c3c3c3c3c3c3c3c
       475  <<<<<,<<<<<<<<<<  3c3c3c3c3c2c3c3c3c3c3c3c3c3c3c3c
       471  <<<<<<<,<<<<<<<<  3c3c3c3c3c3c3c2c3c3c3c3c3c3c3c3c
       470  <<<<<<<<<,<<<<<<  3c3c3c3c3c3c3c3c3c2c3c3c3c3c3c3c
       469  <<<<<<<<<<,<<<<<  3c3c3c3c3c3c3c3c3c3c2c3c3c3c3c3c
       465  <<<<<<<<,<<<<<<<  3c3c3c3c3c3c3c3c2c3c3c3c3c3c3c3c
# epoch 38850  H=1.1743 C=1.1635 HO=0.0108  A(t)=2075
     20249  <<<<<<<<<<<<<<<<  3c3c3c3c3c3c3c3c3c3c3c3c3c3c3c3c
       844  ,,,,,,,,,,,,,,,,  2c2c2c2c2c2c2c2c2c2c2c2c2c2c2c2c
       551  <<<<<<<<<<<<<<<,  3c3c3c3c3c3c3c3c3c3c3c3c3c3c3c2c
       521  <<<<<<<<<<<<<<,<  3c3c3c3c3c3c3c3c3c3c3c3c3c3c2c3c
       516  <<<<<<<<<<<<<,<<  3c3c3c3c3c3c3c3c3c3c3c3c3c2c3c3c
       514  ,<<<<<<<<<<<<<<<  2c3c3c3c3c3c3c3c3c3c3c3c3c3c3c3c
       507  <,<<<<<<<<<<<<<<  3c2c3c3c3c3c3c3c3c3c3c3c3c3c3c3c
       500  <<,<<<<<<<<<<<<<  3c3c2c3c3c3c3c3c3c3c3c3c3c3c3c3c
       496  <<<,<<<<<<<<<<<<  3c3c3c2c3c3c3c3c3c3c3c3c3c3c3c3c
       491  <<<<<<<<<<<<,<<<  3c3c3c3c3c3c3c3c3c3c3c3c2c3c3c3c
# epoch 38900  H=1.2468 C=1.1980 HO=0.0488  A(t)=2075
     20094  <<<<<<<<<<<<<<<<  3c3c3c3c3c3c3c3c3c3c3c3c3c3c3c3c
       741  ,,,,,,,,,,,,,,,,  2c2c2c2c2c2c2c2c2c2c2c2c2c2c2c2c
       556  <<<<<<<<<<<<<<<,  3c3c3c3c3c3c3c3c3c3c3c3c3c3c3c2c
       546  ,<<<<<<<<<<<<<<<  2c3c3c3c3c3c3c3c3c3c3c3c3c3c3c3c
       524  <<<<<<<<<<<<<<,<  3c3c3c3c3c3c3c3c3c3c3c3c3c3c2c3c
       507  <<<<<<<<<<<<<,<<  3c3c3c3c3c3c3c3c3c3c3c3c3c2c3c3c
       507  <,<<<<<<<<<<<<<<  3c2c3c3c3c3c3c3c3c3c3c3c3c3c3c3c
       489  <<<<<<<<<<<<,<<<  3c3c3c3c3c3c3c3c3c3c3c3c2c3c3c3c
       486  <<,<<<<<<<<<<<<<  3c3c2c3c3c3c3c3c3c3c3c3c3c3c3c3c
       477  <<<<<<<<<<<,<<<<  3c3c3c3c3c3c3c3c3c3c3c2c3c3c3c3c
# epoch 38950  H=1.3171 C=1.2335 HO=0.0836  A(t)=2075
     19458  <<<<<<<<<<<<<<<<  3c3c3c3c3c3c3c3c3c3c3c3c3c3c3c3c
      1018  ,,,,,,,,,,,,,,,,  2c2c2c2c2c2c2c2c2c2c2c2c2c2c2c2c
       561  ,<<<<<<<<<<<<<<<  2c3c3c3c3c3c3c3c3c3c3c3c3c3c3c3c
       558  <<<<<<<<<<<<<<<,  3c3c3c3c3c3c3c3c3c3c3c3c3c3c3c2c
       544  <,<<<<<<<<<<<<<<  3c2c3c3c3c3c3c3c3c3c3c3c3c3c3c3c
       524  <<<<<<<<<<<<<<,<  3c3c3c3c3c3c3c3c3c3c3c3c3c3c2c3c
       524  <<,<<<<<<<<<<<<<  3c3c2c3c3c3c3c3c3c3c3c3c3c3c3c3c
       521  <<<<<<<<<<<<<,<<  3c3c3c3c3c3c3c3c3c3c3c3c3c2c3c3c
       501  <<<<<<<<<<<<,<<<  3c3c3c3c3c3c3c3c3c3c3c3c2c3c3c3c
       499  <<<,<<<<<<<<<<<<  3c3c3c2c3c3c3c3c3c3c3c3c3c3c3c3c
# epoch 39000  H=1.4845 C=1.3920 HO=0.0925  A(t)=2075
     18550  <<<<<<<<<<<<<<<<  3c3c3c3c3c3c3c3c3c3c3c3c3c3c3c3c
       583  ,,,,,,,,,,,,,,,,  2c2c2c2c2c2c2c2c2c2c2c2c2c2c2c2c
       530  <<<<<<<<<<<<<<<,  3c3c3c3c3c3c3c3c3c3c3c3c3c3c3c2c
       517  <<,<<<<<<<<<<<<<  3c3c2c3c3c3c3c3c3c3c3c3c3c3c3c3c
       515  <,<<<<<<<<<<<<<<  3c2c3c3c3c3c3c3c3c3c3c3c3c3c3c3c
       510  <<<<<<<<<<<<<<,<  3c3c3c3c3c3c3c3c3c3c3c3c3c3c2c3c
       510  ,<<<<<<<<<<<<<<<  2c3c3c3c3c3c3c3c3c3c3c3c3c3c3c3c
       506  <<<,<<<<<<<<<<<<  3c3c3c2c3c3c3c3c3c3c3c3c3c3c3c3c
       505  <<<<<<<<<<<<<,<<  3c3c3c3c3c3c3c3c3c3c3c3c3c2c3c3c
       505  <<<<,<<<<<<<<<<<  3c3c3c3c2c3c3c3c3c3c3c3c3c3c3c3c
# epoch 39050  H=1.5337 C=1.4437 HO=0.0900  A(t)=2075
     19251  <<<<<<<<<<<<<<<<  3c3c3c3c3c3c3c3c3c3c3c3c3c3c3c3c
       593  ,,,,,,,,,,,,,,,,  2c2c2c2c2c2c2c2c2c2c2c2c2c2c2c2c
       499  <<<<<<<<<<<<<<<,  3c3c3c3c3c3c3c3c3c3c3c3c3c3c3c2c
       487  <,<<<<<<<<<<<<<<  3c2c3c3c3c3c3c3c3c3c3c3c3c3c3c3c
       486  <<<<<<<<<<<<<<,<  3c3c3c3c3c3c3c3c3c3c3c3c3c3c2c3c
       486  ,<<<<<<<<<<<<<<<  2c3c3c3c3c3c3c3c3c3c3c3c3c3c3c3c
       479  <<<<<<<<<<<<<,<<  3c3c3c3c3c3c3c3c3c3c3c3c3c2c3c3c
       475  <<,<<<<<<<<<<<<<  3c3c2c3c3c3c3c3c3c3c3c3c3c3c3c3c
       458  <<<,<<<<<<<<<<<<  3c3c3c2c3c3c3c3c3c3c3c3c3c3c3c3c
       449  <<<<<<<<<<<<,<<<  3c3c3c3c3c3c3c3c3c3c3c3c2c3c3c3c
# epoch 39100  H=1.5831 C=1.4495 HO=0.1336  A(t)=2075
     19867  <<<<<<<<<<<<<<<<  3c3c3c3c3c3c3c3c3c3c3c3c3c3c3c3c
       859  ,,,,,,,,,,,,,,,,  2c2c2c2c2c2c2c2c2c2c2c2c2c2c2c2c
       426  <<<<<<<<<<<<<<<,  3c3c3c3c3c3c3c3c3c3c3c3c3c3c3c2c
       424  ,<<<<<<<<<<<<<<<  2c3c3c3c3c3c3c3c3c3c3c3c3c3c3c3c
       416  <,<<<<<<<<<<<<<<  3c2c3c3c3c3c3c3c3c3c3c3c3c3c3c3c
       408  <<<<<<<<<<<<<<,<  3c3c3c3c3c3c3c3c3c3c3c3c3c3c2c3c
       406  <<,<<<<<<<<<<<<<  3c3c2c3c3c3c3c3c3c3c3c3c3c3c3c3c
       403  <<<<<<<<<<<<<,<<  3c3c3c3c3c3c3c3c3c3c3c3c3c2c3c3c
       402  <<<<,<<<<<<<<<<<  3c3c3c3c2c3c3c3c3c3c3c3c3c3c3c3c
       393  <<<<<<,<<<<<<<<<  3c3c3c3c3c3c2c3c3c3c3c3c3c3c3c3c
# epoch 39150  H=1.5014 C=1.3872 HO=0.1142  A(t)=2075
     21038  <<<<<<<<<<<<<<<<  3c3c3c3c3c3c3c3c3c3c3c3c3c3c3c3c
       474  <<<<<<<<<<<<<<<,  3c3c3c3c3c3c3c3c3c3c3c3c3c3c3c2c
       464  <<<<<<<<<<<<<<,<  3c3c3c3c3c3c3c3c3c3c3c3c3c3c2c3c
       463  ,,,,,,,,,,,,,,,,  2c2c2c2c2c2c2c2c2c2c2c2c2c2c2c2c
       457  <<<<<<<<<<<<<,<<  3c3c3c3c3c3c3c3c3c3c3c3c3c2c3c3c
       451  ,<<<<<<<<<<<<<<<  2c3c3c3c3c3c3c3c3c3c3c3c3c3c3c3c
       443  <<<<<<<<<<<<,<<<  3c3c3c3c3c3c3c3c3c3c3c3c2c3c3c3c
       441  <<<<<<<<<<<,<<<<  3c3c3c3c3c3c3c3c3c3c3c2c3c3c3c3c
       439  <<<<<<<<,<<<<<<<  3c3c3c3c3c3c3c3c2c3c3c3c3c3c3c3c
       439  <,<<<<<<<<<<<<<<  3c2c3c3c3c3c3c3c3c3c3c3c3c3c3c3c
# epoch 39200  H=1.4132 C=1.3040 HO=0.1092  A(t)=2076
     20592  <<<<<<<<<<<<<<<<  3c3c3c3c3c3c3c3c3c3c3c3c3c3c3c3c
       649  ,,,,,,,,,,,,,,,,  2c2c2c2c2c2c2c2c2c2c2c2c2c2c2c2c
       478  <<<<<<<<<<<<<<<,  3c3c3c3c3c3c3c3c3c3c3c3c3c3c3c2c
       471  ,<<<<<<<<<<<<<<<  2c3c3c3c3c3c3c3c3c3c3c3c3c3c3c3c
       461  <,<<<<<<<<<<<<<<  3c2c3c3c3c3c3c3c3c3c3c3c3c3c3c3c
       454  <<,<<<<<<<<<<<<<  3c3c2c3c3c3c3c3c3c3c3c3c3c3c3c3c
       453  <<<<<<<<<<<<<<,<  3c3c3c3c3c3c3c3c3c3c3c3c3c3c2c3c
       445  <<<,<<<<<<<<<<<<  3c3c3c2c3c3c3c3c3c3c3c3c3c3c3c3c
       443  <<<<<<<<<<<<<,<<  3c3c3c3c3c3c3c3c3c3c3c3c3c2c3c3c
       439  <<<<<<<<<<<<,<<<  3c3c3c3c3c3c3c3c3c3c3c3c2c3c3c3c
# epoch 39250  H=1.3730 C=1.3033 HO=0.0697  A(t)=2076
     20178  <<<<<<<<<<<<<<<<  3c3c3c3c3c3c3c3c3c3c3c3c3c3c3c3c
       466  <<<<<<<<<<<<<<<,  3c3c3c3c3c3c3c3c3c3c3c3c3c3c3c2c
       464  ,<<<<<<<<<<<<<<<  2c3c3c3c3c3c3c3c3c3c3c3c3c3c3c3c
       461  ,,,,,,,,,,,,,,,,  2c2c2c2c2c2c2c2c2c2c2c2c2c2c2c2c
       452  <,<<<<<<<<<<<<<<  3c2c3c3c3c3c3c3c3c3c3c3c3c3c3c3c
       451  <<<<<<<<<<<<<,<<  3c3c3c3c3c3c3c3c3c3c3c3c3c2c3c3c
       449  <<<<<<<<<<<<<<,<  3c3c3c3c3c3c3c3c3c3c3c3c3c3c2c3c
       445  <<<<<<<<<<<<,<<<  3c3c3c3c3c3c3c3c3c3c3c3c2c3c3c3c
       445  <<<<,<<<<<<<<<<<  3c3c3c3c2c3c3c3c3c3c3c3c3c3c3c3c
       445  <<<,<<<<<<<<<<<<  3c3c3c2c3c3c3c3c3c3c3c3c3c3c3c3c
# epoch 39300  H=1.4001 C=1.3171 HO=0.0830  A(t)=2076
     18917  <<<<<<<<<<<<<<<<  3c3c3c3c3c3c3c3c3c3c3c3c3c3c3c3c
       499  <<<<<<<<<<<<<<<,  3c3c3c3c3c3c3c3c3c3c3c3c3c3c3c2c
       492  <<<<<<<<<<<<<<,<  3c3c3c3c3c3c3c3c3c3c3c3c3c3c2c3c
       482  <,<<<<<<<<<<<<<<  3c2c3c3c3c3c3c3c3c3c3c3c3c3c3c3c
       477  ,<<<<<<<<<<<<<<<  2c3c3c3c3c3c3c3c3c3c3c3c3c3c3c3c
       470  <<<<<<<<<<<<<,<<  3c3c3c3c3c3c3c3c3c3c3c3c3c2c3c3c
       469  <<,<<<<<<<<<<<<<  3c3c2c3c3c3c3c3c3c3c3c3c3c3c3c3c
       460  <<<,<<<<<<<<<<<<  3c3c3c2c3c3c3c3c3c3c3c3c3c3c3c3c
       457  <<<<,<<<<<<<<<<<  3c3c3c3c2c3c3c3c3c3c3c3c3c3c3c3c
       452  <<<<<<,<<<<<<<<<  3c3c3c3c3c3c2c3c3c3c3c3c3c3c3c3c
# epoch 39350  H=1.3034 C=1.2261 HO=0.0774  A(t)=2077
     19620  <<<<<<<<<<<<<<<<  3c3c3c3c3c3c3c3c3c3c3c3c3c3c3c3c
       784  ,,,,,,,,,,,,,,,,  2c2c2c2c2c2c2c2c2c2c2c2c2c2c2c2c
       510  <<<<<<<<<<<<<<<,  3c3c3c3c3c3c3c3c3c3c3c3c3c3c3c2c
       491  ,<<<<<<<<<<<<<<<  2c3c3c3c3c3c3c3c3c3c3c3c3c3c3c3c
       479  <<<<<<<<<<<<<<,<  3c3c3c3c3c3c3c3c3c3c3c3c3c3c2c3c
       474  <,<<<<<<<<<<<<<<  3c2c3c3c3c3c3c3c3c3c3c3c3c3c3c3c
       459  <<,<<<<<<<<<<<<<  3c3c2c3c3c3c3c3c3c3c3c3c3c3c3c3c
       456  <<<<<<<<<<<<<,<<  3c3c3c3c3c3c3c3c3c3c3c3c3c2c3c3c
       451  <<<<<<<<<<<<,<<<  3c3c3c3c3c3c3c3c3c3c3c3c2c3c3c3c
       448  <<<<,<<<<<<<<<<<  3c3c3c3c2c3c3c3c3c3c3c3c3c3c3c3c
# epoch 39400  H=1.2635 C=1.2146 HO=0.0489  A(t)=2077
     19539  <<<<<<<<<<<<<<<<  3c3c3c3c3c3c3c3c3c3c3c3c3c3c3c3c
       652  ,,,,,,,,,,,,,,,,  2c2c2c2c2c2c2c2c2c2c2c2c2c2c2c2c
       502  <<<<<<<<<<<<<<<,  3c3c3c3c3c3c3c3c3c3c3c3c3c3c3c2c
       494  ,<<<<<<<<<<<<<<<  2c3c3c3c3c3c3c3c3c3c3c3c3c3c3c3c
       481  <<<,<<<<<<<<<<<<  3c3c3c2c3c3c3c3c3c3c3c3c3c3c3c3c
       479  <<,<<<<<<<<<<<<<  3c3c2c3c3c3c3c3c3c3c3c3c3c3c3c3c
       476  <<<<<<<<<<<<<<,<  3c3c3c3c3c3c3c3c3c3c3c3c3c3c2c3c
       475  <,<<<<<<<<<<<<<<  3c2c3c3c3c3c3c3c3c3c3c3c3c3c3c3c
       465  <<<<<<<<<<<<<,<<  3c3c3c3c3c3c3c3c3c3c3c3c3c2c3c3c
       462  <<<<,<<<<<<<<<<<  3c3c3c3c2c3c3c3c3c3c3c3c3c3c3c3c
# epoch 39450  H=1.0998 C=1.1055 HO=-0.0057  A(t)=2077
     22188  <<<<<<<<<<<<<<<<  3c3c3c3c3c3c3c3c3c3c3c3c3c3c3c3c
       617  <<<<<<<<<<<<<<<,  3c3c3c3c3c3c3c3c3c3c3c3c3c3c3c2c
       611  ,<<<<<<<<<<<<<<<  2c3c3c3c3c3c3c3c3c3c3c3c3c3c3c3c
       603  <<<<<<<<<<<<<<,<  3c3c3c3c3c3c3c3c3c3c3c3c3c3c2c3c
       584  <,<<<<<<<<<<<<<<  3c2c3c3c3c3c3c3c3c3c3c3c3c3c3c3c
       580  <<<<<<<<<<<<<,<<  3c3c3c3c3c3c3c3c3c3c3c3c3c2c3c3c
       575  <<<<<<<<<<<<,<<<  3c3c3c3c3c3c3c3c3c3c3c3c2c3c3c3c
       573  <<,<<<<<<<<<<<<<  3c3c2c3c3c3c3c3c3c3c3c3c3c3c3c3c
       571  <<<<<<<<<<<,<<<<  3c3c3c3c3c3c3c3c3c3c3c2c3c3c3c3c
       564  <<<,<<<<<<<<<<<<  3c3c3c2c3c3c3c3c3c3c3c3c3c3c3c3c
# epoch 39500  H=1.0094 C=1.0192 HO=-0.0098  A(t)=2077
     22200  <<<<<<<<<<<<<<<<  3c3c3c3c3c3c3c3c3c3c3c3c3c3c3c3c
       879  ,,,,,,,,,,,,,,,,  2c2c2c2c2c2c2c2c2c2c2c2c2c2c2c2c
       550  <<<<<<<<<<<<<<<,  3c3c3c3c3c3c3c3c3c3c3c3c3c3c3c2c
       544  <,<<<<<<<<<<<<<<  3c2c3c3c3c3c3c3c3c3c3c3c3c3c3c3c
       544  ,<<<<<<<<<<<<<<<  2c3c3c3c3c3c3c3c3c3c3c3c3c3c3c3c
       532  <<,<<<<<<<<<<<<<  3c3c2c3c3c3c3c3c3c3c3c3c3c3c3c3c
       527  <<<<<<<<<<<<<<,<  3c3c3c3c3c3c3c3c3c3c3c3c3c3c2c3c
       526  <<<,<<<<<<<<<<<<  3c3c3c2c3c3c3c3c3c3c3c3c3c3c3c3c
       512  <<<<<,<<<<<<<<<<  3c3c3c3c3c2c3c3c3c3c3c3c3c3c3c3c
       512  <<<<,<<<<<<<<<<<  3c3c3c3c2c3c3c3c3c3c3c3c3c3c3c3c
# epoch 39550  H=1.0968 C=1.0704 HO=0.0263  A(t)=2077
     20895  <<<<<<<<<<<<<<<<  3c3c3c3c3c3c3c3c3c3c3c3c3c3c3c3c
       906  ,,,,,,,,,,,,,,,,  2c2c2c2c2c2c2c2c2c2c2c2c2c2c2c2c
       561  <<<<<<<<<<<<<<<,  3c3c3c3c3c3c3c3c3c3c3c3c3c3c3c2c
       544  ,<<<<<<<<<<<<<<<  2c3c3c3c3c3c3c3c3c3c3c3c3c3c3c3c
       521  <<<<<<<<<<<<<<,<  3c3c3c3c3c3c3c3c3c3c3c3c3c3c2c3c
       513  <,<<<<<<<<<<<<<<  3c2c3c3c3c3c3c3c3c3c3c3c3c3c3c3c
       509  <<<<<<<<<<<<,<<<  3c3c3c3c3c3c3c3c3c3c3c3c2c3c3c3c
       505  <<<<<<<<<<<<<,<<  3c3c3c3c3c3c3c3c3c3c3c3c3c2c3c3c
       501  <<,<<<<<<<<<<<<<  3c3c2c3c3c3c3c3c3c3c3c3c3c3c3c3c
       497  <<<<<<<<<<<,<<<<  3c3c3c3c3c3c3c3c3c3c3c2c3c3c3c3c
# epoch 39600  H=1.1191 C=1.1187 HO=0.0004  A(t)=2077
     19114  <<<<<<<<<<<<<<<<  3c3c3c3c3c3c3c3c3c3c3c3c3c3c3c3c
       943  ,,,,,,,,,,,,,,,,  2c2c2c2c2c2c2c2c2c2c2c2c2c2c2c2c
       607  <<<<<<<<<<<<<<<,  3c3c3c3c3c3c3c3c3c3c3c3c3c3c3c2c
       602  ,<<<<<<<<<<<<<<<  2c3c3c3c3c3c3c3c3c3c3c3c3c3c3c3c
       597  <<<<<<<<<<<<<<,<  3c3c3c3c3c3c3c3c3c3c3c3c3c3c2c3c
       590  <,<<<<<<<<<<<<<<  3c2c3c3c3c3c3c3c3c3c3c3c3c3c3c3c
       583  <<,<<<<<<<<<<<<<  3c3c2c3c3c3c3c3c3c3c3c3c3c3c3c3c
       573  <<<<<<<<<<<<<,<<  3c3c3c3c3c3c3c3c3c3c3c3c3c2c3c3c
       565  <<<<,<<<<<<<<<<<  3c3c3c3c2c3c3c3c3c3c3c3c3c3c3c3c
       563  <<<,<<<<<<<<<<<<  3c3c3c2c3c3c3c3c3c3c3c3c3c3c3c3c
# epoch 39650  H=1.2213 C=1.1793 HO=0.0420  A(t)=2077
     18726  <<<<<<<<<<<<<<<<  3c3c3c3c3c3c3c3c3c3c3c3c3c3c3c3c
      1029  ,,,,,,,,,,,,,,,,  2c2c2c2c2c2c2c2c2c2c2c2c2c2c2c2c
       547  ,<<<<<<<<<<<<<<<  2c3c3c3c3c3c3c3c3c3c3c3c3c3c3c3c
       543  <<<<<<<<<<<<<<<,  3c3c3c3c3c3c3c3c3c3c3c3c3c3c3c2c
       539  <,<<<<<<<<<<<<<<  3c2c3c3c3c3c3c3c3c3c3c3c3c3c3c3c
       513  <<,<<<<<<<<<<<<<  3c3c2c3c3c3c3c3c3c3c3c3c3c3c3c3c
       508  <<<<<<<<<<<<<<,<  3c3c3c3c3c3c3c3c3c3c3c3c3c3c2c3c
       499  <<<<<<<,<<<<<<<<  3c3c3c3c3c3c3c2c3c3c3c3c3c3c3c3c
       498  <<<<<<,<<<<<<<<<  3c3c3c3c3c3c2c3c3c3c3c3c3c3c3c3c
       497  <<<<<<<<,<<<<<<<  3c3c3c3c3c3c3c3c2c3c3c3c3c3c3c3c
# epoch 39700  H=1.1223 C=1.1112 HO=0.0111  A(t)=2077
     20365  <<<<<<<<<<<<<<<<  3c3c3c3c3c3c3c3c3c3c3c3c3c3c3c3c
       885  ,,,,,,,,,,,,,,,,  2c2c2c2c2c2c2c2c2c2c2c2c2c2c2c2c
       573  <<<<<<<<<<<<<<<,  3c3c3c3c3c3c3c3c3c3c3c3c3c3c3c2c
       551  ,<<<<<<<<<<<<<<<  2c3c3c3c3c3c3c3c3c3c3c3c3c3c3c3c
       545  <<<<<<<<<<<<<<,<  3c3c3c3c3c3c3c3c3c3c3c3c3c3c2c3c
       531  <,<<<<<<<<<<<<<<  3c2c3c3c3c3c3c3c3c3c3c3c3c3c3c3c
       526  <<<,<<<<<<<<<<<<  3c3c3c2c3c3c3c3c3c3c3c3c3c3c3c3c
       519  <<<<<<<<<<<<<,<<  3c3c3c3c3c3c3c3c3c3c3c3c3c2c3c3c
       518  <<<<<<<<<<<<,<<<  3c3c3c3c3c3c3c3c3c3c3c3c2c3c3c3c
       518  <<,<<<<<<<<<<<<<  3c3c2c3c3c3c3c3c3c3c3c3c3c3c3c3c
# epoch 39750  H=1.1464 C=1.1119 HO=0.0345  A(t)=2077
     20824  <<<<<<<<<<<<<<<<  3c3c3c3c3c3c3c3c3c3c3c3c3c3c3c3c
      1048  ,,,,,,,,,,,,,,,,  2c2c2c2c2c2c2c2c2c2c2c2c2c2c2c2c
       552  <<<<<<<<<<<<<<<,  3c3c3c3c3c3c3c3c3c3c3c3c3c3c3c2c
       544  ,<<<<<<<<<<<<<<<  2c3c3c3c3c3c3c3c3c3c3c3c3c3c3c3c
       510  <,<<<<<<<<<<<<<<  3c2c3c3c3c3c3c3c3c3c3c3c3c3c3c3c
       501  <<,<<<<<<<<<<<<<  3c3c2c3c3c3c3c3c3c3c3c3c3c3c3c3c
       499  <<<,<<<<<<<<<<<<  3c3c3c2c3c3c3c3c3c3c3c3c3c3c3c3c
       498  <<<<<<<<<<<<<<,<  3c3c3c3c3c3c3c3c3c3c3c3c3c3c2c3c
       498  <<<<<<,<<<<<<<<<  3c3c3c3c3c3c2c3c3c3c3c3c3c3c3c3c
       493  <<<<<<<,<<<<<<<<  3c3c3c3c3c3c3c2c3c3c3c3c3c3c3c3c
# epoch 39800  H=1.1383 C=1.0786 HO=0.0597  A(t)=2078
     21266  <<<<<<<<<<<<<<<<  3c3c3c3c3c3c3c3c3c3c3c3c3c3c3c3c
      1012  ,,,,,,,,,,,,,,,,  2c2c2c2c2c2c2c2c2c2c2c2c2c2c2c2c
       580  <<<<<<<<<<<<<<<,  3c3c3c3c3c3c3c3c3c3c3c3c3c3c3c2c
       578  ,<<<<<<<<<<<<<<<  2c3c3c3c3c3c3c3c3c3c3c3c3c3c3c3c
       574  <,<<<<<<<<<<<<<<  3c2c3c3c3c3c3c3c3c3c3c3c3c3c3c3c
       565  <<<<<<<<<<<<<,<<  3c3c3c3c3c3c3c3c3c3c3c3c3c2c3c3c
       563  <<<<<<<<<<<<<<,<  3c3c3c3c3c3c3c3c3c3c3c3c3c3c2c3c
       561  <<,<<<<<<<<<<<<<  3c3c2c3c3c3c3c3c3c3c3c3c3c3c3c3c
       554  <<<<<<<,<<<<<<<<  3c3c3c3c3c3c3c2c3c3c3c3c3c3c3c3c
       552  <<<,<<<<<<<<<<<<  3c3c3c2c3c3c3c3c3c3c3c3c3c3c3c3c
# epoch 39850  H=1.0026 C=1.0012 HO=0.0014  A(t)=2082
     25062  <<<<<<<<<<<<<<<<  3c3c3c3c3c3c3c3c3c3c3c3c3c3c3c3c
       867  ,,,,,,,,,,,,,,,,  2c2c2c2c2c2c2c2c2c2c2c2c2c2c2c2c
       578  <<<<<<<<<<<<<<<,  3c3c3c3c3c3c3c3c3c3c3c3c3c3c3c2c
       560  ,<<<<<<<<<<<<<<<  2c3c3c3c3c3c3c3c3c3c3c3c3c3c3c3c
       553  <<<<,<<<<<<<<<<<  3c3c3c3c2c3c3c3c3c3c3c3c3c3c3c3c
       550  <,<<<<<<<<<<<<<<  3c2c3c3c3c3c3c3c3c3c3c3c3c3c3c3c
       544  <<<<<<<<<<<<<<,<  3c3c3c3c3c3c3c3c3c3c3c3c3c3c2c3c
       538  <<<<<<<<<<<<<,<<  3c3c3c3c3c3c3c3c3c3c3c3c3c2c3c3c
       538  <<<<<<,<<<<<<<<<  3c3c3c3c3c3c2c3c3c3c3c3c3c3c3c3c
       538  <<<<<,<<<<<<<<<<  3c3c3c3c3c2c3c3c3c3c3c3c3c3c3c3c
# epoch 39900  H=1.1317 C=1.1235 HO=0.0082  A(t)=2082
     22215  <<<<<<<<<<<<<<<<  3c3c3c3c3c3c3c3c3c3c3c3c3c3c3c3c
       590  ,,,,,,,,,,,,,,,,  2c2c2c2c2c2c2c2c2c2c2c2c2c2c2c2c
       535  <<<<<<<<<<<<<<,<  3c3c3c3c3c3c3c3c3c3c3c3c3c3c2c3c
       532  <<<<<<<<<<<<<<<,  3c3c3c3c3c3c3c3c3c3c3c3c3c3c3c2c
       517  <<<<<<<<<<<<<,<<  3c3c3c3c3c3c3c3c3c3c3c3c3c2c3c3c
       507  <<<<<<<<<<<<,<<<  3c3c3c3c3c3c3c3c3c3c3c3c2c3c3c3c
       499  ,<<<<<<<<<<<<<<<  2c3c3c3c3c3c3c3c3c3c3c3c3c3c3c3c
       498  <<<<,<<<<<<<<<<<  3c3c3c3c2c3c3c3c3c3c3c3c3c3c3c3c
       497  <<<,<<<<<<<<<<<<  3c3c3c2c3c3c3c3c3c3c3c3c3c3c3c3c
       492  <<,<<<<<<<<<<<<<  3c3c2c3c3c3c3c3c3c3c3c3c3c3c3c3c
# epoch 39950  H=1.1593 C=1.1375 HO=0.0219  A(t)=2082
     21315  <<<<<<<<<<<<<<<<  3c3c3c3c3c3c3c3c3c3c3c3c3c3c3c3c
       669  ,,,,,,,,,,,,,,,,  2c2c2c2c2c2c2c2c2c2c2c2c2c2c2c2c
       521  <<<<<<<<<<<<<<<,  3c3c3c3c3c3c3c3c3c3c3c3c3c3c3c2c
       509  <,<<<<<<<<<<<<<<  3c2c3c3c3c3c3c3c3c3c3c3c3c3c3c3c
       506  <<<<<<<<<<<<<<,<  3c3c3c3c3c3c3c3c3c3c3c3c3c3c2c3c
       499  ,<<<<<<<<<<<<<<<  2c3c3c3c3c3c3c3c3c3c3c3c3c3c3c3c
       497  <<,<<<<<<<<<<<<<  3c3c2c3c3c3c3c3c3c3c3c3c3c3c3c3c
       493  <<<<<<<<<<<<<,<<  3c3c3c3c3c3c3c3c3c3c3c3c3c2c3c3c
       491  <<<<<<,<<<<<<<<<  3c3c3c3c3c3c2c3c3c3c3c3c3c3c3c3c
       486  <<<<,<<<<<<<<<<<  3c3c3c3c2c3c3c3c3c3c3c3c3c3c3c3c
# epoch 40000  H=1.2011 C=1.1534 HO=0.0477  A(t)=2082
     21427  <<<<<<<<<<<<<<<<  3c3c3c3c3c3c3c3c3c3c3c3c3c3c3c3c
       793  ,,,,,,,,,,,,,,,,  2c2c2c2c2c2c2c2c2c2c2c2c2c2c2c2c
       469  ,<<<<<<<<<<<<<<<  2c3c3c3c3c3c3c3c3c3c3c3c3c3c3c3c
       468  <<<<<<<<<<<<<<<,  3c3c3c3c3c3c3c3c3c3c3c3c3c3c3c2c
       458  <<<<<<<,<<<<<<<<  3c3c3c3c3c3c3c2c3c3c3c3c3c3c3c3c
       453  <<<<<<,<<<<<<<<<  3c3c3c3c3c3c2c3c3c3c3c3c3c3c3c3c
       452  <<<<<,<<<<<<<<<<  3c3c3c3c3c2c3c3c3c3c3c3c3c3c3c3c
       450  <<<<<<<<,<<<<<<<  3c3c3c3c3c3c3c3c2c3c3c3c3c3c3c3c
       447  <<<<<<<<<<,<<<<<  3c3c3c3c3c3c3c3c3c3c2c3c3c3c3c3c
       445  <<<<<<<<<<<,<<<<  3c3c3c3c3c3c3c3c3c3c3c2c3c3c3c3c
# epoch 40050  H=1.2638 C=1.1824 HO=0.0814  A(t)=2082
     21874  <<<<<<<<<<<<<<<<  3c3c3c3c3c3c3c3c3c3c3c3c3c3c3c3c
       700  ,,,,,,,,,,,,,,,,  2c2c2c2c2c2c2c2c2c2c2c2c2c2c2c2c
       456  <<<<<<<<<<<<<<<,  3c3c3c3c3c3c3c3c3c3c3c3c3c3c3c2c
       453  ,<<<<<<<<<<<<<<<  2c3c3c3c3c3c3c3c3c3c3c3c3c3c3c3c
       442  <,<<<<<<<<<<<<<<  3c2c3c3c3c3c3c3c3c3c3c3c3c3c3c3c
       437  <<,<<<<<<<<<<<<<  3c3c2c3c3c3c3c3c3c3c3c3c3c3c3c3c
       429  <<<<<<<<<<<<<<,<  3c3c3c3c3c3c3c3c3c3c3c3c3c3c2c3c
       419  <<<<<<<,<<<<<<<<  3c3c3c3c3c3c3c2c3c3c3c3c3c3c3c3c
       419  <<<<<,<<<<<<<<<<  3c3c3c3c3c2c3c3c3c3c3c3c3c3c3c3c
       419  <<<<,<<<<<<<<<<<  3c3c3c3c2c3c3c3c3c3c3c3c3c3c3c3c
# epoch 40100  H=1.2971 C=1.2354 HO=0.0617  A(t)=2083
     21621  <<<<<<<<<<<<<<<<  3c3c3c3c3c3c3c3c3c3c3c3c3c3c3c3c
       544  ,,,,,,,,,,,,,,,,  2c2c2c2c2c2c2c2c2c2c2c2c2c2c2c2c
       504  ,<<<<<<<<<<<<<<<  2c3c3c3c3c3c3c3c3c3c3c3c3c3c3c3c
       501  <<<<<<<<<<<<<<<,  3c3c3c3c3c3c3c3c3c3c3c3c3c3c3c2c
       484  <,<<<<<<<<<<<<<<  3c2c3c3c3c3c3c3c3c3c3c3c3c3c3c3c
       479  <<<<<<<<<<<<<<,<  3c3c3c3c3c3c3c3c3c3c3c3c3c3c2c3c
       477  <<,<<<<<<<<<<<<<  3c3c2c3c3c3c3c3c3c3c3c3c3c3c3c3c
       469  <<<<<<<<<<<<<,<<  3c3c3c3c3c3c3c3c3c3c3c3c3c2c3c3c
       441  <<<,<<<<<<<<<<<<  3c3c3c2c3c3c3c3c3c3c3c3c3c3c3c3c
       432  <<<<<<<<<<<<,<<<  3c3c3c3c3c3c3c3c3c3c3c3c2c3c3c3c
# epoch 40150  H=1.3399 C=1.2568 HO=0.0831  A(t)=2084
     20888  <<<<<<<<<<<<<<<<  3c3c3c3c3c3c3c3c3c3c3c3c3c3c3c3c
       749  ,,,,,,,,,,,,,,,,  2c2c2c2c2c2c2c2c2c2c2c2c2c2c2c2c
       488  <<<<<<<<<<<<<<<,  3c3c3c3c3c3c3c3c3c3c3c3c3c3c3c2c
       470  ,<<<<<<<<<<<<<<<  2c3c3c3c3c3c3c3c3c3c3c3c3c3c3c3c
       464  <<<<<<<<<<<<<<,<  3c3c3c3c3c3c3c3c3c3c3c3c3c3c2c3c
       460  <,<<<<<<<<<<<<<<  3c2c3c3c3c3c3c3c3c3c3c3c3c3c3c3c
       459  <<<<<<<,<<<<<<<<  3c3c3c3c3c3c3c2c3c3c3c3c3c3c3c3c
       457  <<<<<<<<,<<<<<<<  3c3c3c3c3c3c3c3c2c3c3c3c3c3c3c3c
       456  <<,<<<<<<<<<<<<<  3c3c2c3c3c3c3c3c3c3c3c3c3c3c3c3c
       452  <<<<<<<<<<<<<,<<  3c3c3c3c3c3c3c3c3c3c3c3c3c2c3c3c
# epoch 40200  H=1.2560 C=1.1697 HO=0.0863  A(t)=2084
     22852  <<<<<<<<<<<<<<<<  3c3c3c3c3c3c3c3c3c3c3c3c3c3c3c3c
       509  ,<<<<<<<<<<<<<<<  2c3c3c3c3c3c3c3c3c3c3c3c3c3c3c3c
       506  <<<<<<<<<<<<<<<,  3c3c3c3c3c3c3c3c3c3c3c3c3c3c3c2c
       506  <,<<<<<<<<<<<<<<  3c2c3c3c3c3c3c3c3c3c3c3c3c3c3c3c
       498  <<<<<<<<<<<<<<,<  3c3c3c3c3c3c3c3c3c3c3c3c3c3c2c3c
       493  <<,<<<<<<<<<<<<<  3c3c2c3c3c3c3c3c3c3c3c3c3c3c3c3c
       488  <<<,<<<<<<<<<<<<  3c3c3c2c3c3c3c3c3c3c3c3c3c3c3c3c
       487  <<<<<<<<<<<<<,<<  3c3c3c3c3c3c3c3c3c3c3c3c3c2c3c3c
       480  <<<<<<<<<<<<,<<<  3c3c3c3c3c3c3c3c3c3c3c3c2c3c3c3c
       480  <<<<,<<<<<<<<<<<  3c3c3c3c2c3c3c3c3c3c3c3c3c3c3c3c
# epoch 40250  H=1.2881 C=1.2081 HO=0.0800  A(t)=2084
     21543  <<<<<<<<<<<<<<<<  3c3c3c3c3c3c3c3c3c3c3c3c3c3c3c3c
       605  ,,,,,,,,,,,,,,,,  2c2c2c2c2c2c2c2c2c2c2c2c2c2c2c2c
       451  <<<<<<<<<<<<<<<,  3c3c3c3c3c3c3c3c3c3c3c3c3c3c3c2c
       449  <<<<<,<<<<<<<<<<  3c3c3c3c3c2c3c3c3c3c3c3c3c3c3c3c
       442  <<<<<<<,<<<<<<<<  3c3c3c3c3c3c3c2c3c3c3c3c3c3c3c3c
       441  <<<<<<<<,<<<<<<<  3c3c3c3c3c3c3c3c2c3c3c3c3c3c3c3c
       439  <<<<<<,<<<<<<<<<  3c3c3c3c3c3c2c3c3c3c3c3c3c3c3c3c
       433  <<<,<<<<<<<<<<<<  3c3c3c2c3c3c3c3c3c3c3c3c3c3c3c3c
       433  <<,<<<<<<<<<<<<<  3c3c2c3c3c3c3c3c3c3c3c3c3c3c3c3c
       433  ,<<<<<<<<<<<<<<<  2c3c3c3c3c3c3c3c3c3c3c3c3c3c3c3c
# epoch 40300  H=1.2626 C=1.1815 HO=0.0811  A(t)=2090
     20957  <<<<<<<<<<<<<<<<  3c3c3c3c3c3c3c3c3c3c3c3c3c3c3c3c
       821  ,,,,,,,,,,,,,,,,  2c2c2c2c2c2c2c2c2c2c2c2c2c2c2c2c
       526  <<<<<<<<<<<<<<<,  3c3c3c3c3c3c3c3c3c3c3c3c3c3c3c2c
       519  ,<<<<<<<<<<<<<<<  2c3c3c3c3c3c3c3c3c3c3c3c3c3c3c3c
       507  <<<<<<<<<<<<<<,<  3c3c3c3c3c3c3c3c3c3c3c3c3c3c2c3c
       504  <<<<<,<<<<<<<<<<  3c3c3c3c3c2c3c3c3c3c3c3c3c3c3c3c
       504  <,<<<<<<<<<<<<<<  3c2c3c3c3c3c3c3c3c3c3c3c3c3c3c3c
       500  <<<<<<<<<<<<<,<<  3c3c3c3c3c3c3c3c3c3c3c3c3c2c3c3c
       498  <<<<,<<<<<<<<<<<  3c3c3c3c2c3c3c3c3c3c3c3c3c3c3c3c
       497  <<,<<<<<<<<<<<<<  3c3c2c3c3c3c3c3c3c3c3c3c3c3c3c3c
# epoch 40350  H=1.2462 C=1.1770 HO=0.0692  A(t)=2091
     22119  <<<<<<<<<<<<<<<<  3c3c3c3c3c3c3c3c3c3c3c3c3c3c3c3c
       520  <<<<<<<<<<<<<<<,  3c3c3c3c3c3c3c3c3c3c3c3c3c3c3c2c
       503  ,<<<<<<<<<<<<<<<  2c3c3c3c3c3c3c3c3c3c3c3c3c3c3c3c
       502  <<<<<<<<<<<<<<,<  3c3c3c3c3c3c3c3c3c3c3c3c3c3c2c3c
       488  <<<<<<<<<<<<<,<<  3c3c3c3c3c3c3c3c3c3c3c3c3c2c3c3c
       486  <,<<<<<<<<<<<<<<  3c2c3c3c3c3c3c3c3c3c3c3c3c3c3c3c
       485  <<<<<,<<<<<<<<<<  3c3c3c3c3c2c3c3c3c3c3c3c3c3c3c3c
       484  <<,<<<<<<<<<<<<<  3c3c2c3c3c3c3c3c3c3c3c3c3c3c3c3c
       482  <<<<<<<<<<<<,<<<  3c3c3c3c3c3c3c3c3c3c3c3c2c3c3c3c
       481  <<<<<<<<<<,<<<<<  3c3c3c3c3c3c3c3c3c3c2c3c3c3c3c3c
# epoch 40400  H=1.2667 C=1.1937 HO=0.0729  A(t)=2092
     21187  <<<<<<<<<<<<<<<<  3c3c3c3c3c3c3c3c3c3c3c3c3c3c3c3c
       669  ,,,,,,,,,,,,,,,,  2c2c2c2c2c2c2c2c2c2c2c2c2c2c2c2c
       486  <<<<<<<<<<<<<<<,  3c3c3c3c3c3c3c3c3c3c3c3c3c3c3c2c
       480  <,<<<<<<<<<<<<<<  3c2c3c3c3c3c3c3c3c3c3c3c3c3c3c3c
       478  ,<<<<<<<<<<<<<<<  2c3c3c3c3c3c3c3c3c3c3c3c3c3c3c3c
       468  <<<<<<<<<<<<<<,<  3c3c3c3c3c3c3c3c3c3c3c3c3c3c2c3c
       464  <<,<<<<<<<<<<<<<  3c3c2c3c3c3c3c3c3c3c3c3c3c3c3c3c
       458  <<<,<<<<<<<<<<<<  3c3c3c2c3c3c3c3c3c3c3c3c3c3c3c3c
       456  <<<<<<<,<<<<<<<<  3c3c3c3c3c3c3c2c3c3c3c3c3c3c3c3c
       454  <<<<<<<<,<<<<<<<  3c3c3c3c3c3c3c3c2c3c3c3c3c3c3c3c
# epoch 40450  H=1.2200 C=1.1765 HO=0.0435  A(t)=2095
     20898  <<<<<<<<<<<<<<<<  3c3c3c3c3c3c3c3c3c3c3c3c3c3c3c3c
       720  ,,,,,,,,,,,,,,,,  2c2c2c2c2c2c2c2c2c2c2c2c2c2c2c2c
       479  ,<<<<<<<<<<<<<<<  2c3c3c3c3c3c3c3c3c3c3c3c3c3c3c3c
       466  <<<<<<<<<<<<<<<,  3c3c3c3c3c3c3c3c3c3c3c3c3c3c3c2c
       457  <<,<<<<<<<<<<<<<  3c3c2c3c3c3c3c3c3c3c3c3c3c3c3c3c
       454  <,<<<<<<<<<<<<<<  3c2c3c3c3c3c3c3c3c3c3c3c3c3c3c3c
       450  <<<<<<<<<<<<<<,<  3c3c3c3c3c3c3c3c3c3c3c3c3c3c2c3c
       439  <<<<<<<<<<<<<,<<  3c3c3c3c3c3c3c3c3c3c3c3c3c2c3c3c
       438  <<<,<<<<<<<<<<<<  3c3c3c2c3c3c3c3c3c3c3c3c3c3c3c3c
       430  <<<<,<<<<<<<<<<<  3c3c3c3c2c3c3c3c3c3c3c3c3c3c3c3c
# epoch 40500  H=1.2303 C=1.1477 HO=0.0826  A(t)=2097
     21885  <<<<<<<<<<<<<<<<  3c3c3c3c3c3c3c3c3c3c3c3c3c3c3c3c
       761  ,,,,,,,,,,,,,,,,  2c2c2c2c2c2c2c2c2c2c2c2c2c2c2c2c
       516  <<<<<<<<<<<<<<<,  3c3c3c3c3c3c3c3c3c3c3c3c3c3c3c2c
       503  ,<<<<<<<<<<<<<<<  2c3c3c3c3c3c3c3c3c3c3c3c3c3c3c3c
       502  <<<<<<<<<<<<<<,<  3c3c3c3c3c3c3c3c3c3c3c3c3c3c2c3c
       487  <,<<<<<<<<<<<<<<  3c2c3c3c3c3c3c3c3c3c3c3c3c3c3c3c
       472  <<,<<<<<<<<<<<<<  3c3c2c3c3c3c3c3c3c3c3c3c3c3c3c3c
       471  <<<<<<<<<<<<<,<<  3c3c3c3c3c3c3c3c3c3c3c3c3c2c3c3c
       469  <<<<<<<<<<<<,<<<  3c3c3c3c3c3c3c3c3c3c3c3c2c3c3c3c
       468  <<<<<,<<<<<<<<<<  3c3c3c3c3c2c3c3c3c3c3c3c3c3c3c3c
# epoch 40550  H=1.2302 C=1.2014 HO=0.0288  A(t)=2097
     21442  <<<<<<<<<<<<<<<<  3c3c3c3c3c3c3c3c3c3c3c3c3c3c3c3c
       516  ,,,,,,,,,,,,,,,,  2c2c2c2c2c2c2c2c2c2c2c2c2c2c2c2c
       481  ,<<<<<<<<<<<<<<<  2c3c3c3c3c3c3c3c3c3c3c3c3c3c3c3c
       476  <<<<<<<<<<<<<<<,  3c3c3c3c3c3c3c3c3c3c3c3c3c3c3c2c
       453  <,<<<<<<<<<<<<<<  3c2c3c3c3c3c3c3c3c3c3c3c3c3c3c3c
       443  <<<<<<<<<<<<<<,<  3c3c3c3c3c3c3c3c3c3c3c3c3c3c2c3c
       439  <<,<<<<<<<<<<<<<  3c3c2c3c3c3c3c3c3c3c3c3c3c3c3c3c
       438  <<<<<<<,<<<<<<<<  3c3c3c3c3c3c3c2c3c3c3c3c3c3c3c3c
       437  <<<,<<<<<<<<<<<<  3c3c3c2c3c3c3c3c3c3c3c3c3c3c3c3c
       435  <<<<<,<<<<<<<<<<  3c3c3c3c3c2c3c3c3c3c3c3c3c3c3c3c
# epoch 40600  H=1.2383 C=1.1940 HO=0.0443  A(t)=2097
     22519  <<<<<<<<<<<<<<<<  3c3c3c3c3c3c3c3c3c3c3c3c3c3c3c3c
       481  ,,,,,,,,,,,,,,,,  2c2c2c2c2c2c2c2c2c2c2c2c2c2c2c2c
       458  <<<<<<<<<<<<<<<,  3c3c3c3c3c3c3c3c3c3c3c3c3c3c3c2c
       455  ,<<<<<<<<<<<<<<<  2c3c3c3c3c3c3c3c3c3c3c3c3c3c3c3c
       448  <,<<<<<<<<<<<<<<  3c2c3c3c3c3c3c3c3c3c3c3c3c3c3c3c
       438  <<,<<<<<<<<<<<<<  3c3c2c3c3c3c3c3c3c3c3c3c3c3c3c3c
       433  <<<<<<<<<<<<<<,<  3c3c3c3c3c3c3c3c3c3c3c3c3c3c2c3c
       430  <<<,<<<<<<<<<<<<  3c3c3c2c3c3c3c3c3c3c3c3c3c3c3c3c
       423  <<<<<<<<<<<<<,<<  3c3c3c3c3c3c3c3c3c3c3c3c3c2c3c3c
       422  <<<<<<<<<<<<,<<<  3c3c3c3c3c3c3c3c3c3c3c3c2c3c3c3c
# epoch 40650  H=1.2327 C=1.1903 HO=0.0424  A(t)=2098
     23097  <<<<<<<<<<<<<<<<  3c3c3c3c3c3c3c3c3c3c3c3c3c3c3c3c
       508  <<<<<<<<<<<<<<<,  3c3c3c3c3c3c3c3c3c3c3c3c3c3c3c2c
       490  <<<<<<<<<<<<<<,<  3c3c3c3c3c3c3c3c3c3c3c3c3c3c2c3c
       479  ,<<<<<<<<<<<<<<<  2c3c3c3c3c3c3c3c3c3c3c3c3c3c3c3c
       476  <<<<<<<<<<<<<,<<  3c3c3c3c3c3c3c3c3c3c3c3c3c2c3c3c
       472  <,<<<<<<<<<<<<<<  3c2c3c3c3c3c3c3c3c3c3c3c3c3c3c3c
       468  <<<<<<,<<<<<<<<<  3c3c3c3c3c3c2c3c3c3c3c3c3c3c3c3c
       463  <<,<<<<<<<<<<<<<  3c3c2c3c3c3c3c3c3c3c3c3c3c3c3c3c
       462  <<<<<<<,<<<<<<<<  3c3c3c3c3c3c3c2c3c3c3c3c3c3c3c3c
       457  <<<<<,<<<<<<<<<<  3c3c3c3c3c2c3c3c3c3c3c3c3c3c3c3c
# epoch 40700  H=1.3700 C=1.2931 HO=0.0770  A(t)=2099
     19847  <<<<<<<<<<<<<<<<  3c3c3c3c3c3c3c3c3c3c3c3c3c3c3c3c
       695  ,,,,,,,,,,,,,,,,  2c2c2c2c2c2c2c2c2c2c2c2c2c2c2c2c
       491  <<<<<<<<<<<<<<<,  3c3c3c3c3c3c3c3c3c3c3c3c3c3c3c2c
       480  <<<<<<<<<<<<<<,<  3c3c3c3c3c3c3c3c3c3c3c3c3c3c2c3c
       464  ,<<<<<<<<<<<<<<<  2c3c3c3c3c3c3c3c3c3c3c3c3c3c3c3c
       456  <<<<<<<<<<<<<,<<  3c3c3c3c3c3c3c3c3c3c3c3c3c2c3c3c
       441  <,<<<<<<<<<<<<<<  3c2c3c3c3c3c3c3c3c3c3c3c3c3c3c3c
       438  <<<<<<<<<<<<,<<<  3c3c3c3c3c3c3c3c3c3c3c3c2c3c3c3c
       432  <<,<<<<<<<<<<<<<  3c3c2c3c3c3c3c3c3c3c3c3c3c3c3c3c
       421  <<<,<<<<<<<<<<<<  3c3c3c2c3c3c3c3c3c3c3c3c3c3c3c3c
# epoch 40750  H=1.4205 C=1.3463 HO=0.0742  A(t)=2099
     19033  <<<<<<<<<<<<<<<<  3c3c3c3c3c3c3c3c3c3c3c3c3c3c3c3c
       691  ,,,,,,,,,,,,,,,,  2c2c2c2c2c2c2c2c2c2c2c2c2c2c2c2c
       484  <<<<<<<<<<<<<<<,  3c3c3c3c3c3c3c3c3c3c3c3c3c3c3c2c
       477  ,<<<<<<<<<<<<<<<  2c3c3c3c3c3c3c3c3c3c3c3c3c3c3c3c
       459  <,<<<<<<<<<<<<<<  3c2c3c3c3c3c3c3c3c3c3c3c3c3c3c3c
       457  <<<<<<<<<<<<<<,<  3c3c3c3c3c3c3c3c3c3c3c3c3c3c2c3c
       446  <<<<<<<<<<<<<,<<  3c3c3c3c3c3c3c3c3c3c3c3c3c2c3c3c
       436  <<<<<<<<<<<<,<<<  3c3c3c3c3c3c3c3c3c3c3c3c2c3c3c3c
       436  <<,<<<<<<<<<<<<<  3c3c2c3c3c3c3c3c3c3c3c3c3c3c3c3c
       428  <<<<<<<<<<<,<<<<  3c3c3c3c3c3c3c3c3c3c3c2c3c3c3c3c
# epoch 40800  H=1.3936 C=1.3125 HO=0.0811  A(t)=2099
     19951  <<<<<<<<<<<<<<<<  3c3c3c3c3c3c3c3c3c3c3c3c3c3c3c3c
       721  ,,,,,,,,,,,,,,,,  2c2c2c2c2c2c2c2c2c2c2c2c2c2c2c2c
       538  <<<<<<<<<<<<<<<,  3c3c3c3c3c3c3c3c3c3c3c3c3c3c3c2c
       509  ,<<<<<<<<<<<<<<<  2c3c3c3c3c3c3c3c3c3c3c3c3c3c3c3c
       503  <<<<<<<<<<<<<<,<  3c3c3c3c3c3c3c3c3c3c3c3c3c3c2c3c
       475  <,<<<<<<<<<<<<<<  3c2c3c3c3c3c3c3c3c3c3c3c3c3c3c3c
       467  <<<<<<<<<<<<<,<<  3c3c3c3c3c3c3c3c3c3c3c3c3c2c3c3c
       460  <<,<<<<<<<<<<<<<  3c3c2c3c3c3c3c3c3c3c3c3c3c3c3c3c
       441  <<<,<<<<<<<<<<<<  3c3c3c2c3c3c3c3c3c3c3c3c3c3c3c3c
       438  <<<<<<<<<<<<,<<<  3c3c3c3c3c3c3c3c3c3c3c3c2c3c3c3c
# epoch 40850  H=1.3198 C=1.2491 HO=0.0707  A(t)=2099
     19731  <<<<<<<<<<<<<<<<  3c3c3c3c3c3c3c3c3c3c3c3c3c3c3c3c
       559  ,,,,,,,,,,,,,,,,  2c2c2c2c2c2c2c2c2c2c2c2c2c2c2c2c
       494  <<<<<<<<<<<<<<<,  3c3c3c3c3c3c3c3c3c3c3c3c3c3c3c2c
       491  ,<<<<<<<<<<<<<<<  2c3c3c3c3c3c3c3c3c3c3c3c3c3c3c3c
       481  <,<<<<<<<<<<<<<<  3c2c3c3c3c3c3c3c3c3c3c3c3c3c3c3c
       474  <<,<<<<<<<<<<<<<  3c3c2c3c3c3c3c3c3c3c3c3c3c3c3c3c
       468  <<<<<<<<<<<<<<,<  3c3c3c3c3c3c3c3c3c3c3c3c3c3c2c3c
       461  <<<<<<<<<<<<<,<<  3c3c3c3c3c3c3c3c3c3c3c3c3c2c3c3c
       456  <<<<,<<<<<<<<<<<  3c3c3c3c2c3c3c3c3c3c3c3c3c3c3c3c
       455  <<<<<<<<<<<<,<<<  3c3c3c3c3c3c3c3c3c3c3c3c2c3c3c3c
# epoch 40900  H=1.2832 C=1.1987 HO=0.0845  A(t)=2099
     19386  <<<<<<<<<<<<<<<<  3c3c3c3c3c3c3c3c3c3c3c3c3c3c3c3c
       724  ,,,,,,,,,,,,,,,,  2c2c2c2c2c2c2c2c2c2c2c2c2c2c2c2c
       494  <<<<<<<<<<<<<<<,  3c3c3c3c3c3c3c3c3c3c3c3c3c3c3c2c
       484  <<<<<<<<<<<<<<,<  3c3c3c3c3c3c3c3c3c3c3c3c3c3c2c3c
       477  <<,<<<<<<<<<<<<<  3c3c2c3c3c3c3c3c3c3c3c3c3c3c3c3c
       474  <<<,<<<<<<<<<<<<  3c3c3c2c3c3c3c3c3c3c3c3c3c3c3c3c
       473  ,<<<<<<<<<<<<<<<  2c3c3c3c3c3c3c3c3c3c3c3c3c3c3c3c
       470  <,<<<<<<<<<<<<<<  3c2c3c3c3c3c3c3c3c3c3c3c3c3c3c3c
       466  <<<<,<<<<<<<<<<<  3c3c3c3c2c3c3c3c3c3c3c3c3c3c3c3c
       465  <<<<<<<<<<<<<,<<  3c3c3c3c3c3c3c3c3c3c3c3c3c2c3c3c
# epoch 40950  H=1.1915 C=1.1199 HO=0.0716  A(t)=2099
     20856  <<<<<<<<<<<<<<<<  3c3c3c3c3c3c3c3c3c3c3c3c3c3c3c3c
      1146  ,,,,,,,,,,,,,,,,  2c2c2c2c2c2c2c2c2c2c2c2c2c2c2c2c
       548  <<<<<<<<<<<<<<<,  3c3c3c3c3c3c3c3c3c3c3c3c3c3c3c2c
       531  <<,<<<<<<<<<<<<<  3c3c2c3c3c3c3c3c3c3c3c3c3c3c3c3c
       530  <<<<<<<<<<,<<<<<  3c3c3c3c3c3c3c3c3c3c2c3c3c3c3c3c
       529  <<<<<<<<<<<<,<<<  3c3c3c3c3c3c3c3c3c3c3c3c2c3c3c3c
       529  <<<<<<<<<<<,<<<<  3c3c3c3c3c3c3c3c3c3c3c2c3c3c3c3c
       527  <<<<<<<<<<<<<<,<  3c3c3c3c3c3c3c3c3c3c3c3c3c3c2c3c
       525  <<<,<<<<<<<<<<<<  3c3c3c2c3c3c3c3c3c3c3c3c3c3c3c3c
       520  <<<<<<<<<<<<<,<<  3c3c3c3c3c3c3c3c3c3c3c3c3c2c3c3c
# epoch 41000  H=1.2116 C=1.1482 HO=0.0634  A(t)=2099
     22609  <<<<<<<<<<<<<<<<  3c3c3c3c3c3c3c3c3c3c3c3c3c3c3c3c
       889  ,,,,,,,,,,,,,,,,  2c2c2c2c2c2c2c2c2c2c2c2c2c2c2c2c
       554  <<<<<<<<<<<<<<<,  3c3c3c3c3c3c3c3c3c3c3c3c3c3c3c2c
       529  ,<<<<<<<<<<<<<<<  2c3c3c3c3c3c3c3c3c3c3c3c3c3c3c3c
       527  <<<<<<<<<<<<<<,<  3c3c3c3c3c3c3c3c3c3c3c3c3c3c2c3c
       524  <<<<<<<<<<<<<,<<  3c3c3c3c3c3c3c3c3c3c3c3c3c2c3c3c
       516  <<<<<<<<<<<<,<<<  3c3c3c3c3c3c3c3c3c3c3c3c2c3c3c3c
       509  <<<<<<<,<<<<<<<<  3c3c3c3c3c3c3c2c3c3c3c3c3c3c3c3c
       508  <<<<<<<<<,<<<<<<  3c3c3c3c3c3c3c3c3c2c3c3c3c3c3c3c
       507  <<<<<<,<<<<<<<<<  3c3c3c3c3c3c2c3c3c3c3c3c3c3c3c3c
# epoch 41050  H=1.3419 C=1.2764 HO=0.0655  A(t)=2099
     20931  <<<<<<<<<<<<<<<<  3c3c3c3c3c3c3c3c3c3c3c3c3c3c3c3c
       712  ,,,,,,,,,,,,,,,,  2c2c2c2c2c2c2c2c2c2c2c2c2c2c2c2c
       501  <<<<<<<<<<<<<<<,  3c3c3c3c3c3c3c3c3c3c3c3c3c3c3c2c
       488  ,<<<<<<<<<<<<<<<  2c3c3c3c3c3c3c3c3c3c3c3c3c3c3c3c
       482  <<,<<<<<<<<<<<<<  3c3c2c3c3c3c3c3c3c3c3c3c3c3c3c3c
       470  <<<<<<<<<<<<<<,<  3c3c3c3c3c3c3c3c3c3c3c3c3c3c2c3c
       469  <,<<<<<<<<<<<<<<  3c2c3c3c3c3c3c3c3c3c3c3c3c3c3c3c
       468  <<<<<<<<<<<<<,<<  3c3c3c3c3c3c3c3c3c3c3c3c3c2c3c3c
       468  <<<,<<<<<<<<<<<<  3c3c3c2c3c3c3c3c3c3c3c3c3c3c3c3c
       462  <<<<,<<<<<<<<<<<  3c3c3c3c2c3c3c3c3c3c3c3c3c3c3c3c
# epoch 41100  H=1.4678 C=1.3724 HO=0.0953  A(t)=2099
     20020  <<<<<<<<<<<<<<<<  3c3c3c3c3c3c3c3c3c3c3c3c3c3c3c3c
       799  ,,,,,,,,,,,,,,,,  2c2c2c2c2c2c2c2c2c2c2c2c2c2c2c2c
       443  <<<<<<<<<<<<<<<,  3c3c3c3c3c3c3c3c3c3c3c3c3c3c3c2c
       429  <,<<<<<<<<<<<<<<  3c2c3c3c3c3c3c3c3c3c3c3c3c3c3c3c
       428  ,<<<<<<<<<<<<<<<  2c3c3c3c3c3c3c3c3c3c3c3c3c3c3c3c
       420  <<<<<<<<<<<<<<,<  3c3c3c3c3c3c3c3c3c3c3c3c3c3c2c3c
       417  <<,<<<<<<<<<<<<<  3c3c2c3c3c3c3c3c3c3c3c3c3c3c3c3c
       414  <<<<<<,<<<<<<<<<  3c3c3c3c3c3c2c3c3c3c3c3c3c3c3c3c
       414  <<<<<,<<<<<<<<<<  3c3c3c3c3c2c3c3c3c3c3c3c3c3c3c3c
       412  <<<,<<<<<<<<<<<<  3c3c3c2c3c3c3c3c3c3c3c3c3c3c3c3c
# epoch 41150  H=1.3627 C=1.3019 HO=0.0608  A(t)=2099
     19117  <<<<<<<<<<<<<<<<  3c3c3c3c3c3c3c3c3c3c3c3c3c3c3c3c
       950  ,,,,,,,,,,,,,,,,  2c2c2c2c2c2c2c2c2c2c2c2c2c2c2c2c
       531  <<<<<<<<<<<<<<<,  3c3c3c3c3c3c3c3c3c3c3c3c3c3c3c2c
       521  ,<<<<<<<<<<<<<<<  2c3c3c3c3c3c3c3c3c3c3c3c3c3c3c3c
       517  <<<<<<<<<<<<<<,<  3c3c3c3c3c3c3c3c3c3c3c3c3c3c2c3c
       505  <,<<<<<<<<<<<<<<  3c2c3c3c3c3c3c3c3c3c3c3c3c3c3c3c
       497  <<,<<<<<<<<<<<<<  3c3c2c3c3c3c3c3c3c3c3c3c3c3c3c3c
       490  <<<,<<<<<<<<<<<<  3c3c3c2c3c3c3c3c3c3c3c3c3c3c3c3c
       488  <<<<<,<<<<<<<<<<  3c3c3c3c3c2c3c3c3c3c3c3c3c3c3c3c
       488  <<<<,<<<<<<<<<<<  3c3c3c3c2c3c3c3c3c3c3c3c3c3c3c3c
# epoch 41200  H=1.2218 C=1.1593 HO=0.0625  A(t)=2099
     21613  <<<<<<<<<<<<<<<<  3c3c3c3c3c3c3c3c3c3c3c3c3c3c3c3c
      1042  ,,,,,,,,,,,,,,,,  2c2c2c2c2c2c2c2c2c2c2c2c2c2c2c2c
       533  <<<<<<<<<<<<<<<,  3c3c3c3c3c3c3c3c3c3c3c3c3c3c3c2c
       510  ,<<<<<<<<<<<<<<<  2c3c3c3c3c3c3c3c3c3c3c3c3c3c3c3c
       508  <<<<<<<<<<<<<<,<  3c3c3c3c3c3c3c3c3c3c3c3c3c3c2c3c
       500  <,<<<<<<<<<<<<<<  3c2c3c3c3c3c3c3c3c3c3c3c3c3c3c3c
       486  <<<<<<<<<<<<<,<<  3c3c3c3c3c3c3c3c3c3c3c3c3c2c3c3c
       480  <<<<<<<<<<<,<<<<  3c3c3c3c3c3c3c3c3c3c3c2c3c3c3c3c
       478  <<<<<<,<<<<<<<<<  3c3c3c3c3c3c2c3c3c3c3c3c3c3c3c3c
       476  <<<<<<<<<<<<,<<<  3c3c3c3c3c3c3c3c3c3c3c3c2c3c3c3c
# epoch 41250  H=1.2383 C=1.1869 HO=0.0514  A(t)=2099
     20347  <<<<<<<<<<<<<<<<  3c3c3c3c3c3c3c3c3c3c3c3c3c3c3c3c
       807  ,,,,,,,,,,,,,,,,  2c2c2c2c2c2c2c2c2c2c2c2c2c2c2c2c
       537  <<<<<<<<<<<<<<<,  3c3c3c3c3c3c3c3c3c3c3c3c3c3c3c2c
       517  <<<<<<<<<<<<<<,<  3c3c3c3c3c3c3c3c3c3c3c3c3c3c2c3c
       510  ,<<<<<<<<<<<<<<<  2c3c3c3c3c3c3c3c3c3c3c3c3c3c3c3c
       504  <,<<<<<<<<<<<<<<  3c2c3c3c3c3c3c3c3c3c3c3c3c3c3c3c
       503  <<,<<<<<<<<<<<<<  3c3c2c3c3c3c3c3c3c3c3c3c3c3c3c3c
       502  <<<<<<<<<<<<<,<<  3c3c3c3c3c3c3c3c3c3c3c3c3c2c3c3c
       500  <<<<<<<<<<<<,<<<  3c3c3c3c3c3c3c3c3c3c3c3c2c3c3c3c
       493  <<<<<<<<<<<,<<<<  3c3c3c3c3c3c3c3c3c3c3c2c3c3c3c3c
# epoch 41300  H=1.1965 C=1.1837 HO=0.0128  A(t)=2099
     20490  <<<<<<<<<<<<<<<<  3c3c3c3c3c3c3c3c3c3c3c3c3c3c3c3c
       680  ,,,,,,,,,,,,,,,,  2c2c2c2c2c2c2c2c2c2c2c2c2c2c2c2c
       516  <<<<<<<<<<<<<<<,  3c3c3c3c3c3c3c3c3c3c3c3c3c3c3c2c
       496  ,<<<<<<<<<<<<<<<  2c3c3c3c3c3c3c3c3c3c3c3c3c3c3c3c
       495  <<<<<<<<<<<<<<,<  3c3c3c3c3c3c3c3c3c3c3c3c3c3c2c3c
       491  <,<<<<<<<<<<<<<<  3c2c3c3c3c3c3c3c3c3c3c3c3c3c3c3c
       488  <<<<<<<<<<<<<,<<  3c3c3c3c3c3c3c3c3c3c3c3c3c2c3c3c
       486  <<,<<<<<<<<<<<<<  3c3c2c3c3c3c3c3c3c3c3c3c3c3c3c3c
       477  <<<<<<<<<<<<,<<<  3c3c3c3c3c3c3c3c3c3c3c3c2c3c3c3c
       476  <<<<<<<<,<<<<<<<  3c3c3c3c3c3c3c3c2c3c3c3c3c3c3c3c
# epoch 41350  H=1.1834 C=1.1357 HO=0.0476  A(t)=2099
     21663  <<<<<<<<<<<<<<<<  3c3c3c3c3c3c3c3c3c3c3c3c3c3c3c3c
      1264  ,,,,,,,,,,,,,,,,  2c2c2c2c2c2c2c2c2c2c2c2c2c2c2c2c
       507  <<<<<<<<<<<<<<<,  3c3c3c3c3c3c3c3c3c3c3c3c3c3c3c2c
       501  ,<<<<<<<<<<<<<<<  2c3c3c3c3c3c3c3c3c3c3c3c3c3c3c3c
       489  <<<<<,<<<<<<<<<<  3c3c3c3c3c2c3c3c3c3c3c3c3c3c3c3c
       488  <<<<<<<,<<<<<<<<  3c3c3c3c3c3c3c2c3c3c3c3c3c3c3c3c
       487  <<<<<<<<<,<<<<<<  3c3c3c3c3c3c3c3c3c2c3c3c3c3c3c3c
       487  <<<<<<,<<<<<<<<<  3c3c3c3c3c3c2c3c3c3c3c3c3c3c3c3c
       481  <,<<<<<<<<<<<<<<  3c2c3c3c3c3c3c3c3c3c3c3c3c3c3c3c
       480  <<<<<<<<<<,<<<<<  3c3c3c3c3c3c3c3c3c3c2c3c3c3c3c3c
# epoch 41400  H=1.3310 C=1.2817 HO=0.0493  A(t)=2102
     19120  <<<<<<<<<<<<<<<<  3c3c3c3c3c3c3c3c3c3c3c3c3c3c3c3c
       914  ,,,,,,,,,,,,,,,,  2c2c2c2c2c2c2c2c2c2c2c2c2c2c2c2c
       487  <<<<<<<<<<<<<<<,  3c3c3c3c3c3c3c3c3c3c3c3c3c3c3c2c
       475  ,<<<<<<<<<<<<<<<  2c3c3c3c3c3c3c3c3c3c3c3c3c3c3c3c
       471  <<<<<<<<<<<<<<,<  3c3c3c3c3c3c3c3c3c3c3c3c3c3c2c3c
       465  <<,<<<<<<<<<<<<<  3c3c2c3c3c3c3c3c3c3c3c3c3c3c3c3c
       464  <,<<<<<<<<<<<<<<  3c2c3c3c3c3c3c3c3c3c3c3c3c3c3c3c
       454  <<<<<<<<<<<<<,<<  3c3c3c3c3c3c3c3c3c3c3c3c3c2c3c3c
       453  <<<<<<<<<<<<,<<<  3c3c3c3c3c3c3c3c3c3c3c3c2c3c3c3c
       446  <<<,<<<<<<<<<<<<  3c3c3c2c3c3c3c3c3c3c3c3c3c3c3c3c
# epoch 41450  H=1.3745 C=1.3109 HO=0.0636  A(t)=2102
     20290  <<<<<<<<<<<<<<<<  3c3c3c3c3c3c3c3c3c3c3c3c3c3c3c3c
       611  ,,,,,,,,,,,,,,,,  2c2c2c2c2c2c2c2c2c2c2c2c2c2c2c2c
       519  <<<<<<<<<<<<<<<,  3c3c3c3c3c3c3c3c3c3c3c3c3c3c3c2c
       511  <<<<<<<<<<<<<<,<  3c3c3c3c3c3c3c3c3c3c3c3c3c3c2c3c
       511  ,<<<<<<<<<<<<<<<  2c3c3c3c3c3c3c3c3c3c3c3c3c3c3c3c
       502  <,<<<<<<<<<<<<<<  3c2c3c3c3c3c3c3c3c3c3c3c3c3c3c3c
       485  <<,<<<<<<<<<<<<<  3c3c2c3c3c3c3c3c3c3c3c3c3c3c3c3c
       484  <<<<<<<<<<<<<,<<  3c3c3c3c3c3c3c3c3c3c3c3c3c2c3c3c
       472  <<<,<<<<<<<<<<<<  3c3c3c2c3c3c3c3c3c3c3c3c3c3c3c3c
       459  <<<<<<<<<<<<,<<<  3c3c3c3c3c3c3c3c3c3c3c3c2c3c3c3c
# epoch 41500  H=1.2513 C=1.2286 HO=0.0227  A(t)=2104
     20226  <<<<<<<<<<<<<<<<  3c3c3c3c3c3c3c3c3c3c3c3c3c3c3c3c
       697  ,,,,,,,,,,,,,,,,  2c2c2c2c2c2c2c2c2c2c2c2c2c2c2c2c
       530  <<<<<<<<<<<<<<<,  3c3c3c3c3c3c3c3c3c3c3c3c3c3c3c2c
       527  ,<<<<<<<<<<<<<<<  2c3c3c3c3c3c3c3c3c3c3c3c3c3c3c3c
       509  <<<<<<<<<<<<<<,<  3c3c3c3c3c3c3c3c3c3c3c3c3c3c2c3c
       509  <<,<<<<<<<<<<<<<  3c3c2c3c3c3c3c3c3c3c3c3c3c3c3c3c
       504  <,<<<<<<<<<<<<<<  3c2c3c3c3c3c3c3c3c3c3c3c3c3c3c3c
       503  <<<<<<<<<<<<<,<<  3c3c3c3c3c3c3c3c3c3c3c3c3c2c3c3c
       491  <<<<<<<<<<<<,<<<  3c3c3c3c3c3c3c3c3c3c3c3c2c3c3c3c
       489  <<<<<<<<<,<<<<<<  3c3c3c3c3c3c3c3c3c2c3c3c3c3c3c3c
# epoch 41550  H=1.2499 C=1.2125 HO=0.0373  A(t)=2104
     20822  <<<<<<<<<<<<<<<<  3c3c3c3c3c3c3c3c3c3c3c3c3c3c3c3c
       847  ,,,,,,,,,,,,,,,,  2c2c2c2c2c2c2c2c2c2c2c2c2c2c2c2c
       542  <<<<<<<<<<<<<<<,  3c3c3c3c3c3c3c3c3c3c3c3c3c3c3c2c
       521  <<<<<<<<<<<<<<,<  3c3c3c3c3c3c3c3c3c3c3c3c3c3c2c3c
       511  ,<<<<<<<<<<<<<<<  2c3c3c3c3c3c3c3c3c3c3c3c3c3c3c3c
       507  <,<<<<<<<<<<<<<<  3c2c3c3c3c3c3c3c3c3c3c3c3c3c3c3c
       497  <<<<<<<<<<<<<,<<  3c3c3c3c3c3c3c3c3c3c3c3c3c2c3c3c
       492  <<,<<<<<<<<<<<<<  3c3c2c3c3c3c3c3c3c3c3c3c3c3c3c3c
       480  <<<<<<<<<<<<,<<<  3c3c3c3c3c3c3c3c3c3c3c3c2c3c3c3c
       475  <<<<<<<,<<<<<<<<  3c3c3c3c3c3c3c2c3c3c3c3c3c3c3c3c
# epoch 41600  H=1.1964 C=1.1792 HO=0.0172  A(t)=2104
     20815  <<<<<<<<<<<<<<<<  3c3c3c3c3c3c3c3c3c3c3c3c3c3c3c3c
       647  ,,,,,,,,,,,,,,,,  2c2c2c2c2c2c2c2c2c2c2c2c2c2c2c2c
       548  <<<<<<<<<<<<<<<,  3c3c3c3c3c3c3c3c3c3c3c3c3c3c3c2c
       540  ,<<<<<<<<<<<<<<<  2c3c3c3c3c3c3c3c3c3c3c3c3c3c3c3c
       523  <,<<<<<<<<<<<<<<  3c2c3c3c3c3c3c3c3c3c3c3c3c3c3c3c
       521  <<,<<<<<<<<<<<<<  3c3c2c3c3c3c3c3c3c3c3c3c3c3c3c3c
       517  <<<<<<<<<<<<<<,<  3c3c3c3c3c3c3c3c3c3c3c3c3c3c2c3c
       514  <<<<<<<<<<<<<,<<  3c3c3c3c3c3c3c3c3c3c3c3c3c2c3c3c
       499  <<<<<<<<<<<<,<<<  3c3c3c3c3c3c3c3c3c3c3c3c2c3c3c3c
       498  <<<<<<,<<<<<<<<<  3c3c3c3c3c3c2c3c3c3c3c3c3c3c3c3c
# epoch 41650  H=1.2156 C=1.1993 HO=0.0163  A(t)=2104
     20993  <<<<<<<<<<<<<<<<  3c3c3c3c3c3c3c3c3c3c3c3c3c3c3c3c
       468  <<<<<<<<<<<<<<<,  3c3c3c3c3c3c3c3c3c3c3c3c3c3c3c2c
       456  ,<<<<<<<<<<<<<<<  2c3c3c3c3c3c3c3c3c3c3c3c3c3c3c3c
       447  <<<<<<<<<<<<<<,<  3c3c3c3c3c3c3c3c3c3c3c3c3c3c2c3c
       446  <<<<<<<<<<<<<,<<  3c3c3c3c3c3c3c3c3c3c3c3c3c2c3c3c
       446  <<<<<<<<<<<<,<<<  3c3c3c3c3c3c3c3c3c3c3c3c2c3c3c3c
       446  ,,,,,,,,,,,,,,,,  2c2c2c2c2c2c2c2c2c2c2c2c2c2c2c2c
       443  <<<,<<<<<<<<<<<<  3c3c3c2c3c3c3c3c3c3c3c3c3c3c3c3c
       439  <<<<<<<<<<<,<<<<  3c3c3c3c3c3c3c3c3c3c3c2c3c3c3c3c
       439  <<,<<<<<<<<<<<<<  3c3c2c3c3c3c3c3c3c3c3c3c3c3c3c3c
# epoch 41700  H=1.2056 C=1.1334 HO=0.0722  A(t)=2104
     21555  <<<<<<<<<<<<<<<<  3c3c3c3c3c3c3c3c3c3c3c3c3c3c3c3c
      1052  ,,,,,,,,,,,,,,,,  2c2c2c2c2c2c2c2c2c2c2c2c2c2c2c2c
       486  <<<<<<<<<<<<<<,<  3c3c3c3c3c3c3c3c3c3c3c3c3c3c2c3c
       485  <<<<<<<<<<<<<<<,  3c3c3c3c3c3c3c3c3c3c3c3c3c3c3c2c
       485  <<<<<<<,<<<<<<<<  3c3c3c3c3c3c3c2c3c3c3c3c3c3c3c3c
       480  <<<<<<<<<<<<<,<<  3c3c3c3c3c3c3c3c3c3c3c3c3c2c3c3c
       477  <<<<<<<<,<<<<<<<  3c3c3c3c3c3c3c3c2c3c3c3c3c3c3c3c
       476  <<<<<<<<<,<<<<<<  3c3c3c3c3c3c3c3c3c2c3c3c3c3c3c3c
       471  <<<<<<,<<<<<<<<<  3c3c3c3c3c3c2c3c3c3c3c3c3c3c3c3c
       469  <<<<<<<<<<<<,<<<  3c3c3c3c3c3c3c3c3c3c3c3c2c3c3c3c
# epoch 41750  H=1.1802 C=1.1615 HO=0.0187  A(t)=2104
     20969  <<<<<<<<<<<<<<<<  3c3c3c3c3c3c3c3c3c3c3c3c3c3c3c3c
       552  ,,,,,,,,,,,,,,,,  2c2c2c2c2c2c2c2c2c2c2c2c2c2c2c2c
       525  <<<<<<<<<<<<<<<,  3c3c3c3c3c3c3c3c3c3c3c3c3c3c3c2c
       497  ,<<<<<<<<<<<<<<<  2c3c3c3c3c3c3c3c3c3c3c3c3c3c3c3c
       496  <<<<<<<<<<<<<<,<  3c3c3c3c3c3c3c3c3c3c3c3c3c3c2c3c
       495  <<<<<<<<<<<<,<<<  3c3c3c3c3c3c3c3c3c3c3c3c2c3c3c3c
       493  <<<<<<<<<<<<<,<<  3c3c3c3c3c3c3c3c3c3c3c3c3c2c3c3c
       486  <<<<<<<<<,<<<<<<  3c3c3c3c3c3c3c3c3c2c3c3c3c3c3c3c
       486  <<<<,<<<<<<<<<<<  3c3c3c3c2c3c3c3c3c3c3c3c3c3c3c3c
       483  <<<<<<<<,<<<<<<<  3c3c3c3c3c3c3c3c2c3c3c3c3c3c3c3c
# epoch 41800  H=1.2274 C=1.1969 HO=0.0305  A(t)=2108
     19321  <<<<<<<<<<<<<<<<  3c3c3c3c3c3c3c3c3c3c3c3c3c3c3c3c
       916  ,,,,,,,,,,,,,,,,  2c2c2c2c2c2c2c2c2c2c2c2c2c2c2c2c
       491  <<<<<<<<<<<<<<<,  3c3c3c3c3c3c3c3c3c3c3c3c3c3c3c2c
       474  <<<<<<<<<<<<<<,<  3c3c3c3c3c3c3c3c3c3c3c3c3c3c2c3c
       463  ,<<<<<<<<<<<<<<<  2c3c3c3c3c3c3c3c3c3c3c3c3c3c3c3c
       459  <<<<<<<<<<<<<,<<  3c3c3c3c3c3c3c3c3c3c3c3c3c2c3c3c
       456  <<<<<<<<<<,<<<<<  3c3c3c3c3c3c3c3c3c3c2c3c3c3c3c3c
       449  <<,<<<<<<<<<<<<<  3c3c2c3c3c3c3c3c3c3c3c3c3c3c3c3c
       449  <,<<<<<<<<<<<<<<  3c2c3c3c3c3c3c3c3c3c3c3c3c3c3c3c
       448  <<<<<<<<<<<<,<<<  3c3c3c3c3c3c3c3c3c3c3c3c2c3c3c3c
# epoch 41850  H=1.1875 C=1.1683 HO=0.0192  A(t)=2108
     21265  <<<<<<<<<<<<<<<<  3c3c3c3c3c3c3c3c3c3c3c3c3c3c3c3c
       706  ,,,,,,,,,,,,,,,,  2c2c2c2c2c2c2c2c2c2c2c2c2c2c2c2c
       498  <<<<<<<<<<<<<<<,  3c3c3c3c3c3c3c3c3c3c3c3c3c3c3c2c
       484  <<<<<<<<<<<<<<,<  3c3c3c3c3c3c3c3c3c3c3c3c3c3c2c3c
       476  <<<<<<<<<<<<<,<<  3c3c3c3c3c3c3c3c3c3c3c3c3c2c3c3c
       472  ,<<<<<<<<<<<<<<<  2c3c3c3c3c3c3c3c3c3c3c3c3c3c3c3c
       469  <<<<<<<<<<<,<<<<  3c3c3c3c3c3c3c3c3c3c3c2c3c3c3c3c
       469  <<<<<<<<<,<<<<<<  3c3c3c3c3c3c3c3c3c2c3c3c3c3c3c3c
       467  <<<<<<,<<<<<<<<<  3c3c3c3c3c3c2c3c3c3c3c3c3c3c3c3c
       466  <<<<<<<<<<,<<<<<  3c3c3c3c3c3c3c3c3c3c2c3c3c3c3c3c
# epoch 41900  H=1.1898 C=1.1805 HO=0.0093  A(t)=2108
     20232  <<<<<<<<<<<<<<<<  3c3c3c3c3c3c3c3c3c3c3c3c3c3c3c3c
       531  <<<<<<<,<<<<<<<<  3c3c3c3c3c3c3c2c3c3c3c3c3c3c3c3c
       530  <<<<<,<<<<<<<<<<  3c3c3c3c3c2c3c3c3c3c3c3c3c3c3c3c
       527  <<<<<<,<<<<<<<<<  3c3c3c3c3c3c2c3c3c3c3c3c3c3c3c3c
       526  <<<<<<<<,<<<<<<<  3c3c3c3c3c3c3c3c2c3c3c3c3c3c3c3c
       522  <<<<<<<<<<,<<<<<  3c3c3c3c3c3c3c3c3c3c2c3c3c3c3c3c
       521  <<<<,<<<<<<<<<<<  3c3c3c3c2c3c3c3c3c3c3c3c3c3c3c3c
       520  <<<<<<<<<<<<,<<<  3c3c3c3c3c3c3c3c3c3c3c3c2c3c3c3c
       519  <<<,<<<<<<<<<<<<  3c3c3c2c3c3c3c3c3c3c3c3c3c3c3c3c
       517  <<<<<<<<<<<,<<<<  3c3c3c3c3c3c3c3c3c3c3c2c3c3c3c3c
# epoch 41950  H=1.2330 C=1.1863 HO=0.0467  A(t)=2108
     20104  <<<<<<<<<<<<<<<<  3c3c3c3c3c3c3c3c3c3c3c3c3c3c3c3c
       541  <<<<<<<<<<<<<<<,  3c3c3c3c3c3c3c3c3c3c3c3c3c3c3c2c
       527  ,<<<<<<<<<<<<<<<  2c3c3c3c3c3c3c3c3c3c3c3c3c3c3c3c
       523  <<<<<<<<<<<<<<,<  3c3c3c3c3c3c3c3c3c3c3c3c3c3c2c3c
       505  <,<<<<<<<<<<<<<<  3c2c3c3c3c3c3c3c3c3c3c3c3c3c3c3c
       500  <<,<<<<<<<<<<<<<  3c3c2c3c3c3c3c3c3c3c3c3c3c3c3c3c
       498  <<<<<<<<<<<<<,<<  3c3c3c3c3c3c3c3c3c3c3c3c3c2c3c3c
       497  <<<<,<<<<<<<<<<<  3c3c3c3c2c3c3c3c3c3c3c3c3c3c3c3c
       496  <<<,<<<<<<<<<<<<  3c3c3c2c3c3c3c3c3c3c3c3c3c3c3c3c
       491  <<<<<<,<<<<<<<<<  3c3c3c3c3c3c2c3c3c3c3c3c3c3c3c3c
# epoch 42000  H=1.3316 C=1.2419 HO=0.0896  A(t)=2108
     19322  <<<<<<<<<<<<<<<<  3c3c3c3c3c3c3c3c3c3c3c3c3c3c3c3c
       929  ,,,,,,,,,,,,,,,,  2c2c2c2c2c2c2c2c2c2c2c2c2c2c2c2c
       476  <<<<<<<<<<<<<<<,  3c3c3c3c3c3c3c3c3c3c3c3c3c3c3c2c
       460  ,<<<<<<<<<<<<<<<  2c3c3c3c3c3c3c3c3c3c3c3c3c3c3c3c
       445  <<<<<<<<<<<<<<,<  3c3c3c3c3c3c3c3c3c3c3c3c3c3c2c3c
       437  <,<<<<<<<<<<<<<<  3c2c3c3c3c3c3c3c3c3c3c3c3c3c3c3c
       435  <<<<<<,<<<<<<<<<  3c3c3c3c3c3c2c3c3c3c3c3c3c3c3c3c
       434  <<<<<,<<<<<<<<<<  3c3c3c3c3c2c3c3c3c3c3c3c3c3c3c3c
       430  <<<<,<<<<<<<<<<<  3c3c3c3c2c3c3c3c3c3c3c3c3c3c3c3c
       419  <<,<<<<<<<<<<<<<  3c3c2c3c3c3c3c3c3c3c3c3c3c3c3c3c
# epoch 42050  H=1.2809 C=1.2252 HO=0.0557  A(t)=2108
     21725  <<<<<<<<<<<<<<<<  3c3c3c3c3c3c3c3c3c3c3c3c3c3c3c3c
       578  ,,,,,,,,,,,,,,,,  2c2c2c2c2c2c2c2c2c2c2c2c2c2c2c2c
       524  <<<<<<<<<<<<<<<,  3c3c3c3c3c3c3c3c3c3c3c3c3c3c3c2c
       504  <<<<<<<<<<<<<<,<  3c3c3c3c3c3c3c3c3c3c3c3c3c3c2c3c
       501  ,<<<<<<<<<<<<<<<  2c3c3c3c3c3c3c3c3c3c3c3c3c3c3c3c
       493  <<<<<<<<<<<<<,<<  3c3c3c3c3c3c3c3c3c3c3c3c3c2c3c3c
       484  <<<<<<<<<<<<,<<<  3c3c3c3c3c3c3c3c3c3c3c3c2c3c3c3c
       483  <,<<<<<<<<<<<<<<  3c2c3c3c3c3c3c3c3c3c3c3c3c3c3c3c
       480  <<,<<<<<<<<<<<<<  3c3c2c3c3c3c3c3c3c3c3c3c3c3c3c3c
       473  <<<<<<<<<<<,<<<<  3c3c3c3c3c3c3c3c3c3c3c2c3c3c3c3c
# epoch 42100  H=1.3808 C=1.2942 HO=0.0866  A(t)=2110
     20190  <<<<<<<<<<<<<<<<  3c3c3c3c3c3c3c3c3c3c3c3c3c3c3c3c
       780  ,,,,,,,,,,,,,,,,  2c2c2c2c2c2c2c2c2c2c2c2c2c2c2c2c
       546  <<<<<<<<<<<<<<<,  3c3c3c3c3c3c3c3c3c3c3c3c3c3c3c2c
       543  <<<<<<<<<<<<<<,<  3c3c3c3c3c3c3c3c3c3c3c3c3c3c2c3c
       531  <<<<<<<<<<<<<,<<  3c3c3c3c3c3c3c3c3c3c3c3c3c2c3c3c
       531  ,<<<<<<<<<<<<<<<  2c3c3c3c3c3c3c3c3c3c3c3c3c3c3c3c
       530  <<<<<<<<<<<,<<<<  3c3c3c3c3c3c3c3c3c3c3c2c3c3c3c3c
       527  <<<<<<<<<<<<,<<<  3c3c3c3c3c3c3c3c3c3c3c3c2c3c3c3c
       525  <,<<<<<<<<<<<<<<  3c2c3c3c3c3c3c3c3c3c3c3c3c3c3c3c
       522  <<<<,<<<<<<<<<<<  3c3c3c3c2c3c3c3c3c3c3c3c3c3c3c3c
# epoch 42150  H=1.4184 C=1.3578 HO=0.0606  A(t)=2111
     19347  <<<<<<<<<<<<<<<<  3c3c3c3c3c3c3c3c3c3c3c3c3c3c3c3c
       643  ,,,,,,,,,,,,,,,,  2c2c2c2c2c2c2c2c2c2c2c2c2c2c2c2c
       549  <<<<<<<<<<<<<<<,  3c3c3c3c3c3c3c3c3c3c3c3c3c3c3c2c
       530  <<<<<<<<<<<<<<,<  3c3c3c3c3c3c3c3c3c3c3c3c3c3c2c3c
       520  ,<<<<<<<<<<<<<<<  2c3c3c3c3c3c3c3c3c3c3c3c3c3c3c3c
       503  <,<<<<<<<<<<<<<<  3c2c3c3c3c3c3c3c3c3c3c3c3c3c3c3c
       493  <<<<<<<<<<<<<,<<  3c3c3c3c3c3c3c3c3c3c3c3c3c2c3c3c
       493  <<,<<<<<<<<<<<<<  3c3c2c3c3c3c3c3c3c3c3c3c3c3c3c3c
       484  <<<<<<<,<<<<<<<<  3c3c3c3c3c3c3c2c3c3c3c3c3c3c3c3c
       481  <<<<,<<<<<<<<<<<  3c3c3c3c2c3c3c3c3c3c3c3c3c3c3c3c
# epoch 42200  H=1.4753 C=1.3956 HO=0.0796  A(t)=2111
     19871  <<<<<<<<<<<<<<<<  3c3c3c3c3c3c3c3c3c3c3c3c3c3c3c3c
       585  ,,,,,,,,,,,,,,,,  2c2c2c2c2c2c2c2c2c2c2c2c2c2c2c2c
       485  <<<<<<<<<<<<<<<,  3c3c3c3c3c3c3c3c3c3c3c3c3c3c3c2c
       472  <<<<<<<<<<<<<<,<  3c3c3c3c3c3c3c3c3c3c3c3c3c3c2c3c
       470  ,<<<<<<<<<<<<<<<  2c3c3c3c3c3c3c3c3c3c3c3c3c3c3c3c
       469  <<<<<<<<<<<<<,<<  3c3c3c3c3c3c3c3c3c3c3c3c3c2c3c3c
       468  <<<<,<<<<<<<<<<<  3c3c3c3c2c3c3c3c3c3c3c3c3c3c3c3c
       465  <<<<<<,<<<<<<<<<  3c3c3c3c3c3c2c3c3c3c3c3c3c3c3c3c
       464  <<<<<,<<<<<<<<<<  3c3c3c3c3c2c3c3c3c3c3c3c3c3c3c3c
       464  <<,<<<<<<<<<<<<<  3c3c2c3c3c3c3c3c3c3c3c3c3c3c3c3c
# epoch 42250  H=1.3657 C=1.3197 HO=0.0460  A(t)=2111
     19989  <<<<<<<<<<<<<<<<  3c3c3c3c3c3c3c3c3c3c3c3c3c3c3c3c
       595  ,,,,,,,,,,,,,,,,  2c2c2c2c2c2c2c2c2c2c2c2c2c2c2c2c
       504  <<<<<<<<<<<<<<<,  3c3c3c3c3c3c3c3c3c3c3c3c3c3c3c2c
       489  <<<<<<<<<<<<<<,<  3c3c3c3c3c3c3c3c3c3c3c3c3c3c2c3c
       489  ,<<<<<<<<<<<<<<<  2c3c3c3c3c3c3c3c3c3c3c3c3c3c3c3c
       475  <<<<<<<<<<<<<,<<  3c3c3c3c3c3c3c3c3c3c3c3c3c2c3c3c
       474  <,<<<<<<<<<<<<<<  3c2c3c3c3c3c3c3c3c3c3c3c3c3c3c3c
       467  <<<<<<<<<<<<,<<<  3c3c3c3c3c3c3c3c3c3c3c3c2c3c3c3c
       464  <<<<<<<<<<,<<<<<  3c3c3c3c3c3c3c3c3c3c2c3c3c3c3c3c
       462  <<<<<<<<<<<,<<<<  3c3c3c3c3c3c3c3c3c3c3c2c3c3c3c3c
# epoch 42300  H=1.4401 C=1.3685 HO=0.0716  A(t)=2111
     18626  <<<<<<<<<<<<<<<<  3c3c3c3c3c3c3c3c3c3c3c3c3c3c3c3c
       646  ,,,,,,,,,,,,,,,,  2c2c2c2c2c2c2c2c2c2c2c2c2c2c2c2c
       462  <<<<<<<<<<<<<<<,  3c3c3c3c3c3c3c3c3c3c3c3c3c3c3c2c
       449  ,<<<<<<<<<<<<<<<  2c3c3c3c3c3c3c3c3c3c3c3c3c3c3c3c
       448  <<<<<<,<<<<<<<<<  3c3c3c3c3c3c2c3c3c3c3c3c3c3c3c3c
       448  <<,<<<<<<<<<<<<<  3c3c2c3c3c3c3c3c3c3c3c3c3c3c3c3c
       444  <<<<<<<<<<<<<<,<  3c3c3c3c3c3c3c3c3c3c3c3c3c3c2c3c
       444  <,<<<<<<<<<<<<<<  3c2c3c3c3c3c3c3c3c3c3c3c3c3c3c3c
       443  <<<<,<<<<<<<<<<<  3c3c3c3c2c3c3c3c3c3c3c3c3c3c3c3c
       443  <<<,<<<<<<<<<<<<  3c3c3c2c3c3c3c3c3c3c3c3c3c3c3c3c
# epoch 42350  H=1.3063 C=1.2614 HO=0.0450  A(t)=2112
     20368  <<<<<<<<<<<<<<<<  3c3c3c3c3c3c3c3c3c3c3c3c3c3c3c3c
       659  ,,,,,,,,,,,,,,,,  2c2c2c2c2c2c2c2c2c2c2c2c2c2c2c2c
       494  <<<<<<<<<<<<<<<,  3c3c3c3c3c3c3c3c3c3c3c3c3c3c3c2c
       485  ,<<<<<<<<<<<<<<<  2c3c3c3c3c3c3c3c3c3c3c3c3c3c3c3c
       469  <,<<<<<<<<<<<<<<  3c2c3c3c3c3c3c3c3c3c3c3c3c3c3c3c
       467  <<<<<<<<<<<<<<,<  3c3c3c3c3c3c3c3c3c3c3c3c3c3c2c3c
       464  <<,<<<<<<<<<<<<<  3c3c2c3c3c3c3c3c3c3c3c3c3c3c3c3c
       458  <<<<<<<<<<<<<,<<  3c3c3c3c3c3c3c3c3c3c3c3c3c2c3c3c
       450  <<<<<<<,<<<<<<<<  3c3c3c3c3c3c3c2c3c3c3c3c3c3c3c3c
       450  <<<,<<<<<<<<<<<<  3c3c3c2c3c3c3c3c3c3c3c3c3c3c3c3c
# epoch 42400  H=1.2203 C=1.2020 HO=0.0183  A(t)=2112
     20941  <<<<<<<<<<<<<<<<  3c3c3c3c3c3c3c3c3c3c3c3c3c3c3c3c
       492  <<<<<<<<<<<<<<<,  3c3c3c3c3c3c3c3c3c3c3c3c3c3c3c2c
       481  <<<<<<<<<<<<<<,<  3c3c3c3c3c3c3c3c3c3c3c3c3c3c2c3c
       480  ,<<<<<<<<<<<<<<<  2c3c3c3c3c3c3c3c3c3c3c3c3c3c3c3c
       475  <,<<<<<<<<<<<<<<  3c2c3c3c3c3c3c3c3c3c3c3c3c3c3c3c
       468  <<,<<<<<<<<<<<<<  3c3c2c3c3c3c3c3c3c3c3c3c3c3c3c3c
       466  <<<,<<<<<<<<<<<<  3c3c3c2c3c3c3c3c3c3c3c3c3c3c3c3c
       465  <<<<<<<<<<<<<,<<  3c3c3c3c3c3c3c3c3c3c3c3c3c2c3c3c
       452  <<<<<<<<<<<<,<<<  3c3c3c3c3c3c3c3c3c3c3c3c2c3c3c3c
       450  <<<<<<<<<<<,<<<<  3c3c3c3c3c3c3c3c3c3c3c2c3c3c3c3c
# epoch 42450  H=1.1792 C=1.1592 HO=0.0200  A(t)=2112
     21450  <<<<<<<<<<<<<<<<  3c3c3c3c3c3c3c3c3c3c3c3c3c3c3c3c
       646  ,,,,,,,,,,,,,,,,  2c2c2c2c2c2c2c2c2c2c2c2c2c2c2c2c
       553  <<<<<<<<<<<<<<<,  3c3c3c3c3c3c3c3c3c3c3c3c3c3c3c2c
       540  ,<<<<<<<<<<<<<<<  2c3c3c3c3c3c3c3c3c3c3c3c3c3c3c3c
       517  <,<<<<<<<<<<<<<<  3c2c3c3c3c3c3c3c3c3c3c3c3c3c3c3c
       513  <<<<<<<<<<<<<<,<  3c3c3c3c3c3c3c3c3c3c3c3c3c3c2c3c
       511  <<,<<<<<<<<<<<<<  3c3c2c3c3c3c3c3c3c3c3c3c3c3c3c3c
       503  <<<<<<<<<<<<<,<<  3c3c3c3c3c3c3c3c3c3c3c3c3c2c3c3c
       498  <<<,<<<<<<<<<<<<  3c3c3c2c3c3c3c3c3c3c3c3c3c3c3c3c
       497  <<<<<<<<<<,<<<<<  3c3c3c3c3c3c3c3c3c3c2c3c3c3c3c3c
# epoch 42500  H=1.1812 C=1.1458 HO=0.0354  A(t)=2112
     22732  <<<<<<<<<<<<<<<<  3c3c3c3c3c3c3c3c3c3c3c3c3c3c3c3c
       493  <<<<<<<<<<<<<<<,  3c3c3c3c3c3c3c3c3c3c3c3c3c3c3c2c
       484  ,<<<<<<<<<<<<<<<  2c3c3c3c3c3c3c3c3c3c3c3c3c3c3c3c
       480  <<<<<<<,<<<<<<<<  3c3c3c3c3c3c3c2c3c3c3c3c3c3c3c3c
       478  <<<<<<,<<<<<<<<<  3c3c3c3c3c3c2c3c3c3c3c3c3c3c3c3c
       478  <<<<<,<<<<<<<<<<  3c3c3c3c3c2c3c3c3c3c3c3c3c3c3c3c
       477  <<<<<<<<<<<<<<,<  3c3c3c3c3c3c3c3c3c3c3c3c3c3c2c3c
       477  <<<,<<<<<<<<<<<<  3c3c3c2c3c3c3c3c3c3c3c3c3c3c3c3c
       473  <<,<<<<<<<<<<<<<  3c3c2c3c3c3c3c3c3c3c3c3c3c3c3c3c
       471  <<<<,<<<<<<<<<<<  3c3c3c3c2c3c3c3c3c3c3c3c3c3c3c3c
# epoch 42550  H=1.2757 C=1.2013 HO=0.0744  A(t)=2112
     21787  <<<<<<<<<<<<<<<<  3c3c3c3c3c3c3c3c3c3c3c3c3c3c3c3c
       939  ,,,,,,,,,,,,,,,,  2c2c2c2c2c2c2c2c2c2c2c2c2c2c2c2c
       464  <<<<<<<<<<<<<<<,  3c3c3c3c3c3c3c3c3c3c3c3c3c3c3c2c
       453  <<<<<<<<<<<<<<,<  3c3c3c3c3c3c3c3c3c3c3c3c3c3c2c3c
       449  <,<<<<<<<<<<<<<<  3c2c3c3c3c3c3c3c3c3c3c3c3c3c3c3c
       441  <<,<<<<<<<<<<<<<  3c3c2c3c3c3c3c3c3c3c3c3c3c3c3c3c
       440  ,<<<<<<<<<<<<<<<  2c3c3c3c3c3c3c3c3c3c3c3c3c3c3c3c
       434  <<<<,<<<<<<<<<<<  3c3c3c3c2c3c3c3c3c3c3c3c3c3c3c3c
       432  <<<<<<<<<<<<<,<<  3c3c3c3c3c3c3c3c3c3c3c3c3c2c3c3c
       432  <<<,<<<<<<<<<<<<  3c3c3c2c3c3c3c3c3c3c3c3c3c3c3c3c
# epoch 42600  H=1.2653 C=1.1820 HO=0.0833  A(t)=2112
     21572  <<<<<<<<<<<<<<<<  3c3c3c3c3c3c3c3c3c3c3c3c3c3c3c3c
       814  ,,,,,,,,,,,,,,,,  2c2c2c2c2c2c2c2c2c2c2c2c2c2c2c2c
       485  <<<<<<<<<<<<<<<,  3c3c3c3c3c3c3c3c3c3c3c3c3c3c3c2c
       483  ,<<<<<<<<<<<<<<<  2c3c3c3c3c3c3c3c3c3c3c3c3c3c3c3c
       461  <<,<<<<<<<<<<<<<  3c3c2c3c3c3c3c3c3c3c3c3c3c3c3c3c
       459  <<<<<<<<<<<<<<,<  3c3c3c3c3c3c3c3c3c3c3c3c3c3c2c3c
       457  <,<<<<<<<<<<<<<<  3c2c3c3c3c3c3c3c3c3c3c3c3c3c3c3c
       456  <<<<,<<<<<<<<<<<  3c3c3c3c2c3c3c3c3c3c3c3c3c3c3c3c
       452  <<<<<,<<<<<<<<<<  3c3c3c3c3c2c3c3c3c3c3c3c3c3c3c3c
       449  <<<,<<<<<<<<<<<<  3c3c3c2c3c3c3c3c3c3c3c3c3c3c3c3c
# epoch 42650  H=1.2141 C=1.1641 HO=0.0500  A(t)=2113
     21492  <<<<<<<<<<<<<<<<  3c3c3c3c3c3c3c3c3c3c3c3c3c3c3c3c
       532  ,<<<<<<<<<<<<<<<  2c3c3c3c3c3c3c3c3c3c3c3c3c3c3c3c
       528  <<<<<<<<<<<<<<<,  3c3c3c3c3c3c3c3c3c3c3c3c3c3c3c2c
       516  <<,<<<<<<<<<<<<<  3c3c2c3c3c3c3c3c3c3c3c3c3c3c3c3c
       513  <<<<<<<<<<<<<<,<  3c3c3c3c3c3c3c3c3c3c3c3c3c3c2c3c
       510  <,<<<<<<<<<<<<<<  3c2c3c3c3c3c3c3c3c3c3c3c3c3c3c3c
       505  <<<<<<<<<<<<<,<<  3c3c3c3c3c3c3c3c3c3c3c3c3c2c3c3c
       500  <<<,<<<<<<<<<<<<  3c3c3c2c3c3c3c3c3c3c3c3c3c3c3c3c
       490  <<<<<<<<<<<<,<<<  3c3c3c3c3c3c3c3c3c3c3c3c2c3c3c3c
       488  <<<<,<<<<<<<<<<<  3c3c3c3c2c3c3c3c3c3c3c3c3c3c3c3c
# epoch 42700  H=1.1675 C=1.1074 HO=0.0601  A(t)=2113
     21674  <<<<<<<<<<<<<<<<  3c3c3c3c3c3c3c3c3c3c3c3c3c3c3c3c
       627  ,,,,,,,,,,,,,,,,  2c2c2c2c2c2c2c2c2c2c2c2c2c2c2c2c
       601  ,<<<<<<<<<<<<<<<  2c3c3c3c3c3c3c3c3c3c3c3c3c3c3c3c
       595  <<<<<<<<<<<<<<<,  3c3c3c3c3c3c3c3c3c3c3c3c3c3c3c2c
       567  <,<<<<<<<<<<<<<<  3c2c3c3c3c3c3c3c3c3c3c3c3c3c3c3c
       558  <<<<<<<<<<<<<<,<  3c3c3c3c3c3c3c3c3c3c3c3c3c3c2c3c
       556  <<,<<<<<<<<<<<<<  3c3c2c3c3c3c3c3c3c3c3c3c3c3c3c3c
       554  <<<<<<<<<<<<<,<<  3c3c3c3c3c3c3c3c3c3c3c3c3c2c3c3c
       538  <<<<,<<<<<<<<<<<  3c3c3c3c2c3c3c3c3c3c3c3c3c3c3c3c
       533  <<<,<<<<<<<<<<<<  3c3c3c2c3c3c3c3c3c3c3c3c3c3c3c3c
# epoch 42750  H=1.2924 C=1.2267 HO=0.0657  A(t)=2113
     21073  <<<<<<<<<<<<<<<<  3c3c3c3c3c3c3c3c3c3c3c3c3c3c3c3c
       717  ,,,,,,,,,,,,,,,,  2c2c2c2c2c2c2c2c2c2c2c2c2c2c2c2c
       480  <<<<<<<<<<<<<<<,  3c3c3c3c3c3c3c3c3c3c3c3c3c3c3c2c
       476  ,<<<<<<<<<<<<<<<  2c3c3c3c3c3c3c3c3c3c3c3c3c3c3c3c
       457  <<<<<,<<<<<<<<<<  3c3c3c3c3c2c3c3c3c3c3c3c3c3c3c3c
       455  <<<<<<<<<,<<<<<<  3c3c3c3c3c3c3c3c3c2c3c3c3c3c3c3c
       454  <<<<<<<<<<,<<<<<  3c3c3c3c3c3c3c3c3c3c2c3c3c3c3c3c
       454  <<<<<<,<<<<<<<<<  3c3c3c3c3c3c2c3c3c3c3c3c3c3c3c3c
       452  <<<<,<<<<<<<<<<<  3c3c3c3c2c3c3c3c3c3c3c3c3c3c3c3c
       451  <,<<<<<<<<<<<<<<  3c2c3c3c3c3c3c3c3c3c3c3c3c3c3c3c
# epoch 42800  H=1.3738 C=1.2820 HO=0.0918  A(t)=2113
     20448  <<<<<<<<<<<<<<<<  3c3c3c3c3c3c3c3c3c3c3c3c3c3c3c3c
       846  ,,,,,,,,,,,,,,,,  2c2c2c2c2c2c2c2c2c2c2c2c2c2c2c2c
       449  <<<<<<<<<<<<<<<,  3c3c3c3c3c3c3c3c3c3c3c3c3c3c3c2c
       438  ,<<<<<<<<<<<<<<<  2c3c3c3c3c3c3c3c3c3c3c3c3c3c3c3c
       433  <<<<<<<,<<<<<<<<  3c3c3c3c3c3c3c2c3c3c3c3c3c3c3c3c
       430  <<<<<<<<<<<<<<,<  3c3c3c3c3c3c3c3c3c3c3c3c3c3c2c3c
       429  <<<<<<<<,<<<<<<<  3c3c3c3c3c3c3c3c2c3c3c3c3c3c3c3c
       427  <<<<<<,<<<<<<<<<  3c3c3c3c3c3c2c3c3c3c3c3c3c3c3c3c
       424  <<<<<<<<<<<<<,<<  3c3c3c3c3c3c3c3c3c3c3c3c3c2c3c3c
       422  <<<<<<<<<<<,<<<<  3c3c3c3c3c3c3c3c3c3c3c2c3c3c3c3c
# epoch 42850  H=1.3943 C=1.3641 HO=0.0302  A(t)=2117
     19628  <<<<<<<<<<<<<<<<  3c3c3c3c3c3c3c3c3c3c3c3c3c3c3c3c
       511  <<<<<<<<<<<<<<<,  3c3c3c3c3c3c3c3c3c3c3c3c3c3c3c2c
       488  <<<<<<<<<<<<<<,<  3c3c3c3c3c3c3c3c3c3c3c3c3c3c2c3c
       477  <<<<<<<<,<<<<<<<  3c3c3c3c3c3c3c3c2c3c3c3c3c3c3c3c
       476  ,<<<<<<<<<<<<<<<  2c3c3c3c3c3c3c3c3c3c3c3c3c3c3c3c
       474  <<<<<<<<<,<<<<<<  3c3c3c3c3c3c3c3c3c2c3c3c3c3c3c3c
       472  <<<<<<,<<<<<<<<<  3c3c3c3c3c3c2c3c3c3c3c3c3c3c3c3c
       470  <<<<<<<<<<,<<<<<  3c3c3c3c3c3c3c3c3c3c2c3c3c3c3c3c
       470  <<<<<,<<<<<<<<<<  3c3c3c3c3c2c3c3c3c3c3c3c3c3c3c3c
       467  <<<<<<<,<<<<<<<<  3c3c3c3c3c3c3c2c3c3c3c3c3c3c3c3c
# epoch 42900  H=1.3245 C=1.2750 HO=0.0494  A(t)=2118
     20900  <<<<<<<<<<<<<<<<  3c3c3c3c3c3c3c3c3c3c3c3c3c3c3c3c
       561  ,,,,,,,,,,,,,,,,  2c2c2c2c2c2c2c2c2c2c2c2c2c2c2c2c
       488  <<<<<<<<<<<<<<<,  3c3c3c3c3c3c3c3c3c3c3c3c3c3c3c2c
       474  <<<<<<<<<<<<<<,<  3c3c3c3c3c3c3c3c3c3c3c3c3c3c2c3c
       456  <<<<<<<<<<<<<,<<  3c3c3c3c3c3c3c3c3c3c3c3c3c2c3c3c
       454  <,<<<<<<<<<<<<<<  3c2c3c3c3c3c3c3c3c3c3c3c3c3c3c3c
       453  ,<<<<<<<<<<<<<<<  2c3c3c3c3c3c3c3c3c3c3c3c3c3c3c3c
       447  <<<<<<<<<<,<<<<<  3c3c3c3c3c3c3c3c3c3c2c3c3c3c3c3c
       445  <<<<<<<<<<<<,<<<  3c3c3c3c3c3c3c3c3c3c3c3c2c3c3c3c
       444  <<<<<<<,<<<<<<<<  3c3c3c3c3c3c3c2c3c3c3c3c3c3c3c3c
# epoch 42950  H=1.3735 C=1.3116 HO=0.0619  A(t)=2118
     19604  <<<<<<<<<<<<<<<<  3c3c3c3c3c3c3c3c3c3c3c3c3c3c3c3c
       818  ,,,,,,,,,,,,,,,,  2c2c2c2c2c2c2c2c2c2c2c2c2c2c2c2c
       495  ,<<<<<<<<<<<<<<<  2c3c3c3c3c3c3c3c3c3c3c3c3c3c3c3c
       482  <,<<<<<<<<<<<<<<  3c2c3c3c3c3c3c3c3c3c3c3c3c3c3c3c
       480  <<<<<<<<<<<<<<<,  3c3c3c3c3c3c3c3c3c3c3c3c3c3c3c2c
       473  <<,<<<<<<<<<<<<<  3c3c2c3c3c3c3c3c3c3c3c3c3c3c3c3c
       461  <<<<<<<<<<<<<<,<  3c3c3c3c3c3c3c3c3c3c3c3c3c3c2c3c
       448  <<<<<<<<<<<<<,<<  3c3c3c3c3c3c3c3c3c3c3c3c3c2c3c3c
       448  <<<,<<<<<<<<<<<<  3c3c3c2c3c3c3c3c3c3c3c3c3c3c3c3c
       445  <<<<<<,<<<<<<<<<  3c3c3c3c3c3c2c3c3c3c3c3c3c3c3c3c
# epoch 43000  H=1.3675 C=1.2865 HO=0.0810  A(t)=2118
     20300  <<<<<<<<<<<<<<<<  3c3c3c3c3c3c3c3c3c3c3c3c3c3c3c3c
       812  ,,,,,,,,,,,,,,,,  2c2c2c2c2c2c2c2c2c2c2c2c2c2c2c2c
       476  ,<<<<<<<<<<<<<<<  2c3c3c3c3c3c3c3c3c3c3c3c3c3c3c3c
       475  <<<<<<<<<<<<<<<,  3c3c3c3c3c3c3c3c3c3c3c3c3c3c3c2c
       468  <,<<<<<<<<<<<<<<  3c2c3c3c3c3c3c3c3c3c3c3c3c3c3c3c
       466  <<,<<<<<<<<<<<<<  3c3c2c3c3c3c3c3c3c3c3c3c3c3c3c3c
       464  <<<<<,<<<<<<<<<<  3c3c3c3c3c2c3c3c3c3c3c3c3c3c3c3c
       461  <<<<<<,<<<<<<<<<  3c3c3c3c3c3c2c3c3c3c3c3c3c3c3c3c
       459  <<<<,<<<<<<<<<<<  3c3c3c3c2c3c3c3c3c3c3c3c3c3c3c3c
       459  <<<,<<<<<<<<<<<<  3c3c3c2c3c3c3c3c3c3c3c3c3c3c3c3c
# epoch 43050  H=1.4079 C=1.3145 HO=0.0934  A(t)=2118
     20206  <<<<<<<<<<<<<<<<  3c3c3c3c3c3c3c3c3c3c3c3c3c3c3c3c
      1028  ,,,,,,,,,,,,,,,,  2c2c2c2c2c2c2c2c2c2c2c2c2c2c2c2c
       500  <<<<<<<<<<<<<<<,  3c3c3c3c3c3c3c3c3c3c3c3c3c3c3c2c
       479  ,<<<<<<<<<<<<<<<  2c3c3c3c3c3c3c3c3c3c3c3c3c3c3c3c
       466  <<<<<<<<<<<<<<,<  3c3c3c3c3c3c3c3c3c3c3c3c3c3c2c3c
       460  <,<<<<<<<<<<<<<<  3c2c3c3c3c3c3c3c3c3c3c3c3c3c3c3c
       453  <<,<<<<<<<<<<<<<  3c3c2c3c3c3c3c3c3c3c3c3c3c3c3c3c
       452  <<<<<<<<<<<<<,<<  3c3c3c3c3c3c3c3c3c3c3c3c3c2c3c3c
       452  <<<,<<<<<<<<<<<<  3c3c3c2c3c3c3c3c3c3c3c3c3c3c3c3c
       446  <<<<<,<<<<<<<<<<  3c3c3c3c3c2c3c3c3c3c3c3c3c3c3c3c
# epoch 43100  H=1.3609 C=1.3120 HO=0.0489  A(t)=2118
     21229  <<<<<<<<<<<<<<<<  3c3c3c3c3c3c3c3c3c3c3c3c3c3c3c3c
       498  ,<<<<<<<<<<<<<<<  2c3c3c3c3c3c3c3c3c3c3c3c3c3c3c3c
       492  <<<<<<<<<<<<<<<,  3c3c3c3c3c3c3c3c3c3c3c3c3c3c3c2c
       486  <,<<<<<<<<<<<<<<  3c2c3c3c3c3c3c3c3c3c3c3c3c3c3c3c
       473  <<<<<<<<<<<<<<,<  3c3c3c3c3c3c3c3c3c3c3c3c3c3c2c3c
       473  ,,,,,,,,,,,,,,,,  2c2c2c2c2c2c2c2c2c2c2c2c2c2c2c2c
       466  <<,<<<<<<<<<<<<<  3c3c2c3c3c3c3c3c3c3c3c3c3c3c3c3c
       444  <<<<<<<<<<<<<,<<  3c3c3c3c3c3c3c3c3c3c3c3c3c2c3c3c
       444  <<<,<<<<<<<<<<<<  3c3c3c2c3c3c3c3c3c3c3c3c3c3c3c3c
       435  <<<<,<<<<<<<<<<<  3c3c3c3c2c3c3c3c3c3c3c3c3c3c3c3c
# epoch 43150  H=1.3326 C=1.2583 HO=0.0743  A(t)=2118
     21341  <<<<<<<<<<<<<<<<  3c3c3c3c3c3c3c3c3c3c3c3c3c3c3c3c
       810  ,,,,,,,,,,,,,,,,  2c2c2c2c2c2c2c2c2c2c2c2c2c2c2c2c
       479  <<<<<<<<<<<<<<<,  3c3c3c3c3c3c3c3c3c3c3c3c3c3c3c2c
       457  ,<<<<<<<<<<<<<<<  2c3c3c3c3c3c3c3c3c3c3c3c3c3c3c3c
       454  <,<<<<<<<<<<<<<<  3c2c3c3c3c3c3c3c3c3c3c3c3c3c3c3c
       453  <<<<<<<<<<<<<<,<  3c3c3c3c3c3c3c3c3c3c3c3c3c3c2c3c
       449  <<,<<<<<<<<<<<<<  3c3c2c3c3c3c3c3c3c3c3c3c3c3c3c3c
       446  <<<<<<<<<<<<<,<<  3c3c3c3c3c3c3c3c3c3c3c3c3c2c3c3c
       434  <<<,<<<<<<<<<<<<  3c3c3c2c3c3c3c3c3c3c3c3c3c3c3c3c
       432  <<<<<,<<<<<<<<<<  3c3c3c3c3c2c3c3c3c3c3c3c3c3c3c3c
# epoch 43200  H=1.4047 C=1.3483 HO=0.0564  A(t)=2120
     20095  <<<<<<<<<<<<<<<<  3c3c3c3c3c3c3c3c3c3c3c3c3c3c3c3c
       613  ,,,,,,,,,,,,,,,,  2c2c2c2c2c2c2c2c2c2c2c2c2c2c2c2c
       491  <<<<<<<<<<<<<<<,  3c3c3c3c3c3c3c3c3c3c3c3c3c3c3c2c
       486  ,<<<<<<<<<<<<<<<  2c3c3c3c3c3c3c3c3c3c3c3c3c3c3c3c
       476  <,<<<<<<<<<<<<<<  3c2c3c3c3c3c3c3c3c3c3c3c3c3c3c3c
       467  <<<<<<<<<<<<<<,<  3c3c3c3c3c3c3c3c3c3c3c3c3c3c2c3c
       462  <<,<<<<<<<<<<<<<  3c3c2c3c3c3c3c3c3c3c3c3c3c3c3c3c
       454  <<<,<<<<<<<<<<<<  3c3c3c2c3c3c3c3c3c3c3c3c3c3c3c3c
       453  <<<<,<<<<<<<<<<<  3c3c3c3c2c3c3c3c3c3c3c3c3c3c3c3c
       449  <<<<<<<<<<<<<,<<  3c3c3c3c3c3c3c3c3c3c3c3c3c2c3c3c
# epoch 43250  H=1.3535 C=1.3090 HO=0.0445  A(t)=2120
     19656  <<<<<<<<<<<<<<<<  3c3c3c3c3c3c3c3c3c3c3c3c3c3c3c3c
       582  ,,,,,,,,,,,,,,,,  2c2c2c2c2c2c2c2c2c2c2c2c2c2c2c2c
       509  <<<<<<<<<<<<<<<,  3c3c3c3c3c3c3c3c3c3c3c3c3c3c3c2c
       495  ,<<<<<<<<<<<<<<<  2c3c3c3c3c3c3c3c3c3c3c3c3c3c3c3c
       482  <<<<<<<<<<<<<<,<  3c3c3c3c3c3c3c3c3c3c3c3c3c3c2c3c
       472  <<<<<<<,<<<<<<<<  3c3c3c3c3c3c3c2c3c3c3c3c3c3c3c3c
       472  <,<<<<<<<<<<<<<<  3c2c3c3c3c3c3c3c3c3c3c3c3c3c3c3c
       470  <<<<<<<<,<<<<<<<  3c3c3c3c3c3c3c3c2c3c3c3c3c3c3c3c
       469  <<<<<<<<<<<<<,<<  3c3c3c3c3c3c3c3c3c3c3c3c3c2c3c3c
       468  <<<<<<<<<<<,<<<<  3c3c3c3c3c3c3c3c3c3c3c2c3c3c3c3c
# epoch 43300  H=1.4322 C=1.3596 HO=0.0725  A(t)=2123
     19966  <<<<<<<<<<<<<<<<  3c3c3c3c3c3c3c3c3c3c3c3c3c3c3c3c
       598  ,,,,,,,,,,,,,,,,  2c2c2c2c2c2c2c2c2c2c2c2c2c2c2c2c
       434  <<<<<<<<<<<<<<<,  3c3c3c3c3c3c3c3c3c3c3c3c3c3c3c2c
       427  <<,<<<<<<<<<<<<<  3c3c2c3c3c3c3c3c3c3c3c3c3c3c3c3c
       423  ,<<<<<<<<<<<<<<<  2c3c3c3c3c3c3c3c3c3c3c3c3c3c3c3c
       417  <<<,<<<<<<<<<<<<  3c3c3c2c3c3c3c3c3c3c3c3c3c3c3c3c
       412  <<<<<<<<<<<<<<,<  3c3c3c3c3c3c3c3c3c3c3c3c3c3c2c3c
       412  <<<<<<<<<<<<<,<<  3c3c3c3c3c3c3c3c3c3c3c3c3c2c3c3c
       412  <,<<<<<<<<<<<<<<  3c2c3c3c3c3c3c3c3c3c3c3c3c3c3c3c
       409  <<<<<<<<<<<<,<<<  3c3c3c3c3c3c3c3c3c3c3c3c2c3c3c3c
# epoch 43350  H=1.4076 C=1.3320 HO=0.0756  A(t)=2123
     18897  <<<<<<<<<<<<<<<<  3c3c3c3c3c3c3c3c3c3c3c3c3c3c3c3c
       787  ,,,,,,,,,,,,,,,,  2c2c2c2c2c2c2c2c2c2c2c2c2c2c2c2c
       451  <<<<<<<<<<<<<<<,  3c3c3c3c3c3c3c3c3c3c3c3c3c3c3c2c
       445  ,<<<<<<<<<<<<<<<  2c3c3c3c3c3c3c3c3c3c3c3c3c3c3c3c
       436  <<<<<<<<<<<<<<,<  3c3c3c3c3c3c3c3c3c3c3c3c3c3c2c3c
       430  <,<<<<<<<<<<<<<<  3c2c3c3c3c3c3c3c3c3c3c3c3c3c3c3c
       417  <<,<<<<<<<<<<<<<  3c3c2c3c3c3c3c3c3c3c3c3c3c3c3c3c
       414  <<<,<<<<<<<<<<<<  3c3c3c2c3c3c3c3c3c3c3c3c3c3c3c3c
       407  <<<<<<<<<<<<<,<<  3c3c3c3c3c3c3c3c3c3c3c3c3c2c3c3c
       403  <<<<,<<<<<<<<<<<  3c3c3c3c2c3c3c3c3c3c3c3c3c3c3c3c
# epoch 43400  H=1.3298 C=1.3109 HO=0.0188  A(t)=2123
     19447  <<<<<<<<<<<<<<<<  3c3c3c3c3c3c3c3c3c3c3c3c3c3c3c3c
       575  ,,,,,,,,,,,,,,,,  2c2c2c2c2c2c2c2c2c2c2c2c2c2c2c2c
       533  <<<<<<<<<<<<<<<,  3c3c3c3c3c3c3c3c3c3c3c3c3c3c3c2c
       517  ,<<<<<<<<<<<<<<<  2c3c3c3c3c3c3c3c3c3c3c3c3c3c3c3c
       505  <<<<<<<<<<<<<<,<  3c3c3c3c3c3c3c3c3c3c3c3c3c3c2c3c
       493  <,<<<<<<<<<<<<<<  3c2c3c3c3c3c3c3c3c3c3c3c3c3c3c3c
       480  <<,<<<<<<<<<<<<<  3c3c2c3c3c3c3c3c3c3c3c3c3c3c3c3c
       475  <<<<<<<<<<<<<,<<  3c3c3c3c3c3c3c3c3c3c3c3c3c2c3c3c
       467  <<<,<<<<<<<<<<<<  3c3c3c2c3c3c3c3c3c3c3c3c3c3c3c3c
       462  <<<<,<<<<<<<<<<<  3c3c3c3c2c3c3c3c3c3c3c3c3c3c3c3c
# epoch 43450  H=1.3793 C=1.2987 HO=0.0806  A(t)=2123
     19650  <<<<<<<<<<<<<<<<  3c3c3c3c3c3c3c3c3c3c3c3c3c3c3c3c
       770  ,,,,,,,,,,,,,,,,  2c2c2c2c2c2c2c2c2c2c2c2c2c2c2c2c
       530  <<<<<<<<<<<<<<<,  3c3c3c3c3c3c3c3c3c3c3c3c3c3c3c2c
       518  ,<<<<<<<<<<<<<<<  2c3c3c3c3c3c3c3c3c3c3c3c3c3c3c3c
       503  <<<<<<,<<<<<<<<<  3c3c3c3c3c3c2c3c3c3c3c3c3c3c3c3c
       499  <<<<,<<<<<<<<<<<  3c3c3c3c2c3c3c3c3c3c3c3c3c3c3c3c
       498  <<<<<<<<,<<<<<<<  3c3c3c3c3c3c3c3c2c3c3c3c3c3c3c3c
       497  <<<<<<<,<<<<<<<<  3c3c3c3c3c3c3c2c3c3c3c3c3c3c3c3c
       497  <<<<<,<<<<<<<<<<  3c3c3c3c3c2c3c3c3c3c3c3c3c3c3c3c
       493  <<<<<<<<<<<<<<,<  3c3c3c3c3c3c3c3c3c3c3c3c3c3c2c3c
# epoch 43500  H=1.2987 C=1.2714 HO=0.0273  A(t)=2123
     19472  <<<<<<<<<<<<<<<<  3c3c3c3c3c3c3c3c3c3c3c3c3c3c3c3c
       803  ,,,,,,,,,,,,,,,,  2c2c2c2c2c2c2c2c2c2c2c2c2c2c2c2c
       495  <<<<<<<<<<<<<<<,  3c3c3c3c3c3c3c3c3c3c3c3c3c3c3c2c
       486  ,<<<<<<<<<<<<<<<  2c3c3c3c3c3c3c3c3c3c3c3c3c3c3c3c
       473  <,<<<<<<<<<<<<<<  3c2c3c3c3c3c3c3c3c3c3c3c3c3c3c3c
       471  <<<<<<<<<<<<<<,<  3c3c3c3c3c3c3c3c3c3c3c3c3c3c2c3c
       465  <<,<<<<<<<<<<<<<  3c3c2c3c3c3c3c3c3c3c3c3c3c3c3c3c
       455  <<<,<<<<<<<<<<<<  3c3c3c2c3c3c3c3c3c3c3c3c3c3c3c3c
       454  <<<<<<,<<<<<<<<<  3c3c3c3c3c3c2c3c3c3c3c3c3c3c3c3c
       453  <<<<<<<<,<<<<<<<  3c3c3c3c3c3c3c3c2c3c3c3c3c3c3c3c
# epoch 43550  H=1.3124 C=1.2896 HO=0.0228  A(t)=2123
     19268  <<<<<<<<<<<<<<<<  3c3c3c3c3c3c3c3c3c3c3c3c3c3c3c3c
       551  ,,,,,,,,,,,,,,,,  2c2c2c2c2c2c2c2c2c2c2c2c2c2c2c2c
       487  <<<<<<<<<<<<<<<,  3c3c3c3c3c3c3c3c3c3c3c3c3c3c3c2c
       481  ,<<<<<<<<<<<<<<<  2c3c3c3c3c3c3c3c3c3c3c3c3c3c3c3c
       465  <,<<<<<<<<<<<<<<  3c2c3c3c3c3c3c3c3c3c3c3c3c3c3c3c
       455  <<<<<<<<<<<<<<,<  3c3c3c3c3c3c3c3c3c3c3c3c3c3c2c3c
       447  <<,<<<<<<<<<<<<<  3c3c2c3c3c3c3c3c3c3c3c3c3c3c3c3c
       441  <<<<<<<<<<<<<,<<  3c3c3c3c3c3c3c3c3c3c3c3c3c2c3c3c
       436  <<<<<,<<<<<<<<<<  3c3c3c3c3c2c3c3c3c3c3c3c3c3c3c3c
       435  <<<<,<<<<<<<<<<<  3c3c3c3c2c3c3c3c3c3c3c3c3c3c3c3c
# epoch 43600  H=1.4572 C=1.3405 HO=0.1167  A(t)=2123
     17979  <<<<<<<<<<<<<<<<  3c3c3c3c3c3c3c3c3c3c3c3c3c3c3c3c
      1424  ,,,,,,,,,,,,,,,,  2c2c2c2c2c2c2c2c2c2c2c2c2c2c2c2c
       461  ,<<<<<<<<<<<<<<<  2c3c3c3c3c3c3c3c3c3c3c3c3c3c3c3c
       459  <<<<<<<<<<<<<<<,  3c3c3c3c3c3c3c3c3c3c3c3c3c3c3c2c
       440  <<<<<<<<<<<<<<,<  3c3c3c3c3c3c3c3c3c3c3c3c3c3c2c3c
       438  <,<<<<<<<<<<<<<<  3c2c3c3c3c3c3c3c3c3c3c3c3c3c3c3c
       420  <<,<<<<<<<<<<<<<  3c3c2c3c3c3c3c3c3c3c3c3c3c3c3c3c
       414  <<<<<<<<<<<<<,<<  3c3c3c3c3c3c3c3c3c3c3c3c3c2c3c3c
       414  <<<,<<<<<<<<<<<<  3c3c3c2c3c3c3c3c3c3c3c3c3c3c3c3c
       408  <<<<<,<<<<<<<<<<  3c3c3c3c3c2c3c3c3c3c3c3c3c3c3c3c
# epoch 43650  H=1.3840 C=1.3058 HO=0.0782  A(t)=2123
     19530  <<<<<<<<<<<<<<<<  3c3c3c3c3c3c3c3c3c3c3c3c3c3c3c3c
       695  ,,,,,,,,,,,,,,,,  2c2c2c2c2c2c2c2c2c2c2c2c2c2c2c2c
       485  <<<<<<<<<<<<<<<,  3c3c3c3c3c3c3c3c3c3c3c3c3c3c3c2c
       472  ,<<<<<<<<<<<<<<<  2c3c3c3c3c3c3c3c3c3c3c3c3c3c3c3c
       459  <<<<<<<<<<<<<<,<  3c3c3c3c3c3c3c3c3c3c3c3c3c3c2c3c
       455  <,<<<<<<<<<<<<<<  3c2c3c3c3c3c3c3c3c3c3c3c3c3c3c3c
       445  <<<<<<,<<<<<<<<<  3c3c3c3c3c3c2c3c3c3c3c3c3c3c3c3c
       443  <<,<<<<<<<<<<<<<  3c3c2c3c3c3c3c3c3c3c3c3c3c3c3c3c
       441  <<<<<<<<<<<<<,<<  3c3c3c3c3c3c3c3c3c3c3c3c3c2c3c3c
       439  <<<<<<<,<<<<<<<<  3c3c3c3c3c3c3c2c3c3c3c3c3c3c3c3c
# epoch 43700  H=1.3504 C=1.2633 HO=0.0871  A(t)=2123
     19703  <<<<<<<<<<<<<<<<  3c3c3c3c3c3c3c3c3c3c3c3c3c3c3c3c
       672  ,,,,,,,,,,,,,,,,  2c2c2c2c2c2c2c2c2c2c2c2c2c2c2c2c
       524  <<<<<<<<<<<<<<<,  3c3c3c3c3c3c3c3c3c3c3c3c3c3c3c2c
       517  ,<<<<<<<<<<<<<<<  2c3c3c3c3c3c3c3c3c3c3c3c3c3c3c3c
       495  <<<<<<<<<<<<<<,<  3c3c3c3c3c3c3c3c3c3c3c3c3c3c2c3c
       495  <,<<<<<<<<<<<<<<  3c2c3c3c3c3c3c3c3c3c3c3c3c3c3c3c
       491  <<<<<<<<<<<<<,<<  3c3c3c3c3c3c3c3c3c3c3c3c3c2c3c3c
       481  <<,<<<<<<<<<<<<<  3c3c2c3c3c3c3c3c3c3c3c3c3c3c3c3c
       473  <<<,<<<<<<<<<<<<  3c3c3c2c3c3c3c3c3c3c3c3c3c3c3c3c
       471  <<<<<<<<<<<<,<<<  3c3c3c3c3c3c3c3c3c3c3c3c2c3c3c3c
# epoch 43750  H=1.3306 C=1.2371 HO=0.0935  A(t)=2123
     20545  <<<<<<<<<<<<<<<<  3c3c3c3c3c3c3c3c3c3c3c3c3c3c3c3c
       801  ,,,,,,,,,,,,,,,,  2c2c2c2c2c2c2c2c2c2c2c2c2c2c2c2c
       526  <<<<<<<<<<<<<<<,  3c3c3c3c3c3c3c3c3c3c3c3c3c3c3c2c
       515  ,<<<<<<<<<<<<<<<  2c3c3c3c3c3c3c3c3c3c3c3c3c3c3c3c
       498  <,<<<<<<<<<<<<<<  3c2c3c3c3c3c3c3c3c3c3c3c3c3c3c3c
       490  <<<<<<<<<<<<<<,<  3c3c3c3c3c3c3c3c3c3c3c3c3c3c2c3c
       484  <<,<<<<<<<<<<<<<  3c3c2c3c3c3c3c3c3c3c3c3c3c3c3c3c
       476  <<<,<<<<<<<<<<<<  3c3c3c2c3c3c3c3c3c3c3c3c3c3c3c3c
       469  <<<<,<<<<<<<<<<<  3c3c3c3c2c3c3c3c3c3c3c3c3c3c3c3c
       466  <<<<<<<<,<<<<<<<  3c3c3c3c3c3c3c3c2c3c3c3c3c3c3c3c
# epoch 43800  H=1.2365 C=1.1987 HO=0.0377  A(t)=2123
     19901  <<<<<<<<<<<<<<<<  3c3c3c3c3c3c3c3c3c3c3c3c3c3c3c3c
       531  ,<<<<<<<<<<<<<<<  2c3c3c3c3c3c3c3c3c3c3c3c3c3c3c3c
       523  <,<<<<<<<<<<<<<<  3c2c3c3c3c3c3c3c3c3c3c3c3c3c3c3c
       521  <<<<<<<<<<<<<<<,  3c3c3c3c3c3c3c3c3c3c3c3c3c3c3c2c
       512  ,,,,,,,,,,,,,,,,  2c2c2c2c2c2c2c2c2c2c2c2c2c2c2c2c
       504  <<<<<<<<<<<<<<,<  3c3c3c3c3c3c3c3c3c3c3c3c3c3c2c3c
       498  <<,<<<<<<<<<<<<<  3c3c2c3c3c3c3c3c3c3c3c3c3c3c3c3c
       493  <<<<<<,<<<<<<<<<  3c3c3c3c3c3c2c3c3c3c3c3c3c3c3c3c
       490  <<<<<,<<<<<<<<<<  3c3c3c3c3c2c3c3c3c3c3c3c3c3c3c3c
       485  <<<<<<<<<<<<<,<<  3c3c3c3c3c3c3c3c3c3c3c3c3c2c3c3c
# epoch 43850  H=1.1286 C=1.1024 HO=0.0262  A(t)=2124
     21994  <<<<<<<<<<<<<<<<  3c3c3c3c3c3c3c3c3c3c3c3c3c3c3c3c
       765  ,,,,,,,,,,,,,,,,  2c2c2c2c2c2c2c2c2c2c2c2c2c2c2c2c
       550  <<<<<<<<<<<<<<<,  3c3c3c3c3c3c3c3c3c3c3c3c3c3c3c2c
       526  <<<<<<<<<<<<<<,<  3c3c3c3c3c3c3c3c3c3c3c3c3c3c2c3c
       524  ,<<<<<<<<<<<<<<<  2c3c3c3c3c3c3c3c3c3c3c3c3c3c3c3c
       514  <,<<<<<<<<<<<<<<  3c2c3c3c3c3c3c3c3c3c3c3c3c3c3c3c
       503  <<<<<<<<<<<<,<<<  3c3c3c3c3c3c3c3c3c3c3c3c2c3c3c3c
       500  <<<<<<<<<<<<<,<<  3c3c3c3c3c3c3c3c3c3c3c3c3c2c3c3c
       497  <<<<<<<<<<,<<<<<  3c3c3c3c3c3c3c3c3c3c2c3c3c3c3c3c
       495  <<,<<<<<<<<<<<<<  3c3c2c3c3c3c3c3c3c3c3c3c3c3c3c3c
# epoch 43900  H=1.1568 C=1.1160 HO=0.0408  A(t)=2124
     21162  <<<<<<<<<<<<<<<<  3c3c3c3c3c3c3c3c3c3c3c3c3c3c3c3c
       864  ,,,,,,,,,,,,,,,,  2c2c2c2c2c2c2c2c2c2c2c2c2c2c2c2c
       543  <<<<<<<<<<<<<<<,  3c3c3c3c3c3c3c3c3c3c3c3c3c3c3c2c
       525  ,<<<<<<<<<<<<<<<  2c3c3c3c3c3c3c3c3c3c3c3c3c3c3c3c
       503  <,<<<<<<<<<<<<<<  3c2c3c3c3c3c3c3c3c3c3c3c3c3c3c3c
       502  <<<<<<<<<<<<<<,<  3c3c3c3c3c3c3c3c3c3c3c3c3c3c2c3c
       493  <<,<<<<<<<<<<<<<  3c3c2c3c3c3c3c3c3c3c3c3c3c3c3c3c
       480  <<<,<<<<<<<<<<<<  3c3c3c2c3c3c3c3c3c3c3c3c3c3c3c3c
       478  <<<<<<<<<<<<<,<<  3c3c3c3c3c3c3c3c3c3c3c3c3c2c3c3c
       473  <<<<<<<<<,<<<<<<  3c3c3c3c3c3c3c3c3c2c3c3c3c3c3c3c
# epoch 43950  H=1.0607 C=1.0468 HO=0.0140  A(t)=2124
     21529  <<<<<<<<<<<<<<<<  3c3c3c3c3c3c3c3c3c3c3c3c3c3c3c3c
      1035  ,,,,,,,,,,,,,,,,  2c2c2c2c2c2c2c2c2c2c2c2c2c2c2c2c
       519  <<<<<<<<<<<<<<<,  3c3c3c3c3c3c3c3c3c3c3c3c3c3c3c2c
       494  ,<<<<<<<<<<<<<<<  2c3c3c3c3c3c3c3c3c3c3c3c3c3c3c3c
       490  <<<<<<<<<<<<<<,<  3c3c3c3c3c3c3c3c3c3c3c3c3c3c2c3c
       487  <<<<<<,<<<<<<<<<  3c3c3c3c3c3c2c3c3c3c3c3c3c3c3c3c
       485  <<<<<<<<<,<<<<<<  3c3c3c3c3c3c3c3c3c2c3c3c3c3c3c3c
       485  <,<<<<<<<<<<<<<<  3c2c3c3c3c3c3c3c3c3c3c3c3c3c3c3c
       483  <<<<<<<,<<<<<<<<  3c3c3c3c3c3c3c2c3c3c3c3c3c3c3c3c
       480  <<<<<<<<,<<<<<<<  3c3c3c3c3c3c3c3c2c3c3c3c3c3c3c3c
# epoch 44000  H=0.9857 C=0.9902 HO=-0.0045  A(t)=2124
     22112  <<<<<<<<<<<<<<<<  3c3c3c3c3c3c3c3c3c3c3c3c3c3c3c3c
       967  ,,,,,,,,,,,,,,,,  2c2c2c2c2c2c2c2c2c2c2c2c2c2c2c2c
       587  <<<<<<<<<<<<<<<,  3c3c3c3c3c3c3c3c3c3c3c3c3c3c3c2c
       580  ,<<<<<<<<<<<<<<<  2c3c3c3c3c3c3c3c3c3c3c3c3c3c3c3c
       567  <<,<<<<<<<<<<<<<  3c3c2c3c3c3c3c3c3c3c3c3c3c3c3c3c
       565  <,<<<<<<<<<<<<<<  3c2c3c3c3c3c3c3c3c3c3c3c3c3c3c3c
       555  <<<,<<<<<<<<<<<<  3c3c3c2c3c3c3c3c3c3c3c3c3c3c3c3c
       547  <<<<<<<<<<<<<<,<  3c3c3c3c3c3c3c3c3c3c3c3c3c3c2c3c
       543  <<<<<<<,<<<<<<<<  3c3c3c3c3c3c3c2c3c3c3c3c3c3c3c3c
       541  <<<<<<<<<<<<<,<<  3c3c3c3c3c3c3c3c3c3c3c3c3c2c3c3c
# epoch 44050  H=1.0996 C=1.0723 HO=0.0273  A(t)=2124
     20751  <<<<<<<<<<<<<<<<  3c3c3c3c3c3c3c3c3c3c3c3c3c3c3c3c
       714  ,,,,,,,,,,,,,,,,  2c2c2c2c2c2c2c2c2c2c2c2c2c2c2c2c
       524  <<<<<<<<<<<<<<<,  3c3c3c3c3c3c3c3c3c3c3c3c3c3c3c2c
       523  ,<<<<<<<<<<<<<<<  2c3c3c3c3c3c3c3c3c3c3c3c3c3c3c3c
       516  <,<<<<<<<<<<<<<<  3c2c3c3c3c3c3c3c3c3c3c3c3c3c3c3c
       508  <<<<<<<<<<<<<<,<  3c3c3c3c3c3c3c3c3c3c3c3c3c3c2c3c
       494  <<,<<<<<<<<<<<<<  3c3c2c3c3c3c3c3c3c3c3c3c3c3c3c3c
       492  <<<<<,<<<<<<<<<<  3c3c3c3c3c2c3c3c3c3c3c3c3c3c3c3c
       490  <<<<,<<<<<<<<<<<  3c3c3c3c2c3c3c3c3c3c3c3c3c3c3c3c
       487  <<<<<<<<<<,<<<<<  3c3c3c3c3c3c3c3c3c3c2c3c3c3c3c3c
# epoch 44100  H=1.1552 C=1.1134 HO=0.0418  A(t)=2124
     20256  <<<<<<<<<<<<<<<<  3c3c3c3c3c3c3c3c3c3c3c3c3c3c3c3c
       834  ,,,,,,,,,,,,,,,,  2c2c2c2c2c2c2c2c2c2c2c2c2c2c2c2c
       589  <<<<<<<<<<<<<<<,  3c3c3c3c3c3c3c3c3c3c3c3c3c3c3c2c
       575  <<<<<<<<<<<<<<,<  3c3c3c3c3c3c3c3c3c3c3c3c3c3c2c3c
       575  ,<<<<<<<<<<<<<<<  2c3c3c3c3c3c3c3c3c3c3c3c3c3c3c3c
       563  <,<<<<<<<<<<<<<<  3c2c3c3c3c3c3c3c3c3c3c3c3c3c3c3c
       548  <<<<<<<<<<<<<,<<  3c3c3c3c3c3c3c3c3c3c3c3c3c2c3c3c
       540  <<,<<<<<<<<<<<<<  3c3c2c3c3c3c3c3c3c3c3c3c3c3c3c3c
       538  <<<<<<<<<<<<,<<<  3c3c3c3c3c3c3c3c3c3c3c3c2c3c3c3c
       537  <<<<<<<,<<<<<<<<  3c3c3c3c3c3c3c2c3c3c3c3c3c3c3c3c
# epoch 44150  H=1.0914 C=1.0898 HO=0.0016  A(t)=2124
     20545  <<<<<<<<<<<<<<<<  3c3c3c3c3c3c3c3c3c3c3c3c3c3c3c3c
       627  ,,,,,,,,,,,,,,,,  2c2c2c2c2c2c2c2c2c2c2c2c2c2c2c2c
       555  <<<<<<<<<<<<<<<,  3c3c3c3c3c3c3c3c3c3c3c3c3c3c3c2c
       537  ,<<<<<<<<<<<<<<<  2c3c3c3c3c3c3c3c3c3c3c3c3c3c3c3c
       535  <<<<<<<<<<<<<<,<  3c3c3c3c3c3c3c3c3c3c3c3c3c3c2c3c
       528  <<<<<<<<<<<<<,<<  3c3c3c3c3c3c3c3c3c3c3c3c3c2c3c3c
       521  <,<<<<<<<<<<<<<<  3c2c3c3c3c3c3c3c3c3c3c3c3c3c3c3c
       513  <<<<<<<<<<<<,<<<  3c3c3c3c3c3c3c3c3c3c3c3c2c3c3c3c
       512  <<<<<<,<<<<<<<<<  3c3c3c3c3c3c2c3c3c3c3c3c3c3c3c3c
       512  <<,<<<<<<<<<<<<<  3c3c2c3c3c3c3c3c3c3c3c3c3c3c3c3c
# epoch 44200  H=1.0919 C=1.0465 HO=0.0454  A(t)=2124
     20383  <<<<<<<<<<<<<<<<  3c3c3c3c3c3c3c3c3c3c3c3c3c3c3c3c
      1313  ,,,,,,,,,,,,,,,,  2c2c2c2c2c2c2c2c2c2c2c2c2c2c2c2c
       579  <<<<<<<<<<<<<<<,  3c3c3c3c3c3c3c3c3c3c3c3c3c3c3c2c
       573  ,<<<<<<<<<<<<<<<  2c3c3c3c3c3c3c3c3c3c3c3c3c3c3c3c
       557  <<<<<<<<<<<<<<,<  3c3c3c3c3c3c3c3c3c3c3c3c3c3c2c3c
       553  <,<<<<<<<<<<<<<<  3c2c3c3c3c3c3c3c3c3c3c3c3c3c3c3c
       552  <<,<<<<<<<<<<<<<  3c3c2c3c3c3c3c3c3c3c3c3c3c3c3c3c
       544  <<<<<<<<<<<<<,<<  3c3c3c3c3c3c3c3c3c3c3c3c3c2c3c3c
       537  <<<<<<<<<<<<,<<<  3c3c3c3c3c3c3c3c3c3c3c3c2c3c3c3c
       531  <<<,<<<<<<<<<<<<  3c3c3c2c3c3c3c3c3c3c3c3c3c3c3c3c
# epoch 44250  H=1.1953 C=1.1984 HO=-0.0031  A(t)=2124
     19320  <<<<<<<<<<<<<<<<  3c3c3c3c3c3c3c3c3c3c3c3c3c3c3c3c
       538  <<<<<<<<<<<<<<<,  3c3c3c3c3c3c3c3c3c3c3c3c3c3c3c2c
       513  <<<<<<<<<<<<<<,<  3c3c3c3c3c3c3c3c3c3c3c3c3c3c2c3c
       512  ,<<<<<<<<<<<<<<<  2c3c3c3c3c3c3c3c3c3c3c3c3c3c3c3c
       492  <<<<<,<<<<<<<<<<  3c3c3c3c3c2c3c3c3c3c3c3c3c3c3c3c
       491  <<<<<<<<<<<<<,<<  3c3c3c3c3c3c3c3c3c3c3c3c3c2c3c3c
       487  <,<<<<<<<<<<<<<<  3c2c3c3c3c3c3c3c3c3c3c3c3c3c3c3c
       485  <<<<<<<<<<<,<<<<  3c3c3c3c3c3c3c3c3c3c3c2c3c3c3c3c
       482  <<<<<<<<<<<<,<<<  3c3c3c3c3c3c3c3c3c3c3c3c2c3c3c3c
       482  <<<<<<<<<<,<<<<<  3c3c3c3c3c3c3c3c3c3c2c3c3c3c3c3c
# epoch 44300  H=1.2557 C=1.1719 HO=0.0838  A(t)=2124
     20781  <<<<<<<<<<<<<<<<  3c3c3c3c3c3c3c3c3c3c3c3c3c3c3c3c
       797  ,,,,,,,,,,,,,,,,  2c2c2c2c2c2c2c2c2c2c2c2c2c2c2c2c
       575  <<<<<<<<<<<<<<<,  3c3c3c3c3c3c3c3c3c3c3c3c3c3c3c2c
       551  ,<<<<<<<<<<<<<<<  2c3c3c3c3c3c3c3c3c3c3c3c3c3c3c3c
       550  <<<<<<<<<<<<<<,<  3c3c3c3c3c3c3c3c3c3c3c3c3c3c2c3c
       531  <,<<<<<<<<<<<<<<  3c2c3c3c3c3c3c3c3c3c3c3c3c3c3c3c
       529  <<,<<<<<<<<<<<<<  3c3c2c3c3c3c3c3c3c3c3c3c3c3c3c3c
       526  <<<<,<<<<<<<<<<<  3c3c3c3c2c3c3c3c3c3c3c3c3c3c3c3c
       525  <<<<<<<<<<<<<,<<  3c3c3c3c3c3c3c3c3c3c3c3c3c2c3c3c
       525  <<<,<<<<<<<<<<<<  3c3c3c2c3c3c3c3c3c3c3c3c3c3c3c3c
# epoch 44350  H=1.2849 C=1.2241 HO=0.0608  A(t)=2124
     19869  <<<<<<<<<<<<<<<<  3c3c3c3c3c3c3c3c3c3c3c3c3c3c3c3c
       572  <<<<<<<<<<<<<<<,  3c3c3c3c3c3c3c3c3c3c3c3c3c3c3c2c
       565  ,<<<<<<<<<<<<<<<  2c3c3c3c3c3c3c3c3c3c3c3c3c3c3c3c
       552  <<<<<<<<<<<<<<,<  3c3c3c3c3c3c3c3c3c3c3c3c3c3c2c3c
       541  <<<<,<<<<<<<<<<<  3c3c3c3c2c3c3c3c3c3c3c3c3c3c3c3c
       540  <,<<<<<<<<<<<<<<  3c2c3c3c3c3c3c3c3c3c3c3c3c3c3c3c
       535  <<<,<<<<<<<<<<<<  3c3c3c2c3c3c3c3c3c3c3c3c3c3c3c3c
       535  <<,<<<<<<<<<<<<<  3c3c2c3c3c3c3c3c3c3c3c3c3c3c3c3c
       529  <<<<<<<<<<<<<,<<  3c3c3c3c3c3c3c3c3c3c3c3c3c2c3c3c
       528  <<<<<<<<<<<<,<<<  3c3c3c3c3c3c3c3c3c3c3c3c2c3c3c3c
# epoch 44400  H=1.2938 C=1.2308 HO=0.0630  A(t)=2124
     19780  <<<<<<<<<<<<<<<<  3c3c3c3c3c3c3c3c3c3c3c3c3c3c3c3c
       634  ,,,,,,,,,,,,,,,,  2c2c2c2c2c2c2c2c2c2c2c2c2c2c2c2c
       515  <<<<<<<<<<<<<<<,  3c3c3c3c3c3c3c3c3c3c3c3c3c3c3c2c
       505  ,<<<<<<<<<<<<<<<  2c3c3c3c3c3c3c3c3c3c3c3c3c3c3c3c
       501  <<<<<<<<<<<<<<,<  3c3c3c3c3c3c3c3c3c3c3c3c3c3c2c3c
       500  <,<<<<<<<<<<<<<<  3c2c3c3c3c3c3c3c3c3c3c3c3c3c3c3c
       496  <<,<<<<<<<<<<<<<  3c3c2c3c3c3c3c3c3c3c3c3c3c3c3c3c
       494  <<<<<,<<<<<<<<<<  3c3c3c3c3c2c3c3c3c3c3c3c3c3c3c3c
       489  <<<<<<<<<<<<,<<<  3c3c3c3c3c3c3c3c3c3c3c3c2c3c3c3c
       487  <<<<<<,<<<<<<<<<  3c3c3c3c3c3c2c3c3c3c3c3c3c3c3c3c
# epoch 44450  H=1.3039 C=1.2153 HO=0.0885  A(t)=2124
     20817  <<<<<<<<<<<<<<<<  3c3c3c3c3c3c3c3c3c3c3c3c3c3c3c3c
       744  ,,,,,,,,,,,,,,,,  2c2c2c2c2c2c2c2c2c2c2c2c2c2c2c2c
       535  ,<<<<<<<<<<<<<<<  2c3c3c3c3c3c3c3c3c3c3c3c3c3c3c3c
       532  <<<<<<<<<<<<<<<,  3c3c3c3c3c3c3c3c3c3c3c3c3c3c3c2c
       523  <,<<<<<<<<<<<<<<  3c2c3c3c3c3c3c3c3c3c3c3c3c3c3c3c
       518  <<,<<<<<<<<<<<<<  3c3c2c3c3c3c3c3c3c3c3c3c3c3c3c3c
       514  <<<<<<<<<<<<<<,<  3c3c3c3c3c3c3c3c3c3c3c3c3c3c2c3c
       501  <<<,<<<<<<<<<<<<  3c3c3c2c3c3c3c3c3c3c3c3c3c3c3c3c
       496  <<<<<,<<<<<<<<<<  3c3c3c3c3c2c3c3c3c3c3c3c3c3c3c3c
       494  <<<<<<<<<<<<<,<<  3c3c3c3c3c3c3c3c3c3c3c3c3c2c3c3c
# epoch 44500  H=1.2820 C=1.2224 HO=0.0595  A(t)=2124
     21210  <<<<<<<<<<<<<<<<  3c3c3c3c3c3c3c3c3c3c3c3c3c3c3c3c
       530  <<<<<<<<<<<<<<<,  3c3c3c3c3c3c3c3c3c3c3c3c3c3c3c2c
       515  <<<<<<<<<<<<<<,<  3c3c3c3c3c3c3c3c3c3c3c3c3c3c2c3c
       514  ,,,,,,,,,,,,,,,,  2c2c2c2c2c2c2c2c2c2c2c2c2c2c2c2c
       507  ,<<<<<<<<<<<<<<<  2c3c3c3c3c3c3c3c3c3c3c3c3c3c3c3c
       506  <<<<<<<,<<<<<<<<  3c3c3c3c3c3c3c2c3c3c3c3c3c3c3c3c
       503  <<<<<<<<<<,<<<<<  3c3c3c3c3c3c3c3c3c3c2c3c3c3c3c3c
       501  <<<<<<<<,<<<<<<<  3c3c3c3c3c3c3c3c2c3c3c3c3c3c3c3c
       499  <<<<<<,<<<<<<<<<  3c3c3c3c3c3c2c3c3c3c3c3c3c3c3c3c
       498  <<<<<<<<<<<<<,<<  3c3c3c3c3c3c3c3c3c3c3c3c3c2c3c3c
# epoch 44550  H=1.2168 C=1.1486 HO=0.0682  A(t)=2124
     22071  <<<<<<<<<<<<<<<<  3c3c3c3c3c3c3c3c3c3c3c3c3c3c3c3c
       684  ,,,,,,,,,,,,,,,,  2c2c2c2c2c2c2c2c2c2c2c2c2c2c2c2c
       537  <<<<<<<<<<<<<<<,  3c3c3c3c3c3c3c3c3c3c3c3c3c3c3c2c
       531  ,<<<<<<<<<<<<<<<  2c3c3c3c3c3c3c3c3c3c3c3c3c3c3c3c
       519  <<<<<<<<<<<<<<,<  3c3c3c3c3c3c3c3c3c3c3c3c3c3c2c3c
       514  <,<<<<<<<<<<<<<<  3c2c3c3c3c3c3c3c3c3c3c3c3c3c3c3c
       510  <<,<<<<<<<<<<<<<  3c3c2c3c3c3c3c3c3c3c3c3c3c3c3c3c
       506  <<<<<<<<<<<<<,<<  3c3c3c3c3c3c3c3c3c3c3c3c3c2c3c3c
       506  <<<<<<<,<<<<<<<<  3c3c3c3c3c3c3c2c3c3c3c3c3c3c3c3c
       503  <<<<<<,<<<<<<<<<  3c3c3c3c3c3c2c3c3c3c3c3c3c3c3c3c
# epoch 44600  H=1.2240 C=1.1686 HO=0.0554  A(t)=2124
     21723  <<<<<<<<<<<<<<<<  3c3c3c3c3c3c3c3c3c3c3c3c3c3c3c3c
       804  ,,,,,,,,,,,,,,,,  2c2c2c2c2c2c2c2c2c2c2c2c2c2c2c2c
       515  <<<<<<<<,<<<<<<<  3c3c3c3c3c3c3c3c2c3c3c3c3c3c3c3c
       513  <<<<<<<,<<<<<<<<  3c3c3c3c3c3c3c2c3c3c3c3c3c3c3c3c
       504  <<<<<<<<<<<<<<<,  3c3c3c3c3c3c3c3c3c3c3c3c3c3c3c2c
       503  <<<<<<,<<<<<<<<<  3c3c3c3c3c3c2c3c3c3c3c3c3c3c3c3c
       499  <<<<<<<<<,<<<<<<  3c3c3c3c3c3c3c3c3c2c3c3c3c3c3c3c
       496  <<,<<<<<<<<<<<<<  3c3c2c3c3c3c3c3c3c3c3c3c3c3c3c3c
       494  <<<<<,<<<<<<<<<<  3c3c3c3c3c2c3c3c3c3c3c3c3c3c3c3c
       493  <<<<,<<<<<<<<<<<  3c3c3c3c2c3c3c3c3c3c3c3c3c3c3c3c
# epoch 44650  H=1.1799 C=1.1295 HO=0.0504  A(t)=2124
     22947  <<<<<<<<<<<<<<<<  3c3c3c3c3c3c3c3c3c3c3c3c3c3c3c3c
       652  ,,,,,,,,,,,,,,,,  2c2c2c2c2c2c2c2c2c2c2c2c2c2c2c2c
       541  <<<<<<<<<<<<<<<,  3c3c3c3c3c3c3c3c3c3c3c3c3c3c3c2c
       519  ,<<<<<<<<<<<<<<<  2c3c3c3c3c3c3c3c3c3c3c3c3c3c3c3c
       516  <<<<<<<<<<<<<<,<  3c3c3c3c3c3c3c3c3c3c3c3c3c3c2c3c
       506  <<<<<<<<<<<<<,<<  3c3c3c3c3c3c3c3c3c3c3c3c3c2c3c3c
       503  <,<<<<<<<<<<<<<<  3c2c3c3c3c3c3c3c3c3c3c3c3c3c3c3c
       501  <<<<<<<<<<<<,<<<  3c3c3c3c3c3c3c3c3c3c3c3c2c3c3c3c
       496  <<<<,<<<<<<<<<<<  3c3c3c3c2c3c3c3c3c3c3c3c3c3c3c3c
       494  <<,<<<<<<<<<<<<<  3c3c2c3c3c3c3c3c3c3c3c3c3c3c3c3c
# epoch 44700  H=1.2710 C=1.1985 HO=0.0725  A(t)=2124
     21872  <<<<<<<<<<<<<<<<  3c3c3c3c3c3c3c3c3c3c3c3c3c3c3c3c
       631  ,,,,,,,,,,,,,,,,  2c2c2c2c2c2c2c2c2c2c2c2c2c2c2c2c
       563  <<<<<<<<<<<<<<<,  3c3c3c3c3c3c3c3c3c3c3c3c3c3c3c2c
       562  <<<<<<<<<<<<<<,<  3c3c3c3c3c3c3c3c3c3c3c3c3c3c2c3c
       547  <<<<<<<<<<<<<,<<  3c3c3c3c3c3c3c3c3c3c3c3c3c2c3c3c
       541  <<<<<<<<<<<<,<<<  3c3c3c3c3c3c3c3c3c3c3c3c2c3c3c3c
       535  <<<<<<<<<<<,<<<<  3c3c3c3c3c3c3c3c3c3c3c2c3c3c3c3c
       533  <,<<<<<<<<<<<<<<  3c2c3c3c3c3c3c3c3c3c3c3c3c3c3c3c
       533  ,<<<<<<<<<<<<<<<  2c3c3c3c3c3c3c3c3c3c3c3c3c3c3c3c
       529  <<,<<<<<<<<<<<<<  3c3c2c3c3c3c3c3c3c3c3c3c3c3c3c3c
# epoch 44750  H=1.1951 C=1.1534 HO=0.0416  A(t)=2124
     23030  <<<<<<<<<<<<<<<<  3c3c3c3c3c3c3c3c3c3c3c3c3c3c3c3c
       573  ,,,,,,,,,,,,,,,,  2c2c2c2c2c2c2c2c2c2c2c2c2c2c2c2c
       503  <<<<<<<<<<<<<<<,  3c3c3c3c3c3c3c3c3c3c3c3c3c3c3c2c
       491  <<<<<<<<<<<<<<,<  3c3c3c3c3c3c3c3c3c3c3c3c3c3c2c3c
       486  <<<<<<<<<<<<<,<<  3c3c3c3c3c3c3c3c3c3c3c3c3c2c3c3c
       481  ,<<<<<<<<<<<<<<<  2c3c3c3c3c3c3c3c3c3c3c3c3c3c3c3c
       474  <,<<<<<<<<<<<<<<  3c2c3c3c3c3c3c3c3c3c3c3c3c3c3c3c
       473  <<<<<<<,<<<<<<<<  3c3c3c3c3c3c3c2c3c3c3c3c3c3c3c3c
       470  <<<<<<<<<<<<,<<<  3c3c3c3c3c3c3c3c3c3c3c3c2c3c3c3c
       469  <<<<<<<<<<,<<<<<  3c3c3c3c3c3c3c3c3c3c2c3c3c3c3c3c
# epoch 44800  H=1.1542 C=1.1404 HO=0.0138  A(t)=2124
     22961  <<<<<<<<<<<<<<<<  3c3c3c3c3c3c3c3c3c3c3c3c3c3c3c3c
       504  <<<<<<<<<<<<<<<,  3c3c3c3c3c3c3c3c3c3c3c3c3c3c3c2c
       482  <<<<<<<<,<<<<<<<  3c3c3c3c3c3c3c3c2c3c3c3c3c3c3c3c
       481  ,<<<<<<<<<<<<<<<  2c3c3c3c3c3c3c3c3c3c3c3c3c3c3c3c
       477  <<<<<<<<<<<<<<,<  3c3c3c3c3c3c3c3c3c3c3c3c3c3c2c3c
       473  <<<<<<<,<<<<<<<<  3c3c3c3c3c3c3c2c3c3c3c3c3c3c3c3c
       471  <<<<<<<<<<<<<,<<  3c3c3c3c3c3c3c3c3c3c3c3c3c2c3c3c
       468  <<<<<<<<<<,<<<<<  3c3c3c3c3c3c3c3c3c3c2c3c3c3c3c3c
       468  <,<<<<<<<<<<<<<<  3c2c3c3c3c3c3c3c3c3c3c3c3c3c3c3c
       463  <<<<<<,<<<<<<<<<  3c3c3c3c3c3c2c3c3c3c3c3c3c3c3c3c
# epoch 44850  H=1.2286 C=1.1626 HO=0.0660  A(t)=2130
     22100  <<<<<<<<<<<<<<<<  3c3c3c3c3c3c3c3c3c3c3c3c3c3c3c3c
       568  ,,,,,,,,,,,,,,,,  2c2c2c2c2c2c2c2c2c2c2c2c2c2c2c2c
       510  <<<<<<<<<<<<<<<,  3c3c3c3c3c3c3c3c3c3c3c3c3c3c3c2c
       494  <<<<<<<<<<<<<<,<  3c3c3c3c3c3c3c3c3c3c3c3c3c3c2c3c
       492  ,<<<<<<<<<<<<<<<  2c3c3c3c3c3c3c3c3c3c3c3c3c3c3c3c
       477  <,<<<<<<<<<<<<<<  3c2c3c3c3c3c3c3c3c3c3c3c3c3c3c3c
       469  <<<<<<<<<<<<<,<<  3c3c3c3c3c3c3c3c3c3c3c3c3c2c3c3c
       462  <<<<<<<<<<<<,<<<  3c3c3c3c3c3c3c3c3c3c3c3c2c3c3c3c
       462  <<,<<<<<<<<<<<<<  3c3c2c3c3c3c3c3c3c3c3c3c3c3c3c3c
       457  <<<<<<<<<<,<<<<<  3c3c3c3c3c3c3c3c3c3c2c3c3c3c3c3c
# epoch 44900  H=1.1259 C=1.1062 HO=0.0197  A(t)=2137
     20575  <<<<<<<<<<<<<<<<  3c3c3c3c3c3c3c3c3c3c3c3c3c3c3c3c
       799  ,,,,,,,,,,,,,,,,  2c2c2c2c2c2c2c2c2c2c2c2c2c2c2c2c
       525  <<<<<<<<<<<<<<<,  3c3c3c3c3c3c3c3c3c3c3c3c3c3c3c2c
       502  ,<<<<<<<<<<<<<<<  2c3c3c3c3c3c3c3c3c3c3c3c3c3c3c3c
       498  <<<<<<<<<<<<<<,<  3c3c3c3c3c3c3c3c3c3c3c3c3c3c2c3c
       488  <<,<<<<<<<<<<<<<  3c3c2c3c3c3c3c3c3c3c3c3c3c3c3c3c
       486  <<<<<<<<<,<<<<<<  3c3c3c3c3c3c3c3c3c2c3c3c3c3c3c3c
       483  <<<<<<<<<<<<<,<<  3c3c3c3c3c3c3c3c3c3c3c3c3c2c3c3c
       481  <<<<<<<<<<<<,<<<  3c3c3c3c3c3c3c3c3c3c3c3c2c3c3c3c
       480  <<<<<<<<<<,<<<<<  3c3c3c3c3c3c3c3c3c3c2c3c3c3c3c3c
# epoch 44950  H=1.1397 C=1.1282 HO=0.0115  A(t)=2137
     20981  <<<<<<<<<<<<<<<<  3c3c3c3c3c3c3c3c3c3c3c3c3c3c3c3c
       574  ,,,,,,,,,,,,,,,,  2c2c2c2c2c2c2c2c2c2c2c2c2c2c2c2c
       538  <<<<<<<<<<<<<<<,  3c3c3c3c3c3c3c3c3c3c3c3c3c3c3c2c
       527  <<<<<<<<<<<<<<,<  3c3c3c3c3c3c3c3c3c3c3c3c3c3c2c3c
       512  <<<<<<<<<<<<<,<<  3c3c3c3c3c3c3c3c3c3c3c3c3c2c3c3c
       503  ,<<<<<<<<<<<<<<<  2c3c3c3c3c3c3c3c3c3c3c3c3c3c3c3c
       500  <<<<<<<<<,<<<<<<  3c3c3c3c3c3c3c3c3c2c3c3c3c3c3c3c
       499  <<<<<<<<<<<<,<<<  3c3c3c3c3c3c3c3c3c3c3c3c2c3c3c3c
       499  <,<<<<<<<<<<<<<<  3c2c3c3c3c3c3c3c3c3c3c3c3c3c3c3c
       497  <<<<<<<<<<,<<<<<  3c3c3c3c3c3c3c3c3c3c2c3c3c3c3c3c
# epoch 45000  H=1.1838 C=1.1389 HO=0.0449  A(t)=2137
     21558  <<<<<<<<<<<<<<<<  3c3c3c3c3c3c3c3c3c3c3c3c3c3c3c3c
       754  ,,,,,,,,,,,,,,,,  2c2c2c2c2c2c2c2c2c2c2c2c2c2c2c2c
       475  <<<<<<<<<<<<<<<,  3c3c3c3c3c3c3c3c3c3c3c3c3c3c3c2c
       452  ,<<<<<<<<<<<<<<<  2c3c3c3c3c3c3c3c3c3c3c3c3c3c3c3c
       449  <<<<,<<<<<<<<<<<  3c3c3c3c2c3c3c3c3c3c3c3c3c3c3c3c
       445  <,<<<<<<<<<<<<<<  3c2c3c3c3c3c3c3c3c3c3c3c3c3c3c3c
       442  <<<<<<<<<<<<<<,<  3c3c3c3c3c3c3c3c3c3c3c3c3c3c2c3c
       442  <<,<<<<<<<<<<<<<  3c3c2c3c3c3c3c3c3c3c3c3c3c3c3c3c
       441  <<<<<<,<<<<<<<<<  3c3c3c3c3c3c2c3c3c3c3c3c3c3c3c3c
       440  <<<<<<<,<<<<<<<<  3c3c3c3c3c3c3c2c3c3c3c3c3c3c3c3c
# epoch 45050  H=1.2277 C=1.2043 HO=0.0233  A(t)=2138
     21028  <<<<<<<<<<<<<<<<  3c3c3c3c3c3c3c3c3c3c3c3c3c3c3c3c
       516  ,,,,,,,,,,,,,,,,  2c2c2c2c2c2c2c2c2c2c2c2c2c2c2c2c
       489  <<<<<<<,<<<<<<<<  3c3c3c3c3c3c3c2c3c3c3c3c3c3c3c3c
       487  <<<<<<,<<<<<<<<<  3c3c3c3c3c3c2c3c3c3c3c3c3c3c3c3c
       479  <<<<<<<<<,<<<<<<  3c3c3c3c3c3c3c3c3c2c3c3c3c3c3c3c
       478  <<<<<<<<,<<<<<<<  3c3c3c3c3c3c3c3c2c3c3c3c3c3c3c3c
       468  <<<<,<<<<<<<<<<<  3c3c3c3c2c3c3c3c3c3c3c3c3c3c3c3c
       467  <<<<<<<<<<<<<<<,  3c3c3c3c3c3c3c3c3c3c3c3c3c3c3c2c
       467  <<<<<,<<<<<<<<<<  3c3c3c3c3c2c3c3c3c3c3c3c3c3c3c3c
       464  <<<<<<<<<<,<<<<<  3c3c3c3c3c3c3c3c3c3c2c3c3c3c3c3c
# epoch 45100  H=1.2889 C=1.2156 HO=0.0733  A(t)=2138
     21707  <<<<<<<<<<<<<<<<  3c3c3c3c3c3c3c3c3c3c3c3c3c3c3c3c
       508  <<<<<<<<<<<<<<<,  3c3c3c3c3c3c3c3c3c3c3c3c3c3c3c2c
       503  ,<<<<<<<<<<<<<<<  2c3c3c3c3c3c3c3c3c3c3c3c3c3c3c3c
       494  <<<<<<<<<<<<<<,<  3c3c3c3c3c3c3c3c3c3c3c3c3c3c2c3c
       484  <,<<<<<<<<<<<<<<  3c2c3c3c3c3c3c3c3c3c3c3c3c3c3c3c
       480  <<<<<<<<<<<,<<<<  3c3c3c3c3c3c3c3c3c3c3c2c3c3c3c3c
       477  <<<<<<<<<<<<<,<<  3c3c3c3c3c3c3c3c3c3c3c3c3c2c3c3c
       471  <<<<<<<<<<<<,<<<  3c3c3c3c3c3c3c3c3c3c3c3c2c3c3c3c
       470  <<<<<<<<<,<<<<<<  3c3c3c3c3c3c3c3c3c2c3c3c3c3c3c3c
       468  <<<<<<<<,<<<<<<<  3c3c3c3c3c3c3c3c2c3c3c3c3c3c3c3c
# epoch 45150  H=1.4072 C=1.3346 HO=0.0726  A(t)=2138
     21094  <<<<<<<<<<<<<<<<  3c3c3c3c3c3c3c3c3c3c3c3c3c3c3c3c
       492  <<<<<<<<<<<<<<<,  3c3c3c3c3c3c3c3c3c3c3c3c3c3c3c2c
       484  <<<<<<<<<<<<<<,<  3c3c3c3c3c3c3c3c3c3c3c3c3c3c2c3c
       478  ,<<<<<<<<<<<<<<<  2c3c3c3c3c3c3c3c3c3c3c3c3c3c3c3c
       474  <<,<<<<<<<<<<<<<  3c3c2c3c3c3c3c3c3c3c3c3c3c3c3c3c
       473  <,<<<<<<<<<<<<<<  3c2c3c3c3c3c3c3c3c3c3c3c3c3c3c3c
       463  <<<<,<<<<<<<<<<<  3c3c3c3c2c3c3c3c3c3c3c3c3c3c3c3c
       459  <<<,<<<<<<<<<<<<  3c3c3c2c3c3c3c3c3c3c3c3c3c3c3c3c
       453  <<<<<<<<<<<<<,<<  3c3c3c3c3c3c3c3c3c3c3c3c3c2c3c3c
       451  <<<<<,<<<<<<<<<<  3c3c3c3c3c2c3c3c3c3c3c3c3c3c3c3c
# epoch 45200  H=1.5203 C=1.4008 HO=0.1195  A(t)=2139
     19701  <<<<<<<<<<<<<<<<  3c3c3c3c3c3c3c3c3c3c3c3c3c3c3c3c
       649  ,,,,,,,,,,,,,,,,  2c2c2c2c2c2c2c2c2c2c2c2c2c2c2c2c
       461  <<<<<<<<<<<<<<<,  3c3c3c3c3c3c3c3c3c3c3c3c3c3c3c2c
       453  <,<<<<<<<<<<<<<<  3c2c3c3c3c3c3c3c3c3c3c3c3c3c3c3c
       449  ,<<<<<<<<<<<<<<<  2c3c3c3c3c3c3c3c3c3c3c3c3c3c3c3c
       448  <<<<<<<<<<<<<<,<  3c3c3c3c3c3c3c3c3c3c3c3c3c3c2c3c
       443  <<<<<<<<<<<<<,<<  3c3c3c3c3c3c3c3c3c3c3c3c3c2c3c3c
       443  <<,<<<<<<<<<<<<<  3c3c2c3c3c3c3c3c3c3c3c3c3c3c3c3c
       435  <<<<<<<<<<<<,<<<  3c3c3c3c3c3c3c3c3c3c3c3c2c3c3c3c
       431  <<<<<<<<<<<,<<<<  3c3c3c3c3c3c3c3c3c3c3c2c3c3c3c3c
# epoch 45250  H=1.5290 C=1.4169 HO=0.1121  A(t)=2139
     18077  <<<<<<<<<<<<<<<<  3c3c3c3c3c3c3c3c3c3c3c3c3c3c3c3c
       932  ,,,,,,,,,,,,,,,,  2c2c2c2c2c2c2c2c2c2c2c2c2c2c2c2c
       458  ,<<<<<<<<<<<<<<<  2c3c3c3c3c3c3c3c3c3c3c3c3c3c3c3c
       452  <<<<<<<<<<<<<<<,  3c3c3c3c3c3c3c3c3c3c3c3c3c3c3c2c
       427  <,<<<<<<<<<<<<<<  3c2c3c3c3c3c3c3c3c3c3c3c3c3c3c3c
       420  <<<<<<<<<<<<<<,<  3c3c3c3c3c3c3c3c3c3c3c3c3c3c2c3c
       412  <<<<<<<<<<<<,<<<  3c3c3c3c3c3c3c3c3c3c3c3c2c3c3c3c
       410  <<,<<<<<<<<<<<<<  3c3c2c3c3c3c3c3c3c3c3c3c3c3c3c3c
       407  <<<<<<<<<<<<<,<<  3c3c3c3c3c3c3c3c3c3c3c3c3c2c3c3c
       407  <<<,<<<<<<<<<<<<  3c3c3c2c3c3c3c3c3c3c3c3c3c3c3c3c
# epoch 45300  H=1.4662 C=1.3796 HO=0.0866  A(t)=2139
     18030  <<<<<<<<<<<<<<<<  3c3c3c3c3c3c3c3c3c3c3c3c3c3c3c3c
       711  ,,,,,,,,,,,,,,,,  2c2c2c2c2c2c2c2c2c2c2c2c2c2c2c2c
       490  <<<<<<<<<<<<<<<,  3c3c3c3c3c3c3c3c3c3c3c3c3c3c3c2c
       459  ,<<<<<<<<<<<<<<<  2c3c3c3c3c3c3c3c3c3c3c3c3c3c3c3c
       456  <<<<<<<<<<<<<<,<  3c3c3c3c3c3c3c3c3c3c3c3c3c3c2c3c
       440  <<<<<<<<<<<<<,<<  3c3c3c3c3c3c3c3c3c3c3c3c3c2c3c3c
       440  <<<<<<<<<,<<<<<<  3c3c3c3c3c3c3c3c3c2c3c3c3c3c3c3c
       438  <,<<<<<<<<<<<<<<  3c2c3c3c3c3c3c3c3c3c3c3c3c3c3c3c
       437  <<<<<<<<<<<<,<<<  3c3c3c3c3c3c3c3c3c3c3c3c2c3c3c3c
       435  <<<<<<,<<<<<<<<<  3c3c3c3c3c3c2c3c3c3c3c3c3c3c3c3c
# epoch 45350  H=1.3762 C=1.2773 HO=0.0989  A(t)=2139
     19365  <<<<<<<<<<<<<<<<  3c3c3c3c3c3c3c3c3c3c3c3c3c3c3c3c
       842  ,,,,,,,,,,,,,,,,  2c2c2c2c2c2c2c2c2c2c2c2c2c2c2c2c
       522  <<<<<<<<<<<<<<<,  3c3c3c3c3c3c3c3c3c3c3c3c3c3c3c2c
       504  <<<<<<<<<<<<<<,<  3c3c3c3c3c3c3c3c3c3c3c3c3c3c2c3c
       497  <<<<<<<<<<<<,<<<  3c3c3c3c3c3c3c3c3c3c3c3c2c3c3c3c
       497  <<<<,<<<<<<<<<<<  3c3c3c3c2c3c3c3c3c3c3c3c3c3c3c3c
       493  <<<<<<<<<<<<<,<<  3c3c3c3c3c3c3c3c3c3c3c3c3c2c3c3c
       489  ,<<<<<<<<<<<<<<<  2c3c3c3c3c3c3c3c3c3c3c3c3c3c3c3c
       488  <<<<<,<<<<<<<<<<  3c3c3c3c3c2c3c3c3c3c3c3c3c3c3c3c
       487  <<<,<<<<<<<<<<<<  3c3c3c2c3c3c3c3c3c3c3c3c3c3c3c3c
# epoch 45400  H=1.1730 C=1.1487 HO=0.0243  A(t)=2139
     22426  <<<<<<<<<<<<<<<<  3c3c3c3c3c3c3c3c3c3c3c3c3c3c3c3c
       543  <<<<<<<<<<<<<<<,  3c3c3c3c3c3c3c3c3c3c3c3c3c3c3c2c
       537  ,<<<<<<<<<<<<<<<  2c3c3c3c3c3c3c3c3c3c3c3c3c3c3c3c
       524  <<<<<<<<<<<<<<,<  3c3c3c3c3c3c3c3c3c3c3c3c3c3c2c3c
       520  <<<<<<<<<<<<<,<<  3c3c3c3c3c3c3c3c3c3c3c3c3c2c3c3c
       520  <<<<<<<<<<<,<<<<  3c3c3c3c3c3c3c3c3c3c3c2c3c3c3c3c
       520  <,<<<<<<<<<<<<<<  3c2c3c3c3c3c3c3c3c3c3c3c3c3c3c3c
       519  <<<<,<<<<<<<<<<<  3c3c3c3c2c3c3c3c3c3c3c3c3c3c3c3c
       515  <<,<<<<<<<<<<<<<  3c3c2c3c3c3c3c3c3c3c3c3c3c3c3c3c
       513  <<<<<<<<<<<<,<<<  3c3c3c3c3c3c3c3c3c3c3c3c2c3c3c3c
# epoch 45450  H=1.1509 C=1.1306 HO=0.0203  A(t)=2139
     23547  <<<<<<<<<<<<<<<<  3c3c3c3c3c3c3c3c3c3c3c3c3c3c3c3c
       647  ,,,,,,,,,,,,,,,,  2c2c2c2c2c2c2c2c2c2c2c2c2c2c2c2c
       505  <<<<<<<<<<<<<<<,  3c3c3c3c3c3c3c3c3c3c3c3c3c3c3c2c
       487  <<<<<<<<<<<<<<,<  3c3c3c3c3c3c3c3c3c3c3c3c3c3c2c3c
       484  ,<<<<<<<<<<<<<<<  2c3c3c3c3c3c3c3c3c3c3c3c3c3c3c3c
       480  <<<<<<<<<<<<,<<<  3c3c3c3c3c3c3c3c3c3c3c3c2c3c3c3c
       478  <<,<<<<<<<<<<<<<  3c3c2c3c3c3c3c3c3c3c3c3c3c3c3c3c
       478  <,<<<<<<<<<<<<<<  3c2c3c3c3c3c3c3c3c3c3c3c3c3c3c3c
       472  <<<<<<<<<<<<<,<<  3c3c3c3c3c3c3c3c3c3c3c3c3c2c3c3c
       471  <<<<<<<<<<<,<<<<  3c3c3c3c3c3c3c3c3c3c3c2c3c3c3c3c
# epoch 45500  H=1.2367 C=1.2097 HO=0.0270  A(t)=2139
     21112  <<<<<<<<<<<<<<<<  3c3c3c3c3c3c3c3c3c3c3c3c3c3c3c3c
       567  ,,,,,,,,,,,,,,,,  2c2c2c2c2c2c2c2c2c2c2c2c2c2c2c2c
       491  <<<<<<<<<<<<<<<,  3c3c3c3c3c3c3c3c3c3c3c3c3c3c3c2c
       473  ,<<<<<<<<<<<<<<<  2c3c3c3c3c3c3c3c3c3c3c3c3c3c3c3c
       466  <<<<<<,<<<<<<<<<  3c3c3c3c3c3c2c3c3c3c3c3c3c3c3c3c
       465  <<<<<<<<<<<<<<,<  3c3c3c3c3c3c3c3c3c3c3c3c3c3c2c3c
       461  <<<<<<<<<<<<<,<<  3c3c3c3c3c3c3c3c3c3c3c3c3c2c3c3c
       460  <,<<<<<<<<<<<<<<  3c2c3c3c3c3c3c3c3c3c3c3c3c3c3c3c
       459  <<<<<,<<<<<<<<<<  3c3c3c3c3c2c3c3c3c3c3c3c3c3c3c3c
       458  <<<<<<<<<,<<<<<<  3c3c3c3c3c3c3c3c3c2c3c3c3c3c3c3c
# epoch 45550  H=1.2723 C=1.2562 HO=0.0161  A(t)=2139
     20174  <<<<<<<<<<<<<<<<  3c3c3c3c3c3c3c3c3c3c3c3c3c3c3c3c
       685  ,,,,,,,,,,,,,,,,  2c2c2c2c2c2c2c2c2c2c2c2c2c2c2c2c
       503  <<<<<<<<<<<<<<<,  3c3c3c3c3c3c3c3c3c3c3c3c3c3c3c2c
       487  <<<<<,<<<<<<<<<<  3c3c3c3c3c2c3c3c3c3c3c3c3c3c3c3c
       485  <<<<,<<<<<<<<<<<  3c3c3c3c2c3c3c3c3c3c3c3c3c3c3c3c
       481  ,<<<<<<<<<<<<<<<  2c3c3c3c3c3c3c3c3c3c3c3c3c3c3c3c
       480  <<<,<<<<<<<<<<<<  3c3c3c2c3c3c3c3c3c3c3c3c3c3c3c3c
       479  <<<<<<,<<<<<<<<<  3c3c3c3c3c3c2c3c3c3c3c3c3c3c3c3c
       479  <<,<<<<<<<<<<<<<  3c3c2c3c3c3c3c3c3c3c3c3c3c3c3c3c
       477  <<<<<<<<<<,<<<<<  3c3c3c3c3c3c3c3c3c3c2c3c3c3c3c3c
# epoch 45600  H=1.3884 C=1.3147 HO=0.0737  A(t)=2139
     19785  <<<<<<<<<<<<<<<<  3c3c3c3c3c3c3c3c3c3c3c3c3c3c3c3c
       868  ,,,,,,,,,,,,,,,,  2c2c2c2c2c2c2c2c2c2c2c2c2c2c2c2c
       452  <<<<<<<<<<<<<<<,  3c3c3c3c3c3c3c3c3c3c3c3c3c3c3c2c
       430  ,<<<<<<<<<<<<<<<  2c3c3c3c3c3c3c3c3c3c3c3c3c3c3c3c
       424  <<<<<<<<<<<<<<,<  3c3c3c3c3c3c3c3c3c3c3c3c3c3c2c3c
       417  <,<<<<<<<<<<<<<<  3c2c3c3c3c3c3c3c3c3c3c3c3c3c3c3c
       414  <<,<<<<<<<<<<<<<  3c3c2c3c3c3c3c3c3c3c3c3c3c3c3c3c
       406  <<<<<<<<<<,<<<<<  3c3c3c3c3c3c3c3c3c3c2c3c3c3c3c3c
       405  <<<<<<<<<<<<<,<<  3c3c3c3c3c3c3c3c3c3c3c3c3c2c3c3c
       404  <<<<<<<,<<<<<<<<  3c3c3c3c3c3c3c2c3c3c3c3c3c3c3c3c
# epoch 45650  H=1.3057 C=1.2424 HO=0.0633  A(t)=2139
     20032  <<<<<<<<<<<<<<<<  3c3c3c3c3c3c3c3c3c3c3c3c3c3c3c3c
       913  ,,,,,,,,,,,,,,,,  2c2c2c2c2c2c2c2c2c2c2c2c2c2c2c2c
       511  <<<<<<<<<<<<<<<,  3c3c3c3c3c3c3c3c3c3c3c3c3c3c3c2c
       482  ,<<<<<<<<<<<<<<<  2c3c3c3c3c3c3c3c3c3c3c3c3c3c3c3c
       479  <<<<<<<<<<<<<<,<  3c3c3c3c3c3c3c3c3c3c3c3c3c3c2c3c
       465  <<<<<<<<<<<<<,<<  3c3c3c3c3c3c3c3c3c3c3c3c3c2c3c3c
       461  <<<<<<<<<<<<,<<<  3c3c3c3c3c3c3c3c3c3c3c3c2c3c3c3c
       459  <,<<<<<<<<<<<<<<  3c2c3c3c3c3c3c3c3c3c3c3c3c3c3c3c
       457  <<,<<<<<<<<<<<<<  3c3c2c3c3c3c3c3c3c3c3c3c3c3c3c3c
       444  <<<,<<<<<<<<<<<<  3c3c3c2c3c3c3c3c3c3c3c3c3c3c3c3c
# epoch 45700  H=1.3106 C=1.2618 HO=0.0488  A(t)=2139
     18430  <<<<<<<<<<<<<<<<  3c3c3c3c3c3c3c3c3c3c3c3c3c3c3c3c
       656  ,,,,,,,,,,,,,,,,  2c2c2c2c2c2c2c2c2c2c2c2c2c2c2c2c
       491  <<<<<<<<<<<<<<<,  3c3c3c3c3c3c3c3c3c3c3c3c3c3c3c2c
       478  ,<<<<<<<<<<<<<<<  2c3c3c3c3c3c3c3c3c3c3c3c3c3c3c3c
       457  <,<<<<<<<<<<<<<<  3c2c3c3c3c3c3c3c3c3c3c3c3c3c3c3c
       454  <<<<<<<<<<<<<<,<  3c3c3c3c3c3c3c3c3c3c3c3c3c3c2c3c
       453  <<<<<<<<<<<<<,<<  3c3c3c3c3c3c3c3c3c3c3c3c3c2c3c3c
       450  <<,<<<<<<<<<<<<<  3c3c2c3c3c3c3c3c3c3c3c3c3c3c3c3c
       438  <<<<<<<<<<<<,<<<  3c3c3c3c3c3c3c3c3c3c3c3c2c3c3c3c
       438  <<<<<<<<<<<,<<<<  3c3c3c3c3c3c3c3c3c3c3c2c3c3c3c3c
# epoch 45750  H=1.3179 C=1.2732 HO=0.0447  A(t)=2139
     19764  <<<<<<<<<<<<<<<<  3c3c3c3c3c3c3c3c3c3c3c3c3c3c3c3c
       656  ,,,,,,,,,,,,,,,,  2c2c2c2c2c2c2c2c2c2c2c2c2c2c2c2c
       554  <<<<<<<<<<<<<<<,  3c3c3c3c3c3c3c3c3c3c3c3c3c3c3c2c
       539  ,<<<<<<<<<<<<<<<  2c3c3c3c3c3c3c3c3c3c3c3c3c3c3c3c
       525  <<<<<<<<<<<<<<,<  3c3c3c3c3c3c3c3c3c3c3c3c3c3c2c3c
       517  <<<<<<<<<<<<<,<<  3c3c3c3c3c3c3c3c3c3c3c3c3c2c3c3c
       517  <<<<<<<<<<<<,<<<  3c3c3c3c3c3c3c3c3c3c3c3c2c3c3c3c
       517  <,<<<<<<<<<<<<<<  3c2c3c3c3c3c3c3c3c3c3c3c3c3c3c3c
       516  <<<<<<<<<,<<<<<<  3c3c3c3c3c3c3c3c3c2c3c3c3c3c3c3c
       515  <<<<<<<<<<<,<<<<  3c3c3c3c3c3c3c3c3c3c3c2c3c3c3c3c
# epoch 45800  H=1.3954 C=1.3518 HO=0.0436  A(t)=2139
     17183  <<<<<<<<<<<<<<<<  3c3c3c3c3c3c3c3c3c3c3c3c3c3c3c3c
       632  ,,,,,,,,,,,,,,,,  2c2c2c2c2c2c2c2c2c2c2c2c2c2c2c2c
       570  <<<<<<<<<<<<<<<,  3c3c3c3c3c3c3c3c3c3c3c3c3c3c3c2c
       556  ,<<<<<<<<<<<<<<<  2c3c3c3c3c3c3c3c3c3c3c3c3c3c3c3c
       538  <,<<<<<<<<<<<<<<  3c2c3c3c3c3c3c3c3c3c3c3c3c3c3c3c
       536  <<<,<<<<<<<<<<<<  3c3c3c2c3c3c3c3c3c3c3c3c3c3c3c3c
       533  <<,<<<<<<<<<<<<<  3c3c2c3c3c3c3c3c3c3c3c3c3c3c3c3c
       532  <<<<,<<<<<<<<<<<  3c3c3c3c2c3c3c3c3c3c3c3c3c3c3c3c
       530  <<<<<<<<<<<<<<,<  3c3c3c3c3c3c3c3c3c3c3c3c3c3c2c3c
       529  <<<<<<<,<<<<<<<<  3c3c3c3c3c3c3c2c3c3c3c3c3c3c3c3c
# epoch 45850  H=1.4008 C=1.3250 HO=0.0758  A(t)=2139
     18029  <<<<<<<<<<<<<<<<  3c3c3c3c3c3c3c3c3c3c3c3c3c3c3c3c
       607  ,,,,,,,,,,,,,,,,  2c2c2c2c2c2c2c2c2c2c2c2c2c2c2c2c
       521  <<<<<<<<<<<<<<<,  3c3c3c3c3c3c3c3c3c3c3c3c3c3c3c2c
       510  <<<<<<<<<<<<<<,<  3c3c3c3c3c3c3c3c3c3c3c3c3c3c2c3c
       505  ,<<<<<<<<<<<<<<<  2c3c3c3c3c3c3c3c3c3c3c3c3c3c3c3c
       504  <,<<<<<<<<<<<<<<  3c2c3c3c3c3c3c3c3c3c3c3c3c3c3c3c
       486  <<<<<<<<<<<<<,<<  3c3c3c3c3c3c3c3c3c3c3c3c3c2c3c3c
       486  <<<,<<<<<<<<<<<<  3c3c3c2c3c3c3c3c3c3c3c3c3c3c3c3c
       485  <<,<<<<<<<<<<<<<  3c3c2c3c3c3c3c3c3c3c3c3c3c3c3c3c
       484  <<<<<,<<<<<<<<<<  3c3c3c3c3c2c3c3c3c3c3c3c3c3c3c3c
# epoch 45900  H=1.2775 C=1.2052 HO=0.0723  A(t)=2139
     20159  <<<<<<<<<<<<<<<<  3c3c3c3c3c3c3c3c3c3c3c3c3c3c3c3c
       630  ,,,,,,,,,,,,,,,,  2c2c2c2c2c2c2c2c2c2c2c2c2c2c2c2c
       561  ,<<<<<<<<<<<<<<<  2c3c3c3c3c3c3c3c3c3c3c3c3c3c3c3c
       558  <<<<<<<<<<<<<<<,  3c3c3c3c3c3c3c3c3c3c3c3c3c3c3c2c
       535  <,<<<<<<<<<<<<<<  3c2c3c3c3c3c3c3c3c3c3c3c3c3c3c3c
       530  <<<<<,<<<<<<<<<<  3c3c3c3c3c2c3c3c3c3c3c3c3c3c3c3c
       528  <<<<,<<<<<<<<<<<  3c3c3c3c2c3c3c3c3c3c3c3c3c3c3c3c
       527  <<<<<<<,<<<<<<<<  3c3c3c3c3c3c3c2c3c3c3c3c3c3c3c3c
       526  <<<<<<<<<<,<<<<<  3c3c3c3c3c3c3c3c3c3c2c3c3c3c3c3c
       525  <<<<<<<<<<<<<<,<  3c3c3c3c3c3c3c3c3c3c3c3c3c3c2c3c
# epoch 45950  H=1.2039 C=1.1429 HO=0.0609  A(t)=2139
     20772  <<<<<<<<<<<<<<<<  3c3c3c3c3c3c3c3c3c3c3c3c3c3c3c3c
       524  <<<<<<<<<<<<<<<,  3c3c3c3c3c3c3c3c3c3c3c3c3c3c3c2c
       511  ,<<<<<<<<<<<<<<<  2c3c3c3c3c3c3c3c3c3c3c3c3c3c3c3c
       496  <<<<<<<<<<<<<<,<  3c3c3c3c3c3c3c3c3c3c3c3c3c3c2c3c
       495  <,<<<<<<<<<<<<<<  3c2c3c3c3c3c3c3c3c3c3c3c3c3c3c3c
       494  <<<,<<<<<<<<<<<<  3c3c3c2c3c3c3c3c3c3c3c3c3c3c3c3c
       494  <<,<<<<<<<<<<<<<  3c3c2c3c3c3c3c3c3c3c3c3c3c3c3c3c
       492  <<<<,<<<<<<<<<<<  3c3c3c3c2c3c3c3c3c3c3c3c3c3c3c3c
       488  <<<<<<<<<<<<<,<<  3c3c3c3c3c3c3c3c3c3c3c3c3c2c3c3c
       484  <<<<<<<<<<<<,<<<  3c3c3c3c3c3c3c3c3c3c3c3c2c3c3c3c
# epoch 46000  H=1.2258 C=1.1467 HO=0.0791  A(t)=2139
     20928  <<<<<<<<<<<<<<<<  3c3c3c3c3c3c3c3c3c3c3c3c3c3c3c3c
       931  ,,,,,,,,,,,,,,,,  2c2c2c2c2c2c2c2c2c2c2c2c2c2c2c2c
       533  <<<<<<<<<<<<<<<,  3c3c3c3c3c3c3c3c3c3c3c3c3c3c3c2c
       528  ,<<<<<<<<<<<<<<<  2c3c3c3c3c3c3c3c3c3c3c3c3c3c3c3c
       501  <,<<<<<<<<<<<<<<  3c2c3c3c3c3c3c3c3c3c3c3c3c3c3c3c
       499  <<,<<<<<<<<<<<<<  3c3c2c3c3c3c3c3c3c3c3c3c3c3c3c3c
       494  <<<<<<<<<<<<<<,<  3c3c3c3c3c3c3c3c3c3c3c3c3c3c2c3c
       488  <<<<<<<<<<<<<,<<  3c3c3c3c3c3c3c3c3c3c3c3c3c2c3c3c
       477  <<<<<,<<<<<<<<<<  3c3c3c3c3c2c3c3c3c3c3c3c3c3c3c3c
       475  <<<,<<<<<<<<<<<<  3c3c3c2c3c3c3c3c3c3c3c3c3c3c3c3c
# epoch 46050  H=1.3736 C=1.2992 HO=0.0744  A(t)=2140
     21143  <<<<<<<<<<<<<<<<  3c3c3c3c3c3c3c3c3c3c3c3c3c3c3c3c
       539  ,,,,,,,,,,,,,,,,  2c2c2c2c2c2c2c2c2c2c2c2c2c2c2c2c
       507  <<<<<<<<<<<<<<<,  3c3c3c3c3c3c3c3c3c3c3c3c3c3c3c2c
       490  ,<<<<<<<<<<<<<<<  2c3c3c3c3c3c3c3c3c3c3c3c3c3c3c3c
       480  <<<,<<<<<<<<<<<<  3c3c3c2c3c3c3c3c3c3c3c3c3c3c3c3c
       478  <,<<<<<<<<<<<<<<  3c2c3c3c3c3c3c3c3c3c3c3c3c3c3c3c
       477  <<<<<<<<<<<<<<,<  3c3c3c3c3c3c3c3c3c3c3c3c3c3c2c3c
       477  <<,<<<<<<<<<<<<<  3c3c2c3c3c3c3c3c3c3c3c3c3c3c3c3c
       470  <<<<<<<<<<<<,<<<  3c3c3c3c3c3c3c3c3c3c3c3c2c3c3c3c
       470  <<<<<<,<<<<<<<<<  3c3c3c3c3c3c2c3c3c3c3c3c3c3c3c3c
# epoch 46100  H=1.4091 C=1.3601 HO=0.0490  A(t)=2140
     19429  <<<<<<<<<<<<<<<<  3c3c3c3c3c3c3c3c3c3c3c3c3c3c3c3c
       497  <<<<<<<<<<<<<<<,  3c3c3c3c3c3c3c3c3c3c3c3c3c3c3c2c
       489  <<<<<<<<<<<<<,<<  3c3c3c3c3c3c3c3c3c3c3c3c3c2c3c3c
       481  <<<<<<<<<<<<<<,<  3c3c3c3c3c3c3c3c3c3c3c3c3c3c2c3c
       476  <<<<<<<<<<<<,<<<  3c3c3c3c3c3c3c3c3c3c3c3c2c3c3c3c
       471  <<<<<<<<<<<,<<<<  3c3c3c3c3c3c3c3c3c3c3c2c3c3c3c3c
       467  ,<<<<<<<<<<<<<<<  2c3c3c3c3c3c3c3c3c3c3c3c3c3c3c3c
       463  <<<<<<<,<<<<<<<<  3c3c3c3c3c3c3c2c3c3c3c3c3c3c3c3c
       462  <<<<<<,<<<<<<<<<  3c3c3c3c3c3c2c3c3c3c3c3c3c3c3c3c
       460  <<<<,<<<<<<<<<<<  3c3c3c3c2c3c3c3c3c3c3c3c3c3c3c3c
# epoch 46150  H=1.2816 C=1.2218 HO=0.0598  A(t)=2144
     21911  <<<<<<<<<<<<<<<<  3c3c3c3c3c3c3c3c3c3c3c3c3c3c3c3c
       477  <<<<<<<<<<<<<<<,  3c3c3c3c3c3c3c3c3c3c3c3c3c3c3c2c
       463  ,<<<<<<<<<<<<<<<  2c3c3c3c3c3c3c3c3c3c3c3c3c3c3c3c
       442  <<,<<<<<<<<<<<<<  3c3c2c3c3c3c3c3c3c3c3c3c3c3c3c3c
       441  <,<<<<<<<<<<<<<<  3c2c3c3c3c3c3c3c3c3c3c3c3c3c3c3c
       436  <<<,<<<<<<<<<<<<  3c3c3c2c3c3c3c3c3c3c3c3c3c3c3c3c
       434  <<<<<<,<<<<<<<<<  3c3c3c3c3c3c2c3c3c3c3c3c3c3c3c3c
       433  <<<<<<<<<<<<<<,<  3c3c3c3c3c3c3c3c3c3c3c3c3c3c2c3c
       433  <<<<<<<,<<<<<<<<  3c3c3c3c3c3c3c2c3c3c3c3c3c3c3c3c
       433  <<<<,<<<<<<<<<<<  3c3c3c3c2c3c3c3c3c3c3c3c3c3c3c3c
# epoch 46200  H=1.2454 C=1.1875 HO=0.0579  A(t)=2144
     21589  <<<<<<<<<<<<<<<<  3c3c3c3c3c3c3c3c3c3c3c3c3c3c3c3c
       494  <<<<<<<<<<<<<<<,  3c3c3c3c3c3c3c3c3c3c3c3c3c3c3c2c
       489  <<<<<<<<<<,<<<<<  3c3c3c3c3c3c3c3c3c3c2c3c3c3c3c3c
       489  <<<<<<<,<<<<<<<<  3c3c3c3c3c3c3c2c3c3c3c3c3c3c3c3c
       486  ,<<<<<<<<<<<<<<<  2c3c3c3c3c3c3c3c3c3c3c3c3c3c3c3c
       485  <<<<<<<<<,<<<<<<  3c3c3c3c3c3c3c3c3c2c3c3c3c3c3c3c
       480  <<<<<<<<<<<<,<<<  3c3c3c3c3c3c3c3c3c3c3c3c2c3c3c3c
       479  <<<<<<<<<<<<<<,<  3c3c3c3c3c3c3c3c3c3c3c3c3c3c2c3c
       478  <<<<<<<<<<<<<,<<  3c3c3c3c3c3c3c3c3c3c3c3c3c2c3c3c
       477  <<<<<<<<<<<,<<<<  3c3c3c3c3c3c3c3c3c3c3c2c3c3c3c3c
# epoch 46250  H=1.1195 C=1.0880 HO=0.0315  A(t)=2146
     24359  <<<<<<<<<<<<<<<<  3c3c3c3c3c3c3c3c3c3c3c3c3c3c3c3c
       540  <<<<<<<<<<<<<<<,  3c3c3c3c3c3c3c3c3c3c3c3c3c3c3c2c
       523  ,<<<<<<<<<<<<<<<  2c3c3c3c3c3c3c3c3c3c3c3c3c3c3c3c
       516  <<<<<<<<<<<<<<,<  3c3c3c3c3c3c3c3c3c3c3c3c3c3c2c3c
       508  <<<<<<<<<<<<<,<<  3c3c3c3c3c3c3c3c3c3c3c3c3c2c3c3c
       500  <,<<<<<<<<<<<<<<  3c2c3c3c3c3c3c3c3c3c3c3c3c3c3c3c
       486  ,,,,,,,,,,,,,,,,  2c2c2c2c2c2c2c2c2c2c2c2c2c2c2c2c
       485  <<,<<<<<<<<<<<<<  3c3c2c3c3c3c3c3c3c3c3c3c3c3c3c3c
       480  <<<<<<<<<<<<,<<<  3c3c3c3c3c3c3c3c3c3c3c3c2c3c3c3c
       476  <<<,<<<<<<<<<<<<  3c3c3c2c3c3c3c3c3c3c3c3c3c3c3c3c
# epoch 46300  H=1.2548 C=1.1705 HO=0.0843  A(t)=2146
     22421  <<<<<<<<<<<<<<<<  3c3c3c3c3c3c3c3c3c3c3c3c3c3c3c3c
       870  ,,,,,,,,,,,,,,,,  2c2c2c2c2c2c2c2c2c2c2c2c2c2c2c2c
       475  <<<<<<<<<<<<<<<,  3c3c3c3c3c3c3c3c3c3c3c3c3c3c3c2c
       462  ,<<<<<<<<<<<<<<<  2c3c3c3c3c3c3c3c3c3c3c3c3c3c3c3c
       445  <<<<<<<<<<<<<<,<  3c3c3c3c3c3c3c3c3c3c3c3c3c3c2c3c
       444  <,<<<<<<<<<<<<<<  3c2c3c3c3c3c3c3c3c3c3c3c3c3c3c3c
       434  <<,<<<<<<<<<<<<<  3c3c2c3c3c3c3c3c3c3c3c3c3c3c3c3c
       419  <<<,<<<<<<<<<<<<  3c3c3c2c3c3c3c3c3c3c3c3c3c3c3c3c
       417  <<<<<<<<<<<<<,<<  3c3c3c3c3c3c3c3c3c3c3c3c3c2c3c3c
       415  <<<<<<<<<<<<,<<<  3c3c3c3c3c3c3c3c3c3c3c3c2c3c3c3c
# epoch 46350  H=1.2738 C=1.2375 HO=0.0363  A(t)=2146
     20885  <<<<<<<<<<<<<<<<  3c3c3c3c3c3c3c3c3c3c3c3c3c3c3c3c
       520  ,,,,,,,,,,,,,,,,  2c2c2c2c2c2c2c2c2c2c2c2c2c2c2c2c
       471  <<<<<<<<<<<<<<<,  3c3c3c3c3c3c3c3c3c3c3c3c3c3c3c2c
       463  ,<<<<<<<<<<<<<<<  2c3c3c3c3c3c3c3c3c3c3c3c3c3c3c3c
       447  <,<<<<<<<<<<<<<<  3c2c3c3c3c3c3c3c3c3c3c3c3c3c3c3c
       434  <<<<<<<<<<<<<<,<  3c3c3c3c3c3c3c3c3c3c3c3c3c3c2c3c
       428  <<,<<<<<<<<<<<<<  3c3c2c3c3c3c3c3c3c3c3c3c3c3c3c3c
       417  <<<<<<<<<<<<<,<<  3c3c3c3c3c3c3c3c3c3c3c3c3c2c3c3c
       416  <<<<<<,<<<<<<<<<  3c3c3c3c3c3c2c3c3c3c3c3c3c3c3c3c
       414  <<<<<<<,<<<<<<<<  3c3c3c3c3c3c3c2c3c3c3c3c3c3c3c3c
# epoch 46400  H=1.3790 C=1.3340 HO=0.0450  A(t)=2146
     18599  <<<<<<<<<<<<<<<<  3c3c3c3c3c3c3c3c3c3c3c3c3c3c3c3c
       594  ,,,,,,,,,,,,,,,,  2c2c2c2c2c2c2c2c2c2c2c2c2c2c2c2c
       445  <<<<<<<<<<<<<<<,  3c3c3c3c3c3c3c3c3c3c3c3c3c3c3c2c
       441  ,<<<<<<<<<<<<<<<  2c3c3c3c3c3c3c3c3c3c3c3c3c3c3c3c
       428  <<<<<<<<<<<<<<,<  3c3c3c3c3c3c3c3c3c3c3c3c3c3c2c3c
       425  <<<<<<,<<<<<<<<<  3c3c3c3c3c3c2c3c3c3c3c3c3c3c3c3c
       425  <,<<<<<<<<<<<<<<  3c2c3c3c3c3c3c3c3c3c3c3c3c3c3c3c
       421  <<<<<<<,<<<<<<<<  3c3c3c3c3c3c3c2c3c3c3c3c3c3c3c3c
       420  <<<<<<<<<<<<<,<<  3c3c3c3c3c3c3c3c3c3c3c3c3c2c3c3c
       416  <<<<<<<<<,<<<<<<  3c3c3c3c3c3c3c3c3c2c3c3c3c3c3c3c
# epoch 46450  H=1.3486 C=1.3112 HO=0.0374  A(t)=2147
     18489  <<<<<<<<<<<<<<<<  3c3c3c3c3c3c3c3c3c3c3c3c3c3c3c3c
       659  ,,,,,,,,,,,,,,,,  2c2c2c2c2c2c2c2c2c2c2c2c2c2c2c2c
       471  ,<<<<<<<<<<<<<<<  2c3c3c3c3c3c3c3c3c3c3c3c3c3c3c3c
       468  <<<<<<<<<<<<<<<,  3c3c3c3c3c3c3c3c3c3c3c3c3c3c3c2c
       449  <,<<<<<<<<<<<<<<  3c2c3c3c3c3c3c3c3c3c3c3c3c3c3c3c
       441  <<,<<<<<<<<<<<<<  3c3c2c3c3c3c3c3c3c3c3c3c3c3c3c3c
       438  <<<<,<<<<<<<<<<<  3c3c3c3c2c3c3c3c3c3c3c3c3c3c3c3c
       436  <<<<<<<<<<<<<<,<  3c3c3c3c3c3c3c3c3c3c3c3c3c3c2c3c
       435  <<<,<<<<<<<<<<<<  3c3c3c2c3c3c3c3c3c3c3c3c3c3c3c3c
       428  <<<<<<<<<<<<<,<<  3c3c3c3c3c3c3c3c3c3c3c3c3c2c3c3c
# epoch 46500  H=1.3475 C=1.2955 HO=0.0519  A(t)=2149
     19490  <<<<<<<<<<<<<<<<  3c3c3c3c3c3c3c3c3c3c3c3c3c3c3c3c
       578  ,,,,,,,,,,,,,,,,  2c2c2c2c2c2c2c2c2c2c2c2c2c2c2c2c
       465  <<<<<<<<<<<<<<<,  3c3c3c3c3c3c3c3c3c3c3c3c3c3c3c2c
       449  <<<<<<<<<<<<<<,<  3c3c3c3c3c3c3c3c3c3c3c3c3c3c2c3c
       449  ,<<<<<<<<<<<<<<<  2c3c3c3c3c3c3c3c3c3c3c3c3c3c3c3c
       441  <,<<<<<<<<<<<<<<  3c2c3c3c3c3c3c3c3c3c3c3c3c3c3c3c
       433  <<,<<<<<<<<<<<<<  3c3c2c3c3c3c3c3c3c3c3c3c3c3c3c3c
       432  <<<,<<<<<<<<<<<<  3c3c3c2c3c3c3c3c3c3c3c3c3c3c3c3c
       431  <<<<<<<<<<<<<,<<  3c3c3c3c3c3c3c3c3c3c3c3c3c2c3c3c
       430  <<<<<<<,<<<<<<<<  3c3c3c3c3c3c3c2c3c3c3c3c3c3c3c3c
# epoch 46550  H=1.2728 C=1.2571 HO=0.0157  A(t)=2152
     20233  <<<<<<<<<<<<<<<<  3c3c3c3c3c3c3c3c3c3c3c3c3c3c3c3c
       689  ,,,,,,,,,,,,,,,,  2c2c2c2c2c2c2c2c2c2c2c2c2c2c2c2c
       481  <<<<<<<<<<<<<<<,  3c3c3c3c3c3c3c3c3c3c3c3c3c3c3c2c
       475  ,<<<<<<<<<<<<<<<  2c3c3c3c3c3c3c3c3c3c3c3c3c3c3c3c
       471  <<<<<<<<<<<<<,<<  3c3c3c3c3c3c3c3c3c3c3c3c3c2c3c3c
       469  <<<<<<<<<<<<<<,<  3c3c3c3c3c3c3c3c3c3c3c3c3c3c2c3c
       466  <,<<<<<<<<<<<<<<  3c2c3c3c3c3c3c3c3c3c3c3c3c3c3c3c
       460  <<,<<<<<<<<<<<<<  3c3c2c3c3c3c3c3c3c3c3c3c3c3c3c3c
       456  <<<<<<<<<<<<,<<<  3c3c3c3c3c3c3c3c3c3c3c3c2c3c3c3c
       445  <<<,<<<<<<<<<<<<  3c3c3c2c3c3c3c3c3c3c3c3c3c3c3c3c
# epoch 46600  H=1.4187 C=1.3416 HO=0.0772  A(t)=2152
     18908  <<<<<<<<<<<<<<<<  3c3c3c3c3c3c3c3c3c3c3c3c3c3c3c3c
       954  ,,,,,,,,,,,,,,,,  2c2c2c2c2c2c2c2c2c2c2c2c2c2c2c2c
       484  <<<<<<<<<<<<<<<,  3c3c3c3c3c3c3c3c3c3c3c3c3c3c3c2c
       475  <<<<<<<<<<,<<<<<  3c3c3c3c3c3c3c3c3c3c2c3c3c3c3c3c
       472  <<<<<<<<<<<,<<<<  3c3c3c3c3c3c3c3c3c3c3c2c3c3c3c3c
       467  ,<<<<<<<<<<<<<<<  2c3c3c3c3c3c3c3c3c3c3c3c3c3c3c3c
       463  <<<<<<<<<<<<<<,<  3c3c3c3c3c3c3c3c3c3c3c3c3c3c2c3c
       460  <<<<<<<<<,<<<<<<  3c3c3c3c3c3c3c3c3c2c3c3c3c3c3c3c
       458  <<<<<<<<<<<<,<<<  3c3c3c3c3c3c3c3c3c3c3c3c2c3c3c3c
       452  <<<<<<<<<<<<<,<<  3c3c3c3c3c3c3c3c3c3c3c3c3c2c3c3c
# epoch 46650  H=1.3028 C=1.2781 HO=0.0248  A(t)=2153
     20939  <<<<<<<<<<<<<<<<  3c3c3c3c3c3c3c3c3c3c3c3c3c3c3c3c
       494  <<<<<<<<<<<<<<<,  3c3c3c3c3c3c3c3c3c3c3c3c3c3c3c2c
       492  <<<<<<<<<<<<<<,<  3c3c3c3c3c3c3c3c3c3c3c3c3c3c2c3c
       487  <<<<<<<<<<<<<,<<  3c3c3c3c3c3c3c3c3c3c3c3c3c2c3c3c
       471  ,,,,,,,,,,,,,,,,  2c2c2c2c2c2c2c2c2c2c2c2c2c2c2c2c
       470  <,<<<<<<<<<<<<<<  3c2c3c3c3c3c3c3c3c3c3c3c3c3c3c3c
       469  ,<<<<<<<<<<<<<<<  2c3c3c3c3c3c3c3c3c3c3c3c3c3c3c3c
       463  <<<<<<<<<<<<,<<<  3c3c3c3c3c3c3c3c3c3c3c3c2c3c3c3c
       462  <<,<<<<<<<<<<<<<  3c3c2c3c3c3c3c3c3c3c3c3c3c3c3c3c
       461  <<<<<<<<<<<,<<<<  3c3c3c3c3c3c3c3c3c3c3c2c3c3c3c3c
# epoch 46700  H=1.3445 C=1.2893 HO=0.0552  A(t)=2154
     21400  <<<<<<<<<<<<<<<<  3c3c3c3c3c3c3c3c3c3c3c3c3c3c3c3c
       498  ,,,,,,,,,,,,,,,,  2c2c2c2c2c2c2c2c2c2c2c2c2c2c2c2c
       473  <<<<<<<<<<<<<<<,  3c3c3c3c3c3c3c3c3c3c3c3c3c3c3c2c
       457  <<<<<<<<<<<<<<,<  3c3c3c3c3c3c3c3c3c3c3c3c3c3c2c3c
       443  ,<<<<<<<<<<<<<<<  2c3c3c3c3c3c3c3c3c3c3c3c3c3c3c3c
       439  <<<<<<<<<<<<<,<<  3c3c3c3c3c3c3c3c3c3c3c3c3c2c3c3c
       429  <,<<<<<<<<<<<<<<  3c2c3c3c3c3c3c3c3c3c3c3c3c3c3c3c
       428  <<<<<<<,<<<<<<<<  3c3c3c3c3c3c3c2c3c3c3c3c3c3c3c3c
       427  <<<<<<<<<<<<,<<<  3c3c3c3c3c3c3c3c3c3c3c3c2c3c3c3c
       421  <<<<<<<<<<<,<<<<  3c3c3c3c3c3c3c3c3c3c3c2c3c3c3c3c
# epoch 46750  H=1.3869 C=1.3033 HO=0.0835  A(t)=2155
     20685  <<<<<<<<<<<<<<<<  3c3c3c3c3c3c3c3c3c3c3c3c3c3c3c3c
       489  ,,,,,,,,,,,,,,,,  2c2c2c2c2c2c2c2c2c2c2c2c2c2c2c2c
       449  <<<<<<<<<<<<<<<,  3c3c3c3c3c3c3c3c3c3c3c3c3c3c3c2c
       430  ,<<<<<<<<<<<<<<<  2c3c3c3c3c3c3c3c3c3c3c3c3c3c3c3c
       425  <<<<<<<<<<<<<<,<  3c3c3c3c3c3c3c3c3c3c3c3c3c3c2c3c
       420  <,<<<<<<<<<<<<<<  3c2c3c3c3c3c3c3c3c3c3c3c3c3c3c3c
       418  <<<<,<<<<<<<<<<<  3c3c3c3c2c3c3c3c3c3c3c3c3c3c3c3c
       415  <<<<<<<<<<<<<,<<  3c3c3c3c3c3c3c3c3c3c3c3c3c2c3c3c
       412  <<<<<<<<<<<<,<<<  3c3c3c3c3c3c3c3c3c3c3c3c2c3c3c3c
       409  <<<,<<<<<<<<<<<<  3c3c3c2c3c3c3c3c3c3c3c3c3c3c3c3c
# epoch 46800  H=1.3384 C=1.2610 HO=0.0775  A(t)=2155
     22147  <<<<<<<<<<<<<<<<  3c3c3c3c3c3c3c3c3c3c3c3c3c3c3c3c
       625  ,,,,,,,,,,,,,,,,  2c2c2c2c2c2c2c2c2c2c2c2c2c2c2c2c
       451  <<<<<<<<<<<<<<<,  3c3c3c3c3c3c3c3c3c3c3c3c3c3c3c2c
       436  ,<<<<<<<<<<<<<<<  2c3c3c3c3c3c3c3c3c3c3c3c3c3c3c3c
       433  <<<<<<<<<<<<<<,<  3c3c3c3c3c3c3c3c3c3c3c3c3c3c2c3c
       433  <,<<<<<<<<<<<<<<  3c2c3c3c3c3c3c3c3c3c3c3c3c3c3c3c
       423  <<,<<<<<<<<<<<<<  3c3c2c3c3c3c3c3c3c3c3c3c3c3c3c3c
       422  <<<<<<<<<<<<<,<<  3c3c3c3c3c3c3c3c3c3c3c3c3c2c3c3c
       406  <<<,<<<<<<<<<<<<  3c3c3c2c3c3c3c3c3c3c3c3c3c3c3c3c
       404  <<<<<<<<<<<,<<<<  3c3c3c3c3c3c3c3c3c3c3c2c3c3c3c3c
# epoch 46850  H=1.3413 C=1.2782 HO=0.0631  A(t)=2155
     20855  <<<<<<<<<<<<<<<<  3c3c3c3c3c3c3c3c3c3c3c3c3c3c3c3c
       597  ,,,,,,,,,,,,,,,,  2c2c2c2c2c2c2c2c2c2c2c2c2c2c2c2c
       445  <<<<<<<<<<<<<<<,  3c3c3c3c3c3c3c3c3c3c3c3c3c3c3c2c
       445  ,<<<<<<<<<<<<<<<  2c3c3c3c3c3c3c3c3c3c3c3c3c3c3c3c
       426  <,<<<<<<<<<<<<<<  3c2c3c3c3c3c3c3c3c3c3c3c3c3c3c3c
       402  <<<<<<<<<<<<<<,<  3c3c3c3c3c3c3c3c3c3c3c3c3c3c2c3c
       400  <<,<<<<<<<<<<<<<  3c3c2c3c3c3c3c3c3c3c3c3c3c3c3c3c
       395  <<<,<<<<<<<<<<<<  3c3c3c2c3c3c3c3c3c3c3c3c3c3c3c3c
       391  <<<<<,<<<<<<<<<<  3c3c3c3c3c2c3c3c3c3c3c3c3c3c3c3c
       390  <<<<<<<<<<<<<,<<  3c3c3c3c3c3c3c3c3c3c3c3c3c2c3c3c
# epoch 46900  H=1.4029 C=1.3027 HO=0.1002  A(t)=2155
     18695  <<<<<<<<<<<<<<<<  3c3c3c3c3c3c3c3c3c3c3c3c3c3c3c3c
       769  ,,,,,,,,,,,,,,,,  2c2c2c2c2c2c2c2c2c2c2c2c2c2c2c2c
       458  <<<<<<<<<<<<<<<,  3c3c3c3c3c3c3c3c3c3c3c3c3c3c3c2c
       449  <<<<<<<<<<<<<<,<  3c3c3c3c3c3c3c3c3c3c3c3c3c3c2c3c
       444  <,<<<<<<<<<<<<<<  3c2c3c3c3c3c3c3c3c3c3c3c3c3c3c3c
       444  ,<<<<<<<<<<<<<<<  2c3c3c3c3c3c3c3c3c3c3c3c3c3c3c3c
       436  <<,<<<<<<<<<<<<<  3c3c2c3c3c3c3c3c3c3c3c3c3c3c3c3c
       422  <<<,<<<<<<<<<<<<  3c3c3c2c3c3c3c3c3c3c3c3c3c3c3c3c
       418  <<<<<<<<<<<<<,<<  3c3c3c3c3c3c3c3c3c3c3c3c3c2c3c3c
       413  <<<<<<<<<<<<,<<<  3c3c3c3c3c3c3c3c3c3c3c3c2c3c3c3c
# epoch 46950  H=1.2926 C=1.2218 HO=0.0708  A(t)=2155
     20844  <<<<<<<<<<<<<<<<  3c3c3c3c3c3c3c3c3c3c3c3c3c3c3c3c
       639  ,,,,,,,,,,,,,,,,  2c2c2c2c2c2c2c2c2c2c2c2c2c2c2c2c
       445  <<<<<<<<<<<<<<<,  3c3c3c3c3c3c3c3c3c3c3c3c3c3c3c2c
       442  ,<<<<<<<<<<<<<<<  2c3c3c3c3c3c3c3c3c3c3c3c3c3c3c3c
       433  <<<<<<<<<<<<<<,<  3c3c3c3c3c3c3c3c3c3c3c3c3c3c2c3c
       426  <,<<<<<<<<<<<<<<  3c2c3c3c3c3c3c3c3c3c3c3c3c3c3c3c
       420  <<,<<<<<<<<<<<<<  3c3c2c3c3c3c3c3c3c3c3c3c3c3c3c3c
       416  <<<<<<<<<<<<<,<<  3c3c3c3c3c3c3c3c3c3c3c3c3c2c3c3c
       410  <<<<<,<<<<<<<<<<  3c3c3c3c3c2c3c3c3c3c3c3c3c3c3c3c
       409  <<<<<<<<<<<<,<<<  3c3c3c3c3c3c3c3c3c3c3c3c2c3c3c3c
# epoch 47000  H=1.2745 C=1.1852 HO=0.0893  A(t)=2155
     21251  <<<<<<<<<<<<<<<<  3c3c3c3c3c3c3c3c3c3c3c3c3c3c3c3c
      1135  ,,,,,,,,,,,,,,,,  2c2c2c2c2c2c2c2c2c2c2c2c2c2c2c2c
       461  <<<<<<<<<<<<<<<,  3c3c3c3c3c3c3c3c3c3c3c3c3c3c3c2c
       435  ,<<<<<<<<<<<<<<<  2c3c3c3c3c3c3c3c3c3c3c3c3c3c3c3c
       431  <<<<<<<<<<<<<<,<  3c3c3c3c3c3c3c3c3c3c3c3c3c3c2c3c
       424  <,<<<<<<<<<<<<<<  3c2c3c3c3c3c3c3c3c3c3c3c3c3c3c3c
       415  <<,<<<<<<<<<<<<<  3c3c2c3c3c3c3c3c3c3c3c3c3c3c3c3c
       414  <<<<<<<<<<,<<<<<  3c3c3c3c3c3c3c3c3c3c2c3c3c3c3c3c
       413  <<<<<<<<<<<<<,<<  3c3c3c3c3c3c3c3c3c3c3c3c3c2c3c3c
       410  <<<<<<<,<<<<<<<<  3c3c3c3c3c3c3c2c3c3c3c3c3c3c3c3c
# epoch 47050  H=1.3023 C=1.2480 HO=0.0542  A(t)=2155
     19224  <<<<<<<<<<<<<<<<  3c3c3c3c3c3c3c3c3c3c3c3c3c3c3c3c
       503  <<<<<<<<<<<<<<<,  3c3c3c3c3c3c3c3c3c3c3c3c3c3c3c2c
       495  ,,,,,,,,,,,,,,,,  2c2c2c2c2c2c2c2c2c2c2c2c2c2c2c2c
       486  <<<<<<<<<<<<<<,<  3c3c3c3c3c3c3c3c3c3c3c3c3c3c2c3c
       480  <,<<<<<<<<<<<<<<  3c2c3c3c3c3c3c3c3c3c3c3c3c3c3c3c
       476  ,<<<<<<<<<<<<<<<  2c3c3c3c3c3c3c3c3c3c3c3c3c3c3c3c
       468  <<<<<<<<<<<<<,<<  3c3c3c3c3c3c3c3c3c3c3c3c3c2c3c3c
       468  <<<,<<<<<<<<<<<<  3c3c3c2c3c3c3c3c3c3c3c3c3c3c3c3c
       465  <<,<<<<<<<<<<<<<  3c3c2c3c3c3c3c3c3c3c3c3c3c3c3c3c
       459  <<<<<<<<<<,<<<<<  3c3c3c3c3c3c3c3c3c3c2c3c3c3c3c3c
# epoch 47100  H=1.2363 C=1.2081 HO=0.0282  A(t)=2158
     20190  <<<<<<<<<<<<<<<<  3c3c3c3c3c3c3c3c3c3c3c3c3c3c3c3c
       528  ,,,,,,,,,,,,,,,,  2c2c2c2c2c2c2c2c2c2c2c2c2c2c2c2c
       451  <<<<<<<<<<<<<<<,  3c3c3c3c3c3c3c3c3c3c3c3c3c3c3c2c
       435  <<<<<<<<<<<<<<,<  3c3c3c3c3c3c3c3c3c3c3c3c3c3c2c3c
       435  <<<<<<<<<<<<,<<<  3c3c3c3c3c3c3c3c3c3c3c3c2c3c3c3c
       433  <<<<<<<,<<<<<<<<  3c3c3c3c3c3c3c2c3c3c3c3c3c3c3c3c
       431  <<<<<<<<,<<<<<<<  3c3c3c3c3c3c3c3c2c3c3c3c3c3c3c3c
       429  <<<<<<<<<<<<<,<<  3c3c3c3c3c3c3c3c3c3c3c3c3c2c3c3c
       429  <<<<<<<<<,<<<<<<  3c3c3c3c3c3c3c3c3c2c3c3c3c3c3c3c
       427  <<<<<<<<<<<,<<<<  3c3c3c3c3c3c3c3c3c3c3c2c3c3c3c3c
# epoch 47150  H=1.2692 C=1.2295 HO=0.0398  A(t)=2160
     19741  <<<<<<<<<<<<<<<<  3c3c3c3c3c3c3c3c3c3c3c3c3c3c3c3c
       656  ,,,,,,,,,,,,,,,,  2c2c2c2c2c2c2c2c2c2c2c2c2c2c2c2c
       500  <<<<<<<<<<<<<<<,  3c3c3c3c3c3c3c3c3c3c3c3c3c3c3c2c
       479  <<<<<<<<<<<<<<,<  3c3c3c3c3c3c3c3c3c3c3c3c3c3c2c3c
       477  ,<<<<<<<<<<<<<<<  2c3c3c3c3c3c3c3c3c3c3c3c3c3c3c3c
       469  <,<<<<<<<<<<<<<<  3c2c3c3c3c3c3c3c3c3c3c3c3c3c3c3c
       468  <<,<<<<<<<<<<<<<  3c3c2c3c3c3c3c3c3c3c3c3c3c3c3c3c
       465  <<<<<<<<<<<<<,<<  3c3c3c3c3c3c3c3c3c3c3c3c3c2c3c3c
       461  <<<<<<<<<<<<,<<<  3c3c3c3c3c3c3c3c3c3c3c3c2c3c3c3c
       456  <<<,<<<<<<<<<<<<  3c3c3c2c3c3c3c3c3c3c3c3c3c3c3c3c
# epoch 47200  H=1.2076 C=1.1888 HO=0.0187  A(t)=2161
     19343  <<<<<<<<<<<<<<<<  3c3c3c3c3c3c3c3c3c3c3c3c3c3c3c3c
       529  ,,,,,,,,,,,,,,,,  2c2c2c2c2c2c2c2c2c2c2c2c2c2c2c2c
       494  <<<<<<<<<<<<<<<,  3c3c3c3c3c3c3c3c3c3c3c3c3c3c3c2c
       491  ,<<<<<<<<<<<<<<<  2c3c3c3c3c3c3c3c3c3c3c3c3c3c3c3c
       479  <,<<<<<<<<<<<<<<  3c2c3c3c3c3c3c3c3c3c3c3c3c3c3c3c
       471  <<<<,<<<<<<<<<<<  3c3c3c3c2c3c3c3c3c3c3c3c3c3c3c3c
       470  <<<<<<<<<<<<<<,<  3c3c3c3c3c3c3c3c3c3c3c3c3c3c2c3c
       470  <<,<<<<<<<<<<<<<  3c3c2c3c3c3c3c3c3c3c3c3c3c3c3c3c
       467  <<<<<,<<<<<<<<<<  3c3c3c3c3c2c3c3c3c3c3c3c3c3c3c3c
       466  <<<,<<<<<<<<<<<<  3c3c3c2c3c3c3c3c3c3c3c3c3c3c3c3c
# epoch 47250  H=1.2710 C=1.2137 HO=0.0573  A(t)=2161
     20123  <<<<<<<<<<<<<<<<  3c3c3c3c3c3c3c3c3c3c3c3c3c3c3c3c
       795  ,,,,,,,,,,,,,,,,  2c2c2c2c2c2c2c2c2c2c2c2c2c2c2c2c
       487  <<<<<<<<<<<<<<<,  3c3c3c3c3c3c3c3c3c3c3c3c3c3c3c2c
       480  ,<<<<<<<<<<<<<<<  2c3c3c3c3c3c3c3c3c3c3c3c3c3c3c3c
       462  <<<<<<<<<<<<<<,<  3c3c3c3c3c3c3c3c3c3c3c3c3c3c2c3c
       460  <,<<<<<<<<<<<<<<  3c2c3c3c3c3c3c3c3c3c3c3c3c3c3c3c
       445  <<<<<<<<<<<<<,<<  3c3c3c3c3c3c3c3c3c3c3c3c3c2c3c3c
       433  <<,<<<<<<<<<<<<<  3c3c2c3c3c3c3c3c3c3c3c3c3c3c3c3c
       427  <<<<<<<<<<<<,<<<  3c3c3c3c3c3c3c3c3c3c3c3c2c3c3c3c
       416  <<<<<<,<<<<<<<<<  3c3c3c3c3c3c2c3c3c3c3c3c3c3c3c3c
# epoch 47300  H=1.2260 C=1.1703 HO=0.0557  A(t)=2161
     19381  <<<<<<<<<<<<<<<<  3c3c3c3c3c3c3c3c3c3c3c3c3c3c3c3c
       993  ,,,,,,,,,,,,,,,,  2c2c2c2c2c2c2c2c2c2c2c2c2c2c2c2c
       521  <<<<<<<<<<<<<<<,  3c3c3c3c3c3c3c3c3c3c3c3c3c3c3c2c
       514  ,<<<<<<<<<<<<<<<  2c3c3c3c3c3c3c3c3c3c3c3c3c3c3c3c
       492  <,<<<<<<<<<<<<<<  3c2c3c3c3c3c3c3c3c3c3c3c3c3c3c3c
       477  <<<,<<<<<<<<<<<<  3c3c3c2c3c3c3c3c3c3c3c3c3c3c3c3c
       471  <<<<<<<<<<<<<<,<  3c3c3c3c3c3c3c3c3c3c3c3c3c3c2c3c
       470  <<<<,<<<<<<<<<<<  3c3c3c3c2c3c3c3c3c3c3c3c3c3c3c3c
       470  <<,<<<<<<<<<<<<<  3c3c2c3c3c3c3c3c3c3c3c3c3c3c3c3c
       465  <<<<<<<<<<<,<<<<  3c3c3c3c3c3c3c3c3c3c3c2c3c3c3c3c
# epoch 47350  H=1.1686 C=1.1315 HO=0.0371  A(t)=2161
     19569  <<<<<<<<<<<<<<<<  3c3c3c3c3c3c3c3c3c3c3c3c3c3c3c3c
       935  ,,,,,,,,,,,,,,,,  2c2c2c2c2c2c2c2c2c2c2c2c2c2c2c2c
       534  <<<<<<<<<<<<<<<,  3c3c3c3c3c3c3c3c3c3c3c3c3c3c3c2c
       530  ,<<<<<<<<<<<<<<<  2c3c3c3c3c3c3c3c3c3c3c3c3c3c3c3c
       519  <<<,<<<<<<<<<<<<  3c3c3c2c3c3c3c3c3c3c3c3c3c3c3c3c
       514  <<<<<<<<<<<,<<<<  3c3c3c3c3c3c3c3c3c3c3c2c3c3c3c3c
       513  <<<<<<<<<<<<,<<<  3c3c3c3c3c3c3c3c3c3c3c3c2c3c3c3c
       513  <<<<,<<<<<<<<<<<  3c3c3c3c2c3c3c3c3c3c3c3c3c3c3c3c
       512  <<<<<<<<<<<<<<,<  3c3c3c3c3c3c3c3c3c3c3c3c3c3c2c3c
       511  <,<<<<<<<<<<<<<<  3c2c3c3c3c3c3c3c3c3c3c3c3c3c3c3c
# epoch 47400  H=1.2641 C=1.1603 HO=0.1038  A(t)=2161
     19613  <<<<<<<<<<<<<<<<  3c3c3c3c3c3c3c3c3c3c3c3c3c3c3c3c
      1132  ,,,,,,,,,,,,,,,,  2c2c2c2c2c2c2c2c2c2c2c2c2c2c2c2c
       548  <<<<<<<<<<<<<<<,  3c3c3c3c3c3c3c3c3c3c3c3c3c3c3c2c
       535  ,<<<<<<<<<<<<<<<  2c3c3c3c3c3c3c3c3c3c3c3c3c3c3c3c
       508  <,<<<<<<<<<<<<<<  3c2c3c3c3c3c3c3c3c3c3c3c3c3c3c3c
       506  <<<<<<<<<<<<<<,<  3c3c3c3c3c3c3c3c3c3c3c3c3c3c2c3c
       503  <<,<<<<<<<<<<<<<  3c3c2c3c3c3c3c3c3c3c3c3c3c3c3c3c
       498  <<<<<<<<<<<<<,<<  3c3c3c3c3c3c3c3c3c3c3c3c3c2c3c3c
       494  <<<<<<<<<<<<,<<<  3c3c3c3c3c3c3c3c3c3c3c3c2c3c3c3c
       491  <<<<<<<,<<<<<<<<  3c3c3c3c3c3c3c2c3c3c3c3c3c3c3c3c
# epoch 47450  H=1.1541 C=1.0769 HO=0.0772  A(t)=2161
     20703  <<<<<<<<<<<<<<<<  3c3c3c3c3c3c3c3c3c3c3c3c3c3c3c3c
       957  ,,,,,,,,,,,,,,,,  2c2c2c2c2c2c2c2c2c2c2c2c2c2c2c2c
       592  <<<<<<<<<<<<<<<,  3c3c3c3c3c3c3c3c3c3c3c3c3c3c3c2c
       590  ,<<<<<<<<<<<<<<<  2c3c3c3c3c3c3c3c3c3c3c3c3c3c3c3c
       567  <,<<<<<<<<<<<<<<  3c2c3c3c3c3c3c3c3c3c3c3c3c3c3c3c
       562  <<<<<<<<<<<<<<,<  3c3c3c3c3c3c3c3c3c3c3c3c3c3c2c3c
       560  <<<<<<<<,<<<<<<<  3c3c3c3c3c3c3c3c2c3c3c3c3c3c3c3c
       558  <<<<<<<,<<<<<<<<  3c3c3c3c3c3c3c2c3c3c3c3c3c3c3c3c
       555  <<<<<<<<<<<,<<<<  3c3c3c3c3c3c3c3c3c3c3c2c3c3c3c3c
       553  <<<<<<<<<<<<<,<<  3c3c3c3c3c3c3c3c3c3c3c3c3c2c3c3c
# epoch 47500  H=1.2241 C=1.1252 HO=0.0988  A(t)=2161
     20107  <<<<<<<<<<<<<<<<  3c3c3c3c3c3c3c3c3c3c3c3c3c3c3c3c
      1140  ,,,,,,,,,,,,,,,,  2c2c2c2c2c2c2c2c2c2c2c2c2c2c2c2c
       512  ,<<<<<<<<<<<<<<<  2c3c3c3c3c3c3c3c3c3c3c3c3c3c3c3c
       507  <<<<<<<<<<<<<<<,  3c3c3c3c3c3c3c3c3c3c3c3c3c3c3c2c
       494  <<<<<,<<<<<<<<<<  3c3c3c3c3c2c3c3c3c3c3c3c3c3c3c3c
       493  <<<<,<<<<<<<<<<<  3c3c3c3c2c3c3c3c3c3c3c3c3c3c3c3c
       492  <,<<<<<<<<<<<<<<  3c2c3c3c3c3c3c3c3c3c3c3c3c3c3c3c
       489  <<<<<<,<<<<<<<<<  3c3c3c3c3c3c2c3c3c3c3c3c3c3c3c3c
       488  <<<<<<<<,<<<<<<<  3c3c3c3c3c3c3c3c2c3c3c3c3c3c3c3c
       484  <<<<<<<<<<<<<<,<  3c3c3c3c3c3c3c3c3c3c3c3c3c3c2c3c
# epoch 47550  H=1.3017 C=1.2080 HO=0.0937  A(t)=2162
     19683  <<<<<<<<<<<<<<<<  3c3c3c3c3c3c3c3c3c3c3c3c3c3c3c3c
      1139  ,,,,,,,,,,,,,,,,  2c2c2c2c2c2c2c2c2c2c2c2c2c2c2c2c
       523  <<<<<<<<<<<<<<<,  3c3c3c3c3c3c3c3c3c3c3c3c3c3c3c2c
       512  ,<<<<<<<<<<<<<<<  2c3c3c3c3c3c3c3c3c3c3c3c3c3c3c3c
       503  <<<<<<<<<<<<<<,<  3c3c3c3c3c3c3c3c3c3c3c3c3c3c2c3c
       491  <,<<<<<<<<<<<<<<  3c2c3c3c3c3c3c3c3c3c3c3c3c3c3c3c
       484  <<,<<<<<<<<<<<<<  3c3c2c3c3c3c3c3c3c3c3c3c3c3c3c3c
       475  <<<<<<<<<<<<<,<<  3c3c3c3c3c3c3c3c3c3c3c3c3c2c3c3c
       464  <<<,<<<<<<<<<<<<  3c3c3c2c3c3c3c3c3c3c3c3c3c3c3c3c
       462  <<<<<<<<<<<<,<<<  3c3c3c3c3c3c3c3c3c3c3c3c2c3c3c3c
# epoch 47600  H=1.2078 C=1.1469 HO=0.0609  A(t)=2162
     20335  <<<<<<<<<<<<<<<<  3c3c3c3c3c3c3c3c3c3c3c3c3c3c3c3c
      1107  ,,,,,,,,,,,,,,,,  2c2c2c2c2c2c2c2c2c2c2c2c2c2c2c2c
       501  <<<<<<<<<<<<<<<,  3c3c3c3c3c3c3c3c3c3c3c3c3c3c3c2c
       493  ,<<<<<<<<<<<<<<<  2c3c3c3c3c3c3c3c3c3c3c3c3c3c3c3c
       478  <<<<<<<<<<<<<<,<  3c3c3c3c3c3c3c3c3c3c3c3c3c3c2c3c
       472  <<,<<<<<<<<<<<<<  3c3c2c3c3c3c3c3c3c3c3c3c3c3c3c3c
       470  <,<<<<<<<<<<<<<<  3c2c3c3c3c3c3c3c3c3c3c3c3c3c3c3c
       465  <<<<<<<<<<<<<,<<  3c3c3c3c3c3c3c3c3c3c3c3c3c2c3c3c
       459  <<<,<<<<<<<<<<<<  3c3c3c2c3c3c3c3c3c3c3c3c3c3c3c3c
       455  <<<<<<<<<<<<,<<<  3c3c3c3c3c3c3c3c3c3c3c3c2c3c3c3c
# epoch 47650  H=1.1448 C=1.1152 HO=0.0295  A(t)=2162
     20889  <<<<<<<<<<<<<<<<  3c3c3c3c3c3c3c3c3c3c3c3c3c3c3c3c
       574  ,,,,,,,,,,,,,,,,  2c2c2c2c2c2c2c2c2c2c2c2c2c2c2c2c
       544  <<<<<<<<<<<<<<<,  3c3c3c3c3c3c3c3c3c3c3c3c3c3c3c2c
       526  ,<<<<<<<<<<<<<<<  2c3c3c3c3c3c3c3c3c3c3c3c3c3c3c3c
       521  <<<<<<<<<<<<<<,<  3c3c3c3c3c3c3c3c3c3c3c3c3c3c2c3c
       519  <,<<<<<<<<<<<<<<  3c2c3c3c3c3c3c3c3c3c3c3c3c3c3c3c
       513  <<<<<<<<<<<<<,<<  3c3c3c3c3c3c3c3c3c3c3c3c3c2c3c3c
       509  <<<<<<<<<<<<,<<<  3c3c3c3c3c3c3c3c3c3c3c3c2c3c3c3c
       505  <<<<<<<<<,<<<<<<  3c3c3c3c3c3c3c3c3c2c3c3c3c3c3c3c
       504  <<<<<<<<<<<,<<<<  3c3c3c3c3c3c3c3c3c3c3c2c3c3c3c3c
# epoch 47700  H=1.1940 C=1.1548 HO=0.0392  A(t)=2164
     20666  <<<<<<<<<<<<<<<<  3c3c3c3c3c3c3c3c3c3c3c3c3c3c3c3c
       739  ,,,,,,,,,,,,,,,,  2c2c2c2c2c2c2c2c2c2c2c2c2c2c2c2c
       528  <<<<<<<<<<<<<<<,  3c3c3c3c3c3c3c3c3c3c3c3c3c3c3c2c
       511  <<<<<<<<<<<<<<,<  3c3c3c3c3c3c3c3c3c3c3c3c3c3c2c3c
       507  <<<<,<<<<<<<<<<<  3c3c3c3c2c3c3c3c3c3c3c3c3c3c3c3c
       507  <<,<<<<<<<<<<<<<  3c3c2c3c3c3c3c3c3c3c3c3c3c3c3c3c
       506  <<<<<,<<<<<<<<<<  3c3c3c3c3c2c3c3c3c3c3c3c3c3c3c3c
       505  <<<<<<,<<<<<<<<<  3c3c3c3c3c3c2c3c3c3c3c3c3c3c3c3c
       504  <<<<<<<<<<<<<,<<  3c3c3c3c3c3c3c3c3c3c3c3c3c2c3c3c
       503  <<<<<<<,<<<<<<<<  3c3c3c3c3c3c3c2c3c3c3c3c3c3c3c3c
# epoch 47750  H=1.3200 C=1.2892 HO=0.0309  A(t)=2164
     20040  <<<<<<<<<<<<<<<<  3c3c3c3c3c3c3c3c3c3c3c3c3c3c3c3c
       536  <<<<<<<<<<<<<<<,  3c3c3c3c3c3c3c3c3c3c3c3c3c3c3c2c
       524  <<<<<<<<<<<<<<,<  3c3c3c3c3c3c3c3c3c3c3c3c3c3c2c3c
       514  ,<<<<<<<<<<<<<<<  2c3c3c3c3c3c3c3c3c3c3c3c3c3c3c3c
       507  <<<<<<<<<<<<<,<<  3c3c3c3c3c3c3c3c3c3c3c3c3c2c3c3c
       506  <,<<<<<<<<<<<<<<  3c2c3c3c3c3c3c3c3c3c3c3c3c3c3c3c
       501  <<,<<<<<<<<<<<<<  3c3c2c3c3c3c3c3c3c3c3c3c3c3c3c3c
       498  <<<<<<<<<<<<,<<<  3c3c3c3c3c3c3c3c3c3c3c3c2c3c3c3c
       494  <<<<<<<,<<<<<<<<  3c3c3c3c3c3c3c2c3c3c3c3c3c3c3c3c
       493  <<<<<<<<<<<,<<<<  3c3c3c3c3c3c3c3c3c3c3c2c3c3c3c3c
# epoch 47800  H=1.3926 C=1.3284 HO=0.0642  A(t)=2166
     19006  <<<<<<<<<<<<<<<<  3c3c3c3c3c3c3c3c3c3c3c3c3c3c3c3c
       745  ,,,,,,,,,,,,,,,,  2c2c2c2c2c2c2c2c2c2c2c2c2c2c2c2c
       525  <<<<<<<<<<<<<<<,  3c3c3c3c3c3c3c3c3c3c3c3c3c3c3c2c
       520  ,<<<<<<<<<<<<<<<  2c3c3c3c3c3c3c3c3c3c3c3c3c3c3c3c
       504  <<<<<<<<<<<<<<,<  3c3c3c3c3c3c3c3c3c3c3c3c3c3c2c3c
       499  <,<<<<<<<<<<<<<<  3c2c3c3c3c3c3c3c3c3c3c3c3c3c3c3c
       489  <<,<<<<<<<<<<<<<  3c3c2c3c3c3c3c3c3c3c3c3c3c3c3c3c
       478  <<<,<<<<<<<<<<<<  3c3c3c2c3c3c3c3c3c3c3c3c3c3c3c3c
       477  <<<<<<<<<<<<<,<<  3c3c3c3c3c3c3c3c3c3c3c3c3c2c3c3c
       464  <<<<,<<<<<<<<<<<  3c3c3c3c2c3c3c3c3c3c3c3c3c3c3c3c
# epoch 47850  H=1.3251 C=1.2465 HO=0.0786  A(t)=2166
     19275  <<<<<<<<<<<<<<<<  3c3c3c3c3c3c3c3c3c3c3c3c3c3c3c3c
      1033  ,,,,,,,,,,,,,,,,  2c2c2c2c2c2c2c2c2c2c2c2c2c2c2c2c
       532  <<<<<<<<<<<<<<<,  3c3c3c3c3c3c3c3c3c3c3c3c3c3c3c2c
       509  ,<<<<<<<<<<<<<<<  2c3c3c3c3c3c3c3c3c3c3c3c3c3c3c3c
       501  <<<<<<<<<<<<<<,<  3c3c3c3c3c3c3c3c3c3c3c3c3c3c2c3c
       498  <<,<<<<<<<<<<<<<  3c3c2c3c3c3c3c3c3c3c3c3c3c3c3c3c
       491  <<<,<<<<<<<<<<<<  3c3c3c2c3c3c3c3c3c3c3c3c3c3c3c3c
       490  <,<<<<<<<<<<<<<<  3c2c3c3c3c3c3c3c3c3c3c3c3c3c3c3c
       489  <<<<<<<<<<<<<,<<  3c3c3c3c3c3c3c3c3c3c3c3c3c2c3c3c
       470  <<<<<<<<<<<<,<<<  3c3c3c3c3c3c3c3c3c3c3c3c2c3c3c3c
# epoch 47900  H=1.3227 C=1.2655 HO=0.0572  A(t)=2166
     18946  <<<<<<<<<<<<<<<<  3c3c3c3c3c3c3c3c3c3c3c3c3c3c3c3c
       556  ,,,,,,,,,,,,,,,,  2c2c2c2c2c2c2c2c2c2c2c2c2c2c2c2c
       480  <<<<<<<<<<<<<<<,  3c3c3c3c3c3c3c3c3c3c3c3c3c3c3c2c
       471  ,<<<<<<<<<<<<<<<  2c3c3c3c3c3c3c3c3c3c3c3c3c3c3c3c
       458  <,<<<<<<<<<<<<<<  3c2c3c3c3c3c3c3c3c3c3c3c3c3c3c3c
       456  <<<<<<<<<<<<<<,<  3c3c3c3c3c3c3c3c3c3c3c3c3c3c2c3c
       452  <<,<<<<<<<<<<<<<  3c3c2c3c3c3c3c3c3c3c3c3c3c3c3c3c
       451  <<<<<<<<<<<<<,<<  3c3c3c3c3c3c3c3c3c3c3c3c3c2c3c3c
       448  <<<<<<<<<<,<<<<<  3c3c3c3c3c3c3c3c3c3c2c3c3c3c3c3c
       448  <<<<<<<<,<<<<<<<  3c3c3c3c3c3c3c3c2c3c3c3c3c3c3c3c
# epoch 47950  H=1.4081 C=1.3135 HO=0.0946  A(t)=2166
     19413  <<<<<<<<<<<<<<<<  3c3c3c3c3c3c3c3c3c3c3c3c3c3c3c3c
       564  ,,,,,,,,,,,,,,,,  2c2c2c2c2c2c2c2c2c2c2c2c2c2c2c2c
       451  <<<<<<<<<<<<<<<,  3c3c3c3c3c3c3c3c3c3c3c3c3c3c3c2c
       439  ,<<<<<<<<<<<<<<<  2c3c3c3c3c3c3c3c3c3c3c3c3c3c3c3c
       432  <,<<<<<<<<<<<<<<  3c2c3c3c3c3c3c3c3c3c3c3c3c3c3c3c
       430  <<,<<<<<<<<<<<<<  3c3c2c3c3c3c3c3c3c3c3c3c3c3c3c3c
       426  <<<<<<<<<<<<<,<<  3c3c3c3c3c3c3c3c3c3c3c3c3c2c3c3c
       426  <<<<<<<<<<<<,<<<  3c3c3c3c3c3c3c3c3c3c3c3c2c3c3c3c
       424  <<<<<<<<<<<<<<,<  3c3c3c3c3c3c3c3c3c3c3c3c3c3c2c3c
       423  <<<,<<<<<<<<<<<<  3c3c3c2c3c3c3c3c3c3c3c3c3c3c3c3c
# epoch 48000  H=1.2937 C=1.2357 HO=0.0580  A(t)=2167
     21462  <<<<<<<<<<<<<<<<  3c3c3c3c3c3c3c3c3c3c3c3c3c3c3c3c
       647  ,,,,,,,,,,,,,,,,  2c2c2c2c2c2c2c2c2c2c2c2c2c2c2c2c
       478  <<<<<<<<<<<<<<<,  3c3c3c3c3c3c3c3c3c3c3c3c3c3c3c2c
       454  <<<<<<<<<<<<<<,<  3c3c3c3c3c3c3c3c3c3c3c3c3c3c2c3c
       443  ,<<<<<<<<<<<<<<<  2c3c3c3c3c3c3c3c3c3c3c3c3c3c3c3c
       432  <<<<<<<<<<<<<,<<  3c3c3c3c3c3c3c3c3c3c3c3c3c2c3c3c
       429  <<<<<<<<<,<<<<<<  3c3c3c3c3c3c3c3c3c2c3c3c3c3c3c3c
       429  <<<<<<<<,<<<<<<<  3c3c3c3c3c3c3c3c2c3c3c3c3c3c3c3c
       428  <<<<<<<<<<,<<<<<  3c3c3c3c3c3c3c3c3c3c2c3c3c3c3c3c
       427  <<<<<<<<<<<,<<<<  3c3c3c3c3c3c3c3c3c3c3c2c3c3c3c3c
# epoch 48050  H=1.3561 C=1.3126 HO=0.0435  A(t)=2170
     19633  <<<<<<<<<<<<<<<<  3c3c3c3c3c3c3c3c3c3c3c3c3c3c3c3c
       487  <<<<<<<<<<<<<<<,  3c3c3c3c3c3c3c3c3c3c3c3c3c3c3c2c
       472  <,<<<<<<<<<<<<<<  3c2c3c3c3c3c3c3c3c3c3c3c3c3c3c3c
       471  <<<<<<<<<<<<<<,<  3c3c3c3c3c3c3c3c3c3c3c3c3c3c2c3c
       471  <<<<<<<,<<<<<<<<  3c3c3c3c3c3c3c2c3c3c3c3c3c3c3c3c
       470  <<<<<<<<<<<<<,<<  3c3c3c3c3c3c3c3c3c3c3c3c3c2c3c3c
       470  <<<<<<<<,<<<<<<<  3c3c3c3c3c3c3c3c2c3c3c3c3c3c3c3c
       467  ,<<<<<<<<<<<<<<<  2c3c3c3c3c3c3c3c3c3c3c3c3c3c3c3c
       461  <<<<<<<<<<<<,<<<  3c3c3c3c3c3c3c3c3c3c3c3c2c3c3c3c
       459  <<,<<<<<<<<<<<<<  3c3c2c3c3c3c3c3c3c3c3c3c3c3c3c3c
# epoch 48100  H=1.2929 C=1.2250 HO=0.0679  A(t)=2170
     19975  <<<<<<<<<<<<<<<<  3c3c3c3c3c3c3c3c3c3c3c3c3c3c3c3c
      1065  ,,,,,,,,,,,,,,,,  2c2c2c2c2c2c2c2c2c2c2c2c2c2c2c2c
       531  <<<<<<<<<<<<<<<,  3c3c3c3c3c3c3c3c3c3c3c3c3c3c3c2c
       505  ,<<<<<<<<<<<<<<<  2c3c3c3c3c3c3c3c3c3c3c3c3c3c3c3c
       501  <<,<<<<<<<<<<<<<  3c3c2c3c3c3c3c3c3c3c3c3c3c3c3c3c
       500  <,<<<<<<<<<<<<<<  3c2c3c3c3c3c3c3c3c3c3c3c3c3c3c3c
       498  <<<<<<<<<<<<<,<<  3c3c3c3c3c3c3c3c3c3c3c3c3c2c3c3c
       497  <<<<<<<,<<<<<<<<  3c3c3c3c3c3c3c2c3c3c3c3c3c3c3c3c
       496  <<<<<<<<,<<<<<<<  3c3c3c3c3c3c3c3c2c3c3c3c3c3c3c3c
       492  <<<<<<<<<<<<<<,<  3c3c3c3c3c3c3c3c3c3c3c3c3c3c2c3c
# epoch 48150  H=1.2552 C=1.1929 HO=0.0623  A(t)=2170
     21739  <<<<<<<<<<<<<<<<  3c3c3c3c3c3c3c3c3c3c3c3c3c3c3c3c
       667  ,,,,,,,,,,,,,,,,  2c2c2c2c2c2c2c2c2c2c2c2c2c2c2c2c
       488  <<<<<<<<<<<<<<<,  3c3c3c3c3c3c3c3c3c3c3c3c3c3c3c2c
       477  ,<<<<<<<<<<<<<<<  2c3c3c3c3c3c3c3c3c3c3c3c3c3c3c3c
       464  <<<<<<<<<<<<<<,<  3c3c3c3c3c3c3c3c3c3c3c3c3c3c2c3c
       455  <<<<<<<<,<<<<<<<  3c3c3c3c3c3c3c3c2c3c3c3c3c3c3c3c
       453  <<<<<<<,<<<<<<<<  3c3c3c3c3c3c3c2c3c3c3c3c3c3c3c3c
       452  <,<<<<<<<<<<<<<<  3c2c3c3c3c3c3c3c3c3c3c3c3c3c3c3c
       450  <<,<<<<<<<<<<<<<  3c3c2c3c3c3c3c3c3c3c3c3c3c3c3c3c
       448  <<<<<<<<<<,<<<<<  3c3c3c3c3c3c3c3c3c3c2c3c3c3c3c3c
# epoch 48200  H=1.2719 C=1.2341 HO=0.0378  A(t)=2171
     19654  <<<<<<<<<<<<<<<<  3c3c3c3c3c3c3c3c3c3c3c3c3c3c3c3c
       503  ,,,,,,,,,,,,,,,,  2c2c2c2c2c2c2c2c2c2c2c2c2c2c2c2c
       477  <<<<<<<<<<<<<<<,  3c3c3c3c3c3c3c3c3c3c3c3c3c3c3c2c
       452  <<<<<<<<<<<<<<,<  3c3c3c3c3c3c3c3c3c3c3c3c3c3c2c3c
       449  ,<<<<<<<<<<<<<<<  2c3c3c3c3c3c3c3c3c3c3c3c3c3c3c3c
       444  <,<<<<<<<<<<<<<<  3c2c3c3c3c3c3c3c3c3c3c3c3c3c3c3c
       435  <<<<<<<<<<<<<,<<  3c3c3c3c3c3c3c3c3c3c3c3c3c2c3c3c
       428  <<,<<<<<<<<<<<<<  3c3c2c3c3c3c3c3c3c3c3c3c3c3c3c3c
       419  <<<<<<<<<<<<,<<<  3c3c3c3c3c3c3c3c3c3c3c3c2c3c3c3c
       416  <<<<<<<<<<,<<<<<  3c3c3c3c3c3c3c3c3c3c2c3c3c3c3c3c
# epoch 48250  H=1.2066 C=1.1448 HO=0.0619  A(t)=2171
     21615  <<<<<<<<<<<<<<<<  3c3c3c3c3c3c3c3c3c3c3c3c3c3c3c3c
       580  ,,,,,,,,,,,,,,,,  2c2c2c2c2c2c2c2c2c2c2c2c2c2c2c2c
       543  <<<<<<<<<<<<<<<,  3c3c3c3c3c3c3c3c3c3c3c3c3c3c3c2c
       530  ,<<<<<<<<<<<<<<<  2c3c3c3c3c3c3c3c3c3c3c3c3c3c3c3c
       499  <<<<<<<<<<<<<<,<  3c3c3c3c3c3c3c3c3c3c3c3c3c3c2c3c
       498  <<,<<<<<<<<<<<<<  3c3c2c3c3c3c3c3c3c3c3c3c3c3c3c3c
       498  <,<<<<<<<<<<<<<<  3c2c3c3c3c3c3c3c3c3c3c3c3c3c3c3c
       494  <<<,<<<<<<<<<<<<  3c3c3c2c3c3c3c3c3c3c3c3c3c3c3c3c
       489  <<<<<<<<<<<<<,<<  3c3c3c3c3c3c3c3c3c3c3c3c3c2c3c3c
       487  <<<<<,<<<<<<<<<<  3c3c3c3c3c2c3c3c3c3c3c3c3c3c3c3c
# epoch 48300  H=1.1975 C=1.1451 HO=0.0524  A(t)=2171
     22217  <<<<<<<<<<<<<<<<  3c3c3c3c3c3c3c3c3c3c3c3c3c3c3c3c
       729  ,,,,,,,,,,,,,,,,  2c2c2c2c2c2c2c2c2c2c2c2c2c2c2c2c
       529  <<<<<<<<<<<<<<<,  3c3c3c3c3c3c3c3c3c3c3c3c3c3c3c2c
       517  ,<<<<<<<<<<<<<<<  2c3c3c3c3c3c3c3c3c3c3c3c3c3c3c3c
       509  <<<<<<<<<<<<<<,<  3c3c3c3c3c3c3c3c3c3c3c3c3c3c2c3c
       507  <,<<<<<<<<<<<<<<  3c2c3c3c3c3c3c3c3c3c3c3c3c3c3c3c
       504  <<,<<<<<<<<<<<<<  3c3c2c3c3c3c3c3c3c3c3c3c3c3c3c3c
       503  <<<<<,<<<<<<<<<<  3c3c3c3c3c2c3c3c3c3c3c3c3c3c3c3c
       497  <<<,<<<<<<<<<<<<  3c3c3c2c3c3c3c3c3c3c3c3c3c3c3c3c
       496  <<<<<<,<<<<<<<<<  3c3c3c3c3c3c2c3c3c3c3c3c3c3c3c3c
# epoch 48350  H=1.1640 C=1.1167 HO=0.0473  A(t)=2171
     22199  <<<<<<<<<<<<<<<<  3c3c3c3c3c3c3c3c3c3c3c3c3c3c3c3c
       702  ,,,,,,,,,,,,,,,,  2c2c2c2c2c2c2c2c2c2c2c2c2c2c2c2c
       554  <<<<<<<<<<<<<<,<  3c3c3c3c3c3c3c3c3c3c3c3c3c3c2c3c
       552  <<<<<<<<<<<<<<<,  3c3c3c3c3c3c3c3c3c3c3c3c3c3c3c2c
       550  ,<<<<<<<<<<<<<<<  2c3c3c3c3c3c3c3c3c3c3c3c3c3c3c3c
       549  <,<<<<<<<<<<<<<<  3c2c3c3c3c3c3c3c3c3c3c3c3c3c3c3c
       538  <<<<<<<<<<<<<,<<  3c3c3c3c3c3c3c3c3c3c3c3c3c2c3c3c
       528  <<<<<<<<<<<<,<<<  3c3c3c3c3c3c3c3c3c3c3c3c2c3c3c3c
       526  <<,<<<<<<<<<<<<<  3c3c2c3c3c3c3c3c3c3c3c3c3c3c3c3c
       519  <<<,<<<<<<<<<<<<  3c3c3c2c3c3c3c3c3c3c3c3c3c3c3c3c
# epoch 48400  H=1.1930 C=1.1530 HO=0.0400  A(t)=2172
     22614  <<<<<<<<<<<<<<<<  3c3c3c3c3c3c3c3c3c3c3c3c3c3c3c3c
       555  ,,,,,,,,,,,,,,,,  2c2c2c2c2c2c2c2c2c2c2c2c2c2c2c2c
       492  <<<<<<<<<<<<<<<,  3c3c3c3c3c3c3c3c3c3c3c3c3c3c3c2c
       491  <,<<<<<<<<<<<<<<  3c2c3c3c3c3c3c3c3c3c3c3c3c3c3c3c
       491  ,<<<<<<<<<<<<<<<  2c3c3c3c3c3c3c3c3c3c3c3c3c3c3c3c
       485  <<<<<<<<<<<<<<,<  3c3c3c3c3c3c3c3c3c3c3c3c3c3c2c3c
       483  <<,<<<<<<<<<<<<<  3c3c2c3c3c3c3c3c3c3c3c3c3c3c3c3c
       481  <<<<<<<<<<<<<,<<  3c3c3c3c3c3c3c3c3c3c3c3c3c2c3c3c
       469  <<<<<<<<<<<<,<<<  3c3c3c3c3c3c3c3c3c3c3c3c2c3c3c3c
       467  <<<<<<<,<<<<<<<<  3c3c3c3c3c3c3c2c3c3c3c3c3c3c3c3c
# epoch 48450  H=1.3468 C=1.2642 HO=0.0826  A(t)=2172
     20757  <<<<<<<<<<<<<<<<  3c3c3c3c3c3c3c3c3c3c3c3c3c3c3c3c
       697  ,,,,,,,,,,,,,,,,  2c2c2c2c2c2c2c2c2c2c2c2c2c2c2c2c
       470  <<<<<<<<<<<<<<<,  3c3c3c3c3c3c3c3c3c3c3c3c3c3c3c2c
       462  ,<<<<<<<<<<<<<<<  2c3c3c3c3c3c3c3c3c3c3c3c3c3c3c3c
       454  <,<<<<<<<<<<<<<<  3c2c3c3c3c3c3c3c3c3c3c3c3c3c3c3c
       445  <<<<<<<<<<<<<<,<  3c3c3c3c3c3c3c3c3c3c3c3c3c3c2c3c
       445  <<,<<<<<<<<<<<<<  3c3c2c3c3c3c3c3c3c3c3c3c3c3c3c3c
       439  <<<,<<<<<<<<<<<<  3c3c3c2c3c3c3c3c3c3c3c3c3c3c3c3c
       435  <<<<<<<<<<<<<,<<  3c3c3c3c3c3c3c3c3c3c3c3c3c2c3c3c
       434  <<<<<<<<<<<<,<<<  3c3c3c3c3c3c3c3c3c3c3c3c2c3c3c3c
# epoch 48500  H=1.4292 C=1.3285 HO=0.1007  A(t)=2172
     20933  <<<<<<<<<<<<<<<<  3c3c3c3c3c3c3c3c3c3c3c3c3c3c3c3c
       782  ,,,,,,,,,,,,,,,,  2c2c2c2c2c2c2c2c2c2c2c2c2c2c2c2c
       420  <<<<<<<<<<<<<<<,  3c3c3c3c3c3c3c3c3c3c3c3c3c3c3c2c
       415  ,<<<<<<<<<<<<<<<  2c3c3c3c3c3c3c3c3c3c3c3c3c3c3c3c
       408  <<<<<<<<<<,<<<<<  3c3c3c3c3c3c3c3c3c3c2c3c3c3c3c3c
       406  <<<<<<<<<,<<<<<<  3c3c3c3c3c3c3c3c3c2c3c3c3c3c3c3c
       401  <<<<<<<<<<<<,<<<  3c3c3c3c3c3c3c3c3c3c3c3c2c3c3c3c
       398  <<<<<<<<<<<,<<<<  3c3c3c3c3c3c3c3c3c3c3c2c3c3c3c3c
       397  <<<<<,<<<<<<<<<<  3c3c3c3c3c2c3c3c3c3c3c3c3c3c3c3c
       395  <<<<<<,<<<<<<<<<  3c3c3c3c3c3c2c3c3c3c3c3c3c3c3c3c
# epoch 48550  H=1.4411 C=1.3518 HO=0.0893  A(t)=2174
     19113  <<<<<<<<<<<<<<<<  3c3c3c3c3c3c3c3c3c3c3c3c3c3c3c3c
       645  ,,,,,,,,,,,,,,,,  2c2c2c2c2c2c2c2c2c2c2c2c2c2c2c2c
       461  <<<<<<<<<<<<<<<,  3c3c3c3c3c3c3c3c3c3c3c3c3c3c3c2c
       456  ,<<<<<<<<<<<<<<<  2c3c3c3c3c3c3c3c3c3c3c3c3c3c3c3c
       451  <<<<<<<<<<<<,<<<  3c3c3c3c3c3c3c3c3c3c3c3c2c3c3c3c
       448  <<<<<<<<<<<<<<,<  3c3c3c3c3c3c3c3c3c3c3c3c3c3c2c3c
       443  <<<<<<<<<<<<<,<<  3c3c3c3c3c3c3c3c3c3c3c3c3c2c3c3c
       442  <<<<<,<<<<<<<<<<  3c3c3c3c3c2c3c3c3c3c3c3c3c3c3c3c
       439  <<<,<<<<<<<<<<<<  3c3c3c2c3c3c3c3c3c3c3c3c3c3c3c3c
       436  <,<<<<<<<<<<<<<<  3c2c3c3c3c3c3c3c3c3c3c3c3c3c3c3c
# epoch 48600  H=1.4305 C=1.3765 HO=0.0540  A(t)=2175
     18535  <<<<<<<<<<<<<<<<  3c3c3c3c3c3c3c3c3c3c3c3c3c3c3c3c
       492  <<<<<<<<<<<<<<<,  3c3c3c3c3c3c3c3c3c3c3c3c3c3c3c2c
       489  ,<<<<<<<<<<<<<<<  2c3c3c3c3c3c3c3c3c3c3c3c3c3c3c3c
       473  <<<<<<<<<<<<<<,<  3c3c3c3c3c3c3c3c3c3c3c3c3c3c2c3c
       473  <<<<<,<<<<<<<<<<  3c3c3c3c3c2c3c3c3c3c3c3c3c3c3c3c
       469  <,<<<<<<<<<<<<<<  3c2c3c3c3c3c3c3c3c3c3c3c3c3c3c3c
       466  <<<<,<<<<<<<<<<<  3c3c3c3c2c3c3c3c3c3c3c3c3c3c3c3c
       459  <<<<<<,<<<<<<<<<  3c3c3c3c3c3c2c3c3c3c3c3c3c3c3c3c
       458  <<,<<<<<<<<<<<<<  3c3c2c3c3c3c3c3c3c3c3c3c3c3c3c3c
       456  <<<<<<<<<<<<<,<<  3c3c3c3c3c3c3c3c3c3c3c3c3c2c3c3c
# epoch 48650  H=1.4476 C=1.3594 HO=0.0882  A(t)=2181
     19788  <<<<<<<<<<<<<<<<  3c3c3c3c3c3c3c3c3c3c3c3c3c3c3c3c
       487  ,,,,,,,,,,,,,,,,  2c2c2c2c2c2c2c2c2c2c2c2c2c2c2c2c
       418  <<<<<<<<<<<<<<<,  3c3c3c3c3c3c3c3c3c3c3c3c3c3c3c2c
       412  <<<<<<<,<<<<<<<<  3c3c3c3c3c3c3c2c3c3c3c3c3c3c3c3c
       411  <<<<<<<<<,<<<<<<  3c3c3c3c3c3c3c3c3c2c3c3c3c3c3c3c
       408  <<<<<<<<<<,<<<<<  3c3c3c3c3c3c3c3c3c3c2c3c3c3c3c3c
       407  <<<<<<<<<<<<<<,<  3c3c3c3c3c3c3c3c3c3c3c3c3c3c2c3c
       407  <<<<<<<<<<<<<,<<  3c3c3c3c3c3c3c3c3c3c3c3c3c2c3c3c
       404  <<<<<<<<,<<<<<<<  3c3c3c3c3c3c3c3c2c3c3c3c3c3c3c3c
       404  <<<<<<,<<<<<<<<<  3c3c3c3c3c3c2c3c3c3c3c3c3c3c3c3c
# epoch 48700  H=1.4479 C=1.3529 HO=0.0950  A(t)=2181
     18628  <<<<<<<<<<<<<<<<  3c3c3c3c3c3c3c3c3c3c3c3c3c3c3c3c
       798  ,,,,,,,,,,,,,,,,  2c2c2c2c2c2c2c2c2c2c2c2c2c2c2c2c
       464  <<<<<<<<<<<<<<<,  3c3c3c3c3c3c3c3c3c3c3c3c3c3c3c2c
       448  <<<<<<<<<<<<<<,<  3c3c3c3c3c3c3c3c3c3c3c3c3c3c2c3c
       447  ,<<<<<<<<<<<<<<<  2c3c3c3c3c3c3c3c3c3c3c3c3c3c3c3c
       429  <<<<<<<<<<<<<,<<  3c3c3c3c3c3c3c3c3c3c3c3c3c2c3c3c
       428  <<<<<<<<<,<<<<<<  3c3c3c3c3c3c3c3c3c2c3c3c3c3c3c3c
       428  <,<<<<<<<<<<<<<<  3c2c3c3c3c3c3c3c3c3c3c3c3c3c3c3c
       427  <<<<<<,<<<<<<<<<  3c3c3c3c3c3c2c3c3c3c3c3c3c3c3c3c
       427  <<,<<<<<<<<<<<<<  3c3c2c3c3c3c3c3c3c3c3c3c3c3c3c3c
# epoch 48750  H=1.4172 C=1.3765 HO=0.0407  A(t)=2181
     18603  <<<<<<<<<<<<<<<<  3c3c3c3c3c3c3c3c3c3c3c3c3c3c3c3c
       498  <<<<<<<<<<<<<<<,  3c3c3c3c3c3c3c3c3c3c3c3c3c3c3c2c
       495  ,<<<<<<<<<<<<<<<  2c3c3c3c3c3c3c3c3c3c3c3c3c3c3c3c
       487  <,<<<<<<<<<<<<<<  3c2c3c3c3c3c3c3c3c3c3c3c3c3c3c3c
       485  <<<<<<<<<<<<<<,<  3c3c3c3c3c3c3c3c3c3c3c3c3c3c2c3c
       477  <<,<<<<<<<<<<<<<  3c3c2c3c3c3c3c3c3c3c3c3c3c3c3c3c
       458  <<<<<<<,<<<<<<<<  3c3c3c3c3c3c3c2c3c3c3c3c3c3c3c3c
       458  <<<,<<<<<<<<<<<<  3c3c3c2c3c3c3c3c3c3c3c3c3c3c3c3c
       456  <<<<<<<<<<<<<,<<  3c3c3c3c3c3c3c3c3c3c3c3c3c2c3c3c
       454  <<<<<,<<<<<<<<<<  3c3c3c3c3c2c3c3c3c3c3c3c3c3c3c3c
# epoch 48800  H=1.4724 C=1.3672 HO=0.1052  A(t)=2181
     19022  <<<<<<<<<<<<<<<<  3c3c3c3c3c3c3c3c3c3c3c3c3c3c3c3c
       919  ,,,,,,,,,,,,,,,,  2c2c2c2c2c2c2c2c2c2c2c2c2c2c2c2c
       491  ,<<<<<<<<<<<<<<<  2c3c3c3c3c3c3c3c3c3c3c3c3c3c3c3c
       484  <<<<<<<<<<<<<<<,  3c3c3c3c3c3c3c3c3c3c3c3c3c3c3c2c
       460  <,<<<<<<<<<<<<<<  3c2c3c3c3c3c3c3c3c3c3c3c3c3c3c3c
       456  <<,<<<<<<<<<<<<<  3c3c2c3c3c3c3c3c3c3c3c3c3c3c3c3c
       449  <<<<<<<<<<<<<<,<  3c3c3c3c3c3c3c3c3c3c3c3c3c3c2c3c
       441  <<<<<,<<<<<<<<<<  3c3c3c3c3c2c3c3c3c3c3c3c3c3c3c3c
       441  <<<<,<<<<<<<<<<<  3c3c3c3c2c3c3c3c3c3c3c3c3c3c3c3c
       441  <<<,<<<<<<<<<<<<  3c3c3c2c3c3c3c3c3c3c3c3c3c3c3c3c
# epoch 48850  H=1.3795 C=1.2925 HO=0.0870  A(t)=2181
     19610  <<<<<<<<<<<<<<<<  3c3c3c3c3c3c3c3c3c3c3c3c3c3c3c3c
       862  ,,,,,,,,,,,,,,,,  2c2c2c2c2c2c2c2c2c2c2c2c2c2c2c2c
       501  <<<<<<<<<<<<<<<,  3c3c3c3c3c3c3c3c3c3c3c3c3c3c3c2c
       489  ,<<<<<<<<<<<<<<<  2c3c3c3c3c3c3c3c3c3c3c3c3c3c3c3c
       481  <<<<<<<<<<<<<<,<  3c3c3c3c3c3c3c3c3c3c3c3c3c3c2c3c
       471  <<,<<<<<<<<<<<<<  3c3c2c3c3c3c3c3c3c3c3c3c3c3c3c3c
       467  <<<<<<<<<<<<<,<<  3c3c3c3c3c3c3c3c3c3c3c3c3c2c3c3c
       464  <,<<<<<<<<<<<<<<  3c2c3c3c3c3c3c3c3c3c3c3c3c3c3c3c
       462  <<<<<<<<<<<<,<<<  3c3c3c3c3c3c3c3c3c3c3c3c2c3c3c3c
       458  <<<,<<<<<<<<<<<<  3c3c3c2c3c3c3c3c3c3c3c3c3c3c3c3c
# epoch 48900  H=1.3160 C=1.2640 HO=0.0519  A(t)=2181
     19772  <<<<<<<<<<<<<<<<  3c3c3c3c3c3c3c3c3c3c3c3c3c3c3c3c
       695  ,,,,,,,,,,,,,,,,  2c2c2c2c2c2c2c2c2c2c2c2c2c2c2c2c
       534  <<<<<<<<<<<<<<<,  3c3c3c3c3c3c3c3c3c3c3c3c3c3c3c2c
       511  ,<<<<<<<<<<<<<<<  2c3c3c3c3c3c3c3c3c3c3c3c3c3c3c3c
       484  <<<<<<<<<<<<<<,<  3c3c3c3c3c3c3c3c3c3c3c3c3c3c2c3c
       478  <,<<<<<<<<<<<<<<  3c2c3c3c3c3c3c3c3c3c3c3c3c3c3c3c
       464  <<,<<<<<<<<<<<<<  3c3c2c3c3c3c3c3c3c3c3c3c3c3c3c3c
       459  <<<<<<<<<<<<<,<<  3c3c3c3c3c3c3c3c3c3c3c3c3c2c3c3c
       459  <<<,<<<<<<<<<<<<  3c3c3c2c3c3c3c3c3c3c3c3c3c3c3c3c
       457  <<<<<,<<<<<<<<<<  3c3c3c3c3c2c3c3c3c3c3c3c3c3c3c3c
# epoch 48950  H=1.4408 C=1.3474 HO=0.0934  A(t)=2181
     20646  <<<<<<<<<<<<<<<<  3c3c3c3c3c3c3c3c3c3c3c3c3c3c3c3c
       611  ,,,,,,,,,,,,,,,,  2c2c2c2c2c2c2c2c2c2c2c2c2c2c2c2c
       494  <<<<<<<<<<<<<<<,  3c3c3c3c3c3c3c3c3c3c3c3c3c3c3c2c
       475  <<<<<<<<<<<<<<,<  3c3c3c3c3c3c3c3c3c3c3c3c3c3c2c3c
       464  <<<<<<<,<<<<<<<<  3c3c3c3c3c3c3c2c3c3c3c3c3c3c3c3c
       463  <<<<<<<<<<,<<<<<  3c3c3c3c3c3c3c3c3c3c2c3c3c3c3c3c
       460  ,<<<<<<<<<<<<<<<  2c3c3c3c3c3c3c3c3c3c3c3c3c3c3c3c
       459  <<<<<<,<<<<<<<<<  3c3c3c3c3c3c2c3c3c3c3c3c3c3c3c3c
       458  <<<<<<<<<<<<<,<<  3c3c3c3c3c3c3c3c3c3c3c3c3c2c3c3c
       458  <<<<<<<<<,<<<<<<  3c3c3c3c3c3c3c3c3c2c3c3c3c3c3c3c
# epoch 49000  H=1.5346 C=1.4746 HO=0.0600  A(t)=2181
     18572  <<<<<<<<<<<<<<<<  3c3c3c3c3c3c3c3c3c3c3c3c3c3c3c3c
       495  <<<<<<<<<<<<<<<,  3c3c3c3c3c3c3c3c3c3c3c3c3c3c3c2c
       484  <<<<<<<<<<<<<<,<  3c3c3c3c3c3c3c3c3c3c3c3c3c3c2c3c
       483  ,<<<<<<<<<<<<<<<  2c3c3c3c3c3c3c3c3c3c3c3c3c3c3c3c
       472  <,<<<<<<<<<<<<<<  3c2c3c3c3c3c3c3c3c3c3c3c3c3c3c3c
       462  <<<<<<<<<<<<<,<<  3c3c3c3c3c3c3c3c3c3c3c3c3c2c3c3c
       456  <<<<<<<<<<<<,<<<  3c3c3c3c3c3c3c3c3c3c3c3c2c3c3c3c
       454  <<,<<<<<<<<<<<<<  3c3c2c3c3c3c3c3c3c3c3c3c3c3c3c3c
       449  <<<<,<<<<<<<<<<<  3c3c3c3c2c3c3c3c3c3c3c3c3c3c3c3c
       447  <<<<<<<<<<<,<<<<  3c3c3c3c3c3c3c3c3c3c3c2c3c3c3c3c
# epoch 49050  H=1.5437 C=1.5001 HO=0.0436  A(t)=2181
     17885  <<<<<<<<<<<<<<<<  3c3c3c3c3c3c3c3c3c3c3c3c3c3c3c3c
       473  ,,,,,,,,,,,,,,,,  2c2c2c2c2c2c2c2c2c2c2c2c2c2c2c2c
       462  <<<<<<<<<<<<<<<,  3c3c3c3c3c3c3c3c3c3c3c3c3c3c3c2c
       444  <<<<<<<<<<<<<<,<  3c3c3c3c3c3c3c3c3c3c3c3c3c3c2c3c
       441  ,<<<<<<<<<<<<<<<  2c3c3c3c3c3c3c3c3c3c3c3c3c3c3c3c
       422  <<<<<<<<<<<<<,<<  3c3c3c3c3c3c3c3c3c3c3c3c3c2c3c3c
       421  <,<<<<<<<<<<<<<<  3c2c3c3c3c3c3c3c3c3c3c3c3c3c3c3c
       419  <<,<<<<<<<<<<<<<  3c3c2c3c3c3c3c3c3c3c3c3c3c3c3c3c
       408  <<<<<<<<<<<<,<<<  3c3c3c3c3c3c3c3c3c3c3c3c2c3c3c3c
       407  <<<,<<<<<<<<<<<<  3c3c3c2c3c3c3c3c3c3c3c3c3c3c3c3c
# epoch 49100  H=1.6732 C=1.5583 HO=0.1149  A(t)=2181
     18373  <<<<<<<<<<<<<<<<  3c3c3c3c3c3c3c3c3c3c3c3c3c3c3c3c
       516  ,,,,,,,,,,,,,,,,  2c2c2c2c2c2c2c2c2c2c2c2c2c2c2c2c
       421  <<<<<<<<<<<<<<<,  3c3c3c3c3c3c3c3c3c3c3c3c3c3c3c2c
       417  ,<<<<<<<<<<<<<<<  2c3c3c3c3c3c3c3c3c3c3c3c3c3c3c3c
       405  <,<<<<<<<<<<<<<<  3c2c3c3c3c3c3c3c3c3c3c3c3c3c3c3c
       397  <<<<<<<<<<<<<<,<  3c3c3c3c3c3c3c3c3c3c3c3c3c3c2c3c
       396  <<,<<<<<<<<<<<<<  3c3c2c3c3c3c3c3c3c3c3c3c3c3c3c3c
       392  <<<<<<<<<<<<<,<<  3c3c3c3c3c3c3c3c3c3c3c3c3c2c3c3c
       385  <<<,<<<<<<<<<<<<  3c3c3c2c3c3c3c3c3c3c3c3c3c3c3c3c
       383  <<<<,<<<<<<<<<<<  3c3c3c3c2c3c3c3c3c3c3c3c3c3c3c3c
# epoch 49150  H=1.7024 C=1.5770 HO=0.1254  A(t)=2181
     17239  <<<<<<<<<<<<<<<<  3c3c3c3c3c3c3c3c3c3c3c3c3c3c3c3c
       542  ,,,,,,,,,,,,,,,,  2c2c2c2c2c2c2c2c2c2c2c2c2c2c2c2c
       449  <<<<<<<<<<<<,<<<  3c3c3c3c3c3c3c3c3c3c3c3c2c3c3c3c
       445  <<<<<<<<<<<<<,<<  3c3c3c3c3c3c3c3c3c3c3c3c3c2c3c3c
       445  <<<<<<<<<<<,<<<<  3c3c3c3c3c3c3c3c3c3c3c2c3c3c3c3c
       442  <<<<<<<<<<,<<<<<  3c3c3c3c3c3c3c3c3c3c2c3c3c3c3c3c
       437  <<<<<<<<<<<<<<,<  3c3c3c3c3c3c3c3c3c3c3c3c3c3c2c3c
       435  <<<<<<<<<<<<<<<,  3c3c3c3c3c3c3c3c3c3c3c3c3c3c3c2c
       430  <<<<<<<<,<<<<<<<  3c3c3c3c3c3c3c3c2c3c3c3c3c3c3c3c
       429  <<<<<<<<<,<<<<<<  3c3c3c3c3c3c3c3c3c2c3c3c3c3c3c3c
# epoch 49200  H=1.5777 C=1.4572 HO=0.1205  A(t)=2181
     19299  <<<<<<<<<<<<<<<<  3c3c3c3c3c3c3c3c3c3c3c3c3c3c3c3c
       715  ,,,,,,,,,,,,,,,,  2c2c2c2c2c2c2c2c2c2c2c2c2c2c2c2c
       455  <<<<<<<<<<<<<<<,  3c3c3c3c3c3c3c3c3c3c3c3c3c3c3c2c
       445  ,<<<<<<<<<<<<<<<  2c3c3c3c3c3c3c3c3c3c3c3c3c3c3c3c
       443  <<<<<<<<<<<<<<,<  3c3c3c3c3c3c3c3c3c3c3c3c3c3c2c3c
       433  <,<<<<<<<<<<<<<<  3c2c3c3c3c3c3c3c3c3c3c3c3c3c3c3c
       429  <<<<<<<<<<<<<,<<  3c3c3c3c3c3c3c3c3c3c3c3c3c2c3c3c
       427  <<<,<<<<<<<<<<<<  3c3c3c2c3c3c3c3c3c3c3c3c3c3c3c3c
       427  <<,<<<<<<<<<<<<<  3c3c2c3c3c3c3c3c3c3c3c3c3c3c3c3c
       421  <<<<<<<<<<<<,<<<  3c3c3c3c3c3c3c3c3c3c3c3c2c3c3c3c
# epoch 49250  H=1.4584 C=1.3389 HO=0.1196  A(t)=2181
     19732  <<<<<<<<<<<<<<<<  3c3c3c3c3c3c3c3c3c3c3c3c3c3c3c3c
       540  ,,,,,,,,,,,,,,,,  2c2c2c2c2c2c2c2c2c2c2c2c2c2c2c2c
       435  <<<<<<<<<<<<<<<,  3c3c3c3c3c3c3c3c3c3c3c3c3c3c3c2c
       435  <<<<<<,<<<<<<<<<  3c3c3c3c3c3c2c3c3c3c3c3c3c3c3c3c
       429  <<<<<,<<<<<<<<<<  3c3c3c3c3c2c3c3c3c3c3c3c3c3c3c3c
       424  <<<<<<<,<<<<<<<<  3c3c3c3c3c3c3c2c3c3c3c3c3c3c3c3c
       422  <<<<<<<<,<<<<<<<  3c3c3c3c3c3c3c3c2c3c3c3c3c3c3c3c
       421  ,<<<<<<<<<<<<<<<  2c3c3c3c3c3c3c3c3c3c3c3c3c3c3c3c
       420  <<<<<<<<<,<<<<<<  3c3c3c3c3c3c3c3c3c2c3c3c3c3c3c3c
       419  <<<<<<<<<<,<<<<<  3c3c3c3c3c3c3c3c3c3c2c3c3c3c3c3c
# epoch 49300  H=1.3585 C=1.2561 HO=0.1024  A(t)=2181
     21110  <<<<<<<<<<<<<<<<  3c3c3c3c3c3c3c3c3c3c3c3c3c3c3c3c
       634  ,,,,,,,,,,,,,,,,  2c2c2c2c2c2c2c2c2c2c2c2c2c2c2c2c
       476  ,<<<<<<<<<<<<<<<  2c3c3c3c3c3c3c3c3c3c3c3c3c3c3c3c
       474  <<<<<<<<<<<<<<<,  3c3c3c3c3c3c3c3c3c3c3c3c3c3c3c2c
       451  <,<<<<<<<<<<<<<<  3c2c3c3c3c3c3c3c3c3c3c3c3c3c3c3c
       448  <<<<<<<<<<<<<<,<  3c3c3c3c3c3c3c3c3c3c3c3c3c3c2c3c
       445  <<,<<<<<<<<<<<<<  3c3c2c3c3c3c3c3c3c3c3c3c3c3c3c3c
       442  <<<<<,<<<<<<<<<<  3c3c3c3c3c2c3c3c3c3c3c3c3c3c3c3c
       440  <<<<<<<<<<,<<<<<  3c3c3c3c3c3c3c3c3c3c2c3c3c3c3c3c
       437  <<<<<<<<<,<<<<<<  3c3c3c3c3c3c3c3c3c2c3c3c3c3c3c3c
# epoch 49350  H=1.2700 C=1.1914 HO=0.0786  A(t)=2181
     21466  <<<<<<<<<<<<<<<<  3c3c3c3c3c3c3c3c3c3c3c3c3c3c3c3c
       765  ,,,,,,,,,,,,,,,,  2c2c2c2c2c2c2c2c2c2c2c2c2c2c2c2c
       478  <<<<<<<<<<<<<<,<  3c3c3c3c3c3c3c3c3c3c3c3c3c3c2c3c
       474  <<<<<<<<<<<<<<<,  3c3c3c3c3c3c3c3c3c3c3c3c3c3c3c2c
       469  ,<<<<<<<<<<<<<<<  2c3c3c3c3c3c3c3c3c3c3c3c3c3c3c3c
       462  <,<<<<<<<<<<<<<<  3c2c3c3c3c3c3c3c3c3c3c3c3c3c3c3c
       458  <<,<<<<<<<<<<<<<  3c3c2c3c3c3c3c3c3c3c3c3c3c3c3c3c
       452  <<<<<<<<<<<<<,<<  3c3c3c3c3c3c3c3c3c3c3c3c3c2c3c3c
       444  <<<<<<<<,<<<<<<<  3c3c3c3c3c3c3c3c2c3c3c3c3c3c3c3c
       438  <<<<<<<<<,<<<<<<  3c3c3c3c3c3c3c3c3c2c3c3c3c3c3c3c
# epoch 49400  H=1.2846 C=1.2323 HO=0.0523  A(t)=2181
     19989  <<<<<<<<<<<<<<<<  3c3c3c3c3c3c3c3c3c3c3c3c3c3c3c3c
       625  ,,,,,,,,,,,,,,,,  2c2c2c2c2c2c2c2c2c2c2c2c2c2c2c2c
       486  <<<<<<<<<<<<<<<,  3c3c3c3c3c3c3c3c3c3c3c3c3c3c3c2c
       479  <<<<<<<<<<<<<<,<  3c3c3c3c3c3c3c3c3c3c3c3c3c3c2c3c
       476  ,<<<<<<<<<<<<<<<  2c3c3c3c3c3c3c3c3c3c3c3c3c3c3c3c
       471  <,<<<<<<<<<<<<<<  3c2c3c3c3c3c3c3c3c3c3c3c3c3c3c3c
       463  <<<<<<<<<<<<<,<<  3c3c3c3c3c3c3c3c3c3c3c3c3c2c3c3c
       456  <<,<<<<<<<<<<<<<  3c3c2c3c3c3c3c3c3c3c3c3c3c3c3c3c
       448  <<<<<<<<<<<<,<<<  3c3c3c3c3c3c3c3c3c3c3c3c2c3c3c3c
       446  <<<<<<<,<<<<<<<<  3c3c3c3c3c3c3c2c3c3c3c3c3c3c3c3c
# epoch 49450  H=1.3451 C=1.2690 HO=0.0761  A(t)=2184
     19790  <<<<<<<<<<<<<<<<  3c3c3c3c3c3c3c3c3c3c3c3c3c3c3c3c
       770  ,,,,,,,,,,,,,,,,  2c2c2c2c2c2c2c2c2c2c2c2c2c2c2c2c
       406  <<<<<<<<<<<<<<<,  3c3c3c3c3c3c3c3c3c3c3c3c3c3c3c2c
       395  <<<<<<<<<<<<<<,<  3c3c3c3c3c3c3c3c3c3c3c3c3c3c2c3c
       393  <<<<<<<<<<<<<,<<  3c3c3c3c3c3c3c3c3c3c3c3c3c2c3c3c
       393  ,<<<<<<<<<<<<<<<  2c3c3c3c3c3c3c3c3c3c3c3c3c3c3c3c
       392  <<<<<<<<<<<<,<<<  3c3c3c3c3c3c3c3c3c3c3c3c2c3c3c3c
       392  <<<<<<<,<<<<<<<<  3c3c3c3c3c3c3c2c3c3c3c3c3c3c3c3c
       392  <<<<<<,<<<<<<<<<  3c3c3c3c3c3c2c3c3c3c3c3c3c3c3c3c
       391  <<<<<<<<<<,<<<<<  3c3c3c3c3c3c3c3c3c3c2c3c3c3c3c3c
# epoch 49500  H=1.2938 C=1.2351 HO=0.0587  A(t)=2184
     22270  <<<<<<<<<<<<<<<<  3c3c3c3c3c3c3c3c3c3c3c3c3c3c3c3c
       508  <<<<<<<<<<<<<<<,  3c3c3c3c3c3c3c3c3c3c3c3c3c3c3c2c
       494  ,<<<<<<<<<<<<<<<  2c3c3c3c3c3c3c3c3c3c3c3c3c3c3c3c
       486  <<<<<<<<<<<<<<,<  3c3c3c3c3c3c3c3c3c3c3c3c3c3c2c3c
       469  <<<<<<<<<<<<<,<<  3c3c3c3c3c3c3c3c3c3c3c3c3c2c3c3c
       465  <,<<<<<<<<<<<<<<  3c2c3c3c3c3c3c3c3c3c3c3c3c3c3c3c
       455  <<<<<<<<,<<<<<<<  3c3c3c3c3c3c3c3c2c3c3c3c3c3c3c3c
       455  <<<,<<<<<<<<<<<<  3c3c3c2c3c3c3c3c3c3c3c3c3c3c3c3c
       455  <<,<<<<<<<<<<<<<  3c3c2c3c3c3c3c3c3c3c3c3c3c3c3c3c
       454  <<<<,<<<<<<<<<<<  3c3c3c3c2c3c3c3c3c3c3c3c3c3c3c3c
# epoch 49550  H=1.2572 C=1.2344 HO=0.0228  A(t)=2184
     20943  <<<<<<<<<<<<<<<<  3c3c3c3c3c3c3c3c3c3c3c3c3c3c3c3c
       572  ,,,,,,,,,,,,,,,,  2c2c2c2c2c2c2c2c2c2c2c2c2c2c2c2c
       495  ,<<<<<<<<<<<<<<<  2c3c3c3c3c3c3c3c3c3c3c3c3c3c3c3c
       489  <<<<<<<<<<<<<<<,  3c3c3c3c3c3c3c3c3c3c3c3c3c3c3c2c
       487  <,<<<<<<<<<<<<<<  3c2c3c3c3c3c3c3c3c3c3c3c3c3c3c3c
       485  <<,<<<<<<<<<<<<<  3c3c2c3c3c3c3c3c3c3c3c3c3c3c3c3c
       473  <<<<<<<<<<<<<<,<  3c3c3c3c3c3c3c3c3c3c3c3c3c3c2c3c
       468  <<<,<<<<<<<<<<<<  3c3c3c2c3c3c3c3c3c3c3c3c3c3c3c3c
       466  <<<<<<<<<<<<<,<<  3c3c3c3c3c3c3c3c3c3c3c3c3c2c3c3c
       462  <<<<<<<<<<<<,<<<  3c3c3c3c3c3c3c3c3c3c3c3c2c3c3c3c
# epoch 49600  H=1.3028 C=1.2917 HO=0.0110  A(t)=2184
     20767  <<<<<<<<<<<<<<<<  3c3c3c3c3c3c3c3c3c3c3c3c3c3c3c3c
       458  <<<<<<<<<<<<<<<,  3c3c3c3c3c3c3c3c3c3c3c3c3c3c3c2c
       451  <<,<<<<<<<<<<<<<  3c3c2c3c3c3c3c3c3c3c3c3c3c3c3c3c
       450  <<<<<<<<<<<<<<,<  3c3c3c3c3c3c3c3c3c3c3c3c3c3c2c3c
       450  ,<<<<<<<<<<<<<<<  2c3c3c3c3c3c3c3c3c3c3c3c3c3c3c3c
       447  <<<<,<<<<<<<<<<<  3c3c3c3c2c3c3c3c3c3c3c3c3c3c3c3c
       446  <<<<<<<<<<<<<,<<  3c3c3c3c3c3c3c3c3c3c3c3c3c2c3c3c
       446  <<<<<,<<<<<<<<<<  3c3c3c3c3c2c3c3c3c3c3c3c3c3c3c3c
       443  <<<,<<<<<<<<<<<<  3c3c3c2c3c3c3c3c3c3c3c3c3c3c3c3c
       440  <<<<<<,<<<<<<<<<  3c3c3c3c3c3c2c3c3c3c3c3c3c3c3c3c
# epoch 49650  H=1.4065 C=1.3571 HO=0.0494  A(t)=2184
     18839  <<<<<<<<<<<<<<<<  3c3c3c3c3c3c3c3c3c3c3c3c3c3c3c3c
       625  ,,,,,,,,,,,,,,,,  2c2c2c2c2c2c2c2c2c2c2c2c2c2c2c2c
       380  <<<<<<<<<<<<<<<,  3c3c3c3c3c3c3c3c3c3c3c3c3c3c3c2c
       379  ,<<<<<<<<<<<<<<<  2c3c3c3c3c3c3c3c3c3c3c3c3c3c3c3c
       374  <<<<<<<<<<<<<<,<  3c3c3c3c3c3c3c3c3c3c3c3c3c3c2c3c
       372  <,<<<<<<<<<<<<<<  3c2c3c3c3c3c3c3c3c3c3c3c3c3c3c3c
       361  <<,<<<<<<<<<<<<<  3c3c2c3c3c3c3c3c3c3c3c3c3c3c3c3c
       360  <<<<<<<<<<<<<,<<  3c3c3c3c3c3c3c3c3c3c3c3c3c2c3c3c
       356  <<<,<<<<<<<<<<<<  3c3c3c2c3c3c3c3c3c3c3c3c3c3c3c3c
       352  <<<<<<,<<<<<<<<<  3c3c3c3c3c3c2c3c3c3c3c3c3c3c3c3c
# epoch 49700  H=1.3510 C=1.3190 HO=0.0320  A(t)=2186
     19257  <<<<<<<<<<<<<<<<  3c3c3c3c3c3c3c3c3c3c3c3c3c3c3c3c
       462  ,,,,,,,,,,,,,,,,  2c2c2c2c2c2c2c2c2c2c2c2c2c2c2c2c
       413  <<<<<<<<<<<<<<<,  3c3c3c3c3c3c3c3c3c3c3c3c3c3c3c2c
       413  ,<<<<<<<<<<<<<<<  2c3c3c3c3c3c3c3c3c3c3c3c3c3c3c3c
       390  <<<<<<<<<<<<<<,<  3c3c3c3c3c3c3c3c3c3c3c3c3c3c2c3c
       387  <,<<<<<<<<<<<<<<  3c2c3c3c3c3c3c3c3c3c3c3c3c3c3c3c
       384  <<,<<<<<<<<<<<<<  3c3c2c3c3c3c3c3c3c3c3c3c3c3c3c3c
       383  <<<<<<<<<<<<<,<<  3c3c3c3c3c3c3c3c3c3c3c3c3c2c3c3c
       376  <<<<<,<<<<<<<<<<  3c3c3c3c3c2c3c3c3c3c3c3c3c3c3c3c
       375  <<<<,<<<<<<<<<<<  3c3c3c3c2c3c3c3c3c3c3c3c3c3c3c3c
# epoch 49750  H=1.3004 C=1.2590 HO=0.0414  A(t)=2186
     20031  <<<<<<<<<<<<<<<<  3c3c3c3c3c3c3c3c3c3c3c3c3c3c3c3c
       567  ,,,,,,,,,,,,,,,,  2c2c2c2c2c2c2c2c2c2c2c2c2c2c2c2c
       491  <<<<<<<<<<<<<<<,  3c3c3c3c3c3c3c3c3c3c3c3c3c3c3c2c
       474  <<<<<<<<<<<<<<,<  3c3c3c3c3c3c3c3c3c3c3c3c3c3c2c3c
       460  ,<<<<<<<<<<<<<<<  2c3c3c3c3c3c3c3c3c3c3c3c3c3c3c3c
       456  <,<<<<<<<<<<<<<<  3c2c3c3c3c3c3c3c3c3c3c3c3c3c3c3c
       455  <<<<<<<<<<<<<,<<  3c3c3c3c3c3c3c3c3c3c3c3c3c2c3c3c
       455  <<<<<<<<<<<<,<<<  3c3c3c3c3c3c3c3c3c3c3c3c2c3c3c3c
       445  <<<,<<<<<<<<<<<<  3c3c3c2c3c3c3c3c3c3c3c3c3c3c3c3c
       444  <<,<<<<<<<<<<<<<  3c3c2c3c3c3c3c3c3c3c3c3c3c3c3c3c
# epoch 49800  H=1.2629 C=1.2238 HO=0.0391  A(t)=2187
     21454  <<<<<<<<<<<<<<<<  3c3c3c3c3c3c3c3c3c3c3c3c3c3c3c3c
       545  ,,,,,,,,,,,,,,,,  2c2c2c2c2c2c2c2c2c2c2c2c2c2c2c2c
       496  <<<<<<<<<<<<<<<,  3c3c3c3c3c3c3c3c3c3c3c3c3c3c3c2c
       465  ,<<<<<<<<<<<<<<<  2c3c3c3c3c3c3c3c3c3c3c3c3c3c3c3c
       456  <<<<<<<<<<<<<<,<  3c3c3c3c3c3c3c3c3c3c3c3c3c3c2c3c
       456  <,<<<<<<<<<<<<<<  3c2c3c3c3c3c3c3c3c3c3c3c3c3c3c3c
       445  <<,<<<<<<<<<<<<<  3c3c2c3c3c3c3c3c3c3c3c3c3c3c3c3c
       441  <<<<<<<<<<<<<,<<  3c3c3c3c3c3c3c3c3c3c3c3c3c2c3c3c
       440  <<<,<<<<<<<<<<<<  3c3c3c2c3c3c3c3c3c3c3c3c3c3c3c3c
       432  <<<<<<<<<<<<,<<<  3c3c3c3c3c3c3c3c3c3c3c3c2c3c3c3c
# epoch 49850  H=1.3028 C=1.2245 HO=0.0783  A(t)=2189
     20899  <<<<<<<<<<<<<<<<  3c3c3c3c3c3c3c3c3c3c3c3c3c3c3c3c
      1156  ,,,,,,,,,,,,,,,,  2c2c2c2c2c2c2c2c2c2c2c2c2c2c2c2c
       455  <<<<<<<,<<<<<<<<  3c3c3c3c3c3c3c2c3c3c3c3c3c3c3c3c
       451  <<<<<<<<<<<<<<<,  3c3c3c3c3c3c3c3c3c3c3c3c3c3c3c2c
       447  <<<<<<<<<,<<<<<<  3c3c3c3c3c3c3c3c3c2c3c3c3c3c3c3c
       443  <<<<<<,<<<<<<<<<  3c3c3c3c3c3c2c3c3c3c3c3c3c3c3c3c
       440  <<<<<,<<<<<<<<<<  3c3c3c3c3c2c3c3c3c3c3c3c3c3c3c3c
       435  <<<<<<<<<<<<<<,<  3c3c3c3c3c3c3c3c3c3c3c3c3c3c2c3c
       433  <<<<<<<<,<<<<<<<  3c3c3c3c3c3c3c3c2c3c3c3c3c3c3c3c
       429  <<<<<<<<<<,<<<<<  3c3c3c3c3c3c3c3c3c3c2c3c3c3c3c3c
# epoch 49900  H=1.3290 C=1.2817 HO=0.0473  A(t)=2189
     20478  <<<<<<<<<<<<<<<<  3c3c3c3c3c3c3c3c3c3c3c3c3c3c3c3c
       643  ,,,,,,,,,,,,,,,,  2c2c2c2c2c2c2c2c2c2c2c2c2c2c2c2c
       461  <<<<<<<<<<<<<<<,  3c3c3c3c3c3c3c3c3c3c3c3c3c3c3c2c
       443  <<<<<<<<<<<<<<,<  3c3c3c3c3c3c3c3c3c3c3c3c3c3c2c3c
       437  ,<<<<<<<<<<<<<<<  2c3c3c3c3c3c3c3c3c3c3c3c3c3c3c3c
       423  <,<<<<<<<<<<<<<<  3c2c3c3c3c3c3c3c3c3c3c3c3c3c3c3c
       422  <<<<<<<<<<,<<<<<  3c3c3c3c3c3c3c3c3c3c2c3c3c3c3c3c
       422  <<<<<<<<<,<<<<<<  3c3c3c3c3c3c3c3c3c2c3c3c3c3c3c3c
       418  <<<<<<<,<<<<<<<<  3c3c3c3c3c3c3c2c3c3c3c3c3c3c3c3c
       418  <<,<<<<<<<<<<<<<  3c3c2c3c3c3c3c3c3c3c3c3c3c3c3c3c
# epoch 49950  H=1.4161 C=1.3362 HO=0.0800  A(t)=2189
     19402  <<<<<<<<<<<<<<<<  3c3c3c3c3c3c3c3c3c3c3c3c3c3c3c3c
       698  ,,,,,,,,,,,,,,,,  2c2c2c2c2c2c2c2c2c2c2c2c2c2c2c2c
       487  <<<<<<<<<<<<<<<,  3c3c3c3c3c3c3c3c3c3c3c3c3c3c3c2c
       458  ,<<<<<<<<<<<<<<<  2c3c3c3c3c3c3c3c3c3c3c3c3c3c3c3c
       450  <<<<<<<<<<<<<<,<  3c3c3c3c3c3c3c3c3c3c3c3c3c3c2c3c
       436  <,<<<<<<<<<<<<<<  3c2c3c3c3c3c3c3c3c3c3c3c3c3c3c3c
       427  <<<<<<<<<<<<<,<<  3c3c3c3c3c3c3c3c3c3c3c3c3c2c3c3c
       423  <<,<<<<<<<<<<<<<  3c3c2c3c3c3c3c3c3c3c3c3c3c3c3c3c
       421  <<<<<<<<<<<<,<<<  3c3c3c3c3c3c3c3c3c3c3c3c2c3c3c3c
       416  <<<<<,<<<<<<<<<<  3c3c3c3c3c2c3c3c3c3c3c3c3c3c3c3c
# epoch 50000  H=1.2794 C=1.2448 HO=0.0347  A(t)=2189
     20630  <<<<<<<<<<<<<<<<  3c3c3c3c3c3c3c3c3c3c3c3c3c3c3c3c
       539  ,,,,,,,,,,,,,,,,  2c2c2c2c2c2c2c2c2c2c2c2c2c2c2c2c
       526  <<<<<<<<<<<<<<<,  3c3c3c3c3c3c3c3c3c3c3c3c3c3c3c2c
       513  <<<<<<<<<<<<<<,<  3c3c3c3c3c3c3c3c3c3c3c3c3c3c2c3c
       505  <<<<<<<<<<<<<,<<  3c3c3c3c3c3c3c3c3c3c3c3c3c2c3c3c
       501  <<<<<<<<<<<<,<<<  3c3c3c3c3c3c3c3c3c3c3c3c2c3c3c3c
       493  <<<,<<<<<<<<<<<<  3c3c3c2c3c3c3c3c3c3c3c3c3c3c3c3c
       491  <<<<<<<<<<,<<<<<  3c3c3c3c3c3c3c3c3c3c2c3c3c3c3c3c
       491  <<<<<<,<<<<<<<<<  3c3c3c3c3c3c2c3c3c3c3c3c3c3c3c3c
       490  <<<<<<<<<<<,<<<<  3c3c3c3c3c3c3c3c3c3c3c2c3c3c3c3c
