epoch,wall_s,sim_s,entropy_bits,comp_bits,high_order_entropy,brotli2_bits,zlib_bits,hoe_zlib,mean_steps,frac_copy_runs,frac_steps_in_loop,ops_per_run,frac_term_budget,frac_term_off_region,frac_term_unmatched,runs,steps,mutations,distinct_windows,n_persistent,A_t,n_persistent_naive,A_t_naive
0,0.035,0.0,7.996763,8.000488,-0.003725,8.000488,8.003174,-0.006411,0.0,0.0,0.0,0.0,0.0,0.0,0.0,0,0,0,65536,0,0,0,0
50,0.333,0.273,7.988602,7.858521,0.130081,7.907349,7.824341,0.164261,1314.4278,0.55707,0.919519,120.9615,0.146523,0.628848,0.224629,51200,67298701,1561,64638,0,0,0,0
100,0.665,0.577,7.9834,7.677612,0.305787,7.859497,7.668091,0.315309,1388.5109,0.610664,0.923896,144.3024,0.155684,0.629473,0.214844,51200,71091759,1592,64381,0,0,0,0
150,0.951,0.837,7.974797,7.582031,0.392765,7.84729,7.568604,0.406193,1378.5766,0.629316,0.922529,134.3352,0.153965,0.642246,0.203789,51200,70583120,1562,64445,0,0,0,0
200,1.231,1.089,7.971097,7.546021,0.425077,7.83606,7.509033,0.462064,1320.3933,0.64209,0.919995,145.1572,0.147695,0.636562,0.215742,51200,67604138,1579,64458,0,0,0,0
250,1.507,1.337,7.967792,7.526733,0.441059,7.845581,7.469116,0.498676,1265.8358,0.642051,0.916549,159.7125,0.14127,0.639375,0.219355,51200,64810792,1524,64547,0,0,0,0
300,1.782,1.582,7.96379,7.48584,0.477951,7.83606,7.428833,0.534957,1218.0438,0.644121,0.912828,158.0185,0.135254,0.648223,0.216523,51200,62363841,1580,64635,6,6,6,6
350,2.051,1.824,7.954707,7.520264,0.434443,7.803589,7.377319,0.577387,1203.3071,0.649141,0.911412,160.4071,0.134648,0.652676,0.212676,51200,61609324,1534,64505,12,13,12,13
400,2.313,2.058,7.946709,7.435913,0.510796,7.801636,7.339722,0.606987,1102.456,0.648359,0.902688,148.6966,0.122324,0.664297,0.213379,51200,56445745,1516,64566,14,16,14,16
450,2.56,2.278,7.937263,7.43396,0.503303,7.807739,7.320557,0.616706,1078.6432,0.653535,0.900471,150.3735,0.119473,0.668281,0.212246,51200,55226531,1611,64602,13,19,13,19
500,2.821,2.511,7.922352,7.480103,0.44225,7.793091,7.294556,0.627797,1143.7112,0.635742,0.90647,170.9362,0.127695,0.661523,0.210781,51200,58558015,1577,64663,15,22,15,22
550,3.077,2.739,7.902992,7.378052,0.524941,7.778931,7.276001,0.626991,1098.8053,0.628496,0.902045,148.4949,0.122148,0.670879,0.206973,51200,56258833,1538,64676,13,23,13,23
600,3.33,2.965,7.87969,7.386597,0.493094,7.715088,7.239136,0.640555,1094.6612,0.614395,0.90152,143.0261,0.121582,0.67207,0.206348,51200,56046654,1537,64372,17,27,17,27
650,3.585,3.191,7.859433,7.325317,0.534116,7.69165,7.219482,0.639951,1122.6971,0.611172,0.904255,150.8626,0.125,0.669023,0.205977,51200,57482092,1603,64300,16,27,16,27
700,3.838,3.415,7.840415,7.310547,0.529868,7.697876,7.189697,0.650718,1081.3355,0.612402,0.900567,150.1476,0.119922,0.670449,0.209629,51200,55364378,1582,64275,11,28,11,28
750,4.084,3.633,7.784624,7.231079,0.553545,7.58374,7.103149,0.681474,1037.9234,0.614199,0.895843,142.6003,0.114512,0.680586,0.204902,51200,53141678,1530,63724,13,30,13,30
800,4.326,3.847,7.745962,7.172363,0.573599,7.559937,7.066528,0.679434,1018.6103,0.606074,0.89389,145.7781,0.112227,0.683457,0.204316,51200,52152848,1605,63486,13,31,13,31
850,4.574,4.065,7.71208,7.111084,0.600996,7.493408,7.011841,0.700239,1022.9335,0.597129,0.894082,171.078,0.112656,0.688809,0.198535,51200,52374194,1602,63239,12,34,12,34
900,4.824,4.286,7.696364,7.077515,0.618849,7.462891,6.97998,0.716384,1033.3825,0.601992,0.894866,174.0709,0.113379,0.690273,0.196348,51200,52909185,1570,63211,12,35,12,35
950,5.072,4.505,7.658857,7.025269,0.633589,7.420166,6.943237,0.71562,1005.6494,0.599922,0.891535,172.2988,0.109102,0.697129,0.19377,51200,51489250,1647,63055,13,36,13,36
1000,5.314,4.717,7.616296,6.953003,0.663293,7.333496,6.878662,0.737634,979.3115,0.592461,0.888742,163.2166,0.104863,0.699121,0.196016,51200,50140751,1585,62496,17,43,17,43
1050,5.555,4.929,7.536272,6.849487,0.686785,7.262695,6.776245,0.760027,983.6009,0.599258,0.88922,172.5194,0.105488,0.698867,0.195645,51200,50360368,1568,61764,15,43,15,43
1100,5.801,5.143,7.452821,6.780029,0.672792,7.160522,6.686279,0.766542,968.4913,0.596445,0.887137,176.7112,0.103789,0.702793,0.193418,51200,49586754,1599,61251,17,45,17,45
1150,6.036,5.346,7.390687,6.653931,0.736756,7.061768,6.57251,0.818177,918.3109,0.593047,0.879902,157.6258,0.097539,0.714902,0.187559,51200,47017520,1565,60545,16,47,16,47
1200,6.271,5.549,7.300204,6.566162,0.734042,6.93335,6.491089,0.809116,922.0021,0.593145,0.879277,158.7592,0.097754,0.730957,0.171289,51200,47206506,1642,59621,22,54,22,54
1250,6.5,5.743,7.217856,6.456177,0.76168,6.839111,6.378052,0.839805,856.1494,0.599004,0.869527,155.6695,0.089746,0.737207,0.173047,51200,43834847,1498,58421,27,59,27,59
1300,6.719,5.928,7.084552,6.283936,0.800617,6.659546,6.214111,0.870441,779.426,0.605977,0.855862,154.5658,0.080625,0.750371,0.169004,51200,39906611,1563,57231,32,64,32,64
1350,6.933,6.106,7.030516,6.209351,0.821165,6.563354,6.142212,0.888304,751.197,0.621133,0.849274,124.7788,0.077266,0.761777,0.160957,51200,38461286,1582,56891,37,69,37,69
1400,7.138,6.275,6.900689,6.005859,0.894829,6.370117,5.977661,0.923027,673.2165,0.639922,0.830755,105.3039,0.067578,0.774707,0.157715,51200,34468687,1610,55522,40,73,40,73
1450,7.333,6.433,6.764176,5.84729,0.916886,6.209229,5.817505,0.946671,628.4643,0.638496,0.818472,99.7059,0.062305,0.777754,0.159941,51200,32177371,1556,54096,57,90,57,90
1500,7.519,6.58,6.608335,5.704102,0.904234,6.077148,5.69751,0.910825,553.934,0.653574,0.792503,95.5181,0.052656,0.790977,0.156367,51200,28361423,1592,52932,61,95,61,95
1550,7.708,6.731,6.540318,5.629028,0.911289,6.001709,5.619751,0.920567,568.26,0.655488,0.796944,113.8813,0.054629,0.796367,0.149004,51200,29094913,1539,51899,70,103,70,103
1600,7.895,6.88,6.42738,5.532593,0.894787,5.88147,5.513794,0.913586,556.5726,0.66002,0.793024,111.5862,0.053418,0.793516,0.153066,51200,28496515,1611,51386,80,116,80,116
1650,8.091,7.037,6.354365,5.46228,0.892084,5.765625,5.444214,0.910151,597.1553,0.65541,0.806379,135.5329,0.05873,0.793574,0.147695,51200,30574349,1588,50020,89,131,89,131
1700,8.279,7.185,6.256155,5.344971,0.911184,5.660767,5.329346,0.926809,546.222,0.662793,0.787608,130.515,0.052812,0.804219,0.142969,51200,27966565,1630,49144,95,143,95,143
1750,8.464,7.329,6.067512,5.154053,0.913459,5.470703,5.137085,0.930427,523.4314,0.669902,0.777102,118.1001,0.049238,0.811426,0.139336,51200,26799690,1563,47389,91,145,91,145
1800,8.649,7.473,5.899169,5.015381,0.883788,5.307495,5.01001,0.889159,527.7447,0.671641,0.778938,124.0496,0.049863,0.810156,0.13998,51200,27020527,1624,45782,95,151,95,151
1850,8.828,7.609,5.820957,4.918579,0.902378,5.224365,4.905884,0.915074,473.3287,0.679844,0.751627,108.1442,0.042949,0.828027,0.129023,51200,24234429,1548,45483,99,159,99,159
1900,9.011,7.749,5.777214,4.877686,0.899528,5.187378,4.883667,0.893547,495.9261,0.679668,0.762503,110.4939,0.045801,0.832168,0.122031,51200,25391414,1499,45746,116,183,116,183
1950,9.188,7.882,5.582705,4.704956,0.877749,5.019165,4.717041,0.865664,449.3005,0.68877,0.737088,122.6483,0.040078,0.840957,0.118965,51200,23004186,1538,43922,118,185,118,185
2000,9.358,8.007,5.403874,4.494019,0.909855,4.799927,4.511353,0.892521,402.1809,0.695547,0.703843,120.9876,0.034551,0.856836,0.108613,51200,20591661,1542,42936,126,192,126,192
2050,9.525,8.13,5.227136,4.334106,0.893029,4.63501,4.36792,0.859216,382.9928,0.709863,0.686265,122.2846,0.032148,0.869844,0.098008,51200,19609229,1608,41328,135,199,135,199
2100,9.694,8.25,5.131035,4.299316,0.831719,4.590332,4.34082,0.790215,343.4121,0.723262,0.650492,116.6884,0.027285,0.869434,0.103281,51200,17582698,1623,40972,141,206,141,206
2150,9.856,8.365,4.979031,4.141113,0.837918,4.409058,4.195557,0.783475,334.4662,0.727324,0.638612,112.6477,0.025918,0.879648,0.094434,51200,17124667,1591,39385,153,220,155,220
2200,10.02,8.479,4.881832,4.00415,0.877681,4.284546,4.064941,0.81689,322.7861,0.727852,0.625403,103.066,0.024766,0.880723,0.094512,51200,16526646,1546,37833,163,230,165,230
2250,10.177,8.586,4.635697,3.797729,0.837968,4.04895,3.830933,0.804765,292.1113,0.750488,0.584255,102.0982,0.020723,0.887383,0.091895,51200,14956097,1487,35592,174,234,176,234
2300,10.335,8.692,4.370507,3.540894,0.829614,3.80249,3.583496,0.787011,278.538,0.757617,0.564514,98.3541,0.018828,0.885703,0.095469,51200,14261144,1570,34294,186,254,194,254
2350,10.492,8.798,4.160905,3.400024,0.760881,3.647339,3.44751,0.713396,278.5572,0.738066,0.560964,98.6882,0.018516,0.899277,0.082207,51200,14262129,1525,32744,185,262,197,262
2400,10.645,8.9,3.891107,3.188477,0.70263,3.416504,3.228638,0.662469,274.1992,0.738613,0.552166,104.8509,0.018594,0.905723,0.075684,51200,14039000,1602,30920,177,273,213,279
2450,10.8,9.005,3.859783,3.160156,0.699627,3.370239,3.201904,0.657879,285.558,0.731289,0.569121,110.9207,0.019961,0.910645,0.069395,51200,14620568,1519,31264,182,285,221,291
2500,10.957,9.108,3.755734,3.075317,0.680417,3.297363,3.13562,0.620114,269.9941,0.728555,0.541964,105.3187,0.018027,0.919199,0.062773,51200,13823696,1570,30279,166,287,225,297
2550,11.113,9.21,3.528223,2.916992,0.611231,3.119141,2.959961,0.568262,268.576,0.74957,0.537681,104.227,0.017441,0.924004,0.058555,51200,13751090,1598,29440,161,289,224,300
2600,11.269,9.309,3.485231,2.86731,0.617921,3.079224,2.921021,0.56421,251.8553,0.76248,0.504682,105.7778,0.015234,0.930684,0.054082,51200,12894993,1512,29677,168,302,228,313
2650,11.424,9.408,3.256811,2.699829,0.556982,2.897095,2.74231,0.514501,245.1173,0.779219,0.489044,108.1402,0.014629,0.940703,0.044668,51200,12550006,1605,27852,159,311,241,333
2700,11.579,9.508,3.215664,2.674561,0.541103,2.866699,2.71936,0.496303,256.7433,0.779629,0.513228,112.4425,0.01623,0.937617,0.046152,51200,13145257,1606,27378,141,317,249,342
2750,11.733,9.604,3.13028,2.621094,0.509186,2.810913,2.657837,0.472443,230.3364,0.77373,0.453618,108.4473,0.012891,0.950176,0.036934,51200,11793225,1573,26312,145,322,253,347
2800,11.881,9.697,3.045615,2.491577,0.554038,2.688354,2.533447,0.512168,212.0421,0.778672,0.405405,109.3627,0.010605,0.953203,0.036191,51200,10856557,1518,24462,139,324,253,349
2850,12.031,9.789,2.806333,2.358032,0.4483,2.540039,2.390137,0.416196,208.0854,0.802773,0.393715,111.8674,0.010098,0.956719,0.033184,51200,10653971,1604,23489,137,328,250,354
2900,12.181,9.878,2.691473,2.321533,0.36994,2.501221,2.345947,0.345526,200.7528,0.787559,0.369245,114.0894,0.009082,0.962129,0.028789,51200,10278544,1554,22581,148,333,258,359
2950,12.332,9.972,2.695605,2.259644,0.435962,2.436523,2.272583,0.423022,204.992,0.78582,0.382231,115.4829,0.009668,0.962383,0.027949,51200,10495588,1557,22231,136,334,257,361
3000,12.487,10.063,2.617788,2.228882,0.388907,2.393311,2.241211,0.376578,201.9399,0.798965,0.371748,115.4546,0.009258,0.966113,0.024629,51200,10339325,1661,22476,134,334,263,363
3050,12.637,10.15,2.415889,2.082031,0.333858,2.233887,2.084473,0.331417,178.0752,0.806562,0.285325,110.7685,0.00627,0.971699,0.022031,51200,9117450,1591,20672,130,334,262,364
3100,12.783,10.234,2.181088,1.934448,0.246639,2.077393,1.913696,0.267391,150.4448,0.812051,0.151373,109.6948,0.002812,0.978457,0.01873,51200,7702775,1460,18315,125,334,260,366
3150,12.923,10.313,2.196175,1.980225,0.215951,2.114502,1.974487,0.221688,135.5215,0.810879,0.058082,110.7609,0.000801,0.979512,0.019688,51200,6938699,1615,19826,126,337,268,369
3200,13.068,10.393,2.19823,1.948364,0.249866,2.086792,1.937988,0.260242,128.7142,0.807188,0.008863,110.3643,0.000137,0.979121,0.020742,51200,6590166,1527,19582,122,337,279,377
3250,13.23,10.492,2.11651,1.911255,0.205255,2.039185,1.901123,0.215387,130.5814,0.809414,0.019275,112.6162,0.000312,0.98541,0.014277,51200,6685769,1579,19301,107,337,272,381
3300,13.371,10.57,1.922409,1.814209,0.1082,1.929321,1.786011,0.136399,129.9951,0.810078,0.014558,113.1639,0.000234,0.986406,0.013359,51200,6655747,1641,17679,103,337,271,381
3350,13.512,10.647,1.822588,1.77002,0.052568,1.869629,1.739014,0.083574,128.2305,0.804531,0.001247,113.0508,2e-05,0.98582,0.01416,51200,6565401,1531,17611,104,337,271,382
3400,13.652,10.725,1.781335,1.748779,0.032556,1.838501,1.704346,0.076989,128.1966,0.812715,0.0,114.089,0.0,0.988359,0.011641,51200,6563665,1556,16849,100,337,276,387
3450,13.793,10.804,1.868308,1.795044,0.073264,1.883301,1.758179,0.110129,134.5471,0.831406,0.046366,115.6655,0.000762,0.988906,0.010332,51200,6888809,1521,17802,98,337,284,399
3500,13.932,10.882,1.841726,1.775269,0.066458,1.877197,1.756592,0.085135,128.7309,0.834434,0.001237,113.7038,2e-05,0.99332,0.00666,51200,6591024,1595,18105,98,337,286,401
3550,14.073,10.962,2.010219,1.916992,0.093227,2.025879,1.904297,0.105922,128.5322,0.815176,0.0,112.2821,0.0,0.992812,0.007188,51200,6580850,1552,19986,100,337,282,405
3600,14.212,11.041,2.112215,1.996826,0.115389,2.12207,1.984131,0.128085,128.5275,0.815645,0.0,110.2102,0.0,0.993086,0.006914,51200,6580610,1522,21566,101,337,296,419
3650,14.354,11.12,2.154332,2.022339,0.131993,2.145874,2.014282,0.14005,128.4536,0.786309,0.0,108.1038,0.0,0.991328,0.008672,51200,6576826,1530,21650,101,337,298,423
3700,14.497,11.199,2.205891,2.071167,0.134724,2.20459,2.060547,0.145344,128.2664,0.788457,0.0,107.8906,0.0,0.988672,0.011328,51200,6567242,1544,22343,104,337,300,426
3750,14.639,11.278,2.064627,1.955322,0.109304,2.090088,1.95105,0.113577,128.5652,0.793105,0.0,108.1276,0.0,0.993418,0.006582,51200,6582536,1609,20631,104,337,298,427
3800,14.779,11.355,1.960485,1.886841,0.073644,1.997192,1.880981,0.079504,128.5873,0.798789,0.0,110.3676,0.0,0.993594,0.006406,51200,6583670,1611,19984,113,337,295,429
3850,14.922,11.434,1.976076,1.911743,0.064333,2.032837,1.91626,0.059816,132.7912,0.818301,0.030699,113.8999,0.000508,0.994688,0.004805,51200,6798911,1592,19708,148,338,287,437
3900,15.064,11.512,2.058639,1.952393,0.106246,2.046265,1.939819,0.11882,128.2749,0.822676,0.0,109.8982,0.0,0.989434,0.010566,51200,6567674,1600,20367,136,338,286,444
3950,15.207,11.593,1.959132,1.84436,0.114772,1.960327,1.838013,0.12112,138.9678,0.813887,0.076367,114.9353,0.001309,0.990176,0.008516,51200,7115153,1582,19053,132,338,280,450
4000,15.354,11.679,1.943103,1.820435,0.122669,1.935303,1.797119,0.145984,178.0743,0.790352,0.28281,127.8376,0.006211,0.978672,0.015117,51200,9117406,1570,18582,124,339,275,455
4050,15.507,11.769,1.883978,1.81189,0.072088,1.909424,1.783081,0.100896,170.8952,0.811035,0.252524,124.9672,0.005312,0.980195,0.014492,51200,8749833,1536,18624,119,339,269,455
4100,15.651,11.849,1.78239,1.727783,0.054607,1.851196,1.709595,0.072796,144.3496,0.816113,0.111979,114.2911,0.001992,0.987305,0.010703,51200,7390701,1536,17758,118,339,281,468
4150,15.795,11.931,1.847284,1.739868,0.107416,1.847168,1.716187,0.131098,143.4711,0.818828,0.106059,114.2483,0.001875,0.98877,0.009355,51200,7345720,1570,17851,117,339,283,470
4200,15.946,12.02,1.865271,1.7677,0.097571,1.88916,1.746216,0.119056,150.9246,0.806445,0.151228,116.6598,0.002812,0.986367,0.01082,51200,7727339,1530,18221,111,339,290,480
4250,16.093,12.104,1.721331,1.699097,0.022234,1.799561,1.679321,0.04201,165.5731,0.800547,0.225993,123.2449,0.004609,0.986152,0.009238,51200,8477342,1602,17089,112,339,299,493
4300,16.235,12.185,1.682826,1.643066,0.03976,1.754883,1.615234,0.067592,146.0125,0.792793,0.121616,116.0685,0.002188,0.988516,0.009297,51200,7475839,1495,15969,116,339,311,501
4350,16.376,12.263,1.74892,1.705322,0.043598,1.822266,1.681274,0.067645,135.3281,0.788223,0.052761,115.2007,0.000879,0.987461,0.01166,51200,6928800,1597,17587,114,339,320,517
4400,16.516,12.341,1.817802,1.751831,0.065971,1.868042,1.73877,0.079033,128.0561,0.793125,0.0,113.653,0.0,0.985176,0.014824,51200,6556472,1512,18154,111,339,319,525
4450,16.657,12.42,1.908529,1.828491,0.080038,1.944092,1.812622,0.095907,128.1738,0.80666,0.0,112.2651,0.0,0.98748,0.01252,51200,6562497,1529,19096,116,339,318,529
4500,16.797,12.499,1.962558,1.864868,0.09769,1.976685,1.861206,0.101352,134.7098,0.79252,0.04673,116.0712,0.000781,0.990195,0.009023,51200,6897144,1550,19246,123,339,286,532
4550,16.937,12.578,1.985577,1.902466,0.083111,2.00647,1.891113,0.094463,139.4554,0.786621,0.078467,119.2169,0.001367,0.990234,0.008398,51200,7140115,1566,20174,117,339,281,539
4600,17.078,12.657,1.948929,1.870972,0.077958,1.978149,1.862061,0.086869,137.379,0.789082,0.064851,117.7473,0.001113,0.989668,0.009219,51200,7033803,1545,19062,117,339,278,542
4650,17.222,12.74,1.874237,1.797852,0.076386,1.90979,1.791138,0.0831,135.1541,0.793555,0.048899,116.9487,0.00082,0.991465,0.007715,51200,6919888,1587,18690,123,339,276,543
4700,17.364,12.818,1.813619,1.753418,0.060201,1.861206,1.734863,0.078756,131.3558,0.789609,0.021419,114.9483,0.000352,0.992148,0.0075,51200,6725419,1576,17498,133,339,274,550
4750,17.508,12.898,1.906409,1.830444,0.075965,1.945923,1.820679,0.085731,132.4433,0.788574,0.032225,116.0629,0.000527,0.986582,0.012891,51200,6781097,1610,18369,120,339,274,551
4800,17.65,12.979,1.95474,1.853271,0.101468,1.972412,1.842407,0.112332,144.7795,0.793672,0.11312,124.7549,0.002012,0.989512,0.008477,51200,7412711,1554,19508,109,339,258,552
4850,17.789,13.058,1.977138,1.869019,0.108119,1.976929,1.854736,0.122401,142.1558,0.785117,0.096885,121.735,0.001699,0.989785,0.008516,51200,7278379,1583,19475,113,339,263,555
4900,17.929,13.136,2.091573,1.93103,0.160543,2.039429,1.921387,0.170186,129.5268,0.795352,0.007404,110.9297,0.000117,0.99334,0.006543,51200,6631770,1604,19805,103,339,262,559
4950,18.072,13.217,2.146524,1.986816,0.159708,2.091675,1.976807,0.169717,139.5819,0.802031,0.080574,109.9469,0.001387,0.989609,0.009004,51200,7146591,1560,20835,102,339,255,559
5000,18.216,13.299,2.094234,1.946167,0.148067,2.049194,1.92395,0.170284,144.1135,0.825625,0.10838,111.7283,0.001914,0.991484,0.006602,51200,7378612,1509,19655,91,339,247,559
5050,18.363,13.382,2.067531,1.960205,0.107326,2.073242,1.940063,0.127468,132.0991,0.846504,0.026371,111.6357,0.00043,0.994082,0.005488,51200,6763472,1560,19867,93,339,253,562
5100,18.504,13.462,2.078287,1.904663,0.173624,2.011475,1.891602,0.186686,128.3321,0.848184,0.0,110.518,0.0,0.989434,0.010566,51200,6570601,1621,18792,99,339,270,562
5150,18.64,13.54,1.858706,1.739624,0.119082,1.851074,1.72229,0.136416,128.2798,0.86457,0.0,111.9115,0.0,0.988555,0.011445,51200,6567924,1617,17385,98,339,266,562
5200,18.778,13.617,1.729875,1.632202,0.097673,1.749023,1.617188,0.112687,128.7856,0.858418,0.0,113.6989,0.0,0.996445,0.003555,51200,6593823,1619,15560,95,339,270,566
5250,18.915,13.697,1.598217,1.531494,0.066723,1.639893,1.501953,0.096264,128.6323,0.841367,0.0,115.8767,0.0,0.994277,0.005723,51200,6585974,1542,15081,93,339,272,571
5300,19.053,13.774,1.625359,1.549072,0.076287,1.658936,1.52478,0.100579,128.4427,0.831699,0.0,116.7073,0.0,0.991465,0.008535,51200,6576268,1572,15131,91,339,276,574
5350,19.196,13.854,1.659613,1.605347,0.054266,1.720215,1.576294,0.083319,128.4534,0.842461,0.0,116.2666,0.0,0.991836,0.008164,51200,6576813,1537,15441,92,339,279,574
5400,19.335,13.932,1.706926,1.642334,0.064592,1.753906,1.632568,0.074358,131.6838,0.839805,0.02173,116.2578,0.000352,0.996875,0.002773,51200,6742208,1540,16368,95,339,281,576
5450,19.473,14.01,1.794128,1.675781,0.118347,1.788574,1.656738,0.13739,128.5987,0.809902,0.0,113.8346,0.0,0.993711,0.006289,51200,6584254,1527,17798,98,339,279,578
5500,19.612,14.088,1.780122,1.737549,0.042573,1.84314,1.717896,0.062227,128.3847,0.789043,0.0,112.9386,0.0,0.990176,0.009824,51200,6573295,1536,17819,90,339,272,583
5550,19.752,14.166,1.916507,1.799072,0.117435,1.91626,1.790405,0.126102,128.5725,0.800703,0.0,112.4414,0.0,0.993516,0.006484,51200,6582912,1600,18983,96,339,278,585
5600,19.899,14.248,1.946553,1.865234,0.081319,1.972534,1.859619,0.086934,128.4289,0.820742,0.0,111.4418,0.0,0.99084,0.00916,51200,6575560,1540,19274,115,339,293,597
5650,20.042,14.33,1.955461,1.82312,0.13234,1.937988,1.818359,0.137101,132.2752,0.824824,0.028499,114.7376,0.000469,0.991855,0.007676,51200,6772491,1534,19080,130,339,286,599
5700,20.184,14.409,2.02232,1.897583,0.124737,2.011108,1.891113,0.131207,136.0293,0.808086,0.056584,117.1681,0.000957,0.988535,0.010508,51200,6964698,1628,19340,129,339,287,620
5750,20.323,14.488,2.001625,1.867554,0.134072,1.976807,1.853882,0.147744,129.1299,0.808359,0.007369,110.9523,0.000117,0.987422,0.012461,51200,6611449,1581,19215,128,339,278,633
5800,20.462,14.566,1.936894,1.851685,0.085209,1.951416,1.828369,0.108525,128.5051,0.814746,0.0,110.7125,0.0,0.99207,0.00793,51200,6579460,1514,18542,132,339,273,640
5850,20.601,14.644,1.980794,1.860107,0.120687,1.959229,1.843262,0.137532,128.3009,0.812773,0.0,111.2095,0.0,0.989336,0.010664,51200,6569007,1549,18971,137,339,281,653
5900,20.739,14.722,2.156135,2.034302,0.121833,2.137817,2.020874,0.135261,128.1134,0.786719,0.0,109.2854,0.0,0.986367,0.013633,51200,6559408,1576,21816,127,339,260,655
5950,20.878,14.801,2.277012,2.10022,0.176792,2.21936,2.087524,0.189488,128.1346,0.785078,0.000445,106.4453,0.0,0.986426,0.013574,51200,6560489,1674,22687,124,339,260,667
6000,21.019,14.88,2.052682,1.965942,0.086739,2.068726,1.949341,0.103341,128.3184,0.787617,0.0,107.2676,0.0,0.989883,0.010117,51200,6569900,1502,20508,122,339,261,668
6050,21.162,14.958,2.003449,1.916138,0.087311,2.018921,1.902588,0.100861,128.2046,0.798594,0.0,110.0286,0.0,0.987988,0.012012,51200,6564073,1581,19678,121,339,258,671
6100,21.304,15.036,2.111664,1.956665,0.154999,2.069946,1.960205,0.151459,128.2283,0.798047,0.0,109.8113,0.0,0.988301,0.011699,51200,6565287,1564,20198,110,339,270,678
6150,21.445,15.115,2.054903,1.893555,0.161348,2.012695,1.881714,0.173189,127.8862,0.814863,0.0,109.2346,0.0,0.983457,0.016543,51200,6547773,1600,20156,107,339,271,685
6200,21.588,15.194,2.039855,1.880127,0.159728,1.99353,1.870117,0.169738,127.9225,0.827734,0.00017,110.3409,0.0,0.983477,0.016523,51200,6549633,1655,20310,111,339,275,686
6250,21.729,15.273,2.027181,1.840698,0.186483,1.956909,1.824341,0.20284,128.1962,0.823125,0.0,110.8132,0.0,0.987578,0.012422,51200,6563646,1604,19920,105,340,284,688
6300,21.87,15.351,1.877618,1.762695,0.114923,1.882568,1.742188,0.13543,129.5545,0.817734,0.007335,112.5802,0.000117,0.993789,0.006094,51200,6633190,1591,18358,107,340,295,694
6350,22.013,15.431,1.806638,1.715698,0.09094,1.83667,1.693359,0.113279,136.9503,0.822891,0.061497,116.859,0.001035,0.992734,0.00623,51200,7011855,1574,17247,108,340,285,700
6400,22.154,15.509,1.905029,1.783691,0.121337,1.901489,1.774536,0.130492,132.6363,0.826289,0.032555,115.8873,0.000527,0.989883,0.00959,51200,6790980,1658,18645,111,340,280,702
6450,22.299,15.59,1.858128,1.747681,0.110447,1.870239,1.735229,0.122898,128.3168,0.832988,0.0,112.65,0.0,0.989609,0.010391,51200,6569818,1518,18242,114,340,285,712
6500,22.437,15.668,1.766475,1.675415,0.09106,1.781982,1.656128,0.110348,128.4485,0.827969,0.0,113.3359,0.0,0.991211,0.008789,51200,6576562,1505,16700,115,340,287,714
6550,22.574,15.745,1.827624,1.747925,0.079699,1.8479,1.72876,0.098864,128.6143,0.805801,0.0,113.0627,0.0,0.993965,0.006035,51200,6585053,1637,17869,132,340,300,721
6600,22.713,15.823,1.943666,1.81958,0.124086,1.924194,1.799683,0.143983,128.6975,0.791523,0.0,112.5555,0.0,0.995293,0.004707,51200,6589312,1501,19453,130,340,294,721
6650,22.855,15.901,1.99134,1.92627,0.06507,2.034546,1.905029,0.08631,128.5517,0.795781,0.0,110.5604,0.0,0.99332,0.00668,51200,6581846,1589,20382,134,340,293,731
6700,22.997,15.98,2.112768,1.956787,0.155981,2.070435,1.93811,0.174658,128.4228,0.803105,0.0,109.6064,0.0,0.991309,0.008691,51200,6575247,1546,21267,123,340,289,736
6750,23.139,16.059,2.03038,1.925415,0.104965,2.035156,1.914673,0.115708,127.9742,0.805254,0.0,109.5485,0.0,0.984336,0.015664,51200,6552277,1570,20574,122,340,292,739
6800,23.281,16.138,1.999041,1.892822,0.106218,1.995117,1.878662,0.120379,127.9174,0.800156,0.0,110.245,0.0,0.983652,0.016348,51200,6549370,1541,20139,115,340,282,739
6850,23.42,16.216,2.02252,1.875,0.14752,1.980835,1.865479,0.157041,128.3276,0.800586,0.0,111.065,0.0,0.988984,0.011016,51200,6570371,1588,19257,108,340,269,740
6900,23.559,16.294,2.072884,1.94519,0.127694,2.040894,1.93103,0.141854,128.4548,0.798516,0.000707,110.5709,0.0,0.989316,0.010684,51200,6576885,1531,20103,107,340,273,743
6950,23.7,16.375,1.972358,1.83728,0.135077,1.951782,1.818115,0.154242,144.3356,0.820664,0.112562,123.0404,0.001992,0.984258,0.01375,51200,7389984,1565,18498,101,340,269,743
7000,23.842,16.455,1.870442,1.761719,0.108723,1.874512,1.730103,0.14034,136.9518,0.836797,0.065262,119.4481,0.001113,0.983613,0.015273,51200,7011933,1564,17563,106,340,284,756
7050,23.982,16.533,1.810968,1.734253,0.076715,1.832275,1.696899,0.114069,130.3211,0.827402,0.018357,115.1813,0.000293,0.98416,0.015547,51200,6672442,1616,17718,103,340,278,756
7100,24.124,16.611,1.934192,1.837646,0.096546,1.945435,1.819946,0.114246,128.0559,0.813379,0.000223,112.2798,0.0,0.984863,0.015137,51200,6556464,1610,19221,106,340,284,759
7150,24.266,16.689,1.918552,1.818481,0.10007,1.930298,1.806641,0.111911,128.1906,0.823223,0.0,111.9068,0.0,0.987402,0.012598,51200,6563358,1522,19736,108,340,281,759
7200,24.408,16.767,1.907157,1.81958,0.087577,1.934082,1.803101,0.104057,128.0657,0.812383,0.0,111.6327,0.0,0.985527,0.014473,51200,6556964,1551,19065,112,340,283,760
7250,24.548,16.846,1.897475,1.779541,0.117934,1.897583,1.762817,0.134657,127.6232,0.814883,0.0,111.8693,0.0,0.979004,0.020996,51200,6534309,1600,18577,114,340,276,762
7300,24.69,16.923,1.753698,1.716675,0.037024,1.825439,1.694702,0.058996,128.0685,0.823965,0.0,112.8093,0.0,0.98623,0.01377,51200,6557105,1559,16981,117,340,277,765
7350,24.83,17.001,1.732469,1.696899,0.03557,1.799561,1.672607,0.059862,128.2477,0.815879,0.0,114.0688,0.0,0.988223,0.011777,51200,6566283,1547,16880,112,340,273,769
7400,24.967,17.079,1.773431,1.698608,0.074823,1.793091,1.668701,0.10473,128.8987,0.810391,0.003719,114.1867,5.9e-05,0.990879,0.009062,51200,6599611,1571,16838,114,340,270,769
7450,25.105,17.157,1.725883,1.670532,0.055351,1.778442,1.640747,0.085136,128.5692,0.844219,0.00373,113.9837,5.9e-05,0.985742,0.014199,51200,6582745,1653,16073,107,340,267,770
7500,25.245,17.234,1.800689,1.711914,0.088775,1.82019,1.682373,0.118316,128.1653,0.845449,0.0,114.6857,0.0,0.987344,0.012656,51200,6562063,1511,16831,90,340,258,770
7550,25.386,17.313,1.911817,1.829712,0.082106,1.936646,1.809692,0.102125,131.6923,0.833086,0.027667,115.6726,0.000449,0.984512,0.015039,51200,6742646,1583,17747,89,340,261,770
7600,25.528,17.393,1.953063,1.917236,0.035827,2.020142,1.891113,0.06195,142.5384,0.817949,0.101183,121.9444,0.001777,0.985781,0.012441,51200,7297966,1634,18970,89,340,261,770
7650,25.666,17.471,1.934979,1.880737,0.054242,1.974243,1.868774,0.066205,132.0902,0.802266,0.029987,113.8785,0.000488,0.986758,0.012754,51200,6763018,1479,19179,92,340,265,771
7700,25.805,17.549,2.022554,1.946533,0.076021,2.042603,1.9375,0.085054,128.0096,0.807734,0.0,110.6833,0.0,0.984395,0.015605,51200,6554094,1578,19906,91,340,267,772
7750,25.945,17.627,2.029273,1.9198,0.109473,2.031128,1.915161,0.114112,127.8973,0.809141,0.0,109.9853,0.0,0.982852,0.017148,51200,6548344,1573,19467,94,340,270,773
7800,26.084,17.706,2.202713,2.059082,0.143631,2.173462,2.052979,0.149734,128.4855,0.798789,0.0,109.3886,0.0,0.992168,0.007832,51200,6578456,1572,22252,103,340,287,786
7850,26.226,17.784,2.169434,2.031494,0.13794,2.156616,2.029541,0.139893,128.9128,0.788984,0.006543,108.6916,9.8e-05,0.985098,0.014805,51200,6600335,1472,21453,141,340,289,795
7900,26.365,17.863,2.177026,2.034424,0.142603,2.150024,2.028687,0.14834,127.5571,0.786172,1.3e-05,107.7819,0.0,0.976992,0.023008,51200,6530923,1596,21949,135,340,281,796
7950,26.505,17.941,2.22727,2.102051,0.125219,2.240601,2.104736,0.122533,127.5065,0.785547,0.0,106.2457,0.0,0.977324,0.022676,51200,6528333,1586,23200,126,340,257,796
8000,26.644,18.02,2.254999,2.120483,0.134516,2.254028,2.115356,0.139643,128.2179,0.786895,0.0,106.8847,0.0,0.987852,0.012148,51200,6564758,1596,23595,126,340,253,797
8050,26.785,18.099,2.201189,2.043823,0.157366,2.170532,2.031006,0.170184,128.3389,0.789121,0.0,108.0851,0.0,0.989727,0.010273,51200,6570950,1557,22319,121,340,254,799
8100,26.925,18.177,2.124563,1.952881,0.171682,2.065063,1.936646,0.187917,129.0033,0.794629,0.004484,110.038,5.9e-05,0.991191,0.00875,51200,6604968,1594,21345,119,340,261,799
8150,27.067,18.255,1.920059,1.845581,0.074478,1.959473,1.833008,0.087051,128.5749,0.783418,0.001789,110.4971,2e-05,0.990254,0.009727,51200,6583033,1531,19390,120,340,259,799
8200,27.205,18.333,1.864528,1.776855,0.087672,1.878662,1.754761,0.109767,128.3791,0.780469,0.0,112.4685,0.0,0.989941,0.010059,51200,6573010,1590,18818,119,340,261,800
8250,27.346,18.411,1.919099,1.833618,0.085481,1.938843,1.802002,0.117097,128.3044,0.765605,0.0,112.2499,0.0,0.989082,0.010918,51200,6569183,1568,19530,128,340,272,801
8300,27.486,18.489,1.836046,1.770874,0.065172,1.873047,1.738525,0.09752,128.5093,0.775801,0.0,112.2617,0.0,0.992402,0.007598,51200,6579676,1485,18486,115,340,272,801
8350,27.627,18.566,1.831003,1.766968,0.064035,1.878052,1.739258,0.091745,128.6142,0.781367,0.002499,113.1361,2e-05,0.989473,0.010508,51200,6585045,1578,17954,107,340,279,802
8400,27.768,18.645,1.887769,1.817749,0.07002,1.923828,1.788818,0.09895,128.0596,0.80582,0.0,112.8665,0.0,0.986055,0.013945,51200,6556652,1546,19405,107,340,275,802
8450,27.91,18.723,1.82691,1.771362,0.055548,1.871826,1.737305,0.089606,128.3365,0.80541,0.0,113.4466,0.0,0.990234,0.009766,51200,6570830,1554,18656,100,340,277,802
8500,28.052,18.803,1.823747,1.734497,0.089249,1.845825,1.71814,0.105607,138.6473,0.810352,0.072163,114.2608,0.00123,0.994707,0.004062,51200,7098741,1590,17961,104,340,286,805
8550,28.195,18.883,1.899108,1.812012,0.087097,1.91333,1.791504,0.107605,143.466,0.802852,0.10397,115.1914,0.001836,0.992852,0.005312,51200,7345457,1523,18765,98,340,272,805
8600,28.334,18.961,1.931658,1.827148,0.104509,1.926025,1.814575,0.117083,129.5663,0.795234,0.006129,112.6088,9.8e-05,0.996484,0.003418,51200,6633797,1494,18813,105,340,284,805
8650,28.477,19.041,1.848149,1.774048,0.074101,1.87793,1.752441,0.095707,133.8413,0.79666,0.039133,113.7069,0.000645,0.993984,0.005371,51200,6852673,1542,17983,102,340,282,807
8700,28.621,19.121,1.813184,1.723267,0.089918,1.829102,1.704102,0.109083,142.0287,0.79998,0.09501,117.9545,0.00166,0.992793,0.005547,51200,7271869,1521,17273,92,340,296,821
8750,28.775,19.199,1.716279,1.667236,0.049043,1.768066,1.632202,0.084077,128.5944,0.800527,0.0,114.5548,0.0,0.993477,0.006523,51200,6584034,1534,16681,91,340,286,824
8800,28.915,19.276,1.687705,1.651489,0.036216,1.74939,1.613281,0.074424,128.6069,0.810254,0.0,115.1601,0.0,0.993711,0.006289,51200,6584672,1629,15845,90,340,294,833
8850,29.054,19.353,1.679408,1.652344,0.027064,1.763794,1.628418,0.05099,128.7255,0.827051,0.0,116.0794,0.0,0.995605,0.004395,51200,6590747,1576,15399,93,340,292,835
8900,29.196,19.433,1.770384,1.727905,0.042479,1.821167,1.698853,0.071532,128.5362,0.820039,0.0,114.6591,0.0,0.992812,0.007188,51200,6581053,1560,17119,92,340,293,836
8950,29.339,19.513,1.883547,1.828125,0.055422,1.918091,1.815918,0.067629,128.3462,0.808613,0.0,112.7776,0.0,0.990254,0.009746,51200,6571323,1634,18326,92,340,289,836
9000,29.478,19.592,1.846084,1.776367,0.069717,1.868042,1.754517,0.091568,128.3844,0.826289,0.0,112.306,0.0,0.989961,0.010039,51200,6573280,1594,17575,98,340,278,838
9050,29.615,19.669,1.913683,1.804932,0.108751,1.903687,1.786743,0.12694,128.8012,0.816816,0.00362,112.809,5.9e-05,0.98959,0.010352,51200,6594621,1562,18135,98,340,277,838
9100,29.753,19.747,1.977731,1.837036,0.140695,1.944946,1.825317,0.152414,130.8741,0.811836,0.01937,113.1078,0.000312,0.989668,0.01002,51200,6700752,1501,18833,100,340,275,839
9150,29.889,19.825,1.891274,1.779785,0.111488,1.87207,1.760132,0.131142,128.2626,0.837598,0.0,111.9762,0.0,0.989199,0.010801,51200,6567045,1579,17847,111,340,275,839
9200,30.025,19.902,1.948777,1.813843,0.134934,1.902832,1.800903,0.147873,128.452,0.827754,0.0,111.618,0.0,0.991387,0.008613,51200,6576741,1631,18688,120,340,276,840
9250,30.161,19.979,2.067718,1.905518,0.1622,2.011963,1.901367,0.166351,128.7701,0.810215,0.003639,110.7216,5.9e-05,0.989512,0.01043,51200,6593031,1616,20327,121,340,289,851
9300,30.301,20.057,2.022541,1.905884,0.116657,2.022217,1.897827,0.124714,128.2318,0.813945,0.0,110.0546,0.0,0.988125,0.011875,51200,6565468,1610,19947,132,340,275,853
9350,30.441,20.135,2.03136,1.911865,0.119495,2.032227,1.912231,0.119129,128.2194,0.815234,0.0,109.6485,0.0,0.987656,0.012344,51200,6564833,1589,20747,128,340,267,856
9400,30.586,20.214,2.073981,1.926392,0.147589,2.034668,1.920776,0.153205,128.2137,0.807812,1e-06,110.2331,0.0,0.988633,0.011367,51200,6564542,1573,20036,112,340,262,856
9450,30.732,20.293,1.976035,1.876221,0.099814,1.991943,1.857788,0.118247,130.4891,0.830449,0.016989,112.4301,0.000273,0.988691,0.011035,51200,6681044,1537,18914,104,340,258,857
9500,30.877,20.372,2.017825,1.87439,0.143436,1.987915,1.857544,0.160281,129.2554,0.830566,0.007351,112.1981,0.000117,0.988672,0.011211,51200,6617876,1633,19575,96,340,262,861
9550,31.021,20.45,1.998049,1.9104,0.087649,2.034302,1.890991,0.107058,128.5101,0.845156,0.0,111.8898,0.0,0.992637,0.007363,51200,6579715,1562,19356,94,340,265,862
9600,31.164,20.529,1.86674,1.787231,0.079509,1.893311,1.765015,0.101725,128.5469,0.84502,0.0,112.5945,0.0,0.993555,0.006445,51200,6581599,1574,18008,99,340,267,865
9650,31.305,20.608,1.82739,1.77124,0.05615,1.888184,1.754761,0.072629,128.5124,0.815293,0.0,112.9152,0.0,0.99291,0.00709,51200,6579837,1516,18021,107,340,280,869
9700,31.452,20.691,1.798416,1.743774,0.054641,1.846191,1.727295,0.071121,128.4403,0.801641,0.0,112.9133,0.0,0.992305,0.007695,51200,6576144,1591,17586,105,340,270,869
9750,31.592,20.77,1.901907,1.853271,0.048636,1.963501,1.834351,0.067557,135.7093,0.795449,0.054886,117.8933,0.000918,0.989395,0.009688,51200,6948314,1560,19533,93,340,259,869
9800,31.746,20.858,1.978364,1.91687,0.061494,2.038574,1.903076,0.075288,128.8061,0.789434,0.00493,110.8789,7.8e-05,0.987754,0.012168,51200,6594871,1628,20336,107,340,273,872
9850,31.896,20.943,2.007327,1.892334,0.114993,2.010986,1.871704,0.135623,128.3079,0.80625,0.0,110.6206,0.0,0.99002,0.00998,51200,6569366,1558,20284,103,340,271,875
9900,32.046,21.026,1.984294,1.91687,0.067424,2.028198,1.902832,0.081462,131.1772,0.829238,0.019842,112.6036,0.000312,0.99293,0.006758,51200,6716273,1591,20519,99,340,254,875
9950,32.2,21.112,2.011345,1.874878,0.136467,1.990601,1.870361,0.140983,145.301,0.83,0.115794,126.9684,0.00207,0.991758,0.006172,51200,7439409,1588,19668,94,340,257,875
10000,32.358,21.199,1.979849,1.778687,0.201163,1.897461,1.764648,0.215201,148.4799,0.842324,0.132638,129.5593,0.002402,0.995918,0.00168,51200,7602171,1560,18194,78,340,265,877
10050,32.513,21.284,1.873144,1.759644,0.1135,1.878052,1.74292,0.130224,132.947,0.834883,0.031001,115.7165,0.000508,0.997207,0.002285,51200,6806886,1623,18074,89,340,282,882
10100,32.659,21.362,1.978637,1.872803,0.105834,1.985107,1.859863,0.118774,128.7476,0.824336,0.0,113.3647,0.0,0.996152,0.003848,51200,6591877,1545,20096,91,340,282,882
10150,32.806,21.443,2.077479,1.955078,0.122401,2.055298,1.942139,0.13534,140.8137,0.822305,0.086068,121.6496,0.001309,0.994766,0.003926,51200,7209659,1553,21413,88,340,280,887
10200,32.951,21.524,2.008243,1.912109,0.096133,2.02356,1.906372,0.101871,141.3925,0.794785,0.089089,121.382,0.001152,0.996055,0.002793,51200,7239296,1543,20659,85,340,288,896
10250,33.094,21.604,2.003906,1.917725,0.086181,2.038208,1.91626,0.087646,137.9462,0.792891,0.068609,118.4575,0.00084,0.991406,0.007754,51200,7062847,1546,20102,85,340,277,900
10300,33.237,21.686,2.149042,2.000854,0.148187,2.120239,2.000244,0.148798,142.6637,0.790312,0.101384,121.3358,0.001445,0.986738,0.011816,51200,7304381,1549,21425,106,340,273,907
10350,33.401,21.775,2.251274,2.078735,0.172538,2.198364,2.079102,0.172172,140.0787,0.795332,0.089019,117.0997,0.001133,0.97752,0.021348,51200,7172031,1603,22226,122,340,269,910
10400,33.545,21.855,2.299271,2.04541,0.253861,2.176514,2.046875,0.252396,133.5822,0.806816,0.045681,111.084,0.000625,0.977246,0.022129,51200,6839411,1651,22267,108,340,264,911
10450,33.686,21.934,2.158917,2.008911,0.150005,2.130493,1.997681,0.161236,128.141,0.822871,0.0,107.6905,0.0,0.986328,0.013672,51200,6560820,1567,21565,113,340,275,920
10500,33.825,22.012,2.18066,1.980591,0.200069,2.123535,1.989258,0.191402,128.3498,0.816289,0.0,108.2514,0.0,0.989805,0.010195,51200,6571509,1591,21400,107,340,274,929
10550,33.97,22.094,2.093979,1.975464,0.118515,2.106323,1.972778,0.121201,151.7672,0.816172,0.157013,123.5966,0.00293,0.983945,0.013125,51200,7770479,1531,20366,106,340,255,933
10600,34.116,22.177,2.030818,1.924927,0.105892,2.048706,1.917847,0.112972,156.9585,0.790488,0.183279,129.0369,0.003535,0.988438,0.008027,51200,8036275,1562,19212,109,340,263,940
10650,34.26,22.258,1.852321,1.841919,0.010402,1.938232,1.821289,0.031032,149.0832,0.779648,0.139694,125.7297,0.00252,0.98834,0.009141,51200,7633060,1487,17771,111,340,261,943
10700,34.406,22.34,1.936802,1.873779,0.063022,1.987793,1.86084,0.075962,156.4331,0.771523,0.181057,130.868,0.003008,0.985977,0.011016,51200,8009376,1566,18897,126,340,289,967
10750,34.559,22.427,1.944049,1.92334,0.020709,2.023682,1.911743,0.032305,162.5347,0.751484,0.213921,132.6805,0.003945,0.980918,0.015137,51200,8321775,1479,19315,126,340,297,971
10800,34.717,22.514,2.012279,1.984009,0.028271,2.088379,1.960815,0.051464,171.8629,0.757363,0.257441,137.4892,0.005117,0.978184,0.016699,51200,8799379,1552,20396,142,340,296,974
10850,34.87,22.602,2.013931,1.965088,0.048843,2.063721,1.939453,0.074478,162.0587,0.771211,0.212222,126.9161,0.004004,0.978906,0.01709,51200,8297406,1616,20240,147,340,300,979
10900,35.016,22.684,1.860773,1.828369,0.032404,1.927979,1.801147,0.059625,151.7289,0.773066,0.154446,123.5764,0.002891,0.988672,0.008438,51200,7768518,1533,18365,131,340,305,982
10950,35.165,22.767,2.016123,1.928955,0.087168,2.045288,1.906372,0.109751,155.9672,0.769297,0.177384,136.0342,0.003418,0.987617,0.008965,51200,7985519,1635,20044,118,340,298,983
11000,35.313,22.849,1.987735,1.928101,0.059634,2.026855,1.901978,0.085757,145.7179,0.761387,0.121797,125.574,0.002188,0.983457,0.014355,51200,7460754,1540,19832,112,340,294,989
11050,35.463,22.931,1.899376,1.878906,0.02047,1.980591,1.858154,0.041222,145.1232,0.783926,0.119716,125.9497,0.002129,0.980234,0.017637,51200,7430308,1581,19119,105,340,289,992
11100,35.614,23.016,1.932736,1.939087,-0.00635,2.051514,1.920776,0.01196,140.5758,0.786543,0.089092,122.7733,0.001543,0.984883,0.013574,51200,7197483,1609,20364,103,340,292,998
11150,35.756,23.096,2.032847,1.967407,0.06544,2.077271,1.955811,0.077037,128.0834,0.788047,0.0,110.8304,0.0,0.98543,0.01457,51200,6557868,1500,21171,102,340,289,1000
11200,35.901,23.174,2.200165,2.121826,0.078339,2.214111,2.1073,0.092865,128.2977,0.791621,0.0,109.0972,0.0,0.989238,0.010762,51200,6568842,1558,23306,101,340,293,1001
11250,36.045,23.254,2.123226,2.059326,0.0639,2.162842,2.062744,0.060482,129.7241,0.789355,0.010457,108.9749,0.000156,0.989785,0.010059,51200,6641875,1568,22195,115,340,277,1004
11300,36.189,23.334,2.110813,2.055786,0.055027,2.175171,2.046631,0.064182,130.552,0.783008,0.015799,109.3861,0.000254,0.992305,0.007441,51200,6684263,1571,22427,119,340,272,1004
11350,36.335,23.416,2.239203,2.089844,0.149359,2.207397,2.085693,0.153509,138.3605,0.777734,0.070834,114.4183,0.001211,0.992324,0.006465,51200,7084056,1566,22615,141,340,270,1007
11400,36.477,23.496,2.142817,2.05542,0.087397,2.156738,2.044434,0.098383,128.527,0.77082,0.0,107.965,0.0,0.992324,0.007676,51200,6580584,1556,21933,133,340,263,1010
11450,36.617,23.575,2.186503,2.098389,0.088114,2.21814,2.107056,0.079447,128.2766,0.755684,0.001256,108.1702,2e-05,0.985684,0.014297,51200,6567761,1484,22577,136,340,267,1013
11500,36.762,23.656,2.35225,2.203613,0.148637,2.325562,2.204346,0.147905,128.2217,0.780449,0.0,106.3784,0.0,0.987441,0.012559,51200,6564951,1609,24689,136,340,261,1014
11550,36.904,23.737,2.302989,2.163574,0.139415,2.283081,2.166138,0.136851,132.2695,0.778379,0.032086,107.1105,0.000527,0.983945,0.015527,51200,6772198,1567,23996,131,340,256,1015
11600,37.049,23.819,2.345901,2.197632,0.148269,2.310303,2.197876,0.148025,142.7712,0.769512,0.1035,113.0957,0.001836,0.981953,0.016211,51200,7309886,1596,24144,124,340,247,1015
11650,37.195,23.901,2.280742,2.151978,0.128765,2.264771,2.148193,0.132549,147.5703,0.761406,0.133447,116.2196,0.002441,0.981309,0.01625,51200,7555597,1532,23442,116,340,241,1015
11700,37.342,23.985,2.326092,2.207642,0.11845,2.332642,2.208374,0.117718,139.2111,0.765801,0.080197,111.7939,0.001387,0.984805,0.013809,51200,7127606,1612,24266,122,340,254,1021
11750,37.499,24.075,2.248684,2.169434,0.079251,2.281982,2.160034,0.08865,158.1707,0.75627,0.193082,127.7467,0.00377,0.978711,0.01752,51200,8098338,1602,22854,122,340,252,1023
11800,37.645,24.157,2.284804,2.175049,0.109756,2.287842,2.157715,0.12709,149.5681,0.749531,0.145788,121.959,0.002695,0.980703,0.016602,51200,7657887,1619,23111,115,340,249,1024
11850,37.798,24.241,2.272382,2.15686,0.115521,2.28772,2.145874,0.126507,154.7563,0.760547,0.173347,125.0594,0.00332,0.981113,0.015566,51200,7923523,1602,22959,122,340,254,1026
11900,37.955,24.329,2.174157,2.157593,0.016564,2.274536,2.136719,0.037438,154.8161,0.762383,0.172554,124.0737,0.003301,0.984746,0.011953,51200,7926586,1568,22737,128,340,271,1028
11950,38.111,24.422,2.263323,2.158447,0.104875,2.27356,2.150024,0.113298,191.458,0.778672,0.330613,161.058,0.007793,0.984863,0.007344,51200,9802648,1554,23215,137,340,282,1032
12000,38.269,24.515,2.373852,2.236328,0.137524,2.360718,2.24646,0.127392,199.8284,0.771973,0.359367,168.7863,0.008848,0.983828,0.007324,51200,10231213,1637,24419,136,340,275,1034
12050,38.434,24.62,2.434174,2.188354,0.245819,2.326538,2.194214,0.23996,214.6894,0.780176,0.404264,177.2746,0.010684,0.980625,0.008691,51200,10992099,1543,24059,132,340,274,1041
12100,38.59,24.714,2.406436,2.197876,0.20856,2.319458,2.202759,0.203677,202.5016,0.784941,0.36764,162.7031,0.00918,0.983457,0.007363,51200,10368082,1540,24494,134,340,270,1044
12150,38.737,24.8,2.274575,2.13562,0.138955,2.258545,2.146851,0.127725,162.0721,0.77623,0.208093,131.3807,0.00416,0.988438,0.007402,51200,8298094,1529,23116,135,340,269,1046
12200,38.89,24.888,2.266971,2.099609,0.167362,2.223267,2.093018,0.173954,156.9083,0.76334,0.183881,128.4448,0.003496,0.983535,0.012969,51200,8033705,1577,22644,135,340,266,1046
12250,39.03,24.969,2.11604,1.985352,0.130689,2.111084,1.978271,0.137769,145.827,0.764258,0.120498,123.0232,0.002148,0.986719,0.011133,51200,7466341,1659,21185,133,340,262,1046
12300,39.173,25.051,2.195989,2.027222,0.168767,2.144897,2.014893,0.181096,144.2127,0.764805,0.111849,122.4857,0.001992,0.984824,0.013184,51200,7383692,1585,22408,138,340,270,1047
12350,39.318,25.133,2.251246,2.115845,0.135401,2.237793,2.1073,0.143946,136.1373,0.755684,0.060089,114.3312,0.000996,0.984004,0.015,51200,6970228,1596,23831,132,340,251,1048
12400,39.456,25.211,2.197717,2.036621,0.161096,2.169556,2.030396,0.167321,128.2289,0.751562,0.0,106.3887,0.0,0.98834,0.01166,51200,6565319,1547,23016,122,340,237,1049
12450,39.594,25.29,2.3281,2.117554,0.210546,2.251831,2.112305,0.215795,128.0468,0.734785,0.0,106.7788,0.0,0.98543,0.01457,51200,6555994,1596,24246,114,340,229,1049
12500,39.751,25.382,2.368618,2.179688,0.18893,2.308105,2.172607,0.19601,135.4035,0.747168,0.056468,109.2587,0.000938,0.981445,0.017617,51200,6932660,1605,24382,111,340,229,1049
12550,39.892,25.462,2.327944,2.205811,0.122133,2.328125,2.201904,0.12604,135.6202,0.740625,0.058667,108.8595,0.000977,0.980195,0.018828,51200,6943754,1594,24515,109,340,225,1049
12600,40.032,25.541,2.318868,2.176636,0.142232,2.310791,2.174561,0.144308,127.8661,0.735176,0.0,105.3392,0.0,0.983438,0.016562,51200,6546744,1582,24397,108,341,230,1058
12650,40.175,25.619,2.319539,2.200684,0.118856,2.327637,2.191284,0.128255,127.9404,0.747129,0.001956,105.9149,0.0,0.979199,0.020801,51200,6550551,1564,23733,113,341,243,1061
12700,40.318,25.7,2.32891,2.187988,0.140922,2.312744,2.187988,0.140922,141.1022,0.760527,0.095028,110.7482,0.00166,0.978535,0.019805,51200,7224435,1657,23810,120,341,258,1068
12750,40.462,25.782,2.338765,2.166382,0.172383,2.288574,2.163208,0.175557,142.3345,0.764121,0.10085,110.904,0.001777,0.983594,0.014629,51200,7287527,1546,23880,129,341,261,1069
12800,40.602,25.86,2.321796,2.154419,0.167377,2.27832,2.150635,0.171161,127.8749,0.758047,0.0,106.1939,0.0,0.982324,0.017676,51200,6547195,1548,23450,137,341,265,1069
12850,40.74,25.939,2.394808,2.221558,0.173251,2.347656,2.219971,0.174837,128.0234,0.746426,0.001213,105.2196,2e-05,0.983184,0.016797,51200,6554798,1605,24683,117,341,244,1070
12900,40.879,26.018,2.395075,2.224243,0.170832,2.325562,2.225342,0.169734,127.7638,0.753438,0.0,104.232,0.0,0.981211,0.018789,51200,6541508,1560,24977,111,341,236,1070
12950,41.023,26.098,2.347437,2.218018,0.12942,2.340942,2.218018,0.12942,137.5761,0.736484,0.071484,113.8986,0.001211,0.980684,0.018105,51200,7043895,1621,24542,105,341,226,1070
13000,41.169,26.178,2.399638,2.276611,0.123027,2.392212,2.27356,0.126078,134.7057,0.736797,0.05177,110.285,0.000859,0.980996,0.018145,51200,6896930,1604,25408,101,341,232,1080
13050,41.312,26.258,2.352433,2.204102,0.148331,2.321655,2.200684,0.151749,130.0199,0.768457,0.015846,104.9506,0.000254,0.984121,0.015625,51200,6657017,1637,25271,85,341,219,1082
13100,41.465,26.34,2.401317,2.259521,0.141795,2.378906,2.260986,0.140331,144.7488,0.76375,0.114987,106.5913,0.002051,0.985898,0.012051,51200,7411137,1521,26221,78,341,222,1086
13150,41.611,26.421,2.257621,2.17749,0.080131,2.295776,2.174194,0.083427,143.8772,0.759727,0.10475,107.5038,0.001855,0.996543,0.001602,51200,7366512,1578,24152,84,341,228,1087
13200,41.753,26.5,2.160964,2.093994,0.06697,2.192871,2.083618,0.077346,131.4567,0.757305,0.022932,107.1523,0.000371,0.991523,0.008105,51200,6730584,1526,22714,85,341,232,1100
13250,41.896,26.579,2.135842,2.069214,0.066629,2.180054,2.055664,0.080178,128.5912,0.760859,0.0,107.9561,0.0,0.99377,0.00623,51200,6583871,1551,22321,87,341,229,1101
13300,42.038,26.658,2.051077,1.985474,0.065603,2.079834,1.980591,0.070486,128.5497,0.759434,0.0,108.551,0.0,0.992812,0.007188,51200,6581743,1593,20890,90,341,255,1109
13350,42.178,26.737,2.141416,2.053833,0.087583,2.163208,2.041382,0.100034,129.5367,0.748828,0.01096,109.6662,0.000176,0.986465,0.013359,51200,6632277,1581,21906,108,341,273,1110
13400,42.326,26.821,2.171038,2.103516,0.067523,2.207031,2.093262,0.077777,130.9152,0.738418,0.023427,110.5896,0.000371,0.982227,0.017402,51200,6702856,1658,22956,115,341,276,1115
13450,42.47,26.901,2.114409,2.064331,0.050078,2.148804,2.038696,0.075713,134.8933,0.740723,0.050672,113.3827,0.00084,0.985879,0.013281,51200,6906539,1566,22272,126,341,274,1117
13500,42.612,26.98,2.216352,2.133179,0.083174,2.234619,2.115234,0.101118,128.7857,0.754492,0.0,108.3676,0.0,0.996699,0.003301,51200,6593830,1644,23160,130,341,271,1125
13550,42.758,27.06,2.347732,2.221802,0.125931,2.325073,2.210815,0.136917,128.782,0.758848,0.0,106.8118,0.0,0.996465,0.003535,51200,6593637,1574,25244,124,341,270,1131
13600,42.901,27.14,2.370523,2.279175,0.091348,2.373047,2.256348,0.114175,134.0362,0.744336,0.040235,110.3163,0.000664,0.994453,0.004883,51200,6862653,1593,25517,122,341,269,1131
13650,43.045,27.222,2.217693,2.160034,0.057659,2.253174,2.146973,0.07072,145.4469,0.767969,0.11875,114.8354,0.002129,0.987285,0.010586,51200,7446882,1589,23003,122,341,256,1131
13700,43.205,27.31,2.184952,2.125,0.059952,2.233154,2.110596,0.074356,153.6786,0.760449,0.166914,122.2588,0.003105,0.984844,0.012051,51200,7868343,1542,22700,132,341,260,1131
13750,43.356,27.396,2.143038,2.064087,0.078951,2.172119,2.043579,0.099459,159.9535,0.784941,0.199463,125.9767,0.003711,0.98543,0.010859,51200,8189619,1504,21624,131,341,265,1136
13800,43.502,27.48,2.018805,1.945679,0.073127,2.068848,1.924561,0.094245,160.5153,0.791621,0.204156,126.6925,0.003887,0.980898,0.015215,51200,8218382,1599,20221,130,341,269,1140
13850,43.664,27.565,2.030621,1.909424,0.121197,2.013794,1.889282,0.141339,155.7344,0.778379,0.180212,124.906,0.003379,0.979492,0.017129,51200,7973599,1568,20170,127,341,259,1140
13900,43.823,27.657,2.175365,2.022461,0.152904,2.137207,2.006226,0.16914,160.6704,0.760293,0.204137,126.242,0.004043,0.982559,0.013398,51200,8226327,1566,21719,129,341,261,1140
13950,43.972,27.742,2.108298,1.95874,0.149558,2.074951,1.946411,0.161887,156.0622,0.762832,0.180766,124.7299,0.003477,0.983184,0.01334,51200,7990386,1585,20587,130,342,266,1141
14000,44.143,27.835,2.110102,1.955566,0.154536,2.066772,1.93811,0.171992,131.8694,0.78377,0.027634,112.9125,0.000449,0.987695,0.011855,51200,6751713,1567,20815,130,342,259,1141
14050,44.284,27.914,2.095415,1.905273,0.190141,2.016235,1.886108,0.209306,128.5392,0.798184,0.0,111.062,0.0,0.993223,0.006777,51200,6581209,1627,19880,107,342,263,1141
14100,44.424,27.993,1.973739,1.811523,0.162215,1.913452,1.784424,0.189315,128.9342,0.818887,0.0,111.9689,0.0,0.999082,0.000918,51200,6601433,1520,18713,104,342,264,1141
14150,44.564,28.07,1.973915,1.862549,0.111366,1.983398,1.836792,0.137123,128.5896,0.816602,0.0,112.8712,0.0,0.993906,0.006094,51200,6583788,1566,19197,110,342,282,1146
14200,44.706,28.15,2.045565,1.87085,0.174715,1.996704,1.876221,0.169344,128.3392,0.81707,0.0,112.265,0.0,0.990039,0.009961,51200,6570966,1602,19266,109,342,288,1150
14250,44.844,28.227,2.108414,1.875732,0.232682,1.999756,1.881104,0.22731,128.4649,0.794902,0.000456,111.7873,0.0,0.990898,0.009102,51200,6577404,1553,19701,112,342,295,1151
14300,44.988,28.306,2.234099,1.996948,0.237151,2.115356,1.992676,0.241423,128.453,0.796133,0.0,110.9663,0.0,0.991445,0.008555,51200,6576792,1566,21143,111,342,292,1151
14350,45.132,28.387,2.151109,1.958496,0.192613,2.065674,1.951416,0.199693,135.7735,0.799453,0.053659,116.4748,0.000898,0.991738,0.007363,51200,6951601,1571,20089,131,342,278,1157
14400,45.276,28.468,2.101967,1.907471,0.194496,2.026123,1.90625,0.195717,142.9194,0.809277,0.101964,122.3914,0.001797,0.989727,0.008477,51200,7317471,1531,19729,137,342,276,1159
14450,45.424,28.554,2.188687,1.977905,0.210782,2.106689,1.978149,0.210538,164.8,0.800703,0.222473,136.7846,0.004512,0.986094,0.009395,51200,8437759,1635,20606,142,342,278,1159
14500,45.572,28.64,2.231709,2.000244,0.231465,2.117188,1.997314,0.234395,170.541,0.794648,0.247644,136.3066,0.005195,0.988984,0.00582,51200,8731698,1494,21179,144,342,279,1160
14550,45.717,28.725,2.328909,2.066528,0.262381,2.208618,2.075562,0.253348,165.012,0.808535,0.222202,129.9698,0.004512,0.989473,0.006016,51200,8448613,1563,22766,136,342,271,1163
14600,45.869,28.812,2.341291,2.039795,0.301496,2.158813,2.033447,0.307844,153.4018,0.809902,0.162798,121.8817,0.003066,0.991758,0.005176,51200,7854173,1527,21759,145,342,272,1164
14650,46.02,28.899,2.275046,1.955688,0.319358,2.089844,1.954956,0.32009,155.4748,0.806875,0.172691,123.7233,0.003301,0.994512,0.002188,51200,7960309,1655,20819,142,342,269,1166
14700,46.168,28.986,2.250963,1.96875,0.282213,2.097412,1.967896,0.283068,155.3398,0.803574,0.171851,121.7799,0.003281,0.994883,0.001836,51200,7953398,1561,21100,144,342,275,1168
14750,46.311,29.069,2.292967,2.039673,0.253294,2.158813,2.039551,0.253416,150.5732,0.780391,0.145581,122.0089,0.002695,0.994746,0.002559,51200,7709346,1651,22025,138,342,269,1168
14800,46.455,29.152,2.277646,1.950684,0.326962,2.076416,1.949951,0.327695,146.4342,0.792461,0.121422,127.0223,0.002188,0.994766,0.003047,51200,7497433,1634,20562,136,342,272,1172
14850,46.596,29.233,2.337259,2.038574,0.298685,2.156982,2.025513,0.311746,142.896,0.796797,0.101125,123.6343,0.001777,0.991211,0.007012,51200,7316277,1610,21736,141,343,280,1178
14900,46.736,29.316,2.354514,2.021973,0.332542,2.184204,2.040039,0.314475,145.1338,0.787129,0.114849,125.9306,0.002051,0.991914,0.006035,51200,7430851,1559,21736,135,343,270,1184
14950,46.879,29.399,2.476144,2.0896,0.386545,2.25,2.107056,0.369089,144.1298,0.788691,0.107897,124.6699,0.001914,0.993145,0.004941,51200,7379447,1600,22316,137,343,267,1184
15000,47.021,29.481,2.450256,2.080444,0.369812,2.221069,2.074829,0.375427,143.4888,0.807305,0.105113,124.1205,0.001855,0.990469,0.007676,51200,7346625,1571,21990,137,343,266,1185
15050,47.162,29.564,2.46662,2.108887,0.357734,2.26001,2.119507,0.347113,143.0405,0.798281,0.105415,119.7503,0.001855,0.983613,0.014531,51200,7323674,1623,22960,134,343,270,1192
15100,47.303,29.646,2.513452,2.149536,0.363916,2.293335,2.160522,0.35293,143.8694,0.778633,0.109203,115.8905,0.001934,0.987109,0.010957,51200,7366115,1605,23208,134,343,261,1193
15150,47.447,29.731,2.556511,2.14856,0.407951,2.277588,2.149902,0.406609,144.5487,0.778965,0.112225,115.7348,0.001992,0.989453,0.008555,51200,7400894,1538,23356,111,343,240,1194
15200,47.587,29.813,2.55817,2.112061,0.446109,2.252808,2.12854,0.42963,144.0416,0.780078,0.11017,115.4576,0.001953,0.98748,0.010566,51200,7374928,1595,23066,112,343,240,1195
15250,47.732,29.896,2.489866,2.090942,0.398923,2.220337,2.088623,0.401243,136.2974,0.787188,0.060531,112.6637,0.001016,0.98543,0.013555,51200,6978428,1588,22239,112,343,242,1200
15300,47.871,29.976,2.366742,1.995605,0.371136,2.11792,1.990845,0.375897,128.2915,0.794023,0.0,109.4738,0.0,0.989316,0.010684,51200,6568525,1538,20877,109,343,245,1206
15350,48.012,30.054,2.347485,1.974121,0.373364,2.089111,1.962524,0.384961,128.582,0.803086,0.0,110.7494,0.0,0.993516,0.006484,51200,6583396,1552,19911,111,343,237,1206
15400,48.152,30.133,2.372807,1.969604,0.403202,2.103516,1.966553,0.406254,128.7747,0.791289,0.001391,111.3455,2e-05,0.993809,0.006172,51200,6593267,1544,20656,110,343,236,1206
15450,48.291,30.211,2.293221,1.921875,0.371346,2.025635,1.911743,0.381477,128.5526,0.792754,0.0,111.6443,0.0,0.993086,0.006914,51200,6581893,1519,19447,143,344,273,1207
15500,48.431,30.29,2.345907,1.977417,0.36849,2.069824,1.961792,0.384115,128.5714,0.797871,0.0,111.5159,0.0,0.993535,0.006465,51200,6582856,1541,20153,151,344,277,1208
15550,48.57,30.372,2.289262,1.933716,0.355546,2.056763,1.925781,0.363481,142.7837,0.781777,0.101135,124.3521,0.001777,0.989609,0.008613,51200,7310528,1556,19311,152,344,270,1211
15600,48.712,30.454,2.306365,1.943115,0.36325,2.068726,1.946655,0.35971,147.99,0.78998,0.132974,125.3769,0.002422,0.989258,0.00832,51200,7577090,1523,19616,158,344,278,1212
15650,48.855,30.535,2.348113,2.012207,0.335906,2.147095,2.008545,0.339568,143.97,0.817461,0.107007,118.4322,0.001895,0.993359,0.004746,51200,7371262,1497,21009,158,344,278,1212
15700,49.002,30.623,2.409062,2.014771,0.394292,2.16394,2.01416,0.394902,163.6496,0.806211,0.214287,128.3006,0.004316,0.993223,0.002461,51200,8378857,1588,21316,161,344,281,1212
15750,49.144,30.706,2.424736,2.017212,0.407524,2.162598,2.02478,0.399956,143.8544,0.795684,0.105853,116.4893,0.001875,0.994082,0.004043,51200,7365347,1622,20985,159,344,276,1212
15800,49.282,30.786,2.282396,1.879883,0.402514,2.018799,1.879272,0.403124,128.6154,0.806836,0.0,110.4368,0.0,0.994023,0.005977,51200,6585111,1550,19112,154,344,276,1216
15850,49.42,30.865,2.207763,1.810425,0.397339,1.946899,1.812134,0.39563,128.5713,0.842402,0.0,112.8968,0.0,0.993379,0.006621,51200,6582852,1610,18399,136,346,278,1219
15900,49.557,30.943,2.162047,1.73645,0.425596,1.869141,1.730347,0.4317,128.7074,0.855234,0.0,113.6862,0.0,0.995684,0.004316,51200,6589820,1560,17248,130,347,277,1220
15950,49.696,31.021,2.157316,1.715088,0.442228,1.848877,1.718994,0.438322,128.514,0.853105,0.0,113.3565,0.0,0.992539,0.007461,51200,6579917,1570,17809,127,347,271,1220
16000,49.833,31.098,2.240756,1.814087,0.42667,1.956543,1.822266,0.418491,128.2524,0.820391,0.0,112.2561,0.0,0.988789,0.011211,51200,6566524,1596,19355,127,347,275,1224
16050,49.972,31.176,2.269181,1.819824,0.449356,1.969727,1.829956,0.439225,128.6401,0.816992,0.0,111.7362,0.0,0.994316,0.005684,51200,6586372,1508,19531,127,347,270,1224
16100,50.11,31.255,2.282412,1.841797,0.440615,1.964233,1.836182,0.44623,128.6626,0.797461,7e-06,111.4912,0.0,0.994824,0.005176,51200,6587525,1591,19616,128,347,282,1224
16150,50.246,31.333,2.261902,1.843506,0.418396,1.972168,1.848755,0.413147,128.8098,0.782051,0.0,111.3529,0.0,0.996992,0.003008,51200,6595060,1519,19964,152,347,275,1228
16200,50.386,31.412,2.282548,1.833374,0.449174,1.987061,1.843018,0.439531,128.7977,0.804375,0.0,111.4469,0.0,0.996816,0.003184,51200,6594440,1597,20255,151,347,275,1236
16250,50.526,31.49,2.228303,1.808105,0.420197,1.936523,1.797485,0.430817,128.5412,0.809043,0.0,112.0235,0.0,0.992832,0.007168,51200,6581309,1569,18817,153,347,279,1244
16300,50.667,31.569,2.18974,1.79834,0.3914,1.927612,1.786133,0.403607,128.3793,0.818027,0.0,112.2742,0.0,0.990293,0.009707,51200,6573020,1603,18645,154,347,287,1244
16350,50.807,31.649,2.304738,1.81543,0.489308,1.932861,1.81543,0.489308,128.5884,0.815879,0.0,112.3207,0.0,0.993398,0.006602,51200,6583726,1548,19601,159,347,290,1244
16400,50.951,31.728,2.37888,1.915649,0.463231,2.039429,1.908691,0.470189,128.4954,0.816758,0.0,110.7296,0.0,0.992285,0.007715,51200,6578964,1551,20979,157,347,278,1244
16450,51.092,31.807,2.337944,1.904053,0.433891,2.031128,1.907593,0.430351,128.5588,0.81377,0.0,110.3012,0.0,0.993086,0.006914,51200,6582212,1593,20844,157,347,286,1244
16500,51.233,31.887,2.383991,1.990356,0.393634,2.117798,1.988525,0.395466,128.5984,0.801465,0.0,110.3244,0.0,0.993438,0.006562,51200,6584240,1622,21849,159,348,288,1245
16550,51.377,31.969,2.466135,2.064697,0.401438,2.20105,2.079346,0.38679,128.5082,0.79748,0.0,108.8708,0.0,0.992012,0.007988,51200,6579619,1594,23468,154,348,277,1246
16600,51.52,32.05,2.391883,2.034424,0.35746,2.168945,2.044189,0.347694,139.5774,0.786836,0.081866,115.3054,0.001406,0.986719,0.011875,51200,7146363,1529,22721,152,348,279,1249
16650,51.663,32.131,2.322245,2.006714,0.315531,2.123047,2.006226,0.316019,143.1366,0.774375,0.104953,119.0233,0.001777,0.986113,0.012109,51200,7328593,1581,21422,152,348,282,1249
16700,51.808,32.212,2.530699,2.179932,0.350767,2.303711,2.178345,0.352354,139.6133,0.76832,0.084773,115.0362,0.000664,0.981191,0.018145,51200,7148202,1569,23904,152,348,291,1249
16750,51.949,32.293,2.478752,2.120239,0.358513,2.255371,2.123535,0.355217,137.172,0.781094,0.069019,111.5782,0.000703,0.980137,0.01916,51200,7023207,1555,23601,141,348,284,1249
16800,52.09,32.374,2.495935,2.129517,0.366418,2.263062,2.126709,0.369226,138.9875,0.778887,0.078325,112.6587,0.000742,0.985781,0.013477,51200,7116161,1553,23760,131,348,266,1249
16850,52.251,32.46,2.432565,2.078247,0.354318,2.213013,2.070679,0.361886,142.8056,0.760645,0.10304,115.9501,0.001035,0.986621,0.012344,51200,7311647,1564,23063,129,348,270,1254
16900,52.403,32.55,2.422594,2.077148,0.345446,2.20874,2.075928,0.346667,145.555,0.762871,0.119752,118.0743,0.000898,0.98707,0.012031,51200,7452415,1616,23056,130,348,267,1255
16950,52.548,32.632,2.422766,2.069214,0.353552,2.201172,2.064087,0.358679,142.8628,0.773828,0.102383,115.7857,0.001152,0.988613,0.010234,51200,7314575,1651,23029,127,348,257,1255
17000,52.692,32.714,2.399067,2.04895,0.350116,2.154785,2.044922,0.354145,139.9337,0.783672,0.083588,114.6449,0.000781,0.988105,0.011113,51200,7164606,1561,22793,126,348,239,1256
17050,52.836,32.796,2.463753,2.100464,0.363289,2.235107,2.107422,0.356331,142.6837,0.77875,0.102845,115.8659,0.001133,0.984629,0.014238,51200,7305404,1550,23639,135,348,254,1263
17100,52.98,32.879,2.526435,2.11438,0.412055,2.248291,2.107422,0.419013,152.883,0.777148,0.161762,122.2001,0.002617,0.987383,0.01,51200,7827611,1562,23573,133,348,248,1263
17150,53.128,32.964,2.525835,2.100098,0.425738,2.248535,2.110962,0.414873,156.4965,0.77543,0.182875,126.7244,0.003047,0.984199,0.012754,51200,8012623,1477,22876,143,348,252,1263
17200,53.274,33.047,2.528064,2.096558,0.431506,2.234131,2.100708,0.427356,147.5447,0.787012,0.134601,123.7269,0.00209,0.980879,0.017031,51200,7554289,1595,23165,142,348,256,1264
17250,53.418,33.129,2.408299,2.006836,0.401463,2.141724,2.002808,0.405491,140.4241,0.805215,0.087876,120.3857,0.001504,0.986621,0.011875,51200,7189714,1544,21559,146,348,267,1267
17300,53.559,33.21,2.384257,2.00354,0.380717,2.124512,1.994751,0.389506,127.7172,0.813281,0.0,109.2709,0.0,0.981504,0.018496,51200,6539119,1561,21743,137,348,255,1267
17350,53.697,33.289,2.273748,1.908447,0.365301,2.033447,1.905396,0.368352,128.3595,0.800137,0.0,109.5105,0.0,0.990469,0.009531,51200,6572007,1536,20608,135,348,254,1267
17400,53.836,33.368,2.167015,1.839722,0.327293,1.954834,1.82605,0.340965,133.852,0.786797,0.041658,111.6058,0.000684,0.988535,0.010781,51200,6853223,1654,19025,143,348,261,1267
17450,53.977,33.448,2.272612,1.900879,0.371733,2.0177,1.889893,0.382719,142.4539,0.802422,0.097887,112.3923,0.001719,0.992773,0.005508,51200,7293639,1589,19849,144,348,267,1275
17500,54.119,33.529,2.256245,1.903931,0.352314,2.017212,1.890259,0.365986,142.0861,0.801484,0.096159,110.9757,0.00168,0.990879,0.007441,51200,7274808,1519,19485,145,348,271,1279
17550,54.266,33.607,2.176696,1.813354,0.363341,1.934937,1.800415,0.376281,128.556,0.816914,0.000103,112.3163,0.0,0.993047,0.006953,51200,6582067,1628,18272,140,348,271,1283
17600,54.408,33.687,2.173501,1.787109,0.386391,1.918945,1.776367,0.397134,139.734,0.812734,0.085209,116.3751,0.001465,0.98209,0.016445,51200,7154379,1641,18837,153,350,301,1287
17650,54.551,33.768,2.22118,1.800049,0.421131,1.923218,1.786133,0.435047,144.9104,0.814922,0.117154,114.9541,0.00209,0.983613,0.014297,51200,7419414,1589,18827,150,350,291,1293
17700,54.694,33.849,2.204499,1.811035,0.393464,1.937744,1.80835,0.396149,144.7894,0.815254,0.116248,114.4927,0.00207,0.984082,0.013848,51200,7413216,1607,19278,151,350,299,1293
17750,54.838,33.93,2.234617,1.831909,0.402708,1.953735,1.824097,0.410521,145.6441,0.808613,0.121996,114.2975,0.002188,0.982637,0.015176,51200,7456976,1565,19202,151,350,292,1295
17800,54.981,34.011,2.358603,1.894897,0.463706,2.013184,1.890625,0.467978,144.4805,0.797129,0.114172,113.7105,0.002031,0.984668,0.013301,51200,7397401,1568,20262,146,350,287,1295
17850,55.124,34.092,2.313523,1.886841,0.426682,2.01709,1.87561,0.437912,143.9468,0.800254,0.108536,114.0791,0.001875,0.989023,0.009102,51200,7370074,1596,19914,153,352,286,1296
17900,55.266,34.173,2.332235,1.861084,0.471151,1.993042,1.852783,0.479452,144.6367,0.803184,0.113045,114.4605,0.002012,0.988711,0.009277,51200,7405398,1595,20090,157,354,276,1298
17950,55.427,34.26,2.332859,1.807617,0.525242,1.929932,1.798584,0.534275,145.0271,0.817227,0.116029,113.7181,0.00207,0.98707,0.010859,51200,7425386,1581,18857,164,357,280,1302
18000,55.573,34.346,2.290638,1.800049,0.490589,1.926636,1.796753,0.493885,146.5342,0.80543,0.125669,114.0481,0.002266,0.986543,0.011191,51200,7502549,1554,18732,162,357,279,1304
18050,55.714,34.428,2.28217,1.780151,0.502019,1.908325,1.760254,0.521916,145.799,0.808105,0.119794,114.3339,0.002148,0.989434,0.008418,51200,7464909,1573,18424,159,360,279,1309
18100,55.851,34.506,2.289155,1.773315,0.515839,1.91333,1.765259,0.523896,130.4433,0.796074,0.015781,112.5855,0.000254,0.990273,0.009473,51200,6678696,1566,18971,158,360,276,1309
18150,55.987,34.583,2.224772,1.739502,0.48527,1.870605,1.725708,0.499064,128.7417,0.793418,0.0,113.1798,0.0,0.995762,0.004238,51200,6591573,1549,18590,155,360,274,1313
18200,56.124,34.661,2.037443,1.627441,0.410001,1.753418,1.614502,0.422941,128.6701,0.806562,0.0,114.82,0.0,0.994707,0.005293,51200,6587910,1537,15929,162,360,289,1317
18250,56.261,34.739,2.086686,1.65686,0.429826,1.768921,1.631714,0.454973,128.9266,0.835684,0.003699,116.1651,5.9e-05,0.99123,0.008711,51200,6601042,1515,16531,161,360,292,1322
18300,56.399,34.816,2.215742,1.697876,0.517866,1.835083,1.692993,0.522748,128.396,0.835742,0.0,114.3995,0.0,0.990586,0.009414,51200,6573877,1624,17442,165,361,294,1323
18350,56.534,34.893,2.201662,1.721802,0.47986,1.855591,1.711792,0.48987,128.0813,0.81043,0.0,112.861,0.0,0.985156,0.014844,51200,6557763,1571,18556,131,361,248,1323
18400,56.669,34.97,2.308805,1.821655,0.48715,1.949097,1.832153,0.476652,128.2545,0.793262,0.0,111.8029,0.0,0.988418,0.011582,51200,6566631,1617,20062,126,364,243,1326
18450,56.807,35.047,2.37393,1.90332,0.47061,2.046387,1.896851,0.47708,128.5238,0.769453,0.0,110.5862,0.0,0.99291,0.00709,51200,6580421,1590,21610,103,368,224,1329
18500,56.946,35.125,2.476954,2.009155,0.467798,2.143555,2.016113,0.46084,128.2439,0.761699,0.0,110.0465,0.0,0.988516,0.011484,51200,6566090,1589,23028,102,368,224,1329
18550,57.086,35.203,2.523454,2.050903,0.47255,2.184082,2.050049,0.473405,128.6237,0.751348,0.0,109.344,0.0,0.993867,0.006133,51200,6585532,1531,23706,101,370,224,1331
18600,57.226,35.281,2.560694,2.083984,0.47671,2.22583,2.098389,0.462306,128.3992,0.744629,0.0,108.5011,0.0,0.990391,0.009609,51200,6574037,1618,24003,86,377,191,1342
18650,57.368,35.36,2.652307,2.175049,0.477258,2.308838,2.196045,0.456262,128.3575,0.731113,0.0,107.2374,0.0,0.989844,0.010156,51200,6571902,1575,25846,90,381,199,1349
18700,57.511,35.439,2.782637,2.234131,0.548507,2.394897,2.259155,0.523482,128.1355,0.725918,0.0,105.7775,0.0,0.986797,0.013203,51200,6560537,1527,26329,95,383,202,1353
18750,57.656,35.519,2.798942,2.235596,0.563346,2.403809,2.25293,0.546012,128.6485,0.73666,0.008623,106.1869,0.000137,0.976875,0.022988,51200,6586802,1462,26395,99,386,205,1357
18800,57.804,35.602,2.809456,2.237183,0.572273,2.395264,2.251709,0.557747,152.9483,0.748066,0.166705,128.4242,0.003125,0.975371,0.021504,51200,7830954,1616,26057,96,386,185,1358
18850,57.952,35.686,2.903146,2.298828,0.604318,2.474365,2.328979,0.574167,140.962,0.779473,0.093291,115.9101,0.001621,0.981445,0.016934,51200,7217254,1633,27103,97,387,188,1359
18900,58.095,35.766,2.895036,2.28064,0.614397,2.456909,2.306641,0.588396,128.5107,0.792148,0.006168,105.3358,9.8e-05,0.98043,0.019473,51200,6579750,1573,26272,112,387,211,1364
18950,58.278,35.887,2.819308,2.24646,0.572848,2.417114,2.274048,0.54526,127.306,0.781992,0.001251,104.6406,2e-05,0.971465,0.028516,51200,6518067,1613,25772,135,390,246,1367
19000,58.438,35.972,2.78959,2.18689,0.602701,2.354004,2.220703,0.568887,127.056,0.787109,0.0,105.0449,0.0,0.970723,0.029277,51200,6505266,1574,24391,140,390,256,1367
19050,58.592,36.062,2.714366,2.133301,0.581065,2.286743,2.157227,0.557139,127.4796,0.785332,0.00121,106.5253,0.0,0.975098,0.024902,51200,6526958,1514,23133,170,390,279,1367
19100,58.733,36.144,2.736707,2.130981,0.605725,2.269897,2.122314,0.614392,140.3431,0.802637,0.091452,110.1392,0.001562,0.977109,0.021328,51200,7185568,1537,22718,174,390,284,1367
19150,58.88,36.226,2.794086,2.158447,0.635639,2.338257,2.166748,0.627338,127.6434,0.79877,0.0,107.3849,0.0,0.980391,0.019609,51200,6535343,1599,23985,171,390,281,1367
19200,59.027,36.311,2.82959,2.199219,0.630371,2.374512,2.219238,0.610351,127.6642,0.803301,0.0,106.6775,0.0,0.980977,0.019023,51200,6536408,1643,24197,182,390,288,1368
19250,59.166,36.39,2.848136,2.227661,0.620475,2.402588,2.250732,0.597404,127.7717,0.795918,0.001233,106.0956,2e-05,0.980234,0.019746,51200,6541911,1551,25004,190,390,300,1372
19300,59.305,36.471,3.010315,2.308105,0.70221,2.47522,2.34668,0.663636,128.6091,0.765508,0.008638,104.6045,0.000137,0.97793,0.021934,51200,6584785,1501,26545,180,390,276,1372
19350,59.447,36.553,2.901107,2.227905,0.673202,2.394043,2.26062,0.640487,142.184,0.769141,0.102686,115.8151,0.001797,0.979414,0.018789,51200,7279823,1636,25371,167,390,261,1372
19400,59.602,36.645,2.875152,2.252808,0.622344,2.409912,2.279053,0.596099,142.9971,0.766367,0.105389,117.1276,0.001855,0.984336,0.013809,51200,7321450,1589,25290,170,392,257,1373
19450,59.748,36.729,2.753595,2.064575,0.689019,2.219116,2.075195,0.678399,145.2614,0.768457,0.12017,120.2441,0.002148,0.983105,0.014746,51200,7437384,1542,22826,162,392,260,1373
19500,59.893,36.813,2.662144,2.039551,0.622593,2.202881,2.051147,0.610996,154.0857,0.780859,0.168787,126.3206,0.003203,0.98625,0.010547,51200,7889187,1557,22425,161,392,257,1373
19550,60.044,36.902,2.703509,2.045898,0.657611,2.203735,2.058105,0.645404,179.4046,0.793867,0.287152,140.866,0.006348,0.981797,0.011855,51200,9185516,1575,22571,158,392,250,1373
19600,60.191,36.988,2.641873,1.964722,0.677151,2.123047,1.980225,0.661648,174.1328,0.793184,0.265728,137.1107,0.005703,0.982012,0.012285,51200,8915597,1528,21596,158,396,268,1377
19650,60.344,37.078,2.519108,1.931885,0.587223,2.084351,1.936401,0.582707,185.9798,0.794824,0.31368,146.5582,0.007168,0.97832,0.014512,51200,9522166,1511,20931,172,398,268,1379
19700,60.492,37.165,2.443718,1.841064,0.602654,1.988037,1.851074,0.592644,180.44,0.792402,0.293879,143.699,0.006426,0.975117,0.018457,51200,9238526,1617,19393,175,398,278,1381
19750,60.639,37.25,2.473789,1.828247,0.645541,1.996704,1.840332,0.633457,166.5924,0.787383,0.235919,137.4429,0.004844,0.973906,0.02125,51200,8529530,1582,19501,174,398,276,1381
19800,60.786,37.334,2.415473,1.821167,0.594306,1.968384,1.813232,0.602241,160.4814,0.792168,0.205616,131.3119,0.004062,0.976621,0.019316,51200,8216647,1591,18874,175,398,286,1388
19850,60.924,37.413,2.501517,1.897949,0.603568,2.061523,1.912231,0.589286,128.0146,0.807988,0.0,112.1875,0.0,0.985273,0.014727,51200,6554347,1520,19857,174,398,278,1388
19900,61.064,37.492,2.437454,1.859497,0.577957,2.004028,1.866577,0.570877,128.1907,0.807461,0.000616,111.6065,0.0,0.985742,0.014258,51200,6563363,1591,19064,168,398,277,1392
19950,61.204,37.571,2.339243,1.768188,0.571055,1.914551,1.760986,0.578257,128.7707,0.818613,0.003909,113.2296,5.9e-05,0.988672,0.01127,51200,6593060,1578,18368,172,398,280,1392
20000,61.348,37.651,2.34728,1.774658,0.572621,1.916016,1.770508,0.576772,128.3503,0.81334,0.0,113.4744,0.0,0.990137,0.009863,51200,6571535,1596,18525,182,400,289,1394
20050,61.485,37.729,2.256146,1.708008,0.548138,1.831665,1.693726,0.56242,128.3197,0.824863,0.0,114.2002,0.0,0.989277,0.010723,51200,6569967,1626,17622,187,400,297,1394
20100,61.627,37.808,2.309707,1.753418,0.556289,1.889038,1.751709,0.557998,128.5635,0.827969,0.0,114.4376,0.0,0.993086,0.006914,51200,6582452,1586,17865,191,400,300,1394
20150,61.766,37.886,2.130106,1.626831,0.503275,1.760132,1.614624,0.515482,128.3577,0.829922,0.0,115.211,0.0,0.99,0.01,51200,6571912,1600,16204,190,400,299,1394
20200,61.903,37.963,2.23757,1.70459,0.532981,1.837158,1.698242,0.539328,128.3322,0.81793,0.0,115.2742,0.0,0.989434,0.010566,51200,6570610,1551,17567,195,401,307,1398
20250,62.042,38.041,2.202385,1.747192,0.455193,1.87854,1.733765,0.468621,128.2221,0.803145,0.0,114.9129,0.0,0.988203,0.011797,51200,6564972,1555,18528,189,401,305,1398
20300,62.179,38.118,2.348334,1.831787,0.516547,1.959351,1.824707,0.523627,128.2521,0.786523,0.0,113.7102,0.0,0.988027,0.011973,51200,6566508,1579,19877,177,402,303,1399
20350,62.327,38.204,2.398126,1.884033,0.514092,2.02063,1.884277,0.513848,128.3791,0.777051,0.0,112.1389,0.0,0.99041,0.00959,51200,6573008,1613,20658,171,402,292,1400
20400,62.467,38.282,2.509142,1.928101,0.581042,2.063477,1.923584,0.585558,128.2279,0.78498,6e-05,111.2975,0.0,0.988164,0.011836,51200,6565270,1488,20956,168,402,283,1400
20450,62.608,38.36,2.471228,1.905518,0.565711,2.029297,1.894287,0.576941,129.4526,0.78834,0.012044,111.9464,0.000195,0.982773,0.017031,51200,6627973,1589,21138,165,404,278,1408
20500,62.753,38.444,2.508678,1.89978,0.608897,2.039185,1.888428,0.62025,152.627,0.790469,0.163097,127.5215,0.003086,0.978301,0.018613,51200,7814500,1605,21091,176,404,277,1412
20550,62.903,38.532,2.536846,1.888184,0.648662,2.02478,1.875244,0.661602,154.9829,0.815312,0.17321,130.4897,0.00332,0.985547,0.011133,51200,7935125,1617,20955,178,406,287,1416
20600,63.071,38.619,2.498453,1.849487,0.648965,1.990845,1.845337,0.653116,157.5785,0.805527,0.186283,138.5488,0.003613,0.987812,0.008574,51200,8068021,1600,20381,184,406,297,1417
20650,63.232,38.718,2.504111,1.867676,0.636436,2.016357,1.865234,0.638877,164.6465,0.770391,0.222468,143.3972,0.004512,0.984316,0.011172,51200,8429899,1570,20566,194,406,308,1417
20700,63.375,38.801,2.5197,1.860352,0.659349,2.01709,1.87207,0.64763,155.6176,0.769004,0.179604,126.2708,0.003438,0.979102,0.017461,51200,7967619,1543,20510,198,410,298,1417
20750,63.517,38.883,2.640526,1.97644,0.664085,2.11145,1.970215,0.670311,146.8953,0.783457,0.128537,123.6602,0.002324,0.984395,0.013281,51200,7521037,1567,21782,204,412,309,1421
20800,63.658,38.965,2.644411,2.008179,0.636233,2.153809,2.014526,0.629885,143.6402,0.786504,0.108294,120.8746,0.001914,0.98543,0.012656,51200,7354377,1578,22783,198,414,298,1421
20850,63.798,39.045,2.596795,1.919067,0.677728,2.075928,1.927612,0.669183,139.1957,0.792344,0.079809,118.3813,0.001367,0.986367,0.012266,51200,7126819,1559,21129,191,415,284,1421
20900,63.936,39.123,2.578015,1.909424,0.668591,2.057007,1.910278,0.667736,128.1625,0.78375,0.0,109.9561,0.0,0.986973,0.013027,51200,6561918,1523,20779,187,415,280,1421
20950,64.075,39.202,2.483332,1.850586,0.632746,2.003418,1.841309,0.642023,128.2535,0.789746,0.0,110.8789,0.0,0.988711,0.011289,51200,6566580,1626,20128,172,415,272,1422
21000,64.217,39.284,2.508904,1.795776,0.713128,1.947754,1.804688,0.704216,145.8663,0.806094,0.123072,119.2121,0.002207,0.983379,0.014414,51200,7468357,1532,19696,168,415,273,1422
21050,64.356,39.362,2.444132,1.765625,0.678507,1.92627,1.768311,0.675822,130.3088,0.80252,0.017069,113.5353,0.000273,0.986406,0.01332,51200,6671808,1604,19516,165,415,275,1427
21100,64.493,39.44,2.390279,1.71521,0.675069,1.862915,1.705688,0.68459,127.8165,0.801309,0.0,113.1544,0.0,0.98168,0.01832,51200,6544205,1568,18238,168,415,283,1434
21150,64.629,39.518,2.281124,1.652466,0.628658,1.804077,1.645752,0.635372,127.8156,0.809453,0.0,114.1917,0.0,0.981172,0.018828,51200,6544159,1599,16558,169,415,286,1435
21200,64.765,39.596,2.429014,1.737915,0.691099,1.884155,1.740845,0.688169,133.4905,0.836523,0.041713,119.9568,0.000684,0.98207,0.017246,51200,6834713,1601,18036,176,415,292,1435
21250,64.901,39.675,2.401894,1.722656,0.679238,1.868774,1.722656,0.679238,133.5039,0.830312,0.039185,118.4485,0.000645,0.988379,0.010977,51200,6835402,1535,18239,186,415,312,1436
21300,65.04,39.755,2.327384,1.673462,0.653922,1.807861,1.672241,0.655143,144.3441,0.833594,0.109828,130.1132,0.001953,0.991914,0.006133,51200,7390417,1493,16742,188,415,308,1436
21350,65.178,39.834,2.332959,1.660645,0.672315,1.792358,1.646484,0.686475,128.9128,0.838242,0.003127,115.5729,3.9e-05,0.99209,0.007871,51200,6600335,1604,16385,197,415,320,1440
21400,65.314,39.912,2.183011,1.549683,0.633328,1.688232,1.535522,0.647489,128.6349,0.860996,0.0,116.6933,0.0,0.994707,0.005293,51200,6586108,1553,14819,198,415,327,1444
21450,65.449,39.989,2.245684,1.608765,0.63692,1.73877,1.597656,0.648028,128.4055,0.838789,0.0,116.2291,0.0,0.990684,0.009316,51200,6574363,1587,16366,201,415,330,1444
21500,65.587,40.066,2.370087,1.74585,0.624237,1.891846,1.738281,0.631806,128.4998,0.827148,0.000219,114.9969,0.0,0.991953,0.008047,51200,6579190,1491,18337,198,415,314,1444
21550,65.727,40.145,2.464925,1.76709,0.697836,1.907227,1.760986,0.703939,128.3593,0.850801,0.00121,113.8444,2e-05,0.988574,0.011406,51200,6571994,1531,18029,197,415,313,1444
21600,65.865,40.225,2.634451,1.87561,0.758841,2.021606,1.890137,0.744314,132.2274,0.856602,0.031191,115.2572,0.000508,0.986699,0.012793,51200,6770043,1600,19382,203,415,317,1444
21650,66.005,40.306,2.567151,1.858032,0.709119,2.023682,1.880005,0.687146,143.3418,0.853086,0.105149,121.9188,0.001855,0.989082,0.009062,51200,7339098,1534,18768,201,415,304,1444
21700,66.146,40.388,2.669643,1.908325,0.761318,2.076904,1.924072,0.74557,145.664,0.842227,0.118621,121.7905,0.002129,0.990234,0.007637,51200,7457995,1551,19763,213,415,304,1444
21750,66.285,40.47,2.605082,1.817261,0.787821,1.983032,1.832397,0.772685,144.9445,0.829473,0.113797,121.3378,0.002031,0.991113,0.006855,51200,7421159,1546,18522,219,418,316,1445
21800,66.421,40.55,2.604854,1.82605,0.778804,2.000854,1.841064,0.76379,136.7413,0.824082,0.062595,116.2664,0.001055,0.987227,0.011719,51200,7001157,1522,18910,221,426,314,1449
21850,66.56,40.63,2.503415,1.740967,0.762448,1.910278,1.753662,0.749753,139.8157,0.830879,0.083802,123.4303,0.001445,0.985723,0.012832,51200,7158565,1556,17047,212,427,305,1450
21900,66.697,40.71,2.489164,1.715332,0.773832,1.873779,1.721802,0.767362,143.3766,0.82793,0.106682,121.5226,0.001875,0.985723,0.012402,51200,7340882,1570,17278,221,427,301,1450
21950,66.834,40.788,2.527269,1.75708,0.770188,1.907959,1.756714,0.770555,128.2737,0.828613,0.0,113.7322,0.0,0.988125,0.011875,51200,6567615,1671,19027,211,427,298,1450
22000,66.972,40.867,2.511069,1.805908,0.705161,1.953857,1.801147,0.709922,128.6114,0.833086,0.0,113.9255,0.0,0.994062,0.005938,51200,6584903,1568,18879,207,428,292,1451
22050,67.109,40.945,2.530101,1.779663,0.750437,1.933838,1.778931,0.75117,128.6333,0.837559,0.0,113.5731,0.0,0.994062,0.005938,51200,6586024,1629,19303,205,429,290,1452
22100,67.249,41.023,2.464781,1.73291,0.731871,1.875732,1.722168,0.742613,128.584,0.826484,0.0,113.7707,0.0,0.99332,0.00668,51200,6583501,1579,18662,206,429,295,1454
22150,67.387,41.101,2.42874,1.726685,0.702056,1.878662,1.717773,0.710967,128.2432,0.808359,0.0,113.5756,0.0,0.98877,0.01123,51200,6566050,1590,19040,197,430,292,1454
22200,67.525,41.179,2.512929,1.804077,0.708852,1.950439,1.799072,0.713857,128.3724,0.796934,0.0,113.2417,0.0,0.990254,0.009746,51200,6572668,1579,19632,191,430,277,1454
22250,67.662,41.258,2.450529,1.699951,0.750578,1.845459,1.692871,0.757658,128.6137,0.811582,0.0,113.6524,0.0,0.993672,0.006328,51200,6585022,1507,18706,211,437,280,1459
22300,67.801,41.336,2.457338,1.717041,0.740297,1.871338,1.708618,0.74872,128.7006,0.824219,0.0,114.7175,0.0,0.995137,0.004863,51200,6589469,1566,18287,219,440,286,1463
22350,67.938,41.414,2.475916,1.696655,0.779261,1.842651,1.682983,0.792932,128.4973,0.815547,0.0,114.1668,0.0,0.991973,0.008027,51200,6579063,1671,17535,215,444,288,1467
22400,68.078,41.492,2.492065,1.722412,0.769653,1.875244,1.712036,0.780029,128.2556,0.830898,0.0,114.1754,0.0,0.988477,0.011523,51200,6566688,1636,17677,212,444,279,1467
22450,68.213,41.57,2.440078,1.663452,0.776626,1.819458,1.670166,0.769912,128.6855,0.836758,0.0,115.3641,0.0,0.995,0.005,51200,6588699,1553,17547,222,449,301,1473
22500,68.349,41.648,2.468796,1.697876,0.77092,1.858154,1.692871,0.775925,128.5356,0.815977,0.000351,114.903,0.0,0.991992,0.008008,51200,6581022,1563,18411,210,449,278,1473
22550,68.487,41.727,2.527199,1.773315,0.753884,1.90918,1.772217,0.754982,133.863,0.811953,0.039143,117.3183,0.000312,0.993672,0.006016,51200,6853785,1650,19329,224,452,291,1476
22600,68.625,41.805,2.57109,1.817017,0.754074,1.957397,1.819214,0.751876,130.6579,0.808613,0.013849,114.2646,0.0,0.997812,0.002188,51200,6689687,1589,19944,217,452,286,1478
22650,68.766,41.886,2.594343,1.821899,0.772444,1.974243,1.827881,0.766462,128.6275,0.80582,0.0,112.8296,0.0,0.994707,0.005293,51200,6585730,1507,19968,215,454,284,1482
22700,68.906,41.965,2.475379,1.745972,0.729408,1.901733,1.740479,0.734901,132.0117,0.817832,0.027754,116.7875,0.000449,0.990488,0.009062,51200,6758998,1578,18600,215,457,290,1486
22750,69.047,42.044,2.426474,1.736206,0.690268,1.876465,1.733887,0.692587,138.3215,0.819199,0.071057,120.1095,0.001211,0.992109,0.00668,51200,7082059,1605,18208,216,458,291,1493
22800,69.187,42.122,2.472048,1.724854,0.747195,1.881104,1.729004,0.743044,128.484,0.810137,0.0,114.652,0.0,0.991953,0.008047,51200,6578382,1503,18623,223,460,309,1496
22850,69.324,42.202,2.698884,1.91394,0.784943,2.06189,1.935547,0.763337,128.7154,0.833438,0.001301,113.2942,2e-05,0.992578,0.007402,51200,6590229,1573,21134,212,464,297,1499
22900,69.465,42.285,2.731957,1.925171,0.806786,2.095581,1.949219,0.782738,142.8262,0.836465,0.101102,125.7398,0.001777,0.99082,0.007402,51200,7312700,1495,20757,206,464,286,1499
22950,69.604,42.366,2.660051,1.899536,0.760515,2.068726,1.918213,0.741838,143.7901,0.825996,0.109214,124.8525,0.001934,0.985527,0.012539,51200,7362054,1561,20333,209,464,288,1499
23000,69.741,42.446,2.621896,1.873291,0.748605,2.027466,1.880371,0.741525,139.5633,0.799531,0.084074,117.2071,0.001445,0.981387,0.017168,51200,7145640,1639,20467,205,471,285,1504
23050,69.88,42.524,2.595849,1.829346,0.766504,1.970947,1.833984,0.761865,133.1805,0.794551,0.039051,117.068,0.000645,0.983535,0.01582,51200,6818841,1494,19107,207,472,289,1505
23100,70.015,42.603,2.564659,1.792114,0.772545,1.939819,1.80127,0.76339,135.1387,0.787285,0.05438,118.6368,0.000918,0.980684,0.018398,51200,6919102,1632,19413,209,478,281,1510
23150,70.155,42.684,2.608664,1.857544,0.75112,1.987061,1.858521,0.750143,149.7971,0.783711,0.143636,128.6558,0.002656,0.986895,0.010449,51200,7669610,1577,19949,194,478,262,1511
23200,70.29,42.763,2.708646,1.886963,0.821684,2.036255,1.896118,0.812528,128.9222,0.803281,0.003847,113.1645,5.9e-05,0.990996,0.008945,51200,6600816,1518,21386,201,481,268,1511
23250,70.43,42.845,2.71671,1.92749,0.78922,2.083618,1.940674,0.776036,139.4025,0.816523,0.077592,119.1802,0.001211,0.992051,0.006738,51200,7137408,1573,21355,198,483,265,1513
23300,70.572,42.928,2.826086,1.996582,0.829504,2.155273,2.020264,0.805822,152.5809,0.823223,0.16052,126.5098,0.003008,0.984453,0.012539,51200,7812144,1617,22364,211,495,278,1525
23350,70.713,43.011,2.839505,2.000854,0.838651,2.160522,2.01416,0.825345,138.5257,0.831953,0.073977,117.2001,0.00127,0.988574,0.010156,51200,7092514,1527,21812,206,496,268,1526
23400,70.852,43.093,2.841121,2.022583,0.818538,2.189575,2.049316,0.791805,138.8109,0.824492,0.074174,114.4901,0.00127,0.991895,0.006836,51200,7107117,1640,21975,209,496,271,1526
23450,70.989,43.174,2.744375,1.959595,0.784781,2.129028,1.981079,0.763296,137.4015,0.836113,0.063868,114.2033,0.001074,0.99377,0.005156,51200,7034955,1581,20732,202,498,259,1528
23500,71.121,43.253,2.746837,1.934814,0.812022,2.087158,1.94458,0.802257,128.3103,0.838906,0.0,110.227,0.0,0.989355,0.010645,51200,6569489,1575,20445,204,502,253,1532
23550,71.258,43.332,2.77008,1.914917,0.855163,2.079956,1.927246,0.842834,128.1047,0.828184,0.0,109.8472,0.0,0.986406,0.013594,51200,6558963,1592,20561,197,504,247,1534
23600,71.396,43.41,2.794982,1.965332,0.82965,2.140869,1.998291,0.796691,128.3977,0.83168,0.001219,109.9773,2e-05,0.988555,0.011426,51200,6573960,1536,21343,203,515,255,1538
23650,71.531,43.489,2.726689,1.950195,0.776494,2.106445,1.966553,0.760137,128.1669,0.81875,0.0,109.7571,0.0,0.987461,0.012539,51200,6562144,1535,20929,196,519,252,1544
23700,71.667,43.567,2.776463,1.96875,0.807713,2.137573,1.994751,0.781712,128.1521,0.808965,0.0,109.3919,0.0,0.988242,0.011758,51200,6561389,1578,21272,195,521,246,1546
23750,71.803,43.646,2.782323,1.967896,0.814427,2.12146,1.974854,0.807469,128.067,0.81293,0.0,109.4853,0.0,0.987695,0.012305,51200,6557031,1649,21576,195,521,258,1550
23800,71.945,43.729,2.844264,2.045654,0.798609,2.203491,2.045898,0.798365,127.725,0.79418,0.0,108.5596,0.0,0.982637,0.017363,51200,6539518,1593,22719,219,524,276,1553
23850,72.083,43.808,2.757592,1.956421,0.801171,2.101685,1.957642,0.799951,127.6765,0.792051,0.0,109.1872,0.0,0.980625,0.019375,51200,6537039,1663,21506,226,528,269,1555
23900,72.221,43.887,2.617265,1.878662,0.738603,2.023071,1.878906,0.738359,129.5422,0.80082,0.013184,111.5747,0.000215,0.982266,0.01752,51200,6632562,1601,20163,226,528,265,1555
23950,72.359,43.966,2.563566,1.848145,0.715422,1.982544,1.848145,0.715422,133.4989,0.821387,0.040502,114.4013,0.000664,0.986914,0.012422,51200,6835144,1654,19298,224,528,271,1555
24000,72.499,44.048,2.562499,1.831421,0.731078,1.96936,1.829956,0.732543,139.9997,0.830098,0.084986,114.6395,0.001465,0.986602,0.011934,51200,7167987,1641,18735,207,528,254,1556
24050,72.638,44.129,2.602852,1.855103,0.747749,1.995361,1.85144,0.751411,143.8819,0.83041,0.109308,116.1241,0.001934,0.986875,0.011191,51200,7366754,1569,20230,191,530,246,1564
24100,72.778,44.209,2.502681,1.805542,0.697139,1.946045,1.789307,0.713374,144.0476,0.815605,0.111292,116.1308,0.001973,0.985195,0.012832,51200,7375238,1522,19647,185,534,246,1569
24150,72.922,44.292,2.587156,1.83374,0.753416,1.982788,1.833984,0.753172,143.097,0.796406,0.105306,116.09,0.001855,0.985254,0.012891,51200,7326565,1538,20055,191,539,262,1572
24200,73.064,44.373,2.535489,1.838623,0.696866,1.994385,1.844482,0.691007,141.8517,0.805527,0.095856,114.6075,0.00166,0.988535,0.009805,51200,7262809,1602,20488,189,541,264,1577
24250,73.209,44.457,2.567782,1.845093,0.722689,1.981079,1.83667,0.731112,134.7022,0.790254,0.050669,113.0159,0.00084,0.983242,0.015918,51200,6896751,1496,20714,180,541,250,1578
24300,73.348,44.536,2.516898,1.814941,0.701957,1.961914,1.802612,0.714286,133.8706,0.780391,0.046218,115.6088,0.000762,0.97957,0.019668,51200,6854175,1627,20111,180,541,265,1587
24350,73.491,44.617,2.482025,1.82251,0.659515,1.958862,1.812378,0.669647,151.0733,0.785684,0.152425,129.0528,0.002832,0.985957,0.011211,51200,7734951,1601,19313,193,542,278,1587
24400,73.632,44.698,2.49443,1.845703,0.648727,1.976807,1.837769,0.656661,148.1729,0.776875,0.135364,126.7252,0.002461,0.98707,0.010469,51200,7586451,1582,19505,212,542,302,1587
24450,73.775,44.782,2.521595,1.8396,0.681995,1.973877,1.826904,0.694691,159.1592,0.77457,0.19458,132.7545,0.003809,0.988047,0.008145,51200,8148951,1587,19668,227,543,305,1587
24500,73.915,44.863,2.539146,1.813599,0.725547,1.963623,1.805908,0.733238,150.3941,0.809766,0.147872,127.2304,0.002734,0.987598,0.009668,51200,7700177,1567,19955,230,543,299,1587
24550,74.054,44.941,2.569585,1.845947,0.723638,2.002686,1.843872,0.725713,129.2966,0.824785,0.006206,113.3908,9.8e-05,0.992109,0.007793,51200,6619986,1599,20080,216,543,292,1587
24600,74.195,45.02,2.484552,1.799438,0.685114,1.958618,1.797241,0.687311,128.3534,0.836035,0.0,112.5418,0.0,0.99,0.01,51200,6571694,1627,19008,222,543,297,1587
24650,74.332,45.098,2.55118,1.744751,0.806429,1.88501,1.744751,0.806429,128.336,0.848379,0.0,113.4722,0.0,0.989707,0.010293,51200,6570803,1561,18533,215,543,307,1589
24700,74.47,45.177,2.639889,1.861816,0.778073,2.000244,1.859253,0.780637,128.2528,0.842812,0.0,112.7835,0.0,0.988105,0.011895,51200,6566544,1586,20172,218,543,308,1589
24750,74.607,45.257,2.649845,1.867065,0.782779,2.016235,1.867432,0.782413,128.3844,0.858262,0.0,111.4988,0.0,0.990684,0.009316,51200,6573281,1585,20565,222,545,319,1599
24800,74.746,45.338,2.821973,2.019775,0.802198,2.182129,2.03064,0.791334,136.7239,0.841035,0.065125,114.8738,0.001094,0.982266,0.016641,51200,7000264,1606,22959,200,546,292,1600
24850,74.886,45.419,2.77916,1.978394,0.800766,2.140747,1.994263,0.784897,135.3807,0.831387,0.051761,115.3751,0.000859,0.991055,0.008086,51200,6931490,1475,22484,189,547,283,1601
24900,75.023,45.498,2.74851,1.932251,0.816259,2.084717,1.937622,0.810888,128.6921,0.825176,0.001219,108.6318,2e-05,0.993145,0.006836,51200,6589037,1540,21592,179,548,270,1602
24950,75.158,45.577,2.784502,1.96936,0.815141,2.129272,1.974609,0.809892,128.543,0.804785,0.0,109.0431,0.0,0.993047,0.006953,51200,6581400,1543,22025,196,549,263,1602
25000,75.298,45.657,2.703966,1.895508,0.808458,2.049927,1.903198,0.800768,128.4446,0.813965,0.0,109.9142,0.0,0.991543,0.008457,51200,6576361,1562,20655,197,549,265,1604
25050,75.436,45.736,2.661429,1.874634,0.786795,2.039795,1.869629,0.7918,132.518,0.826504,0.032093,114.6863,0.000527,0.98873,0.010742,51200,6784923,1673,20619,201,552,268,1612
25100,75.576,45.816,2.78079,1.985596,0.795195,2.156006,2.001343,0.779448,137.5675,0.813887,0.065308,119.2063,0.001113,0.991934,0.006953,51200,7043455,1587,21937,221,559,287,1619
25150,75.712,45.895,2.764347,1.992065,0.772282,2.1604,2.017212,0.747135,128.661,0.801777,0.0,109.439,0.0,0.994531,0.005469,51200,6587443,1638,21937,226,559,285,1619
25200,75.85,45.975,2.728517,1.99707,0.731447,2.164062,2.02002,0.708498,128.36,0.791191,0.0,108.452,0.0,0.990234,0.009766,51200,6572030,1540,22183,228,559,287,1620
25250,76.005,46.065,2.622195,1.878906,0.743288,2.032959,1.880493,0.741701,128.4532,0.801797,0.0,109.9139,0.0,0.991602,0.008398,51200,6576802,1587,21023,225,559,285,1623
25300,76.145,46.145,2.519867,1.793457,0.72641,1.927368,1.777832,0.742035,128.462,0.802832,1.4e-05,111.1134,0.0,0.991133,0.008867,51200,6577253,1629,19595,221,560,279,1625
25350,76.286,46.224,2.718617,1.921509,0.797108,2.079468,1.93811,0.780507,128.4923,0.809648,0.0,111.3989,0.0,0.992168,0.007832,51200,6578805,1511,21795,220,560,274,1625
25400,76.43,46.308,2.603201,1.856079,0.747122,2.011108,1.859985,0.743216,134.9771,0.814297,0.04818,114.2606,0.000781,0.991855,0.007363,51200,6910828,1633,20374,214,560,268,1625
25450,76.569,46.386,2.564783,1.800049,0.764734,1.946777,1.792358,0.772425,128.327,0.80957,0.0,111.895,0.0,0.989688,0.010312,51200,6570344,1581,20067,212,560,269,1625
25500,76.709,46.465,2.399914,1.67688,0.723034,1.820801,1.664551,0.735363,128.5851,0.817188,0.0,113.9966,0.0,0.993652,0.006348,51200,6583556,1581,18203,200,560,283,1629
25550,76.85,46.543,2.293541,1.646973,0.646569,1.782593,1.633789,0.659752,130.7613,0.813203,0.016693,117.5685,0.000273,0.992734,0.006992,51200,6694977,1545,17223,201,560,279,1629
25600,76.99,46.623,2.345721,1.637451,0.70827,1.785034,1.633057,0.712664,129.335,0.844355,0.006038,116.9095,9.8e-05,0.993125,0.006777,51200,6621950,1545,17328,218,561,309,1630
25650,77.134,46.701,2.347933,1.637207,0.710726,1.771362,1.62561,0.722323,128.49,0.855195,0.0,115.2246,0.0,0.992305,0.007695,51200,6578686,1606,17847,214,561,308,1630
25700,77.274,46.779,2.26774,1.580688,0.687051,1.716675,1.566772,0.700967,128.4019,0.853535,0.0,116.3131,0.0,0.990352,0.009648,51200,6574176,1533,15516,214,564,307,1631
25750,77.413,46.858,2.301466,1.58606,0.715406,1.721924,1.56958,0.731886,128.5359,0.859531,0.000241,116.7768,0.0,0.992402,0.007598,51200,6581038,1537,16299,211,565,312,1632
25800,77.548,46.936,2.254586,1.556763,0.697823,1.69165,1.537476,0.71711,128.1651,0.846348,5.9e-05,116.2609,0.0,0.987129,0.012871,51200,6562055,1580,16344,208,565,308,1632
25850,77.689,47.013,2.250535,1.584106,0.666428,1.732178,1.574707,0.675828,128.3691,0.832168,0.0,116.5246,0.0,0.990234,0.009766,51200,6572498,1582,16117,212,567,310,1634
25900,77.831,47.095,2.170334,1.540649,0.629684,1.678955,1.520996,0.649338,128.2867,0.831992,0.0,116.9438,0.0,0.98877,0.01123,51200,6568277,1561,15848,206,569,310,1634
25950,77.971,47.173,2.338812,1.649902,0.688909,1.791504,1.629517,0.709295,129.5666,0.820371,0.007482,116.8453,0.0,0.993594,0.006406,51200,6633810,1606,17157,206,569,308,1634
26000,78.111,47.251,2.383337,1.675415,0.707922,1.806152,1.651855,0.731482,128.784,0.840781,0.001969,115.3862,2e-05,0.992441,0.007539,51200,6593739,1532,17348,207,569,301,1634
26050,78.25,47.329,2.391444,1.650513,0.740932,1.783936,1.646973,0.744472,128.4357,0.838379,1.5e-05,115.3216,0.0,0.991406,0.008594,51200,6575909,1508,17322,196,570,298,1634
26100,78.393,47.41,2.395613,1.681885,0.713728,1.824951,1.679565,0.716048,129.7695,0.833223,0.009692,116.1023,7.8e-05,0.992324,0.007598,51200,6644196,1521,17357,208,572,317,1634
26150,78.53,47.488,2.448489,1.657349,0.791141,1.80249,1.653564,0.794925,128.5182,0.834062,0.0,114.5182,0.0,0.992539,0.007461,51200,6580133,1600,18052,204,574,313,1636
26200,78.668,47.566,2.337783,1.635254,0.702529,1.792725,1.632202,0.70558,128.4852,0.824043,0.0,114.9864,0.0,0.991758,0.008242,51200,6578443,1548,16930,210,575,321,1638
26250,78.804,47.643,2.394852,1.689575,0.705277,1.825073,1.687866,0.706986,129.6632,0.8125,0.008486,115.6414,0.000137,0.993145,0.006719,51200,6638754,1576,18304,198,575,309,1638
26300,78.939,47.72,2.374383,1.702026,0.672357,1.842529,1.706909,0.667474,128.6808,0.800449,0.000682,113.8986,0.0,0.993555,0.006445,51200,6588458,1555,18017,200,577,316,1644
26350,79.074,47.798,2.424064,1.745605,0.678459,1.890503,1.743286,0.680778,129.7869,0.808301,0.01016,114.1189,0.000156,0.991836,0.008008,51200,6645087,1612,18917,186,577,300,1646
26400,79.211,47.876,2.519248,1.816772,0.702476,1.970947,1.830444,0.688804,128.6338,0.821582,0.001424,112.9291,2e-05,0.991543,0.008438,51200,6586053,1649,19281,184,577,299,1653
26450,79.346,47.953,2.47445,1.753296,0.721154,1.889526,1.748779,0.72567,128.3619,0.830488,0.000292,112.4657,0.0,0.989258,0.010742,51200,6572129,1601,18332,197,577,295,1657
26500,79.485,48.031,2.50142,1.768066,0.733354,1.91748,1.762573,0.738847,127.9361,0.83459,0.0,112.5962,0.0,0.983633,0.016367,51200,6550329,1555,18381,192,577,291,1657
26550,79.625,48.109,2.577273,1.859497,0.717776,2.010254,1.864502,0.712772,127.9921,0.829883,0.0,112.3654,0.0,0.984902,0.015098,51200,6553196,1546,20066,190,577,280,1658
26600,79.768,48.193,2.650366,1.899536,0.75083,2.050293,1.908447,0.741919,128.4814,0.812324,0.002905,110.6139,3.9e-05,0.985508,0.014453,51200,6578247,1653,20780,186,579,269,1659
26650,79.911,48.271,2.576969,1.880127,0.696842,2.00293,1.876465,0.700504,128.2971,0.79707,0.0,110.6137,0.0,0.989336,0.010664,51200,6568814,1568,20308,190,579,272,1659
26700,80.06,48.35,2.565933,1.908691,0.657242,2.042603,1.905396,0.660538,128.6762,0.776016,0.0,111.4117,0.0,0.994824,0.005176,51200,6588221,1619,21349,189,585,267,1659
26750,80.198,48.429,2.538566,1.863647,0.674919,1.997192,1.863525,0.675041,128.6882,0.780449,0.0,111.4077,0.0,0.995332,0.004668,51200,6588836,1525,20612,185,585,263,1660
26800,80.337,48.506,2.586823,1.896973,0.689851,2.036865,1.897339,0.689485,128.3269,0.771016,0.0,111.2046,0.0,0.989922,0.010078,51200,6570339,1538,20721,180,585,260,1661
26850,80.476,48.584,2.668154,2.007935,0.66022,2.121216,1.998535,0.669619,128.3898,0.783672,0.0,110.5283,0.0,0.990371,0.009629,51200,6573559,1526,21667,180,586,254,1662
26900,80.619,48.666,2.653102,1.963623,0.689479,2.091675,1.962158,0.690944,128.265,0.790312,0.0,109.2082,0.0,0.988652,0.011348,51200,6567168,1515,21574,189,586,258,1663
26950,80.762,48.748,2.585209,1.909912,0.675297,2.040771,1.900391,0.684819,128.3643,0.79707,0.000596,111.0485,0.0,0.988398,0.011602,51200,6572253,1628,20847,203,586,267,1663
27000,80.9,48.826,2.588712,1.958008,0.630704,2.082397,1.945679,0.643033,128.1306,0.785391,0.0,110.2011,0.0,0.986934,0.013066,51200,6560289,1559,21573,200,589,260,1667
27050,81.04,48.905,2.550314,1.90686,0.643453,2.035522,1.896362,0.653951,128.2674,0.791465,0.0,111.0659,0.0,0.989141,0.010859,51200,6567292,1592,20339,205,591,267,1672
27100,81.18,48.986,2.625159,1.957031,0.668128,2.096436,1.955688,0.669471,134.7576,0.784102,0.051504,115.199,0.000859,0.981328,0.017812,51200,6899587,1592,21512,205,598,269,1677
27150,81.324,49.067,2.684371,1.995728,0.688644,2.126221,1.996582,0.687789,131.8887,0.775,0.030074,112.8163,0.000488,0.983652,0.015859,51200,6752701,1618,22344,197,598,260,1677
27200,81.473,49.154,2.675933,1.98877,0.687163,2.125488,1.988159,0.687774,144.0735,0.74793,0.115599,123.184,0.002051,0.975859,0.02209,51200,7376562,1585,22354,170,598,238,1681
27250,81.62,49.237,2.726355,2.071045,0.65531,2.192627,2.06958,0.656775,148.0489,0.755859,0.137248,123.0556,0.0025,0.980176,0.017324,51200,7580103,1612,23251,159,598,226,1681
27300,81.768,49.322,2.831717,2.127441,0.704276,2.244629,2.134155,0.697562,147.766,0.770176,0.135303,118.8151,0.002461,0.981504,0.016035,51200,7565620,1620,23629,163,599,240,1688
27350,81.911,49.401,2.8527,2.158936,0.693765,2.296265,2.173584,0.679116,128.1377,0.777598,0.0,107.5887,0.0,0.986973,0.013027,51200,6560649,1555,24184,164,600,244,1689
27400,82.054,49.482,2.730039,2.037231,0.692807,2.168945,2.05835,0.671689,127.892,0.797656,0.0,108.0107,0.0,0.983613,0.016387,51200,6548069,1539,22621,166,600,243,1689
27450,82.196,49.561,2.725625,1.953735,0.77189,2.078613,1.961426,0.764199,127.8421,0.783164,0.0,108.573,0.0,0.983887,0.016113,51200,6545513,1539,21465,164,600,233,1689
27500,82.341,49.643,2.617474,1.929688,0.687786,2.063232,1.933594,0.68388,127.8068,0.772715,0.0,108.8002,0.0,0.98373,0.01627,51200,6543708,1579,20879,197,603,264,1689
27550,82.481,49.721,2.52275,1.887573,0.635176,2.021606,1.882568,0.640181,127.7828,0.769805,0.0,110.8757,0.0,0.984375,0.015625,51200,6542478,1579,20641,218,603,296,1697
27600,82.621,49.799,2.50816,1.839233,0.668926,1.983521,1.839355,0.668804,128.2499,0.789688,0.0,112.2153,0.0,0.988945,0.011055,51200,6566396,1574,19896,214,603,278,1697
27650,82.762,49.877,2.495276,1.785278,0.709998,1.921265,1.776733,0.718543,128.6334,0.802812,0.0,113.1497,0.0,0.993809,0.006191,51200,6586029,1577,18833,216,603,284,1697
27700,82.9,49.955,2.423017,1.700928,0.722089,1.839233,1.700562,0.722455,128.733,0.815879,0.0,114.0309,0.0,0.995723,0.004277,51200,6591132,1581,17847,185,603,288,1698
27750,83.039,50.034,2.538632,1.800049,0.738583,1.947876,1.801025,0.737607,128.5589,0.832734,0.0,113.5908,0.0,0.993223,0.006777,51200,6582217,1620,19481,191,603,300,1700
27800,83.193,50.12,2.400595,1.67627,0.724325,1.804932,1.670532,0.730062,128.6479,0.863965,0.0,114.223,0.0,0.994277,0.005723,51200,6586773,1568,17721,187,603,298,1700
27850,83.332,50.199,2.241222,1.592407,0.648815,1.720215,1.57605,0.665172,128.8162,0.843379,0.0,115.7905,0.0,0.996875,0.003125,51200,6595392,1565,16369,196,603,311,1700
27900,83.473,50.276,2.284919,1.620361,0.664557,1.749512,1.605469,0.67945,128.7768,0.833359,0.0,116.4137,0.0,0.996348,0.003652,51200,6593372,1634,16629,205,608,323,1707
27950,83.613,50.356,2.334382,1.683228,0.651154,1.821533,1.668701,0.665681,128.6209,0.814961,5.2e-05,115.1799,0.0,0.994004,0.005996,51200,6585389,1501,18035,196,608,323,1708
28000,83.753,50.434,2.434717,1.780518,0.6542,1.91272,1.770874,0.663843,128.5856,0.834121,0.0,114.265,0.0,0.993516,0.006484,51200,6583582,1559,19306,194,608,330,1708
28050,83.891,50.513,2.345297,1.738037,0.60726,1.884521,1.739502,0.605795,128.5014,0.825117,0.0,113.5363,0.0,0.992012,0.007988,51200,6579274,1643,18707,190,608,313,1708
28100,84.029,50.591,2.456517,1.771362,0.685154,1.927368,1.787842,0.668675,128.3997,0.827715,0.0,112.2599,0.0,0.990723,0.009277,51200,6574064,1558,18780,193,608,316,1712
28150,84.167,50.67,2.512863,1.833862,0.679001,1.991211,1.850708,0.662155,128.5239,0.812051,0.0,111.7421,0.0,0.992656,0.007344,51200,6580424,1657,19871,183,608,299,1712
28200,84.303,50.748,2.542917,1.80481,0.738107,1.960449,1.815186,0.727731,128.2797,0.812676,0.0,111.1058,0.0,0.988984,0.011016,51200,6567922,1567,19417,186,608,295,1717
28250,84.438,50.826,2.617155,1.871826,0.745329,2.039062,1.900146,0.717009,127.8983,0.804805,0.0,110.9272,0.0,0.983086,0.016914,51200,6548393,1549,20563,175,608,277,1717
28300,84.576,50.904,2.645663,1.883423,0.76224,2.0354,1.887817,0.757846,128.0382,0.817871,1.1e-05,110.5206,0.0,0.985586,0.014414,51200,6555554,1588,20062,174,608,276,1717
28350,84.714,50.983,2.495345,1.817139,0.678206,1.948975,1.821777,0.673567,128.256,0.820859,0.0,112.2109,0.0,0.98793,0.01207,51200,6566706,1606,18716,181,608,286,1717
28400,84.852,51.062,2.514198,1.792358,0.72184,1.93103,1.791748,0.72245,128.4325,0.823184,0.0,112.7986,0.0,0.99127,0.00873,51200,6575746,1603,19187,182,608,287,1718
28450,84.993,51.143,2.543355,1.866211,0.677144,2.00769,1.874146,0.66921,129.9576,0.811855,0.010992,111.975,0.000176,0.992871,0.006953,51200,6653829,1600,19984,186,608,286,1718
28500,85.133,51.225,2.605963,1.907227,0.698737,2.054077,1.915161,0.690802,142.871,0.791836,0.103293,112.1914,0.001816,0.986777,0.011406,51200,7314997,1593,20961,168,608,266,1718
28550,85.276,51.308,2.697089,1.97876,0.718329,2.127075,1.985962,0.711127,143.9491,0.774336,0.10809,111.4049,0.001914,0.990723,0.007363,51200,7370195,1615,21478,178,608,275,1718
28600,85.418,51.389,2.681642,1.981812,0.699831,2.135376,1.991211,0.690432,144.1258,0.779023,0.107947,111.0239,0.001914,0.993438,0.004648,51200,7379241,1563,21329,181,608,271,1718
28650,85.56,51.473,2.655235,1.973633,0.681602,2.128662,1.986938,0.668296,143.4833,0.807715,0.105162,110.5348,0.001855,0.990723,0.007422,51200,7346344,1504,21530,179,608,260,1718
28700,85.701,51.555,2.694281,2.008911,0.68537,2.172363,2.028931,0.66535,144.7287,0.801094,0.112987,110.595,0.002012,0.990664,0.007324,51200,7410107,1526,22887,168,610,241,1718
28750,85.846,51.641,2.645911,1.957397,0.688514,2.119019,1.972046,0.673865,146.2661,0.804102,0.122637,110.237,0.002207,0.990488,0.007305,51200,7488824,1520,21716,165,610,232,1718
28800,86.006,51.733,2.668147,1.983154,0.684992,2.15625,1.996582,0.671565,143.9898,0.788047,0.111372,110.5958,0.001973,0.985527,0.0125,51200,7372276,1591,22379,171,610,237,1719
28850,86.147,51.815,2.499516,1.849487,0.650029,1.999146,1.848633,0.650883,150.2446,0.783418,0.147167,117.3661,0.002734,0.98625,0.011016,51200,7692523,1558,20180,169,610,236,1724
28900,86.29,51.899,2.523311,1.871216,0.652095,2.032471,1.881958,0.641353,158.0381,0.800566,0.189498,125.6851,0.003691,0.986289,0.01002,51200,8091552,1650,20314,165,610,235,1724
28950,86.433,51.982,2.61731,1.947388,0.669923,2.102783,1.960815,0.656495,162.8145,0.78877,0.213269,126.5284,0.004277,0.986504,0.009219,51200,8336104,1565,21400,172,610,249,1726
29000,86.579,52.066,2.625943,1.927979,0.697965,2.092163,1.93335,0.692593,158.8371,0.796523,0.193595,124.9031,0.003789,0.986758,0.009453,51200,8132459,1611,21354,188,610,258,1726
29050,86.721,52.148,2.61944,1.870239,0.749201,2.03064,1.872559,0.746882,156.1083,0.81457,0.181778,122.0249,0.003496,0.981016,0.015488,51200,7992746,1585,20684,183,610,273,1732
29100,86.864,52.231,2.520905,1.838623,0.682282,1.989868,1.838501,0.682404,155.7202,0.805,0.177958,120.995,0.003418,0.984453,0.012129,51200,7972873,1590,20209,183,610,263,1732
29150,87.007,52.311,2.398377,1.75769,0.640687,1.897827,1.747681,0.650697,140.4054,0.810762,0.085924,114.265,0.001484,0.990547,0.007969,51200,7188758,1634,18812,188,610,269,1732
29200,87.146,52.391,2.388736,1.733032,0.655703,1.870605,1.724487,0.664248,142.1325,0.819512,0.097213,127.9177,0.001699,0.98957,0.00873,51200,7277184,1534,18600,191,610,280,1736
29250,87.299,52.473,2.460804,1.790039,0.670765,1.931396,1.785156,0.675648,146.0705,0.830488,0.121779,130.4556,0.002188,0.989121,0.008691,51200,7478811,1560,19275,173,611,279,1737
29300,87.446,52.559,2.430721,1.760254,0.670467,1.907593,1.753784,0.676937,144.6633,0.837109,0.111888,129.7317,0.001992,0.99168,0.006328,51200,7406763,1560,18585,177,611,289,1738
29350,87.586,52.638,2.482842,1.822876,0.659966,1.964111,1.831299,0.651543,131.1028,0.829688,0.021744,116.4784,0.000352,0.988184,0.011465,51200,6712461,1586,20164,171,611,279,1738
29400,87.725,52.717,2.620598,1.958252,0.662346,2.103638,1.972168,0.64843,128.3607,0.817559,5e-06,111.4935,0.0,0.989785,0.010215,51200,6572067,1663,21733,179,611,288,1738
29450,87.868,52.799,2.819184,2.108276,0.710907,2.268311,2.120728,0.698456,142.7412,0.794531,0.102949,117.3738,0.001816,0.984473,0.013711,51200,7308348,1588,23505,181,611,287,1738
29500,88.009,52.881,2.870082,2.13562,0.734462,2.2948,2.148438,0.721645,141.6371,0.799434,0.094764,116.1563,0.00166,0.986621,0.011719,51200,7251818,1608,24780,169,611,279,1738
29550,88.149,52.96,2.853041,2.135254,0.717788,2.304077,2.154419,0.698623,128.2606,0.786758,0.0,107.1609,0.0,0.98832,0.01168,51200,6566944,1592,24762,162,611,251,1738
29600,88.293,53.044,2.912656,2.202637,0.71002,2.367554,2.226562,0.686094,132.8185,0.774785,0.033638,110.0033,0.000547,0.989297,0.010156,51200,6800306,1615,26251,150,611,223,1738
29650,88.442,53.131,2.972583,2.251343,0.72124,2.406616,2.268433,0.704151,149.818,0.751895,0.14461,120.1508,0.002676,0.985566,0.011758,51200,7670681,1553,26776,121,611,194,1738
29700,88.593,53.217,3.029792,2.34729,0.682502,2.504761,2.365967,0.663825,155.3198,0.718613,0.176708,123.1573,0.003398,0.979082,0.01752,51200,7952374,1614,27374,129,611,197,1738
29750,88.753,53.312,3.04299,2.367798,0.675193,2.513306,2.38623,0.65676,159.85,0.727656,0.200344,125.7713,0.003965,0.978867,0.017168,51200,8184320,1574,27656,123,611,196,1741
29800,88.899,53.398,3.120482,2.425537,0.694945,2.577637,2.445312,0.675169,160.6623,0.734141,0.203179,124.291,0.004043,0.982207,0.01375,51200,8225912,1558,28461,132,612,193,1741
29850,89.048,53.485,3.046878,2.354004,0.692874,2.515381,2.371094,0.675784,155.6285,0.736152,0.179308,120.8805,0.003457,0.977324,0.019219,51200,7968180,1547,26856,133,612,195,1741
29900,89.193,53.572,2.963812,2.272095,0.691717,2.432739,2.287354,0.676458,167.1613,0.755918,0.236354,126.1658,0.004883,0.975996,0.019121,51200,8558660,1601,25716,140,614,210,1748
29950,89.349,53.664,2.949084,2.284302,0.664782,2.432129,2.292725,0.656359,186.1596,0.760625,0.313501,130.2589,0.007207,0.978457,0.014336,51200,9531369,1501,26286,192,614,260,1756
30000,89.503,53.749,2.966631,2.304443,0.662188,2.473633,2.312256,0.654375,159.8242,0.773613,0.197936,120.088,0.00373,0.985977,0.010293,51200,8182998,1595,26509,193,615,260,1756
30050,89.647,53.835,2.861165,2.159424,0.701741,2.328613,2.162231,0.698933,153.6193,0.757695,0.165702,115.1919,0.003008,0.98625,0.010742,51200,7865308,1648,24990,194,615,261,1756
30100,89.793,53.921,2.815652,2.148682,0.66697,2.302246,2.140381,0.675271,138.7078,0.751816,0.074252,111.5906,0.00127,0.989746,0.008984,51200,7101840,1651,24934,185,615,256,1756
30150,89.933,54.001,2.770251,2.12146,0.648791,2.284912,2.129639,0.640613,131.257,0.760176,0.021323,109.1188,0.000352,0.991328,0.00832,51200,6720359,1512,24237,154,615,218,1756
30200,90.079,54.085,2.686375,2.036743,0.649632,2.17688,2.036011,0.650364,143.7591,0.787773,0.10516,115.2411,0.001875,0.992422,0.005703,51200,7360467,1531,22605,154,615,217,1756
30250,90.23,54.173,2.67144,1.982544,0.688896,2.12439,1.993286,0.678153,143.5981,0.785273,0.104721,116.596,0.001855,0.992324,0.00582,51200,7352225,1530,20916,151,615,236,1756
30300,90.373,54.254,2.797129,2.105713,0.691416,2.261108,2.126099,0.67103,144.5988,0.796348,0.11452,115.6618,0.001855,0.98498,0.013164,51200,7403461,1511,24014,159,618,246,1759
30350,90.522,54.336,2.828743,2.15979,0.668953,2.297363,2.180664,0.648079,143.236,0.787168,0.106487,114.1014,0.001836,0.984297,0.013867,51200,7333681,1594,23922,156,618,249,1761
30400,90.678,54.432,2.754089,2.126953,0.627136,2.278442,2.15332,0.600769,140.3403,0.79668,0.085478,112.7675,0.001328,0.990234,0.008438,51200,7185424,1603,23166,164,618,255,1761
30450,90.819,54.514,2.743615,2.10083,0.642785,2.239624,2.121338,0.622278,137.1404,0.792266,0.064259,111.3226,0.000977,0.990312,0.008711,51200,7021588,1611,23052,193,618,282,1761
30500,90.956,54.594,2.637797,1.962158,0.675638,2.099365,1.964478,0.673319,131.4829,0.807832,0.025411,110.4651,0.000371,0.986855,0.012773,51200,6731926,1538,21131,195,618,286,1764
30550,91.096,54.675,2.621711,1.887451,0.73426,2.043945,1.895386,0.726325,140.5168,0.810078,0.088103,116.1933,0.001523,0.986562,0.011914,51200,7194458,1549,20603,194,618,282,1764
30600,91.237,54.758,2.541028,1.826294,0.714734,1.970703,1.832031,0.708997,145.6639,0.804453,0.11883,122.2772,0.002129,0.990195,0.007676,51200,7457992,1578,20031,192,618,278,1764
30650,91.379,54.841,2.499119,1.802246,0.696873,1.939819,1.799438,0.699681,144.5736,0.790371,0.110857,124.8412,0.001973,0.9925,0.005527,51200,7402166,1536,19395,205,618,297,1764
30700,91.518,54.92,2.474701,1.785645,0.689056,1.924072,1.784058,0.690643,128.8884,0.803066,0.002457,112.4363,3.9e-05,0.993145,0.006816,51200,6599085,1607,19064,188,618,293,1768
30750,91.663,55.002,2.477345,1.789429,0.687916,1.928223,1.783203,0.694142,128.4573,0.809102,0.0,112.1401,0.0,0.991719,0.008281,51200,6577015,1575,19542,186,618,297,1768
30800,91.805,55.082,2.39487,1.768677,0.626193,1.91272,1.748901,0.645968,128.1253,0.796094,0.0,111.8873,0.0,0.986113,0.013887,51200,6560013,1526,18967,186,618,298,1769
30850,91.945,55.16,2.444946,1.796753,0.648193,1.939453,1.788452,0.656494,128.3101,0.786582,0.0,112.1165,0.0,0.989102,0.010898,51200,6569477,1633,19869,200,618,303,1769
30900,92.088,55.238,2.379174,1.734985,0.644188,1.869019,1.721558,0.657616,128.4377,0.794824,0.0,112.5177,0.0,0.990996,0.009004,51200,6576008,1553,18602,200,619,306,1770
30950,92.228,55.317,2.311161,1.687622,0.623539,1.827393,1.678101,0.633061,128.2287,0.797539,0.0,113.966,0.0,0.987559,0.012441,51200,6565309,1596,17322,196,619,305,1770
31000,92.37,55.397,2.374749,1.766846,0.607903,1.900879,1.757202,0.617547,128.1756,0.814629,0.0,113.7757,0.0,0.986777,0.013223,51200,6562589,1580,18369,198,619,304,1770
31050,92.508,55.475,2.349514,1.75647,0.593044,1.889893,1.739868,0.609646,128.2559,0.790371,0.0,113.6001,0.0,0.988184,0.011816,51200,6566703,1577,18442,196,619,297,1770
31100,92.644,55.552,2.282831,1.683105,0.599725,1.807373,1.666382,0.616449,128.4419,0.804414,0.0,114.2415,0.0,0.991348,0.008652,51200,6576224,1557,17251,200,619,307,1770
31150,92.78,55.63,2.396277,1.735352,0.660925,1.872437,1.739014,0.657263,128.2815,0.787988,0.0,114.7615,0.0,0.989297,0.010703,51200,6568013,1543,18498,198,619,303,1771
31200,92.917,55.708,2.380192,1.758545,0.621647,1.894775,1.760254,0.619938,128.0936,0.783828,0.0,113.5153,0.0,0.986602,0.013398,51200,6558393,1598,18960,194,620,301,1771
31250,93.058,55.788,2.459638,1.828003,0.631635,1.976929,1.834106,0.625532,128.1096,0.780137,0.001041,112.6793,0.0,0.984434,0.015566,51200,6559214,1614,20915,157,620,264,1773
31300,93.221,55.885,2.475238,1.819702,0.655536,1.967407,1.824951,0.650287,141.1351,0.763164,0.092092,123.8737,0.001602,0.986895,0.011504,51200,7226117,1598,20582,132,620,241,1779
31350,93.364,55.966,2.433919,1.823364,0.610555,1.970825,1.811768,0.622151,144.7899,0.771348,0.117182,126.6957,0.00209,0.982109,0.015801,51200,7413241,1614,19346,130,620,242,1785
31400,93.505,56.046,2.440359,1.818237,0.622121,1.966797,1.819702,0.620656,136.0525,0.804141,0.058868,119.1283,0.000977,0.985215,0.013809,51200,6965887,1579,19699,133,620,225,1785
31450,93.643,56.124,2.456926,1.829834,0.627092,1.977905,1.824219,0.632707,128.0146,0.795098,0.0,112.4189,0.0,0.985625,0.014375,51200,6554348,1534,19360,123,620,226,1785
31500,93.785,56.202,2.580184,1.891113,0.68907,2.037109,1.90271,0.677474,131.7415,0.787168,0.026263,113.7999,0.00043,0.988418,0.011152,51200,6745165,1571,21143,107,622,217,1789
31550,93.924,56.281,2.504656,1.875854,0.628801,2.03479,1.884155,0.6205,133.1858,0.782715,0.036609,114.2764,0.000605,0.988262,0.011133,51200,6819111,1633,20224,118,622,227,1789
31600,94.063,56.359,2.451749,1.847656,0.604093,1.993774,1.852661,0.599088,128.4926,0.791348,0.0,111.448,0.0,0.992109,0.007891,51200,6578821,1597,20023,130,622,230,1789
31650,94.208,56.44,2.430732,1.838379,0.592353,1.982056,1.835205,0.595527,128.5289,0.796113,0.0,111.9856,0.0,0.992676,0.007324,51200,6580681,1588,19990,131,622,230,1789
31700,94.347,56.518,2.370917,1.785767,0.58515,1.908936,1.770386,0.600531,128.2011,0.788711,0.000684,112.7608,0.0,0.986465,0.013535,51200,6563896,1570,18701,127,622,245,1794
31750,94.487,56.597,2.456953,1.898682,0.558272,2.040161,1.895142,0.561812,128.4776,0.785215,0.0,112.5811,0.0,0.991992,0.008008,51200,6578054,1606,20259,131,622,237,1794
31800,94.629,56.675,2.408028,1.834229,0.5738,1.953491,1.813477,0.594552,128.0467,0.819961,0.0,111.6952,0.0,0.985059,0.014941,51200,6555993,1586,19273,167,622,276,1794
31850,94.77,56.754,2.349126,1.7854,0.563725,1.914673,1.773071,0.576054,128.4744,0.82002,0.0,113.1913,0.0,0.991797,0.008203,51200,6577887,1600,19158,181,623,283,1795
31900,94.909,56.833,2.515365,1.902344,0.613021,2.057129,1.918579,0.596786,128.5346,0.814961,0.0,111.82,0.0,0.992129,0.007871,51200,6580974,1615,21008,183,623,285,1795
31950,95.048,56.913,2.489482,1.891235,0.598246,2.049316,1.903809,0.585673,128.5361,0.803301,0.0,111.4383,0.0,0.992617,0.007383,51200,6581050,1550,20337,179,623,286,1795
32000,95.188,56.993,2.484443,1.90625,0.578193,2.060059,1.908813,0.57563,128.4579,0.79416,0.000146,111.4996,0.0,0.99125,0.00875,51200,6577043,1547,20327,183,623,292,1795
32050,95.331,57.071,2.451633,1.867432,0.584201,2.014282,1.881226,0.570407,128.4251,0.79998,0.0,111.3604,0.0,0.990762,0.009238,51200,6575364,1573,19930,180,623,307,1802
32100,95.475,57.154,2.38482,1.792236,0.592584,1.929688,1.785767,0.599054,128.4737,0.804043,0.0,112.0282,0.0,0.991523,0.008477,51200,6577854,1550,18973,174,623,291,1802
32150,95.616,57.233,2.250445,1.704346,0.546099,1.831177,1.695557,0.554888,136.8154,0.805762,0.06153,122.2829,0.001035,0.990742,0.008223,51200,7004948,1591,17392,178,623,298,1810
32200,95.762,57.317,2.181154,1.638916,0.542238,1.769775,1.627808,0.553346,142.4132,0.827031,0.098137,129.6952,0.001719,0.991016,0.007266,51200,7291554,1557,16359,175,623,287,1810
32250,95.904,57.394,2.235253,1.707031,0.528222,1.832397,1.687134,0.548119,128.3404,0.830566,0.0,116.0657,0.0,0.989473,0.010527,51200,6571026,1575,17839,179,623,295,1810
32300,96.049,57.474,2.247207,1.713501,0.533706,1.842529,1.698364,0.548843,128.3481,0.81998,0.0,114.9905,0.0,0.989844,0.010156,51200,6571422,1608,17556,181,623,302,1813
32350,96.194,57.554,2.167388,1.630249,0.537139,1.763428,1.615845,0.551543,128.5091,0.839434,0.0,115.4683,0.0,0.9925,0.0075,51200,6579667,1540,15929,192,623,302,1813
32400,96.334,57.634,2.09372,1.549561,0.544159,1.691406,1.535278,0.558441,128.1387,0.851895,0.0,116.8143,0.0,0.986504,0.013496,51200,6560699,1516,14579,204,623,316,1813
32450,96.473,57.711,2.012743,1.529419,0.483324,1.660156,1.49646,0.516283,128.0045,0.85375,0.0,117.9264,0.0,0.984258,0.015742,51200,6553831,1588,14260,204,623,315,1813
32500,96.608,57.789,2.134935,1.579102,0.555833,1.699951,1.556519,0.578416,128.3458,0.853262,0.0,117.5705,0.0,0.990156,0.009844,51200,6571307,1537,15025,204,623,315,1813
32550,96.743,57.865,2.185616,1.591919,0.593697,1.723511,1.583618,0.601998,127.9952,0.848496,0.0,116.8263,0.0,0.984629,0.015371,51200,6553353,1538,16328,199,623,313,1813
32600,96.881,57.943,2.314181,1.687622,0.626559,1.828125,1.67627,0.637911,128.0854,0.832227,0.0,115.1155,0.0,0.986094,0.013906,51200,6557971,1560,17668,193,623,302,1813
32650,97.021,58.021,2.267949,1.663208,0.604741,1.806519,1.651245,0.616704,128.7422,0.857539,0.0,114.8903,0.0,0.995996,0.004004,51200,6591601,1571,17449,192,623,301,1813
32700,97.156,58.098,2.268495,1.64917,0.619325,1.786499,1.63623,0.632265,128.4923,0.856895,0.0,115.4383,0.0,0.992402,0.007598,51200,6578807,1579,17669,189,623,301,1813
32750,97.296,58.18,2.150682,1.52832,0.622362,1.659424,1.502563,0.648119,129.8519,0.846934,0.008555,116.8229,0.000137,0.995957,0.003906,51200,6648415,1589,16005,186,623,297,1813
32800,97.45,58.26,2.074286,1.470825,0.60346,1.588135,1.440308,0.633978,128.6665,0.853145,0.0,117.4405,0.0,0.994688,0.005312,51200,6587727,1547,14461,183,623,297,1813
32850,97.594,58.344,2.170744,1.595337,0.575407,1.730957,1.573242,0.597502,128.3768,0.843496,0.0,116.1057,0.0,0.99041,0.00959,51200,6572892,1562,17088,166,623,277,1815
32900,97.729,58.421,2.223636,1.614868,0.608768,1.760254,1.606567,0.617069,128.2106,0.840703,0.0,114.7623,0.0,0.988867,0.011133,51200,6564385,1579,17212,163,623,274,1815
32950,97.871,58.504,2.297695,1.703003,0.594692,1.838623,1.703613,0.594082,128.5043,0.839395,0.0,114.208,0.0,0.992344,0.007656,51200,6579421,1620,17964,158,623,272,1819
33000,98.007,58.582,2.493714,1.860352,0.633363,1.993774,1.861694,0.63202,129.1851,0.825625,0.003682,112.9396,5.9e-05,0.995625,0.004316,51200,6614275,1605,20075,156,623,265,1819
33050,98.144,58.66,2.360985,1.761719,0.599266,1.910522,1.781372,0.579613,128.7203,0.816758,0.000474,112.0656,0.0,0.99498,0.00502,51200,6590477,1533,18627,153,623,267,1819
33100,98.281,58.737,2.36324,1.789551,0.573689,1.926758,1.804932,0.558309,128.7489,0.819355,0.0,113.4345,0.0,0.995996,0.004004,51200,6591946,1633,18578,156,623,270,1819
33150,98.418,58.815,2.357299,1.840088,0.517211,1.981445,1.839844,0.517456,131.4652,0.820059,0.021511,115.3571,0.000352,0.993906,0.005742,51200,6731017,1558,18681,189,623,286,1819
33200,98.558,58.897,2.41274,1.875488,0.537252,2.022461,1.88208,0.53066,153.3827,0.802578,0.16232,126.8472,0.003086,0.989336,0.007578,51200,7853194,1624,20193,174,623,274,1820
33250,98.701,58.98,2.447268,1.943848,0.50342,2.093628,1.946899,0.500369,157.0334,0.772773,0.184121,133.2954,0.003574,0.984766,0.01166,51200,8040108,1550,21288,165,623,263,1821
33300,98.844,59.061,2.497775,1.974487,0.523287,2.128662,1.976929,0.520846,146.1809,0.759707,0.12476,127.0976,0.002246,0.983652,0.014102,51200,7484464,1575,21506,157,623,258,1821
33350,98.989,59.143,2.622949,2.080444,0.542505,2.240112,2.089355,0.533594,144.4497,0.788242,0.117576,124.9491,0.00209,0.977168,0.020742,51200,7395826,1600,23822,153,623,253,1821
33400,99.134,59.224,2.575073,2.064941,0.510132,2.217651,2.066772,0.508301,135.7174,0.781211,0.060744,114.9362,0.001016,0.975508,0.023477,51200,6948733,1585,22957,166,625,282,1822
33450,99.273,59.303,2.516096,2.025757,0.490339,2.168335,2.022705,0.493391,127.7972,0.787812,0.0,108.5773,0.0,0.981934,0.018066,51200,6543217,1517,22854,142,625,261,1822
33500,99.414,59.382,2.659164,2.139648,0.519516,2.298828,2.147705,0.511459,127.9511,0.767676,0.0,107.8759,0.0,0.98373,0.01627,51200,6551094,1592,24312,136,625,261,1823
33550,99.557,59.464,2.663491,2.154297,0.509194,2.315552,2.155396,0.508095,143.5221,0.761172,0.108144,119.8658,0.001914,0.98373,0.014355,51200,7348331,1532,25406,129,625,253,1824
33600,99.7,59.546,2.611575,2.083984,0.52759,2.251343,2.086304,0.525271,145.0943,0.760273,0.117977,121.4557,0.002109,0.984023,0.013867,51200,7428828,1581,24410,133,625,255,1824
33650,99.872,59.638,2.558357,2.048096,0.510262,2.198242,2.051514,0.506844,144.1078,0.754316,0.111038,121.9539,0.001973,0.98582,0.012207,51200,7378317,1595,22653,136,625,247,1832
33700,100.017,59.721,2.645153,2.090698,0.554454,2.259766,2.099609,0.545543,142.4067,0.775977,0.100107,120.39,0.001758,0.986875,0.011367,51200,7291224,1546,23505,139,625,230,1832
33750,100.16,59.803,2.628691,2.087646,0.541045,2.245972,2.094238,0.534453,143.0607,0.792773,0.106516,119.2428,0.00168,0.981914,0.016406,51200,7324706,1637,23724,154,625,248,1833
33800,100.31,59.891,2.58908,2.046509,0.542571,2.198364,2.050171,0.538909,128.5707,0.796914,0.004007,108.7246,5.9e-05,0.98584,0.014102,51200,6582818,1566,23052,154,625,258,1834
33850,100.451,59.97,2.687949,2.092651,0.595298,2.24585,2.096802,0.591147,128.1435,0.790332,0.0,108.4258,0.0,0.986699,0.013301,51200,6560948,1637,24377,167,625,275,1834
33900,100.592,60.049,2.713045,2.106934,0.606111,2.259277,2.114746,0.598298,127.8788,0.768223,0.0,107.438,0.0,0.984121,0.015879,51200,6547393,1614,23847,163,625,281,1834
33950,100.735,60.129,2.716415,2.118164,0.598251,2.273071,2.112671,0.603744,127.6583,0.762324,0.0,106.8785,0.0,0.979922,0.020078,51200,6536105,1566,23843,152,625,276,1834
34000,100.881,60.21,2.788468,2.223877,0.564591,2.390259,2.227905,0.560562,127.7464,0.762773,0.0,107.107,0.0,0.980781,0.019219,51200,6540618,1595,25767,142,625,267,1834
34050,101.023,60.291,2.751015,2.158569,0.592445,2.309204,2.163818,0.587196,127.8652,0.753672,1e-05,105.7492,0.0,0.983066,0.016934,51200,6546697,1555,24623,138,625,263,1834
34100,101.165,60.371,2.732395,2.167725,0.564671,2.318848,2.174438,0.557957,130.3216,0.734453,0.020897,107.6079,0.000332,0.979277,0.020391,51200,6672466,1618,24417,149,627,268,1834
34150,101.306,60.452,2.803675,2.12207,0.681604,2.271729,2.124634,0.679041,127.9331,0.773555,0.0,107.5503,0.0,0.98332,0.01668,51200,6550177,1509,24248,154,628,271,1834
34200,101.445,60.531,2.778105,2.14502,0.633085,2.296997,2.160767,0.617338,127.8575,0.769336,0.0,106.8467,0.0,0.983164,0.016836,51200,6546306,1599,23998,149,628,258,1834
34250,101.581,60.61,2.819147,2.174072,0.645075,2.337036,2.19043,0.628717,128.1758,0.759082,0.0,106.6267,0.0,0.987773,0.012227,51200,6562603,1540,24650,142,628,246,1834
34300,101.72,60.69,2.915416,2.302979,0.612438,2.473999,2.324097,0.591319,128.1261,0.751191,0.0,105.0799,0.0,0.986875,0.013125,51200,6560057,1618,26039,133,628,247,1838
34350,101.859,60.771,2.987035,2.329712,0.657323,2.49939,2.358643,0.628392,130.5375,0.763066,0.018219,106.1612,0.000293,0.986484,0.013223,51200,6683520,1524,26532,134,628,239,1838
34400,101.997,60.851,2.973453,2.335449,0.638004,2.504639,2.364014,0.60944,129.0839,0.754219,0.008582,104.2447,0.000137,0.983867,0.015996,51200,6609095,1509,26870,111,628,220,1838
34450,102.141,60.934,2.883354,2.217285,0.666069,2.376709,2.236084,0.64727,142.56,0.773652,0.10389,119.0383,0.001816,0.981992,0.016191,51200,7299072,1611,25442,127,628,221,1842
34500,102.282,61.015,2.707435,2.056885,0.65055,2.231201,2.068848,0.638587,128.109,0.785664,0.000992,106.6497,0.0,0.984883,0.015117,51200,6559183,1549,23810,128,628,221,1842
34550,102.422,61.095,2.651024,2.017456,0.633568,2.172485,2.018311,0.632714,135.0148,0.774434,0.052208,110.938,0.000879,0.982734,0.016387,51200,6912758,1509,22716,137,628,229,1843
34600,102.56,61.175,2.610874,1.977173,0.633702,2.140869,1.97583,0.635044,138.2427,0.767246,0.075931,112.6847,0.001309,0.979277,0.019414,51200,7078024,1542,21970,146,628,241,1843
34650,102.705,61.255,2.802573,2.137817,0.664756,2.292847,2.141357,0.661216,137.8339,0.757012,0.073905,111.8038,0.00127,0.977344,0.021387,51200,7057095,1599,24714,148,628,243,1848
34700,102.848,61.341,2.918553,2.208618,0.709935,2.358032,2.218506,0.700047,137.1337,0.765664,0.069734,109.8331,0.001191,0.97791,0.020898,51200,7021246,1585,25877,152,628,260,1849
34750,102.991,61.424,2.917989,2.213257,0.704732,2.379028,2.22876,0.689229,147.2096,0.763281,0.131729,118.0338,0.002402,0.98123,0.016367,51200,7537129,1496,25588,161,628,253,1849
34800,103.134,61.506,2.913167,2.224243,0.688924,2.396973,2.237305,0.675863,141.7785,0.766738,0.100132,112.0812,0.001758,0.978359,0.019883,51200,7259060,1583,25126,183,628,257,1849
34850,103.278,61.589,2.871654,2.191528,0.680126,2.347778,2.201782,0.669872,139.0654,0.780977,0.084302,111.4021,0.001445,0.974102,0.024453,51200,7120148,1551,24051,188,628,264,1849
34900,103.416,61.669,2.684102,2.028564,0.655537,2.174927,2.032471,0.651631,136.498,0.784629,0.064688,112.8603,0.001094,0.97875,0.020156,51200,6988699,1566,21923,195,629,279,1850
34950,103.553,61.747,2.621664,1.985474,0.63619,2.123535,1.984863,0.6368,127.7171,0.778301,0.0,110.4453,0.0,0.98043,0.01957,51200,6539116,1512,21933,198,629,280,1850
35000,103.696,61.828,2.666596,2.042114,0.624482,2.200317,2.052002,0.614595,135.781,0.773574,0.058128,115.7476,0.000918,0.982324,0.016758,51200,6951986,1517,22994,195,629,278,1852
35050,103.842,61.911,2.831147,2.156494,0.674653,2.322144,2.178223,0.652925,143.3255,0.774961,0.109532,120.6468,0.001934,0.979199,0.018867,51200,7338266,1560,24638,200,629,275,1852
35100,103.982,61.991,2.968702,2.244507,0.724195,2.408325,2.279907,0.688794,128.8837,0.789473,0.009927,107.5941,0.000156,0.979434,0.02041,51200,6598847,1556,25844,199,629,271,1852
35150,104.126,62.073,3.01127,2.288574,0.722696,2.452881,2.33313,0.67814,140.7592,0.781992,0.09692,111.3109,0.00168,0.971387,0.026934,51200,7206871,1589,26739,176,629,252,1852
35200,104.271,62.156,2.945408,2.23645,0.708958,2.405396,2.264038,0.68137,137.5748,0.774844,0.073898,110.584,0.00125,0.976094,0.022656,51200,7043829,1542,24869,178,629,251,1852
35250,104.411,62.238,2.882485,2.170288,0.712197,2.323364,2.187866,0.694619,146.0163,0.77168,0.126173,118.4728,0.002266,0.979258,0.018477,51200,7476035,1537,24778,182,629,247,1853
35300,104.553,62.321,2.835936,2.176147,0.659788,2.334839,2.197388,0.638548,144.9783,0.773438,0.118248,117.9984,0.002109,0.983223,0.014668,51200,7422887,1601,24590,183,629,247,1853
35350,104.695,62.403,2.786912,2.110474,0.676438,2.257324,2.117432,0.66948,143.8363,0.784551,0.109933,118.6938,0.001934,0.984609,0.013457,51200,7364421,1622,24061,177,629,240,1855
35400,104.839,62.485,2.696663,2.025757,0.670906,2.178101,2.036743,0.65992,143.8289,0.789043,0.110228,119.3764,0.001953,0.984824,0.013223,51200,7364040,1579,22737,175,629,251,1861
35450,104.982,62.565,2.698905,2.049072,0.649833,2.216675,2.048096,0.65081,135.5701,0.778203,0.055022,114.4974,0.000918,0.985996,0.013086,51200,6941190,1595,23061,194,630,272,1861
35500,105.124,62.645,2.569153,1.936035,0.633118,2.082764,1.937866,0.631287,128.2951,0.78584,0.0,110.0636,0.0,0.98877,0.01123,51200,6568707,1589,21441,198,630,272,1861
35550,105.266,62.724,2.513388,1.898926,0.614462,2.024048,1.885132,0.628256,128.1351,0.774746,0.0,111.2021,0.0,0.986797,0.013203,51200,6560517,1610,20591,201,630,282,1861
35600,105.41,62.805,2.512636,1.889404,0.623232,2.027344,1.884399,0.628237,140.2882,0.773477,0.086984,119.0512,0.001504,0.985977,0.01252,51200,7182755,1582,20506,199,630,275,1862
35650,105.554,62.888,2.471942,1.875,0.596942,2.007446,1.865845,0.606098,147.6118,0.780625,0.13231,125.4064,0.002402,0.985391,0.012207,51200,7557724,1598,20417,207,630,283,1862
35700,105.696,62.969,2.435499,1.845093,0.590407,1.986328,1.830811,0.604689,142.9981,0.800449,0.101691,123.1794,0.001797,0.990449,0.007754,51200,7321503,1548,19388,206,630,288,1862
35750,105.837,63.05,2.377693,1.758789,0.618904,1.894043,1.740723,0.63697,144.6716,0.827363,0.11144,125.5856,0.001992,0.991523,0.006484,51200,7407185,1526,18097,189,635,294,1867
35800,105.979,63.132,2.339668,1.719238,0.62043,1.854492,1.713013,0.626655,135.4455,0.834863,0.051359,118.8655,0.000859,0.991602,0.007539,51200,6934808,1519,17611,191,635,297,1867
35850,106.117,63.21,2.283445,1.707275,0.57617,1.84021,1.700073,0.583372,128.8045,0.820117,0.0,114.9137,0.0,0.996914,0.003086,51200,6594789,1557,17747,184,635,291,1867
35900,106.258,63.288,2.317386,1.71936,0.598026,1.866699,1.711304,0.606082,128.9615,0.796348,0.004856,114.5046,7.8e-05,0.989238,0.010684,51200,6602830,1559,18985,177,636,284,1868
35950,106.399,63.368,2.392731,1.783813,0.608917,1.937378,1.774536,0.618194,138.2765,0.774023,0.075858,120.0016,0.001309,0.978867,0.019824,51200,7079756,1668,19844,161,636,270,1868
36000,106.544,63.448,2.40068,1.792603,0.608077,1.935547,1.794556,0.606124,139.4875,0.775117,0.079682,120.5212,0.001387,0.988691,0.009922,51200,7141762,1528,19071,155,636,274,1868
36050,106.689,63.529,2.433791,1.860107,0.573683,2.018311,1.855347,0.578444,137.4341,0.783281,0.065301,119.0459,0.001094,0.990801,0.008105,51200,7036626,1595,20253,155,636,269,1868
36100,106.831,63.609,2.3517,1.775391,0.57631,1.914673,1.757935,0.593766,139.5692,0.795527,0.081745,121.3398,0.001406,0.986328,0.012266,51200,7145944,1574,18826,165,640,280,1872
36150,106.973,63.689,2.241943,1.703857,0.538086,1.847778,1.683105,0.558838,128.1061,0.801328,0.0,114.0323,0.0,0.986191,0.013809,51200,6559034,1515,17562,157,640,276,1872
36200,107.113,63.766,2.208852,1.670288,0.538564,1.811035,1.654907,0.553945,127.9166,0.797305,0.0,114.8978,0.0,0.983438,0.016562,51200,6549329,1511,17059,159,641,281,1873
36250,107.268,63.859,2.108002,1.565308,0.542694,1.702637,1.540161,0.56784,128.1399,0.821113,0.0,115.8724,0.0,0.986895,0.013105,51200,6560763,1571,15218,170,641,281,1873
36300,107.433,63.958,2.053487,1.493042,0.560445,1.612183,1.465088,0.588399,128.0174,0.833613,0.0,117.223,0.0,0.984922,0.015078,51200,6554490,1598,14581,191,641,307,1875
36350,107.571,64.036,2.08349,1.532471,0.55102,1.657837,1.510986,0.572504,138.1244,0.843691,0.072384,122.6163,0.00123,0.986973,0.011797,51200,7071969,1612,15011,198,641,309,1875
36400,107.708,64.113,2.152195,1.584229,0.567967,1.731812,1.56311,0.589085,128.1896,0.859746,0.0,116.8621,0.0,0.987754,0.012246,51200,6563306,1539,15617,210,641,318,1875
36450,107.845,64.19,2.162801,1.561646,0.601155,1.686401,1.536987,0.625813,128.4955,0.866191,0.0,116.62,0.0,0.991953,0.008047,51200,6578970,1515,15678,207,641,315,1875
36500,107.98,64.266,2.188932,1.594849,0.594083,1.74292,1.588257,0.600675,128.6604,0.835879,0.0,116.3996,0.0,0.994863,0.005137,51200,6587411,1584,16680,198,641,305,1875
36550,108.114,64.343,2.329062,1.723511,0.605552,1.866699,1.724243,0.604819,128.6977,0.822461,0.0,114.8925,0.0,0.995332,0.004668,51200,6589321,1563,18438,182,641,295,1875
36600,108.252,64.421,2.513347,1.873535,0.639812,2.035889,1.897339,0.616008,128.7657,0.810801,0.0,112.3121,0.0,0.99625,0.00375,51200,6592806,1612,21136,162,641,276,1875
36650,108.391,64.5,2.631804,1.959717,0.672087,2.112915,1.980347,0.651457,130.9651,0.806895,0.019431,111.0771,0.000293,0.990664,0.009043,51200,6705415,1556,22255,145,642,258,1875
36700,108.53,64.579,2.604129,1.915649,0.688479,2.067505,1.926636,0.677493,128.2683,0.777598,0.0,109.086,0.0,0.988711,0.011289,51200,6567337,1561,21463,131,642,244,1875
36750,108.67,64.657,2.558646,1.940552,0.618094,2.098633,1.955078,0.603568,128.7531,0.772441,0.0,109.8875,0.0,0.996172,0.003828,51200,6592160,1509,21589,130,642,239,1875
36800,108.81,64.737,2.544064,1.911377,0.632687,2.068359,1.923096,0.620968,130.3541,0.770801,0.013178,111.2585,0.000215,0.99418,0.005605,51200,6674129,1609,21503,118,642,226,1875
36850,108.953,64.816,2.657827,2.033203,0.624624,2.209961,2.054077,0.60375,134.6406,0.768809,0.045223,114.2483,0.000762,0.991855,0.007383,51200,6893600,1584,22879,125,644,232,1877
36900,109.096,64.897,2.642536,1.989624,0.652912,2.165405,2.003174,0.639363,135.6169,0.779609,0.05411,114.6125,0.000918,0.986641,0.012441,51200,6943587,1519,22117,134,644,243,1877
36950,109.238,64.977,2.527606,1.891357,0.636248,2.063232,1.900391,0.627215,136.1188,0.794629,0.056204,116.357,0.000957,0.989863,0.00918,51200,6969280,1580,20268,157,644,267,1877
37000,109.386,65.059,2.498255,1.888062,0.610193,2.051147,1.896606,0.601648,134.6529,0.817285,0.047522,116.0144,0.000801,0.987207,0.011992,51200,6894228,1619,21065,161,644,271,1877
37050,109.529,65.139,2.492933,1.891113,0.60182,2.050293,1.891724,0.601209,138.1699,0.799551,0.071323,117.5114,0.00123,0.9875,0.01127,51200,7074297,1651,21015,168,644,278,1877
37100,109.682,65.225,2.517146,1.897949,0.619196,2.05481,1.90686,0.610285,149.2721,0.805742,0.141921,124.6494,0.002637,0.982871,0.014492,51200,7642730,1528,21286,167,644,280,1881
37150,109.824,65.307,2.510389,1.905029,0.60536,2.062622,1.909912,0.600477,149.2161,0.803457,0.140891,123.3914,0.002617,0.984414,0.012969,51200,7639866,1536,21648,149,644,261,1882
37200,109.964,65.387,2.490722,1.883423,0.6073,2.027832,1.883911,0.606811,142.4138,0.784023,0.100487,119.3444,0.001777,0.984102,0.014121,51200,7291585,1593,20786,146,644,262,1882
37250,110.105,65.468,2.359838,1.801514,0.558325,1.944336,1.794434,0.565405,142.536,0.79459,0.101523,120.5601,0.001797,0.98377,0.014434,51200,7297844,1563,19425,140,644,253,1882
37300,110.248,65.549,2.454538,1.85083,0.603708,1.994019,1.83606,0.618479,144.7146,0.788555,0.111959,122.3928,0.002012,0.990293,0.007695,51200,7409388,1547,20102,147,646,274,1888
37350,110.39,65.63,2.399304,1.781738,0.617566,1.919189,1.772827,0.626477,143.4701,0.817051,0.107538,121.5505,0.001914,0.98334,0.014746,51200,7345670,1571,18770,162,646,289,1889
37400,110.528,65.709,2.326015,1.735352,0.590663,1.871216,1.719482,0.606533,134.5252,0.813574,0.049351,117.4173,0.00082,0.982402,0.016777,51200,6887690,1568,17575,159,646,273,1889
37450,110.666,65.786,2.352183,1.772461,0.579722,1.914917,1.766968,0.585216,127.4888,0.82457,0.0,113.1852,0.0,0.977402,0.022598,51200,6527427,1606,18434,172,646,283,1890
37500,110.825,65.881,2.542759,1.895142,0.647617,2.027466,1.899048,0.643711,127.9839,0.802754,0.0,111.5558,0.0,0.98457,0.01543,51200,6552776,1587,20500,177,646,293,1890
37550,110.967,65.961,2.576201,1.951538,0.624663,2.092896,1.95752,0.618682,127.9258,0.768379,0.0,110.4855,0.0,0.984355,0.015645,51200,6549802,1595,21025,179,646,299,1892
37600,111.106,66.04,2.418375,1.794556,0.623819,1.94104,1.80249,0.615885,128.6239,0.794102,0.003868,111.3987,3.9e-05,0.987715,0.012246,51200,6585543,1585,19299,170,646,291,1894
37650,111.241,66.118,2.407649,1.82019,0.587459,1.952026,1.812622,0.595027,131.9532,0.804336,0.028678,114.7808,0.000469,0.988262,0.01127,51200,6756006,1608,19160,166,646,277,1895
37700,111.385,66.203,2.394952,1.81604,0.578912,1.939209,1.805176,0.589776,132.561,0.814629,0.032153,115.2839,0.000527,0.988809,0.010664,51200,6787121,1574,19508,202,646,286,1901
37750,111.523,66.283,2.458432,1.842285,0.616147,1.969727,1.829956,0.628476,128.6821,0.812656,0.0,112.0412,0.0,0.994961,0.005039,51200,6588522,1523,19940,196,646,280,1901
37800,111.663,66.365,2.480261,1.890381,0.589881,2.023804,1.88562,0.594641,128.384,0.805312,0.0,111.1729,0.0,0.990684,0.009316,51200,6573260,1531,20521,200,646,291,1902
37850,111.799,66.443,2.50532,1.84314,0.66218,1.976074,1.835083,0.670237,128.4852,0.796328,0.0,111.3398,0.0,0.991699,0.008301,51200,6578444,1498,20466,193,646,289,1902
37900,111.938,66.523,2.550991,1.892578,0.658413,2.025635,1.883789,0.667202,130.7074,0.785664,0.016571,112.2913,0.000254,0.993184,0.006562,51200,6692218,1613,20549,199,646,280,1902
37950,112.08,66.603,2.579976,1.897705,0.682271,2.040283,1.904907,0.675069,128.551,0.786445,0.0,111.1051,0.0,0.993086,0.006914,51200,6581810,1610,20696,189,647,271,1903
38000,112.22,66.682,2.466433,1.838135,0.628298,1.960815,1.832031,0.634402,128.5666,0.816445,0.0,111.7482,0.0,0.993047,0.006953,51200,6582610,1587,19190,174,647,270,1903
38050,112.357,66.76,2.415409,1.816162,0.599247,1.958008,1.811157,0.604252,128.412,0.813477,0.0,112.4994,0.0,0.990547,0.009453,51200,6574695,1562,19502,168,647,271,1904
38100,112.494,66.838,2.351757,1.734375,0.617382,1.854492,1.719849,0.631908,128.2424,0.808301,0.0,113.1429,0.0,0.988691,0.011309,51200,6566013,1533,17798,155,647,273,1911
38150,112.634,66.917,2.269912,1.751709,0.518203,1.867432,1.73645,0.533461,128.3873,0.813086,0.0,114.5524,0.0,0.990664,0.009336,51200,6573429,1494,17638,167,647,284,1911
38200,112.773,66.996,2.342213,1.740234,0.601979,1.869141,1.740601,0.601612,135.2667,0.807676,0.051373,114.5165,0.000859,0.98916,0.00998,51200,6925654,1575,18131,182,647,296,1911
38250,112.935,67.087,2.21627,1.632812,0.583458,1.764526,1.613647,0.602623,133.3704,0.821992,0.03618,115.6368,0.000586,0.992422,0.006992,51200,6828567,1567,16654,178,647,288,1911
38300,113.073,67.164,2.176341,1.641846,0.534495,1.772095,1.631592,0.544749,128.7456,0.828828,0.001225,115.1889,2e-05,0.993516,0.006465,51200,6591773,1566,16724,175,647,286,1911
38350,113.216,67.246,2.210204,1.665283,0.544921,1.797974,1.659302,0.550902,128.5362,0.819395,0.0,115.1299,0.0,0.992871,0.007129,51200,6581053,1494,16909,179,647,291,1911
38400,113.355,67.323,2.186332,1.686035,0.500297,1.811523,1.671997,0.514335,128.6132,0.817305,0.0,115.3353,0.0,0.99377,0.00623,51200,6584996,1582,17558,177,647,285,1911
38450,113.497,67.401,2.247046,1.728882,0.518164,1.859253,1.714478,0.532568,129.8864,0.825273,0.009748,116.0494,0.000156,0.994004,0.00584,51200,6650184,1603,18052,178,647,288,1911
38500,113.64,67.482,2.29543,1.76123,0.5342,1.887573,1.748047,0.547384,135.7288,0.817207,0.052889,120.7082,0.000879,0.992891,0.00623,51200,6949314,1632,18824,174,647,284,1911
38550,113.777,67.559,2.258963,1.73291,0.526052,1.857544,1.708374,0.550589,128.7407,0.796973,0.002426,114.4209,3.9e-05,0.991719,0.008242,51200,6591523,1483,18837,169,647,285,1919
38600,113.916,67.638,2.262049,1.743408,0.518641,1.861206,1.725098,0.536951,128.4107,0.79918,0.000916,114.1675,0.0,0.990117,0.009883,51200,6574628,1629,18104,167,647,285,1919
38650,114.054,67.715,2.329676,1.756958,0.572718,1.881714,1.740601,0.589076,128.3366,0.794043,0.0,114.0659,0.0,0.989922,0.010078,51200,6570835,1511,18000,168,647,283,1919
38700,114.195,67.794,2.322812,1.806274,0.516538,1.935425,1.803589,0.519223,128.2668,0.793223,0.0,114.0543,0.0,0.988691,0.011309,51200,6567261,1640,18229,175,647,285,1919
38750,114.336,67.872,2.368937,1.778076,0.590861,1.927002,1.77417,0.594767,128.1506,0.822344,8e-05,114.1121,0.0,0.986406,0.013594,51200,6561309,1617,18703,177,647,289,1919
38800,114.476,67.951,2.274289,1.706299,0.56799,1.850464,1.698364,0.575925,128.1186,0.836094,0.0,114.619,0.0,0.987168,0.012832,51200,6559674,1591,16958,190,647,301,1919
38850,114.614,68.028,2.284779,1.720215,0.564565,1.863403,1.713989,0.57079,128.0378,0.834512,0.0,114.8309,0.0,0.98582,0.01418,51200,6555537,1589,17649,202,647,316,1920
38900,114.751,68.106,2.335109,1.776855,0.558254,1.911377,1.775146,0.559963,128.4773,0.809043,0.0,114.0342,0.0,0.991914,0.008086,51200,6578039,1549,18717,198,647,315,1923
38950,114.889,68.183,2.298728,1.82666,0.472068,1.966064,1.822144,0.476584,128.1792,0.799805,2.6e-05,113.1904,0.0,0.987129,0.012871,51200,6562775,1537,18737,186,647,304,1923
39000,115.031,68.264,2.354464,1.851318,0.503146,1.980591,1.842163,0.512301,142.0796,0.807676,0.098265,116.5041,0.001719,0.986328,0.011953,51200,7274475,1594,18622,184,647,299,1924
39050,115.177,68.347,2.256671,1.77356,0.483112,1.903198,1.765381,0.49129,145.9577,0.83377,0.12064,122.3519,0.002168,0.989785,0.008047,51200,7473035,1578,18040,182,647,295,1924
39100,115.319,68.428,2.381601,1.837036,0.544564,1.978271,1.83728,0.54432,142.6677,0.846543,0.100163,115.522,0.001758,0.990332,0.00791,51200,7304588,1516,19513,183,647,301,1924
39150,115.464,68.512,2.377381,1.869141,0.50824,2.016113,1.877075,0.500306,161.2957,0.836172,0.205344,119.0185,0.003887,0.987305,0.008809,51200,8258338,1526,19422,179,647,293,1924
39200,115.611,68.599,2.475253,1.942383,0.53287,2.090332,1.954712,0.520541,171.6002,0.830605,0.25242,122.8704,0.005332,0.988457,0.006211,51200,8785930,1597,20928,187,647,301,1924
39250,115.754,68.682,2.3659,1.82312,0.54278,1.991089,1.848999,0.516901,137.1905,0.84248,0.062436,114.6294,0.001055,0.994121,0.004824,51200,7024155,1494,18205,190,647,303,1924
39300,115.897,68.766,2.379484,1.818604,0.56088,1.968384,1.83252,0.546964,152.2781,0.849902,0.157352,125.0996,0.002949,0.989219,0.007832,51200,7796641,1583,18101,193,647,305,1924
39350,116.039,68.852,2.391595,1.822021,0.569574,1.964478,1.830933,0.560662,161.0427,0.836758,0.202972,136.3737,0.004023,0.990391,0.005586,51200,8245384,1576,19284,187,647,298,1924
39400,116.185,68.938,2.300121,1.735718,0.564403,1.876587,1.735596,0.564525,169.6464,0.830352,0.243182,141.9796,0.005078,0.990234,0.004688,51200,8685895,1527,17367,187,647,298,1924
39450,116.325,69.02,2.233318,1.678833,0.554485,1.816772,1.667603,0.565716,146.457,0.826367,0.123519,128.0557,0.002227,0.989941,0.007832,51200,7498598,1581,17455,187,647,295,1924
39500,116.464,69.097,2.320966,1.751343,0.569623,1.88501,1.736694,0.584271,128.5196,0.819902,0.0,115.1257,0.0,0.992539,0.007461,51200,6580205,1594,18036,190,647,298,1924
39550,116.603,69.176,2.395861,1.758179,0.637682,1.890015,1.746582,0.649279,135.0647,0.82293,0.049381,120.0702,0.00082,0.990742,0.008438,51200,6915314,1626,19103,188,647,296,1924
39600,116.749,69.26,2.385437,1.769409,0.616028,1.895752,1.765259,0.620178,147.4805,0.822031,0.130215,132.9082,0.002363,0.988359,0.009277,51200,7551003,1563,18078,187,647,293,1924
39650,116.887,69.338,2.320942,1.728638,0.592304,1.859009,1.717773,0.603168,128.4212,0.818105,0.0,114.319,0.0,0.991191,0.008809,51200,6575168,1631,18046,189,647,296,1924
39700,117.025,69.415,2.278744,1.70166,0.577084,1.848022,1.696655,0.582088,128.5879,0.811523,0.0,114.9186,0.0,0.993535,0.006465,51200,6583701,1472,17381,186,647,293,1924
39750,117.164,69.493,2.369768,1.823364,0.546403,1.97583,1.827637,0.542131,131.0237,0.802012,0.018891,115.6621,0.000293,0.992754,0.006953,51200,6708413,1594,19474,183,647,291,1924
39800,117.303,69.572,2.457472,1.886108,0.571364,2.039673,1.887573,0.569899,135.368,0.802422,0.049582,116.357,0.00084,0.993438,0.005723,51200,6930843,1550,20622,170,647,286,1924
39850,117.444,69.65,2.386119,1.832764,0.553356,1.970581,1.825928,0.560192,128.5427,0.824648,0.0,112.207,0.0,0.992852,0.007148,51200,6581385,1633,19698,171,647,297,1928
39900,117.582,69.728,2.35267,1.768677,0.583993,1.930176,1.779419,0.573251,128.4553,0.828633,0.0,113.2914,0.0,0.991738,0.008262,51200,6576910,1593,18920,168,647,296,1928
39950,117.721,69.805,2.308199,1.71582,0.592379,1.861328,1.708862,0.599337,130.3924,0.80873,0.014623,115.4745,0.000234,0.992383,0.007383,51200,6676089,1563,18128,173,647,295,1928
40000,117.868,69.883,2.2545,1.680542,0.573958,1.821777,1.667114,0.587386,128.5523,0.808008,0.0,114.4721,0.0,0.99291,0.00709,51200,6581880,1567,17490,175,647,288,1931
40050,118.009,69.96,2.305626,1.706299,0.599327,1.838379,1.689331,0.616295,128.4966,0.837207,0.0,115.2706,0.0,0.99248,0.00752,51200,6579026,1626,17805,176,647,287,1933
40100,118.149,70.038,2.21373,1.666626,0.547104,1.805298,1.660522,0.553208,128.1839,0.833594,0.0,115.2652,0.0,0.987344,0.012656,51200,6563014,1609,17016,187,647,301,1939
40150,118.287,70.115,2.349233,1.724243,0.624989,1.860352,1.708374,0.640858,127.9956,0.815645,0.0,114.7364,0.0,0.98498,0.01502,51200,6553375,1527,17786,191,647,300,1939
40200,118.426,70.194,2.430282,1.778198,0.652084,1.908081,1.767334,0.662948,128.0937,0.817793,0.0,114.1661,0.0,0.985977,0.014023,51200,6558398,1537,18403,196,647,302,1939
40250,118.565,70.272,2.414135,1.753052,0.661083,1.876465,1.736816,0.677319,128.2213,0.806836,0.0,113.2692,0.0,0.988184,0.011816,51200,6564933,1575,19050,195,647,302,1939
40300,118.703,70.349,2.405707,1.761963,0.643744,1.888062,1.754517,0.65119,128.2554,0.803867,0.0,113.6219,0.0,0.988945,0.011055,51200,6566678,1548,19319,199,647,301,1939
40350,118.844,70.427,2.448378,1.785889,0.662489,1.928589,1.779175,0.669203,128.4424,0.80332,0.0,113.5831,0.0,0.991582,0.008418,51200,6576251,1558,19082,197,648,304,1942
40400,118.986,70.508,2.320507,1.720703,0.599803,1.856445,1.713623,0.606883,128.7711,0.79375,0.002555,113.8841,2e-05,0.991211,0.00877,51200,6593081,1566,18298,182,648,284,1942
40450,119.129,70.59,2.322203,1.71582,0.606383,1.856934,1.700684,0.621519,128.5961,0.815273,0.0,114.0662,0.0,0.994004,0.005996,51200,6584122,1572,18471,176,648,279,1942
40500,119.273,70.668,2.429096,1.78125,0.647846,1.913452,1.782959,0.646137,128.2716,0.816152,0.0,113.3747,0.0,0.988574,0.011426,51200,6567505,1609,18837,175,648,280,1942
40550,119.422,70.752,2.437596,1.753174,0.684422,1.897949,1.744141,0.693456,128.2209,0.798945,0.0,113.0494,0.0,0.987715,0.012285,51200,6564908,1562,18334,175,648,286,1944
40600,119.566,70.831,2.414286,1.761353,0.652934,1.905762,1.748413,0.665873,128.4123,0.799277,0.0,113.6642,0.0,0.990781,0.009219,51200,6574708,1605,18688,176,648,297,1947
40650,119.708,70.911,2.30702,1.711304,0.595716,1.851685,1.702148,0.604871,128.5067,0.784785,0.0,114.42,0.0,0.991836,0.008164,51200,6579541,1597,17720,176,648,289,1951
40700,119.854,70.992,2.437155,1.817993,0.619162,1.960693,1.812134,0.625022,128.2167,0.789648,0.0,113.5124,0.0,0.987715,0.012285,51200,6564695,1592,19590,183,648,298,1952
40750,119.998,71.073,2.393044,1.737915,0.655129,1.873535,1.730225,0.662819,128.2136,0.815332,0.000101,113.1977,0.0,0.988027,0.011973,51200,6564536,1599,18179,184,648,296,1952
40800,120.145,71.155,2.517556,1.857544,0.660012,2.009155,1.861084,0.656472,133.0556,0.816094,0.037813,117.516,0.000625,0.984238,0.015137,51200,6812445,1593,20199,189,648,301,1952
40850,120.294,71.24,2.453626,1.828125,0.625501,1.978027,1.826172,0.627454,143.2899,0.817031,0.106623,124.822,0.001895,0.982832,0.015273,51200,7336442,1609,19409,188,648,297,1952
40900,120.44,71.321,2.538029,1.885132,0.652897,2.046753,1.893799,0.64423,128.1042,0.814199,0.0,112.8589,0.0,0.986895,0.013105,51200,6558936,1624,20419,187,648,294,1952
40950,120.588,71.403,2.602249,1.981689,0.620559,2.138306,1.994751,0.607498,128.1666,0.801855,0.0,111.1416,0.0,0.986895,0.013105,51200,6562132,1558,21985,190,648,297,1952
41000,120.732,71.486,2.603938,1.96936,0.634577,2.126221,1.977417,0.626521,128.1704,0.798359,0.0,110.2307,0.0,0.987266,0.012734,51200,6562323,1472,21198,185,648,291,1952
41050,120.872,71.565,2.588824,1.889038,0.699786,2.045654,1.894775,0.694049,128.5472,0.812559,0.0,110.7995,0.0,0.993086,0.006914,51200,6581616,1582,20576,182,648,291,1952
41100,121.012,71.644,2.559852,1.903198,0.656654,2.067505,1.90979,0.650062,128.4207,0.830664,1e-06,110.7347,0.0,0.991738,0.008262,51200,6575141,1527,20791,178,648,286,1952
41150,121.151,71.724,2.575345,1.90271,0.672635,2.075928,1.90979,0.665555,128.3329,0.81832,0.0,111.2878,0.0,0.990391,0.009609,51200,6570643,1592,20798,170,648,282,1952
41200,121.288,71.803,2.656939,1.945068,0.71187,2.111694,1.963257,0.693682,128.0973,0.810234,0.0,110.259,0.0,0.986895,0.013105,51200,6558583,1582,20919,167,648,287,1952
41250,121.427,71.882,2.565352,1.873291,0.692061,2.042603,1.885864,0.679488,127.7631,0.816504,0.0,109.9612,0.0,0.982812,0.017188,51200,6541473,1596,20122,164,648,282,1952
41300,121.567,71.961,2.555128,1.844971,0.710158,2.018799,1.854736,0.700392,127.883,0.802754,0.0,110.4695,0.0,0.983516,0.016484,51200,6547612,1605,20007,161,648,281,1952
41350,121.705,72.039,2.479088,1.832031,0.647057,1.992432,1.830078,0.64901,128.1536,0.797285,0.0,111.5632,0.0,0.988203,0.011797,51200,6561465,1569,20107,179,648,288,1952
41400,121.846,72.119,2.641875,1.969116,0.672758,2.144653,1.979248,0.662627,128.1723,0.793125,0.0,111.0726,0.0,0.988652,0.011348,51200,6562420,1629,21819,182,650,295,1952
41450,121.987,72.199,2.823102,2.093262,0.729841,2.279297,2.122925,0.700178,128.2969,0.805898,0.0,108.8739,0.0,0.990176,0.009824,51200,6568803,1487,23673,181,650,286,1952
41500,122.126,72.279,2.916073,2.17041,0.745662,2.361816,2.204712,0.711361,128.7509,0.815254,0.0,106.9924,0.0,0.99623,0.00377,51200,6592048,1546,25273,175,652,280,1956
41550,122.263,72.359,2.811356,2.070068,0.741287,2.260986,2.092651,0.718704,128.837,0.806582,0.0,106.1412,0.0,0.9975,0.0025,51200,6596455,1583,24154,162,652,239,1956
41600,122.403,72.439,2.781036,2.044922,0.736115,2.230713,2.065308,0.715729,134.829,0.796992,0.048106,111.0788,0.000801,0.989023,0.010176,51200,6903244,1561,23398,176,652,231,1956
41650,122.574,72.534,2.74369,1.999756,0.743935,2.158325,2.0177,0.72599,145.2454,0.7925,0.117844,117.0433,0.002109,0.986406,0.011484,51200,7436564,1543,23255,180,652,229,1956
41700,122.716,72.618,2.629226,1.906372,0.722854,2.075684,1.931763,0.697464,143.7752,0.791133,0.107154,116.5079,0.001895,0.989941,0.008164,51200,7361289,1543,21712,184,652,235,1956
41750,122.857,72.698,2.663416,1.909424,0.753992,2.074097,1.921997,0.741419,144.4758,0.771543,0.111015,117.3044,0.001973,0.991758,0.00627,51200,7397160,1575,21730,165,652,232,1956
41800,123.003,72.781,2.732911,2.021484,0.711427,2.19751,2.048584,0.684327,149.1133,0.771504,0.140566,119.9811,0.002578,0.986562,0.010859,51200,7634602,1604,22841,172,653,237,1957
41850,123.156,72.87,2.556774,1.905518,0.651256,2.065308,1.920898,0.635875,163.6394,0.770664,0.219643,124.7494,0.004121,0.978789,0.01709,51200,8378337,1536,20718,179,653,250,1958
41900,123.307,72.956,2.65125,1.966309,0.684941,2.124634,1.9823,0.66895,145.8223,0.779824,0.124109,115.6088,0.002227,0.98041,0.017363,51200,7466102,1561,21179,186,654,253,1960
41950,123.45,73.037,2.609843,1.931641,0.678203,2.093872,1.939941,0.669902,139.5256,0.783477,0.081879,113.7746,0.001406,0.98627,0.012324,51200,7143709,1607,20609,181,654,246,1960
42000,123.588,73.115,2.665158,1.969727,0.695432,2.113037,1.977417,0.687741,129.4722,0.787656,0.01344,112.032,0.000215,0.980977,0.018809,51200,6628976,1610,21881,186,654,255,1960
42050,123.732,73.196,2.66949,2.021118,0.648372,2.171753,2.031128,0.638362,127.9868,0.76043,0.00125,109.17,2e-05,0.981855,0.018125,51200,6552923,1545,22098,205,657,274,1963
42100,123.873,73.275,2.647418,1.95752,0.689899,2.103516,1.964111,0.683307,127.8851,0.762285,0.00114,109.6287,0.0,0.980293,0.019707,51200,6547715,1575,20763,208,657,271,1963
42150,124.014,73.354,2.506744,1.868774,0.63797,2.013062,1.860229,0.646515,127.2306,0.801602,0.0,110.734,0.0,0.973359,0.026641,51200,6514208,1545,19567,211,657,273,1963
42200,124.155,73.432,2.370149,1.784424,0.585725,1.938965,1.770386,0.599763,127.6978,0.819336,0.0,113.2403,0.0,0.980488,0.019512,51200,6538125,1600,18720,199,657,273,1963
42250,124.298,73.51,2.390532,1.766846,0.623686,1.903442,1.747437,0.643095,127.9141,0.814492,0.0,114.1886,0.0,0.983125,0.016875,51200,6549201,1637,18746,198,657,277,1963
42300,124.439,73.589,2.398758,1.75061,0.648148,1.880005,1.730347,0.668412,128.0113,0.794316,0.0,114.0373,0.0,0.984551,0.015449,51200,6554181,1605,18971,207,657,290,1965
42350,124.579,73.671,2.42361,1.738892,0.684718,1.869385,1.72937,0.694239,143.8769,0.794258,0.108171,122.7989,0.001914,0.989668,0.008418,51200,7366497,1585,18968,210,660,294,1968
42400,124.718,73.748,2.547554,1.853149,0.694404,1.98877,1.845703,0.701851,128.0837,0.779961,0.000207,112.8976,0.0,0.985332,0.014668,51200,6557886,1555,20378,184,660,265,1968
42450,124.883,73.845,2.669075,1.92041,0.748665,2.055176,1.920044,0.749031,128.2427,0.784414,0.0,111.2585,0.0,0.987695,0.012305,51200,6566025,1541,21151,182,661,266,1969
42500,125.025,73.925,2.693472,1.933105,0.760367,2.082275,1.935791,0.757681,128.391,0.795957,0.0,111.0002,0.0,0.990723,0.009277,51200,6573618,1582,20943,178,662,269,1976
42550,125.165,74.003,2.575804,1.868042,0.707762,1.995483,1.857422,0.718382,128.3421,0.784805,0.0,111.6303,0.0,0.989902,0.010098,51200,6571117,1533,20046,183,663,265,1977
42600,125.304,74.081,2.545859,1.849731,0.696127,1.993896,1.839478,0.706381,128.3461,0.805703,0.0,112.8638,0.0,0.990078,0.009922,51200,6571320,1531,20046,182,663,256,1977
42650,125.443,74.161,2.648327,1.925903,0.722424,2.059937,1.925659,0.722668,133.6655,0.79623,0.041398,112.9406,0.000684,0.986973,0.012344,51200,6843675,1611,21321,182,663,241,1977
42700,125.587,74.245,2.671352,1.966675,0.704677,2.113281,1.983887,0.687466,154.2673,0.77002,0.172884,130.1224,0.003281,0.979336,0.017383,51200,7898485,1605,21834,182,664,236,1979
42750,125.733,74.328,2.744845,2.029541,0.715304,2.176147,2.04248,0.702365,153.1818,0.756289,0.16547,125.4393,0.003125,0.982168,0.014707,51200,7842907,1612,22597,169,664,223,1979
42800,125.882,74.414,2.731916,1.991699,0.740217,2.146362,1.995239,0.736677,167.8026,0.760312,0.237139,130.7786,0.004902,0.984531,0.010566,51200,8591493,1514,21543,172,664,218,1979
42850,126.03,74.5,2.626011,1.90332,0.722691,2.040283,1.901978,0.724034,169.1449,0.771211,0.244557,133.3604,0.005098,0.980293,0.014609,51200,8660220,1561,20235,172,664,224,1980
42900,126.175,74.585,2.597067,1.876465,0.720602,2.017334,1.872314,0.724753,161.7311,0.777578,0.208403,132.3468,0.00416,0.984902,0.010938,51200,8280633,1593,19745,183,666,237,1981
42950,126.317,74.668,2.666459,1.914062,0.752396,2.053223,1.895874,0.770585,156.944,0.789863,0.181892,130.6871,0.003516,0.989688,0.006797,51200,8035534,1609,20493,202,671,254,1981
43000,126.457,74.747,2.741161,1.976196,0.764964,2.119995,1.981567,0.759593,128.6101,0.801133,0.0,111.3249,0.0,0.994492,0.005508,51200,6584839,1588,21073,211,672,261,1982
43050,126.594,74.826,2.740326,1.966553,0.773774,2.114868,1.986572,0.753754,128.4469,0.787363,0.0,110.0405,0.0,0.991152,0.008848,51200,6576479,1593,20993,240,674,295,1986
43100,126.735,74.906,2.782774,2.061035,0.721739,2.213379,2.066284,0.71649,128.565,0.800098,0.0,109.4508,0.0,0.992734,0.007266,51200,6582530,1600,22799,235,674,287,1986
43150,126.873,74.985,2.687574,1.962402,0.725172,2.097534,1.959229,0.728346,128.4165,0.799629,0.0,109.5061,0.0,0.990703,0.009297,51200,6574927,1515,20993,239,674,285,1986
43200,127.012,75.064,2.760034,2.008789,0.751245,2.153809,2.018799,0.741235,128.2097,0.794219,0.00017,109.7586,0.0,0.98752,0.01248,51200,6564338,1583,22083,248,674,293,1986
43250,127.156,75.148,2.831385,2.020386,0.810999,2.175049,2.030884,0.800501,131.479,0.812344,0.022984,110.8262,0.000371,0.991582,0.008047,51200,6731723,1623,22127,255,674,299,1986
43300,127.315,75.239,2.797181,1.981323,0.815858,2.118286,1.987915,0.809266,131.4908,0.8325,0.021698,109.9674,0.000352,0.994199,0.005449,51200,6732328,1539,21342,249,674,293,1986
43350,127.467,75.324,2.717317,1.92041,0.796907,2.067139,1.929932,0.787386,129.9744,0.825254,0.010958,110.2706,0.000176,0.99291,0.006914,51200,6654687,1562,20591,240,674,276,1986
43400,127.607,75.405,2.615828,1.841064,0.774764,1.98938,1.858521,0.757308,128.264,0.816387,0.0,110.6126,0.0,0.98918,0.01082,51200,6567119,1551,19430,222,675,272,1986
43450,127.741,75.483,2.478117,1.763916,0.714201,1.909424,1.768066,0.710051,128.4213,0.81625,0.0,111.6028,0.0,0.991055,0.008945,51200,6575172,1529,19027,205,675,254,1986
43500,127.879,75.56,2.62066,1.87854,0.74212,2.029541,1.894043,0.726617,128.4282,0.798164,0.0,111.16,0.0,0.991289,0.008711,51200,6575525,1530,20610,207,681,258,1986
43550,128.017,75.638,2.623248,1.894287,0.728961,2.058838,1.903564,0.719683,128.3589,0.782422,0.0,110.713,0.0,0.990195,0.009805,51200,6571977,1560,20670,206,682,266,1986
43600,128.157,75.717,2.642984,1.904053,0.738932,2.060303,1.915283,0.727701,128.3776,0.784941,0.0,110.2902,0.0,0.990254,0.009746,51200,6572934,1572,20945,200,683,266,1987
43650,128.295,75.795,2.723489,1.96167,0.761819,2.124023,1.970337,0.753152,128.484,0.791035,0.0,110.1931,0.0,0.991797,0.008203,51200,6578381,1515,21522,200,684,262,1987
43700,128.434,75.874,2.594886,1.899536,0.69535,2.035156,1.895874,0.699012,128.2868,0.804492,0.0,109.681,0.0,0.988906,0.011094,51200,6568282,1642,20999,194,685,252,1987
43750,128.576,75.952,2.599861,1.920532,0.679329,2.06189,1.914062,0.685799,128.4337,0.796699,0.0,111.5421,0.0,0.991055,0.008945,51200,6575804,1555,20682,211,685,265,1987
43800,128.716,76.031,2.615353,1.932373,0.68298,2.074463,1.925171,0.690182,128.6079,0.821797,0.0,111.8657,0.0,0.99373,0.00627,51200,6584724,1506,21423,220,685,276,1987
43850,128.855,76.11,2.608066,1.895264,0.712803,2.028564,1.880127,0.727939,128.6132,0.81332,0.0,110.9969,0.0,0.993809,0.006191,51200,6584997,1552,21130,232,685,294,1987
43900,128.992,76.188,2.444066,1.763794,0.680272,1.896118,1.73877,0.705296,128.745,0.817793,0.0,112.274,0.0,0.996074,0.003926,51200,6591746,1604,18716,246,691,303,1987
43950,129.13,76.267,2.526016,1.839355,0.68666,1.968384,1.822998,0.703018,128.371,0.814844,0.0,112.7276,0.0,0.990098,0.009902,51200,6572594,1642,19675,247,691,307,1987
44000,129.273,76.349,2.627321,1.859253,0.768068,2.002808,1.848145,0.779176,128.4976,0.821074,0.0,111.7801,0.0,0.991719,0.008281,51200,6579076,1663,20026,254,692,316,1988
44050,129.413,76.43,2.566158,1.814087,0.752071,1.955078,1.809082,0.757076,139.5994,0.82,0.082987,117.1721,0.001426,0.985195,0.013379,51200,7147488,1566,19811,239,696,301,1991
44100,129.554,76.51,2.612744,1.837036,0.775708,1.975342,1.834717,0.778027,142.6514,0.827949,0.099182,119.0767,0.001738,0.992266,0.005996,51200,7303750,1654,20276,242,699,306,1992
44150,129.692,76.591,2.534327,1.720093,0.814235,1.86377,1.716187,0.818141,141.4103,0.844805,0.091955,118.6969,0.001602,0.990918,0.00748,51200,7240209,1555,18563,241,701,308,1997
44200,129.829,76.67,2.537913,1.721436,0.816477,1.867798,1.71814,0.819773,128.7771,0.838359,0.0,113.9939,0.0,0.99666,0.00334,51200,6593390,1536,18418,237,702,293,1998
44250,129.966,76.748,2.454496,1.686646,0.767851,1.831787,1.683594,0.770902,128.9548,0.844863,0.0,113.5164,0.0,0.99916,0.00084,51200,6602485,1550,18167,202,702,260,2003
44300,130.102,76.826,2.386521,1.669067,0.717453,1.801636,1.669922,0.716599,128.6002,0.821992,0.0,114.0087,0.0,0.993496,0.006504,51200,6584328,1602,17096,193,703,255,2004
44350,130.237,76.903,2.464924,1.709595,0.75533,1.849731,1.708252,0.756672,128.4743,0.78998,0.0,113.7978,0.0,0.991758,0.008242,51200,6577882,1596,18620,199,703,258,2004
44400,130.376,76.982,2.548358,1.780762,0.767596,1.941162,1.793945,0.754413,128.5996,0.803477,0.0,112.9082,0.0,0.993906,0.006094,51200,6584297,1582,18988,198,703,259,2005
44450,130.512,77.06,2.614099,1.818726,0.795373,1.994995,1.834229,0.77987,128.6029,0.811348,0.0,111.6349,0.0,0.994141,0.005859,51200,6584470,1577,20409,187,703,246,2005
44500,130.666,77.14,2.573573,1.799683,0.773891,1.959351,1.802612,0.770961,128.6246,0.812695,0.0,111.9128,0.0,0.994219,0.005781,51200,6585582,1603,19384,195,710,258,2014
44550,130.808,77.22,2.575277,1.827637,0.747641,1.981689,1.837769,0.737509,128.7535,0.812715,0.0,111.9351,0.0,0.995879,0.004121,51200,6592181,1529,19594,209,710,263,2014
44600,130.941,77.298,2.593573,1.826416,0.767157,1.982178,1.8396,0.753973,128.5194,0.813398,0.0,112.1345,0.0,0.992598,0.007402,51200,6580191,1569,20028,215,710,272,2014
44650,131.076,77.376,2.676961,1.912476,0.764485,2.079468,1.925537,0.751424,128.2248,0.800918,0.0,110.4916,0.0,0.987812,0.012188,51200,6565109,1520,20659,206,710,262,2014
44700,131.211,77.454,2.615746,1.865845,0.749901,2.030396,1.878052,0.737694,128.3271,0.806406,0.001244,111.0881,2e-05,0.986543,0.013438,51200,6570349,1573,20083,206,710,261,2014
44750,131.351,77.535,2.625291,1.893921,0.731371,2.064697,1.899658,0.725633,145.352,0.796543,0.12228,124.6678,0.002188,0.978086,0.019727,51200,7442021,1543,20293,226,713,286,2014
44800,131.488,77.614,2.571893,1.852051,0.719843,2.007568,1.844238,0.727655,140.6361,0.798887,0.092571,121.3435,0.001602,0.978555,0.019844,51200,7200568,1588,19485,214,713,280,2014
44850,131.628,77.695,2.507479,1.796143,0.711336,1.956665,1.793945,0.713533,145.3931,0.796992,0.120032,125.9019,0.002148,0.983496,0.014355,51200,7444126,1526,18556,215,713,283,2018
44900,131.765,77.775,2.473971,1.765625,0.708346,1.917725,1.759033,0.714938,143.2526,0.794238,0.106343,124.2371,0.001875,0.984668,0.013457,51200,7334535,1564,18715,218,713,277,2018
44950,131.902,77.852,2.444702,1.755615,0.689087,1.900513,1.745117,0.699585,128.173,0.80832,0.0,113.6055,0.0,0.986973,0.013027,51200,6562456,1634,18838,229,713,286,2018
45000,132.042,77.93,2.475984,1.746704,0.72928,1.890259,1.73877,0.737215,128.4641,0.803652,0.0,114.2446,0.0,0.99168,0.00832,51200,6577363,1617,18464,236,715,305,2019
45050,132.178,78.008,2.370096,1.648315,0.721781,1.786011,1.625977,0.74412,128.2209,0.805859,0.0,114.7439,0.0,0.987812,0.012188,51200,6564909,1521,17634,226,716,306,2020
45100,132.312,78.085,2.284796,1.592529,0.692267,1.744263,1.581421,0.703375,128.3757,0.832383,0.0,115.2807,0.0,0.990625,0.009375,51200,6572835,1570,16917,213,718,289,2022
45150,132.447,78.162,2.367258,1.658447,0.70881,1.802979,1.655151,0.712106,128.3573,0.825586,0.0,115.6484,0.0,0.990391,0.009609,51200,6571896,1614,17581,209,718,292,2022
45200,132.583,78.239,2.41179,1.779297,0.632493,1.930298,1.782715,0.629075,128.052,0.816309,1.6e-05,113.9869,0.0,0.98543,0.01457,51200,6556264,1612,19343,214,723,305,2034
45250,132.72,78.317,2.627806,1.936157,0.691649,2.10144,1.964111,0.663695,129.1192,0.817324,0.008594,112.5999,0.000137,0.985742,0.014121,51200,6610904,1574,21244,216,725,308,2036
45300,132.855,78.395,2.649125,1.958984,0.690141,2.127319,1.978271,0.670853,127.8101,0.817324,0.0,110.2526,0.0,0.983047,0.016953,51200,6543875,1602,21486,201,725,298,2036
45350,132.992,78.474,2.65539,1.97229,0.6831,2.138306,1.990601,0.66479,128.4126,0.799395,0.004944,110.1098,7.8e-05,0.982578,0.017344,51200,6574723,1608,21574,204,725,298,2043
45400,133.133,78.554,2.701694,1.950195,0.751498,2.114746,1.966187,0.735507,130.9981,0.786504,0.026637,111.4465,0.00043,0.978105,0.021465,51200,6707104,1549,22166,214,725,305,2043
45450,133.273,78.634,2.580435,1.86731,0.713125,2.033203,1.88147,0.698965,136.9645,0.802031,0.064874,119.274,0.001094,0.98584,0.013066,51200,7012584,1542,20671,215,725,297,2043
45500,133.412,78.715,2.49147,1.73291,0.75856,1.893311,1.736206,0.755264,140.9808,0.798086,0.089007,124.4738,0.001543,0.991582,0.006875,51200,7218218,1529,19280,208,725,285,2043
45550,133.549,78.793,2.552151,1.84375,0.708401,1.989624,1.839233,0.712918,128.5098,0.802539,0.0,112.7397,0.0,0.992539,0.007461,51200,6579704,1530,20898,205,725,291,2044
45600,133.686,78.871,2.604495,1.846924,0.757571,1.992798,1.8396,0.764896,128.5648,0.801055,0.0,111.6087,0.0,0.993574,0.006426,51200,6582516,1588,20997,212,727,292,2044
45650,133.827,78.951,2.555695,1.855835,0.69986,2.011597,1.848633,0.707063,135.6914,0.80707,0.052563,118.1022,0.000879,0.99293,0.006191,51200,6947398,1665,20559,208,727,293,2044
45700,133.965,79.031,2.523384,1.822632,0.700752,1.966553,1.82605,0.697334,128.4942,0.800273,0.0,113.0051,0.0,0.992109,0.007891,51200,6578901,1568,19788,208,727,290,2044
45750,134.103,79.109,2.484957,1.779785,0.705172,1.937866,1.778564,0.706393,128.2829,0.805332,0.0,113.3667,0.0,0.989082,0.010918,51200,6568082,1585,19215,211,727,295,2044
45800,134.243,79.19,2.368437,1.723145,0.645292,1.870972,1.714355,0.654081,128.3219,0.810879,0.000391,114.3676,0.0,0.989297,0.010703,51200,6570083,1568,18390,213,727,302,2044
45850,134.382,79.269,2.458762,1.765503,0.693259,1.907593,1.759155,0.699607,128.1561,0.823789,0.0,114.4964,0.0,0.987246,0.012754,51200,6561591,1602,18695,221,727,311,2044
45900,134.523,79.349,2.426717,1.752563,0.674154,1.896851,1.744019,0.682699,138.5065,0.830898,0.076765,124.5527,0.001309,0.983164,0.015527,51200,7091533,1580,18715,221,727,310,2044
45950,134.665,79.43,2.481445,1.803223,0.678222,1.953491,1.806274,0.675171,145.899,0.808027,0.12275,130.2827,0.002207,0.98375,0.014043,51200,7470028,1584,19702,211,727,304,2044
46000,134.807,79.511,2.511601,1.82019,0.69141,1.969116,1.815918,0.695683,144.2848,0.808203,0.110909,127.6486,0.001973,0.98834,0.009688,51200,7387384,1604,19593,214,728,300,2045
46050,134.948,79.593,2.489248,1.790405,0.698843,1.939087,1.796631,0.692618,146.1511,0.811953,0.124628,129.2882,0.002246,0.983145,0.014609,51200,7482935,1542,19344,207,728,298,2047
46100,135.09,79.675,2.540474,1.828857,0.711617,1.973755,1.839355,0.701119,150.8389,0.787461,0.153887,132.313,0.002852,0.978438,0.018711,51200,7722954,1532,19919,212,728,299,2048
46150,135.23,79.755,2.524985,1.811768,0.713217,1.95874,1.810303,0.714682,143.1482,0.784609,0.109918,128.1677,0.001934,0.976719,0.021348,51200,7329189,1593,19746,206,728,293,2048
46200,135.369,79.835,2.590829,1.892456,0.698373,2.039429,1.889404,0.701425,129.2054,0.778574,0.011055,113.75,0.000176,0.981328,0.018496,51200,6615318,1578,21267,205,728,293,2050
46250,135.508,79.914,2.694582,2.011475,0.683108,2.164307,2.008545,0.686037,133.582,0.792324,0.041078,114.6893,0.000684,0.985117,0.014199,51200,6839400,1574,22299,213,728,297,2050
46300,135.649,79.996,2.661078,1.942383,0.718695,2.088745,1.960693,0.700385,147.0891,0.786406,0.12854,120.9725,0.002344,0.985293,0.012363,51200,7530960,1518,21656,212,728,282,2050
46350,135.793,80.079,2.638885,1.964111,0.674774,2.111694,1.966309,0.672577,152.7034,0.774844,0.159695,127.4883,0.003027,0.986875,0.010098,51200,7818413,1581,21535,218,728,284,2050
46400,135.944,80.165,2.509326,1.848877,0.660449,1.99939,1.846191,0.663135,157.8018,0.800156,0.190241,132.0383,0.00373,0.977676,0.018594,51200,8079451,1570,19662,219,728,284,2050
46450,136.084,80.248,2.372552,1.716553,0.655999,1.853394,1.70874,0.663812,162.1184,0.797422,0.211432,135.5468,0.004258,0.977363,0.018379,51200,8300463,1619,17775,218,728,288,2050
46500,136.229,80.334,2.43347,1.753662,0.679808,1.884399,1.748047,0.685423,179.2158,0.794277,0.283899,146.9027,0.006309,0.984316,0.009375,51200,9175851,1602,19048,212,730,283,2052
46550,136.376,80.42,2.543683,1.884033,0.65965,2.020264,1.879028,0.664655,167.289,0.791309,0.231914,135.1627,0.004824,0.98623,0.008945,51200,8565195,1560,21005,216,730,287,2052
46600,136.518,80.503,2.485316,1.859863,0.625453,1.989746,1.850098,0.635218,157.4829,0.803926,0.18495,127.6278,0.003516,0.985977,0.010508,51200,8063125,1555,20248,214,730,290,2055
46650,136.662,80.587,2.448265,1.828613,0.619652,1.959106,1.826538,0.621727,159.9583,0.790703,0.197819,128.7781,0.003906,0.986484,0.009609,51200,8189864,1491,19670,206,730,285,2055
46700,136.806,80.671,2.40457,1.812866,0.591704,1.942139,1.802612,0.601957,164.2951,0.782129,0.219959,130.0851,0.004473,0.984766,0.010762,51200,8411909,1611,18984,202,730,283,2055
46750,136.948,80.753,2.504207,1.849976,0.654232,1.988037,1.847778,0.656429,151.7449,0.802363,0.154295,124.084,0.00291,0.986484,0.010605,51200,7769337,1591,19577,188,730,287,2055
46800,137.092,80.837,2.513424,1.839233,0.674191,1.977417,1.836304,0.67712,154.0956,0.776113,0.168233,124.5366,0.003223,0.984316,0.012461,51200,7889693,1493,18896,189,730,278,2055
46850,137.237,80.921,2.468612,1.822632,0.64598,1.967773,1.817749,0.650863,153.1559,0.780664,0.165232,124.0254,0.003145,0.978984,0.017871,51200,7841580,1493,19015,194,738,289,2064
46900,137.378,81.003,2.440225,1.778809,0.661416,1.925781,1.766846,0.673379,145.4409,0.785,0.123892,122.158,0.002227,0.975801,0.021973,51200,7446573,1541,18948,188,739,297,2066
46950,137.52,81.085,2.50859,1.859131,0.649459,1.995605,1.86145,0.64714,153.45,0.783594,0.166609,127.42,0.003164,0.980938,0.015898,51200,7856638,1612,19890,198,740,308,2067
47000,137.661,81.165,2.53873,1.870117,0.668613,2.014038,1.861572,0.677158,137.534,0.76625,0.072797,115.9493,0.00125,0.976172,0.022578,51200,7041743,1593,19855,203,744,311,2068
47050,137.812,81.246,2.521243,1.861694,0.659548,2.00708,1.85498,0.666262,136.1125,0.769297,0.063828,115.1018,0.001035,0.975352,0.023613,51200,6968959,1638,20251,203,744,307,2068
47100,137.956,81.327,2.533127,1.879517,0.65361,2.028442,1.873657,0.65947,149.5002,0.767988,0.14603,124.2112,0.002637,0.976934,0.02043,51200,7654411,1586,20083,197,744,299,2068
47150,138.1,81.409,2.484163,1.843872,0.640291,1.986084,1.826538,0.657625,150.7531,0.775469,0.149421,125.4998,0.002754,0.98584,0.011406,51200,7718557,1559,19328,188,744,295,2070
47200,138.241,81.49,2.535599,1.888794,0.646805,2.02771,1.884399,0.6512,149.6857,0.784453,0.142215,124.9701,0.002578,0.988691,0.00873,51200,7663907,1567,20556,204,744,287,2070
47250,138.387,81.576,2.512565,1.842529,0.670036,1.985107,1.844849,0.667717,171.0166,0.797207,0.250568,139.7956,0.005039,0.98416,0.010801,51200,8756048,1624,19517,202,744,287,2070
47300,138.531,81.66,2.555698,1.924072,0.631626,2.063965,1.934326,0.621372,168.2598,0.792285,0.237552,136.6584,0.004648,0.987168,0.008184,51200,8614902,1549,20739,219,744,282,2070
47350,138.68,81.745,2.501583,1.855835,0.645748,1.987793,1.853027,0.648556,170.2096,0.786152,0.244781,137.6479,0.004961,0.990352,0.004688,51200,8714734,1590,19521,218,744,281,2070
47400,138.824,81.831,2.517186,1.842163,0.675023,1.971436,1.836792,0.680394,161.3594,0.794609,0.204964,133.9447,0.004082,0.987305,0.008613,51200,8261603,1604,19789,218,744,285,2070
47450,138.967,81.915,2.538686,1.866211,0.672475,1.998657,1.862915,0.675771,163.0702,0.795801,0.212951,137.3165,0.004297,0.987305,0.008398,51200,8349193,1590,20541,214,744,283,2070
47500,139.121,82.003,2.460123,1.85376,0.606364,1.984741,1.836182,0.623942,190.2543,0.783223,0.326965,154.7907,0.007676,0.982715,0.009609,51200,9741022,1535,20199,212,744,281,2070
47550,139.274,82.097,2.477425,1.861084,0.616341,1.996704,1.848145,0.629281,201.3453,0.780703,0.365696,161.3723,0.009082,0.978613,0.012305,51200,10308877,1555,20844,204,745,287,2073
47600,139.42,82.184,2.52831,1.889771,0.63854,2.024658,1.883545,0.644766,177.9172,0.808359,0.283483,142.3716,0.006211,0.976738,0.017051,51200,9109359,1563,20754,195,745,286,2077
47650,139.565,82.269,2.578208,1.925415,0.652793,2.05957,1.927979,0.650229,161.0238,0.819141,0.206709,131.2931,0.004043,0.982031,0.013926,51200,8244416,1524,21343,193,745,290,2078
47700,139.708,82.354,2.499558,1.848511,0.651047,1.981201,1.842285,0.657272,162.7662,0.810391,0.216173,135.9968,0.004316,0.980371,0.015312,51200,8333628,1587,20130,179,745,270,2079
47750,139.859,82.442,2.611762,1.951904,0.659858,2.081543,1.948486,0.663276,158.9491,0.805547,0.197987,134.3373,0.003867,0.98002,0.016113,51200,8138196,1613,21440,188,745,273,2079
47800,140.007,82.528,2.579101,1.924927,0.654174,2.040771,1.914429,0.664672,174.0164,0.804609,0.267098,141.5315,0.005723,0.979473,0.014805,51200,8909641,1632,21142,177,745,276,2079
47850,140.158,82.619,2.623986,1.938721,0.685265,2.088867,1.938843,0.685143,193.6336,0.804883,0.342526,155.7272,0.008164,0.975918,0.015918,51200,9914042,1601,21262,170,745,275,2079
47900,140.309,82.708,2.508018,1.868164,0.639854,2.002808,1.851196,0.656822,185.0819,0.813438,0.310877,149.2724,0.00709,0.978711,0.014199,51200,9476191,1545,20104,179,745,291,2079
47950,140.458,82.798,2.454335,1.802734,0.651601,1.950684,1.805664,0.648671,195.7786,0.811152,0.34873,154.6529,0.008418,0.976602,0.01498,51200,10023865,1514,19466,170,745,280,2079
48000,140.608,82.887,2.573104,1.877808,0.695296,2.017212,1.878784,0.69432,181.5707,0.824238,0.296064,141.7621,0.006426,0.982148,0.011426,51200,9296422,1544,20397,195,745,312,2079
48050,140.761,82.978,2.409775,1.777588,0.632187,1.899292,1.754272,0.655502,199.8596,0.828008,0.362466,145.0643,0.008613,0.976641,0.014746,51200,10232812,1553,18327,203,745,322,2079
48100,140.909,83.064,2.444345,1.805542,0.638803,1.947144,1.807861,0.636483,175.3396,0.827402,0.273075,134.2063,0.005684,0.977734,0.016582,51200,8977390,1550,19008,205,745,321,2079
48150,141.052,83.148,2.464664,1.818115,0.646549,1.937622,1.802002,0.662662,164.4017,0.813789,0.225563,128.9963,0.004375,0.975898,0.019727,51200,8417366,1589,19266,199,745,307,2079
48200,141.198,83.233,2.586131,1.879639,0.706492,2.003784,1.87439,0.711741,170.2837,0.809824,0.252237,134.4831,0.005234,0.974766,0.02,51200,8718525,1606,21138,195,745,301,2080
48250,141.339,83.315,2.542823,1.856201,0.686622,2.000122,1.852661,0.690162,145.8421,0.789922,0.122652,116.96,0.002207,0.98457,0.013223,51200,7467117,1589,20706,195,745,305,2082
48300,141.481,83.396,2.548598,1.844116,0.704482,1.981445,1.836914,0.711684,145.4194,0.785645,0.118244,117.8646,0.002109,0.987754,0.010137,51200,7445473,1562,20639,184,745,282,2082
48350,141.624,83.478,2.515602,1.820435,0.695168,1.962402,1.80896,0.706643,145.341,0.808496,0.118753,118.076,0.002129,0.984863,0.013008,51200,7441459,1628,19748,195,746,282,2082
48400,141.768,83.559,2.483923,1.820068,0.663855,1.9552,1.806274,0.677649,144.8329,0.795117,0.116112,118.3689,0.00207,0.984824,0.013105,51200,7415446,1555,19912,190,746,275,2082
48450,141.909,83.641,2.532178,1.892456,0.639722,2.030273,1.87793,0.654249,144.3307,0.791504,0.110852,121.4138,0.001973,0.988457,0.00957,51200,7389731,1626,20787,186,746,269,2082
48500,142.049,83.72,2.500887,1.894775,0.606111,2.032104,1.876343,0.624544,130.7323,0.792051,0.016994,112.5615,0.000273,0.99252,0.007207,51200,6693495,1652,21044,175,746,256,2082
48550,142.2,83.806,2.607921,1.932495,0.675426,2.06665,1.925903,0.682017,145.2001,0.793223,0.115791,119.2565,0.00207,0.990449,0.00748,51200,7434244,1585,21952,181,746,262,2082
48600,142.34,83.886,2.57006,1.922363,0.647696,2.045898,1.924194,0.645865,138.6688,0.786016,0.07552,116.735,0.001289,0.987188,0.011523,51200,7099842,1546,21607,162,746,241,2082
48650,142.483,83.967,2.62646,1.966064,0.660396,2.109253,1.970337,0.656123,128.3696,0.756309,0.0,110.2229,0.0,0.990488,0.009512,51200,6572521,1607,22464,172,746,234,2082
48700,142.625,84.048,2.580503,1.962769,0.617735,2.093872,1.953369,0.627134,128.3027,0.749922,0.0,109.9918,0.0,0.988984,0.011016,51200,6569100,1570,22056,175,746,234,2083
48750,142.768,84.128,2.616944,1.993164,0.623779,2.120117,1.990845,0.626099,137.4032,0.772754,0.064905,118.5361,0.001094,0.992285,0.006621,51200,7035046,1593,22069,177,746,239,2083
48800,142.908,84.207,2.68461,2.030151,0.654459,2.180664,2.045166,0.639444,128.3652,0.791855,0.0,109.1463,0.0,0.990625,0.009375,51200,6572299,1575,22682,181,748,237,2085
48850,143.047,84.286,2.788735,2.034058,0.754677,2.165405,2.035645,0.753091,128.7384,0.798965,0.001944,109.0413,2e-05,0.991758,0.008223,51200,6591406,1485,22498,168,748,239,2085
48900,143.192,84.368,2.69926,1.984009,0.715251,2.110718,1.992065,0.707194,128.3361,0.804824,0.0,109.5559,0.0,0.989395,0.010605,51200,6570810,1572,21005,181,748,260,2085
48950,143.333,84.448,2.700121,1.991455,0.708665,2.103149,1.991943,0.708177,128.2489,0.806152,0.0,109.4558,0.0,0.988086,0.011914,51200,6566342,1570,20742,190,748,272,2085
49000,143.471,84.527,2.732052,2.053711,0.678341,2.170776,2.066406,0.665646,128.0334,0.811797,0.000247,109.2135,0.0,0.984746,0.015254,51200,6555312,1592,22519,200,749,289,2085
49050,143.611,84.609,2.781249,2.080444,0.700804,2.187622,2.09314,0.688109,139.4886,0.80041,0.081933,114.1512,0.001406,0.984961,0.013633,51200,7141815,1563,22450,205,750,294,2085
49100,143.75,84.692,2.775818,2.043091,0.732728,2.159302,2.052734,0.723084,145.7061,0.77623,0.120748,116.7724,0.002148,0.986426,0.011426,51200,7460154,1594,22352,215,751,309,2086
49150,143.892,84.774,2.664042,2.016724,0.647319,2.149292,2.02002,0.644023,148.1302,0.778945,0.133901,117.1862,0.002441,0.988906,0.008652,51200,7584267,1517,22609,207,751,298,2086
49200,144.047,84.862,2.59166,1.981323,0.610337,2.10791,1.983521,0.60814,144.3742,0.794102,0.112122,118.2797,0.001992,0.987324,0.010684,51200,7391960,1540,22033,193,751,281,2089
49250,144.191,84.947,2.546849,1.928589,0.61826,2.064209,1.936646,0.610203,146.8114,0.804648,0.12755,120.5172,0.002305,0.985723,0.011973,51200,7516746,1617,20922,194,751,270,2089
49300,144.334,85.028,2.482417,1.873535,0.608882,2.016479,1.869507,0.61291,142.6425,0.789395,0.102331,118.7388,0.001797,0.98541,0.012793,51200,7303297,1531,20266,189,751,266,2089
49350,144.477,85.11,2.425222,1.840454,0.584768,1.97229,1.836792,0.58843,144.0265,0.764902,0.111485,119.9708,0.001973,0.983965,0.014062,51200,7374155,1505,19734,168,751,264,2089
49400,144.618,85.19,2.362459,1.816895,0.545564,1.942749,1.803467,0.558992,140.2478,0.762344,0.087242,119.4963,0.001504,0.984824,0.013672,51200,7180688,1624,19720,166,754,267,2093
49450,144.762,85.274,2.440504,1.872803,0.567702,2.022217,1.874268,0.566237,158.3198,0.778848,0.192335,132.0349,0.00375,0.982324,0.013926,51200,8105974,1580,21182,147,755,250,2094
49500,144.906,85.356,2.381413,1.859985,0.521428,1.984863,1.845093,0.536321,148.7351,0.78543,0.137943,123.2462,0.00252,0.987344,0.010137,51200,7615237,1540,20255,149,755,255,2094
49550,145.048,85.438,2.513586,1.919678,0.593908,2.054688,1.923218,0.590368,142.0366,0.790938,0.096162,118.929,0.00168,0.990879,0.007441,51200,7272275,1571,21151,151,755,258,2094
49600,145.19,85.52,2.486029,1.90918,0.57685,2.043579,1.913452,0.572577,145.2478,0.785859,0.116902,118.9311,0.00209,0.989512,0.008398,51200,7436688,1511,20269,159,759,266,2098
49650,145.333,85.601,2.609225,1.911743,0.697482,2.049683,1.917847,0.691379,134.0753,0.793457,0.042457,113.8629,0.000703,0.990859,0.008438,51200,6864653,1543,21244,156,759,261,2098
49700,145.473,85.682,2.580384,1.878662,0.701722,2.029907,1.888184,0.692201,130.1073,0.804941,0.013147,112.5511,0.000215,0.99082,0.008965,51200,6661493,1534,19515,153,759,259,2098
49750,145.612,85.761,2.542041,1.875732,0.666309,2.022461,1.882324,0.659717,128.4907,0.818848,0.0,111.8496,0.0,0.9925,0.0075,51200,6578724,1534,19899,170,759,282,2098
49800,145.751,85.84,2.549092,1.872192,0.676899,2.022339,1.885376,0.663716,128.5541,0.809863,0.0,111.2793,0.0,0.992852,0.007148,51200,6581972,1623,19573,187,759,302,2098
49850,145.89,85.918,2.468996,1.773804,0.695193,1.918701,1.780273,0.688723,128.3359,0.818184,0.000637,111.9249,0.0,0.988613,0.011387,51200,6570797,1566,18684,191,759,305,2098
49900,146.038,86.004,2.478425,1.790771,0.687654,1.932983,1.800903,0.677522,128.4282,0.807441,0.0,112.4682,0.0,0.991035,0.008965,51200,6575522,1521,18974,186,759,296,2098
49950,146.18,86.082,2.45454,1.810547,0.643993,1.952637,1.816772,0.637767,128.3194,0.803359,0.0,112.9079,0.0,0.990215,0.009785,51200,6569953,1584,19414,194,759,308,2098
50000,146.339,86.166,2.483313,1.846924,0.636389,1.98877,1.850342,0.632971,128.5836,0.794336,0.0,112.7893,0.0,0.993809,0.006191,51200,6583478,1486,20606,184,760,296,2098
