# epoch 0  H=7.9968 C=8.0032 HO=-0.0037  A(t)=0
         1  ..[.v.......d...  ffff5bbd761690e0f415bd946402bdd4
         1  ..Ss.9w..6..i6.9  fffe5373ae39778c0336fe936936a239
         1  ..o".{!...R..-.b  fffd6f22c87b21cbc1b652af842ddc62
         1  ..J&.A]..3..vjF.  fffd4a26e1415df18f33f31b766a46b0
         1  ..;M.W...Q..b#9.  fffd3b4d9857bcf81251daaf62233989
         1  ...x;.1S._k.7...  fffc06783b993153f35f6b8937af85c1
         1  ....._H...._L.V~  fffaa1088820488a1bc0045f4c9e567e
         1  ....O..6uD.|..f_  fff9eefc4f8318367544177cf817665f
         1  ...:.M+..:*w.TF.  fff9833ac34d2bf7fd3a2a77f25446ec
         1  ....Y.PT#......S  fff88f0d591050542309b0a8a5ae1e53
# epoch 50  H=7.9886 C=7.8243 HO=0.1301  A(t)=0
       120  ]]]]]]]]]]]]]]]]  5d5d5d5d5d5d5d5d5d5d5d5d5d5d5d5d
        83  ................  0a0a0a0a0a0a0a0a0a0a0a0a0a0a0a0a
        64  ................  d1d1d1d1d1d1d1d1d1d1d1d1d1d1d1d1
        47  BBBBBBBBBBBBBBBB  42424242424242424242424242424242
        38  ................  bcbcbcbcbcbcbcbcbcbcbcbcbcbcbcbc
        30  iiiiiiiiiiiiiiii  69696969696969696969696969696969
        26  ................  cececececececececececececececece
        25  ________________  5f5f5f5f5f5f5f5f5f5f5f5f5f5f5f5f
        22  ................  bdbdbdbdbdbdbdbdbdbdbdbdbdbdbdbd
        19  ................  87878787878787878787878787878787
# epoch 100  H=7.9834 C=7.6681 HO=0.3058  A(t)=0
        95  ]]]]]]]]]]]]]]]]  5d5d5d5d5d5d5d5d5d5d5d5d5d5d5d5d
        92  ZZZZZZZZZZZZZZZZ  5a5a5a5a5a5a5a5a5a5a5a5a5a5a5a5a
        78  9999999999999999  39393939393939393939393939393939
        72  ................  f6f6f6f6f6f6f6f6f6f6f6f6f6f6f6f6
        57  ................  0a0a0a0a0a0a0a0a0a0a0a0a0a0a0a0a
        34  ................  d1d1d1d1d1d1d1d1d1d1d1d1d1d1d1d1
        32  ................  c9c9c9c9c9c9c9c9c9c9c9c9c9c9c9c9
        31  [[[[[[[[[[[[[[[[  5b5b5b5b5b5b5b5b5b5b5b5b5b5b5b5b
        28  ................  b8b8b8b8b8b8b8b8b8b8b8b8b8b8b8b8
        21  ................  b6b6b6b6b6b6b6b6b6b6b6b6b6b6b6b6
# epoch 150  H=7.9748 C=7.5686 HO=0.3928  A(t)=0
        97  OOOOOOOOOOOOOOOO  4f4f4f4f4f4f4f4f4f4f4f4f4f4f4f4f
        89  ]]]]]]]]]]]]]]]]  5d5d5d5d5d5d5d5d5d5d5d5d5d5d5d5d
        73  ,,,,,,,,,,,,,,,,  2c2c2c2c2c2c2c2c2c2c2c2c2c2c2c2c
        49  ZZZZZZZZZZZZZZZZ  5a5a5a5a5a5a5a5a5a5a5a5a5a5a5a5a
        41  ................  0a0a0a0a0a0a0a0a0a0a0a0a0a0a0a0a
        39  [[[[[[[[[[[[[[[[  5b5b5b5b5b5b5b5b5b5b5b5b5b5b5b5b
        29  ................  9f9f9f9f9f9f9f9f9f9f9f9f9f9f9f9f
        27  ................  f6f6f6f6f6f6f6f6f6f6f6f6f6f6f6f6
        20  RRRRRRRRRRRRRRRR  52525252525252525252525252525252
        17  ................  c9c9c9c9c9c9c9c9c9c9c9c9c9c9c9c9
# epoch 200  H=7.9711 C=7.5090 HO=0.4251  A(t)=0
       114  ................  abababababababababababababababab
        87  OOOOOOOOOOOOOOOO  4f4f4f4f4f4f4f4f4f4f4f4f4f4f4f4f
        65  ................  aeaeaeaeaeaeaeaeaeaeaeaeaeaeaeae
        63  ]]]]]]]]]]]]]]]]  5d5d5d5d5d5d5d5d5d5d5d5d5d5d5d5d
        45  ................  f6f6f6f6f6f6f6f6f6f6f6f6f6f6f6f6
        37  [[[[[[[[[[[[[[[[  5b5b5b5b5b5b5b5b5b5b5b5b5b5b5b5b
        35  ZZZZZZZZZZZZZZZZ  5a5a5a5a5a5a5a5a5a5a5a5a5a5a5a5a
        23  ................  0a0a0a0a0a0a0a0a0a0a0a0a0a0a0a0a
        22  _Q_Q_Q_Q_Q_Q_Q_Q  5f515f515f515f515f515f515f515f51
        21  Q_Q_Q_Q_Q_Q_Q_Q_  515f515f515f515f515f515f515f515f
# epoch 250  H=7.9678 C=7.4691 HO=0.4411  A(t)=0
        99  OOOOOOOOOOOOOOOO  4f4f4f4f4f4f4f4f4f4f4f4f4f4f4f4f
        74  ................  abababababababababababababababab
        29  [[[[[[[[[[[[[[[[  5b5b5b5b5b5b5b5b5b5b5b5b5b5b5b5b
        26  ................  d1d1d1d1d1d1d1d1d1d1d1d1d1d1d1d1
        26  ]]]]]]]]]]]]]]]]  5d5d5d5d5d5d5d5d5d5d5d5d5d5d5d5d
        26  ................  0a0a0a0a0a0a0a0a0a0a0a0a0a0a0a0a
        25  ZZZZZZZZZZZZZZZZ  5a5a5a5a5a5a5a5a5a5a5a5a5a5a5a5a
        22  `.`.`.`.`.`.`.`.  60f860f860f860f860f860f860f860f8
        21  .`.`.`.`.`.`.`.`  f860f860f860f860f860f860f860f860
        18  ................  c9c9c9c9c9c9c9c9c9c9c9c9c9c9c9c9
# epoch 300  H=7.9638 C=7.4288 HO=0.4780  A(t)=6
       100  OOOOOOOOOOOOOOOO  4f4f4f4f4f4f4f4f4f4f4f4f4f4f4f4f
        46  ................  abababababababababababababababab
        36  `.`.`.`.`.`.`.`.  60f860f860f860f860f860f860f860f8
        35  .`.`.`.`.`.`.`.`  f860f860f860f860f860f860f860f860
        28  [[[[[[[[[[[[[[[[  5b5b5b5b5b5b5b5b5b5b5b5b5b5b5b5b
        25  ................  d1d1d1d1d1d1d1d1d1d1d1d1d1d1d1d1
        24  ]]]]]]]]]]]]]]]]  5d5d5d5d5d5d5d5d5d5d5d5d5d5d5d5d
        24  ................  0a0a0a0a0a0a0a0a0a0a0a0a0a0a0a0a
        10  ZZZZZZZZZZZZZZZZ  5a5a5a5a5a5a5a5a5a5a5a5a5a5a5a5a
         8  ................  d0d0d0d0d0d0d0d0d0d0d0d0d0d0d0d0
# epoch 350  H=7.9547 C=7.3773 HO=0.4344  A(t)=13
        91  OOOOOOOOOOOOOOOO  4f4f4f4f4f4f4f4f4f4f4f4f4f4f4f4f
        71  DDDDDDDDDDDDDDDD  44444444444444444444444444444444
        48  [[[[[[[[[[[[[[[[  5b5b5b5b5b5b5b5b5b5b5b5b5b5b5b5b
        39  ................  cacacacacacacacacacacacacacacaca
        37  ................  abababababababababababababababab
        34  ................  d7d7d7d7d7d7d7d7d7d7d7d7d7d7d7d7
        26  ................  dddddddddddddddddddddddddddddddd
        16  .`.`.`.`.`.`.`.`  f860f860f860f860f860f860f860f860
        16  `.`.`.`.`.`.`.`.  60f860f860f860f860f860f860f860f8
        10  ZZZZZZZZZZZZZZZZ  5a5a5a5a5a5a5a5a5a5a5a5a5a5a5a5a
# epoch 400  H=7.9467 C=7.3397 HO=0.5108  A(t)=16
        69  DDDDDDDDDDDDDDDD  44444444444444444444444444444444
        54  OOOOOOOOOOOOOOOO  4f4f4f4f4f4f4f4f4f4f4f4f4f4f4f4f
        32  ................  d7d7d7d7d7d7d7d7d7d7d7d7d7d7d7d7
        30  [[[[[[[[[[[[[[[[  5b5b5b5b5b5b5b5b5b5b5b5b5b5b5b5b
        28  ................  cacacacacacacacacacacacacacacaca
        26  ................  dddddddddddddddddddddddddddddddd
        26  ................  abababababababababababababababab
        12  MMMMMMMMMMMMMMMM  4d4d4d4d4d4d4d4d4d4d4d4d4d4d4d4d
         9  .`.`.`.`.`.`.`.`  f860f860f860f860f860f860f860f860
         9  `.`.`.`.`.`.`.`.  60f860f860f860f860f860f860f860f8
# epoch 450  H=7.9373 C=7.3206 HO=0.5033  A(t)=19
        69  DDDDDDDDDDDDDDDD  44444444444444444444444444444444
        29  [[[[[[[[[[[[[[[[  5b5b5b5b5b5b5b5b5b5b5b5b5b5b5b5b
        26  ................  dddddddddddddddddddddddddddddddd
        26  ................  d7d7d7d7d7d7d7d7d7d7d7d7d7d7d7d7
        24  OOOOOOOOOOOOOOOO  4f4f4f4f4f4f4f4f4f4f4f4f4f4f4f4f
        23  ................  cacacacacacacacacacacacacacacaca
        20  ................  dadadadadadadadadadadadadadadada
        18  ................  abababababababababababababababab
         7  vvvvvvvvvvvvvvvv  76767676767676767676767676767676
         7  ZZZZZZZZZZZZZZZZ  5a5a5a5a5a5a5a5a5a5a5a5a5a5a5a5a
# epoch 500  H=7.9224 C=7.2946 HO=0.4422  A(t)=22
        65  DDDDDDDDDDDDDDDD  44444444444444444444444444444444
        28  ,,,,,,,,,,,,,,,,  2c2c2c2c2c2c2c2c2c2c2c2c2c2c2c2c
        26  ................  dddddddddddddddddddddddddddddddd
        26  [[[[[[[[[[[[[[[[  5b5b5b5b5b5b5b5b5b5b5b5b5b5b5b5b
        16  vvvvvvvvvvvvvvvv  76767676767676767676767676767676
        15  ]]]]]]]]]]]]]]]]  5d5d5d5d5d5d5d5d5d5d5d5d5d5d5d5d
        12  ................  cacacacacacacacacacacacacacacaca
        11  YYYYYYYYYYYYYYYY  59595959595959595959595959595959
         9  ................  d7d7d7d7d7d7d7d7d7d7d7d7d7d7d7d7
         8  ................  f6f6f6f6f6f6f6f6f6f6f6f6f6f6f6f6
# epoch 550  H=7.9030 C=7.2760 HO=0.5249  A(t)=23
        66  DDDDDDDDDDDDDDDD  44444444444444444444444444444444
        29  <<<<<<<<<<<<<<<<  3c3c3c3c3c3c3c3c3c3c3c3c3c3c3c3c
        19  [[[[[[[[[[[[[[[[  5b5b5b5b5b5b5b5b5b5b5b5b5b5b5b5b
        16  vvvvvvvvvvvvvvvv  76767676767676767676767676767676
        14  ................  00000000000000000000000000000000
        13  ,,,,,,,,,,,,,,,,  2c2c2c2c2c2c2c2c2c2c2c2c2c2c2c2c
        12  ................  cacacacacacacacacacacacacacacaca
        10  ................  dddddddddddddddddddddddddddddddd
         8  ................  e6e6e6e6e6e6e6e6e6e6e6e6e6e6e6e6
         6  YYYYYYYYYYYYYYYY  59595959595959595959595959595959
# epoch 600  H=7.8797 C=7.2391 HO=0.4931  A(t)=27
       125  <<<<<<<<<<<<<<<<  3c3c3c3c3c3c3c3c3c3c3c3c3c3c3c3c
        51  ................  18181818181818181818181818181818
        48  DDDDDDDDDDDDDDDD  44444444444444444444444444444444
        31  ................  00000000000000000000000000000000
        28  jjjjjjjjjjjjjjjj  6a6a6a6a6a6a6a6a6a6a6a6a6a6a6a6a
        28  [[[[[[[[[[[[[[[[  5b5b5b5b5b5b5b5b5b5b5b5b5b5b5b5b
        25  ................  abababababababababababababababab
        25  ................  0c0c0c0c0c0c0c0c0c0c0c0c0c0c0c0c
         8  ................  d9d9d9d9d9d9d9d9d9d9d9d9d9d9d9d9
         7  ................  e6e6e6e6e6e6e6e6e6e6e6e6e6e6e6e6
# epoch 650  H=7.8594 C=7.2195 HO=0.5341  A(t)=27
       224  <<<<<<<<<<<<<<<<  3c3c3c3c3c3c3c3c3c3c3c3c3c3c3c3c
        54  DDDDDDDDDDDDDDDD  44444444444444444444444444444444
        46  ................  abababababababababababababababab
        33  ................  18181818181818181818181818181818
        31  ................  00000000000000000000000000000000
        25  ................  0c0c0c0c0c0c0c0c0c0c0c0c0c0c0c0c
        22  [[[[[[[[[[[[[[[[  5b5b5b5b5b5b5b5b5b5b5b5b5b5b5b5b
        11  }}}}}}}}}}}}}}}}  7d7d7d7d7d7d7d7d7d7d7d7d7d7d7d7d
         9  ................  dddddddddddddddddddddddddddddddd
         7  MMMMMMMMMMMMMMMM  4d4d4d4d4d4d4d4d4d4d4d4d4d4d4d4d
# epoch 700  H=7.8404 C=7.1897 HO=0.5299  A(t)=28
       164  <<<<<<<<<<<<<<<<  3c3c3c3c3c3c3c3c3c3c3c3c3c3c3c3c
       123  ,,,,,,,,,,,,,,,,  2c2c2c2c2c2c2c2c2c2c2c2c2c2c2c2c
        63  DDDDDDDDDDDDDDDD  44444444444444444444444444444444
        34  ................  abababababababababababababababab
        29  ................  18181818181818181818181818181818
        25  ................  94949494949494949494949494949494
        22  ................  00000000000000000000000000000000
        19  [[[[[[[[[[[[[[[[  5b5b5b5b5b5b5b5b5b5b5b5b5b5b5b5b
        17  }}}}}}}}}}}}}}}}  7d7d7d7d7d7d7d7d7d7d7d7d7d7d7d7d
        14  ................  0c0c0c0c0c0c0c0c0c0c0c0c0c0c0c0c
# epoch 750  H=7.7846 C=7.1031 HO=0.5535  A(t)=30
       267  <<<<<<<<<<<<<<<<  3c3c3c3c3c3c3c3c3c3c3c3c3c3c3c3c
        64  DDDDDDDDDDDDDDDD  44444444444444444444444444444444
        39  ,,,,,,,,,,,,,,,,  2c2c2c2c2c2c2c2c2c2c2c2c2c2c2c2c
        27  ................  abababababababababababababababab
        25  ................  94949494949494949494949494949494
        25  ................  18181818181818181818181818181818
        24  }}}}}}}}}}}}}}}}  7d7d7d7d7d7d7d7d7d7d7d7d7d7d7d7d
        22  ................  00000000000000000000000000000000
        17  [[[[[[[[[[[[[[[[  5b5b5b5b5b5b5b5b5b5b5b5b5b5b5b5b
        17  ................  11111111111111111111111111111111
# epoch 800  H=7.7460 C=7.0665 HO=0.5736  A(t)=31
       464  <<<<<<<<<<<<<<<<  3c3c3c3c3c3c3c3c3c3c3c3c3c3c3c3c
        63  DDDDDDDDDDDDDDDD  44444444444444444444444444444444
        25  ,,,,,,,,,,,,,,,,  2c2c2c2c2c2c2c2c2c2c2c2c2c2c2c2c
        24  ................  18181818181818181818181818181818
        20  ................  94949494949494949494949494949494
        17  ................  11111111111111111111111111111111
        17  ................  00000000000000000000000000000000
        14  ................  8f8f8f8f8f8f8f8f8f8f8f8f8f8f8f8f
        13  %%%%%%%%%%%%%%%%  25252525252525252525252525252525
        12  }}}}}}}}}}}}}}}}  7d7d7d7d7d7d7d7d7d7d7d7d7d7d7d7d
# epoch 850  H=7.7121 C=7.0118 HO=0.6010  A(t)=34
       532  <<<<<<<<<<<<<<<<  3c3c3c3c3c3c3c3c3c3c3c3c3c3c3c3c
        29  ................  0c0c0c0c0c0c0c0c0c0c0c0c0c0c0c0c
        26  ................  00000000000000000000000000000000
        24  AAAAAAAAAAAAAAAA  41414141414141414141414141414141
        24  ................  18181818181818181818181818181818
        20  }}}}}}}}}}}}}}}}  7d7d7d7d7d7d7d7d7d7d7d7d7d7d7d7d
        17  ................  94949494949494949494949494949494
        17  ................  11111111111111111111111111111111
        15  <<<<<<<<<<<<<<,<  3c3c3c3c3c3c3c3c3c3c3c3c3c3c2c3c
        15  <<<<<<<<<<<,<<<<  3c3c3c3c3c3c3c3c3c3c3c2c3c3c3c3c
# epoch 900  H=7.6964 C=6.9800 HO=0.6188  A(t)=35
       487  <<<<<<<<<<<<<<<<  3c3c3c3c3c3c3c3c3c3c3c3c3c3c3c3c
        48  @@@@@@@@@@@@@@@@  40404040404040404040404040404040
        27  ................  00000000000000000000000000000000
        20  ................  0c0c0c0c0c0c0c0c0c0c0c0c0c0c0c0c
        19  ................  94949494949494949494949494949494
        19  }}}}}}}}}}}}}}}}  7d7d7d7d7d7d7d7d7d7d7d7d7d7d7d7d
        18  ,,,,,,,,,,,,,,,,  2c2c2c2c2c2c2c2c2c2c2c2c2c2c2c2c
        17  ................  11111111111111111111111111111111
        12  ................  f7f7f7f7f7f7f7f7f7f7f7f7f7f7f7f7
        11  ................  eeeeeeeeeeeeeeeeeeeeeeeeeeeeeeee
# epoch 950  H=7.6589 C=6.9432 HO=0.6336  A(t)=36
       350  <<<<<<<<<<<<<<<<  3c3c3c3c3c3c3c3c3c3c3c3c3c3c3c3c
       145  ,,,,,,,,,,,,,,,,  2c2c2c2c2c2c2c2c2c2c2c2c2c2c2c2c
        38  CCCCCCCCCCCCCCCC  43434343434343434343434343434343
        35  }}}}}}}}}}}}}}}}  7d7d7d7d7d7d7d7d7d7d7d7d7d7d7d7d
        18  ................  94949494949494949494949494949494
        16  ................  11111111111111111111111111111111
         8  gggggggggggggggg  67676767676767676767676767676767
         8  <<<<<<<<<<<,<<<<  3c3c3c3c3c3c3c3c3c3c3c2c3c3c3c3c
         8  <<<<<<<<<<,<<<<<  3c3c3c3c3c3c3c3c3c3c2c3c3c3c3c3c
         8  <<<<<<<<<,<<<<<<  3c3c3c3c3c3c3c3c3c2c3c3c3c3c3c3c
# epoch 1000  H=7.6163 C=6.8787 HO=0.6633  A(t)=43
       525  <<<<<<<<<<<<<<<<  3c3c3c3c3c3c3c3c3c3c3c3c3c3c3c3c
       157  ,,,,,,,,,,,,,,,,  2c2c2c2c2c2c2c2c2c2c2c2c2c2c2c2c
        50  CCCCCCCCCCCCCCCC  43434343434343434343434343434343
        28  ................  00000000000000000000000000000000
        24  <<<<<<<<<<<<<<<,  3c3c3c3c3c3c3c3c3c3c3c3c3c3c3c2c
        24  ,<<<<<<<<<<<<<<<  2c3c3c3c3c3c3c3c3c3c3c3c3c3c3c3c
        21  <<<<<<<<<<<<<<,<  3c3c3c3c3c3c3c3c3c3c3c3c3c3c2c3c
        19  <,<<<<<<<<<<<<<<  3c2c3c3c3c3c3c3c3c3c3c3c3c3c3c3c
        18  }}}}}}}}}}}}}}}}  7d7d7d7d7d7d7d7d7d7d7d7d7d7d7d7d
        18  <<<<<<<<<<<<<,<<  3c3c3c3c3c3c3c3c3c3c3c3c3c2c3c3c
# epoch 1050  H=7.5363 C=6.7762 HO=0.6868  A(t)=43
      1087  <<<<<<<<<<<<<<<<  3c3c3c3c3c3c3c3c3c3c3c3c3c3c3c3c
       109  ,,,,,,,,,,,,,,,,  2c2c2c2c2c2c2c2c2c2c2c2c2c2c2c2c
        50  CCCCCCCCCCCCCCCC  43434343434343434343434343434343
        45  ................  00000000000000000000000000000000
        30  <<<<<<<<<<<<<<<,  3c3c3c3c3c3c3c3c3c3c3c3c3c3c3c2c
        26  <,<<<<<<<<<<<<<<  3c2c3c3c3c3c3c3c3c3c3c3c3c3c3c3c
        25  <<<<<<<<<<<<<<,<  3c3c3c3c3c3c3c3c3c3c3c3c3c3c2c3c
        24  <<<<<<<<<<<<<,<<  3c3c3c3c3c3c3c3c3c3c3c3c3c2c3c3c
        24  <<,<<<<<<<<<<<<<  3c3c2c3c3c3c3c3c3c3c3c3c3c3c3c3c
        23  <<<,<<<<<<<<<<<<  3c3c3c2c3c3c3c3c3c3c3c3c3c3c3c3c
# epoch 1100  H=7.4528 C=6.6863 HO=0.6728  A(t)=45
       904  <<<<<<<<<<<<<<<<  3c3c3c3c3c3c3c3c3c3c3c3c3c3c3c3c
        83  ,,,,,,,,,,,,,,,,  2c2c2c2c2c2c2c2c2c2c2c2c2c2c2c2c
        49  CCCCCCCCCCCCCCCC  43434343434343434343434343434343
        44  ................  06060606060606060606060606060606
        39  <<<<<<<<<<<<<<,<  3c3c3c3c3c3c3c3c3c3c3c3c3c3c2c3c
        38  ................  00000000000000000000000000000000
        34  <<<<<<<<<<<<<,<<  3c3c3c3c3c3c3c3c3c3c3c3c3c2c3c3c
        34  <<<<<<<<,<<<<<<<  3c3c3c3c3c3c3c3c2c3c3c3c3c3c3c3c
        33  <<<<<<<<<<<<<<<,  3c3c3c3c3c3c3c3c3c3c3c3c3c3c3c2c
        33  <<<<<<<<<,<<<<<<  3c3c3c3c3c3c3c3c3c2c3c3c3c3c3c3c
# epoch 1150  H=7.3907 C=6.5725 HO=0.7368  A(t)=47
      1551  <<<<<<<<<<<<<<<<  3c3c3c3c3c3c3c3c3c3c3c3c3c3c3c3c
       149  ,,,,,,,,,,,,,,,,  2c2c2c2c2c2c2c2c2c2c2c2c2c2c2c2c
        47  <<<<<<<<<<<<<<<,  3c3c3c3c3c3c3c3c3c3c3c3c3c3c3c2c
        46  ,<<<<<<<<<<<<<<<  2c3c3c3c3c3c3c3c3c3c3c3c3c3c3c3c
        41  <<<<<<<<<<<<<<,<  3c3c3c3c3c3c3c3c3c3c3c3c3c3c2c3c
        40  <<<<,<<<<<<<<<<<  3c3c3c3c2c3c3c3c3c3c3c3c3c3c3c3c
        39  <,<<<<<<<<<<<<<<  3c2c3c3c3c3c3c3c3c3c3c3c3c3c3c3c
        38  <<<,<<<<<<<<<<<<  3c3c3c2c3c3c3c3c3c3c3c3c3c3c3c3c
        38  <<,<<<<<<<<<<<<<  3c3c2c3c3c3c3c3c3c3c3c3c3c3c3c3c
        37  <<<<<<<<<<<<<,<<  3c3c3c3c3c3c3c3c3c3c3c3c3c2c3c3c
# epoch 1200  H=7.3002 C=6.4911 HO=0.7340  A(t)=54
      1887  <<<<<<<<<<<<<<<<  3c3c3c3c3c3c3c3c3c3c3c3c3c3c3c3c
        61  ,,,,,,,,,,,,,,,,  2c2c2c2c2c2c2c2c2c2c2c2c2c2c2c2c
        33  ................  dfdfdfdfdfdfdfdfdfdfdfdfdfdfdfdf
        33  <<<<<<<<<<<<<<<,  3c3c3c3c3c3c3c3c3c3c3c3c3c3c3c2c
        31  <,<<<<<<<<<<<<<<  3c2c3c3c3c3c3c3c3c3c3c3c3c3c3c3c
        30  <<<<<<<<<<<<<<,<  3c3c3c3c3c3c3c3c3c3c3c3c3c3c2c3c
        30  ,<<<<<<<<<<<<<<<  2c3c3c3c3c3c3c3c3c3c3c3c3c3c3c3c
        28  <<<<<<<<<,<<<<<<  3c3c3c3c3c3c3c3c3c2c3c3c3c3c3c3c
        27  <<<<<<<<<<<<<,<<  3c3c3c3c3c3c3c3c3c3c3c3c3c2c3c3c
        26  <<<<<<<<<<<<,<<<  3c3c3c3c3c3c3c3c3c3c3c3c2c3c3c3c
# epoch 1250  H=7.2179 C=6.3781 HO=0.7617  A(t)=59
      1329  <<<<<<<<<<<<<<<<  3c3c3c3c3c3c3c3c3c3c3c3c3c3c3c3c
        78  ,,,,,,,,,,,,,,,,  2c2c2c2c2c2c2c2c2c2c2c2c2c2c2c2c
        60  <<<<<<<<<<<,<<<<  3c3c3c3c3c3c3c3c3c3c3c2c3c3c3c3c
        59  <<<<<<<<,<<<<<<<  3c3c3c3c3c3c3c3c2c3c3c3c3c3c3c3c
        58  <<<<<<<<<<,<<<<<  3c3c3c3c3c3c3c3c3c3c2c3c3c3c3c3c
        56  <<<<<<<<<<<<,<<<  3c3c3c3c3c3c3c3c3c3c3c3c2c3c3c3c
        56  <<<<<<<<<,<<<<<<  3c3c3c3c3c3c3c3c3c2c3c3c3c3c3c3c
        56  <<<<<<<,<<<<<<<<  3c3c3c3c3c3c3c2c3c3c3c3c3c3c3c3c
        54  <<<<<<<<<<<<<<<,  3c3c3c3c3c3c3c3c3c3c3c3c3c3c3c2c
        53  <<<<<<<<<<<<<,<<  3c3c3c3c3c3c3c3c3c3c3c3c3c2c3c3c
# epoch 1300  H=7.0846 C=6.2141 HO=0.8006  A(t)=64
      2535  <<<<<<<<<<<<<<<<  3c3c3c3c3c3c3c3c3c3c3c3c3c3c3c3c
       141  ,,,,,,,,,,,,,,,,  2c2c2c2c2c2c2c2c2c2c2c2c2c2c2c2c
        69  <<<<<<<<,<<<<<<<  3c3c3c3c3c3c3c3c2c3c3c3c3c3c3c3c
        67  <<<<<<<,<<<<<<<<  3c3c3c3c3c3c3c2c3c3c3c3c3c3c3c3c
        66  <<<<<<<<<<<<<<<,  3c3c3c3c3c3c3c3c3c3c3c3c3c3c3c2c
        65  <<<<<<,<<<<<<<<<  3c3c3c3c3c3c2c3c3c3c3c3c3c3c3c3c
        62  <<<<<<<<<<<<,<<<  3c3c3c3c3c3c3c3c3c3c3c3c2c3c3c3c
        62  <<<<<<<<<<<,<<<<  3c3c3c3c3c3c3c3c3c3c3c2c3c3c3c3c
        62  <<<<<<<<<<,<<<<<  3c3c3c3c3c3c3c3c3c3c2c3c3c3c3c3c
        62  ,<<<<<<<<<<<<<<<  2c3c3c3c3c3c3c3c3c3c3c3c3c3c3c3c
# epoch 1350  H=7.0305 C=6.1422 HO=0.8212  A(t)=69
      2129  <<<<<<<<<<<<<<<<  3c3c3c3c3c3c3c3c3c3c3c3c3c3c3c3c
       315  ,,,,,,,,,,,,,,,,  2c2c2c2c2c2c2c2c2c2c2c2c2c2c2c2c
        69  <<<<<<<<<<<<<<<,  3c3c3c3c3c3c3c3c3c3c3c3c3c3c3c2c
        67  <<<<<,<<<<<<<<<<  3c3c3c3c3c2c3c3c3c3c3c3c3c3c3c3c
        66  ,<<<<<<<<<<<<<<<  2c3c3c3c3c3c3c3c3c3c3c3c3c3c3c3c
        65  <<<<<<,<<<<<<<<<  3c3c3c3c3c3c2c3c3c3c3c3c3c3c3c3c
        64  <<<<<<<,<<<<<<<<  3c3c3c3c3c3c3c2c3c3c3c3c3c3c3c3c
        64  <<<<,<<<<<<<<<<<  3c3c3c3c2c3c3c3c3c3c3c3c3c3c3c3c
        63  <,<<<<<<<<<<<<<<  3c2c3c3c3c3c3c3c3c3c3c3c3c3c3c3c
        62  <<<<<<<<<<<,<<<<  3c3c3c3c3c3c3c3c3c3c3c2c3c3c3c3c
# epoch 1400  H=6.9007 C=5.9777 HO=0.8948  A(t)=73
      2231  <<<<<<<<<<<<<<<<  3c3c3c3c3c3c3c3c3c3c3c3c3c3c3c3c
       217  ,,,,,,,,,,,,,,,,  2c2c2c2c2c2c2c2c2c2c2c2c2c2c2c2c
        86  ,<<<<<<<<<<<<<<<  2c3c3c3c3c3c3c3c3c3c3c3c3c3c3c3c
        84  <<<<<<<<<<<<<<<,  3c3c3c3c3c3c3c3c3c3c3c3c3c3c3c2c
        83  <<<<,<<<<<<<<<<<  3c3c3c3c2c3c3c3c3c3c3c3c3c3c3c3c
        80  <,<<<<<<<<<<<<<<  3c2c3c3c3c3c3c3c3c3c3c3c3c3c3c3c
        79  <<<<<<<<<<<<<<,<  3c3c3c3c3c3c3c3c3c3c3c3c3c3c2c3c
        78  <<<<<,<<<<<<<<<<  3c3c3c3c3c2c3c3c3c3c3c3c3c3c3c3c
        78  <<<,<<<<<<<<<<<<  3c3c3c2c3c3c3c3c3c3c3c3c3c3c3c3c
        77  <<,<<<<<<<<<<<<<  3c3c2c3c3c3c3c3c3c3c3c3c3c3c3c3c
# epoch 1450  H=6.7642 C=5.8175 HO=0.9169  A(t)=90
      3046  <<<<<<<<<<<<<<<<  3c3c3c3c3c3c3c3c3c3c3c3c3c3c3c3c
       309  ,,,,,,,,,,,,,,,,  2c2c2c2c2c2c2c2c2c2c2c2c2c2c2c2c
        79  <<<<<<<<<<<<<<<,  3c3c3c3c3c3c3c3c3c3c3c3c3c3c3c2c
        72  <<<<<<<<<<<<<,<<  3c3c3c3c3c3c3c3c3c3c3c3c3c2c3c3c
        71  <<<<<<<<<<<<<<,<  3c3c3c3c3c3c3c3c3c3c3c3c3c3c2c3c
        68  <<,<<<<<<<<<<<<<  3c3c2c3c3c3c3c3c3c3c3c3c3c3c3c3c
        67  <<<<<<<<<<<<,<<<  3c3c3c3c3c3c3c3c3c3c3c3c2c3c3c3c
        67  ,<<<<<<<<<<<<<<<  2c3c3c3c3c3c3c3c3c3c3c3c3c3c3c3c
        66  <<<<<<<<<<<,<<<<  3c3c3c3c3c3c3c3c3c3c3c2c3c3c3c3c
        66  <<<<<<<<,<<<<<<<  3c3c3c3c3c3c3c3c2c3c3c3c3c3c3c3c
# epoch 1500  H=6.6083 C=5.6975 HO=0.9042  A(t)=95
      3186  <<<<<<<<<<<<<<<<  3c3c3c3c3c3c3c3c3c3c3c3c3c3c3c3c
       158  ,,,,,,,,,,,,,,,,  2c2c2c2c2c2c2c2c2c2c2c2c2c2c2c2c
       105  <<<<<<<<<<<<<<<,  3c3c3c3c3c3c3c3c3c3c3c3c3c3c3c2c
       102  <,<<<<<<<<<<<<<<  3c2c3c3c3c3c3c3c3c3c3c3c3c3c3c3c
       100  ,<<<<<<<<<<<<<<<  2c3c3c3c3c3c3c3c3c3c3c3c3c3c3c3c
        98  <<,<<<<<<<<<<<<<  3c3c2c3c3c3c3c3c3c3c3c3c3c3c3c3c
        95  <<<<<<<<<<<<<<,<  3c3c3c3c3c3c3c3c3c3c3c3c3c3c2c3c
        91  <<<,<<<<<<<<<<<<  3c3c3c2c3c3c3c3c3c3c3c3c3c3c3c3c
        90  <<<<,<<<<<<<<<<<  3c3c3c3c2c3c3c3c3c3c3c3c3c3c3c3c
        88  <<<<<<<,<<<<<<<<  3c3c3c3c3c3c3c2c3c3c3c3c3c3c3c3c
# epoch 1550  H=6.5403 C=5.6198 HO=0.9113  A(t)=103
      3540  <<<<<<<<<<<<<<<<  3c3c3c3c3c3c3c3c3c3c3c3c3c3c3c3c
       186  ,,,,,,,,,,,,,,,,  2c2c2c2c2c2c2c2c2c2c2c2c2c2c2c2c
       121  <<<<<<<<<<<<<<<,  3c3c3c3c3c3c3c3c3c3c3c3c3c3c3c2c
       110  <<<<<,<<<<<<<<<<  3c3c3c3c3c2c3c3c3c3c3c3c3c3c3c3c
       109  <<<<<<<<<<<<<<,<  3c3c3c3c3c3c3c3c3c3c3c3c3c3c2c3c
       108  <<<<,<<<<<<<<<<<  3c3c3c3c2c3c3c3c3c3c3c3c3c3c3c3c
       108  ,<<<<<<<<<<<<<<<  2c3c3c3c3c3c3c3c3c3c3c3c3c3c3c3c
       105  <<<<<<,<<<<<<<<<  3c3c3c3c3c3c2c3c3c3c3c3c3c3c3c3c
       105  <<<,<<<<<<<<<<<<  3c3c3c2c3c3c3c3c3c3c3c3c3c3c3c3c
       105  <<,<<<<<<<<<<<<<  3c3c2c3c3c3c3c3c3c3c3c3c3c3c3c3c
# epoch 1600  H=6.4274 C=5.5138 HO=0.8948  A(t)=116
      4958  <<<<<<<<<<<<<<<<  3c3c3c3c3c3c3c3c3c3c3c3c3c3c3c3c
       243  ,,,,,,,,,,,,,,,,  2c2c2c2c2c2c2c2c2c2c2c2c2c2c2c2c
       119  <<<<<<<<<<<<<<<,  3c3c3c3c3c3c3c3c3c3c3c3c3c3c3c2c
       115  ,<<<<<<<<<<<<<<<  2c3c3c3c3c3c3c3c3c3c3c3c3c3c3c3c
       112  <<<<<<<<<<<<<<,<  3c3c3c3c3c3c3c3c3c3c3c3c3c3c2c3c
       112  <<<<,<<<<<<<<<<<  3c3c3c3c2c3c3c3c3c3c3c3c3c3c3c3c
       108  <<<<<<<<<<<<<,<<  3c3c3c3c3c3c3c3c3c3c3c3c3c2c3c3c
       108  <<<<<<<<<<,<<<<<  3c3c3c3c3c3c3c3c3c3c2c3c3c3c3c3c
       108  <,<<<<<<<<<<<<<<  3c2c3c3c3c3c3c3c3c3c3c3c3c3c3c3c
       107  <<<<<<<<<<<<,<<<  3c3c3c3c3c3c3c3c3c3c3c3c2c3c3c3c
# epoch 1650  H=6.3544 C=5.4442 HO=0.8921  A(t)=131
      4289  <<<<<<<<<<<<<<<<  3c3c3c3c3c3c3c3c3c3c3c3c3c3c3c3c
       400  ,,,,,,,,,,,,,,,,  2c2c2c2c2c2c2c2c2c2c2c2c2c2c2c2c
        98  <<<<<<<<<<<<<<<,  3c3c3c3c3c3c3c3c3c3c3c3c3c3c3c2c
        97  <<<<<<<<<<<<<<,<  3c3c3c3c3c3c3c3c3c3c3c3c3c3c2c3c
        96  <<<<<<<<<<<<<,<<  3c3c3c3c3c3c3c3c3c3c3c3c3c2c3c3c
        87  <<<<<<<<<<<<,<<<  3c3c3c3c3c3c3c3c3c3c3c3c2c3c3c3c
        86  ,<<<<<<<<<<<<<<<  2c3c3c3c3c3c3c3c3c3c3c3c3c3c3c3c
        85  <,<<<<<<<<<<<<<<  3c2c3c3c3c3c3c3c3c3c3c3c3c3c3c3c
        84  <<<<<<<<<<<,<<<<  3c3c3c3c3c3c3c3c3c3c3c2c3c3c3c3c
        82  <<<<<<<<<<,<<<<<  3c3c3c3c3c3c3c3c3c3c2c3c3c3c3c3c
# epoch 1700  H=6.2562 C=5.3293 HO=0.9112  A(t)=143
      4573  <<<<<<<<<<<<<<<<  3c3c3c3c3c3c3c3c3c3c3c3c3c3c3c3c
       492  ,,,,,,,,,,,,,,,,  2c2c2c2c2c2c2c2c2c2c2c2c2c2c2c2c
       115  <<<<<<<<<<<<<<<,  3c3c3c3c3c3c3c3c3c3c3c3c3c3c3c2c
       112  ,<<<<<<<<<<<<<<<  2c3c3c3c3c3c3c3c3c3c3c3c3c3c3c3c
       106  <,<<<<<<<<<<<<<<  3c2c3c3c3c3c3c3c3c3c3c3c3c3c3c3c
       104  <<<<<<<<<<<<<<,<  3c3c3c3c3c3c3c3c3c3c3c3c3c3c2c3c
       100  <<<<<<<<<<<<<,<<  3c3c3c3c3c3c3c3c3c3c3c3c3c2c3c3c
        97  <<,<<<<<<<<<<<<<  3c3c2c3c3c3c3c3c3c3c3c3c3c3c3c3c
        94  <<<<<<<<,<<<<<<<  3c3c3c3c3c3c3c3c2c3c3c3c3c3c3c3c
        94  <<<<<<,<<<<<<<<<  3c3c3c3c3c3c2c3c3c3c3c3c3c3c3c3c
# epoch 1750  H=6.0675 C=5.1371 HO=0.9135  A(t)=145
      5850  <<<<<<<<<<<<<<<<  3c3c3c3c3c3c3c3c3c3c3c3c3c3c3c3c
       329  ,,,,,,,,,,,,,,,,  2c2c2c2c2c2c2c2c2c2c2c2c2c2c2c2c
       147  ,<<<<<<<<<<<<<<<  2c3c3c3c3c3c3c3c3c3c3c3c3c3c3c3c
       141  <<<<<<<<<<<<<<<,  3c3c3c3c3c3c3c3c3c3c3c3c3c3c3c2c
       135  <<<<<<<<<<<<<<,<  3c3c3c3c3c3c3c3c3c3c3c3c3c3c2c3c
       135  <,<<<<<<<<<<<<<<  3c2c3c3c3c3c3c3c3c3c3c3c3c3c3c3c
       131  <<<<<<<<<<,<<<<<  3c3c3c3c3c3c3c3c3c3c2c3c3c3c3c3c
       130  <<<<<<<<<<<<<,<<  3c3c3c3c3c3c3c3c3c3c3c3c3c2c3c3c
       130  <<<<<<<<<<<,<<<<  3c3c3c3c3c3c3c3c3c3c3c2c3c3c3c3c
       130  <<<<<,<<<<<<<<<<  3c3c3c3c3c2c3c3c3c3c3c3c3c3c3c3c
# epoch 1800  H=5.8992 C=5.0100 HO=0.8838  A(t)=151
      6334  <<<<<<<<<<<<<<<<  3c3c3c3c3c3c3c3c3c3c3c3c3c3c3c3c
       185  <<<<<<<<<<<<<<<,  3c3c3c3c3c3c3c3c3c3c3c3c3c3c3c2c
       179  <<<<<<<<<<<<<<,<  3c3c3c3c3c3c3c3c3c3c3c3c3c3c2c3c
       177  ,<<<<<<<<<<<<<<<  2c3c3c3c3c3c3c3c3c3c3c3c3c3c3c3c
       171  <<<<<,<<<<<<<<<<  3c3c3c3c3c2c3c3c3c3c3c3c3c3c3c3c
       167  <<<<<<<<<<,<<<<<  3c3c3c3c3c3c3c3c3c3c2c3c3c3c3c3c
       167  <<<<<<<<<,<<<<<<  3c3c3c3c3c3c3c3c3c2c3c3c3c3c3c3c
       167  ,,,,,,,,,,,,,,,,  2c2c2c2c2c2c2c2c2c2c2c2c2c2c2c2c
       166  <<<<<<<<<<<,<<<<  3c3c3c3c3c3c3c3c3c3c3c2c3c3c3c3c
       166  <<<<,<<<<<<<<<<<  3c3c3c3c2c3c3c3c3c3c3c3c3c3c3c3c
# epoch 1850  H=5.8210 C=4.9059 HO=0.9024  A(t)=159
      6205  <<<<<<<<<<<<<<<<  3c3c3c3c3c3c3c3c3c3c3c3c3c3c3c3c
       429  ,,,,,,,,,,,,,,,,  2c2c2c2c2c2c2c2c2c2c2c2c2c2c2c2c
       166  <<<<<<<<<<<<<<<,  3c3c3c3c3c3c3c3c3c3c3c3c3c3c3c2c
       165  <<<<<<<<<<<<<<,<  3c3c3c3c3c3c3c3c3c3c3c3c3c3c2c3c
       162  <<<<<<<<<<<<<,<<  3c3c3c3c3c3c3c3c3c3c3c3c3c2c3c3c
       159  ,<<<<<<<<<<<<<<<  2c3c3c3c3c3c3c3c3c3c3c3c3c3c3c3c
       155  <<<<<<<<<<<<,<<<  3c3c3c3c3c3c3c3c3c3c3c3c2c3c3c3c
       155  <,<<<<<<<<<<<<<<  3c2c3c3c3c3c3c3c3c3c3c3c3c3c3c3c
       150  <<,<<<<<<<<<<<<<  3c3c2c3c3c3c3c3c3c3c3c3c3c3c3c3c
       147  <<<<<<<<<<<,<<<<  3c3c3c3c3c3c3c3c3c3c3c2c3c3c3c3c
# epoch 1900  H=5.7772 C=4.8837 HO=0.8995  A(t)=183
      5972  <<<<<<<<<<<<<<<<  3c3c3c3c3c3c3c3c3c3c3c3c3c3c3c3c
       536  ,,,,,,,,,,,,,,,,  2c2c2c2c2c2c2c2c2c2c2c2c2c2c2c2c
       155  <<<<<<<<<<<<<<,<  3c3c3c3c3c3c3c3c3c3c3c3c3c3c2c3c
       153  <,<<<<<<<<<<<<<<  3c2c3c3c3c3c3c3c3c3c3c3c3c3c3c3c
       151  <<<,<<<<<<<<<<<<  3c3c3c2c3c3c3c3c3c3c3c3c3c3c3c3c
       149  <<<<<<<<<<<<<<<,  3c3c3c3c3c3c3c3c3c3c3c3c3c3c3c2c
       149  <<,<<<<<<<<<<<<<  3c3c2c3c3c3c3c3c3c3c3c3c3c3c3c3c
       148  <<<<<<<<<<<<<,<<  3c3c3c3c3c3c3c3c3c3c3c3c3c2c3c3c
       147  <<<<<<,<<<<<<<<<  3c3c3c3c3c3c2c3c3c3c3c3c3c3c3c3c
       147  <<<<<,<<<<<<<<<<  3c3c3c3c3c2c3c3c3c3c3c3c3c3c3c3c
# epoch 1950  H=5.5827 C=4.7170 HO=0.8777  A(t)=185
      6745  <<<<<<<<<<<<<<<<  3c3c3c3c3c3c3c3c3c3c3c3c3c3c3c3c
       339  ,,,,,,,,,,,,,,,,  2c2c2c2c2c2c2c2c2c2c2c2c2c2c2c2c
       183  <<<<<<<<<<<<<<<,  3c3c3c3c3c3c3c3c3c3c3c3c3c3c3c2c
       176  ,<<<<<<<<<<<<<<<  2c3c3c3c3c3c3c3c3c3c3c3c3c3c3c3c
       175  <<<<<<<<<<<<<<,<  3c3c3c3c3c3c3c3c3c3c3c3c3c3c2c3c
       174  <<<<<<<<<<<<<,<<  3c3c3c3c3c3c3c3c3c3c3c3c3c2c3c3c
       174  <<,<<<<<<<<<<<<<  3c3c2c3c3c3c3c3c3c3c3c3c3c3c3c3c
       168  <,<<<<<<<<<<<<<<  3c2c3c3c3c3c3c3c3c3c3c3c3c3c3c3c
       162  <<<<<<<<<<<<,<<<  3c3c3c3c3c3c3c3c3c3c3c3c2c3c3c3c
       162  <<<,<<<<<<<<<<<<  3c3c3c2c3c3c3c3c3c3c3c3c3c3c3c3c
# epoch 2000  H=5.4039 C=4.5114 HO=0.9099  A(t)=192
      7345  <<<<<<<<<<<<<<<<  3c3c3c3c3c3c3c3c3c3c3c3c3c3c3c3c
       409  ,,,,,,,,,,,,,,,,  2c2c2c2c2c2c2c2c2c2c2c2c2c2c2c2c
       157  <<<<<<<<<<<<<<<,  3c3c3c3c3c3c3c3c3c3c3c3c3c3c3c2c
       154  <<<<<<<<<<<<<<,<  3c3c3c3c3c3c3c3c3c3c3c3c3c3c2c3c
       154  <<<<<<<,<<<<<<<<  3c3c3c3c3c3c3c2c3c3c3c3c3c3c3c3c
       153  ,<<<<<<<<<<<<<<<  2c3c3c3c3c3c3c3c3c3c3c3c3c3c3c3c
       152  <,<<<<<<<<<<<<<<  3c2c3c3c3c3c3c3c3c3c3c3c3c3c3c3c
       151  <<<<<,<<<<<<<<<<  3c3c3c3c3c2c3c3c3c3c3c3c3c3c3c3c
       151  <<,<<<<<<<<<<<<<  3c3c2c3c3c3c3c3c3c3c3c3c3c3c3c3c
       149  <<<<<<<<,<<<<<<<  3c3c3c3c3c3c3c3c2c3c3c3c3c3c3c3c
# epoch 2050  H=5.2271 C=4.3679 HO=0.8930  A(t)=199
      7601  <<<<<<<<<<<<<<<<  3c3c3c3c3c3c3c3c3c3c3c3c3c3c3c3c
       383  ,,,,,,,,,,,,,,,,  2c2c2c2c2c2c2c2c2c2c2c2c2c2c2c2c
       202  <<<<<<<<<<<<<<<,  3c3c3c3c3c3c3c3c3c3c3c3c3c3c3c2c
       190  <<<<<<<<<<<<<<,<  3c3c3c3c3c3c3c3c3c3c3c3c3c3c2c3c
       188  <<<<<<<<<<<<,<<<  3c3c3c3c3c3c3c3c3c3c3c3c2c3c3c3c
       186  <<<<<<<<<<<<<,<<  3c3c3c3c3c3c3c3c3c3c3c3c3c2c3c3c
       182  ,<<<<<<<<<<<<<<<  2c3c3c3c3c3c3c3c3c3c3c3c3c3c3c3c
       180  <<<<<<<<<<<,<<<<  3c3c3c3c3c3c3c3c3c3c3c2c3c3c3c3c
       176  <<<<<<<<<<,<<<<<  3c3c3c3c3c3c3c3c3c3c2c3c3c3c3c3c
       176  <<<<,<<<<<<<<<<<  3c3c3c3c2c3c3c3c3c3c3c3c3c3c3c3c
# epoch 2100  H=5.1310 C=4.3408 HO=0.8317  A(t)=206
      7279  <<<<<<<<<<<<<<<<  3c3c3c3c3c3c3c3c3c3c3c3c3c3c3c3c
       485  ,,,,,,,,,,,,,,,,  2c2c2c2c2c2c2c2c2c2c2c2c2c2c2c2c
       223  <<<<<<<<<<<<<<<,  3c3c3c3c3c3c3c3c3c3c3c3c3c3c3c2c
       211  <<<<<<<<<<<<<<,<  3c3c3c3c3c3c3c3c3c3c3c3c3c3c2c3c
       201  ,<<<<<<<<<<<<<<<  2c3c3c3c3c3c3c3c3c3c3c3c3c3c3c3c
       190  <<<<<<<<<<<<<,<<  3c3c3c3c3c3c3c3c3c3c3c3c3c2c3c3c
       190  <,<<<<<<<<<<<<<<  3c2c3c3c3c3c3c3c3c3c3c3c3c3c3c3c
       181  <<,<<<<<<<<<<<<<  3c3c2c3c3c3c3c3c3c3c3c3c3c3c3c3c
       178  <<<<<<<<<<<<,<<<  3c3c3c3c3c3c3c3c3c3c3c3c2c3c3c3c
       173  <<<<<<<<<<<,<<<<  3c3c3c3c3c3c3c3c3c3c3c2c3c3c3c3c
# epoch 2150  H=4.9790 C=4.1956 HO=0.8379  A(t)=220
      8646  <<<<<<<<<<<<<<<<  3c3c3c3c3c3c3c3c3c3c3c3c3c3c3c3c
       528  ,,,,,,,,,,,,,,,,  2c2c2c2c2c2c2c2c2c2c2c2c2c2c2c2c
       234  <<<<<<<<<<<<<<<,  3c3c3c3c3c3c3c3c3c3c3c3c3c3c3c2c
       212  <<<<<<<<<<<<<<,<  3c3c3c3c3c3c3c3c3c3c3c3c3c3c2c3c
       201  ,<<<<<<<<<<<<<<<  2c3c3c3c3c3c3c3c3c3c3c3c3c3c3c3c
       190  <,<<<<<<<<<<<<<<  3c2c3c3c3c3c3c3c3c3c3c3c3c3c3c3c
       189  <<<<<<<<<<<<<,<<  3c3c3c3c3c3c3c3c3c3c3c3c3c2c3c3c
       186  <<<<<<<<<<<,<<<<  3c3c3c3c3c3c3c3c3c3c3c2c3c3c3c3c
       184  <<<<<<<<<,<<<<<<  3c3c3c3c3c3c3c3c3c2c3c3c3c3c3c3c
       184  <<<<<<<<,<<<<<<<  3c3c3c3c3c3c3c3c2c3c3c3c3c3c3c3c
# epoch 2200  H=4.8818 C=4.0649 HO=0.8777  A(t)=230
      7235  <<<<<<<<<<<<<<<<  3c3c3c3c3c3c3c3c3c3c3c3c3c3c3c3c
       507  ,,,,,,,,,,,,,,,,  2c2c2c2c2c2c2c2c2c2c2c2c2c2c2c2c
       235  <<<<<<<<<<<<<<<,  3c3c3c3c3c3c3c3c3c3c3c3c3c3c3c2c
       222  ,<<<<<<<<<<<<<<<  2c3c3c3c3c3c3c3c3c3c3c3c3c3c3c3c
       216  <<<<<<<<<<<<<<,<  3c3c3c3c3c3c3c3c3c3c3c3c3c3c2c3c
       215  <<<<<<<,<<<<<<<<  3c3c3c3c3c3c3c2c3c3c3c3c3c3c3c3c
       214  <,<<<<<<<<<<<<<<  3c2c3c3c3c3c3c3c3c3c3c3c3c3c3c3c
       212  <<,<<<<<<<<<<<<<  3c3c2c3c3c3c3c3c3c3c3c3c3c3c3c3c
       210  <<<<<<<<,<<<<<<<  3c3c3c3c3c3c3c3c2c3c3c3c3c3c3c3c
       210  <<<<<<,<<<<<<<<<  3c3c3c3c3c3c2c3c3c3c3c3c3c3c3c3c
# epoch 2250  H=4.6357 C=3.8309 HO=0.8380  A(t)=234
      7517  <<<<<<<<<<<<<<<<  3c3c3c3c3c3c3c3c3c3c3c3c3c3c3c3c
       492  ,,,,,,,,,,,,,,,,  2c2c2c2c2c2c2c2c2c2c2c2c2c2c2c2c
       259  <<<<,<<<<<<<<<<<  3c3c3c3c2c3c3c3c3c3c3c3c3c3c3c3c
       257  <<<<<<<<<<<<<<<,  3c3c3c3c3c3c3c3c3c3c3c3c3c3c3c2c
       252  <<,<<<<<<<<<<<<<  3c3c2c3c3c3c3c3c3c3c3c3c3c3c3c3c
       251  <,<<<<<<<<<<<<<<  3c2c3c3c3c3c3c3c3c3c3c3c3c3c3c3c
       250  <<<<<,<<<<<<<<<<  3c3c3c3c3c2c3c3c3c3c3c3c3c3c3c3c
       248  <<<,<<<<<<<<<<<<  3c3c3c2c3c3c3c3c3c3c3c3c3c3c3c3c
       248  ,<<<<<<<<<<<<<<<  2c3c3c3c3c3c3c3c3c3c3c3c3c3c3c3c
       245  <<<<<<<<<<<<<<,<  3c3c3c3c3c3c3c3c3c3c3c3c3c3c2c3c
# epoch 2300  H=4.3705 C=3.5835 HO=0.8296  A(t)=254
      9356  <<<<<<<<<<<<<<<<  3c3c3c3c3c3c3c3c3c3c3c3c3c3c3c3c
       484  ,,,,,,,,,,,,,,,,  2c2c2c2c2c2c2c2c2c2c2c2c2c2c2c2c
       311  <<<<<<<<<<<<<<<,  3c3c3c3c3c3c3c3c3c3c3c3c3c3c3c2c
       298  ,<<<<<<<<<<<<<<<  2c3c3c3c3c3c3c3c3c3c3c3c3c3c3c3c
       297  <<<<<<<<<<<<<<,<  3c3c3c3c3c3c3c3c3c3c3c3c3c3c2c3c
       285  <<<<<<<<<<<<<,<<  3c3c3c3c3c3c3c3c3c3c3c3c3c2c3c3c
       285  <,<<<<<<<<<<<<<<  3c2c3c3c3c3c3c3c3c3c3c3c3c3c3c3c
       279  <<<<<<<<<,<<<<<<  3c3c3c3c3c3c3c3c3c2c3c3c3c3c3c3c
       279  <<<<<<,<<<<<<<<<  3c3c3c3c3c3c2c3c3c3c3c3c3c3c3c3c
       276  <<,<<<<<<<<<<<<<  3c3c2c3c3c3c3c3c3c3c3c3c3c3c3c3c
# epoch 2350  H=4.1609 C=3.4475 HO=0.7609  A(t)=262
     10749  <<<<<<<<<<<<<<<<  3c3c3c3c3c3c3c3c3c3c3c3c3c3c3c3c
       332  ,,,,,,,,,,,,,,,,  2c2c2c2c2c2c2c2c2c2c2c2c2c2c2c2c
       272  <<<<<<<<<<<<<<<,  3c3c3c3c3c3c3c3c3c3c3c3c3c3c3c2c
       270  <<<<<<,<<<<<<<<<  3c3c3c3c3c3c2c3c3c3c3c3c3c3c3c3c
       265  ,<<<<<<<<<<<<<<<  2c3c3c3c3c3c3c3c3c3c3c3c3c3c3c3c
       262  <<<<<<<,<<<<<<<<  3c3c3c3c3c3c3c2c3c3c3c3c3c3c3c3c
       259  <<<<<<<<,<<<<<<<  3c3c3c3c3c3c3c3c2c3c3c3c3c3c3c3c
       259  <<<<<,<<<<<<<<<<  3c3c3c3c3c2c3c3c3c3c3c3c3c3c3c3c
       256  <<<<<<<<<<<<<<,<  3c3c3c3c3c3c3c3c3c3c3c3c3c3c2c3c
       255  <,<<<<<<<<<<<<<<  3c2c3c3c3c3c3c3c3c3c3c3c3c3c3c3c
# epoch 2400  H=3.8911 C=3.2286 HO=0.7026  A(t)=273
     12002  <<<<<<<<<<<<<<<<  3c3c3c3c3c3c3c3c3c3c3c3c3c3c3c3c
       590  ,,,,,,,,,,,,,,,,  2c2c2c2c2c2c2c2c2c2c2c2c2c2c2c2c
       278  <<<<<<<<<<<<<<<,  3c3c3c3c3c3c3c3c3c3c3c3c3c3c3c2c
       274  ,<<<<<<<<<<<<<<<  2c3c3c3c3c3c3c3c3c3c3c3c3c3c3c3c
       267  <<<<<<<<<<<<<<,<  3c3c3c3c3c3c3c3c3c3c3c3c3c3c2c3c
       265  <,<<<<<<<<<<<<<<  3c2c3c3c3c3c3c3c3c3c3c3c3c3c3c3c
       258  <<,<<<<<<<<<<<<<  3c3c2c3c3c3c3c3c3c3c3c3c3c3c3c3c
       256  <<<,<<<<<<<<<<<<  3c3c3c2c3c3c3c3c3c3c3c3c3c3c3c3c
       253  <<<<<<<<<<<<<,<<  3c3c3c3c3c3c3c3c3c3c3c3c3c2c3c3c
       252  <<<<<,<<<<<<<<<<  3c3c3c3c3c2c3c3c3c3c3c3c3c3c3c3c
# epoch 2450  H=3.8598 C=3.2019 HO=0.6996  A(t)=285
     11209  <<<<<<<<<<<<<<<<  3c3c3c3c3c3c3c3c3c3c3c3c3c3c3c3c
       342  {{{{{{{{{{{{{{{{  7b7b7b7b7b7b7b7b7b7b7b7b7b7b7b7b
       270  <<<<<<<<<<<<<<<,  3c3c3c3c3c3c3c3c3c3c3c3c3c3c3c2c
       269  <<<<<<<<<<<<<<,<  3c3c3c3c3c3c3c3c3c3c3c3c3c3c2c3c
       257  <<<<<<<<<<<<,<<<  3c3c3c3c3c3c3c3c3c3c3c3c2c3c3c3c
       256  <<,<<<<<<<<<<<<<  3c3c2c3c3c3c3c3c3c3c3c3c3c3c3c3c
       256  <,<<<<<<<<<<<<<<  3c2c3c3c3c3c3c3c3c3c3c3c3c3c3c3c
       254  <<<<<<<<<<<<<,<<  3c3c3c3c3c3c3c3c3c3c3c3c3c2c3c3c
       254  <<<,<<<<<<<<<<<<  3c3c3c2c3c3c3c3c3c3c3c3c3c3c3c3c
       254  ,<<<<<<<<<<<<<<<  2c3c3c3c3c3c3c3c3c3c3c3c3c3c3c3c
# epoch 2500  H=3.7557 C=3.1356 HO=0.6804  A(t)=287
     10278  <<<<<<<<<<<<<<<<  3c3c3c3c3c3c3c3c3c3c3c3c3c3c3c3c
       442  {{{{{{{{{{{{{{{{  7b7b7b7b7b7b7b7b7b7b7b7b7b7b7b7b
       369  ,,,,,,,,,,,,,,,,  2c2c2c2c2c2c2c2c2c2c2c2c2c2c2c2c
       243  <<<<<<<<<<<<<<<,  3c3c3c3c3c3c3c3c3c3c3c3c3c3c3c2c
       238  <<<<<<<,<<<<<<<<  3c3c3c3c3c3c3c2c3c3c3c3c3c3c3c3c
       237  <<<<<<<<,<<<<<<<  3c3c3c3c3c3c3c3c2c3c3c3c3c3c3c3c
       231  <<<<<<<<<<,<<<<<  3c3c3c3c3c3c3c3c3c3c2c3c3c3c3c3c
       229  <<<<<<,<<<<<<<<<  3c3c3c3c3c3c2c3c3c3c3c3c3c3c3c3c
       228  <<<<<<<<<,<<<<<<  3c3c3c3c3c3c3c3c3c2c3c3c3c3c3c3c
       227  <<<<<<<<<<<,<<<<  3c3c3c3c3c3c3c3c3c3c3c2c3c3c3c3c
# epoch 2550  H=3.5282 C=2.9600 HO=0.6112  A(t)=289
     11240  <<<<<<<<<<<<<<<<  3c3c3c3c3c3c3c3c3c3c3c3c3c3c3c3c
       280  <<<<<<<<<<<<<<<,  3c3c3c3c3c3c3c3c3c3c3c3c3c3c3c2c
       270  ,<<<<<<<<<<<<<<<  2c3c3c3c3c3c3c3c3c3c3c3c3c3c3c3c
       263  <<<<<<<<<<<<<<,<  3c3c3c3c3c3c3c3c3c3c3c3c3c3c2c3c
       261  <<,<<<<<<<<<<<<<  3c3c2c3c3c3c3c3c3c3c3c3c3c3c3c3c
       258  <<<<<<<<<<<<<,<<  3c3c3c3c3c3c3c3c3c3c3c3c3c2c3c3c
       255  <,<<<<<<<<<<<<<<  3c2c3c3c3c3c3c3c3c3c3c3c3c3c3c3c
       244  <<<<<<<<<<<<,<<<  3c3c3c3c3c3c3c3c3c3c3c3c2c3c3c3c
       244  <<<<,<<<<<<<<<<<  3c3c3c3c2c3c3c3c3c3c3c3c3c3c3c3c
       242  <<<,<<<<<<<<<<<<  3c3c3c2c3c3c3c3c3c3c3c3c3c3c3c3c
# epoch 2600  H=3.4852 C=2.9210 HO=0.6179  A(t)=302
      9921  <<<<<<<<<<<<<<<<  3c3c3c3c3c3c3c3c3c3c3c3c3c3c3c3c
       550  ,,,,,,,,,,,,,,,,  2c2c2c2c2c2c2c2c2c2c2c2c2c2c2c2c
       280  <<<<<<<<<<<<<<<,  3c3c3c3c3c3c3c3c3c3c3c3c3c3c3c2c
       264  <<<<<<<<<<<<<<,<  3c3c3c3c3c3c3c3c3c3c3c3c3c3c2c3c
       256  ,<<<<<<<<<<<<<<<  2c3c3c3c3c3c3c3c3c3c3c3c3c3c3c3c
       254  <<<<<<<<<<<<<,<<  3c3c3c3c3c3c3c3c3c3c3c3c3c2c3c3c
       245  <<,<<<<<<<<<<<<<  3c3c2c3c3c3c3c3c3c3c3c3c3c3c3c3c
       245  <,<<<<<<<<<<<<<<  3c2c3c3c3c3c3c3c3c3c3c3c3c3c3c3c
       240  <<<<<<<<<<<,<<<<  3c3c3c3c3c3c3c3c3c3c3c2c3c3c3c3c
       239  <<<<<<<<<<,<<<<<  3c3c3c3c3c3c3c3c3c3c2c3c3c3c3c3c
# epoch 2650  H=3.2568 C=2.7423 HO=0.5570  A(t)=311
     11334  <<<<<<<<<<<<<<<<  3c3c3c3c3c3c3c3c3c3c3c3c3c3c3c3c
       451  ,,,,,,,,,,,,,,,,  2c2c2c2c2c2c2c2c2c2c2c2c2c2c2c2c
       318  <<<<<<<<<<<<<<<,  3c3c3c3c3c3c3c3c3c3c3c3c3c3c3c2c
       298  <<<<<<<<<<<<<<,<  3c3c3c3c3c3c3c3c3c3c3c3c3c3c2c3c
       297  ,<<<<<<<<<<<<<<<  2c3c3c3c3c3c3c3c3c3c3c3c3c3c3c3c
       287  <<<<<<<<,<<<<<<<  3c3c3c3c3c3c3c3c2c3c3c3c3c3c3c3c
       286  <<<<<<<<<<<<<,<<  3c3c3c3c3c3c3c3c3c3c3c3c3c2c3c3c
       281  <<<<<<<<<<<<,<<<  3c3c3c3c3c3c3c3c3c3c3c3c2c3c3c3c
       281  <<<<<<<<<<,<<<<<  3c3c3c3c3c3c3c3c3c3c2c3c3c3c3c3c
       281  <<<<<<<<<,<<<<<<  3c3c3c3c3c3c3c3c3c2c3c3c3c3c3c3c
# epoch 2700  H=3.2157 C=2.7194 HO=0.5411  A(t)=317
     11066  <<<<<<<<<<<<<<<<  3c3c3c3c3c3c3c3c3c3c3c3c3c3c3c3c
       782  ,,,,,,,,,,,,,,,,  2c2c2c2c2c2c2c2c2c2c2c2c2c2c2c2c
       355  {{{{{{{{{{{{{{{{  7b7b7b7b7b7b7b7b7b7b7b7b7b7b7b7b
       298  <<<<<<<<<<<<<<<,  3c3c3c3c3c3c3c3c3c3c3c3c3c3c3c2c
       290  <<<<<<<<<<<<<<,<  3c3c3c3c3c3c3c3c3c3c3c3c3c3c2c3c
       281  <<<<<<<<<<<<<,<<  3c3c3c3c3c3c3c3c3c3c3c3c3c2c3c3c
       281  <<<<<<<<,<<<<<<<  3c3c3c3c3c3c3c3c2c3c3c3c3c3c3c3c
       272  <<<<<<<<<<<<,<<<  3c3c3c3c3c3c3c3c3c3c3c3c2c3c3c3c
       272  <<<<<<<<<,<<<<<<  3c3c3c3c3c3c3c3c3c2c3c3c3c3c3c3c
       272  ,<<<<<<<<<<<<<<<  2c3c3c3c3c3c3c3c3c3c3c3c3c3c3c3c
# epoch 2750  H=3.1303 C=2.6578 HO=0.5092  A(t)=322
     11419  <<<<<<<<<<<<<<<<  3c3c3c3c3c3c3c3c3c3c3c3c3c3c3c3c
       547  {{{{{{{{{{{{{{{{  7b7b7b7b7b7b7b7b7b7b7b7b7b7b7b7b
       495  ,,,,,,,,,,,,,,,,  2c2c2c2c2c2c2c2c2c2c2c2c2c2c2c2c
       307  <<<<<<<<<<<<<<<,  3c3c3c3c3c3c3c3c3c3c3c3c3c3c3c2c
       296  <<<<<<<,<<<<<<<<  3c3c3c3c3c3c3c2c3c3c3c3c3c3c3c3c
       292  <<<<<<<<,<<<<<<<  3c3c3c3c3c3c3c3c2c3c3c3c3c3c3c3c
       291  <<<<<<<<<<<<<<,<  3c3c3c3c3c3c3c3c3c3c3c3c3c3c2c3c
       288  ,<<<<<<<<<<<<<<<  2c3c3c3c3c3c3c3c3c3c3c3c3c3c3c3c
       287  <<<<<<,<<<<<<<<<  3c3c3c3c3c3c2c3c3c3c3c3c3c3c3c3c
       282  <,<<<<<<<<<<<<<<  3c2c3c3c3c3c3c3c3c3c3c3c3c3c3c3c
# epoch 2800  H=3.0456 C=2.5334 HO=0.5540  A(t)=324
     12482  <<<<<<<<<<<<<<<<  3c3c3c3c3c3c3c3c3c3c3c3c3c3c3c3c
       872  ,,,,,,,,,,,,,,,,  2c2c2c2c2c2c2c2c2c2c2c2c2c2c2c2c
       400  {{{{{{{{{{{{{{{{  7b7b7b7b7b7b7b7b7b7b7b7b7b7b7b7b
       321  <<<<<<<<<<<<<<<,  3c3c3c3c3c3c3c3c3c3c3c3c3c3c3c2c
       313  ,<<<<<<<<<<<<<<<  2c3c3c3c3c3c3c3c3c3c3c3c3c3c3c3c
       311  <<<,<<<<<<<<<<<<  3c3c3c2c3c3c3c3c3c3c3c3c3c3c3c3c
       309  <<,<<<<<<<<<<<<<  3c3c2c3c3c3c3c3c3c3c3c3c3c3c3c3c
       309  <,<<<<<<<<<<<<<<  3c2c3c3c3c3c3c3c3c3c3c3c3c3c3c3c
       305  <<<<<<<<<<<<<<,<  3c3c3c3c3c3c3c3c3c3c3c3c3c3c2c3c
       300  <<<<,<<<<<<<<<<<  3c3c3c3c2c3c3c3c3c3c3c3c3c3c3c3c
# epoch 2850  H=2.8063 C=2.3901 HO=0.4483  A(t)=328
     12375  <<<<<<<<<<<<<<<<  3c3c3c3c3c3c3c3c3c3c3c3c3c3c3c3c
       810  ,,,,,,,,,,,,,,,,  2c2c2c2c2c2c2c2c2c2c2c2c2c2c2c2c
       346  <<<<<<<<<<<<<<,<  3c3c3c3c3c3c3c3c3c3c3c3c3c3c2c3c
       344  <<<<<<<<<<<<<<<,  3c3c3c3c3c3c3c3c3c3c3c3c3c3c3c2c
       343  ,<<<<<<<<<<<<<<<  2c3c3c3c3c3c3c3c3c3c3c3c3c3c3c3c
       335  <,<<<<<<<<<<<<<<  3c2c3c3c3c3c3c3c3c3c3c3c3c3c3c3c
       326  <<<<<<<<<<<<<,<<  3c3c3c3c3c3c3c3c3c3c3c3c3c2c3c3c
       316  <<<<<<<<<<<<,<<<  3c3c3c3c3c3c3c3c3c3c3c3c2c3c3c3c
       315  <<<<<<<<,<<<<<<<  3c3c3c3c3c3c3c3c2c3c3c3c3c3c3c3c
       314  <<<<<<,<<<<<<<<<  3c3c3c3c3c3c2c3c3c3c3c3c3c3c3c3c
# epoch 2900  H=2.6915 C=2.3459 HO=0.3699  A(t)=333
     12915  <<<<<<<<<<<<<<<<  3c3c3c3c3c3c3c3c3c3c3c3c3c3c3c3c
       339  ,,,,,,,,,,,,,,,,  2c2c2c2c2c2c2c2c2c2c2c2c2c2c2c2c
       315  <<<<<<,<<<<<<<<<  3c3c3c3c3c3c2c3c3c3c3c3c3c3c3c3c
       306  <<<<<<<,<<<<<<<<  3c3c3c3c3c3c3c2c3c3c3c3c3c3c3c3c
       301  <<<<<,<<<<<<<<<<  3c3c3c3c3c2c3c3c3c3c3c3c3c3c3c3c
       297  <<<<<<<<<<<<<<<,  3c3c3c3c3c3c3c3c3c3c3c3c3c3c3c2c
       296  <<<<<<<<,<<<<<<<  3c3c3c3c3c3c3c3c2c3c3c3c3c3c3c3c
       291  <<<<<<<<<<,<<<<<  3c3c3c3c3c3c3c3c3c3c2c3c3c3c3c3c
       290  <<<<,<<<<<<<<<<<  3c3c3c3c2c3c3c3c3c3c3c3c3c3c3c3c
       289  <<<<<<<<<,<<<<<<  3c3c3c3c3c3c3c3c3c2c3c3c3c3c3c3c
# epoch 2950  H=2.6956 C=2.2726 HO=0.4360  A(t)=334
     13230  <<<<<<<<<<<<<<<<  3c3c3c3c3c3c3c3c3c3c3c3c3c3c3c3c
      1059  ,,,,,,,,,,,,,,,,  2c2c2c2c2c2c2c2c2c2c2c2c2c2c2c2c
       355  <<<<<<<<<<<<<<<,  3c3c3c3c3c3c3c3c3c3c3c3c3c3c3c2c
       343  ,<<<<<<<<<<<<<<<  2c3c3c3c3c3c3c3c3c3c3c3c3c3c3c3c
       330  <<<<<<<<<<<<<<,<  3c3c3c3c3c3c3c3c3c3c3c3c3c3c2c3c
       326  <,<<<<<<<<<<<<<<  3c2c3c3c3c3c3c3c3c3c3c3c3c3c3c3c
       322  <<<<<<<<<,<<<<<<  3c3c3c3c3c3c3c3c3c2c3c3c3c3c3c3c
       321  <<<<<<<<<<<<<,<<  3c3c3c3c3c3c3c3c3c3c3c3c3c2c3c3c
       321  <<<<<<<<,<<<<<<<  3c3c3c3c3c3c3c3c2c3c3c3c3c3c3c3c
       319  <<<<<<<,<<<<<<<<  3c3c3c3c3c3c3c2c3c3c3c3c3c3c3c3c
# epoch 3000  H=2.6178 C=2.2412 HO=0.3889  A(t)=334
     11676  <<<<<<<<<<<<<<<<  3c3c3c3c3c3c3c3c3c3c3c3c3c3c3c3c
       914  ,,,,,,,,,,,,,,,,  2c2c2c2c2c2c2c2c2c2c2c2c2c2c2c2c
       310  <<<<<<<<<<<<<<<,  3c3c3c3c3c3c3c3c3c3c3c3c3c3c3c2c
       306  ,<<<<<<<<<<<<<<<  2c3c3c3c3c3c3c3c3c3c3c3c3c3c3c3c
       296  <,<<<<<<<<<<<<<<  3c2c3c3c3c3c3c3c3c3c3c3c3c3c3c3c
       293  <<<<<<<<<<<<<<,<  3c3c3c3c3c3c3c3c3c3c3c3c3c3c2c3c
       284  <<,<<<<<<<<<<<<<  3c3c2c3c3c3c3c3c3c3c3c3c3c3c3c3c
       273  <<<<<<<<<<<<<,<<  3c3c3c3c3c3c3c3c3c3c3c3c3c2c3c3c
       269  <<<<<<<<<<<<,<<<  3c3c3c3c3c3c3c3c3c3c3c3c2c3c3c3c
       264  <<<<<<<<<<,<<<<<  3c3c3c3c3c3c3c3c3c3c2c3c3c3c3c3c
# epoch 3050  H=2.4159 C=2.0845 HO=0.3339  A(t)=334
     12973  <<<<<<<<<<<<<<<<  3c3c3c3c3c3c3c3c3c3c3c3c3c3c3c3c
       677  ,,,,,,,,,,,,,,,,  2c2c2c2c2c2c2c2c2c2c2c2c2c2c2c2c
       350  <<<<<<<<<<<<<<<,  3c3c3c3c3c3c3c3c3c3c3c3c3c3c3c2c
       348  <<<<<<<,<<<<<<<<  3c3c3c3c3c3c3c2c3c3c3c3c3c3c3c3c
       342  ,<<<<<<<<<<<<<<<  2c3c3c3c3c3c3c3c3c3c3c3c3c3c3c3c
       339  <<<<<<<<,<<<<<<<  3c3c3c3c3c3c3c3c2c3c3c3c3c3c3c3c
       339  <<,<<<<<<<<<<<<<  3c3c2c3c3c3c3c3c3c3c3c3c3c3c3c3c
       338  <,<<<<<<<<<<<<<<  3c2c3c3c3c3c3c3c3c3c3c3c3c3c3c3c
       337  <<<<<<<<<<<<<,<<  3c3c3c3c3c3c3c3c3c3c3c3c3c2c3c3c
       337  <<<<<<,<<<<<<<<<  3c3c3c3c3c3c2c3c3c3c3c3c3c3c3c3c
# epoch 3100  H=2.1811 C=1.9137 HO=0.2466  A(t)=334
     14448  <<<<<<<<<<<<<<<<  3c3c3c3c3c3c3c3c3c3c3c3c3c3c3c3c
       560  ,,,,,,,,,,,,,,,,  2c2c2c2c2c2c2c2c2c2c2c2c2c2c2c2c
       424  <<<<<<<<,<<<<<<<  3c3c3c3c3c3c3c3c2c3c3c3c3c3c3c3c
       418  <<<<<<<,<<<<<<<<  3c3c3c3c3c3c3c2c3c3c3c3c3c3c3c3c
       416  <<<<<<,<<<<<<<<<  3c3c3c3c3c3c2c3c3c3c3c3c3c3c3c3c
       408  <<<<<<<<<<<<<<<,  3c3c3c3c3c3c3c3c3c3c3c3c3c3c3c2c
       408  <<<<<<<<<,<<<<<<  3c3c3c3c3c3c3c3c3c2c3c3c3c3c3c3c
       402  <<<<<<<<<<<<<<,<  3c3c3c3c3c3c3c3c3c3c3c3c3c3c2c3c
       402  <<<<<,<<<<<<<<<<  3c3c3c3c3c2c3c3c3c3c3c3c3c3c3c3c
       402  <<<<,<<<<<<<<<<<  3c3c3c3c2c3c3c3c3c3c3c3c3c3c3c3c
# epoch 3150  H=2.1962 C=1.9745 HO=0.2160  A(t)=337
     14704  <<<<<<<<<<<<<<<<  3c3c3c3c3c3c3c3c3c3c3c3c3c3c3c3c
       639  ,,,,,,,,,,,,,,,,  2c2c2c2c2c2c2c2c2c2c2c2c2c2c2c2c
       339  <<<<<<<<<<<<<<<,  3c3c3c3c3c3c3c3c3c3c3c3c3c3c3c2c
       329  <,<<<<<<<<<<<<<<  3c2c3c3c3c3c3c3c3c3c3c3c3c3c3c3c
       328  ,<<<<<<<<<<<<<<<  2c3c3c3c3c3c3c3c3c3c3c3c3c3c3c3c
       322  <<<<<<<<<<<<<<,<  3c3c3c3c3c3c3c3c3c3c3c3c3c3c2c3c
       310  <<,<<<<<<<<<<<<<  3c3c2c3c3c3c3c3c3c3c3c3c3c3c3c3c
       307  <<<,<<<<<<<<<<<<  3c3c3c2c3c3c3c3c3c3c3c3c3c3c3c3c
       302  <<<<<<<<<<<<<,<<  3c3c3c3c3c3c3c3c3c3c3c3c3c2c3c3c
       294  <<<<<<<<<<<<,<<<  3c3c3c3c3c3c3c3c3c3c3c3c2c3c3c3c
# epoch 3200  H=2.1982 C=1.9380 HO=0.2499  A(t)=337
     14754  <<<<<<<<<<<<<<<<  3c3c3c3c3c3c3c3c3c3c3c3c3c3c3c3c
       799  ,,,,,,,,,,,,,,,,  2c2c2c2c2c2c2c2c2c2c2c2c2c2c2c2c
       423  <<<<<<<<<<<<<<<,  3c3c3c3c3c3c3c3c3c3c3c3c3c3c3c2c
       395  ,<<<<<<<<<<<<<<<  2c3c3c3c3c3c3c3c3c3c3c3c3c3c3c3c
       391  <<<<<<<<<<<<<<,<  3c3c3c3c3c3c3c3c3c3c3c3c3c3c2c3c
       378  <,<<<<<<<<<<<<<<  3c2c3c3c3c3c3c3c3c3c3c3c3c3c3c3c
       365  <<,<<<<<<<<<<<<<  3c3c2c3c3c3c3c3c3c3c3c3c3c3c3c3c
       358  <<<<<<<<<<<<<,<<  3c3c3c3c3c3c3c3c3c3c3c3c3c2c3c3c
       354  <<<<<<,<<<<<<<<<  3c3c3c3c3c3c2c3c3c3c3c3c3c3c3c3c
       350  <<<<<,<<<<<<<<<<  3c3c3c3c3c2c3c3c3c3c3c3c3c3c3c3c
# epoch 3250  H=2.1165 C=1.9011 HO=0.2053  A(t)=337
     14178  <<<<<<<<<<<<<<<<  3c3c3c3c3c3c3c3c3c3c3c3c3c3c3c3c
      1115  ,,,,,,,,,,,,,,,,  2c2c2c2c2c2c2c2c2c2c2c2c2c2c2c2c
       399  <<<<<<<<<<<<<<<,  3c3c3c3c3c3c3c3c3c3c3c3c3c3c3c2c
       397  ,<<<<<<<<<<<<<<<  2c3c3c3c3c3c3c3c3c3c3c3c3c3c3c3c
       384  <,<<<<<<<<<<<<<<  3c2c3c3c3c3c3c3c3c3c3c3c3c3c3c3c
       376  <<<<<<<<<<<<<<,<  3c3c3c3c3c3c3c3c3c3c3c3c3c3c2c3c
       372  <<,<<<<<<<<<<<<<  3c3c2c3c3c3c3c3c3c3c3c3c3c3c3c3c
       363  <<<<<<<<<<<<<,<<  3c3c3c3c3c3c3c3c3c3c3c3c3c2c3c3c
       358  <<<,<<<<<<<<<<<<  3c3c3c2c3c3c3c3c3c3c3c3c3c3c3c3c
       352  <<<<,<<<<<<<<<<<  3c3c3c3c2c3c3c3c3c3c3c3c3c3c3c3c
# epoch 3300  H=1.9224 C=1.7860 HO=0.1082  A(t)=337
     14677  <<<<<<<<<<<<<<<<  3c3c3c3c3c3c3c3c3c3c3c3c3c3c3c3c
       802  ,,,,,,,,,,,,,,,,  2c2c2c2c2c2c2c2c2c2c2c2c2c2c2c2c
       393  <<<<<<<<<<<<<<<,  3c3c3c3c3c3c3c3c3c3c3c3c3c3c3c2c
       376  ,<<<<<<<<<<<<<<<  2c3c3c3c3c3c3c3c3c3c3c3c3c3c3c3c
       368  <<<<<<<<<<<<<<,<  3c3c3c3c3c3c3c3c3c3c3c3c3c3c2c3c
       362  <,<<<<<<<<<<<<<<  3c2c3c3c3c3c3c3c3c3c3c3c3c3c3c3c
       360  <<,<<<<<<<<<<<<<  3c3c2c3c3c3c3c3c3c3c3c3c3c3c3c3c
       359  <<<<<<<<<<<<<,<<  3c3c3c3c3c3c3c3c3c3c3c3c3c2c3c3c
       353  <<<,<<<<<<<<<<<<  3c3c3c2c3c3c3c3c3c3c3c3c3c3c3c3c
       350  <<<<,<<<<<<<<<<<  3c3c3c3c2c3c3c3c3c3c3c3c3c3c3c3c
# epoch 3350  H=1.8226 C=1.7390 HO=0.0526  A(t)=337
     15275  <<<<<<<<<<<<<<<<  3c3c3c3c3c3c3c3c3c3c3c3c3c3c3c3c
       654  ,,,,,,,,,,,,,,,,  2c2c2c2c2c2c2c2c2c2c2c2c2c2c2c2c
       359  <<<<<<<<<<<<<<<,  3c3c3c3c3c3c3c3c3c3c3c3c3c3c3c2c
       347  ,<<<<<<<<<<<<<<<  2c3c3c3c3c3c3c3c3c3c3c3c3c3c3c3c
       334  <<<<<<<<<<<<<<,<  3c3c3c3c3c3c3c3c3c3c3c3c3c3c2c3c
       326  <<<<<<,<<<<<<<<<  3c3c3c3c3c3c2c3c3c3c3c3c3c3c3c3c
       325  <<<<<<<<,<<<<<<<  3c3c3c3c3c3c3c3c2c3c3c3c3c3c3c3c
       325  <<<<<<<,<<<<<<<<  3c3c3c3c3c3c3c2c3c3c3c3c3c3c3c3c
       323  <<<<<<<<<<,<<<<<  3c3c3c3c3c3c3c3c3c3c2c3c3c3c3c3c
       323  <,<<<<<<<<<<<<<<  3c2c3c3c3c3c3c3c3c3c3c3c3c3c3c3c
# epoch 3400  H=1.7813 C=1.7043 HO=0.0326  A(t)=337
     14527  <<<<<<<<<<<<<<<<  3c3c3c3c3c3c3c3c3c3c3c3c3c3c3c3c
       747  ,,,,,,,,,,,,,,,,  2c2c2c2c2c2c2c2c2c2c2c2c2c2c2c2c
       384  <<<<<<<<<<<<<<<,  3c3c3c3c3c3c3c3c3c3c3c3c3c3c3c2c
       366  ,<<<<<<<<<<<<<<<  2c3c3c3c3c3c3c3c3c3c3c3c3c3c3c3c
       359  <<<<<<<<<<<<<<,<  3c3c3c3c3c3c3c3c3c3c3c3c3c3c2c3c
       355  <,<<<<<<<<<<<<<<  3c2c3c3c3c3c3c3c3c3c3c3c3c3c3c3c
       352  <<<<<<<<<<<<<,<<  3c3c3c3c3c3c3c3c3c3c3c3c3c2c3c3c
       344  <<,<<<<<<<<<<<<<  3c3c2c3c3c3c3c3c3c3c3c3c3c3c3c3c
       341  <<<<<<<<<<<<,<<<  3c3c3c3c3c3c3c3c3c3c3c3c2c3c3c3c
       341  <<<<,<<<<<<<<<<<  3c3c3c3c2c3c3c3c3c3c3c3c3c3c3c3c
# epoch 3450  H=1.8683 C=1.7582 HO=0.0733  A(t)=337
     14173  <<<<<<<<<<<<<<<<  3c3c3c3c3c3c3c3c3c3c3c3c3c3c3c3c
       849  ,,,,,,,,,,,,,,,,  2c2c2c2c2c2c2c2c2c2c2c2c2c2c2c2c
       362  <<<<<<<<<<<<<<<,  3c3c3c3c3c3c3c3c3c3c3c3c3c3c3c2c
       352  ,<<<<<<<<<<<<<<<  2c3c3c3c3c3c3c3c3c3c3c3c3c3c3c3c
       339  <,<<<<<<<<<<<<<<  3c2c3c3c3c3c3c3c3c3c3c3c3c3c3c3c
       334  <<,<<<<<<<<<<<<<  3c3c2c3c3c3c3c3c3c3c3c3c3c3c3c3c
       329  <<<,<<<<<<<<<<<<  3c3c3c2c3c3c3c3c3c3c3c3c3c3c3c3c
       328  <<<<,<<<<<<<<<<<  3c3c3c3c2c3c3c3c3c3c3c3c3c3c3c3c
       327  <<<<<<<<<<<<<<,<  3c3c3c3c3c3c3c3c3c3c3c3c3c3c2c3c
       326  <<<<<<<<<<<<<,<<  3c3c3c3c3c3c3c3c3c3c3c3c3c2c3c3c
# epoch 3500  H=1.8417 C=1.7566 HO=0.0665  A(t)=337
     14594  <<<<<<<<<<<<<<<<  3c3c3c3c3c3c3c3c3c3c3c3c3c3c3c3c
       705  ,,,,,,,,,,,,,,,,  2c2c2c2c2c2c2c2c2c2c2c2c2c2c2c2c
       377  <<<<<<<<<<<<<<<,  3c3c3c3c3c3c3c3c3c3c3c3c3c3c3c2c
       366  ,<<<<<<<<<<<<<<<  2c3c3c3c3c3c3c3c3c3c3c3c3c3c3c3c
       358  <,<<<<<<<<<<<<<<  3c2c3c3c3c3c3c3c3c3c3c3c3c3c3c3c
       353  <<<<<<<<<<<<<<,<  3c3c3c3c3c3c3c3c3c3c3c3c3c3c2c3c
       339  <<,<<<<<<<<<<<<<  3c3c2c3c3c3c3c3c3c3c3c3c3c3c3c3c
       336  <<<<<<<<<<<<<,<<  3c3c3c3c3c3c3c3c3c3c3c3c3c2c3c3c
       335  <<<<<<<<<<<<,<<<  3c3c3c3c3c3c3c3c3c3c3c3c2c3c3c3c
       333  <<<,<<<<<<<<<<<<  3c3c3c2c3c3c3c3c3c3c3c3c3c3c3c3c
# epoch 3550  H=2.0102 C=1.9043 HO=0.0932  A(t)=337
     13292  <<<<<<<<<<<<<<<<  3c3c3c3c3c3c3c3c3c3c3c3c3c3c3c3c
       977  ,,,,,,,,,,,,,,,,  2c2c2c2c2c2c2c2c2c2c2c2c2c2c2c2c
       333  <<<<<<<<<<<<<,<<  3c3c3c3c3c3c3c3c3c3c3c3c3c2c3c3c
       332  <<<<<<<<<<<<<<<,  3c3c3c3c3c3c3c3c3c3c3c3c3c3c3c2c
       326  <<<<<<<<<<<<<<,<  3c3c3c3c3c3c3c3c3c3c3c3c3c3c2c3c
       324  <<,<<<<<<<<<<<<<  3c3c2c3c3c3c3c3c3c3c3c3c3c3c3c3c
       318  ,<<<<<<<<<<<<<<<  2c3c3c3c3c3c3c3c3c3c3c3c3c3c3c3c
       315  <<<<<<<<<<<<,<<<  3c3c3c3c3c3c3c3c3c3c3c3c2c3c3c3c
       315  <<<,<<<<<<<<<<<<  3c3c3c2c3c3c3c3c3c3c3c3c3c3c3c3c
       314  <<<<<,<<<<<<<<<<  3c3c3c3c3c2c3c3c3c3c3c3c3c3c3c3c
# epoch 3600  H=2.1122 C=1.9841 HO=0.1154  A(t)=337
     12664  <<<<<<<<<<<<<<<<  3c3c3c3c3c3c3c3c3c3c3c3c3c3c3c3c
       366  <<<<<<<<<<<<<<<,  3c3c3c3c3c3c3c3c3c3c3c3c3c3c3c2c
       359  <<<<<<<<<<<<<<,<  3c3c3c3c3c3c3c3c3c3c3c3c3c3c2c3c
       347  <,<<<<<<<<<<<<<<  3c2c3c3c3c3c3c3c3c3c3c3c3c3c3c3c
       347  ,<<<<<<<<<<<<<<<  2c3c3c3c3c3c3c3c3c3c3c3c3c3c3c3c
       346  <<,<<<<<<<<<<<<<  3c3c2c3c3c3c3c3c3c3c3c3c3c3c3c3c
       345  <<<,<<<<<<<<<<<<  3c3c3c2c3c3c3c3c3c3c3c3c3c3c3c3c
       343  <<<<<<<<<<<<<,<<  3c3c3c3c3c3c3c3c3c3c3c3c3c2c3c3c
       343  <<<<<<<<<<<<,<<<  3c3c3c3c3c3c3c3c3c3c3c3c2c3c3c3c
       326  <<<<,<<<<<<<<<<<  3c3c3c3c2c3c3c3c3c3c3c3c3c3c3c3c
# epoch 3650  H=2.1543 C=2.0143 HO=0.1320  A(t)=337
     12844  <<<<<<<<<<<<<<<<  3c3c3c3c3c3c3c3c3c3c3c3c3c3c3c3c
       527  ,,,,,,,,,,,,,,,,  2c2c2c2c2c2c2c2c2c2c2c2c2c2c2c2c
       309  <<<<<<<<<<<<<<<,  3c3c3c3c3c3c3c3c3c3c3c3c3c3c3c2c
       301  <<<<<<<<<<<<<,<<  3c3c3c3c3c3c3c3c3c3c3c3c3c2c3c3c
       298  <<<<<<<<<<<<<<,<  3c3c3c3c3c3c3c3c3c3c3c3c3c3c2c3c
       294  <<<<,<<<<<<<<<<<  3c3c3c3c2c3c3c3c3c3c3c3c3c3c3c3c
       292  <,<<<<<<<<<<<<<<  3c2c3c3c3c3c3c3c3c3c3c3c3c3c3c3c
       292  ,<<<<<<<<<<<<<<<  2c3c3c3c3c3c3c3c3c3c3c3c3c3c3c3c
       290  <<,<<<<<<<<<<<<<  3c3c2c3c3c3c3c3c3c3c3c3c3c3c3c3c
       288  <<<,<<<<<<<<<<<<  3c3c3c2c3c3c3c3c3c3c3c3c3c3c3c3c
# epoch 3700  H=2.2059 C=2.0605 HO=0.1347  A(t)=337
     11223  <<<<<<<<<<<<<<<<  3c3c3c3c3c3c3c3c3c3c3c3c3c3c3c3c
       359  ,,,,,,,,,,,,,,,,  2c2c2c2c2c2c2c2c2c2c2c2c2c2c2c2c
       347  <<<<<<<<<<<<<<<,  3c3c3c3c3c3c3c3c3c3c3c3c3c3c3c2c
       327  <<<<<<<<<<,<<<<<  3c3c3c3c3c3c3c3c3c3c2c3c3c3c3c3c
       326  <<<<<,<<<<<<<<<<  3c3c3c3c3c2c3c3c3c3c3c3c3c3c3c3c
       325  <<<<<<<<<<<<<<,<  3c3c3c3c3c3c3c3c3c3c3c3c3c3c2c3c
       325  <<<<<<<,<<<<<<<<  3c3c3c3c3c3c3c2c3c3c3c3c3c3c3c3c
       322  <<<<<<,<<<<<<<<<  3c3c3c3c3c3c2c3c3c3c3c3c3c3c3c3c
       322  ,<<<<<<<<<<<<<<<  2c3c3c3c3c3c3c3c3c3c3c3c3c3c3c3c
       316  <<<<<<<<<,<<<<<<  3c3c3c3c3c3c3c3c3c2c3c3c3c3c3c3c
# epoch 3750  H=2.0646 C=1.9510 HO=0.1093  A(t)=337
     12154  <<<<<<<<<<<<<<<<  3c3c3c3c3c3c3c3c3c3c3c3c3c3c3c3c
       455  ,,,,,,,,,,,,,,,,  2c2c2c2c2c2c2c2c2c2c2c2c2c2c2c2c
       342  <<<<<<<<<<<<<<<,  3c3c3c3c3c3c3c3c3c3c3c3c3c3c3c2c
       332  <<<<<<<<<<,<<<<<  3c3c3c3c3c3c3c3c3c3c2c3c3c3c3c3c
       331  <<<<<<<<<<<<<<,<  3c3c3c3c3c3c3c3c3c3c3c3c3c3c2c3c
       331  <<<<<<<<<,<<<<<<  3c3c3c3c3c3c3c3c3c2c3c3c3c3c3c3c
       327  <<<<<<<<<<<,<<<<  3c3c3c3c3c3c3c3c3c3c3c2c3c3c3c3c
       321  <<<<<<<<<<<<<,<<  3c3c3c3c3c3c3c3c3c3c3c3c3c2c3c3c
       321  <<<<<<<<,<<<<<<<  3c3c3c3c3c3c3c3c2c3c3c3c3c3c3c3c
       320  <<<<<<<<<<<<,<<<  3c3c3c3c3c3c3c3c3c3c3c3c2c3c3c3c
# epoch 3800  H=1.9605 C=1.8810 HO=0.0736  A(t)=337
     13901  <<<<<<<<<<<<<<<<  3c3c3c3c3c3c3c3c3c3c3c3c3c3c3c3c
       388  ,,,,,,,,,,,,,,,,  2c2c2c2c2c2c2c2c2c2c2c2c2c2c2c2c
       347  <<<<<<<<<<<<<<<,  3c3c3c3c3c3c3c3c3c3c3c3c3c3c3c2c
       326  <<<<<<<<<<<<<<,<  3c3c3c3c3c3c3c3c3c3c3c3c3c3c2c3c
       322  <<,<<<<<<<<<<<<<  3c3c2c3c3c3c3c3c3c3c3c3c3c3c3c3c
       317  <<<<<<<<<<<<<,<<  3c3c3c3c3c3c3c3c3c3c3c3c3c2c3c3c
       317  <,<<<<<<<<<<<<<<  3c2c3c3c3c3c3c3c3c3c3c3c3c3c3c3c
       313  ,<<<<<<<<<<<<<<<  2c3c3c3c3c3c3c3c3c3c3c3c3c3c3c3c
       312  <<<,<<<<<<<<<<<<  3c3c3c2c3c3c3c3c3c3c3c3c3c3c3c3c
       310  <<<<<<<<<,<<<<<<  3c3c3c3c3c3c3c3c3c2c3c3c3c3c3c3c
# epoch 3850  H=1.9761 C=1.9163 HO=0.0643  A(t)=338
     12777  <<<<<<<<<<<<<<<<  3c3c3c3c3c3c3c3c3c3c3c3c3c3c3c3c
       379  ,,,,,,,,,,,,,,,,  2c2c2c2c2c2c2c2c2c2c2c2c2c2c2c2c
       367  <<<<<<<<<<<<<<<,  3c3c3c3c3c3c3c3c3c3c3c3c3c3c3c2c
       347  <<<<<<<<<<<<<<,<  3c3c3c3c3c3c3c3c3c3c3c3c3c3c2c3c
       345  <<<<<<<<<<<<<,<<  3c3c3c3c3c3c3c3c3c3c3c3c3c2c3c3c
       342  <<<<<<<,<<<<<<<<  3c3c3c3c3c3c3c2c3c3c3c3c3c3c3c3c
       339  ,<<<<<<<<<<<<<<<  2c3c3c3c3c3c3c3c3c3c3c3c3c3c3c3c
       338  <<,<<<<<<<<<<<<<  3c3c2c3c3c3c3c3c3c3c3c3c3c3c3c3c
       337  <,<<<<<<<<<<<<<<  3c2c3c3c3c3c3c3c3c3c3c3c3c3c3c3c
       336  <<<<<<<<,<<<<<<<  3c3c3c3c3c3c3c3c2c3c3c3c3c3c3c3c
# epoch 3900  H=2.0586 C=1.9398 HO=0.1062  A(t)=338
     12702  <<<<<<<<<<<<<<<<  3c3c3c3c3c3c3c3c3c3c3c3c3c3c3c3c
       560  ,,,,,,,,,,,,,,,,  2c2c2c2c2c2c2c2c2c2c2c2c2c2c2c2c
       321  <<<<<<<<<<<<<<<,  3c3c3c3c3c3c3c3c3c3c3c3c3c3c3c2c
       305  <<<<<<<<<<<<<<,<  3c3c3c3c3c3c3c3c3c3c3c3c3c3c2c3c
       286  <<<<<<<<<<<<<,<<  3c3c3c3c3c3c3c3c3c3c3c3c3c2c3c3c
       277  ,<<<<<<<<<<<<<<<  2c3c3c3c3c3c3c3c3c3c3c3c3c3c3c3c
       273  <<<<,<<<<<<<<<<<  3c3c3c3c2c3c3c3c3c3c3c3c3c3c3c3c
       272  <<<,<<<<<<<<<<<<  3c3c3c2c3c3c3c3c3c3c3c3c3c3c3c3c
       270  <<<<<<<<<<<<,<<<  3c3c3c3c3c3c3c3c3c3c3c3c2c3c3c3c
       270  <<<<<<<<<<<,<<<<  3c3c3c3c3c3c3c3c3c3c3c2c3c3c3c3c
# epoch 3950  H=1.9591 C=1.8380 HO=0.1148  A(t)=338
     13626  <<<<<<<<<<<<<<<<  3c3c3c3c3c3c3c3c3c3c3c3c3c3c3c3c
       529  ,,,,,,,,,,,,,,,,  2c2c2c2c2c2c2c2c2c2c2c2c2c2c2c2c
       365  <<<<<<<<<<<<<<<,  3c3c3c3c3c3c3c3c3c3c3c3c3c3c3c2c
       347  <<<<<<<<<<<<<<,<  3c3c3c3c3c3c3c3c3c3c3c3c3c3c2c3c
       341  <<<<,<<<<<<<<<<<  3c3c3c3c2c3c3c3c3c3c3c3c3c3c3c3c
       339  <<<<<<,<<<<<<<<<  3c3c3c3c3c3c2c3c3c3c3c3c3c3c3c3c
       337  ,<<<<<<<<<<<<<<<  2c3c3c3c3c3c3c3c3c3c3c3c3c3c3c3c
       335  <<<<<<<<<<<<<,<<  3c3c3c3c3c3c3c3c3c3c3c3c3c2c3c3c
       333  <<<<<<<<<<<<,<<<  3c3c3c3c3c3c3c3c3c3c3c3c2c3c3c3c
       333  <<<,<<<<<<<<<<<<  3c3c3c2c3c3c3c3c3c3c3c3c3c3c3c3c
# epoch 4000  H=1.9431 C=1.7971 HO=0.1227  A(t)=339
     13522  <<<<<<<<<<<<<<<<  3c3c3c3c3c3c3c3c3c3c3c3c3c3c3c3c
       697  ,,,,,,,,,,,,,,,,  2c2c2c2c2c2c2c2c2c2c2c2c2c2c2c2c
       383  <<<<<<<<<<<<<<<,  3c3c3c3c3c3c3c3c3c3c3c3c3c3c3c2c
       370  ,<<<<<<<<<<<<<<<  2c3c3c3c3c3c3c3c3c3c3c3c3c3c3c3c
       358  <,<<<<<<<<<<<<<<  3c2c3c3c3c3c3c3c3c3c3c3c3c3c3c3c
       357  <<<<<<<<<<<<<<,<  3c3c3c3c3c3c3c3c3c3c3c3c3c3c2c3c
       352  <<,<<<<<<<<<<<<<  3c3c2c3c3c3c3c3c3c3c3c3c3c3c3c3c
       344  <<<<<<<<<<<<,<<<  3c3c3c3c3c3c3c3c3c3c3c3c2c3c3c3c
       344  <<<<,<<<<<<<<<<<  3c3c3c3c2c3c3c3c3c3c3c3c3c3c3c3c
       343  <<<,<<<<<<<<<<<<  3c3c3c2c3c3c3c3c3c3c3c3c3c3c3c3c
# epoch 4050  H=1.8840 C=1.7831 HO=0.0721  A(t)=339
     14021  <<<<<<<<<<<<<<<<  3c3c3c3c3c3c3c3c3c3c3c3c3c3c3c3c
       725  ,,,,,,,,,,,,,,,,  2c2c2c2c2c2c2c2c2c2c2c2c2c2c2c2c
       390  <<<<<<<<<<<<<<<,  3c3c3c3c3c3c3c3c3c3c3c3c3c3c3c2c
       385  <<<<<<<<<<,<<<<<  3c3c3c3c3c3c3c3c3c3c2c3c3c3c3c3c
       381  <<<<<<<<<<<,<<<<  3c3c3c3c3c3c3c3c3c3c3c2c3c3c3c3c
       379  <<<<<<<<<<<<<<,<  3c3c3c3c3c3c3c3c3c3c3c3c3c3c2c3c
       376  <<<<<<<<<<<<,<<<  3c3c3c3c3c3c3c3c3c3c3c3c2c3c3c3c
       373  <<<<<,<<<<<<<<<<  3c3c3c3c3c2c3c3c3c3c3c3c3c3c3c3c
       373  <<<<,<<<<<<<<<<<  3c3c3c3c2c3c3c3c3c3c3c3c3c3c3c3c
       372  <<<<<<<<<<<<<,<<  3c3c3c3c3c3c3c3c3c3c3c3c3c2c3c3c
# epoch 4100  H=1.7824 C=1.7096 HO=0.0546  A(t)=339
     13954  <<<<<<<<<<<<<<<<  3c3c3c3c3c3c3c3c3c3c3c3c3c3c3c3c
       506  ,,,,,,,,,,,,,,,,  2c2c2c2c2c2c2c2c2c2c2c2c2c2c2c2c
       385  <<<<<<<<<<<<<<<,  3c3c3c3c3c3c3c3c3c3c3c3c3c3c3c2c
       368  <<<<<<<<<<<<<<,<  3c3c3c3c3c3c3c3c3c3c3c3c3c3c2c3c
       368  ,<<<<<<<<<<<<<<<  2c3c3c3c3c3c3c3c3c3c3c3c3c3c3c3c
       360  <<<<<<<<<<<<<,<<  3c3c3c3c3c3c3c3c3c3c3c3c3c2c3c3c
       354  <,<<<<<<<<<<<<<<  3c2c3c3c3c3c3c3c3c3c3c3c3c3c3c3c
       353  <<<<<<<<<<<<,<<<  3c3c3c3c3c3c3c3c3c3c3c3c2c3c3c3c
       350  <<<<<<<<<,<<<<<<  3c3c3c3c3c3c3c3c3c2c3c3c3c3c3c3c
       349  <<<<<<<,<<<<<<<<  3c3c3c3c3c3c3c2c3c3c3c3c3c3c3c3c
# epoch 4150  H=1.8473 C=1.7162 HO=0.1074  A(t)=339
     13629  <<<<<<<<<<<<<<<<  3c3c3c3c3c3c3c3c3c3c3c3c3c3c3c3c
       633  ,,,,,,,,,,,,,,,,  2c2c2c2c2c2c2c2c2c2c2c2c2c2c2c2c
       369  <<<<<<<<<<<<<<<,  3c3c3c3c3c3c3c3c3c3c3c3c3c3c3c2c
       358  <<<<,<<<<<<<<<<<  3c3c3c3c2c3c3c3c3c3c3c3c3c3c3c3c
       357  ,<<<<<<<<<<<<<<<  2c3c3c3c3c3c3c3c3c3c3c3c3c3c3c3c
       352  <<<,<<<<<<<<<<<<  3c3c3c2c3c3c3c3c3c3c3c3c3c3c3c3c
       346  <<,<<<<<<<<<<<<<  3c3c2c3c3c3c3c3c3c3c3c3c3c3c3c3c
       339  <<<<<,<<<<<<<<<<  3c3c3c3c3c2c3c3c3c3c3c3c3c3c3c3c
       339  <,<<<<<<<<<<<<<<  3c2c3c3c3c3c3c3c3c3c3c3c3c3c3c3c
       337  <<<<<<<<<<<<,<<<  3c3c3c3c3c3c3c3c3c3c3c3c2c3c3c3c
# epoch 4200  H=1.8653 C=1.7462 HO=0.0976  A(t)=339
     13865  <<<<<<<<<<<<<<<<  3c3c3c3c3c3c3c3c3c3c3c3c3c3c3c3c
       676  ,,,,,,,,,,,,,,,,  2c2c2c2c2c2c2c2c2c2c2c2c2c2c2c2c
       387  <<<<<<<<<<<<<<<,  3c3c3c3c3c3c3c3c3c3c3c3c3c3c3c2c
       365  <<<<<<<<<<<<<<,<  3c3c3c3c3c3c3c3c3c3c3c3c3c3c2c3c
       364  ,<<<<<<<<<<<<<<<  2c3c3c3c3c3c3c3c3c3c3c3c3c3c3c3c
       356  <,<<<<<<<<<<<<<<  3c2c3c3c3c3c3c3c3c3c3c3c3c3c3c3c
       348  <<,<<<<<<<<<<<<<  3c3c2c3c3c3c3c3c3c3c3c3c3c3c3c3c
       340  <<<<<<<<<<<<<,<<  3c3c3c3c3c3c3c3c3c3c3c3c3c2c3c3c
       337  <<<<<<<<<<<<,<<<  3c3c3c3c3c3c3c3c3c3c3c3c2c3c3c3c
       334  <<<,<<<<<<<<<<<<  3c3c3c2c3c3c3c3c3c3c3c3c3c3c3c3c
# epoch 4250  H=1.7213 C=1.6793 HO=0.0222  A(t)=339
     16321  <<<<<<<<<<<<<<<<  3c3c3c3c3c3c3c3c3c3c3c3c3c3c3c3c
       454  ,,,,,,,,,,,,,,,,  2c2c2c2c2c2c2c2c2c2c2c2c2c2c2c2c
       388  <<<<<<<<<<<<<<<,  3c3c3c3c3c3c3c3c3c3c3c3c3c3c3c2c
       376  <<<<<<<<<<<<<<,<  3c3c3c3c3c3c3c3c3c3c3c3c3c3c2c3c
       376  ,<<<<<<<<<<<<<<<  2c3c3c3c3c3c3c3c3c3c3c3c3c3c3c3c
       375  <<<<<<<<<<<<<,<<  3c3c3c3c3c3c3c3c3c3c3c3c3c2c3c3c
       365  <,<<<<<<<<<<<<<<  3c2c3c3c3c3c3c3c3c3c3c3c3c3c3c3c
       360  <<,<<<<<<<<<<<<<  3c3c2c3c3c3c3c3c3c3c3c3c3c3c3c3c
       355  <<<<<<<<<<<<,<<<  3c3c3c3c3c3c3c3c3c3c3c3c2c3c3c3c
       349  <<<,<<<<<<<<<<<<  3c3c3c2c3c3c3c3c3c3c3c3c3c3c3c3c
# epoch 4300  H=1.6828 C=1.6152 HO=0.0398  A(t)=339
     15504  <<<<<<<<<<<<<<<<  3c3c3c3c3c3c3c3c3c3c3c3c3c3c3c3c
       556  ,,,,,,,,,,,,,,,,  2c2c2c2c2c2c2c2c2c2c2c2c2c2c2c2c
       396  <<<<<<<<<<<<<<<,  3c3c3c3c3c3c3c3c3c3c3c3c3c3c3c2c
       379  <<<<<<<,<<<<<<<<  3c3c3c3c3c3c3c2c3c3c3c3c3c3c3c3c
       378  <<<<<<<<<<<<<<,<  3c3c3c3c3c3c3c3c3c3c3c3c3c3c2c3c
       377  <<<<<<<<<<<<<,<<  3c3c3c3c3c3c3c3c3c3c3c3c3c2c3c3c
       377  <<<<<<<<,<<<<<<<  3c3c3c3c3c3c3c3c2c3c3c3c3c3c3c3c
       373  <<<<<<<<<<<<,<<<  3c3c3c3c3c3c3c3c3c3c3c3c2c3c3c3c
       373  ,<<<<<<<<<<<<<<<  2c3c3c3c3c3c3c3c3c3c3c3c3c3c3c3c
       371  <<<<<<<<<,<<<<<<  3c3c3c3c3c3c3c3c3c2c3c3c3c3c3c3c
# epoch 4350  H=1.7489 C=1.6813 HO=0.0436  A(t)=339
     14601  <<<<<<<<<<<<<<<<  3c3c3c3c3c3c3c3c3c3c3c3c3c3c3c3c
       400  ,,,,,,,,,,,,,,,,  2c2c2c2c2c2c2c2c2c2c2c2c2c2c2c2c
       377  <<<<<<<<<<<<<<<,  3c3c3c3c3c3c3c3c3c3c3c3c3c3c3c2c
       368  ,<<<<<<<<<<<<<<<  2c3c3c3c3c3c3c3c3c3c3c3c3c3c3c3c
       363  <<<<<<<<<<<<<<,<  3c3c3c3c3c3c3c3c3c3c3c3c3c3c2c3c
       357  <<<<<<<<<<<<<,<<  3c3c3c3c3c3c3c3c3c3c3c3c3c2c3c3c
       343  <<<<<<<<<<<<,<<<  3c3c3c3c3c3c3c3c3c3c3c3c2c3c3c3c
       341  <,<<<<<<<<<<<<<<  3c2c3c3c3c3c3c3c3c3c3c3c3c3c3c3c
       334  <<<<<<<<,<<<<<<<  3c3c3c3c3c3c3c3c2c3c3c3c3c3c3c3c
       332  <<,<<<<<<<<<<<<<  3c3c2c3c3c3c3c3c3c3c3c3c3c3c3c3c
# epoch 4400  H=1.8178 C=1.7388 HO=0.0660  A(t)=339
     14644  <<<<<<<<<<<<<<<<  3c3c3c3c3c3c3c3c3c3c3c3c3c3c3c3c
       647  ,,,,,,,,,,,,,,,,  2c2c2c2c2c2c2c2c2c2c2c2c2c2c2c2c
       383  <<<<<<<<<<<<<<<,  3c3c3c3c3c3c3c3c3c3c3c3c3c3c3c2c
       380  ,<<<<<<<<<<<<<<<  2c3c3c3c3c3c3c3c3c3c3c3c3c3c3c3c
       376  <,<<<<<<<<<<<<<<  3c2c3c3c3c3c3c3c3c3c3c3c3c3c3c3c
       371  <<,<<<<<<<<<<<<<  3c3c2c3c3c3c3c3c3c3c3c3c3c3c3c3c
       370  <<<,<<<<<<<<<<<<  3c3c3c2c3c3c3c3c3c3c3c3c3c3c3c3c
       361  <<<<<<,<<<<<<<<<  3c3c3c3c3c3c2c3c3c3c3c3c3c3c3c3c
       357  <<<<<<<<<<<<<<,<  3c3c3c3c3c3c3c3c3c3c3c3c3c3c2c3c
       357  <<<<,<<<<<<<<<<<  3c3c3c3c2c3c3c3c3c3c3c3c3c3c3c3c
# epoch 4450  H=1.9085 C=1.8126 HO=0.0800  A(t)=339
     14264  <<<<<<<<<<<<<<<<  3c3c3c3c3c3c3c3c3c3c3c3c3c3c3c3c
       460  ,,,,,,,,,,,,,,,,  2c2c2c2c2c2c2c2c2c2c2c2c2c2c2c2c
       400  <<<<<<<<<<<<<<<,  3c3c3c3c3c3c3c3c3c3c3c3c3c3c3c2c
       388  <<<<<<<<<<<<<<,<  3c3c3c3c3c3c3c3c3c3c3c3c3c3c2c3c
       378  ,<<<<<<<<<<<<<<<  2c3c3c3c3c3c3c3c3c3c3c3c3c3c3c3c
       374  <<<<<<<<<<<<<,<<  3c3c3c3c3c3c3c3c3c3c3c3c3c2c3c3c
       370  <<<<<<<<<<<<,<<<  3c3c3c3c3c3c3c3c3c3c3c3c2c3c3c3c
       363  <,<<<<<<<<<<<<<<  3c2c3c3c3c3c3c3c3c3c3c3c3c3c3c3c
       361  <<,<<<<<<<<<<<<<  3c3c2c3c3c3c3c3c3c3c3c3c3c3c3c3c
       348  <<<<<<<<<<<,<<<<  3c3c3c3c3c3c3c3c3c3c3c2c3c3c3c3c
# epoch 4500  H=1.9626 C=1.8612 HO=0.0977  A(t)=339
     14745  <<<<<<<<<<<<<<<<  3c3c3c3c3c3c3c3c3c3c3c3c3c3c3c3c
       509  ,,,,,,,,,,,,,,,,  2c2c2c2c2c2c2c2c2c2c2c2c2c2c2c2c
       362  <<<<<<<<<<<<<<<,  3c3c3c3c3c3c3c3c3c3c3c3c3c3c3c2c
       344  <<<<<<<<<<<<<<,<  3c3c3c3c3c3c3c3c3c3c3c3c3c3c2c3c
       342  ,<<<<<<<<<<<<<<<  2c3c3c3c3c3c3c3c3c3c3c3c3c3c3c3c
       330  <<<<<<<<<<<<<,<<  3c3c3c3c3c3c3c3c3c3c3c3c3c2c3c3c
       327  <<<<<<<<<<<<,<<<  3c3c3c3c3c3c3c3c3c3c3c3c2c3c3c3c
       323  <<<<<<<<<<<,<<<<  3c3c3c3c3c3c3c3c3c3c3c2c3c3c3c3c
       316  <<<<<<<<<<,<<<<<  3c3c3c3c3c3c3c3c3c3c2c3c3c3c3c3c
       314  <,<<<<<<<<<<<<<<  3c2c3c3c3c3c3c3c3c3c3c3c3c3c3c3c
# epoch 4550  H=1.9856 C=1.8911 HO=0.0831  A(t)=339
     13566  <<<<<<<<<<<<<<<<  3c3c3c3c3c3c3c3c3c3c3c3c3c3c3c3c
       413  ,,,,,,,,,,,,,,,,  2c2c2c2c2c2c2c2c2c2c2c2c2c2c2c2c
       376  <<<<<<<<<<<<<<<,  3c3c3c3c3c3c3c3c3c3c3c3c3c3c3c2c
       351  <<<<,<<<<<<<<<<<  3c3c3c3c2c3c3c3c3c3c3c3c3c3c3c3c
       348  <<<<<<,<<<<<<<<<  3c3c3c3c3c3c2c3c3c3c3c3c3c3c3c3c
       345  <<<,<<<<<<<<<<<<  3c3c3c2c3c3c3c3c3c3c3c3c3c3c3c3c
       345  ,<<<<<<<<<<<<<<<  2c3c3c3c3c3c3c3c3c3c3c3c3c3c3c3c
       343  <<<<<,<<<<<<<<<<  3c3c3c3c3c2c3c3c3c3c3c3c3c3c3c3c
       342  <<<<<<<<<<<<<<,<  3c3c3c3c3c3c3c3c3c3c3c3c3c3c2c3c
       341  <<<<<<<<,<<<<<<<  3c3c3c3c3c3c3c3c2c3c3c3c3c3c3c3c
# epoch 4600  H=1.9489 C=1.8621 HO=0.0780  A(t)=339
     13741  <<<<<<<<<<<<<<<<  3c3c3c3c3c3c3c3c3c3c3c3c3c3c3c3c
       692  ,,,,,,,,,,,,,,,,  2c2c2c2c2c2c2c2c2c2c2c2c2c2c2c2c
       335  <<<<<<<,<<<<<<<<  3c3c3c3c3c3c3c2c3c3c3c3c3c3c3c3c
       330  <<<<<<<<<,<<<<<<  3c3c3c3c3c3c3c3c3c2c3c3c3c3c3c3c
       329  <<<<<<<<<<<<<<<,  3c3c3c3c3c3c3c3c3c3c3c3c3c3c3c2c
       325  <<<<<<<<,<<<<<<<  3c3c3c3c3c3c3c3c2c3c3c3c3c3c3c3c
       325  <,<<<<<<<<<<<<<<  3c2c3c3c3c3c3c3c3c3c3c3c3c3c3c3c
       323  <<<<<<,<<<<<<<<<  3c3c3c3c3c3c2c3c3c3c3c3c3c3c3c3c
       321  <<<<<<<<<<,<<<<<  3c3c3c3c3c3c3c3c3c3c2c3c3c3c3c3c
       321  ,<<<<<<<<<<<<<<<  2c3c3c3c3c3c3c3c3c3c3c3c3c3c3c3c
# epoch 4650  H=1.8742 C=1.7911 HO=0.0764  A(t)=339
     15010  <<<<<<<<<<<<<<<<  3c3c3c3c3c3c3c3c3c3c3c3c3c3c3c3c
       463  ,,,,,,,,,,,,,,,,  2c2c2c2c2c2c2c2c2c2c2c2c2c2c2c2c
       374  <<<<<<<<<<<<<<<,  3c3c3c3c3c3c3c3c3c3c3c3c3c3c3c2c
       368  <<<<<<<<<<<<<<,<  3c3c3c3c3c3c3c3c3c3c3c3c3c3c2c3c
       355  <<<<<<<<<<<<<,<<  3c3c3c3c3c3c3c3c3c3c3c3c3c2c3c3c
       351  <<<<<<<<<<,<<<<<  3c3c3c3c3c3c3c3c3c3c2c3c3c3c3c3c
       350  <<<<<<<<<,<<<<<<  3c3c3c3c3c3c3c3c3c2c3c3c3c3c3c3c
       350  <<<<<<<<,<<<<<<<  3c3c3c3c3c3c3c3c2c3c3c3c3c3c3c3c
       348  <<<<<,<<<<<<<<<<  3c3c3c3c3c2c3c3c3c3c3c3c3c3c3c3c
       346  <<<<<<<,<<<<<<<<  3c3c3c3c3c3c3c2c3c3c3c3c3c3c3c3c
# epoch 4700  H=1.8136 C=1.7349 HO=0.0602  A(t)=339
     14838  <<<<<<<<<<<<<<<<  3c3c3c3c3c3c3c3c3c3c3c3c3c3c3c3c
       827  ,,,,,,,,,,,,,,,,  2c2c2c2c2c2c2c2c2c2c2c2c2c2c2c2c
       399  <<<<<<<<<<<<<<<,  3c3c3c3c3c3c3c3c3c3c3c3c3c3c3c2c
       377  <<<<<<<<,<<<<<<<  3c3c3c3c3c3c3c3c2c3c3c3c3c3c3c3c
       377  <<<<<<<,<<<<<<<<  3c3c3c3c3c3c3c2c3c3c3c3c3c3c3c3c
       374  <<<<<<,<<<<<<<<<  3c3c3c3c3c3c2c3c3c3c3c3c3c3c3c3c
       372  <<<<<<<<<<<<<,<<  3c3c3c3c3c3c3c3c3c3c3c3c3c2c3c3c
       370  <<<<<<<<<<<<<<,<  3c3c3c3c3c3c3c3c3c3c3c3c3c3c2c3c
       370  <<<<,<<<<<<<<<<<  3c3c3c3c2c3c3c3c3c3c3c3c3c3c3c3c
       369  <<<<<<<<<<<,<<<<  3c3c3c3c3c3c3c3c3c3c3c2c3c3c3c3c
# epoch 4750  H=1.9064 C=1.8207 HO=0.0760  A(t)=339
     13220  <<<<<<<<<<<<<<<<  3c3c3c3c3c3c3c3c3c3c3c3c3c3c3c3c
       581  ,,,,,,,,,,,,,,,,  2c2c2c2c2c2c2c2c2c2c2c2c2c2c2c2c
       375  <<<<<<<<<<<<<<<,  3c3c3c3c3c3c3c3c3c3c3c3c3c3c3c2c
       356  ,<<<<<<<<<<<<<<<  2c3c3c3c3c3c3c3c3c3c3c3c3c3c3c3c
       352  <<<<<<<<<<<<<<,<  3c3c3c3c3c3c3c3c3c3c3c3c3c3c2c3c
       352  <<<<<<<<<<<<<,<<  3c3c3c3c3c3c3c3c3c3c3c3c3c2c3c3c
       351  <,<<<<<<<<<<<<<<  3c2c3c3c3c3c3c3c3c3c3c3c3c3c3c3c
       341  <<,<<<<<<<<<<<<<  3c3c2c3c3c3c3c3c3c3c3c3c3c3c3c3c
       334  <<<<<<<<<<<<,<<<  3c3c3c3c3c3c3c3c3c3c3c3c2c3c3c3c
       334  <<<,<<<<<<<<<<<<  3c3c3c2c3c3c3c3c3c3c3c3c3c3c3c3c
# epoch 4800  H=1.9547 C=1.8424 HO=0.1015  A(t)=339
     13406  <<<<<<<<<<<<<<<<  3c3c3c3c3c3c3c3c3c3c3c3c3c3c3c3c
       704  ,,,,,,,,,,,,,,,,  2c2c2c2c2c2c2c2c2c2c2c2c2c2c2c2c
       364  <<<<<<<<<<<<<<<,  3c3c3c3c3c3c3c3c3c3c3c3c3c3c3c2c
       348  <<<<<<<<<<<<<<,<  3c3c3c3c3c3c3c3c3c3c3c3c3c3c2c3c
       343  <<<<<<<<<<<<<,<<  3c3c3c3c3c3c3c3c3c3c3c3c3c2c3c3c
       341  <<<<<<<<<<<<,<<<  3c3c3c3c3c3c3c3c3c3c3c3c2c3c3c3c
       340  <<<<<<<<,<<<<<<<  3c3c3c3c3c3c3c3c2c3c3c3c3c3c3c3c
       336  <<<<<<<<<<,<<<<<  3c3c3c3c3c3c3c3c3c3c2c3c3c3c3c3c
       335  <<<<<<<,<<<<<<<<  3c3c3c3c3c3c3c2c3c3c3c3c3c3c3c3c
       335  <,<<<<<<<<<<<<<<  3c2c3c3c3c3c3c3c3c3c3c3c3c3c3c3c
# epoch 4850  H=1.9771 C=1.8547 HO=0.1081  A(t)=339
     14729  <<<<<<<<<<<<<<<<  3c3c3c3c3c3c3c3c3c3c3c3c3c3c3c3c
       690  ,,,,,,,,,,,,,,,,  2c2c2c2c2c2c2c2c2c2c2c2c2c2c2c2c
       358  <<<<<<<<<<<<<<<,  3c3c3c3c3c3c3c3c3c3c3c3c3c3c3c2c
       331  <<<<<<<<<<<<<<,<  3c3c3c3c3c3c3c3c3c3c3c3c3c3c2c3c
       327  ,<<<<<<<<<<<<<<<  2c3c3c3c3c3c3c3c3c3c3c3c3c3c3c3c
       322  <<<<<<<<,<<<<<<<  3c3c3c3c3c3c3c3c2c3c3c3c3c3c3c3c
       318  <<<<<<<<<<<<,<<<  3c3c3c3c3c3c3c3c3c3c3c3c2c3c3c3c
       317  <<<<<<<,<<<<<<<<  3c3c3c3c3c3c3c2c3c3c3c3c3c3c3c3c
       317  <,<<<<<<<<<<<<<<  3c2c3c3c3c3c3c3c3c3c3c3c3c3c3c3c
       314  <<<<<<<<<<<<<,<<  3c3c3c3c3c3c3c3c3c3c3c3c3c2c3c3c
# epoch 4900  H=2.0916 C=1.9214 HO=0.1605  A(t)=339
     13445  <<<<<<<<<<<<<<<<  3c3c3c3c3c3c3c3c3c3c3c3c3c3c3c3c
       843  ,,,,,,,,,,,,,,,,  2c2c2c2c2c2c2c2c2c2c2c2c2c2c2c2c
       340  <<<<<<<<<<<<<<<,  3c3c3c3c3c3c3c3c3c3c3c3c3c3c3c2c
       329  <<<<<<<<<<<<<<,<  3c3c3c3c3c3c3c3c3c3c3c3c3c3c2c3c
       312  ,<<<<<<<<<<<<<<<  2c3c3c3c3c3c3c3c3c3c3c3c3c3c3c3c
       309  <<<<<<<<<<<<<,<<  3c3c3c3c3c3c3c3c3c3c3c3c3c2c3c3c
       300  <<<<<<<<<<<<,<<<  3c3c3c3c3c3c3c3c3c3c3c3c2c3c3c3c
       296  <<<<<<<<<<<,<<<<  3c3c3c3c3c3c3c3c3c3c3c2c3c3c3c3c
       294  <,<<<<<<<<<<<<<<  3c2c3c3c3c3c3c3c3c3c3c3c3c3c3c3c
       292  <<,<<<<<<<<<<<<<  3c3c2c3c3c3c3c3c3c3c3c3c3c3c3c3c
# epoch 4950  H=2.1465 C=1.9768 HO=0.1597  A(t)=339
     13014  <<<<<<<<<<<<<<<<  3c3c3c3c3c3c3c3c3c3c3c3c3c3c3c3c
       797  ,,,,,,,,,,,,,,,,  2c2c2c2c2c2c2c2c2c2c2c2c2c2c2c2c
       360  <<<<<<<<<<<<<<<,  3c3c3c3c3c3c3c3c3c3c3c3c3c3c3c2c
       348  <<<<<<<<<<<<<<,<  3c3c3c3c3c3c3c3c3c3c3c3c3c3c2c3c
       334  <<<<<<<<<<<<<,<<  3c3c3c3c3c3c3c3c3c3c3c3c3c2c3c3c
       326  <<<<<<<<<<<<,<<<  3c3c3c3c3c3c3c3c3c3c3c3c2c3c3c3c
       324  ,<<<<<<<<<<<<<<<  2c3c3c3c3c3c3c3c3c3c3c3c3c3c3c3c
       319  <<<<<<<<<<<,<<<<  3c3c3c3c3c3c3c3c3c3c3c2c3c3c3c3c
       319  <<<<<<<<<,<<<<<<  3c3c3c3c3c3c3c3c3c2c3c3c3c3c3c3c
       318  <,<<<<<<<<<<<<<<  3c2c3c3c3c3c3c3c3c3c3c3c3c3c3c3c
# epoch 5000  H=2.0942 C=1.9240 HO=0.1481  A(t)=339
     13257  <<<<<<<<<<<<<<<<  3c3c3c3c3c3c3c3c3c3c3c3c3c3c3c3c
       766  ,,,,,,,,,,,,,,,,  2c2c2c2c2c2c2c2c2c2c2c2c2c2c2c2c
       394  <<<<<<<<<<<<<<<,  3c3c3c3c3c3c3c3c3c3c3c3c3c3c3c2c
       385  ,<<<<<<<<<<<<<<<  2c3c3c3c3c3c3c3c3c3c3c3c3c3c3c3c
       366  <<<<<<<<<<<<<<,<  3c3c3c3c3c3c3c3c3c3c3c3c3c3c2c3c
       362  <,<<<<<<<<<<<<<<  3c2c3c3c3c3c3c3c3c3c3c3c3c3c3c3c
       350  <<<,<<<<<<<<<<<<  3c3c3c2c3c3c3c3c3c3c3c3c3c3c3c3c
       348  <<,<<<<<<<<<<<<<  3c3c2c3c3c3c3c3c3c3c3c3c3c3c3c3c
       336  <<<<,<<<<<<<<<<<  3c3c3c3c2c3c3c3c3c3c3c3c3c3c3c3c
       330  <<<<<<<<<<<<<,<<  3c3c3c3c3c3c3c3c3c3c3c3c3c2c3c3c
# epoch 5050  H=2.0675 C=1.9401 HO=0.1073  A(t)=339
     13137  <<<<<<<<<<<<<<<<  3c3c3c3c3c3c3c3c3c3c3c3c3c3c3c3c
       580  ,,,,,,,,,,,,,,,,  2c2c2c2c2c2c2c2c2c2c2c2c2c2c2c2c
       382  <<<<<<<<<<<<<<<,  3c3c3c3c3c3c3c3c3c3c3c3c3c3c3c2c
       371  ,<<<<<<<<<<<<<<<  2c3c3c3c3c3c3c3c3c3c3c3c3c3c3c3c
       367  <<<<,<<<<<<<<<<<  3c3c3c3c2c3c3c3c3c3c3c3c3c3c3c3c
       367  <<<,<<<<<<<<<<<<  3c3c3c2c3c3c3c3c3c3c3c3c3c3c3c3c
       366  <,<<<<<<<<<<<<<<  3c2c3c3c3c3c3c3c3c3c3c3c3c3c3c3c
       362  <<,<<<<<<<<<<<<<  3c3c2c3c3c3c3c3c3c3c3c3c3c3c3c3c
       361  <<<<<,<<<<<<<<<<  3c3c3c3c3c2c3c3c3c3c3c3c3c3c3c3c
       360  <<<<<<<<<<<<<<,<  3c3c3c3c3c3c3c3c3c3c3c3c3c3c2c3c
# epoch 5100  H=2.0783 C=1.8916 HO=0.1736  A(t)=339
     13586  <<<<<<<<<<<<<<<<  3c3c3c3c3c3c3c3c3c3c3c3c3c3c3c3c
      1022  ,,,,,,,,,,,,,,,,  2c2c2c2c2c2c2c2c2c2c2c2c2c2c2c2c
       398  <<<<<<<<<<<<<<<,  3c3c3c3c3c3c3c3c3c3c3c3c3c3c3c2c
       391  ,<<<<<<<<<<<<<<<  2c3c3c3c3c3c3c3c3c3c3c3c3c3c3c3c
       389  <<<<<<<<<<<<<<,<  3c3c3c3c3c3c3c3c3c3c3c3c3c3c2c3c
       381  <<<<<<<<<<<<<,<<  3c3c3c3c3c3c3c3c3c3c3c3c3c2c3c3c
       380  <,<<<<<<<<<<<<<<  3c2c3c3c3c3c3c3c3c3c3c3c3c3c3c3c
       373  <<<<<<<<,<<<<<<<  3c3c3c3c3c3c3c3c2c3c3c3c3c3c3c3c
       371  <<<<<<<,<<<<<<<<  3c3c3c3c3c3c3c2c3c3c3c3c3c3c3c3c
       370  <<,<<<<<<<<<<<<<  3c3c2c3c3c3c3c3c3c3c3c3c3c3c3c3c
# epoch 5150  H=1.8587 C=1.7223 HO=0.1191  A(t)=339
     16677  <<<<<<<<<<<<<<<<  3c3c3c3c3c3c3c3c3c3c3c3c3c3c3c3c
       486  ,,,,,,,,,,,,,,,,  2c2c2c2c2c2c2c2c2c2c2c2c2c2c2c2c
       434  <<<<<<<<<<<<<<<,  3c3c3c3c3c3c3c3c3c3c3c3c3c3c3c2c
       422  ,<<<<<<<<<<<<<<<  2c3c3c3c3c3c3c3c3c3c3c3c3c3c3c3c
       405  <<<<<<<<<<<<<<,<  3c3c3c3c3c3c3c3c3c3c3c3c3c3c2c3c
       396  <,<<<<<<<<<<<<<<  3c2c3c3c3c3c3c3c3c3c3c3c3c3c3c3c
       379  <<<<<<<<<<<<<,<<  3c3c3c3c3c3c3c3c3c3c3c3c3c2c3c3c
       377  <<<<<<<<<<<,<<<<  3c3c3c3c3c3c3c3c3c3c3c2c3c3c3c3c
       377  <<<<<<<<<<,<<<<<  3c3c3c3c3c3c3c3c3c3c2c3c3c3c3c3c
       377  <<,<<<<<<<<<<<<<  3c3c2c3c3c3c3c3c3c3c3c3c3c3c3c3c
# epoch 5200  H=1.7299 C=1.6172 HO=0.0977  A(t)=339
     15999  <<<<<<<<<<<<<<<<  3c3c3c3c3c3c3c3c3c3c3c3c3c3c3c3c
       569  ,,,,,,,,,,,,,,,,  2c2c2c2c2c2c2c2c2c2c2c2c2c2c2c2c
       415  <<<<<<<<<<<<<<<,  3c3c3c3c3c3c3c3c3c3c3c3c3c3c3c2c
       399  <<<<<<<<<<<<<<,<  3c3c3c3c3c3c3c3c3c3c3c3c3c3c2c3c
       398  ,<<<<<<<<<<<<<<<  2c3c3c3c3c3c3c3c3c3c3c3c3c3c3c3c
       393  <<<<,<<<<<<<<<<<  3c3c3c3c2c3c3c3c3c3c3c3c3c3c3c3c
       392  <<<<<<<,<<<<<<<<  3c3c3c3c3c3c3c2c3c3c3c3c3c3c3c3c
       391  <<<<<<,<<<<<<<<<  3c3c3c3c3c3c2c3c3c3c3c3c3c3c3c3c
       389  <<<<<<<<,<<<<<<<  3c3c3c3c3c3c3c3c2c3c3c3c3c3c3c3c
       389  <,<<<<<<<<<<<<<<  3c2c3c3c3c3c3c3c3c3c3c3c3c3c3c3c
# epoch 5250  H=1.5982 C=1.5020 HO=0.0667  A(t)=339
     16881  <<<<<<<<<<<<<<<<  3c3c3c3c3c3c3c3c3c3c3c3c3c3c3c3c
       677  ,,,,,,,,,,,,,,,,  2c2c2c2c2c2c2c2c2c2c2c2c2c2c2c2c
       435  <<<<<<<<<<<<<<<,  3c3c3c3c3c3c3c3c3c3c3c3c3c3c3c2c
       423  <<<<<<<<<<<<<<,<  3c3c3c3c3c3c3c3c3c3c3c3c3c3c2c3c
       410  ,<<<<<<<<<<<<<<<  2c3c3c3c3c3c3c3c3c3c3c3c3c3c3c3c
       408  <<<<<<<<<<<<<,<<  3c3c3c3c3c3c3c3c3c3c3c3c3c2c3c3c
       396  <,<<<<<<<<<<<<<<  3c2c3c3c3c3c3c3c3c3c3c3c3c3c3c3c
       386  <<<<<<<<<<<<,<<<  3c3c3c3c3c3c3c3c3c3c3c3c2c3c3c3c
       382  <<,<<<<<<<<<<<<<  3c3c2c3c3c3c3c3c3c3c3c3c3c3c3c3c
       366  <<<<<<<<<<<,<<<<  3c3c3c3c3c3c3c3c3c3c3c2c3c3c3c3c
# epoch 5300  H=1.6254 C=1.5248 HO=0.0763  A(t)=339
     15824  <<<<<<<<<<<<<<<<  3c3c3c3c3c3c3c3c3c3c3c3c3c3c3c3c
       833  ,,,,,,,,,,,,,,,,  2c2c2c2c2c2c2c2c2c2c2c2c2c2c2c2c
       388  <<<<<<<<<<<<<<<,  3c3c3c3c3c3c3c3c3c3c3c3c3c3c3c2c
       381  ,<<<<<<<<<<<<<<<  2c3c3c3c3c3c3c3c3c3c3c3c3c3c3c3c
       375  <<,<<<<<<<<<<<<<  3c3c2c3c3c3c3c3c3c3c3c3c3c3c3c3c
       367  <<<<<<<<<<<<<<,<  3c3c3c3c3c3c3c3c3c3c3c3c3c3c2c3c
       363  <<<,<<<<<<<<<<<<  3c3c3c2c3c3c3c3c3c3c3c3c3c3c3c3c
       362  <,<<<<<<<<<<<<<<  3c2c3c3c3c3c3c3c3c3c3c3c3c3c3c3c
       361  <<<<,<<<<<<<<<<<  3c3c3c3c2c3c3c3c3c3c3c3c3c3c3c3c
       360  <<<<<<<<<<<<<,<<  3c3c3c3c3c3c3c3c3c3c3c3c3c2c3c3c
# epoch 5350  H=1.6596 C=1.5763 HO=0.0543  A(t)=339
     14698  <<<<<<<<<<<<<<<<  3c3c3c3c3c3c3c3c3c3c3c3c3c3c3c3c
       491  ,,,,,,,,,,,,,,,,  2c2c2c2c2c2c2c2c2c2c2c2c2c2c2c2c
       388  <<<<<<<<<<<<<<<,  3c3c3c3c3c3c3c3c3c3c3c3c3c3c3c2c
       384  <,<<<<<<<<<<<<<<  3c2c3c3c3c3c3c3c3c3c3c3c3c3c3c3c
       384  ,<<<<<<<<<<<<<<<  2c3c3c3c3c3c3c3c3c3c3c3c3c3c3c3c
       380  <<<<<<<<<<<<<<,<  3c3c3c3c3c3c3c3c3c3c3c3c3c3c2c3c
       375  <<,<<<<<<<<<<<<<  3c3c2c3c3c3c3c3c3c3c3c3c3c3c3c3c
       361  <<<,<<<<<<<<<<<<  3c3c3c2c3c3c3c3c3c3c3c3c3c3c3c3c
       356  <<<<<<<<<<<<<,<<  3c3c3c3c3c3c3c3c3c3c3c3c3c2c3c3c
       353  <<<<<<<<<<<<,<<<  3c3c3c3c3c3c3c3c3c3c3c3c2c3c3c3c
# epoch 5400  H=1.7069 C=1.6326 HO=0.0646  A(t)=339
     16014  <<<<<<<<<<<<<<<<  3c3c3c3c3c3c3c3c3c3c3c3c3c3c3c3c
       402  <<<<<<<<<<<<<<<,  3c3c3c3c3c3c3c3c3c3c3c3c3c3c3c2c
       387  ,<<<<<<<<<<<<<<<  2c3c3c3c3c3c3c3c3c3c3c3c3c3c3c3c
       386  <<<<<<<<<<<<<<,<  3c3c3c3c3c3c3c3c3c3c3c3c3c3c2c3c
       384  ,,,,,,,,,,,,,,,,  2c2c2c2c2c2c2c2c2c2c2c2c2c2c2c2c
       380  <,<<<<<<<<<<<<<<  3c2c3c3c3c3c3c3c3c3c3c3c3c3c3c3c
       365  <<,<<<<<<<<<<<<<  3c3c2c3c3c3c3c3c3c3c3c3c3c3c3c3c
       363  <<<<<<<<<<<<<,<<  3c3c3c3c3c3c3c3c3c3c3c3c3c2c3c3c
       355  <<<,<<<<<<<<<<<<  3c3c3c2c3c3c3c3c3c3c3c3c3c3c3c3c
       352  <<<<<<<<<<<<,<<<  3c3c3c3c3c3c3c3c3c3c3c3c2c3c3c3c
# epoch 5450  H=1.7941 C=1.6567 HO=0.1183  A(t)=339
     16368  <<<<<<<<<<<<<<<<  3c3c3c3c3c3c3c3c3c3c3c3c3c3c3c3c
       609  ,,,,,,,,,,,,,,,,  2c2c2c2c2c2c2c2c2c2c2c2c2c2c2c2c
       384  <<<<<<<<<<<<<<<,  3c3c3c3c3c3c3c3c3c3c3c3c3c3c3c2c
       384  <<<<<<<<<<<<<<,<  3c3c3c3c3c3c3c3c3c3c3c3c3c3c2c3c
       369  <<<<<<<<<<<<<,<<  3c3c3c3c3c3c3c3c3c3c3c3c3c2c3c3c
       357  <<<<<<<<<<<<,<<<  3c3c3c3c3c3c3c3c3c3c3c3c2c3c3c3c
       354  ,<<<<<<<<<<<<<<<  2c3c3c3c3c3c3c3c3c3c3c3c3c3c3c3c
       352  <<<<<<<<<<,<<<<<  3c3c3c3c3c3c3c3c3c3c2c3c3c3c3c3c
       345  <<<<<<<<<,<<<<<<  3c3c3c3c3c3c3c3c3c2c3c3c3c3c3c3c
       344  <<<<<<<<,<<<<<<<  3c3c3c3c3c3c3c3c2c3c3c3c3c3c3c3c
# epoch 5500  H=1.7801 C=1.7179 HO=0.0426  A(t)=339
     15406  <<<<<<<<<<<<<<<<  3c3c3c3c3c3c3c3c3c3c3c3c3c3c3c3c
       483  ,,,,,,,,,,,,,,,,  2c2c2c2c2c2c2c2c2c2c2c2c2c2c2c2c
       395  <<<<<<<<<<<<<<<,  3c3c3c3c3c3c3c3c3c3c3c3c3c3c3c2c
       392  ,<<<<<<<<<<<<<<<  2c3c3c3c3c3c3c3c3c3c3c3c3c3c3c3c
       376  <<<<<<<<<<<<<<,<  3c3c3c3c3c3c3c3c3c3c3c3c3c3c2c3c
       374  <,<<<<<<<<<<<<<<  3c2c3c3c3c3c3c3c3c3c3c3c3c3c3c3c
       365  <<<,<<<<<<<<<<<<  3c3c3c2c3c3c3c3c3c3c3c3c3c3c3c3c
       362  <<<<,<<<<<<<<<<<  3c3c3c3c2c3c3c3c3c3c3c3c3c3c3c3c
       358  <<<<<<<<<<<<,<<<  3c3c3c3c3c3c3c3c3c3c3c3c2c3c3c3c
       357  <<,<<<<<<<<<<<<<  3c3c2c3c3c3c3c3c3c3c3c3c3c3c3c3c
# epoch 5550  H=1.9165 C=1.7904 HO=0.1174  A(t)=339
     13723  <<<<<<<<<<<<<<<<  3c3c3c3c3c3c3c3c3c3c3c3c3c3c3c3c
       627  ,,,,,,,,,,,,,,,,  2c2c2c2c2c2c2c2c2c2c2c2c2c2c2c2c
       377  <<<<<<<<<<<<<<<,  3c3c3c3c3c3c3c3c3c3c3c3c3c3c3c2c
       375  ,<<<<<<<<<<<<<<<  2c3c3c3c3c3c3c3c3c3c3c3c3c3c3c3c
       356  <,<<<<<<<<<<<<<<  3c2c3c3c3c3c3c3c3c3c3c3c3c3c3c3c
       352  <<<<<<<<<<<<<<,<  3c3c3c3c3c3c3c3c3c3c3c3c3c3c2c3c
       351  <<,<<<<<<<<<<<<<  3c3c2c3c3c3c3c3c3c3c3c3c3c3c3c3c
       347  <<<<<<<<<<<<<,<<  3c3c3c3c3c3c3c3c3c3c3c3c3c2c3c3c
       347  <<<<<<<<<<<,<<<<  3c3c3c3c3c3c3c3c3c3c3c2c3c3c3c3c
       345  <<<<,<<<<<<<<<<<  3c3c3c3c2c3c3c3c3c3c3c3c3c3c3c3c
# epoch 5600  H=1.9466 C=1.8596 HO=0.0813  A(t)=339
     13126  <<<<<<<<<<<<<<<<  3c3c3c3c3c3c3c3c3c3c3c3c3c3c3c3c
       623  ,,,,,,,,,,,,,,,,  2c2c2c2c2c2c2c2c2c2c2c2c2c2c2c2c
       350  <<<<<<<<<<<<<<<,  3c3c3c3c3c3c3c3c3c3c3c3c3c3c3c2c
       339  <<<<<<<<<<<<<<,<  3c3c3c3c3c3c3c3c3c3c3c3c3c3c2c3c
       337  <<<<<<<<<<<<<,<<  3c3c3c3c3c3c3c3c3c3c3c3c3c2c3c3c
       336  <<<<<<<<<<,<<<<<  3c3c3c3c3c3c3c3c3c3c2c3c3c3c3c3c
       332  ,<<<<<<<<<<<<<<<  2c3c3c3c3c3c3c3c3c3c3c3c3c3c3c3c
       331  <<<<<,<<<<<<<<<<  3c3c3c3c3c2c3c3c3c3c3c3c3c3c3c3c
       327  <<<<<<<<<,<<<<<<  3c3c3c3c3c3c3c3c3c2c3c3c3c3c3c3c
       326  <<<<<<<<<<<,<<<<  3c3c3c3c3c3c3c3c3c3c3c2c3c3c3c3c
# epoch 5650  H=1.9555 C=1.8184 HO=0.1323  A(t)=339
     13815  <<<<<<<<<<<<<<<<  3c3c3c3c3c3c3c3c3c3c3c3c3c3c3c3c
       626  ,,,,,,,,,,,,,,,,  2c2c2c2c2c2c2c2c2c2c2c2c2c2c2c2c
       339  <<<<<<<<<<<<<<<,  3c3c3c3c3c3c3c3c3c3c3c3c3c3c3c2c
       336  ,<<<<<<<<<<<<<<<  2c3c3c3c3c3c3c3c3c3c3c3c3c3c3c3c
       322  <<<<<<<<<<<<<<,<  3c3c3c3c3c3c3c3c3c3c3c3c3c3c2c3c
       322  <,<<<<<<<<<<<<<<  3c2c3c3c3c3c3c3c3c3c3c3c3c3c3c3c
       318  <<<<<<<,<<<<<<<<  3c3c3c3c3c3c3c2c3c3c3c3c3c3c3c3c
       317  <<<<<<,<<<<<<<<<  3c3c3c3c3c3c2c3c3c3c3c3c3c3c3c3c
       316  <<<<<<<<,<<<<<<<  3c3c3c3c3c3c3c3c2c3c3c3c3c3c3c3c
       314  <<<<<,<<<<<<<<<<  3c3c3c3c3c2c3c3c3c3c3c3c3c3c3c3c
# epoch 5700  H=2.0223 C=1.8911 HO=0.1247  A(t)=339
     13242  <<<<<<<<<<<<<<<<  3c3c3c3c3c3c3c3c3c3c3c3c3c3c3c3c
       792  ,,,,,,,,,,,,,,,,  2c2c2c2c2c2c2c2c2c2c2c2c2c2c2c2c
       343  <<<<<<<<<<<<<<<,  3c3c3c3c3c3c3c3c3c3c3c3c3c3c3c2c
       319  <<<<<<<<<<<<<<,<  3c3c3c3c3c3c3c3c3c3c3c3c3c3c2c3c
       314  ,<<<<<<<<<<<<<<<  2c3c3c3c3c3c3c3c3c3c3c3c3c3c3c3c
       305  <,<<<<<<<<<<<<<<  3c2c3c3c3c3c3c3c3c3c3c3c3c3c3c3c
       302  <<<<<<<<<<<<<,<<  3c3c3c3c3c3c3c3c3c3c3c3c3c2c3c3c
       295  <<,<<<<<<<<<<<<<  3c3c2c3c3c3c3c3c3c3c3c3c3c3c3c3c
       285  <<<<<<<<<<<<,<<<  3c3c3c3c3c3c3c3c3c3c3c3c2c3c3c3c
       281  <<<<<<<<<<<,<<<<  3c3c3c3c3c3c3c3c3c3c3c2c3c3c3c3c
# epoch 5750  H=2.0016 C=1.8539 HO=0.1341  A(t)=339
     14158  <<<<<<<<<<<<<<<<  3c3c3c3c3c3c3c3c3c3c3c3c3c3c3c3c
       481  ,,,,,,,,,,,,,,,,  2c2c2c2c2c2c2c2c2c2c2c2c2c2c2c2c
       372  <<<<<<<<<<<<<<<,  3c3c3c3c3c3c3c3c3c3c3c3c3c3c3c2c
       349  ,<<<<<<<<<<<<<<<  2c3c3c3c3c3c3c3c3c3c3c3c3c3c3c3c
       347  <<<<<<<<<<<<<<,<  3c3c3c3c3c3c3c3c3c3c3c3c3c3c2c3c
       344  <,<<<<<<<<<<<<<<  3c2c3c3c3c3c3c3c3c3c3c3c3c3c3c3c
       337  <<<<<<<<<<<<<,<<  3c3c3c3c3c3c3c3c3c3c3c3c3c2c3c3c
       334  <<<,<<<<<<<<<<<<  3c3c3c2c3c3c3c3c3c3c3c3c3c3c3c3c
       332  <<<<<<<<<<<<,<<<  3c3c3c3c3c3c3c3c3c3c3c3c2c3c3c3c
       332  <<,<<<<<<<<<<<<<  3c3c2c3c3c3c3c3c3c3c3c3c3c3c3c3c
# epoch 5800  H=1.9369 C=1.8284 HO=0.0852  A(t)=339
     14427  <<<<<<<<<<<<<<<<  3c3c3c3c3c3c3c3c3c3c3c3c3c3c3c3c
       399  <<<<<<<<<<<<<<<,  3c3c3c3c3c3c3c3c3c3c3c3c3c3c3c2c
       392  <<<<<<<<<<<<<,<<  3c3c3c3c3c3c3c3c3c3c3c3c3c2c3c3c
       391  <<<<<<<<<<<<<<,<  3c3c3c3c3c3c3c3c3c3c3c3c3c3c2c3c
       391  <<<<,<<<<<<<<<<<  3c3c3c3c2c3c3c3c3c3c3c3c3c3c3c3c
       391  <,<<<<<<<<<<<<<<  3c2c3c3c3c3c3c3c3c3c3c3c3c3c3c3c
       387  ,<<<<<<<<<<<<<<<  2c3c3c3c3c3c3c3c3c3c3c3c3c3c3c3c
       386  <<,<<<<<<<<<<<<<  3c3c2c3c3c3c3c3c3c3c3c3c3c3c3c3c
       385  <<<,<<<<<<<<<<<<  3c3c3c2c3c3c3c3c3c3c3c3c3c3c3c3c
       377  <<<<<<,<<<<<<<<<  3c3c3c3c3c3c2c3c3c3c3c3c3c3c3c3c
# epoch 5850  H=1.9808 C=1.8433 HO=0.1207  A(t)=339
     14688  <<<<<<<<<<<<<<<<  3c3c3c3c3c3c3c3c3c3c3c3c3c3c3c3c
       539  ,,,,,,,,,,,,,,,,  2c2c2c2c2c2c2c2c2c2c2c2c2c2c2c2c
       352  <<<<<<<<<<<<<<<,  3c3c3c3c3c3c3c3c3c3c3c3c3c3c3c2c
       333  ,<<<<<<<<<<<<<<<  2c3c3c3c3c3c3c3c3c3c3c3c3c3c3c3c
       320  <<<<<<<<<<<<<<,<  3c3c3c3c3c3c3c3c3c3c3c3c3c3c2c3c
       312  <,<<<<<<<<<<<<<<  3c2c3c3c3c3c3c3c3c3c3c3c3c3c3c3c
       305  <<,<<<<<<<<<<<<<  3c3c2c3c3c3c3c3c3c3c3c3c3c3c3c3c
       301  <<<,<<<<<<<<<<<<  3c3c3c2c3c3c3c3c3c3c3c3c3c3c3c3c
       297  <<<<<<<<<<<<<,<<  3c3c3c3c3c3c3c3c3c3c3c3c3c2c3c3c
       291  <<<<,<<<<<<<<<<<  3c3c3c3c2c3c3c3c3c3c3c3c3c3c3c3c
# epoch 5900  H=2.1561 C=2.0209 HO=0.1218  A(t)=339
     13559  <<<<<<<<<<<<<<<<  3c3c3c3c3c3c3c3c3c3c3c3c3c3c3c3c
       568  ,,,,,,,,,,,,,,,,  2c2c2c2c2c2c2c2c2c2c2c2c2c2c2c2c
       320  <<<<<<<<<<<<<<<,  3c3c3c3c3c3c3c3c3c3c3c3c3c3c3c2c
       312  <<<<<<<<<<<<<<,<  3c3c3c3c3c3c3c3c3c3c3c3c3c3c2c3c
       306  <<<<<<<<<<<<<,<<  3c3c3c3c3c3c3c3c3c3c3c3c3c2c3c3c
       292  <<<<<<<<<<<<,<<<  3c3c3c3c3c3c3c3c3c3c3c3c2c3c3c3c
       281  <,<<<<<<<<<<<<<<  3c2c3c3c3c3c3c3c3c3c3c3c3c3c3c3c
       276  <<<<<<<<<<<,<<<<  3c3c3c3c3c3c3c3c3c3c3c2c3c3c3c3c
       276  <<<<<<<<<<,<<<<<  3c3c3c3c3c3c3c3c3c3c2c3c3c3c3c3c
       275  <<<,<<<<<<<<<<<<  3c3c3c2c3c3c3c3c3c3c3c3c3c3c3c3c
# epoch 5950  H=2.2770 C=2.0875 HO=0.1768  A(t)=339
     12430  <<<<<<<<<<<<<<<<  3c3c3c3c3c3c3c3c3c3c3c3c3c3c3c3c
       634  ,,,,,,,,,,,,,,,,  2c2c2c2c2c2c2c2c2c2c2c2c2c2c2c2c
       309  <<<<<<<<<<<<<<<,  3c3c3c3c3c3c3c3c3c3c3c3c3c3c3c2c
       289  <<<<<<<<<<<<<<,<  3c3c3c3c3c3c3c3c3c3c3c3c3c3c2c3c
       285  ,<<<<<<<<<<<<<<<  2c3c3c3c3c3c3c3c3c3c3c3c3c3c3c3c
       280  <<<<<<<<<<<,<<<<  3c3c3c3c3c3c3c3c3c3c3c2c3c3c3c3c
       280  <,<<<<<<<<<<<<<<  3c2c3c3c3c3c3c3c3c3c3c3c3c3c3c3c
       279  <<<<<<<<<<<<<,<<  3c3c3c3c3c3c3c3c3c3c3c3c3c2c3c3c
       278  <<<<,<<<<<<<<<<<  3c3c3c3c2c3c3c3c3c3c3c3c3c3c3c3c
       278  <<<,<<<<<<<<<<<<  3c3c3c2c3c3c3c3c3c3c3c3c3c3c3c3c
# epoch 6000  H=2.0527 C=1.9493 HO=0.0867  A(t)=339
     12915  <<<<<<<<<<<<<<<<  3c3c3c3c3c3c3c3c3c3c3c3c3c3c3c3c
       515  ,,,,,,,,,,,,,,,,  2c2c2c2c2c2c2c2c2c2c2c2c2c2c2c2c
       347  <<<<<<<<<<<<<<<,  3c3c3c3c3c3c3c3c3c3c3c3c3c3c3c2c
       334  <<<<<<<<<<<<<<,<  3c3c3c3c3c3c3c3c3c3c3c3c3c3c2c3c
       332  <<<<<<<<<<<<<,<<  3c3c3c3c3c3c3c3c3c3c3c3c3c2c3c3c
       323  ,<<<<<<<<<<<<<<<  2c3c3c3c3c3c3c3c3c3c3c3c3c3c3c3c
       321  <<<<,<<<<<<<<<<<  3c3c3c3c2c3c3c3c3c3c3c3c3c3c3c3c
       320  <<<<<<<<<<<<,<<<  3c3c3c3c3c3c3c3c3c3c3c3c2c3c3c3c
       320  <<<<<<<<<<<,<<<<  3c3c3c3c3c3c3c3c3c3c3c2c3c3c3c3c
       316  <<<<<<<<<<,<<<<<  3c3c3c3c3c3c3c3c3c3c2c3c3c3c3c3c
# epoch 6050  H=2.0034 C=1.9026 HO=0.0873  A(t)=339
     13418  <<<<<<<<<<<<<<<<  3c3c3c3c3c3c3c3c3c3c3c3c3c3c3c3c
       489  ,,,,,,,,,,,,,,,,  2c2c2c2c2c2c2c2c2c2c2c2c2c2c2c2c
       360  <<<<<<<<<<<<<<<,  3c3c3c3c3c3c3c3c3c3c3c3c3c3c3c2c
       349  ,<<<<<<<<<<<<<<<  2c3c3c3c3c3c3c3c3c3c3c3c3c3c3c3c
       343  <<<<<<<<<<<<<<,<  3c3c3c3c3c3c3c3c3c3c3c3c3c3c2c3c
       335  <<,<<<<<<<<<<<<<  3c3c2c3c3c3c3c3c3c3c3c3c3c3c3c3c
       335  <,<<<<<<<<<<<<<<  3c2c3c3c3c3c3c3c3c3c3c3c3c3c3c3c
       326  <<<<<<<<<<<<<,<<  3c3c3c3c3c3c3c3c3c3c3c3c3c2c3c3c
       317  <<<,<<<<<<<<<<<<  3c3c3c2c3c3c3c3c3c3c3c3c3c3c3c3c
       312  <<<<<<<<<<<<,<<<  3c3c3c3c3c3c3c3c3c3c3c3c2c3c3c3c
# epoch 6100  H=2.1117 C=1.9602 HO=0.1550  A(t)=339
     12018  <<<<<<<<<<<<<<<<  3c3c3c3c3c3c3c3c3c3c3c3c3c3c3c3c
       620  ,,,,,,,,,,,,,,,,  2c2c2c2c2c2c2c2c2c2c2c2c2c2c2c2c
       324  <<<<<<<<<<<<<<<,  3c3c3c3c3c3c3c3c3c3c3c3c3c3c3c2c
       311  ,<<<<<<<<<<<<<<<  2c3c3c3c3c3c3c3c3c3c3c3c3c3c3c3c
       305  <<<<<<<<<<<<<<,<  3c3c3c3c3c3c3c3c3c3c3c3c3c3c2c3c
       302  <,<<<<<<<<<<<<<<  3c2c3c3c3c3c3c3c3c3c3c3c3c3c3c3c
       295  <<<<<<<,<<<<<<<<  3c3c3c3c3c3c3c2c3c3c3c3c3c3c3c3c
       295  <<<,<<<<<<<<<<<<  3c3c3c2c3c3c3c3c3c3c3c3c3c3c3c3c
       295  <<,<<<<<<<<<<<<<  3c3c2c3c3c3c3c3c3c3c3c3c3c3c3c3c
       293  <<<<<<<<<<<<<,<<  3c3c3c3c3c3c3c3c3c3c3c3c3c2c3c3c
# epoch 6150  H=2.0549 C=1.8817 HO=0.1613  A(t)=339
     13249  <<<<<<<<<<<<<<<<  3c3c3c3c3c3c3c3c3c3c3c3c3c3c3c3c
       879  ,,,,,,,,,,,,,,,,  2c2c2c2c2c2c2c2c2c2c2c2c2c2c2c2c
       340  <<<<<<<<<<<<<<<,  3c3c3c3c3c3c3c3c3c3c3c3c3c3c3c2c
       324  <<<<<<<<<<<<<<,<  3c3c3c3c3c3c3c3c3c3c3c3c3c3c2c3c
       320  ,<<<<<<<<<<<<<<<  2c3c3c3c3c3c3c3c3c3c3c3c3c3c3c3c
       306  <<<<<<<<<<<<<,<<  3c3c3c3c3c3c3c3c3c3c3c3c3c2c3c3c
       305  <,<<<<<<<<<<<<<<  3c2c3c3c3c3c3c3c3c3c3c3c3c3c3c3c
       297  <<,<<<<<<<<<<<<<  3c3c2c3c3c3c3c3c3c3c3c3c3c3c3c3c
       279  <<<<<<<<<<<<,<<<  3c3c3c3c3c3c3c3c3c3c3c3c2c3c3c3c
       276  <<<<<<<<<<<,<<<<  3c3c3c3c3c3c3c3c3c3c3c2c3c3c3c3c
# epoch 6200  H=2.0399 C=1.8701 HO=0.1597  A(t)=339
     12892  <<<<<<<<<<<<<<<<  3c3c3c3c3c3c3c3c3c3c3c3c3c3c3c3c
       551  ,,,,,,,,,,,,,,,,  2c2c2c2c2c2c2c2c2c2c2c2c2c2c2c2c
       338  <<<<<<<<<<<<<<<,  3c3c3c3c3c3c3c3c3c3c3c3c3c3c3c2c
       316  <<<<<<<<<<<<<<,<  3c3c3c3c3c3c3c3c3c3c3c3c3c3c2c3c
       301  ,<<<<<<<<<<<<<<<  2c3c3c3c3c3c3c3c3c3c3c3c3c3c3c3c
       286  <<<<<<<<<<<<<,<<  3c3c3c3c3c3c3c3c3c3c3c3c3c2c3c3c
       280  <,<<<<<<<<<<<<<<  3c2c3c3c3c3c3c3c3c3c3c3c3c3c3c3c
       279  <<,<<<<<<<<<<<<<  3c3c2c3c3c3c3c3c3c3c3c3c3c3c3c3c
       277  <<<<<<<<<<<<,<<<  3c3c3c3c3c3c3c3c3c3c3c3c2c3c3c3c
       271  <<<<<<<<<<<,<<<<  3c3c3c3c3c3c3c3c3c3c3c2c3c3c3c3c
# epoch 6250  H=2.0272 C=1.8243 HO=0.1865  A(t)=340
     13223  <<<<<<<<<<<<<<<<  3c3c3c3c3c3c3c3c3c3c3c3c3c3c3c3c
      1025  ,,,,,,,,,,,,,,,,  2c2c2c2c2c2c2c2c2c2c2c2c2c2c2c2c
       331  <<<<<<<<<<<<<<<,  3c3c3c3c3c3c3c3c3c3c3c3c3c3c3c2c
       299  <<<<<<<<<<<<<<,<  3c3c3c3c3c3c3c3c3c3c3c3c3c3c2c3c
       289  ,<<<<<<<<<<<<<<<  2c3c3c3c3c3c3c3c3c3c3c3c3c3c3c3c
       287  <<<<<<<<<<<<<,<<  3c3c3c3c3c3c3c3c3c3c3c3c3c2c3c3c
       279  <<<<<<<<<<<,<<<<  3c3c3c3c3c3c3c3c3c3c3c2c3c3c3c3c
       277  <<<<<<<<<<<<,<<<  3c3c3c3c3c3c3c3c3c3c3c3c2c3c3c3c
       275  <<,<<<<<<<<<<<<<  3c3c2c3c3c3c3c3c3c3c3c3c3c3c3c3c
       275  <,<<<<<<<<<<<<<<  3c2c3c3c3c3c3c3c3c3c3c3c3c3c3c3c
# epoch 6300  H=1.8776 C=1.7422 HO=0.1149  A(t)=340
     14183  <<<<<<<<<<<<<<<<  3c3c3c3c3c3c3c3c3c3c3c3c3c3c3c3c
       439  ,,,,,,,,,,,,,,,,  2c2c2c2c2c2c2c2c2c2c2c2c2c2c2c2c
       377  <<<<<<<<<<<<<<<,  3c3c3c3c3c3c3c3c3c3c3c3c3c3c3c2c
       366  <<<<<<<<<<<<<<,<  3c3c3c3c3c3c3c3c3c3c3c3c3c3c2c3c
       363  ,<<<<<<<<<<<<<<<  2c3c3c3c3c3c3c3c3c3c3c3c3c3c3c3c
       348  <,<<<<<<<<<<<<<<  3c2c3c3c3c3c3c3c3c3c3c3c3c3c3c3c
       339  <<,<<<<<<<<<<<<<  3c3c2c3c3c3c3c3c3c3c3c3c3c3c3c3c
       331  <<<<<<<<<<<<<,<<  3c3c3c3c3c3c3c3c3c3c3c3c3c2c3c3c
       331  <<<,<<<<<<<<<<<<  3c3c3c2c3c3c3c3c3c3c3c3c3c3c3c3c
       326  <<<<<<,<<<<<<<<<  3c3c3c3c3c3c2c3c3c3c3c3c3c3c3c3c
# epoch 6350  H=1.8066 C=1.6934 HO=0.0909  A(t)=340
     14543  <<<<<<<<<<<<<<<<  3c3c3c3c3c3c3c3c3c3c3c3c3c3c3c3c
       526  ,,,,,,,,,,,,,,,,  2c2c2c2c2c2c2c2c2c2c2c2c2c2c2c2c
       401  <<<<<<<<<<<<<<<,  3c3c3c3c3c3c3c3c3c3c3c3c3c3c3c2c
       389  ,<<<<<<<<<<<<<<<  2c3c3c3c3c3c3c3c3c3c3c3c3c3c3c3c
       366  <,<<<<<<<<<<<<<<  3c2c3c3c3c3c3c3c3c3c3c3c3c3c3c3c
       364  <<<<<<<<<<<<<<,<  3c3c3c3c3c3c3c3c3c3c3c3c3c3c2c3c
       352  <<,<<<<<<<<<<<<<  3c3c2c3c3c3c3c3c3c3c3c3c3c3c3c3c
       350  <<<<<<<<<<<<,<<<  3c3c3c3c3c3c3c3c3c3c3c3c2c3c3c3c
       347  <<<<<<<<<<<<<,<<  3c3c3c3c3c3c3c3c3c3c3c3c3c2c3c3c
       345  <<<,<<<<<<<<<<<<  3c3c3c2c3c3c3c3c3c3c3c3c3c3c3c3c
# epoch 6400  H=1.9050 C=1.7745 HO=0.1213  A(t)=340
     14083  <<<<<<<<<<<<<<<<  3c3c3c3c3c3c3c3c3c3c3c3c3c3c3c3c
       526  ,,,,,,,,,,,,,,,,  2c2c2c2c2c2c2c2c2c2c2c2c2c2c2c2c
       355  <<<<<<<<<<<<<<<,  3c3c3c3c3c3c3c3c3c3c3c3c3c3c3c2c
       342  ,<<<<<<<<<<<<<<<  2c3c3c3c3c3c3c3c3c3c3c3c3c3c3c3c
       340  <<<<,<<<<<<<<<<<  3c3c3c3c2c3c3c3c3c3c3c3c3c3c3c3c
       340  <,<<<<<<<<<<<<<<  3c2c3c3c3c3c3c3c3c3c3c3c3c3c3c3c
       339  <<<<<<<<<<<<<<,<  3c3c3c3c3c3c3c3c3c3c3c3c3c3c2c3c
       337  <<<,<<<<<<<<<<<<  3c3c3c2c3c3c3c3c3c3c3c3c3c3c3c3c
       333  <<<<<<<<<<<<<,<<  3c3c3c3c3c3c3c3c3c3c3c3c3c2c3c3c
       333  <<<<<,<<<<<<<<<<  3c3c3c3c3c2c3c3c3c3c3c3c3c3c3c3c
# epoch 6450  H=1.8581 C=1.7352 HO=0.1104  A(t)=340
     14615  <<<<<<<<<<<<<<<<  3c3c3c3c3c3c3c3c3c3c3c3c3c3c3c3c
       399  <<<<<<<<<<<<<<<,  3c3c3c3c3c3c3c3c3c3c3c3c3c3c3c2c
       394  ,,,,,,,,,,,,,,,,  2c2c2c2c2c2c2c2c2c2c2c2c2c2c2c2c
       392  <<<<<<<<<<<<<<,<  3c3c3c3c3c3c3c3c3c3c3c3c3c3c2c3c
       383  <<<<<<<<<<<<<,<<  3c3c3c3c3c3c3c3c3c3c3c3c3c2c3c3c
       379  <<<<<<<<<<<<,<<<  3c3c3c3c3c3c3c3c3c3c3c3c2c3c3c3c
       378  <<<<<<<<,<<<<<<<  3c3c3c3c3c3c3c3c2c3c3c3c3c3c3c3c
       372  ,<<<<<<<<<<<<<<<  2c3c3c3c3c3c3c3c3c3c3c3c3c3c3c3c
       371  <<<<<<<<<<<,<<<<  3c3c3c3c3c3c3c3c3c3c3c2c3c3c3c3c
       370  <<<<<<<<<,<<<<<<  3c3c3c3c3c3c3c3c3c2c3c3c3c3c3c3c
# epoch 6500  H=1.7665 C=1.6561 HO=0.0911  A(t)=340
     15878  <<<<<<<<<<<<<<<<  3c3c3c3c3c3c3c3c3c3c3c3c3c3c3c3c
       410  <<<<<<<<<<<<<<<,  3c3c3c3c3c3c3c3c3c3c3c3c3c3c3c2c
       400  <<<<<<<<<<<<<<,<  3c3c3c3c3c3c3c3c3c3c3c3c3c3c2c3c
       386  <<<<<<<<<<<<<,<<  3c3c3c3c3c3c3c3c3c3c3c3c3c2c3c3c
       386  ,<<<<<<<<<<<<<<<  2c3c3c3c3c3c3c3c3c3c3c3c3c3c3c3c
       382  <<<<<<<<<<<<,<<<  3c3c3c3c3c3c3c3c3c3c3c3c2c3c3c3c
       379  <,<<<<<<<<<<<<<<  3c2c3c3c3c3c3c3c3c3c3c3c3c3c3c3c
       375  <<<<<<<<<<<,<<<<  3c3c3c3c3c3c3c3c3c3c3c2c3c3c3c3c
       367  <<,<<<<<<<<<<<<<  3c3c2c3c3c3c3c3c3c3c3c3c3c3c3c3c
       361  <<<,<<<<<<<<<<<<  3c3c3c2c3c3c3c3c3c3c3c3c3c3c3c3c
# epoch 6550  H=1.8276 C=1.7288 HO=0.0797  A(t)=340
     14966  <<<<<<<<<<<<<<<<  3c3c3c3c3c3c3c3c3c3c3c3c3c3c3c3c
       393  ,,,,,,,,,,,,,,,,  2c2c2c2c2c2c2c2c2c2c2c2c2c2c2c2c
       386  <<<<<<<<<<<<<<<,  3c3c3c3c3c3c3c3c3c3c3c3c3c3c3c2c
       361  <<<<<<<<<<<<<<,<  3c3c3c3c3c3c3c3c3c3c3c3c3c3c2c3c
       345  ,<<<<<<<<<<<<<<<  2c3c3c3c3c3c3c3c3c3c3c3c3c3c3c3c
       335  <<<<<<<<<<<<<,<<  3c3c3c3c3c3c3c3c3c3c3c3c3c2c3c3c
       330  <<<<<<<<,<<<<<<<  3c3c3c3c3c3c3c3c2c3c3c3c3c3c3c3c
       327  <<<<<<<,<<<<<<<<  3c3c3c3c3c3c3c2c3c3c3c3c3c3c3c3c
       326  <,<<<<<<<<<<<<<<  3c2c3c3c3c3c3c3c3c3c3c3c3c3c3c3c
       320  <<<<,<<<<<<<<<<<  3c3c3c3c2c3c3c3c3c3c3c3c3c3c3c3c
# epoch 6600  H=1.9437 C=1.7997 HO=0.1241  A(t)=340
     13871  <<<<<<<<<<<<<<<<  3c3c3c3c3c3c3c3c3c3c3c3c3c3c3c3c
       363  ,,,,,,,,,,,,,,,,  2c2c2c2c2c2c2c2c2c2c2c2c2c2c2c2c
       362  <<<<<<<<<<<<<<<,  3c3c3c3c3c3c3c3c3c3c3c3c3c3c3c2c
       339  <<<<<<<<<<<<<<,<  3c3c3c3c3c3c3c3c3c3c3c3c3c3c2c3c
       330  ,<<<<<<<<<<<<<<<  2c3c3c3c3c3c3c3c3c3c3c3c3c3c3c3c
       317  <<<<<<<<<<<<<,<<  3c3c3c3c3c3c3c3c3c3c3c3c3c2c3c3c
       313  <,<<<<<<<<<<<<<<  3c2c3c3c3c3c3c3c3c3c3c3c3c3c3c3c
       311  <<<<<,<<<<<<<<<<  3c3c3c3c3c2c3c3c3c3c3c3c3c3c3c3c
       311  <<,<<<<<<<<<<<<<  3c3c2c3c3c3c3c3c3c3c3c3c3c3c3c3c
       308  <<<<<<,<<<<<<<<<  3c3c3c3c3c3c2c3c3c3c3c3c3c3c3c3c
# epoch 6650  H=1.9913 C=1.9050 HO=0.0651  A(t)=340
     12004  <<<<<<<<<<<<<<<<  3c3c3c3c3c3c3c3c3c3c3c3c3c3c3c3c
       416  ,,,,,,,,,,,,,,,,  2c2c2c2c2c2c2c2c2c2c2c2c2c2c2c2c
       325  <<<<<<<<<<<<<<<,  3c3c3c3c3c3c3c3c3c3c3c3c3c3c3c2c
       311  ,<<<<<<<<<<<<<<<  2c3c3c3c3c3c3c3c3c3c3c3c3c3c3c3c
       310  <<<<<<<<<<<<<<,<  3c3c3c3c3c3c3c3c3c3c3c3c3c3c2c3c
       303  <<<<<<<<<<<<<,<<  3c3c3c3c3c3c3c3c3c3c3c3c3c2c3c3c
       303  <<,<<<<<<<<<<<<<  3c3c2c3c3c3c3c3c3c3c3c3c3c3c3c3c
       301  <,<<<<<<<<<<<<<<  3c2c3c3c3c3c3c3c3c3c3c3c3c3c3c3c
       289  <<<,<<<<<<<<<<<<  3c3c3c2c3c3c3c3c3c3c3c3c3c3c3c3c
       284  <<<<<<<<<<<<,<<<  3c3c3c3c3c3c3c3c3c3c3c3c2c3c3c3c
# epoch 6700  H=2.1128 C=1.9381 HO=0.1560  A(t)=340
     11942  <<<<<<<<<<<<<<<<  3c3c3c3c3c3c3c3c3c3c3c3c3c3c3c3c
       674  ,,,,,,,,,,,,,,,,  2c2c2c2c2c2c2c2c2c2c2c2c2c2c2c2c
       330  <<<<<<<<<<<<<<<,  3c3c3c3c3c3c3c3c3c3c3c3c3c3c3c2c
       314  <<<<<<<<<<<<<<,<  3c3c3c3c3c3c3c3c3c3c3c3c3c3c2c3c
       313  <<<<<<<<<<<<<,<<  3c3c3c3c3c3c3c3c3c3c3c3c3c2c3c3c
       300  <<<<<<<<<<<<,<<<  3c3c3c3c3c3c3c3c3c3c3c3c2c3c3c3c
       298  <<<<<<<<,<<<<<<<  3c3c3c3c3c3c3c3c2c3c3c3c3c3c3c3c
       296  <<<<<<<<<<<,<<<<  3c3c3c3c3c3c3c3c3c3c3c2c3c3c3c3c
       296  <<<<<<<<<,<<<<<<  3c3c3c3c3c3c3c3c3c2c3c3c3c3c3c3c
       295  <<<<<<<,<<<<<<<<  3c3c3c3c3c3c3c2c3c3c3c3c3c3c3c3c
# epoch 6750  H=2.0304 C=1.9147 HO=0.1050  A(t)=340
     12881  <<<<<<<<<<<<<<<<  3c3c3c3c3c3c3c3c3c3c3c3c3c3c3c3c
       544  ,,,,,,,,,,,,,,,,  2c2c2c2c2c2c2c2c2c2c2c2c2c2c2c2c
       322  <<<<<<<<<<<<<<<,  3c3c3c3c3c3c3c3c3c3c3c3c3c3c3c2c
       319  <<<<<<<<<<<<<<,<  3c3c3c3c3c3c3c3c3c3c3c3c3c3c2c3c
       307  <<<<<<<<<<<<<,<<  3c3c3c3c3c3c3c3c3c3c3c3c3c2c3c3c
       302  ,<<<<<<<<<<<<<<<  2c3c3c3c3c3c3c3c3c3c3c3c3c3c3c3c
       298  <,<<<<<<<<<<<<<<  3c2c3c3c3c3c3c3c3c3c3c3c3c3c3c3c
       289  <<<<<<<<<,<<<<<<  3c3c3c3c3c3c3c3c3c2c3c3c3c3c3c3c
       286  <<<<<<<<<<<<,<<<  3c3c3c3c3c3c3c3c3c3c3c3c2c3c3c3c
       285  <<<<<<<<<<,<<<<<  3c3c3c3c3c3c3c3c3c3c2c3c3c3c3c3c
# epoch 6800  H=1.9990 C=1.8787 HO=0.1062  A(t)=340
     13216  <<<<<<<<<<<<<<<<  3c3c3c3c3c3c3c3c3c3c3c3c3c3c3c3c
       526  ,,,,,,,,,,,,,,,,  2c2c2c2c2c2c2c2c2c2c2c2c2c2c2c2c
       318  <<<<<<<<<<<<<<<,  3c3c3c3c3c3c3c3c3c3c3c3c3c3c3c2c
       309  <<<<<<<<<<<<,<<<  3c3c3c3c3c3c3c3c3c3c3c3c2c3c3c3c
       306  <<<<<<<<<<<<<,<<  3c3c3c3c3c3c3c3c3c3c3c3c3c2c3c3c
       304  <<<,<<<<<<<<<<<<  3c3c3c2c3c3c3c3c3c3c3c3c3c3c3c3c
       301  <<<<<<<<<<<<<<,<  3c3c3c3c3c3c3c3c3c3c3c3c3c3c2c3c
       298  <<,<<<<<<<<<<<<<  3c3c2c3c3c3c3c3c3c3c3c3c3c3c3c3c
       297  <<<<,<<<<<<<<<<<  3c3c3c3c2c3c3c3c3c3c3c3c3c3c3c3c
       294  <<<<<<<<<<<,<<<<  3c3c3c3c3c3c3c3c3c3c3c2c3c3c3c3c
# epoch 6850  H=2.0225 C=1.8655 HO=0.1475  A(t)=340
     13714  <<<<<<<<<<<<<<<<  3c3c3c3c3c3c3c3c3c3c3c3c3c3c3c3c
       619  ,,,,,,,,,,,,,,,,  2c2c2c2c2c2c2c2c2c2c2c2c2c2c2c2c
       395  <<<<<<<<<<<<<<<,  3c3c3c3c3c3c3c3c3c3c3c3c3c3c3c2c
       383  ,<<<<<<<<<<<<<<<  2c3c3c3c3c3c3c3c3c3c3c3c3c3c3c3c
       367  <<<<<<<<<<<<<<,<  3c3c3c3c3c3c3c3c3c3c3c3c3c3c2c3c
       364  <<<<<<<<<,<<<<<<  3c3c3c3c3c3c3c3c3c2c3c3c3c3c3c3c
       362  <<<<<<<<,<<<<<<<  3c3c3c3c3c3c3c3c2c3c3c3c3c3c3c3c
       362  <,<<<<<<<<<<<<<<  3c2c3c3c3c3c3c3c3c3c3c3c3c3c3c3c
       361  <<<<<<,<<<<<<<<<  3c3c3c3c3c3c2c3c3c3c3c3c3c3c3c3c
       360  <<<<<<<,<<<<<<<<  3c3c3c3c3c3c3c2c3c3c3c3c3c3c3c3c
# epoch 6900  H=2.0729 C=1.9310 HO=0.1277  A(t)=340
     13849  <<<<<<<<<<<<<<<<  3c3c3c3c3c3c3c3c3c3c3c3c3c3c3c3c
       572  ,,,,,,,,,,,,,,,,  2c2c2c2c2c2c2c2c2c2c2c2c2c2c2c2c
       369  <<<<<<<<<<<<<<<,  3c3c3c3c3c3c3c3c3c3c3c3c3c3c3c2c
       358  ,<<<<<<<<<<<<<<<  2c3c3c3c3c3c3c3c3c3c3c3c3c3c3c3c
       341  <<<<<<<<<<<<<<,<  3c3c3c3c3c3c3c3c3c3c3c3c3c3c2c3c
       330  <,<<<<<<<<<<<<<<  3c2c3c3c3c3c3c3c3c3c3c3c3c3c3c3c
       322  <<<<<,<<<<<<<<<<  3c3c3c3c3c2c3c3c3c3c3c3c3c3c3c3c
       321  <<<<,<<<<<<<<<<<  3c3c3c3c2c3c3c3c3c3c3c3c3c3c3c3c
       321  <<,<<<<<<<<<<<<<  3c3c2c3c3c3c3c3c3c3c3c3c3c3c3c3c
       319  <<<<<<<,<<<<<<<<  3c3c3c3c3c3c3c2c3c3c3c3c3c3c3c3c
# epoch 6950  H=1.9724 C=1.8181 HO=0.1351  A(t)=340
     14783  <<<<<<<<<<<<<<<<  3c3c3c3c3c3c3c3c3c3c3c3c3c3c3c3c
       679  ,,,,,,,,,,,,,,,,  2c2c2c2c2c2c2c2c2c2c2c2c2c2c2c2c
       412  <<<<<<<<<<<<<<<,  3c3c3c3c3c3c3c3c3c3c3c3c3c3c3c2c
       395  ,<<<<<<<<<<<<<<<  2c3c3c3c3c3c3c3c3c3c3c3c3c3c3c3c
       381  <<<<<<<<<<<<<<,<  3c3c3c3c3c3c3c3c3c3c3c3c3c3c2c3c
       377  <<<<<<<<<<<,<<<<  3c3c3c3c3c3c3c3c3c3c3c2c3c3c3c3c
       376  <<<<<<,<<<<<<<<<  3c3c3c3c3c3c2c3c3c3c3c3c3c3c3c3c
       375  <<<<<,<<<<<<<<<<  3c3c3c3c3c2c3c3c3c3c3c3c3c3c3c3c
       374  <<<<<<<,<<<<<<<<  3c3c3c3c3c3c3c2c3c3c3c3c3c3c3c3c
       373  <<<<<<<<<<<<<,<<  3c3c3c3c3c3c3c3c3c3c3c3c3c2c3c3c
# epoch 7000  H=1.8704 C=1.7301 HO=0.1087  A(t)=340
     14565  <<<<<<<<<<<<<<<<  3c3c3c3c3c3c3c3c3c3c3c3c3c3c3c3c
       610  ,,,,,,,,,,,,,,,,  2c2c2c2c2c2c2c2c2c2c2c2c2c2c2c2c
       418  <<<<<<<<<<<<<<<,  3c3c3c3c3c3c3c3c3c3c3c3c3c3c3c2c
       403  <<<<<<<<<<<<<<,<  3c3c3c3c3c3c3c3c3c3c3c3c3c3c2c3c
       403  ,<<<<<<<<<<<<<<<  2c3c3c3c3c3c3c3c3c3c3c3c3c3c3c3c
       380  <,<<<<<<<<<<<<<<  3c2c3c3c3c3c3c3c3c3c3c3c3c3c3c3c
       379  <<<<<<<<<<<<<,<<  3c3c3c3c3c3c3c3c3c3c3c3c3c2c3c3c
       373  <<<<<,<<<<<<<<<<  3c3c3c3c3c2c3c3c3c3c3c3c3c3c3c3c
       370  <<<<<<<<<<<<,<<<  3c3c3c3c3c3c3c3c3c3c3c3c2c3c3c3c
       370  <<<<<<<<<,<<<<<<  3c3c3c3c3c3c3c3c3c2c3c3c3c3c3c3c
# epoch 7050  H=1.8110 C=1.6969 HO=0.0767  A(t)=340
     15305  <<<<<<<<<<<<<<<<  3c3c3c3c3c3c3c3c3c3c3c3c3c3c3c3c
       627  ,,,,,,,,,,,,,,,,  2c2c2c2c2c2c2c2c2c2c2c2c2c2c2c2c
       383  <<<<<<<<<<<<<<<,  3c3c3c3c3c3c3c3c3c3c3c3c3c3c3c2c
       377  ,<<<<<<<<<<<<<<<  2c3c3c3c3c3c3c3c3c3c3c3c3c3c3c3c
       363  <<<<<<<<<,<<<<<<  3c3c3c3c3c3c3c3c3c2c3c3c3c3c3c3c
       358  <<<<<<<<<<,<<<<<  3c3c3c3c3c3c3c3c3c3c2c3c3c3c3c3c
       358  <<<<<<<<,<<<<<<<  3c3c3c3c3c3c3c3c2c3c3c3c3c3c3c3c
       355  <<<<<<<<<<<<<<,<  3c3c3c3c3c3c3c3c3c3c3c3c3c3c2c3c
       353  <<<<<<<,<<<<<<<<  3c3c3c3c3c3c3c2c3c3c3c3c3c3c3c3c
       353  <<,<<<<<<<<<<<<<  3c3c2c3c3c3c3c3c3c3c3c3c3c3c3c3c
# epoch 7100  H=1.9342 C=1.8199 HO=0.0965  A(t)=340
     13187  <<<<<<<<<<<<<<<<  3c3c3c3c3c3c3c3c3c3c3c3c3c3c3c3c
       468  ,,,,,,,,,,,,,,,,  2c2c2c2c2c2c2c2c2c2c2c2c2c2c2c2c
       375  <<<<<<<<<<<<<<<,  3c3c3c3c3c3c3c3c3c3c3c3c3c3c3c2c
       356  <<<<<<<<<<<<<<,<  3c3c3c3c3c3c3c3c3c3c3c3c3c3c2c3c
       351  <<<<<<<<<<<<<,<<  3c3c3c3c3c3c3c3c3c3c3c3c3c2c3c3c
       337  ,<<<<<<<<<<<<<<<  2c3c3c3c3c3c3c3c3c3c3c3c3c3c3c3c
       329  <<<<<<<<<<<<,<<<  3c3c3c3c3c3c3c3c3c3c3c3c2c3c3c3c
       325  <<,<<<<<<<<<<<<<  3c3c2c3c3c3c3c3c3c3c3c3c3c3c3c3c
       323  <<<<<<<<<,<<<<<<  3c3c3c3c3c3c3c3c3c2c3c3c3c3c3c3c
       321  <<<<<<<<<<<,<<<<  3c3c3c3c3c3c3c3c3c3c3c2c3c3c3c3c
# epoch 7150  H=1.9186 C=1.8066 HO=0.1001  A(t)=340
     13452  <<<<<<<<<<<<<<<<  3c3c3c3c3c3c3c3c3c3c3c3c3c3c3c3c
       499  ,,,,,,,,,,,,,,,,  2c2c2c2c2c2c2c2c2c2c2c2c2c2c2c2c
       349  <<<<<<<<<<<<<<<,  3c3c3c3c3c3c3c3c3c3c3c3c3c3c3c2c
       325  ,<<<<<<<<<<<<<<<  2c3c3c3c3c3c3c3c3c3c3c3c3c3c3c3c
       321  <<<<<<<<<<<<<<,<  3c3c3c3c3c3c3c3c3c3c3c3c3c3c2c3c
       318  <<<<<<<<<<<<<,<<  3c3c3c3c3c3c3c3c3c3c3c3c3c2c3c3c
       310  <<<<<<<<<<<<,<<<  3c3c3c3c3c3c3c3c3c3c3c3c2c3c3c3c
       310  <<,<<<<<<<<<<<<<  3c3c2c3c3c3c3c3c3c3c3c3c3c3c3c3c
       310  <,<<<<<<<<<<<<<<  3c2c3c3c3c3c3c3c3c3c3c3c3c3c3c3c
       304  <<<,<<<<<<<<<<<<  3c3c3c2c3c3c3c3c3c3c3c3c3c3c3c3c
# epoch 7200  H=1.9072 C=1.8031 HO=0.0876  A(t)=340
     14007  <<<<<<<<<<<<<<<<  3c3c3c3c3c3c3c3c3c3c3c3c3c3c3c3c
       709  ,,,,,,,,,,,,,,,,  2c2c2c2c2c2c2c2c2c2c2c2c2c2c2c2c
       371  <<<<<<<<<<<<<<<,  3c3c3c3c3c3c3c3c3c3c3c3c3c3c3c2c
       354  ,<<<<<<<<<<<<<<<  2c3c3c3c3c3c3c3c3c3c3c3c3c3c3c3c
       342  <<<<<<<<<<<<<<,<  3c3c3c3c3c3c3c3c3c3c3c3c3c3c2c3c
       337  <<<<<<<<<<<<<,<<  3c3c3c3c3c3c3c3c3c3c3c3c3c2c3c3c
       337  <,<<<<<<<<<<<<<<  3c2c3c3c3c3c3c3c3c3c3c3c3c3c3c3c
       327  <<,<<<<<<<<<<<<<  3c3c2c3c3c3c3c3c3c3c3c3c3c3c3c3c
       324  <<<<,<<<<<<<<<<<  3c3c3c3c2c3c3c3c3c3c3c3c3c3c3c3c
       322  <<<,<<<<<<<<<<<<  3c3c3c2c3c3c3c3c3c3c3c3c3c3c3c3c
# epoch 7250  H=1.8975 C=1.7628 HO=0.1179  A(t)=340
     14450  <<<<<<<<<<<<<<<<  3c3c3c3c3c3c3c3c3c3c3c3c3c3c3c3c
       651  ,,,,,,,,,,,,,,,,  2c2c2c2c2c2c2c2c2c2c2c2c2c2c2c2c
       401  <<<<<<<<<<<<<<<,  3c3c3c3c3c3c3c3c3c3c3c3c3c3c3c2c
       372  <<<<<<<<<<<<<<,<  3c3c3c3c3c3c3c3c3c3c3c3c3c3c2c3c
       371  ,<<<<<<<<<<<<<<<  2c3c3c3c3c3c3c3c3c3c3c3c3c3c3c3c
       349  <<<<<<<<<<<<<,<<  3c3c3c3c3c3c3c3c3c3c3c3c3c2c3c3c
       343  <<<<<<<<<<<,<<<<  3c3c3c3c3c3c3c3c3c3c3c2c3c3c3c3c
       343  <,<<<<<<<<<<<<<<  3c2c3c3c3c3c3c3c3c3c3c3c3c3c3c3c
       341  <<<<<<<<<<<<,<<<  3c3c3c3c3c3c3c3c3c3c3c3c2c3c3c3c
       329  <<<<<<<<<<,<<<<<  3c3c3c3c3c3c3c3c3c3c2c3c3c3c3c3c
# epoch 7300  H=1.7537 C=1.6947 HO=0.0370  A(t)=340
     15126  <<<<<<<<<<<<<<<<  3c3c3c3c3c3c3c3c3c3c3c3c3c3c3c3c
       396  <<<<<<<<<<<<<<<,  3c3c3c3c3c3c3c3c3c3c3c3c3c3c3c2c
       385  ,,,,,,,,,,,,,,,,  2c2c2c2c2c2c2c2c2c2c2c2c2c2c2c2c
       384  ,<<<<<<<<<<<<<<<  2c3c3c3c3c3c3c3c3c3c3c3c3c3c3c3c
       374  <<<<<<<<<<<<<<,<  3c3c3c3c3c3c3c3c3c3c3c3c3c3c2c3c
       370  <,<<<<<<<<<<<<<<  3c2c3c3c3c3c3c3c3c3c3c3c3c3c3c3c
       367  <<,<<<<<<<<<<<<<  3c3c2c3c3c3c3c3c3c3c3c3c3c3c3c3c
       363  <<<<<<<<<<<<<,<<  3c3c3c3c3c3c3c3c3c3c3c3c3c2c3c3c
       359  <<<<<<<<<<<<,<<<  3c3c3c3c3c3c3c3c3c3c3c3c2c3c3c3c
       358  <<<<<<<<<,<<<<<<  3c3c3c3c3c3c3c3c3c2c3c3c3c3c3c3c
# epoch 7350  H=1.7325 C=1.6726 HO=0.0356  A(t)=340
     15622  <<<<<<<<<<<<<<<<  3c3c3c3c3c3c3c3c3c3c3c3c3c3c3c3c
       451  ,,,,,,,,,,,,,,,,  2c2c2c2c2c2c2c2c2c2c2c2c2c2c2c2c
       433  <<<<<<<<<<<<<<<,  3c3c3c3c3c3c3c3c3c3c3c3c3c3c3c2c
       410  ,<<<<<<<<<<<<<<<  2c3c3c3c3c3c3c3c3c3c3c3c3c3c3c3c
       407  <<<<<<<<<<<<<<,<  3c3c3c3c3c3c3c3c3c3c3c3c3c3c2c3c
       392  <,<<<<<<<<<<<<<<  3c2c3c3c3c3c3c3c3c3c3c3c3c3c3c3c
       385  <<<<<<<<,<<<<<<<  3c3c3c3c3c3c3c3c2c3c3c3c3c3c3c3c
       384  <<<<<<<<<<<<<,<<  3c3c3c3c3c3c3c3c3c3c3c3c3c2c3c3c
       384  <<<<<<<<<<<<,<<<  3c3c3c3c3c3c3c3c3c3c3c3c2c3c3c3c
       383  <<,<<<<<<<<<<<<<  3c3c2c3c3c3c3c3c3c3c3c3c3c3c3c3c
# epoch 7400  H=1.7734 C=1.6687 HO=0.0748  A(t)=340
     16277  <<<<<<<<<<<<<<<<  3c3c3c3c3c3c3c3c3c3c3c3c3c3c3c3c
       509  ,,,,,,,,,,,,,,,,  2c2c2c2c2c2c2c2c2c2c2c2c2c2c2c2c
       403  <<<<<<<<<<<<<<<,  3c3c3c3c3c3c3c3c3c3c3c3c3c3c3c2c
       398  ,<<<<<<<<<<<<<<<  2c3c3c3c3c3c3c3c3c3c3c3c3c3c3c3c
       380  <<<<<<<<<<<<<<,<  3c3c3c3c3c3c3c3c3c3c3c3c3c3c2c3c
       379  <,<<<<<<<<<<<<<<  3c2c3c3c3c3c3c3c3c3c3c3c3c3c3c3c
       369  <<,<<<<<<<<<<<<<  3c3c2c3c3c3c3c3c3c3c3c3c3c3c3c3c
       362  <<<<<<<<<<<<<,<<  3c3c3c3c3c3c3c3c3c3c3c3c3c2c3c3c
       359  <<<<,<<<<<<<<<<<  3c3c3c3c2c3c3c3c3c3c3c3c3c3c3c3c
       354  <<<,<<<<<<<<<<<<  3c3c3c2c3c3c3c3c3c3c3c3c3c3c3c3c
# epoch 7450  H=1.7259 C=1.6407 HO=0.0554  A(t)=340
     16408  <<<<<<<<<<<<<<<<  3c3c3c3c3c3c3c3c3c3c3c3c3c3c3c3c
       750  ,,,,,,,,,,,,,,,,  2c2c2c2c2c2c2c2c2c2c2c2c2c2c2c2c
       461  <<<<<<<<<<<<<<<,  3c3c3c3c3c3c3c3c3c3c3c3c3c3c3c2c
       424  <<<<<<<<<<<<<<,<  3c3c3c3c3c3c3c3c3c3c3c3c3c3c2c3c
       410  ,<<<<<<<<<<<<<<<  2c3c3c3c3c3c3c3c3c3c3c3c3c3c3c3c
       403  <<<<<<<<<<<<<,<<  3c3c3c3c3c3c3c3c3c3c3c3c3c2c3c3c
       380  <,<<<<<<<<<<<<<<  3c2c3c3c3c3c3c3c3c3c3c3c3c3c3c3c
       369  <<<<<<<<<<<<,<<<  3c3c3c3c3c3c3c3c3c3c3c3c2c3c3c3c
       368  <<<<<<<<<<<,<<<<  3c3c3c3c3c3c3c3c3c3c3c2c3c3c3c3c
       366  <<,<<<<<<<<<<<<<  3c3c2c3c3c3c3c3c3c3c3c3c3c3c3c3c
# epoch 7500  H=1.8007 C=1.6824 HO=0.0888  A(t)=340
     15383  <<<<<<<<<<<<<<<<  3c3c3c3c3c3c3c3c3c3c3c3c3c3c3c3c
       822  ,,,,,,,,,,,,,,,,  2c2c2c2c2c2c2c2c2c2c2c2c2c2c2c2c
       410  <<<<<<<<<<<<<<<,  3c3c3c3c3c3c3c3c3c3c3c3c3c3c3c2c
       380  <<<<<<<<<<<<<<,<  3c3c3c3c3c3c3c3c3c3c3c3c3c3c2c3c
       379  ,<<<<<<<<<<<<<<<  2c3c3c3c3c3c3c3c3c3c3c3c3c3c3c3c
       373  <<<<<<<<<<<<<,<<  3c3c3c3c3c3c3c3c3c3c3c3c3c2c3c3c
       373  <<<<<<<<<<<<,<<<  3c3c3c3c3c3c3c3c3c3c3c3c2c3c3c3c
       360  <<<,<<<<<<<<<<<<  3c3c3c2c3c3c3c3c3c3c3c3c3c3c3c3c
       356  <<,<<<<<<<<<<<<<  3c3c2c3c3c3c3c3c3c3c3c3c3c3c3c3c
       354  <<<<<<<<<<<,<<<<  3c3c3c3c3c3c3c3c3c3c3c2c3c3c3c3c
# epoch 7550  H=1.9118 C=1.8097 HO=0.0821  A(t)=340
     13912  <<<<<<<<<<<<<<<<  3c3c3c3c3c3c3c3c3c3c3c3c3c3c3c3c
       787  ,,,,,,,,,,,,,,,,  2c2c2c2c2c2c2c2c2c2c2c2c2c2c2c2c
       389  <<<<<<<<<<<<<<<,  3c3c3c3c3c3c3c3c3c3c3c3c3c3c3c2c
       387  ,<<<<<<<<<<<<<<<  2c3c3c3c3c3c3c3c3c3c3c3c3c3c3c3c
       371  <,<<<<<<<<<<<<<<  3c2c3c3c3c3c3c3c3c3c3c3c3c3c3c3c
       359  <<,<<<<<<<<<<<<<  3c3c2c3c3c3c3c3c3c3c3c3c3c3c3c3c
       358  <<<<<<<<<<<<<<,<  3c3c3c3c3c3c3c3c3c3c3c3c3c3c2c3c
       349  <<<<<<<<<<<<<,<<  3c3c3c3c3c3c3c3c3c3c3c3c3c2c3c3c
       347  <<<<<<<<<<<,<<<<  3c3c3c3c3c3c3c3c3c3c3c2c3c3c3c3c
       343  <<<<<<<,<<<<<<<<  3c3c3c3c3c3c3c2c3c3c3c3c3c3c3c3c
# epoch 7600  H=1.9531 C=1.8911 HO=0.0358  A(t)=340
     13708  <<<<<<<<<<<<<<<<  3c3c3c3c3c3c3c3c3c3c3c3c3c3c3c3c
       387  <<<<<<<<<<<<<<,<  3c3c3c3c3c3c3c3c3c3c3c3c3c3c2c3c
       386  <<<<<<<<<<<<<<<,  3c3c3c3c3c3c3c3c3c3c3c3c3c3c3c2c
       367  <<,<<<<<<<<<<<<<  3c3c2c3c3c3c3c3c3c3c3c3c3c3c3c3c
       367  <,<<<<<<<<<<<<<<  3c2c3c3c3c3c3c3c3c3c3c3c3c3c3c3c
       367  ,<<<<<<<<<<<<<<<  2c3c3c3c3c3c3c3c3c3c3c3c3c3c3c3c
       365  <<<<<<<<<<<<<,<<  3c3c3c3c3c3c3c3c3c3c3c3c3c2c3c3c
       358  <<<,<<<<<<<<<<<<  3c3c3c2c3c3c3c3c3c3c3c3c3c3c3c3c
       356  <<<<<<<<<<,<<<<<  3c3c3c3c3c3c3c3c3c3c2c3c3c3c3c3c
       352  <<<<<<<<<<<<,<<<  3c3c3c3c3c3c3c3c3c3c3c3c2c3c3c3c
# epoch 7650  H=1.9350 C=1.8688 HO=0.0542  A(t)=340
     14918  <<<<<<<<<<<<<<<<  3c3c3c3c3c3c3c3c3c3c3c3c3c3c3c3c
       387  <<<<<<<,<<<<<<<<  3c3c3c3c3c3c3c2c3c3c3c3c3c3c3c3c
       385  <<<<<<<<<<<<<<<,  3c3c3c3c3c3c3c3c3c3c3c3c3c3c3c2c
       384  <<<<<<<<<,<<<<<<  3c3c3c3c3c3c3c3c3c2c3c3c3c3c3c3c
       382  <<<<<<<<<<<,<<<<  3c3c3c3c3c3c3c3c3c3c3c2c3c3c3c3c
       382  <<<<<<<<,<<<<<<<  3c3c3c3c3c3c3c3c2c3c3c3c3c3c3c3c
       378  <<<<<<<<<<<<<,<<  3c3c3c3c3c3c3c3c3c3c3c3c3c2c3c3c
       378  <<<<<<<<<<,<<<<<  3c3c3c3c3c3c3c3c3c3c2c3c3c3c3c3c
       376  <<<<<<<<<<<<<<,<  3c3c3c3c3c3c3c3c3c3c3c3c3c3c2c3c
       375  ,<<<<<<<<<<<<<<<  2c3c3c3c3c3c3c3c3c3c3c3c3c3c3c3c
# epoch 7700  H=2.0226 C=1.9375 HO=0.0760  A(t)=340
     14011  <<<<<<<<<<<<<<<<  3c3c3c3c3c3c3c3c3c3c3c3c3c3c3c3c
       405  <<<<<<<<<<<<<<<,  3c3c3c3c3c3c3c3c3c3c3c3c3c3c3c2c
       389  ,<<<<<<<<<<<<<<<  2c3c3c3c3c3c3c3c3c3c3c3c3c3c3c3c
       384  <<<<<<<<<<<<<<,<  3c3c3c3c3c3c3c3c3c3c3c3c3c3c2c3c
       384  ,,,,,,,,,,,,,,,,  2c2c2c2c2c2c2c2c2c2c2c2c2c2c2c2c
       383  <,<<<<<<<<<<<<<<  3c2c3c3c3c3c3c3c3c3c3c3c3c3c3c3c
       382  <<<<<<<<<<<<<,<<  3c3c3c3c3c3c3c3c3c3c3c3c3c2c3c3c
       373  <<,<<<<<<<<<<<<<  3c3c2c3c3c3c3c3c3c3c3c3c3c3c3c3c
       360  <<<<<<<<<<,<<<<<  3c3c3c3c3c3c3c3c3c3c2c3c3c3c3c3c
       357  <<<<<<<<<<<<,<<<  3c3c3c3c3c3c3c3c3c3c3c3c2c3c3c3c
# epoch 7750  H=2.0293 C=1.9152 HO=0.1095  A(t)=340
     14069  <<<<<<<<<<<<<<<<  3c3c3c3c3c3c3c3c3c3c3c3c3c3c3c3c
       535  ,,,,,,,,,,,,,,,,  2c2c2c2c2c2c2c2c2c2c2c2c2c2c2c2c
       368  <<<<<<<<<<<<<<<,  3c3c3c3c3c3c3c3c3c3c3c3c3c3c3c2c
       358  <<<<<<<<<<<<<<,<  3c3c3c3c3c3c3c3c3c3c3c3c3c3c2c3c
       351  ,<<<<<<<<<<<<<<<  2c3c3c3c3c3c3c3c3c3c3c3c3c3c3c3c
       343  <,<<<<<<<<<<<<<<  3c2c3c3c3c3c3c3c3c3c3c3c3c3c3c3c
       337  <<<<<<<<<<<<<,<<  3c3c3c3c3c3c3c3c3c3c3c3c3c2c3c3c
       336  <<,<<<<<<<<<<<<<  3c3c2c3c3c3c3c3c3c3c3c3c3c3c3c3c
       329  <<<<,<<<<<<<<<<<  3c3c3c3c2c3c3c3c3c3c3c3c3c3c3c3c
       328  <<<<<<<<<<<<,<<<  3c3c3c3c3c3c3c3c3c3c3c3c2c3c3c3c
# epoch 7800  H=2.2027 C=2.0530 HO=0.1436  A(t)=340
     13402  <<<<<<<<<<<<<<<<  3c3c3c3c3c3c3c3c3c3c3c3c3c3c3c3c
       399  ,,,,,,,,,,,,,,,,  2c2c2c2c2c2c2c2c2c2c2c2c2c2c2c2c
       337  <<<<<<<<<<<<<<<,  3c3c3c3c3c3c3c3c3c3c3c3c3c3c3c2c
       322  <<<<<<<<<<<<<<,<  3c3c3c3c3c3c3c3c3c3c3c3c3c3c2c3c
       315  <<<<<<<<<<<<<,<<  3c3c3c3c3c3c3c3c3c3c3c3c3c2c3c3c
       313  ,<<<<<<<<<<<<<<<  2c3c3c3c3c3c3c3c3c3c3c3c3c3c3c3c
       303  <<<<<<<<<<<<,<<<  3c3c3c3c3c3c3c3c3c3c3c3c2c3c3c3c
       302  <,<<<<<<<<<<<<<<  3c2c3c3c3c3c3c3c3c3c3c3c3c3c3c3c
       300  <<<<<<<<<<,<<<<<  3c3c3c3c3c3c3c3c3c3c2c3c3c3c3c3c
       300  <<,<<<<<<<<<<<<<  3c3c2c3c3c3c3c3c3c3c3c3c3c3c3c3c
# epoch 7850  H=2.1694 C=2.0295 HO=0.1379  A(t)=340
     13520  <<<<<<<<<<<<<<<<  3c3c3c3c3c3c3c3c3c3c3c3c3c3c3c3c
       596  ,,,,,,,,,,,,,,,,  2c2c2c2c2c2c2c2c2c2c2c2c2c2c2c2c
       346  <<<<<<<<<<<<<<<,  3c3c3c3c3c3c3c3c3c3c3c3c3c3c3c2c
       323  <<<<<<<<<<<<<<,<  3c3c3c3c3c3c3c3c3c3c3c3c3c3c2c3c
       308  <<<,<<<<<<<<<<<<  3c3c3c2c3c3c3c3c3c3c3c3c3c3c3c3c
       307  ,<<<<<<<<<<<<<<<  2c3c3c3c3c3c3c3c3c3c3c3c3c3c3c3c
       303  <<<<<<<<<<<<<,<<  3c3c3c3c3c3c3c3c3c3c3c3c3c2c3c3c
       302  <<,<<<<<<<<<<<<<  3c3c2c3c3c3c3c3c3c3c3c3c3c3c3c3c
       300  <<<<<<<<<<<<,<<<  3c3c3c3c3c3c3c3c3c3c3c3c2c3c3c3c
       300  <,<<<<<<<<<<<<<<  3c2c3c3c3c3c3c3c3c3c3c3c3c3c3c3c
# epoch 7900  H=2.1770 C=2.0287 HO=0.1426  A(t)=340
     13089  <<<<<<<<<<<<<<<<  3c3c3c3c3c3c3c3c3c3c3c3c3c3c3c3c
       333  ,,,,,,,,,,,,,,,,  2c2c2c2c2c2c2c2c2c2c2c2c2c2c2c2c
       328  <<<<<<<<<<<<<<<,  3c3c3c3c3c3c3c3c3c3c3c3c3c3c3c2c
       324  <<<<<<<<<<<<<<,<  3c3c3c3c3c3c3c3c3c3c3c3c3c3c2c3c
       322  <<<<<<<<<<<<<,<<  3c3c3c3c3c3c3c3c3c3c3c3c3c2c3c3c
       316  <,<<<<<<<<<<<<<<  3c2c3c3c3c3c3c3c3c3c3c3c3c3c3c3c
       313  <<<<<<<,<<<<<<<<  3c3c3c3c3c3c3c2c3c3c3c3c3c3c3c3c
       312  <<<<<<<<<<,<<<<<  3c3c3c3c3c3c3c3c3c3c2c3c3c3c3c3c
       311  <<<<<,<<<<<<<<<<  3c3c3c3c3c2c3c3c3c3c3c3c3c3c3c3c
       311  <<,<<<<<<<<<<<<<  3c3c2c3c3c3c3c3c3c3c3c3c3c3c3c3c
# epoch 7950  H=2.2273 C=2.1047 HO=0.1252  A(t)=340
     12735  <<<<<<<<<<<<<<<<  3c3c3c3c3c3c3c3c3c3c3c3c3c3c3c3c
       334  <<<<<<<<<<<<<<<,  3c3c3c3c3c3c3c3c3c3c3c3c3c3c3c2c
       321  <<<<<<<<<<<<<<,<  3c3c3c3c3c3c3c3c3c3c3c3c3c3c2c3c
       314  <<<<<<<<<<<<,<<<  3c3c3c3c3c3c3c3c3c3c3c3c2c3c3c3c
       314  <<<,<<<<<<<<<<<<  3c3c3c2c3c3c3c3c3c3c3c3c3c3c3c3c
       311  <<<<<<<<<<<<<,<<  3c3c3c3c3c3c3c3c3c3c3c3c3c2c3c3c
       311  <<<<<<<<<<,<<<<<  3c3c3c3c3c3c3c3c3c3c2c3c3c3c3c3c
       311  ,<<<<<<<<<<<<<<<  2c3c3c3c3c3c3c3c3c3c3c3c3c3c3c3c
       310  <<,<<<<<<<<<<<<<  3c3c2c3c3c3c3c3c3c3c3c3c3c3c3c3c
       308  <<<<<<<<<<<,<<<<  3c3c3c3c3c3c3c3c3c3c3c2c3c3c3c3c
# epoch 8000  H=2.2550 C=2.1154 HO=0.1345  A(t)=340
     12597  <<<<<<<<<<<<<<<<  3c3c3c3c3c3c3c3c3c3c3c3c3c3c3c3c
       386  ,,,,,,,,,,,,,,,,  2c2c2c2c2c2c2c2c2c2c2c2c2c2c2c2c
       305  <<<<<<<<<<<<<<<,  3c3c3c3c3c3c3c3c3c3c3c3c3c3c3c2c
       291  <<<<<<<,<<<<<<<<  3c3c3c3c3c3c3c2c3c3c3c3c3c3c3c3c
       290  <<<<<<<<<<<<<<,<  3c3c3c3c3c3c3c3c3c3c3c3c3c3c2c3c
       289  <<<<<<,<<<<<<<<<  3c3c3c3c3c3c2c3c3c3c3c3c3c3c3c3c
       286  <<<<<<<<<<<,<<<<  3c3c3c3c3c3c3c3c3c3c3c2c3c3c3c3c
       284  <<<<<<<<,<<<<<<<  3c3c3c3c3c3c3c3c2c3c3c3c3c3c3c3c
       283  <<<<<<<<<<,<<<<<  3c3c3c3c3c3c3c3c3c3c2c3c3c3c3c3c
       282  <<<<<<<<<,<<<<<<  3c3c3c3c3c3c3c3c3c2c3c3c3c3c3c3c
# epoch 8050  H=2.2012 C=2.0310 HO=0.1574  A(t)=340
     13139  <<<<<<<<<<<<<<<<  3c3c3c3c3c3c3c3c3c3c3c3c3c3c3c3c
       527  ,,,,,,,,,,,,,,,,  2c2c2c2c2c2c2c2c2c2c2c2c2c2c2c2c
       310  <<<<<<<<<<<<<<<,  3c3c3c3c3c3c3c3c3c3c3c3c3c3c3c2c
       298  ,<<<<<<<<<<<<<<<  2c3c3c3c3c3c3c3c3c3c3c3c3c3c3c3c
       289  <<<<<<<<<<<<<<,<  3c3c3c3c3c3c3c3c3c3c3c3c3c3c2c3c
       289  <<,<<<<<<<<<<<<<  3c3c2c3c3c3c3c3c3c3c3c3c3c3c3c3c
       288  <,<<<<<<<<<<<<<<  3c2c3c3c3c3c3c3c3c3c3c3c3c3c3c3c
       280  <<<<<<<<<<<<<,<<  3c3c3c3c3c3c3c3c3c3c3c3c3c2c3c3c
       276  <<<<<<<<,<<<<<<<  3c3c3c3c3c3c3c3c2c3c3c3c3c3c3c3c
       275  <<<<,<<<<<<<<<<<  3c3c3c3c2c3c3c3c3c3c3c3c3c3c3c3c
# epoch 8100  H=2.1246 C=1.9366 HO=0.1717  A(t)=340
     13209  <<<<<<<<<<<<<<<<  3c3c3c3c3c3c3c3c3c3c3c3c3c3c3c3c
       682  ,,,,,,,,,,,,,,,,  2c2c2c2c2c2c2c2c2c2c2c2c2c2c2c2c
       310  <<<<<<<<<<<<<<<,  3c3c3c3c3c3c3c3c3c3c3c3c3c3c3c2c
       291  <<<<<<<<<<<<<<,<  3c3c3c3c3c3c3c3c3c3c3c3c3c3c2c3c
       279  ,<<<<<<<<<<<<<<<  2c3c3c3c3c3c3c3c3c3c3c3c3c3c3c3c
       272  <<<<<<<<<<<<<,<<  3c3c3c3c3c3c3c3c3c3c3c3c3c2c3c3c
       271  <<,<<<<<<<<<<<<<  3c3c2c3c3c3c3c3c3c3c3c3c3c3c3c3c
       268  <,<<<<<<<<<<<<<<  3c2c3c3c3c3c3c3c3c3c3c3c3c3c3c3c
       265  <<<<<<<<,<<<<<<<  3c3c3c3c3c3c3c3c2c3c3c3c3c3c3c3c
       260  <<<<<<<<<<<,<<<<  3c3c3c3c3c3c3c3c3c3c3c2c3c3c3c3c
# epoch 8150  H=1.9201 C=1.8330 HO=0.0745  A(t)=340
     13701  <<<<<<<<<<<<<<<<  3c3c3c3c3c3c3c3c3c3c3c3c3c3c3c3c
       398  ,,,,,,,,,,,,,,,,  2c2c2c2c2c2c2c2c2c2c2c2c2c2c2c2c
       372  <<<<<<<<<<<<<<<,  3c3c3c3c3c3c3c3c3c3c3c3c3c3c3c2c
       351  <<<<<<<<<<<<<<,<  3c3c3c3c3c3c3c3c3c3c3c3c3c3c2c3c
       339  ,<<<<<<<<<<<<<<<  2c3c3c3c3c3c3c3c3c3c3c3c3c3c3c3c
       332  <<<<<<<<<<<<<,<<  3c3c3c3c3c3c3c3c3c3c3c3c3c2c3c3c
       327  <,<<<<<<<<<<<<<<  3c2c3c3c3c3c3c3c3c3c3c3c3c3c3c3c
       326  <<,<<<<<<<<<<<<<  3c3c2c3c3c3c3c3c3c3c3c3c3c3c3c3c
       319  <<<<,<<<<<<<<<<<  3c3c3c3c2c3c3c3c3c3c3c3c3c3c3c3c
       314  <<<,<<<<<<<<<<<<  3c3c3c2c3c3c3c3c3c3c3c3c3c3c3c3c
# epoch 8200  H=1.8645 C=1.7548 HO=0.0877  A(t)=340
     14767  <<<<<<<<<<<<<<<<  3c3c3c3c3c3c3c3c3c3c3c3c3c3c3c3c
       634  ,,,,,,,,,,,,,,,,  2c2c2c2c2c2c2c2c2c2c2c2c2c2c2c2c
       357  <<<<<<<<<<<<<<<,  3c3c3c3c3c3c3c3c3c3c3c3c3c3c3c2c
       341  <<<<<<<<<<<<<<,<  3c3c3c3c3c3c3c3c3c3c3c3c3c3c2c3c
       337  <<<<<<<<<<<<<,<<  3c3c3c3c3c3c3c3c3c3c3c3c3c2c3c3c
       330  <<<<<<<<<<<<,<<<  3c3c3c3c3c3c3c3c3c3c3c3c2c3c3c3c
       329  ,<<<<<<<<<<<<<<<  2c3c3c3c3c3c3c3c3c3c3c3c3c3c3c3c
       327  <,<<<<<<<<<<<<<<  3c2c3c3c3c3c3c3c3c3c3c3c3c3c3c3c
       324  <<<<<<<<<<<,<<<<  3c3c3c3c3c3c3c3c3c3c3c2c3c3c3c3c
       322  <<<<<<<<<<,<<<<<  3c3c3c3c3c3c3c3c3c3c2c3c3c3c3c3c
# epoch 8250  H=1.9191 C=1.8020 HO=0.0855  A(t)=340
     13228  <<<<<<<<<<<<<<<<  3c3c3c3c3c3c3c3c3c3c3c3c3c3c3c3c
       627  ,,,,,,,,,,,,,,,,  2c2c2c2c2c2c2c2c2c2c2c2c2c2c2c2c
       328  <<<<<<<<<<<<<<<,  3c3c3c3c3c3c3c3c3c3c3c3c3c3c3c2c
       308  <,<<<<<<<<<<<<<<  3c2c3c3c3c3c3c3c3c3c3c3c3c3c3c3c
       306  <<<<<<<<<<<<<<,<  3c3c3c3c3c3c3c3c3c3c3c3c3c3c2c3c
       302  <<,<<<<<<<<<<<<<  3c3c2c3c3c3c3c3c3c3c3c3c3c3c3c3c
       300  ,<<<<<<<<<<<<<<<  2c3c3c3c3c3c3c3c3c3c3c3c3c3c3c3c
       298  <<<<<,<<<<<<<<<<  3c3c3c3c3c2c3c3c3c3c3c3c3c3c3c3c
       296  <<<<<<<<<<<<<,<<  3c3c3c3c3c3c3c3c3c3c3c3c3c2c3c3c
       293  <<<<,<<<<<<<<<<<  3c3c3c3c2c3c3c3c3c3c3c3c3c3c3c3c
# epoch 8300  H=1.8360 C=1.7385 HO=0.0652  A(t)=340
     14425  <<<<<<<<<<<<<<<<  3c3c3c3c3c3c3c3c3c3c3c3c3c3c3c3c
       881  ,,,,,,,,,,,,,,,,  2c2c2c2c2c2c2c2c2c2c2c2c2c2c2c2c
       359  <<<<<<<<<<<<<<<,  3c3c3c3c3c3c3c3c3c3c3c3c3c3c3c2c
       344  ,<<<<<<<<<<<<<<<  2c3c3c3c3c3c3c3c3c3c3c3c3c3c3c3c
       336  <<<<<<<<<<<<<<,<  3c3c3c3c3c3c3c3c3c3c3c3c3c3c2c3c
       328  <,<<<<<<<<<<<<<<  3c2c3c3c3c3c3c3c3c3c3c3c3c3c3c3c
       318  <<,<<<<<<<<<<<<<  3c3c2c3c3c3c3c3c3c3c3c3c3c3c3c3c
       315  <<<<<<<<<<<<<,<<  3c3c3c3c3c3c3c3c3c3c3c3c3c2c3c3c
       310  <<<<<<<<<<<<,<<<  3c3c3c3c3c3c3c3c3c3c3c3c2c3c3c3c
       307  <<<,<<<<<<<<<<<<  3c3c3c2c3c3c3c3c3c3c3c3c3c3c3c3c
# epoch 8350  H=1.8310 C=1.7393 HO=0.0640  A(t)=340
     14050  <<<<<<<<<<<<<<<<  3c3c3c3c3c3c3c3c3c3c3c3c3c3c3c3c
       626  ,,,,,,,,,,,,,,,,  2c2c2c2c2c2c2c2c2c2c2c2c2c2c2c2c
       384  <<<<<<<<<<<<<<<,  3c3c3c3c3c3c3c3c3c3c3c3c3c3c3c2c
       383  ,<<<<<<<<<<<<<<<  2c3c3c3c3c3c3c3c3c3c3c3c3c3c3c3c
       363  <<<<<<<<<<<<<<,<  3c3c3c3c3c3c3c3c3c3c3c3c3c3c2c3c
       363  <<<<<<,<<<<<<<<<  3c3c3c3c3c3c2c3c3c3c3c3c3c3c3c3c
       356  <<<<<<<<<<<<,<<<  3c3c3c3c3c3c3c3c3c3c3c3c2c3c3c3c
       355  <<<<<<<<<<<<<,<<  3c3c3c3c3c3c3c3c3c3c3c3c3c2c3c3c
       355  <<<<<,<<<<<<<<<<  3c3c3c3c3c2c3c3c3c3c3c3c3c3c3c3c
       353  <<<<,<<<<<<<<<<<  3c3c3c3c2c3c3c3c3c3c3c3c3c3c3c3c
# epoch 8400  H=1.8878 C=1.7888 HO=0.0700  A(t)=340
     13996  <<<<<<<<<<<<<<<<  3c3c3c3c3c3c3c3c3c3c3c3c3c3c3c3c
       530  ,,,,,,,,,,,,,,,,  2c2c2c2c2c2c2c2c2c2c2c2c2c2c2c2c
       382  <<<<<<<<<<<<<<<,  3c3c3c3c3c3c3c3c3c3c3c3c3c3c3c2c
       369  <<<<<<<<<<<<<<,<  3c3c3c3c3c3c3c3c3c3c3c3c3c3c2c3c
       362  <<<<<<<,<<<<<<<<  3c3c3c3c3c3c3c2c3c3c3c3c3c3c3c3c
       361  <<<<<<<<<<,<<<<<  3c3c3c3c3c3c3c3c3c3c2c3c3c3c3c3c
       361  ,<<<<<<<<<<<<<<<  2c3c3c3c3c3c3c3c3c3c3c3c3c3c3c3c
       360  <<<,<<<<<<<<<<<<  3c3c3c2c3c3c3c3c3c3c3c3c3c3c3c3c
       358  <<<<<<<<<<<<<,<<  3c3c3c3c3c3c3c3c3c3c3c3c3c2c3c3c
       358  <<<<<<<<,<<<<<<<  3c3c3c3c3c3c3c3c2c3c3c3c3c3c3c3c
# epoch 8450  H=1.8269 C=1.7373 HO=0.0555  A(t)=340
     13798  <<<<<<<<<<<<<<<<  3c3c3c3c3c3c3c3c3c3c3c3c3c3c3c3c
       584  ,,,,,,,,,,,,,,,,  2c2c2c2c2c2c2c2c2c2c2c2c2c2c2c2c
       352  <<<<<<<<<<<<<<<,  3c3c3c3c3c3c3c3c3c3c3c3c3c3c3c2c
       351  <,<<<<<<<<<<<<<<  3c2c3c3c3c3c3c3c3c3c3c3c3c3c3c3c
       346  ,<<<<<<<<<<<<<<<  2c3c3c3c3c3c3c3c3c3c3c3c3c3c3c3c
       340  <<<<<<<<<<<<<<,<  3c3c3c3c3c3c3c3c3c3c3c3c3c3c2c3c
       339  <<<,<<<<<<<<<<<<  3c3c3c2c3c3c3c3c3c3c3c3c3c3c3c3c
       339  <<,<<<<<<<<<<<<<  3c3c2c3c3c3c3c3c3c3c3c3c3c3c3c3c
       334  <<<<,<<<<<<<<<<<  3c3c3c3c2c3c3c3c3c3c3c3c3c3c3c3c
       333  <<<<<<<<<<<,<<<<  3c3c3c3c3c3c3c3c3c3c3c2c3c3c3c3c
# epoch 8500  H=1.8237 C=1.7181 HO=0.0892  A(t)=340
     14953  <<<<<<<<<<<<<<<<  3c3c3c3c3c3c3c3c3c3c3c3c3c3c3c3c
       445  ,,,,,,,,,,,,,,,,  2c2c2c2c2c2c2c2c2c2c2c2c2c2c2c2c
       421  <<<<<<<<<<<<<<<,  3c3c3c3c3c3c3c3c3c3c3c3c3c3c3c2c
       392  ,<<<<<<<<<<<<<<<  2c3c3c3c3c3c3c3c3c3c3c3c3c3c3c3c
       391  <<<<<<<<,<<<<<<<  3c3c3c3c3c3c3c3c2c3c3c3c3c3c3c3c
       388  <<<<<<<<<<<<<<,<  3c3c3c3c3c3c3c3c3c3c3c3c3c3c2c3c
       386  <<<<<<<<<<<<<,<<  3c3c3c3c3c3c3c3c3c3c3c3c3c2c3c3c
       382  <<<<<<<,<<<<<<<<  3c3c3c3c3c3c3c2c3c3c3c3c3c3c3c3c
       380  <<<<<<<<<,<<<<<<  3c3c3c3c3c3c3c3c3c2c3c3c3c3c3c3c
       379  <<<<<<<<<<<<,<<<  3c3c3c3c3c3c3c3c3c3c3c3c2c3c3c3c
# epoch 8550  H=1.8991 C=1.7915 HO=0.0871  A(t)=340
     13816  <<<<<<<<<<<<<<<<  3c3c3c3c3c3c3c3c3c3c3c3c3c3c3c3c
       823  ,,,,,,,,,,,,,,,,  2c2c2c2c2c2c2c2c2c2c2c2c2c2c2c2c
       391  <<<<<<<<<<<<<<<,  3c3c3c3c3c3c3c3c3c3c3c3c3c3c3c2c
       369  <<<<<<<<<<<<<<,<  3c3c3c3c3c3c3c3c3c3c3c3c3c3c2c3c
       365  ,<<<<<<<<<<<<<<<  2c3c3c3c3c3c3c3c3c3c3c3c3c3c3c3c
       360  <<<<<<<<<<<<<,<<  3c3c3c3c3c3c3c3c3c3c3c3c3c2c3c3c
       359  <,<<<<<<<<<<<<<<  3c2c3c3c3c3c3c3c3c3c3c3c3c3c3c3c
       351  <<,<<<<<<<<<<<<<  3c3c2c3c3c3c3c3c3c3c3c3c3c3c3c3c
       350  <<<<<<<<<<<<,<<<  3c3c3c3c3c3c3c3c3c3c3c3c2c3c3c3c
       346  <<<<,<<<<<<<<<<<  3c3c3c3c2c3c3c3c3c3c3c3c3c3c3c3c
# epoch 8600  H=1.9317 C=1.8146 HO=0.1045  A(t)=340
     14485  <<<<<<<<<<<<<<<<  3c3c3c3c3c3c3c3c3c3c3c3c3c3c3c3c
       464  ,,,,,,,,,,,,,,,,  2c2c2c2c2c2c2c2c2c2c2c2c2c2c2c2c
       379  <<<<<<<<<<<<<<<,  3c3c3c3c3c3c3c3c3c3c3c3c3c3c3c2c
       370  <<<<<<<<,<<<<<<<  3c3c3c3c3c3c3c3c2c3c3c3c3c3c3c3c
       368  <<<<<<,<<<<<<<<<  3c3c3c3c3c3c2c3c3c3c3c3c3c3c3c3c
       366  ,<<<<<<<<<<<<<<<  2c3c3c3c3c3c3c3c3c3c3c3c3c3c3c3c
       365  <<<<<<<,<<<<<<<<  3c3c3c3c3c3c3c2c3c3c3c3c3c3c3c3c
       358  <<<<<<<<<<<<<<,<  3c3c3c3c3c3c3c3c3c3c3c3c3c3c2c3c
       356  <<<<<,<<<<<<<<<<  3c3c3c3c3c2c3c3c3c3c3c3c3c3c3c3c
       356  <<<<,<<<<<<<<<<<  3c3c3c3c2c3c3c3c3c3c3c3c3c3c3c3c
# epoch 8650  H=1.8481 C=1.7524 HO=0.0741  A(t)=340
     14600  <<<<<<<<<<<<<<<<  3c3c3c3c3c3c3c3c3c3c3c3c3c3c3c3c
       641  ,,,,,,,,,,,,,,,,  2c2c2c2c2c2c2c2c2c2c2c2c2c2c2c2c
       351  <<<<<<<<<<<<<<<,  3c3c3c3c3c3c3c3c3c3c3c3c3c3c3c2c
       340  <<<<<<<<<<<<<<,<  3c3c3c3c3c3c3c3c3c3c3c3c3c3c2c3c
       335  <<<<<<<<<<,<<<<<  3c3c3c3c3c3c3c3c3c3c2c3c3c3c3c3c
       335  <<<<<<<<,<<<<<<<  3c3c3c3c3c3c3c3c2c3c3c3c3c3c3c3c
       333  <<<<<<<<<<<<<,<<  3c3c3c3c3c3c3c3c3c3c3c3c3c2c3c3c
       333  <<<<<<<<<<<<,<<<  3c3c3c3c3c3c3c3c3c3c3c3c2c3c3c3c
       329  <<<<<<<<<,<<<<<<  3c3c3c3c3c3c3c3c3c2c3c3c3c3c3c3c
       328  <<<<<<<<<<<,<<<<  3c3c3c3c3c3c3c3c3c3c3c2c3c3c3c3c
# epoch 8700  H=1.8132 C=1.7041 HO=0.0899  A(t)=340
     14298  <<<<<<<<<<<<<<<<  3c3c3c3c3c3c3c3c3c3c3c3c3c3c3c3c
      1062  ,,,,,,,,,,,,,,,,  2c2c2c2c2c2c2c2c2c2c2c2c2c2c2c2c
       342  <<<<<<<<<<<<<<<,  3c3c3c3c3c3c3c3c3c3c3c3c3c3c3c2c
       334  ,<<<<<<<<<<<<<<<  2c3c3c3c3c3c3c3c3c3c3c3c3c3c3c3c
       330  <<<<<<<<<<<<<<,<  3c3c3c3c3c3c3c3c3c3c3c3c3c3c2c3c
       323  <<,<<<<<<<<<<<<<  3c3c2c3c3c3c3c3c3c3c3c3c3c3c3c3c
       321  <,<<<<<<<<<<<<<<  3c2c3c3c3c3c3c3c3c3c3c3c3c3c3c3c
       316  <<<<<<<<<<<<<,<<  3c3c3c3c3c3c3c3c3c3c3c3c3c2c3c3c
       315  <<<<,<<<<<<<<<<<  3c3c3c3c2c3c3c3c3c3c3c3c3c3c3c3c
       311  <<<,<<<<<<<<<<<<  3c3c3c2c3c3c3c3c3c3c3c3c3c3c3c3c
# epoch 8750  H=1.7163 C=1.6322 HO=0.0490  A(t)=340
     14807  <<<<<<<<<<<<<<<<  3c3c3c3c3c3c3c3c3c3c3c3c3c3c3c3c
       744  ,,,,,,,,,,,,,,,,  2c2c2c2c2c2c2c2c2c2c2c2c2c2c2c2c
       383  <,<<<<<<<<<<<<<<  3c2c3c3c3c3c3c3c3c3c3c3c3c3c3c3c
       379  <<<<<<<<<<<<<<<,  3c3c3c3c3c3c3c3c3c3c3c3c3c3c3c2c
       375  <<<<<<<<<<<<<<,<  3c3c3c3c3c3c3c3c3c3c3c3c3c3c2c3c
       373  <<,<<<<<<<<<<<<<  3c3c2c3c3c3c3c3c3c3c3c3c3c3c3c3c
       372  ,<<<<<<<<<<<<<<<  2c3c3c3c3c3c3c3c3c3c3c3c3c3c3c3c
       370  <<<<,<<<<<<<<<<<  3c3c3c3c2c3c3c3c3c3c3c3c3c3c3c3c
       364  <<<,<<<<<<<<<<<<  3c3c3c2c3c3c3c3c3c3c3c3c3c3c3c3c
       360  <<<<<<<<<<<<<,<<  3c3c3c3c3c3c3c3c3c3c3c3c3c2c3c3c
# epoch 8800  H=1.6877 C=1.6133 HO=0.0362  A(t)=340
     14763  <<<<<<<<<<<<<<<<  3c3c3c3c3c3c3c3c3c3c3c3c3c3c3c3c
       656  ,,,,,,,,,,,,,,,,  2c2c2c2c2c2c2c2c2c2c2c2c2c2c2c2c
       443  <<<<<<<<<<<<<<<,  3c3c3c3c3c3c3c3c3c3c3c3c3c3c3c2c
       430  ,<<<<<<<<<<<<<<<  2c3c3c3c3c3c3c3c3c3c3c3c3c3c3c3c
       418  <,<<<<<<<<<<<<<<  3c2c3c3c3c3c3c3c3c3c3c3c3c3c3c3c
       406  <<,<<<<<<<<<<<<<  3c3c2c3c3c3c3c3c3c3c3c3c3c3c3c3c
       404  <<<<<<<<<<<<<<,<  3c3c3c3c3c3c3c3c3c3c3c3c3c3c2c3c
       398  <<<,<<<<<<<<<<<<  3c3c3c2c3c3c3c3c3c3c3c3c3c3c3c3c
       396  <<<<<<<<<<<<,<<<  3c3c3c3c3c3c3c3c3c3c3c3c2c3c3c3c
       389  <<<<<<<<<<<<<,<<  3c3c3c3c3c3c3c3c3c3c3c3c3c2c3c3c
# epoch 8850  H=1.6794 C=1.6284 HO=0.0271  A(t)=340
     15084  <<<<<<<<<<<<<<<<  3c3c3c3c3c3c3c3c3c3c3c3c3c3c3c3c
       698  ,,,,,,,,,,,,,,,,  2c2c2c2c2c2c2c2c2c2c2c2c2c2c2c2c
       449  <<<<<<<<<<<<<<<,  3c3c3c3c3c3c3c3c3c3c3c3c3c3c3c2c
       433  ,<<<<<<<<<<<<<<<  2c3c3c3c3c3c3c3c3c3c3c3c3c3c3c3c
       430  <<<<<<<<<<<<<,<<  3c3c3c3c3c3c3c3c3c3c3c3c3c2c3c3c
       429  <<<<<<<<<<<<<<,<  3c3c3c3c3c3c3c3c3c3c3c3c3c3c2c3c
       423  <<,<<<<<<<<<<<<<  3c3c2c3c3c3c3c3c3c3c3c3c3c3c3c3c
       421  <,<<<<<<<<<<<<<<  3c2c3c3c3c3c3c3c3c3c3c3c3c3c3c3c
       415  <<<,<<<<<<<<<<<<  3c3c3c2c3c3c3c3c3c3c3c3c3c3c3c3c
       410  <<<<<<<,<<<<<<<<  3c3c3c3c3c3c3c2c3c3c3c3c3c3c3c3c
# epoch 8900  H=1.7704 C=1.6989 HO=0.0425  A(t)=340
     15340  <<<<<<<<<<<<<<<<  3c3c3c3c3c3c3c3c3c3c3c3c3c3c3c3c
       640  ,,,,,,,,,,,,,,,,  2c2c2c2c2c2c2c2c2c2c2c2c2c2c2c2c
       439  <<<<<<<<<<<<<<<,  3c3c3c3c3c3c3c3c3c3c3c3c3c3c3c2c
       416  <<<<<<<<<<<<<<,<  3c3c3c3c3c3c3c3c3c3c3c3c3c3c2c3c
       416  ,<<<<<<<<<<<<<<<  2c3c3c3c3c3c3c3c3c3c3c3c3c3c3c3c
       408  <,<<<<<<<<<<<<<<  3c2c3c3c3c3c3c3c3c3c3c3c3c3c3c3c
       404  <<,<<<<<<<<<<<<<  3c3c2c3c3c3c3c3c3c3c3c3c3c3c3c3c
       398  <<<<<<<<<<<<<,<<  3c3c3c3c3c3c3c3c3c3c3c3c3c2c3c3c
       393  <<<<,<<<<<<<<<<<  3c3c3c3c2c3c3c3c3c3c3c3c3c3c3c3c
       390  <<<,<<<<<<<<<<<<  3c3c3c2c3c3c3c3c3c3c3c3c3c3c3c3c
# epoch 8950  H=1.8835 C=1.8159 HO=0.0554  A(t)=340
     14143  <<<<<<<<<<<<<<<<  3c3c3c3c3c3c3c3c3c3c3c3c3c3c3c3c
       397  ,,,,,,,,,,,,,,,,  2c2c2c2c2c2c2c2c2c2c2c2c2c2c2c2c
       361  ,<<<<<<<<<<<<<<<  2c3c3c3c3c3c3c3c3c3c3c3c3c3c3c3c
       350  <<<<<<<<<<<<<<<,  3c3c3c3c3c3c3c3c3c3c3c3c3c3c3c2c
       345  <<<<<<<<<<<<<<,<  3c3c3c3c3c3c3c3c3c3c3c3c3c3c2c3c
       344  <,<<<<<<<<<<<<<<  3c2c3c3c3c3c3c3c3c3c3c3c3c3c3c3c
       332  <<<<<<<<<<<<,<<<  3c3c3c3c3c3c3c3c3c3c3c3c2c3c3c3c
       331  <<,<<<<<<<<<<<<<  3c3c2c3c3c3c3c3c3c3c3c3c3c3c3c3c
       330  <<<<<<<<<<<<<,<<  3c3c3c3c3c3c3c3c3c3c3c3c3c2c3c3c
       325  <<<,<<<<<<<<<<<<  3c3c3c2c3c3c3c3c3c3c3c3c3c3c3c3c
# epoch 9000  H=1.8461 C=1.7545 HO=0.0697  A(t)=340
     15053  <<<<<<<<<<<<<<<<  3c3c3c3c3c3c3c3c3c3c3c3c3c3c3c3c
       951  ,,,,,,,,,,,,,,,,  2c2c2c2c2c2c2c2c2c2c2c2c2c2c2c2c
       394  <<<<<<<<<<<<<<<,  3c3c3c3c3c3c3c3c3c3c3c3c3c3c3c2c
       372  <<<<<<<<<<<<<<,<  3c3c3c3c3c3c3c3c3c3c3c3c3c3c2c3c
       369  ,<<<<<<<<<<<<<<<  2c3c3c3c3c3c3c3c3c3c3c3c3c3c3c3c
       366  <<<<<<<<<<<<<,<<  3c3c3c3c3c3c3c3c3c3c3c3c3c2c3c3c
       358  <<<<<<<,<<<<<<<<  3c3c3c3c3c3c3c2c3c3c3c3c3c3c3c3c
       356  <<<<<<,<<<<<<<<<  3c3c3c3c3c3c2c3c3c3c3c3c3c3c3c3c
       356  <<<<<,<<<<<<<<<<  3c3c3c3c3c2c3c3c3c3c3c3c3c3c3c3c
       355  <<<<<<<<<<,<<<<<  3c3c3c3c3c3c3c3c3c3c2c3c3c3c3c3c
# epoch 9050  H=1.9137 C=1.7867 HO=0.1088  A(t)=340
     15803  <<<<<<<<<<<<<<<<  3c3c3c3c3c3c3c3c3c3c3c3c3c3c3c3c
       664  ,,,,,,,,,,,,,,,,  2c2c2c2c2c2c2c2c2c2c2c2c2c2c2c2c
       366  <<<<<<<<<<<<<<<,  3c3c3c3c3c3c3c3c3c3c3c3c3c3c3c2c
       348  <<<<<<<<<<<<<<,<  3c3c3c3c3c3c3c3c3c3c3c3c3c3c2c3c
       332  ,<<<<<<<<<<<<<<<  2c3c3c3c3c3c3c3c3c3c3c3c3c3c3c3c
       331  <<<<<<<<<<<<<,<<  3c3c3c3c3c3c3c3c3c3c3c3c3c2c3c3c
       326  <<<<<<<<<<<<,<<<  3c3c3c3c3c3c3c3c3c3c3c3c2c3c3c3c
       316  <<<<<,<<<<<<<<<<  3c3c3c3c3c2c3c3c3c3c3c3c3c3c3c3c
       315  <<<<,<<<<<<<<<<<  3c3c3c3c2c3c3c3c3c3c3c3c3c3c3c3c
       315  <<<,<<<<<<<<<<<<  3c3c3c2c3c3c3c3c3c3c3c3c3c3c3c3c
# epoch 9100  H=1.9777 C=1.8253 HO=0.1407  A(t)=340
     14712  <<<<<<<<<<<<<<<<  3c3c3c3c3c3c3c3c3c3c3c3c3c3c3c3c
       509  ,,,,,,,,,,,,,,,,  2c2c2c2c2c2c2c2c2c2c2c2c2c2c2c2c
       387  <<<<<<<<<<<<<<<,  3c3c3c3c3c3c3c3c3c3c3c3c3c3c3c2c
       370  ,<<<<<<<<<<<<<<<  2c3c3c3c3c3c3c3c3c3c3c3c3c3c3c3c
       367  <<<<<<<<<<<<<<,<  3c3c3c3c3c3c3c3c3c3c3c3c3c3c2c3c
       357  <<,<<<<<<<<<<<<<  3c3c2c3c3c3c3c3c3c3c3c3c3c3c3c3c
       356  <<<<<<<<<<<<,<<<  3c3c3c3c3c3c3c3c3c3c3c3c2c3c3c3c
       353  <<<,<<<<<<<<<<<<  3c3c3c2c3c3c3c3c3c3c3c3c3c3c3c3c
       353  <,<<<<<<<<<<<<<<  3c2c3c3c3c3c3c3c3c3c3c3c3c3c3c3c
       352  <<<<<<<<<<<<<,<<  3c3c3c3c3c3c3c3c3c3c3c3c3c2c3c3c
# epoch 9150  H=1.8913 C=1.7601 HO=0.1115  A(t)=340
     16019  <<<<<<<<<<<<<<<<  3c3c3c3c3c3c3c3c3c3c3c3c3c3c3c3c
       496  ,,,,,,,,,,,,,,,,  2c2c2c2c2c2c2c2c2c2c2c2c2c2c2c2c
       404  <<<<<<<<<<<<<<<,  3c3c3c3c3c3c3c3c3c3c3c3c3c3c3c2c
       382  <<<<<<<<<<<<<,<<  3c3c3c3c3c3c3c3c3c3c3c3c3c2c3c3c
       381  <<<<<<<<<<<<<<,<  3c3c3c3c3c3c3c3c3c3c3c3c3c3c2c3c
       376  <<<<<<<,<<<<<<<<  3c3c3c3c3c3c3c2c3c3c3c3c3c3c3c3c
       375  ,<<<<<<<<<<<<<<<  2c3c3c3c3c3c3c3c3c3c3c3c3c3c3c3c
       374  <<<<<<<<<<<<,<<<  3c3c3c3c3c3c3c3c3c3c3c3c2c3c3c3c
       374  <<<<<<<<<<<,<<<<  3c3c3c3c3c3c3c3c3c3c3c2c3c3c3c3c
       374  <<<<<<<<,<<<<<<<  3c3c3c3c3c3c3c3c2c3c3c3c3c3c3c3c
# epoch 9200  H=1.9488 C=1.8009 HO=0.1349  A(t)=340
     16373  <<<<<<<<<<<<<<<<  3c3c3c3c3c3c3c3c3c3c3c3c3c3c3c3c
       659  ,,,,,,,,,,,,,,,,  2c2c2c2c2c2c2c2c2c2c2c2c2c2c2c2c
       344  <<<<<<<<<<<<<<<,  3c3c3c3c3c3c3c3c3c3c3c3c3c3c3c2c
       329  <<<<<<<<<<<<<<,<  3c3c3c3c3c3c3c3c3c3c3c3c3c3c2c3c
       328  <<<<<<<<<<<<<,<<  3c3c3c3c3c3c3c3c3c3c3c3c3c2c3c3c
       324  <<<<<<<<<<<<,<<<  3c3c3c3c3c3c3c3c3c3c3c3c2c3c3c3c
       321  ,<<<<<<<<<<<<<<<  2c3c3c3c3c3c3c3c3c3c3c3c3c3c3c3c
       312  <<<<<<<<<<<,<<<<  3c3c3c3c3c3c3c3c3c3c3c2c3c3c3c3c
       308  <<<<<<<<<,<<<<<<  3c3c3c3c3c3c3c3c3c2c3c3c3c3c3c3c
       304  <<<,<<<<<<<<<<<<  3c3c3c2c3c3c3c3c3c3c3c3c3c3c3c3c
# epoch 9250  H=2.0677 C=1.9014 HO=0.1622  A(t)=340
     14479  <<<<<<<<<<<<<<<<  3c3c3c3c3c3c3c3c3c3c3c3c3c3c3c3c
       692  ,,,,,,,,,,,,,,,,  2c2c2c2c2c2c2c2c2c2c2c2c2c2c2c2c
       331  <<<<<<<<<<<<<<<,  3c3c3c3c3c3c3c3c3c3c3c3c3c3c3c2c
       313  <<<<<<<<<<<<<<,<  3c3c3c3c3c3c3c3c3c3c3c3c3c3c2c3c
       302  ,<<<<<<<<<<<<<<<  2c3c3c3c3c3c3c3c3c3c3c3c3c3c3c3c
       298  <,<<<<<<<<<<<<<<  3c2c3c3c3c3c3c3c3c3c3c3c3c3c3c3c
       291  <<<<<<<<<<<<<,<<  3c3c3c3c3c3c3c3c3c3c3c3c3c2c3c3c
       288  <<,<<<<<<<<<<<<<  3c3c2c3c3c3c3c3c3c3c3c3c3c3c3c3c
       271  <<<<<<<<<<<<,<<<  3c3c3c3c3c3c3c3c3c3c3c3c2c3c3c3c
       271  <<<<<<<<<<<,<<<<  3c3c3c3c3c3c3c3c3c3c3c2c3c3c3c3c
# epoch 9300  H=2.0225 C=1.8978 HO=0.1167  A(t)=340
     13385  <<<<<<<<<<<<<<<<  3c3c3c3c3c3c3c3c3c3c3c3c3c3c3c3c
       833  ,,,,,,,,,,,,,,,,  2c2c2c2c2c2c2c2c2c2c2c2c2c2c2c2c
       320  <<<<<<<<<<<<<<<,  3c3c3c3c3c3c3c3c3c3c3c3c3c3c3c2c
       307  ,<<<<<<<<<<<<<<<  2c3c3c3c3c3c3c3c3c3c3c3c3c3c3c3c
       304  <<<<<<<<<<<<<<,<  3c3c3c3c3c3c3c3c3c3c3c3c3c3c2c3c
       303  <<<<<<<<<<<<<,<<  3c3c3c3c3c3c3c3c3c3c3c3c3c2c3c3c
       296  <,<<<<<<<<<<<<<<  3c2c3c3c3c3c3c3c3c3c3c3c3c3c3c3c
       292  <<,<<<<<<<<<<<<<  3c3c2c3c3c3c3c3c3c3c3c3c3c3c3c3c
       290  <<<<<,<<<<<<<<<<  3c3c3c3c3c2c3c3c3c3c3c3c3c3c3c3c
       288  <<<<<<<<<,<<<<<<  3c3c3c3c3c3c3c3c3c2c3c3c3c3c3c3c
# epoch 9350  H=2.0314 C=1.9122 HO=0.1195  A(t)=340
     13276  <<<<<<<<<<<<<<<<  3c3c3c3c3c3c3c3c3c3c3c3c3c3c3c3c
       403  ,,,,,,,,,,,,,,,,  2c2c2c2c2c2c2c2c2c2c2c2c2c2c2c2c
       379  <<<<<<<<<<<<<<<,  3c3c3c3c3c3c3c3c3c3c3c3c3c3c3c2c
       367  <<<<<<<<<<<<<<,<  3c3c3c3c3c3c3c3c3c3c3c3c3c3c2c3c
       360  <<<<<<<<<<<<<,<<  3c3c3c3c3c3c3c3c3c3c3c3c3c2c3c3c
       339  <<<<<<<<<<<<,<<<  3c3c3c3c3c3c3c3c3c3c3c3c2c3c3c3c
       338  <<<<,<<<<<<<<<<<  3c3c3c3c2c3c3c3c3c3c3c3c3c3c3c3c
       337  ,<<<<<<<<<<<<<<<  2c3c3c3c3c3c3c3c3c3c3c3c3c3c3c3c
       336  <<<<<<,<<<<<<<<<  3c3c3c3c3c3c2c3c3c3c3c3c3c3c3c3c
       336  <<<,<<<<<<<<<<<<  3c3c3c2c3c3c3c3c3c3c3c3c3c3c3c3c
# epoch 9400  H=2.0740 C=1.9208 HO=0.1476  A(t)=340
     11258  <<<<<<<<<<<<<<<<  3c3c3c3c3c3c3c3c3c3c3c3c3c3c3c3c
       733  ,,,,,,,,,,,,,,,,  2c2c2c2c2c2c2c2c2c2c2c2c2c2c2c2c
       325  <<<<<<<<<<<<<<<,  3c3c3c3c3c3c3c3c3c3c3c3c3c3c3c2c
       301  <<<<<<<<<<<<<,<<  3c3c3c3c3c3c3c3c3c3c3c3c3c2c3c3c
       299  <<<<<<<<<<<<,<<<  3c3c3c3c3c3c3c3c3c3c3c3c2c3c3c3c
       297  <<<<<<<<<<<<<<,<  3c3c3c3c3c3c3c3c3c3c3c3c3c3c2c3c
       292  <<<<<<<<<<<,<<<<  3c3c3c3c3c3c3c3c3c3c3c2c3c3c3c3c
       291  ,<<<<<<<<<<<<<<<  2c3c3c3c3c3c3c3c3c3c3c3c3c3c3c3c
       290  <<<<<,<<<<<<<<<<  3c3c3c3c3c2c3c3c3c3c3c3c3c3c3c3c
       286  <<<<<<<,<<<<<<<<  3c3c3c3c3c3c3c2c3c3c3c3c3c3c3c3c
# epoch 9450  H=1.9760 C=1.8578 HO=0.0998  A(t)=340
     12019  <<<<<<<<<<<<<<<<  3c3c3c3c3c3c3c3c3c3c3c3c3c3c3c3c
       533  ,,,,,,,,,,,,,,,,  2c2c2c2c2c2c2c2c2c2c2c2c2c2c2c2c
       383  <<<<<<<<<<<<<<<,  3c3c3c3c3c3c3c3c3c3c3c3c3c3c3c2c
       379  ,<<<<<<<<<<<<<<<  2c3c3c3c3c3c3c3c3c3c3c3c3c3c3c3c
       369  <<<<,<<<<<<<<<<<  3c3c3c3c2c3c3c3c3c3c3c3c3c3c3c3c
       366  <,<<<<<<<<<<<<<<  3c2c3c3c3c3c3c3c3c3c3c3c3c3c3c3c
       364  <<<<<<<<<<<<<<,<  3c3c3c3c3c3c3c3c3c3c3c3c3c3c2c3c
       356  <<<<<,<<<<<<<<<<  3c3c3c3c3c2c3c3c3c3c3c3c3c3c3c3c
       354  <<,<<<<<<<<<<<<<  3c3c2c3c3c3c3c3c3c3c3c3c3c3c3c3c
       351  <<<<<<<<<<<<<,<<  3c3c3c3c3c3c3c3c3c3c3c3c3c2c3c3c
# epoch 9500  H=2.0178 C=1.8575 HO=0.1434  A(t)=340
     12911  <<<<<<<<<<<<<<<<  3c3c3c3c3c3c3c3c3c3c3c3c3c3c3c3c
       863  ,,,,,,,,,,,,,,,,  2c2c2c2c2c2c2c2c2c2c2c2c2c2c2c2c
       361  <<<<<<<<<<<<<<<,  3c3c3c3c3c3c3c3c3c3c3c3c3c3c3c2c
       348  ,<<<<<<<<<<<<<<<  2c3c3c3c3c3c3c3c3c3c3c3c3c3c3c3c
       347  <<<<<<<<<<<<<<,<  3c3c3c3c3c3c3c3c3c3c3c3c3c3c2c3c
       337  <<<<<<<<<<<<<,<<  3c3c3c3c3c3c3c3c3c3c3c3c3c2c3c3c
       332  <<,<<<<<<<<<<<<<  3c3c2c3c3c3c3c3c3c3c3c3c3c3c3c3c
       327  <,<<<<<<<<<<<<<<  3c2c3c3c3c3c3c3c3c3c3c3c3c3c3c3c
       322  <<<<<<<<<<<<,<<<  3c3c3c3c3c3c3c3c3c3c3c3c2c3c3c3c
       317  <<<,<<<<<<<<<<<<  3c3c3c2c3c3c3c3c3c3c3c3c3c3c3c3c
# epoch 9550  H=1.9980 C=1.8910 HO=0.0876  A(t)=340
     12153  <<<<<<<<<<<<<<<<  3c3c3c3c3c3c3c3c3c3c3c3c3c3c3c3c
       535  ,,,,,,,,,,,,,,,,  2c2c2c2c2c2c2c2c2c2c2c2c2c2c2c2c
       336  <<<<<<<<<<<<<<<,  3c3c3c3c3c3c3c3c3c3c3c3c3c3c3c2c
       330  <<<<<<<<<<<<<<,<  3c3c3c3c3c3c3c3c3c3c3c3c3c3c2c3c
       321  <<<<<<<<<<<<<,<<  3c3c3c3c3c3c3c3c3c3c3c3c3c2c3c3c
       313  <<<<<<<<<<<<,<<<  3c3c3c3c3c3c3c3c3c3c3c3c2c3c3c3c
       313  ,<<<<<<<<<<<<<<<  2c3c3c3c3c3c3c3c3c3c3c3c3c3c3c3c
       308  <<,<<<<<<<<<<<<<  3c3c2c3c3c3c3c3c3c3c3c3c3c3c3c3c
       307  <<<<<<<<<<,<<<<<  3c3c3c3c3c3c3c3c3c3c2c3c3c3c3c3c
       303  <<<<<<<<<,<<<<<<  3c3c3c3c3c3c3c3c3c2c3c3c3c3c3c3c
# epoch 9600  H=1.8667 C=1.7650 HO=0.0795  A(t)=340
     13907  <<<<<<<<<<<<<<<<  3c3c3c3c3c3c3c3c3c3c3c3c3c3c3c3c
       537  ,,,,,,,,,,,,,,,,  2c2c2c2c2c2c2c2c2c2c2c2c2c2c2c2c
       369  <<<<<<<<<<<<<<<,  3c3c3c3c3c3c3c3c3c3c3c3c3c3c3c2c
       363  ,<<<<<<<<<<<<<<<  2c3c3c3c3c3c3c3c3c3c3c3c3c3c3c3c
       353  <<<<<<<<<<<<<<,<  3c3c3c3c3c3c3c3c3c3c3c3c3c3c2c3c
       349  <,<<<<<<<<<<<<<<  3c2c3c3c3c3c3c3c3c3c3c3c3c3c3c3c
       337  <<,<<<<<<<<<<<<<  3c3c2c3c3c3c3c3c3c3c3c3c3c3c3c3c
       335  <<<<<<<<<<<<<,<<  3c3c3c3c3c3c3c3c3c3c3c3c3c2c3c3c
       335  <<<<<<,<<<<<<<<<  3c3c3c3c3c3c2c3c3c3c3c3c3c3c3c3c
       333  <<<<<<<,<<<<<<<<  3c3c3c3c3c3c3c2c3c3c3c3c3c3c3c3c
# epoch 9650  H=1.8274 C=1.7548 HO=0.0561  A(t)=340
     13888  <<<<<<<<<<<<<<<<  3c3c3c3c3c3c3c3c3c3c3c3c3c3c3c3c
       474  ,,,,,,,,,,,,,,,,  2c2c2c2c2c2c2c2c2c2c2c2c2c2c2c2c
       387  <<<<<<<<<<<<<<<,  3c3c3c3c3c3c3c3c3c3c3c3c3c3c3c2c
       379  <<<<<<<<<<<<<<,<  3c3c3c3c3c3c3c3c3c3c3c3c3c3c2c3c
       368  ,<<<<<<<<<<<<<<<  2c3c3c3c3c3c3c3c3c3c3c3c3c3c3c3c
       364  <,<<<<<<<<<<<<<<  3c2c3c3c3c3c3c3c3c3c3c3c3c3c3c3c
       360  <<<<<<<<<<<<<,<<  3c3c3c3c3c3c3c3c3c3c3c3c3c2c3c3c
       358  <<<<<<<<<<<,<<<<  3c3c3c3c3c3c3c3c3c3c3c2c3c3c3c3c
       356  <<,<<<<<<<<<<<<<  3c3c2c3c3c3c3c3c3c3c3c3c3c3c3c3c
       355  <<<<<<<<<<,<<<<<  3c3c3c3c3c3c3c3c3c3c2c3c3c3c3c3c
# epoch 9700  H=1.7984 C=1.7273 HO=0.0546  A(t)=340
     15590  <<<<<<<<<<<<<<<<  3c3c3c3c3c3c3c3c3c3c3c3c3c3c3c3c
       445  ,,,,,,,,,,,,,,,,  2c2c2c2c2c2c2c2c2c2c2c2c2c2c2c2c
       392  <<<<<<<<<<<<<<<,  3c3c3c3c3c3c3c3c3c3c3c3c3c3c3c2c
       385  <<<<<<<<<<<<<<,<  3c3c3c3c3c3c3c3c3c3c3c3c3c3c2c3c
       383  ,<<<<<<<<<<<<<<<  2c3c3c3c3c3c3c3c3c3c3c3c3c3c3c3c
       382  <,<<<<<<<<<<<<<<  3c2c3c3c3c3c3c3c3c3c3c3c3c3c3c3c
       380  <<,<<<<<<<<<<<<<  3c3c2c3c3c3c3c3c3c3c3c3c3c3c3c3c
       374  <<<,<<<<<<<<<<<<  3c3c3c2c3c3c3c3c3c3c3c3c3c3c3c3c
       368  <<<<<<<<<<<<<,<<  3c3c3c3c3c3c3c3c3c3c3c3c3c2c3c3c
       362  <<<<<<<<<<<<,<<<  3c3c3c3c3c3c3c3c3c3c3c3c2c3c3c3c
# epoch 9750  H=1.9019 C=1.8344 HO=0.0486  A(t)=340
     14755  <<<<<<<<<<<<<<<<  3c3c3c3c3c3c3c3c3c3c3c3c3c3c3c3c
       402  ,,,,,,,,,,,,,,,,  2c2c2c2c2c2c2c2c2c2c2c2c2c2c2c2c
       370  <<<<<<<<<<<<<<<,  3c3c3c3c3c3c3c3c3c3c3c3c3c3c3c2c
       353  <<<<<<<<<<<<<<,<  3c3c3c3c3c3c3c3c3c3c3c3c3c3c2c3c
       346  ,<<<<<<<<<<<<<<<  2c3c3c3c3c3c3c3c3c3c3c3c3c3c3c3c
       341  <<<<<<<<,<<<<<<<  3c3c3c3c3c3c3c3c2c3c3c3c3c3c3c3c
       335  <<<<<<<<<<<<<,<<  3c3c3c3c3c3c3c3c3c3c3c3c3c2c3c3c
       335  <<<<<<<<<,<<<<<<  3c3c3c3c3c3c3c3c3c2c3c3c3c3c3c3c
       334  <<<<<<<<<<<<,<<<  3c3c3c3c3c3c3c3c3c3c3c3c2c3c3c3c
       333  <<<<<<<,<<<<<<<<  3c3c3c3c3c3c3c2c3c3c3c3c3c3c3c3c
# epoch 9800  H=1.9784 C=1.9031 HO=0.0615  A(t)=340
     13055  <<<<<<<<<<<<<<<<  3c3c3c3c3c3c3c3c3c3c3c3c3c3c3c3c
       379  ,,,,,,,,,,,,,,,,  2c2c2c2c2c2c2c2c2c2c2c2c2c2c2c2c
       324  ,<<<<<<<<<<<<<<<  2c3c3c3c3c3c3c3c3c3c3c3c3c3c3c3c
       319  <<<<<<<<<<<<<<<,  3c3c3c3c3c3c3c3c3c3c3c3c3c3c3c2c
       304  <<<<<,<<<<<<<<<<  3c3c3c3c3c2c3c3c3c3c3c3c3c3c3c3c
       304  <<,<<<<<<<<<<<<<  3c3c2c3c3c3c3c3c3c3c3c3c3c3c3c3c
       304  <,<<<<<<<<<<<<<<  3c2c3c3c3c3c3c3c3c3c3c3c3c3c3c3c
       303  <<<<<<,<<<<<<<<<  3c3c3c3c3c3c2c3c3c3c3c3c3c3c3c3c
       301  <<<<<<<<<<<<<<,<  3c3c3c3c3c3c3c3c3c3c3c3c3c3c2c3c
       297  <<<<,<<<<<<<<<<<  3c3c3c3c2c3c3c3c3c3c3c3c3c3c3c3c
# epoch 9850  H=2.0073 C=1.8717 HO=0.1150  A(t)=340
     13724  <<<<<<<<<<<<<<<<  3c3c3c3c3c3c3c3c3c3c3c3c3c3c3c3c
       851  ,,,,,,,,,,,,,,,,  2c2c2c2c2c2c2c2c2c2c2c2c2c2c2c2c
       343  <<<<<<<<<<<<<<<,  3c3c3c3c3c3c3c3c3c3c3c3c3c3c3c2c
       332  ,<<<<<<<<<<<<<<<  2c3c3c3c3c3c3c3c3c3c3c3c3c3c3c3c
       329  <<<<<<<<<<<<<<,<  3c3c3c3c3c3c3c3c3c3c3c3c3c3c2c3c
       326  <,<<<<<<<<<<<<<<  3c2c3c3c3c3c3c3c3c3c3c3c3c3c3c3c
       323  <<<<<<,<<<<<<<<<  3c3c3c3c3c3c2c3c3c3c3c3c3c3c3c3c
       323  <<<<,<<<<<<<<<<<  3c3c3c3c2c3c3c3c3c3c3c3c3c3c3c3c
       317  <<<<<,<<<<<<<<<<  3c3c3c3c3c2c3c3c3c3c3c3c3c3c3c3c
       313  <<<,<<<<<<<<<<<<  3c3c3c2c3c3c3c3c3c3c3c3c3c3c3c3c
# epoch 9900  H=1.9843 C=1.9028 HO=0.0674  A(t)=340
     12431  <<<<<<<<<<<<<<<<  3c3c3c3c3c3c3c3c3c3c3c3c3c3c3c3c
       751  ,,,,,,,,,,,,,,,,  2c2c2c2c2c2c2c2c2c2c2c2c2c2c2c2c
       371  <<<<<<<<<<<<<<<,  3c3c3c3c3c3c3c3c3c3c3c3c3c3c3c2c
       357  <<<<<<<<<<<<<<,<  3c3c3c3c3c3c3c3c3c3c3c3c3c3c2c3c
       357  <<<<<<<<,<<<<<<<  3c3c3c3c3c3c3c3c2c3c3c3c3c3c3c3c
       356  <<<<<<<,<<<<<<<<  3c3c3c3c3c3c3c2c3c3c3c3c3c3c3c3c
       356  <<<<<<,<<<<<<<<<  3c3c3c3c3c3c2c3c3c3c3c3c3c3c3c3c
       355  ,<<<<<<<<<<<<<<<  2c3c3c3c3c3c3c3c3c3c3c3c3c3c3c3c
       353  <<<<<<<<<<<,<<<<  3c3c3c3c3c3c3c3c3c3c3c2c3c3c3c3c
       352  <<<<<,<<<<<<<<<<  3c3c3c3c3c2c3c3c3c3c3c3c3c3c3c3c
# epoch 9950  H=2.0113 C=1.8704 HO=0.1365  A(t)=340
     12487  <<<<<<<<<<<<<<<<  3c3c3c3c3c3c3c3c3c3c3c3c3c3c3c3c
       658  ,,,,,,,,,,,,,,,,  2c2c2c2c2c2c2c2c2c2c2c2c2c2c2c2c
       336  <<<<<<<<<<<<<<<,  3c3c3c3c3c3c3c3c3c3c3c3c3c3c3c2c
       331  <<<<<<<<<<<<<<,<  3c3c3c3c3c3c3c3c3c3c3c3c3c3c2c3c
       323  ,<<<<<<<<<<<<<<<  2c3c3c3c3c3c3c3c3c3c3c3c3c3c3c3c
       322  <<<<<<<<<<<<<,<<  3c3c3c3c3c3c3c3c3c3c3c3c3c2c3c3c
       317  <<<<<<<<<,<<<<<<  3c3c3c3c3c3c3c3c3c2c3c3c3c3c3c3c
       317  <<<<<<<<,<<<<<<<  3c3c3c3c3c3c3c3c2c3c3c3c3c3c3c3c
       316  <<<<<<<<<<<<,<<<  3c3c3c3c3c3c3c3c3c3c3c3c2c3c3c3c
       316  <<<<<<<,<<<<<<<<  3c3c3c3c3c3c3c2c3c3c3c3c3c3c3c3c
# epoch 10000  H=1.9798 C=1.7646 HO=0.2012  A(t)=340
     12752  <<<<<<<<<<<<<<<<  3c3c3c3c3c3c3c3c3c3c3c3c3c3c3c3c
      1159  ,,,,,,,,,,,,,,,,  2c2c2c2c2c2c2c2c2c2c2c2c2c2c2c2c
       350  <<<<<<<<<<<<<<<,  3c3c3c3c3c3c3c3c3c3c3c3c3c3c3c2c
       330  ,<<<<<<<<<<<<<<<  2c3c3c3c3c3c3c3c3c3c3c3c3c3c3c3c
       329  <<<<<<<<<<<<<<,<  3c3c3c3c3c3c3c3c3c3c3c3c3c3c2c3c
       318  <<<<<<<<<<<<<,<<  3c3c3c3c3c3c3c3c3c3c3c3c3c2c3c3c
       317  <<,<<<<<<<<<<<<<  3c3c2c3c3c3c3c3c3c3c3c3c3c3c3c3c
       316  <,<<<<<<<<<<<<<<  3c2c3c3c3c3c3c3c3c3c3c3c3c3c3c3c
       311  <<<<<<<<<,<<<<<<  3c3c3c3c3c3c3c3c3c2c3c3c3c3c3c3c
       309  <<<<<<<,<<<<<<<<  3c3c3c3c3c3c3c2c3c3c3c3c3c3c3c3c
# epoch 10050  H=1.8731 C=1.7429 HO=0.1135  A(t)=340
     13691  <<<<<<<<<<<<<<<<  3c3c3c3c3c3c3c3c3c3c3c3c3c3c3c3c
       838  ,,,,,,,,,,,,,,,,  2c2c2c2c2c2c2c2c2c2c2c2c2c2c2c2c
       354  <<<<<<<<<<<<<<<,  3c3c3c3c3c3c3c3c3c3c3c3c3c3c3c2c
       342  <<<<<<<<<<<<<<,<  3c3c3c3c3c3c3c3c3c3c3c3c3c3c2c3c
       339  ,<<<<<<<<<<<<<<<  2c3c3c3c3c3c3c3c3c3c3c3c3c3c3c3c
       335  <<<<<<<<<<<<<,<<  3c3c3c3c3c3c3c3c3c3c3c3c3c2c3c3c
       329  <<<<<<<<<<<,<<<<  3c3c3c3c3c3c3c3c3c3c3c2c3c3c3c3c
       328  <<<<<<<<<,<<<<<<  3c3c3c3c3c3c3c3c3c2c3c3c3c3c3c3c
       327  <<<<<<<<<<,<<<<<  3c3c3c3c3c3c3c3c3c3c2c3c3c3c3c3c
       325  <<<<<<<<<<<<,<<<  3c3c3c3c3c3c3c3c3c3c3c3c2c3c3c3c
# epoch 10100  H=1.9786 C=1.8599 HO=0.1058  A(t)=340
     12665  <<<<<<<<<<<<<<<<  3c3c3c3c3c3c3c3c3c3c3c3c3c3c3c3c
       646  ,,,,,,,,,,,,,,,,  2c2c2c2c2c2c2c2c2c2c2c2c2c2c2c2c
       336  <<<<<<<<<<<<<<<,  3c3c3c3c3c3c3c3c3c3c3c3c3c3c3c2c
       331  ,<<<<<<<<<<<<<<<  2c3c3c3c3c3c3c3c3c3c3c3c3c3c3c3c
       323  <<<<<<,<<<<<<<<<  3c3c3c3c3c3c2c3c3c3c3c3c3c3c3c3c
       320  <<<,<<<<<<<<<<<<  3c3c3c2c3c3c3c3c3c3c3c3c3c3c3c3c
       318  <,<<<<<<<<<<<<<<  3c2c3c3c3c3c3c3c3c3c3c3c3c3c3c3c
       317  <<<<<,<<<<<<<<<<  3c3c3c3c3c2c3c3c3c3c3c3c3c3c3c3c
       316  <<<<<<<<<<<<<<,<  3c3c3c3c3c3c3c3c3c3c3c3c3c3c2c3c
       316  <<,<<<<<<<<<<<<<  3c3c2c3c3c3c3c3c3c3c3c3c3c3c3c3c
# epoch 10150  H=2.0775 C=1.9421 HO=0.1224  A(t)=340
     12105  <<<<<<<<<<<<<<<<  3c3c3c3c3c3c3c3c3c3c3c3c3c3c3c3c
       669  ,,,,,,,,,,,,,,,,  2c2c2c2c2c2c2c2c2c2c2c2c2c2c2c2c
       311  <<<<<<<<<<<<<<<,  3c3c3c3c3c3c3c3c3c3c3c3c3c3c3c2c
       300  <<<<<<<<<<<<<<,<  3c3c3c3c3c3c3c3c3c3c3c3c3c3c2c3c
       291  ,<<<<<<<<<<<<<<<  2c3c3c3c3c3c3c3c3c3c3c3c3c3c3c3c
       283  <,<<<<<<<<<<<<<<  3c2c3c3c3c3c3c3c3c3c3c3c3c3c3c3c
       281  <<<<<<<<<<<<<,<<  3c3c3c3c3c3c3c3c3c3c3c3c3c2c3c3c
       279  <<,<<<<<<<<<<<<<  3c3c2c3c3c3c3c3c3c3c3c3c3c3c3c3c
       276  <<<<<<,<<<<<<<<<  3c3c3c3c3c3c2c3c3c3c3c3c3c3c3c3c
       270  <<<<<,<<<<<<<<<<  3c3c3c3c3c2c3c3c3c3c3c3c3c3c3c3c
# epoch 10200  H=2.0082 C=1.9064 HO=0.0961  A(t)=340
     13027  <<<<<<<<<<<<<<<<  3c3c3c3c3c3c3c3c3c3c3c3c3c3c3c3c
       575  ,,,,,,,,,,,,,,,,  2c2c2c2c2c2c2c2c2c2c2c2c2c2c2c2c
       351  <<<<<<<<<<<<<<<,  3c3c3c3c3c3c3c3c3c3c3c3c3c3c3c2c
       335  ,<<<<<<<<<<<<<<<  2c3c3c3c3c3c3c3c3c3c3c3c3c3c3c3c
       325  <<<<<<<<<<<<<<,<  3c3c3c3c3c3c3c3c3c3c3c3c3c3c2c3c
       318  <<<<<<<<<<<<<,<<  3c3c3c3c3c3c3c3c3c3c3c3c3c2c3c3c
       310  <,<<<<<<<<<<<<<<  3c2c3c3c3c3c3c3c3c3c3c3c3c3c3c3c
       306  <<<<<<<<<<<<,<<<  3c3c3c3c3c3c3c3c3c3c3c3c2c3c3c3c
       294  <<,<<<<<<<<<<<<<  3c3c2c3c3c3c3c3c3c3c3c3c3c3c3c3c
       283  <<<,<<<<<<<<<<<<  3c3c3c2c3c3c3c3c3c3c3c3c3c3c3c3c
# epoch 10250  H=2.0039 C=1.9163 HO=0.0862  A(t)=340
     13274  <<<<<<<<<<<<<<<<  3c3c3c3c3c3c3c3c3c3c3c3c3c3c3c3c
       455  ,,,,,,,,,,,,,,,,  2c2c2c2c2c2c2c2c2c2c2c2c2c2c2c2c
       341  <<<<<<<<<<<<<<<,  3c3c3c3c3c3c3c3c3c3c3c3c3c3c3c2c
       321  <<<<<<<<<<<<<<,<  3c3c3c3c3c3c3c3c3c3c3c3c3c3c2c3c
       317  <<<,<<<<<<<<<<<<  3c3c3c2c3c3c3c3c3c3c3c3c3c3c3c3c
       315  ,<<<<<<<<<<<<<<<  2c3c3c3c3c3c3c3c3c3c3c3c3c3c3c3c
       310  <<<<,<<<<<<<<<<<  3c3c3c3c2c3c3c3c3c3c3c3c3c3c3c3c
       308  <<<<<<<<<<<<<,<<  3c3c3c3c3c3c3c3c3c3c3c3c3c2c3c3c
       307  <<<<<<<<<<<<,<<<  3c3c3c3c3c3c3c3c3c3c3c3c2c3c3c3c
       307  <<<<<<<<<<,<<<<<  3c3c3c3c3c3c3c3c3c3c2c3c3c3c3c3c
# epoch 10300  H=2.1490 C=2.0002 HO=0.1482  A(t)=340
     13312  <<<<<<<<<<<<<<<<  3c3c3c3c3c3c3c3c3c3c3c3c3c3c3c3c
       517  ,,,,,,,,,,,,,,,,  2c2c2c2c2c2c2c2c2c2c2c2c2c2c2c2c
       310  <<<<<<<<<<<<<<<,  3c3c3c3c3c3c3c3c3c3c3c3c3c3c3c2c
       295  ,<<<<<<<<<<<<<<<  2c3c3c3c3c3c3c3c3c3c3c3c3c3c3c3c
       286  <,<<<<<<<<<<<<<<  3c2c3c3c3c3c3c3c3c3c3c3c3c3c3c3c
       285  <<<<,<<<<<<<<<<<  3c3c3c3c2c3c3c3c3c3c3c3c3c3c3c3c
       282  <<<<<<<<<<<<<<,<  3c3c3c3c3c3c3c3c3c3c3c3c3c3c2c3c
       281  <<,<<<<<<<<<<<<<  3c3c2c3c3c3c3c3c3c3c3c3c3c3c3c3c
       277  <<<<<<<<<<<<<,<<  3c3c3c3c3c3c3c3c3c3c3c3c3c2c3c3c
       277  <<<,<<<<<<<<<<<<  3c3c3c2c3c3c3c3c3c3c3c3c3c3c3c3c
# epoch 10350  H=2.2513 C=2.0791 HO=0.1725  A(t)=340
     11959  <<<<<<<<<<<<<<<<  3c3c3c3c3c3c3c3c3c3c3c3c3c3c3c3c
       743  ,,,,,,,,,,,,,,,,  2c2c2c2c2c2c2c2c2c2c2c2c2c2c2c2c
       322  <<<<<<<<<<<<<<<,  3c3c3c3c3c3c3c3c3c3c3c3c3c3c3c2c
       312  <<<<<<<<<<<<<<,<  3c3c3c3c3c3c3c3c3c3c3c3c3c3c2c3c
       305  <<<<<<<<<,<<<<<<  3c3c3c3c3c3c3c3c3c2c3c3c3c3c3c3c
       303  <<<<<<<<<<,<<<<<  3c3c3c3c3c3c3c3c3c3c2c3c3c3c3c3c
       298  <<<<<<<<<<<<<,<<  3c3c3c3c3c3c3c3c3c3c3c3c3c2c3c3c
       297  <<<<<<<<<<<<,<<<  3c3c3c3c3c3c3c3c3c3c3c3c2c3c3c3c
       294  ,<<<<<<<<<<<<<<<  2c3c3c3c3c3c3c3c3c3c3c3c3c3c3c3c
       293  <<<<,<<<<<<<<<<<  3c3c3c3c2c3c3c3c3c3c3c3c3c3c3c3c
# epoch 10400  H=2.2993 C=2.0469 HO=0.2539  A(t)=340
     12037  <<<<<<<<<<<<<<<<  3c3c3c3c3c3c3c3c3c3c3c3c3c3c3c3c
      1112  ,,,,,,,,,,,,,,,,  2c2c2c2c2c2c2c2c2c2c2c2c2c2c2c2c
       328  <<<<<<<<<<<<<<<,  3c3c3c3c3c3c3c3c3c3c3c3c3c3c3c2c
       306  ,<<<<<<<<<<<<<<<  2c3c3c3c3c3c3c3c3c3c3c3c3c3c3c3c
       305  <<<<<<<<,<<<<<<<  3c3c3c3c3c3c3c3c2c3c3c3c3c3c3c3c
       303  <<<<<<<<<<<<<<,<  3c3c3c3c3c3c3c3c3c3c3c3c3c3c2c3c
       302  <<<<<<<<<<<<,<<<  3c3c3c3c3c3c3c3c3c3c3c3c2c3c3c3c
       300  <<<<<<<,<<<<<<<<  3c3c3c3c3c3c3c2c3c3c3c3c3c3c3c3c
       299  <<<<<<<<<,<<<<<<  3c3c3c3c3c3c3c3c3c2c3c3c3c3c3c3c
       297  <<<<<<<<<<<<<,<<  3c3c3c3c3c3c3c3c3c3c3c3c3c2c3c3c
# epoch 10450  H=2.1589 C=1.9977 HO=0.1500  A(t)=340
     12821  <<<<<<<<<<<<<<<<  3c3c3c3c3c3c3c3c3c3c3c3c3c3c3c3c
       363  <<<<<<<<<<<<<<<,  3c3c3c3c3c3c3c3c3c3c3c3c3c3c3c2c
       360  ,<<<<<<<<<<<<<<<  2c3c3c3c3c3c3c3c3c3c3c3c3c3c3c3c
       338  <<<<<<<<<<<<<<,<  3c3c3c3c3c3c3c3c3c3c3c3c3c3c2c3c
       335  <,<<<<<<<<<<<<<<  3c2c3c3c3c3c3c3c3c3c3c3c3c3c3c3c
       335  ,,,,,,,,,,,,,,,,  2c2c2c2c2c2c2c2c2c2c2c2c2c2c2c2c
       325  <<<<<<<<<<<<<,<<  3c3c3c3c3c3c3c3c3c3c3c3c3c2c3c3c
       325  <<,<<<<<<<<<<<<<  3c3c2c3c3c3c3c3c3c3c3c3c3c3c3c3c
       317  <<<<<<<<<<<<,<<<  3c3c3c3c3c3c3c3c3c3c3c3c2c3c3c3c
       314  <<<<<<<<<<<,<<<<  3c3c3c3c3c3c3c3c3c3c3c2c3c3c3c3c
# epoch 10500  H=2.1807 C=1.9893 HO=0.2001  A(t)=340
     12249  <<<<<<<<<<<<<<<<  3c3c3c3c3c3c3c3c3c3c3c3c3c3c3c3c
       866  ,,,,,,,,,,,,,,,,  2c2c2c2c2c2c2c2c2c2c2c2c2c2c2c2c
       344  <<<<<<<<<<<<<<<,  3c3c3c3c3c3c3c3c3c3c3c3c3c3c3c2c
       336  <<<<<<<<<<<<<<,<  3c3c3c3c3c3c3c3c3c3c3c3c3c3c2c3c
       336  <<<<<<<<<<<<<,<<  3c3c3c3c3c3c3c3c3c3c3c3c3c2c3c3c
       330  ,<<<<<<<<<<<<<<<  2c3c3c3c3c3c3c3c3c3c3c3c3c3c3c3c
       327  <<<<<<<<<<<<,<<<  3c3c3c3c3c3c3c3c3c3c3c3c2c3c3c3c
       315  <,<<<<<<<<<<<<<<  3c2c3c3c3c3c3c3c3c3c3c3c3c3c3c3c
       314  <<<<<<<<<<<,<<<<  3c3c3c3c3c3c3c3c3c3c3c2c3c3c3c3c
       312  <<<<<<<<<<,<<<<<  3c3c3c3c3c3c3c3c3c3c2c3c3c3c3c3c
# epoch 10550  H=2.0940 C=1.9728 HO=0.1185  A(t)=340
     13891  <<<<<<<<<<<<<<<<  3c3c3c3c3c3c3c3c3c3c3c3c3c3c3c3c
       367  ,,,,,,,,,,,,,,,,  2c2c2c2c2c2c2c2c2c2c2c2c2c2c2c2c
       339  <<<<<<<<<<<<<<<,  3c3c3c3c3c3c3c3c3c3c3c3c3c3c3c2c
       324  <<<<<<<<<<<<<<,<  3c3c3c3c3c3c3c3c3c3c3c3c3c3c2c3c
       316  ,<<<<<<<<<<<<<<<  2c3c3c3c3c3c3c3c3c3c3c3c3c3c3c3c
       309  <<<<<<<<<<<<<,<<  3c3c3c3c3c3c3c3c3c3c3c3c3c2c3c3c
       309  <<<<<<<<,<<<<<<<  3c3c3c3c3c3c3c3c2c3c3c3c3c3c3c3c
       304  <<<<<<<<<,<<<<<<  3c3c3c3c3c3c3c3c3c2c3c3c3c3c3c3c
       304  <<<<<<,<<<<<<<<<  3c3c3c3c3c3c2c3c3c3c3c3c3c3c3c3c
       304  <<<<<,<<<<<<<<<<  3c3c3c3c3c2c3c3c3c3c3c3c3c3c3c3c
# epoch 10600  H=2.0308 C=1.9178 HO=0.1059  A(t)=340
     13490  <<<<<<<<<<<<<<<<  3c3c3c3c3c3c3c3c3c3c3c3c3c3c3c3c
       620  ,,,,,,,,,,,,,,,,  2c2c2c2c2c2c2c2c2c2c2c2c2c2c2c2c
       354  <<<<<<<<<<<<<<<,  3c3c3c3c3c3c3c3c3c3c3c3c3c3c3c2c
       353  <<<<<<<<<<<<<<,<  3c3c3c3c3c3c3c3c3c3c3c3c3c3c2c3c
       340  ,<<<<<<<<<<<<<<<  2c3c3c3c3c3c3c3c3c3c3c3c3c3c3c3c
       339  <,<<<<<<<<<<<<<<  3c2c3c3c3c3c3c3c3c3c3c3c3c3c3c3c
       332  <<<<<<<<<<<<<,<<  3c3c3c3c3c3c3c3c3c3c3c3c3c2c3c3c
       324  <<,<<<<<<<<<<<<<  3c3c2c3c3c3c3c3c3c3c3c3c3c3c3c3c
       323  <<<<<<<<<<<,<<<<  3c3c3c3c3c3c3c3c3c3c3c2c3c3c3c3c
       322  <<<<<<<<<<<<,<<<  3c3c3c3c3c3c3c3c3c3c3c3c2c3c3c3c
# epoch 10650  H=1.8523 C=1.8213 HO=0.0104  A(t)=340
     14353  <<<<<<<<<<<<<<<<  3c3c3c3c3c3c3c3c3c3c3c3c3c3c3c3c
       533  ,,,,,,,,,,,,,,,,  2c2c2c2c2c2c2c2c2c2c2c2c2c2c2c2c
       373  <<<<<<<<<<<<<<<,  3c3c3c3c3c3c3c3c3c3c3c3c3c3c3c2c
       369  ,<<<<<<<<<<<<<<<  2c3c3c3c3c3c3c3c3c3c3c3c3c3c3c3c
       364  <<<<<<<<<<<<<<,<  3c3c3c3c3c3c3c3c3c3c3c3c3c3c2c3c
       358  <,<<<<<<<<<<<<<<  3c2c3c3c3c3c3c3c3c3c3c3c3c3c3c3c
       348  <<,<<<<<<<<<<<<<  3c3c2c3c3c3c3c3c3c3c3c3c3c3c3c3c
       344  <<<<<<<<<<<<<,<<  3c3c3c3c3c3c3c3c3c3c3c3c3c2c3c3c
       340  <<<<<<<,<<<<<<<<  3c3c3c3c3c3c3c2c3c3c3c3c3c3c3c3c
       336  <<<<<<<<<<<<,<<<  3c3c3c3c3c3c3c3c3c3c3c3c2c3c3c3c
# epoch 10700  H=1.9368 C=1.8608 HO=0.0630  A(t)=340
     14060  <<<<<<<<<<<<<<<<  3c3c3c3c3c3c3c3c3c3c3c3c3c3c3c3c
       588  ,,,,,,,,,,,,,,,,  2c2c2c2c2c2c2c2c2c2c2c2c2c2c2c2c
       331  <<<<<<<<<<<<<<<,  3c3c3c3c3c3c3c3c3c3c3c3c3c3c3c2c
       319  <<<<<<<<<<<<<<,<  3c3c3c3c3c3c3c3c3c3c3c3c3c3c2c3c
       319  ,<<<<<<<<<<<<<<<  2c3c3c3c3c3c3c3c3c3c3c3c3c3c3c3c
       315  <<<<<<<<<<<<,<<<  3c3c3c3c3c3c3c3c3c3c3c3c2c3c3c3c
       314  <<<<<<<<,<<<<<<<  3c3c3c3c3c3c3c3c2c3c3c3c3c3c3c3c
       313  <<<<<<<,<<<<<<<<  3c3c3c3c3c3c3c2c3c3c3c3c3c3c3c3c
       309  <<<<<<<<<<<<<,<<  3c3c3c3c3c3c3c3c3c3c3c3c3c2c3c3c
       309  <<<<<<<<<<<,<<<<  3c3c3c3c3c3c3c3c3c3c3c2c3c3c3c3c
# epoch 10750  H=1.9440 C=1.9117 HO=0.0207  A(t)=340
     13057  <<<<<<<<<<<<<<<<  3c3c3c3c3c3c3c3c3c3c3c3c3c3c3c3c
       524  ,,,,,,,,,,,,,,,,  2c2c2c2c2c2c2c2c2c2c2c2c2c2c2c2c
       325  <<<<<<<<<<<<<<<,  3c3c3c3c3c3c3c3c3c3c3c3c3c3c3c2c
       311  <<<<<<<<<<<<<<,<  3c3c3c3c3c3c3c3c3c3c3c3c3c3c2c3c
       311  ,<<<<<<<<<<<<<<<  2c3c3c3c3c3c3c3c3c3c3c3c3c3c3c3c
       299  <<<<<<<<<<<<<,<<  3c3c3c3c3c3c3c3c3c3c3c3c3c2c3c3c
       296  <,<<<<<<<<<<<<<<  3c2c3c3c3c3c3c3c3c3c3c3c3c3c3c3c
       293  <<,<<<<<<<<<<<<<  3c3c2c3c3c3c3c3c3c3c3c3c3c3c3c3c
       290  <<<<<<<<<<<<,<<<  3c3c3c3c3c3c3c3c3c3c3c3c2c3c3c3c
       287  <<<<<<<<,<<<<<<<  3c3c3c3c3c3c3c3c2c3c3c3c3c3c3c3c
# epoch 10800  H=2.0123 C=1.9608 HO=0.0283  A(t)=340
     12342  <<<<<<<<<<<<<<<<  3c3c3c3c3c3c3c3c3c3c3c3c3c3c3c3c
       378  ,,,,,,,,,,,,,,,,  2c2c2c2c2c2c2c2c2c2c2c2c2c2c2c2c
       358  <<<<<<<<<<<<<<<,  3c3c3c3c3c3c3c3c3c3c3c3c3c3c3c2c
       330  <<<<<<<<<<<<<<,<  3c3c3c3c3c3c3c3c3c3c3c3c3c3c2c3c
       322  <<<<<<<<<<<<<,<<  3c3c3c3c3c3c3c3c3c3c3c3c3c2c3c3c
       319  ,<<<<<<<<<<<<<<<  2c3c3c3c3c3c3c3c3c3c3c3c3c3c3c3c
       314  <<<<<<<<<<<<,<<<  3c3c3c3c3c3c3c3c3c3c3c3c2c3c3c3c
       307  <<<<<<<<<<<,<<<<  3c3c3c3c3c3c3c3c3c3c3c2c3c3c3c3c
       297  <<<<<<<<<<,<<<<<  3c3c3c3c3c3c3c3c3c3c2c3c3c3c3c3c
       297  <<<<<<<<,<<<<<<<  3c3c3c3c3c3c3c3c2c3c3c3c3c3c3c3c
# epoch 10850  H=2.0139 C=1.9395 HO=0.0488  A(t)=340
     12844  <<<<<<<<<<<<<<<<  3c3c3c3c3c3c3c3c3c3c3c3c3c3c3c3c
       686  ,,,,,,,,,,,,,,,,  2c2c2c2c2c2c2c2c2c2c2c2c2c2c2c2c
       359  <<<<<<<<<<<<<<<,  3c3c3c3c3c3c3c3c3c3c3c3c3c3c3c2c
       348  <<<<<<<<<<<<<<,<  3c3c3c3c3c3c3c3c3c3c3c3c3c3c2c3c
       342  ,<<<<<<<<<<<<<<<  2c3c3c3c3c3c3c3c3c3c3c3c3c3c3c3c
       340  <<<<<<<<<<<<<,<<  3c3c3c3c3c3c3c3c3c3c3c3c3c2c3c3c
       326  <<<<<<<<<<<<,<<<  3c3c3c3c3c3c3c3c3c3c3c3c2c3c3c3c
       324  <,<<<<<<<<<<<<<<  3c2c3c3c3c3c3c3c3c3c3c3c3c3c3c3c
       317  <<,<<<<<<<<<<<<<  3c3c2c3c3c3c3c3c3c3c3c3c3c3c3c3c
       314  <<<<<<<<<<<,<<<<  3c3c3c3c3c3c3c3c3c3c3c2c3c3c3c3c
# epoch 10900  H=1.8608 C=1.8011 HO=0.0324  A(t)=340
     14462  <<<<<<<<<<<<<<<<  3c3c3c3c3c3c3c3c3c3c3c3c3c3c3c3c
       907  ,,,,,,,,,,,,,,,,  2c2c2c2c2c2c2c2c2c2c2c2c2c2c2c2c
       378  <<<<<<<<<<<<<<<,  3c3c3c3c3c3c3c3c3c3c3c3c3c3c3c2c
       363  ,<<<<<<<<<<<<<<<  2c3c3c3c3c3c3c3c3c3c3c3c3c3c3c3c
       354  <<<<<<<<<<<<<<,<  3c3c3c3c3c3c3c3c3c3c3c3c3c3c2c3c
       345  <,<<<<<<<<<<<<<<  3c2c3c3c3c3c3c3c3c3c3c3c3c3c3c3c
       344  <<<<<<<<<<<<,<<<  3c3c3c3c3c3c3c3c3c3c3c3c2c3c3c3c
       341  <<<<<<<<<<<<<,<<  3c3c3c3c3c3c3c3c3c3c3c3c3c2c3c3c
       330  <<<,<<<<<<<<<<<<  3c3c3c2c3c3c3c3c3c3c3c3c3c3c3c3c
       329  <<<<<<,<<<<<<<<<  3c3c3c3c3c3c2c3c3c3c3c3c3c3c3c3c
# epoch 10950  H=2.0161 C=1.9064 HO=0.0872  A(t)=340
     12564  <<<<<<<<<<<<<<<<  3c3c3c3c3c3c3c3c3c3c3c3c3c3c3c3c
       764  ,,,,,,,,,,,,,,,,  2c2c2c2c2c2c2c2c2c2c2c2c2c2c2c2c
       317  <<<<<<<<<<<<<<<,  3c3c3c3c3c3c3c3c3c3c3c3c3c3c3c2c
       307  <<<<<<<<<<<<<<,<  3c3c3c3c3c3c3c3c3c3c3c3c3c3c2c3c
       306  ,<<<<<<<<<<<<<<<  2c3c3c3c3c3c3c3c3c3c3c3c3c3c3c3c
       301  <,<<<<<<<<<<<<<<  3c2c3c3c3c3c3c3c3c3c3c3c3c3c3c3c
       299  <<<<<<<,<<<<<<<<  3c3c3c3c3c3c3c2c3c3c3c3c3c3c3c3c
       296  <<<<<<<<<<<<<,<<  3c3c3c3c3c3c3c3c3c3c3c3c3c2c3c3c
       296  <<<<<<,<<<<<<<<<  3c3c3c3c3c3c2c3c3c3c3c3c3c3c3c3c
       291  <<<<<<<<,<<<<<<<  3c3c3c3c3c3c3c3c2c3c3c3c3c3c3c3c
# epoch 11000  H=1.9877 C=1.9020 HO=0.0596  A(t)=340
     12618  <<<<<<<<<<<<<<<<  3c3c3c3c3c3c3c3c3c3c3c3c3c3c3c3c
       749  ,,,,,,,,,,,,,,,,  2c2c2c2c2c2c2c2c2c2c2c2c2c2c2c2c
       343  <<<<<<<<<<<<<<<,  3c3c3c3c3c3c3c3c3c3c3c3c3c3c3c2c
       332  ,<<<<<<<<<<<<<<<  2c3c3c3c3c3c3c3c3c3c3c3c3c3c3c3c
       321  <<<<<<<<<<<<<<,<  3c3c3c3c3c3c3c3c3c3c3c3c3c3c2c3c
       319  <<,<<<<<<<<<<<<<  3c3c2c3c3c3c3c3c3c3c3c3c3c3c3c3c
       318  <,<<<<<<<<<<<<<<  3c2c3c3c3c3c3c3c3c3c3c3c3c3c3c3c
       314  <<<<<<<<<<<<<,<<  3c3c3c3c3c3c3c3c3c3c3c3c3c2c3c3c
       314  <<<,<<<<<<<<<<<<  3c3c3c2c3c3c3c3c3c3c3c3c3c3c3c3c
       305  <<<<<<<<<<<<,<<<  3c3c3c3c3c3c3c3c3c3c3c3c2c3c3c3c
# epoch 11050  H=1.8994 C=1.8582 HO=0.0205  A(t)=340
     13319  <<<<<<<<<<<<<<<<  3c3c3c3c3c3c3c3c3c3c3c3c3c3c3c3c
       605  ,,,,,,,,,,,,,,,,  2c2c2c2c2c2c2c2c2c2c2c2c2c2c2c2c
       346  <<<<<<<<<<<<<<<,  3c3c3c3c3c3c3c3c3c3c3c3c3c3c3c2c
       336  <<<<<<<<<<<<<<,<  3c3c3c3c3c3c3c3c3c3c3c3c3c3c2c3c
       335  <<<<<<<<<,<<<<<<  3c3c3c3c3c3c3c3c3c2c3c3c3c3c3c3c
       332  <<<<<<<<<<,<<<<<  3c3c3c3c3c3c3c3c3c3c2c3c3c3c3c3c
       330  <<<<<<<<,<<<<<<<  3c3c3c3c3c3c3c3c2c3c3c3c3c3c3c3c
       330  ,<<<<<<<<<<<<<<<  2c3c3c3c3c3c3c3c3c3c3c3c3c3c3c3c
       329  <<<<<<<<<<<<<,<<  3c3c3c3c3c3c3c3c3c3c3c3c3c2c3c3c
       325  <<<<<<<<<<<<,<<<  3c3c3c3c3c3c3c3c3c3c3c3c2c3c3c3c
# epoch 11100  H=1.9327 C=1.9208 HO=-0.0063  A(t)=340
     13656  <<<<<<<<<<<<<<<<  3c3c3c3c3c3c3c3c3c3c3c3c3c3c3c3c
       356  <<<<<<<<<<<<<<<,  3c3c3c3c3c3c3c3c3c3c3c3c3c3c3c2c
       337  ,<<<<<<<<<<<<<<<  2c3c3c3c3c3c3c3c3c3c3c3c3c3c3c3c
       335  <<<<<<<<<<<<<<,<  3c3c3c3c3c3c3c3c3c3c3c3c3c3c2c3c
       328  <,<<<<<<<<<<<<<<  3c2c3c3c3c3c3c3c3c3c3c3c3c3c3c3c
       326  <<<,<<<<<<<<<<<<  3c3c3c2c3c3c3c3c3c3c3c3c3c3c3c3c
       322  <<,<<<<<<<<<<<<<  3c3c2c3c3c3c3c3c3c3c3c3c3c3c3c3c
       321  <<<<<,<<<<<<<<<<  3c3c3c3c3c2c3c3c3c3c3c3c3c3c3c3c
       320  <<<<,<<<<<<<<<<<  3c3c3c3c2c3c3c3c3c3c3c3c3c3c3c3c
       315  <<<<<<<<<<<<<,<<  3c3c3c3c3c3c3c3c3c3c3c3c3c2c3c3c
# epoch 11150  H=2.0328 C=1.9558 HO=0.0654  A(t)=340
     12709  <<<<<<<<<<<<<<<<  3c3c3c3c3c3c3c3c3c3c3c3c3c3c3c3c
       335  ,,,,,,,,,,,,,,,,  2c2c2c2c2c2c2c2c2c2c2c2c2c2c2c2c
       322  <<<<<<<<<<<<<<<,  3c3c3c3c3c3c3c3c3c3c3c3c3c3c3c2c
       308  <<<<<<<<<<<<<<,<  3c3c3c3c3c3c3c3c3c3c3c3c3c3c2c3c
       296  ,<<<<<<<<<<<<<<<  2c3c3c3c3c3c3c3c3c3c3c3c3c3c3c3c
       292  <,<<<<<<<<<<<<<<  3c2c3c3c3c3c3c3c3c3c3c3c3c3c3c3c
       283  <<<<<<<<<<<<<,<<  3c3c3c3c3c3c3c3c3c3c3c3c3c2c3c3c
       283  <<<<<<<<<<<<,<<<  3c3c3c3c3c3c3c3c3c3c3c3c2c3c3c3c
       279  <<,<<<<<<<<<<<<<  3c3c2c3c3c3c3c3c3c3c3c3c3c3c3c3c
       272  <<<,<<<<<<<<<<<<  3c3c3c2c3c3c3c3c3c3c3c3c3c3c3c3c
# epoch 11200  H=2.2002 C=2.1073 HO=0.0783  A(t)=340
     10845  <<<<<<<<<<<<<<<<  3c3c3c3c3c3c3c3c3c3c3c3c3c3c3c3c
       607  ,,,,,,,,,,,,,,,,  2c2c2c2c2c2c2c2c2c2c2c2c2c2c2c2c
       263  <<<<<<<<<<<<<<,<  3c3c3c3c3c3c3c3c3c3c3c3c3c3c2c3c
       260  <<<<<<<<<<<<<<<,  3c3c3c3c3c3c3c3c3c3c3c3c3c3c3c2c
       252  <<<<<<<<<<<<<,<<  3c3c3c3c3c3c3c3c3c3c3c3c3c2c3c3c
       242  <<<<<<<<<<<<,<<<  3c3c3c3c3c3c3c3c3c3c3c3c2c3c3c3c
       242  <<<<<<<<<<<,<<<<  3c3c3c3c3c3c3c3c3c3c3c2c3c3c3c3c
       242  <<<<,<<<<<<<<<<<  3c3c3c3c2c3c3c3c3c3c3c3c3c3c3c3c
       240  <<,<<<<<<<<<<<<<  3c3c2c3c3c3c3c3c3c3c3c3c3c3c3c3c
       234  <<<<<<<<<<,<<<<<  3c3c3c3c3c3c3c3c3c3c2c3c3c3c3c3c
# epoch 11250  H=2.1232 C=2.0627 HO=0.0639  A(t)=340
     11858  <<<<<<<<<<<<<<<<  3c3c3c3c3c3c3c3c3c3c3c3c3c3c3c3c
       379  ,,,,,,,,,,,,,,,,  2c2c2c2c2c2c2c2c2c2c2c2c2c2c2c2c
       333  <<<<<<<<<<<<<<<,  3c3c3c3c3c3c3c3c3c3c3c3c3c3c3c2c
       319  <<<<<<<<<<<<<<,<  3c3c3c3c3c3c3c3c3c3c3c3c3c3c2c3c
       303  <<<<<<<<<<<<<,<<  3c3c3c3c3c3c3c3c3c3c3c3c3c2c3c3c
       298  ,<<<<<<<<<<<<<<<  2c3c3c3c3c3c3c3c3c3c3c3c3c3c3c3c
       295  <<<<<<<<<<<<,<<<  3c3c3c3c3c3c3c3c3c3c3c3c2c3c3c3c
       292  <<<<<<<<<<<,<<<<  3c3c3c3c3c3c3c3c3c3c3c2c3c3c3c3c
       287  <,<<<<<<<<<<<<<<  3c2c3c3c3c3c3c3c3c3c3c3c3c3c3c3c
       282  <<,<<<<<<<<<<<<<  3c3c2c3c3c3c3c3c3c3c3c3c3c3c3c3c
# epoch 11300  H=2.1108 C=2.0466 HO=0.0550  A(t)=340
     12417  <<<<<<<<<<<<<<<<  3c3c3c3c3c3c3c3c3c3c3c3c3c3c3c3c
       358  ,,,,,,,,,,,,,,,,  2c2c2c2c2c2c2c2c2c2c2c2c2c2c2c2c
       275  <<<<<<<<<<<<<<<,  3c3c3c3c3c3c3c3c3c3c3c3c3c3c3c2c
       269  ,<<<<<<<<<<<<<<<  2c3c3c3c3c3c3c3c3c3c3c3c3c3c3c3c
       264  <<<<<<<<<<<,<<<<  3c3c3c3c3c3c3c3c3c3c3c2c3c3c3c3c
       264  <,<<<<<<<<<<<<<<  3c2c3c3c3c3c3c3c3c3c3c3c3c3c3c3c
       260  <<,<<<<<<<<<<<<<  3c3c2c3c3c3c3c3c3c3c3c3c3c3c3c3c
       258  <<<<<<<<<<<<,<<<  3c3c3c3c3c3c3c3c3c3c3c3c2c3c3c3c
       258  <<<<<<<<<<,<<<<<  3c3c3c3c3c3c3c3c3c3c2c3c3c3c3c3c
       257  <<<<<<<<<<<<<<,<  3c3c3c3c3c3c3c3c3c3c3c3c3c3c2c3c
# epoch 11350  H=2.2392 C=2.0857 HO=0.1494  A(t)=340
     11122  <<<<<<<<<<<<<<<<  3c3c3c3c3c3c3c3c3c3c3c3c3c3c3c3c
       607  ,,,,,,,,,,,,,,,,  2c2c2c2c2c2c2c2c2c2c2c2c2c2c2c2c
       295  <<<<<<<<<<<<<,<<  3c3c3c3c3c3c3c3c3c3c3c3c3c2c3c3c
       294  <<<<<<<<<<<<<<<,  3c3c3c3c3c3c3c3c3c3c3c3c3c3c3c2c
       293  <<<<<<<<<<,<<<<<  3c3c3c3c3c3c3c3c3c3c2c3c3c3c3c3c
       291  <<<<<<<<<<<<,<<<  3c3c3c3c3c3c3c3c3c3c3c3c2c3c3c3c
       290  <<<<<<<<<<<<<<,<  3c3c3c3c3c3c3c3c3c3c3c3c3c3c2c3c
       288  <<<<<<<<<<<,<<<<  3c3c3c3c3c3c3c3c3c3c3c2c3c3c3c3c
       288  <<<<<<<<<,<<<<<<  3c3c3c3c3c3c3c3c3c2c3c3c3c3c3c3c
       284  <<,<<<<<<<<<<<<<  3c3c2c3c3c3c3c3c3c3c3c3c3c3c3c3c
# epoch 11400  H=2.1428 C=2.0444 HO=0.0874  A(t)=340
     13317  <<<<<<<<<<<<<<<<  3c3c3c3c3c3c3c3c3c3c3c3c3c3c3c3c
       494  ,,,,,,,,,,,,,,,,  2c2c2c2c2c2c2c2c2c2c2c2c2c2c2c2c
       320  <<<<<<<<<<<<<<<,  3c3c3c3c3c3c3c3c3c3c3c3c3c3c3c2c
       300  <<<<<<<<<<<<<<,<  3c3c3c3c3c3c3c3c3c3c3c3c3c3c2c3c
       297  <<<<<<<<<<<<<,<<  3c3c3c3c3c3c3c3c3c3c3c3c3c2c3c3c
       287  <<<<<<<<<<<<,<<<  3c3c3c3c3c3c3c3c3c3c3c3c2c3c3c3c
       279  <<<<<<<<<<<,<<<<  3c3c3c3c3c3c3c3c3c3c3c2c3c3c3c3c
       276  ,<<<<<<<<<<<<<<<  2c3c3c3c3c3c3c3c3c3c3c3c3c3c3c3c
       274  <<<<<<,<<<<<<<<<  3c3c3c3c3c3c2c3c3c3c3c3c3c3c3c3c
       273  <<<<<,<<<<<<<<<<  3c3c3c3c3c2c3c3c3c3c3c3c3c3c3c3c
# epoch 11450  H=2.1865 C=2.1071 HO=0.0881  A(t)=340
     12603  <<<<<<<<<<<<<<<<  3c3c3c3c3c3c3c3c3c3c3c3c3c3c3c3c
       510  ,,,,,,,,,,,,,,,,  2c2c2c2c2c2c2c2c2c2c2c2c2c2c2c2c
       298  <<<<<<<<<<<<<<<,  3c3c3c3c3c3c3c3c3c3c3c3c3c3c3c2c
       286  ,<<<<<<<<<<<<<<<  2c3c3c3c3c3c3c3c3c3c3c3c3c3c3c3c
       276  <<<<<<<<<<<<<<,<  3c3c3c3c3c3c3c3c3c3c3c3c3c3c2c3c
       272  <<<<,<<<<<<<<<<<  3c3c3c3c2c3c3c3c3c3c3c3c3c3c3c3c
       271  <,<<<<<<<<<<<<<<  3c2c3c3c3c3c3c3c3c3c3c3c3c3c3c3c
       269  <<,<<<<<<<<<<<<<  3c3c2c3c3c3c3c3c3c3c3c3c3c3c3c3c
       267  <<<,<<<<<<<<<<<<  3c3c3c2c3c3c3c3c3c3c3c3c3c3c3c3c
       264  <<<<<<<<,<<<<<<<  3c3c3c3c3c3c3c3c2c3c3c3c3c3c3c3c
# epoch 11500  H=2.3523 C=2.2043 HO=0.1486  A(t)=340
     11391  <<<<<<<<<<<<<<<<  3c3c3c3c3c3c3c3c3c3c3c3c3c3c3c3c
       752  ,,,,,,,,,,,,,,,,  2c2c2c2c2c2c2c2c2c2c2c2c2c2c2c2c
       259  <<<<<<<<<<<<<,<<  3c3c3c3c3c3c3c3c3c3c3c3c3c2c3c3c
       258  <<<<<<<<<<<<<<<,  3c3c3c3c3c3c3c3c3c3c3c3c3c3c3c2c
       254  <<<<<<<<<<<<<<,<  3c3c3c3c3c3c3c3c3c3c3c3c3c3c2c3c
       251  <<,<<<<<<<<<<<<<  3c3c2c3c3c3c3c3c3c3c3c3c3c3c3c3c
       249  <<<<,<<<<<<<<<<<  3c3c3c3c2c3c3c3c3c3c3c3c3c3c3c3c
       244  <<<<<<<<<<<<,<<<  3c3c3c3c3c3c3c3c3c3c3c3c2c3c3c3c
       242  <<<<<<<<<<,<<<<<  3c3c3c3c3c3c3c3c3c3c2c3c3c3c3c3c
       241  <,<<<<<<<<<<<<<<  3c2c3c3c3c3c3c3c3c3c3c3c3c3c3c3c
# epoch 11550  H=2.3030 C=2.1661 HO=0.1394  A(t)=340
     12163  <<<<<<<<<<<<<<<<  3c3c3c3c3c3c3c3c3c3c3c3c3c3c3c3c
       445  ,,,,,,,,,,,,,,,,  2c2c2c2c2c2c2c2c2c2c2c2c2c2c2c2c
       298  <<<<<<<<<<<<<<<,  3c3c3c3c3c3c3c3c3c3c3c3c3c3c3c2c
       280  ,<<<<<<<<<<<<<<<  2c3c3c3c3c3c3c3c3c3c3c3c3c3c3c3c
       275  <<<<<<<<,<<<<<<<  3c3c3c3c3c3c3c3c2c3c3c3c3c3c3c3c
       275  <<<<<<<,<<<<<<<<  3c3c3c3c3c3c3c2c3c3c3c3c3c3c3c3c
       273  <<<<<<,<<<<<<<<<  3c3c3c3c3c3c2c3c3c3c3c3c3c3c3c3c
       272  <<<<<<<<<,<<<<<<  3c3c3c3c3c3c3c3c3c2c3c3c3c3c3c3c
       271  <,<<<<<<<<<<<<<<  3c2c3c3c3c3c3c3c3c3c3c3c3c3c3c3c
       269  <<<<<<<<<<,<<<<<  3c3c3c3c3c3c3c3c3c3c2c3c3c3c3c3c
# epoch 11600  H=2.3459 C=2.1979 HO=0.1483  A(t)=340
     11737  <<<<<<<<<<<<<<<<  3c3c3c3c3c3c3c3c3c3c3c3c3c3c3c3c
       512  ,,,,,,,,,,,,,,,,  2c2c2c2c2c2c2c2c2c2c2c2c2c2c2c2c
       297  <<<<<<<<<<<<<<<,  3c3c3c3c3c3c3c3c3c3c3c3c3c3c3c2c
       294  <<,<<<<<<<<<<<<<  3c3c2c3c3c3c3c3c3c3c3c3c3c3c3c3c
       294  <,<<<<<<<<<<<<<<  3c2c3c3c3c3c3c3c3c3c3c3c3c3c3c3c
       294  ,<<<<<<<<<<<<<<<  2c3c3c3c3c3c3c3c3c3c3c3c3c3c3c3c
       285  <<<<<<<<<<<<<<,<  3c3c3c3c3c3c3c3c3c3c3c3c3c3c2c3c
       283  <<<,<<<<<<<<<<<<  3c3c3c2c3c3c3c3c3c3c3c3c3c3c3c3c
       281  <<<<<<<<<<<<<,<<  3c3c3c3c3c3c3c3c3c3c3c3c3c2c3c3c
       280  <<<<<<<<<<<<,<<<  3c3c3c3c3c3c3c3c3c3c3c3c2c3c3c3c
# epoch 11650  H=2.2807 C=2.1482 HO=0.1288  A(t)=340
     12264  <<<<<<<<<<<<<<<<  3c3c3c3c3c3c3c3c3c3c3c3c3c3c3c3c
       328  <<<<<<<<<<<<<<<,  3c3c3c3c3c3c3c3c3c3c3c3c3c3c3c2c
       318  <<<<<<<<<<<<<<,<  3c3c3c3c3c3c3c3c3c3c3c3c3c3c2c3c
       307  <<<<<<<<<<<<<,<<  3c3c3c3c3c3c3c3c3c3c3c3c3c2c3c3c
       300  <<,<<<<<<<<<<<<<  3c3c2c3c3c3c3c3c3c3c3c3c3c3c3c3c
       297  <<<<<<<<,<<<<<<<  3c3c3c3c3c3c3c3c2c3c3c3c3c3c3c3c
       296  ,<<<<<<<<<<<<<<<  2c3c3c3c3c3c3c3c3c3c3c3c3c3c3c3c
       294  <<<<<<<<<<<<,<<<  3c3c3c3c3c3c3c3c3c3c3c3c2c3c3c3c
       294  <<<<<<<,<<<<<<<<  3c3c3c3c3c3c3c2c3c3c3c3c3c3c3c3c
       292  <<<<<<<<<<<,<<<<  3c3c3c3c3c3c3c3c3c3c3c2c3c3c3c3c
# epoch 11700  H=2.3261 C=2.2084 HO=0.1184  A(t)=340
     11628  <<<<<<<<<<<<<<<<  3c3c3c3c3c3c3c3c3c3c3c3c3c3c3c3c
       323  ,,,,,,,,,,,,,,,,  2c2c2c2c2c2c2c2c2c2c2c2c2c2c2c2c
       305  <<<<<<<<<<<<<<<,  3c3c3c3c3c3c3c3c3c3c3c3c3c3c3c2c
       297  <<<<<<<<<<<<<<,<  3c3c3c3c3c3c3c3c3c3c3c3c3c3c2c3c
       289  <<<<<<<<<<<<<,<<  3c3c3c3c3c3c3c3c3c3c3c3c3c2c3c3c
       289  <<<<<<,<<<<<<<<<  3c3c3c3c3c3c2c3c3c3c3c3c3c3c3c3c
       283  ,<<<<<<<<<<<<<<<  2c3c3c3c3c3c3c3c3c3c3c3c3c3c3c3c
       275  <<<<<<<<<<<<,<<<  3c3c3c3c3c3c3c3c3c3c3c3c2c3c3c3c
       275  <,<<<<<<<<<<<<<<  3c2c3c3c3c3c3c3c3c3c3c3c3c3c3c3c
       271  <<<<<<<<<<<,<<<<  3c3c3c3c3c3c3c3c3c3c3c2c3c3c3c3c
# epoch 11750  H=2.2487 C=2.1600 HO=0.0793  A(t)=340
     11499  <<<<<<<<<<<<<<<<  3c3c3c3c3c3c3c3c3c3c3c3c3c3c3c3c
       603  ,,,,,,,,,,,,,,,,  2c2c2c2c2c2c2c2c2c2c2c2c2c2c2c2c
       305  <<<<<<<<<<<<<<<,  3c3c3c3c3c3c3c3c3c3c3c3c3c3c3c2c
       287  ,<<<<<<<<<<<<<<<  2c3c3c3c3c3c3c3c3c3c3c3c3c3c3c3c
       279  <<<<<<<<<<<<<<,<  3c3c3c3c3c3c3c3c3c3c3c3c3c3c2c3c
       270  <<<<<<<<<<<<<,<<  3c3c3c3c3c3c3c3c3c3c3c3c3c2c3c3c
       264  <<<<<<<<<<<<,<<<  3c3c3c3c3c3c3c3c3c3c3c3c2c3c3c3c
       264  <<<<<<<<<<,<<<<<  3c3c3c3c3c3c3c3c3c3c2c3c3c3c3c3c
       263  <,<<<<<<<<<<<<<<  3c2c3c3c3c3c3c3c3c3c3c3c3c3c3c3c
       261  <<<<<<<<<,<<<<<<  3c3c3c3c3c3c3c3c3c2c3c3c3c3c3c3c
# epoch 11800  H=2.2848 C=2.1577 HO=0.1098  A(t)=340
     10997  <<<<<<<<<<<<<<<<  3c3c3c3c3c3c3c3c3c3c3c3c3c3c3c3c
       618  ,,,,,,,,,,,,,,,,  2c2c2c2c2c2c2c2c2c2c2c2c2c2c2c2c
       267  <<<<<<<<<<<<<<<,  3c3c3c3c3c3c3c3c3c3c3c3c3c3c3c2c
       254  ,<<<<<<<<<<<<<<<  2c3c3c3c3c3c3c3c3c3c3c3c3c3c3c3c
       243  <<<<<<<<<<<<<<,<  3c3c3c3c3c3c3c3c3c3c3c3c3c3c2c3c
       243  <<,<<<<<<<<<<<<<  3c3c2c3c3c3c3c3c3c3c3c3c3c3c3c3c
       243  <,<<<<<<<<<<<<<<  3c2c3c3c3c3c3c3c3c3c3c3c3c3c3c3c
       240  <<<<<<<<,<<<<<<<  3c3c3c3c3c3c3c3c2c3c3c3c3c3c3c3c
       237  <<<<<<,<<<<<<<<<  3c3c3c3c3c3c2c3c3c3c3c3c3c3c3c3c
       236  <<<<<<<<<<<,<<<<  3c3c3c3c3c3c3c3c3c3c3c2c3c3c3c3c
# epoch 11850  H=2.2724 C=2.1459 HO=0.1155  A(t)=340
     11663  <<<<<<<<<<<<<<<<  3c3c3c3c3c3c3c3c3c3c3c3c3c3c3c3c
       456  ,,,,,,,,,,,,,,,,  2c2c2c2c2c2c2c2c2c2c2c2c2c2c2c2c
       305  <<<<<<<<<<<<<<<,  3c3c3c3c3c3c3c3c3c3c3c3c3c3c3c2c
       295  <<<<<<<<<<<<<<,<  3c3c3c3c3c3c3c3c3c3c3c3c3c3c2c3c
       288  ,<<<<<<<<<<<<<<<  2c3c3c3c3c3c3c3c3c3c3c3c3c3c3c3c
       287  <<<<<<<<<<<<<,<<  3c3c3c3c3c3c3c3c3c3c3c3c3c2c3c3c
       273  <<<<<<<<<<<<,<<<  3c3c3c3c3c3c3c3c3c3c3c3c2c3c3c3c
       273  <,<<<<<<<<<<<<<<  3c2c3c3c3c3c3c3c3c3c3c3c3c3c3c3c
       270  <<<<<,<<<<<<<<<<  3c3c3c3c3c2c3c3c3c3c3c3c3c3c3c3c
       270  <<,<<<<<<<<<<<<<  3c3c2c3c3c3c3c3c3c3c3c3c3c3c3c3c
# epoch 11900  H=2.1742 C=2.1367 HO=0.0166  A(t)=340
     11780  <<<<<<<<<<<<<<<<  3c3c3c3c3c3c3c3c3c3c3c3c3c3c3c3c
       346  ,,,,,,,,,,,,,,,,  2c2c2c2c2c2c2c2c2c2c2c2c2c2c2c2c
       344  <<<<<<<<<<<<<<<,  3c3c3c3c3c3c3c3c3c3c3c3c3c3c3c2c
       331  ,<<<<<<<<<<<<<<<  2c3c3c3c3c3c3c3c3c3c3c3c3c3c3c3c
       323  <<<<<<<<<<<<<<,<  3c3c3c3c3c3c3c3c3c3c3c3c3c3c2c3c
       317  <,<<<<<<<<<<<<<<  3c2c3c3c3c3c3c3c3c3c3c3c3c3c3c3c
       310  <<<<<<<<<<<<<,<<  3c3c3c3c3c3c3c3c3c3c3c3c3c2c3c3c
       309  <<,<<<<<<<<<<<<<  3c3c2c3c3c3c3c3c3c3c3c3c3c3c3c3c
       302  <<<<<<<,<<<<<<<<  3c3c3c3c3c3c3c2c3c3c3c3c3c3c3c3c
       300  <<<<<<<<<<<,<<<<  3c3c3c3c3c3c3c3c3c3c3c2c3c3c3c3c
# epoch 11950  H=2.2633 C=2.1500 HO=0.1049  A(t)=340
     12742  <<<<<<<<<<<<<<<<  3c3c3c3c3c3c3c3c3c3c3c3c3c3c3c3c
       549  ,,,,,,,,,,,,,,,,  2c2c2c2c2c2c2c2c2c2c2c2c2c2c2c2c
       325  <<<<<<<<<<<<<<<,  3c3c3c3c3c3c3c3c3c3c3c3c3c3c3c2c
       310  <<<<<<<<<<<<<<,<  3c3c3c3c3c3c3c3c3c3c3c3c3c3c2c3c
       301  ,<<<<<<<<<<<<<<<  2c3c3c3c3c3c3c3c3c3c3c3c3c3c3c3c
       300  <<<<<<,<<<<<<<<<  3c3c3c3c3c3c2c3c3c3c3c3c3c3c3c3c
       298  <<<<<<<<<<<<<,<<  3c3c3c3c3c3c3c3c3c3c3c3c3c2c3c3c
       293  <,<<<<<<<<<<<<<<  3c2c3c3c3c3c3c3c3c3c3c3c3c3c3c3c
       291  <<<<<<<<<<<<,<<<  3c3c3c3c3c3c3c3c3c3c3c3c2c3c3c3c
       289  <<<<<<<<,<<<<<<<  3c3c3c3c3c3c3c3c2c3c3c3c3c3c3c3c
# epoch 12000  H=2.3739 C=2.2465 HO=0.1375  A(t)=340
     12051  <<<<<<<<<<<<<<<<  3c3c3c3c3c3c3c3c3c3c3c3c3c3c3c3c
       429  ,,,,,,,,,,,,,,,,  2c2c2c2c2c2c2c2c2c2c2c2c2c2c2c2c
       309  <<<<<<<<<<<<<<<,  3c3c3c3c3c3c3c3c3c3c3c3c3c3c3c2c
       305  <<<<<,<<<<<<<<<<  3c3c3c3c3c2c3c3c3c3c3c3c3c3c3c3c
       303  <<<<<<<<<<<<<<,<  3c3c3c3c3c3c3c3c3c3c3c3c3c3c2c3c
       302  <<<,<<<<<<<<<<<<  3c3c3c2c3c3c3c3c3c3c3c3c3c3c3c3c
       300  <<<<,<<<<<<<<<<<  3c3c3c3c2c3c3c3c3c3c3c3c3c3c3c3c
       300  <,<<<<<<<<<<<<<<  3c2c3c3c3c3c3c3c3c3c3c3c3c3c3c3c
       299  <<,<<<<<<<<<<<<<  3c3c2c3c3c3c3c3c3c3c3c3c3c3c3c3c
       298  <<<<<<,<<<<<<<<<  3c3c3c3c3c3c2c3c3c3c3c3c3c3c3c3c
# epoch 12050  H=2.4342 C=2.1942 HO=0.2458  A(t)=340
     12973  <<<<<<<<<<<<<<<<  3c3c3c3c3c3c3c3c3c3c3c3c3c3c3c3c
       884  ,,,,,,,,,,,,,,,,  2c2c2c2c2c2c2c2c2c2c2c2c2c2c2c2c
       366  <<<<<<<<<<<<<<<,  3c3c3c3c3c3c3c3c3c3c3c3c3c3c3c2c
       350  ,<<<<<<<<<<<<<<<  2c3c3c3c3c3c3c3c3c3c3c3c3c3c3c3c
       345  <<<<<<<<<<<<<<,<  3c3c3c3c3c3c3c3c3c3c3c3c3c3c2c3c
       326  <,<<<<<<<<<<<<<<  3c2c3c3c3c3c3c3c3c3c3c3c3c3c3c3c
       325  <<<<,<<<<<<<<<<<  3c3c3c3c2c3c3c3c3c3c3c3c3c3c3c3c
       323  <<<<<,<<<<<<<<<<  3c3c3c3c3c2c3c3c3c3c3c3c3c3c3c3c
       322  <<<<<<,<<<<<<<<<  3c3c3c3c3c3c2c3c3c3c3c3c3c3c3c3c
       320  <<<<<<<<<<<<<,<<  3c3c3c3c3c3c3c3c3c3c3c3c3c2c3c3c
# epoch 12100  H=2.4064 C=2.2028 HO=0.2086  A(t)=340
     12605  <<<<<<<<<<<<<<<<  3c3c3c3c3c3c3c3c3c3c3c3c3c3c3c3c
       621  ,,,,,,,,,,,,,,,,  2c2c2c2c2c2c2c2c2c2c2c2c2c2c2c2c
       326  <<<<<<<<<<<<<<<,  3c3c3c3c3c3c3c3c3c3c3c3c3c3c3c2c
       318  <<<<<<<<<<<<<<,<  3c3c3c3c3c3c3c3c3c3c3c3c3c3c2c3c
       317  <<<<<<<<<<<<,<<<  3c3c3c3c3c3c3c3c3c3c3c3c2c3c3c3c
       313  <<<<<<<<<<<,<<<<  3c3c3c3c3c3c3c3c3c3c3c2c3c3c3c3c
       312  <<<<<<<<<<<<<,<<  3c3c3c3c3c3c3c3c3c3c3c3c3c2c3c3c
       305  <<<<<<<<<<,<<<<<  3c3c3c3c3c3c3c3c3c3c2c3c3c3c3c3c
       305  <<<<<<<<<,<<<<<<  3c3c3c3c3c3c3c3c3c2c3c3c3c3c3c3c
       303  <<<<<<<<,<<<<<<<  3c3c3c3c3c3c3c3c2c3c3c3c3c3c3c3c
# epoch 12150  H=2.2746 C=2.1469 HO=0.1390  A(t)=340
     13820  <<<<<<<<<<<<<<<<  3c3c3c3c3c3c3c3c3c3c3c3c3c3c3c3c
       344  ,,,,,,,,,,,,,,,,  2c2c2c2c2c2c2c2c2c2c2c2c2c2c2c2c
       339  <<<<<<<<<<<<<<<,  3c3c3c3c3c3c3c3c3c3c3c3c3c3c3c2c
       318  <<<<<<<<<<<<<<,<  3c3c3c3c3c3c3c3c3c3c3c3c3c3c2c3c
       317  <<<<<<<<<<<<<,<<  3c3c3c3c3c3c3c3c3c3c3c3c3c2c3c3c
       316  ,<<<<<<<<<<<<<<<  2c3c3c3c3c3c3c3c3c3c3c3c3c3c3c3c
       310  <<<<<<<<<<,<<<<<  3c3c3c3c3c3c3c3c3c3c2c3c3c3c3c3c
       307  <,<<<<<<<<<<<<<<  3c2c3c3c3c3c3c3c3c3c3c3c3c3c3c3c
       304  <<<<<<<<<<<,<<<<  3c3c3c3c3c3c3c3c3c3c3c2c3c3c3c3c
       303  <<,<<<<<<<<<<<<<  3c3c2c3c3c3c3c3c3c3c3c3c3c3c3c3c
# epoch 12200  H=2.2670 C=2.0930 HO=0.1674  A(t)=340
     13514  <<<<<<<<<<<<<<<<  3c3c3c3c3c3c3c3c3c3c3c3c3c3c3c3c
       634  ,,,,,,,,,,,,,,,,  2c2c2c2c2c2c2c2c2c2c2c2c2c2c2c2c
       322  <<<<<<<<<<<<<<<,  3c3c3c3c3c3c3c3c3c3c3c3c3c3c3c2c
       309  <<<<<<<<<<<<<<,<  3c3c3c3c3c3c3c3c3c3c3c3c3c3c2c3c
       307  ,<<<<<<<<<<<<<<<  2c3c3c3c3c3c3c3c3c3c3c3c3c3c3c3c
       304  <<<<<<<<<<<<<,<<  3c3c3c3c3c3c3c3c3c3c3c3c3c2c3c3c
       304  <<<<<<<<,<<<<<<<  3c3c3c3c3c3c3c3c2c3c3c3c3c3c3c3c
       303  <<,<<<<<<<<<<<<<  3c3c2c3c3c3c3c3c3c3c3c3c3c3c3c3c
       302  <<<<<<<<<<<<,<<<  3c3c3c3c3c3c3c3c3c3c3c3c2c3c3c3c
       300  <<<<<<<<<,<<<<<<  3c3c3c3c3c3c3c3c3c2c3c3c3c3c3c3c
# epoch 12250  H=2.1160 C=1.9783 HO=0.1307  A(t)=340
     15088  <<<<<<<<<<<<<<<<  3c3c3c3c3c3c3c3c3c3c3c3c3c3c3c3c
       371  ,,,,,,,,,,,,,,,,  2c2c2c2c2c2c2c2c2c2c2c2c2c2c2c2c
       339  <<<<<<<<<<<<<<<,  3c3c3c3c3c3c3c3c3c3c3c3c3c3c3c2c
       325  <<<<<<<<<<<<<<,<  3c3c3c3c3c3c3c3c3c3c3c3c3c3c2c3c
       323  <<<<<<<<<<<<<,<<  3c3c3c3c3c3c3c3c3c3c3c3c3c2c3c3c
       320  <<<<<<<,<<<<<<<<  3c3c3c3c3c3c3c2c3c3c3c3c3c3c3c3c
       315  <<<<<<<<<<,<<<<<  3c3c3c3c3c3c3c3c3c3c2c3c3c3c3c3c
       313  <<<<<<<<,<<<<<<<  3c3c3c3c3c3c3c3c2c3c3c3c3c3c3c3c
       311  <<<<<<<<<<<<,<<<  3c3c3c3c3c3c3c3c3c3c3c3c2c3c3c3c
       310  <<<<<<<<<,<<<<<<  3c3c3c3c3c3c3c3c3c2c3c3c3c3c3c3c
# epoch 12300  H=2.1960 C=2.0149 HO=0.1688  A(t)=340
     13697  <<<<<<<<<<<<<<<<  3c3c3c3c3c3c3c3c3c3c3c3c3c3c3c3c
       643  ,,,,,,,,,,,,,,,,  2c2c2c2c2c2c2c2c2c2c2c2c2c2c2c2c
       302  <<<<<<<<<<<<<<<,  3c3c3c3c3c3c3c3c3c3c3c3c3c3c3c2c
       284  ,<<<<<<<<<<<<<<<  2c3c3c3c3c3c3c3c3c3c3c3c3c3c3c3c
       283  <<<<<<<<<<<<<<,<  3c3c3c3c3c3c3c3c3c3c3c3c3c3c2c3c
       273  <<,<<<<<<<<<<<<<  3c3c2c3c3c3c3c3c3c3c3c3c3c3c3c3c
       271  <,<<<<<<<<<<<<<<  3c2c3c3c3c3c3c3c3c3c3c3c3c3c3c3c
       265  <<<<<,<<<<<<<<<<  3c3c3c3c3c2c3c3c3c3c3c3c3c3c3c3c
       265  <<<,<<<<<<<<<<<<  3c3c3c2c3c3c3c3c3c3c3c3c3c3c3c3c
       264  <<<<,<<<<<<<<<<<  3c3c3c3c2c3c3c3c3c3c3c3c3c3c3c3c
# epoch 12350  H=2.2512 C=2.1073 HO=0.1354  A(t)=340
     12461  <<<<<<<<<<<<<<<<  3c3c3c3c3c3c3c3c3c3c3c3c3c3c3c3c
       302  <<<<<<<<<<<<<<<,  3c3c3c3c3c3c3c3c3c3c3c3c3c3c3c2c
       296  <<<<<<<<<<<<<<,<  3c3c3c3c3c3c3c3c3c3c3c3c3c3c2c3c
       293  ,<<<<<<<<<<<<<<<  2c3c3c3c3c3c3c3c3c3c3c3c3c3c3c3c
       285  <<<,<<<<<<<<<<<<  3c3c3c2c3c3c3c3c3c3c3c3c3c3c3c3c
       284  <<,<<<<<<<<<<<<<  3c3c2c3c3c3c3c3c3c3c3c3c3c3c3c3c
       281  <<<<,<<<<<<<<<<<  3c3c3c3c2c3c3c3c3c3c3c3c3c3c3c3c
       279  <,<<<<<<<<<<<<<<  3c2c3c3c3c3c3c3c3c3c3c3c3c3c3c3c
       276  <<<<<<<<<<<<<,<<  3c3c3c3c3c3c3c3c3c3c3c3c3c2c3c3c
       272  <<<<<<<<<<<<,<<<  3c3c3c3c3c3c3c3c3c3c3c3c2c3c3c3c
# epoch 12400  H=2.1977 C=2.0304 HO=0.1611  A(t)=340
     13733  <<<<<<<<<<<<<<<<  3c3c3c3c3c3c3c3c3c3c3c3c3c3c3c3c
       486  ,,,,,,,,,,,,,,,,  2c2c2c2c2c2c2c2c2c2c2c2c2c2c2c2c
       332  <<<<<<<<<<<<<<<,  3c3c3c3c3c3c3c3c3c3c3c3c3c3c3c2c
       327  <<<<<<<<<<,<<<<<  3c3c3c3c3c3c3c3c3c3c2c3c3c3c3c3c
       320  <<<<<<<,<<<<<<<<  3c3c3c3c3c3c3c2c3c3c3c3c3c3c3c3c
       320  <<<<<<,<<<<<<<<<  3c3c3c3c3c3c2c3c3c3c3c3c3c3c3c3c
       319  <<<<<<<<<<<<<<,<  3c3c3c3c3c3c3c3c3c3c3c3c3c3c2c3c
       319  <<<<<<<<<<<<<,<<  3c3c3c3c3c3c3c3c3c3c3c3c3c2c3c3c
       319  <<<<<,<<<<<<<<<<  3c3c3c3c3c2c3c3c3c3c3c3c3c3c3c3c
       318  <<<<<<<<<,<<<<<<  3c3c3c3c3c3c3c3c3c2c3c3c3c3c3c3c
# epoch 12450  H=2.3281 C=2.1123 HO=0.2105  A(t)=340
     12618  <<<<<<<<<<<<<<<<  3c3c3c3c3c3c3c3c3c3c3c3c3c3c3c3c
       852  ,,,,,,,,,,,,,,,,  2c2c2c2c2c2c2c2c2c2c2c2c2c2c2c2c
       276  <<<<<<<<<<<<<<<,  3c3c3c3c3c3c3c3c3c3c3c3c3c3c3c2c
       259  <<<<<<<<<<<<<<,<  3c3c3c3c3c3c3c3c3c3c3c3c3c3c2c3c
       257  <,<<<<<<<<<<<<<<  3c2c3c3c3c3c3c3c3c3c3c3c3c3c3c3c
       256  <<<<<<<<<<<<<,<<  3c3c3c3c3c3c3c3c3c3c3c3c3c2c3c3c
       254  ,<<<<<<<<<<<<<<<  2c3c3c3c3c3c3c3c3c3c3c3c3c3c3c3c
       249  <<<<<<<<<<<,<<<<  3c3c3c3c3c3c3c3c3c3c3c2c3c3c3c3c
       248  <<<<<<<<,<<<<<<<  3c3c3c3c3c3c3c3c2c3c3c3c3c3c3c3c
       247  <<<<<<<<<,<<<<<<  3c3c3c3c3c3c3c3c3c2c3c3c3c3c3c3c
# epoch 12500  H=2.3686 C=2.1726 HO=0.1889  A(t)=340
     12802  <<<<<<<<<<<<<<<<  3c3c3c3c3c3c3c3c3c3c3c3c3c3c3c3c
       850  ,,,,,,,,,,,,,,,,  2c2c2c2c2c2c2c2c2c2c2c2c2c2c2c2c
       306  <<<<<<<<<<<<<<<,  3c3c3c3c3c3c3c3c3c3c3c3c3c3c3c2c
       293  ,<<<<<<<<<<<<<<<  2c3c3c3c3c3c3c3c3c3c3c3c3c3c3c3c
       290  <<<<<<<<<<<<<<,<  3c3c3c3c3c3c3c3c3c3c3c3c3c3c2c3c
       287  <<<<<<<<<<<<<,<<  3c3c3c3c3c3c3c3c3c3c3c3c3c2c3c3c
       282  <<<<<<<,<<<<<<<<  3c3c3c3c3c3c3c2c3c3c3c3c3c3c3c3c
       279  <<<<<<<<,<<<<<<<  3c3c3c3c3c3c3c3c2c3c3c3c3c3c3c3c
       279  <,<<<<<<<<<<<<<<  3c2c3c3c3c3c3c3c3c3c3c3c3c3c3c3c
       278  <<,<<<<<<<<<<<<<  3c3c2c3c3c3c3c3c3c3c3c3c3c3c3c3c
# epoch 12550  H=2.3279 C=2.2019 HO=0.1221  A(t)=340
     12521  <<<<<<<<<<<<<<<<  3c3c3c3c3c3c3c3c3c3c3c3c3c3c3c3c
       324  ,,,,,,,,,,,,,,,,  2c2c2c2c2c2c2c2c2c2c2c2c2c2c2c2c
       284  <<<<<<<<<<<<<<<,  3c3c3c3c3c3c3c3c3c3c3c3c3c3c3c2c
       278  ,<<<<<<<<<<<<<<<  2c3c3c3c3c3c3c3c3c3c3c3c3c3c3c3c
       274  <<<<<<<<<,<<<<<<  3c3c3c3c3c3c3c3c3c2c3c3c3c3c3c3c
       272  <<<<<<<<<<,<<<<<  3c3c3c3c3c3c3c3c3c3c2c3c3c3c3c3c
       269  <<<<<<,<<<<<<<<<  3c3c3c3c3c3c2c3c3c3c3c3c3c3c3c3c
       268  <<<<<<<<<<<<<<,<  3c3c3c3c3c3c3c3c3c3c3c3c3c3c2c3c
       267  <<<<<<<<,<<<<<<<  3c3c3c3c3c3c3c3c2c3c3c3c3c3c3c3c
       266  <<<<<<<<<<<,<<<<  3c3c3c3c3c3c3c3c3c3c3c2c3c3c3c3c
# epoch 12600  H=2.3189 C=2.1746 HO=0.1422  A(t)=341
     12645  <<<<<<<<<<<<<<<<  3c3c3c3c3c3c3c3c3c3c3c3c3c3c3c3c
       316  <<<<<<<<<<<<<<<,  3c3c3c3c3c3c3c3c3c3c3c3c3c3c3c2c
       304  <<<<<<<<<<<<<<,<  3c3c3c3c3c3c3c3c3c3c3c3c3c3c2c3c
       302  ,<<<<<<<<<<<<<<<  2c3c3c3c3c3c3c3c3c3c3c3c3c3c3c3c
       296  <,<<<<<<<<<<<<<<  3c2c3c3c3c3c3c3c3c3c3c3c3c3c3c3c
       294  <<,<<<<<<<<<<<<<  3c3c2c3c3c3c3c3c3c3c3c3c3c3c3c3c
       292  ,,,,,,,,,,,,,,,,  2c2c2c2c2c2c2c2c2c2c2c2c2c2c2c2c
       291  <<<<<<<<<<<<<,<<  3c3c3c3c3c3c3c3c3c3c3c3c3c2c3c3c
       287  <<<,<<<<<<<<<<<<  3c3c3c2c3c3c3c3c3c3c3c3c3c3c3c3c
       285  <<<<<<<<<<<<,<<<  3c3c3c3c3c3c3c3c3c3c3c3c2c3c3c3c
# epoch 12650  H=2.3195 C=2.1913 HO=0.1189  A(t)=341
     11062  <<<<<<<<<<<<<<<<  3c3c3c3c3c3c3c3c3c3c3c3c3c3c3c3c
       647  ,,,,,,,,,,,,,,,,  2c2c2c2c2c2c2c2c2c2c2c2c2c2c2c2c
       310  <<<<<<<<<<<<<<<,  3c3c3c3c3c3c3c3c3c3c3c3c3c3c3c2c
       287  <<<<<<<<<<<<<<,<  3c3c3c3c3c3c3c3c3c3c3c3c3c3c2c3c
       284  <<<<<<<,<<<<<<<<  3c3c3c3c3c3c3c2c3c3c3c3c3c3c3c3c
       283  ,<<<<<<<<<<<<<<<  2c3c3c3c3c3c3c3c3c3c3c3c3c3c3c3c
       280  <,<<<<<<<<<<<<<<  3c2c3c3c3c3c3c3c3c3c3c3c3c3c3c3c
       277  <<<<<<<<,<<<<<<<  3c3c3c3c3c3c3c3c2c3c3c3c3c3c3c3c
       277  <<,<<<<<<<<<<<<<  3c3c2c3c3c3c3c3c3c3c3c3c3c3c3c3c
       275  <<<<<<<<<,<<<<<<  3c3c3c3c3c3c3c3c3c2c3c3c3c3c3c3c
# epoch 12700  H=2.3289 C=2.1880 HO=0.1409  A(t)=341
     11949  <<<<<<<<<<<<<<<<  3c3c3c3c3c3c3c3c3c3c3c3c3c3c3c3c
       650  ,,,,,,,,,,,,,,,,  2c2c2c2c2c2c2c2c2c2c2c2c2c2c2c2c
       314  <<<<<<<<<<<<<<<,  3c3c3c3c3c3c3c3c3c3c3c3c3c3c3c2c
       310  <<<<<<<<<<<<<<,<  3c3c3c3c3c3c3c3c3c3c3c3c3c3c2c3c
       297  ,<<<<<<<<<<<<<<<  2c3c3c3c3c3c3c3c3c3c3c3c3c3c3c3c
       296  <<<<<<<<<<<<<,<<  3c3c3c3c3c3c3c3c3c3c3c3c3c2c3c3c
       291  <<<<<<<<<<<<,<<<  3c3c3c3c3c3c3c3c3c3c3c3c2c3c3c3c
       288  <,<<<<<<<<<<<<<<  3c2c3c3c3c3c3c3c3c3c3c3c3c3c3c3c
       281  <<<<,<<<<<<<<<<<  3c3c3c3c2c3c3c3c3c3c3c3c3c3c3c3c
       280  <<,<<<<<<<<<<<<<  3c3c2c3c3c3c3c3c3c3c3c3c3c3c3c3c
# epoch 12750  H=2.3388 C=2.1632 HO=0.1724  A(t)=341
     12507  <<<<<<<<<<<<<<<<  3c3c3c3c3c3c3c3c3c3c3c3c3c3c3c3c
       453  ,,,,,,,,,,,,,,,,  2c2c2c2c2c2c2c2c2c2c2c2c2c2c2c2c
       311  <<<<<<<<<<<<<<<,  3c3c3c3c3c3c3c3c3c3c3c3c3c3c3c2c
       302  <<,<<<<<<<<<<<<<  3c3c2c3c3c3c3c3c3c3c3c3c3c3c3c3c
       301  <<<<<<<<<<<<<<,<  3c3c3c3c3c3c3c3c3c3c3c3c3c3c2c3c
       301  <<<<<<<,<<<<<<<<  3c3c3c3c3c3c3c2c3c3c3c3c3c3c3c3c
       297  <<<<<<<<<<<<<,<<  3c3c3c3c3c3c3c3c3c3c3c3c3c2c3c3c
       296  <<<<<<<<,<<<<<<<  3c3c3c3c3c3c3c3c2c3c3c3c3c3c3c3c
       294  <<<<<<<<<<<<,<<<  3c3c3c3c3c3c3c3c3c3c3c3c2c3c3c3c
       294  <,<<<<<<<<<<<<<<  3c2c3c3c3c3c3c3c3c3c3c3c3c3c3c3c
# epoch 12800  H=2.3218 C=2.1506 HO=0.1674  A(t)=341
     13499  <<<<<<<<<<<<<<<<  3c3c3c3c3c3c3c3c3c3c3c3c3c3c3c3c
       507  ,,,,,,,,,,,,,,,,  2c2c2c2c2c2c2c2c2c2c2c2c2c2c2c2c
       311  <<<<<<<<<<<<<<<,  3c3c3c3c3c3c3c3c3c3c3c3c3c3c3c2c
       290  ,<<<<<<<<<<<<<<<  2c3c3c3c3c3c3c3c3c3c3c3c3c3c3c3c
       289  <<<<<<<<<<<<<<,<  3c3c3c3c3c3c3c3c3c3c3c3c3c3c2c3c
       289  <<<<<<<<<<,<<<<<  3c3c3c3c3c3c3c3c3c3c2c3c3c3c3c3c
       287  <<<<<<<<<,<<<<<<  3c3c3c3c3c3c3c3c3c2c3c3c3c3c3c3c
       284  <,<<<<<<<<<<<<<<  3c2c3c3c3c3c3c3c3c3c3c3c3c3c3c3c
       283  <<<<<<<<<<<<<,<<  3c3c3c3c3c3c3c3c3c3c3c3c3c2c3c3c
       283  <<<<<<<<<<<,<<<<  3c3c3c3c3c3c3c3c3c3c3c2c3c3c3c3c
# epoch 12850  H=2.3948 C=2.2200 HO=0.1733  A(t)=341
     13522  <<<<<<<<<<<<<<<<  3c3c3c3c3c3c3c3c3c3c3c3c3c3c3c3c
       309  <<<<<<<<<<<<<<<,  3c3c3c3c3c3c3c3c3c3c3c3c3c3c3c2c
       292  <<,<<<<<<<<<<<<<  3c3c2c3c3c3c3c3c3c3c3c3c3c3c3c3c
       290  <<<<<<<<<<<<<<,<  3c3c3c3c3c3c3c3c3c3c3c3c3c3c2c3c
       287  <<<<<<<<<<<<<,<<  3c3c3c3c3c3c3c3c3c3c3c3c3c2c3c3c
       286  <,<<<<<<<<<<<<<<  3c2c3c3c3c3c3c3c3c3c3c3c3c3c3c3c
       283  <<<<<<<<<<<<,<<<  3c3c3c3c3c3c3c3c3c3c3c3c2c3c3c3c
       283  <<<<<<<<<<<,<<<<  3c3c3c3c3c3c3c3c3c3c3c2c3c3c3c3c
       281  <<<,<<<<<<<<<<<<  3c3c3c2c3c3c3c3c3c3c3c3c3c3c3c3c
       281  ,<<<<<<<<<<<<<<<  2c3c3c3c3c3c3c3c3c3c3c3c3c3c3c3c
# epoch 12900  H=2.3951 C=2.2253 HO=0.1708  A(t)=341
     13518  <<<<<<<<<<<<<<<<  3c3c3c3c3c3c3c3c3c3c3c3c3c3c3c3c
       330  ,,,,,,,,,,,,,,,,  2c2c2c2c2c2c2c2c2c2c2c2c2c2c2c2c
       277  <<<<<<<<<<<<<<<,  3c3c3c3c3c3c3c3c3c3c3c3c3c3c3c2c
       261  <<<<<<<<<<<<<<,<  3c3c3c3c3c3c3c3c3c3c3c3c3c3c2c3c
       259  <<<<<<<<<<<<<,<<  3c3c3c3c3c3c3c3c3c3c3c3c3c2c3c3c
       256  <<<<<<<<<,<<<<<<  3c3c3c3c3c3c3c3c3c2c3c3c3c3c3c3c
       255  <<<<<<,<<<<<<<<<  3c3c3c3c3c3c2c3c3c3c3c3c3c3c3c3c
       254  <<<<<<<<,<<<<<<<  3c3c3c3c3c3c3c3c2c3c3c3c3c3c3c3c
       253  <<<<<,<<<<<<<<<<  3c3c3c3c3c2c3c3c3c3c3c3c3c3c3c3c
       251  <<<<<<<,<<<<<<<<  3c3c3c3c3c3c3c2c3c3c3c3c3c3c3c3c
# epoch 12950  H=2.3474 C=2.2180 HO=0.1294  A(t)=341
     11758  <<<<<<<<<<<<<<<<  3c3c3c3c3c3c3c3c3c3c3c3c3c3c3c3c
       371  ,,,,,,,,,,,,,,,,  2c2c2c2c2c2c2c2c2c2c2c2c2c2c2c2c
       282  <<<<<<<<<<<<<<<,  3c3c3c3c3c3c3c3c3c3c3c3c3c3c3c2c
       272  ,<<<<<<<<<<<<<<<  2c3c3c3c3c3c3c3c3c3c3c3c3c3c3c3c
       265  <<<<<<<<<<<<<<,<  3c3c3c3c3c3c3c3c3c3c3c3c3c3c2c3c
       265  <<,<<<<<<<<<<<<<  3c3c2c3c3c3c3c3c3c3c3c3c3c3c3c3c
       264  <<<,<<<<<<<<<<<<  3c3c3c2c3c3c3c3c3c3c3c3c3c3c3c3c
       263  <<<<<<<<,<<<<<<<  3c3c3c3c3c3c3c3c2c3c3c3c3c3c3c3c
       263  <,<<<<<<<<<<<<<<  3c2c3c3c3c3c3c3c3c3c3c3c3c3c3c3c
       262  <<<<<<,<<<<<<<<<  3c3c3c3c3c3c2c3c3c3c3c3c3c3c3c3c
# epoch 13000  H=2.3996 C=2.2736 HO=0.1230  A(t)=341
     10668  <<<<<<<<<<<<<<<<  3c3c3c3c3c3c3c3c3c3c3c3c3c3c3c3c
       278  <<<<<<<<<<<<<<<,  3c3c3c3c3c3c3c3c3c3c3c3c3c3c3c2c
       254  <<<<<<<<<<<<<<,<  3c3c3c3c3c3c3c3c3c3c3c3c3c3c2c3c
       253  ,<<<<<<<<<<<<<<<  2c3c3c3c3c3c3c3c3c3c3c3c3c3c3c3c
       247  <<<<<<,<<<<<<<<<  3c3c3c3c3c3c2c3c3c3c3c3c3c3c3c3c
       246  <<<<<<<<<<<<<,<<  3c3c3c3c3c3c3c3c3c3c3c3c3c2c3c3c
       246  <<<<<<<<,<<<<<<<  3c3c3c3c3c3c3c3c2c3c3c3c3c3c3c3c
       246  <,<<<<<<<<<<<<<<  3c2c3c3c3c3c3c3c3c3c3c3c3c3c3c3c
       244  <<<<<<<<<<<,<<<<  3c3c3c3c3c3c3c3c3c3c3c2c3c3c3c3c
       244  <<<<<<<,<<<<<<<<  3c3c3c3c3c3c3c2c3c3c3c3c3c3c3c3c
# epoch 13050  H=2.3524 C=2.2007 HO=0.1483  A(t)=341
     11830  <<<<<<<<<<<<<<<<  3c3c3c3c3c3c3c3c3c3c3c3c3c3c3c3c
       318  <<<<<<<<<<<<<<<,  3c3c3c3c3c3c3c3c3c3c3c3c3c3c3c2c
       302  <<<<<<<<<<<<<<,<  3c3c3c3c3c3c3c3c3c3c3c3c3c3c2c3c
       298  <<<<<<<<<<<<<,<<  3c3c3c3c3c3c3c3c3c3c3c3c3c2c3c3c
       291  <<<<<<<<<<,<<<<<  3c3c3c3c3c3c3c3c3c3c2c3c3c3c3c3c
       289  ,<<<<<<<<<<<<<<<  2c3c3c3c3c3c3c3c3c3c3c3c3c3c3c3c
       286  <<<<<<<<,<<<<<<<  3c3c3c3c3c3c3c3c2c3c3c3c3c3c3c3c
       285  <<<<<<<<<,<<<<<<  3c3c3c3c3c3c3c3c3c2c3c3c3c3c3c3c
       283  <<<<<<,<<<<<<<<<  3c3c3c3c3c3c2c3c3c3c3c3c3c3c3c3c
       279  <<<<<<<<<<<<,<<<  3c3c3c3c3c3c3c3c3c3c3c3c2c3c3c3c
# epoch 13100  H=2.4013 C=2.2610 HO=0.1418  A(t)=341
     11528  <<<<<<<<<<<<<<<<  3c3c3c3c3c3c3c3c3c3c3c3c3c3c3c3c
       278  ,,,,,,,,,,,,,,,,  2c2c2c2c2c2c2c2c2c2c2c2c2c2c2c2c
       267  <<<<<<<<<<<<<<<,  3c3c3c3c3c3c3c3c3c3c3c3c3c3c3c2c
       260  ,<<<<<<<<<<<<<<<  2c3c3c3c3c3c3c3c3c3c3c3c3c3c3c3c
       255  <<<<<<<<<<<<<<,<  3c3c3c3c3c3c3c3c3c3c3c3c3c3c2c3c
       251  <<,<<<<<<<<<<<<<  3c3c2c3c3c3c3c3c3c3c3c3c3c3c3c3c
       250  <,<<<<<<<<<<<<<<  3c2c3c3c3c3c3c3c3c3c3c3c3c3c3c3c
       247  <<<,<<<<<<<<<<<<  3c3c3c2c3c3c3c3c3c3c3c3c3c3c3c3c
       244  <<<<,<<<<<<<<<<<  3c3c3c3c2c3c3c3c3c3c3c3c3c3c3c3c
       242  <<<<<<<<<<<<<,<<  3c3c3c3c3c3c3c3c3c3c3c3c3c2c3c3c
# epoch 13150  H=2.2576 C=2.1742 HO=0.0801  A(t)=341
     11858  <<<<<<<<<<<<<<<<  3c3c3c3c3c3c3c3c3c3c3c3c3c3c3c3c
       479  ,,,,,,,,,,,,,,,,  2c2c2c2c2c2c2c2c2c2c2c2c2c2c2c2c
       271  <<<<<<<<<<<<<<<,  3c3c3c3c3c3c3c3c3c3c3c3c3c3c3c2c
       270  ,<<<<<<<<<<<<<<<  2c3c3c3c3c3c3c3c3c3c3c3c3c3c3c3c
       255  <,<<<<<<<<<<<<<<  3c2c3c3c3c3c3c3c3c3c3c3c3c3c3c3c
       251  <<<<<<<<<<<<<<,<  3c3c3c3c3c3c3c3c3c3c3c3c3c3c2c3c
       250  <<<<<<<,<<<<<<<<  3c3c3c3c3c3c3c2c3c3c3c3c3c3c3c3c
       249  <<<<<<,<<<<<<<<<  3c3c3c3c3c3c2c3c3c3c3c3c3c3c3c3c
       247  <<,<<<<<<<<<<<<<  3c3c2c3c3c3c3c3c3c3c3c3c3c3c3c3c
       246  <<<<<<<<<<<<<,<<  3c3c3c3c3c3c3c3c3c3c3c3c3c2c3c3c
# epoch 13200  H=2.1610 C=2.0836 HO=0.0670  A(t)=341
     13147  <<<<<<<<<<<<<<<<  3c3c3c3c3c3c3c3c3c3c3c3c3c3c3c3c
       609  ,,,,,,,,,,,,,,,,  2c2c2c2c2c2c2c2c2c2c2c2c2c2c2c2c
       282  <<<<<<<<<<<<<<<,  3c3c3c3c3c3c3c3c3c3c3c3c3c3c3c2c
       276  <<<<<<<<<,<<<<<<  3c3c3c3c3c3c3c3c3c2c3c3c3c3c3c3c
       272  <<<<<<<<,<<<<<<<  3c3c3c3c3c3c3c3c2c3c3c3c3c3c3c3c
       271  <<<<<<<,<<<<<<<<  3c3c3c3c3c3c3c2c3c3c3c3c3c3c3c3c
       267  <<<<<<<<<<,<<<<<  3c3c3c3c3c3c3c3c3c3c2c3c3c3c3c3c
       266  <<<<<<,<<<<<<<<<  3c3c3c3c3c3c2c3c3c3c3c3c3c3c3c3c
       265  <<<<<<<<<<<<,<<<  3c3c3c3c3c3c3c3c3c3c3c3c2c3c3c3c
       264  <<<<<<<<<<<<<<,<  3c3c3c3c3c3c3c3c3c3c3c3c3c3c2c3c
# epoch 13250  H=2.1358 C=2.0557 HO=0.0666  A(t)=341
     12111  <<<<<<<<<<<<<<<<  3c3c3c3c3c3c3c3c3c3c3c3c3c3c3c3c
       321  <<<<<<<<<<<<<<<,  3c3c3c3c3c3c3c3c3c3c3c3c3c3c3c2c
       309  <<<<<<<<<<<<<<,<  3c3c3c3c3c3c3c3c3c3c3c3c3c3c2c3c
       309  <<<<<<<<<<<<<,<<  3c3c3c3c3c3c3c3c3c3c3c3c3c2c3c3c
       309  ,<<<<<<<<<<<<<<<  2c3c3c3c3c3c3c3c3c3c3c3c3c3c3c3c
       307  <<<<<<<<<<<,<<<<  3c3c3c3c3c3c3c3c3c3c3c2c3c3c3c3c
       303  <<,<<<<<<<<<<<<<  3c3c2c3c3c3c3c3c3c3c3c3c3c3c3c3c
       303  <,<<<<<<<<<<<<<<  3c2c3c3c3c3c3c3c3c3c3c3c3c3c3c3c
       300  <<<<<<<<<<<<,<<<  3c3c3c3c3c3c3c3c3c3c3c3c2c3c3c3c
       298  <<<<<<<<<<,<<<<<  3c3c3c3c3c3c3c3c3c3c2c3c3c3c3c3c
# epoch 13300  H=2.0511 C=1.9806 HO=0.0656  A(t)=341
     13514  <<<<<<<<<<<<<<<<  3c3c3c3c3c3c3c3c3c3c3c3c3c3c3c3c
       560  ,,,,,,,,,,,,,,,,  2c2c2c2c2c2c2c2c2c2c2c2c2c2c2c2c
       335  <<<<<<<<<<<<<<<,  3c3c3c3c3c3c3c3c3c3c3c3c3c3c3c2c
       312  ,<<<<<<<<<<<<<<<  2c3c3c3c3c3c3c3c3c3c3c3c3c3c3c3c
       309  <<<<<<<<<<<<<<,<  3c3c3c3c3c3c3c3c3c3c3c3c3c3c2c3c
       306  <<<<<<<<<<<<<,<<  3c3c3c3c3c3c3c3c3c3c3c3c3c2c3c3c
       302  <<,<<<<<<<<<<<<<  3c3c2c3c3c3c3c3c3c3c3c3c3c3c3c3c
       296  <,<<<<<<<<<<<<<<  3c2c3c3c3c3c3c3c3c3c3c3c3c3c3c3c
       290  <<<<<<<<<<<<,<<<  3c3c3c3c3c3c3c3c3c3c3c3c2c3c3c3c
       287  <<<<<<<<,<<<<<<<  3c3c3c3c3c3c3c3c2c3c3c3c3c3c3c3c
# epoch 13350  H=2.1414 C=2.0414 HO=0.0876  A(t)=341
     13290  <<<<<<<<<<<<<<<<  3c3c3c3c3c3c3c3c3c3c3c3c3c3c3c3c
       677  ,,,,,,,,,,,,,,,,  2c2c2c2c2c2c2c2c2c2c2c2c2c2c2c2c
       290  <<<<<<<<<<<<<<<,  3c3c3c3c3c3c3c3c3c3c3c3c3c3c3c2c
       266  <<<<<<<<<<<<<<,<  3c3c3c3c3c3c3c3c3c3c3c3c3c3c2c3c
       261  <<<<<<<<<<<<<,<<  3c3c3c3c3c3c3c3c3c3c3c3c3c2c3c3c
       260  <<<<<<<,<<<<<<<<  3c3c3c3c3c3c3c2c3c3c3c3c3c3c3c3c
       257  ,<<<<<<<<<<<<<<<  2c3c3c3c3c3c3c3c3c3c3c3c3c3c3c3c
       255  <<<<<<,<<<<<<<<<  3c3c3c3c3c3c2c3c3c3c3c3c3c3c3c3c
       254  <<<<<<<<,<<<<<<<  3c3c3c3c3c3c3c3c2c3c3c3c3c3c3c3c
       252  <<<<<<<<<,<<<<<<  3c3c3c3c3c3c3c3c3c2c3c3c3c3c3c3c
# epoch 13400  H=2.1710 C=2.0933 HO=0.0675  A(t)=341
     12495  <<<<<<<<<<<<<<<<  3c3c3c3c3c3c3c3c3c3c3c3c3c3c3c3c
       634  ,,,,,,,,,,,,,,,,  2c2c2c2c2c2c2c2c2c2c2c2c2c2c2c2c
       292  <<<<<<<<<<<<<<<,  3c3c3c3c3c3c3c3c3c3c3c3c3c3c3c2c
       277  <<<<<<<<<<<<<<,<  3c3c3c3c3c3c3c3c3c3c3c3c3c3c2c3c
       269  <<<<<<<<<<<<<,<<  3c3c3c3c3c3c3c3c3c3c3c3c3c2c3c3c
       263  ,<<<<<<<<<<<<<<<  2c3c3c3c3c3c3c3c3c3c3c3c3c3c3c3c
       262  <<<<<<<<<<<<,<<<  3c3c3c3c3c3c3c3c3c3c3c3c2c3c3c3c
       246  <,<<<<<<<<<<<<<<  3c2c3c3c3c3c3c3c3c3c3c3c3c3c3c3c
       245  <<,<<<<<<<<<<<<<  3c3c2c3c3c3c3c3c3c3c3c3c3c3c3c3c
       244  <<<<<<<<<<<,<<<<  3c3c3c3c3c3c3c3c3c3c3c2c3c3c3c3c
# epoch 13450  H=2.1144 C=2.0387 HO=0.0501  A(t)=341
     13115  <<<<<<<<<<<<<<<<  3c3c3c3c3c3c3c3c3c3c3c3c3c3c3c3c
       636  ,,,,,,,,,,,,,,,,  2c2c2c2c2c2c2c2c2c2c2c2c2c2c2c2c
       282  <<<<<<<<<<<<<<<,  3c3c3c3c3c3c3c3c3c3c3c3c3c3c3c2c
       266  <<<<<<<<<<<<<<,<  3c3c3c3c3c3c3c3c3c3c3c3c3c3c2c3c
       261  ,<<<<<<<<<<<<<<<  2c3c3c3c3c3c3c3c3c3c3c3c3c3c3c3c
       258  <,<<<<<<<<<<<<<<  3c2c3c3c3c3c3c3c3c3c3c3c3c3c3c3c
       257  <<<<<<<<<<<<<,<<  3c3c3c3c3c3c3c3c3c3c3c3c3c2c3c3c
       252  <<<<<<<<<<<<,<<<  3c3c3c3c3c3c3c3c3c3c3c3c2c3c3c3c
       250  <<,<<<<<<<<<<<<<  3c3c2c3c3c3c3c3c3c3c3c3c3c3c3c3c
       247  <<<<<<<<<<<,<<<<  3c3c3c3c3c3c3c3c3c3c3c2c3c3c3c3c
# epoch 13500  H=2.2164 C=2.1152 HO=0.0832  A(t)=341
     11507  <<<<<<<<<<<<<<<<  3c3c3c3c3c3c3c3c3c3c3c3c3c3c3c3c
       488  ,,,,,,,,,,,,,,,,  2c2c2c2c2c2c2c2c2c2c2c2c2c2c2c2c
       324  <<<<<<<<<<<<<<<,  3c3c3c3c3c3c3c3c3c3c3c3c3c3c3c2c
       312  <<<<<<<<<<<<<<,<  3c3c3c3c3c3c3c3c3c3c3c3c3c3c2c3c
       309  ,<<<<<<<<<<<<<<<  2c3c3c3c3c3c3c3c3c3c3c3c3c3c3c3c
       308  <<<<<<<<<<<<<,<<  3c3c3c3c3c3c3c3c3c3c3c3c3c2c3c3c
       303  <<<<<<<<<<<<,<<<  3c3c3c3c3c3c3c3c3c3c3c3c2c3c3c3c
       299  <,<<<<<<<<<<<<<<  3c2c3c3c3c3c3c3c3c3c3c3c3c3c3c3c
       298  <<,<<<<<<<<<<<<<  3c3c2c3c3c3c3c3c3c3c3c3c3c3c3c3c
       293  <<<,<<<<<<<<<<<<  3c3c3c2c3c3c3c3c3c3c3c3c3c3c3c3c
# epoch 13550  H=2.3477 C=2.2108 HO=0.1259  A(t)=341
     11010  <<<<<<<<<<<<<<<<  3c3c3c3c3c3c3c3c3c3c3c3c3c3c3c3c
       557  ,,,,,,,,,,,,,,,,  2c2c2c2c2c2c2c2c2c2c2c2c2c2c2c2c
       285  <<<<<<<<<<<<<<<,  3c3c3c3c3c3c3c3c3c3c3c3c3c3c3c2c
       276  <<<<<<<<<<<<<<,<  3c3c3c3c3c3c3c3c3c3c3c3c3c3c2c3c
       273  <<<<<<<<<<<<<,<<  3c3c3c3c3c3c3c3c3c3c3c3c3c2c3c3c
       257  <<<<<<<<<<<<,<<<  3c3c3c3c3c3c3c3c3c3c3c3c2c3c3c3c
       252  <<<,<<<<<<<<<<<<  3c3c3c2c3c3c3c3c3c3c3c3c3c3c3c3c
       251  ,<<<<<<<<<<<<<<<  2c3c3c3c3c3c3c3c3c3c3c3c3c3c3c3c
       249  <<<<<<<<<,<<<<<<  3c3c3c3c3c3c3c3c3c2c3c3c3c3c3c3c
       248  <<<<<<<<<<,<<<<<  3c3c3c3c3c3c3c3c3c3c2c3c3c3c3c3c
# epoch 13600  H=2.3705 C=2.2563 HO=0.0913  A(t)=341
     11575  <<<<<<<<<<<<<<<<  3c3c3c3c3c3c3c3c3c3c3c3c3c3c3c3c
       426  ,,,,,,,,,,,,,,,,  2c2c2c2c2c2c2c2c2c2c2c2c2c2c2c2c
       323  <<<<<<<<<<<<<<<,  3c3c3c3c3c3c3c3c3c3c3c3c3c3c3c2c
       304  <<<<<<<<<<<<<<,<  3c3c3c3c3c3c3c3c3c3c3c3c3c3c2c3c
       299  ,<<<<<<<<<<<<<<<  2c3c3c3c3c3c3c3c3c3c3c3c3c3c3c3c
       295  <<<<<<<,<<<<<<<<  3c3c3c3c3c3c3c2c3c3c3c3c3c3c3c3c
       291  <<<<<<<<,<<<<<<<  3c3c3c3c3c3c3c3c2c3c3c3c3c3c3c3c
       289  <<<<<<<<<,<<<<<<  3c3c3c3c3c3c3c3c3c2c3c3c3c3c3c3c
       288  <<<<<<<<<<,<<<<<  3c3c3c3c3c3c3c3c3c3c2c3c3c3c3c3c
       287  <<<,<<<<<<<<<<<<  3c3c3c2c3c3c3c3c3c3c3c3c3c3c3c3c
# epoch 13650  H=2.2177 C=2.1470 HO=0.0577  A(t)=341
     12873  <<<<<<<<<<<<<<<<  3c3c3c3c3c3c3c3c3c3c3c3c3c3c3c3c
       546  ,,,,,,,,,,,,,,,,  2c2c2c2c2c2c2c2c2c2c2c2c2c2c2c2c
       315  <<<<<<<<<<<<<<<,  3c3c3c3c3c3c3c3c3c3c3c3c3c3c3c2c
       305  <<<<<<<<<<<<<<,<  3c3c3c3c3c3c3c3c3c3c3c3c3c3c2c3c
       300  <<<<<<<<<<<<<,<<  3c3c3c3c3c3c3c3c3c3c3c3c3c2c3c3c
       291  <<<<<<<<<<<<,<<<  3c3c3c3c3c3c3c3c3c3c3c3c2c3c3c3c
       289  <,<<<<<<<<<<<<<<  3c2c3c3c3c3c3c3c3c3c3c3c3c3c3c3c
       287  ,<<<<<<<<<<<<<<<  2c3c3c3c3c3c3c3c3c3c3c3c3c3c3c3c
       285  <<,<<<<<<<<<<<<<  3c3c2c3c3c3c3c3c3c3c3c3c3c3c3c3c
       280  <<<<<<<<<<<,<<<<  3c3c3c3c3c3c3c3c3c3c3c2c3c3c3c3c
# epoch 13700  H=2.1850 C=2.1106 HO=0.0600  A(t)=341
     11878  <<<<<<<<<<<<<<<<  3c3c3c3c3c3c3c3c3c3c3c3c3c3c3c3c
       605  ,,,,,,,,,,,,,,,,  2c2c2c2c2c2c2c2c2c2c2c2c2c2c2c2c
       323  <<<<<<<<<<<<<<<,  3c3c3c3c3c3c3c3c3c3c3c3c3c3c3c2c
       314  <<<<<<<<,<<<<<<<  3c3c3c3c3c3c3c3c2c3c3c3c3c3c3c3c
       313  <<<<<<<<<<<<<<,<  3c3c3c3c3c3c3c3c3c3c3c3c3c3c2c3c
       308  <<<<<<<,<<<<<<<<  3c3c3c3c3c3c3c2c3c3c3c3c3c3c3c3c
       308  <<<<<<,<<<<<<<<<  3c3c3c3c3c3c2c3c3c3c3c3c3c3c3c3c
       308  ,<<<<<<<<<<<<<<<  2c3c3c3c3c3c3c3c3c3c3c3c3c3c3c3c
       307  <<<<<<<<<<<<<,<<  3c3c3c3c3c3c3c3c3c3c3c3c3c2c3c3c
       306  <<<<<<<<<<<<,<<<  3c3c3c3c3c3c3c3c3c3c3c3c2c3c3c3c
# epoch 13750  H=2.1430 C=2.0436 HO=0.0790  A(t)=341
     12019  <<<<<<<<<<<<<<<<  3c3c3c3c3c3c3c3c3c3c3c3c3c3c3c3c
       370  ,,,,,,,,,,,,,,,,  2c2c2c2c2c2c2c2c2c2c2c2c2c2c2c2c
       365  <<<<<<<<<<<<<<<,  3c3c3c3c3c3c3c3c3c3c3c3c3c3c3c2c
       354  ,<<<<<<<<<<<<<<<  2c3c3c3c3c3c3c3c3c3c3c3c3c3c3c3c
       351  <<<<<<<,<<<<<<<<  3c3c3c3c3c3c3c2c3c3c3c3c3c3c3c3c
       351  <<<<<,<<<<<<<<<<  3c3c3c3c3c2c3c3c3c3c3c3c3c3c3c3c
       348  <<<<<<<<<<<<,<<<  3c3c3c3c3c3c3c3c3c3c3c3c2c3c3c3c
       347  <<<<<<<<,<<<<<<<  3c3c3c3c3c3c3c3c2c3c3c3c3c3c3c3c
       347  <,<<<<<<<<<<<<<<  3c2c3c3c3c3c3c3c3c3c3c3c3c3c3c3c
       345  <<<<<<<<<<<<<<,<  3c3c3c3c3c3c3c3c3c3c3c3c3c3c2c3c
# epoch 13800  H=2.0188 C=1.9246 HO=0.0731  A(t)=341
     13913  <<<<<<<<<<<<<<<<  3c3c3c3c3c3c3c3c3c3c3c3c3c3c3c3c
       588  ,,,,,,,,,,,,,,,,  2c2c2c2c2c2c2c2c2c2c2c2c2c2c2c2c
       375  <<<<<<<<<<<<<<<,  3c3c3c3c3c3c3c3c3c3c3c3c3c3c3c2c
       353  <<<<<<<<<<<<<<,<  3c3c3c3c3c3c3c3c3c3c3c3c3c3c2c3c
       353  ,<<<<<<<<<<<<<<<  2c3c3c3c3c3c3c3c3c3c3c3c3c3c3c3c
       346  <,<<<<<<<<<<<<<<  3c2c3c3c3c3c3c3c3c3c3c3c3c3c3c3c
       338  <<<<<<<<<<<<<,<<  3c3c3c3c3c3c3c3c3c3c3c3c3c2c3c3c
       333  <<<<<<<<<<<<,<<<  3c3c3c3c3c3c3c3c3c3c3c3c2c3c3c3c
       331  <<,<<<<<<<<<<<<<  3c3c2c3c3c3c3c3c3c3c3c3c3c3c3c3c
       324  <<<<<<<<<<<,<<<<  3c3c3c3c3c3c3c3c3c3c3c2c3c3c3c3c
# epoch 13850  H=2.0306 C=1.8893 HO=0.1212  A(t)=341
     15210  <<<<<<<<<<<<<<<<  3c3c3c3c3c3c3c3c3c3c3c3c3c3c3c3c
       753  ,,,,,,,,,,,,,,,,  2c2c2c2c2c2c2c2c2c2c2c2c2c2c2c2c
       340  <<<<<<<<<<<<<<<,  3c3c3c3c3c3c3c3c3c3c3c3c3c3c3c2c
       332  ,<<<<<<<<<<<<<<<  2c3c3c3c3c3c3c3c3c3c3c3c3c3c3c3c
       321  <<<<<<<<,<<<<<<<  3c3c3c3c3c3c3c3c2c3c3c3c3c3c3c3c
       317  <<<<<<<<<<<<<<,<  3c3c3c3c3c3c3c3c3c3c3c3c3c3c2c3c
       314  <<<<<<,<<<<<<<<<  3c3c3c3c3c3c2c3c3c3c3c3c3c3c3c3c
       313  <<<<<,<<<<<<<<<<  3c3c3c3c3c2c3c3c3c3c3c3c3c3c3c3c
       311  <<<<<<<<<,<<<<<<  3c3c3c3c3c3c3c3c3c2c3c3c3c3c3c3c
       311  <,<<<<<<<<<<<<<<  3c2c3c3c3c3c3c3c3c3c3c3c3c3c3c3c
# epoch 13900  H=2.1754 C=2.0062 HO=0.1529  A(t)=341
     12014  <<<<<<<<<<<<<<<<  3c3c3c3c3c3c3c3c3c3c3c3c3c3c3c3c
       548  ,,,,,,,,,,,,,,,,  2c2c2c2c2c2c2c2c2c2c2c2c2c2c2c2c
       313  <<<<<<<<<<<<<<<,  3c3c3c3c3c3c3c3c3c3c3c3c3c3c3c2c
       308  <<<<<<<<<<<<<<,<  3c3c3c3c3c3c3c3c3c3c3c3c3c3c2c3c
       287  <<<<<<<<<<<<<,<<  3c3c3c3c3c3c3c3c3c3c3c3c3c2c3c3c
       283  ,<<<<<<<<<<<<<<<  2c3c3c3c3c3c3c3c3c3c3c3c3c3c3c3c
       280  <<<<<<<<<<<<,<<<  3c3c3c3c3c3c3c3c3c3c3c3c2c3c3c3c
       276  <<<<<<<<<<<,<<<<  3c3c3c3c3c3c3c3c3c3c3c2c3c3c3c3c
       271  <<<,<<<<<<<<<<<<  3c3c3c2c3c3c3c3c3c3c3c3c3c3c3c3c
       271  <<,<<<<<<<<<<<<<  3c3c2c3c3c3c3c3c3c3c3c3c3c3c3c3c
# epoch 13950  H=2.1083 C=1.9464 HO=0.1496  A(t)=342
     12745  <<<<<<<<<<<<<<<<  3c3c3c3c3c3c3c3c3c3c3c3c3c3c3c3c
       555  ,,,,,,,,,,,,,,,,  2c2c2c2c2c2c2c2c2c2c2c2c2c2c2c2c
       405  {{{{{{{{{{{{{{{{  7b7b7b7b7b7b7b7b7b7b7b7b7b7b7b7b
       311  <<<<<<<<<<<<<<<,  3c3c3c3c3c3c3c3c3c3c3c3c3c3c3c2c
       305  <<<<<<<<<<<<<<,<  3c3c3c3c3c3c3c3c3c3c3c3c3c3c2c3c
       300  ,<<<<<<<<<<<<<<<  2c3c3c3c3c3c3c3c3c3c3c3c3c3c3c3c
       297  <,<<<<<<<<<<<<<<  3c2c3c3c3c3c3c3c3c3c3c3c3c3c3c3c
       294  <<,<<<<<<<<<<<<<  3c3c2c3c3c3c3c3c3c3c3c3c3c3c3c3c
       290  <<<<<<<<<<<<<,<<  3c3c3c3c3c3c3c3c3c3c3c3c3c2c3c3c
       284  <<<<<<<<<<<<,<<<  3c3c3c3c3c3c3c3c3c3c3c3c2c3c3c3c
# epoch 14000  H=2.1101 C=1.9381 HO=0.1545  A(t)=342
     12371  <<<<<<<<<<<<<<<<  3c3c3c3c3c3c3c3c3c3c3c3c3c3c3c3c
       578  ,,,,,,,,,,,,,,,,  2c2c2c2c2c2c2c2c2c2c2c2c2c2c2c2c
       348  <<<<<<<<<<<<<<<,  3c3c3c3c3c3c3c3c3c3c3c3c3c3c3c2c
       327  ,<<<<<<<<<<<<<<<  2c3c3c3c3c3c3c3c3c3c3c3c3c3c3c3c
       325  {{{{{{{{{{{{{{{{  7b7b7b7b7b7b7b7b7b7b7b7b7b7b7b7b
       325  <<<<<<<<<<<<<<,<  3c3c3c3c3c3c3c3c3c3c3c3c3c3c2c3c
       316  <<<<<<<<<<<<<,<<  3c3c3c3c3c3c3c3c3c3c3c3c3c2c3c3c
       315  <<,<<<<<<<<<<<<<  3c3c2c3c3c3c3c3c3c3c3c3c3c3c3c3c
       313  <,<<<<<<<<<<<<<<  3c2c3c3c3c3c3c3c3c3c3c3c3c3c3c3c
       311  <<<,<<<<<<<<<<<<  3c3c3c2c3c3c3c3c3c3c3c3c3c3c3c3c
# epoch 14050  H=2.0954 C=1.8861 HO=0.1901  A(t)=342
     12430  <<<<<<<<<<<<<<<<  3c3c3c3c3c3c3c3c3c3c3c3c3c3c3c3c
       772  ,,,,,,,,,,,,,,,,  2c2c2c2c2c2c2c2c2c2c2c2c2c2c2c2c
       353  <<<<<<<<<<<<<<<,  3c3c3c3c3c3c3c3c3c3c3c3c3c3c3c2c
       336  <<<<<<<<<<<<<<,<  3c3c3c3c3c3c3c3c3c3c3c3c3c3c2c3c
       336  <<<<<<<<<<<<<,<<  3c3c3c3c3c3c3c3c3c3c3c3c3c2c3c3c
       331  <<<<<<<<<<<<,<<<  3c3c3c3c3c3c3c3c3c3c3c3c2c3c3c3c
       329  ,<<<<<<<<<<<<<<<  2c3c3c3c3c3c3c3c3c3c3c3c3c3c3c3c
       327  <<,<<<<<<<<<<<<<  3c3c2c3c3c3c3c3c3c3c3c3c3c3c3c3c
       325  <,<<<<<<<<<<<<<<  3c2c3c3c3c3c3c3c3c3c3c3c3c3c3c3c
       321  <<<<<<<<<,<<<<<<  3c3c3c3c3c3c3c3c3c2c3c3c3c3c3c3c
# epoch 14100  H=1.9737 C=1.7844 HO=0.1622  A(t)=342
     14519  <<<<<<<<<<<<<<<<  3c3c3c3c3c3c3c3c3c3c3c3c3c3c3c3c
       517  ,,,,,,,,,,,,,,,,  2c2c2c2c2c2c2c2c2c2c2c2c2c2c2c2c
       380  {{{{{{{{{{{{{{{{  7b7b7b7b7b7b7b7b7b7b7b7b7b7b7b7b
       375  <<<<<<<<<<<<<<<,  3c3c3c3c3c3c3c3c3c3c3c3c3c3c3c2c
       352  <<<<<<<<<<<<<<,<  3c3c3c3c3c3c3c3c3c3c3c3c3c3c2c3c
       351  ,<<<<<<<<<<<<<<<  2c3c3c3c3c3c3c3c3c3c3c3c3c3c3c3c
       347  <<,<<<<<<<<<<<<<  3c3c2c3c3c3c3c3c3c3c3c3c3c3c3c3c
       346  <,<<<<<<<<<<<<<<  3c2c3c3c3c3c3c3c3c3c3c3c3c3c3c3c
       340  <<<<<<<<<<<<<,<<  3c3c3c3c3c3c3c3c3c3c3c3c3c2c3c3c
       332  <<<<<<<<<,<<<<<<  3c3c3c3c3c3c3c3c3c2c3c3c3c3c3c3c
# epoch 14150  H=1.9739 C=1.8368 HO=0.1114  A(t)=342
     13106  <<<<<<<<<<<<<<<<  3c3c3c3c3c3c3c3c3c3c3c3c3c3c3c3c
       437  ,,,,,,,,,,,,,,,,  2c2c2c2c2c2c2c2c2c2c2c2c2c2c2c2c
       381  <<<<<<<<<<<<<<<,  3c3c3c3c3c3c3c3c3c3c3c3c3c3c3c2c
       368  ,<<<<<<<<<<<<<<<  2c3c3c3c3c3c3c3c3c3c3c3c3c3c3c3c
       367  <<<<<<<<<<<<<<,<  3c3c3c3c3c3c3c3c3c3c3c3c3c3c2c3c
       367  <,<<<<<<<<<<<<<<  3c2c3c3c3c3c3c3c3c3c3c3c3c3c3c3c
       365  <<<<<<<<<,<<<<<<  3c3c3c3c3c3c3c3c3c2c3c3c3c3c3c3c
       365  <<<<<,<<<<<<<<<<  3c3c3c3c3c2c3c3c3c3c3c3c3c3c3c3c
       361  <<<<<<,<<<<<<<<<  3c3c3c3c3c3c2c3c3c3c3c3c3c3c3c3c
       358  <<<<<<<<,<<<<<<<  3c3c3c3c3c3c3c3c2c3c3c3c3c3c3c3c
# epoch 14200  H=2.0456 C=1.8762 HO=0.1747  A(t)=342
     14147  <<<<<<<<<<<<<<<<  3c3c3c3c3c3c3c3c3c3c3c3c3c3c3c3c
       338  <<<<<<<<<<<<<<<,  3c3c3c3c3c3c3c3c3c3c3c3c3c3c3c2c
       317  ,<<<<<<<<<<<<<<<  2c3c3c3c3c3c3c3c3c3c3c3c3c3c3c3c
       315  ,,,,,,,,,,,,,,,,  2c2c2c2c2c2c2c2c2c2c2c2c2c2c2c2c
       312  <<<<<<<<<<<<<<,<  3c3c3c3c3c3c3c3c3c3c3c3c3c3c2c3c
       309  <<<<<<<<<<<<<,<<  3c3c3c3c3c3c3c3c3c3c3c3c3c2c3c3c
       305  <<,<<<<<<<<<<<<<  3c3c2c3c3c3c3c3c3c3c3c3c3c3c3c3c
       303  <<<<<<<,<<<<<<<<  3c3c3c3c3c3c3c2c3c3c3c3c3c3c3c3c
       301  <<<,<<<<<<<<<<<<  3c3c3c2c3c3c3c3c3c3c3c3c3c3c3c3c
       296  <<<<<<<<,<<<<<<<  3c3c3c3c3c3c3c3c2c3c3c3c3c3c3c3c
# epoch 14250  H=2.1084 C=1.8811 HO=0.2327  A(t)=342
     14596  <<<<<<<<<<<<<<<<  3c3c3c3c3c3c3c3c3c3c3c3c3c3c3c3c
       759  ,,,,,,,,,,,,,,,,  2c2c2c2c2c2c2c2c2c2c2c2c2c2c2c2c
       336  <<<<<<<<<<<<<<<,  3c3c3c3c3c3c3c3c3c3c3c3c3c3c3c2c
       324  ,<<<<<<<<<<<<<<<  2c3c3c3c3c3c3c3c3c3c3c3c3c3c3c3c
       318  <<<<<<<<<<<<<<,<  3c3c3c3c3c3c3c3c3c3c3c3c3c3c2c3c
       316  <,<<<<<<<<<<<<<<  3c2c3c3c3c3c3c3c3c3c3c3c3c3c3c3c
       314  <<,<<<<<<<<<<<<<  3c3c2c3c3c3c3c3c3c3c3c3c3c3c3c3c
       311  <<<<,<<<<<<<<<<<  3c3c3c3c2c3c3c3c3c3c3c3c3c3c3c3c
       308  <<<<<<<<<<<<<,<<  3c3c3c3c3c3c3c3c3c3c3c3c3c2c3c3c
       307  <<<,<<<<<<<<<<<<  3c3c3c2c3c3c3c3c3c3c3c3c3c3c3c3c
# epoch 14300  H=2.2341 C=1.9927 HO=0.2372  A(t)=342
     12946  <<<<<<<<<<<<<<<<  3c3c3c3c3c3c3c3c3c3c3c3c3c3c3c3c
       585  ,,,,,,,,,,,,,,,,  2c2c2c2c2c2c2c2c2c2c2c2c2c2c2c2c
       297  <<<<<<<<<<<<<<<,  3c3c3c3c3c3c3c3c3c3c3c3c3c3c3c2c
       277  <<<<<<<<<<<<<<,<  3c3c3c3c3c3c3c3c3c3c3c3c3c3c2c3c
       272  <<<<<<<<<<<<<,<<  3c3c3c3c3c3c3c3c3c3c3c3c3c2c3c3c
       271  <<<<<<<<<,<<<<<<  3c3c3c3c3c3c3c3c3c2c3c3c3c3c3c3c
       269  <<<<<<<,<<<<<<<<  3c3c3c3c3c3c3c2c3c3c3c3c3c3c3c3c
       267  <<<<<<<<<<,<<<<<  3c3c3c3c3c3c3c3c3c3c2c3c3c3c3c3c
       265  <<<<<<,<<<<<<<<<  3c3c3c3c3c3c2c3c3c3c3c3c3c3c3c3c
       263  <<<<<<<<,<<<<<<<  3c3c3c3c3c3c3c3c2c3c3c3c3c3c3c3c
# epoch 14350  H=2.1511 C=1.9514 HO=0.1926  A(t)=342
     13718  <<<<<<<<<<<<<<<<  3c3c3c3c3c3c3c3c3c3c3c3c3c3c3c3c
       394  ,,,,,,,,,,,,,,,,  2c2c2c2c2c2c2c2c2c2c2c2c2c2c2c2c
       375  <<<<<<<<<<<<<<<,  3c3c3c3c3c3c3c3c3c3c3c3c3c3c3c2c
       372  ,<<<<<<<<<<<<<<<  2c3c3c3c3c3c3c3c3c3c3c3c3c3c3c3c
       357  <,<<<<<<<<<<<<<<  3c2c3c3c3c3c3c3c3c3c3c3c3c3c3c3c
       351  <<<<<<<<<<<<<<,<  3c3c3c3c3c3c3c3c3c3c3c3c3c3c2c3c
       346  <<,<<<<<<<<<<<<<  3c3c2c3c3c3c3c3c3c3c3c3c3c3c3c3c
       344  <<<<<<<<<<<<<,<<  3c3c3c3c3c3c3c3c3c3c3c3c3c2c3c3c
       339  <<<<<<<<<<<<,<<<  3c3c3c3c3c3c3c3c3c3c3c3c2c3c3c3c
       336  <<<,<<<<<<<<<<<<  3c3c3c2c3c3c3c3c3c3c3c3c3c3c3c3c
# epoch 14400  H=2.1020 C=1.9062 HO=0.1945  A(t)=342
     14439  <<<<<<<<<<<<<<<<  3c3c3c3c3c3c3c3c3c3c3c3c3c3c3c3c
       682  ,,,,,,,,,,,,,,,,  2c2c2c2c2c2c2c2c2c2c2c2c2c2c2c2c
       369  ,<<<<<<<<<<<<<<<  2c3c3c3c3c3c3c3c3c3c3c3c3c3c3c3c
       365  <<<<<<<<<<<<<<<,  3c3c3c3c3c3c3c3c3c3c3c3c3c3c3c2c
       364  <<<<<<<<<<<<<,<<  3c3c3c3c3c3c3c3c3c3c3c3c3c2c3c3c
       363  <,<<<<<<<<<<<<<<  3c2c3c3c3c3c3c3c3c3c3c3c3c3c3c3c
       362  <<<<<<<<<<<<<<,<  3c3c3c3c3c3c3c3c3c3c3c3c3c3c2c3c
       361  <<,<<<<<<<<<<<<<  3c3c2c3c3c3c3c3c3c3c3c3c3c3c3c3c
       355  <<<<<<<<<<<<,<<<  3c3c3c3c3c3c3c3c3c3c3c3c2c3c3c3c
       353  <<<<<<<<<<<,<<<<  3c3c3c3c3c3c3c3c3c3c3c2c3c3c3c3c
# epoch 14450  H=2.1887 C=1.9781 HO=0.2108  A(t)=342
     12895  <<<<<<<<<<<<<<<<  3c3c3c3c3c3c3c3c3c3c3c3c3c3c3c3c
       653  ,,,,,,,,,,,,,,,,  2c2c2c2c2c2c2c2c2c2c2c2c2c2c2c2c
       365  <<<<<<<<<<<<<<<,  3c3c3c3c3c3c3c3c3c3c3c3c3c3c3c2c
       344  <<<<<<<<<<<<<<,<  3c3c3c3c3c3c3c3c3c3c3c3c3c3c2c3c
       344  ,<<<<<<<<<<<<<<<  2c3c3c3c3c3c3c3c3c3c3c3c3c3c3c3c
       328  <,<<<<<<<<<<<<<<  3c2c3c3c3c3c3c3c3c3c3c3c3c3c3c3c
       326  <<<<<<<<<<<<<,<<  3c3c3c3c3c3c3c3c3c3c3c3c3c2c3c3c
       315  <<<<<<<<<<<,<<<<  3c3c3c3c3c3c3c3c3c3c3c2c3c3c3c3c
       314  <<<<<<<<<<<<,<<<  3c3c3c3c3c3c3c3c3c3c3c3c2c3c3c3c
       313  <<<,<<<<<<<<<<<<  3c3c3c2c3c3c3c3c3c3c3c3c3c3c3c3c
# epoch 14500  H=2.2317 C=1.9973 HO=0.2315  A(t)=342
     13212  <<<<<<<<<<<<<<<<  3c3c3c3c3c3c3c3c3c3c3c3c3c3c3c3c
       686  ,,,,,,,,,,,,,,,,  2c2c2c2c2c2c2c2c2c2c2c2c2c2c2c2c
       324  <<<<<<<<<<<<<<<,  3c3c3c3c3c3c3c3c3c3c3c3c3c3c3c2c
       322  ,<<<<<<<<<<<<<<<  2c3c3c3c3c3c3c3c3c3c3c3c3c3c3c3c
       314  <,<<<<<<<<<<<<<<  3c2c3c3c3c3c3c3c3c3c3c3c3c3c3c3c
       313  <<,<<<<<<<<<<<<<  3c3c2c3c3c3c3c3c3c3c3c3c3c3c3c3c
       307  <<<,<<<<<<<<<<<<  3c3c3c2c3c3c3c3c3c3c3c3c3c3c3c3c
       301  <<<<<<<<<<<<<<,<  3c3c3c3c3c3c3c3c3c3c3c3c3c3c2c3c
       299  <<<<,<<<<<<<<<<<  3c3c3c3c2c3c3c3c3c3c3c3c3c3c3c3c
       295  <<<<<,<<<<<<<<<<  3c3c3c3c3c2c3c3c3c3c3c3c3c3c3c3c
# epoch 14550  H=2.3289 C=2.0756 HO=0.2624  A(t)=342
     12559  <<<<<<<<<<<<<<<<  3c3c3c3c3c3c3c3c3c3c3c3c3c3c3c3c
       392  ,,,,,,,,,,,,,,,,  2c2c2c2c2c2c2c2c2c2c2c2c2c2c2c2c
       365  <<<<<<<<<<<<<<<,  3c3c3c3c3c3c3c3c3c3c3c3c3c3c3c2c
       349  <<<<<<<<<<<<<<,<  3c3c3c3c3c3c3c3c3c3c3c3c3c3c2c3c
       347  ,<<<<<<<<<<<<<<<  2c3c3c3c3c3c3c3c3c3c3c3c3c3c3c3c
       338  <,<<<<<<<<<<<<<<  3c2c3c3c3c3c3c3c3c3c3c3c3c3c3c3c
       336  <<<<<<<<<<<<<,<<  3c3c3c3c3c3c3c3c3c3c3c3c3c2c3c3c
       333  <<,<<<<<<<<<<<<<  3c3c2c3c3c3c3c3c3c3c3c3c3c3c3c3c
       328  <<<<<<<,<<<<<<<<  3c3c3c3c3c3c3c2c3c3c3c3c3c3c3c3c
       325  <<<<<<<<<<<<,<<<  3c3c3c3c3c3c3c3c3c3c3c3c2c3c3c3c
# epoch 14600  H=2.3413 C=2.0334 HO=0.3015  A(t)=342
     11610  <<<<<<<<<<<<<<<<  3c3c3c3c3c3c3c3c3c3c3c3c3c3c3c3c
       464  ,,,,,,,,,,,,,,,,  2c2c2c2c2c2c2c2c2c2c2c2c2c2c2c2c
       347  <<<<<<<<<<<<<<<,  3c3c3c3c3c3c3c3c3c3c3c3c3c3c3c2c
       337  <<<<<<<<<<<<<<,<  3c3c3c3c3c3c3c3c3c3c3c3c3c3c2c3c
       324  ,<<<<<<<<<<<<<<<  2c3c3c3c3c3c3c3c3c3c3c3c3c3c3c3c
       319  <<<<<<<<<<<<,<<<  3c3c3c3c3c3c3c3c3c3c3c3c2c3c3c3c
       318  <<<<<<<<<<<<<,<<  3c3c3c3c3c3c3c3c3c3c3c3c3c2c3c3c
       317  <,<<<<<<<<<<<<<<  3c2c3c3c3c3c3c3c3c3c3c3c3c3c3c3c
       313  <<<<<<<<<<<,<<<<  3c3c3c3c3c3c3c3c3c3c3c2c3c3c3c3c
       312  <<<<<<,<<<<<<<<<  3c3c3c3c3c3c2c3c3c3c3c3c3c3c3c3c
# epoch 14650  H=2.2750 C=1.9550 HO=0.3194  A(t)=342
     12766  <<<<<<<<<<<<<<<<  3c3c3c3c3c3c3c3c3c3c3c3c3c3c3c3c
       699  ,,,,,,,,,,,,,,,,  2c2c2c2c2c2c2c2c2c2c2c2c2c2c2c2c
       353  <<<<<<<<<<<<<<<,  3c3c3c3c3c3c3c3c3c3c3c3c3c3c3c2c
       341  ,<<<<<<<<<<<<<<<  2c3c3c3c3c3c3c3c3c3c3c3c3c3c3c3c
       336  <<<<<<<<<<<<<<,<  3c3c3c3c3c3c3c3c3c3c3c3c3c3c2c3c
       324  <<<<<<<<<<<<<,<<  3c3c3c3c3c3c3c3c3c3c3c3c3c2c3c3c
       317  <,<<<<<<<<<<<<<<  3c2c3c3c3c3c3c3c3c3c3c3c3c3c3c3c
       315  <<,<<<<<<<<<<<<<  3c3c2c3c3c3c3c3c3c3c3c3c3c3c3c3c
       308  <<<<<<<<<<<<,<<<  3c3c3c3c3c3c3c3c3c3c3c3c2c3c3c3c
       305  <<<<<<<<<<<,<<<<  3c3c3c3c3c3c3c3c3c3c3c2c3c3c3c3c
# epoch 14700  H=2.2510 C=1.9679 HO=0.2822  A(t)=342
     13022  <<<<<<<<<<<<<<<<  3c3c3c3c3c3c3c3c3c3c3c3c3c3c3c3c
       502  {{{{{{{{{{{{{{{{  7b7b7b7b7b7b7b7b7b7b7b7b7b7b7b7b
       487  ,,,,,,,,,,,,,,,,  2c2c2c2c2c2c2c2c2c2c2c2c2c2c2c2c
       330  <<<<<<<<<<<<<<<,  3c3c3c3c3c3c3c3c3c3c3c3c3c3c3c2c
       324  <<<<<<<<<<<<<<,<  3c3c3c3c3c3c3c3c3c3c3c3c3c3c2c3c
       318  <<<<<<<<<<<<<,<<  3c3c3c3c3c3c3c3c3c3c3c3c3c2c3c3c
       307  <<<,<<<<<<<<<<<<  3c3c3c2c3c3c3c3c3c3c3c3c3c3c3c3c
       306  ,<<<<<<<<<<<<<<<  2c3c3c3c3c3c3c3c3c3c3c3c3c3c3c3c
       305  <<<<,<<<<<<<<<<<  3c3c3c3c2c3c3c3c3c3c3c3c3c3c3c3c
       303  <<<<<<<<<<<<,<<<  3c3c3c3c3c3c3c3c3c3c3c3c2c3c3c3c
# epoch 14750  H=2.2930 C=2.0396 HO=0.2533  A(t)=342
     13355  <<<<<<<<<<<<<<<<  3c3c3c3c3c3c3c3c3c3c3c3c3c3c3c3c
       339  <<<<<<<<<<<<<<<,  3c3c3c3c3c3c3c3c3c3c3c3c3c3c3c2c
       329  <<<<<<<<<<<<<,<<  3c3c3c3c3c3c3c3c3c3c3c3c3c2c3c3c
       323  <<<<<<<<<<<<<<,<  3c3c3c3c3c3c3c3c3c3c3c3c3c3c2c3c
       315  <<<<<<<<,<<<<<<<  3c3c3c3c3c3c3c3c2c3c3c3c3c3c3c3c
       315  <<<<<,<<<<<<<<<<  3c3c3c3c3c2c3c3c3c3c3c3c3c3c3c3c
       315  ,<<<<<<<<<<<<<<<  2c3c3c3c3c3c3c3c3c3c3c3c3c3c3c3c
       313  <<<<<<,<<<<<<<<<  3c3c3c3c3c3c2c3c3c3c3c3c3c3c3c3c
       312  <<<<<<<<<<<<,<<<  3c3c3c3c3c3c3c3c3c3c3c3c2c3c3c3c
       312  <<<<<<<<<<,<<<<<  3c3c3c3c3c3c3c3c3c3c2c3c3c3c3c3c
# epoch 14800  H=2.2776 C=1.9500 HO=0.3270  A(t)=342
     12511  <<<<<<<<<<<<<<<<  3c3c3c3c3c3c3c3c3c3c3c3c3c3c3c3c
       641  ,,,,,,,,,,,,,,,,  2c2c2c2c2c2c2c2c2c2c2c2c2c2c2c2c
       406  {{{{{{{{{{{{{{{{  7b7b7b7b7b7b7b7b7b7b7b7b7b7b7b7b
       322  <<<<<<<<<<<<<<<,  3c3c3c3c3c3c3c3c3c3c3c3c3c3c3c2c
       320  ,<<<<<<<<<<<<<<<  2c3c3c3c3c3c3c3c3c3c3c3c3c3c3c3c
       307  <,<<<<<<<<<<<<<<  3c2c3c3c3c3c3c3c3c3c3c3c3c3c3c3c
       297  <<<<<<<<<<<<<<,<  3c3c3c3c3c3c3c3c3c3c3c3c3c3c2c3c
       289  <<,<<<<<<<<<<<<<  3c3c2c3c3c3c3c3c3c3c3c3c3c3c3c3c
       288  <<<<,<<<<<<<<<<<  3c3c3c3c2c3c3c3c3c3c3c3c3c3c3c3c
       287  <<<,<<<<<<<<<<<<  3c3c3c2c3c3c3c3c3c3c3c3c3c3c3c3c
# epoch 14850  H=2.3373 C=2.0255 HO=0.2987  A(t)=343
     12797  <<<<<<<<<<<<<<<<  3c3c3c3c3c3c3c3c3c3c3c3c3c3c3c3c
       413  {{{{{{{{{{{{{{{{  7b7b7b7b7b7b7b7b7b7b7b7b7b7b7b7b
       411  ,,,,,,,,,,,,,,,,  2c2c2c2c2c2c2c2c2c2c2c2c2c2c2c2c
       329  <<<<<<<<<<<<<<<,  3c3c3c3c3c3c3c3c3c3c3c3c3c3c3c2c
       315  ,<<<<<<<<<<<<<<<  2c3c3c3c3c3c3c3c3c3c3c3c3c3c3c3c
       310  <<<<<<<<<<<<<<,<  3c3c3c3c3c3c3c3c3c3c3c3c3c3c2c3c
       299  <,<<<<<<<<<<<<<<  3c2c3c3c3c3c3c3c3c3c3c3c3c3c3c3c
       296  <<,<<<<<<<<<<<<<  3c3c2c3c3c3c3c3c3c3c3c3c3c3c3c3c
       295  <<<,<<<<<<<<<<<<  3c3c3c2c3c3c3c3c3c3c3c3c3c3c3c3c
       294  <<<<<<<<<<<<<,<<  3c3c3c3c3c3c3c3c3c3c3c3c3c2c3c3c
# epoch 14900  H=2.3545 C=2.0400 HO=0.3325  A(t)=343
     13643  <<<<<<<<<<<<<<<<  3c3c3c3c3c3c3c3c3c3c3c3c3c3c3c3c
       771  ,,,,,,,,,,,,,,,,  2c2c2c2c2c2c2c2c2c2c2c2c2c2c2c2c
       354  {{{{{{{{{{{{{{{{  7b7b7b7b7b7b7b7b7b7b7b7b7b7b7b7b
       348  <<<<<<<<<<<<<<<,  3c3c3c3c3c3c3c3c3c3c3c3c3c3c3c2c
       330  <<<<<<<<<<<<<<,<  3c3c3c3c3c3c3c3c3c3c3c3c3c3c2c3c
       320  ,<<<<<<<<<<<<<<<  2c3c3c3c3c3c3c3c3c3c3c3c3c3c3c3c
       315  <,<<<<<<<<<<<<<<  3c2c3c3c3c3c3c3c3c3c3c3c3c3c3c3c
       312  <<<<<<<<<<<<<,<<  3c3c3c3c3c3c3c3c3c3c3c3c3c2c3c3c
       302  <<,<<<<<<<<<<<<<  3c3c2c3c3c3c3c3c3c3c3c3c3c3c3c3c
       290  <<<<<<<<<<<<,<<<  3c3c3c3c3c3c3c3c3c3c3c3c2c3c3c3c
# epoch 14950  H=2.4761 C=2.1071 HO=0.3865  A(t)=343
     12083  <<<<<<<<<<<<<<<<  3c3c3c3c3c3c3c3c3c3c3c3c3c3c3c3c
       644  ,,,,,,,,,,,,,,,,  2c2c2c2c2c2c2c2c2c2c2c2c2c2c2c2c
       452  {{{{{{{{{{{{{{{{  7b7b7b7b7b7b7b7b7b7b7b7b7b7b7b7b
       349  <<<<<<<<<<<<<<<,  3c3c3c3c3c3c3c3c3c3c3c3c3c3c3c2c
       328  <<<<<<<<<<<<<<,<  3c3c3c3c3c3c3c3c3c3c3c3c3c3c2c3c
       328  ,<<<<<<<<<<<<<<<  2c3c3c3c3c3c3c3c3c3c3c3c3c3c3c3c
       327  <<<<<<<,<<<<<<<<  3c3c3c3c3c3c3c2c3c3c3c3c3c3c3c3c
       326  <<<<<<<<,<<<<<<<  3c3c3c3c3c3c3c3c2c3c3c3c3c3c3c3c
       325  <<,<<<<<<<<<<<<<  3c3c2c3c3c3c3c3c3c3c3c3c3c3c3c3c
       322  <<<<<<,<<<<<<<<<  3c3c3c3c3c3c2c3c3c3c3c3c3c3c3c3c
# epoch 15000  H=2.4503 C=2.0748 HO=0.3698  A(t)=343
     13227  <<<<<<<<<<<<<<<<  3c3c3c3c3c3c3c3c3c3c3c3c3c3c3c3c
       752  ,,,,,,,,,,,,,,,,  2c2c2c2c2c2c2c2c2c2c2c2c2c2c2c2c
       511  {{{{{{{{{{{{{{{{  7b7b7b7b7b7b7b7b7b7b7b7b7b7b7b7b
       355  <<<<<<<<<<<<<<<,  3c3c3c3c3c3c3c3c3c3c3c3c3c3c3c2c
       351  <<<<<<<<<<<<<<,<  3c3c3c3c3c3c3c3c3c3c3c3c3c3c2c3c
       344  ,<<<<<<<<<<<<<<<  2c3c3c3c3c3c3c3c3c3c3c3c3c3c3c3c
       343  <<<<,<<<<<<<<<<<  3c3c3c3c2c3c3c3c3c3c3c3c3c3c3c3c
       343  <,<<<<<<<<<<<<<<  3c2c3c3c3c3c3c3c3c3c3c3c3c3c3c3c
       342  <<<<<<<<<<<<<,<<  3c3c3c3c3c3c3c3c3c3c3c3c3c2c3c3c
       340  <<<<<<<<<<<,<<<<  3c3c3c3c3c3c3c3c3c3c3c2c3c3c3c3c
# epoch 15050  H=2.4666 C=2.1195 HO=0.3577  A(t)=343
     13288  <<<<<<<<<<<<<<<<  3c3c3c3c3c3c3c3c3c3c3c3c3c3c3c3c
       380  {{{{{{{{{{{{{{{{  7b7b7b7b7b7b7b7b7b7b7b7b7b7b7b7b
       359  <<<<<<<<<<<<<<<,  3c3c3c3c3c3c3c3c3c3c3c3c3c3c3c2c
       333  ,<<<<<<<<<<<<<<<  2c3c3c3c3c3c3c3c3c3c3c3c3c3c3c3c
       330  <<<<<<<<<<<<<<,<  3c3c3c3c3c3c3c3c3c3c3c3c3c3c2c3c
       321  <,<<<<<<<<<<<<<<  3c2c3c3c3c3c3c3c3c3c3c3c3c3c3c3c
       320  ,,,,,,,,,,,,,,,,  2c2c2c2c2c2c2c2c2c2c2c2c2c2c2c2c
       318  <<<<<<<<<<<<<,<<  3c3c3c3c3c3c3c3c3c3c3c3c3c2c3c3c
       317  <<,<<<<<<<<<<<<<  3c3c2c3c3c3c3c3c3c3c3c3c3c3c3c3c
       308  <<<<<<<<<<<<,<<<  3c3c3c3c3c3c3c3c3c3c3c3c2c3c3c3c
# epoch 15100  H=2.5135 C=2.1605 HO=0.3639  A(t)=343
     12512  <<<<<<<<<<<<<<<<  3c3c3c3c3c3c3c3c3c3c3c3c3c3c3c3c
       342  {{{{{{{{{{{{{{{{  7b7b7b7b7b7b7b7b7b7b7b7b7b7b7b7b
       336  ,,,,,,,,,,,,,,,,  2c2c2c2c2c2c2c2c2c2c2c2c2c2c2c2c
       309  <<<<<<<<<<<<<<<,  3c3c3c3c3c3c3c3c3c3c3c3c3c3c3c2c
       290  <<<<<<<,<<<<<<<<  3c3c3c3c3c3c3c2c3c3c3c3c3c3c3c3c
       287  <<<<<<<<<<<<<<,<  3c3c3c3c3c3c3c3c3c3c3c3c3c3c2c3c
       285  ,<<<<<<<<<<<<<<<  2c3c3c3c3c3c3c3c3c3c3c3c3c3c3c3c
       283  <<<<<<<<,<<<<<<<  3c3c3c3c3c3c3c3c2c3c3c3c3c3c3c3c
       280  <<<<<<,<<<<<<<<<  3c3c3c3c3c3c2c3c3c3c3c3c3c3c3c3c
       276  <<<<<<<<<,<<<<<<  3c3c3c3c3c3c3c3c3c2c3c3c3c3c3c3c
# epoch 15150  H=2.5565 C=2.1499 HO=0.4080  A(t)=343
     12374  <<<<<<<<<<<<<<<<  3c3c3c3c3c3c3c3c3c3c3c3c3c3c3c3c
       735  {{{{{{{{{{{{{{{{  7b7b7b7b7b7b7b7b7b7b7b7b7b7b7b7b
       482  ,,,,,,,,,,,,,,,,  2c2c2c2c2c2c2c2c2c2c2c2c2c2c2c2c
       315  <<<<<<<<<<<<<<<,  3c3c3c3c3c3c3c3c3c3c3c3c3c3c3c2c
       303  ,<<<<<<<<<<<<<<<  2c3c3c3c3c3c3c3c3c3c3c3c3c3c3c3c
       299  <<<<<<<<<<<<<<,<  3c3c3c3c3c3c3c3c3c3c3c3c3c3c2c3c
       298  <,<<<<<<<<<<<<<<  3c2c3c3c3c3c3c3c3c3c3c3c3c3c3c3c
       296  <<<<<<<<<<<<<,<<  3c3c3c3c3c3c3c3c3c3c3c3c3c2c3c3c
       296  <<<<<<<,<<<<<<<<  3c3c3c3c3c3c3c2c3c3c3c3c3c3c3c3c
       294  <<,<<<<<<<<<<<<<  3c3c2c3c3c3c3c3c3c3c3c3c3c3c3c3c
# epoch 15200  H=2.5582 C=2.1285 HO=0.4461  A(t)=343
     12537  <<<<<<<<<<<<<<<<  3c3c3c3c3c3c3c3c3c3c3c3c3c3c3c3c
       670  {{{{{{{{{{{{{{{{  7b7b7b7b7b7b7b7b7b7b7b7b7b7b7b7b
       488  ,,,,,,,,,,,,,,,,  2c2c2c2c2c2c2c2c2c2c2c2c2c2c2c2c
       310  <<<<<<<<<<<<<<<,  3c3c3c3c3c3c3c3c3c3c3c3c3c3c3c2c
       300  <<<<<<<<<<<<<<,<  3c3c3c3c3c3c3c3c3c3c3c3c3c3c2c3c
       282  <<<<<<<<<<<<<,<<  3c3c3c3c3c3c3c3c3c3c3c3c3c2c3c3c
       281  ,<<<<<<<<<<<<<<<  2c3c3c3c3c3c3c3c3c3c3c3c3c3c3c3c
       273  <<,<<<<<<<<<<<<<  3c3c2c3c3c3c3c3c3c3c3c3c3c3c3c3c
       270  <,<<<<<<<<<<<<<<  3c2c3c3c3c3c3c3c3c3c3c3c3c3c3c3c
       266  <<<<<<<<<<<<,<<<  3c3c3c3c3c3c3c3c3c3c3c3c2c3c3c3c
# epoch 15250  H=2.4899 C=2.0886 HO=0.3989  A(t)=343
     12047  <<<<<<<<<<<<<<<<  3c3c3c3c3c3c3c3c3c3c3c3c3c3c3c3c
       603  {{{{{{{{{{{{{{{{  7b7b7b7b7b7b7b7b7b7b7b7b7b7b7b7b
       343  ,,,,,,,,,,,,,,,,  2c2c2c2c2c2c2c2c2c2c2c2c2c2c2c2c
       331  <<<<<<<<<<<<<<<,  3c3c3c3c3c3c3c3c3c3c3c3c3c3c3c2c
       312  <<<<<<<<<<<<<<,<  3c3c3c3c3c3c3c3c3c3c3c3c3c3c2c3c
       307  <<<<<<<<<<<<,<<<  3c3c3c3c3c3c3c3c3c3c3c3c2c3c3c3c
       306  <<<<<<<<<<<<<,<<  3c3c3c3c3c3c3c3c3c3c3c3c3c2c3c3c
       304  ,<<<<<<<<<<<<<<<  2c3c3c3c3c3c3c3c3c3c3c3c3c3c3c3c
       296  <,<<<<<<<<<<<<<<  3c2c3c3c3c3c3c3c3c3c3c3c3c3c3c3c
       295  <<<,<<<<<<<<<<<<  3c3c3c2c3c3c3c3c3c3c3c3c3c3c3c3c
# epoch 15300  H=2.3667 C=1.9908 HO=0.3711  A(t)=343
     12547  <<<<<<<<<<<<<<<<  3c3c3c3c3c3c3c3c3c3c3c3c3c3c3c3c
       995  {{{{{{{{{{{{{{{{  7b7b7b7b7b7b7b7b7b7b7b7b7b7b7b7b
       395  ,,,,,,,,,,,,,,,,  2c2c2c2c2c2c2c2c2c2c2c2c2c2c2c2c
       302  <<<<<<<<<<<<<<<,  3c3c3c3c3c3c3c3c3c3c3c3c3c3c3c2c
       291  <<<<<<<<<<<<<<,<  3c3c3c3c3c3c3c3c3c3c3c3c3c3c2c3c
       281  <<<<<<<<,<<<<<<<  3c3c3c3c3c3c3c3c2c3c3c3c3c3c3c3c
       278  <<<<<<<<<<<<<,<<  3c3c3c3c3c3c3c3c3c3c3c3c3c2c3c3c
       277  <<<<<<<,<<<<<<<<  3c3c3c3c3c3c3c2c3c3c3c3c3c3c3c3c
       275  <<<<<<<<<<<<,<<<  3c3c3c3c3c3c3c3c3c3c3c3c2c3c3c3c
       275  ,<<<<<<<<<<<<<<<  2c3c3c3c3c3c3c3c3c3c3c3c3c3c3c3c
# epoch 15350  H=2.3475 C=1.9625 HO=0.3734  A(t)=343
     11876  <<<<<<<<<<<<<<<<  3c3c3c3c3c3c3c3c3c3c3c3c3c3c3c3c
      1022  {{{{{{{{{{{{{{{{  7b7b7b7b7b7b7b7b7b7b7b7b7b7b7b7b
       595  ,,,,,,,,,,,,,,,,  2c2c2c2c2c2c2c2c2c2c2c2c2c2c2c2c
       331  <<<<<<<<<<<<<<<,  3c3c3c3c3c3c3c3c3c3c3c3c3c3c3c2c
       316  ,<<<<<<<<<<<<<<<  2c3c3c3c3c3c3c3c3c3c3c3c3c3c3c3c
       310  <,<<<<<<<<<<<<<<  3c2c3c3c3c3c3c3c3c3c3c3c3c3c3c3c
       307  <<<<<<<<<<<<<<,<  3c3c3c3c3c3c3c3c3c3c3c3c3c3c2c3c
       300  <<,<<<<<<<<<<<<<  3c3c2c3c3c3c3c3c3c3c3c3c3c3c3c3c
       291  <<<<<<<<<<<<<,<<  3c3c3c3c3c3c3c3c3c3c3c3c3c2c3c3c
       281  <<<,<<<<<<<<<<<<  3c3c3c2c3c3c3c3c3c3c3c3c3c3c3c3c
# epoch 15400  H=2.3728 C=1.9666 HO=0.4032  A(t)=343
     12338  <<<<<<<<<<<<<<<<  3c3c3c3c3c3c3c3c3c3c3c3c3c3c3c3c
       865  {{{{{{{{{{{{{{{{  7b7b7b7b7b7b7b7b7b7b7b7b7b7b7b7b
       719  ,,,,,,,,,,,,,,,,  2c2c2c2c2c2c2c2c2c2c2c2c2c2c2c2c
       338  <<<<<<<<<<<<<<<,  3c3c3c3c3c3c3c3c3c3c3c3c3c3c3c2c
       329  <<<<<<<<<<<<<<,<  3c3c3c3c3c3c3c3c3c3c3c3c3c3c2c3c
       313  <<<<<<<<<<<<<,<<  3c3c3c3c3c3c3c3c3c3c3c3c3c2c3c3c
       310  ,<<<<<<<<<<<<<<<  2c3c3c3c3c3c3c3c3c3c3c3c3c3c3c3c
       309  <<<<<<<<<<<,<<<<  3c3c3c3c3c3c3c3c3c3c3c2c3c3c3c3c
       308  <,<<<<<<<<<<<<<<  3c2c3c3c3c3c3c3c3c3c3c3c3c3c3c3c
       307  <<<<<<<<<<<<,<<<  3c3c3c3c3c3c3c3c3c3c3c3c2c3c3c3c
# epoch 15450  H=2.2932 C=1.9117 HO=0.3713  A(t)=344
     12872  <<<<<<<<<<<<<<<<  3c3c3c3c3c3c3c3c3c3c3c3c3c3c3c3c
      1254  {{{{{{{{{{{{{{{{  7b7b7b7b7b7b7b7b7b7b7b7b7b7b7b7b
       880  ,,,,,,,,,,,,,,,,  2c2c2c2c2c2c2c2c2c2c2c2c2c2c2c2c
       355  <<<<<<<<<<<<<<<,  3c3c3c3c3c3c3c3c3c3c3c3c3c3c3c2c
       336  ,<<<<<<<<<<<<<<<  2c3c3c3c3c3c3c3c3c3c3c3c3c3c3c3c
       329  <<<<<<<<<<<<<<,<  3c3c3c3c3c3c3c3c3c3c3c3c3c3c2c3c
       317  <<<<<<<<<<<<<,<<  3c3c3c3c3c3c3c3c3c3c3c3c3c2c3c3c
       315  <,<<<<<<<<<<<<<<  3c2c3c3c3c3c3c3c3c3c3c3c3c3c3c3c
       307  <<<<<<<<<<<<,<<<  3c3c3c3c3c3c3c3c3c3c3c3c2c3c3c3c
       300  <<,<<<<<<<<<<<<<  3c3c2c3c3c3c3c3c3c3c3c3c3c3c3c3c
# epoch 15500  H=2.3459 C=1.9618 HO=0.3685  A(t)=344
     12811  <<<<<<<<<<<<<<<<  3c3c3c3c3c3c3c3c3c3c3c3c3c3c3c3c
       979  {{{{{{{{{{{{{{{{  7b7b7b7b7b7b7b7b7b7b7b7b7b7b7b7b
       692  ,,,,,,,,,,,,,,,,  2c2c2c2c2c2c2c2c2c2c2c2c2c2c2c2c
       340  <<<<<<<<<<<<<<<,  3c3c3c3c3c3c3c3c3c3c3c3c3c3c3c2c
       328  ,<<<<<<<<<<<<<<<  2c3c3c3c3c3c3c3c3c3c3c3c3c3c3c3c
       313  <<<<<<<<<<<<<<,<  3c3c3c3c3c3c3c3c3c3c3c3c3c3c2c3c
       304  <<<<<,<<<<<<<<<<  3c3c3c3c3c2c3c3c3c3c3c3c3c3c3c3c
       304  <,<<<<<<<<<<<<<<  3c2c3c3c3c3c3c3c3c3c3c3c3c3c3c3c
       303  <<<<<<<<<<<<<,<<  3c3c3c3c3c3c3c3c3c3c3c3c3c2c3c3c
       302  <<<,<<<<<<<<<<<<  3c3c3c2c3c3c3c3c3c3c3c3c3c3c3c3c
# epoch 15550  H=2.2893 C=1.9258 HO=0.3555  A(t)=344
     14565  <<<<<<<<<<<<<<<<  3c3c3c3c3c3c3c3c3c3c3c3c3c3c3c3c
       681  {{{{{{{{{{{{{{{{  7b7b7b7b7b7b7b7b7b7b7b7b7b7b7b7b
       641  ,,,,,,,,,,,,,,,,  2c2c2c2c2c2c2c2c2c2c2c2c2c2c2c2c
       377  <<<<<<<<<<<<<<<,  3c3c3c3c3c3c3c3c3c3c3c3c3c3c3c2c
       359  <<<<<<<<<<<<<<,<  3c3c3c3c3c3c3c3c3c3c3c3c3c3c2c3c
       348  ,<<<<<<<<<<<<<<<  2c3c3c3c3c3c3c3c3c3c3c3c3c3c3c3c
       343  <<<<<<<<<<<<<,<<  3c3c3c3c3c3c3c3c3c3c3c3c3c2c3c3c
       342  <,<<<<<<<<<<<<<<  3c2c3c3c3c3c3c3c3c3c3c3c3c3c3c3c
       333  <<<<<<<<,<<<<<<<  3c3c3c3c3c3c3c3c2c3c3c3c3c3c3c3c
       332  <<,<<<<<<<<<<<<<  3c3c2c3c3c3c3c3c3c3c3c3c3c3c3c3c
# epoch 15600  H=2.3064 C=1.9467 HO=0.3633  A(t)=344
     13322  <<<<<<<<<<<<<<<<  3c3c3c3c3c3c3c3c3c3c3c3c3c3c3c3c
       777  {{{{{{{{{{{{{{{{  7b7b7b7b7b7b7b7b7b7b7b7b7b7b7b7b
       525  ,,,,,,,,,,,,,,,,  2c2c2c2c2c2c2c2c2c2c2c2c2c2c2c2c
       374  <<<<<<<<<<<<<<<,  3c3c3c3c3c3c3c3c3c3c3c3c3c3c3c2c
       371  ,<<<<<<<<<<<<<<<  2c3c3c3c3c3c3c3c3c3c3c3c3c3c3c3c
       352  <,<<<<<<<<<<<<<<  3c2c3c3c3c3c3c3c3c3c3c3c3c3c3c3c
       343  <<<<<<<<<<<<<<,<  3c3c3c3c3c3c3c3c3c3c3c3c3c3c2c3c
       337  <<,<<<<<<<<<<<<<  3c3c2c3c3c3c3c3c3c3c3c3c3c3c3c3c
       331  <<<<<<<<<<<<<,<<  3c3c3c3c3c3c3c3c3c3c3c3c3c2c3c3c
       327  <<<,<<<<<<<<<<<<  3c3c3c2c3c3c3c3c3c3c3c3c3c3c3c3c
# epoch 15650  H=2.3481 C=2.0085 HO=0.3359  A(t)=344
     12720  <<<<<<<<<<<<<<<<  3c3c3c3c3c3c3c3c3c3c3c3c3c3c3c3c
       488  ,,,,,,,,,,,,,,,,  2c2c2c2c2c2c2c2c2c2c2c2c2c2c2c2c
       406  {{{{{{{{{{{{{{{{  7b7b7b7b7b7b7b7b7b7b7b7b7b7b7b7b
       357  <<<<<<<<<<<<<<<,  3c3c3c3c3c3c3c3c3c3c3c3c3c3c3c2c
       345  ,<<<<<<<<<<<<<<<  2c3c3c3c3c3c3c3c3c3c3c3c3c3c3c3c
       344  <<<<<<<<<<<<<<,<  3c3c3c3c3c3c3c3c3c3c3c3c3c3c2c3c
       340  <,<<<<<<<<<<<<<<  3c2c3c3c3c3c3c3c3c3c3c3c3c3c3c3c
       339  <<<<<<<<<<<<,<<<  3c3c3c3c3c3c3c3c3c3c3c3c2c3c3c3c
       336  <<<<<<<<<<<,<<<<  3c3c3c3c3c3c3c3c3c3c3c2c3c3c3c3c
       333  <<<<<<<<<<<<<,<<  3c3c3c3c3c3c3c3c3c3c3c3c3c2c3c3c
# epoch 15700  H=2.4091 C=2.0142 HO=0.3943  A(t)=344
     13251  <<<<<<<<<<<<<<<<  3c3c3c3c3c3c3c3c3c3c3c3c3c3c3c3c
       448  ,,,,,,,,,,,,,,,,  2c2c2c2c2c2c2c2c2c2c2c2c2c2c2c2c
       421  {{{{{{{{{{{{{{{{  7b7b7b7b7b7b7b7b7b7b7b7b7b7b7b7b
       361  <<<<<<<<<<<<<<<,  3c3c3c3c3c3c3c3c3c3c3c3c3c3c3c2c
       352  <<<<<<<<<<<<<<,<  3c3c3c3c3c3c3c3c3c3c3c3c3c3c2c3c
       337  <<<<<<<<<<<<<,<<  3c3c3c3c3c3c3c3c3c3c3c3c3c2c3c3c
       327  ,<<<<<<<<<<<<<<<  2c3c3c3c3c3c3c3c3c3c3c3c3c3c3c3c
       320  <<<<<<<<<<<<,<<<  3c3c3c3c3c3c3c3c3c3c3c3c2c3c3c3c
       312  <,<<<<<<<<<<<<<<  3c2c3c3c3c3c3c3c3c3c3c3c3c3c3c3c
       311  <<<<,<<<<<<<<<<<  3c3c3c3c2c3c3c3c3c3c3c3c3c3c3c3c
# epoch 15750  H=2.4247 C=2.0248 HO=0.4075  A(t)=344
     13005  <<<<<<<<<<<<<<<<  3c3c3c3c3c3c3c3c3c3c3c3c3c3c3c3c
       681  {{{{{{{{{{{{{{{{  7b7b7b7b7b7b7b7b7b7b7b7b7b7b7b7b
       553  ,,,,,,,,,,,,,,,,  2c2c2c2c2c2c2c2c2c2c2c2c2c2c2c2c
       329  <<<<<<<<<<<<<<<,  3c3c3c3c3c3c3c3c3c3c3c3c3c3c3c2c
       310  <<,<<<<<<<<<<<<<  3c3c2c3c3c3c3c3c3c3c3c3c3c3c3c3c
       310  <,<<<<<<<<<<<<<<  3c2c3c3c3c3c3c3c3c3c3c3c3c3c3c3c
       309  ,<<<<<<<<<<<<<<<  2c3c3c3c3c3c3c3c3c3c3c3c3c3c3c3c
       307  <<<<<<<<<<<<<<,<  3c3c3c3c3c3c3c3c3c3c3c3c3c3c2c3c
       307  <<<,<<<<<<<<<<<<  3c3c3c2c3c3c3c3c3c3c3c3c3c3c3c3c
       301  <<<<,<<<<<<<<<<<  3c3c3c3c2c3c3c3c3c3c3c3c3c3c3c3c
# epoch 15800  H=2.2824 C=1.8793 HO=0.4025  A(t)=344
     13337  <<<<<<<<<<<<<<<<  3c3c3c3c3c3c3c3c3c3c3c3c3c3c3c3c
       831  {{{{{{{{{{{{{{{{  7b7b7b7b7b7b7b7b7b7b7b7b7b7b7b7b
       742  ,,,,,,,,,,,,,,,,  2c2c2c2c2c2c2c2c2c2c2c2c2c2c2c2c
       377  <<<<<<<<<<<<<<<,  3c3c3c3c3c3c3c3c3c3c3c3c3c3c3c2c
       368  <<<<<<<<<<<<<<,<  3c3c3c3c3c3c3c3c3c3c3c3c3c3c2c3c
       362  <<<<<<<<<<<<,<<<  3c3c3c3c3c3c3c3c3c3c3c3c2c3c3c3c
       357  <<<<<<<<<<<<<,<<  3c3c3c3c3c3c3c3c3c3c3c3c3c2c3c3c
       355  <<<<<<<<<<<,<<<<  3c3c3c3c3c3c3c3c3c3c3c2c3c3c3c3c
       352  <,<<<<<<<<<<<<<<  3c2c3c3c3c3c3c3c3c3c3c3c3c3c3c3c
       345  <<<<<<<<<<,<<<<<  3c3c3c3c3c3c3c3c3c3c2c3c3c3c3c3c
# epoch 15850  H=2.2078 C=1.8121 HO=0.3973  A(t)=346
     13623  <<<<<<<<<<<<<<<<  3c3c3c3c3c3c3c3c3c3c3c3c3c3c3c3c
       875  ,,,,,,,,,,,,,,,,  2c2c2c2c2c2c2c2c2c2c2c2c2c2c2c2c
       794  {{{{{{{{{{{{{{{{  7b7b7b7b7b7b7b7b7b7b7b7b7b7b7b7b
       410  <<<<<<<<<<<<<<<,  3c3c3c3c3c3c3c3c3c3c3c3c3c3c3c2c
       409  <<<<<<<<<<<<<<,<  3c3c3c3c3c3c3c3c3c3c3c3c3c3c2c3c
       400  <<<,<<<<<<<<<<<<  3c3c3c2c3c3c3c3c3c3c3c3c3c3c3c3c
       399  <,<<<<<<<<<<<<<<  3c2c3c3c3c3c3c3c3c3c3c3c3c3c3c3c
       397  <<,<<<<<<<<<<<<<  3c3c2c3c3c3c3c3c3c3c3c3c3c3c3c3c
       396  <<<<,<<<<<<<<<<<  3c3c3c3c2c3c3c3c3c3c3c3c3c3c3c3c
       393  <<<<<<<<<<<<<,<<  3c3c3c3c3c3c3c3c3c3c3c3c3c2c3c3c
# epoch 15900  H=2.1620 C=1.7303 HO=0.4256  A(t)=347
     14321  <<<<<<<<<<<<<<<<  3c3c3c3c3c3c3c3c3c3c3c3c3c3c3c3c
       824  {{{{{{{{{{{{{{{{  7b7b7b7b7b7b7b7b7b7b7b7b7b7b7b7b
       777  ,,,,,,,,,,,,,,,,  2c2c2c2c2c2c2c2c2c2c2c2c2c2c2c2c
       380  <<<<<<<<<<<<<<<,  3c3c3c3c3c3c3c3c3c3c3c3c3c3c3c2c
       370  ,<<<<<<<<<<<<<<<  2c3c3c3c3c3c3c3c3c3c3c3c3c3c3c3c
       363  <<<<<<<<<<<<<<,<  3c3c3c3c3c3c3c3c3c3c3c3c3c3c2c3c
       361  <,<<<<<<<<<<<<<<  3c2c3c3c3c3c3c3c3c3c3c3c3c3c3c3c
       340  <<,<<<<<<<<<<<<<  3c3c2c3c3c3c3c3c3c3c3c3c3c3c3c3c
       337  <<<<<<<<<<<<<,<<  3c3c3c3c3c3c3c3c3c3c3c3c3c2c3c3c
       330  <<<<<<<<<<<<,<<<  3c3c3c3c3c3c3c3c3c3c3c3c2c3c3c3c
# epoch 15950  H=2.1573 C=1.7190 HO=0.4422  A(t)=347
     14578  <<<<<<<<<<<<<<<<  3c3c3c3c3c3c3c3c3c3c3c3c3c3c3c3c
       686  {{{{{{{{{{{{{{{{  7b7b7b7b7b7b7b7b7b7b7b7b7b7b7b7b
       491  ,,,,,,,,,,,,,,,,  2c2c2c2c2c2c2c2c2c2c2c2c2c2c2c2c
       381  <<<<<<<<<<<<<<,<  3c3c3c3c3c3c3c3c3c3c3c3c3c3c2c3c
       365  <<<<<<<<<<<<<<<,  3c3c3c3c3c3c3c3c3c3c3c3c3c3c3c2c
       362  <,<<<<<<<<<<<<<<  3c2c3c3c3c3c3c3c3c3c3c3c3c3c3c3c
       359  ,<<<<<<<<<<<<<<<  2c3c3c3c3c3c3c3c3c3c3c3c3c3c3c3c
       355  <<<<<<<<,<<<<<<<  3c3c3c3c3c3c3c3c2c3c3c3c3c3c3c3c
       352  <<,<<<<<<<<<<<<<  3c3c2c3c3c3c3c3c3c3c3c3c3c3c3c3c
       348  <<<<<<<,<<<<<<<<  3c3c3c3c3c3c3c2c3c3c3c3c3c3c3c3c
# epoch 16000  H=2.2408 C=1.8223 HO=0.4267  A(t)=347
     13605  <<<<<<<<<<<<<<<<  3c3c3c3c3c3c3c3c3c3c3c3c3c3c3c3c
       934  {{{{{{{{{{{{{{{{  7b7b7b7b7b7b7b7b7b7b7b7b7b7b7b7b
       475  ,,,,,,,,,,,,,,,,  2c2c2c2c2c2c2c2c2c2c2c2c2c2c2c2c
       312  <<<<<<<<,<<<<<<<  3c3c3c3c3c3c3c3c2c3c3c3c3c3c3c3c
       307  <<<<<<<<<,<<<<<<  3c3c3c3c3c3c3c3c3c2c3c3c3c3c3c3c
       304  <<<<<<<<<<<<<<<,  3c3c3c3c3c3c3c3c3c3c3c3c3c3c3c2c
       304  <<<<<<<,<<<<<<<<  3c3c3c3c3c3c3c2c3c3c3c3c3c3c3c3c
       303  ,<<<<<<<<<<<<<<<  2c3c3c3c3c3c3c3c3c3c3c3c3c3c3c3c
       301  <<<<<<,<<<<<<<<<  3c3c3c3c3c3c2c3c3c3c3c3c3c3c3c3c
       300  <<<<<<<<<<,<<<<<  3c3c3c3c3c3c3c3c3c3c2c3c3c3c3c3c
# epoch 16050  H=2.2692 C=1.8300 HO=0.4494  A(t)=347
     12461  <<<<<<<<<<<<<<<<  3c3c3c3c3c3c3c3c3c3c3c3c3c3c3c3c
      1270  {{{{{{{{{{{{{{{{  7b7b7b7b7b7b7b7b7b7b7b7b7b7b7b7b
       489  ,,,,,,,,,,,,,,,,  2c2c2c2c2c2c2c2c2c2c2c2c2c2c2c2c
       344  <<<<<<<<<<<<<<<,  3c3c3c3c3c3c3c3c3c3c3c3c3c3c3c2c
       328  ,<<<<<<<<<<<<<<<  2c3c3c3c3c3c3c3c3c3c3c3c3c3c3c3c
       322  <<<<<<<<<<<<<,<<  3c3c3c3c3c3c3c3c3c3c3c3c3c2c3c3c
       321  <<,<<<<<<<<<<<<<  3c3c2c3c3c3c3c3c3c3c3c3c3c3c3c3c
       319  <<<<<<<<<<<<<<,<  3c3c3c3c3c3c3c3c3c3c3c3c3c3c2c3c
       319  <,<<<<<<<<<<<<<<  3c2c3c3c3c3c3c3c3c3c3c3c3c3c3c3c
       310  <<<<<<<<<<<<,<<<  3c3c3c3c3c3c3c3c3c3c3c3c2c3c3c3c
# epoch 16100  H=2.2824 C=1.8362 HO=0.4406  A(t)=347
     12407  <<<<<<<<<<<<<<<<  3c3c3c3c3c3c3c3c3c3c3c3c3c3c3c3c
      1301  {{{{{{{{{{{{{{{{  7b7b7b7b7b7b7b7b7b7b7b7b7b7b7b7b
       791  ,,,,,,,,,,,,,,,,  2c2c2c2c2c2c2c2c2c2c2c2c2c2c2c2c
       331  <<<<<<<<<<<<<<<,  3c3c3c3c3c3c3c3c3c3c3c3c3c3c3c2c
       314  <<<<<<<<<<<<<<,<  3c3c3c3c3c3c3c3c3c3c3c3c3c3c2c3c
       309  ,<<<<<<<<<<<<<<<  2c3c3c3c3c3c3c3c3c3c3c3c3c3c3c3c
       308  <<<<<<<<<<<<<,<<  3c3c3c3c3c3c3c3c3c3c3c3c3c2c3c3c
       308  <,<<<<<<<<<<<<<<  3c2c3c3c3c3c3c3c3c3c3c3c3c3c3c3c
       302  <<,<<<<<<<<<<<<<  3c3c2c3c3c3c3c3c3c3c3c3c3c3c3c3c
       295  <<<<<<<<<<<<,<<<  3c3c3c3c3c3c3c3c3c3c3c3c2c3c3c3c
# epoch 16150  H=2.2619 C=1.8488 HO=0.4184  A(t)=347
     13230  <<<<<<<<<<<<<<<<  3c3c3c3c3c3c3c3c3c3c3c3c3c3c3c3c
      1292  {{{{{{{{{{{{{{{{  7b7b7b7b7b7b7b7b7b7b7b7b7b7b7b7b
       629  ,,,,,,,,,,,,,,,,  2c2c2c2c2c2c2c2c2c2c2c2c2c2c2c2c
       356  <<<<<<<<<<<<<<<,  3c3c3c3c3c3c3c3c3c3c3c3c3c3c3c2c
       351  <<<<<<<<<<<<<<,<  3c3c3c3c3c3c3c3c3c3c3c3c3c3c2c3c
       341  <<<<<<<<<<<<<,<<  3c3c3c3c3c3c3c3c3c3c3c3c3c2c3c3c
       339  <<<<<<<<<<<,<<<<  3c3c3c3c3c3c3c3c3c3c3c2c3c3c3c3c
       332  <<<<<<<<<<<<,<<<  3c3c3c3c3c3c3c3c3c3c3c3c2c3c3c3c
       332  <<<<<,<<<<<<<<<<  3c3c3c3c3c2c3c3c3c3c3c3c3c3c3c3c
       332  <<<<,<<<<<<<<<<<  3c3c3c3c2c3c3c3c3c3c3c3c3c3c3c3c
# epoch 16200  H=2.2825 C=1.8430 HO=0.4492  A(t)=347
     13054  <<<<<<<<<<<<<<<<  3c3c3c3c3c3c3c3c3c3c3c3c3c3c3c3c
      1167  {{{{{{{{{{{{{{{{  7b7b7b7b7b7b7b7b7b7b7b7b7b7b7b7b
       486  ,,,,,,,,,,,,,,,,  2c2c2c2c2c2c2c2c2c2c2c2c2c2c2c2c
       358  <<<<<<<<<<<<<<<,  3c3c3c3c3c3c3c3c3c3c3c3c3c3c3c2c
       344  <<<<<<<<<<<<<<,<  3c3c3c3c3c3c3c3c3c3c3c3c3c3c2c3c
       334  ,<<<<<<<<<<<<<<<  2c3c3c3c3c3c3c3c3c3c3c3c3c3c3c3c
       332  <<<<<<<<<<<<<,<<  3c3c3c3c3c3c3c3c3c3c3c3c3c2c3c3c
       314  <<,<<<<<<<<<<<<<  3c3c2c3c3c3c3c3c3c3c3c3c3c3c3c3c
       313  <,<<<<<<<<<<<<<<  3c2c3c3c3c3c3c3c3c3c3c3c3c3c3c3c
       310  <<<<<<<,<<<<<<<<  3c3c3c3c3c3c3c2c3c3c3c3c3c3c3c3c
# epoch 16250  H=2.2283 C=1.7975 HO=0.4202  A(t)=347
     13047  <<<<<<<<<<<<<<<<  3c3c3c3c3c3c3c3c3c3c3c3c3c3c3c3c
       956  {{{{{{{{{{{{{{{{  7b7b7b7b7b7b7b7b7b7b7b7b7b7b7b7b
       704  ,,,,,,,,,,,,,,,,  2c2c2c2c2c2c2c2c2c2c2c2c2c2c2c2c
       382  <<<<<<<<<<<<<<<,  3c3c3c3c3c3c3c3c3c3c3c3c3c3c3c2c
       353  ,<<<<<<<<<<<<<<<  2c3c3c3c3c3c3c3c3c3c3c3c3c3c3c3c
       345  <<<<<<<<<<<<<<,<  3c3c3c3c3c3c3c3c3c3c3c3c3c3c2c3c
       340  <,<<<<<<<<<<<<<<  3c2c3c3c3c3c3c3c3c3c3c3c3c3c3c3c
       329  <<<<<<<<<<<<<,<<  3c3c3c3c3c3c3c3c3c3c3c3c3c2c3c3c
       321  <<<<<<<<<<<<,<<<  3c3c3c3c3c3c3c3c3c3c3c3c2c3c3c3c
       320  <<<,<<<<<<<<<<<<  3c3c3c2c3c3c3c3c3c3c3c3c3c3c3c3c
# epoch 16300  H=2.1897 C=1.7861 HO=0.3914  A(t)=347
     13609  <<<<<<<<<<<<<<<<  3c3c3c3c3c3c3c3c3c3c3c3c3c3c3c3c
       921  {{{{{{{{{{{{{{{{  7b7b7b7b7b7b7b7b7b7b7b7b7b7b7b7b
       517  ,,,,,,,,,,,,,,,,  2c2c2c2c2c2c2c2c2c2c2c2c2c2c2c2c
       335  <<<<<<<<<<<<<<<,  3c3c3c3c3c3c3c3c3c3c3c3c3c3c3c2c
       328  <<<<<<<<<<<<<<,<  3c3c3c3c3c3c3c3c3c3c3c3c3c3c2c3c
       327  ,<<<<<<<<<<<<<<<  2c3c3c3c3c3c3c3c3c3c3c3c3c3c3c3c
       315  <<<<<<<<<<<<,<<<  3c3c3c3c3c3c3c3c3c3c3c3c2c3c3c3c
       313  <,<<<<<<<<<<<<<<  3c2c3c3c3c3c3c3c3c3c3c3c3c3c3c3c
       310  <<<<<<<<<<<<<,<<  3c3c3c3c3c3c3c3c3c3c3c3c3c2c3c3c
       307  <<<<,<<<<<<<<<<<  3c3c3c3c2c3c3c3c3c3c3c3c3c3c3c3c
# epoch 16350  H=2.3047 C=1.8154 HO=0.4893  A(t)=347
     12828  <<<<<<<<<<<<<<<<  3c3c3c3c3c3c3c3c3c3c3c3c3c3c3c3c
      1068  {{{{{{{{{{{{{{{{  7b7b7b7b7b7b7b7b7b7b7b7b7b7b7b7b
       648  ,,,,,,,,,,,,,,,,  2c2c2c2c2c2c2c2c2c2c2c2c2c2c2c2c
       288  <<<<<<<<<<<<<<<,  3c3c3c3c3c3c3c3c3c3c3c3c3c3c3c2c
       286  ,<<<<<<<<<<<<<<<  2c3c3c3c3c3c3c3c3c3c3c3c3c3c3c3c
       274  <<<<,<<<<<<<<<<<  3c3c3c3c2c3c3c3c3c3c3c3c3c3c3c3c
       274  <,<<<<<<<<<<<<<<  3c2c3c3c3c3c3c3c3c3c3c3c3c3c3c3c
       268  <<<<<<<<<<<<<<,<  3c3c3c3c3c3c3c3c3c3c3c3c3c3c2c3c
       264  <<<<<<<<<,<<<<<<  3c3c3c3c3c3c3c3c3c2c3c3c3c3c3c3c
       263  <<<<<<<<<<,<<<<<  3c3c3c3c3c3c3c3c3c3c2c3c3c3c3c3c
# epoch 16400  H=2.3789 C=1.9087 HO=0.4632  A(t)=347
     11748  <<<<<<<<<<<<<<<<  3c3c3c3c3c3c3c3c3c3c3c3c3c3c3c3c
      1456  {{{{{{{{{{{{{{{{  7b7b7b7b7b7b7b7b7b7b7b7b7b7b7b7b
       632  ,,,,,,,,,,,,,,,,  2c2c2c2c2c2c2c2c2c2c2c2c2c2c2c2c
       303  <<<<<<<<<<<<<<<,  3c3c3c3c3c3c3c3c3c3c3c3c3c3c3c2c
       298  <<<<<<<<<<<<<<,<  3c3c3c3c3c3c3c3c3c3c3c3c3c3c2c3c
       289  <,<<<<<<<<<<<<<<  3c2c3c3c3c3c3c3c3c3c3c3c3c3c3c3c
       285  ,<<<<<<<<<<<<<<<  2c3c3c3c3c3c3c3c3c3c3c3c3c3c3c3c
       277  <<<<<<<,<<<<<<<<  3c3c3c3c3c3c3c2c3c3c3c3c3c3c3c3c
       276  <<<<<<<<,<<<<<<<  3c3c3c3c3c3c3c3c2c3c3c3c3c3c3c3c
       274  <<<<<<,<<<<<<<<<  3c3c3c3c3c3c2c3c3c3c3c3c3c3c3c3c
# epoch 16450  H=2.3379 C=1.9076 HO=0.4339  A(t)=347
     12411  <<<<<<<<<<<<<<<<  3c3c3c3c3c3c3c3c3c3c3c3c3c3c3c3c
      1287  {{{{{{{{{{{{{{{{  7b7b7b7b7b7b7b7b7b7b7b7b7b7b7b7b
       735  ,,,,,,,,,,,,,,,,  2c2c2c2c2c2c2c2c2c2c2c2c2c2c2c2c
       317  <<<<<<<<<<<<<<<,  3c3c3c3c3c3c3c3c3c3c3c3c3c3c3c2c
       299  ,<<<<<<<<<<<<<<<  2c3c3c3c3c3c3c3c3c3c3c3c3c3c3c3c
       282  <,<<<<<<<<<<<<<<  3c2c3c3c3c3c3c3c3c3c3c3c3c3c3c3c
       278  <<<<<<<<<<<<<<,<  3c3c3c3c3c3c3c3c3c3c3c3c3c3c2c3c
       271  <<<<<<<<<<<<<,<<  3c3c3c3c3c3c3c3c3c3c3c3c3c2c3c3c
       266  <<,<<<<<<<<<<<<<  3c3c2c3c3c3c3c3c3c3c3c3c3c3c3c3c
       265  <<<<<<<<<,<<<<<<  3c3c3c3c3c3c3c3c3c2c3c3c3c3c3c3c
# epoch 16500  H=2.3840 C=1.9885 HO=0.3936  A(t)=348
     11590  <<<<<<<<<<<<<<<<  3c3c3c3c3c3c3c3c3c3c3c3c3c3c3c3c
       976  {{{{{{{{{{{{{{{{  7b7b7b7b7b7b7b7b7b7b7b7b7b7b7b7b
       912  ,,,,,,,,,,,,,,,,  2c2c2c2c2c2c2c2c2c2c2c2c2c2c2c2c
       317  ,<<<<<<<<<<<<<<<  2c3c3c3c3c3c3c3c3c3c3c3c3c3c3c3c
       312  <<<<<<<<<<<<<<<,  3c3c3c3c3c3c3c3c3c3c3c3c3c3c3c2c
       300  <<<<<<<<<<<<<<,<  3c3c3c3c3c3c3c3c3c3c3c3c3c3c2c3c
       300  <,<<<<<<<<<<<<<<  3c2c3c3c3c3c3c3c3c3c3c3c3c3c3c3c
       290  <<<<<<<<<<<,<<<<  3c3c3c3c3c3c3c3c3c3c3c2c3c3c3c3c
       290  <<,<<<<<<<<<<<<<  3c3c2c3c3c3c3c3c3c3c3c3c3c3c3c3c
       289  <<<<<<<<<<,<<<<<  3c3c3c3c3c3c3c3c3c3c2c3c3c3c3c3c
# epoch 16550  H=2.4661 C=2.0793 HO=0.4014  A(t)=348
     11726  <<<<<<<<<<<<<<<<  3c3c3c3c3c3c3c3c3c3c3c3c3c3c3c3c
       868  {{{{{{{{{{{{{{{{  7b7b7b7b7b7b7b7b7b7b7b7b7b7b7b7b
       451  ,,,,,,,,,,,,,,,,  2c2c2c2c2c2c2c2c2c2c2c2c2c2c2c2c
       301  <<<<<<<<<<<<<<<,  3c3c3c3c3c3c3c3c3c3c3c3c3c3c3c2c
       296  <<<<<<<<<<<<<<,<  3c3c3c3c3c3c3c3c3c3c3c3c3c3c2c3c
       284  <<<<<<<<<<<<<,<<  3c3c3c3c3c3c3c3c3c3c3c3c3c2c3c3c
       277  <<<<<<<,<<<<<<<<  3c3c3c3c3c3c3c2c3c3c3c3c3c3c3c3c
       277  ,<<<<<<<<<<<<<<<  2c3c3c3c3c3c3c3c3c3c3c3c3c3c3c3c
       276  <<<<<<<<<<<<,<<<  3c3c3c3c3c3c3c3c3c3c3c3c2c3c3c3c
       276  <<<<<<<<<<,<<<<<  3c3c3c3c3c3c3c3c3c3c2c3c3c3c3c3c
# epoch 16600  H=2.3919 C=2.0442 HO=0.3575  A(t)=348
     11990  <<<<<<<<<<<<<<<<  3c3c3c3c3c3c3c3c3c3c3c3c3c3c3c3c
       530  {{{{{{{{{{{{{{{{  7b7b7b7b7b7b7b7b7b7b7b7b7b7b7b7b
       409  ,,,,,,,,,,,,,,,,  2c2c2c2c2c2c2c2c2c2c2c2c2c2c2c2c
       335  <<<<<<<<<<<<<<<,  3c3c3c3c3c3c3c3c3c3c3c3c3c3c3c2c
       332  <<<<<<<<<<<<<<,<  3c3c3c3c3c3c3c3c3c3c3c3c3c3c2c3c
       319  <<<<<<<<<<<<<,<<  3c3c3c3c3c3c3c3c3c3c3c3c3c2c3c3c
       317  ,<<<<<<<<<<<<<<<  2c3c3c3c3c3c3c3c3c3c3c3c3c3c3c3c
       314  <<<<<<<<<<<<,<<<  3c3c3c3c3c3c3c3c3c3c3c3c2c3c3c3c
       313  <<<<<<<<<<<,<<<<  3c3c3c3c3c3c3c3c3c3c3c2c3c3c3c3c
       310  <,<<<<<<<<<<<<<<  3c2c3c3c3c3c3c3c3c3c3c3c3c3c3c3c
# epoch 16650  H=2.3222 C=2.0062 HO=0.3155  A(t)=348
     12450  <<<<<<<<<<<<<<<<  3c3c3c3c3c3c3c3c3c3c3c3c3c3c3c3c
       822  {{{{{{{{{{{{{{{{  7b7b7b7b7b7b7b7b7b7b7b7b7b7b7b7b
       302  <,<<<<<<<<<<<<<<  3c2c3c3c3c3c3c3c3c3c3c3c3c3c3c3c
       301  <<<<<<<<<<<<<<,<  3c3c3c3c3c3c3c3c3c3c3c3c3c3c2c3c
       301  ,<<<<<<<<<<<<<<<  2c3c3c3c3c3c3c3c3c3c3c3c3c3c3c3c
       299  <<<<<<<<<<<<<<<,  3c3c3c3c3c3c3c3c3c3c3c3c3c3c3c2c
       296  <<,<<<<<<<<<<<<<  3c3c2c3c3c3c3c3c3c3c3c3c3c3c3c3c
       292  <<<,<<<<<<<<<<<<  3c3c3c2c3c3c3c3c3c3c3c3c3c3c3c3c
       286  <<<<<<<,<<<<<<<<  3c3c3c3c3c3c3c2c3c3c3c3c3c3c3c3c
       283  <<<<<<<<<<<<<,<<  3c3c3c3c3c3c3c3c3c3c3c3c3c2c3c3c
# epoch 16700  H=2.5307 C=2.1783 HO=0.3508  A(t)=348
     10486  <<<<<<<<<<<<<<<<  3c3c3c3c3c3c3c3c3c3c3c3c3c3c3c3c
       653  {{{{{{{{{{{{{{{{  7b7b7b7b7b7b7b7b7b7b7b7b7b7b7b7b
       441  ,,,,,,,,,,,,,,,,  2c2c2c2c2c2c2c2c2c2c2c2c2c2c2c2c
       286  <<<<<<<<<<<<<<<,  3c3c3c3c3c3c3c3c3c3c3c3c3c3c3c2c
       277  ,<<<<<<<<<<<<<<<  2c3c3c3c3c3c3c3c3c3c3c3c3c3c3c3c
       273  <<<<<<<<<<<<<<,<  3c3c3c3c3c3c3c3c3c3c3c3c3c3c2c3c
       261  <<<<<<<<<<<<<,<<  3c3c3c3c3c3c3c3c3c3c3c3c3c2c3c3c
       259  <,<<<<<<<<<<<<<<  3c2c3c3c3c3c3c3c3c3c3c3c3c3c3c3c
       257  <<<<<<<<<<<,<<<<  3c3c3c3c3c3c3c3c3c3c3c2c3c3c3c3c
       256  <<<<<<<<<<<<,<<<  3c3c3c3c3c3c3c3c3c3c3c3c2c3c3c3c
# epoch 16750  H=2.4788 C=2.1235 HO=0.3585  A(t)=348
     12531  <<<<<<<<<<<<<<<<  3c3c3c3c3c3c3c3c3c3c3c3c3c3c3c3c
       599  {{{{{{{{{{{{{{{{  7b7b7b7b7b7b7b7b7b7b7b7b7b7b7b7b
       333  <<<<<<<<<<<<<<<,  3c3c3c3c3c3c3c3c3c3c3c3c3c3c3c2c
       320  <<<<<<<<<<<<<<,<  3c3c3c3c3c3c3c3c3c3c3c3c3c3c2c3c
       309  <<<<<<<<<<<<<,<<  3c3c3c3c3c3c3c3c3c3c3c3c3c2c3c3c
       306  <<<<<<<<<<<<,<<<  3c3c3c3c3c3c3c3c3c3c3c3c2c3c3c3c
       301  <,<<<<<<<<<<<<<<  3c2c3c3c3c3c3c3c3c3c3c3c3c3c3c3c
       293  ,<<<<<<<<<<<<<<<  2c3c3c3c3c3c3c3c3c3c3c3c3c3c3c3c
       290  <<,<<<<<<<<<<<<<  3c3c2c3c3c3c3c3c3c3c3c3c3c3c3c3c
       287  <<<,<<<<<<<<<<<<  3c3c3c2c3c3c3c3c3c3c3c3c3c3c3c3c
# epoch 16800  H=2.4959 C=2.1267 HO=0.3664  A(t)=348
     11664  <<<<<<<<<<<<<<<<  3c3c3c3c3c3c3c3c3c3c3c3c3c3c3c3c
       940  {{{{{{{{{{{{{{{{  7b7b7b7b7b7b7b7b7b7b7b7b7b7b7b7b
       431  ,,,,,,,,,,,,,,,,  2c2c2c2c2c2c2c2c2c2c2c2c2c2c2c2c
       295  <<<<<<<<<<<<<<<,  3c3c3c3c3c3c3c3c3c3c3c3c3c3c3c2c
       295  <<<<<<<<<<<<<<,<  3c3c3c3c3c3c3c3c3c3c3c3c3c3c2c3c
       288  <<<<<<<<<<<<<,<<  3c3c3c3c3c3c3c3c3c3c3c3c3c2c3c3c
       288  <<<<<<<<<<<<,<<<  3c3c3c3c3c3c3c3c3c3c3c3c2c3c3c3c
       285  <<<<<<<<<<<,<<<<  3c3c3c3c3c3c3c3c3c3c3c2c3c3c3c3c
       279  <<<<<<<<,<<<<<<<  3c3c3c3c3c3c3c3c2c3c3c3c3c3c3c3c
       278  <<<<,<<<<<<<<<<<  3c3c3c3c2c3c3c3c3c3c3c3c3c3c3c3c
# epoch 16850  H=2.4326 C=2.0707 HO=0.3543  A(t)=348
     12816  <<<<<<<<<<<<<<<<  3c3c3c3c3c3c3c3c3c3c3c3c3c3c3c3c
       737  {{{{{{{{{{{{{{{{  7b7b7b7b7b7b7b7b7b7b7b7b7b7b7b7b
       483  ,,,,,,,,,,,,,,,,  2c2c2c2c2c2c2c2c2c2c2c2c2c2c2c2c
       332  <<<<<<<<<<<<<<<,  3c3c3c3c3c3c3c3c3c3c3c3c3c3c3c2c
       321  <<<<<<<<<<<<<<,<  3c3c3c3c3c3c3c3c3c3c3c3c3c3c2c3c
       320  <<<<<<<<<<<<,<<<  3c3c3c3c3c3c3c3c3c3c3c3c2c3c3c3c
       319  <<<<<<<<<<<<<,<<  3c3c3c3c3c3c3c3c3c3c3c3c3c2c3c3c
       305  <<<<<<<<,<<<<<<<  3c3c3c3c3c3c3c3c2c3c3c3c3c3c3c3c
       300  <<<<<<<<<<<,<<<<  3c3c3c3c3c3c3c3c3c3c3c2c3c3c3c3c
       300  <<<<<<<,<<<<<<<<  3c3c3c3c3c3c3c2c3c3c3c3c3c3c3c3c
# epoch 16900  H=2.4226 C=2.0759 HO=0.3454  A(t)=348
     12559  <<<<<<<<<<<<<<<<  3c3c3c3c3c3c3c3c3c3c3c3c3c3c3c3c
       572  {{{{{{{{{{{{{{{{  7b7b7b7b7b7b7b7b7b7b7b7b7b7b7b7b
       341  ,,,,,,,,,,,,,,,,  2c2c2c2c2c2c2c2c2c2c2c2c2c2c2c2c
       326  <<<<<<<<<<<<<<<,  3c3c3c3c3c3c3c3c3c3c3c3c3c3c3c2c
       318  ,<<<<<<<<<<<<<<<  2c3c3c3c3c3c3c3c3c3c3c3c3c3c3c3c
       307  <,<<<<<<<<<<<<<<  3c2c3c3c3c3c3c3c3c3c3c3c3c3c3c3c
       306  <<<<<<<<<<<<<<,<  3c3c3c3c3c3c3c3c3c3c3c3c3c3c2c3c
       290  <<,<<<<<<<<<<<<<  3c3c2c3c3c3c3c3c3c3c3c3c3c3c3c3c
       289  <<<<<<<<<<<<<,<<  3c3c3c3c3c3c3c3c3c3c3c3c3c2c3c3c
       289  <<<<<<<<<<,<<<<<  3c3c3c3c3c3c3c3c3c3c2c3c3c3c3c3c
# epoch 16950  H=2.4228 C=2.0641 HO=0.3536  A(t)=348
     11764  <<<<<<<<<<<<<<<<  3c3c3c3c3c3c3c3c3c3c3c3c3c3c3c3c
       762  {{{{{{{{{{{{{{{{  7b7b7b7b7b7b7b7b7b7b7b7b7b7b7b7b
       395  ,,,,,,,,,,,,,,,,  2c2c2c2c2c2c2c2c2c2c2c2c2c2c2c2c
       346  <<<<<<<<<<<<<<<,  3c3c3c3c3c3c3c3c3c3c3c3c3c3c3c2c
       331  ,<<<<<<<<<<<<<<<  2c3c3c3c3c3c3c3c3c3c3c3c3c3c3c3c
       320  <<<<<<<<<<<<<<,<  3c3c3c3c3c3c3c3c3c3c3c3c3c3c2c3c
       312  <,<<<<<<<<<<<<<<  3c2c3c3c3c3c3c3c3c3c3c3c3c3c3c3c
       309  <<<<<<<<<<<<<,<<  3c3c3c3c3c3c3c3c3c3c3c3c3c2c3c3c
       306  <<<<<<<<<<<<,<<<  3c3c3c3c3c3c3c3c3c3c3c3c2c3c3c3c
       300  <<,<<<<<<<<<<<<<  3c3c2c3c3c3c3c3c3c3c3c3c3c3c3c3c
# epoch 17000  H=2.3991 C=2.0449 HO=0.3501  A(t)=348
     12058  <<<<<<<<<<<<<<<<  3c3c3c3c3c3c3c3c3c3c3c3c3c3c3c3c
       584  ,,,,,,,,,,,,,,,,  2c2c2c2c2c2c2c2c2c2c2c2c2c2c2c2c
       563  {{{{{{{{{{{{{{{{  7b7b7b7b7b7b7b7b7b7b7b7b7b7b7b7b
       305  <<<<<<<<<<<<<<<,  3c3c3c3c3c3c3c3c3c3c3c3c3c3c3c2c
       269  <<<<<<<<<<<<<<,<  3c3c3c3c3c3c3c3c3c3c3c3c3c3c2c3c
       269  ,<<<<<<<<<<<<<<<  2c3c3c3c3c3c3c3c3c3c3c3c3c3c3c3c
       260  <<<<<<<<<<<<<,<<  3c3c3c3c3c3c3c3c3c3c3c3c3c2c3c3c
       260  <,<<<<<<<<<<<<<<  3c2c3c3c3c3c3c3c3c3c3c3c3c3c3c3c
       248  <<<<<<<<,<<<<<<<  3c3c3c3c3c3c3c3c2c3c3c3c3c3c3c3c
       247  <<<<<<<,<<<<<<<<  3c3c3c3c3c3c3c2c3c3c3c3c3c3c3c3c
# epoch 17050  H=2.4638 C=2.1074 HO=0.3633  A(t)=348
     11252  <<<<<<<<<<<<<<<<  3c3c3c3c3c3c3c3c3c3c3c3c3c3c3c3c
       762  {{{{{{{{{{{{{{{{  7b7b7b7b7b7b7b7b7b7b7b7b7b7b7b7b
       394  ,,,,,,,,,,,,,,,,  2c2c2c2c2c2c2c2c2c2c2c2c2c2c2c2c
       280  <<<<<<<<<<<<<<<,  3c3c3c3c3c3c3c3c3c3c3c3c3c3c3c2c
       261  ,<<<<<<<<<<<<<<<  2c3c3c3c3c3c3c3c3c3c3c3c3c3c3c3c
       260  <<<<<<<<<<,<<<<<  3c3c3c3c3c3c3c3c3c3c2c3c3c3c3c3c
       258  <<<<<<<<<,<<<<<<  3c3c3c3c3c3c3c3c3c2c3c3c3c3c3c3c
       255  <<<<<<<,<<<<<<<<  3c3c3c3c3c3c3c2c3c3c3c3c3c3c3c3c
       254  <<<<<<,<<<<<<<<<  3c3c3c3c3c3c2c3c3c3c3c3c3c3c3c3c
       253  <<<<<<<<,<<<<<<<  3c3c3c3c3c3c3c3c2c3c3c3c3c3c3c3c
# epoch 17100  H=2.5264 C=2.1074 HO=0.4121  A(t)=348
     12153  <<<<<<<<<<<<<<<<  3c3c3c3c3c3c3c3c3c3c3c3c3c3c3c3c
       733  {{{{{{{{{{{{{{{{  7b7b7b7b7b7b7b7b7b7b7b7b7b7b7b7b
       599  ,,,,,,,,,,,,,,,,  2c2c2c2c2c2c2c2c2c2c2c2c2c2c2c2c
       282  <<<<<<<<<<<<<<<,  3c3c3c3c3c3c3c3c3c3c3c3c3c3c3c2c
       272  ,<<<<<<<<<<<<<<<  2c3c3c3c3c3c3c3c3c3c3c3c3c3c3c3c
       262  <<<<<<<<<<<<<<,<  3c3c3c3c3c3c3c3c3c3c3c3c3c3c2c3c
       261  <<,<<<<<<<<<<<<<  3c3c2c3c3c3c3c3c3c3c3c3c3c3c3c3c
       258  <<<<<<<<<<<<<,<<  3c3c3c3c3c3c3c3c3c3c3c3c3c2c3c3c
       258  <,<<<<<<<<<<<<<<  3c2c3c3c3c3c3c3c3c3c3c3c3c3c3c3c
       257  <<<<,<<<<<<<<<<<  3c3c3c3c2c3c3c3c3c3c3c3c3c3c3c3c
# epoch 17150  H=2.5258 C=2.1110 HO=0.4257  A(t)=348
     11450  <<<<<<<<<<<<<<<<  3c3c3c3c3c3c3c3c3c3c3c3c3c3c3c3c
       771  {{{{{{{{{{{{{{{{  7b7b7b7b7b7b7b7b7b7b7b7b7b7b7b7b
       500  ,,,,,,,,,,,,,,,,  2c2c2c2c2c2c2c2c2c2c2c2c2c2c2c2c
       267  <<<<<<<<<<<<<<<,  3c3c3c3c3c3c3c3c3c3c3c3c3c3c3c2c
       253  ,<<<<<<<<<<<<<<<  2c3c3c3c3c3c3c3c3c3c3c3c3c3c3c3c
       249  <<<<<<<<<<<<<<,<  3c3c3c3c3c3c3c3c3c3c3c3c3c3c2c3c
       248  <<<<<<<<<<<<<,<<  3c3c3c3c3c3c3c3c3c3c3c3c3c2c3c3c
       244  <,<<<<<<<<<<<<<<  3c2c3c3c3c3c3c3c3c3c3c3c3c3c3c3c
       241  <<,<<<<<<<<<<<<<  3c3c2c3c3c3c3c3c3c3c3c3c3c3c3c3c
       237  <<<<<<<<<<<<,<<<  3c3c3c3c3c3c3c3c3c3c3c3c2c3c3c3c
# epoch 17200  H=2.5281 C=2.1007 HO=0.4315  A(t)=348
     11199  <<<<<<<<<<<<<<<<  3c3c3c3c3c3c3c3c3c3c3c3c3c3c3c3c
       698  {{{{{{{{{{{{{{{{  7b7b7b7b7b7b7b7b7b7b7b7b7b7b7b7b
       666  ,,,,,,,,,,,,,,,,  2c2c2c2c2c2c2c2c2c2c2c2c2c2c2c2c
       281  <<<<<<<<<<<<<<<,  3c3c3c3c3c3c3c3c3c3c3c3c3c3c3c2c
       279  ,<<<<<<<<<<<<<<<  2c3c3c3c3c3c3c3c3c3c3c3c3c3c3c3c
       265  <,<<<<<<<<<<<<<<  3c2c3c3c3c3c3c3c3c3c3c3c3c3c3c3c
       261  <<<<<<<<<<<<<<,<  3c3c3c3c3c3c3c3c3c3c3c3c3c3c2c3c
       257  <<<<<<<,<<<<<<<<  3c3c3c3c3c3c3c2c3c3c3c3c3c3c3c3c
       255  <<,<<<<<<<<<<<<<  3c3c2c3c3c3c3c3c3c3c3c3c3c3c3c3c
       250  <<<<<<<<,<<<<<<<  3c3c3c3c3c3c3c3c2c3c3c3c3c3c3c3c
# epoch 17250  H=2.4083 C=2.0028 HO=0.4015  A(t)=348
     11592  <<<<<<<<<<<<<<<<  3c3c3c3c3c3c3c3c3c3c3c3c3c3c3c3c
       767  {{{{{{{{{{{{{{{{  7b7b7b7b7b7b7b7b7b7b7b7b7b7b7b7b
       562  ,,,,,,,,,,,,,,,,  2c2c2c2c2c2c2c2c2c2c2c2c2c2c2c2c
       372  <<<<<<<<<<<<<<<,  3c3c3c3c3c3c3c3c3c3c3c3c3c3c3c2c
       362  ,<<<<<<<<<<<<<<<  2c3c3c3c3c3c3c3c3c3c3c3c3c3c3c3c
       359  <,<<<<<<<<<<<<<<  3c2c3c3c3c3c3c3c3c3c3c3c3c3c3c3c
       350  <<<<<<<<<<<<<<,<  3c3c3c3c3c3c3c3c3c3c3c3c3c3c2c3c
       347  <<<<<<<<<<<<<,<<  3c3c3c3c3c3c3c3c3c3c3c3c3c2c3c3c
       343  <<,<<<<<<<<<<<<<  3c3c2c3c3c3c3c3c3c3c3c3c3c3c3c3c
       333  <<<<<<<<<<<<,<<<  3c3c3c3c3c3c3c3c3c3c3c3c2c3c3c3c
# epoch 17300  H=2.3843 C=1.9948 HO=0.3807  A(t)=348
     12417  <<<<<<<<<<<<<<<<  3c3c3c3c3c3c3c3c3c3c3c3c3c3c3c3c
       765  {{{{{{{{{{{{{{{{  7b7b7b7b7b7b7b7b7b7b7b7b7b7b7b7b
       337  <<<<<<<<<<<<<<<,  3c3c3c3c3c3c3c3c3c3c3c3c3c3c3c2c
       335  ,<<<<<<<<<<<<<<<  2c3c3c3c3c3c3c3c3c3c3c3c3c3c3c3c
       328  <<<<<<<<<<<<<<,<  3c3c3c3c3c3c3c3c3c3c3c3c3c3c2c3c
       326  <<<<<<<<<<<<<,<<  3c3c3c3c3c3c3c3c3c3c3c3c3c2c3c3c
       321  <<<<<<<,<<<<<<<<  3c3c3c3c3c3c3c2c3c3c3c3c3c3c3c3c
       320  <,<<<<<<<<<<<<<<  3c2c3c3c3c3c3c3c3c3c3c3c3c3c3c3c
       317  <<<<<<<<,<<<<<<<  3c3c3c3c3c3c3c3c2c3c3c3c3c3c3c3c
       317  <<<<<<,<<<<<<<<<  3c3c3c3c3c3c2c3c3c3c3c3c3c3c3c3c
# epoch 17350  H=2.2737 C=1.9054 HO=0.3653  A(t)=348
     13163  <<<<<<<<<<<<<<<<  3c3c3c3c3c3c3c3c3c3c3c3c3c3c3c3c
       854  {{{{{{{{{{{{{{{{  7b7b7b7b7b7b7b7b7b7b7b7b7b7b7b7b
       450  ,,,,,,,,,,,,,,,,  2c2c2c2c2c2c2c2c2c2c2c2c2c2c2c2c
       335  <<<<<<<<<<<<<<<,  3c3c3c3c3c3c3c3c3c3c3c3c3c3c3c2c
       321  <,<<<<<<<<<<<<<<  3c2c3c3c3c3c3c3c3c3c3c3c3c3c3c3c
       321  ,<<<<<<<<<<<<<<<  2c3c3c3c3c3c3c3c3c3c3c3c3c3c3c3c
       319  <<<<<<<<<<<<<<,<  3c3c3c3c3c3c3c3c3c3c3c3c3c3c2c3c
       317  <<<<<<<<<<<<,<<<  3c3c3c3c3c3c3c3c3c3c3c3c2c3c3c3c
       313  <<<<<<<<<<<<<,<<  3c3c3c3c3c3c3c3c3c3c3c3c3c2c3c3c
       312  <<<<<<<<<,<<<<<<  3c3c3c3c3c3c3c3c3c2c3c3c3c3c3c3c
# epoch 17400  H=2.1670 C=1.8260 HO=0.3273  A(t)=348
     13935  <<<<<<<<<<<<<<<<  3c3c3c3c3c3c3c3c3c3c3c3c3c3c3c3c
       642  {{{{{{{{{{{{{{{{  7b7b7b7b7b7b7b7b7b7b7b7b7b7b7b7b
       454  ,,,,,,,,,,,,,,,,  2c2c2c2c2c2c2c2c2c2c2c2c2c2c2c2c
       363  <<<<<<<<<<<<<<<,  3c3c3c3c3c3c3c3c3c3c3c3c3c3c3c2c
       340  ,<<<<<<<<<<<<<<<  2c3c3c3c3c3c3c3c3c3c3c3c3c3c3c3c
       336  <<<<<<<<,<<<<<<<  3c3c3c3c3c3c3c3c2c3c3c3c3c3c3c3c
       334  <<<<<<<<<,<<<<<<  3c3c3c3c3c3c3c3c3c2c3c3c3c3c3c3c
       333  <<<<<<<<<<<<<<,<  3c3c3c3c3c3c3c3c3c3c3c3c3c3c2c3c
       332  <<<<<<<,<<<<<<<<  3c3c3c3c3c3c3c2c3c3c3c3c3c3c3c3c
       332  <<<<<<,<<<<<<<<<  3c3c3c3c3c3c2c3c3c3c3c3c3c3c3c3c
# epoch 17450  H=2.2726 C=1.8899 HO=0.3717  A(t)=348
     12768  <<<<<<<<<<<<<<<<  3c3c3c3c3c3c3c3c3c3c3c3c3c3c3c3c
       926  {{{{{{{{{{{{{{{{  7b7b7b7b7b7b7b7b7b7b7b7b7b7b7b7b
       458  ,,,,,,,,,,,,,,,,  2c2c2c2c2c2c2c2c2c2c2c2c2c2c2c2c
       340  <<<<<<<<<<<<<<<,  3c3c3c3c3c3c3c3c3c3c3c3c3c3c3c2c
       333  ,<<<<<<<<<<<<<<<  2c3c3c3c3c3c3c3c3c3c3c3c3c3c3c3c
       305  <<<<<<<<<<<<<<,<  3c3c3c3c3c3c3c3c3c3c3c3c3c3c2c3c
       297  <,<<<<<<<<<<<<<<  3c2c3c3c3c3c3c3c3c3c3c3c3c3c3c3c
       292  <<<<<<<<<<<<<,<<  3c3c3c3c3c3c3c3c3c3c3c3c3c2c3c3c
       289  <<<<<<<<<<<<,<<<  3c3c3c3c3c3c3c3c3c3c3c3c2c3c3c3c
       287  <<<,<<<<<<<<<<<<  3c3c3c2c3c3c3c3c3c3c3c3c3c3c3c3c
# epoch 17500  H=2.2562 C=1.8903 HO=0.3523  A(t)=348
     12773  <<<<<<<<<<<<<<<<  3c3c3c3c3c3c3c3c3c3c3c3c3c3c3c3c
       633  ,,,,,,,,,,,,,,,,  2c2c2c2c2c2c2c2c2c2c2c2c2c2c2c2c
       400  {{{{{{{{{{{{{{{{  7b7b7b7b7b7b7b7b7b7b7b7b7b7b7b7b
       322  <<<<<<<<<<<<<<<,  3c3c3c3c3c3c3c3c3c3c3c3c3c3c3c2c
       313  <<<<<<<<<<<<<<,<  3c3c3c3c3c3c3c3c3c3c3c3c3c3c2c3c
       301  <<<<<<<<<<<<<,<<  3c3c3c3c3c3c3c3c3c3c3c3c3c2c3c3c
       300  ,<<<<<<<<<<<<<<<  2c3c3c3c3c3c3c3c3c3c3c3c3c3c3c3c
       298  <,<<<<<<<<<<<<<<  3c2c3c3c3c3c3c3c3c3c3c3c3c3c3c3c
       297  <<<<<<<<,<<<<<<<  3c3c3c3c3c3c3c3c2c3c3c3c3c3c3c3c
       296  <<<<<<<,<<<<<<<<  3c3c3c3c3c3c3c2c3c3c3c3c3c3c3c3c
# epoch 17550  H=2.1767 C=1.8004 HO=0.3633  A(t)=348
     11455  <<<<<<<<<<<<<<<<  3c3c3c3c3c3c3c3c3c3c3c3c3c3c3c3c
       717  {{{{{{{{{{{{{{{{  7b7b7b7b7b7b7b7b7b7b7b7b7b7b7b7b
       658  ,,,,,,,,,,,,,,,,  2c2c2c2c2c2c2c2c2c2c2c2c2c2c2c2c
       328  <<<<<<<<<<<<<<<,  3c3c3c3c3c3c3c3c3c3c3c3c3c3c3c2c
       311  <<<<<<<<<<<<<<,<  3c3c3c3c3c3c3c3c3c3c3c3c3c3c2c3c
       311  <<,<<<<<<<<<<<<<  3c3c2c3c3c3c3c3c3c3c3c3c3c3c3c3c
       307  <<<<<<<<<<<<<,<<  3c3c3c3c3c3c3c3c3c3c3c3c3c2c3c3c
       302  <<<,<<<<<<<<<<<<  3c3c3c2c3c3c3c3c3c3c3c3c3c3c3c3c
       301  <<<<<<<<<<<<,<<<  3c3c3c3c3c3c3c3c3c3c3c3c2c3c3c3c
       301  <,<<<<<<<<<<<<<<  3c2c3c3c3c3c3c3c3c3c3c3c3c3c3c3c
# epoch 17600  H=2.1735 C=1.7764 HO=0.3864  A(t)=350
     12675  <<<<<<<<<<<<<<<<  3c3c3c3c3c3c3c3c3c3c3c3c3c3c3c3c
       788  {{{{{{{{{{{{{{{{  7b7b7b7b7b7b7b7b7b7b7b7b7b7b7b7b
       650  ,,,,,,,,,,,,,,,,  2c2c2c2c2c2c2c2c2c2c2c2c2c2c2c2c
       353  <<<<<<<<<<<<<<<,  3c3c3c3c3c3c3c3c3c3c3c3c3c3c3c2c
       331  <<<<<<<<<<<<<<,<  3c3c3c3c3c3c3c3c3c3c3c3c3c3c2c3c
       328  ,<<<<<<<<<<<<<<<  2c3c3c3c3c3c3c3c3c3c3c3c3c3c3c3c
       319  <<<<<<<<<<<<<,<<  3c3c3c3c3c3c3c3c3c3c3c3c3c2c3c3c
       318  <<,<<<<<<<<<<<<<  3c3c2c3c3c3c3c3c3c3c3c3c3c3c3c3c
       318  <,<<<<<<<<<<<<<<  3c2c3c3c3c3c3c3c3c3c3c3c3c3c3c3c
       316  <<<<<<<<<<,<<<<<  3c3c3c3c3c3c3c3c3c3c2c3c3c3c3c3c
# epoch 17650  H=2.2212 C=1.7861 HO=0.4211  A(t)=350
     13029  <<<<<<<<<<<<<<<<  3c3c3c3c3c3c3c3c3c3c3c3c3c3c3c3c
       795  {{{{{{{{{{{{{{{{  7b7b7b7b7b7b7b7b7b7b7b7b7b7b7b7b
       704  ,,,,,,,,,,,,,,,,  2c2c2c2c2c2c2c2c2c2c2c2c2c2c2c2c
       358  <<<<<<<<<<<<<<<,  3c3c3c3c3c3c3c3c3c3c3c3c3c3c3c2c
       346  <<<<<<<<<<<<<<,<  3c3c3c3c3c3c3c3c3c3c3c3c3c3c2c3c
       346  ,<<<<<<<<<<<<<<<  2c3c3c3c3c3c3c3c3c3c3c3c3c3c3c3c
       345  <<<<<<<<<<<,<<<<  3c3c3c3c3c3c3c3c3c3c3c2c3c3c3c3c
       340  <<<<<,<<<<<<<<<<  3c3c3c3c3c2c3c3c3c3c3c3c3c3c3c3c
       338  <<<<<<<<<<,<<<<<  3c3c3c3c3c3c3c3c3c3c2c3c3c3c3c3c
       335  <<<<<<<<<<<<<,<<  3c3c3c3c3c3c3c3c3c3c3c3c3c2c3c3c
# epoch 17700  H=2.2045 C=1.8083 HO=0.3935  A(t)=350
     12774  <<<<<<<<<<<<<<<<  3c3c3c3c3c3c3c3c3c3c3c3c3c3c3c3c
       875  {{{{{{{{{{{{{{{{  7b7b7b7b7b7b7b7b7b7b7b7b7b7b7b7b
       546  ,,,,,,,,,,,,,,,,  2c2c2c2c2c2c2c2c2c2c2c2c2c2c2c2c
       350  <<<<<<<<<<<<<<<,  3c3c3c3c3c3c3c3c3c3c3c3c3c3c3c2c
       326  ,<<<<<<<<<<<<<<<  2c3c3c3c3c3c3c3c3c3c3c3c3c3c3c3c
       324  <<<<<<<<<<<<<<,<  3c3c3c3c3c3c3c3c3c3c3c3c3c3c2c3c
       319  <,<<<<<<<<<<<<<<  3c2c3c3c3c3c3c3c3c3c3c3c3c3c3c3c
       305  <<,<<<<<<<<<<<<<  3c3c2c3c3c3c3c3c3c3c3c3c3c3c3c3c
       301  <<<<<<<<<<<<<,<<  3c3c3c3c3c3c3c3c3c3c3c3c3c2c3c3c
       299  <<<<<<<<<<<<,<<<  3c3c3c3c3c3c3c3c3c3c3c3c2c3c3c3c
# epoch 17750  H=2.2346 C=1.8241 HO=0.4027  A(t)=350
     12014  <<<<<<<<<<<<<<<<  3c3c3c3c3c3c3c3c3c3c3c3c3c3c3c3c
      1141  {{{{{{{{{{{{{{{{  7b7b7b7b7b7b7b7b7b7b7b7b7b7b7b7b
       628  ,,,,,,,,,,,,,,,,  2c2c2c2c2c2c2c2c2c2c2c2c2c2c2c2c
       336  <<<<<<<<<<<<<<<,  3c3c3c3c3c3c3c3c3c3c3c3c3c3c3c2c
       323  <<<<<<<<<<<<<<,<  3c3c3c3c3c3c3c3c3c3c3c3c3c3c2c3c
       315  ,<<<<<<<<<<<<<<<  2c3c3c3c3c3c3c3c3c3c3c3c3c3c3c3c
       310  <<<<<<<<<<<<<,<<  3c3c3c3c3c3c3c3c3c3c3c3c3c2c3c3c
       308  <<<<<<<,<<<<<<<<  3c3c3c3c3c3c3c2c3c3c3c3c3c3c3c3c
       306  <,<<<<<<<<<<<<<<  3c2c3c3c3c3c3c3c3c3c3c3c3c3c3c3c
       301  <<<<<<<<,<<<<<<<  3c3c3c3c3c3c3c3c2c3c3c3c3c3c3c3c
# epoch 17800  H=2.3586 C=1.8906 HO=0.4637  A(t)=350
     12263  <<<<<<<<<<<<<<<<  3c3c3c3c3c3c3c3c3c3c3c3c3c3c3c3c
      1116  {{{{{{{{{{{{{{{{  7b7b7b7b7b7b7b7b7b7b7b7b7b7b7b7b
      1053  ,,,,,,,,,,,,,,,,  2c2c2c2c2c2c2c2c2c2c2c2c2c2c2c2c
       337  <<<<<<<<<<<<<<<,  3c3c3c3c3c3c3c3c3c3c3c3c3c3c3c2c
       313  ,<<<<<<<<<<<<<<<  2c3c3c3c3c3c3c3c3c3c3c3c3c3c3c3c
       300  <<<<<<<<<<<<<<,<  3c3c3c3c3c3c3c3c3c3c3c3c3c3c2c3c
       290  <<<<<<<<<<<<,<<<  3c3c3c3c3c3c3c3c3c3c3c3c2c3c3c3c
       289  <<<<<<<<<<<<<,<<  3c3c3c3c3c3c3c3c3c3c3c3c3c2c3c3c
       285  <,<<<<<<<<<<<<<<  3c2c3c3c3c3c3c3c3c3c3c3c3c3c3c3c
       279  <<<<<<<<<<<,<<<<  3c3c3c3c3c3c3c3c3c3c3c2c3c3c3c3c
# epoch 17850  H=2.3135 C=1.8756 HO=0.4267  A(t)=352
     12032  <<<<<<<<<<<<<<<<  3c3c3c3c3c3c3c3c3c3c3c3c3c3c3c3c
      1474  {{{{{{{{{{{{{{{{  7b7b7b7b7b7b7b7b7b7b7b7b7b7b7b7b
       312  ,,,,,,,,,,,,,,,,  2c2c2c2c2c2c2c2c2c2c2c2c2c2c2c2c
       310  <<<<<<<<<<<<<<<,  3c3c3c3c3c3c3c3c3c3c3c3c3c3c3c2c
       300  <<<<<<<<<<<<<<,<  3c3c3c3c3c3c3c3c3c3c3c3c3c3c2c3c
       293  <<<<<<<<<<<<,<<<  3c3c3c3c3c3c3c3c3c3c3c3c2c3c3c3c
       290  <<<<<<<<<<<<<,<<  3c3c3c3c3c3c3c3c3c3c3c3c3c2c3c3c
       286  ,<<<<<<<<<<<<<<<  2c3c3c3c3c3c3c3c3c3c3c3c3c3c3c3c
       284  <<<,<<<<<<<<<<<<  3c3c3c2c3c3c3c3c3c3c3c3c3c3c3c3c
       284  <,<<<<<<<<<<<<<<  3c2c3c3c3c3c3c3c3c3c3c3c3c3c3c3c
# epoch 17900  H=2.3322 C=1.8528 HO=0.4712  A(t)=354
     12976  <<<<<<<<<<<<<<<<  3c3c3c3c3c3c3c3c3c3c3c3c3c3c3c3c
      1205  {{{{{{{{{{{{{{{{  7b7b7b7b7b7b7b7b7b7b7b7b7b7b7b7b
       511  ,,,,,,,,,,,,,,,,  2c2c2c2c2c2c2c2c2c2c2c2c2c2c2c2c
       338  <<<<<<<<<<<<<<<,  3c3c3c3c3c3c3c3c3c3c3c3c3c3c3c2c
       325  <<<<<<<<<<<<<,<<  3c3c3c3c3c3c3c3c3c3c3c3c3c2c3c3c
       322  <<<<<<<<<<<<<<,<  3c3c3c3c3c3c3c3c3c3c3c3c3c3c2c3c
       319  <<<<<<<<<<<<,<<<  3c3c3c3c3c3c3c3c3c3c3c3c2c3c3c3c
       319  ,<<<<<<<<<<<<<<<  2c3c3c3c3c3c3c3c3c3c3c3c3c3c3c3c
       314  <<,<<<<<<<<<<<<<  3c3c2c3c3c3c3c3c3c3c3c3c3c3c3c3c
       314  <,<<<<<<<<<<<<<<  3c2c3c3c3c3c3c3c3c3c3c3c3c3c3c3c
# epoch 17950  H=2.3329 C=1.7986 HO=0.5252  A(t)=357
     13008  <<<<<<<<<<<<<<<<  3c3c3c3c3c3c3c3c3c3c3c3c3c3c3c3c
      1862  {{{{{{{{{{{{{{{{  7b7b7b7b7b7b7b7b7b7b7b7b7b7b7b7b
       534  ,,,,,,,,,,,,,,,,  2c2c2c2c2c2c2c2c2c2c2c2c2c2c2c2c
       300  <<<<<<<<<<<<<<<,  3c3c3c3c3c3c3c3c3c3c3c3c3c3c3c2c
       292  ,<<<<<<<<<<<<<<<  2c3c3c3c3c3c3c3c3c3c3c3c3c3c3c3c
       286  <<<<<<<<<<<,<<<<  3c3c3c3c3c3c3c3c3c3c3c2c3c3c3c3c
       285  <<,<<<<<<<<<<<<<  3c3c2c3c3c3c3c3c3c3c3c3c3c3c3c3c
       284  <<<<<<<<<<<<,<<<  3c3c3c3c3c3c3c3c3c3c3c3c2c3c3c3c
       283  <<<<<<<<<<<<<<,<  3c3c3c3c3c3c3c3c3c3c3c3c3c3c2c3c
       281  <<<<<<<<<<<<<,<<  3c3c3c3c3c3c3c3c3c3c3c3c3c2c3c3c
# epoch 18000  H=2.2906 C=1.7968 HO=0.4906  A(t)=357
     12627  <<<<<<<<<<<<<<<<  3c3c3c3c3c3c3c3c3c3c3c3c3c3c3c3c
      1643  {{{{{{{{{{{{{{{{  7b7b7b7b7b7b7b7b7b7b7b7b7b7b7b7b
       687  ,,,,,,,,,,,,,,,,  2c2c2c2c2c2c2c2c2c2c2c2c2c2c2c2c
       329  <<<<<<<<<<<<<<<,  3c3c3c3c3c3c3c3c3c3c3c3c3c3c3c2c
       328  <<<<<<<<<<<<<<,<  3c3c3c3c3c3c3c3c3c3c3c3c3c3c2c3c
       326  <<<<<<<<<<<<<,<<  3c3c3c3c3c3c3c3c3c3c3c3c3c2c3c3c
       324  ,<<<<<<<<<<<<<<<  2c3c3c3c3c3c3c3c3c3c3c3c3c3c3c3c
       322  <<<<<<<<<<<<,<<<  3c3c3c3c3c3c3c3c3c3c3c3c2c3c3c3c
       319  <<<,<<<<<<<<<<<<  3c3c3c2c3c3c3c3c3c3c3c3c3c3c3c3c
       318  <<<<<<<<<<<,<<<<  3c3c3c3c3c3c3c3c3c3c3c2c3c3c3c3c
# epoch 18050  H=2.2822 C=1.7603 HO=0.5020  A(t)=360
     13407  <<<<<<<<<<<<<<<<  3c3c3c3c3c3c3c3c3c3c3c3c3c3c3c3c
      1604  {{{{{{{{{{{{{{{{  7b7b7b7b7b7b7b7b7b7b7b7b7b7b7b7b
       714  ,,,,,,,,,,,,,,,,  2c2c2c2c2c2c2c2c2c2c2c2c2c2c2c2c
       387  <<<<<<<<<<<<<<<,  3c3c3c3c3c3c3c3c3c3c3c3c3c3c3c2c
       367  ,<<<<<<<<<<<<<<<  2c3c3c3c3c3c3c3c3c3c3c3c3c3c3c3c
       361  <<<<<<<<<<<<<<,<  3c3c3c3c3c3c3c3c3c3c3c3c3c3c2c3c
       353  <<<<<<<<<<<<<,<<  3c3c3c3c3c3c3c3c3c3c3c3c3c2c3c3c
       350  <,<<<<<<<<<<<<<<  3c2c3c3c3c3c3c3c3c3c3c3c3c3c3c3c
       347  <<<<,<<<<<<<<<<<  3c3c3c3c2c3c3c3c3c3c3c3c3c3c3c3c
       345  <<<<<<<<,<<<<<<<  3c3c3c3c3c3c3c3c2c3c3c3c3c3c3c3c
# epoch 18100  H=2.2892 C=1.7653 HO=0.5158  A(t)=360
     12976  <<<<<<<<<<<<<<<<  3c3c3c3c3c3c3c3c3c3c3c3c3c3c3c3c
      1782  {{{{{{{{{{{{{{{{  7b7b7b7b7b7b7b7b7b7b7b7b7b7b7b7b
       864  ,,,,,,,,,,,,,,,,  2c2c2c2c2c2c2c2c2c2c2c2c2c2c2c2c
       358  <<<<<<<<<<<<<<<,  3c3c3c3c3c3c3c3c3c3c3c3c3c3c3c2c
       338  <<<<<<<<<<<<<<,<  3c3c3c3c3c3c3c3c3c3c3c3c3c3c2c3c
       338  <<<<<<<<<<<<<,<<  3c3c3c3c3c3c3c3c3c3c3c3c3c2c3c3c
       334  <<<<<<<<<<,<<<<<  3c3c3c3c3c3c3c3c3c3c2c3c3c3c3c3c
       333  <<<<<<<<<<<<,<<<  3c3c3c3c3c3c3c3c3c3c3c3c2c3c3c3c
       332  <<<<<<<<<,<<<<<<  3c3c3c3c3c3c3c3c3c2c3c3c3c3c3c3c
       327  <<<<<<<<<<<,<<<<  3c3c3c3c3c3c3c3c3c3c3c2c3c3c3c3c
# epoch 18150  H=2.2248 C=1.7257 HO=0.4853  A(t)=360
     13622  <<<<<<<<<<<<<<<<  3c3c3c3c3c3c3c3c3c3c3c3c3c3c3c3c
      1410  {{{{{{{{{{{{{{{{  7b7b7b7b7b7b7b7b7b7b7b7b7b7b7b7b
       477  ,,,,,,,,,,,,,,,,  2c2c2c2c2c2c2c2c2c2c2c2c2c2c2c2c
       340  <<<<<<<<<<<<<<<,  3c3c3c3c3c3c3c3c3c3c3c3c3c3c3c2c
       332  ,<<<<<<<<<<<<<<<  2c3c3c3c3c3c3c3c3c3c3c3c3c3c3c3c
       325  <<<<<<<<<<<<<<,<  3c3c3c3c3c3c3c3c3c3c3c3c3c3c2c3c
       325  <<,<<<<<<<<<<<<<  3c3c2c3c3c3c3c3c3c3c3c3c3c3c3c3c
       324  <<<<<<<<<<<<<,<<  3c3c3c3c3c3c3c3c3c3c3c3c3c2c3c3c
       322  <,<<<<<<<<<<<<<<  3c2c3c3c3c3c3c3c3c3c3c3c3c3c3c3c
       320  <<<<,<<<<<<<<<<<  3c3c3c3c2c3c3c3c3c3c3c3c3c3c3c3c
# epoch 18200  H=2.0374 C=1.6145 HO=0.4100  A(t)=360
     14221  <<<<<<<<<<<<<<<<  3c3c3c3c3c3c3c3c3c3c3c3c3c3c3c3c
      1365  {{{{{{{{{{{{{{{{  7b7b7b7b7b7b7b7b7b7b7b7b7b7b7b7b
       418  ,,,,,,,,,,,,,,,,  2c2c2c2c2c2c2c2c2c2c2c2c2c2c2c2c
       399  <<<<<<<<<<<<<<<,  3c3c3c3c3c3c3c3c3c3c3c3c3c3c3c2c
       373  ,<<<<<<<<<<<<<<<  2c3c3c3c3c3c3c3c3c3c3c3c3c3c3c3c
       365  <<<<<<<<<<<<<<,<  3c3c3c3c3c3c3c3c3c3c3c3c3c3c2c3c
       363  <,<<<<<<<<<<<<<<  3c2c3c3c3c3c3c3c3c3c3c3c3c3c3c3c
       352  <<,<<<<<<<<<<<<<  3c3c2c3c3c3c3c3c3c3c3c3c3c3c3c3c
       341  <<<<<<<<<<<<<,<<  3c3c3c3c3c3c3c3c3c3c3c3c3c2c3c3c
       339  <<<<<<<<,<<<<<<<  3c3c3c3c3c3c3c3c2c3c3c3c3c3c3c3c
# epoch 18250  H=2.0867 C=1.6317 HO=0.4298  A(t)=360
     13753  <<<<<<<<<<<<<<<<  3c3c3c3c3c3c3c3c3c3c3c3c3c3c3c3c
      1648  {{{{{{{{{{{{{{{{  7b7b7b7b7b7b7b7b7b7b7b7b7b7b7b7b
       564  ,,,,,,,,,,,,,,,,  2c2c2c2c2c2c2c2c2c2c2c2c2c2c2c2c
       402  <<<<<<<<<<<<<<<,  3c3c3c3c3c3c3c3c3c3c3c3c3c3c3c2c
       402  <<<<<<<<<<<<<<,<  3c3c3c3c3c3c3c3c3c3c3c3c3c3c2c3c
       394  <<,<<<<<<<<<<<<<  3c3c2c3c3c3c3c3c3c3c3c3c3c3c3c3c
       394  <,<<<<<<<<<<<<<<  3c2c3c3c3c3c3c3c3c3c3c3c3c3c3c3c
       388  <<<<<<<<<<<<<,<<  3c3c3c3c3c3c3c3c3c3c3c3c3c2c3c3c
       385  ,<<<<<<<<<<<<<<<  2c3c3c3c3c3c3c3c3c3c3c3c3c3c3c3c
       381  <<<<,<<<<<<<<<<<  3c3c3c3c2c3c3c3c3c3c3c3c3c3c3c3c
# epoch 18300  H=2.2157 C=1.6930 HO=0.5179  A(t)=361
     12567  <<<<<<<<<<<<<<<<  3c3c3c3c3c3c3c3c3c3c3c3c3c3c3c3c
      1881  {{{{{{{{{{{{{{{{  7b7b7b7b7b7b7b7b7b7b7b7b7b7b7b7b
       497  ,,,,,,,,,,,,,,,,  2c2c2c2c2c2c2c2c2c2c2c2c2c2c2c2c
       410  <<<<<<<<<<<<<<<,  3c3c3c3c3c3c3c3c3c3c3c3c3c3c3c2c
       400  <<<<<<<<<<<<<<,<  3c3c3c3c3c3c3c3c3c3c3c3c3c3c2c3c
       394  ,<<<<<<<<<<<<<<<  2c3c3c3c3c3c3c3c3c3c3c3c3c3c3c3c
       391  <<<<<<<<<<<<<,<<  3c3c3c3c3c3c3c3c3c3c3c3c3c2c3c3c
       388  <,<<<<<<<<<<<<<<  3c2c3c3c3c3c3c3c3c3c3c3c3c3c3c3c
       384  <<,<<<<<<<<<<<<<  3c3c2c3c3c3c3c3c3c3c3c3c3c3c3c3c
       381  <<<<<<<,<<<<<<<<  3c3c3c3c3c3c3c2c3c3c3c3c3c3c3c3c
# epoch 18350  H=2.2017 C=1.7118 HO=0.4799  A(t)=361
     14253  <<<<<<<<<<<<<<<<  3c3c3c3c3c3c3c3c3c3c3c3c3c3c3c3c
      1118  {{{{{{{{{{{{{{{{  7b7b7b7b7b7b7b7b7b7b7b7b7b7b7b7b
       422  ,,,,,,,,,,,,,,,,  2c2c2c2c2c2c2c2c2c2c2c2c2c2c2c2c
       351  <<<<<<<<<<<<<,<<  3c3c3c3c3c3c3c3c3c3c3c3c3c2c3c3c
       350  <<<<<<<<<<<<<<,<  3c3c3c3c3c3c3c3c3c3c3c3c3c3c2c3c
       349  <<<<<<<<<<<<<<<,  3c3c3c3c3c3c3c3c3c3c3c3c3c3c3c2c
       346  <<<<<<<<<<<<,<<<  3c3c3c3c3c3c3c3c3c3c3c3c2c3c3c3c
       345  <<<<<<<,<<<<<<<<  3c3c3c3c3c3c3c2c3c3c3c3c3c3c3c3c
       343  <<<<<<<<,<<<<<<<  3c3c3c3c3c3c3c3c2c3c3c3c3c3c3c3c
       342  <<<,<<<<<<<<<<<<  3c3c3c2c3c3c3c3c3c3c3c3c3c3c3c3c
# epoch 18400  H=2.3088 C=1.8322 HO=0.4872  A(t)=364
     13532  <<<<<<<<<<<<<<<<  3c3c3c3c3c3c3c3c3c3c3c3c3c3c3c3c
      1120  {{{{{{{{{{{{{{{{  7b7b7b7b7b7b7b7b7b7b7b7b7b7b7b7b
       273  <<<<<<<<<<<<<<<,  3c3c3c3c3c3c3c3c3c3c3c3c3c3c3c2c
       268  ,<<<<<<<<<<<<<<<  2c3c3c3c3c3c3c3c3c3c3c3c3c3c3c3c
       264  <<<<<<<<<,<<<<<<  3c3c3c3c3c3c3c3c3c2c3c3c3c3c3c3c
       264  <,<<<<<<<<<<<<<<  3c2c3c3c3c3c3c3c3c3c3c3c3c3c3c3c
       262  <<,<<<<<<<<<<<<<  3c3c2c3c3c3c3c3c3c3c3c3c3c3c3c3c
       261  <<<<<<<<<<,<<<<<  3c3c3c3c3c3c3c3c3c3c2c3c3c3c3c3c
       261  <<<<<<,<<<<<<<<<  3c3c3c3c3c3c2c3c3c3c3c3c3c3c3c3c
       258  <<<<<<<<<<<<<<,<  3c3c3c3c3c3c3c3c3c3c3c3c3c3c2c3c
# epoch 18450  H=2.3739 C=1.8969 HO=0.4706  A(t)=368
     12638  <<<<<<<<<<<<<<<<  3c3c3c3c3c3c3c3c3c3c3c3c3c3c3c3c
       884  {{{{{{{{{{{{{{{{  7b7b7b7b7b7b7b7b7b7b7b7b7b7b7b7b
       281  ,,,,,,,,,,,,,,,,  2c2c2c2c2c2c2c2c2c2c2c2c2c2c2c2c
       264  <<<<<<<<<<<<<<<,  3c3c3c3c3c3c3c3c3c3c3c3c3c3c3c2c
       259  <<<<<<<<<<<,<<<<  3c3c3c3c3c3c3c3c3c3c3c2c3c3c3c3c
       258  <<<<<<<<<<,<<<<<  3c3c3c3c3c3c3c3c3c3c2c3c3c3c3c3c
       257  <<<<<<<,<<<<<<<<  3c3c3c3c3c3c3c2c3c3c3c3c3c3c3c3c
       254  <<<<<<<<,<<<<<<<  3c3c3c3c3c3c3c3c2c3c3c3c3c3c3c3c
       254  <<<<<<,<<<<<<<<<  3c3c3c3c3c3c2c3c3c3c3c3c3c3c3c3c
       254  ,<<<<<<<<<<<<<<<  2c3c3c3c3c3c3c3c3c3c3c3c3c3c3c3c
# epoch 18500  H=2.4770 C=2.0161 HO=0.4678  A(t)=368
     11211  <<<<<<<<<<<<<<<<  3c3c3c3c3c3c3c3c3c3c3c3c3c3c3c3c
      1656  {{{{{{{{{{{{{{{{  7b7b7b7b7b7b7b7b7b7b7b7b7b7b7b7b
       249  <<<<<<<<<<<<<<<,  3c3c3c3c3c3c3c3c3c3c3c3c3c3c3c2c
       244  ,,,,,,,,,,,,,,,,  2c2c2c2c2c2c2c2c2c2c2c2c2c2c2c2c
       237  <<,<<<<<<<<<<<<<  3c3c2c3c3c3c3c3c3c3c3c3c3c3c3c3c
       233  <,<<<<<<<<<<<<<<  3c2c3c3c3c3c3c3c3c3c3c3c3c3c3c3c
       232  ,<<<<<<<<<<<<<<<  2c3c3c3c3c3c3c3c3c3c3c3c3c3c3c3c
       230  <<<<<<<<<<<<<<,<  3c3c3c3c3c3c3c3c3c3c3c3c3c3c2c3c
       224  <<<,<<<<<<<<<<<<  3c3c3c2c3c3c3c3c3c3c3c3c3c3c3c3c
       221  <<<<,<<<<<<<<<<<  3c3c3c3c2c3c3c3c3c3c3c3c3c3c3c3c
# epoch 18550  H=2.5235 C=2.0500 HO=0.4726  A(t)=370
     10843  <<<<<<<<<<<<<<<<  3c3c3c3c3c3c3c3c3c3c3c3c3c3c3c3c
      1640  {{{{{{{{{{{{{{{{  7b7b7b7b7b7b7b7b7b7b7b7b7b7b7b7b
       415  ,,,,,,,,,,,,,,,,  2c2c2c2c2c2c2c2c2c2c2c2c2c2c2c2c
       246  <<<<<<<<<<<<<<<,  3c3c3c3c3c3c3c3c3c3c3c3c3c3c3c2c
       239  <<<<<<<<<<<<<<,<  3c3c3c3c3c3c3c3c3c3c3c3c3c3c2c3c
       234  <<,<<<<<<<<<<<<<  3c3c2c3c3c3c3c3c3c3c3c3c3c3c3c3c
       230  <<<<<<<<<<<<<,<<  3c3c3c3c3c3c3c3c3c3c3c3c3c2c3c3c
       228  <,<<<<<<<<<<<<<<  3c2c3c3c3c3c3c3c3c3c3c3c3c3c3c3c
       224  ,<<<<<<<<<<<<<<<  2c3c3c3c3c3c3c3c3c3c3c3c3c3c3c3c
       222  <<<<<<<<<<<<,<<<  3c3c3c3c3c3c3c3c3c3c3c3c2c3c3c3c
# epoch 18600  H=2.5607 C=2.0984 HO=0.4767  A(t)=377
     11684  <<<<<<<<<<<<<<<<  3c3c3c3c3c3c3c3c3c3c3c3c3c3c3c3c
      1171  {{{{{{{{{{{{{{{{  7b7b7b7b7b7b7b7b7b7b7b7b7b7b7b7b
       553  ,,,,,,,,,,,,,,,,  2c2c2c2c2c2c2c2c2c2c2c2c2c2c2c2c
       262  <<<<<<<<<<<<<<<,  3c3c3c3c3c3c3c3c3c3c3c3c3c3c3c2c
       242  <<<<<<<<<<<<<<,<  3c3c3c3c3c3c3c3c3c3c3c3c3c3c2c3c
       242  <<<<<<<<<<<<<,<<  3c3c3c3c3c3c3c3c3c3c3c3c3c2c3c3c
       242  <<<<<,<<<<<<<<<<  3c3c3c3c3c2c3c3c3c3c3c3c3c3c3c3c
       238  <<<<<<<<<<,<<<<<  3c3c3c3c3c3c3c3c3c3c2c3c3c3c3c3c
       238  <<,<<<<<<<<<<<<<  3c3c2c3c3c3c3c3c3c3c3c3c3c3c3c3c
       237  <<<<,<<<<<<<<<<<  3c3c3c3c2c3c3c3c3c3c3c3c3c3c3c3c
# epoch 18650  H=2.6523 C=2.1960 HO=0.4773  A(t)=381
     10065  <<<<<<<<<<<<<<<<  3c3c3c3c3c3c3c3c3c3c3c3c3c3c3c3c
      1502  {{{{{{{{{{{{{{{{  7b7b7b7b7b7b7b7b7b7b7b7b7b7b7b7b
       205  <<<<<<<<<<<<<<<,  3c3c3c3c3c3c3c3c3c3c3c3c3c3c3c2c
       201  <<<<<<<<<<<<<<,<  3c3c3c3c3c3c3c3c3c3c3c3c3c3c2c3c
       193  <<<<<<<<<<<<<,<<  3c3c3c3c3c3c3c3c3c3c3c3c3c2c3c3c
       193  <<<<<<<<<<<<,<<<  3c3c3c3c3c3c3c3c3c3c3c3c2c3c3c3c
       193  ,<<<<<<<<<<<<<<<  2c3c3c3c3c3c3c3c3c3c3c3c3c3c3c3c
       185  <<,<<<<<<<<<<<<<  3c3c2c3c3c3c3c3c3c3c3c3c3c3c3c3c
       185  <,<<<<<<<<<<<<<<  3c2c3c3c3c3c3c3c3c3c3c3c3c3c3c3c
       180  <<<<<<<<<<<,<<<<  3c3c3c3c3c3c3c3c3c3c3c2c3c3c3c3c
# epoch 18700  H=2.7826 C=2.2592 HO=0.5485  A(t)=383
      9179  <<<<<<<<<<<<<<<<  3c3c3c3c3c3c3c3c3c3c3c3c3c3c3c3c
      1186  {{{{{{{{{{{{{{{{  7b7b7b7b7b7b7b7b7b7b7b7b7b7b7b7b
       420  ,,,,,,,,,,,,,,,,  2c2c2c2c2c2c2c2c2c2c2c2c2c2c2c2c
       186  <<<<<<<<<<<<<<<,  3c3c3c3c3c3c3c3c3c3c3c3c3c3c3c2c
       178  <<<<<<<,<<<<<<<<  3c3c3c3c3c3c3c2c3c3c3c3c3c3c3c3c
       177  <<<<<<<<,<<<<<<<  3c3c3c3c3c3c3c3c2c3c3c3c3c3c3c3c
       174  <<<<<<,<<<<<<<<<  3c3c3c3c3c3c2c3c3c3c3c3c3c3c3c3c
       174  ................  2e2e2e2e2e2e2e2e2e2e2e2e2e2e2e2e
       172  <<<<<<<<<,<<<<<<  3c3c3c3c3c3c3c3c3c2c3c3c3c3c3c3c
       172  ,<<<<<<<<<<<<<<<  2c3c3c3c3c3c3c3c3c3c3c3c3c3c3c3c
# epoch 18750  H=2.7989 C=2.2529 HO=0.5633  A(t)=386
      8476  <<<<<<<<<<<<<<<<  3c3c3c3c3c3c3c3c3c3c3c3c3c3c3c3c
       971  {{{{{{{{{{{{{{{{  7b7b7b7b7b7b7b7b7b7b7b7b7b7b7b7b
       558  ,,,,,,,,,,,,,,,,  2c2c2c2c2c2c2c2c2c2c2c2c2c2c2c2c
       202  ,<<<<<<<<<<<<<<<  2c3c3c3c3c3c3c3c3c3c3c3c3c3c3c3c
       197  <<<<<<<<<<<<<<<,  3c3c3c3c3c3c3c3c3c3c3c3c3c3c3c2c
       195  <<,<<<<<<<<<<<<<  3c3c2c3c3c3c3c3c3c3c3c3c3c3c3c3c
       192  <,<<<<<<<<<<<<<<  3c2c3c3c3c3c3c3c3c3c3c3c3c3c3c3c
       191  <<<<,<<<<<<<<<<<  3c3c3c3c2c3c3c3c3c3c3c3c3c3c3c3c
       186  <<<<<<<<<<<<<<,<  3c3c3c3c3c3c3c3c3c3c3c3c3c3c2c3c
       182  <<<,<<<<<<<<<<<<  3c3c3c2c3c3c3c3c3c3c3c3c3c3c3c3c
# epoch 18800  H=2.8095 C=2.2517 HO=0.5723  A(t)=386
      9250  <<<<<<<<<<<<<<<<  3c3c3c3c3c3c3c3c3c3c3c3c3c3c3c3c
      1501  {{{{{{{{{{{{{{{{  7b7b7b7b7b7b7b7b7b7b7b7b7b7b7b7b
       298  ,,,,,,,,,,,,,,,,  2c2c2c2c2c2c2c2c2c2c2c2c2c2c2c2c
       222  <<<<<<<<<<<<<<<,  3c3c3c3c3c3c3c3c3c3c3c3c3c3c3c2c
       221  <<<<<<,<<<<<<<<<  3c3c3c3c3c3c2c3c3c3c3c3c3c3c3c3c
       218  <<<<<,<<<<<<<<<<  3c3c3c3c3c2c3c3c3c3c3c3c3c3c3c3c
       216  <<<<,<<<<<<<<<<<  3c3c3c3c2c3c3c3c3c3c3c3c3c3c3c3c
       213  <<<<<<<<<,<<<<<<  3c3c3c3c3c3c3c3c3c2c3c3c3c3c3c3c
       209  <<<<<<<<<<<<<<,<  3c3c3c3c3c3c3c3c3c3c3c3c3c3c2c3c
       209  <<<<<<<,<<<<<<<<  3c3c3c3c3c3c3c2c3c3c3c3c3c3c3c3c
# epoch 18850  H=2.9031 C=2.3290 HO=0.6043  A(t)=387
      8785  <<<<<<<<<<<<<<<<  3c3c3c3c3c3c3c3c3c3c3c3c3c3c3c3c
      1461  {{{{{{{{{{{{{{{{  7b7b7b7b7b7b7b7b7b7b7b7b7b7b7b7b
       493  ,,,,,,,,,,,,,,,,  2c2c2c2c2c2c2c2c2c2c2c2c2c2c2c2c
       253  <<<<<<<<<<<<<<<,  3c3c3c3c3c3c3c3c3c3c3c3c3c3c3c2c
       252  ,<<<<<<<<<<<<<<<  2c3c3c3c3c3c3c3c3c3c3c3c3c3c3c3c
       249  <,<<<<<<<<<<<<<<  3c2c3c3c3c3c3c3c3c3c3c3c3c3c3c3c
       246  <<,<<<<<<<<<<<<<  3c3c2c3c3c3c3c3c3c3c3c3c3c3c3c3c
       244  <<<<<<<<<<<<<<,<  3c3c3c3c3c3c3c3c3c3c3c3c3c3c2c3c
       233  <<<,<<<<<<<<<<<<  3c3c3c2c3c3c3c3c3c3c3c3c3c3c3c3c
       230  <<<<<<<<<<<<<,<<  3c3c3c3c3c3c3c3c3c3c3c3c3c2c3c3c
# epoch 18900  H=2.8950 C=2.3066 HO=0.6144  A(t)=387
      9311  <<<<<<<<<<<<<<<<  3c3c3c3c3c3c3c3c3c3c3c3c3c3c3c3c
      1636  {{{{{{{{{{{{{{{{  7b7b7b7b7b7b7b7b7b7b7b7b7b7b7b7b
       715  ,,,,,,,,,,,,,,,,  2c2c2c2c2c2c2c2c2c2c2c2c2c2c2c2c
       244  <<<<<<<<<<<<<<<,  3c3c3c3c3c3c3c3c3c3c3c3c3c3c3c2c
       231  <<<<<<<<<<<<<<,<  3c3c3c3c3c3c3c3c3c3c3c3c3c3c2c3c
       231  ,<<<<<<<<<<<<<<<  2c3c3c3c3c3c3c3c3c3c3c3c3c3c3c3c
       224  <,<<<<<<<<<<<<<<  3c2c3c3c3c3c3c3c3c3c3c3c3c3c3c3c
       220  <<<<<<,<<<<<<<<<  3c3c3c3c3c3c2c3c3c3c3c3c3c3c3c3c
       218  <<<<<,<<<<<<<<<<  3c3c3c3c3c2c3c3c3c3c3c3c3c3c3c3c
       217  <<<<<<<<<,<<<<<<  3c3c3c3c3c3c3c3c3c2c3c3c3c3c3c3c
# epoch 18950  H=2.8193 C=2.2740 HO=0.5728  A(t)=390
     10419  <<<<<<<<<<<<<<<<  3c3c3c3c3c3c3c3c3c3c3c3c3c3c3c3c
      1217  {{{{{{{{{{{{{{{{  7b7b7b7b7b7b7b7b7b7b7b7b7b7b7b7b
       280  ,,,,,,,,,,,,,,,,  2c2c2c2c2c2c2c2c2c2c2c2c2c2c2c2c
       264  <<<<<<<<<<<<<<<,  3c3c3c3c3c3c3c3c3c3c3c3c3c3c3c2c
       255  ,<<<<<<<<<<<<<<<  2c3c3c3c3c3c3c3c3c3c3c3c3c3c3c3c
       254  <<<<<<<<<<<<<<,<  3c3c3c3c3c3c3c3c3c3c3c3c3c3c2c3c
       253  <<,<<<<<<<<<<<<<  3c3c2c3c3c3c3c3c3c3c3c3c3c3c3c3c
       252  <<<,<<<<<<<<<<<<  3c3c3c2c3c3c3c3c3c3c3c3c3c3c3c3c
       251  <,<<<<<<<<<<<<<<  3c2c3c3c3c3c3c3c3c3c3c3c3c3c3c3c
       248  <<<<<<<<<<<<,<<<  3c3c3c3c3c3c3c3c3c3c3c3c2c3c3c3c
# epoch 19000  H=2.7896 C=2.2207 HO=0.6027  A(t)=390
      9918  <<<<<<<<<<<<<<<<  3c3c3c3c3c3c3c3c3c3c3c3c3c3c3c3c
      1558  {{{{{{{{{{{{{{{{  7b7b7b7b7b7b7b7b7b7b7b7b7b7b7b7b
       962  ,,,,,,,,,,,,,,,,  2c2c2c2c2c2c2c2c2c2c2c2c2c2c2c2c
       276  <<<<<<<<<<<<<<<,  3c3c3c3c3c3c3c3c3c3c3c3c3c3c3c2c
       254  <<<<<<<<<<<<<<,<  3c3c3c3c3c3c3c3c3c3c3c3c3c3c2c3c
       254  ,<<<<<<<<<<<<<<<  2c3c3c3c3c3c3c3c3c3c3c3c3c3c3c3c
       251  <<<<<<<<<<<<<,<<  3c3c3c3c3c3c3c3c3c3c3c3c3c2c3c3c
       250  <<<<<<<<,<<<<<<<  3c3c3c3c3c3c3c3c2c3c3c3c3c3c3c3c
       249  <<<<<<<<<<<<,<<<  3c3c3c3c3c3c3c3c3c3c3c3c2c3c3c3c
       249  <,<<<<<<<<<<<<<<  3c2c3c3c3c3c3c3c3c3c3c3c3c3c3c3c
# epoch 19050  H=2.7144 C=2.1572 HO=0.5811  A(t)=390
     10002  <<<<<<<<<<<<<<<<  3c3c3c3c3c3c3c3c3c3c3c3c3c3c3c3c
      2214  {{{{{{{{{{{{{{{{  7b7b7b7b7b7b7b7b7b7b7b7b7b7b7b7b
       607  ,,,,,,,,,,,,,,,,  2c2c2c2c2c2c2c2c2c2c2c2c2c2c2c2c
       294  <<<<<<<<<<<<<<<,  3c3c3c3c3c3c3c3c3c3c3c3c3c3c3c2c
       285  ,<<<<<<<<<<<<<<<  2c3c3c3c3c3c3c3c3c3c3c3c3c3c3c3c
       269  <<<<<<<<<<<<<<,<  3c3c3c3c3c3c3c3c3c3c3c3c3c3c2c3c
       263  <,<<<<<<<<<<<<<<  3c2c3c3c3c3c3c3c3c3c3c3c3c3c3c3c
       254  <<<<,<<<<<<<<<<<  3c3c3c3c2c3c3c3c3c3c3c3c3c3c3c3c
       252  <<<<<<<<<<<,<<<<  3c3c3c3c3c3c3c3c3c3c3c2c3c3c3c3c
       249  <<,<<<<<<<<<<<<<  3c3c2c3c3c3c3c3c3c3c3c3c3c3c3c3c
# epoch 19100  H=2.7367 C=2.1223 HO=0.6057  A(t)=390
     10900  <<<<<<<<<<<<<<<<  3c3c3c3c3c3c3c3c3c3c3c3c3c3c3c3c
      2045  {{{{{{{{{{{{{{{{  7b7b7b7b7b7b7b7b7b7b7b7b7b7b7b7b
       522  ,,,,,,,,,,,,,,,,  2c2c2c2c2c2c2c2c2c2c2c2c2c2c2c2c
       307  <<<<<<<<<<<<<<<,  3c3c3c3c3c3c3c3c3c3c3c3c3c3c3c2c
       292  <<<<<<<<<<<<<<,<  3c3c3c3c3c3c3c3c3c3c3c3c3c3c2c3c
       285  <<<<<<<<<<<<<,<<  3c3c3c3c3c3c3c3c3c3c3c3c3c2c3c3c
       285  ,<<<<<<<<<<<<<<<  2c3c3c3c3c3c3c3c3c3c3c3c3c3c3c3c
       277  <<<<<<<<<<<<,<<<  3c3c3c3c3c3c3c3c3c3c3c3c2c3c3c3c
       273  <,<<<<<<<<<<<<<<  3c2c3c3c3c3c3c3c3c3c3c3c3c3c3c3c
       265  <<<<<<<<<<<,<<<<  3c3c3c3c3c3c3c3c3c3c3c2c3c3c3c3c
# epoch 19150  H=2.7941 C=2.1667 HO=0.6356  A(t)=390
     10619  <<<<<<<<<<<<<<<<  3c3c3c3c3c3c3c3c3c3c3c3c3c3c3c3c
      1871  {{{{{{{{{{{{{{{{  7b7b7b7b7b7b7b7b7b7b7b7b7b7b7b7b
       449  ,,,,,,,,,,,,,,,,  2c2c2c2c2c2c2c2c2c2c2c2c2c2c2c2c
       336  <<<<<<<<<<<<<<<,  3c3c3c3c3c3c3c3c3c3c3c3c3c3c3c2c
       336  ,<<<<<<<<<<<<<<<  2c3c3c3c3c3c3c3c3c3c3c3c3c3c3c3c
       320  <,<<<<<<<<<<<<<<  3c2c3c3c3c3c3c3c3c3c3c3c3c3c3c3c
       316  <<<<<<<<<<<<<<,<  3c3c3c3c3c3c3c3c3c3c3c3c3c3c2c3c
       316  <<,<<<<<<<<<<<<<  3c3c2c3c3c3c3c3c3c3c3c3c3c3c3c3c
       308  <<<,<<<<<<<<<<<<  3c3c3c2c3c3c3c3c3c3c3c3c3c3c3c3c
       307  <<<<<<<<,<<<<<<<  3c3c3c3c3c3c3c3c2c3c3c3c3c3c3c3c
# epoch 19200  H=2.8296 C=2.2192 HO=0.6304  A(t)=390
     10377  <<<<<<<<<<<<<<<<  3c3c3c3c3c3c3c3c3c3c3c3c3c3c3c3c
      1947  {{{{{{{{{{{{{{{{  7b7b7b7b7b7b7b7b7b7b7b7b7b7b7b7b
       311  <<<<<<<<<<<<<<<,  3c3c3c3c3c3c3c3c3c3c3c3c3c3c3c2c
       303  ,,,,,,,,,,,,,,,,  2c2c2c2c2c2c2c2c2c2c2c2c2c2c2c2c
       296  <<<<<<<<<<<<<<,<  3c3c3c3c3c3c3c3c3c3c3c3c3c3c2c3c
       294  ,<<<<<<<<<<<<<<<  2c3c3c3c3c3c3c3c3c3c3c3c3c3c3c3c
       283  <,<<<<<<<<<<<<<<  3c2c3c3c3c3c3c3c3c3c3c3c3c3c3c3c
       276  <<<<<<<<<<<<<,<<  3c3c3c3c3c3c3c3c3c3c3c3c3c2c3c3c
       271  <<<,<<<<<<<<<<<<  3c3c3c2c3c3c3c3c3c3c3c3c3c3c3c3c
       269  <<<<<<<<<<<<,<<<  3c3c3c3c3c3c3c3c3c3c3c3c2c3c3c3c
# epoch 19250  H=2.8481 C=2.2507 HO=0.6205  A(t)=390
     10854  <<<<<<<<<<<<<<<<  3c3c3c3c3c3c3c3c3c3c3c3c3c3c3c3c
      1649  {{{{{{{{{{{{{{{{  7b7b7b7b7b7b7b7b7b7b7b7b7b7b7b7b
       374  ,,,,,,,,,,,,,,,,  2c2c2c2c2c2c2c2c2c2c2c2c2c2c2c2c
       268  <<<<<<<<<<<<<<<,  3c3c3c3c3c3c3c3c3c3c3c3c3c3c3c2c
       255  <<<<<<<<<<<<<<,<  3c3c3c3c3c3c3c3c3c3c3c3c3c3c2c3c
       247  <<<<<<<<<<<<<,<<  3c3c3c3c3c3c3c3c3c3c3c3c3c2c3c3c
       240  ,<<<<<<<<<<<<<<<  2c3c3c3c3c3c3c3c3c3c3c3c3c3c3c3c
       235  <,<<<<<<<<<<<<<<  3c2c3c3c3c3c3c3c3c3c3c3c3c3c3c3c
       233  <<<<<<<<<<<<,<<<  3c3c3c3c3c3c3c3c3c3c3c3c2c3c3c3c
       231  <<<<<<<<<<<,<<<<  3c3c3c3c3c3c3c3c3c3c3c2c3c3c3c3c
# epoch 19300  H=3.0103 C=2.3467 HO=0.7022  A(t)=390
     10368  <<<<<<<<<<<<<<<<  3c3c3c3c3c3c3c3c3c3c3c3c3c3c3c3c
      1960  {{{{{{{{{{{{{{{{  7b7b7b7b7b7b7b7b7b7b7b7b7b7b7b7b
       715  ,,,,,,,,,,,,,,,,  2c2c2c2c2c2c2c2c2c2c2c2c2c2c2c2c
       257  ,<<<<<<<<<<<<<<<  2c3c3c3c3c3c3c3c3c3c3c3c3c3c3c3c
       248  <<<<<<<<<<<<<<<,  3c3c3c3c3c3c3c3c3c3c3c3c3c3c3c2c
       243  <<,<<<<<<<<<<<<<  3c3c2c3c3c3c3c3c3c3c3c3c3c3c3c3c
       239  <,<<<<<<<<<<<<<<  3c2c3c3c3c3c3c3c3c3c3c3c3c3c3c3c
       234  <<<,<<<<<<<<<<<<  3c3c3c2c3c3c3c3c3c3c3c3c3c3c3c3c
       233  <<<<<<,<<<<<<<<<  3c3c3c3c3c3c2c3c3c3c3c3c3c3c3c3c
       231  <<<<<,<<<<<<<<<<  3c3c3c3c3c2c3c3c3c3c3c3c3c3c3c3c
# epoch 19350  H=2.9011 C=2.2606 HO=0.6732  A(t)=390
     10847  <<<<<<<<<<<<<<<<  3c3c3c3c3c3c3c3c3c3c3c3c3c3c3c3c
      1477  {{{{{{{{{{{{{{{{  7b7b7b7b7b7b7b7b7b7b7b7b7b7b7b7b
       903  ,,,,,,,,,,,,,,,,  2c2c2c2c2c2c2c2c2c2c2c2c2c2c2c2c
       257  <<<<<<<<<<<<<<<,  3c3c3c3c3c3c3c3c3c3c3c3c3c3c3c2c
       244  ,<<<<<<<<<<<<<<<  2c3c3c3c3c3c3c3c3c3c3c3c3c3c3c3c
       232  <<<<<<<<<<<<<<,<  3c3c3c3c3c3c3c3c3c3c3c3c3c3c2c3c
       226  <<<<<<<<<<<<<,<<  3c3c3c3c3c3c3c3c3c3c3c3c3c2c3c3c
       225  <,<<<<<<<<<<<<<<  3c2c3c3c3c3c3c3c3c3c3c3c3c3c3c3c
       218  <<,<<<<<<<<<<<<<  3c3c2c3c3c3c3c3c3c3c3c3c3c3c3c3c
       210  <<<,<<<<<<<<<<<<  3c3c3c2c3c3c3c3c3c3c3c3c3c3c3c3c
# epoch 19400  H=2.8752 C=2.2791 HO=0.6223  A(t)=392
     10113  <<<<<<<<<<<<<<<<  3c3c3c3c3c3c3c3c3c3c3c3c3c3c3c3c
      1614  {{{{{{{{{{{{{{{{  7b7b7b7b7b7b7b7b7b7b7b7b7b7b7b7b
       425  ,,,,,,,,,,,,,,,,  2c2c2c2c2c2c2c2c2c2c2c2c2c2c2c2c
       265  <<<<<<<<<<<<<<<,  3c3c3c3c3c3c3c3c3c3c3c3c3c3c3c2c
       252  <<<<<<<<<<<<<<,<  3c3c3c3c3c3c3c3c3c3c3c3c3c3c2c3c
       252  ,<<<<<<<<<<<<<<<  2c3c3c3c3c3c3c3c3c3c3c3c3c3c3c3c
       240  <<,<<<<<<<<<<<<<  3c3c2c3c3c3c3c3c3c3c3c3c3c3c3c3c
       239  <,<<<<<<<<<<<<<<  3c2c3c3c3c3c3c3c3c3c3c3c3c3c3c3c
       236  <<<<<<<<<<<<<,<<  3c3c3c3c3c3c3c3c3c3c3c3c3c2c3c3c
       231  <<<<<<<<<,<<<<<<  3c3c3c3c3c3c3c3c3c2c3c3c3c3c3c3c
# epoch 19450  H=2.7536 C=2.0752 HO=0.6890  A(t)=392
     11828  <<<<<<<<<<<<<<<<  3c3c3c3c3c3c3c3c3c3c3c3c3c3c3c3c
      1942  {{{{{{{{{{{{{{{{  7b7b7b7b7b7b7b7b7b7b7b7b7b7b7b7b
       631  ,,,,,,,,,,,,,,,,  2c2c2c2c2c2c2c2c2c2c2c2c2c2c2c2c
       303  <<<<<<<<<<<<<<<,  3c3c3c3c3c3c3c3c3c3c3c3c3c3c3c2c
       294  ,<<<<<<<<<<<<<<<  2c3c3c3c3c3c3c3c3c3c3c3c3c3c3c3c
       288  <<<<<<<<<<<<<<,<  3c3c3c3c3c3c3c3c3c3c3c3c3c3c2c3c
       275  <,<<<<<<<<<<<<<<  3c2c3c3c3c3c3c3c3c3c3c3c3c3c3c3c
       270  <<<<<<<<<<<<<,<<  3c3c3c3c3c3c3c3c3c3c3c3c3c2c3c3c
       265  <<<<<<<<<<<<,<<<  3c3c3c3c3c3c3c3c3c3c3c3c2c3c3c3c
       260  <<<,<<<<<<<<<<<<  3c3c3c2c3c3c3c3c3c3c3c3c3c3c3c3c
# epoch 19500  H=2.6621 C=2.0511 HO=0.6226  A(t)=392
     11425  <<<<<<<<<<<<<<<<  3c3c3c3c3c3c3c3c3c3c3c3c3c3c3c3c
      2175  {{{{{{{{{{{{{{{{  7b7b7b7b7b7b7b7b7b7b7b7b7b7b7b7b
       324  ,,,,,,,,,,,,,,,,  2c2c2c2c2c2c2c2c2c2c2c2c2c2c2c2c
       320  <<<<<<<<<<<<<<<,  3c3c3c3c3c3c3c3c3c3c3c3c3c3c3c2c
       315  <<<<<<<<<<<<<,<<  3c3c3c3c3c3c3c3c3c3c3c3c3c2c3c3c
       311  <<<<<<<<<<<<<<,<  3c3c3c3c3c3c3c3c3c3c3c3c3c3c2c3c
       311  <<<<<<<<<<,<<<<<  3c3c3c3c3c3c3c3c3c3c2c3c3c3c3c3c
       311  <<<<<<<<,<<<<<<<  3c3c3c3c3c3c3c3c2c3c3c3c3c3c3c3c
       309  <<<<<<<<<<<,<<<<  3c3c3c3c3c3c3c3c3c3c3c2c3c3c3c3c
       307  <<<<<<<,<<<<<<<<  3c3c3c3c3c3c3c2c3c3c3c3c3c3c3c3c
# epoch 19550  H=2.7035 C=2.0581 HO=0.6576  A(t)=392
     10696  <<<<<<<<<<<<<<<<  3c3c3c3c3c3c3c3c3c3c3c3c3c3c3c3c
      2125  {{{{{{{{{{{{{{{{  7b7b7b7b7b7b7b7b7b7b7b7b7b7b7b7b
       397  ,,,,,,,,,,,,,,,,  2c2c2c2c2c2c2c2c2c2c2c2c2c2c2c2c
       260  <<<<<<<<<<<<<<<,  3c3c3c3c3c3c3c3c3c3c3c3c3c3c3c2c
       244  <<<<<<<<<<<<<<,<  3c3c3c3c3c3c3c3c3c3c3c3c3c3c2c3c
       241  ,<<<<<<<<<<<<<<<  2c3c3c3c3c3c3c3c3c3c3c3c3c3c3c3c
       239  <<<<<<<<<<<<<,<<  3c3c3c3c3c3c3c3c3c3c3c3c3c2c3c3c
       235  <<<<<<<<<<<<,<<<  3c3c3c3c3c3c3c3c3c3c3c3c2c3c3c3c
       228  <<<<<<<<<<,<<<<<  3c3c3c3c3c3c3c3c3c3c2c3c3c3c3c3c
       227  <,<<<<<<<<<<<<<<  3c2c3c3c3c3c3c3c3c3c3c3c3c3c3c3c
# epoch 19600  H=2.6419 C=1.9802 HO=0.6772  A(t)=396
     11341  <<<<<<<<<<<<<<<<  3c3c3c3c3c3c3c3c3c3c3c3c3c3c3c3c
      2179  {{{{{{{{{{{{{{{{  7b7b7b7b7b7b7b7b7b7b7b7b7b7b7b7b
       642  ,,,,,,,,,,,,,,,,  2c2c2c2c2c2c2c2c2c2c2c2c2c2c2c2c
       298  <<<<<<<<<<<<<<<,  3c3c3c3c3c3c3c3c3c3c3c3c3c3c3c2c
       283  <<<<<<<<<<<<<<,<  3c3c3c3c3c3c3c3c3c3c3c3c3c3c2c3c
       279  <,<<<<<<<<<<<<<<  3c2c3c3c3c3c3c3c3c3c3c3c3c3c3c3c
       276  <<<<<<<<<<<<<,<<  3c3c3c3c3c3c3c3c3c3c3c3c3c2c3c3c
       276  <<<,<<<<<<<<<<<<  3c3c3c2c3c3c3c3c3c3c3c3c3c3c3c3c
       276  <<,<<<<<<<<<<<<<  3c3c2c3c3c3c3c3c3c3c3c3c3c3c3c3c
       276  ,<<<<<<<<<<<<<<<  2c3c3c3c3c3c3c3c3c3c3c3c3c3c3c3c
# epoch 19650  H=2.5191 C=1.9364 HO=0.5872  A(t)=398
     11886  <<<<<<<<<<<<<<<<  3c3c3c3c3c3c3c3c3c3c3c3c3c3c3c3c
      1945  {{{{{{{{{{{{{{{{  7b7b7b7b7b7b7b7b7b7b7b7b7b7b7b7b
       479  ,,,,,,,,,,,,,,,,  2c2c2c2c2c2c2c2c2c2c2c2c2c2c2c2c
       297  <<<<<<<<<<<<<<<,  3c3c3c3c3c3c3c3c3c3c3c3c3c3c3c2c
       283  ,<<<<<<<<<<<<<<<  2c3c3c3c3c3c3c3c3c3c3c3c3c3c3c3c
       280  <<<<<<<<<<<<<<,<  3c3c3c3c3c3c3c3c3c3c3c3c3c3c2c3c
       277  <<<<<<<<<<<<<,<<  3c3c3c3c3c3c3c3c3c3c3c3c3c2c3c3c
       272  <<,<<<<<<<<<<<<<  3c3c2c3c3c3c3c3c3c3c3c3c3c3c3c3c
       271  <,<<<<<<<<<<<<<<  3c2c3c3c3c3c3c3c3c3c3c3c3c3c3c3c
       263  <<<<<<,<<<<<<<<<  3c3c3c3c3c3c2c3c3c3c3c3c3c3c3c3c
# epoch 19700  H=2.4437 C=1.8511 HO=0.6027  A(t)=398
     12980  <<<<<<<<<<<<<<<<  3c3c3c3c3c3c3c3c3c3c3c3c3c3c3c3c
      1785  {{{{{{{{{{{{{{{{  7b7b7b7b7b7b7b7b7b7b7b7b7b7b7b7b
       654  ,,,,,,,,,,,,,,,,  2c2c2c2c2c2c2c2c2c2c2c2c2c2c2c2c
       319  <<<<<<<<<<<<<<<,  3c3c3c3c3c3c3c3c3c3c3c3c3c3c3c2c
       301  ,<<<<<<<<<<<<<<<  2c3c3c3c3c3c3c3c3c3c3c3c3c3c3c3c
       292  <,<<<<<<<<<<<<<<  3c2c3c3c3c3c3c3c3c3c3c3c3c3c3c3c
       291  <<<<<<<<<<<<<<,<  3c3c3c3c3c3c3c3c3c3c3c3c3c3c2c3c
       283  <<,<<<<<<<<<<<<<  3c3c2c3c3c3c3c3c3c3c3c3c3c3c3c3c
       278  <<<<<<<<<<<<<,<<  3c3c3c3c3c3c3c3c3c3c3c3c3c2c3c3c
       271  <<<,<<<<<<<<<<<<  3c3c3c2c3c3c3c3c3c3c3c3c3c3c3c3c
# epoch 19750  H=2.4738 C=1.8403 HO=0.6455  A(t)=398
     11953  <<<<<<<<<<<<<<<<  3c3c3c3c3c3c3c3c3c3c3c3c3c3c3c3c
      1786  {{{{{{{{{{{{{{{{  7b7b7b7b7b7b7b7b7b7b7b7b7b7b7b7b
       488  ,,,,,,,,,,,,,,,,  2c2c2c2c2c2c2c2c2c2c2c2c2c2c2c2c
       323  <<<<<<<<<<<<<<<,  3c3c3c3c3c3c3c3c3c3c3c3c3c3c3c2c
       316  ,<<<<<<<<<<<<<<<  2c3c3c3c3c3c3c3c3c3c3c3c3c3c3c3c
       311  <<<<<<<<<<<<<<,<  3c3c3c3c3c3c3c3c3c3c3c3c3c3c2c3c
       310  <<<<<<,<<<<<<<<<  3c3c3c3c3c3c2c3c3c3c3c3c3c3c3c3c
       306  <,<<<<<<<<<<<<<<  3c2c3c3c3c3c3c3c3c3c3c3c3c3c3c3c
       304  <<<<<,<<<<<<<<<<  3c3c3c3c3c2c3c3c3c3c3c3c3c3c3c3c
       302  <<,<<<<<<<<<<<<<  3c3c2c3c3c3c3c3c3c3c3c3c3c3c3c3c
# epoch 19800  H=2.4155 C=1.8132 HO=0.5943  A(t)=398
     12267  <<<<<<<<<<<<<<<<  3c3c3c3c3c3c3c3c3c3c3c3c3c3c3c3c
      1580  {{{{{{{{{{{{{{{{  7b7b7b7b7b7b7b7b7b7b7b7b7b7b7b7b
       557  ,,,,,,,,,,,,,,,,  2c2c2c2c2c2c2c2c2c2c2c2c2c2c2c2c
       323  <<<<<<<<<<<<<<<,  3c3c3c3c3c3c3c3c3c3c3c3c3c3c3c2c
       320  <<<<<<<<<<<<<<,<  3c3c3c3c3c3c3c3c3c3c3c3c3c3c2c3c
       314  <<<<<<<<<<<<,<<<  3c3c3c3c3c3c3c3c3c3c3c3c2c3c3c3c
       309  <<<<<<<<<<<<<,<<  3c3c3c3c3c3c3c3c3c3c3c3c3c2c3c3c
       304  <<<<<<<<<<<,<<<<  3c3c3c3c3c3c3c3c3c3c3c2c3c3c3c3c
       300  <<<<<<<<<<,<<<<<  3c3c3c3c3c3c3c3c3c3c2c3c3c3c3c3c
       299  <<<<<<,<<<<<<<<<  3c3c3c3c3c3c2c3c3c3c3c3c3c3c3c3c
# epoch 19850  H=2.5015 C=1.9122 HO=0.6036  A(t)=398
     12619  <<<<<<<<<<<<<<<<  3c3c3c3c3c3c3c3c3c3c3c3c3c3c3c3c
      1608  {{{{{{{{{{{{{{{{  7b7b7b7b7b7b7b7b7b7b7b7b7b7b7b7b
       369  ,,,,,,,,,,,,,,,,  2c2c2c2c2c2c2c2c2c2c2c2c2c2c2c2c
       354  <<<<<<<<<<<<<<<,  3c3c3c3c3c3c3c3c3c3c3c3c3c3c3c2c
       343  ,<<<<<<<<<<<<<<<  2c3c3c3c3c3c3c3c3c3c3c3c3c3c3c3c
       342  <<<,<<<<<<<<<<<<  3c3c3c2c3c3c3c3c3c3c3c3c3c3c3c3c
       341  <<<<<<<<<<<<<<,<  3c3c3c3c3c3c3c3c3c3c3c3c3c3c2c3c
       339  <<,<<<<<<<<<<<<<  3c3c2c3c3c3c3c3c3c3c3c3c3c3c3c3c
       335  <<<<<<<<,<<<<<<<  3c3c3c3c3c3c3c3c2c3c3c3c3c3c3c3c
       334  <<<<<<<<<,<<<<<<  3c3c3c3c3c3c3c3c3c2c3c3c3c3c3c3c
# epoch 19900  H=2.4375 C=1.8666 HO=0.5780  A(t)=398
     12525  <<<<<<<<<<<<<<<<  3c3c3c3c3c3c3c3c3c3c3c3c3c3c3c3c
      1999  {{{{{{{{{{{{{{{{  7b7b7b7b7b7b7b7b7b7b7b7b7b7b7b7b
       457  ,,,,,,,,,,,,,,,,  2c2c2c2c2c2c2c2c2c2c2c2c2c2c2c2c
       340  <<<<<<<<<<<<<<<,  3c3c3c3c3c3c3c3c3c3c3c3c3c3c3c2c
       320  <<<<<<<<<<<<<<,<  3c3c3c3c3c3c3c3c3c3c3c3c3c3c2c3c
       319  ,<<<<<<<<<<<<<<<  2c3c3c3c3c3c3c3c3c3c3c3c3c3c3c3c
       316  <<<<<<<<<<<<<,<<  3c3c3c3c3c3c3c3c3c3c3c3c3c2c3c3c
       307  <<<<<<<<<<<,<<<<  3c3c3c3c3c3c3c3c3c3c3c2c3c3c3c3c
       307  <<<<<<<<<,<<<<<<  3c3c3c3c3c3c3c3c3c2c3c3c3c3c3c3c
       306  <<<<<<<<<<<<,<<<  3c3c3c3c3c3c3c3c3c3c3c3c2c3c3c3c
# epoch 19950  H=2.3392 C=1.7610 HO=0.5711  A(t)=398
     12943  <<<<<<<<<<<<<<<<  3c3c3c3c3c3c3c3c3c3c3c3c3c3c3c3c
      1926  {{{{{{{{{{{{{{{{  7b7b7b7b7b7b7b7b7b7b7b7b7b7b7b7b
       793  ,,,,,,,,,,,,,,,,  2c2c2c2c2c2c2c2c2c2c2c2c2c2c2c2c
       346  <<<<<<<<<<<<<<<,  3c3c3c3c3c3c3c3c3c3c3c3c3c3c3c2c
       337  <,<<<<<<<<<<<<<<  3c2c3c3c3c3c3c3c3c3c3c3c3c3c3c3c
       335  ,<<<<<<<<<<<<<<<  2c3c3c3c3c3c3c3c3c3c3c3c3c3c3c3c
       331  <<<<<<<<<<<<<<,<  3c3c3c3c3c3c3c3c3c3c3c3c3c3c2c3c
       325  <<,<<<<<<<<<<<<<  3c3c2c3c3c3c3c3c3c3c3c3c3c3c3c3c
       324  <<<<<<<<<<<<<,<<  3c3c3c3c3c3c3c3c3c3c3c3c3c2c3c3c
       315  <<<<<<,<<<<<<<<<  3c3c3c3c3c3c2c3c3c3c3c3c3c3c3c3c
# epoch 20000  H=2.3473 C=1.7705 HO=0.5726  A(t)=400
     12469  <<<<<<<<<<<<<<<<  3c3c3c3c3c3c3c3c3c3c3c3c3c3c3c3c
      1500  {{{{{{{{{{{{{{{{  7b7b7b7b7b7b7b7b7b7b7b7b7b7b7b7b
       643  ,,,,,,,,,,,,,,,,  2c2c2c2c2c2c2c2c2c2c2c2c2c2c2c2c
       327  <<<<<<<<<<<<<<<,  3c3c3c3c3c3c3c3c3c3c3c3c3c3c3c2c
       319  <<<<<<<<<<<<<<,<  3c3c3c3c3c3c3c3c3c3c3c3c3c3c2c3c
       318  <<<<<<,<<<<<<<<<  3c3c3c3c3c3c2c3c3c3c3c3c3c3c3c3c
       314  <<<<<<<,<<<<<<<<  3c3c3c3c3c3c3c2c3c3c3c3c3c3c3c3c
       313  ,<<<<<<<<<<<<<<<  2c3c3c3c3c3c3c3c3c3c3c3c3c3c3c3c
       312  <<<<<<<<,<<<<<<<  3c3c3c3c3c3c3c3c2c3c3c3c3c3c3c3c
       310  <<<<<<<<<,<<<<<<  3c3c3c3c3c3c3c3c3c2c3c3c3c3c3c3c
# epoch 20050  H=2.2561 C=1.6937 HO=0.5481  A(t)=400
     13437  <<<<<<<<<<<<<<<<  3c3c3c3c3c3c3c3c3c3c3c3c3c3c3c3c
      2249  {{{{{{{{{{{{{{{{  7b7b7b7b7b7b7b7b7b7b7b7b7b7b7b7b
       618  ,,,,,,,,,,,,,,,,  2c2c2c2c2c2c2c2c2c2c2c2c2c2c2c2c
       367  <<<<<<<<<<<<<<<,  3c3c3c3c3c3c3c3c3c3c3c3c3c3c3c2c
       352  ,<<<<<<<<<<<<<<<  2c3c3c3c3c3c3c3c3c3c3c3c3c3c3c3c
       347  <<<<<<<<<<<<<<,<  3c3c3c3c3c3c3c3c3c3c3c3c3c3c2c3c
       338  <<<<<<<<<<<<<,<<  3c3c3c3c3c3c3c3c3c3c3c3c3c2c3c3c
       333  <<<<<<<<<<<,<<<<  3c3c3c3c3c3c3c3c3c3c3c2c3c3c3c3c
       331  <<<<<<<<<<<<,<<<  3c3c3c3c3c3c3c3c3c3c3c3c2c3c3c3c
       329  <<<<,<<<<<<<<<<<  3c3c3c3c2c3c3c3c3c3c3c3c3c3c3c3c
# epoch 20100  H=2.3097 C=1.7517 HO=0.5563  A(t)=400
     11560  <<<<<<<<<<<<<<<<  3c3c3c3c3c3c3c3c3c3c3c3c3c3c3c3c
      1559  {{{{{{{{{{{{{{{{  7b7b7b7b7b7b7b7b7b7b7b7b7b7b7b7b
       318  <<<<<<<<<<<<<<<,  3c3c3c3c3c3c3c3c3c3c3c3c3c3c3c2c
       310  <<<<<<<<<,<<<<<<  3c3c3c3c3c3c3c3c3c2c3c3c3c3c3c3c
       310  ,<<<<<<<<<<<<<<<  2c3c3c3c3c3c3c3c3c3c3c3c3c3c3c3c
       308  <<<<<<<<,<<<<<<<  3c3c3c3c3c3c3c3c2c3c3c3c3c3c3c3c
       307  <,<<<<<<<<<<<<<<  3c2c3c3c3c3c3c3c3c3c3c3c3c3c3c3c
       306  <<<<<<<<<<<<<<,<  3c3c3c3c3c3c3c3c3c3c3c3c3c3c2c3c
       305  <<<<<<<,<<<<<<<<  3c3c3c3c3c3c3c2c3c3c3c3c3c3c3c3c
       304  <<<<<<<<<<<,<<<<  3c3c3c3c3c3c3c3c3c3c3c2c3c3c3c3c
# epoch 20150  H=2.1301 C=1.6146 HO=0.5033  A(t)=400
     13725  <<<<<<<<<<<<<<<<  3c3c3c3c3c3c3c3c3c3c3c3c3c3c3c3c
      1938  {{{{{{{{{{{{{{{{  7b7b7b7b7b7b7b7b7b7b7b7b7b7b7b7b
       485  ,,,,,,,,,,,,,,,,  2c2c2c2c2c2c2c2c2c2c2c2c2c2c2c2c
       378  <<<<<<<<<<<<<<<,  3c3c3c3c3c3c3c3c3c3c3c3c3c3c3c2c
       373  <<<,<<<<<<<<<<<<  3c3c3c2c3c3c3c3c3c3c3c3c3c3c3c3c
       372  <<<<<<,<<<<<<<<<  3c3c3c3c3c3c2c3c3c3c3c3c3c3c3c3c
       371  <<<<,<<<<<<<<<<<  3c3c3c3c2c3c3c3c3c3c3c3c3c3c3c3c
       371  <,<<<<<<<<<<<<<<  3c2c3c3c3c3c3c3c3c3c3c3c3c3c3c3c
       369  <<<<<,<<<<<<<<<<  3c3c3c3c3c2c3c3c3c3c3c3c3c3c3c3c
       369  ,<<<<<<<<<<<<<<<  2c3c3c3c3c3c3c3c3c3c3c3c3c3c3c3c
# epoch 20200  H=2.2376 C=1.6982 HO=0.5330  A(t)=401
     13725  <<<<<<<<<<<<<<<<  3c3c3c3c3c3c3c3c3c3c3c3c3c3c3c3c
      1807  {{{{{{{{{{{{{{{{  7b7b7b7b7b7b7b7b7b7b7b7b7b7b7b7b
       351  ,,,,,,,,,,,,,,,,  2c2c2c2c2c2c2c2c2c2c2c2c2c2c2c2c
       345  <<<<<<<<<<<<<<<,  3c3c3c3c3c3c3c3c3c3c3c3c3c3c3c2c
       334  <<<<<<<<<<<<<<,<  3c3c3c3c3c3c3c3c3c3c3c3c3c3c2c3c
       320  <<<<<<<<<<<<<,<<  3c3c3c3c3c3c3c3c3c3c3c3c3c2c3c3c
       318  ,<<<<<<<<<<<<<<<  2c3c3c3c3c3c3c3c3c3c3c3c3c3c3c3c
       315  <<<<<<<<<<<<,<<<  3c3c3c3c3c3c3c3c3c3c3c3c2c3c3c3c
       309  <,<<<<<<<<<<<<<<  3c2c3c3c3c3c3c3c3c3c3c3c3c3c3c3c
       307  <<<<<<<<<<<,<<<<  3c3c3c3c3c3c3c3c3c3c3c2c3c3c3c3c
# epoch 20250  H=2.2024 C=1.7338 HO=0.4552  A(t)=401
     12739  <<<<<<<<<<<<<<<<  3c3c3c3c3c3c3c3c3c3c3c3c3c3c3c3c
      1605  {{{{{{{{{{{{{{{{  7b7b7b7b7b7b7b7b7b7b7b7b7b7b7b7b
       342  <<<<<<<<<<<<<<<,  3c3c3c3c3c3c3c3c3c3c3c3c3c3c3c2c
       342  ,<<<<<<<<<<<<<<<  2c3c3c3c3c3c3c3c3c3c3c3c3c3c3c3c
       341  <,<<<<<<<<<<<<<<  3c2c3c3c3c3c3c3c3c3c3c3c3c3c3c3c
       333  <<<<<<<,<<<<<<<<  3c3c3c3c3c3c3c2c3c3c3c3c3c3c3c3c
       332  <<<<<<<<<<<<<<,<  3c3c3c3c3c3c3c3c3c3c3c3c3c3c2c3c
       330  <<,<<<<<<<<<<<<<  3c3c2c3c3c3c3c3c3c3c3c3c3c3c3c3c
       329  <<<<<<,<<<<<<<<<  3c3c3c3c3c3c2c3c3c3c3c3c3c3c3c3c
       325  <<<,<<<<<<<<<<<<  3c3c3c2c3c3c3c3c3c3c3c3c3c3c3c3c
# epoch 20300  H=2.3483 C=1.8247 HO=0.5165  A(t)=402
     12169  <<<<<<<<<<<<<<<<  3c3c3c3c3c3c3c3c3c3c3c3c3c3c3c3c
      1884  {{{{{{{{{{{{{{{{  7b7b7b7b7b7b7b7b7b7b7b7b7b7b7b7b
       373  ,,,,,,,,,,,,,,,,  2c2c2c2c2c2c2c2c2c2c2c2c2c2c2c2c
       295  <<<<<<<<<<<<<<<,  3c3c3c3c3c3c3c3c3c3c3c3c3c3c3c2c
       288  <<<<<<<<<<<<<<,<  3c3c3c3c3c3c3c3c3c3c3c3c3c3c2c3c
       282  ,<<<<<<<<<<<<<<<  2c3c3c3c3c3c3c3c3c3c3c3c3c3c3c3c
       277  <<<<<<<<<<<<<,<<  3c3c3c3c3c3c3c3c3c3c3c3c3c2c3c3c
       271  <<<<,<<<<<<<<<<<  3c3c3c3c2c3c3c3c3c3c3c3c3c3c3c3c
       270  <<,<<<<<<<<<<<<<  3c3c2c3c3c3c3c3c3c3c3c3c3c3c3c3c
       269  <<<<<<,<<<<<<<<<  3c3c3c3c3c3c2c3c3c3c3c3c3c3c3c3c
# epoch 20350  H=2.3981 C=1.8843 HO=0.5141  A(t)=402
     11318  <<<<<<<<<<<<<<<<  3c3c3c3c3c3c3c3c3c3c3c3c3c3c3c3c
      1774  {{{{{{{{{{{{{{{{  7b7b7b7b7b7b7b7b7b7b7b7b7b7b7b7b
       300  ,<<<<<<<<<<<<<<<  2c3c3c3c3c3c3c3c3c3c3c3c3c3c3c3c
       298  <<<<<<<<<<<<<<<,  3c3c3c3c3c3c3c3c3c3c3c3c3c3c3c2c
       284  <,<<<<<<<<<<<<<<  3c2c3c3c3c3c3c3c3c3c3c3c3c3c3c3c
       282  <<<<<<<<<<<<<<,<  3c3c3c3c3c3c3c3c3c3c3c3c3c3c2c3c
       269  <<<<<<<<<<<<<,<<  3c3c3c3c3c3c3c3c3c3c3c3c3c2c3c3c
       269  <<,<<<<<<<<<<<<<  3c3c2c3c3c3c3c3c3c3c3c3c3c3c3c3c
       263  <<<<<<<<<<<<,<<<  3c3c3c3c3c3c3c3c3c3c3c3c2c3c3c3c
       260  <<<,<<<<<<<<<<<<  3c3c3c2c3c3c3c3c3c3c3c3c3c3c3c3c
# epoch 20400  H=2.5091 C=1.9236 HO=0.5810  A(t)=402
     10580  <<<<<<<<<<<<<<<<  3c3c3c3c3c3c3c3c3c3c3c3c3c3c3c3c
      2159  {{{{{{{{{{{{{{{{  7b7b7b7b7b7b7b7b7b7b7b7b7b7b7b7b
       580  ,,,,,,,,,,,,,,,,  2c2c2c2c2c2c2c2c2c2c2c2c2c2c2c2c
       282  <<<<<<<<<<<<<<<,  3c3c3c3c3c3c3c3c3c3c3c3c3c3c3c2c
       272  <<<<<<<<<<<<,<<<  3c3c3c3c3c3c3c3c3c3c3c3c2c3c3c3c
       266  <<<<<<<<<<<<<,<<  3c3c3c3c3c3c3c3c3c3c3c3c3c2c3c3c
       265  ,<<<<<<<<<<<<<<<  2c3c3c3c3c3c3c3c3c3c3c3c3c3c3c3c
       264  <<<<<,<<<<<<<<<<  3c3c3c3c3c2c3c3c3c3c3c3c3c3c3c3c
       263  <<<<,<<<<<<<<<<<  3c3c3c3c2c3c3c3c3c3c3c3c3c3c3c3c
       261  <<<<<<<<<<<<<<,<  3c3c3c3c3c3c3c3c3c3c3c3c3c3c2c3c
# epoch 20450  H=2.4712 C=1.8943 HO=0.5657  A(t)=404
     11323  <<<<<<<<<<<<<<<<  3c3c3c3c3c3c3c3c3c3c3c3c3c3c3c3c
      2305  {{{{{{{{{{{{{{{{  7b7b7b7b7b7b7b7b7b7b7b7b7b7b7b7b
       279  <<<<<<<<<<<<<<<,  3c3c3c3c3c3c3c3c3c3c3c3c3c3c3c2c
       271  ,<<<<<<<<<<<<<<<  2c3c3c3c3c3c3c3c3c3c3c3c3c3c3c3c
       265  <<<<<<<<<<<<<<,<  3c3c3c3c3c3c3c3c3c3c3c3c3c3c2c3c
       261  <<,<<<<<<<<<<<<<  3c3c2c3c3c3c3c3c3c3c3c3c3c3c3c3c
       261  <,<<<<<<<<<<<<<<  3c2c3c3c3c3c3c3c3c3c3c3c3c3c3c3c
       258  <<<<<<<<<<<<,<<<  3c3c3c3c3c3c3c3c3c3c3c3c2c3c3c3c
       258  <<<,<<<<<<<<<<<<  3c3c3c2c3c3c3c3c3c3c3c3c3c3c3c3c
       255  <<<<<<<<<<<,<<<<  3c3c3c3c3c3c3c3c3c3c3c2c3c3c3c3c
# epoch 20500  H=2.5087 C=1.8884 HO=0.6089  A(t)=404
     10878  <<<<<<<<<<<<<<<<  3c3c3c3c3c3c3c3c3c3c3c3c3c3c3c3c
      2100  {{{{{{{{{{{{{{{{  7b7b7b7b7b7b7b7b7b7b7b7b7b7b7b7b
       556  ,,,,,,,,,,,,,,,,  2c2c2c2c2c2c2c2c2c2c2c2c2c2c2c2c
       308  <<<<<<<<<<<<<<<,  3c3c3c3c3c3c3c3c3c3c3c3c3c3c3c2c
       296  <<<<<<<<<<<<<<,<  3c3c3c3c3c3c3c3c3c3c3c3c3c3c2c3c
       292  ,<<<<<<<<<<<<<<<  2c3c3c3c3c3c3c3c3c3c3c3c3c3c3c3c
       286  <<<<<<<<<<<<<,<<  3c3c3c3c3c3c3c3c3c3c3c3c3c2c3c3c
       285  <,<<<<<<<<<<<<<<  3c2c3c3c3c3c3c3c3c3c3c3c3c3c3c3c
       284  <<,<<<<<<<<<<<<<  3c3c2c3c3c3c3c3c3c3c3c3c3c3c3c3c
       279  <<<<<<<<<<<<,<<<  3c3c3c3c3c3c3c3c3c3c3c3c2c3c3c3c
# epoch 20550  H=2.5368 C=1.8752 HO=0.6487  A(t)=406
     10855  <<<<<<<<<<<<<<<<  3c3c3c3c3c3c3c3c3c3c3c3c3c3c3c3c
      1787  {{{{{{{{{{{{{{{{  7b7b7b7b7b7b7b7b7b7b7b7b7b7b7b7b
       453  ,,,,,,,,,,,,,,,,  2c2c2c2c2c2c2c2c2c2c2c2c2c2c2c2c
       299  <<<<<<<<<<<<<<<,  3c3c3c3c3c3c3c3c3c3c3c3c3c3c3c2c
       294  <<<<<<<<<<<<<,<<  3c3c3c3c3c3c3c3c3c3c3c3c3c2c3c3c
       288  <<<<<<<<<<<<<<,<  3c3c3c3c3c3c3c3c3c3c3c3c3c3c2c3c
       281  <<<<<<<<<<<<,<<<  3c3c3c3c3c3c3c3c3c3c3c3c2c3c3c3c
       277  <<,<<<<<<<<<<<<<  3c3c2c3c3c3c3c3c3c3c3c3c3c3c3c3c
       277  ,<<<<<<<<<<<<<<<  2c3c3c3c3c3c3c3c3c3c3c3c3c3c3c3c
       272  <,<<<<<<<<<<<<<<  3c2c3c3c3c3c3c3c3c3c3c3c3c3c3c3c
# epoch 20600  H=2.4985 C=1.8453 HO=0.6490  A(t)=406
     12077  <<<<<<<<<<<<<<<<  3c3c3c3c3c3c3c3c3c3c3c3c3c3c3c3c
      2442  {{{{{{{{{{{{{{{{  7b7b7b7b7b7b7b7b7b7b7b7b7b7b7b7b
       475  ,,,,,,,,,,,,,,,,  2c2c2c2c2c2c2c2c2c2c2c2c2c2c2c2c
       298  <<<<<<<<<<<<<<<,  3c3c3c3c3c3c3c3c3c3c3c3c3c3c3c2c
       287  <<<<<<<<<<<<<<,<  3c3c3c3c3c3c3c3c3c3c3c3c3c3c2c3c
       281  <<<<<<<<<<<<<,<<  3c3c3c3c3c3c3c3c3c3c3c3c3c2c3c3c
       280  <<,<<<<<<<<<<<<<  3c3c2c3c3c3c3c3c3c3c3c3c3c3c3c3c
       279  <,<<<<<<<<<<<<<<  3c2c3c3c3c3c3c3c3c3c3c3c3c3c3c3c
       271  ,<<<<<<<<<<<<<<<  2c3c3c3c3c3c3c3c3c3c3c3c3c3c3c3c
       268  <<<,<<<<<<<<<<<<  3c3c3c2c3c3c3c3c3c3c3c3c3c3c3c3c
# epoch 20650  H=2.5041 C=1.8652 HO=0.6364  A(t)=406
     12316  <<<<<<<<<<<<<<<<  3c3c3c3c3c3c3c3c3c3c3c3c3c3c3c3c
      2017  {{{{{{{{{{{{{{{{  7b7b7b7b7b7b7b7b7b7b7b7b7b7b7b7b
       464  ,,,,,,,,,,,,,,,,  2c2c2c2c2c2c2c2c2c2c2c2c2c2c2c2c
       271  <<<<<<<<<<<<<<<,  3c3c3c3c3c3c3c3c3c3c3c3c3c3c3c2c
       257  <<<<,<<<<<<<<<<<  3c3c3c3c2c3c3c3c3c3c3c3c3c3c3c3c
       256  <<<<<<<<,<<<<<<<  3c3c3c3c3c3c3c3c2c3c3c3c3c3c3c3c
       255  <<<<<,<<<<<<<<<<  3c3c3c3c3c2c3c3c3c3c3c3c3c3c3c3c
       254  ,<<<<<<<<<<<<<<<  2c3c3c3c3c3c3c3c3c3c3c3c3c3c3c3c
       251  <<<<<<<<<,<<<<<<  3c3c3c3c3c3c3c3c3c2c3c3c3c3c3c3c
       251  <<<<<<<,<<<<<<<<  3c3c3c3c3c3c3c2c3c3c3c3c3c3c3c3c
# epoch 20700  H=2.5197 C=1.8721 HO=0.6593  A(t)=410
     12376  <<<<<<<<<<<<<<<<  3c3c3c3c3c3c3c3c3c3c3c3c3c3c3c3c
      2163  {{{{{{{{{{{{{{{{  7b7b7b7b7b7b7b7b7b7b7b7b7b7b7b7b
       355  ,,,,,,,,,,,,,,,,  2c2c2c2c2c2c2c2c2c2c2c2c2c2c2c2c
       273  <<<<<<<<<<<<<<<,  3c3c3c3c3c3c3c3c3c3c3c3c3c3c3c2c
       257  ,<<<<<<<<<<<<<<<  2c3c3c3c3c3c3c3c3c3c3c3c3c3c3c3c
       253  <<<<<<<<<<<<<<,<  3c3c3c3c3c3c3c3c3c3c3c3c3c3c2c3c
       246  <<,<<<<<<<<<<<<<  3c3c2c3c3c3c3c3c3c3c3c3c3c3c3c3c
       246  <,<<<<<<<<<<<<<<  3c2c3c3c3c3c3c3c3c3c3c3c3c3c3c3c
       242  <<<<<<<<<<<<<,<<  3c3c3c3c3c3c3c3c3c3c3c3c3c2c3c3c
       242  <<<<<<<<<<,<<<<<  3c3c3c3c3c3c3c3c3c3c2c3c3c3c3c3c
# epoch 20750  H=2.6405 C=1.9702 HO=0.6641  A(t)=412
     10071  <<<<<<<<<<<<<<<<  3c3c3c3c3c3c3c3c3c3c3c3c3c3c3c3c
      2369  {{{{{{{{{{{{{{{{  7b7b7b7b7b7b7b7b7b7b7b7b7b7b7b7b
       820  ,,,,,,,,,,,,,,,,  2c2c2c2c2c2c2c2c2c2c2c2c2c2c2c2c
       259  ,<<<<<<<<<<<<<<<  2c3c3c3c3c3c3c3c3c3c3c3c3c3c3c3c
       258  <,<<<<<<<<<<<<<<  3c2c3c3c3c3c3c3c3c3c3c3c3c3c3c3c
       255  <<<<<<<<<<<<<<<,  3c3c3c3c3c3c3c3c3c3c3c3c3c3c3c2c
       254  <<,<<<<<<<<<<<<<  3c3c2c3c3c3c3c3c3c3c3c3c3c3c3c3c
       253  <<<<<<<<<<<<<<,<  3c3c3c3c3c3c3c3c3c3c3c3c3c3c2c3c
       251  <<<<<<,<<<<<<<<<  3c3c3c3c3c3c2c3c3c3c3c3c3c3c3c3c
       245  <<<<<<<<,<<<<<<<  3c3c3c3c3c3c3c3c2c3c3c3c3c3c3c3c
# epoch 20800  H=2.6444 C=2.0145 HO=0.6362  A(t)=414
     11571  <<<<<<<<<<<<<<<<  3c3c3c3c3c3c3c3c3c3c3c3c3c3c3c3c
      2090  {{{{{{{{{{{{{{{{  7b7b7b7b7b7b7b7b7b7b7b7b7b7b7b7b
       415  ,,,,,,,,,,,,,,,,  2c2c2c2c2c2c2c2c2c2c2c2c2c2c2c2c
       291  <<<<<<<<<<<<<<,<  3c3c3c3c3c3c3c3c3c3c3c3c3c3c2c3c
       287  <<<<<<<<<<<<<<<,  3c3c3c3c3c3c3c3c3c3c3c3c3c3c3c2c
       279  <<<<<<<<<<<<<,<<  3c3c3c3c3c3c3c3c3c3c3c3c3c2c3c3c
       272  <,<<<<<<<<<<<<<<  3c2c3c3c3c3c3c3c3c3c3c3c3c3c3c3c
       268  ,<<<<<<<<<<<<<<<  2c3c3c3c3c3c3c3c3c3c3c3c3c3c3c3c
       267  <<<<<<<<<<<<,<<<  3c3c3c3c3c3c3c3c3c3c3c3c2c3c3c3c
       265  <<<<<<<<<<<,<<<<  3c3c3c3c3c3c3c3c3c3c3c2c3c3c3c3c
# epoch 20850  H=2.5968 C=1.9276 HO=0.6777  A(t)=415
     11498  <<<<<<<<<<<<<<<<  3c3c3c3c3c3c3c3c3c3c3c3c3c3c3c3c
      2249  {{{{{{{{{{{{{{{{  7b7b7b7b7b7b7b7b7b7b7b7b7b7b7b7b
       325  ,,,,,,,,,,,,,,,,  2c2c2c2c2c2c2c2c2c2c2c2c2c2c2c2c
       298  <<<<<<<<<<<<<<<,  3c3c3c3c3c3c3c3c3c3c3c3c3c3c3c2c
       298  <<<<<<<<<<<<<<,<  3c3c3c3c3c3c3c3c3c3c3c3c3c3c2c3c
       288  <<<<<<<<<<<<<,<<  3c3c3c3c3c3c3c3c3c3c3c3c3c2c3c3c
       278  ,<<<<<<<<<<<<<<<  2c3c3c3c3c3c3c3c3c3c3c3c3c3c3c3c
       277  <<<<<<<<<,<<<<<<  3c3c3c3c3c3c3c3c3c2c3c3c3c3c3c3c
       277  <<<<<<,<<<<<<<<<  3c3c3c3c3c3c2c3c3c3c3c3c3c3c3c3c
       276  <<,<<<<<<<<<<<<<  3c3c2c3c3c3c3c3c3c3c3c3c3c3c3c3c
# epoch 20900  H=2.5780 C=1.9103 HO=0.6686  A(t)=415
     11444  <<<<<<<<<<<<<<<<  3c3c3c3c3c3c3c3c3c3c3c3c3c3c3c3c
      2151  {{{{{{{{{{{{{{{{  7b7b7b7b7b7b7b7b7b7b7b7b7b7b7b7b
       672  ,,,,,,,,,,,,,,,,  2c2c2c2c2c2c2c2c2c2c2c2c2c2c2c2c
       261  <<<<<<<<<<<<<<<,  3c3c3c3c3c3c3c3c3c3c3c3c3c3c3c2c
       244  <<<<<<<<<<<<,<<<  3c3c3c3c3c3c3c3c3c3c3c3c2c3c3c3c
       243  ,<<<<<<<<<<<<<<<  2c3c3c3c3c3c3c3c3c3c3c3c3c3c3c3c
       242  <<<<<<<<<<<<<<,<  3c3c3c3c3c3c3c3c3c3c3c3c3c3c2c3c
       242  <<<<<<<<<<<<<,<<  3c3c3c3c3c3c3c3c3c3c3c3c3c2c3c3c
       240  <<<<<<<<<<,<<<<<  3c3c3c3c3c3c3c3c3c3c2c3c3c3c3c3c
       238  <<<<<<<<<<<,<<<<  3c3c3c3c3c3c3c3c3c3c3c2c3c3c3c3c
# epoch 20950  H=2.4833 C=1.8413 HO=0.6327  A(t)=415
     10706  <<<<<<<<<<<<<<<<  3c3c3c3c3c3c3c3c3c3c3c3c3c3c3c3c
      2240  {{{{{{{{{{{{{{{{  7b7b7b7b7b7b7b7b7b7b7b7b7b7b7b7b
       672  ,,,,,,,,,,,,,,,,  2c2c2c2c2c2c2c2c2c2c2c2c2c2c2c2c
       312  <<<<<<<<<<<<<<<,  3c3c3c3c3c3c3c3c3c3c3c3c3c3c3c2c
       299  <<<<<<<<<<<<<<,<  3c3c3c3c3c3c3c3c3c3c3c3c3c3c2c3c
       294  ,<<<<<<<<<<<<<<<  2c3c3c3c3c3c3c3c3c3c3c3c3c3c3c3c
       292  <<<<<<<<<<<<,<<<  3c3c3c3c3c3c3c3c3c3c3c3c2c3c3c3c
       290  <<<<<<<<<<<<<,<<  3c3c3c3c3c3c3c3c3c3c3c3c3c2c3c3c
       289  <<<<<<<<<<,<<<<<  3c3c3c3c3c3c3c3c3c3c2c3c3c3c3c3c
       289  <<<<<<<<<,<<<<<<  3c3c3c3c3c3c3c3c3c2c3c3c3c3c3c3c
# epoch 21000  H=2.5089 C=1.8047 HO=0.7131  A(t)=415
     11836  <<<<<<<<<<<<<<<<  3c3c3c3c3c3c3c3c3c3c3c3c3c3c3c3c
      2388  {{{{{{{{{{{{{{{{  7b7b7b7b7b7b7b7b7b7b7b7b7b7b7b7b
       844  ,,,,,,,,,,,,,,,,  2c2c2c2c2c2c2c2c2c2c2c2c2c2c2c2c
       259  <<<<<<<<<<<<<<<,  3c3c3c3c3c3c3c3c3c3c3c3c3c3c3c2c
       249  <<<<<<<<<<<<<,<<  3c3c3c3c3c3c3c3c3c3c3c3c3c2c3c3c
       247  <<<<<<<<<<<<<<,<  3c3c3c3c3c3c3c3c3c3c3c3c3c3c2c3c
       245  <,<<<<<<<<<<<<<<  3c2c3c3c3c3c3c3c3c3c3c3c3c3c3c3c
       244  ,<<<<<<<<<<<<<<<  2c3c3c3c3c3c3c3c3c3c3c3c3c3c3c3c
       234  <<<<<<<<<<<<,<<<  3c3c3c3c3c3c3c3c3c3c3c3c2c3c3c3c
       231  <<,<<<<<<<<<<<<<  3c3c2c3c3c3c3c3c3c3c3c3c3c3c3c3c
# epoch 21050  H=2.4441 C=1.7683 HO=0.6785  A(t)=415
     11878  <<<<<<<<<<<<<<<<  3c3c3c3c3c3c3c3c3c3c3c3c3c3c3c3c
      3007  {{{{{{{{{{{{{{{{  7b7b7b7b7b7b7b7b7b7b7b7b7b7b7b7b
       493  ,,,,,,,,,,,,,,,,  2c2c2c2c2c2c2c2c2c2c2c2c2c2c2c2c
       281  <<<<<<<<<<<<<<<,  3c3c3c3c3c3c3c3c3c3c3c3c3c3c3c2c
       274  <<<<<<<<<<<<<<,<  3c3c3c3c3c3c3c3c3c3c3c3c3c3c2c3c
       271  <,<<<<<<<<<<<<<<  3c2c3c3c3c3c3c3c3c3c3c3c3c3c3c3c
       269  <<<<,<<<<<<<<<<<  3c3c3c3c2c3c3c3c3c3c3c3c3c3c3c3c
       268  ,<<<<<<<<<<<<<<<  2c3c3c3c3c3c3c3c3c3c3c3c3c3c3c3c
       267  <<<<<<<<<<<<,<<<  3c3c3c3c3c3c3c3c3c3c3c3c2c3c3c3c
       266  <<<,<<<<<<<<<<<<  3c3c3c2c3c3c3c3c3c3c3c3c3c3c3c3c
# epoch 21100  H=2.3903 C=1.7057 HO=0.6751  A(t)=415
     12206  <<<<<<<<<<<<<<<<  3c3c3c3c3c3c3c3c3c3c3c3c3c3c3c3c
      2914  {{{{{{{{{{{{{{{{  7b7b7b7b7b7b7b7b7b7b7b7b7b7b7b7b
       926  ,,,,,,,,,,,,,,,,  2c2c2c2c2c2c2c2c2c2c2c2c2c2c2c2c
       334  <<<<<<<<<<<<<<<,  3c3c3c3c3c3c3c3c3c3c3c3c3c3c3c2c
       327  <<<<<<<<<<<<<<,<  3c3c3c3c3c3c3c3c3c3c3c3c3c3c2c3c
       321  <<,<<<<<<<<<<<<<  3c3c2c3c3c3c3c3c3c3c3c3c3c3c3c3c
       315  <<<<<<<<<<<<<,<<  3c3c3c3c3c3c3c3c3c3c3c3c3c2c3c3c
       314  <,<<<<<<<<<<<<<<  3c2c3c3c3c3c3c3c3c3c3c3c3c3c3c3c
       310  ,<<<<<<<<<<<<<<<  2c3c3c3c3c3c3c3c3c3c3c3c3c3c3c3c
       309  <<<<<<<<<<<<,<<<  3c3c3c3c3c3c3c3c3c3c3c3c2c3c3c3c
# epoch 21150  H=2.2811 C=1.6458 HO=0.6287  A(t)=415
     13106  <<<<<<<<<<<<<<<<  3c3c3c3c3c3c3c3c3c3c3c3c3c3c3c3c
      2848  {{{{{{{{{{{{{{{{  7b7b7b7b7b7b7b7b7b7b7b7b7b7b7b7b
       441  ,,,,,,,,,,,,,,,,  2c2c2c2c2c2c2c2c2c2c2c2c2c2c2c2c
       354  <<<<<<<<<<<<<<<,  3c3c3c3c3c3c3c3c3c3c3c3c3c3c3c2c
       351  <<<<<<<<<<<<<<,<  3c3c3c3c3c3c3c3c3c3c3c3c3c3c2c3c
       345  <<<<<<<<<<<<<,<<  3c3c3c3c3c3c3c3c3c3c3c3c3c2c3c3c
       337  <<<<<<<<<,<<<<<<  3c3c3c3c3c3c3c3c3c2c3c3c3c3c3c3c
       335  <<,<<<<<<<<<<<<<  3c3c2c3c3c3c3c3c3c3c3c3c3c3c3c3c
       328  <<<<<<<<,<<<<<<<  3c3c3c3c3c3c3c3c2c3c3c3c3c3c3c3c
       328  <,<<<<<<<<<<<<<<  3c2c3c3c3c3c3c3c3c3c3c3c3c3c3c3c
# epoch 21200  H=2.4290 C=1.7408 HO=0.6911  A(t)=415
     13068  <<<<<<<<<<<<<<<<  3c3c3c3c3c3c3c3c3c3c3c3c3c3c3c3c
      3104  {{{{{{{{{{{{{{{{  7b7b7b7b7b7b7b7b7b7b7b7b7b7b7b7b
       674  ,,,,,,,,,,,,,,,,  2c2c2c2c2c2c2c2c2c2c2c2c2c2c2c2c
       289  <<<<<<<<<<<<<<<,  3c3c3c3c3c3c3c3c3c3c3c3c3c3c3c2c
       280  <<<<<,<<<<<<<<<<  3c3c3c3c3c2c3c3c3c3c3c3c3c3c3c3c
       275  <<<<<<<<<<<<<<,<  3c3c3c3c3c3c3c3c3c3c3c3c3c3c2c3c
       274  <<<<<<<<<<,<<<<<  3c3c3c3c3c3c3c3c3c3c2c3c3c3c3c3c
       272  <<<<,<<<<<<<<<<<  3c3c3c3c2c3c3c3c3c3c3c3c3c3c3c3c
       272  <<,<<<<<<<<<<<<<  3c3c2c3c3c3c3c3c3c3c3c3c3c3c3c3c
       271  <<<<<<<<<<<<,<<<  3c3c3c3c3c3c3c3c3c3c3c3c2c3c3c3c
# epoch 21250  H=2.4019 C=1.7227 HO=0.6792  A(t)=415
     13242  <<<<<<<<<<<<<<<<  3c3c3c3c3c3c3c3c3c3c3c3c3c3c3c3c
      2958  {{{{{{{{{{{{{{{{  7b7b7b7b7b7b7b7b7b7b7b7b7b7b7b7b
       674  ,,,,,,,,,,,,,,,,  2c2c2c2c2c2c2c2c2c2c2c2c2c2c2c2c
       344  <<<<<<<<<<<<<<<,  3c3c3c3c3c3c3c3c3c3c3c3c3c3c3c2c
       312  ,<<<<<<<<<<<<<<<  2c3c3c3c3c3c3c3c3c3c3c3c3c3c3c3c
       309  <<<<<<<<<<<<<<,<  3c3c3c3c3c3c3c3c3c3c3c3c3c3c2c3c
       304  <,<<<<<<<<<<<<<<  3c2c3c3c3c3c3c3c3c3c3c3c3c3c3c3c
       296  <<<<<<<<<<<,<<<<  3c3c3c3c3c3c3c3c3c3c3c2c3c3c3c3c
       295  <<<<<<<<<<<<<,<<  3c3c3c3c3c3c3c3c3c3c3c3c3c2c3c3c
       295  <<,<<<<<<<<<<<<<  3c3c2c3c3c3c3c3c3c3c3c3c3c3c3c3c
# epoch 21300  H=2.3274 C=1.6722 HO=0.6539  A(t)=415
     12596  <<<<<<<<<<<<<<<<  3c3c3c3c3c3c3c3c3c3c3c3c3c3c3c3c
      3185  {{{{{{{{{{{{{{{{  7b7b7b7b7b7b7b7b7b7b7b7b7b7b7b7b
       631  ,,,,,,,,,,,,,,,,  2c2c2c2c2c2c2c2c2c2c2c2c2c2c2c2c
       318  <<<<<<<<<<<<<<<,  3c3c3c3c3c3c3c3c3c3c3c3c3c3c3c2c
       317  ,<<<<<<<<<<<<<<<  2c3c3c3c3c3c3c3c3c3c3c3c3c3c3c3c
       313  <<<<<,<<<<<<<<<<  3c3c3c3c3c2c3c3c3c3c3c3c3c3c3c3c
       310  <,<<<<<<<<<<<<<<  3c2c3c3c3c3c3c3c3c3c3c3c3c3c3c3c
       308  <<,<<<<<<<<<<<<<  3c3c2c3c3c3c3c3c3c3c3c3c3c3c3c3c
       306  <<<<<<,<<<<<<<<<  3c3c3c3c3c3c2c3c3c3c3c3c3c3c3c3c
       303  <<<<<<<<<<<<<<,<  3c3c3c3c3c3c3c3c3c3c3c3c3c3c2c3c
# epoch 21350  H=2.3330 C=1.6465 HO=0.6723  A(t)=415
     12093  <<<<<<<<<<<<<<<<  3c3c3c3c3c3c3c3c3c3c3c3c3c3c3c3c
      3199  {{{{{{{{{{{{{{{{  7b7b7b7b7b7b7b7b7b7b7b7b7b7b7b7b
       630  ,,,,,,,,,,,,,,,,  2c2c2c2c2c2c2c2c2c2c2c2c2c2c2c2c
       310  <<<<<<<<<<<<<<<,  3c3c3c3c3c3c3c3c3c3c3c3c3c3c3c2c
       299  ,<<<<<<<<<<<<<<<  2c3c3c3c3c3c3c3c3c3c3c3c3c3c3c3c
       289  <<<<<<<<<<<<<,<<  3c3c3c3c3c3c3c3c3c3c3c3c3c2c3c3c
       284  <<<<<<<<<<<<<<,<  3c3c3c3c3c3c3c3c3c3c3c3c3c3c2c3c
       284  <,<<<<<<<<<<<<<<  3c2c3c3c3c3c3c3c3c3c3c3c3c3c3c3c
       277  <<<<<<<<<<<<,<<<  3c3c3c3c3c3c3c3c3c3c3c3c2c3c3c3c
       274  <<<<<<<<<<,<<<<<  3c3c3c3c3c3c3c3c3c3c2c3c3c3c3c3c
# epoch 21400  H=2.1830 C=1.5355 HO=0.6333  A(t)=415
     13863  <<<<<<<<<<<<<<<<  3c3c3c3c3c3c3c3c3c3c3c3c3c3c3c3c
      2942  {{{{{{{{{{{{{{{{  7b7b7b7b7b7b7b7b7b7b7b7b7b7b7b7b
       670  ,,,,,,,,,,,,,,,,  2c2c2c2c2c2c2c2c2c2c2c2c2c2c2c2c
       396  <<<<<<<<<<<<<<<,  3c3c3c3c3c3c3c3c3c3c3c3c3c3c3c2c
       388  ,<<<<<<<<<<<<<<<  2c3c3c3c3c3c3c3c3c3c3c3c3c3c3c3c
       368  <,<<<<<<<<<<<<<<  3c2c3c3c3c3c3c3c3c3c3c3c3c3c3c3c
       360  <<<<<<<<<<<<<<,<  3c3c3c3c3c3c3c3c3c3c3c3c3c3c2c3c
       357  <<,<<<<<<<<<<<<<  3c3c2c3c3c3c3c3c3c3c3c3c3c3c3c3c
       356  <<<,<<<<<<<<<<<<  3c3c3c2c3c3c3c3c3c3c3c3c3c3c3c3c
       352  <<<<,<<<<<<<<<<<  3c3c3c3c2c3c3c3c3c3c3c3c3c3c3c3c
# epoch 21450  H=2.2457 C=1.5977 HO=0.6369  A(t)=415
     13682  <<<<<<<<<<<<<<<<  3c3c3c3c3c3c3c3c3c3c3c3c3c3c3c3c
      2774  {{{{{{{{{{{{{{{{  7b7b7b7b7b7b7b7b7b7b7b7b7b7b7b7b
       419  ,,,,,,,,,,,,,,,,  2c2c2c2c2c2c2c2c2c2c2c2c2c2c2c2c
       358  <<<<<<<<<<<<<<<,  3c3c3c3c3c3c3c3c3c3c3c3c3c3c3c2c
       348  <<<<,<<<<<<<<<<<  3c3c3c3c2c3c3c3c3c3c3c3c3c3c3c3c
       348  ,<<<<<<<<<<<<<<<  2c3c3c3c3c3c3c3c3c3c3c3c3c3c3c3c
       343  <<,<<<<<<<<<<<<<  3c3c2c3c3c3c3c3c3c3c3c3c3c3c3c3c
       341  <<<,<<<<<<<<<<<<  3c3c3c2c3c3c3c3c3c3c3c3c3c3c3c3c
       339  <<<<<,<<<<<<<<<<  3c3c3c3c3c2c3c3c3c3c3c3c3c3c3c3c
       332  <<<<<<<<<<<<<<,<  3c3c3c3c3c3c3c3c3c3c3c3c3c3c2c3c
# epoch 21500  H=2.3701 C=1.7383 HO=0.6242  A(t)=415
     12122  <<<<<<<<<<<<<<<<  3c3c3c3c3c3c3c3c3c3c3c3c3c3c3c3c
      2369  {{{{{{{{{{{{{{{{  7b7b7b7b7b7b7b7b7b7b7b7b7b7b7b7b
       341  <<<<<<<<<<<<<<<,  3c3c3c3c3c3c3c3c3c3c3c3c3c3c3c2c
       332  ,<<<<<<<<<<<<<<<  2c3c3c3c3c3c3c3c3c3c3c3c3c3c3c3c
       329  <,<<<<<<<<<<<<<<  3c2c3c3c3c3c3c3c3c3c3c3c3c3c3c3c
       328  <<<<<<<<<<<<<<,<  3c3c3c3c3c3c3c3c3c3c3c3c3c3c2c3c
       325  <<<<<<,<<<<<<<<<  3c3c3c3c3c3c2c3c3c3c3c3c3c3c3c3c
       325  <<<<<,<<<<<<<<<<  3c3c3c3c3c2c3c3c3c3c3c3c3c3c3c3c
       323  <<<,<<<<<<<<<<<<  3c3c3c2c3c3c3c3c3c3c3c3c3c3c3c3c
       322  <<<<<<<<,<<<<<<<  3c3c3c3c3c3c3c3c2c3c3c3c3c3c3c3c
# epoch 21550  H=2.4649 C=1.7610 HO=0.6978  A(t)=415
     11909  <<<<<<<<<<<<<<<<  3c3c3c3c3c3c3c3c3c3c3c3c3c3c3c3c
      2898  {{{{{{{{{{{{{{{{  7b7b7b7b7b7b7b7b7b7b7b7b7b7b7b7b
       564  ,,,,,,,,,,,,,,,,  2c2c2c2c2c2c2c2c2c2c2c2c2c2c2c2c
       352  <<<<<<<<<<<<<<<,  3c3c3c3c3c3c3c3c3c3c3c3c3c3c3c2c
       330  <<<<<<<<<<<<<<,<  3c3c3c3c3c3c3c3c3c3c3c3c3c3c2c3c
       319  ,<<<<<<<<<<<<<<<  2c3c3c3c3c3c3c3c3c3c3c3c3c3c3c3c
       316  <<<<<<<<<<<<,<<<  3c3c3c3c3c3c3c3c3c3c3c3c2c3c3c3c
       315  <,<<<<<<<<<<<<<<  3c2c3c3c3c3c3c3c3c3c3c3c3c3c3c3c
       314  <<<<<<<<<<<<<,<<  3c3c3c3c3c3c3c3c3c3c3c3c3c2c3c3c
       308  <<,<<<<<<<<<<<<<  3c3c2c3c3c3c3c3c3c3c3c3c3c3c3c3c
# epoch 21600  H=2.6345 C=1.8901 HO=0.7588  A(t)=415
     11613  <<<<<<<<<<<<<<<<  3c3c3c3c3c3c3c3c3c3c3c3c3c3c3c3c
      2603  {{{{{{{{{{{{{{{{  7b7b7b7b7b7b7b7b7b7b7b7b7b7b7b7b
       661  ,,,,,,,,,,,,,,,,  2c2c2c2c2c2c2c2c2c2c2c2c2c2c2c2c
       335  <<<<<<<<<<<<<<<,  3c3c3c3c3c3c3c3c3c3c3c3c3c3c3c2c
       306  <<<<<<<<<<<<<<,<  3c3c3c3c3c3c3c3c3c3c3c3c3c3c2c3c
       306  ,<<<<<<<<<<<<<<<  2c3c3c3c3c3c3c3c3c3c3c3c3c3c3c3c
       295  <<<<<<<<<<<<<,<<  3c3c3c3c3c3c3c3c3c3c3c3c3c2c3c3c
       285  <<<<<<<<<<<<,<<<  3c3c3c3c3c3c3c3c3c3c3c3c2c3c3c3c
       284  <,<<<<<<<<<<<<<<  3c2c3c3c3c3c3c3c3c3c3c3c3c3c3c3c
       267  <<<<<<<,<<<<<<<<  3c3c3c3c3c3c3c2c3c3c3c3c3c3c3c3c
# epoch 21650  H=2.5672 C=1.8800 HO=0.7091  A(t)=415
     11791  <<<<<<<<<<<<<<<<  3c3c3c3c3c3c3c3c3c3c3c3c3c3c3c3c
      2205  {{{{{{{{{{{{{{{{  7b7b7b7b7b7b7b7b7b7b7b7b7b7b7b7b
       819  ,,,,,,,,,,,,,,,,  2c2c2c2c2c2c2c2c2c2c2c2c2c2c2c2c
       355  <<<<<<<<<<<<<<<,  3c3c3c3c3c3c3c3c3c3c3c3c3c3c3c2c
       339  <<<<<<<<<<<<<<,<  3c3c3c3c3c3c3c3c3c3c3c3c3c3c2c3c
       338  <<<<<<<<<<<<<,<<  3c3c3c3c3c3c3c3c3c3c3c3c3c2c3c3c
       331  <<<<<<<<<<,<<<<<  3c3c3c3c3c3c3c3c3c3c2c3c3c3c3c3c
       328  ,<<<<<<<<<<<<<<<  2c3c3c3c3c3c3c3c3c3c3c3c3c3c3c3c
       326  <<<<<<<<<<<<,<<<  3c3c3c3c3c3c3c3c3c3c3c3c2c3c3c3c
       326  <<<<<<<<<<<,<<<<  3c3c3c3c3c3c3c3c3c3c3c2c3c3c3c3c
# epoch 21700  H=2.6696 C=1.9241 HO=0.7613  A(t)=415
     10411  <<<<<<<<<<<<<<<<  3c3c3c3c3c3c3c3c3c3c3c3c3c3c3c3c
      2638  {{{{{{{{{{{{{{{{  7b7b7b7b7b7b7b7b7b7b7b7b7b7b7b7b
       381  ,,,,,,,,,,,,,,,,  2c2c2c2c2c2c2c2c2c2c2c2c2c2c2c2c
       324  <<<<<<<<<<<<<<<,  3c3c3c3c3c3c3c3c3c3c3c3c3c3c3c2c
       321  ,<<<<<<<<<<<<<<<  2c3c3c3c3c3c3c3c3c3c3c3c3c3c3c3c
       309  <,<<<<<<<<<<<<<<  3c2c3c3c3c3c3c3c3c3c3c3c3c3c3c3c
       305  <<<<<<<<<<<<<<,<  3c3c3c3c3c3c3c3c3c3c3c3c3c3c2c3c
       304  <<,<<<<<<<<<<<<<  3c3c2c3c3c3c3c3c3c3c3c3c3c3c3c3c
       301  <<<<,<<<<<<<<<<<  3c3c3c3c2c3c3c3c3c3c3c3c3c3c3c3c
       300  <<<,<<<<<<<<<<<<  3c3c3c2c3c3c3c3c3c3c3c3c3c3c3c3c
# epoch 21750  H=2.6051 C=1.8324 HO=0.7878  A(t)=418
     12684  <<<<<<<<<<<<<<<<  3c3c3c3c3c3c3c3c3c3c3c3c3c3c3c3c
      2131  {{{{{{{{{{{{{{{{  7b7b7b7b7b7b7b7b7b7b7b7b7b7b7b7b
       618  ,,,,,,,,,,,,,,,,  2c2c2c2c2c2c2c2c2c2c2c2c2c2c2c2c
       329  <<<<<<<<<<<<<<<,  3c3c3c3c3c3c3c3c3c3c3c3c3c3c3c2c
       312  <<<<<<<<<<<<<<,<  3c3c3c3c3c3c3c3c3c3c3c3c3c3c2c3c
       304  <<<<<<<<,<<<<<<<  3c3c3c3c3c3c3c3c2c3c3c3c3c3c3c3c
       304  ,<<<<<<<<<<<<<<<  2c3c3c3c3c3c3c3c3c3c3c3c3c3c3c3c
       298  <<<<<<<,<<<<<<<<  3c3c3c3c3c3c3c2c3c3c3c3c3c3c3c3c
       298  <,<<<<<<<<<<<<<<  3c2c3c3c3c3c3c3c3c3c3c3c3c3c3c3c
       296  <<<<<<<<<<<<<,<<  3c3c3c3c3c3c3c3c3c3c3c3c3c2c3c3c
# epoch 21800  H=2.6049 C=1.8411 HO=0.7788  A(t)=426
     12648  <<<<<<<<<<<<<<<<  3c3c3c3c3c3c3c3c3c3c3c3c3c3c3c3c
      1903  {{{{{{{{{{{{{{{{  7b7b7b7b7b7b7b7b7b7b7b7b7b7b7b7b
       340  <<<<<<<<<<<<<<<,  3c3c3c3c3c3c3c3c3c3c3c3c3c3c3c2c
       325  <<<<<<<<<<<<<<,<  3c3c3c3c3c3c3c3c3c3c3c3c3c3c2c3c
       325  <,<<<<<<<<<<<<<<  3c2c3c3c3c3c3c3c3c3c3c3c3c3c3c3c
       324  ,<<<<<<<<<<<<<<<  2c3c3c3c3c3c3c3c3c3c3c3c3c3c3c3c
       318  <<,<<<<<<<<<<<<<  3c3c2c3c3c3c3c3c3c3c3c3c3c3c3c3c
       312  <<<,<<<<<<<<<<<<  3c3c3c2c3c3c3c3c3c3c3c3c3c3c3c3c
       309  <<<<<<<<<<<<<,<<  3c3c3c3c3c3c3c3c3c3c3c3c3c2c3c3c
       309  <<<<<,<<<<<<<<<<  3c3c3c3c3c2c3c3c3c3c3c3c3c3c3c3c
# epoch 21850  H=2.5034 C=1.7537 HO=0.7624  A(t)=427
     11974  <<<<<<<<<<<<<<<<  3c3c3c3c3c3c3c3c3c3c3c3c3c3c3c3c
      3387  {{{{{{{{{{{{{{{{  7b7b7b7b7b7b7b7b7b7b7b7b7b7b7b7b
       564  ,,,,,,,,,,,,,,,,  2c2c2c2c2c2c2c2c2c2c2c2c2c2c2c2c
       346  <<<<<<<<<<<<<<<,  3c3c3c3c3c3c3c3c3c3c3c3c3c3c3c2c
       330  <<,<<<<<<<<<<<<<  3c3c2c3c3c3c3c3c3c3c3c3c3c3c3c3c
       330  ,<<<<<<<<<<<<<<<  2c3c3c3c3c3c3c3c3c3c3c3c3c3c3c3c
       328  <<<<<<<<<<<<<<,<  3c3c3c3c3c3c3c3c3c3c3c3c3c3c2c3c
       325  <,<<<<<<<<<<<<<<  3c2c3c3c3c3c3c3c3c3c3c3c3c3c3c3c
       320  <<<,<<<<<<<<<<<<  3c3c3c2c3c3c3c3c3c3c3c3c3c3c3c3c
       317  <<<<,<<<<<<<<<<<  3c3c3c3c2c3c3c3c3c3c3c3c3c3c3c3c
# epoch 21900  H=2.4892 C=1.7218 HO=0.7738  A(t)=427
     12316  <<<<<<<<<<<<<<<<  3c3c3c3c3c3c3c3c3c3c3c3c3c3c3c3c
      2644  {{{{{{{{{{{{{{{{  7b7b7b7b7b7b7b7b7b7b7b7b7b7b7b7b
       408  ,,,,,,,,,,,,,,,,  2c2c2c2c2c2c2c2c2c2c2c2c2c2c2c2c
       308  <<<<<<<<<<<<<<<,  3c3c3c3c3c3c3c3c3c3c3c3c3c3c3c2c
       297  <<<<<<<<<<<<<<,<  3c3c3c3c3c3c3c3c3c3c3c3c3c3c2c3c
       290  <<<<<<<<<<<<<,<<  3c3c3c3c3c3c3c3c3c3c3c3c3c2c3c3c
       283  <<<<<<,<<<<<<<<<  3c3c3c3c3c3c2c3c3c3c3c3c3c3c3c3c
       283  ,<<<<<<<<<<<<<<<  2c3c3c3c3c3c3c3c3c3c3c3c3c3c3c3c
       282  <<,<<<<<<<<<<<<<  3c3c2c3c3c3c3c3c3c3c3c3c3c3c3c3c
       282  <,<<<<<<<<<<<<<<  3c2c3c3c3c3c3c3c3c3c3c3c3c3c3c3c
# epoch 21950  H=2.5273 C=1.7567 HO=0.7702  A(t)=427
     11056  <<<<<<<<<<<<<<<<  3c3c3c3c3c3c3c3c3c3c3c3c3c3c3c3c
      3199  {{{{{{{{{{{{{{{{  7b7b7b7b7b7b7b7b7b7b7b7b7b7b7b7b
      1017  ,,,,,,,,,,,,,,,,  2c2c2c2c2c2c2c2c2c2c2c2c2c2c2c2c
       315  <<<<<<<<<<<<<<<,  3c3c3c3c3c3c3c3c3c3c3c3c3c3c3c2c
       312  ,<<<<<<<<<<<<<<<  2c3c3c3c3c3c3c3c3c3c3c3c3c3c3c3c
       303  <,<<<<<<<<<<<<<<  3c2c3c3c3c3c3c3c3c3c3c3c3c3c3c3c
       301  <<<<<<<<<<<<<<,<  3c3c3c3c3c3c3c3c3c3c3c3c3c3c2c3c
       290  <<,<<<<<<<<<<<<<  3c3c2c3c3c3c3c3c3c3c3c3c3c3c3c3c
       288  <<<<<<<,<<<<<<<<  3c3c3c3c3c3c3c2c3c3c3c3c3c3c3c3c
       283  <<<<<<,<<<<<<<<<  3c3c3c3c3c3c2c3c3c3c3c3c3c3c3c3c
# epoch 22000  H=2.5111 C=1.8011 HO=0.7052  A(t)=428
     11109  <<<<<<<<<<<<<<<<  3c3c3c3c3c3c3c3c3c3c3c3c3c3c3c3c
      3271  {{{{{{{{{{{{{{{{  7b7b7b7b7b7b7b7b7b7b7b7b7b7b7b7b
       343  ,,,,,,,,,,,,,,,,  2c2c2c2c2c2c2c2c2c2c2c2c2c2c2c2c
       328  <<<<<<<<<<<<<<<,  3c3c3c3c3c3c3c3c3c3c3c3c3c3c3c2c
       303  <<<<<<<<<<<<<<,<  3c3c3c3c3c3c3c3c3c3c3c3c3c3c2c3c
       302  ,<<<<<<<<<<<<<<<  2c3c3c3c3c3c3c3c3c3c3c3c3c3c3c3c
       296  <<<<<<<<<<<,<<<<  3c3c3c3c3c3c3c3c3c3c3c2c3c3c3c3c
       294  <,<<<<<<<<<<<<<<  3c2c3c3c3c3c3c3c3c3c3c3c3c3c3c3c
       293  <<<<<<<<<<<<<,<<  3c3c3c3c3c3c3c3c3c3c3c3c3c2c3c3c
       293  <<<<<<<<<<<<,<<<  3c3c3c3c3c3c3c3c3c3c3c3c2c3c3c3c
# epoch 22050  H=2.5301 C=1.7789 HO=0.7504  A(t)=429
     11196  <<<<<<<<<<<<<<<<  3c3c3c3c3c3c3c3c3c3c3c3c3c3c3c3c
      3147  {{{{{{{{{{{{{{{{  7b7b7b7b7b7b7b7b7b7b7b7b7b7b7b7b
       447  ,,,,,,,,,,,,,,,,  2c2c2c2c2c2c2c2c2c2c2c2c2c2c2c2c
       281  <<<<<<<<<<<<<<<,  3c3c3c3c3c3c3c3c3c3c3c3c3c3c3c2c
       267  <<<<<<<<<<<<<<,<  3c3c3c3c3c3c3c3c3c3c3c3c3c3c2c3c
       262  <<<<<<<<<<<<<,<<  3c3c3c3c3c3c3c3c3c3c3c3c3c2c3c3c
       262  <<,<<<<<<<<<<<<<  3c3c2c3c3c3c3c3c3c3c3c3c3c3c3c3c
       262  ,<<<<<<<<<<<<<<<  2c3c3c3c3c3c3c3c3c3c3c3c3c3c3c3c
       259  <<<<,<<<<<<<<<<<  3c3c3c3c2c3c3c3c3c3c3c3c3c3c3c3c
       258  <<<<<<,<<<<<<<<<  3c3c3c3c3c3c2c3c3c3c3c3c3c3c3c3c
# epoch 22100  H=2.4648 C=1.7222 HO=0.7319  A(t)=429
     11441  <<<<<<<<<<<<<<<<  3c3c3c3c3c3c3c3c3c3c3c3c3c3c3c3c
      3019  {{{{{{{{{{{{{{{{  7b7b7b7b7b7b7b7b7b7b7b7b7b7b7b7b
       530  ,,,,,,,,,,,,,,,,  2c2c2c2c2c2c2c2c2c2c2c2c2c2c2c2c
       335  <<<<<<<<<<<<<<<,  3c3c3c3c3c3c3c3c3c3c3c3c3c3c3c2c
       324  <<<<<<<<<<<<,<<<  3c3c3c3c3c3c3c3c3c3c3c3c2c3c3c3c
       321  <<<<<<<<<<<<<<,<  3c3c3c3c3c3c3c3c3c3c3c3c3c3c2c3c
       317  <<<<<<<<<<<<<,<<  3c3c3c3c3c3c3c3c3c3c3c3c3c2c3c3c
       317  ,<<<<<<<<<<<<<<<  2c3c3c3c3c3c3c3c3c3c3c3c3c3c3c3c
       315  <<<<<<<<<<,<<<<<  3c3c3c3c3c3c3c3c3c3c2c3c3c3c3c3c
       314  <<<<<<<<<<<,<<<<  3c3c3c3c3c3c3c3c3c3c3c2c3c3c3c3c
# epoch 22150  H=2.4287 C=1.7178 HO=0.7021  A(t)=430
     12467  <<<<<<<<<<<<<<<<  3c3c3c3c3c3c3c3c3c3c3c3c3c3c3c3c
      2471  {{{{{{{{{{{{{{{{  7b7b7b7b7b7b7b7b7b7b7b7b7b7b7b7b
       349  <<<<<<<<<<<<<<<,  3c3c3c3c3c3c3c3c3c3c3c3c3c3c3c2c
       329  ,<<<<<<<<<<<<<<<  2c3c3c3c3c3c3c3c3c3c3c3c3c3c3c3c
       321  <<<<<<<<<<<<<<,<  3c3c3c3c3c3c3c3c3c3c3c3c3c3c2c3c
       312  <<<<<<<<<<<<<,<<  3c3c3c3c3c3c3c3c3c3c3c3c3c2c3c3c
       304  <<,<<<<<<<<<<<<<  3c3c2c3c3c3c3c3c3c3c3c3c3c3c3c3c
       304  <,<<<<<<<<<<<<<<  3c2c3c3c3c3c3c3c3c3c3c3c3c3c3c3c
       300  <<<,<<<<<<<<<<<<  3c3c3c2c3c3c3c3c3c3c3c3c3c3c3c3c
       295  <<<<<<<<<<<<,<<<  3c3c3c3c3c3c3c3c3c3c3c3c2c3c3c3c
# epoch 22200  H=2.5129 C=1.7991 HO=0.7089  A(t)=430
     11228  <<<<<<<<<<<<<<<<  3c3c3c3c3c3c3c3c3c3c3c3c3c3c3c3c
      2264  {{{{{{{{{{{{{{{{  7b7b7b7b7b7b7b7b7b7b7b7b7b7b7b7b
       293  ,,,,,,,,,,,,,,,,  2c2c2c2c2c2c2c2c2c2c2c2c2c2c2c2c
       235  <<<<,<<<<<<<<<<<  3c3c3c3c2c3c3c3c3c3c3c3c3c3c3c3c
       229  <<<,<<<<<<<<<<<<  3c3c3c2c3c3c3c3c3c3c3c3c3c3c3c3c
       229  <<,<<<<<<<<<<<<<  3c3c2c3c3c3c3c3c3c3c3c3c3c3c3c3c
       225  <<<<<<<<<<<<<<<,  3c3c3c3c3c3c3c3c3c3c3c3c3c3c3c2c
       223  <<<<<<,<<<<<<<<<  3c3c3c3c3c3c2c3c3c3c3c3c3c3c3c3c
       223  ,<<<<<<<<<<<<<<<  2c3c3c3c3c3c3c3c3c3c3c3c3c3c3c3c
       222  <<<<<<<<<<<,<<<<  3c3c3c3c3c3c3c3c3c3c3c2c3c3c3c3c
# epoch 22250  H=2.4505 C=1.6929 HO=0.7506  A(t)=437
     12098  <<<<<<<<<<<<<<<<  3c3c3c3c3c3c3c3c3c3c3c3c3c3c3c3c
      2830  {{{{{{{{{{{{{{{{  7b7b7b7b7b7b7b7b7b7b7b7b7b7b7b7b
       344  ................  2e2e2e2e2e2e2e2e2e2e2e2e2e2e2e2e
       291  ,,,,,,,,,,,,,,,,  2c2c2c2c2c2c2c2c2c2c2c2c2c2c2c2c
       282  <<<<<<<<<<<<<<<,  3c3c3c3c3c3c3c3c3c3c3c3c3c3c3c2c
       282  ,<<<<<<<<<<<<<<<  2c3c3c3c3c3c3c3c3c3c3c3c3c3c3c3c
       273  <,<<<<<<<<<<<<<<  3c2c3c3c3c3c3c3c3c3c3c3c3c3c3c3c
       266  <<<<<<<<<<<<,<<<  3c3c3c3c3c3c3c3c3c3c3c3c2c3c3c3c
       263  <<<<<<<<<<,<<<<<  3c3c3c3c3c3c3c3c3c3c2c3c3c3c3c3c
       262  <<<<<<<<<<<<<<,<  3c3c3c3c3c3c3c3c3c3c3c3c3c3c2c3c
# epoch 22300  H=2.4573 C=1.7086 HO=0.7403  A(t)=440
     10687  <<<<<<<<<<<<<<<<  3c3c3c3c3c3c3c3c3c3c3c3c3c3c3c3c
      2879  {{{{{{{{{{{{{{{{  7b7b7b7b7b7b7b7b7b7b7b7b7b7b7b7b
       347  ,,,,,,,,,,,,,,,,  2c2c2c2c2c2c2c2c2c2c2c2c2c2c2c2c
       277  <<<<<<<<<<<<<<<,  3c3c3c3c3c3c3c3c3c3c3c3c3c3c3c2c
       273  ,<<<<<<<<<<<<<<<  2c3c3c3c3c3c3c3c3c3c3c3c3c3c3c3c
       270  <,<<<<<<<<<<<<<<  3c2c3c3c3c3c3c3c3c3c3c3c3c3c3c3c
       269  <<<<<<<<<<<<<<,<  3c3c3c3c3c3c3c3c3c3c3c3c3c3c2c3c
       266  <<<<<<<<<<<<<,<<  3c3c3c3c3c3c3c3c3c3c3c3c3c2c3c3c
       257  <<,<<<<<<<<<<<<<  3c3c2c3c3c3c3c3c3c3c3c3c3c3c3c3c
       252  <<<<<<<<<<<<,<<<  3c3c3c3c3c3c3c3c3c3c3c3c2c3c3c3c
# epoch 22350  H=2.4759 C=1.6830 HO=0.7793  A(t)=444
     11204  <<<<<<<<<<<<<<<<  3c3c3c3c3c3c3c3c3c3c3c3c3c3c3c3c
      3526  {{{{{{{{{{{{{{{{  7b7b7b7b7b7b7b7b7b7b7b7b7b7b7b7b
       683  ,,,,,,,,,,,,,,,,  2c2c2c2c2c2c2c2c2c2c2c2c2c2c2c2c
       280  <<<<<<<<<<<<<<<,  3c3c3c3c3c3c3c3c3c3c3c3c3c3c3c2c
       267  ,<<<<<<<<<<<<<<<  2c3c3c3c3c3c3c3c3c3c3c3c3c3c3c3c
       266  <<<<<<,<<<<<<<<<  3c3c3c3c3c3c2c3c3c3c3c3c3c3c3c3c
       264  <,<<<<<<<<<<<<<<  3c2c3c3c3c3c3c3c3c3c3c3c3c3c3c3c
       262  <<<<<,<<<<<<<<<<  3c3c3c3c3c2c3c3c3c3c3c3c3c3c3c3c
       261  <<<<<<<<,<<<<<<<  3c3c3c3c3c3c3c3c2c3c3c3c3c3c3c3c
       260  <<,<<<<<<<<<<<<<  3c3c2c3c3c3c3c3c3c3c3c3c3c3c3c3c
# epoch 22400  H=2.4921 C=1.7120 HO=0.7697  A(t)=444
     10052  <<<<<<<<<<<<<<<<  3c3c3c3c3c3c3c3c3c3c3c3c3c3c3c3c
      3724  {{{{{{{{{{{{{{{{  7b7b7b7b7b7b7b7b7b7b7b7b7b7b7b7b
       511  ,,,,,,,,,,,,,,,,  2c2c2c2c2c2c2c2c2c2c2c2c2c2c2c2c
       451  ................  2e2e2e2e2e2e2e2e2e2e2e2e2e2e2e2e
       291  <<<<<<<<<<<<<<<,  3c3c3c3c3c3c3c3c3c3c3c3c3c3c3c2c
       284  <<<<<<<<<<<<<<,<  3c3c3c3c3c3c3c3c3c3c3c3c3c3c2c3c
       281  <<<<<<,<<<<<<<<<  3c3c3c3c3c3c2c3c3c3c3c3c3c3c3c3c
       278  <<<<<,<<<<<<<<<<  3c3c3c3c3c2c3c3c3c3c3c3c3c3c3c3c
       278  <<<<,<<<<<<<<<<<  3c3c3c3c2c3c3c3c3c3c3c3c3c3c3c3c
       277  <<<<<<<<<<<,<<<<  3c3c3c3c3c3c3c3c3c3c3c2c3c3c3c3c
# epoch 22450  H=2.4401 C=1.6702 HO=0.7766  A(t)=449
     11988  <<<<<<<<<<<<<<<<  3c3c3c3c3c3c3c3c3c3c3c3c3c3c3c3c
      3408  {{{{{{{{{{{{{{{{  7b7b7b7b7b7b7b7b7b7b7b7b7b7b7b7b
       629  ,,,,,,,,,,,,,,,,  2c2c2c2c2c2c2c2c2c2c2c2c2c2c2c2c
       312  <<<<<<<<<<<<<<<,  3c3c3c3c3c3c3c3c3c3c3c3c3c3c3c2c
       307  ,<<<<<<<<<<<<<<<  2c3c3c3c3c3c3c3c3c3c3c3c3c3c3c3c
       305  <,<<<<<<<<<<<<<<  3c2c3c3c3c3c3c3c3c3c3c3c3c3c3c3c
       299  <<<<<<<<,<<<<<<<  3c3c3c3c3c3c3c3c2c3c3c3c3c3c3c3c
       297  <<<<<<<<<<<<<<,<  3c3c3c3c3c3c3c3c3c3c3c3c3c3c2c3c
       296  <<<<<<<<<<,<<<<<  3c3c3c3c3c3c3c3c3c3c2c3c3c3c3c3c
       296  <<<<<<<,<<<<<<<<  3c3c3c3c3c3c3c2c3c3c3c3c3c3c3c3c
# epoch 22500  H=2.4688 C=1.6929 HO=0.7709  A(t)=449
     13206  <<<<<<<<<<<<<<<<  3c3c3c3c3c3c3c3c3c3c3c3c3c3c3c3c
      3507  {{{{{{{{{{{{{{{{  7b7b7b7b7b7b7b7b7b7b7b7b7b7b7b7b
       739  ,,,,,,,,,,,,,,,,  2c2c2c2c2c2c2c2c2c2c2c2c2c2c2c2c
       312  <<<<<<<<<<<<<<,<  3c3c3c3c3c3c3c3c3c3c3c3c3c3c2c3c
       308  <<<<<<<<<<<<<<<,  3c3c3c3c3c3c3c3c3c3c3c3c3c3c3c2c
       304  <,<<<<<<<<<<<<<<  3c2c3c3c3c3c3c3c3c3c3c3c3c3c3c3c
       303  <<<<<,<<<<<<<<<<  3c3c3c3c3c2c3c3c3c3c3c3c3c3c3c3c
       301  <<<<,<<<<<<<<<<<  3c3c3c3c2c3c3c3c3c3c3c3c3c3c3c3c
       300  ,<<<<<<<<<<<<<<<  2c3c3c3c3c3c3c3c3c3c3c3c3c3c3c3c
       298  <<<<<<<<<<<,<<<<  3c3c3c3c3c3c3c3c3c3c3c2c3c3c3c3c
# epoch 22550  H=2.5272 C=1.7722 HO=0.7539  A(t)=452
     12440  <<<<<<<<<<<<<<<<  3c3c3c3c3c3c3c3c3c3c3c3c3c3c3c3c
      2590  {{{{{{{{{{{{{{{{  7b7b7b7b7b7b7b7b7b7b7b7b7b7b7b7b
       299  ,,,,,,,,,,,,,,,,  2c2c2c2c2c2c2c2c2c2c2c2c2c2c2c2c
       298  ................  2e2e2e2e2e2e2e2e2e2e2e2e2e2e2e2e
       286  <<<<<<<<<<<<<<<,  3c3c3c3c3c3c3c3c3c3c3c3c3c3c3c2c
       272  <<<<<<<<<<<<<<,<  3c3c3c3c3c3c3c3c3c3c3c3c3c3c2c3c
       269  ,<<<<<<<<<<<<<<<  2c3c3c3c3c3c3c3c3c3c3c3c3c3c3c3c
       264  <<,<<<<<<<<<<<<<  3c3c2c3c3c3c3c3c3c3c3c3c3c3c3c3c
       264  <,<<<<<<<<<<<<<<  3c2c3c3c3c3c3c3c3c3c3c3c3c3c3c3c
       262  <<<<<<<<<<<<<,<<  3c3c3c3c3c3c3c3c3c3c3c3c3c2c3c3c
# epoch 22600  H=2.5711 C=1.8192 HO=0.7541  A(t)=452
     10994  <<<<<<<<<<<<<<<<  3c3c3c3c3c3c3c3c3c3c3c3c3c3c3c3c
      2952  {{{{{{{{{{{{{{{{  7b7b7b7b7b7b7b7b7b7b7b7b7b7b7b7b
       416  ,,,,,,,,,,,,,,,,  2c2c2c2c2c2c2c2c2c2c2c2c2c2c2c2c
       249  <<<<<<<<<<<<<<<,  3c3c3c3c3c3c3c3c3c3c3c3c3c3c3c2c
       241  ,<<<<<<<<<<<<<<<  2c3c3c3c3c3c3c3c3c3c3c3c3c3c3c3c
       237  <<,<<<<<<<<<<<<<  3c3c2c3c3c3c3c3c3c3c3c3c3c3c3c3c
       235  <<<<<<<<<<<<<<,<  3c3c3c3c3c3c3c3c3c3c3c3c3c3c2c3c
       235  <<<,<<<<<<<<<<<<  3c3c3c2c3c3c3c3c3c3c3c3c3c3c3c3c
       230  <<<<<<<<<<<<<,<<  3c3c3c3c3c3c3c3c3c3c3c3c3c2c3c3c
       228  <<<<<<<<<<<<,<<<  3c3c3c3c3c3c3c3c3c3c3c3c2c3c3c3c
# epoch 22650  H=2.5943 C=1.8279 HO=0.7724  A(t)=454
     11480  <<<<<<<<<<<<<<<<  3c3c3c3c3c3c3c3c3c3c3c3c3c3c3c3c
      3014  {{{{{{{{{{{{{{{{  7b7b7b7b7b7b7b7b7b7b7b7b7b7b7b7b
       517  ,,,,,,,,,,,,,,,,  2c2c2c2c2c2c2c2c2c2c2c2c2c2c2c2c
       291  <<<<<<<<<<<<<<<,  3c3c3c3c3c3c3c3c3c3c3c3c3c3c3c2c
       274  ,<<<<<<<<<<<<<<<  2c3c3c3c3c3c3c3c3c3c3c3c3c3c3c3c
       257  <<<<<<<<<<<<<<,<  3c3c3c3c3c3c3c3c3c3c3c3c3c3c2c3c
       249  <<<<<<<<<<<<<,<<  3c3c3c3c3c3c3c3c3c3c3c3c3c2c3c3c
       244  <,<<<<<<<<<<<<<<  3c2c3c3c3c3c3c3c3c3c3c3c3c3c3c3c
       240  <<,<<<<<<<<<<<<<  3c3c2c3c3c3c3c3c3c3c3c3c3c3c3c3c
       237  <<<<<,<<<<<<<<<<  3c3c3c3c3c2c3c3c3c3c3c3c3c3c3c3c
# epoch 22700  H=2.4754 C=1.7405 HO=0.7294  A(t)=457
     10883  <<<<<<<<<<<<<<<<  3c3c3c3c3c3c3c3c3c3c3c3c3c3c3c3c
      3630  {{{{{{{{{{{{{{{{  7b7b7b7b7b7b7b7b7b7b7b7b7b7b7b7b
       410  ,,,,,,,,,,,,,,,,  2c2c2c2c2c2c2c2c2c2c2c2c2c2c2c2c
       287  <<<<<<<<<<<<<<<,  3c3c3c3c3c3c3c3c3c3c3c3c3c3c3c2c
       271  ,<<<<<<<<<<<<<<<  2c3c3c3c3c3c3c3c3c3c3c3c3c3c3c3c
       266  <<<<<<<<<<<<<<,<  3c3c3c3c3c3c3c3c3c3c3c3c3c3c2c3c
       257  <<<<<,<<<<<<<<<<  3c3c3c3c3c2c3c3c3c3c3c3c3c3c3c3c
       256  <<<<<<,<<<<<<<<<  3c3c3c3c3c3c2c3c3c3c3c3c3c3c3c3c
       255  <<<<<<<<<<<<<,<<  3c3c3c3c3c3c3c3c3c3c3c3c3c2c3c3c
       254  <<<<,<<<<<<<<<<<  3c3c3c3c2c3c3c3c3c3c3c3c3c3c3c3c
# epoch 22750  H=2.4265 C=1.7339 HO=0.6903  A(t)=458
     10546  <<<<<<<<<<<<<<<<  3c3c3c3c3c3c3c3c3c3c3c3c3c3c3c3c
      3594  {{{{{{{{{{{{{{{{  7b7b7b7b7b7b7b7b7b7b7b7b7b7b7b7b
       442  ,,,,,,,,,,,,,,,,  2c2c2c2c2c2c2c2c2c2c2c2c2c2c2c2c
       270  <<<<<<<<<<<<<<<,  3c3c3c3c3c3c3c3c3c3c3c3c3c3c3c2c
       254  <,<<<<<<<<<<<<<<  3c2c3c3c3c3c3c3c3c3c3c3c3c3c3c3c
       252  ,<<<<<<<<<<<<<<<  2c3c3c3c3c3c3c3c3c3c3c3c3c3c3c3c
       250  <<<<<<<<<<<<<,<<  3c3c3c3c3c3c3c3c3c3c3c3c3c2c3c3c
       249  <<,<<<<<<<<<<<<<  3c3c2c3c3c3c3c3c3c3c3c3c3c3c3c3c
       248  <<<<<<<<<<<<<<,<  3c3c3c3c3c3c3c3c3c3c3c3c3c3c2c3c
       245  <<<<<<<<<<,<<<<<  3c3c3c3c3c3c3c3c3c3c2c3c3c3c3c3c
# epoch 22800  H=2.4720 C=1.7290 HO=0.7472  A(t)=460
     10996  <<<<<<<<<<<<<<<<  3c3c3c3c3c3c3c3c3c3c3c3c3c3c3c3c
      3268  {{{{{{{{{{{{{{{{  7b7b7b7b7b7b7b7b7b7b7b7b7b7b7b7b
       606  ,,,,,,,,,,,,,,,,  2c2c2c2c2c2c2c2c2c2c2c2c2c2c2c2c
       299  <<<<<<<<<<<<<<<,  3c3c3c3c3c3c3c3c3c3c3c3c3c3c3c2c
       277  <<<<<<<<<<<<<<,<  3c3c3c3c3c3c3c3c3c3c3c3c3c3c2c3c
       276  ,<<<<<<<<<<<<<<<  2c3c3c3c3c3c3c3c3c3c3c3c3c3c3c3c
       272  <<<<<<<<<<<<<,<<  3c3c3c3c3c3c3c3c3c3c3c3c3c2c3c3c
       270  <<<<<<<<<<<<,<<<  3c3c3c3c3c3c3c3c3c3c3c3c2c3c3c3c
       269  <,<<<<<<<<<<<<<<  3c2c3c3c3c3c3c3c3c3c3c3c3c3c3c3c
       263  <<,<<<<<<<<<<<<<  3c3c2c3c3c3c3c3c3c3c3c3c3c3c3c3c
# epoch 22850  H=2.6989 C=1.9355 HO=0.7849  A(t)=464
      9858  <<<<<<<<<<<<<<<<  3c3c3c3c3c3c3c3c3c3c3c3c3c3c3c3c
      3362  {{{{{{{{{{{{{{{{  7b7b7b7b7b7b7b7b7b7b7b7b7b7b7b7b
       475  ,,,,,,,,,,,,,,,,  2c2c2c2c2c2c2c2c2c2c2c2c2c2c2c2c
       299  <<<<<<<<<<<<<<<,  3c3c3c3c3c3c3c3c3c3c3c3c3c3c3c2c
       282  <<<<<<<<<<<<<,<<  3c3c3c3c3c3c3c3c3c3c3c3c3c2c3c3c
       280  <<<<<<<<<<<<<<,<  3c3c3c3c3c3c3c3c3c3c3c3c3c3c2c3c
       280  <<,<<<<<<<<<<<<<  3c3c2c3c3c3c3c3c3c3c3c3c3c3c3c3c
       277  ,<<<<<<<<<<<<<<<  2c3c3c3c3c3c3c3c3c3c3c3c3c3c3c3c
       271  <<<,<<<<<<<<<<<<  3c3c3c2c3c3c3c3c3c3c3c3c3c3c3c3c
       269  <,<<<<<<<<<<<<<<  3c2c3c3c3c3c3c3c3c3c3c3c3c3c3c3c
# epoch 22900  H=2.7320 C=1.9492 HO=0.8068  A(t)=464
     11022  <<<<<<<<<<<<<<<<  3c3c3c3c3c3c3c3c3c3c3c3c3c3c3c3c
      3121  {{{{{{{{{{{{{{{{  7b7b7b7b7b7b7b7b7b7b7b7b7b7b7b7b
       383  ,,,,,,,,,,,,,,,,  2c2c2c2c2c2c2c2c2c2c2c2c2c2c2c2c
       312  <<<<<<<<<<<<<<<,  3c3c3c3c3c3c3c3c3c3c3c3c3c3c3c2c
       308  <<<<<<<<<<<<<<,<  3c3c3c3c3c3c3c3c3c3c3c3c3c3c2c3c
       299  <<<<<<<<<<<<<,<<  3c3c3c3c3c3c3c3c3c3c3c3c3c2c3c3c
       292  ,<<<<<<<<<<<<<<<  2c3c3c3c3c3c3c3c3c3c3c3c3c3c3c3c
       291  <,<<<<<<<<<<<<<<  3c2c3c3c3c3c3c3c3c3c3c3c3c3c3c3c
       288  <<<<<<<<<<<<,<<<  3c3c3c3c3c3c3c3c3c3c3c3c2c3c3c3c
       288  <<,<<<<<<<<<<<<<  3c3c2c3c3c3c3c3c3c3c3c3c3c3c3c3c
# epoch 22950  H=2.6601 C=1.9182 HO=0.7605  A(t)=464
     11466  <<<<<<<<<<<<<<<<  3c3c3c3c3c3c3c3c3c3c3c3c3c3c3c3c
      3668  {{{{{{{{{{{{{{{{  7b7b7b7b7b7b7b7b7b7b7b7b7b7b7b7b
       306  <<<<<<<<<<<<<<<,  3c3c3c3c3c3c3c3c3c3c3c3c3c3c3c2c
       294  ,<<<<<<<<<<<<<<<  2c3c3c3c3c3c3c3c3c3c3c3c3c3c3c3c
       280  <<<<<<<<<<<<<<,<  3c3c3c3c3c3c3c3c3c3c3c3c3c3c2c3c
       276  ,,,,,,,,,,,,,,,,  2c2c2c2c2c2c2c2c2c2c2c2c2c2c2c2c
       273  <<<<<<<<<<<<<,<<  3c3c3c3c3c3c3c3c3c3c3c3c3c2c3c3c
       269  <,<<<<<<<<<<<<<<  3c2c3c3c3c3c3c3c3c3c3c3c3c3c3c3c
       265  <<<<<<<<<<,<<<<<  3c3c3c3c3c3c3c3c3c3c2c3c3c3c3c3c
       264  <<<<<<<<<<<,<<<<  3c3c3c3c3c3c3c3c3c3c3c2c3c3c3c3c
# epoch 23000  H=2.6219 C=1.8804 HO=0.7486  A(t)=471
     12652  <<<<<<<<<<<<<<<<  3c3c3c3c3c3c3c3c3c3c3c3c3c3c3c3c
      3327  {{{{{{{{{{{{{{{{  7b7b7b7b7b7b7b7b7b7b7b7b7b7b7b7b
       277  <<<<<<<<<<<<<<<,  3c3c3c3c3c3c3c3c3c3c3c3c3c3c3c2c
       266  <<<<<<<<<<<<<<,<  3c3c3c3c3c3c3c3c3c3c3c3c3c3c2c3c
       260  <<<<<<<<<<<<<,<<  3c3c3c3c3c3c3c3c3c3c3c3c3c2c3c3c
       252  ,<<<<<<<<<<<<<<<  2c3c3c3c3c3c3c3c3c3c3c3c3c3c3c3c
       251  <<<<<<<<<<<<,<<<  3c3c3c3c3c3c3c3c3c3c3c3c2c3c3c3c
       249  <<<<<<<<<,<<<<<<  3c3c3c3c3c3c3c3c3c2c3c3c3c3c3c3c
       248  <<<<<<<,<<<<<<<<  3c3c3c3c3c3c3c2c3c3c3c3c3c3c3c3c
       246  <<<<<,<<<<<<<<<<  3c3c3c3c3c2c3c3c3c3c3c3c3c3c3c3c
# epoch 23050  H=2.5958 C=1.8340 HO=0.7665  A(t)=472
     10409  <<<<<<<<<<<<<<<<  3c3c3c3c3c3c3c3c3c3c3c3c3c3c3c3c
      2946  {{{{{{{{{{{{{{{{  7b7b7b7b7b7b7b7b7b7b7b7b7b7b7b7b
       639  ,,,,,,,,,,,,,,,,  2c2c2c2c2c2c2c2c2c2c2c2c2c2c2c2c
       285  <<<<<<<<<<<<<<<,  3c3c3c3c3c3c3c3c3c3c3c3c3c3c3c2c
       266  <<<<<<<<<<<<<<,<  3c3c3c3c3c3c3c3c3c3c3c3c3c3c2c3c
       266  ,<<<<<<<<<<<<<<<  2c3c3c3c3c3c3c3c3c3c3c3c3c3c3c3c
       262  <<<<,<<<<<<<<<<<  3c3c3c3c2c3c3c3c3c3c3c3c3c3c3c3c
       257  <<<<<<<<<<<,<<<<  3c3c3c3c3c3c3c3c3c3c3c2c3c3c3c3c
       256  <<<<<<<<<<<<<,<<  3c3c3c3c3c3c3c3c3c3c3c3c3c2c3c3c
       256  <<<,<<<<<<<<<<<<  3c3c3c2c3c3c3c3c3c3c3c3c3c3c3c3c
# epoch 23100  H=2.5647 C=1.8013 HO=0.7725  A(t)=478
     12586  <<<<<<<<<<<<<<<<  3c3c3c3c3c3c3c3c3c3c3c3c3c3c3c3c
      3527  {{{{{{{{{{{{{{{{  7b7b7b7b7b7b7b7b7b7b7b7b7b7b7b7b
       295  <<<<<<<<<<<<<<<,  3c3c3c3c3c3c3c3c3c3c3c3c3c3c3c2c
       277  ,<<<<<<<<<<<<<<<  2c3c3c3c3c3c3c3c3c3c3c3c3c3c3c3c
       273  <<<<<<<<<<<<<<,<  3c3c3c3c3c3c3c3c3c3c3c3c3c3c2c3c
       273  ,,,,,,,,,,,,,,,,  2c2c2c2c2c2c2c2c2c2c2c2c2c2c2c2c
       267  <,<<<<<<<<<<<<<<  3c2c3c3c3c3c3c3c3c3c3c3c3c3c3c3c
       266  <<,<<<<<<<<<<<<<  3c3c2c3c3c3c3c3c3c3c3c3c3c3c3c3c
       261  <<<,<<<<<<<<<<<<  3c3c3c2c3c3c3c3c3c3c3c3c3c3c3c3c
       258  <<<<<<<<<<<<,<<<  3c3c3c3c3c3c3c3c3c3c3c3c2c3c3c3c
# epoch 23150  H=2.6087 C=1.8585 HO=0.7511  A(t)=478
     11060  <<<<<<<<<<<<<<<<  3c3c3c3c3c3c3c3c3c3c3c3c3c3c3c3c
      3190  {{{{{{{{{{{{{{{{  7b7b7b7b7b7b7b7b7b7b7b7b7b7b7b7b
       637  ,,,,,,,,,,,,,,,,  2c2c2c2c2c2c2c2c2c2c2c2c2c2c2c2c
       263  <<<<<<<<<<<<<<<,  3c3c3c3c3c3c3c3c3c3c3c3c3c3c3c2c
       254  ,<<<<<<<<<<<<<<<  2c3c3c3c3c3c3c3c3c3c3c3c3c3c3c3c
       250  ................  2e2e2e2e2e2e2e2e2e2e2e2e2e2e2e2e
       249  <<<<<<<<<<<<<<,<  3c3c3c3c3c3c3c3c3c3c3c3c3c3c2c3c
       247  <<<<<<<,<<<<<<<<  3c3c3c3c3c3c3c2c3c3c3c3c3c3c3c3c
       244  <<<<<<<<,<<<<<<<  3c3c3c3c3c3c3c3c2c3c3c3c3c3c3c3c
       239  <,<<<<<<<<<<<<<<  3c2c3c3c3c3c3c3c3c3c3c3c3c3c3c3c
# epoch 23200  H=2.7086 C=1.8961 HO=0.8217  A(t)=481
     11083  <<<<<<<<<<<<<<<<  3c3c3c3c3c3c3c3c3c3c3c3c3c3c3c3c
      3621  {{{{{{{{{{{{{{{{  7b7b7b7b7b7b7b7b7b7b7b7b7b7b7b7b
       525  ,,,,,,,,,,,,,,,,  2c2c2c2c2c2c2c2c2c2c2c2c2c2c2c2c
       269  <<<<<<<<<<<<<<<,  3c3c3c3c3c3c3c3c3c3c3c3c3c3c3c2c
       264  <<<<<<<<<<<,<<<<  3c3c3c3c3c3c3c3c3c3c3c2c3c3c3c3c
       261  ................  2e2e2e2e2e2e2e2e2e2e2e2e2e2e2e2e
       260  <<<<<<<<<<<<<,<<  3c3c3c3c3c3c3c3c3c3c3c3c3c2c3c3c
       257  <<<<<<<<<<<<<<,<  3c3c3c3c3c3c3c3c3c3c3c3c3c3c2c3c
       257  <<<<<<<<<<<<,<<<  3c3c3c3c3c3c3c3c3c3c3c3c2c3c3c3c
       253  <<<<<<<<<<,<<<<<  3c3c3c3c3c3c3c3c3c3c2c3c3c3c3c3c
# epoch 23250  H=2.7167 C=1.9407 HO=0.7892  A(t)=483
     10104  <<<<<<<<<<<<<<<<  3c3c3c3c3c3c3c3c3c3c3c3c3c3c3c3c
      3255  {{{{{{{{{{{{{{{{  7b7b7b7b7b7b7b7b7b7b7b7b7b7b7b7b
       345  ,,,,,,,,,,,,,,,,  2c2c2c2c2c2c2c2c2c2c2c2c2c2c2c2c
       254  <<<<<<<<<<<<<<<,  3c3c3c3c3c3c3c3c3c3c3c3c3c3c3c2c
       250  <<<<<<<<<<<<<<,<  3c3c3c3c3c3c3c3c3c3c3c3c3c3c2c3c
       247  <<<<<<<<<<<<<,<<  3c3c3c3c3c3c3c3c3c3c3c3c3c2c3c3c
       246  ,<<<<<<<<<<<<<<<  2c3c3c3c3c3c3c3c3c3c3c3c3c3c3c3c
       245  <,<<<<<<<<<<<<<<  3c2c3c3c3c3c3c3c3c3c3c3c3c3c3c3c
       238  <<,<<<<<<<<<<<<<  3c3c2c3c3c3c3c3c3c3c3c3c3c3c3c3c
       236  <<<<<<<<<<<<,<<<  3c3c3c3c3c3c3c3c3c3c3c3c2c3c3c3c
# epoch 23300  H=2.8261 C=2.0203 HO=0.8295  A(t)=495
      9203  <<<<<<<<<<<<<<<<  3c3c3c3c3c3c3c3c3c3c3c3c3c3c3c3c
      2951  {{{{{{{{{{{{{{{{  7b7b7b7b7b7b7b7b7b7b7b7b7b7b7b7b
       619  ,,,,,,,,,,,,,,,,  2c2c2c2c2c2c2c2c2c2c2c2c2c2c2c2c
       253  <<<<<<<<<<<<<<<,  3c3c3c3c3c3c3c3c3c3c3c3c3c3c3c2c
       245  <<<<<<<<<<<<<<,<  3c3c3c3c3c3c3c3c3c3c3c3c3c3c2c3c
       244  <<<<<<<<<<<<,<<<  3c3c3c3c3c3c3c3c3c3c3c3c2c3c3c3c
       242  <<<<<<<<<<<<<,<<  3c3c3c3c3c3c3c3c3c3c3c3c3c2c3c3c
       240  <<<<<<<,<<<<<<<<  3c3c3c3c3c3c3c2c3c3c3c3c3c3c3c3c
       238  <<<<<<,<<<<<<<<<  3c3c3c3c3c3c2c3c3c3c3c3c3c3c3c3c
       238  <<<<<,<<<<<<<<<<  3c3c3c3c3c2c3c3c3c3c3c3c3c3c3c3c
# epoch 23350  H=2.8395 C=2.0142 HO=0.8387  A(t)=496
      9814  <<<<<<<<<<<<<<<<  3c3c3c3c3c3c3c3c3c3c3c3c3c3c3c3c
      3038  {{{{{{{{{{{{{{{{  7b7b7b7b7b7b7b7b7b7b7b7b7b7b7b7b
       520  ,,,,,,,,,,,,,,,,  2c2c2c2c2c2c2c2c2c2c2c2c2c2c2c2c
       246  <<<<<<<<<<<<<<<,  3c3c3c3c3c3c3c3c3c3c3c3c3c3c3c2c
       243  <<<<<<<<<,<<<<<<  3c3c3c3c3c3c3c3c3c2c3c3c3c3c3c3c
       243  <<<,<<<<<<<<<<<<  3c3c3c2c3c3c3c3c3c3c3c3c3c3c3c3c
       238  <<<<<<<<<<,<<<<<  3c3c3c3c3c3c3c3c3c3c2c3c3c3c3c3c
       238  <<<<<<<<,<<<<<<<  3c3c3c3c3c3c3c3c2c3c3c3c3c3c3c3c
       238  <,<<<<<<<<<<<<<<  3c2c3c3c3c3c3c3c3c3c3c3c3c3c3c3c
       237  <<,<<<<<<<<<<<<<  3c3c2c3c3c3c3c3c3c3c3c3c3c3c3c3c
# epoch 23400  H=2.8411 C=2.0493 HO=0.8185  A(t)=496
     10658  <<<<<<<<<<<<<<<<  3c3c3c3c3c3c3c3c3c3c3c3c3c3c3c3c
      2401  {{{{{{{{{{{{{{{{  7b7b7b7b7b7b7b7b7b7b7b7b7b7b7b7b
       596  ,,,,,,,,,,,,,,,,  2c2c2c2c2c2c2c2c2c2c2c2c2c2c2c2c
       275  <<,<<<<<<<<<<<<<  3c3c2c3c3c3c3c3c3c3c3c3c3c3c3c3c
       272  <<<<<<<,<<<<<<<<  3c3c3c3c3c3c3c2c3c3c3c3c3c3c3c3c
       270  <<<<<<,<<<<<<<<<  3c3c3c3c3c3c2c3c3c3c3c3c3c3c3c3c
       269  <<<<<<<<<,<<<<<<  3c3c3c3c3c3c3c3c3c2c3c3c3c3c3c3c
       269  <,<<<<<<<<<<<<<<  3c2c3c3c3c3c3c3c3c3c3c3c3c3c3c3c
       268  <<<<,<<<<<<<<<<<  3c3c3c3c2c3c3c3c3c3c3c3c3c3c3c3c
       267  <<<<<,<<<<<<<<<<  3c3c3c3c3c2c3c3c3c3c3c3c3c3c3c3c
# epoch 23450  H=2.7444 C=1.9811 HO=0.7848  A(t)=498
     11731  <<<<<<<<<<<<<<<<  3c3c3c3c3c3c3c3c3c3c3c3c3c3c3c3c
      2332  {{{{{{{{{{{{{{{{  7b7b7b7b7b7b7b7b7b7b7b7b7b7b7b7b
       316  <,<<<<<<<<<<<<<<  3c2c3c3c3c3c3c3c3c3c3c3c3c3c3c3c
       314  <<<<<<<<<<<<<,<<  3c3c3c3c3c3c3c3c3c3c3c3c3c2c3c3c
       314  <<<<,<<<<<<<<<<<  3c3c3c3c2c3c3c3c3c3c3c3c3c3c3c3c
       313  <<<<<<<<<<<<<<,<  3c3c3c3c3c3c3c3c3c3c3c3c3c3c2c3c
       310  ,<<<<<<<<<<<<<<<  2c3c3c3c3c3c3c3c3c3c3c3c3c3c3c3c
       309  <<<<<<<<<<<<<<<,  3c3c3c3c3c3c3c3c3c3c3c3c3c3c3c2c
       308  <<,<<<<<<<<<<<<<  3c3c2c3c3c3c3c3c3c3c3c3c3c3c3c3c
       307  <<<,<<<<<<<<<<<<  3c3c3c2c3c3c3c3c3c3c3c3c3c3c3c3c
# epoch 23500  H=2.7468 C=1.9446 HO=0.8120  A(t)=502
     12060  <<<<<<<<<<<<<<<<  3c3c3c3c3c3c3c3c3c3c3c3c3c3c3c3c
      3133  {{{{{{{{{{{{{{{{  7b7b7b7b7b7b7b7b7b7b7b7b7b7b7b7b
       309  <<<<<<<<,<<<<<<<  3c3c3c3c3c3c3c3c2c3c3c3c3c3c3c3c
       306  <<<<<<<,<<<<<<<<  3c3c3c3c3c3c3c2c3c3c3c3c3c3c3c3c
       304  <<<<<<<<<<<<<<<,  3c3c3c3c3c3c3c3c3c3c3c3c3c3c3c2c
       304  <<<<<<<<<<<<,<<<  3c3c3c3c3c3c3c3c3c3c3c3c2c3c3c3c
       302  <<<<<<<<<<<<<,<<  3c3c3c3c3c3c3c3c3c3c3c3c3c2c3c3c
       302  <<<<<,<<<<<<<<<<  3c3c3c3c3c2c3c3c3c3c3c3c3c3c3c3c
       301  <<<<<<<<<,<<<<<<  3c3c3c3c3c3c3c3c3c2c3c3c3c3c3c3c
       299  <<<<<<,<<<<<<<<<  3c3c3c3c3c3c2c3c3c3c3c3c3c3c3c3c
# epoch 23550  H=2.7701 C=1.9272 HO=0.8552  A(t)=504
     10700  <<<<<<<<<<<<<<<<  3c3c3c3c3c3c3c3c3c3c3c3c3c3c3c3c
      3033  {{{{{{{{{{{{{{{{  7b7b7b7b7b7b7b7b7b7b7b7b7b7b7b7b
       623  ,,,,,,,,,,,,,,,,  2c2c2c2c2c2c2c2c2c2c2c2c2c2c2c2c
       282  <<<<<<<<<<<<<<<,  3c3c3c3c3c3c3c3c3c3c3c3c3c3c3c2c
       266  ,<<<<<<<<<<<<<<<  2c3c3c3c3c3c3c3c3c3c3c3c3c3c3c3c
       250  <<<<<<<<<<<<<<,<  3c3c3c3c3c3c3c3c3c3c3c3c3c3c2c3c
       242  <,<<<<<<<<<<<<<<  3c2c3c3c3c3c3c3c3c3c3c3c3c3c3c3c
       238  <<<<<<<<<<<<<,<<  3c3c3c3c3c3c3c3c3c3c3c3c3c2c3c3c
       232  <<,<<<<<<<<<<<<<  3c3c2c3c3c3c3c3c3c3c3c3c3c3c3c3c
       227  <<<<<<<<<<<<,<<<  3c3c3c3c3c3c3c3c3c3c3c3c2c3c3c3c
# epoch 23600  H=2.7950 C=1.9983 HO=0.8296  A(t)=515
     10577  <<<<<<<<<<<<<<<<  3c3c3c3c3c3c3c3c3c3c3c3c3c3c3c3c
      2800  {{{{{{{{{{{{{{{{  7b7b7b7b7b7b7b7b7b7b7b7b7b7b7b7b
       594  ,,,,,,,,,,,,,,,,  2c2c2c2c2c2c2c2c2c2c2c2c2c2c2c2c
       285  <<<<<<<<<<<<<<<,  3c3c3c3c3c3c3c3c3c3c3c3c3c3c3c2c
       266  <<<<<<<<<<<<<<,<  3c3c3c3c3c3c3c3c3c3c3c3c3c3c2c3c
       263  ,<<<<<<<<<<<<<<<  2c3c3c3c3c3c3c3c3c3c3c3c3c3c3c3c
       262  <<<<<<<<<<<<<,<<  3c3c3c3c3c3c3c3c3c3c3c3c3c2c3c3c
       256  <<<<<<<<<<<<,<<<  3c3c3c3c3c3c3c3c3c3c3c3c2c3c3c3c
       254  <<<<<<<<<,<<<<<<  3c3c3c3c3c3c3c3c3c2c3c3c3c3c3c3c
       253  <<<<<<,<<<<<<<<<  3c3c3c3c3c3c2c3c3c3c3c3c3c3c3c3c
# epoch 23650  H=2.7267 C=1.9666 HO=0.7765  A(t)=519
     11694  <<<<<<<<<<<<<<<<  3c3c3c3c3c3c3c3c3c3c3c3c3c3c3c3c
      2596  {{{{{{{{{{{{{{{{  7b7b7b7b7b7b7b7b7b7b7b7b7b7b7b7b
       384  ,,,,,,,,,,,,,,,,  2c2c2c2c2c2c2c2c2c2c2c2c2c2c2c2c
       323  <<<<<<<<<<<<<<<,  3c3c3c3c3c3c3c3c3c3c3c3c3c3c3c2c
       311  <<<<<<<<<<<<<<,<  3c3c3c3c3c3c3c3c3c3c3c3c3c3c2c3c
       306  <<<<<<<<<<<<<,<<  3c3c3c3c3c3c3c3c3c3c3c3c3c2c3c3c
       302  <<<<<<<<<<<<,<<<  3c3c3c3c3c3c3c3c3c3c3c3c2c3c3c3c
       285  <<<<<<<<<<<,<<<<  3c3c3c3c3c3c3c3c3c3c3c2c3c3c3c3c
       285  <<<<<<<<<<,<<<<<  3c3c3c3c3c3c3c3c3c3c2c3c3c3c3c3c
       285  <<<<<<<,<<<<<<<<  3c3c3c3c3c3c3c2c3c3c3c3c3c3c3c3c
# epoch 23700  H=2.7765 C=1.9948 HO=0.8077  A(t)=521
     10435  <<<<<<<<<<<<<<<<  3c3c3c3c3c3c3c3c3c3c3c3c3c3c3c3c
      2464  {{{{{{{{{{{{{{{{  7b7b7b7b7b7b7b7b7b7b7b7b7b7b7b7b
       549  ,,,,,,,,,,,,,,,,  2c2c2c2c2c2c2c2c2c2c2c2c2c2c2c2c
       271  <<<<<<<<<<<<<<<,  3c3c3c3c3c3c3c3c3c3c3c3c3c3c3c2c
       262  <<<<<<<<<<<<<<,<  3c3c3c3c3c3c3c3c3c3c3c3c3c3c2c3c
       252  <<<<<<<<<<<<<,<<  3c3c3c3c3c3c3c3c3c3c3c3c3c2c3c3c
       250  ,<<<<<<<<<<<<<<<  2c3c3c3c3c3c3c3c3c3c3c3c3c3c3c3c
       245  <,<<<<<<<<<<<<<<  3c2c3c3c3c3c3c3c3c3c3c3c3c3c3c3c
       239  <<,<<<<<<<<<<<<<  3c3c2c3c3c3c3c3c3c3c3c3c3c3c3c3c
       236  <<<<<<<<<<<<,<<<  3c3c3c3c3c3c3c3c3c3c3c3c2c3c3c3c
# epoch 23750  H=2.7823 C=1.9749 HO=0.8144  A(t)=521
     10267  <<<<<<<<<<<<<<<<  3c3c3c3c3c3c3c3c3c3c3c3c3c3c3c3c
      3106  {{{{{{{{{{{{{{{{  7b7b7b7b7b7b7b7b7b7b7b7b7b7b7b7b
       567  ,,,,,,,,,,,,,,,,  2c2c2c2c2c2c2c2c2c2c2c2c2c2c2c2c
       274  <<<<<<<<<<<<<<<,  3c3c3c3c3c3c3c3c3c3c3c3c3c3c3c2c
       263  ,<<<<<<<<<<<<<<<  2c3c3c3c3c3c3c3c3c3c3c3c3c3c3c3c
       249  <,<<<<<<<<<<<<<<  3c2c3c3c3c3c3c3c3c3c3c3c3c3c3c3c
       245  <<<<<<<<<<<<<<,<  3c3c3c3c3c3c3c3c3c3c3c3c3c3c2c3c
       244  <<,<<<<<<<<<<<<<  3c3c2c3c3c3c3c3c3c3c3c3c3c3c3c3c
       240  <<<<<<<<<<<<<,<<  3c3c3c3c3c3c3c3c3c3c3c3c3c2c3c3c
       240  <<<,<<<<<<<<<<<<  3c3c3c2c3c3c3c3c3c3c3c3c3c3c3c3c
# epoch 23800  H=2.8443 C=2.0459 HO=0.7986  A(t)=524
      8724  <<<<<<<<<<<<<<<<  3c3c3c3c3c3c3c3c3c3c3c3c3c3c3c3c
      3112  {{{{{{{{{{{{{{{{  7b7b7b7b7b7b7b7b7b7b7b7b7b7b7b7b
       385  ,,,,,,,,,,,,,,,,  2c2c2c2c2c2c2c2c2c2c2c2c2c2c2c2c
       257  <<<<<<,<<<<<<<<<  3c3c3c3c3c3c2c3c3c3c3c3c3c3c3c3c
       255  <<<<<<<,<<<<<<<<  3c3c3c3c3c3c3c2c3c3c3c3c3c3c3c3c
       254  <<<<<<<<,<<<<<<<  3c3c3c3c3c3c3c3c2c3c3c3c3c3c3c3c
       252  <<<<<<<<<<,<<<<<  3c3c3c3c3c3c3c3c3c3c2c3c3c3c3c3c
       252  <<<<<,<<<<<<<<<<  3c3c3c3c3c2c3c3c3c3c3c3c3c3c3c3c
       252  <<<<,<<<<<<<<<<<  3c3c3c3c2c3c3c3c3c3c3c3c3c3c3c3c
       249  <<<<<<<<<,<<<<<<  3c3c3c3c3c3c3c3c3c2c3c3c3c3c3c3c
# epoch 23850  H=2.7576 C=1.9576 HO=0.8012  A(t)=528
      9849  <<<<<<<<<<<<<<<<  3c3c3c3c3c3c3c3c3c3c3c3c3c3c3c3c
      3350  {{{{{{{{{{{{{{{{  7b7b7b7b7b7b7b7b7b7b7b7b7b7b7b7b
       426  ................  2e2e2e2e2e2e2e2e2e2e2e2e2e2e2e2e
       256  ,,,,,,,,,,,,,,,,  2c2c2c2c2c2c2c2c2c2c2c2c2c2c2c2c
       246  <<<<<<<<<<<<<<<,  3c3c3c3c3c3c3c3c3c3c3c3c3c3c3c2c
       238  ,<<<<<<<<<<<<<<<  2c3c3c3c3c3c3c3c3c3c3c3c3c3c3c3c
       233  <<<<<,<<<<<<<<<<  3c3c3c3c3c2c3c3c3c3c3c3c3c3c3c3c
       232  <<<<<<<<<<<<<,<<  3c3c3c3c3c3c3c3c3c3c3c3c3c2c3c3c
       232  <<,<<<<<<<<<<<<<  3c3c2c3c3c3c3c3c3c3c3c3c3c3c3c3c
       231  <,<<<<<<<<<<<<<<  3c2c3c3c3c3c3c3c3c3c3c3c3c3c3c3c
# epoch 23900  H=2.6173 C=1.8789 HO=0.7386  A(t)=528
     10501  <<<<<<<<<<<<<<<<  3c3c3c3c3c3c3c3c3c3c3c3c3c3c3c3c
      3443  {{{{{{{{{{{{{{{{  7b7b7b7b7b7b7b7b7b7b7b7b7b7b7b7b
       328  ,,,,,,,,,,,,,,,,  2c2c2c2c2c2c2c2c2c2c2c2c2c2c2c2c
       293  <<<<<<<<<<<<<<<,  3c3c3c3c3c3c3c3c3c3c3c3c3c3c3c2c
       289  ,<<<<<<<<<<<<<<<  2c3c3c3c3c3c3c3c3c3c3c3c3c3c3c3c
       279  <<<<<<<<<<<<<<,<  3c3c3c3c3c3c3c3c3c3c3c3c3c3c2c3c
       275  <,<<<<<<<<<<<<<<  3c2c3c3c3c3c3c3c3c3c3c3c3c3c3c3c
       267  <<<<<<<<<<<<<,<<  3c3c3c3c3c3c3c3c3c3c3c3c3c2c3c3c
       267  <<,<<<<<<<<<<<<<  3c3c2c3c3c3c3c3c3c3c3c3c3c3c3c3c
       262  <<<,<<<<<<<<<<<<  3c3c3c2c3c3c3c3c3c3c3c3c3c3c3c3c
# epoch 23950  H=2.5636 C=1.8481 HO=0.7154  A(t)=528
     10317  <<<<<<<<<<<<<<<<  3c3c3c3c3c3c3c3c3c3c3c3c3c3c3c3c
      3725  {{{{{{{{{{{{{{{{  7b7b7b7b7b7b7b7b7b7b7b7b7b7b7b7b
       288  <<<<<<<<<<<<<<<,  3c3c3c3c3c3c3c3c3c3c3c3c3c3c3c2c
       267  ,<<<<<<<<<<<<<<<  2c3c3c3c3c3c3c3c3c3c3c3c3c3c3c3c
       265  <<<<<<<<<<<<<<,<  3c3c3c3c3c3c3c3c3c3c3c3c3c3c2c3c
       262  <<<<<<<,<<<<<<<<  3c3c3c3c3c3c3c2c3c3c3c3c3c3c3c3c
       259  <<<<<<<<<<<<<,<<  3c3c3c3c3c3c3c3c3c3c3c3c3c2c3c3c
       259  <<<<<<<<,<<<<<<<  3c3c3c3c3c3c3c3c2c3c3c3c3c3c3c3c
       259  <,<<<<<<<<<<<<<<  3c2c3c3c3c3c3c3c3c3c3c3c3c3c3c3c
       257  <<<<<,<<<<<<<<<<  3c3c3c3c3c2c3c3c3c3c3c3c3c3c3c3c
# epoch 24000  H=2.5625 C=1.8300 HO=0.7311  A(t)=528
     10645  <<<<<<<<<<<<<<<<  3c3c3c3c3c3c3c3c3c3c3c3c3c3c3c3c
      3040  {{{{{{{{{{{{{{{{  7b7b7b7b7b7b7b7b7b7b7b7b7b7b7b7b
       335  ,,,,,,,,,,,,,,,,  2c2c2c2c2c2c2c2c2c2c2c2c2c2c2c2c
       334  <<<<<<<<<<<<<<<,  3c3c3c3c3c3c3c3c3c3c3c3c3c3c3c2c
       313  ,<<<<<<<<<<<<<<<  2c3c3c3c3c3c3c3c3c3c3c3c3c3c3c3c
       305  <<<<<<<<<<<<<<,<  3c3c3c3c3c3c3c3c3c3c3c3c3c3c2c3c
       299  <,<<<<<<<<<<<<<<  3c2c3c3c3c3c3c3c3c3c3c3c3c3c3c3c
       296  <<<<<<<<<<<<<,<<  3c3c3c3c3c3c3c3c3c3c3c3c3c2c3c3c
       292  <<<<<<<<<<<<,<<<  3c3c3c3c3c3c3c3c3c3c3c3c2c3c3c3c
       287  <<,<<<<<<<<<<<<<  3c3c2c3c3c3c3c3c3c3c3c3c3c3c3c3c
# epoch 24050  H=2.6029 C=1.8514 HO=0.7477  A(t)=530
     11108  <<<<<<<<<<<<<<<<  3c3c3c3c3c3c3c3c3c3c3c3c3c3c3c3c
      3196  {{{{{{{{{{{{{{{{  7b7b7b7b7b7b7b7b7b7b7b7b7b7b7b7b
       259  <<<<<<<<<<<<<<<,  3c3c3c3c3c3c3c3c3c3c3c3c3c3c3c2c
       241  <<<<<<<<<<<<<<,<  3c3c3c3c3c3c3c3c3c3c3c3c3c3c2c3c
       237  ,<<<<<<<<<<<<<<<  2c3c3c3c3c3c3c3c3c3c3c3c3c3c3c3c
       230  <<<<<<<<<<<<<,<<  3c3c3c3c3c3c3c3c3c3c3c3c3c2c3c3c
       230  <<<<<<<<<<,<<<<<  3c3c3c3c3c3c3c3c3c3c2c3c3c3c3c3c
       228  <,<<<<<<<<<<<<<<  3c2c3c3c3c3c3c3c3c3c3c3c3c3c3c3c
       227  <<<<<<<<<<<<,<<<  3c3c3c3c3c3c3c3c3c3c3c3c2c3c3c3c
       227  <<<<<<<<<<<,<<<<  3c3c3c3c3c3c3c3c3c3c3c2c3c3c3c3c
# epoch 24100  H=2.5027 C=1.7893 HO=0.6971  A(t)=534
     10857  <<<<<<<<<<<<<<<<  3c3c3c3c3c3c3c3c3c3c3c3c3c3c3c3c
      3225  {{{{{{{{{{{{{{{{  7b7b7b7b7b7b7b7b7b7b7b7b7b7b7b7b
       308  ................  2e2e2e2e2e2e2e2e2e2e2e2e2e2e2e2e
       296  ,,,,,,,,,,,,,,,,  2c2c2c2c2c2c2c2c2c2c2c2c2c2c2c2c
       269  <<<<<<<<<<<<<<<,  3c3c3c3c3c3c3c3c3c3c3c3c3c3c3c2c
       263  ,<<<<<<<<<<<<<<<  2c3c3c3c3c3c3c3c3c3c3c3c3c3c3c3c
       260  <<<<<<<<<<<<<<,<  3c3c3c3c3c3c3c3c3c3c3c3c3c3c2c3c
       255  <<<<<<<<<<<<<,<<  3c3c3c3c3c3c3c3c3c3c3c3c3c2c3c3c
       246  <<<<<<<<<<<<,<<<  3c3c3c3c3c3c3c3c3c3c3c3c2c3c3c3c
       243  <<<<<<<<<<<,<<<<  3c3c3c3c3c3c3c3c3c3c3c2c3c3c3c3c
# epoch 24150  H=2.5872 C=1.8340 HO=0.7534  A(t)=539
     10486  <<<<<<<<<<<<<<<<  3c3c3c3c3c3c3c3c3c3c3c3c3c3c3c3c
      2816  {{{{{{{{{{{{{{{{  7b7b7b7b7b7b7b7b7b7b7b7b7b7b7b7b
       414  ,,,,,,,,,,,,,,,,  2c2c2c2c2c2c2c2c2c2c2c2c2c2c2c2c
       262  <<<<<<<<<<<<<<<,  3c3c3c3c3c3c3c3c3c3c3c3c3c3c3c2c
       262  <<<<<<<<<<<<,<<<  3c3c3c3c3c3c3c3c3c3c3c3c2c3c3c3c
       261  <<<<<<<<<<<<<,<<  3c3c3c3c3c3c3c3c3c3c3c3c3c2c3c3c
       259  <<<<<<<<<<<<<<,<  3c3c3c3c3c3c3c3c3c3c3c3c3c3c2c3c
       255  <<<,<<<<<<<<<<<<  3c3c3c2c3c3c3c3c3c3c3c3c3c3c3c3c
       251  ,<<<<<<<<<<<<<<<  2c3c3c3c3c3c3c3c3c3c3c3c3c3c3c3c
       250  <<<<<<<<<<<,<<<<  3c3c3c3c3c3c3c3c3c3c3c2c3c3c3c3c
# epoch 24200  H=2.5355 C=1.8445 HO=0.6969  A(t)=541
     10533  <<<<<<<<<<<<<<<<  3c3c3c3c3c3c3c3c3c3c3c3c3c3c3c3c
      2844  {{{{{{{{{{{{{{{{  7b7b7b7b7b7b7b7b7b7b7b7b7b7b7b7b
       285  <<<<<<<<<<<<<<<,  3c3c3c3c3c3c3c3c3c3c3c3c3c3c3c2c
       278  ,<<<<<<<<<<<<<<<  2c3c3c3c3c3c3c3c3c3c3c3c3c3c3c3c
       263  <<<<<<<<<<<<<<,<  3c3c3c3c3c3c3c3c3c3c3c3c3c3c2c3c
       255  <,<<<<<<<<<<<<<<  3c2c3c3c3c3c3c3c3c3c3c3c3c3c3c3c
       245  <<<<<<<<<<<<<,<<  3c3c3c3c3c3c3c3c3c3c3c3c3c2c3c3c
       243  <<<<<<<<<<<<,<<<  3c3c3c3c3c3c3c3c3c3c3c3c2c3c3c3c
       243  <<,<<<<<<<<<<<<<  3c3c2c3c3c3c3c3c3c3c3c3c3c3c3c3c
       242  <<<,<<<<<<<<<<<<  3c3c3c2c3c3c3c3c3c3c3c3c3c3c3c3c
# epoch 24250  H=2.5678 C=1.8367 HO=0.7227  A(t)=541
      9602  <<<<<<<<<<<<<<<<  3c3c3c3c3c3c3c3c3c3c3c3c3c3c3c3c
      3649  {{{{{{{{{{{{{{{{  7b7b7b7b7b7b7b7b7b7b7b7b7b7b7b7b
       428  ,,,,,,,,,,,,,,,,  2c2c2c2c2c2c2c2c2c2c2c2c2c2c2c2c
       266  <<<<<<<<<<<<<<<,  3c3c3c3c3c3c3c3c3c3c3c3c3c3c3c2c
       259  <<<<<<<<<<,<<<<<  3c3c3c3c3c3c3c3c3c3c2c3c3c3c3c3c
       255  ,<<<<<<<<<<<<<<<  2c3c3c3c3c3c3c3c3c3c3c3c3c3c3c3c
       254  <<<<<<<<<,<<<<<<  3c3c3c3c3c3c3c3c3c2c3c3c3c3c3c3c
       253  <<<<<<<<<<<<<<,<  3c3c3c3c3c3c3c3c3c3c3c3c3c3c2c3c
       253  <,<<<<<<<<<<<<<<  3c2c3c3c3c3c3c3c3c3c3c3c3c3c3c3c
       249  <<<<<,<<<<<<<<<<  3c3c3c3c3c2c3c3c3c3c3c3c3c3c3c3c
# epoch 24300  H=2.5169 C=1.8026 HO=0.7020  A(t)=541
     10445  <<<<<<<<<<<<<<<<  3c3c3c3c3c3c3c3c3c3c3c3c3c3c3c3c
      3189  {{{{{{{{{{{{{{{{  7b7b7b7b7b7b7b7b7b7b7b7b7b7b7b7b
       468  ,,,,,,,,,,,,,,,,  2c2c2c2c2c2c2c2c2c2c2c2c2c2c2c2c
       286  <<<<<<<<<<<<<<<,  3c3c3c3c3c3c3c3c3c3c3c3c3c3c3c2c
       268  ,<<<<<<<<<<<<<<<  2c3c3c3c3c3c3c3c3c3c3c3c3c3c3c3c
       267  <<<<<<<<<<<<<<,<  3c3c3c3c3c3c3c3c3c3c3c3c3c3c2c3c
       267  <<<<<<<<<<<<<,<<  3c3c3c3c3c3c3c3c3c3c3c3c3c2c3c3c
       266  <<<<<<<<<<<<,<<<  3c3c3c3c3c3c3c3c3c3c3c3c2c3c3c3c
       261  <<<<<<<,<<<<<<<<  3c3c3c3c3c3c3c2c3c3c3c3c3c3c3c3c
       257  <<<<<<<<<<<,<<<<  3c3c3c3c3c3c3c3c3c3c3c2c3c3c3c3c
# epoch 24350  H=2.4820 C=1.8124 HO=0.6595  A(t)=542
     10401  <<<<<<<<<<<<<<<<  3c3c3c3c3c3c3c3c3c3c3c3c3c3c3c3c
      2772  {{{{{{{{{{{{{{{{  7b7b7b7b7b7b7b7b7b7b7b7b7b7b7b7b
       477  ,,,,,,,,,,,,,,,,  2c2c2c2c2c2c2c2c2c2c2c2c2c2c2c2c
       303  <<<<<<<<<<<<<<<,  3c3c3c3c3c3c3c3c3c3c3c3c3c3c3c2c
       298  ,<<<<<<<<<<<<<<<  2c3c3c3c3c3c3c3c3c3c3c3c3c3c3c3c
       294  <<<<<<<<<<<<<<,<  3c3c3c3c3c3c3c3c3c3c3c3c3c3c2c3c
       281  <,<<<<<<<<<<<<<<  3c2c3c3c3c3c3c3c3c3c3c3c3c3c3c3c
       280  <<,<<<<<<<<<<<<<  3c3c2c3c3c3c3c3c3c3c3c3c3c3c3c3c
       276  <<<<<<<<<<<<<,<<  3c3c3c3c3c3c3c3c3c3c3c3c3c2c3c3c
       273  <<<,<<<<<<<<<<<<  3c3c3c2c3c3c3c3c3c3c3c3c3c3c3c3c
# epoch 24400  H=2.4944 C=1.8378 HO=0.6487  A(t)=542
     10988  <<<<<<<<<<<<<<<<  3c3c3c3c3c3c3c3c3c3c3c3c3c3c3c3c
      3015  {{{{{{{{{{{{{{{{  7b7b7b7b7b7b7b7b7b7b7b7b7b7b7b7b
       531  ,,,,,,,,,,,,,,,,  2c2c2c2c2c2c2c2c2c2c2c2c2c2c2c2c
       309  <<<<<<<<<<<<<<<,  3c3c3c3c3c3c3c3c3c3c3c3c3c3c3c2c
       294  <<<<<<<<<<<<<<,<  3c3c3c3c3c3c3c3c3c3c3c3c3c3c2c3c
       291  <,<<<<<<<<<<<<<<  3c2c3c3c3c3c3c3c3c3c3c3c3c3c3c3c
       288  ,<<<<<<<<<<<<<<<  2c3c3c3c3c3c3c3c3c3c3c3c3c3c3c3c
       285  <<<<<<,<<<<<<<<<  3c3c3c3c3c3c2c3c3c3c3c3c3c3c3c3c
       284  <<<<<<<<<<<<<,<<  3c3c3c3c3c3c3c3c3c3c3c3c3c2c3c3c
       284  <<<<<<<<<<<<,<<<  3c3c3c3c3c3c3c3c3c3c3c3c2c3c3c3c
# epoch 24450  H=2.5216 C=1.8269 HO=0.6820  A(t)=543
     11113  <<<<<<<<<<<<<<<<  3c3c3c3c3c3c3c3c3c3c3c3c3c3c3c3c
      3098  {{{{{{{{{{{{{{{{  7b7b7b7b7b7b7b7b7b7b7b7b7b7b7b7b
       396  ,,,,,,,,,,,,,,,,  2c2c2c2c2c2c2c2c2c2c2c2c2c2c2c2c
       276  <<<<<<<<<<<<<<<,  3c3c3c3c3c3c3c3c3c3c3c3c3c3c3c2c
       271  <<<<<<<<<<<<<<,<  3c3c3c3c3c3c3c3c3c3c3c3c3c3c2c3c
       257  ,<<<<<<<<<<<<<<<  2c3c3c3c3c3c3c3c3c3c3c3c3c3c3c3c
       253  <<<<<<<<<<<<<,<<  3c3c3c3c3c3c3c3c3c3c3c3c3c2c3c3c
       247  <<<<<<<<<<<<,<<<  3c3c3c3c3c3c3c3c3c3c3c3c2c3c3c3c
       244  <<<<<<<<<<<,<<<<  3c3c3c3c3c3c3c3c3c3c3c2c3c3c3c3c
       242  <,<<<<<<<<<<<<<<  3c2c3c3c3c3c3c3c3c3c3c3c3c3c3c3c
# epoch 24500  H=2.5391 C=1.8059 HO=0.7255  A(t)=543
     11655  <<<<<<<<<<<<<<<<  3c3c3c3c3c3c3c3c3c3c3c3c3c3c3c3c
      2729  {{{{{{{{{{{{{{{{  7b7b7b7b7b7b7b7b7b7b7b7b7b7b7b7b
       351  ,,,,,,,,,,,,,,,,  2c2c2c2c2c2c2c2c2c2c2c2c2c2c2c2c
       315  <<<<<<<<<<<<<<<,  3c3c3c3c3c3c3c3c3c3c3c3c3c3c3c2c
       296  ,<<<<<<<<<<<<<<<  2c3c3c3c3c3c3c3c3c3c3c3c3c3c3c3c
       295  <<<<<<<<<<<<<<,<  3c3c3c3c3c3c3c3c3c3c3c3c3c3c2c3c
       287  <,<<<<<<<<<<<<<<  3c2c3c3c3c3c3c3c3c3c3c3c3c3c3c3c
       279  <<,<<<<<<<<<<<<<  3c3c2c3c3c3c3c3c3c3c3c3c3c3c3c3c
       278  <<<<<<<<<<<<,<<<  3c3c3c3c3c3c3c3c3c3c3c3c2c3c3c3c
       277  <<<<<<<<<<<<<,<<  3c3c3c3c3c3c3c3c3c3c3c3c3c2c3c3c
# epoch 24550  H=2.5696 C=1.8439 HO=0.7236  A(t)=543
      9812  <<<<<<<<<<<<<<<<  3c3c3c3c3c3c3c3c3c3c3c3c3c3c3c3c
      2859  {{{{{{{{{{{{{{{{  7b7b7b7b7b7b7b7b7b7b7b7b7b7b7b7b
       608  ,,,,,,,,,,,,,,,,  2c2c2c2c2c2c2c2c2c2c2c2c2c2c2c2c
       296  <<<<<<<<<<<<<<<,  3c3c3c3c3c3c3c3c3c3c3c3c3c3c3c2c
       295  ,<<<<<<<<<<<<<<<  2c3c3c3c3c3c3c3c3c3c3c3c3c3c3c3c
       278  <,<<<<<<<<<<<<<<  3c2c3c3c3c3c3c3c3c3c3c3c3c3c3c3c
       272  <<<<<<<,<<<<<<<<  3c3c3c3c3c3c3c2c3c3c3c3c3c3c3c3c
       270  <<<<<<<<,<<<<<<<  3c3c3c3c3c3c3c3c2c3c3c3c3c3c3c3c
       265  <<<<<<<<<<<<<<,<  3c3c3c3c3c3c3c3c3c3c3c3c3c3c2c3c
       263  <<<,<<<<<<<<<<<<  3c3c3c2c3c3c3c3c3c3c3c3c3c3c3c3c
# epoch 24600  H=2.4846 C=1.7972 HO=0.6851  A(t)=543
      9684  <<<<<<<<<<<<<<<<  3c3c3c3c3c3c3c3c3c3c3c3c3c3c3c3c
      2916  {{{{{{{{{{{{{{{{  7b7b7b7b7b7b7b7b7b7b7b7b7b7b7b7b
       461  ,,,,,,,,,,,,,,,,  2c2c2c2c2c2c2c2c2c2c2c2c2c2c2c2c
       304  <<<<<<<<<<<<<<<,  3c3c3c3c3c3c3c3c3c3c3c3c3c3c3c2c
       295  ,<<<<<<<<<<<<<<<  2c3c3c3c3c3c3c3c3c3c3c3c3c3c3c3c
       291  <<<<<<<<<<<<<<,<  3c3c3c3c3c3c3c3c3c3c3c3c3c3c2c3c
       288  <<<<<<<,<<<<<<<<  3c3c3c3c3c3c3c2c3c3c3c3c3c3c3c3c
       287  <<<<<<<<<<<<<,<<  3c3c3c3c3c3c3c3c3c3c3c3c3c2c3c3c
       285  <,<<<<<<<<<<<<<<  3c2c3c3c3c3c3c3c3c3c3c3c3c3c3c3c
       283  <<<<<<<<<<<<,<<<  3c3c3c3c3c3c3c3c3c3c3c3c2c3c3c3c
# epoch 24650  H=2.5512 C=1.7448 HO=0.8064  A(t)=543
     10855  <<<<<<<<<<<<<<<<  3c3c3c3c3c3c3c3c3c3c3c3c3c3c3c3c
      3378  {{{{{{{{{{{{{{{{  7b7b7b7b7b7b7b7b7b7b7b7b7b7b7b7b
       837  ,,,,,,,,,,,,,,,,  2c2c2c2c2c2c2c2c2c2c2c2c2c2c2c2c
       298  <<<<<<<<<<<<<<<,  3c3c3c3c3c3c3c3c3c3c3c3c3c3c3c2c
       286  <<<<<<<<<<<<<<,<  3c3c3c3c3c3c3c3c3c3c3c3c3c3c2c3c
       271  <<<<<<<<<<<<<,<<  3c3c3c3c3c3c3c3c3c3c3c3c3c2c3c3c
       271  ,<<<<<<<<<<<<<<<  2c3c3c3c3c3c3c3c3c3c3c3c3c3c3c3c
       265  <<<<<<<<,<<<<<<<  3c3c3c3c3c3c3c3c2c3c3c3c3c3c3c3c
       262  <<,<<<<<<<<<<<<<  3c3c2c3c3c3c3c3c3c3c3c3c3c3c3c3c
       261  <<<<<<<<<<,<<<<<  3c3c3c3c3c3c3c3c3c3c2c3c3c3c3c3c
# epoch 24700  H=2.6399 C=1.8593 HO=0.7781  A(t)=543
     10360  <<<<<<<<<<<<<<<<  3c3c3c3c3c3c3c3c3c3c3c3c3c3c3c3c
      2765  {{{{{{{{{{{{{{{{  7b7b7b7b7b7b7b7b7b7b7b7b7b7b7b7b
       576  ,,,,,,,,,,,,,,,,  2c2c2c2c2c2c2c2c2c2c2c2c2c2c2c2c
       257  <<<<<<<<<<<<<<<,  3c3c3c3c3c3c3c3c3c3c3c3c3c3c3c2c
       237  ,<<<<<<<<<<<<<<<  2c3c3c3c3c3c3c3c3c3c3c3c3c3c3c3c
       229  <<<<<<<<<<<<<<,<  3c3c3c3c3c3c3c3c3c3c3c3c3c3c2c3c
       227  <,<<<<<<<<<<<<<<  3c2c3c3c3c3c3c3c3c3c3c3c3c3c3c3c
       220  <<,<<<<<<<<<<<<<  3c3c2c3c3c3c3c3c3c3c3c3c3c3c3c3c
       216  <<<<,<<<<<<<<<<<  3c3c3c3c2c3c3c3c3c3c3c3c3c3c3c3c
       214  <<<<<<<<<<<<<,<<  3c3c3c3c3c3c3c3c3c3c3c3c3c2c3c3c
# epoch 24750  H=2.6498 C=1.8674 HO=0.7828  A(t)=545
     10429  <<<<<<<<<<<<<<<<  3c3c3c3c3c3c3c3c3c3c3c3c3c3c3c3c
      3377  {{{{{{{{{{{{{{{{  7b7b7b7b7b7b7b7b7b7b7b7b7b7b7b7b
       646  ,,,,,,,,,,,,,,,,  2c2c2c2c2c2c2c2c2c2c2c2c2c2c2c2c
       289  <<<<<<<<<<<<<<<,  3c3c3c3c3c3c3c3c3c3c3c3c3c3c3c2c
       286  ,<<<<<<<<<<<<<<<  2c3c3c3c3c3c3c3c3c3c3c3c3c3c3c3c
       270  <,<<<<<<<<<<<<<<  3c2c3c3c3c3c3c3c3c3c3c3c3c3c3c3c
       264  <<<<<<<<<<<<<<,<  3c3c3c3c3c3c3c3c3c3c3c3c3c3c2c3c
       261  <<,<<<<<<<<<<<<<  3c3c2c3c3c3c3c3c3c3c3c3c3c3c3c3c
       253  <<<<,<<<<<<<<<<<  3c3c3c3c2c3c3c3c3c3c3c3c3c3c3c3c
       252  <<<<<<<<<<<<<,<<  3c3c3c3c3c3c3c3c3c3c3c3c3c2c3c3c
# epoch 24800  H=2.8220 C=2.0306 HO=0.8022  A(t)=546
      9494  <<<<<<<<<<<<<<<<  3c3c3c3c3c3c3c3c3c3c3c3c3c3c3c3c
      2515  {{{{{{{{{{{{{{{{  7b7b7b7b7b7b7b7b7b7b7b7b7b7b7b7b
       395  ,,,,,,,,,,,,,,,,  2c2c2c2c2c2c2c2c2c2c2c2c2c2c2c2c
       252  <<<<<<<<<<<<<<<,  3c3c3c3c3c3c3c3c3c3c3c3c3c3c3c2c
       233  ,<<<<<<<<<<<<<<<  2c3c3c3c3c3c3c3c3c3c3c3c3c3c3c3c
       231  <<<<<<<<<<<<<<,<  3c3c3c3c3c3c3c3c3c3c3c3c3c3c2c3c
       229  <<<<<<<<<<<<,<<<  3c3c3c3c3c3c3c3c3c3c3c3c2c3c3c3c
       228  <<<<<<<<<<<<<,<<  3c3c3c3c3c3c3c3c3c3c3c3c3c2c3c3c
       228  <<<<<<<,<<<<<<<<  3c3c3c3c3c3c3c2c3c3c3c3c3c3c3c3c
       228  <<<,<<<<<<<<<<<<  3c3c3c2c3c3c3c3c3c3c3c3c3c3c3c3c
# epoch 24850  H=2.7792 C=1.9943 HO=0.8008  A(t)=547
      9760  <<<<<<<<<<<<<<<<  3c3c3c3c3c3c3c3c3c3c3c3c3c3c3c3c
      2623  {{{{{{{{{{{{{{{{  7b7b7b7b7b7b7b7b7b7b7b7b7b7b7b7b
       698  ,,,,,,,,,,,,,,,,  2c2c2c2c2c2c2c2c2c2c2c2c2c2c2c2c
       257  ,<<<<<<<<<<<<<<<  2c3c3c3c3c3c3c3c3c3c3c3c3c3c3c3c
       254  <<<<<<<<<<<<<<<,  3c3c3c3c3c3c3c3c3c3c3c3c3c3c3c2c
       253  <<<<<<<<<<<<<,<<  3c3c3c3c3c3c3c3c3c3c3c3c3c2c3c3c
       248  <<<<<<<<<<<<<<,<  3c3c3c3c3c3c3c3c3c3c3c3c3c3c2c3c
       248  <<,<<<<<<<<<<<<<  3c3c2c3c3c3c3c3c3c3c3c3c3c3c3c3c
       247  <,<<<<<<<<<<<<<<  3c2c3c3c3c3c3c3c3c3c3c3c3c3c3c3c
       246  <<<,<<<<<<<<<<<<  3c3c3c2c3c3c3c3c3c3c3c3c3c3c3c3c
# epoch 24900  H=2.7485 C=1.9376 HO=0.8163  A(t)=548
     10442  <<<<<<<<<<<<<<<<  3c3c3c3c3c3c3c3c3c3c3c3c3c3c3c3c
      2884  {{{{{{{{{{{{{{{{  7b7b7b7b7b7b7b7b7b7b7b7b7b7b7b7b
       698  ,,,,,,,,,,,,,,,,  2c2c2c2c2c2c2c2c2c2c2c2c2c2c2c2c
       237  <<<<<<<<<<<<<<<,  3c3c3c3c3c3c3c3c3c3c3c3c3c3c3c2c
       219  ,<<<<<<<<<<<<<<<  2c3c3c3c3c3c3c3c3c3c3c3c3c3c3c3c
       215  <<<<<<<<<<<<<<,<  3c3c3c3c3c3c3c3c3c3c3c3c3c3c2c3c
       214  <<<<<<<<<<<<<,<<  3c3c3c3c3c3c3c3c3c3c3c3c3c2c3c3c
       211  <<,<<<<<<<<<<<<<  3c3c2c3c3c3c3c3c3c3c3c3c3c3c3c3c
       210  <,<<<<<<<<<<<<<<  3c2c3c3c3c3c3c3c3c3c3c3c3c3c3c3c
       209  <<<<<<<<<<<<,<<<  3c3c3c3c3c3c3c3c3c3c3c3c2c3c3c3c
# epoch 24950  H=2.7845 C=1.9746 HO=0.8151  A(t)=549
     10592  <<<<<<<<<<<<<<<<  3c3c3c3c3c3c3c3c3c3c3c3c3c3c3c3c
      3102  {{{{{{{{{{{{{{{{  7b7b7b7b7b7b7b7b7b7b7b7b7b7b7b7b
       540  ,,,,,,,,,,,,,,,,  2c2c2c2c2c2c2c2c2c2c2c2c2c2c2c2c
       268  <<<<<<<<<<<<<<<,  3c3c3c3c3c3c3c3c3c3c3c3c3c3c3c2c
       254  <<<<<<<<<<<<<<,<  3c3c3c3c3c3c3c3c3c3c3c3c3c3c2c3c
       253  ,<<<<<<<<<<<<<<<  2c3c3c3c3c3c3c3c3c3c3c3c3c3c3c3c
       243  <,<<<<<<<<<<<<<<  3c2c3c3c3c3c3c3c3c3c3c3c3c3c3c3c
       240  <<,<<<<<<<<<<<<<  3c3c2c3c3c3c3c3c3c3c3c3c3c3c3c3c
       238  <<<<<<<<<<<,<<<<  3c3c3c3c3c3c3c3c3c3c3c2c3c3c3c3c
       236  <<<<<<<<<<<<,<<<  3c3c3c3c3c3c3c3c3c3c3c3c2c3c3c3c
# epoch 25000  H=2.7040 C=1.9032 HO=0.8085  A(t)=549
     10362  <<<<<<<<<<<<<<<<  3c3c3c3c3c3c3c3c3c3c3c3c3c3c3c3c
      2972  {{{{{{{{{{{{{{{{  7b7b7b7b7b7b7b7b7b7b7b7b7b7b7b7b
       436  ,,,,,,,,,,,,,,,,  2c2c2c2c2c2c2c2c2c2c2c2c2c2c2c2c
       300  <<<<<<<<<<<<<<<,  3c3c3c3c3c3c3c3c3c3c3c3c3c3c3c2c
       278  <<<<<<<<<<<<<<,<  3c3c3c3c3c3c3c3c3c3c3c3c3c3c2c3c
       275  ,<<<<<<<<<<<<<<<  2c3c3c3c3c3c3c3c3c3c3c3c3c3c3c3c
       274  <<<<<<<<<<<<<,<<  3c3c3c3c3c3c3c3c3c3c3c3c3c2c3c3c
       265  <<,<<<<<<<<<<<<<  3c3c2c3c3c3c3c3c3c3c3c3c3c3c3c3c
       263  <<<<<<<<<<<<,<<<  3c3c3c3c3c3c3c3c3c3c3c3c2c3c3c3c
       263  <<<<<<<<<<,<<<<<  3c3c3c3c3c3c3c3c3c3c2c3c3c3c3c3c
# epoch 25050  H=2.6614 C=1.8696 HO=0.7868  A(t)=552
     10970  <<<<<<<<<<<<<<<<  3c3c3c3c3c3c3c3c3c3c3c3c3c3c3c3c
      2908  {{{{{{{{{{{{{{{{  7b7b7b7b7b7b7b7b7b7b7b7b7b7b7b7b
       345  ,,,,,,,,,,,,,,,,  2c2c2c2c2c2c2c2c2c2c2c2c2c2c2c2c
       277  <<<<<<<<<<<<<<<,  3c3c3c3c3c3c3c3c3c3c3c3c3c3c3c2c
       272  <<<<<<<<<<<<<<,<  3c3c3c3c3c3c3c3c3c3c3c3c3c3c2c3c
       269  <<,<<<<<<<<<<<<<  3c3c2c3c3c3c3c3c3c3c3c3c3c3c3c3c
       264  <<<<<<<<<<<<<,<<  3c3c3c3c3c3c3c3c3c3c3c3c3c2c3c3c
       263  ,<<<<<<<<<<<<<<<  2c3c3c3c3c3c3c3c3c3c3c3c3c3c3c3c
       262  <,<<<<<<<<<<<<<<  3c2c3c3c3c3c3c3c3c3c3c3c3c3c3c3c
       261  <<<<<<<<,<<<<<<<  3c3c3c3c3c3c3c3c2c3c3c3c3c3c3c3c
# epoch 25100  H=2.7808 C=2.0013 HO=0.7952  A(t)=559
     10371  <<<<<<<<<<<<<<<<  3c3c3c3c3c3c3c3c3c3c3c3c3c3c3c3c
      2621  {{{{{{{{{{{{{{{{  7b7b7b7b7b7b7b7b7b7b7b7b7b7b7b7b
       372  ,,,,,,,,,,,,,,,,  2c2c2c2c2c2c2c2c2c2c2c2c2c2c2c2c
       256  <<<<<<<<<<<<<<<,  3c3c3c3c3c3c3c3c3c3c3c3c3c3c3c2c
       246  <<<<<<<<<<<<<,<<  3c3c3c3c3c3c3c3c3c3c3c3c3c2c3c3c
       246  <<,<<<<<<<<<<<<<  3c3c2c3c3c3c3c3c3c3c3c3c3c3c3c3c
       245  ,<<<<<<<<<<<<<<<  2c3c3c3c3c3c3c3c3c3c3c3c3c3c3c3c
       244  <<<<<<<<<<<<<<,<  3c3c3c3c3c3c3c3c3c3c3c3c3c3c2c3c
       242  <,<<<<<<<<<<<<<<  3c2c3c3c3c3c3c3c3c3c3c3c3c3c3c3c
       240  <<<<<<<<<<<<,<<<  3c3c3c3c3c3c3c3c3c3c3c3c2c3c3c3c
# epoch 25150  H=2.7643 C=2.0172 HO=0.7723  A(t)=559
     10580  <<<<<<<<<<<<<<<<  3c3c3c3c3c3c3c3c3c3c3c3c3c3c3c3c
      2681  {{{{{{{{{{{{{{{{  7b7b7b7b7b7b7b7b7b7b7b7b7b7b7b7b
       521  ,,,,,,,,,,,,,,,,  2c2c2c2c2c2c2c2c2c2c2c2c2c2c2c2c
       257  <<<<<<<<<<<<<<<,  3c3c3c3c3c3c3c3c3c3c3c3c3c3c3c2c
       247  <<<<<<<<<<<<<<,<  3c3c3c3c3c3c3c3c3c3c3c3c3c3c2c3c
       241  <<<<<<<<,<<<<<<<  3c3c3c3c3c3c3c3c2c3c3c3c3c3c3c3c
       233  <<<<<<<<<,<<<<<<  3c3c3c3c3c3c3c3c3c2c3c3c3c3c3c3c
       233  <<<<<<,<<<<<<<<<  3c3c3c3c3c3c2c3c3c3c3c3c3c3c3c3c
       233  ,<<<<<<<<<<<<<<<  2c3c3c3c3c3c3c3c3c3c3c3c3c3c3c3c
       232  <<<<<<<<<<<,<<<<  3c3c3c3c3c3c3c3c3c3c3c2c3c3c3c3c
# epoch 25200  H=2.7285 C=2.0200 HO=0.7314  A(t)=559
     11025  <<<<<<<<<<<<<<<<  3c3c3c3c3c3c3c3c3c3c3c3c3c3c3c3c
      3187  {{{{{{{{{{{{{{{{  7b7b7b7b7b7b7b7b7b7b7b7b7b7b7b7b
       268  <<,<<<<<<<<<<<<<  3c3c2c3c3c3c3c3c3c3c3c3c3c3c3c3c
       264  ,<<<<<<<<<<<<<<<  2c3c3c3c3c3c3c3c3c3c3c3c3c3c3c3c
       262  <,<<<<<<<<<<<<<<  3c2c3c3c3c3c3c3c3c3c3c3c3c3c3c3c
       260  <<<<<<<<<<<<<<<,  3c3c3c3c3c3c3c3c3c3c3c3c3c3c3c2c
       260  <<<<<<<,<<<<<<<<  3c3c3c3c3c3c3c2c3c3c3c3c3c3c3c3c
       258  <<<<<<<<<<<<<,<<  3c3c3c3c3c3c3c3c3c3c3c3c3c2c3c3c
       257  <<<<<<<<<,<<<<<<  3c3c3c3c3c3c3c3c3c2c3c3c3c3c3c3c
       255  <<<<<<<<,<<<<<<<  3c3c3c3c3c3c3c3c2c3c3c3c3c3c3c3c
# epoch 25250  H=2.6222 C=1.8805 HO=0.7433  A(t)=559
     11645  <<<<<<<<<<<<<<<<  3c3c3c3c3c3c3c3c3c3c3c3c3c3c3c3c
      2530  {{{{{{{{{{{{{{{{  7b7b7b7b7b7b7b7b7b7b7b7b7b7b7b7b
       425  ,,,,,,,,,,,,,,,,  2c2c2c2c2c2c2c2c2c2c2c2c2c2c2c2c
       301  <<<<<<<<<<<<<<<,  3c3c3c3c3c3c3c3c3c3c3c3c3c3c3c2c
       289  <<<<<<<<<<<<<<,<  3c3c3c3c3c3c3c3c3c3c3c3c3c3c2c3c
       286  <<<<<<<<<<<<<,<<  3c3c3c3c3c3c3c3c3c3c3c3c3c2c3c3c
       286  <<<<<<,<<<<<<<<<  3c3c3c3c3c3c2c3c3c3c3c3c3c3c3c3c
       285  <<<<,<<<<<<<<<<<  3c3c3c3c2c3c3c3c3c3c3c3c3c3c3c3c
       282  <<<,<<<<<<<<<<<<  3c3c3c2c3c3c3c3c3c3c3c3c3c3c3c3c
       281  <<<<<<<<<<<,<<<<  3c3c3c3c3c3c3c3c3c3c3c2c3c3c3c3c
# epoch 25300  H=2.5199 C=1.7778 HO=0.7264  A(t)=560
     11004  <<<<<<<<<<<<<<<<  3c3c3c3c3c3c3c3c3c3c3c3c3c3c3c3c
      3288  {{{{{{{{{{{{{{{{  7b7b7b7b7b7b7b7b7b7b7b7b7b7b7b7b
       337  ,,,,,,,,,,,,,,,,  2c2c2c2c2c2c2c2c2c2c2c2c2c2c2c2c
       307  <<<<<<<<<<<<<<<,  3c3c3c3c3c3c3c3c3c3c3c3c3c3c3c2c
       302  <<<<<<<<<<<<,<<<  3c3c3c3c3c3c3c3c3c3c3c3c2c3c3c3c
       295  <<<<<<<<<<<,<<<<  3c3c3c3c3c3c3c3c3c3c3c2c3c3c3c3c
       293  <<<<<<<<<<<<<<,<  3c3c3c3c3c3c3c3c3c3c3c3c3c3c2c3c
       290  <<<<<<<<<<<<<,<<  3c3c3c3c3c3c3c3c3c3c3c3c3c2c3c3c
       288  <<<<<<<<<<,<<<<<  3c3c3c3c3c3c3c3c3c3c2c3c3c3c3c3c
       285  ,<<<<<<<<<<<<<<<  2c3c3c3c3c3c3c3c3c3c3c3c3c3c3c3c
# epoch 25350  H=2.7186 C=1.9381 HO=0.7971  A(t)=560
      9484  <<<<<<<<<<<<<<<<  3c3c3c3c3c3c3c3c3c3c3c3c3c3c3c3c
      2989  {{{{{{{{{{{{{{{{  7b7b7b7b7b7b7b7b7b7b7b7b7b7b7b7b
       657  ,,,,,,,,,,,,,,,,  2c2c2c2c2c2c2c2c2c2c2c2c2c2c2c2c
       258  <<<<<<<<<<<<<<<,  3c3c3c3c3c3c3c3c3c3c3c3c3c3c3c2c
       248  <<<<<<<<,<<<<<<<  3c3c3c3c3c3c3c3c2c3c3c3c3c3c3c3c
       247  ,<<<<<<<<<<<<<<<  2c3c3c3c3c3c3c3c3c3c3c3c3c3c3c3c
       246  <,<<<<<<<<<<<<<<  3c2c3c3c3c3c3c3c3c3c3c3c3c3c3c3c
       245  <<<<<<<<<<<<<<,<  3c3c3c3c3c3c3c3c3c3c3c3c3c3c2c3c
       244  <<<<<<<<<,<<<<<<  3c3c3c3c3c3c3c3c3c2c3c3c3c3c3c3c
       243  <<<,<<<<<<<<<<<<  3c3c3c2c3c3c3c3c3c3c3c3c3c3c3c3c
# epoch 25400  H=2.6032 C=1.8600 HO=0.7471  A(t)=560
     10844  <<<<<<<<<<<<<<<<  3c3c3c3c3c3c3c3c3c3c3c3c3c3c3c3c
      3144  {{{{{{{{{{{{{{{{  7b7b7b7b7b7b7b7b7b7b7b7b7b7b7b7b
       712  ,,,,,,,,,,,,,,,,  2c2c2c2c2c2c2c2c2c2c2c2c2c2c2c2c
       278  <<<<<<<<<<<<<<<,  3c3c3c3c3c3c3c3c3c3c3c3c3c3c3c2c
       257  <<<<<<<<<<<<<<,<  3c3c3c3c3c3c3c3c3c3c3c3c3c3c2c3c
       249  <<<<<<<<<<<<<,<<  3c3c3c3c3c3c3c3c3c3c3c3c3c2c3c3c
       248  <<<<<<<,<<<<<<<<  3c3c3c3c3c3c3c2c3c3c3c3c3c3c3c3c
       245  <<<<<<<<,<<<<<<<  3c3c3c3c3c3c3c3c2c3c3c3c3c3c3c3c
       244  <<<<<<<<<<<,<<<<  3c3c3c3c3c3c3c3c3c3c3c2c3c3c3c3c
       244  <<<<<<<<<,<<<<<<  3c3c3c3c3c3c3c3c3c2c3c3c3c3c3c3c
# epoch 25450  H=2.5648 C=1.7924 HO=0.7647  A(t)=560
     10552  <<<<<<<<<<<<<<<<  3c3c3c3c3c3c3c3c3c3c3c3c3c3c3c3c
      3070  {{{{{{{{{{{{{{{{  7b7b7b7b7b7b7b7b7b7b7b7b7b7b7b7b
       531  ,,,,,,,,,,,,,,,,  2c2c2c2c2c2c2c2c2c2c2c2c2c2c2c2c
       320  ................  2e2e2e2e2e2e2e2e2e2e2e2e2e2e2e2e
       305  <<<<<<<<<<<<<<<,  3c3c3c3c3c3c3c3c3c3c3c3c3c3c3c2c
       299  <<<<<<<<<<<<<<,<  3c3c3c3c3c3c3c3c3c3c3c3c3c3c2c3c
       294  <<<<<,<<<<<<<<<<  3c3c3c3c3c2c3c3c3c3c3c3c3c3c3c3c
       289  <<<<<<,<<<<<<<<<  3c3c3c3c3c3c2c3c3c3c3c3c3c3c3c3c
       289  <<<<,<<<<<<<<<<<  3c3c3c3c2c3c3c3c3c3c3c3c3c3c3c3c
       288  <<<<<<<<<<<<,<<<  3c3c3c3c3c3c3c3c3c3c3c3c2c3c3c3c
# epoch 25500  H=2.3999 C=1.6646 HO=0.7230  A(t)=560
     11394  <<<<<<<<<<<<<<<<  3c3c3c3c3c3c3c3c3c3c3c3c3c3c3c3c
      2993  {{{{{{{{{{{{{{{{  7b7b7b7b7b7b7b7b7b7b7b7b7b7b7b7b
       667  ,,,,,,,,,,,,,,,,  2c2c2c2c2c2c2c2c2c2c2c2c2c2c2c2c
       293  <<<<<<<<<<<<<<<,  3c3c3c3c3c3c3c3c3c3c3c3c3c3c3c2c
       284  <<<<<<,<<<<<<<<<  3c3c3c3c3c3c2c3c3c3c3c3c3c3c3c3c
       283  ,<<<<<<<<<<<<<<<  2c3c3c3c3c3c3c3c3c3c3c3c3c3c3c3c
       282  <<<,<<<<<<<<<<<<  3c3c3c2c3c3c3c3c3c3c3c3c3c3c3c3c
       282  <<,<<<<<<<<<<<<<  3c3c2c3c3c3c3c3c3c3c3c3c3c3c3c3c
       281  <<<<<<<<<<<<<,<<  3c3c3c3c3c3c3c3c3c3c3c3c3c2c3c3c
       281  <<<<<,<<<<<<<<<<  3c3c3c3c3c2c3c3c3c3c3c3c3c3c3c3c
# epoch 25550  H=2.2935 C=1.6338 HO=0.6466  A(t)=560
     12413  <<<<<<<<<<<<<<<<  3c3c3c3c3c3c3c3c3c3c3c3c3c3c3c3c
      3178  {{{{{{{{{{{{{{{{  7b7b7b7b7b7b7b7b7b7b7b7b7b7b7b7b
       306  ,<<<<<<<<<<<<<<<  2c3c3c3c3c3c3c3c3c3c3c3c3c3c3c3c
       304  <<<<<<<<<<<<<<<,  3c3c3c3c3c3c3c3c3c3c3c3c3c3c3c2c
       291  <<<<<<<,<<<<<<<<  3c3c3c3c3c3c3c2c3c3c3c3c3c3c3c3c
       291  <<<<<,<<<<<<<<<<  3c3c3c3c3c2c3c3c3c3c3c3c3c3c3c3c
       290  <<<<<<,<<<<<<<<<  3c3c3c3c3c3c2c3c3c3c3c3c3c3c3c3c
       290  <<<,<<<<<<<<<<<<  3c3c3c2c3c3c3c3c3c3c3c3c3c3c3c3c
       289  <<<<<<<<<,<<<<<<  3c3c3c3c3c3c3c3c3c2c3c3c3c3c3c3c
       289  <<<<<<<<,<<<<<<<  3c3c3c3c3c3c3c3c2c3c3c3c3c3c3c3c
# epoch 25600  H=2.3457 C=1.6331 HO=0.7083  A(t)=561
     11490  <<<<<<<<<<<<<<<<  3c3c3c3c3c3c3c3c3c3c3c3c3c3c3c3c
      2863  {{{{{{{{{{{{{{{{  7b7b7b7b7b7b7b7b7b7b7b7b7b7b7b7b
       727  ,,,,,,,,,,,,,,,,  2c2c2c2c2c2c2c2c2c2c2c2c2c2c2c2c
       323  <<<<<<<<<<<<<<<,  3c3c3c3c3c3c3c3c3c3c3c3c3c3c3c2c
       306  ,<<<<<<<<<<<<<<<  2c3c3c3c3c3c3c3c3c3c3c3c3c3c3c3c
       293  <<<<<<<<<<<<<<,<  3c3c3c3c3c3c3c3c3c3c3c3c3c3c2c3c
       291  <<<<<<,<<<<<<<<<  3c3c3c3c3c3c2c3c3c3c3c3c3c3c3c3c
       291  <<<<<,<<<<<<<<<<  3c3c3c3c3c2c3c3c3c3c3c3c3c3c3c3c
       291  <<<<,<<<<<<<<<<<  3c3c3c3c2c3c3c3c3c3c3c3c3c3c3c3c
       291  <<<,<<<<<<<<<<<<  3c3c3c2c3c3c3c3c3c3c3c3c3c3c3c3c
# epoch 25650  H=2.3479 C=1.6256 HO=0.7107  A(t)=561
     11345  <<<<<<<<<<<<<<<<  3c3c3c3c3c3c3c3c3c3c3c3c3c3c3c3c
      3455  {{{{{{{{{{{{{{{{  7b7b7b7b7b7b7b7b7b7b7b7b7b7b7b7b
       325  <<<<<<<<<<<<<<<,  3c3c3c3c3c3c3c3c3c3c3c3c3c3c3c2c
       303  ,,,,,,,,,,,,,,,,  2c2c2c2c2c2c2c2c2c2c2c2c2c2c2c2c
       297  ................  2e2e2e2e2e2e2e2e2e2e2e2e2e2e2e2e
       294  ,<<<<<<<<<<<<<<<  2c3c3c3c3c3c3c3c3c3c3c3c3c3c3c3c
       292  <<<<<<<<<<<<<<,<  3c3c3c3c3c3c3c3c3c3c3c3c3c3c2c3c
       277  <,<<<<<<<<<<<<<<  3c2c3c3c3c3c3c3c3c3c3c3c3c3c3c3c
       274  <<,<<<<<<<<<<<<<  3c3c2c3c3c3c3c3c3c3c3c3c3c3c3c3c
       273  <<<<<<<<<<<<,<<<  3c3c3c3c3c3c3c3c3c3c3c3c2c3c3c3c
# epoch 25700  H=2.2677 C=1.5668 HO=0.6871  A(t)=564
     11959  <<<<<<<<<<<<<<<<  3c3c3c3c3c3c3c3c3c3c3c3c3c3c3c3c
      2536  {{{{{{{{{{{{{{{{  7b7b7b7b7b7b7b7b7b7b7b7b7b7b7b7b
       395  ,,,,,,,,,,,,,,,,  2c2c2c2c2c2c2c2c2c2c2c2c2c2c2c2c
       356  <<<<<<<<<<<<<<<,  3c3c3c3c3c3c3c3c3c3c3c3c3c3c3c2c
       343  <<<<<<<<<<<<<<,<  3c3c3c3c3c3c3c3c3c3c3c3c3c3c2c3c
       331  <<<<<<<<<<<<<,<<  3c3c3c3c3c3c3c3c3c3c3c3c3c2c3c3c
       324  ,<<<<<<<<<<<<<<<  2c3c3c3c3c3c3c3c3c3c3c3c3c3c3c3c
       309  <,<<<<<<<<<<<<<<  3c2c3c3c3c3c3c3c3c3c3c3c3c3c3c3c
       307  <<<<<<<<<<<<,<<<  3c3c3c3c3c3c3c3c3c3c3c3c2c3c3c3c
       307  <<<<<<<<<<,<<<<<  3c3c3c3c3c3c3c3c3c3c2c3c3c3c3c3c
# epoch 25750  H=2.3015 C=1.5696 HO=0.7154  A(t)=565
     12579  <<<<<<<<<<<<<<<<  3c3c3c3c3c3c3c3c3c3c3c3c3c3c3c3c
      2670  {{{{{{{{{{{{{{{{  7b7b7b7b7b7b7b7b7b7b7b7b7b7b7b7b
       761  ,,,,,,,,,,,,,,,,  2c2c2c2c2c2c2c2c2c2c2c2c2c2c2c2c
       334  <<<<<<<<<<<<<<<,  3c3c3c3c3c3c3c3c3c3c3c3c3c3c3c2c
       331  ,<<<<<<<<<<<<<<<  2c3c3c3c3c3c3c3c3c3c3c3c3c3c3c3c
       319  <,<<<<<<<<<<<<<<  3c2c3c3c3c3c3c3c3c3c3c3c3c3c3c3c
       318  <<<<<<<<<<<<<<,<  3c3c3c3c3c3c3c3c3c3c3c3c3c3c2c3c
       314  <<,<<<<<<<<<<<<<  3c3c2c3c3c3c3c3c3c3c3c3c3c3c3c3c
       309  <<<<,<<<<<<<<<<<  3c3c3c3c2c3c3c3c3c3c3c3c3c3c3c3c
       304  <<<<<<<<<<<<<,<<  3c3c3c3c3c3c3c3c3c3c3c3c3c2c3c3c
# epoch 25800  H=2.2546 C=1.5375 HO=0.6978  A(t)=565
     13301  <<<<<<<<<<<<<<<<  3c3c3c3c3c3c3c3c3c3c3c3c3c3c3c3c
      2226  {{{{{{{{{{{{{{{{  7b7b7b7b7b7b7b7b7b7b7b7b7b7b7b7b
       466  ,,,,,,,,,,,,,,,,  2c2c2c2c2c2c2c2c2c2c2c2c2c2c2c2c
       290  ................  2e2e2e2e2e2e2e2e2e2e2e2e2e2e2e2e
       283  <<<<<<<<<<<<<<<,  3c3c3c3c3c3c3c3c3c3c3c3c3c3c3c2c
       281  ,<<<<<<<<<<<<<<<  2c3c3c3c3c3c3c3c3c3c3c3c3c3c3c3c
       273  <<,<<<<<<<<<<<<<  3c3c2c3c3c3c3c3c3c3c3c3c3c3c3c3c
       270  <<<<<<<<<<<<<,<<  3c3c3c3c3c3c3c3c3c3c3c3c3c2c3c3c
       268  <,<<<<<<<<<<<<<<  3c2c3c3c3c3c3c3c3c3c3c3c3c3c3c3c
       267  <<<<<<<<<<<<<<,<  3c3c3c3c3c3c3c3c3c3c3c3c3c3c2c3c
# epoch 25850  H=2.2505 C=1.5747 HO=0.6664  A(t)=567
     11488  <<<<<<<<<<<<<<<<  3c3c3c3c3c3c3c3c3c3c3c3c3c3c3c3c
      2222  {{{{{{{{{{{{{{{{  7b7b7b7b7b7b7b7b7b7b7b7b7b7b7b7b
       509  ,,,,,,,,,,,,,,,,  2c2c2c2c2c2c2c2c2c2c2c2c2c2c2c2c
       306  <<<<<<<<<<<<<<<,  3c3c3c3c3c3c3c3c3c3c3c3c3c3c3c2c
       299  <<<<<<<<,<<<<<<<  3c3c3c3c3c3c3c3c2c3c3c3c3c3c3c3c
       296  <<<<<<<<<,<<<<<<  3c3c3c3c3c3c3c3c3c2c3c3c3c3c3c3c
       295  <<<<<<<,<<<<<<<<  3c3c3c3c3c3c3c2c3c3c3c3c3c3c3c3c
       284  <<<<<<,<<<<<<<<<  3c3c3c3c3c3c2c3c3c3c3c3c3c3c3c3c
       281  <,<<<<<<<<<<<<<<  3c2c3c3c3c3c3c3c3c3c3c3c3c3c3c3c
       281  ,<<<<<<<<<<<<<<<  2c3c3c3c3c3c3c3c3c3c3c3c3c3c3c3c
# epoch 25900  H=2.1703 C=1.5210 HO=0.6297  A(t)=569
     12661  <<<<<<<<<<<<<<<<  3c3c3c3c3c3c3c3c3c3c3c3c3c3c3c3c
      2731  {{{{{{{{{{{{{{{{  7b7b7b7b7b7b7b7b7b7b7b7b7b7b7b7b
       347  <<<<<<<<<<<<<<<,  3c3c3c3c3c3c3c3c3c3c3c3c3c3c3c2c
       330  <<<<<<<<<<<<<<,<  3c3c3c3c3c3c3c3c3c3c3c3c3c3c2c3c
       328  ,<<<<<<<<<<<<<<<  2c3c3c3c3c3c3c3c3c3c3c3c3c3c3c3c
       323  <<<<<<<<<<<<<,<<  3c3c3c3c3c3c3c3c3c3c3c3c3c2c3c3c
       321  ,,,,,,,,,,,,,,,,  2c2c2c2c2c2c2c2c2c2c2c2c2c2c2c2c
       313  <<<<<<<<<<<<,<<<  3c3c3c3c3c3c3c3c3c3c3c3c2c3c3c3c
       310  <,<<<<<<<<<<<<<<  3c2c3c3c3c3c3c3c3c3c3c3c3c3c3c3c
       309  <<,<<<<<<<<<<<<<  3c3c2c3c3c3c3c3c3c3c3c3c3c3c3c3c
# epoch 25950  H=2.3388 C=1.6295 HO=0.6889  A(t)=569
     10763  <<<<<<<<<<<<<<<<  3c3c3c3c3c3c3c3c3c3c3c3c3c3c3c3c
      3181  {{{{{{{{{{{{{{{{  7b7b7b7b7b7b7b7b7b7b7b7b7b7b7b7b
       543  ,,,,,,,,,,,,,,,,  2c2c2c2c2c2c2c2c2c2c2c2c2c2c2c2c
       294  <<<<<<<<<<<<<<<,  3c3c3c3c3c3c3c3c3c3c3c3c3c3c3c2c
       292  ,<<<<<<<<<<<<<<<  2c3c3c3c3c3c3c3c3c3c3c3c3c3c3c3c
       271  <<<<<<<<<<<<<<,<  3c3c3c3c3c3c3c3c3c3c3c3c3c3c2c3c
       269  <<<<<<<<<<<<<,<<  3c3c3c3c3c3c3c3c3c3c3c3c3c2c3c3c
       269  <,<<<<<<<<<<<<<<  3c2c3c3c3c3c3c3c3c3c3c3c3c3c3c3c
       267  <<<<<<<<<<<,<<<<  3c3c3c3c3c3c3c3c3c3c3c2c3c3c3c3c
       266  <<,<<<<<<<<<<<<<  3c3c2c3c3c3c3c3c3c3c3c3c3c3c3c3c
# epoch 26000  H=2.3833 C=1.6519 HO=0.7079  A(t)=569
     11456  <<<<<<<<<<<<<<<<  3c3c3c3c3c3c3c3c3c3c3c3c3c3c3c3c
      2072  {{{{{{{{{{{{{{{{  7b7b7b7b7b7b7b7b7b7b7b7b7b7b7b7b
       416  ,,,,,,,,,,,,,,,,  2c2c2c2c2c2c2c2c2c2c2c2c2c2c2c2c
       312  <<<<<<<<<<<<<<,<  3c3c3c3c3c3c3c3c3c3c3c3c3c3c2c3c
       307  <<<<<<<<<<<<<<<,  3c3c3c3c3c3c3c3c3c3c3c3c3c3c3c2c
       306  <<<<<<<<<<<<<,<<  3c3c3c3c3c3c3c3c3c3c3c3c3c2c3c3c
       295  <<<<<<<<<<<<,<<<  3c3c3c3c3c3c3c3c3c3c3c3c2c3c3c3c
       294  <<<<<<<<<<<,<<<<  3c3c3c3c3c3c3c3c3c3c3c2c3c3c3c3c
       293  <,<<<<<<<<<<<<<<  3c2c3c3c3c3c3c3c3c3c3c3c3c3c3c3c
       292  <<<,<<<<<<<<<<<<  3c3c3c2c3c3c3c3c3c3c3c3c3c3c3c3c
# epoch 26050  H=2.3914 C=1.6470 HO=0.7409  A(t)=570
     12649  <<<<<<<<<<<<<<<<  3c3c3c3c3c3c3c3c3c3c3c3c3c3c3c3c
      2982  {{{{{{{{{{{{{{{{  7b7b7b7b7b7b7b7b7b7b7b7b7b7b7b7b
       813  ,,,,,,,,,,,,,,,,  2c2c2c2c2c2c2c2c2c2c2c2c2c2c2c2c
       286  <<<<<<<<<<<<<<<,  3c3c3c3c3c3c3c3c3c3c3c3c3c3c3c2c
       272  <<<<<<<<<<<<<<,<  3c3c3c3c3c3c3c3c3c3c3c3c3c3c2c3c
       271  ,<<<<<<<<<<<<<<<  2c3c3c3c3c3c3c3c3c3c3c3c3c3c3c3c
       266  <,<<<<<<<<<<<<<<  3c2c3c3c3c3c3c3c3c3c3c3c3c3c3c3c
       264  <<<<<<<<<<<<<,<<  3c3c3c3c3c3c3c3c3c3c3c3c3c2c3c3c
       264  <<<<<<<<<<<<,<<<  3c3c3c3c3c3c3c3c3c3c3c3c2c3c3c3c
       252  <<<<<<<<<<<,<<<<  3c3c3c3c3c3c3c3c3c3c3c2c3c3c3c3c
# epoch 26100  H=2.3956 C=1.6796 HO=0.7137  A(t)=572
     10896  <<<<<<<<<<<<<<<<  3c3c3c3c3c3c3c3c3c3c3c3c3c3c3c3c
      3016  {{{{{{{{{{{{{{{{  7b7b7b7b7b7b7b7b7b7b7b7b7b7b7b7b
       603  ,,,,,,,,,,,,,,,,  2c2c2c2c2c2c2c2c2c2c2c2c2c2c2c2c
       333  <<<<<<<<<<<<<<<,  3c3c3c3c3c3c3c3c3c3c3c3c3c3c3c2c
       317  ,<<<<<<<<<<<<<<<  2c3c3c3c3c3c3c3c3c3c3c3c3c3c3c3c
       309  <<<<<<<<<<<<<<,<  3c3c3c3c3c3c3c3c3c3c3c3c3c3c2c3c
       308  <,<<<<<<<<<<<<<<  3c2c3c3c3c3c3c3c3c3c3c3c3c3c3c3c
       298  <<,<<<<<<<<<<<<<  3c3c2c3c3c3c3c3c3c3c3c3c3c3c3c3c
       292  <<<<<<<<,<<<<<<<  3c3c3c3c3c3c3c3c2c3c3c3c3c3c3c3c
       291  <<<<<,<<<<<<<<<<  3c3c3c3c3c2c3c3c3c3c3c3c3c3c3c3c
# epoch 26150  H=2.4485 C=1.6536 HO=0.7911  A(t)=574
     12098  <<<<<<<<<<<<<<<<  3c3c3c3c3c3c3c3c3c3c3c3c3c3c3c3c
      3019  {{{{{{{{{{{{{{{{  7b7b7b7b7b7b7b7b7b7b7b7b7b7b7b7b
       807  ,,,,,,,,,,,,,,,,  2c2c2c2c2c2c2c2c2c2c2c2c2c2c2c2c
       312  <<<<<<<<<<<<<<<,  3c3c3c3c3c3c3c3c3c3c3c3c3c3c3c2c
       294  <<<<<<<<<<<<<<,<  3c3c3c3c3c3c3c3c3c3c3c3c3c3c2c3c
       286  ,<<<<<<<<<<<<<<<  2c3c3c3c3c3c3c3c3c3c3c3c3c3c3c3c
       277  <,<<<<<<<<<<<<<<  3c2c3c3c3c3c3c3c3c3c3c3c3c3c3c3c
       276  <<<<<<<<<<<<<,<<  3c3c3c3c3c3c3c3c3c3c3c3c3c2c3c3c
       272  <<<<<<<<<<<<,<<<  3c3c3c3c3c3c3c3c3c3c3c3c2c3c3c3c
       259  <<<<<<<<<<<,<<<<  3c3c3c3c3c3c3c3c3c3c3c2c3c3c3c3c
# epoch 26200  H=2.3378 C=1.6322 HO=0.7025  A(t)=575
     11999  <<<<<<<<<<<<<<<<  3c3c3c3c3c3c3c3c3c3c3c3c3c3c3c3c
      2801  {{{{{{{{{{{{{{{{  7b7b7b7b7b7b7b7b7b7b7b7b7b7b7b7b
       379  ,,,,,,,,,,,,,,,,  2c2c2c2c2c2c2c2c2c2c2c2c2c2c2c2c
       348  <<<<<<<<<<<<<<<,  3c3c3c3c3c3c3c3c3c3c3c3c3c3c3c2c
       335  ,<<<<<<<<<<<<<<<  2c3c3c3c3c3c3c3c3c3c3c3c3c3c3c3c
       328  <<<<<<<<<<<<<<,<  3c3c3c3c3c3c3c3c3c3c3c3c3c3c2c3c
       328  <<<<<<<<<<<<<,<<  3c3c3c3c3c3c3c3c3c3c3c3c3c2c3c3c
       327  <<<<<<<<<<<<,<<<  3c3c3c3c3c3c3c3c3c3c3c3c2c3c3c3c
       322  <,<<<<<<<<<<<<<<  3c2c3c3c3c3c3c3c3c3c3c3c3c3c3c3c
       318  <<<<<<<<<<,<<<<<  3c3c3c3c3c3c3c3c3c3c2c3c3c3c3c3c
# epoch 26250  H=2.3949 C=1.6879 HO=0.7053  A(t)=575
     12069  <<<<<<<<<<<<<<<<  3c3c3c3c3c3c3c3c3c3c3c3c3c3c3c3c
      2699  {{{{{{{{{{{{{{{{  7b7b7b7b7b7b7b7b7b7b7b7b7b7b7b7b
       409  ,,,,,,,,,,,,,,,,  2c2c2c2c2c2c2c2c2c2c2c2c2c2c2c2c
       313  <<<<<<<<<<<<<<<,  3c3c3c3c3c3c3c3c3c3c3c3c3c3c3c2c
       286  <,<<<<<<<<<<<<<<  3c2c3c3c3c3c3c3c3c3c3c3c3c3c3c3c
       286  ,<<<<<<<<<<<<<<<  2c3c3c3c3c3c3c3c3c3c3c3c3c3c3c3c
       282  <<<<<<<<<<<<<<,<  3c3c3c3c3c3c3c3c3c3c3c3c3c3c2c3c
       274  <<<<<<<<<<<<<,<<  3c3c3c3c3c3c3c3c3c3c3c3c3c2c3c3c
       272  <<<<<<<,<<<<<<<<  3c3c3c3c3c3c3c2c3c3c3c3c3c3c3c3c
       269  <<<,<<<<<<<<<<<<  3c3c3c2c3c3c3c3c3c3c3c3c3c3c3c3c
# epoch 26300  H=2.3744 C=1.7069 HO=0.6724  A(t)=577
     12703  <<<<<<<<<<<<<<<<  3c3c3c3c3c3c3c3c3c3c3c3c3c3c3c3c
      3438  {{{{{{{{{{{{{{{{  7b7b7b7b7b7b7b7b7b7b7b7b7b7b7b7b
       528  ,,,,,,,,,,,,,,,,  2c2c2c2c2c2c2c2c2c2c2c2c2c2c2c2c
       312  <<<<<<<<<<<<<<<,  3c3c3c3c3c3c3c3c3c3c3c3c3c3c3c2c
       293  ,<<<<<<<<<<<<<<<  2c3c3c3c3c3c3c3c3c3c3c3c3c3c3c3c
       287  <<<<<<<<<<<<<<,<  3c3c3c3c3c3c3c3c3c3c3c3c3c3c2c3c
       283  <<,<<<<<<<<<<<<<  3c3c2c3c3c3c3c3c3c3c3c3c3c3c3c3c
       282  <<<,<<<<<<<<<<<<  3c3c3c2c3c3c3c3c3c3c3c3c3c3c3c3c
       281  <<<<,<<<<<<<<<<<  3c3c3c3c2c3c3c3c3c3c3c3c3c3c3c3c
       281  <,<<<<<<<<<<<<<<  3c2c3c3c3c3c3c3c3c3c3c3c3c3c3c3c
# epoch 26350  H=2.4241 C=1.7433 HO=0.6785  A(t)=577
     12581  <<<<<<<<<<<<<<<<  3c3c3c3c3c3c3c3c3c3c3c3c3c3c3c3c
      2833  {{{{{{{{{{{{{{{{  7b7b7b7b7b7b7b7b7b7b7b7b7b7b7b7b
       518  ,,,,,,,,,,,,,,,,  2c2c2c2c2c2c2c2c2c2c2c2c2c2c2c2c
       292  <<<<<<<<<<<<<<<,  3c3c3c3c3c3c3c3c3c3c3c3c3c3c3c2c
       287  <,<<<<<<<<<<<<<<  3c2c3c3c3c3c3c3c3c3c3c3c3c3c3c3c
       285  <<<<<<<<<<<<<<,<  3c3c3c3c3c3c3c3c3c3c3c3c3c3c2c3c
       282  <<,<<<<<<<<<<<<<  3c3c2c3c3c3c3c3c3c3c3c3c3c3c3c3c
       276  ,<<<<<<<<<<<<<<<  2c3c3c3c3c3c3c3c3c3c3c3c3c3c3c3c
       275  <<<<<<<<<<<<<,<<  3c3c3c3c3c3c3c3c3c3c3c3c3c2c3c3c
       275  <<<,<<<<<<<<<<<<  3c3c3c2c3c3c3c3c3c3c3c3c3c3c3c3c
# epoch 26400  H=2.5192 C=1.8304 HO=0.7025  A(t)=577
     11392  <<<<<<<<<<<<<<<<  3c3c3c3c3c3c3c3c3c3c3c3c3c3c3c3c
      1908  {{{{{{{{{{{{{{{{  7b7b7b7b7b7b7b7b7b7b7b7b7b7b7b7b
       647  ,,,,,,,,,,,,,,,,  2c2c2c2c2c2c2c2c2c2c2c2c2c2c2c2c
       348  ................  2e2e2e2e2e2e2e2e2e2e2e2e2e2e2e2e
       295  <<<<<<<<<<<<<<<,  3c3c3c3c3c3c3c3c3c3c3c3c3c3c3c2c
       283  <<<<<<<<<<<<,<<<  3c3c3c3c3c3c3c3c3c3c3c3c2c3c3c3c
       276  <<<<<<<<<<<<<<,<  3c3c3c3c3c3c3c3c3c3c3c3c3c3c2c3c
       275  <<<<<<<<<<<<<,<<  3c3c3c3c3c3c3c3c3c3c3c3c3c2c3c3c
       272  <<<<<<<<<<<,<<<<  3c3c3c3c3c3c3c3c3c3c3c2c3c3c3c3c
       271  <<<,<<<<<<<<<<<<  3c3c3c2c3c3c3c3c3c3c3c3c3c3c3c3c
# epoch 26450  H=2.4745 C=1.7488 HO=0.7212  A(t)=577
     12507  <<<<<<<<<<<<<<<<  3c3c3c3c3c3c3c3c3c3c3c3c3c3c3c3c
      2881  {{{{{{{{{{{{{{{{  7b7b7b7b7b7b7b7b7b7b7b7b7b7b7b7b
       597  ,,,,,,,,,,,,,,,,  2c2c2c2c2c2c2c2c2c2c2c2c2c2c2c2c
       301  <<<<<<<<<<<<<<<,  3c3c3c3c3c3c3c3c3c3c3c3c3c3c3c2c
       297  ,<<<<<<<<<<<<<<<  2c3c3c3c3c3c3c3c3c3c3c3c3c3c3c3c
       296  <,<<<<<<<<<<<<<<  3c2c3c3c3c3c3c3c3c3c3c3c3c3c3c3c
       293  <<<,<<<<<<<<<<<<  3c3c3c2c3c3c3c3c3c3c3c3c3c3c3c3c
       293  <<,<<<<<<<<<<<<<  3c3c2c3c3c3c3c3c3c3c3c3c3c3c3c3c
       288  <<<<<<<<<<<<<<,<  3c3c3c3c3c3c3c3c3c3c3c3c3c3c2c3c
       283  <<<<<<<<<<<<<,<<  3c3c3c3c3c3c3c3c3c3c3c3c3c2c3c3c
# epoch 26500  H=2.5014 C=1.7626 HO=0.7334  A(t)=577
     10845  <<<<<<<<<<<<<<<<  3c3c3c3c3c3c3c3c3c3c3c3c3c3c3c3c
      2646  {{{{{{{{{{{{{{{{  7b7b7b7b7b7b7b7b7b7b7b7b7b7b7b7b
       312  ,,,,,,,,,,,,,,,,  2c2c2c2c2c2c2c2c2c2c2c2c2c2c2c2c
       303  <<<<<<<<<<<<<<<,  3c3c3c3c3c3c3c3c3c3c3c3c3c3c3c2c
       291  ,<<<<<<<<<<<<<<<  2c3c3c3c3c3c3c3c3c3c3c3c3c3c3c3c
       282  <<<<<<<<<<<<<<,<  3c3c3c3c3c3c3c3c3c3c3c3c3c3c2c3c
       279  <<<<<<<<<<<<<,<<  3c3c3c3c3c3c3c3c3c3c3c3c3c2c3c3c
       271  <<<<<<<<<<<<,<<<  3c3c3c3c3c3c3c3c3c3c3c3c2c3c3c3c
       271  <<<<<<<<<<,<<<<<  3c3c3c3c3c3c3c3c3c3c2c3c3c3c3c3c
       270  <<<<<<<<<<<,<<<<  3c3c3c3c3c3c3c3c3c3c3c2c3c3c3c3c
# epoch 26550  H=2.5773 C=1.8645 HO=0.7178  A(t)=577
     10499  <<<<<<<<<<<<<<<<  3c3c3c3c3c3c3c3c3c3c3c3c3c3c3c3c
      3106  {{{{{{{{{{{{{{{{  7b7b7b7b7b7b7b7b7b7b7b7b7b7b7b7b
       725  ,,,,,,,,,,,,,,,,  2c2c2c2c2c2c2c2c2c2c2c2c2c2c2c2c
       269  <<<<<<<<<<<<<<<,  3c3c3c3c3c3c3c3c3c3c3c3c3c3c3c2c
       251  <<<<<<<<<<<<<<,<  3c3c3c3c3c3c3c3c3c3c3c3c3c3c2c3c
       248  ,<<<<<<<<<<<<<<<  2c3c3c3c3c3c3c3c3c3c3c3c3c3c3c3c
       243  <<<,<<<<<<<<<<<<  3c3c3c2c3c3c3c3c3c3c3c3c3c3c3c3c
       243  <<,<<<<<<<<<<<<<  3c3c2c3c3c3c3c3c3c3c3c3c3c3c3c3c
       241  <<<<<<<<<<<<<,<<  3c3c3c3c3c3c3c3c3c3c3c3c3c2c3c3c
       241  <,<<<<<<<<<<<<<<  3c2c3c3c3c3c3c3c3c3c3c3c3c3c3c3c
# epoch 26600  H=2.6504 C=1.9084 HO=0.7508  A(t)=579
     10358  <<<<<<<<<<<<<<<<  3c3c3c3c3c3c3c3c3c3c3c3c3c3c3c3c
      3115  {{{{{{{{{{{{{{{{  7b7b7b7b7b7b7b7b7b7b7b7b7b7b7b7b
       746  ,,,,,,,,,,,,,,,,  2c2c2c2c2c2c2c2c2c2c2c2c2c2c2c2c
       287  <<<<<<<<<<<<<<<,  3c3c3c3c3c3c3c3c3c3c3c3c3c3c3c2c
       283  <<<<<<<<<<<<<<,<  3c3c3c3c3c3c3c3c3c3c3c3c3c3c2c3c
       269  ,<<<<<<<<<<<<<<<  2c3c3c3c3c3c3c3c3c3c3c3c3c3c3c3c
       268  <<<<<<<<<<<<<,<<  3c3c3c3c3c3c3c3c3c3c3c3c3c2c3c3c
       260  <<<<<<<,<<<<<<<<  3c3c3c3c3c3c3c2c3c3c3c3c3c3c3c3c
       260  <<<<,<<<<<<<<<<<  3c3c3c3c2c3c3c3c3c3c3c3c3c3c3c3c
       258  <,<<<<<<<<<<<<<<  3c2c3c3c3c3c3c3c3c3c3c3c3c3c3c3c
# epoch 26650  H=2.5770 C=1.8765 HO=0.6968  A(t)=579
     10345  <<<<<<<<<<<<<<<<  3c3c3c3c3c3c3c3c3c3c3c3c3c3c3c3c
      2742  {{{{{{{{{{{{{{{{  7b7b7b7b7b7b7b7b7b7b7b7b7b7b7b7b
       835  ,,,,,,,,,,,,,,,,  2c2c2c2c2c2c2c2c2c2c2c2c2c2c2c2c
       268  <<<<<<<<<<<<,<<<  3c3c3c3c3c3c3c3c3c3c3c3c2c3c3c3c
       267  <<<<<<<<<<<<<<<,  3c3c3c3c3c3c3c3c3c3c3c3c3c3c3c2c
       262  <<<<<<<<<<,<<<<<  3c3c3c3c3c3c3c3c3c3c2c3c3c3c3c3c
       261  <<<<<<<<<<<,<<<<  3c3c3c3c3c3c3c3c3c3c3c2c3c3c3c3c
       255  <<<<<<<<<<<<<<,<  3c3c3c3c3c3c3c3c3c3c3c3c3c3c2c3c
       255  ,<<<<<<<<<<<<<<<  2c3c3c3c3c3c3c3c3c3c3c3c3c3c3c3c
       254  <<<<<<<,<<<<<<<<  3c3c3c3c3c3c3c2c3c3c3c3c3c3c3c3c
# epoch 26700  H=2.5659 C=1.9054 HO=0.6572  A(t)=585
     11201  <<<<<<<<<<<<<<<<  3c3c3c3c3c3c3c3c3c3c3c3c3c3c3c3c
      2939  {{{{{{{{{{{{{{{{  7b7b7b7b7b7b7b7b7b7b7b7b7b7b7b7b
       280  <<<<<<<<<<<<<<<,  3c3c3c3c3c3c3c3c3c3c3c3c3c3c3c2c
       278  <<<<<<<<<<<<<<,<  3c3c3c3c3c3c3c3c3c3c3c3c3c3c2c3c
       272  <<,<<<<<<<<<<<<<  3c3c2c3c3c3c3c3c3c3c3c3c3c3c3c3c
       271  ,<<<<<<<<<<<<<<<  2c3c3c3c3c3c3c3c3c3c3c3c3c3c3c3c
       270  <<<<<<<<<<<<,<<<  3c3c3c3c3c3c3c3c3c3c3c3c2c3c3c3c
       267  <<<,<<<<<<<<<<<<  3c3c3c2c3c3c3c3c3c3c3c3c3c3c3c3c
       267  <,<<<<<<<<<<<<<<  3c2c3c3c3c3c3c3c3c3c3c3c3c3c3c3c
       266  <<<<<<<<<<<<<,<<  3c3c3c3c3c3c3c3c3c3c3c3c3c2c3c3c
# epoch 26750  H=2.5386 C=1.8635 HO=0.6749  A(t)=585
     11731  <<<<<<<<<<<<<<<<  3c3c3c3c3c3c3c3c3c3c3c3c3c3c3c3c
      2838  {{{{{{{{{{{{{{{{  7b7b7b7b7b7b7b7b7b7b7b7b7b7b7b7b
       371  ,,,,,,,,,,,,,,,,  2c2c2c2c2c2c2c2c2c2c2c2c2c2c2c2c
       291  <<<<<<<<<<<<<<<,  3c3c3c3c3c3c3c3c3c3c3c3c3c3c3c2c
       280  <<<<<<<<<<<<<<,<  3c3c3c3c3c3c3c3c3c3c3c3c3c3c2c3c
       273  <,<<<<<<<<<<<<<<  3c2c3c3c3c3c3c3c3c3c3c3c3c3c3c3c
       269  <<<<<<<<<<<<,<<<  3c3c3c3c3c3c3c3c3c3c3c3c2c3c3c3c
       267  <<<<<<<<<<<<<,<<  3c3c3c3c3c3c3c3c3c3c3c3c3c2c3c3c
       267  <<<<<<,<<<<<<<<<  3c3c3c3c3c3c2c3c3c3c3c3c3c3c3c3c
       267  ,<<<<<<<<<<<<<<<  2c3c3c3c3c3c3c3c3c3c3c3c3c3c3c3c
# epoch 26800  H=2.5868 C=1.8973 HO=0.6899  A(t)=585
     11551  <<<<<<<<<<<<<<<<  3c3c3c3c3c3c3c3c3c3c3c3c3c3c3c3c
      3136  {{{{{{{{{{{{{{{{  7b7b7b7b7b7b7b7b7b7b7b7b7b7b7b7b
       543  ,,,,,,,,,,,,,,,,  2c2c2c2c2c2c2c2c2c2c2c2c2c2c2c2c
       319  <<<<<<<<<<<<<<<,  3c3c3c3c3c3c3c3c3c3c3c3c3c3c3c2c
       298  <<<<<<<<<<<<<<,<  3c3c3c3c3c3c3c3c3c3c3c3c3c3c2c3c
       290  ,<<<<<<<<<<<<<<<  2c3c3c3c3c3c3c3c3c3c3c3c3c3c3c3c
       288  <,<<<<<<<<<<<<<<  3c2c3c3c3c3c3c3c3c3c3c3c3c3c3c3c
       279  <<<<<<<<<<<<<,<<  3c3c3c3c3c3c3c3c3c3c3c3c3c2c3c3c
       276  <<<,<<<<<<<<<<<<  3c3c3c2c3c3c3c3c3c3c3c3c3c3c3c3c
       275  <<,<<<<<<<<<<<<<  3c3c2c3c3c3c3c3c3c3c3c3c3c3c3c3c
# epoch 26850  H=2.6682 C=1.9985 HO=0.6602  A(t)=586
      9731  <<<<<<<<<<<<<<<<  3c3c3c3c3c3c3c3c3c3c3c3c3c3c3c3c
      2994  {{{{{{{{{{{{{{{{  7b7b7b7b7b7b7b7b7b7b7b7b7b7b7b7b
       378  ,,,,,,,,,,,,,,,,  2c2c2c2c2c2c2c2c2c2c2c2c2c2c2c2c
       270  <<<<<<<<<<<<<<<,  3c3c3c3c3c3c3c3c3c3c3c3c3c3c3c2c
       260  <<<<<<<<<<<<<<,<  3c3c3c3c3c3c3c3c3c3c3c3c3c3c2c3c
       259  ,<<<<<<<<<<<<<<<  2c3c3c3c3c3c3c3c3c3c3c3c3c3c3c3c
       252  <<<<<<,<<<<<<<<<  3c3c3c3c3c3c2c3c3c3c3c3c3c3c3c3c
       251  <<<<<<<<<<<<<,<<  3c3c3c3c3c3c3c3c3c3c3c3c3c2c3c3c
       251  <<<<,<<<<<<<<<<<  3c3c3c3c2c3c3c3c3c3c3c3c3c3c3c3c
       250  <<,<<<<<<<<<<<<<  3c3c2c3c3c3c3c3c3c3c3c3c3c3c3c3c
# epoch 26900  H=2.6531 C=1.9622 HO=0.6895  A(t)=586
      9431  <<<<<<<<<<<<<<<<  3c3c3c3c3c3c3c3c3c3c3c3c3c3c3c3c
      3009  {{{{{{{{{{{{{{{{  7b7b7b7b7b7b7b7b7b7b7b7b7b7b7b7b
       278  <<<<<<<<<<<<<<<,  3c3c3c3c3c3c3c3c3c3c3c3c3c3c3c2c
       260  <<<<<<<<,<<<<<<<  3c3c3c3c3c3c3c3c2c3c3c3c3c3c3c3c
       256  <<<<<<<<<,<<<<<<  3c3c3c3c3c3c3c3c3c2c3c3c3c3c3c3c
       255  ,<<<<<<<<<<<<<<<  2c3c3c3c3c3c3c3c3c3c3c3c3c3c3c3c
       253  <<<<<<<<<<,<<<<<  3c3c3c3c3c3c3c3c3c3c2c3c3c3c3c3c
       252  <<<<<<<<<<<<<<,<  3c3c3c3c3c3c3c3c3c3c3c3c3c3c2c3c
       251  ,,,,,,,,,,,,,,,,  2c2c2c2c2c2c2c2c2c2c2c2c2c2c2c2c
       248  <<<<<<<<<<<<,<<<  3c3c3c3c3c3c3c3c3c3c3c3c2c3c3c3c
# epoch 26950  H=2.5852 C=1.9004 HO=0.6753  A(t)=586
     10885  <<<<<<<<<<<<<<<<  3c3c3c3c3c3c3c3c3c3c3c3c3c3c3c3c
      2958  {{{{{{{{{{{{{{{{  7b7b7b7b7b7b7b7b7b7b7b7b7b7b7b7b
       298  <<<<<<<<<<<<<<<,  3c3c3c3c3c3c3c3c3c3c3c3c3c3c3c2c
       293  ,<<<<<<<<<<<<<<<  2c3c3c3c3c3c3c3c3c3c3c3c3c3c3c3c
       289  ,,,,,,,,,,,,,,,,  2c2c2c2c2c2c2c2c2c2c2c2c2c2c2c2c
       283  <<<<<<<<<<<<<<,<  3c3c3c3c3c3c3c3c3c3c3c3c3c3c2c3c
       281  <,<<<<<<<<<<<<<<  3c2c3c3c3c3c3c3c3c3c3c3c3c3c3c3c
       280  <<<<<<<<<<<<,<<<  3c3c3c3c3c3c3c3c3c3c3c3c2c3c3c3c
       277  <<<<<<<<<<<<<,<<  3c3c3c3c3c3c3c3c3c3c3c3c3c2c3c3c
       276  <<,<<<<<<<<<<<<<  3c3c2c3c3c3c3c3c3c3c3c3c3c3c3c3c
# epoch 27000  H=2.5887 C=1.9457 HO=0.6307  A(t)=589
     10440  <<<<<<<<<<<<<<<<  3c3c3c3c3c3c3c3c3c3c3c3c3c3c3c3c
      3163  {{{{{{{{{{{{{{{{  7b7b7b7b7b7b7b7b7b7b7b7b7b7b7b7b
       363  ,,,,,,,,,,,,,,,,  2c2c2c2c2c2c2c2c2c2c2c2c2c2c2c2c
       285  <<<<<<<<<<<<<<<,  3c3c3c3c3c3c3c3c3c3c3c3c3c3c3c2c
       273  <<<<<<,<<<<<<<<<  3c3c3c3c3c3c2c3c3c3c3c3c3c3c3c3c
       271  ,<<<<<<<<<<<<<<<  2c3c3c3c3c3c3c3c3c3c3c3c3c3c3c3c
       269  <<<<,<<<<<<<<<<<  3c3c3c3c2c3c3c3c3c3c3c3c3c3c3c3c
       268  <<<<<<<,<<<<<<<<  3c3c3c3c3c3c3c2c3c3c3c3c3c3c3c3c
       267  <<<<<,<<<<<<<<<<  3c3c3c3c3c2c3c3c3c3c3c3c3c3c3c3c
       265  <<<<<<<<<<<,<<<<  3c3c3c3c3c3c3c3c3c3c3c2c3c3c3c3c
# epoch 27050  H=2.5503 C=1.8964 HO=0.6435  A(t)=591
     10900  <<<<<<<<<<<<<<<<  3c3c3c3c3c3c3c3c3c3c3c3c3c3c3c3c
      2494  {{{{{{{{{{{{{{{{  7b7b7b7b7b7b7b7b7b7b7b7b7b7b7b7b
       299  ................  2e2e2e2e2e2e2e2e2e2e2e2e2e2e2e2e
       276  <<<<<<<<<<<<<<<,  3c3c3c3c3c3c3c3c3c3c3c3c3c3c3c2c
       274  <<<<<<<<<<<<<<,<  3c3c3c3c3c3c3c3c3c3c3c3c3c3c2c3c
       271  ,,,,,,,,,,,,,,,,  2c2c2c2c2c2c2c2c2c2c2c2c2c2c2c2c
       260  <<<<<<<<<<,<<<<<  3c3c3c3c3c3c3c3c3c3c2c3c3c3c3c3c
       259  <<<<<<<<<<<<<,<<  3c3c3c3c3c3c3c3c3c3c3c3c3c2c3c3c
       256  ,<<<<<<<<<<<<<<<  2c3c3c3c3c3c3c3c3c3c3c3c3c3c3c3c
       254  <<<<<<<<<<<,<<<<  3c3c3c3c3c3c3c3c3c3c3c2c3c3c3c3c
# epoch 27100  H=2.6252 C=1.9557 HO=0.6681  A(t)=598
     10965  <<<<<<<<<<<<<<<<  3c3c3c3c3c3c3c3c3c3c3c3c3c3c3c3c
      2572  {{{{{{{{{{{{{{{{  7b7b7b7b7b7b7b7b7b7b7b7b7b7b7b7b
       494  ,,,,,,,,,,,,,,,,  2c2c2c2c2c2c2c2c2c2c2c2c2c2c2c2c
       273  <<<<<<<<<<<<<<<,  3c3c3c3c3c3c3c3c3c3c3c3c3c3c3c2c
       271  <<<<<<<<<<<<<,<<  3c3c3c3c3c3c3c3c3c3c3c3c3c2c3c3c
       259  <<<<<<<<<<<<<<,<  3c3c3c3c3c3c3c3c3c3c3c3c3c3c2c3c
       255  <<<<<<<<<<<<,<<<  3c3c3c3c3c3c3c3c3c3c3c3c2c3c3c3c
       255  ,<<<<<<<<<<<<<<<  2c3c3c3c3c3c3c3c3c3c3c3c3c3c3c3c
       253  <<<<<<<<<<<,<<<<  3c3c3c3c3c3c3c3c3c3c3c2c3c3c3c3c
       252  <<,<<<<<<<<<<<<<  3c3c2c3c3c3c3c3c3c3c3c3c3c3c3c3c
# epoch 27150  H=2.6844 C=1.9966 HO=0.6886  A(t)=598
     10505  <<<<<<<<<<<<<<<<  3c3c3c3c3c3c3c3c3c3c3c3c3c3c3c3c
      2873  {{{{{{{{{{{{{{{{  7b7b7b7b7b7b7b7b7b7b7b7b7b7b7b7b
       406  ,,,,,,,,,,,,,,,,  2c2c2c2c2c2c2c2c2c2c2c2c2c2c2c2c
       311  ................  2e2e2e2e2e2e2e2e2e2e2e2e2e2e2e2e
       229  <<<<<<<<<<<<<<<,  3c3c3c3c3c3c3c3c3c3c3c3c3c3c3c2c
       222  <<<<<<<<<<<<<<,<  3c3c3c3c3c3c3c3c3c3c3c3c3c3c2c3c
       222  ,<<<<<<<<<<<<<<<  2c3c3c3c3c3c3c3c3c3c3c3c3c3c3c3c
       220  <,<<<<<<<<<<<<<<  3c2c3c3c3c3c3c3c3c3c3c3c3c3c3c3c
       219  <<<<<<<<<<<<<,<<  3c3c3c3c3c3c3c3c3c3c3c3c3c2c3c3c
       214  <<<,<<<<<<<<<<<<  3c3c3c2c3c3c3c3c3c3c3c3c3c3c3c3c
# epoch 27200  H=2.6759 C=1.9882 HO=0.6872  A(t)=598
     10968  <<<<<<<<<<<<<<<<  3c3c3c3c3c3c3c3c3c3c3c3c3c3c3c3c
      2545  {{{{{{{{{{{{{{{{  7b7b7b7b7b7b7b7b7b7b7b7b7b7b7b7b
       387  ,,,,,,,,,,,,,,,,  2c2c2c2c2c2c2c2c2c2c2c2c2c2c2c2c
       267  <<<<<<<<<,<<<<<<  3c3c3c3c3c3c3c3c3c2c3c3c3c3c3c3c
       265  <<<<<<<<<<<,<<<<  3c3c3c3c3c3c3c3c3c3c3c2c3c3c3c3c
       264  <<<<<<<<<<<<,<<<  3c3c3c3c3c3c3c3c3c3c3c3c2c3c3c3c
       263  <<<<<<<<<<<<<<,<  3c3c3c3c3c3c3c3c3c3c3c3c3c3c2c3c
       263  <<<<<<<<<<,<<<<<  3c3c3c3c3c3c3c3c3c3c2c3c3c3c3c3c
       263  <<<<<,<<<<<<<<<<  3c3c3c3c3c2c3c3c3c3c3c3c3c3c3c3c
       262  <<<<<<<<<<<<<<<,  3c3c3c3c3c3c3c3c3c3c3c3c3c3c3c2c
# epoch 27250  H=2.7264 C=2.0696 HO=0.6553  A(t)=598
      9465  <<<<<<<<<<<<<<<<  3c3c3c3c3c3c3c3c3c3c3c3c3c3c3c3c
      2852  {{{{{{{{{{{{{{{{  7b7b7b7b7b7b7b7b7b7b7b7b7b7b7b7b
       397  ,,,,,,,,,,,,,,,,  2c2c2c2c2c2c2c2c2c2c2c2c2c2c2c2c
       217  <<<<<<<<<<<<<<<,  3c3c3c3c3c3c3c3c3c3c3c3c3c3c3c2c
       210  <<<<<<<<<<<<<,<<  3c3c3c3c3c3c3c3c3c3c3c3c3c2c3c3c
       210  <<<<<<<<<<<<,<<<  3c3c3c3c3c3c3c3c3c3c3c3c2c3c3c3c
       204  <<<<<<,<<<<<<<<<  3c3c3c3c3c3c2c3c3c3c3c3c3c3c3c3c
       203  <<<<<<<<<<<<<<,<  3c3c3c3c3c3c3c3c3c3c3c3c3c3c2c3c
       201  <<<<<<<<,<<<<<<<  3c3c3c3c3c3c3c3c2c3c3c3c3c3c3c3c
       200  <<<<<<<<<<<,<<<<  3c3c3c3c3c3c3c3c3c3c3c2c3c3c3c3c
# epoch 27300  H=2.8317 C=2.1342 HO=0.7043  A(t)=599
      9206  <<<<<<<<<<<<<<<<  3c3c3c3c3c3c3c3c3c3c3c3c3c3c3c3c
      2616  {{{{{{{{{{{{{{{{  7b7b7b7b7b7b7b7b7b7b7b7b7b7b7b7b
       649  ,,,,,,,,,,,,,,,,  2c2c2c2c2c2c2c2c2c2c2c2c2c2c2c2c
       238  <<<<<<<<<<<<<<<,  3c3c3c3c3c3c3c3c3c3c3c3c3c3c3c2c
       222  <<<<<<<<<<<<<<,<  3c3c3c3c3c3c3c3c3c3c3c3c3c3c2c3c
       215  <<<<<<<<<<<<<,<<  3c3c3c3c3c3c3c3c3c3c3c3c3c2c3c3c
       213  <<<<<<<<<<<<,<<<  3c3c3c3c3c3c3c3c3c3c3c3c2c3c3c3c
       211  <<<<<<<<,<<<<<<<  3c3c3c3c3c3c3c3c2c3c3c3c3c3c3c3c
       209  <<<<<<<<<<,<<<<<  3c3c3c3c3c3c3c3c3c3c2c3c3c3c3c3c
       208  <<<<<<<<<<<,<<<<  3c3c3c3c3c3c3c3c3c3c3c2c3c3c3c3c
# epoch 27350  H=2.8527 C=2.1736 HO=0.6938  A(t)=600
      9214  <<<<<<<<<<<<<<<<  3c3c3c3c3c3c3c3c3c3c3c3c3c3c3c3c
      2333  {{{{{{{{{{{{{{{{  7b7b7b7b7b7b7b7b7b7b7b7b7b7b7b7b
       349  ,,,,,,,,,,,,,,,,  2c2c2c2c2c2c2c2c2c2c2c2c2c2c2c2c
       250  <<<<<<<<<<<<<<<,  3c3c3c3c3c3c3c3c3c3c3c3c3c3c3c2c
       246  <<<<<<<<<<<<<<,<  3c3c3c3c3c3c3c3c3c3c3c3c3c3c2c3c
       234  <<<<<<<<<<<<,<<<  3c3c3c3c3c3c3c3c3c3c3c3c2c3c3c3c
       233  <<<<<<<<<<<<<,<<  3c3c3c3c3c3c3c3c3c3c3c3c3c2c3c3c
       225  <<<<<<<,<<<<<<<<  3c3c3c3c3c3c3c2c3c3c3c3c3c3c3c3c
       224  <<<<<<<<<<<,<<<<  3c3c3c3c3c3c3c3c3c3c3c2c3c3c3c3c
       222  <<<<<<,<<<<<<<<<  3c3c3c3c3c3c2c3c3c3c3c3c3c3c3c3c
# epoch 27400  H=2.7300 C=2.0583 HO=0.6928  A(t)=600
     10331  <<<<<<<<<<<<<<<<  3c3c3c3c3c3c3c3c3c3c3c3c3c3c3c3c
      2440  {{{{{{{{{{{{{{{{  7b7b7b7b7b7b7b7b7b7b7b7b7b7b7b7b
       268  <<<<<<<<<<<<<<<,  3c3c3c3c3c3c3c3c3c3c3c3c3c3c3c2c
       248  <<<<<<<<<<<<<<,<  3c3c3c3c3c3c3c3c3c3c3c3c3c3c2c3c
       236  <<<<<<<<<<<<<,<<  3c3c3c3c3c3c3c3c3c3c3c3c3c2c3c3c
       235  ,<<<<<<<<<<<<<<<  2c3c3c3c3c3c3c3c3c3c3c3c3c3c3c3c
       232  <,<<<<<<<<<<<<<<  3c2c3c3c3c3c3c3c3c3c3c3c3c3c3c3c
       226  <<<<<<<<<<<<,<<<  3c3c3c3c3c3c3c3c3c3c3c3c2c3c3c3c
       224  <<,<<<<<<<<<<<<<  3c3c2c3c3c3c3c3c3c3c3c3c3c3c3c3c
       219  <<<<<<<<<<<,<<<<  3c3c3c3c3c3c3c3c3c3c3c2c3c3c3c3c
# epoch 27450  H=2.7256 C=1.9614 HO=0.7719  A(t)=600
     10798  <<<<<<<<<<<<<<<<  3c3c3c3c3c3c3c3c3c3c3c3c3c3c3c3c
      2646  {{{{{{{{{{{{{{{{  7b7b7b7b7b7b7b7b7b7b7b7b7b7b7b7b
       330  ................  2e2e2e2e2e2e2e2e2e2e2e2e2e2e2e2e
       313  ,,,,,,,,,,,,,,,,  2c2c2c2c2c2c2c2c2c2c2c2c2c2c2c2c
       250  <<<<<<<<<<<<<<<,  3c3c3c3c3c3c3c3c3c3c3c3c3c3c3c2c
       245  <<<<<<<<<<<<<<,<  3c3c3c3c3c3c3c3c3c3c3c3c3c3c2c3c
       234  ,<<<<<<<<<<<<<<<  2c3c3c3c3c3c3c3c3c3c3c3c3c3c3c3c
       233  <<<<<<<<<<<<<,<<  3c3c3c3c3c3c3c3c3c3c3c3c3c2c3c3c
       224  <<<<<<<<<<<<,<<<  3c3c3c3c3c3c3c3c3c3c3c3c2c3c3c3c
       224  <,<<<<<<<<<<<<<<  3c2c3c3c3c3c3c3c3c3c3c3c3c3c3c3c
# epoch 27500  H=2.6175 C=1.9336 HO=0.6878  A(t)=603
     11515  <<<<<<<<<<<<<<<<  3c3c3c3c3c3c3c3c3c3c3c3c3c3c3c3c
      2643  {{{{{{{{{{{{{{{{  7b7b7b7b7b7b7b7b7b7b7b7b7b7b7b7b
       432  ,,,,,,,,,,,,,,,,  2c2c2c2c2c2c2c2c2c2c2c2c2c2c2c2c
       272  <<<<<<<<<<<<<<<,  3c3c3c3c3c3c3c3c3c3c3c3c3c3c3c2c
       260  <<<<<<<<<<<<<<,<  3c3c3c3c3c3c3c3c3c3c3c3c3c3c2c3c
       256  ,<<<<<<<<<<<<<<<  2c3c3c3c3c3c3c3c3c3c3c3c3c3c3c3c
       254  <<<<<<<<<<,<<<<<  3c3c3c3c3c3c3c3c3c3c2c3c3c3c3c3c
       249  <<<<<<<<<<<<<,<<  3c3c3c3c3c3c3c3c3c3c3c3c3c2c3c3c
       244  <<,<<<<<<<<<<<<<  3c3c2c3c3c3c3c3c3c3c3c3c3c3c3c3c
       243  <,<<<<<<<<<<<<<<  3c2c3c3c3c3c3c3c3c3c3c3c3c3c3c3c
# epoch 27550  H=2.5227 C=1.8826 HO=0.6352  A(t)=603
     10238  <<<<<<<<<<<<<<<<  3c3c3c3c3c3c3c3c3c3c3c3c3c3c3c3c
      2970  {{{{{{{{{{{{{{{{  7b7b7b7b7b7b7b7b7b7b7b7b7b7b7b7b
       307  ,,,,,,,,,,,,,,,,  2c2c2c2c2c2c2c2c2c2c2c2c2c2c2c2c
       251  <<<<<<<<<<<<<<<,  3c3c3c3c3c3c3c3c3c3c3c3c3c3c3c2c
       238  <<<<<<<<<<<<<<,<  3c3c3c3c3c3c3c3c3c3c3c3c3c3c2c3c
       234  ,<<<<<<<<<<<<<<<  2c3c3c3c3c3c3c3c3c3c3c3c3c3c3c3c
       233  <<<<<<<<<<<<<,<<  3c3c3c3c3c3c3c3c3c3c3c3c3c2c3c3c
       230  <<<<<<<<<<<<,<<<  3c3c3c3c3c3c3c3c3c3c3c3c2c3c3c3c
       230  <,<<<<<<<<<<<<<<  3c2c3c3c3c3c3c3c3c3c3c3c3c3c3c3c
       228  <<<<<<<<<<<,<<<<  3c3c3c3c3c3c3c3c3c3c3c2c3c3c3c3c
# epoch 27600  H=2.5082 C=1.8394 HO=0.6689  A(t)=603
     11019  <<<<<<<<<<<<<<<<  3c3c3c3c3c3c3c3c3c3c3c3c3c3c3c3c
      2385  {{{{{{{{{{{{{{{{  7b7b7b7b7b7b7b7b7b7b7b7b7b7b7b7b
       456  ,,,,,,,,,,,,,,,,  2c2c2c2c2c2c2c2c2c2c2c2c2c2c2c2c
       281  <<<<<<<<<<<<<<<,  3c3c3c3c3c3c3c3c3c3c3c3c3c3c3c2c
       279  ,<<<<<<<<<<<<<<<  2c3c3c3c3c3c3c3c3c3c3c3c3c3c3c3c
       265  <<<<<<<<<<<<<<,<  3c3c3c3c3c3c3c3c3c3c3c3c3c3c2c3c
       265  <,<<<<<<<<<<<<<<  3c2c3c3c3c3c3c3c3c3c3c3c3c3c3c3c
       262  <<<<<<<<<<,<<<<<  3c3c3c3c3c3c3c3c3c3c2c3c3c3c3c3c
       259  <<<<<<<<<,<<<<<<  3c3c3c3c3c3c3c3c3c2c3c3c3c3c3c3c
       256  <<<<<<<<<<<<,<<<  3c3c3c3c3c3c3c3c3c3c3c3c2c3c3c3c
# epoch 27650  H=2.4953 C=1.7767 HO=0.7100  A(t)=603
     11315  <<<<<<<<<<<<<<<<  3c3c3c3c3c3c3c3c3c3c3c3c3c3c3c3c
      2766  {{{{{{{{{{{{{{{{  7b7b7b7b7b7b7b7b7b7b7b7b7b7b7b7b
       503  ,,,,,,,,,,,,,,,,  2c2c2c2c2c2c2c2c2c2c2c2c2c2c2c2c
       278  <<<<<<<<<<<<<<<,  3c3c3c3c3c3c3c3c3c3c3c3c3c3c3c2c
       256  ,<<<<<<<<<<<<<<<  2c3c3c3c3c3c3c3c3c3c3c3c3c3c3c3c
       254  <<<<<<<<<<<<<<,<  3c3c3c3c3c3c3c3c3c3c3c3c3c3c2c3c
       249  <<<<<<<<<<<<<,<<  3c3c3c3c3c3c3c3c3c3c3c3c3c2c3c3c
       241  <,<<<<<<<<<<<<<<  3c2c3c3c3c3c3c3c3c3c3c3c3c3c3c3c
       237  <<<<<<<<<<<<,<<<  3c3c3c3c3c3c3c3c3c3c3c3c2c3c3c3c
       228  <<<<<<<<<<<,<<<<  3c3c3c3c3c3c3c3c3c3c3c2c3c3c3c3c
# epoch 27700  H=2.4230 C=1.7006 HO=0.7221  A(t)=603
     11668  <<<<<<<<<<<<<<<<  3c3c3c3c3c3c3c3c3c3c3c3c3c3c3c3c
      3241  {{{{{{{{{{{{{{{{  7b7b7b7b7b7b7b7b7b7b7b7b7b7b7b7b
       888  ,,,,,,,,,,,,,,,,  2c2c2c2c2c2c2c2c2c2c2c2c2c2c2c2c
       254  <<<<<<<<<<<<<<<,  3c3c3c3c3c3c3c3c3c3c3c3c3c3c3c2c
       247  <<<<<<<<,<<<<<<<  3c3c3c3c3c3c3c3c2c3c3c3c3c3c3c3c
       240  <,<<<<<<<<<<<<<<  3c2c3c3c3c3c3c3c3c3c3c3c3c3c3c3c
       240  ,<<<<<<<<<<<<<<<  2c3c3c3c3c3c3c3c3c3c3c3c3c3c3c3c
       239  <<<<<<<<<<<<<<,<  3c3c3c3c3c3c3c3c3c3c3c3c3c3c2c3c
       238  <<<<<<<<<,<<<<<<  3c3c3c3c3c3c3c3c3c2c3c3c3c3c3c3c
       238  <<<<<<<,<<<<<<<<  3c3c3c3c3c3c3c2c3c3c3c3c3c3c3c3c
# epoch 27750  H=2.5386 C=1.8010 HO=0.7386  A(t)=603
     10622  <<<<<<<<<<<<<<<<  3c3c3c3c3c3c3c3c3c3c3c3c3c3c3c3c
      2493  {{{{{{{{{{{{{{{{  7b7b7b7b7b7b7b7b7b7b7b7b7b7b7b7b
       751  ,,,,,,,,,,,,,,,,  2c2c2c2c2c2c2c2c2c2c2c2c2c2c2c2c
       367  ................  2e2e2e2e2e2e2e2e2e2e2e2e2e2e2e2e
       269  <<<<<<<<<<<<<<,<  3c3c3c3c3c3c3c3c3c3c3c3c3c3c2c3c
       268  <<<<<<<<<<<<<<<,  3c3c3c3c3c3c3c3c3c3c3c3c3c3c3c2c
       257  <,<<<<<<<<<<<<<<  3c2c3c3c3c3c3c3c3c3c3c3c3c3c3c3c
       256  ,<<<<<<<<<<<<<<<  2c3c3c3c3c3c3c3c3c3c3c3c3c3c3c3c
       247  <<<<<<<<<<<<<,<<  3c3c3c3c3c3c3c3c3c3c3c3c3c2c3c3c
       244  <<<<<<<<<<<<,<<<  3c3c3c3c3c3c3c3c3c3c3c3c2c3c3c3c
# epoch 27800  H=2.4006 C=1.6705 HO=0.7243  A(t)=603
     12041  <<<<<<<<<<<<<<<<  3c3c3c3c3c3c3c3c3c3c3c3c3c3c3c3c
      3106  {{{{{{{{{{{{{{{{  7b7b7b7b7b7b7b7b7b7b7b7b7b7b7b7b
       646  ,,,,,,,,,,,,,,,,  2c2c2c2c2c2c2c2c2c2c2c2c2c2c2c2c
       285  <<<<<<<<<<<<<<<,  3c3c3c3c3c3c3c3c3c3c3c3c3c3c3c2c
       273  <<<<<<<<<<<<<<,<  3c3c3c3c3c3c3c3c3c3c3c3c3c3c2c3c
       267  <<<<<<<<<<<<<,<<  3c3c3c3c3c3c3c3c3c3c3c3c3c2c3c3c
       267  ,<<<<<<<<<<<<<<<  2c3c3c3c3c3c3c3c3c3c3c3c3c3c3c3c
       262  <<<<<<<<<,<<<<<<  3c3c3c3c3c3c3c3c3c2c3c3c3c3c3c3c
       260  <<<<,<<<<<<<<<<<  3c3c3c3c2c3c3c3c3c3c3c3c3c3c3c3c
       257  <,<<<<<<<<<<<<<<  3c2c3c3c3c3c3c3c3c3c3c3c3c3c3c3c
# epoch 27850  H=2.2412 C=1.5760 HO=0.6488  A(t)=603
     13398  <<<<<<<<<<<<<<<<  3c3c3c3c3c3c3c3c3c3c3c3c3c3c3c3c
      2758  {{{{{{{{{{{{{{{{  7b7b7b7b7b7b7b7b7b7b7b7b7b7b7b7b
       593  ,,,,,,,,,,,,,,,,  2c2c2c2c2c2c2c2c2c2c2c2c2c2c2c2c
       329  <<<<<<<<<<<<<<<,  3c3c3c3c3c3c3c3c3c3c3c3c3c3c3c2c
       307  ,<<<<<<<<<<<<<<<  2c3c3c3c3c3c3c3c3c3c3c3c3c3c3c3c
       302  <<<<<<<<<<<<<<,<  3c3c3c3c3c3c3c3c3c3c3c3c3c3c2c3c
       299  <<<<<<<<<<<<<,<<  3c3c3c3c3c3c3c3c3c3c3c3c3c2c3c3c
       297  <,<<<<<<<<<<<<<<  3c2c3c3c3c3c3c3c3c3c3c3c3c3c3c3c
       293  <<<<<<<<<<<<,<<<  3c3c3c3c3c3c3c3c3c3c3c3c2c3c3c3c
       291  <<,<<<<<<<<<<<<<  3c3c2c3c3c3c3c3c3c3c3c3c3c3c3c3c
# epoch 27900  H=2.2849 C=1.6055 HO=0.6646  A(t)=608
     11943  <<<<<<<<<<<<<<<<  3c3c3c3c3c3c3c3c3c3c3c3c3c3c3c3c
      2578  {{{{{{{{{{{{{{{{  7b7b7b7b7b7b7b7b7b7b7b7b7b7b7b7b
       616  ,,,,,,,,,,,,,,,,  2c2c2c2c2c2c2c2c2c2c2c2c2c2c2c2c
       320  <<<<<<<<<<<<<<<,  3c3c3c3c3c3c3c3c3c3c3c3c3c3c3c2c
       305  ,<<<<<<<<<<<<<<<  2c3c3c3c3c3c3c3c3c3c3c3c3c3c3c3c
       298  <<<,<<<<<<<<<<<<  3c3c3c2c3c3c3c3c3c3c3c3c3c3c3c3c
       297  <<<<<<,<<<<<<<<<  3c3c3c3c3c3c2c3c3c3c3c3c3c3c3c3c
       297  <,<<<<<<<<<<<<<<  3c2c3c3c3c3c3c3c3c3c3c3c3c3c3c3c
       296  <<<<<<<,<<<<<<<<  3c3c3c3c3c3c3c2c3c3c3c3c3c3c3c3c
       295  <<<<<<<<<<<<<<,<  3c3c3c3c3c3c3c3c3c3c3c3c3c3c2c3c
# epoch 27950  H=2.3344 C=1.6687 HO=0.6512  A(t)=608
     12475  <<<<<<<<<<<<<<<<  3c3c3c3c3c3c3c3c3c3c3c3c3c3c3c3c
      2566  {{{{{{{{{{{{{{{{  7b7b7b7b7b7b7b7b7b7b7b7b7b7b7b7b
       603  ,,,,,,,,,,,,,,,,  2c2c2c2c2c2c2c2c2c2c2c2c2c2c2c2c
       321  <<<<<<<<<<<<<<<,  3c3c3c3c3c3c3c3c3c3c3c3c3c3c3c2c
       298  <<<<<<<<<<<<<<,<  3c3c3c3c3c3c3c3c3c3c3c3c3c3c2c3c
       293  <,<<<<<<<<<<<<<<  3c2c3c3c3c3c3c3c3c3c3c3c3c3c3c3c
       292  ,<<<<<<<<<<<<<<<  2c3c3c3c3c3c3c3c3c3c3c3c3c3c3c3c
       289  <<,<<<<<<<<<<<<<  3c3c2c3c3c3c3c3c3c3c3c3c3c3c3c3c
       287  <<<<<<<<<<<<<,<<  3c3c3c3c3c3c3c3c3c3c3c3c3c2c3c3c
       282  <<<<<<<<<<<,<<<<  3c3c3c3c3c3c3c3c3c3c3c2c3c3c3c3c
# epoch 28000  H=2.4347 C=1.7709 HO=0.6542  A(t)=608
     12116  <<<<<<<<<<<<<<<<  3c3c3c3c3c3c3c3c3c3c3c3c3c3c3c3c
      2062  {{{{{{{{{{{{{{{{  7b7b7b7b7b7b7b7b7b7b7b7b7b7b7b7b
       547  ,,,,,,,,,,,,,,,,  2c2c2c2c2c2c2c2c2c2c2c2c2c2c2c2c
       294  <<<<<<<<<<<<<<<,  3c3c3c3c3c3c3c3c3c3c3c3c3c3c3c2c
       292  ,<<<<<<<<<<<<<<<  2c3c3c3c3c3c3c3c3c3c3c3c3c3c3c3c
       290  <<<<<<<<<<<<<<,<  3c3c3c3c3c3c3c3c3c3c3c3c3c3c2c3c
       290  <<<<<<<<<<<<<,<<  3c3c3c3c3c3c3c3c3c3c3c3c3c2c3c3c
       281  <<<<<<<<<<<,<<<<  3c3c3c3c3c3c3c3c3c3c3c2c3c3c3c3c
       280  <<<<<<<<<<,<<<<<  3c3c3c3c3c3c3c3c3c3c2c3c3c3c3c3c
       279  <<,<<<<<<<<<<<<<  3c3c2c3c3c3c3c3c3c3c3c3c3c3c3c3c
# epoch 28050  H=2.3453 C=1.7395 HO=0.6073  A(t)=608
     13619  <<<<<<<<<<<<<<<<  3c3c3c3c3c3c3c3c3c3c3c3c3c3c3c3c
      2588  {{{{{{{{{{{{{{{{  7b7b7b7b7b7b7b7b7b7b7b7b7b7b7b7b
       316  <<<<<<<<<<<<<<<,  3c3c3c3c3c3c3c3c3c3c3c3c3c3c3c2c
       313  <<<<<<<<<<<<<<,<  3c3c3c3c3c3c3c3c3c3c3c3c3c3c2c3c
       310  <<<<,<<<<<<<<<<<  3c3c3c3c2c3c3c3c3c3c3c3c3c3c3c3c
       309  <<<<<<,<<<<<<<<<  3c3c3c3c3c3c2c3c3c3c3c3c3c3c3c3c
       308  <<<<<,<<<<<<<<<<  3c3c3c3c3c2c3c3c3c3c3c3c3c3c3c3c
       306  <,<<<<<<<<<<<<<<  3c2c3c3c3c3c3c3c3c3c3c3c3c3c3c3c
       305  <<<<<<<<<<<<<,<<  3c3c3c3c3c3c3c3c3c3c3c3c3c2c3c3c
       302  <<,<<<<<<<<<<<<<  3c3c2c3c3c3c3c3c3c3c3c3c3c3c3c3c
# epoch 28100  H=2.4565 C=1.7878 HO=0.6852  A(t)=608
     12270  <<<<<<<<<<<<<<<<  3c3c3c3c3c3c3c3c3c3c3c3c3c3c3c3c
      2350  {{{{{{{{{{{{{{{{  7b7b7b7b7b7b7b7b7b7b7b7b7b7b7b7b
       464  ,,,,,,,,,,,,,,,,  2c2c2c2c2c2c2c2c2c2c2c2c2c2c2c2c
       353  <<<<<<<<<<<<<<<,  3c3c3c3c3c3c3c3c3c3c3c3c3c3c3c2c
       341  ,<<<<<<<<<<<<<<<  2c3c3c3c3c3c3c3c3c3c3c3c3c3c3c3c
       321  <<<<<<<<<<<<<<,<  3c3c3c3c3c3c3c3c3c3c3c3c3c3c2c3c
       321  <,<<<<<<<<<<<<<<  3c2c3c3c3c3c3c3c3c3c3c3c3c3c3c3c
       311  <<,<<<<<<<<<<<<<  3c3c2c3c3c3c3c3c3c3c3c3c3c3c3c3c
       308  <<<<<<<,<<<<<<<<  3c3c3c3c3c3c3c2c3c3c3c3c3c3c3c3c
       307  <<<<<,<<<<<<<<<<  3c3c3c3c3c2c3c3c3c3c3c3c3c3c3c3c
# epoch 28150  H=2.5129 C=1.8507 HO=0.6790  A(t)=608
     12289  <<<<<<<<<<<<<<<<  3c3c3c3c3c3c3c3c3c3c3c3c3c3c3c3c
      1973  {{{{{{{{{{{{{{{{  7b7b7b7b7b7b7b7b7b7b7b7b7b7b7b7b
       315  <<<<<<<<<<<<<<<,  3c3c3c3c3c3c3c3c3c3c3c3c3c3c3c2c
       314  <<<<<<<<<<<<<<,<  3c3c3c3c3c3c3c3c3c3c3c3c3c3c2c3c
       313  <<<<<<<<<<<<<,<<  3c3c3c3c3c3c3c3c3c3c3c3c3c2c3c3c
       312  <<,<<<<<<<<<<<<<  3c3c2c3c3c3c3c3c3c3c3c3c3c3c3c3c
       308  ,<<<<<<<<<<<<<<<  2c3c3c3c3c3c3c3c3c3c3c3c3c3c3c3c
       304  <,<<<<<<<<<<<<<<  3c2c3c3c3c3c3c3c3c3c3c3c3c3c3c3c
       302  <<<,<<<<<<<<<<<<  3c3c3c2c3c3c3c3c3c3c3c3c3c3c3c3c
       295  <<<<<<<<<<<<,<<<  3c3c3c3c3c3c3c3c3c3c3c3c2c3c3c3c
# epoch 28200  H=2.5429 C=1.8152 HO=0.7381  A(t)=608
     12491  <<<<<<<<<<<<<<<<  3c3c3c3c3c3c3c3c3c3c3c3c3c3c3c3c
      2121  {{{{{{{{{{{{{{{{  7b7b7b7b7b7b7b7b7b7b7b7b7b7b7b7b
       555  ,,,,,,,,,,,,,,,,  2c2c2c2c2c2c2c2c2c2c2c2c2c2c2c2c
       312  <<<<<<<<<<<<<<<,  3c3c3c3c3c3c3c3c3c3c3c3c3c3c3c2c
       308  ,<<<<<<<<<<<<<<<  2c3c3c3c3c3c3c3c3c3c3c3c3c3c3c3c
       287  <<<,<<<<<<<<<<<<  3c3c3c2c3c3c3c3c3c3c3c3c3c3c3c3c
       284  <<,<<<<<<<<<<<<<  3c3c2c3c3c3c3c3c3c3c3c3c3c3c3c3c
       282  <,<<<<<<<<<<<<<<  3c2c3c3c3c3c3c3c3c3c3c3c3c3c3c3c
       278  <<<<,<<<<<<<<<<<  3c3c3c3c2c3c3c3c3c3c3c3c3c3c3c3c
       276  <<<<<<<<<<<<<,<<  3c3c3c3c3c3c3c3c3c3c3c3c3c2c3c3c
# epoch 28250  H=2.6172 C=1.9001 HO=0.7453  A(t)=608
     11873  <<<<<<<<<<<<<<<<  3c3c3c3c3c3c3c3c3c3c3c3c3c3c3c3c
      2130  {{{{{{{{{{{{{{{{  7b7b7b7b7b7b7b7b7b7b7b7b7b7b7b7b
       738  ,,,,,,,,,,,,,,,,  2c2c2c2c2c2c2c2c2c2c2c2c2c2c2c2c
       291  <<<<<<<<<<<<<<<,  3c3c3c3c3c3c3c3c3c3c3c3c3c3c3c2c
       281  <<,<<<<<<<<<<<<<  3c3c2c3c3c3c3c3c3c3c3c3c3c3c3c3c
       280  <<<<<<<<<<<<<<,<  3c3c3c3c3c3c3c3c3c3c3c3c3c3c2c3c
       279  <<<<<<<<<<<<<,<<  3c3c3c3c3c3c3c3c3c3c3c3c3c2c3c3c
       278  <,<<<<<<<<<<<<<<  3c2c3c3c3c3c3c3c3c3c3c3c3c3c3c3c
       276  <<<<<<<<<<,<<<<<  3c3c3c3c3c3c3c3c3c3c2c3c3c3c3c3c
       276  ,<<<<<<<<<<<<<<<  2c3c3c3c3c3c3c3c3c3c3c3c3c3c3c3c
# epoch 28300  H=2.6457 C=1.8878 HO=0.7622  A(t)=608
     11363  <<<<<<<<<<<<<<<<  3c3c3c3c3c3c3c3c3c3c3c3c3c3c3c3c
      2066  {{{{{{{{{{{{{{{{  7b7b7b7b7b7b7b7b7b7b7b7b7b7b7b7b
       747  ,,,,,,,,,,,,,,,,  2c2c2c2c2c2c2c2c2c2c2c2c2c2c2c2c
       287  <<<<<<<<<<<<<<<,  3c3c3c3c3c3c3c3c3c3c3c3c3c3c3c2c
       273  ,<<<<<<<<<<<<<<<  2c3c3c3c3c3c3c3c3c3c3c3c3c3c3c3c
       258  <<<<<<<<<<<<<<,<  3c3c3c3c3c3c3c3c3c3c3c3c3c3c2c3c
       256  <,<<<<<<<<<<<<<<  3c2c3c3c3c3c3c3c3c3c3c3c3c3c3c3c
       246  <<<,<<<<<<<<<<<<  3c3c3c2c3c3c3c3c3c3c3c3c3c3c3c3c
       245  <<,<<<<<<<<<<<<<  3c3c2c3c3c3c3c3c3c3c3c3c3c3c3c3c
       243  <<<<<<<<<<<<<,<<  3c3c3c3c3c3c3c3c3c3c3c3c3c2c3c3c
# epoch 28350  H=2.4953 C=1.8218 HO=0.6782  A(t)=608
     11099  <<<<<<<<<<<<<<<<  3c3c3c3c3c3c3c3c3c3c3c3c3c3c3c3c
      3157  {{{{{{{{{{{{{{{{  7b7b7b7b7b7b7b7b7b7b7b7b7b7b7b7b
       484  ,,,,,,,,,,,,,,,,  2c2c2c2c2c2c2c2c2c2c2c2c2c2c2c2c
       296  <<<<<<<<<<<<<<<,  3c3c3c3c3c3c3c3c3c3c3c3c3c3c3c2c
       283  <<<<<<<<<<<<<<,<  3c3c3c3c3c3c3c3c3c3c3c3c3c3c2c3c
       280  ,<<<<<<<<<<<<<<<  2c3c3c3c3c3c3c3c3c3c3c3c3c3c3c3c
       268  <<<<<<<<<<<<<,<<  3c3c3c3c3c3c3c3c3c3c3c3c3c2c3c3c
       266  <,<<<<<<<<<<<<<<  3c2c3c3c3c3c3c3c3c3c3c3c3c3c3c3c
       265  <<<<<<<<<,<<<<<<  3c3c3c3c3c3c3c3c3c2c3c3c3c3c3c3c
       264  <<,<<<<<<<<<<<<<  3c3c2c3c3c3c3c3c3c3c3c3c3c3c3c3c
# epoch 28400  H=2.5142 C=1.7917 HO=0.7218  A(t)=608
     11416  <<<<<<<<<<<<<<<<  3c3c3c3c3c3c3c3c3c3c3c3c3c3c3c3c
      3272  {{{{{{{{{{{{{{{{  7b7b7b7b7b7b7b7b7b7b7b7b7b7b7b7b
       738  ,,,,,,,,,,,,,,,,  2c2c2c2c2c2c2c2c2c2c2c2c2c2c2c2c
       284  <<<<<<<<<<<<<<<,  3c3c3c3c3c3c3c3c3c3c3c3c3c3c3c2c
       264  ,<<<<<<<<<<<<<<<  2c3c3c3c3c3c3c3c3c3c3c3c3c3c3c3c
       260  <<<<<<<<<<<<<<,<  3c3c3c3c3c3c3c3c3c3c3c3c3c3c2c3c
       247  <,<<<<<<<<<<<<<<  3c2c3c3c3c3c3c3c3c3c3c3c3c3c3c3c
       246  <<<<<<<<<<<<<,<<  3c3c3c3c3c3c3c3c3c3c3c3c3c2c3c3c
       244  <<,<<<<<<<<<<<<<  3c3c2c3c3c3c3c3c3c3c3c3c3c3c3c3c
       235  <<<,<<<<<<<<<<<<  3c3c3c2c3c3c3c3c3c3c3c3c3c3c3c3c
# epoch 28450  H=2.5434 C=1.8741 HO=0.6771  A(t)=608
     11287  <<<<<<<<<<<<<<<<  3c3c3c3c3c3c3c3c3c3c3c3c3c3c3c3c
      2327  {{{{{{{{{{{{{{{{  7b7b7b7b7b7b7b7b7b7b7b7b7b7b7b7b
       524  ,,,,,,,,,,,,,,,,  2c2c2c2c2c2c2c2c2c2c2c2c2c2c2c2c
       298  <<<<<<<<<<<<<<<,  3c3c3c3c3c3c3c3c3c3c3c3c3c3c3c2c
       283  <<<<<<<<<<<,<<<<  3c3c3c3c3c3c3c3c3c3c3c2c3c3c3c3c
       281  ,<<<<<<<<<<<<<<<  2c3c3c3c3c3c3c3c3c3c3c3c3c3c3c3c
       280  <<<<<<<<<<<<<<,<  3c3c3c3c3c3c3c3c3c3c3c3c3c3c2c3c
       278  <<<<<<<<<<<<,<<<  3c3c3c3c3c3c3c3c3c3c3c3c2c3c3c3c
       277  <<<<<<<<<<<<<,<<  3c3c3c3c3c3c3c3c3c3c3c3c3c2c3c3c
       273  <<<<<<<<<<,<<<<<  3c3c3c3c3c3c3c3c3c3c2c3c3c3c3c3c
# epoch 28500  H=2.6060 C=1.9152 HO=0.6987  A(t)=608
     11357  <<<<<<<<<<<<<<<<  3c3c3c3c3c3c3c3c3c3c3c3c3c3c3c3c
      3693  {{{{{{{{{{{{{{{{  7b7b7b7b7b7b7b7b7b7b7b7b7b7b7b7b
       590  ,,,,,,,,,,,,,,,,  2c2c2c2c2c2c2c2c2c2c2c2c2c2c2c2c
       275  <<<<<<<<<<<<<<<,  3c3c3c3c3c3c3c3c3c3c3c3c3c3c3c2c
       271  <<<<<<<<<<<<<<,<  3c3c3c3c3c3c3c3c3c3c3c3c3c3c2c3c
       263  <<<<<<<<<<<<<,<<  3c3c3c3c3c3c3c3c3c3c3c3c3c2c3c3c
       256  ,<<<<<<<<<<<<<<<  2c3c3c3c3c3c3c3c3c3c3c3c3c3c3c3c
       249  <<,<<<<<<<<<<<<<  3c3c2c3c3c3c3c3c3c3c3c3c3c3c3c3c
       248  <,<<<<<<<<<<<<<<  3c2c3c3c3c3c3c3c3c3c3c3c3c3c3c3c
       241  <<<<<<<<<<<<,<<<  3c3c3c3c3c3c3c3c3c3c3c3c2c3c3c3c
# epoch 28550  H=2.6971 C=1.9860 HO=0.7183  A(t)=608
     11175  <<<<<<<<<<<<<<<<  3c3c3c3c3c3c3c3c3c3c3c3c3c3c3c3c
      3246  {{{{{{{{{{{{{{{{  7b7b7b7b7b7b7b7b7b7b7b7b7b7b7b7b
       747  ,,,,,,,,,,,,,,,,  2c2c2c2c2c2c2c2c2c2c2c2c2c2c2c2c
       230  <<<<<<<<<<<<<<<,  3c3c3c3c3c3c3c3c3c3c3c3c3c3c3c2c
       219  ,<<<<<<<<<<<<<<<  2c3c3c3c3c3c3c3c3c3c3c3c3c3c3c3c
       218  <<<<<<<<<<<<<<,<  3c3c3c3c3c3c3c3c3c3c3c3c3c3c2c3c
       215  <<<<<<<<<<<<<,<<  3c3c3c3c3c3c3c3c3c3c3c3c3c2c3c3c
       211  <,<<<<<<<<<<<<<<  3c2c3c3c3c3c3c3c3c3c3c3c3c3c3c3c
       208  <<,<<<<<<<<<<<<<  3c3c2c3c3c3c3c3c3c3c3c3c3c3c3c3c
       206  <<<<<<<<<<<<,<<<  3c3c3c3c3c3c3c3c3c3c3c3c2c3c3c3c
# epoch 28600  H=2.6816 C=1.9912 HO=0.6998  A(t)=608
     10581  <<<<<<<<<<<<<<<<  3c3c3c3c3c3c3c3c3c3c3c3c3c3c3c3c
      2733  {{{{{{{{{{{{{{{{  7b7b7b7b7b7b7b7b7b7b7b7b7b7b7b7b
       365  ,,,,,,,,,,,,,,,,  2c2c2c2c2c2c2c2c2c2c2c2c2c2c2c2c
       277  <<<<<<<<<<<<<<<,  3c3c3c3c3c3c3c3c3c3c3c3c3c3c3c2c
       273  ,<<<<<<<<<<<<<<<  2c3c3c3c3c3c3c3c3c3c3c3c3c3c3c3c
       260  <,<<<<<<<<<<<<<<  3c2c3c3c3c3c3c3c3c3c3c3c3c3c3c3c
       258  <<<<<<<<<<<<<<,<  3c3c3c3c3c3c3c3c3c3c3c3c3c3c2c3c
       258  <<,<<<<<<<<<<<<<  3c3c2c3c3c3c3c3c3c3c3c3c3c3c3c3c
       241  <<<,<<<<<<<<<<<<  3c3c3c2c3c3c3c3c3c3c3c3c3c3c3c3c
       234  <<<<,<<<<<<<<<<<  3c3c3c3c2c3c3c3c3c3c3c3c3c3c3c3c
# epoch 28650  H=2.6552 C=1.9869 HO=0.6816  A(t)=608
     11703  <<<<<<<<<<<<<<<<  3c3c3c3c3c3c3c3c3c3c3c3c3c3c3c3c
      2595  {{{{{{{{{{{{{{{{  7b7b7b7b7b7b7b7b7b7b7b7b7b7b7b7b
       310  <<<<<<<<<<<<<<<,  3c3c3c3c3c3c3c3c3c3c3c3c3c3c3c2c
       291  <<<<<<<<<<<<<<,<  3c3c3c3c3c3c3c3c3c3c3c3c3c3c2c3c
       288  ,<<<<<<<<<<<<<<<  2c3c3c3c3c3c3c3c3c3c3c3c3c3c3c3c
       282  <<<<<<<<<<<<,<<<  3c3c3c3c3c3c3c3c3c3c3c3c2c3c3c3c
       281  <,<<<<<<<<<<<<<<  3c2c3c3c3c3c3c3c3c3c3c3c3c3c3c3c
       277  <<<<<<<<<<<<<,<<  3c3c3c3c3c3c3c3c3c3c3c3c3c2c3c3c
       266  <<<<<<<<<<<,<<<<  3c3c3c3c3c3c3c3c3c3c3c2c3c3c3c3c
       266  <<,<<<<<<<<<<<<<  3c3c2c3c3c3c3c3c3c3c3c3c3c3c3c3c
# epoch 28700  H=2.6943 C=2.0289 HO=0.6854  A(t)=610
     11370  <<<<<<<<<<<<<<<<  3c3c3c3c3c3c3c3c3c3c3c3c3c3c3c3c
      2745  {{{{{{{{{{{{{{{{  7b7b7b7b7b7b7b7b7b7b7b7b7b7b7b7b
       312  <<<<<<<<<<<<<<<,  3c3c3c3c3c3c3c3c3c3c3c3c3c3c3c2c
       299  <<<<<<<<<<<<<<,<  3c3c3c3c3c3c3c3c3c3c3c3c3c3c2c3c
       296  ,<<<<<<<<<<<<<<<  2c3c3c3c3c3c3c3c3c3c3c3c3c3c3c3c
       280  <<<<<<<<<<<<<,<<  3c3c3c3c3c3c3c3c3c3c3c3c3c2c3c3c
       279  <,<<<<<<<<<<<<<<  3c2c3c3c3c3c3c3c3c3c3c3c3c3c3c3c
       272  <<,<<<<<<<<<<<<<  3c3c2c3c3c3c3c3c3c3c3c3c3c3c3c3c
       265  <<<<<<<<<<<<,<<<  3c3c3c3c3c3c3c3c3c3c3c3c2c3c3c3c
       263  <<<,<<<<<<<<<<<<  3c3c3c2c3c3c3c3c3c3c3c3c3c3c3c3c
# epoch 28750  H=2.6459 C=1.9720 HO=0.6885  A(t)=610
     10998  <<<<<<<<<<<<<<<<  3c3c3c3c3c3c3c3c3c3c3c3c3c3c3c3c
      2642  {{{{{{{{{{{{{{{{  7b7b7b7b7b7b7b7b7b7b7b7b7b7b7b7b
       262  <<<<<<<<<<<<<<<,  3c3c3c3c3c3c3c3c3c3c3c3c3c3c3c2c
       249  ,<<<<<<<<<<<<<<<  2c3c3c3c3c3c3c3c3c3c3c3c3c3c3c3c
       245  <<<<<<<<<<<<<<,<  3c3c3c3c3c3c3c3c3c3c3c3c3c3c2c3c
       241  <<<<<<<,<<<<<<<<  3c3c3c3c3c3c3c2c3c3c3c3c3c3c3c3c
       237  <<<<<<<<<,<<<<<<  3c3c3c3c3c3c3c3c3c2c3c3c3c3c3c3c
       237  <<<<<<<<,<<<<<<<  3c3c3c3c3c3c3c3c2c3c3c3c3c3c3c3c
       236  <<<<,<<<<<<<<<<<  3c3c3c3c2c3c3c3c3c3c3c3c3c3c3c3c
       235  <<<<<<<<<<<<<,<<  3c3c3c3c3c3c3c3c3c3c3c3c3c2c3c3c
# epoch 28800  H=2.6681 C=1.9966 HO=0.6850  A(t)=610
     10838  <<<<<<<<<<<<<<<<  3c3c3c3c3c3c3c3c3c3c3c3c3c3c3c3c
      2245  {{{{{{{{{{{{{{{{  7b7b7b7b7b7b7b7b7b7b7b7b7b7b7b7b
       271  <<<<<<<<<<<<<<<,  3c3c3c3c3c3c3c3c3c3c3c3c3c3c3c2c
       247  <<<<<<<<<<<<<<,<  3c3c3c3c3c3c3c3c3c3c3c3c3c3c2c3c
       247  ,<<<<<<<<<<<<<<<  2c3c3c3c3c3c3c3c3c3c3c3c3c3c3c3c
       237  <,<<<<<<<<<<<<<<  3c2c3c3c3c3c3c3c3c3c3c3c3c3c3c3c
       234  <<<<<<<<<<<<<,<<  3c3c3c3c3c3c3c3c3c3c3c3c3c2c3c3c
       228  <<,<<<<<<<<<<<<<  3c3c2c3c3c3c3c3c3c3c3c3c3c3c3c3c
       226  <<<<<<<<<<<<,<<<  3c3c3c3c3c3c3c3c3c3c3c3c2c3c3c3c
       221  <<<,<<<<<<<<<<<<  3c3c3c2c3c3c3c3c3c3c3c3c3c3c3c3c
# epoch 28850  H=2.4995 C=1.8486 HO=0.6500  A(t)=610
     11825  <<<<<<<<<<<<<<<<  3c3c3c3c3c3c3c3c3c3c3c3c3c3c3c3c
      2665  {{{{{{{{{{{{{{{{  7b7b7b7b7b7b7b7b7b7b7b7b7b7b7b7b
       821  ,,,,,,,,,,,,,,,,  2c2c2c2c2c2c2c2c2c2c2c2c2c2c2c2c
       333  <<<<<<<<<<<<<<<,  3c3c3c3c3c3c3c3c3c3c3c3c3c3c3c2c
       312  <<<<<<<<<<<<<<,<  3c3c3c3c3c3c3c3c3c3c3c3c3c3c2c3c
       301  ,<<<<<<<<<<<<<<<  2c3c3c3c3c3c3c3c3c3c3c3c3c3c3c3c
       298  <<<<<<<<<<<<<,<<  3c3c3c3c3c3c3c3c3c3c3c3c3c2c3c3c
       297  <<<<<<<<<<<<,<<<  3c3c3c3c3c3c3c3c3c3c3c3c2c3c3c3c
       296  <,<<<<<<<<<<<<<<  3c2c3c3c3c3c3c3c3c3c3c3c3c3c3c3c
       291  <<<<<<<<<<<,<<<<  3c3c3c3c3c3c3c3c3c3c3c2c3c3c3c3c
# epoch 28900  H=2.5233 C=1.8820 HO=0.6521  A(t)=610
     11259  <<<<<<<<<<<<<<<<  3c3c3c3c3c3c3c3c3c3c3c3c3c3c3c3c
      2465  {{{{{{{{{{{{{{{{  7b7b7b7b7b7b7b7b7b7b7b7b7b7b7b7b
       321  ,,,,,,,,,,,,,,,,  2c2c2c2c2c2c2c2c2c2c2c2c2c2c2c2c
       300  <<<<<<<<<<<<<<<,  3c3c3c3c3c3c3c3c3c3c3c3c3c3c3c2c
       296  <<<<<<<<<<<<<<,<  3c3c3c3c3c3c3c3c3c3c3c3c3c3c2c3c
       289  <<<<<<<<<<<<,<<<  3c3c3c3c3c3c3c3c3c3c3c3c2c3c3c3c
       284  <<<<<<<<<<<<<,<<  3c3c3c3c3c3c3c3c3c3c3c3c3c2c3c3c
       282  <<<<<<<<<<<,<<<<  3c3c3c3c3c3c3c3c3c3c3c2c3c3c3c3c
       281  <<<<<<<<<<,<<<<<  3c3c3c3c3c3c3c3c3c3c2c3c3c3c3c3c
       279  <<<<<<<<<,<<<<<<  3c3c3c3c3c3c3c3c3c2c3c3c3c3c3c3c
# epoch 28950  H=2.6173 C=1.9608 HO=0.6699  A(t)=610
     11577  <<<<<<<<<<<<<<<<  3c3c3c3c3c3c3c3c3c3c3c3c3c3c3c3c
      2726  {{{{{{{{{{{{{{{{  7b7b7b7b7b7b7b7b7b7b7b7b7b7b7b7b
       271  <<<<<<<<<<<<<<<,  3c3c3c3c3c3c3c3c3c3c3c3c3c3c3c2c
       271  <,<<<<<<<<<<<<<<  3c2c3c3c3c3c3c3c3c3c3c3c3c3c3c3c
       268  ,<<<<<<<<<<<<<<<  2c3c3c3c3c3c3c3c3c3c3c3c3c3c3c3c
       266  <<<<<<<<<<<<<<,<  3c3c3c3c3c3c3c3c3c3c3c3c3c3c2c3c
       263  <<,<<<<<<<<<<<<<  3c3c2c3c3c3c3c3c3c3c3c3c3c3c3c3c
       261  <<<<<<<,<<<<<<<<  3c3c3c3c3c3c3c2c3c3c3c3c3c3c3c3c
       259  <<<<<<<<,<<<<<<<  3c3c3c3c3c3c3c3c2c3c3c3c3c3c3c3c
       258  <<<<<<,<<<<<<<<<  3c3c3c3c3c3c2c3c3c3c3c3c3c3c3c3c
# epoch 29000  H=2.6259 C=1.9333 HO=0.6980  A(t)=610
     10776  <<<<<<<<<<<<<<<<  3c3c3c3c3c3c3c3c3c3c3c3c3c3c3c3c
      2423  {{{{{{{{{{{{{{{{  7b7b7b7b7b7b7b7b7b7b7b7b7b7b7b7b
       421  ,,,,,,,,,,,,,,,,  2c2c2c2c2c2c2c2c2c2c2c2c2c2c2c2c
       303  <<<<<<<<<<<<<<<,  3c3c3c3c3c3c3c3c3c3c3c3c3c3c3c2c
       282  ,<<<<<<<<<<<<<<<  2c3c3c3c3c3c3c3c3c3c3c3c3c3c3c3c
       278  <<<<<<<<<<<<<<,<  3c3c3c3c3c3c3c3c3c3c3c3c3c3c2c3c
       268  <<<<<<<<<<<<<,<<  3c3c3c3c3c3c3c3c3c3c3c3c3c2c3c3c
       268  <<<,<<<<<<<<<<<<  3c3c3c2c3c3c3c3c3c3c3c3c3c3c3c3c
       268  <,<<<<<<<<<<<<<<  3c2c3c3c3c3c3c3c3c3c3c3c3c3c3c3c
       266  <<,<<<<<<<<<<<<<  3c3c2c3c3c3c3c3c3c3c3c3c3c3c3c3c
# epoch 29050  H=2.6194 C=1.8726 HO=0.7492  A(t)=610
     10554  <<<<<<<<<<<<<<<<  3c3c3c3c3c3c3c3c3c3c3c3c3c3c3c3c
      2872  {{{{{{{{{{{{{{{{  7b7b7b7b7b7b7b7b7b7b7b7b7b7b7b7b
       805  ,,,,,,,,,,,,,,,,  2c2c2c2c2c2c2c2c2c2c2c2c2c2c2c2c
       260  <<<<<<<<<<<<<<<,  3c3c3c3c3c3c3c3c3c3c3c3c3c3c3c2c
       260  ,<<<<<<<<<<<<<<<  2c3c3c3c3c3c3c3c3c3c3c3c3c3c3c3c
       259  <<,<<<<<<<<<<<<<  3c3c2c3c3c3c3c3c3c3c3c3c3c3c3c3c
       258  <,<<<<<<<<<<<<<<  3c2c3c3c3c3c3c3c3c3c3c3c3c3c3c3c
       248  <<<,<<<<<<<<<<<<  3c3c3c2c3c3c3c3c3c3c3c3c3c3c3c3c
       245  <<<<<<<<<<<<<<,<  3c3c3c3c3c3c3c3c3c3c3c3c3c3c2c3c
       244  <<<<<<<<<<<<<,<<  3c3c3c3c3c3c3c3c3c3c3c3c3c2c3c3c
# epoch 29100  H=2.5209 C=1.8385 HO=0.6823  A(t)=610
     11881  <<<<<<<<<<<<<<<<  3c3c3c3c3c3c3c3c3c3c3c3c3c3c3c3c
      2512  {{{{{{{{{{{{{{{{  7b7b7b7b7b7b7b7b7b7b7b7b7b7b7b7b
       329  ,,,,,,,,,,,,,,,,  2c2c2c2c2c2c2c2c2c2c2c2c2c2c2c2c
       325  <<<<<<<<<<<<<<<,  3c3c3c3c3c3c3c3c3c3c3c3c3c3c3c2c
       308  <<<<<<<<<<<<<<,<  3c3c3c3c3c3c3c3c3c3c3c3c3c3c2c3c
       294  ,<<<<<<<<<<<<<<<  2c3c3c3c3c3c3c3c3c3c3c3c3c3c3c3c
       292  <<<<<<<<<<<<<,<<  3c3c3c3c3c3c3c3c3c3c3c3c3c2c3c3c
       281  <,<<<<<<<<<<<<<<  3c2c3c3c3c3c3c3c3c3c3c3c3c3c3c3c
       278  <<,<<<<<<<<<<<<<  3c3c2c3c3c3c3c3c3c3c3c3c3c3c3c3c
       271  <<<<<<<<<<<<,<<<  3c3c3c3c3c3c3c3c3c3c3c3c2c3c3c3c
# epoch 29150  H=2.3984 C=1.7477 HO=0.6407  A(t)=610
     12495  <<<<<<<<<<<<<<<<  3c3c3c3c3c3c3c3c3c3c3c3c3c3c3c3c
      2420  {{{{{{{{{{{{{{{{  7b7b7b7b7b7b7b7b7b7b7b7b7b7b7b7b
       311  ,,,,,,,,,,,,,,,,  2c2c2c2c2c2c2c2c2c2c2c2c2c2c2c2c
       296  <<<<<<<<<<<<<<<,  3c3c3c3c3c3c3c3c3c3c3c3c3c3c3c2c
       291  ,<<<<<<<<<<<<<<<  2c3c3c3c3c3c3c3c3c3c3c3c3c3c3c3c
       285  <<<<<<<<<<<<<<,<  3c3c3c3c3c3c3c3c3c3c3c3c3c3c2c3c
       277  <,<<<<<<<<<<<<<<  3c2c3c3c3c3c3c3c3c3c3c3c3c3c3c3c
       275  <<<<<<<<<<<<<,<<  3c3c3c3c3c3c3c3c3c3c3c3c3c2c3c3c
       271  <<<<,<<<<<<<<<<<  3c3c3c3c2c3c3c3c3c3c3c3c3c3c3c3c
       267  <<<<<,<<<<<<<<<<  3c3c3c3c3c2c3c3c3c3c3c3c3c3c3c3c
# epoch 29200  H=2.3887 C=1.7245 HO=0.6557  A(t)=610
     12064  <<<<<<<<<<<<<<<<  3c3c3c3c3c3c3c3c3c3c3c3c3c3c3c3c
      2692  {{{{{{{{{{{{{{{{  7b7b7b7b7b7b7b7b7b7b7b7b7b7b7b7b
       565  ,,,,,,,,,,,,,,,,  2c2c2c2c2c2c2c2c2c2c2c2c2c2c2c2c
       334  <<<<<<<<<<<<<<<,  3c3c3c3c3c3c3c3c3c3c3c3c3c3c3c2c
       316  <<<<<<<<<<<<<<,<  3c3c3c3c3c3c3c3c3c3c3c3c3c3c2c3c
       316  ,<<<<<<<<<<<<<<<  2c3c3c3c3c3c3c3c3c3c3c3c3c3c3c3c
       307  <,<<<<<<<<<<<<<<  3c2c3c3c3c3c3c3c3c3c3c3c3c3c3c3c
       304  <<<<<<<<<<<<<,<<  3c3c3c3c3c3c3c3c3c3c3c3c3c2c3c3c
       291  <<,<<<<<<<<<<<<<  3c3c2c3c3c3c3c3c3c3c3c3c3c3c3c3c
       288  <<<<<<<<<<<<,<<<  3c3c3c3c3c3c3c3c3c3c3c3c2c3c3c3c
# epoch 29250  H=2.4608 C=1.7852 HO=0.6708  A(t)=611
     10970  <<<<<<<<<<<<<<<<  3c3c3c3c3c3c3c3c3c3c3c3c3c3c3c3c
      2517  {{{{{{{{{{{{{{{{  7b7b7b7b7b7b7b7b7b7b7b7b7b7b7b7b
       584  ,,,,,,,,,,,,,,,,  2c2c2c2c2c2c2c2c2c2c2c2c2c2c2c2c
       277  <<<<<<<<<<<<<<<,  3c3c3c3c3c3c3c3c3c3c3c3c3c3c3c2c
       265  ,<<<<<<<<<<<<<<<  2c3c3c3c3c3c3c3c3c3c3c3c3c3c3c3c
       263  <<<<<<<<<<<<<<,<  3c3c3c3c3c3c3c3c3c3c3c3c3c3c2c3c
       258  <<<<<<<<<<<<<,<<  3c3c3c3c3c3c3c3c3c3c3c3c3c2c3c3c
       254  <<<<<<<,<<<<<<<<  3c3c3c3c3c3c3c2c3c3c3c3c3c3c3c3c
       251  <<<<<<,<<<<<<<<<  3c3c3c3c3c3c2c3c3c3c3c3c3c3c3c3c
       251  <<<,<<<<<<<<<<<<  3c3c3c2c3c3c3c3c3c3c3c3c3c3c3c3c
# epoch 29300  H=2.4307 C=1.7538 HO=0.6705  A(t)=611
     11933  <<<<<<<<<<<<<<<<  3c3c3c3c3c3c3c3c3c3c3c3c3c3c3c3c
      2380  {{{{{{{{{{{{{{{{  7b7b7b7b7b7b7b7b7b7b7b7b7b7b7b7b
       496  ,,,,,,,,,,,,,,,,  2c2c2c2c2c2c2c2c2c2c2c2c2c2c2c2c
       288  <<<<<<<<<<<<<<<,  3c3c3c3c3c3c3c3c3c3c3c3c3c3c3c2c
       283  ,<<<<<<<<<<<<<<<  2c3c3c3c3c3c3c3c3c3c3c3c3c3c3c3c
       267  <<<<<<<<<<<<<<,<  3c3c3c3c3c3c3c3c3c3c3c3c3c3c2c3c
       263  <<<<<<<,<<<<<<<<  3c3c3c3c3c3c3c2c3c3c3c3c3c3c3c3c
       263  <<<<<,<<<<<<<<<<  3c3c3c3c3c2c3c3c3c3c3c3c3c3c3c3c
       263  <,<<<<<<<<<<<<<<  3c2c3c3c3c3c3c3c3c3c3c3c3c3c3c3c
       262  <<<<<<,<<<<<<<<<  3c3c3c3c3c3c2c3c3c3c3c3c3c3c3c3c
# epoch 29350  H=2.4828 C=1.8313 HO=0.6600  A(t)=611
     11301  <<<<<<<<<<<<<<<<  3c3c3c3c3c3c3c3c3c3c3c3c3c3c3c3c
      2414  {{{{{{{{{{{{{{{{  7b7b7b7b7b7b7b7b7b7b7b7b7b7b7b7b
       396  ,,,,,,,,,,,,,,,,  2c2c2c2c2c2c2c2c2c2c2c2c2c2c2c2c
       349  <<<<<<<<<<<<<<<,  3c3c3c3c3c3c3c3c3c3c3c3c3c3c3c2c
       337  <<<<<<<<<<<<<<,<  3c3c3c3c3c3c3c3c3c3c3c3c3c3c2c3c
       332  ,<<<<<<<<<<<<<<<  2c3c3c3c3c3c3c3c3c3c3c3c3c3c3c3c
       324  <<<<<<<<<<<<<,<<  3c3c3c3c3c3c3c3c3c3c3c3c3c2c3c3c
       324  <<<<<<<<<<<<,<<<  3c3c3c3c3c3c3c3c3c3c3c3c2c3c3c3c
       321  <<<<,<<<<<<<<<<<  3c3c3c3c2c3c3c3c3c3c3c3c3c3c3c3c
       321  <<<,<<<<<<<<<<<<  3c3c3c2c3c3c3c3c3c3c3c3c3c3c3c3c
# epoch 29400  H=2.6206 C=1.9722 HO=0.6623  A(t)=611
     11200  <<<<<<<<<<<<<<<<  3c3c3c3c3c3c3c3c3c3c3c3c3c3c3c3c
      2874  {{{{{{{{{{{{{{{{  7b7b7b7b7b7b7b7b7b7b7b7b7b7b7b7b
       591  ,,,,,,,,,,,,,,,,  2c2c2c2c2c2c2c2c2c2c2c2c2c2c2c2c
       279  <<<<<<<<<<<<<<<,  3c3c3c3c3c3c3c3c3c3c3c3c3c3c3c2c
       253  ,<<<<<<<<<<<<<<<  2c3c3c3c3c3c3c3c3c3c3c3c3c3c3c3c
       252  <<<<<<<<<<<<<<,<  3c3c3c3c3c3c3c3c3c3c3c3c3c3c2c3c
       243  <<<<<<<<<<<<<,<<  3c3c3c3c3c3c3c3c3c3c3c3c3c2c3c3c
       243  <<,<<<<<<<<<<<<<  3c3c2c3c3c3c3c3c3c3c3c3c3c3c3c3c
       241  <,<<<<<<<<<<<<<<  3c2c3c3c3c3c3c3c3c3c3c3c3c3c3c3c
       238  <<<<<<,<<<<<<<<<  3c3c3c3c3c3c2c3c3c3c3c3c3c3c3c3c
# epoch 29450  H=2.8192 C=2.1207 HO=0.7109  A(t)=611
      9378  <<<<<<<<<<<<<<<<  3c3c3c3c3c3c3c3c3c3c3c3c3c3c3c3c
      2850  {{{{{{{{{{{{{{{{  7b7b7b7b7b7b7b7b7b7b7b7b7b7b7b7b
       358  ,,,,,,,,,,,,,,,,  2c2c2c2c2c2c2c2c2c2c2c2c2c2c2c2c
       277  <<<<<<<<<<<<<<<,  3c3c3c3c3c3c3c3c3c3c3c3c3c3c3c2c
       275  <<<<<<<<<<<<<<,<  3c3c3c3c3c3c3c3c3c3c3c3c3c3c2c3c
       270  <<<<<<<<<<<<<,<<  3c3c3c3c3c3c3c3c3c3c3c3c3c2c3c3c
       255  <<<<<<<<<<,<<<<<  3c3c3c3c3c3c3c3c3c3c2c3c3c3c3c3c
       254  <<<<<<<<<<<<,<<<  3c3c3c3c3c3c3c3c3c3c3c3c2c3c3c3c
       253  <<<<<<<<<,<<<<<<  3c3c3c3c3c3c3c3c3c2c3c3c3c3c3c3c
       253  ,<<<<<<<<<<<<<<<  2c3c3c3c3c3c3c3c3c3c3c3c3c3c3c3c
# epoch 29500  H=2.8701 C=2.1484 HO=0.7345  A(t)=611
      9509  <<<<<<<<<<<<<<<<  3c3c3c3c3c3c3c3c3c3c3c3c3c3c3c3c
      2826  {{{{{{{{{{{{{{{{  7b7b7b7b7b7b7b7b7b7b7b7b7b7b7b7b
       564  ,,,,,,,,,,,,,,,,  2c2c2c2c2c2c2c2c2c2c2c2c2c2c2c2c
       272  <<<<<<<<<<<<<<<,  3c3c3c3c3c3c3c3c3c3c3c3c3c3c3c2c
       253  ,<<<<<<<<<<<<<<<  2c3c3c3c3c3c3c3c3c3c3c3c3c3c3c3c
       248  <<<<<<<<<<<<<<,<  3c3c3c3c3c3c3c3c3c3c3c3c3c3c2c3c
       244  <<<<<<<<<<<<<,<<  3c3c3c3c3c3c3c3c3c3c3c3c3c2c3c3c
       238  <<<<,<<<<<<<<<<<  3c3c3c3c2c3c3c3c3c3c3c3c3c3c3c3c
       235  <<<<<<<<<<<,<<<<  3c3c3c3c3c3c3c3c3c3c3c2c3c3c3c3c
       235  <<<<<<<,<<<<<<<<  3c3c3c3c3c3c3c2c3c3c3c3c3c3c3c3c
# epoch 29550  H=2.8530 C=2.1544 HO=0.7178  A(t)=611
     10378  <<<<<<<<<<<<<<<<  3c3c3c3c3c3c3c3c3c3c3c3c3c3c3c3c
      2269  {{{{{{{{{{{{{{{{  7b7b7b7b7b7b7b7b7b7b7b7b7b7b7b7b
       593  ,,,,,,,,,,,,,,,,  2c2c2c2c2c2c2c2c2c2c2c2c2c2c2c2c
       237  <<<<<<<<<<<<<<<,  3c3c3c3c3c3c3c3c3c3c3c3c3c3c3c2c
       233  <<<<<<<<<<<<<<,<  3c3c3c3c3c3c3c3c3c3c3c3c3c3c2c3c
       233  <<<<<<<<<<<<<,<<  3c3c3c3c3c3c3c3c3c3c3c3c3c2c3c3c
       230  ,<<<<<<<<<<<<<<<  2c3c3c3c3c3c3c3c3c3c3c3c3c3c3c3c
       226  <,<<<<<<<<<<<<<<  3c2c3c3c3c3c3c3c3c3c3c3c3c3c3c3c
       224  <<<<<<<<<<<<,<<<  3c3c3c3c3c3c3c3c3c3c3c3c2c3c3c3c
       224  <<<<<<<<<<<,<<<<  3c3c3c3c3c3c3c3c3c3c3c2c3c3c3c3c
# epoch 29600  H=2.9127 C=2.2266 HO=0.7100  A(t)=611
     10222  <<<<<<<<<<<<<<<<  3c3c3c3c3c3c3c3c3c3c3c3c3c3c3c3c
      2269  {{{{{{{{{{{{{{{{  7b7b7b7b7b7b7b7b7b7b7b7b7b7b7b7b
       316  ,,,,,,,,,,,,,,,,  2c2c2c2c2c2c2c2c2c2c2c2c2c2c2c2c
       232  <<<<<<<<<<<<<<<,  3c3c3c3c3c3c3c3c3c3c3c3c3c3c3c2c
       223  <<<<<<<<<<<<<<,<  3c3c3c3c3c3c3c3c3c3c3c3c3c3c2c3c
       215  <<<<<<<<<<<<<,<<  3c3c3c3c3c3c3c3c3c3c3c3c3c2c3c3c
       208  ,<<<<<<<<<<<<<<<  2c3c3c3c3c3c3c3c3c3c3c3c3c3c3c3c
       202  <,<<<<<<<<<<<<<<  3c2c3c3c3c3c3c3c3c3c3c3c3c3c3c3c
       201  <<<<<<<<<<<,<<<<  3c3c3c3c3c3c3c3c3c3c3c2c3c3c3c3c
       199  <<<<<<<<<<<<,<<<  3c3c3c3c3c3c3c3c3c3c3c3c2c3c3c3c
# epoch 29650  H=2.9726 C=2.2684 HO=0.7212  A(t)=611
      9599  <<<<<<<<<<<<<<<<  3c3c3c3c3c3c3c3c3c3c3c3c3c3c3c3c
      2385  {{{{{{{{{{{{{{{{  7b7b7b7b7b7b7b7b7b7b7b7b7b7b7b7b
       273  ,,,,,,,,,,,,,,,,  2c2c2c2c2c2c2c2c2c2c2c2c2c2c2c2c
       190  <<<,<<<<<<<<<<<<  3c3c3c2c3c3c3c3c3c3c3c3c3c3c3c3c
       187  <<<<,<<<<<<<<<<<  3c3c3c3c2c3c3c3c3c3c3c3c3c3c3c3c
       186  <<<<<<<<<<<<<<<,  3c3c3c3c3c3c3c3c3c3c3c3c3c3c3c2c
       186  <<,<<<<<<<<<<<<<  3c3c2c3c3c3c3c3c3c3c3c3c3c3c3c3c
       185  <<<<<<,<<<<<<<<<  3c3c3c3c3c3c2c3c3c3c3c3c3c3c3c3c
       184  <<<<<,<<<<<<<<<<  3c3c3c3c3c2c3c3c3c3c3c3c3c3c3c3c
       184  <,<<<<<<<<<<<<<<  3c2c3c3c3c3c3c3c3c3c3c3c3c3c3c3c
# epoch 29700  H=3.0298 C=2.3660 HO=0.6825  A(t)=611
      7913  <<<<<<<<<<<<<<<<  3c3c3c3c3c3c3c3c3c3c3c3c3c3c3c3c
      2416  {{{{{{{{{{{{{{{{  7b7b7b7b7b7b7b7b7b7b7b7b7b7b7b7b
       187  <<<<<<<<<<<<<<<,  3c3c3c3c3c3c3c3c3c3c3c3c3c3c3c2c
       178  <<<<<<<<<<<<<<,<  3c3c3c3c3c3c3c3c3c3c3c3c3c3c2c3c
       172  ,<<<<<<<<<<<<<<<  2c3c3c3c3c3c3c3c3c3c3c3c3c3c3c3c
       167  <,<<<<<<<<<<<<<<  3c2c3c3c3c3c3c3c3c3c3c3c3c3c3c3c
       163  <<<<<<<<<<<<<,<<  3c3c3c3c3c3c3c3c3c3c3c3c3c2c3c3c
       156  <<<<<<<<<<<<,<<<  3c3c3c3c3c3c3c3c3c3c3c3c2c3c3c3c
       156  <<,<<<<<<<<<<<<<  3c3c2c3c3c3c3c3c3c3c3c3c3c3c3c3c
       151  <<<<<<<<<<<,<<<<  3c3c3c3c3c3c3c3c3c3c3c2c3c3c3c3c
# epoch 29750  H=3.0430 C=2.3862 HO=0.6752  A(t)=611
      8704  <<<<<<<<<<<<<<<<  3c3c3c3c3c3c3c3c3c3c3c3c3c3c3c3c
      3117  {{{{{{{{{{{{{{{{  7b7b7b7b7b7b7b7b7b7b7b7b7b7b7b7b
       342  ,,,,,,,,,,,,,,,,  2c2c2c2c2c2c2c2c2c2c2c2c2c2c2c2c
       183  <<<<<<<<<<<<<<<,  3c3c3c3c3c3c3c3c3c3c3c3c3c3c3c2c
       181  <<<<<<<<<<<<<<,<  3c3c3c3c3c3c3c3c3c3c3c3c3c3c2c3c
       171  <<<<<<<<<<<<,<<<  3c3c3c3c3c3c3c3c3c3c3c3c2c3c3c3c
       165  <<<<<<<<<<<<<,<<  3c3c3c3c3c3c3c3c3c3c3c3c3c2c3c3c
       160  <<<<<<<<<<<,<<<<  3c3c3c3c3c3c3c3c3c3c3c2c3c3c3c3c
       160  <<<<<<<<<<,<<<<<  3c3c3c3c3c3c3c3c3c3c2c3c3c3c3c3c
       158  <<<<<<<<<,<<<<<<  3c3c3c3c3c3c3c3c3c2c3c3c3c3c3c3c
# epoch 29800  H=3.1205 C=2.4453 HO=0.6949  A(t)=612
      8123  <<<<<<<<<<<<<<<<  3c3c3c3c3c3c3c3c3c3c3c3c3c3c3c3c
      2561  {{{{{{{{{{{{{{{{  7b7b7b7b7b7b7b7b7b7b7b7b7b7b7b7b
       569  ,,,,,,,,,,,,,,,,  2c2c2c2c2c2c2c2c2c2c2c2c2c2c2c2c
       209  <<<<<<<<<<<<<<<,  3c3c3c3c3c3c3c3c3c3c3c3c3c3c3c2c
       209  ................  2e2e2e2e2e2e2e2e2e2e2e2e2e2e2e2e
       204  <<<<<<<<<<<<<<,<  3c3c3c3c3c3c3c3c3c3c3c3c3c3c2c3c
       189  <<<<<<<<<<<<<,<<  3c3c3c3c3c3c3c3c3c3c3c3c3c2c3c3c
       189  ,<<<<<<<<<<<<<<<  2c3c3c3c3c3c3c3c3c3c3c3c3c3c3c3c
       182  <,<<<<<<<<<<<<<<  3c2c3c3c3c3c3c3c3c3c3c3c3c3c3c3c
       178  <<,<<<<<<<<<<<<<  3c3c2c3c3c3c3c3c3c3c3c3c3c3c3c3c
# epoch 29850  H=3.0469 C=2.3711 HO=0.6929  A(t)=612
      8739  <<<<<<<<<<<<<<<<  3c3c3c3c3c3c3c3c3c3c3c3c3c3c3c3c
      2061  {{{{{{{{{{{{{{{{  7b7b7b7b7b7b7b7b7b7b7b7b7b7b7b7b
       504  ,,,,,,,,,,,,,,,,  2c2c2c2c2c2c2c2c2c2c2c2c2c2c2c2c
       258  <<<<<<<<<<<<<<<,  3c3c3c3c3c3c3c3c3c3c3c3c3c3c3c2c
       254  ,<<<<<<<<<<<<<<<  2c3c3c3c3c3c3c3c3c3c3c3c3c3c3c3c
       251  <<<<<<<<<<<<<<,<  3c3c3c3c3c3c3c3c3c3c3c3c3c3c2c3c
       243  <,<<<<<<<<<<<<<<  3c2c3c3c3c3c3c3c3c3c3c3c3c3c3c3c
       237  <<<<<<<<<<<<<,<<  3c3c3c3c3c3c3c3c3c3c3c3c3c2c3c3c
       235  <<,<<<<<<<<<<<<<  3c3c2c3c3c3c3c3c3c3c3c3c3c3c3c3c
       233  <<<<<<<<<<<<,<<<  3c3c3c3c3c3c3c3c3c3c3c3c2c3c3c3c
# epoch 29900  H=2.9638 C=2.2874 HO=0.6917  A(t)=614
     10681  <<<<<<<<<<<<<<<<  3c3c3c3c3c3c3c3c3c3c3c3c3c3c3c3c
      2171  {{{{{{{{{{{{{{{{  7b7b7b7b7b7b7b7b7b7b7b7b7b7b7b7b
       402  ,,,,,,,,,,,,,,,,  2c2c2c2c2c2c2c2c2c2c2c2c2c2c2c2c
       274  <<<<<<<<<<<<<<<,  3c3c3c3c3c3c3c3c3c3c3c3c3c3c3c2c
       262  ,<<<<<<<<<<<<<<<  2c3c3c3c3c3c3c3c3c3c3c3c3c3c3c3c
       249  <<<<<<<<<<<<<<,<  3c3c3c3c3c3c3c3c3c3c3c3c3c3c2c3c
       248  <<<<<<<<,<<<<<<<  3c3c3c3c3c3c3c3c2c3c3c3c3c3c3c3c
       246  <<<<<<<,<<<<<<<<  3c3c3c3c3c3c3c2c3c3c3c3c3c3c3c3c
       243  <<<<<<,<<<<<<<<<  3c3c3c3c3c3c2c3c3c3c3c3c3c3c3c3c
       242  <<<<<<<<<,<<<<<<  3c3c3c3c3c3c3c3c3c2c3c3c3c3c3c3c
# epoch 29950  H=2.9491 C=2.2927 HO=0.6648  A(t)=614
      8952  <<<<<<<<<<<<<<<<  3c3c3c3c3c3c3c3c3c3c3c3c3c3c3c3c
      2593  {{{{{{{{{{{{{{{{  7b7b7b7b7b7b7b7b7b7b7b7b7b7b7b7b
       459  ,,,,,,,,,,,,,,,,  2c2c2c2c2c2c2c2c2c2c2c2c2c2c2c2c
       238  <<<<<<<<<<<<<<<,  3c3c3c3c3c3c3c3c3c3c3c3c3c3c3c2c
       231  ,<<<<<<<<<<<<<<<  2c3c3c3c3c3c3c3c3c3c3c3c3c3c3c3c
       227  <<<<<<<<<<<<<<,<  3c3c3c3c3c3c3c3c3c3c3c3c3c3c2c3c
       219  <<<<<,<<<<<<<<<<  3c3c3c3c3c2c3c3c3c3c3c3c3c3c3c3c
       217  <<<<,<<<<<<<<<<<  3c3c3c3c2c3c3c3c3c3c3c3c3c3c3c3c
       217  <<,<<<<<<<<<<<<<  3c3c2c3c3c3c3c3c3c3c3c3c3c3c3c3c
       216  <<<<<<<<<<<<<,<<  3c3c3c3c3c3c3c3c3c3c3c3c3c2c3c3c
# epoch 30000  H=2.9666 C=2.3123 HO=0.6622  A(t)=615
      9130  <<<<<<<<<<<<<<<<  3c3c3c3c3c3c3c3c3c3c3c3c3c3c3c3c
      1808  {{{{{{{{{{{{{{{{  7b7b7b7b7b7b7b7b7b7b7b7b7b7b7b7b
       378  ,,,,,,,,,,,,,,,,  2c2c2c2c2c2c2c2c2c2c2c2c2c2c2c2c
       256  <<<<<<<<<<<<<<<,  3c3c3c3c3c3c3c3c3c3c3c3c3c3c3c2c
       248  <<<<<<<<<<<<<<,<  3c3c3c3c3c3c3c3c3c3c3c3c3c3c2c3c
       248  <<<<<<<<<<<<<,<<  3c3c3c3c3c3c3c3c3c3c3c3c3c2c3c3c
       242  <<<<<<<,<<<<<<<<  3c3c3c3c3c3c3c2c3c3c3c3c3c3c3c3c
       239  <<<<<<<<<<,<<<<<  3c3c3c3c3c3c3c3c3c3c2c3c3c3c3c3c
       238  <<<<<<<<<,<<<<<<  3c3c3c3c3c3c3c3c3c2c3c3c3c3c3c3c
       238  ,<<<<<<<<<<<<<<<  2c3c3c3c3c3c3c3c3c3c3c3c3c3c3c3c
# epoch 30050  H=2.8612 C=2.1622 HO=0.7017  A(t)=615
     10278  <<<<<<<<<<<<<<<<  3c3c3c3c3c3c3c3c3c3c3c3c3c3c3c3c
      2106  {{{{{{{{{{{{{{{{  7b7b7b7b7b7b7b7b7b7b7b7b7b7b7b7b
       618  ,,,,,,,,,,,,,,,,  2c2c2c2c2c2c2c2c2c2c2c2c2c2c2c2c
       295  <<<<<<<<<<<<<<<,  3c3c3c3c3c3c3c3c3c3c3c3c3c3c3c2c
       287  <<<<<<<,<<<<<<<<  3c3c3c3c3c3c3c2c3c3c3c3c3c3c3c3c
       284  <<<<<<<<,<<<<<<<  3c3c3c3c3c3c3c3c2c3c3c3c3c3c3c3c
       283  <<<<<<<<<,<<<<<<  3c3c3c3c3c3c3c3c3c2c3c3c3c3c3c3c
       280  ,<<<<<<<<<<<<<<<  2c3c3c3c3c3c3c3c3c3c3c3c3c3c3c3c
       278  <<<<<<,<<<<<<<<<  3c3c3c3c3c3c2c3c3c3c3c3c3c3c3c3c
       275  <<<<<<<<<<<<<<,<  3c3c3c3c3c3c3c3c3c3c3c3c3c3c2c3c
# epoch 30100  H=2.8157 C=2.1404 HO=0.6670  A(t)=615
     10465  <<<<<<<<<<<<<<<<  3c3c3c3c3c3c3c3c3c3c3c3c3c3c3c3c
      1988  {{{{{{{{{{{{{{{{  7b7b7b7b7b7b7b7b7b7b7b7b7b7b7b7b
       262  <<<<<<<<<<<<<<<,  3c3c3c3c3c3c3c3c3c3c3c3c3c3c3c2c
       253  ,<<<<<<<<<<<<<<<  2c3c3c3c3c3c3c3c3c3c3c3c3c3c3c3c
       246  <,<<<<<<<<<<<<<<  3c2c3c3c3c3c3c3c3c3c3c3c3c3c3c3c
       239  <<,<<<<<<<<<<<<<  3c3c2c3c3c3c3c3c3c3c3c3c3c3c3c3c
       237  <<<<<,<<<<<<<<<<  3c3c3c3c3c2c3c3c3c3c3c3c3c3c3c3c
       236  <<<<<<<<<<<<<<,<  3c3c3c3c3c3c3c3c3c3c3c3c3c3c2c3c
       236  <<<,<<<<<<<<<<<<  3c3c3c2c3c3c3c3c3c3c3c3c3c3c3c3c
       234  <<<<<<,<<<<<<<<<  3c3c3c3c3c3c2c3c3c3c3c3c3c3c3c3c
# epoch 30150  H=2.7703 C=2.1296 HO=0.6488  A(t)=615
      9948  <<<<<<<<<<<<<<<<  3c3c3c3c3c3c3c3c3c3c3c3c3c3c3c3c
      2592  {{{{{{{{{{{{{{{{  7b7b7b7b7b7b7b7b7b7b7b7b7b7b7b7b
       343  ,,,,,,,,,,,,,,,,  2c2c2c2c2c2c2c2c2c2c2c2c2c2c2c2c
       257  <<<<<<<<<<<<<<<,  3c3c3c3c3c3c3c3c3c3c3c3c3c3c3c2c
       252  ,<<<<<<<<<<<<<<<  2c3c3c3c3c3c3c3c3c3c3c3c3c3c3c3c
       248  <<<<<<<<,<<<<<<<  3c3c3c3c3c3c3c3c2c3c3c3c3c3c3c3c
       247  <<<,<<<<<<<<<<<<  3c3c3c2c3c3c3c3c3c3c3c3c3c3c3c3c
       246  <<<<<<<,<<<<<<<<  3c3c3c3c3c3c3c2c3c3c3c3c3c3c3c3c
       243  <<<<<<<<<<<<<<,<  3c3c3c3c3c3c3c3c3c3c3c3c3c3c2c3c
       242  <,<<<<<<<<<<<<<<  3c2c3c3c3c3c3c3c3c3c3c3c3c3c3c3c
# epoch 30200  H=2.6864 C=2.0360 HO=0.6496  A(t)=615
      9618  <<<<<<<<<<<<<<<<  3c3c3c3c3c3c3c3c3c3c3c3c3c3c3c3c
      2790  {{{{{{{{{{{{{{{{  7b7b7b7b7b7b7b7b7b7b7b7b7b7b7b7b
       446  ,,,,,,,,,,,,,,,,  2c2c2c2c2c2c2c2c2c2c2c2c2c2c2c2c
       237  <<<<<<<<<<<<<<<,  3c3c3c3c3c3c3c3c3c3c3c3c3c3c3c2c
       228  <<<<<<<<<<<<<<,<  3c3c3c3c3c3c3c3c3c3c3c3c3c3c2c3c
       217  <<<<<<<<<<<<<,<<  3c3c3c3c3c3c3c3c3c3c3c3c3c2c3c3c
       213  <<<<<<<<<<,<<<<<  3c3c3c3c3c3c3c3c3c3c2c3c3c3c3c3c
       212  <,<<<<<<<<<<<<<<  3c2c3c3c3c3c3c3c3c3c3c3c3c3c3c3c
       212  ,<<<<<<<<<<<<<<<  2c3c3c3c3c3c3c3c3c3c3c3c3c3c3c3c
       210  <<<<<<<<<<<<,<<<  3c3c3c3c3c3c3c3c3c3c3c3c2c3c3c3c
# epoch 30250  H=2.6714 C=1.9933 HO=0.6889  A(t)=615
      9690  <<<<<<<<<<<<<<<<  3c3c3c3c3c3c3c3c3c3c3c3c3c3c3c3c
      2698  {{{{{{{{{{{{{{{{  7b7b7b7b7b7b7b7b7b7b7b7b7b7b7b7b
       593  ,,,,,,,,,,,,,,,,  2c2c2c2c2c2c2c2c2c2c2c2c2c2c2c2c
       260  <<<<<<<<<<<<<<<,  3c3c3c3c3c3c3c3c3c3c3c3c3c3c3c2c
       253  ,<<<<<<<<<<<<<<<  2c3c3c3c3c3c3c3c3c3c3c3c3c3c3c3c
       248  <<<<<<<<<<<<<<,<  3c3c3c3c3c3c3c3c3c3c3c3c3c3c2c3c
       245  <<<<<<<<<,<<<<<<  3c3c3c3c3c3c3c3c3c2c3c3c3c3c3c3c
       240  <<<<<<<<<<<<<,<<  3c3c3c3c3c3c3c3c3c3c3c3c3c2c3c3c
       240  <<<<<,<<<<<<<<<<  3c3c3c3c3c2c3c3c3c3c3c3c3c3c3c3c
       239  <<<<<<<<<<,<<<<<  3c3c3c3c3c3c3c3c3c3c2c3c3c3c3c3c
# epoch 30300  H=2.7971 C=2.1261 HO=0.6914  A(t)=618
      9743  <<<<<<<<<<<<<<<<  3c3c3c3c3c3c3c3c3c3c3c3c3c3c3c3c
      3055  {{{{{{{{{{{{{{{{  7b7b7b7b7b7b7b7b7b7b7b7b7b7b7b7b
       544  ,,,,,,,,,,,,,,,,  2c2c2c2c2c2c2c2c2c2c2c2c2c2c2c2c
       249  <<<<<<<<<<<<<<<,  3c3c3c3c3c3c3c3c3c3c3c3c3c3c3c2c
       226  ,<<<<<<<<<<<<<<<  2c3c3c3c3c3c3c3c3c3c3c3c3c3c3c3c
       225  <<<<<<<<<<<<<,<<  3c3c3c3c3c3c3c3c3c3c3c3c3c2c3c3c
       224  <<<<<<<<<<<<<<,<  3c3c3c3c3c3c3c3c3c3c3c3c3c3c2c3c
       220  <,<<<<<<<<<<<<<<  3c2c3c3c3c3c3c3c3c3c3c3c3c3c3c3c
       218  <<<<<<<<<,<<<<<<  3c3c3c3c3c3c3c3c3c2c3c3c3c3c3c3c
       218  <<<<<<<<,<<<<<<<  3c3c3c3c3c3c3c3c2c3c3c3c3c3c3c3c
# epoch 30350  H=2.8287 C=2.1807 HO=0.6690  A(t)=618
      9504  <<<<<<<<<<<<<<<<  3c3c3c3c3c3c3c3c3c3c3c3c3c3c3c3c
      2421  {{{{{{{{{{{{{{{{  7b7b7b7b7b7b7b7b7b7b7b7b7b7b7b7b
       485  ,,,,,,,,,,,,,,,,  2c2c2c2c2c2c2c2c2c2c2c2c2c2c2c2c
       229  <<<<<<<<<<<<<<,<  3c3c3c3c3c3c3c3c3c3c3c3c3c3c2c3c
       227  <<<<<<<<<<<<<<<,  3c3c3c3c3c3c3c3c3c3c3c3c3c3c3c2c
       222  ,<<<<<<<<<<<<<<<  2c3c3c3c3c3c3c3c3c3c3c3c3c3c3c3c
       218  <,<<<<<<<<<<<<<<  3c2c3c3c3c3c3c3c3c3c3c3c3c3c3c3c
       215  <<,<<<<<<<<<<<<<  3c3c2c3c3c3c3c3c3c3c3c3c3c3c3c3c
       209  <<<<<<<<<<<<<,<<  3c3c3c3c3c3c3c3c3c3c3c3c3c2c3c3c
       204  <<<<,<<<<<<<<<<<  3c3c3c3c2c3c3c3c3c3c3c3c3c3c3c3c
# epoch 30400  H=2.7541 C=2.1533 HO=0.6271  A(t)=618
     10646  <<<<<<<<<<<<<<<<  3c3c3c3c3c3c3c3c3c3c3c3c3c3c3c3c
      2035  {{{{{{{{{{{{{{{{  7b7b7b7b7b7b7b7b7b7b7b7b7b7b7b7b
       259  ,,,,,,,,,,,,,,,,  2c2c2c2c2c2c2c2c2c2c2c2c2c2c2c2c
       248  <<<<<<<<<<<<<<<,  3c3c3c3c3c3c3c3c3c3c3c3c3c3c3c2c
       244  ,<<<<<<<<<<<<<<<  2c3c3c3c3c3c3c3c3c3c3c3c3c3c3c3c
       243  <<<<<<,<<<<<<<<<  3c3c3c3c3c3c2c3c3c3c3c3c3c3c3c3c
       243  <<<,<<<<<<<<<<<<  3c3c3c2c3c3c3c3c3c3c3c3c3c3c3c3c
       242  <<<<<<<<<<<<<<,<  3c3c3c3c3c3c3c3c3c3c3c3c3c3c2c3c
       238  <<<<<,<<<<<<<<<<  3c3c3c3c3c2c3c3c3c3c3c3c3c3c3c3c
       238  <,<<<<<<<<<<<<<<  3c2c3c3c3c3c3c3c3c3c3c3c3c3c3c3c
# epoch 30450  H=2.7436 C=2.1213 HO=0.6428  A(t)=618
     10089  <<<<<<<<<<<<<<<<  3c3c3c3c3c3c3c3c3c3c3c3c3c3c3c3c
      2684  {{{{{{{{{{{{{{{{  7b7b7b7b7b7b7b7b7b7b7b7b7b7b7b7b
       288  <<<<<<<<<<<<<<<,  3c3c3c3c3c3c3c3c3c3c3c3c3c3c3c2c
       275  <<<<<<<<<<<<<<,<  3c3c3c3c3c3c3c3c3c3c3c3c3c3c2c3c
       275  <,<<<<<<<<<<<<<<  3c2c3c3c3c3c3c3c3c3c3c3c3c3c3c3c
       274  ,<<<<<<<<<<<<<<<  2c3c3c3c3c3c3c3c3c3c3c3c3c3c3c3c
       271  <<<<<<<<<<<<<,<<  3c3c3c3c3c3c3c3c3c3c3c3c3c2c3c3c
       267  <<,<<<<<<<<<<<<<  3c3c2c3c3c3c3c3c3c3c3c3c3c3c3c3c
       265  <<<<<<<<<,<<<<<<  3c3c3c3c3c3c3c3c3c2c3c3c3c3c3c3c
       264  <<<<,<<<<<<<<<<<  3c3c3c3c2c3c3c3c3c3c3c3c3c3c3c3c
# epoch 30500  H=2.6378 C=1.9645 HO=0.6756  A(t)=618
     11097  <<<<<<<<<<<<<<<<  3c3c3c3c3c3c3c3c3c3c3c3c3c3c3c3c
      3111  {{{{{{{{{{{{{{{{  7b7b7b7b7b7b7b7b7b7b7b7b7b7b7b7b
       407  ,,,,,,,,,,,,,,,,  2c2c2c2c2c2c2c2c2c2c2c2c2c2c2c2c
       277  <<<<<<<<<<<<<<<,  3c3c3c3c3c3c3c3c3c3c3c3c3c3c3c2c
       265  ,<<<<<<<<<<<<<<<  2c3c3c3c3c3c3c3c3c3c3c3c3c3c3c3c
       250  <,<<<<<<<<<<<<<<  3c2c3c3c3c3c3c3c3c3c3c3c3c3c3c3c
       249  <<<<<<<<<<<<<<,<  3c3c3c3c3c3c3c3c3c3c3c3c3c3c2c3c
       231  <<,<<<<<<<<<<<<<  3c3c2c3c3c3c3c3c3c3c3c3c3c3c3c3c
       230  <<<<<<<<<<<<<,<<  3c3c3c3c3c3c3c3c3c3c3c3c3c2c3c3c
       227  <<<<<<<<<<,<<<<<  3c3c3c3c3c3c3c3c3c3c2c3c3c3c3c3c
# epoch 30550  H=2.6217 C=1.8954 HO=0.7343  A(t)=618
     11280  <<<<<<<<<<<<<<<<  3c3c3c3c3c3c3c3c3c3c3c3c3c3c3c3c
      2768  {{{{{{{{{{{{{{{{  7b7b7b7b7b7b7b7b7b7b7b7b7b7b7b7b
       452  ,,,,,,,,,,,,,,,,  2c2c2c2c2c2c2c2c2c2c2c2c2c2c2c2c
       275  <<<<<<<<<<<<<<<,  3c3c3c3c3c3c3c3c3c3c3c3c3c3c3c2c
       273  ,<<<<<<<<<<<<<<<  2c3c3c3c3c3c3c3c3c3c3c3c3c3c3c3c
       264  <,<<<<<<<<<<<<<<  3c2c3c3c3c3c3c3c3c3c3c3c3c3c3c3c
       259  <<<<<<<<<<<<<<,<  3c3c3c3c3c3c3c3c3c3c3c3c3c3c2c3c
       256  <<<<<,<<<<<<<<<<  3c3c3c3c3c2c3c3c3c3c3c3c3c3c3c3c
       253  <<,<<<<<<<<<<<<<  3c3c2c3c3c3c3c3c3c3c3c3c3c3c3c3c
       252  <<<<<<,<<<<<<<<<  3c3c3c3c3c3c2c3c3c3c3c3c3c3c3c3c
# epoch 30600  H=2.5410 C=1.8320 HO=0.7147  A(t)=618
     12334  <<<<<<<<<<<<<<<<  3c3c3c3c3c3c3c3c3c3c3c3c3c3c3c3c
      2781  {{{{{{{{{{{{{{{{  7b7b7b7b7b7b7b7b7b7b7b7b7b7b7b7b
       295  ,,,,,,,,,,,,,,,,  2c2c2c2c2c2c2c2c2c2c2c2c2c2c2c2c
       278  <<<<<<<<<<<<<<<,  3c3c3c3c3c3c3c3c3c3c3c3c3c3c3c2c
       277  <<<<<<<<<<<<<<,<  3c3c3c3c3c3c3c3c3c3c3c3c3c3c2c3c
       269  <<<<<<<<<<<<<,<<  3c3c3c3c3c3c3c3c3c3c3c3c3c2c3c3c
       267  ,<<<<<<<<<<<<<<<  2c3c3c3c3c3c3c3c3c3c3c3c3c3c3c3c
       263  <<,<<<<<<<<<<<<<  3c3c2c3c3c3c3c3c3c3c3c3c3c3c3c3c
       263  <,<<<<<<<<<<<<<<  3c2c3c3c3c3c3c3c3c3c3c3c3c3c3c3c
       253  <<<<<<<<<<<,<<<<  3c3c3c3c3c3c3c3c3c3c3c2c3c3c3c3c
# epoch 30650  H=2.4991 C=1.7994 HO=0.6969  A(t)=618
     11689  <<<<<<<<<<<<<<<<  3c3c3c3c3c3c3c3c3c3c3c3c3c3c3c3c
      2723  {{{{{{{{{{{{{{{{  7b7b7b7b7b7b7b7b7b7b7b7b7b7b7b7b
       425  ,,,,,,,,,,,,,,,,  2c2c2c2c2c2c2c2c2c2c2c2c2c2c2c2c
       313  <<<<<<<<<<<<<<<,  3c3c3c3c3c3c3c3c3c3c3c3c3c3c3c2c
       302  <<<<<<<<<<<<<<,<  3c3c3c3c3c3c3c3c3c3c3c3c3c3c2c3c
       300  <<,<<<<<<<<<<<<<  3c3c2c3c3c3c3c3c3c3c3c3c3c3c3c3c
       299  <<<<<<<<<<<<<,<<  3c3c3c3c3c3c3c3c3c3c3c3c3c2c3c3c
       296  ,<<<<<<<<<<<<<<<  2c3c3c3c3c3c3c3c3c3c3c3c3c3c3c3c
       293  <<<<<<<<<<<<,<<<  3c3c3c3c3c3c3c3c3c3c3c3c2c3c3c3c
       289  <<<<<<<<<<<,<<<<  3c3c3c3c3c3c3c3c3c3c3c2c3c3c3c3c
# epoch 30700  H=2.4747 C=1.7841 HO=0.6891  A(t)=618
     10935  <<<<<<<<<<<<<<<<  3c3c3c3c3c3c3c3c3c3c3c3c3c3c3c3c
      2567  {{{{{{{{{{{{{{{{  7b7b7b7b7b7b7b7b7b7b7b7b7b7b7b7b
       394  ,,,,,,,,,,,,,,,,  2c2c2c2c2c2c2c2c2c2c2c2c2c2c2c2c
       340  <<<<<<<<<<<<<<<,  3c3c3c3c3c3c3c3c3c3c3c3c3c3c3c2c
       328  ,<<<<<<<<<<<<<<<  2c3c3c3c3c3c3c3c3c3c3c3c3c3c3c3c
       311  <<<<<<<<<<<<<<,<  3c3c3c3c3c3c3c3c3c3c3c3c3c3c2c3c
       311  <,<<<<<<<<<<<<<<  3c2c3c3c3c3c3c3c3c3c3c3c3c3c3c3c
       297  <<<<,<<<<<<<<<<<  3c3c3c3c2c3c3c3c3c3c3c3c3c3c3c3c
       297  <<,<<<<<<<<<<<<<  3c3c2c3c3c3c3c3c3c3c3c3c3c3c3c3c
       296  <<<<<<<<<,<<<<<<  3c3c3c3c3c3c3c3c3c2c3c3c3c3c3c3c
# epoch 30750  H=2.4773 C=1.7832 HO=0.6879  A(t)=618
     11167  <<<<<<<<<<<<<<<<  3c3c3c3c3c3c3c3c3c3c3c3c3c3c3c3c
      2352  {{{{{{{{{{{{{{{{  7b7b7b7b7b7b7b7b7b7b7b7b7b7b7b7b
       497  ,,,,,,,,,,,,,,,,  2c2c2c2c2c2c2c2c2c2c2c2c2c2c2c2c
       275  ,<<<<<<<<<<<<<<<  2c3c3c3c3c3c3c3c3c3c3c3c3c3c3c3c
       273  <<<<<<<<<<<<<<<,  3c3c3c3c3c3c3c3c3c3c3c3c3c3c3c2c
       269  <,<<<<<<<<<<<<<<  3c2c3c3c3c3c3c3c3c3c3c3c3c3c3c3c
       264  <<<<<<,<<<<<<<<<  3c3c3c3c3c3c2c3c3c3c3c3c3c3c3c3c
       260  ................  2e2e2e2e2e2e2e2e2e2e2e2e2e2e2e2e
       259  <<<<<<<<<,<<<<<<  3c3c3c3c3c3c3c3c3c2c3c3c3c3c3c3c
       258  <<<<<<<<<<<<<<,<  3c3c3c3c3c3c3c3c3c3c3c3c3c3c2c3c
# epoch 30800  H=2.3949 C=1.7489 HO=0.6262  A(t)=618
     11115  <<<<<<<<<<<<<<<<  3c3c3c3c3c3c3c3c3c3c3c3c3c3c3c3c
      2590  {{{{{{{{{{{{{{{{  7b7b7b7b7b7b7b7b7b7b7b7b7b7b7b7b
       698  ,,,,,,,,,,,,,,,,  2c2c2c2c2c2c2c2c2c2c2c2c2c2c2c2c
       300  <<<<<<<<<<<<<<<,  3c3c3c3c3c3c3c3c3c3c3c3c3c3c3c2c
       281  ,<<<<<<<<<<<<<<<  2c3c3c3c3c3c3c3c3c3c3c3c3c3c3c3c
       277  <<<<<<<<<<<<<<,<  3c3c3c3c3c3c3c3c3c3c3c3c3c3c2c3c
       273  <,<<<<<<<<<<<<<<  3c2c3c3c3c3c3c3c3c3c3c3c3c3c3c3c
       258  <<<<<<<<<<<<<,<<  3c3c3c3c3c3c3c3c3c3c3c3c3c2c3c3c
       252  <<,<<<<<<<<<<<<<  3c3c2c3c3c3c3c3c3c3c3c3c3c3c3c3c
       251  <<<<<<<<<<<<,<<<  3c3c3c3c3c3c3c3c3c3c3c3c2c3c3c3c
# epoch 30850  H=2.4449 C=1.7885 HO=0.6482  A(t)=618
     11268  <<<<<<<<<<<<<<<<  3c3c3c3c3c3c3c3c3c3c3c3c3c3c3c3c
      2690  {{{{{{{{{{{{{{{{  7b7b7b7b7b7b7b7b7b7b7b7b7b7b7b7b
       316  ,,,,,,,,,,,,,,,,  2c2c2c2c2c2c2c2c2c2c2c2c2c2c2c2c
       310  <<<<<<<<<<<<<<<,  3c3c3c3c3c3c3c3c3c3c3c3c3c3c3c2c
       304  <<<<<<<<<<<<<<,<  3c3c3c3c3c3c3c3c3c3c3c3c3c3c2c3c
       297  ,<<<<<<<<<<<<<<<  2c3c3c3c3c3c3c3c3c3c3c3c3c3c3c3c
       295  <<<<<<<<<<<<<,<<  3c3c3c3c3c3c3c3c3c3c3c3c3c2c3c3c
       287  <,<<<<<<<<<<<<<<  3c2c3c3c3c3c3c3c3c3c3c3c3c3c3c3c
       276  <<<<<<<<<<<<,<<<  3c3c3c3c3c3c3c3c3c3c3c3c2c3c3c3c
       276  <<,<<<<<<<<<<<<<  3c3c2c3c3c3c3c3c3c3c3c3c3c3c3c3c
# epoch 30900  H=2.3792 C=1.7216 HO=0.6442  A(t)=619
     12095  <<<<<<<<<<<<<<<<  3c3c3c3c3c3c3c3c3c3c3c3c3c3c3c3c
      2459  {{{{{{{{{{{{{{{{  7b7b7b7b7b7b7b7b7b7b7b7b7b7b7b7b
       803  ,,,,,,,,,,,,,,,,  2c2c2c2c2c2c2c2c2c2c2c2c2c2c2c2c
       337  <<<<<<<<<<<<<<<,  3c3c3c3c3c3c3c3c3c3c3c3c3c3c3c2c
       321  <<<<<<<<<<<<<<,<  3c3c3c3c3c3c3c3c3c3c3c3c3c3c2c3c
       318  <<<<<<<,<<<<<<<<  3c3c3c3c3c3c3c2c3c3c3c3c3c3c3c3c
       317  ,<<<<<<<<<<<<<<<  2c3c3c3c3c3c3c3c3c3c3c3c3c3c3c3c
       315  <,<<<<<<<<<<<<<<  3c2c3c3c3c3c3c3c3c3c3c3c3c3c3c3c
       314  <<<<<<<<,<<<<<<<  3c3c3c3c3c3c3c3c2c3c3c3c3c3c3c3c
       313  <<,<<<<<<<<<<<<<  3c3c2c3c3c3c3c3c3c3c3c3c3c3c3c3c
# epoch 30950  H=2.3112 C=1.6781 HO=0.6235  A(t)=619
     12317  <<<<<<<<<<<<<<<<  3c3c3c3c3c3c3c3c3c3c3c3c3c3c3c3c
      2096  {{{{{{{{{{{{{{{{  7b7b7b7b7b7b7b7b7b7b7b7b7b7b7b7b
       744  ,,,,,,,,,,,,,,,,  2c2c2c2c2c2c2c2c2c2c2c2c2c2c2c2c
       346  <<<<<<<<<<<<<<<,  3c3c3c3c3c3c3c3c3c3c3c3c3c3c3c2c
       335  ,<<<<<<<<<<<<<<<  2c3c3c3c3c3c3c3c3c3c3c3c3c3c3c3c
       319  <,<<<<<<<<<<<<<<  3c2c3c3c3c3c3c3c3c3c3c3c3c3c3c3c
       314  <<<<<<<<<<<<<<,<  3c3c3c3c3c3c3c3c3c3c3c3c3c3c2c3c
       311  <<,<<<<<<<<<<<<<  3c3c2c3c3c3c3c3c3c3c3c3c3c3c3c3c
       297  <<<,<<<<<<<<<<<<  3c3c3c2c3c3c3c3c3c3c3c3c3c3c3c3c
       295  <<<<,<<<<<<<<<<<  3c3c3c3c2c3c3c3c3c3c3c3c3c3c3c3c
# epoch 31000  H=2.3747 C=1.7572 HO=0.6079  A(t)=619
     11267  <<<<<<<<<<<<<<<<  3c3c3c3c3c3c3c3c3c3c3c3c3c3c3c3c
      2877  {{{{{{{{{{{{{{{{  7b7b7b7b7b7b7b7b7b7b7b7b7b7b7b7b
       404  ,,,,,,,,,,,,,,,,  2c2c2c2c2c2c2c2c2c2c2c2c2c2c2c2c
       293  <<<<<<<<<<<<<<<,  3c3c3c3c3c3c3c3c3c3c3c3c3c3c3c2c
       286  ,<<<<<<<<<<<<<<<  2c3c3c3c3c3c3c3c3c3c3c3c3c3c3c3c
       284  <<,<<<<<<<<<<<<<  3c3c2c3c3c3c3c3c3c3c3c3c3c3c3c3c
       283  <,<<<<<<<<<<<<<<  3c2c3c3c3c3c3c3c3c3c3c3c3c3c3c3c
       280  <<<,<<<<<<<<<<<<  3c3c3c2c3c3c3c3c3c3c3c3c3c3c3c3c
       278  <<<<,<<<<<<<<<<<  3c3c3c3c2c3c3c3c3c3c3c3c3c3c3c3c
       277  <<<<<<<<<<<<<<,<  3c3c3c3c3c3c3c3c3c3c3c3c3c3c2c3c
# epoch 31050  H=2.3495 C=1.7399 HO=0.5930  A(t)=619
     12152  <<<<<<<<<<<<<<<<  3c3c3c3c3c3c3c3c3c3c3c3c3c3c3c3c
      2754  {{{{{{{{{{{{{{{{  7b7b7b7b7b7b7b7b7b7b7b7b7b7b7b7b
       576  ,,,,,,,,,,,,,,,,  2c2c2c2c2c2c2c2c2c2c2c2c2c2c2c2c
       323  <<<<<<<<<<<<<<<,  3c3c3c3c3c3c3c3c3c3c3c3c3c3c3c2c
       317  <<<<<<<<<<<<<<,<  3c3c3c3c3c3c3c3c3c3c3c3c3c3c2c3c
       312  <<,<<<<<<<<<<<<<  3c3c2c3c3c3c3c3c3c3c3c3c3c3c3c3c
       312  ,<<<<<<<<<<<<<<<  2c3c3c3c3c3c3c3c3c3c3c3c3c3c3c3c
       310  <<<,<<<<<<<<<<<<  3c3c3c2c3c3c3c3c3c3c3c3c3c3c3c3c
       308  <<<<<<<<<<<<<,<<  3c3c3c3c3c3c3c3c3c3c3c3c3c2c3c3c
       307  <<<<<<<<<<,<<<<<  3c3c3c3c3c3c3c3c3c3c2c3c3c3c3c3c
# epoch 31100  H=2.2828 C=1.6664 HO=0.5997  A(t)=619
     13061  <<<<<<<<<<<<<<<<  3c3c3c3c3c3c3c3c3c3c3c3c3c3c3c3c
      2947  {{{{{{{{{{{{{{{{  7b7b7b7b7b7b7b7b7b7b7b7b7b7b7b7b
       485  ,,,,,,,,,,,,,,,,  2c2c2c2c2c2c2c2c2c2c2c2c2c2c2c2c
       327  <,<<<<<<<<<<<<<<  3c2c3c3c3c3c3c3c3c3c3c3c3c3c3c3c
       327  ,<<<<<<<<<<<<<<<  2c3c3c3c3c3c3c3c3c3c3c3c3c3c3c3c
       325  <<,<<<<<<<<<<<<<  3c3c2c3c3c3c3c3c3c3c3c3c3c3c3c3c
       317  <<<<<<<<<<<<<<<,  3c3c3c3c3c3c3c3c3c3c3c3c3c3c3c2c
       312  <<<,<<<<<<<<<<<<  3c3c3c2c3c3c3c3c3c3c3c3c3c3c3c3c
       309  <<<<<<<<,<<<<<<<  3c3c3c3c3c3c3c3c2c3c3c3c3c3c3c3c
       308  <<<<<<<,<<<<<<<<  3c3c3c3c3c3c3c2c3c3c3c3c3c3c3c3c
# epoch 31150  H=2.3963 C=1.7390 HO=0.6609  A(t)=619
     13095  <<<<<<<<<<<<<<<<  3c3c3c3c3c3c3c3c3c3c3c3c3c3c3c3c
      3090  {{{{{{{{{{{{{{{{  7b7b7b7b7b7b7b7b7b7b7b7b7b7b7b7b
       495  ,,,,,,,,,,,,,,,,  2c2c2c2c2c2c2c2c2c2c2c2c2c2c2c2c
       318  <<<<<<<<<<<<<<<,  3c3c3c3c3c3c3c3c3c3c3c3c3c3c3c2c
       312  ,<<<<<<<<<<<<<<<  2c3c3c3c3c3c3c3c3c3c3c3c3c3c3c3c
       301  <,<<<<<<<<<<<<<<  3c2c3c3c3c3c3c3c3c3c3c3c3c3c3c3c
       296  <<<<<<<,<<<<<<<<  3c3c3c3c3c3c3c2c3c3c3c3c3c3c3c3c
       296  <<,<<<<<<<<<<<<<  3c3c2c3c3c3c3c3c3c3c3c3c3c3c3c3c
       294  <<<<<<<<<<<<<<,<  3c3c3c3c3c3c3c3c3c3c3c3c3c3c2c3c
       293  <<<<<<<<,<<<<<<<  3c3c3c3c3c3c3c3c2c3c3c3c3c3c3c3c
# epoch 31200  H=2.3802 C=1.7603 HO=0.6216  A(t)=620
     12848  <<<<<<<<<<<<<<<<  3c3c3c3c3c3c3c3c3c3c3c3c3c3c3c3c
      2999  {{{{{{{{{{{{{{{{  7b7b7b7b7b7b7b7b7b7b7b7b7b7b7b7b
       334  <<<<<<<<<<<<<<<,  3c3c3c3c3c3c3c3c3c3c3c3c3c3c3c2c
       319  <<<<<<<<<<<<<<,<  3c3c3c3c3c3c3c3c3c3c3c3c3c3c2c3c
       315  ,<<<<<<<<<<<<<<<  2c3c3c3c3c3c3c3c3c3c3c3c3c3c3c3c
       314  ,,,,,,,,,,,,,,,,  2c2c2c2c2c2c2c2c2c2c2c2c2c2c2c2c
       309  <,<<<<<<<<<<<<<<  3c2c3c3c3c3c3c3c3c3c3c3c3c3c3c3c
       304  <<<<<<<<<<<<<,<<  3c3c3c3c3c3c3c3c3c3c3c3c3c2c3c3c
       302  <<,<<<<<<<<<<<<<  3c3c2c3c3c3c3c3c3c3c3c3c3c3c3c3c
       296  <<<<,<<<<<<<<<<<  3c3c3c3c2c3c3c3c3c3c3c3c3c3c3c3c
# epoch 31250  H=2.4596 C=1.8341 HO=0.6316  A(t)=620
     12952  <<<<<<<<<<<<<<<<  3c3c3c3c3c3c3c3c3c3c3c3c3c3c3c3c
      2787  {{{{{{{{{{{{{{{{  7b7b7b7b7b7b7b7b7b7b7b7b7b7b7b7b
       305  <<<<<<<<<<<<<<<,  3c3c3c3c3c3c3c3c3c3c3c3c3c3c3c2c
       295  ,<<<<<<<<<<<<<<<  2c3c3c3c3c3c3c3c3c3c3c3c3c3c3c3c
       291  <<<<<<<<<<<<<<,<  3c3c3c3c3c3c3c3c3c3c3c3c3c3c2c3c
       288  <,<<<<<<<<<<<<<<  3c2c3c3c3c3c3c3c3c3c3c3c3c3c3c3c
       284  <<<<<<<<<<<<<,<<  3c3c3c3c3c3c3c3c3c3c3c3c3c2c3c3c
       280  <<<<<<<<<<<,<<<<  3c3c3c3c3c3c3c3c3c3c3c2c3c3c3c3c
       280  <<<<<,<<<<<<<<<<  3c3c3c3c3c2c3c3c3c3c3c3c3c3c3c3c
       279  <<<<,<<<<<<<<<<<  3c3c3c3c2c3c3c3c3c3c3c3c3c3c3c3c
# epoch 31300  H=2.4752 C=1.8250 HO=0.6555  A(t)=620
     12434  <<<<<<<<<<<<<<<<  3c3c3c3c3c3c3c3c3c3c3c3c3c3c3c3c
      2350  {{{{{{{{{{{{{{{{  7b7b7b7b7b7b7b7b7b7b7b7b7b7b7b7b
       479  ,,,,,,,,,,,,,,,,  2c2c2c2c2c2c2c2c2c2c2c2c2c2c2c2c
       278  <<<<<<<<<<<<<<<,  3c3c3c3c3c3c3c3c3c3c3c3c3c3c3c2c
       271  <<<<<<<<<<<<<<,<  3c3c3c3c3c3c3c3c3c3c3c3c3c3c2c3c
       270  <,<<<<<<<<<<<<<<  3c2c3c3c3c3c3c3c3c3c3c3c3c3c3c3c
       270  ,<<<<<<<<<<<<<<<  2c3c3c3c3c3c3c3c3c3c3c3c3c3c3c3c
       259  <<<<<<<<<<<<<,<<  3c3c3c3c3c3c3c3c3c3c3c3c3c2c3c3c
       257  <<<,<<<<<<<<<<<<  3c3c3c2c3c3c3c3c3c3c3c3c3c3c3c3c
       254  <<<<<,<<<<<<<<<<  3c3c3c3c3c2c3c3c3c3c3c3c3c3c3c3c
# epoch 31350  H=2.4339 C=1.8118 HO=0.6106  A(t)=620
     11749  <<<<<<<<<<<<<<<<  3c3c3c3c3c3c3c3c3c3c3c3c3c3c3c3c
      2294  {{{{{{{{{{{{{{{{  7b7b7b7b7b7b7b7b7b7b7b7b7b7b7b7b
       363  ,,,,,,,,,,,,,,,,  2c2c2c2c2c2c2c2c2c2c2c2c2c2c2c2c
       314  <<<<<<<<<<<<<<<,  3c3c3c3c3c3c3c3c3c3c3c3c3c3c3c2c
       293  ,<<<<<<<<<<<<<<<  2c3c3c3c3c3c3c3c3c3c3c3c3c3c3c3c
       292  <<<<,<<<<<<<<<<<  3c3c3c3c2c3c3c3c3c3c3c3c3c3c3c3c
       292  <<<,<<<<<<<<<<<<  3c3c3c2c3c3c3c3c3c3c3c3c3c3c3c3c
       288  <<<<<,<<<<<<<<<<  3c3c3c3c3c2c3c3c3c3c3c3c3c3c3c3c
       280  <<<<<<,<<<<<<<<<  3c3c3c3c3c3c2c3c3c3c3c3c3c3c3c3c
       279  <<<<<<<<<<<<<<,<  3c3c3c3c3c3c3c3c3c3c3c3c3c3c2c3c
# epoch 31400  H=2.4404 C=1.8197 HO=0.6221  A(t)=620
     12294  <<<<<<<<<<<<<<<<  3c3c3c3c3c3c3c3c3c3c3c3c3c3c3c3c
      2294  {{{{{{{{{{{{{{{{  7b7b7b7b7b7b7b7b7b7b7b7b7b7b7b7b
       587  ,,,,,,,,,,,,,,,,  2c2c2c2c2c2c2c2c2c2c2c2c2c2c2c2c
       337  <<<<<<<<<<<<<<<,  3c3c3c3c3c3c3c3c3c3c3c3c3c3c3c2c
       315  ,<<<<<<<<<<<<<<<  2c3c3c3c3c3c3c3c3c3c3c3c3c3c3c3c
       306  <<<<<<<<<<<<<<,<  3c3c3c3c3c3c3c3c3c3c3c3c3c3c2c3c
       300  <,<<<<<<<<<<<<<<  3c2c3c3c3c3c3c3c3c3c3c3c3c3c3c3c
       296  <<<<<<<<<<<<<,<<  3c3c3c3c3c3c3c3c3c3c3c3c3c2c3c3c
       296  <<,<<<<<<<<<<<<<  3c3c2c3c3c3c3c3c3c3c3c3c3c3c3c3c
       295  <<<,<<<<<<<<<<<<  3c3c3c2c3c3c3c3c3c3c3c3c3c3c3c3c
# epoch 31450  H=2.4569 C=1.8242 HO=0.6271  A(t)=620
     12508  <<<<<<<<<<<<<<<<  3c3c3c3c3c3c3c3c3c3c3c3c3c3c3c3c
      2369  {{{{{{{{{{{{{{{{  7b7b7b7b7b7b7b7b7b7b7b7b7b7b7b7b
       888  ,,,,,,,,,,,,,,,,  2c2c2c2c2c2c2c2c2c2c2c2c2c2c2c2c
       303  <<<<<<<<<<<<<<<,  3c3c3c3c3c3c3c3c3c3c3c3c3c3c3c2c
       280  <<<<<<<<<<<<<<,<  3c3c3c3c3c3c3c3c3c3c3c3c3c3c2c3c
       279  ,<<<<<<<<<<<<<<<  2c3c3c3c3c3c3c3c3c3c3c3c3c3c3c3c
       274  <<<<<<,<<<<<<<<<  3c3c3c3c3c3c2c3c3c3c3c3c3c3c3c3c
       272  <<<<<<<,<<<<<<<<  3c3c3c3c3c3c3c2c3c3c3c3c3c3c3c3c
       270  <<<<<,<<<<<<<<<<  3c3c3c3c3c2c3c3c3c3c3c3c3c3c3c3c
       270  <<<<,<<<<<<<<<<<  3c3c3c3c2c3c3c3c3c3c3c3c3c3c3c3c
# epoch 31500  H=2.5802 C=1.9027 HO=0.6891  A(t)=622
     12857  <<<<<<<<<<<<<<<<  3c3c3c3c3c3c3c3c3c3c3c3c3c3c3c3c
      1887  {{{{{{{{{{{{{{{{  7b7b7b7b7b7b7b7b7b7b7b7b7b7b7b7b
       741  ,,,,,,,,,,,,,,,,  2c2c2c2c2c2c2c2c2c2c2c2c2c2c2c2c
       271  <<<<<<<<<<<<<<<,  3c3c3c3c3c3c3c3c3c3c3c3c3c3c3c2c
       255  ,<<<<<<<<<<<<<<<  2c3c3c3c3c3c3c3c3c3c3c3c3c3c3c3c
       251  <<<<<<<<<<<<<<,<  3c3c3c3c3c3c3c3c3c3c3c3c3c3c2c3c
       248  <<<<,<<<<<<<<<<<  3c3c3c3c2c3c3c3c3c3c3c3c3c3c3c3c
       247  <<<<<<<,<<<<<<<<  3c3c3c3c3c3c3c2c3c3c3c3c3c3c3c3c
       247  <<<,<<<<<<<<<<<<  3c3c3c2c3c3c3c3c3c3c3c3c3c3c3c3c
       246  <<<<<<<<<<<<<,<<  3c3c3c3c3c3c3c3c3c3c3c3c3c2c3c3c
# epoch 31550  H=2.5047 C=1.8842 HO=0.6288  A(t)=622
     12250  <<<<<<<<<<<<<<<<  3c3c3c3c3c3c3c3c3c3c3c3c3c3c3c3c
      2005  {{{{{{{{{{{{{{{{  7b7b7b7b7b7b7b7b7b7b7b7b7b7b7b7b
       646  ,,,,,,,,,,,,,,,,  2c2c2c2c2c2c2c2c2c2c2c2c2c2c2c2c
       324  <<<<<<<<<<<<<<<,  3c3c3c3c3c3c3c3c3c3c3c3c3c3c3c2c
       310  ,<<<<<<<<<<<<<<<  2c3c3c3c3c3c3c3c3c3c3c3c3c3c3c3c
       302  <<<<<<<<<<<<<<,<  3c3c3c3c3c3c3c3c3c3c3c3c3c3c2c3c
       296  <<<<<<<<<<<<<,<<  3c3c3c3c3c3c3c3c3c3c3c3c3c2c3c3c
       295  <<<<<<<<<<<<,<<<  3c3c3c3c3c3c3c3c3c3c3c3c2c3c3c3c
       294  <<<<<,<<<<<<<<<<  3c3c3c3c3c2c3c3c3c3c3c3c3c3c3c3c
       289  <<<<<<<<<<<,<<<<  3c3c3c3c3c3c3c3c3c3c3c2c3c3c3c3c
# epoch 31600  H=2.4517 C=1.8527 HO=0.6041  A(t)=622
     12545  <<<<<<<<<<<<<<<<  3c3c3c3c3c3c3c3c3c3c3c3c3c3c3c3c
      2366  {{{{{{{{{{{{{{{{  7b7b7b7b7b7b7b7b7b7b7b7b7b7b7b7b
       323  <<<<<<<<<<<<<<<,  3c3c3c3c3c3c3c3c3c3c3c3c3c3c3c2c
       309  <<<<<<<<<<<<<<,<  3c3c3c3c3c3c3c3c3c3c3c3c3c3c2c3c
       307  ,<<<<<<<<<<<<<<<  2c3c3c3c3c3c3c3c3c3c3c3c3c3c3c3c
       304  <<<<<<<<<<<<<,<<  3c3c3c3c3c3c3c3c3c3c3c3c3c2c3c3c
       304  <<<,<<<<<<<<<<<<  3c3c3c2c3c3c3c3c3c3c3c3c3c3c3c3c
       304  <<,<<<<<<<<<<<<<  3c3c2c3c3c3c3c3c3c3c3c3c3c3c3c3c
       299  <,<<<<<<<<<<<<<<  3c2c3c3c3c3c3c3c3c3c3c3c3c3c3c3c
       298  <<<<<<<,<<<<<<<<  3c3c3c3c3c3c3c2c3c3c3c3c3c3c3c3c
# epoch 31650  H=2.4307 C=1.8352 HO=0.5924  A(t)=622
     11954  <<<<<<<<<<<<<<<<  3c3c3c3c3c3c3c3c3c3c3c3c3c3c3c3c
      1926  {{{{{{{{{{{{{{{{  7b7b7b7b7b7b7b7b7b7b7b7b7b7b7b7b
       321  <<<<<<<<<<<<<<<,  3c3c3c3c3c3c3c3c3c3c3c3c3c3c3c2c
       309  ,,,,,,,,,,,,,,,,  2c2c2c2c2c2c2c2c2c2c2c2c2c2c2c2c
       298  <<<<<<<<<<<<<<,<  3c3c3c3c3c3c3c3c3c3c3c3c3c3c2c3c
       296  ,<<<<<<<<<<<<<<<  2c3c3c3c3c3c3c3c3c3c3c3c3c3c3c3c
       289  <<<<<<<<<<<<<,<<  3c3c3c3c3c3c3c3c3c3c3c3c3c2c3c3c
       283  <<<<<,<<<<<<<<<<  3c3c3c3c3c2c3c3c3c3c3c3c3c3c3c3c
       279  <<<<<<<<<<<<,<<<  3c3c3c3c3c3c3c3c3c3c3c3c2c3c3c3c
       278  <<,<<<<<<<<<<<<<  3c3c2c3c3c3c3c3c3c3c3c3c3c3c3c3c
# epoch 31700  H=2.3709 C=1.7704 HO=0.5851  A(t)=622
     12840  <<<<<<<<<<<<<<<<  3c3c3c3c3c3c3c3c3c3c3c3c3c3c3c3c
      2358  {{{{{{{{{{{{{{{{  7b7b7b7b7b7b7b7b7b7b7b7b7b7b7b7b
       521  ,,,,,,,,,,,,,,,,  2c2c2c2c2c2c2c2c2c2c2c2c2c2c2c2c
       322  <<<<<<<<<<<<<<<,  3c3c3c3c3c3c3c3c3c3c3c3c3c3c3c2c
       303  ,<<<<<<<<<<<<<<<  2c3c3c3c3c3c3c3c3c3c3c3c3c3c3c3c
       294  <<<<<<<<<<<<<<,<  3c3c3c3c3c3c3c3c3c3c3c3c3c3c2c3c
       290  <,<<<<<<<<<<<<<<  3c2c3c3c3c3c3c3c3c3c3c3c3c3c3c3c
       289  <<,<<<<<<<<<<<<<  3c3c2c3c3c3c3c3c3c3c3c3c3c3c3c3c
       287  <<<<<<<<<<<<<,<<  3c3c3c3c3c3c3c3c3c3c3c3c3c2c3c3c
       285  <<<<<<<<<<<,<<<<  3c3c3c3c3c3c3c3c3c3c3c2c3c3c3c3c
# epoch 31750  H=2.4570 C=1.8951 HO=0.5583  A(t)=622
     11375  <<<<<<<<<<<<<<<<  3c3c3c3c3c3c3c3c3c3c3c3c3c3c3c3c
      1803  {{{{{{{{{{{{{{{{  7b7b7b7b7b7b7b7b7b7b7b7b7b7b7b7b
       403  ,,,,,,,,,,,,,,,,  2c2c2c2c2c2c2c2c2c2c2c2c2c2c2c2c
       318  <<<<<<<<<<<<<<<,  3c3c3c3c3c3c3c3c3c3c3c3c3c3c3c2c
       312  <<<<<<<<<<<,<<<<  3c3c3c3c3c3c3c3c3c3c3c2c3c3c3c3c
       311  <<<<<<<<<<<<<,<<  3c3c3c3c3c3c3c3c3c3c3c3c3c2c3c3c
       305  ,<<<<<<<<<<<<<<<  2c3c3c3c3c3c3c3c3c3c3c3c3c3c3c3c
       303  <<<<<<<<<<<<<<,<  3c3c3c3c3c3c3c3c3c3c3c3c3c3c2c3c
       299  <<<<<<<<<<<<,<<<  3c3c3c3c3c3c3c3c3c3c3c3c2c3c3c3c
       294  <<<<<<<<<<,<<<<<  3c3c3c3c3c3c3c3c3c3c2c3c3c3c3c3c
# epoch 31800  H=2.4080 C=1.8135 HO=0.5738  A(t)=622
     11069  <<<<<<<<<<<<<<<<  3c3c3c3c3c3c3c3c3c3c3c3c3c3c3c3c
      2253  {{{{{{{{{{{{{{{{  7b7b7b7b7b7b7b7b7b7b7b7b7b7b7b7b
       485  ,,,,,,,,,,,,,,,,  2c2c2c2c2c2c2c2c2c2c2c2c2c2c2c2c
       303  <<<<<<<<<<<<<<<,  3c3c3c3c3c3c3c3c3c3c3c3c3c3c3c2c
       298  ................  2e2e2e2e2e2e2e2e2e2e2e2e2e2e2e2e
       285  <<<<<<<,<<<<<<<<  3c3c3c3c3c3c3c2c3c3c3c3c3c3c3c3c
       283  ,<<<<<<<<<<<<<<<  2c3c3c3c3c3c3c3c3c3c3c3c3c3c3c3c
       281  <<<<<<<<,<<<<<<<  3c3c3c3c3c3c3c3c2c3c3c3c3c3c3c3c
       278  <<<<<<<<<<<<<<,<  3c3c3c3c3c3c3c3c3c3c3c3c3c3c2c3c
       275  <<<<<<<<<<<<,<<<  3c3c3c3c3c3c3c3c3c3c3c3c2c3c3c3c
# epoch 31850  H=2.3491 C=1.7731 HO=0.5637  A(t)=623
     12032  <<<<<<<<<<<<<<<<  3c3c3c3c3c3c3c3c3c3c3c3c3c3c3c3c
      1705  {{{{{{{{{{{{{{{{  7b7b7b7b7b7b7b7b7b7b7b7b7b7b7b7b
       390  ,,,,,,,,,,,,,,,,  2c2c2c2c2c2c2c2c2c2c2c2c2c2c2c2c
       322  <<<<<<<<<<<<<<<,  3c3c3c3c3c3c3c3c3c3c3c3c3c3c3c2c
       314  ,<<<<<<<<<<<<<<<  2c3c3c3c3c3c3c3c3c3c3c3c3c3c3c3c
       309  <<<<<<<<<<<<<<,<  3c3c3c3c3c3c3c3c3c3c3c3c3c3c2c3c
       305  <<<<<<<<<<<<<,<<  3c3c3c3c3c3c3c3c3c3c3c3c3c2c3c3c
       301  <<,<<<<<<<<<<<<<  3c3c2c3c3c3c3c3c3c3c3c3c3c3c3c3c
       296  <,<<<<<<<<<<<<<<  3c2c3c3c3c3c3c3c3c3c3c3c3c3c3c3c
       294  <<<,<<<<<<<<<<<<  3c3c3c2c3c3c3c3c3c3c3c3c3c3c3c3c
# epoch 31900  H=2.5154 C=1.9186 HO=0.6130  A(t)=623
     11755  <<<<<<<<<<<<<<<<  3c3c3c3c3c3c3c3c3c3c3c3c3c3c3c3c
      1933  {{{{{{{{{{{{{{{{  7b7b7b7b7b7b7b7b7b7b7b7b7b7b7b7b
       412  ,,,,,,,,,,,,,,,,  2c2c2c2c2c2c2c2c2c2c2c2c2c2c2c2c
       306  <<<<<<<<<<<<<<<,  3c3c3c3c3c3c3c3c3c3c3c3c3c3c3c2c
       293  <<<<<<<<<<<<<<,<  3c3c3c3c3c3c3c3c3c3c3c3c3c3c2c3c
       288  <<<<<<<<,<<<<<<<  3c3c3c3c3c3c3c3c2c3c3c3c3c3c3c3c
       287  <<<<<<<,<<<<<<<<  3c3c3c3c3c3c3c2c3c3c3c3c3c3c3c3c
       286  <<<<<<<<<<<<<,<<  3c3c3c3c3c3c3c3c3c3c3c3c3c2c3c3c
       285  <<<<<<,<<<<<<<<<  3c3c3c3c3c3c2c3c3c3c3c3c3c3c3c3c
       280  <<<<<<<<<<,<<<<<  3c3c3c3c3c3c3c3c3c3c2c3c3c3c3c3c
# epoch 31950  H=2.4895 C=1.9038 HO=0.5982  A(t)=623
     12645  <<<<<<<<<<<<<<<<  3c3c3c3c3c3c3c3c3c3c3c3c3c3c3c3c
      1712  {{{{{{{{{{{{{{{{  7b7b7b7b7b7b7b7b7b7b7b7b7b7b7b7b
       554  ,,,,,,,,,,,,,,,,  2c2c2c2c2c2c2c2c2c2c2c2c2c2c2c2c
       311  <<<<<<<<<<<<<<<,  3c3c3c3c3c3c3c3c3c3c3c3c3c3c3c2c
       299  ,<<<<<<<<<<<<<<<  2c3c3c3c3c3c3c3c3c3c3c3c3c3c3c3c
       296  <<<<<<<<<<<<<<,<  3c3c3c3c3c3c3c3c3c3c3c3c3c3c2c3c
       285  <,<<<<<<<<<<<<<<  3c2c3c3c3c3c3c3c3c3c3c3c3c3c3c3c
       278  <<<<<<<<<<<<<,<<  3c3c3c3c3c3c3c3c3c3c3c3c3c2c3c3c
       276  <<,<<<<<<<<<<<<<  3c3c2c3c3c3c3c3c3c3c3c3c3c3c3c3c
       275  <<<<<<<<<<,<<<<<  3c3c3c3c3c3c3c3c3c3c2c3c3c3c3c3c
# epoch 32000  H=2.4844 C=1.9088 HO=0.5782  A(t)=623
     11018  <<<<<<<<<<<<<<<<  3c3c3c3c3c3c3c3c3c3c3c3c3c3c3c3c
      2035  {{{{{{{{{{{{{{{{  7b7b7b7b7b7b7b7b7b7b7b7b7b7b7b7b
       342  ,,,,,,,,,,,,,,,,  2c2c2c2c2c2c2c2c2c2c2c2c2c2c2c2c
       340  <<<<<<<<<<<<<<<,  3c3c3c3c3c3c3c3c3c3c3c3c3c3c3c2c
       316  <<<<<<<<,<<<<<<<  3c3c3c3c3c3c3c3c2c3c3c3c3c3c3c3c
       315  <<<<<<<<<<,<<<<<  3c3c3c3c3c3c3c3c3c3c2c3c3c3c3c3c
       314  <<<<<<<<<<<,<<<<  3c3c3c3c3c3c3c3c3c3c3c2c3c3c3c3c
       313  ,<<<<<<<<<<<<<<<  2c3c3c3c3c3c3c3c3c3c3c3c3c3c3c3c
       310  <<<<<<<<<,<<<<<<  3c3c3c3c3c3c3c3c3c2c3c3c3c3c3c3c
       310  <<<<,<<<<<<<<<<<  3c3c3c3c2c3c3c3c3c3c3c3c3c3c3c3c
# epoch 32050  H=2.4516 C=1.8812 HO=0.5842  A(t)=623
     11736  <<<<<<<<<<<<<<<<  3c3c3c3c3c3c3c3c3c3c3c3c3c3c3c3c
      2390  {{{{{{{{{{{{{{{{  7b7b7b7b7b7b7b7b7b7b7b7b7b7b7b7b
       361  ,,,,,,,,,,,,,,,,  2c2c2c2c2c2c2c2c2c2c2c2c2c2c2c2c
       319  <<<<<<<<<<<<<<<,  3c3c3c3c3c3c3c3c3c3c3c3c3c3c3c2c
       293  <<<<<<<<<<<<<<,<  3c3c3c3c3c3c3c3c3c3c3c3c3c3c2c3c
       289  ,<<<<<<<<<<<<<<<  2c3c3c3c3c3c3c3c3c3c3c3c3c3c3c3c
       280  <<<<<<<<<<<<<,<<  3c3c3c3c3c3c3c3c3c3c3c3c3c2c3c3c
       280  <<<<<<<<<<<<,<<<  3c3c3c3c3c3c3c3c3c3c3c3c2c3c3c3c
       277  <<<,<<<<<<<<<<<<  3c3c3c2c3c3c3c3c3c3c3c3c3c3c3c3c
       274  <,<<<<<<<<<<<<<<  3c2c3c3c3c3c3c3c3c3c3c3c3c3c3c3c
# epoch 32100  H=2.3848 C=1.7858 HO=0.5926  A(t)=623
     13717  <<<<<<<<<<<<<<<<  3c3c3c3c3c3c3c3c3c3c3c3c3c3c3c3c
      2400  {{{{{{{{{{{{{{{{  7b7b7b7b7b7b7b7b7b7b7b7b7b7b7b7b
       563  ,,,,,,,,,,,,,,,,  2c2c2c2c2c2c2c2c2c2c2c2c2c2c2c2c
       309  <<<<<<<<<<<<<<<,  3c3c3c3c3c3c3c3c3c3c3c3c3c3c3c2c
       302  ,<<<<<<<<<<<<<<<  2c3c3c3c3c3c3c3c3c3c3c3c3c3c3c3c
       298  <<<,<<<<<<<<<<<<  3c3c3c2c3c3c3c3c3c3c3c3c3c3c3c3c
       295  <<<<<<<<<<<<<<,<  3c3c3c3c3c3c3c3c3c3c3c3c3c3c2c3c
       295  <<,<<<<<<<<<<<<<  3c3c2c3c3c3c3c3c3c3c3c3c3c3c3c3c
       289  <,<<<<<<<<<<<<<<  3c2c3c3c3c3c3c3c3c3c3c3c3c3c3c3c
       287  <<<<,<<<<<<<<<<<  3c3c3c3c2c3c3c3c3c3c3c3c3c3c3c3c
# epoch 32150  H=2.2504 C=1.6956 HO=0.5461  A(t)=623
     12855  <<<<<<<<<<<<<<<<  3c3c3c3c3c3c3c3c3c3c3c3c3c3c3c3c
      2386  {{{{{{{{{{{{{{{{  7b7b7b7b7b7b7b7b7b7b7b7b7b7b7b7b
       547  ,,,,,,,,,,,,,,,,  2c2c2c2c2c2c2c2c2c2c2c2c2c2c2c2c
       358  <<<<<<<<<<<<<<<,  3c3c3c3c3c3c3c3c3c3c3c3c3c3c3c2c
       345  <<<<<<<<<<<<<<,<  3c3c3c3c3c3c3c3c3c3c3c3c3c3c2c3c
       330  <<<<<<<<<<<<<,<<  3c3c3c3c3c3c3c3c3c3c3c3c3c2c3c3c
       329  ,<<<<<<<<<<<<<<<  2c3c3c3c3c3c3c3c3c3c3c3c3c3c3c3c
       323  <<<<<<<<<<<<,<<<  3c3c3c3c3c3c3c3c3c3c3c3c2c3c3c3c
       323  <<<<<<<<<<,<<<<<  3c3c3c3c3c3c3c3c3c3c2c3c3c3c3c3c
       322  <,<<<<<<<<<<<<<<  3c2c3c3c3c3c3c3c3c3c3c3c3c3c3c3c
# epoch 32200  H=2.1812 C=1.6278 HO=0.5422  A(t)=623
     13309  <<<<<<<<<<<<<<<<  3c3c3c3c3c3c3c3c3c3c3c3c3c3c3c3c
      1849  {{{{{{{{{{{{{{{{  7b7b7b7b7b7b7b7b7b7b7b7b7b7b7b7b
       386  ,,,,,,,,,,,,,,,,  2c2c2c2c2c2c2c2c2c2c2c2c2c2c2c2c
       340  <<<<<<<<<<<<<<<,  3c3c3c3c3c3c3c3c3c3c3c3c3c3c3c2c
       313  ,<<<<<<<<<<<<<<<  2c3c3c3c3c3c3c3c3c3c3c3c3c3c3c3c
       309  <<<<<<<<<<<<<<,<  3c3c3c3c3c3c3c3c3c3c3c3c3c3c2c3c
       288  <<<<<<<<<<<<<,<<  3c3c3c3c3c3c3c3c3c3c3c3c3c2c3c3c
       288  <<<<<<<<<<<,<<<<  3c3c3c3c3c3c3c3c3c3c3c2c3c3c3c3c
       288  <<<<<<<<,<<<<<<<  3c3c3c3c3c3c3c3c2c3c3c3c3c3c3c3c
       286  <<<<<<<,<<<<<<<<  3c3c3c3c3c3c3c2c3c3c3c3c3c3c3c3c
# epoch 32250  H=2.2353 C=1.6871 HO=0.5282  A(t)=623
     12443  <<<<<<<<<<<<<<<<  3c3c3c3c3c3c3c3c3c3c3c3c3c3c3c3c
      1784  {{{{{{{{{{{{{{{{  7b7b7b7b7b7b7b7b7b7b7b7b7b7b7b7b
       653  ,,,,,,,,,,,,,,,,  2c2c2c2c2c2c2c2c2c2c2c2c2c2c2c2c
       332  <<<<<<<<<<<<<<<,  3c3c3c3c3c3c3c3c3c3c3c3c3c3c3c2c
       320  <<<<<<<<<<<<<<,<  3c3c3c3c3c3c3c3c3c3c3c3c3c3c2c3c
       319  ,<<<<<<<<<<<<<<<  2c3c3c3c3c3c3c3c3c3c3c3c3c3c3c3c
       312  <,<<<<<<<<<<<<<<  3c2c3c3c3c3c3c3c3c3c3c3c3c3c3c3c
       304  <<<<<<<<<<<<<,<<  3c3c3c3c3c3c3c3c3c3c3c3c3c2c3c3c
       302  <<<<<<,<<<<<<<<<  3c3c3c3c3c3c2c3c3c3c3c3c3c3c3c3c
       300  <<<<<<<<<<<<,<<<  3c3c3c3c3c3c3c3c3c3c3c3c2c3c3c3c
# epoch 32300  H=2.2472 C=1.6984 HO=0.5337  A(t)=623
     12228  <<<<<<<<<<<<<<<<  3c3c3c3c3c3c3c3c3c3c3c3c3c3c3c3c
      1957  {{{{{{{{{{{{{{{{  7b7b7b7b7b7b7b7b7b7b7b7b7b7b7b7b
       555  ,,,,,,,,,,,,,,,,  2c2c2c2c2c2c2c2c2c2c2c2c2c2c2c2c
       329  <<<<<<<<<<<<<<<,  3c3c3c3c3c3c3c3c3c3c3c3c3c3c3c2c
       300  ,<<<<<<<<<<<<<<<  2c3c3c3c3c3c3c3c3c3c3c3c3c3c3c3c
       296  <<<<<<<<<<<<<<,<  3c3c3c3c3c3c3c3c3c3c3c3c3c3c2c3c
       284  <,<<<<<<<<<<<<<<  3c2c3c3c3c3c3c3c3c3c3c3c3c3c3c3c
       282  <<<<<<<<<<<<<,<<  3c3c3c3c3c3c3c3c3c3c3c3c3c2c3c3c
       273  <<,<<<<<<<<<<<<<  3c3c2c3c3c3c3c3c3c3c3c3c3c3c3c3c
       271  <<<<<<<<<,<<<<<<  3c3c3c3c3c3c3c3c3c2c3c3c3c3c3c3c
# epoch 32350  H=2.1674 C=1.6158 HO=0.5371  A(t)=623
     12409  <<<<<<<<<<<<<<<<  3c3c3c3c3c3c3c3c3c3c3c3c3c3c3c3c
      1904  {{{{{{{{{{{{{{{{  7b7b7b7b7b7b7b7b7b7b7b7b7b7b7b7b
       650  ,,,,,,,,,,,,,,,,  2c2c2c2c2c2c2c2c2c2c2c2c2c2c2c2c
       350  <<<<<<<<<<<<<<<,  3c3c3c3c3c3c3c3c3c3c3c3c3c3c3c2c
       335  <<<<<<<<<<<<<<,<  3c3c3c3c3c3c3c3c3c3c3c3c3c3c2c3c
       318  ,<<<<<<<<<<<<<<<  2c3c3c3c3c3c3c3c3c3c3c3c3c3c3c3c
       313  <<<<<<<<<<<<,<<<  3c3c3c3c3c3c3c3c3c3c3c3c2c3c3c3c
       311  <<<<<<<<<<<<<,<<  3c3c3c3c3c3c3c3c3c3c3c3c3c2c3c3c
       307  <<<<<<,<<<<<<<<<  3c3c3c3c3c3c2c3c3c3c3c3c3c3c3c3c
       306  <<<<<<<<<<,<<<<<  3c3c3c3c3c3c3c3c3c3c2c3c3c3c3c3c
# epoch 32400  H=2.0937 C=1.5353 HO=0.5442  A(t)=623
     13952  <<<<<<<<<<<<<<<<  3c3c3c3c3c3c3c3c3c3c3c3c3c3c3c3c
      1841  {{{{{{{{{{{{{{{{  7b7b7b7b7b7b7b7b7b7b7b7b7b7b7b7b
       515  ,,,,,,,,,,,,,,,,  2c2c2c2c2c2c2c2c2c2c2c2c2c2c2c2c
       380  <<<<<<<<<<<<<<<,  3c3c3c3c3c3c3c3c3c3c3c3c3c3c3c2c
       360  <<<<<<<<<<<<<<,<  3c3c3c3c3c3c3c3c3c3c3c3c3c3c2c3c
       352  <<<<<<<<<<<<<,<<  3c3c3c3c3c3c3c3c3c3c3c3c3c2c3c3c
       351  <<<<<<<<,<<<<<<<  3c3c3c3c3c3c3c3c2c3c3c3c3c3c3c3c
       351  ,<<<<<<<<<<<<<<<  2c3c3c3c3c3c3c3c3c3c3c3c3c3c3c3c
       349  <<<<<<<<<<<<,<<<  3c3c3c3c3c3c3c3c3c3c3c3c2c3c3c3c
       344  <<<<<<<,<<<<<<<<  3c3c3c3c3c3c3c2c3c3c3c3c3c3c3c3c
# epoch 32450  H=2.0127 C=1.4965 HO=0.4833  A(t)=623
     12693  <<<<<<<<<<<<<<<<  3c3c3c3c3c3c3c3c3c3c3c3c3c3c3c3c
      2506  {{{{{{{{{{{{{{{{  7b7b7b7b7b7b7b7b7b7b7b7b7b7b7b7b
       431  <<<<<<<<<<<<<<<,  3c3c3c3c3c3c3c3c3c3c3c3c3c3c3c2c
       426  <<<<<<<<<<<<<<,<  3c3c3c3c3c3c3c3c3c3c3c3c3c3c2c3c
       419  ,,,,,,,,,,,,,,,,  2c2c2c2c2c2c2c2c2c2c2c2c2c2c2c2c
       414  <<<<<<<<<,<<<<<<  3c3c3c3c3c3c3c3c3c2c3c3c3c3c3c3c
       407  <<<<<<<<<<<<<,<<  3c3c3c3c3c3c3c3c3c3c3c3c3c2c3c3c
       407  <<<<<<<<<<<<,<<<  3c3c3c3c3c3c3c3c3c3c3c3c2c3c3c3c
       405  <<<<<<<<<<,<<<<<  3c3c3c3c3c3c3c3c3c3c2c3c3c3c3c3c
       404  <<<<<<<<,<<<<<<<  3c3c3c3c3c3c3c3c2c3c3c3c3c3c3c3c
# epoch 32500  H=2.1349 C=1.5565 HO=0.5558  A(t)=623
     14434  <<<<<<<<<<<<<<<<  3c3c3c3c3c3c3c3c3c3c3c3c3c3c3c3c
      2029  {{{{{{{{{{{{{{{{  7b7b7b7b7b7b7b7b7b7b7b7b7b7b7b7b
       687  ,,,,,,,,,,,,,,,,  2c2c2c2c2c2c2c2c2c2c2c2c2c2c2c2c
       333  <<<<<<<<<<<<<<,<  3c3c3c3c3c3c3c3c3c3c3c3c3c3c2c3c
       332  <<<<<<<<<<<<<<<,  3c3c3c3c3c3c3c3c3c3c3c3c3c3c3c2c
       330  ,<<<<<<<<<<<<<<<  2c3c3c3c3c3c3c3c3c3c3c3c3c3c3c3c
       326  <<<,<<<<<<<<<<<<  3c3c3c2c3c3c3c3c3c3c3c3c3c3c3c3c
       326  <<,<<<<<<<<<<<<<  3c3c2c3c3c3c3c3c3c3c3c3c3c3c3c3c
       325  <,<<<<<<<<<<<<<<  3c2c3c3c3c3c3c3c3c3c3c3c3c3c3c3c
       321  <<<<<<<<<<<<<,<<  3c3c3c3c3c3c3c3c3c3c3c3c3c2c3c3c
# epoch 32550  H=2.1856 C=1.5836 HO=0.5937  A(t)=623
     14261  <<<<<<<<<<<<<<<<  3c3c3c3c3c3c3c3c3c3c3c3c3c3c3c3c
      2469  {{{{{{{{{{{{{{{{  7b7b7b7b7b7b7b7b7b7b7b7b7b7b7b7b
       672  ,,,,,,,,,,,,,,,,  2c2c2c2c2c2c2c2c2c2c2c2c2c2c2c2c
       355  <<<<<<<<<<<<<<<,  3c3c3c3c3c3c3c3c3c3c3c3c3c3c3c2c
       342  <<<<<<<<<<<<<<,<  3c3c3c3c3c3c3c3c3c3c3c3c3c3c2c3c
       339  ,<<<<<<<<<<<<<<<  2c3c3c3c3c3c3c3c3c3c3c3c3c3c3c3c
       334  <<<<<<<<<<<<<,<<  3c3c3c3c3c3c3c3c3c3c3c3c3c2c3c3c
       332  <,<<<<<<<<<<<<<<  3c2c3c3c3c3c3c3c3c3c3c3c3c3c3c3c
       325  <<<<<<<<<<,<<<<<  3c3c3c3c3c3c3c3c3c3c2c3c3c3c3c3c
       322  <<,<<<<<<<<<<<<<  3c3c2c3c3c3c3c3c3c3c3c3c3c3c3c3c
# epoch 32600  H=2.3142 C=1.6763 HO=0.6266  A(t)=623
     12184  <<<<<<<<<<<<<<<<  3c3c3c3c3c3c3c3c3c3c3c3c3c3c3c3c
      2039  {{{{{{{{{{{{{{{{  7b7b7b7b7b7b7b7b7b7b7b7b7b7b7b7b
       666  ,,,,,,,,,,,,,,,,  2c2c2c2c2c2c2c2c2c2c2c2c2c2c2c2c
       342  <<<<<<<<<<<<<<<,  3c3c3c3c3c3c3c3c3c3c3c3c3c3c3c2c
       338  ,<<<<<<<<<<<<<<<  2c3c3c3c3c3c3c3c3c3c3c3c3c3c3c3c
       330  <,<<<<<<<<<<<<<<  3c2c3c3c3c3c3c3c3c3c3c3c3c3c3c3c
       329  <<<<<<<<<<<<<<,<  3c3c3c3c3c3c3c3c3c3c3c3c3c3c2c3c
       315  <<<<<<<<<<<<<,<<  3c3c3c3c3c3c3c3c3c3c3c3c3c2c3c3c
       315  <<<<,<<<<<<<<<<<  3c3c3c3c2c3c3c3c3c3c3c3c3c3c3c3c
       311  <<,<<<<<<<<<<<<<  3c3c2c3c3c3c3c3c3c3c3c3c3c3c3c3c
# epoch 32650  H=2.2679 C=1.6512 HO=0.6047  A(t)=623
     12037  <<<<<<<<<<<<<<<<  3c3c3c3c3c3c3c3c3c3c3c3c3c3c3c3c
      2281  {{{{{{{{{{{{{{{{  7b7b7b7b7b7b7b7b7b7b7b7b7b7b7b7b
       571  ,,,,,,,,,,,,,,,,  2c2c2c2c2c2c2c2c2c2c2c2c2c2c2c2c
       343  <<<<<<<<<<<<<<<,  3c3c3c3c3c3c3c3c3c3c3c3c3c3c3c2c
       327  <<<<<<<<<<<<<<,<  3c3c3c3c3c3c3c3c3c3c3c3c3c3c2c3c
       321  <<<<<<<<,<<<<<<<  3c3c3c3c3c3c3c3c2c3c3c3c3c3c3c3c
       319  <<<<<<<,<<<<<<<<  3c3c3c3c3c3c3c2c3c3c3c3c3c3c3c3c
       317  ,<<<<<<<<<<<<<<<  2c3c3c3c3c3c3c3c3c3c3c3c3c3c3c3c
       313  <<<<<<<<<<<<<,<<  3c3c3c3c3c3c3c3c3c3c3c3c3c2c3c3c
       313  <<<<<<,<<<<<<<<<  3c3c3c3c3c3c2c3c3c3c3c3c3c3c3c3c
# epoch 32700  H=2.2685 C=1.6362 HO=0.6193  A(t)=623
     13248  <<<<<<<<<<<<<<<<  3c3c3c3c3c3c3c3c3c3c3c3c3c3c3c3c
      2400  {{{{{{{{{{{{{{{{  7b7b7b7b7b7b7b7b7b7b7b7b7b7b7b7b
       379  ,,,,,,,,,,,,,,,,  2c2c2c2c2c2c2c2c2c2c2c2c2c2c2c2c
       364  <<<<<<<<<<<<<<<,  3c3c3c3c3c3c3c3c3c3c3c3c3c3c3c2c
       340  ,<<<<<<<<<<<<<<<  2c3c3c3c3c3c3c3c3c3c3c3c3c3c3c3c
       339  <<<<<<<<<<<<<<,<  3c3c3c3c3c3c3c3c3c3c3c3c3c3c2c3c
       333  <<<<<<<,<<<<<<<<  3c3c3c3c3c3c3c2c3c3c3c3c3c3c3c3c
       332  <<<<<<<<<<<<<,<<  3c3c3c3c3c3c3c3c3c3c3c3c3c2c3c3c
       332  <,<<<<<<<<<<<<<<  3c2c3c3c3c3c3c3c3c3c3c3c3c3c3c3c
       329  <<,<<<<<<<<<<<<<  3c3c2c3c3c3c3c3c3c3c3c3c3c3c3c3c
# epoch 32750  H=2.1507 C=1.5026 HO=0.6224  A(t)=623
     13332  <<<<<<<<<<<<<<<<  3c3c3c3c3c3c3c3c3c3c3c3c3c3c3c3c
      2871  {{{{{{{{{{{{{{{{  7b7b7b7b7b7b7b7b7b7b7b7b7b7b7b7b
       903  ,,,,,,,,,,,,,,,,  2c2c2c2c2c2c2c2c2c2c2c2c2c2c2c2c
       352  <<<<<<<<<<<<<<<,  3c3c3c3c3c3c3c3c3c3c3c3c3c3c3c2c
       331  ,<<<<<<<<<<<<<<<  2c3c3c3c3c3c3c3c3c3c3c3c3c3c3c3c
       327  <<,<<<<<<<<<<<<<  3c3c2c3c3c3c3c3c3c3c3c3c3c3c3c3c
       327  <,<<<<<<<<<<<<<<  3c2c3c3c3c3c3c3c3c3c3c3c3c3c3c3c
       326  <<<<<<<<<<<<<<,<  3c3c3c3c3c3c3c3c3c3c3c3c3c3c2c3c
       326  <<<<<,<<<<<<<<<<  3c3c3c3c3c2c3c3c3c3c3c3c3c3c3c3c
       325  <<<<<<,<<<<<<<<<  3c3c3c3c3c3c2c3c3c3c3c3c3c3c3c3c
# epoch 32800  H=2.0743 C=1.4403 HO=0.6035  A(t)=623
     12989  <<<<<<<<<<<<<<<<  3c3c3c3c3c3c3c3c3c3c3c3c3c3c3c3c
      2923  {{{{{{{{{{{{{{{{  7b7b7b7b7b7b7b7b7b7b7b7b7b7b7b7b
       581  ,,,,,,,,,,,,,,,,  2c2c2c2c2c2c2c2c2c2c2c2c2c2c2c2c
       314  <<<<,<<<<<<<<<<<  3c3c3c3c2c3c3c3c3c3c3c3c3c3c3c3c
       313  <<<<<<<<<<<<<<<,  3c3c3c3c3c3c3c3c3c3c3c3c3c3c3c2c
       310  <<,<<<<<<<<<<<<<  3c3c2c3c3c3c3c3c3c3c3c3c3c3c3c3c
       308  <<<<<<<<<<<<<<,<  3c3c3c3c3c3c3c3c3c3c3c3c3c3c2c3c
       308  <<<<<,<<<<<<<<<<  3c3c3c3c3c2c3c3c3c3c3c3c3c3c3c3c
       307  <<<<<<,<<<<<<<<<  3c3c3c3c3c3c2c3c3c3c3c3c3c3c3c3c
       306  <<<,<<<<<<<<<<<<  3c3c3c2c3c3c3c3c3c3c3c3c3c3c3c3c
# epoch 32850  H=2.1707 C=1.5732 HO=0.5754  A(t)=623
     13477  <<<<<<<<<<<<<<<<  3c3c3c3c3c3c3c3c3c3c3c3c3c3c3c3c
      2463  {{{{{{{{{{{{{{{{  7b7b7b7b7b7b7b7b7b7b7b7b7b7b7b7b
       537  ,,,,,,,,,,,,,,,,  2c2c2c2c2c2c2c2c2c2c2c2c2c2c2c2c
       359  <<<<<<<<<<<<<<<,  3c3c3c3c3c3c3c3c3c3c3c3c3c3c3c2c
       352  ,<<<<<<<<<<<<<<<  2c3c3c3c3c3c3c3c3c3c3c3c3c3c3c3c
       349  <<<<<<<<<<<<<<,<  3c3c3c3c3c3c3c3c3c3c3c3c3c3c2c3c
       348  <<<<<<<,<<<<<<<<  3c3c3c3c3c3c3c2c3c3c3c3c3c3c3c3c
       347  <<<<<<<<<<<<<,<<  3c3c3c3c3c3c3c3c3c3c3c3c3c2c3c3c
       347  <<<<<<<<,<<<<<<<  3c3c3c3c3c3c3c3c2c3c3c3c3c3c3c3c
       344  <<<<<<<<<<<<,<<<  3c3c3c3c3c3c3c3c3c3c3c3c2c3c3c3c
# epoch 32900  H=2.2236 C=1.6066 HO=0.6088  A(t)=623
     13215  <<<<<<<<<<<<<<<<  3c3c3c3c3c3c3c3c3c3c3c3c3c3c3c3c
      2889  {{{{{{{{{{{{{{{{  7b7b7b7b7b7b7b7b7b7b7b7b7b7b7b7b
       394  ,,,,,,,,,,,,,,,,  2c2c2c2c2c2c2c2c2c2c2c2c2c2c2c2c
       355  <<<<<<<<<<<<<<<,  3c3c3c3c3c3c3c3c3c3c3c3c3c3c3c2c
       340  <<<<<<<<<<<<<<,<  3c3c3c3c3c3c3c3c3c3c3c3c3c3c2c3c
       338  <<<<<<<<<<<<<,<<  3c3c3c3c3c3c3c3c3c3c3c3c3c2c3c3c
       333  ,<<<<<<<<<<<<<<<  2c3c3c3c3c3c3c3c3c3c3c3c3c3c3c3c
       331  <<<<<<<<<<<<,<<<  3c3c3c3c3c3c3c3c3c3c3c3c2c3c3c3c
       325  <,<<<<<<<<<<<<<<  3c2c3c3c3c3c3c3c3c3c3c3c3c3c3c3c
       322  <<,<<<<<<<<<<<<<  3c3c2c3c3c3c3c3c3c3c3c3c3c3c3c3c
# epoch 32950  H=2.2977 C=1.7036 HO=0.5947  A(t)=623
     13148  <<<<<<<<<<<<<<<<  3c3c3c3c3c3c3c3c3c3c3c3c3c3c3c3c
      2272  {{{{{{{{{{{{{{{{  7b7b7b7b7b7b7b7b7b7b7b7b7b7b7b7b
       338  <<<<<<<<<<<<<<<,  3c3c3c3c3c3c3c3c3c3c3c3c3c3c3c2c
       325  ,<<<<<<<<<<<<<<<  2c3c3c3c3c3c3c3c3c3c3c3c3c3c3c3c
       323  <<<<<<<<<<<<<<,<  3c3c3c3c3c3c3c3c3c3c3c3c3c3c2c3c
       312  <,<<<<<<<<<<<<<<  3c2c3c3c3c3c3c3c3c3c3c3c3c3c3c3c
       299  <<<<<<<<<<<<<,<<  3c3c3c3c3c3c3c3c3c3c3c3c3c2c3c3c
       295  <<,<<<<<<<<<<<<<  3c3c2c3c3c3c3c3c3c3c3c3c3c3c3c3c
       294  <<<<<<<<<<<<,<<<  3c3c3c3c3c3c3c3c3c3c3c3c2c3c3c3c
       294  <<<<<<,<<<<<<<<<  3c3c3c3c3c3c2c3c3c3c3c3c3c3c3c3c
# epoch 33000  H=2.4937 C=1.8617 HO=0.6334  A(t)=623
     11906  <<<<<<<<<<<<<<<<  3c3c3c3c3c3c3c3c3c3c3c3c3c3c3c3c
      1587  {{{{{{{{{{{{{{{{  7b7b7b7b7b7b7b7b7b7b7b7b7b7b7b7b
       539  ,,,,,,,,,,,,,,,,  2c2c2c2c2c2c2c2c2c2c2c2c2c2c2c2c
       341  <<<<<<<<<<<<<<<,  3c3c3c3c3c3c3c3c3c3c3c3c3c3c3c2c
       322  ,<<<<<<<<<<<<<<<  2c3c3c3c3c3c3c3c3c3c3c3c3c3c3c3c
       320  <<<<<<<<<<<<<<,<  3c3c3c3c3c3c3c3c3c3c3c3c3c3c2c3c
       313  <,<<<<<<<<<<<<<<  3c2c3c3c3c3c3c3c3c3c3c3c3c3c3c3c
       308  <<<<<<<<<<<<<,<<  3c3c3c3c3c3c3c3c3c3c3c3c3c2c3c3c
       306  <<<<<<<<<<,<<<<<  3c3c3c3c3c3c3c3c3c3c2c3c3c3c3c3c
       305  <<<<<<,<<<<<<<<<  3c3c3c3c3c3c2c3c3c3c3c3c3c3c3c3c
# epoch 33050  H=2.3610 C=1.7814 HO=0.5993  A(t)=623
     12564  <<<<<<<<<<<<<<<<  3c3c3c3c3c3c3c3c3c3c3c3c3c3c3c3c
      2051  {{{{{{{{{{{{{{{{  7b7b7b7b7b7b7b7b7b7b7b7b7b7b7b7b
       465  ,,,,,,,,,,,,,,,,  2c2c2c2c2c2c2c2c2c2c2c2c2c2c2c2c
       368  <<<<<<<<<<<<<<<,  3c3c3c3c3c3c3c3c3c3c3c3c3c3c3c2c
       348  ,<<<<<<<<<<<<<<<  2c3c3c3c3c3c3c3c3c3c3c3c3c3c3c3c
       346  <<<<<<<<<<<<<<,<  3c3c3c3c3c3c3c3c3c3c3c3c3c3c2c3c
       334  <<<<<<<<<<<<<,<<  3c3c3c3c3c3c3c3c3c3c3c3c3c2c3c3c
       333  <,<<<<<<<<<<<<<<  3c2c3c3c3c3c3c3c3c3c3c3c3c3c3c3c
       327  <<<<<<<<<<,<<<<<  3c3c3c3c3c3c3c3c3c3c2c3c3c3c3c3c
       324  <<<<<<<<<<<<,<<<  3c3c3c3c3c3c3c3c3c3c3c3c2c3c3c3c
# epoch 33100  H=2.3632 C=1.8049 HO=0.5737  A(t)=623
     12777  <<<<<<<<<<<<<<<<  3c3c3c3c3c3c3c3c3c3c3c3c3c3c3c3c
      1811  {{{{{{{{{{{{{{{{  7b7b7b7b7b7b7b7b7b7b7b7b7b7b7b7b
       381  ,,,,,,,,,,,,,,,,  2c2c2c2c2c2c2c2c2c2c2c2c2c2c2c2c
       322  <<<<<<<<<<<<<<<,  3c3c3c3c3c3c3c3c3c3c3c3c3c3c3c2c
       314  <<<<<<<<<<<<<<,<  3c3c3c3c3c3c3c3c3c3c3c3c3c3c2c3c
       302  ,<<<<<<<<<<<<<<<  2c3c3c3c3c3c3c3c3c3c3c3c3c3c3c3c
       295  <<<<<<<<<<<<<,<<  3c3c3c3c3c3c3c3c3c3c3c3c3c2c3c3c
       293  <<<<<<<<,<<<<<<<  3c3c3c3c3c3c3c3c2c3c3c3c3c3c3c3c
       291  <<<<<<<<<,<<<<<<  3c3c3c3c3c3c3c3c3c2c3c3c3c3c3c3c
       291  <,<<<<<<<<<<<<<<  3c2c3c3c3c3c3c3c3c3c3c3c3c3c3c3c
# epoch 33150  H=2.3573 C=1.8398 HO=0.5172  A(t)=623
     12457  <<<<<<<<<<<<<<<<  3c3c3c3c3c3c3c3c3c3c3c3c3c3c3c3c
      1811  {{{{{{{{{{{{{{{{  7b7b7b7b7b7b7b7b7b7b7b7b7b7b7b7b
       350  <<<<<,<<<<<<<<<<  3c3c3c3c3c2c3c3c3c3c3c3c3c3c3c3c
       347  <<<<<<<<<<<<<<<,  3c3c3c3c3c3c3c3c3c3c3c3c3c3c3c2c
       345  <<<<<<<<<<,<<<<<  3c3c3c3c3c3c3c3c3c3c2c3c3c3c3c3c
       345  <,<<<<<<<<<<<<<<  3c2c3c3c3c3c3c3c3c3c3c3c3c3c3c3c
       344  <<<<<<<<<<<,<<<<  3c3c3c3c3c3c3c3c3c3c3c2c3c3c3c3c
       344  <<<<<<,<<<<<<<<<  3c3c3c3c3c3c2c3c3c3c3c3c3c3c3c3c
       343  <<<<<<<<<<<<<,<<  3c3c3c3c3c3c3c3c3c3c3c3c3c2c3c3c
       343  <<<<,<<<<<<<<<<<  3c3c3c3c2c3c3c3c3c3c3c3c3c3c3c3c
# epoch 33200  H=2.4127 C=1.8821 HO=0.5373  A(t)=623
     13230  <<<<<<<<<<<<<<<<  3c3c3c3c3c3c3c3c3c3c3c3c3c3c3c3c
      1561  {{{{{{{{{{{{{{{{  7b7b7b7b7b7b7b7b7b7b7b7b7b7b7b7b
       402  ,,,,,,,,,,,,,,,,  2c2c2c2c2c2c2c2c2c2c2c2c2c2c2c2c
       324  <<<<<<<<<<<<<<<,  3c3c3c3c3c3c3c3c3c3c3c3c3c3c3c2c
       312  ,<<<<<<<<<<<<<<<  2c3c3c3c3c3c3c3c3c3c3c3c3c3c3c3c
       303  <<<<<<<<<<<<<<,<  3c3c3c3c3c3c3c3c3c3c3c3c3c3c2c3c
       303  <,<<<<<<<<<<<<<<  3c2c3c3c3c3c3c3c3c3c3c3c3c3c3c3c
       297  <<<<<<<<,<<<<<<<  3c3c3c3c3c3c3c3c2c3c3c3c3c3c3c3c
       294  <<<<<<<<<<<<<,<<  3c3c3c3c3c3c3c3c3c3c3c3c3c2c3c3c
       293  <<<<<<<,<<<<<<<<  3c3c3c3c3c3c3c2c3c3c3c3c3c3c3c3c
# epoch 33250  H=2.4473 C=1.9469 HO=0.5034  A(t)=623
     12262  <<<<<<<<<<<<<<<<  3c3c3c3c3c3c3c3c3c3c3c3c3c3c3c3c
      1250  {{{{{{{{{{{{{{{{  7b7b7b7b7b7b7b7b7b7b7b7b7b7b7b7b
       301  <<<<<<<<<<<<<<<,  3c3c3c3c3c3c3c3c3c3c3c3c3c3c3c2c
       293  <<<<<<<<<<<<<<,<  3c3c3c3c3c3c3c3c3c3c3c3c3c3c2c3c
       287  <<<<<<<<<<<<<,<<  3c3c3c3c3c3c3c3c3c3c3c3c3c2c3c3c
       286  ,<<<<<<<<<<<<<<<  2c3c3c3c3c3c3c3c3c3c3c3c3c3c3c3c
       279  <<<<<<<<<,<<<<<<  3c3c3c3c3c3c3c3c3c2c3c3c3c3c3c3c
       277  <,<<<<<<<<<<<<<<  3c2c3c3c3c3c3c3c3c3c3c3c3c3c3c3c
       275  <<<<<<,<<<<<<<<<  3c3c3c3c3c3c2c3c3c3c3c3c3c3c3c3c
       274  <<<<<<<<<<<<,<<<  3c3c3c3c3c3c3c3c3c3c3c3c2c3c3c3c
# epoch 33300  H=2.4978 C=1.9769 HO=0.5233  A(t)=623
     10972  <<<<<<<<<<<<<<<<  3c3c3c3c3c3c3c3c3c3c3c3c3c3c3c3c
      1373  {{{{{{{{{{{{{{{{  7b7b7b7b7b7b7b7b7b7b7b7b7b7b7b7b
       534  ,,,,,,,,,,,,,,,,  2c2c2c2c2c2c2c2c2c2c2c2c2c2c2c2c
       309  <<<<<<<<<<<<<<<,  3c3c3c3c3c3c3c3c3c3c3c3c3c3c3c2c
       295  <<<<<<<<<<<<<<,<  3c3c3c3c3c3c3c3c3c3c3c3c3c3c2c3c
       294  ,<<<<<<<<<<<<<<<  2c3c3c3c3c3c3c3c3c3c3c3c3c3c3c3c
       290  <<<,<<<<<<<<<<<<  3c3c3c2c3c3c3c3c3c3c3c3c3c3c3c3c
       285  <<<<<<<<<<<<,<<<  3c3c3c3c3c3c3c3c3c3c3c3c2c3c3c3c
       284  <<<<<<<<<<<<<,<<  3c3c3c3c3c3c3c3c3c3c3c3c3c2c3c3c
       284  <<<<<<<<,<<<<<<<  3c3c3c3c3c3c3c3c2c3c3c3c3c3c3c3c
# epoch 33350  H=2.6229 C=2.0894 HO=0.5425  A(t)=623
      9935  <<<<<<<<<<<<<<<<  3c3c3c3c3c3c3c3c3c3c3c3c3c3c3c3c
      1255  {{{{{{{{{{{{{{{{  7b7b7b7b7b7b7b7b7b7b7b7b7b7b7b7b
       451  ,,,,,,,,,,,,,,,,  2c2c2c2c2c2c2c2c2c2c2c2c2c2c2c2c
       274  <<<<<<<<<<<<<<<,  3c3c3c3c3c3c3c3c3c3c3c3c3c3c3c2c
       262  <<<<<<<<<,<<<<<<  3c3c3c3c3c3c3c3c3c2c3c3c3c3c3c3c
       260  <<<<<<<<,<<<<<<<  3c3c3c3c3c3c3c3c2c3c3c3c3c3c3c3c
       259  <<<<<<<<<<<<<<,<  3c3c3c3c3c3c3c3c3c3c3c3c3c3c2c3c
       259  <<<<<<<,<<<<<<<<  3c3c3c3c3c3c3c2c3c3c3c3c3c3c3c3c
       259  ,<<<<<<<<<<<<<<<  2c3c3c3c3c3c3c3c3c3c3c3c3c3c3c3c
       257  <<<<<<,<<<<<<<<<  3c3c3c3c3c3c2c3c3c3c3c3c3c3c3c3c
# epoch 33400  H=2.5751 C=2.0668 HO=0.5101  A(t)=625
      9987  <<<<<<<<<<<<<<<<  3c3c3c3c3c3c3c3c3c3c3c3c3c3c3c3c
      1231  {{{{{{{{{{{{{{{{  7b7b7b7b7b7b7b7b7b7b7b7b7b7b7b7b
       302  <<<<<<<<<<<<<<<,  3c3c3c3c3c3c3c3c3c3c3c3c3c3c3c2c
       294  ,<<<<<<<<<<<<<<<  2c3c3c3c3c3c3c3c3c3c3c3c3c3c3c3c
       285  <<<<<<<<<<<<,<<<  3c3c3c3c3c3c3c3c3c3c3c3c2c3c3c3c
       284  <<<<<<<<<<<<<<,<  3c3c3c3c3c3c3c3c3c3c3c3c3c3c2c3c
       278  <<<<<<<<<<<<<,<<  3c3c3c3c3c3c3c3c3c3c3c3c3c2c3c3c
       277  <<<<<,<<<<<<<<<<  3c3c3c3c3c2c3c3c3c3c3c3c3c3c3c3c
       276  <<<<<<<<<<,<<<<<  3c3c3c3c3c3c3c3c3c3c2c3c3c3c3c3c
       276  <<<<<<<,<<<<<<<<  3c3c3c3c3c3c3c2c3c3c3c3c3c3c3c3c
# epoch 33450  H=2.5161 C=2.0227 HO=0.4903  A(t)=625
     11758  <<<<<<<<<<<<<<<<  3c3c3c3c3c3c3c3c3c3c3c3c3c3c3c3c
       917  {{{{{{{{{{{{{{{{  7b7b7b7b7b7b7b7b7b7b7b7b7b7b7b7b
       348  ,,,,,,,,,,,,,,,,  2c2c2c2c2c2c2c2c2c2c2c2c2c2c2c2c
       316  <<<<<<<<<<<<<<<,  3c3c3c3c3c3c3c3c3c3c3c3c3c3c3c2c
       291  <<<<<<<<<<<<<<,<  3c3c3c3c3c3c3c3c3c3c3c3c3c3c2c3c
       282  <<<<<<<<<<<<<,<<  3c3c3c3c3c3c3c3c3c3c3c3c3c2c3c3c
       282  <<<<<<<,<<<<<<<<  3c3c3c3c3c3c3c2c3c3c3c3c3c3c3c3c
       277  <<<<<<<<<<<<,<<<  3c3c3c3c3c3c3c3c3c3c3c3c2c3c3c3c
       277  <<<<<<<<,<<<<<<<  3c3c3c3c3c3c3c3c2c3c3c3c3c3c3c3c
       276  ,<<<<<<<<<<<<<<<  2c3c3c3c3c3c3c3c3c3c3c3c3c3c3c3c
# epoch 33500  H=2.6592 C=2.1477 HO=0.5195  A(t)=625
     10287  <<<<<<<<<<<<<<<<  3c3c3c3c3c3c3c3c3c3c3c3c3c3c3c3c
      1077  {{{{{{{{{{{{{{{{  7b7b7b7b7b7b7b7b7b7b7b7b7b7b7b7b
       444  ,,,,,,,,,,,,,,,,  2c2c2c2c2c2c2c2c2c2c2c2c2c2c2c2c
       267  <<<<<<<<<<<<<<<,  3c3c3c3c3c3c3c3c3c3c3c3c3c3c3c2c
       255  <<<<<<<<<<<<<<,<  3c3c3c3c3c3c3c3c3c3c3c3c3c3c2c3c
       253  <<<<<<<<<<<<<,<<  3c3c3c3c3c3c3c3c3c3c3c3c3c2c3c3c
       242  ,<<<<<<<<<<<<<<<  2c3c3c3c3c3c3c3c3c3c3c3c3c3c3c3c
       236  <<<<<<<<<<<<,<<<  3c3c3c3c3c3c3c3c3c3c3c3c2c3c3c3c
       234  <<<<<<<<<<<,<<<<  3c3c3c3c3c3c3c3c3c3c3c2c3c3c3c3c
       233  <<<<<<,<<<<<<<<<  3c3c3c3c3c3c2c3c3c3c3c3c3c3c3c3c
# epoch 33550  H=2.6635 C=2.1554 HO=0.5092  A(t)=625
     11274  <<<<<<<<<<<<<<<<  3c3c3c3c3c3c3c3c3c3c3c3c3c3c3c3c
      1113  {{{{{{{{{{{{{{{{  7b7b7b7b7b7b7b7b7b7b7b7b7b7b7b7b
       400  ,,,,,,,,,,,,,,,,  2c2c2c2c2c2c2c2c2c2c2c2c2c2c2c2c
       278  <<<<<<<<<<<<<<<,  3c3c3c3c3c3c3c3c3c3c3c3c3c3c3c2c
       263  ,<<<<<<<<<<<<<<<  2c3c3c3c3c3c3c3c3c3c3c3c3c3c3c3c
       255  <<<,<<<<<<<<<<<<  3c3c3c2c3c3c3c3c3c3c3c3c3c3c3c3c
       252  <<<<,<<<<<<<<<<<  3c3c3c3c2c3c3c3c3c3c3c3c3c3c3c3c
       251  <,<<<<<<<<<<<<<<  3c2c3c3c3c3c3c3c3c3c3c3c3c3c3c3c
       250  <<,<<<<<<<<<<<<<  3c3c2c3c3c3c3c3c3c3c3c3c3c3c3c3c
       249  <<<<<<<<<<<<<<,<  3c3c3c3c3c3c3c3c3c3c3c3c3c3c2c3c
# epoch 33600  H=2.6116 C=2.0863 HO=0.5276  A(t)=625
     11860  <<<<<<<<<<<<<<<<  3c3c3c3c3c3c3c3c3c3c3c3c3c3c3c3c
      1248  {{{{{{{{{{{{{{{{  7b7b7b7b7b7b7b7b7b7b7b7b7b7b7b7b
       315  ,,,,,,,,,,,,,,,,  2c2c2c2c2c2c2c2c2c2c2c2c2c2c2c2c
       272  <<<<<<<<<<<<<<<,  3c3c3c3c3c3c3c3c3c3c3c3c3c3c3c2c
       266  ,<<<<<<<<<<<<<<<  2c3c3c3c3c3c3c3c3c3c3c3c3c3c3c3c
       258  <<<<<<<<<<<<<<,<  3c3c3c3c3c3c3c3c3c3c3c3c3c3c2c3c
       246  <<<<<<<<<<<<<,<<  3c3c3c3c3c3c3c3c3c3c3c3c3c2c3c3c
       242  <,<<<<<<<<<<<<<<  3c2c3c3c3c3c3c3c3c3c3c3c3c3c3c3c
       233  <<<<<<<<<<<<,<<<  3c3c3c3c3c3c3c3c3c3c3c3c2c3c3c3c
       233  <<,<<<<<<<<<<<<<  3c3c2c3c3c3c3c3c3c3c3c3c3c3c3c3c
# epoch 33650  H=2.5584 C=2.0515 HO=0.5103  A(t)=625
     10368  <<<<<<<<<<<<<<<<  3c3c3c3c3c3c3c3c3c3c3c3c3c3c3c3c
      1475  {{{{{{{{{{{{{{{{  7b7b7b7b7b7b7b7b7b7b7b7b7b7b7b7b
       271  <<<<<<<<<<<<<<<,  3c3c3c3c3c3c3c3c3c3c3c3c3c3c3c2c
       268  <<<<<<<<<<<<<<,<  3c3c3c3c3c3c3c3c3c3c3c3c3c3c2c3c
       266  <,<<<<<<<<<<<<<<  3c2c3c3c3c3c3c3c3c3c3c3c3c3c3c3c
       266  ,<<<<<<<<<<<<<<<  2c3c3c3c3c3c3c3c3c3c3c3c3c3c3c3c
       254  <<,<<<<<<<<<<<<<  3c3c2c3c3c3c3c3c3c3c3c3c3c3c3c3c
       250  <<<<<<<<<<<<<,<<  3c3c3c3c3c3c3c3c3c3c3c3c3c2c3c3c
       247  <<<<<<,<<<<<<<<<  3c3c3c3c3c3c2c3c3c3c3c3c3c3c3c3c
       247  <<<<<,<<<<<<<<<<  3c3c3c3c3c2c3c3c3c3c3c3c3c3c3c3c
# epoch 33700  H=2.6452 C=2.0996 HO=0.5545  A(t)=625
      9955  <<<<<<<<<<<<<<<<  3c3c3c3c3c3c3c3c3c3c3c3c3c3c3c3c
      1215  {{{{{{{{{{{{{{{{  7b7b7b7b7b7b7b7b7b7b7b7b7b7b7b7b
       627  ,,,,,,,,,,,,,,,,  2c2c2c2c2c2c2c2c2c2c2c2c2c2c2c2c
       308  <<<<<<<<<<<<<<<,  3c3c3c3c3c3c3c3c3c3c3c3c3c3c3c2c
       299  <<<<<<<<<<<<<<,<  3c3c3c3c3c3c3c3c3c3c3c3c3c3c2c3c
       282  ,<<<<<<<<<<<<<<<  2c3c3c3c3c3c3c3c3c3c3c3c3c3c3c3c
       279  <<,<<<<<<<<<<<<<  3c3c2c3c3c3c3c3c3c3c3c3c3c3c3c3c
       278  <<<<<<<<<<<<<,<<  3c3c3c3c3c3c3c3c3c3c3c3c3c2c3c3c
       270  <,<<<<<<<<<<<<<<  3c2c3c3c3c3c3c3c3c3c3c3c3c3c3c3c
       268  <<<,<<<<<<<<<<<<  3c3c3c2c3c3c3c3c3c3c3c3c3c3c3c3c
# epoch 33750  H=2.6287 C=2.0942 HO=0.5410  A(t)=625
     10340  <<<<<<<<<<<<<<<<  3c3c3c3c3c3c3c3c3c3c3c3c3c3c3c3c
      1647  {{{{{{{{{{{{{{{{  7b7b7b7b7b7b7b7b7b7b7b7b7b7b7b7b
       375  ,,,,,,,,,,,,,,,,  2c2c2c2c2c2c2c2c2c2c2c2c2c2c2c2c
       298  <<<<<<<<<<<<<<<,  3c3c3c3c3c3c3c3c3c3c3c3c3c3c3c2c
       279  ,<<<<<<<<<<<<<<<  2c3c3c3c3c3c3c3c3c3c3c3c3c3c3c3c
       275  <<<<<<<<<<<<<<,<  3c3c3c3c3c3c3c3c3c3c3c3c3c3c2c3c
       259  <,<<<<<<<<<<<<<<  3c2c3c3c3c3c3c3c3c3c3c3c3c3c3c3c
       251  <<<<<<<<<<<<<,<<  3c3c3c3c3c3c3c3c3c3c3c3c3c2c3c3c
       246  <<<<<<<<<<<,<<<<  3c3c3c3c3c3c3c3c3c3c3c2c3c3c3c3c
       245  <<<<<<<<<<<<,<<<  3c3c3c3c3c3c3c3c3c3c3c3c2c3c3c3c
# epoch 33800  H=2.5891 C=2.0502 HO=0.5426  A(t)=625
     10771  <<<<<<<<<<<<<<<<  3c3c3c3c3c3c3c3c3c3c3c3c3c3c3c3c
      1700  {{{{{{{{{{{{{{{{  7b7b7b7b7b7b7b7b7b7b7b7b7b7b7b7b
       563  ,,,,,,,,,,,,,,,,  2c2c2c2c2c2c2c2c2c2c2c2c2c2c2c2c
       271  <<<<<<<<<<<<<<<,  3c3c3c3c3c3c3c3c3c3c3c3c3c3c3c2c
       259  ,<<<<<<<<<<<<<<<  2c3c3c3c3c3c3c3c3c3c3c3c3c3c3c3c
       257  <<<<<<<<<<<<<,<<  3c3c3c3c3c3c3c3c3c3c3c3c3c2c3c3c
       255  <<,<<<<<<<<<<<<<  3c3c2c3c3c3c3c3c3c3c3c3c3c3c3c3c
       251  <<<<<<<<<<<<<<,<  3c3c3c3c3c3c3c3c3c3c3c3c3c3c2c3c
       249  <<<,<<<<<<<<<<<<  3c3c3c2c3c3c3c3c3c3c3c3c3c3c3c3c
       249  <,<<<<<<<<<<<<<<  3c2c3c3c3c3c3c3c3c3c3c3c3c3c3c3c
# epoch 33850  H=2.6879 C=2.0968 HO=0.5953  A(t)=625
     10318  <<<<<<<<<<<<<<<<  3c3c3c3c3c3c3c3c3c3c3c3c3c3c3c3c
      1275  {{{{{{{{{{{{{{{{  7b7b7b7b7b7b7b7b7b7b7b7b7b7b7b7b
       478  ,,,,,,,,,,,,,,,,  2c2c2c2c2c2c2c2c2c2c2c2c2c2c2c2c
       294  <<<<<<<<<<<<<<<,  3c3c3c3c3c3c3c3c3c3c3c3c3c3c3c2c
       286  <<<<<<<<<<<<<<,<  3c3c3c3c3c3c3c3c3c3c3c3c3c3c2c3c
       277  <<<<<<<<<<<<<,<<  3c3c3c3c3c3c3c3c3c3c3c3c3c2c3c3c
       275  ,<<<<<<<<<<<<<<<  2c3c3c3c3c3c3c3c3c3c3c3c3c3c3c3c
       270  <<<<<<<<<<<<,<<<  3c3c3c3c3c3c3c3c3c3c3c3c2c3c3c3c
       268  <<<<<<,<<<<<<<<<  3c3c3c3c3c3c2c3c3c3c3c3c3c3c3c3c
       267  <,<<<<<<<<<<<<<<  3c2c3c3c3c3c3c3c3c3c3c3c3c3c3c3c
# epoch 33900  H=2.7130 C=2.1147 HO=0.6061  A(t)=625
      9899  <<<<<<<<<<<<<<<<  3c3c3c3c3c3c3c3c3c3c3c3c3c3c3c3c
      1885  {{{{{{{{{{{{{{{{  7b7b7b7b7b7b7b7b7b7b7b7b7b7b7b7b
       570  ,,,,,,,,,,,,,,,,  2c2c2c2c2c2c2c2c2c2c2c2c2c2c2c2c
       253  <<<<<<<<<<<<<<<,  3c3c3c3c3c3c3c3c3c3c3c3c3c3c3c2c
       241  <<<<<<<<<<<<<<,<  3c3c3c3c3c3c3c3c3c3c3c3c3c3c2c3c
       235  <<<<<<<<<<<<<,<<  3c3c3c3c3c3c3c3c3c3c3c3c3c2c3c3c
       235  ,<<<<<<<<<<<<<<<  2c3c3c3c3c3c3c3c3c3c3c3c3c3c3c3c
       228  <<<<<<<<<<<<,<<<  3c3c3c3c3c3c3c3c3c3c3c3c2c3c3c3c
       227  <<<<<<<<<<,<<<<<  3c3c3c3c3c3c3c3c3c3c2c3c3c3c3c3c
       224  <<<<<,<<<<<<<<<<  3c3c3c3c3c2c3c3c3c3c3c3c3c3c3c3c
# epoch 33950  H=2.7164 C=2.1127 HO=0.5983  A(t)=625
      9884  <<<<<<<<<<<<<<<<  3c3c3c3c3c3c3c3c3c3c3c3c3c3c3c3c
      1884  {{{{{{{{{{{{{{{{  7b7b7b7b7b7b7b7b7b7b7b7b7b7b7b7b
       673  ,,,,,,,,,,,,,,,,  2c2c2c2c2c2c2c2c2c2c2c2c2c2c2c2c
       259  <<<<<<<<<<<<<<<,  3c3c3c3c3c3c3c3c3c3c3c3c3c3c3c2c
       253  <<<<<<<<<<<<<<,<  3c3c3c3c3c3c3c3c3c3c3c3c3c3c2c3c
       245  <<<<<<<<<<<<<,<<  3c3c3c3c3c3c3c3c3c3c3c3c3c2c3c3c
       245  ,<<<<<<<<<<<<<<<  2c3c3c3c3c3c3c3c3c3c3c3c3c3c3c3c
       240  <<<<<<<<<<<<,<<<  3c3c3c3c3c3c3c3c3c3c3c3c2c3c3c3c
       240  <<<<<<<<<<<,<<<<  3c3c3c3c3c3c3c3c3c3c3c2c3c3c3c3c
       239  <<<<<<<<<,<<<<<<  3c3c3c3c3c3c3c3c3c2c3c3c3c3c3c3c
# epoch 34000  H=2.7885 C=2.2279 HO=0.5646  A(t)=625
      9653  <<<<<<<<<<<<<<<<  3c3c3c3c3c3c3c3c3c3c3c3c3c3c3c3c
      1516  {{{{{{{{{{{{{{{{  7b7b7b7b7b7b7b7b7b7b7b7b7b7b7b7b
       565  ,,,,,,,,,,,,,,,,  2c2c2c2c2c2c2c2c2c2c2c2c2c2c2c2c
       258  <<<<<<<<<<<<<<<,  3c3c3c3c3c3c3c3c3c3c3c3c3c3c3c2c
       253  ,<<<<<<<<<<<<<<<  2c3c3c3c3c3c3c3c3c3c3c3c3c3c3c3c
       250  <,<<<<<<<<<<<<<<  3c2c3c3c3c3c3c3c3c3c3c3c3c3c3c3c
       231  <<<<<<<<<<<<<<,<  3c3c3c3c3c3c3c3c3c3c3c3c3c3c2c3c
       228  <<<<<<<<<<<<<,<<  3c3c3c3c3c3c3c3c3c3c3c3c3c2c3c3c
       224  <<,<<<<<<<<<<<<<  3c3c2c3c3c3c3c3c3c3c3c3c3c3c3c3c
       223  <<<<<<<<<<<<,<<<  3c3c3c3c3c3c3c3c3c3c3c3c2c3c3c3c
# epoch 34050  H=2.7510 C=2.1638 HO=0.5924  A(t)=625
     11010  <<<<<<<<<<<<<<<<  3c3c3c3c3c3c3c3c3c3c3c3c3c3c3c3c
      1920  {{{{{{{{{{{{{{{{  7b7b7b7b7b7b7b7b7b7b7b7b7b7b7b7b
       362  ,,,,,,,,,,,,,,,,  2c2c2c2c2c2c2c2c2c2c2c2c2c2c2c2c
       250  <<<<<<<<<<<<<<<,  3c3c3c3c3c3c3c3c3c3c3c3c3c3c3c2c
       240  ,<<<<<<<<<<<<<<<  2c3c3c3c3c3c3c3c3c3c3c3c3c3c3c3c
       234  <,<<<<<<<<<<<<<<  3c2c3c3c3c3c3c3c3c3c3c3c3c3c3c3c
       231  <<,<<<<<<<<<<<<<  3c3c2c3c3c3c3c3c3c3c3c3c3c3c3c3c
       230  <<<<<<<<<<<<<<,<  3c3c3c3c3c3c3c3c3c3c3c3c3c3c2c3c
       216  <<<<<<<<<<<<<,<<  3c3c3c3c3c3c3c3c3c3c3c3c3c2c3c3c
       216  <<<,<<<<<<<<<<<<  3c3c3c2c3c3c3c3c3c3c3c3c3c3c3c3c
# epoch 34100  H=2.7324 C=2.1744 HO=0.5647  A(t)=627
      9704  <<<<<<<<<<<<<<<<  3c3c3c3c3c3c3c3c3c3c3c3c3c3c3c3c
      1874  {{{{{{{{{{{{{{{{  7b7b7b7b7b7b7b7b7b7b7b7b7b7b7b7b
       327  ,,,,,,,,,,,,,,,,  2c2c2c2c2c2c2c2c2c2c2c2c2c2c2c2c
       291  <<<<<<<<<<<<<<<,  3c3c3c3c3c3c3c3c3c3c3c3c3c3c3c2c
       291  ,<<<<<<<<<<<<<<<  2c3c3c3c3c3c3c3c3c3c3c3c3c3c3c3c
       280  <,<<<<<<<<<<<<<<  3c2c3c3c3c3c3c3c3c3c3c3c3c3c3c3c
       274  <<<<<<<<<<<<<<,<  3c3c3c3c3c3c3c3c3c3c3c3c3c3c2c3c
       273  <<,<<<<<<<<<<<<<  3c3c2c3c3c3c3c3c3c3c3c3c3c3c3c3c
       269  <<<,<<<<<<<<<<<<  3c3c3c2c3c3c3c3c3c3c3c3c3c3c3c3c
       268  <<<<<<<<<<<<<,<<  3c3c3c3c3c3c3c3c3c3c3c3c3c2c3c3c
# epoch 34150  H=2.8037 C=2.1246 HO=0.6816  A(t)=628
     10511  <<<<<<<<<<<<<<<<  3c3c3c3c3c3c3c3c3c3c3c3c3c3c3c3c
      1552  {{{{{{{{{{{{{{{{  7b7b7b7b7b7b7b7b7b7b7b7b7b7b7b7b
       780  ,,,,,,,,,,,,,,,,  2c2c2c2c2c2c2c2c2c2c2c2c2c2c2c2c
       271  <<<<<<<<<<<<<<<,  3c3c3c3c3c3c3c3c3c3c3c3c3c3c3c2c
       259  ,<<<<<<<<<<<<<<<  2c3c3c3c3c3c3c3c3c3c3c3c3c3c3c3c
       256  <<<<<<<<<<<<<<,<  3c3c3c3c3c3c3c3c3c3c3c3c3c3c2c3c
       253  <,<<<<<<<<<<<<<<  3c2c3c3c3c3c3c3c3c3c3c3c3c3c3c3c
       249  <<<<<<<<<<<<<,<<  3c3c3c3c3c3c3c3c3c3c3c3c3c2c3c3c
       246  <<,<<<<<<<<<<<<<  3c3c2c3c3c3c3c3c3c3c3c3c3c3c3c3c
       244  <<<<<<<<,<<<<<<<  3c3c3c3c3c3c3c3c2c3c3c3c3c3c3c3c
# epoch 34200  H=2.7781 C=2.1608 HO=0.6331  A(t)=628
     10573  <<<<<<<<<<<<<<<<  3c3c3c3c3c3c3c3c3c3c3c3c3c3c3c3c
      1609  {{{{{{{{{{{{{{{{  7b7b7b7b7b7b7b7b7b7b7b7b7b7b7b7b
       500  ,,,,,,,,,,,,,,,,  2c2c2c2c2c2c2c2c2c2c2c2c2c2c2c2c
       282  <<<<<<<<<<<<<<<,  3c3c3c3c3c3c3c3c3c3c3c3c3c3c3c2c
       265  <<<<<<<<<<<<<<,<  3c3c3c3c3c3c3c3c3c3c3c3c3c3c2c3c
       260  <<<<<<<<<<<<<,<<  3c3c3c3c3c3c3c3c3c3c3c3c3c2c3c3c
       249  ,<<<<<<<<<<<<<<<  2c3c3c3c3c3c3c3c3c3c3c3c3c3c3c3c
       247  <<<<<<<<<<<<,<<<  3c3c3c3c3c3c3c3c3c3c3c3c2c3c3c3c
       245  <<<<<<<<<<,<<<<<  3c3c3c3c3c3c3c3c3c3c2c3c3c3c3c3c
       238  <<<<<<<<<,<<<<<<  3c3c3c3c3c3c3c3c3c2c3c3c3c3c3c3c
# epoch 34250  H=2.8191 C=2.1904 HO=0.6451  A(t)=628
     11542  <<<<<<<<<<<<<<<<  3c3c3c3c3c3c3c3c3c3c3c3c3c3c3c3c
      1606  {{{{{{{{{{{{{{{{  7b7b7b7b7b7b7b7b7b7b7b7b7b7b7b7b
       363  ,,,,,,,,,,,,,,,,  2c2c2c2c2c2c2c2c2c2c2c2c2c2c2c2c
       259  <<<<<<<<<<<<<<<,  3c3c3c3c3c3c3c3c3c3c3c3c3c3c3c2c
       251  <<<<<<<,<<<<<<<<  3c3c3c3c3c3c3c2c3c3c3c3c3c3c3c3c
       247  <<<<<<<<,<<<<<<<  3c3c3c3c3c3c3c3c2c3c3c3c3c3c3c3c
       243  <<<<<<,<<<<<<<<<  3c3c3c3c3c3c2c3c3c3c3c3c3c3c3c3c
       243  ,<<<<<<<<<<<<<<<  2c3c3c3c3c3c3c3c3c3c3c3c3c3c3c3c
       242  <<<<<,<<<<<<<<<<  3c3c3c3c3c2c3c3c3c3c3c3c3c3c3c3c
       242  <,<<<<<<<<<<<<<<  3c2c3c3c3c3c3c3c3c3c3c3c3c3c3c3c
# epoch 34300  H=2.9154 C=2.3241 HO=0.6124  A(t)=628
      9803  <<<<<<<<<<<<<<<<  3c3c3c3c3c3c3c3c3c3c3c3c3c3c3c3c
      1769  {{{{{{{{{{{{{{{{  7b7b7b7b7b7b7b7b7b7b7b7b7b7b7b7b
       255  <<<<<<<<<<<<<<<,  3c3c3c3c3c3c3c3c3c3c3c3c3c3c3c2c
       254  <<<,<<<<<<<<<<<<  3c3c3c2c3c3c3c3c3c3c3c3c3c3c3c3c
       250  ,,,,,,,,,,,,,,,,  2c2c2c2c2c2c2c2c2c2c2c2c2c2c2c2c
       247  <<,<<<<<<<<<<<<<  3c3c2c3c3c3c3c3c3c3c3c3c3c3c3c3c
       245  <,<<<<<<<<<<<<<<  3c2c3c3c3c3c3c3c3c3c3c3c3c3c3c3c
       245  ,<<<<<<<<<<<<<<<  2c3c3c3c3c3c3c3c3c3c3c3c3c3c3c3c
       243  <<<<<,<<<<<<<<<<  3c3c3c3c3c2c3c3c3c3c3c3c3c3c3c3c
       243  <<<<,<<<<<<<<<<<  3c3c3c3c2c3c3c3c3c3c3c3c3c3c3c3c
# epoch 34350  H=2.9870 C=2.3586 HO=0.6573  A(t)=628
      9856  <<<<<<<<<<<<<<<<  3c3c3c3c3c3c3c3c3c3c3c3c3c3c3c3c
      1608  {{{{{{{{{{{{{{{{  7b7b7b7b7b7b7b7b7b7b7b7b7b7b7b7b
       482  ,,,,,,,,,,,,,,,,  2c2c2c2c2c2c2c2c2c2c2c2c2c2c2c2c
       247  <<<<<<<<<<<<<<<,  3c3c3c3c3c3c3c3c3c3c3c3c3c3c3c2c
       239  <<<<<<<<<<<<<<,<  3c3c3c3c3c3c3c3c3c3c3c3c3c3c2c3c
       235  <<<<<<<<<<<<<,<<  3c3c3c3c3c3c3c3c3c3c3c3c3c2c3c3c
       224  <<<<<<<<<<<<,<<<  3c3c3c3c3c3c3c3c3c3c3c3c2c3c3c3c
       222  ,<<<<<<<<<<<<<<<  2c3c3c3c3c3c3c3c3c3c3c3c3c3c3c3c
       217  <,<<<<<<<<<<<<<<  3c2c3c3c3c3c3c3c3c3c3c3c3c3c3c3c
       213  <<<<<<<<<<<,<<<<  3c3c3c3c3c3c3c3c3c3c3c2c3c3c3c3c
# epoch 34400  H=2.9735 C=2.3640 HO=0.6380  A(t)=628
      9918  <<<<<<<<<<<<<<<<  3c3c3c3c3c3c3c3c3c3c3c3c3c3c3c3c
      1891  {{{{{{{{{{{{{{{{  7b7b7b7b7b7b7b7b7b7b7b7b7b7b7b7b
       315  ,,,,,,,,,,,,,,,,  2c2c2c2c2c2c2c2c2c2c2c2c2c2c2c2c
       275  <<<<<<<<<<<<<<<,  3c3c3c3c3c3c3c3c3c3c3c3c3c3c3c2c
       261  <<<<<<<<<<<<<<,<  3c3c3c3c3c3c3c3c3c3c3c3c3c3c2c3c
       257  ,<<<<<<<<<<<<<<<  2c3c3c3c3c3c3c3c3c3c3c3c3c3c3c3c
       249  <<<<<<<<<<<<<,<<  3c3c3c3c3c3c3c3c3c3c3c3c3c2c3c3c
       249  <,<<<<<<<<<<<<<<  3c2c3c3c3c3c3c3c3c3c3c3c3c3c3c3c
       244  <<<<<<<<<<<<,<<<  3c3c3c3c3c3c3c3c3c3c3c3c2c3c3c3c
       239  <<<<<<<,<<<<<<<<  3c3c3c3c3c3c3c2c3c3c3c3c3c3c3c3c
# epoch 34450  H=2.8834 C=2.2361 HO=0.6661  A(t)=628
     10043  <<<<<<<<<<<<<<<<  3c3c3c3c3c3c3c3c3c3c3c3c3c3c3c3c
      1856  {{{{{{{{{{{{{{{{  7b7b7b7b7b7b7b7b7b7b7b7b7b7b7b7b
       797  ,,,,,,,,,,,,,,,,  2c2c2c2c2c2c2c2c2c2c2c2c2c2c2c2c
       246  <<<<<<<<<<<<<<<,  3c3c3c3c3c3c3c3c3c3c3c3c3c3c3c2c
       235  ,<<<<<<<<<<<<<<<  2c3c3c3c3c3c3c3c3c3c3c3c3c3c3c3c
       226  <<<<<<<<<<<<<<,<  3c3c3c3c3c3c3c3c3c3c3c3c3c3c2c3c
       225  <<<<<<<,<<<<<<<<  3c3c3c3c3c3c3c2c3c3c3c3c3c3c3c3c
       225  <<<<<,<<<<<<<<<<  3c3c3c3c3c2c3c3c3c3c3c3c3c3c3c3c
       224  <<<<<<,<<<<<<<<<  3c3c3c3c3c3c2c3c3c3c3c3c3c3c3c3c
       216  <<<<<<<<,<<<<<<<  3c3c3c3c3c3c3c3c2c3c3c3c3c3c3c3c
# epoch 34500  H=2.7074 C=2.0688 HO=0.6505  A(t)=628
     11341  <<<<<<<<<<<<<<<<  3c3c3c3c3c3c3c3c3c3c3c3c3c3c3c3c
      1582  {{{{{{{{{{{{{{{{  7b7b7b7b7b7b7b7b7b7b7b7b7b7b7b7b
       329  ,,,,,,,,,,,,,,,,  2c2c2c2c2c2c2c2c2c2c2c2c2c2c2c2c
       272  <<<<<<<<<<<<<<<,  3c3c3c3c3c3c3c3c3c3c3c3c3c3c3c2c
       253  <<<<<<<<<<<<<<,<  3c3c3c3c3c3c3c3c3c3c3c3c3c3c2c3c
       246  <<<<<<<<<<<<<,<<  3c3c3c3c3c3c3c3c3c3c3c3c3c2c3c3c
       246  <<<<<<<<<<,<<<<<  3c3c3c3c3c3c3c3c3c3c2c3c3c3c3c3c
       242  <<<<<<<<<<<,<<<<  3c3c3c3c3c3c3c3c3c3c3c2c3c3c3c3c
       242  ,<<<<<<<<<<<<<<<  2c3c3c3c3c3c3c3c3c3c3c3c3c3c3c3c
       241  <<<<<<<<<<<<,<<<  3c3c3c3c3c3c3c3c3c3c3c3c2c3c3c3c
# epoch 34550  H=2.6510 C=2.0183 HO=0.6336  A(t)=628
     10862  <<<<<<<<<<<<<<<<  3c3c3c3c3c3c3c3c3c3c3c3c3c3c3c3c
      2079  {{{{{{{{{{{{{{{{  7b7b7b7b7b7b7b7b7b7b7b7b7b7b7b7b
       286  ,,,,,,,,,,,,,,,,  2c2c2c2c2c2c2c2c2c2c2c2c2c2c2c2c
       264  <<<<<<<<<<<<<<<,  3c3c3c3c3c3c3c3c3c3c3c3c3c3c3c2c
       262  <<<<<<<<<<<<<<,<  3c3c3c3c3c3c3c3c3c3c3c3c3c3c2c3c
       247  <<<<<<<<<<<<<,<<  3c3c3c3c3c3c3c3c3c3c3c3c3c2c3c3c
       242  <<<<<<<<<<<<,<<<  3c3c3c3c3c3c3c3c3c3c3c3c2c3c3c3c
       242  ,<<<<<<<<<<<<<<<  2c3c3c3c3c3c3c3c3c3c3c3c3c3c3c3c
       238  <,<<<<<<<<<<<<<<  3c2c3c3c3c3c3c3c3c3c3c3c3c3c3c3c
       231  <<<<<<<<<<<,<<<<  3c3c3c3c3c3c3c3c3c3c3c2c3c3c3c3c
# epoch 34600  H=2.6109 C=1.9758 HO=0.6337  A(t)=628
     11899  <<<<<<<<<<<<<<<<  3c3c3c3c3c3c3c3c3c3c3c3c3c3c3c3c
      2574  {{{{{{{{{{{{{{{{  7b7b7b7b7b7b7b7b7b7b7b7b7b7b7b7b
       399  ,,,,,,,,,,,,,,,,  2c2c2c2c2c2c2c2c2c2c2c2c2c2c2c2c
       290  <<<<<<<<<<<<<<<,  3c3c3c3c3c3c3c3c3c3c3c3c3c3c3c2c
       283  <<<<<<<<<<<<<<,<  3c3c3c3c3c3c3c3c3c3c3c3c3c3c2c3c
       280  <<,<<<<<<<<<<<<<  3c3c2c3c3c3c3c3c3c3c3c3c3c3c3c3c
       276  <<<<<<<<<<<<<,<<  3c3c3c3c3c3c3c3c3c3c3c3c3c2c3c3c
       276  <,<<<<<<<<<<<<<<  3c2c3c3c3c3c3c3c3c3c3c3c3c3c3c3c
       276  ,<<<<<<<<<<<<<<<  2c3c3c3c3c3c3c3c3c3c3c3c3c3c3c3c
       275  <<<<<<<<<<<<,<<<  3c3c3c3c3c3c3c3c3c3c3c3c2c3c3c3c
# epoch 34650  H=2.8026 C=2.1414 HO=0.6648  A(t)=628
     10020  <<<<<<<<<<<<<<<<  3c3c3c3c3c3c3c3c3c3c3c3c3c3c3c3c
      2258  {{{{{{{{{{{{{{{{  7b7b7b7b7b7b7b7b7b7b7b7b7b7b7b7b
       617  ,,,,,,,,,,,,,,,,  2c2c2c2c2c2c2c2c2c2c2c2c2c2c2c2c
       212  ,<<<<<<<<<<<<<<<  2c3c3c3c3c3c3c3c3c3c3c3c3c3c3c3c
       211  <<<<<<<<<<<<<<<,  3c3c3c3c3c3c3c3c3c3c3c3c3c3c3c2c
       206  <<<<<<<<<<<<<<,<  3c3c3c3c3c3c3c3c3c3c3c3c3c3c2c3c
       203  <,<<<<<<<<<<<<<<  3c2c3c3c3c3c3c3c3c3c3c3c3c3c3c3c
       198  <<<<<<<<<<<<<,<<  3c3c3c3c3c3c3c3c3c3c3c3c3c2c3c3c
       185  <<,<<<<<<<<<<<<<  3c3c2c3c3c3c3c3c3c3c3c3c3c3c3c3c
       183  <<<<<<<<<<<<,<<<  3c3c3c3c3c3c3c3c3c3c3c3c2c3c3c3c
# epoch 34700  H=2.9186 C=2.2185 HO=0.7099  A(t)=628
     10908  <<<<<<<<<<<<<<<<  3c3c3c3c3c3c3c3c3c3c3c3c3c3c3c3c
      1698  {{{{{{{{{{{{{{{{  7b7b7b7b7b7b7b7b7b7b7b7b7b7b7b7b
       549  ,,,,,,,,,,,,,,,,  2c2c2c2c2c2c2c2c2c2c2c2c2c2c2c2c
       232  <<<<<<<<<<<<<<<,  3c3c3c3c3c3c3c3c3c3c3c3c3c3c3c2c
       209  <<<<<<<<<<<<<<,<  3c3c3c3c3c3c3c3c3c3c3c3c3c3c2c3c
       207  ,<<<<<<<<<<<<<<<  2c3c3c3c3c3c3c3c3c3c3c3c3c3c3c3c
       200  <,<<<<<<<<<<<<<<  3c2c3c3c3c3c3c3c3c3c3c3c3c3c3c3c
       198  <<<<<<<<<<<<<,<<  3c3c3c3c3c3c3c3c3c3c3c3c3c2c3c3c
       193  <<<<<<<<<<<<,<<<  3c3c3c3c3c3c3c3c3c3c3c3c2c3c3c3c
       189  <<,<<<<<<<<<<<<<  3c3c2c3c3c3c3c3c3c3c3c3c3c3c3c3c
# epoch 34750  H=2.9180 C=2.2288 HO=0.7047  A(t)=628
     10149  <<<<<<<<<<<<<<<<  3c3c3c3c3c3c3c3c3c3c3c3c3c3c3c3c
      1862  {{{{{{{{{{{{{{{{  7b7b7b7b7b7b7b7b7b7b7b7b7b7b7b7b
       394  ,,,,,,,,,,,,,,,,  2c2c2c2c2c2c2c2c2c2c2c2c2c2c2c2c
       274  <<<<<<<<<<<<<<<,  3c3c3c3c3c3c3c3c3c3c3c3c3c3c3c2c
       257  <<<<<<<<<<<<<<,<  3c3c3c3c3c3c3c3c3c3c3c3c3c3c2c3c
       251  ,<<<<<<<<<<<<<<<  2c3c3c3c3c3c3c3c3c3c3c3c3c3c3c3c
       246  <<<<<<<<<<<<<,<<  3c3c3c3c3c3c3c3c3c3c3c3c3c2c3c3c
       241  ................  2e2e2e2e2e2e2e2e2e2e2e2e2e2e2e2e
       240  <<<<<<<<<<<<,<<<  3c3c3c3c3c3c3c3c3c3c3c3c2c3c3c3c
       240  <,<<<<<<<<<<<<<<  3c2c3c3c3c3c3c3c3c3c3c3c3c3c3c3c
# epoch 34800  H=2.9132 C=2.2373 HO=0.6889  A(t)=628
      9957  <<<<<<<<<<<<<<<<  3c3c3c3c3c3c3c3c3c3c3c3c3c3c3c3c
      1830  {{{{{{{{{{{{{{{{  7b7b7b7b7b7b7b7b7b7b7b7b7b7b7b7b
       283  <<<<<<<<<<<<<<<,  3c3c3c3c3c3c3c3c3c3c3c3c3c3c3c2c
       280  <<,<<<<<<<<<<<<<  3c3c2c3c3c3c3c3c3c3c3c3c3c3c3c3c
       276  ,<<<<<<<<<<<<<<<  2c3c3c3c3c3c3c3c3c3c3c3c3c3c3c3c
       273  <,<<<<<<<<<<<<<<  3c2c3c3c3c3c3c3c3c3c3c3c3c3c3c3c
       268  <<<,<<<<<<<<<<<<  3c3c3c2c3c3c3c3c3c3c3c3c3c3c3c3c
       265  <<<<<<<<<<<<<<,<  3c3c3c3c3c3c3c3c3c3c3c3c3c3c2c3c
       262  <<<<,<<<<<<<<<<<  3c3c3c3c2c3c3c3c3c3c3c3c3c3c3c3c
       260  <<<<<<<<<<<<<,<<  3c3c3c3c3c3c3c3c3c3c3c3c3c2c3c3c
# epoch 34850  H=2.8717 C=2.2018 HO=0.6801  A(t)=628
      9605  <<<<<<<<<<<<<<<<  3c3c3c3c3c3c3c3c3c3c3c3c3c3c3c3c
      2011  {{{{{{{{{{{{{{{{  7b7b7b7b7b7b7b7b7b7b7b7b7b7b7b7b
       386  ,,,,,,,,,,,,,,,,  2c2c2c2c2c2c2c2c2c2c2c2c2c2c2c2c
       306  <<<<<<<<<<<<<<<,  3c3c3c3c3c3c3c3c3c3c3c3c3c3c3c2c
       305  ,<<<<<<<<<<<<<<<  2c3c3c3c3c3c3c3c3c3c3c3c3c3c3c3c
       289  <,<<<<<<<<<<<<<<  3c2c3c3c3c3c3c3c3c3c3c3c3c3c3c3c
       280  <<<,<<<<<<<<<<<<  3c3c3c2c3c3c3c3c3c3c3c3c3c3c3c3c
       279  <<,<<<<<<<<<<<<<  3c3c2c3c3c3c3c3c3c3c3c3c3c3c3c3c
       278  <<<<<<<<<<<<<<,<  3c3c3c3c3c3c3c3c3c3c3c3c3c3c2c3c
       267  <<<<<,<<<<<<<<<<  3c3c3c3c3c2c3c3c3c3c3c3c3c3c3c3c
# epoch 34900  H=2.6841 C=2.0325 HO=0.6555  A(t)=629
     12525  <<<<<<<<<<<<<<<<  3c3c3c3c3c3c3c3c3c3c3c3c3c3c3c3c
      2246  {{{{{{{{{{{{{{{{  7b7b7b7b7b7b7b7b7b7b7b7b7b7b7b7b
       621  ,,,,,,,,,,,,,,,,  2c2c2c2c2c2c2c2c2c2c2c2c2c2c2c2c
       320  <<<<<<<<<<<<<<<,  3c3c3c3c3c3c3c3c3c3c3c3c3c3c3c2c
       315  <<<<<<<<<<<<<<,<  3c3c3c3c3c3c3c3c3c3c3c3c3c3c2c3c
       309  <<<<<<,<<<<<<<<<  3c3c3c3c3c3c2c3c3c3c3c3c3c3c3c3c
       308  <<<<<<<<<<<<<,<<  3c3c3c3c3c3c3c3c3c3c3c3c3c2c3c3c
       308  <<<<<<<<,<<<<<<<  3c3c3c3c3c3c3c3c2c3c3c3c3c3c3c3c
       306  <<<<<<<,<<<<<<<<  3c3c3c3c3c3c3c2c3c3c3c3c3c3c3c3c
       303  <<<<<<<<<<<,<<<<  3c3c3c3c3c3c3c3c3c3c3c2c3c3c3c3c
# epoch 34950  H=2.6217 C=1.9849 HO=0.6362  A(t)=629
     11729  <<<<<<<<<<<<<<<<  3c3c3c3c3c3c3c3c3c3c3c3c3c3c3c3c
      2410  {{{{{{{{{{{{{{{{  7b7b7b7b7b7b7b7b7b7b7b7b7b7b7b7b
       503  ,,,,,,,,,,,,,,,,  2c2c2c2c2c2c2c2c2c2c2c2c2c2c2c2c
       308  <<<<<<<<<<<<<<<,  3c3c3c3c3c3c3c3c3c3c3c3c3c3c3c2c
       301  <<<<<<<<<<<<<<,<  3c3c3c3c3c3c3c3c3c3c3c3c3c3c2c3c
       290  ,<<<<<<<<<<<<<<<  2c3c3c3c3c3c3c3c3c3c3c3c3c3c3c3c
       281  <<<<<<<<<<<<<,<<  3c3c3c3c3c3c3c3c3c3c3c3c3c2c3c3c
       281  <,<<<<<<<<<<<<<<  3c2c3c3c3c3c3c3c3c3c3c3c3c3c3c3c
       278  <<<<<<<<,<<<<<<<  3c3c3c3c3c3c3c3c2c3c3c3c3c3c3c3c
       276  <<,<<<<<<<<<<<<<  3c3c2c3c3c3c3c3c3c3c3c3c3c3c3c3c
# epoch 35000  H=2.6666 C=2.0520 HO=0.6245  A(t)=629
     11097  <<<<<<<<<<<<<<<<  3c3c3c3c3c3c3c3c3c3c3c3c3c3c3c3c
      2052  {{{{{{{{{{{{{{{{  7b7b7b7b7b7b7b7b7b7b7b7b7b7b7b7b
       406  ,,,,,,,,,,,,,,,,  2c2c2c2c2c2c2c2c2c2c2c2c2c2c2c2c
       245  <<<<<<<<<<<<<<<,  3c3c3c3c3c3c3c3c3c3c3c3c3c3c3c2c
       241  <<<<<<<<<<<<<<,<  3c3c3c3c3c3c3c3c3c3c3c3c3c3c2c3c
       229  ,<<<<<<<<<<<<<<<  2c3c3c3c3c3c3c3c3c3c3c3c3c3c3c3c
       222  <,<<<<<<<<<<<<<<  3c2c3c3c3c3c3c3c3c3c3c3c3c3c3c3c
       221  <<<<<<<<<<<<<,<<  3c3c3c3c3c3c3c3c3c3c3c3c3c2c3c3c
       213  <<,<<<<<<<<<<<<<  3c3c2c3c3c3c3c3c3c3c3c3c3c3c3c3c
       206  <<<<,<<<<<<<<<<<  3c3c3c3c2c3c3c3c3c3c3c3c3c3c3c3c
# epoch 35050  H=2.8311 C=2.1782 HO=0.6747  A(t)=629
      9551  <<<<<<<<<<<<<<<<  3c3c3c3c3c3c3c3c3c3c3c3c3c3c3c3c
      2270  {{{{{{{{{{{{{{{{  7b7b7b7b7b7b7b7b7b7b7b7b7b7b7b7b
       273  <<<<<<<<<<<<<<<,  3c3c3c3c3c3c3c3c3c3c3c3c3c3c3c2c
       264  <,<<<<<<<<<<<<<<  3c2c3c3c3c3c3c3c3c3c3c3c3c3c3c3c
       264  ,<<<<<<<<<<<<<<<  2c3c3c3c3c3c3c3c3c3c3c3c3c3c3c3c
       261  <<<<<<<<<<<<<<,<  3c3c3c3c3c3c3c3c3c3c3c3c3c3c2c3c
       251  <<,<<<<<<<<<<<<<  3c3c2c3c3c3c3c3c3c3c3c3c3c3c3c3c
       247  <<<,<<<<<<<<<<<<  3c3c3c2c3c3c3c3c3c3c3c3c3c3c3c3c
       245  <<<<,<<<<<<<<<<<  3c3c3c3c2c3c3c3c3c3c3c3c3c3c3c3c
       244  <<<<<<<<<<<<<,<<  3c3c3c3c3c3c3c3c3c3c3c3c3c2c3c3c
# epoch 35100  H=2.9687 C=2.2799 HO=0.7242  A(t)=629
      9610  <<<<<<<<<<<<<<<<  3c3c3c3c3c3c3c3c3c3c3c3c3c3c3c3c
      1933  {{{{{{{{{{{{{{{{  7b7b7b7b7b7b7b7b7b7b7b7b7b7b7b7b
       463  ,,,,,,,,,,,,,,,,  2c2c2c2c2c2c2c2c2c2c2c2c2c2c2c2c
       274  <<<<<<<<<<<<<<,<  3c3c3c3c3c3c3c3c3c3c3c3c3c3c2c3c
       268  <<<<<<<<<<<<<<<,  3c3c3c3c3c3c3c3c3c3c3c3c3c3c3c2c
       265  <<<<<<<<<<<<<,<<  3c3c3c3c3c3c3c3c3c3c3c3c3c2c3c3c
       258  <<<<<<<<<<<<,<<<  3c3c3c3c3c3c3c3c3c3c3c3c2c3c3c3c
       248  <<<<<<<<<<,<<<<<  3c3c3c3c3c3c3c3c3c3c2c3c3c3c3c3c
       245  ,<<<<<<<<<<<<<<<  2c3c3c3c3c3c3c3c3c3c3c3c3c3c3c3c
       243  <<<<<<<<<,<<<<<<  3c3c3c3c3c3c3c3c3c2c3c3c3c3c3c3c
# epoch 35150  H=3.0113 C=2.3331 HO=0.7227  A(t)=629
      9569  <<<<<<<<<<<<<<<<  3c3c3c3c3c3c3c3c3c3c3c3c3c3c3c3c
      2285  {{{{{{{{{{{{{{{{  7b7b7b7b7b7b7b7b7b7b7b7b7b7b7b7b
       345  ,,,,,,,,,,,,,,,,  2c2c2c2c2c2c2c2c2c2c2c2c2c2c2c2c
       267  <<<<<<<<<<<<<<<,  3c3c3c3c3c3c3c3c3c3c3c3c3c3c3c2c
       246  ,<<<<<<<<<<<<<<<  2c3c3c3c3c3c3c3c3c3c3c3c3c3c3c3c
       245  <<<<<<<<<<<<<,<<  3c3c3c3c3c3c3c3c3c3c3c3c3c2c3c3c
       244  <<<<<<<<<<<<<<,<  3c3c3c3c3c3c3c3c3c3c3c3c3c3c2c3c
       241  <<,<<<<<<<<<<<<<  3c3c2c3c3c3c3c3c3c3c3c3c3c3c3c3c
       235  <<<<<<,<<<<<<<<<  3c3c3c3c3c3c2c3c3c3c3c3c3c3c3c3c
       234  <<<<<<<<<<<<,<<<  3c3c3c3c3c3c3c3c3c3c3c3c2c3c3c3c
# epoch 35200  H=2.9454 C=2.2640 HO=0.7090  A(t)=629
      9150  <<<<<<<<<<<<<<<<  3c3c3c3c3c3c3c3c3c3c3c3c3c3c3c3c
      2216  {{{{{{{{{{{{{{{{  7b7b7b7b7b7b7b7b7b7b7b7b7b7b7b7b
       572  ,,,,,,,,,,,,,,,,  2c2c2c2c2c2c2c2c2c2c2c2c2c2c2c2c
       267  <<<<<<<<<<<<<<<,  3c3c3c3c3c3c3c3c3c3c3c3c3c3c3c2c
       255  <<<<<<<<<<<<<<,<  3c3c3c3c3c3c3c3c3c3c3c3c3c3c2c3c
       252  ,<<<<<<<<<<<<<<<  2c3c3c3c3c3c3c3c3c3c3c3c3c3c3c3c
       244  <,<<<<<<<<<<<<<<  3c2c3c3c3c3c3c3c3c3c3c3c3c3c3c3c
       243  <<<<<<<<<<<<<,<<  3c3c3c3c3c3c3c3c3c3c3c3c3c2c3c3c
       242  <<<<<<<<<<<<,<<<  3c3c3c3c3c3c3c3c3c3c3c3c2c3c3c3c
       238  <<<<<<,<<<<<<<<<  3c3c3c3c3c3c2c3c3c3c3c3c3c3c3c3c
# epoch 35250  H=2.8825 C=2.1879 HO=0.7122  A(t)=629
     11155  <<<<<<<<<<<<<<<<  3c3c3c3c3c3c3c3c3c3c3c3c3c3c3c3c
      2349  {{{{{{{{{{{{{{{{  7b7b7b7b7b7b7b7b7b7b7b7b7b7b7b7b
       411  ,,,,,,,,,,,,,,,,  2c2c2c2c2c2c2c2c2c2c2c2c2c2c2c2c
       242  <<<<<<<<<<<<<<<,  3c3c3c3c3c3c3c3c3c3c3c3c3c3c3c2c
       237  ,<<<<<<<<<<<<<<<  2c3c3c3c3c3c3c3c3c3c3c3c3c3c3c3c
       233  <,<<<<<<<<<<<<<<  3c2c3c3c3c3c3c3c3c3c3c3c3c3c3c3c
       230  <<<<<<<<<<<<<<,<  3c3c3c3c3c3c3c3c3c3c3c3c3c3c2c3c
       221  <<,<<<<<<<<<<<<<  3c3c2c3c3c3c3c3c3c3c3c3c3c3c3c3c
       218  <<<,<<<<<<<<<<<<  3c3c3c2c3c3c3c3c3c3c3c3c3c3c3c3c
       215  <<<<,<<<<<<<<<<<  3c3c3c3c2c3c3c3c3c3c3c3c3c3c3c3c
# epoch 35300  H=2.8359 C=2.1974 HO=0.6598  A(t)=629
     10192  <<<<<<<<<<<<<<<<  3c3c3c3c3c3c3c3c3c3c3c3c3c3c3c3c
      2576  {{{{{{{{{{{{{{{{  7b7b7b7b7b7b7b7b7b7b7b7b7b7b7b7b
       248  ,,,,,,,,,,,,,,,,  2c2c2c2c2c2c2c2c2c2c2c2c2c2c2c2c
       238  <,<<<<<<<<<<<<<<  3c2c3c3c3c3c3c3c3c3c3c3c3c3c3c3c
       237  ,<<<<<<<<<<<<<<<  2c3c3c3c3c3c3c3c3c3c3c3c3c3c3c3c
       232  <<<<<<<<<<<<<<<,  3c3c3c3c3c3c3c3c3c3c3c3c3c3c3c2c
       229  <<,<<<<<<<<<<<<<  3c3c2c3c3c3c3c3c3c3c3c3c3c3c3c3c
       222  <<<<<<<<<<<,<<<<  3c3c3c3c3c3c3c3c3c3c3c2c3c3c3c3c
       222  <<<<<<<<<,<<<<<<  3c3c3c3c3c3c3c3c3c2c3c3c3c3c3c3c
       221  <<<<<<<<<<<<<<,<  3c3c3c3c3c3c3c3c3c3c3c3c3c3c2c3c
# epoch 35350  H=2.7869 C=2.1174 HO=0.6764  A(t)=629
     10579  <<<<<<<<<<<<<<<<  3c3c3c3c3c3c3c3c3c3c3c3c3c3c3c3c
      2078  {{{{{{{{{{{{{{{{  7b7b7b7b7b7b7b7b7b7b7b7b7b7b7b7b
       365  ,,,,,,,,,,,,,,,,  2c2c2c2c2c2c2c2c2c2c2c2c2c2c2c2c
       331  ................  2e2e2e2e2e2e2e2e2e2e2e2e2e2e2e2e
       244  <<<<<<<<<<<<<<<,  3c3c3c3c3c3c3c3c3c3c3c3c3c3c3c2c
       236  <<,<<<<<<<<<<<<<  3c3c2c3c3c3c3c3c3c3c3c3c3c3c3c3c
       236  <,<<<<<<<<<<<<<<  3c2c3c3c3c3c3c3c3c3c3c3c3c3c3c3c
       236  ,<<<<<<<<<<<<<<<  2c3c3c3c3c3c3c3c3c3c3c3c3c3c3c3c
       231  <<<<<<<<<<<<<,<<  3c3c3c3c3c3c3c3c3c3c3c3c3c2c3c3c
       230  <<<,<<<<<<<<<<<<  3c3c3c2c3c3c3c3c3c3c3c3c3c3c3c3c
# epoch 35400  H=2.6967 C=2.0367 HO=0.6709  A(t)=629
      9960  <<<<<<<<<<<<<<<<  3c3c3c3c3c3c3c3c3c3c3c3c3c3c3c3c
      2241  {{{{{{{{{{{{{{{{  7b7b7b7b7b7b7b7b7b7b7b7b7b7b7b7b
       660  ,,,,,,,,,,,,,,,,  2c2c2c2c2c2c2c2c2c2c2c2c2c2c2c2c
       255  <<<<<<<<<<<<<<<,  3c3c3c3c3c3c3c3c3c3c3c3c3c3c3c2c
       252  ,<<<<<<<<<<<<<<<  2c3c3c3c3c3c3c3c3c3c3c3c3c3c3c3c
       248  <<<<<<<<<<<<<,<<  3c3c3c3c3c3c3c3c3c3c3c3c3c2c3c3c
       243  <<<<<<<<<<<<<<,<  3c3c3c3c3c3c3c3c3c3c3c3c3c3c2c3c
       240  <,<<<<<<<<<<<<<<  3c2c3c3c3c3c3c3c3c3c3c3c3c3c3c3c
       233  <<<<<<<<<<<<,<<<  3c3c3c3c3c3c3c3c3c3c3c3c2c3c3c3c
       228  <<,<<<<<<<<<<<<<  3c3c2c3c3c3c3c3c3c3c3c3c3c3c3c3c
# epoch 35450  H=2.6989 C=2.0481 HO=0.6498  A(t)=630
      9697  <<<<<<<<<<<<<<<<  3c3c3c3c3c3c3c3c3c3c3c3c3c3c3c3c
      2586  {{{{{{{{{{{{{{{{  7b7b7b7b7b7b7b7b7b7b7b7b7b7b7b7b
       248  <<<<<<<<<<<<<<<,  3c3c3c3c3c3c3c3c3c3c3c3c3c3c3c2c
       240  ,,,,,,,,,,,,,,,,  2c2c2c2c2c2c2c2c2c2c2c2c2c2c2c2c
       233  <<<<<<<<<<<<<<,<  3c3c3c3c3c3c3c3c3c3c3c3c3c3c2c3c
       231  <<<,<<<<<<<<<<<<  3c3c3c2c3c3c3c3c3c3c3c3c3c3c3c3c
       227  <<,<<<<<<<<<<<<<  3c3c2c3c3c3c3c3c3c3c3c3c3c3c3c3c
       227  ,<<<<<<<<<<<<<<<  2c3c3c3c3c3c3c3c3c3c3c3c3c3c3c3c
       225  <<<<<<<<<<<<<,<<  3c3c3c3c3c3c3c3c3c3c3c3c3c2c3c3c
       218  <,<<<<<<<<<<<<<<  3c2c3c3c3c3c3c3c3c3c3c3c3c3c3c3c
# epoch 35500  H=2.5692 C=1.9379 HO=0.6331  A(t)=630
     10434  <<<<<<<<<<<<<<<<  3c3c3c3c3c3c3c3c3c3c3c3c3c3c3c3c
      2990  {{{{{{{{{{{{{{{{  7b7b7b7b7b7b7b7b7b7b7b7b7b7b7b7b
       369  ,,,,,,,,,,,,,,,,  2c2c2c2c2c2c2c2c2c2c2c2c2c2c2c2c
       275  <<<<<<<<<<<<<<<,  3c3c3c3c3c3c3c3c3c3c3c3c3c3c3c2c
       273  <<<<<<<<<<<<<<,<  3c3c3c3c3c3c3c3c3c3c3c3c3c3c2c3c
       270  ,<<<<<<<<<<<<<<<  2c3c3c3c3c3c3c3c3c3c3c3c3c3c3c3c
       265  <,<<<<<<<<<<<<<<  3c2c3c3c3c3c3c3c3c3c3c3c3c3c3c3c
       259  <<<<<<<<<<<<<,<<  3c3c3c3c3c3c3c3c3c3c3c3c3c2c3c3c
       258  <<<<<<<<<<<,<<<<  3c3c3c3c3c3c3c3c3c3c3c2c3c3c3c3c
       258  <<<<<<<<<<,<<<<<  3c3c3c3c3c3c3c3c3c3c2c3c3c3c3c3c
# epoch 35550  H=2.5134 C=1.8851 HO=0.6145  A(t)=630
     10927  <<<<<<<<<<<<<<<<  3c3c3c3c3c3c3c3c3c3c3c3c3c3c3c3c
      2605  {{{{{{{{{{{{{{{{  7b7b7b7b7b7b7b7b7b7b7b7b7b7b7b7b
       593  ,,,,,,,,,,,,,,,,  2c2c2c2c2c2c2c2c2c2c2c2c2c2c2c2c
       261  <<<<<<<<<<<<<<<,  3c3c3c3c3c3c3c3c3c3c3c3c3c3c3c2c
       258  ,<<<<<<<<<<<<<<<  2c3c3c3c3c3c3c3c3c3c3c3c3c3c3c3c
       251  <<<<<<<<<<<<<<,<  3c3c3c3c3c3c3c3c3c3c3c3c3c3c2c3c
       247  <<<,<<<<<<<<<<<<  3c3c3c2c3c3c3c3c3c3c3c3c3c3c3c3c
       247  <,<<<<<<<<<<<<<<  3c2c3c3c3c3c3c3c3c3c3c3c3c3c3c3c
       246  <<,<<<<<<<<<<<<<  3c3c2c3c3c3c3c3c3c3c3c3c3c3c3c3c
       245  <<<<<<<<<<<<,<<<  3c3c3c3c3c3c3c3c3c3c3c3c2c3c3c3c
# epoch 35600  H=2.5126 C=1.8844 HO=0.6232  A(t)=630
     11493  <<<<<<<<<<<<<<<<  3c3c3c3c3c3c3c3c3c3c3c3c3c3c3c3c
      2214  {{{{{{{{{{{{{{{{  7b7b7b7b7b7b7b7b7b7b7b7b7b7b7b7b
       541  ,,,,,,,,,,,,,,,,  2c2c2c2c2c2c2c2c2c2c2c2c2c2c2c2c
       331  <<<<<<<<<<<<<<<,  3c3c3c3c3c3c3c3c3c3c3c3c3c3c3c2c
       311  ,<<<<<<<<<<<<<<<  2c3c3c3c3c3c3c3c3c3c3c3c3c3c3c3c
       304  <<<<<<<<<<<<<<,<  3c3c3c3c3c3c3c3c3c3c3c3c3c3c2c3c
       302  <,<<<<<<<<<<<<<<  3c2c3c3c3c3c3c3c3c3c3c3c3c3c3c3c
       293  <<<<<<<,<<<<<<<<  3c3c3c3c3c3c3c2c3c3c3c3c3c3c3c3c
       290  <<<<<<<<,<<<<<<<  3c3c3c3c3c3c3c3c2c3c3c3c3c3c3c3c
       287  <<<<<<<<<<<<<,<<  3c3c3c3c3c3c3c3c3c3c3c3c3c2c3c3c
# epoch 35650  H=2.4719 C=1.8658 HO=0.5969  A(t)=630
     12298  <<<<<<<<<<<<<<<<  3c3c3c3c3c3c3c3c3c3c3c3c3c3c3c3c
      2137  {{{{{{{{{{{{{{{{  7b7b7b7b7b7b7b7b7b7b7b7b7b7b7b7b
       604  ,,,,,,,,,,,,,,,,  2c2c2c2c2c2c2c2c2c2c2c2c2c2c2c2c
       354  <<<<<<<<<<<<<<<,  3c3c3c3c3c3c3c3c3c3c3c3c3c3c3c2c
       336  ,<<<<<<<<<<<<<<<  2c3c3c3c3c3c3c3c3c3c3c3c3c3c3c3c
       335  <<<<<<<<<<<<<<,<  3c3c3c3c3c3c3c3c3c3c3c3c3c3c2c3c
       328  <<,<<<<<<<<<<<<<  3c3c2c3c3c3c3c3c3c3c3c3c3c3c3c3c
       324  <<<<<<<<<<<<<,<<  3c3c3c3c3c3c3c3c3c3c3c3c3c2c3c3c
       319  <,<<<<<<<<<<<<<<  3c2c3c3c3c3c3c3c3c3c3c3c3c3c3c3c
       312  <<<<<<<<<<<,<<<<  3c3c3c3c3c3c3c3c3c3c3c2c3c3c3c3c
# epoch 35700  H=2.4355 C=1.8308 HO=0.5904  A(t)=630
     11768  <<<<<<<<<<<<<<<<  3c3c3c3c3c3c3c3c3c3c3c3c3c3c3c3c
      1736  {{{{{{{{{{{{{{{{  7b7b7b7b7b7b7b7b7b7b7b7b7b7b7b7b
       639  ,,,,,,,,,,,,,,,,  2c2c2c2c2c2c2c2c2c2c2c2c2c2c2c2c
       351  <,<<<<<<<<<<<<<<  3c2c3c3c3c3c3c3c3c3c3c3c3c3c3c3c
       345  <<<,<<<<<<<<<<<<  3c3c3c2c3c3c3c3c3c3c3c3c3c3c3c3c
       344  <<,<<<<<<<<<<<<<  3c3c2c3c3c3c3c3c3c3c3c3c3c3c3c3c
       341  ,<<<<<<<<<<<<<<<  2c3c3c3c3c3c3c3c3c3c3c3c3c3c3c3c
       335  <<<<<<<<<<<<<<,<  3c3c3c3c3c3c3c3c3c3c3c3c3c3c2c3c
       330  <<<<,<<<<<<<<<<<  3c3c3c3c2c3c3c3c3c3c3c3c3c3c3c3c
       328  <<<<<<<<<<<<<,<<  3c3c3c3c3c3c3c3c3c3c3c3c3c2c3c3c
# epoch 35750  H=2.3777 C=1.7407 HO=0.6189  A(t)=635
     12611  <<<<<<<<<<<<<<<<  3c3c3c3c3c3c3c3c3c3c3c3c3c3c3c3c
      2051  {{{{{{{{{{{{{{{{  7b7b7b7b7b7b7b7b7b7b7b7b7b7b7b7b
       730  ,,,,,,,,,,,,,,,,  2c2c2c2c2c2c2c2c2c2c2c2c2c2c2c2c
       373  <<<<<<<<<<<<<<<,  3c3c3c3c3c3c3c3c3c3c3c3c3c3c3c2c
       352  <<<<<<<<<<<<<<,<  3c3c3c3c3c3c3c3c3c3c3c3c3c3c2c3c
       340  ,<<<<<<<<<<<<<<<  2c3c3c3c3c3c3c3c3c3c3c3c3c3c3c3c
       334  <,<<<<<<<<<<<<<<  3c2c3c3c3c3c3c3c3c3c3c3c3c3c3c3c
       332  <<<<<<<<<<<<<,<<  3c3c3c3c3c3c3c3c3c3c3c3c3c2c3c3c
       329  <<,<<<<<<<<<<<<<  3c3c2c3c3c3c3c3c3c3c3c3c3c3c3c3c
       327  <<<<<<<<<,<<<<<<  3c3c3c3c3c3c3c3c3c2c3c3c3c3c3c3c
# epoch 35800  H=2.3397 C=1.7130 HO=0.6204  A(t)=635
     12981  <<<<<<<<<<<<<<<<  3c3c3c3c3c3c3c3c3c3c3c3c3c3c3c3c
      2044  {{{{{{{{{{{{{{{{  7b7b7b7b7b7b7b7b7b7b7b7b7b7b7b7b
       577  ,,,,,,,,,,,,,,,,  2c2c2c2c2c2c2c2c2c2c2c2c2c2c2c2c
       346  <<<<<<<<<<<<<<<,  3c3c3c3c3c3c3c3c3c3c3c3c3c3c3c2c
       334  ,<<<<<<<<<<<<<<<  2c3c3c3c3c3c3c3c3c3c3c3c3c3c3c3c
       329  <<<<<<<<<<<<<<,<  3c3c3c3c3c3c3c3c3c3c3c3c3c3c2c3c
       322  <<<<<,<<<<<<<<<<  3c3c3c3c3c2c3c3c3c3c3c3c3c3c3c3c
       318  <<<<,<<<<<<<<<<<  3c3c3c3c2c3c3c3c3c3c3c3c3c3c3c3c
       315  <,<<<<<<<<<<<<<<  3c2c3c3c3c3c3c3c3c3c3c3c3c3c3c3c
       314  <<,<<<<<<<<<<<<<  3c3c2c3c3c3c3c3c3c3c3c3c3c3c3c3c
# epoch 35850  H=2.2834 C=1.7001 HO=0.5762  A(t)=635
     13431  <<<<<<<<<<<<<<<<  3c3c3c3c3c3c3c3c3c3c3c3c3c3c3c3c
      1849  {{{{{{{{{{{{{{{{  7b7b7b7b7b7b7b7b7b7b7b7b7b7b7b7b
       740  ,,,,,,,,,,,,,,,,  2c2c2c2c2c2c2c2c2c2c2c2c2c2c2c2c
       346  <<<<<<<<<<<<<<<,  3c3c3c3c3c3c3c3c3c3c3c3c3c3c3c2c
       335  ,<<<<<<<<<<<<<<<  2c3c3c3c3c3c3c3c3c3c3c3c3c3c3c3c
       332  <<<<<<<<<<<<<<,<  3c3c3c3c3c3c3c3c3c3c3c3c3c3c2c3c
       330  <<<<<<<<<<<<<,<<  3c3c3c3c3c3c3c3c3c3c3c3c3c2c3c3c
       329  <,<<<<<<<<<<<<<<  3c2c3c3c3c3c3c3c3c3c3c3c3c3c3c3c
       327  <<<<<<<<,<<<<<<<  3c3c3c3c3c3c3c3c2c3c3c3c3c3c3c3c
       326  <<<<<<<<<<,<<<<<  3c3c3c3c3c3c3c3c3c3c2c3c3c3c3c3c
# epoch 35900  H=2.3174 C=1.7113 HO=0.5980  A(t)=636
     12994  <<<<<<<<<<<<<<<<  3c3c3c3c3c3c3c3c3c3c3c3c3c3c3c3c
      1603  {{{{{{{{{{{{{{{{  7b7b7b7b7b7b7b7b7b7b7b7b7b7b7b7b
       721  ,,,,,,,,,,,,,,,,  2c2c2c2c2c2c2c2c2c2c2c2c2c2c2c2c
       327  <<<<<<<<<<<<<<<,  3c3c3c3c3c3c3c3c3c3c3c3c3c3c3c2c
       324  ,<<<<<<<<<<<<<<<  2c3c3c3c3c3c3c3c3c3c3c3c3c3c3c3c
       321  <,<<<<<<<<<<<<<<  3c2c3c3c3c3c3c3c3c3c3c3c3c3c3c3c
       307  <<<<<<<<<<<<<<,<  3c3c3c3c3c3c3c3c3c3c3c3c3c3c2c3c
       305  <<,<<<<<<<<<<<<<  3c3c2c3c3c3c3c3c3c3c3c3c3c3c3c3c
       303  <<<<<<<,<<<<<<<<  3c3c3c3c3c3c3c2c3c3c3c3c3c3c3c3c
       303  <<<<<<,<<<<<<<<<  3c3c3c3c3c3c2c3c3c3c3c3c3c3c3c3c
# epoch 35950  H=2.3927 C=1.7745 HO=0.6089  A(t)=636
     12564  <<<<<<<<<<<<<<<<  3c3c3c3c3c3c3c3c3c3c3c3c3c3c3c3c
      1631  {{{{{{{{{{{{{{{{  7b7b7b7b7b7b7b7b7b7b7b7b7b7b7b7b
       442  ,,,,,,,,,,,,,,,,  2c2c2c2c2c2c2c2c2c2c2c2c2c2c2c2c
       323  <<<<<<<<<<<<<<<,  3c3c3c3c3c3c3c3c3c3c3c3c3c3c3c2c
       319  <<<<<<<<<<<<<<,<  3c3c3c3c3c3c3c3c3c3c3c3c3c3c2c3c
       305  ,<<<<<<<<<<<<<<<  2c3c3c3c3c3c3c3c3c3c3c3c3c3c3c3c
       300  <<<<<<<<<<<<<,<<  3c3c3c3c3c3c3c3c3c3c3c3c3c2c3c3c
       292  <,<<<<<<<<<<<<<<  3c2c3c3c3c3c3c3c3c3c3c3c3c3c3c3c
       291  <<,<<<<<<<<<<<<<  3c3c2c3c3c3c3c3c3c3c3c3c3c3c3c3c
       284  <<<<<<<<<<<<,<<<  3c3c3c3c3c3c3c3c3c3c3c3c2c3c3c3c
# epoch 36000  H=2.4007 C=1.7946 HO=0.6081  A(t)=636
     12625  <<<<<<<<<<<<<<<<  3c3c3c3c3c3c3c3c3c3c3c3c3c3c3c3c
      1846  {{{{{{{{{{{{{{{{  7b7b7b7b7b7b7b7b7b7b7b7b7b7b7b7b
      1024  ,,,,,,,,,,,,,,,,  2c2c2c2c2c2c2c2c2c2c2c2c2c2c2c2c
       333  <<<<<<<<<<<<<<<,  3c3c3c3c3c3c3c3c3c3c3c3c3c3c3c2c
       311  ,<<<<<<<<<<<<<<<  2c3c3c3c3c3c3c3c3c3c3c3c3c3c3c3c
       299  <<,<<<<<<<<<<<<<  3c3c2c3c3c3c3c3c3c3c3c3c3c3c3c3c
       298  <<<<<<<<<<<,<<<<  3c3c3c3c3c3c3c3c3c3c3c2c3c3c3c3c
       297  <<<<<<<<<<<<<<,<  3c3c3c3c3c3c3c3c3c3c3c3c3c3c2c3c
       296  <<<<<<<<<<<<<,<<  3c3c3c3c3c3c3c3c3c3c3c3c3c2c3c3c
       295  <,<<<<<<<<<<<<<<  3c2c3c3c3c3c3c3c3c3c3c3c3c3c3c3c
# epoch 36050  H=2.4338 C=1.8553 HO=0.5737  A(t)=636
     12131  <<<<<<<<<<<<<<<<  3c3c3c3c3c3c3c3c3c3c3c3c3c3c3c3c
      1557  {{{{{{{{{{{{{{{{  7b7b7b7b7b7b7b7b7b7b7b7b7b7b7b7b
       372  ,,,,,,,,,,,,,,,,  2c2c2c2c2c2c2c2c2c2c2c2c2c2c2c2c
       313  <<<<<<<<<<<<<<<,  3c3c3c3c3c3c3c3c3c3c3c3c3c3c3c2c
       299  <<<<<<<<<<<<<<,<  3c3c3c3c3c3c3c3c3c3c3c3c3c3c2c3c
       296  ,<<<<<<<<<<<<<<<  2c3c3c3c3c3c3c3c3c3c3c3c3c3c3c3c
       290  <<,<<<<<<<<<<<<<  3c3c2c3c3c3c3c3c3c3c3c3c3c3c3c3c
       289  <<<<<<<<<<<<<,<<  3c3c3c3c3c3c3c3c3c3c3c3c3c2c3c3c
       285  <<<,<<<<<<<<<<<<  3c3c3c2c3c3c3c3c3c3c3c3c3c3c3c3c
       283  <<<<<<<<<<<<,<<<  3c3c3c3c3c3c3c3c3c3c3c3c2c3c3c3c
# epoch 36100  H=2.3517 C=1.7579 HO=0.5763  A(t)=640
     11819  <<<<<<<<<<<<<<<<  3c3c3c3c3c3c3c3c3c3c3c3c3c3c3c3c
      1867  {{{{{{{{{{{{{{{{  7b7b7b7b7b7b7b7b7b7b7b7b7b7b7b7b
       721  ,,,,,,,,,,,,,,,,  2c2c2c2c2c2c2c2c2c2c2c2c2c2c2c2c
       317  <<<<<<<<<<<<<<<,  3c3c3c3c3c3c3c3c3c3c3c3c3c3c3c2c
       306  ,<<<<<<<<<<<<<<<  2c3c3c3c3c3c3c3c3c3c3c3c3c3c3c3c
       298  <<<<<<<<<<<<<<,<  3c3c3c3c3c3c3c3c3c3c3c3c3c3c2c3c
       297  <,<<<<<<<<<<<<<<  3c2c3c3c3c3c3c3c3c3c3c3c3c3c3c3c
       294  <<,<<<<<<<<<<<<<  3c3c2c3c3c3c3c3c3c3c3c3c3c3c3c3c
       287  <<<<<<<<<<<<<,<<  3c3c3c3c3c3c3c3c3c3c3c3c3c2c3c3c
       279  <<<,<<<<<<<<<<<<  3c3c3c2c3c3c3c3c3c3c3c3c3c3c3c3c
# epoch 36150  H=2.2419 C=1.6831 HO=0.5381  A(t)=640
     12706  <<<<<<<<<<<<<<<<  3c3c3c3c3c3c3c3c3c3c3c3c3c3c3c3c
      1471  {{{{{{{{{{{{{{{{  7b7b7b7b7b7b7b7b7b7b7b7b7b7b7b7b
       376  <<<<<<<<<<<<<<<,  3c3c3c3c3c3c3c3c3c3c3c3c3c3c3c2c
       369  <<<<<<<<<<<<<<,<  3c3c3c3c3c3c3c3c3c3c3c3c3c3c2c3c
       364  <<<<<<<<<<<,<<<<  3c3c3c3c3c3c3c3c3c3c3c2c3c3c3c3c
       359  ,<<<<<<<<<<<<<<<  2c3c3c3c3c3c3c3c3c3c3c3c3c3c3c3c
       358  <<<<<<<<<<<<,<<<  3c3c3c3c3c3c3c3c3c3c3c3c2c3c3c3c
       358  <,<<<<<<<<<<<<<<  3c2c3c3c3c3c3c3c3c3c3c3c3c3c3c3c
       354  <<<<<<<<<<<<<,<<  3c3c3c3c3c3c3c3c3c3c3c3c3c2c3c3c
       351  <<<<<<<<<<,<<<<<  3c3c3c3c3c3c3c3c3c3c2c3c3c3c3c3c
# epoch 36200  H=2.2089 C=1.6549 HO=0.5386  A(t)=641
     13209  <<<<<<<<<<<<<<<<  3c3c3c3c3c3c3c3c3c3c3c3c3c3c3c3c
      1356  {{{{{{{{{{{{{{{{  7b7b7b7b7b7b7b7b7b7b7b7b7b7b7b7b
       764  ,,,,,,,,,,,,,,,,  2c2c2c2c2c2c2c2c2c2c2c2c2c2c2c2c
       361  <<<<<<<<<<<<<<<,  3c3c3c3c3c3c3c3c3c3c3c3c3c3c3c2c
       360  ,<<<<<<<<<<<<<<<  2c3c3c3c3c3c3c3c3c3c3c3c3c3c3c3c
       359  <,<<<<<<<<<<<<<<  3c2c3c3c3c3c3c3c3c3c3c3c3c3c3c3c
       350  <<<<<<<,<<<<<<<<  3c3c3c3c3c3c3c2c3c3c3c3c3c3c3c3c
       350  <<,<<<<<<<<<<<<<  3c3c2c3c3c3c3c3c3c3c3c3c3c3c3c3c
       349  <<<<<<<<,<<<<<<<  3c3c3c3c3c3c3c3c2c3c3c3c3c3c3c3c
       347  <<<<<<,<<<<<<<<<  3c3c3c3c3c3c2c3c3c3c3c3c3c3c3c3c
# epoch 36250  H=2.1080 C=1.5402 HO=0.5427  A(t)=641
     14752  <<<<<<<<<<<<<<<<  3c3c3c3c3c3c3c3c3c3c3c3c3c3c3c3c
      1621  {{{{{{{{{{{{{{{{  7b7b7b7b7b7b7b7b7b7b7b7b7b7b7b7b
       425  ,,,,,,,,,,,,,,,,  2c2c2c2c2c2c2c2c2c2c2c2c2c2c2c2c
       376  <<<<<<<<<<<<<<<,  3c3c3c3c3c3c3c3c3c3c3c3c3c3c3c2c
       359  ,<<<<<<<<<<<<<<<  2c3c3c3c3c3c3c3c3c3c3c3c3c3c3c3c
       352  <<<<<<<<<<<<<<,<  3c3c3c3c3c3c3c3c3c3c3c3c3c3c2c3c
       351  <,<<<<<<<<<<<<<<  3c2c3c3c3c3c3c3c3c3c3c3c3c3c3c3c
       340  <<,<<<<<<<<<<<<<  3c3c2c3c3c3c3c3c3c3c3c3c3c3c3c3c
       339  <<<,<<<<<<<<<<<<  3c3c3c2c3c3c3c3c3c3c3c3c3c3c3c3c
       337  <<<<<<<<<<<<<,<<  3c3c3c3c3c3c3c3c3c3c3c3c3c2c3c3c
# epoch 36300  H=2.0535 C=1.4651 HO=0.5604  A(t)=641
     14786  <<<<<<<<<<<<<<<<  3c3c3c3c3c3c3c3c3c3c3c3c3c3c3c3c
      1978  {{{{{{{{{{{{{{{{  7b7b7b7b7b7b7b7b7b7b7b7b7b7b7b7b
       708  ,,,,,,,,,,,,,,,,  2c2c2c2c2c2c2c2c2c2c2c2c2c2c2c2c
       398  <<<<<<<<<<<<<<<,  3c3c3c3c3c3c3c3c3c3c3c3c3c3c3c2c
       390  ,<<<<<<<<<<<<<<<  2c3c3c3c3c3c3c3c3c3c3c3c3c3c3c3c
       387  <<<<<<<<<<<<<<,<  3c3c3c3c3c3c3c3c3c3c3c3c3c3c2c3c
       383  <<<<<<<<<<<<,<<<  3c3c3c3c3c3c3c3c3c3c3c3c2c3c3c3c
       380  <<<<,<<<<<<<<<<<  3c3c3c3c2c3c3c3c3c3c3c3c3c3c3c3c
       378  <<<<<<<<<<<,<<<<  3c3c3c3c3c3c3c3c3c3c3c2c3c3c3c3c
       378  <<<,<<<<<<<<<<<<  3c3c3c2c3c3c3c3c3c3c3c3c3c3c3c3c
# epoch 36350  H=2.0835 C=1.5110 HO=0.5510  A(t)=641
     14129  <<<<<<<<<<<<<<<<  3c3c3c3c3c3c3c3c3c3c3c3c3c3c3c3c
      1767  {{{{{{{{{{{{{{{{  7b7b7b7b7b7b7b7b7b7b7b7b7b7b7b7b
       592  ,,,,,,,,,,,,,,,,  2c2c2c2c2c2c2c2c2c2c2c2c2c2c2c2c
       375  <<<<<<<<<<<<<<<,  3c3c3c3c3c3c3c3c3c3c3c3c3c3c3c2c
       375  ,<<<<<<<<<<<<<<<  2c3c3c3c3c3c3c3c3c3c3c3c3c3c3c3c
       362  <<<<<<<<<<<<<<,<  3c3c3c3c3c3c3c3c3c3c3c3c3c3c2c3c
       353  <<<<<<<<<<<<<,<<  3c3c3c3c3c3c3c3c3c3c3c3c3c2c3c3c
       352  <,<<<<<<<<<<<<<<  3c2c3c3c3c3c3c3c3c3c3c3c3c3c3c3c
       344  <<,<<<<<<<<<<<<<  3c3c2c3c3c3c3c3c3c3c3c3c3c3c3c3c
       343  <<<<<<<<<<<<,<<<  3c3c3c3c3c3c3c3c3c3c3c3c2c3c3c3c
# epoch 36400  H=2.1522 C=1.5631 HO=0.5680  A(t)=641
     12571  <<<<<<<<<<<<<<<<  3c3c3c3c3c3c3c3c3c3c3c3c3c3c3c3c
      1784  {{{{{{{{{{{{{{{{  7b7b7b7b7b7b7b7b7b7b7b7b7b7b7b7b
       475  ,,,,,,,,,,,,,,,,  2c2c2c2c2c2c2c2c2c2c2c2c2c2c2c2c
       384  <<<<<<<<<<<<<<<,  3c3c3c3c3c3c3c3c3c3c3c3c3c3c3c2c
       380  ,<<<<<<<<<<<<<<<  2c3c3c3c3c3c3c3c3c3c3c3c3c3c3c3c
       368  <<<<<<<<<<<<<<,<  3c3c3c3c3c3c3c3c3c3c3c3c3c3c2c3c
       365  <<,<<<<<<<<<<<<<  3c3c2c3c3c3c3c3c3c3c3c3c3c3c3c3c
       364  <,<<<<<<<<<<<<<<  3c2c3c3c3c3c3c3c3c3c3c3c3c3c3c3c
       362  <<<<<<<<<<<<<,<<  3c3c3c3c3c3c3c3c3c3c3c3c3c2c3c3c
       355  <<<<<<<<<<<<,<<<  3c3c3c3c3c3c3c3c3c3c3c3c2c3c3c3c
# epoch 36450  H=2.1628 C=1.5370 HO=0.6012  A(t)=641
     12758  <<<<<<<<<<<<<<<<  3c3c3c3c3c3c3c3c3c3c3c3c3c3c3c3c
      2537  {{{{{{{{{{{{{{{{  7b7b7b7b7b7b7b7b7b7b7b7b7b7b7b7b
       702  ,,,,,,,,,,,,,,,,  2c2c2c2c2c2c2c2c2c2c2c2c2c2c2c2c
       400  <<<<<<<<<<<<<<<,  3c3c3c3c3c3c3c3c3c3c3c3c3c3c3c2c
       380  <<<<<<<<<<<<<<,<  3c3c3c3c3c3c3c3c3c3c3c3c3c3c2c3c
       378  <<<<<<<<<<<<<,<<  3c3c3c3c3c3c3c3c3c3c3c3c3c2c3c3c
       377  ,<<<<<<<<<<<<<<<  2c3c3c3c3c3c3c3c3c3c3c3c3c3c3c3c
       367  <<<<<<<<<<<<,<<<  3c3c3c3c3c3c3c3c3c3c3c3c2c3c3c3c
       359  <,<<<<<<<<<<<<<<  3c2c3c3c3c3c3c3c3c3c3c3c3c3c3c3c
       358  <<<<<<<<<<<,<<<<  3c3c3c3c3c3c3c3c3c3c3c2c3c3c3c3c
# epoch 36500  H=2.1889 C=1.5883 HO=0.5941  A(t)=641
     14374  <<<<<<<<<<<<<<<<  3c3c3c3c3c3c3c3c3c3c3c3c3c3c3c3c
      2034  {{{{{{{{{{{{{{{{  7b7b7b7b7b7b7b7b7b7b7b7b7b7b7b7b
       427  ,,,,,,,,,,,,,,,,  2c2c2c2c2c2c2c2c2c2c2c2c2c2c2c2c
       363  <<<<<<<<<<<<<<<,  3c3c3c3c3c3c3c3c3c3c3c3c3c3c3c2c
       343  <<<<<<<<<<<<<<,<  3c3c3c3c3c3c3c3c3c3c3c3c3c3c2c3c
       337  <<<<<<<<,<<<<<<<  3c3c3c3c3c3c3c3c2c3c3c3c3c3c3c3c
       331  <<<<<<<<<<<<<,<<  3c3c3c3c3c3c3c3c3c3c3c3c3c2c3c3c
       330  ,<<<<<<<<<<<<<<<  2c3c3c3c3c3c3c3c3c3c3c3c3c3c3c3c
       326  <<<<<<<<<<,<<<<<  3c3c3c3c3c3c3c3c3c3c2c3c3c3c3c3c
       324  <<<<<<<<<<<,<<<<  3c3c3c3c3c3c3c3c3c3c3c2c3c3c3c3c
# epoch 36550  H=2.3291 C=1.7242 HO=0.6056  A(t)=641
     13223  <<<<<<<<<<<<<<<<  3c3c3c3c3c3c3c3c3c3c3c3c3c3c3c3c
      2267  {{{{{{{{{{{{{{{{  7b7b7b7b7b7b7b7b7b7b7b7b7b7b7b7b
       532  ,,,,,,,,,,,,,,,,  2c2c2c2c2c2c2c2c2c2c2c2c2c2c2c2c
       311  <<<<<<<<<<<<<<<,  3c3c3c3c3c3c3c3c3c3c3c3c3c3c3c2c
       296  ,<<<<<<<<<<<<<<<  2c3c3c3c3c3c3c3c3c3c3c3c3c3c3c3c
       293  <<<<<<<<<<<<<<,<  3c3c3c3c3c3c3c3c3c3c3c3c3c3c2c3c
       279  <,<<<<<<<<<<<<<<  3c2c3c3c3c3c3c3c3c3c3c3c3c3c3c3c
       278  <<<<<<<<<<<<<,<<  3c3c3c3c3c3c3c3c3c3c3c3c3c2c3c3c
       278  <<<<<<<<<<<<,<<<  3c3c3c3c3c3c3c3c3c3c3c3c2c3c3c3c
       277  <<<<<<<<<<<,<<<<  3c3c3c3c3c3c3c3c3c3c3c2c3c3c3c3c
# epoch 36600  H=2.5133 C=1.8973 HO=0.6398  A(t)=641
     11437  <<<<<<<<<<<<<<<<  3c3c3c3c3c3c3c3c3c3c3c3c3c3c3c3c
      2297  {{{{{{{{{{{{{{{{  7b7b7b7b7b7b7b7b7b7b7b7b7b7b7b7b
       449  ,,,,,,,,,,,,,,,,  2c2c2c2c2c2c2c2c2c2c2c2c2c2c2c2c
       272  <<<<<<<<<<<<<<,<  3c3c3c3c3c3c3c3c3c3c3c3c3c3c2c3c
       268  <<<<<<<<<<<<<<<,  3c3c3c3c3c3c3c3c3c3c3c3c3c3c3c2c
       260  <<<<<<<<<<<<<,<<  3c3c3c3c3c3c3c3c3c3c3c3c3c2c3c3c
       260  ,<<<<<<<<<<<<<<<  2c3c3c3c3c3c3c3c3c3c3c3c3c3c3c3c
       258  <,<<<<<<<<<<<<<<  3c2c3c3c3c3c3c3c3c3c3c3c3c3c3c3c
       257  <<<<<<<<<<<<,<<<  3c3c3c3c3c3c3c3c3c3c3c3c2c3c3c3c
       254  <<,<<<<<<<<<<<<<  3c3c2c3c3c3c3c3c3c3c3c3c3c3c3c3c
# epoch 36650  H=2.6318 C=1.9803 HO=0.6721  A(t)=642
     11582  <<<<<<<<<<<<<<<<  3c3c3c3c3c3c3c3c3c3c3c3c3c3c3c3c
      1584  {{{{{{{{{{{{{{{{  7b7b7b7b7b7b7b7b7b7b7b7b7b7b7b7b
       538  ,,,,,,,,,,,,,,,,  2c2c2c2c2c2c2c2c2c2c2c2c2c2c2c2c
       294  <<<<<<<<<<<<<<<,  3c3c3c3c3c3c3c3c3c3c3c3c3c3c3c2c
       290  <<<<<<<<<<<<<<,<  3c3c3c3c3c3c3c3c3c3c3c3c3c3c2c3c
       282  <<<<<<<<<<<<<,<<  3c3c3c3c3c3c3c3c3c3c3c3c3c2c3c3c
       274  ,<<<<<<<<<<<<<<<  2c3c3c3c3c3c3c3c3c3c3c3c3c3c3c3c
       270  <,<<<<<<<<<<<<<<  3c2c3c3c3c3c3c3c3c3c3c3c3c3c3c3c
       266  <<,<<<<<<<<<<<<<  3c3c2c3c3c3c3c3c3c3c3c3c3c3c3c3c
       264  <<<<<<<<<<<<,<<<  3c3c3c3c3c3c3c3c3c3c3c3c2c3c3c3c
# epoch 36700  H=2.6041 C=1.9266 HO=0.6885  A(t)=642
     11986  <<<<<<<<<<<<<<<<  3c3c3c3c3c3c3c3c3c3c3c3c3c3c3c3c
      1420  {{{{{{{{{{{{{{{{  7b7b7b7b7b7b7b7b7b7b7b7b7b7b7b7b
       499  ,,,,,,,,,,,,,,,,  2c2c2c2c2c2c2c2c2c2c2c2c2c2c2c2c
       298  <<<<<<<<<<<<<<<,  3c3c3c3c3c3c3c3c3c3c3c3c3c3c3c2c
       279  <<<<<<<<<<<<<<,<  3c3c3c3c3c3c3c3c3c3c3c3c3c3c2c3c
       277  ,<<<<<<<<<<<<<<<  2c3c3c3c3c3c3c3c3c3c3c3c3c3c3c3c
       276  <,<<<<<<<<<<<<<<  3c2c3c3c3c3c3c3c3c3c3c3c3c3c3c3c
       268  <<<<<<<<<<<<,<<<  3c3c3c3c3c3c3c3c3c3c3c3c2c3c3c3c
       266  <<<<<<,<<<<<<<<<  3c3c3c3c3c3c2c3c3c3c3c3c3c3c3c3c
       265  <<<,<<<<<<<<<<<<  3c3c3c2c3c3c3c3c3c3c3c3c3c3c3c3c
# epoch 36750  H=2.5586 C=1.9551 HO=0.6181  A(t)=642
     11835  <<<<<<<<<<<<<<<<  3c3c3c3c3c3c3c3c3c3c3c3c3c3c3c3c
      1342  {{{{{{{{{{{{{{{{  7b7b7b7b7b7b7b7b7b7b7b7b7b7b7b7b
       334  ,,,,,,,,,,,,,,,,  2c2c2c2c2c2c2c2c2c2c2c2c2c2c2c2c
       302  <<<<<<<<<<<<<<<,  3c3c3c3c3c3c3c3c3c3c3c3c3c3c3c2c
       293  <<<<<<<<<<<<<<,<  3c3c3c3c3c3c3c3c3c3c3c3c3c3c2c3c
       282  <<<<<<<<<<<<<,<<  3c3c3c3c3c3c3c3c3c3c3c3c3c2c3c3c
       276  ,<<<<<<<<<<<<<<<  2c3c3c3c3c3c3c3c3c3c3c3c3c3c3c3c
       270  <,<<<<<<<<<<<<<<  3c2c3c3c3c3c3c3c3c3c3c3c3c3c3c3c
       266  <<<<<<<<<<<<,<<<  3c3c3c3c3c3c3c3c3c3c3c3c2c3c3c3c
       261  <<,<<<<<<<<<<<<<  3c3c2c3c3c3c3c3c3c3c3c3c3c3c3c3c
# epoch 36800  H=2.5441 C=1.9231 HO=0.6327  A(t)=642
     12565  <<<<<<<<<<<<<<<<  3c3c3c3c3c3c3c3c3c3c3c3c3c3c3c3c
      1525  {{{{{{{{{{{{{{{{  7b7b7b7b7b7b7b7b7b7b7b7b7b7b7b7b
       378  ,,,,,,,,,,,,,,,,  2c2c2c2c2c2c2c2c2c2c2c2c2c2c2c2c
       275  <<<<<<<,<<<<<<<<  3c3c3c3c3c3c3c2c3c3c3c3c3c3c3c3c
       273  <<<<<<,<<<<<<<<<  3c3c3c3c3c3c2c3c3c3c3c3c3c3c3c3c
       270  <<<<<<<<,<<<<<<<  3c3c3c3c3c3c3c3c2c3c3c3c3c3c3c3c
       266  <<<<<<<<<,<<<<<<  3c3c3c3c3c3c3c3c3c2c3c3c3c3c3c3c
       266  <<<<<,<<<<<<<<<<  3c3c3c3c3c2c3c3c3c3c3c3c3c3c3c3c
       265  <<<<<<<<<<,<<<<<  3c3c3c3c3c3c3c3c3c3c2c3c3c3c3c3c
       264  <<<<<<<<<<<<<<<,  3c3c3c3c3c3c3c3c3c3c3c3c3c3c3c2c
# epoch 36850  H=2.6578 C=2.0541 HO=0.6246  A(t)=644
     10279  <<<<<<<<<<<<<<<<  3c3c3c3c3c3c3c3c3c3c3c3c3c3c3c3c
      1267  {{{{{{{{{{{{{{{{  7b7b7b7b7b7b7b7b7b7b7b7b7b7b7b7b
       388  ,,,,,,,,,,,,,,,,  2c2c2c2c2c2c2c2c2c2c2c2c2c2c2c2c
       284  ,<<<<<<<<<<<<<<<  2c3c3c3c3c3c3c3c3c3c3c3c3c3c3c3c
       278  <<<<<<<<<<<<<<<,  3c3c3c3c3c3c3c3c3c3c3c3c3c3c3c2c
       275  <,<<<<<<<<<<<<<<  3c2c3c3c3c3c3c3c3c3c3c3c3c3c3c3c
       274  <<<<<<<<<<<<<,<<  3c3c3c3c3c3c3c3c3c3c3c3c3c2c3c3c
       274  <<,<<<<<<<<<<<<<  3c3c2c3c3c3c3c3c3c3c3c3c3c3c3c3c
       267  <<<<<<,<<<<<<<<<  3c3c3c3c3c3c2c3c3c3c3c3c3c3c3c3c
       266  <<<<<<<<<<<<<<,<  3c3c3c3c3c3c3c3c3c3c3c3c3c3c2c3c
# epoch 36900  H=2.6425 C=2.0032 HO=0.6529  A(t)=644
     11312  <<<<<<<<<<<<<<<<  3c3c3c3c3c3c3c3c3c3c3c3c3c3c3c3c
       988  {{{{{{{{{{{{{{{{  7b7b7b7b7b7b7b7b7b7b7b7b7b7b7b7b
       759  ,,,,,,,,,,,,,,,,  2c2c2c2c2c2c2c2c2c2c2c2c2c2c2c2c
       311  <<<<<<<<<<<<<<<,  3c3c3c3c3c3c3c3c3c3c3c3c3c3c3c2c
       284  <<<,<<<<<<<<<<<<  3c3c3c2c3c3c3c3c3c3c3c3c3c3c3c3c
       283  <<<<<<<<<<<<<<,<  3c3c3c3c3c3c3c3c3c3c3c3c3c3c2c3c
       277  ,<<<<<<<<<<<<<<<  2c3c3c3c3c3c3c3c3c3c3c3c3c3c3c3c
       276  <,<<<<<<<<<<<<<<  3c2c3c3c3c3c3c3c3c3c3c3c3c3c3c3c
       275  <<<<<<<<,<<<<<<<  3c3c3c3c3c3c3c3c2c3c3c3c3c3c3c3c
       274  <<,<<<<<<<<<<<<<  3c3c2c3c3c3c3c3c3c3c3c3c3c3c3c3c
# epoch 36950  H=2.5276 C=1.9004 HO=0.6362  A(t)=644
     12166  <<<<<<<<<<<<<<<<  3c3c3c3c3c3c3c3c3c3c3c3c3c3c3c3c
      1145  {{{{{{{{{{{{{{{{  7b7b7b7b7b7b7b7b7b7b7b7b7b7b7b7b
       565  ,,,,,,,,,,,,,,,,  2c2c2c2c2c2c2c2c2c2c2c2c2c2c2c2c
       339  <<<<<<<<<<<<<<<,  3c3c3c3c3c3c3c3c3c3c3c3c3c3c3c2c
       324  <<,<<<<<<<<<<<<<  3c3c2c3c3c3c3c3c3c3c3c3c3c3c3c3c
       322  ,<<<<<<<<<<<<<<<  2c3c3c3c3c3c3c3c3c3c3c3c3c3c3c3c
       318  <<<<<<<<<<<<<<,<  3c3c3c3c3c3c3c3c3c3c3c3c3c3c2c3c
       313  <<<,<<<<<<<<<<<<  3c3c3c2c3c3c3c3c3c3c3c3c3c3c3c3c
       312  <<<<<<<<<<<<<,<<  3c3c3c3c3c3c3c3c3c3c3c3c3c2c3c3c
       309  <<<<<<,<<<<<<<<<  3c3c3c3c3c3c2c3c3c3c3c3c3c3c3c3c
# epoch 37000  H=2.4983 C=1.8966 HO=0.6102  A(t)=644
     12174  <<<<<<<<<<<<<<<<  3c3c3c3c3c3c3c3c3c3c3c3c3c3c3c3c
      1208  {{{{{{{{{{{{{{{{  7b7b7b7b7b7b7b7b7b7b7b7b7b7b7b7b
       466  ,,,,,,,,,,,,,,,,  2c2c2c2c2c2c2c2c2c2c2c2c2c2c2c2c
       361  <<<<<<<<<<<<<<<,  3c3c3c3c3c3c3c3c3c3c3c3c3c3c3c2c
       348  ,<<<<<<<<<<<<<<<  2c3c3c3c3c3c3c3c3c3c3c3c3c3c3c3c
       335  <,<<<<<<<<<<<<<<  3c2c3c3c3c3c3c3c3c3c3c3c3c3c3c3c
       329  <<<<<<<<<<<<<<,<  3c3c3c3c3c3c3c3c3c3c3c3c3c3c2c3c
       320  <<,<<<<<<<<<<<<<  3c3c2c3c3c3c3c3c3c3c3c3c3c3c3c3c
       312  <<<<,<<<<<<<<<<<  3c3c3c3c2c3c3c3c3c3c3c3c3c3c3c3c
       310  <<<,<<<<<<<<<<<<  3c3c3c2c3c3c3c3c3c3c3c3c3c3c3c3c
# epoch 37050  H=2.4929 C=1.8917 HO=0.6018  A(t)=644
     12686  <<<<<<<<<<<<<<<<  3c3c3c3c3c3c3c3c3c3c3c3c3c3c3c3c
      1242  {{{{{{{{{{{{{{{{  7b7b7b7b7b7b7b7b7b7b7b7b7b7b7b7b
       521  ,,,,,,,,,,,,,,,,  2c2c2c2c2c2c2c2c2c2c2c2c2c2c2c2c
       336  <<<<<<<<<<<<<<<,  3c3c3c3c3c3c3c3c3c3c3c3c3c3c3c2c
       308  <<<<<<<<<<<<<<,<  3c3c3c3c3c3c3c3c3c3c3c3c3c3c2c3c
       297  ,<<<<<<<<<<<<<<<  2c3c3c3c3c3c3c3c3c3c3c3c3c3c3c3c
       291  <<<<<<<<<<<<<,<<  3c3c3c3c3c3c3c3c3c3c3c3c3c2c3c3c
       283  <<<<<<<<<<<,<<<<  3c3c3c3c3c3c3c3c3c3c3c2c3c3c3c3c
       279  <,<<<<<<<<<<<<<<  3c2c3c3c3c3c3c3c3c3c3c3c3c3c3c3c
       277  <<<<<<<<<<<<,<<<  3c3c3c3c3c3c3c3c3c3c3c3c2c3c3c3c
# epoch 37100  H=2.5171 C=1.9069 HO=0.6192  A(t)=644
     12395  <<<<<<<<<<<<<<<<  3c3c3c3c3c3c3c3c3c3c3c3c3c3c3c3c
      1185  {{{{{{{{{{{{{{{{  7b7b7b7b7b7b7b7b7b7b7b7b7b7b7b7b
       705  ,,,,,,,,,,,,,,,,  2c2c2c2c2c2c2c2c2c2c2c2c2c2c2c2c
       329  <<<<<<<<<<<<<<<,  3c3c3c3c3c3c3c3c3c3c3c3c3c3c3c2c
       312  ,<<<<<<<<<<<<<<<  2c3c3c3c3c3c3c3c3c3c3c3c3c3c3c3c
       307  <<<<<<<<<<<<<<,<  3c3c3c3c3c3c3c3c3c3c3c3c3c3c2c3c
       290  <<<<<<<<<<<<<,<<  3c3c3c3c3c3c3c3c3c3c3c3c3c2c3c3c
       289  <,<<<<<<<<<<<<<<  3c2c3c3c3c3c3c3c3c3c3c3c3c3c3c3c
       285  <<,<<<<<<<<<<<<<  3c3c2c3c3c3c3c3c3c3c3c3c3c3c3c3c
       271  <<<<<<<<<<<<,<<<  3c3c3c3c3c3c3c3c3c3c3c3c2c3c3c3c
# epoch 37150  H=2.5104 C=1.9099 HO=0.6054  A(t)=644
     13580  <<<<<<<<<<<<<<<<  3c3c3c3c3c3c3c3c3c3c3c3c3c3c3c3c
       992  {{{{{{{{{{{{{{{{  7b7b7b7b7b7b7b7b7b7b7b7b7b7b7b7b
       307  <<<<<<<<<<<<<<<,  3c3c3c3c3c3c3c3c3c3c3c3c3c3c3c2c
       287  ,,,,,,,,,,,,,,,,  2c2c2c2c2c2c2c2c2c2c2c2c2c2c2c2c
       283  <<<<<<<<<<<<<<,<  3c3c3c3c3c3c3c3c3c3c3c3c3c3c2c3c
       271  <<<<<<<<<<<<<,<<  3c3c3c3c3c3c3c3c3c3c3c3c3c2c3c3c
       266  ,<<<<<<<<<<<<<<<  2c3c3c3c3c3c3c3c3c3c3c3c3c3c3c3c
       263  <<<<<<<<<<<<,<<<  3c3c3c3c3c3c3c3c3c3c3c3c2c3c3c3c
       261  <<<<<<<<<<<,<<<<  3c3c3c3c3c3c3c3c3c3c3c2c3c3c3c3c
       259  <<<<<<<<,<<<<<<<  3c3c3c3c3c3c3c3c2c3c3c3c3c3c3c3c
# epoch 37200  H=2.4907 C=1.8839 HO=0.6073  A(t)=644
     12722  <<<<<<<<<<<<<<<<  3c3c3c3c3c3c3c3c3c3c3c3c3c3c3c3c
      1487  {{{{{{{{{{{{{{{{  7b7b7b7b7b7b7b7b7b7b7b7b7b7b7b7b
       695  ,,,,,,,,,,,,,,,,  2c2c2c2c2c2c2c2c2c2c2c2c2c2c2c2c
       318  <<<<<<<<<<<<<<<,  3c3c3c3c3c3c3c3c3c3c3c3c3c3c3c2c
       300  <<<<<<<<<<<<<<,<  3c3c3c3c3c3c3c3c3c3c3c3c3c3c2c3c
       300  <<<,<<<<<<<<<<<<  3c3c3c2c3c3c3c3c3c3c3c3c3c3c3c3c
       300  ,<<<<<<<<<<<<<<<  2c3c3c3c3c3c3c3c3c3c3c3c3c3c3c3c
       295  <<<<,<<<<<<<<<<<  3c3c3c3c2c3c3c3c3c3c3c3c3c3c3c3c
       291  <<<<<,<<<<<<<<<<  3c3c3c3c3c2c3c3c3c3c3c3c3c3c3c3c
       291  <,<<<<<<<<<<<<<<  3c2c3c3c3c3c3c3c3c3c3c3c3c3c3c3c
# epoch 37250  H=2.3598 C=1.7944 HO=0.5583  A(t)=644
     12816  <<<<<<<<<<<<<<<<  3c3c3c3c3c3c3c3c3c3c3c3c3c3c3c3c
      1693  {{{{{{{{{{{{{{{{  7b7b7b7b7b7b7b7b7b7b7b7b7b7b7b7b
       340  ,,,,,,,,,,,,,,,,  2c2c2c2c2c2c2c2c2c2c2c2c2c2c2c2c
       282  <<<<<<<<<<<<<<<,  3c3c3c3c3c3c3c3c3c3c3c3c3c3c3c2c
       281  <<<<<<,<<<<<<<<<  3c3c3c3c3c3c2c3c3c3c3c3c3c3c3c3c
       281  <<<<,<<<<<<<<<<<  3c3c3c3c2c3c3c3c3c3c3c3c3c3c3c3c
       279  <<<<<<<<<,<<<<<<  3c3c3c3c3c3c3c3c3c2c3c3c3c3c3c3c
       273  <<<<<<<<,<<<<<<<  3c3c3c3c3c3c3c3c2c3c3c3c3c3c3c3c
       271  <<<<<<<<<<,<<<<<  3c3c3c3c3c3c3c3c3c3c2c3c3c3c3c3c
       271  <<<<<,<<<<<<<<<<  3c3c3c3c3c2c3c3c3c3c3c3c3c3c3c3c
# epoch 37300  H=2.4545 C=1.8361 HO=0.6037  A(t)=646
     11881  <<<<<<<<<<<<<<<<  3c3c3c3c3c3c3c3c3c3c3c3c3c3c3c3c
      1636  {{{{{{{{{{{{{{{{  7b7b7b7b7b7b7b7b7b7b7b7b7b7b7b7b
       518  ,,,,,,,,,,,,,,,,  2c2c2c2c2c2c2c2c2c2c2c2c2c2c2c2c
       295  <<<<<<<<<<<<<<<,  3c3c3c3c3c3c3c3c3c3c3c3c3c3c3c2c
       283  ,<<<<<<<<<<<<<<<  2c3c3c3c3c3c3c3c3c3c3c3c3c3c3c3c
       282  <<<<<<<<<<<<<<,<  3c3c3c3c3c3c3c3c3c3c3c3c3c3c2c3c
       272  <<<<<<<<<<<<<,<<  3c3c3c3c3c3c3c3c3c3c3c3c3c2c3c3c
       269  <<<<<<<<<<<<,<<<  3c3c3c3c3c3c3c3c3c3c3c3c2c3c3c3c
       269  <<<<<<<<<<<,<<<<  3c3c3c3c3c3c3c3c3c3c3c2c3c3c3c3c
       267  <<<<<<,<<<<<<<<<  3c3c3c3c3c3c2c3c3c3c3c3c3c3c3c3c
# epoch 37350  H=2.3993 C=1.7728 HO=0.6176  A(t)=646
     12223  <<<<<<<<<<<<<<<<  3c3c3c3c3c3c3c3c3c3c3c3c3c3c3c3c
      1453  {{{{{{{{{{{{{{{{  7b7b7b7b7b7b7b7b7b7b7b7b7b7b7b7b
       644  ,,,,,,,,,,,,,,,,  2c2c2c2c2c2c2c2c2c2c2c2c2c2c2c2c
       327  <<<<<<<<<<<<<<<,  3c3c3c3c3c3c3c3c3c3c3c3c3c3c3c2c
       324  <<<<<<<<<<<<<<,<  3c3c3c3c3c3c3c3c3c3c3c3c3c3c2c3c
       313  <<<<<<<<<<<<<,<<  3c3c3c3c3c3c3c3c3c3c3c3c3c2c3c3c
       313  <<<<<<<<<<<<,<<<  3c3c3c3c3c3c3c3c3c3c3c3c2c3c3c3c
       301  <<<<<<<<<<<,<<<<  3c3c3c3c3c3c3c3c3c3c3c2c3c3c3c3c
       299  ,<<<<<<<<<<<<<<<  2c3c3c3c3c3c3c3c3c3c3c3c3c3c3c3c
       295  <<<<<<<<<<,<<<<<  3c3c3c3c3c3c3c3c3c3c2c3c3c3c3c3c
# epoch 37400  H=2.3260 C=1.7195 HO=0.5907  A(t)=646
     12294  <<<<<<<<<<<<<<<<  3c3c3c3c3c3c3c3c3c3c3c3c3c3c3c3c
      2393  {{{{{{{{{{{{{{{{  7b7b7b7b7b7b7b7b7b7b7b7b7b7b7b7b
       757  ,,,,,,,,,,,,,,,,  2c2c2c2c2c2c2c2c2c2c2c2c2c2c2c2c
       349  <<<<<<<<<<<<<<<,  3c3c3c3c3c3c3c3c3c3c3c3c3c3c3c2c
       339  ,<<<<<<<<<<<<<<<  2c3c3c3c3c3c3c3c3c3c3c3c3c3c3c3c
       325  <<<<<<<<<<<<<<,<  3c3c3c3c3c3c3c3c3c3c3c3c3c3c2c3c
       314  <,<<<<<<<<<<<<<<  3c2c3c3c3c3c3c3c3c3c3c3c3c3c3c3c
       309  <<<<<<<<<<<<<,<<  3c3c3c3c3c3c3c3c3c3c3c3c3c2c3c3c
       303  <<,<<<<<<<<<<<<<  3c3c2c3c3c3c3c3c3c3c3c3c3c3c3c3c
       297  <<<<<<<<<<<<,<<<  3c3c3c3c3c3c3c3c3c3c3c3c2c3c3c3c
# epoch 37450  H=2.3522 C=1.7670 HO=0.5797  A(t)=646
     12122  <<<<<<<<<<<<<<<<  3c3c3c3c3c3c3c3c3c3c3c3c3c3c3c3c
      2931  {{{{{{{{{{{{{{{{  7b7b7b7b7b7b7b7b7b7b7b7b7b7b7b7b
       335  <<<<<<<<<<<<<<<,  3c3c3c3c3c3c3c3c3c3c3c3c3c3c3c2c
       323  <<<<<<<<<<<<<<,<  3c3c3c3c3c3c3c3c3c3c3c3c3c3c2c3c
       314  <,<<<<<<<<<<<<<<  3c2c3c3c3c3c3c3c3c3c3c3c3c3c3c3c
       310  ,<<<<<<<<<<<<<<<  2c3c3c3c3c3c3c3c3c3c3c3c3c3c3c3c
       307  <<<,<<<<<<<<<<<<  3c3c3c2c3c3c3c3c3c3c3c3c3c3c3c3c
       304  <<,<<<<<<<<<<<<<  3c3c2c3c3c3c3c3c3c3c3c3c3c3c3c3c
       298  <<<<<<,<<<<<<<<<  3c3c3c3c3c3c2c3c3c3c3c3c3c3c3c3c
       298  <<<<,<<<<<<<<<<<  3c3c3c3c2c3c3c3c3c3c3c3c3c3c3c3c
# epoch 37500  H=2.5428 C=1.8990 HO=0.6476  A(t)=646
     11215  <<<<<<<<<<<<<<<<  3c3c3c3c3c3c3c3c3c3c3c3c3c3c3c3c
      2703  {{{{{{{{{{{{{{{{  7b7b7b7b7b7b7b7b7b7b7b7b7b7b7b7b
       501  ,,,,,,,,,,,,,,,,  2c2c2c2c2c2c2c2c2c2c2c2c2c2c2c2c
       282  <<<<<<<<<<<<<<<,  3c3c3c3c3c3c3c3c3c3c3c3c3c3c3c2c
       271  ,<<<<<<<<<<<<<<<  2c3c3c3c3c3c3c3c3c3c3c3c3c3c3c3c
       264  <<,<<<<<<<<<<<<<  3c3c2c3c3c3c3c3c3c3c3c3c3c3c3c3c
       262  <<<<,<<<<<<<<<<<  3c3c3c3c2c3c3c3c3c3c3c3c3c3c3c3c
       261  <,<<<<<<<<<<<<<<  3c2c3c3c3c3c3c3c3c3c3c3c3c3c3c3c
       260  <<<<<<<<<<<<<<,<  3c3c3c3c3c3c3c3c3c3c3c3c3c3c2c3c
       258  <<<<<<<<<<<<<,<<  3c3c3c3c3c3c3c3c3c3c3c3c3c2c3c3c
# epoch 37550  H=2.5762 C=1.9575 HO=0.6247  A(t)=646
     10651  <<<<<<<<<<<<<<<<  3c3c3c3c3c3c3c3c3c3c3c3c3c3c3c3c
      1994  {{{{{{{{{{{{{{{{  7b7b7b7b7b7b7b7b7b7b7b7b7b7b7b7b
       448  ,,,,,,,,,,,,,,,,  2c2c2c2c2c2c2c2c2c2c2c2c2c2c2c2c
       301  <<<<<<<<<<<<<<<,  3c3c3c3c3c3c3c3c3c3c3c3c3c3c3c2c
       290  <<<<<<<<<<<<<<,<  3c3c3c3c3c3c3c3c3c3c3c3c3c3c2c3c
       281  <<<<<,<<<<<<<<<<  3c3c3c3c3c2c3c3c3c3c3c3c3c3c3c3c
       281  <<<<,<<<<<<<<<<<  3c3c3c3c2c3c3c3c3c3c3c3c3c3c3c3c
       280  <<<<<<<<<<,<<<<<  3c3c3c3c3c3c3c3c3c3c2c3c3c3c3c3c
       280  <<<<<<<<,<<<<<<<  3c3c3c3c3c3c3c3c2c3c3c3c3c3c3c3c
       280  <<<<<<,<<<<<<<<<  3c3c3c3c3c3c2c3c3c3c3c3c3c3c3c3c
# epoch 37600  H=2.4184 C=1.8025 HO=0.6238  A(t)=646
     13304  <<<<<<<<<<<<<<<<  3c3c3c3c3c3c3c3c3c3c3c3c3c3c3c3c
      2792  {{{{{{{{{{{{{{{{  7b7b7b7b7b7b7b7b7b7b7b7b7b7b7b7b
       314  <<<<<<<<<<<<<<<,  3c3c3c3c3c3c3c3c3c3c3c3c3c3c3c2c
       306  ,,,,,,,,,,,,,,,,  2c2c2c2c2c2c2c2c2c2c2c2c2c2c2c2c
       297  <<<<<<<<<<<<<,<<  3c3c3c3c3c3c3c3c3c3c3c3c3c2c3c3c
       294  <<<<<<<<<<<<<<,<  3c3c3c3c3c3c3c3c3c3c3c3c3c3c2c3c
       292  ,<<<<<<<<<<<<<<<  2c3c3c3c3c3c3c3c3c3c3c3c3c3c3c3c
       289  <<<<<<<<,<<<<<<<  3c3c3c3c3c3c3c3c2c3c3c3c3c3c3c3c
       286  <<<<<<<,<<<<<<<<  3c3c3c3c3c3c3c2c3c3c3c3c3c3c3c3c
       285  <<<<<<<<<<<<,<<<  3c3c3c3c3c3c3c3c3c3c3c3c2c3c3c3c
# epoch 37650  H=2.4076 C=1.8126 HO=0.5875  A(t)=646
     11964  <<<<<<<<<<<<<<<<  3c3c3c3c3c3c3c3c3c3c3c3c3c3c3c3c
      3000  {{{{{{{{{{{{{{{{  7b7b7b7b7b7b7b7b7b7b7b7b7b7b7b7b
       361  ,,,,,,,,,,,,,,,,  2c2c2c2c2c2c2c2c2c2c2c2c2c2c2c2c
       324  <<<<<<<<<<<<<<<,  3c3c3c3c3c3c3c3c3c3c3c3c3c3c3c2c
       311  <<<<<<<<<<<<<<,<  3c3c3c3c3c3c3c3c3c3c3c3c3c3c2c3c
       309  <<<<<<<<<<<<<,<<  3c3c3c3c3c3c3c3c3c3c3c3c3c2c3c3c
       304  ,<<<<<<<<<<<<<<<  2c3c3c3c3c3c3c3c3c3c3c3c3c3c3c3c
       297  <<<<<<,<<<<<<<<<  3c3c3c3c3c3c2c3c3c3c3c3c3c3c3c3c
       296  <<<<<<<<<<<<,<<<  3c3c3c3c3c3c3c3c3c3c3c3c2c3c3c3c
       296  <<<<<<<<<<,<<<<<  3c3c3c3c3c3c3c3c3c3c2c3c3c3c3c3c
# epoch 37700  H=2.3950 C=1.8052 HO=0.5789  A(t)=646
     12313  <<<<<<<<<<<<<<<<  3c3c3c3c3c3c3c3c3c3c3c3c3c3c3c3c
      2893  {{{{{{{{{{{{{{{{  7b7b7b7b7b7b7b7b7b7b7b7b7b7b7b7b
       345  <<<<<<<<<<<<<<<,  3c3c3c3c3c3c3c3c3c3c3c3c3c3c3c2c
       327  ,<<<<<<<<<<<<<<<  2c3c3c3c3c3c3c3c3c3c3c3c3c3c3c3c
       323  <<<<<<<<<<<<<<,<  3c3c3c3c3c3c3c3c3c3c3c3c3c3c2c3c
       311  <<<<<<<<<<<<<,<<  3c3c3c3c3c3c3c3c3c3c3c3c3c2c3c3c
       311  <,<<<<<<<<<<<<<<  3c2c3c3c3c3c3c3c3c3c3c3c3c3c3c3c
       308  <<<<<<<<<<<<,<<<  3c3c3c3c3c3c3c3c3c3c3c3c2c3c3c3c
       303  <<<<<<,<<<<<<<<<  3c3c3c3c3c3c2c3c3c3c3c3c3c3c3c3c
       301  <<<<<<<<<<<,<<<<  3c3c3c3c3c3c3c3c3c3c3c2c3c3c3c3c
# epoch 37750  H=2.4584 C=1.8300 HO=0.6161  A(t)=646
     13157  <<<<<<<<<<<<<<<<  3c3c3c3c3c3c3c3c3c3c3c3c3c3c3c3c
      2243  {{{{{{{{{{{{{{{{  7b7b7b7b7b7b7b7b7b7b7b7b7b7b7b7b
       340  <<<<<<<<<<<<<<<,  3c3c3c3c3c3c3c3c3c3c3c3c3c3c3c2c
       323  ,<<<<<<<<<<<<<<<  2c3c3c3c3c3c3c3c3c3c3c3c3c3c3c3c
       320  <<<<<<<<<<<<<<,<  3c3c3c3c3c3c3c3c3c3c3c3c3c3c2c3c
       317  <<<<<<<<<<<<<,<<  3c3c3c3c3c3c3c3c3c3c3c3c3c2c3c3c
       312  <<<<<<<<<<<<,<<<  3c3c3c3c3c3c3c3c3c3c3c3c2c3c3c3c
       310  <,<<<<<<<<<<<<<<  3c2c3c3c3c3c3c3c3c3c3c3c3c3c3c3c
       307  ,,,,,,,,,,,,,,,,  2c2c2c2c2c2c2c2c2c2c2c2c2c2c2c2c
       303  <<<<<<<<<<<,<<<<  3c3c3c3c3c3c3c3c3c3c3c2c3c3c3c3c
# epoch 37800  H=2.4803 C=1.8856 HO=0.5899  A(t)=646
     12146  <<<<<<<<<<<<<<<<  3c3c3c3c3c3c3c3c3c3c3c3c3c3c3c3c
      2507  {{{{{{{{{{{{{{{{  7b7b7b7b7b7b7b7b7b7b7b7b7b7b7b7b
       295  <<<<<<<<<<<<<<<,  3c3c3c3c3c3c3c3c3c3c3c3c3c3c3c2c
       284  ,<<<<<<<<<<<<<<<  2c3c3c3c3c3c3c3c3c3c3c3c3c3c3c3c
       280  <<<<<<<<<<<<<<,<  3c3c3c3c3c3c3c3c3c3c3c3c3c3c2c3c
       274  <<,<<<<<<<<<<<<<  3c3c2c3c3c3c3c3c3c3c3c3c3c3c3c3c
       273  <,<<<<<<<<<<<<<<  3c2c3c3c3c3c3c3c3c3c3c3c3c3c3c3c
       272  <<<<<<<<<<<<<,<<  3c3c3c3c3c3c3c3c3c3c3c3c3c2c3c3c
       265  <<<<<<<<<<<<,<<<  3c3c3c3c3c3c3c3c3c3c3c3c2c3c3c3c
       263  <<<,<<<<<<<<<<<<  3c3c3c2c3c3c3c3c3c3c3c3c3c3c3c3c
# epoch 37850  H=2.5053 C=1.8351 HO=0.6622  A(t)=646
     12995  <<<<<<<<<<<<<<<<  3c3c3c3c3c3c3c3c3c3c3c3c3c3c3c3c
      2976  {{{{{{{{{{{{{{{{  7b7b7b7b7b7b7b7b7b7b7b7b7b7b7b7b
       407  ,,,,,,,,,,,,,,,,  2c2c2c2c2c2c2c2c2c2c2c2c2c2c2c2c
       293  <<<<<<<<<<<<<<<,  3c3c3c3c3c3c3c3c3c3c3c3c3c3c3c2c
       288  <<<<<<<<<<<<<<,<  3c3c3c3c3c3c3c3c3c3c3c3c3c3c2c3c
       284  <,<<<<<<<<<<<<<<  3c2c3c3c3c3c3c3c3c3c3c3c3c3c3c3c
       283  <<,<<<<<<<<<<<<<  3c3c2c3c3c3c3c3c3c3c3c3c3c3c3c3c
       283  ,<<<<<<<<<<<<<<<  2c3c3c3c3c3c3c3c3c3c3c3c3c3c3c3c
       282  <<<,<<<<<<<<<<<<  3c3c3c2c3c3c3c3c3c3c3c3c3c3c3c3c
       279  <<<<<<<,<<<<<<<<  3c3c3c3c3c3c3c2c3c3c3c3c3c3c3c3c
# epoch 37900  H=2.5510 C=1.8838 HO=0.6584  A(t)=646
     12563  <<<<<<<<<<<<<<<<  3c3c3c3c3c3c3c3c3c3c3c3c3c3c3c3c
      2140  {{{{{{{{{{{{{{{{  7b7b7b7b7b7b7b7b7b7b7b7b7b7b7b7b
       464  ,,,,,,,,,,,,,,,,  2c2c2c2c2c2c2c2c2c2c2c2c2c2c2c2c
       284  <<<<<<<<<<<<<<<,  3c3c3c3c3c3c3c3c3c3c3c3c3c3c3c2c
       277  <<<<<<<<<<<<<<,<  3c3c3c3c3c3c3c3c3c3c3c3c3c3c2c3c
       275  ,<<<<<<<<<<<<<<<  2c3c3c3c3c3c3c3c3c3c3c3c3c3c3c3c
       269  <<<<<<<<<<<<<,<<  3c3c3c3c3c3c3c3c3c3c3c3c3c2c3c3c
       255  <<<<<<<<<<<<,<<<  3c3c3c3c3c3c3c3c3c3c3c3c2c3c3c3c
       255  <<<<,<<<<<<<<<<<  3c3c3c3c2c3c3c3c3c3c3c3c3c3c3c3c
       254  <<<<<<<<<<<,<<<<  3c3c3c3c3c3c3c3c3c3c3c2c3c3c3c3c
# epoch 37950  H=2.5800 C=1.9049 HO=0.6823  A(t)=647
     10692  <<<<<<<<<<<<<<<<  3c3c3c3c3c3c3c3c3c3c3c3c3c3c3c3c
      2397  {{{{{{{{{{{{{{{{  7b7b7b7b7b7b7b7b7b7b7b7b7b7b7b7b
       377  ,,,,,,,,,,,,,,,,  2c2c2c2c2c2c2c2c2c2c2c2c2c2c2c2c
       283  ,<<<<<<<<<<<<<<<  2c3c3c3c3c3c3c3c3c3c3c3c3c3c3c3c
       281  <<<<<<<<<<<<<<<,  3c3c3c3c3c3c3c3c3c3c3c3c3c3c3c2c
       272  <,<<<<<<<<<<<<<<  3c2c3c3c3c3c3c3c3c3c3c3c3c3c3c3c
       270  <<<<,<<<<<<<<<<<  3c3c3c3c2c3c3c3c3c3c3c3c3c3c3c3c
       269  <<<<<<<<<<<<<<,<  3c3c3c3c3c3c3c3c3c3c3c3c3c3c2c3c
       269  <<<<<<<<,<<<<<<<  3c3c3c3c3c3c3c3c2c3c3c3c3c3c3c3c
       268  <<<<<<<<<,<<<<<<  3c3c3c3c3c3c3c3c3c2c3c3c3c3c3c3c
# epoch 38000  H=2.4664 C=1.8320 HO=0.6283  A(t)=647
     11905  <<<<<<<<<<<<<<<<  3c3c3c3c3c3c3c3c3c3c3c3c3c3c3c3c
      2550  {{{{{{{{{{{{{{{{  7b7b7b7b7b7b7b7b7b7b7b7b7b7b7b7b
       626  ,,,,,,,,,,,,,,,,  2c2c2c2c2c2c2c2c2c2c2c2c2c2c2c2c
       304  <<<<<<<<<<<<<<<,  3c3c3c3c3c3c3c3c3c3c3c3c3c3c3c2c
       299  <<<<<<<<<<<<<<,<  3c3c3c3c3c3c3c3c3c3c3c3c3c3c2c3c
       299  <<<<<<<<<<<<<,<<  3c3c3c3c3c3c3c3c3c3c3c3c3c2c3c3c
       299  <<<<<<<,<<<<<<<<  3c3c3c3c3c3c3c2c3c3c3c3c3c3c3c3c
       293  <<<<<<,<<<<<<<<<  3c3c3c3c3c3c2c3c3c3c3c3c3c3c3c3c
       292  <<<<<<<<<<<<,<<<  3c3c3c3c3c3c3c3c3c3c3c3c2c3c3c3c
       290  <<<<<<<<,<<<<<<<  3c3c3c3c3c3c3c3c2c3c3c3c3c3c3c3c
# epoch 38050  H=2.4154 C=1.8112 HO=0.5992  A(t)=647
     13031  <<<<<<<<<<<<<<<<  3c3c3c3c3c3c3c3c3c3c3c3c3c3c3c3c
      1920  {{{{{{{{{{{{{{{{  7b7b7b7b7b7b7b7b7b7b7b7b7b7b7b7b
       604  ,,,,,,,,,,,,,,,,  2c2c2c2c2c2c2c2c2c2c2c2c2c2c2c2c
       338  <<<<<<<<<<<<<<<,  3c3c3c3c3c3c3c3c3c3c3c3c3c3c3c2c
       319  ,<<<<<<<<<<<<<<<  2c3c3c3c3c3c3c3c3c3c3c3c3c3c3c3c
       315  <<<<<<<<<<<<<<,<  3c3c3c3c3c3c3c3c3c3c3c3c3c3c2c3c
       314  <<,<<<<<<<<<<<<<  3c3c2c3c3c3c3c3c3c3c3c3c3c3c3c3c
       313  <<<<<<<<<<<<<,<<  3c3c3c3c3c3c3c3c3c3c3c3c3c2c3c3c
       311  <,<<<<<<<<<<<<<<  3c2c3c3c3c3c3c3c3c3c3c3c3c3c3c3c
       300  <<<<<<<<<<<<,<<<  3c3c3c3c3c3c3c3c3c3c3c3c2c3c3c3c
# epoch 38100  H=2.3518 C=1.7198 HO=0.6174  A(t)=647
     12677  <<<<<<<<<<<<<<<<  3c3c3c3c3c3c3c3c3c3c3c3c3c3c3c3c
      2610  {{{{{{{{{{{{{{{{  7b7b7b7b7b7b7b7b7b7b7b7b7b7b7b7b
       945  ,,,,,,,,,,,,,,,,  2c2c2c2c2c2c2c2c2c2c2c2c2c2c2c2c
       303  <<<<<<<<<<<<<<<,  3c3c3c3c3c3c3c3c3c3c3c3c3c3c3c2c
       301  ,<<<<<<<<<<<<<<<  2c3c3c3c3c3c3c3c3c3c3c3c3c3c3c3c
       284  <<<<<<<<<<<<<<,<  3c3c3c3c3c3c3c3c3c3c3c3c3c3c2c3c
       284  <<<<<<<<<<<<,<<<  3c3c3c3c3c3c3c3c3c3c3c3c2c3c3c3c
       282  <,<<<<<<<<<<<<<<  3c2c3c3c3c3c3c3c3c3c3c3c3c3c3c3c
       280  <<<<<<<<<<<<<,<<  3c3c3c3c3c3c3c3c3c3c3c3c3c2c3c3c
       276  <<<<<,<<<<<<<<<<  3c3c3c3c3c2c3c3c3c3c3c3c3c3c3c3c
# epoch 38150  H=2.2699 C=1.7365 HO=0.5182  A(t)=647
     12460  <<<<<<<<<<<<<<<<  3c3c3c3c3c3c3c3c3c3c3c3c3c3c3c3c
      2164  {{{{{{{{{{{{{{{{  7b7b7b7b7b7b7b7b7b7b7b7b7b7b7b7b
       376  ,,,,,,,,,,,,,,,,  2c2c2c2c2c2c2c2c2c2c2c2c2c2c2c2c
       326  <<<<<<<<<<<<<<<,  3c3c3c3c3c3c3c3c3c3c3c3c3c3c3c2c
       307  ,<<<<<<<<<<<<<<<  2c3c3c3c3c3c3c3c3c3c3c3c3c3c3c3c
       300  <<<<<<<<<<<<<<,<  3c3c3c3c3c3c3c3c3c3c3c3c3c3c2c3c
       293  <<<<<<<<<<<<<,<<  3c3c3c3c3c3c3c3c3c3c3c3c3c2c3c3c
       291  <<<<<<<<,<<<<<<<  3c3c3c3c3c3c3c3c2c3c3c3c3c3c3c3c
       291  <<,<<<<<<<<<<<<<  3c3c2c3c3c3c3c3c3c3c3c3c3c3c3c3c
       291  <,<<<<<<<<<<<<<<  3c2c3c3c3c3c3c3c3c3c3c3c3c3c3c3c
# epoch 38200  H=2.3422 C=1.7406 HO=0.6020  A(t)=647
     12638  <<<<<<<<<<<<<<<<  3c3c3c3c3c3c3c3c3c3c3c3c3c3c3c3c
      2336  {{{{{{{{{{{{{{{{  7b7b7b7b7b7b7b7b7b7b7b7b7b7b7b7b
       762  ,,,,,,,,,,,,,,,,  2c2c2c2c2c2c2c2c2c2c2c2c2c2c2c2c
       341  <<<<<<<<<<<<<<<,  3c3c3c3c3c3c3c3c3c3c3c3c3c3c3c2c
       324  ,<<<<<<<<<<<<<<<  2c3c3c3c3c3c3c3c3c3c3c3c3c3c3c3c
       316  <<<<<<<<<<<<<<,<  3c3c3c3c3c3c3c3c3c3c3c3c3c3c2c3c
       312  <,<<<<<<<<<<<<<<  3c2c3c3c3c3c3c3c3c3c3c3c3c3c3c3c
       305  <<,<<<<<<<<<<<<<  3c3c2c3c3c3c3c3c3c3c3c3c3c3c3c3c
       304  <<<<<<<<<<<<<,<<  3c3c3c3c3c3c3c3c3c3c3c3c3c2c3c3c
       301  <<<<<<<<<<<,<<<<  3c3c3c3c3c3c3c3c3c3c3c2c3c3c3c3c
# epoch 38250  H=2.2163 C=1.6136 HO=0.5835  A(t)=647
     13361  <<<<<<<<<<<<<<<<  3c3c3c3c3c3c3c3c3c3c3c3c3c3c3c3c
      2568  {{{{{{{{{{{{{{{{  7b7b7b7b7b7b7b7b7b7b7b7b7b7b7b7b
       795  ,,,,,,,,,,,,,,,,  2c2c2c2c2c2c2c2c2c2c2c2c2c2c2c2c
       389  <<<<<<<<<<<<<<<,  3c3c3c3c3c3c3c3c3c3c3c3c3c3c3c2c
       374  <<<<<<<<<<<<<<,<  3c3c3c3c3c3c3c3c3c3c3c3c3c3c2c3c
       360  ,<<<<<<<<<<<<<<<  2c3c3c3c3c3c3c3c3c3c3c3c3c3c3c3c
       356  <,<<<<<<<<<<<<<<  3c2c3c3c3c3c3c3c3c3c3c3c3c3c3c3c
       355  <<<<<<<<<<<<<,<<  3c3c3c3c3c3c3c3c3c3c3c3c3c2c3c3c
       348  <<<<<<<<<<<<,<<<  3c3c3c3c3c3c3c3c3c3c3c3c2c3c3c3c
       348  <<<<<<<<,<<<<<<<  3c3c3c3c3c3c3c3c2c3c3c3c3c3c3c3c
# epoch 38300  H=2.1763 C=1.6316 HO=0.5345  A(t)=647
     13617  <<<<<<<<<<<<<<<<  3c3c3c3c3c3c3c3c3c3c3c3c3c3c3c3c
      2360  {{{{{{{{{{{{{{{{  7b7b7b7b7b7b7b7b7b7b7b7b7b7b7b7b
       555  ,,,,,,,,,,,,,,,,  2c2c2c2c2c2c2c2c2c2c2c2c2c2c2c2c
       363  <<<<<<<<<<<<<<<,  3c3c3c3c3c3c3c3c3c3c3c3c3c3c3c2c
       358  <<<<<<<<<<<<<<,<  3c3c3c3c3c3c3c3c3c3c3c3c3c3c2c3c
       355  <<<<<<<<<<<<,<<<  3c3c3c3c3c3c3c3c3c3c3c3c2c3c3c3c
       352  <<<<<<<<<<<<<,<<  3c3c3c3c3c3c3c3c3c3c3c3c3c2c3c3c
       352  <<<,<<<<<<<<<<<<  3c3c3c2c3c3c3c3c3c3c3c3c3c3c3c3c
       349  <<,<<<<<<<<<<<<<  3c3c2c3c3c3c3c3c3c3c3c3c3c3c3c3c
       349  ,<<<<<<<<<<<<<<<  2c3c3c3c3c3c3c3c3c3c3c3c3c3c3c3c
# epoch 38350  H=2.2102 C=1.6593 HO=0.5449  A(t)=647
     13295  <<<<<<<<<<<<<<<<  3c3c3c3c3c3c3c3c3c3c3c3c3c3c3c3c
      2149  {{{{{{{{{{{{{{{{  7b7b7b7b7b7b7b7b7b7b7b7b7b7b7b7b
       834  ,,,,,,,,,,,,,,,,  2c2c2c2c2c2c2c2c2c2c2c2c2c2c2c2c
       343  <<<<<<<<<<<<<<<,  3c3c3c3c3c3c3c3c3c3c3c3c3c3c3c2c
       339  ,<<<<<<<<<<<<<<<  2c3c3c3c3c3c3c3c3c3c3c3c3c3c3c3c
       310  <,<<<<<<<<<<<<<<  3c2c3c3c3c3c3c3c3c3c3c3c3c3c3c3c
       308  <<<<<<<<<<<<<<,<  3c3c3c3c3c3c3c3c3c3c3c3c3c3c2c3c
       308  <<,<<<<<<<<<<<<<  3c3c2c3c3c3c3c3c3c3c3c3c3c3c3c3c
       299  <<<<<<<<<<<<<,<<  3c3c3c3c3c3c3c3c3c3c3c3c3c2c3c3c
       296  <<<,<<<<<<<<<<<<  3c3c3c2c3c3c3c3c3c3c3c3c3c3c3c3c
# epoch 38400  H=2.1863 C=1.6720 HO=0.5003  A(t)=647
     12492  <<<<<<<<<<<<<<<<  3c3c3c3c3c3c3c3c3c3c3c3c3c3c3c3c
      2671  {{{{{{{{{{{{{{{{  7b7b7b7b7b7b7b7b7b7b7b7b7b7b7b7b
       505  ,,,,,,,,,,,,,,,,  2c2c2c2c2c2c2c2c2c2c2c2c2c2c2c2c
       357  <<<<<<<<<<<<<<<,  3c3c3c3c3c3c3c3c3c3c3c3c3c3c3c2c
       342  <<<<<<<<<<<<<<,<  3c3c3c3c3c3c3c3c3c3c3c3c3c3c2c3c
       334  ,<<<<<<<<<<<<<<<  2c3c3c3c3c3c3c3c3c3c3c3c3c3c3c3c
       324  <<<<<<<<<<<<<,<<  3c3c3c3c3c3c3c3c3c3c3c3c3c2c3c3c
       322  <,<<<<<<<<<<<<<<  3c2c3c3c3c3c3c3c3c3c3c3c3c3c3c3c
       314  <<,<<<<<<<<<<<<<  3c3c2c3c3c3c3c3c3c3c3c3c3c3c3c3c
       309  <<<<<<<<<<<<,<<<  3c3c3c3c3c3c3c3c3c3c3c3c2c3c3c3c
# epoch 38450  H=2.2470 C=1.7145 HO=0.5182  A(t)=647
     11894  <<<<<<<<<<<<<<<<  3c3c3c3c3c3c3c3c3c3c3c3c3c3c3c3c
      2007  {{{{{{{{{{{{{{{{  7b7b7b7b7b7b7b7b7b7b7b7b7b7b7b7b
       378  <<<<<<<<<<<<<<<,  3c3c3c3c3c3c3c3c3c3c3c3c3c3c3c2c
       366  ,<<<<<<<<<<<<<<<  2c3c3c3c3c3c3c3c3c3c3c3c3c3c3c3c
       356  <<<<<<<<<<<<<<,<  3c3c3c3c3c3c3c3c3c3c3c3c3c3c2c3c
       349  <,<<<<<<<<<<<<<<  3c2c3c3c3c3c3c3c3c3c3c3c3c3c3c3c
       339  <<<<<<<<<<<<<,<<  3c3c3c3c3c3c3c3c3c3c3c3c3c2c3c3c
       338  ,,,,,,,,,,,,,,,,  2c2c2c2c2c2c2c2c2c2c2c2c2c2c2c2c
       327  <<<<<<<<<<<<,<<<  3c3c3c3c3c3c3c3c3c3c3c3c2c3c3c3c
       326  <<,<<<<<<<<<<<<<  3c3c2c3c3c3c3c3c3c3c3c3c3c3c3c3c
# epoch 38500  H=2.2954 C=1.7480 HO=0.5342  A(t)=647
     12881  <<<<<<<<<<<<<<<<  3c3c3c3c3c3c3c3c3c3c3c3c3c3c3c3c
      1734  {{{{{{{{{{{{{{{{  7b7b7b7b7b7b7b7b7b7b7b7b7b7b7b7b
       644  ,,,,,,,,,,,,,,,,  2c2c2c2c2c2c2c2c2c2c2c2c2c2c2c2c
       342  <<<<<<<<<<<<<<<,  3c3c3c3c3c3c3c3c3c3c3c3c3c3c3c2c
       342  ,<<<<<<<<<<<<<<<  2c3c3c3c3c3c3c3c3c3c3c3c3c3c3c3c
       323  <,<<<<<<<<<<<<<<  3c2c3c3c3c3c3c3c3c3c3c3c3c3c3c3c
       320  <<,<<<<<<<<<<<<<  3c3c2c3c3c3c3c3c3c3c3c3c3c3c3c3c
       309  <<<<<<<,<<<<<<<<  3c3c3c3c3c3c3c2c3c3c3c3c3c3c3c3c
       309  <<<,<<<<<<<<<<<<  3c3c3c2c3c3c3c3c3c3c3c3c3c3c3c3c
       303  <<<<,<<<<<<<<<<<  3c3c3c3c2c3c3c3c3c3c3c3c3c3c3c3c
# epoch 38550  H=2.2590 C=1.7084 HO=0.5261  A(t)=647
     13367  <<<<<<<<<<<<<<<<  3c3c3c3c3c3c3c3c3c3c3c3c3c3c3c3c
      1807  {{{{{{{{{{{{{{{{  7b7b7b7b7b7b7b7b7b7b7b7b7b7b7b7b
       418  ,,,,,,,,,,,,,,,,  2c2c2c2c2c2c2c2c2c2c2c2c2c2c2c2c
       334  <<<<<<<<<<<<<<<,  3c3c3c3c3c3c3c3c3c3c3c3c3c3c3c2c
       331  <<<<<<<<<<<<<<,<  3c3c3c3c3c3c3c3c3c3c3c3c3c3c2c3c
       327  <<<<<,<<<<<<<<<<  3c3c3c3c3c2c3c3c3c3c3c3c3c3c3c3c
       326  <<<<,<<<<<<<<<<<  3c3c3c3c2c3c3c3c3c3c3c3c3c3c3c3c
       321  <<<,<<<<<<<<<<<<  3c3c3c2c3c3c3c3c3c3c3c3c3c3c3c3c
       319  ,<<<<<<<<<<<<<<<  2c3c3c3c3c3c3c3c3c3c3c3c3c3c3c3c
       318  <<<<<<<<<<<,<<<<  3c3c3c3c3c3c3c3c3c3c3c2c3c3c3c3c
# epoch 38600  H=2.2620 C=1.7251 HO=0.5186  A(t)=647
     12806  <<<<<<<<<<<<<<<<  3c3c3c3c3c3c3c3c3c3c3c3c3c3c3c3c
      1504  {{{{{{{{{{{{{{{{  7b7b7b7b7b7b7b7b7b7b7b7b7b7b7b7b
       334  <<<<<<<<<<<<<<<,  3c3c3c3c3c3c3c3c3c3c3c3c3c3c3c2c
       333  ................  2e2e2e2e2e2e2e2e2e2e2e2e2e2e2e2e
       324  ,<<<<<<<<<<<<<<<  2c3c3c3c3c3c3c3c3c3c3c3c3c3c3c3c
       324  ,,,,,,,,,,,,,,,,  2c2c2c2c2c2c2c2c2c2c2c2c2c2c2c2c
       312  <<<<<<<<<<<<<<,<  3c3c3c3c3c3c3c3c3c3c3c3c3c3c2c3c
       304  <<<<<<<<<<<<<,<<  3c3c3c3c3c3c3c3c3c3c3c3c3c2c3c3c
       302  <,<<<<<<<<<<<<<<  3c2c3c3c3c3c3c3c3c3c3c3c3c3c3c3c
       299  <<,<<<<<<<<<<<<<  3c3c2c3c3c3c3c3c3c3c3c3c3c3c3c3c
# epoch 38650  H=2.3297 C=1.7406 HO=0.5727  A(t)=647
     12264  <<<<<<<<<<<<<<<<  3c3c3c3c3c3c3c3c3c3c3c3c3c3c3c3c
      2060  {{{{{{{{{{{{{{{{  7b7b7b7b7b7b7b7b7b7b7b7b7b7b7b7b
       708  ,,,,,,,,,,,,,,,,  2c2c2c2c2c2c2c2c2c2c2c2c2c2c2c2c
       299  <<<<<<<<<<<<<<<,  3c3c3c3c3c3c3c3c3c3c3c3c3c3c3c2c
       297  <<<<<<<<<<<<<<,<  3c3c3c3c3c3c3c3c3c3c3c3c3c3c2c3c
       288  <,<<<<<<<<<<<<<<  3c2c3c3c3c3c3c3c3c3c3c3c3c3c3c3c
       282  ,<<<<<<<<<<<<<<<  2c3c3c3c3c3c3c3c3c3c3c3c3c3c3c3c
       277  <<<<<<<<<<<<<,<<  3c3c3c3c3c3c3c3c3c3c3c3c3c2c3c3c
       275  <<,<<<<<<<<<<<<<  3c3c2c3c3c3c3c3c3c3c3c3c3c3c3c3c
       261  <<<,<<<<<<<<<<<<  3c3c3c2c3c3c3c3c3c3c3c3c3c3c3c3c
# epoch 38700  H=2.3228 C=1.8036 HO=0.5165  A(t)=647
     11643  <<<<<<<<<<<<<<<<  3c3c3c3c3c3c3c3c3c3c3c3c3c3c3c3c
      1815  {{{{{{{{{{{{{{{{  7b7b7b7b7b7b7b7b7b7b7b7b7b7b7b7b
       698  ,,,,,,,,,,,,,,,,  2c2c2c2c2c2c2c2c2c2c2c2c2c2c2c2c
       318  <<<<<<<<<<<<<<<,  3c3c3c3c3c3c3c3c3c3c3c3c3c3c3c2c
       300  <<<<<<<<<<<<<<,<  3c3c3c3c3c3c3c3c3c3c3c3c3c3c2c3c
       290  <<<<<<<<<<<<<,<<  3c3c3c3c3c3c3c3c3c3c3c3c3c2c3c3c
       287  <<<<<<<<<<<<,<<<  3c3c3c3c3c3c3c3c3c3c3c3c2c3c3c3c
       287  ,<<<<<<<<<<<<<<<  2c3c3c3c3c3c3c3c3c3c3c3c3c3c3c3c
       286  <<<<<<<<<<<,<<<<  3c3c3c3c3c3c3c3c3c3c3c2c3c3c3c3c
       275  <<<<<<<<<,<<<<<<  3c3c3c3c3c3c3c3c3c2c3c3c3c3c3c3c
# epoch 38750  H=2.3689 C=1.7742 HO=0.5909  A(t)=647
     11285  <<<<<<<<<<<<<<<<  3c3c3c3c3c3c3c3c3c3c3c3c3c3c3c3c
      1963  {{{{{{{{{{{{{{{{  7b7b7b7b7b7b7b7b7b7b7b7b7b7b7b7b
       735  ,,,,,,,,,,,,,,,,  2c2c2c2c2c2c2c2c2c2c2c2c2c2c2c2c
       331  <<<<<<<<<<<<<<<,  3c3c3c3c3c3c3c3c3c3c3c3c3c3c3c2c
       311  ,<<<<<<<<<<<<<<<  2c3c3c3c3c3c3c3c3c3c3c3c3c3c3c3c
       299  <,<<<<<<<<<<<<<<  3c2c3c3c3c3c3c3c3c3c3c3c3c3c3c3c
       295  <<<<<<<<<<<<<<,<  3c3c3c3c3c3c3c3c3c3c3c3c3c3c2c3c
       294  <<,<<<<<<<<<<<<<  3c3c2c3c3c3c3c3c3c3c3c3c3c3c3c3c
       293  <<<<<<,<<<<<<<<<  3c3c3c3c3c3c2c3c3c3c3c3c3c3c3c3c
       290  <<<<<<<<<<<<,<<<  3c3c3c3c3c3c3c3c3c3c3c3c2c3c3c3c
# epoch 38800  H=2.2743 C=1.6984 HO=0.5680  A(t)=647
     12521  <<<<<<<<<<<<<<<<  3c3c3c3c3c3c3c3c3c3c3c3c3c3c3c3c
      1833  {{{{{{{{{{{{{{{{  7b7b7b7b7b7b7b7b7b7b7b7b7b7b7b7b
       501  ,,,,,,,,,,,,,,,,  2c2c2c2c2c2c2c2c2c2c2c2c2c2c2c2c
       360  <<<<<<<<<<<<<<<,  3c3c3c3c3c3c3c3c3c3c3c3c3c3c3c2c
       345  <<<<<<<<<<<<<<,<  3c3c3c3c3c3c3c3c3c3c3c3c3c3c2c3c
       344  <<<<<<<,<<<<<<<<  3c3c3c3c3c3c3c2c3c3c3c3c3c3c3c3c
       343  <<<<<<,<<<<<<<<<  3c3c3c3c3c3c2c3c3c3c3c3c3c3c3c3c
       338  <<<<<<<<<<,<<<<<  3c3c3c3c3c3c3c3c3c3c2c3c3c3c3c3c
       338  <<<<<<<<<,<<<<<<  3c3c3c3c3c3c3c3c3c2c3c3c3c3c3c3c
       338  <<<<<,<<<<<<<<<<  3c3c3c3c3c2c3c3c3c3c3c3c3c3c3c3c
# epoch 38850  H=2.2848 C=1.7140 HO=0.5646  A(t)=647
     12643  <<<<<<<<<<<<<<<<  3c3c3c3c3c3c3c3c3c3c3c3c3c3c3c3c
      2260  {{{{{{{{{{{{{{{{  7b7b7b7b7b7b7b7b7b7b7b7b7b7b7b7b
       527  ,,,,,,,,,,,,,,,,  2c2c2c2c2c2c2c2c2c2c2c2c2c2c2c2c
       328  <<<<<<<<<<<<<<<,  3c3c3c3c3c3c3c3c3c3c3c3c3c3c3c2c
       319  ,<<<<<<<<<<<<<<<  2c3c3c3c3c3c3c3c3c3c3c3c3c3c3c3c
       317  <<<<<<<<<<<<<<,<  3c3c3c3c3c3c3c3c3c3c3c3c3c3c2c3c
       307  <<<<<<<<<<,<<<<<  3c3c3c3c3c3c3c3c3c3c2c3c3c3c3c3c
       307  <<<<<<<<<,<<<<<<  3c3c3c3c3c3c3c3c3c2c3c3c3c3c3c3c
       306  <,<<<<<<<<<<<<<<  3c2c3c3c3c3c3c3c3c3c3c3c3c3c3c3c
       303  <<<<<<<<<<<<,<<<  3c3c3c3c3c3c3c3c3c3c3c3c2c3c3c3c
# epoch 38900  H=2.3351 C=1.7751 HO=0.5583  A(t)=647
     13285  <<<<<<<<<<<<<<<<  3c3c3c3c3c3c3c3c3c3c3c3c3c3c3c3c
      2297  {{{{{{{{{{{{{{{{  7b7b7b7b7b7b7b7b7b7b7b7b7b7b7b7b
       400  ,,,,,,,,,,,,,,,,  2c2c2c2c2c2c2c2c2c2c2c2c2c2c2c2c
       310  <<<<<<<<<<<<<<<,  3c3c3c3c3c3c3c3c3c3c3c3c3c3c3c2c
       293  <<<<<<<<<<<<<<,<  3c3c3c3c3c3c3c3c3c3c3c3c3c3c2c3c
       293  ,<<<<<<<<<<<<<<<  2c3c3c3c3c3c3c3c3c3c3c3c3c3c3c3c
       283  <,<<<<<<<<<<<<<<  3c2c3c3c3c3c3c3c3c3c3c3c3c3c3c3c
       282  <<<<<<<<<<<<<,<<  3c3c3c3c3c3c3c3c3c3c3c3c3c2c3c3c
       282  <<<<<<<<<<<<,<<<  3c3c3c3c3c3c3c3c3c3c3c3c2c3c3c3c
       281  <<,<<<<<<<<<<<<<  3c3c2c3c3c3c3c3c3c3c3c3c3c3c3c3c
# epoch 38950  H=2.2987 C=1.8221 HO=0.4721  A(t)=647
     12683  <<<<<<<<<<<<<<<<  3c3c3c3c3c3c3c3c3c3c3c3c3c3c3c3c
      1728  {{{{{{{{{{{{{{{{  7b7b7b7b7b7b7b7b7b7b7b7b7b7b7b7b
       730  ,,,,,,,,,,,,,,,,  2c2c2c2c2c2c2c2c2c2c2c2c2c2c2c2c
       328  <<<<<<<<<<<<<<<,  3c3c3c3c3c3c3c3c3c3c3c3c3c3c3c2c
       318  <<<<<<<<<<<<<<,<  3c3c3c3c3c3c3c3c3c3c3c3c3c3c2c3c
       316  ,<<<<<<<<<<<<<<<  2c3c3c3c3c3c3c3c3c3c3c3c3c3c3c3c
       311  <<<<<<<<<<<<<,<<  3c3c3c3c3c3c3c3c3c3c3c3c3c2c3c3c
       307  <,<<<<<<<<<<<<<<  3c2c3c3c3c3c3c3c3c3c3c3c3c3c3c3c
       302  <<<<<<<<<<<<,<<<  3c3c3c3c3c3c3c3c3c3c3c3c2c3c3c3c
       302  <<<<<<<<<<<,<<<<  3c3c3c3c3c3c3c3c3c3c3c2c3c3c3c3c
# epoch 39000  H=2.3545 C=1.8422 HO=0.5031  A(t)=647
     12010  <<<<<<<<<<<<<<<<  3c3c3c3c3c3c3c3c3c3c3c3c3c3c3c3c
      1261  {{{{{{{{{{{{{{{{  7b7b7b7b7b7b7b7b7b7b7b7b7b7b7b7b
       556  ,,,,,,,,,,,,,,,,  2c2c2c2c2c2c2c2c2c2c2c2c2c2c2c2c
       330  <<<<<<<<<<<<<<<,  3c3c3c3c3c3c3c3c3c3c3c3c3c3c3c2c
       314  <<<<<<<<<<<<<<,<  3c3c3c3c3c3c3c3c3c3c3c3c3c3c2c3c
       309  ,<<<<<<<<<<<<<<<  2c3c3c3c3c3c3c3c3c3c3c3c3c3c3c3c
       297  <<<<<<<<<<<<<,<<  3c3c3c3c3c3c3c3c3c3c3c3c3c2c3c3c
       295  <,<<<<<<<<<<<<<<  3c2c3c3c3c3c3c3c3c3c3c3c3c3c3c3c
       286  <<,<<<<<<<<<<<<<  3c3c2c3c3c3c3c3c3c3c3c3c3c3c3c3c
       281  <<<<<<<<<<,<<<<<  3c3c3c3c3c3c3c3c3c3c2c3c3c3c3c3c
# epoch 39050  H=2.2567 C=1.7654 HO=0.4831  A(t)=647
     12116  <<<<<<<<<<<<<<<<  3c3c3c3c3c3c3c3c3c3c3c3c3c3c3c3c
      1447  {{{{{{{{{{{{{{{{  7b7b7b7b7b7b7b7b7b7b7b7b7b7b7b7b
       515  ,,,,,,,,,,,,,,,,  2c2c2c2c2c2c2c2c2c2c2c2c2c2c2c2c
       362  <<<<<<<<<<<<<<<,  3c3c3c3c3c3c3c3c3c3c3c3c3c3c3c2c
       346  ,<<<<<<<<<<<<<<<  2c3c3c3c3c3c3c3c3c3c3c3c3c3c3c3c
       332  <<<<<<<<<<<<<<,<  3c3c3c3c3c3c3c3c3c3c3c3c3c3c2c3c
       323  <,<<<<<<<<<<<<<<  3c2c3c3c3c3c3c3c3c3c3c3c3c3c3c3c
       313  <<<<<<<,<<<<<<<<  3c3c3c3c3c3c3c2c3c3c3c3c3c3c3c3c
       311  <<,<<<<<<<<<<<<<  3c3c2c3c3c3c3c3c3c3c3c3c3c3c3c3c
       310  <<<<<<,<<<<<<<<<  3c3c3c3c3c3c2c3c3c3c3c3c3c3c3c3c
# epoch 39100  H=2.3816 C=1.8373 HO=0.5446  A(t)=647
     11875  <<<<<<<<<<<<<<<<  3c3c3c3c3c3c3c3c3c3c3c3c3c3c3c3c
      1962  {{{{{{{{{{{{{{{{  7b7b7b7b7b7b7b7b7b7b7b7b7b7b7b7b
       555  ,,,,,,,,,,,,,,,,  2c2c2c2c2c2c2c2c2c2c2c2c2c2c2c2c
       309  <<<<<<<<<<<<<<<,  3c3c3c3c3c3c3c3c3c3c3c3c3c3c3c2c
       296  <<<<<<<<<<<<<<,<  3c3c3c3c3c3c3c3c3c3c3c3c3c3c2c3c
       296  ,<<<<<<<<<<<<<<<  2c3c3c3c3c3c3c3c3c3c3c3c3c3c3c3c
       288  <,<<<<<<<<<<<<<<  3c2c3c3c3c3c3c3c3c3c3c3c3c3c3c3c
       280  <<<<<<<<<<<<,<<<  3c3c3c3c3c3c3c3c3c3c3c3c2c3c3c3c
       279  <<<<<,<<<<<<<<<<  3c3c3c3c3c2c3c3c3c3c3c3c3c3c3c3c
       278  <<<<<<<<<,<<<<<<  3c3c3c3c3c3c3c3c3c2c3c3c3c3c3c3c
# epoch 39150  H=2.3774 C=1.8771 HO=0.5082  A(t)=647
     11821  <<<<<<<<<<<<<<<<  3c3c3c3c3c3c3c3c3c3c3c3c3c3c3c3c
      1519  {{{{{{{{{{{{{{{{  7b7b7b7b7b7b7b7b7b7b7b7b7b7b7b7b
       522  ,,,,,,,,,,,,,,,,  2c2c2c2c2c2c2c2c2c2c2c2c2c2c2c2c
       318  <<<<<<<<<<<<<<<,  3c3c3c3c3c3c3c3c3c3c3c3c3c3c3c2c
       316  ,<<<<<<<<<<<<<<<  2c3c3c3c3c3c3c3c3c3c3c3c3c3c3c3c
       309  <,<<<<<<<<<<<<<<  3c2c3c3c3c3c3c3c3c3c3c3c3c3c3c3c
       296  <<,<<<<<<<<<<<<<  3c3c2c3c3c3c3c3c3c3c3c3c3c3c3c3c
       292  <<<<<<<<<<<<<<,<  3c3c3c3c3c3c3c3c3c3c3c3c3c3c2c3c
       286  <<<,<<<<<<<<<<<<  3c3c3c2c3c3c3c3c3c3c3c3c3c3c3c3c
       281  <<<<,<<<<<<<<<<<  3c3c3c3c2c3c3c3c3c3c3c3c3c3c3c3c
# epoch 39200  H=2.4753 C=1.9547 HO=0.5329  A(t)=647
     12103  <<<<<<<<<<<<<<<<  3c3c3c3c3c3c3c3c3c3c3c3c3c3c3c3c
      1242  {{{{{{{{{{{{{{{{  7b7b7b7b7b7b7b7b7b7b7b7b7b7b7b7b
       471  ,,,,,,,,,,,,,,,,  2c2c2c2c2c2c2c2c2c2c2c2c2c2c2c2c
       335  <<<<<<<<<<<<<<<,  3c3c3c3c3c3c3c3c3c3c3c3c3c3c3c2c
       321  ,<<<<<<<<<<<<<<<  2c3c3c3c3c3c3c3c3c3c3c3c3c3c3c3c
       303  <<<<<<<<<<<<<<,<  3c3c3c3c3c3c3c3c3c3c3c3c3c3c2c3c
       299  <,<<<<<<<<<<<<<<  3c2c3c3c3c3c3c3c3c3c3c3c3c3c3c3c
       292  <<<<<<<<<<<<<,<<  3c3c3c3c3c3c3c3c3c3c3c3c3c2c3c3c
       288  <<,<<<<<<<<<<<<<  3c3c2c3c3c3c3c3c3c3c3c3c3c3c3c3c
       285  <<<,<<<<<<<<<<<<  3c3c3c2c3c3c3c3c3c3c3c3c3c3c3c3c
# epoch 39250  H=2.3659 C=1.8490 HO=0.5428  A(t)=647
     12264  <<<<<<<<<<<<<<<<  3c3c3c3c3c3c3c3c3c3c3c3c3c3c3c3c
      1125  {{{{{{{{{{{{{{{{  7b7b7b7b7b7b7b7b7b7b7b7b7b7b7b7b
       663  ,,,,,,,,,,,,,,,,  2c2c2c2c2c2c2c2c2c2c2c2c2c2c2c2c
       397  <<<<<<<<<<<<<<<,  3c3c3c3c3c3c3c3c3c3c3c3c3c3c3c2c
       386  <<<<<<<,<<<<<<<<  3c3c3c3c3c3c3c2c3c3c3c3c3c3c3c3c
       384  <<<<<<<<<<<<<<,<  3c3c3c3c3c3c3c3c3c3c3c3c3c3c2c3c
       383  <<<<<<<<,<<<<<<<  3c3c3c3c3c3c3c3c2c3c3c3c3c3c3c3c
       382  ,<<<<<<<<<<<<<<<  2c3c3c3c3c3c3c3c3c3c3c3c3c3c3c3c
       381  <<<<<<<<<<<<<,<<  3c3c3c3c3c3c3c3c3c3c3c3c3c2c3c3c
       381  <<<<<<<<<<<<,<<<  3c3c3c3c3c3c3c3c3c3c3c3c2c3c3c3c
# epoch 39300  H=2.3795 C=1.8325 HO=0.5609  A(t)=647
     13201  <<<<<<<<<<<<<<<<  3c3c3c3c3c3c3c3c3c3c3c3c3c3c3c3c
      1584  {{{{{{{{{{{{{{{{  7b7b7b7b7b7b7b7b7b7b7b7b7b7b7b7b
       610  ,,,,,,,,,,,,,,,,  2c2c2c2c2c2c2c2c2c2c2c2c2c2c2c2c
       380  <<<<<<<<<<<<<<<,  3c3c3c3c3c3c3c3c3c3c3c3c3c3c3c2c
       372  <<<<<<<<<<<<<<,<  3c3c3c3c3c3c3c3c3c3c3c3c3c3c2c3c
       368  ,<<<<<<<<<<<<<<<  2c3c3c3c3c3c3c3c3c3c3c3c3c3c3c3c
       365  <,<<<<<<<<<<<<<<  3c2c3c3c3c3c3c3c3c3c3c3c3c3c3c3c
       356  <<<<<<<<<<<<<,<<  3c3c3c3c3c3c3c3c3c3c3c3c3c2c3c3c
       346  <<,<<<<<<<<<<<<<  3c3c2c3c3c3c3c3c3c3c3c3c3c3c3c3c
       340  <<<<<<<<<<<<,<<<  3c3c3c3c3c3c3c3c3c3c3c3c2c3c3c3c
# epoch 39350  H=2.3916 C=1.8309 HO=0.5696  A(t)=647
     13612  <<<<<<<<<<<<<<<<  3c3c3c3c3c3c3c3c3c3c3c3c3c3c3c3c
      1382  {{{{{{{{{{{{{{{{  7b7b7b7b7b7b7b7b7b7b7b7b7b7b7b7b
       393  <<<<<<<<<<<<<<<,  3c3c3c3c3c3c3c3c3c3c3c3c3c3c3c2c
       389  ,<<<<<<<<<<<<<<<  2c3c3c3c3c3c3c3c3c3c3c3c3c3c3c3c
       374  <,<<<<<<<<<<<<<<  3c2c3c3c3c3c3c3c3c3c3c3c3c3c3c3c
       371  <<,<<<<<<<<<<<<<  3c3c2c3c3c3c3c3c3c3c3c3c3c3c3c3c
       365  <<<<<<<<<<<<<<,<  3c3c3c3c3c3c3c3c3c3c3c3c3c3c2c3c
       363  <<<<,<<<<<<<<<<<  3c3c3c3c2c3c3c3c3c3c3c3c3c3c3c3c
       362  <<<,<<<<<<<<<<<<  3c3c3c2c3c3c3c3c3c3c3c3c3c3c3c3c
       357  <<<<<,<<<<<<<<<<  3c3c3c3c3c2c3c3c3c3c3c3c3c3c3c3c
# epoch 39400  H=2.3001 C=1.7356 HO=0.5644  A(t)=647
     13710  <<<<<<<<<<<<<<<<  3c3c3c3c3c3c3c3c3c3c3c3c3c3c3c3c
      1450  {{{{{{{{{{{{{{{{  7b7b7b7b7b7b7b7b7b7b7b7b7b7b7b7b
       367  <<<<<<<<<<<<,<<<  3c3c3c3c3c3c3c3c3c3c3c3c2c3c3c3c
       365  <<<<<<<<<<<<<<,<  3c3c3c3c3c3c3c3c3c3c3c3c3c3c2c3c
       364  <<<<<<<<<<<<<,<<  3c3c3c3c3c3c3c3c3c3c3c3c3c2c3c3c
       363  <<<<<<<<<<<<<<<,  3c3c3c3c3c3c3c3c3c3c3c3c3c3c3c2c
       363  <<<<<<<<<<<,<<<<  3c3c3c3c3c3c3c3c3c3c3c2c3c3c3c3c
       362  ,,,,,,,,,,,,,,,,  2c2c2c2c2c2c2c2c2c2c2c2c2c2c2c2c
       354  <<,<<<<<<<<<<<<<  3c3c2c3c3c3c3c3c3c3c3c3c3c3c3c3c
       352  <<<,<<<<<<<<<<<<  3c3c3c2c3c3c3c3c3c3c3c3c3c3c3c3c
# epoch 39450  H=2.2333 C=1.6676 HO=0.5545  A(t)=647
     13558  <<<<<<<<<<<<<<<<  3c3c3c3c3c3c3c3c3c3c3c3c3c3c3c3c
      1481  {{{{{{{{{{{{{{{{  7b7b7b7b7b7b7b7b7b7b7b7b7b7b7b7b
       583  ,,,,,,,,,,,,,,,,  2c2c2c2c2c2c2c2c2c2c2c2c2c2c2c2c
       359  <<<<<<<<<<<<<<<,  3c3c3c3c3c3c3c3c3c3c3c3c3c3c3c2c
       339  <<<<<<<<<<<<<<,<  3c3c3c3c3c3c3c3c3c3c3c3c3c3c2c3c
       333  <<<<<<<<<<<<<,<<  3c3c3c3c3c3c3c3c3c3c3c3c3c2c3c3c
       324  ,<<<<<<<<<<<<<<<  2c3c3c3c3c3c3c3c3c3c3c3c3c3c3c3c
       319  <<<<<<<<<<<<,<<<  3c3c3c3c3c3c3c3c3c3c3c3c2c3c3c3c
       314  <<<<<<<<<<<,<<<<  3c3c3c3c3c3c3c3c3c3c3c2c3c3c3c3c
       310  <<<<<<<<<<,<<<<<  3c3c3c3c3c3c3c3c3c3c2c3c3c3c3c3c
# epoch 39500  H=2.3210 C=1.7367 HO=0.5696  A(t)=647
     11533  <<<<<<<<<<<<<<<<  3c3c3c3c3c3c3c3c3c3c3c3c3c3c3c3c
      2214  {{{{{{{{{{{{{{{{  7b7b7b7b7b7b7b7b7b7b7b7b7b7b7b7b
       312  <<<<<<<<<<<<<<<,  3c3c3c3c3c3c3c3c3c3c3c3c3c3c3c2c
       309  <<<<<<<<<<<<<<,<  3c3c3c3c3c3c3c3c3c3c3c3c3c3c2c3c
       298  ,<<<<<<<<<<<<<<<  2c3c3c3c3c3c3c3c3c3c3c3c3c3c3c3c
       292  <<<<<<<<<<<<,<<<  3c3c3c3c3c3c3c3c3c3c3c3c2c3c3c3c
       292  <,<<<<<<<<<<<<<<  3c2c3c3c3c3c3c3c3c3c3c3c3c3c3c3c
       287  <<<<<<<<<<<<<,<<  3c3c3c3c3c3c3c3c3c3c3c3c3c2c3c3c
       283  <<<<<<<<<<<,<<<<  3c3c3c3c3c3c3c3c3c3c3c2c3c3c3c3c
       281  <<,<<<<<<<<<<<<<  3c3c2c3c3c3c3c3c3c3c3c3c3c3c3c3c
# epoch 39550  H=2.3959 C=1.7466 HO=0.6377  A(t)=647
     12374  <<<<<<<<<<<<<<<<  3c3c3c3c3c3c3c3c3c3c3c3c3c3c3c3c
      2191  {{{{{{{{{{{{{{{{  7b7b7b7b7b7b7b7b7b7b7b7b7b7b7b7b
       407  ,,,,,,,,,,,,,,,,  2c2c2c2c2c2c2c2c2c2c2c2c2c2c2c2c
       329  <<<<<<<<<<<<<<<,  3c3c3c3c3c3c3c3c3c3c3c3c3c3c3c2c
       316  <<<<<<<<<<<<<,<<  3c3c3c3c3c3c3c3c3c3c3c3c3c2c3c3c
       316  ,<<<<<<<<<<<<<<<  2c3c3c3c3c3c3c3c3c3c3c3c3c3c3c3c
       313  <<<<<<<<<<<<<<,<  3c3c3c3c3c3c3c3c3c3c3c3c3c3c2c3c
       302  <<<<<<<<<<<<,<<<  3c3c3c3c3c3c3c3c3c3c3c3c2c3c3c3c
       301  <<<<<,<<<<<<<<<<  3c3c3c3c3c2c3c3c3c3c3c3c3c3c3c3c
       300  <<<<<<<<<<<,<<<<  3c3c3c3c3c3c3c3c3c3c3c2c3c3c3c3c
# epoch 39600  H=2.3854 C=1.7653 HO=0.6160  A(t)=647
     11585  <<<<<<<<<<<<<<<<  3c3c3c3c3c3c3c3c3c3c3c3c3c3c3c3c
      2329  {{{{{{{{{{{{{{{{  7b7b7b7b7b7b7b7b7b7b7b7b7b7b7b7b
       685  ,,,,,,,,,,,,,,,,  2c2c2c2c2c2c2c2c2c2c2c2c2c2c2c2c
       295  ,<<<<<<<<<<<<<<<  2c3c3c3c3c3c3c3c3c3c3c3c3c3c3c3c
       287  <<<<<<<<<<<<<<<,  3c3c3c3c3c3c3c3c3c3c3c3c3c3c3c2c
       285  <,<<<<<<<<<<<<<<  3c2c3c3c3c3c3c3c3c3c3c3c3c3c3c3c
       276  <<<<<<<<<<<<<<,<  3c3c3c3c3c3c3c3c3c3c3c3c3c3c2c3c
       271  <<,<<<<<<<<<<<<<  3c3c2c3c3c3c3c3c3c3c3c3c3c3c3c3c
       266  <<<<<<<<<<,<<<<<  3c3c3c3c3c3c3c3c3c3c2c3c3c3c3c3c
       265  <<<<<<<<<<<<<,<<  3c3c3c3c3c3c3c3c3c3c3c3c3c2c3c3c
# epoch 39650  H=2.3209 C=1.7178 HO=0.5923  A(t)=647
     11881  <<<<<<<<<<<<<<<<  3c3c3c3c3c3c3c3c3c3c3c3c3c3c3c3c
      2695  {{{{{{{{{{{{{{{{  7b7b7b7b7b7b7b7b7b7b7b7b7b7b7b7b
       759  ,,,,,,,,,,,,,,,,  2c2c2c2c2c2c2c2c2c2c2c2c2c2c2c2c
       308  <<<<<<<<<<<<<<<,  3c3c3c3c3c3c3c3c3c3c3c3c3c3c3c2c
       298  <<<<<<<<<<<<<<,<  3c3c3c3c3c3c3c3c3c3c3c3c3c3c2c3c
       289  ,<<<<<<<<<<<<<<<  2c3c3c3c3c3c3c3c3c3c3c3c3c3c3c3c
       287  <<<<<<<<,<<<<<<<  3c3c3c3c3c3c3c3c2c3c3c3c3c3c3c3c
       285  <<<<<<<<<<<<,<<<  3c3c3c3c3c3c3c3c3c3c3c3c2c3c3c3c
       285  <<<<<<<,<<<<<<<<  3c3c3c3c3c3c3c2c3c3c3c3c3c3c3c3c
       285  <<,<<<<<<<<<<<<<  3c3c2c3c3c3c3c3c3c3c3c3c3c3c3c3c
# epoch 39700  H=2.2787 C=1.6967 HO=0.5771  A(t)=647
     12759  <<<<<<<<<<<<<<<<  3c3c3c3c3c3c3c3c3c3c3c3c3c3c3c3c
      2081  {{{{{{{{{{{{{{{{  7b7b7b7b7b7b7b7b7b7b7b7b7b7b7b7b
       791  ,,,,,,,,,,,,,,,,  2c2c2c2c2c2c2c2c2c2c2c2c2c2c2c2c
       311  <<,<<<<<<<<<<<<<  3c3c2c3c3c3c3c3c3c3c3c3c3c3c3c3c
       303  <,<<<<<<<<<<<<<<  3c2c3c3c3c3c3c3c3c3c3c3c3c3c3c3c
       302  <<<<<<<<<<,<<<<<  3c3c3c3c3c3c3c3c3c3c2c3c3c3c3c3c
       301  <<<<,<<<<<<<<<<<  3c3c3c3c2c3c3c3c3c3c3c3c3c3c3c3c
       301  <<<,<<<<<<<<<<<<  3c3c3c2c3c3c3c3c3c3c3c3c3c3c3c3c
       300  <<<<<<<<<<<<<<<,  3c3c3c3c3c3c3c3c3c3c3c3c3c3c3c2c
       299  <<<<<<<<<<<,<<<<  3c3c3c3c3c3c3c3c3c3c3c2c3c3c3c3c
# epoch 39750  H=2.3698 C=1.8276 HO=0.5464  A(t)=647
     12583  <<<<<<<<<<<<<<<<  3c3c3c3c3c3c3c3c3c3c3c3c3c3c3c3c
      1939  {{{{{{{{{{{{{{{{  7b7b7b7b7b7b7b7b7b7b7b7b7b7b7b7b
       398  ,,,,,,,,,,,,,,,,  2c2c2c2c2c2c2c2c2c2c2c2c2c2c2c2c
       295  <<<<<<<<<<<<<<<,  3c3c3c3c3c3c3c3c3c3c3c3c3c3c3c2c
       277  <<<<<<<<<<<<<<,<  3c3c3c3c3c3c3c3c3c3c3c3c3c3c2c3c
       276  <<<<<<<<<<<<<,<<  3c3c3c3c3c3c3c3c3c3c3c3c3c2c3c3c
       274  <<<<<<<<<<<<,<<<  3c3c3c3c3c3c3c3c3c3c3c3c2c3c3c3c
       271  ,<<<<<<<<<<<<<<<  2c3c3c3c3c3c3c3c3c3c3c3c3c3c3c3c
       262  <<<<<<,<<<<<<<<<  3c3c3c3c3c3c2c3c3c3c3c3c3c3c3c3c
       260  <<<<<<<<<,<<<<<<  3c3c3c3c3c3c3c3c3c2c3c3c3c3c3c3c
# epoch 39800  H=2.4575 C=1.8876 HO=0.5714  A(t)=647
     11434  <<<<<<<<<<<<<<<<  3c3c3c3c3c3c3c3c3c3c3c3c3c3c3c3c
      2187  {{{{{{{{{{{{{{{{  7b7b7b7b7b7b7b7b7b7b7b7b7b7b7b7b
       314  <<<<<<<<<<,<<<<<  3c3c3c3c3c3c3c3c3c3c2c3c3c3c3c3c
       311  <<<<<<<<<,<<<<<<  3c3c3c3c3c3c3c3c3c2c3c3c3c3c3c3c
       305  <<<<,<<<<<<<<<<<  3c3c3c3c2c3c3c3c3c3c3c3c3c3c3c3c
       302  <<<<<<<<<<<,<<<<  3c3c3c3c3c3c3c3c3c3c3c2c3c3c3c3c
       301  <<<<<,<<<<<<<<<<  3c3c3c3c3c2c3c3c3c3c3c3c3c3c3c3c
       299  <<<<<<,<<<<<<<<<  3c3c3c3c3c3c2c3c3c3c3c3c3c3c3c3c
       298  <<<<<<<<<<<<,<<<  3c3c3c3c3c3c3c3c3c3c3c3c2c3c3c3c
       297  ,,,,,,,,,,,,,,,,  2c2c2c2c2c2c2c2c2c2c2c2c2c2c2c2c
# epoch 39850  H=2.3861 C=1.8259 HO=0.5534  A(t)=647
     11409  <<<<<<<<<<<<<<<<  3c3c3c3c3c3c3c3c3c3c3c3c3c3c3c3c
      2117  {{{{{{{{{{{{{{{{  7b7b7b7b7b7b7b7b7b7b7b7b7b7b7b7b
       355  <<<<<<<<<<<<<<<,  3c3c3c3c3c3c3c3c3c3c3c3c3c3c3c2c
       340  <<<<<<<<<<<<<<,<  3c3c3c3c3c3c3c3c3c3c3c3c3c3c2c3c
       331  <<<<<<<<<<<<<,<<  3c3c3c3c3c3c3c3c3c3c3c3c3c2c3c3c
       320  ,<<<<<<<<<<<<<<<  2c3c3c3c3c3c3c3c3c3c3c3c3c3c3c3c
       315  <<<<<<<<<<<<,<<<  3c3c3c3c3c3c3c3c3c3c3c3c2c3c3c3c
       312  <<<<<<<<<<,<<<<<  3c3c3c3c3c3c3c3c3c3c2c3c3c3c3c3c
       305  <<<<,<<<<<<<<<<<  3c3c3c3c2c3c3c3c3c3c3c3c3c3c3c3c
       305  <,<<<<<<<<<<<<<<  3c2c3c3c3c3c3c3c3c3c3c3c3c3c3c3c
# epoch 39900  H=2.3527 C=1.7794 HO=0.5840  A(t)=647
     11632  <<<<<<<<<<<<<<<<  3c3c3c3c3c3c3c3c3c3c3c3c3c3c3c3c
      1889  {{{{{{{{{{{{{{{{  7b7b7b7b7b7b7b7b7b7b7b7b7b7b7b7b
       349  <<<<<<<<<<<<<<<,  3c3c3c3c3c3c3c3c3c3c3c3c3c3c3c2c
       347  ,,,,,,,,,,,,,,,,  2c2c2c2c2c2c2c2c2c2c2c2c2c2c2c2c
       342  <<<<<<<<<<<<<<,<  3c3c3c3c3c3c3c3c3c3c3c3c3c3c2c3c
       333  <,<<<<<<<<<<<<<<  3c2c3c3c3c3c3c3c3c3c3c3c3c3c3c3c
       333  ,<<<<<<<<<<<<<<<  2c3c3c3c3c3c3c3c3c3c3c3c3c3c3c3c
       331  <<<<<<<<<,<<<<<<  3c3c3c3c3c3c3c3c3c2c3c3c3c3c3c3c
       331  <<<<<<<<,<<<<<<<  3c3c3c3c3c3c3c3c2c3c3c3c3c3c3c3c
       330  <<<<<<<<<<<<,<<<  3c3c3c3c3c3c3c3c3c3c3c3c2c3c3c3c
# epoch 39950  H=2.3082 C=1.7089 HO=0.5924  A(t)=647
     12951  <<<<<<<<<<<<<<<<  3c3c3c3c3c3c3c3c3c3c3c3c3c3c3c3c
      1481  {{{{{{{{{{{{{{{{  7b7b7b7b7b7b7b7b7b7b7b7b7b7b7b7b
       695  ,,,,,,,,,,,,,,,,  2c2c2c2c2c2c2c2c2c2c2c2c2c2c2c2c
       337  ,<<<<<<<<<<<<<<<  2c3c3c3c3c3c3c3c3c3c3c3c3c3c3c3c
       328  <<<<<<<<<<<<<<<,  3c3c3c3c3c3c3c3c3c3c3c3c3c3c3c2c
       319  <,<<<<<<<<<<<<<<  3c2c3c3c3c3c3c3c3c3c3c3c3c3c3c3c
       311  <<,<<<<<<<<<<<<<  3c3c2c3c3c3c3c3c3c3c3c3c3c3c3c3c
       308  <<<<<<<<<<<<<<,<  3c3c3c3c3c3c3c3c3c3c3c3c3c3c2c3c
       301  <<<<<<<,<<<<<<<<  3c3c3c3c3c3c3c2c3c3c3c3c3c3c3c3c
       301  <<<<,<<<<<<<<<<<  3c3c3c3c2c3c3c3c3c3c3c3c3c3c3c3c
# epoch 40000  H=2.2545 C=1.6671 HO=0.5740  A(t)=647
     12197  <<<<<<<<<<<<<<<<  3c3c3c3c3c3c3c3c3c3c3c3c3c3c3c3c
      2182  {{{{{{{{{{{{{{{{  7b7b7b7b7b7b7b7b7b7b7b7b7b7b7b7b
       574  ,,,,,,,,,,,,,,,,  2c2c2c2c2c2c2c2c2c2c2c2c2c2c2c2c
       337  <<<<<<<<<<<<<<<,  3c3c3c3c3c3c3c3c3c3c3c3c3c3c3c2c
       322  <<<<<<<<<<<<<<,<  3c3c3c3c3c3c3c3c3c3c3c3c3c3c2c3c
       315  ,<<<<<<<<<<<<<<<  2c3c3c3c3c3c3c3c3c3c3c3c3c3c3c3c
       298  <,<<<<<<<<<<<<<<  3c2c3c3c3c3c3c3c3c3c3c3c3c3c3c3c
       295  <<<<<<<<<<<<<,<<  3c3c3c3c3c3c3c3c3c3c3c3c3c2c3c3c
       294  <<<<<<<<<<<<,<<<  3c3c3c3c3c3c3c3c3c3c3c3c2c3c3c3c
       291  <<<<<<<<<<<,<<<<  3c3c3c3c3c3c3c3c3c3c3c2c3c3c3c3c
# epoch 40050  H=2.3056 C=1.6893 HO=0.5993  A(t)=647
     11758  <<<<<<<<<<<<<<<<  3c3c3c3c3c3c3c3c3c3c3c3c3c3c3c3c
      1921  {{{{{{{{{{{{{{{{  7b7b7b7b7b7b7b7b7b7b7b7b7b7b7b7b
       463  ,,,,,,,,,,,,,,,,  2c2c2c2c2c2c2c2c2c2c2c2c2c2c2c2c
       344  <<<<<<<<<<<<<<<,  3c3c3c3c3c3c3c3c3c3c3c3c3c3c3c2c
       321  ,<<<<<<<<<<<<<<<  2c3c3c3c3c3c3c3c3c3c3c3c3c3c3c3c
       315  ................  2e2e2e2e2e2e2e2e2e2e2e2e2e2e2e2e
       314  <<<<<<<<<<<<<<,<  3c3c3c3c3c3c3c3c3c3c3c3c3c3c2c3c
       309  <,<<<<<<<<<<<<<<  3c2c3c3c3c3c3c3c3c3c3c3c3c3c3c3c
       308  <<,<<<<<<<<<<<<<  3c3c2c3c3c3c3c3c3c3c3c3c3c3c3c3c
       304  <<<<<<<<<<<<<,<<  3c3c3c3c3c3c3c3c3c3c3c3c3c2c3c3c
# epoch 40100  H=2.2137 C=1.6605 HO=0.5471  A(t)=647
     13112  <<<<<<<<<<<<<<<<  3c3c3c3c3c3c3c3c3c3c3c3c3c3c3c3c
      1925  {{{{{{{{{{{{{{{{  7b7b7b7b7b7b7b7b7b7b7b7b7b7b7b7b
       374  ,,,,,,,,,,,,,,,,  2c2c2c2c2c2c2c2c2c2c2c2c2c2c2c2c
       357  <<<<<<<<<<<<<<<,  3c3c3c3c3c3c3c3c3c3c3c3c3c3c3c2c
       332  <<<<<<<<<<<<<<,<  3c3c3c3c3c3c3c3c3c3c3c3c3c3c2c3c
       319  ,<<<<<<<<<<<<<<<  2c3c3c3c3c3c3c3c3c3c3c3c3c3c3c3c
       317  <<<<<<<<<<<<<,<<  3c3c3c3c3c3c3c3c3c3c3c3c3c2c3c3c
       316  <<,<<<<<<<<<<<<<  3c3c2c3c3c3c3c3c3c3c3c3c3c3c3c3c
       315  <<<<<<<<,<<<<<<<  3c3c3c3c3c3c3c3c2c3c3c3c3c3c3c3c
       314  <<<,<<<<<<<<<<<<  3c3c3c2c3c3c3c3c3c3c3c3c3c3c3c3c
# epoch 40150  H=2.3492 C=1.7084 HO=0.6250  A(t)=647
     12210  <<<<<<<<<<<<<<<<  3c3c3c3c3c3c3c3c3c3c3c3c3c3c3c3c
      2264  {{{{{{{{{{{{{{{{  7b7b7b7b7b7b7b7b7b7b7b7b7b7b7b7b
       394  ,,,,,,,,,,,,,,,,  2c2c2c2c2c2c2c2c2c2c2c2c2c2c2c2c
       349  <<<<<<<<<<<<<<<,  3c3c3c3c3c3c3c3c3c3c3c3c3c3c3c2c
       327  ,<<<<<<<<<<<<<<<  2c3c3c3c3c3c3c3c3c3c3c3c3c3c3c3c
       316  <<<<<<<<<<<<<<,<  3c3c3c3c3c3c3c3c3c3c3c3c3c3c2c3c
       314  <,<<<<<<<<<<<<<<  3c2c3c3c3c3c3c3c3c3c3c3c3c3c3c3c
       303  <<,<<<<<<<<<<<<<  3c3c2c3c3c3c3c3c3c3c3c3c3c3c3c3c
       299  <<<,<<<<<<<<<<<<  3c3c3c2c3c3c3c3c3c3c3c3c3c3c3c3c
       294  <<<<<<<<<<<<<,<<  3c3c3c3c3c3c3c3c3c3c3c3c3c2c3c3c
# epoch 40200  H=2.4303 C=1.7673 HO=0.6521  A(t)=647
     11610  <<<<<<<<<<<<<<<<  3c3c3c3c3c3c3c3c3c3c3c3c3c3c3c3c
      2549  {{{{{{{{{{{{{{{{  7b7b7b7b7b7b7b7b7b7b7b7b7b7b7b7b
       748  ,,,,,,,,,,,,,,,,  2c2c2c2c2c2c2c2c2c2c2c2c2c2c2c2c
       318  <<<<<<<<<<<<<<<,  3c3c3c3c3c3c3c3c3c3c3c3c3c3c3c2c
       304  ,<<<<<<<<<<<<<<<  2c3c3c3c3c3c3c3c3c3c3c3c3c3c3c3c
       302  <<<<<<<<<<<<<<,<  3c3c3c3c3c3c3c3c3c3c3c3c3c3c2c3c
       288  <,<<<<<<<<<<<<<<  3c2c3c3c3c3c3c3c3c3c3c3c3c3c3c3c
       286  <<<<<<<<<<<<<,<<  3c3c3c3c3c3c3c3c3c3c3c3c3c2c3c3c
       279  <<<<<<<<<<<<,<<<  3c3c3c3c3c3c3c3c3c3c3c3c2c3c3c3c
       276  <<<<<<<<,<<<<<<<  3c3c3c3c3c3c3c3c2c3c3c3c3c3c3c3c
# epoch 40250  H=2.4141 C=1.7368 HO=0.6611  A(t)=647
     11996  <<<<<<<<<<<<<<<<  3c3c3c3c3c3c3c3c3c3c3c3c3c3c3c3c
      2418  {{{{{{{{{{{{{{{{  7b7b7b7b7b7b7b7b7b7b7b7b7b7b7b7b
       476  ,,,,,,,,,,,,,,,,  2c2c2c2c2c2c2c2c2c2c2c2c2c2c2c2c
       315  <<<<<<<<<<<<<<<,  3c3c3c3c3c3c3c3c3c3c3c3c3c3c3c2c
       309  <<<<<<<<<<<<<<,<  3c3c3c3c3c3c3c3c3c3c3c3c3c3c2c3c
       292  <<<<<<<<<<<<<,<<  3c3c3c3c3c3c3c3c3c3c3c3c3c2c3c3c
       284  ,<<<<<<<<<<<<<<<  2c3c3c3c3c3c3c3c3c3c3c3c3c3c3c3c
       278  <<<<<<<<<<<<,<<<  3c3c3c3c3c3c3c3c3c3c3c3c2c3c3c3c
       275  <,<<<<<<<<<<<<<<  3c2c3c3c3c3c3c3c3c3c3c3c3c3c3c3c
       263  <<,<<<<<<<<<<<<<  3c3c2c3c3c3c3c3c3c3c3c3c3c3c3c3c
# epoch 40300  H=2.4057 C=1.7545 HO=0.6437  A(t)=647
     11957  <<<<<<<<<<<<<<<<  3c3c3c3c3c3c3c3c3c3c3c3c3c3c3c3c
      2675  {{{{{{{{{{{{{{{{  7b7b7b7b7b7b7b7b7b7b7b7b7b7b7b7b
       588  ,,,,,,,,,,,,,,,,  2c2c2c2c2c2c2c2c2c2c2c2c2c2c2c2c
       315  <<<<<<<<<<<<<<<,  3c3c3c3c3c3c3c3c3c3c3c3c3c3c3c2c
       298  ,<<<<<<<<<<<<<<<  2c3c3c3c3c3c3c3c3c3c3c3c3c3c3c3c
       290  <,<<<<<<<<<<<<<<  3c2c3c3c3c3c3c3c3c3c3c3c3c3c3c3c
       286  <<<<<<<<<<<<<<,<  3c3c3c3c3c3c3c3c3c3c3c3c3c3c2c3c
       285  <<,<<<<<<<<<<<<<  3c3c2c3c3c3c3c3c3c3c3c3c3c3c3c3c
       267  <<<<<<<<<<<<<,<<  3c3c3c3c3c3c3c3c3c3c3c3c3c2c3c3c
       267  <<<,<<<<<<<<<<<<  3c3c3c2c3c3c3c3c3c3c3c3c3c3c3c3c
# epoch 40350  H=2.4484 C=1.7792 HO=0.6625  A(t)=648
     10982  <<<<<<<<<<<<<<<<  3c3c3c3c3c3c3c3c3c3c3c3c3c3c3c3c
      2168  {{{{{{{{{{{{{{{{  7b7b7b7b7b7b7b7b7b7b7b7b7b7b7b7b
       838  ,,,,,,,,,,,,,,,,  2c2c2c2c2c2c2c2c2c2c2c2c2c2c2c2c
       287  <<<<<<<<<<<<<<<,  3c3c3c3c3c3c3c3c3c3c3c3c3c3c3c2c
       272  <<<<<<<<<<<<<<,<  3c3c3c3c3c3c3c3c3c3c3c3c3c3c2c3c
       269  ,<<<<<<<<<<<<<<<  2c3c3c3c3c3c3c3c3c3c3c3c3c3c3c3c
       264  <,<<<<<<<<<<<<<<  3c2c3c3c3c3c3c3c3c3c3c3c3c3c3c3c
       257  <<,<<<<<<<<<<<<<  3c3c2c3c3c3c3c3c3c3c3c3c3c3c3c3c
       253  <<<<<<<<<<<<<,<<  3c3c3c3c3c3c3c3c3c3c3c3c3c2c3c3c
       253  <<<<<<<<<,<<<<<<  3c3c3c3c3c3c3c3c3c2c3c3c3c3c3c3c
# epoch 40400  H=2.3205 C=1.7136 HO=0.5998  A(t)=648
     12837  <<<<<<<<<<<<<<<<  3c3c3c3c3c3c3c3c3c3c3c3c3c3c3c3c
      2328  {{{{{{{{{{{{{{{{  7b7b7b7b7b7b7b7b7b7b7b7b7b7b7b7b
       443  ,,,,,,,,,,,,,,,,  2c2c2c2c2c2c2c2c2c2c2c2c2c2c2c2c
       310  <<<<<<<<<<<<<<<,  3c3c3c3c3c3c3c3c3c3c3c3c3c3c3c2c
       298  ,<<<<<<<<<<<<<<<  2c3c3c3c3c3c3c3c3c3c3c3c3c3c3c3c
       290  <<<<<<,<<<<<<<<<  3c3c3c3c3c3c2c3c3c3c3c3c3c3c3c3c
       289  <<<<<<<<<,<<<<<<  3c3c3c3c3c3c3c3c3c2c3c3c3c3c3c3c
       286  <,<<<<<<<<<<<<<<  3c2c3c3c3c3c3c3c3c3c3c3c3c3c3c3c
       284  <<<<<<<,<<<<<<<<  3c3c3c3c3c3c3c2c3c3c3c3c3c3c3c3c
       280  <<<<<<<<<<<<<<,<  3c3c3c3c3c3c3c3c3c3c3c3c3c3c2c3c
# epoch 40450  H=2.3222 C=1.7007 HO=0.6064  A(t)=648
     13229  <<<<<<<<<<<<<<<<  3c3c3c3c3c3c3c3c3c3c3c3c3c3c3c3c
      2282  {{{{{{{{{{{{{{{{  7b7b7b7b7b7b7b7b7b7b7b7b7b7b7b7b
       306  ,,,,,,,,,,,,,,,,  2c2c2c2c2c2c2c2c2c2c2c2c2c2c2c2c
       296  <<<<<<<,<<<<<<<<  3c3c3c3c3c3c3c2c3c3c3c3c3c3c3c3c
       295  <<<<<<<<,<<<<<<<  3c3c3c3c3c3c3c3c2c3c3c3c3c3c3c3c
       290  <<<<<<<<<,<<<<<<  3c3c3c3c3c3c3c3c3c2c3c3c3c3c3c3c
       288  <<<<<<<<<<<<<<<,  3c3c3c3c3c3c3c3c3c3c3c3c3c3c3c2c
       287  <<<<<<<<<<,<<<<<  3c3c3c3c3c3c3c3c3c3c2c3c3c3c3c3c
       281  <<<<<<,<<<<<<<<<  3c3c3c3c3c3c2c3c3c3c3c3c3c3c3c3c
       278  <<<<<<<<<<<<<,<<  3c3c3c3c3c3c3c3c3c3c3c3c3c2c3c3c
# epoch 40500  H=2.4291 C=1.7830 HO=0.6478  A(t)=648
     12289  <<<<<<<<<<<<<<<<  3c3c3c3c3c3c3c3c3c3c3c3c3c3c3c3c
      2347  {{{{{{{{{{{{{{{{  7b7b7b7b7b7b7b7b7b7b7b7b7b7b7b7b
       452  ,,,,,,,,,,,,,,,,  2c2c2c2c2c2c2c2c2c2c2c2c2c2c2c2c
       255  <<<<<<<<<<<<<<<,  3c3c3c3c3c3c3c3c3c3c3c3c3c3c3c2c
       252  ,<<<<<<<<<<<<<<<  2c3c3c3c3c3c3c3c3c3c3c3c3c3c3c3c
       237  <<,<<<<<<<<<<<<<  3c3c2c3c3c3c3c3c3c3c3c3c3c3c3c3c
       236  <<<,<<<<<<<<<<<<  3c3c3c2c3c3c3c3c3c3c3c3c3c3c3c3c
       236  <,<<<<<<<<<<<<<<  3c2c3c3c3c3c3c3c3c3c3c3c3c3c3c3c
       232  <<<<<<<<<<<<<<,<  3c3c3c3c3c3c3c3c3c3c3c3c3c3c2c3c
       227  <<<<,<<<<<<<<<<<  3c3c3c3c2c3c3c3c3c3c3c3c3c3c3c3c
# epoch 40550  H=2.4376 C=1.7441 HO=0.6844  A(t)=648
     11832  <<<<<<<<<<<<<<<<  3c3c3c3c3c3c3c3c3c3c3c3c3c3c3c3c
      1878  {{{{{{{{{{{{{{{{  7b7b7b7b7b7b7b7b7b7b7b7b7b7b7b7b
       501  ,,,,,,,,,,,,,,,,  2c2c2c2c2c2c2c2c2c2c2c2c2c2c2c2c
       286  <,<<<<<<<<<<<<<<  3c2c3c3c3c3c3c3c3c3c3c3c3c3c3c3c
       280  ,<<<<<<<<<<<<<<<  2c3c3c3c3c3c3c3c3c3c3c3c3c3c3c3c
       278  <<<<<<<<<<<<<<<,  3c3c3c3c3c3c3c3c3c3c3c3c3c3c3c2c
       278  <<,<<<<<<<<<<<<<  3c3c2c3c3c3c3c3c3c3c3c3c3c3c3c3c
       275  <<<,<<<<<<<<<<<<  3c3c3c2c3c3c3c3c3c3c3c3c3c3c3c3c
       273  <<<<<<<<<<<<<<,<  3c3c3c3c3c3c3c3c3c3c3c3c3c3c2c3c
       269  <<<<<,<<<<<<<<<<  3c3c3c3c3c2c3c3c3c3c3c3c3c3c3c3c
# epoch 40600  H=2.4143 C=1.7484 HO=0.6529  A(t)=648
     10712  <<<<<<<<<<<<<<<<  3c3c3c3c3c3c3c3c3c3c3c3c3c3c3c3c
      2855  {{{{{{{{{{{{{{{{  7b7b7b7b7b7b7b7b7b7b7b7b7b7b7b7b
       511  ,,,,,,,,,,,,,,,,  2c2c2c2c2c2c2c2c2c2c2c2c2c2c2c2c
       294  <<<<<<<<<<<<<<<,  3c3c3c3c3c3c3c3c3c3c3c3c3c3c3c2c
       291  ,<<<<<<<<<<<<<<<  2c3c3c3c3c3c3c3c3c3c3c3c3c3c3c3c
       280  <,<<<<<<<<<<<<<<  3c2c3c3c3c3c3c3c3c3c3c3c3c3c3c3c
       278  <<<<<<<<<<<<<<,<  3c3c3c3c3c3c3c3c3c3c3c3c3c3c2c3c
       278  <<,<<<<<<<<<<<<<  3c3c2c3c3c3c3c3c3c3c3c3c3c3c3c3c
       276  <<<,<<<<<<<<<<<<  3c3c3c2c3c3c3c3c3c3c3c3c3c3c3c3c
       275  <<<<<<<<<<<<<,<<  3c3c3c3c3c3c3c3c3c3c3c3c3c2c3c3c
# epoch 40650  H=2.3070 C=1.7021 HO=0.5957  A(t)=648
     13133  <<<<<<<<<<<<<<<<  3c3c3c3c3c3c3c3c3c3c3c3c3c3c3c3c
      2246  {{{{{{{{{{{{{{{{  7b7b7b7b7b7b7b7b7b7b7b7b7b7b7b7b
       522  ,,,,,,,,,,,,,,,,  2c2c2c2c2c2c2c2c2c2c2c2c2c2c2c2c
       315  <<<<<<<<<<<<<<<,  3c3c3c3c3c3c3c3c3c3c3c3c3c3c3c2c
       302  <<<<<<<<<<<<<<,<  3c3c3c3c3c3c3c3c3c3c3c3c3c3c2c3c
       300  <<<<<<<<<<<<<,<<  3c3c3c3c3c3c3c3c3c3c3c3c3c2c3c3c
       295  ,<<<<<<<<<<<<<<<  2c3c3c3c3c3c3c3c3c3c3c3c3c3c3c3c
       294  <<,<<<<<<<<<<<<<  3c3c2c3c3c3c3c3c3c3c3c3c3c3c3c3c
       289  <,<<<<<<<<<<<<<<  3c2c3c3c3c3c3c3c3c3c3c3c3c3c3c3c
       284  <<<<<<,<<<<<<<<<  3c3c3c3c3c3c2c3c3c3c3c3c3c3c3c3c
# epoch 40700  H=2.4372 C=1.8121 HO=0.6192  A(t)=648
     11142  <<<<<<<<<<<<<<<<  3c3c3c3c3c3c3c3c3c3c3c3c3c3c3c3c
      2142  {{{{{{{{{{{{{{{{  7b7b7b7b7b7b7b7b7b7b7b7b7b7b7b7b
       574  ,,,,,,,,,,,,,,,,  2c2c2c2c2c2c2c2c2c2c2c2c2c2c2c2c
       300  <<<<<<<<<<<<<<<,  3c3c3c3c3c3c3c3c3c3c3c3c3c3c3c2c
       284  ,<<<<<<<<<<<<<<<  2c3c3c3c3c3c3c3c3c3c3c3c3c3c3c3c
       279  <<<<<<<<<<<<<<,<  3c3c3c3c3c3c3c3c3c3c3c3c3c3c2c3c
       276  <<<<<<<<<<<<<,<<  3c3c3c3c3c3c3c3c3c3c3c3c3c2c3c3c
       269  <,<<<<<<<<<<<<<<  3c2c3c3c3c3c3c3c3c3c3c3c3c3c3c3c
       268  <<,<<<<<<<<<<<<<  3c3c2c3c3c3c3c3c3c3c3c3c3c3c3c3c
       266  <<<<<<<<<<<,<<<<  3c3c3c3c3c3c3c3c3c3c3c2c3c3c3c3c
# epoch 40750  H=2.3930 C=1.7302 HO=0.6551  A(t)=648
     11867  <<<<<<<<<<<<<<<<  3c3c3c3c3c3c3c3c3c3c3c3c3c3c3c3c
      2589  {{{{{{{{{{{{{{{{  7b7b7b7b7b7b7b7b7b7b7b7b7b7b7b7b
       963  ,,,,,,,,,,,,,,,,  2c2c2c2c2c2c2c2c2c2c2c2c2c2c2c2c
       321  ,<<<<<<<<<<<<<<<  2c3c3c3c3c3c3c3c3c3c3c3c3c3c3c3c
       319  <,<<<<<<<<<<<<<<  3c2c3c3c3c3c3c3c3c3c3c3c3c3c3c3c
       314  <<<<<<<<<<<<<<<,  3c3c3c3c3c3c3c3c3c3c3c3c3c3c3c2c
       314  <<,<<<<<<<<<<<<<  3c3c2c3c3c3c3c3c3c3c3c3c3c3c3c3c
       306  <<<<,<<<<<<<<<<<  3c3c3c3c2c3c3c3c3c3c3c3c3c3c3c3c
       305  <<<<<<<<<<<<<<,<  3c3c3c3c3c3c3c3c3c3c3c3c3c3c2c3c
       304  <<<<<<,<<<<<<<<<  3c3c3c3c3c3c2c3c3c3c3c3c3c3c3c3c
# epoch 40800  H=2.5176 C=1.8611 HO=0.6600  A(t)=648
     11015  <<<<<<<<<<<<<<<<  3c3c3c3c3c3c3c3c3c3c3c3c3c3c3c3c
      2379  {{{{{{{{{{{{{{{{  7b7b7b7b7b7b7b7b7b7b7b7b7b7b7b7b
       847  ,,,,,,,,,,,,,,,,  2c2c2c2c2c2c2c2c2c2c2c2c2c2c2c2c
       308  <<<<<<<<<<<<<<<,  3c3c3c3c3c3c3c3c3c3c3c3c3c3c3c2c
       297  ,<<<<<<<<<<<<<<<  2c3c3c3c3c3c3c3c3c3c3c3c3c3c3c3c
       290  <,<<<<<<<<<<<<<<  3c2c3c3c3c3c3c3c3c3c3c3c3c3c3c3c
       289  <<,<<<<<<<<<<<<<  3c3c2c3c3c3c3c3c3c3c3c3c3c3c3c3c
       285  <<<<<<<<<<<<<<,<  3c3c3c3c3c3c3c3c3c3c3c3c3c3c2c3c
       276  <<<,<<<<<<<<<<<<  3c3c3c2c3c3c3c3c3c3c3c3c3c3c3c3c
       274  <<<<<<<<<<<<<,<<  3c3c3c3c3c3c3c3c3c3c3c3c3c2c3c3c
# epoch 40850  H=2.4536 C=1.8262 HO=0.6255  A(t)=648
     12292  <<<<<<<<<<<<<<<<  3c3c3c3c3c3c3c3c3c3c3c3c3c3c3c3c
      2099  {{{{{{{{{{{{{{{{  7b7b7b7b7b7b7b7b7b7b7b7b7b7b7b7b
       605  ,,,,,,,,,,,,,,,,  2c2c2c2c2c2c2c2c2c2c2c2c2c2c2c2c
       341  <<<<<<<<<<<<<<<,  3c3c3c3c3c3c3c3c3c3c3c3c3c3c3c2c
       335  ,<<<<<<<<<<<<<<<  2c3c3c3c3c3c3c3c3c3c3c3c3c3c3c3c
       330  <<,<<<<<<<<<<<<<  3c3c2c3c3c3c3c3c3c3c3c3c3c3c3c3c
       329  <,<<<<<<<<<<<<<<  3c2c3c3c3c3c3c3c3c3c3c3c3c3c3c3c
       328  <<<<<<<<<<<<<<,<  3c3c3c3c3c3c3c3c3c3c3c3c3c3c2c3c
       328  <<<<<<<<<<<<<,<<  3c3c3c3c3c3c3c3c3c3c3c3c3c2c3c3c
       321  <<<<,<<<<<<<<<<<  3c3c3c3c2c3c3c3c3c3c3c3c3c3c3c3c
# epoch 40900  H=2.5380 C=1.8938 HO=0.6529  A(t)=648
     10616  <<<<<<<<<<<<<<<<  3c3c3c3c3c3c3c3c3c3c3c3c3c3c3c3c
      2421  {{{{{{{{{{{{{{{{  7b7b7b7b7b7b7b7b7b7b7b7b7b7b7b7b
       734  ,,,,,,,,,,,,,,,,  2c2c2c2c2c2c2c2c2c2c2c2c2c2c2c2c
       287  <<<<<<<<<<<<<<<,  3c3c3c3c3c3c3c3c3c3c3c3c3c3c3c2c
       287  <<<,<<<<<<<<<<<<  3c3c3c2c3c3c3c3c3c3c3c3c3c3c3c3c
       287  ,<<<<<<<<<<<<<<<  2c3c3c3c3c3c3c3c3c3c3c3c3c3c3c3c
       286  <<,<<<<<<<<<<<<<  3c3c2c3c3c3c3c3c3c3c3c3c3c3c3c3c
       281  <,<<<<<<<<<<<<<<  3c2c3c3c3c3c3c3c3c3c3c3c3c3c3c3c
       279  <<<<,<<<<<<<<<<<  3c3c3c3c2c3c3c3c3c3c3c3c3c3c3c3c
       271  <<<<<<<<<<<<<<,<  3c3c3c3c3c3c3c3c3c3c3c3c3c3c2c3c
# epoch 40950  H=2.6022 C=1.9948 HO=0.6206  A(t)=648
     10081  <<<<<<<<<<<<<<<<  3c3c3c3c3c3c3c3c3c3c3c3c3c3c3c3c
      2360  {{{{{{{{{{{{{{{{  7b7b7b7b7b7b7b7b7b7b7b7b7b7b7b7b
       609  ,,,,,,,,,,,,,,,,  2c2c2c2c2c2c2c2c2c2c2c2c2c2c2c2c
       295  <<<<<<<<<<<<<<<,  3c3c3c3c3c3c3c3c3c3c3c3c3c3c3c2c
       281  <<<<<<<<<<<<<<,<  3c3c3c3c3c3c3c3c3c3c3c3c3c3c2c3c
       279  <<<<<<<<<<<,<<<<  3c3c3c3c3c3c3c3c3c3c3c2c3c3c3c3c
       277  ,<<<<<<<<<<<<<<<  2c3c3c3c3c3c3c3c3c3c3c3c3c3c3c3c
       272  <<<<<<<<<<<<<,<<  3c3c3c3c3c3c3c3c3c3c3c3c3c2c3c3c
       272  <<<<<<<<<<<<,<<<  3c3c3c3c3c3c3c3c3c3c3c3c2c3c3c3c
       270  <<<<<<<<<<,<<<<<  3c3c3c3c3c3c3c3c3c3c2c3c3c3c3c3c
# epoch 41000  H=2.6039 C=1.9774 HO=0.6346  A(t)=648
     11242  <<<<<<<<<<<<<<<<  3c3c3c3c3c3c3c3c3c3c3c3c3c3c3c3c
      1802  {{{{{{{{{{{{{{{{  7b7b7b7b7b7b7b7b7b7b7b7b7b7b7b7b
       521  ,,,,,,,,,,,,,,,,  2c2c2c2c2c2c2c2c2c2c2c2c2c2c2c2c
       319  <<<<<<<<<<<<<<<,  3c3c3c3c3c3c3c3c3c3c3c3c3c3c3c2c
       309  ,<<<<<<<<<<<<<<<  2c3c3c3c3c3c3c3c3c3c3c3c3c3c3c3c
       306  <<<<<<<<<<<<<<,<  3c3c3c3c3c3c3c3c3c3c3c3c3c3c2c3c
       294  <,<<<<<<<<<<<<<<  3c2c3c3c3c3c3c3c3c3c3c3c3c3c3c3c
       286  <<<<<<<<<<<<<,<<  3c3c3c3c3c3c3c3c3c3c3c3c3c2c3c3c
       286  <<<<<<<<<<<<,<<<  3c3c3c3c3c3c3c3c3c3c3c3c2c3c3c3c
       283  <<<<<<<<<<<,<<<<  3c3c3c3c3c3c3c3c3c3c3c2c3c3c3c3c
# epoch 41050  H=2.5888 C=1.8948 HO=0.6998  A(t)=648
     11579  <<<<<<<<<<<<<<<<  3c3c3c3c3c3c3c3c3c3c3c3c3c3c3c3c
      1973  {{{{{{{{{{{{{{{{  7b7b7b7b7b7b7b7b7b7b7b7b7b7b7b7b
      1154  ,,,,,,,,,,,,,,,,  2c2c2c2c2c2c2c2c2c2c2c2c2c2c2c2c
       317  <<<<<<<<<<<<<<<,  3c3c3c3c3c3c3c3c3c3c3c3c3c3c3c2c
       304  <<<<<<<<<<<<<<,<  3c3c3c3c3c3c3c3c3c3c3c3c3c3c2c3c
       302  ,<<<<<<<<<<<<<<<  2c3c3c3c3c3c3c3c3c3c3c3c3c3c3c3c
       295  <,<<<<<<<<<<<<<<  3c2c3c3c3c3c3c3c3c3c3c3c3c3c3c3c
       288  <<<<<<<<<<<<<,<<  3c3c3c3c3c3c3c3c3c3c3c3c3c2c3c3c
       280  <<,<<<<<<<<<<<<<  3c3c2c3c3c3c3c3c3c3c3c3c3c3c3c3c
       274  <<<<<<<<<<<<,<<<  3c3c3c3c3c3c3c3c3c3c3c3c2c3c3c3c
# epoch 41100  H=2.5599 C=1.9098 HO=0.6567  A(t)=648
     11359  <<<<<<<<<<<<<<<<  3c3c3c3c3c3c3c3c3c3c3c3c3c3c3c3c
      2091  {{{{{{{{{{{{{{{{  7b7b7b7b7b7b7b7b7b7b7b7b7b7b7b7b
       326  <<<<<<<<<<<<<<<,  3c3c3c3c3c3c3c3c3c3c3c3c3c3c3c2c
       310  <<<<<<<<<<<<<<,<  3c3c3c3c3c3c3c3c3c3c3c3c3c3c2c3c
       305  ,<<<<<<<<<<<<<<<  2c3c3c3c3c3c3c3c3c3c3c3c3c3c3c3c
       301  <<<<<<<<<<<<<,<<  3c3c3c3c3c3c3c3c3c3c3c3c3c2c3c3c
       289  <<<<<<<<<<<<,<<<  3c3c3c3c3c3c3c3c3c3c3c3c2c3c3c3c
       287  <<<<<<<<,<<<<<<<  3c3c3c3c3c3c3c3c2c3c3c3c3c3c3c3c
       283  <<<<,<<<<<<<<<<<  3c3c3c3c2c3c3c3c3c3c3c3c3c3c3c3c
       282  <<<<<<<,<<<<<<<<  3c3c3c3c3c3c3c2c3c3c3c3c3c3c3c3c
# epoch 41150  H=2.5753 C=1.9098 HO=0.6726  A(t)=648
     12767  <<<<<<<<<<<<<<<<  3c3c3c3c3c3c3c3c3c3c3c3c3c3c3c3c
      1977  {{{{{{{{{{{{{{{{  7b7b7b7b7b7b7b7b7b7b7b7b7b7b7b7b
       581  ,,,,,,,,,,,,,,,,  2c2c2c2c2c2c2c2c2c2c2c2c2c2c2c2c
       339  <<<<<<<<<<<<<<<,  3c3c3c3c3c3c3c3c3c3c3c3c3c3c3c2c
       328  ,<<<<<<<<<<<<<<<  2c3c3c3c3c3c3c3c3c3c3c3c3c3c3c3c
       322  <<<<<<<<<<<<<<,<  3c3c3c3c3c3c3c3c3c3c3c3c3c3c2c3c
       315  <,<<<<<<<<<<<<<<  3c2c3c3c3c3c3c3c3c3c3c3c3c3c3c3c
       313  <<<<<<<<<<<<<,<<  3c3c3c3c3c3c3c3c3c3c3c3c3c2c3c3c
       307  <<,<<<<<<<<<<<<<  3c3c2c3c3c3c3c3c3c3c3c3c3c3c3c3c
       306  <<<<<<<<<<<<,<<<  3c3c3c3c3c3c3c3c3c3c3c3c2c3c3c3c
# epoch 41200  H=2.6569 C=1.9633 HO=0.7119  A(t)=648
     12328  <<<<<<<<<<<<<<<<  3c3c3c3c3c3c3c3c3c3c3c3c3c3c3c3c
      1771  {{{{{{{{{{{{{{{{  7b7b7b7b7b7b7b7b7b7b7b7b7b7b7b7b
       919  ,,,,,,,,,,,,,,,,  2c2c2c2c2c2c2c2c2c2c2c2c2c2c2c2c
       314  <<<<<<<<<<<<<<<,  3c3c3c3c3c3c3c3c3c3c3c3c3c3c3c2c
       309  <<<<<<<<<,<<<<<<  3c3c3c3c3c3c3c3c3c2c3c3c3c3c3c3c
       299  <<<<<<<<<<<<<<,<  3c3c3c3c3c3c3c3c3c3c3c3c3c3c2c3c
       299  <<<<<<<<<<<<<,<<  3c3c3c3c3c3c3c3c3c3c3c3c3c2c3c3c
       298  <<<<<<<<,<<<<<<<  3c3c3c3c3c3c3c3c2c3c3c3c3c3c3c3c
       295  <<<<<<<<<<,<<<<<  3c3c3c3c3c3c3c3c3c3c2c3c3c3c3c3c
       291  <<<<<<,<<<<<<<<<  3c3c3c3c3c3c2c3c3c3c3c3c3c3c3c3c
# epoch 41250  H=2.5654 C=1.8859 HO=0.6921  A(t)=648
     12468  <<<<<<<<<<<<<<<<  3c3c3c3c3c3c3c3c3c3c3c3c3c3c3c3c
      1745  {{{{{{{{{{{{{{{{  7b7b7b7b7b7b7b7b7b7b7b7b7b7b7b7b
       489  ,,,,,,,,,,,,,,,,  2c2c2c2c2c2c2c2c2c2c2c2c2c2c2c2c
       337  <<<<<<<<<<<<<<<,  3c3c3c3c3c3c3c3c3c3c3c3c3c3c3c2c
       334  <<<<<,<<<<<<<<<<  3c3c3c3c3c2c3c3c3c3c3c3c3c3c3c3c
       329  <<<<,<<<<<<<<<<<  3c3c3c3c2c3c3c3c3c3c3c3c3c3c3c3c
       328  <<<<<<,<<<<<<<<<  3c3c3c3c3c3c2c3c3c3c3c3c3c3c3c3c
       326  <<<<<<<,<<<<<<<<  3c3c3c3c3c3c3c2c3c3c3c3c3c3c3c3c
       323  <<<<<<<<<<<<<<,<  3c3c3c3c3c3c3c3c3c3c3c3c3c3c2c3c
       321  ,<<<<<<<<<<<<<<<  2c3c3c3c3c3c3c3c3c3c3c3c3c3c3c3c
# epoch 41300  H=2.5551 C=1.8547 HO=0.7102  A(t)=648
     12120  <<<<<<<<<<<<<<<<  3c3c3c3c3c3c3c3c3c3c3c3c3c3c3c3c
      2010  {{{{{{{{{{{{{{{{  7b7b7b7b7b7b7b7b7b7b7b7b7b7b7b7b
       789  ,,,,,,,,,,,,,,,,  2c2c2c2c2c2c2c2c2c2c2c2c2c2c2c2c
       291  <<<<<<<<<<<<<<<,  3c3c3c3c3c3c3c3c3c3c3c3c3c3c3c2c
       285  <,<<<<<<<<<<<<<<  3c2c3c3c3c3c3c3c3c3c3c3c3c3c3c3c
       285  ,<<<<<<<<<<<<<<<  2c3c3c3c3c3c3c3c3c3c3c3c3c3c3c3c
       280  <<<<<<<,<<<<<<<<  3c3c3c3c3c3c3c2c3c3c3c3c3c3c3c3c
       278  <<,<<<<<<<<<<<<<  3c3c2c3c3c3c3c3c3c3c3c3c3c3c3c3c
       277  <<<<<,<<<<<<<<<<  3c3c3c3c3c2c3c3c3c3c3c3c3c3c3c3c
       275  <<<<<<<<<,<<<<<<  3c3c3c3c3c3c3c3c3c2c3c3c3c3c3c3c
# epoch 41350  H=2.4791 C=1.8301 HO=0.6471  A(t)=648
     12563  <<<<<<<<<<<<<<<<  3c3c3c3c3c3c3c3c3c3c3c3c3c3c3c3c
      1675  {{{{{{{{{{{{{{{{  7b7b7b7b7b7b7b7b7b7b7b7b7b7b7b7b
       482  ,,,,,,,,,,,,,,,,  2c2c2c2c2c2c2c2c2c2c2c2c2c2c2c2c
       328  <<<<<<<<<<<<<<<,  3c3c3c3c3c3c3c3c3c3c3c3c3c3c3c2c
       325  ,<<<<<<<<<<<<<<<  2c3c3c3c3c3c3c3c3c3c3c3c3c3c3c3c
       310  <<<<<<<<<<<<<<,<  3c3c3c3c3c3c3c3c3c3c3c3c3c3c2c3c
       306  <<<<<<,<<<<<<<<<  3c3c3c3c3c3c2c3c3c3c3c3c3c3c3c3c
       306  <<<<,<<<<<<<<<<<  3c3c3c3c2c3c3c3c3c3c3c3c3c3c3c3c
       306  <<,<<<<<<<<<<<<<  3c3c2c3c3c3c3c3c3c3c3c3c3c3c3c3c
       305  <<<,<<<<<<<<<<<<  3c3c3c2c3c3c3c3c3c3c3c3c3c3c3c3c
# epoch 41400  H=2.6419 C=1.9792 HO=0.6728  A(t)=650
     10449  <<<<<<<<<<<<<<<<  3c3c3c3c3c3c3c3c3c3c3c3c3c3c3c3c
      2036  {{{{{{{{{{{{{{{{  7b7b7b7b7b7b7b7b7b7b7b7b7b7b7b7b
       297  <<<<<<<<<<<<<<,<  3c3c3c3c3c3c3c3c3c3c3c3c3c3c2c3c
       296  <<<<<<<<<<<<<<<,  3c3c3c3c3c3c3c3c3c3c3c3c3c3c3c2c
       296  ,<<<<<<<<<<<<<<<  2c3c3c3c3c3c3c3c3c3c3c3c3c3c3c3c
       290  <<<<<<<<<<<<,<<<  3c3c3c3c3c3c3c3c3c3c3c3c2c3c3c3c
       289  <<<<<<<<<<<<<,<<  3c3c3c3c3c3c3c3c3c3c3c3c3c2c3c3c
       287  <,<<<<<<<<<<<<<<  3c2c3c3c3c3c3c3c3c3c3c3c3c3c3c3c
       283  <<,<<<<<<<<<<<<<  3c3c2c3c3c3c3c3c3c3c3c3c3c3c3c3c
       279  <<<<<<<<<<<,<<<<  3c3c3c3c3c3c3c3c3c3c3c2c3c3c3c3c
# epoch 41450  H=2.8231 C=2.1229 HO=0.7298  A(t)=650
     10019  <<<<<<<<<<<<<<<<  3c3c3c3c3c3c3c3c3c3c3c3c3c3c3c3c
      1967  {{{{{{{{{{{{{{{{  7b7b7b7b7b7b7b7b7b7b7b7b7b7b7b7b
       287  ,,,,,,,,,,,,,,,,  2c2c2c2c2c2c2c2c2c2c2c2c2c2c2c2c
       267  <<<<<<<<<<<<<<<,  3c3c3c3c3c3c3c3c3c3c3c3c3c3c3c2c
       255  <<<<<<<<<<<<,<<<  3c3c3c3c3c3c3c3c3c3c3c3c2c3c3c3c
       248  <<<<<<<<<<<<<<,<  3c3c3c3c3c3c3c3c3c3c3c3c3c3c2c3c
       247  <<<<<<<<<<<,<<<<  3c3c3c3c3c3c3c3c3c3c3c2c3c3c3c3c
       246  <<<<<<<<<<<<<,<<  3c3c3c3c3c3c3c3c3c3c3c3c3c2c3c3c
       242  <<<<<<<<<<,<<<<<  3c3c3c3c3c3c3c3c3c3c2c3c3c3c3c3c
       240  <<<<<<<<<,<<<<<<  3c3c3c3c3c3c3c3c3c2c3c3c3c3c3c3c
# epoch 41500  H=2.9161 C=2.2047 HO=0.7457  A(t)=652
     10282  <<<<<<<<<<<<<<<<  3c3c3c3c3c3c3c3c3c3c3c3c3c3c3c3c
      2430  {{{{{{{{{{{{{{{{  7b7b7b7b7b7b7b7b7b7b7b7b7b7b7b7b
       295  <<<<<<<<<<<<<<<,  3c3c3c3c3c3c3c3c3c3c3c3c3c3c3c2c
       286  ,<<<<<<<<<<<<<<<  2c3c3c3c3c3c3c3c3c3c3c3c3c3c3c3c
       278  <<<<<<<<<<<<<<,<  3c3c3c3c3c3c3c3c3c3c3c3c3c3c2c3c
       270  <<<<<<<<<<<<<,<<  3c3c3c3c3c3c3c3c3c3c3c3c3c2c3c3c
       263  <,<<<<<<<<<<<<<<  3c2c3c3c3c3c3c3c3c3c3c3c3c3c3c3c
       261  <<<<<<<<<<<<,<<<  3c3c3c3c3c3c3c3c3c3c3c3c2c3c3c3c
       260  <<<<<<<<,<<<<<<<  3c3c3c3c3c3c3c3c2c3c3c3c3c3c3c3c
       259  <<<<<<<<<,<<<<<<  3c3c3c3c3c3c3c3c3c2c3c3c3c3c3c3c
# epoch 41550  H=2.8114 C=2.0927 HO=0.7413  A(t)=652
     11460  <<<<<<<<<<<<<<<<  3c3c3c3c3c3c3c3c3c3c3c3c3c3c3c3c
      2185  {{{{{{{{{{{{{{{{  7b7b7b7b7b7b7b7b7b7b7b7b7b7b7b7b
       512  ,,,,,,,,,,,,,,,,  2c2c2c2c2c2c2c2c2c2c2c2c2c2c2c2c
       330  <<<<<<<<<<<<<<<,  3c3c3c3c3c3c3c3c3c3c3c3c3c3c3c2c
       310  ,<<<<<<<<<<<<<<<  2c3c3c3c3c3c3c3c3c3c3c3c3c3c3c3c
       306  <<<<<<<<<<<<<<,<  3c3c3c3c3c3c3c3c3c3c3c3c3c3c2c3c
       296  <<<<<<<<<<<<<,<<  3c3c3c3c3c3c3c3c3c3c3c3c3c2c3c3c
       292  <<<<<<<<<<<<,<<<  3c3c3c3c3c3c3c3c3c3c3c3c2c3c3c3c
       280  <,<<<<<<<<<<<<<<  3c2c3c3c3c3c3c3c3c3c3c3c3c3c3c3c
       278  <<<<<<<<<<<,<<<<  3c3c3c3c3c3c3c3c3c3c3c2c3c3c3c3c
# epoch 41600  H=2.7810 C=2.0653 HO=0.7361  A(t)=652
     10568  <<<<<<<<<<<<<<<<  3c3c3c3c3c3c3c3c3c3c3c3c3c3c3c3c
      2059  {{{{{{{{{{{{{{{{  7b7b7b7b7b7b7b7b7b7b7b7b7b7b7b7b
       264  <<<<<<<<<<<<<<<,  3c3c3c3c3c3c3c3c3c3c3c3c3c3c3c2c
       253  <<<<<<<,<<<<<<<<  3c3c3c3c3c3c3c2c3c3c3c3c3c3c3c3c
       251  <<,<<<<<<<<<<<<<  3c3c2c3c3c3c3c3c3c3c3c3c3c3c3c3c
       250  ,<<<<<<<<<<<<<<<  2c3c3c3c3c3c3c3c3c3c3c3c3c3c3c3c
       249  <,<<<<<<<<<<<<<<  3c2c3c3c3c3c3c3c3c3c3c3c3c3c3c3c
       246  <<<<<<<<,<<<<<<<  3c3c3c3c3c3c3c3c2c3c3c3c3c3c3c3c
       242  <<<<<<,<<<<<<<<<  3c3c3c3c3c3c2c3c3c3c3c3c3c3c3c3c
       240  <<<<<<<<<<<<<<,<  3c3c3c3c3c3c3c3c3c3c3c3c3c3c2c3c
# epoch 41650  H=2.7437 C=2.0177 HO=0.7439  A(t)=652
     11298  <<<<<<<<<<<<<<<<  3c3c3c3c3c3c3c3c3c3c3c3c3c3c3c3c
      2490  {{{{{{{{{{{{{{{{  7b7b7b7b7b7b7b7b7b7b7b7b7b7b7b7b
       243  <<<<<<<<<<<<<<<,  3c3c3c3c3c3c3c3c3c3c3c3c3c3c3c2c
       241  <<<<<<<<<<<<<<,<  3c3c3c3c3c3c3c3c3c3c3c3c3c3c2c3c
       233  <<,<<<<<<<<<<<<<  3c3c2c3c3c3c3c3c3c3c3c3c3c3c3c3c
       231  <,<<<<<<<<<<<<<<  3c2c3c3c3c3c3c3c3c3c3c3c3c3c3c3c
       229  <<<<<<<<<<<<<,<<  3c3c3c3c3c3c3c3c3c3c3c3c3c2c3c3c
       224  <<<<<<<<<<<,<<<<  3c3c3c3c3c3c3c3c3c3c3c2c3c3c3c3c
       224  <<<<,<<<<<<<<<<<  3c3c3c3c2c3c3c3c3c3c3c3c3c3c3c3c
       223  <<<<<<<<<<<<,<<<  3c3c3c3c3c3c3c3c3c3c3c3c2c3c3c3c
# epoch 41700  H=2.6292 C=1.9318 HO=0.7229  A(t)=652
     12263  <<<<<<<<<<<<<<<<  3c3c3c3c3c3c3c3c3c3c3c3c3c3c3c3c
      2361  {{{{{{{{{{{{{{{{  7b7b7b7b7b7b7b7b7b7b7b7b7b7b7b7b
       286  <<<<<<<<<<<<<<<,  3c3c3c3c3c3c3c3c3c3c3c3c3c3c3c2c
       284  <<<<<<<<<<<<,<<<  3c3c3c3c3c3c3c3c3c3c3c3c2c3c3c3c
       281  <<<<<<<<<<<<<<,<  3c3c3c3c3c3c3c3c3c3c3c3c3c3c2c3c
       280  ,<<<<<<<<<<<<<<<  2c3c3c3c3c3c3c3c3c3c3c3c3c3c3c3c
       276  <<<<<<<<<<<<<,<<  3c3c3c3c3c3c3c3c3c3c3c3c3c2c3c3c
       274  <,<<<<<<<<<<<<<<  3c2c3c3c3c3c3c3c3c3c3c3c3c3c3c3c
       273  <<<<<<<<<<,<<<<<  3c3c3c3c3c3c3c3c3c3c2c3c3c3c3c3c
       271  <<<,<<<<<<<<<<<<  3c3c3c2c3c3c3c3c3c3c3c3c3c3c3c3c
# epoch 41750  H=2.6634 C=1.9220 HO=0.7540  A(t)=652
     11439  <<<<<<<<<<<<<<<<  3c3c3c3c3c3c3c3c3c3c3c3c3c3c3c3c
      2023  {{{{{{{{{{{{{{{{  7b7b7b7b7b7b7b7b7b7b7b7b7b7b7b7b
       662  ,,,,,,,,,,,,,,,,  2c2c2c2c2c2c2c2c2c2c2c2c2c2c2c2c
       274  <<<<<<<<<<<<<<<,  3c3c3c3c3c3c3c3c3c3c3c3c3c3c3c2c
       257  ,<<<<<<<<<<<<<<<  2c3c3c3c3c3c3c3c3c3c3c3c3c3c3c3c
       255  <<<<<<<<<<<<<<,<  3c3c3c3c3c3c3c3c3c3c3c3c3c3c2c3c
       251  <<<<<<<<<<<<<,<<  3c3c3c3c3c3c3c3c3c3c3c3c3c2c3c3c
       244  <<<<<<<<<<<<,<<<  3c3c3c3c3c3c3c3c3c3c3c3c2c3c3c3c
       243  <<<<<<<<<<,<<<<<  3c3c3c3c3c3c3c3c3c3c2c3c3c3c3c3c
       243  <,<<<<<<<<<<<<<<  3c2c3c3c3c3c3c3c3c3c3c3c3c3c3c3c
# epoch 41800  H=2.7329 C=2.0486 HO=0.7114  A(t)=653
     10547  <<<<<<<<<<<<<<<<  3c3c3c3c3c3c3c3c3c3c3c3c3c3c3c3c
      1556  {{{{{{{{{{{{{{{{  7b7b7b7b7b7b7b7b7b7b7b7b7b7b7b7b
       271  ,,,,,,,,,,,,,,,,  2c2c2c2c2c2c2c2c2c2c2c2c2c2c2c2c
       267  <<<<<<<<<<<<<<<,  3c3c3c3c3c3c3c3c3c3c3c3c3c3c3c2c
       253  ,<<<<<<<<<<<<<<<  2c3c3c3c3c3c3c3c3c3c3c3c3c3c3c3c
       249  <<<<<<<<<<<<<<,<  3c3c3c3c3c3c3c3c3c3c3c3c3c3c2c3c
       237  <<<<<<<<<<<<<,<<  3c3c3c3c3c3c3c3c3c3c3c3c3c2c3c3c
       237  <,<<<<<<<<<<<<<<  3c2c3c3c3c3c3c3c3c3c3c3c3c3c3c3c
       235  <<,<<<<<<<<<<<<<  3c3c2c3c3c3c3c3c3c3c3c3c3c3c3c3c
       223  <<<,<<<<<<<<<<<<  3c3c3c2c3c3c3c3c3c3c3c3c3c3c3c3c
# epoch 41850  H=2.5568 C=1.9209 HO=0.6513  A(t)=653
     11588  <<<<<<<<<<<<<<<<  3c3c3c3c3c3c3c3c3c3c3c3c3c3c3c3c
      1534  {{{{{{{{{{{{{{{{  7b7b7b7b7b7b7b7b7b7b7b7b7b7b7b7b
       301  <<<<<<<<<<<<<<<,  3c3c3c3c3c3c3c3c3c3c3c3c3c3c3c2c
       295  ,,,,,,,,,,,,,,,,  2c2c2c2c2c2c2c2c2c2c2c2c2c2c2c2c
       288  <<<<<<<<<<<<<<,<  3c3c3c3c3c3c3c3c3c3c3c3c3c3c2c3c
       280  <<<<<<<<<<<<<,<<  3c3c3c3c3c3c3c3c3c3c3c3c3c2c3c3c
       275  <<<<<<<<<<<<,<<<  3c3c3c3c3c3c3c3c3c3c3c3c2c3c3c3c
       265  ,<<<<<<<<<<<<<<<  2c3c3c3c3c3c3c3c3c3c3c3c3c3c3c3c
       260  <<<<<<<<<<<,<<<<  3c3c3c3c3c3c3c3c3c3c3c2c3c3c3c3c
       259  <<,<<<<<<<<<<<<<  3c3c2c3c3c3c3c3c3c3c3c3c3c3c3c3c
# epoch 41900  H=2.6513 C=1.9823 HO=0.6849  A(t)=654
     10744  <<<<<<<<<<<<<<<<  3c3c3c3c3c3c3c3c3c3c3c3c3c3c3c3c
      1665  {{{{{{{{{{{{{{{{  7b7b7b7b7b7b7b7b7b7b7b7b7b7b7b7b
       330  ,,,,,,,,,,,,,,,,  2c2c2c2c2c2c2c2c2c2c2c2c2c2c2c2c
       248  <<<<<<<<<<<<<<<,  3c3c3c3c3c3c3c3c3c3c3c3c3c3c3c2c
       228  <<<<<<<<<<<<<<,<  3c3c3c3c3c3c3c3c3c3c3c3c3c3c2c3c
       220  <<<<<<<<<<<<<,<<  3c3c3c3c3c3c3c3c3c3c3c3c3c2c3c3c
       218  <<<<<<<<<<<<,<<<  3c3c3c3c3c3c3c3c3c3c3c3c2c3c3c3c
       215  ,<<<<<<<<<<<<<<<  2c3c3c3c3c3c3c3c3c3c3c3c3c3c3c3c
       212  <<<<<<<<<<<,<<<<  3c3c3c3c3c3c3c3c3c3c3c2c3c3c3c3c
       211  <<<<<<<<<<,<<<<<  3c3c3c3c3c3c3c3c3c3c2c3c3c3c3c3c
# epoch 41950  H=2.6098 C=1.9399 HO=0.6782  A(t)=654
     10726  <<<<<<<<<<<<<<<<  3c3c3c3c3c3c3c3c3c3c3c3c3c3c3c3c
      2727  {{{{{{{{{{{{{{{{  7b7b7b7b7b7b7b7b7b7b7b7b7b7b7b7b
       311  ,<<<<<<<<<<<<<<<  2c3c3c3c3c3c3c3c3c3c3c3c3c3c3c3c
       308  <<<<<<<<<<<<<<<,  3c3c3c3c3c3c3c3c3c3c3c3c3c3c3c2c
       292  <<<<<<<<<<<<<<,<  3c3c3c3c3c3c3c3c3c3c3c3c3c3c2c3c
       278  <,<<<<<<<<<<<<<<  3c2c3c3c3c3c3c3c3c3c3c3c3c3c3c3c
       274  <<<<<<<<<<<<<,<<  3c3c3c3c3c3c3c3c3c3c3c3c3c2c3c3c
       270  <<<<<<<<<<<,<<<<  3c3c3c3c3c3c3c3c3c3c3c2c3c3c3c3c
       270  <<<,<<<<<<<<<<<<  3c3c3c2c3c3c3c3c3c3c3c3c3c3c3c3c
       268  <<<<,<<<<<<<<<<<  3c3c3c3c2c3c3c3c3c3c3c3c3c3c3c3c
# epoch 42000  H=2.6652 C=1.9774 HO=0.6954  A(t)=654
     10810  <<<<<<<<<<<<<<<<  3c3c3c3c3c3c3c3c3c3c3c3c3c3c3c3c
      3143  {{{{{{{{{{{{{{{{  7b7b7b7b7b7b7b7b7b7b7b7b7b7b7b7b
       494  ,,,,,,,,,,,,,,,,  2c2c2c2c2c2c2c2c2c2c2c2c2c2c2c2c
       261  ,<<<<<<<<<<<<<<<  2c3c3c3c3c3c3c3c3c3c3c3c3c3c3c3c
       254  <<<<<<<<<<<<<<<,  3c3c3c3c3c3c3c3c3c3c3c3c3c3c3c2c
       249  <,<<<<<<<<<<<<<<  3c2c3c3c3c3c3c3c3c3c3c3c3c3c3c3c
       244  <<<<<<<<<<<<<<,<  3c3c3c3c3c3c3c3c3c3c3c3c3c3c2c3c
       237  <<,<<<<<<<<<<<<<  3c3c2c3c3c3c3c3c3c3c3c3c3c3c3c3c
       235  <<<<<<<<<<<<<,<<  3c3c3c3c3c3c3c3c3c3c3c3c3c2c3c3c
       229  <<<,<<<<<<<<<<<<  3c3c3c2c3c3c3c3c3c3c3c3c3c3c3c3c
# epoch 42050  H=2.6695 C=2.0311 HO=0.6484  A(t)=657
     10493  <<<<<<<<<<<<<<<<  3c3c3c3c3c3c3c3c3c3c3c3c3c3c3c3c
      2595  {{{{{{{{{{{{{{{{  7b7b7b7b7b7b7b7b7b7b7b7b7b7b7b7b
       440  ,,,,,,,,,,,,,,,,  2c2c2c2c2c2c2c2c2c2c2c2c2c2c2c2c
       235  <<<<<<<<<<<<<<<,  3c3c3c3c3c3c3c3c3c3c3c3c3c3c3c2c
       223  <<<<<<<<<<<<<<,<  3c3c3c3c3c3c3c3c3c3c3c3c3c3c2c3c
       221  ,<<<<<<<<<<<<<<<  2c3c3c3c3c3c3c3c3c3c3c3c3c3c3c3c
       216  <,<<<<<<<<<<<<<<  3c2c3c3c3c3c3c3c3c3c3c3c3c3c3c3c
       209  <<,<<<<<<<<<<<<<  3c3c2c3c3c3c3c3c3c3c3c3c3c3c3c3c
       207  <<<<<<<<<<<<<,<<  3c3c3c3c3c3c3c3c3c3c3c3c3c2c3c3c
       199  <<<<<<<<<<<<,<<<  3c3c3c3c3c3c3c3c3c3c3c3c2c3c3c3c
# epoch 42100  H=2.6474 C=1.9641 HO=0.6899  A(t)=657
     10476  <<<<<<<<<<<<<<<<  3c3c3c3c3c3c3c3c3c3c3c3c3c3c3c3c
      2294  {{{{{{{{{{{{{{{{  7b7b7b7b7b7b7b7b7b7b7b7b7b7b7b7b
       441  ,,,,,,,,,,,,,,,,  2c2c2c2c2c2c2c2c2c2c2c2c2c2c2c2c
       235  <<<<<<<<<<<<<<<,  3c3c3c3c3c3c3c3c3c3c3c3c3c3c3c2c
       223  ,<<<<<<<<<<<<<<<  2c3c3c3c3c3c3c3c3c3c3c3c3c3c3c3c
       218  <<<<<<<<<<<<<,<<  3c3c3c3c3c3c3c3c3c3c3c3c3c2c3c3c
       215  <<<<<<<,<<<<<<<<  3c3c3c3c3c3c3c2c3c3c3c3c3c3c3c3c
       213  <<<<<<<<<<<<<<,<  3c3c3c3c3c3c3c3c3c3c3c3c3c3c2c3c
       211  <<<<<<<<,<<<<<<<  3c3c3c3c3c3c3c3c2c3c3c3c3c3c3c3c
       210  <<,<<<<<<<<<<<<<  3c3c2c3c3c3c3c3c3c3c3c3c3c3c3c3c
# epoch 42150  H=2.5067 C=1.8602 HO=0.6380  A(t)=657
     10390  <<<<<<<<<<<<<<<<  3c3c3c3c3c3c3c3c3c3c3c3c3c3c3c3c
      2394  {{{{{{{{{{{{{{{{  7b7b7b7b7b7b7b7b7b7b7b7b7b7b7b7b
       453  ,,,,,,,,,,,,,,,,  2c2c2c2c2c2c2c2c2c2c2c2c2c2c2c2c
       310  <<<<<<<<<<<<<<<,  3c3c3c3c3c3c3c3c3c3c3c3c3c3c3c2c
       297  ,<<<<<<<<<<<<<<<  2c3c3c3c3c3c3c3c3c3c3c3c3c3c3c3c
       288  <<<<<<<<<<<<<<,<  3c3c3c3c3c3c3c3c3c3c3c3c3c3c2c3c
       287  <,<<<<<<<<<<<<<<  3c2c3c3c3c3c3c3c3c3c3c3c3c3c3c3c
       275  <<,<<<<<<<<<<<<<  3c3c2c3c3c3c3c3c3c3c3c3c3c3c3c3c
       267  <<<<<<<<<<<<<,<<  3c3c3c3c3c3c3c3c3c3c3c3c3c2c3c3c
       261  <<<<,<<<<<<<<<<<  3c3c3c3c2c3c3c3c3c3c3c3c3c3c3c3c
# epoch 42200  H=2.3701 C=1.7704 HO=0.5857  A(t)=657
     11009  <<<<<<<<<<<<<<<<  3c3c3c3c3c3c3c3c3c3c3c3c3c3c3c3c
      2973  {{{{{{{{{{{{{{{{  7b7b7b7b7b7b7b7b7b7b7b7b7b7b7b7b
       347  <<<<<<<<<<<<<<<,  3c3c3c3c3c3c3c3c3c3c3c3c3c3c3c2c
       326  ,,,,,,,,,,,,,,,,  2c2c2c2c2c2c2c2c2c2c2c2c2c2c2c2c
       322  <<<<<<<<<<<<<<,<  3c3c3c3c3c3c3c3c3c3c3c3c3c3c2c3c
       315  ,<<<<<<<<<<<<<<<  2c3c3c3c3c3c3c3c3c3c3c3c3c3c3c3c
       311  <<<<<<<<<<<<<,<<  3c3c3c3c3c3c3c3c3c3c3c3c3c2c3c3c
       301  <<<<<<<<<<<<,<<<  3c3c3c3c3c3c3c3c3c3c3c3c2c3c3c3c
       295  <,<<<<<<<<<<<<<<  3c2c3c3c3c3c3c3c3c3c3c3c3c3c3c3c
       287  <<<<<<<<<<<,<<<<  3c3c3c3c3c3c3c3c3c3c3c2c3c3c3c3c
# epoch 42250  H=2.3905 C=1.7474 HO=0.6237  A(t)=657
     10580  <<<<<<<<<<<<<<<<  3c3c3c3c3c3c3c3c3c3c3c3c3c3c3c3c
      3049  {{{{{{{{{{{{{{{{  7b7b7b7b7b7b7b7b7b7b7b7b7b7b7b7b
       387  ,,,,,,,,,,,,,,,,  2c2c2c2c2c2c2c2c2c2c2c2c2c2c2c2c
       305  ................  2e2e2e2e2e2e2e2e2e2e2e2e2e2e2e2e
       297  <<<<<<<<<<<<<<<,  3c3c3c3c3c3c3c3c3c3c3c3c3c3c3c2c
       275  <<<<<<<<<<<<<<,<  3c3c3c3c3c3c3c3c3c3c3c3c3c3c2c3c
       273  ,<<<<<<<<<<<<<<<  2c3c3c3c3c3c3c3c3c3c3c3c3c3c3c3c
       267  <<<<<<<<<<<<<,<<  3c3c3c3c3c3c3c3c3c3c3c3c3c2c3c3c
       262  <<<<<<<<<<<,<<<<  3c3c3c3c3c3c3c3c3c3c3c2c3c3c3c3c
       261  <<<<<<<<<<,<<<<<  3c3c3c3c3c3c3c3c3c3c2c3c3c3c3c3c
# epoch 42300  H=2.3988 C=1.7303 HO=0.6481  A(t)=657
     12161  <<<<<<<<<<<<<<<<  3c3c3c3c3c3c3c3c3c3c3c3c3c3c3c3c
      2964  {{{{{{{{{{{{{{{{  7b7b7b7b7b7b7b7b7b7b7b7b7b7b7b7b
       487  ,,,,,,,,,,,,,,,,  2c2c2c2c2c2c2c2c2c2c2c2c2c2c2c2c
       298  <<<<<<<<<<<<<<<,  3c3c3c3c3c3c3c3c3c3c3c3c3c3c3c2c
       283  <<<<<<<<<<<<<<,<  3c3c3c3c3c3c3c3c3c3c3c3c3c3c2c3c
       272  <<<<<<<<<<<<<,<<  3c3c3c3c3c3c3c3c3c3c3c3c3c2c3c3c
       269  <<<<<<<<<<<<,<<<  3c3c3c3c3c3c3c3c3c3c3c3c2c3c3c3c
       268  ,<<<<<<<<<<<<<<<  2c3c3c3c3c3c3c3c3c3c3c3c3c3c3c3c
       259  <<<<<<<<<,<<<<<<  3c3c3c3c3c3c3c3c3c2c3c3c3c3c3c3c
       259  <<<<<<<<,<<<<<<<  3c3c3c3c3c3c3c3c2c3c3c3c3c3c3c3c
# epoch 42350  H=2.4236 C=1.7294 HO=0.6847  A(t)=660
     11739  <<<<<<<<<<<<<<<<  3c3c3c3c3c3c3c3c3c3c3c3c3c3c3c3c
      2987  {{{{{{{{{{{{{{{{  7b7b7b7b7b7b7b7b7b7b7b7b7b7b7b7b
       482  ,,,,,,,,,,,,,,,,  2c2c2c2c2c2c2c2c2c2c2c2c2c2c2c2c
       284  <<<<<<<<<<<<<<<,  3c3c3c3c3c3c3c3c3c3c3c3c3c3c3c2c
       283  ,<<<<<<<<<<<<<<<  2c3c3c3c3c3c3c3c3c3c3c3c3c3c3c3c
       276  <<<<<<<,<<<<<<<<  3c3c3c3c3c3c3c2c3c3c3c3c3c3c3c3c
       273  <<,<<<<<<<<<<<<<  3c3c2c3c3c3c3c3c3c3c3c3c3c3c3c3c
       273  <,<<<<<<<<<<<<<<  3c2c3c3c3c3c3c3c3c3c3c3c3c3c3c3c
       272  <<<<<<<<,<<<<<<<  3c3c3c3c3c3c3c3c2c3c3c3c3c3c3c3c
       271  <<<<<<<<<<<<<<,<  3c3c3c3c3c3c3c3c3c3c3c3c3c3c2c3c
# epoch 42400  H=2.5476 C=1.8457 HO=0.6944  A(t)=660
     11171  <<<<<<<<<<<<<<<<  3c3c3c3c3c3c3c3c3c3c3c3c3c3c3c3c
      3170  {{{{{{{{{{{{{{{{  7b7b7b7b7b7b7b7b7b7b7b7b7b7b7b7b
       322  ,,,,,,,,,,,,,,,,  2c2c2c2c2c2c2c2c2c2c2c2c2c2c2c2c
       316  ................  2e2e2e2e2e2e2e2e2e2e2e2e2e2e2e2e
       273  <<<<<<<<<<<<<<<,  3c3c3c3c3c3c3c3c3c3c3c3c3c3c3c2c
       259  <<<<<<<<<<<<<<,<  3c3c3c3c3c3c3c3c3c3c3c3c3c3c2c3c
       258  <<<<<<<<<<,<<<<<  3c3c3c3c3c3c3c3c3c3c2c3c3c3c3c3c
       257  <<<<<<<<<<<<<,<<  3c3c3c3c3c3c3c3c3c3c3c3c3c2c3c3c
       256  <<<<<<<<<<<<,<<<  3c3c3c3c3c3c3c3c3c3c3c3c2c3c3c3c
       254  <<<<<<<<<<<,<<<<  3c3c3c3c3c3c3c3c3c3c3c2c3c3c3c3c
# epoch 42450  H=2.6691 C=1.9200 HO=0.7487  A(t)=661
      9481  <<<<<<<<<<<<<<<<  3c3c3c3c3c3c3c3c3c3c3c3c3c3c3c3c
      3787  {{{{{{{{{{{{{{{{  7b7b7b7b7b7b7b7b7b7b7b7b7b7b7b7b
       594  ,,,,,,,,,,,,,,,,  2c2c2c2c2c2c2c2c2c2c2c2c2c2c2c2c
       265  ................  2e2e2e2e2e2e2e2e2e2e2e2e2e2e2e2e
       253  <<<<<<<<<<<<<<<,  3c3c3c3c3c3c3c3c3c3c3c3c3c3c3c2c
       251  ,<<<<<<<<<<<<<<<  2c3c3c3c3c3c3c3c3c3c3c3c3c3c3c3c
       244  <,<<<<<<<<<<<<<<  3c2c3c3c3c3c3c3c3c3c3c3c3c3c3c3c
       243  <<,<<<<<<<<<<<<<  3c3c2c3c3c3c3c3c3c3c3c3c3c3c3c3c
       236  <<<,<<<<<<<<<<<<  3c3c3c2c3c3c3c3c3c3c3c3c3c3c3c3c
       234  <<<<<<<<<<<<<<,<  3c3c3c3c3c3c3c3c3c3c3c3c3c3c2c3c
# epoch 42500  H=2.6935 C=1.9358 HO=0.7604  A(t)=662
      9273  <<<<<<<<<<<<<<<<  3c3c3c3c3c3c3c3c3c3c3c3c3c3c3c3c
      3389  {{{{{{{{{{{{{{{{  7b7b7b7b7b7b7b7b7b7b7b7b7b7b7b7b
       363  ,,,,,,,,,,,,,,,,  2c2c2c2c2c2c2c2c2c2c2c2c2c2c2c2c
       260  <<<<<<<<<<<<<<<,  3c3c3c3c3c3c3c3c3c3c3c3c3c3c3c2c
       259  ,<<<<<<<<<<<<<<<  2c3c3c3c3c3c3c3c3c3c3c3c3c3c3c3c
       249  <<<<<<<<<<<<<<,<  3c3c3c3c3c3c3c3c3c3c3c3c3c3c2c3c
       245  <,<<<<<<<<<<<<<<  3c2c3c3c3c3c3c3c3c3c3c3c3c3c3c3c
       242  <<,<<<<<<<<<<<<<  3c3c2c3c3c3c3c3c3c3c3c3c3c3c3c3c
       237  <<<<<<<<<<<<,<<<  3c3c3c3c3c3c3c3c3c3c3c3c2c3c3c3c
       236  <<<<<<<<<<<<<,<<  3c3c3c3c3c3c3c3c3c3c3c3c3c2c3c3c
# epoch 42550  H=2.5758 C=1.8574 HO=0.7078  A(t)=663
     10778  <<<<<<<<<<<<<<<<  3c3c3c3c3c3c3c3c3c3c3c3c3c3c3c3c
      3297  {{{{{{{{{{{{{{{{  7b7b7b7b7b7b7b7b7b7b7b7b7b7b7b7b
       424  ,,,,,,,,,,,,,,,,  2c2c2c2c2c2c2c2c2c2c2c2c2c2c2c2c
       277  <<<<<<<<<<<<<<<,  3c3c3c3c3c3c3c3c3c3c3c3c3c3c3c2c
       273  <<<<<<<<<<<<<<,<  3c3c3c3c3c3c3c3c3c3c3c3c3c3c2c3c
       267  ................  2e2e2e2e2e2e2e2e2e2e2e2e2e2e2e2e
       252  <<<<<<<<<<<<<,<<  3c3c3c3c3c3c3c3c3c3c3c3c3c2c3c3c
       244  ,<<<<<<<<<<<<<<<  2c3c3c3c3c3c3c3c3c3c3c3c3c3c3c3c
       232  <<<<<<<<<<<<,<<<  3c3c3c3c3c3c3c3c3c3c3c3c2c3c3c3c
       229  <<<<<<<,<<<<<<<<  3c3c3c3c3c3c3c2c3c3c3c3c3c3c3c3c
# epoch 42600  H=2.5459 C=1.8395 HO=0.6961  A(t)=663
     10649  <<<<<<<<<<<<<<<<  3c3c3c3c3c3c3c3c3c3c3c3c3c3c3c3c
      3795  {{{{{{{{{{{{{{{{  7b7b7b7b7b7b7b7b7b7b7b7b7b7b7b7b
       294  <<<<<<<<<<<<<<<,  3c3c3c3c3c3c3c3c3c3c3c3c3c3c3c2c
       291  ,,,,,,,,,,,,,,,,  2c2c2c2c2c2c2c2c2c2c2c2c2c2c2c2c
       285  ,<<<<<<<<<<<<<<<  2c3c3c3c3c3c3c3c3c3c3c3c3c3c3c3c
       277  <<<<<<<<<<<<<<,<  3c3c3c3c3c3c3c3c3c3c3c3c3c3c2c3c
       277  <<<<<<<<<<<,<<<<  3c3c3c3c3c3c3c3c3c3c3c2c3c3c3c3c
       275  <<<<<<<,<<<<<<<<  3c3c3c3c3c3c3c2c3c3c3c3c3c3c3c3c
       275  <<<<<,<<<<<<<<<<  3c3c3c3c3c2c3c3c3c3c3c3c3c3c3c3c
       275  <<<,<<<<<<<<<<<<  3c3c3c2c3c3c3c3c3c3c3c3c3c3c3c3c
# epoch 42650  H=2.6483 C=1.9257 HO=0.7224  A(t)=663
     11446  <<<<<<<<<<<<<<<<  3c3c3c3c3c3c3c3c3c3c3c3c3c3c3c3c
      3690  {{{{{{{{{{{{{{{{  7b7b7b7b7b7b7b7b7b7b7b7b7b7b7b7b
       267  <<<<<<<<<<<<<<<,  3c3c3c3c3c3c3c3c3c3c3c3c3c3c3c2c
       257  ................  2e2e2e2e2e2e2e2e2e2e2e2e2e2e2e2e
       245  ,<<<<<<<<<<<<<<<  2c3c3c3c3c3c3c3c3c3c3c3c3c3c3c3c
       242  <<<<<<<<<<<<<<,<  3c3c3c3c3c3c3c3c3c3c3c3c3c3c2c3c
       239  ,,,,,,,,,,,,,,,,  2c2c2c2c2c2c2c2c2c2c2c2c2c2c2c2c
       234  <,<<<<<<<<<<<<<<  3c2c3c3c3c3c3c3c3c3c3c3c3c3c3c3c
       228  <<<<<<<<<<<<<,<<  3c3c3c3c3c3c3c3c3c3c3c3c3c2c3c3c
       228  <<<<<<<<<<<<,<<<  3c3c3c3c3c3c3c3c3c3c3c3c2c3c3c3c
# epoch 42700  H=2.6714 C=1.9839 HO=0.7047  A(t)=664
     10847  <<<<<<<<<<<<<<<<  3c3c3c3c3c3c3c3c3c3c3c3c3c3c3c3c
      3368  {{{{{{{{{{{{{{{{  7b7b7b7b7b7b7b7b7b7b7b7b7b7b7b7b
       257  ,,,,,,,,,,,,,,,,  2c2c2c2c2c2c2c2c2c2c2c2c2c2c2c2c
       223  <<<<<<<<<<<<<<<,  3c3c3c3c3c3c3c3c3c3c3c3c3c3c3c2c
       218  <<<<<<<<<<<<<<,<  3c3c3c3c3c3c3c3c3c3c3c3c3c3c2c3c
       217  <<<<<<<<<<<<<,<<  3c3c3c3c3c3c3c3c3c3c3c3c3c2c3c3c
       216  <,<<<<<<<<<<<<<<  3c2c3c3c3c3c3c3c3c3c3c3c3c3c3c3c
       216  ,<<<<<<<<<<<<<<<  2c3c3c3c3c3c3c3c3c3c3c3c3c3c3c3c
       211  <<<<<<<<<<<<,<<<  3c3c3c3c3c3c3c3c3c3c3c3c2c3c3c3c
       209  <<,<<<<<<<<<<<<<  3c3c2c3c3c3c3c3c3c3c3c3c3c3c3c3c
# epoch 42750  H=2.7448 C=2.0425 HO=0.7153  A(t)=664
      9589  <<<<<<<<<<<<<<<<  3c3c3c3c3c3c3c3c3c3c3c3c3c3c3c3c
      2961  {{{{{{{{{{{{{{{{  7b7b7b7b7b7b7b7b7b7b7b7b7b7b7b7b
       301  ,,,,,,,,,,,,,,,,  2c2c2c2c2c2c2c2c2c2c2c2c2c2c2c2c
       252  <<<<<<<<<<<<<<<,  3c3c3c3c3c3c3c3c3c3c3c3c3c3c3c2c
       248  ,<<<<<<<<<<<<<<<  2c3c3c3c3c3c3c3c3c3c3c3c3c3c3c3c
       244  <<<<<<<<<<<<<<,<  3c3c3c3c3c3c3c3c3c3c3c3c3c3c2c3c
       244  <,<<<<<<<<<<<<<<  3c2c3c3c3c3c3c3c3c3c3c3c3c3c3c3c
       242  <<<<,<<<<<<<<<<<  3c3c3c3c2c3c3c3c3c3c3c3c3c3c3c3c
       236  <<<<<<<<<<<<<,<<  3c3c3c3c3c3c3c3c3c3c3c3c3c2c3c3c
       235  <<<,<<<<<<<<<<<<  3c3c3c2c3c3c3c3c3c3c3c3c3c3c3c3c
# epoch 42800  H=2.7319 C=1.9952 HO=0.7402  A(t)=664
      9849  <<<<<<<<<<<<<<<<  3c3c3c3c3c3c3c3c3c3c3c3c3c3c3c3c
      2742  {{{{{{{{{{{{{{{{  7b7b7b7b7b7b7b7b7b7b7b7b7b7b7b7b
       338  ,,,,,,,,,,,,,,,,  2c2c2c2c2c2c2c2c2c2c2c2c2c2c2c2c
       268  <<<<<<<<<<<<<<<,  3c3c3c3c3c3c3c3c3c3c3c3c3c3c3c2c
       257  <<,<<<<<<<<<<<<<  3c3c2c3c3c3c3c3c3c3c3c3c3c3c3c3c
       255  <,<<<<<<<<<<<<<<  3c2c3c3c3c3c3c3c3c3c3c3c3c3c3c3c
       251  <<<<<<<<<<<<<<,<  3c3c3c3c3c3c3c3c3c3c3c3c3c3c2c3c
       251  ,<<<<<<<<<<<<<<<  2c3c3c3c3c3c3c3c3c3c3c3c3c3c3c3c
       246  <<<<,<<<<<<<<<<<  3c3c3c3c2c3c3c3c3c3c3c3c3c3c3c3c
       243  <<<,<<<<<<<<<<<<  3c3c3c2c3c3c3c3c3c3c3c3c3c3c3c3c
# epoch 42850  H=2.6260 C=1.9020 HO=0.7227  A(t)=664
     10370  <<<<<<<<<<<<<<<<  3c3c3c3c3c3c3c3c3c3c3c3c3c3c3c3c
      3287  {{{{{{{{{{{{{{{{  7b7b7b7b7b7b7b7b7b7b7b7b7b7b7b7b
       369  ,,,,,,,,,,,,,,,,  2c2c2c2c2c2c2c2c2c2c2c2c2c2c2c2c
       262  <<<<<<<<<<<<<<<,  3c3c3c3c3c3c3c3c3c3c3c3c3c3c3c2c
       251  <<<<<<<<<<<<<<,<  3c3c3c3c3c3c3c3c3c3c3c3c3c3c2c3c
       243  <<<<<<<<<<<<<,<<  3c3c3c3c3c3c3c3c3c3c3c3c3c2c3c3c
       243  ,<<<<<<<<<<<<<<<  2c3c3c3c3c3c3c3c3c3c3c3c3c3c3c3c
       237  <<<<<<<<,<<<<<<<  3c3c3c3c3c3c3c3c2c3c3c3c3c3c3c3c
       237  <<<<<<<,<<<<<<<<  3c3c3c3c3c3c3c2c3c3c3c3c3c3c3c3c
       235  <<<<<<<<<,<<<<<<  3c3c3c3c3c3c3c3c3c2c3c3c3c3c3c3c
# epoch 42900  H=2.5971 C=1.8723 HO=0.7206  A(t)=666
     11234  <<<<<<<<<<<<<<<<  3c3c3c3c3c3c3c3c3c3c3c3c3c3c3c3c
      2928  {{{{{{{{{{{{{{{{  7b7b7b7b7b7b7b7b7b7b7b7b7b7b7b7b
       314  <<<<<<<<<<<<<<<,  3c3c3c3c3c3c3c3c3c3c3c3c3c3c3c2c
       308  ,<<<<<<<<<<<<<<<  2c3c3c3c3c3c3c3c3c3c3c3c3c3c3c3c
       301  <<<<<<<<<<<<<<,<  3c3c3c3c3c3c3c3c3c3c3c3c3c3c2c3c
       291  <,<<<<<<<<<<<<<<  3c2c3c3c3c3c3c3c3c3c3c3c3c3c3c3c
       285  <<<<<<<<<<<<<,<<  3c3c3c3c3c3c3c3c3c3c3c3c3c2c3c3c
       283  <<,<<<<<<<<<<<<<  3c3c2c3c3c3c3c3c3c3c3c3c3c3c3c3c
       279  <<<<<<<<<<<<,<<<  3c3c3c3c3c3c3c3c3c3c3c3c2c3c3c3c
       276  <<<<<<<,<<<<<<<<  3c3c3c3c3c3c3c2c3c3c3c3c3c3c3c3c
# epoch 42950  H=2.6665 C=1.8959 HO=0.7524  A(t)=671
     10026  <<<<<<<<<<<<<<<<  3c3c3c3c3c3c3c3c3c3c3c3c3c3c3c3c
      3768  {{{{{{{{{{{{{{{{  7b7b7b7b7b7b7b7b7b7b7b7b7b7b7b7b
       379  ,,,,,,,,,,,,,,,,  2c2c2c2c2c2c2c2c2c2c2c2c2c2c2c2c
       284  <<<<<<<<<<<<<<<,  3c3c3c3c3c3c3c3c3c3c3c3c3c3c3c2c
       276  <<<<<<<<<<,<<<<<  3c3c3c3c3c3c3c3c3c3c2c3c3c3c3c3c
       274  <<<<<<<<<<<,<<<<  3c3c3c3c3c3c3c3c3c3c3c2c3c3c3c3c
       273  <<<<<<<<,<<<<<<<  3c3c3c3c3c3c3c3c2c3c3c3c3c3c3c3c
       273  <<<<<<<,<<<<<<<<  3c3c3c3c3c3c3c2c3c3c3c3c3c3c3c3c
       272  <<<<<<<<<<<<,<<<  3c3c3c3c3c3c3c3c3c3c3c3c2c3c3c3c
       270  <<<<<<<<<,<<<<<<  3c3c3c3c3c3c3c3c3c2c3c3c3c3c3c3c
# epoch 43000  H=2.7412 C=1.9816 HO=0.7650  A(t)=672
     10244  <<<<<<<<<<<<<<<<  3c3c3c3c3c3c3c3c3c3c3c3c3c3c3c3c
      4176  {{{{{{{{{{{{{{{{  7b7b7b7b7b7b7b7b7b7b7b7b7b7b7b7b
       407  ,,,,,,,,,,,,,,,,  2c2c2c2c2c2c2c2c2c2c2c2c2c2c2c2c
       250  <<<<<<<<<<<<<<<,  3c3c3c3c3c3c3c3c3c3c3c3c3c3c3c2c
       244  <<<<<<<<<<<<<<,<  3c3c3c3c3c3c3c3c3c3c3c3c3c3c2c3c
       244  ,<<<<<<<<<<<<<<<  2c3c3c3c3c3c3c3c3c3c3c3c3c3c3c3c
       242  <,<<<<<<<<<<<<<<  3c2c3c3c3c3c3c3c3c3c3c3c3c3c3c3c
       232  <<<<<<<<<<<<<,<<  3c3c3c3c3c3c3c3c3c3c3c3c3c2c3c3c
       226  <<,<<<<<<<<<<<<<  3c3c2c3c3c3c3c3c3c3c3c3c3c3c3c3c
       217  <<<,<<<<<<<<<<<<  3c3c3c2c3c3c3c3c3c3c3c3c3c3c3c3c
# epoch 43050  H=2.7403 C=1.9866 HO=0.7738  A(t)=674
     10448  <<<<<<<<<<<<<<<<  3c3c3c3c3c3c3c3c3c3c3c3c3c3c3c3c
      4587  {{{{{{{{{{{{{{{{  7b7b7b7b7b7b7b7b7b7b7b7b7b7b7b7b
       742  ,,,,,,,,,,,,,,,,  2c2c2c2c2c2c2c2c2c2c2c2c2c2c2c2c
       245  ,<<<<<<<<<<<<<<<  2c3c3c3c3c3c3c3c3c3c3c3c3c3c3c3c
       244  <<<<<<<<<<<<<<<,  3c3c3c3c3c3c3c3c3c3c3c3c3c3c3c2c
       234  <,<<<<<<<<<<<<<<  3c2c3c3c3c3c3c3c3c3c3c3c3c3c3c3c
       222  <<<<<<<<<<<<<<,<  3c3c3c3c3c3c3c3c3c3c3c3c3c3c2c3c
       217  <<,<<<<<<<<<<<<<  3c3c2c3c3c3c3c3c3c3c3c3c3c3c3c3c
       213  <<<,<<<<<<<<<<<<  3c3c3c2c3c3c3c3c3c3c3c3c3c3c3c3c
       209  <<<<<<<<<<<<<,<<  3c3c3c3c3c3c3c3c3c3c3c3c3c2c3c3c
# epoch 43100  H=2.7828 C=2.0663 HO=0.7217  A(t)=674
      8980  <<<<<<<<<<<<<<<<  3c3c3c3c3c3c3c3c3c3c3c3c3c3c3c3c
      3370  {{{{{{{{{{{{{{{{  7b7b7b7b7b7b7b7b7b7b7b7b7b7b7b7b
       257  <<<<<<<<<<<<<<<,  3c3c3c3c3c3c3c3c3c3c3c3c3c3c3c2c
       247  <<<<<<<<<<<<<<,<  3c3c3c3c3c3c3c3c3c3c3c3c3c3c2c3c
       246  <<<<<<<<<<<<<,<<  3c3c3c3c3c3c3c3c3c3c3c3c3c2c3c3c
       244  <<<<<<<<<<<<,<<<  3c3c3c3c3c3c3c3c3c3c3c3c2c3c3c3c
       242  <<<<<<<,<<<<<<<<  3c3c3c3c3c3c3c2c3c3c3c3c3c3c3c3c
       241  <,<<<<<<<<<<<<<<  3c2c3c3c3c3c3c3c3c3c3c3c3c3c3c3c
       241  ,<<<<<<<<<<<<<<<  2c3c3c3c3c3c3c3c3c3c3c3c3c3c3c3c
       238  <<<<<<<<<<<,<<<<  3c3c3c3c3c3c3c3c3c3c3c2c3c3c3c3c
# epoch 43150  H=2.6876 C=1.9592 HO=0.7252  A(t)=674
     10035  <<<<<<<<<<<<<<<<  3c3c3c3c3c3c3c3c3c3c3c3c3c3c3c3c
      3611  {{{{{{{{{{{{{{{{  7b7b7b7b7b7b7b7b7b7b7b7b7b7b7b7b
       597  ,,,,,,,,,,,,,,,,  2c2c2c2c2c2c2c2c2c2c2c2c2c2c2c2c
       269  <<<<<<<<<<<<<<,<  3c3c3c3c3c3c3c3c3c3c3c3c3c3c2c3c
       267  <<<<<<<<<<<<<<<,  3c3c3c3c3c3c3c3c3c3c3c3c3c3c3c2c
       265  <<<,<<<<<<<<<<<<  3c3c3c2c3c3c3c3c3c3c3c3c3c3c3c3c
       263  <<<<,<<<<<<<<<<<  3c3c3c3c2c3c3c3c3c3c3c3c3c3c3c3c
       260  ,<<<<<<<<<<<<<<<  2c3c3c3c3c3c3c3c3c3c3c3c3c3c3c3c
       259  <<<<<<<<<,<<<<<<  3c3c3c3c3c3c3c3c3c2c3c3c3c3c3c3c
       259  <<,<<<<<<<<<<<<<  3c3c2c3c3c3c3c3c3c3c3c3c3c3c3c3c
# epoch 43200  H=2.7600 C=2.0188 HO=0.7512  A(t)=674
     10673  <<<<<<<<<<<<<<<<  3c3c3c3c3c3c3c3c3c3c3c3c3c3c3c3c
      3221  {{{{{{{{{{{{{{{{  7b7b7b7b7b7b7b7b7b7b7b7b7b7b7b7b
       320  ,,,,,,,,,,,,,,,,  2c2c2c2c2c2c2c2c2c2c2c2c2c2c2c2c
       287  <<<<<<<<<<<<<<<,  3c3c3c3c3c3c3c3c3c3c3c3c3c3c3c2c
       276  <<<<<,<<<<<<<<<<  3c3c3c3c3c2c3c3c3c3c3c3c3c3c3c3c
       274  <<<<<<<<<<<<<<,<  3c3c3c3c3c3c3c3c3c3c3c3c3c3c2c3c
       272  <<<<<<<<<,<<<<<<  3c3c3c3c3c3c3c3c3c2c3c3c3c3c3c3c
       272  <<<<<<<<,<<<<<<<  3c3c3c3c3c3c3c3c2c3c3c3c3c3c3c3c
       271  <<,<<<<<<<<<<<<<  3c3c2c3c3c3c3c3c3c3c3c3c3c3c3c3c
       270  <<<<<<,<<<<<<<<<  3c3c3c3c3c3c2c3c3c3c3c3c3c3c3c3c
# epoch 43250  H=2.8314 C=2.0309 HO=0.8110  A(t)=674
      9775  <<<<<<<<<<<<<<<<  3c3c3c3c3c3c3c3c3c3c3c3c3c3c3c3c
      3220  {{{{{{{{{{{{{{{{  7b7b7b7b7b7b7b7b7b7b7b7b7b7b7b7b
       479  ,,,,,,,,,,,,,,,,  2c2c2c2c2c2c2c2c2c2c2c2c2c2c2c2c
       385  ................  2e2e2e2e2e2e2e2e2e2e2e2e2e2e2e2e
       290  <<<<<<<<<<<<<<<,  3c3c3c3c3c3c3c3c3c3c3c3c3c3c3c2c
       280  ,<<<<<<<<<<<<<<<  2c3c3c3c3c3c3c3c3c3c3c3c3c3c3c3c
       276  <,<<<<<<<<<<<<<<  3c2c3c3c3c3c3c3c3c3c3c3c3c3c3c3c
       266  <<<<<<<<<<<<<<,<  3c3c3c3c3c3c3c3c3c3c3c3c3c3c2c3c
       264  <<,<<<<<<<<<<<<<  3c3c2c3c3c3c3c3c3c3c3c3c3c3c3c3c
       260  <<<<<<<<<<<<<,<<  3c3c3c3c3c3c3c3c3c3c3c3c3c2c3c3c
# epoch 43300  H=2.7972 C=1.9879 HO=0.8159  A(t)=674
     10496  <<<<<<<<<<<<<<<<  3c3c3c3c3c3c3c3c3c3c3c3c3c3c3c3c
      3631  {{{{{{{{{{{{{{{{  7b7b7b7b7b7b7b7b7b7b7b7b7b7b7b7b
       448  ................  2e2e2e2e2e2e2e2e2e2e2e2e2e2e2e2e
       331  ,,,,,,,,,,,,,,,,  2c2c2c2c2c2c2c2c2c2c2c2c2c2c2c2c
       292  <<<<<<<<<<<<<<<,  3c3c3c3c3c3c3c3c3c3c3c3c3c3c3c2c
       274  ,<<<<<<<<<<<<<<<  2c3c3c3c3c3c3c3c3c3c3c3c3c3c3c3c
       266  <<<,<<<<<<<<<<<<  3c3c3c2c3c3c3c3c3c3c3c3c3c3c3c3c
       265  <<<<<<<<<<<<<<,<  3c3c3c3c3c3c3c3c3c3c3c3c3c3c2c3c
       265  <<,<<<<<<<<<<<<<  3c3c2c3c3c3c3c3c3c3c3c3c3c3c3c3c
       264  <<<<,<<<<<<<<<<<  3c3c3c3c2c3c3c3c3c3c3c3c3c3c3c3c
# epoch 43350  H=2.7173 C=1.9299 HO=0.7969  A(t)=674
     11655  <<<<<<<<<<<<<<<<  3c3c3c3c3c3c3c3c3c3c3c3c3c3c3c3c
      3242  {{{{{{{{{{{{{{{{  7b7b7b7b7b7b7b7b7b7b7b7b7b7b7b7b
       498  ,,,,,,,,,,,,,,,,  2c2c2c2c2c2c2c2c2c2c2c2c2c2c2c2c
       302  <<<<<<<<<<<<<<<,  3c3c3c3c3c3c3c3c3c3c3c3c3c3c3c2c
       283  ,<<<<<<<<<<<<<<<  2c3c3c3c3c3c3c3c3c3c3c3c3c3c3c3c
       279  <,<<<<<<<<<<<<<<  3c2c3c3c3c3c3c3c3c3c3c3c3c3c3c3c
       277  <<<<<<<<<<<<<<,<  3c3c3c3c3c3c3c3c3c3c3c3c3c3c2c3c
       268  <<<<,<<<<<<<<<<<  3c3c3c3c2c3c3c3c3c3c3c3c3c3c3c3c
       268  <<<,<<<<<<<<<<<<  3c3c3c2c3c3c3c3c3c3c3c3c3c3c3c3c
       258  <<<<<<<<<<<<<,<<  3c3c3c3c3c3c3c3c3c3c3c3c3c2c3c3c
# epoch 43400  H=2.6158 C=1.8585 HO=0.7748  A(t)=675
     11297  <<<<<<<<<<<<<<<<  3c3c3c3c3c3c3c3c3c3c3c3c3c3c3c3c
      3433  {{{{{{{{{{{{{{{{  7b7b7b7b7b7b7b7b7b7b7b7b7b7b7b7b
       322  <<<<<<<<<<<<<<<,  3c3c3c3c3c3c3c3c3c3c3c3c3c3c3c2c
       318  <<<<<<<<<<<<<<,<  3c3c3c3c3c3c3c3c3c3c3c3c3c3c2c3c
       305  <<<<<<<<<<<<<,<<  3c3c3c3c3c3c3c3c3c3c3c3c3c2c3c3c
       294  <<<<<<<<<<<<,<<<  3c3c3c3c3c3c3c3c3c3c3c3c2c3c3c3c
       290  ,<<<<<<<<<<<<<<<  2c3c3c3c3c3c3c3c3c3c3c3c3c3c3c3c
       287  <<<<<<<<<<<,<<<<  3c3c3c3c3c3c3c3c3c3c3c2c3c3c3c3c
       282  <<<<<<<<<<,<<<<<  3c3c3c3c3c3c3c3c3c3c2c3c3c3c3c3c
       278  <,<<<<<<<<<<<<<<  3c2c3c3c3c3c3c3c3c3c3c3c3c3c3c3c
# epoch 43450  H=2.4781 C=1.7681 HO=0.7142  A(t)=675
     12992  <<<<<<<<<<<<<<<<  3c3c3c3c3c3c3c3c3c3c3c3c3c3c3c3c
      3365  {{{{{{{{{{{{{{{{  7b7b7b7b7b7b7b7b7b7b7b7b7b7b7b7b
       320  <<<<<<<<<<<<<<<,  3c3c3c3c3c3c3c3c3c3c3c3c3c3c3c2c
       313  <<<<<<<<<<<<<<,<  3c3c3c3c3c3c3c3c3c3c3c3c3c3c2c3c
       313  <<<<,<<<<<<<<<<<  3c3c3c3c2c3c3c3c3c3c3c3c3c3c3c3c
       309  <,<<<<<<<<<<<<<<  3c2c3c3c3c3c3c3c3c3c3c3c3c3c3c3c
       306  <<,<<<<<<<<<<<<<  3c3c2c3c3c3c3c3c3c3c3c3c3c3c3c3c
       305  <<<,<<<<<<<<<<<<  3c3c3c2c3c3c3c3c3c3c3c3c3c3c3c3c
       299  <<<<<<<<<<<<<,<<  3c3c3c3c3c3c3c3c3c3c3c3c3c2c3c3c
       297  <<<<<<<<<<<,<<<<  3c3c3c3c3c3c3c3c3c3c3c2c3c3c3c3c
# epoch 43500  H=2.6207 C=1.8940 HO=0.7421  A(t)=681
     11010  <<<<<<<<<<<<<<<<  3c3c3c3c3c3c3c3c3c3c3c3c3c3c3c3c
      2644  {{{{{{{{{{{{{{{{  7b7b7b7b7b7b7b7b7b7b7b7b7b7b7b7b
       226  <<<<<<<<<<,<<<<<  3c3c3c3c3c3c3c3c3c3c2c3c3c3c3c3c
       225  <<<<<<<<<<<<<,<<  3c3c3c3c3c3c3c3c3c3c3c3c3c2c3c3c
       225  <<<<<<<<,<<<<<<<  3c3c3c3c3c3c3c3c2c3c3c3c3c3c3c3c
       224  <<<<<<<<<<<<<<<,  3c3c3c3c3c3c3c3c3c3c3c3c3c3c3c2c
       222  <<<<<<<,<<<<<<<<  3c3c3c3c3c3c3c2c3c3c3c3c3c3c3c3c
       221  <<<<<<<<<<<,<<<<  3c3c3c3c3c3c3c3c3c3c3c2c3c3c3c3c
       220  <<<<<<<<<<<<<<,<  3c3c3c3c3c3c3c3c3c3c3c3c3c3c2c3c
       220  <<<<<<<<<,<<<<<<  3c3c3c3c3c3c3c3c3c2c3c3c3c3c3c3c
# epoch 43550  H=2.6232 C=1.9036 HO=0.7290  A(t)=682
     10682  <<<<<<<<<<<<<<<<  3c3c3c3c3c3c3c3c3c3c3c3c3c3c3c3c
      2553  {{{{{{{{{{{{{{{{  7b7b7b7b7b7b7b7b7b7b7b7b7b7b7b7b
       251  <<<<<<<<<<<<<<<,  3c3c3c3c3c3c3c3c3c3c3c3c3c3c3c2c
       246  ,<<<<<<<<<<<<<<<  2c3c3c3c3c3c3c3c3c3c3c3c3c3c3c3c
       240  <<<<<<<<<<<,<<<<  3c3c3c3c3c3c3c3c3c3c3c2c3c3c3c3c
       238  <<<<<<<<<,<<<<<<  3c3c3c3c3c3c3c3c3c2c3c3c3c3c3c3c
       238  <<<<<<<<,<<<<<<<  3c3c3c3c3c3c3c3c2c3c3c3c3c3c3c3c
       236  <<<<<<<<<<,<<<<<  3c3c3c3c3c3c3c3c3c3c2c3c3c3c3c3c
       235  <<<<<<<<<<<<<<,<  3c3c3c3c3c3c3c3c3c3c3c3c3c3c2c3c
       235  <<<<<<<,<<<<<<<<  3c3c3c3c3c3c3c2c3c3c3c3c3c3c3c3c
# epoch 43600  H=2.6430 C=1.9153 HO=0.7389  A(t)=683
      9889  <<<<<<<<<<<<<<<<  3c3c3c3c3c3c3c3c3c3c3c3c3c3c3c3c
      2639  {{{{{{{{{{{{{{{{  7b7b7b7b7b7b7b7b7b7b7b7b7b7b7b7b
       304  ,,,,,,,,,,,,,,,,  2c2c2c2c2c2c2c2c2c2c2c2c2c2c2c2c
       279  <<<<<<<<<<<<<<<,  3c3c3c3c3c3c3c3c3c3c3c3c3c3c3c2c
       262  ,<<<<<<<<<<<<<<<  2c3c3c3c3c3c3c3c3c3c3c3c3c3c3c3c
       256  <<<<<<<<<<<<<<,<  3c3c3c3c3c3c3c3c3c3c3c3c3c3c2c3c
       254  <,<<<<<<<<<<<<<<  3c2c3c3c3c3c3c3c3c3c3c3c3c3c3c3c
       243  <<,<<<<<<<<<<<<<  3c3c2c3c3c3c3c3c3c3c3c3c3c3c3c3c
       242  <<<,<<<<<<<<<<<<  3c3c3c2c3c3c3c3c3c3c3c3c3c3c3c3c
       241  <<<<,<<<<<<<<<<<  3c3c3c3c2c3c3c3c3c3c3c3c3c3c3c3c
# epoch 43650  H=2.7235 C=1.9703 HO=0.7618  A(t)=684
      9725  <<<<<<<<<<<<<<<<  3c3c3c3c3c3c3c3c3c3c3c3c3c3c3c3c
      2828  {{{{{{{{{{{{{{{{  7b7b7b7b7b7b7b7b7b7b7b7b7b7b7b7b
       515  ,,,,,,,,,,,,,,,,  2c2c2c2c2c2c2c2c2c2c2c2c2c2c2c2c
       236  <<<<<<<<<<<<<<<,  3c3c3c3c3c3c3c3c3c3c3c3c3c3c3c2c
       232  <<<<<,<<<<<<<<<<  3c3c3c3c3c2c3c3c3c3c3c3c3c3c3c3c
       230  <<,<<<<<<<<<<<<<  3c3c2c3c3c3c3c3c3c3c3c3c3c3c3c3c
       229  <<<<,<<<<<<<<<<<  3c3c3c3c2c3c3c3c3c3c3c3c3c3c3c3c
       228  <<<<<<<<<<<,<<<<  3c3c3c3c3c3c3c3c3c3c3c2c3c3c3c3c
       228  <<<<<<<,<<<<<<<<  3c3c3c3c3c3c3c2c3c3c3c3c3c3c3c3c
       228  <<<,<<<<<<<<<<<<  3c3c3c2c3c3c3c3c3c3c3c3c3c3c3c3c
# epoch 43700  H=2.5949 C=1.8959 HO=0.6954  A(t)=685
     10286  <<<<<<<<<<<<<<<<  3c3c3c3c3c3c3c3c3c3c3c3c3c3c3c3c
      3235  {{{{{{{{{{{{{{{{  7b7b7b7b7b7b7b7b7b7b7b7b7b7b7b7b
       728  ,,,,,,,,,,,,,,,,  2c2c2c2c2c2c2c2c2c2c2c2c2c2c2c2c
       268  <<<<<<<<<<<<<<<,  3c3c3c3c3c3c3c3c3c3c3c3c3c3c3c2c
       256  <<<<<<<<<<<<<<,<  3c3c3c3c3c3c3c3c3c3c3c3c3c3c2c3c
       250  <<<<<<<<<<<<<,<<  3c3c3c3c3c3c3c3c3c3c3c3c3c2c3c3c
       245  <<<<<<<<<<<<,<<<  3c3c3c3c3c3c3c3c3c3c3c3c2c3c3c3c
       241  <<<<<<<<<<<,<<<<  3c3c3c3c3c3c3c3c3c3c3c2c3c3c3c3c
       237  <<,<<<<<<<<<<<<<  3c3c2c3c3c3c3c3c3c3c3c3c3c3c3c3c
       235  <,<<<<<<<<<<<<<<  3c2c3c3c3c3c3c3c3c3c3c3c3c3c3c3c
# epoch 43750  H=2.5999 C=1.9141 HO=0.6793  A(t)=685
      8786  <<<<<<<<<<<<<<<<  3c3c3c3c3c3c3c3c3c3c3c3c3c3c3c3c
      2769  {{{{{{{{{{{{{{{{  7b7b7b7b7b7b7b7b7b7b7b7b7b7b7b7b
       544  ,,,,,,,,,,,,,,,,  2c2c2c2c2c2c2c2c2c2c2c2c2c2c2c2c
       252  <<<<<<<<<<<<<<<,  3c3c3c3c3c3c3c3c3c3c3c3c3c3c3c2c
       237  <<<<<<<<<<<<,<<<  3c3c3c3c3c3c3c3c3c3c3c3c2c3c3c3c
       236  <<<<<<<<<<<,<<<<  3c3c3c3c3c3c3c3c3c3c3c2c3c3c3c3c
       235  <<<<<<<<<<<<<<,<  3c3c3c3c3c3c3c3c3c3c3c3c3c3c2c3c
       232  ,<<<<<<<<<<<<<<<  2c3c3c3c3c3c3c3c3c3c3c3c3c3c3c3c
       228  <<<<<<<<<<,<<<<<  3c3c3c3c3c3c3c3c3c3c2c3c3c3c3c3c
       227  <<<<<<<<<<<<<,<<  3c3c3c3c3c3c3c3c3c3c3c3c3c2c3c3c
# epoch 43800  H=2.6154 C=1.9252 HO=0.6830  A(t)=685
      9363  <<<<<<<<<<<<<<<<  3c3c3c3c3c3c3c3c3c3c3c3c3c3c3c3c
      2887  {{{{{{{{{{{{{{{{  7b7b7b7b7b7b7b7b7b7b7b7b7b7b7b7b
       460  ,,,,,,,,,,,,,,,,  2c2c2c2c2c2c2c2c2c2c2c2c2c2c2c2c
       230  ................  2e2e2e2e2e2e2e2e2e2e2e2e2e2e2e2e
       220  <<<<<<<<<<<<<<<,  3c3c3c3c3c3c3c3c3c3c3c3c3c3c3c2c
       210  <,<<<<<<<<<<<<<<  3c2c3c3c3c3c3c3c3c3c3c3c3c3c3c3c
       205  <<<<<<<<<<<<<<,<  3c3c3c3c3c3c3c3c3c3c3c3c3c3c2c3c
       203  ,<<<<<<<<<<<<<<<  2c3c3c3c3c3c3c3c3c3c3c3c3c3c3c3c
       202  <<,<<<<<<<<<<<<<  3c3c2c3c3c3c3c3c3c3c3c3c3c3c3c3c
       196  <<<,<<<<<<<<<<<<  3c3c3c2c3c3c3c3c3c3c3c3c3c3c3c3c
# epoch 43850  H=2.6081 C=1.8801 HO=0.7128  A(t)=685
      9463  <<<<<<<<<<<<<<<<  3c3c3c3c3c3c3c3c3c3c3c3c3c3c3c3c
      2790  {{{{{{{{{{{{{{{{  7b7b7b7b7b7b7b7b7b7b7b7b7b7b7b7b
       398  ,,,,,,,,,,,,,,,,  2c2c2c2c2c2c2c2c2c2c2c2c2c2c2c2c
       246  <<<<<<<<<<<<<<<,  3c3c3c3c3c3c3c3c3c3c3c3c3c3c3c2c
       238  <<<<<<<<<<<<<<,<  3c3c3c3c3c3c3c3c3c3c3c3c3c3c2c3c
       231  ,<<<<<<<<<<<<<<<  2c3c3c3c3c3c3c3c3c3c3c3c3c3c3c3c
       230  <,<<<<<<<<<<<<<<  3c2c3c3c3c3c3c3c3c3c3c3c3c3c3c3c
       225  <<<,<<<<<<<<<<<<  3c3c3c2c3c3c3c3c3c3c3c3c3c3c3c3c
       222  <<<<,<<<<<<<<<<<  3c3c3c3c2c3c3c3c3c3c3c3c3c3c3c3c
       220  <<<<<<<<<<<<<,<<  3c3c3c3c3c3c3c3c3c3c3c3c3c2c3c3c
# epoch 43900  H=2.4441 C=1.7388 HO=0.6803  A(t)=691
     10378  <<<<<<<<<<<<<<<<  3c3c3c3c3c3c3c3c3c3c3c3c3c3c3c3c
      3529  {{{{{{{{{{{{{{{{  7b7b7b7b7b7b7b7b7b7b7b7b7b7b7b7b
       634  ,,,,,,,,,,,,,,,,  2c2c2c2c2c2c2c2c2c2c2c2c2c2c2c2c
       301  <<<<<<<<<<<<<<<,  3c3c3c3c3c3c3c3c3c3c3c3c3c3c3c2c
       293  <<<<<<<<<<<<<<,<  3c3c3c3c3c3c3c3c3c3c3c3c3c3c2c3c
       280  <<<<<<<<<<<<<,<<  3c3c3c3c3c3c3c3c3c3c3c3c3c2c3c3c
       275  ,<<<<<<<<<<<<<<<  2c3c3c3c3c3c3c3c3c3c3c3c3c3c3c3c
       274  <<<<<<<<<<<<,<<<  3c3c3c3c3c3c3c3c3c3c3c3c2c3c3c3c
       272  <<,<<<<<<<<<<<<<  3c3c2c3c3c3c3c3c3c3c3c3c3c3c3c3c
       270  ................  2e2e2e2e2e2e2e2e2e2e2e2e2e2e2e2e
# epoch 43950  H=2.5260 C=1.8230 HO=0.6867  A(t)=691
     10385  <<<<<<<<<<<<<<<<  3c3c3c3c3c3c3c3c3c3c3c3c3c3c3c3c
      2815  {{{{{{{{{{{{{{{{  7b7b7b7b7b7b7b7b7b7b7b7b7b7b7b7b
       485  ,,,,,,,,,,,,,,,,  2c2c2c2c2c2c2c2c2c2c2c2c2c2c2c2c
       309  <<<<<<<<<<<<<<<,  3c3c3c3c3c3c3c3c3c3c3c3c3c3c3c2c
       285  ,<<<<<<<<<<<<<<<  2c3c3c3c3c3c3c3c3c3c3c3c3c3c3c3c
       283  <<<<<<<<<<<<<<,<  3c3c3c3c3c3c3c3c3c3c3c3c3c3c2c3c
       269  <,<<<<<<<<<<<<<<  3c2c3c3c3c3c3c3c3c3c3c3c3c3c3c3c
       267  <<,<<<<<<<<<<<<<  3c3c2c3c3c3c3c3c3c3c3c3c3c3c3c3c
       266  <<<<<<<<<<<<<,<<  3c3c3c3c3c3c3c3c3c3c3c3c3c2c3c3c
       259  <<<<<<<<<<<<,<<<  3c3c3c3c3c3c3c3c3c3c3c3c2c3c3c3c
# epoch 44000  H=2.6273 C=1.8481 HO=0.7681  A(t)=692
      9096  <<<<<<<<<<<<<<<<  3c3c3c3c3c3c3c3c3c3c3c3c3c3c3c3c
      3251  {{{{{{{{{{{{{{{{  7b7b7b7b7b7b7b7b7b7b7b7b7b7b7b7b
       489  ,,,,,,,,,,,,,,,,  2c2c2c2c2c2c2c2c2c2c2c2c2c2c2c2c
       248  <<<<<<<<<<<<<<<,  3c3c3c3c3c3c3c3c3c3c3c3c3c3c3c2c
       247  <<<<<<<,<<<<<<<<  3c3c3c3c3c3c3c2c3c3c3c3c3c3c3c3c
       245  <<<<<<<<,<<<<<<<  3c3c3c3c3c3c3c3c2c3c3c3c3c3c3c3c
       238  <<<<<<<<<<,<<<<<  3c3c3c3c3c3c3c3c3c3c2c3c3c3c3c3c
       237  <<<<<<,<<<<<<<<<  3c3c3c3c3c3c2c3c3c3c3c3c3c3c3c3c
       236  <<<<<<<<<,<<<<<<  3c3c3c3c3c3c3c3c3c2c3c3c3c3c3c3c
       234  ,<<<<<<<<<<<<<<<  2c3c3c3c3c3c3c3c3c3c3c3c3c3c3c3c
# epoch 44050  H=2.5662 C=1.8091 HO=0.7521  A(t)=696
      9547  <<<<<<<<<<<<<<<<  3c3c3c3c3c3c3c3c3c3c3c3c3c3c3c3c
      3566  {{{{{{{{{{{{{{{{  7b7b7b7b7b7b7b7b7b7b7b7b7b7b7b7b
       427  ,,,,,,,,,,,,,,,,  2c2c2c2c2c2c2c2c2c2c2c2c2c2c2c2c
       281  <<<<<<<<<<<<<<<,  3c3c3c3c3c3c3c3c3c3c3c3c3c3c3c2c
       275  <<<<,<<<<<<<<<<<  3c3c3c3c2c3c3c3c3c3c3c3c3c3c3c3c
       273  <<<<<,<<<<<<<<<<  3c3c3c3c3c2c3c3c3c3c3c3c3c3c3c3c
       273  ,<<<<<<<<<<<<<<<  2c3c3c3c3c3c3c3c3c3c3c3c3c3c3c3c
       271  <,<<<<<<<<<<<<<<  3c2c3c3c3c3c3c3c3c3c3c3c3c3c3c3c
       269  <<<<<<<<<<<<<<,<  3c3c3c3c3c3c3c3c3c3c3c3c3c3c2c3c
       269  <<<,<<<<<<<<<<<<  3c3c3c2c3c3c3c3c3c3c3c3c3c3c3c3c
# epoch 44100  H=2.6127 C=1.8347 HO=0.7757  A(t)=699
      8897  <<<<<<<<<<<<<<<<  3c3c3c3c3c3c3c3c3c3c3c3c3c3c3c3c
      3886  {{{{{{{{{{{{{{{{  7b7b7b7b7b7b7b7b7b7b7b7b7b7b7b7b
       316  ,,,,,,,,,,,,,,,,  2c2c2c2c2c2c2c2c2c2c2c2c2c2c2c2c
       253  ................  2e2e2e2e2e2e2e2e2e2e2e2e2e2e2e2e
       247  <<<<<<<<<<<<<<<,  3c3c3c3c3c3c3c3c3c3c3c3c3c3c3c2c
       239  <<<<<<<<<<<<<,<<  3c3c3c3c3c3c3c3c3c3c3c3c3c2c3c3c
       238  <<<<<<<<<<<<<<,<  3c3c3c3c3c3c3c3c3c3c3c3c3c3c2c3c
       238  <<<<,<<<<<<<<<<<  3c3c3c3c2c3c3c3c3c3c3c3c3c3c3c3c
       237  <<<<<<<<<,<<<<<<  3c3c3c3c3c3c3c3c3c2c3c3c3c3c3c3c
       237  <<<<<<<<,<<<<<<<  3c3c3c3c3c3c3c3c2c3c3c3c3c3c3c3c
# epoch 44150  H=2.5343 C=1.7162 HO=0.8142  A(t)=701
     11450  <<<<<<<<<<<<<<<<  3c3c3c3c3c3c3c3c3c3c3c3c3c3c3c3c
      3337  {{{{{{{{{{{{{{{{  7b7b7b7b7b7b7b7b7b7b7b7b7b7b7b7b
       373  ,,,,,,,,,,,,,,,,  2c2c2c2c2c2c2c2c2c2c2c2c2c2c2c2c
       281  <<<<<<<<<<<<<<<,  3c3c3c3c3c3c3c3c3c3c3c3c3c3c3c2c
       280  <<<<<<<<<<<<<<,<  3c3c3c3c3c3c3c3c3c3c3c3c3c3c2c3c
       266  <<<<<<<<<<<<<,<<  3c3c3c3c3c3c3c3c3c3c3c3c3c2c3c3c
       256  <<<<<<<<<<<<,<<<  3c3c3c3c3c3c3c3c3c3c3c3c2c3c3c3c
       254  <<<<<<<<<<<,<<<<  3c3c3c3c3c3c3c3c3c3c3c2c3c3c3c3c
       254  ,<<<<<<<<<<<<<<<  2c3c3c3c3c3c3c3c3c3c3c3c3c3c3c3c
       253  <<<<<,<<<<<<<<<<  3c3c3c3c3c2c3c3c3c3c3c3c3c3c3c3c
# epoch 44200  H=2.5379 C=1.7181 HO=0.8165  A(t)=702
     10569  <<<<<<<<<<<<<<<<  3c3c3c3c3c3c3c3c3c3c3c3c3c3c3c3c
      3965  {{{{{{{{{{{{{{{{  7b7b7b7b7b7b7b7b7b7b7b7b7b7b7b7b
       474  ,,,,,,,,,,,,,,,,  2c2c2c2c2c2c2c2c2c2c2c2c2c2c2c2c
       293  <<<<<<<<<<<<<<<,  3c3c3c3c3c3c3c3c3c3c3c3c3c3c3c2c
       293  <<<<<<<,<<<<<<<<  3c3c3c3c3c3c3c2c3c3c3c3c3c3c3c3c
       292  <<<<<<,<<<<<<<<<  3c3c3c3c3c3c2c3c3c3c3c3c3c3c3c3c
       290  <<<<<<<<,<<<<<<<  3c3c3c3c3c3c3c3c2c3c3c3c3c3c3c3c
       289  <<<<<<<<<,<<<<<<  3c3c3c3c3c3c3c3c3c2c3c3c3c3c3c3c
       279  <<<<<,<<<<<<<<<<  3c3c3c3c3c2c3c3c3c3c3c3c3c3c3c3c
       279  <<<<,<<<<<<<<<<<  3c3c3c3c2c3c3c3c3c3c3c3c3c3c3c3c
# epoch 44250  H=2.4545 C=1.6836 HO=0.7679  A(t)=702
     11846  <<<<<<<<<<<<<<<<  3c3c3c3c3c3c3c3c3c3c3c3c3c3c3c3c
      3848  {{{{{{{{{{{{{{{{  7b7b7b7b7b7b7b7b7b7b7b7b7b7b7b7b
       376  ,,,,,,,,,,,,,,,,  2c2c2c2c2c2c2c2c2c2c2c2c2c2c2c2c
       319  <<<<<<<<<<<<<<<,  3c3c3c3c3c3c3c3c3c3c3c3c3c3c3c2c
       317  ,<<<<<<<<<<<<<<<  2c3c3c3c3c3c3c3c3c3c3c3c3c3c3c3c
       310  <<<<<<<<<<<<<<,<  3c3c3c3c3c3c3c3c3c3c3c3c3c3c2c3c
       300  <,<<<<<<<<<<<<<<  3c2c3c3c3c3c3c3c3c3c3c3c3c3c3c3c
       294  <<<<<<<<<<<<<,<<  3c3c3c3c3c3c3c3c3c3c3c3c3c2c3c3c
       294  <<,<<<<<<<<<<<<<  3c3c2c3c3c3c3c3c3c3c3c3c3c3c3c3c
       290  <<<<<<<,<<<<<<<<  3c3c3c3c3c3c3c2c3c3c3c3c3c3c3c3c
# epoch 44300  H=2.3865 C=1.6699 HO=0.7175  A(t)=703
     12122  <<<<<<<<<<<<<<<<  3c3c3c3c3c3c3c3c3c3c3c3c3c3c3c3c
      4615  {{{{{{{{{{{{{{{{  7b7b7b7b7b7b7b7b7b7b7b7b7b7b7b7b
       297  <<<<<<<<<<<<<<<,  3c3c3c3c3c3c3c3c3c3c3c3c3c3c3c2c
       286  ,<<<<<<<<<<<<<<<  2c3c3c3c3c3c3c3c3c3c3c3c3c3c3c3c
       270  <<<<<<<<<<<<<<,<  3c3c3c3c3c3c3c3c3c3c3c3c3c3c2c3c
       267  <,<<<<<<<<<<<<<<  3c2c3c3c3c3c3c3c3c3c3c3c3c3c3c3c
       266  <<<<<<<<<<<<,<<<  3c3c3c3c3c3c3c3c3c3c3c3c2c3c3c3c
       264  <<<<<<<<<<<<<,<<  3c3c3c3c3c3c3c3c3c3c3c3c3c2c3c3c
       261  <<<<<<<<<<<,<<<<  3c3c3c3c3c3c3c3c3c3c3c2c3c3c3c3c
       261  <<,<<<<<<<<<<<<<  3c3c2c3c3c3c3c3c3c3c3c3c3c3c3c3c
# epoch 44350  H=2.4649 C=1.7083 HO=0.7553  A(t)=703
     12757  <<<<<<<<<<<<<<<<  3c3c3c3c3c3c3c3c3c3c3c3c3c3c3c3c
      3827  {{{{{{{{{{{{{{{{  7b7b7b7b7b7b7b7b7b7b7b7b7b7b7b7b
       391  ,,,,,,,,,,,,,,,,  2c2c2c2c2c2c2c2c2c2c2c2c2c2c2c2c
       282  <<<<<<<<<<<<<<<,  3c3c3c3c3c3c3c3c3c3c3c3c3c3c3c2c
       276  <<<<<<<<<<<<<<,<  3c3c3c3c3c3c3c3c3c3c3c3c3c3c2c3c
       264  <,<<<<<<<<<<<<<<  3c2c3c3c3c3c3c3c3c3c3c3c3c3c3c3c
       264  ,<<<<<<<<<<<<<<<  2c3c3c3c3c3c3c3c3c3c3c3c3c3c3c3c
       263  <<,<<<<<<<<<<<<<  3c3c2c3c3c3c3c3c3c3c3c3c3c3c3c3c
       258  <<<<<<<<<<<<<,<<  3c3c3c3c3c3c3c3c3c3c3c3c3c2c3c3c
       255  <<<<<,<<<<<<<<<<  3c3c3c3c3c2c3c3c3c3c3c3c3c3c3c3c
# epoch 44400  H=2.5484 C=1.7939 HO=0.7676  A(t)=703
     10971  <<<<<<<<<<<<<<<<  3c3c3c3c3c3c3c3c3c3c3c3c3c3c3c3c
      2847  {{{{{{{{{{{{{{{{  7b7b7b7b7b7b7b7b7b7b7b7b7b7b7b7b
       426  ,,,,,,,,,,,,,,,,  2c2c2c2c2c2c2c2c2c2c2c2c2c2c2c2c
       289  <<<<<<<<<<<<<<<,  3c3c3c3c3c3c3c3c3c3c3c3c3c3c3c2c
       274  ,<<<<<<<<<<<<<<<  2c3c3c3c3c3c3c3c3c3c3c3c3c3c3c3c
       267  <<<<<<<<<<<<<<,<  3c3c3c3c3c3c3c3c3c3c3c3c3c3c2c3c
       253  <<<<<<<<<<<<<,<<  3c3c3c3c3c3c3c3c3c3c3c3c3c2c3c3c
       252  <,<<<<<<<<<<<<<<  3c2c3c3c3c3c3c3c3c3c3c3c3c3c3c3c
       250  <<,<<<<<<<<<<<<<  3c3c2c3c3c3c3c3c3c3c3c3c3c3c3c3c
       248  <<<<<<,<<<<<<<<<  3c3c3c3c3c3c2c3c3c3c3c3c3c3c3c3c
# epoch 44450  H=2.6141 C=1.8342 HO=0.7954  A(t)=703
     12222  <<<<<<<<<<<<<<<<  3c3c3c3c3c3c3c3c3c3c3c3c3c3c3c3c
      2716  {{{{{{{{{{{{{{{{  7b7b7b7b7b7b7b7b7b7b7b7b7b7b7b7b
       357  <<<<<<<<<<<<<<<,  3c3c3c3c3c3c3c3c3c3c3c3c3c3c3c2c
       335  ,<<<<<<<<<<<<<<<  2c3c3c3c3c3c3c3c3c3c3c3c3c3c3c3c
       331  <<<<<<<<<<<<<<,<  3c3c3c3c3c3c3c3c3c3c3c3c3c3c2c3c
       331  <,<<<<<<<<<<<<<<  3c2c3c3c3c3c3c3c3c3c3c3c3c3c3c3c
       314  <<<<<<<<<<<<<,<<  3c3c3c3c3c3c3c3c3c3c3c3c3c2c3c3c
       311  <<<<<<<<<<<,<<<<  3c3c3c3c3c3c3c3c3c3c3c2c3c3c3c3c
       308  <<,<<<<<<<<<<<<<  3c3c2c3c3c3c3c3c3c3c3c3c3c3c3c3c
       307  <<<,<<<<<<<<<<<<  3c3c3c2c3c3c3c3c3c3c3c3c3c3c3c3c
# epoch 44500  H=2.5736 C=1.8026 HO=0.7739  A(t)=710
     11366  <<<<<<<<<<<<<<<<  3c3c3c3c3c3c3c3c3c3c3c3c3c3c3c3c
      2823  {{{{{{{{{{{{{{{{  7b7b7b7b7b7b7b7b7b7b7b7b7b7b7b7b
       427  ,,,,,,,,,,,,,,,,  2c2c2c2c2c2c2c2c2c2c2c2c2c2c2c2c
       318  <<<<<<<<<<<<<<<,  3c3c3c3c3c3c3c3c3c3c3c3c3c3c3c2c
       301  ,<<<<<<<<<<<<<<<  2c3c3c3c3c3c3c3c3c3c3c3c3c3c3c3c
       286  <<<<<<<<<<<<<<,<  3c3c3c3c3c3c3c3c3c3c3c3c3c3c2c3c
       282  <<<<<,<<<<<<<<<<  3c3c3c3c3c2c3c3c3c3c3c3c3c3c3c3c
       280  <,<<<<<<<<<<<<<<  3c2c3c3c3c3c3c3c3c3c3c3c3c3c3c3c
       277  <<<<,<<<<<<<<<<<  3c3c3c3c2c3c3c3c3c3c3c3c3c3c3c3c
       277  <<<,<<<<<<<<<<<<  3c3c3c2c3c3c3c3c3c3c3c3c3c3c3c3c
# epoch 44550  H=2.5753 C=1.8378 HO=0.7476  A(t)=710
     10549  <<<<<<<<<<<<<<<<  3c3c3c3c3c3c3c3c3c3c3c3c3c3c3c3c
      2857  {{{{{{{{{{{{{{{{  7b7b7b7b7b7b7b7b7b7b7b7b7b7b7b7b
       300  ,,,,,,,,,,,,,,,,  2c2c2c2c2c2c2c2c2c2c2c2c2c2c2c2c
       297  <<<<<<<<<<<<<<<,  3c3c3c3c3c3c3c3c3c3c3c3c3c3c3c2c
       291  ,<<<<<<<<<<<<<<<  2c3c3c3c3c3c3c3c3c3c3c3c3c3c3c3c
       280  <<<<<<<<<<<<<<,<  3c3c3c3c3c3c3c3c3c3c3c3c3c3c2c3c
       280  <,<<<<<<<<<<<<<<  3c2c3c3c3c3c3c3c3c3c3c3c3c3c3c3c
       272  <<<<<<<<<<<<<,<<  3c3c3c3c3c3c3c3c3c3c3c3c3c2c3c3c
       270  <<,<<<<<<<<<<<<<  3c3c2c3c3c3c3c3c3c3c3c3c3c3c3c3c
       268  <<<<<<<<<<<<,<<<  3c3c3c3c3c3c3c3c3c3c3c3c2c3c3c3c
# epoch 44600  H=2.5936 C=1.8396 HO=0.7672  A(t)=710
     12520  <<<<<<<<<<<<<<<<  3c3c3c3c3c3c3c3c3c3c3c3c3c3c3c3c
      2666  {{{{{{{{{{{{{{{{  7b7b7b7b7b7b7b7b7b7b7b7b7b7b7b7b
       384  ,,,,,,,,,,,,,,,,  2c2c2c2c2c2c2c2c2c2c2c2c2c2c2c2c
       301  <<<<<<<<<<<<<<<,  3c3c3c3c3c3c3c3c3c3c3c3c3c3c3c2c
       288  <<<<<<<<<<<<<<,<  3c3c3c3c3c3c3c3c3c3c3c3c3c3c2c3c
       278  <<<<<<<<<<<<<,<<  3c3c3c3c3c3c3c3c3c3c3c3c3c2c3c3c
       273  ,<<<<<<<<<<<<<<<  2c3c3c3c3c3c3c3c3c3c3c3c3c3c3c3c
       262  <<<<<<<<<<<<,<<<  3c3c3c3c3c3c3c3c3c3c3c3c2c3c3c3c
       262  <,<<<<<<<<<<<<<<  3c2c3c3c3c3c3c3c3c3c3c3c3c3c3c3c
       261  <<<<<<<<<<<,<<<<  3c3c3c3c3c3c3c3c3c3c3c2c3c3c3c3c
# epoch 44650  H=2.6770 C=1.9255 HO=0.7645  A(t)=710
     11370  <<<<<<<<<<<<<<<<  3c3c3c3c3c3c3c3c3c3c3c3c3c3c3c3c
      2334  {{{{{{{{{{{{{{{{  7b7b7b7b7b7b7b7b7b7b7b7b7b7b7b7b
       401  ,,,,,,,,,,,,,,,,  2c2c2c2c2c2c2c2c2c2c2c2c2c2c2c2c
       276  <<<<<<<<<<<<<<<,  3c3c3c3c3c3c3c3c3c3c3c3c3c3c3c2c
       268  <<<<<<<<<<<<<<,<  3c3c3c3c3c3c3c3c3c3c3c3c3c3c2c3c
       262  <<<<<<<<<<<<<,<<  3c3c3c3c3c3c3c3c3c3c3c3c3c2c3c3c
       262  <,<<<<<<<<<<<<<<  3c2c3c3c3c3c3c3c3c3c3c3c3c3c3c3c
       260  <<<<<<<,<<<<<<<<  3c3c3c3c3c3c3c2c3c3c3c3c3c3c3c3c
       259  ,<<<<<<<<<<<<<<<  2c3c3c3c3c3c3c3c3c3c3c3c3c3c3c3c
       257  <<<<<<<<<<<<,<<<  3c3c3c3c3c3c3c3c3c3c3c3c2c3c3c3c
# epoch 44700  H=2.6157 C=1.8781 HO=0.7499  A(t)=710
     11460  <<<<<<<<<<<<<<<<  3c3c3c3c3c3c3c3c3c3c3c3c3c3c3c3c
      3109  {{{{{{{{{{{{{{{{  7b7b7b7b7b7b7b7b7b7b7b7b7b7b7b7b
       469  ,,,,,,,,,,,,,,,,  2c2c2c2c2c2c2c2c2c2c2c2c2c2c2c2c
       290  <<<<<<<<<<<<<<<,  3c3c3c3c3c3c3c3c3c3c3c3c3c3c3c2c
       273  <<<<<<<<<<<<<<,<  3c3c3c3c3c3c3c3c3c3c3c3c3c3c2c3c
       270  <<<<<<<<<<,<<<<<  3c3c3c3c3c3c3c3c3c3c2c3c3c3c3c3c
       265  <<<<<<<<<<<,<<<<  3c3c3c3c3c3c3c3c3c3c3c2c3c3c3c3c
       265  ,<<<<<<<<<<<<<<<  2c3c3c3c3c3c3c3c3c3c3c3c3c3c3c3c
       263  <<<<<<<<<<<<<,<<  3c3c3c3c3c3c3c3c3c3c3c3c3c2c3c3c
       263  <<<<<<<<<<<<,<<<  3c3c3c3c3c3c3c3c3c3c3c3c2c3c3c3c
# epoch 44750  H=2.6253 C=1.8997 HO=0.7314  A(t)=713
     10624  <<<<<<<<<<<<<<<<  3c3c3c3c3c3c3c3c3c3c3c3c3c3c3c3c
      2510  {{{{{{{{{{{{{{{{  7b7b7b7b7b7b7b7b7b7b7b7b7b7b7b7b
       274  <<<<<<<<<<<<<<<,  3c3c3c3c3c3c3c3c3c3c3c3c3c3c3c2c
       269  <<<<<<,<<<<<<<<<  3c3c3c3c3c3c2c3c3c3c3c3c3c3c3c3c
       268  <<<<<<<<,<<<<<<<  3c3c3c3c3c3c3c3c2c3c3c3c3c3c3c3c
       267  <<<<<<<,<<<<<<<<  3c3c3c3c3c3c3c2c3c3c3c3c3c3c3c3c
       264  <<<<<<<<<,<<<<<<  3c3c3c3c3c3c3c3c3c2c3c3c3c3c3c3c
       259  <<<<<<<<<<<<<<,<  3c3c3c3c3c3c3c3c3c3c3c3c3c3c2c3c
       259  ,,,,,,,,,,,,,,,,  2c2c2c2c2c2c2c2c2c2c2c2c2c2c2c2c
       256  <<<<<<<<<<<<<,<<  3c3c3c3c3c3c3c3c3c3c3c3c3c2c3c3c
# epoch 44800  H=2.5719 C=1.8442 HO=0.7198  A(t)=713
     11810  <<<<<<<<<<<<<<<<  3c3c3c3c3c3c3c3c3c3c3c3c3c3c3c3c
      2528  {{{{{{{{{{{{{{{{  7b7b7b7b7b7b7b7b7b7b7b7b7b7b7b7b
       308  ,,,,,,,,,,,,,,,,  2c2c2c2c2c2c2c2c2c2c2c2c2c2c2c2c
       303  <<<<<<<<<<<<<<<,  3c3c3c3c3c3c3c3c3c3c3c3c3c3c3c2c
       276  <<<<<<<<<<<<<<,<  3c3c3c3c3c3c3c3c3c3c3c3c3c3c2c3c
       275  ,<<<<<<<<<<<<<<<  2c3c3c3c3c3c3c3c3c3c3c3c3c3c3c3c
       274  <<<<<<<<<<<<<,<<  3c3c3c3c3c3c3c3c3c3c3c3c3c2c3c3c
       261  <<<<<<<<<<<<,<<<  3c3c3c3c3c3c3c3c3c3c3c3c2c3c3c3c
       257  <,<<<<<<<<<<<<<<  3c2c3c3c3c3c3c3c3c3c3c3c3c3c3c3c
       252  <<<<<<<<<<<,<<<<  3c3c3c3c3c3c3c3c3c3c3c2c3c3c3c3c
# epoch 44850  H=2.5075 C=1.7939 HO=0.7113  A(t)=713
     10865  <<<<<<<<<<<<<<<<  3c3c3c3c3c3c3c3c3c3c3c3c3c3c3c3c
      2390  {{{{{{{{{{{{{{{{  7b7b7b7b7b7b7b7b7b7b7b7b7b7b7b7b
       450  ,,,,,,,,,,,,,,,,  2c2c2c2c2c2c2c2c2c2c2c2c2c2c2c2c
       327  <<<<<<<<<<<<<<<,  3c3c3c3c3c3c3c3c3c3c3c3c3c3c3c2c
       303  <<<<<<<<<<<<<<,<  3c3c3c3c3c3c3c3c3c3c3c3c3c3c2c3c
       300  <<<<<<<<<<<<<,<<  3c3c3c3c3c3c3c3c3c3c3c3c3c2c3c3c
       299  ,<<<<<<<<<<<<<<<  2c3c3c3c3c3c3c3c3c3c3c3c3c3c3c3c
       295  <<<<<<<<<,<<<<<<  3c3c3c3c3c3c3c3c3c2c3c3c3c3c3c3c
       287  <<<<<<<<<<,<<<<<  3c3c3c3c3c3c3c3c3c3c2c3c3c3c3c3c
       287  <<,<<<<<<<<<<<<<  3c3c2c3c3c3c3c3c3c3c3c3c3c3c3c3c
# epoch 44900  H=2.4740 C=1.7590 HO=0.7083  A(t)=713
     11606  <<<<<<<<<<<<<<<<  3c3c3c3c3c3c3c3c3c3c3c3c3c3c3c3c
      2953  {{{{{{{{{{{{{{{{  7b7b7b7b7b7b7b7b7b7b7b7b7b7b7b7b
       521  ,,,,,,,,,,,,,,,,  2c2c2c2c2c2c2c2c2c2c2c2c2c2c2c2c
       317  <<<<<<<<<<<<<<<,  3c3c3c3c3c3c3c3c3c3c3c3c3c3c3c2c
       304  <<<<<<<<<<<<<<,<  3c3c3c3c3c3c3c3c3c3c3c3c3c3c2c3c
       293  <,<<<<<<<<<<<<<<  3c2c3c3c3c3c3c3c3c3c3c3c3c3c3c3c
       292  ,<<<<<<<<<<<<<<<  2c3c3c3c3c3c3c3c3c3c3c3c3c3c3c3c
       289  <<<<<<<<<<,<<<<<  3c3c3c3c3c3c3c3c3c3c2c3c3c3c3c3c
       287  <<<<<<<<<<<<<,<<  3c3c3c3c3c3c3c3c3c3c3c3c3c2c3c3c
       287  <<<<<<<<<<<<,<<<  3c3c3c3c3c3c3c3c3c3c3c3c2c3c3c3c
# epoch 44950  H=2.4447 C=1.7451 HO=0.6891  A(t)=713
     10719  <<<<<<<<<<<<<<<<  3c3c3c3c3c3c3c3c3c3c3c3c3c3c3c3c
      2913  {{{{{{{{{{{{{{{{  7b7b7b7b7b7b7b7b7b7b7b7b7b7b7b7b
       461  ,,,,,,,,,,,,,,,,  2c2c2c2c2c2c2c2c2c2c2c2c2c2c2c2c
       314  <<<<<<<<<<<<<<<,  3c3c3c3c3c3c3c3c3c3c3c3c3c3c3c2c
       297  <<<<<<<<<<<<<<,<  3c3c3c3c3c3c3c3c3c3c3c3c3c3c2c3c
       294  ,<<<<<<<<<<<<<<<  2c3c3c3c3c3c3c3c3c3c3c3c3c3c3c3c
       290  <,<<<<<<<<<<<<<<  3c2c3c3c3c3c3c3c3c3c3c3c3c3c3c3c
       279  <<,<<<<<<<<<<<<<  3c3c2c3c3c3c3c3c3c3c3c3c3c3c3c3c
       274  <<<<<<<<<<<<<,<<  3c3c3c3c3c3c3c3c3c3c3c3c3c2c3c3c
       261  <<<,<<<<<<<<<<<<  3c3c3c2c3c3c3c3c3c3c3c3c3c3c3c3c
# epoch 45000  H=2.4760 C=1.7388 HO=0.7293  A(t)=715
     10588  <<<<<<<<<<<<<<<<  3c3c3c3c3c3c3c3c3c3c3c3c3c3c3c3c
      3060  {{{{{{{{{{{{{{{{  7b7b7b7b7b7b7b7b7b7b7b7b7b7b7b7b
       377  ,,,,,,,,,,,,,,,,  2c2c2c2c2c2c2c2c2c2c2c2c2c2c2c2c
       268  <<<<<<<<<<<<<<<,  3c3c3c3c3c3c3c3c3c3c3c3c3c3c3c2c
       263  <<<<<<<<<,<<<<<<  3c3c3c3c3c3c3c3c3c2c3c3c3c3c3c3c
       257  <<<<<<<<<<,<<<<<  3c3c3c3c3c3c3c3c3c3c2c3c3c3c3c3c
       256  <<<<<<<<<<<<<<,<  3c3c3c3c3c3c3c3c3c3c3c3c3c3c2c3c
       256  <,<<<<<<<<<<<<<<  3c2c3c3c3c3c3c3c3c3c3c3c3c3c3c3c
       254  <<<<<<<<<<<<<,<<  3c3c3c3c3c3c3c3c3c3c3c3c3c2c3c3c
       253  <<<<<<<<,<<<<<<<  3c3c3c3c3c3c3c3c2c3c3c3c3c3c3c3c
# epoch 45050  H=2.3701 C=1.6260 HO=0.7218  A(t)=716
     11568  <<<<<<<<<<<<<<<<  3c3c3c3c3c3c3c3c3c3c3c3c3c3c3c3c
      3692  {{{{{{{{{{{{{{{{  7b7b7b7b7b7b7b7b7b7b7b7b7b7b7b7b
       528  ,,,,,,,,,,,,,,,,  2c2c2c2c2c2c2c2c2c2c2c2c2c2c2c2c
       337  <<<<<<<<<<<<<<<,  3c3c3c3c3c3c3c3c3c3c3c3c3c3c3c2c
       321  <,<<<<<<<<<<<<<<  3c2c3c3c3c3c3c3c3c3c3c3c3c3c3c3c
       320  <<<<<<<<<<<<<<,<  3c3c3c3c3c3c3c3c3c3c3c3c3c3c2c3c
       318  ,<<<<<<<<<<<<<<<  2c3c3c3c3c3c3c3c3c3c3c3c3c3c3c3c
       307  <<,<<<<<<<<<<<<<  3c3c2c3c3c3c3c3c3c3c3c3c3c3c3c3c
       303  <<<,<<<<<<<<<<<<  3c3c3c2c3c3c3c3c3c3c3c3c3c3c3c3c
       302  <<<<<<<<<<<<<,<<  3c3c3c3c3c3c3c3c3c3c3c3c3c2c3c3c
# epoch 45100  H=2.2848 C=1.5814 HO=0.6923  A(t)=718
     13421  <<<<<<<<<<<<<<<<  3c3c3c3c3c3c3c3c3c3c3c3c3c3c3c3c
      3225  {{{{{{{{{{{{{{{{  7b7b7b7b7b7b7b7b7b7b7b7b7b7b7b7b
       509  ,,,,,,,,,,,,,,,,  2c2c2c2c2c2c2c2c2c2c2c2c2c2c2c2c
       377  <<<<<<<<<<<<<<<,  3c3c3c3c3c3c3c3c3c3c3c3c3c3c3c2c
       362  <<<<<<<<<<<<<<,<  3c3c3c3c3c3c3c3c3c3c3c3c3c3c2c3c
       357  <<<<<<<<<<<<<,<<  3c3c3c3c3c3c3c3c3c3c3c3c3c2c3c3c
       355  <<<<<<<<<<<<,<<<  3c3c3c3c3c3c3c3c3c3c3c3c2c3c3c3c
       355  ,<<<<<<<<<<<<<<<  2c3c3c3c3c3c3c3c3c3c3c3c3c3c3c3c
       353  <,<<<<<<<<<<<<<<  3c2c3c3c3c3c3c3c3c3c3c3c3c3c3c3c
       348  <<<<<<<<<<<,<<<<  3c3c3c3c3c3c3c3c3c3c3c2c3c3c3c3c
# epoch 45150  H=2.3673 C=1.6552 HO=0.7088  A(t)=718
     12103  <<<<<<<<<<<<<<<<  3c3c3c3c3c3c3c3c3c3c3c3c3c3c3c3c
      3102  {{{{{{{{{{{{{{{{  7b7b7b7b7b7b7b7b7b7b7b7b7b7b7b7b
       364  ,,,,,,,,,,,,,,,,  2c2c2c2c2c2c2c2c2c2c2c2c2c2c2c2c
       344  <<<<<<<<<<<<<<<,  3c3c3c3c3c3c3c3c3c3c3c3c3c3c3c2c
       326  <<<,<<<<<<<<<<<<  3c3c3c2c3c3c3c3c3c3c3c3c3c3c3c3c
       323  ,<<<<<<<<<<<<<<<  2c3c3c3c3c3c3c3c3c3c3c3c3c3c3c3c
       322  <<,<<<<<<<<<<<<<  3c3c2c3c3c3c3c3c3c3c3c3c3c3c3c3c
       320  <<<<<<<<<<<<<<,<  3c3c3c3c3c3c3c3c3c3c3c3c3c3c2c3c
       320  <<<<<<<<,<<<<<<<  3c3c3c3c3c3c3c3c2c3c3c3c3c3c3c3c
       317  <,<<<<<<<<<<<<<<  3c2c3c3c3c3c3c3c3c3c3c3c3c3c3c3c
# epoch 45200  H=2.4118 C=1.7827 HO=0.6325  A(t)=723
     12505  <<<<<<<<<<<<<<<<  3c3c3c3c3c3c3c3c3c3c3c3c3c3c3c3c
      2695  {{{{{{{{{{{{{{{{  7b7b7b7b7b7b7b7b7b7b7b7b7b7b7b7b
       285  <<<<<<<<<<<<<<<,  3c3c3c3c3c3c3c3c3c3c3c3c3c3c3c2c
       281  <<<<<<<<<<<<<<,<  3c3c3c3c3c3c3c3c3c3c3c3c3c3c2c3c
       279  ,<<<<<<<<<<<<<<<  2c3c3c3c3c3c3c3c3c3c3c3c3c3c3c3c
       276  <<,<<<<<<<<<<<<<  3c3c2c3c3c3c3c3c3c3c3c3c3c3c3c3c
       275  <,<<<<<<<<<<<<<<  3c2c3c3c3c3c3c3c3c3c3c3c3c3c3c3c
       271  <<<<<<<<<<<<<,<<  3c3c3c3c3c3c3c3c3c3c3c3c3c2c3c3c
       266  <<<,<<<<<<<<<<<<  3c3c3c2c3c3c3c3c3c3c3c3c3c3c3c3c
       265  <<<<,<<<<<<<<<<<  3c3c3c3c2c3c3c3c3c3c3c3c3c3c3c3c
# epoch 45250  H=2.6278 C=1.9641 HO=0.6916  A(t)=725
     10735  <<<<<<<<<<<<<<<<  3c3c3c3c3c3c3c3c3c3c3c3c3c3c3c3c
      2246  {{{{{{{{{{{{{{{{  7b7b7b7b7b7b7b7b7b7b7b7b7b7b7b7b
       333  ,,,,,,,,,,,,,,,,  2c2c2c2c2c2c2c2c2c2c2c2c2c2c2c2c
       280  <<<<<<<<<<<<<<<,  3c3c3c3c3c3c3c3c3c3c3c3c3c3c3c2c
       274  <<<<<<<<<<<<<<,<  3c3c3c3c3c3c3c3c3c3c3c3c3c3c2c3c
       274  ,<<<<<<<<<<<<<<<  2c3c3c3c3c3c3c3c3c3c3c3c3c3c3c3c
       268  <<<<<<,<<<<<<<<<  3c3c3c3c3c3c2c3c3c3c3c3c3c3c3c3c
       267  <<<<<<<<<,<<<<<<  3c3c3c3c3c3c3c3c3c2c3c3c3c3c3c3c
       265  <,<<<<<<<<<<<<<<  3c2c3c3c3c3c3c3c3c3c3c3c3c3c3c3c
       264  <<<<<,<<<<<<<<<<  3c3c3c3c3c2c3c3c3c3c3c3c3c3c3c3c
# epoch 45300  H=2.6491 C=1.9783 HO=0.6901  A(t)=725
     10713  <<<<<<<<<<<<<<<<  3c3c3c3c3c3c3c3c3c3c3c3c3c3c3c3c
      2010  {{{{{{{{{{{{{{{{  7b7b7b7b7b7b7b7b7b7b7b7b7b7b7b7b
       484  ,,,,,,,,,,,,,,,,  2c2c2c2c2c2c2c2c2c2c2c2c2c2c2c2c
       275  <<<<<<<<<<<<<<<,  3c3c3c3c3c3c3c3c3c3c3c3c3c3c3c2c
       270  ,<<<<<<<<<<<<<<<  2c3c3c3c3c3c3c3c3c3c3c3c3c3c3c3c
       257  <<<<<<<<<<<<<<,<  3c3c3c3c3c3c3c3c3c3c3c3c3c3c2c3c
       257  <<<<<<,<<<<<<<<<  3c3c3c3c3c3c2c3c3c3c3c3c3c3c3c3c
       257  <,<<<<<<<<<<<<<<  3c2c3c3c3c3c3c3c3c3c3c3c3c3c3c3c
       256  <<<<<,<<<<<<<<<<  3c3c3c3c3c2c3c3c3c3c3c3c3c3c3c3c
       249  <<<<<<<,<<<<<<<<  3c3c3c3c3c3c3c2c3c3c3c3c3c3c3c3c
# epoch 45350  H=2.6554 C=1.9906 HO=0.6831  A(t)=725
     10906  <<<<<<<<<<<<<<<<  3c3c3c3c3c3c3c3c3c3c3c3c3c3c3c3c
      1999  {{{{{{{{{{{{{{{{  7b7b7b7b7b7b7b7b7b7b7b7b7b7b7b7b
       286  <<<<<<<<<<<<<<<,  3c3c3c3c3c3c3c3c3c3c3c3c3c3c3c2c
       274  <<<<<<<<<<<<<<,<  3c3c3c3c3c3c3c3c3c3c3c3c3c3c2c3c
       262  ,<<<<<<<<<<<<<<<  2c3c3c3c3c3c3c3c3c3c3c3c3c3c3c3c
       261  <,<<<<<<<<<<<<<<  3c2c3c3c3c3c3c3c3c3c3c3c3c3c3c3c
       254  <<<<<<<<<<<<<,<<  3c3c3c3c3c3c3c3c3c3c3c3c3c2c3c3c
       253  <<,<<<<<<<<<<<<<  3c3c2c3c3c3c3c3c3c3c3c3c3c3c3c3c
       251  <<<<<<<<<<<,<<<<  3c3c3c3c3c3c3c3c3c3c3c2c3c3c3c3c
       249  <<<<<<<<<<<<,<<<  3c3c3c3c3c3c3c3c3c3c3c3c2c3c3c3c
# epoch 45400  H=2.7017 C=1.9662 HO=0.7515  A(t)=725
     10239  <<<<<<<<<<<<<<<<  3c3c3c3c3c3c3c3c3c3c3c3c3c3c3c3c
      2299  {{{{{{{{{{{{{{{{  7b7b7b7b7b7b7b7b7b7b7b7b7b7b7b7b
       509  ,,,,,,,,,,,,,,,,  2c2c2c2c2c2c2c2c2c2c2c2c2c2c2c2c
       234  <<<<<<<<<<<<<<<,  3c3c3c3c3c3c3c3c3c3c3c3c3c3c3c2c
       231  ,<<<<<<<<<<<<<<<  2c3c3c3c3c3c3c3c3c3c3c3c3c3c3c3c
       217  <<<<<<<<<<<<<<,<  3c3c3c3c3c3c3c3c3c3c3c3c3c3c2c3c
       213  <,<<<<<<<<<<<<<<  3c2c3c3c3c3c3c3c3c3c3c3c3c3c3c3c
       206  <<,<<<<<<<<<<<<<  3c3c2c3c3c3c3c3c3c3c3c3c3c3c3c3c
       203  <<<<<<<<<<<<<,<<  3c3c3c3c3c3c3c3c3c3c3c3c3c2c3c3c
       201  <<<<,<<<<<<<<<<<  3c3c3c3c2c3c3c3c3c3c3c3c3c3c3c3c
# epoch 45450  H=2.5804 C=1.8815 HO=0.7131  A(t)=725
     10817  <<<<<<<<<<<<<<<<  3c3c3c3c3c3c3c3c3c3c3c3c3c3c3c3c
      2674  {{{{{{{{{{{{{{{{  7b7b7b7b7b7b7b7b7b7b7b7b7b7b7b7b
       350  ,,,,,,,,,,,,,,,,  2c2c2c2c2c2c2c2c2c2c2c2c2c2c2c2c
       271  <<<<<<<<<<<<<<<,  3c3c3c3c3c3c3c3c3c3c3c3c3c3c3c2c
       263  <<<<<<<<<<<<<<,<  3c3c3c3c3c3c3c3c3c3c3c3c3c3c2c3c
       254  ,<<<<<<<<<<<<<<<  2c3c3c3c3c3c3c3c3c3c3c3c3c3c3c3c
       251  <<<<<<<<<<<<<,<<  3c3c3c3c3c3c3c3c3c3c3c3c3c2c3c3c
       250  <,<<<<<<<<<<<<<<  3c2c3c3c3c3c3c3c3c3c3c3c3c3c3c3c
       246  <<,<<<<<<<<<<<<<  3c3c2c3c3c3c3c3c3c3c3c3c3c3c3c3c
       240  <<<<<<<<<<<<,<<<  3c3c3c3c3c3c3c3c3c3c3c3c2c3c3c3c
# epoch 45500  H=2.4915 C=1.7362 HO=0.7586  A(t)=725
     12860  <<<<<<<<<<<<<<<<  3c3c3c3c3c3c3c3c3c3c3c3c3c3c3c3c
      2845  {{{{{{{{{{{{{{{{  7b7b7b7b7b7b7b7b7b7b7b7b7b7b7b7b
       444  ,,,,,,,,,,,,,,,,  2c2c2c2c2c2c2c2c2c2c2c2c2c2c2c2c
       272  <<<<<<<<<<<<<<<,  3c3c3c3c3c3c3c3c3c3c3c3c3c3c3c2c
       264  <<<<<<<<<<<<<<,<  3c3c3c3c3c3c3c3c3c3c3c3c3c3c2c3c
       263  ,<<<<<<<<<<<<<<<  2c3c3c3c3c3c3c3c3c3c3c3c3c3c3c3c
       253  <,<<<<<<<<<<<<<<  3c2c3c3c3c3c3c3c3c3c3c3c3c3c3c3c
       250  <<<<<<<<<<<<<,<<  3c3c3c3c3c3c3c3c3c3c3c3c3c2c3c3c
       248  <<,<<<<<<<<<<<<<  3c3c2c3c3c3c3c3c3c3c3c3c3c3c3c3c
       241  <<<,<<<<<<<<<<<<  3c3c3c2c3c3c3c3c3c3c3c3c3c3c3c3c
# epoch 45550  H=2.5522 C=1.8392 HO=0.7084  A(t)=725
     11091  <<<<<<<<<<<<<<<<  3c3c3c3c3c3c3c3c3c3c3c3c3c3c3c3c
      2263  {{{{{{{{{{{{{{{{  7b7b7b7b7b7b7b7b7b7b7b7b7b7b7b7b
       428  ,,,,,,,,,,,,,,,,  2c2c2c2c2c2c2c2c2c2c2c2c2c2c2c2c
       261  <<<<<<<<<<<<<<<,  3c3c3c3c3c3c3c3c3c3c3c3c3c3c3c2c
       255  ,<<<<<<<<<<<<<<<  2c3c3c3c3c3c3c3c3c3c3c3c3c3c3c3c
       253  <,<<<<<<<<<<<<<<  3c2c3c3c3c3c3c3c3c3c3c3c3c3c3c3c
       244  <<<<<<<<<<<<<<,<  3c3c3c3c3c3c3c3c3c3c3c3c3c3c2c3c
       243  <<,<<<<<<<<<<<<<  3c3c2c3c3c3c3c3c3c3c3c3c3c3c3c3c
       242  <<<<<<<<<<<<<,<<  3c3c3c3c3c3c3c3c3c3c3c3c3c2c3c3c
       239  <<<<<<<<<<<<,<<<  3c3c3c3c3c3c3c3c3c3c3c3c2c3c3c3c
# epoch 45600  H=2.6045 C=1.8396 HO=0.7576  A(t)=727
     10549  <<<<<<<<<<<<<<<<  3c3c3c3c3c3c3c3c3c3c3c3c3c3c3c3c
      2789  {{{{{{{{{{{{{{{{  7b7b7b7b7b7b7b7b7b7b7b7b7b7b7b7b
       569  ,,,,,,,,,,,,,,,,  2c2c2c2c2c2c2c2c2c2c2c2c2c2c2c2c
       253  <<<<<<<<<<<<<<<,  3c3c3c3c3c3c3c3c3c3c3c3c3c3c3c2c
       253  ................  2e2e2e2e2e2e2e2e2e2e2e2e2e2e2e2e
       244  <<<<<<<<<<<<<<,<  3c3c3c3c3c3c3c3c3c3c3c3c3c3c2c3c
       234  <<<<<<<,<<<<<<<<  3c3c3c3c3c3c3c2c3c3c3c3c3c3c3c3c
       232  <<<<<<<<<<<<<,<<  3c3c3c3c3c3c3c3c3c3c3c3c3c2c3c3c
       232  ,<<<<<<<<<<<<<<<  2c3c3c3c3c3c3c3c3c3c3c3c3c3c3c3c
       231  <<<<<<,<<<<<<<<<  3c3c3c3c3c3c2c3c3c3c3c3c3c3c3c3c
# epoch 45650  H=2.5557 C=1.8486 HO=0.6999  A(t)=727
     10276  <<<<<<<<<<<<<<<<  3c3c3c3c3c3c3c3c3c3c3c3c3c3c3c3c
      3130  {{{{{{{{{{{{{{{{  7b7b7b7b7b7b7b7b7b7b7b7b7b7b7b7b
       591  ,,,,,,,,,,,,,,,,  2c2c2c2c2c2c2c2c2c2c2c2c2c2c2c2c
       296  <<<<<<<<<<<<<<<,  3c3c3c3c3c3c3c3c3c3c3c3c3c3c3c2c
       281  ,<<<<<<<<<<<<<<<  2c3c3c3c3c3c3c3c3c3c3c3c3c3c3c3c
       272  <,<<<<<<<<<<<<<<  3c2c3c3c3c3c3c3c3c3c3c3c3c3c3c3c
       271  <<<<<<<<<<<<<<,<  3c3c3c3c3c3c3c3c3c3c3c3c3c3c2c3c
       269  ................  2e2e2e2e2e2e2e2e2e2e2e2e2e2e2e2e
       266  <<,<<<<<<<<<<<<<  3c3c2c3c3c3c3c3c3c3c3c3c3c3c3c3c
       261  <<<,<<<<<<<<<<<<  3c3c3c2c3c3c3c3c3c3c3c3c3c3c3c3c
# epoch 45700  H=2.5234 C=1.8260 HO=0.7008  A(t)=727
     11707  <<<<<<<<<<<<<<<<  3c3c3c3c3c3c3c3c3c3c3c3c3c3c3c3c
      3011  {{{{{{{{{{{{{{{{  7b7b7b7b7b7b7b7b7b7b7b7b7b7b7b7b
       362  ,,,,,,,,,,,,,,,,  2c2c2c2c2c2c2c2c2c2c2c2c2c2c2c2c
       301  <<<<<<<<<<<<<<<,  3c3c3c3c3c3c3c3c3c3c3c3c3c3c3c2c
       288  ,<<<<<<<<<<<<<<<  2c3c3c3c3c3c3c3c3c3c3c3c3c3c3c3c
       287  <<<<<<<<<<<<<<,<  3c3c3c3c3c3c3c3c3c3c3c3c3c3c2c3c
       286  <<<<<<<<<<<<,<<<  3c3c3c3c3c3c3c3c3c3c3c3c2c3c3c3c
       283  <<<<<<,<<<<<<<<<  3c3c3c3c3c3c2c3c3c3c3c3c3c3c3c3c
       282  <,<<<<<<<<<<<<<<  3c2c3c3c3c3c3c3c3c3c3c3c3c3c3c3c
       280  <<<,<<<<<<<<<<<<  3c3c3c2c3c3c3c3c3c3c3c3c3c3c3c3c
# epoch 45750  H=2.4850 C=1.7786 HO=0.7052  A(t)=727
     11198  <<<<<<<<<<<<<<<<  3c3c3c3c3c3c3c3c3c3c3c3c3c3c3c3c
      2731  {{{{{{{{{{{{{{{{  7b7b7b7b7b7b7b7b7b7b7b7b7b7b7b7b
       539  ,,,,,,,,,,,,,,,,  2c2c2c2c2c2c2c2c2c2c2c2c2c2c2c2c
       312  <<<<<<<<<<<<<<<,  3c3c3c3c3c3c3c3c3c3c3c3c3c3c3c2c
       298  <<<<<<,<<<<<<<<<  3c3c3c3c3c3c2c3c3c3c3c3c3c3c3c3c
       297  <<<<<<<<<<<<<<,<  3c3c3c3c3c3c3c3c3c3c3c3c3c3c2c3c
       294  <<<<<<<<<<,<<<<<  3c3c3c3c3c3c3c3c3c3c2c3c3c3c3c3c
       293  ,<<<<<<<<<<<<<<<  2c3c3c3c3c3c3c3c3c3c3c3c3c3c3c3c
       290  <<<<<<<,<<<<<<<<  3c3c3c3c3c3c3c2c3c3c3c3c3c3c3c3c
       288  <<<<<<<<<<<,<<<<  3c3c3c3c3c3c3c3c3c3c3c2c3c3c3c3c
# epoch 45800  H=2.3684 C=1.7144 HO=0.6453  A(t)=727
     11761  <<<<<<<<<<<<<<<<  3c3c3c3c3c3c3c3c3c3c3c3c3c3c3c3c
      2595  {{{{{{{{{{{{{{{{  7b7b7b7b7b7b7b7b7b7b7b7b7b7b7b7b
       510  ,,,,,,,,,,,,,,,,  2c2c2c2c2c2c2c2c2c2c2c2c2c2c2c2c
       323  <<<<<<<<<<<<<<<,  3c3c3c3c3c3c3c3c3c3c3c3c3c3c3c2c
       310  <<<<<<<<<<<<<<,<  3c3c3c3c3c3c3c3c3c3c3c3c3c3c2c3c
       306  ,<<<<<<<<<<<<<<<  2c3c3c3c3c3c3c3c3c3c3c3c3c3c3c3c
       301  <,<<<<<<<<<<<<<<  3c2c3c3c3c3c3c3c3c3c3c3c3c3c3c3c
       291  <<,<<<<<<<<<<<<<  3c3c2c3c3c3c3c3c3c3c3c3c3c3c3c3c
       289  <<<<<<<<<<<<<,<<  3c3c3c3c3c3c3c3c3c3c3c3c3c2c3c3c
       287  <<<<<<<<<<<<,<<<  3c3c3c3c3c3c3c3c3c3c3c3c2c3c3c3c
# epoch 45850  H=2.4588 C=1.7592 HO=0.6933  A(t)=727
     11129  <<<<<<<<<<<<<<<<  3c3c3c3c3c3c3c3c3c3c3c3c3c3c3c3c
      2257  {{{{{{{{{{{{{{{{  7b7b7b7b7b7b7b7b7b7b7b7b7b7b7b7b
       603  ,,,,,,,,,,,,,,,,  2c2c2c2c2c2c2c2c2c2c2c2c2c2c2c2c
       318  <<<<<<<<<<<<<<<,  3c3c3c3c3c3c3c3c3c3c3c3c3c3c3c2c
       303  <<<<<<<<<<<<<<,<  3c3c3c3c3c3c3c3c3c3c3c3c3c3c2c3c
       294  <<,<<<<<<<<<<<<<  3c3c2c3c3c3c3c3c3c3c3c3c3c3c3c3c
       293  <<<<<<<<<<<<<,<<  3c3c3c3c3c3c3c3c3c3c3c3c3c2c3c3c
       293  ,<<<<<<<<<<<<<<<  2c3c3c3c3c3c3c3c3c3c3c3c3c3c3c3c
       290  <,<<<<<<<<<<<<<<  3c2c3c3c3c3c3c3c3c3c3c3c3c3c3c3c
       283  <<<,<<<<<<<<<<<<  3c3c3c2c3c3c3c3c3c3c3c3c3c3c3c3c
# epoch 45900  H=2.4267 C=1.7440 HO=0.6742  A(t)=727
     10792  <<<<<<<<<<<<<<<<  3c3c3c3c3c3c3c3c3c3c3c3c3c3c3c3c
      2235  {{{{{{{{{{{{{{{{  7b7b7b7b7b7b7b7b7b7b7b7b7b7b7b7b
       411  ,,,,,,,,,,,,,,,,  2c2c2c2c2c2c2c2c2c2c2c2c2c2c2c2c
       330  <<<<<<<<<<<<<<<,  3c3c3c3c3c3c3c3c3c3c3c3c3c3c3c2c
       302  <<<<<<<<<<<<<<,<  3c3c3c3c3c3c3c3c3c3c3c3c3c3c2c3c
       297  ,<<<<<<<<<<<<<<<  2c3c3c3c3c3c3c3c3c3c3c3c3c3c3c3c
       291  <<<<<<<<<<<<<,<<  3c3c3c3c3c3c3c3c3c3c3c3c3c2c3c3c
       291  <<<,<<<<<<<<<<<<  3c3c3c2c3c3c3c3c3c3c3c3c3c3c3c3c
       291  <,<<<<<<<<<<<<<<  3c2c3c3c3c3c3c3c3c3c3c3c3c3c3c3c
       289  <<,<<<<<<<<<<<<<  3c3c2c3c3c3c3c3c3c3c3c3c3c3c3c3c
# epoch 45950  H=2.4814 C=1.8063 HO=0.6782  A(t)=727
     10933  <<<<<<<<<<<<<<<<  3c3c3c3c3c3c3c3c3c3c3c3c3c3c3c3c
      2998  {{{{{{{{{{{{{{{{  7b7b7b7b7b7b7b7b7b7b7b7b7b7b7b7b
       558  ,,,,,,,,,,,,,,,,  2c2c2c2c2c2c2c2c2c2c2c2c2c2c2c2c
       257  <<<<<<<<<<<<<<<,  3c3c3c3c3c3c3c3c3c3c3c3c3c3c3c2c
       236  <<<<<<<<<<<<<<,<  3c3c3c3c3c3c3c3c3c3c3c3c3c3c2c3c
       230  <,<<<<<<<<<<<<<<  3c2c3c3c3c3c3c3c3c3c3c3c3c3c3c3c
       228  <<<<<<<<<<<<<,<<  3c3c3c3c3c3c3c3c3c3c3c3c3c2c3c3c
       228  <<,<<<<<<<<<<<<<  3c3c2c3c3c3c3c3c3c3c3c3c3c3c3c3c
       228  ,<<<<<<<<<<<<<<<  2c3c3c3c3c3c3c3c3c3c3c3c3c3c3c3c
       223  <<<<,<<<<<<<<<<<  3c3c3c3c2c3c3c3c3c3c3c3c3c3c3c3c
# epoch 46000  H=2.5116 C=1.8159 HO=0.6914  A(t)=728
     10389  <<<<<<<<<<<<<<<<  3c3c3c3c3c3c3c3c3c3c3c3c3c3c3c3c
      3044  {{{{{{{{{{{{{{{{  7b7b7b7b7b7b7b7b7b7b7b7b7b7b7b7b
       768  ,,,,,,,,,,,,,,,,  2c2c2c2c2c2c2c2c2c2c2c2c2c2c2c2c
       294  <<<<<<<<<<<<<<<,  3c3c3c3c3c3c3c3c3c3c3c3c3c3c3c2c
       286  <<<<<<<<<<<<<<,<  3c3c3c3c3c3c3c3c3c3c3c3c3c3c2c3c
       284  <<<<<<,<<<<<<<<<  3c3c3c3c3c3c2c3c3c3c3c3c3c3c3c3c
       284  ,<<<<<<<<<<<<<<<  2c3c3c3c3c3c3c3c3c3c3c3c3c3c3c3c
       281  <<<<<<<<<<<<<,<<  3c3c3c3c3c3c3c3c3c3c3c3c3c2c3c3c
       279  <<<<<,<<<<<<<<<<  3c3c3c3c3c2c3c3c3c3c3c3c3c3c3c3c
       277  <<<<<<<<<,<<<<<<  3c3c3c3c3c3c3c3c3c2c3c3c3c3c3c3c
# epoch 46050  H=2.4892 C=1.7966 HO=0.6988  A(t)=728
     12043  <<<<<<<<<<<<<<<<  3c3c3c3c3c3c3c3c3c3c3c3c3c3c3c3c
      3061  {{{{{{{{{{{{{{{{  7b7b7b7b7b7b7b7b7b7b7b7b7b7b7b7b
       642  ,,,,,,,,,,,,,,,,  2c2c2c2c2c2c2c2c2c2c2c2c2c2c2c2c
       298  <<<<<<<<<<<<<<<,  3c3c3c3c3c3c3c3c3c3c3c3c3c3c3c2c
       287  <<<<<<<<<<<<<<,<  3c3c3c3c3c3c3c3c3c3c3c3c3c3c2c3c
       282  ,<<<<<<<<<<<<<<<  2c3c3c3c3c3c3c3c3c3c3c3c3c3c3c3c
       274  <<<<<<<<<<<<<,<<  3c3c3c3c3c3c3c3c3c3c3c3c3c2c3c3c
       271  <,<<<<<<<<<<<<<<  3c2c3c3c3c3c3c3c3c3c3c3c3c3c3c3c
       269  <<,<<<<<<<<<<<<<  3c3c2c3c3c3c3c3c3c3c3c3c3c3c3c3c
       266  <<<<<<<<<<<<,<<<  3c3c3c3c3c3c3c3c3c3c3c3c2c3c3c3c
# epoch 46100  H=2.5405 C=1.8394 HO=0.7116  A(t)=728
     11170  <<<<<<<<<<<<<<<<  3c3c3c3c3c3c3c3c3c3c3c3c3c3c3c3c
      3135  {{{{{{{{{{{{{{{{  7b7b7b7b7b7b7b7b7b7b7b7b7b7b7b7b
       624  ,,,,,,,,,,,,,,,,  2c2c2c2c2c2c2c2c2c2c2c2c2c2c2c2c
       274  <<<<<<<<<<<<<<<,  3c3c3c3c3c3c3c3c3c3c3c3c3c3c3c2c
       263  <<<<<<<<<,<<<<<<  3c3c3c3c3c3c3c3c3c2c3c3c3c3c3c3c
       262  <<<<<<<<<<<<<<,<  3c3c3c3c3c3c3c3c3c3c3c3c3c3c2c3c
       262  <<<<<<<<<<,<<<<<  3c3c3c3c3c3c3c3c3c3c2c3c3c3c3c3c
       258  <<<<<<<<<<<<,<<<  3c3c3c3c3c3c3c3c3c3c3c3c2c3c3c3c
       253  <<<<<<<<,<<<<<<<  3c3c3c3c3c3c3c3c2c3c3c3c3c3c3c3c
       252  <<<<<<<<<<<<<,<<  3c3c3c3c3c3c3c3c3c3c3c3c3c2c3c3c
# epoch 46150  H=2.5250 C=1.8103 HO=0.7132  A(t)=728
     12383  <<<<<<<<<<<<<<<<  3c3c3c3c3c3c3c3c3c3c3c3c3c3c3c3c
      2997  {{{{{{{{{{{{{{{{  7b7b7b7b7b7b7b7b7b7b7b7b7b7b7b7b
       547  ,,,,,,,,,,,,,,,,  2c2c2c2c2c2c2c2c2c2c2c2c2c2c2c2c
       298  <<<<<<<<<<<<<<<,  3c3c3c3c3c3c3c3c3c3c3c3c3c3c3c2c
       291  ,<<<<<<<<<<<<<<<  2c3c3c3c3c3c3c3c3c3c3c3c3c3c3c3c
       275  <<<<<<<<<<<<<<,<  3c3c3c3c3c3c3c3c3c3c3c3c3c3c2c3c
       272  <,<<<<<<<<<<<<<<  3c2c3c3c3c3c3c3c3c3c3c3c3c3c3c3c
       251  <<<<<<<<<<<<<,<<  3c3c3c3c3c3c3c3c3c3c3c3c3c2c3c3c
       246  <<,<<<<<<<<<<<<<  3c3c2c3c3c3c3c3c3c3c3c3c3c3c3c3c
       241  <<<<<<<<<<,<<<<<  3c3c3c3c3c3c3c3c3c3c2c3c3c3c3c3c
# epoch 46200  H=2.5908 C=1.8894 HO=0.6984  A(t)=728
     11180  <<<<<<<<<<<<<<<<  3c3c3c3c3c3c3c3c3c3c3c3c3c3c3c3c
      2580  {{{{{{{{{{{{{{{{  7b7b7b7b7b7b7b7b7b7b7b7b7b7b7b7b
       604  ,,,,,,,,,,,,,,,,  2c2c2c2c2c2c2c2c2c2c2c2c2c2c2c2c
       282  <<<<<<<<<<<<<<<,  3c3c3c3c3c3c3c3c3c3c3c3c3c3c3c2c
       272  ,<<<<<<<<<<<<<<<  2c3c3c3c3c3c3c3c3c3c3c3c3c3c3c3c
       264  <<<,<<<<<<<<<<<<  3c3c3c2c3c3c3c3c3c3c3c3c3c3c3c3c
       264  <<,<<<<<<<<<<<<<  3c3c2c3c3c3c3c3c3c3c3c3c3c3c3c3c
       263  <<<<<<<<<<<<<<,<  3c3c3c3c3c3c3c3c3c3c3c3c3c3c2c3c
       263  <,<<<<<<<<<<<<<<  3c2c3c3c3c3c3c3c3c3c3c3c3c3c3c3c
       258  <<<<<<<<,<<<<<<<  3c3c3c3c3c3c3c3c2c3c3c3c3c3c3c3c
# epoch 46250  H=2.6946 C=2.0085 HO=0.6831  A(t)=728
     10251  <<<<<<<<<<<<<<<<  3c3c3c3c3c3c3c3c3c3c3c3c3c3c3c3c
      2930  {{{{{{{{{{{{{{{{  7b7b7b7b7b7b7b7b7b7b7b7b7b7b7b7b
       613  ,,,,,,,,,,,,,,,,  2c2c2c2c2c2c2c2c2c2c2c2c2c2c2c2c
       270  <<<<<<<<<<<<<<<,  3c3c3c3c3c3c3c3c3c3c3c3c3c3c3c2c
       268  ,<<<<<<<<<<<<<<<  2c3c3c3c3c3c3c3c3c3c3c3c3c3c3c3c
       266  <,<<<<<<<<<<<<<<  3c2c3c3c3c3c3c3c3c3c3c3c3c3c3c3c
       264  <<<<,<<<<<<<<<<<  3c3c3c3c2c3c3c3c3c3c3c3c3c3c3c3c
       264  <<,<<<<<<<<<<<<<  3c3c2c3c3c3c3c3c3c3c3c3c3c3c3c3c
       262  <<<<<,<<<<<<<<<<  3c3c3c3c3c2c3c3c3c3c3c3c3c3c3c3c
       260  <<<<<<<<<<<<<<,<  3c3c3c3c3c3c3c3c3c3c3c3c3c3c2c3c
# epoch 46300  H=2.6611 C=1.9607 HO=0.7187  A(t)=728
     11650  <<<<<<<<<<<<<<<<  3c3c3c3c3c3c3c3c3c3c3c3c3c3c3c3c
      2784  {{{{{{{{{{{{{{{{  7b7b7b7b7b7b7b7b7b7b7b7b7b7b7b7b
       557  ,,,,,,,,,,,,,,,,  2c2c2c2c2c2c2c2c2c2c2c2c2c2c2c2c
       272  <<<<<<<<<<<<<<<,  3c3c3c3c3c3c3c3c3c3c3c3c3c3c3c2c
       257  <<<<<<<<<<<<<<,<  3c3c3c3c3c3c3c3c3c3c3c3c3c3c2c3c
       252  ,<<<<<<<<<<<<<<<  2c3c3c3c3c3c3c3c3c3c3c3c3c3c3c3c
       243  <,<<<<<<<<<<<<<<  3c2c3c3c3c3c3c3c3c3c3c3c3c3c3c3c
       242  <<<<<<<<<<<<<,<<  3c3c3c3c3c3c3c3c3c3c3c3c3c2c3c3c
       242  <<<,<<<<<<<<<<<<  3c3c3c2c3c3c3c3c3c3c3c3c3c3c3c3c
       240  <<,<<<<<<<<<<<<<  3c3c2c3c3c3c3c3c3c3c3c3c3c3c3c3c
# epoch 46350  H=2.6389 C=1.9663 HO=0.6748  A(t)=728
      9985  <<<<<<<<<<<<<<<<  3c3c3c3c3c3c3c3c3c3c3c3c3c3c3c3c
      2308  {{{{{{{{{{{{{{{{  7b7b7b7b7b7b7b7b7b7b7b7b7b7b7b7b
       504  ,,,,,,,,,,,,,,,,  2c2c2c2c2c2c2c2c2c2c2c2c2c2c2c2c
       265  <<<<<<<<<<<<<<<,  3c3c3c3c3c3c3c3c3c3c3c3c3c3c3c2c
       264  ,<<<<<<<<<<<<<<<  2c3c3c3c3c3c3c3c3c3c3c3c3c3c3c3c
       263  <,<<<<<<<<<<<<<<  3c2c3c3c3c3c3c3c3c3c3c3c3c3c3c3c
       259  <<<<<<<<<<<<<<,<  3c3c3c3c3c3c3c3c3c3c3c3c3c3c2c3c
       252  <<,<<<<<<<<<<<<<  3c3c2c3c3c3c3c3c3c3c3c3c3c3c3c3c
       249  <<<,<<<<<<<<<<<<  3c3c3c2c3c3c3c3c3c3c3c3c3c3c3c3c
       245  <<<<,<<<<<<<<<<<  3c3c3c3c2c3c3c3c3c3c3c3c3c3c3c3c
# epoch 46400  H=2.5093 C=1.8462 HO=0.6604  A(t)=728
     11549  <<<<<<<<<<<<<<<<  3c3c3c3c3c3c3c3c3c3c3c3c3c3c3c3c
      2664  {{{{{{{{{{{{{{{{  7b7b7b7b7b7b7b7b7b7b7b7b7b7b7b7b
       441  ,,,,,,,,,,,,,,,,  2c2c2c2c2c2c2c2c2c2c2c2c2c2c2c2c
       303  <<<<<<<<<<<<<<<,  3c3c3c3c3c3c3c3c3c3c3c3c3c3c3c2c
       288  <<<<<<<<<<<<<<,<  3c3c3c3c3c3c3c3c3c3c3c3c3c3c2c3c
       284  ,<<<<<<<<<<<<<<<  2c3c3c3c3c3c3c3c3c3c3c3c3c3c3c3c
       278  <<<<<<<<<<<<<,<<  3c3c3c3c3c3c3c3c3c3c3c3c3c2c3c3c
       270  <,<<<<<<<<<<<<<<  3c2c3c3c3c3c3c3c3c3c3c3c3c3c3c3c
       269  <<<<<<<<<<<<,<<<  3c3c3c3c3c3c3c3c3c3c3c3c2c3c3c3c
       269  <<,<<<<<<<<<<<<<  3c3c2c3c3c3c3c3c3c3c3c3c3c3c3c3c
# epoch 46450  H=2.3726 C=1.7087 HO=0.6560  A(t)=728
     13680  <<<<<<<<<<<<<<<<  3c3c3c3c3c3c3c3c3c3c3c3c3c3c3c3c
      2960  {{{{{{{{{{{{{{{{  7b7b7b7b7b7b7b7b7b7b7b7b7b7b7b7b
       534  ,,,,,,,,,,,,,,,,  2c2c2c2c2c2c2c2c2c2c2c2c2c2c2c2c
       345  <<<<<<<<<<<<<<<,  3c3c3c3c3c3c3c3c3c3c3c3c3c3c3c2c
       328  ,<<<<<<<<<<<<<<<  2c3c3c3c3c3c3c3c3c3c3c3c3c3c3c3c
       322  <<<<<<<<<<<<<<,<  3c3c3c3c3c3c3c3c3c3c3c3c3c3c2c3c
       311  <<<<<<<<<<<<<,<<  3c3c3c3c3c3c3c3c3c3c3c3c3c2c3c3c
       309  <<,<<<<<<<<<<<<<  3c3c2c3c3c3c3c3c3c3c3c3c3c3c3c3c
       305  <,<<<<<<<<<<<<<<  3c2c3c3c3c3c3c3c3c3c3c3c3c3c3c3c
       295  <<<<<<<<<<<<,<<<  3c3c3c3c3c3c3c3c3c3c3c3c2c3c3c3c
# epoch 46500  H=2.4335 C=1.7480 HO=0.6798  A(t)=730
     12343  <<<<<<<<<<<<<<<<  3c3c3c3c3c3c3c3c3c3c3c3c3c3c3c3c
      3405  {{{{{{{{{{{{{{{{  7b7b7b7b7b7b7b7b7b7b7b7b7b7b7b7b
       559  ,,,,,,,,,,,,,,,,  2c2c2c2c2c2c2c2c2c2c2c2c2c2c2c2c
       293  <<<<<<<<<<<<<<<,  3c3c3c3c3c3c3c3c3c3c3c3c3c3c3c2c
       284  ,<<<<<<<<<<<<<<<  2c3c3c3c3c3c3c3c3c3c3c3c3c3c3c3c
       273  <<<<<<,<<<<<<<<<  3c3c3c3c3c3c2c3c3c3c3c3c3c3c3c3c
       270  <,<<<<<<<<<<<<<<  3c2c3c3c3c3c3c3c3c3c3c3c3c3c3c3c
       269  <<<<<<<,<<<<<<<<  3c3c3c3c3c3c3c2c3c3c3c3c3c3c3c3c
       269  <<<<<,<<<<<<<<<<  3c3c3c3c3c2c3c3c3c3c3c3c3c3c3c3c
       265  <<<<<<<<<<<<<<,<  3c3c3c3c3c3c3c3c3c3c3c3c3c3c2c3c
# epoch 46550  H=2.5437 C=1.8790 HO=0.6596  A(t)=730
     11046  <<<<<<<<<<<<<<<<  3c3c3c3c3c3c3c3c3c3c3c3c3c3c3c3c
      3196  {{{{{{{{{{{{{{{{  7b7b7b7b7b7b7b7b7b7b7b7b7b7b7b7b
       359  ,,,,,,,,,,,,,,,,  2c2c2c2c2c2c2c2c2c2c2c2c2c2c2c2c
       288  <<<<<<<<<<<<<<,<  3c3c3c3c3c3c3c3c3c3c3c3c3c3c2c3c
       282  <<<<<<<<<<<<<,<<  3c3c3c3c3c3c3c3c3c3c3c3c3c2c3c3c
       279  <<<<<<<<<<<<<<<,  3c3c3c3c3c3c3c3c3c3c3c3c3c3c3c2c
       271  <<,<<<<<<<<<<<<<  3c3c2c3c3c3c3c3c3c3c3c3c3c3c3c3c
       270  <<<<<<<<<<<<,<<<  3c3c3c3c3c3c3c3c3c3c3c3c2c3c3c3c
       270  <,<<<<<<<<<<<<<<  3c2c3c3c3c3c3c3c3c3c3c3c3c3c3c3c
       269  ,<<<<<<<<<<<<<<<  2c3c3c3c3c3c3c3c3c3c3c3c3c3c3c3c
# epoch 46600  H=2.4853 C=1.8501 HO=0.6255  A(t)=730
     12221  <<<<<<<<<<<<<<<<  3c3c3c3c3c3c3c3c3c3c3c3c3c3c3c3c
      2705  {{{{{{{{{{{{{{{{  7b7b7b7b7b7b7b7b7b7b7b7b7b7b7b7b
       322  <<<<<<<<<<<<<<<,  3c3c3c3c3c3c3c3c3c3c3c3c3c3c3c2c
       318  ,<<<<<<<<<<<<<<<  2c3c3c3c3c3c3c3c3c3c3c3c3c3c3c3c
       310  <,<<<<<<<<<<<<<<  3c2c3c3c3c3c3c3c3c3c3c3c3c3c3c3c
       305  <<<<<<<<<<<<<<,<  3c3c3c3c3c3c3c3c3c3c3c3c3c3c2c3c
       293  <<,<<<<<<<<<<<<<  3c3c2c3c3c3c3c3c3c3c3c3c3c3c3c3c
       291  <<<<<<<<,<<<<<<<  3c3c3c3c3c3c3c3c2c3c3c3c3c3c3c3c
       290  <<<<<<<<<<<<<,<<  3c3c3c3c3c3c3c3c3c3c3c3c3c2c3c3c
       289  <<<<<<<,<<<<<<<<  3c3c3c3c3c3c3c2c3c3c3c3c3c3c3c3c
# epoch 46650  H=2.4483 C=1.8265 HO=0.6197  A(t)=730
     12285  <<<<<<<<<<<<<<<<  3c3c3c3c3c3c3c3c3c3c3c3c3c3c3c3c
      2555  {{{{{{{{{{{{{{{{  7b7b7b7b7b7b7b7b7b7b7b7b7b7b7b7b
       366  ,,,,,,,,,,,,,,,,  2c2c2c2c2c2c2c2c2c2c2c2c2c2c2c2c
       347  <<<<<<<<<<<<<<<,  3c3c3c3c3c3c3c3c3c3c3c3c3c3c3c2c
       333  <<<<<<<<<<<<<<,<  3c3c3c3c3c3c3c3c3c3c3c3c3c3c2c3c
       332  ,<<<<<<<<<<<<<<<  2c3c3c3c3c3c3c3c3c3c3c3c3c3c3c3c
       322  <<<<<<<<<<<<<,<<  3c3c3c3c3c3c3c3c3c3c3c3c3c2c3c3c
       320  <,<<<<<<<<<<<<<<  3c2c3c3c3c3c3c3c3c3c3c3c3c3c3c3c
       318  <<<<<<<<<<<<,<<<  3c3c3c3c3c3c3c3c3c3c3c3c2c3c3c3c
       317  <<,<<<<<<<<<<<<<  3c3c2c3c3c3c3c3c3c3c3c3c3c3c3c3c
# epoch 46700  H=2.4046 C=1.8026 HO=0.5917  A(t)=730
     13411  <<<<<<<<<<<<<<<<  3c3c3c3c3c3c3c3c3c3c3c3c3c3c3c3c
      2189  {{{{{{{{{{{{{{{{  7b7b7b7b7b7b7b7b7b7b7b7b7b7b7b7b
       349  <<<<<<<<<<<<<<<,  3c3c3c3c3c3c3c3c3c3c3c3c3c3c3c2c
       332  ,<<<<<<<<<<<<<<<  2c3c3c3c3c3c3c3c3c3c3c3c3c3c3c3c
       330  <<<<<<<<<<<<<<,<  3c3c3c3c3c3c3c3c3c3c3c3c3c3c2c3c
       327  <,<<<<<<<<<<<<<<  3c2c3c3c3c3c3c3c3c3c3c3c3c3c3c3c
       322  <<,<<<<<<<<<<<<<  3c3c2c3c3c3c3c3c3c3c3c3c3c3c3c3c
       321  <<<<<<<<<<<<<,<<  3c3c3c3c3c3c3c3c3c3c3c3c3c2c3c3c
       312  <<<<<<<<<<<<,<<<  3c3c3c3c3c3c3c3c3c3c3c3c2c3c3c3c
       301  <<<,<<<<<<<<<<<<  3c3c3c2c3c3c3c3c3c3c3c3c3c3c3c3c
# epoch 46750  H=2.5042 C=1.8478 HO=0.6542  A(t)=730
     11557  <<<<<<<<<<<<<<<<  3c3c3c3c3c3c3c3c3c3c3c3c3c3c3c3c
      2411  {{{{{{{{{{{{{{{{  7b7b7b7b7b7b7b7b7b7b7b7b7b7b7b7b
       601  ,,,,,,,,,,,,,,,,  2c2c2c2c2c2c2c2c2c2c2c2c2c2c2c2c
       292  <<<<<<<<<<<<<<<,  3c3c3c3c3c3c3c3c3c3c3c3c3c3c3c2c
       275  <<<<<<<<<<<<<<,<  3c3c3c3c3c3c3c3c3c3c3c3c3c3c2c3c
       267  ,<<<<<<<<<<<<<<<  2c3c3c3c3c3c3c3c3c3c3c3c3c3c3c3c
       265  <<<<<<<<<<<<,<<<  3c3c3c3c3c3c3c3c3c3c3c3c2c3c3c3c
       263  <<<<<<<<<<<,<<<<  3c3c3c3c3c3c3c3c3c3c3c2c3c3c3c3c
       262  <<<<<<<<<<<<<,<<  3c3c3c3c3c3c3c3c3c3c3c3c3c2c3c3c
       258  <<<<<<<<<<,<<<<<  3c3c3c3c3c3c3c3c3c3c2c3c3c3c3c3c
# epoch 46800  H=2.5134 C=1.8363 HO=0.6742  A(t)=730
     12443  <<<<<<<<<<<<<<<<  3c3c3c3c3c3c3c3c3c3c3c3c3c3c3c3c
      2218  {{{{{{{{{{{{{{{{  7b7b7b7b7b7b7b7b7b7b7b7b7b7b7b7b
       597  ,,,,,,,,,,,,,,,,  2c2c2c2c2c2c2c2c2c2c2c2c2c2c2c2c
       281  <<<<<<<<<<<<<<<,  3c3c3c3c3c3c3c3c3c3c3c3c3c3c3c2c
       268  ,<<<<<<<<<<<<<<<  2c3c3c3c3c3c3c3c3c3c3c3c3c3c3c3c
       266  <<<<<<<<<<<<<<,<  3c3c3c3c3c3c3c3c3c3c3c3c3c3c2c3c
       261  <<<<<<<<<<<<<,<<  3c3c3c3c3c3c3c3c3c3c3c3c3c2c3c3c
       259  <,<<<<<<<<<<<<<<  3c2c3c3c3c3c3c3c3c3c3c3c3c3c3c3c
       256  <<,<<<<<<<<<<<<<  3c3c2c3c3c3c3c3c3c3c3c3c3c3c3c3c
       252  <<<<<<<<<<<<,<<<  3c3c3c3c3c3c3c3c3c3c3c3c2c3c3c3c
# epoch 46850  H=2.4686 C=1.8177 HO=0.6460  A(t)=738
     12611  <<<<<<<<<<<<<<<<  3c3c3c3c3c3c3c3c3c3c3c3c3c3c3c3c
      2572  {{{{{{{{{{{{{{{{  7b7b7b7b7b7b7b7b7b7b7b7b7b7b7b7b
       497  ,,,,,,,,,,,,,,,,  2c2c2c2c2c2c2c2c2c2c2c2c2c2c2c2c
       318  <<<<<<<<<<<<<<<,  3c3c3c3c3c3c3c3c3c3c3c3c3c3c3c2c
       306  <<<<<<<<<<<<<<,<  3c3c3c3c3c3c3c3c3c3c3c3c3c3c2c3c
       299  ,<<<<<<<<<<<<<<<  2c3c3c3c3c3c3c3c3c3c3c3c3c3c3c3c
       294  <<<<<<<<<<<<<,<<  3c3c3c3c3c3c3c3c3c3c3c3c3c2c3c3c
       291  <<<,<<<<<<<<<<<<  3c3c3c2c3c3c3c3c3c3c3c3c3c3c3c3c
       289  <<<<,<<<<<<<<<<<  3c3c3c3c2c3c3c3c3c3c3c3c3c3c3c3c
       287  <<,<<<<<<<<<<<<<  3c3c2c3c3c3c3c3c3c3c3c3c3c3c3c3c
# epoch 46900  H=2.4402 C=1.7668 HO=0.6614  A(t)=739
     12832  <<<<<<<<<<<<<<<<  3c3c3c3c3c3c3c3c3c3c3c3c3c3c3c3c
      2305  {{{{{{{{{{{{{{{{  7b7b7b7b7b7b7b7b7b7b7b7b7b7b7b7b
       913  ,,,,,,,,,,,,,,,,  2c2c2c2c2c2c2c2c2c2c2c2c2c2c2c2c
       293  <<<<<<<<<<<<<<<,  3c3c3c3c3c3c3c3c3c3c3c3c3c3c3c2c
       282  ,<<<<<<<<<<<<<<<  2c3c3c3c3c3c3c3c3c3c3c3c3c3c3c3c
       274  <<<<<<<<<<<<<<,<  3c3c3c3c3c3c3c3c3c3c3c3c3c3c2c3c
       274  <<,<<<<<<<<<<<<<  3c3c2c3c3c3c3c3c3c3c3c3c3c3c3c3c
       274  <,<<<<<<<<<<<<<<  3c2c3c3c3c3c3c3c3c3c3c3c3c3c3c3c
       267  <<<<<<<<<<<<<,<<  3c3c3c3c3c3c3c3c3c3c3c3c3c2c3c3c
       263  <<<,<<<<<<<<<<<<  3c3c3c2c3c3c3c3c3c3c3c3c3c3c3c3c
# epoch 46950  H=2.5086 C=1.8615 HO=0.6495  A(t)=740
     12180  <<<<<<<<<<<<<<<<  3c3c3c3c3c3c3c3c3c3c3c3c3c3c3c3c
      2468  {{{{{{{{{{{{{{{{  7b7b7b7b7b7b7b7b7b7b7b7b7b7b7b7b
       451  ,,,,,,,,,,,,,,,,  2c2c2c2c2c2c2c2c2c2c2c2c2c2c2c2c
       326  <<<<<<<<<<<<<<<,  3c3c3c3c3c3c3c3c3c3c3c3c3c3c3c2c
       312  ,<<<<<<<<<<<<<<<  2c3c3c3c3c3c3c3c3c3c3c3c3c3c3c3c
       300  <<<<<<<<<<<<<<,<  3c3c3c3c3c3c3c3c3c3c3c3c3c3c2c3c
       291  <<<<<<<<<<<<<,<<  3c3c3c3c3c3c3c3c3c3c3c3c3c2c3c3c
       291  <,<<<<<<<<<<<<<<  3c2c3c3c3c3c3c3c3c3c3c3c3c3c3c3c
       288  <<,<<<<<<<<<<<<<  3c3c2c3c3c3c3c3c3c3c3c3c3c3c3c3c
       287  <<<<<<<,<<<<<<<<  3c3c3c3c3c3c3c2c3c3c3c3c3c3c3c3c
# epoch 47000  H=2.5387 C=1.8616 HO=0.6686  A(t)=744
     12189  <<<<<<<<<<<<<<<<  3c3c3c3c3c3c3c3c3c3c3c3c3c3c3c3c
      1952  {{{{{{{{{{{{{{{{  7b7b7b7b7b7b7b7b7b7b7b7b7b7b7b7b
       781  ,,,,,,,,,,,,,,,,  2c2c2c2c2c2c2c2c2c2c2c2c2c2c2c2c
       273  <<<<<<<<<<<<<<<,  3c3c3c3c3c3c3c3c3c3c3c3c3c3c3c2c
       252  ,<<<<<<<<<<<<<<<  2c3c3c3c3c3c3c3c3c3c3c3c3c3c3c3c
       250  <<<<<<<<<<<<<<,<  3c3c3c3c3c3c3c3c3c3c3c3c3c3c2c3c
       247  <<<<<<<<<<,<<<<<  3c3c3c3c3c3c3c3c3c3c2c3c3c3c3c3c
       245  <<<<<<<<<<<<<,<<  3c3c3c3c3c3c3c3c3c3c3c3c3c2c3c3c
       244  <<<<<<<<,<<<<<<<  3c3c3c3c3c3c3c3c2c3c3c3c3c3c3c3c
       241  <<<<<<<,<<<<<<<<  3c3c3c3c3c3c3c2c3c3c3c3c3c3c3c3c
# epoch 47050  H=2.5212 C=1.8550 HO=0.6595  A(t)=744
     11585  <<<<<<<<<<<<<<<<  3c3c3c3c3c3c3c3c3c3c3c3c3c3c3c3c
      2232  {{{{{{{{{{{{{{{{  7b7b7b7b7b7b7b7b7b7b7b7b7b7b7b7b
       387  ,,,,,,,,,,,,,,,,  2c2c2c2c2c2c2c2c2c2c2c2c2c2c2c2c
       299  <<<<<<<<<<<<<<<,  3c3c3c3c3c3c3c3c3c3c3c3c3c3c3c2c
       293  <<<<<<<<<<<<<<,<  3c3c3c3c3c3c3c3c3c3c3c3c3c3c2c3c
       287  <<<<<<<<,<<<<<<<  3c3c3c3c3c3c3c3c2c3c3c3c3c3c3c3c
       285  <<<<<<<,<<<<<<<<  3c3c3c3c3c3c3c2c3c3c3c3c3c3c3c3c
       283  <<<<,<<<<<<<<<<<  3c3c3c3c2c3c3c3c3c3c3c3c3c3c3c3c
       282  <<<<<<<<<,<<<<<<  3c3c3c3c3c3c3c3c3c2c3c3c3c3c3c3c
       282  <<<<<,<<<<<<<<<<  3c3c3c3c3c2c3c3c3c3c3c3c3c3c3c3c
# epoch 47100  H=2.5331 C=1.8737 HO=0.6536  A(t)=744
     11085  <<<<<<<<<<<<<<<<  3c3c3c3c3c3c3c3c3c3c3c3c3c3c3c3c
      1928  {{{{{{{{{{{{{{{{  7b7b7b7b7b7b7b7b7b7b7b7b7b7b7b7b
       522  ,,,,,,,,,,,,,,,,  2c2c2c2c2c2c2c2c2c2c2c2c2c2c2c2c
       286  <<<<<<<<<<<<<<<,  3c3c3c3c3c3c3c3c3c3c3c3c3c3c3c2c
       281  ,<<<<<<<<<<<<<<<  2c3c3c3c3c3c3c3c3c3c3c3c3c3c3c3c
       275  <<<<<<<<<<<<<<,<  3c3c3c3c3c3c3c3c3c3c3c3c3c3c2c3c
       269  <,<<<<<<<<<<<<<<  3c2c3c3c3c3c3c3c3c3c3c3c3c3c3c3c
       266  <<<<<<<,<<<<<<<<  3c3c3c3c3c3c3c2c3c3c3c3c3c3c3c3c
       266  <<,<<<<<<<<<<<<<  3c3c2c3c3c3c3c3c3c3c3c3c3c3c3c3c
       265  <<<<<<,<<<<<<<<<  3c3c3c3c3c3c2c3c3c3c3c3c3c3c3c3c
# epoch 47150  H=2.4842 C=1.8265 HO=0.6403  A(t)=744
     11535  <<<<<<<<<<<<<<<<  3c3c3c3c3c3c3c3c3c3c3c3c3c3c3c3c
      2747  {{{{{{{{{{{{{{{{  7b7b7b7b7b7b7b7b7b7b7b7b7b7b7b7b
       538  ,,,,,,,,,,,,,,,,  2c2c2c2c2c2c2c2c2c2c2c2c2c2c2c2c
       328  <<<<<<<<<<<<<<<,  3c3c3c3c3c3c3c3c3c3c3c3c3c3c3c2c
       324  <<<<<<<<<<<<<<,<  3c3c3c3c3c3c3c3c3c3c3c3c3c3c2c3c
       317  <<<<<<<<<<<<<,<<  3c3c3c3c3c3c3c3c3c3c3c3c3c2c3c3c
       317  <<<<<<<<<<<<,<<<  3c3c3c3c3c3c3c3c3c3c3c3c2c3c3c3c
       313  <<<<<<<<<<<,<<<<  3c3c3c3c3c3c3c3c3c3c3c2c3c3c3c3c
       311  ,<<<<<<<<<<<<<<<  2c3c3c3c3c3c3c3c3c3c3c3c3c3c3c3c
       309  <<<<<<<<<<,<<<<<  3c3c3c3c3c3c3c3c3c3c2c3c3c3c3c3c
# epoch 47200  H=2.5356 C=1.8844 HO=0.6468  A(t)=744
     11824  <<<<<<<<<<<<<<<<  3c3c3c3c3c3c3c3c3c3c3c3c3c3c3c3c
      2448  {{{{{{{{{{{{{{{{  7b7b7b7b7b7b7b7b7b7b7b7b7b7b7b7b
       321  ,,,,,,,,,,,,,,,,  2c2c2c2c2c2c2c2c2c2c2c2c2c2c2c2c
       314  ,<<<<<<<<<<<<<<<  2c3c3c3c3c3c3c3c3c3c3c3c3c3c3c3c
       312  <,<<<<<<<<<<<<<<  3c2c3c3c3c3c3c3c3c3c3c3c3c3c3c3c
       304  <<<<<<<<<<<<<<<,  3c3c3c3c3c3c3c3c3c3c3c3c3c3c3c2c
       304  <<<<<<,<<<<<<<<<  3c3c3c3c3c3c2c3c3c3c3c3c3c3c3c3c
       303  <<<<<<<<<<<<<<,<  3c3c3c3c3c3c3c3c3c3c3c3c3c3c2c3c
       303  <<<<<<<,<<<<<<<<  3c3c3c3c3c3c3c2c3c3c3c3c3c3c3c3c
       303  <<<<<,<<<<<<<<<<  3c3c3c3c3c2c3c3c3c3c3c3c3c3c3c3c
# epoch 47250  H=2.5126 C=1.8448 HO=0.6700  A(t)=744
     11991  <<<<<<<<<<<<<<<<  3c3c3c3c3c3c3c3c3c3c3c3c3c3c3c3c
      2887  {{{{{{{{{{{{{{{{  7b7b7b7b7b7b7b7b7b7b7b7b7b7b7b7b
       443  ,,,,,,,,,,,,,,,,  2c2c2c2c2c2c2c2c2c2c2c2c2c2c2c2c
       309  <<<<<<<<<<<<<<<,  3c3c3c3c3c3c3c3c3c3c3c3c3c3c3c2c
       304  ,<<<<<<<<<<<<<<<  2c3c3c3c3c3c3c3c3c3c3c3c3c3c3c3c
       293  <<<<<<<,<<<<<<<<  3c3c3c3c3c3c3c2c3c3c3c3c3c3c3c3c
       291  <,<<<<<<<<<<<<<<  3c2c3c3c3c3c3c3c3c3c3c3c3c3c3c3c
       290  <<<<<<,<<<<<<<<<  3c3c3c3c3c3c2c3c3c3c3c3c3c3c3c3c
       289  <<<<<<<<<,<<<<<<  3c3c3c3c3c3c3c3c3c2c3c3c3c3c3c3c
       288  <<<<<<<<,<<<<<<<  3c3c3c3c3c3c3c3c2c3c3c3c3c3c3c3c
# epoch 47300  H=2.5557 C=1.9343 HO=0.6316  A(t)=744
     11072  <<<<<<<<<<<<<<<<  3c3c3c3c3c3c3c3c3c3c3c3c3c3c3c3c
      2381  {{{{{{{{{{{{{{{{  7b7b7b7b7b7b7b7b7b7b7b7b7b7b7b7b
       288  <<<<<<<<<<<<<<<,  3c3c3c3c3c3c3c3c3c3c3c3c3c3c3c2c
       285  ,<<<<<<<<<<<<<<<  2c3c3c3c3c3c3c3c3c3c3c3c3c3c3c3c
       271  <<<<<<<<<<<<<<,<  3c3c3c3c3c3c3c3c3c3c3c3c3c3c2c3c
       270  <,<<<<<<<<<<<<<<  3c2c3c3c3c3c3c3c3c3c3c3c3c3c3c3c
       265  <<<<<<<<<<<<,<<<  3c3c3c3c3c3c3c3c3c3c3c3c2c3c3c3c
       263  <<,<<<<<<<<<<<<<  3c3c2c3c3c3c3c3c3c3c3c3c3c3c3c3c
       262  <<<<<<<<<<<,<<<<  3c3c3c3c3c3c3c3c3c3c3c2c3c3c3c3c
       259  <<<<<<<<<<<<<,<<  3c3c3c3c3c3c3c3c3c3c3c3c3c2c3c3c
# epoch 47350  H=2.5016 C=1.8530 HO=0.6457  A(t)=744
     12122  <<<<<<<<<<<<<<<<  3c3c3c3c3c3c3c3c3c3c3c3c3c3c3c3c
      2801  {{{{{{{{{{{{{{{{  7b7b7b7b7b7b7b7b7b7b7b7b7b7b7b7b
       362  ,,,,,,,,,,,,,,,,  2c2c2c2c2c2c2c2c2c2c2c2c2c2c2c2c
       292  ,<<<<<<<<<<<<<<<  2c3c3c3c3c3c3c3c3c3c3c3c3c3c3c3c
       291  <<<<<<<<<<<<<<<,  3c3c3c3c3c3c3c3c3c3c3c3c3c3c3c2c
       274  <,<<<<<<<<<<<<<<  3c2c3c3c3c3c3c3c3c3c3c3c3c3c3c3c
       270  <<<<<<<<<<<<<<,<  3c3c3c3c3c3c3c3c3c3c3c3c3c3c2c3c
       268  <<<<,<<<<<<<<<<<  3c3c3c3c2c3c3c3c3c3c3c3c3c3c3c3c
       266  <<,<<<<<<<<<<<<<  3c3c2c3c3c3c3c3c3c3c3c3c3c3c3c3c
       264  <<<<<,<<<<<<<<<<  3c3c3c3c3c2c3c3c3c3c3c3c3c3c3c3c
# epoch 47400  H=2.5172 C=1.8368 HO=0.6750  A(t)=744
     12526  <<<<<<<<<<<<<<<<  3c3c3c3c3c3c3c3c3c3c3c3c3c3c3c3c
      2699  {{{{{{{{{{{{{{{{  7b7b7b7b7b7b7b7b7b7b7b7b7b7b7b7b
       511  ,,,,,,,,,,,,,,,,  2c2c2c2c2c2c2c2c2c2c2c2c2c2c2c2c
       298  <<<<<<<<<<<<<<<,  3c3c3c3c3c3c3c3c3c3c3c3c3c3c3c2c
       297  ,<<<<<<<<<<<<<<<  2c3c3c3c3c3c3c3c3c3c3c3c3c3c3c3c
       284  <<,<<<<<<<<<<<<<  3c3c2c3c3c3c3c3c3c3c3c3c3c3c3c3c
       284  <,<<<<<<<<<<<<<<  3c2c3c3c3c3c3c3c3c3c3c3c3c3c3c3c
       282  <<<<<<<<<<<<<<,<  3c3c3c3c3c3c3c3c3c3c3c3c3c3c2c3c
       272  <<<<<,<<<<<<<<<<  3c3c3c3c3c2c3c3c3c3c3c3c3c3c3c3c
       272  <<<,<<<<<<<<<<<<  3c3c3c2c3c3c3c3c3c3c3c3c3c3c3c3c
# epoch 47450  H=2.5387 C=1.8629 HO=0.6725  A(t)=744
     12010  <<<<<<<<<<<<<<<<  3c3c3c3c3c3c3c3c3c3c3c3c3c3c3c3c
      2115  {{{{{{{{{{{{{{{{  7b7b7b7b7b7b7b7b7b7b7b7b7b7b7b7b
       498  ,,,,,,,,,,,,,,,,  2c2c2c2c2c2c2c2c2c2c2c2c2c2c2c2c
       304  <<<<<<<<<<<<<<<,  3c3c3c3c3c3c3c3c3c3c3c3c3c3c3c2c
       290  ,<<<<<<<<<<<<<<<  2c3c3c3c3c3c3c3c3c3c3c3c3c3c3c3c
       288  <<<<<<<<<<<<<<,<  3c3c3c3c3c3c3c3c3c3c3c3c3c3c2c3c
       284  <<<<<<<<<<<<<,<<  3c3c3c3c3c3c3c3c3c3c3c3c3c2c3c3c
       284  <<<<<<<<<<<<,<<<  3c3c3c3c3c3c3c3c3c3c3c3c2c3c3c3c
       281  <<<,<<<<<<<<<<<<  3c3c3c2c3c3c3c3c3c3c3c3c3c3c3c3c
       281  <,<<<<<<<<<<<<<<  3c2c3c3c3c3c3c3c3c3c3c3c3c3c3c3c
# epoch 47500  H=2.4601 C=1.8362 HO=0.6064  A(t)=744
     11948  <<<<<<<<<<<<<<<<  3c3c3c3c3c3c3c3c3c3c3c3c3c3c3c3c
      2306  {{{{{{{{{{{{{{{{  7b7b7b7b7b7b7b7b7b7b7b7b7b7b7b7b
       410  ,,,,,,,,,,,,,,,,  2c2c2c2c2c2c2c2c2c2c2c2c2c2c2c2c
       306  <<<<<<<<<<<<<<<,  3c3c3c3c3c3c3c3c3c3c3c3c3c3c3c2c
       289  <<<<<<<<<<<<<<,<  3c3c3c3c3c3c3c3c3c3c3c3c3c3c2c3c
       273  ,<<<<<<<<<<<<<<<  2c3c3c3c3c3c3c3c3c3c3c3c3c3c3c3c
       270  <<<<<<<<<<<<<,<<  3c3c3c3c3c3c3c3c3c3c3c3c3c2c3c3c
       267  <<<<<<<<<<<<,<<<  3c3c3c3c3c3c3c3c3c3c3c3c2c3c3c3c
       265  <<,<<<<<<<<<<<<<  3c3c2c3c3c3c3c3c3c3c3c3c3c3c3c3c
       263  <<<<<<<<<<,<<<<<  3c3c3c3c3c3c3c3c3c3c2c3c3c3c3c3c
# epoch 47550  H=2.4774 C=1.8481 HO=0.6163  A(t)=745
     11753  <<<<<<<<<<<<<<<<  3c3c3c3c3c3c3c3c3c3c3c3c3c3c3c3c
      2679  {{{{{{{{{{{{{{{{  7b7b7b7b7b7b7b7b7b7b7b7b7b7b7b7b
       465  ,,,,,,,,,,,,,,,,  2c2c2c2c2c2c2c2c2c2c2c2c2c2c2c2c
       321  <<<<<<<<<<<<<<<,  3c3c3c3c3c3c3c3c3c3c3c3c3c3c3c2c
       308  ,<<<<<<<<<<<<<<<  2c3c3c3c3c3c3c3c3c3c3c3c3c3c3c3c
       303  <<<<<<<<<<<<<<,<  3c3c3c3c3c3c3c3c3c3c3c3c3c3c2c3c
       301  <<<<<<<<<<<<<,<<  3c3c3c3c3c3c3c3c3c3c3c3c3c2c3c3c
       295  <,<<<<<<<<<<<<<<  3c2c3c3c3c3c3c3c3c3c3c3c3c3c3c3c
       294  <<<,<<<<<<<<<<<<  3c3c3c2c3c3c3c3c3c3c3c3c3c3c3c3c
       294  <<,<<<<<<<<<<<<<  3c3c2c3c3c3c3c3c3c3c3c3c3c3c3c3c
# epoch 47600  H=2.5283 C=1.8835 HO=0.6385  A(t)=745
     11073  <<<<<<<<<<<<<<<<  3c3c3c3c3c3c3c3c3c3c3c3c3c3c3c3c
      2282  {{{{{{{{{{{{{{{{  7b7b7b7b7b7b7b7b7b7b7b7b7b7b7b7b
       718  ,,,,,,,,,,,,,,,,  2c2c2c2c2c2c2c2c2c2c2c2c2c2c2c2c
       338  ,<<<<<<<<<<<<<<<  2c3c3c3c3c3c3c3c3c3c3c3c3c3c3c3c
       337  <,<<<<<<<<<<<<<<  3c2c3c3c3c3c3c3c3c3c3c3c3c3c3c3c
       336  <<<<<<<<<<<<<<<,  3c3c3c3c3c3c3c3c3c3c3c3c3c3c3c2c
       326  <<,<<<<<<<<<<<<<  3c3c2c3c3c3c3c3c3c3c3c3c3c3c3c3c
       321  <<<<<<<<<<<<<<,<  3c3c3c3c3c3c3c3c3c3c3c3c3c3c2c3c
       311  <<<<<<<<<<<<<,<<  3c3c3c3c3c3c3c3c3c3c3c3c3c2c3c3c
       309  <<<,<<<<<<<<<<<<  3c3c3c2c3c3c3c3c3c3c3c3c3c3c3c3c
# epoch 47650  H=2.5782 C=1.9280 HO=0.6528  A(t)=745
     11374  <<<<<<<<<<<<<<<<  3c3c3c3c3c3c3c3c3c3c3c3c3c3c3c3c
      1986  {{{{{{{{{{{{{{{{  7b7b7b7b7b7b7b7b7b7b7b7b7b7b7b7b
       420  ,,,,,,,,,,,,,,,,  2c2c2c2c2c2c2c2c2c2c2c2c2c2c2c2c
       292  <<<<<<<<<<<<<<<,  3c3c3c3c3c3c3c3c3c3c3c3c3c3c3c2c
       278  <<<<<<<<<<<<<<,<  3c3c3c3c3c3c3c3c3c3c3c3c3c3c2c3c
       273  ,<<<<<<<<<<<<<<<  2c3c3c3c3c3c3c3c3c3c3c3c3c3c3c3c
       272  <<,<<<<<<<<<<<<<  3c3c2c3c3c3c3c3c3c3c3c3c3c3c3c3c
       272  <,<<<<<<<<<<<<<<  3c2c3c3c3c3c3c3c3c3c3c3c3c3c3c3c
       271  <<<<<<<<<<<<<,<<  3c3c3c3c3c3c3c3c3c3c3c3c3c2c3c3c
       264  <<<<<<<,<<<<<<<<  3c3c3c3c3c3c3c2c3c3c3c3c3c3c3c3c
# epoch 47700  H=2.4996 C=1.8423 HO=0.6510  A(t)=745
     12261  <<<<<<<<<<<<<<<<  3c3c3c3c3c3c3c3c3c3c3c3c3c3c3c3c
      2664  {{{{{{{{{{{{{{{{  7b7b7b7b7b7b7b7b7b7b7b7b7b7b7b7b
       650  ,,,,,,,,,,,,,,,,  2c2c2c2c2c2c2c2c2c2c2c2c2c2c2c2c
       326  <<<<<<<<<<<<<<<,  3c3c3c3c3c3c3c3c3c3c3c3c3c3c3c2c
       318  <<<<<<<<<<<<<,<<  3c3c3c3c3c3c3c3c3c3c3c3c3c2c3c3c
       316  <<<<<<<<<<<<<<,<  3c3c3c3c3c3c3c3c3c3c3c3c3c3c2c3c
       309  <<<<<<<<<<<<,<<<  3c3c3c3c3c3c3c3c3c3c3c3c2c3c3c3c
       301  <<<<<<<<<<<,<<<<  3c3c3c3c3c3c3c3c3c3c3c2c3c3c3c3c
       301  <,<<<<<<<<<<<<<<  3c2c3c3c3c3c3c3c3c3c3c3c3c3c3c3c
       299  <<<,<<<<<<<<<<<<  3c3c3c2c3c3c3c3c3c3c3c3c3c3c3c3c
# epoch 47750  H=2.6118 C=1.9485 HO=0.6599  A(t)=745
     11074  <<<<<<<<<<<<<<<<  3c3c3c3c3c3c3c3c3c3c3c3c3c3c3c3c
      2445  {{{{{{{{{{{{{{{{  7b7b7b7b7b7b7b7b7b7b7b7b7b7b7b7b
       461  ,,,,,,,,,,,,,,,,  2c2c2c2c2c2c2c2c2c2c2c2c2c2c2c2c
       272  <<<<<<<<<<<<<<<,  3c3c3c3c3c3c3c3c3c3c3c3c3c3c3c2c
       269  ,<<<<<<<<<<<<<<<  2c3c3c3c3c3c3c3c3c3c3c3c3c3c3c3c
       265  <,<<<<<<<<<<<<<<  3c2c3c3c3c3c3c3c3c3c3c3c3c3c3c3c
       261  <<<<<<<<<<<<<<,<  3c3c3c3c3c3c3c3c3c3c3c3c3c3c2c3c
       252  <<<<<<<<<<<<,<<<  3c3c3c3c3c3c3c3c3c3c3c3c2c3c3c3c
       251  <<,<<<<<<<<<<<<<  3c3c2c3c3c3c3c3c3c3c3c3c3c3c3c3c
       248  <<<<<<<<<<<<<,<<  3c3c3c3c3c3c3c3c3c3c3c3c3c2c3c3c
# epoch 47800  H=2.5791 C=1.9144 HO=0.6542  A(t)=745
     11254  <<<<<<<<<<<<<<<<  3c3c3c3c3c3c3c3c3c3c3c3c3c3c3c3c
      2188  {{{{{{{{{{{{{{{{  7b7b7b7b7b7b7b7b7b7b7b7b7b7b7b7b
       722  ,,,,,,,,,,,,,,,,  2c2c2c2c2c2c2c2c2c2c2c2c2c2c2c2c
       303  <<<<<<<<<<<<<<<,  3c3c3c3c3c3c3c3c3c3c3c3c3c3c3c2c
       280  <<<<<<<<<<<<<<,<  3c3c3c3c3c3c3c3c3c3c3c3c3c3c2c3c
       271  ,<<<<<<<<<<<<<<<  2c3c3c3c3c3c3c3c3c3c3c3c3c3c3c3c
       263  <<<<<<<<<<<<<,<<  3c3c3c3c3c3c3c3c3c3c3c3c3c2c3c3c
       259  <,<<<<<<<<<<<<<<  3c2c3c3c3c3c3c3c3c3c3c3c3c3c3c3c
       253  <<,<<<<<<<<<<<<<  3c3c2c3c3c3c3c3c3c3c3c3c3c3c3c3c
       252  <<<<<<<<<<<<,<<<  3c3c3c3c3c3c3c3c3c3c3c3c2c3c3c3c
# epoch 47850  H=2.6240 C=1.9388 HO=0.6853  A(t)=745
     11165  <<<<<<<<<<<<<<<<  3c3c3c3c3c3c3c3c3c3c3c3c3c3c3c3c
      1703  {{{{{{{{{{{{{{{{  7b7b7b7b7b7b7b7b7b7b7b7b7b7b7b7b
       753  ,,,,,,,,,,,,,,,,  2c2c2c2c2c2c2c2c2c2c2c2c2c2c2c2c
       273  <<<<<<<<<<<<<<<,  3c3c3c3c3c3c3c3c3c3c3c3c3c3c3c2c
       258  <<<<<<<<<<<<<<,<  3c3c3c3c3c3c3c3c3c3c3c3c3c3c2c3c
       251  ,<<<<<<<<<<<<<<<  2c3c3c3c3c3c3c3c3c3c3c3c3c3c3c3c
       248  <<<<<<<<<<<<<,<<  3c3c3c3c3c3c3c3c3c3c3c3c3c2c3c3c
       246  <<,<<<<<<<<<<<<<  3c3c2c3c3c3c3c3c3c3c3c3c3c3c3c3c
       244  <<<<<<<<<<<<,<<<  3c3c3c3c3c3c3c3c3c3c3c3c2c3c3c3c
       244  <<<,<<<<<<<<<<<<  3c3c3c2c3c3c3c3c3c3c3c3c3c3c3c3c
# epoch 47900  H=2.5080 C=1.8512 HO=0.6399  A(t)=745
     11424  <<<<<<<<<<<<<<<<  3c3c3c3c3c3c3c3c3c3c3c3c3c3c3c3c
      1739  {{{{{{{{{{{{{{{{  7b7b7b7b7b7b7b7b7b7b7b7b7b7b7b7b
       549  ,,,,,,,,,,,,,,,,  2c2c2c2c2c2c2c2c2c2c2c2c2c2c2c2c
       308  <<<<<<<<<<<<<<<,  3c3c3c3c3c3c3c3c3c3c3c3c3c3c3c2c
       299  ,<<<<<<<<<<<<<<<  2c3c3c3c3c3c3c3c3c3c3c3c3c3c3c3c
       296  <<<<<<<<<<<<<<,<  3c3c3c3c3c3c3c3c3c3c3c3c3c3c2c3c
       278  <<<<<<<<<<<<<,<<  3c3c3c3c3c3c3c3c3c3c3c3c3c2c3c3c
       271  <<<,<<<<<<<<<<<<  3c3c3c2c3c3c3c3c3c3c3c3c3c3c3c3c
       271  <,<<<<<<<<<<<<<<  3c2c3c3c3c3c3c3c3c3c3c3c3c3c3c3c
       265  <<,<<<<<<<<<<<<<  3c3c2c3c3c3c3c3c3c3c3c3c3c3c3c3c
# epoch 47950  H=2.4543 C=1.8057 HO=0.6516  A(t)=745
     11921  <<<<<<<<<<<<<<<<  3c3c3c3c3c3c3c3c3c3c3c3c3c3c3c3c
      2459  {{{{{{{{{{{{{{{{  7b7b7b7b7b7b7b7b7b7b7b7b7b7b7b7b
       538  ,,,,,,,,,,,,,,,,  2c2c2c2c2c2c2c2c2c2c2c2c2c2c2c2c
       330  <<<<<<<<<<<<<<<,  3c3c3c3c3c3c3c3c3c3c3c3c3c3c3c2c
       319  <<<<<<<<<<<<<<,<  3c3c3c3c3c3c3c3c3c3c3c3c3c3c2c3c
       312  ,<<<<<<<<<<<<<<<  2c3c3c3c3c3c3c3c3c3c3c3c3c3c3c3c
       302  <<<<<<<<<<<<<,<<  3c3c3c3c3c3c3c3c3c3c3c3c3c2c3c3c
       301  <<,<<<<<<<<<<<<<  3c3c2c3c3c3c3c3c3c3c3c3c3c3c3c3c
       299  <,<<<<<<<<<<<<<<  3c2c3c3c3c3c3c3c3c3c3c3c3c3c3c3c
       295  <<<<,<<<<<<<<<<<  3c3c3c3c2c3c3c3c3c3c3c3c3c3c3c3c
# epoch 48000  H=2.5731 C=1.8788 HO=0.6953  A(t)=745
     11148  <<<<<<<<<<<<<<<<  3c3c3c3c3c3c3c3c3c3c3c3c3c3c3c3c
      1926  {{{{{{{{{{{{{{{{  7b7b7b7b7b7b7b7b7b7b7b7b7b7b7b7b
       577  ,,,,,,,,,,,,,,,,  2c2c2c2c2c2c2c2c2c2c2c2c2c2c2c2c
       277  <<<<<<<<<<<<<<<,  3c3c3c3c3c3c3c3c3c3c3c3c3c3c3c2c
       251  <<<<<<<<<<<<<<,<  3c3c3c3c3c3c3c3c3c3c3c3c3c3c2c3c
       250  ,<<<<<<<<<<<<<<<  2c3c3c3c3c3c3c3c3c3c3c3c3c3c3c3c
       249  <<<<<<<<<<<<<,<<  3c3c3c3c3c3c3c3c3c3c3c3c3c2c3c3c
       243  <<<,<<<<<<<<<<<<  3c3c3c2c3c3c3c3c3c3c3c3c3c3c3c3c
       241  <<<<,<<<<<<<<<<<  3c3c3c3c2c3c3c3c3c3c3c3c3c3c3c3c
       240  <<<<<,<<<<<<<<<<  3c3c3c3c3c2c3c3c3c3c3c3c3c3c3c3c
# epoch 48050  H=2.4098 C=1.7543 HO=0.6322  A(t)=745
     11614  <<<<<<<<<<<<<<<<  3c3c3c3c3c3c3c3c3c3c3c3c3c3c3c3c
      2432  {{{{{{{{{{{{{{{{  7b7b7b7b7b7b7b7b7b7b7b7b7b7b7b7b
       687  ,,,,,,,,,,,,,,,,  2c2c2c2c2c2c2c2c2c2c2c2c2c2c2c2c
       344  <<<<<<<<<<<<<<<,  3c3c3c3c3c3c3c3c3c3c3c3c3c3c3c2c
       333  ,<<<<<<<<<<<<<<<  2c3c3c3c3c3c3c3c3c3c3c3c3c3c3c3c
       323  <<<<<<<<<<<<<<,<  3c3c3c3c3c3c3c3c3c3c3c3c3c3c2c3c
       322  <<,<<<<<<<<<<<<<  3c3c2c3c3c3c3c3c3c3c3c3c3c3c3c3c
       320  <<<<<<<<<<<<<,<<  3c3c3c3c3c3c3c3c3c3c3c3c3c2c3c3c
       319  <<<<,<<<<<<<<<<<  3c3c3c3c2c3c3c3c3c3c3c3c3c3c3c3c
       316  <,<<<<<<<<<<<<<<  3c2c3c3c3c3c3c3c3c3c3c3c3c3c3c3c
# epoch 48100  H=2.4443 C=1.8079 HO=0.6388  A(t)=745
     11528  <<<<<<<<<<<<<<<<  3c3c3c3c3c3c3c3c3c3c3c3c3c3c3c3c
      1797  {{{{{{{{{{{{{{{{  7b7b7b7b7b7b7b7b7b7b7b7b7b7b7b7b
       485  ,,,,,,,,,,,,,,,,  2c2c2c2c2c2c2c2c2c2c2c2c2c2c2c2c
       271  ,<<<<<<<<<<<<<<<  2c3c3c3c3c3c3c3c3c3c3c3c3c3c3c3c
       268  <<,<<<<<<<<<<<<<  3c3c2c3c3c3c3c3c3c3c3c3c3c3c3c3c
       267  <,<<<<<<<<<<<<<<  3c2c3c3c3c3c3c3c3c3c3c3c3c3c3c3c
       265  <<<<,<<<<<<<<<<<  3c3c3c3c2c3c3c3c3c3c3c3c3c3c3c3c
       265  <<<,<<<<<<<<<<<<  3c3c3c2c3c3c3c3c3c3c3c3c3c3c3c3c
       264  <<<<<<<<<<<<<<<,  3c3c3c3c3c3c3c3c3c3c3c3c3c3c3c2c
       264  <<<<<<<<<<<,<<<<  3c3c3c3c3c3c3c3c3c3c3c2c3c3c3c3c
# epoch 48150  H=2.4647 C=1.8020 HO=0.6465  A(t)=745
     12655  <<<<<<<<<<<<<<<<  3c3c3c3c3c3c3c3c3c3c3c3c3c3c3c3c
      2349  {{{{{{{{{{{{{{{{  7b7b7b7b7b7b7b7b7b7b7b7b7b7b7b7b
       440  ,,,,,,,,,,,,,,,,  2c2c2c2c2c2c2c2c2c2c2c2c2c2c2c2c
       295  <<<<<<<<<<<<<<<,  3c3c3c3c3c3c3c3c3c3c3c3c3c3c3c2c
       281  <<<<<<<<<<<<<<,<  3c3c3c3c3c3c3c3c3c3c3c3c3c3c2c3c
       278  <<<<<<<<<<<<<,<<  3c3c3c3c3c3c3c3c3c3c3c3c3c2c3c3c
       260  <<<<<<<<<<<<,<<<  3c3c3c3c3c3c3c3c3c3c3c3c2c3c3c3c
       255  <,<<<<<<<<<<<<<<  3c2c3c3c3c3c3c3c3c3c3c3c3c3c3c3c
       253  <<<<<<<<<,<<<<<<  3c3c3c3c3c3c3c3c3c2c3c3c3c3c3c3c
       251  <<<<<<<<,<<<<<<<  3c3c3c3c3c3c3c3c2c3c3c3c3c3c3c3c
# epoch 48200  H=2.5861 C=1.8744 HO=0.7065  A(t)=745
     10805  <<<<<<<<<<<<<<<<  3c3c3c3c3c3c3c3c3c3c3c3c3c3c3c3c
      2646  {{{{{{{{{{{{{{{{  7b7b7b7b7b7b7b7b7b7b7b7b7b7b7b7b
       524  ,,,,,,,,,,,,,,,,  2c2c2c2c2c2c2c2c2c2c2c2c2c2c2c2c
       237  <<<<<<<<<<<<<<<,  3c3c3c3c3c3c3c3c3c3c3c3c3c3c3c2c
       229  ,<<<<<<<<<<<<<<<  2c3c3c3c3c3c3c3c3c3c3c3c3c3c3c3c
       225  <<<<<<<<<,<<<<<<  3c3c3c3c3c3c3c3c3c2c3c3c3c3c3c3c
       219  <<<<<<<<<<,<<<<<  3c3c3c3c3c3c3c3c3c3c2c3c3c3c3c3c
       219  <<<<<<<,<<<<<<<<  3c3c3c3c3c3c3c2c3c3c3c3c3c3c3c3c
       217  <<<<<<<<,<<<<<<<  3c3c3c3c3c3c3c3c2c3c3c3c3c3c3c3c
       216  <<<<<<<<<<<<<,<<  3c3c3c3c3c3c3c3c3c3c3c3c3c2c3c3c
# epoch 48250  H=2.5428 C=1.8527 HO=0.6866  A(t)=745
     11362  <<<<<<<<<<<<<<<<  3c3c3c3c3c3c3c3c3c3c3c3c3c3c3c3c
      2691  {{{{{{{{{{{{{{{{  7b7b7b7b7b7b7b7b7b7b7b7b7b7b7b7b
       341  ,,,,,,,,,,,,,,,,  2c2c2c2c2c2c2c2c2c2c2c2c2c2c2c2c
       287  <<<<<<<<<<<<<<<,  3c3c3c3c3c3c3c3c3c3c3c3c3c3c3c2c
       276  <<<<<<<<<<<<<<,<  3c3c3c3c3c3c3c3c3c3c3c3c3c3c2c3c
       274  <<<<<<<<<<<<<,<<  3c3c3c3c3c3c3c3c3c3c3c3c3c2c3c3c
       274  ,<<<<<<<<<<<<<<<  2c3c3c3c3c3c3c3c3c3c3c3c3c3c3c3c
       272  <<<<<<<<<<<<,<<<  3c3c3c3c3c3c3c3c3c3c3c3c2c3c3c3c
       272  <<<<<,<<<<<<<<<<  3c3c3c3c3c2c3c3c3c3c3c3c3c3c3c3c
       272  <,<<<<<<<<<<<<<<  3c2c3c3c3c3c3c3c3c3c3c3c3c3c3c3c
# epoch 48300  H=2.5486 C=1.8369 HO=0.7045  A(t)=745
     10883  <<<<<<<<<<<<<<<<  3c3c3c3c3c3c3c3c3c3c3c3c3c3c3c3c
      2757  {{{{{{{{{{{{{{{{  7b7b7b7b7b7b7b7b7b7b7b7b7b7b7b7b
       533  ,,,,,,,,,,,,,,,,  2c2c2c2c2c2c2c2c2c2c2c2c2c2c2c2c
       309  <<<<<<<<<<<<<<<,  3c3c3c3c3c3c3c3c3c3c3c3c3c3c3c2c
       295  <<<<<<<<<<<<<<,<  3c3c3c3c3c3c3c3c3c3c3c3c3c3c2c3c
       288  <<<<<<<<<<<<<,<<  3c3c3c3c3c3c3c3c3c3c3c3c3c2c3c3c
       285  ,<<<<<<<<<<<<<<<  2c3c3c3c3c3c3c3c3c3c3c3c3c3c3c3c
       283  <<<<<<<<<<<<,<<<  3c3c3c3c3c3c3c3c3c3c3c3c2c3c3c3c
       277  <<<<<<<<<<<,<<<<  3c3c3c3c3c3c3c3c3c3c3c2c3c3c3c3c
       273  <<<<<<<<<<,<<<<<  3c3c3c3c3c3c3c3c3c3c2c3c3c3c3c3c
# epoch 48350  H=2.5156 C=1.8090 HO=0.6952  A(t)=746
     10897  <<<<<<<<<<<<<<<<  3c3c3c3c3c3c3c3c3c3c3c3c3c3c3c3c
      2617  {{{{{{{{{{{{{{{{  7b7b7b7b7b7b7b7b7b7b7b7b7b7b7b7b
       831  ,,,,,,,,,,,,,,,,  2c2c2c2c2c2c2c2c2c2c2c2c2c2c2c2c
       319  <<<<<<<<<<<<<<<,  3c3c3c3c3c3c3c3c3c3c3c3c3c3c3c2c
       306  <<<<<<<<<<<<<<,<  3c3c3c3c3c3c3c3c3c3c3c3c3c3c2c3c
       302  <,<<<<<<<<<<<<<<  3c2c3c3c3c3c3c3c3c3c3c3c3c3c3c3c
       300  <<,<<<<<<<<<<<<<  3c3c2c3c3c3c3c3c3c3c3c3c3c3c3c3c
       299  ,<<<<<<<<<<<<<<<  2c3c3c3c3c3c3c3c3c3c3c3c3c3c3c3c
       294  <<<,<<<<<<<<<<<<  3c3c3c2c3c3c3c3c3c3c3c3c3c3c3c3c
       291  <<<<<<<<<<,<<<<<  3c3c3c3c3c3c3c3c3c3c2c3c3c3c3c3c
# epoch 48400  H=2.4839 C=1.8063 HO=0.6639  A(t)=746
     11733  <<<<<<<<<<<<<<<<  3c3c3c3c3c3c3c3c3c3c3c3c3c3c3c3c
      2429  {{{{{{{{{{{{{{{{  7b7b7b7b7b7b7b7b7b7b7b7b7b7b7b7b
       501  ,,,,,,,,,,,,,,,,  2c2c2c2c2c2c2c2c2c2c2c2c2c2c2c2c
       304  <<<<<<<<<<<<<<<,  3c3c3c3c3c3c3c3c3c3c3c3c3c3c3c2c
       294  <<<<<<<<<<<<<<,<  3c3c3c3c3c3c3c3c3c3c3c3c3c3c2c3c
       284  ,<<<<<<<<<<<<<<<  2c3c3c3c3c3c3c3c3c3c3c3c3c3c3c3c
       283  <<<<<<<<,<<<<<<<  3c3c3c3c3c3c3c3c2c3c3c3c3c3c3c3c
       283  <<,<<<<<<<<<<<<<  3c3c2c3c3c3c3c3c3c3c3c3c3c3c3c3c
       280  <<<<<<<<<<<<<,<<  3c3c3c3c3c3c3c3c3c3c3c3c3c2c3c3c
       277  <,<<<<<<<<<<<<<<  3c2c3c3c3c3c3c3c3c3c3c3c3c3c3c3c
# epoch 48450  H=2.5322 C=1.8779 HO=0.6397  A(t)=746
     11189  <<<<<<<<<<<<<<<<  3c3c3c3c3c3c3c3c3c3c3c3c3c3c3c3c
      2178  {{{{{{{{{{{{{{{{  7b7b7b7b7b7b7b7b7b7b7b7b7b7b7b7b
       311  <<<<<<<<<<<<<<<,  3c3c3c3c3c3c3c3c3c3c3c3c3c3c3c2c
       300  <<<<<<<<<<<<,<<<  3c3c3c3c3c3c3c3c3c3c3c3c2c3c3c3c
       298  <<<<<<<<<<<<<<,<  3c3c3c3c3c3c3c3c3c3c3c3c3c3c2c3c
       296  <<<<<<<<<<<<<,<<  3c3c3c3c3c3c3c3c3c3c3c3c3c2c3c3c
       295  ................  2e2e2e2e2e2e2e2e2e2e2e2e2e2e2e2e
       290  <<<<<<<<<<,<<<<<  3c3c3c3c3c3c3c3c3c3c2c3c3c3c3c3c
       286  <<<<<<<<<<<,<<<<  3c3c3c3c3c3c3c3c3c3c3c2c3c3c3c3c
       283  <<<<<<<<<,<<<<<<  3c3c3c3c3c3c3c3c3c2c3c3c3c3c3c3c
# epoch 48500  H=2.5009 C=1.8763 HO=0.6061  A(t)=746
     11198  <<<<<<<<<<<<<<<<  3c3c3c3c3c3c3c3c3c3c3c3c3c3c3c3c
      2356  {{{{{{{{{{{{{{{{  7b7b7b7b7b7b7b7b7b7b7b7b7b7b7b7b
       333  <<<<<<<<<<<<<,<<  3c3c3c3c3c3c3c3c3c3c3c3c3c2c3c3c
       332  <<<<<<<<<<<<<<,<  3c3c3c3c3c3c3c3c3c3c3c3c3c3c2c3c
       331  <<<<<<<<<<<<<<<,  3c3c3c3c3c3c3c3c3c3c3c3c3c3c3c2c
       323  <<<<<<<<<<<<,<<<  3c3c3c3c3c3c3c3c3c3c3c3c2c3c3c3c
       301  <<<<<<<<<<<,<<<<  3c3c3c3c3c3c3c3c3c3c3c2c3c3c3c3c
       300  <<,<<<<<<<<<<<<<  3c3c2c3c3c3c3c3c3c3c3c3c3c3c3c3c
       298  <,<<<<<<<<<<<<<<  3c2c3c3c3c3c3c3c3c3c3c3c3c3c3c3c
       297  <<<<<<,<<<<<<<<<  3c3c3c3c3c3c2c3c3c3c3c3c3c3c3c3c
# epoch 48550  H=2.6079 C=1.9259 HO=0.6754  A(t)=746
     10697  <<<<<<<<<<<<<<<<  3c3c3c3c3c3c3c3c3c3c3c3c3c3c3c3c
      2607  {{{{{{{{{{{{{{{{  7b7b7b7b7b7b7b7b7b7b7b7b7b7b7b7b
       250  <<<<<<<,<<<<<<<<  3c3c3c3c3c3c3c2c3c3c3c3c3c3c3c3c
       247  <<<<<<,<<<<<<<<<  3c3c3c3c3c3c2c3c3c3c3c3c3c3c3c3c
       246  <<<<<<<<,<<<<<<<  3c3c3c3c3c3c3c3c2c3c3c3c3c3c3c3c
       245  <<<<<<<<<<,<<<<<  3c3c3c3c3c3c3c3c3c3c2c3c3c3c3c3c
       244  <<<<<<<<<,<<<<<<  3c3c3c3c3c3c3c3c3c2c3c3c3c3c3c3c
       241  <<<<<<<<<<<,<<<<  3c3c3c3c3c3c3c3c3c3c3c2c3c3c3c3c
       240  <<<<<,<<<<<<<<<<  3c3c3c3c3c2c3c3c3c3c3c3c3c3c3c3c
       240  <,<<<<<<<<<<<<<<  3c2c3c3c3c3c3c3c3c3c3c3c3c3c3c3c
# epoch 48600  H=2.5701 C=1.9242 HO=0.6477  A(t)=746
     11638  <<<<<<<<<<<<<<<<  3c3c3c3c3c3c3c3c3c3c3c3c3c3c3c3c
      2564  {{{{{{{{{{{{{{{{  7b7b7b7b7b7b7b7b7b7b7b7b7b7b7b7b
       504  ,,,,,,,,,,,,,,,,  2c2c2c2c2c2c2c2c2c2c2c2c2c2c2c2c
       275  <<<<<<<<,<<<<<<<  3c3c3c3c3c3c3c3c2c3c3c3c3c3c3c3c
       270  <<<<<<<,<<<<<<<<  3c3c3c3c3c3c3c2c3c3c3c3c3c3c3c3c
       263  <<<<<<<<<,<<<<<<  3c3c3c3c3c3c3c3c3c2c3c3c3c3c3c3c
       261  <<<<<<<<<<,<<<<<  3c3c3c3c3c3c3c3c3c3c2c3c3c3c3c3c
       258  <<<<<<<<<<<,<<<<  3c3c3c3c3c3c3c3c3c3c3c2c3c3c3c3c
       254  <<<<<<<<<<<<<<<,  3c3c3c3c3c3c3c3c3c3c3c3c3c3c3c2c
       252  <<<<<<,<<<<<<<<<  3c3c3c3c3c3c2c3c3c3c3c3c3c3c3c3c
# epoch 48650  H=2.6265 C=1.9703 HO=0.6604  A(t)=746
     10616  <<<<<<<<<<<<<<<<  3c3c3c3c3c3c3c3c3c3c3c3c3c3c3c3c
      2782  {{{{{{{{{{{{{{{{  7b7b7b7b7b7b7b7b7b7b7b7b7b7b7b7b
       333  ,,,,,,,,,,,,,,,,  2c2c2c2c2c2c2c2c2c2c2c2c2c2c2c2c
       231  <<<<<<<<<<<<<<<,  3c3c3c3c3c3c3c3c3c3c3c3c3c3c3c2c
       220  ,<<<<<<<<<<<<<<<  2c3c3c3c3c3c3c3c3c3c3c3c3c3c3c3c
       219  <<<<<<<<<<<,<<<<  3c3c3c3c3c3c3c3c3c3c3c2c3c3c3c3c
       218  <<<<<<<<<<<<<<,<  3c3c3c3c3c3c3c3c3c3c3c3c3c3c2c3c
       216  <<<<<<<<<<,<<<<<  3c3c3c3c3c3c3c3c3c3c2c3c3c3c3c3c
       215  <<<<<<<<<<<<,<<<  3c3c3c3c3c3c3c3c3c3c3c3c2c3c3c3c
       213  <,<<<<<<<<<<<<<<  3c2c3c3c3c3c3c3c3c3c3c3c3c3c3c3c
# epoch 48700  H=2.5805 C=1.9534 HO=0.6177  A(t)=746
     10482  <<<<<<<<<<<<<<<<  3c3c3c3c3c3c3c3c3c3c3c3c3c3c3c3c
      2401  {{{{{{{{{{{{{{{{  7b7b7b7b7b7b7b7b7b7b7b7b7b7b7b7b
       290  <<<<<<<<<<<<<<<,  3c3c3c3c3c3c3c3c3c3c3c3c3c3c3c2c
       287  ,,,,,,,,,,,,,,,,  2c2c2c2c2c2c2c2c2c2c2c2c2c2c2c2c
       284  <<<<<<<<<<<<<<,<  3c3c3c3c3c3c3c3c3c3c3c3c3c3c2c3c
       265  <,<<<<<<<<<<<<<<  3c2c3c3c3c3c3c3c3c3c3c3c3c3c3c3c
       265  ,<<<<<<<<<<<<<<<  2c3c3c3c3c3c3c3c3c3c3c3c3c3c3c3c
       264  <<,<<<<<<<<<<<<<  3c3c2c3c3c3c3c3c3c3c3c3c3c3c3c3c
       261  <<<<<<<<<<<<,<<<  3c3c3c3c3c3c3c3c3c3c3c3c2c3c3c3c
       260  <<<<<<<<<<<<<,<<  3c3c3c3c3c3c3c3c3c3c3c3c3c2c3c3c
# epoch 48750  H=2.6169 C=1.9908 HO=0.6238  A(t)=746
      9792  <<<<<<<<<<<<<<<<  3c3c3c3c3c3c3c3c3c3c3c3c3c3c3c3c
      2533  {{{{{{{{{{{{{{{{  7b7b7b7b7b7b7b7b7b7b7b7b7b7b7b7b
       492  ,,,,,,,,,,,,,,,,  2c2c2c2c2c2c2c2c2c2c2c2c2c2c2c2c
       241  <<<<<<<<<<<<<<<,  3c3c3c3c3c3c3c3c3c3c3c3c3c3c3c2c
       234  <<<<<<<<<<<<<<,<  3c3c3c3c3c3c3c3c3c3c3c3c3c3c2c3c
       227  <<<<<<<<<<<<<,<<  3c3c3c3c3c3c3c3c3c3c3c3c3c2c3c3c
       220  <<,<<<<<<<<<<<<<  3c3c2c3c3c3c3c3c3c3c3c3c3c3c3c3c
       220  <,<<<<<<<<<<<<<<  3c2c3c3c3c3c3c3c3c3c3c3c3c3c3c3c
       220  ,<<<<<<<<<<<<<<<  2c3c3c3c3c3c3c3c3c3c3c3c3c3c3c3c
       218  <<<,<<<<<<<<<<<<  3c3c3c2c3c3c3c3c3c3c3c3c3c3c3c3c
# epoch 48800  H=2.6846 C=2.0452 HO=0.6545  A(t)=748
     10469  <<<<<<<<<<<<<<<<  3c3c3c3c3c3c3c3c3c3c3c3c3c3c3c3c
      2228  {{{{{{{{{{{{{{{{  7b7b7b7b7b7b7b7b7b7b7b7b7b7b7b7b
       272  <<<<<<<<<<<<<<<,  3c3c3c3c3c3c3c3c3c3c3c3c3c3c3c2c
       263  <<<<<<<<<<<<<<,<  3c3c3c3c3c3c3c3c3c3c3c3c3c3c2c3c
       258  <<<<<<<<<<<<,<<<  3c3c3c3c3c3c3c3c3c3c3c3c2c3c3c3c
       258  ,<<<<<<<<<<<<<<<  2c3c3c3c3c3c3c3c3c3c3c3c3c3c3c3c
       256  <<<<<<<<<<<<<,<<  3c3c3c3c3c3c3c3c3c3c3c3c3c2c3c3c
       254  <<,<<<<<<<<<<<<<  3c3c2c3c3c3c3c3c3c3c3c3c3c3c3c3c
       253  <,<<<<<<<<<<<<<<  3c2c3c3c3c3c3c3c3c3c3c3c3c3c3c3c
       250  <<<<<<<<<<<,<<<<  3c3c3c3c3c3c3c3c3c3c3c2c3c3c3c3c
# epoch 48850  H=2.7887 C=2.0356 HO=0.7547  A(t)=748
      9872  <<<<<<<<<<<<<<<<  3c3c3c3c3c3c3c3c3c3c3c3c3c3c3c3c
      2853  {{{{{{{{{{{{{{{{  7b7b7b7b7b7b7b7b7b7b7b7b7b7b7b7b
      1056  ,,,,,,,,,,,,,,,,  2c2c2c2c2c2c2c2c2c2c2c2c2c2c2c2c
       252  <<<<<<<<<<<<<<<,  3c3c3c3c3c3c3c3c3c3c3c3c3c3c3c2c
       241  ,<<<<<<<<<<<<<<<  2c3c3c3c3c3c3c3c3c3c3c3c3c3c3c3c
       229  <<<<<<<<<<<<<<,<  3c3c3c3c3c3c3c3c3c3c3c3c3c3c2c3c
       222  <,<<<<<<<<<<<<<<  3c2c3c3c3c3c3c3c3c3c3c3c3c3c3c3c
       218  <<<<<<<<<<<<,<<<  3c3c3c3c3c3c3c3c3c3c3c3c2c3c3c3c
       216  <<<<<<<<<<<,<<<<  3c3c3c3c3c3c3c3c3c3c3c2c3c3c3c3c
       216  <<<<<<<<,<<<<<<<  3c3c3c3c3c3c3c3c2c3c3c3c3c3c3c3c
# epoch 48900  H=2.6993 C=1.9921 HO=0.7153  A(t)=748
     10144  <<<<<<<<<<<<<<<<  3c3c3c3c3c3c3c3c3c3c3c3c3c3c3c3c
      2645  {{{{{{{{{{{{{{{{  7b7b7b7b7b7b7b7b7b7b7b7b7b7b7b7b
       646  ,,,,,,,,,,,,,,,,  2c2c2c2c2c2c2c2c2c2c2c2c2c2c2c2c
       258  <<<<<<<<<<<<<<<,  3c3c3c3c3c3c3c3c3c3c3c3c3c3c3c2c
       243  <<<<<<<<<<<<<<,<  3c3c3c3c3c3c3c3c3c3c3c3c3c3c2c3c
       237  <<<<<<<<<<<<<,<<  3c3c3c3c3c3c3c3c3c3c3c3c3c2c3c3c
       232  ,<<<<<<<<<<<<<<<  2c3c3c3c3c3c3c3c3c3c3c3c3c3c3c3c
       228  <<<<<<<<<<<<,<<<  3c3c3c3c3c3c3c3c3c3c3c3c2c3c3c3c
       219  <<<<<<<<<<<,<<<<  3c3c3c3c3c3c3c3c3c3c3c2c3c3c3c3c
       218  <,<<<<<<<<<<<<<<  3c2c3c3c3c3c3c3c3c3c3c3c3c3c3c3c
# epoch 48950  H=2.7001 C=1.9919 HO=0.7087  A(t)=748
     10709  <<<<<<<<<<<<<<<<  3c3c3c3c3c3c3c3c3c3c3c3c3c3c3c3c
      2492  {{{{{{{{{{{{{{{{  7b7b7b7b7b7b7b7b7b7b7b7b7b7b7b7b
       540  ,,,,,,,,,,,,,,,,  2c2c2c2c2c2c2c2c2c2c2c2c2c2c2c2c
       300  <<<<<<<<<<<<<<<,  3c3c3c3c3c3c3c3c3c3c3c3c3c3c3c2c
       290  ,<<<<<<<<<<<<<<<  2c3c3c3c3c3c3c3c3c3c3c3c3c3c3c3c
       284  <<<<<<<<<<<<<<,<  3c3c3c3c3c3c3c3c3c3c3c3c3c3c2c3c
       281  <,<<<<<<<<<<<<<<  3c2c3c3c3c3c3c3c3c3c3c3c3c3c3c3c
       278  <<,<<<<<<<<<<<<<  3c3c2c3c3c3c3c3c3c3c3c3c3c3c3c3c
       274  <<<<<<<<<<<<<,<<  3c3c3c3c3c3c3c3c3c3c3c3c3c2c3c3c
       265  <<<,<<<<<<<<<<<<  3c3c3c2c3c3c3c3c3c3c3c3c3c3c3c3c
# epoch 49000  H=2.7321 C=2.0664 HO=0.6783  A(t)=749
     10225  <<<<<<<<<<<<<<<<  3c3c3c3c3c3c3c3c3c3c3c3c3c3c3c3c
      3060  {{{{{{{{{{{{{{{{  7b7b7b7b7b7b7b7b7b7b7b7b7b7b7b7b
       417  ,,,,,,,,,,,,,,,,  2c2c2c2c2c2c2c2c2c2c2c2c2c2c2c2c
       287  <<<<<<<<<<<<<<<,  3c3c3c3c3c3c3c3c3c3c3c3c3c3c3c2c
       275  ,<<<<<<<<<<<<<<<  2c3c3c3c3c3c3c3c3c3c3c3c3c3c3c3c
       273  <,<<<<<<<<<<<<<<  3c2c3c3c3c3c3c3c3c3c3c3c3c3c3c3c
       271  <<,<<<<<<<<<<<<<  3c3c2c3c3c3c3c3c3c3c3c3c3c3c3c3c
       267  <<<<<<<<<<<<<,<<  3c3c3c3c3c3c3c3c3c3c3c3c3c2c3c3c
       266  <<<<<<<<<<<<<<,<  3c3c3c3c3c3c3c3c3c3c3c3c3c3c2c3c
       266  <<<<<<<,<<<<<<<<  3c3c3c3c3c3c3c2c3c3c3c3c3c3c3c3c
# epoch 49050  H=2.7812 C=2.0931 HO=0.7008  A(t)=750
     10524  <<<<<<<<<<<<<<<<  3c3c3c3c3c3c3c3c3c3c3c3c3c3c3c3c
      3051  {{{{{{{{{{{{{{{{  7b7b7b7b7b7b7b7b7b7b7b7b7b7b7b7b
       556  ,,,,,,,,,,,,,,,,  2c2c2c2c2c2c2c2c2c2c2c2c2c2c2c2c
       253  <<<<<<<<<<<<<<<,  3c3c3c3c3c3c3c3c3c3c3c3c3c3c3c2c
       234  <<<<<<<<<<<<<<,<  3c3c3c3c3c3c3c3c3c3c3c3c3c3c2c3c
       229  <,<<<<<<<<<<<<<<  3c2c3c3c3c3c3c3c3c3c3c3c3c3c3c3c
       226  ,<<<<<<<<<<<<<<<  2c3c3c3c3c3c3c3c3c3c3c3c3c3c3c3c
       222  <<<<<<<<<<<<<,<<  3c3c3c3c3c3c3c3c3c3c3c3c3c2c3c3c
       216  <<,<<<<<<<<<<<<<  3c3c2c3c3c3c3c3c3c3c3c3c3c3c3c3c
       204  <<<,<<<<<<<<<<<<  3c3c3c2c3c3c3c3c3c3c3c3c3c3c3c3c
# epoch 49100  H=2.7758 C=2.0527 HO=0.7327  A(t)=751
     11197  <<<<<<<<<<<<<<<<  3c3c3c3c3c3c3c3c3c3c3c3c3c3c3c3c
      2930  {{{{{{{{{{{{{{{{  7b7b7b7b7b7b7b7b7b7b7b7b7b7b7b7b
       512  ,,,,,,,,,,,,,,,,  2c2c2c2c2c2c2c2c2c2c2c2c2c2c2c2c
       284  <<<<<<<<<<<<<<<,  3c3c3c3c3c3c3c3c3c3c3c3c3c3c3c2c
       266  ,<<<<<<<<<<<<<<<  2c3c3c3c3c3c3c3c3c3c3c3c3c3c3c3c
       262  <<<<<<<<<<<<<<,<  3c3c3c3c3c3c3c3c3c3c3c3c3c3c2c3c
       261  <<,<<<<<<<<<<<<<  3c3c2c3c3c3c3c3c3c3c3c3c3c3c3c3c
       252  <,<<<<<<<<<<<<<<  3c2c3c3c3c3c3c3c3c3c3c3c3c3c3c3c
       251  <<<,<<<<<<<<<<<<  3c3c3c2c3c3c3c3c3c3c3c3c3c3c3c3c
       250  <<<<<<<,<<<<<<<<  3c3c3c3c3c3c3c2c3c3c3c3c3c3c3c3c
# epoch 49150  H=2.6640 C=2.0200 HO=0.6473  A(t)=751
     10538  <<<<<<<<<<<<<<<<  3c3c3c3c3c3c3c3c3c3c3c3c3c3c3c3c
      2240  {{{{{{{{{{{{{{{{  7b7b7b7b7b7b7b7b7b7b7b7b7b7b7b7b
       493  ,,,,,,,,,,,,,,,,  2c2c2c2c2c2c2c2c2c2c2c2c2c2c2c2c
       288  <<<<<<<<<<<<<<<,  3c3c3c3c3c3c3c3c3c3c3c3c3c3c3c2c
       279  <<,<<<<<<<<<<<<<  3c3c2c3c3c3c3c3c3c3c3c3c3c3c3c3c
       279  ,<<<<<<<<<<<<<<<  2c3c3c3c3c3c3c3c3c3c3c3c3c3c3c3c
       277  <<<<<<<<<<<<<<,<  3c3c3c3c3c3c3c3c3c3c3c3c3c3c2c3c
       277  <<<<<<<<<<<<<,<<  3c3c3c3c3c3c3c3c3c3c3c3c3c2c3c3c
       277  <,<<<<<<<<<<<<<<  3c2c3c3c3c3c3c3c3c3c3c3c3c3c3c3c
       269  <<<<<<<<<<<,<<<<  3c3c3c3c3c3c3c3c3c3c3c2c3c3c3c3c
# epoch 49200  H=2.5917 C=1.9835 HO=0.6103  A(t)=751
     11087  <<<<<<<<<<<<<<<<  3c3c3c3c3c3c3c3c3c3c3c3c3c3c3c3c
      2192  {{{{{{{{{{{{{{{{  7b7b7b7b7b7b7b7b7b7b7b7b7b7b7b7b
       475  ,,,,,,,,,,,,,,,,  2c2c2c2c2c2c2c2c2c2c2c2c2c2c2c2c
       298  <<<<<<<<<<<<<<<,  3c3c3c3c3c3c3c3c3c3c3c3c3c3c3c2c
       281  <<<<<<<<<<<<<<,<  3c3c3c3c3c3c3c3c3c3c3c3c3c3c2c3c
       271  ,<<<<<<<<<<<<<<<  2c3c3c3c3c3c3c3c3c3c3c3c3c3c3c3c
       270  <,<<<<<<<<<<<<<<  3c2c3c3c3c3c3c3c3c3c3c3c3c3c3c3c
       265  <<<<<<,<<<<<<<<<  3c3c3c3c3c3c2c3c3c3c3c3c3c3c3c3c
       264  <<<,<<<<<<<<<<<<  3c3c3c2c3c3c3c3c3c3c3c3c3c3c3c3c
       263  <<<<<<<,<<<<<<<<  3c3c3c3c3c3c3c2c3c3c3c3c3c3c3c3c
# epoch 49250  H=2.5468 C=1.9366 HO=0.6183  A(t)=751
     12435  <<<<<<<<<<<<<<<<  3c3c3c3c3c3c3c3c3c3c3c3c3c3c3c3c
      2151  {{{{{{{{{{{{{{{{  7b7b7b7b7b7b7b7b7b7b7b7b7b7b7b7b
       316  ,,,,,,,,,,,,,,,,  2c2c2c2c2c2c2c2c2c2c2c2c2c2c2c2c
       297  <<<<<<<<<<<<<<<,  3c3c3c3c3c3c3c3c3c3c3c3c3c3c3c2c
       289  <<<<<<<<<<<<<<,<  3c3c3c3c3c3c3c3c3c3c3c3c3c3c2c3c
       275  ,<<<<<<<<<<<<<<<  2c3c3c3c3c3c3c3c3c3c3c3c3c3c3c3c
       270  <<<<<<<<<<<<<,<<  3c3c3c3c3c3c3c3c3c3c3c3c3c2c3c3c
       269  <,<<<<<<<<<<<<<<  3c2c3c3c3c3c3c3c3c3c3c3c3c3c3c3c
       268  <<<<<<<<<<<<,<<<  3c3c3c3c3c3c3c3c3c3c3c3c2c3c3c3c
       260  <<<<<<<<<<<,<<<<  3c3c3c3c3c3c3c3c3c3c3c2c3c3c3c3c
# epoch 49300  H=2.4824 C=1.8695 HO=0.6089  A(t)=751
     12520  <<<<<<<<<<<<<<<<  3c3c3c3c3c3c3c3c3c3c3c3c3c3c3c3c
      1843  {{{{{{{{{{{{{{{{  7b7b7b7b7b7b7b7b7b7b7b7b7b7b7b7b
       458  ,,,,,,,,,,,,,,,,  2c2c2c2c2c2c2c2c2c2c2c2c2c2c2c2c
       313  <<<<<<<<<<<<<<<,  3c3c3c3c3c3c3c3c3c3c3c3c3c3c3c2c
       293  ,<<<<<<<<<<<<<<<  2c3c3c3c3c3c3c3c3c3c3c3c3c3c3c3c
       285  <<<<<<<<<<<<<<,<  3c3c3c3c3c3c3c3c3c3c3c3c3c3c2c3c
       277  <,<<<<<<<<<<<<<<  3c2c3c3c3c3c3c3c3c3c3c3c3c3c3c3c
       276  <<<<<<<<<<<<,<<<  3c3c3c3c3c3c3c3c3c3c3c3c2c3c3c3c
       275  <<<<<<<<<<<<<,<<  3c3c3c3c3c3c3c3c3c3c3c3c3c2c3c3c
       275  <<<<<<<<<<,<<<<<  3c3c3c3c3c3c3c3c3c3c2c3c3c3c3c3c
# epoch 49350  H=2.4252 C=1.8368 HO=0.5848  A(t)=751
     12094  <<<<<<<<<<<<<<<<  3c3c3c3c3c3c3c3c3c3c3c3c3c3c3c3c
      2072  {{{{{{{{{{{{{{{{  7b7b7b7b7b7b7b7b7b7b7b7b7b7b7b7b
       415  ,,,,,,,,,,,,,,,,  2c2c2c2c2c2c2c2c2c2c2c2c2c2c2c2c
       275  <<<<<<<<<<<<<<<,  3c3c3c3c3c3c3c3c3c3c3c3c3c3c3c2c
       269  ,<<<<<<<<<<<<<<<  2c3c3c3c3c3c3c3c3c3c3c3c3c3c3c3c
       266  <<<<<<<<<<<<<<,<  3c3c3c3c3c3c3c3c3c3c3c3c3c3c2c3c
       263  <,<<<<<<<<<<<<<<  3c2c3c3c3c3c3c3c3c3c3c3c3c3c3c3c
       253  <<<<,<<<<<<<<<<<  3c3c3c3c2c3c3c3c3c3c3c3c3c3c3c3c
       251  <<<<<<<<<<,<<<<<  3c3c3c3c3c3c3c3c3c3c2c3c3c3c3c3c
       248  <<<,<<<<<<<<<<<<  3c3c3c2c3c3c3c3c3c3c3c3c3c3c3c3c
# epoch 49400  H=2.3625 C=1.8035 HO=0.5456  A(t)=754
     12125  <<<<<<<<<<<<<<<<  3c3c3c3c3c3c3c3c3c3c3c3c3c3c3c3c
      1875  {{{{{{{{{{{{{{{{  7b7b7b7b7b7b7b7b7b7b7b7b7b7b7b7b
       617  ,,,,,,,,,,,,,,,,  2c2c2c2c2c2c2c2c2c2c2c2c2c2c2c2c
       309  <<<<<<<<<<<<<<<,  3c3c3c3c3c3c3c3c3c3c3c3c3c3c3c2c
       296  <<<<<<<<<<<<<<,<  3c3c3c3c3c3c3c3c3c3c3c3c3c3c2c3c
       286  <<<<<<,<<<<<<<<<  3c3c3c3c3c3c2c3c3c3c3c3c3c3c3c3c
       285  <<<<<<<<<<,<<<<<  3c3c3c3c3c3c3c3c3c3c2c3c3c3c3c3c
       285  ,<<<<<<<<<<<<<<<  2c3c3c3c3c3c3c3c3c3c3c3c3c3c3c3c
       278  <<<<<<<<<<<<,<<<  3c3c3c3c3c3c3c3c3c3c3c3c2c3c3c3c
       278  <<<<<<<<<,<<<<<<  3c3c3c3c3c3c3c3c3c2c3c3c3c3c3c3c
# epoch 49450  H=2.4405 C=1.8743 HO=0.5677  A(t)=755
     12767  <<<<<<<<<<<<<<<<  3c3c3c3c3c3c3c3c3c3c3c3c3c3c3c3c
      1258  {{{{{{{{{{{{{{{{  7b7b7b7b7b7b7b7b7b7b7b7b7b7b7b7b
       460  ,,,,,,,,,,,,,,,,  2c2c2c2c2c2c2c2c2c2c2c2c2c2c2c2c
       290  <<<<<<<<<<<<<<<,  3c3c3c3c3c3c3c3c3c3c3c3c3c3c3c2c
       287  <<<<<<<<<<<<<<,<  3c3c3c3c3c3c3c3c3c3c3c3c3c3c2c3c
       275  <,<<<<<<<<<<<<<<  3c2c3c3c3c3c3c3c3c3c3c3c3c3c3c3c
       273  <<<<<<<<<<<<<,<<  3c3c3c3c3c3c3c3c3c3c3c3c3c2c3c3c
       273  <<<<<<<,<<<<<<<<  3c3c3c3c3c3c3c2c3c3c3c3c3c3c3c3c
       272  <<<<<<<<,<<<<<<<  3c3c3c3c3c3c3c3c2c3c3c3c3c3c3c3c
       272  ,<<<<<<<<<<<<<<<  2c3c3c3c3c3c3c3c3c3c3c3c3c3c3c3c
# epoch 49500  H=2.3814 C=1.8451 HO=0.5214  A(t)=755
     11778  <<<<<<<<<<<<<<<<  3c3c3c3c3c3c3c3c3c3c3c3c3c3c3c3c
      1894  {{{{{{{{{{{{{{{{  7b7b7b7b7b7b7b7b7b7b7b7b7b7b7b7b
       518  ,,,,,,,,,,,,,,,,  2c2c2c2c2c2c2c2c2c2c2c2c2c2c2c2c
       329  <<<<<<<<<<<<<<<,  3c3c3c3c3c3c3c3c3c3c3c3c3c3c3c2c
       324  <<<<<<<<<<<<<<,<  3c3c3c3c3c3c3c3c3c3c3c3c3c3c2c3c
       314  <<<<<<<<<,<<<<<<  3c3c3c3c3c3c3c3c3c2c3c3c3c3c3c3c
       311  <<<<<<<,<<<<<<<<  3c3c3c3c3c3c3c2c3c3c3c3c3c3c3c3c
       308  <<<<<<<<<<,<<<<<  3c3c3c3c3c3c3c3c3c3c2c3c3c3c3c3c
       305  <<<<<<<<<<<,<<<<  3c3c3c3c3c3c3c3c3c3c3c2c3c3c3c3c
       303  <<<<<<<<,<<<<<<<  3c3c3c3c3c3c3c3c2c3c3c3c3c3c3c3c
# epoch 49550  H=2.5136 C=1.9232 HO=0.5939  A(t)=755
     11905  <<<<<<<<<<<<<<<<  3c3c3c3c3c3c3c3c3c3c3c3c3c3c3c3c
      1568  {{{{{{{{{{{{{{{{  7b7b7b7b7b7b7b7b7b7b7b7b7b7b7b7b
       582  ,,,,,,,,,,,,,,,,  2c2c2c2c2c2c2c2c2c2c2c2c2c2c2c2c
       271  ,<<<<<<<<<<<<<<<  2c3c3c3c3c3c3c3c3c3c3c3c3c3c3c3c
       268  <<<<<<<<<<<<<<<,  3c3c3c3c3c3c3c3c3c3c3c3c3c3c3c2c
       260  <,<<<<<<<<<<<<<<  3c2c3c3c3c3c3c3c3c3c3c3c3c3c3c3c
       250  <<<<<<,<<<<<<<<<  3c3c3c3c3c3c2c3c3c3c3c3c3c3c3c3c
       249  <<,<<<<<<<<<<<<<  3c3c2c3c3c3c3c3c3c3c3c3c3c3c3c3c
       247  <<<<<,<<<<<<<<<<  3c3c3c3c3c2c3c3c3c3c3c3c3c3c3c3c
       244  <<<<<<<<<<<<<<,<  3c3c3c3c3c3c3c3c3c3c3c3c3c3c2c3c
# epoch 49600  H=2.4860 C=1.9135 HO=0.5768  A(t)=759
     11777  <<<<<<<<<<<<<<<<  3c3c3c3c3c3c3c3c3c3c3c3c3c3c3c3c
      1404  {{{{{{{{{{{{{{{{  7b7b7b7b7b7b7b7b7b7b7b7b7b7b7b7b
       477  ,,,,,,,,,,,,,,,,  2c2c2c2c2c2c2c2c2c2c2c2c2c2c2c2c
       270  <<<<<<<<<<<<<<<,  3c3c3c3c3c3c3c3c3c3c3c3c3c3c3c2c
       263  ,<<<<<<<<<<<<<<<  2c3c3c3c3c3c3c3c3c3c3c3c3c3c3c3c
       256  <,<<<<<<<<<<<<<<  3c2c3c3c3c3c3c3c3c3c3c3c3c3c3c3c
       255  <<<<<<<<<<<<<<,<  3c3c3c3c3c3c3c3c3c3c3c3c3c3c2c3c
       254  <<<<,<<<<<<<<<<<  3c3c3c3c2c3c3c3c3c3c3c3c3c3c3c3c
       253  <<,<<<<<<<<<<<<<  3c3c2c3c3c3c3c3c3c3c3c3c3c3c3c3c
       252  <<<,<<<<<<<<<<<<  3c3c3c2c3c3c3c3c3c3c3c3c3c3c3c3c
# epoch 49650  H=2.6092 C=1.9178 HO=0.6975  A(t)=759
     11459  <<<<<<<<<<<<<<<<  3c3c3c3c3c3c3c3c3c3c3c3c3c3c3c3c
      1710  {{{{{{{{{{{{{{{{  7b7b7b7b7b7b7b7b7b7b7b7b7b7b7b7b
       563  ,,,,,,,,,,,,,,,,  2c2c2c2c2c2c2c2c2c2c2c2c2c2c2c2c
       270  <<<<<<<<<<<<<<<,  3c3c3c3c3c3c3c3c3c3c3c3c3c3c3c2c
       262  <<<<<<<<<<<<<<,<  3c3c3c3c3c3c3c3c3c3c3c3c3c3c2c3c
       250  <,<<<<<<<<<<<<<<  3c2c3c3c3c3c3c3c3c3c3c3c3c3c3c3c
       248  ,<<<<<<<<<<<<<<<  2c3c3c3c3c3c3c3c3c3c3c3c3c3c3c3c
       239  <<,<<<<<<<<<<<<<  3c3c2c3c3c3c3c3c3c3c3c3c3c3c3c3c
       235  <<<<<<<<<<<<<,<<  3c3c3c3c3c3c3c3c3c3c3c3c3c2c3c3c
       235  <<<<<<<<<<<<,<<<  3c3c3c3c3c3c3c3c3c3c3c3c2c3c3c3c
# epoch 49700  H=2.5804 C=1.8882 HO=0.7017  A(t)=759
     11118  <<<<<<<<<<<<<<<<  3c3c3c3c3c3c3c3c3c3c3c3c3c3c3c3c
      1855  {{{{{{{{{{{{{{{{  7b7b7b7b7b7b7b7b7b7b7b7b7b7b7b7b
       556  ,,,,,,,,,,,,,,,,  2c2c2c2c2c2c2c2c2c2c2c2c2c2c2c2c
       295  <<<<<<<<<<<<<<<,  3c3c3c3c3c3c3c3c3c3c3c3c3c3c3c2c
       283  ,<<<<<<<<<<<<<<<  2c3c3c3c3c3c3c3c3c3c3c3c3c3c3c3c
       276  <<<<<<<<<<<<<<,<  3c3c3c3c3c3c3c3c3c3c3c3c3c3c2c3c
       274  <,<<<<<<<<<<<<<<  3c2c3c3c3c3c3c3c3c3c3c3c3c3c3c3c
       271  <<,<<<<<<<<<<<<<  3c3c2c3c3c3c3c3c3c3c3c3c3c3c3c3c
       270  <<<<<<<<<<<<<,<<  3c3c3c3c3c3c3c3c3c3c3c3c3c2c3c3c
       264  <<<,<<<<<<<<<<<<  3c3c3c2c3c3c3c3c3c3c3c3c3c3c3c3c
# epoch 49750  H=2.5420 C=1.8823 HO=0.6663  A(t)=759
     11438  <<<<<<<<<<<<<<<<  3c3c3c3c3c3c3c3c3c3c3c3c3c3c3c3c
      2441  {{{{{{{{{{{{{{{{  7b7b7b7b7b7b7b7b7b7b7b7b7b7b7b7b
       532  ,,,,,,,,,,,,,,,,  2c2c2c2c2c2c2c2c2c2c2c2c2c2c2c2c
       307  <<<<<<<<<<<<<<<,  3c3c3c3c3c3c3c3c3c3c3c3c3c3c3c2c
       306  ,<<<<<<<<<<<<<<<  2c3c3c3c3c3c3c3c3c3c3c3c3c3c3c3c
       300  <,<<<<<<<<<<<<<<  3c2c3c3c3c3c3c3c3c3c3c3c3c3c3c3c
       285  <<<<<<<<<<<<<<,<  3c3c3c3c3c3c3c3c3c3c3c3c3c3c2c3c
       281  <<,<<<<<<<<<<<<<  3c3c2c3c3c3c3c3c3c3c3c3c3c3c3c3c
       257  <<<<<<<<<<<<<,<<  3c3c3c3c3c3c3c3c3c3c3c3c3c2c3c3c
       253  <<<,<<<<<<<<<<<<  3c3c3c2c3c3c3c3c3c3c3c3c3c3c3c3c
# epoch 49800  H=2.5491 C=1.8854 HO=0.6769  A(t)=759
     12291  <<<<<<<<<<<<<<<<  3c3c3c3c3c3c3c3c3c3c3c3c3c3c3c3c
      2119  {{{{{{{{{{{{{{{{  7b7b7b7b7b7b7b7b7b7b7b7b7b7b7b7b
       454  ,,,,,,,,,,,,,,,,  2c2c2c2c2c2c2c2c2c2c2c2c2c2c2c2c
       275  <<<<<<<<<<<<<<<,  3c3c3c3c3c3c3c3c3c3c3c3c3c3c3c2c
       263  <<<<<,<<<<<<<<<<  3c3c3c3c3c2c3c3c3c3c3c3c3c3c3c3c
       262  <<<<<<<<<<<<<<,<  3c3c3c3c3c3c3c3c3c3c3c3c3c3c2c3c
       259  <<<<<<,<<<<<<<<<  3c3c3c3c3c3c2c3c3c3c3c3c3c3c3c3c
       259  <<<,<<<<<<<<<<<<  3c3c3c2c3c3c3c3c3c3c3c3c3c3c3c3c
       256  <<<<<<<<<<<<<,<<  3c3c3c3c3c3c3c3c3c3c3c3c3c2c3c3c
       256  ,<<<<<<<<<<<<<<<  2c3c3c3c3c3c3c3c3c3c3c3c3c3c3c3c
# epoch 49850  H=2.4690 C=1.7803 HO=0.6952  A(t)=759
     12569  <<<<<<<<<<<<<<<<  3c3c3c3c3c3c3c3c3c3c3c3c3c3c3c3c
      2635  {{{{{{{{{{{{{{{{  7b7b7b7b7b7b7b7b7b7b7b7b7b7b7b7b
       439  ,,,,,,,,,,,,,,,,  2c2c2c2c2c2c2c2c2c2c2c2c2c2c2c2c
       310  <<<<<<<<<<<<<<<,  3c3c3c3c3c3c3c3c3c3c3c3c3c3c3c2c
       286  ,<<<<<<<<<<<<<<<  2c3c3c3c3c3c3c3c3c3c3c3c3c3c3c3c
       284  <<<<<<<<<<<<<<,<  3c3c3c3c3c3c3c3c3c3c3c3c3c3c2c3c
       282  <,<<<<<<<<<<<<<<  3c2c3c3c3c3c3c3c3c3c3c3c3c3c3c3c
       278  <<<<<<<<<<<<<,<<  3c3c3c3c3c3c3c3c3c3c3c3c3c2c3c3c
       278  <<,<<<<<<<<<<<<<  3c3c2c3c3c3c3c3c3c3c3c3c3c3c3c3c
       277  <<<<<<<<<<<<,<<<  3c3c3c3c3c3c3c3c3c3c3c3c2c3c3c3c
# epoch 49900  H=2.4784 C=1.8009 HO=0.6877  A(t)=759
     11394  <<<<<<<<<<<<<<<<  3c3c3c3c3c3c3c3c3c3c3c3c3c3c3c3c
      2296  {{{{{{{{{{{{{{{{  7b7b7b7b7b7b7b7b7b7b7b7b7b7b7b7b
       856  ,,,,,,,,,,,,,,,,  2c2c2c2c2c2c2c2c2c2c2c2c2c2c2c2c
       307  <<<<<<<<<<<<<<<,  3c3c3c3c3c3c3c3c3c3c3c3c3c3c3c2c
       292  <<<<<<<<<<<<<<,<  3c3c3c3c3c3c3c3c3c3c3c3c3c3c2c3c
       288  <<<<<<<<<<<<,<<<  3c3c3c3c3c3c3c3c3c3c3c3c2c3c3c3c
       285  <<<<<<<<<<<<<,<<  3c3c3c3c3c3c3c3c3c3c3c3c3c2c3c3c
       285  ,<<<<<<<<<<<<<<<  2c3c3c3c3c3c3c3c3c3c3c3c3c3c3c3c
       277  <<<<<<<<<<,<<<<<  3c3c3c3c3c3c3c3c3c3c2c3c3c3c3c3c
       271  <<<<<<<<<,<<<<<<  3c3c3c3c3c3c3c3c3c2c3c3c3c3c3c3c
# epoch 49950  H=2.4545 C=1.8168 HO=0.6440  A(t)=759
     11872  <<<<<<<<<<<<<<<<  3c3c3c3c3c3c3c3c3c3c3c3c3c3c3c3c
      2124  {{{{{{{{{{{{{{{{  7b7b7b7b7b7b7b7b7b7b7b7b7b7b7b7b
       490  ,,,,,,,,,,,,,,,,  2c2c2c2c2c2c2c2c2c2c2c2c2c2c2c2c
       280  <<<<<<<<<<<<<<<,  3c3c3c3c3c3c3c3c3c3c3c3c3c3c3c2c
       276  ,<<<<<<<<<<<<<<<  2c3c3c3c3c3c3c3c3c3c3c3c3c3c3c3c
       271  <<,<<<<<<<<<<<<<  3c3c2c3c3c3c3c3c3c3c3c3c3c3c3c3c
       270  <,<<<<<<<<<<<<<<  3c2c3c3c3c3c3c3c3c3c3c3c3c3c3c3c
       268  <<<<<,<<<<<<<<<<  3c3c3c3c3c2c3c3c3c3c3c3c3c3c3c3c
       263  <<<,<<<<<<<<<<<<  3c3c3c2c3c3c3c3c3c3c3c3c3c3c3c3c
       262  <<<<<<<<<<<<<,<<  3c3c3c3c3c3c3c3c3c3c3c3c3c2c3c3c
# epoch 50000  H=2.4833 C=1.8503 HO=0.6364  A(t)=760
     10705  <<<<<<<<<<<<<<<<  3c3c3c3c3c3c3c3c3c3c3c3c3c3c3c3c
      2272  {{{{{{{{{{{{{{{{  7b7b7b7b7b7b7b7b7b7b7b7b7b7b7b7b
       620  ,,,,,,,,,,,,,,,,  2c2c2c2c2c2c2c2c2c2c2c2c2c2c2c2c
       309  <<<<<<<<<<<<<<<,  3c3c3c3c3c3c3c3c3c3c3c3c3c3c3c2c
       296  ,<<<<<<<<<<<<<<<  2c3c3c3c3c3c3c3c3c3c3c3c3c3c3c3c
       291  <<<<<<<<<<<<<<,<  3c3c3c3c3c3c3c3c3c3c3c3c3c3c2c3c
       288  <,<<<<<<<<<<<<<<  3c2c3c3c3c3c3c3c3c3c3c3c3c3c3c3c
       283  <<<<,<<<<<<<<<<<  3c3c3c3c2c3c3c3c3c3c3c3c3c3c3c3c
       282  <<<,<<<<<<<<<<<<  3c3c3c2c3c3c3c3c3c3c3c3c3c3c3c3c
       281  <<<<<,<<<<<<<<<<  3c3c3c3c3c2c3c3c3c3c3c3c3c3c3c3c
