epoch,wall_s,sim_s,entropy_bits,zlib_bits,high_order_entropy,mean_steps,frac_copy_runs,frac_term_budget,frac_term_off_region,frac_term_unmatched,runs,steps,mutations,distinct_windows,n_persistent,A_t
0,0.032,0.0,7.997125,8.003174,-0.006049,0.0,0.0,0.0,0.0,0.0,0,0,0,58368,0,0
200,0.225,0.171,7.983445,7.643433,0.340012,533.2777,0.510332,0.051123,0.624277,0.3246,102400,54607636,3134,55983,0,0
400,0.541,0.456,7.967425,7.527344,0.440081,541.2575,0.492246,0.05374,0.621641,0.324619,102400,55424766,3155,55690,0,0
600,0.728,0.624,7.939124,7.481567,0.457557,545.8504,0.504668,0.05459,0.614697,0.330713,102400,55895082,3110,55806,0,0
800,0.931,0.808,7.907371,7.417969,0.489402,503.0057,0.564912,0.048809,0.63123,0.319961,102400,51507784,3104,55812,0,0
1000,1.105,0.962,7.854349,7.334595,0.519755,426.8393,0.646377,0.038535,0.672197,0.289268,102400,43708344,3183,55704,22,22
1200,1.357,1.165,7.768513,7.271851,0.496662,437.2801,0.726152,0.0396,0.732373,0.228027,102400,44777480,2940,55904,12,25
1400,1.567,1.356,7.755489,7.337524,0.417964,498.9256,0.780029,0.047305,0.781094,0.171602,102400,51089983,3115,56471,14,29
1600,1.855,1.625,7.702254,7.249512,0.452743,529.6533,0.789307,0.051006,0.792021,0.156973,102400,54236499,3097,56069,11,31
1800,2.071,1.822,7.697621,7.274414,0.423207,566.4997,0.805576,0.055332,0.810977,0.133691,102400,58009569,3159,56497,13,34
2000,2.418,2.129,7.660407,7.248779,0.411628,591.4064,0.796719,0.058604,0.805752,0.135645,102400,60560018,3136,56629,11,35
2200,2.775,2.467,7.649661,7.317261,0.332401,536.2189,0.804473,0.051748,0.812773,0.135479,102400,54908814,3172,57101,13,39
2400,2.983,2.657,7.66188,7.330322,0.331558,536.2695,0.840898,0.051836,0.816738,0.131426,102400,54913995,3090,57025,12,42
2600,3.336,2.99,7.631965,7.294189,0.337776,516.7718,0.866318,0.048662,0.850293,0.101045,102400,52917430,3070,56751,11,43
2800,3.561,3.196,7.6224,7.311157,0.311243,519.0894,0.894023,0.048926,0.878877,0.072197,102400,53154753,3123,57041,13,47
3000,3.772,3.388,7.613805,7.313232,0.300572,499.246,0.888916,0.04668,0.871914,0.081406,102400,51122795,3149,57106,9,47
3200,4.027,3.602,7.614986,7.342773,0.272212,503.9239,0.897979,0.047432,0.859766,0.092803,102400,51601812,3115,57250,11,49
3400,4.427,3.968,7.608977,7.315674,0.293303,444.4884,0.892588,0.040273,0.846143,0.113584,102400,45515611,3163,57137,10,52
3600,4.665,4.186,7.590747,7.252319,0.338428,468.3089,0.864336,0.042988,0.834453,0.122559,102400,47954833,3154,56649,10,54
3800,4.878,4.379,7.582506,7.235718,0.346788,521.7748,0.835674,0.049844,0.82458,0.125576,102400,53429741,3157,56595,9,55
4000,5.095,4.576,7.580618,7.222778,0.35784,544.5443,0.830801,0.052588,0.825859,0.121553,102400,55761341,3133,56509,5,55
4200,5.315,4.776,7.613684,7.26001,0.353674,557.2172,0.826797,0.054609,0.801533,0.143857,102400,57059046,3091,56631,9,58
4400,5.541,4.983,7.587774,7.191772,0.396002,595.0837,0.804941,0.059492,0.770264,0.170244,102400,60936572,3156,56359,12,61
4600,5.771,5.192,7.581826,7.215332,0.366494,597.1833,0.809756,0.059844,0.765566,0.17459,102400,61151570,3146,56758,13,63
4800,6.023,5.424,7.608541,7.257324,0.351217,610.0329,0.788613,0.061572,0.752852,0.185576,102400,62467369,3168,56933,13,66
5000,6.262,5.644,7.61218,7.281372,0.330808,656.6312,0.781094,0.0671,0.758789,0.174111,102400,67239031,3140,56949,11,67
5200,6.502,5.864,7.618592,7.300659,0.317932,646.2181,0.777383,0.066025,0.75916,0.174814,102400,66172736,3076,56933,8,68
5400,6.735,6.077,7.615583,7.317993,0.297589,634.6641,0.773271,0.064512,0.766982,0.168506,102400,64989605,3110,57023,8,68
5600,7.0,6.323,7.624452,7.370239,0.254212,603.2835,0.753301,0.060977,0.737373,0.20165,102400,61776232,3113,57222,13,72
5800,7.252,6.546,7.587359,7.341553,0.245806,620.8365,0.745117,0.063027,0.728213,0.20876,102400,63573658,3069,57243,11,73
6000,7.486,6.76,7.572972,7.319946,0.253026,610.093,0.747207,0.06166,0.723438,0.214902,102400,62473522,3164,57068,13,75
6200,7.726,6.979,7.551984,7.326172,0.225813,620.9835,0.78415,0.062656,0.749883,0.187461,102400,63588708,3152,57276,15,79
6400,7.958,7.19,7.550123,7.339478,0.210646,594.3879,0.807148,0.059395,0.767598,0.173008,102400,60865320,3157,57434,10,80
6600,8.194,7.405,7.551133,7.318481,0.232652,598.8764,0.824932,0.059746,0.786465,0.153789,102400,61324946,3130,57260,8,81
6800,8.428,7.62,7.540993,7.28186,0.259133,610.9707,0.831729,0.060977,0.808906,0.130117,102400,62563402,3183,57109,8,83
7000,8.666,7.837,7.517174,7.188477,0.328698,622.6564,0.844688,0.062285,0.816875,0.12084,102400,63760016,3127,56710,6,83
7200,8.894,8.046,7.493502,7.208618,0.284883,575.8657,0.876025,0.056328,0.849238,0.094434,102400,58968644,3148,57085,4,83
7400,9.113,8.245,7.456749,7.262817,0.193932,526.7353,0.879922,0.050283,0.856035,0.093682,102400,53937695,3144,57588,5,83
7600,9.319,8.431,7.444064,7.300049,0.144015,464.7775,0.87915,0.042637,0.858398,0.098965,102400,47593211,3192,57714,5,83
7800,9.526,8.618,7.461293,7.314941,0.146351,462.3417,0.862764,0.04248,0.850449,0.10707,102400,47343791,3219,57659,4,83
8000,9.754,8.826,7.454778,7.309937,0.144842,470.9103,0.858486,0.043223,0.860088,0.096689,102400,48221214,3149,57529,5,83
8200,9.965,9.017,7.485653,7.387085,0.098568,464.3373,0.856768,0.04249,0.864336,0.093174,102400,47548142,3136,57866,6,83
8400,10.176,9.207,7.482614,7.346924,0.13569,477.7985,0.859863,0.044062,0.851875,0.104062,102400,48926564,3194,57568,4,83
8600,10.408,9.419,7.500096,7.3927,0.107395,512.6024,0.853086,0.048809,0.83457,0.116621,102400,52490485,3252,57725,2,83
8800,10.647,9.636,7.513956,7.370728,0.143228,554.618,0.856182,0.053896,0.839082,0.107021,102400,56792887,3135,57569,1,83
9000,10.899,9.866,7.521392,7.37085,0.150542,573.9746,0.844336,0.056426,0.818076,0.125498,102400,58775000,3211,57505,1,83
9200,11.14,10.087,7.559845,7.445557,0.114288,539.8994,0.836016,0.052314,0.81584,0.131846,102400,55285701,3198,57859,6,86
9400,11.366,10.293,7.555052,7.401733,0.153319,556.57,0.848711,0.054102,0.837432,0.108467,102400,56992766,3128,57413,4,87
9600,11.6,10.507,7.583087,7.427734,0.155353,572.7606,0.839248,0.05585,0.832734,0.111416,102400,58650688,3283,57572,2,89
9800,11.847,10.735,7.591488,7.417969,0.17352,569.3504,0.831855,0.055586,0.815439,0.128975,102400,58301476,3192,57519,4,92
10000,12.075,10.943,7.603005,7.385742,0.217263,596.5215,0.82707,0.058584,0.803096,0.13832,102400,61083801,3112,57271,5,92
10200,12.336,11.184,7.621726,7.412842,0.208884,557.7389,0.833662,0.054111,0.803662,0.142227,102400,57112468,3090,57374,6,93
10400,12.547,11.375,7.607315,7.377441,0.229873,516.5844,0.807617,0.049316,0.773691,0.176992,102400,52898247,3157,57161,7,95
10600,12.761,11.571,7.587187,7.342163,0.245024,542.7797,0.771143,0.053262,0.730225,0.216514,102400,55580638,3112,57102,6,95
10800,12.978,11.769,7.597185,7.310181,0.287005,541.7802,0.777275,0.053076,0.742715,0.204209,102400,55478291,3142,56938,4,95
11000,13.193,11.964,7.611335,7.308472,0.302863,493.6556,0.790957,0.046943,0.75125,0.201807,102400,50550338,3140,56962,6,97
11200,13.393,12.145,7.626855,7.240234,0.386621,456.2266,0.806904,0.041855,0.792529,0.165615,102400,46717605,3195,56428,8,98
11400,13.598,12.33,7.591772,7.265137,0.326636,433.3599,0.817783,0.038604,0.82334,0.138057,102400,44376054,3213,56929,12,102
11600,13.789,12.501,7.606766,7.286987,0.319779,409.1398,0.833584,0.035752,0.846787,0.117461,102400,41895916,3163,56952,13,104
11800,13.981,12.674,7.563538,7.285278,0.27826,410.8499,0.861602,0.035332,0.877822,0.086846,102400,42071031,3175,57163,7,104
12000,14.182,12.856,7.549532,7.297607,0.251924,434.0056,0.886357,0.038223,0.887939,0.073838,102400,44442176,3109,57377,9,105
12200,14.391,13.045,7.506217,7.270264,0.235954,477.3204,0.893311,0.043545,0.86416,0.092295,102400,48877609,3173,57249,10,106
12400,14.605,13.24,7.482613,7.260132,0.222481,516.7639,0.875439,0.048838,0.842861,0.108301,102400,52916622,3089,57243,8,106
12600,14.823,13.439,7.462004,7.22998,0.232024,531.7933,0.886279,0.050605,0.838213,0.111182,102400,54455631,3197,57120,8,106
12800,15.05,13.643,7.46498,7.265015,0.199965,546.5747,0.892998,0.052119,0.856523,0.091357,102400,55969247,3194,57311,9,106
13000,15.257,13.831,7.488065,7.285278,0.202787,470.615,0.916084,0.042881,0.8846,0.07252,102400,48190977,3176,57254,8,106
13200,15.465,14.018,7.495916,7.318726,0.177191,468.4829,0.902158,0.042754,0.884863,0.072383,102400,47972654,3073,57505,11,106
13400,15.671,14.206,7.505619,7.320312,0.185306,470.7605,0.891221,0.043018,0.888799,0.068184,102400,48205878,3153,57386,9,106
13600,15.876,14.391,7.534808,7.362549,0.172259,455.0886,0.88543,0.041094,0.883027,0.075879,102400,46601069,3212,57582,8,106
13800,16.083,14.579,7.560165,7.371582,0.188583,482.2893,0.862129,0.044316,0.8571,0.098584,102400,49386421,3194,57440,6,106
14000,16.298,14.775,7.552414,7.319702,0.232711,526.2079,0.853828,0.050254,0.831387,0.118359,102400,53883689,3159,56994,7,106
14200,16.577,15.034,7.544067,7.259155,0.284912,603.9664,0.846016,0.059961,0.820742,0.119297,102400,61846160,3133,56716,8,107
14400,16.814,15.252,7.537207,7.218018,0.319189,604.6983,0.843379,0.060088,0.82123,0.118682,102400,61921103,3204,56643,7,108
14600,17.053,15.47,7.543373,7.259155,0.284217,608.9968,0.852832,0.060566,0.822197,0.117236,102400,62361275,3226,57113,8,108
14800,17.29,15.688,7.568029,7.351318,0.21671,641.2369,0.843799,0.06458,0.819102,0.116318,102400,65662662,3210,57529,10,108
15000,17.522,15.9,7.580599,7.264526,0.316073,609.4706,0.840479,0.06083,0.803438,0.135732,102400,62409788,3095,56795,11,110
15200,17.746,16.105,7.566212,7.20874,0.357471,570.6557,0.871338,0.055752,0.835723,0.108525,102400,58435148,3201,56576,10,110
15400,17.974,16.312,7.556399,7.206055,0.350344,598.8697,0.859893,0.059521,0.815371,0.125107,102400,61324254,3119,56754,9,110
15600,18.195,16.514,7.564221,7.218018,0.346204,554.8289,0.854209,0.054258,0.811152,0.13459,102400,56814480,3056,56856,7,110
15800,18.42,16.719,7.57615,7.176392,0.399759,590.6593,0.829424,0.058916,0.785371,0.155713,102400,60483511,3157,56584,11,111
16000,18.652,16.932,7.540132,7.194824,0.345308,617.1506,0.807539,0.062207,0.773135,0.164658,102400,63196222,3193,57045,12,112
16200,18.903,17.159,7.552469,7.144287,0.408182,667.2549,0.813691,0.068223,0.771143,0.160635,102400,68326899,3168,56526,12,113
16400,19.173,17.409,7.541242,7.15686,0.384382,721.4903,0.782158,0.074902,0.772344,0.152754,102400,73880603,3055,56733,9,113
16600,19.428,17.645,7.545113,7.12085,0.424263,741.7398,0.771113,0.077295,0.777109,0.145596,102400,75954159,3170,56467,11,115
16800,19.682,17.878,7.541784,7.153687,0.388097,721.1562,0.765322,0.074531,0.805137,0.120332,102400,73846399,3240,56779,12,115
17000,19.94,18.117,7.533912,7.168945,0.364966,680.7936,0.774727,0.069717,0.789209,0.141074,102400,69713260,3038,56887,14,116
17200,20.176,18.333,7.527771,7.212646,0.315124,639.6169,0.756025,0.064824,0.773994,0.161182,102400,65496775,3081,57106,12,116
17400,20.422,18.559,7.504673,7.165894,0.33878,690.8195,0.731895,0.071035,0.78377,0.145195,102400,70739918,3142,56780,17,119
17600,20.673,18.79,7.546362,7.229004,0.317358,721.8433,0.710615,0.074766,0.796426,0.128809,102400,73916754,3153,57111,16,120
17800,20.922,19.019,7.541953,7.200073,0.34188,704.9954,0.721611,0.072529,0.801152,0.126318,102400,72191532,3139,56840,12,120
18000,21.176,19.254,7.537935,7.224487,0.313448,706.0736,0.685195,0.072549,0.809902,0.117549,102400,72301939,3120,56951,10,122
18200,21.432,19.489,7.550033,7.295532,0.254501,725.4217,0.68125,0.074639,0.804248,0.121113,102400,74283179,3158,57338,11,124
18400,21.69,19.727,7.575049,7.317261,0.257788,733.4838,0.672051,0.076162,0.761396,0.162441,102400,75108745,3154,57311,14,126
18600,21.927,19.945,7.584799,7.353149,0.231649,645.1162,0.683203,0.065186,0.775938,0.158877,102400,66059897,3149,57470,14,129
18800,22.159,20.156,7.568731,7.334473,0.234259,620.929,0.694102,0.062246,0.780459,0.157295,102400,63583128,3005,57427,11,130
19000,22.433,20.41,7.555037,7.288818,0.266219,607.4805,0.708496,0.060518,0.794707,0.144775,102400,62206000,3155,57005,10,130
19200,22.682,20.639,7.535198,7.26416,0.271037,709.1527,0.681787,0.073193,0.779189,0.147617,102400,72617236,3071,56892,11,133
19400,22.998,20.936,7.558156,7.240234,0.317921,816.2197,0.713135,0.086133,0.796094,0.117773,102400,83580900,3190,56779,9,133
19600,23.261,21.179,7.522516,7.253174,0.269343,785.8712,0.759014,0.082129,0.81625,0.101621,102400,80473206,3162,57176,8,133
19800,23.537,21.434,7.52832,7.293335,0.234985,833.4465,0.802852,0.087852,0.831553,0.080596,102400,85344926,3120,57420,11,134
20000,23.812,21.688,7.517171,7.303711,0.213461,818.6756,0.81459,0.085078,0.844502,0.07042,102400,83832380,3166,57547,7,135
20200,24.082,21.938,7.497519,7.299927,0.197593,797.1052,0.822568,0.082988,0.848096,0.068916,102400,81623575,3059,57441,9,136
20400,24.357,22.193,7.509792,7.274048,0.235744,832.7107,0.840527,0.08752,0.826484,0.085996,102400,85269577,3205,57151,5,136
20600,24.637,22.454,7.484583,7.301147,0.183435,859.4952,0.839062,0.090732,0.822432,0.086836,102400,88012313,3162,57354,5,136
20800,24.935,22.732,7.496132,7.2948,0.201332,951.5702,0.824316,0.102119,0.817158,0.080723,102400,97440791,3157,57319,4,136
21000,25.222,22.998,7.49375,7.282959,0.210791,895.1773,0.831201,0.095342,0.83623,0.068428,102400,91666155,3183,57222,5,136
21200,25.49,23.247,7.476792,7.256226,0.220567,786.9585,0.862119,0.081816,0.860908,0.057275,102400,80584551,3063,57176,10,137
21400,25.744,23.481,7.482937,7.236694,0.246243,674.9413,0.869795,0.0679,0.876143,0.055957,102400,69113985,3112,56990,10,137
21600,25.99,23.707,7.479952,7.273315,0.206636,677.3354,0.884385,0.068271,0.885234,0.046494,102400,69359145,3186,57264,7,137
21800,26.23,23.927,7.502645,7.30542,0.197225,637.4546,0.855615,0.06374,0.843936,0.092324,102400,65275347,3201,57373,8,137
22000,26.513,24.19,7.520393,7.356323,0.164069,658.1511,0.838398,0.066396,0.823301,0.110303,102400,67394668,3088,57592,7,138
22200,26.771,24.429,7.51536,7.317505,0.197855,735.3108,0.838613,0.075518,0.830254,0.094229,102400,75295831,3059,57318,8,139
22400,27.029,24.666,7.536544,7.268799,0.267745,734.4064,0.824736,0.07541,0.821221,0.103369,102400,75203211,3142,56953,6,140
22600,27.348,24.959,7.49909,7.264038,0.235052,766.5396,0.830117,0.079619,0.839707,0.080674,102400,78493654,3144,57176,7,141
22800,27.617,25.207,7.48862,7.283081,0.205539,774.4279,0.847549,0.080469,0.847031,0.0725,102400,79301412,3212,57426,4,141
23000,27.881,25.451,7.511757,7.31189,0.199868,772.7818,0.836855,0.080156,0.859922,0.059922,102400,79132855,3143,57453,9,143
23200,28.146,25.698,7.534007,7.334839,0.199169,778.7353,0.849492,0.080918,0.857178,0.061904,102400,79742493,3195,57548,12,144
23400,28.441,25.965,7.521212,7.301636,0.219577,789.976,0.858857,0.082383,0.845879,0.071738,102400,80893545,3095,57327,6,144
23600,28.705,26.208,7.509897,7.265747,0.24415,699.6843,0.870293,0.07123,0.863516,0.065254,102400,71647675,3248,57217,8,145
23800,28.946,26.43,7.552283,7.321045,0.231238,675.1747,0.855889,0.068525,0.841689,0.089785,102400,69137892,3184,57390,7,145
24000,29.196,26.66,7.530688,7.30249,0.228198,667.406,0.841533,0.06793,0.8121,0.119971,102400,68342373,3117,57275,6,145
24200,29.428,26.872,7.503599,7.234863,0.268736,612.9007,0.838398,0.061348,0.800303,0.13835,102400,62761031,3144,57146,7,146
24400,29.657,27.081,7.495398,7.236694,0.258703,572.6043,0.843809,0.056191,0.819473,0.124336,102400,58634677,3191,57171,8,146
24600,29.88,27.284,7.48877,7.205933,0.282837,560.3781,0.8729,0.054375,0.839688,0.105938,102400,57382719,3121,56949,9,147
24800,30.1,27.485,7.490365,7.216187,0.274179,555.0254,0.877686,0.053682,0.850088,0.09623,102400,56834600,3149,57033,7,148
25000,30.339,27.704,7.516983,7.25061,0.266373,538.734,0.876299,0.051533,0.853438,0.095029,102400,55166362,3138,57085,9,148
25200,30.57,27.914,7.537279,7.271362,0.265916,577.0694,0.884805,0.056387,0.849492,0.094121,102400,59091909,3184,57249,10,148
25400,30.807,28.127,7.516562,7.255371,0.261191,570.2372,0.883633,0.055625,0.848389,0.095986,102400,58392290,3157,57152,11,149
25600,31.034,28.334,7.467044,7.229858,0.237185,569.6912,0.887764,0.055527,0.853301,0.091172,102400,58336379,3166,57230,12,150
25800,31.293,28.574,7.417006,7.217529,0.199477,549.6079,0.886885,0.052822,0.852979,0.094199,102400,56279853,3160,57347,12,151
26000,31.511,28.773,7.434811,7.246826,0.187985,505.885,0.866826,0.047842,0.837246,0.114912,102400,51802629,3111,57473,9,151
26200,31.723,28.965,7.446592,7.224243,0.222349,514.9409,0.845156,0.049512,0.790195,0.160293,102400,52729951,3190,57233,6,151
26400,31.936,29.159,7.466056,7.21167,0.254386,528.1811,0.831475,0.051436,0.762666,0.185898,102400,54085743,3145,56968,6,152
26600,32.15,29.353,7.475544,7.149658,0.325885,546.3511,0.830107,0.053916,0.744307,0.201777,102400,55946350,3124,56718,6,152
26800,32.366,29.548,7.472662,7.144653,0.328009,541.2122,0.818867,0.053584,0.722324,0.224092,102400,55420127,3154,56552,6,152
27000,32.631,29.793,7.426854,7.083374,0.34348,569.2841,0.845273,0.056484,0.752451,0.191064,102400,58294694,3206,56642,10,153
27200,32.854,29.996,7.409237,7.023315,0.385921,579.0182,0.860469,0.057461,0.781885,0.160654,102400,59291467,3106,56218,12,154
27400,33.075,30.194,7.422034,7.097168,0.324866,539.9981,0.845781,0.052783,0.777197,0.17002,102400,55295805,3038,56835,12,155
27600,33.283,30.382,7.443098,7.172852,0.270247,500.7599,0.835703,0.048232,0.760986,0.190781,102400,51277809,3031,57158,11,155
27800,33.492,30.572,7.420277,7.095825,0.324452,506.7202,0.818594,0.049014,0.743975,0.207012,102400,51888149,3069,56744,6,155
28000,33.707,30.767,7.460928,7.118164,0.342764,537.8913,0.83292,0.052695,0.763428,0.183877,102400,55080068,3207,56787,6,155
28200,33.915,30.955,7.484798,7.169189,0.315609,519.3802,0.82623,0.050615,0.754727,0.194658,102400,53184529,3203,57054,6,156
28400,34.114,31.134,7.493402,7.042847,0.450555,473.7337,0.813096,0.045127,0.727852,0.227021,102400,48510333,3264,55942,6,156
28600,34.31,31.311,7.449739,7.03833,0.411409,462.361,0.822324,0.043545,0.743691,0.212764,102400,47345768,3109,56316,8,158
28800,34.502,31.483,7.430624,7.015747,0.414877,437.5951,0.824492,0.040664,0.733174,0.226162,102400,44809738,3131,56344,9,158
29000,34.695,31.656,7.456067,7.053711,0.402356,405.8285,0.834951,0.036758,0.742432,0.220811,102400,41556843,3101,56588,9,158
29200,34.874,31.815,7.42446,7.038452,0.386008,361.146,0.803672,0.031289,0.745049,0.223662,102400,36981351,3205,56688,13,160
29400,35.053,31.97,7.418463,7.141724,0.276739,340.0905,0.78583,0.028916,0.73084,0.240244,102400,34825268,3057,57316,12,161
29600,35.255,32.151,7.445668,7.170044,0.275624,370.9096,0.789707,0.032471,0.73335,0.23418,102400,37981145,3170,57148,14,161
29800,35.478,32.352,7.426538,7.067017,0.359522,423.2643,0.782119,0.038848,0.735078,0.226074,102400,43342263,3181,56531,11,163
30000,35.665,32.519,7.459666,7.007812,0.451853,395.365,0.80998,0.034863,0.787676,0.177461,102400,40485378,3131,56097,10,163
30200,35.86,32.694,7.455473,6.998047,0.457427,426.858,0.838506,0.038359,0.821729,0.139912,102400,43710255,3092,56324,9,163
30400,36.068,32.882,7.43554,7.008179,0.427361,491.6568,0.864131,0.045791,0.858057,0.096152,102400,50345655,3053,56433,10,163
30600,36.288,33.083,7.404219,7.045776,0.358443,557.5918,0.855645,0.054287,0.823301,0.122412,102400,57097396,3139,56820,14,163
30800,36.523,33.298,7.430963,7.049683,0.38128,592.9425,0.859746,0.058701,0.828906,0.112393,102400,60717310,3127,56647,16,164
31000,36.758,33.513,7.461988,7.098633,0.363355,583.9096,0.886553,0.057363,0.855713,0.086924,102400,59792338,3204,56755,13,164
31200,36.997,33.732,7.438561,7.090088,0.348473,623.2054,0.88834,0.062295,0.841553,0.096152,102400,63816238,3093,56735,12,165
31400,37.248,33.963,7.37844,7.02356,0.354881,691.1473,0.848447,0.071152,0.7929,0.135947,102400,70773483,3106,56394,13,167
31600,37.502,34.192,7.37712,7.043823,0.333297,693.2558,0.871025,0.070908,0.820586,0.108506,102400,70989391,3183,56662,12,168
31800,37.74,34.411,7.355363,6.971191,0.384171,622.5527,0.894326,0.06167,0.853076,0.085254,102400,63749399,3137,56299,11,168
32000,37.967,34.617,7.351627,7.010864,0.340763,574.5573,0.904678,0.05583,0.876377,0.067793,102400,58834666,3171,56787,10,168
32200,38.187,34.818,7.277614,6.943848,0.333766,513.8328,0.914727,0.04833,0.874229,0.077441,102400,52616475,3064,56564,13,169
32400,38.416,35.027,7.260018,6.910278,0.34974,583.4025,0.913018,0.056836,0.859121,0.084043,102400,59740420,3126,56701,11,169
32600,38.648,35.238,7.321131,6.939331,0.3818,604.2882,0.902324,0.059766,0.844277,0.095957,102400,61879107,3205,56827,11,170
32800,38.881,35.452,7.304715,6.918335,0.38638,617.2778,0.896895,0.061416,0.843096,0.095488,102400,63209244,3217,56498,10,170
33000,39.127,35.678,7.322216,6.963257,0.358959,622.9792,0.892021,0.062051,0.831953,0.105996,102400,63793070,3199,56679,9,170
33200,39.359,35.891,7.320325,6.983398,0.336926,611.8933,0.899502,0.060195,0.851152,0.088652,102400,62657877,3069,56793,10,171
33400,39.593,36.104,7.366238,7.010254,0.355984,612.6368,0.894941,0.060498,0.835996,0.103506,102400,62734009,3113,56610,9,171
33600,39.833,36.325,7.375711,7.006104,0.369608,629.7548,0.88707,0.063154,0.815312,0.121533,102400,64486892,3227,56542,9,171
33800,40.065,36.538,7.38996,6.994507,0.395453,616.2921,0.872607,0.061934,0.787168,0.150898,102400,63108312,3037,56361,13,172
34000,40.302,36.752,7.400672,6.994873,0.405799,618.3138,0.863936,0.062197,0.775078,0.162725,102400,63315335,3189,56485,12,172
34200,40.545,36.975,7.419097,7.037354,0.381743,600.4214,0.852129,0.06041,0.755352,0.184238,102400,61483151,3066,56564,10,173
34400,40.796,37.2,7.41839,7.084961,0.333429,596.4135,0.829834,0.059658,0.74041,0.199932,102400,61072743,3136,56788,12,173
34600,41.039,37.423,7.423024,7.084595,0.338429,573.4989,0.822676,0.057275,0.718789,0.223936,102400,58726289,3211,56601,8,174
34800,41.249,37.614,7.451534,7.095581,0.355953,507.2143,0.830156,0.048975,0.737588,0.213438,102400,51938749,3109,56610,12,174
35000,41.465,37.81,7.463326,7.13208,0.331246,449.8728,0.820117,0.042031,0.736396,0.221572,102400,46066973,3170,56924,12,174
35200,41.665,37.988,7.478926,7.114746,0.364179,442.0433,0.800713,0.040967,0.750352,0.208682,102400,45265239,3114,56787,11,174
35400,41.86,38.162,7.513623,7.226562,0.28706,428.1149,0.790176,0.039453,0.738574,0.221973,102400,43838964,3083,57306,8,174
35600,42.059,38.339,7.547487,7.250854,0.296633,441.8459,0.778818,0.041299,0.711963,0.246738,102400,45245021,3241,57139,8,174
35800,42.291,38.539,7.620323,7.290894,0.32943,445.4083,0.756348,0.041602,0.712275,0.246123,102400,45609811,3252,56945,9,174
36000,42.493,38.722,7.637323,7.30957,0.327753,448.6287,0.720234,0.042422,0.675,0.282578,102400,45939575,3074,56960,8,174
36200,42.69,38.899,7.654452,7.240112,0.414339,478.8807,0.693604,0.04623,0.665957,0.287812,102400,49037381,3209,56395,5,174
36400,42.913,39.102,7.636869,7.169678,0.467191,610.1489,0.65501,0.062305,0.639795,0.2979,102400,62479243,3142,56035,11,176
36600,43.156,39.326,7.619819,7.110596,0.509223,712.9363,0.65543,0.07457,0.642549,0.282881,102400,73004680,3167,55892,9,176
36800,43.388,39.539,7.636508,7.056885,0.579623,653.4314,0.665898,0.067119,0.668428,0.264453,102400,66911379,3092,55560,9,178
37000,43.622,39.754,7.613379,7.075806,0.537573,652.5875,0.69209,0.066553,0.715703,0.217744,102400,66824965,3102,56083,13,179
37200,43.85,39.962,7.632874,7.139038,0.493836,617.1227,0.691465,0.062412,0.713145,0.224443,102400,63193366,3101,56662,15,181
37400,44.076,40.167,7.601966,7.099854,0.502112,605.973,0.714131,0.060488,0.712637,0.226875,102400,62051631,3258,56337,12,181
37600,44.339,40.409,7.587671,7.123413,0.464258,639.7089,0.737842,0.064736,0.725576,0.209688,102400,65506193,3145,56581,13,182
37800,44.575,40.625,7.558982,7.119751,0.439231,640.1806,0.715693,0.064961,0.705645,0.229395,102400,65554498,3229,56612,9,182
38000,44.805,40.835,7.570557,7.137085,0.433472,609.7468,0.703916,0.061016,0.71791,0.221074,102400,62438076,3219,56439,10,182
38200,45.053,41.064,7.558032,7.151367,0.406665,634.5346,0.721094,0.063359,0.772793,0.163848,102400,64976338,3190,56739,12,182
38400,45.305,41.296,7.544699,7.099854,0.444846,697.1295,0.770215,0.071191,0.806924,0.121885,102400,71386057,3140,56409,16,184
38600,45.65,41.622,7.547934,7.146729,0.401205,799.6106,0.818047,0.083643,0.832783,0.083574,102400,81880127,3140,56635,12,184
38800,45.93,41.883,7.581538,7.208252,0.373286,867.8883,0.811758,0.091885,0.844053,0.064062,102400,88871765,3250,57017,13,184
39000,46.227,42.159,7.575298,7.19397,0.381329,896.3579,0.831865,0.095469,0.84293,0.061602,102400,91787046,3189,56872,14,185
39200,46.526,42.438,7.562646,7.219971,0.342675,956.52,0.838848,0.103066,0.826426,0.070508,102400,97947648,3201,57085,13,187
39400,46.832,42.724,7.476234,7.21936,0.256873,983.9208,0.838574,0.106338,0.8271,0.066562,102400,100753494,3076,57496,9,187
39600,47.15,43.023,7.46241,7.210693,0.251717,1053.4594,0.868115,0.114766,0.827031,0.058203,102400,107874240,3109,57371,6,187
39800,47.475,43.327,7.472171,7.267456,0.204715,1063.2822,0.880254,0.11583,0.836855,0.047314,102400,108880099,3099,57532,7,187
40000,47.778,43.608,7.442894,7.257812,0.185082,957.4756,0.895205,0.102754,0.843066,0.05418,102400,98045504,3145,57531,6,187
40200,48.09,43.897,7.450034,7.279175,0.170859,869.0126,0.889092,0.092012,0.83791,0.070078,102400,88986892,3206,57666,3,187
40400,48.371,44.157,7.495296,7.294312,0.200985,848.5629,0.897246,0.089141,0.853252,0.057607,102400,86892846,3082,57476,6,188
40600,48.655,44.422,7.539801,7.310181,0.22962,862.2867,0.892568,0.090977,0.843018,0.066006,102400,88298154,3226,57263,6,188
40800,48.929,44.676,7.513631,7.267822,0.245809,842.2207,0.868652,0.088965,0.823799,0.087236,102400,86243402,3106,57135,6,188
41000,49.192,44.92,7.500948,7.262207,0.238741,761.0321,0.860811,0.079102,0.811963,0.108936,102400,77929690,3204,57259,8,188
41200,49.461,45.17,7.532793,7.299438,0.233354,810.1065,0.857266,0.085186,0.812178,0.102637,102400,82954905,3220,57375,4,188
41400,49.731,45.42,7.561137,7.329712,0.231425,795.1856,0.854404,0.083311,0.815186,0.101504,102400,81427003,3094,57356,4,188
41600,50.014,45.683,7.568011,7.314697,0.253314,853.0701,0.86124,0.090518,0.799678,0.109805,102400,87354378,3104,57197,6,188
41800,50.316,45.965,7.570687,7.298218,0.272469,968.803,0.843682,0.105039,0.75582,0.139141,102400,99205425,3140,57124,6,188
42000,50.625,46.254,7.593226,7.297363,0.295862,1021.5653,0.832539,0.11165,0.756211,0.132139,102400,104608290,3121,57112,8,188
42200,50.938,46.548,7.539668,7.220337,0.319331,1036.1789,0.818252,0.1129,0.740537,0.146562,102400,106104722,3163,56671,6,190
42400,51.262,46.851,7.341281,6.87085,0.470432,1096.6264,0.814971,0.12042,0.792471,0.087109,102400,112294541,3153,54189,10,190
42600,51.585,47.153,7.384439,6.940308,0.444132,1057.5961,0.804121,0.115889,0.805439,0.078672,102400,108297837,3111,55091,7,190
42800,51.904,47.451,7.420665,7.078613,0.342052,1068.4151,0.822295,0.116953,0.824805,0.058242,102400,109405702,3145,56288,6,191
43000,52.224,47.747,7.435075,7.138794,0.296281,1012.5118,0.790771,0.109932,0.822715,0.067354,102400,103681213,3090,56743,6,191
43200,52.556,48.058,7.458301,7.200562,0.257739,1060.7713,0.757109,0.115996,0.806719,0.077285,102400,108622984,3143,57158,8,191
43400,52.868,48.35,7.47968,7.257446,0.222234,1048.3646,0.719756,0.114766,0.795459,0.089775,102400,107352533,3216,57372,11,191
43600,53.168,48.63,7.46459,7.284546,0.180044,983.8985,0.711826,0.106455,0.815254,0.078291,102400,100751205,3223,57547,6,191
43800,53.463,48.906,7.518915,7.348022,0.170893,964.0268,0.714141,0.104414,0.800781,0.094805,102400,98716342,3135,57702,5,191
44000,53.748,49.17,7.532624,7.368774,0.163849,907.7766,0.727783,0.097607,0.788906,0.113486,102400,92956324,3044,57657,5,191
44200,54.036,49.44,7.54784,7.391968,0.155872,927.4174,0.729775,0.099873,0.793262,0.106865,102400,94967542,3123,57688,6,192
44400,54.32,49.704,7.56595,7.405151,0.160799,900.5623,0.721416,0.096104,0.79459,0.109307,102400,92217584,3144,57578,5,192
44600,54.597,49.961,7.585226,7.43103,0.154196,856.5977,0.713818,0.09085,0.776592,0.132559,102400,87715602,3146,57655,5,193
44800,54.878,50.224,7.616591,7.445923,0.170668,893.0304,0.702002,0.095693,0.768408,0.135898,102400,91446311,3034,57486,5,193
45000,55.175,50.5,7.635622,7.490356,0.145266,875.3733,0.683242,0.093477,0.760811,0.145713,102400,89638228,3245,57721,4,193
45200,55.452,50.757,7.63196,7.4823,0.14966,875.1457,0.666475,0.093848,0.745869,0.160283,102400,89614915,3212,57587,4,193
45400,55.734,51.014,7.649498,7.489746,0.159752,812.2072,0.659639,0.08627,0.738701,0.175029,102400,83170016,3261,57540,7,194
45600,56.018,51.279,7.645914,7.417236,0.228678,769.7042,0.659502,0.081104,0.752529,0.166367,102400,78817709,3150,57054,8,194
45800,56.277,51.517,7.646427,7.447632,0.198796,751.8881,0.638535,0.079072,0.73873,0.182197,102400,76993343,3043,57335,6,194
46000,56.553,51.773,7.641976,7.418213,0.223764,810.3163,0.66168,0.086191,0.741719,0.17209,102400,82976391,3096,57144,9,195
46200,56.837,52.038,7.636666,7.411987,0.224678,863.3167,0.671074,0.092402,0.748359,0.159238,102400,88403632,3104,57153,10,195
46400,57.139,52.32,7.616454,7.286987,0.329466,951.6136,0.664941,0.103027,0.756113,0.140859,102400,97445228,3146,56369,13,195
46600,57.445,52.606,7.638051,7.302368,0.335683,981.7312,0.691875,0.106553,0.771055,0.122393,102400,100529270,3220,56524,13,196
46800,57.74,52.881,7.608223,7.290405,0.317818,934.1438,0.710195,0.10043,0.771328,0.128242,102400,95656326,3085,56764,16,197
47000,58.033,53.149,7.591383,7.334717,0.256666,889.486,0.707852,0.094941,0.773633,0.131426,102400,91083363,3094,57232,12,197
47200,58.318,53.414,7.586409,7.356079,0.230329,892.8697,0.704785,0.0954,0.782598,0.122002,102400,91429856,3126,57371,15,199
47400,58.613,53.689,7.565849,7.388794,0.177055,923.0988,0.706846,0.098809,0.809365,0.091826,102400,94525316,3250,57602,14,201
47600,58.914,53.966,7.563395,7.415283,0.148112,919.1874,0.685889,0.098389,0.809209,0.092402,102400,94124790,3192,57667,10,201
47800,59.229,54.26,7.582434,7.459229,0.123206,932.128,0.650156,0.100117,0.782607,0.117275,102400,95449911,3056,57780,7,201
48000,59.521,54.533,7.569044,7.457031,0.112013,916.2255,0.641436,0.097979,0.762344,0.139678,102400,93821490,3267,57800,8,201
48200,59.809,54.8,7.555502,7.440186,0.115317,885.0548,0.656162,0.093711,0.773477,0.132812,102400,90629613,3165,57732,8,201
48400,60.094,55.066,7.592806,7.468262,0.124544,887.3425,0.639746,0.094258,0.774316,0.131426,102400,90863869,3211,57668,3,201
48600,60.378,55.329,7.593063,7.465942,0.127121,911.0114,0.595635,0.097461,0.746914,0.155625,102400,93287568,3109,57540,3,201
48800,60.661,55.592,7.596081,7.49707,0.09901,848.7297,0.572549,0.090547,0.726826,0.182627,102400,86909917,3155,57666,1,201
49000,60.949,55.861,7.635331,7.5,0.135331,888.3831,0.569395,0.095381,0.714121,0.190498,102400,90970432,3132,57454,4,201
49200,61.242,56.134,7.641485,7.514771,0.126714,954.2324,0.574668,0.103574,0.703799,0.192627,102400,97713393,3254,57607,4,201
49400,61.542,56.414,7.677521,7.485596,0.191926,1016.3897,0.571543,0.111279,0.677305,0.211416,102400,104078306,3106,57372,6,201
49600,61.848,56.7,7.657119,7.39978,0.257339,1057.6102,0.601602,0.116123,0.68416,0.199717,102400,108299285,3190,56962,4,201
49800,62.152,56.983,7.663301,7.30896,0.354341,1036.5049,0.662148,0.113086,0.735645,0.15127,102400,106138105,3169,56533,8,201
50000,62.454,57.266,7.663539,7.341064,0.322475,1032.4713,0.664375,0.112598,0.731475,0.155928,102400,105725063,3203,56879,9,201
50200,62.767,57.559,7.637052,7.23999,0.397062,1089.5819,0.646123,0.119365,0.718838,0.161797,102400,111573189,3142,56311,11,201
50400,63.085,57.85,7.615339,7.209351,0.405989,1071.7482,0.67582,0.116992,0.749307,0.133701,102400,109747014,3171,56481,12,201
50600,63.406,58.151,7.536956,7.193604,0.343353,943.014,0.716572,0.101152,0.766465,0.132383,102400,96564630,3074,56814,13,201
50800,63.698,58.423,7.546605,7.189453,0.357152,884.5679,0.717812,0.093389,0.79499,0.111621,102400,90579752,3207,56723,10,201
51000,63.981,58.686,7.494457,7.19812,0.296336,897.1768,0.740381,0.095449,0.808027,0.096523,102400,91870904,3139,57049,10,201
51200,64.258,58.943,7.503572,7.276733,0.226838,862.1147,0.731846,0.091191,0.819014,0.089795,102400,88280541,3113,57492,13,203
51400,64.535,59.199,7.488857,7.296509,0.192349,849.8126,0.761484,0.089814,0.818252,0.091934,102400,87020814,3126,57570,11,203
51600,64.809,59.453,7.492346,7.270752,0.221594,809.481,0.759785,0.084941,0.820166,0.094893,102400,82890856,3095,57273,11,204
51800,65.075,59.7,7.484164,7.291626,0.192538,813.456,0.765869,0.085332,0.834209,0.080459,102400,83297890,3163,57383,5,204
52000,65.341,59.946,7.491396,7.343506,0.14789,802.8983,0.785811,0.083926,0.850283,0.065791,102400,82216782,3133,57684,4,204
52200,65.612,60.196,7.521312,7.379028,0.142284,818.4031,0.788623,0.085996,0.845957,0.068047,102400,83804482,3208,57727,3,205
52400,65.882,60.444,7.536333,7.336426,0.199907,821.5531,0.766143,0.086211,0.819492,0.094297,102400,84127038,3156,57286,5,205
52600,66.187,60.73,7.531396,7.344849,0.186547,811.8677,0.797178,0.08498,0.825938,0.089082,102400,83135257,3237,57441,3,205
52800,66.437,60.961,7.53417,7.359131,0.17504,739.1434,0.790615,0.076064,0.838623,0.085312,102400,75688288,3136,57465,3,205
53000,66.675,61.18,7.569428,7.369873,0.199555,671.369,0.805645,0.067061,0.851846,0.081094,102400,68748187,3184,57286,5,205
53200,66.917,61.401,7.561166,7.34668,0.214486,674.2871,0.804561,0.067979,0.832598,0.099424,102400,69047000,3120,57319,6,206
53400,67.143,61.607,7.577589,7.422729,0.15486,618.4622,0.79749,0.061426,0.821621,0.116953,102400,63330529,3170,57708,8,207
53600,67.359,61.804,7.557118,7.408325,0.148793,562.9707,0.821787,0.054541,0.824756,0.120703,102400,57648204,3041,57709,7,207
53800,67.573,61.998,7.570978,7.425293,0.145685,527.813,0.848135,0.050059,0.859033,0.090908,102400,54048050,3083,57600,5,207
54000,67.783,62.189,7.551789,7.390015,0.161774,511.404,0.837451,0.048125,0.864014,0.087861,102400,52367772,3125,57458,7,208
54200,67.988,62.373,7.551205,7.400879,0.150326,484.9345,0.841113,0.044873,0.864639,0.090488,102400,49657294,3091,57607,6,208
54400,68.194,62.56,7.510734,7.38623,0.124504,447.1346,0.850625,0.040225,0.862666,0.097109,102400,45786584,3193,57675,5,208
54600,68.396,62.741,7.52291,7.378052,0.144858,457.1308,0.838398,0.041289,0.851426,0.107285,102400,46810191,3165,57501,5,208
54800,68.715,63.041,7.493935,7.346558,0.147377,500.0669,0.83627,0.046572,0.858682,0.094746,102400,51206854,3126,57555,9,209
55000,68.935,63.241,7.5139,7.393799,0.120101,553.3886,0.824092,0.052871,0.869922,0.077207,102400,56666990,3173,57796,9,210
55200,69.148,63.434,7.482525,7.35791,0.124615,504.3249,0.82001,0.046865,0.868359,0.084775,102400,51642867,3016,57648,7,210
55400,69.36,63.626,7.480008,7.359985,0.120022,494.5688,0.820273,0.045723,0.890166,0.064111,102400,50643844,3131,57642,10,212
55600,69.579,63.825,7.481366,7.359497,0.121869,542.847,0.844111,0.051699,0.891191,0.057109,102400,55587528,3103,57610,6,212
55800,69.802,64.027,7.459703,7.295166,0.164537,552.9505,0.843926,0.052998,0.868721,0.078281,102400,56622130,3107,57291,7,212
56000,70.021,64.226,7.456006,7.269775,0.18623,537.5693,0.868721,0.051133,0.874863,0.074004,102400,55047093,3152,57213,8,212
56200,70.244,64.429,7.455418,7.296753,0.158665,553.0191,0.861865,0.053125,0.873311,0.073564,102400,56629154,3212,57389,7,212
56400,70.47,64.635,7.445017,7.289917,0.1551,574.1972,0.846572,0.055996,0.855713,0.088291,102400,58797795,3089,57470,6,212
56600,70.702,64.842,7.426617,7.287354,0.139263,565.124,0.870049,0.054678,0.866924,0.078398,102400,57868701,3102,57535,6,212
56800,70.927,65.046,7.410472,7.275391,0.135081,548.4027,0.883584,0.052744,0.871045,0.076211,102400,56156432,3172,57466,8,214
57000,71.203,65.301,7.440137,7.33252,0.107617,546.6291,0.890791,0.052432,0.869463,0.078105,102400,55974824,3169,57658,8,214
57200,71.433,65.511,7.460198,7.333984,0.126214,566.5482,0.89251,0.054688,0.875098,0.070215,102400,58014539,3123,57680,11,214
57400,71.672,65.729,7.415692,7.310303,0.105389,613.8375,0.894326,0.060713,0.867061,0.072227,102400,62856963,3099,57610,9,214
57600,71.92,65.957,7.407371,7.261353,0.146018,635.9923,0.879023,0.063633,0.820586,0.115781,102400,65125612,3072,57462,7,214
57800,72.178,66.187,7.397846,7.215454,0.182392,675.0391,0.868281,0.068643,0.800625,0.130732,102400,69124008,3055,57092,8,214
58000,72.445,66.434,7.465953,7.279053,0.186901,677.3181,0.862529,0.068936,0.801973,0.129092,102400,69357374,3146,57290,6,214
58200,72.715,66.683,7.427075,7.239746,0.187329,674.4063,0.857637,0.068164,0.814795,0.117041,102400,69059209,3221,57288,5,214
58400,72.981,66.928,7.447344,7.212524,0.234819,721.2667,0.848223,0.074248,0.78623,0.139521,102400,73857708,3160,57030,5,214
58600,73.236,67.163,7.447544,7.197998,0.249546,726.8172,0.828369,0.075342,0.764268,0.160391,102400,74426086,3203,57013,10,214
58800,73.526,67.433,7.48983,7.216919,0.272911,696.4012,0.823818,0.071553,0.777871,0.150576,102400,71311486,3201,56992,12,215
59000,73.837,67.724,7.499067,7.224854,0.274214,721.1148,0.811621,0.074512,0.794443,0.131045,102400,73842160,3109,56989,10,215
59200,74.135,68.002,7.491766,7.203247,0.288519,718.4228,0.799287,0.074268,0.788018,0.137715,102400,73566491,3109,56840,15,215
59400,74.384,68.231,7.469583,7.191528,0.278055,694.7735,0.819424,0.071289,0.795918,0.132793,102400,71144810,3191,56860,16,215
59600,74.643,68.471,7.473597,7.219849,0.253748,736.1535,0.838135,0.075957,0.795742,0.128301,102400,75382123,3154,56996,16,215
59800,74.908,68.715,7.499917,7.213745,0.286172,771.6048,0.831016,0.080137,0.799346,0.120518,102400,79012330,3221,56965,14,215
60000,75.178,68.963,7.504621,7.179199,0.325422,729.2689,0.837568,0.075,0.821143,0.103857,102400,74677137,3160,56578,20,217
60200,75.439,69.205,7.490959,7.184448,0.306511,727.2442,0.860566,0.074912,0.845859,0.079229,102400,74469805,3135,56795,15,217
60400,75.684,69.43,7.501865,7.194946,0.306919,654.3802,0.876875,0.065771,0.854443,0.079785,102400,67008536,3093,56939,17,217
60600,75.925,69.651,7.500331,7.184204,0.316127,638.573,0.881855,0.063906,0.851729,0.084365,102400,65389872,3124,56804,17,218
60800,76.175,69.881,7.494662,7.189941,0.304721,676.7399,0.886992,0.068564,0.850625,0.080811,102400,69298164,3208,57006,16,218
61000,76.429,70.116,7.475514,7.12085,0.354664,670.11,0.879473,0.067842,0.840742,0.091416,102400,68619260,3207,56661,13,218
61200,76.671,70.34,7.502086,7.137573,0.364512,654.6029,0.886582,0.065889,0.854189,0.079922,102400,67031335,3129,56704,11,218
61400,76.917,70.566,7.524558,7.212891,0.311667,678.3871,0.887188,0.068789,0.865146,0.066064,102400,69466839,3194,57097,11,219
61600,77.163,70.794,7.542442,7.272339,0.270103,694.533,0.868857,0.071045,0.834492,0.094463,102400,71120181,3228,57331,11,221
61800,77.45,71.043,7.534348,7.277954,0.256394,724.5704,0.85373,0.074951,0.820811,0.104238,102400,74196010,3239,57382,14,222
62000,78.0,71.557,7.54691,7.267456,0.279454,723.9768,0.85002,0.0746,0.83166,0.09374,102400,74135228,3154,57289,11,222
62200,78.302,71.84,7.54597,7.303345,0.242625,712.6174,0.838467,0.072861,0.841807,0.085332,102400,72972021,3032,57465,5,222
62400,78.575,72.088,7.529096,7.316284,0.212812,737.7624,0.862861,0.076182,0.846504,0.077314,102400,75546874,3118,57500,5,222
62600,78.88,72.364,7.487175,7.296753,0.190422,800.9036,0.879404,0.083945,0.844355,0.071699,102400,82012524,3084,57559,7,223
62800,79.183,72.649,7.478165,7.317749,0.160416,887.5642,0.869502,0.094795,0.828252,0.076953,102400,90886572,3160,57664,3,223
63000,79.466,72.911,7.455767,7.309448,0.146319,859.8,0.839512,0.091699,0.803252,0.105049,102400,88043525,3183,57628,5,223
63200,79.736,73.161,7.400395,7.245605,0.154789,789.9693,0.850811,0.082861,0.820977,0.096162,102400,80892856,3106,57507,4,223
63400,79.996,73.401,7.408865,7.230103,0.178763,722.9992,0.885234,0.074199,0.837002,0.088799,102400,74035114,3098,57251,5,223
63600,80.249,73.633,7.399862,7.203491,0.196371,699.6221,0.885947,0.071387,0.826279,0.102334,102400,71641302,3178,57112,5,223
63800,80.497,73.863,7.441364,7.22522,0.216144,678.5093,0.879775,0.068887,0.826143,0.104971,102400,69479352,3109,57134,4,223
64000,80.747,74.093,7.447942,7.208374,0.239568,685.7388,0.891709,0.069736,0.837861,0.092402,102400,70219652,3139,56939,6,223
64200,81.008,74.335,7.426035,7.111572,0.314463,736.656,0.886416,0.076162,0.821289,0.102549,102400,75433579,3174,56500,7,223
64400,81.281,74.59,7.405787,7.067993,0.337794,798.9148,0.890859,0.083506,0.81832,0.098174,102400,81808874,3142,56553,9,223
64600,81.546,74.835,7.382528,7.096436,0.286093,709.3375,0.901123,0.072354,0.831553,0.096094,102400,72636156,3221,56991,8,223
64800,81.793,75.063,7.395378,7.080933,0.314446,662.2145,0.902842,0.066973,0.824287,0.10874,102400,67810767,3189,56781,10,223
65000,82.076,75.326,7.357138,7.027832,0.329305,642.6469,0.91376,0.064512,0.840498,0.09499,102400,65807043,3069,56663,11,224
65200,82.337,75.564,7.335513,7.034546,0.300967,583.3128,0.915664,0.057295,0.84707,0.095635,102400,59731230,3193,56805,12,226
65400,82.569,75.775,7.319381,7.054565,0.264815,553.3891,0.918252,0.053604,0.853584,0.092812,102400,56667045,3163,57175,10,227
65600,82.825,76.01,7.305334,7.008789,0.296545,505.3252,0.927783,0.047578,0.852666,0.099756,102400,51745304,3077,56985,11,227
65800,83.038,76.204,7.361067,7.089355,0.271711,477.7888,0.910781,0.044238,0.82377,0.131992,102400,48925578,3081,57051,10,227
66000,83.249,76.395,7.334623,6.978271,0.356352,493.6928,0.86502,0.046943,0.75793,0.195127,102400,50554144,3153,56427,9,227
66200,83.461,76.585,7.319189,6.912354,0.406835,493.0014,0.844072,0.046992,0.750215,0.202793,102400,50483341,3175,56081,9,227
66400,83.68,76.784,7.353896,6.979858,0.374038,500.5521,0.850928,0.047764,0.761025,0.191211,102400,51256532,3189,56468,7,227
66600,83.902,76.988,7.379195,6.991943,0.387251,562.8796,0.857529,0.055244,0.785312,0.159443,102400,57638870,3100,56468,7,227
66800,84.146,77.213,7.428281,7.038574,0.389706,676.9766,0.860596,0.069326,0.798447,0.132227,102400,69322403,3055,56606,12,227
67000,84.402,77.44,7.472537,7.048706,0.423831,668.5875,0.833447,0.068574,0.768477,0.162949,102400,68463360,3163,56498,8,227
67200,84.69,77.709,7.485385,6.975952,0.509433,725.8433,0.847773,0.075176,0.794375,0.130449,102400,74326355,3145,55963,8,227
67400,84.937,77.937,7.504772,7.035156,0.469616,700.9804,0.857109,0.071934,0.816914,0.111152,102400,71780397,3187,56348,12,227
67600,85.195,78.176,7.494687,7.034302,0.460385,765.02,0.842324,0.079961,0.787832,0.132207,102400,78338046,3118,56499,17,228
67800,85.449,78.411,7.492022,7.076172,0.41585,734.3043,0.843193,0.076152,0.793516,0.130332,102400,75192757,3176,56729,14,228
68000,85.716,78.66,7.478026,7.104736,0.37329,761.335,0.830518,0.079648,0.794707,0.125645,102400,77960702,3190,56927,14,228
68200,85.979,78.904,7.484195,7.152222,0.331973,766.8066,0.850908,0.079902,0.823105,0.096992,102400,78520997,3177,56987,13,228
68400,86.264,79.165,7.48902,7.150757,0.338263,806.6846,0.862676,0.084785,0.825332,0.089883,102400,82604504,3119,56824,12,228
68600,86.565,79.447,7.525946,7.172363,0.353582,830.5968,0.868662,0.087715,0.833652,0.078633,102400,85053109,3193,56741,13,228
68800,86.849,79.712,7.525539,7.194336,0.331203,861.3406,0.859844,0.091533,0.832725,0.075742,102400,88201274,3222,56994,13,228
69000,87.175,80.019,7.498293,7.150757,0.347536,851.1228,0.84832,0.090176,0.818945,0.090879,102400,87154972,3076,56778,16,228
69200,87.447,80.27,7.518018,7.147095,0.370923,815.602,0.832627,0.085811,0.820391,0.093799,102400,83517647,3160,56516,15,228
69400,87.744,80.547,7.49717,7.150146,0.347023,792.9203,0.805479,0.082998,0.826396,0.090605,102400,81195040,3209,56780,15,228
69600,88.006,80.79,7.471905,7.121216,0.350689,744.6906,0.83125,0.076807,0.834629,0.088564,102400,76256315,3149,56660,17,229
69800,88.268,81.031,7.385611,7.112915,0.272696,705.1573,0.838291,0.071641,0.83291,0.095449,102400,72208112,3099,57168,13,229
70000,88.567,81.31,7.428209,7.210083,0.218126,665.6112,0.846279,0.066758,0.846201,0.087041,102400,68158587,3161,57526,12,229
70200,88.846,81.561,7.470534,7.240845,0.22969,672.2596,0.831855,0.068027,0.811924,0.120049,102400,68839378,3155,57222,11,229
70400,89.103,81.798,7.410506,7.198242,0.212264,682.0901,0.857627,0.069424,0.806768,0.123809,102400,69846031,3158,57198,9,229
70600,89.349,82.023,7.432812,7.187134,0.245678,645.1801,0.862402,0.064766,0.813135,0.1221,102400,66066445,3145,57064,9,229
70800,89.605,82.257,7.417742,7.212769,0.204973,626.0263,0.873721,0.062422,0.823779,0.113799,102400,64105097,3189,57383,8,229
71000,89.908,82.541,7.449724,7.195312,0.254412,619.2563,0.882197,0.061562,0.83293,0.105508,102400,63411850,3116,56920,7,229
71200,90.142,82.756,7.474787,7.207153,0.267633,615.4878,0.876777,0.061201,0.808301,0.130498,102400,63025953,3201,56958,9,229
71400,90.388,82.982,7.375607,6.918335,0.457272,664.7403,0.866553,0.067188,0.797891,0.134922,102400,68069404,3210,54994,14,229
71600,90.673,83.248,7.374698,6.935303,0.439395,862.01,0.850986,0.091592,0.785723,0.122686,102400,88269822,3267,55748,13,229
71800,90.966,83.522,7.417291,6.963623,0.453668,895.9044,0.880674,0.0954,0.805654,0.098945,102400,91740607,3145,56074,10,230
72000,91.247,83.784,7.421464,7.009155,0.412309,833.2742,0.892705,0.087607,0.832861,0.079531,102400,85327275,3120,56499,7,230
72200,91.583,84.098,7.460731,7.040527,0.420203,869.0201,0.892705,0.091719,0.842773,0.065508,102400,88987654,3065,56616,8,230
72400,91.868,84.363,7.466145,7.00415,0.461994,856.7944,0.9029,0.090508,0.84752,0.061973,102400,87735743,3198,56281,8,231
72600,92.152,84.628,7.416867,6.957642,0.459225,844.8098,0.893721,0.089141,0.838398,0.072461,102400,86508519,3145,56266,11,232
72800,92.416,84.872,7.39584,6.965454,0.430386,751.4121,0.895547,0.077363,0.851035,0.071602,102400,76944597,3150,56479,8,232
73000,92.659,85.095,7.389135,6.99707,0.392064,674.1579,0.892314,0.06791,0.847734,0.084355,102400,69033766,3139,56509,8,232
73200,92.904,85.321,7.406485,7.040283,0.366202,648.5504,0.866455,0.065068,0.841914,0.093018,102400,66411564,3159,56681,11,232
73400,93.144,85.542,7.42833,7.069336,0.358994,658.843,0.84877,0.066416,0.82958,0.104004,102400,67465520,3061,56821,12,232
73600,93.378,85.757,7.45598,7.133057,0.322924,643.9264,0.833984,0.064756,0.814092,0.121152,102400,65938059,3082,57058,10,232
73800,93.646,86.004,7.437379,7.095825,0.341554,719.4953,0.78333,0.074287,0.768105,0.157607,102400,73676317,3107,56802,11,232
74000,93.994,86.333,7.458443,7.107422,0.351021,919.8493,0.725654,0.099629,0.704219,0.196152,102400,94192568,3203,56697,12,232
74200,94.274,86.594,7.492162,7.064819,0.427343,871.2476,0.723799,0.093057,0.749697,0.157246,102400,89215756,3194,56274,10,232
74400,94.573,86.87,7.47562,7.099121,0.376499,888.4931,0.7196,0.095098,0.770635,0.134268,102400,90981696,3247,56629,9,232
74600,94.881,87.148,7.487029,7.142822,0.344207,880.8033,0.688018,0.094189,0.777031,0.128779,102400,90194263,3186,57014,12,232
74800,95.252,87.499,7.521263,7.198486,0.322777,943.2719,0.686855,0.101855,0.779648,0.118496,102400,96591041,3110,57183,15,233
75000,95.543,87.771,7.53519,7.249146,0.286045,925.8938,0.69375,0.099473,0.782373,0.118154,102400,94811523,3141,57349,18,234
75200,95.834,88.043,7.569494,7.301514,0.26798,931.5466,0.739775,0.1004,0.787705,0.111895,102400,95390373,3171,57467,17,234
75400,96.111,88.3,7.586775,7.338867,0.247907,861.7064,0.738135,0.09168,0.795498,0.112822,102400,88238739,3184,57515,8,234
75600,96.384,88.555,7.549173,7.283569,0.265603,843.54,0.768604,0.089531,0.800996,0.109473,102400,86378493,3140,57254,4,234
75800,96.662,88.813,7.548808,7.234497,0.314311,812.6236,0.811846,0.08542,0.814893,0.099688,102400,83212661,3122,56940,5,234
76000,96.934,89.067,7.502679,7.176392,0.326287,812.1368,0.852998,0.085176,0.833057,0.081768,102400,83162807,3206,56681,5,234
76200,97.212,89.325,7.485944,7.134277,0.351666,846.9221,0.847822,0.089678,0.818418,0.091904,102400,86724820,3110,56435,6,234
76400,97.476,89.57,7.493663,7.174683,0.318981,783.4203,0.865117,0.081758,0.833926,0.084316,102400,80222237,3099,56839,10,234
76600,97.739,89.815,7.500297,7.182495,0.317802,781.2879,0.861211,0.08085,0.833496,0.085654,102400,80003879,3167,56869,11,234
76800,97.997,90.054,7.470486,7.162231,0.308255,755.4939,0.865791,0.077764,0.847109,0.075127,102400,77362574,3081,56962,13,234
77000,98.245,90.282,7.425074,7.184448,0.240626,686.3916,0.871855,0.069414,0.86834,0.062246,102400,70286496,3140,57464,10,234
77200,98.483,90.501,7.44292,7.267944,0.174976,621.0307,0.879141,0.061006,0.88791,0.051084,102400,63593540,3123,57686,9,234
77400,98.711,90.71,7.469908,7.310425,0.159483,585.2033,0.862666,0.056875,0.871875,0.07125,102400,59924817,3119,57734,8,234
77600,98.929,90.91,7.445485,7.267944,0.177541,530.6448,0.883408,0.050225,0.877393,0.072383,102400,54338028,3168,57549,7,234
77800,99.147,91.108,7.430871,7.231323,0.199547,525.9283,0.894678,0.049814,0.881035,0.06915,102400,53855057,3158,57349,3,234
78000,99.363,91.305,7.418114,7.224121,0.193993,516.9913,0.924131,0.048438,0.90125,0.050312,102400,52939909,3190,57353,3,234
78200,99.586,91.51,7.470312,7.296509,0.173803,546.743,0.919629,0.052324,0.88665,0.061025,102400,55986484,3241,57583,3,234
78400,99.812,91.717,7.439006,7.263306,0.1757,553.1641,0.921436,0.053135,0.884199,0.062666,102400,56644008,3079,57377,4,235
78600,100.024,91.909,7.425115,7.256592,0.168523,488.8606,0.919971,0.045088,0.899004,0.055908,102400,50059322,3197,57399,7,235
78800,100.24,92.106,7.414293,7.265381,0.148912,513.5442,0.904961,0.048184,0.892617,0.059199,102400,52586930,3194,57479,7,235
79000,100.464,92.312,7.452626,7.309082,0.143544,563.6131,0.903193,0.054424,0.887314,0.058262,102400,57713984,3263,57685,6,236
79200,100.692,92.52,7.437291,7.283569,0.153722,553.379,0.897432,0.053008,0.886455,0.060537,102400,56666010,2985,57538,6,236
79400,100.904,92.713,7.504732,7.314819,0.189913,517.4575,0.879785,0.048799,0.872744,0.078457,102400,52987649,3163,57385,7,236
79600,101.13,92.92,7.467043,7.265991,0.201052,594.4099,0.863115,0.058428,0.852275,0.089297,102400,60867572,3097,57281,8,237
79800,101.352,93.124,7.491384,7.328613,0.16277,571.7271,0.848203,0.055703,0.85665,0.087646,102400,58544858,3192,57728,4,237
80000,101.575,93.326,7.495226,7.296997,0.198229,556.9528,0.834092,0.053975,0.851865,0.09416,102400,57031969,3125,57376,5,237
80200,101.797,93.528,7.479526,7.234619,0.244907,565.0462,0.850088,0.054531,0.868467,0.077002,102400,57860734,3086,57065,7,237
80400,102.018,93.73,7.499804,7.274048,0.225756,567.4712,0.871445,0.054697,0.883984,0.061318,102400,58109051,3225,57325,4,237
80600,102.248,93.94,7.481734,7.253296,0.228438,615.9641,0.886221,0.060684,0.898926,0.040391,102400,63074722,3173,57213,5,237
80800,102.479,94.151,7.488433,7.28125,0.207183,620.7912,0.884658,0.06124,0.891191,0.047568,102400,63569017,3284,57405,6,237
81000,102.706,94.36,7.523505,7.342285,0.18122,592.3998,0.885762,0.057969,0.879414,0.062617,102400,60661739,3178,57576,5,237
81200,102.924,94.559,7.558052,7.339355,0.218697,571.8876,0.878857,0.055605,0.866553,0.077842,102400,58561294,3206,57274,6,238
81400,103.148,94.764,7.584307,7.371094,0.213213,559.2176,0.874512,0.053984,0.880371,0.065645,102400,57263883,3097,57362,7,239
81600,103.359,94.956,7.629226,7.400146,0.229079,533.6895,0.854658,0.050967,0.864502,0.084531,102400,54649809,3137,57291,9,239
81800,103.559,95.137,7.617889,7.422729,0.19516,456.2049,0.81624,0.041279,0.856748,0.101973,102400,46715385,3098,57526,9,239
82000,103.755,95.313,7.626868,7.376953,0.249915,458.1799,0.805645,0.042012,0.837256,0.120732,102400,46917620,3214,57183,8,239
82200,103.96,95.5,7.631145,7.365845,0.265301,508.7642,0.819111,0.048369,0.826104,0.125527,102400,52097456,3116,57069,7,239
82400,104.166,95.687,7.625159,7.320557,0.304603,524.8925,0.819326,0.050254,0.817803,0.131943,102400,53748997,3215,56807,6,239
82600,104.391,95.885,7.615849,7.312866,0.302983,503.4016,0.813594,0.047354,0.830693,0.121953,102400,51548327,3110,56885,7,239
82800,104.614,96.088,7.637805,7.325928,0.311877,526.4716,0.80502,0.050371,0.821895,0.127734,102400,53910694,3150,56954,12,239
83000,104.827,96.282,7.647567,7.333618,0.313948,547.2168,0.80584,0.053242,0.803955,0.142803,102400,56035000,3207,57078,12,239
83200,105.074,96.502,7.631587,7.376587,0.255,557.6355,0.81751,0.05457,0.794199,0.15123,102400,57101871,3143,57424,15,240
83400,105.304,96.713,7.59999,7.348022,0.251968,599.2765,0.810186,0.059658,0.790547,0.149795,102400,61365912,3123,57216,14,240
83600,105.589,96.97,7.583684,7.30603,0.277654,592.3591,0.808711,0.058721,0.805127,0.136152,102400,60657569,3022,57024,7,240
83800,105.834,97.196,7.59578,7.248169,0.347611,602.7379,0.802578,0.05959,0.824346,0.116064,102400,61720356,3086,56749,10,241
84000,106.055,97.399,7.602317,7.272461,0.329857,611.5697,0.804414,0.060215,0.833447,0.106338,102400,62624739,3068,56853,10,241
84200,106.278,97.603,7.612887,7.321777,0.291109,618.3195,0.817939,0.060859,0.845938,0.093203,102400,63315918,3127,57161,11,241
84400,106.509,97.814,7.604318,7.298706,0.305612,625.1672,0.826934,0.061934,0.840244,0.097822,102400,64017125,3212,57022,14,241
84600,106.749,98.032,7.602575,7.329956,0.272619,605.3003,0.835615,0.059707,0.8304,0.109893,102400,61982755,3060,57235,7,241
84800,106.977,98.241,7.594748,7.32019,0.274557,605.1836,0.857734,0.060059,0.825791,0.11415,102400,61970796,3146,57296,7,242
85000,107.212,98.458,7.634953,7.375244,0.259709,669.5098,0.840996,0.068262,0.804541,0.127197,102400,68557803,3194,57348,7,242
85200,107.438,98.664,7.625999,7.372925,0.253074,604.2608,0.816836,0.060059,0.79958,0.140361,102400,61876302,3179,57268,5,242
85400,107.657,98.863,7.636205,7.375,0.261205,585.6633,0.796123,0.057646,0.804707,0.137646,102400,59971922,3218,57280,10,242
85600,107.876,99.062,7.645768,7.424316,0.221451,582.4203,0.786377,0.05749,0.793848,0.148662,102400,59639834,3198,57542,9,242
85800,108.092,99.257,7.652289,7.399414,0.252875,576.3024,0.777363,0.057012,0.78748,0.155508,102400,59013364,3195,57311,11,242
86000,108.308,99.455,7.640779,7.412842,0.227937,579.5491,0.769688,0.057383,0.788916,0.153701,102400,59345830,3138,57413,5,242
86200,108.527,99.654,7.642508,7.452271,0.190238,582.9469,0.748584,0.058086,0.769844,0.17207,102400,59693767,3176,57696,5,242
86400,108.769,99.878,7.645351,7.480713,0.164638,564.3542,0.745186,0.056006,0.74252,0.201475,102400,57789874,3159,57727,5,242
86600,108.987,100.077,7.627257,7.420532,0.206725,568.3593,0.749707,0.056279,0.748447,0.195273,102400,58199990,3181,57206,6,242
86800,109.212,100.282,7.563002,7.282349,0.280653,613.5303,0.77708,0.06165,0.759629,0.178721,102400,62825507,3101,56487,9,242
87000,109.472,100.516,7.52547,7.265015,0.260455,655.6951,0.805869,0.06627,0.804053,0.129678,102400,67143174,3200,56909,8,242
87200,109.722,100.747,7.510082,7.268433,0.241649,628.4819,0.873486,0.062598,0.834131,0.103271,102400,64356542,3081,57219,6,242
87400,109.95,100.955,7.499142,7.22583,0.273312,573.394,0.871377,0.05583,0.836279,0.107891,102400,58715547,3137,57065,6,242
87600,110.17,101.156,7.478424,7.222168,0.256256,547.5088,0.873145,0.052471,0.857666,0.089863,102400,56064906,3085,57133,5,242
87800,110.382,101.348,7.44991,7.212646,0.237263,491.4255,0.918369,0.045547,0.879365,0.075088,102400,50321974,3055,57227,5,242
88000,110.603,101.549,7.485578,7.247803,0.237775,515.4463,0.892285,0.04873,0.841553,0.109717,102400,52781706,3098,57198,5,242
88200,110.825,101.752,7.45606,7.078247,0.377813,554.4232,0.856143,0.05374,0.809219,0.137041,102400,56772940,3146,56211,7,242
88400,111.052,101.96,7.398484,6.914429,0.484055,589.5529,0.864648,0.057969,0.825527,0.116504,102400,60370214,3209,55602,8,242
88600,111.29,102.179,7.399827,7.007446,0.39238,620.7168,0.875146,0.061689,0.860029,0.078281,102400,63561402,3212,56576,10,242
88800,111.525,102.394,7.366859,7.041504,0.325355,636.4509,0.892334,0.063467,0.863721,0.072812,102400,65172569,3127,56928,9,242
89000,111.809,102.659,7.353519,7.060791,0.292728,655.2767,0.903594,0.065801,0.863291,0.070908,102400,67100331,3237,57281,10,242
89200,112.062,102.893,7.427616,7.153931,0.273685,695.3109,0.889512,0.070957,0.841572,0.087471,102400,71199835,3087,57462,10,242
89400,112.404,103.216,7.417998,7.123169,0.294829,708.4856,0.867656,0.072637,0.820312,0.107051,102400,72548930,3113,57078,7,242
89600,112.661,103.454,7.427886,7.15332,0.274566,679.305,0.859346,0.068965,0.832158,0.098877,102400,69560827,3137,57124,7,242
89800,113.02,103.775,7.47565,7.246704,0.228946,663.6549,0.865693,0.06707,0.839844,0.093086,102400,67958259,3140,57495,6,242
90000,113.504,104.22,7.497029,7.271973,0.225056,664.2875,0.857275,0.067178,0.835225,0.097598,102400,68023038,3062,57357,7,242
90200,113.822,104.518,7.477673,7.2948,0.182873,707.1536,0.849697,0.072529,0.835439,0.092031,102400,72412533,3121,57615,10,242
90400,114.072,104.748,7.496709,7.265259,0.23145,668.8757,0.840947,0.067793,0.834404,0.097803,102400,68492876,3228,57183,11,242
90600,114.545,105.181,7.509512,7.311401,0.198111,666.6249,0.855996,0.067354,0.841025,0.091621,102400,68262386,3134,57406,9,242
90800,114.894,105.509,7.459776,7.23291,0.226866,652.151,0.868154,0.065488,0.840303,0.094209,102400,66780261,3096,57133,13,242
91000,115.157,105.746,7.425978,7.153931,0.272047,646.0427,0.892754,0.064795,0.852148,0.083057,102400,66154769,3039,56848,12,242
91200,115.555,106.123,7.414937,7.165405,0.249532,666.2154,0.872793,0.067236,0.839463,0.093301,102400,68220455,3179,57013,13,242
91400,115.797,106.347,7.424549,7.240234,0.184315,651.7433,0.858008,0.065645,0.841592,0.092764,102400,66738512,3196,57482,8,242
91600,116.043,106.574,7.450497,7.219849,0.230648,663.2483,0.839697,0.067236,0.807646,0.125117,102400,67916623,3125,57178,8,242
91800,116.302,106.814,7.480209,7.258057,0.222152,654.8505,0.829648,0.06667,0.779883,0.153447,102400,67056696,3098,57351,8,242
92000,116.548,107.041,7.46699,7.24585,0.221141,664.4036,0.809639,0.068203,0.74833,0.183467,102400,68034928,3190,57132,6,242
92200,116.795,107.269,7.508261,7.265869,0.242392,698.101,0.806377,0.072256,0.747871,0.179873,102400,71485547,3045,57039,5,242
92400,117.044,107.499,7.516667,7.272339,0.244328,716.6848,0.810596,0.074736,0.743604,0.18166,102400,73388523,3039,57104,7,242
92600,117.29,107.726,7.545613,7.283569,0.262044,712.394,0.817334,0.074209,0.75167,0.174121,102400,72949150,3143,57056,8,242
92800,117.526,107.943,7.561549,7.329712,0.231837,668.485,0.817568,0.06873,0.761113,0.170156,102400,68452868,3109,57320,6,242
93000,117.765,108.163,7.595265,7.369385,0.22588,681.2871,0.823096,0.07002,0.761748,0.168232,102400,69763794,3237,57370,6,242
93200,118.005,108.384,7.593062,7.344238,0.248823,675.4335,0.824668,0.069258,0.765029,0.165713,102400,69164388,3136,57224,9,242
93400,118.253,108.612,7.594955,7.326172,0.268783,700.7882,0.825498,0.072539,0.763652,0.163809,102400,71760715,3072,57153,11,242
93600,118.502,108.84,7.581169,7.266113,0.315056,694.1038,0.821172,0.071641,0.760078,0.168281,102400,71076225,3201,56743,9,242
93800,118.741,109.061,7.545265,7.263184,0.282082,652.6775,0.819492,0.066416,0.776982,0.156602,102400,66834176,3176,57068,6,242
94000,118.97,109.269,7.542666,7.253906,0.28876,590.5109,0.835439,0.058457,0.804229,0.137314,102400,60468319,3200,57064,10,242
94200,119.193,109.472,7.513146,7.232788,0.280358,556.2977,0.840176,0.054463,0.789551,0.155986,102400,56964887,3145,57126,9,242
94400,119.412,109.672,7.506907,7.193359,0.313548,560.8855,0.833242,0.055166,0.773027,0.171807,102400,57434674,3132,56867,8,242
94600,119.633,109.874,7.502952,7.228027,0.274925,581.887,0.81335,0.057803,0.779541,0.162656,102400,59585229,3115,57043,5,242
94800,119.864,110.085,7.545046,7.294922,0.250124,633.579,0.793193,0.064541,0.734043,0.201416,102400,64878491,3097,57312,9,242
95000,120.099,110.301,7.545969,7.290039,0.25593,639.4818,0.754014,0.064902,0.721914,0.213184,102400,65482935,3086,57218,10,242
95200,120.319,110.501,7.473168,7.162598,0.31057,588.3009,0.747842,0.058418,0.697197,0.244385,102400,60242015,3169,56777,14,242
95400,120.54,110.703,7.451126,7.15979,0.291336,576.1676,0.825312,0.057139,0.756865,0.185996,102400,58999560,3092,56826,14,242
95600,120.754,110.898,7.432453,7.202515,0.229939,532.1467,0.847256,0.051738,0.771338,0.176924,102400,54491826,3221,57337,10,242
95800,120.963,111.088,7.472995,7.200317,0.272677,502.6221,0.856201,0.048066,0.776826,0.175107,102400,51468503,3206,56948,10,242
96000,121.181,111.286,7.492386,7.176758,0.315628,528.8318,0.86002,0.050723,0.79627,0.153008,102400,54152378,3190,56686,11,242
96200,121.423,111.51,7.506121,7.192627,0.313494,456.4023,0.853975,0.041797,0.806426,0.151777,102400,46735593,3203,56784,12,242
96400,121.616,111.683,7.52983,7.211548,0.318282,428.4035,0.833379,0.038818,0.793418,0.167764,102400,43868515,3217,56724,11,242
96600,121.813,111.861,7.543729,7.25293,0.2908,420.9364,0.85125,0.037891,0.801182,0.160928,102400,43103885,3140,57029,10,242
96800,122.007,112.036,7.549114,7.291016,0.258099,422.5431,0.849834,0.038066,0.798037,0.163896,102400,43268418,3098,57303,9,242
97000,122.225,112.228,7.530663,7.302979,0.227685,460.785,0.837939,0.042959,0.775693,0.181348,102400,47184386,3265,57341,9,243
97200,122.453,112.436,7.484444,7.230957,0.253487,518.6091,0.833926,0.050029,0.769102,0.180869,102400,53105567,3231,57068,8,243
97400,122.667,112.631,7.473372,7.251465,0.221907,496.6854,0.848164,0.047344,0.777803,0.174854,102400,50860586,3202,57259,8,243
97600,122.883,112.825,7.512099,7.248657,0.263441,527.4685,0.846133,0.051514,0.749619,0.198867,102400,54012773,3130,57119,7,244
97800,123.114,113.037,7.467363,7.217163,0.2502,508.7184,0.837979,0.049238,0.748906,0.201855,102400,52092762,3204,57071,8,244
98000,123.322,113.226,7.466655,7.188354,0.2783,497.6875,0.833018,0.047725,0.755752,0.196523,102400,50963197,3085,56876,9,244
98200,123.539,113.424,7.407536,7.158569,0.248967,538.3385,0.838496,0.052461,0.77667,0.170869,102400,55125858,3044,57149,8,244
98400,123.749,113.614,7.368382,7.101196,0.267186,490.5627,0.868516,0.046396,0.803242,0.150361,102400,50233620,3216,56776,8,244
98600,123.955,113.801,7.353447,7.088257,0.26519,472.6234,0.877686,0.044229,0.80623,0.149541,102400,48396640,3118,56868,11,244
98800,124.167,113.994,7.389859,7.124756,0.265103,492.6685,0.881504,0.046543,0.819932,0.133525,102400,50449259,3133,57111,12,244
99000,124.396,114.202,7.360484,7.089233,0.27125,545.5491,0.866914,0.053174,0.785469,0.161357,102400,55864229,3168,56970,11,244
99200,124.621,114.407,7.369157,7.051392,0.317766,565.0818,0.842344,0.055869,0.75752,0.186611,102400,57864376,3152,56690,9,244
99400,124.848,114.613,7.378476,6.981812,0.396664,562.6102,0.840635,0.055156,0.780146,0.164697,102400,57611280,3063,56312,8,245
99600,125.09,114.837,7.362539,6.983521,0.379019,572.503,0.851123,0.056484,0.798037,0.145479,102400,58624304,3135,56260,11,245
99800,125.362,115.064,7.39726,7.021973,0.375288,606.4595,0.874795,0.06041,0.814766,0.124824,102400,62101456,3292,56667,8,245
100000,125.758,115.439,7.400728,7.012207,0.388521,609.4886,0.869102,0.061016,0.799482,0.139502,102400,62411631,3164,56718,14,245
100200,126.118,115.771,7.367201,6.964722,0.40248,582.1177,0.876953,0.057627,0.801885,0.140488,102400,59608851,3094,56484,13,245
100400,126.354,115.973,7.35454,7.056763,0.297777,542.5867,0.865508,0.052578,0.802021,0.1454,102400,55560873,3041,57151,11,245
100600,126.642,116.241,7.415962,7.128906,0.287056,490.8824,0.849551,0.046348,0.778535,0.175117,102400,50266355,3175,57259,14,246
100800,126.911,116.47,7.45384,7.182495,0.271344,443.7344,0.839053,0.040957,0.767354,0.191689,102400,45438404,3145,57267,10,246
101000,127.253,116.792,7.427434,7.12439,0.303044,460.6699,0.832715,0.043076,0.759209,0.197715,102400,47172595,3087,56808,10,246
101200,127.458,116.977,7.41363,7.057007,0.356623,456.9554,0.82584,0.042822,0.757793,0.199385,102400,46792232,3080,56622,12,246
101400,127.663,117.161,7.398092,7.091675,0.306417,443.9193,0.83457,0.041182,0.766777,0.192041,102400,45457332,3124,56924,11,246
101600,127.86,117.337,7.399887,7.120972,0.278916,426.4746,0.835791,0.039062,0.765811,0.195127,102400,43670995,3120,56914,11,246
101800,128.241,117.678,7.387003,7.13208,0.254923,455.0887,0.850332,0.0421,0.797695,0.160205,102400,46601084,3116,57009,10,246
102000,128.651,118.067,7.393166,7.056519,0.336648,494.6902,0.883564,0.046416,0.831924,0.12166,102400,50656279,3156,56551,10,246
102200,128.891,118.267,7.393582,7.044434,0.349148,466.3405,0.912725,0.042637,0.867656,0.089707,102400,47753271,3142,56649,11,246
102400,129.181,118.538,7.373507,7.008301,0.365206,461.8962,0.91752,0.042158,0.862207,0.095635,102400,47298175,3164,56536,12,247
102600,129.475,118.791,7.326465,6.954712,0.371753,497.9576,0.916162,0.046689,0.850029,0.103281,102400,50990857,3112,56370,12,247
102800,129.695,118.985,7.36436,6.95459,0.40977,460.4608,0.909883,0.042334,0.839678,0.117988,102400,47151190,3186,56218,16,247
103000,130.053,119.307,7.341828,6.914062,0.427766,492.1105,0.883408,0.04627,0.797266,0.156465,102400,50392116,3161,56249,15,247
103200,130.276,119.511,7.399503,7.0271,0.372403,555.8425,0.885605,0.053896,0.812178,0.133926,102400,56918269,3157,56799,18,247
103400,130.627,119.842,7.432377,7.044312,0.388065,598.8867,0.872275,0.059541,0.792402,0.148057,102400,61325999,3206,56725,11,247
103600,130.923,120.118,7.480338,7.12085,0.359489,609.7839,0.847666,0.061377,0.769219,0.169404,102400,62441875,3213,56990,10,247
103800,131.154,120.33,7.516104,7.109253,0.406851,621.1202,0.826113,0.062803,0.743994,0.193203,102400,63602710,3191,56664,10,247
104000,131.386,120.54,7.508337,7.101196,0.407141,593.1405,0.82752,0.059434,0.754121,0.186445,102400,60737585,3171,56407,13,247
104200,131.614,120.748,7.528651,7.128052,0.400599,586.1795,0.831064,0.058682,0.739512,0.201807,102400,60024783,3190,56565,14,247
104400,131.835,120.949,7.525595,7.119385,0.40621,555.0339,0.815596,0.055059,0.729912,0.215029,102400,56835472,3182,56474,13,247
104600,132.046,121.141,7.51025,7.061279,0.448971,519.3316,0.815205,0.050723,0.734912,0.214365,102400,53179558,3236,56077,15,247
104800,132.261,121.336,7.454107,7.007812,0.446295,541.6707,0.816035,0.053164,0.756689,0.190146,102400,55467083,3097,56196,13,247
105000,132.496,121.552,7.383447,6.881348,0.5021,629.9932,0.808887,0.063857,0.75417,0.181973,102400,64511299,3227,55721,11,247
105200,132.751,121.786,7.379859,6.76123,0.618629,718.6689,0.828301,0.074316,0.779375,0.146309,102400,73591700,3161,55061,12,248
105400,133.036,122.047,7.40646,6.887329,0.519131,748.5084,0.834961,0.077773,0.814346,0.107881,102400,76647261,3161,56071,11,248
105600,133.294,122.285,7.428023,6.964478,0.463545,720.2527,0.821924,0.074521,0.804209,0.12127,102400,73753881,3120,56435,16,248
105800,133.562,122.534,7.409467,6.984375,0.425092,764.5567,0.841963,0.079756,0.818848,0.101396,102400,78290601,3070,56717,16,248
106000,133.845,122.789,7.404101,6.896362,0.507738,820.3545,0.850225,0.08666,0.809688,0.103652,102400,84004299,3145,56108,10,248
106200,134.151,123.068,7.341539,6.878906,0.462633,773.1147,0.84415,0.080879,0.805,0.114121,102400,79166948,3196,56328,12,250
106400,134.411,123.308,7.358677,6.910156,0.448521,755.1324,0.857871,0.07834,0.826768,0.094893,102400,77325556,3117,56599,13,250
106600,134.724,123.602,7.364529,6.974609,0.38992,702.8618,0.878135,0.071572,0.841631,0.086797,102400,71973052,3186,56913,13,250
106800,134.976,123.832,7.351449,6.989014,0.362435,681.1637,0.885859,0.068916,0.848711,0.082373,102400,69751158,3126,56874,12,250
107000,135.229,124.064,7.393498,7.018799,0.3747,690.3858,0.878848,0.0704,0.828799,0.100801,102400,70695505,3037,56768,13,250
107200,135.483,124.299,7.408969,6.981567,0.427402,708.455,0.878896,0.072607,0.820508,0.106885,102400,72545796,3203,56426,13,250
107400,135.751,124.547,7.435356,7.012573,0.422782,766.3337,0.886689,0.079951,0.824609,0.095439,102400,78472570,3101,56463,13,250
107600,136.018,124.794,7.478426,7.110474,0.367953,746.0671,0.869043,0.07748,0.819951,0.102568,102400,76397274,3238,56867,14,250
107800,136.281,125.037,7.46915,7.099854,0.369297,750.2348,0.865234,0.078213,0.803418,0.118369,102400,76824044,3178,56803,16,250
108000,136.544,125.28,7.472427,7.083496,0.388931,728.6279,0.861377,0.075264,0.817734,0.107002,102400,74611496,3135,56645,16,250
108200,136.811,125.528,7.460636,7.044556,0.41608,773.0835,0.872754,0.080615,0.830801,0.088584,102400,79163747,3140,56518,16,250
108400,137.114,125.811,7.459533,7.091309,0.368225,705.3437,0.868848,0.072334,0.830469,0.097197,102400,72227199,3252,56785,14,250
108600,137.357,126.034,7.451221,7.100952,0.350269,652.3734,0.84127,0.065967,0.81207,0.121963,102400,66803033,3077,56784,12,250
108800,137.602,126.259,7.454743,7.126343,0.3284,655.7375,0.82835,0.066562,0.788662,0.144775,102400,67147518,3147,56911,9,250
109000,137.853,126.486,7.458336,7.18811,0.270226,652.9762,0.816523,0.06625,0.786396,0.147354,102400,66864767,3133,57301,10,250
109200,138.142,126.751,7.49288,7.230347,0.262533,643.511,0.810693,0.065205,0.780361,0.154434,102400,65895524,3205,57378,9,250
109400,138.382,126.971,7.513892,7.22876,0.285133,633.6634,0.838711,0.063672,0.805713,0.130615,102400,64887132,3125,57157,7,250
109600,138.622,127.191,7.525527,7.211304,0.314223,651.4146,0.877744,0.065781,0.82,0.114219,102400,66704852,3151,56951,7,250
109800,138.864,127.414,7.523826,7.212524,0.311301,645.4022,0.898438,0.064717,0.83748,0.097803,102400,66089181,3153,56962,10,251
110000,139.112,127.641,7.541201,7.243042,0.298159,672.6867,0.894336,0.068105,0.833672,0.098223,102400,68883123,3143,57112,11,251
110200,139.358,127.866,7.560073,7.266235,0.293838,629.2144,0.877891,0.062734,0.821475,0.115791,102400,64431550,3220,57141,12,251
110400,139.585,128.074,7.52111,7.230591,0.29052,584.4581,0.861123,0.0575,0.804639,0.137861,102400,59848508,3107,57014,10,251
110600,139.813,128.281,7.506813,7.236206,0.270607,587.4949,0.865039,0.058037,0.800127,0.141836,102400,60159473,3103,57043,9,251
110800,140.045,128.494,7.535001,7.219238,0.315762,611.742,0.860762,0.061152,0.801221,0.137627,102400,62642385,3186,56928,12,251
111000,140.282,128.711,7.535346,7.168457,0.366889,624.5206,0.847656,0.062988,0.778535,0.158477,102400,63950912,3116,56577,10,251
111200,140.525,128.934,7.510381,7.115967,0.394414,658.5054,0.819873,0.067363,0.753379,0.179258,102400,67430953,3159,56340,10,251
111400,140.754,129.142,7.521567,7.134155,0.387412,596.4562,0.819521,0.059707,0.764688,0.175605,102400,61077117,3098,56353,10,251
111600,140.981,129.35,7.52651,7.13562,0.39089,588.8658,0.849834,0.058369,0.796748,0.144883,102400,60299860,3224,56590,9,252
111800,141.221,129.57,7.500622,7.149902,0.350719,641.8761,0.87624,0.064766,0.82126,0.113975,102400,65728117,3096,56972,12,252
112000,141.463,129.791,7.48268,7.178589,0.304091,646.8275,0.883428,0.065352,0.82874,0.105908,102400,66235139,3186,57266,11,252
112200,141.726,130.035,7.476931,7.173218,0.303713,594.3959,0.903027,0.058672,0.847617,0.093711,102400,60866139,3216,57064,13,252
112400,141.951,130.24,7.474262,7.140381,0.333882,570.6221,0.898701,0.05585,0.830137,0.114014,102400,58431699,3103,56688,12,252
112600,142.184,130.453,7.47039,7.166626,0.303764,564.2239,0.889736,0.055088,0.827383,0.117529,102400,57776524,3189,56995,10,253
112800,142.407,130.657,7.423363,7.141968,0.281395,565.5866,0.884717,0.055498,0.808623,0.135879,102400,57916063,3167,56995,9,253
113000,142.628,130.858,7.479697,7.175659,0.304038,544.9643,0.903691,0.052754,0.825859,0.121387,102400,55804349,3106,56989,8,253
113200,142.863,131.07,7.508721,7.150024,0.358697,502.7439,0.891045,0.047646,0.812734,0.139619,102400,51480977,3163,56549,12,254
113400,143.078,131.265,7.514088,7.143799,0.370289,534.8267,0.883379,0.051973,0.791094,0.156934,102400,54766259,3077,56622,11,254
113600,143.293,131.462,7.536861,7.192749,0.344112,528.9039,0.887451,0.050684,0.806279,0.143037,102400,54159757,3218,56934,10,254
113800,143.505,131.653,7.507759,7.206665,0.301094,513.9912,0.872764,0.048926,0.78791,0.163164,102400,52632700,3192,57157,17,254
114000,143.716,131.845,7.456892,7.136841,0.320051,513.6214,0.85792,0.049189,0.786406,0.164404,102400,52594834,3164,56762,19,254
114200,143.927,132.037,7.463312,7.171631,0.291681,506.8162,0.873672,0.048213,0.811826,0.139961,102400,51897983,3190,57163,14,254
114400,144.138,132.229,7.463474,7.150513,0.312961,502.3645,0.884912,0.047676,0.814648,0.137676,102400,51442120,3195,56963,11,254
114600,144.354,132.424,7.417782,7.101929,0.315853,515.8375,0.884365,0.049365,0.80083,0.149805,102400,52821763,3164,56967,9,254
114800,144.583,132.634,7.421399,7.045288,0.376111,585.7152,0.876328,0.058154,0.78291,0.158936,102400,59977232,3267,56679,9,254
115000,144.804,132.835,7.450003,7.034546,0.415457,562.1045,0.849775,0.055195,0.785332,0.159473,102400,57559504,3112,56298,9,254
115200,145.05,133.056,7.473391,7.110229,0.363161,545.5397,0.8379,0.053252,0.78248,0.164268,102400,55863265,3162,56812,13,254
115400,145.273,133.26,7.441147,7.101562,0.339585,552.653,0.83458,0.054395,0.77002,0.175586,102400,56591671,3158,56886,7,254
115600,145.496,133.463,7.387452,7.105713,0.28174,555.7102,0.847002,0.054922,0.760127,0.184951,102400,56904728,3190,57141,9,254
115800,145.717,133.665,7.38608,7.075073,0.311007,489.5423,0.851611,0.046641,0.765762,0.187598,102400,50129128,3133,56831,10,254
116000,145.919,133.848,7.405559,7.109253,0.296306,456.3723,0.855811,0.042617,0.769414,0.187969,102400,46732523,3149,57021,11,254
116200,146.124,134.033,7.420476,7.105957,0.314519,474.6283,0.847314,0.044873,0.765752,0.189375,102400,48601933,3145,56936,8,254
116400,146.328,134.218,7.473476,7.125854,0.347621,465.4338,0.822539,0.043984,0.746787,0.209229,102400,47660417,3027,56769,10,254
116600,146.538,134.408,7.504319,7.140625,0.363694,503.9609,0.775469,0.049023,0.700801,0.250176,102400,51605600,3202,56771,10,254
116800,146.758,134.609,7.483522,7.076904,0.406618,575.8696,0.759355,0.058115,0.6746,0.267285,102400,58969042,3089,56506,7,254
117000,146.991,134.822,7.495623,6.98877,0.506853,648.1783,0.761797,0.066807,0.668086,0.265107,102400,66373456,3142,55758,9,254
117200,147.265,135.076,7.505277,6.95166,0.553617,838.5974,0.787217,0.089502,0.722061,0.188438,102400,85872372,3201,55626,12,254
117400,147.533,135.324,7.484501,6.924561,0.559941,798.1119,0.776807,0.084678,0.701836,0.213486,102400,81726654,3089,55711,14,255
117600,147.78,135.551,7.443441,6.893433,0.550009,691.0028,0.786504,0.071738,0.715137,0.213125,102400,70758689,3123,55789,18,255
117800,148.035,135.786,7.42816,6.891968,0.536192,709.4757,0.840156,0.073203,0.792998,0.133799,102400,72650312,3185,56028,19,255
118000,148.317,136.047,7.390264,6.934937,0.455328,799.7963,0.856826,0.084072,0.816729,0.099199,102400,81899137,3153,56498,22,255
118200,148.591,136.301,7.353822,6.926514,0.427309,783.1675,0.861904,0.082109,0.811035,0.106855,102400,80196356,3149,56453,23,255
118400,148.854,136.544,7.362013,6.972656,0.389357,742.1874,0.862383,0.077041,0.807646,0.115312,102400,75999986,3220,56494,21,255
118600,149.123,136.792,7.394649,6.997437,0.397212,766.8534,0.837285,0.080537,0.765205,0.154258,102400,78525792,3110,56502,19,255
118800,149.405,137.054,7.431416,7.019287,0.412129,822.8769,0.816201,0.087607,0.738418,0.173975,102400,84262597,3125,56509,17,255
119000,149.705,137.334,7.394337,7.006226,0.388112,898.2505,0.829824,0.096426,0.751699,0.151875,102400,91980847,3058,56559,14,255
119200,150.007,137.615,7.41353,7.029663,0.383867,928.7497,0.8375,0.10001,0.787979,0.112012,102400,95103971,3187,56475,11,255
119400,150.305,137.894,7.406199,7.070435,0.335765,919.2925,0.830117,0.098848,0.806699,0.094453,102400,94135554,3102,56893,11,255
119600,150.587,138.156,7.440296,7.140625,0.299671,832.6063,0.843457,0.087539,0.822324,0.090137,102400,85258887,3270,57238,7,255
119800,150.865,138.415,7.432927,7.109741,0.323186,829.9519,0.855049,0.087422,0.811475,0.101104,102400,84987078,3170,56950,9,255
120000,151.161,138.687,7.365696,6.935669,0.430027,880.7271,0.880078,0.093779,0.810186,0.096035,102400,90186452,3161,56022,10,255
120200,151.491,138.998,7.324269,6.981079,0.34319,818.2528,0.893125,0.085684,0.838096,0.076221,102400,83789090,3253,56653,9,255
120400,151.782,139.27,7.358298,7.078491,0.279807,830.9016,0.879766,0.087363,0.831758,0.080879,102400,85084320,3165,57146,9,255
120600,152.053,139.523,7.407662,7.154541,0.253121,801.5143,0.867148,0.084102,0.823281,0.092617,102400,82075066,2992,57306,7,255
120800,152.313,139.764,7.408643,7.126465,0.282178,752.4632,0.857178,0.078184,0.812285,0.109531,102400,77052232,3147,57060,10,255
121000,152.563,139.996,7.3745,7.078491,0.296009,698.1515,0.859414,0.071299,0.814961,0.11374,102400,71490711,3118,57093,8,255
121200,152.798,140.213,7.323064,7.01416,0.308904,625.7731,0.896172,0.062383,0.838525,0.099092,102400,64079170,3127,56719,6,255
121400,153.046,140.443,7.251952,6.990845,0.261107,552.6927,0.902686,0.053281,0.842344,0.104375,102400,56595728,3173,56835,6,255
121600,153.283,140.662,7.269915,7.033691,0.236224,585.0065,0.889922,0.057451,0.831494,0.111055,102400,59904668,3207,57240,8,255
121800,153.527,140.887,7.260364,6.988037,0.272327,647.9397,0.890254,0.065293,0.817285,0.117422,102400,66349028,3247,56878,11,255
122000,153.771,141.109,7.261606,7.027954,0.233652,640.5312,0.899766,0.064219,0.826348,0.109434,102400,65590390,3240,57170,9,255
122200,154.0,141.319,7.313963,7.077881,0.236082,587.9509,0.891074,0.058018,0.816143,0.12584,102400,60206168,3222,57065,10,255
122400,154.234,141.535,7.253613,7.033203,0.22041,615.6281,0.886201,0.061328,0.82291,0.115762,102400,63040322,3284,57042,10,255
122600,154.461,141.743,7.280773,7.093018,0.187756,573.9416,0.906328,0.055928,0.864766,0.079307,102400,58771623,3103,57181,7,255
122800,154.699,141.963,7.250338,7.043213,0.207125,602.3488,0.897119,0.059395,0.867549,0.073057,102400,61680519,3054,57107,8,255
123000,154.93,142.175,7.287488,7.085327,0.202161,576.6853,0.895137,0.056377,0.855449,0.088174,102400,59052573,3099,57158,9,255
123200,155.159,142.385,7.325934,7.159546,0.166388,561.572,0.893535,0.054648,0.848906,0.096445,102400,57504976,3168,57425,11,255
123400,155.387,142.595,7.35845,7.213257,0.145193,568.7946,0.907061,0.055498,0.857627,0.086875,102400,58244570,3104,57663,6,255
123600,155.609,142.799,7.418626,7.265503,0.153123,552.9136,0.900107,0.053721,0.840186,0.106094,102400,56618355,3099,57629,7,255
123800,155.84,143.011,7.437045,7.298218,0.138828,569.6238,0.886104,0.056006,0.813359,0.130635,102400,58329476,3130,57608,5,255
124000,156.068,143.22,7.491565,7.334717,0.156848,576.5339,0.88001,0.057031,0.802354,0.140615,102400,59037076,3182,57675,5,255
124200,156.301,143.435,7.48628,7.353394,0.132887,609.3026,0.857705,0.061357,0.778545,0.160098,102400,62392586,3204,57734,5,255
124400,156.537,143.648,7.508793,7.330566,0.178226,600.1039,0.817754,0.061055,0.70167,0.237275,102400,61450642,3124,57408,2,255
124600,156.769,143.862,7.547129,7.397095,0.150034,609.5533,0.779688,0.062764,0.653027,0.284209,102400,62418256,3133,57611,5,255
124800,157.063,144.137,7.546509,7.319458,0.227051,603.3517,0.758613,0.062061,0.63499,0.302949,102400,61783209,3055,57056,3,255
125000,157.281,144.337,7.537628,7.225098,0.31253,578.0286,0.760527,0.058477,0.665967,0.275557,102400,59190129,3188,56560,1,255
125200,157.516,144.551,7.509573,7.286743,0.22283,566.8425,0.776465,0.057061,0.668994,0.273945,102400,58044677,3116,57223,4,255
125400,157.736,144.754,7.509058,7.284912,0.224146,553.3918,0.774287,0.055547,0.666055,0.278398,102400,56667319,3150,57192,3,255
125600,157.951,144.949,7.477283,7.281372,0.195911,548.2441,0.779609,0.054873,0.67834,0.266787,102400,56140200,3124,57376,8,255
125800,158.156,145.136,7.452254,7.234009,0.218245,510.0898,0.782881,0.050137,0.668457,0.281406,102400,52233193,3134,57136,10,255
126000,158.361,145.323,7.47139,7.237671,0.233719,516.6375,0.787471,0.050947,0.672871,0.276182,102400,52903681,3135,57057,7,255
126200,158.566,145.51,7.484565,7.300659,0.183906,506.7359,0.769014,0.050127,0.652246,0.297627,102400,51889754,3269,57460,8,255
126400,158.762,145.688,7.509782,7.301758,0.208024,461.9139,0.763799,0.044648,0.642881,0.312471,102400,47299983,3146,57289,9,255
126600,158.959,145.864,7.533891,7.218384,0.315507,424.0065,0.767373,0.039766,0.663525,0.296709,102400,43418268,3171,56584,11,255
126800,159.179,146.059,7.532466,7.238647,0.293819,454.1881,0.753662,0.043584,0.651133,0.305283,102400,46508866,3077,56839,9,255
127000,159.395,146.257,7.472309,7.078003,0.394306,551.8406,0.74959,0.055117,0.6629,0.281982,102400,56508479,3099,56014,8,255
127200,159.628,146.472,7.485467,7.029785,0.455682,639.5279,0.770967,0.065,0.721689,0.213311,102400,65487659,3140,55823,10,255
127400,159.874,146.699,7.457998,7.037842,0.420156,685.274,0.779727,0.070508,0.737207,0.192285,102400,70172056,3141,56199,11,255
127600,160.119,146.926,7.453727,6.962402,0.491325,697.8248,0.795889,0.072021,0.773691,0.154287,102400,71457257,3119,55814,13,255
127800,160.382,147.17,7.458685,7.035034,0.423651,779.1964,0.782051,0.081992,0.766973,0.151035,102400,79789716,3063,56368,12,255
128000,160.66,147.429,7.459309,6.930054,0.529255,849.0717,0.763105,0.090869,0.738438,0.170693,102400,86944941,3120,55620,21,255
128200,160.933,147.683,7.463671,6.945068,0.518603,844.979,0.784521,0.089844,0.783086,0.12707,102400,86525852,3152,55873,17,255
128400,161.21,147.941,7.460961,6.96582,0.495141,842.8013,0.805693,0.089189,0.816045,0.094766,102400,86302858,3164,56121,15,255
128600,161.473,148.186,7.487075,7.040405,0.44667,775.0234,0.825596,0.08082,0.846699,0.07248,102400,79362396,3155,56604,13,255
128800,161.779,148.473,7.500314,7.080566,0.419747,760.4985,0.811934,0.079072,0.832451,0.088477,102400,77875050,3047,56835,14,255
129000,162.031,148.708,7.502638,7.09436,0.408278,733.3343,0.803125,0.075508,0.824922,0.09957,102400,75093435,3173,56641,14,256
129200,162.279,148.937,7.524739,7.131836,0.392903,696.5646,0.781758,0.071143,0.844219,0.084639,102400,71328215,3183,56834,17,256
129400,162.555,149.195,7.517168,7.143677,0.373491,802.0569,0.766699,0.083955,0.81873,0.097314,102400,82130627,3249,56881,20,256
129600,162.84,149.462,7.505812,7.196045,0.309767,880.5231,0.749326,0.094082,0.796182,0.109736,102400,90165566,3098,57276,18,256
129800,163.123,149.727,7.512744,7.207642,0.305103,877.04,0.755654,0.093662,0.788467,0.117871,102400,89808897,3098,57165,15,256
130000,163.41,149.995,7.524444,7.176392,0.348053,892.5802,0.782979,0.095508,0.79293,0.111562,102400,91400209,3157,56793,13,256
130200,163.702,150.269,7.55362,7.235229,0.31839,929.8103,0.802158,0.099736,0.800967,0.099297,102400,95212578,3124,56983,11,256
130400,163.995,150.544,7.539192,7.221191,0.318001,934.892,0.791475,0.10002,0.792949,0.107031,102400,95732942,3158,57005,11,256
130600,164.29,150.821,7.555927,7.234985,0.320942,951.8525,0.763662,0.102422,0.784238,0.11334,102400,97469697,3176,56938,15,256
130800,164.595,151.109,7.574673,7.292725,0.281949,978.1659,0.733604,0.106094,0.752217,0.141689,102400,100164193,3186,57142,17,256
131000,164.894,151.389,7.58327,7.294556,0.288715,962.6552,0.71999,0.103984,0.74084,0.155176,102400,98575895,3092,57158,15,256
131200,165.195,151.673,7.592668,7.304321,0.288346,943.0324,0.743252,0.101436,0.768203,0.130361,102400,96566516,3085,57167,14,256
131400,165.483,151.943,7.58575,7.325317,0.260432,887.4315,0.744414,0.094336,0.792988,0.112676,102400,90872986,3172,57218,11,256
131600,165.785,152.226,7.605028,7.345947,0.25908,916.2832,0.727793,0.097998,0.787227,0.114775,102400,93827400,3149,57242,10,256
131800,166.077,152.5,7.602714,7.347656,0.255058,925.5454,0.708379,0.099521,0.780605,0.119873,102400,94775849,3220,57161,11,256
132000,166.366,152.768,7.624773,7.412354,0.212419,911.14,0.69083,0.09748,0.767832,0.134688,102400,93300735,3111,57606,10,256
132200,166.655,153.039,7.648643,7.472656,0.175986,873.4132,0.696465,0.093018,0.75959,0.147393,102400,89437510,3214,57706,8,256
132400,166.95,153.316,7.671944,7.432861,0.239082,929.3489,0.722217,0.100088,0.760381,0.139531,102400,95165328,3140,57272,7,256
132600,167.25,153.598,7.664505,7.394897,0.269608,920.6418,0.792002,0.098809,0.781875,0.119316,102400,94273721,3095,57018,7,256
132800,167.53,153.861,7.638115,7.371216,0.266899,870.5182,0.803076,0.092803,0.787822,0.119375,102400,89141060,3228,56991,5,256
133000,167.798,154.112,7.63879,7.291382,0.347408,809.3575,0.812568,0.084951,0.801963,0.113086,102400,82878209,3207,56489,5,256
133200,168.049,154.345,7.609154,7.198242,0.410912,717.5272,0.796895,0.073506,0.811885,0.114609,102400,73474784,3148,55975,9,256
133400,168.287,154.563,7.612934,7.302856,0.310078,644.8144,0.755752,0.064658,0.800635,0.134707,102400,66028997,3148,56853,11,256
133600,168.52,154.777,7.605653,7.353882,0.251771,604.0816,0.738633,0.059346,0.783496,0.157158,102400,61857954,3104,57149,10,256
133800,168.752,154.992,7.61035,7.30835,0.302001,660.478,0.724502,0.066768,0.758369,0.174863,102400,67632952,3132,56776,11,256
134000,168.978,155.2,7.588943,7.296143,0.292801,610.6466,0.737422,0.060596,0.780742,0.158662,102400,62530211,3164,56883,8,256
134200,169.196,155.399,7.566585,7.320312,0.246272,556.3026,0.728633,0.054395,0.780498,0.165107,102400,56965387,3198,57407,5,256
134400,169.407,155.592,7.553271,7.324341,0.228931,527.7059,0.722842,0.050635,0.780996,0.168369,102400,54037089,3112,57322,6,256
134600,169.61,155.778,7.566245,7.302002,0.264243,477.2586,0.716533,0.044414,0.783271,0.172314,102400,48871285,3201,57052,9,256
134800,169.805,155.955,7.540564,7.270874,0.26969,452.0597,0.744307,0.041025,0.802607,0.156367,102400,46290913,3086,57095,9,256
135000,170.019,156.15,7.551155,7.258545,0.29261,465.2608,0.77958,0.042363,0.823252,0.134385,102400,47642705,3104,56921,9,256
135200,170.232,156.345,7.541038,7.267456,0.273582,498.1243,0.795791,0.046025,0.853955,0.10002,102400,51007932,3176,56930,8,256
135400,170.441,156.535,7.545492,7.337402,0.208089,499.5685,0.832373,0.046006,0.871367,0.082627,102400,51155810,3128,57578,8,256
135600,170.66,156.737,7.550028,7.346558,0.203471,524.5162,0.820996,0.049424,0.872373,0.078203,102400,53710456,3254,57494,10,256
135800,170.875,156.934,7.541955,7.326172,0.215783,520.6699,0.82291,0.049092,0.862637,0.088271,102400,53316602,3115,57399,14,256
136000,171.094,157.133,7.540047,7.327881,0.212166,537.9138,0.826436,0.051123,0.841855,0.107021,102400,55082374,3170,57361,9,256
136200,171.309,157.33,7.551553,7.343872,0.207681,538.9621,0.842559,0.051035,0.862188,0.086777,102400,55189720,3038,57442,6,256
136400,171.521,157.524,7.564836,7.345825,0.219011,500.9126,0.863086,0.046484,0.857568,0.095947,102400,51293455,3162,57396,5,256
136600,171.73,157.715,7.57702,7.36731,0.20971,515.5578,0.827637,0.048701,0.846123,0.105176,102400,52793119,3187,57538,5,256
136800,171.934,157.901,7.548831,7.356201,0.19263,482.1205,0.819639,0.044492,0.851504,0.104004,102400,49369137,3099,57668,5,256
137000,172.141,158.09,7.530252,7.397339,0.132913,489.1883,0.8279,0.045273,0.855498,0.099229,102400,50092886,3161,57935,6,256
137200,172.346,158.278,7.546884,7.449341,0.097543,490.9582,0.784287,0.045645,0.846045,0.108311,102400,50274122,3094,58026,6,256
137400,172.555,158.467,7.556989,7.441284,0.115705,473.8867,0.802197,0.043652,0.835303,0.121045,102400,48525996,3161,57857,5,256
137600,172.759,158.654,7.548398,7.447876,0.100522,475.7704,0.826328,0.043594,0.837041,0.119365,102400,48718894,3191,57866,2,256
137800,172.975,158.852,7.554077,7.404419,0.149659,530.165,0.835732,0.050547,0.835625,0.113828,102400,54288894,3169,57525,2,256
138000,173.202,159.049,7.543013,7.392944,0.150069,498.9696,0.869609,0.046475,0.865703,0.087822,102400,51094484,3103,57406,1,256
138200,173.407,159.236,7.544227,7.385864,0.158363,472.1877,0.882217,0.043271,0.860059,0.09667,102400,48352017,3177,57336,4,256
138400,173.612,159.423,7.53298,7.382202,0.150777,463.3404,0.867471,0.04208,0.856279,0.101641,102400,47446057,3134,57396,4,256
138600,173.821,159.614,7.518355,7.252441,0.265913,500.0243,0.867197,0.046768,0.834688,0.118545,102400,51202486,3096,56661,5,256
138800,174.028,159.802,7.53987,7.257324,0.282545,482.1119,0.862246,0.044541,0.846377,0.109082,102400,49368259,3188,56845,6,256
139000,174.224,159.98,7.522978,7.258789,0.264189,433.9144,0.851953,0.03875,0.849482,0.111768,102400,44432831,3206,56948,10,256
139200,174.429,160.167,7.528462,7.276001,0.252461,424.3158,0.857461,0.037656,0.84084,0.121504,102400,43449935,3157,57191,9,256
139400,174.653,160.371,7.542202,7.290894,0.251309,504.7071,0.845889,0.047686,0.823154,0.12916,102400,51682007,3076,57256,12,256
139600,174.876,160.576,7.539221,7.317261,0.22196,512.797,0.84251,0.048633,0.82001,0.131357,102400,52510416,3131,57380,14,256
139800,175.1,160.782,7.529876,7.356445,0.173431,467.4237,0.836416,0.042939,0.815547,0.141514,102400,47864187,3082,57501,10,256
140000,175.312,160.973,7.573041,7.346191,0.22685,509.5862,0.844902,0.048066,0.814355,0.137578,102400,52181631,3187,57316,9,256
140200,175.523,161.165,7.575439,7.369385,0.206054,508.658,0.850742,0.047598,0.817793,0.134609,102400,52086580,3213,57412,7,256
140400,175.732,161.357,7.56198,7.385498,0.176482,509.0797,0.860332,0.047656,0.829502,0.122842,102400,52129757,3204,57677,6,256
140600,175.942,161.548,7.574049,7.436646,0.137404,505.0628,0.853018,0.047412,0.815332,0.137256,102400,51718427,3110,57841,6,256
140800,176.164,161.752,7.600578,7.421143,0.179436,574.911,0.840137,0.056777,0.786641,0.156582,102400,58870890,3094,57389,4,256
141000,176.389,161.96,7.607316,7.340454,0.266862,583.4297,0.846875,0.057822,0.796514,0.145664,102400,59743202,3183,56863,6,256
141200,176.613,162.165,7.589483,7.391602,0.197881,573.071,0.840098,0.056582,0.801689,0.141729,102400,58682474,3195,57369,4,256
141400,176.839,162.373,7.581205,7.343384,0.237821,604.7227,0.839971,0.060449,0.800439,0.139111,102400,61923609,3197,57186,3,256
141600,177.081,162.597,7.577456,7.34314,0.234316,689.1397,0.836348,0.070762,0.790713,0.138525,102400,70567909,3107,57212,5,256
141800,177.345,162.842,7.567973,7.318359,0.249613,800.9656,0.849395,0.084277,0.801787,0.113936,102400,82018881,3130,57151,5,256
142000,177.61,163.087,7.581712,7.306885,0.274827,789.3821,0.865732,0.082568,0.816387,0.101045,102400,80832731,3183,57077,5,256
142200,177.877,163.336,7.566468,7.251587,0.314881,825.7515,0.871279,0.087031,0.807979,0.10499,102400,84556956,3187,56801,10,256
142400,178.147,163.588,7.566786,7.226807,0.33998,817.1149,0.878086,0.085752,0.829873,0.084375,102400,83672569,3241,56833,9,256
142600,178.415,163.838,7.506507,7.177612,0.328895,820.4724,0.866182,0.086367,0.811377,0.102256,102400,84016373,3111,56739,10,256
142800,178.687,164.092,7.554847,7.236694,0.318152,829.6163,0.850449,0.087754,0.799551,0.112695,102400,84952706,3140,56971,12,256
143000,179.08,164.452,7.595133,7.276367,0.318766,874.1035,0.841426,0.093438,0.774453,0.132109,102400,89508194,3149,57003,11,256
143200,179.397,164.75,7.54868,7.196045,0.352635,858.7414,0.838613,0.091367,0.783008,0.125625,102400,87935122,3264,56623,8,256
143400,179.73,165.066,7.57043,7.235107,0.335323,993.6862,0.815781,0.108135,0.766309,0.125557,102400,101753467,3143,56873,10,256
143600,180.063,165.38,7.569996,7.207764,0.362233,930.9259,0.83209,0.099746,0.787969,0.112285,102400,95326811,3169,56788,7,256
143800,180.355,165.654,7.587171,7.2052,0.381971,882.2115,0.830684,0.093975,0.792695,0.11333,102400,90338456,3142,56740,7,256
144000,180.637,165.918,7.585476,7.232422,0.353054,896.5263,0.82167,0.095391,0.794688,0.109922,102400,91804297,3226,56959,11,256
144200,180.919,166.181,7.560188,7.259155,0.301033,889.4551,0.838984,0.094844,0.806973,0.098184,102400,91080202,3148,57086,13,256
144400,181.204,166.448,7.555985,7.264893,0.291093,891.9606,0.832705,0.095449,0.805742,0.098809,102400,91336764,3133,57143,11,256
144600,181.493,166.718,7.537784,7.292847,0.244938,889.247,0.813496,0.095273,0.805195,0.099531,102400,91058889,3131,57345,12,256
144800,181.778,166.986,7.532627,7.276001,0.256626,855.9104,0.825439,0.090498,0.832305,0.077197,102400,87645227,3172,57182,9,256
145000,182.05,167.239,7.565108,7.322632,0.242477,816.1585,0.837012,0.085449,0.824189,0.090361,102400,83574626,3158,57307,9,256
145200,182.319,167.49,7.57253,7.278809,0.293722,817.8867,0.847207,0.086084,0.82293,0.090986,102400,83751594,3200,56894,5,256
145400,182.587,167.74,7.567112,7.274414,0.292698,804.9954,0.847402,0.084365,0.836387,0.079248,102400,82431530,3070,57036,7,256
145600,182.85,167.986,7.595346,7.32251,0.272836,791.6074,0.850674,0.082754,0.832051,0.085195,102400,81060595,3153,57173,9,256
145800,183.126,168.241,7.595872,7.289307,0.306565,811.3349,0.840996,0.085508,0.803496,0.110996,102400,83080689,3180,56943,11,256
146000,183.399,168.494,7.584184,7.197144,0.387041,821.5978,0.855391,0.086709,0.8021,0.111191,102400,84131610,3157,56431,11,256
146200,183.671,168.748,7.564005,7.15918,0.404825,821.6329,0.858691,0.086836,0.799404,0.11376,102400,84135212,3155,56245,11,257
146400,183.929,168.989,7.583294,7.218262,0.365033,757.5397,0.858389,0.078818,0.798857,0.122324,102400,77572067,3187,56736,11,257
146600,184.188,169.229,7.561566,7.245117,0.316448,757.2966,0.843223,0.078936,0.786016,0.135049,102400,77547174,3128,56986,7,257
146800,184.445,169.469,7.582744,7.294922,0.287822,744.8056,0.850322,0.077588,0.78418,0.138232,102400,76268096,3129,57142,13,257
147000,184.717,169.709,7.594958,7.335693,0.259265,735.425,0.829355,0.076514,0.772422,0.151064,102400,75307522,3238,57178,15,257
147200,184.982,169.954,7.60724,7.246704,0.360535,732.9931,0.79832,0.076982,0.711455,0.211562,102400,75058492,3137,56497,11,257
147400,185.246,170.2,7.592644,7.26709,0.325554,731.3798,0.80625,0.076758,0.721553,0.201689,102400,74893295,3133,56802,8,257
147600,185.503,170.439,7.563784,7.21814,0.345644,756.7215,0.816738,0.079609,0.744932,0.175459,102400,77488285,3237,56681,11,257
147800,185.751,170.666,7.544638,7.259033,0.285605,724.6965,0.824385,0.075527,0.75292,0.171553,102400,74208923,3102,57130,13,257
148000,186.042,170.94,7.558361,7.310913,0.247447,709.729,0.807656,0.073711,0.744512,0.181777,102400,72676249,3090,57331,15,257
148200,186.267,171.146,7.585122,7.354248,0.230874,610.0728,0.814502,0.061211,0.75959,0.179199,102400,62471451,3210,57527,15,257
148400,186.481,171.342,7.606757,7.370117,0.23664,547.2333,0.81667,0.05373,0.770273,0.175996,102400,56036685,3072,57469,12,257
148600,186.689,171.532,7.619338,7.383301,0.236037,496.931,0.8125,0.047529,0.773818,0.178652,102400,50885739,3129,57379,9,257
148800,186.896,171.721,7.615058,7.363403,0.251655,503.7566,0.821523,0.048096,0.792734,0.15917,102400,51584672,3195,57162,7,257
149000,187.094,171.901,7.636517,7.389893,0.246625,468.3867,0.818389,0.043691,0.790039,0.16627,102400,47962796,3146,57306,5,257
149200,187.293,172.082,7.634023,7.425659,0.208364,486.2572,0.800059,0.046162,0.776318,0.17752,102400,49792737,3116,57499,5,257
149400,187.495,172.267,7.628802,7.452637,0.176165,498.0754,0.780205,0.047852,0.738789,0.213359,102400,51002917,3134,57549,5,257
149600,187.69,172.444,7.671057,7.500244,0.170813,467.8624,0.74873,0.044102,0.714307,0.241592,102400,47909113,3179,57555,6,257
149800,187.883,172.619,7.689039,7.511597,0.177442,469.2238,0.730039,0.044639,0.682646,0.272715,102400,48048520,3180,57619,7,257
150000,188.104,172.819,7.695359,7.466431,0.228929,457.1428,0.728311,0.042979,0.703525,0.253496,102400,46811420,3058,57143,9,257
150200,188.303,173.0,7.684347,7.442993,0.241354,495.0562,0.726475,0.047451,0.705469,0.24708,102400,50693758,3201,57170,6,257
150400,188.502,173.181,7.682845,7.408813,0.274031,505.3844,0.704912,0.048799,0.70374,0.247461,102400,51751361,3154,56848,6,257
150600,188.701,173.363,7.653403,7.384766,0.268637,501.7681,0.717646,0.048145,0.718096,0.23376,102400,51381053,3129,57023,8,257
150800,188.9,173.543,7.618266,7.298462,0.319805,492.8048,0.741191,0.046729,0.721406,0.231865,102400,50463210,3204,56688,8,257
151000,189.094,173.719,7.581188,7.228271,0.352917,465.1831,0.761123,0.043467,0.736201,0.220332,102400,47634753,3146,56502,8,257
151200,189.291,173.898,7.535301,7.176392,0.358909,478.7706,0.789307,0.045098,0.759004,0.195898,102400,49026109,3220,56427,10,257
151400,189.487,174.077,7.567789,7.182007,0.385782,466.6976,0.814365,0.043135,0.815479,0.141387,102400,47789832,3198,56492,12,257
151600,189.695,174.261,7.530844,7.206299,0.324545,485.9527,0.83123,0.045166,0.83709,0.117744,102400,49761552,3231,56897,16,257
151800,189.891,174.439,7.53402,7.228027,0.305992,445.8634,0.848115,0.040176,0.841641,0.118184,102400,45656414,3150,56977,15,257
152000,190.094,174.624,7.518843,7.200195,0.318647,477.0381,0.86585,0.044062,0.844092,0.111846,102400,48848699,3123,56898,10,257
152200,190.291,174.803,7.465302,7.190918,0.274384,431.8056,0.880469,0.038213,0.877021,0.084766,102400,44216891,3137,57150,9,257
152400,190.49,174.984,7.449975,7.250244,0.199731,429.1377,0.884492,0.037881,0.885557,0.076562,102400,43943696,3146,57391,8,257
152600,190.679,175.155,7.516187,7.341064,0.175123,384.3106,0.86915,0.032734,0.858623,0.108643,102400,39353403,3106,57639,6,257
152800,190.862,175.32,7.527245,7.373535,0.15371,363.459,0.868711,0.030078,0.865615,0.104307,102400,37218201,3016,57680,6,257
153000,191.04,175.48,7.559789,7.418823,0.140966,332.1002,0.873633,0.026357,0.87248,0.101162,102400,34007062,3201,57796,6,257
153200,191.215,175.634,7.550524,7.395386,0.155138,296.1617,0.883574,0.022109,0.853662,0.124229,102400,30326961,3097,57642,7,257
153400,191.41,175.81,7.537231,7.368896,0.168335,309.7402,0.892441,0.023828,0.847002,0.12917,102400,31717401,3110,57510,6,257
153600,191.579,175.961,7.548817,7.370361,0.178456,305.4506,0.89252,0.023281,0.850723,0.125996,102400,31278138,3183,57500,4,257
153800,191.764,176.127,7.561869,7.33252,0.229349,343.4345,0.885322,0.027686,0.847168,0.125146,102400,35167694,3237,57200,2,257
154000,191.961,176.307,7.543699,7.281494,0.262205,371.628,0.853945,0.03167,0.809297,0.159033,102400,38054705,3113,56938,2,257
154200,192.145,176.472,7.55781,7.239258,0.318552,389.0766,0.850908,0.033945,0.800996,0.165059,102400,39841439,3227,56703,3,257
154400,192.331,176.64,7.560905,7.181396,0.379509,398.7176,0.879316,0.034854,0.818506,0.146641,102400,40828685,3199,56449,6,257
154600,192.517,176.808,7.60213,7.219727,0.382404,405.9872,0.855195,0.035938,0.79543,0.168633,102400,41573094,3187,56605,8,257
154800,192.707,176.98,7.598075,7.18042,0.417655,417.1231,0.847197,0.037236,0.793574,0.169189,102400,42713409,3168,56324,11,257
155000,192.894,177.149,7.605444,7.217529,0.387915,409.3866,0.821152,0.036377,0.79084,0.172783,102400,41921187,3124,56724,20,257
155200,193.087,177.323,7.605066,7.147949,0.457117,407.0239,0.789238,0.036123,0.744375,0.219502,102400,41679244,3129,56218,21,257
155400,193.272,177.491,7.578819,7.029419,0.5494,413.3438,0.780986,0.037441,0.73124,0.231318,102400,42326400,3101,55639,21,257
155600,193.466,177.666,7.552516,7.02478,0.527736,449.3679,0.782129,0.041885,0.749873,0.208242,102400,46015277,3094,56018,22,257
155800,193.662,177.843,7.566318,7.116211,0.450107,425.8229,0.768467,0.039043,0.760781,0.200176,102400,43604268,3173,56624,19,257
156000,193.848,178.012,7.545672,7.095459,0.450213,411.6442,0.778281,0.037207,0.76749,0.195303,102400,42152362,3164,56378,17,257
156200,194.035,178.18,7.559901,7.133911,0.42599,401.3768,0.802725,0.035801,0.776035,0.188164,102400,41100989,3199,56613,20,257
156400,194.213,178.341,7.583453,7.228149,0.355304,379.2854,0.827246,0.033037,0.783672,0.183291,102400,38838829,3202,57070,15,257
156600,194.396,178.506,7.561685,7.203125,0.35856,390.7483,0.826221,0.034414,0.775654,0.189932,102400,40012624,3136,56794,11,257
156800,194.588,178.68,7.574213,7.296509,0.277704,446.3712,0.800762,0.041377,0.76043,0.198193,102400,45708414,3217,57309,12,257
157000,194.781,178.856,7.559386,7.261963,0.297423,449.4243,0.806172,0.041689,0.761689,0.196621,102400,46021050,3109,57005,11,257
157200,194.972,179.029,7.551331,7.273071,0.27826,439.6756,0.799561,0.04082,0.741494,0.217686,102400,45022778,3183,57160,9,257
157400,195.167,179.207,7.562995,7.211426,0.351569,448.9401,0.806953,0.041855,0.742207,0.215938,102400,45971471,3081,56518,10,257
157600,195.395,179.409,7.551682,7.26123,0.290452,494.8755,0.809023,0.047197,0.756045,0.196758,102400,50675255,3254,56997,12,257
157800,195.608,179.604,7.560774,7.231323,0.329451,513.3986,0.795312,0.04958,0.738379,0.212041,102400,52572019,3187,56746,12,257
158000,195.843,179.821,7.558445,7.226196,0.332249,636.973,0.77958,0.064678,0.750635,0.184688,102400,65226035,3168,57018,10,257
158200,196.074,180.035,7.545957,7.247681,0.298276,635.8151,0.779131,0.064658,0.747734,0.187607,102400,65107470,3116,57098,10,257
158400,196.309,180.252,7.540501,7.114502,0.425999,652.5313,0.787812,0.066582,0.745869,0.187549,102400,66819210,3096,56090,12,257
158600,196.552,180.476,7.537193,7.162842,0.374351,684.937,0.78875,0.070518,0.744678,0.184805,102400,70137553,3199,56618,12,257
158800,196.793,180.697,7.529309,7.15332,0.375989,663.7195,0.795518,0.067861,0.751221,0.180918,102400,67964881,3162,56583,12,257
159000,197.039,180.924,7.520818,7.190552,0.330267,663.7276,0.812715,0.067969,0.750303,0.181729,102400,67965706,3164,56940,11,257
159200,197.271,181.139,7.528079,7.206787,0.321292,645.3758,0.807725,0.065918,0.734814,0.199268,102400,66086481,3149,56988,12,257
159400,197.491,181.341,7.549572,7.195435,0.354138,588.3045,0.797109,0.059082,0.725205,0.215713,102400,60242381,3220,56679,11,257
159600,197.712,181.544,7.561379,7.1427,0.418679,591.2474,0.809678,0.059199,0.755137,0.185664,102400,60543735,3119,56177,13,257
159800,197.947,181.758,7.551173,7.125122,0.426051,605.3285,0.823047,0.060781,0.763232,0.175986,102400,61985636,3167,56137,10,257
160000,198.182,181.971,7.536356,7.106445,0.42991,605.3022,0.839717,0.060361,0.798945,0.140693,102400,61982950,3136,56254,9,257
160200,198.416,182.186,7.52195,7.108521,0.41343,614.314,0.843916,0.061406,0.81415,0.124443,102400,62905756,3142,56521,14,257
160400,198.654,182.406,7.526666,7.144287,0.382379,661.5548,0.853135,0.067334,0.806396,0.12627,102400,67743215,3209,56793,12,257
160600,198.932,182.666,7.490789,7.138184,0.352605,689.8888,0.860596,0.070723,0.807646,0.121631,102400,70644614,3108,56922,11,257
160800,199.17,182.886,7.463564,7.146606,0.316958,636.3315,0.864561,0.064189,0.80958,0.12623,102400,65160342,3154,57033,11,257
161000,199.4,183.097,7.439064,7.168457,0.270607,598.9093,0.862002,0.05957,0.815781,0.124648,102400,61328317,3129,57217,10,257
161200,199.631,183.31,7.4363,7.162354,0.273947,560.6783,0.851309,0.054648,0.818438,0.126914,102400,57413460,3176,56975,9,257
161400,199.866,183.527,7.470542,7.246948,0.223594,597.7292,0.828682,0.059658,0.794014,0.146328,102400,61207467,3097,57419,10,257
161600,200.097,183.74,7.47514,7.225098,0.250042,619.5189,0.810898,0.062705,0.752715,0.18458,102400,63438737,3205,57220,10,257
161800,200.336,183.962,7.499104,7.12085,0.378254,664.9177,0.809072,0.06833,0.743516,0.188154,102400,68087573,3197,56330,10,257
162000,200.564,184.172,7.488291,7.097412,0.390879,599.6724,0.82709,0.06,0.754355,0.185645,102400,61406458,3230,56385,10,257
162200,200.783,184.373,7.531045,7.111694,0.419351,535.1659,0.833027,0.052178,0.749512,0.198311,102400,54800989,3153,56378,11,257
162400,201.0,184.572,7.548907,7.100464,0.448443,555.1169,0.837822,0.054385,0.777529,0.168086,102400,56843972,3190,56179,12,257
162600,201.223,184.777,7.568301,7.060547,0.507754,576.5995,0.829053,0.057012,0.783486,0.159502,102400,59043788,3114,55954,19,257
162800,201.441,184.977,7.588151,7.14856,0.439591,564.9973,0.823936,0.05541,0.79252,0.15207,102400,57855721,3168,56623,13,257
163000,201.659,185.177,7.554995,7.12915,0.425845,572.7674,0.821426,0.055938,0.791562,0.1525,102400,58651384,3088,56583,15,257
163200,201.885,185.385,7.559397,7.109619,0.449777,598.3615,0.816084,0.059365,0.802031,0.138604,102400,61272213,3185,56540,15,257
163400,202.113,185.594,7.532185,7.143311,0.388874,608.4134,0.811055,0.060703,0.801035,0.138262,102400,62301528,3219,56896,16,257
163600,202.356,185.819,7.553271,7.235352,0.317919,672.6872,0.820625,0.068525,0.80042,0.131055,102400,68883173,3060,57225,14,257
163800,202.593,186.039,7.551063,7.216675,0.334388,654.9798,0.811104,0.066299,0.792021,0.14168,102400,67069932,3154,56926,14,257
164000,202.842,186.268,7.52277,7.186768,0.336002,665.7954,0.847969,0.067354,0.818359,0.114287,102400,68177448,3138,56857,13,257
164200,203.069,186.478,7.510094,7.181641,0.328454,586.506,0.846152,0.057266,0.84332,0.099414,102400,60058216,3150,56809,13,257
164400,203.316,186.707,7.455514,7.107544,0.34797,546.188,0.87623,0.052412,0.847246,0.100342,102400,55929655,3161,56555,14,257
164600,203.537,186.909,7.444526,7.160767,0.28376,567.8546,0.863564,0.055303,0.831523,0.113174,102400,58148310,3178,57153,11,258
164800,203.746,187.1,7.437147,7.131714,0.305433,512.0547,0.856162,0.048779,0.820303,0.130918,102400,52434405,3213,56896,10,258
165000,203.96,187.296,7.47895,7.131836,0.347114,543.2548,0.855303,0.052627,0.82124,0.126133,102400,55629293,3107,56742,10,258
165200,204.183,187.502,7.45543,7.140137,0.315293,575.487,0.885586,0.05624,0.840459,0.103301,102400,58929873,3120,56970,11,258
165400,204.401,187.702,7.459988,7.129028,0.33096,566.3156,0.887129,0.054902,0.837021,0.108076,102400,57990715,3186,56817,8,258
165600,204.624,187.907,7.45968,7.150513,0.309167,595.5368,0.873867,0.05877,0.818516,0.122715,102400,60982970,3131,57059,8,258
165800,204.848,188.113,7.421647,7.100586,0.321061,597.2502,0.866475,0.058809,0.812246,0.128945,102400,61158418,3043,56806,11,258
166000,205.078,188.325,7.411554,7.057617,0.353937,618.4604,0.885771,0.061143,0.839688,0.09917,102400,63330344,3152,56674,10,258
166200,205.321,188.55,7.429149,7.079956,0.349193,678.1067,0.883838,0.068652,0.843955,0.087393,102400,69438127,3158,56904,10,258
166400,205.561,188.772,7.419021,7.127563,0.291458,663.7178,0.897393,0.066797,0.871826,0.061377,102400,67964700,3103,57204,9,258
166600,205.801,188.995,7.456746,7.174194,0.282552,658.5795,0.893779,0.066279,0.85584,0.077881,102400,67438538,3139,57193,7,258
166800,206.036,189.212,7.47395,7.199829,0.274121,639.1612,0.870312,0.064297,0.826992,0.108711,102400,65450103,3143,57090,9,258
167000,206.287,189.444,7.504546,7.206055,0.298492,716.6588,0.836143,0.073975,0.80751,0.118516,102400,73385861,3072,56949,11,258
167200,206.571,189.708,7.538604,7.240845,0.297759,701.8632,0.833838,0.07208,0.808926,0.118994,102400,71870796,3175,56933,12,258
167400,206.88,189.998,7.538639,7.253784,0.284855,626.9016,0.824629,0.06252,0.818037,0.119443,102400,64194728,3169,57012,10,258
167600,207.15,190.235,7.513503,7.25,0.263503,586.935,0.807422,0.057773,0.799043,0.143184,102400,60102142,3231,57203,7,258
167800,207.453,190.512,7.529676,7.278564,0.251111,564.8231,0.802705,0.05582,0.765557,0.178623,102400,57837889,3201,57305,10,258
168000,207.698,190.738,7.510303,7.21582,0.294483,557.2731,0.805,0.054873,0.753047,0.19208,102400,57064763,3211,57000,8,258
168200,207.933,190.955,7.497383,7.171143,0.32624,576.3722,0.828906,0.056934,0.79332,0.149746,102400,59020512,3140,56583,6,258
168400,208.185,191.189,7.516497,7.228882,0.287615,605.9605,0.857188,0.060127,0.825098,0.114775,102400,62050351,3149,56987,6,258
168600,208.417,191.403,7.474882,7.196655,0.278227,629.788,0.828398,0.063037,0.809941,0.127021,102400,64490289,3111,56943,7,258
168800,208.67,191.638,7.495353,7.220459,0.274894,697.4732,0.812881,0.071416,0.807012,0.121572,102400,71421253,3377,56943,9,258
169000,208.929,191.88,7.519998,7.252075,0.267923,764.6857,0.793613,0.079727,0.794678,0.125596,102400,78303813,3200,57114,9,258
169200,209.201,192.133,7.509078,7.224976,0.284102,827.3779,0.802617,0.087783,0.779111,0.133105,102400,84723496,3151,56917,7,258
169400,209.459,192.373,7.526102,7.273926,0.252177,782.1474,0.81918,0.081885,0.801504,0.116611,102400,80091898,3046,57245,11,258
169600,209.719,192.616,7.518299,7.267212,0.251087,757.3276,0.819248,0.07875,0.798252,0.122998,102400,77550342,3060,57133,11,258
169800,209.973,192.851,7.513805,7.228516,0.285289,749.9581,0.83498,0.077842,0.823438,0.098721,102400,76795713,3251,56875,7,258
170000,210.221,193.079,7.494411,7.206665,0.287746,689.5344,0.837773,0.070391,0.841006,0.088604,102400,70608322,3196,57034,7,258
170200,210.462,193.303,7.476782,7.19873,0.278051,663.9771,0.85082,0.066953,0.841309,0.091738,102400,67991253,3193,57114,5,258
170400,210.704,193.526,7.434215,7.146362,0.287853,635.9815,0.891123,0.063447,0.858496,0.078057,102400,65124501,3017,56817,4,258
170600,210.938,193.742,7.376384,7.127197,0.249187,618.4167,0.885371,0.06126,0.861475,0.077266,102400,63325874,3107,56995,13,258
170800,211.165,193.952,7.418523,7.213379,0.205144,587.5366,0.883945,0.057383,0.885488,0.057129,102400,60163746,3170,57475,14,258
171000,211.389,194.157,7.41964,7.212158,0.207482,558.7396,0.878613,0.053896,0.88209,0.064014,102400,57214934,3195,57438,13,258
171200,211.618,194.369,7.405755,7.199463,0.206292,585.1853,0.884092,0.057139,0.886348,0.056514,102400,59922977,3119,57361,10,258
171400,211.849,194.581,7.374383,7.235718,0.138665,577.9486,0.896494,0.056162,0.892949,0.050889,102400,59181932,3115,57730,7,258
171600,212.076,194.79,7.413002,7.254761,0.158241,571.74,0.882666,0.055635,0.869277,0.075088,102400,58546176,3006,57533,5,258
171800,212.342,195.039,7.418191,7.249023,0.169168,544.7412,0.865342,0.0525,0.845713,0.101787,102400,55781502,3086,57479,5,258
172000,212.569,195.247,7.466135,7.248901,0.217234,571.9621,0.857871,0.056113,0.826377,0.11751,102400,58568916,3123,57198,7,258
172200,212.787,195.447,7.476688,7.25415,0.222537,563.2589,0.835459,0.05542,0.791611,0.152969,102400,57677713,3130,57123,7,258
172400,213.006,195.647,7.539706,7.278198,0.261508,578.781,0.825938,0.057432,0.780264,0.162305,102400,59267172,3218,56976,10,259
172600,213.225,195.849,7.517059,7.279419,0.23764,577.1005,0.809111,0.057148,0.790244,0.152607,102400,59095088,3201,57171,8,259
172800,213.447,196.051,7.552956,7.332031,0.220925,580.0555,0.802891,0.057207,0.815664,0.127129,102400,59397682,3161,57227,13,259
173000,213.686,196.272,7.56481,7.332397,0.232413,560.4188,0.802217,0.054717,0.822617,0.122666,102400,57386881,3072,57233,10,259
173200,213.897,196.464,7.634304,7.325073,0.309231,509.2146,0.80459,0.048506,0.80585,0.145645,102400,52143570,3168,56866,7,259
173400,214.107,196.655,7.633699,7.27478,0.358918,525.4109,0.769678,0.051025,0.758496,0.190479,102400,53802080,3184,56577,9,259
173600,214.326,196.857,7.600293,7.204956,0.395337,537.7901,0.783018,0.052285,0.771738,0.175977,102400,55069707,3096,56210,9,259
173800,214.537,197.051,7.623172,7.26001,0.363162,535.4206,0.795654,0.051846,0.801611,0.146543,102400,54827067,3240,56636,9,259
174000,214.755,197.246,7.606528,7.199219,0.407309,551.736,0.81335,0.054023,0.784209,0.161768,102400,56497762,3141,56389,13,259
174200,214.985,197.458,7.552116,7.041382,0.510734,618.4408,0.847227,0.061826,0.809775,0.128398,102400,63328334,3202,55642,14,259
174400,215.224,197.679,7.520397,7.090698,0.429699,670.855,0.874824,0.067861,0.847451,0.084688,102400,68695547,3117,56461,12,259
174600,215.471,197.909,7.495222,7.136963,0.35826,705.7136,0.855957,0.072061,0.830273,0.097666,102400,72265075,3111,56862,10,259
174800,215.715,198.134,7.49254,7.081299,0.411241,662.7728,0.84209,0.066904,0.825361,0.107734,102400,67867936,3176,56359,8,259
175000,215.959,198.36,7.429219,7.067505,0.361714,678.4618,0.838799,0.068633,0.833301,0.098066,102400,69474491,3180,56587,9,259
175200,216.198,198.581,7.379736,7.059937,0.3198,641.2637,0.864443,0.063818,0.855732,0.080449,102400,65665398,3105,56815,15,260
175400,216.44,198.805,7.389667,7.138306,0.251361,617.0456,0.873408,0.060391,0.871572,0.068037,102400,63185468,3130,57194,10,260
175600,216.68,199.026,7.300532,7.051514,0.249018,592.8096,0.887119,0.057607,0.855596,0.086797,102400,60703700,3117,56928,12,261
175800,216.94,199.267,7.359341,7.090576,0.268764,714.3447,0.857705,0.072754,0.83373,0.093516,102400,73148895,3164,57145,10,261
176000,217.195,199.502,7.383448,7.138184,0.245265,705.337,0.842275,0.071982,0.810586,0.117432,102400,72226511,3136,57252,9,261
176200,217.444,199.734,7.404274,7.129395,0.274879,694.5118,0.820693,0.071406,0.760762,0.167832,102400,71118007,3170,57126,11,261
176400,217.681,199.953,7.462459,7.151978,0.310482,628.4125,0.833477,0.063115,0.779648,0.157236,102400,64349442,3117,56958,11,261
176600,217.903,200.158,7.492267,7.173462,0.318805,583.8716,0.823594,0.057891,0.752891,0.189219,102400,59788454,3076,56860,10,261
176800,218.177,200.414,7.51201,7.103027,0.408983,627.1074,0.815088,0.063135,0.754219,0.182646,102400,64215796,3127,56472,8,261
177000,218.414,200.633,7.441776,7.089233,0.352543,650.5718,0.819766,0.066074,0.774023,0.159902,102400,66618548,3120,56853,8,261
177200,218.713,200.913,7.425709,7.0271,0.398609,668.4021,0.854385,0.067783,0.809541,0.122676,102400,68444380,3165,56581,12,261
177400,218.959,201.142,7.436902,7.074585,0.362317,665.531,0.859346,0.067344,0.821191,0.111465,102400,68150372,3211,56859,7,261
177600,219.204,201.367,7.426926,7.129761,0.297165,640.1426,0.838828,0.064248,0.822637,0.113115,102400,65550602,3150,57170,7,261
177800,219.451,201.596,7.418075,7.122437,0.295638,681.1858,0.838408,0.069375,0.808203,0.122422,102400,69753424,3168,57072,7,261
178000,219.755,201.881,7.410084,7.151855,0.258229,753.0725,0.804209,0.078047,0.813066,0.108887,102400,77114629,3200,57346,9,261
178200,220.023,202.131,7.367861,7.139526,0.228335,772.0502,0.793809,0.080342,0.815566,0.104092,102400,79057936,3171,57268,8,261
178400,220.299,202.387,7.33714,7.12207,0.215069,784.5573,0.786924,0.081797,0.807471,0.110732,102400,80338665,3213,57333,7,261
178600,220.557,202.626,7.349978,7.094238,0.25574,703.2042,0.81335,0.071357,0.849082,0.079561,102400,72008112,3114,56977,8,261
178800,220.816,202.867,7.359167,7.141113,0.218054,679.6586,0.834414,0.068574,0.856152,0.075273,102400,69597043,3150,57371,8,261
179000,221.125,203.157,7.360211,7.123901,0.23631,743.0848,0.850342,0.076104,0.845332,0.078564,102400,76091881,3036,57185,9,261
179200,221.414,203.428,7.361124,7.093506,0.267619,794.9518,0.867881,0.082666,0.832686,0.084648,102400,81403062,3098,56934,8,261
179400,221.676,203.671,7.297461,7.03418,0.263281,754.3334,0.880635,0.077979,0.854004,0.068018,102400,77243737,3119,56938,9,261
179600,221.978,203.949,7.232991,6.994507,0.238484,787.2298,0.887891,0.081816,0.854766,0.063418,102400,80612327,3180,56952,10,261
179800,222.284,204.234,7.275134,7.031982,0.243152,789.6273,0.88707,0.081973,0.846631,0.071396,102400,80857837,3247,57106,10,261
180000,222.546,204.474,7.25231,7.023804,0.228506,687.9838,0.909404,0.069404,0.876533,0.054062,102400,70449537,3043,57286,9,261
180200,222.817,204.726,7.235418,7.047729,0.187689,717.864,0.914004,0.072959,0.883594,0.043447,102400,73509272,3245,57405,9,261
180400,223.078,204.968,7.205338,7.016846,0.188492,736.2345,0.91707,0.075684,0.866445,0.057871,102400,75390409,3122,57217,10,261
180600,223.342,205.214,7.250404,7.053101,0.197303,754.5978,0.919639,0.077998,0.858438,0.063564,102400,77270818,3226,57272,10,261
180800,223.606,205.459,7.302619,7.095459,0.20716,737.2184,0.909121,0.075781,0.864824,0.059395,102400,75491166,3232,57189,8,261
181000,223.87,205.704,7.309933,7.117798,0.192135,751.3082,0.896729,0.077764,0.848408,0.073828,102400,76933957,3077,57349,7,261
181200,224.125,205.94,7.318423,7.154419,0.164004,698.6083,0.900537,0.071094,0.85043,0.078477,102400,71537487,3148,57519,6,261
181400,224.378,206.174,7.321119,7.170044,0.151075,679.2201,0.895361,0.069033,0.8321,0.098867,102400,69552136,3125,57482,6,261
181600,224.637,206.414,7.388962,7.202637,0.186325,701.3348,0.88833,0.071982,0.815703,0.112314,102400,71816686,3065,57356,8,261
181800,224.89,206.649,7.375411,7.153564,0.221847,696.9916,0.865918,0.071885,0.779609,0.148506,102400,71371944,3102,57134,8,261
182000,225.13,206.87,7.346295,7.127563,0.218732,637.7665,0.857002,0.064707,0.780459,0.154834,102400,65307286,3112,57086,9,261
182200,225.359,207.081,7.341074,7.179321,0.161752,582.6989,0.864248,0.057803,0.79543,0.146768,102400,59668371,3180,57518,4,261
182400,225.572,207.277,7.315811,7.145874,0.169937,518.2798,0.86873,0.049756,0.800684,0.149561,102400,53071855,3212,57346,8,261
182600,225.796,207.483,7.346501,7.106567,0.239933,562.2272,0.857266,0.055225,0.793223,0.151553,102400,57572067,3043,56978,7,261
182800,226.029,207.697,7.328736,7.068481,0.260255,597.8733,0.863945,0.059375,0.811963,0.128662,102400,61222221,3173,56867,8,261
183000,226.246,207.895,7.414397,7.203613,0.210783,535.9762,0.864658,0.051367,0.814463,0.13417,102400,54883961,3194,57452,6,261
183200,226.462,208.094,7.39709,7.17688,0.22021,523.6644,0.829912,0.050479,0.774814,0.174707,102400,53623235,3102,57292,9,261
183400,226.692,208.305,7.463808,7.199829,0.263979,562.963,0.814297,0.055928,0.74082,0.203252,102400,57647408,3198,57112,11,261
183600,226.923,208.518,7.490899,7.143066,0.347832,614.6691,0.795,0.062119,0.717139,0.220742,102400,62942115,3152,56465,9,261
183800,227.175,208.752,7.469886,6.943481,0.526405,735.3105,0.795732,0.076836,0.723076,0.200088,102400,75295800,3175,55301,8,261
184000,227.422,208.98,7.414796,6.866943,0.547853,674.9685,0.819102,0.068906,0.781729,0.149365,102400,69116774,3205,55579,12,261
184200,227.661,209.201,7.408501,6.964111,0.44439,628.7558,0.845381,0.062715,0.829561,0.107725,102400,64384592,3072,56426,14,261
184400,227.903,209.425,7.421046,6.985596,0.435451,663.8577,0.800156,0.067881,0.757373,0.174746,102400,67979031,3027,56404,15,261
184600,228.14,209.643,7.429092,6.986816,0.442275,641.1394,0.787148,0.065107,0.746689,0.188203,102400,65652670,3016,56421,21,261
184800,228.368,209.853,7.417664,6.944336,0.473328,589.0432,0.812246,0.058408,0.786611,0.15498,102400,60318019,3194,56036,21,261
185000,228.597,210.064,7.391206,6.942261,0.448945,606.8459,0.803916,0.06085,0.768496,0.170654,102400,62141016,3193,56098,16,261
185200,228.836,210.283,7.405598,6.929688,0.475911,641.7953,0.824355,0.064941,0.795137,0.139922,102400,65719841,3094,55992,14,261
185400,229.094,210.522,7.431401,7.001953,0.429448,717.3862,0.860459,0.073594,0.83708,0.089326,102400,73460344,3085,56519,15,261
185600,229.361,210.77,7.459522,7.049561,0.409962,753.9217,0.873721,0.077979,0.857168,0.064854,102400,77201585,3132,56603,13,261
185800,229.634,211.023,7.478732,7.084351,0.394381,768.4592,0.864043,0.079902,0.85043,0.069668,102400,78690224,3153,56786,9,261
186000,229.912,211.282,7.480738,7.094482,0.386255,822.1037,0.856514,0.086758,0.825273,0.087969,102400,84183414,3031,56786,12,261
186200,230.227,211.572,7.435679,7.017822,0.417856,909.3064,0.837637,0.09751,0.797158,0.105332,102400,93112971,3263,56478,10,261
186400,230.53,211.857,7.466078,7.051392,0.414686,878.0495,0.833164,0.093564,0.806543,0.099893,102400,89912273,3139,56557,10,261
186600,230.811,212.119,7.508281,7.139038,0.369243,859.014,0.844307,0.091211,0.81168,0.097109,102400,87963035,3124,56937,9,261
186800,231.091,212.38,7.507281,7.110352,0.396929,861.3292,0.835391,0.091914,0.779189,0.128896,102400,88200110,3138,56649,12,261
187000,231.345,212.617,7.532816,7.109741,0.423075,749.272,0.815098,0.078301,0.758096,0.163604,102400,76725455,3190,56391,17,261
187200,231.6,212.854,7.524079,7.105957,0.418122,758.6884,0.804102,0.079619,0.746113,0.174268,102400,77689695,3186,56439,14,261
187400,231.848,213.083,7.530401,7.04895,0.481451,727.8329,0.806357,0.076289,0.725332,0.198379,102400,74530094,3123,56127,13,261
187600,232.088,213.305,7.511238,7.034058,0.477181,695.8863,0.800791,0.072295,0.725332,0.202373,102400,71258753,3169,56197,13,261
187800,232.321,213.52,7.524556,7.06543,0.459126,649.892,0.805439,0.066641,0.739834,0.193525,102400,66548938,3229,56409,16,261
188000,232.554,213.736,7.545112,7.025024,0.520088,651.8753,0.784453,0.066787,0.738467,0.194746,102400,66752028,3037,55989,15,261
188200,232.805,213.968,7.535144,6.984863,0.550281,732.0679,0.808604,0.076484,0.745615,0.1779,102400,74963755,3125,55894,15,261
188400,233.093,214.238,7.515817,6.872192,0.643624,804.6871,0.783945,0.085645,0.730342,0.184014,102400,82399955,3094,55129,19,261
188600,233.356,214.483,7.538185,6.997681,0.540504,816.9268,0.771162,0.087129,0.73418,0.178691,102400,83653306,3097,56020,18,261
188800,233.627,214.737,7.530222,6.955566,0.574655,848.1626,0.789258,0.090781,0.749502,0.159717,102400,86851849,3179,55771,14,261
189000,233.897,214.989,7.526271,6.874878,0.651393,838.8508,0.834609,0.089062,0.800781,0.110156,102400,85898321,3184,55244,14,261
189200,234.175,215.248,7.493941,6.850586,0.643355,878.4695,0.813037,0.094131,0.764473,0.141396,102400,89955272,3080,55603,18,261
189400,234.461,215.517,7.460273,6.794678,0.665595,928.6898,0.819443,0.100195,0.78502,0.114785,102400,95097831,3147,55368,15,261
189600,234.749,215.786,7.439622,6.930176,0.509446,940.6533,0.826914,0.101709,0.780322,0.117969,102400,96322903,3144,56341,13,261
189800,235.043,216.054,7.434326,6.897705,0.53662,881.3167,0.853936,0.093525,0.802959,0.103516,102400,90246828,3094,55985,15,261
190000,235.366,216.358,7.422595,6.938477,0.484119,922.5438,0.851807,0.098916,0.809316,0.091768,102400,94468484,3163,56335,16,261
190200,235.664,216.637,7.430971,6.960571,0.4704,918.5441,0.860146,0.098174,0.825869,0.075957,102400,94058913,3080,56514,8,261
190400,235.963,216.919,7.408097,6.955322,0.452774,984.0801,0.852051,0.106523,0.811357,0.082119,102400,100769805,3084,56583,10,261
190600,236.262,217.2,7.454397,7.101929,0.352468,977.0353,0.858057,0.105537,0.805645,0.088818,102400,100048414,3108,57137,9,261
190800,236.555,217.475,7.469071,7.098145,0.370927,944.7133,0.85583,0.101416,0.79832,0.100264,102400,96738644,3203,56794,9,261
191000,236.827,217.729,7.486958,7.139526,0.347431,836.9625,0.840488,0.088594,0.783643,0.127764,102400,85704960,3095,56920,11,261
191200,237.091,217.975,7.45114,7.106323,0.344817,785.2087,0.869502,0.082373,0.792471,0.125156,102400,80405367,3060,56774,13,261
191400,237.348,218.214,7.475063,7.147461,0.327602,742.7858,0.863652,0.07709,0.807871,0.115039,102400,76061269,3198,56900,10,261
191600,237.598,218.444,7.491916,7.223145,0.268772,696.9732,0.87251,0.071377,0.819248,0.109375,102400,71370060,3079,57376,11,261
191800,237.841,218.67,7.469242,7.195068,0.274174,679.8179,0.856953,0.069375,0.801758,0.128867,102400,69613348,3161,57302,7,261
192000,238.116,218.927,7.443663,7.171143,0.272521,622.4301,0.857061,0.062451,0.796338,0.141211,102400,63736842,3034,57183,10,261
192200,238.351,219.144,7.383974,7.127441,0.256532,614.4491,0.864658,0.061582,0.809102,0.129316,102400,62919590,3022,57098,9,261
192400,238.592,219.367,7.406235,7.138672,0.267563,645.7702,0.866992,0.065234,0.820049,0.114717,102400,66126867,3189,57084,9,261
192600,238.84,219.596,7.376986,7.107422,0.269564,646.181,0.85835,0.065557,0.796084,0.138359,102400,66168936,3054,56901,9,261
192800,239.07,219.807,7.392529,7.0896,0.302929,567.7335,0.868955,0.055625,0.808457,0.135918,102400,58135912,3194,56928,8,262
193000,239.335,220.053,7.399417,7.10376,0.295657,572.0442,0.888965,0.055938,0.834375,0.109688,102400,58577321,3110,56894,10,262
193200,239.567,220.267,7.408438,7.157593,0.250845,555.3245,0.909707,0.053594,0.863662,0.082744,102400,56865231,3193,57147,9,262
193400,239.796,220.477,7.392813,7.137085,0.255728,549.5797,0.908672,0.0529,0.859834,0.087266,102400,56276965,3099,57184,8,262
193600,240.055,220.718,7.365226,7.125,0.240226,576.3657,0.908066,0.056162,0.856055,0.087783,102400,59019843,3094,57052,10,262
193800,240.306,220.95,7.327999,7.153809,0.174191,558.6103,0.914014,0.054092,0.866787,0.079121,102400,57201698,3158,57484,8,262
194000,240.535,221.161,7.314045,7.175171,0.138874,555.8722,0.917588,0.053789,0.86373,0.08248,102400,56921312,3151,57611,10,262
194200,240.755,221.362,7.345165,7.169678,0.175487,528.8837,0.90999,0.050557,0.847969,0.101475,102400,54157689,3059,57332,6,262
194400,240.976,221.565,7.302882,7.073975,0.228908,530.6928,0.907529,0.050762,0.841719,0.10752,102400,54342940,3141,56810,5,262
194600,241.193,221.764,7.262485,7.023193,0.239292,520.6981,0.914248,0.049482,0.859121,0.091396,102400,53319481,3102,56858,4,262
194800,241.414,221.967,7.212792,7.017822,0.194969,525.3776,0.906729,0.049922,0.85873,0.091348,102400,53798669,3128,57092,7,262
195000,241.634,222.168,7.212779,7.009033,0.203745,516.6753,0.886934,0.04915,0.836562,0.114287,102400,52907554,3140,57018,5,262
195200,241.852,222.367,7.260796,7.054932,0.205864,522.5097,0.877949,0.050166,0.81166,0.138174,102400,53504996,3035,57243,9,262
195400,242.063,222.56,7.308416,7.091675,0.216741,502.4194,0.849326,0.047979,0.794287,0.157734,102400,51447748,3161,57320,10,262
195600,242.307,222.786,7.39342,7.171875,0.221545,560.0456,0.829531,0.055186,0.772285,0.172529,102400,57348671,3193,57095,10,262
195800,242.544,223.005,7.376251,7.017822,0.358429,636.835,0.825029,0.064736,0.756104,0.17916,102400,65211908,3144,56303,12,262
196000,242.807,223.25,7.404648,6.87561,0.529038,736.2182,0.829844,0.076709,0.759492,0.163799,102400,75388746,3279,55457,10,262
196200,243.073,223.496,7.437597,6.78894,0.648656,763.0624,0.807939,0.080059,0.75124,0.168701,102400,78137586,3287,55053,10,262
196400,243.35,223.755,7.400002,6.705688,0.694313,811.941,0.770771,0.086299,0.737842,0.175859,102400,83142754,3184,54922,12,262
196600,243.618,224.005,7.345669,6.731323,0.614346,804.9071,0.79665,0.085176,0.762646,0.152178,102400,82422487,3118,55685,18,262
196800,243.872,224.24,7.28392,6.787842,0.496078,708.5288,0.836885,0.072939,0.812656,0.114404,102400,72553348,3191,56233,17,262
197000,244.178,224.527,7.302961,6.876099,0.426862,748.0536,0.861973,0.077402,0.843242,0.079355,102400,76600693,3253,56598,16,262
197200,244.44,224.771,7.352501,6.991577,0.360924,763.7761,0.885938,0.079248,0.864219,0.056533,102400,78210669,3199,56883,15,262
197400,244.718,225.032,7.309526,7.001465,0.308061,835.5466,0.872705,0.088154,0.846045,0.065801,102400,85559969,3216,57027,9,262
197600,245.008,225.303,7.280224,7.005859,0.274364,845.9185,0.879775,0.089316,0.86168,0.049004,102400,86622053,3124,57143,9,262
197800,245.306,225.582,7.321873,7.058105,0.263768,901.2426,0.894424,0.096094,0.858584,0.045322,102400,92287239,3132,57290,8,262
198000,245.598,225.856,7.382075,7.083374,0.298701,891.8909,0.892773,0.094824,0.849268,0.055908,102400,91329628,3138,57036,6,262
198200,245.875,226.114,7.400328,7.079834,0.320494,776.3875,0.913623,0.080039,0.862861,0.0571,102400,79502079,3159,56815,6,262
198400,246.138,226.359,7.458984,7.057617,0.401367,756.3858,0.893359,0.078398,0.823584,0.098018,102400,77453909,3129,56499,7,262
198600,246.39,226.593,7.481835,7.06897,0.412866,709.1861,0.863291,0.072949,0.7975,0.129551,102400,72620654,3281,56552,8,262
198800,246.693,226.879,7.503342,7.120239,0.383103,696.203,0.874971,0.071133,0.817002,0.111865,102400,71291185,3104,56866,9,262
199000,247.0,227.168,7.547987,7.056396,0.49159,752.2299,0.87582,0.077402,0.817471,0.105127,102400,77028345,3193,56225,12,262
199200,247.266,227.416,7.551347,7.066895,0.484452,820.1714,0.848486,0.086816,0.793594,0.11959,102400,83985551,3070,56392,14,262
199400,247.539,227.67,7.541913,7.09314,0.448773,829.5113,0.840518,0.088311,0.76625,0.145439,102400,84941956,3153,56557,9,262
199600,247.798,227.912,7.500863,7.032104,0.468759,783.7425,0.860186,0.082617,0.77832,0.139062,102400,80255237,3074,56246,8,262
199800,248.064,228.159,7.505507,7.046875,0.458632,789.8204,0.845635,0.083271,0.786113,0.130615,102400,80877604,3105,56397,13,262
200000,248.326,228.401,7.490289,7.024048,0.466241,774.5261,0.836738,0.081357,0.793623,0.12502,102400,79311469,3159,56148,12,262
