epoch,wall_s,sim_s,entropy_bits,zlib_bits,high_order_entropy,mean_steps,frac_copy_runs,frac_term_budget,frac_term_off_region,frac_term_unmatched,runs,steps,mutations,distinct_windows,n_persistent,A_t
0,0.052,0.0,7.997125,8.003174,-0.006049,0.0,0.0,0.0,0.0,0.0,0,0,0,58368,0,0
20,0.1,0.025,7.995832,7.955444,0.040387,565.2263,0.52207,0.05293,0.641797,0.305273,10240,5787917,333,57938,0,0
40,0.135,0.042,7.994476,7.878418,0.116058,546.0102,0.52041,0.050586,0.636328,0.313086,10240,5591144,310,57363,0,0
60,0.17,0.058,7.992994,7.842529,0.150464,543.0887,0.510059,0.050488,0.625586,0.323926,10240,5561228,348,57125,0,0
80,0.208,0.075,7.992606,7.833984,0.158622,537.0165,0.516699,0.051172,0.627637,0.321191,10240,5499049,307,57085,0,0
100,0.242,0.092,7.991413,7.794678,0.196735,529.6446,0.513672,0.050684,0.615332,0.333984,10240,5423561,306,56831,11,11
120,0.277,0.108,7.990159,7.769043,0.221116,489.642,0.503809,0.04668,0.613477,0.339844,10240,5013934,313,56682,25,25
140,0.351,0.141,7.988925,7.731445,0.257479,530.786,0.506836,0.052539,0.615234,0.332227,10240,5435249,321,56494,30,32
160,0.428,0.177,7.98493,7.663818,0.321112,520.8563,0.50791,0.050488,0.616211,0.333301,10240,5333569,289,56002,32,34
180,0.511,0.21,7.983906,7.658447,0.325459,528.4555,0.505371,0.05166,0.621582,0.326758,10240,5411384,285,56003,37,39
200,0.583,0.242,7.983445,7.643433,0.340012,542.0509,0.496484,0.054004,0.62959,0.316406,10240,5550601,322,55983,41,43
220,0.631,0.273,7.980586,7.612915,0.367671,528.3128,0.498145,0.052148,0.628418,0.319434,10240,5409923,298,55782,48,51
240,0.666,0.289,7.980144,7.588623,0.391521,549.8406,0.495703,0.054492,0.632422,0.313086,10240,5630368,337,55676,52,55
260,0.701,0.306,7.977718,7.563477,0.414241,556.7006,0.488184,0.055176,0.633008,0.311816,10240,5700614,298,55517,53,56
280,0.735,0.323,7.977028,7.549316,0.427712,539.9357,0.488867,0.053418,0.630078,0.316504,10240,5528942,311,55448,57,60
300,0.77,0.339,7.975262,7.546631,0.428631,524.9444,0.485449,0.051465,0.626855,0.32168,10240,5375431,321,55486,58,61
320,0.805,0.356,7.974805,7.542725,0.43208,530.2713,0.490723,0.052734,0.625098,0.322168,10240,5429978,310,55561,63,66
340,0.84,0.372,7.974196,7.544922,0.429275,553.1905,0.493457,0.055371,0.618945,0.325684,10240,5664671,330,55655,65,68
360,0.892,0.393,7.973305,7.556763,0.416542,555.6871,0.504297,0.055762,0.607812,0.336426,10240,5690236,333,55786,67,70
380,0.968,0.429,7.971555,7.536377,0.435178,539.6599,0.491699,0.053906,0.604688,0.341406,10240,5526117,302,55720,66,70
400,1.036,0.459,7.967425,7.527344,0.440081,534.0318,0.485938,0.05293,0.609082,0.337988,10240,5468486,315,55690,65,71
420,1.107,0.494,7.967514,7.535034,0.43248,547.9478,0.489062,0.055078,0.606348,0.338574,10240,5610985,301,55779,66,72
440,1.179,0.527,7.966005,7.545898,0.420106,557.0595,0.505371,0.056055,0.607422,0.336523,10240,5704289,334,55885,65,72
460,1.257,0.56,7.963922,7.535278,0.428643,529.3822,0.512695,0.052832,0.60791,0.339258,10240,5420874,271,55856,65,73
480,1.329,0.593,7.957919,7.517212,0.440707,567.2758,0.520508,0.056836,0.615332,0.327832,10240,5808904,283,55762,61,73
500,1.401,0.626,7.956185,7.515137,0.441048,553.5242,0.511035,0.055469,0.620801,0.32373,10240,5668088,323,55748,62,74
520,1.474,0.659,7.95455,7.505371,0.449179,550.1671,0.506348,0.055176,0.614453,0.330371,10240,5633711,316,55763,60,74
540,1.552,0.692,7.950026,7.505737,0.444289,546.28,0.493066,0.054395,0.615723,0.329883,10240,5593907,325,55828,59,75
560,1.624,0.724,7.945492,7.480713,0.464779,540.5176,0.501367,0.053906,0.618359,0.327734,10240,5534900,310,55694,60,76
580,1.696,0.757,7.941577,7.479492,0.462085,523.5559,0.499512,0.051953,0.618848,0.329199,10240,5361212,292,55725,59,77
600,1.768,0.79,7.939124,7.481567,0.457557,542.7941,0.507715,0.054199,0.621777,0.324023,10240,5558212,355,55806,61,79
620,1.84,0.823,7.936069,7.476196,0.459872,545.1403,0.520801,0.054102,0.617676,0.328223,10240,5582237,289,55826,59,79
640,1.913,0.856,7.932141,7.469482,0.462659,549.2979,0.533887,0.055273,0.616602,0.328125,10240,5624811,288,55841,60,82
660,1.984,0.89,7.929639,7.476807,0.452832,551.3361,0.543359,0.055078,0.624707,0.320215,10240,5645682,318,55952,59,82
680,2.055,0.921,7.926774,7.467896,0.458878,481.0362,0.553223,0.046484,0.625293,0.328223,10240,4925811,285,55953,58,83
700,2.122,0.953,7.918553,7.439941,0.478612,488.6233,0.559473,0.046484,0.625684,0.327832,10240,5003503,311,55776,58,84
720,2.193,0.986,7.916891,7.431763,0.485129,488.3703,0.572363,0.046777,0.633301,0.319922,10240,5000912,332,55794,55,84
740,2.264,1.018,7.912969,7.421875,0.491094,494.8021,0.589453,0.047852,0.641602,0.310547,10240,5066774,308,55779,55,84
760,2.331,1.05,7.914849,7.444946,0.469903,491.4369,0.590527,0.047266,0.640723,0.312012,10240,5032314,344,55980,54,85
780,2.401,1.082,7.913078,7.426025,0.487053,490.1876,0.593359,0.04707,0.640234,0.312695,10240,5019521,327,55854,57,88
800,2.472,1.114,7.907371,7.417969,0.489402,449.8261,0.592676,0.041699,0.646484,0.311816,10240,4606219,302,55812,59,92
820,2.543,1.145,7.902276,7.395996,0.50628,446.809,0.596191,0.041113,0.650488,0.308398,10240,4575324,305,55736,62,96
840,2.613,1.176,7.892086,7.382812,0.509273,431.1076,0.601855,0.03916,0.65459,0.30625,10240,4414542,320,55721,61,96
860,2.679,1.208,7.887399,7.358276,0.529123,455.3026,0.621875,0.041895,0.655273,0.302832,10240,4662299,295,55614,62,99
880,2.748,1.239,7.888094,7.380249,0.507845,425.8315,0.637988,0.038477,0.663379,0.298145,10240,4360515,314,55818,60,99
900,2.815,1.266,7.883365,7.380737,0.502627,413.6314,0.643848,0.036719,0.667969,0.295312,10240,4235586,333,55871,58,99
920,2.9,1.306,7.879883,7.387817,0.492066,411.1548,0.648438,0.036816,0.676367,0.286816,10240,4210225,317,55988,56,99
940,2.966,1.333,7.870057,7.358521,0.511536,408.879,0.672168,0.035645,0.685742,0.278613,10240,4186921,328,55770,55,101
960,3.038,1.364,7.865104,7.354126,0.510978,417.9263,0.674902,0.037305,0.687891,0.274805,10240,4279565,326,55795,53,101
980,3.109,1.395,7.859063,7.339355,0.519708,419.0114,0.682324,0.037988,0.687402,0.274609,10240,4290677,341,55705,52,102
1000,3.175,1.427,7.854349,7.334595,0.519755,438.7393,0.68418,0.040234,0.692871,0.266895,10240,4492690,304,55704,52,103
1020,3.246,1.454,7.8408,7.327637,0.513163,422.5721,0.68877,0.038184,0.700684,0.261133,10240,4327138,286,55812,53,105
1040,3.317,1.486,7.841544,7.358521,0.483024,414.929,0.688184,0.037305,0.700098,0.262598,10240,4248873,326,56035,52,108
1060,3.356,1.505,7.830442,7.333496,0.496946,424.569,0.701855,0.038574,0.703027,0.258398,10240,4347587,294,55913,49,110
1080,3.392,1.522,7.819093,7.324463,0.49463,445.4497,0.713086,0.040918,0.718164,0.240918,10240,4561405,293,55917,49,112
1100,3.43,1.54,7.80337,7.2948,0.50857,454.6603,0.718457,0.04209,0.728613,0.229297,10240,4655721,328,55746,45,112
1120,3.467,1.558,7.805881,7.285767,0.520114,437.2717,0.719824,0.039062,0.743359,0.217578,10240,4477662,265,55663,42,112
1140,3.503,1.574,7.796092,7.275024,0.521067,446.5204,0.73877,0.040137,0.749219,0.210645,10240,4572369,292,55674,43,115
1160,3.54,1.59,7.786906,7.281006,0.5059,432.2083,0.74668,0.038672,0.759473,0.201855,10240,4425813,290,55794,42,116
1180,3.576,1.606,7.778532,7.2854,0.493131,450.9752,0.764062,0.041113,0.758691,0.200195,10240,4617986,282,55912,44,118
1200,3.618,1.624,7.768513,7.271851,0.496662,443.6451,0.781836,0.039941,0.762402,0.197656,10240,4542926,284,55904,46,123
1220,3.696,1.657,7.757634,7.275757,0.481877,488.9618,0.777051,0.045898,0.766309,0.187793,10240,5006969,331,55987,46,123
1240,3.748,1.69,7.759721,7.290649,0.469072,488.7898,0.785156,0.045898,0.767285,0.186816,10240,5005208,272,56100,47,123
1260,3.785,1.707,7.760423,7.297363,0.463059,490.7597,0.768359,0.046582,0.766504,0.186914,10240,5025379,294,56095,42,125
1280,3.824,1.728,7.753255,7.289917,0.463338,486.6116,0.775781,0.045898,0.775,0.179102,10240,4982903,301,56093,46,127
1300,3.86,1.745,7.746815,7.280518,0.466297,492.3432,0.781738,0.046289,0.789746,0.163965,10240,5041594,311,56001,47,127
1320,3.899,1.764,7.74934,7.296021,0.45332,494.9448,0.789941,0.046777,0.794727,0.158496,10240,5068235,317,56046,48,129
1340,3.944,1.784,7.76118,7.299438,0.461741,517.115,0.787207,0.049316,0.795801,0.154883,10240,5295258,303,56070,50,133
1360,3.986,1.802,7.758935,7.311279,0.447656,518.2154,0.785059,0.049902,0.78623,0.163867,10240,5306526,336,56178,50,136
1380,4.031,1.828,7.756737,7.329712,0.427025,507.2114,0.772949,0.04834,0.783301,0.168359,10240,5193845,312,56368,48,136
1400,4.067,1.846,7.755489,7.337524,0.417964,504.3033,0.777051,0.048145,0.786035,0.16582,10240,5164066,338,56471,46,136
1420,4.104,1.864,7.754728,7.342529,0.412199,513.9285,0.759863,0.049219,0.781152,0.169629,10240,5262628,315,56511,46,138
1440,4.142,1.882,7.754249,7.346802,0.407447,527.3569,0.760059,0.050781,0.778418,0.170801,10240,5400135,306,56566,45,139
1460,4.199,1.901,7.749406,7.343262,0.406144,557.7998,0.766992,0.05459,0.781641,0.16377,10240,5711870,283,56594,45,141
1480,4.284,1.944,7.734124,7.296021,0.438104,531.9036,0.785156,0.051367,0.787695,0.160938,10240,5446693,298,56300,45,143
1500,4.324,1.963,7.721755,7.287964,0.433791,526.3267,0.787891,0.050781,0.796191,0.153027,10240,5389585,328,56264,43,143
1520,4.364,1.982,7.720488,7.291138,0.429351,527.0533,0.810645,0.050098,0.799707,0.150195,10240,5397026,327,56245,43,145
1540,4.404,2.001,7.71487,7.274048,0.440822,521.1259,0.807227,0.049707,0.796875,0.153418,10240,5336329,324,56173,43,145
1560,4.442,2.02,7.715391,7.283447,0.431944,512.474,0.806934,0.049023,0.796777,0.154199,10240,5247734,298,56330,47,147
1580,4.48,2.039,7.706836,7.260132,0.446704,543.2116,0.805469,0.052832,0.798535,0.148633,10240,5562487,300,56168,45,148
1600,4.519,2.059,7.702254,7.249512,0.452743,535.3527,0.802832,0.05166,0.803223,0.145117,10240,5482012,318,56069,45,149
1620,4.567,2.078,7.692642,7.25293,0.439713,540.2976,0.805078,0.052148,0.807422,0.14043,10240,5532647,335,56194,46,150
1640,4.606,2.097,7.699372,7.257202,0.44217,550.0398,0.813965,0.053418,0.810742,0.13584,10240,5632408,320,56212,48,151
1660,4.645,2.117,7.70488,7.27124,0.43364,553.1737,0.807422,0.053906,0.808984,0.137109,10240,5664499,321,56297,51,154
1680,4.683,2.136,7.711501,7.268066,0.443434,558.8734,0.803809,0.054395,0.804785,0.14082,10240,5722864,303,56278,52,155
1700,4.722,2.156,7.719931,7.264038,0.455893,559.5797,0.81377,0.054395,0.812988,0.132617,10240,5730096,290,56243,54,156
1720,4.76,2.175,7.712856,7.253906,0.458949,548.3856,0.800781,0.053027,0.817383,0.12959,10240,5615469,313,56237,51,157
1740,4.815,2.195,7.700059,7.245117,0.454941,570.4681,0.803613,0.055859,0.816309,0.127832,10240,5841593,335,56221,50,158
1760,4.894,2.239,7.693668,7.249878,0.44379,597.2052,0.798828,0.05918,0.811035,0.129785,10240,6115381,307,56325,49,160
1780,4.979,2.287,7.693557,7.259766,0.433791,595.9457,0.807812,0.058984,0.812598,0.128418,10240,6102484,313,56421,52,165
1800,5.019,2.307,7.697621,7.274414,0.423207,591.0281,0.800684,0.058008,0.80752,0.134473,10240,6052128,322,56497,51,165
1820,5.059,2.328,7.69641,7.271729,0.424682,600.8468,0.793555,0.059277,0.806152,0.13457,10240,6152671,304,56516,54,170
1840,5.098,2.348,7.692994,7.25,0.442994,589.4142,0.792285,0.058496,0.796387,0.145117,10240,6035601,283,56408,51,170
1860,5.139,2.369,7.681404,7.231812,0.449593,593.1989,0.801074,0.059082,0.795605,0.145312,10240,6074357,303,56330,51,170
1880,5.179,2.39,7.684098,7.246582,0.437516,595.7532,0.795898,0.058789,0.800684,0.140527,10240,6100513,323,56409,49,170
1900,5.219,2.41,7.677994,7.248901,0.429093,598.6775,0.791113,0.059375,0.80332,0.137305,10240,6130458,320,56429,49,172
1920,5.295,2.447,7.680001,7.251343,0.428658,606.3002,0.800488,0.060547,0.807031,0.132422,10240,6208514,355,56440,50,174
1940,5.375,2.487,7.669864,7.245605,0.424258,589.0778,0.800684,0.058398,0.815039,0.126562,10240,6032157,287,56507,49,174
1960,5.43,2.523,7.668032,7.249023,0.419009,590.1539,0.806152,0.058594,0.812012,0.129395,10240,6043176,335,56547,48,175
1980,5.469,2.542,7.667299,7.25354,0.413759,569.7602,0.795898,0.056055,0.812109,0.131836,10240,5834344,338,56642,47,176
2000,5.509,2.562,7.660407,7.248779,0.411628,580.8815,0.790039,0.057422,0.80918,0.133398,10240,5948227,288,56629,49,178
2020,5.556,2.588,7.652756,7.242798,0.409958,574.843,0.793848,0.056641,0.807129,0.13623,10240,5886392,310,56574,48,179
2040,5.599,2.608,7.65225,7.255249,0.397001,545.9605,0.799609,0.053223,0.814648,0.132129,10240,5590636,311,56670,47,179
2060,5.678,2.647,7.655174,7.276855,0.378319,551.4007,0.801367,0.053809,0.811035,0.135156,10240,5646343,321,56784,46,179
2080,5.736,2.686,7.647508,7.273926,0.373582,547.9705,0.801465,0.053027,0.810645,0.136328,10240,5611218,318,56821,46,180
2100,5.775,2.705,7.652062,7.277344,0.374718,533.1671,0.797949,0.050684,0.815234,0.134082,10240,5459631,325,56803,46,180
2120,5.813,2.724,7.648827,7.280273,0.368554,502.668,0.804883,0.047266,0.819629,0.133105,10240,5147320,318,56891,45,181
2140,5.851,2.743,7.650417,7.277832,0.372585,519.7609,0.813867,0.049316,0.816895,0.133789,10240,5322352,323,56821,45,181
2160,5.889,2.762,7.644463,7.28833,0.356133,524.0413,0.808203,0.050586,0.81416,0.135254,10240,5366183,302,56966,43,181
2180,5.927,2.781,7.64853,7.300903,0.347626,535.6649,0.80918,0.051953,0.813184,0.134863,10240,5485209,329,57017,40,181
2200,5.97,2.805,7.649661,7.317261,0.332401,526.7119,0.814355,0.050977,0.805176,0.143848,10240,5393530,315,57101,40,182
2220,6.009,2.824,7.641459,7.30603,0.335429,546.7451,0.818359,0.053418,0.800977,0.145605,10240,5598670,326,57098,43,183
2240,6.049,2.843,7.639409,7.317749,0.32166,538.4866,0.832031,0.052246,0.803516,0.144238,10240,5514103,276,57175,41,183
2260,6.089,2.863,7.641752,7.317139,0.324614,539.5909,0.829297,0.052246,0.807129,0.140625,10240,5525411,326,57106,40,183
2280,6.128,2.882,7.638097,7.318726,0.319371,530.3999,0.827637,0.05127,0.807617,0.141113,10240,5431295,328,57153,38,183
2300,6.168,2.901,7.641302,7.312866,0.328436,547.1668,0.839355,0.05332,0.810156,0.136523,10240,5602988,305,57046,41,187
2320,6.212,2.921,7.642302,7.312866,0.329436,532.2269,0.852832,0.05127,0.823633,0.125098,10240,5450003,299,57052,37,187
2340,6.25,2.941,7.65291,7.325806,0.327104,524.9632,0.855273,0.050195,0.828711,0.121094,10240,5375623,281,57097,36,188
2360,6.289,2.959,7.661281,7.344604,0.316676,518.602,0.854199,0.049707,0.824707,0.125586,10240,5310484,337,57144,36,189
2380,6.33,2.979,7.665474,7.350342,0.315132,530.5199,0.852051,0.050977,0.82998,0.119043,10240,5432524,311,57152,41,193
2400,6.369,2.999,7.66188,7.330322,0.331558,553.9936,0.847949,0.053711,0.830957,0.115332,10240,5672894,301,57025,39,193
2420,6.409,3.018,7.661148,7.338379,0.322769,543.7101,0.850977,0.052734,0.832324,0.114941,10240,5567591,310,57107,41,194
2440,6.452,3.038,7.660181,7.340576,0.319605,546.6099,0.86543,0.052539,0.83418,0.113281,10240,5597285,308,57109,42,194
2460,6.531,3.073,7.663354,7.336426,0.326929,523.6176,0.865137,0.048828,0.838281,0.112891,10240,5361844,291,57011,42,196
2480,6.61,3.108,7.660593,7.334961,0.325632,524.8555,0.860254,0.049023,0.843262,0.107715,10240,5374520,298,57041,44,197
2500,6.69,3.148,7.652342,7.319092,0.33325,514.3354,0.859961,0.047754,0.851367,0.100879,10240,5266795,330,56905,43,197
2520,6.762,3.191,7.650218,7.317261,0.332958,488.0352,0.86416,0.045215,0.854785,0.1,10240,4997480,278,56851,41,197
2540,6.803,3.209,7.644817,7.317261,0.327556,477.5629,0.866309,0.044141,0.855078,0.100781,10240,4890244,314,56895,40,199
2560,6.845,3.229,7.643666,7.321899,0.321767,510.2188,0.86875,0.048242,0.858496,0.093262,10240,5224640,310,56988,39,199
2580,6.884,3.248,7.634201,7.304688,0.329513,517.6249,0.875879,0.048926,0.863672,0.087402,10240,5300479,306,56892,40,200
2600,6.938,3.27,7.631965,7.294189,0.337776,521.1477,0.886328,0.049219,0.871484,0.079297,10240,5336552,325,56751,42,200
2620,6.98,3.29,7.639294,7.308228,0.331066,500.0121,0.888281,0.04668,0.878223,0.075098,10240,5120124,305,56814,41,200
2640,7.031,3.314,7.628213,7.299194,0.329019,513.0507,0.894629,0.048242,0.875977,0.075781,10240,5253639,317,56850,37,200
2660,7.074,3.332,7.628775,7.299438,0.329337,492.4424,0.89502,0.045605,0.881348,0.073047,10240,5042610,317,56906,39,202
2680,7.113,3.352,7.641138,7.311646,0.329493,495.7977,0.885547,0.045996,0.879297,0.074707,10240,5076968,317,56948,40,204
2700,7.211,3.409,7.635549,7.314453,0.321096,508.82,0.888379,0.047754,0.877148,0.075098,10240,5210317,301,56992,39,205
2720,7.29,3.449,7.647573,7.317017,0.330557,532.1136,0.892676,0.050586,0.877441,0.071973,10240,5448843,302,56975,47,212
2740,7.37,3.489,7.642758,7.327148,0.31561,552.9459,0.891211,0.053125,0.87207,0.074805,10240,5662166,326,57043,46,214
2760,7.451,3.529,7.643708,7.32312,0.320588,529.6957,0.900684,0.050098,0.879395,0.070508,10240,5424084,327,57053,43,215
2780,7.531,3.568,7.639844,7.332275,0.307569,532.5999,0.900293,0.050488,0.88457,0.064941,10240,5453823,303,57088,40,215
2800,7.61,3.608,7.6224,7.311157,0.311243,533.4159,0.903516,0.050684,0.883301,0.066016,10240,5462179,308,57041,39,218
2820,7.689,3.647,7.623133,7.314575,0.308558,506.7775,0.898047,0.047461,0.884668,0.067871,10240,5189402,360,57123,37,218
2840,7.768,3.687,7.612028,7.307373,0.304655,492.8432,0.892285,0.045801,0.887109,0.06709,10240,5046714,315,57116,40,219
2860,7.848,3.727,7.610219,7.309326,0.300893,507.803,0.894824,0.047656,0.886328,0.066016,10240,5199903,306,57126,39,219
2880,7.923,3.766,7.605304,7.311157,0.294147,506.4544,0.887891,0.047461,0.880566,0.071973,10240,5186093,308,57216,38,221
2900,7.986,3.809,7.605985,7.318237,0.287748,516.6408,0.887695,0.048828,0.870312,0.080859,10240,5290402,324,57232,39,221
2920,8.025,3.829,7.613156,7.328979,0.284177,509.3205,0.887012,0.048047,0.862012,0.089941,10240,5215442,331,57303,38,221
2940,8.064,3.848,7.617615,7.338257,0.279358,499.722,0.877148,0.046777,0.856641,0.096582,10240,5117153,300,57297,37,222
2960,8.102,3.867,7.614844,7.329346,0.285498,479.6663,0.88125,0.044434,0.859961,0.095605,10240,4911783,305,57224,34,224
2980,8.177,3.901,7.612097,7.300415,0.311682,472.6967,0.888965,0.043359,0.865332,0.091309,10240,4840414,286,57059,32,224
3000,8.256,3.941,7.613805,7.313232,0.300572,500.536,0.894043,0.046973,0.866211,0.086816,10240,5125489,314,57106,32,224
3020,8.307,3.972,7.611878,7.317383,0.294495,505.0714,0.891113,0.047461,0.860645,0.091895,10240,5171931,347,57146,33,224
3040,8.347,3.991,7.613029,7.308105,0.304923,515.5372,0.895215,0.048828,0.861523,0.089648,10240,5279101,288,57108,33,225
3060,8.386,4.011,7.622597,7.325317,0.29728,492.015,0.901172,0.045898,0.867285,0.086816,10240,5038234,326,57127,37,226
3080,8.425,4.031,7.625483,7.325684,0.299799,505.4959,0.899121,0.047559,0.864941,0.0875,10240,5176278,305,57172,36,226
3100,8.465,4.051,7.625658,7.321655,0.304003,518.1542,0.894043,0.049316,0.857031,0.093652,10240,5305899,333,57113,35,226
3120,8.503,4.07,7.624909,7.323975,0.300935,513.1602,0.897266,0.048633,0.862207,0.08916,10240,5254760,315,57083,35,227
3140,8.541,4.09,7.63072,7.338135,0.292585,515.3367,0.899805,0.048828,0.860645,0.090527,10240,5277048,286,57112,35,227
3160,8.58,4.109,7.626161,7.339233,0.286927,495.7544,0.899414,0.046484,0.856836,0.09668,10240,5076525,313,57183,38,227
3180,8.656,4.146,7.618115,7.338867,0.279248,494.5124,0.901172,0.046387,0.85752,0.096094,10240,5063807,317,57214,37,228
3200,8.736,4.186,7.614986,7.342773,0.272212,484.2021,0.901465,0.044922,0.849023,0.106055,10240,4958229,285,57250,37,230
3220,8.81,4.221,7.613363,7.343262,0.270101,468.0935,0.90127,0.043164,0.845898,0.110938,10240,4793277,293,57256,34,230
3240,8.86,4.251,7.607839,7.351929,0.25591,451.5045,0.899805,0.041211,0.83877,0.12002,10240,4623406,312,57307,34,231
3260,8.898,4.27,7.609062,7.349243,0.259819,442.331,0.896582,0.040137,0.836621,0.123242,10240,4529469,301,57316,36,232
3280,8.935,4.288,7.617562,7.338257,0.279306,440.5556,0.892773,0.039746,0.839453,0.120801,10240,4511289,296,57183,36,232
3300,8.977,4.306,7.629309,7.351196,0.278113,428.8951,0.890527,0.038281,0.848926,0.112793,10240,4391886,327,57229,38,234
3320,9.014,4.324,7.614053,7.336426,0.277628,449.8766,0.882812,0.041016,0.848633,0.110352,10240,4606736,312,57231,37,234
3340,9.08,4.351,7.604689,7.338013,0.266677,460.4595,0.889551,0.042188,0.85,0.107812,10240,4715105,335,57233,34,235
3360,9.145,4.384,7.604431,7.342896,0.261536,431.8166,0.888672,0.038672,0.854199,0.107129,10240,4421802,311,57291,37,237
3380,9.183,4.403,7.605829,7.347778,0.25805,439.5393,0.894434,0.039746,0.851562,0.108691,10240,4500882,316,57315,38,237
3400,9.222,4.421,7.608977,7.315674,0.293303,431.8124,0.889453,0.038574,0.847363,0.114062,10240,4421759,360,57137,39,237
3420,9.259,4.44,7.611206,7.332275,0.278931,431.759,0.879297,0.038477,0.853711,0.107812,10240,4421212,297,57216,39,237
3440,9.297,4.458,7.603187,7.32666,0.276527,448.8927,0.87002,0.040625,0.846191,0.113184,10240,4596661,308,57215,39,237
3460,9.336,4.477,7.595494,7.314941,0.280552,452.4997,0.873535,0.041016,0.844531,0.114453,10240,4633597,326,57169,36,237
3480,9.411,4.516,7.601251,7.306152,0.295099,486.0021,0.86875,0.045117,0.835449,0.119434,10240,4976661,324,57064,39,239
3500,9.489,4.555,7.594011,7.296631,0.29738,491.2144,0.861523,0.045898,0.827637,0.126465,10240,5030035,312,56951,35,239
3520,9.566,4.586,7.586782,7.290771,0.296011,482.3019,0.862598,0.044531,0.834961,0.120508,10240,4938771,301,56915,34,239
3540,9.606,4.604,7.59399,7.292969,0.301022,462.3201,0.860645,0.04248,0.825488,0.132031,10240,4734158,313,56913,35,239
3560,9.644,4.623,7.603614,7.300903,0.302711,459.6268,0.858496,0.04209,0.821094,0.136816,10240,4706578,335,56916,37,241
3580,9.683,4.642,7.604058,7.286377,0.317681,465.8424,0.858594,0.042578,0.828809,0.128613,10240,4770226,330,56801,39,241
3600,9.722,4.661,7.590747,7.252319,0.338428,502.6303,0.849902,0.04707,0.82666,0.12627,10240,5146934,308,56649,42,243
3620,9.76,4.68,7.589992,7.265503,0.32449,504.3348,0.84043,0.047461,0.824805,0.127734,10240,5164388,328,56748,44,244
3640,9.831,4.71,7.593302,7.268311,0.324992,523.7367,0.851465,0.049902,0.826074,0.124023,10240,5363064,321,56712,43,245
3660,9.918,4.75,7.593239,7.239014,0.354225,524.9679,0.844531,0.050098,0.824121,0.125781,10240,5375671,317,56478,44,246
3680,9.998,4.789,7.58906,7.228027,0.361033,521.8688,0.841895,0.049805,0.82334,0.126855,10240,5343937,318,56456,46,246
3700,10.077,4.828,7.59341,7.223389,0.370021,514.2616,0.840332,0.048828,0.82666,0.124512,10240,5266039,309,56372,46,246
3720,10.139,4.866,7.576163,7.217896,0.358267,516.323,0.831055,0.049121,0.830566,0.120312,10240,5287148,307,56458,48,247
3740,10.177,4.885,7.578255,7.229736,0.348519,505.5086,0.821875,0.047949,0.825586,0.126465,10240,5176408,317,56601,45,248
3760,10.216,4.905,7.584474,7.239746,0.344728,533.3243,0.821777,0.051562,0.818457,0.12998,10240,5461241,341,56557,44,248
3780,10.256,4.925,7.583914,7.247803,0.336111,537.7332,0.828711,0.052051,0.821289,0.12666,10240,5506388,287,56698,47,248
3800,10.294,4.945,7.582506,7.235718,0.346788,535.6892,0.834668,0.05166,0.824902,0.123438,10240,5485457,312,56595,47,248
3820,10.333,4.964,7.588581,7.250366,0.338214,536.9787,0.833887,0.051758,0.831055,0.117188,10240,5498662,333,56720,46,249
3840,10.372,4.984,7.582386,7.244995,0.337391,516.0814,0.837109,0.048926,0.834375,0.116699,10240,5284674,321,56658,46,252
3860,10.41,5.003,7.587717,7.233398,0.354319,536.7935,0.839453,0.05166,0.837793,0.110547,10240,5496765,334,56507,44,252
3880,10.454,5.027,7.588096,7.243164,0.344932,541.4526,0.844238,0.051953,0.838672,0.109375,10240,5544475,324,56547,41,252
3900,10.493,5.047,7.589875,7.233521,0.356355,535.0106,0.83291,0.051465,0.839355,0.10918,10240,5478509,321,56494,40,252
3920,10.532,5.068,7.58488,7.244873,0.340007,547.8073,0.824707,0.053125,0.821777,0.125098,10240,5609547,317,56521,39,252
3940,10.572,5.088,7.581052,7.217041,0.364011,553.5423,0.823242,0.053613,0.812793,0.133594,10240,5668273,305,56358,40,255
3960,10.623,5.108,7.588387,7.230591,0.357796,555.3277,0.818066,0.054102,0.813867,0.132031,10240,5686556,307,56460,39,256
3980,10.691,5.148,7.588195,7.237793,0.350402,547.3184,0.823242,0.05293,0.812891,0.13418,10240,5604540,274,56550,37,256
4000,10.734,5.168,7.580618,7.222778,0.35784,575.1309,0.831152,0.056348,0.816016,0.127637,10240,5889340,297,56509,39,259
4020,10.773,5.188,7.590141,7.233276,0.356864,543.3393,0.83125,0.052637,0.818164,0.129199,10240,5563794,317,56520,43,261
4040,10.813,5.209,7.595125,7.232544,0.362581,549.07,0.826172,0.053516,0.810254,0.13623,10240,5622477,298,56576,44,261
4060,10.854,5.23,7.604313,7.231201,0.373112,554.7879,0.828027,0.054199,0.80625,0.139551,10240,5681028,320,56524,42,262
4080,10.918,5.267,7.605655,7.234985,0.37067,565.0643,0.82373,0.055566,0.802441,0.141992,10240,5786258,302,56597,46,265
4100,10.96,5.289,7.613968,7.255005,0.358963,580.5482,0.83877,0.05752,0.80127,0.141211,10240,5944814,330,56689,42,265
4120,11.003,5.31,7.604445,7.258911,0.345534,585.9498,0.832715,0.058105,0.798535,0.143359,10240,6000126,321,56687,40,265
4140,11.042,5.33,7.604986,7.247803,0.357184,548.9179,0.828906,0.053516,0.802832,0.143652,10240,5620919,316,56638,46,270
4160,11.115,5.366,7.602694,7.252197,0.350497,535.3331,0.833301,0.051953,0.803809,0.144238,10240,5481811,267,56644,41,271
4180,11.194,5.406,7.607141,7.259399,0.347742,549.2089,0.816797,0.053809,0.790234,0.155957,10240,5623899,300,56622,40,271
4200,11.276,5.442,7.613684,7.26001,0.353674,559.9531,0.808301,0.055273,0.781543,0.163184,10240,5733920,320,56631,41,273
4220,11.344,5.483,7.61286,7.262085,0.350775,583.3811,0.810645,0.058008,0.778906,0.163086,10240,5973822,289,56650,40,273
4240,11.384,5.503,7.608802,7.254883,0.353919,570.1517,0.812695,0.056445,0.783691,0.159863,10240,5838353,334,56671,41,273
4260,11.425,5.524,7.613405,7.257202,0.356203,585.8329,0.811523,0.058008,0.779492,0.1625,10240,5998929,306,56745,42,275
4280,11.466,5.545,7.603806,7.263672,0.340134,599.0361,0.807227,0.060059,0.772363,0.167578,10240,6134130,337,56802,42,276
4300,11.505,5.566,7.601337,7.257812,0.343524,583.2832,0.810254,0.058203,0.762207,0.17959,10240,5972820,316,56743,41,276
4320,11.546,5.587,7.594749,7.23938,0.35537,595.0159,0.801465,0.05957,0.76377,0.17666,10240,6092963,313,56581,43,276
4340,11.627,5.632,7.583741,7.232422,0.351319,607.8836,0.798047,0.061133,0.768066,0.170801,10240,6224728,289,56584,46,278
4360,11.708,5.677,7.583325,7.224731,0.358593,601.7027,0.806055,0.060449,0.760156,0.179395,10240,6161436,303,56619,44,278
4380,11.772,5.718,7.591784,7.216309,0.375476,616.2511,0.795703,0.062012,0.769141,0.168848,10240,6310411,324,56513,46,282
4400,11.814,5.74,7.587774,7.191772,0.396002,608.2988,0.795801,0.061035,0.764844,0.174121,10240,6228980,345,56359,49,286
4420,11.856,5.763,7.59561,7.204956,0.390654,582.1013,0.800391,0.058008,0.760547,0.181445,10240,5960717,320,56360,49,286
4440,11.896,5.784,7.593905,7.184082,0.409823,598.8374,0.79873,0.059961,0.768555,0.171484,10240,6132095,309,56160,50,288
4460,11.938,5.805,7.584354,7.178955,0.405398,597.7325,0.808984,0.059863,0.763184,0.176953,10240,6120781,323,56229,49,288
4480,11.983,5.826,7.567245,7.185303,0.381943,622.7703,0.814062,0.062988,0.750586,0.186426,10240,6377168,307,56438,49,289
4500,12.063,5.871,7.573162,7.185059,0.388104,605.671,0.811914,0.061035,0.762402,0.176562,10240,6202071,321,56406,50,293
4520,12.107,5.892,7.569736,7.182007,0.387729,586.3813,0.820312,0.058594,0.772461,0.168945,10240,6004545,321,56505,45,293
4540,12.147,5.912,7.568686,7.187622,0.381063,587.1487,0.8125,0.058594,0.768262,0.173145,10240,6012403,313,56581,45,293
4560,12.188,5.933,7.579978,7.204102,0.375876,594.7858,0.816992,0.059473,0.77627,0.164258,10240,6090607,319,56682,44,293
4580,12.229,5.954,7.57563,7.213013,0.362617,594.3276,0.815625,0.059473,0.772266,0.168262,10240,6085915,298,56759,47,296
4600,12.269,5.975,7.581826,7.215332,0.366494,602.077,0.798047,0.060449,0.761133,0.178418,10240,6165268,315,56758,43,296
4620,12.325,5.996,7.5902,7.223877,0.366323,582.3337,0.791211,0.058008,0.762207,0.179785,10240,5963097,310,56767,43,297
4640,12.405,6.036,7.592536,7.218506,0.37403,593.1036,0.798535,0.059375,0.758887,0.181738,10240,6073381,336,56752,44,297
4660,12.485,6.077,7.586807,7.220337,0.36647,591.6262,0.799316,0.059277,0.758691,0.182031,10240,6058252,324,56767,44,297
4680,12.58,6.118,7.588388,7.219727,0.368662,599.947,0.787793,0.060352,0.752246,0.187402,10240,6143457,296,56782,44,298
4700,12.669,6.167,7.586889,7.2323,0.354589,605.1438,0.783203,0.061035,0.750488,0.188477,10240,6196672,313,56891,43,298
4720,12.75,6.208,7.59547,7.235596,0.359875,618.6308,0.79248,0.062695,0.752637,0.184668,10240,6334779,317,56830,44,301
4740,12.837,6.254,7.597146,7.23938,0.357766,620.9807,0.785938,0.063086,0.751367,0.185547,10240,6358842,304,56845,43,301
4760,12.919,6.296,7.601917,7.245239,0.356677,618.9682,0.783789,0.062402,0.752246,0.185352,10240,6338234,313,56856,42,301
4780,13.008,6.345,7.600893,7.244141,0.356752,644.3963,0.781055,0.065918,0.748535,0.185547,10240,6598618,337,56868,40,301
4800,13.09,6.387,7.608541,7.257324,0.351217,625.1989,0.782812,0.063574,0.741211,0.195215,10240,6402037,318,56933,40,301
4820,13.176,6.433,7.599458,7.251343,0.348116,631.0566,0.773926,0.063965,0.739648,0.196387,10240,6462020,326,56888,43,301
4840,13.257,6.475,7.595737,7.24292,0.352817,644.962,0.778125,0.065723,0.758984,0.175293,10240,6604411,339,56873,40,303
4860,13.339,6.521,7.588409,7.240234,0.348175,628.8287,0.778418,0.063574,0.770898,0.165527,10240,6439206,304,56856,41,304
4880,13.434,6.57,7.591892,7.254761,0.337131,659.8202,0.778418,0.067383,0.772363,0.160254,10240,6756559,311,56919,41,304
4900,13.521,6.617,7.593561,7.254639,0.338922,676.9129,0.780859,0.069629,0.761914,0.168457,10240,6931588,346,56879,41,304
4920,13.602,6.659,7.598876,7.259399,0.339477,665.3157,0.784277,0.068262,0.759082,0.172656,10240,6812833,289,56889,42,304
4940,13.688,6.705,7.604374,7.244141,0.360234,661.0954,0.789941,0.067676,0.757812,0.174512,10240,6769617,275,56782,41,304
4960,13.769,6.747,7.608652,7.250854,0.357798,657.11,0.78623,0.066895,0.764551,0.168555,10240,6728806,319,56773,43,304
4980,13.856,6.793,7.61004,7.266235,0.343804,664.8913,0.786133,0.068262,0.754688,0.177051,10240,6808487,306,56893,46,304
5000,13.942,6.836,7.61218,7.281372,0.330808,676.3188,0.774609,0.069629,0.747949,0.182422,10240,6925504,325,56949,44,304
5020,14.028,6.882,7.613839,7.291992,0.321847,677.9298,0.763379,0.07002,0.739941,0.190039,10240,6942001,334,57058,43,304
5040,14.11,6.924,7.61537,7.303833,0.311537,651.6493,0.768652,0.066699,0.750488,0.182812,10240,6672889,292,57126,43,304
5060,14.19,6.965,7.615467,7.306763,0.308704,648.0934,0.769727,0.066309,0.754395,0.179297,10240,6636476,288,57129,41,304
5080,14.271,7.011,7.612212,7.308105,0.304107,639.5192,0.77627,0.065137,0.757715,0.177148,10240,6548677,321,57063,41,304
5100,14.357,7.057,7.614124,7.312378,0.301746,647.1288,0.782227,0.066016,0.76084,0.173145,10240,6626599,292,57004,37,304
5120,14.444,7.103,7.614124,7.311157,0.302966,650.5999,0.781934,0.066602,0.761719,0.17168,10240,6662143,303,57028,37,304
5140,14.525,7.145,7.621521,7.322998,0.298523,639.2478,0.782227,0.065234,0.765332,0.169434,10240,6545897,299,57081,37,304
5160,14.603,7.188,7.620261,7.31604,0.304221,639.6054,0.783008,0.065234,0.76377,0.170996,10240,6549559,325,57027,38,304
5180,14.689,7.234,7.615966,7.311523,0.304443,633.5656,0.785059,0.064453,0.766797,0.16875,10240,6487712,332,56975,38,304
5200,14.77,7.275,7.618592,7.300659,0.317932,634.8421,0.781348,0.064551,0.770605,0.164844,10240,6500783,290,56933,37,304
5220,14.856,7.321,7.614879,7.280029,0.33485,626.3368,0.783691,0.063477,0.773633,0.162891,10240,6413689,320,56742,37,304
5240,14.938,7.363,7.615703,7.285522,0.33018,635.9574,0.792578,0.064648,0.77832,0.157031,10240,6512204,314,56773,37,304
5260,15.025,7.41,7.612267,7.273926,0.338342,655.3373,0.782129,0.066992,0.776465,0.156543,10240,6710654,310,56704,39,304
5280,15.107,7.452,7.615608,7.280762,0.334846,645.9989,0.78418,0.06582,0.77627,0.15791,10240,6615029,312,56715,41,308
5300,15.192,7.498,7.613321,7.287354,0.325967,626.1891,0.779199,0.063379,0.772852,0.16377,10240,6412176,330,56755,40,308
5320,15.304,7.554,7.614373,7.291504,0.322869,646.1852,0.778613,0.06582,0.77168,0.1625,10240,6616936,297,56816,41,308
5340,15.384,7.595,7.618998,7.295776,0.323221,626.891,0.771973,0.063477,0.77168,0.164844,10240,6419364,296,56847,42,311
5360,15.47,7.641,7.624177,7.311646,0.312531,629.9671,0.765039,0.063965,0.755664,0.180371,10240,6450863,310,56928,42,311
5380,15.556,7.687,7.620492,7.314453,0.306039,628.2523,0.757324,0.06377,0.75293,0.183301,10240,6433304,305,56953,43,311
5400,15.637,7.728,7.615583,7.317993,0.297589,625.526,0.737988,0.06377,0.740332,0.195898,10240,6405386,316,57023,43,311
5420,15.718,7.77,7.611863,7.324585,0.287278,622.1464,0.73916,0.063477,0.738379,0.198145,10240,6370779,295,57109,44,311
5440,15.804,7.815,7.608602,7.331421,0.277181,611.6566,0.757617,0.062012,0.74375,0.194238,10240,6263364,318,57161,42,311
5460,15.884,7.857,7.606572,7.340088,0.266484,605.7438,0.756836,0.06123,0.743457,0.195312,10240,6202817,289,57231,41,311
5480,15.965,7.897,7.610276,7.344116,0.26616,598.7378,0.766016,0.060352,0.748242,0.191406,10240,6131075,310,57276,39,311
5500,16.046,7.939,7.611349,7.360962,0.250387,613.6509,0.75752,0.062402,0.739453,0.198145,10240,6283785,322,57359,38,311
5520,16.127,7.983,7.614941,7.363892,0.251049,583.4342,0.756055,0.058301,0.736133,0.205566,10240,5974366,303,57347,40,313
5540,16.207,8.028,7.615333,7.36792,0.247413,590.4117,0.756055,0.059375,0.733984,0.206641,10240,6045816,298,57367,39,313
5560,16.287,8.068,7.62086,7.38562,0.23524,584.3407,0.752734,0.058789,0.735547,0.205664,10240,5983649,315,57431,38,313
5580,16.373,8.11,7.622326,7.393066,0.22926,620.6505,0.745996,0.063086,0.728711,0.208203,10240,6355461,342,57445,38,313
5600,16.453,8.151,7.624452,7.370239,0.254212,602.0625,0.74502,0.060742,0.726074,0.213184,10240,6165120,321,57222,38,313
5620,16.534,8.188,7.626101,7.358398,0.267703,601.2029,0.744336,0.060742,0.730371,0.208887,10240,6156318,279,57151,33,313
5640,16.594,8.225,7.615519,7.352661,0.262858,611.9511,0.745215,0.062109,0.722656,0.215234,10240,6266379,329,57145,32,313
5660,16.634,8.246,7.615468,7.333496,0.281972,609.0753,0.749219,0.061719,0.726953,0.211328,10240,6236931,290,57067,32,313
5680,16.675,8.268,7.616276,7.339966,0.27631,629.3284,0.744629,0.06416,0.733496,0.202344,10240,6444323,314,57034,32,313
5700,16.716,8.29,7.613912,7.342529,0.271382,646.1595,0.748242,0.06582,0.738379,0.195801,10240,6616673,288,57061,32,313
5720,16.758,8.312,7.607775,7.344482,0.263293,669.7249,0.742188,0.068848,0.729883,0.20127,10240,6857983,316,57144,32,313
5740,16.798,8.334,7.60154,7.348022,0.253517,638.9303,0.739941,0.065137,0.730176,0.204688,10240,6542646,317,57197,33,314
5760,16.839,8.355,7.593765,7.347168,0.246597,616.0094,0.745996,0.062305,0.72666,0.211035,10240,6307936,303,57241,33,314
5780,16.879,8.376,7.589149,7.348267,0.240882,592.978,0.743652,0.059766,0.722656,0.217578,10240,6072095,335,57244,32,314
5800,16.919,8.397,7.587359,7.341553,0.245806,593.0053,0.747754,0.059668,0.720898,0.219434,10240,6072374,298,57243,31,314
5820,16.96,8.419,7.576668,7.334595,0.242074,584.9628,0.74375,0.058691,0.72334,0.217969,10240,5990019,283,57207,31,314
5840,17.013,8.439,7.586249,7.347046,0.239203,598.8226,0.743848,0.060547,0.718262,0.221191,10240,6131943,321,57249,30,314
5860,17.093,8.48,7.593304,7.352173,0.241131,581.6967,0.75166,0.058203,0.721777,0.22002,10240,5956574,312,57263,31,314
5880,17.173,8.524,7.596219,7.355713,0.240506,572.5626,0.756348,0.057129,0.721582,0.221289,10240,5863041,324,57278,30,314
5900,17.218,8.55,7.595534,7.344482,0.251052,626.7318,0.750684,0.063574,0.715918,0.220508,10240,6417734,325,57201,31,314
5920,17.259,8.572,7.591805,7.332764,0.259041,630.2914,0.742285,0.06416,0.719336,0.216504,10240,6454184,291,57082,31,314
5940,17.301,8.594,7.585642,7.309937,0.275706,633.7846,0.747266,0.064551,0.723828,0.211621,10240,6489954,334,56884,33,314
5960,17.342,8.616,7.583099,7.317993,0.265106,638.739,0.748438,0.064844,0.726953,0.208203,10240,6540687,331,56943,31,314
5980,17.384,8.637,7.579515,7.321655,0.25786,620.1511,0.740039,0.062988,0.728516,0.208496,10240,6350347,342,57037,34,314
6000,17.43,8.658,7.572972,7.319946,0.253026,613.1874,0.747754,0.061914,0.734863,0.203223,10240,6279039,301,57068,35,314
6020,17.497,8.69,7.572052,7.325073,0.246979,624.9512,0.750293,0.063379,0.734961,0.20166,10240,6399500,307,57159,35,314
6040,17.544,8.716,7.574731,7.344238,0.230493,653.534,0.763965,0.066992,0.731348,0.20166,10240,6692188,339,57303,36,314
6060,17.589,8.739,7.570707,7.341309,0.229398,623.3383,0.776465,0.062695,0.737598,0.199707,10240,6382984,309,57273,36,315
6080,17.629,8.761,7.571029,7.344238,0.226791,628.6733,0.77998,0.063672,0.746387,0.189941,10240,6437615,306,57315,36,315
6100,17.689,8.783,7.570589,7.341309,0.229281,633.5418,0.781152,0.063965,0.755566,0.180469,10240,6487468,291,57316,34,315
6120,17.748,8.824,7.569306,7.343872,0.225434,630.3255,0.791992,0.063574,0.757129,0.179297,10240,6454533,308,57336,33,315
6140,17.789,8.846,7.569692,7.346191,0.223501,609.9481,0.785449,0.06123,0.75459,0.18418,10240,6245869,303,57419,32,315
6160,17.828,8.867,7.565077,7.34375,0.221327,608.8243,0.795801,0.061133,0.760156,0.178711,10240,6234361,338,57353,34,317
6180,17.869,8.888,7.561509,7.334473,0.227037,600.8761,0.805371,0.060352,0.75918,0.180469,10240,6152971,337,57313,34,317
6200,17.909,8.91,7.551984,7.326172,0.225813,595.8222,0.811035,0.05957,0.761914,0.178516,10240,6101219,314,57276,33,317
6220,17.952,8.931,7.541924,7.322998,0.218926,603.7232,0.81582,0.060547,0.76123,0.178223,10240,6182126,300,57278,30,317
6240,17.993,8.953,7.548502,7.330933,0.217569,606.3011,0.804199,0.060938,0.761914,0.177148,10240,6208523,297,57345,30,319
6260,18.034,8.975,7.544813,7.332397,0.212415,612.2614,0.799219,0.061621,0.764844,0.173535,10240,6269557,300,57360,33,322
6280,18.074,8.996,7.550478,7.338257,0.212221,598.331,0.802539,0.059863,0.764941,0.175195,10240,6126909,323,57351,34,323
6300,18.117,9.018,7.553532,7.349243,0.204289,602.4769,0.802246,0.060547,0.764258,0.175195,10240,6169363,319,57402,31,323
6320,18.157,9.039,7.549898,7.34668,0.203218,586.7245,0.801758,0.058398,0.765918,0.175684,10240,6008059,347,57437,30,323
6340,18.196,9.06,7.547269,7.333252,0.214017,587.869,0.805273,0.058496,0.771289,0.170215,10240,6019779,314,57359,30,323
6360,18.268,9.093,7.554718,7.338013,0.216705,575.4832,0.808105,0.057129,0.771387,0.171484,10240,5892948,323,57378,30,323
6380,18.343,9.134,7.547865,7.335693,0.212172,587.0597,0.812793,0.058203,0.774316,0.16748,10240,6011491,325,57360,28,324
6400,18.423,9.175,7.550123,7.339478,0.210646,583.6489,0.819531,0.058203,0.775879,0.165918,10240,5976565,309,57434,28,324
6420,18.466,9.2,7.550218,7.339478,0.210741,583.7621,0.822754,0.058008,0.773438,0.168555,10240,5977724,321,57382,30,324
6440,18.507,9.221,7.557019,7.336182,0.220837,582.2492,0.825,0.057812,0.773633,0.168555,10240,5962232,333,57327,31,324
6460,18.546,9.242,7.55718,7.332031,0.225149,571.7276,0.832227,0.056348,0.785059,0.158594,10240,5854491,316,57303,32,324
6480,18.585,9.262,7.565048,7.345703,0.219345,564.5761,0.823926,0.055664,0.791895,0.152441,10240,5781259,309,57396,31,325
6500,18.624,9.283,7.563513,7.347656,0.215857,574.8487,0.820605,0.056836,0.785059,0.158105,10240,5886451,322,57397,31,325
6520,18.665,9.305,7.5632,7.338257,0.224943,615.0161,0.824609,0.061621,0.78457,0.153809,10240,6297765,336,57313,32,325
6540,18.729,9.331,7.558915,7.335571,0.223344,615.7508,0.824512,0.061816,0.79248,0.145703,10240,6305288,288,57345,33,325
6560,18.811,9.377,7.559136,7.310547,0.248589,639.0954,0.822949,0.064551,0.790625,0.144824,10240,6544337,292,57148,30,325
6580,18.896,9.423,7.557072,7.315552,0.24152,622.4683,0.832031,0.0625,0.797461,0.140039,10240,6374075,314,57207,30,325
6600,18.94,9.449,7.551133,7.318481,0.232652,619.2699,0.820703,0.062305,0.79043,0.147266,10240,6341324,299,57260,31,325
6620,18.98,9.471,7.536918,7.3125,0.224418,629.687,0.824609,0.063672,0.791211,0.145117,10240,6447995,328,57230,28,325
6640,19.02,9.493,7.542064,7.308228,0.233837,619.9653,0.824609,0.062207,0.791895,0.145898,10240,6348445,317,57208,31,327
6660,19.06,9.514,7.543715,7.306274,0.23744,611.6182,0.82959,0.06123,0.800977,0.137793,10240,6262970,331,57160,31,327
6680,19.1,9.536,7.535822,7.291992,0.24383,605.8421,0.82373,0.060352,0.808105,0.131543,10240,6203823,316,57057,31,327
6700,19.144,9.559,7.535506,7.291626,0.24388,587.4779,0.834961,0.058008,0.818359,0.123633,10240,6015774,319,57093,30,327
6720,19.214,9.594,7.536816,7.275513,0.261303,592.0943,0.830371,0.058496,0.816504,0.125,10240,6063046,304,56997,31,327
6740,19.256,9.617,7.542282,7.286865,0.255416,608.4755,0.838574,0.060645,0.815234,0.124121,10240,6230789,309,57127,32,328
6760,19.297,9.64,7.545234,7.289307,0.255927,622.6383,0.840234,0.062305,0.822461,0.115234,10240,6375816,325,57109,32,328
6780,19.338,9.662,7.54962,7.306641,0.242979,616.3726,0.836816,0.061426,0.816211,0.122363,10240,6311655,307,57234,32,328
6800,19.386,9.685,7.540993,7.28186,0.259133,615.536,0.833789,0.061426,0.808105,0.130469,10240,6303089,327,57109,38,331
6820,19.433,9.713,7.555673,7.282471,0.273202,621.5421,0.834082,0.062109,0.811035,0.126855,10240,6364591,325,57035,33,331
6840,19.474,9.735,7.556777,7.295288,0.261489,624.732,0.831934,0.062891,0.803711,0.133398,10240,6397256,326,57179,36,333
6860,19.518,9.759,7.548066,7.2854,0.262666,627.1987,0.828125,0.063086,0.792578,0.144336,10240,6422515,298,57085,35,333
6880,19.625,9.817,7.541598,7.242798,0.2988,631.1641,0.825488,0.063379,0.805566,0.131055,10240,6463120,342,56828,37,335
6900,19.706,9.859,7.536168,7.241943,0.294225,611.9854,0.841211,0.061035,0.814551,0.124414,10240,6266730,322,56810,39,335
6920,19.762,9.896,7.53685,7.212524,0.324325,605.9607,0.839355,0.060254,0.817969,0.121777,10240,6205038,306,56682,35,335
6940,19.803,9.918,7.523939,7.185913,0.338026,620.7424,0.847656,0.061816,0.827539,0.110645,10240,6356402,285,56596,35,335
6960,19.843,9.94,7.532253,7.203369,0.328884,625.4935,0.858594,0.062598,0.831543,0.105859,10240,6405053,313,56684,44,340
6980,19.884,9.962,7.530946,7.194336,0.33661,631.5304,0.866699,0.063086,0.832031,0.104883,10240,6466871,299,56588,46,340
7000,19.925,9.985,7.517174,7.188477,0.328698,626.2148,0.87373,0.062598,0.832227,0.105176,10240,6412440,311,56710,47,340
7020,19.983,10.007,7.516609,7.188843,0.327766,588.6118,0.879297,0.05791,0.836523,0.105566,10240,6027385,325,56749,47,340
7040,20.063,10.049,7.506231,7.197876,0.308355,585.0155,0.878809,0.057617,0.833887,0.108496,10240,5990559,316,56899,46,340
7060,20.106,10.074,7.502138,7.185059,0.317079,569.9658,0.87832,0.055762,0.834082,0.110156,10240,5836450,299,56824,50,342
7080,20.146,10.094,7.511181,7.188477,0.322705,570.0971,0.874023,0.055762,0.842285,0.101953,10240,5837794,306,56831,53,344
7100,20.186,10.115,7.504479,7.191284,0.313195,571.8237,0.87373,0.055957,0.84541,0.098633,10240,5855475,301,56868,52,345
7120,20.226,10.137,7.49855,7.188354,0.310195,583.7328,0.874512,0.057324,0.855859,0.086816,10240,5977424,319,56900,49,345
7140,20.265,10.158,7.493339,7.191895,0.301444,556.1313,0.876953,0.053809,0.858008,0.088184,10240,5694785,314,56964,48,346
7160,20.348,10.199,7.497299,7.210938,0.286361,575.1735,0.874219,0.056055,0.86416,0.079785,10240,5889777,330,57094,49,346
7180,20.428,10.24,7.505428,7.222534,0.282894,581.4324,0.875293,0.056836,0.862793,0.080371,10240,5953868,316,57131,50,347
7200,20.504,10.281,7.493502,7.208618,0.284883,576.6726,0.875098,0.05625,0.859375,0.084375,10240,5905127,322,57085,45,348
7220,20.546,10.303,7.485183,7.210449,0.274733,580.6755,0.878906,0.056934,0.85127,0.091797,10240,5946117,316,57167,42,348
7240,20.586,10.324,7.472698,7.193237,0.27946,576.2146,0.877441,0.056445,0.84668,0.096875,10240,5900437,303,57050,40,348
7260,20.627,10.345,7.460438,7.202271,0.258167,553.7104,0.885645,0.053418,0.856543,0.090039,10240,5669995,315,57161,38,348
7280,20.669,10.366,7.463223,7.207275,0.255947,536.2256,0.883887,0.051465,0.861523,0.087012,10240,5490950,321,57208,38,348
7300,20.709,10.386,7.467716,7.234375,0.233341,528.0898,0.879883,0.050586,0.860547,0.088867,10240,5407640,317,57319,35,348
7320,20.748,10.407,7.468019,7.243408,0.224611,520.8058,0.877051,0.049707,0.859375,0.090918,10240,5333051,331,57388,36,348
7340,20.787,10.426,7.467728,7.24707,0.220657,499.7505,0.876074,0.046973,0.857422,0.095605,10240,5117445,295,57413,35,348
7360,20.843,10.446,7.461108,7.25647,0.204638,482.1128,0.875098,0.044727,0.852051,0.103223,10240,4936835,328,57519,32,348
7380,20.923,10.485,7.452999,7.247559,0.20544,489.0424,0.880566,0.045508,0.85752,0.096973,10240,5007794,325,57517,31,348
7400,20.999,10.525,7.456749,7.262817,0.193932,500.7257,0.884668,0.04707,0.857422,0.095508,10240,5127431,293,57588,28,348
7420,21.077,10.56,7.460676,7.2771,0.183577,474.4543,0.882422,0.043848,0.858105,0.098047,10240,4858412,318,57620,27,348
7440,21.151,10.599,7.454944,7.276611,0.178332,481.3461,0.874414,0.044727,0.859277,0.095996,10240,4928984,316,57655,25,348
7460,21.229,10.643,7.453974,7.281372,0.172602,469.1358,0.880566,0.043164,0.860938,0.095898,10240,4803951,328,57701,23,348
7480,21.287,10.682,7.454902,7.289062,0.165839,481.7254,0.874414,0.044727,0.862598,0.092676,10240,4932868,349,57694,23,348
7500,21.325,10.701,7.440949,7.289062,0.151887,469.5086,0.878418,0.043164,0.859863,0.096973,10240,4807768,333,57740,22,348
7520,21.363,10.72,7.436992,7.275024,0.161968,467.0896,0.880957,0.042676,0.861328,0.095996,10240,4782997,351,57620,22,349
7540,21.401,10.738,7.441658,7.28125,0.160408,447.2994,0.883008,0.04043,0.863672,0.095898,10240,4580346,306,57692,20,349
7560,21.438,10.757,7.450789,7.299316,0.151473,451.7776,0.876465,0.041016,0.854785,0.104199,10240,4626203,302,57766,21,351
7580,21.492,10.791,7.447504,7.300171,0.147333,449.0731,0.881543,0.040918,0.849609,0.109473,10240,4598509,297,57765,20,351
7600,21.53,10.81,7.444064,7.300049,0.144015,456.3646,0.879297,0.041699,0.853809,0.104492,10240,4673173,292,57714,16,351
7620,21.579,10.829,7.447473,7.294434,0.153039,457.8599,0.872656,0.041895,0.853516,0.10459,10240,4688485,333,57722,15,351
7640,21.657,10.864,7.452916,7.297607,0.155309,448.5686,0.878125,0.040723,0.859961,0.099316,10240,4593342,353,57617,15,351
7660,21.73,10.898,7.454986,7.309326,0.145659,450.4843,0.871484,0.041016,0.852832,0.106152,10240,4612959,323,57728,17,353
7680,21.802,10.937,7.443027,7.301514,0.141513,442.001,0.864844,0.040039,0.848926,0.111035,10240,4526090,277,57661,17,353
7700,21.872,10.955,7.440476,7.285645,0.154831,450.6796,0.866992,0.041016,0.851367,0.107617,10240,4614959,329,57531,17,353
7720,21.91,10.975,7.456904,7.297852,0.159052,475.415,0.863184,0.044141,0.849219,0.106641,10240,4868250,334,57580,15,353
7740,21.949,10.994,7.462294,7.311646,0.150649,471.7016,0.853906,0.043555,0.850293,0.106152,10240,4830224,322,57622,14,353
7760,21.988,11.013,7.470083,7.320435,0.149649,480.2132,0.854785,0.044629,0.84707,0.108301,10240,4917383,281,57614,14,353
7780,22.028,11.034,7.464319,7.310547,0.153772,471.5728,0.850391,0.04375,0.844141,0.112109,10240,4828905,336,57603,16,355
7800,22.066,11.053,7.461293,7.314941,0.146351,474.9213,0.85127,0.044043,0.847168,0.108789,10240,4863194,331,57659,16,355
7820,22.136,11.084,7.4666,7.325806,0.140794,479.6698,0.857129,0.044434,0.85791,0.097656,10240,4911819,322,57712,16,355
7840,22.211,11.124,7.464233,7.318726,0.145508,497.1475,0.862207,0.046582,0.857422,0.095996,10240,5090790,307,57640,17,355
7860,22.26,11.155,7.457566,7.321411,0.136155,486.277,0.858105,0.04502,0.855273,0.099707,10240,4979476,344,57605,17,355
7880,22.297,11.174,7.454545,7.323853,0.130693,465.1089,0.858887,0.042383,0.860059,0.097559,10240,4762715,316,57648,16,355
7900,22.335,11.193,7.455687,7.326904,0.128782,467.7132,0.869336,0.042871,0.860449,0.09668,10240,4789383,324,57615,14,355
7920,22.372,11.212,7.447827,7.324219,0.123608,460.92,0.863281,0.041992,0.861523,0.096484,10240,4719821,334,57674,16,357
7940,22.409,11.231,7.451437,7.32312,0.128316,465.8488,0.85127,0.04248,0.858691,0.098828,10240,4770292,299,57683,15,357
7960,22.447,11.251,7.462683,7.326782,0.135901,466.1092,0.85293,0.042676,0.861816,0.095508,10240,4772958,298,57585,13,357
7980,22.484,11.27,7.46231,7.31958,0.14273,459.3958,0.858691,0.041895,0.861621,0.096484,10240,4704213,303,57549,15,357
8000,22.581,11.308,7.454778,7.309937,0.144842,460.9128,0.853027,0.041895,0.866113,0.091992,10240,4719747,302,57529,15,357
8020,22.667,11.356,7.452584,7.314819,0.137765,464.1254,0.847656,0.04248,0.86582,0.091699,10240,4752644,331,57537,16,357
8040,22.742,11.392,7.462844,7.323242,0.139602,469.6415,0.849609,0.042969,0.862598,0.094434,10240,4809129,298,57547,18,357
8060,22.853,11.439,7.466078,7.33313,0.132948,446.9443,0.853906,0.04043,0.863379,0.096191,10240,4576710,285,57610,22,359
8080,22.967,11.501,7.470302,7.346802,0.1235,448.4,0.858594,0.040527,0.864062,0.09541,10240,4591616,286,57669,20,359
8100,23.048,11.544,7.474922,7.34729,0.127632,451.3108,0.854883,0.04082,0.864941,0.094238,10240,4621423,317,57732,19,359
8120,23.129,11.578,7.485429,7.369995,0.115434,453.9153,0.858594,0.041211,0.867773,0.091016,10240,4648093,308,57792,18,359
8140,23.204,11.613,7.487199,7.369385,0.117814,461.3903,0.857422,0.042188,0.868066,0.089746,10240,4724637,304,57815,18,359
8160,23.278,11.653,7.492227,7.377441,0.114785,480.9718,0.861523,0.044434,0.870117,0.085449,10240,4925151,341,57828,18,359
8180,23.355,11.692,7.49025,7.383789,0.106461,483.3374,0.865332,0.044922,0.863086,0.091992,10240,4949375,312,57857,18,359
8200,23.433,11.731,7.485653,7.387085,0.098568,483.3363,0.860156,0.044922,0.853516,0.101562,10240,4949364,354,57866,18,359
8220,23.475,11.755,7.478084,7.381348,0.096737,490.4873,0.856543,0.045898,0.846582,0.10752,10240,5022590,304,57859,18,359
8240,23.516,11.775,7.493582,7.397339,0.096243,500.8239,0.854785,0.047168,0.844141,0.108691,10240,5128437,317,57885,19,359
8260,23.572,11.804,7.497967,7.410522,0.087444,476.8905,0.854883,0.044043,0.84375,0.112207,10240,4883359,302,57926,16,359
8280,23.614,11.827,7.499742,7.402954,0.096788,444.8443,0.858496,0.039941,0.84873,0.111328,10240,4555206,332,57858,14,359
8300,23.652,11.846,7.502352,7.405884,0.096469,449.568,0.857227,0.040332,0.852246,0.107422,10240,4603576,327,57838,14,359
8320,23.717,11.872,7.496046,7.391968,0.104078,461.121,0.861621,0.041895,0.855273,0.102832,10240,4721879,322,57773,14,359
8340,23.797,11.913,7.494324,7.363525,0.130799,491.4764,0.865625,0.045508,0.858203,0.096289,10240,5032718,292,57563,13,359
8360,23.876,11.953,7.494258,7.365356,0.128901,484.2224,0.862012,0.044629,0.865723,0.089648,10240,4958437,333,57585,15,359
8380,23.951,11.992,7.485557,7.352173,0.133384,482.4718,0.86543,0.044629,0.861719,0.093652,10240,4940511,335,57587,15,359
8400,24.029,12.031,7.482614,7.346924,0.13569,496.0792,0.862012,0.046582,0.842383,0.111035,10240,5079851,330,57568,16,359
8420,24.103,12.071,7.473603,7.357178,0.116426,510.0396,0.856836,0.048242,0.840625,0.111133,10240,5222805,322,57688,18,359
8440,24.182,12.107,7.480241,7.361572,0.118668,515.447,0.854492,0.049121,0.84043,0.110449,10240,5278177,326,57711,20,360
8460,24.26,12.146,7.482836,7.375977,0.106859,495.2747,0.849902,0.04668,0.844629,0.108691,10240,5071613,322,57750,21,360
8480,24.334,12.186,7.478532,7.369263,0.10927,503.5181,0.848828,0.047656,0.829785,0.122559,10240,5156025,329,57766,22,360
8500,24.413,12.226,7.482046,7.363647,0.118399,512.9499,0.852246,0.048926,0.825781,0.125293,10240,5252607,340,57737,21,360
8520,24.492,12.266,7.490479,7.381226,0.109253,504.3245,0.849414,0.047949,0.832617,0.119434,10240,5164283,320,57780,22,360
8540,24.566,12.305,7.489293,7.377808,0.111485,502.9207,0.848828,0.047656,0.833105,0.119238,10240,5149908,314,57750,22,360
8560,24.644,12.345,7.487848,7.372681,0.115167,505.6556,0.857031,0.047949,0.834961,0.11709,10240,5177913,342,57712,22,360
8580,24.719,12.385,7.493433,7.380493,0.11294,528.496,0.859766,0.050781,0.831934,0.117285,10240,5411799,308,57687,26,362
8600,24.799,12.431,7.500096,7.3927,0.107395,547.3979,0.853516,0.053125,0.831836,0.115039,10240,5605355,329,57725,22,362
8620,24.881,12.474,7.506694,7.390991,0.115703,553.4099,0.85498,0.053809,0.833789,0.112402,10240,5666917,347,57691,23,362
8640,24.961,12.515,7.50791,7.396851,0.111059,562.1646,0.858398,0.054883,0.837207,0.10791,10240,5756566,320,57730,26,364
8660,25.04,12.556,7.51923,7.395874,0.123356,555.0239,0.851465,0.054004,0.840625,0.105371,10240,5683445,328,57662,25,364
8680,25.098,12.596,7.516316,7.390991,0.125324,536.4386,0.854297,0.05166,0.842969,0.105371,10240,5493131,308,57606,22,364
8700,25.137,12.617,7.521605,7.390991,0.130614,540.9865,0.845605,0.052246,0.837891,0.109863,10240,5539702,286,57587,23,364
8720,25.176,12.637,7.511092,7.371216,0.139876,523.6914,0.855762,0.05,0.843262,0.106738,10240,5362600,301,57496,23,364
8740,25.215,12.657,7.510386,7.361328,0.149058,536.9932,0.862207,0.051562,0.846777,0.10166,10240,5498810,319,57437,23,364
8760,25.255,12.679,7.512613,7.365112,0.147501,571.6519,0.862402,0.055859,0.840039,0.104102,10240,5853715,331,57469,22,364
8780,25.294,12.7,7.509452,7.368164,0.141288,575.7424,0.861816,0.056543,0.8375,0.105957,10240,5895602,282,57526,23,364
8800,25.367,12.733,7.513956,7.370728,0.143228,590.078,0.854883,0.058398,0.830762,0.11084,10240,6042399,313,57569,25,364
8820,25.447,12.778,7.506885,7.373291,0.133593,603.9847,0.853125,0.060059,0.825,0.114941,10240,6184803,358,57640,24,364
8840,25.526,12.824,7.498818,7.362183,0.136635,598.5177,0.852246,0.059277,0.819727,0.120996,10240,6128821,320,57541,25,364
8860,25.612,12.865,7.500214,7.368652,0.131562,580.2008,0.850684,0.057129,0.817188,0.125684,10240,5941256,308,57622,23,364
8880,25.692,12.906,7.496379,7.360596,0.135783,574.4194,0.846582,0.056348,0.820117,0.123535,10240,5882055,291,57538,23,364
8900,25.755,12.947,7.50462,7.373413,0.131207,574.4034,0.850977,0.056543,0.825098,0.118359,10240,5881891,308,57627,22,364
8920,25.794,12.967,7.510099,7.369873,0.140226,551.3297,0.850488,0.053711,0.819629,0.12666,10240,5645616,323,57520,24,364
8940,25.833,12.988,7.510952,7.36438,0.146572,577.1611,0.84248,0.056836,0.820996,0.122168,10240,5910130,298,57465,24,364
8960,25.873,13.009,7.51645,7.368652,0.147798,564.8612,0.835352,0.055371,0.814746,0.129883,10240,5784179,372,57471,24,364
8980,25.912,13.03,7.522685,7.373779,0.148906,548.902,0.831445,0.05332,0.809766,0.136914,10240,5620756,315,57515,24,364
9000,25.957,13.051,7.521392,7.37085,0.150542,565.9661,0.82998,0.055664,0.808496,0.13584,10240,5795493,318,57505,25,364
9020,25.996,13.071,7.525358,7.376831,0.148527,543.5862,0.836621,0.052734,0.809766,0.1375,10240,5566323,352,57540,28,364
9040,26.036,13.092,7.522953,7.380249,0.142704,534.647,0.830176,0.051855,0.809668,0.138477,10240,5474785,312,57598,31,366
9060,26.076,13.112,7.52738,7.391602,0.135778,536.6132,0.837598,0.051953,0.817285,0.130762,10240,5494919,318,57654,30,366
9080,26.114,13.132,7.528118,7.392212,0.135907,538.7943,0.835742,0.051953,0.819336,0.128711,10240,5517254,334,57658,29,366
9100,26.153,13.153,7.535831,7.405151,0.13068,528.9739,0.833398,0.050977,0.819629,0.129395,10240,5416693,308,57693,28,366
9120,26.192,13.173,7.537054,7.417603,0.119451,537.0604,0.842676,0.051855,0.82041,0.127734,10240,5499499,290,57754,26,366
9140,26.267,13.213,7.54461,7.431885,0.112725,540.2368,0.83623,0.052344,0.818164,0.129492,10240,5532025,346,57834,25,366
9160,26.307,13.233,7.546691,7.438599,0.108092,556.9489,0.838965,0.054395,0.81748,0.128125,10240,5703157,334,57867,22,366
9180,26.346,13.253,7.561454,7.439575,0.121878,539.3196,0.834766,0.052344,0.81416,0.133496,10240,5522633,298,57809,21,366
9200,26.386,13.274,7.559845,7.445557,0.114288,542.8138,0.833984,0.052734,0.8125,0.134766,10240,5558413,306,57859,21,366
9220,26.425,13.295,7.554658,7.427368,0.12729,549.0735,0.845801,0.053223,0.827051,0.119727,10240,5622513,343,57706,19,366
9240,26.464,13.316,7.555035,7.421631,0.133404,543.8242,0.849023,0.052734,0.828613,0.118652,10240,5568760,295,57649,19,366
9260,26.512,13.336,7.553877,7.406982,0.146895,553.6006,0.853613,0.053711,0.837207,0.109082,10240,5668870,313,57593,20,366
9280,26.587,13.377,7.554036,7.395386,0.15865,544.819,0.86123,0.052734,0.837012,0.110254,10240,5578947,310,57482,18,366
9300,26.666,13.421,7.543918,7.389282,0.154635,567.365,0.85332,0.055273,0.84043,0.104297,10240,5809818,319,57470,20,366
9320,26.746,13.466,7.54258,7.392212,0.150368,554.3684,0.846191,0.053613,0.847363,0.099023,10240,5676732,302,57424,22,366
9340,26.828,13.507,7.552347,7.388672,0.163675,566.2321,0.847559,0.055273,0.839551,0.105176,10240,5798217,291,57368,21,366
9360,26.908,13.548,7.552031,7.397583,0.154448,559.2245,0.845801,0.054395,0.843555,0.102051,10240,5726459,342,57426,20,366
9380,26.988,13.589,7.556683,7.396484,0.160198,557.0349,0.840625,0.054199,0.83877,0.107031,10240,5704037,306,57393,20,366
9400,27.068,13.629,7.555052,7.401733,0.153319,570.1575,0.843945,0.055859,0.834766,0.109375,10240,5838413,307,57413,21,366
9420,27.143,13.67,7.566221,7.413696,0.152525,560.8404,0.836914,0.054785,0.831445,0.11377,10240,5743006,342,57461,22,366
9440,27.222,13.714,7.571119,7.422241,0.148878,554.0639,0.838379,0.053613,0.842773,0.103613,10240,5673614,344,57482,20,366
9460,27.274,13.747,7.565241,7.415894,0.149347,556.771,0.835938,0.054004,0.835059,0.110938,10240,5701335,336,57495,19,366
9480,27.313,13.768,7.57126,7.414795,0.156465,569.6569,0.840918,0.055566,0.834375,0.110059,10240,5833287,305,57496,21,366
9500,27.353,13.789,7.575694,7.429199,0.146495,571.0166,0.833984,0.055664,0.829883,0.114453,10240,5847210,345,57524,22,366
9520,27.394,13.809,7.582087,7.423828,0.158259,582.5221,0.836816,0.057031,0.830273,0.112695,10240,5965026,326,57480,20,366
9540,27.433,13.83,7.575143,7.423096,0.152047,583.9518,0.835547,0.057031,0.827734,0.115234,10240,5979666,311,57522,21,366
9560,27.498,13.859,7.575113,7.420166,0.154947,579.593,0.847852,0.056543,0.826758,0.116699,10240,5935032,325,57544,23,366
9580,27.579,13.9,7.587936,7.426514,0.161422,584.3306,0.843848,0.057031,0.82998,0.112988,10240,5983545,347,57508,22,366
9600,27.659,13.945,7.583087,7.427734,0.155353,584.8601,0.842285,0.057227,0.839062,0.103711,10240,5988967,302,57572,24,366
9620,27.738,13.994,7.588135,7.435425,0.15271,579.4311,0.837793,0.056738,0.833008,0.110254,10240,5933374,334,57587,22,366
9640,27.782,14.019,7.590685,7.421875,0.16881,585.5738,0.832617,0.057715,0.825684,0.116602,10240,5996276,314,57443,23,366
9660,27.822,14.04,7.588209,7.408691,0.179517,589.7203,0.833594,0.058398,0.815625,0.125977,10240,6038736,340,57379,25,366
9680,27.864,14.063,7.588784,7.3927,0.196083,566.7622,0.840723,0.055078,0.818457,0.126465,10240,5803645,308,57279,25,366
9700,27.902,14.083,7.584626,7.389893,0.194734,533.7576,0.830371,0.050977,0.815234,0.133789,10240,5465678,300,57294,26,366
9720,27.948,14.103,7.574591,7.38269,0.191901,542.3993,0.821875,0.052441,0.812109,0.135449,10240,5554169,329,57349,28,367
9740,27.988,14.124,7.575803,7.387085,0.188718,548.3063,0.825195,0.053027,0.812988,0.133984,10240,5614657,313,57362,29,367
9760,28.028,14.144,7.583515,7.402832,0.180683,570.0838,0.831934,0.055859,0.80957,0.13457,10240,5837658,330,57410,30,367
9780,28.068,14.166,7.587435,7.408691,0.178744,580.1587,0.834766,0.056738,0.81084,0.132422,10240,5940825,306,57479,29,367
9800,28.107,14.187,7.591488,7.417969,0.17352,597.3104,0.829688,0.058887,0.800879,0.140234,10240,6116458,318,57519,27,367
9820,28.155,14.208,7.589355,7.413574,0.175781,599.5961,0.822656,0.058496,0.804199,0.137305,10240,6139864,295,57499,30,369
9840,28.251,14.243,7.591448,7.398682,0.192766,586.1677,0.823145,0.057031,0.809863,0.133105,10240,6002357,294,57361,30,369
9860,28.336,14.288,7.595498,7.388306,0.207192,613.2813,0.824414,0.060352,0.806445,0.133203,10240,6280001,342,57272,29,369
9880,28.399,14.329,7.604329,7.39209,0.212239,603.9195,0.822559,0.059277,0.811133,0.12959,10240,6184136,310,57247,27,369
9900,28.438,14.35,7.604936,7.390381,0.214556,592.9846,0.841016,0.058008,0.811914,0.130078,10240,6072162,315,57265,26,369
9920,28.478,14.37,7.59756,7.388428,0.209132,581.1279,0.833301,0.056836,0.802148,0.141016,10240,5950750,311,57319,28,369
9940,28.517,14.391,7.594438,7.385742,0.208696,592.7159,0.832617,0.058301,0.799805,0.141895,10240,6069411,305,57339,31,369
9960,28.557,14.412,7.595601,7.398926,0.196675,594.5479,0.830176,0.058496,0.800391,0.141113,10240,6088171,308,57412,29,369
9980,28.596,14.433,7.596896,7.407471,0.189425,597.5256,0.817969,0.05918,0.792676,0.148145,10240,6118662,338,57459,29,369
10000,28.64,14.454,7.603005,7.385742,0.217263,603.3483,0.822852,0.059863,0.792383,0.147754,10240,6178287,294,57271,29,369
10020,28.689,14.474,7.606036,7.403687,0.20235,576.1579,0.82207,0.056348,0.796875,0.146777,10240,5899857,315,57381,28,369
10040,28.753,14.51,7.606665,7.389893,0.216772,572.6801,0.816895,0.056055,0.799316,0.144629,10240,5864244,348,57283,28,369
10060,28.801,14.538,7.613744,7.394287,0.219456,562.5329,0.827637,0.054688,0.803516,0.141797,10240,5760337,283,57307,32,374
10080,28.84,14.558,7.60669,7.396973,0.209717,554.9205,0.835156,0.053809,0.80459,0.141602,10240,5682386,295,57406,34,376
10100,28.884,14.583,7.613206,7.398438,0.214768,567.197,0.838281,0.055273,0.807617,0.137109,10240,5808097,322,57371,34,376
10120,28.925,14.603,7.61577,7.409546,0.206224,575.8207,0.844238,0.056641,0.808887,0.134473,10240,5896404,333,57433,34,377
10140,28.971,14.625,7.616797,7.406616,0.210181,565.7188,0.84502,0.05498,0.80918,0.13584,10240,5792961,258,57379,35,377
10160,29.01,14.644,7.619893,7.407593,0.212301,525.9085,0.841113,0.05,0.807129,0.142871,10240,5385303,321,57353,35,377
10180,29.048,14.664,7.620854,7.407715,0.213139,523.2857,0.838574,0.049707,0.802246,0.148047,10240,5358446,304,57340,36,377
10200,29.088,14.684,7.621726,7.412842,0.208884,553.1673,0.827637,0.053613,0.797266,0.149121,10240,5664433,311,57374,34,377
10220,29.127,14.704,7.627233,7.421265,0.205969,548.5438,0.828125,0.052539,0.797754,0.149707,10240,5617088,321,57383,34,377
10240,29.165,14.724,7.619969,7.424805,0.195165,531.3105,0.829785,0.050391,0.797656,0.151953,10240,5440620,333,57446,32,377
10260,29.206,14.744,7.617137,7.420532,0.196605,527.8514,0.828613,0.050391,0.787012,0.162598,10240,5405198,329,57441,33,377
10280,29.266,14.763,7.615273,7.431152,0.18412,500.9603,0.823535,0.047363,0.777637,0.175,10240,5129833,287,57490,32,377
10300,29.345,14.802,7.61183,7.420898,0.190932,523.4501,0.817383,0.050391,0.774414,0.175195,10240,5360129,319,57478,30,377
10320,29.424,14.841,7.610262,7.416748,0.193514,509.2914,0.800391,0.04873,0.765332,0.185938,10240,5215144,314,57466,29,377
10340,29.499,14.881,7.602969,7.395874,0.207095,513.2646,0.790039,0.049121,0.7625,0.188379,10240,5255829,327,57309,26,377
10360,29.579,14.917,7.601353,7.374878,0.226475,522.4225,0.791211,0.050293,0.762598,0.187109,10240,5349606,304,57128,26,377
10380,29.658,14.957,7.604422,7.376709,0.227713,493.8179,0.783398,0.047168,0.757422,0.19541,10240,5056695,298,57155,28,381
10400,29.724,14.995,7.607315,7.377441,0.229873,494.9321,0.783691,0.046777,0.75459,0.198633,10240,5068105,325,57161,28,381
10420,29.763,15.015,7.61072,7.385376,0.225344,513.5856,0.777734,0.049316,0.746191,0.204492,10240,5259117,303,57191,30,381
10440,29.8,15.033,7.610011,7.386475,0.223537,501.8766,0.778418,0.048047,0.740137,0.211816,10240,5139216,324,57218,32,381
10460,29.838,15.053,7.609719,7.370239,0.23948,537.24,0.781836,0.052344,0.732812,0.214844,10240,5501338,330,57138,30,381
10480,29.879,15.073,7.601596,7.353394,0.248203,574.1184,0.778809,0.057129,0.732227,0.210645,10240,5878972,308,57045,32,382
10500,29.917,15.093,7.595483,7.346558,0.248926,548.3495,0.767773,0.054102,0.72334,0.222559,10240,5615099,306,56995,30,382
10520,29.957,15.114,7.601332,7.347778,0.253554,558.598,0.77168,0.055371,0.729492,0.215137,10240,5720044,315,57001,33,382
10540,30.001,15.139,7.595018,7.338867,0.256151,542.271,0.769141,0.053418,0.726074,0.220508,10240,5552855,318,56984,35,382
10560,30.044,15.16,7.589231,7.339111,0.25012,553.2845,0.759375,0.054492,0.727637,0.217871,10240,5665633,307,57002,36,382
10580,30.083,15.18,7.590524,7.344849,0.245676,539.2891,0.766992,0.053027,0.724121,0.222852,10240,5522320,290,57042,38,383
10600,30.122,15.2,7.587187,7.342163,0.245024,559.184,0.759668,0.055371,0.720215,0.224414,10240,5726044,311,57102,40,383
10620,30.162,15.22,7.582665,7.327271,0.255395,564.8482,0.76543,0.056152,0.726465,0.217383,10240,5784046,322,57037,40,385
10640,30.201,15.24,7.581042,7.308105,0.272937,556.0945,0.763477,0.05498,0.733594,0.211426,10240,5694408,294,56842,39,385
10660,30.257,15.26,7.586848,7.300171,0.286677,564.4794,0.765723,0.055859,0.74209,0.202051,10240,5780269,326,56737,39,385
10680,30.336,15.3,7.585807,7.305664,0.280143,551.0569,0.763574,0.054492,0.744727,0.200781,10240,5642823,306,56783,37,385
10700,30.383,15.327,7.588245,7.311401,0.276844,525.1416,0.772168,0.050586,0.749707,0.199707,10240,5377450,298,56876,36,386
10720,30.421,15.346,7.587544,7.310547,0.276997,519.849,0.786328,0.050391,0.748633,0.200977,10240,5323254,303,56912,38,386
10740,30.46,15.366,7.587426,7.320435,0.266991,527.1568,0.788867,0.051172,0.750781,0.198047,10240,5398086,316,56979,40,386
10760,30.499,15.385,7.588145,7.311523,0.276622,530.489,0.790918,0.051562,0.747559,0.200879,10240,5432207,336,56985,39,386
10780,30.538,15.405,7.596395,7.326172,0.270223,546.9523,0.791699,0.053809,0.743555,0.202637,10240,5600792,328,57096,39,386
10800,30.577,15.425,7.597185,7.310181,0.287005,531.734,0.78457,0.051758,0.740039,0.208203,10240,5444956,313,56938,39,386
10820,30.616,15.445,7.599141,7.304932,0.294209,525.7622,0.786719,0.051172,0.732031,0.216797,10240,5383805,279,56906,37,386
10840,30.654,15.464,7.59829,7.305298,0.292992,525.121,0.789258,0.051074,0.74043,0.208496,10240,5377239,334,56928,36,386
10860,30.726,15.496,7.602832,7.310913,0.291919,510.9196,0.794043,0.049121,0.745898,0.20498,10240,5231817,320,56935,34,386
10880,30.804,15.535,7.604536,7.314697,0.289838,512.2332,0.791895,0.049512,0.749219,0.20127,10240,5245268,302,56972,34,386
10900,30.884,15.57,7.60581,7.303955,0.301855,493.2934,0.783984,0.046777,0.75625,0.196973,10240,5051324,306,56850,34,386
10920,30.99,15.627,7.60482,7.305542,0.299278,473.5978,0.788965,0.044336,0.756055,0.199609,10240,4849641,325,56952,35,387
10940,31.073,15.665,7.602808,7.304443,0.298365,471.5839,0.786621,0.04375,0.751074,0.205176,10240,4829019,318,56920,37,388
10960,31.147,15.7,7.605058,7.313354,0.291703,463.9962,0.794922,0.043066,0.751074,0.205859,10240,4751321,303,56976,37,390
10980,31.224,15.738,7.604312,7.307861,0.296451,479.9202,0.790332,0.04541,0.75918,0.19541,10240,4914383,326,56974,36,390
11000,31.298,15.773,7.611335,7.308472,0.302863,480.129,0.802832,0.045215,0.771289,0.183496,10240,4916521,327,56962,37,390
11020,31.376,15.811,7.614287,7.307861,0.306426,491.3791,0.81123,0.046289,0.779492,0.174219,10240,5031722,310,56941,36,390
11040,31.45,15.845,7.619118,7.280518,0.3386,471.5491,0.816797,0.043457,0.781152,0.175391,10240,4828663,331,56687,33,390
11060,31.528,15.884,7.616959,7.259766,0.357193,468.4746,0.817285,0.043359,0.793262,0.163379,10240,4797180,309,56560,33,390
11080,31.602,15.918,7.616889,7.257202,0.359687,481.971,0.81123,0.04541,0.793652,0.160938,10240,4935383,311,56519,33,390
11100,31.675,15.956,7.619685,7.26709,0.352595,444.3742,0.806934,0.04043,0.794727,0.164844,10240,4550392,307,56602,35,390
11120,31.752,15.99,7.624607,7.261841,0.362766,457.051,0.798438,0.041699,0.788867,0.169434,10240,4680202,317,56589,41,394
11140,31.825,16.024,7.623242,7.259888,0.363355,428.4636,0.798828,0.038477,0.792773,0.16875,10240,4387467,330,56534,42,394
11160,31.898,16.057,7.620593,7.259521,0.361071,429.9429,0.797363,0.03877,0.794922,0.166309,10240,4402615,334,56595,43,395
11180,31.976,16.095,7.624703,7.254517,0.370186,453.4999,0.806348,0.041504,0.796875,0.161621,10240,4643839,320,56501,43,395
11200,32.049,16.129,7.626855,7.240234,0.386621,435.5607,0.80459,0.03916,0.80957,0.15127,10240,4460142,326,56428,43,395
11220,32.122,16.162,7.625947,7.248169,0.377778,428.6229,0.805176,0.038086,0.812695,0.149219,10240,4389098,315,56427,40,395
11240,32.195,16.2,7.616295,7.24353,0.372765,423.2967,0.809473,0.037402,0.814941,0.147656,10240,4334558,335,56445,40,395
11260,32.272,16.233,7.616784,7.252808,0.363976,423.4303,0.810352,0.037207,0.82041,0.142383,10240,4335926,318,56527,42,395
11280,32.347,16.268,7.614685,7.258301,0.356384,440.0074,0.816211,0.039258,0.825684,0.135059,10240,4505676,327,56603,44,395
11300,32.425,16.306,7.609607,7.25354,0.356067,444.233,0.817383,0.039844,0.824414,0.135742,10240,4548946,344,56609,49,398
11320,32.501,16.342,7.59975,7.248047,0.351703,445.12,0.82373,0.040137,0.830762,0.129102,10240,4558029,337,56671,47,398
11340,32.574,16.376,7.602733,7.250366,0.352367,431.0523,0.822949,0.038379,0.825,0.136621,10240,4413976,318,56680,49,401
11360,32.647,16.413,7.601751,7.268555,0.333196,427.4898,0.820312,0.038086,0.828809,0.133105,10240,4377496,320,56849,48,401
11380,32.724,16.451,7.599847,7.281738,0.318108,429.0284,0.818848,0.037988,0.825195,0.136816,10240,4393251,311,56958,48,401
11400,32.798,16.485,7.591772,7.265137,0.326636,441.3182,0.833398,0.039648,0.825488,0.134863,10240,4519098,288,56929,46,401
11420,32.87,16.527,7.597079,7.268799,0.32828,447.5657,0.831934,0.040234,0.832227,0.127539,10240,4583073,305,56945,46,401
11440,32.908,16.544,7.600546,7.272705,0.327841,440.4314,0.830664,0.039551,0.837109,0.12334,10240,4510018,319,56979,43,401
11460,32.949,16.562,7.610329,7.285156,0.325173,438.3235,0.828418,0.039453,0.837695,0.122852,10240,4488433,313,56995,41,401
11480,32.987,16.58,7.602158,7.280151,0.322006,420.0951,0.835547,0.037207,0.84375,0.119043,10240,4301774,325,56985,42,401
11500,33.024,16.597,7.605077,7.274048,0.331029,415.8954,0.832129,0.036719,0.85,0.113281,10240,4258769,323,56867,41,401
11520,33.061,16.615,7.606951,7.282837,0.324114,399.4118,0.82959,0.034473,0.85,0.115527,10240,4089977,310,56933,40,401
11540,33.099,16.632,7.611624,7.294922,0.316702,393.5432,0.826074,0.033887,0.854102,0.112012,10240,4029882,332,57023,40,401
11560,33.181,16.672,7.60976,7.302246,0.307514,387.1688,0.833105,0.033008,0.849902,0.11709,10240,3964608,310,57041,38,401
11580,33.251,16.705,7.613542,7.292847,0.320695,376.0577,0.841406,0.031836,0.853223,0.114941,10240,3850831,314,56965,40,401
11600,33.328,16.738,7.606766,7.286987,0.319779,372.9054,0.846973,0.031152,0.859863,0.108984,10240,3818551,312,56952,42,403
11620,33.402,16.772,7.603833,7.277466,0.326367,383.015,0.841797,0.032031,0.860254,0.107715,10240,3922074,285,56901,41,403
11640,33.438,16.789,7.579999,7.260376,0.319623,388.1321,0.850684,0.032031,0.869043,0.098926,10240,3974473,332,56898,38,403
11660,33.474,16.806,7.582844,7.264771,0.318074,388.7335,0.860547,0.032617,0.874219,0.093164,10240,3980631,320,56880,39,403
11680,33.51,16.823,7.579851,7.262817,0.317033,393.8876,0.847852,0.033496,0.87002,0.096484,10240,4033409,334,56920,40,403
11700,33.554,16.84,7.573809,7.263672,0.310137,407.206,0.862402,0.035059,0.877637,0.087305,10240,4169789,325,56940,42,403
11720,33.597,16.863,7.576709,7.272095,0.304615,425.0446,0.859277,0.036914,0.887207,0.075879,10240,4352457,312,56942,40,403
11740,33.634,16.881,7.568456,7.275757,0.292699,425.3241,0.871582,0.037207,0.885352,0.077441,10240,4355319,292,57002,38,403
11760,33.673,16.899,7.566435,7.273071,0.293364,434.1802,0.876953,0.038184,0.883691,0.078125,10240,4446005,320,57013,39,404
11780,33.744,16.927,7.572829,7.279297,0.293532,434.9716,0.867676,0.038281,0.882422,0.079297,10240,4454109,329,57079,38,404
11800,33.819,16.962,7.563538,7.285278,0.27826,428.0044,0.877246,0.0375,0.888379,0.074121,10240,4382765,326,57163,35,404
11820,33.889,17.0,7.561732,7.294067,0.267665,442.5791,0.888672,0.039355,0.886426,0.074219,10240,4532010,325,57251,34,404
11840,33.926,17.018,7.55382,7.296143,0.257678,439.8439,0.890918,0.039062,0.886328,0.074609,10240,4504002,302,57267,35,404
11860,34.017,17.089,7.566612,7.290405,0.276207,440.2621,0.885352,0.038965,0.890527,0.070508,10240,4508284,300,57176,35,404
11880,34.054,17.108,7.565578,7.285034,0.280544,431.5349,0.886914,0.037695,0.900879,0.061426,10240,4418917,297,57112,33,404
11900,34.091,17.126,7.562006,7.288818,0.273187,431.2464,0.882031,0.037793,0.894531,0.067676,10240,4415963,313,57155,32,404
11920,34.128,17.144,7.568397,7.291016,0.277382,427.0514,0.88125,0.037207,0.89248,0.070312,10240,4373006,315,57166,32,404
11940,34.165,17.161,7.566925,7.295288,0.271637,419.6232,0.881836,0.036426,0.887402,0.076172,10240,4296942,318,57245,31,404
11960,34.202,17.179,7.552943,7.278442,0.2745,427.6828,0.88457,0.037598,0.881641,0.080762,10240,4379472,314,57176,36,408
11980,34.239,17.197,7.551583,7.284546,0.267038,435.4323,0.888086,0.038574,0.881152,0.080273,10240,4458827,306,57251,36,409
12000,34.283,17.216,7.549532,7.297607,0.251924,444.8001,0.893945,0.039551,0.878027,0.082422,10240,4554753,319,57377,34,409
12020,34.32,17.235,7.537673,7.270508,0.267166,463.8043,0.894727,0.041895,0.874023,0.084082,10240,4749356,333,57185,34,409
12040,34.376,17.266,7.531396,7.282471,0.248925,448.4749,0.901953,0.040332,0.880859,0.078809,10240,4592383,335,57273,35,409
12060,34.412,17.284,7.525179,7.274292,0.250887,443.0247,0.897559,0.03916,0.872461,0.088379,10240,4536573,334,57271,33,409
12080,34.447,17.302,7.523525,7.272705,0.25082,442.0536,0.896875,0.03916,0.87002,0.09082,10240,4526629,324,57261,32,409
12100,34.484,17.321,7.521685,7.286499,0.235186,473.2205,0.887988,0.043164,0.859277,0.097559,10240,4845778,277,57348,37,414
12120,34.521,17.34,7.517455,7.274902,0.242552,461.7856,0.898047,0.041406,0.868945,0.089648,10240,4728685,308,57328,35,416
12140,34.558,17.359,7.515566,7.280396,0.23517,481.3465,0.89668,0.043945,0.863086,0.092969,10240,4928988,306,57355,32,416
12160,34.595,17.378,7.515134,7.296509,0.218625,510.3664,0.885547,0.047754,0.848242,0.104004,10240,5226152,313,57391,35,418
12180,34.633,17.398,7.517472,7.295532,0.221939,532.0914,0.888867,0.050293,0.852441,0.097266,10240,5448616,335,57427,32,418
12200,34.686,17.43,7.506217,7.270264,0.235954,517.036,0.884863,0.04834,0.852246,0.099414,10240,5294449,308,57249,32,418
12220,34.723,17.45,7.509187,7.280396,0.228791,525.2323,0.88291,0.049414,0.859766,0.09082,10240,5378379,280,57304,32,418
12240,34.761,17.47,7.524058,7.303223,0.220836,533.4444,0.877539,0.050781,0.849121,0.100098,10240,5462471,312,57403,34,420
12260,34.798,17.49,7.522907,7.311279,0.211628,535.9882,0.869824,0.051172,0.840625,0.108203,10240,5488519,307,57456,32,420
12280,34.843,17.51,7.526494,7.310425,0.216069,524.4668,0.866113,0.049609,0.846191,0.104199,10240,5370540,272,57437,31,420
12300,34.92,17.545,7.510434,7.293701,0.216733,523.1047,0.873828,0.049414,0.851074,0.099512,10240,5356592,285,57385,31,420
12320,34.994,17.585,7.505445,7.293945,0.2115,522.1353,0.871094,0.049805,0.841699,0.108496,10240,5346665,315,57382,30,420
12340,35.067,17.625,7.487706,7.271362,0.216344,505.2921,0.875293,0.047461,0.837695,0.114844,10240,5174191,348,57315,30,420
12360,35.144,17.664,7.494971,7.278564,0.216406,512.3254,0.876953,0.048438,0.834766,0.116797,10240,5246212,322,57357,31,420
12380,35.205,17.703,7.484182,7.263428,0.220754,489.8943,0.882422,0.045801,0.837012,0.117188,10240,5016518,331,57247,30,420
12400,35.242,17.722,7.482613,7.260132,0.222481,495.7554,0.878418,0.046484,0.830664,0.122852,10240,5076535,317,57243,28,420
12420,35.279,17.742,7.488255,7.236206,0.252049,511.071,0.891504,0.048047,0.834082,0.117871,10240,5233367,332,57089,28,420
12440,35.316,17.761,7.49708,7.262695,0.234385,502.9109,0.884668,0.047559,0.835352,0.11709,10240,5149808,330,57241,29,422
12460,35.354,17.781,7.487677,7.245728,0.24195,510.9686,0.885059,0.048242,0.832031,0.119727,10240,5232318,333,57137,27,422
12480,35.392,17.801,7.47791,7.219482,0.258428,525.7054,0.881934,0.049805,0.830371,0.119824,10240,5383223,298,56967,28,422
12500,35.431,17.822,7.480294,7.221802,0.258492,558.575,0.890039,0.054004,0.833594,0.112402,10240,5719808,319,56954,32,423
12520,35.506,17.862,7.467612,7.219482,0.248129,547.3282,0.887109,0.052539,0.843555,0.103906,10240,5604641,317,56907,31,423
12540,35.585,17.901,7.460489,7.215576,0.244912,546.5048,0.891992,0.052441,0.846582,0.100977,10240,5596209,302,56951,31,423
12560,35.66,17.937,7.460421,7.219727,0.240695,541.1379,0.884863,0.05166,0.839844,0.108496,10240,5541252,341,57016,34,427
12580,35.733,17.981,7.459771,7.229858,0.229913,537.1102,0.879785,0.05127,0.843066,0.105664,10240,5500008,318,57119,36,427
12600,35.812,18.021,7.462004,7.22998,0.232024,536.6208,0.88584,0.050488,0.843652,0.105859,10240,5494997,307,57120,34,427
12620,35.886,18.061,7.452508,7.220825,0.231683,525.8363,0.877539,0.049219,0.841699,0.109082,10240,5384564,309,57087,35,429
12640,35.968,18.101,7.461855,7.238403,0.223451,533.6568,0.880176,0.050293,0.840723,0.108984,10240,5464646,331,57165,33,429
12660,36.079,18.162,7.463931,7.237793,0.226138,545.9121,0.883887,0.051758,0.843359,0.104883,10240,5590140,329,57194,33,429
12680,36.158,18.202,7.470203,7.222778,0.247425,539.5204,0.891895,0.050781,0.856348,0.092871,10240,5524689,328,57028,30,429
12700,36.234,18.243,7.479181,7.234741,0.24444,550.9408,0.902344,0.053027,0.86123,0.085742,10240,5641634,340,57101,29,429
12720,36.315,18.283,7.480077,7.248779,0.231298,546.0436,0.90127,0.052051,0.866602,0.081348,10240,5591486,330,57153,30,429
12740,36.392,18.321,7.47447,7.248535,0.225934,568.5547,0.90127,0.05498,0.867285,0.077734,10240,5822000,310,57207,28,429
12760,36.454,18.362,7.476426,7.266357,0.210068,570.0822,0.896582,0.055176,0.864941,0.079883,10240,5837642,301,57294,31,431
12780,36.492,18.382,7.467244,7.261963,0.205282,559.1341,0.897461,0.054004,0.858789,0.087207,10240,5725533,308,57315,32,431
12800,36.53,18.402,7.46498,7.265015,0.199965,526.0657,0.897559,0.049902,0.864258,0.08584,10240,5386913,308,57311,36,433
12820,36.567,18.421,7.466951,7.273193,0.193758,515.6597,0.898828,0.048438,0.871191,0.080371,10240,5280355,294,57365,36,433
12840,36.604,18.441,7.459573,7.252686,0.206887,483.0118,0.904199,0.044238,0.875488,0.080273,10240,4946041,284,57214,35,433
12860,36.641,18.46,7.476143,7.265503,0.21064,470.0483,0.909668,0.042676,0.875488,0.081836,10240,4813295,352,57273,36,436
12880,36.677,18.479,7.48026,7.272949,0.20731,463.8921,0.921387,0.04209,0.885352,0.072559,10240,4750255,313,57259,31,436
12900,36.714,18.498,7.479574,7.264526,0.215048,459.9561,0.91875,0.041504,0.88252,0.075977,10240,4709950,307,57220,30,436
12920,36.75,18.517,7.478093,7.254395,0.223698,478.5536,0.922559,0.043848,0.885254,0.070898,10240,4900389,315,57142,32,437
12940,36.79,18.54,7.476548,7.268066,0.208482,473.1019,0.920215,0.043262,0.889453,0.067285,10240,4844563,345,57261,34,437
12960,36.826,18.559,7.476126,7.279541,0.196585,455.016,0.92373,0.041113,0.890332,0.068555,10240,4659364,336,57269,34,437
12980,36.861,18.577,7.482831,7.280029,0.202802,459.4373,0.921191,0.041602,0.893359,0.065039,10240,4704638,297,57277,34,437
13000,36.897,18.596,7.488065,7.285278,0.202787,447.4733,0.920312,0.040039,0.897559,0.062402,10240,4582127,333,57254,34,437
13020,36.933,18.614,7.482758,7.275269,0.20749,455.7261,0.911914,0.041016,0.89043,0.068555,10240,4666635,304,57191,33,437
13040,37.001,18.649,7.492121,7.277222,0.214899,460.3622,0.910059,0.041797,0.891309,0.066895,10240,4714109,282,57168,30,437
13060,37.072,18.683,7.501475,7.291626,0.209849,449.3498,0.911621,0.04043,0.888965,0.070605,10240,4601342,336,57269,28,437
13080,37.108,18.702,7.506753,7.309814,0.196939,469.937,0.912891,0.042969,0.882812,0.074219,10240,4812155,307,57376,26,437
13100,37.144,18.72,7.499582,7.30542,0.194162,462.154,0.905566,0.041797,0.883203,0.075,10240,4732457,308,57410,26,437
13120,37.18,18.739,7.504763,7.312134,0.192629,478.1091,0.901074,0.044043,0.879102,0.076855,10240,4895837,298,57424,27,437
13140,37.216,18.758,7.509951,7.312012,0.197939,482.794,0.89541,0.044727,0.880371,0.074902,10240,4943811,321,57398,28,437
13160,37.252,18.777,7.499817,7.299194,0.200622,472.7785,0.89082,0.043066,0.87998,0.076953,10240,4841252,316,57388,27,437
13180,37.315,18.796,7.49429,7.299927,0.194363,474.4478,0.892578,0.043555,0.887207,0.069238,10240,4858345,296,57408,25,437
13200,37.353,18.815,7.495916,7.318726,0.177191,479.171,0.889648,0.044141,0.885254,0.070605,10240,4906711,305,57505,24,438
13220,37.392,18.837,7.498061,7.32605,0.172011,476.1081,0.885156,0.04375,0.882129,0.074121,10240,4875347,319,57567,26,440
13240,37.43,18.856,7.499711,7.325928,0.173783,475.9191,0.892773,0.043652,0.884766,0.071582,10240,4873412,319,57555,26,440
13260,37.468,18.876,7.502308,7.324463,0.177845,475.9354,0.891504,0.043652,0.890039,0.066309,10240,4873579,310,57488,27,442
13280,37.512,18.895,7.515833,7.332642,0.183192,480.9013,0.89248,0.044336,0.892969,0.062695,10240,4924429,308,57460,26,442
13300,37.582,18.934,7.508525,7.325684,0.182841,489.3178,0.892773,0.045312,0.892969,0.061719,10240,5010614,307,57480,26,442
13320,37.644,18.975,7.512971,7.33606,0.176911,487.2166,0.901074,0.04502,0.889258,0.065723,10240,4989098,359,57499,25,442
13340,37.681,18.994,7.51678,7.329956,0.186823,455.3766,0.894043,0.040918,0.891699,0.067383,10240,4663056,329,57415,27,442
13360,37.717,19.013,7.513391,7.317261,0.19613,461.1418,0.885742,0.041895,0.884473,0.073633,10240,4722092,307,57316,28,442
13380,37.753,19.032,7.504093,7.307861,0.196231,451.1106,0.887109,0.040527,0.89248,0.066992,10240,4619373,305,57255,27,442
13400,37.789,19.05,7.505619,7.320312,0.185306,454.5779,0.889551,0.041113,0.887207,0.07168,10240,4654878,290,57386,24,442
13420,37.825,19.068,7.506525,7.317871,0.188654,430.3637,0.888574,0.037891,0.895801,0.066309,10240,4406924,336,57332,26,442
13440,37.861,19.087,7.513302,7.327026,0.186275,425.1846,0.892383,0.037402,0.896875,0.065723,10240,4353890,335,57378,27,442
13460,37.909,19.105,7.516471,7.344727,0.171745,427.6188,0.892188,0.037598,0.895703,0.066699,10240,4378817,319,57548,28,442
13480,37.962,19.141,7.520934,7.34436,0.176573,451.9976,0.896094,0.040625,0.887305,0.07207,10240,4628455,311,57546,25,442
13500,37.998,19.159,7.521798,7.341431,0.180367,450.2408,0.883105,0.040527,0.87998,0.079492,10240,4610466,332,57498,26,442
13520,38.034,19.178,7.52844,7.338501,0.189939,458.5591,0.878125,0.041602,0.878711,0.079688,10240,4695645,333,57443,25,442
13540,38.071,19.197,7.532333,7.353394,0.178939,464.622,0.880859,0.042285,0.883203,0.074512,10240,4757729,315,57519,22,442
13560,38.108,19.216,7.527737,7.362305,0.165433,466.7543,0.885742,0.042578,0.874512,0.08291,10240,4779564,312,57583,22,442
13580,38.146,19.235,7.524651,7.35022,0.174431,481.6567,0.882812,0.044434,0.872461,0.083105,10240,4932165,281,57510,22,442
13600,38.186,19.255,7.534808,7.362549,0.172259,493.8881,0.874414,0.045996,0.865723,0.088281,10240,5057414,338,57582,23,442
13620,38.224,19.276,7.538668,7.359619,0.179048,492.9587,0.879297,0.045898,0.859277,0.094824,10240,5047897,292,57532,23,442
13640,38.26,19.295,7.542072,7.373901,0.168171,489.1879,0.874902,0.045312,0.858789,0.095898,10240,5009284,334,57560,18,442
13660,38.297,19.314,7.53683,7.366943,0.169886,487.4439,0.874609,0.044727,0.862109,0.093164,10240,4991426,328,57508,20,442
13680,38.334,19.333,7.539116,7.373779,0.165337,484.5144,0.857129,0.044922,0.859277,0.095801,10240,4961427,326,57599,20,442
13700,38.37,19.352,7.543755,7.386353,0.157402,461.9508,0.850391,0.041992,0.85957,0.098438,10240,4730376,328,57637,21,442
13720,38.444,19.379,7.546346,7.387939,0.158406,471.2734,0.844043,0.043164,0.856348,0.100488,10240,4825840,316,57651,20,442
13740,38.516,19.414,7.551052,7.395142,0.155911,474.3882,0.846094,0.043164,0.851367,0.105469,10240,4857735,302,57669,21,442
13760,38.589,19.448,7.550931,7.392212,0.15872,477.0817,0.856348,0.043262,0.850293,0.106445,10240,4885317,347,57646,20,442
13780,38.665,19.491,7.550995,7.387085,0.16391,489.4095,0.863867,0.04502,0.856836,0.098145,10240,5011553,314,57603,20,442
13800,38.735,19.527,7.560165,7.371582,0.188583,494.6842,0.874609,0.045703,0.857129,0.097168,10240,5065566,307,57440,20,442
13820,38.807,19.566,7.566222,7.381348,0.184874,495.0307,0.866504,0.046191,0.847266,0.106543,10240,5069114,305,57529,23,446
13840,38.884,19.605,7.57266,7.401855,0.170805,490.6329,0.865137,0.045898,0.837207,0.116895,10240,5024081,304,57619,23,446
13860,38.949,19.64,7.569364,7.392212,0.177152,494.9512,0.863672,0.046387,0.833984,0.119629,10240,5068300,326,57552,25,447
13880,38.987,19.659,7.573629,7.372314,0.201314,504.3664,0.867285,0.047461,0.833398,0.119141,10240,5164712,311,57388,28,447
13900,39.023,19.678,7.576126,7.364624,0.211502,497.8677,0.851562,0.046777,0.828809,0.124414,10240,5098165,324,57326,26,447
13920,39.061,19.698,7.582836,7.366211,0.216625,524.4395,0.848926,0.050098,0.828125,0.121777,10240,5370260,307,57339,26,447
13940,39.099,19.717,7.576935,7.361084,0.215851,543.6287,0.844238,0.052344,0.831934,0.115723,10240,5566758,291,57347,26,449
13960,39.139,19.74,7.576053,7.366333,0.20972,552.6793,0.833496,0.053711,0.82168,0.124609,10240,5659436,323,57305,29,449
13980,39.177,19.76,7.559428,7.338257,0.221171,564.8729,0.845898,0.055176,0.819238,0.125586,10240,5784299,320,57111,27,449
14000,39.229,19.782,7.552414,7.319702,0.232711,593.6098,0.851562,0.058496,0.832227,0.109277,10240,6078564,348,56994,27,449
14020,39.308,19.824,7.55298,7.310669,0.242311,609.2374,0.849805,0.060547,0.832031,0.107422,10240,6238591,310,56957,27,449
14040,39.388,19.865,7.544877,7.305786,0.239091,575.3994,0.852148,0.056445,0.828906,0.114648,10240,5892090,336,56944,28,449
14060,39.463,19.906,7.543713,7.30835,0.235363,572.5444,0.841211,0.05625,0.827539,0.116211,10240,5862855,323,57008,29,449
14080,39.506,19.931,7.542058,7.282959,0.259099,609.1217,0.844824,0.060547,0.820508,0.118945,10240,6237406,317,56802,28,449
14100,39.546,19.952,7.540157,7.286499,0.253658,608.4781,0.849902,0.060352,0.826367,0.113281,10240,6230816,317,56872,31,449
14120,39.586,19.974,7.534714,7.286011,0.248703,622.263,0.851465,0.062207,0.820605,0.117188,10240,6371973,293,56944,30,449
14140,39.629,19.999,7.53233,7.276611,0.255719,636.9097,0.846191,0.064062,0.814746,0.121191,10240,6521955,304,56876,31,449
14160,39.669,20.021,7.528824,7.276855,0.251968,580.3296,0.842773,0.057227,0.816602,0.126172,10240,5942575,313,56971,37,454
14180,39.75,20.067,7.540121,7.279663,0.260458,576.4829,0.841699,0.056641,0.811426,0.131934,10240,5903185,288,56975,37,454
14200,39.827,20.109,7.544067,7.259155,0.284912,648.8979,0.840137,0.065332,0.808691,0.125977,10240,6644714,332,56716,39,454
14220,39.916,20.156,7.535638,7.263794,0.271844,626.6347,0.840234,0.062891,0.818262,0.118848,10240,6416739,311,56799,40,454
14240,40.002,20.199,7.541983,7.275513,0.266471,632.8393,0.851465,0.063379,0.822559,0.114062,10240,6480274,300,56896,38,454
14260,40.082,20.245,7.538915,7.275879,0.263036,606.1473,0.846973,0.060352,0.826367,0.113281,10240,6206948,334,56912,40,454
14280,40.176,20.3,7.541808,7.272217,0.269591,601.1935,0.844824,0.05957,0.820508,0.119922,10240,6156221,284,56878,43,454
14300,40.233,20.333,7.538859,7.266724,0.272136,608.8294,0.8375,0.060742,0.816504,0.122754,10240,6234413,319,56915,41,454
14320,40.272,20.355,7.537112,7.239014,0.298099,594.9608,0.83584,0.058887,0.81543,0.125684,10240,6092399,323,56708,45,456
14340,40.311,20.376,7.534276,7.242798,0.291478,584.8604,0.837695,0.057617,0.820508,0.121875,10240,5988970,346,56764,42,456
14360,40.35,20.397,7.54078,7.240601,0.30018,596.9025,0.842969,0.05918,0.820215,0.120605,10240,6112282,314,56768,41,456
14380,40.39,20.419,7.537354,7.23291,0.304443,587.8239,0.84707,0.05791,0.823828,0.118262,10240,6019317,359,56726,42,456
14400,40.431,20.442,7.537207,7.218018,0.319189,606.791,0.849219,0.060352,0.828125,0.111523,10240,6213540,314,56643,44,456
14420,40.47,20.464,7.535865,7.227295,0.30857,607.2562,0.854199,0.059863,0.82998,0.110156,10240,6218304,304,56778,44,456
14440,40.55,20.509,7.541408,7.229858,0.31155,593.5331,0.857422,0.058887,0.826172,0.114941,10240,6077779,315,56760,46,456
14460,40.628,20.55,7.536686,7.220093,0.316593,581.4396,0.862207,0.057227,0.825977,0.116797,10240,5953941,349,56726,46,456
14480,40.707,20.591,7.530754,7.214722,0.316033,601.792,0.862402,0.059863,0.820996,0.119141,10240,6162350,312,56688,47,456
14500,40.787,20.637,7.531885,7.225342,0.306543,609.312,0.862695,0.060449,0.824316,0.115234,10240,6239355,327,56813,46,456
14520,40.867,20.683,7.540632,7.241089,0.299543,603.6375,0.857812,0.059961,0.820605,0.119434,10240,6181248,332,56908,44,456
14540,40.946,20.728,7.540312,7.242554,0.297758,611.9062,0.850391,0.060938,0.819336,0.119727,10240,6265920,312,56962,42,456
14560,41.026,20.769,7.539304,7.248413,0.29089,600.0486,0.842773,0.05957,0.818945,0.121484,10240,6144498,363,56978,41,456
14580,41.112,20.816,7.539287,7.25293,0.286358,617.3976,0.839258,0.061621,0.816895,0.121484,10240,6322151,318,57027,40,456
14600,41.173,20.859,7.543373,7.259155,0.284217,663.6454,0.83916,0.067285,0.81875,0.113965,10240,6795729,294,57113,40,456
14620,41.216,20.883,7.549552,7.274902,0.274649,669.7654,0.845703,0.068066,0.81875,0.113184,10240,6858398,322,57156,39,456
14640,41.256,20.906,7.564276,7.290405,0.273871,663.9777,0.847754,0.067285,0.821094,0.111621,10240,6799132,337,57208,39,456
14660,41.296,20.928,7.570681,7.314331,0.25635,638.8386,0.848828,0.064258,0.824414,0.111328,10240,6541707,346,57302,35,456
14680,41.335,20.95,7.56972,7.312744,0.256976,622.3167,0.846973,0.062207,0.819434,0.118359,10240,6372523,325,57279,36,456
14700,41.414,20.995,7.570539,7.312134,0.258406,649.8547,0.845703,0.065527,0.829883,0.10459,10240,6654512,317,57300,34,456
14720,41.508,21.041,7.574102,7.327515,0.246587,648.0324,0.848438,0.06543,0.827148,0.107422,10240,6635852,307,57359,34,456
14740,41.599,21.091,7.576838,7.334106,0.242732,657.0005,0.845508,0.066309,0.815527,0.118164,10240,6727685,294,57346,33,456
14760,41.646,21.116,7.573906,7.333374,0.240532,647.8693,0.835547,0.065527,0.810449,0.124023,10240,6634182,347,57423,33,456
14780,41.694,21.144,7.566363,7.33728,0.229083,607.5858,0.837012,0.060547,0.816211,0.123242,10240,6221679,313,57489,32,456
14800,41.738,21.169,7.568029,7.351318,0.21671,607.1281,0.836523,0.060645,0.808105,0.13125,10240,6216992,302,57529,31,456
14820,41.777,21.19,7.570657,7.353271,0.217385,597.4194,0.839355,0.05918,0.803027,0.137793,10240,6117575,302,57526,29,456
14840,41.817,21.212,7.570947,7.345581,0.225366,614.1882,0.832812,0.061328,0.79834,0.140332,10240,6289287,339,57367,29,456
14860,41.856,21.234,7.574107,7.333618,0.240489,635.4602,0.838281,0.064062,0.796777,0.13916,10240,6507112,308,57262,28,456
14880,41.895,21.255,7.576366,7.295288,0.281078,608.7177,0.842188,0.060742,0.796973,0.142285,10240,6233269,293,57022,28,456
14900,41.976,21.298,7.578697,7.304443,0.274254,612.0561,0.844434,0.06123,0.804883,0.133887,10240,6267454,343,57065,27,456
14920,42.051,21.339,7.58392,7.316284,0.267635,600.6604,0.835547,0.059766,0.802637,0.137598,10240,6150763,310,57132,28,456
14940,42.136,21.384,7.585925,7.304321,0.281603,603.9477,0.831445,0.060254,0.800195,0.139551,10240,6184424,310,57092,30,456
14960,42.209,21.426,7.58697,7.306885,0.280085,597.0113,0.84082,0.059277,0.804785,0.135938,10240,6113396,304,57123,36,456
14980,42.289,21.467,7.58312,7.290527,0.292593,621.0067,0.841113,0.062305,0.809961,0.127734,10240,6359109,289,57003,35,456
15000,42.348,21.508,7.580599,7.264526,0.316073,604.2382,0.858789,0.060156,0.816797,0.123047,10240,6187399,297,56795,37,456
15020,42.387,21.529,7.582619,7.262329,0.32029,588.5828,0.871582,0.058105,0.832324,0.10957,10240,6027088,341,56794,38,456
15040,42.425,21.549,7.578561,7.25647,0.322091,558.6886,0.86875,0.054199,0.84043,0.105371,10240,5720971,325,56823,39,456
15060,42.463,21.569,7.583211,7.236572,0.346638,554.8466,0.875293,0.053809,0.848828,0.097363,10240,5681629,298,56679,37,456
15080,42.501,21.589,7.582447,7.224854,0.357594,559.883,0.875,0.054395,0.852051,0.093555,10240,5733202,333,56631,47,464
15100,42.539,21.61,7.577578,7.232422,0.345156,547.4167,0.876074,0.053027,0.847461,0.099512,10240,5605547,329,56739,46,464
15120,42.581,21.63,7.580302,7.250244,0.330057,545.9459,0.876172,0.052637,0.838184,0.10918,10240,5590486,291,56861,47,464
15140,42.661,21.67,7.583399,7.254883,0.328516,562.0528,0.866211,0.05459,0.830176,0.115234,10240,5755421,342,56841,48,465
15160,42.74,21.711,7.573015,7.237793,0.335222,594.1773,0.867383,0.058398,0.822949,0.118652,10240,6084376,285,56801,45,465
15180,42.82,21.753,7.564183,7.219727,0.344456,592.1658,0.866699,0.058594,0.824219,0.117188,10240,6063778,325,56703,43,467
15200,42.895,21.794,7.566212,7.20874,0.357471,602.7979,0.870215,0.059766,0.820605,0.119629,10240,6172650,332,56576,43,467
15220,42.974,21.839,7.573906,7.21167,0.362236,601.3374,0.869824,0.059863,0.817871,0.122266,10240,6157695,304,56571,41,467
15240,43.029,21.876,7.57142,7.207886,0.363534,589.5734,0.858203,0.058105,0.819238,0.122656,10240,6037232,296,56565,44,467
15260,43.067,21.897,7.570284,7.204468,0.365816,603.1159,0.864453,0.059863,0.811328,0.128809,10240,6175907,291,56615,45,467
15280,43.106,21.918,7.580774,7.212769,0.368005,607.1142,0.855273,0.060547,0.811328,0.128125,10240,6216849,313,56632,48,467
15300,43.146,21.939,7.574499,7.214722,0.359778,591.6431,0.851562,0.058496,0.814746,0.126758,10240,6058425,315,56660,50,467
15320,43.19,21.965,7.569102,7.211914,0.357188,607.1822,0.85791,0.060547,0.81582,0.123633,10240,6217546,332,56738,49,467
15340,43.229,21.987,7.57034,7.20166,0.36868,617.7123,0.854199,0.062012,0.814941,0.123047,10240,6325374,341,56616,48,467
15360,43.267,22.007,7.566777,7.194702,0.372075,588.6681,0.858691,0.058496,0.817871,0.123633,10240,6027961,301,56673,46,467
15380,43.324,22.038,7.558724,7.197876,0.360848,595.4718,0.866113,0.05918,0.819043,0.121777,10240,6097631,321,56725,46,467
15400,43.407,22.083,7.556399,7.206055,0.350344,586.8783,0.862695,0.058105,0.811523,0.130371,10240,6009634,305,56754,46,467
15420,43.485,22.128,7.565433,7.208862,0.356571,592.811,0.864258,0.058887,0.81123,0.129883,10240,6070385,318,56780,46,467
15440,43.571,22.169,7.557313,7.187866,0.369446,572.5868,0.867188,0.056445,0.809766,0.133789,10240,5863289,286,56537,49,470
15460,43.65,22.213,7.550244,7.174438,0.375806,565.1232,0.858594,0.055469,0.813477,0.131055,10240,5786862,302,56496,50,470
15480,43.728,22.253,7.55134,7.189331,0.362009,531.9379,0.861523,0.051367,0.824219,0.124414,10240,5447044,323,56624,51,471
15500,43.802,22.293,7.557576,7.19873,0.358845,545.4768,0.858984,0.053125,0.818164,0.128711,10240,5585682,298,56697,49,471
15520,43.88,22.332,7.562262,7.220581,0.341681,524.7158,0.84873,0.050586,0.811035,0.138379,10240,5373090,322,56812,50,471
15540,43.953,22.368,7.561028,7.228394,0.332635,522.9155,0.843848,0.050488,0.804883,0.144629,10240,5354655,311,56903,49,471
15560,44.02,22.409,7.563096,7.21936,0.343736,536.3951,0.851953,0.051953,0.805664,0.142383,10240,5492686,307,56806,48,471
15580,44.059,22.43,7.565245,7.210571,0.354674,575.1301,0.84502,0.056738,0.810352,0.13291,10240,5889332,258,56702,46,471
15600,44.099,22.45,7.564221,7.218018,0.346204,581.1968,0.841992,0.05752,0.802734,0.139746,10240,5951455,331,56856,45,471
15620,44.137,22.471,7.563626,7.217285,0.34634,588.7446,0.841211,0.058594,0.794141,0.147266,10240,6028745,305,56881,44,471
15640,44.175,22.491,7.575684,7.227783,0.347901,553.3483,0.840234,0.054492,0.789648,0.155859,10240,5666287,305,56958,44,471
15660,44.213,22.511,7.589074,7.253662,0.335412,570.0229,0.835449,0.056641,0.781738,0.161621,10240,5837035,347,57055,44,471
15680,44.251,22.532,7.593295,7.250854,0.342441,580.9131,0.82627,0.057715,0.778809,0.163477,10240,5948550,276,57001,44,471
15700,44.302,22.553,7.593071,7.239624,0.353447,585.9249,0.825879,0.058398,0.781348,0.160254,10240,5999871,347,57003,42,471
15720,44.384,22.591,7.600291,7.224243,0.376048,590.2912,0.829297,0.058887,0.785156,0.155957,10240,6044582,316,56891,42,471
15740,44.45,22.632,7.591377,7.208862,0.382515,611.3811,0.819727,0.061328,0.782617,0.156055,10240,6260542,298,56747,35,471
15760,44.489,22.653,7.588137,7.181396,0.40674,600.3081,0.826562,0.059961,0.781543,0.158496,10240,6147155,324,56551,34,471
15780,44.527,22.674,7.57782,7.172119,0.405701,621.9868,0.829102,0.062695,0.784375,0.15293,10240,6369145,326,56492,36,471
15800,44.566,22.695,7.57615,7.176392,0.399759,603.6718,0.820508,0.060449,0.794336,0.145215,10240,6181599,313,56584,40,471
15820,44.604,22.716,7.568147,7.177979,0.390168,621.7857,0.821387,0.062695,0.795215,0.14209,10240,6367086,303,56673,40,471
15840,44.642,22.737,7.567512,7.184814,0.382697,616.5747,0.814062,0.061914,0.784082,0.154004,10240,6313725,300,56660,42,471
15860,44.713,22.774,7.566294,7.185669,0.380625,615.6698,0.814551,0.061914,0.790332,0.147754,10240,6304459,310,56694,42,471
15880,44.792,22.815,7.565146,7.188599,0.376547,602.3234,0.815918,0.060449,0.781543,0.158008,10240,6167792,336,56789,43,471
15900,44.859,22.856,7.562281,7.182373,0.379908,608.7132,0.803906,0.06123,0.768262,0.170508,10240,6233223,310,56724,43,471
15920,44.899,22.877,7.552861,7.180664,0.372197,616.0063,0.807812,0.062109,0.768848,0.169043,10240,6307905,304,56842,40,471
15940,44.942,22.898,7.559434,7.195557,0.363878,600.4089,0.796582,0.060352,0.761523,0.178125,10240,6148187,343,56929,39,471
15960,44.981,22.92,7.546127,7.190674,0.355453,621.0159,0.797852,0.062793,0.760449,0.176758,10240,6359203,326,56922,40,473
15980,45.02,22.941,7.53759,7.1875,0.35009,628.931,0.79873,0.063672,0.759668,0.17666,10240,6440253,341,56981,40,474
16000,45.065,22.963,7.540132,7.194824,0.345308,640.0771,0.80459,0.064941,0.761426,0.173633,10240,6554389,320,57045,38,474
16020,45.105,22.985,7.547627,7.218628,0.328999,637.0328,0.807031,0.064648,0.762012,0.17334,10240,6523216,342,57114,38,474
16040,45.145,23.007,7.538092,7.210693,0.327399,630.5996,0.811816,0.063672,0.767578,0.16875,10240,6457340,286,57108,39,474
16060,45.217,23.041,7.541317,7.199463,0.341854,637.9081,0.818359,0.064648,0.770508,0.164844,10240,6532179,325,56982,38,474
16080,45.258,23.063,7.530905,7.18335,0.347556,653.9876,0.814941,0.066699,0.766504,0.166797,10240,6696833,309,56887,38,474
16100,45.299,23.087,7.55581,7.172241,0.383569,679.6597,0.812793,0.069824,0.761816,0.168359,10240,6959715,304,56697,38,474
16120,45.341,23.11,7.559459,7.171265,0.388194,684.62,0.82002,0.07041,0.764648,0.164941,10240,7010509,307,56707,37,474
16140,45.382,23.133,7.558828,7.160645,0.398184,690.9226,0.817285,0.070996,0.774023,0.15498,10240,7075047,346,56696,37,474
16160,45.423,23.155,7.556374,7.148071,0.408303,672.9103,0.81709,0.068848,0.7875,0.143652,10240,6890601,331,56644,36,474
16180,45.479,23.185,7.554371,7.153809,0.400562,685.6448,0.809863,0.07041,0.782031,0.147559,10240,7021003,333,56604,43,474
16200,45.564,23.232,7.552469,7.144287,0.408182,699.2633,0.807715,0.07207,0.774805,0.153125,10240,7160456,285,56526,43,474
16220,45.646,23.275,7.55079,7.131104,0.419686,726.7355,0.797852,0.075293,0.781348,0.143359,10240,7441772,291,56400,44,474
16240,45.687,23.299,7.550679,7.132812,0.417866,739.4465,0.796777,0.076953,0.782324,0.140723,10240,7571932,312,56465,45,474
16260,45.728,23.322,7.553454,7.141357,0.412096,706.3838,0.799902,0.072852,0.787012,0.140137,10240,7233370,322,56538,42,474
16280,45.768,23.345,7.563284,7.155884,0.407401,694.9784,0.785352,0.071582,0.775,0.153418,10240,7116579,321,56607,42,474
16300,45.809,23.368,7.561099,7.167725,0.393374,700.3361,0.779785,0.072266,0.777148,0.150586,10240,7171442,318,56666,41,474
16320,45.874,23.4,7.561987,7.171875,0.390112,716.4365,0.771777,0.074121,0.767871,0.158008,10240,7336310,310,56697,40,474
16340,45.96,23.447,7.553068,7.167236,0.385832,729.4366,0.769043,0.076172,0.76582,0.158008,10240,7469431,295,56719,41,474
16360,46.042,23.49,7.544812,7.162109,0.382703,714.4589,0.774805,0.074121,0.765332,0.160547,10240,7316059,283,56751,42,474
16380,46.128,23.538,7.549508,7.166626,0.382882,735.4692,0.774121,0.076855,0.761426,0.161719,10240,7531205,314,56732,42,474
16400,46.206,23.586,7.541242,7.15686,0.384382,751.221,0.772168,0.078809,0.760156,0.161035,10240,7692503,289,56733,44,474
16420,46.249,23.61,7.536905,7.159058,0.377848,762.7548,0.770215,0.080078,0.76084,0.159082,10240,7810609,292,56744,45,474
16440,46.294,23.637,7.530342,7.143188,0.387154,743.5555,0.768457,0.077539,0.766406,0.156055,10240,7614008,334,56666,47,474
16460,46.358,23.661,7.534951,7.151123,0.383828,732.9576,0.778223,0.076367,0.772656,0.150977,10240,7505486,323,56726,49,475
16480,46.454,23.738,7.537497,7.142822,0.394675,754.6407,0.774414,0.078711,0.778418,0.142871,10240,7727521,291,56652,49,475
16500,46.497,23.763,7.542163,7.141357,0.400806,766.3696,0.778418,0.080273,0.776855,0.142871,10240,7847625,331,56644,46,475
16520,46.54,23.787,7.548851,7.160889,0.387962,774.3766,0.771875,0.081543,0.777344,0.141113,10240,7929616,311,56780,47,475
16540,46.582,23.811,7.553218,7.145264,0.407954,750.0373,0.774414,0.078223,0.781152,0.140625,10240,7680382,295,56631,47,477
16560,46.623,23.834,7.550929,7.132202,0.418726,721.4268,0.766797,0.074902,0.781641,0.143457,10240,7387410,312,56522,46,477
16580,46.665,23.857,7.540433,7.109131,0.431302,711.6999,0.770898,0.073438,0.786621,0.139941,10240,7287807,324,56387,48,477
16600,46.706,23.881,7.545113,7.12085,0.424263,699.5796,0.757422,0.071875,0.78916,0.138965,10240,7163695,357,56467,47,477
16620,46.782,23.923,7.542035,7.115601,0.426434,715.9298,0.757422,0.073828,0.79043,0.135742,10240,7331121,306,56391,49,477
16640,46.877,23.979,7.540573,7.12793,0.412643,735.2953,0.76084,0.076367,0.79541,0.128223,10240,7529424,318,56568,50,477
16660,46.959,24.026,7.537884,7.125854,0.41203,724.7708,0.761035,0.075195,0.792773,0.132031,10240,7421653,326,56598,50,477
16680,47.045,24.07,7.523305,7.10144,0.421865,719.2844,0.762891,0.074316,0.794922,0.130762,10240,7365472,356,56508,52,479
16700,47.126,24.117,7.519644,7.105591,0.414053,721.1689,0.760254,0.074414,0.799414,0.126172,10240,7384770,312,56603,52,479
16720,47.214,24.172,7.524453,7.12793,0.396523,734.0265,0.7625,0.076074,0.809082,0.114844,10240,7516431,327,56750,52,479
16740,47.333,24.235,7.523996,7.120728,0.403268,716.6959,0.767871,0.074023,0.812695,0.113281,10240,7338966,320,56692,53,479
16760,47.43,24.298,7.53161,7.142456,0.389154,711.8743,0.772949,0.073438,0.816504,0.110059,10240,7289593,346,56805,53,481
16780,47.516,24.346,7.534582,7.153442,0.38114,722.7092,0.774023,0.074512,0.818359,0.107129,10240,7400542,327,56884,53,484
16800,47.645,24.42,7.541784,7.153687,0.388097,709.8073,0.773438,0.073145,0.821777,0.105078,10240,7268427,302,56779,54,486
16820,47.706,24.464,7.533877,7.141479,0.392398,705.9271,0.771777,0.072656,0.805273,0.12207,10240,7228694,283,56757,55,486
16840,47.747,24.487,7.541485,7.155762,0.385723,705.8144,0.773438,0.072656,0.796191,0.131152,10240,7227539,307,56899,51,486
16860,47.788,24.51,7.548567,7.165405,0.383162,686.4408,0.776172,0.070508,0.793262,0.13623,10240,7029154,328,56913,48,486
16880,47.828,24.532,7.551975,7.161865,0.39011,672.2507,0.770215,0.06875,0.781055,0.150195,10240,6883847,309,56882,48,486
16900,47.869,24.554,7.551988,7.161865,0.390123,692.1378,0.764551,0.071191,0.775586,0.153223,10240,7087491,305,56847,45,486
16920,47.921,24.577,7.546948,7.173584,0.373364,696.5964,0.777734,0.07168,0.783008,0.145312,10240,7133147,285,56967,44,486
16940,48.005,24.624,7.546668,7.18811,0.358557,682.7513,0.783105,0.069824,0.789062,0.141113,10240,6991373,301,57027,43,486
16960,48.086,24.666,7.552265,7.190918,0.361347,662.1523,0.779297,0.067578,0.785254,0.147168,10240,6780440,297,57013,43,486
16980,48.166,24.712,7.546317,7.176514,0.369804,654.9681,0.777832,0.066504,0.79375,0.139746,10240,6706873,316,56930,46,486
17000,48.247,24.758,7.533912,7.168945,0.364966,648.8967,0.773145,0.06582,0.789648,0.144531,10240,6644702,307,56887,46,486
17020,48.332,24.804,7.529744,7.171143,0.358601,620.8203,0.772363,0.062109,0.791016,0.146875,10240,6357200,320,56954,43,486
17040,48.372,24.826,7.522548,7.169556,0.352992,645.9941,0.765918,0.065625,0.778613,0.155762,10240,6614980,292,57000,42,486
17060,48.414,24.847,7.520619,7.165894,0.354725,617.8743,0.756641,0.062109,0.772852,0.165039,10240,6327033,306,56991,44,486
17080,48.454,24.87,7.524766,7.165161,0.359605,648.8883,0.75166,0.06582,0.775293,0.158887,10240,6644616,303,56955,42,486
17100,48.494,24.892,7.525591,7.168823,0.356768,651.196,0.757031,0.066309,0.772656,0.161035,10240,6668247,336,56947,40,486
17120,48.537,24.915,7.520539,7.167969,0.35257,643.5524,0.753516,0.065234,0.775879,0.158887,10240,6589977,303,56975,38,486
17140,48.578,24.938,7.523027,7.190674,0.332353,659.7764,0.74834,0.067676,0.761719,0.170605,10240,6756110,337,57059,37,486
17160,48.638,24.962,7.539479,7.19043,0.349049,643.2711,0.758496,0.065234,0.773145,0.161621,10240,6587096,300,56935,37,486
17180,48.685,24.993,7.530652,7.203369,0.327283,635.1379,0.75127,0.064453,0.766797,0.16875,10240,6503812,306,57008,38,486
17200,48.725,25.014,7.527771,7.212646,0.315124,629.6586,0.74502,0.063672,0.771973,0.164355,10240,6447704,278,57106,38,488
17220,48.766,25.037,7.526703,7.225586,0.301117,650.0358,0.736328,0.066406,0.761523,0.17207,10240,6656367,301,57206,34,488
17240,48.805,25.059,7.52175,7.213135,0.308615,627.837,0.736133,0.063477,0.775684,0.16084,10240,6429051,340,57107,34,488
17260,48.845,25.082,7.518965,7.213013,0.305952,681.5924,0.73877,0.07002,0.775488,0.154492,10240,6979506,319,57135,34,488
17280,48.889,25.106,7.513614,7.197876,0.315738,731.9636,0.731836,0.07627,0.768262,0.155469,10240,7495307,296,57065,33,488
17300,48.949,25.134,7.508675,7.17688,0.331795,741.0859,0.732324,0.077148,0.774707,0.148145,10240,7588720,297,56905,33,488
17320,49.036,25.183,7.508457,7.163086,0.345371,730.7314,0.735254,0.075684,0.790234,0.134082,10240,7482690,288,56759,32,488
17340,49.118,25.225,7.510193,7.172119,0.338073,699.9088,0.733887,0.072266,0.795703,0.132031,10240,7167066,342,56816,32,488
17360,49.204,25.273,7.514362,7.16687,0.347492,695.9468,0.727832,0.071484,0.794434,0.134082,10240,7126495,310,56743,36,492
17380,49.284,25.315,7.508345,7.169189,0.339156,683.7823,0.724316,0.069922,0.799414,0.130664,10240,7001931,336,56787,38,492
17400,49.365,25.357,7.504673,7.165894,0.33878,665.311,0.722266,0.067676,0.802246,0.130078,10240,6812785,313,56780,40,494
17420,49.445,25.4,7.500175,7.173096,0.327079,695.72,0.719531,0.071582,0.795801,0.132617,10240,7124173,308,56834,36,494
17440,49.534,25.449,7.495745,7.172974,0.322771,703.3391,0.714941,0.072266,0.802734,0.125,10240,7202192,323,56851,38,494
17460,49.614,25.496,7.514087,7.181152,0.332935,689.9851,0.698633,0.070801,0.796289,0.13291,10240,7065447,288,56869,36,494
17480,49.7,25.543,7.514863,7.189209,0.325654,708.0749,0.705273,0.073145,0.793359,0.133496,10240,7250687,319,56954,36,494
17500,49.782,25.59,7.527277,7.191406,0.33587,723.8903,0.704199,0.074902,0.799805,0.125293,10240,7412637,333,56870,39,496
17520,49.863,25.638,7.531248,7.19458,0.336668,720.3493,0.705957,0.074316,0.804395,0.121289,10240,7376377,319,56891,38,498
17540,49.953,25.685,7.540248,7.211426,0.328822,746.0229,0.705176,0.07793,0.799707,0.122363,10240,7639274,313,56999,39,498
17560,50.064,25.729,7.542937,7.218262,0.324675,729.7722,0.713672,0.075879,0.797461,0.12666,10240,7472867,332,57043,36,498
17580,50.148,25.774,7.546744,7.230835,0.315909,752.1362,0.715039,0.078516,0.791309,0.130176,10240,7701875,326,57139,35,498
17600,50.232,25.819,7.546362,7.229004,0.317358,749.1431,0.72373,0.07832,0.783398,0.138281,10240,7671225,292,57111,36,498
17620,50.314,25.867,7.543768,7.231689,0.312079,745.6574,0.719922,0.077734,0.784668,0.137598,10240,7635532,293,57194,34,498
17640,50.4,25.915,7.552926,7.229858,0.323068,741.028,0.72627,0.077051,0.794141,0.128809,10240,7588127,311,57087,32,498
17660,50.464,25.957,7.562874,7.242676,0.320199,694.5738,0.719922,0.071484,0.791797,0.136719,10240,7112436,310,57137,31,498
17680,50.505,25.98,7.562653,7.2146,0.348053,700.9052,0.711133,0.072168,0.791309,0.136523,10240,7177269,319,56874,34,498
17700,50.546,26.003,7.553634,7.198364,0.35527,687.4347,0.731934,0.070215,0.80625,0.123535,10240,7039331,323,56735,34,498
17720,50.587,26.025,7.552315,7.181885,0.37043,695.8352,0.731445,0.071387,0.810547,0.118066,10240,7125352,324,56677,40,502
17740,50.628,26.048,7.547761,7.184814,0.362947,678.8731,0.718555,0.069238,0.811621,0.119141,10240,6951661,337,56717,36,502
17760,50.67,26.071,7.546747,7.195435,0.351312,688.61,0.723438,0.070215,0.81582,0.113965,10240,7051366,306,56814,39,504
17780,50.713,26.095,7.542989,7.191284,0.351705,710.5283,0.726562,0.073047,0.80957,0.117383,10240,7275810,298,56811,39,504
17800,50.754,26.119,7.541953,7.200073,0.34188,706.5086,0.706934,0.072754,0.795801,0.131445,10240,7234648,318,56840,40,504
17820,50.795,26.142,7.539576,7.193481,0.346095,700.4845,0.706445,0.07207,0.807324,0.120605,10240,7172961,304,56796,41,504
17840,50.86,26.169,7.54103,7.197754,0.343276,704.531,0.710352,0.072363,0.810547,0.11709,10240,7214397,325,56827,38,504
17860,50.944,26.212,7.54186,7.203125,0.338735,717.5029,0.694043,0.073926,0.810645,0.11543,10240,7347230,299,56919,37,504
17880,50.989,26.235,7.546055,7.212158,0.333897,687.7839,0.685547,0.07041,0.81377,0.11582,10240,7042907,326,56985,41,508
17900,51.03,26.258,7.545816,7.221924,0.323892,686.6858,0.678906,0.070312,0.806836,0.122852,10240,7031663,301,57005,37,508
17920,51.071,26.28,7.543146,7.204956,0.33819,697.5495,0.678418,0.071387,0.814453,0.11416,10240,7142907,331,56830,37,508
17940,51.113,26.304,7.539349,7.199585,0.339764,717.5087,0.672266,0.074121,0.812012,0.113867,10240,7347289,346,56797,37,508
17960,51.181,26.332,7.536584,7.203369,0.333214,727.967,0.678418,0.075488,0.808398,0.116113,10240,7454382,263,56854,36,508
17980,51.265,26.383,7.536198,7.21167,0.324528,720.387,0.673633,0.074219,0.807422,0.118359,10240,7376763,316,56892,37,508
18000,51.361,26.43,7.537935,7.224487,0.313448,700.3359,0.673926,0.071191,0.807617,0.121191,10240,7171440,309,56951,35,508
18020,51.443,26.477,7.531182,7.228149,0.303033,692.2704,0.681543,0.070508,0.810156,0.119336,10240,7088849,310,56966,34,508
18040,51.528,26.524,7.534008,7.238892,0.295117,701.8001,0.675488,0.071777,0.809668,0.118555,10240,7186433,318,57034,34,508
18060,51.609,26.567,7.527056,7.238037,0.289019,693.7591,0.688574,0.070801,0.816602,0.112598,10240,7104093,316,57100,35,508
18080,51.691,26.615,7.528996,7.253052,0.275944,722.1476,0.683398,0.074023,0.812891,0.113086,10240,7394791,327,57182,35,508
18100,51.776,26.662,7.536021,7.261841,0.27418,739.7707,0.683984,0.076172,0.808203,0.115625,10240,7575252,308,57216,33,508
18120,51.859,26.71,7.535269,7.260254,0.275016,738.6941,0.684082,0.075879,0.804395,0.119727,10240,7564228,299,57166,33,508
18140,51.945,26.758,7.539364,7.276245,0.263119,733.4902,0.681348,0.075684,0.80957,0.114746,10240,7510940,331,57222,34,508
18160,52.028,26.806,7.545386,7.284058,0.261329,747.7914,0.681152,0.077539,0.805371,0.11709,10240,7657384,311,57267,34,508
18180,52.112,26.854,7.544649,7.289551,0.255098,739.2605,0.677637,0.076855,0.790625,0.13252,10240,7570028,325,57341,34,508
18200,52.194,26.901,7.550033,7.295532,0.254501,745.2325,0.675293,0.077148,0.775,0.147852,10240,7631181,313,57338,34,508
18220,52.28,26.944,7.554047,7.301392,0.252655,753.626,0.65918,0.078809,0.756934,0.164258,10240,7717130,311,57370,34,508
18240,52.363,26.993,7.556477,7.310059,0.246419,751.867,0.654102,0.078223,0.755762,0.166016,10240,7699118,323,57423,33,508
18260,52.45,27.041,7.55352,7.313599,0.239921,769.9494,0.664453,0.080566,0.757324,0.162109,10240,7884282,317,57468,32,508
18280,52.536,27.089,7.550941,7.307373,0.243567,750.0451,0.66123,0.078223,0.757227,0.164551,10240,7680462,299,57479,31,508
18300,52.62,27.135,7.556111,7.310913,0.245198,769.076,0.662598,0.080273,0.75459,0.165137,10240,7875338,328,57413,29,508
18320,52.7,27.178,7.554571,7.315796,0.238775,750.3121,0.669629,0.078223,0.756543,0.165234,10240,7683196,305,57398,28,508
18340,52.783,27.225,7.558047,7.323364,0.234682,700.4829,0.683887,0.072461,0.759863,0.167676,10240,7172945,300,57479,29,508
18360,52.869,27.278,7.561976,7.319336,0.242641,703.1953,0.686621,0.072656,0.764453,0.162891,10240,7200720,309,57431,29,508
18380,52.921,27.313,7.566747,7.317139,0.249608,693.5585,0.69082,0.071094,0.773242,0.155664,10240,7102039,309,57370,30,508
18400,52.968,27.341,7.575049,7.317261,0.257788,692.7261,0.687988,0.071094,0.778027,0.150879,10240,7093515,353,57311,30,508
18420,53.007,27.363,7.583807,7.329346,0.254461,664.238,0.70459,0.067578,0.780469,0.151953,10240,6801797,306,57352,29,508
18440,53.047,27.385,7.581175,7.32605,0.255125,669.5396,0.70332,0.068164,0.771289,0.160547,10240,6856086,325,57332,29,508
18460,53.087,27.408,7.588317,7.335449,0.252868,661.1461,0.692676,0.06748,0.772754,0.159766,10240,6770136,319,57381,29,508
18480,53.143,27.431,7.58468,7.343018,0.241663,629.2769,0.679102,0.063574,0.773535,0.162891,10240,6443795,316,57420,29,508
18500,53.222,27.477,7.587648,7.346436,0.241212,652.5204,0.681348,0.066211,0.777637,0.156152,10240,6681809,314,57409,28,508
18520,53.301,27.522,7.587333,7.335205,0.252128,632.1689,0.674902,0.063281,0.783008,0.153711,10240,6473410,299,57348,29,508
18540,53.381,27.564,7.584658,7.342041,0.242617,626.3464,0.675391,0.062793,0.780273,0.156934,10240,6413787,302,57430,28,508
18560,53.461,27.611,7.589195,7.346924,0.242271,643.7063,0.668652,0.064648,0.776172,0.15918,10240,6591553,307,57409,27,508
18580,53.54,27.652,7.586423,7.346069,0.240353,638.7554,0.674512,0.064453,0.772168,0.163379,10240,6540855,334,57411,29,510
18600,53.615,27.694,7.584799,7.353149,0.231649,633.4638,0.677539,0.063672,0.77207,0.164258,10240,6486669,327,57470,28,510
18620,53.709,27.75,7.577836,7.342651,0.235185,619.0616,0.67832,0.061328,0.777637,0.161035,10240,6339191,293,57396,26,510
18640,53.788,27.791,7.575573,7.351318,0.224255,616.8534,0.679297,0.06123,0.779297,0.159473,10240,6316579,297,57495,28,512
18660,53.863,27.833,7.577969,7.360229,0.21774,649.8851,0.675879,0.065527,0.771191,0.163281,10240,6654823,309,57506,26,512
18680,53.903,27.854,7.574174,7.36438,0.209794,648.1713,0.676855,0.065723,0.768848,0.16543,10240,6637274,264,57591,24,512
18700,53.943,27.875,7.572903,7.339478,0.233425,604.0194,0.687598,0.060254,0.780273,0.159473,10240,6185159,302,57379,24,512
18720,53.983,27.896,7.569103,7.339966,0.229137,627.8125,0.699902,0.063379,0.780664,0.155957,10240,6428800,284,57446,24,512
18740,54.021,27.918,7.567398,7.32312,0.244278,608.9239,0.703125,0.061035,0.785645,0.15332,10240,6235381,340,57338,24,512
18760,54.061,27.94,7.567745,7.334473,0.233273,618.5552,0.705078,0.062305,0.784766,0.15293,10240,6334005,295,57406,22,512
18780,54.101,27.962,7.566634,7.339478,0.227157,618.285,0.708691,0.062207,0.787793,0.15,10240,6331238,336,57481,26,514
18800,54.164,27.992,7.568731,7.334473,0.234259,597.7225,0.72627,0.059473,0.788477,0.152051,10240,6120678,285,57427,25,514
18820,54.239,28.037,7.560374,7.312622,0.247752,592.0958,0.723145,0.058496,0.791602,0.149902,10240,6063061,309,57283,27,514
18840,54.306,28.078,7.564485,7.323853,0.240632,614.4839,0.720605,0.061719,0.796191,0.14209,10240,6292315,317,57329,25,514
18860,54.346,28.099,7.570168,7.332031,0.238137,590.4526,0.717871,0.058496,0.799902,0.141602,10240,6046235,329,57324,26,514
18880,54.385,28.12,7.56888,7.328369,0.240511,576.0669,0.711621,0.056836,0.793262,0.149902,10240,5898925,319,57300,31,517
18900,54.423,28.141,7.562293,7.321167,0.241126,595.62,0.715234,0.058984,0.795605,0.14541,10240,6099149,292,57270,32,517
18920,54.463,28.162,7.556906,7.327271,0.229636,604.129,0.708984,0.060156,0.791992,0.147852,10240,6186281,318,57336,31,517
18940,54.503,28.184,7.547576,7.311035,0.236541,627.6765,0.702148,0.063184,0.794141,0.142676,10240,6427407,338,57279,31,517
18960,54.543,28.206,7.55504,7.305054,0.249986,627.8977,0.700586,0.063086,0.795215,0.141699,10240,6429672,284,57198,29,517
18980,54.607,28.243,7.551348,7.29187,0.259478,614.5544,0.691895,0.060938,0.795996,0.143066,10240,6293037,335,57086,27,517
19000,54.647,28.265,7.555037,7.288818,0.266219,631.8279,0.692871,0.063281,0.793164,0.143555,10240,6469918,314,57005,27,517
19020,54.688,28.288,7.548464,7.292236,0.256228,660.7836,0.686133,0.067188,0.786523,0.146289,10240,6766424,302,57063,28,517
19040,54.729,28.309,7.548784,7.285156,0.263628,654.2354,0.677734,0.066309,0.779004,0.154688,10240,6699371,283,57007,32,519
19060,54.769,28.331,7.546525,7.296387,0.250138,659.1942,0.676953,0.067188,0.775098,0.157715,10240,6750149,320,57083,33,519
19080,54.808,28.353,7.544601,7.295166,0.249435,646.3806,0.662207,0.065625,0.771875,0.1625,10240,6618937,297,57062,33,519
19100,54.848,28.376,7.537166,7.290527,0.246639,668.6128,0.66123,0.068555,0.774902,0.156543,10240,6846595,302,57063,33,519
19120,54.925,28.414,7.539501,7.290283,0.249218,689.852,0.666406,0.070996,0.775586,0.153418,10240,7064084,320,57064,34,519
19140,55.01,28.466,7.535982,7.275391,0.260592,732.0709,0.690918,0.075781,0.779004,0.145215,10240,7496406,318,56963,34,519
19160,55.06,28.498,7.536483,7.270996,0.265487,767.0963,0.68877,0.080273,0.780859,0.138867,10240,7855066,314,56900,33,519
19180,55.105,28.524,7.536721,7.258057,0.278664,802.2165,0.702344,0.084375,0.780957,0.134668,10240,8214697,303,56784,32,519
19200,55.148,28.55,7.535198,7.26416,0.271037,811.0847,0.705176,0.085645,0.788086,0.12627,10240,8305507,312,56892,35,519
19220,55.192,28.575,7.5325,7.261719,0.270782,839.7079,0.706934,0.089062,0.77959,0.131348,10240,8598609,319,56872,36,519
19240,55.236,28.601,7.535889,7.242065,0.293824,863.965,0.705859,0.092188,0.781543,0.12627,10240,8847002,319,56754,40,521
19260,55.278,28.626,7.533452,7.241089,0.292363,807.5711,0.714746,0.085059,0.792969,0.121973,10240,8269528,317,56765,39,521
19280,55.341,28.667,7.529369,7.24353,0.285839,823.0559,0.701367,0.087305,0.790527,0.122168,10240,8428092,297,56806,39,521
19300,55.384,28.692,7.535928,7.262451,0.273477,805.2008,0.705762,0.084863,0.79375,0.121387,10240,8245256,331,56933,40,523
19320,55.426,28.716,7.545803,7.275879,0.269924,803.6928,0.719336,0.084473,0.796777,0.11875,10240,8229814,332,56958,44,525
19340,55.47,28.742,7.550363,7.235718,0.314645,818.1125,0.718262,0.086133,0.802734,0.111133,10240,8377472,297,56707,46,528
19360,55.544,28.779,7.558162,7.248779,0.309383,811.5578,0.714844,0.085352,0.806348,0.108301,10240,8310352,282,56764,44,528
19380,55.614,28.827,7.560232,7.248901,0.311331,790.9,0.717871,0.083008,0.809961,0.107031,10240,8098816,330,56818,38,528
19400,55.657,28.852,7.558156,7.240234,0.317921,798.4335,0.726367,0.083887,0.806738,0.109375,10240,8175959,366,56779,36,528
19420,55.7,28.877,7.554426,7.231689,0.322736,789.7635,0.734668,0.08291,0.80332,0.11377,10240,8087178,334,56741,40,530
19440,55.743,28.901,7.548289,7.229126,0.319163,760.1895,0.752051,0.079102,0.814355,0.106543,10240,7784340,307,56681,40,530
19460,55.784,28.925,7.541112,7.233521,0.307591,762.9726,0.744336,0.079395,0.818555,0.102051,10240,7812839,311,56837,37,530
19480,55.864,28.966,7.533064,7.227051,0.306014,796.9514,0.747266,0.08291,0.81748,0.099609,10240,8160782,290,56854,38,530
19500,55.943,29.016,7.534935,7.236694,0.298241,770.2919,0.757227,0.080078,0.82168,0.098242,10240,7887789,335,56925,39,530
19520,55.986,29.04,7.523701,7.237183,0.286518,785.5347,0.760352,0.081934,0.821875,0.096191,10240,8043875,322,56941,41,530
19540,56.028,29.065,7.518366,7.240967,0.277399,787.3305,0.766211,0.08252,0.821973,0.095508,10240,8062264,311,57001,44,533
19560,56.071,29.089,7.515305,7.244995,0.27031,780.4336,0.769141,0.081445,0.817773,0.100781,10240,7991640,316,57117,41,533
19580,56.113,29.114,7.519289,7.24585,0.273439,811.5776,0.777734,0.085352,0.812402,0.102246,10240,8310555,332,57088,40,533
19600,56.157,29.139,7.522516,7.253174,0.269343,813.6664,0.781152,0.085645,0.813086,0.10127,10240,8331944,304,57176,40,533
19620,56.201,29.165,7.524161,7.26416,0.260001,819.6702,0.77627,0.086328,0.82002,0.093652,10240,8393423,296,57266,36,533
19640,56.252,29.19,7.526349,7.280273,0.246076,812.5943,0.779199,0.085547,0.81748,0.096973,10240,8320966,329,57383,37,533
19660,56.336,29.24,7.520165,7.291016,0.229149,840.9914,0.795117,0.089062,0.815137,0.095801,10240,8611752,318,57485,35,533
19680,56.379,29.265,7.521656,7.285034,0.236622,856.4096,0.800586,0.09082,0.822266,0.086914,10240,8769634,310,57451,35,535
19700,56.423,29.291,7.525831,7.286621,0.23921,832.4626,0.803418,0.087695,0.830664,0.081641,10240,8524417,285,57456,35,535
19720,56.474,29.325,7.536186,7.296265,0.239921,848.6519,0.810645,0.089746,0.830957,0.079297,10240,8690195,308,57495,32,535
19740,56.518,29.351,7.538049,7.291382,0.246668,854.1847,0.817383,0.090234,0.836816,0.072949,10240,8746851,331,57409,33,536
19760,56.566,29.377,7.534338,7.279053,0.255286,839.0972,0.815918,0.088574,0.846484,0.064941,10240,8592355,298,57389,34,540
19780,56.66,29.429,7.526334,7.291504,0.23483,841.7028,0.812207,0.088672,0.847852,0.063477,10240,8619037,299,57471,32,540
19800,56.748,29.477,7.52832,7.293335,0.234985,788.7008,0.817773,0.081836,0.847852,0.070312,10240,8076296,346,57420,31,540
19820,56.836,29.527,7.52912,7.285645,0.243475,818.7985,0.816016,0.085352,0.845312,0.069336,10240,8384497,319,57361,29,541
19840,56.922,29.582,7.521957,7.281494,0.240463,782.5768,0.821484,0.080762,0.844727,0.074512,10240,8013586,292,57389,28,541
19860,57.01,29.636,7.512834,7.285522,0.227312,810.696,0.820605,0.083496,0.846973,0.069531,10240,8301527,338,57431,27,541
19880,57.105,29.682,7.50379,7.286621,0.217169,850.0192,0.820117,0.088672,0.84873,0.062598,10240,8704197,330,57500,29,543
19900,57.193,29.732,7.504211,7.282593,0.221618,845.5901,0.825,0.088281,0.848535,0.063184,10240,8658843,317,57469,29,543
19920,57.245,29.766,7.50352,7.297485,0.206034,811.2099,0.822949,0.08418,0.851172,0.064648,10240,8306789,314,57582,30,543
19940,57.288,29.791,7.503961,7.299683,0.204278,816.9648,0.81084,0.085254,0.838965,0.075781,10240,8365720,340,57618,28,543
19960,57.331,29.817,7.51282,7.318726,0.194095,805.2352,0.813086,0.083398,0.845312,0.071289,10240,8245608,297,57650,25,543
19980,57.375,29.842,7.523242,7.317139,0.206103,816.8447,0.798828,0.084961,0.83877,0.07627,10240,8364490,304,57623,28,547
20000,57.422,29.868,7.517171,7.303711,0.213461,828.8206,0.796973,0.086426,0.836523,0.077051,10240,8487123,315,57547,28,547
