# epoch 0  H=7.9971 C=8.0032 HO=-0.0060  A(t)=0
         1  ..k....-......>.  fffe6b0c80d5fc2dc2eceabdf0d63ecb
         1  .........,.D....  fffdb51ea0ec06bbbe2cb044c502f8cb
         1  ...............Q  fffdb50bbde3b0b0b811a28a1ce10251
         1  ....T...........  fffbf59e54e40701feb6dd06f2c1f3be
         1  ...i..N.......+>  fff8af69c7f14e89b59f8f11a3db2b3e
         1  ..>....J....g.$.  fff83e01a2d7154ae500c31867a324ab
         1  ..5..G.#!..}.j?*  fff835b1f64717232195bb7da76a3f2a
         1  ..._y.......1...  fff7d8207903bc951d8c899e31df0380
         1  ..."';..BEg.g..E  fff6b422273b03e9424567ba67eb1c45
         1  ...6u...,.P.#.fU  fff6803675d7edc82cd5508e23bf6655
# epoch 20  H=7.9958 C=7.9554 HO=0.0404  A(t)=0
        82  ................  d3d3d3d3d3d3d3d3d3d3d3d3d3d3d3d3
        40  NNNNNNNNNNNNNNNN  4e4e4e4e4e4e4e4e4e4e4e4e4e4e4e4e
        37  ................  98989898989898989898989898989898
        37  jjjjjjjjjjjjjjjj  6a6a6a6a6a6a6a6a6a6a6a6a6a6a6a6a
        31  QQQQQQQQQQQQQQQQ  51515151515151515151515151515151
        30  ^^^^^^^^^^^^^^^^  5e5e5e5e5e5e5e5e5e5e5e5e5e5e5e5e
        20  ................  edededededededededededededededed
        15  ................  90909090909090909090909090909090
        10  ................  c9c9c9c9c9c9c9c9c9c9c9c9c9c9c9c9
        10  ................  9e9e9e9e9e9e9e9e9e9e9e9e9e9e9e9e
# epoch 40  H=7.9945 C=7.8784 HO=0.1161  A(t)=0
        80  ................  d3d3d3d3d3d3d3d3d3d3d3d3d3d3d3d3
        47  ++++++++++++++++  2b2b2b2b2b2b2b2b2b2b2b2b2b2b2b2b
        46  ................  07070707070707070707070707070707
        45  ................  eeeeeeeeeeeeeeeeeeeeeeeeeeeeeeee
        40  NNNNNNNNNNNNNNNN  4e4e4e4e4e4e4e4e4e4e4e4e4e4e4e4e
        39  jjjjjjjjjjjjjjjj  6a6a6a6a6a6a6a6a6a6a6a6a6a6a6a6a
        38  ................  dbdbdbdbdbdbdbdbdbdbdbdbdbdbdbdb
        38  ................  01010101010101010101010101010101
        37  ................  98989898989898989898989898989898
        37  HHHHHHHHHHHHHHHH  48484848484848484848484848484848
# epoch 60  H=7.9930 C=7.8425 HO=0.1505  A(t)=0
        80  ................  d3d3d3d3d3d3d3d3d3d3d3d3d3d3d3d3
        68  HHHHHHHHHHHHHHHH  48484848484848484848484848484848
        47  ++++++++++++++++  2b2b2b2b2b2b2b2b2b2b2b2b2b2b2b2b
        46  ................  07070707070707070707070707070707
        45  ................  eeeeeeeeeeeeeeeeeeeeeeeeeeeeeeee
        40  ................  bcbcbcbcbcbcbcbcbcbcbcbcbcbcbcbc
        40  NNNNNNNNNNNNNNNN  4e4e4e4e4e4e4e4e4e4e4e4e4e4e4e4e
        38  jjjjjjjjjjjjjjjj  6a6a6a6a6a6a6a6a6a6a6a6a6a6a6a6a
        38  PPPPPPPPPPPPPPPP  50505050505050505050505050505050
        38  ................  01010101010101010101010101010101
# epoch 80  H=7.9926 C=7.8340 HO=0.1586  A(t)=0
        80  ................  d3d3d3d3d3d3d3d3d3d3d3d3d3d3d3d3
        64  HHHHHHHHHHHHHHHH  48484848484848484848484848484848
        45  ................  eeeeeeeeeeeeeeeeeeeeeeeeeeeeeeee
        45  ................  07070707070707070707070707070707
        39  ................  bcbcbcbcbcbcbcbcbcbcbcbcbcbcbcbc
        38  jjjjjjjjjjjjjjjj  6a6a6a6a6a6a6a6a6a6a6a6a6a6a6a6a
        38  ................  01010101010101010101010101010101
        37  ................  dbdbdbdbdbdbdbdbdbdbdbdbdbdbdbdb
        35  ................  98989898989898989898989898989898
        35  ]]]]]]]]]]]]]]]]  5d5d5d5d5d5d5d5d5d5d5d5d5d5d5d5d
# epoch 100  H=7.9914 C=7.7947 HO=0.1967  A(t)=11
        94  ................  b8b8b8b8b8b8b8b8b8b8b8b8b8b8b8b8
        79  ................  d3d3d3d3d3d3d3d3d3d3d3d3d3d3d3d3
        75  ................  01010101010101010101010101010101
        54  HHHHHHHHHHHHHHHH  48484848484848484848484848484848
        44  JJJJJJJJJJJJJJJJ  4a4a4a4a4a4a4a4a4a4a4a4a4a4a4a4a
        44  ................  07070707070707070707070707070707
        39  ................  bcbcbcbcbcbcbcbcbcbcbcbcbcbcbcbc
        37  ................  dbdbdbdbdbdbdbdbdbdbdbdbdbdbdbdb
        37  jjjjjjjjjjjjjjjj  6a6a6a6a6a6a6a6a6a6a6a6a6a6a6a6a
        35  ]]]]]]]]]]]]]]]]  5d5d5d5d5d5d5d5d5d5d5d5d5d5d5d5d
# epoch 120  H=7.9902 C=7.7690 HO=0.2211  A(t)=25
        98  ________________  20202020202020202020202020202020
        89  ................  b8b8b8b8b8b8b8b8b8b8b8b8b8b8b8b8
        74  ................  d3d3d3d3d3d3d3d3d3d3d3d3d3d3d3d3
        74  ................  01010101010101010101010101010101
        49  HHHHHHHHHHHHHHHH  48484848484848484848484848484848
        44  ................  07070707070707070707070707070707
        43  JJJJJJJJJJJJJJJJ  4a4a4a4a4a4a4a4a4a4a4a4a4a4a4a4a
        39  ................  06060606060606060606060606060606
        38  ................  bcbcbcbcbcbcbcbcbcbcbcbcbcbcbcbc
        35  ................  dbdbdbdbdbdbdbdbdbdbdbdbdbdbdbdb
# epoch 140  H=7.9889 C=7.7314 HO=0.2575  A(t)=32
        91  ................  01010101010101010101010101010101
        79  ________________  20202020202020202020202020202020
        61  ................  d3d3d3d3d3d3d3d3d3d3d3d3d3d3d3d3
        56  ................  b8b8b8b8b8b8b8b8b8b8b8b8b8b8b8b8
        47  ................  ffffffffffffffffffffffffffffffff
        44  $$$$$$$$$$$$$$$$  24242424242424242424242424242424
        44  ################  23232323232323232323232323232323
        43  ................  07070707070707070707070707070707
        41  ''''''''''''''''  27272727272727272727272727272727
        33  ................  90909090909090909090909090909090
# epoch 160  H=7.9849 C=7.6638 HO=0.3211  A(t)=34
       141  pppppppppppppppp  70707070707070707070707070707070
        93  $$$$$$$$$$$$$$$$  24242424242424242424242424242424
        87  ................  01010101010101010101010101010101
        83  ................  fefefefefefefefefefefefefefefefe
        75  ################  23232323232323232323232323232323
        75  ________________  20202020202020202020202020202020
        60  ................  d3d3d3d3d3d3d3d3d3d3d3d3d3d3d3d3
        57  %%%%%%%%%%%%%%%%  25252525252525252525252525252525
        56  ................  b8b8b8b8b8b8b8b8b8b8b8b8b8b8b8b8
        47  ................  ffffffffffffffffffffffffffffffff
# epoch 180  H=7.9839 C=7.6584 HO=0.3255  A(t)=39
       142  pppppppppppppppp  70707070707070707070707070707070
        86  ................  01010101010101010101010101010101
        80  ................  fefefefefefefefefefefefefefefefe
        74  $$$$$$$$$$$$$$$$  24242424242424242424242424242424
        71  ################  23232323232323232323232323232323
        58  ________________  20202020202020202020202020202020
        50  ................  d3d3d3d3d3d3d3d3d3d3d3d3d3d3d3d3
        47  ................  ffffffffffffffffffffffffffffffff
        46  ----------------  2d2d2d2d2d2d2d2d2d2d2d2d2d2d2d2d
        41  ................  ebebebebebebebebebebebebebebebeb
# epoch 200  H=7.9834 C=7.6434 HO=0.3400  A(t)=43
       143  pppppppppppppppp  70707070707070707070707070707070
       115  ................  fefefefefefefefefefefefefefefefe
        86  ................  01010101010101010101010101010101
        71  ################  23232323232323232323232323232323
        58  ________________  20202020202020202020202020202020
        57  $$$$$$$$$$$$$$$$  24242424242424242424242424242424
        46  ................  ffffffffffffffffffffffffffffffff
        41  ''''''''''''''''  27272727272727272727272727272727
        41  %%%%%%%%%%%%%%%%  25252525252525252525252525252525
        40  ................  eeeeeeeeeeeeeeeeeeeeeeeeeeeeeeee
# epoch 220  H=7.9806 C=7.6129 HO=0.3677  A(t)=51
       140  pppppppppppppppp  70707070707070707070707070707070
       109  rrrrrrrrrrrrrrrr  72727272727272727272727272727272
       103  ................  fefefefefefefefefefefefefefefefe
        97  ................  2e2e2e2e2e2e2e2e2e2e2e2e2e2e2e2e
        71  ################  23232323232323232323232323232323
        70  ................  01010101010101010101010101010101
        59  ----------------  2d2d2d2d2d2d2d2d2d2d2d2d2d2d2d2d
        57  $$$$$$$$$$$$$$$$  24242424242424242424242424242424
        51  ^^^^^^^^^^^^^^^^  5e5e5e5e5e5e5e5e5e5e5e5e5e5e5e5e
        46  ________________  20202020202020202020202020202020
# epoch 240  H=7.9801 C=7.5886 HO=0.3915  A(t)=55
       135  pppppppppppppppp  70707070707070707070707070707070
       112  ................  2e2e2e2e2e2e2e2e2e2e2e2e2e2e2e2e
       102  ................  fefefefefefefefefefefefefefefefe
        94  rrrrrrrrrrrrrrrr  72727272727272727272727272727272
        71  ################  23232323232323232323232323232323
        59  ................  f2f2f2f2f2f2f2f2f2f2f2f2f2f2f2f2
        57  $$$$$$$$$$$$$$$$  24242424242424242424242424242424
        51  ^^^^^^^^^^^^^^^^  5e5e5e5e5e5e5e5e5e5e5e5e5e5e5e5e
        46  ................  01010101010101010101010101010101
        45  ----------------  2d2d2d2d2d2d2d2d2d2d2d2d2d2d2d2d
# epoch 260  H=7.9777 C=7.5635 HO=0.4142  A(t)=56
       133  pppppppppppppppp  70707070707070707070707070707070
       112  ................  2e2e2e2e2e2e2e2e2e2e2e2e2e2e2e2e
       102  ................  fefefefefefefefefefefefefefefefe
        89  rrrrrrrrrrrrrrrr  72727272727272727272727272727272
        84  ^^^^^^^^^^^^^^^^  5e5e5e5e5e5e5e5e5e5e5e5e5e5e5e5e
        70  ################  23232323232323232323232323232323
        60  ,,,,,,,,,,,,,,,,  2c2c2c2c2c2c2c2c2c2c2c2c2c2c2c2c
        58  ................  f2f2f2f2f2f2f2f2f2f2f2f2f2f2f2f2
        56  $$$$$$$$$$$$$$$$  24242424242424242424242424242424
        51  EEEEEEEEEEEEEEEE  45454545454545454545454545454545
# epoch 280  H=7.9770 C=7.5493 HO=0.4277  A(t)=60
       134  [[[[[[[[[[[[[[[[  5b5b5b5b5b5b5b5b5b5b5b5b5b5b5b5b
       117  pppppppppppppppp  70707070707070707070707070707070
       102  ................  fefefefefefefefefefefefefefefefe
        93  ................  2e2e2e2e2e2e2e2e2e2e2e2e2e2e2e2e
        89  rrrrrrrrrrrrrrrr  72727272727272727272727272727272
        83  ^^^^^^^^^^^^^^^^  5e5e5e5e5e5e5e5e5e5e5e5e5e5e5e5e
        59  ,,,,,,,,,,,,,,,,  2c2c2c2c2c2c2c2c2c2c2c2c2c2c2c2c
        58  ................  f2f2f2f2f2f2f2f2f2f2f2f2f2f2f2f2
        53  ################  23232323232323232323232323232323
        46  ................  01010101010101010101010101010101
# epoch 300  H=7.9753 C=7.5466 HO=0.4286  A(t)=61
       151  ................  fefefefefefefefefefefefefefefefe
       129  [[[[[[[[[[[[[[[[  5b5b5b5b5b5b5b5b5b5b5b5b5b5b5b5b
       117  pppppppppppppppp  70707070707070707070707070707070
        89  rrrrrrrrrrrrrrrr  72727272727272727272727272727272
        83  ^^^^^^^^^^^^^^^^  5e5e5e5e5e5e5e5e5e5e5e5e5e5e5e5e
        77  ................  2e2e2e2e2e2e2e2e2e2e2e2e2e2e2e2e
        58  ,,,,,,,,,,,,,,,,  2c2c2c2c2c2c2c2c2c2c2c2c2c2c2c2c
        49  ################  23232323232323232323232323232323
        45  BBBBBBBBBBBBBBBB  42424242424242424242424242424242
        45  ________________  20202020202020202020202020202020
# epoch 320  H=7.9748 C=7.5427 HO=0.4321  A(t)=66
       117  pppppppppppppppp  70707070707070707070707070707070
       116  ................  fefefefefefefefefefefefefefefefe
       113  [[[[[[[[[[[[[[[[  5b5b5b5b5b5b5b5b5b5b5b5b5b5b5b5b
        72  rrrrrrrrrrrrrrrr  72727272727272727272727272727272
        67  ................  2e2e2e2e2e2e2e2e2e2e2e2e2e2e2e2e
        58  ,,,,,,,,,,,,,,,,  2c2c2c2c2c2c2c2c2c2c2c2c2c2c2c2c
        57  ^^^^^^^^^^^^^^^^  5e5e5e5e5e5e5e5e5e5e5e5e5e5e5e5e
        48  ################  23232323232323232323232323232323
        42  ................  f2f2f2f2f2f2f2f2f2f2f2f2f2f2f2f2
        39  ................  f5f5f5f5f5f5f5f5f5f5f5f5f5f5f5f5
# epoch 340  H=7.9742 C=7.5449 HO=0.4293  A(t)=68
       115  ................  fefefefefefefefefefefefefefefefe
       114  pppppppppppppppp  70707070707070707070707070707070
        82  ,,,,,,,,,,,,,,,,  2c2c2c2c2c2c2c2c2c2c2c2c2c2c2c2c
        80  [[[[[[[[[[[[[[[[  5b5b5b5b5b5b5b5b5b5b5b5b5b5b5b5b
        71  rrrrrrrrrrrrrrrr  72727272727272727272727272727272
        51  ^^^^^^^^^^^^^^^^  5e5e5e5e5e5e5e5e5e5e5e5e5e5e5e5e
        49  ................  2e2e2e2e2e2e2e2e2e2e2e2e2e2e2e2e
        38  ................  f5f5f5f5f5f5f5f5f5f5f5f5f5f5f5f5
        35  hhhhhhhhhhhhhhhh  68686868686868686868686868686868
        32  ................  f2f2f2f2f2f2f2f2f2f2f2f2f2f2f2f2
# epoch 360  H=7.9733 C=7.5568 HO=0.4165  A(t)=70
       109  pppppppppppppppp  70707070707070707070707070707070
        88  ................  fefefefefefefefefefefefefefefefe
        80  ,,,,,,,,,,,,,,,,  2c2c2c2c2c2c2c2c2c2c2c2c2c2c2c2c
        71  [[[[[[[[[[[[[[[[  5b5b5b5b5b5b5b5b5b5b5b5b5b5b5b5b
        65  rrrrrrrrrrrrrrrr  72727272727272727272727272727272
        49  ................  2e2e2e2e2e2e2e2e2e2e2e2e2e2e2e2e
        41  ^^^^^^^^^^^^^^^^  5e5e5e5e5e5e5e5e5e5e5e5e5e5e5e5e
        38  ................  f5f5f5f5f5f5f5f5f5f5f5f5f5f5f5f5
        36  }}}}}}}}}}}}}}}}  7d7d7d7d7d7d7d7d7d7d7d7d7d7d7d7d
        35  hhhhhhhhhhhhhhhh  68686868686868686868686868686868
# epoch 380  H=7.9716 C=7.5364 HO=0.4352  A(t)=70
       118  ................  1a1a1a1a1a1a1a1a1a1a1a1a1a1a1a1a
        99  pppppppppppppppp  70707070707070707070707070707070
        80  ,,,,,,,,,,,,,,,,  2c2c2c2c2c2c2c2c2c2c2c2c2c2c2c2c
        70  [[[[[[[[[[[[[[[[  5b5b5b5b5b5b5b5b5b5b5b5b5b5b5b5b
        65  rrrrrrrrrrrrrrrr  72727272727272727272727272727272
        59  ................  fefefefefefefefefefefefefefefefe
        44  ................  2e2e2e2e2e2e2e2e2e2e2e2e2e2e2e2e
        41  ^^^^^^^^^^^^^^^^  5e5e5e5e5e5e5e5e5e5e5e5e5e5e5e5e
        39  ................  07070707070707070707070707070707
        38  ................  f5f5f5f5f5f5f5f5f5f5f5f5f5f5f5f5
# epoch 400  H=7.9674 C=7.5273 HO=0.4401  A(t)=71
       221  ................  1a1a1a1a1a1a1a1a1a1a1a1a1a1a1a1a
        81  ,,,,,,,,,,,,,,,,  2c2c2c2c2c2c2c2c2c2c2c2c2c2c2c2c
        70  [[[[[[[[[[[[[[[[  5b5b5b5b5b5b5b5b5b5b5b5b5b5b5b5b
        69  pppppppppppppppp  70707070707070707070707070707070
        65  rrrrrrrrrrrrrrrr  72727272727272727272727272727272
        58  ................  fefefefefefefefefefefefefefefefe
        42  ................  2e2e2e2e2e2e2e2e2e2e2e2e2e2e2e2e
        41  ^^^^^^^^^^^^^^^^  5e5e5e5e5e5e5e5e5e5e5e5e5e5e5e5e
        39  ................  07070707070707070707070707070707
        38  ................  f5f5f5f5f5f5f5f5f5f5f5f5f5f5f5f5
# epoch 420  H=7.9675 C=7.5350 HO=0.4325  A(t)=72
       194  ................  1a1a1a1a1a1a1a1a1a1a1a1a1a1a1a1a
        80  ,,,,,,,,,,,,,,,,  2c2c2c2c2c2c2c2c2c2c2c2c2c2c2c2c
        65  rrrrrrrrrrrrrrrr  72727272727272727272727272727272
        61  [[[[[[[[[[[[[[[[  5b5b5b5b5b5b5b5b5b5b5b5b5b5b5b5b
        58  ................  fefefefefefefefefefefefefefefefe
        53  pppppppppppppppp  70707070707070707070707070707070
        43  ................  2e2e2e2e2e2e2e2e2e2e2e2e2e2e2e2e
        41  ^^^^^^^^^^^^^^^^  5e5e5e5e5e5e5e5e5e5e5e5e5e5e5e5e
        38  ................  f5f5f5f5f5f5f5f5f5f5f5f5f5f5f5f5
        36  ................  07070707070707070707070707070707
# epoch 440  H=7.9660 C=7.5459 HO=0.4201  A(t)=72
       191  ................  1a1a1a1a1a1a1a1a1a1a1a1a1a1a1a1a
        65  rrrrrrrrrrrrrrrr  72727272727272727272727272727272
        63  ,,,,,,,,,,,,,,,,  2c2c2c2c2c2c2c2c2c2c2c2c2c2c2c2c
        61  [[[[[[[[[[[[[[[[  5b5b5b5b5b5b5b5b5b5b5b5b5b5b5b5b
        49  ................  fefefefefefefefefefefefefefefefe
        46  pppppppppppppppp  70707070707070707070707070707070
        43  ................  2e2e2e2e2e2e2e2e2e2e2e2e2e2e2e2e
        41  ^^^^^^^^^^^^^^^^  5e5e5e5e5e5e5e5e5e5e5e5e5e5e5e5e
        38  ................  f5f5f5f5f5f5f5f5f5f5f5f5f5f5f5f5
        36  ................  07070707070707070707070707070707
# epoch 460  H=7.9639 C=7.5353 HO=0.4286  A(t)=73
       163  ................  1a1a1a1a1a1a1a1a1a1a1a1a1a1a1a1a
        63  ,,,,,,,,,,,,,,,,  2c2c2c2c2c2c2c2c2c2c2c2c2c2c2c2c
        54  [[[[[[[[[[[[[[[[  5b5b5b5b5b5b5b5b5b5b5b5b5b5b5b5b
        52  rrrrrrrrrrrrrrrr  72727272727272727272727272727272
        49  ................  fefefefefefefefefefefefefefefefe
        46  ================  3d3d3d3d3d3d3d3d3d3d3d3d3d3d3d3d
        44  pppppppppppppppp  70707070707070707070707070707070
        40  ^^^^^^^^^^^^^^^^  5e5e5e5e5e5e5e5e5e5e5e5e5e5e5e5e
        40  ................  2e2e2e2e2e2e2e2e2e2e2e2e2e2e2e2e
        38  ................  f5f5f5f5f5f5f5f5f5f5f5f5f5f5f5f5
# epoch 480  H=7.9579 C=7.5172 HO=0.4407  A(t)=73
       159  ................  1a1a1a1a1a1a1a1a1a1a1a1a1a1a1a1a
       135  <<<<<<<<<<<<<<<<  3c3c3c3c3c3c3c3c3c3c3c3c3c3c3c3c
        74  BBBBBBBBBBBBBBBB  42424242424242424242424242424242
        55  [[[[[[[[[[[[[[[[  5b5b5b5b5b5b5b5b5b5b5b5b5b5b5b5b
        49  ................  fefefefefefefefefefefefefefefefe
        45  ,,,,,,,,,,,,,,,,  2c2c2c2c2c2c2c2c2c2c2c2c2c2c2c2c
        40  ^^^^^^^^^^^^^^^^  5e5e5e5e5e5e5e5e5e5e5e5e5e5e5e5e
        38  pppppppppppppppp  70707070707070707070707070707070
        37  rrrrrrrrrrrrrrrr  72727272727272727272727272727272
        37  OOOOOOOOOOOOOOOO  4f4f4f4f4f4f4f4f4f4f4f4f4f4f4f4f
# epoch 500  H=7.9562 C=7.5151 HO=0.4410  A(t)=74
       157  ................  1a1a1a1a1a1a1a1a1a1a1a1a1a1a1a1a
       130  <<<<<<<<<<<<<<<<  3c3c3c3c3c3c3c3c3c3c3c3c3c3c3c3c
       115  BBBBBBBBBBBBBBBB  42424242424242424242424242424242
        55  [[[[[[[[[[[[[[[[  5b5b5b5b5b5b5b5b5b5b5b5b5b5b5b5b
        49  ................  05050505050505050505050505050505
        45  ................  fefefefefefefefefefefefefefefefe
        37  rrrrrrrrrrrrrrrr  72727272727272727272727272727272
        37  ================  3d3d3d3d3d3d3d3d3d3d3d3d3d3d3d3d
        36  ,,,,,,,,,,,,,,,,  2c2c2c2c2c2c2c2c2c2c2c2c2c2c2c2c
        34  pppppppppppppppp  70707070707070707070707070707070
# epoch 520  H=7.9546 C=7.5054 HO=0.4492  A(t)=74
       145  ................  1a1a1a1a1a1a1a1a1a1a1a1a1a1a1a1a
       134  <<<<<<<<<<<<<<<<  3c3c3c3c3c3c3c3c3c3c3c3c3c3c3c3c
        78  BBBBBBBBBBBBBBBB  42424242424242424242424242424242
        47  ................  05050505050505050505050505050505
        44  ................  fefefefefefefefefefefefefefefefe
        41  ................  c4c4c4c4c4c4c4c4c4c4c4c4c4c4c4c4
        37  [[[[[[[[[[[[[[[[  5b5b5b5b5b5b5b5b5b5b5b5b5b5b5b5b
        36  ,,,,,,,,,,,,,,,,  2c2c2c2c2c2c2c2c2c2c2c2c2c2c2c2c
        36  ................  04040404040404040404040404040404
        34  ================  3d3d3d3d3d3d3d3d3d3d3d3d3d3d3d3d
# epoch 540  H=7.9500 C=7.5057 HO=0.4443  A(t)=75
       222  <<<<<<<<<<<<<<<<  3c3c3c3c3c3c3c3c3c3c3c3c3c3c3c3c
       120  ................  1a1a1a1a1a1a1a1a1a1a1a1a1a1a1a1a
        50  BBBBBBBBBBBBBBBB  42424242424242424242424242424242
        46  ................  05050505050505050505050505050505
        42  ................  c4c4c4c4c4c4c4c4c4c4c4c4c4c4c4c4
        36  ................  fefefefefefefefefefefefefefefefe
        36  [[[[[[[[[[[[[[[[  5b5b5b5b5b5b5b5b5b5b5b5b5b5b5b5b
        36  ,,,,,,,,,,,,,,,,  2c2c2c2c2c2c2c2c2c2c2c2c2c2c2c2c
        35  ................  04040404040404040404040404040404
        34  ================  3d3d3d3d3d3d3d3d3d3d3d3d3d3d3d3d
# epoch 560  H=7.9455 C=7.4807 HO=0.4648  A(t)=76
       225  <<<<<<<<<<<<<<<<  3c3c3c3c3c3c3c3c3c3c3c3c3c3c3c3c
       102  ................  1a1a1a1a1a1a1a1a1a1a1a1a1a1a1a1a
        66  ;;;;;;;;;;;;;;;;  3b3b3b3b3b3b3b3b3b3b3b3b3b3b3b3b
        47  ................  ebebebebebebebebebebebebebebebeb
        45  BBBBBBBBBBBBBBBB  42424242424242424242424242424242
        44  ................  05050505050505050505050505050505
        42  ................  c4c4c4c4c4c4c4c4c4c4c4c4c4c4c4c4
        36  ................  fefefefefefefefefefefefefefefefe
        36  [[[[[[[[[[[[[[[[  5b5b5b5b5b5b5b5b5b5b5b5b5b5b5b5b
        36  KKKKKKKKKKKKKKKK  4b4b4b4b4b4b4b4b4b4b4b4b4b4b4b4b
# epoch 580  H=7.9416 C=7.4795 HO=0.4621  A(t)=77
       246  <<<<<<<<<<<<<<<<  3c3c3c3c3c3c3c3c3c3c3c3c3c3c3c3c
       101  ................  1a1a1a1a1a1a1a1a1a1a1a1a1a1a1a1a
        55  ;;;;;;;;;;;;;;;;  3b3b3b3b3b3b3b3b3b3b3b3b3b3b3b3b
        47  ................  ebebebebebebebebebebebebebebebeb
        44  ................  05050505050505050505050505050505
        42  ................  c4c4c4c4c4c4c4c4c4c4c4c4c4c4c4c4
        37  BBBBBBBBBBBBBBBB  42424242424242424242424242424242
        36  [[[[[[[[[[[[[[[[  5b5b5b5b5b5b5b5b5b5b5b5b5b5b5b5b
        35  oooooooooooooooo  6f6f6f6f6f6f6f6f6f6f6f6f6f6f6f6f
        35  ................  04040404040404040404040404040404
# epoch 600  H=7.9391 C=7.4816 HO=0.4576  A(t)=79
       229  <<<<<<<<<<<<<<<<  3c3c3c3c3c3c3c3c3c3c3c3c3c3c3c3c
        89  ................  1a1a1a1a1a1a1a1a1a1a1a1a1a1a1a1a
        57  ________________  20202020202020202020202020202020
        48  ::::::::::::::::  3a3a3a3a3a3a3a3a3a3a3a3a3a3a3a3a
        47  ................  ebebebebebebebebebebebebebebebeb
        44  ................  05050505050505050505050505050505
        42  ................  c4c4c4c4c4c4c4c4c4c4c4c4c4c4c4c4
        36  [[[[[[[[[[[[[[[[  5b5b5b5b5b5b5b5b5b5b5b5b5b5b5b5b
        34  oooooooooooooooo  6f6f6f6f6f6f6f6f6f6f6f6f6f6f6f6f
        34  ================  3d3d3d3d3d3d3d3d3d3d3d3d3d3d3d3d
# epoch 620  H=7.9361 C=7.4762 HO=0.4599  A(t)=79
       200  <<<<<<<<<<<<<<<<  3c3c3c3c3c3c3c3c3c3c3c3c3c3c3c3c
        80  ................  1a1a1a1a1a1a1a1a1a1a1a1a1a1a1a1a
        70  ,,,,,,,,,,,,,,,,  2c2c2c2c2c2c2c2c2c2c2c2c2c2c2c2c
        47  ................  ebebebebebebebebebebebebebebebeb
        47  ________________  20202020202020202020202020202020
        47  ................  0d0d0d0d0d0d0d0d0d0d0d0d0d0d0d0d
        46  ::::::::::::::::  3a3a3a3a3a3a3a3a3a3a3a3a3a3a3a3a
        40  ................  c4c4c4c4c4c4c4c4c4c4c4c4c4c4c4c4
        35  [[[[[[[[[[[[[[[[  5b5b5b5b5b5b5b5b5b5b5b5b5b5b5b5b
        34  oooooooooooooooo  6f6f6f6f6f6f6f6f6f6f6f6f6f6f6f6f
# epoch 640  H=7.9321 C=7.4695 HO=0.4627  A(t)=82
       191  <<<<<<<<<<<<<<<<  3c3c3c3c3c3c3c3c3c3c3c3c3c3c3c3c
       102  QQQQQQQQQQQQQQQQ  51515151515151515151515151515151
        69  ................  1a1a1a1a1a1a1a1a1a1a1a1a1a1a1a1a
        66  ,,,,,,,,,,,,,,,,  2c2c2c2c2c2c2c2c2c2c2c2c2c2c2c2c
        47  ::::::::::::::::  3a3a3a3a3a3a3a3a3a3a3a3a3a3a3a3a
        47  ________________  20202020202020202020202020202020
        40  ................  c4c4c4c4c4c4c4c4c4c4c4c4c4c4c4c4
        36  ;;;;;;;;;;;;;;;;  3b3b3b3b3b3b3b3b3b3b3b3b3b3b3b3b
        34  oooooooooooooooo  6f6f6f6f6f6f6f6f6f6f6f6f6f6f6f6f
        34  ================  3d3d3d3d3d3d3d3d3d3d3d3d3d3d3d3d
# epoch 660  H=7.9296 C=7.4768 HO=0.4528  A(t)=82
       158  <<<<<<<<<<<<<<<<  3c3c3c3c3c3c3c3c3c3c3c3c3c3c3c3c
        99  QQQQQQQQQQQQQQQQ  51515151515151515151515151515151
        69  ................  1a1a1a1a1a1a1a1a1a1a1a1a1a1a1a1a
        66  ,,,,,,,,,,,,,,,,  2c2c2c2c2c2c2c2c2c2c2c2c2c2c2c2c
        46  ::::::::::::::::  3a3a3a3a3a3a3a3a3a3a3a3a3a3a3a3a
        40  ................  c4c4c4c4c4c4c4c4c4c4c4c4c4c4c4c4
        36  ;;;;;;;;;;;;;;;;  3b3b3b3b3b3b3b3b3b3b3b3b3b3b3b3b
        34  ================  3d3d3d3d3d3d3d3d3d3d3d3d3d3d3d3d
        34  ________________  20202020202020202020202020202020
        32  oooooooooooooooo  6f6f6f6f6f6f6f6f6f6f6f6f6f6f6f6f
# epoch 680  H=7.9268 C=7.4679 HO=0.4589  A(t)=83
       130  <<<<<<<<<<<<<<<<  3c3c3c3c3c3c3c3c3c3c3c3c3c3c3c3c
        80  QQQQQQQQQQQQQQQQ  51515151515151515151515151515151
        59  ................  1a1a1a1a1a1a1a1a1a1a1a1a1a1a1a1a
        56  ,,,,,,,,,,,,,,,,  2c2c2c2c2c2c2c2c2c2c2c2c2c2c2c2c
        53  ................  b2b2b2b2b2b2b2b2b2b2b2b2b2b2b2b2
        49  }}}}}}}}}}}}}}}}  7d7d7d7d7d7d7d7d7d7d7d7d7d7d7d7d
        46  AAAAAAAAAAAAAAAA  41414141414141414141414141414141
        40  ................  c4c4c4c4c4c4c4c4c4c4c4c4c4c4c4c4
        34  ================  3d3d3d3d3d3d3d3d3d3d3d3d3d3d3d3d
        34  ;;;;;;;;;;;;;;;;  3b3b3b3b3b3b3b3b3b3b3b3b3b3b3b3b
# epoch 700  H=7.9186 C=7.4399 HO=0.4786  A(t)=84
       166  ,,,,,,,,,,,,,,,,  2c2c2c2c2c2c2c2c2c2c2c2c2c2c2c2c
       121  <<<<<<<<<<<<<<<<  3c3c3c3c3c3c3c3c3c3c3c3c3c3c3c3c
        61  QQQQQQQQQQQQQQQQ  51515151515151515151515151515151
        56  ................  1a1a1a1a1a1a1a1a1a1a1a1a1a1a1a1a
        54  eeeeeeeeeeeeeeee  65656565656565656565656565656565
        49  ................  e2e2e2e2e2e2e2e2e2e2e2e2e2e2e2e2
        48  }}}}}}}}}}}}}}}}  7d7d7d7d7d7d7d7d7d7d7d7d7d7d7d7d
        47  ................  e0e0e0e0e0e0e0e0e0e0e0e0e0e0e0e0
        47  ................  b2b2b2b2b2b2b2b2b2b2b2b2b2b2b2b2
        45  AAAAAAAAAAAAAAAA  41414141414141414141414141414141
# epoch 720  H=7.9169 C=7.4318 HO=0.4851  A(t)=84
       140  ,,,,,,,,,,,,,,,,  2c2c2c2c2c2c2c2c2c2c2c2c2c2c2c2c
        74  <<<<<<<<<<<<<<<<  3c3c3c3c3c3c3c3c3c3c3c3c3c3c3c3c
        59  QQQQQQQQQQQQQQQQ  51515151515151515151515151515151
        51  ................  1a1a1a1a1a1a1a1a1a1a1a1a1a1a1a1a
        49  yyyyyyyyyyyyyyyy  79797979797979797979797979797979
        48  ................  d6d6d6d6d6d6d6d6d6d6d6d6d6d6d6d6
        47  ................  e2e2e2e2e2e2e2e2e2e2e2e2e2e2e2e2
        46  ................  e0e0e0e0e0e0e0e0e0e0e0e0e0e0e0e0
        43  ................  b2b2b2b2b2b2b2b2b2b2b2b2b2b2b2b2
        41  tttttttttttttttt  74747474747474747474747474747474
# epoch 740  H=7.9130 C=7.4219 HO=0.4911  A(t)=84
       132  ,,,,,,,,,,,,,,,,  2c2c2c2c2c2c2c2c2c2c2c2c2c2c2c2c
        62  <<<<<<<<<<<<<<<<  3c3c3c3c3c3c3c3c3c3c3c3c3c3c3c3c
        51  ................  1a1a1a1a1a1a1a1a1a1a1a1a1a1a1a1a
        49  >>>>>>>>>>>>>>>>  3e3e3e3e3e3e3e3e3e3e3e3e3e3e3e3e
        48  yyyyyyyyyyyyyyyy  79797979797979797979797979797979
        47  ................  e0e0e0e0e0e0e0e0e0e0e0e0e0e0e0e0
        47  GGGGGGGGGGGGGGGG  47474747474747474747474747474747
        44  ................  f7f7f7f7f7f7f7f7f7f7f7f7f7f7f7f7
        43  ................  d6d6d6d6d6d6d6d6d6d6d6d6d6d6d6d6
        43  ;;;;;;;;;;;;;;;;  3b3b3b3b3b3b3b3b3b3b3b3b3b3b3b3b
# epoch 760  H=7.9148 C=7.4449 HO=0.4699  A(t)=85
       115  ,,,,,,,,,,,,,,,,  2c2c2c2c2c2c2c2c2c2c2c2c2c2c2c2c
        49  <<<<<<<<<<<<<<<<  3c3c3c3c3c3c3c3c3c3c3c3c3c3c3c3c
        46  yyyyyyyyyyyyyyyy  79797979797979797979797979797979
        46  GGGGGGGGGGGGGGGG  47474747474747474747474747474747
        46  >>>>>>>>>>>>>>>>  3e3e3e3e3e3e3e3e3e3e3e3e3e3e3e3e
        43  ................  e0e0e0e0e0e0e0e0e0e0e0e0e0e0e0e0
        43  ;;;;;;;;;;;;;;;;  3b3b3b3b3b3b3b3b3b3b3b3b3b3b3b3b
        42  ................  d6d6d6d6d6d6d6d6d6d6d6d6d6d6d6d6
        36  ................  b2b2b2b2b2b2b2b2b2b2b2b2b2b2b2b2
        33  ................  e2e2e2e2e2e2e2e2e2e2e2e2e2e2e2e2
# epoch 780  H=7.9131 C=7.4260 HO=0.4871  A(t)=88
       115  ,,,,,,,,,,,,,,,,  2c2c2c2c2c2c2c2c2c2c2c2c2c2c2c2c
        72  ================  3d3d3d3d3d3d3d3d3d3d3d3d3d3d3d3d
        49  ................  99999999999999999999999999999999
        48  >>>>>>>>>>>>>>>>  3e3e3e3e3e3e3e3e3e3e3e3e3e3e3e3e
        48  ................  15151515151515151515151515151515
        46  GGGGGGGGGGGGGGGG  47474747474747474747474747474747
        45  <<<<<<<<<<<<<<<<  3c3c3c3c3c3c3c3c3c3c3c3c3c3c3c3c
        43  ................  e0e0e0e0e0e0e0e0e0e0e0e0e0e0e0e0
        36  ................  b2b2b2b2b2b2b2b2b2b2b2b2b2b2b2b2
        34  yyyyyyyyyyyyyyyy  79797979797979797979797979797979
# epoch 800  H=7.9074 C=7.4180 HO=0.4894  A(t)=92
        96  ................  15151515151515151515151515151515
        92  >>>>>>>>>>>>>>>>  3e3e3e3e3e3e3e3e3e3e3e3e3e3e3e3e
        82  ,,,,,,,,,,,,,,,,  2c2c2c2c2c2c2c2c2c2c2c2c2c2c2c2c
        78  <<<<<<<<<<<<<<<<  3c3c3c3c3c3c3c3c3c3c3c3c3c3c3c3c
        49  ================  3d3d3d3d3d3d3d3d3d3d3d3d3d3d3d3d
        46  ................  99999999999999999999999999999999
        42  ................  e0e0e0e0e0e0e0e0e0e0e0e0e0e0e0e0
        42  ----------------  2d2d2d2d2d2d2d2d2d2d2d2d2d2d2d2d
        29  tttttttttttttttt  74747474747474747474747474747474
        28  ................  d6d6d6d6d6d6d6d6d6d6d6d6d6d6d6d6
# epoch 820  H=7.9023 C=7.3960 HO=0.5063  A(t)=96
       172  ................  15151515151515151515151515151515
       106  >>>>>>>>>>>>>>>>  3e3e3e3e3e3e3e3e3e3e3e3e3e3e3e3e
        75  ,,,,,,,,,,,,,,,,  2c2c2c2c2c2c2c2c2c2c2c2c2c2c2c2c
        61  ................  05050505050505050505050505050505
        55  <<<<<<<<<<<<<<<<  3c3c3c3c3c3c3c3c3c3c3c3c3c3c3c3c
        51  ................  04040404040404040404040404040404
        49  ================  3d3d3d3d3d3d3d3d3d3d3d3d3d3d3d3d
        46  ................  99999999999999999999999999999999
        42  ................  e0e0e0e0e0e0e0e0e0e0e0e0e0e0e0e0
        35  ----------------  2d2d2d2d2d2d2d2d2d2d2d2d2d2d2d2d
# epoch 840  H=7.8921 C=7.3828 HO=0.5093  A(t)=96
       148  ................  15151515151515151515151515151515
       129  ,,,,,,,,,,,,,,,,  2c2c2c2c2c2c2c2c2c2c2c2c2c2c2c2c
        94  >>>>>>>>>>>>>>>>  3e3e3e3e3e3e3e3e3e3e3e3e3e3e3e3e
        64  @@@@@@@@@@@@@@@@  40404040404040404040404040404040
        52  ................  e2e2e2e2e2e2e2e2e2e2e2e2e2e2e2e2
        49  ................  04040404040404040404040404040404
        43  ................  05050505050505050505050505050505
        42  ................  e0e0e0e0e0e0e0e0e0e0e0e0e0e0e0e0
        40  <<<<<<<<<<<<<<<<  3c3c3c3c3c3c3c3c3c3c3c3c3c3c3c3c
        36  ================  3d3d3d3d3d3d3d3d3d3d3d3d3d3d3d3d
# epoch 860  H=7.8874 C=7.3583 HO=0.5291  A(t)=99
       151  @@@@@@@@@@@@@@@@  40404040404040404040404040404040
       143  ,,,,,,,,,,,,,,,,  2c2c2c2c2c2c2c2c2c2c2c2c2c2c2c2c
       142  ................  15151515151515151515151515151515
        81  >>>>>>>>>>>>>>>>  3e3e3e3e3e3e3e3e3e3e3e3e3e3e3e3e
        58  ................  09090909090909090909090909090909
        48  ................  eaeaeaeaeaeaeaeaeaeaeaeaeaeaeaea
        48  ................  e2e2e2e2e2e2e2e2e2e2e2e2e2e2e2e2
        47  ................  04040404040404040404040404040404
        46  }}}}}}}}}}}}}}}}  7d7d7d7d7d7d7d7d7d7d7d7d7d7d7d7d
        38  ................  05050505050505050505050505050505
# epoch 880  H=7.8881 C=7.3802 HO=0.5078  A(t)=99
       139  ................  15151515151515151515151515151515
       133  @@@@@@@@@@@@@@@@  40404040404040404040404040404040
       105  ,,,,,,,,,,,,,,,,  2c2c2c2c2c2c2c2c2c2c2c2c2c2c2c2c
        85  >>>>>>>>>>>>>>>>  3e3e3e3e3e3e3e3e3e3e3e3e3e3e3e3e
        55  ................  09090909090909090909090909090909
        48  ................  eaeaeaeaeaeaeaeaeaeaeaeaeaeaeaea
        38  ................  e2e2e2e2e2e2e2e2e2e2e2e2e2e2e2e2
        37  ................  04040404040404040404040404040404
        35  ----------------  2d2d2d2d2d2d2d2d2d2d2d2d2d2d2d2d
        34  ================  3d3d3d3d3d3d3d3d3d3d3d3d3d3d3d3d
# epoch 900  H=7.8834 C=7.3807 HO=0.5026  A(t)=99
       133  ................  15151515151515151515151515151515
       127  @@@@@@@@@@@@@@@@  40404040404040404040404040404040
        94  ,,,,,,,,,,,,,,,,  2c2c2c2c2c2c2c2c2c2c2c2c2c2c2c2c
        54  ................  09090909090909090909090909090909
        53  >>>>>>>>>>>>>>>>  3e3e3e3e3e3e3e3e3e3e3e3e3e3e3e3e
        48  AAAAAAAAAAAAAAAA  41414141414141414141414141414141
        38  ................  e2e2e2e2e2e2e2e2e2e2e2e2e2e2e2e2
        37  ................  04040404040404040404040404040404
        35  ----------------  2d2d2d2d2d2d2d2d2d2d2d2d2d2d2d2d
        34  ================  3d3d3d3d3d3d3d3d3d3d3d3d3d3d3d3d
# epoch 920  H=7.8799 C=7.3878 HO=0.4921  A(t)=99
       118  @@@@@@@@@@@@@@@@  40404040404040404040404040404040
       113  ................  15151515151515151515151515151515
        85  ,,,,,,,,,,,,,,,,  2c2c2c2c2c2c2c2c2c2c2c2c2c2c2c2c
        54  ................  09090909090909090909090909090909
        48  <<<<<<<<<<<<<<<<  3c3c3c3c3c3c3c3c3c3c3c3c3c3c3c3c
        48  ................  1d1d1d1d1d1d1d1d1d1d1d1d1d1d1d1d
        39  >>>>>>>>>>>>>>>>  3e3e3e3e3e3e3e3e3e3e3e3e3e3e3e3e
        36  ................  e2e2e2e2e2e2e2e2e2e2e2e2e2e2e2e2
        34  }}}}}}}}}}}}}}}}  7d7d7d7d7d7d7d7d7d7d7d7d7d7d7d7d
        33  ================  3d3d3d3d3d3d3d3d3d3d3d3d3d3d3d3d
# epoch 940  H=7.8701 C=7.3585 HO=0.5115  A(t)=101
       141  [[[[[[[[[[[[[[[[  5b5b5b5b5b5b5b5b5b5b5b5b5b5b5b5b
       129  ,,,,,,,,,,,,,,,,  2c2c2c2c2c2c2c2c2c2c2c2c2c2c2c2c
       110  @@@@@@@@@@@@@@@@  40404040404040404040404040404040
       109  ................  15151515151515151515151515151515
        82  <<<<<<<<<<<<<<<<  3c3c3c3c3c3c3c3c3c3c3c3c3c3c3c3c
        54  ................  09090909090909090909090909090909
        53  >>>>>>>>>>>>>>>>  3e3e3e3e3e3e3e3e3e3e3e3e3e3e3e3e
        48  ................  2e2e2e2e2e2e2e2e2e2e2e2e2e2e2e2e
        44  ................  bbbbbbbbbbbbbbbbbbbbbbbbbbbbbbbb
        36  ................  e2e2e2e2e2e2e2e2e2e2e2e2e2e2e2e2
# epoch 960  H=7.8651 C=7.3541 HO=0.5110  A(t)=101
       140  ,,,,,,,,,,,,,,,,  2c2c2c2c2c2c2c2c2c2c2c2c2c2c2c2c
       115  [[[[[[[[[[[[[[[[  5b5b5b5b5b5b5b5b5b5b5b5b5b5b5b5b
       107  ................  15151515151515151515151515151515
        81  @@@@@@@@@@@@@@@@  40404040404040404040404040404040
        72  <<<<<<<<<<<<<<<<  3c3c3c3c3c3c3c3c3c3c3c3c3c3c3c3c
        69  >>>>>>>>>>>>>>>>  3e3e3e3e3e3e3e3e3e3e3e3e3e3e3e3e
        52  ................  09090909090909090909090909090909
        46  ^^^^^^^^^^^^^^^^  5e5e5e5e5e5e5e5e5e5e5e5e5e5e5e5e
        31  ................  ffffffffffffffffffffffffffffffff
        28  ................  bbbbbbbbbbbbbbbbbbbbbbbbbbbbbbbb
# epoch 980  H=7.8591 C=7.3394 HO=0.5197  A(t)=102
       136  ,,,,,,,,,,,,,,,,  2c2c2c2c2c2c2c2c2c2c2c2c2c2c2c2c
       128  ................  ffffffffffffffffffffffffffffffff
        98  [[[[[[[[[[[[[[[[  5b5b5b5b5b5b5b5b5b5b5b5b5b5b5b5b
        91  ................  15151515151515151515151515151515
        80  @@@@@@@@@@@@@@@@  40404040404040404040404040404040
        70  ................  1d1d1d1d1d1d1d1d1d1d1d1d1d1d1d1d
        63  >>>>>>>>>>>>>>>>  3e3e3e3e3e3e3e3e3e3e3e3e3e3e3e3e
        60  <<<<<<<<<<<<<<<<  3c3c3c3c3c3c3c3c3c3c3c3c3c3c3c3c
        48  ................  09090909090909090909090909090909
        46  ^^^^^^^^^^^^^^^^  5e5e5e5e5e5e5e5e5e5e5e5e5e5e5e5e
# epoch 1000  H=7.8543 C=7.3346 HO=0.5198  A(t)=103
       125  ................  ffffffffffffffffffffffffffffffff
        98  [[[[[[[[[[[[[[[[  5b5b5b5b5b5b5b5b5b5b5b5b5b5b5b5b
        94  ,,,,,,,,,,,,,,,,  2c2c2c2c2c2c2c2c2c2c2c2c2c2c2c2c
        91  ................  15151515151515151515151515151515
        73  2222222222222222  32323232323232323232323232323232
        69  >>>>>>>>>>>>>>>>  3e3e3e3e3e3e3e3e3e3e3e3e3e3e3e3e
        67  ................  1d1d1d1d1d1d1d1d1d1d1d1d1d1d1d1d
        49  ################  23232323232323232323232323232323
        48  ................  e6e6e6e6e6e6e6e6e6e6e6e6e6e6e6e6
        45  ^^^^^^^^^^^^^^^^  5e5e5e5e5e5e5e5e5e5e5e5e5e5e5e5e
# epoch 1020  H=7.8408 C=7.3276 HO=0.5132  A(t)=105
       109  ................  ffffffffffffffffffffffffffffffff
        91  ................  15151515151515151515151515151515
        77  ,,,,,,,,,,,,,,,,  2c2c2c2c2c2c2c2c2c2c2c2c2c2c2c2c
        69  [[[[[[[[[[[[[[[[  5b5b5b5b5b5b5b5b5b5b5b5b5b5b5b5b
        68  2222222222222222  32323232323232323232323232323232
        67  ................  1d1d1d1d1d1d1d1d1d1d1d1d1d1d1d1d
        63  >>>>>>>>>>>>>>>>  3e3e3e3e3e3e3e3e3e3e3e3e3e3e3e3e
        53  ................  fefefefefefefefefefefefefefefefe
        46  ################  23232323232323232323232323232323
        45  yyyyyyyyyyyyyyyy  79797979797979797979797979797979
# epoch 1040  H=7.8415 C=7.3585 HO=0.4830  A(t)=108
        95  ................  ffffffffffffffffffffffffffffffff
        76  ................  15151515151515151515151515151515
        67  2222222222222222  32323232323232323232323232323232
        64  ,,,,,,,,,,,,,,,,  2c2c2c2c2c2c2c2c2c2c2c2c2c2c2c2c
        53  [[[[[[[[[[[[[[[[  5b5b5b5b5b5b5b5b5b5b5b5b5b5b5b5b
        48  ................  1d1d1d1d1d1d1d1d1d1d1d1d1d1d1d1d
        47  ................  fefefefefefefefefefefefefefefefe
        46  ################  23232323232323232323232323232323
        39  ................  09090909090909090909090909090909
        38  @@@@@@@@@@@@@@@@  40404040404040404040404040404040
# epoch 1060  H=7.8304 C=7.3335 HO=0.4969  A(t)=110
       104  ,,,,,,,,,,,,,,,,  2c2c2c2c2c2c2c2c2c2c2c2c2c2c2c2c
        98  ................  82828282828282828282828282828282
        71  ................  ffffffffffffffffffffffffffffffff
        63  2222222222222222  32323232323232323232323232323232
        60  ................  15151515151515151515151515151515
        47  ................  fefefefefefefefefefefefefefefefe
        45  ................  9a9a9a9a9a9a9a9a9a9a9a9a9a9a9a9a
        45  [[[[[[[[[[[[[[[[  5b5b5b5b5b5b5b5b5b5b5b5b5b5b5b5b
        39  ................  09090909090909090909090909090909
        36  ^^^^^^^^^^^^^^^^  5e5e5e5e5e5e5e5e5e5e5e5e5e5e5e5e
# epoch 1080  H=7.8191 C=7.3245 HO=0.4946  A(t)=112
       109  ,,,,,,,,,,,,,,,,  2c2c2c2c2c2c2c2c2c2c2c2c2c2c2c2c
        82  [[[[[[[[[[[[[[[[  5b5b5b5b5b5b5b5b5b5b5b5b5b5b5b5b
        77  ................  82828282828282828282828282828282
        63  2222222222222222  32323232323232323232323232323232
        58  ................  ffffffffffffffffffffffffffffffff
        57  <<<<<<<<<<<<<<<<  3c3c3c3c3c3c3c3c3c3c3c3c3c3c3c3c
        52  ................  15151515151515151515151515151515
        47  ................  fefefefefefefefefefefefefefefefe
        44  ................  9a9a9a9a9a9a9a9a9a9a9a9a9a9a9a9a
        40  >>>>>>>>>>>>>>>>  3e3e3e3e3e3e3e3e3e3e3e3e3e3e3e3e
# epoch 1100  H=7.8034 C=7.2948 HO=0.5086  A(t)=112
       233  ,,,,,,,,,,,,,,,,  2c2c2c2c2c2c2c2c2c2c2c2c2c2c2c2c
       126  [[[[[[[[[[[[[[[[  5b5b5b5b5b5b5b5b5b5b5b5b5b5b5b5b
        93  ................  ffffffffffffffffffffffffffffffff
        88  }}}}}}}}}}}}}}}}  7d7d7d7d7d7d7d7d7d7d7d7d7d7d7d7d
        54  ................  82828282828282828282828282828282
        52  <<<<<<<<<<<<<<<<  3c3c3c3c3c3c3c3c3c3c3c3c3c3c3c3c
        50  ................  08080808080808080808080808080808
        46  ................  fefefefefefefefefefefefefefefefe
        44  ................  9a9a9a9a9a9a9a9a9a9a9a9a9a9a9a9a
        41  2222222222222222  32323232323232323232323232323232
# epoch 1120  H=7.8059 C=7.2858 HO=0.5201  A(t)=112
       195  ,,,,,,,,,,,,,,,,  2c2c2c2c2c2c2c2c2c2c2c2c2c2c2c2c
       140  ................  ffffffffffffffffffffffffffffffff
       102  [[[[[[[[[[[[[[[[  5b5b5b5b5b5b5b5b5b5b5b5b5b5b5b5b
        77  }}}}}}}}}}}}}}}}  7d7d7d7d7d7d7d7d7d7d7d7d7d7d7d7d
        54  <<<<<<<<<<<<<<<<  3c3c3c3c3c3c3c3c3c3c3c3c3c3c3c3c
        51  ................  04040404040404040404040404040404
        47  OOOOOOOOOOOOOOOO  4f4f4f4f4f4f4f4f4f4f4f4f4f4f4f4f
        47  MMMMMMMMMMMMMMMM  4d4d4d4d4d4d4d4d4d4d4d4d4d4d4d4d
        46  ................  fefefefefefefefefefefefefefefefe
        41  2222222222222222  32323232323232323232323232323232
# epoch 1140  H=7.7961 C=7.2750 HO=0.5211  A(t)=115
       184  ,,,,,,,,,,,,,,,,  2c2c2c2c2c2c2c2c2c2c2c2c2c2c2c2c
       132  ................  ffffffffffffffffffffffffffffffff
        95  [[[[[[[[[[[[[[[[  5b5b5b5b5b5b5b5b5b5b5b5b5b5b5b5b
        77  }}}}}}}}}}}}}}}}  7d7d7d7d7d7d7d7d7d7d7d7d7d7d7d7d
        63  ================  3d3d3d3d3d3d3d3d3d3d3d3d3d3d3d3d
        49  ................  04040404040404040404040404040404
        48  ................  e0e0e0e0e0e0e0e0e0e0e0e0e0e0e0e0
        48  MMMMMMMMMMMMMMMM  4d4d4d4d4d4d4d4d4d4d4d4d4d4d4d4d
        46  OOOOOOOOOOOOOOOO  4f4f4f4f4f4f4f4f4f4f4f4f4f4f4f4f
        45  <<<<<<<<<<<<<<<<  3c3c3c3c3c3c3c3c3c3c3c3c3c3c3c3c
# epoch 1160  H=7.7869 C=7.2810 HO=0.5059  A(t)=116
       158  ,,,,,,,,,,,,,,,,  2c2c2c2c2c2c2c2c2c2c2c2c2c2c2c2c
       125  ................  ffffffffffffffffffffffffffffffff
        88  ================  3d3d3d3d3d3d3d3d3d3d3d3d3d3d3d3d
        75  [[[[[[[[[[[[[[[[  5b5b5b5b5b5b5b5b5b5b5b5b5b5b5b5b
        68  }}}}}}}}}}}}}}}}  7d7d7d7d7d7d7d7d7d7d7d7d7d7d7d7d
        49  ................  04040404040404040404040404040404
        45  ................  2e2e2e2e2e2e2e2e2e2e2e2e2e2e2e2e
        43  ................  fefefefefefefefefefefefefefefefe
        43  MMMMMMMMMMMMMMMM  4d4d4d4d4d4d4d4d4d4d4d4d4d4d4d4d
        38  <<<<<<<<<<<<<<<<  3c3c3c3c3c3c3c3c3c3c3c3c3c3c3c3c
# epoch 1180  H=7.7785 C=7.2854 HO=0.4931  A(t)=118
       134  ,,,,,,,,,,,,,,,,  2c2c2c2c2c2c2c2c2c2c2c2c2c2c2c2c
       102  ................  ffffffffffffffffffffffffffffffff
        91  <<<<<<<<<<<<<<<<  3c3c3c3c3c3c3c3c3c3c3c3c3c3c3c3c
        69  ================  3d3d3d3d3d3d3d3d3d3d3d3d3d3d3d3d
        65  [[[[[[[[[[[[[[[[  5b5b5b5b5b5b5b5b5b5b5b5b5b5b5b5b
        48  ................  04040404040404040404040404040404
        45  }}}}}}}}}}}}}}}}  7d7d7d7d7d7d7d7d7d7d7d7d7d7d7d7d
        43  ................  e0e0e0e0e0e0e0e0e0e0e0e0e0e0e0e0
        43  MMMMMMMMMMMMMMMM  4d4d4d4d4d4d4d4d4d4d4d4d4d4d4d4d
        40  ................  fefefefefefefefefefefefefefefefe
# epoch 1200  H=7.7685 C=7.2719 HO=0.4967  A(t)=123
       164  ,,,,,,,,,,,,,,,,  2c2c2c2c2c2c2c2c2c2c2c2c2c2c2c2c
        65  ................  ffffffffffffffffffffffffffffffff
        65  [[[[[[[[[[[[[[[[  5b5b5b5b5b5b5b5b5b5b5b5b5b5b5b5b
        56  <<<<<<<<<<<<<<<<  3c3c3c3c3c3c3c3c3c3c3c3c3c3c3c3c
        48  ................  04040404040404040404040404040404
        47  ................  dfdfdfdfdfdfdfdfdfdfdfdfdfdfdfdf
        46  ................  d3d3d3d3d3d3d3d3d3d3d3d3d3d3d3d3
        45  ----------------  2d2d2d2d2d2d2d2d2d2d2d2d2d2d2d2d
        44  ................  d6d6d6d6d6d6d6d6d6d6d6d6d6d6d6d6
        43  ................  e0e0e0e0e0e0e0e0e0e0e0e0e0e0e0e0
# epoch 1220  H=7.7576 C=7.2758 HO=0.4819  A(t)=123
       150  ,,,,,,,,,,,,,,,,  2c2c2c2c2c2c2c2c2c2c2c2c2c2c2c2c
       108  <<<<<<<<<<<<<<<<  3c3c3c3c3c3c3c3c3c3c3c3c3c3c3c3c
        66  ................  ffffffffffffffffffffffffffffffff
        61  [[[[[[[[[[[[[[[[  5b5b5b5b5b5b5b5b5b5b5b5b5b5b5b5b
        56  rrrrrrrrrrrrrrrr  72727272727272727272727272727272
        44  ................  d6d6d6d6d6d6d6d6d6d6d6d6d6d6d6d6
        32  ................  04040404040404040404040404040404
        31  ................  08080808080808080808080808080808
        30  }}}}}}}}}}}}}}}}  7d7d7d7d7d7d7d7d7d7d7d7d7d7d7d7d
        26  ................  e0e0e0e0e0e0e0e0e0e0e0e0e0e0e0e0
# epoch 1240  H=7.7597 C=7.2906 HO=0.4691  A(t)=123
       128  ................  ffffffffffffffffffffffffffffffff
       122  ,,,,,,,,,,,,,,,,  2c2c2c2c2c2c2c2c2c2c2c2c2c2c2c2c
        79  <<<<<<<<<<<<<<<<  3c3c3c3c3c3c3c3c3c3c3c3c3c3c3c3c
        53  [[[[[[[[[[[[[[[[  5b5b5b5b5b5b5b5b5b5b5b5b5b5b5b5b
        44  ................  d6d6d6d6d6d6d6d6d6d6d6d6d6d6d6d6
        31  ................  08080808080808080808080808080808
        30  }}}}}}}}}}}}}}}}  7d7d7d7d7d7d7d7d7d7d7d7d7d7d7d7d
        29  ................  04040404040404040404040404040404
        26  ................  e0e0e0e0e0e0e0e0e0e0e0e0e0e0e0e0
        26  ................  d3d3d3d3d3d3d3d3d3d3d3d3d3d3d3d3
# epoch 1260  H=7.7604 C=7.2974 HO=0.4631  A(t)=125
       141  ................  ffffffffffffffffffffffffffffffff
       101  ,,,,,,,,,,,,,,,,  2c2c2c2c2c2c2c2c2c2c2c2c2c2c2c2c
        74  <<<<<<<<<<<<<<<<  3c3c3c3c3c3c3c3c3c3c3c3c3c3c3c3c
        53  [[[[[[[[[[[[[[[[  5b5b5b5b5b5b5b5b5b5b5b5b5b5b5b5b
        51  ================  3d3d3d3d3d3d3d3d3d3d3d3d3d3d3d3d
        33  }}}}}}}}}}}}}}}}  7d7d7d7d7d7d7d7d7d7d7d7d7d7d7d7d
        29  ................  04040404040404040404040404040404
        24  2222222222222222  32323232323232323232323232323232
        23  MMMMMMMMMMMMMMMM  4d4d4d4d4d4d4d4d4d4d4d4d4d4d4d4d
        23  ................  2e2e2e2e2e2e2e2e2e2e2e2e2e2e2e2e
# epoch 1280  H=7.7533 C=7.2899 HO=0.4633  A(t)=127
       128  ................  ffffffffffffffffffffffffffffffff
        80  ,,,,,,,,,,,,,,,,  2c2c2c2c2c2c2c2c2c2c2c2c2c2c2c2c
        76  <<<<<<<<<<<<<<<<  3c3c3c3c3c3c3c3c3c3c3c3c3c3c3c3c
        60  ::::::::::::::::  3a3a3a3a3a3a3a3a3a3a3a3a3a3a3a3a
        50  ================  3d3d3d3d3d3d3d3d3d3d3d3d3d3d3d3d
        45  [[[[[[[[[[[[[[[[  5b5b5b5b5b5b5b5b5b5b5b5b5b5b5b5b
        38  ................  b2b2b2b2b2b2b2b2b2b2b2b2b2b2b2b2
        33  ................  c6c6c6c6c6c6c6c6c6c6c6c6c6c6c6c6
        30  }}}}}}}}}}}}}}}}  7d7d7d7d7d7d7d7d7d7d7d7d7d7d7d7d
        24  \[\[\[\[\[\[\[\[  5c5b5c5b5c5b5c5b5c5b5c5b5c5b5c5b
# epoch 1300  H=7.7468 C=7.2805 HO=0.4663  A(t)=127
       119  ................  ffffffffffffffffffffffffffffffff
       107  <<<<<<<<<<<<<<<<  3c3c3c3c3c3c3c3c3c3c3c3c3c3c3c3c
        84  ================  3d3d3d3d3d3d3d3d3d3d3d3d3d3d3d3d
        72  ................  08080808080808080808080808080808
        68  ,,,,,,,,,,,,,,,,  2c2c2c2c2c2c2c2c2c2c2c2c2c2c2c2c
        64  >>>>>>>>>>>>>>>>  3e3e3e3e3e3e3e3e3e3e3e3e3e3e3e3e
        49  ::::::::::::::::  3a3a3a3a3a3a3a3a3a3a3a3a3a3a3a3a
        38  [[[[[[[[[[[[[[[[  5b5b5b5b5b5b5b5b5b5b5b5b5b5b5b5b
        33  ................  c6c6c6c6c6c6c6c6c6c6c6c6c6c6c6c6
        33  ................  b2b2b2b2b2b2b2b2b2b2b2b2b2b2b2b2
# epoch 1320  H=7.7493 C=7.2960 HO=0.4533  A(t)=129
       129  ::::::::::::::::  3a3a3a3a3a3a3a3a3a3a3a3a3a3a3a3a
       111  ................  ffffffffffffffffffffffffffffffff
        99  <<<<<<<<<<<<<<<<  3c3c3c3c3c3c3c3c3c3c3c3c3c3c3c3c
        83  ================  3d3d3d3d3d3d3d3d3d3d3d3d3d3d3d3d
        64  9999999999999999  39393939393939393939393939393939
        59  ,,,,,,,,,,,,,,,,  2c2c2c2c2c2c2c2c2c2c2c2c2c2c2c2c
        49  ................  08080808080808080808080808080808
        46  >>>>>>>>>>>>>>>>  3e3e3e3e3e3e3e3e3e3e3e3e3e3e3e3e
        33  ................  b2b2b2b2b2b2b2b2b2b2b2b2b2b2b2b2
        28  }}}}}}}}}}}}}}}}  7d7d7d7d7d7d7d7d7d7d7d7d7d7d7d7d
# epoch 1340  H=7.7612 C=7.2994 HO=0.4617  A(t)=133
       107  ::::::::::::::::  3a3a3a3a3a3a3a3a3a3a3a3a3a3a3a3a
       101  ................  ffffffffffffffffffffffffffffffff
        77  ================  3d3d3d3d3d3d3d3d3d3d3d3d3d3d3d3d
        68  <<<<<<<<<<<<<<<<  3c3c3c3c3c3c3c3c3c3c3c3c3c3c3c3c
        59  9999999999999999  39393939393939393939393939393939
        56  ,,,,,,,,,,,,,,,,  2c2c2c2c2c2c2c2c2c2c2c2c2c2c2c2c
        49  ]]]]]]]]]]]]]]]]  5d5d5d5d5d5d5d5d5d5d5d5d5d5d5d5d
        39  >>>>>>>>>>>>>>>>  3e3e3e3e3e3e3e3e3e3e3e3e3e3e3e3e
        36  }}}}}}}}}}}}}}}}  7d7d7d7d7d7d7d7d7d7d7d7d7d7d7d7d
        34  ................  dededededededededededededededede
# epoch 1360  H=7.7589 C=7.3113 HO=0.4477  A(t)=136
        95  <<<<<<<<<<<<<<<<  3c3c3c3c3c3c3c3c3c3c3c3c3c3c3c3c
        78  ::::::::::::::::  3a3a3a3a3a3a3a3a3a3a3a3a3a3a3a3a
        69  ................  ffffffffffffffffffffffffffffffff
        50  ================  3d3d3d3d3d3d3d3d3d3d3d3d3d3d3d3d
        50  ,,,,,,,,,,,,,,,,  2c2c2c2c2c2c2c2c2c2c2c2c2c2c2c2c
        44  }}}}}}}}}}}}}}}}  7d7d7d7d7d7d7d7d7d7d7d7d7d7d7d7d
        42  ................  dadadadadadadadadadadadadadadada
        39  >>>>>>>>>>>>>>>>  3e3e3e3e3e3e3e3e3e3e3e3e3e3e3e3e
        34  ................  08080808080808080808080808080808
        33  ................  dededededededededededededededede
# epoch 1380  H=7.7567 C=7.3297 HO=0.4270  A(t)=136
        78  ::::::::::::::::  3a3a3a3a3a3a3a3a3a3a3a3a3a3a3a3a
        68  ................  ffffffffffffffffffffffffffffffff
        54  <<<<<<<<<<<<<<<<  3c3c3c3c3c3c3c3c3c3c3c3c3c3c3c3c
        51  ]]]]]]]]]]]]]]]]  5d5d5d5d5d5d5d5d5d5d5d5d5d5d5d5d
        47  }}}}}}}}}}}}}}}}  7d7d7d7d7d7d7d7d7d7d7d7d7d7d7d7d
        45  ,,,,,,,,,,,,,,,,  2c2c2c2c2c2c2c2c2c2c2c2c2c2c2c2c
        33  ................  dededededededededededededededede
        32  ................  08080808080808080808080808080808
        31  ................  dadadadadadadadadadadadadadadada
        30  ................  b2b2b2b2b2b2b2b2b2b2b2b2b2b2b2b2
# epoch 1400  H=7.7555 C=7.3375 HO=0.4180  A(t)=136
        67  ................  ffffffffffffffffffffffffffffffff
        67  ::::::::::::::::  3a3a3a3a3a3a3a3a3a3a3a3a3a3a3a3a
        53  }}}}}}}}}}}}}}}}  7d7d7d7d7d7d7d7d7d7d7d7d7d7d7d7d
        51  ]]]]]]]]]]]]]]]]  5d5d5d5d5d5d5d5d5d5d5d5d5d5d5d5d
        44  ................  83838383838383838383838383838383
        41  <<<<<<<<<<<<<<<<  3c3c3c3c3c3c3c3c3c3c3c3c3c3c3c3c
        39  ................  85858585858585858585858585858585
        33  ................  dededededededededededededededede
        31  ................  dadadadadadadadadadadadadadadada
        31  ,,,,,,,,,,,,,,,,  2c2c2c2c2c2c2c2c2c2c2c2c2c2c2c2c
# epoch 1420  H=7.7547 C=7.3425 HO=0.4122  A(t)=138
        67  ................  ffffffffffffffffffffffffffffffff
        66  ::::::::::::::::  3a3a3a3a3a3a3a3a3a3a3a3a3a3a3a3a
        55  }}}}}}}}}}}}}}}}  7d7d7d7d7d7d7d7d7d7d7d7d7d7d7d7d
        46  ////////////////  2f2f2f2f2f2f2f2f2f2f2f2f2f2f2f2f
        40  ................  83838383838383838383838383838383
        39  <<<<<<<<<<<<<<<<  3c3c3c3c3c3c3c3c3c3c3c3c3c3c3c3c
        36  ]]]]]]]]]]]]]]]]  5d5d5d5d5d5d5d5d5d5d5d5d5d5d5d5d
        36  [[[[[[[[[[[[[[[[  5b5b5b5b5b5b5b5b5b5b5b5b5b5b5b5b
        33  ................  85858585858585858585858585858585
        31  ................  dededededededededededededededede
# epoch 1440  H=7.7542 C=7.3468 HO=0.4074  A(t)=139
        61  ::::::::::::::::  3a3a3a3a3a3a3a3a3a3a3a3a3a3a3a3a
        48  ................  ffffffffffffffffffffffffffffffff
        45  ////////////////  2f2f2f2f2f2f2f2f2f2f2f2f2f2f2f2f
        39  <<<<<<<<<<<<<<<<  3c3c3c3c3c3c3c3c3c3c3c3c3c3c3c3c
        34  ................  83838383838383838383838383838383
        32  }}}}}}}}}}}}}}}}  7d7d7d7d7d7d7d7d7d7d7d7d7d7d7d7d
        30  ................  b2b2b2b2b2b2b2b2b2b2b2b2b2b2b2b2
        30  >>>>>>>>>>>>>>>>  3e3e3e3e3e3e3e3e3e3e3e3e3e3e3e3e
        28  [[[[[[[[[[[[[[[[  5b5b5b5b5b5b5b5b5b5b5b5b5b5b5b5b
        25  ................  dededededededededededededededede
# epoch 1460  H=7.7494 C=7.3433 HO=0.4061  A(t)=141
        91  oooooooooooooooo  6f6f6f6f6f6f6f6f6f6f6f6f6f6f6f6f
        61  ::::::::::::::::  3a3a3a3a3a3a3a3a3a3a3a3a3a3a3a3a
        39  <<<<<<<<<<<<<<<<  3c3c3c3c3c3c3c3c3c3c3c3c3c3c3c3c
        36  ................  ffffffffffffffffffffffffffffffff
        34  ................  83838383838383838383838383838383
        30  ................  b2b2b2b2b2b2b2b2b2b2b2b2b2b2b2b2
        28  ////////////////  2f2f2f2f2f2f2f2f2f2f2f2f2f2f2f2f
        27  [[[[[[[[[[[[[[[[  5b5b5b5b5b5b5b5b5b5b5b5b5b5b5b5b
        25  ................  dededededededededededededededede
        25  }}}}}}}}}}}}}}}}  7d7d7d7d7d7d7d7d7d7d7d7d7d7d7d7d
# epoch 1480  H=7.7341 C=7.2960 HO=0.4381  A(t)=143
       117  <<<<<<<<<<<<<<<<  3c3c3c3c3c3c3c3c3c3c3c3c3c3c3c3c
       114  ................  07070707070707070707070707070707
        80  oooooooooooooooo  6f6f6f6f6f6f6f6f6f6f6f6f6f6f6f6f
        48  ;;;;;;;;;;;;;;;;  3b3b3b3b3b3b3b3b3b3b3b3b3b3b3b3b
        45  ::::::::::::::::  3a3a3a3a3a3a3a3a3a3a3a3a3a3a3a3a
        42  ................  e8e8e8e8e8e8e8e8e8e8e8e8e8e8e8e8
        42  ................  a8a8a8a8a8a8a8a8a8a8a8a8a8a8a8a8
        34  ................  83838383838383838383838383838383
        30  ................  b2b2b2b2b2b2b2b2b2b2b2b2b2b2b2b2
        27  ................  ffffffffffffffffffffffffffffffff
# epoch 1500  H=7.7218 C=7.2880 HO=0.4338  A(t)=143
       118  <<<<<<<<<<<<<<<<  3c3c3c3c3c3c3c3c3c3c3c3c3c3c3c3c
       107  ................  07070707070707070707070707070707
        79  oooooooooooooooo  6f6f6f6f6f6f6f6f6f6f6f6f6f6f6f6f
        60  ,,,,,,,,,,,,,,,,  2c2c2c2c2c2c2c2c2c2c2c2c2c2c2c2c
        47  zzzzzzzzzzzzzzzz  7a7a7a7a7a7a7a7a7a7a7a7a7a7a7a7a
        42  ................  a8a8a8a8a8a8a8a8a8a8a8a8a8a8a8a8
        39  ................  e8e8e8e8e8e8e8e8e8e8e8e8e8e8e8e8
        39  ::::::::::::::::  3a3a3a3a3a3a3a3a3a3a3a3a3a3a3a3a
        35  ;;;;;;;;;;;;;;;;  3b3b3b3b3b3b3b3b3b3b3b3b3b3b3b3b
        34  ................  83838383838383838383838383838383
# epoch 1520  H=7.7205 C=7.2911 HO=0.4294  A(t)=145
       102  <<<<<<<<<<<<<<<<  3c3c3c3c3c3c3c3c3c3c3c3c3c3c3c3c
        87  ................  07070707070707070707070707070707
        73  oooooooooooooooo  6f6f6f6f6f6f6f6f6f6f6f6f6f6f6f6f
        57  ,,,,,,,,,,,,,,,,  2c2c2c2c2c2c2c2c2c2c2c2c2c2c2c2c
        48  ................  0e0e0e0e0e0e0e0e0e0e0e0e0e0e0e0e
        43  ................  a8a8a8a8a8a8a8a8a8a8a8a8a8a8a8a8
        42  zzzzzzzzzzzzzzzz  7a7a7a7a7a7a7a7a7a7a7a7a7a7a7a7a
        39  ::::::::::::::::  3a3a3a3a3a3a3a3a3a3a3a3a3a3a3a3a
        38  ................  e8e8e8e8e8e8e8e8e8e8e8e8e8e8e8e8
        36  >>>>>>>>>>>>>>>>  3e3e3e3e3e3e3e3e3e3e3e3e3e3e3e3e
# epoch 1540  H=7.7149 C=7.2740 HO=0.4408  A(t)=145
        80  <<<<<<<<<<<<<<<<  3c3c3c3c3c3c3c3c3c3c3c3c3c3c3c3c
        77  ................  07070707070707070707070707070707
        76  ~~~~~~~~~~~~~~~~  7e7e7e7e7e7e7e7e7e7e7e7e7e7e7e7e
        74  ,,,,,,,,,,,,,,,,  2c2c2c2c2c2c2c2c2c2c2c2c2c2c2c2c
        73  oooooooooooooooo  6f6f6f6f6f6f6f6f6f6f6f6f6f6f6f6f
        49  ................  c8c8c8c8c8c8c8c8c8c8c8c8c8c8c8c8
        44  ................  0e0e0e0e0e0e0e0e0e0e0e0e0e0e0e0e
        43  nnnnnnnnnnnnnnnn  6e6e6e6e6e6e6e6e6e6e6e6e6e6e6e6e
        42  zzzzzzzzzzzzzzzz  7a7a7a7a7a7a7a7a7a7a7a7a7a7a7a7a
        33  ;;;;;;;;;;;;;;;;  3b3b3b3b3b3b3b3b3b3b3b3b3b3b3b3b
# epoch 1560  H=7.7154 C=7.2834 HO=0.4319  A(t)=147
        74  ~~~~~~~~~~~~~~~~  7e7e7e7e7e7e7e7e7e7e7e7e7e7e7e7e
        62  ................  07070707070707070707070707070707
        57  ,,,,,,,,,,,,,,,,  2c2c2c2c2c2c2c2c2c2c2c2c2c2c2c2c
        51  <<<<<<<<<<<<<<<<  3c3c3c3c3c3c3c3c3c3c3c3c3c3c3c3c
        49  ................  fbfbfbfbfbfbfbfbfbfbfbfbfbfbfbfb
        48  oooooooooooooooo  6f6f6f6f6f6f6f6f6f6f6f6f6f6f6f6f
        46  ................  2e2e2e2e2e2e2e2e2e2e2e2e2e2e2e2e
        42  nnnnnnnnnnnnnnnn  6e6e6e6e6e6e6e6e6e6e6e6e6e6e6e6e
        40  ................  0e0e0e0e0e0e0e0e0e0e0e0e0e0e0e0e
        32  qqqqqqqqqqqqqqqq  71717171717171717171717171717171
# epoch 1580  H=7.7068 C=7.2601 HO=0.4467  A(t)=148
       121  nnnnnnnnnnnnnnnn  6e6e6e6e6e6e6e6e6e6e6e6e6e6e6e6e
        97  ,,,,,,,,,,,,,,,,  2c2c2c2c2c2c2c2c2c2c2c2c2c2c2c2c
        58  ~~~~~~~~~~~~~~~~  7e7e7e7e7e7e7e7e7e7e7e7e7e7e7e7e
        45  ................  a6a6a6a6a6a6a6a6a6a6a6a6a6a6a6a6
        42  ****************  2a2a2a2a2a2a2a2a2a2a2a2a2a2a2a2a
        40  ................  1a1a1a1a1a1a1a1a1a1a1a1a1a1a1a1a
        40  ................  0e0e0e0e0e0e0e0e0e0e0e0e0e0e0e0e
        40  ................  07070707070707070707070707070707
        37  oooooooooooooooo  6f6f6f6f6f6f6f6f6f6f6f6f6f6f6f6f
        37  ................  2e2e2e2e2e2e2e2e2e2e2e2e2e2e2e2e
# epoch 1600  H=7.7023 C=7.2495 HO=0.4527  A(t)=149
       246  nnnnnnnnnnnnnnnn  6e6e6e6e6e6e6e6e6e6e6e6e6e6e6e6e
       100  ,,,,,,,,,,,,,,,,  2c2c2c2c2c2c2c2c2c2c2c2c2c2c2c2c
        52  ~~~~~~~~~~~~~~~~  7e7e7e7e7e7e7e7e7e7e7e7e7e7e7e7e
        47  OOOOOOOOOOOOOOOO  4f4f4f4f4f4f4f4f4f4f4f4f4f4f4f4f
        45  ................  0a0a0a0a0a0a0a0a0a0a0a0a0a0a0a0a
        38  ................  0e0e0e0e0e0e0e0e0e0e0e0e0e0e0e0e
        37  ................  a6a6a6a6a6a6a6a6a6a6a6a6a6a6a6a6
        37  oooooooooooooooo  6f6f6f6f6f6f6f6f6f6f6f6f6f6f6f6f
        37  ................  2e2e2e2e2e2e2e2e2e2e2e2e2e2e2e2e
        37  ................  07070707070707070707070707070707
# epoch 1620  H=7.6926 C=7.2529 HO=0.4397  A(t)=150
       204  nnnnnnnnnnnnnnnn  6e6e6e6e6e6e6e6e6e6e6e6e6e6e6e6e
        71  ,,,,,,,,,,,,,,,,  2c2c2c2c2c2c2c2c2c2c2c2c2c2c2c2c
        46  OOOOOOOOOOOOOOOO  4f4f4f4f4f4f4f4f4f4f4f4f4f4f4f4f
        43  ................  0a0a0a0a0a0a0a0a0a0a0a0a0a0a0a0a
        38  ................  0e0e0e0e0e0e0e0e0e0e0e0e0e0e0e0e
        37  ................  07070707070707070707070707070707
        36  ~~~~~~~~~~~~~~~~  7e7e7e7e7e7e7e7e7e7e7e7e7e7e7e7e
        31  ................  15151515151515151515151515151515
        28  ................  e3e3e3e3e3e3e3e3e3e3e3e3e3e3e3e3
        27  ................  d6d6d6d6d6d6d6d6d6d6d6d6d6d6d6d6
# epoch 1640  H=7.6994 C=7.2572 HO=0.4422  A(t)=151
       193  nnnnnnnnnnnnnnnn  6e6e6e6e6e6e6e6e6e6e6e6e6e6e6e6e
        62  ................  ffffffffffffffffffffffffffffffff
        61  ,,,,,,,,,,,,,,,,  2c2c2c2c2c2c2c2c2c2c2c2c2c2c2c2c
        44  ................  e3e3e3e3e3e3e3e3e3e3e3e3e3e3e3e3
        40  OOOOOOOOOOOOOOOO  4f4f4f4f4f4f4f4f4f4f4f4f4f4f4f4f
        37  ................  07070707070707070707070707070707
        34  3333333333333333  33333333333333333333333333333333
        31  ................  15151515151515151515151515151515
        30  ................  0a0a0a0a0a0a0a0a0a0a0a0a0a0a0a0a
        27  }}}}}}}}}}}}}}}}  7d7d7d7d7d7d7d7d7d7d7d7d7d7d7d7d
# epoch 1660  H=7.7049 C=7.2712 HO=0.4336  A(t)=154
       180  nnnnnnnnnnnnnnnn  6e6e6e6e6e6e6e6e6e6e6e6e6e6e6e6e
        45  ................  ffffffffffffffffffffffffffffffff
        43  ,,,,,,,,,,,,,,,,  2c2c2c2c2c2c2c2c2c2c2c2c2c2c2c2c
        40  OOOOOOOOOOOOOOOO  4f4f4f4f4f4f4f4f4f4f4f4f4f4f4f4f
        36  ................  07070707070707070707070707070707
        33  ................  e3e3e3e3e3e3e3e3e3e3e3e3e3e3e3e3
        32  3333333333333333  33333333333333333333333333333333
        31  ................  bfbfbfbfbfbfbfbfbfbfbfbfbfbfbfbf
        30  ................  15151515151515151515151515151515
        30  ................  0a0a0a0a0a0a0a0a0a0a0a0a0a0a0a0a
# epoch 1680  H=7.7115 C=7.2681 HO=0.4434  A(t)=155
       177  nnnnnnnnnnnnnnnn  6e6e6e6e6e6e6e6e6e6e6e6e6e6e6e6e
        55  ................  1d1d1d1d1d1d1d1d1d1d1d1d1d1d1d1d
        48  ................  dddddddddddddddddddddddddddddddd
        44  5555555555555555  35353535353535353535353535353535
        39  OOOOOOOOOOOOOOOO  4f4f4f4f4f4f4f4f4f4f4f4f4f4f4f4f
        39  ,,,,,,,,,,,,,,,,  2c2c2c2c2c2c2c2c2c2c2c2c2c2c2c2c
        36  ................  07070707070707070707070707070707
        31  ................  e3e3e3e3e3e3e3e3e3e3e3e3e3e3e3e3
        30  ................  15151515151515151515151515151515
        29  ................  ffffffffffffffffffffffffffffffff
# epoch 1700  H=7.7199 C=7.2640 HO=0.4559  A(t)=156
       160  nnnnnnnnnnnnnnnn  6e6e6e6e6e6e6e6e6e6e6e6e6e6e6e6e
        48  DDDDDDDDDDDDDDDD  44444444444444444444444444444444
        43  5555555555555555  35353535353535353535353535353535
        42  [[[[[[[[[[[[[[[[  5b5b5b5b5b5b5b5b5b5b5b5b5b5b5b5b
        40  ................  dddddddddddddddddddddddddddddddd
        38  OOOOOOOOOOOOOOOO  4f4f4f4f4f4f4f4f4f4f4f4f4f4f4f4f
        38  ,,,,,,,,,,,,,,,,  2c2c2c2c2c2c2c2c2c2c2c2c2c2c2c2c
        36  ................  07070707070707070707070707070707
        34  ................  8f8f8f8f8f8f8f8f8f8f8f8f8f8f8f8f
        33  ................  1d1d1d1d1d1d1d1d1d1d1d1d1d1d1d1d
# epoch 1720  H=7.7129 C=7.2539 HO=0.4589  A(t)=157
       138  nnnnnnnnnnnnnnnn  6e6e6e6e6e6e6e6e6e6e6e6e6e6e6e6e
        45  ****************  2a2a2a2a2a2a2a2a2a2a2a2a2a2a2a2a
        44  DDDDDDDDDDDDDDDD  44444444444444444444444444444444
        42  5555555555555555  35353535353535353535353535353535
        39  ................  b9b9b9b9b9b9b9b9b9b9b9b9b9b9b9b9
        38  ................  dddddddddddddddddddddddddddddddd
        38  ,,,,,,,,,,,,,,,,  2c2c2c2c2c2c2c2c2c2c2c2c2c2c2c2c
        35  ................  10101010101010101010101010101010
        34  ................  8f8f8f8f8f8f8f8f8f8f8f8f8f8f8f8f
        33  ;;;;;;;;;;;;;;;;  3b3b3b3b3b3b3b3b3b3b3b3b3b3b3b3b
# epoch 1740  H=7.7001 C=7.2451 HO=0.4549  A(t)=158
        96  nnnnnnnnnnnnnnnn  6e6e6e6e6e6e6e6e6e6e6e6e6e6e6e6e
        79  ,,,,,,,,,,,,,,,,  2c2c2c2c2c2c2c2c2c2c2c2c2c2c2c2c
        46  ................  04040404040404040404040404040404
        42  5555555555555555  35353535353535353535353535353535
        37  <<<<<<<<<<<<<<<<  3c3c3c3c3c3c3c3c3c3c3c3c3c3c3c3c
        37  ****************  2a2a2a2a2a2a2a2a2a2a2a2a2a2a2a2a
        35  ................  dddddddddddddddddddddddddddddddd
        34  ................  88888888888888888888888888888888
        34  ................  10101010101010101010101010101010
        33  ................  8f8f8f8f8f8f8f8f8f8f8f8f8f8f8f8f
# epoch 1760  H=7.6937 C=7.2499 HO=0.4438  A(t)=160
        81  nnnnnnnnnnnnnnnn  6e6e6e6e6e6e6e6e6e6e6e6e6e6e6e6e
        69  ,,,,,,,,,,,,,,,,  2c2c2c2c2c2c2c2c2c2c2c2c2c2c2c2c
        44  ................  ebebebebebebebebebebebebebebebeb
        43  ................  04040404040404040404040404040404
        41  5555555555555555  35353535353535353535353535353535
        37  <<<<<<<<<<<<<<<<  3c3c3c3c3c3c3c3c3c3c3c3c3c3c3c3c
        35  ................  dddddddddddddddddddddddddddddddd
        34  ................  10101010101010101010101010101010
        33  ;;;;;;;;;;;;;;;;  3b3b3b3b3b3b3b3b3b3b3b3b3b3b3b3b
        33  ****************  2a2a2a2a2a2a2a2a2a2a2a2a2a2a2a2a
# epoch 1780  H=7.6936 C=7.2598 HO=0.4338  A(t)=165
        78  nnnnnnnnnnnnnnnn  6e6e6e6e6e6e6e6e6e6e6e6e6e6e6e6e
        68  ,,,,,,,,,,,,,,,,  2c2c2c2c2c2c2c2c2c2c2c2c2c2c2c2c
        44  <<<<<<<<<<<<<<<<  3c3c3c3c3c3c3c3c3c3c3c3c3c3c3c3c
        44  ################  23232323232323232323232323232323
        39  ................  04040404040404040404040404040404
        35  ................  dddddddddddddddddddddddddddddddd
        34  ................  10101010101010101010101010101010
        32  ................  07070707070707070707070707070707
        31  ................  ebebebebebebebebebebebebebebebeb
        30  ................  88888888888888888888888888888888
# epoch 1800  H=7.6976 C=7.2744 HO=0.4232  A(t)=165
        62  nnnnnnnnnnnnnnnn  6e6e6e6e6e6e6e6e6e6e6e6e6e6e6e6e
        48  ,,,,,,,,,,,,,,,,  2c2c2c2c2c2c2c2c2c2c2c2c2c2c2c2c
        45  ................  9a9a9a9a9a9a9a9a9a9a9a9a9a9a9a9a
        41  ################  23232323232323232323232323232323
        39  ................  04040404040404040404040404040404
        37  <<<<<<<<<<<<<<<<  3c3c3c3c3c3c3c3c3c3c3c3c3c3c3c3c
        35  ................  dddddddddddddddddddddddddddddddd
        35  ++++++++++++++++  2b2b2b2b2b2b2b2b2b2b2b2b2b2b2b2b
        31  ................  ebebebebebebebebebebebebebebebeb
        30  ................  88888888888888888888888888888888
# epoch 1820  H=7.6964 C=7.2717 HO=0.4247  A(t)=170
        74  ,,,,,,,,,,,,,,,,  2c2c2c2c2c2c2c2c2c2c2c2c2c2c2c2c
        49  nnnnnnnnnnnnnnnn  6e6e6e6e6e6e6e6e6e6e6e6e6e6e6e6e
        46  ................  0c0c0c0c0c0c0c0c0c0c0c0c0c0c0c0c
        43  ................  9a9a9a9a9a9a9a9a9a9a9a9a9a9a9a9a
        41  ################  23232323232323232323232323232323
        39  ................  04040404040404040404040404040404
        35  ................  dddddddddddddddddddddddddddddddd
        30  ++++++++++++++++  2b2b2b2b2b2b2b2b2b2b2b2b2b2b2b2b
        26  CCCCCCCCCCCCCCCC  43434343434343434343434343434343
        26  5555555555555555  35353535353535353535353535353535
# epoch 1840  H=7.6930 C=7.2500 HO=0.4430  A(t)=170
        72  ,,,,,,,,,,,,,,,,  2c2c2c2c2c2c2c2c2c2c2c2c2c2c2c2c
        43  ................  9a9a9a9a9a9a9a9a9a9a9a9a9a9a9a9a
        43  }}}}}}}}}}}}}}}}  7d7d7d7d7d7d7d7d7d7d7d7d7d7d7d7d
        40  ................  c4c4c4c4c4c4c4c4c4c4c4c4c4c4c4c4
        40  ................  b4b4b4b4b4b4b4b4b4b4b4b4b4b4b4b4
        40  ################  23232323232323232323232323232323
        39  nnnnnnnnnnnnnnnn  6e6e6e6e6e6e6e6e6e6e6e6e6e6e6e6e
        35  ................  dddddddddddddddddddddddddddddddd
        30  XXXXXXXXXXXXXXXX  58585858585858585858585858585858
        30  ++++++++++++++++  2b2b2b2b2b2b2b2b2b2b2b2b2b2b2b2b
# epoch 1860  H=7.6814 C=7.2318 HO=0.4496  A(t)=170
       114  <<<<<<<<<<<<<<<<  3c3c3c3c3c3c3c3c3c3c3c3c3c3c3c3c
        67  ................  04040404040404040404040404040404
        66  ,,,,,,,,,,,,,,,,  2c2c2c2c2c2c2c2c2c2c2c2c2c2c2c2c
        49  ................  e6e6e6e6e6e6e6e6e6e6e6e6e6e6e6e6
        47  ================  3d3d3d3d3d3d3d3d3d3d3d3d3d3d3d3d
        38  nnnnnnnnnnnnnnnn  6e6e6e6e6e6e6e6e6e6e6e6e6e6e6e6e
        37  ################  23232323232323232323232323232323
        35  ................  dddddddddddddddddddddddddddddddd
        33  ................  b4b4b4b4b4b4b4b4b4b4b4b4b4b4b4b4
        32  ................  9a9a9a9a9a9a9a9a9a9a9a9a9a9a9a9a
# epoch 1880  H=7.6841 C=7.2466 HO=0.4375  A(t)=170
       149  <<<<<<<<<<<<<<<<  3c3c3c3c3c3c3c3c3c3c3c3c3c3c3c3c
        63  ,,,,,,,,,,,,,,,,  2c2c2c2c2c2c2c2c2c2c2c2c2c2c2c2c
        56  ................  04040404040404040404040404040404
        42  ................  e6e6e6e6e6e6e6e6e6e6e6e6e6e6e6e6
        42  ================  3d3d3d3d3d3d3d3d3d3d3d3d3d3d3d3d
        37  nnnnnnnnnnnnnnnn  6e6e6e6e6e6e6e6e6e6e6e6e6e6e6e6e
        37  ################  23232323232323232323232323232323
        33  ................  b4b4b4b4b4b4b4b4b4b4b4b4b4b4b4b4
        32  ................  9a9a9a9a9a9a9a9a9a9a9a9a9a9a9a9a
        26  }}}}}}}}}}}}}}}}  7d7d7d7d7d7d7d7d7d7d7d7d7d7d7d7d
# epoch 1900  H=7.6780 C=7.2489 HO=0.4291  A(t)=172
       147  <<<<<<<<<<<<<<<<  3c3c3c3c3c3c3c3c3c3c3c3c3c3c3c3c
        53  ,,,,,,,,,,,,,,,,  2c2c2c2c2c2c2c2c2c2c2c2c2c2c2c2c
        46  ................  04040404040404040404040404040404
        45  ................  e7e7e7e7e7e7e7e7e7e7e7e7e7e7e7e7
        42  ================  3d3d3d3d3d3d3d3d3d3d3d3d3d3d3d3d
        37  nnnnnnnnnnnnnnnn  6e6e6e6e6e6e6e6e6e6e6e6e6e6e6e6e
        33  ................  b4b4b4b4b4b4b4b4b4b4b4b4b4b4b4b4
        32  ................  9a9a9a9a9a9a9a9a9a9a9a9a9a9a9a9a
        26  ................  e6e6e6e6e6e6e6e6e6e6e6e6e6e6e6e6
        26  ................  83838383838383838383838383838383
# epoch 1920  H=7.6800 C=7.2513 HO=0.4287  A(t)=174
       130  <<<<<<<<<<<<<<<<  3c3c3c3c3c3c3c3c3c3c3c3c3c3c3c3c
        91  ,,,,,,,,,,,,,,,,  2c2c2c2c2c2c2c2c2c2c2c2c2c2c2c2c
        71  ================  3d3d3d3d3d3d3d3d3d3d3d3d3d3d3d3d
        39  llllllllllllllll  6c6c6c6c6c6c6c6c6c6c6c6c6c6c6c6c
        39  7777777777777777  37373737373737373737373737373737
        35  nnnnnnnnnnnnnnnn  6e6e6e6e6e6e6e6e6e6e6e6e6e6e6e6e
        33  ................  b4b4b4b4b4b4b4b4b4b4b4b4b4b4b4b4
        27  ................  9a9a9a9a9a9a9a9a9a9a9a9a9a9a9a9a
        26  }}}}}}}}}}}}}}}}  7d7d7d7d7d7d7d7d7d7d7d7d7d7d7d7d
        26  ................  04040404040404040404040404040404
# epoch 1940  H=7.6699 C=7.2456 HO=0.4243  A(t)=174
       112  <<<<<<<<<<<<<<<<  3c3c3c3c3c3c3c3c3c3c3c3c3c3c3c3c
        58  ,,,,,,,,,,,,,,,,  2c2c2c2c2c2c2c2c2c2c2c2c2c2c2c2c
        53  ================  3d3d3d3d3d3d3d3d3d3d3d3d3d3d3d3d
        36  7777777777777777  37373737373737373737373737373737
        35  nnnnnnnnnnnnnnnn  6e6e6e6e6e6e6e6e6e6e6e6e6e6e6e6e
        33  ................  b4b4b4b4b4b4b4b4b4b4b4b4b4b4b4b4
        33  SSSSSSSSSSSSSSSS  53535353535353535353535353535353
        27  ................  9a9a9a9a9a9a9a9a9a9a9a9a9a9a9a9a
        26  ................  04040404040404040404040404040404
        25  }}}}}}}}}}}}}}}}  7d7d7d7d7d7d7d7d7d7d7d7d7d7d7d7d
# epoch 1960  H=7.6680 C=7.2490 HO=0.4190  A(t)=175
        95  <<<<<<<<<<<<<<<<  3c3c3c3c3c3c3c3c3c3c3c3c3c3c3c3c
        57  ,,,,,,,,,,,,,,,,  2c2c2c2c2c2c2c2c2c2c2c2c2c2c2c2c
        47  UUUUUUUUUUUUUUUU  55555555555555555555555555555555
        45  ................  90909090909090909090909090909090
        39  ================  3d3d3d3d3d3d3d3d3d3d3d3d3d3d3d3d
        36  7777777777777777  37373737373737373737373737373737
        33  ................  b4b4b4b4b4b4b4b4b4b4b4b4b4b4b4b4
        32  SSSSSSSSSSSSSSSS  53535353535353535353535353535353
        29  nnnnnnnnnnnnnnnn  6e6e6e6e6e6e6e6e6e6e6e6e6e6e6e6e
        27  ................  9a9a9a9a9a9a9a9a9a9a9a9a9a9a9a9a
# epoch 1980  H=7.6673 C=7.2535 HO=0.4138  A(t)=176
        57  ,,,,,,,,,,,,,,,,  2c2c2c2c2c2c2c2c2c2c2c2c2c2c2c2c
        56  <<<<<<<<<<<<<<<<  3c3c3c3c3c3c3c3c3c3c3c3c3c3c3c3c
        53  XXXXXXXXXXXXXXXX  58585858585858585858585858585858
        43  UUUUUUUUUUUUUUUU  55555555555555555555555555555555
        36  7777777777777777  37373737373737373737373737373737
        33  ................  b4b4b4b4b4b4b4b4b4b4b4b4b4b4b4b4
        33  ================  3d3d3d3d3d3d3d3d3d3d3d3d3d3d3d3d
        31  SSSSSSSSSSSSSSSS  53535353535353535353535353535353
        27  ................  9a9a9a9a9a9a9a9a9a9a9a9a9a9a9a9a
        26  ................  04040404040404040404040404040404
# epoch 2000  H=7.6604 C=7.2488 HO=0.4116  A(t)=178
        90  ,,,,,,,,,,,,,,,,  2c2c2c2c2c2c2c2c2c2c2c2c2c2c2c2c
        50  XXXXXXXXXXXXXXXX  58585858585858585858585858585858
        46  <<<<<<<<<<<<<<<<  3c3c3c3c3c3c3c3c3c3c3c3c3c3c3c3c
        45  1111111111111111  31313131313131313131313131313131
        42  UUUUUUUUUUUUUUUU  55555555555555555555555555555555
        36  7777777777777777  37373737373737373737373737373737
        33  ................  b4b4b4b4b4b4b4b4b4b4b4b4b4b4b4b4
        27  ................  9a9a9a9a9a9a9a9a9a9a9a9a9a9a9a9a
        26  ................  04040404040404040404040404040404
        25  }}}}}}}}}}}}}}}}  7d7d7d7d7d7d7d7d7d7d7d7d7d7d7d7d
# epoch 2020  H=7.6528 C=7.2428 HO=0.4100  A(t)=179
       122  ,,,,,,,,,,,,,,,,  2c2c2c2c2c2c2c2c2c2c2c2c2c2c2c2c
        86  <<<<<<<<<<<<<<<<  3c3c3c3c3c3c3c3c3c3c3c3c3c3c3c3c
        49  XXXXXXXXXXXXXXXX  58585858585858585858585858585858
        45  ................  83838383838383838383838383838383
        39  1111111111111111  31313131313131313131313131313131
        36  7777777777777777  37373737373737373737373737373737
        31  UUUUUUUUUUUUUUUU  55555555555555555555555555555555
        27  ................  9a9a9a9a9a9a9a9a9a9a9a9a9a9a9a9a
        26  ................  b4b4b4b4b4b4b4b4b4b4b4b4b4b4b4b4
        25  ================  3d3d3d3d3d3d3d3d3d3d3d3d3d3d3d3d
# epoch 2040  H=7.6523 C=7.2552 HO=0.3970  A(t)=179
       103  ,,,,,,,,,,,,,,,,  2c2c2c2c2c2c2c2c2c2c2c2c2c2c2c2c
        49  <<<<<<<<<<<<<<<<  3c3c3c3c3c3c3c3c3c3c3c3c3c3c3c3c
        45  ~~~~~~~~~~~~~~~~  7e7e7e7e7e7e7e7e7e7e7e7e7e7e7e7e
        45  XXXXXXXXXXXXXXXX  58585858585858585858585858585858
        40  ................  83838383838383838383838383838383
        36  7777777777777777  37373737373737373737373737373737
        32  1111111111111111  31313131313131313131313131313131
        31  UUUUUUUUUUUUUUUU  55555555555555555555555555555555
        27  ................  9a9a9a9a9a9a9a9a9a9a9a9a9a9a9a9a
        26  ................  14141414141414141414141414141414
# epoch 2060  H=7.6552 C=7.2769 HO=0.3783  A(t)=179
       102  ,,,,,,,,,,,,,,,,  2c2c2c2c2c2c2c2c2c2c2c2c2c2c2c2c
        42  <<<<<<<<<<<<<<<<  3c3c3c3c3c3c3c3c3c3c3c3c3c3c3c3c
        40  XXXXXXXXXXXXXXXX  58585858585858585858585858585858
        36  7777777777777777  37373737373737373737373737373737
        32  1111111111111111  31313131313131313131313131313131
        31  UUUUUUUUUUUUUUUU  55555555555555555555555555555555
        27  ................  9a9a9a9a9a9a9a9a9a9a9a9a9a9a9a9a
        25  ................  09090909090909090909090909090909
        23  ................  83838383838383838383838383838383
        21  ................  14141414141414141414141414141414
# epoch 2080  H=7.6475 C=7.2739 HO=0.3736  A(t)=180
       108  <<<<<<<<<<<<<<<<  3c3c3c3c3c3c3c3c3c3c3c3c3c3c3c3c
        87  ,,,,,,,,,,,,,,,,  2c2c2c2c2c2c2c2c2c2c2c2c2c2c2c2c
        31  UUUUUUUUUUUUUUUU  55555555555555555555555555555555
        30  1111111111111111  31313131313131313131313131313131
        29  ================  3d3d3d3d3d3d3d3d3d3d3d3d3d3d3d3d
        25  ................  09090909090909090909090909090909
        24  XXXXXXXXXXXXXXXX  58585858585858585858585858585858
        23  ................  83838383838383838383838383838383
        21  ................  9a9a9a9a9a9a9a9a9a9a9a9a9a9a9a9a
        20  ~~~~~~~~~~~~~~~~  7e7e7e7e7e7e7e7e7e7e7e7e7e7e7e7e
# epoch 2100  H=7.6521 C=7.2773 HO=0.3747  A(t)=180
       104  <<<<<<<<<<<<<<<<  3c3c3c3c3c3c3c3c3c3c3c3c3c3c3c3c
        65  ,,,,,,,,,,,,,,,,  2c2c2c2c2c2c2c2c2c2c2c2c2c2c2c2c
        53  ................  d6d6d6d6d6d6d6d6d6d6d6d6d6d6d6d6
        48  XXXXXXXXXXXXXXXX  58585858585858585858585858585858
        31  UUUUUUUUUUUUUUUU  55555555555555555555555555555555
        25  ................  09090909090909090909090909090909
        23  ................  83838383838383838383838383838383
        21  ................  9a9a9a9a9a9a9a9a9a9a9a9a9a9a9a9a
        19  ................  e7e7e7e7e7e7e7e7e7e7e7e7e7e7e7e7
        19  \\\\\\\\\\\\\\\\  5c5c5c5c5c5c5c5c5c5c5c5c5c5c5c5c
# epoch 2120  H=7.6488 C=7.2803 HO=0.3686  A(t)=181
        91  <<<<<<<<<<<<<<<<  3c3c3c3c3c3c3c3c3c3c3c3c3c3c3c3c
        52  ,,,,,,,,,,,,,,,,  2c2c2c2c2c2c2c2c2c2c2c2c2c2c2c2c
        45  ................  d6d6d6d6d6d6d6d6d6d6d6d6d6d6d6d6
        32  ................  a2a2a2a2a2a2a2a2a2a2a2a2a2a2a2a2
        31  XXXXXXXXXXXXXXXX  58585858585858585858585858585858
        26  UUUUUUUUUUUUUUUU  55555555555555555555555555555555
        25  ................  09090909090909090909090909090909
        23  ................  83838383838383838383838383838383
        21  ................  9a9a9a9a9a9a9a9a9a9a9a9a9a9a9a9a
        19  \\\\\\\\\\\\\\\\  5c5c5c5c5c5c5c5c5c5c5c5c5c5c5c5c
# epoch 2140  H=7.6504 C=7.2778 HO=0.3726  A(t)=181
        73  <<<<<<<<<<<<<<<<  3c3c3c3c3c3c3c3c3c3c3c3c3c3c3c3c
        52  ,,,,,,,,,,,,,,,,  2c2c2c2c2c2c2c2c2c2c2c2c2c2c2c2c
        49  kkkkkkkkkkkkkkkk  6b6b6b6b6b6b6b6b6b6b6b6b6b6b6b6b
        47  ................  e8e8e8e8e8e8e8e8e8e8e8e8e8e8e8e8
        45  ................  eeeeeeeeeeeeeeeeeeeeeeeeeeeeeeee
        41  ................  d6d6d6d6d6d6d6d6d6d6d6d6d6d6d6d6
        31  ................  a2a2a2a2a2a2a2a2a2a2a2a2a2a2a2a2
        29  XXXXXXXXXXXXXXXX  58585858585858585858585858585858
        23  ................  83838383838383838383838383838383
        22  UUUUUUUUUUUUUUUU  55555555555555555555555555555555
# epoch 2160  H=7.6445 C=7.2883 HO=0.3561  A(t)=181
        57  <<<<<<<<<<<<<<<<  3c3c3c3c3c3c3c3c3c3c3c3c3c3c3c3c
        47  kkkkkkkkkkkkkkkk  6b6b6b6b6b6b6b6b6b6b6b6b6b6b6b6b
        44  ................  e8e8e8e8e8e8e8e8e8e8e8e8e8e8e8e8
        42  ,,,,,,,,,,,,,,,,  2c2c2c2c2c2c2c2c2c2c2c2c2c2c2c2c
        41  ................  d6d6d6d6d6d6d6d6d6d6d6d6d6d6d6d6
        38  ................  eeeeeeeeeeeeeeeeeeeeeeeeeeeeeeee
        23  ................  83838383838383838383838383838383
        22  UUUUUUUUUUUUUUUU  55555555555555555555555555555555
        19  \\\\\\\\\\\\\\\\  5c5c5c5c5c5c5c5c5c5c5c5c5c5c5c5c
        19  >>>>>>>>>>>>>>>>  3e3e3e3e3e3e3e3e3e3e3e3e3e3e3e3e
# epoch 2180  H=7.6485 C=7.3009 HO=0.3476  A(t)=181
        53  <<<<<<<<<<<<<<<<  3c3c3c3c3c3c3c3c3c3c3c3c3c3c3c3c
        51  PPPPPPPPPPPPPPPP  50505050505050505050505050505050
        44  ................  e8e8e8e8e8e8e8e8e8e8e8e8e8e8e8e8
        38  ................  eeeeeeeeeeeeeeeeeeeeeeeeeeeeeeee
        38  ................  d6d6d6d6d6d6d6d6d6d6d6d6d6d6d6d6
        36  ,,,,,,,,,,,,,,,,  2c2c2c2c2c2c2c2c2c2c2c2c2c2c2c2c
        33  kkkkkkkkkkkkkkkk  6b6b6b6b6b6b6b6b6b6b6b6b6b6b6b6b
        19  \\\\\\\\\\\\\\\\  5c5c5c5c5c5c5c5c5c5c5c5c5c5c5c5c
        18  ~~~~~~~~~~~~~~~~  7e7e7e7e7e7e7e7e7e7e7e7e7e7e7e7e
        17  ................  a2a2a2a2a2a2a2a2a2a2a2a2a2a2a2a2
# epoch 2200  H=7.6497 C=7.3173 HO=0.3324  A(t)=182
        50  <<<<<<<<<<<<<<<<  3c3c3c3c3c3c3c3c3c3c3c3c3c3c3c3c
        43  ................  e8e8e8e8e8e8e8e8e8e8e8e8e8e8e8e8
        38  ................  d6d6d6d6d6d6d6d6d6d6d6d6d6d6d6d6
        33  kkkkkkkkkkkkkkkk  6b6b6b6b6b6b6b6b6b6b6b6b6b6b6b6b
        28  ................  eeeeeeeeeeeeeeeeeeeeeeeeeeeeeeee
        23  PPPPPPPPPPPPPPPP  50505050505050505050505050505050
        21  ,,,,,,,,,,,,,,,,  2c2c2c2c2c2c2c2c2c2c2c2c2c2c2c2c
        19  \\\\\\\\\\\\\\\\  5c5c5c5c5c5c5c5c5c5c5c5c5c5c5c5c
        17  ................  a2a2a2a2a2a2a2a2a2a2a2a2a2a2a2a2
        17  ................  9a9a9a9a9a9a9a9a9a9a9a9a9a9a9a9a
# epoch 2220  H=7.6415 C=7.3060 HO=0.3354  A(t)=183
        50  <<<<<<<<<<<<<<<<  3c3c3c3c3c3c3c3c3c3c3c3c3c3c3c3c
        46  ................  89898989898989898989898989898989
        38  ................  d6d6d6d6d6d6d6d6d6d6d6d6d6d6d6d6
        33  kkkkkkkkkkkkkkkk  6b6b6b6b6b6b6b6b6b6b6b6b6b6b6b6b
        31  ................  e8e8e8e8e8e8e8e8e8e8e8e8e8e8e8e8
        28  ................  eeeeeeeeeeeeeeeeeeeeeeeeeeeeeeee
        22  PPPPPPPPPPPPPPPP  50505050505050505050505050505050
        21  ,,,,,,,,,,,,,,,,  2c2c2c2c2c2c2c2c2c2c2c2c2c2c2c2c
        20  ))))))))))))))))  29292929292929292929292929292929
        19  \\\\\\\\\\\\\\\\  5c5c5c5c5c5c5c5c5c5c5c5c5c5c5c5c
# epoch 2240  H=7.6394 C=7.3177 HO=0.3217  A(t)=183
        44  ................  89898989898989898989898989898989
        38  <<<<<<<<<<<<<<<<  3c3c3c3c3c3c3c3c3c3c3c3c3c3c3c3c
        31  ................  e8e8e8e8e8e8e8e8e8e8e8e8e8e8e8e8
        31  ................  d6d6d6d6d6d6d6d6d6d6d6d6d6d6d6d6
        31  kkkkkkkkkkkkkkkk  6b6b6b6b6b6b6b6b6b6b6b6b6b6b6b6b
        28  ................  eeeeeeeeeeeeeeeeeeeeeeeeeeeeeeee
        22  PPPPPPPPPPPPPPPP  50505050505050505050505050505050
        21  ,,,,,,,,,,,,,,,,  2c2c2c2c2c2c2c2c2c2c2c2c2c2c2c2c
        19  ))))))))))))))))  29292929292929292929292929292929
        18  \\\\\\\\\\\\\\\\  5c5c5c5c5c5c5c5c5c5c5c5c5c5c5c5c
# epoch 2260  H=7.6418 C=7.3171 HO=0.3246  A(t)=183
       115  <<<<<<<<<<<<<<<<  3c3c3c3c3c3c3c3c3c3c3c3c3c3c3c3c
        42  ................  89898989898989898989898989898989
        31  ................  e8e8e8e8e8e8e8e8e8e8e8e8e8e8e8e8
        31  ................  d6d6d6d6d6d6d6d6d6d6d6d6d6d6d6d6
        31  kkkkkkkkkkkkkkkk  6b6b6b6b6b6b6b6b6b6b6b6b6b6b6b6b
        28  ................  eeeeeeeeeeeeeeeeeeeeeeeeeeeeeeee
        22  PPPPPPPPPPPPPPPP  50505050505050505050505050505050
        18  \\\\\\\\\\\\\\\\  5c5c5c5c5c5c5c5c5c5c5c5c5c5c5c5c
        18  ================  3d3d3d3d3d3d3d3d3d3d3d3d3d3d3d3d
        17  ))))))))))))))))  29292929292929292929292929292929
# epoch 2280  H=7.6381 C=7.3187 HO=0.3194  A(t)=183
       144  <<<<<<<<<<<<<<<<  3c3c3c3c3c3c3c3c3c3c3c3c3c3c3c3c
        36  ................  89898989898989898989898989898989
        31  kkkkkkkkkkkkkkkk  6b6b6b6b6b6b6b6b6b6b6b6b6b6b6b6b
        28  ................  eeeeeeeeeeeeeeeeeeeeeeeeeeeeeeee
        26  ................  e8e8e8e8e8e8e8e8e8e8e8e8e8e8e8e8
        18  PPPPPPPPPPPPPPPP  50505050505050505050505050505050
        17  ))))))))))))))))  29292929292929292929292929292929
        15  ................  d6d6d6d6d6d6d6d6d6d6d6d6d6d6d6d6
        15  ================  3d3d3d3d3d3d3d3d3d3d3d3d3d3d3d3d
        14  ................  cfcfcfcfcfcfcfcfcfcfcfcfcfcfcfcf
# epoch 2300  H=7.6413 C=7.3129 HO=0.3284  A(t)=187
       127  <<<<<<<<<<<<<<<<  3c3c3c3c3c3c3c3c3c3c3c3c3c3c3c3c
        46  2222222222222222  32323232323232323232323232323232
        43  ................  03030303030303030303030303030303
        35  ................  89898989898989898989898989898989
        28  ................  eeeeeeeeeeeeeeeeeeeeeeeeeeeeeeee
        26  ................  e8e8e8e8e8e8e8e8e8e8e8e8e8e8e8e8
        26  kkkkkkkkkkkkkkkk  6b6b6b6b6b6b6b6b6b6b6b6b6b6b6b6b
        21  Y.Y.Y.Y.Y.Y.Y.Y.  59d859d859d859d859d859d859d859d8
        20  .Y.Y.Y.Y.Y.Y.Y.Y  d859d859d859d859d859d859d859d859
        18  PPPPPPPPPPPPPPPP  50505050505050505050505050505050
# epoch 2320  H=7.6423 C=7.3129 HO=0.3294  A(t)=187
       104  <<<<<<<<<<<<<<<<  3c3c3c3c3c3c3c3c3c3c3c3c3c3c3c3c
        50  %%%%%%%%%%%%%%%%  25252525252525252525252525252525
        42  ................  03030303030303030303030303030303
        39  2222222222222222  32323232323232323232323232323232
        39  ................  02020202020202020202020202020202
        33  ................  89898989898989898989898989898989
        28  >>>>>>>>>>>>>>>>  3e3e3e3e3e3e3e3e3e3e3e3e3e3e3e3e
        26  ................  e8e8e8e8e8e8e8e8e8e8e8e8e8e8e8e8
        17  ))))))))))))))))  29292929292929292929292929292929
        15  ................  d6d6d6d6d6d6d6d6d6d6d6d6d6d6d6d6
# epoch 2340  H=7.6529 C=7.3258 HO=0.3271  A(t)=188
        57  <<<<<<<<<<<<<<<<  3c3c3c3c3c3c3c3c3c3c3c3c3c3c3c3c
        41  ................  03030303030303030303030303030303
        39  ................  02020202020202020202020202020202
        38  2222222222222222  32323232323232323232323232323232
        37  >>>>>>>>>>>>>>>>  3e3e3e3e3e3e3e3e3e3e3e3e3e3e3e3e
        37  ................  13131313131313131313131313131313
        33  9999999999999999  39393939393939393939393939393939
        30  %%%%%%%%%%%%%%%%  25252525252525252525252525252525
        29  ................  89898989898989898989898989898989
        26  ................  e8e8e8e8e8e8e8e8e8e8e8e8e8e8e8e8
# epoch 2360  H=7.6613 C=7.3446 HO=0.3167  A(t)=189
        46  <<<<<<<<<<<<<<<<  3c3c3c3c3c3c3c3c3c3c3c3c3c3c3c3c
        44  ................  87878787878787878787878787878787
        41  ................  03030303030303030303030303030303
        38  ................  02020202020202020202020202020202
        37  2222222222222222  32323232323232323232323232323232
        33  9999999999999999  39393939393939393939393939393939
        30  >>>>>>>>>>>>>>>>  3e3e3e3e3e3e3e3e3e3e3e3e3e3e3e3e
        26  ................  e8e8e8e8e8e8e8e8e8e8e8e8e8e8e8e8
        26  ................  89898989898989898989898989898989
        26  %%%%%%%%%%%%%%%%  25252525252525252525252525252525
# epoch 2380  H=7.6655 C=7.3503 HO=0.3151  A(t)=193
        45  ;;;;;;;;;;;;;;;;  3b3b3b3b3b3b3b3b3b3b3b3b3b3b3b3b
        43  ................  87878787878787878787878787878787
        41  ................  03030303030303030303030303030303
        37  ................  93939393939393939393939393939393
        32  <<<<<<<<<<<<<<<<  3c3c3c3c3c3c3c3c3c3c3c3c3c3c3c3c
        32  9999999999999999  39393939393939393939393939393939
        26  ................  e8e8e8e8e8e8e8e8e8e8e8e8e8e8e8e8
        26  ................  89898989898989898989898989898989
        23  %%%%%%%%%%%%%%%%  25252525252525252525252525252525
        21  ................  02020202020202020202020202020202
# epoch 2400  H=7.6619 C=7.3303 HO=0.3316  A(t)=193
        86  ................  0c0c0c0c0c0c0c0c0c0c0c0c0c0c0c0c
        48  ................  c6c6c6c6c6c6c6c6c6c6c6c6c6c6c6c6
        45  ................  fafafafafafafafafafafafafafafafa
        41  ................  13131313131313131313131313131313
        41  ................  03030303030303030303030303030303
        37  ................  93939393939393939393939393939393
        29  >>>>>>>>>>>>>>>>  3e3e3e3e3e3e3e3e3e3e3e3e3e3e3e3e
        26  ................  e8e8e8e8e8e8e8e8e8e8e8e8e8e8e8e8
        26  ................  89898989898989898989898989898989
        26  ................  87878787878787878787878787878787
# epoch 2420  H=7.6611 C=7.3384 HO=0.3228  A(t)=194
        46  ................  c6c6c6c6c6c6c6c6c6c6c6c6c6c6c6c6
        45  ................  0c0c0c0c0c0c0c0c0c0c0c0c0c0c0c0c
        41  ................  13131313131313131313131313131313
        38  ................  fafafafafafafafafafafafafafafafa
        34  ................  93939393939393939393939393939393
        33  ................  03030303030303030303030303030303
        28  >>>>>>>>>>>>>>>>  3e3e3e3e3e3e3e3e3e3e3e3e3e3e3e3e
        26  ................  89898989898989898989898989898989
        26  ................  87878787878787878787878787878787
        23  %%%%%%%%%%%%%%%%  25252525252525252525252525252525
# epoch 2440  H=7.6602 C=7.3406 HO=0.3196  A(t)=194
        45  ................  0c0c0c0c0c0c0c0c0c0c0c0c0c0c0c0c
        42  ................  c6c6c6c6c6c6c6c6c6c6c6c6c6c6c6c6
        40  OOOOOOOOOOOOOOOO  4f4f4f4f4f4f4f4f4f4f4f4f4f4f4f4f
        37  ................  fafafafafafafafafafafafafafafafa
        33  ................  03030303030303030303030303030303
        30  ================  3d3d3d3d3d3d3d3d3d3d3d3d3d3d3d3d
        28  ................  87878787878787878787878787878787
        24  ................  89898989898989898989898989898989
        23  %%%%%%%%%%%%%%%%  25252525252525252525252525252525
        22  ................  13131313131313131313131313131313
# epoch 2460  H=7.6634 C=7.3364 HO=0.3269  A(t)=196
        50  <<<<<<<<<<<<<<<<  3c3c3c3c3c3c3c3c3c3c3c3c3c3c3c3c
        44  ................  0f0f0f0f0f0f0f0f0f0f0f0f0f0f0f0f
        42  ................  0c0c0c0c0c0c0c0c0c0c0c0c0c0c0c0c
        40  OOOOOOOOOOOOOOOO  4f4f4f4f4f4f4f4f4f4f4f4f4f4f4f4f
        38  ................  c6c6c6c6c6c6c6c6c6c6c6c6c6c6c6c6
        37  ................  fafafafafafafafafafafafafafafafa
        28  ================  3d3d3d3d3d3d3d3d3d3d3d3d3d3d3d3d
        26  ................  abababababababababababababababab
        26  ................  87878787878787878787878787878787
        24  ................  89898989898989898989898989898989
# epoch 2480  H=7.6606 C=7.3350 HO=0.3256  A(t)=197
        42  ................  0f0f0f0f0f0f0f0f0f0f0f0f0f0f0f0f
        40  OOOOOOOOOOOOOOOO  4f4f4f4f4f4f4f4f4f4f4f4f4f4f4f4f
        40  ................  0c0c0c0c0c0c0c0c0c0c0c0c0c0c0c0c
        38  ................  c6c6c6c6c6c6c6c6c6c6c6c6c6c6c6c6
        37  9999999999999999  39393939393939393939393939393939
        35  ................  fafafafafafafafafafafafafafafafa
        32  <<<<<<<<<<<<<<<<  3c3c3c3c3c3c3c3c3c3c3c3c3c3c3c3c
        28  ================  3d3d3d3d3d3d3d3d3d3d3d3d3d3d3d3d
        26  ................  87878787878787878787878787878787
        24  ................  89898989898989898989898989898989
# epoch 2500  H=7.6523 C=7.3191 HO=0.3332  A(t)=197
       114  ,,,,,,,,,,,,,,,,  2c2c2c2c2c2c2c2c2c2c2c2c2c2c2c2c
        44  0000000000000000  30303030303030303030303030303030
        42  ................  0f0f0f0f0f0f0f0f0f0f0f0f0f0f0f0f
        40  OOOOOOOOOOOOOOOO  4f4f4f4f4f4f4f4f4f4f4f4f4f4f4f4f
        36  ................  c6c6c6c6c6c6c6c6c6c6c6c6c6c6c6c6
        35  ................  fafafafafafafafafafafafafafafafa
        27  ================  3d3d3d3d3d3d3d3d3d3d3d3d3d3d3d3d
        27  <<<<<<<<<<<<<<<<  3c3c3c3c3c3c3c3c3c3c3c3c3c3c3c3c
        26  ::::::::::::::::  3a3a3a3a3a3a3a3a3a3a3a3a3a3a3a3a
        25  ................  87878787878787878787878787878787
# epoch 2520  H=7.6502 C=7.3173 HO=0.3330  A(t)=197
       109  ,,,,,,,,,,,,,,,,  2c2c2c2c2c2c2c2c2c2c2c2c2c2c2c2c
        46  8888888888888888  38383838383838383838383838383838
        45  ................  14141414141414141414141414141414
        42  ................  0f0f0f0f0f0f0f0f0f0f0f0f0f0f0f0f
        41  0000000000000000  30303030303030303030303030303030
        40  OOOOOOOOOOOOOOOO  4f4f4f4f4f4f4f4f4f4f4f4f4f4f4f4f
        36  ................  c6c6c6c6c6c6c6c6c6c6c6c6c6c6c6c6
        35  >>>>>>>>>>>>>>>>  3e3e3e3e3e3e3e3e3e3e3e3e3e3e3e3e
        34  ................  fafafafafafafafafafafafafafafafa
        27  ================  3d3d3d3d3d3d3d3d3d3d3d3d3d3d3d3d
# epoch 2540  H=7.6448 C=7.3173 HO=0.3276  A(t)=199
        92  ,,,,,,,,,,,,,,,,  2c2c2c2c2c2c2c2c2c2c2c2c2c2c2c2c
        60  ................  0c0c0c0c0c0c0c0c0c0c0c0c0c0c0c0c
        42  ................  0f0f0f0f0f0f0f0f0f0f0f0f0f0f0f0f
        37  >>>>>>>>>>>>>>>>  3e3e3e3e3e3e3e3e3e3e3e3e3e3e3e3e
        36  ................  fafafafafafafafafafafafafafafafa
        36  ................  c6c6c6c6c6c6c6c6c6c6c6c6c6c6c6c6
        27  ================  3d3d3d3d3d3d3d3d3d3d3d3d3d3d3d3d
        27  <<<<<<<<<<<<<<<<  3c3c3c3c3c3c3c3c3c3c3c3c3c3c3c3c
        27  0000000000000000  30303030303030303030303030303030
        24  ................  89898989898989898989898989898989
# epoch 2560  H=7.6437 C=7.3219 HO=0.3218  A(t)=199
       106  ,,,,,,,,,,,,,,,,  2c2c2c2c2c2c2c2c2c2c2c2c2c2c2c2c
        45  ................  0c0c0c0c0c0c0c0c0c0c0c0c0c0c0c0c
        41  ................  0f0f0f0f0f0f0f0f0f0f0f0f0f0f0f0f
        35  ................  c6c6c6c6c6c6c6c6c6c6c6c6c6c6c6c6
        27  ================  3d3d3d3d3d3d3d3d3d3d3d3d3d3d3d3d
        27  <<<<<<<<<<<<<<<<  3c3c3c3c3c3c3c3c3c3c3c3c3c3c3c3c
        27  0000000000000000  30303030303030303030303030303030
        26  ................  fafafafafafafafafafafafafafafafa
        24  ................  89898989898989898989898989898989
        24  8888888888888888  38383838383838383838383838383838
# epoch 2580  H=7.6342 C=7.3047 HO=0.3295  A(t)=200
       113  ,,,,,,,,,,,,,,,,  2c2c2c2c2c2c2c2c2c2c2c2c2c2c2c2c
        59  <<<<<<<<<<<<<<<<  3c3c3c3c3c3c3c3c3c3c3c3c3c3c3c3c
        49  ................  a7a7a7a7a7a7a7a7a7a7a7a7a7a7a7a7
        41  ................  0f0f0f0f0f0f0f0f0f0f0f0f0f0f0f0f
        36  ................  0c0c0c0c0c0c0c0c0c0c0c0c0c0c0c0c
        35  ................  c6c6c6c6c6c6c6c6c6c6c6c6c6c6c6c6
        29  ................  12121212121212121212121212121212
        28  ................  a3a3a3a3a3a3a3a3a3a3a3a3a3a3a3a3
        27  ================  3d3d3d3d3d3d3d3d3d3d3d3d3d3d3d3d
        26  ................  fafafafafafafafafafafafafafafafa
# epoch 2600  H=7.6320 C=7.2942 HO=0.3378  A(t)=200
       132  ,,,,,,,,,,,,,,,,  2c2c2c2c2c2c2c2c2c2c2c2c2c2c2c2c
        58  <<<<<<<<<<<<<<<<  3c3c3c3c3c3c3c3c3c3c3c3c3c3c3c3c
        47  [[[[[[[[[[[[[[[[  5b5b5b5b5b5b5b5b5b5b5b5b5b5b5b5b
        45  ................  94949494949494949494949494949494
        42  ................  fdfdfdfdfdfdfdfdfdfdfdfdfdfdfdfd
        41  ................  0f0f0f0f0f0f0f0f0f0f0f0f0f0f0f0f
        34  ................  0c0c0c0c0c0c0c0c0c0c0c0c0c0c0c0c
        33  ................  c6c6c6c6c6c6c6c6c6c6c6c6c6c6c6c6
        33  ................  a7a7a7a7a7a7a7a7a7a7a7a7a7a7a7a7
        29  ................  12121212121212121212121212121212
# epoch 2620  H=7.6393 C=7.3082 HO=0.3311  A(t)=200
       125  ,,,,,,,,,,,,,,,,  2c2c2c2c2c2c2c2c2c2c2c2c2c2c2c2c
        79  ................  fdfdfdfdfdfdfdfdfdfdfdfdfdfdfdfd
        56  <<<<<<<<<<<<<<<<  3c3c3c3c3c3c3c3c3c3c3c3c3c3c3c3c
        39  ZZZZZZZZZZZZZZZZ  5a5a5a5a5a5a5a5a5a5a5a5a5a5a5a5a
        37  [[[[[[[[[[[[[[[[  5b5b5b5b5b5b5b5b5b5b5b5b5b5b5b5b
        33  ................  c6c6c6c6c6c6c6c6c6c6c6c6c6c6c6c6
        31  ................  a7a7a7a7a7a7a7a7a7a7a7a7a7a7a7a7
        26  ................  fafafafafafafafafafafafafafafafa
        26  ................  0c0c0c0c0c0c0c0c0c0c0c0c0c0c0c0c
        25  ................  0f0f0f0f0f0f0f0f0f0f0f0f0f0f0f0f
# epoch 2640  H=7.6282 C=7.2992 HO=0.3290  A(t)=200
        99  ,,,,,,,,,,,,,,,,  2c2c2c2c2c2c2c2c2c2c2c2c2c2c2c2c
        62  ................  fdfdfdfdfdfdfdfdfdfdfdfdfdfdfdfd
        38  ................  2e2e2e2e2e2e2e2e2e2e2e2e2e2e2e2e
        37  [[[[[[[[[[[[[[[[  5b5b5b5b5b5b5b5b5b5b5b5b5b5b5b5b
        37  ZZZZZZZZZZZZZZZZ  5a5a5a5a5a5a5a5a5a5a5a5a5a5a5a5a
        37  <<<<<<<<<<<<<<<<  3c3c3c3c3c3c3c3c3c3c3c3c3c3c3c3c
        33  ................  c6c6c6c6c6c6c6c6c6c6c6c6c6c6c6c6
        31  ................  a7a7a7a7a7a7a7a7a7a7a7a7a7a7a7a7
        21  ................  89898989898989898989898989898989
        20  ................  fafafafafafafafafafafafafafafafa
# epoch 2660  H=7.6288 C=7.2994 HO=0.3293  A(t)=202
        97  ,,,,,,,,,,,,,,,,  2c2c2c2c2c2c2c2c2c2c2c2c2c2c2c2c
        58  ................  fdfdfdfdfdfdfdfdfdfdfdfdfdfdfdfd
        37  ................  2e2e2e2e2e2e2e2e2e2e2e2e2e2e2e2e
        34  ZZZZZZZZZZZZZZZZ  5a5a5a5a5a5a5a5a5a5a5a5a5a5a5a5a
        31  ................  e0e0e0e0e0e0e0e0e0e0e0e0e0e0e0e0
        23  <<<<<<<<<<<<<<<<  3c3c3c3c3c3c3c3c3c3c3c3c3c3c3c3c
        20  ................  a7a7a7a7a7a7a7a7a7a7a7a7a7a7a7a7
        20  ................  a3a3a3a3a3a3a3a3a3a3a3a3a3a3a3a3
        20  ................  89898989898989898989898989898989
        19  UUUUUUUUUUUUUUUU  55555555555555555555555555555555
# epoch 2680  H=7.6411 C=7.3116 HO=0.3295  A(t)=204
        87  ,,,,,,,,,,,,,,,,  2c2c2c2c2c2c2c2c2c2c2c2c2c2c2c2c
        54  ................  fdfdfdfdfdfdfdfdfdfdfdfdfdfdfdfd
        41  ~~~~~~~~~~~~~~~~  7e7e7e7e7e7e7e7e7e7e7e7e7e7e7e7e
        36  ................  97979797979797979797979797979797
        35  ................  2e2e2e2e2e2e2e2e2e2e2e2e2e2e2e2e
        34  ZZZZZZZZZZZZZZZZ  5a5a5a5a5a5a5a5a5a5a5a5a5a5a5a5a
        23  <<<<<<<<<<<<<<<<  3c3c3c3c3c3c3c3c3c3c3c3c3c3c3c3c
        16  UUUUUUUUUUUUUUUU  55555555555555555555555555555555
        16  OOOOOOOOOOOOOOOO  4f4f4f4f4f4f4f4f4f4f4f4f4f4f4f4f
        15  ................  fafafafafafafafafafafafafafafafa
# epoch 2700  H=7.6355 C=7.3145 HO=0.3211  A(t)=205
        67  ,,,,,,,,,,,,,,,,  2c2c2c2c2c2c2c2c2c2c2c2c2c2c2c2c
        38  ................  fdfdfdfdfdfdfdfdfdfdfdfdfdfdfdfd
        38  ~~~~~~~~~~~~~~~~  7e7e7e7e7e7e7e7e7e7e7e7e7e7e7e7e
        35  ................  2e2e2e2e2e2e2e2e2e2e2e2e2e2e2e2e
        32  ................  97979797979797979797979797979797
        25  ................  04040404040404040404040404040404
        23  <<<<<<<<<<<<<<<<  3c3c3c3c3c3c3c3c3c3c3c3c3c3c3c3c
        16  UUUUUUUUUUUUUUUU  55555555555555555555555555555555
        15  ................  fafafafafafafafafafafafafafafafa
        15  ................  94949494949494949494949494949494
# epoch 2720  H=7.6476 C=7.3170 HO=0.3306  A(t)=212
        65  ,,,,,,,,,,,,,,,,  2c2c2c2c2c2c2c2c2c2c2c2c2c2c2c2c
        38  ................  fdfdfdfdfdfdfdfdfdfdfdfdfdfdfdfd
        38  ~~~~~~~~~~~~~~~~  7e7e7e7e7e7e7e7e7e7e7e7e7e7e7e7e
        35  ................  2e2e2e2e2e2e2e2e2e2e2e2e2e2e2e2e
        33  ................  c1c1c1c1c1c1c1c1c1c1c1c1c1c1c1c1
        32  ................  97979797979797979797979797979797
        31  ................  80808080808080808080808080808080
        25  ................  04040404040404040404040404040404
        22  <<<<<<<<<<<<<<<<  3c3c3c3c3c3c3c3c3c3c3c3c3c3c3c3c
        21  ................  94949494949494949494949494949494
# epoch 2740  H=7.6428 C=7.3271 HO=0.3156  A(t)=214
        55  ,,,,,,,,,,,,,,,,  2c2c2c2c2c2c2c2c2c2c2c2c2c2c2c2c
        42  >>>>>>>>>>>>>>>>  3e3e3e3e3e3e3e3e3e3e3e3e3e3e3e3e
        38  ................  fdfdfdfdfdfdfdfdfdfdfdfdfdfdfdfd
        35  ................  2e2e2e2e2e2e2e2e2e2e2e2e2e2e2e2e
        30  ................  97979797979797979797979797979797
        25  ................  80808080808080808080808080808080
        24  ................  04040404040404040404040404040404
        22  <<<<<<<<<<<<<<<<  3c3c3c3c3c3c3c3c3c3c3c3c3c3c3c3c
        21  ................  c1c1c1c1c1c1c1c1c1c1c1c1c1c1c1c1
        21  ................  94949494949494949494949494949494
# epoch 2760  H=7.6437 C=7.3231 HO=0.3206  A(t)=215
        35  ................  2e2e2e2e2e2e2e2e2e2e2e2e2e2e2e2e
        34  ................  fdfdfdfdfdfdfdfdfdfdfdfdfdfdfdfd
        34  ,,,,,,,,,,,,,,,,  2c2c2c2c2c2c2c2c2c2c2c2c2c2c2c2c
        32  >>>>>>>>>>>>>>>>  3e3e3e3e3e3e3e3e3e3e3e3e3e3e3e3e
        22  ................  97979797979797979797979797979797
        21  ................  94949494949494949494949494949494
        21  ~~~~~~~~~~~~~~~~  7e7e7e7e7e7e7e7e7e7e7e7e7e7e7e7e
        21  FFFFFFFFFFFFFFFF  46464646464646464646464646464646
        21  ................  04040404040404040404040404040404
        20  ................  c1c1c1c1c1c1c1c1c1c1c1c1c1c1c1c1
# epoch 2780  H=7.6398 C=7.3323 HO=0.3076  A(t)=215
        35  ................  2e2e2e2e2e2e2e2e2e2e2e2e2e2e2e2e
        34  ,,,,,,,,,,,,,,,,  2c2c2c2c2c2c2c2c2c2c2c2c2c2c2c2c
        26  >>>>>>>>>>>>>>>>  3e3e3e3e3e3e3e3e3e3e3e3e3e3e3e3e
        24  ................  fdfdfdfdfdfdfdfdfdfdfdfdfdfdfdfd
        23  ................  b2b2b2b2b2b2b2b2b2b2b2b2b2b2b2b2
        21  ................  97979797979797979797979797979797
        21  ................  94949494949494949494949494949494
        21  ~~~~~~~~~~~~~~~~  7e7e7e7e7e7e7e7e7e7e7e7e7e7e7e7e
        21  FFFFFFFFFFFFFFFF  46464646464646464646464646464646
        21  ................  04040404040404040404040404040404
# epoch 2800  H=7.6224 C=7.3112 HO=0.3112  A(t)=218
        94  ................  b3b3b3b3b3b3b3b3b3b3b3b3b3b3b3b3
        35  ................  2e2e2e2e2e2e2e2e2e2e2e2e2e2e2e2e
        32  ,,,,,,,,,,,,,,,,  2c2c2c2c2c2c2c2c2c2c2c2c2c2c2c2c
        31  >>>>>>>>>>>>>>>>  3e3e3e3e3e3e3e3e3e3e3e3e3e3e3e3e
        29  ................  acacacacacacacacacacacacacacacac
        23  ................  fdfdfdfdfdfdfdfdfdfdfdfdfdfdfdfd
        21  ................  94949494949494949494949494949494
        21  ~~~~~~~~~~~~~~~~  7e7e7e7e7e7e7e7e7e7e7e7e7e7e7e7e
        21  FFFFFFFFFFFFFFFF  46464646464646464646464646464646
        21  ................  04040404040404040404040404040404
# epoch 2820  H=7.6231 C=7.3146 HO=0.3086  A(t)=218
        46  ................  b3b3b3b3b3b3b3b3b3b3b3b3b3b3b3b3
        42  <<<<<<<<<<<<<<<<  3c3c3c3c3c3c3c3c3c3c3c3c3c3c3c3c
        35  ................  2e2e2e2e2e2e2e2e2e2e2e2e2e2e2e2e
        28  ................  acacacacacacacacacacacacacacacac
        26  ,,,,,,,,,,,,,,,,  2c2c2c2c2c2c2c2c2c2c2c2c2c2c2c2c
        23  ................  fdfdfdfdfdfdfdfdfdfdfdfdfdfdfdfd
        21  ................  94949494949494949494949494949494
        21  ~~~~~~~~~~~~~~~~  7e7e7e7e7e7e7e7e7e7e7e7e7e7e7e7e
        21  ................  04040404040404040404040404040404
        20  >>>>>>>>>>>>>>>>  3e3e3e3e3e3e3e3e3e3e3e3e3e3e3e3e
# epoch 2840  H=7.6120 C=7.3074 HO=0.3047  A(t)=219
        48  ................  8c8c8c8c8c8c8c8c8c8c8c8c8c8c8c8c
        46  ................  b3b3b3b3b3b3b3b3b3b3b3b3b3b3b3b3
        42  <<<<<<<<<<<<<<<<  3c3c3c3c3c3c3c3c3c3c3c3c3c3c3c3c
        35  ................  2e2e2e2e2e2e2e2e2e2e2e2e2e2e2e2e
        28  ................  acacacacacacacacacacacacacacacac
        26  ,,,,,,,,,,,,,,,,  2c2c2c2c2c2c2c2c2c2c2c2c2c2c2c2c
        23  ................  fdfdfdfdfdfdfdfdfdfdfdfdfdfdfdfd
        21  ................  94949494949494949494949494949494
        21  ................  04040404040404040404040404040404
        19  FFFFFFFFFFFFFFFF  46464646464646464646464646464646
# epoch 2860  H=7.6102 C=7.3093 HO=0.3009  A(t)=219
        46  ................  b3b3b3b3b3b3b3b3b3b3b3b3b3b3b3b3
        40  ................  8c8c8c8c8c8c8c8c8c8c8c8c8c8c8c8c
        36  <<<<<<<<<<<<<<<<  3c3c3c3c3c3c3c3c3c3c3c3c3c3c3c3c
        35  ................  cacacacacacacacacacacacacacacaca
        35  ................  2e2e2e2e2e2e2e2e2e2e2e2e2e2e2e2e
        28  ................  acacacacacacacacacacacacacacacac
        26  ,,,,,,,,,,,,,,,,  2c2c2c2c2c2c2c2c2c2c2c2c2c2c2c2c
        23  ................  fdfdfdfdfdfdfdfdfdfdfdfdfdfdfdfd
        21  ................  94949494949494949494949494949494
        21  ................  04040404040404040404040404040404
# epoch 2880  H=7.6053 C=7.3112 HO=0.2941  A(t)=221
        46  ................  b3b3b3b3b3b3b3b3b3b3b3b3b3b3b3b3
        35  ................  2e2e2e2e2e2e2e2e2e2e2e2e2e2e2e2e
        32  <<<<<<<<<<<<<<<<  3c3c3c3c3c3c3c3c3c3c3c3c3c3c3c3c
        27  ................  acacacacacacacacacacacacacacacac
        27  ................  8c8c8c8c8c8c8c8c8c8c8c8c8c8c8c8c
        26  ,,,,,,,,,,,,,,,,  2c2c2c2c2c2c2c2c2c2c2c2c2c2c2c2c
        25  ................  cacacacacacacacacacacacacacacaca
        23  ................  fdfdfdfdfdfdfdfdfdfdfdfdfdfdfdfd
        17  >>>>>>>>>>>>>>>>  3e3e3e3e3e3e3e3e3e3e3e3e3e3e3e3e
        15  ................  94949494949494949494949494949494
# epoch 2900  H=7.6060 C=7.3182 HO=0.2877  A(t)=221
        46  ................  b3b3b3b3b3b3b3b3b3b3b3b3b3b3b3b3
        46  7777777777777777  37373737373737373737373737373737
        35  ................  2e2e2e2e2e2e2e2e2e2e2e2e2e2e2e2e
        32  <<<<<<<<<<<<<<<<  3c3c3c3c3c3c3c3c3c3c3c3c3c3c3c3c
        27  ................  acacacacacacacacacacacacacacacac
        25  ................  cacacacacacacacacacacacacacacaca
        24  ................  8c8c8c8c8c8c8c8c8c8c8c8c8c8c8c8c
        23  ................  fdfdfdfdfdfdfdfdfdfdfdfdfdfdfdfd
        22  ,,,,,,,,,,,,,,,,  2c2c2c2c2c2c2c2c2c2c2c2c2c2c2c2c
        20  >>>>>>>>>>>>>>>>  3e3e3e3e3e3e3e3e3e3e3e3e3e3e3e3e
# epoch 2920  H=7.6132 C=7.3290 HO=0.2842  A(t)=221
        46  ................  b3b3b3b3b3b3b3b3b3b3b3b3b3b3b3b3
        35  ................  2e2e2e2e2e2e2e2e2e2e2e2e2e2e2e2e
        32  <<<<<<<<<<<<<<<<  3c3c3c3c3c3c3c3c3c3c3c3c3c3c3c3c
        31  7777777777777777  37373737373737373737373737373737
        27  ................  acacacacacacacacacacacacacacacac
        25  ++++++++++++++++  2b2b2b2b2b2b2b2b2b2b2b2b2b2b2b2b
        23  ................  8c8c8c8c8c8c8c8c8c8c8c8c8c8c8c8c
        22  ................  fdfdfdfdfdfdfdfdfdfdfdfdfdfdfdfd
        18  ,,,,,,,,,,,,,,,,  2c2c2c2c2c2c2c2c2c2c2c2c2c2c2c2c
        17  >>>>>>>>>>>>>>>>  3e3e3e3e3e3e3e3e3e3e3e3e3e3e3e3e
# epoch 2940  H=7.6176 C=7.3383 HO=0.2794  A(t)=222
        86  ................  8f8f8f8f8f8f8f8f8f8f8f8f8f8f8f8f
        38  ................  b3b3b3b3b3b3b3b3b3b3b3b3b3b3b3b3
        31  ................  2e2e2e2e2e2e2e2e2e2e2e2e2e2e2e2e
        30  7777777777777777  37373737373737373737373737373737
        27  ................  acacacacacacacacacacacacacacacac
        25  ++++++++++++++++  2b2b2b2b2b2b2b2b2b2b2b2b2b2b2b2b
        23  ................  8c8c8c8c8c8c8c8c8c8c8c8c8c8c8c8c
        22  ................  fdfdfdfdfdfdfdfdfdfdfdfdfdfdfdfd
        18  ,,,,,,,,,,,,,,,,  2c2c2c2c2c2c2c2c2c2c2c2c2c2c2c2c
        16  <<<<<<<<<<<<<<<<  3c3c3c3c3c3c3c3c3c3c3c3c3c3c3c3c
# epoch 2960  H=7.6148 C=7.3293 HO=0.2855  A(t)=224
        48  dddddddddddddddd  64646464646464646464646464646464
        47  ................  c6c6c6c6c6c6c6c6c6c6c6c6c6c6c6c6
        46  <<<<<<<<<<<<<<<<  3c3c3c3c3c3c3c3c3c3c3c3c3c3c3c3c
        43  ................  8f8f8f8f8f8f8f8f8f8f8f8f8f8f8f8f
        31  ................  2e2e2e2e2e2e2e2e2e2e2e2e2e2e2e2e
        30  7777777777777777  37373737373737373737373737373737
        25  ................  b3b3b3b3b3b3b3b3b3b3b3b3b3b3b3b3
        25  ++++++++++++++++  2b2b2b2b2b2b2b2b2b2b2b2b2b2b2b2b
        23  ................  8c8c8c8c8c8c8c8c8c8c8c8c8c8c8c8c
        22  ................  fdfdfdfdfdfdfdfdfdfdfdfdfdfdfdfd
# epoch 2980  H=7.6121 C=7.3004 HO=0.3117  A(t)=224
        60  ++++++++++++++++  2b2b2b2b2b2b2b2b2b2b2b2b2b2b2b2b
        47  dddddddddddddddd  64646464646464646464646464646464
        46  ................  c9c9c9c9c9c9c9c9c9c9c9c9c9c9c9c9
        46  AAAAAAAAAAAAAAAA  41414141414141414141414141414141
        44  ****************  2a2a2a2a2a2a2a2a2a2a2a2a2a2a2a2a
        42  ................  8f8f8f8f8f8f8f8f8f8f8f8f8f8f8f8f
        41  ................  c6c6c6c6c6c6c6c6c6c6c6c6c6c6c6c6
        41  ................  b7b7b7b7b7b7b7b7b7b7b7b7b7b7b7b7
        30  7777777777777777  37373737373737373737373737373737
        28  ................  2e2e2e2e2e2e2e2e2e2e2e2e2e2e2e2e
# epoch 3000  H=7.6138 C=7.3132 HO=0.3006  A(t)=224
        55  ++++++++++++++++  2b2b2b2b2b2b2b2b2b2b2b2b2b2b2b2b
        41  ****************  2a2a2a2a2a2a2a2a2a2a2a2a2a2a2a2a
        39  ................  c6c6c6c6c6c6c6c6c6c6c6c6c6c6c6c6
        39  ,,,,,,,,,,,,,,,,  2c2c2c2c2c2c2c2c2c2c2c2c2c2c2c2c
        38  ................  c9c9c9c9c9c9c9c9c9c9c9c9c9c9c9c9
        38  ................  8f8f8f8f8f8f8f8f8f8f8f8f8f8f8f8f
        37  ;;;;;;;;;;;;;;;;  3b3b3b3b3b3b3b3b3b3b3b3b3b3b3b3b
        35  dddddddddddddddd  64646464646464646464646464646464
        33  AAAAAAAAAAAAAAAA  41414141414141414141414141414141
        30  ................  b7b7b7b7b7b7b7b7b7b7b7b7b7b7b7b7
# epoch 3020  H=7.6119 C=7.3174 HO=0.2945  A(t)=224
        53  ++++++++++++++++  2b2b2b2b2b2b2b2b2b2b2b2b2b2b2b2b
        45  ................  d4d4d4d4d4d4d4d4d4d4d4d4d4d4d4d4
        39  ................  c6c6c6c6c6c6c6c6c6c6c6c6c6c6c6c6
        38  ****************  2a2a2a2a2a2a2a2a2a2a2a2a2a2a2a2a
        37  ,,,,,,,,,,,,,,,,  2c2c2c2c2c2c2c2c2c2c2c2c2c2c2c2c
        32  ;;;;;;;;;;;;;;;;  3b3b3b3b3b3b3b3b3b3b3b3b3b3b3b3b
        30  ................  b7b7b7b7b7b7b7b7b7b7b7b7b7b7b7b7
        30  ................  8f8f8f8f8f8f8f8f8f8f8f8f8f8f8f8f
        30  AAAAAAAAAAAAAAAA  41414141414141414141414141414141
        27  ................  2e2e2e2e2e2e2e2e2e2e2e2e2e2e2e2e
# epoch 3040  H=7.6130 C=7.3081 HO=0.3049  A(t)=225
        45  ((((((((((((((((  28282828282828282828282828282828
        43  8888888888888888  38383838383838383838383838383838
        42  ++++++++++++++++  2b2b2b2b2b2b2b2b2b2b2b2b2b2b2b2b
        39  ................  c6c6c6c6c6c6c6c6c6c6c6c6c6c6c6c6
        38  ****************  2a2a2a2a2a2a2a2a2a2a2a2a2a2a2a2a
        37  ,,,,,,,,,,,,,,,,  2c2c2c2c2c2c2c2c2c2c2c2c2c2c2c2c
        32  ;;;;;;;;;;;;;;;;  3b3b3b3b3b3b3b3b3b3b3b3b3b3b3b3b
        30  ................  d4d4d4d4d4d4d4d4d4d4d4d4d4d4d4d4
        30  ................  8f8f8f8f8f8f8f8f8f8f8f8f8f8f8f8f
        29  ................  b7b7b7b7b7b7b7b7b7b7b7b7b7b7b7b7
# epoch 3060  H=7.6226 C=7.3253 HO=0.2973  A(t)=226
        48  ................  93939393939393939393939393939393
        42  ++++++++++++++++  2b2b2b2b2b2b2b2b2b2b2b2b2b2b2b2b
        38  ****************  2a2a2a2a2a2a2a2a2a2a2a2a2a2a2a2a
        35  ,,,,,,,,,,,,,,,,  2c2c2c2c2c2c2c2c2c2c2c2c2c2c2c2c
        33  ((((((((((((((((  28282828282828282828282828282828
        32  ;;;;;;;;;;;;;;;;  3b3b3b3b3b3b3b3b3b3b3b3b3b3b3b3b
        30  ................  8f8f8f8f8f8f8f8f8f8f8f8f8f8f8f8f
        28  ................  d4d4d4d4d4d4d4d4d4d4d4d4d4d4d4d4
        27  ................  2e2e2e2e2e2e2e2e2e2e2e2e2e2e2e2e
        23  ................  c6c6c6c6c6c6c6c6c6c6c6c6c6c6c6c6
# epoch 3080  H=7.6255 C=7.3257 HO=0.2998  A(t)=226
        42  ++++++++++++++++  2b2b2b2b2b2b2b2b2b2b2b2b2b2b2b2b
        38  ****************  2a2a2a2a2a2a2a2a2a2a2a2a2a2a2a2a
        37  ................  93939393939393939393939393939393
        33  ,,,,,,,,,,,,,,,,  2c2c2c2c2c2c2c2c2c2c2c2c2c2c2c2c
        33  ((((((((((((((((  28282828282828282828282828282828
        32  ;;;;;;;;;;;;;;;;  3b3b3b3b3b3b3b3b3b3b3b3b3b3b3b3b
        27  ................  2e2e2e2e2e2e2e2e2e2e2e2e2e2e2e2e
        26  ................  d4d4d4d4d4d4d4d4d4d4d4d4d4d4d4d4
        26  ................  8f8f8f8f8f8f8f8f8f8f8f8f8f8f8f8f
        22  ................  fdfdfdfdfdfdfdfdfdfdfdfdfdfdfdfd
# epoch 3100  H=7.6257 C=7.3217 HO=0.3040  A(t)=226
        71  ................  2e2e2e2e2e2e2e2e2e2e2e2e2e2e2e2e
        67  >>>>>>>>>>>>>>>>  3e3e3e3e3e3e3e3e3e3e3e3e3e3e3e3e
        39  ++++++++++++++++  2b2b2b2b2b2b2b2b2b2b2b2b2b2b2b2b
        33  ****************  2a2a2a2a2a2a2a2a2a2a2a2a2a2a2a2a
        33  ((((((((((((((((  28282828282828282828282828282828
        30  ................  95959595959595959595959595959595
        23  ................  93939393939393939393939393939393
        22  ................  fdfdfdfdfdfdfdfdfdfdfdfdfdfdfdfd
        22  ................  c9c9c9c9c9c9c9c9c9c9c9c9c9c9c9c9
        20  ................  c6c6c6c6c6c6c6c6c6c6c6c6c6c6c6c6
# epoch 3120  H=7.6249 C=7.3240 HO=0.3009  A(t)=227
        63  ................  2e2e2e2e2e2e2e2e2e2e2e2e2e2e2e2e
        52  >>>>>>>>>>>>>>>>  3e3e3e3e3e3e3e3e3e3e3e3e3e3e3e3e
        39  ++++++++++++++++  2b2b2b2b2b2b2b2b2b2b2b2b2b2b2b2b
        33  ****************  2a2a2a2a2a2a2a2a2a2a2a2a2a2a2a2a
        33  ((((((((((((((((  28282828282828282828282828282828
        30  ................  95959595959595959595959595959595
        30  ;;;;;;;;;;;;;;;;  3b3b3b3b3b3b3b3b3b3b3b3b3b3b3b3b
        22  ................  fdfdfdfdfdfdfdfdfdfdfdfdfdfdfdfd
        22  ................  c9c9c9c9c9c9c9c9c9c9c9c9c9c9c9c9
        19  ................  93939393939393939393939393939393
# epoch 3140  H=7.6307 C=7.3381 HO=0.2926  A(t)=227
        63  ................  2e2e2e2e2e2e2e2e2e2e2e2e2e2e2e2e
        54  >>>>>>>>>>>>>>>>  3e3e3e3e3e3e3e3e3e3e3e3e3e3e3e3e
        39  ++++++++++++++++  2b2b2b2b2b2b2b2b2b2b2b2b2b2b2b2b
        33  ****************  2a2a2a2a2a2a2a2a2a2a2a2a2a2a2a2a
        33  ((((((((((((((((  28282828282828282828282828282828
        30  ;;;;;;;;;;;;;;;;  3b3b3b3b3b3b3b3b3b3b3b3b3b3b3b3b
        22  ................  fdfdfdfdfdfdfdfdfdfdfdfdfdfdfdfd
        22  ................  c9c9c9c9c9c9c9c9c9c9c9c9c9c9c9c9
        19  ................  93939393939393939393939393939393
        19  AAAAAAAAAAAAAAAA  41414141414141414141414141414141
# epoch 3160  H=7.6262 C=7.3392 HO=0.2869  A(t)=227
        53  ................  2e2e2e2e2e2e2e2e2e2e2e2e2e2e2e2e
        48  ................  17171717171717171717171717171717
        39  ++++++++++++++++  2b2b2b2b2b2b2b2b2b2b2b2b2b2b2b2b
        33  ****************  2a2a2a2a2a2a2a2a2a2a2a2a2a2a2a2a
        33  ((((((((((((((((  28282828282828282828282828282828
        30  ;;;;;;;;;;;;;;;;  3b3b3b3b3b3b3b3b3b3b3b3b3b3b3b3b
        28  >>>>>>>>>>>>>>>>  3e3e3e3e3e3e3e3e3e3e3e3e3e3e3e3e
        19  ................  93939393939393939393939393939393
        18  ................  c6c6c6c6c6c6c6c6c6c6c6c6c6c6c6c6
        17  ................  acacacacacacacacacacacacacacacac
# epoch 3180  H=7.6181 C=7.3389 HO=0.2792  A(t)=228
        53  ................  2e2e2e2e2e2e2e2e2e2e2e2e2e2e2e2e
        39  ++++++++++++++++  2b2b2b2b2b2b2b2b2b2b2b2b2b2b2b2b
        39  ................  17171717171717171717171717171717
        33  ((((((((((((((((  28282828282828282828282828282828
        31  ................  96969696969696969696969696969696
        30  ;;;;;;;;;;;;;;;;  3b3b3b3b3b3b3b3b3b3b3b3b3b3b3b3b
        19  ................  93939393939393939393939393939393
        18  ................  c6c6c6c6c6c6c6c6c6c6c6c6c6c6c6c6
        17  >>>>>>>>>>>>>>>>  3e3e3e3e3e3e3e3e3e3e3e3e3e3e3e3e
        17  ****************  2a2a2a2a2a2a2a2a2a2a2a2a2a2a2a2a
# epoch 3200  H=7.6150 C=7.3428 HO=0.2722  A(t)=230
        53  ................  2e2e2e2e2e2e2e2e2e2e2e2e2e2e2e2e
        39  ++++++++++++++++  2b2b2b2b2b2b2b2b2b2b2b2b2b2b2b2b
        38  ................  17171717171717171717171717171717
        33  ((((((((((((((((  28282828282828282828282828282828
        27  ................  96969696969696969696969696969696
        19  ................  93939393939393939393939393939393
        19  >>>>>>>>>>>>>>>>  3e3e3e3e3e3e3e3e3e3e3e3e3e3e3e3e
        18  ................  c6c6c6c6c6c6c6c6c6c6c6c6c6c6c6c6
        18  ****************  2a2a2a2a2a2a2a2a2a2a2a2a2a2a2a2a
        16  ================  3d3d3d3d3d3d3d3d3d3d3d3d3d3d3d3d
# epoch 3220  H=7.6134 C=7.3433 HO=0.2701  A(t)=230
        53  ................  2e2e2e2e2e2e2e2e2e2e2e2e2e2e2e2e
        38  ................  17171717171717171717171717171717
        37  ................  d4d4d4d4d4d4d4d4d4d4d4d4d4d4d4d4
        33  ((((((((((((((((  28282828282828282828282828282828
        32  ++++++++++++++++  2b2b2b2b2b2b2b2b2b2b2b2b2b2b2b2b
        27  ................  96969696969696969696969696969696
        23  ><><><><><><><><  3e3c3e3c3e3c3e3c3e3c3e3c3e3c3e3c
        23  <><><><><><><><>  3c3e3c3e3c3e3c3e3c3e3c3e3c3e3c3e
        21  >>>>>>>>>>>>>>>>  3e3e3e3e3e3e3e3e3e3e3e3e3e3e3e3e
        18  ................  c6c6c6c6c6c6c6c6c6c6c6c6c6c6c6c6
# epoch 3240  H=7.6078 C=7.3519 HO=0.2559  A(t)=231
        45  ................  2e2e2e2e2e2e2e2e2e2e2e2e2e2e2e2e
        34  ................  d4d4d4d4d4d4d4d4d4d4d4d4d4d4d4d4
        33  >>>>>>>>>>>>>>>>  3e3e3e3e3e3e3e3e3e3e3e3e3e3e3e3e
        32  ++++++++++++++++  2b2b2b2b2b2b2b2b2b2b2b2b2b2b2b2b
        32  ................  17171717171717171717171717171717
        23  ................  96969696969696969696969696969696
        22  ><><><><><><><><  3e3c3e3c3e3c3e3c3e3c3e3c3e3c3e3c
        22  <><><><><><><><>  3c3e3c3e3c3e3c3e3c3e3c3e3c3e3c3e
        16  ================  3d3d3d3d3d3d3d3d3d3d3d3d3d3d3d3d
        15  ................  c6c6c6c6c6c6c6c6c6c6c6c6c6c6c6c6
# epoch 3260  H=7.6091 C=7.3492 HO=0.2598  A(t)=232
        55  ****************  2a2a2a2a2a2a2a2a2a2a2a2a2a2a2a2a
        45  ................  2e2e2e2e2e2e2e2e2e2e2e2e2e2e2e2e
        34  ................  d4d4d4d4d4d4d4d4d4d4d4d4d4d4d4d4
        23  ................  96969696969696969696969696969696
        19  ><><><><><><><><  3e3c3e3c3e3c3e3c3e3c3e3c3e3c3e3c
        18  <><><><><><><><>  3c3e3c3e3c3e3c3e3c3e3c3e3c3e3c3e
        17  ................  17171717171717171717171717171717
        16  ================  3d3d3d3d3d3d3d3d3d3d3d3d3d3d3d3d
        16  4444444444444444  34343434343434343434343434343434
        15  ................  c6c6c6c6c6c6c6c6c6c6c6c6c6c6c6c6
# epoch 3280  H=7.6176 C=7.3383 HO=0.2793  A(t)=232
        49  ****************  2a2a2a2a2a2a2a2a2a2a2a2a2a2a2a2a
        48  RRRRRRRRRRRRRRRR  52525252525252525252525252525252
        46  ................  00000000000000000000000000000000
        45  6666666666666666  36363636363636363636363636363636
        39  ................  2e2e2e2e2e2e2e2e2e2e2e2e2e2e2e2e
        31  ................  15151515151515151515151515151515
        27  [[[[[[[[[[[[[[[[  5b5b5b5b5b5b5b5b5b5b5b5b5b5b5b5b
        23  ................  96969696969696969696969696969696
        19  ><><><><><><><><  3e3c3e3c3e3c3e3c3e3c3e3c3e3c3e3c
        18  <><><><><><><><>  3c3e3c3e3c3e3c3e3c3e3c3e3c3e3c3e
# epoch 3300  H=7.6293 C=7.3512 HO=0.2781  A(t)=234
        49  ****************  2a2a2a2a2a2a2a2a2a2a2a2a2a2a2a2a
        40  RRRRRRRRRRRRRRRR  52525252525252525252525252525252
        39  ................  2e2e2e2e2e2e2e2e2e2e2e2e2e2e2e2e
        36  ................  89898989898989898989898989898989
        36  6666666666666666  36363636363636363636363636363636
        29  ................  15151515151515151515151515151515
        27  [[[[[[[[[[[[[[[[  5b5b5b5b5b5b5b5b5b5b5b5b5b5b5b5b
        23  ................  96969696969696969696969696969696
        19  yyyyyyyyyyyyyyyy  79797979797979797979797979797979
        17  ................  17171717171717171717171717171717
# epoch 3320  H=7.6141 C=7.3364 HO=0.2776  A(t)=234
        48  ................  06060606060606060606060606060606
        38  RRRRRRRRRRRRRRRR  52525252525252525252525252525252
        36  ................  89898989898989898989898989898989
        34  ****************  2a2a2a2a2a2a2a2a2a2a2a2a2a2a2a2a
        32  6666666666666666  36363636363636363636363636363636
        31  ................  2e2e2e2e2e2e2e2e2e2e2e2e2e2e2e2e
        28  ................  15151515151515151515151515151515
        23  8888888888888888  38383838383838383838383838383838
        21  ................  96969696969696969696969696969696
        21  [[[[[[[[[[[[[[[[  5b5b5b5b5b5b5b5b5b5b5b5b5b5b5b5b
# epoch 3340  H=7.6047 C=7.3380 HO=0.2667  A(t)=235
        63  ****************  2a2a2a2a2a2a2a2a2a2a2a2a2a2a2a2a
        46  ................  06060606060606060606060606060606
        45  [[[[[[[[[[[[[[[[  5b5b5b5b5b5b5b5b5b5b5b5b5b5b5b5b
        36  ................  89898989898989898989898989898989
        31  RRRRRRRRRRRRRRRR  52525252525252525252525252525252
        31  ................  2e2e2e2e2e2e2e2e2e2e2e2e2e2e2e2e
        26  ................  15151515151515151515151515151515
        21  6666666666666666  36363636363636363636363636363636
        17  8888888888888888  38383838383838383838383838383838
        17  ................  17171717171717171717171717171717
# epoch 3360  H=7.6044 C=7.3429 HO=0.2615  A(t)=237
        55  ****************  2a2a2a2a2a2a2a2a2a2a2a2a2a2a2a2a
        49  QQQQQQQQQQQQQQQQ  51515151515151515151515151515151
        43  [[[[[[[[[[[[[[[[  5b5b5b5b5b5b5b5b5b5b5b5b5b5b5b5b
        31  RRRRRRRRRRRRRRRR  52525252525252525252525252525252
        29  ................  06060606060606060606060606060606
        25  ................  89898989898989898989898989898989
        21  6666666666666666  36363636363636363636363636363636
        20  ................  15151515151515151515151515151515
        17  8888888888888888  38383838383838383838383838383838
        17  ................  17171717171717171717171717171717
# epoch 3380  H=7.6058 C=7.3478 HO=0.2581  A(t)=237
        55  ****************  2a2a2a2a2a2a2a2a2a2a2a2a2a2a2a2a
        52  QQQQQQQQQQQQQQQQ  51515151515151515151515151515151
        40  [[[[[[[[[[[[[[[[  5b5b5b5b5b5b5b5b5b5b5b5b5b5b5b5b
        31  RRRRRRRRRRRRRRRR  52525252525252525252525252525252
        26  ................  06060606060606060606060606060606
        23  ................  89898989898989898989898989898989
        20  6666666666666666  36363636363636363636363636363636
        19  ................  15151515151515151515151515151515
        17  8888888888888888  38383838383838383838383838383838
        17  ................  17171717171717171717171717171717
# epoch 3400  H=7.6090 C=7.3157 HO=0.2933  A(t)=237
        50  ................  96969696969696969696969696969696
        48  QQQQQQQQQQQQQQQQ  51515151515151515151515151515151
        43  ................  18181818181818181818181818181818
        38  >>>>>>>>>>>>>>>>  3e3e3e3e3e3e3e3e3e3e3e3e3e3e3e3e
        36  ****************  2a2a2a2a2a2a2a2a2a2a2a2a2a2a2a2a
        31  RRRRRRRRRRRRRRRR  52525252525252525252525252525252
        26  ................  06060606060606060606060606060606
        25  ................  080b080b080b080b080b080b080b080b
        24  ................  0b080b080b080b080b080b080b080b08
        23  \\\\\\\\\\\\\\\\  5c5c5c5c5c5c5c5c5c5c5c5c5c5c5c5c
# epoch 3420  H=7.6112 C=7.3323 HO=0.2789  A(t)=237
        47  ................  96969696969696969696969696969696
        40  ................  18181818181818181818181818181818
        36  >>>>>>>>>>>>>>>>  3e3e3e3e3e3e3e3e3e3e3e3e3e3e3e3e
        34  QQQQQQQQQQQQQQQQ  51515151515151515151515151515151
        29  RRRRRRRRRRRRRRRR  52525252525252525252525252525252
        27  ****************  2a2a2a2a2a2a2a2a2a2a2a2a2a2a2a2a
        26  ................  06060606060606060606060606060606
        23  \\\\\\\\\\\\\\\\  5c5c5c5c5c5c5c5c5c5c5c5c5c5c5c5c
        20  6666666666666666  36363636363636363636363636363636
        20  ................  080b080b080b080b080b080b080b080b
# epoch 3440  H=7.6032 C=7.3267 HO=0.2765  A(t)=237
        67  <<<<<<<<<<<<<<<<  3c3c3c3c3c3c3c3c3c3c3c3c3c3c3c3c
        48  >>>>>>>>>>>>>>>>  3e3e3e3e3e3e3e3e3e3e3e3e3e3e3e3e
        43  ................  96969696969696969696969696969696
        33  ................  18181818181818181818181818181818
        29  RRRRRRRRRRRRRRRR  52525252525252525252525252525252
        27  ****************  2a2a2a2a2a2a2a2a2a2a2a2a2a2a2a2a
        24  QQQQQQQQQQQQQQQQ  51515151515151515151515151515151
        24  ................  06060606060606060606060606060606
        20  6666666666666666  36363636363636363636363636363636
        17  [[[[[[[[[[[[[[[[  5b5b5b5b5b5b5b5b5b5b5b5b5b5b5b5b
# epoch 3460  H=7.5955 C=7.3149 HO=0.2806  A(t)=237
        90  <<<<<<<<<<<<<<<<  3c3c3c3c3c3c3c3c3c3c3c3c3c3c3c3c
        49  ================  3d3d3d3d3d3d3d3d3d3d3d3d3d3d3d3d
        42  ................  96969696969696969696969696969696
        34  ................  b2b2b2b2b2b2b2b2b2b2b2b2b2b2b2b2
        33  ................  18181818181818181818181818181818
        28  RRRRRRRRRRRRRRRR  52525252525252525252525252525252
        27  ****************  2a2a2a2a2a2a2a2a2a2a2a2a2a2a2a2a
        24  QQQQQQQQQQQQQQQQ  51515151515151515151515151515151
        24  ................  06060606060606060606060606060606
        22  >>>>>>>>>>>>>>>>  3e3e3e3e3e3e3e3e3e3e3e3e3e3e3e3e
# epoch 3480  H=7.6013 C=7.3062 HO=0.2951  A(t)=239
        81  <<<<<<<<<<<<<<<<  3c3c3c3c3c3c3c3c3c3c3c3c3c3c3c3c
        55  ================  3d3d3d3d3d3d3d3d3d3d3d3d3d3d3d3d
        45  ................  8b8b8b8b8b8b8b8b8b8b8b8b8b8b8b8b
        34  ................  b2b2b2b2b2b2b2b2b2b2b2b2b2b2b2b2
        33  ................  18181818181818181818181818181818
        32  ................  96969696969696969696969696969696
        24  RRRRRRRRRRRRRRRR  52525252525252525252525252525252
        24  QQQQQQQQQQQQQQQQ  51515151515151515151515151515151
        24  ................  06060606060606060606060606060606
        23  ................  e0e3e0e3e0e3e0e3e0e3e0e3e0e3e0e3
# epoch 3500  H=7.5940 C=7.2966 HO=0.2974  A(t)=239
        58  <<<<<<<<<<<<<<<<  3c3c3c3c3c3c3c3c3c3c3c3c3c3c3c3c
        53  ================  3d3d3d3d3d3d3d3d3d3d3d3d3d3d3d3d
        47  CCCCCCCCCCCCCCCC  43434343434343434343434343434343
        46  yyyyyyyyyyyyyyyy  79797979797979797979797979797979
        43  ................  8b8b8b8b8b8b8b8b8b8b8b8b8b8b8b8b
        41  ................  d3d3d3d3d3d3d3d3d3d3d3d3d3d3d3d3
        33  ................  18181818181818181818181818181818
        31  ................  96969696969696969696969696969696
        30  ,,,,,,,,,,,,,,,,  2c2c2c2c2c2c2c2c2c2c2c2c2c2c2c2c
        28  ................  a6a6a6a6a6a6a6a6a6a6a6a6a6a6a6a6
# epoch 3520  H=7.5868 C=7.2908 HO=0.2960  A(t)=239
        50  >>>>>>>>>>>>>>>>  3e3e3e3e3e3e3e3e3e3e3e3e3e3e3e3e
        50  ================  3d3d3d3d3d3d3d3d3d3d3d3d3d3d3d3d
        45  ................  fefefefefefefefefefefefefefefefe
        44  CCCCCCCCCCCCCCCC  43434343434343434343434343434343
        42  <<<<<<<<<<<<<<<<  3c3c3c3c3c3c3c3c3c3c3c3c3c3c3c3c
        39  yyyyyyyyyyyyyyyy  79797979797979797979797979797979
        36  ................  8b8b8b8b8b8b8b8b8b8b8b8b8b8b8b8b
        35  ................  f2f2f2f2f2f2f2f2f2f2f2f2f2f2f2f2
        33  ................  18181818181818181818181818181818
        28  ................  a6a6a6a6a6a6a6a6a6a6a6a6a6a6a6a6
# epoch 3540  H=7.5940 C=7.2930 HO=0.3010  A(t)=239
        63  <<<<<<<<<<<<<<<<  3c3c3c3c3c3c3c3c3c3c3c3c3c3c3c3c
        48  ................  d0d0d0d0d0d0d0d0d0d0d0d0d0d0d0d0
        47  ................  8a8a8a8a8a8a8a8a8a8a8a8a8a8a8a8a
        39  yyyyyyyyyyyyyyyy  79797979797979797979797979797979
        38  ................  fefefefefefefefefefefefefefefefe
        35  ................  f2f2f2f2f2f2f2f2f2f2f2f2f2f2f2f2
        33  CCCCCCCCCCCCCCCC  43434343434343434343434343434343
        33  ................  18181818181818181818181818181818
        29  ================  3d3d3d3d3d3d3d3d3d3d3d3d3d3d3d3d
        28  ................  a6a6a6a6a6a6a6a6a6a6a6a6a6a6a6a6
# epoch 3560  H=7.6036 C=7.3009 HO=0.3027  A(t)=241
        50  [[[[[[[[[[[[[[[[  5b5b5b5b5b5b5b5b5b5b5b5b5b5b5b5b
        48  <<<<<<<<<<<<<<<<  3c3c3c3c3c3c3c3c3c3c3c3c3c3c3c3c
        47  ................  d0d0d0d0d0d0d0d0d0d0d0d0d0d0d0d0
        40  ................  8a8a8a8a8a8a8a8a8a8a8a8a8a8a8a8a
        39  yyyyyyyyyyyyyyyy  79797979797979797979797979797979
        38  ................  fefefefefefefefefefefefefefefefe
        36  ????????????????  3f3f3f3f3f3f3f3f3f3f3f3f3f3f3f3f
        35  ................  f2f2f2f2f2f2f2f2f2f2f2f2f2f2f2f2
        33  CCCCCCCCCCCCCCCC  43434343434343434343434343434343
        29  ================  3d3d3d3d3d3d3d3d3d3d3d3d3d3d3d3d
# epoch 3580  H=7.6041 C=7.2864 HO=0.3177  A(t)=241
        88  ))))))))))))))))  29292929292929292929292929292929
        75  ================  3d3d3d3d3d3d3d3d3d3d3d3d3d3d3d3d
        50  [[[[[[[[[[[[[[[[  5b5b5b5b5b5b5b5b5b5b5b5b5b5b5b5b
        41  6666666666666666  36363636363636363636363636363636
        38  ................  8a8a8a8a8a8a8a8a8a8a8a8a8a8a8a8a
        35  ................  fefefefefefefefefefefefefefefefe
        33  ................  f2f2f2f2f2f2f2f2f2f2f2f2f2f2f2f2
        33  yyyyyyyyyyyyyyyy  79797979797979797979797979797979
        31  CCCCCCCCCCCCCCCC  43434343434343434343434343434343
        29  ................  18181818181818181818181818181818
# epoch 3600  H=7.5907 C=7.2523 HO=0.3384  A(t)=243
       122  ))))))))))))))))  29292929292929292929292929292929
        71  [[[[[[[[[[[[[[[[  5b5b5b5b5b5b5b5b5b5b5b5b5b5b5b5b
        50  @@@@@@@@@@@@@@@@  40404040404040404040404040404040
        50  ================  3d3d3d3d3d3d3d3d3d3d3d3d3d3d3d3d
        47  9999999999999999  39393939393939393939393939393939
        41  ................  f9f9f9f9f9f9f9f9f9f9f9f9f9f9f9f9
        40  ,,,,,,,,,,,,,,,,  2c2c2c2c2c2c2c2c2c2c2c2c2c2c2c2c
        38  ................  8a8a8a8a8a8a8a8a8a8a8a8a8a8a8a8a
        36  6666666666666666  36363636363636363636363636363636
        35  ................  fefefefefefefefefefefefefefefefe
# epoch 3620  H=7.5900 C=7.2655 HO=0.3245  A(t)=244
       154  ))))))))))))))))  29292929292929292929292929292929
        63  [[[[[[[[[[[[[[[[  5b5b5b5b5b5b5b5b5b5b5b5b5b5b5b5b
        41  ................  f9f9f9f9f9f9f9f9f9f9f9f9f9f9f9f9
        40  9999999999999999  39393939393939393939393939393939
        36  ================  3d3d3d3d3d3d3d3d3d3d3d3d3d3d3d3d
        34  6666666666666666  36363636363636363636363636363636
        33  yyyyyyyyyyyyyyyy  79797979797979797979797979797979
        32  ,,,,,,,,,,,,,,,,  2c2c2c2c2c2c2c2c2c2c2c2c2c2c2c2c
        31  ................  fefefefefefefefefefefefefefefefe
        31  CCCCCCCCCCCCCCCC  43434343434343434343434343434343
# epoch 3640  H=7.5933 C=7.2683 HO=0.3250  A(t)=245
       140  ))))))))))))))))  29292929292929292929292929292929
        59  [[[[[[[[[[[[[[[[  5b5b5b5b5b5b5b5b5b5b5b5b5b5b5b5b
        47  ;;;;;;;;;;;;;;;;  3b3b3b3b3b3b3b3b3b3b3b3b3b3b3b3b
        41  ssssssssssssssss  73737373737373737373737373737373
        39  9999999999999999  39393939393939393939393939393939
        33  yyyyyyyyyyyyyyyy  79797979797979797979797979797979
        32  <<<<<<<<<<<<<<<<  3c3c3c3c3c3c3c3c3c3c3c3c3c3c3c3c
        31  CCCCCCCCCCCCCCCC  43434343434343434343434343434343
        30  6666666666666666  36363636363636363636363636363636
        29  ................  03030303030303030303030303030303
# epoch 3660  H=7.5932 C=7.2390 HO=0.3542  A(t)=246
        94  ))))))))))))))))  29292929292929292929292929292929
        85  ================  3d3d3d3d3d3d3d3d3d3d3d3d3d3d3d3d
        64  [[[[[[[[[[[[[[[[  5b5b5b5b5b5b5b5b5b5b5b5b5b5b5b5b
        48  OOOOOOOOOOOOOOOO  4f4f4f4f4f4f4f4f4f4f4f4f4f4f4f4f
        45  PPPPPPPPPPPPPPPP  50505050505050505050505050505050
        44  ;;;;;;;;;;;;;;;;  3b3b3b3b3b3b3b3b3b3b3b3b3b3b3b3b
        41  ................  19191919191919191919191919191919
        38  @@@@@@@@@@@@@@@@  40404040404040404040404040404040
        33  yyyyyyyyyyyyyyyy  79797979797979797979797979797979
        33  9999999999999999  39393939393939393939393939393939
# epoch 3680  H=7.5891 C=7.2280 HO=0.3610  A(t)=246
       157  ================  3d3d3d3d3d3d3d3d3d3d3d3d3d3d3d3d
        89  ))))))))))))))))  29292929292929292929292929292929
        86  OOOOOOOOOOOOOOOO  4f4f4f4f4f4f4f4f4f4f4f4f4f4f4f4f
        63  [[[[[[[[[[[[[[[[  5b5b5b5b5b5b5b5b5b5b5b5b5b5b5b5b
        45  PPPPPPPPPPPPPPPP  50505050505050505050505050505050
        37  ................  19191919191919191919191919191919
        31  ;;;;;;;;;;;;;;;;  3b3b3b3b3b3b3b3b3b3b3b3b3b3b3b3b
        30  yyyyyyyyyyyyyyyy  79797979797979797979797979797979
        30  6666666666666666  36363636363636363636363636363636
        28  <<<<<<<<<<<<<<<<  3c3c3c3c3c3c3c3c3c3c3c3c3c3c3c3c
# epoch 3700  H=7.5934 C=7.2234 HO=0.3700  A(t)=246
       127  ================  3d3d3d3d3d3d3d3d3d3d3d3d3d3d3d3d
        75  ))))))))))))))))  29292929292929292929292929292929
        73  OOOOOOOOOOOOOOOO  4f4f4f4f4f4f4f4f4f4f4f4f4f4f4f4f
        58  [[[[[[[[[[[[[[[[  5b5b5b5b5b5b5b5b5b5b5b5b5b5b5b5b
        51  RRRRRRRRRRRRRRRR  52525252525252525252525252525252
        48  MMMMMMMMMMMMMMMM  4d4d4d4d4d4d4d4d4d4d4d4d4d4d4d4d
        45  PPPPPPPPPPPPPPPP  50505050505050505050505050505050
        36  ................  c8c8c8c8c8c8c8c8c8c8c8c8c8c8c8c8
        34  ................  19191919191919191919191919191919
        31  ................  d4d4d4d4d4d4d4d4d4d4d4d4d4d4d4d4
# epoch 3720  H=7.5762 C=7.2179 HO=0.3583  A(t)=247
        81  ================  3d3d3d3d3d3d3d3d3d3d3d3d3d3d3d3d
        71  ))))))))))))))))  29292929292929292929292929292929
        67  OOOOOOOOOOOOOOOO  4f4f4f4f4f4f4f4f4f4f4f4f4f4f4f4f
        61  ;;;;;;;;;;;;;;;;  3b3b3b3b3b3b3b3b3b3b3b3b3b3b3b3b
        57  [[[[[[[[[[[[[[[[  5b5b5b5b5b5b5b5b5b5b5b5b5b5b5b5b
        44  RRRRRRRRRRRRRRRR  52525252525252525252525252525252
        44  MMMMMMMMMMMMMMMM  4d4d4d4d4d4d4d4d4d4d4d4d4d4d4d4d
        35  PPPPPPPPPPPPPPPP  50505050505050505050505050505050
        32  ................  c8c8c8c8c8c8c8c8c8c8c8c8c8c8c8c8
        32  ................  19191919191919191919191919191919
# epoch 3740  H=7.5783 C=7.2297 HO=0.3485  A(t)=248
        75  ================  3d3d3d3d3d3d3d3d3d3d3d3d3d3d3d3d
        69  ))))))))))))))))  29292929292929292929292929292929
        62  OOOOOOOOOOOOOOOO  4f4f4f4f4f4f4f4f4f4f4f4f4f4f4f4f
        59  ;;;;;;;;;;;;;;;;  3b3b3b3b3b3b3b3b3b3b3b3b3b3b3b3b
        57  [[[[[[[[[[[[[[[[  5b5b5b5b5b5b5b5b5b5b5b5b5b5b5b5b
        35  PPPPPPPPPPPPPPPP  50505050505050505050505050505050
        31  ................  19191919191919191919191919191919
        28  yyyyyyyyyyyyyyyy  79797979797979797979797979797979
        28  MMMMMMMMMMMMMMMM  4d4d4d4d4d4d4d4d4d4d4d4d4d4d4d4d
        28  <<<<<<<<<<<<<<<<  3c3c3c3c3c3c3c3c3c3c3c3c3c3c3c3c
# epoch 3760  H=7.5845 C=7.2397 HO=0.3447  A(t)=248
        73  ================  3d3d3d3d3d3d3d3d3d3d3d3d3d3d3d3d
        69  <<<<<<<<<<<<<<<<  3c3c3c3c3c3c3c3c3c3c3c3c3c3c3c3c
        69  ))))))))))))))))  29292929292929292929292929292929
        60  OOOOOOOOOOOOOOOO  4f4f4f4f4f4f4f4f4f4f4f4f4f4f4f4f
        57  [[[[[[[[[[[[[[[[  5b5b5b5b5b5b5b5b5b5b5b5b5b5b5b5b
        57  ;;;;;;;;;;;;;;;;  3b3b3b3b3b3b3b3b3b3b3b3b3b3b3b3b
        35  PPPPPPPPPPPPPPPP  50505050505050505050505050505050
        28  yyyyyyyyyyyyyyyy  79797979797979797979797979797979
        28  MMMMMMMMMMMMMMMM  4d4d4d4d4d4d4d4d4d4d4d4d4d4d4d4d
        26  6666666666666666  36363636363636363636363636363636
# epoch 3780  H=7.5839 C=7.2478 HO=0.3361  A(t)=248
        72  ================  3d3d3d3d3d3d3d3d3d3d3d3d3d3d3d3d
        64  ))))))))))))))))  29292929292929292929292929292929
        60  OOOOOOOOOOOOOOOO  4f4f4f4f4f4f4f4f4f4f4f4f4f4f4f4f
        55  ;;;;;;;;;;;;;;;;  3b3b3b3b3b3b3b3b3b3b3b3b3b3b3b3b
        47  [[[[[[[[[[[[[[[[  5b5b5b5b5b5b5b5b5b5b5b5b5b5b5b5b
        46  ................  01010101010101010101010101010101
        32  <<<<<<<<<<<<<<<<  3c3c3c3c3c3c3c3c3c3c3c3c3c3c3c3c
        28  yyyyyyyyyyyyyyyy  79797979797979797979797979797979
        27  PPPPPPPPPPPPPPPP  50505050505050505050505050505050
        26  6666666666666666  36363636363636363636363636363636
# epoch 3800  H=7.5825 C=7.2357 HO=0.3468  A(t)=248
        62  ================  3d3d3d3d3d3d3d3d3d3d3d3d3d3d3d3d
        57  >>>>>>>>>>>>>>>>  3e3e3e3e3e3e3e3e3e3e3e3e3e3e3e3e
        54  ;;;;;;;;;;;;;;;;  3b3b3b3b3b3b3b3b3b3b3b3b3b3b3b3b
        51  OOOOOOOOOOOOOOOO  4f4f4f4f4f4f4f4f4f4f4f4f4f4f4f4f
        51  ))))))))))))))))  29292929292929292929292929292929
        47  [[[[[[[[[[[[[[[[  5b5b5b5b5b5b5b5b5b5b5b5b5b5b5b5b
        43  hhhhhhhhhhhhhhhh  68686868686868686868686868686868
        43  ,,,,,,,,,,,,,,,,  2c2c2c2c2c2c2c2c2c2c2c2c2c2c2c2c
        30  ................  01010101010101010101010101010101
        28  yyyyyyyyyyyyyyyy  79797979797979797979797979797979
# epoch 3820  H=7.5886 C=7.2504 HO=0.3382  A(t)=249
        92  >>>>>>>>>>>>>>>>  3e3e3e3e3e3e3e3e3e3e3e3e3e3e3e3e
        55  ================  3d3d3d3d3d3d3d3d3d3d3d3d3d3d3d3d
        54  ;;;;;;;;;;;;;;;;  3b3b3b3b3b3b3b3b3b3b3b3b3b3b3b3b
        51  OOOOOOOOOOOOOOOO  4f4f4f4f4f4f4f4f4f4f4f4f4f4f4f4f
        47  ))))))))))))))))  29292929292929292929292929292929
        43  [[[[[[[[[[[[[[[[  5b5b5b5b5b5b5b5b5b5b5b5b5b5b5b5b
        30  hhhhhhhhhhhhhhhh  68686868686868686868686868686868
        30  ................  01010101010101010101010101010101
        28  yyyyyyyyyyyyyyyy  79797979797979797979797979797979
        27  ................  97979797979797979797979797979797
# epoch 3840  H=7.5824 C=7.2450 HO=0.3374  A(t)=252
       115  ;;;;;;;;;;;;;;;;  3b3b3b3b3b3b3b3b3b3b3b3b3b3b3b3b
        85  ))))))))))))))))  29292929292929292929292929292929
        82  >>>>>>>>>>>>>>>>  3e3e3e3e3e3e3e3e3e3e3e3e3e3e3e3e
        53  ================  3d3d3d3d3d3d3d3d3d3d3d3d3d3d3d3d
        48  OOOOOOOOOOOOOOOO  4f4f4f4f4f4f4f4f4f4f4f4f4f4f4f4f
        35  <<<<<<<<<<<<<<<<  3c3c3c3c3c3c3c3c3c3c3c3c3c3c3c3c
        30  hhhhhhhhhhhhhhhh  68686868686868686868686868686868
        28  yyyyyyyyyyyyyyyy  79797979797979797979797979797979
        28  ................  01010101010101010101010101010101
        26  6666666666666666  36363636363636363636363636363636
# epoch 3860  H=7.5877 C=7.2334 HO=0.3543  A(t)=252
       108  ;;;;;;;;;;;;;;;;  3b3b3b3b3b3b3b3b3b3b3b3b3b3b3b3b
       100  >>>>>>>>>>>>>>>>  3e3e3e3e3e3e3e3e3e3e3e3e3e3e3e3e
        89  ................  b6b6b6b6b6b6b6b6b6b6b6b6b6b6b6b6
        83  ))))))))))))))))  29292929292929292929292929292929
        62  <<<<<<<<<<<<<<<<  3c3c3c3c3c3c3c3c3c3c3c3c3c3c3c3c
        53  ================  3d3d3d3d3d3d3d3d3d3d3d3d3d3d3d3d
        48  OOOOOOOOOOOOOOOO  4f4f4f4f4f4f4f4f4f4f4f4f4f4f4f4f
        28  yyyyyyyyyyyyyyyy  79797979797979797979797979797979
        28  ................  01010101010101010101010101010101
        25  ................  97979797979797979797979797979797
# epoch 3880  H=7.5881 C=7.2432 HO=0.3449  A(t)=252
       110  <<<<<<<<<<<<<<<<  3c3c3c3c3c3c3c3c3c3c3c3c3c3c3c3c
        89  ;;;;;;;;;;;;;;;;  3b3b3b3b3b3b3b3b3b3b3b3b3b3b3b3b
        83  ................  b6b6b6b6b6b6b6b6b6b6b6b6b6b6b6b6
        75  >>>>>>>>>>>>>>>>  3e3e3e3e3e3e3e3e3e3e3e3e3e3e3e3e
        73  ))))))))))))))))  29292929292929292929292929292929
        53  ================  3d3d3d3d3d3d3d3d3d3d3d3d3d3d3d3d
        48  OOOOOOOOOOOOOOOO  4f4f4f4f4f4f4f4f4f4f4f4f4f4f4f4f
        28  yyyyyyyyyyyyyyyy  79797979797979797979797979797979
        27  ................  01010101010101010101010101010101
        25  ................  97979797979797979797979797979797
# epoch 3900  H=7.5899 C=7.2335 HO=0.3564  A(t)=252
       125  ;;;;;;;;;;;;;;;;  3b3b3b3b3b3b3b3b3b3b3b3b3b3b3b3b
        83  <<<<<<<<<<<<<<<<  3c3c3c3c3c3c3c3c3c3c3c3c3c3c3c3c
        79  ................  b6b6b6b6b6b6b6b6b6b6b6b6b6b6b6b6
        70  ))))))))))))))))  29292929292929292929292929292929
        70  ................  18181818181818181818181818181818
        61  OOOOOOOOOOOOOOOO  4f4f4f4f4f4f4f4f4f4f4f4f4f4f4f4f
        53  ================  3d3d3d3d3d3d3d3d3d3d3d3d3d3d3d3d
        48  >>>>>>>>>>>>>>>>  3e3e3e3e3e3e3e3e3e3e3e3e3e3e3e3e
        28  yyyyyyyyyyyyyyyy  79797979797979797979797979797979
        27  ................  01010101010101010101010101010101
# epoch 3920  H=7.5849 C=7.2449 HO=0.3400  A(t)=252
       114  ;;;;;;;;;;;;;;;;  3b3b3b3b3b3b3b3b3b3b3b3b3b3b3b3b
        82  <<<<<<<<<<<<<<<<  3c3c3c3c3c3c3c3c3c3c3c3c3c3c3c3c
        79  ................  b6b6b6b6b6b6b6b6b6b6b6b6b6b6b6b6
        70  ))))))))))))))))  29292929292929292929292929292929
        62  ................  18181818181818181818181818181818
        60  OOOOOOOOOOOOOOOO  4f4f4f4f4f4f4f4f4f4f4f4f4f4f4f4f
        52  ================  3d3d3d3d3d3d3d3d3d3d3d3d3d3d3d3d
        37  >>>>>>>>>>>>>>>>  3e3e3e3e3e3e3e3e3e3e3e3e3e3e3e3e
        28  yyyyyyyyyyyyyyyy  79797979797979797979797979797979
        27  ................  01010101010101010101010101010101
# epoch 3940  H=7.5811 C=7.2170 HO=0.3640  A(t)=255
       123  <<<<<<<<<<<<<<<<  3c3c3c3c3c3c3c3c3c3c3c3c3c3c3c3c
        99  ;;;;;;;;;;;;;;;;  3b3b3b3b3b3b3b3b3b3b3b3b3b3b3b3b
        61  ................  b6b6b6b6b6b6b6b6b6b6b6b6b6b6b6b6
        58  OOOOOOOOOOOOOOOO  4f4f4f4f4f4f4f4f4f4f4f4f4f4f4f4f
        58  ................  18181818181818181818181818181818
        54  ))))))))))))))))  29292929292929292929292929292929
        52  ================  3d3d3d3d3d3d3d3d3d3d3d3d3d3d3d3d
        52  ................  03030303030303030303030303030303
        48  ................  1c1c1c1c1c1c1c1c1c1c1c1c1c1c1c1c
        47  ||||||||||||||||  7c7c7c7c7c7c7c7c7c7c7c7c7c7c7c7c
# epoch 3960  H=7.5884 C=7.2306 HO=0.3578  A(t)=256
       112  <<<<<<<<<<<<<<<<  3c3c3c3c3c3c3c3c3c3c3c3c3c3c3c3c
        87  ;;;;;;;;;;;;;;;;  3b3b3b3b3b3b3b3b3b3b3b3b3b3b3b3b
        60  ................  b6b6b6b6b6b6b6b6b6b6b6b6b6b6b6b6
        58  OOOOOOOOOOOOOOOO  4f4f4f4f4f4f4f4f4f4f4f4f4f4f4f4f
        58  ................  18181818181818181818181818181818
        46  ================  3d3d3d3d3d3d3d3d3d3d3d3d3d3d3d3d
        44  ................  03030303030303030303030303030303
        43  ................  a5a5a5a5a5a5a5a5a5a5a5a5a5a5a5a5
        42  ................  1c1c1c1c1c1c1c1c1c1c1c1c1c1c1c1c
        29  ||||||||||||||||  7c7c7c7c7c7c7c7c7c7c7c7c7c7c7c7c
# epoch 3980  H=7.5882 C=7.2378 HO=0.3504  A(t)=256
        98  <<<<<<<<<<<<<<<<  3c3c3c3c3c3c3c3c3c3c3c3c3c3c3c3c
        67  ;;;;;;;;;;;;;;;;  3b3b3b3b3b3b3b3b3b3b3b3b3b3b3b3b
        57  ................  18181818181818181818181818181818
        46  ================  3d3d3d3d3d3d3d3d3d3d3d3d3d3d3d3d
        42  ................  a5a5a5a5a5a5a5a5a5a5a5a5a5a5a5a5
        40  OOOOOOOOOOOOOOOO  4f4f4f4f4f4f4f4f4f4f4f4f4f4f4f4f
        40  ................  03030303030303030303030303030303
        38  ................  b6b6b6b6b6b6b6b6b6b6b6b6b6b6b6b6
        36  ................  babababababababababababababababa
        28  ))))))))))))))))  29292929292929292929292929292929
# epoch 4000  H=7.5806 C=7.2228 HO=0.3578  A(t)=259
        77  <<<<<<<<<<<<<<<<  3c3c3c3c3c3c3c3c3c3c3c3c3c3c3c3c
        63  ,,,,,,,,,,,,,,,,  2c2c2c2c2c2c2c2c2c2c2c2c2c2c2c2c
        59  ;;;;;;;;;;;;;;;;  3b3b3b3b3b3b3b3b3b3b3b3b3b3b3b3b
        57  ................  18181818181818181818181818181818
        55  6666666666666666  36363636363636363636363636363636
        46  ................  babababababababababababababababa
        40  ................  03030303030303030303030303030303
        39  ================  3d3d3d3d3d3d3d3d3d3d3d3d3d3d3d3d
        35  OOOOOOOOOOOOOOOO  4f4f4f4f4f4f4f4f4f4f4f4f4f4f4f4f
        33  ................  a5a5a5a5a5a5a5a5a5a5a5a5a5a5a5a5
# epoch 4020  H=7.5901 C=7.2333 HO=0.3569  A(t)=261
        66  <<<<<<<<<<<<<<<<  3c3c3c3c3c3c3c3c3c3c3c3c3c3c3c3c
        54  ................  18181818181818181818181818181818
        50  6666666666666666  36363636363636363636363636363636
        50  ,,,,,,,,,,,,,,,,  2c2c2c2c2c2c2c2c2c2c2c2c2c2c2c2c
        49  zzzzzzzzzzzzzzzz  7a7a7a7a7a7a7a7a7a7a7a7a7a7a7a7a
        46  ;;;;;;;;;;;;;;;;  3b3b3b3b3b3b3b3b3b3b3b3b3b3b3b3b
        46  2222222222222222  32323232323232323232323232323232
        43  ................  babababababababababababababababa
        37  ================  3d3d3d3d3d3d3d3d3d3d3d3d3d3d3d3d
        37  ................  03030303030303030303030303030303
# epoch 4040  H=7.5951 C=7.2325 HO=0.3626  A(t)=261
        78  9999999999999999  39393939393939393939393939393939
        47  zzzzzzzzzzzzzzzz  7a7a7a7a7a7a7a7a7a7a7a7a7a7a7a7a
        46  ................  18181818181818181818181818181818
        45  ;;;;;;;;;;;;;;;;  3b3b3b3b3b3b3b3b3b3b3b3b3b3b3b3b
        39  2222222222222222  32323232323232323232323232323232
        37  ================  3d3d3d3d3d3d3d3d3d3d3d3d3d3d3d3d
        36  6666666666666666  36363636363636363636363636363636
        32  ,,,,,,,,,,,,,,,,  2c2c2c2c2c2c2c2c2c2c2c2c2c2c2c2c
        31  <<<<<<<<<<<<<<<<  3c3c3c3c3c3c3c3c3c3c3c3c3c3c3c3c
        27  yyyyyyyyyyyyyyyy  79797979797979797979797979797979
# epoch 4060  H=7.6043 C=7.2312 HO=0.3731  A(t)=262
       118  9999999999999999  39393939393939393939393939393939
        46  ;;;;;;;;;;;;;;;;  3b3b3b3b3b3b3b3b3b3b3b3b3b3b3b3b
        46  ................  18181818181818181818181818181818
        41  zzzzzzzzzzzzzzzz  7a7a7a7a7a7a7a7a7a7a7a7a7a7a7a7a
        40  JJJJJJJJJJJJJJJJ  4a4a4a4a4a4a4a4a4a4a4a4a4a4a4a4a
        39  2222222222222222  32323232323232323232323232323232
        36  6666666666666666  36363636363636363636363636363636
        35  ................  afafafafafafafafafafafafafafafaf
        30  <<<<<<<<<<<<<<<<  3c3c3c3c3c3c3c3c3c3c3c3c3c3c3c3c
        29  ================  3d3d3d3d3d3d3d3d3d3d3d3d3d3d3d3d
# epoch 4080  H=7.6057 C=7.2350 HO=0.3707  A(t)=265
       103  9999999999999999  39393939393939393939393939393939
        45  ;;;;;;;;;;;;;;;;  3b3b3b3b3b3b3b3b3b3b3b3b3b3b3b3b
        42  $$$$$$$$$$$$$$$$  24242424242424242424242424242424
        41  zzzzzzzzzzzzzzzz  7a7a7a7a7a7a7a7a7a7a7a7a7a7a7a7a
        39  JJJJJJJJJJJJJJJJ  4a4a4a4a4a4a4a4a4a4a4a4a4a4a4a4a
        39  2222222222222222  32323232323232323232323232323232
        37  ................  18181818181818181818181818181818
        35  ................  afafafafafafafafafafafafafafafaf
        31  iiiiiiiiiiiiiiii  69696969696969696969696969696969
        27  yyyyyyyyyyyyyyyy  79797979797979797979797979797979
# epoch 4100  H=7.6140 C=7.2550 HO=0.3590  A(t)=265
       101  9999999999999999  39393939393939393939393939393939
        42  ;;;;;;;;;;;;;;;;  3b3b3b3b3b3b3b3b3b3b3b3b3b3b3b3b
        42  $$$$$$$$$$$$$$$$  24242424242424242424242424242424
        41  zzzzzzzzzzzzzzzz  7a7a7a7a7a7a7a7a7a7a7a7a7a7a7a7a
        39  2222222222222222  32323232323232323232323232323232
        37  JJJJJJJJJJJJJJJJ  4a4a4a4a4a4a4a4a4a4a4a4a4a4a4a4a
        37  ................  18181818181818181818181818181818
        35  ................  afafafafafafafafafafafafafafafaf
        30  iiiiiiiiiiiiiiii  69696969696969696969696969696969
        27  yyyyyyyyyyyyyyyy  79797979797979797979797979797979
# epoch 4120  H=7.6044 C=7.2589 HO=0.3455  A(t)=265
       100  9999999999999999  39393939393939393939393939393939
        95  <<<<<<<<<<<<<<<<  3c3c3c3c3c3c3c3c3c3c3c3c3c3c3c3c
        41  ;;;;;;;;;;;;;;;;  3b3b3b3b3b3b3b3b3b3b3b3b3b3b3b3b
        41  $$$$$$$$$$$$$$$$  24242424242424242424242424242424
        40  zzzzzzzzzzzzzzzz  7a7a7a7a7a7a7a7a7a7a7a7a7a7a7a7a
        34  2222222222222222  32323232323232323232323232323232
        33  ................  afafafafafafafafafafafafafafafaf
        30  iiiiiiiiiiiiiiii  69696969696969696969696969696969
        29  ................  18181818181818181818181818181818
        24  yyyyyyyyyyyyyyyy  79797979797979797979797979797979
# epoch 4140  H=7.6050 C=7.2478 HO=0.3572  A(t)=270
        88  1111111111111111  31313131313131313131313131313131
        87  <<<<<<<<<<<<<<<<  3c3c3c3c3c3c3c3c3c3c3c3c3c3c3c3c
        79  9999999999999999  39393939393939393939393939393939
        47  BBBBBBBBBBBBBBBB  42424242424242424242424242424242
        40  zzzzzzzzzzzzzzzz  7a7a7a7a7a7a7a7a7a7a7a7a7a7a7a7a
        40  $$$$$$$$$$$$$$$$  24242424242424242424242424242424
        33  2222222222222222  32323232323232323232323232323232
        29  ................  18181818181818181818181818181818
        23  yyyyyyyyyyyyyyyy  79797979797979797979797979797979
        23  iiiiiiiiiiiiiiii  69696969696969696969696969696969
# epoch 4160  H=7.6027 C=7.2522 HO=0.3505  A(t)=271
        96  ,,,,,,,,,,,,,,,,  2c2c2c2c2c2c2c2c2c2c2c2c2c2c2c2c
        78  1111111111111111  31313131313131313131313131313131
        72  BBBBBBBBBBBBBBBB  42424242424242424242424242424242
        63  <<<<<<<<<<<<<<<<  3c3c3c3c3c3c3c3c3c3c3c3c3c3c3c3c
        62  9999999999999999  39393939393939393939393939393939
        38  zzzzzzzzzzzzzzzz  7a7a7a7a7a7a7a7a7a7a7a7a7a7a7a7a
        29  2222222222222222  32323232323232323232323232323232
        26  ................  18181818181818181818181818181818
        23  yyyyyyyyyyyyyyyy  79797979797979797979797979797979
        23  iiiiiiiiiiiiiiii  69696969696969696969696969696969
# epoch 4180  H=7.6071 C=7.2594 HO=0.3477  A(t)=271
        98  ,,,,,,,,,,,,,,,,  2c2c2c2c2c2c2c2c2c2c2c2c2c2c2c2c
        72  1111111111111111  31313131313131313131313131313131
        67  BBBBBBBBBBBBBBBB  42424242424242424242424242424242
        63  <<<<<<<<<<<<<<<<  3c3c3c3c3c3c3c3c3c3c3c3c3c3c3c3c
        62  9999999999999999  39393939393939393939393939393939
        49  ----------------  2d2d2d2d2d2d2d2d2d2d2d2d2d2d2d2d
        41  ................  89898989898989898989898989898989
        36  zzzzzzzzzzzzzzzz  7a7a7a7a7a7a7a7a7a7a7a7a7a7a7a7a
        29  2222222222222222  32323232323232323232323232323232
        26  ................  18181818181818181818181818181818
# epoch 4200  H=7.6137 C=7.2600 HO=0.3537  A(t)=273
        92  ,,,,,,,,,,,,,,,,  2c2c2c2c2c2c2c2c2c2c2c2c2c2c2c2c
        61  BBBBBBBBBBBBBBBB  42424242424242424242424242424242
        59  <<<<<<<<<<<<<<<<  3c3c3c3c3c3c3c3c3c3c3c3c3c3c3c3c
        53  1111111111111111  31313131313131313131313131313131
        51  9999999999999999  39393939393939393939393939393939
        41  ................  89898989898989898989898989898989
        41  ----------------  2d2d2d2d2d2d2d2d2d2d2d2d2d2d2d2d
        36  zzzzzzzzzzzzzzzz  7a7a7a7a7a7a7a7a7a7a7a7a7a7a7a7a
        29  2222222222222222  32323232323232323232323232323232
        27  ................  afafafafafafafafafafafafafafafaf
# epoch 4220  H=7.6129 C=7.2621 HO=0.3508  A(t)=273
        74  ,,,,,,,,,,,,,,,,  2c2c2c2c2c2c2c2c2c2c2c2c2c2c2c2c
        52  <<<<<<<<<<<<<<<<  3c3c3c3c3c3c3c3c3c3c3c3c3c3c3c3c
        51  9999999999999999  39393939393939393939393939393939
        51  1111111111111111  31313131313131313131313131313131
        49  ................  1c1c1c1c1c1c1c1c1c1c1c1c1c1c1c1c
        47  BBBBBBBBBBBBBBBB  42424242424242424242424242424242
        40  uuuuuuuuuuuuuuuu  75757575757575757575757575757575
        37  ----------------  2d2d2d2d2d2d2d2d2d2d2d2d2d2d2d2d
        36  zzzzzzzzzzzzzzzz  7a7a7a7a7a7a7a7a7a7a7a7a7a7a7a7a
        29  2222222222222222  32323232323232323232323232323232
# epoch 4240  H=7.6088 C=7.2549 HO=0.3539  A(t)=273
        74  ,,,,,,,,,,,,,,,,  2c2c2c2c2c2c2c2c2c2c2c2c2c2c2c2c
        51  ================  3d3d3d3d3d3d3d3d3d3d3d3d3d3d3d3d
        49  1111111111111111  31313131313131313131313131313131
        47  <<<<<<<<<<<<<<<<  3c3c3c3c3c3c3c3c3c3c3c3c3c3c3c3c
        45  ................  1c1c1c1c1c1c1c1c1c1c1c1c1c1c1c1c
        40  uuuuuuuuuuuuuuuu  75757575757575757575757575757575
        31  BBBBBBBBBBBBBBBB  42424242424242424242424242424242
        29  2222222222222222  32323232323232323232323232323232
        29  ----------------  2d2d2d2d2d2d2d2d2d2d2d2d2d2d2d2d
        28  9999999999999999  39393939393939393939393939393939
# epoch 4260  H=7.6134 C=7.2572 HO=0.3562  A(t)=275
        74  ,,,,,,,,,,,,,,,,  2c2c2c2c2c2c2c2c2c2c2c2c2c2c2c2c
        46  ================  3d3d3d3d3d3d3d3d3d3d3d3d3d3d3d3d
        43  1111111111111111  31313131313131313131313131313131
        40  ................  1c1c1c1c1c1c1c1c1c1c1c1c1c1c1c1c
        39  uuuuuuuuuuuuuuuu  75757575757575757575757575757575
        39  <<<<<<<<<<<<<<<<  3c3c3c3c3c3c3c3c3c3c3c3c3c3c3c3c
        31  BBBBBBBBBBBBBBBB  42424242424242424242424242424242
        29  2222222222222222  32323232323232323232323232323232
        29  ----------------  2d2d2d2d2d2d2d2d2d2d2d2d2d2d2d2d
        27  9999999999999999  39393939393939393939393939393939
# epoch 4280  H=7.6038 C=7.2637 HO=0.3401  A(t)=276
        85  <<<<<<<<<<<<<<<<  3c3c3c3c3c3c3c3c3c3c3c3c3c3c3c3c
        67  ,,,,,,,,,,,,,,,,  2c2c2c2c2c2c2c2c2c2c2c2c2c2c2c2c
        40  ================  3d3d3d3d3d3d3d3d3d3d3d3d3d3d3d3d
        39  ................  1c1c1c1c1c1c1c1c1c1c1c1c1c1c1c1c
        38  1111111111111111  31313131313131313131313131313131
        27  9999999999999999  39393939393939393939393939393939
        24  BBBBBBBBBBBBBBBB  42424242424242424242424242424242
        23  yyyyyyyyyyyyyyyy  79797979797979797979797979797979
        22  D<D<D<D<D<D<D<D<  443c443c443c443c443c443c443c443c
        22  <D<D<D<D<D<D<D<D  3c443c443c443c443c443c443c443c44
# epoch 4300  H=7.6013 C=7.2578 HO=0.3435  A(t)=276
       116  <<<<<<<<<<<<<<<<  3c3c3c3c3c3c3c3c3c3c3c3c3c3c3c3c
        67  ????????????????  3f3f3f3f3f3f3f3f3f3f3f3f3f3f3f3f
        67  ,,,,,,,,,,,,,,,,  2c2c2c2c2c2c2c2c2c2c2c2c2c2c2c2c
        37  ................  1c1c1c1c1c1c1c1c1c1c1c1c1c1c1c1c
        36  ================  3d3d3d3d3d3d3d3d3d3d3d3d3d3d3d3d
        31  1111111111111111  31313131313131313131313131313131
        27  ................  cdcdcdcdcdcdcdcdcdcdcdcdcdcdcdcd
        24  BBBBBBBBBBBBBBBB  42424242424242424242424242424242
        20  ................  b1b1b1b1b1b1b1b1b1b1b1b1b1b1b1b1
        20  D<D<D<D<D<D<D<D<  443c443c443c443c443c443c443c443c
# epoch 4320  H=7.5947 C=7.2394 HO=0.3554  A(t)=276
        86  <<<<<<<<<<<<<<<<  3c3c3c3c3c3c3c3c3c3c3c3c3c3c3c3c
        81  ????????????????  3f3f3f3f3f3f3f3f3f3f3f3f3f3f3f3f
        51  ,,,,,,,,,,,,,,,,  2c2c2c2c2c2c2c2c2c2c2c2c2c2c2c2c
        47  EEEEEEEEEEEEEEEE  45454545454545454545454545454545
        36  ================  3d3d3d3d3d3d3d3d3d3d3d3d3d3d3d3d
        35  ................  1c1c1c1c1c1c1c1c1c1c1c1c1c1c1c1c
        31  1111111111111111  31313131313131313131313131313131
        27  ................  cdcdcdcdcdcdcdcdcdcdcdcdcdcdcdcd
        24  BBBBBBBBBBBBBBBB  42424242424242424242424242424242
        24  <:<:<:<:<:<:<:<:  3c3a3c3a3c3a3c3a3c3a3c3a3c3a3c3a
# epoch 4340  H=7.5837 C=7.2324 HO=0.3513  A(t)=278
       132  <<<<<<<<<<<<<<<<  3c3c3c3c3c3c3c3c3c3c3c3c3c3c3c3c
        74  ????????????????  3f3f3f3f3f3f3f3f3f3f3f3f3f3f3f3f
        44  EEEEEEEEEEEEEEEE  45454545454545454545454545454545
        39  IIIIIIIIIIIIIIII  49494949494949494949494949494949
        35  ................  1c1c1c1c1c1c1c1c1c1c1c1c1c1c1c1c
        32  ,,,,,,,,,,,,,,,,  2c2c2c2c2c2c2c2c2c2c2c2c2c2c2c2c
        31  1111111111111111  31313131313131313131313131313131
        23  BBBBBBBBBBBBBBBB  42424242424242424242424242424242
        22  D<D<D<D<D<D<D<D<  443c443c443c443c443c443c443c443c
        21  <D<D<D<D<D<D<D<D  3c443c443c443c443c443c443c443c44
# epoch 4360  H=7.5833 C=7.2247 HO=0.3586  A(t)=278
       113  <<<<<<<<<<<<<<<<  3c3c3c3c3c3c3c3c3c3c3c3c3c3c3c3c
        58  ????????????????  3f3f3f3f3f3f3f3f3f3f3f3f3f3f3f3f
        47  {{{{{{{{{{{{{{{{  7b7b7b7b7b7b7b7b7b7b7b7b7b7b7b7b
        42  EEEEEEEEEEEEEEEE  45454545454545454545454545454545
        39  IIIIIIIIIIIIIIII  49494949494949494949494949494949
        30  ,,,,,,,,,,,,,,,,  2c2c2c2c2c2c2c2c2c2c2c2c2c2c2c2c
        23  BBBBBBBBBBBBBBBB  42424242424242424242424242424242
        21  D<D<D<D<D<D<D<D<  443c443c443c443c443c443c443c443c
        21  <D<D<D<D<D<D<D<D  3c443c443c443c443c443c443c443c44
        21  1111111111111111  31313131313131313131313131313131
# epoch 4380  H=7.5918 C=7.2163 HO=0.3755  A(t)=282
       104  <<<<<<<<<<<<<<<<  3c3c3c3c3c3c3c3c3c3c3c3c3c3c3c3c
        49  ................  89898989898989898989898989898989
        48  [[[[[[[[[[[[[[[[  5b5b5b5b5b5b5b5b5b5b5b5b5b5b5b5b
        48  ????????????????  3f3f3f3f3f3f3f3f3f3f3f3f3f3f3f3f
        47  {{{{{{{{{{{{{{{{  7b7b7b7b7b7b7b7b7b7b7b7b7b7b7b7b
        42  EEEEEEEEEEEEEEEE  45454545454545454545454545454545
        40  SSSSSSSSSSSSSSSS  53535353535353535353535353535353
        39  IIIIIIIIIIIIIIII  49494949494949494949494949494949
        30  ,,,,,,,,,,,,,,,,  2c2c2c2c2c2c2c2c2c2c2c2c2c2c2c2c
        21  D<D<D<D<D<D<D<D<  443c443c443c443c443c443c443c443c
# epoch 4400  H=7.5878 C=7.1918 HO=0.3960  A(t)=286
       137  <<<<<<<<<<<<<<<<  3c3c3c3c3c3c3c3c3c3c3c3c3c3c3c3c
        56  ||||||||||||||||  7c7c7c7c7c7c7c7c7c7c7c7c7c7c7c7c
        48  ????????????????  3f3f3f3f3f3f3f3f3f3f3f3f3f3f3f3f
        46  ................  89898989898989898989898989898989
        45  ................  ffffffffffffffffffffffffffffffff
        45  [[[[[[[[[[[[[[[[  5b5b5b5b5b5b5b5b5b5b5b5b5b5b5b5b
        42  ................  fdfdfdfdfdfdfdfdfdfdfdfdfdfdfdfd
        40  SSSSSSSSSSSSSSSS  53535353535353535353535353535353
        39  IIIIIIIIIIIIIIII  49494949494949494949494949494949
        37  EEEEEEEEEEEEEEEE  45454545454545454545454545454545
# epoch 4420  H=7.5956 C=7.2050 HO=0.3907  A(t)=286
       125  <<<<<<<<<<<<<<<<  3c3c3c3c3c3c3c3c3c3c3c3c3c3c3c3c
        88  7777777777777777  37373737373737373737373737373737
        45  ||||||||||||||||  7c7c7c7c7c7c7c7c7c7c7c7c7c7c7c7c
        44  [[[[[[[[[[[[[[[[  5b5b5b5b5b5b5b5b5b5b5b5b5b5b5b5b
        42  ................  9d9d9d9d9d9d9d9d9d9d9d9d9d9d9d9d
        41  ................  fdfdfdfdfdfdfdfdfdfdfdfdfdfdfdfd
        40  ................  ffffffffffffffffffffffffffffffff
        40  ................  89898989898989898989898989898989
        40  SSSSSSSSSSSSSSSS  53535353535353535353535353535353
        38  IIIIIIIIIIIIIIII  49494949494949494949494949494949
# epoch 4440  H=7.5939 C=7.1841 HO=0.4098  A(t)=288
       224  [[[[[[[[[[[[[[[[  5b5b5b5b5b5b5b5b5b5b5b5b5b5b5b5b
       107  <<<<<<<<<<<<<<<<  3c3c3c3c3c3c3c3c3c3c3c3c3c3c3c3c
        79  7777777777777777  37373737373737373737373737373737
        46  9999999999999999  39393939393939393939393939393939
        40  ................  9d9d9d9d9d9d9d9d9d9d9d9d9d9d9d9d
        39  ||||||||||||||||  7c7c7c7c7c7c7c7c7c7c7c7c7c7c7c7c
        39  SSSSSSSSSSSSSSSS  53535353535353535353535353535353
        38  ................  ffffffffffffffffffffffffffffffff
        37  ................  fdfdfdfdfdfdfdfdfdfdfdfdfdfdfdfd
        33  IIIIIIIIIIIIIIII  49494949494949494949494949494949
# epoch 4460  H=7.5844 C=7.1790 HO=0.4054  A(t)=288
       185  [[[[[[[[[[[[[[[[  5b5b5b5b5b5b5b5b5b5b5b5b5b5b5b5b
        88  <<<<<<<<<<<<<<<<  3c3c3c3c3c3c3c3c3c3c3c3c3c3c3c3c
        64  ,,,,,,,,,,,,,,,,  2c2c2c2c2c2c2c2c2c2c2c2c2c2c2c2c
        61  7777777777777777  37373737373737373737373737373737
        47  &&&&&&&&&&&&&&&&  26262626262626262626262626262626
        43  tttttttttttttttt  74747474747474747474747474747474
        39  ................  9d9d9d9d9d9d9d9d9d9d9d9d9d9d9d9d
        39  SSSSSSSSSSSSSSSS  53535353535353535353535353535353
        37  ................  fdfdfdfdfdfdfdfdfdfdfdfdfdfdfdfd
        33  IIIIIIIIIIIIIIII  49494949494949494949494949494949
# epoch 4480  H=7.5672 C=7.1853 HO=0.3819  A(t)=289
       134  [[[[[[[[[[[[[[[[  5b5b5b5b5b5b5b5b5b5b5b5b5b5b5b5b
        88  <<<<<<<<<<<<<<<<  3c3c3c3c3c3c3c3c3c3c3c3c3c3c3c3c
        60  7777777777777777  37373737373737373737373737373737
        48  IIIIIIIIIIIIIIII  49494949494949494949494949494949
        40  &&&&&&&&&&&&&&&&  26262626262626262626262626262626
        38  ................  9d9d9d9d9d9d9d9d9d9d9d9d9d9d9d9d
        38  ,,,,,,,,,,,,,,,,  2c2c2c2c2c2c2c2c2c2c2c2c2c2c2c2c
        37  ................  fdfdfdfdfdfdfdfdfdfdfdfdfdfdfdfd
        21  ................  ffffffffffffffffffffffffffffffff
        20  FFFFFFFFFFFFFFFF  46464646464646464646464646464646
# epoch 4500  H=7.5732 C=7.1851 HO=0.3881  A(t)=293
       108  [[[[[[[[[[[[[[[[  5b5b5b5b5b5b5b5b5b5b5b5b5b5b5b5b
        88  <<<<<<<<<<<<<<<<  3c3c3c3c3c3c3c3c3c3c3c3c3c3c3c3c
        45  ................  d4d4d4d4d4d4d4d4d4d4d4d4d4d4d4d4
        40  &&&&&&&&&&&&&&&&  26262626262626262626262626262626
        38  7777777777777777  37373737373737373737373737373737
        32  ................  9d9d9d9d9d9d9d9d9d9d9d9d9d9d9d9d
        30  ................  fdfdfdfdfdfdfdfdfdfdfdfdfdfdfdfd
        25  ################  23232323232323232323232323232323
        24  KKKKKKKKKKKKKKKK  4b4b4b4b4b4b4b4b4b4b4b4b4b4b4b4b
        24  IIIIIIIIIIIIIIII  49494949494949494949494949494949
# epoch 4520  H=7.5697 C=7.1820 HO=0.3877  A(t)=293
       108  [[[[[[[[[[[[[[[[  5b5b5b5b5b5b5b5b5b5b5b5b5b5b5b5b
        88  <<<<<<<<<<<<<<<<  3c3c3c3c3c3c3c3c3c3c3c3c3c3c3c3c
        63  KKKKKKKKKKKKKKKK  4b4b4b4b4b4b4b4b4b4b4b4b4b4b4b4b
        51  ,,,,,,,,,,,,,,,,  2c2c2c2c2c2c2c2c2c2c2c2c2c2c2c2c
        45  ................  d4d4d4d4d4d4d4d4d4d4d4d4d4d4d4d4
        38  7777777777777777  37373737373737373737373737373737
        30  ................  fdfdfdfdfdfdfdfdfdfdfdfdfdfdfdfd
        24  &&&&&&&&&&&&&&&&  26262626262626262626262626262626
        21  ................  ffffffffffffffffffffffffffffffff
        17  ................  efefefefefefefefefefefefefefefef
# epoch 4540  H=7.5687 C=7.1876 HO=0.3811  A(t)=293
        87  [[[[[[[[[[[[[[[[  5b5b5b5b5b5b5b5b5b5b5b5b5b5b5b5b
        78  <<<<<<<<<<<<<<<<  3c3c3c3c3c3c3c3c3c3c3c3c3c3c3c3c
        47  ................  81818181818181818181818181818181
        35  ,,,,,,,,,,,,,,,,  2c2c2c2c2c2c2c2c2c2c2c2c2c2c2c2c
        30  KKKKKKKKKKKKKKKK  4b4b4b4b4b4b4b4b4b4b4b4b4b4b4b4b
        28  ................  fdfdfdfdfdfdfdfdfdfdfdfdfdfdfdfd
        28  ................  d4d4d4d4d4d4d4d4d4d4d4d4d4d4d4d4
        24  &&&&&&&&&&&&&&&&  26262626262626262626262626262626
        23  5555555555555555  35353535353535353535353535353535
        21  ................  ffffffffffffffffffffffffffffffff
# epoch 4560  H=7.5800 C=7.2041 HO=0.3759  A(t)=293
        76  <<<<<<<<<<<<<<<<  3c3c3c3c3c3c3c3c3c3c3c3c3c3c3c3c
        75  [[[[[[[[[[[[[[[[  5b5b5b5b5b5b5b5b5b5b5b5b5b5b5b5b
        45  ................  81818181818181818181818181818181
        45  ----------------  2d2d2d2d2d2d2d2d2d2d2d2d2d2d2d2d
        36  ................  cfcfcfcfcfcfcfcfcfcfcfcfcfcfcfcf
        30  KKKKKKKKKKKKKKKK  4b4b4b4b4b4b4b4b4b4b4b4b4b4b4b4b
        30  ,,,,,,,,,,,,,,,,  2c2c2c2c2c2c2c2c2c2c2c2c2c2c2c2c
        28  ................  fdfdfdfdfdfdfdfdfdfdfdfdfdfdfdfd
        25  ................  d4d4d4d4d4d4d4d4d4d4d4d4d4d4d4d4
        23  5555555555555555  35353535353535353535353535353535
# epoch 4580  H=7.5756 C=7.2130 HO=0.3626  A(t)=296
       102  <<<<<<<<<<<<<<<<  3c3c3c3c3c3c3c3c3c3c3c3c3c3c3c3c
        75  [[[[[[[[[[[[[[[[  5b5b5b5b5b5b5b5b5b5b5b5b5b5b5b5b
        45  ................  81818181818181818181818181818181
        41  ----------------  2d2d2d2d2d2d2d2d2d2d2d2d2d2d2d2d
        36  ................  cfcfcfcfcfcfcfcfcfcfcfcfcfcfcfcf
        23  5555555555555555  35353535353535353535353535353535
        22  &&&&&&&&&&&&&&&&  26262626262626262626262626262626
        21  ................  ffffffffffffffffffffffffffffffff
        20  9999999999999999  39393939393939393939393939393939
        16  ################  23232323232323232323232323232323
# epoch 4600  H=7.5818 C=7.2153 HO=0.3665  A(t)=296
        99  [[[[[[[[[[[[[[[[  5b5b5b5b5b5b5b5b5b5b5b5b5b5b5b5b
        77  <<<<<<<<<<<<<<<<  3c3c3c3c3c3c3c3c3c3c3c3c3c3c3c3c
        45  ................  81818181818181818181818181818181
        41  ----------------  2d2d2d2d2d2d2d2d2d2d2d2d2d2d2d2d
        38  ................  1e1e1e1e1e1e1e1e1e1e1e1e1e1e1e1e
        35  ................  cfcfcfcfcfcfcfcfcfcfcfcfcfcfcfcf
        35  vvvvvvvvvvvvvvvv  76767676767676767676767676767676
        22  &&&&&&&&&&&&&&&&  26262626262626262626262626262626
        21  ................  ffffffffffffffffffffffffffffffff
        20  9999999999999999  39393939393939393939393939393939
# epoch 4620  H=7.5902 C=7.2239 HO=0.3663  A(t)=297
        83  [[[[[[[[[[[[[[[[  5b5b5b5b5b5b5b5b5b5b5b5b5b5b5b5b
        66  <<<<<<<<<<<<<<<<  3c3c3c3c3c3c3c3c3c3c3c3c3c3c3c3c
        44  ................  c4c4c4c4c4c4c4c4c4c4c4c4c4c4c4c4
        41  ................  14141414141414141414141414141414
        37  ----------------  2d2d2d2d2d2d2d2d2d2d2d2d2d2d2d2d
        37  ................  1c1c1c1c1c1c1c1c1c1c1c1c1c1c1c1c
        35  ................  cfcfcfcfcfcfcfcfcfcfcfcfcfcfcfcf
        35  vvvvvvvvvvvvvvvv  76767676767676767676767676767676
        34  ................  1e1e1e1e1e1e1e1e1e1e1e1e1e1e1e1e
        24  ................  81818181818181818181818181818181
# epoch 4640  H=7.5925 C=7.2185 HO=0.3740  A(t)=297
        70  [[[[[[[[[[[[[[[[  5b5b5b5b5b5b5b5b5b5b5b5b5b5b5b5b
        49  0000000000000000  30303030303030303030303030303030
        44  ................  c4c4c4c4c4c4c4c4c4c4c4c4c4c4c4c4
        41  ................  14141414141414141414141414141414
        37  ffffffffffffffff  66666666666666666666666666666666
        37  ----------------  2d2d2d2d2d2d2d2d2d2d2d2d2d2d2d2d
        37  ################  23232323232323232323232323232323
        36  ................  1c1c1c1c1c1c1c1c1c1c1c1c1c1c1c1c
        32  ................  1e1e1e1e1e1e1e1e1e1e1e1e1e1e1e1e
        31  ................  13131313131313131313131313131313
# epoch 4660  H=7.5868 C=7.2203 HO=0.3665  A(t)=297
       111  [[[[[[[[[[[[[[[[  5b5b5b5b5b5b5b5b5b5b5b5b5b5b5b5b
        58  vvvvvvvvvvvvvvvv  76767676767676767676767676767676
        44  ................  c4c4c4c4c4c4c4c4c4c4c4c4c4c4c4c4
        35  ################  23232323232323232323232323232323
        33  ffffffffffffffff  66666666666666666666666666666666
        33  ................  1c1c1c1c1c1c1c1c1c1c1c1c1c1c1c1c
        31  ................  13131313131313131313131313131313
        26  ................  14141414141414141414141414141414
        24  ................  01010101010101010101010101010101
        22  0000000000000000  30303030303030303030303030303030
# epoch 4680  H=7.5884 C=7.2197 HO=0.3687  A(t)=298
       108  [[[[[[[[[[[[[[[[  5b5b5b5b5b5b5b5b5b5b5b5b5b5b5b5b
        58  vvvvvvvvvvvvvvvv  76767676767676767676767676767676
        56  0000000000000000  30303030303030303030303030303030
        49  ................  b7b7b7b7b7b7b7b7b7b7b7b7b7b7b7b7
        35  ################  23232323232323232323232323232323
        33  ................  1c1c1c1c1c1c1c1c1c1c1c1c1c1c1c1c
        32  ffffffffffffffff  66666666666666666666666666666666
        31  MMMMMMMMMMMMMMMM  4d4d4d4d4d4d4d4d4d4d4d4d4d4d4d4d
        31  ................  13131313131313131313131313131313
        26  ................  14141414141414141414141414141414
# epoch 4700  H=7.5869 C=7.2323 HO=0.3546  A(t)=298
        53  0000000000000000  30303030303030303030303030303030
        50  vvvvvvvvvvvvvvvv  76767676767676767676767676767676
        47  [[[[[[[[[[[[[[[[  5b5b5b5b5b5b5b5b5b5b5b5b5b5b5b5b
        43  ................  b7b7b7b7b7b7b7b7b7b7b7b7b7b7b7b7
        35  ################  23232323232323232323232323232323
        33  ................  1c1c1c1c1c1c1c1c1c1c1c1c1c1c1c1c
        32  ffffffffffffffff  66666666666666666666666666666666
        31  MMMMMMMMMMMMMMMM  4d4d4d4d4d4d4d4d4d4d4d4d4d4d4d4d
        31  ................  13131313131313131313131313131313
        23  ................  c4c4c4c4c4c4c4c4c4c4c4c4c4c4c4c4
# epoch 4720  H=7.5955 C=7.2356 HO=0.3599  A(t)=301
       111  1111111111111111  31313131313131313131313131313131
        46  0000000000000000  30303030303030303030303030303030
        42  ................  b7b7b7b7b7b7b7b7b7b7b7b7b7b7b7b7
        42  ................  8a8a8a8a8a8a8a8a8a8a8a8a8a8a8a8a
        41  [[[[[[[[[[[[[[[[  5b5b5b5b5b5b5b5b5b5b5b5b5b5b5b5b
        35  ################  23232323232323232323232323232323
        33  ................  1c1c1c1c1c1c1c1c1c1c1c1c1c1c1c1c
        31  MMMMMMMMMMMMMMMM  4d4d4d4d4d4d4d4d4d4d4d4d4d4d4d4d
        31  ................  13131313131313131313131313131313
        29  vvvvvvvvvvvvvvvv  76767676767676767676767676767676
# epoch 4740  H=7.5971 C=7.2394 HO=0.3578  A(t)=301
        92  1111111111111111  31313131313131313131313131313131
        47  ::::::::::::::::  3a3a3a3a3a3a3a3a3a3a3a3a3a3a3a3a
        46  0000000000000000  30303030303030303030303030303030
        41  [[[[[[[[[[[[[[[[  5b5b5b5b5b5b5b5b5b5b5b5b5b5b5b5b
        40  ................  b7b7b7b7b7b7b7b7b7b7b7b7b7b7b7b7
        35  ################  23232323232323232323232323232323
        33  ................  1c1c1c1c1c1c1c1c1c1c1c1c1c1c1c1c
        30  ................  c5c5c5c5c5c5c5c5c5c5c5c5c5c5c5c5
        29  vvvvvvvvvvvvvvvv  76767676767676767676767676767676
        28  ................  13131313131313131313131313131313
# epoch 4760  H=7.6019 C=7.2452 HO=0.3567  A(t)=301
        87  1111111111111111  31313131313131313131313131313131
        46  0000000000000000  30303030303030303030303030303030
        44  ................  c3c3c3c3c3c3c3c3c3c3c3c3c3c3c3c3
        39  ................  b7b7b7b7b7b7b7b7b7b7b7b7b7b7b7b7
        38  ................  b5b5b5b5b5b5b5b5b5b5b5b5b5b5b5b5
        38  [[[[[[[[[[[[[[[[  5b5b5b5b5b5b5b5b5b5b5b5b5b5b5b5b
        35  ################  23232323232323232323232323232323
        30  ................  c5c5c5c5c5c5c5c5c5c5c5c5c5c5c5c5
        28  ................  13131313131313131313131313131313
        27  ffffffffffffffff  66666666666666666666666666666666
# epoch 4780  H=7.6009 C=7.2441 HO=0.3568  A(t)=301
        70  1111111111111111  31313131313131313131313131313131
        49  ................  a9a9a9a9a9a9a9a9a9a9a9a9a9a9a9a9
        46  0000000000000000  30303030303030303030303030303030
        42  ................  c3c3c3c3c3c3c3c3c3c3c3c3c3c3c3c3
        39  ................  b7b7b7b7b7b7b7b7b7b7b7b7b7b7b7b7
        38  [[[[[[[[[[[[[[[[  5b5b5b5b5b5b5b5b5b5b5b5b5b5b5b5b
        35  ################  23232323232323232323232323232323
        31  ................  b5b5b5b5b5b5b5b5b5b5b5b5b5b5b5b5
        28  ................  13131313131313131313131313131313
        27  ffffffffffffffff  66666666666666666666666666666666
# epoch 4800  H=7.6085 C=7.2573 HO=0.3512  A(t)=301
        54  1111111111111111  31313131313131313131313131313131
        49  ::::::::::::::::  3a3a3a3a3a3a3a3a3a3a3a3a3a3a3a3a
        42  ................  c3c3c3c3c3c3c3c3c3c3c3c3c3c3c3c3
        33  0000000000000000  30303030303030303030303030303030
        31  ................  b5b5b5b5b5b5b5b5b5b5b5b5b5b5b5b5
        31  [[[[[[[[[[[[[[[[  5b5b5b5b5b5b5b5b5b5b5b5b5b5b5b5b
        27  ffffffffffffffff  66666666666666666666666666666666
        27  ################  23232323232323232323232323232323
        27  ................  13131313131313131313131313131313
        24  ................  b7b7b7b7b7b7b7b7b7b7b7b7b7b7b7b7
# epoch 4820  H=7.5995 C=7.2513 HO=0.3481  A(t)=301
        92  ::::::::::::::::  3a3a3a3a3a3a3a3a3a3a3a3a3a3a3a3a
        49  1111111111111111  31313131313131313131313131313131
        46  ................  fafafafafafafafafafafafafafafafa
        31  ................  b5b5b5b5b5b5b5b5b5b5b5b5b5b5b5b5
        31  [[[[[[[[[[[[[[[[  5b5b5b5b5b5b5b5b5b5b5b5b5b5b5b5b
        27  0000000000000000  30303030303030303030303030303030
        27  ################  23232323232323232323232323232323
        27  ................  13131313131313131313131313131313
        26  ................  c3c3c3c3c3c3c3c3c3c3c3c3c3c3c3c3
        23  ................  a9a9a9a9a9a9a9a9a9a9a9a9a9a9a9a9
# epoch 4840  H=7.5957 C=7.2429 HO=0.3528  A(t)=303
        75  ::::::::::::::::  3a3a3a3a3a3a3a3a3a3a3a3a3a3a3a3a
        48  ________________  20202020202020202020202020202020
        47  1111111111111111  31313131313131313131313131313131
        42  ................  fafafafafafafafafafafafafafafafa
        34  ................  0c0c0c0c0c0c0c0c0c0c0c0c0c0c0c0c
        31  ................  b5b5b5b5b5b5b5b5b5b5b5b5b5b5b5b5
        31  [[[[[[[[[[[[[[[[  5b5b5b5b5b5b5b5b5b5b5b5b5b5b5b5b
        27  ################  23232323232323232323232323232323
        27  ................  13131313131313131313131313131313
        23  ................  a9a9a9a9a9a9a9a9a9a9a9a9a9a9a9a9
# epoch 4860  H=7.5884 C=7.2402 HO=0.3482  A(t)=304
        57  ::::::::::::::::  3a3a3a3a3a3a3a3a3a3a3a3a3a3a3a3a
        50  <<<<<<<<<<<<<<<<  3c3c3c3c3c3c3c3c3c3c3c3c3c3c3c3c
        44  1111111111111111  31313131313131313131313131313131
        42  ................  fafafafafafafafafafafafafafafafa
        34  ________________  20202020202020202020202020202020
        34  ................  0c0c0c0c0c0c0c0c0c0c0c0c0c0c0c0c
        31  ................  b5b5b5b5b5b5b5b5b5b5b5b5b5b5b5b5
        31  [[[[[[[[[[[[[[[[  5b5b5b5b5b5b5b5b5b5b5b5b5b5b5b5b
        27  ................  13131313131313131313131313131313
        22  ................  c3c3c3c3c3c3c3c3c3c3c3c3c3c3c3c3
# epoch 4880  H=7.5919 C=7.2548 HO=0.3371  A(t)=304
        46  <<<<<<<<<<<<<<<<  3c3c3c3c3c3c3c3c3c3c3c3c3c3c3c3c
        44  1111111111111111  31313131313131313131313131313131
        43  ................  b3b3b3b3b3b3b3b3b3b3b3b3b3b3b3b3
        42  ::::::::::::::::  3a3a3a3a3a3a3a3a3a3a3a3a3a3a3a3a
        39  ................  fafafafafafafafafafafafafafafafa
        34  ................  0c0c0c0c0c0c0c0c0c0c0c0c0c0c0c0c
        33  ________________  20202020202020202020202020202020
        26  [[[[[[[[[[[[[[[[  5b5b5b5b5b5b5b5b5b5b5b5b5b5b5b5b
        23  ................  abababababababababababababababab
        22  ................  c3c3c3c3c3c3c3c3c3c3c3c3c3c3c3c3
# epoch 4900  H=7.5936 C=7.2546 HO=0.3389  A(t)=304
        59  ;;;;;;;;;;;;;;;;  3b3b3b3b3b3b3b3b3b3b3b3b3b3b3b3b
        44  <<<<<<<<<<<<<<<<  3c3c3c3c3c3c3c3c3c3c3c3c3c3c3c3c
        42  ................  b3b3b3b3b3b3b3b3b3b3b3b3b3b3b3b3
        41  1111111111111111  31313131313131313131313131313131
        37  ................  fafafafafafafafafafafafafafafafa
        34  ................  0c0c0c0c0c0c0c0c0c0c0c0c0c0c0c0c
        31  ________________  20202020202020202020202020202020
        26  [[[[[[[[[[[[[[[[  5b5b5b5b5b5b5b5b5b5b5b5b5b5b5b5b
        23  ::::::::::::::::  3a3a3a3a3a3a3a3a3a3a3a3a3a3a3a3a
        22  ................  c3c3c3c3c3c3c3c3c3c3c3c3c3c3c3c3
# epoch 4920  H=7.5989 C=7.2594 HO=0.3395  A(t)=304
       103  ;;;;;;;;;;;;;;;;  3b3b3b3b3b3b3b3b3b3b3b3b3b3b3b3b
        43  <<<<<<<<<<<<<<<<  3c3c3c3c3c3c3c3c3c3c3c3c3c3c3c3c
        41  1111111111111111  31313131313131313131313131313131
        40  ................  b3b3b3b3b3b3b3b3b3b3b3b3b3b3b3b3
        34  ................  0c0c0c0c0c0c0c0c0c0c0c0c0c0c0c0c
        31  ________________  20202020202020202020202020202020
        30  ................  fafafafafafafafafafafafafafafafa
        26  [[[[[[[[[[[[[[[[  5b5b5b5b5b5b5b5b5b5b5b5b5b5b5b5b
        23  ::::::::::::::::  3a3a3a3a3a3a3a3a3a3a3a3a3a3a3a3a
        21  ????????????????  3f3f3f3f3f3f3f3f3f3f3f3f3f3f3f3f
# epoch 4940  H=7.6044 C=7.2441 HO=0.3602  A(t)=304
       165  ;;;;;;;;;;;;;;;;  3b3b3b3b3b3b3b3b3b3b3b3b3b3b3b3b
        46  ................  fefefefefefefefefefefefefefefefe
        43  <<<<<<<<<<<<<<<<  3c3c3c3c3c3c3c3c3c3c3c3c3c3c3c3c
        43  1111111111111111  31313131313131313131313131313131
        40  ................  b3b3b3b3b3b3b3b3b3b3b3b3b3b3b3b3
        34  ................  0c0c0c0c0c0c0c0c0c0c0c0c0c0c0c0c
        30  ................  fafafafafafafafafafafafafafafafa
        30  ________________  20202020202020202020202020202020
        23  ????????????????  3f3f3f3f3f3f3f3f3f3f3f3f3f3f3f3f
        23  ::::::::::::::::  3a3a3a3a3a3a3a3a3a3a3a3a3a3a3a3a
# epoch 4960  H=7.6087 C=7.2509 HO=0.3578  A(t)=304
       241  ;;;;;;;;;;;;;;;;  3b3b3b3b3b3b3b3b3b3b3b3b3b3b3b3b
        44  ................  fefefefefefefefefefefefefefefefe
        35  1111111111111111  31313131313131313131313131313131
        30  ................  fafafafafafafafafafafafafafafafa
        29  ................  0c0c0c0c0c0c0c0c0c0c0c0c0c0c0c0c
        22  ................  b3b3b3b3b3b3b3b3b3b3b3b3b3b3b3b3
        21  ????????????????  3f3f3f3f3f3f3f3f3f3f3f3f3f3f3f3f
        20  >>>>>>>>>>>>>>>>  3e3e3e3e3e3e3e3e3e3e3e3e3e3e3e3e
        18  ................  1c1c1c1c1c1c1c1c1c1c1c1c1c1c1c1c
        17  0000000000000000  30303030303030303030303030303030
# epoch 4980  H=7.6100 C=7.2662 HO=0.3438  A(t)=304
       214  ;;;;;;;;;;;;;;;;  3b3b3b3b3b3b3b3b3b3b3b3b3b3b3b3b
        36  ................  fefefefefefefefefefefefefefefefe
        31  1111111111111111  31313131313131313131313131313131
        29  ................  0c0c0c0c0c0c0c0c0c0c0c0c0c0c0c0c
        28  ................  fafafafafafafafafafafafafafafafa
        26  >>>>>>>>>>>>>>>>  3e3e3e3e3e3e3e3e3e3e3e3e3e3e3e3e
        22  ................  b3b3b3b3b3b3b3b3b3b3b3b3b3b3b3b3
        19  ????????????????  3f3f3f3f3f3f3f3f3f3f3f3f3f3f3f3f
        18  ................  1c1c1c1c1c1c1c1c1c1c1c1c1c1c1c1c
        17  0000000000000000  30303030303030303030303030303030
# epoch 5000  H=7.6122 C=7.2814 HO=0.3308  A(t)=304
       201  ;;;;;;;;;;;;;;;;  3b3b3b3b3b3b3b3b3b3b3b3b3b3b3b3b
        31  1111111111111111  31313131313131313131313131313131
        29  ................  0c0c0c0c0c0c0c0c0c0c0c0c0c0c0c0c
        26  ................  fafafafafafafafafafafafafafafafa
        26  >>>>>>>>>>>>>>>>  3e3e3e3e3e3e3e3e3e3e3e3e3e3e3e3e
        24  ................  9e9e9e9e9e9e9e9e9e9e9e9e9e9e9e9e
        22  ................  b3b3b3b3b3b3b3b3b3b3b3b3b3b3b3b3
        19  ................  fefefefefefefefefefefefefefefefe
        19  ????????????????  3f3f3f3f3f3f3f3f3f3f3f3f3f3f3f3f
        17  0000000000000000  30303030303030303030303030303030
# epoch 5020  H=7.6138 C=7.2920 HO=0.3218  A(t)=304
       191  ;;;;;;;;;;;;;;;;  3b3b3b3b3b3b3b3b3b3b3b3b3b3b3b3b
        31  1111111111111111  31313131313131313131313131313131
        29  ................  0c0c0c0c0c0c0c0c0c0c0c0c0c0c0c0c
        26  ................  fafafafafafafafafafafafafafafafa
        24  ................  9e9e9e9e9e9e9e9e9e9e9e9e9e9e9e9e
        19  ????????????????  3f3f3f3f3f3f3f3f3f3f3f3f3f3f3f3f
        17  0000000000000000  30303030303030303030303030303030
        16  ................  13131313131313131313131313131313
        11  ................  b7b7b7b7b7b7b7b7b7b7b7b7b7b7b7b7
        11  ::::::::::::::::  3a3a3a3a3a3a3a3a3a3a3a3a3a3a3a3a
# epoch 5040  H=7.6154 C=7.3038 HO=0.3115  A(t)=304
       163  ;;;;;;;;;;;;;;;;  3b3b3b3b3b3b3b3b3b3b3b3b3b3b3b3b
        29  ................  0c0c0c0c0c0c0c0c0c0c0c0c0c0c0c0c
        26  ................  fafafafafafafafafafafafafafafafa
        26  1111111111111111  31313131313131313131313131313131
        24  ................  9e9e9e9e9e9e9e9e9e9e9e9e9e9e9e9e
        19  ????????????????  3f3f3f3f3f3f3f3f3f3f3f3f3f3f3f3f
        16  0000000000000000  30303030303030303030303030303030
        14  ................  13131313131313131313131313131313
        11  ::::::::::::::::  3a3a3a3a3a3a3a3a3a3a3a3a3a3a3a3a
        11  ________________  20202020202020202020202020202020
# epoch 5060  H=7.6155 C=7.3068 HO=0.3087  A(t)=304
       189  ;;;;;;;;;;;;;;;;  3b3b3b3b3b3b3b3b3b3b3b3b3b3b3b3b
        29  ................  0c0c0c0c0c0c0c0c0c0c0c0c0c0c0c0c
        26  1111111111111111  31313131313131313131313131313131
        24  ................  9e9e9e9e9e9e9e9e9e9e9e9e9e9e9e9e
        19  ????????????????  3f3f3f3f3f3f3f3f3f3f3f3f3f3f3f3f
        16  0000000000000000  30303030303030303030303030303030
        14  ................  13131313131313131313131313131313
        11  ::::::::::::::::  3a3a3a3a3a3a3a3a3a3a3a3a3a3a3a3a
        11  ________________  20202020202020202020202020202020
        10  ................  b3b3b3b3b3b3b3b3b3b3b3b3b3b3b3b3
# epoch 5080  H=7.6122 C=7.3081 HO=0.3041  A(t)=304
       171  ;;;;;;;;;;;;;;;;  3b3b3b3b3b3b3b3b3b3b3b3b3b3b3b3b
        40  ................  f3f3f3f3f3f3f3f3f3f3f3f3f3f3f3f3
        29  ................  0c0c0c0c0c0c0c0c0c0c0c0c0c0c0c0c
        27  <<<<<<<<<<<<<<<<  3c3c3c3c3c3c3c3c3c3c3c3c3c3c3c3c
        25  ================  3d3d3d3d3d3d3d3d3d3d3d3d3d3d3d3d
        23  ................  9e9e9e9e9e9e9e9e9e9e9e9e9e9e9e9e
        19  ????????????????  3f3f3f3f3f3f3f3f3f3f3f3f3f3f3f3f
        16  0000000000000000  30303030303030303030303030303030
        14  >>>>>>>>>>>>>>>>  3e3e3e3e3e3e3e3e3e3e3e3e3e3e3e3e
        11  ::::::::::::::::  3a3a3a3a3a3a3a3a3a3a3a3a3a3a3a3a
# epoch 5100  H=7.6141 C=7.3124 HO=0.3017  A(t)=304
       157  ;;;;;;;;;;;;;;;;  3b3b3b3b3b3b3b3b3b3b3b3b3b3b3b3b
        95  ................  c6c6c6c6c6c6c6c6c6c6c6c6c6c6c6c6
        59  ::::::::::::::::  3a3a3a3a3a3a3a3a3a3a3a3a3a3a3a3a
        30  ................  f3f3f3f3f3f3f3f3f3f3f3f3f3f3f3f3
        29  ................  0c0c0c0c0c0c0c0c0c0c0c0c0c0c0c0c
        23  ................  9e9e9e9e9e9e9e9e9e9e9e9e9e9e9e9e
        18  <<<<<<<<<<<<<<<<  3c3c3c3c3c3c3c3c3c3c3c3c3c3c3c3c
        16  0000000000000000  30303030303030303030303030303030
        14  >>>>>>>>>>>>>>>>  3e3e3e3e3e3e3e3e3e3e3e3e3e3e3e3e
        12  ????????????????  3f3f3f3f3f3f3f3f3f3f3f3f3f3f3f3f
# epoch 5120  H=7.6141 C=7.3112 HO=0.3030  A(t)=304
       157  ;;;;;;;;;;;;;;;;  3b3b3b3b3b3b3b3b3b3b3b3b3b3b3b3b
        86  ................  c6c6c6c6c6c6c6c6c6c6c6c6c6c6c6c6
        47  ::::::::::::::::  3a3a3a3a3a3a3a3a3a3a3a3a3a3a3a3a
        42  ................  eaeaeaeaeaeaeaeaeaeaeaeaeaeaeaea
        29  ................  0c0c0c0c0c0c0c0c0c0c0c0c0c0c0c0c
        23  ................  f3f3f3f3f3f3f3f3f3f3f3f3f3f3f3f3
        23  ................  9e9e9e9e9e9e9e9e9e9e9e9e9e9e9e9e
        18  <<<<<<<<<<<<<<<<  3c3c3c3c3c3c3c3c3c3c3c3c3c3c3c3c
        16  0000000000000000  30303030303030303030303030303030
        15  >>>>>>>>>>>>>>>>  3e3e3e3e3e3e3e3e3e3e3e3e3e3e3e3e
# epoch 5140  H=7.6215 C=7.3230 HO=0.2985  A(t)=304
       146  ;;;;;;;;;;;;;;;;  3b3b3b3b3b3b3b3b3b3b3b3b3b3b3b3b
        64  ................  c6c6c6c6c6c6c6c6c6c6c6c6c6c6c6c6
        46  ................  9b9b9b9b9b9b9b9b9b9b9b9b9b9b9b9b
        34  ::::::::::::::::  3a3a3a3a3a3a3a3a3a3a3a3a3a3a3a3a
        27  ................  0c0c0c0c0c0c0c0c0c0c0c0c0c0c0c0c
        22  ................  eaeaeaeaeaeaeaeaeaeaeaeaeaeaeaea
        20  ................  9e9e9e9e9e9e9e9e9e9e9e9e9e9e9e9e
        19  ................  f3f3f3f3f3f3f3f3f3f3f3f3f3f3f3f3
        16  0000000000000000  30303030303030303030303030303030
        13  <<<<<<<<<<<<<<<<  3c3c3c3c3c3c3c3c3c3c3c3c3c3c3c3c
# epoch 5160  H=7.6203 C=7.3160 HO=0.3042  A(t)=304
       143  ;;;;;;;;;;;;;;;;  3b3b3b3b3b3b3b3b3b3b3b3b3b3b3b3b
        57  ................  c6c6c6c6c6c6c6c6c6c6c6c6c6c6c6c6
        43  ................  9b9b9b9b9b9b9b9b9b9b9b9b9b9b9b9b
        37  ................  eaeaeaeaeaeaeaeaeaeaeaeaeaeaeaea
        37  ................  dfdfdfdfdfdfdfdfdfdfdfdfdfdfdfdf
        35  ................  dadadadadadadadadadadadadadadada
        27  ................  0c0c0c0c0c0c0c0c0c0c0c0c0c0c0c0c
        24  ::::::::::::::::  3a3a3a3a3a3a3a3a3a3a3a3a3a3a3a3a
        20  ................  9e9e9e9e9e9e9e9e9e9e9e9e9e9e9e9e
        19  ................  f3f3f3f3f3f3f3f3f3f3f3f3f3f3f3f3
# epoch 5180  H=7.6160 C=7.3115 HO=0.3044  A(t)=304
       130  ;;;;;;;;;;;;;;;;  3b3b3b3b3b3b3b3b3b3b3b3b3b3b3b3b
        56  ................  c6c6c6c6c6c6c6c6c6c6c6c6c6c6c6c6
        48  nnnnnnnnnnnnnnnn  6e6e6e6e6e6e6e6e6e6e6e6e6e6e6e6e
        42  ................  9b9b9b9b9b9b9b9b9b9b9b9b9b9b9b9b
        40  ================  3d3d3d3d3d3d3d3d3d3d3d3d3d3d3d3d
        36  ................  eaeaeaeaeaeaeaeaeaeaeaeaeaeaeaea
        35  ................  dfdfdfdfdfdfdfdfdfdfdfdfdfdfdfdf
        29  ................  dadadadadadadadadadadadadadadada
        27  ................  0c0c0c0c0c0c0c0c0c0c0c0c0c0c0c0c
        20  ::::::::::::::::  3a3a3a3a3a3a3a3a3a3a3a3a3a3a3a3a
# epoch 5200  H=7.6186 C=7.3007 HO=0.3179  A(t)=304
       117  ;;;;;;;;;;;;;;;;  3b3b3b3b3b3b3b3b3b3b3b3b3b3b3b3b
        64  nnnnnnnnnnnnnnnn  6e6e6e6e6e6e6e6e6e6e6e6e6e6e6e6e
        49  ................  c6c6c6c6c6c6c6c6c6c6c6c6c6c6c6c6
        40  ================  3d3d3d3d3d3d3d3d3d3d3d3d3d3d3d3d
        36  ................  eaeaeaeaeaeaeaeaeaeaeaeaeaeaeaea
        31  ................  9b9b9b9b9b9b9b9b9b9b9b9b9b9b9b9b
        29  ................  dadadadadadadadadadadadadadadada
        20  ::::::::::::::::  3a3a3a3a3a3a3a3a3a3a3a3a3a3a3a3a
        20  ................  0c0c0c0c0c0c0c0c0c0c0c0c0c0c0c0c
        19  ................  f3f3f3f3f3f3f3f3f3f3f3f3f3f3f3f3
# epoch 5220  H=7.6149 C=7.2800 HO=0.3348  A(t)=304
       107  <<<<<<<<<<<<<<<<  3c3c3c3c3c3c3c3c3c3c3c3c3c3c3c3c
       107  ;;;;;;;;;;;;;;;;  3b3b3b3b3b3b3b3b3b3b3b3b3b3b3b3b
        54  nnnnnnnnnnnnnnnn  6e6e6e6e6e6e6e6e6e6e6e6e6e6e6e6e
        49  ................  c6c6c6c6c6c6c6c6c6c6c6c6c6c6c6c6
        46  CCCCCCCCCCCCCCCC  43434343434343434343434343434343
        46  BBBBBBBBBBBBBBBB  42424242424242424242424242424242
        44  ................  15151515151515151515151515151515
        36  ................  eaeaeaeaeaeaeaeaeaeaeaeaeaeaeaea
        36  ================  3d3d3d3d3d3d3d3d3d3d3d3d3d3d3d3d
        29  ................  dadadadadadadadadadadadadadadada
# epoch 5240  H=7.6157 C=7.2855 HO=0.3302  A(t)=304
        94  ;;;;;;;;;;;;;;;;  3b3b3b3b3b3b3b3b3b3b3b3b3b3b3b3b
        84  <<<<<<<<<<<<<<<<  3c3c3c3c3c3c3c3c3c3c3c3c3c3c3c3c
        54  nnnnnnnnnnnnnnnn  6e6e6e6e6e6e6e6e6e6e6e6e6e6e6e6e
        49  ................  c6c6c6c6c6c6c6c6c6c6c6c6c6c6c6c6
        45  HHHHHHHHHHHHHHHH  48484848484848484848484848484848
        43  ................  a9a9a9a9a9a9a9a9a9a9a9a9a9a9a9a9
        41  ................  15151515151515151515151515151515
        36  BBBBBBBBBBBBBBBB  42424242424242424242424242424242
        35  ================  3d3d3d3d3d3d3d3d3d3d3d3d3d3d3d3d
        29  ................  dadadadadadadadadadadadadadadada
# epoch 5260  H=7.6123 C=7.2739 HO=0.3383  A(t)=304
       122  ;;;;;;;;;;;;;;;;  3b3b3b3b3b3b3b3b3b3b3b3b3b3b3b3b
        64  <<<<<<<<<<<<<<<<  3c3c3c3c3c3c3c3c3c3c3c3c3c3c3c3c
        53  nnnnnnnnnnnnnnnn  6e6e6e6e6e6e6e6e6e6e6e6e6e6e6e6e
        51  ................  a9a9a9a9a9a9a9a9a9a9a9a9a9a9a9a9
        49  ................  c6c6c6c6c6c6c6c6c6c6c6c6c6c6c6c6
        46  ................  1b1b1b1b1b1b1b1b1b1b1b1b1b1b1b1b
        42  HHHHHHHHHHHHHHHH  48484848484848484848484848484848
        40  ................  15151515151515151515151515151515
        35  ================  3d3d3d3d3d3d3d3d3d3d3d3d3d3d3d3d
        31  BBBBBBBBBBBBBBBB  42424242424242424242424242424242
# epoch 5280  H=7.6156 C=7.2808 HO=0.3348  A(t)=308
       120  ;;;;;;;;;;;;;;;;  3b3b3b3b3b3b3b3b3b3b3b3b3b3b3b3b
        53  nnnnnnnnnnnnnnnn  6e6e6e6e6e6e6e6e6e6e6e6e6e6e6e6e
        53  <<<<<<<<<<<<<<<<  3c3c3c3c3c3c3c3c3c3c3c3c3c3c3c3c
        49  ................  c6c6c6c6c6c6c6c6c6c6c6c6c6c6c6c6
        47  ''''''''''''''''  27272727272727272727272727272727
        42  HHHHHHHHHHHHHHHH  48484848484848484848484848484848
        37  %%%%%%%%%%%%%%%%  25252525252525252525252525252525
        35  ================  3d3d3d3d3d3d3d3d3d3d3d3d3d3d3d3d
        31  BBBBBBBBBBBBBBBB  42424242424242424242424242424242
        29  ................  dadadadadadadadadadadadadadadada
# epoch 5300  H=7.6133 C=7.2874 HO=0.3260  A(t)=308
       151  ;;;;;;;;;;;;;;;;  3b3b3b3b3b3b3b3b3b3b3b3b3b3b3b3b
        53  <<<<<<<<<<<<<<<<  3c3c3c3c3c3c3c3c3c3c3c3c3c3c3c3c
        49  nnnnnnnnnnnnnnnn  6e6e6e6e6e6e6e6e6e6e6e6e6e6e6e6e
        44  ''''''''''''''''  27272727272727272727272727272727
        36  ................  c6c6c6c6c6c6c6c6c6c6c6c6c6c6c6c6
        35  ................  f9f9f9f9f9f9f9f9f9f9f9f9f9f9f9f9
        35  ================  3d3d3d3d3d3d3d3d3d3d3d3d3d3d3d3d
        35  %%%%%%%%%%%%%%%%  25252525252525252525252525252525
        31  BBBBBBBBBBBBBBBB  42424242424242424242424242424242
        29  ................  dadadadadadadadadadadadadadadada
# epoch 5320  H=7.6144 C=7.2915 HO=0.3229  A(t)=308
       128  ;;;;;;;;;;;;;;;;  3b3b3b3b3b3b3b3b3b3b3b3b3b3b3b3b
        51  <<<<<<<<<<<<<<<<  3c3c3c3c3c3c3c3c3c3c3c3c3c3c3c3c
        41  ''''''''''''''''  27272727272727272727272727272727
        36  ................  c6c6c6c6c6c6c6c6c6c6c6c6c6c6c6c6
        35  ================  3d3d3d3d3d3d3d3d3d3d3d3d3d3d3d3d
        35  %%%%%%%%%%%%%%%%  25252525252525252525252525252525
        33  ................  f9f9f9f9f9f9f9f9f9f9f9f9f9f9f9f9
        31  nnnnnnnnnnnnnnnn  6e6e6e6e6e6e6e6e6e6e6e6e6e6e6e6e
        31  BBBBBBBBBBBBBBBB  42424242424242424242424242424242
        29  ................  dadadadadadadadadadadadadadadada
# epoch 5340  H=7.6190 C=7.2958 HO=0.3232  A(t)=311
        88  ;;;;;;;;;;;;;;;;  3b3b3b3b3b3b3b3b3b3b3b3b3b3b3b3b
        48  IIIIIIIIIIIIIIII  49494949494949494949494949494949
        42  <<<<<<<<<<<<<<<<  3c3c3c3c3c3c3c3c3c3c3c3c3c3c3c3c
        35  ================  3d3d3d3d3d3d3d3d3d3d3d3d3d3d3d3d
        33  ................  f9f9f9f9f9f9f9f9f9f9f9f9f9f9f9f9
        32  ''''''''''''''''  27272727272727272727272727272727
        31  %%%%%%%%%%%%%%%%  25252525252525252525252525252525
        29  ................  dadadadadadadadadadadadadadadada
        29  hhhhhhhhhhhhhhhh  68686868686868686868686868686868
        25  ................  c6c6c6c6c6c6c6c6c6c6c6c6c6c6c6c6
# epoch 5360  H=7.6242 C=7.3116 HO=0.3125  A(t)=311
        79  ;;;;;;;;;;;;;;;;  3b3b3b3b3b3b3b3b3b3b3b3b3b3b3b3b
        43  IIIIIIIIIIIIIIII  49494949494949494949494949494949
        40  <<<<<<<<<<<<<<<<  3c3c3c3c3c3c3c3c3c3c3c3c3c3c3c3c
        35  ================  3d3d3d3d3d3d3d3d3d3d3d3d3d3d3d3d
        32  ................  f9f9f9f9f9f9f9f9f9f9f9f9f9f9f9f9
        32  ''''''''''''''''  27272727272727272727272727272727
        29  ................  dadadadadadadadadadadadadadadada
        25  ................  c6c6c6c6c6c6c6c6c6c6c6c6c6c6c6c6
        25  nnnnnnnnnnnnnnnn  6e6e6e6e6e6e6e6e6e6e6e6e6e6e6e6e
        21  %%%%%%%%%%%%%%%%  25252525252525252525252525252525
# epoch 5380  H=7.6205 C=7.3145 HO=0.3060  A(t)=311
        67  ;;;;;;;;;;;;;;;;  3b3b3b3b3b3b3b3b3b3b3b3b3b3b3b3b
        44  AAAAAAAAAAAAAAAA  41414141414141414141414141414141
        43  IIIIIIIIIIIIIIII  49494949494949494949494949494949
        35  <<<<<<<<<<<<<<<<  3c3c3c3c3c3c3c3c3c3c3c3c3c3c3c3c
        33  ================  3d3d3d3d3d3d3d3d3d3d3d3d3d3d3d3d
        32  ''''''''''''''''  27272727272727272727272727272727
        29  ................  dadadadadadadadadadadadadadadada
        25  nnnnnnnnnnnnnnnn  6e6e6e6e6e6e6e6e6e6e6e6e6e6e6e6e
        23  ................  c6c6c6c6c6c6c6c6c6c6c6c6c6c6c6c6
        20  ................  f9f9f9f9f9f9f9f9f9f9f9f9f9f9f9f9
# epoch 5400  H=7.6156 C=7.3180 HO=0.2976  A(t)=311
        67  ;;;;;;;;;;;;;;;;  3b3b3b3b3b3b3b3b3b3b3b3b3b3b3b3b
        43  AAAAAAAAAAAAAAAA  41414141414141414141414141414141
        37  IIIIIIIIIIIIIIII  49494949494949494949494949494949
        35  <<<<<<<<<<<<<<<<  3c3c3c3c3c3c3c3c3c3c3c3c3c3c3c3c
        32  ''''''''''''''''  27272727272727272727272727272727
        28  ================  3d3d3d3d3d3d3d3d3d3d3d3d3d3d3d3d
        25  nnnnnnnnnnnnnnnn  6e6e6e6e6e6e6e6e6e6e6e6e6e6e6e6e
        24  ................  dadadadadadadadadadadadadadadada
        20  ................  f9f9f9f9f9f9f9f9f9f9f9f9f9f9f9f9
        20  ssssssssssssssss  73737373737373737373737373737373
# epoch 5420  H=7.6119 C=7.3246 HO=0.2873  A(t)=311
        66  ;;;;;;;;;;;;;;;;  3b3b3b3b3b3b3b3b3b3b3b3b3b3b3b3b
        39  AAAAAAAAAAAAAAAA  41414141414141414141414141414141
        35  <<<<<<<<<<<<<<<<  3c3c3c3c3c3c3c3c3c3c3c3c3c3c3c3c
        32  ''''''''''''''''  27272727272727272727272727272727
        26  IIIIIIIIIIIIIIII  49494949494949494949494949494949
        20  ssssssssssssssss  73737373737373737373737373737373
        18  BBBBBBBBBBBBBBBB  42424242424242424242424242424242
        17  nnnnnnnnnnnnnnnn  6e6e6e6e6e6e6e6e6e6e6e6e6e6e6e6e
        16  ................  9b9b9b9b9b9b9b9b9b9b9b9b9b9b9b9b
        16  0000000000000000  30303030303030303030303030303030
# epoch 5440  H=7.6086 C=7.3314 HO=0.2772  A(t)=311
        63  ;;;;;;;;;;;;;;;;  3b3b3b3b3b3b3b3b3b3b3b3b3b3b3b3b
        38  AAAAAAAAAAAAAAAA  41414141414141414141414141414141
        32  ''''''''''''''''  27272727272727272727272727272727
        26  IIIIIIIIIIIIIIII  49494949494949494949494949494949
        19  <<<<<<<<<<<<<<<<  3c3c3c3c3c3c3c3c3c3c3c3c3c3c3c3c
        18  BBBBBBBBBBBBBBBB  42424242424242424242424242424242
        16  ................  9b9b9b9b9b9b9b9b9b9b9b9b9b9b9b9b
        16  ssssssssssssssss  73737373737373737373737373737373
        16  0000000000000000  30303030303030303030303030303030
        15  nnnnnnnnnnnnnnnn  6e6e6e6e6e6e6e6e6e6e6e6e6e6e6e6e
# epoch 5460  H=7.6066 C=7.3401 HO=0.2665  A(t)=311
        59  ;;;;;;;;;;;;;;;;  3b3b3b3b3b3b3b3b3b3b3b3b3b3b3b3b
        38  AAAAAAAAAAAAAAAA  41414141414141414141414141414141
        32  ''''''''''''''''  27272727272727272727272727272727
        20  IIIIIIIIIIIIIIII  49494949494949494949494949494949
        18  BBBBBBBBBBBBBBBB  42424242424242424242424242424242
        16  ................  9b9b9b9b9b9b9b9b9b9b9b9b9b9b9b9b
        16  0000000000000000  30303030303030303030303030303030
        15  nnnnnnnnnnnnnnnn  6e6e6e6e6e6e6e6e6e6e6e6e6e6e6e6e
        14  %%%%%%%%%%%%%%%%  25252525252525252525252525252525
        13  CCCCCCCCCCCCCCCC  43434343434343434343434343434343
# epoch 5480  H=7.6103 C=7.3441 HO=0.2662  A(t)=311
        59  ;;;;;;;;;;;;;;;;  3b3b3b3b3b3b3b3b3b3b3b3b3b3b3b3b
        38  AAAAAAAAAAAAAAAA  41414141414141414141414141414141
        31  {{{{{{{{{{{{{{{{  7b7b7b7b7b7b7b7b7b7b7b7b7b7b7b7b
        30  ''''''''''''''''  27272727272727272727272727272727
        20  IIIIIIIIIIIIIIII  49494949494949494949494949494949
        18  BBBBBBBBBBBBBBBB  42424242424242424242424242424242
        14  0000000000000000  30303030303030303030303030303030
        14  %%%%%%%%%%%%%%%%  25252525252525252525252525252525
        13  nnnnnnnnnnnnnnnn  6e6e6e6e6e6e6e6e6e6e6e6e6e6e6e6e
        13  CCCCCCCCCCCCCCCC  43434343434343434343434343434343
# epoch 5500  H=7.6113 C=7.3610 HO=0.2504  A(t)=311
        57  ;;;;;;;;;;;;;;;;  3b3b3b3b3b3b3b3b3b3b3b3b3b3b3b3b
        30  ''''''''''''''''  27272727272727272727272727272727
        20  {{{{{{{{{{{{{{{{  7b7b7b7b7b7b7b7b7b7b7b7b7b7b7b7b
        20  AAAAAAAAAAAAAAAA  41414141414141414141414141414141
        18  IIIIIIIIIIIIIIII  49494949494949494949494949494949
        18  BBBBBBBBBBBBBBBB  42424242424242424242424242424242
        14  0000000000000000  30303030303030303030303030303030
        14  %%%%%%%%%%%%%%%%  25252525252525252525252525252525
        13  CCCCCCCCCCCCCCCC  43434343434343434343434343434343
        12  ================  3d3d3d3d3d3d3d3d3d3d3d3d3d3d3d3d
# epoch 5520  H=7.6149 C=7.3639 HO=0.2510  A(t)=313
        52  ;;;;;;;;;;;;;;;;  3b3b3b3b3b3b3b3b3b3b3b3b3b3b3b3b
        49  <<<<<<<<<<<<<<<<  3c3c3c3c3c3c3c3c3c3c3c3c3c3c3c3c
        30  ''''''''''''''''  27272727272727272727272727272727
        25  EEEEEEEEEEEEEEEE  45454545454545454545454545454545
        20  AAAAAAAAAAAAAAAA  41414141414141414141414141414141
        18  IIIIIIIIIIIIIIII  49494949494949494949494949494949
        18  BBBBBBBBBBBBBBBB  42424242424242424242424242424242
        14  0000000000000000  30303030303030303030303030303030
        14  %%%%%%%%%%%%%%%%  25252525252525252525252525252525
        13  CCCCCCCCCCCCCCCC  43434343434343434343434343434343
# epoch 5540  H=7.6153 C=7.3679 HO=0.2474  A(t)=313
        55  ================  3d3d3d3d3d3d3d3d3d3d3d3d3d3d3d3d
        46  <<<<<<<<<<<<<<<<  3c3c3c3c3c3c3c3c3c3c3c3c3c3c3c3c
        45  ;;;;;;;;;;;;;;;;  3b3b3b3b3b3b3b3b3b3b3b3b3b3b3b3b
        30  ''''''''''''''''  27272727272727272727272727272727
        18  BBBBBBBBBBBBBBBB  42424242424242424242424242424242
        14  0000000000000000  30303030303030303030303030303030
        13  AAAAAAAAAAAAAAAA  41414141414141414141414141414141
        11  ________________  20202020202020202020202020202020
        10  ................  dfdfdfdfdfdfdfdfdfdfdfdfdfdfdfdf
        10  <;<;<;<;<;<;<;<;  3c3b3c3b3c3b3c3b3c3b3c3b3c3b3c3b
# epoch 5560  H=7.6209 C=7.3856 HO=0.2352  A(t)=313
        46  <<<<<<<<<<<<<<<<  3c3c3c3c3c3c3c3c3c3c3c3c3c3c3c3c
        45  ;;;;;;;;;;;;;;;;  3b3b3b3b3b3b3b3b3b3b3b3b3b3b3b3b
        35  ================  3d3d3d3d3d3d3d3d3d3d3d3d3d3d3d3d
        30  ''''''''''''''''  27272727272727272727272727272727
        15  BBBBBBBBBBBBBBBB  42424242424242424242424242424242
        14  0000000000000000  30303030303030303030303030303030
        13  AAAAAAAAAAAAAAAA  41414141414141414141414141414141
        10  ................  1b1b1b1b1b1b1b1b1b1b1b1b1b1b1b1b
         9  ................  f9f9f9f9f9f9f9f9f9f9f9f9f9f9f9f9
         9  ................  c6c6c6c6c6c6c6c6c6c6c6c6c6c6c6c6
# epoch 5580  H=7.6223 C=7.3931 HO=0.2293  A(t)=313
        45  <<<<<<<<<<<<<<<<  3c3c3c3c3c3c3c3c3c3c3c3c3c3c3c3c
        42  ;;;;;;;;;;;;;;;;  3b3b3b3b3b3b3b3b3b3b3b3b3b3b3b3b
        35  ================  3d3d3d3d3d3d3d3d3d3d3d3d3d3d3d3d
        31  DDDDDDDDDDDDDDDD  44444444444444444444444444444444
        15  BBBBBBBBBBBBBBBB  42424242424242424242424242424242
        14  0000000000000000  30303030303030303030303030303030
        14  ''''''''''''''''  27272727272727272727272727272727
        13  AAAAAAAAAAAAAAAA  41414141414141414141414141414141
         9  ................  f9f9f9f9f9f9f9f9f9f9f9f9f9f9f9f9
         8  [.[.[.[.[.[.[.[.  5b1b5b1b5b1b5b1b5b1b5b1b5b1b5b1b
# epoch 5600  H=7.6245 C=7.3702 HO=0.2542  A(t)=313
       109  DDDDDDDDDDDDDDDD  44444444444444444444444444444444
        52  <<<<<<<<<<<<<<<<  3c3c3c3c3c3c3c3c3c3c3c3c3c3c3c3c
        49  6666666666666666  36363636363636363636363636363636
        39  ................  a9a9a9a9a9a9a9a9a9a9a9a9a9a9a9a9
        38  IIIIIIIIIIIIIIII  49494949494949494949494949494949
        35  ================  3d3d3d3d3d3d3d3d3d3d3d3d3d3d3d3d
        31  ;;;;;;;;;;;;;;;;  3b3b3b3b3b3b3b3b3b3b3b3b3b3b3b3b
        15  BBBBBBBBBBBBBBBB  42424242424242424242424242424242
        14  0000000000000000  30303030303030303030303030303030
        14  ''''''''''''''''  27272727272727272727272727272727
# epoch 5620  H=7.6261 C=7.3584 HO=0.2677  A(t)=313
        91  6666666666666666  36363636363636363636363636363636
        76  DDDDDDDDDDDDDDDD  44444444444444444444444444444444
        49  ................  b9b9b9b9b9b9b9b9b9b9b9b9b9b9b9b9
        45  <<<<<<<<<<<<<<<<  3c3c3c3c3c3c3c3c3c3c3c3c3c3c3c3c
        42  ................  a9a9a9a9a9a9a9a9a9a9a9a9a9a9a9a9
        35  ================  3d3d3d3d3d3d3d3d3d3d3d3d3d3d3d3d
        32  IIIIIIIIIIIIIIII  49494949494949494949494949494949
        31  ;;;;;;;;;;;;;;;;  3b3b3b3b3b3b3b3b3b3b3b3b3b3b3b3b
        15  BBBBBBBBBBBBBBBB  42424242424242424242424242424242
        15  1111111111111111  31313131313131313131313131313131
# epoch 5640  H=7.6155 C=7.3527 HO=0.2629  A(t)=313
        87  6666666666666666  36363636363636363636363636363636
        79  ;;;;;;;;;;;;;;;;  3b3b3b3b3b3b3b3b3b3b3b3b3b3b3b3b
        73  DDDDDDDDDDDDDDDD  44444444444444444444444444444444
        49  ................  b9b9b9b9b9b9b9b9b9b9b9b9b9b9b9b9
        43  <<<<<<<<<<<<<<<<  3c3c3c3c3c3c3c3c3c3c3c3c3c3c3c3c
        38  ................  a9a9a9a9a9a9a9a9a9a9a9a9a9a9a9a9
        33  ================  3d3d3d3d3d3d3d3d3d3d3d3d3d3d3d3d
        32  IIIIIIIIIIIIIIII  49494949494949494949494949494949
        15  BBBBBBBBBBBBBBBB  42424242424242424242424242424242
        15  1111111111111111  31313131313131313131313131313131
# epoch 5660  H=7.6155 C=7.3335 HO=0.2820  A(t)=313
       100  ;;;;;;;;;;;;;;;;  3b3b3b3b3b3b3b3b3b3b3b3b3b3b3b3b
        78  VVVVVVVVVVVVVVVV  56565656565656565656565656565656
        73  DDDDDDDDDDDDDDDD  44444444444444444444444444444444
        68  6666666666666666  36363636363636363636363636363636
        43  ................  b9b9b9b9b9b9b9b9b9b9b9b9b9b9b9b9
        34  <<<<<<<<<<<<<<<<  3c3c3c3c3c3c3c3c3c3c3c3c3c3c3c3c
        33  ================  3d3d3d3d3d3d3d3d3d3d3d3d3d3d3d3d
        31  ................  a9a9a9a9a9a9a9a9a9a9a9a9a9a9a9a9
        30  ................  fafafafafafafafafafafafafafafafa
        16  IIIIIIIIIIIIIIII  49494949494949494949494949494949
# epoch 5680  H=7.6163 C=7.3400 HO=0.2763  A(t)=313
       101  ;;;;;;;;;;;;;;;;  3b3b3b3b3b3b3b3b3b3b3b3b3b3b3b3b
        68  6666666666666666  36363636363636363636363636363636
        67  DDDDDDDDDDDDDDDD  44444444444444444444444444444444
        62  VVVVVVVVVVVVVVVV  56565656565656565656565656565656
        44  ................  b9b9b9b9b9b9b9b9b9b9b9b9b9b9b9b9
        34  <<<<<<<<<<<<<<<<  3c3c3c3c3c3c3c3c3c3c3c3c3c3c3c3c
        31  ................  a9a9a9a9a9a9a9a9a9a9a9a9a9a9a9a9
        30  ................  01010101010101010101010101010101
        29  ................  fafafafafafafafafafafafafafafafa
        27  ================  3d3d3d3d3d3d3d3d3d3d3d3d3d3d3d3d
# epoch 5700  H=7.6139 C=7.3425 HO=0.2714  A(t)=313
        97  ;;;;;;;;;;;;;;;;  3b3b3b3b3b3b3b3b3b3b3b3b3b3b3b3b
        73  ................  01010101010101010101010101010101
        67  DDDDDDDDDDDDDDDD  44444444444444444444444444444444
        50  VVVVVVVVVVVVVVVV  56565656565656565656565656565656
        41  ................  b9b9b9b9b9b9b9b9b9b9b9b9b9b9b9b9
        37  6666666666666666  36363636363636363636363636363636
        34  <<<<<<<<<<<<<<<<  3c3c3c3c3c3c3c3c3c3c3c3c3c3c3c3c
        29  ................  a9a9a9a9a9a9a9a9a9a9a9a9a9a9a9a9
        27  ................  fafafafafafafafafafafafafafafafa
        25  ================  3d3d3d3d3d3d3d3d3d3d3d3d3d3d3d3d
# epoch 5720  H=7.6078 C=7.3445 HO=0.2633  A(t)=313
        91  ;;;;;;;;;;;;;;;;  3b3b3b3b3b3b3b3b3b3b3b3b3b3b3b3b
        67  DDDDDDDDDDDDDDDD  44444444444444444444444444444444
        67  ................  01010101010101010101010101010101
        40  <<<<<<<<<<<<<<<<  3c3c3c3c3c3c3c3c3c3c3c3c3c3c3c3c
        38  ................  b9b9b9b9b9b9b9b9b9b9b9b9b9b9b9b9
        35  6666666666666666  36363636363636363636363636363636
        27  ................  fafafafafafafafafafafafafafafafa
        26  VVVVVVVVVVVVVVVV  56565656565656565656565656565656
        23  ................  a9a9a9a9a9a9a9a9a9a9a9a9a9a9a9a9
        19  ================  3d3d3d3d3d3d3d3d3d3d3d3d3d3d3d3d
# epoch 5740  H=7.6015 C=7.3480 HO=0.2535  A(t)=314
        85  ;;;;;;;;;;;;;;;;  3b3b3b3b3b3b3b3b3b3b3b3b3b3b3b3b
        67  ................  01010101010101010101010101010101
        66  DDDDDDDDDDDDDDDD  44444444444444444444444444444444
        40  ................  b9b9b9b9b9b9b9b9b9b9b9b9b9b9b9b9
        40  <<<<<<<<<<<<<<<<  3c3c3c3c3c3c3c3c3c3c3c3c3c3c3c3c
        27  ................  fafafafafafafafafafafafafafafafa
        26  6666666666666666  36363636363636363636363636363636
        20  VVVVVVVVVVVVVVVV  56565656565656565656565656565656
        19  ================  3d3d3d3d3d3d3d3d3d3d3d3d3d3d3d3d
        16  IIIIIIIIIIIIIIII  49494949494949494949494949494949
# epoch 5760  H=7.5938 C=7.3472 HO=0.2466  A(t)=314
        82  ;;;;;;;;;;;;;;;;  3b3b3b3b3b3b3b3b3b3b3b3b3b3b3b3b
        66  DDDDDDDDDDDDDDDD  44444444444444444444444444444444
        41  ................  b9b9b9b9b9b9b9b9b9b9b9b9b9b9b9b9
        40  <<<<<<<<<<<<<<<<  3c3c3c3c3c3c3c3c3c3c3c3c3c3c3c3c
        40  ................  01010101010101010101010101010101
        23  ................  fafafafafafafafafafafafafafafafa
        22  6666666666666666  36363636363636363636363636363636
        20  VVVVVVVVVVVVVVVV  56565656565656565656565656565656
        19  ================  3d3d3d3d3d3d3d3d3d3d3d3d3d3d3d3d
        16  IIIIIIIIIIIIIIII  49494949494949494949494949494949
# epoch 5780  H=7.5891 C=7.3483 HO=0.2409  A(t)=314
        82  ;;;;;;;;;;;;;;;;  3b3b3b3b3b3b3b3b3b3b3b3b3b3b3b3b
        66  DDDDDDDDDDDDDDDD  44444444444444444444444444444444
        47  2222222222222222  32323232323232323232323232323232
        40  ................  01010101010101010101010101010101
        39  ................  b9b9b9b9b9b9b9b9b9b9b9b9b9b9b9b9
        36  <<<<<<<<<<<<<<<<  3c3c3c3c3c3c3c3c3c3c3c3c3c3c3c3c
        23  ................  fafafafafafafafafafafafafafafafa
        22  6666666666666666  36363636363636363636363636363636
        20  VVVVVVVVVVVVVVVV  56565656565656565656565656565656
        19  ================  3d3d3d3d3d3d3d3d3d3d3d3d3d3d3d3d
# epoch 5800  H=7.5874 C=7.3416 HO=0.2458  A(t)=314
        86  2222222222222222  32323232323232323232323232323232
        79  ;;;;;;;;;;;;;;;;  3b3b3b3b3b3b3b3b3b3b3b3b3b3b3b3b
        65  DDDDDDDDDDDDDDDD  44444444444444444444444444444444
        39  ................  b9b9b9b9b9b9b9b9b9b9b9b9b9b9b9b9
        28  ................  01010101010101010101010101010101
        25  <<<<<<<<<<<<<<<<  3c3c3c3c3c3c3c3c3c3c3c3c3c3c3c3c
        23  ................  fafafafafafafafafafafafafafafafa
        22  6666666666666666  36363636363636363636363636363636
        20  VVVVVVVVVVVVVVVV  56565656565656565656565656565656
        19  ================  3d3d3d3d3d3d3d3d3d3d3d3d3d3d3d3d
# epoch 5820  H=7.5767 C=7.3346 HO=0.2421  A(t)=314
       114  ;;;;;;;;;;;;;;;;  3b3b3b3b3b3b3b3b3b3b3b3b3b3b3b3b
        75  2222222222222222  32323232323232323232323232323232
        65  DDDDDDDDDDDDDDDD  44444444444444444444444444444444
        45  ,,,,,,,,,,,,,,,,  2c2c2c2c2c2c2c2c2c2c2c2c2c2c2c2c
        32  ................  b9b9b9b9b9b9b9b9b9b9b9b9b9b9b9b9
        28  ................  01010101010101010101010101010101
        25  <<<<<<<<<<<<<<<<  3c3c3c3c3c3c3c3c3c3c3c3c3c3c3c3c
        23  ................  fafafafafafafafafafafafafafafafa
        22  6666666666666666  36363636363636363636363636363636
        20  VVVVVVVVVVVVVVVV  56565656565656565656565656565656
# epoch 5840  H=7.5862 C=7.3470 HO=0.2392  A(t)=314
        95  ;;;;;;;;;;;;;;;;  3b3b3b3b3b3b3b3b3b3b3b3b3b3b3b3b
        75  2222222222222222  32323232323232323232323232323232
        51  DDDDDDDDDDDDDDDD  44444444444444444444444444444444
        49  ,,,,,,,,,,,,,,,,  2c2c2c2c2c2c2c2c2c2c2c2c2c2c2c2c
        32  ................  b9b9b9b9b9b9b9b9b9b9b9b9b9b9b9b9
        25  <<<<<<<<<<<<<<<<  3c3c3c3c3c3c3c3c3c3c3c3c3c3c3c3c
        24  ................  01010101010101010101010101010101
        23  ................  fafafafafafafafafafafafafafafafa
        22  6666666666666666  36363636363636363636363636363636
        20  VVVVVVVVVVVVVVVV  56565656565656565656565656565656
# epoch 5860  H=7.5933 C=7.3522 HO=0.2411  A(t)=314
        92  ;;;;;;;;;;;;;;;;  3b3b3b3b3b3b3b3b3b3b3b3b3b3b3b3b
        65  2222222222222222  32323232323232323232323232323232
        50  DDDDDDDDDDDDDDDD  44444444444444444444444444444444
        41  OOOOOOOOOOOOOOOO  4f4f4f4f4f4f4f4f4f4f4f4f4f4f4f4f
        35  ,,,,,,,,,,,,,,,,  2c2c2c2c2c2c2c2c2c2c2c2c2c2c2c2c
        32  ................  b9b9b9b9b9b9b9b9b9b9b9b9b9b9b9b9
        24  ................  01010101010101010101010101010101
        23  ................  fafafafafafafafafafafafafafafafa
        20  VVVVVVVVVVVVVVVV  56565656565656565656565656565656
        16  6666666666666666  36363636363636363636363636363636
# epoch 5880  H=7.5962 C=7.3557 HO=0.2405  A(t)=314
        78  ;;;;;;;;;;;;;;;;  3b3b3b3b3b3b3b3b3b3b3b3b3b3b3b3b
        60  2222222222222222  32323232323232323232323232323232
        39  OOOOOOOOOOOOOOOO  4f4f4f4f4f4f4f4f4f4f4f4f4f4f4f4f
        34  DDDDDDDDDDDDDDDD  44444444444444444444444444444444
        31  ................  b9b9b9b9b9b9b9b9b9b9b9b9b9b9b9b9
        29  ................  a7a7a7a7a7a7a7a7a7a7a7a7a7a7a7a7
        29  ,,,,,,,,,,,,,,,,  2c2c2c2c2c2c2c2c2c2c2c2c2c2c2c2c
        24  ................  01010101010101010101010101010101
        23  ................  fafafafafafafafafafafafafafafafa
        20  VVVVVVVVVVVVVVVV  56565656565656565656565656565656
# epoch 5900  H=7.5955 C=7.3445 HO=0.2511  A(t)=314
        73  ;;;;;;;;;;;;;;;;  3b3b3b3b3b3b3b3b3b3b3b3b3b3b3b3b
        66  [[[[[[[[[[[[[[[[  5b5b5b5b5b5b5b5b5b5b5b5b5b5b5b5b
        46  2222222222222222  32323232323232323232323232323232
        43  xxxxxxxxxxxxxxxx  78787878787878787878787878787878
        31  ................  b9b9b9b9b9b9b9b9b9b9b9b9b9b9b9b9
        27  ................  a7a7a7a7a7a7a7a7a7a7a7a7a7a7a7a7
        25  OOOOOOOOOOOOOOOO  4f4f4f4f4f4f4f4f4f4f4f4f4f4f4f4f
        25  ,,,,,,,,,,,,,,,,  2c2c2c2c2c2c2c2c2c2c2c2c2c2c2c2c
        24  ................  01010101010101010101010101010101
        21  DDDDDDDDDDDDDDDD  44444444444444444444444444444444
# epoch 5920  H=7.5918 C=7.3328 HO=0.2590  A(t)=314
       140  [[[[[[[[[[[[[[[[  5b5b5b5b5b5b5b5b5b5b5b5b5b5b5b5b
        72  ;;;;;;;;;;;;;;;;  3b3b3b3b3b3b3b3b3b3b3b3b3b3b3b3b
        49  ................  b8b8b8b8b8b8b8b8b8b8b8b8b8b8b8b8
        43  xxxxxxxxxxxxxxxx  78787878787878787878787878787878
        40  2222222222222222  32323232323232323232323232323232
        35  ................  bbbbbbbbbbbbbbbbbbbbbbbbbbbbbbbb
        31  ................  b9b9b9b9b9b9b9b9b9b9b9b9b9b9b9b9
        27  ................  a7a7a7a7a7a7a7a7a7a7a7a7a7a7a7a7
        25  OOOOOOOOOOOOOOOO  4f4f4f4f4f4f4f4f4f4f4f4f4f4f4f4f
        25  ,,,,,,,,,,,,,,,,  2c2c2c2c2c2c2c2c2c2c2c2c2c2c2c2c
# epoch 5940  H=7.5856 C=7.3099 HO=0.2757  A(t)=314
       231  zzzzzzzzzzzzzzzz  7a7a7a7a7a7a7a7a7a7a7a7a7a7a7a7a
       111  [[[[[[[[[[[[[[[[  5b5b5b5b5b5b5b5b5b5b5b5b5b5b5b5b
        68  ;;;;;;;;;;;;;;;;  3b3b3b3b3b3b3b3b3b3b3b3b3b3b3b3b
        47  ................  b8b8b8b8b8b8b8b8b8b8b8b8b8b8b8b8
        42  xxxxxxxxxxxxxxxx  78787878787878787878787878787878
        40  2222222222222222  32323232323232323232323232323232
        31  ................  bbbbbbbbbbbbbbbbbbbbbbbbbbbbbbbb
        29  ................  a7a7a7a7a7a7a7a7a7a7a7a7a7a7a7a7
        25  OOOOOOOOOOOOOOOO  4f4f4f4f4f4f4f4f4f4f4f4f4f4f4f4f
        25  ,,,,,,,,,,,,,,,,  2c2c2c2c2c2c2c2c2c2c2c2c2c2c2c2c
# epoch 5960  H=7.5831 C=7.3180 HO=0.2651  A(t)=314
       196  zzzzzzzzzzzzzzzz  7a7a7a7a7a7a7a7a7a7a7a7a7a7a7a7a
        76  [[[[[[[[[[[[[[[[  5b5b5b5b5b5b5b5b5b5b5b5b5b5b5b5b
        68  ;;;;;;;;;;;;;;;;  3b3b3b3b3b3b3b3b3b3b3b3b3b3b3b3b
        46  ................  edededededededededededededededed
        41  xxxxxxxxxxxxxxxx  78787878787878787878787878787878
        40  2222222222222222  32323232323232323232323232323232
        33  ................  b8b8b8b8b8b8b8b8b8b8b8b8b8b8b8b8
        27  ................  a7a7a7a7a7a7a7a7a7a7a7a7a7a7a7a7
        26  kkkkkkkkkkkkkkkk  6b6b6b6b6b6b6b6b6b6b6b6b6b6b6b6b
        25  OOOOOOOOOOOOOOOO  4f4f4f4f4f4f4f4f4f4f4f4f4f4f4f4f
# epoch 5980  H=7.5795 C=7.3217 HO=0.2579  A(t)=314
       186  zzzzzzzzzzzzzzzz  7a7a7a7a7a7a7a7a7a7a7a7a7a7a7a7a
        56  [[[[[[[[[[[[[[[[  5b5b5b5b5b5b5b5b5b5b5b5b5b5b5b5b
        44  ;;;;;;;;;;;;;;;;  3b3b3b3b3b3b3b3b3b3b3b3b3b3b3b3b
        41  xxxxxxxxxxxxxxxx  78787878787878787878787878787878
        35  ................  edededededededededededededededed
        33  ................  b8b8b8b8b8b8b8b8b8b8b8b8b8b8b8b8
        29  ................  d2d2d2d2d2d2d2d2d2d2d2d2d2d2d2d2
        26  kkkkkkkkkkkkkkkk  6b6b6b6b6b6b6b6b6b6b6b6b6b6b6b6b
        25  OOOOOOOOOOOOOOOO  4f4f4f4f4f4f4f4f4f4f4f4f4f4f4f4f
        24  ................  b9b9b9b9b9b9b9b9b9b9b9b9b9b9b9b9
# epoch 6000  H=7.5730 C=7.3199 HO=0.2530  A(t)=314
       122  zzzzzzzzzzzzzzzz  7a7a7a7a7a7a7a7a7a7a7a7a7a7a7a7a
        46  {{{{{{{{{{{{{{{{  7b7b7b7b7b7b7b7b7b7b7b7b7b7b7b7b
        45  [[[[[[[[[[[[[[[[  5b5b5b5b5b5b5b5b5b5b5b5b5b5b5b5b
        44  ;;;;;;;;;;;;;;;;  3b3b3b3b3b3b3b3b3b3b3b3b3b3b3b3b
        41  xxxxxxxxxxxxxxxx  78787878787878787878787878787878
        31  ................  edededededededededededededededed
        29  ................  d2d2d2d2d2d2d2d2d2d2d2d2d2d2d2d2
        29  >>>>>>>>>>>>>>>>  3e3e3e3e3e3e3e3e3e3e3e3e3e3e3e3e
        26  kkkkkkkkkkkkkkkk  6b6b6b6b6b6b6b6b6b6b6b6b6b6b6b6b
        24  ................  a7a7a7a7a7a7a7a7a7a7a7a7a7a7a7a7
# epoch 6020  H=7.5721 C=7.3251 HO=0.2470  A(t)=314
       105  zzzzzzzzzzzzzzzz  7a7a7a7a7a7a7a7a7a7a7a7a7a7a7a7a
        45  [[[[[[[[[[[[[[[[  5b5b5b5b5b5b5b5b5b5b5b5b5b5b5b5b
        44  ;;;;;;;;;;;;;;;;  3b3b3b3b3b3b3b3b3b3b3b3b3b3b3b3b
        41  xxxxxxxxxxxxxxxx  78787878787878787878787878787878
        35  {{{{{{{{{{{{{{{{  7b7b7b7b7b7b7b7b7b7b7b7b7b7b7b7b
        31  ................  edededededededededededededededed
        29  ................  d2d2d2d2d2d2d2d2d2d2d2d2d2d2d2d2
        26  kkkkkkkkkkkkkkkk  6b6b6b6b6b6b6b6b6b6b6b6b6b6b6b6b
        21  DDDDDDDDDDDDDDDD  44444444444444444444444444444444
        13  2222222222222222  32323232323232323232323232323232
# epoch 6040  H=7.5747 C=7.3442 HO=0.2305  A(t)=314
        45  zzzzzzzzzzzzzzzz  7a7a7a7a7a7a7a7a7a7a7a7a7a7a7a7a
        45  [[[[[[[[[[[[[[[[  5b5b5b5b5b5b5b5b5b5b5b5b5b5b5b5b
        44  ;;;;;;;;;;;;;;;;  3b3b3b3b3b3b3b3b3b3b3b3b3b3b3b3b
        33  {{{{{{{{{{{{{{{{  7b7b7b7b7b7b7b7b7b7b7b7b7b7b7b7b
        31  ................  edededededededededededededededed
        28  xxxxxxxxxxxxxxxx  78787878787878787878787878787878
        21  DDDDDDDDDDDDDDDD  44444444444444444444444444444444
        17  ................  d2d2d2d2d2d2d2d2d2d2d2d2d2d2d2d2
        14  kkkkkkkkkkkkkkkk  6b6b6b6b6b6b6b6b6b6b6b6b6b6b6b6b
        13  ,,,,,,,,,,,,,,,,  2c2c2c2c2c2c2c2c2c2c2c2c2c2c2c2c
# epoch 6060  H=7.5707 C=7.3413 HO=0.2294  A(t)=315
        52  AAAAAAAAAAAAAAAA  41414141414141414141414141414141
        44  [[[[[[[[[[[[[[[[  5b5b5b5b5b5b5b5b5b5b5b5b5b5b5b5b
        44  ;;;;;;;;;;;;;;;;  3b3b3b3b3b3b3b3b3b3b3b3b3b3b3b3b
        43  zzzzzzzzzzzzzzzz  7a7a7a7a7a7a7a7a7a7a7a7a7a7a7a7a
        33  {{{{{{{{{{{{{{{{  7b7b7b7b7b7b7b7b7b7b7b7b7b7b7b7b
        32  6666666666666666  36363636363636363636363636363636
        28  xxxxxxxxxxxxxxxx  78787878787878787878787878787878
        23  ................  edededededededededededededededed
        21  DDDDDDDDDDDDDDDD  44444444444444444444444444444444
        17  ................  d2d2d2d2d2d2d2d2d2d2d2d2d2d2d2d2
# epoch 6080  H=7.5710 C=7.3442 HO=0.2268  A(t)=315
        48  AAAAAAAAAAAAAAAA  41414141414141414141414141414141
        43  zzzzzzzzzzzzzzzz  7a7a7a7a7a7a7a7a7a7a7a7a7a7a7a7a
        38  [[[[[[[[[[[[[[[[  5b5b5b5b5b5b5b5b5b5b5b5b5b5b5b5b
        31  6666666666666666  36363636363636363636363636363636
        28  xxxxxxxxxxxxxxxx  78787878787878787878787878787878
        27  ;;;;;;;;;;;;;;;;  3b3b3b3b3b3b3b3b3b3b3b3b3b3b3b3b
        24  {{{{{{{{{{{{{{{{  7b7b7b7b7b7b7b7b7b7b7b7b7b7b7b7b
        23  ................  edededededededededededededededed
        21  DDDDDDDDDDDDDDDD  44444444444444444444444444444444
        17  ................  d2d2d2d2d2d2d2d2d2d2d2d2d2d2d2d2
# epoch 6100  H=7.5706 C=7.3413 HO=0.2293  A(t)=315
        45  AAAAAAAAAAAAAAAA  41414141414141414141414141414141
        43  zzzzzzzzzzzzzzzz  7a7a7a7a7a7a7a7a7a7a7a7a7a7a7a7a
        38  [[[[[[[[[[[[[[[[  5b5b5b5b5b5b5b5b5b5b5b5b5b5b5b5b
        28  xxxxxxxxxxxxxxxx  78787878787878787878787878787878
        24  ,,,,,,,,,,,,,,,,  2c2c2c2c2c2c2c2c2c2c2c2c2c2c2c2c
        23  ................  edededededededededededededededed
        23  ;;;;;;;;;;;;;;;;  3b3b3b3b3b3b3b3b3b3b3b3b3b3b3b3b
        21  DDDDDDDDDDDDDDDD  44444444444444444444444444444444
        17  ................  d2d2d2d2d2d2d2d2d2d2d2d2d2d2d2d2
        15  6666666666666666  36363636363636363636363636363636
# epoch 6120  H=7.5693 C=7.3439 HO=0.2254  A(t)=315
        45  AAAAAAAAAAAAAAAA  41414141414141414141414141414141
        38  1111111111111111  31313131313131313131313131313131
        33  zzzzzzzzzzzzzzzz  7a7a7a7a7a7a7a7a7a7a7a7a7a7a7a7a
        28  xxxxxxxxxxxxxxxx  78787878787878787878787878787878
        28  [[[[[[[[[[[[[[[[  5b5b5b5b5b5b5b5b5b5b5b5b5b5b5b5b
        23  ................  edededededededededededededededed
        23  ;;;;;;;;;;;;;;;;  3b3b3b3b3b3b3b3b3b3b3b3b3b3b3b3b
        17  ................  d2d2d2d2d2d2d2d2d2d2d2d2d2d2d2d2
        15  6666666666666666  36363636363636363636363636363636
        14  kkkkkkkkkkkkkkkk  6b6b6b6b6b6b6b6b6b6b6b6b6b6b6b6b
# epoch 6140  H=7.5697 C=7.3462 HO=0.2235  A(t)=315
        35  AAAAAAAAAAAAAAAA  41414141414141414141414141414141
        27  zzzzzzzzzzzzzzzz  7a7a7a7a7a7a7a7a7a7a7a7a7a7a7a7a
        23  ................  edededededededededededededededed
        23  ;;;;;;;;;;;;;;;;  3b3b3b3b3b3b3b3b3b3b3b3b3b3b3b3b
        22  xxxxxxxxxxxxxxxx  78787878787878787878787878787878
        22  1111111111111111  31313131313131313131313131313131
        21  [[[[[[[[[[[[[[[[  5b5b5b5b5b5b5b5b5b5b5b5b5b5b5b5b
        17  ................  d2d2d2d2d2d2d2d2d2d2d2d2d2d2d2d2
        14  kkkkkkkkkkkkkkkk  6b6b6b6b6b6b6b6b6b6b6b6b6b6b6b6b
        12  ................  b9b9b9b9b9b9b9b9b9b9b9b9b9b9b9b9
# epoch 6160  H=7.5651 C=7.3438 HO=0.2213  A(t)=317
        49  ,,,,,,,,,,,,,,,,  2c2c2c2c2c2c2c2c2c2c2c2c2c2c2c2c
        44  ................  1c1c1c1c1c1c1c1c1c1c1c1c1c1c1c1c
        35  AAAAAAAAAAAAAAAA  41414141414141414141414141414141
        23  ................  edededededededededededededededed
        22  zzzzzzzzzzzzzzzz  7a7a7a7a7a7a7a7a7a7a7a7a7a7a7a7a
        22  1111111111111111  31313131313131313131313131313131
        21  xxxxxxxxxxxxxxxx  78787878787878787878787878787878
        17  ................  d2d2d2d2d2d2d2d2d2d2d2d2d2d2d2d2
        17  ;;;;;;;;;;;;;;;;  3b3b3b3b3b3b3b3b3b3b3b3b3b3b3b3b
        14  kkkkkkkkkkkkkkkk  6b6b6b6b6b6b6b6b6b6b6b6b6b6b6b6b
# epoch 6180  H=7.5615 C=7.3345 HO=0.2270  A(t)=317
        39  ................  1c1c1c1c1c1c1c1c1c1c1c1c1c1c1c1c
        35  AAAAAAAAAAAAAAAA  41414141414141414141414141414141
        34  ;;;;;;;;;;;;;;;;  3b3b3b3b3b3b3b3b3b3b3b3b3b3b3b3b
        29  ,,,,,,,,,,,,,,,,  2c2c2c2c2c2c2c2c2c2c2c2c2c2c2c2c
        23  ................  edededededededededededededededed
        21  xxxxxxxxxxxxxxxx  78787878787878787878787878787878
        17  ................  dbdbdbdbdbdbdbdbdbdbdbdbdbdbdbdb
        17  ................  d2d2d2d2d2d2d2d2d2d2d2d2d2d2d2d2
        17  ;;<;;<;;<;;<;;<;  3b3b3c3b3b3c3b3b3c3b3b3c3b3b3c3b
        16  <;;<;;<;;<;;<;;<  3c3b3b3c3b3b3c3b3b3c3b3b3c3b3b3c
# epoch 6200  H=7.5520 C=7.3262 HO=0.2258  A(t)=317
        46  <<<<<<<<<<<<<<<<  3c3c3c3c3c3c3c3c3c3c3c3c3c3c3c3c
        43  ................  f8f8f8f8f8f8f8f8f8f8f8f8f8f8f8f8
        38  ................  1c1c1c1c1c1c1c1c1c1c1c1c1c1c1c1c
        35  AAAAAAAAAAAAAAAA  41414141414141414141414141414141
        33  ;;;;;;;;;;;;;;;;  3b3b3b3b3b3b3b3b3b3b3b3b3b3b3b3b
        23  ................  edededededededededededededededed
        21  xxxxxxxxxxxxxxxx  78787878787878787878787878787878
        19  ,,,,,,,,,,,,,,,,  2c2c2c2c2c2c2c2c2c2c2c2c2c2c2c2c
        17  ................  d2d2d2d2d2d2d2d2d2d2d2d2d2d2d2d2
        16  ;<;;<;;<;;<;;<;;  3b3c3b3b3c3b3b3c3b3b3c3b3b3c3b3b
# epoch 6220  H=7.5419 C=7.3230 HO=0.2189  A(t)=317
        69  <<<<<<<<<<<<<<<<  3c3c3c3c3c3c3c3c3c3c3c3c3c3c3c3c
        42  ................  f8f8f8f8f8f8f8f8f8f8f8f8f8f8f8f8
        38  ................  1c1c1c1c1c1c1c1c1c1c1c1c1c1c1c1c
        35  AAAAAAAAAAAAAAAA  41414141414141414141414141414141
        31  ;;;;;;;;;;;;;;;;  3b3b3b3b3b3b3b3b3b3b3b3b3b3b3b3b
        24  1111111111111111  31313131313131313131313131313131
        23  ................  edededededededededededededededed
        21  xxxxxxxxxxxxxxxx  78787878787878787878787878787878
        19  ,,,,,,,,,,,,,,,,  2c2c2c2c2c2c2c2c2c2c2c2c2c2c2c2c
        17  ................  d2d2d2d2d2d2d2d2d2d2d2d2d2d2d2d2
# epoch 6240  H=7.5485 C=7.3309 HO=0.2176  A(t)=319
        58  <<<<<<<<<<<<<<<<  3c3c3c3c3c3c3c3c3c3c3c3c3c3c3c3c
        38  ................  1c1c1c1c1c1c1c1c1c1c1c1c1c1c1c1c
        34  AAAAAAAAAAAAAAAA  41414141414141414141414141414141
        31  ;;;;;;;;;;;;;;;;  3b3b3b3b3b3b3b3b3b3b3b3b3b3b3b3b
        26  ................  f8f8f8f8f8f8f8f8f8f8f8f8f8f8f8f8
        24  [[[[[[[[[[[[[[[[  5b5b5b5b5b5b5b5b5b5b5b5b5b5b5b5b
        24  1111111111111111  31313131313131313131313131313131
        23  ................  edededededededededededededededed
        17  ................  d2d2d2d2d2d2d2d2d2d2d2d2d2d2d2d2
        17  xxxxxxxxxxxxxxxx  78787878787878787878787878787878
# epoch 6260  H=7.5448 C=7.3324 HO=0.2124  A(t)=322
        57  <<<<<<<<<<<<<<<<  3c3c3c3c3c3c3c3c3c3c3c3c3c3c3c3c
        36  ................  1c1c1c1c1c1c1c1c1c1c1c1c1c1c1c1c
        34  AAAAAAAAAAAAAAAA  41414141414141414141414141414141
        31  ;;;;;;;;;;;;;;;;  3b3b3b3b3b3b3b3b3b3b3b3b3b3b3b3b
        30  8888888888888888  38383838383838383838383838383838
        26  ................  f8f8f8f8f8f8f8f8f8f8f8f8f8f8f8f8
        24  [[[[[[[[[[[[[[[[  5b5b5b5b5b5b5b5b5b5b5b5b5b5b5b5b
        24  1111111111111111  31313131313131313131313131313131
        23  ................  edededededededededededededededed
        17  ................  d2d2d2d2d2d2d2d2d2d2d2d2d2d2d2d2
# epoch 6280  H=7.5505 C=7.3383 HO=0.2122  A(t)=323
        53  <<<<<<<<<<<<<<<<  3c3c3c3c3c3c3c3c3c3c3c3c3c3c3c3c
        38  8888888888888888  38383838383838383838383838383838
        38  7777777777777777  37373737373737373737373737373737
        36  ................  1c1c1c1c1c1c1c1c1c1c1c1c1c1c1c1c
        34  AAAAAAAAAAAAAAAA  41414141414141414141414141414141
        28  ;;;;;;;;;;;;;;;;  3b3b3b3b3b3b3b3b3b3b3b3b3b3b3b3b
        24  1111111111111111  31313131313131313131313131313131
        23  ................  edededededededededededededededed
        22  ................  f8f8f8f8f8f8f8f8f8f8f8f8f8f8f8f8
        22  [[[[[[[[[[[[[[[[  5b5b5b5b5b5b5b5b5b5b5b5b5b5b5b5b
# epoch 6300  H=7.5535 C=7.3492 HO=0.2043  A(t)=323
        36  <<<<<<<<<<<<<<<<  3c3c3c3c3c3c3c3c3c3c3c3c3c3c3c3c
        34  ................  d5d5d5d5d5d5d5d5d5d5d5d5d5d5d5d5
        33  8888888888888888  38383838383838383838383838383838
        31  AAAAAAAAAAAAAAAA  41414141414141414141414141414141
        28  ;;;;;;;;;;;;;;;;  3b3b3b3b3b3b3b3b3b3b3b3b3b3b3b3b
        28  ................  1c1c1c1c1c1c1c1c1c1c1c1c1c1c1c1c
        24  1111111111111111  31313131313131313131313131313131
        23  >>>>>>>>>>>>>>>>  3e3e3e3e3e3e3e3e3e3e3e3e3e3e3e3e
        22  ................  f8f8f8f8f8f8f8f8f8f8f8f8f8f8f8f8
        22  7777777777777777  37373737373737373737373737373737
# epoch 6320  H=7.5499 C=7.3467 HO=0.2032  A(t)=323
        53  ================  3d3d3d3d3d3d3d3d3d3d3d3d3d3d3d3d
        40  <<<<<<<<<<<<<<<<  3c3c3c3c3c3c3c3c3c3c3c3c3c3c3c3c
        33  8888888888888888  38383838383838383838383838383838
        28  ................  d5d5d5d5d5d5d5d5d5d5d5d5d5d5d5d5
        28  ................  1c1c1c1c1c1c1c1c1c1c1c1c1c1c1c1c
        23  >>>>>>>>>>>>>>>>  3e3e3e3e3e3e3e3e3e3e3e3e3e3e3e3e
        22  ................  f8f8f8f8f8f8f8f8f8f8f8f8f8f8f8f8
        22  7777777777777777  37373737373737373737373737373737
        21  ;;;;;;;;;;;;;;;;  3b3b3b3b3b3b3b3b3b3b3b3b3b3b3b3b
        17  ................  d2d2d2d2d2d2d2d2d2d2d2d2d2d2d2d2
# epoch 6340  H=7.5473 C=7.3333 HO=0.2140  A(t)=323
        87  ================  3d3d3d3d3d3d3d3d3d3d3d3d3d3d3d3d
        40  <<<<<<<<<<<<<<<<  3c3c3c3c3c3c3c3c3c3c3c3c3c3c3c3c
        40  ................  04040404040404040404040404040404
        39  SSSSSSSSSSSSSSSS  53535353535353535353535353535353
        32  8888888888888888  38383838383838383838383838383838
        28  ................  d5d5d5d5d5d5d5d5d5d5d5d5d5d5d5d5
        23  >>>>>>>>>>>>>>>>  3e3e3e3e3e3e3e3e3e3e3e3e3e3e3e3e
        22  7777777777777777  37373737373737373737373737373737
        21  ;;;;;;;;;;;;;;;;  3b3b3b3b3b3b3b3b3b3b3b3b3b3b3b3b
        18  ................  f8f8f8f8f8f8f8f8f8f8f8f8f8f8f8f8
# epoch 6360  H=7.5547 C=7.3380 HO=0.2167  A(t)=323
        77  ================  3d3d3d3d3d3d3d3d3d3d3d3d3d3d3d3d
        49  ................  80808080808080808080808080808080
        39  SSSSSSSSSSSSSSSS  53535353535353535353535353535353
        37  ................  04040404040404040404040404040404
        36  <<<<<<<<<<<<<<<<  3c3c3c3c3c3c3c3c3c3c3c3c3c3c3c3c
        27  8888888888888888  38383838383838383838383838383838
        25  ................  d5d5d5d5d5d5d5d5d5d5d5d5d5d5d5d5
        21  >>>>>>>>>>>>>>>>  3e3e3e3e3e3e3e3e3e3e3e3e3e3e3e3e
        21  ;;;;;;;;;;;;;;;;  3b3b3b3b3b3b3b3b3b3b3b3b3b3b3b3b
        18  ................  f8f8f8f8f8f8f8f8f8f8f8f8f8f8f8f8
# epoch 6380  H=7.5479 C=7.3357 HO=0.2122  A(t)=324
        84  ,,,,,,,,,,,,,,,,  2c2c2c2c2c2c2c2c2c2c2c2c2c2c2c2c
        59  ================  3d3d3d3d3d3d3d3d3d3d3d3d3d3d3d3d
        37  SSSSSSSSSSSSSSSS  53535353535353535353535353535353
        37  ................  04040404040404040404040404040404
        32  <<<<<<<<<<<<<<<<  3c3c3c3c3c3c3c3c3c3c3c3c3c3c3c3c
        27  8888888888888888  38383838383838383838383838383838
        25  ................  d5d5d5d5d5d5d5d5d5d5d5d5d5d5d5d5
        23  ................  80808080808080808080808080808080
        20  >>>>>>>>>>>>>>>>  3e3e3e3e3e3e3e3e3e3e3e3e3e3e3e3e
        15  ;;;;;;;;;;;;;;;;  3b3b3b3b3b3b3b3b3b3b3b3b3b3b3b3b
# epoch 6400  H=7.5501 C=7.3395 HO=0.2106  A(t)=324
        57  ,,,,,,,,,,,,,,,,  2c2c2c2c2c2c2c2c2c2c2c2c2c2c2c2c
        53  ================  3d3d3d3d3d3d3d3d3d3d3d3d3d3d3d3d
        27  8888888888888888  38383838383838383838383838383838
        25  ................  bdbdbdbdbdbdbdbdbdbdbdbdbdbdbdbd
        24  >>>>>>>>>>>>>>>>  3e3e3e3e3e3e3e3e3e3e3e3e3e3e3e3e
        23  ................  04040404040404040404040404040404
        22  ................  80808080808080808080808080808080
        16  SSSSSSSSSSSSSSSS  53535353535353535353535353535353
        15  ;;;;;;;;;;;;;;;;  3b3b3b3b3b3b3b3b3b3b3b3b3b3b3b3b
        14  AAAAAAAAAAAAAAAA  41414141414141414141414141414141
# epoch 6420  H=7.5502 C=7.3395 HO=0.2107  A(t)=324
        57  ,,,,,,,,,,,,,,,,  2c2c2c2c2c2c2c2c2c2c2c2c2c2c2c2c
        52  ================  3d3d3d3d3d3d3d3d3d3d3d3d3d3d3d3d
        44  <<<<<<<<<<<<<<<<  3c3c3c3c3c3c3c3c3c3c3c3c3c3c3c3c
        39  ................  f0f0f0f0f0f0f0f0f0f0f0f0f0f0f0f0
        25  ................  bdbdbdbdbdbdbdbdbdbdbdbdbdbdbdbd
        25  >>>>>>>>>>>>>>>>  3e3e3e3e3e3e3e3e3e3e3e3e3e3e3e3e
        19  ................  80808080808080808080808080808080
        15  SSSSSSSSSSSSSSSS  53535353535353535353535353535353
        15  ;;;;;;;;;;;;;;;;  3b3b3b3b3b3b3b3b3b3b3b3b3b3b3b3b
        14  AAAAAAAAAAAAAAAA  41414141414141414141414141414141
# epoch 6440  H=7.5570 C=7.3362 HO=0.2208  A(t)=324
        93  oooooooooooooooo  6f6f6f6f6f6f6f6f6f6f6f6f6f6f6f6f
        50  ================  3d3d3d3d3d3d3d3d3d3d3d3d3d3d3d3d
        49  ,,,,,,,,,,,,,,,,  2c2c2c2c2c2c2c2c2c2c2c2c2c2c2c2c
        34  <<<<<<<<<<<<<<<<  3c3c3c3c3c3c3c3c3c3c3c3c3c3c3c3c
        28  >>>>>>>>>>>>>>>>  3e3e3e3e3e3e3e3e3e3e3e3e3e3e3e3e
        23  ................  bdbdbdbdbdbdbdbdbdbdbdbdbdbdbdbd
        22  ................  f0f0f0f0f0f0f0f0f0f0f0f0f0f0f0f0
        19  ................  80808080808080808080808080808080
        15  SSSSSSSSSSSSSSSS  53535353535353535353535353535353
        15  ;;;;;;;;;;;;;;;;  3b3b3b3b3b3b3b3b3b3b3b3b3b3b3b3b
# epoch 6460  H=7.5572 C=7.3320 HO=0.2251  A(t)=324
        71  oooooooooooooooo  6f6f6f6f6f6f6f6f6f6f6f6f6f6f6f6f
        49  HHHHHHHHHHHHHHHH  48484848484848484848484848484848
        45  ,,,,,,,,,,,,,,,,  2c2c2c2c2c2c2c2c2c2c2c2c2c2c2c2c
        44  ................  17171717171717171717171717171717
        31  <<<<<<<<<<<<<<<<  3c3c3c3c3c3c3c3c3c3c3c3c3c3c3c3c
        25  >>>>>>>>>>>>>>>>  3e3e3e3e3e3e3e3e3e3e3e3e3e3e3e3e
        24  ================  3d3d3d3d3d3d3d3d3d3d3d3d3d3d3d3d
        22  ................  f0f0f0f0f0f0f0f0f0f0f0f0f0f0f0f0
        19  ................  80808080808080808080808080808080
        17  ................  bdbdbdbdbdbdbdbdbdbdbdbdbdbdbdbd
# epoch 6480  H=7.5650 C=7.3457 HO=0.2193  A(t)=325
        69  oooooooooooooooo  6f6f6f6f6f6f6f6f6f6f6f6f6f6f6f6f
        43  ................  17171717171717171717171717171717
        35  ,,,,,,,,,,,,,,,,  2c2c2c2c2c2c2c2c2c2c2c2c2c2c2c2c
        31  <<<<<<<<<<<<<<<<  3c3c3c3c3c3c3c3c3c3c3c3c3c3c3c3c
        28  HHHHHHHHHHHHHHHH  48484848484848484848484848484848
        24  ================  3d3d3d3d3d3d3d3d3d3d3d3d3d3d3d3d
        22  ................  f0f0f0f0f0f0f0f0f0f0f0f0f0f0f0f0
        19  ................  80808080808080808080808080808080
        17  ................  bdbdbdbdbdbdbdbdbdbdbdbdbdbdbdbd
        15  ;;;;;;;;;;;;;;;;  3b3b3b3b3b3b3b3b3b3b3b3b3b3b3b3b
# epoch 6500  H=7.5635 C=7.3477 HO=0.2159  A(t)=325
        54  oooooooooooooooo  6f6f6f6f6f6f6f6f6f6f6f6f6f6f6f6f
        49  4444444444444444  34343434343434343434343434343434
        41  ................  17171717171717171717171717171717
        35  ,,,,,,,,,,,,,,,,  2c2c2c2c2c2c2c2c2c2c2c2c2c2c2c2c
        29  <<<<<<<<<<<<<<<<  3c3c3c3c3c3c3c3c3c3c3c3c3c3c3c3c
        27  HHHHHHHHHHHHHHHH  48484848484848484848484848484848
        24  ================  3d3d3d3d3d3d3d3d3d3d3d3d3d3d3d3d
        22  ................  f0f0f0f0f0f0f0f0f0f0f0f0f0f0f0f0
        19  ................  80808080808080808080808080808080
        17  ................  bdbdbdbdbdbdbdbdbdbdbdbdbdbdbdbd
# epoch 6520  H=7.5632 C=7.3383 HO=0.2249  A(t)=325
        49  oooooooooooooooo  6f6f6f6f6f6f6f6f6f6f6f6f6f6f6f6f
        49  5555555555555555  35353535353535353535353535353535
        44  4444444444444444  34343434343434343434343434343434
        43  ****************  2a2a2a2a2a2a2a2a2a2a2a2a2a2a2a2a
        40  }}}}}}}}}}}}}}}}  7d7d7d7d7d7d7d7d7d7d7d7d7d7d7d7d
        39  ................  17171717171717171717171717171717
        27  ,,,,,,,,,,,,,,,,  2c2c2c2c2c2c2c2c2c2c2c2c2c2c2c2c
        24  HHHHHHHHHHHHHHHH  48484848484848484848484848484848
        23  ================  3d3d3d3d3d3d3d3d3d3d3d3d3d3d3d3d
        21  <<<<<<<<<<<<<<<<  3c3c3c3c3c3c3c3c3c3c3c3c3c3c3c3c
# epoch 6540  H=7.5589 C=7.3356 HO=0.2233  A(t)=325
        70  HHHHHHHHHHHHHHHH  48484848484848484848484848484848
        40  }}}}}}}}}}}}}}}}  7d7d7d7d7d7d7d7d7d7d7d7d7d7d7d7d
        39  ................  17171717171717171717171717171717
        35  oooooooooooooooo  6f6f6f6f6f6f6f6f6f6f6f6f6f6f6f6f
        35  ****************  2a2a2a2a2a2a2a2a2a2a2a2a2a2a2a2a
        29  4444444444444444  34343434343434343434343434343434
        28  5555555555555555  35353535353535353535353535353535
        26  ,,,,,,,,,,,,,,,,  2c2c2c2c2c2c2c2c2c2c2c2c2c2c2c2c
        21  <<<<<<<<<<<<<<<<  3c3c3c3c3c3c3c3c3c3c3c3c3c3c3c3c
        20  ================  3d3d3d3d3d3d3d3d3d3d3d3d3d3d3d3d
# epoch 6560  H=7.5591 C=7.3105 HO=0.2486  A(t)=325
        94  HHHHHHHHHHHHHHHH  48484848484848484848484848484848
        65  ,,,,,,,,,,,,,,,,  2c2c2c2c2c2c2c2c2c2c2c2c2c2c2c2c
        46  ////////////////  2f2f2f2f2f2f2f2f2f2f2f2f2f2f2f2f
        44  bbbbbbbbbbbbbbbb  62626262626262626262626262626262
        42  }}}}}}}}}}}}}}}}  7d7d7d7d7d7d7d7d7d7d7d7d7d7d7d7d
        42  ................  13131313131313131313131313131313
        35  oooooooooooooooo  6f6f6f6f6f6f6f6f6f6f6f6f6f6f6f6f
        33  ................  c2c2c2c2c2c2c2c2c2c2c2c2c2c2c2c2
        27  4444444444444444  34343434343434343434343434343434
        23  ................  17171717171717171717171717171717
# epoch 6580  H=7.5571 C=7.3156 HO=0.2415  A(t)=325
        71  HHHHHHHHHHHHHHHH  48484848484848484848484848484848
        49  ,,,,,,,,,,,,,,,,  2c2c2c2c2c2c2c2c2c2c2c2c2c2c2c2c
        45  ////////////////  2f2f2f2f2f2f2f2f2f2f2f2f2f2f2f2f
        42  ................  13131313131313131313131313131313
        41  }}}}}}}}}}}}}}}}  7d7d7d7d7d7d7d7d7d7d7d7d7d7d7d7d
        38  vvvvvvvvvvvvvvvv  76767676767676767676767676767676
        33  bbbbbbbbbbbbbbbb  62626262626262626262626262626262
        25  oooooooooooooooo  6f6f6f6f6f6f6f6f6f6f6f6f6f6f6f6f
        21  4444444444444444  34343434343434343434343434343434
        20  ================  3d3d3d3d3d3d3d3d3d3d3d3d3d3d3d3d
# epoch 6600  H=7.5511 C=7.3185 HO=0.2327  A(t)=325
        64  HHHHHHHHHHHHHHHH  48484848484848484848484848484848
        45  ,,,,,,,,,,,,,,,,  2c2c2c2c2c2c2c2c2c2c2c2c2c2c2c2c
        44  ////////////////  2f2f2f2f2f2f2f2f2f2f2f2f2f2f2f2f
        40  }}}}}}}}}}}}}}}}  7d7d7d7d7d7d7d7d7d7d7d7d7d7d7d7d
        40  ................  13131313131313131313131313131313
        35  vvvvvvvvvvvvvvvv  76767676767676767676767676767676
        33  bbbbbbbbbbbbbbbb  62626262626262626262626262626262
        25  oooooooooooooooo  6f6f6f6f6f6f6f6f6f6f6f6f6f6f6f6f
        21  5555555555555555  35353535353535353535353535353535
        20  ================  3d3d3d3d3d3d3d3d3d3d3d3d3d3d3d3d
# epoch 6620  H=7.5369 C=7.3125 HO=0.2244  A(t)=325
        51  HHHHHHHHHHHHHHHH  48484848484848484848484848484848
        46  <<<<<<<<<<<<<<<<  3c3c3c3c3c3c3c3c3c3c3c3c3c3c3c3c
        41  ,,,,,,,,,,,,,,,,  2c2c2c2c2c2c2c2c2c2c2c2c2c2c2c2c
        40  [[[[[[[[[[[[[[[[  5b5b5b5b5b5b5b5b5b5b5b5b5b5b5b5b
        39  ////////////////  2f2f2f2f2f2f2f2f2f2f2f2f2f2f2f2f
        36  }}}}}}}}}}}}}}}}  7d7d7d7d7d7d7d7d7d7d7d7d7d7d7d7d
        36  ................  13131313131313131313131313131313
        35  vvvvvvvvvvvvvvvv  76767676767676767676767676767676
        33  bbbbbbbbbbbbbbbb  62626262626262626262626262626262
        25  oooooooooooooooo  6f6f6f6f6f6f6f6f6f6f6f6f6f6f6f6f
# epoch 6640  H=7.5421 C=7.3082 HO=0.2338  A(t)=327
        51  HHHHHHHHHHHHHHHH  48484848484848484848484848484848
        41  <<<<<<<<<<<<<<<<  3c3c3c3c3c3c3c3c3c3c3c3c3c3c3c3c
        39  ////////////////  2f2f2f2f2f2f2f2f2f2f2f2f2f2f2f2f
        36  ................  13131313131313131313131313131313
        35  vvvvvvvvvvvvvvvv  76767676767676767676767676767676
        32  ,,,,,,,,,,,,,,,,  2c2c2c2c2c2c2c2c2c2c2c2c2c2c2c2c
        30  }}}}}}}}}}}}}}}}  7d7d7d7d7d7d7d7d7d7d7d7d7d7d7d7d
        27  ................  fdfdfdfdfdfdfdfdfdfdfdfdfdfdfdfd
        27  [[[[[[[[[[[[[[[[  5b5b5b5b5b5b5b5b5b5b5b5b5b5b5b5b
        26  bbbbbbbbbbbbbbbb  62626262626262626262626262626262
# epoch 6660  H=7.5437 C=7.3063 HO=0.2374  A(t)=327
       104  [[[[[[[[[[[[[[[[  5b5b5b5b5b5b5b5b5b5b5b5b5b5b5b5b
        73  <<<<<<<<<<<<<<<<  3c3c3c3c3c3c3c3c3c3c3c3c3c3c3c3c
        47  ................  fcfcfcfcfcfcfcfcfcfcfcfcfcfcfcfc
        36  ////////////////  2f2f2f2f2f2f2f2f2f2f2f2f2f2f2f2f
        33  HHHHHHHHHHHHHHHH  48484848484848484848484848484848
        31  }}}}}}}}}}}}}}}}  7d7d7d7d7d7d7d7d7d7d7d7d7d7d7d7d
        30  ,,,,,,,,,,,,,,,,  2c2c2c2c2c2c2c2c2c2c2c2c2c2c2c2c
        27  vvvvvvvvvvvvvvvv  76767676767676767676767676767676
        25  ----------------  2d2d2d2d2d2d2d2d2d2d2d2d2d2d2d2d
        24  ................  fdfdfdfdfdfdfdfdfdfdfdfdfdfdfdfd
# epoch 6680  H=7.5358 C=7.2920 HO=0.2438  A(t)=327
        86  [[[[[[[[[[[[[[[[  5b5b5b5b5b5b5b5b5b5b5b5b5b5b5b5b
        62  ================  3d3d3d3d3d3d3d3d3d3d3d3d3d3d3d3d
        49  @@@@@@@@@@@@@@@@  40404040404040404040404040404040
        48  <<<<<<<<<<<<<<<<  3c3c3c3c3c3c3c3c3c3c3c3c3c3c3c3c
        47  6666666666666666  36363636363636363636363636363636
        41  ................  fcfcfcfcfcfcfcfcfcfcfcfcfcfcfcfc
        36  ////////////////  2f2f2f2f2f2f2f2f2f2f2f2f2f2f2f2f
        32  HHHHHHHHHHHHHHHH  48484848484848484848484848484848
        28  }}}}}}}}}}}}}}}}  7d7d7d7d7d7d7d7d7d7d7d7d7d7d7d7d
        26  ,,,,,,,,,,,,,,,,  2c2c2c2c2c2c2c2c2c2c2c2c2c2c2c2c
# epoch 6700  H=7.5355 C=7.2916 HO=0.2439  A(t)=327
        73  [[[[[[[[[[[[[[[[  5b5b5b5b5b5b5b5b5b5b5b5b5b5b5b5b
        49  ................  e8e8e8e8e8e8e8e8e8e8e8e8e8e8e8e8
        47  @@@@@@@@@@@@@@@@  40404040404040404040404040404040
        46  ................  cdcdcdcdcdcdcdcdcdcdcdcdcdcdcdcd
        44  ================  3d3d3d3d3d3d3d3d3d3d3d3d3d3d3d3d
        35  <<<<<<<<<<<<<<<<  3c3c3c3c3c3c3c3c3c3c3c3c3c3c3c3c
        33  6666666666666666  36363636363636363636363636363636
        31  ////////////////  2f2f2f2f2f2f2f2f2f2f2f2f2f2f2f2f
        26  }}}}}}}}}}}}}}}}  7d7d7d7d7d7d7d7d7d7d7d7d7d7d7d7d
        26  ,,,,,,,,,,,,,,,,  2c2c2c2c2c2c2c2c2c2c2c2c2c2c2c2c
# epoch 6720  H=7.5368 C=7.2755 HO=0.2613  A(t)=327
        60  [[[[[[[[[[[[[[[[  5b5b5b5b5b5b5b5b5b5b5b5b5b5b5b5b
        60  ;;;;;;;;;;;;;;;;  3b3b3b3b3b3b3b3b3b3b3b3b3b3b3b3b
        48  ................  e9e9e9e9e9e9e9e9e9e9e9e9e9e9e9e9
        45  wwwwwwwwwwwwwwww  77777777777777777777777777777777
        41  ................  e8e8e8e8e8e8e8e8e8e8e8e8e8e8e8e8
        41  ................  dcdcdcdcdcdcdcdcdcdcdcdcdcdcdcdc
        40  ................  cdcdcdcdcdcdcdcdcdcdcdcdcdcdcdcd
        34  ================  3d3d3d3d3d3d3d3d3d3d3d3d3d3d3d3d
        34  <<<<<<<<<<<<<<<<  3c3c3c3c3c3c3c3c3c3c3c3c3c3c3c3c
        32  6666666666666666  36363636363636363636363636363636
# epoch 6740  H=7.5423 C=7.2869 HO=0.2554  A(t)=328
        59  ;;;;;;;;;;;;;;;;  3b3b3b3b3b3b3b3b3b3b3b3b3b3b3b3b
        49  [[[[[[[[[[[[[[[[  5b5b5b5b5b5b5b5b5b5b5b5b5b5b5b5b
        41  ................  dcdcdcdcdcdcdcdcdcdcdcdcdcdcdcdc
        40  ................  cdcdcdcdcdcdcdcdcdcdcdcdcdcdcdcd
        40  wwwwwwwwwwwwwwww  77777777777777777777777777777777
        38  ................  e9e9e9e9e9e9e9e9e9e9e9e9e9e9e9e9
        34  <<<<<<<<<<<<<<<<  3c3c3c3c3c3c3c3c3c3c3c3c3c3c3c3c
        30  ................  e8e8e8e8e8e8e8e8e8e8e8e8e8e8e8e8
        25  ................  fcfcfcfcfcfcfcfcfcfcfcfcfcfcfcfc
        24  @@@@@@@@@@@@@@@@  40404040404040404040404040404040
# epoch 6760  H=7.5452 C=7.2893 HO=0.2559  A(t)=328
        55  ................  e9e9e9e9e9e9e9e9e9e9e9e9e9e9e9e9
        42  ;;;;;;;;;;;;;;;;  3b3b3b3b3b3b3b3b3b3b3b3b3b3b3b3b
        39  ................  dcdcdcdcdcdcdcdcdcdcdcdcdcdcdcdc
        38  ................  fbfbfbfbfbfbfbfbfbfbfbfbfbfbfbfb
        34  ................  cdcdcdcdcdcdcdcdcdcdcdcdcdcdcdcd
        30  ................  e8e8e8e8e8e8e8e8e8e8e8e8e8e8e8e8
        25  <<<<<<<<<<<<<<<<  3c3c3c3c3c3c3c3c3c3c3c3c3c3c3c3c
        24  wwwwwwwwwwwwwwww  77777777777777777777777777777777
        24  ,,,,,,,,,,,,,,,,  2c2c2c2c2c2c2c2c2c2c2c2c2c2c2c2c
        23  @@@@@@@@@@@@@@@@  40404040404040404040404040404040
# epoch 6780  H=7.5496 C=7.3066 HO=0.2430  A(t)=328
        41  ;;;;;;;;;;;;;;;;  3b3b3b3b3b3b3b3b3b3b3b3b3b3b3b3b
        39  ................  dcdcdcdcdcdcdcdcdcdcdcdcdcdcdcdc
        38  ................  fbfbfbfbfbfbfbfbfbfbfbfbfbfbfbfb
        30  ................  e8e8e8e8e8e8e8e8e8e8e8e8e8e8e8e8
        25  ................  e9e9e9e9e9e9e9e9e9e9e9e9e9e9e9e9
        25  <<<<<<<<<<<<<<<<  3c3c3c3c3c3c3c3c3c3c3c3c3c3c3c3c
        23  ,,,,,,,,,,,,,,,,  2c2c2c2c2c2c2c2c2c2c2c2c2c2c2c2c
        22  wwwwwwwwwwwwwwww  77777777777777777777777777777777
        21  ________________  5f5f5f5f5f5f5f5f5f5f5f5f5f5f5f5f
        19  ................  fcfcfcfcfcfcfcfcfcfcfcfcfcfcfcfc
# epoch 6800  H=7.5410 C=7.2819 HO=0.2591  A(t)=331
        56  >>>>>>>>>>>>>>>>  3e3e3e3e3e3e3e3e3e3e3e3e3e3e3e3e
        39  ................  dcdcdcdcdcdcdcdcdcdcdcdcdcdcdcdc
        37  ................  fbfbfbfbfbfbfbfbfbfbfbfbfbfbfbfb
        37  ;;;;;;;;;;;;;;;;  3b3b3b3b3b3b3b3b3b3b3b3b3b3b3b3b
        30  ................  e8e8e8e8e8e8e8e8e8e8e8e8e8e8e8e8
        25  ................  e9e9e9e9e9e9e9e9e9e9e9e9e9e9e9e9
        25  QTQTQTQTQTQTQTQT  51545154515451545154515451545154
        24  TQTQTQTQTQTQTQTQ  54515451545154515451545154515451
        22  wwwwwwwwwwwwwwww  77777777777777777777777777777777
        18  ................  cdcdcdcdcdcdcdcdcdcdcdcdcdcdcdcd
# epoch 6820  H=7.5557 C=7.2825 HO=0.2732  A(t)=331
        73  ................  acacacacacacacacacacacacacacacac
        69  ................  ecececececececececececececececec
        49  EEEEEEEEEEEEEEEE  45454545454545454545454545454545
        40  >>>>>>>>>>>>>>>>  3e3e3e3e3e3e3e3e3e3e3e3e3e3e3e3e
        39  ................  dcdcdcdcdcdcdcdcdcdcdcdcdcdcdcdc
        31  ;;;;;;;;;;;;;;;;  3b3b3b3b3b3b3b3b3b3b3b3b3b3b3b3b
        21  ................  fbfbfbfbfbfbfbfbfbfbfbfbfbfbfbfb
        21  wwwwwwwwwwwwwwww  77777777777777777777777777777777
        20  QTQTQTQTQTQTQTQT  51545154515451545154515451545154
        19  ................  e8e8e8e8e8e8e8e8e8e8e8e8e8e8e8e8
# epoch 6840  H=7.5568 C=7.2953 HO=0.2615  A(t)=333
        60  ................  ecececececececececececececececec
        42  ................  acacacacacacacacacacacacacacacac
        41  ################  23232323232323232323232323232323
        39  ................  dcdcdcdcdcdcdcdcdcdcdcdcdcdcdcdc
        31  ;;;;;;;;;;;;;;;;  3b3b3b3b3b3b3b3b3b3b3b3b3b3b3b3b
        21  ................  fbfbfbfbfbfbfbfbfbfbfbfbfbfbfbfb
        21  wwwwwwwwwwwwwwww  77777777777777777777777777777777
        19  ................  e8e8e8e8e8e8e8e8e8e8e8e8e8e8e8e8
        17  TQTQTQTQTQTQTQTQ  54515451545154515451545154515451
        17  QTQTQTQTQTQTQTQT  51545154515451545154515451545154
# epoch 6860  H=7.5481 C=7.2854 HO=0.2627  A(t)=333
        50  <<<<<<<<<<<<<<<<  3c3c3c3c3c3c3c3c3c3c3c3c3c3c3c3c
        45  ................  17171717171717171717171717171717
        43  ................  ecececececececececececececececec
        39  ................  dcdcdcdcdcdcdcdcdcdcdcdcdcdcdcdc
        37  ................  acacacacacacacacacacacacacacacac
        36  ################  23232323232323232323232323232323
        35  @@@@@@@@@@@@@@@@  40404040404040404040404040404040
        21  ................  fbfbfbfbfbfbfbfbfbfbfbfbfbfbfbfb
        21  wwwwwwwwwwwwwwww  77777777777777777777777777777777
        20  ;;;;;;;;;;;;;;;;  3b3b3b3b3b3b3b3b3b3b3b3b3b3b3b3b
# epoch 6880  H=7.5416 C=7.2428 HO=0.2988  A(t)=335
        75  MMMMMMMMMMMMMMMM  4d4d4d4d4d4d4d4d4d4d4d4d4d4d4d4d
        75  <<<<<<<<<<<<<<<<  3c3c3c3c3c3c3c3c3c3c3c3c3c3c3c3c
        71  ................  17171717171717171717171717171717
        40  9999999999999999  39393939393939393939393939393939
        39  ................  9f9f9f9f9f9f9f9f9f9f9f9f9f9f9f9f
        38  ''''''''''''''''  27272727272727272727272727272727
        32  @@@@@@@@@@@@@@@@  40404040404040404040404040404040
        31  ................  a7a7a7a7a7a7a7a7a7a7a7a7a7a7a7a7
        26  ................  acacacacacacacacacacacacacacacac
        23  ................  ecececececececececececececececec
# epoch 6900  H=7.5362 C=7.2419 HO=0.2942  A(t)=335
        68  MMMMMMMMMMMMMMMM  4d4d4d4d4d4d4d4d4d4d4d4d4d4d4d4d
        64  ................  17171717171717171717171717171717
        58  <<<<<<<<<<<<<<<<  3c3c3c3c3c3c3c3c3c3c3c3c3c3c3c3c
        45  ................  08080808080808080808080808080808
        40  ;;;;;;;;;;;;;;;;  3b3b3b3b3b3b3b3b3b3b3b3b3b3b3b3b
        39  9999999999999999  39393939393939393939393939393939
        38  ''''''''''''''''  27272727272727272727272727272727
        32  @@@@@@@@@@@@@@@@  40404040404040404040404040404040
        29  ................  a7a7a7a7a7a7a7a7a7a7a7a7a7a7a7a7
        26  ................  acacacacacacacacacacacacacacacac
# epoch 6920  H=7.5369 C=7.2125 HO=0.3243  A(t)=335
        94  ................  fafafafafafafafafafafafafafafafa
        70  ;;;;;;;;;;;;;;;;  3b3b3b3b3b3b3b3b3b3b3b3b3b3b3b3b
        60  ................  17171717171717171717171717171717
        54  <<<<<<<<<<<<<<<<  3c3c3c3c3c3c3c3c3c3c3c3c3c3c3c3c
        50  MMMMMMMMMMMMMMMM  4d4d4d4d4d4d4d4d4d4d4d4d4d4d4d4d
        45  ................  8c8c8c8c8c8c8c8c8c8c8c8c8c8c8c8c
        43  ................  08080808080808080808080808080808
        40  ZZZZZZZZZZZZZZZZ  5a5a5a5a5a5a5a5a5a5a5a5a5a5a5a5a
        37  9999999999999999  39393939393939393939393939393939
        34  {{{{{{{{{{{{{{{{  7b7b7b7b7b7b7b7b7b7b7b7b7b7b7b7b
# epoch 6940  H=7.5239 C=7.1859 HO=0.3380  A(t)=335
        86  9999999999999999  39393939393939393939393939393939
        84  ................  fafafafafafafafafafafafafafafafa
        61  ;;;;;;;;;;;;;;;;  3b3b3b3b3b3b3b3b3b3b3b3b3b3b3b3b
        51  <<<<<<<<<<<<<<<<  3c3c3c3c3c3c3c3c3c3c3c3c3c3c3c3c
        44  ................  17171717171717171717171717171717
        42  ................  08080808080808080808080808080808
        40  ZZZZZZZZZZZZZZZZ  5a5a5a5a5a5a5a5a5a5a5a5a5a5a5a5a
        38  ................  8c8c8c8c8c8c8c8c8c8c8c8c8c8c8c8c
        34  [[[[[[[[[[[[[[[[  5b5b5b5b5b5b5b5b5b5b5b5b5b5b5b5b
        33  MMMMMMMMMMMMMMMM  4d4d4d4d4d4d4d4d4d4d4d4d4d4d4d4d
# epoch 6960  H=7.5323 C=7.2034 HO=0.3289  A(t)=340
        80  9999999999999999  39393939393939393939393939393939
        73  ................  fafafafafafafafafafafafafafafafa
        51  <<<<<<<<<<<<<<<<  3c3c3c3c3c3c3c3c3c3c3c3c3c3c3c3c
        42  ................  08080808080808080808080808080808
        40  ::::::::::::::::  3a3a3a3a3a3a3a3a3a3a3a3a3a3a3a3a
        39  ................  17171717171717171717171717171717
        38  ................  8c8c8c8c8c8c8c8c8c8c8c8c8c8c8c8c
        38  ;;;;;;;;;;;;;;;;  3b3b3b3b3b3b3b3b3b3b3b3b3b3b3b3b
        33  MMMMMMMMMMMMMMMM  4d4d4d4d4d4d4d4d4d4d4d4d4d4d4d4d
        31  {{{{{{{{{{{{{{{{  7b7b7b7b7b7b7b7b7b7b7b7b7b7b7b7b
# epoch 6980  H=7.5309 C=7.1943 HO=0.3366  A(t)=340
        79  9999999999999999  39393939393939393939393939393939
        67  ................  fafafafafafafafafafafafafafafafa
        62  ................  8c8c8c8c8c8c8c8c8c8c8c8c8c8c8c8c
        51  <<<<<<<<<<<<<<<<  3c3c3c3c3c3c3c3c3c3c3c3c3c3c3c3c
        46  1111111111111111  31313131313131313131313131313131
        40  ::::::::::::::::  3a3a3a3a3a3a3a3a3a3a3a3a3a3a3a3a
        40  ................  08080808080808080808080808080808
        39  ................  90909090909090909090909090909090
        39  OOOOOOOOOOOOOOOO  4f4f4f4f4f4f4f4f4f4f4f4f4f4f4f4f
        37  ................  17171717171717171717171717171717
# epoch 7000  H=7.5172 C=7.1885 HO=0.3287  A(t)=340
        70  9999999999999999  39393939393939393939393939393939
        66  ................  fafafafafafafafafafafafafafafafa
        59  ................  8c8c8c8c8c8c8c8c8c8c8c8c8c8c8c8c
        43  <<<<<<<<<<<<<<<<  3c3c3c3c3c3c3c3c3c3c3c3c3c3c3c3c
        42  ................  1a1a1a1a1a1a1a1a1a1a1a1a1a1a1a1a
        37  ................  90909090909090909090909090909090
        35  1111111111111111  31313131313131313131313131313131
        32  ::::::::::::::::  3a3a3a3a3a3a3a3a3a3a3a3a3a3a3a3a
        31  ................  17171717171717171717171717171717
        29  MMMMMMMMMMMMMMMM  4d4d4d4d4d4d4d4d4d4d4d4d4d4d4d4d
# epoch 7020  H=7.5166 C=7.1888 HO=0.3278  A(t)=340
        69  9999999999999999  39393939393939393939393939393939
        65  ................  fafafafafafafafafafafafafafafafa
        54  ................  8c8c8c8c8c8c8c8c8c8c8c8c8c8c8c8c
        48  ================  3d3d3d3d3d3d3d3d3d3d3d3d3d3d3d3d
        46  ................  d1d1d1d1d1d1d1d1d1d1d1d1d1d1d1d1
        41  <<<<<<<<<<<<<<<<  3c3c3c3c3c3c3c3c3c3c3c3c3c3c3c3c
        32  ::::::::::::::::  3a3a3a3a3a3a3a3a3a3a3a3a3a3a3a3a
        31  ................  1a1a1a1a1a1a1a1a1a1a1a1a1a1a1a1a
        25  ................  90909090909090909090909090909090
        22  MMMMMMMMMMMMMMMM  4d4d4d4d4d4d4d4d4d4d4d4d4d4d4d4d
# epoch 7040  H=7.5062 C=7.1979 HO=0.3084  A(t)=340
        69  9999999999999999  39393939393939393939393939393939
        58  ................  fafafafafafafafafafafafafafafafa
        48  ................  8c8c8c8c8c8c8c8c8c8c8c8c8c8c8c8c
        41  <<<<<<<<<<<<<<<<  3c3c3c3c3c3c3c3c3c3c3c3c3c3c3c3c
        38  ================  3d3d3d3d3d3d3d3d3d3d3d3d3d3d3d3d
        34  ................  d1d1d1d1d1d1d1d1d1d1d1d1d1d1d1d1
        30  ................  1a1a1a1a1a1a1a1a1a1a1a1a1a1a1a1a
        21  ................  08080808080808080808080808080808
        20  OOOOOOOOOOOOOOOO  4f4f4f4f4f4f4f4f4f4f4f4f4f4f4f4f
        20  ::::::::::::::::  3a3a3a3a3a3a3a3a3a3a3a3a3a3a3a3a
# epoch 7060  H=7.5021 C=7.1851 HO=0.3171  A(t)=342
        57  ;;;;;;;;;;;;;;;;  3b3b3b3b3b3b3b3b3b3b3b3b3b3b3b3b
        55  9999999999999999  39393939393939393939393939393939
        48  ................  fafafafafafafafafafafafafafafafa
        45  YYYYYYYYYYYYYYYY  59595959595959595959595959595959
        43  ................  8c8c8c8c8c8c8c8c8c8c8c8c8c8c8c8c
        41  <<<<<<<<<<<<<<<<  3c3c3c3c3c3c3c3c3c3c3c3c3c3c3c3c
        30  ................  1a1a1a1a1a1a1a1a1a1a1a1a1a1a1a1a
        27  zzzzzzzzzzzzzzzz  7a7a7a7a7a7a7a7a7a7a7a7a7a7a7a7a
        23  ================  3d3d3d3d3d3d3d3d3d3d3d3d3d3d3d3d
        21  ................  08080808080808080808080808080808
# epoch 7080  H=7.5112 C=7.1885 HO=0.3227  A(t)=344
        53  9999999999999999  39393939393939393939393939393939
        52  ;;;;;;;;;;;;;;;;  3b3b3b3b3b3b3b3b3b3b3b3b3b3b3b3b
        48  ................  fafafafafafafafafafafafafafafafa
        45  ................  aaaaaaaaaaaaaaaaaaaaaaaaaaaaaaaa
        42  YYYYYYYYYYYYYYYY  59595959595959595959595959595959
        41  <<<<<<<<<<<<<<<<  3c3c3c3c3c3c3c3c3c3c3c3c3c3c3c3c
        33  ................  8c8c8c8c8c8c8c8c8c8c8c8c8c8c8c8c
        26  zzzzzzzzzzzzzzzz  7a7a7a7a7a7a7a7a7a7a7a7a7a7a7a7a
        25  ________________  20202020202020202020202020202020
        23  ================  3d3d3d3d3d3d3d3d3d3d3d3d3d3d3d3d
# epoch 7100  H=7.5045 C=7.1913 HO=0.3132  A(t)=345
        52  ;;;;;;;;;;;;;;;;  3b3b3b3b3b3b3b3b3b3b3b3b3b3b3b3b
        47  ................  fafafafafafafafafafafafafafafafa
        44  ****************  2a2a2a2a2a2a2a2a2a2a2a2a2a2a2a2a
        39  mmmmmmmmmmmmmmmm  6d6d6d6d6d6d6d6d6d6d6d6d6d6d6d6d
        33  ................  8c8c8c8c8c8c8c8c8c8c8c8c8c8c8c8c
        31  YYYYYYYYYYYYYYYY  59595959595959595959595959595959
        28  <<<<<<<<<<<<<<<<  3c3c3c3c3c3c3c3c3c3c3c3c3c3c3c3c
        25  ................  aaaaaaaaaaaaaaaaaaaaaaaaaaaaaaaa
        23  ================  3d3d3d3d3d3d3d3d3d3d3d3d3d3d3d3d
        23  9999999999999999  39393939393939393939393939393939
# epoch 7120  H=7.4985 C=7.1884 HO=0.3102  A(t)=345
        47  ................  fafafafafafafafafafafafafafafafa
        38  mmmmmmmmmmmmmmmm  6d6d6d6d6d6d6d6d6d6d6d6d6d6d6d6d
        37  ****************  2a2a2a2a2a2a2a2a2a2a2a2a2a2a2a2a
        36  ;;;;;;;;;;;;;;;;  3b3b3b3b3b3b3b3b3b3b3b3b3b3b3b3b
        33  ................  8c8c8c8c8c8c8c8c8c8c8c8c8c8c8c8c
        31  YYYYYYYYYYYYYYYY  59595959595959595959595959595959
        28  <<<<<<<<<<<<<<<<  3c3c3c3c3c3c3c3c3c3c3c3c3c3c3c3c
        23  ================  3d3d3d3d3d3d3d3d3d3d3d3d3d3d3d3d
        21  ................  08080808080808080808080808080808
        20  ................  aaaaaaaaaaaaaaaaaaaaaaaaaaaaaaaa
# epoch 7140  H=7.4933 C=7.1919 HO=0.3014  A(t)=346
        48  }}}}}}}}}}}}}}}}  7d7d7d7d7d7d7d7d7d7d7d7d7d7d7d7d
        38  ................  fafafafafafafafafafafafafafafafa
        37  mmmmmmmmmmmmmmmm  6d6d6d6d6d6d6d6d6d6d6d6d6d6d6d6d
        37  ****************  2a2a2a2a2a2a2a2a2a2a2a2a2a2a2a2a
        33  ;;;;;;;;;;;;;;;;  3b3b3b3b3b3b3b3b3b3b3b3b3b3b3b3b
        23  ================  3d3d3d3d3d3d3d3d3d3d3d3d3d3d3d3d
        21  <<<<<<<<<<<<<<<<  3c3c3c3c3c3c3c3c3c3c3c3c3c3c3c3c
        21  ................  08080808080808080808080808080808
        17  OOOOOOOOOOOOOOOO  4f4f4f4f4f4f4f4f4f4f4f4f4f4f4f4f
        16  ................  d1d1d1d1d1d1d1d1d1d1d1d1d1d1d1d1
# epoch 7160  H=7.4973 C=7.2109 HO=0.2864  A(t)=346
        38  ................  fafafafafafafafafafafafafafafafa
        37  ****************  2a2a2a2a2a2a2a2a2a2a2a2a2a2a2a2a
        33  mmmmmmmmmmmmmmmm  6d6d6d6d6d6d6d6d6d6d6d6d6d6d6d6d
        30  }}}}}}}}}}}}}}}}  7d7d7d7d7d7d7d7d7d7d7d7d7d7d7d7d
        25  ;;;;;;;;;;;;;;;;  3b3b3b3b3b3b3b3b3b3b3b3b3b3b3b3b
        23  ================  3d3d3d3d3d3d3d3d3d3d3d3d3d3d3d3d
        21  ................  08080808080808080808080808080808
        17  OOOOOOOOOOOOOOOO  4f4f4f4f4f4f4f4f4f4f4f4f4f4f4f4f
        16  ................  d1d1d1d1d1d1d1d1d1d1d1d1d1d1d1d1
        16  gMgMgMgMgMgMgMgM  674d674d674d674d674d674d674d674d
# epoch 7180  H=7.5054 C=7.2225 HO=0.2829  A(t)=347
        61  9999999999999999  39393939393939393939393939393939
        33  mmmmmmmmmmmmmmmm  6d6d6d6d6d6d6d6d6d6d6d6d6d6d6d6d
        32  ................  fafafafafafafafafafafafafafafafa
        29  ****************  2a2a2a2a2a2a2a2a2a2a2a2a2a2a2a2a
        25  ;;;;;;;;;;;;;;;;  3b3b3b3b3b3b3b3b3b3b3b3b3b3b3b3b
        23  ================  3d3d3d3d3d3d3d3d3d3d3d3d3d3d3d3d
        21  ................  08080808080808080808080808080808
        16  ................  d1d1d1d1d1d1d1d1d1d1d1d1d1d1d1d1
        15  ................  8c8c8c8c8c8c8c8c8c8c8c8c8c8c8c8c
        15  1111111111111111  31313131313131313131313131313131
# epoch 7200  H=7.4935 C=7.2086 HO=0.2849  A(t)=348
        58  9999999999999999  39393939393939393939393939393939
        49  5555555555555555  35353535353535353535353535353535
        33  mmmmmmmmmmmmmmmm  6d6d6d6d6d6d6d6d6d6d6d6d6d6d6d6d
        32  ................  fafafafafafafafafafafafafafafafa
        29  ****************  2a2a2a2a2a2a2a2a2a2a2a2a2a2a2a2a
        26  >>>>>>>>>>>>>>>>  3e3e3e3e3e3e3e3e3e3e3e3e3e3e3e3e
        23  AAAAAAAAAAAAAAAA  41414141414141414141414141414141
        23  ================  3d3d3d3d3d3d3d3d3d3d3d3d3d3d3d3d
        21  ................  08080808080808080808080808080808
        19  ;;;;;;;;;;;;;;;;  3b3b3b3b3b3b3b3b3b3b3b3b3b3b3b3b
# epoch 7220  H=7.4852 C=7.2104 HO=0.2747  A(t)=348
        48  9999999999999999  39393939393939393939393939393939
        40  5555555555555555  35353535353535353535353535353535
        32  ................  fafafafafafafafafafafafafafafafa
        29  ****************  2a2a2a2a2a2a2a2a2a2a2a2a2a2a2a2a
        25  ================  3d3d3d3d3d3d3d3d3d3d3d3d3d3d3d3d
        24  >>>>>>>>>>>>>>>>  3e3e3e3e3e3e3e3e3e3e3e3e3e3e3e3e
        23  AAAAAAAAAAAAAAAA  41414141414141414141414141414141
        21  ................  08080808080808080808080808080808
        19  mmmmmmmmmmmmmmmm  6d6d6d6d6d6d6d6d6d6d6d6d6d6d6d6d
        18  <<<<<<<<<<<<<<<<  3c3c3c3c3c3c3c3c3c3c3c3c3c3c3c3c
# epoch 7240  H=7.4727 C=7.1932 HO=0.2795  A(t)=348
        59  ;;;;;;;;;;;;;;;;  3b3b3b3b3b3b3b3b3b3b3b3b3b3b3b3b
        48  9999999999999999  39393939393939393939393939393939
        41  ................  fdfdfdfdfdfdfdfdfdfdfdfdfdfdfdfd
        32  ................  fafafafafafafafafafafafafafafafa
        31  ................  f5f5f5f5f5f5f5f5f5f5f5f5f5f5f5f5
        29  ****************  2a2a2a2a2a2a2a2a2a2a2a2a2a2a2a2a
        29  ................  03030303030303030303030303030303
        23  <<<<<<<<<<<<<<<<  3c3c3c3c3c3c3c3c3c3c3c3c3c3c3c3c
        21  ................  08080808080808080808080808080808
        20  AAAAAAAAAAAAAAAA  41414141414141414141414141414141
# epoch 7260  H=7.4604 C=7.2023 HO=0.2582  A(t)=348
        47  ;;;;;;;;;;;;;;;;  3b3b3b3b3b3b3b3b3b3b3b3b3b3b3b3b
        41  ................  fdfdfdfdfdfdfdfdfdfdfdfdfdfdfdfd
        40  9999999999999999  39393939393939393939393939393939
        32  ................  fafafafafafafafafafafafafafafafa
        28  ****************  2a2a2a2a2a2a2a2a2a2a2a2a2a2a2a2a
        28  ................  03030303030303030303030303030303
        24  >>>>>>>>>>>>>>>>  3e3e3e3e3e3e3e3e3e3e3e3e3e3e3e3e
        21  <<<<<<<<<<<<<<<<  3c3c3c3c3c3c3c3c3c3c3c3c3c3c3c3c
        21  ................  08080808080808080808080808080808
        20  ................  f5f5f5f5f5f5f5f5f5f5f5f5f5f5f5f5
# epoch 7280  H=7.4632 C=7.2073 HO=0.2559  A(t)=348
        45  ;;;;;;;;;;;;;;;;  3b3b3b3b3b3b3b3b3b3b3b3b3b3b3b3b
        40  9999999999999999  39393939393939393939393939393939
        40  ................  00000000000000000000000000000000
        28  ****************  2a2a2a2a2a2a2a2a2a2a2a2a2a2a2a2a
        28  ................  03030303030303030303030303030303
        27  >>>>>>>>>>>>>>>>  3e3e3e3e3e3e3e3e3e3e3e3e3e3e3e3e
        26  ................  fdfdfdfdfdfdfdfdfdfdfdfdfdfdfdfd
        21  ................  08080808080808080808080808080808
        20  ................  f5f5f5f5f5f5f5f5f5f5f5f5f5f5f5f5
        19  AAAAAAAAAAAAAAAA  41414141414141414141414141414141
# epoch 7300  H=7.4677 C=7.2344 HO=0.2333  A(t)=348
        40  9999999999999999  39393939393939393939393939393939
        40  ................  00000000000000000000000000000000
        28  ****************  2a2a2a2a2a2a2a2a2a2a2a2a2a2a2a2a
        27  ;;;;;;;;;;;;;;;;  3b3b3b3b3b3b3b3b3b3b3b3b3b3b3b3b
        27  ................  03030303030303030303030303030303
        21  ................  08080808080808080808080808080808
        20  ................  f5f5f5f5f5f5f5f5f5f5f5f5f5f5f5f5
        19  AAAAAAAAAAAAAAAA  41414141414141414141414141414141
        13  >>>>>>>>>>>>>>>>  3e3e3e3e3e3e3e3e3e3e3e3e3e3e3e3e
        10  ................  fdfdfdfdfdfdfdfdfdfdfdfdfdfdfdfd
# epoch 7320  H=7.4680 C=7.2434 HO=0.2246  A(t)=348
        40  9999999999999999  39393939393939393939393939393939
        37  ................  00000000000000000000000000000000
        28  ****************  2a2a2a2a2a2a2a2a2a2a2a2a2a2a2a2a
        27  ;;;;;;;;;;;;;;;;  3b3b3b3b3b3b3b3b3b3b3b3b3b3b3b3b
        21  ................  08080808080808080808080808080808
        20  ................  f5f5f5f5f5f5f5f5f5f5f5f5f5f5f5f5
        19  AAAAAAAAAAAAAAAA  41414141414141414141414141414141
        17  ................  03030303030303030303030303030303
        12  }}}}}}}}}}}}}}}}  7d7d7d7d7d7d7d7d7d7d7d7d7d7d7d7d
        10  >>>>>>>>>>>>>>>>  3e3e3e3e3e3e3e3e3e3e3e3e3e3e3e3e
# epoch 7340  H=7.4677 C=7.2471 HO=0.2207  A(t)=348
        40  9999999999999999  39393939393939393939393939393939
        33  ................  00000000000000000000000000000000
        27  ................  dddddddddddddddddddddddddddddddd
        27  ;;;;;;;;;;;;;;;;  3b3b3b3b3b3b3b3b3b3b3b3b3b3b3b3b
        24  ................  dbdbdbdbdbdbdbdbdbdbdbdbdbdbdbdb
        21  ................  08080808080808080808080808080808
        19  AAAAAAAAAAAAAAAA  41414141414141414141414141414141
        10  >>>>>>>>>>>>>>>>  3e3e3e3e3e3e3e3e3e3e3e3e3e3e3e3e
         9  ................  fdfdfdfdfdfdfdfdfdfdfdfdfdfdfdfd
         9  5555555555555555  35353535353535353535353535353535
# epoch 7360  H=7.4611 C=7.2565 HO=0.2046  A(t)=348
        35  9999999999999999  39393939393939393939393939393939
        26  ;;;;;;;;;;;;;;;;  3b3b3b3b3b3b3b3b3b3b3b3b3b3b3b3b
        24  ................  dbdbdbdbdbdbdbdbdbdbdbdbdbdbdbdb
        17  ................  08080808080808080808080808080808
        17  ................  00000000000000000000000000000000
        16  >>>>>>>>>>>>>>>>  3e3e3e3e3e3e3e3e3e3e3e3e3e3e3e3e
        13  ................  dddddddddddddddddddddddddddddddd
        10  AAAAAAAAAAAAAAAA  41414141414141414141414141414141
         8  ................  fdfdfdfdfdfdfdfdfdfdfdfdfdfdfdfd
         6  ................  fafafafafafafafafafafafafafafafa
# epoch 7380  H=7.4530 C=7.2476 HO=0.2054  A(t)=348
        43  yyyyyyyyyyyyyyyy  79797979797979797979797979797979
        26  ;;;;;;;;;;;;;;;;  3b3b3b3b3b3b3b3b3b3b3b3b3b3b3b3b
        26  9999999999999999  39393939393939393939393939393939
        23  ................  dbdbdbdbdbdbdbdbdbdbdbdbdbdbdbdb
        17  ................  08080808080808080808080808080808
        16  ................  00000000000000000000000000000000
        13  ................  dddddddddddddddddddddddddddddddd
        10  AAAAAAAAAAAAAAAA  41414141414141414141414141414141
        10  >>>>>>>>>>>>>>>>  3e3e3e3e3e3e3e3e3e3e3e3e3e3e3e3e
         8  ................  fdfdfdfdfdfdfdfdfdfdfdfdfdfdfdfd
# epoch 7400  H=7.4567 C=7.2628 HO=0.1939  A(t)=348
        26  ;;;;;;;;;;;;;;;;  3b3b3b3b3b3b3b3b3b3b3b3b3b3b3b3b
        26  9999999999999999  39393939393939393939393939393939
        25  yyyyyyyyyyyyyyyy  79797979797979797979797979797979
        16  ................  00000000000000000000000000000000
        14  ................  08080808080808080808080808080808
        13  ................  dddddddddddddddddddddddddddddddd
        10  >>>>>>>>>>>>>>>>  3e3e3e3e3e3e3e3e3e3e3e3e3e3e3e3e
         8  ................  fdfdfdfdfdfdfdfdfdfdfdfdfdfdfdfd
         6  ................  fafafafafafafafafafafafafafafafa
         6  ...u...u...u...u  dbdbdb75dbdbdb75dbdbdb75dbdbdb75
# epoch 7420  H=7.4607 C=7.2771 HO=0.1836  A(t)=348
        26  ;;;;;;;;;;;;;;;;  3b3b3b3b3b3b3b3b3b3b3b3b3b3b3b3b
        26  9999999999999999  39393939393939393939393939393939
        25  yyyyyyyyyyyyyyyy  79797979797979797979797979797979
        19  YYYYYYYYYYYYYYYY  59595959595959595959595959595959
        17  ................  01010101010101010101010101010101
        16  ................  00000000000000000000000000000000
        14  ................  08080808080808080808080808080808
        13  ................  dddddddddddddddddddddddddddddddd
        10  >>>>>>>>>>>>>>>>  3e3e3e3e3e3e3e3e3e3e3e3e3e3e3e3e
         6  ................  fafafafafafafafafafafafafafafafa
# epoch 7440  H=7.4549 C=7.2766 HO=0.1783  A(t)=348
        21  ;;;;;;;;;;;;;;;;  3b3b3b3b3b3b3b3b3b3b3b3b3b3b3b3b
        20  yyyyyyyyyyyyyyyy  79797979797979797979797979797979
        19  9999999999999999  39393939393939393939393939393939
        18  YYYYYYYYYYYYYYYY  59595959595959595959595959595959
        16  ................  d9d9d9d9d9d9d9d9d9d9d9d9d9d9d9d9
        16  ................  00000000000000000000000000000000
        14  ................  08080808080808080808080808080808
        13  ................  dddddddddddddddddddddddddddddddd
        13  ................  01010101010101010101010101010101
        10  >>>>>>>>>>>>>>>>  3e3e3e3e3e3e3e3e3e3e3e3e3e3e3e3e
# epoch 7460  H=7.4540 C=7.2814 HO=0.1726  A(t)=348
        21  ;;;;;;;;;;;;;;;;  3b3b3b3b3b3b3b3b3b3b3b3b3b3b3b3b
        19  9999999999999999  39393939393939393939393939393939
        18  YYYYYYYYYYYYYYYY  59595959595959595959595959595959
        16  ................  d9d9d9d9d9d9d9d9d9d9d9d9d9d9d9d9
        16  ................  00000000000000000000000000000000
        15  yyyyyyyyyyyyyyyy  79797979797979797979797979797979
        14  ................  08080808080808080808080808080808
        10  >>>>>>>>>>>>>>>>  3e3e3e3e3e3e3e3e3e3e3e3e3e3e3e3e
         6  ................  fafafafafafafafafafafafafafafafa
         6  ..u...u...u...u.  dbdb75dbdbdb75dbdbdb75dbdbdb75db
# epoch 7480  H=7.4549 C=7.2891 HO=0.1658  A(t)=348
        22  >>>>>>>>>>>>>>>>  3e3e3e3e3e3e3e3e3e3e3e3e3e3e3e3e
        21  ;;;;;;;;;;;;;;;;  3b3b3b3b3b3b3b3b3b3b3b3b3b3b3b3b
        18  YYYYYYYYYYYYYYYY  59595959595959595959595959595959
        16  ................  d9d9d9d9d9d9d9d9d9d9d9d9d9d9d9d9
        16  9999999999999999  39393939393939393939393939393939
        16  ................  00000000000000000000000000000000
        14  ................  08080808080808080808080808080808
        11  yyyyyyyyyyyyyyyy  79797979797979797979797979797979
        10  .E.E.E.E.E.E.E.E  db45db45db45db45db45db45db45db45
        10  E.E.E.E.E.E.E.E.  45db45db45db45db45db45db45db45db
# epoch 7500  H=7.4409 C=7.2891 HO=0.1519  A(t)=348
        34  >>>>>>>>>>>>>>>>  3e3e3e3e3e3e3e3e3e3e3e3e3e3e3e3e
        21  ;;;;;;;;;;;;;;;;  3b3b3b3b3b3b3b3b3b3b3b3b3b3b3b3b
        18  YYYYYYYYYYYYYYYY  59595959595959595959595959595959
        16  9999999999999999  39393939393939393939393939393939
        16  ................  00000000000000000000000000000000
        13  ................  d9d9d9d9d9d9d9d9d9d9d9d9d9d9d9d9
        11  yyyyyyyyyyyyyyyy  79797979797979797979797979797979
        10  .E.E.E.E.E.E.E.E  db45db45db45db45db45db45db45db45
        10  E.E.E.E.E.E.E.E.  45db45db45db45db45db45db45db45db
         6  ................  fafafafafafafafafafafafafafafafa
# epoch 7520  H=7.4370 C=7.2750 HO=0.1620  A(t)=349
        63  ;;;;;;;;;;;;;;;;  3b3b3b3b3b3b3b3b3b3b3b3b3b3b3b3b
        49  6666666666666666  36363636363636363636363636363636
        33  ................  cccccccccccccccccccccccccccccccc
        29  >>>>>>>>>>>>>>>>  3e3e3e3e3e3e3e3e3e3e3e3e3e3e3e3e
        16  YYYYYYYYYYYYYYYY  59595959595959595959595959595959
        16  ................  00000000000000000000000000000000
        13  ................  d9d9d9d9d9d9d9d9d9d9d9d9d9d9d9d9
        11  yyyyyyyyyyyyyyyy  79797979797979797979797979797979
        10  .E.E.E.E.E.E.E.E  db45db45db45db45db45db45db45db45
        10  E.E.E.E.E.E.E.E.  45db45db45db45db45db45db45db45db
# epoch 7540  H=7.4417 C=7.2812 HO=0.1604  A(t)=349
        43  ................  1f1f1f1f1f1f1f1f1f1f1f1f1f1f1f1f
        39  6666666666666666  36363636363636363636363636363636
        33  ;;;;;;;;;;;;;;;;  3b3b3b3b3b3b3b3b3b3b3b3b3b3b3b3b
        19  ................  cccccccccccccccccccccccccccccccc
        17  >>>>>>>>>>>>>>>>  3e3e3e3e3e3e3e3e3e3e3e3e3e3e3e3e
        16  ................  00000000000000000000000000000000
        13  ................  d9d9d9d9d9d9d9d9d9d9d9d9d9d9d9d9
        11  yyyyyyyyyyyyyyyy  79797979797979797979797979797979
        10  .E.E.E.E.E.E.E.E  db45db45db45db45db45db45db45db45
        10  E.E.E.E.E.E.E.E.  45db45db45db45db45db45db45db45db
# epoch 7560  H=7.4508 C=7.2993 HO=0.1515  A(t)=351
        39  6666666666666666  36363636363636363636363636363636
        30  ................  1f1f1f1f1f1f1f1f1f1f1f1f1f1f1f1f
        29  ;;;;;;;;;;;;;;;;  3b3b3b3b3b3b3b3b3b3b3b3b3b3b3b3b
        19  ................  cccccccccccccccccccccccccccccccc
        16  ................  00000000000000000000000000000000
        12  ................  d9d9d9d9d9d9d9d9d9d9d9d9d9d9d9d9
        11  yyyyyyyyyyyyyyyy  79797979797979797979797979797979
        11  >>>>>>>>>>>>>>>>  3e3e3e3e3e3e3e3e3e3e3e3e3e3e3e3e
         8  9999999999999999  39393939393939393939393939393939
         6  ................  fafafafafafafafafafafafafafafafa
# epoch 7580  H=7.4475 C=7.3002 HO=0.1473  A(t)=351
        30  ................  1f1f1f1f1f1f1f1f1f1f1f1f1f1f1f1f
        21  6666666666666666  36363636363636363636363636363636
        19  ................  cccccccccccccccccccccccccccccccc
        17  ;;;;;;;;;;;;;;;;  3b3b3b3b3b3b3b3b3b3b3b3b3b3b3b3b
        16  ................  00000000000000000000000000000000
        14  9898989898989898  39383938393839383938393839383938
        14  8989898989898989  38393839383938393839383938393839
        11  yyyyyyyyyyyyyyyy  79797979797979797979797979797979
         9  >>>>>>>>>>>>>>>>  3e3e3e3e3e3e3e3e3e3e3e3e3e3e3e3e
         8  9999999999999999  39393939393939393939393939393939
# epoch 7600  H=7.4441 C=7.3000 HO=0.1440  A(t)=351
        41  ................  1c1c1c1c1c1c1c1c1c1c1c1c1c1c1c1c
        30  ................  1f1f1f1f1f1f1f1f1f1f1f1f1f1f1f1f
        19  ................  cccccccccccccccccccccccccccccccc
        18  6666666666666666  36363636363636363636363636363636
        17  ;;;;;;;;;;;;;;;;  3b3b3b3b3b3b3b3b3b3b3b3b3b3b3b3b
        16  ................  00000000000000000000000000000000
        14  9898989898989898  39383938393839383938393839383938
        14  8989898989898989  38393839383938393839383938393839
        11  yyyyyyyyyyyyyyyy  79797979797979797979797979797979
        10  >>>>>>>>>>>>>>>>  3e3e3e3e3e3e3e3e3e3e3e3e3e3e3e3e
# epoch 7620  H=7.4475 C=7.2944 HO=0.1530  A(t)=351
        50  ****************  2a2a2a2a2a2a2a2a2a2a2a2a2a2a2a2a
        30  ................  1f1f1f1f1f1f1f1f1f1f1f1f1f1f1f1f
        25  ................  1c1c1c1c1c1c1c1c1c1c1c1c1c1c1c1c
        19  ................  cccccccccccccccccccccccccccccccc
        18  6666666666666666  36363636363636363636363636363636
        17  ;;;;;;;;;;;;;;;;  3b3b3b3b3b3b3b3b3b3b3b3b3b3b3b3b
        16  ................  00000000000000000000000000000000
        12  8989898989898989  38393839383938393839383938393839
        11  yyyyyyyyyyyyyyyy  79797979797979797979797979797979
        11  9898989898989898  39383938393839383938393839383938
# epoch 7640  H=7.4529 C=7.2976 HO=0.1553  A(t)=351
       104  ;;;;;;;;;;;;;;;;  3b3b3b3b3b3b3b3b3b3b3b3b3b3b3b3b
        46  >>>>>>>>>>>>>>>>  3e3e3e3e3e3e3e3e3e3e3e3e3e3e3e3e
        36  ****************  2a2a2a2a2a2a2a2a2a2a2a2a2a2a2a2a
        30  ................  1f1f1f1f1f1f1f1f1f1f1f1f1f1f1f1f
        19  ................  cccccccccccccccccccccccccccccccc
        16  ................  00000000000000000000000000000000
        12  8989898989898989  38393839383938393839383938393839
        11  yyyyyyyyyyyyyyyy  79797979797979797979797979797979
        11  9898989898989898  39383938393839383938393839383938
         7  ................  1c1c1c1c1c1c1c1c1c1c1c1c1c1c1c1c
# epoch 7660  H=7.4550 C=7.3093 HO=0.1457  A(t)=353
        70  ;;;;;;;;;;;;;;;;  3b3b3b3b3b3b3b3b3b3b3b3b3b3b3b3b
        40  >>>>>>>>>>>>>>>>  3e3e3e3e3e3e3e3e3e3e3e3e3e3e3e3e
        36  ****************  2a2a2a2a2a2a2a2a2a2a2a2a2a2a2a2a
        27  ................  1f1f1f1f1f1f1f1f1f1f1f1f1f1f1f1f
        19  ................  cccccccccccccccccccccccccccccccc
        16  ................  00000000000000000000000000000000
        11  yyyyyyyyyyyyyyyy  79797979797979797979797979797979
         7  ................  1c1c1c1c1c1c1c1c1c1c1c1c1c1c1c1c
         6  <<<<<<<<<<<<<<<<  3c3c3c3c3c3c3c3c3c3c3c3c3c3c3c3c
         5  9898989898989898  39383938393839383938393839383938
# epoch 7680  H=7.4430 C=7.3015 HO=0.1415  A(t)=353
        57  ;;;;;;;;;;;;;;;;  3b3b3b3b3b3b3b3b3b3b3b3b3b3b3b3b
        45  ================  3d3d3d3d3d3d3d3d3d3d3d3d3d3d3d3d
        36  ****************  2a2a2a2a2a2a2a2a2a2a2a2a2a2a2a2a
        35  >>>>>>>>>>>>>>>>  3e3e3e3e3e3e3e3e3e3e3e3e3e3e3e3e
        27  ................  1f1f1f1f1f1f1f1f1f1f1f1f1f1f1f1f
        19  ................  cccccccccccccccccccccccccccccccc
        11  yyyyyyyyyyyyyyyy  79797979797979797979797979797979
         7  ................  00000000000000000000000000000000
         6  <<<<<<<<<<<<<<<<  3c3c3c3c3c3c3c3c3c3c3c3c3c3c3c3c
         6  ................  1c1c1c1c1c1c1c1c1c1c1c1c1c1c1c1c
# epoch 7700  H=7.4405 C=7.2856 HO=0.1548  A(t)=353
        69  ;;;;;;;;;;;;;;;;  3b3b3b3b3b3b3b3b3b3b3b3b3b3b3b3b
        44  ................  dddddddddddddddddddddddddddddddd
        36  >>>>>>>>>>>>>>>>  3e3e3e3e3e3e3e3e3e3e3e3e3e3e3e3e
        36  ****************  2a2a2a2a2a2a2a2a2a2a2a2a2a2a2a2a
        29  ================  3d3d3d3d3d3d3d3d3d3d3d3d3d3d3d3d
        27  ................  1f1f1f1f1f1f1f1f1f1f1f1f1f1f1f1f
        24  ................  a19fa19fa19fa19fa19fa19fa19fa19f
        24  ................  9fa19fa19fa19fa19fa19fa19fa19fa1
        20  .>.>.>.>.>.>.>.>  943e943e943e943e943e943e943e943e
        20  >.>.>.>.>.>.>.>.  3e943e943e943e943e943e943e943e94
# epoch 7720  H=7.4569 C=7.2979 HO=0.1591  A(t)=353
        60  ;;;;;;;;;;;;;;;;  3b3b3b3b3b3b3b3b3b3b3b3b3b3b3b3b
        43  ................  dddddddddddddddddddddddddddddddd
        34  >>>>>>>>>>>>>>>>  3e3e3e3e3e3e3e3e3e3e3e3e3e3e3e3e
        30  ****************  2a2a2a2a2a2a2a2a2a2a2a2a2a2a2a2a
        29  ================  3d3d3d3d3d3d3d3d3d3d3d3d3d3d3d3d
        27  ................  1f1f1f1f1f1f1f1f1f1f1f1f1f1f1f1f
        22  ................  a19fa19fa19fa19fa19fa19fa19fa19f
        21  ................  9fa19fa19fa19fa19fa19fa19fa19fa1
        19  ................  cccccccccccccccccccccccccccccccc
         7  ................  00000000000000000000000000000000
# epoch 7740  H=7.4623 C=7.3116 HO=0.1506  A(t)=353
        50  ;;;;;;;;;;;;;;;;  3b3b3b3b3b3b3b3b3b3b3b3b3b3b3b3b
        46  ................  b6b6b6b6b6b6b6b6b6b6b6b6b6b6b6b6
        41  >>>>>>>>>>>>>>>>  3e3e3e3e3e3e3e3e3e3e3e3e3e3e3e3e
        30  ****************  2a2a2a2a2a2a2a2a2a2a2a2a2a2a2a2a
        27  ................  1f1f1f1f1f1f1f1f1f1f1f1f1f1f1f1f
        26  ================  3d3d3d3d3d3d3d3d3d3d3d3d3d3d3d3d
        20  ................  dddddddddddddddddddddddddddddddd
        19  ................  cccccccccccccccccccccccccccccccc
        16  ................  a19fa19fa19fa19fa19fa19fa19fa19f
        16  ................  9fa19fa19fa19fa19fa19fa19fa19fa1
# epoch 7760  H=7.4701 C=7.3204 HO=0.1496  A(t)=353
        80  >>>>>>>>>>>>>>>>  3e3e3e3e3e3e3e3e3e3e3e3e3e3e3e3e
        43  ................  b6b6b6b6b6b6b6b6b6b6b6b6b6b6b6b6
        41  ;;;;;;;;;;;;;;;;  3b3b3b3b3b3b3b3b3b3b3b3b3b3b3b3b
        30  ****************  2a2a2a2a2a2a2a2a2a2a2a2a2a2a2a2a
        27  ................  1f1f1f1f1f1f1f1f1f1f1f1f1f1f1f1f
        24  ================  3d3d3d3d3d3d3d3d3d3d3d3d3d3d3d3d
        20  ................  dddddddddddddddddddddddddddddddd
        19  ................  cccccccccccccccccccccccccccccccc
         8  ................  a19fa19fa19fa19fa19fa19fa19fa19f
         8  ................  9fa19fa19fa19fa19fa19fa19fa19fa1
# epoch 7780  H=7.4643 C=7.3105 HO=0.1538  A(t)=355
        84  ================  3d3d3d3d3d3d3d3d3d3d3d3d3d3d3d3d
        53  >>>>>>>>>>>>>>>>  3e3e3e3e3e3e3e3e3e3e3e3e3e3e3e3e
        41  ;;;;;;;;;;;;;;;;  3b3b3b3b3b3b3b3b3b3b3b3b3b3b3b3b
        30  ****************  2a2a2a2a2a2a2a2a2a2a2a2a2a2a2a2a
        23  ................  b6b6b6b6b6b6b6b6b6b6b6b6b6b6b6b6
        22  ................  1f1f1f1f1f1f1f1f1f1f1f1f1f1f1f1f
        20  ................  dddddddddddddddddddddddddddddddd
        19  ................  cccccccccccccccccccccccccccccccc
         8  ................  a19fa19fa19fa19fa19fa19fa19fa19f
         8  ................  9fa19fa19fa19fa19fa19fa19fa19fa1
# epoch 7800  H=7.4613 C=7.3149 HO=0.1464  A(t)=355
        82  ================  3d3d3d3d3d3d3d3d3d3d3d3d3d3d3d3d
        44  >>>>>>>>>>>>>>>>  3e3e3e3e3e3e3e3e3e3e3e3e3e3e3e3e
        34  ;;;;;;;;;;;;;;;;  3b3b3b3b3b3b3b3b3b3b3b3b3b3b3b3b
        25  ****************  2a2a2a2a2a2a2a2a2a2a2a2a2a2a2a2a
        22  ................  1f1f1f1f1f1f1f1f1f1f1f1f1f1f1f1f
        20  ................  dddddddddddddddddddddddddddddddd
        18  <<<<<<<<<<<<<<<<  3c3c3c3c3c3c3c3c3c3c3c3c3c3c3c3c
        13  ................  b6b6b6b6b6b6b6b6b6b6b6b6b6b6b6b6
         8  ................  a19fa19fa19fa19fa19fa19fa19fa19f
         8  ................  9fa19fa19fa19fa19fa19fa19fa19fa1
# epoch 7820  H=7.4666 C=7.3258 HO=0.1408  A(t)=355
        82  ================  3d3d3d3d3d3d3d3d3d3d3d3d3d3d3d3d
        34  ;;;;;;;;;;;;;;;;  3b3b3b3b3b3b3b3b3b3b3b3b3b3b3b3b
        32  3333333333333333  33333333333333333333333333333333
        25  >>>>>>>>>>>>>>>>  3e3e3e3e3e3e3e3e3e3e3e3e3e3e3e3e
        25  ****************  2a2a2a2a2a2a2a2a2a2a2a2a2a2a2a2a
        22  ................  1f1f1f1f1f1f1f1f1f1f1f1f1f1f1f1f
        13  ................  b6b6b6b6b6b6b6b6b6b6b6b6b6b6b6b6
        10  <<<<<<<<<<<<<<<<  3c3c3c3c3c3c3c3c3c3c3c3c3c3c3c3c
         8  ................  dddddddddddddddddddddddddddddddd
         5  9898989898989898  39383938393839383938393839383938
# epoch 7840  H=7.4642 C=7.3187 HO=0.1455  A(t)=355
        80  ================  3d3d3d3d3d3d3d3d3d3d3d3d3d3d3d3d
        72  >>>>>>>>>>>>>>>>  3e3e3e3e3e3e3e3e3e3e3e3e3e3e3e3e
        34  ;;;;;;;;;;;;;;;;  3b3b3b3b3b3b3b3b3b3b3b3b3b3b3b3b
        32  3333333333333333  33333333333333333333333333333333
        25  ****************  2a2a2a2a2a2a2a2a2a2a2a2a2a2a2a2a
        22  ................  1f1f1f1f1f1f1f1f1f1f1f1f1f1f1f1f
        16  +,+,+,+,+,+,+,+,  2b2c2b2c2b2c2b2c2b2c2b2c2b2c2b2c
        15  ,+,+,+,+,+,+,+,+  2c2b2c2b2c2b2c2b2c2b2c2b2c2b2c2b
        10  <<<<<<<<<<<<<<<<  3c3c3c3c3c3c3c3c3c3c3c3c3c3c3c3c
         8  ................  dddddddddddddddddddddddddddddddd
# epoch 7860  H=7.4576 C=7.3214 HO=0.1362  A(t)=355
        73  ================  3d3d3d3d3d3d3d3d3d3d3d3d3d3d3d3d
        68  >>>>>>>>>>>>>>>>  3e3e3e3e3e3e3e3e3e3e3e3e3e3e3e3e
        59  <<<<<<<<<<<<<<<<  3c3c3c3c3c3c3c3c3c3c3c3c3c3c3c3c
        34  ;;;;;;;;;;;;;;;;  3b3b3b3b3b3b3b3b3b3b3b3b3b3b3b3b
        32  3333333333333333  33333333333333333333333333333333
        23  ****************  2a2a2a2a2a2a2a2a2a2a2a2a2a2a2a2a
        10  }}}}}}}}}}}}}}}}  7d7d7d7d7d7d7d7d7d7d7d7d7d7d7d7d
         8  ................  dddddddddddddddddddddddddddddddd
         8  +,+,+,+,+,+,+,+,  2b2c2b2c2b2c2b2c2b2c2b2c2b2c2b2c
         7  ,+,+,+,+,+,+,+,+  2c2b2c2b2c2b2c2b2c2b2c2b2c2b2c2b
# epoch 7880  H=7.4545 C=7.3239 HO=0.1307  A(t)=355
       101  >>>>>>>>>>>>>>>>  3e3e3e3e3e3e3e3e3e3e3e3e3e3e3e3e
        46  <<<<<<<<<<<<<<<<  3c3c3c3c3c3c3c3c3c3c3c3c3c3c3c3c
        31  ================  3d3d3d3d3d3d3d3d3d3d3d3d3d3d3d3d
        25  ;;;;;;;;;;;;;;;;  3b3b3b3b3b3b3b3b3b3b3b3b3b3b3b3b
        23  ****************  2a2a2a2a2a2a2a2a2a2a2a2a2a2a2a2a
        16  3333333333333333  33333333333333333333333333333333
        13  }}}}}}}}}}}}}}}}  7d7d7d7d7d7d7d7d7d7d7d7d7d7d7d7d
         8  ................  dddddddddddddddddddddddddddddddd
         6  +,+,+,+,+,+,+,+,  2b2c2b2c2b2c2b2c2b2c2b2c2b2c2b2c
         6  ................  1f1f1f1f1f1f1f1f1f1f1f1f1f1f1f1f
# epoch 7900  H=7.4557 C=7.3269 HO=0.1288  A(t)=355
        76  >>>>>>>>>>>>>>>>  3e3e3e3e3e3e3e3e3e3e3e3e3e3e3e3e
        47  ................  18181818181818181818181818181818
        45  <<<<<<<<<<<<<<<<  3c3c3c3c3c3c3c3c3c3c3c3c3c3c3c3c
        36  GGGGGGGGGGGGGGGG  47474747474747474747474747474747
        25  ;;;;;;;;;;;;;;;;  3b3b3b3b3b3b3b3b3b3b3b3b3b3b3b3b
        23  ****************  2a2a2a2a2a2a2a2a2a2a2a2a2a2a2a2a
        21  ================  3d3d3d3d3d3d3d3d3d3d3d3d3d3d3d3d
        17  }}}}}}}}}}}}}}}}  7d7d7d7d7d7d7d7d7d7d7d7d7d7d7d7d
        16  3333333333333333  33333333333333333333333333333333
         8  ................  dddddddddddddddddddddddddddddddd
# epoch 7920  H=7.4478 C=7.3242 HO=0.1236  A(t)=357
        49  >>>>>>>>>>>>>>>>  3e3e3e3e3e3e3e3e3e3e3e3e3e3e3e3e
        41  <<<<<<<<<<<<<<<<  3c3c3c3c3c3c3c3c3c3c3c3c3c3c3c3c
        38  ................  18181818181818181818181818181818
        27  GGGGGGGGGGGGGGGG  47474747474747474747474747474747
        23  ****************  2a2a2a2a2a2a2a2a2a2a2a2a2a2a2a2a
        21  ;;;;;;;;;;;;;;;;  3b3b3b3b3b3b3b3b3b3b3b3b3b3b3b3b
        17  }}}}}}}}}}}}}}}}  7d7d7d7d7d7d7d7d7d7d7d7d7d7d7d7d
        16  ================  3d3d3d3d3d3d3d3d3d3d3d3d3d3d3d3d
        16  3333333333333333  33333333333333333333333333333333
         8  ................  dddddddddddddddddddddddddddddddd
# epoch 7940  H=7.4514 C=7.3231 HO=0.1283  A(t)=357
        41  <<<<<<<<<<<<<<<<  3c3c3c3c3c3c3c3c3c3c3c3c3c3c3c3c
        38  >>>>>>>>>>>>>>>>  3e3e3e3e3e3e3e3e3e3e3e3e3e3e3e3e
        36  ................  18181818181818181818181818181818
        27  GGGGGGGGGGGGGGGG  47474747474747474747474747474747
        23  ****************  2a2a2a2a2a2a2a2a2a2a2a2a2a2a2a2a
        16  ================  3d3d3d3d3d3d3d3d3d3d3d3d3d3d3d3d
        16  3333333333333333  33333333333333333333333333333333
        15  ................  dededededededededededededededede
        15  ;;;;;;;;;;;;;;;;  3b3b3b3b3b3b3b3b3b3b3b3b3b3b3b3b
         8  ................  dddddddddddddddddddddddddddddddd
# epoch 7960  H=7.4627 C=7.3268 HO=0.1359  A(t)=357
        77  <<<<<<<<<<<<<<<<  3c3c3c3c3c3c3c3c3c3c3c3c3c3c3c3c
        45  yyyyyyyyyyyyyyyy  79797979797979797979797979797979
        45  >>>>>>>>>>>>>>>>  3e3e3e3e3e3e3e3e3e3e3e3e3e3e3e3e
        42  HHHHHHHHHHHHHHHH  48484848484848484848484848484848
        36  ................  18181818181818181818181818181818
        27  GGGGGGGGGGGGGGGG  47474747474747474747474747474747
        16  3333333333333333  33333333333333333333333333333333
        15  ****************  2a2a2a2a2a2a2a2a2a2a2a2a2a2a2a2a
        11  ................  dededededededededededededededede
        11  }}}}}}}}}}}}}}}}  7d7d7d7d7d7d7d7d7d7d7d7d7d7d7d7d
# epoch 7980  H=7.4623 C=7.3196 HO=0.1427  A(t)=357
        73  <<<<<<<<<<<<<<<<  3c3c3c3c3c3c3c3c3c3c3c3c3c3c3c3c
        47  vvvvvvvvvvvvvvvv  76767676767676767676767676767676
        44  ................  ffffffffffffffffffffffffffffffff
        41  >>>>>>>>>>>>>>>>  3e3e3e3e3e3e3e3e3e3e3e3e3e3e3e3e
        39  HHHHHHHHHHHHHHHH  48484848484848484848484848484848
        27  GGGGGGGGGGGGGGGG  47474747474747474747474747474747
        27  ................  18181818181818181818181818181818
        23  yyyyyyyyyyyyyyyy  79797979797979797979797979797979
        15  ................  83848384838483848384838483848384
        14  ................  84838483848384838483848384838483
# epoch 8000  H=7.4548 C=7.3099 HO=0.1448  A(t)=357
        99  <<<<<<<<<<<<<<<<  3c3c3c3c3c3c3c3c3c3c3c3c3c3c3c3c
        45  ................  cccccccccccccccccccccccccccccccc
        44  vvvvvvvvvvvvvvvv  76767676767676767676767676767676
        40  ................  ffffffffffffffffffffffffffffffff
        29  >>>>>>>>>>>>>>>>  3e3e3e3e3e3e3e3e3e3e3e3e3e3e3e3e
        27  GGGGGGGGGGGGGGGG  47474747474747474747474747474747
        23  yyyyyyyyyyyyyyyy  79797979797979797979797979797979
        15  ................  83848384838483848384838483848384
        15  ................  18181818181818181818181818181818
        14  ................  84838483848384838483848384838483
# epoch 8020  H=7.4526 C=7.3148 HO=0.1378  A(t)=357
        60  <<<<<<<<<<<<<<<<  3c3c3c3c3c3c3c3c3c3c3c3c3c3c3c3c
        48  5555555555555555  35353535353535353535353535353535
        45  ................  cccccccccccccccccccccccccccccccc
        40  ................  ffffffffffffffffffffffffffffffff
        38  vvvvvvvvvvvvvvvv  76767676767676767676767676767676
        31  >>>>>>>>>>>>>>>>  3e3e3e3e3e3e3e3e3e3e3e3e3e3e3e3e
        27  GGGGGGGGGGGGGGGG  47474747474747474747474747474747
        23  yyyyyyyyyyyyyyyy  79797979797979797979797979797979
        19  ................  18181818181818181818181818181818
        11  ................  dededededededededededededededede
# epoch 8040  H=7.4628 C=7.3232 HO=0.1396  A(t)=357
        60  <<<<<<<<<<<<<<<<  3c3c3c3c3c3c3c3c3c3c3c3c3c3c3c3c
        49  8888888888888888  38383838383838383838383838383838
        40  ................  ffffffffffffffffffffffffffffffff
        39  >>>>>>>>>>>>>>>>  3e3e3e3e3e3e3e3e3e3e3e3e3e3e3e3e
        34  vvvvvvvvvvvvvvvv  76767676767676767676767676767676
        29  ................  cccccccccccccccccccccccccccccccc
        27  GGGGGGGGGGGGGGGG  47474747474747474747474747474747
        21  yyyyyyyyyyyyyyyy  79797979797979797979797979797979
        10  ================  3d3d3d3d3d3d3d3d3d3d3d3d3d3d3d3d
        10  5555555555555555  35353535353535353535353535353535
# epoch 8060  H=7.4661 C=7.3331 HO=0.1329  A(t)=359
        59  <<<<<<<<<<<<<<<<  3c3c3c3c3c3c3c3c3c3c3c3c3c3c3c3c
        41  8888888888888888  38383838383838383838383838383838
        37  ................  ffffffffffffffffffffffffffffffff
        33  vvvvvvvvvvvvvvvv  76767676767676767676767676767676
        26  ................  cccccccccccccccccccccccccccccccc
        26  GGGGGGGGGGGGGGGG  47474747474747474747474747474747
        25  >>>>>>>>>>>>>>>>  3e3e3e3e3e3e3e3e3e3e3e3e3e3e3e3e
        12  yyyyyyyyyyyyyyyy  79797979797979797979797979797979
        10  ================  3d3d3d3d3d3d3d3d3d3d3d3d3d3d3d3d
        10  5555555555555555  35353535353535353535353535353535
# epoch 8080  H=7.4703 C=7.3468 HO=0.1235  A(t)=359
        46  <<<<<<<<<<<<<<<<  3c3c3c3c3c3c3c3c3c3c3c3c3c3c3c3c
        41  8888888888888888  38383838383838383838383838383838
        27  ................  ffffffffffffffffffffffffffffffff
        27  vvvvvvvvvvvvvvvv  76767676767676767676767676767676
        26  ................  cccccccccccccccccccccccccccccccc
        26  >>>>>>>>>>>>>>>>  3e3e3e3e3e3e3e3e3e3e3e3e3e3e3e3e
        12  yyyyyyyyyyyyyyyy  79797979797979797979797979797979
        10  GGGGGGGGGGGGGGGG  47474747474747474747474747474747
        10  ================  3d3d3d3d3d3d3d3d3d3d3d3d3d3d3d3d
        10  5555555555555555  35353535353535353535353535353535
# epoch 8100  H=7.4749 C=7.3473 HO=0.1276  A(t)=359
        45  <<<<<<<<<<<<<<<<  3c3c3c3c3c3c3c3c3c3c3c3c3c3c3c3c
        27  vvvvvvvvvvvvvvvv  76767676767676767676767676767676
        26  ................  ffffffffffffffffffffffffffffffff
        23  8888888888888888  38383838383838383838383838383838
        16  >>>>>>>>>>>>>>>>  3e3e3e3e3e3e3e3e3e3e3e3e3e3e3e3e
        16  ................  06060606060606060606060606060606
        12  yyyyyyyyyyyyyyyy  79797979797979797979797979797979
        10  ................  cccccccccccccccccccccccccccccccc
        10  GGGGGGGGGGGGGGGG  47474747474747474747474747474747
        10  ================  3d3d3d3d3d3d3d3d3d3d3d3d3d3d3d3d
# epoch 8120  H=7.4854 C=7.3700 HO=0.1154  A(t)=359
        31  <<<<<<<<<<<<<<<<  3c3c3c3c3c3c3c3c3c3c3c3c3c3c3c3c
        27  vvvvvvvvvvvvvvvv  76767676767676767676767676767676
        26  ................  ffffffffffffffffffffffffffffffff
        23  8888888888888888  38383838383838383838383838383838
        15  >>>>>>>>>>>>>>>>  3e3e3e3e3e3e3e3e3e3e3e3e3e3e3e3e
        14  ................  06060606060606060606060606060606
        12  yyyyyyyyyyyyyyyy  79797979797979797979797979797979
        10  ................  cccccccccccccccccccccccccccccccc
        10  GGGGGGGGGGGGGGGG  47474747474747474747474747474747
        10  ================  3d3d3d3d3d3d3d3d3d3d3d3d3d3d3d3d
# epoch 8140  H=7.4872 C=7.3694 HO=0.1178  A(t)=359
        41  ................  96969696969696969696969696969696
        26  vvvvvvvvvvvvvvvv  76767676767676767676767676767676
        26  <<<<<<<<<<<<<<<<  3c3c3c3c3c3c3c3c3c3c3c3c3c3c3c3c
        23  8888888888888888  38383838383838383838383838383838
        14  >>>>>>>>>>>>>>>>  3e3e3e3e3e3e3e3e3e3e3e3e3e3e3e3e
        13  ................  ffffffffffffffffffffffffffffffff
        12  yyyyyyyyyyyyyyyy  79797979797979797979797979797979
        11  ................  06060606060606060606060606060606
        10  GGGGGGGGGGGGGGGG  47474747474747474747474747474747
        10  ================  3d3d3d3d3d3d3d3d3d3d3d3d3d3d3d3d
# epoch 8160  H=7.4922 C=7.3774 HO=0.1148  A(t)=359
        41  ................  96969696969696969696969696969696
        26  vvvvvvvvvvvvvvvv  76767676767676767676767676767676
        20  <<<<<<<<<<<<<<<<  3c3c3c3c3c3c3c3c3c3c3c3c3c3c3c3c
        14  >>>>>>>>>>>>>>>>  3e3e3e3e3e3e3e3e3e3e3e3e3e3e3e3e
        12  yyyyyyyyyyyyyyyy  79797979797979797979797979797979
        11  ................  06060606060606060606060606060606
        10  GGGGGGGGGGGGGGGG  47474747474747474747474747474747
        10  ================  3d3d3d3d3d3d3d3d3d3d3d3d3d3d3d3d
        10  5555555555555555  35353535353535353535353535353535
         9  ................  ffffffffffffffffffffffffffffffff
# epoch 8180  H=7.4902 C=7.3838 HO=0.1065  A(t)=359
        39  ................  96969696969696969696969696969696
        26  vvvvvvvvvvvvvvvv  76767676767676767676767676767676
        22  >>>>>>>>>>>>>>>>  3e3e3e3e3e3e3e3e3e3e3e3e3e3e3e3e
        20  <<<<<<<<<<<<<<<<  3c3c3c3c3c3c3c3c3c3c3c3c3c3c3c3c
        11  ................  06060606060606060606060606060606
        10  GGGGGGGGGGGGGGGG  47474747474747474747474747474747
        10  ================  3d3d3d3d3d3d3d3d3d3d3d3d3d3d3d3d
         9  ................  ffffffffffffffffffffffffffffffff
         6  5555555555555555  35353535353535353535353535353535
         5  ................  dededededededededededededededede
# epoch 8200  H=7.4857 C=7.3871 HO=0.0986  A(t)=359
        26  vvvvvvvvvvvvvvvv  76767676767676767676767676767676
        24  ''''''''''''''''  27272727272727272727272727272727
        23  ................  96969696969696969696969696969696
        14  ;;;;;;;;;;;;;;;;  3b3b3b3b3b3b3b3b3b3b3b3b3b3b3b3b
        11  ................  06060606060606060606060606060606
        10  ================  3d3d3d3d3d3d3d3d3d3d3d3d3d3d3d3d
        10  <<<<<<<<<<<<<<<<  3c3c3c3c3c3c3c3c3c3c3c3c3c3c3c3c
         9  ................  ffffffffffffffffffffffffffffffff
         5  ................  dededededededededededededededede
         5  >>>>>>>>>>>>>>>>  3e3e3e3e3e3e3e3e3e3e3e3e3e3e3e3e
# epoch 8220  H=7.4781 C=7.3813 HO=0.0967  A(t)=359
        30  tttttttttttttttt  74747474747474747474747474747474
        24  ''''''''''''''''  27272727272727272727272727272727
        20  ................  96969696969696969696969696969696
        16  vvvvvvvvvvvvvvvv  76767676767676767676767676767676
        14  ;;;;;;;;;;;;;;;;  3b3b3b3b3b3b3b3b3b3b3b3b3b3b3b3b
        11  ................  06060606060606060606060606060606
         9  ................  ffffffffffffffffffffffffffffffff
         8  ================  3d3d3d3d3d3d3d3d3d3d3d3d3d3d3d3d
         5  ................  dededededededededededededededede
         5  >>>>>>>>>>>>>>>>  3e3e3e3e3e3e3e3e3e3e3e3e3e3e3e3e
# epoch 8240  H=7.4936 C=7.3973 HO=0.0962  A(t)=359
        26  tttttttttttttttt  74747474747474747474747474747474
        24  ''''''''''''''''  27272727272727272727272727272727
        16  ................  96969696969696969696969696969696
        16  vvvvvvvvvvvvvvvv  76767676767676767676767676767676
        14  ;;;;;;;;;;;;;;;;  3b3b3b3b3b3b3b3b3b3b3b3b3b3b3b3b
        11  ................  06060606060606060606060606060606
         9  ................  ffffffffffffffffffffffffffffffff
         8  ================  3d3d3d3d3d3d3d3d3d3d3d3d3d3d3d3d
         5  >>>>>>>>>>>>>>>>  3e3e3e3e3e3e3e3e3e3e3e3e3e3e3e3e
         5  5555555555555555  35353535353535353535353535353535
# epoch 8260  H=7.4980 C=7.4105 HO=0.0874  A(t)=359
        24  ''''''''''''''''  27272727272727272727272727272727
        22  tttttttttttttttt  74747474747474747474747474747474
        16  ................  96969696969696969696969696969696
        16  vvvvvvvvvvvvvvvv  76767676767676767676767676767676
        13  ;;;;;;;;;;;;;;;;  3b3b3b3b3b3b3b3b3b3b3b3b3b3b3b3b
        11  ................  06060606060606060606060606060606
         9  ................  ffffffffffffffffffffffffffffffff
         5  5555555555555555  35353535353535353535353535353535
         4  ................  1c1c1c1c1c1c1c1c1c1c1c1c1c1c1c1c
         3  >>>>>>>>>>>>>>>>  3e3e3e3e3e3e3e3e3e3e3e3e3e3e3e3e
# epoch 8280  H=7.4997 C=7.4030 HO=0.0968  A(t)=359
        41  JJJJJJJJJJJJJJJJ  4a4a4a4a4a4a4a4a4a4a4a4a4a4a4a4a
        23  ................  d0d0d0d0d0d0d0d0d0d0d0d0d0d0d0d0
        23  ''''''''''''''''  27272727272727272727272727272727
        22  tttttttttttttttt  74747474747474747474747474747474
        16  ................  96969696969696969696969696969696
        12  ;;;;;;;;;;;;;;;;  3b3b3b3b3b3b3b3b3b3b3b3b3b3b3b3b
        11  ................  06060606060606060606060606060606
         9  ................  ffffffffffffffffffffffffffffffff
         4  ................  1c1c1c1c1c1c1c1c1c1c1c1c1c1c1c1c
         3  vvvvvvvvvvvvvvvv  76767676767676767676767676767676
# epoch 8300  H=7.5024 C=7.4059 HO=0.0965  A(t)=359
        35  ................  cfcfcfcfcfcfcfcfcfcfcfcfcfcfcfcf
        25  JJJJJJJJJJJJJJJJ  4a4a4a4a4a4a4a4a4a4a4a4a4a4a4a4a
        23  ................  d0d0d0d0d0d0d0d0d0d0d0d0d0d0d0d0
        23  ''''''''''''''''  27272727272727272727272727272727
        22  tttttttttttttttt  74747474747474747474747474747474
        16  ................  96969696969696969696969696969696
        12  ;;;;;;;;;;;;;;;;  3b3b3b3b3b3b3b3b3b3b3b3b3b3b3b3b
        11  CCCCCCCCCCCCCCCC  43434343434343434343434343434343
        11  ................  06060606060606060606060606060606
         9  ................  ffffffffffffffffffffffffffffffff
# epoch 8320  H=7.4960 C=7.3920 HO=0.1041  A(t)=359
        41  ????????????????  3f3f3f3f3f3f3f3f3f3f3f3f3f3f3f3f
        34  ................  cfcfcfcfcfcfcfcfcfcfcfcfcfcfcfcf
        31  xxxxxxxxxxxxxxxx  78787878787878787878787878787878
        24  JJJJJJJJJJJJJJJJ  4a4a4a4a4a4a4a4a4a4a4a4a4a4a4a4a
        23  ................  d0d0d0d0d0d0d0d0d0d0d0d0d0d0d0d0
        23  ''''''''''''''''  27272727272727272727272727272727
        22  tttttttttttttttt  74747474747474747474747474747474
        16  ................  96969696969696969696969696969696
        12  ;;;;;;;;;;;;;;;;  3b3b3b3b3b3b3b3b3b3b3b3b3b3b3b3b
        11  CCCCCCCCCCCCCCCC  43434343434343434343434343434343
# epoch 8340  H=7.4943 C=7.3635 HO=0.1308  A(t)=359
        83  tttttttttttttttt  74747474747474747474747474747474
        44  ................  cacacacacacacacacacacacacacacaca
        43  ++++++++++++++++  2b2b2b2b2b2b2b2b2b2b2b2b2b2b2b2b
        41  ????????????????  3f3f3f3f3f3f3f3f3f3f3f3f3f3f3f3f
        33  ................  cfcfcfcfcfcfcfcfcfcfcfcfcfcfcfcf
        31  xxxxxxxxxxxxxxxx  78787878787878787878787878787878
        24  jjjjjjjjjjjjjjjj  6a6a6a6a6a6a6a6a6a6a6a6a6a6a6a6a
        24  JJJJJJJJJJJJJJJJ  4a4a4a4a4a4a4a4a4a4a4a4a4a4a4a4a
        23  ................  d0d0d0d0d0d0d0d0d0d0d0d0d0d0d0d0
        14  ................  96969696969696969696969696969696
# epoch 8360  H=7.4943 C=7.3654 HO=0.1289  A(t)=359
        56  tttttttttttttttt  74747474747474747474747474747474
        43  ................  b4b4b4b4b4b4b4b4b4b4b4b4b4b4b4b4
        41  ????????????????  3f3f3f3f3f3f3f3f3f3f3f3f3f3f3f3f
        41  ++++++++++++++++  2b2b2b2b2b2b2b2b2b2b2b2b2b2b2b2b
        35  ................  cacacacacacacacacacacacacacacaca
        32  ................  cfcfcfcfcfcfcfcfcfcfcfcfcfcfcfcf
        31  xxxxxxxxxxxxxxxx  78787878787878787878787878787878
        24  jjjjjjjjjjjjjjjj  6a6a6a6a6a6a6a6a6a6a6a6a6a6a6a6a
        22  JJJJJJJJJJJJJJJJ  4a4a4a4a4a4a4a4a4a4a4a4a4a4a4a4a
        20  ................  d0d0d0d0d0d0d0d0d0d0d0d0d0d0d0d0
# epoch 8380  H=7.4856 C=7.3522 HO=0.1334  A(t)=359
        52  tttttttttttttttt  74747474747474747474747474747474
        47  <<<<<<<<<<<<<<<<  3c3c3c3c3c3c3c3c3c3c3c3c3c3c3c3c
        42  ................  b4b4b4b4b4b4b4b4b4b4b4b4b4b4b4b4
        35  ................  cacacacacacacacacacacacacacacaca
        34  }}}}}}}}}}}}}}}}  7d7d7d7d7d7d7d7d7d7d7d7d7d7d7d7d
        25  ++++++++++++++++  2b2b2b2b2b2b2b2b2b2b2b2b2b2b2b2b
        24  jjjjjjjjjjjjjjjj  6a6a6a6a6a6a6a6a6a6a6a6a6a6a6a6a
        22  xxxxxxxxxxxxxxxx  78787878787878787878787878787878
        20  ................  d0d0d0d0d0d0d0d0d0d0d0d0d0d0d0d0
        20  ????????????????  3f3f3f3f3f3f3f3f3f3f3f3f3f3f3f3f
# epoch 8400  H=7.4826 C=7.3469 HO=0.1357  A(t)=359
        62  [[[[[[[[[[[[[[[[  5b5b5b5b5b5b5b5b5b5b5b5b5b5b5b5b
        42  tttttttttttttttt  74747474747474747474747474747474
        40  ................  b4b4b4b4b4b4b4b4b4b4b4b4b4b4b4b4
        35  ................  cacacacacacacacacacacacacacacaca
        26  ................  1e1e1e1e1e1e1e1e1e1e1e1e1e1e1e1e
        25  ================  3d3d3d3d3d3d3d3d3d3d3d3d3d3d3d3d
        24  jjjjjjjjjjjjjjjj  6a6a6a6a6a6a6a6a6a6a6a6a6a6a6a6a
        20  ................  d0d0d0d0d0d0d0d0d0d0d0d0d0d0d0d0
        17  ????????????????  3f3f3f3f3f3f3f3f3f3f3f3f3f3f3f3f
        16  ................  cfcfcfcfcfcfcfcfcfcfcfcfcfcfcfcf
# epoch 8420  H=7.4736 C=7.3572 HO=0.1164  A(t)=359
        58  [[[[[[[[[[[[[[[[  5b5b5b5b5b5b5b5b5b5b5b5b5b5b5b5b
        35  ................  cacacacacacacacacacacacacacacaca
        27  ................  b4b4b4b4b4b4b4b4b4b4b4b4b4b4b4b4
        25  ================  3d3d3d3d3d3d3d3d3d3d3d3d3d3d3d3d
        24  jjjjjjjjjjjjjjjj  6a6a6a6a6a6a6a6a6a6a6a6a6a6a6a6a
        23  tttttttttttttttt  74747474747474747474747474747474
        20  ................  d0d0d0d0d0d0d0d0d0d0d0d0d0d0d0d0
        19  ................  1e1e1e1e1e1e1e1e1e1e1e1e1e1e1e1e
        16  ................  cfcfcfcfcfcfcfcfcfcfcfcfcfcfcfcf
        11  <<<<<<<<<<<<<<<<  3c3c3c3c3c3c3c3c3c3c3c3c3c3c3c3c
# epoch 8440  H=7.4802 C=7.3616 HO=0.1187  A(t)=360
        54  [[[[[[[[[[[[[[[[  5b5b5b5b5b5b5b5b5b5b5b5b5b5b5b5b
        27  ................  b4b4b4b4b4b4b4b4b4b4b4b4b4b4b4b4
        24  jjjjjjjjjjjjjjjj  6a6a6a6a6a6a6a6a6a6a6a6a6a6a6a6a
        23  tttttttttttttttt  74747474747474747474747474747474
        22  ================  3d3d3d3d3d3d3d3d3d3d3d3d3d3d3d3d
        19  ................  cacacacacacacacacacacacacacacaca
        19  ................  1e1e1e1e1e1e1e1e1e1e1e1e1e1e1e1e
        14  ................  cfcfcfcfcfcfcfcfcfcfcfcfcfcfcfcf
        11  <<<<<<<<<<<<<<<<  3c3c3c3c3c3c3c3c3c3c3c3c3c3c3c3c
         8  ................  d0d0d0d0d0d0d0d0d0d0d0d0d0d0d0d0
# epoch 8460  H=7.4828 C=7.3760 HO=0.1069  A(t)=360
        44  [[[[[[[[[[[[[[[[  5b5b5b5b5b5b5b5b5b5b5b5b5b5b5b5b
        27  ................  b4b4b4b4b4b4b4b4b4b4b4b4b4b4b4b4
        24  jjjjjjjjjjjjjjjj  6a6a6a6a6a6a6a6a6a6a6a6a6a6a6a6a
        23  tttttttttttttttt  74747474747474747474747474747474
        22  ================  3d3d3d3d3d3d3d3d3d3d3d3d3d3d3d3d
        15  ................  cacacacacacacacacacacacacacacaca
        14  ................  cfcfcfcfcfcfcfcfcfcfcfcfcfcfcfcf
        12  >>>>>>>>>>>>>>>>  3e3e3e3e3e3e3e3e3e3e3e3e3e3e3e3e
        11  <<<<<<<<<<<<<<<<  3c3c3c3c3c3c3c3c3c3c3c3c3c3c3c3c
        10  ................  1e1e1e1e1e1e1e1e1e1e1e1e1e1e1e1e
# epoch 8480  H=7.4785 C=7.3693 HO=0.1093  A(t)=360
        42  [[[[[[[[[[[[[[[[  5b5b5b5b5b5b5b5b5b5b5b5b5b5b5b5b
        24  jjjjjjjjjjjjjjjj  6a6a6a6a6a6a6a6a6a6a6a6a6a6a6a6a
        23  tttttttttttttttt  74747474747474747474747474747474
        22  ================  3d3d3d3d3d3d3d3d3d3d3d3d3d3d3d3d
        15  ................  cacacacacacacacacacacacacacacaca
        14  ................  cfcfcfcfcfcfcfcfcfcfcfcfcfcfcfcf
        14  ................  b4b4b4b4b4b4b4b4b4b4b4b4b4b4b4b4
        10  <<<<<<<<<<<<<<<<  3c3c3c3c3c3c3c3c3c3c3c3c3c3c3c3c
        10  ................  1e1e1e1e1e1e1e1e1e1e1e1e1e1e1e1e
         8  >>>>>>>>>>>>>>>>  3e3e3e3e3e3e3e3e3e3e3e3e3e3e3e3e
# epoch 8500  H=7.4820 C=7.3636 HO=0.1184  A(t)=360
        43  }}}}}}}}}}}}}}}}  7d7d7d7d7d7d7d7d7d7d7d7d7d7d7d7d
        32  [[[[[[[[[[[[[[[[  5b5b5b5b5b5b5b5b5b5b5b5b5b5b5b5b
        27  ________________  5f5f5f5f5f5f5f5f5f5f5f5f5f5f5f5f
        20  ================  3d3d3d3d3d3d3d3d3d3d3d3d3d3d3d3d
        19  jjjjjjjjjjjjjjjj  6a6a6a6a6a6a6a6a6a6a6a6a6a6a6a6a
        16  tttttttttttttttt  74747474747474747474747474747474
        15  ................  cacacacacacacacacacacacacacacaca
        12  ................  b4b4b4b4b4b4b4b4b4b4b4b4b4b4b4b4
         9  ................  1e1e1e1e1e1e1e1e1e1e1e1e1e1e1e1e
         8  >>>>>>>>>>>>>>>>  3e3e3e3e3e3e3e3e3e3e3e3e3e3e3e3e
# epoch 8520  H=7.4905 C=7.3812 HO=0.1093  A(t)=360
        42  }}}}}}}}}}}}}}}}  7d7d7d7d7d7d7d7d7d7d7d7d7d7d7d7d
        27  ________________  5f5f5f5f5f5f5f5f5f5f5f5f5f5f5f5f
        22  [[[[[[[[[[[[[[[[  5b5b5b5b5b5b5b5b5b5b5b5b5b5b5b5b
        20  ================  3d3d3d3d3d3d3d3d3d3d3d3d3d3d3d3d
        19  jjjjjjjjjjjjjjjj  6a6a6a6a6a6a6a6a6a6a6a6a6a6a6a6a
        16  tttttttttttttttt  74747474747474747474747474747474
        12  ................  b4b4b4b4b4b4b4b4b4b4b4b4b4b4b4b4
         9  ................  cacacacacacacacacacacacacacacaca
         9  ................  1e1e1e1e1e1e1e1e1e1e1e1e1e1e1e1e
         6  ................  cfcfcfcfcfcfcfcfcfcfcfcfcfcfcfcf
# epoch 8540  H=7.4893 C=7.3778 HO=0.1115  A(t)=360
        34  ,,,,,,,,,,,,,,,,  2c2c2c2c2c2c2c2c2c2c2c2c2c2c2c2c
        24  ................  fdfdfdfdfdfdfdfdfdfdfdfdfdfdfdfd
        22  }}}}}}}}}}}}}}}}  7d7d7d7d7d7d7d7d7d7d7d7d7d7d7d7d
        22  [[[[[[[[[[[[[[[[  5b5b5b5b5b5b5b5b5b5b5b5b5b5b5b5b
        20  ================  3d3d3d3d3d3d3d3d3d3d3d3d3d3d3d3d
        14  ________________  5f5f5f5f5f5f5f5f5f5f5f5f5f5f5f5f
        12  ................  b4b4b4b4b4b4b4b4b4b4b4b4b4b4b4b4
        11  jjjjjjjjjjjjjjjj  6a6a6a6a6a6a6a6a6a6a6a6a6a6a6a6a
         9  ................  cacacacacacacacacacacacacacacaca
         9  ................  1e1e1e1e1e1e1e1e1e1e1e1e1e1e1e1e
# epoch 8560  H=7.4878 C=7.3727 HO=0.1152  A(t)=360
        41  ................  2e2e2e2e2e2e2e2e2e2e2e2e2e2e2e2e
        22  [[[[[[[[[[[[[[[[  5b5b5b5b5b5b5b5b5b5b5b5b5b5b5b5b
        20  ================  3d3d3d3d3d3d3d3d3d3d3d3d3d3d3d3d
        19  ,,,,,,,,,,,,,,,,  2c2c2c2c2c2c2c2c2c2c2c2c2c2c2c2c
        18  ................  fdfdfdfdfdfdfdfdfdfdfdfdfdfdfdfd
        17  }}}}}}}}}}}}}}}}  7d7d7d7d7d7d7d7d7d7d7d7d7d7d7d7d
        17  <.<.<.<.<.<.<.<.  3cfc3cfc3cfc3cfc3cfc3cfc3cfc3cfc
        16  .<.<.<.<.<.<.<.<  fc3cfc3cfc3cfc3cfc3cfc3cfc3cfc3c
        14  ________________  5f5f5f5f5f5f5f5f5f5f5f5f5f5f5f5f
        12  ................  b4b4b4b4b4b4b4b4b4b4b4b4b4b4b4b4
# epoch 8580  H=7.4934 C=7.3805 HO=0.1129  A(t)=362
        45  UUUUUUUUUUUUUUUU  55555555555555555555555555555555
        37  ................  2e2e2e2e2e2e2e2e2e2e2e2e2e2e2e2e
        22  [[[[[[[[[[[[[[[[  5b5b5b5b5b5b5b5b5b5b5b5b5b5b5b5b
        20  ================  3d3d3d3d3d3d3d3d3d3d3d3d3d3d3d3d
        19  ,,,,,,,,,,,,,,,,  2c2c2c2c2c2c2c2c2c2c2c2c2c2c2c2c
        18  ................  fdfdfdfdfdfdfdfdfdfdfdfdfdfdfdfd
        17  }}}}}}}}}}}}}}}}  7d7d7d7d7d7d7d7d7d7d7d7d7d7d7d7d
        14  .<.<.<.<.<.<.<.<  fc3cfc3cfc3cfc3cfc3cfc3cfc3cfc3c
        14  ________________  5f5f5f5f5f5f5f5f5f5f5f5f5f5f5f5f
        14  <.<.<.<.<.<.<.<.  3cfc3cfc3cfc3cfc3cfc3cfc3cfc3cfc
# epoch 8600  H=7.5001 C=7.3927 HO=0.1074  A(t)=362
        43  UUUUUUUUUUUUUUUU  55555555555555555555555555555555
        37  ................  2e2e2e2e2e2e2e2e2e2e2e2e2e2e2e2e
        22  [[[[[[[[[[[[[[[[  5b5b5b5b5b5b5b5b5b5b5b5b5b5b5b5b
        20  ================  3d3d3d3d3d3d3d3d3d3d3d3d3d3d3d3d
        19  ,,,,,,,,,,,,,,,,  2c2c2c2c2c2c2c2c2c2c2c2c2c2c2c2c
        18  ................  fdfdfdfdfdfdfdfdfdfdfdfdfdfdfdfd
        15  }}}}}}}}}}}}}}}}  7d7d7d7d7d7d7d7d7d7d7d7d7d7d7d7d
        14  .<.<.<.<.<.<.<.<  fc3cfc3cfc3cfc3cfc3cfc3cfc3cfc3c
        14  ________________  5f5f5f5f5f5f5f5f5f5f5f5f5f5f5f5f
        14  <.<.<.<.<.<.<.<.  3cfc3cfc3cfc3cfc3cfc3cfc3cfc3cfc
# epoch 8620  H=7.5067 C=7.3910 HO=0.1157  A(t)=362
        46  ................  d8d8d8d8d8d8d8d8d8d8d8d8d8d8d8d8
        41  UUUUUUUUUUUUUUUU  55555555555555555555555555555555
        37  ................  2e2e2e2e2e2e2e2e2e2e2e2e2e2e2e2e
        31  @@@@@@@@@@@@@@@@  40404040404040404040404040404040
        21  [[[[[[[[[[[[[[[[  5b5b5b5b5b5b5b5b5b5b5b5b5b5b5b5b
        18  ................  fdfdfdfdfdfdfdfdfdfdfdfdfdfdfdfd
        15  }}}}}}}}}}}}}}}}  7d7d7d7d7d7d7d7d7d7d7d7d7d7d7d7d
        14  .<.<.<.<.<.<.<.<  fc3cfc3cfc3cfc3cfc3cfc3cfc3cfc3c
        14  ________________  5f5f5f5f5f5f5f5f5f5f5f5f5f5f5f5f
        14  ================  3d3d3d3d3d3d3d3d3d3d3d3d3d3d3d3d
# epoch 8640  H=7.5079 C=7.3969 HO=0.1111  A(t)=364
        41  UUUUUUUUUUUUUUUU  55555555555555555555555555555555
        40  ................  d8d8d8d8d8d8d8d8d8d8d8d8d8d8d8d8
        37  ................  2e2e2e2e2e2e2e2e2e2e2e2e2e2e2e2e
        25  @@@@@@@@@@@@@@@@  40404040404040404040404040404040
        21  [[[[[[[[[[[[[[[[  5b5b5b5b5b5b5b5b5b5b5b5b5b5b5b5b
        18  ................  fdfdfdfdfdfdfdfdfdfdfdfdfdfdfdfd
        15  }}}}}}}}}}}}}}}}  7d7d7d7d7d7d7d7d7d7d7d7d7d7d7d7d
        14  ________________  5f5f5f5f5f5f5f5f5f5f5f5f5f5f5f5f
        13  <.<.<.<.<.<.<.<.  3cfc3cfc3cfc3cfc3cfc3cfc3cfc3cfc
        12  .<.<.<.<.<.<.<.<  fc3cfc3cfc3cfc3cfc3cfc3cfc3cfc3c
# epoch 8660  H=7.5192 C=7.3959 HO=0.1234  A(t)=364
        48  ................  efefefefefefefefefefefefefefefef
        41  ................  94949494949494949494949494949494
        41  UUUUUUUUUUUUUUUU  55555555555555555555555555555555
        40  ................  d8d8d8d8d8d8d8d8d8d8d8d8d8d8d8d8
        37  ................  2e2e2e2e2e2e2e2e2e2e2e2e2e2e2e2e
        25  @@@@@@@@@@@@@@@@  40404040404040404040404040404040
        21  [[[[[[[[[[[[[[[[  5b5b5b5b5b5b5b5b5b5b5b5b5b5b5b5b
        15  }}}}}}}}}}}}}}}}  7d7d7d7d7d7d7d7d7d7d7d7d7d7d7d7d
        14  ________________  5f5f5f5f5f5f5f5f5f5f5f5f5f5f5f5f
        13  <.<.<.<.<.<.<.<.  3cfc3cfc3cfc3cfc3cfc3cfc3cfc3cfc
# epoch 8680  H=7.5163 C=7.3910 HO=0.1253  A(t)=364
        93  ................  efefefefefefefefefefefefefefefef
        40  ................  d8d8d8d8d8d8d8d8d8d8d8d8d8d8d8d8
        40  ................  94949494949494949494949494949494
        40  UUUUUUUUUUUUUUUU  55555555555555555555555555555555
        33  ................  2e2e2e2e2e2e2e2e2e2e2e2e2e2e2e2e
        32  tttttttttttttttt  74747474747474747474747474747474
        25  @@@@@@@@@@@@@@@@  40404040404040404040404040404040
        18  [[[[[[[[[[[[[[[[  5b5b5b5b5b5b5b5b5b5b5b5b5b5b5b5b
        15  }}}}}}}}}}}}}}}}  7d7d7d7d7d7d7d7d7d7d7d7d7d7d7d7d
        14  ________________  5f5f5f5f5f5f5f5f5f5f5f5f5f5f5f5f
# epoch 8700  H=7.5216 C=7.3910 HO=0.1306  A(t)=364
        57  ................  efefefefefefefefefefefefefefefef
        49  YYYYYYYYYYYYYYYY  59595959595959595959595959595959
        40  ................  d8d8d8d8d8d8d8d8d8d8d8d8d8d8d8d8
        40  ................  94949494949494949494949494949494
        39  UUUUUUUUUUUUUUUU  55555555555555555555555555555555
        32  tttttttttttttttt  74747474747474747474747474747474
        16  ................  2e2e2e2e2e2e2e2e2e2e2e2e2e2e2e2e
        15  }}}}}}}}}}}}}}}}  7d7d7d7d7d7d7d7d7d7d7d7d7d7d7d7d
        14  ________________  5f5f5f5f5f5f5f5f5f5f5f5f5f5f5f5f
        13  ................  f6f6f6f6f6f6f6f6f6f6f6f6f6f6f6f6
# epoch 8720  H=7.5111 C=7.3712 HO=0.1399  A(t)=364
       108  }}}}}}}}}}}}}}}}  7d7d7d7d7d7d7d7d7d7d7d7d7d7d7d7d
        57  ................  efefefefefefefefefefefefefefefef
        41  YYYYYYYYYYYYYYYY  59595959595959595959595959595959
        39  ................  d8d8d8d8d8d8d8d8d8d8d8d8d8d8d8d8
        39  UUUUUUUUUUUUUUUU  55555555555555555555555555555555
        30  ................  94949494949494949494949494949494
        22  tttttttttttttttt  74747474747474747474747474747474
        16  ................  2e2e2e2e2e2e2e2e2e2e2e2e2e2e2e2e
        13  ................  f6f6f6f6f6f6f6f6f6f6f6f6f6f6f6f6
        11  jjjjjjjjjjjjjjjj  6a6a6a6a6a6a6a6a6a6a6a6a6a6a6a6a
# epoch 8740  H=7.5104 C=7.3613 HO=0.1491  A(t)=364
        95  }}}}}}}}}}}}}}}}  7d7d7d7d7d7d7d7d7d7d7d7d7d7d7d7d
        50  ................  efefefefefefefefefefefefefefefef
        49  ]]]]]]]]]]]]]]]]  5d5d5d5d5d5d5d5d5d5d5d5d5d5d5d5d
        47  CCCCCCCCCCCCCCCC  43434343434343434343434343434343
        41  YYYYYYYYYYYYYYYY  59595959595959595959595959595959
        39  ................  d8d8d8d8d8d8d8d8d8d8d8d8d8d8d8d8
        39  UUUUUUUUUUUUUUUU  55555555555555555555555555555555
        30  ................  94949494949494949494949494949494
        22  tttttttttttttttt  74747474747474747474747474747474
        19  ----------------  2d2d2d2d2d2d2d2d2d2d2d2d2d2d2d2d
# epoch 8760  H=7.5126 C=7.3651 HO=0.1475  A(t)=364
        80  }}}}}}}}}}}}}}}}  7d7d7d7d7d7d7d7d7d7d7d7d7d7d7d7d
        44  ]]]]]]]]]]]]]]]]  5d5d5d5d5d5d5d5d5d5d5d5d5d5d5d5d
        41  ................  efefefefefefefefefefefefefefefef
        41  9999999999999999  39393939393939393939393939393939
        39  ................  d8d8d8d8d8d8d8d8d8d8d8d8d8d8d8d8
        39  YYYYYYYYYYYYYYYY  59595959595959595959595959595959
        34  CCCCCCCCCCCCCCCC  43434343434343434343434343434343
        23  UUUUUUUUUUUUUUUU  55555555555555555555555555555555
        22  tttttttttttttttt  74747474747474747474747474747474
        14  ................  94949494949494949494949494949494
# epoch 8780  H=7.5095 C=7.3682 HO=0.1413  A(t)=364
        63  }}}}}}}}}}}}}}}}  7d7d7d7d7d7d7d7d7d7d7d7d7d7d7d7d
        44  xxxxxxxxxxxxxxxx  78787878787878787878787878787878
        43  ]]]]]]]]]]]]]]]]  5d5d5d5d5d5d5d5d5d5d5d5d5d5d5d5d
        41  9999999999999999  39393939393939393939393939393939
        34  CCCCCCCCCCCCCCCC  43434343434343434343434343434343
        31  ................  d8d8d8d8d8d8d8d8d8d8d8d8d8d8d8d8
        30  YYYYYYYYYYYYYYYY  59595959595959595959595959595959
        28  ................  efefefefefefefefefefefefefefefef
        18  UUUUUUUUUUUUUUUU  55555555555555555555555555555555
        14  ................  94949494949494949494949494949494
# epoch 8800  H=7.5140 C=7.3707 HO=0.1432  A(t)=364
        58  }}}}}}}}}}}}}}}}  7d7d7d7d7d7d7d7d7d7d7d7d7d7d7d7d
        43  xxxxxxxxxxxxxxxx  78787878787878787878787878787878
        38  9999999999999999  39393939393939393939393939393939
        31  ................  d8d8d8d8d8d8d8d8d8d8d8d8d8d8d8d8
        28  ................  efefefefefefefefefefefefefefefef
        28  YYYYYYYYYYYYYYYY  59595959595959595959595959595959
        24  CCCCCCCCCCCCCCCC  43434343434343434343434343434343
        22  ]]]]]]]]]]]]]]]]  5d5d5d5d5d5d5d5d5d5d5d5d5d5d5d5d
        18  UUUUUUUUUUUUUUUU  55555555555555555555555555555555
        14  ................  2e2e2e2e2e2e2e2e2e2e2e2e2e2e2e2e
# epoch 8820  H=7.5069 C=7.3733 HO=0.1336  A(t)=364
        49  }}}}}}}}}}}}}}}}  7d7d7d7d7d7d7d7d7d7d7d7d7d7d7d7d
        43  xxxxxxxxxxxxxxxx  78787878787878787878787878787878
        38  9999999999999999  39393939393939393939393939393939
        31  ................  d8d8d8d8d8d8d8d8d8d8d8d8d8d8d8d8
        29  YYYYYYYYYYYYYYYY  59595959595959595959595959595959
        24  ................  efefefefefefefefefefefefefefefef
        24  CCCCCCCCCCCCCCCC  43434343434343434343434343434343
        22  ]]]]]]]]]]]]]]]]  5d5d5d5d5d5d5d5d5d5d5d5d5d5d5d5d
        18  UUUUUUUUUUUUUUUU  55555555555555555555555555555555
        11  jjjjjjjjjjjjjjjj  6a6a6a6a6a6a6a6a6a6a6a6a6a6a6a6a
# epoch 8840  H=7.4988 C=7.3622 HO=0.1366  A(t)=364
        50  }}}}}}}}}}}}}}}}  7d7d7d7d7d7d7d7d7d7d7d7d7d7d7d7d
        44  <<<<<<<<<<<<<<<<  3c3c3c3c3c3c3c3c3c3c3c3c3c3c3c3c
        40  xxxxxxxxxxxxxxxx  78787878787878787878787878787878
        37  ................  f6f6f6f6f6f6f6f6f6f6f6f6f6f6f6f6
        36  9999999999999999  39393939393939393939393939393939
        25  YYYYYYYYYYYYYYYY  59595959595959595959595959595959
        24  ................  efefefefefefefefefefefefefefefef
        24  CCCCCCCCCCCCCCCC  43434343434343434343434343434343
        18  UUUUUUUUUUUUUUUU  55555555555555555555555555555555
        17  ****************  2a2a2a2a2a2a2a2a2a2a2a2a2a2a2a2a
# epoch 8860  H=7.5002 C=7.3687 HO=0.1316  A(t)=364
        54  }}}}}}}}}}}}}}}}  7d7d7d7d7d7d7d7d7d7d7d7d7d7d7d7d
        43  <<<<<<<<<<<<<<<<  3c3c3c3c3c3c3c3c3c3c3c3c3c3c3c3c
        31  ................  f6f6f6f6f6f6f6f6f6f6f6f6f6f6f6f6
        25  YYYYYYYYYYYYYYYY  59595959595959595959595959595959
        24  CCCCCCCCCCCCCCCC  43434343434343434343434343434343
        23  xxxxxxxxxxxxxxxx  78787878787878787878787878787878
        20  9999999999999999  39393939393939393939393939393939
        18  ................  efefefefefefefefefefefefefefefef
        18  UUUUUUUUUUUUUUUU  55555555555555555555555555555555
        15  ****************  2a2a2a2a2a2a2a2a2a2a2a2a2a2a2a2a
# epoch 8880  H=7.4964 C=7.3606 HO=0.1358  A(t)=364
        45  ''''''''''''''''  27272727272727272727272727272727
        39  }}}}}}}}}}}}}}}}  7d7d7d7d7d7d7d7d7d7d7d7d7d7d7d7d
        32  ................  f6f6f6f6f6f6f6f6f6f6f6f6f6f6f6f6
        31  ))))))))))))))))  29292929292929292929292929292929
        29  ::::::::::::::::  3a3a3a3a3a3a3a3a3a3a3a3a3a3a3a3a
        25  YYYYYYYYYYYYYYYY  59595959595959595959595959595959
        24  CCCCCCCCCCCCCCCC  43434343434343434343434343434343
        20  9999999999999999  39393939393939393939393939393939
        18  ................  efefefefefefefefefefefefefefefef
        17  UUUUUUUUUUUUUUUU  55555555555555555555555555555555
# epoch 8900  H=7.5046 C=7.3734 HO=0.1312  A(t)=364
        35  ''''''''''''''''  27272727272727272727272727272727
        31  ................  f6f6f6f6f6f6f6f6f6f6f6f6f6f6f6f6
        29  }}}}}}}}}}}}}}}}  7d7d7d7d7d7d7d7d7d7d7d7d7d7d7d7d
        29  ::::::::::::::::  3a3a3a3a3a3a3a3a3a3a3a3a3a3a3a3a
        24  CCCCCCCCCCCCCCCC  43434343434343434343434343434343
        24  ))))))))))))))))  29292929292929292929292929292929
        18  ................  efefefefefefefefefefefefefefefef
        14  9999999999999999  39393939393939393939393939393939
        13  <<<<<<<<<<<<<<<<  3c3c3c3c3c3c3c3c3c3c3c3c3c3c3c3c
        11  ................  d8d8d8d8d8d8d8d8d8d8d8d8d8d8d8d8
# epoch 8920  H=7.5101 C=7.3699 HO=0.1402  A(t)=364
        84  ''''''''''''''''  27272727272727272727272727272727
        57  ................  c4c4c4c4c4c4c4c4c4c4c4c4c4c4c4c4
        26  }}}}}}}}}}}}}}}}  7d7d7d7d7d7d7d7d7d7d7d7d7d7d7d7d
        24  ................  f6f6f6f6f6f6f6f6f6f6f6f6f6f6f6f6
        24  CCCCCCCCCCCCCCCC  43434343434343434343434343434343
        22  ))))))))))))))))  29292929292929292929292929292929
        18  ................  efefefefefefefefefefefefefefefef
        17  ................  c5c5c5c5c5c5c5c5c5c5c5c5c5c5c5c5
        14  9999999999999999  39393939393939393939393939393939
        11  jjjjjjjjjjjjjjjj  6a6a6a6a6a6a6a6a6a6a6a6a6a6a6a6a
# epoch 8940  H=7.5110 C=7.3644 HO=0.1466  A(t)=364
        79  ''''''''''''''''  27272727272727272727272727272727
        57  ................  c4c4c4c4c4c4c4c4c4c4c4c4c4c4c4c4
        34  }}}}}}}}}}}}}}}}  7d7d7d7d7d7d7d7d7d7d7d7d7d7d7d7d
        32  [[[[[[[[[[[[[[[[  5b5b5b5b5b5b5b5b5b5b5b5b5b5b5b5b
        25  ((((((((((((((((  28282828282828282828282828282828
        24  ................  f6f6f6f6f6f6f6f6f6f6f6f6f6f6f6f6
        22  ))))))))))))))))  29292929292929292929292929292929
        18  ................  efefefefefefefefefefefefefefefef
        14  ................  c5c5c5c5c5c5c5c5c5c5c5c5c5c5c5c5
        11  jjjjjjjjjjjjjjjj  6a6a6a6a6a6a6a6a6a6a6a6a6a6a6a6a
# epoch 8960  H=7.5164 C=7.3687 HO=0.1478  A(t)=364
        57  ................  c4c4c4c4c4c4c4c4c4c4c4c4c4c4c4c4
        47  ''''''''''''''''  27272727272727272727272727272727
        45  cccccccccccccccc  63636363636363636363636363636363
        27  }}}}}}}}}}}}}}}}  7d7d7d7d7d7d7d7d7d7d7d7d7d7d7d7d
        25  ((((((((((((((((  28282828282828282828282828282828
        23  ................  f6f6f6f6f6f6f6f6f6f6f6f6f6f6f6f6
        22  ))))))))))))))))  29292929292929292929292929292929
        18  ................  efefefefefefefefefefefefefefefef
        16  [[[[[[[[[[[[[[[[  5b5b5b5b5b5b5b5b5b5b5b5b5b5b5b5b
        14  ................  c5c5c5c5c5c5c5c5c5c5c5c5c5c5c5c5
# epoch 8980  H=7.5227 C=7.3738 HO=0.1489  A(t)=364
        44  ''''''''''''''''  27272727272727272727272727272727
        43  cccccccccccccccc  63636363636363636363636363636363
        35  ................  c4c4c4c4c4c4c4c4c4c4c4c4c4c4c4c4
        23  ................  f6f6f6f6f6f6f6f6f6f6f6f6f6f6f6f6
        22  ))))))))))))))))  29292929292929292929292929292929
        19  ((((((((((((((((  28282828282828282828282828282828
        16  [[[[[[[[[[[[[[[[  5b5b5b5b5b5b5b5b5b5b5b5b5b5b5b5b
        15  }}}}}}}}}}}}}}}}  7d7d7d7d7d7d7d7d7d7d7d7d7d7d7d7d
        14  ................  efefefefefefefefefefefefefefefef
        14  ................  c5c5c5c5c5c5c5c5c5c5c5c5c5c5c5c5
# epoch 9000  H=7.5214 C=7.3708 HO=0.1505  A(t)=364
        41  ================  3d3d3d3d3d3d3d3d3d3d3d3d3d3d3d3d
        41  ''''''''''''''''  27272727272727272727272727272727
        35  ................  c4c4c4c4c4c4c4c4c4c4c4c4c4c4c4c4
        35  cccccccccccccccc  63636363636363636363636363636363
        23  ................  f6f6f6f6f6f6f6f6f6f6f6f6f6f6f6f6
        20  ))))))))))))))))  29292929292929292929292929292929
        19  ((((((((((((((((  28282828282828282828282828282828
        16  [[[[[[[[[[[[[[[[  5b5b5b5b5b5b5b5b5b5b5b5b5b5b5b5b
        14  ................  c5c5c5c5c5c5c5c5c5c5c5c5c5c5c5c5
        12  }}}}}}}}}}}}}}}}  7d7d7d7d7d7d7d7d7d7d7d7d7d7d7d7d
# epoch 9020  H=7.5254 C=7.3768 HO=0.1485  A(t)=364
        41  ''''''''''''''''  27272727272727272727272727272727
        35  cccccccccccccccc  63636363636363636363636363636363
        26  ................  c4c4c4c4c4c4c4c4c4c4c4c4c4c4c4c4
        25  ================  3d3d3d3d3d3d3d3d3d3d3d3d3d3d3d3d
        23  ................  f6f6f6f6f6f6f6f6f6f6f6f6f6f6f6f6
        20  ))))))))))))))))  29292929292929292929292929292929
        19  >>>>>>>>>>>>>>>>  3e3e3e3e3e3e3e3e3e3e3e3e3e3e3e3e
        19  ((((((((((((((((  28282828282828282828282828282828
        14  ................  c5c5c5c5c5c5c5c5c5c5c5c5c5c5c5c5
        14  [[[[[[[[[[[[[[[[  5b5b5b5b5b5b5b5b5b5b5b5b5b5b5b5b
# epoch 9040  H=7.5230 C=7.3802 HO=0.1427  A(t)=366
        38  ''''''''''''''''  27272727272727272727272727272727
        26  ................  c4c4c4c4c4c4c4c4c4c4c4c4c4c4c4c4
        20  ))))))))))))))))  29292929292929292929292929292929
        19  cccccccccccccccc  63636363636363636363636363636363
        19  ((((((((((((((((  28282828282828282828282828282828
        14  [[[[[[[[[[[[[[[[  5b5b5b5b5b5b5b5b5b5b5b5b5b5b5b5b
        12  }}}}}}}}}}}}}}}}  7d7d7d7d7d7d7d7d7d7d7d7d7d7d7d7d
        11  jjjjjjjjjjjjjjjj  6a6a6a6a6a6a6a6a6a6a6a6a6a6a6a6a
        10  ................  fdfdfdfdfdfdfdfdfdfdfdfdfdfdfdfd
        10  CCCCCCCCCCCCCCCC  43434343434343434343434343434343
# epoch 9060  H=7.5274 C=7.3916 HO=0.1358  A(t)=366
        26  ................  c4c4c4c4c4c4c4c4c4c4c4c4c4c4c4c4
        23  ''''''''''''''''  27272727272727272727272727272727
        19  ((((((((((((((((  28282828282828282828282828282828
        17  cccccccccccccccc  63636363636363636363636363636363
        16  >>>>>>>>>>>>>>>>  3e3e3e3e3e3e3e3e3e3e3e3e3e3e3e3e
        16  ))))))))))))))))  29292929292929292929292929292929
        14  [[[[[[[[[[[[[[[[  5b5b5b5b5b5b5b5b5b5b5b5b5b5b5b5b
        11  }}}}}}}}}}}}}}}}  7d7d7d7d7d7d7d7d7d7d7d7d7d7d7d7d
        10  ................  fdfdfdfdfdfdfdfdfdfdfdfdfdfdfdfd
        10  ................  2e2e2e2e2e2e2e2e2e2e2e2e2e2e2e2e
# epoch 9080  H=7.5281 C=7.3922 HO=0.1359  A(t)=366
        29  ================  3d3d3d3d3d3d3d3d3d3d3d3d3d3d3d3d
        26  ................  c4c4c4c4c4c4c4c4c4c4c4c4c4c4c4c4
        19  ((((((((((((((((  28282828282828282828282828282828
        17  cccccccccccccccc  63636363636363636363636363636363
        16  ))))))))))))))))  29292929292929292929292929292929
        14  [[[[[[[[[[[[[[[[  5b5b5b5b5b5b5b5b5b5b5b5b5b5b5b5b
        13  ''''''''''''''''  27272727272727272727272727272727
        10  ................  fdfdfdfdfdfdfdfdfdfdfdfdfdfdfdfd
        10  ................  2e2e2e2e2e2e2e2e2e2e2e2e2e2e2e2e
         8  }}}}}}}}}}}}}}}}  7d7d7d7d7d7d7d7d7d7d7d7d7d7d7d7d
# epoch 9100  H=7.5358 C=7.4052 HO=0.1307  A(t)=366
        26  ................  c4c4c4c4c4c4c4c4c4c4c4c4c4c4c4c4
        26  ================  3d3d3d3d3d3d3d3d3d3d3d3d3d3d3d3d
        19  ((((((((((((((((  28282828282828282828282828282828
        14  cccccccccccccccc  63636363636363636363636363636363
        14  [[[[[[[[[[[[[[[[  5b5b5b5b5b5b5b5b5b5b5b5b5b5b5b5b
        14  ))))))))))))))))  29292929292929292929292929292929
        13  ''''''''''''''''  27272727272727272727272727272727
        10  ................  fdfdfdfdfdfdfdfdfdfdfdfdfdfdfdfd
         7  ................  f6f6f6f6f6f6f6f6f6f6f6f6f6f6f6f6
         7  ................  94949494949494949494949494949494
# epoch 9120  H=7.5371 C=7.4176 HO=0.1195  A(t)=366
        27  ================  3d3d3d3d3d3d3d3d3d3d3d3d3d3d3d3d
        23  ................  c4c4c4c4c4c4c4c4c4c4c4c4c4c4c4c4
        19  ((((((((((((((((  28282828282828282828282828282828
        14  cccccccccccccccc  63636363636363636363636363636363
        14  [[[[[[[[[[[[[[[[  5b5b5b5b5b5b5b5b5b5b5b5b5b5b5b5b
        14  ))))))))))))))))  29292929292929292929292929292929
        10  ................  fdfdfdfdfdfdfdfdfdfdfdfdfdfdfdfd
         7  ................  f6f6f6f6f6f6f6f6f6f6f6f6f6f6f6f6
         7  ................  94949494949494949494949494949494
         6  ................  2e2e2e2e2e2e2e2e2e2e2e2e2e2e2e2e
# epoch 9140  H=7.5446 C=7.4319 HO=0.1127  A(t)=366
        23  ................  c4c4c4c4c4c4c4c4c4c4c4c4c4c4c4c4
        21  ================  3d3d3d3d3d3d3d3d3d3d3d3d3d3d3d3d
        14  cccccccccccccccc  63636363636363636363636363636363
        14  [[[[[[[[[[[[[[[[  5b5b5b5b5b5b5b5b5b5b5b5b5b5b5b5b
        14  ))))))))))))))))  29292929292929292929292929292929
        13  ((((((((((((((((  28282828282828282828282828282828
        10  ................  fdfdfdfdfdfdfdfdfdfdfdfdfdfdfdfd
         7  ................  f6f6f6f6f6f6f6f6f6f6f6f6f6f6f6f6
         7  ................  94949494949494949494949494949494
         6  ................  2e2e2e2e2e2e2e2e2e2e2e2e2e2e2e2e
# epoch 9160  H=7.5467 C=7.4386 HO=0.1081  A(t)=366
        23  ................  c4c4c4c4c4c4c4c4c4c4c4c4c4c4c4c4
        21  ================  3d3d3d3d3d3d3d3d3d3d3d3d3d3d3d3d
        14  [[[[[[[[[[[[[[[[  5b5b5b5b5b5b5b5b5b5b5b5b5b5b5b5b
        13  ((((((((((((((((  28282828282828282828282828282828
        11  ))))))))))))))))  29292929292929292929292929292929
        10  ................  fdfdfdfdfdfdfdfdfdfdfdfdfdfdfdfd
         7  ................  f6f6f6f6f6f6f6f6f6f6f6f6f6f6f6f6
         6  ................  2e2e2e2e2e2e2e2e2e2e2e2e2e2e2e2e
         5  9999999999999999  39393939393939393939393939393939
         5  ''''''''''''''''  27272727272727272727272727272727
# epoch 9180  H=7.5615 C=7.4396 HO=0.1219  A(t)=366
        44  ................  81818181818181818181818181818181
        42  7777777777777777  37373737373737373737373737373737
        23  ................  c4c4c4c4c4c4c4c4c4c4c4c4c4c4c4c4
        14  [[[[[[[[[[[[[[[[  5b5b5b5b5b5b5b5b5b5b5b5b5b5b5b5b
        13  ================  3d3d3d3d3d3d3d3d3d3d3d3d3d3d3d3d
        12  ((((((((((((((((  28282828282828282828282828282828
        11  ))))))))))))))))  29292929292929292929292929292929
        10  ................  fdfdfdfdfdfdfdfdfdfdfdfdfdfdfdfd
         7  ................  f6f6f6f6f6f6f6f6f6f6f6f6f6f6f6f6
         5  9999999999999999  39393939393939393939393939393939
# epoch 9200  H=7.5598 C=7.4456 HO=0.1143  A(t)=366
        32  7777777777777777  37373737373737373737373737373737
        23  ................  c4c4c4c4c4c4c4c4c4c4c4c4c4c4c4c4
        21  ................  81818181818181818181818181818181
        14  [[[[[[[[[[[[[[[[  5b5b5b5b5b5b5b5b5b5b5b5b5b5b5b5b
        12  ((((((((((((((((  28282828282828282828282828282828
        11  ))))))))))))))))  29292929292929292929292929292929
        10  ................  fdfdfdfdfdfdfdfdfdfdfdfdfdfdfdfd
         6  ================  3d3d3d3d3d3d3d3d3d3d3d3d3d3d3d3d
         4  .<.<.<.<.<.<.<.<  fc3cfc3cfc3cfc3cfc3cfc3cfc3cfc3c
         4  ................  f6f6f6f6f6f6f6f6f6f6f6f6f6f6f6f6
# epoch 9220  H=7.5547 C=7.4274 HO=0.1273  A(t)=366
        76  ''''''''''''''''  27272727272727272727272727272727
        49  ................  0c0c0c0c0c0c0c0c0c0c0c0c0c0c0c0c
        46  ................  e3e3e3e3e3e3e3e3e3e3e3e3e3e3e3e3
        32  7777777777777777  37373737373737373737373737373737
        23  ................  c4c4c4c4c4c4c4c4c4c4c4c4c4c4c4c4
        14  [[[[[[[[[[[[[[[[  5b5b5b5b5b5b5b5b5b5b5b5b5b5b5b5b
        12  ((((((((((((((((  28282828282828282828282828282828
        11  ))))))))))))))))  29292929292929292929292929292929
        10  ................  fdfdfdfdfdfdfdfdfdfdfdfdfdfdfdfd
         6  ................  81818181818181818181818181818181
# epoch 9240  H=7.5550 C=7.4216 HO=0.1334  A(t)=366
        57  ''''''''''''''''  27272727272727272727272727272727
        44  ................  09090909090909090909090909090909
        44  ................  08080808080808080808080808080808
        41  ................  e3e3e3e3e3e3e3e3e3e3e3e3e3e3e3e3
        31  7777777777777777  37373737373737373737373737373737
        14  [[[[[[[[[[[[[[[[  5b5b5b5b5b5b5b5b5b5b5b5b5b5b5b5b
        13  ................  c4c4c4c4c4c4c4c4c4c4c4c4c4c4c4c4
        12  ((((((((((((((((  28282828282828282828282828282828
        12  ................  0c0c0c0c0c0c0c0c0c0c0c0c0c0c0c0c
        11  ))))))))))))))))  29292929292929292929292929292929
# epoch 9260  H=7.5539 C=7.4070 HO=0.1469  A(t)=366
        44  9999999999999999  39393939393939393939393939393939
        43  ................  09090909090909090909090909090909
        42  NNNNNNNNNNNNNNNN  4e4e4e4e4e4e4e4e4e4e4e4e4e4e4e4e
        42  ''''''''''''''''  27272727272727272727272727272727
        40  ................  e3e3e3e3e3e3e3e3e3e3e3e3e3e3e3e3
        30  7777777777777777  37373737373737373737373737373737
        29  ((((((((((((((((  28282828282828282828282828282828
        19  ................  08080808080808080808080808080808
        14  [[[[[[[[[[[[[[[[  5b5b5b5b5b5b5b5b5b5b5b5b5b5b5b5b
        13  ................  c4c4c4c4c4c4c4c4c4c4c4c4c4c4c4c4
# epoch 9280  H=7.5540 C=7.3954 HO=0.1587  A(t)=366
        89  ))))))))))))))))  29292929292929292929292929292929
        68  ((((((((((((((((  28282828282828282828282828282828
        44  ................  d0d0d0d0d0d0d0d0d0d0d0d0d0d0d0d0
        42  ................  09090909090909090909090909090909
        36  ''''''''''''''''  27272727272727272727272727272727
        31  ................  e3e3e3e3e3e3e3e3e3e3e3e3e3e3e3e3
        30  7777777777777777  37373737373737373737373737373737
        29  NNNNNNNNNNNNNNNN  4e4e4e4e4e4e4e4e4e4e4e4e4e4e4e4e
        28  9999999999999999  39393939393939393939393939393939
        19  ................  08080808080808080808080808080808
# epoch 9300  H=7.5439 C=7.3893 HO=0.1546  A(t)=366
       107  ((((((((((((((((  28282828282828282828282828282828
        77  ))))))))))))))))  29292929292929292929292929292929
        43  <<<<<<<<<<<<<<<<  3c3c3c3c3c3c3c3c3c3c3c3c3c3c3c3c
        42  ................  d0d0d0d0d0d0d0d0d0d0d0d0d0d0d0d0
        41  ................  09090909090909090909090909090909
        34  ''''''''''''''''  27272727272727272727272727272727
        31  ................  e3e3e3e3e3e3e3e3e3e3e3e3e3e3e3e3
        30  7777777777777777  37373737373737373737373737373737
        29  NNNNNNNNNNNNNNNN  4e4e4e4e4e4e4e4e4e4e4e4e4e4e4e4e
        23  9999999999999999  39393939393939393939393939393939
# epoch 9320  H=7.5426 C=7.3922 HO=0.1504  A(t)=366
        77  ))))))))))))))))  29292929292929292929292929292929
        71  <<<<<<<<<<<<<<<<  3c3c3c3c3c3c3c3c3c3c3c3c3c3c3c3c
        70  ((((((((((((((((  28282828282828282828282828282828
        46  ,,,,,,,,,,,,,,,,  2c2c2c2c2c2c2c2c2c2c2c2c2c2c2c2c
        42  ................  d0d0d0d0d0d0d0d0d0d0d0d0d0d0d0d0
        37  ................  09090909090909090909090909090909
        29  NNNNNNNNNNNNNNNN  4e4e4e4e4e4e4e4e4e4e4e4e4e4e4e4e
        28  ................  e3e3e3e3e3e3e3e3e3e3e3e3e3e3e3e3
        28  7777777777777777  37373737373737373737373737373737
        22  9999999999999999  39393939393939393939393939393939
# epoch 9340  H=7.5523 C=7.3887 HO=0.1637  A(t)=366
        68  ))))))))))))))))  29292929292929292929292929292929
        60  ((((((((((((((((  28282828282828282828282828282828
        54  <<<<<<<<<<<<<<<<  3c3c3c3c3c3c3c3c3c3c3c3c3c3c3c3c
        49  ................  a9a9a9a9a9a9a9a9a9a9a9a9a9a9a9a9
        44  ................  fbfbfbfbfbfbfbfbfbfbfbfbfbfbfbfb
        40  ................  d0d0d0d0d0d0d0d0d0d0d0d0d0d0d0d0
        40  ,,,,,,,,,,,,,,,,  2c2c2c2c2c2c2c2c2c2c2c2c2c2c2c2c
        34  ................  09090909090909090909090909090909
        29  NNNNNNNNNNNNNNNN  4e4e4e4e4e4e4e4e4e4e4e4e4e4e4e4e
        28  ................  e3e3e3e3e3e3e3e3e3e3e3e3e3e3e3e3
# epoch 9360  H=7.5520 C=7.3976 HO=0.1544  A(t)=366
        68  ))))))))))))))))  29292929292929292929292929292929
        56  ((((((((((((((((  28282828282828282828282828282828
        42  ................  a9a9a9a9a9a9a9a9a9a9a9a9a9a9a9a9
        40  ................  d0d0d0d0d0d0d0d0d0d0d0d0d0d0d0d0
        38  ................  fbfbfbfbfbfbfbfbfbfbfbfbfbfbfbfb
        38  ,,,,,,,,,,,,,,,,  2c2c2c2c2c2c2c2c2c2c2c2c2c2c2c2c
        28  7777777777777777  37373737373737373737373737373737
        27  ................  e3e3e3e3e3e3e3e3e3e3e3e3e3e3e3e3
        24  NNNNNNNNNNNNNNNN  4e4e4e4e4e4e4e4e4e4e4e4e4e4e4e4e
        21  <<<<<<<<<<<<<<<<  3c3c3c3c3c3c3c3c3c3c3c3c3c3c3c3c
# epoch 9380  H=7.5567 C=7.3965 HO=0.1602  A(t)=366
        56  ((((((((((((((((  28282828282828282828282828282828
        53  <<<<<<<<<<<<<<<<  3c3c3c3c3c3c3c3c3c3c3c3c3c3c3c3c
        50  ))))))))))))))))  29292929292929292929292929292929
        42  ................  a9a9a9a9a9a9a9a9a9a9a9a9a9a9a9a9
        40  ................  d0d0d0d0d0d0d0d0d0d0d0d0d0d0d0d0
        38  ................  fbfbfbfbfbfbfbfbfbfbfbfbfbfbfbfb
        38  ,,,,,,,,,,,,,,,,  2c2c2c2c2c2c2c2c2c2c2c2c2c2c2c2c
        28  @@@@@@@@@@@@@@@@  40404040404040404040404040404040
        28  7777777777777777  37373737373737373737373737373737
        27  ................  e3e3e3e3e3e3e3e3e3e3e3e3e3e3e3e3
# epoch 9400  H=7.5551 C=7.4017 HO=0.1533  A(t)=366
        56  ((((((((((((((((  28282828282828282828282828282828
        53  <<<<<<<<<<<<<<<<  3c3c3c3c3c3c3c3c3c3c3c3c3c3c3c3c
        45  ))))))))))))))))  29292929292929292929292929292929
        40  ................  d0d0d0d0d0d0d0d0d0d0d0d0d0d0d0d0
        38  ,,,,,,,,,,,,,,,,  2c2c2c2c2c2c2c2c2c2c2c2c2c2c2c2c
        28  7777777777777777  37373737373737373737373737373737
        27  ................  e3e3e3e3e3e3e3e3e3e3e3e3e3e3e3e3
        25  ................  8b8b8b8b8b8b8b8b8b8b8b8b8b8b8b8b
        24  NNNNNNNNNNNNNNNN  4e4e4e4e4e4e4e4e4e4e4e4e4e4e4e4e
        23  ................  a9a9a9a9a9a9a9a9a9a9a9a9a9a9a9a9
# epoch 9420  H=7.5662 C=7.4137 HO=0.1525  A(t)=366
        99  <<<<<<<<<<<<<<<<  3c3c3c3c3c3c3c3c3c3c3c3c3c3c3c3c
        56  ,,,,,,,,,,,,,,,,  2c2c2c2c2c2c2c2c2c2c2c2c2c2c2c2c
        53  ((((((((((((((((  28282828282828282828282828282828
        30  ))))))))))))))))  29292929292929292929292929292929
        25  ................  e3e3e3e3e3e3e3e3e3e3e3e3e3e3e3e3
        24  NNNNNNNNNNNNNNNN  4e4e4e4e4e4e4e4e4e4e4e4e4e4e4e4e
        24  7777777777777777  37373737373737373737373737373737
        23  ................  a9a9a9a9a9a9a9a9a9a9a9a9a9a9a9a9
        21  ................  fbfbfbfbfbfbfbfbfbfbfbfbfbfbfbfb
        16  9999999999999999  39393939393939393939393939393939
# epoch 9440  H=7.5711 C=7.4222 HO=0.1489  A(t)=366
        79  <<<<<<<<<<<<<<<<  3c3c3c3c3c3c3c3c3c3c3c3c3c3c3c3c
        56  ,,,,,,,,,,,,,,,,  2c2c2c2c2c2c2c2c2c2c2c2c2c2c2c2c
        53  ((((((((((((((((  28282828282828282828282828282828
        27  ))))))))))))))))  29292929292929292929292929292929
        25  ................  e3e3e3e3e3e3e3e3e3e3e3e3e3e3e3e3
        24  7777777777777777  37373737373737373737373737373737
        23  ................  a9a9a9a9a9a9a9a9a9a9a9a9a9a9a9a9
        21  ................  fbfbfbfbfbfbfbfbfbfbfbfbfbfbfbfb
        20  NNNNNNNNNNNNNNNN  4e4e4e4e4e4e4e4e4e4e4e4e4e4e4e4e
        16  9999999999999999  39393939393939393939393939393939
# epoch 9460  H=7.5652 C=7.4159 HO=0.1493  A(t)=366
        77  <<<<<<<<<<<<<<<<  3c3c3c3c3c3c3c3c3c3c3c3c3c3c3c3c
        51  ((((((((((((((((  28282828282828282828282828282828
        39  ,,,,,,,,,,,,,,,,  2c2c2c2c2c2c2c2c2c2c2c2c2c2c2c2c
        27  ))))))))))))))))  29292929292929292929292929292929
        25  ................  e3e3e3e3e3e3e3e3e3e3e3e3e3e3e3e3
        23  ................  a9a9a9a9a9a9a9a9a9a9a9a9a9a9a9a9
        20  NNNNNNNNNNNNNNNN  4e4e4e4e4e4e4e4e4e4e4e4e4e4e4e4e
        19  7777777777777777  37373737373737373737373737373737
        17  ................  fbfbfbfbfbfbfbfbfbfbfbfbfbfbfbfb
        15  ................  94949494949494949494949494949494
# epoch 9480  H=7.5713 C=7.4148 HO=0.1565  A(t)=366
        73  <<<<<<<<<<<<<<<<  3c3c3c3c3c3c3c3c3c3c3c3c3c3c3c3c
        46  ((((((((((((((((  28282828282828282828282828282828
        29  ,,,,,,,,,,,,,,,,  2c2c2c2c2c2c2c2c2c2c2c2c2c2c2c2c
        27  ))))))))))))))))  29292929292929292929292929292929
        26  ................  06060606060606060606060606060606
        25  ................  e3e3e3e3e3e3e3e3e3e3e3e3e3e3e3e3
        23  ................  a9a9a9a9a9a9a9a9a9a9a9a9a9a9a9a9
        20  NNNNNNNNNNNNNNNN  4e4e4e4e4e4e4e4e4e4e4e4e4e4e4e4e
        17  ................  fbfbfbfbfbfbfbfbfbfbfbfbfbfbfbfb
        15  ................  94949494949494949494949494949494
# epoch 9500  H=7.5757 C=7.4292 HO=0.1465  A(t)=366
        58  <<<<<<<<<<<<<<<<  3c3c3c3c3c3c3c3c3c3c3c3c3c3c3c3c
        46  ((((((((((((((((  28282828282828282828282828282828
        40  >>>>>>>>>>>>>>>>  3e3e3e3e3e3e3e3e3e3e3e3e3e3e3e3e
        27  ))))))))))))))))  29292929292929292929292929292929
        25  ................  e3e3e3e3e3e3e3e3e3e3e3e3e3e3e3e3
        25  ................  06060606060606060606060606060606
        23  ................  a9a9a9a9a9a9a9a9a9a9a9a9a9a9a9a9
        23  ,,,,,,,,,,,,,,,,  2c2c2c2c2c2c2c2c2c2c2c2c2c2c2c2c
        20  NNNNNNNNNNNNNNNN  4e4e4e4e4e4e4e4e4e4e4e4e4e4e4e4e
        17  ................  fbfbfbfbfbfbfbfbfbfbfbfbfbfbfbfb
# epoch 9520  H=7.5821 C=7.4238 HO=0.1583  A(t)=366
        91  ................  18181818181818181818181818181818
        42  ................  abababababababababababababababab
        39  <<<<<<<<<<<<<<<<  3c3c3c3c3c3c3c3c3c3c3c3c3c3c3c3c
        36  >>>>>>>>>>>>>>>>  3e3e3e3e3e3e3e3e3e3e3e3e3e3e3e3e
        33  ((((((((((((((((  28282828282828282828282828282828
        25  ................  e3e3e3e3e3e3e3e3e3e3e3e3e3e3e3e3
        24  ................  06060606060606060606060606060606
        23  ................  a9a9a9a9a9a9a9a9a9a9a9a9a9a9a9a9
        20  NNNNNNNNNNNNNNNN  4e4e4e4e4e4e4e4e4e4e4e4e4e4e4e4e
        15  ................  94949494949494949494949494949494
# epoch 9540  H=7.5751 C=7.4231 HO=0.1520  A(t)=366
        92  ................  18181818181818181818181818181818
        39  ................  abababababababababababababababab
        38  <<<<<<<<<<<<<<<<  3c3c3c3c3c3c3c3c3c3c3c3c3c3c3c3c
        33  ((((((((((((((((  28282828282828282828282828282828
        25  ................  e3e3e3e3e3e3e3e3e3e3e3e3e3e3e3e3
        24  ................  06060606060606060606060606060606
        23  ................  a9a9a9a9a9a9a9a9a9a9a9a9a9a9a9a9
        23  >>>>>>>>>>>>>>>>  3e3e3e3e3e3e3e3e3e3e3e3e3e3e3e3e
        18  }}}}}}}}}}}}}}}}  7d7d7d7d7d7d7d7d7d7d7d7d7d7d7d7d
        15  ................  94949494949494949494949494949494
# epoch 9560  H=7.5751 C=7.4202 HO=0.1549  A(t)=366
        72  ................  18181818181818181818181818181818
        41  zzzzzzzzzzzzzzzz  7a7a7a7a7a7a7a7a7a7a7a7a7a7a7a7a
        39  ................  abababababababababababababababab
        33  ((((((((((((((((  28282828282828282828282828282828
        25  ................  e3e3e3e3e3e3e3e3e3e3e3e3e3e3e3e3
        23  ................  a9a9a9a9a9a9a9a9a9a9a9a9a9a9a9a9
        20  }}}}}}}}}}}}}}}}  7d7d7d7d7d7d7d7d7d7d7d7d7d7d7d7d
        20  <<<<<<<<<<<<<<<<  3c3c3c3c3c3c3c3c3c3c3c3c3c3c3c3c
        17  ................  06060606060606060606060606060606
        15  ................  94949494949494949494949494949494
# epoch 9580  H=7.5879 C=7.4265 HO=0.1614  A(t)=366
        71  ................  18181818181818181818181818181818
        41  AAAAAAAAAAAAAAAA  41414141414141414141414141414141
        38  zzzzzzzzzzzzzzzz  7a7a7a7a7a7a7a7a7a7a7a7a7a7a7a7a
        29  ((((((((((((((((  28282828282828282828282828282828
        27  ................  abababababababababababababababab
        25  ................  e3e3e3e3e3e3e3e3e3e3e3e3e3e3e3e3
        24  }}}}}}}}}}}}}}}}  7d7d7d7d7d7d7d7d7d7d7d7d7d7d7d7d
        23  ................  a9a9a9a9a9a9a9a9a9a9a9a9a9a9a9a9
        22  ................  96969696969696969696969696969696
        20  <<<<<<<<<<<<<<<<  3c3c3c3c3c3c3c3c3c3c3c3c3c3c3c3c
# epoch 9600  H=7.5831 C=7.4277 HO=0.1554  A(t)=366
        66  ................  18181818181818181818181818181818
        29  ((((((((((((((((  28282828282828282828282828282828
        27  ................  abababababababababababababababab
        27  }}}}}}}}}}}}}}}}  7d7d7d7d7d7d7d7d7d7d7d7d7d7d7d7d
        25  ................  e3e3e3e3e3e3e3e3e3e3e3e3e3e3e3e3
        25  AAAAAAAAAAAAAAAA  41414141414141414141414141414141
        23  ................  a9a9a9a9a9a9a9a9a9a9a9a9a9a9a9a9
        20  zzzzzzzzzzzzzzzz  7a7a7a7a7a7a7a7a7a7a7a7a7a7a7a7a
        17  ................  06060606060606060606060606060606
        16  ................  96969696969696969696969696969696
# epoch 9620  H=7.5881 C=7.4354 HO=0.1527  A(t)=366
        66  ................  18181818181818181818181818181818
        40  UUUUUUUUUUUUUUUU  55555555555555555555555555555555
        24  }}}}}}}}}}}}}}}}  7d7d7d7d7d7d7d7d7d7d7d7d7d7d7d7d
        23  ................  a9a9a9a9a9a9a9a9a9a9a9a9a9a9a9a9
        23  AAAAAAAAAAAAAAAA  41414141414141414141414141414141
        20  zzzzzzzzzzzzzzzz  7a7a7a7a7a7a7a7a7a7a7a7a7a7a7a7a
        17  ................  e3e3e3e3e3e3e3e3e3e3e3e3e3e3e3e3
        17  ................  06060606060606060606060606060606
        16  ................  abababababababababababababababab
        16  ................  96969696969696969696969696969696
# epoch 9640  H=7.5907 C=7.4219 HO=0.1688  A(t)=366
        56  ................  18181818181818181818181818181818
        46  ................  adadadadadadadadadadadadadadadad
        40  UUUUUUUUUUUUUUUU  55555555555555555555555555555555
        38  ................  f2f2f2f2f2f2f2f2f2f2f2f2f2f2f2f2
        38  mmmmmmmmmmmmmmmm  6d6d6d6d6d6d6d6d6d6d6d6d6d6d6d6d
        23  ................  a9a9a9a9a9a9a9a9a9a9a9a9a9a9a9a9
        23  AAAAAAAAAAAAAAAA  41414141414141414141414141414141
        20  zzzzzzzzzzzzzzzz  7a7a7a7a7a7a7a7a7a7a7a7a7a7a7a7a
        19  }}}}}}}}}}}}}}}}  7d7d7d7d7d7d7d7d7d7d7d7d7d7d7d7d
        18  ................  0d0d0d0d0d0d0d0d0d0d0d0d0d0d0d0d
# epoch 9660  H=7.5882 C=7.4087 HO=0.1795  A(t)=366
        56  ................  18181818181818181818181818181818
        49  ,,,,,,,,,,,,,,,,  2c2c2c2c2c2c2c2c2c2c2c2c2c2c2c2c
        42  ................  adadadadadadadadadadadadadadadad
        40  UUUUUUUUUUUUUUUU  55555555555555555555555555555555
        38  ................  05050505050505050505050505050505
        37  mmmmmmmmmmmmmmmm  6d6d6d6d6d6d6d6d6d6d6d6d6d6d6d6d
        33  ................  f2f2f2f2f2f2f2f2f2f2f2f2f2f2f2f2
        23  ................  a9a9a9a9a9a9a9a9a9a9a9a9a9a9a9a9
        20  zzzzzzzzzzzzzzzz  7a7a7a7a7a7a7a7a7a7a7a7a7a7a7a7a
        17  ................  e3e3e3e3e3e3e3e3e3e3e3e3e3e3e3e3
# epoch 9680  H=7.5888 C=7.3927 HO=0.1961  A(t)=366
        60  ................  96969696969696969696969696969696
        48  [[[[[[[[[[[[[[[[  5b5b5b5b5b5b5b5b5b5b5b5b5b5b5b5b
        45  ................  18181818181818181818181818181818
        44  ,,,,,,,,,,,,,,,,  2c2c2c2c2c2c2c2c2c2c2c2c2c2c2c2c
        41  ................  adadadadadadadadadadadadadadadad
        40  UUUUUUUUUUUUUUUU  55555555555555555555555555555555
        37  ................  05050505050505050505050505050505
        36  mmmmmmmmmmmmmmmm  6d6d6d6d6d6d6d6d6d6d6d6d6d6d6d6d
        33  ................  f2f2f2f2f2f2f2f2f2f2f2f2f2f2f2f2
        23  ................  a9a9a9a9a9a9a9a9a9a9a9a9a9a9a9a9
# epoch 9700  H=7.5846 C=7.3899 HO=0.1947  A(t)=366
        78  [[[[[[[[[[[[[[[[  5b5b5b5b5b5b5b5b5b5b5b5b5b5b5b5b
        47  ................  96969696969696969696969696969696
        41  ................  18181818181818181818181818181818
        40  ................  adadadadadadadadadadadadadadadad
        40  UUUUUUUUUUUUUUUU  55555555555555555555555555555555
        37  ................  05050505050505050505050505050505
        33  ................  f2f2f2f2f2f2f2f2f2f2f2f2f2f2f2f2
        31  ,,,,,,,,,,,,,,,,  2c2c2c2c2c2c2c2c2c2c2c2c2c2c2c2c
        29  mmmmmmmmmmmmmmmm  6d6d6d6d6d6d6d6d6d6d6d6d6d6d6d6d
        23  ................  a9a9a9a9a9a9a9a9a9a9a9a9a9a9a9a9
# epoch 9720  H=7.5746 C=7.3827 HO=0.1919  A(t)=367
        51  [[[[[[[[[[[[[[[[  5b5b5b5b5b5b5b5b5b5b5b5b5b5b5b5b
        41  ................  18181818181818181818181818181818
        40  UUUUUUUUUUUUUUUU  55555555555555555555555555555555
        36  ................  05050505050505050505050505050505
        35  ................  adadadadadadadadadadadadadadadad
        33  ................  f2f2f2f2f2f2f2f2f2f2f2f2f2f2f2f2
        32  ................  b7b7b7b7b7b7b7b7b7b7b7b7b7b7b7b7
        31  ,,,,,,,,,,,,,,,,  2c2c2c2c2c2c2c2c2c2c2c2c2c2c2c2c
        24  ................  96969696969696969696969696969696
        23  ................  a9a9a9a9a9a9a9a9a9a9a9a9a9a9a9a9
# epoch 9740  H=7.5758 C=7.3871 HO=0.1887  A(t)=367
        40  UUUUUUUUUUUUUUUU  55555555555555555555555555555555
        38  {{{{{{{{{{{{{{{{  7b7b7b7b7b7b7b7b7b7b7b7b7b7b7b7b
        36  ................  05050505050505050505050505050505
        35  ................  adadadadadadadadadadadadadadadad
        33  ................  f2f2f2f2f2f2f2f2f2f2f2f2f2f2f2f2
        32  [[[[[[[[[[[[[[[[  5b5b5b5b5b5b5b5b5b5b5b5b5b5b5b5b
        29  ,,,,,,,,,,,,,,,,  2c2c2c2c2c2c2c2c2c2c2c2c2c2c2c2c
        23  ................  a9a9a9a9a9a9a9a9a9a9a9a9a9a9a9a9
        23  ................  18181818181818181818181818181818
        17  ................  06060606060606060606060606060606
# epoch 9760  H=7.5835 C=7.4028 HO=0.1807  A(t)=367
        40  UUUUUUUUUUUUUUUU  55555555555555555555555555555555
        38  {{{{{{{{{{{{{{{{  7b7b7b7b7b7b7b7b7b7b7b7b7b7b7b7b
        35  ................  adadadadadadadadadadadadadadadad
        35  ................  05050505050505050505050505050505
        33  ................  f2f2f2f2f2f2f2f2f2f2f2f2f2f2f2f2
        32  [[[[[[[[[[[[[[[[  5b5b5b5b5b5b5b5b5b5b5b5b5b5b5b5b
        23  ................  a9a9a9a9a9a9a9a9a9a9a9a9a9a9a9a9
        21  ................  18181818181818181818181818181818
        17  ................  06060606060606060606060606060606
        16  ,,,,,,,,,,,,,,,,  2c2c2c2c2c2c2c2c2c2c2c2c2c2c2c2c
# epoch 9780  H=7.5874 C=7.4087 HO=0.1787  A(t)=367
        38  {{{{{{{{{{{{{{{{  7b7b7b7b7b7b7b7b7b7b7b7b7b7b7b7b
        35  ................  adadadadadadadadadadadadadadadad
        35  ................  05050505050505050505050505050505
        33  ................  f2f2f2f2f2f2f2f2f2f2f2f2f2f2f2f2
        30  [[[[[[[[[[[[[[[[  5b5b5b5b5b5b5b5b5b5b5b5b5b5b5b5b
        24  UUUUUUUUUUUUUUUU  55555555555555555555555555555555
        23  ................  a9a9a9a9a9a9a9a9a9a9a9a9a9a9a9a9
        17  ................  18181818181818181818181818181818
        17  ................  06060606060606060606060606060606
        15  AAAAAAAAAAAAAAAA  41414141414141414141414141414141
# epoch 9800  H=7.5915 C=7.4180 HO=0.1735  A(t)=367
        35  {{{{{{{{{{{{{{{{  7b7b7b7b7b7b7b7b7b7b7b7b7b7b7b7b
        33  ................  f2f2f2f2f2f2f2f2f2f2f2f2f2f2f2f2
        33  ................  adadadadadadadadadadadadadadadad
        30  [[[[[[[[[[[[[[[[  5b5b5b5b5b5b5b5b5b5b5b5b5b5b5b5b
        25  ................  05050505050505050505050505050505
        23  ................  a9a9a9a9a9a9a9a9a9a9a9a9a9a9a9a9
        22  UUUUUUUUUUUUUUUU  55555555555555555555555555555555
        17  ................  18181818181818181818181818181818
        15  AAAAAAAAAAAAAAAA  41414141414141414141414141414141
        13  ................  0d0d0d0d0d0d0d0d0d0d0d0d0d0d0d0d
# epoch 9820  H=7.5894 C=7.4136 HO=0.1758  A(t)=369
        74  [[[[[[[[[[[[[[[[  5b5b5b5b5b5b5b5b5b5b5b5b5b5b5b5b
        35  ,,,,,,,,,,,,,,,,  2c2c2c2c2c2c2c2c2c2c2c2c2c2c2c2c
        33  ................  f2f2f2f2f2f2f2f2f2f2f2f2f2f2f2f2
        23  ................  a9a9a9a9a9a9a9a9a9a9a9a9a9a9a9a9
        22  ................  adadadadadadadadadadadadadadadad
        19  {{{{{{{{{{{{{{{{  7b7b7b7b7b7b7b7b7b7b7b7b7b7b7b7b
        19  ................  05050505050505050505050505050505
        18  UUUUUUUUUUUUUUUU  55555555555555555555555555555555
        17  ................  18181818181818181818181818181818
        15  AAAAAAAAAAAAAAAA  41414141414141414141414141414141
# epoch 9840  H=7.5914 C=7.3987 HO=0.1928  A(t)=369
       112  [[[[[[[[[[[[[[[[  5b5b5b5b5b5b5b5b5b5b5b5b5b5b5b5b
        71  ,,,,,,,,,,,,,,,,  2c2c2c2c2c2c2c2c2c2c2c2c2c2c2c2c
        33  ................  f2f2f2f2f2f2f2f2f2f2f2f2f2f2f2f2
        26  LLLLLLLLLLLLLLLL  4c4c4c4c4c4c4c4c4c4c4c4c4c4c4c4c
        23  ................  a9a9a9a9a9a9a9a9a9a9a9a9a9a9a9a9
        22  ................  adadadadadadadadadadadadadadadad
        21  }}}}}}}}}}}}}}}}  7d7d7d7d7d7d7d7d7d7d7d7d7d7d7d7d
        19  {{{{{{{{{{{{{{{{  7b7b7b7b7b7b7b7b7b7b7b7b7b7b7b7b
        19  ................  05050505050505050505050505050505
        17  ................  18181818181818181818181818181818
# epoch 9860  H=7.5955 C=7.3883 HO=0.2072  A(t)=369
        92  [[[[[[[[[[[[[[[[  5b5b5b5b5b5b5b5b5b5b5b5b5b5b5b5b
        65  ,,,,,,,,,,,,,,,,  2c2c2c2c2c2c2c2c2c2c2c2c2c2c2c2c
        49  ................  9e9e9e9e9e9e9e9e9e9e9e9e9e9e9e9e
        38  GGGGGGGGGGGGGGGG  47474747474747474747474747474747
        33  ................  f2f2f2f2f2f2f2f2f2f2f2f2f2f2f2f2
        25  LLLLLLLLLLLLLLLL  4c4c4c4c4c4c4c4c4c4c4c4c4c4c4c4c
        23  ................  a9a9a9a9a9a9a9a9a9a9a9a9a9a9a9a9
        22  }}}}}}}}}}}}}}}}  7d7d7d7d7d7d7d7d7d7d7d7d7d7d7d7d
        21  ................  adadadadadadadadadadadadadadadad
        19  {{{{{{{{{{{{{{{{  7b7b7b7b7b7b7b7b7b7b7b7b7b7b7b7b
# epoch 9880  H=7.6043 C=7.3921 HO=0.2122  A(t)=369
        73  ................  a7a7a7a7a7a7a7a7a7a7a7a7a7a7a7a7
        73  [[[[[[[[[[[[[[[[  5b5b5b5b5b5b5b5b5b5b5b5b5b5b5b5b
        57  ,,,,,,,,,,,,,,,,  2c2c2c2c2c2c2c2c2c2c2c2c2c2c2c2c
        45  ................  9e9e9e9e9e9e9e9e9e9e9e9e9e9e9e9e
        33  ................  f2f2f2f2f2f2f2f2f2f2f2f2f2f2f2f2
        22  LLLLLLLLLLLLLLLL  4c4c4c4c4c4c4c4c4c4c4c4c4c4c4c4c
        21  ................  adadadadadadadadadadadadadadadad
        19  {{{{{{{{{{{{{{{{  7b7b7b7b7b7b7b7b7b7b7b7b7b7b7b7b
        19  GGGGGGGGGGGGGGGG  47474747474747474747474747474747
        19  ................  05050505050505050505050505050505
# epoch 9900  H=7.6049 C=7.3904 HO=0.2146  A(t)=369
        64  ................  a7a7a7a7a7a7a7a7a7a7a7a7a7a7a7a7
        52  ,,,,,,,,,,,,,,,,  2c2c2c2c2c2c2c2c2c2c2c2c2c2c2c2c
        49  [[[[[[[[[[[[[[[[  5b5b5b5b5b5b5b5b5b5b5b5b5b5b5b5b
        44  ................  fefefefefefefefefefefefefefefefe
        38  ................  9e9e9e9e9e9e9e9e9e9e9e9e9e9e9e9e
        33  ................  abababababababababababababababab
        27  ................  f2f2f2f2f2f2f2f2f2f2f2f2f2f2f2f2
        22  LLLLLLLLLLLLLLLL  4c4c4c4c4c4c4c4c4c4c4c4c4c4c4c4c
        21  ................  adadadadadadadadadadadadadadadad
        19  {{{{{{{{{{{{{{{{  7b7b7b7b7b7b7b7b7b7b7b7b7b7b7b7b
# epoch 9920  H=7.5976 C=7.3884 HO=0.2091  A(t)=369
        64  ................  a7a7a7a7a7a7a7a7a7a7a7a7a7a7a7a7
        42  ................  fefefefefefefefefefefefefefefefe
        40  [[[[[[[[[[[[[[[[  5b5b5b5b5b5b5b5b5b5b5b5b5b5b5b5b
        38  ................  9e9e9e9e9e9e9e9e9e9e9e9e9e9e9e9e
        33  ................  abababababababababababababababab
        32  ,,,,,,,,,,,,,,,,  2c2c2c2c2c2c2c2c2c2c2c2c2c2c2c2c
        27  ................  f2f2f2f2f2f2f2f2f2f2f2f2f2f2f2f2
        21  ................  adadadadadadadadadadadadadadadad
        19  }}}}}}}}}}}}}}}}  7d7d7d7d7d7d7d7d7d7d7d7d7d7d7d7d
        19  {{{{{{{{{{{{{{{{  7b7b7b7b7b7b7b7b7b7b7b7b7b7b7b7b
# epoch 9940  H=7.5944 C=7.3857 HO=0.2087  A(t)=369
        55  ................  a7a7a7a7a7a7a7a7a7a7a7a7a7a7a7a7
        40  [[[[[[[[[[[[[[[[  5b5b5b5b5b5b5b5b5b5b5b5b5b5b5b5b
        39  ................  fefefefefefefefefefefefefefefefe
        38  ................  9e9e9e9e9e9e9e9e9e9e9e9e9e9e9e9e
        33  ................  abababababababababababababababab
        28  hhhhhhhhhhhhhhhh  68686868686868686868686868686868
        26  ................  f2f2f2f2f2f2f2f2f2f2f2f2f2f2f2f2
        21  ................  adadadadadadadadadadadadadadadad
        20  }}}}}}}}}}}}}}}}  7d7d7d7d7d7d7d7d7d7d7d7d7d7d7d7d
        19  {{{{{{{{{{{{{{{{  7b7b7b7b7b7b7b7b7b7b7b7b7b7b7b7b
# epoch 9960  H=7.5956 C=7.3989 HO=0.1967  A(t)=369
        55  ................  a7a7a7a7a7a7a7a7a7a7a7a7a7a7a7a7
        38  ................  fefefefefefefefefefefefefefefefe
        38  ................  9e9e9e9e9e9e9e9e9e9e9e9e9e9e9e9e
        27  [[[[[[[[[[[[[[[[  5b5b5b5b5b5b5b5b5b5b5b5b5b5b5b5b
        26  ................  f2f2f2f2f2f2f2f2f2f2f2f2f2f2f2f2
        26  ................  abababababababababababababababab
        23  hhhhhhhhhhhhhhhh  68686868686868686868686868686868
        19  }}}}}}}}}}}}}}}}  7d7d7d7d7d7d7d7d7d7d7d7d7d7d7d7d
        19  {{{{{{{{{{{{{{{{  7b7b7b7b7b7b7b7b7b7b7b7b7b7b7b7b
        18  ................  05050505050505050505050505050505
# epoch 9980  H=7.5969 C=7.4075 HO=0.1894  A(t)=369
        38  ................  fefefefefefefefefefefefefefefefe
        33  ................  9e9e9e9e9e9e9e9e9e9e9e9e9e9e9e9e
        30  ................  a7a7a7a7a7a7a7a7a7a7a7a7a7a7a7a7
        26  ................  abababababababababababababababab
        25  ................  80bd80bd80bd80bd80bd80bd80bd80bd
        24  ................  bd80bd80bd80bd80bd80bd80bd80bd80
        19  {{{{{{{{{{{{{{{{  7b7b7b7b7b7b7b7b7b7b7b7b7b7b7b7b
        18  }}}}}}}}}}}}}}}}  7d7d7d7d7d7d7d7d7d7d7d7d7d7d7d7d
        18  ................  05050505050505050505050505050505
        16  ................  adadadadadadadadadadadadadadadad
# epoch 10000  H=7.6030 C=7.3857 HO=0.2173  A(t)=369
        59  ................  80bd80bd80bd80bd80bd80bd80bd80bd
        58  ................  bd80bd80bd80bd80bd80bd80bd80bd80
        38  ................  fefefefefefefefefefefefefefefefe
        38  eeeeeeeeeeeeeeee  65656565656565656565656565656565
        33  ................  9e9e9e9e9e9e9e9e9e9e9e9e9e9e9e9e
        30  ................  a7a7a7a7a7a7a7a7a7a7a7a7a7a7a7a7
        26  ................  abababababababababababababababab
        23  ................  80bc80bc80bc80bc80bc80bc80bc80bc
        22  ................  bc80bc80bc80bc80bc80bc80bc80bc80
        19  {{{{{{{{{{{{{{{{  7b7b7b7b7b7b7b7b7b7b7b7b7b7b7b7b
# epoch 10020  H=7.6060 C=7.4037 HO=0.2024  A(t)=369
        47  ................  bd80bd80bd80bd80bd80bd80bd80bd80
        47  ................  80bd80bd80bd80bd80bd80bd80bd80bd
        30  ................  a7a7a7a7a7a7a7a7a7a7a7a7a7a7a7a7
        29  ................  9e9e9e9e9e9e9e9e9e9e9e9e9e9e9e9e
        22  eeeeeeeeeeeeeeee  65656565656565656565656565656565
        21  ................  abababababababababababababababab
        20  ................  bc80bc80bc80bc80bc80bc80bc80bc80
        20  ................  80bc80bc80bc80bc80bc80bc80bc80bc
        19  {{{{{{{{{{{{{{{{  7b7b7b7b7b7b7b7b7b7b7b7b7b7b7b7b
        18  ................  05050505050505050505050505050505
# epoch 10040  H=7.6067 C=7.3899 HO=0.2168  A(t)=369
        46  ................  bebebebebebebebebebebebebebebebe
        44  ................  bd80bd80bd80bd80bd80bd80bd80bd80
        43  ................  80bd80bd80bd80bd80bd80bd80bd80bd
        38  ................  bcbcbcbcbcbcbcbcbcbcbcbcbcbcbcbc
        30  ................  a7a7a7a7a7a7a7a7a7a7a7a7a7a7a7a7
        29  ................  9e9e9e9e9e9e9e9e9e9e9e9e9e9e9e9e
        21  ................  abababababababababababababababab
        21  eeeeeeeeeeeeeeee  65656565656565656565656565656565
        19  6666666666666666  36363636363636363636363636363636
        18  ................  bc80bc80bc80bc80bc80bc80bc80bc80
# epoch 10060  H=7.6137 C=7.3943 HO=0.2195  A(t)=374
        75  ................  c1c1c1c1c1c1c1c1c1c1c1c1c1c1c1c1
        46  ................  bbbbbbbbbbbbbbbbbbbbbbbbbbbbbbbb
        43  ................  bd80bd80bd80bd80bd80bd80bd80bd80
        43  ................  80bd80bd80bd80bd80bd80bd80bd80bd
        29  ................  9e9e9e9e9e9e9e9e9e9e9e9e9e9e9e9e
        27  ................  bebebebebebebebebebebebebebebebe
        21  ................  abababababababababababababababab
        15  ................  bcbcbcbcbcbcbcbcbcbcbcbcbcbcbcbc
        15  {{{{{{{{{{{{{{{{  7b7b7b7b7b7b7b7b7b7b7b7b7b7b7b7b
        14  ................  a7a7a7a7a7a7a7a7a7a7a7a7a7a7a7a7
# epoch 10080  H=7.6067 C=7.3970 HO=0.2097  A(t)=376
        66  ................  c1c1c1c1c1c1c1c1c1c1c1c1c1c1c1c1
        43  ................  80bd80bd80bd80bd80bd80bd80bd80bd
        42  ................  bd80bd80bd80bd80bd80bd80bd80bd80
        41  ................  bbbbbbbbbbbbbbbbbbbbbbbbbbbbbbbb
        29  ................  9e9e9e9e9e9e9e9e9e9e9e9e9e9e9e9e
        22  ................  bebebebebebebebebebebebebebebebe
        21  ................  abababababababababababababababab
        15  ................  bcbcbcbcbcbcbcbcbcbcbcbcbcbcbcbc
        15  {{{{{{{{{{{{{{{{  7b7b7b7b7b7b7b7b7b7b7b7b7b7b7b7b
        13  ................  a9a9a9a9a9a9a9a9a9a9a9a9a9a9a9a9
# epoch 10100  H=7.6132 C=7.3984 HO=0.2148  A(t)=376
        62  ................  c1c1c1c1c1c1c1c1c1c1c1c1c1c1c1c1
        61  ................  c2c2c2c2c2c2c2c2c2c2c2c2c2c2c2c2
        39  ................  bbbbbbbbbbbbbbbbbbbbbbbbbbbbbbbb
        29  ................  80bd80bd80bd80bd80bd80bd80bd80bd
        28  ................  bd80bd80bd80bd80bd80bd80bd80bd80
        21  ................  9e9e9e9e9e9e9e9e9e9e9e9e9e9e9e9e
        19  ................  abababababababababababababababab
        17  ((((((((((((((((  28282828282828282828282828282828
        15  ................  bcbcbcbcbcbcbcbcbcbcbcbcbcbcbcbc
        13  ................  a9a9a9a9a9a9a9a9a9a9a9a9a9a9a9a9
# epoch 10120  H=7.6158 C=7.4095 HO=0.2062  A(t)=377
        47  ................  c2c2c2c2c2c2c2c2c2c2c2c2c2c2c2c2
        36  9999999999999999  39393939393939393939393939393939
        34  ................  c1c1c1c1c1c1c1c1c1c1c1c1c1c1c1c1
        23  ................  bd80bd80bd80bd80bd80bd80bd80bd80
        23  ................  80bd80bd80bd80bd80bd80bd80bd80bd
        21  ................  9e9e9e9e9e9e9e9e9e9e9e9e9e9e9e9e
        17  ((((((((((((((((  28282828282828282828282828282828
        16  ................  abababababababababababababababab
        15  ................  bbbbbbbbbbbbbbbbbbbbbbbbbbbbbbbb
        13  ................  a9a9a9a9a9a9a9a9a9a9a9a9a9a9a9a9
# epoch 10140  H=7.6168 C=7.4066 HO=0.2102  A(t)=377
        44  ................  c2c2c2c2c2c2c2c2c2c2c2c2c2c2c2c2
        35  9999999999999999  39393939393939393939393939393939
        31  ................  c1c1c1c1c1c1c1c1c1c1c1c1c1c1c1c1
        28  uuuuuuuuuuuuuuuu  75757575757575757575757575757575
        23  ................  bd80bd80bd80bd80bd80bd80bd80bd80
        23  ................  80bd80bd80bd80bd80bd80bd80bd80bd
        21  ................  9e9e9e9e9e9e9e9e9e9e9e9e9e9e9e9e
        19  ((((((((((((((((  28282828282828282828282828282828
        18  >>>>>>>>>>>>>>>>  3e3e3e3e3e3e3e3e3e3e3e3e3e3e3e3e
        16  ................  abababababababababababababababab
# epoch 10160  H=7.6199 C=7.4076 HO=0.2123  A(t)=377
        33  ................  fbfbfbfbfbfbfbfbfbfbfbfbfbfbfbfb
        31  ................  c1c1c1c1c1c1c1c1c1c1c1c1c1c1c1c1
        29  ................  00000000000000000000000000000000
        28  ................  c2c2c2c2c2c2c2c2c2c2c2c2c2c2c2c2
        27  9999999999999999  39393939393939393939393939393939
        22  >>>>>>>>>>>>>>>>  3e3e3e3e3e3e3e3e3e3e3e3e3e3e3e3e
        21  ................  80bd80bd80bd80bd80bd80bd80bd80bd
        20  ................  bd80bd80bd80bd80bd80bd80bd80bd80
        18  uuuuuuuuuuuuuuuu  75757575757575757575757575757575
        16  ................  abababababababababababababababab
# epoch 10180  H=7.6209 C=7.4077 HO=0.2131  A(t)=377
        33  ................  fbfbfbfbfbfbfbfbfbfbfbfbfbfbfbfb
        31  ................  c1c1c1c1c1c1c1c1c1c1c1c1c1c1c1c1
        30  [[[[[[[[[[[[[[[[  5b5b5b5b5b5b5b5b5b5b5b5b5b5b5b5b
        27  9999999999999999  39393939393939393939393939393939
        25  ................  c4c4c4c4c4c4c4c4c4c4c4c4c4c4c4c4
        22  ................  00000000000000000000000000000000
        20  ................  c2c2c2c2c2c2c2c2c2c2c2c2c2c2c2c2
        19  ................  80bd80bd80bd80bd80bd80bd80bd80bd
        18  ................  bd80bd80bd80bd80bd80bd80bd80bd80
        18  uuuuuuuuuuuuuuuu  75757575757575757575757575757575
# epoch 10200  H=7.6217 C=7.4128 HO=0.2089  A(t)=377
        64  ................  c4c4c4c4c4c4c4c4c4c4c4c4c4c4c4c4
        27  9999999999999999  39393939393939393939393939393939
        26  ................  c1c1c1c1c1c1c1c1c1c1c1c1c1c1c1c1
        23  ................  fbfbfbfbfbfbfbfbfbfbfbfbfbfbfbfb
        20  ................  c2c2c2c2c2c2c2c2c2c2c2c2c2c2c2c2
        18  uuuuuuuuuuuuuuuu  75757575757575757575757575757575
        16  ................  abababababababababababababababab
        16  ................  00000000000000000000000000000000
        15  ................  bbbbbbbbbbbbbbbbbbbbbbbbbbbbbbbb
        15  ................  9e9e9e9e9e9e9e9e9e9e9e9e9e9e9e9e
# epoch 10220  H=7.6272 C=7.4213 HO=0.2060  A(t)=377
        61  ................  c4c4c4c4c4c4c4c4c4c4c4c4c4c4c4c4
        30  VVVVVVVVVVVVVVVV  56565656565656565656565656565656
        26  ................  c1c1c1c1c1c1c1c1c1c1c1c1c1c1c1c1
        24  9999999999999999  39393939393939393939393939393939
        23  ................  fbfbfbfbfbfbfbfbfbfbfbfbfbfbfbfb
        18  ................  c2c2c2c2c2c2c2c2c2c2c2c2c2c2c2c2
        18  uuuuuuuuuuuuuuuu  75757575757575757575757575757575
        16  ................  abababababababababababababababab
        16  ................  00000000000000000000000000000000
        15  >>>>>>>>>>>>>>>>  3e3e3e3e3e3e3e3e3e3e3e3e3e3e3e3e
# epoch 10240  H=7.6200 C=7.4248 HO=0.1952  A(t)=377
        56  ................  c4c4c4c4c4c4c4c4c4c4c4c4c4c4c4c4
        30  VVVVVVVVVVVVVVVV  56565656565656565656565656565656
        26  ................  c1c1c1c1c1c1c1c1c1c1c1c1c1c1c1c1
        23  ................  fbfbfbfbfbfbfbfbfbfbfbfbfbfbfbfb
        23  9999999999999999  39393939393939393939393939393939
        18  ................  c2c2c2c2c2c2c2c2c2c2c2c2c2c2c2c2
        18  uuuuuuuuuuuuuuuu  75757575757575757575757575757575
        16  ................  abababababababababababababababab
        16  ................  00000000000000000000000000000000
        14  [[[[[[[[[[[[[[[[  5b5b5b5b5b5b5b5b5b5b5b5b5b5b5b5b
# epoch 10260  H=7.6171 C=7.4205 HO=0.1966  A(t)=377
        64  >>>>>>>>>>>>>>>>  3e3e3e3e3e3e3e3e3e3e3e3e3e3e3e3e
        56  ................  c4c4c4c4c4c4c4c4c4c4c4c4c4c4c4c4
        26  ................  c1c1c1c1c1c1c1c1c1c1c1c1c1c1c1c1
        23  ................  fbfbfbfbfbfbfbfbfbfbfbfbfbfbfbfb
        23  9999999999999999  39393939393939393939393939393939
        18  ................  c2c2c2c2c2c2c2c2c2c2c2c2c2c2c2c2
        16  ................  abababababababababababababababab
        15  uuuuuuuuuuuuuuuu  75757575757575757575757575757575
        13  ................  9e9e9e9e9e9e9e9e9e9e9e9e9e9e9e9e
        13  [[[[[[[[[[[[[[[[  5b5b5b5b5b5b5b5b5b5b5b5b5b5b5b5b
# epoch 10280  H=7.6153 C=7.4312 HO=0.1841  A(t)=377
        59  >>>>>>>>>>>>>>>>  3e3e3e3e3e3e3e3e3e3e3e3e3e3e3e3e
        36  ................  c4c4c4c4c4c4c4c4c4c4c4c4c4c4c4c4
        23  ................  fbfbfbfbfbfbfbfbfbfbfbfbfbfbfbfb
        21  9999999999999999  39393939393939393939393939393939
        18  ................  c2c2c2c2c2c2c2c2c2c2c2c2c2c2c2c2
        16  ................  abababababababababababababababab
        15  ................  c1c1c1c1c1c1c1c1c1c1c1c1c1c1c1c1
        15  uuuuuuuuuuuuuuuu  75757575757575757575757575757575
        13  ................  9e9e9e9e9e9e9e9e9e9e9e9e9e9e9e9e
        13  [[[[[[[[[[[[[[[[  5b5b5b5b5b5b5b5b5b5b5b5b5b5b5b5b
# epoch 10300  H=7.6118 C=7.4209 HO=0.1909  A(t)=377
        64  >>>>>>>>>>>>>>>>  3e3e3e3e3e3e3e3e3e3e3e3e3e3e3e3e
        36  ................  c4c4c4c4c4c4c4c4c4c4c4c4c4c4c4c4
        21  9999999999999999  39393939393939393939393939393939
        18  ................  c2c2c2c2c2c2c2c2c2c2c2c2c2c2c2c2
        16  ................  abababababababababababababababab
        15  uuuuuuuuuuuuuuuu  75757575757575757575757575757575
        13  ................  9e9e9e9e9e9e9e9e9e9e9e9e9e9e9e9e
        12  ................  bbbbbbbbbbbbbbbbbbbbbbbbbbbbbbbb
        12  V.V.V.V.V.V.V.V.  56085608560856085608560856085608
        11  .V.V.V.V.V.V.V.V  08560856085608560856085608560856
# epoch 10320  H=7.6103 C=7.4167 HO=0.1935  A(t)=377
        58  >>>>>>>>>>>>>>>>  3e3e3e3e3e3e3e3e3e3e3e3e3e3e3e3e
        46  ................  a7a7a7a7a7a7a7a7a7a7a7a7a7a7a7a7
        31  ................  c4c4c4c4c4c4c4c4c4c4c4c4c4c4c4c4
        21  9999999999999999  39393939393939393939393939393939
        16  ................  abababababababababababababababab
        15  uuuuuuuuuuuuuuuu  75757575757575757575757575757575
        13  ................  9e9e9e9e9e9e9e9e9e9e9e9e9e9e9e9e
        12  ................  bbbbbbbbbbbbbbbbbbbbbbbbbbbbbbbb
        11  ''''''''''''''''  27272727272727272727272727272727
        10  ................  bcbcbcbcbcbcbcbcbcbcbcbcbcbcbcbc
# epoch 10340  H=7.6030 C=7.3959 HO=0.2071  A(t)=377
        58  >>>>>>>>>>>>>>>>  3e3e3e3e3e3e3e3e3e3e3e3e3e3e3e3e
        54  1111111111111111  31313131313131313131313131313131
        53  [[[[[[[[[[[[[[[[  5b5b5b5b5b5b5b5b5b5b5b5b5b5b5b5b
        49  dddddddddddddddd  64646464646464646464646464646464
        45  <<<<<<<<<<<<<<<<  3c3c3c3c3c3c3c3c3c3c3c3c3c3c3c3c
        42  ................  a7a7a7a7a7a7a7a7a7a7a7a7a7a7a7a7
        31  ................  c4c4c4c4c4c4c4c4c4c4c4c4c4c4c4c4
        21  9999999999999999  39393939393939393939393939393939
        15  uuuuuuuuuuuuuuuu  75757575757575757575757575757575
        13  ................  abababababababababababababababab
# epoch 10360  H=7.6014 C=7.3749 HO=0.2265  A(t)=377
       114  >>>>>>>>>>>>>>>>  3e3e3e3e3e3e3e3e3e3e3e3e3e3e3e3e
        49  1111111111111111  31313131313131313131313131313131
        48  ................  01010101010101010101010101010101
        47  ................  a5a5a5a5a5a5a5a5a5a5a5a5a5a5a5a5
        44  dddddddddddddddd  64646464646464646464646464646464
        42  <<<<<<<<<<<<<<<<  3c3c3c3c3c3c3c3c3c3c3c3c3c3c3c3c
        39  ................  a7a7a7a7a7a7a7a7a7a7a7a7a7a7a7a7
        34  ................  ffffffffffffffffffffffffffffffff
        33  [[[[[[[[[[[[[[[[  5b5b5b5b5b5b5b5b5b5b5b5b5b5b5b5b
        28  ................  0c0c0c0c0c0c0c0c0c0c0c0c0c0c0c0c
# epoch 10380  H=7.6044 C=7.3767 HO=0.2277  A(t)=381
       141  >>>>>>>>>>>>>>>>  3e3e3e3e3e3e3e3e3e3e3e3e3e3e3e3e
        47  ................  a5a5a5a5a5a5a5a5a5a5a5a5a5a5a5a5
        43  dddddddddddddddd  64646464646464646464646464646464
        43  1111111111111111  31313131313131313131313131313131
        42  <<<<<<<<<<<<<<<<  3c3c3c3c3c3c3c3c3c3c3c3c3c3c3c3c
        39  ................  a7a7a7a7a7a7a7a7a7a7a7a7a7a7a7a7
        33  [[[[[[[[[[[[[[[[  5b5b5b5b5b5b5b5b5b5b5b5b5b5b5b5b
        33  ................  01010101010101010101010101010101
        23  ................  0c0c0c0c0c0c0c0c0c0c0c0c0c0c0c0c
        17  ................  ffffffffffffffffffffffffffffffff
# epoch 10400  H=7.6073 C=7.3774 HO=0.2299  A(t)=381
        92  >>>>>>>>>>>>>>>>  3e3e3e3e3e3e3e3e3e3e3e3e3e3e3e3e
        53  ................  0d0d0d0d0d0d0d0d0d0d0d0d0d0d0d0d
        46  ................  a5a5a5a5a5a5a5a5a5a5a5a5a5a5a5a5
        46  ................  00000000000000000000000000000000
        43  1111111111111111  31313131313131313131313131313131
        37  <<<<<<<<<<<<<<<<  3c3c3c3c3c3c3c3c3c3c3c3c3c3c3c3c
        31  dddddddddddddddd  64646464646464646464646464646464
        31  ................  01010101010101010101010101010101
        18  ................  a7a7a7a7a7a7a7a7a7a7a7a7a7a7a7a7
        15  ................  ffffffffffffffffffffffffffffffff
# epoch 10420  H=7.6107 C=7.3854 HO=0.2253  A(t)=381
        90  >>>>>>>>>>>>>>>>  3e3e3e3e3e3e3e3e3e3e3e3e3e3e3e3e
        48  ................  0d0d0d0d0d0d0d0d0d0d0d0d0d0d0d0d
        43  ................  a5a5a5a5a5a5a5a5a5a5a5a5a5a5a5a5
        43  1111111111111111  31313131313131313131313131313131
        37  <<<<<<<<<<<<<<<<  3c3c3c3c3c3c3c3c3c3c3c3c3c3c3c3c
        36  ................  00000000000000000000000000000000
        31  ................  01010101010101010101010101010101
        28  dddddddddddddddd  64646464646464646464646464646464
        18  ................  a7a7a7a7a7a7a7a7a7a7a7a7a7a7a7a7
        15  uuuuuuuuuuuuuuuu  75757575757575757575757575757575
# epoch 10440  H=7.6100 C=7.3865 HO=0.2235  A(t)=381
        55  >>>>>>>>>>>>>>>>  3e3e3e3e3e3e3e3e3e3e3e3e3e3e3e3e
        48  ................  0d0d0d0d0d0d0d0d0d0d0d0d0d0d0d0d
        41  ................  a5a5a5a5a5a5a5a5a5a5a5a5a5a5a5a5
        37  <<<<<<<<<<<<<<<<  3c3c3c3c3c3c3c3c3c3c3c3c3c3c3c3c
        36  1111111111111111  31313131313131313131313131313131
        29  ................  01010101010101010101010101010101
        26  ................  fbfbfbfbfbfbfbfbfbfbfbfbfbfbfbfb
        26  ................  a6a6a6a6a6a6a6a6a6a6a6a6a6a6a6a6
        26  dddddddddddddddd  64646464646464646464646464646464
        20  ................  00000000000000000000000000000000
# epoch 10460  H=7.6097 C=7.3702 HO=0.2395  A(t)=381
        57  uuuuuuuuuuuuuuuu  75757575757575757575757575757575
        56  1111111111111111  31313131313131313131313131313131
        44  >>>>>>>>>>>>>>>>  3e3e3e3e3e3e3e3e3e3e3e3e3e3e3e3e
        42  ................  c3c3c3c3c3c3c3c3c3c3c3c3c3c3c3c3
        40  ................  12121212121212121212121212121212
        37  ................  a5a5a5a5a5a5a5a5a5a5a5a5a5a5a5a5
        31  <<<<<<<<<<<<<<<<  3c3c3c3c3c3c3c3c3c3c3c3c3c3c3c3c
        30  ................  0d0d0d0d0d0d0d0d0d0d0d0d0d0d0d0d
        29  ................  01010101010101010101010101010101
        26  ................  fbfbfbfbfbfbfbfbfbfbfbfbfbfbfbfb
# epoch 10480  H=7.6016 C=7.3534 HO=0.2482  A(t)=382
        86  ................  c3c3c3c3c3c3c3c3c3c3c3c3c3c3c3c3
        56  1111111111111111  31313131313131313131313131313131
        54  uuuuuuuuuuuuuuuu  75757575757575757575757575757575
        44  ;;;;;;;;;;;;;;;;  3b3b3b3b3b3b3b3b3b3b3b3b3b3b3b3b
        43  AAAAAAAAAAAAAAAA  41414141414141414141414141414141
        36  ................  a5a5a5a5a5a5a5a5a5a5a5a5a5a5a5a5
        35  >>>>>>>>>>>>>>>>  3e3e3e3e3e3e3e3e3e3e3e3e3e3e3e3e
        35  ................  12121212121212121212121212121212
        31  <<<<<<<<<<<<<<<<  3c3c3c3c3c3c3c3c3c3c3c3c3c3c3c3c
        29  ................  01010101010101010101010101010101
# epoch 10500  H=7.5955 C=7.3466 HO=0.2489  A(t)=382
        54  uuuuuuuuuuuuuuuu  75757575757575757575757575757575
        51  ................  c3c3c3c3c3c3c3c3c3c3c3c3c3c3c3c3
        45  ................  9c9c9c9c9c9c9c9c9c9c9c9c9c9c9c9c
        44  ;;;;;;;;;;;;;;;;  3b3b3b3b3b3b3b3b3b3b3b3b3b3b3b3b
        41  AAAAAAAAAAAAAAAA  41414141414141414141414141414141
        39  ````````````````  60606060606060606060606060606060
        36  >>>>>>>>>>>>>>>>  3e3e3e3e3e3e3e3e3e3e3e3e3e3e3e3e
        36  1111111111111111  31313131313131313131313131313131
        35  ................  12121212121212121212121212121212
        29  ................  01010101010101010101010101010101
# epoch 10520  H=7.6013 C=7.3478 HO=0.2536  A(t)=382
        54  uuuuuuuuuuuuuuuu  75757575757575757575757575757575
        49  ................  c3c3c3c3c3c3c3c3c3c3c3c3c3c3c3c3
        48  ................  05050505050505050505050505050505
        42  ................  9c9c9c9c9c9c9c9c9c9c9c9c9c9c9c9c
        42  ;;;;;;;;;;;;;;;;  3b3b3b3b3b3b3b3b3b3b3b3b3b3b3b3b
        41  AAAAAAAAAAAAAAAA  41414141414141414141414141414141
        36  1111111111111111  31313131313131313131313131313131
        35  ................  12121212121212121212121212121212
        28  <<<<<<<<<<<<<<<<  3c3c3c3c3c3c3c3c3c3c3c3c3c3c3c3c
        26  dddddddddddddddd  64646464646464646464646464646464
# epoch 10540  H=7.5950 C=7.3389 HO=0.2562  A(t)=382
        56  ZZZZZZZZZZZZZZZZ  5a5a5a5a5a5a5a5a5a5a5a5a5a5a5a5a
        54  uuuuuuuuuuuuuuuu  75757575757575757575757575757575
        48  ................  c3c3c3c3c3c3c3c3c3c3c3c3c3c3c3c3
        45  4444444444444444  34343434343434343434343434343434
        40  ................  05050505050505050505050505050505
        39  AAAAAAAAAAAAAAAA  41414141414141414141414141414141
        34  ................  9c9c9c9c9c9c9c9c9c9c9c9c9c9c9c9c
        31  ................  12121212121212121212121212121212
        30  ;;;;;;;;;;;;;;;;  3b3b3b3b3b3b3b3b3b3b3b3b3b3b3b3b
        26  dddddddddddddddd  64646464646464646464646464646464
# epoch 10560  H=7.5892 C=7.3391 HO=0.2501  A(t)=382
        71  ????????????????  3f3f3f3f3f3f3f3f3f3f3f3f3f3f3f3f
        54  uuuuuuuuuuuuuuuu  75757575757575757575757575757575
        51  ZZZZZZZZZZZZZZZZ  5a5a5a5a5a5a5a5a5a5a5a5a5a5a5a5a
        43  ................  c3c3c3c3c3c3c3c3c3c3c3c3c3c3c3c3
        43  4444444444444444  34343434343434343434343434343434
        39  AAAAAAAAAAAAAAAA  41414141414141414141414141414141
        34  ................  9c9c9c9c9c9c9c9c9c9c9c9c9c9c9c9c
        31  ................  12121212121212121212121212121212
        30  ;;;;;;;;;;;;;;;;  3b3b3b3b3b3b3b3b3b3b3b3b3b3b3b3b
        26  dddddddddddddddd  64646464646464646464646464646464
# epoch 10580  H=7.5905 C=7.3448 HO=0.2457  A(t)=383
        69  ????????????????  3f3f3f3f3f3f3f3f3f3f3f3f3f3f3f3f
        54  uuuuuuuuuuuuuuuu  75757575757575757575757575757575
        43  4444444444444444  34343434343434343434343434343434
        40  ................  c3c3c3c3c3c3c3c3c3c3c3c3c3c3c3c3
        34  ................  9c9c9c9c9c9c9c9c9c9c9c9c9c9c9c9c
        31  ................  12121212121212121212121212121212
        26  dddddddddddddddd  64646464646464646464646464646464
        22  ZZZZZZZZZZZZZZZZ  5a5a5a5a5a5a5a5a5a5a5a5a5a5a5a5a
        22  AAAAAAAAAAAAAAAA  41414141414141414141414141414141
        22  ................  05050505050505050505050505050505
# epoch 10600  H=7.5872 C=7.3422 HO=0.2450  A(t)=383
        63  ????????????????  3f3f3f3f3f3f3f3f3f3f3f3f3f3f3f3f
        54  uuuuuuuuuuuuuuuu  75757575757575757575757575757575
        40  ................  c3c3c3c3c3c3c3c3c3c3c3c3c3c3c3c3
        37  4444444444444444  34343434343434343434343434343434
        31  ................  9c9c9c9c9c9c9c9c9c9c9c9c9c9c9c9c
        31  ................  12121212121212121212121212121212
        26  dddddddddddddddd  64646464646464646464646464646464
        22  ................  05050505050505050505050505050505
        21  ZZZZZZZZZZZZZZZZ  5a5a5a5a5a5a5a5a5a5a5a5a5a5a5a5a
        21  ;;;;;;;;;;;;;;;;  3b3b3b3b3b3b3b3b3b3b3b3b3b3b3b3b
# epoch 10620  H=7.5827 C=7.3273 HO=0.2554  A(t)=385
        87  ,,,,,,,,,,,,,,,,  2c2c2c2c2c2c2c2c2c2c2c2c2c2c2c2c
        54  uuuuuuuuuuuuuuuu  75757575757575757575757575757575
        47  ????????????????  3f3f3f3f3f3f3f3f3f3f3f3f3f3f3f3f
        44  ................  16161616161616161616161616161616
        43  ................  fcfcfcfcfcfcfcfcfcfcfcfcfcfcfcfc
        37  ................  c3c3c3c3c3c3c3c3c3c3c3c3c3c3c3c3
        30  ................  9c9c9c9c9c9c9c9c9c9c9c9c9c9c9c9c
        26  ................  12121212121212121212121212121212
        22  ................  05050505050505050505050505050505
        21  4444444444444444  34343434343434343434343434343434
# epoch 10640  H=7.5810 C=7.3081 HO=0.2729  A(t)=385
       121  ????????????????  3f3f3f3f3f3f3f3f3f3f3f3f3f3f3f3f
        72  CCCCCCCCCCCCCCCC  43434343434343434343434343434343
        68  ,,,,,,,,,,,,,,,,  2c2c2c2c2c2c2c2c2c2c2c2c2c2c2c2c
        54  uuuuuuuuuuuuuuuu  75757575757575757575757575757575
        43  ................  fcfcfcfcfcfcfcfcfcfcfcfcfcfcfcfc
        40  ................  16161616161616161616161616161616
        37  ................  c3c3c3c3c3c3c3c3c3c3c3c3c3c3c3c3
        30  ................  9c9c9c9c9c9c9c9c9c9c9c9c9c9c9c9c
        26  ................  14141414141414141414141414141414
        22  ................  05050505050505050505050505050505
# epoch 10660  H=7.5868 C=7.3002 HO=0.2867  A(t)=385
       124  ................  90909090909090909090909090909090
       119  ????????????????  3f3f3f3f3f3f3f3f3f3f3f3f3f3f3f3f
        56  CCCCCCCCCCCCCCCC  43434343434343434343434343434343
        54  uuuuuuuuuuuuuuuu  75757575757575757575757575757575
        49  ,,,,,,,,,,,,,,,,  2c2c2c2c2c2c2c2c2c2c2c2c2c2c2c2c
        43  ................  babababababababababababababababa
        39  ................  16161616161616161616161616161616
        30  ................  9c9c9c9c9c9c9c9c9c9c9c9c9c9c9c9c
        26  ................  fcfcfcfcfcfcfcfcfcfcfcfcfcfcfcfc
        23  ................  c3c3c3c3c3c3c3c3c3c3c3c3c3c3c3c3
# epoch 10680  H=7.5858 C=7.3057 HO=0.2801  A(t)=385
       112  ................  90909090909090909090909090909090
       102  ????????????????  3f3f3f3f3f3f3f3f3f3f3f3f3f3f3f3f
        54  CCCCCCCCCCCCCCCC  43434343434343434343434343434343
        51  ................  01010101010101010101010101010101
        46  ,,,,,,,,,,,,,,,,  2c2c2c2c2c2c2c2c2c2c2c2c2c2c2c2c
        41  ................  babababababababababababababababa
        38  uuuuuuuuuuuuuuuu  75757575757575757575757575757575
        30  ................  9c9c9c9c9c9c9c9c9c9c9c9c9c9c9c9c
        26  ................  fcfcfcfcfcfcfcfcfcfcfcfcfcfcfcfc
        24  ................  16161616161616161616161616161616
# epoch 10700  H=7.5882 C=7.3114 HO=0.2768  A(t)=386
        92  ????????????????  3f3f3f3f3f3f3f3f3f3f3f3f3f3f3f3f
        79  ................  90909090909090909090909090909090
        51  CCCCCCCCCCCCCCCC  43434343434343434343434343434343
        50  ................  01010101010101010101010101010101
        47  ................  95959595959595959595959595959595
        42  ,,,,,,,,,,,,,,,,  2c2c2c2c2c2c2c2c2c2c2c2c2c2c2c2c
        41  ................  babababababababababababababababa
        30  ................  9c9c9c9c9c9c9c9c9c9c9c9c9c9c9c9c
        24  ................  fcfcfcfcfcfcfcfcfcfcfcfcfcfcfcfc
        24  ................  16161616161616161616161616161616
# epoch 10720  H=7.5875 C=7.3105 HO=0.2770  A(t)=386
        84  ????????????????  3f3f3f3f3f3f3f3f3f3f3f3f3f3f3f3f
        68  ................  babababababababababababababababa
        60  AAAAAAAAAAAAAAAA  41414141414141414141414141414141
        51  ................  90909090909090909090909090909090
        50  ................  01010101010101010101010101010101
        42  ,,,,,,,,,,,,,,,,  2c2c2c2c2c2c2c2c2c2c2c2c2c2c2c2c
        37  CCCCCCCCCCCCCCCC  43434343434343434343434343434343
        32  ................  95959595959595959595959595959595
        30  ................  9c9c9c9c9c9c9c9c9c9c9c9c9c9c9c9c
        24  ................  fcfcfcfcfcfcfcfcfcfcfcfcfcfcfcfc
# epoch 10740  H=7.5874 C=7.3204 HO=0.2670  A(t)=386
        91  ................  babababababababababababababababa
        82  ????????????????  3f3f3f3f3f3f3f3f3f3f3f3f3f3f3f3f
        47  ................  01010101010101010101010101010101
        46  AAAAAAAAAAAAAAAA  41414141414141414141414141414141
        40  ................  90909090909090909090909090909090
        37  CCCCCCCCCCCCCCCC  43434343434343434343434343434343
        32  ................  95959595959595959595959595959595
        29  ,,,,,,,,,,,,,,,,  2c2c2c2c2c2c2c2c2c2c2c2c2c2c2c2c
        24  ................  fcfcfcfcfcfcfcfcfcfcfcfcfcfcfcfc
        24  ................  9c9c9c9c9c9c9c9c9c9c9c9c9c9c9c9c
# epoch 10760  H=7.5881 C=7.3115 HO=0.2766  A(t)=386
        79  ????????????????  3f3f3f3f3f3f3f3f3f3f3f3f3f3f3f3f
        50  ................  babababababababababababababababa
        43  ................  01010101010101010101010101010101
        42  AAAAAAAAAAAAAAAA  41414141414141414141414141414141
        39  ................  90909090909090909090909090909090
        37  7777777777777777  37373737373737373737373737373737
        34  [[[[[[[[[[[[[[[[  5b5b5b5b5b5b5b5b5b5b5b5b5b5b5b5b
        31  CCCCCCCCCCCCCCCC  43434343434343434343434343434343
        30  ................  95959595959595959595959595959595
        29  ,,,,,,,,,,,,,,,,  2c2c2c2c2c2c2c2c2c2c2c2c2c2c2c2c
# epoch 10780  H=7.5964 C=7.3262 HO=0.2702  A(t)=386
        79  ????????????????  3f3f3f3f3f3f3f3f3f3f3f3f3f3f3f3f
        41  ................  babababababababababababababababa
        34  [[[[[[[[[[[[[[[[  5b5b5b5b5b5b5b5b5b5b5b5b5b5b5b5b
        32  7777777777777777  37373737373737373737373737373737
        31  CCCCCCCCCCCCCCCC  43434343434343434343434343434343
        28  ................  90909090909090909090909090909090
        22  ,,,,,,,,,,,,,,,,  2c2c2c2c2c2c2c2c2c2c2c2c2c2c2c2c
        20  ................  fcfcfcfcfcfcfcfcfcfcfcfcfcfcfcfc
        19  ................  12121212121212121212121212121212
        18  ................  16161616161616161616161616161616
# epoch 10800  H=7.5972 C=7.3102 HO=0.2870  A(t)=386
       112  [[[[[[[[[[[[[[[[  5b5b5b5b5b5b5b5b5b5b5b5b5b5b5b5b
        76  ????????????????  3f3f3f3f3f3f3f3f3f3f3f3f3f3f3f3f
        42  ,,,,,,,,,,,,,,,,  2c2c2c2c2c2c2c2c2c2c2c2c2c2c2c2c
        38  ................  babababababababababababababababa
        36  FFFFFFFFFFFFFFFF  46464646464646464646464646464646
        31  CCCCCCCCCCCCCCCC  43434343434343434343434343434343
        30  ................  94949494949494949494949494949494
        23  7777777777777777  37373737373737373737373737373737
        19  ................  90909090909090909090909090909090
        19  ................  12121212121212121212121212121212
# epoch 10820  H=7.5991 C=7.3049 HO=0.2942  A(t)=386
        90  [[[[[[[[[[[[[[[[  5b5b5b5b5b5b5b5b5b5b5b5b5b5b5b5b
        76  ????????????????  3f3f3f3f3f3f3f3f3f3f3f3f3f3f3f3f
        65  UUUUUUUUUUUUUUUU  55555555555555555555555555555555
        42  ,,,,,,,,,,,,,,,,  2c2c2c2c2c2c2c2c2c2c2c2c2c2c2c2c
        38  ................  babababababababababababababababa
        36  FFFFFFFFFFFFFFFF  46464646464646464646464646464646
        36  1111111111111111  31313131313131313131313131313131
        30  CCCCCCCCCCCCCCCC  43434343434343434343434343434343
        26  >>>>>>>>>>>>>>>>  3e3e3e3e3e3e3e3e3e3e3e3e3e3e3e3e
        24  ................  94949494949494949494949494949494
# epoch 10840  H=7.5983 C=7.3053 HO=0.2930  A(t)=386
        84  [[[[[[[[[[[[[[[[  5b5b5b5b5b5b5b5b5b5b5b5b5b5b5b5b
        76  ????????????????  3f3f3f3f3f3f3f3f3f3f3f3f3f3f3f3f
        61  UUUUUUUUUUUUUUUU  55555555555555555555555555555555
        39  ,,,,,,,,,,,,,,,,  2c2c2c2c2c2c2c2c2c2c2c2c2c2c2c2c
        37  ................  babababababababababababababababa
        36  1111111111111111  31313131313131313131313131313131
        30  CCCCCCCCCCCCCCCC  43434343434343434343434343434343
        28  >>>>>>>>>>>>>>>>  3e3e3e3e3e3e3e3e3e3e3e3e3e3e3e3e
        24  ................  94949494949494949494949494949494
        23  7777777777777777  37373737373737373737373737373737
# epoch 10860  H=7.6028 C=7.3109 HO=0.2919  A(t)=386
        76  ????????????????  3f3f3f3f3f3f3f3f3f3f3f3f3f3f3f3f
        69  [[[[[[[[[[[[[[[[  5b5b5b5b5b5b5b5b5b5b5b5b5b5b5b5b
        47  UUUUUUUUUUUUUUUU  55555555555555555555555555555555
        44  ................  ebebebebebebebebebebebebebebebeb
        41  >>>>>>>>>>>>>>>>  3e3e3e3e3e3e3e3e3e3e3e3e3e3e3e3e
        37  ................  babababababababababababababababa
        32  ................  a4a4a4a4a4a4a4a4a4a4a4a4a4a4a4a4
        31  ,,,,,,,,,,,,,,,,  2c2c2c2c2c2c2c2c2c2c2c2c2c2c2c2c
        30  CCCCCCCCCCCCCCCC  43434343434343434343434343434343
        28  1111111111111111  31313131313131313131313131313131
# epoch 10880  H=7.6045 C=7.3147 HO=0.2898  A(t)=386
        76  ????????????????  3f3f3f3f3f3f3f3f3f3f3f3f3f3f3f3f
        54  [[[[[[[[[[[[[[[[  5b5b5b5b5b5b5b5b5b5b5b5b5b5b5b5b
        47  ................  cdcdcdcdcdcdcdcdcdcdcdcdcdcdcdcd
        40  ................  ebebebebebebebebebebebebebebebeb
        39  UUUUUUUUUUUUUUUU  55555555555555555555555555555555
        32  ................  a4a4a4a4a4a4a4a4a4a4a4a4a4a4a4a4
        31  >>>>>>>>>>>>>>>>  3e3e3e3e3e3e3e3e3e3e3e3e3e3e3e3e
        30  CCCCCCCCCCCCCCCC  43434343434343434343434343434343
        28  1111111111111111  31313131313131313131313131313131
        27  ................  babababababababababababababababa
# epoch 10900  H=7.6058 C=7.3040 HO=0.3019  A(t)=386
        90  ????????????????  3f3f3f3f3f3f3f3f3f3f3f3f3f3f3f3f
        89  [[[[[[[[[[[[[[[[  5b5b5b5b5b5b5b5b5b5b5b5b5b5b5b5b
        56  ................  01010101010101010101010101010101
        49  ////////////////  2f2f2f2f2f2f2f2f2f2f2f2f2f2f2f2f
        46  ................  cdcdcdcdcdcdcdcdcdcdcdcdcdcdcdcd
        40  ................  ebebebebebebebebebebebebebebebeb
        38  UUUUUUUUUUUUUUUU  55555555555555555555555555555555
        30  CCCCCCCCCCCCCCCC  43434343434343434343434343434343
        22  ................  a4a4a4a4a4a4a4a4a4a4a4a4a4a4a4a4
        21  7777777777777777  37373737373737373737373737373737
# epoch 10920  H=7.6048 C=7.3055 HO=0.2993  A(t)=387
        87  ????????????????  3f3f3f3f3f3f3f3f3f3f3f3f3f3f3f3f
        77  [[[[[[[[[[[[[[[[  5b5b5b5b5b5b5b5b5b5b5b5b5b5b5b5b
        41  ................  cdcdcdcdcdcdcdcdcdcdcdcdcdcdcdcd
        40  ................  01010101010101010101010101010101
        36  ////////////////  2f2f2f2f2f2f2f2f2f2f2f2f2f2f2f2f
        35  RRRRRRRRRRRRRRRR  52525252525252525252525252525252
        30  CCCCCCCCCCCCCCCC  43434343434343434343434343434343
        29  ................  ebebebebebebebebebebebebebebebeb
        22  ................  a4a4a4a4a4a4a4a4a4a4a4a4a4a4a4a4
        21  7777777777777777  37373737373737373737373737373737
# epoch 10940  H=7.6028 C=7.3044 HO=0.2984  A(t)=388
        79  ????????????????  3f3f3f3f3f3f3f3f3f3f3f3f3f3f3f3f
        77  [[[[[[[[[[[[[[[[  5b5b5b5b5b5b5b5b5b5b5b5b5b5b5b5b
        53  @@@@@@@@@@@@@@@@  40404040404040404040404040404040
        40  ................  cdcdcdcdcdcdcdcdcdcdcdcdcdcdcdcd
        40  ................  01010101010101010101010101010101
        36  ////////////////  2f2f2f2f2f2f2f2f2f2f2f2f2f2f2f2f
        29  ................  ebebebebebebebebebebebebebebebeb
        29  RRRRRRRRRRRRRRRR  52525252525252525252525252525252
        29  CCCCCCCCCCCCCCCC  43434343434343434343434343434343
        22  ................  a4a4a4a4a4a4a4a4a4a4a4a4a4a4a4a4
# epoch 10960  H=7.6051 C=7.3134 HO=0.2917  A(t)=390
        91  [[[[[[[[[[[[[[[[  5b5b5b5b5b5b5b5b5b5b5b5b5b5b5b5b
        64  ????????????????  3f3f3f3f3f3f3f3f3f3f3f3f3f3f3f3f
        47  @@@@@@@@@@@@@@@@  40404040404040404040404040404040
        40  ................  01010101010101010101010101010101
        34  ////////////////  2f2f2f2f2f2f2f2f2f2f2f2f2f2f2f2f
        33  ................  cdcdcdcdcdcdcdcdcdcdcdcdcdcdcdcd
        29  RRRRRRRRRRRRRRRR  52525252525252525252525252525252
        29  CCCCCCCCCCCCCCCC  43434343434343434343434343434343
        22  ................  a4a4a4a4a4a4a4a4a4a4a4a4a4a4a4a4
        20  1111111111111111  31313131313131313131313131313131
# epoch 10980  H=7.6043 C=7.3079 HO=0.2965  A(t)=390
        89  [[[[[[[[[[[[[[[[  5b5b5b5b5b5b5b5b5b5b5b5b5b5b5b5b
        53  ????????????????  3f3f3f3f3f3f3f3f3f3f3f3f3f3f3f3f
        46  ................  89898989898989898989898989898989
        43  @@@@@@@@@@@@@@@@  40404040404040404040404040404040
        40  ................  01010101010101010101010101010101
        34  ////////////////  2f2f2f2f2f2f2f2f2f2f2f2f2f2f2f2f
        33  ................  cdcdcdcdcdcdcdcdcdcdcdcdcdcdcdcd
        29  RRRRRRRRRRRRRRRR  52525252525252525252525252525252
        22  ................  a4a4a4a4a4a4a4a4a4a4a4a4a4a4a4a4
        21  CCCCCCCCCCCCCCCC  43434343434343434343434343434343
# epoch 11000  H=7.6113 C=7.3085 HO=0.3029  A(t)=390
       129  ????????????????  3f3f3f3f3f3f3f3f3f3f3f3f3f3f3f3f
        84  [[[[[[[[[[[[[[[[  5b5b5b5b5b5b5b5b5b5b5b5b5b5b5b5b
        43  ................  89898989898989898989898989898989
        40  @@@@@@@@@@@@@@@@  40404040404040404040404040404040
        34  ////////////////  2f2f2f2f2f2f2f2f2f2f2f2f2f2f2f2f
        33  ................  cdcdcdcdcdcdcdcdcdcdcdcdcdcdcdcd
        29  RRRRRRRRRRRRRRRR  52525252525252525252525252525252
        26  ................  01010101010101010101010101010101
        22  ................  a4a4a4a4a4a4a4a4a4a4a4a4a4a4a4a4
        16  ................  95959595959595959595959595959595
# epoch 11020  H=7.6143 C=7.3079 HO=0.3064  A(t)=390
        95  ????????????????  3f3f3f3f3f3f3f3f3f3f3f3f3f3f3f3f
        69  [[[[[[[[[[[[[[[[  5b5b5b5b5b5b5b5b5b5b5b5b5b5b5b5b
        44  ................  2e2e2e2e2e2e2e2e2e2e2e2e2e2e2e2e
        40  @@@@@@@@@@@@@@@@  40404040404040404040404040404040
        39  ................  f3f3f3f3f3f3f3f3f3f3f3f3f3f3f3f3
        35  ................  89898989898989898989898989898989
        33  ................  cdcdcdcdcdcdcdcdcdcdcdcdcdcdcdcd
        32  ////////////////  2f2f2f2f2f2f2f2f2f2f2f2f2f2f2f2f
        29  RRRRRRRRRRRRRRRR  52525252525252525252525252525252
        22  ................  a4a4a4a4a4a4a4a4a4a4a4a4a4a4a4a4
# epoch 11040  H=7.6191 C=7.2805 HO=0.3386  A(t)=390
       121  ................  92929292929292929292929292929292
        93  ????????????????  3f3f3f3f3f3f3f3f3f3f3f3f3f3f3f3f
        90  9999999999999999  39393939393939393939393939393939
        45  ................  e2e2e2e2e2e2e2e2e2e2e2e2e2e2e2e2
        40  @@@@@@@@@@@@@@@@  40404040404040404040404040404040
        38  ................  f3f3f3f3f3f3f3f3f3f3f3f3f3f3f3f3
        37  ................  2e2e2e2e2e2e2e2e2e2e2e2e2e2e2e2e
        35  ................  89898989898989898989898989898989
        33  ................  cdcdcdcdcdcdcdcdcdcdcdcdcdcdcdcd
        32  AAAAAAAAAAAAAAAA  41414141414141414141414141414141
# epoch 11060  H=7.6170 C=7.2598 HO=0.3572  A(t)=390
       212  ????????????????  3f3f3f3f3f3f3f3f3f3f3f3f3f3f3f3f
       115  ................  92929292929292929292929292929292
        57  9999999999999999  39393939393939393939393939393939
        44  ................  cccccccccccccccccccccccccccccccc
        42  qqqqqqqqqqqqqqqq  71717171717171717171717171717171
        38  ................  f3f3f3f3f3f3f3f3f3f3f3f3f3f3f3f3
        36  ................  2e2e2e2e2e2e2e2e2e2e2e2e2e2e2e2e
        35  ................  89898989898989898989898989898989
        33  ................  cdcdcdcdcdcdcdcdcdcdcdcdcdcdcdcd
        29  RRRRRRRRRRRRRRRR  52525252525252525252525252525252
# epoch 11080  H=7.6169 C=7.2572 HO=0.3597  A(t)=390
       224  ????????????????  3f3f3f3f3f3f3f3f3f3f3f3f3f3f3f3f
       114  ................  92929292929292929292929292929292
        48  """"""""""""""""  22222222222222222222222222222222
        47  9999999999999999  39393939393939393939393939393939
        43  ................  cccccccccccccccccccccccccccccccc
        40  qqqqqqqqqqqqqqqq  71717171717171717171717171717171
        37  ................  f3f3f3f3f3f3f3f3f3f3f3f3f3f3f3f3
        36  ................  2e2e2e2e2e2e2e2e2e2e2e2e2e2e2e2e
        30  0000000000000000  30303030303030303030303030303030
        28  ................  cdcdcdcdcdcdcdcdcdcdcdcdcdcdcdcd
# epoch 11100  H=7.6197 C=7.2671 HO=0.3526  A(t)=390
       185  ????????????????  3f3f3f3f3f3f3f3f3f3f3f3f3f3f3f3f
        94  ................  92929292929292929292929292929292
        46  9999999999999999  39393939393939393939393939393939
        42  """"""""""""""""  22222222222222222222222222222222
        40  qqqqqqqqqqqqqqqq  71717171717171717171717171717171
        37  ................  f3f3f3f3f3f3f3f3f3f3f3f3f3f3f3f3
        37  ................  cccccccccccccccccccccccccccccccc
        36  ................  2e2e2e2e2e2e2e2e2e2e2e2e2e2e2e2e
        30  0000000000000000  30303030303030303030303030303030
        28  ................  cdcdcdcdcdcdcdcdcdcdcdcdcdcdcdcd
# epoch 11120  H=7.6246 C=7.2618 HO=0.3628  A(t)=394
       167  ????????????????  3f3f3f3f3f3f3f3f3f3f3f3f3f3f3f3f
        93  ................  92929292929292929292929292929292
        46  9999999999999999  39393939393939393939393939393939
        45  ................  dddddddddddddddddddddddddddddddd
        39  qqqqqqqqqqqqqqqq  71717171717171717171717171717171
        37  ................  cccccccccccccccccccccccccccccccc
        36  ................  2e2e2e2e2e2e2e2e2e2e2e2e2e2e2e2e
        34  ................  f3f3f3f3f3f3f3f3f3f3f3f3f3f3f3f3
        29  """"""""""""""""  22222222222222222222222222222222
        28  ................  cdcdcdcdcdcdcdcdcdcdcdcdcdcdcdcd
# epoch 11140  H=7.6232 C=7.2599 HO=0.3634  A(t)=394
       209  ????????????????  3f3f3f3f3f3f3f3f3f3f3f3f3f3f3f3f
        90  ................  92929292929292929292929292929292
        47  ................  ffffffffffffffffffffffffffffffff
        44  ................  dddddddddddddddddddddddddddddddd
        37  ................  cccccccccccccccccccccccccccccccc
        36  ................  2e2e2e2e2e2e2e2e2e2e2e2e2e2e2e2e
        31  qqqqqqqqqqqqqqqq  71717171717171717171717171717171
        30  ................  f3f3f3f3f3f3f3f3f3f3f3f3f3f3f3f3
        30  9999999999999999  39393939393939393939393939393939
        29  """"""""""""""""  22222222222222222222222222222222
# epoch 11160  H=7.6206 C=7.2595 HO=0.3611  A(t)=395
       200  ????????????????  3f3f3f3f3f3f3f3f3f3f3f3f3f3f3f3f
        85  ................  ffffffffffffffffffffffffffffffff
        72  ................  92929292929292929292929292929292
        43  ................  dddddddddddddddddddddddddddddddd
        37  ................  cccccccccccccccccccccccccccccccc
        36  ................  2e2e2e2e2e2e2e2e2e2e2e2e2e2e2e2e
        31  qqqqqqqqqqqqqqqq  71717171717171717171717171717171
        29  """"""""""""""""  22222222222222222222222222222222
        28  ................  cdcdcdcdcdcdcdcdcdcdcdcdcdcdcdcd
        26  ................  f3f3f3f3f3f3f3f3f3f3f3f3f3f3f3f3
# epoch 11180  H=7.6247 C=7.2545 HO=0.3702  A(t)=395
       172  ????????????????  3f3f3f3f3f3f3f3f3f3f3f3f3f3f3f3f
        66  ................  92929292929292929292929292929292
        63  ................  ffffffffffffffffffffffffffffffff
        56  6666666666666666  36363636363636363636363636363636
        50  ::::::::::::::::  3a3a3a3a3a3a3a3a3a3a3a3a3a3a3a3a
        48  ................  9c9c9c9c9c9c9c9c9c9c9c9c9c9c9c9c
        48  vvvvvvvvvvvvvvvv  76767676767676767676767676767676
        39  ................  dddddddddddddddddddddddddddddddd
        37  ................  cccccccccccccccccccccccccccccccc
        36  ................  2e2e2e2e2e2e2e2e2e2e2e2e2e2e2e2e
# epoch 11200  H=7.6269 C=7.2402 HO=0.3866  A(t)=395
       120  ????????????????  3f3f3f3f3f3f3f3f3f3f3f3f3f3f3f3f
        59  ................  92929292929292929292929292929292
        53  6666666666666666  36363636363636363636363636363636
        47  ................  9c9c9c9c9c9c9c9c9c9c9c9c9c9c9c9c
        46  ::::::::::::::::  3a3a3a3a3a3a3a3a3a3a3a3a3a3a3a3a
        45  ****************  2a2a2a2a2a2a2a2a2a2a2a2a2a2a2a2a
        44  ................  ffffffffffffffffffffffffffffffff
        44  ................  90909090909090909090909090909090
        39  ................  dddddddddddddddddddddddddddddddd
        38  vvvvvvvvvvvvvvvv  76767676767676767676767676767676
# epoch 11220  H=7.6259 C=7.2482 HO=0.3778  A(t)=395
       117  ????????????????  3f3f3f3f3f3f3f3f3f3f3f3f3f3f3f3f
        59  ................  92929292929292929292929292929292
        52  6666666666666666  36363636363636363636363636363636
        49  2222222222222222  32323232323232323232323232323232
        46  <<<<<<<<<<<<<<<<  3c3c3c3c3c3c3c3c3c3c3c3c3c3c3c3c
        46  ::::::::::::::::  3a3a3a3a3a3a3a3a3a3a3a3a3a3a3a3a
        44  ................  ffffffffffffffffffffffffffffffff
        41  ................  9c9c9c9c9c9c9c9c9c9c9c9c9c9c9c9c
        37  ................  dddddddddddddddddddddddddddddddd
        37  vvvvvvvvvvvvvvvv  76767676767676767676767676767676
# epoch 11240  H=7.6163 C=7.2435 HO=0.3728  A(t)=395
       117  ????????????????  3f3f3f3f3f3f3f3f3f3f3f3f3f3f3f3f
        92  <<<<<<<<<<<<<<<<  3c3c3c3c3c3c3c3c3c3c3c3c3c3c3c3c
        50  ................  92929292929292929292929292929292
        46  ::::::::::::::::  3a3a3a3a3a3a3a3a3a3a3a3a3a3a3a3a
        44  ................  ffffffffffffffffffffffffffffffff
        44  2222222222222222  32323232323232323232323232323232
        43  ................  c0c0c0c0c0c0c0c0c0c0c0c0c0c0c0c0
        37  ................  dddddddddddddddddddddddddddddddd
        37  vvvvvvvvvvvvvvvv  76767676767676767676767676767676
        37  6666666666666666  36363636363636363636363636363636
# epoch 11260  H=7.6168 C=7.2528 HO=0.3640  A(t)=395
       107  ????????????????  3f3f3f3f3f3f3f3f3f3f3f3f3f3f3f3f
        74  <<<<<<<<<<<<<<<<  3c3c3c3c3c3c3c3c3c3c3c3c3c3c3c3c
        50  ................  92929292929292929292929292929292
        46  !!!!!!!!!!!!!!!!  21212121212121212121212121212121
        36  6666666666666666  36363636363636363636363636363636
        36  ................  2e2e2e2e2e2e2e2e2e2e2e2e2e2e2e2e
        33  ................  cccccccccccccccccccccccccccccccc
        30  2222222222222222  32323232323232323232323232323232
        29  ................  86868686868686868686868686868686
        28  ................  bebebebebebebebebebebebebebebebe
# epoch 11280  H=7.6147 C=7.2583 HO=0.3564  A(t)=395
        84  ????????????????  3f3f3f3f3f3f3f3f3f3f3f3f3f3f3f3f
        74  <<<<<<<<<<<<<<<<  3c3c3c3c3c3c3c3c3c3c3c3c3c3c3c3c
        50  ................  92929292929292929292929292929292
        36  ................  2e2e2e2e2e2e2e2e2e2e2e2e2e2e2e2e
        33  ................  cccccccccccccccccccccccccccccccc
        33  !!!!!!!!!!!!!!!!  21212121212121212121212121212121
        30  2222222222222222  32323232323232323232323232323232
        29  ................  86868686868686868686868686868686
        27  ................  bebebebebebebebebebebebebebebebe
        26  ................  ffffffffffffffffffffffffffffffff
# epoch 11300  H=7.6096 C=7.2535 HO=0.3561  A(t)=398
        84  ????????????????  3f3f3f3f3f3f3f3f3f3f3f3f3f3f3f3f
        73  <<<<<<<<<<<<<<<<  3c3c3c3c3c3c3c3c3c3c3c3c3c3c3c3c
        55  9999999999999999  39393939393939393939393939393939
        39  ................  92929292929292929292929292929292
        30  2222222222222222  32323232323232323232323232323232
        29  ................  86868686868686868686868686868686
        27  ................  bebebebebebebebebebebebebebebebe
        26  ................  ffffffffffffffffffffffffffffffff
        26  ................  eaeaeaeaeaeaeaeaeaeaeaeaeaeaeaea
        25  """"""""""""""""  22222222222222222222222222222222
# epoch 11320  H=7.5998 C=7.2480 HO=0.3517  A(t)=398
        81  ????????????????  3f3f3f3f3f3f3f3f3f3f3f3f3f3f3f3f
        73  <<<<<<<<<<<<<<<<  3c3c3c3c3c3c3c3c3c3c3c3c3c3c3c3c
        49  9999999999999999  39393939393939393939393939393939
        39  ................  92929292929292929292929292929292
        30  2222222222222222  32323232323232323232323232323232
        29  ................  86868686868686868686868686868686
        27  ................  bebebebebebebebebebebebebebebebe
        26  }}}}}}}}}}}}}}}}  7d7d7d7d7d7d7d7d7d7d7d7d7d7d7d7d
        25  ................  ffffffffffffffffffffffffffffffff
        23  ................  dddddddddddddddddddddddddddddddd
# epoch 11340  H=7.6027 C=7.2504 HO=0.3524  A(t)=401
        77  ????????????????  3f3f3f3f3f3f3f3f3f3f3f3f3f3f3f3f
        60  ................  c0c0c0c0c0c0c0c0c0c0c0c0c0c0c0c0
        59  <<<<<<<<<<<<<<<<  3c3c3c3c3c3c3c3c3c3c3c3c3c3c3c3c
        48  9999999999999999  39393939393939393939393939393939
        45  ................  c4c4c4c4c4c4c4c4c4c4c4c4c4c4c4c4
        38  ................  92929292929292929292929292929292
        30  2222222222222222  32323232323232323232323232323232
        29  ................  86868686868686868686868686868686
        27  ................  bebebebebebebebebebebebebebebebe
        25  ................  ffffffffffffffffffffffffffffffff
# epoch 11360  H=7.6018 C=7.2686 HO=0.3332  A(t)=401
        77  ????????????????  3f3f3f3f3f3f3f3f3f3f3f3f3f3f3f3f
        59  <<<<<<<<<<<<<<<<  3c3c3c3c3c3c3c3c3c3c3c3c3c3c3c3c
        48  9999999999999999  39393939393939393939393939393939
        34  ................  c4c4c4c4c4c4c4c4c4c4c4c4c4c4c4c4
        30  2222222222222222  32323232323232323232323232323232
        27  ................  c0c0c0c0c0c0c0c0c0c0c0c0c0c0c0c0
        27  ................  bebebebebebebebebebebebebebebebe
        26  ................  92929292929292929292929292929292
        25  ................  ffffffffffffffffffffffffffffffff
        23  ................  dddddddddddddddddddddddddddddddd
# epoch 11380  H=7.5998 C=7.2817 HO=0.3181  A(t)=401
        72  ????????????????  3f3f3f3f3f3f3f3f3f3f3f3f3f3f3f3f
        52  <<<<<<<<<<<<<<<<  3c3c3c3c3c3c3c3c3c3c3c3c3c3c3c3c
        48  9999999999999999  39393939393939393939393939393939
        32  ................  c4c4c4c4c4c4c4c4c4c4c4c4c4c4c4c4
        25  ................  ffffffffffffffffffffffffffffffff
        23  ................  dddddddddddddddddddddddddddddddd
        21  ................  bebebebebebebebebebebebebebebebe
        21  !!!!!!!!!!!!!!!!  21212121212121212121212121212121
        18  ................  92929292929292929292929292929292
        16  2222222222222222  32323232323232323232323232323232
# epoch 11400  H=7.5918 C=7.2651 HO=0.3266  A(t)=401
        65  ????????????????  3f3f3f3f3f3f3f3f3f3f3f3f3f3f3f3f
        48  9999999999999999  39393939393939393939393939393939
        46  ................  c9c9c9c9c9c9c9c9c9c9c9c9c9c9c9c9
        46  ................  84848484848484848484848484848484
        36  ,,,,,,,,,,,,,,,,  2c2c2c2c2c2c2c2c2c2c2c2c2c2c2c2c
        35  <<<<<<<<<<<<<<<<  3c3c3c3c3c3c3c3c3c3c3c3c3c3c3c3c
        25  ................  ffffffffffffffffffffffffffffffff
        23  ................  dddddddddddddddddddddddddddddddd
        21  !!!!!!!!!!!!!!!!  21212121212121212121212121212121
        16  2222222222222222  32323232323232323232323232323232
# epoch 11420  H=7.5971 C=7.2688 HO=0.3283  A(t)=401
        44  ................  c9c9c9c9c9c9c9c9c9c9c9c9c9c9c9c9
        44  9999999999999999  39393939393939393939393939393939
        42  ................  84848484848484848484848484848484
        35  <<<<<<<<<<<<<<<<  3c3c3c3c3c3c3c3c3c3c3c3c3c3c3c3c
        28  ................  fefefefefefefefefefefefefefefefe
        28  ????????????????  3f3f3f3f3f3f3f3f3f3f3f3f3f3f3f3f
        26  ,,,,,,,,,,,,,,,,  2c2c2c2c2c2c2c2c2c2c2c2c2c2c2c2c
        25  ................  ffffffffffffffffffffffffffffffff
        23  ................  dddddddddddddddddddddddddddddddd
        21  !!!!!!!!!!!!!!!!  21212121212121212121212121212121
# epoch 11440  H=7.6005 C=7.2727 HO=0.3278  A(t)=401
        51  <<<<<<<<<<<<<<<<  3c3c3c3c3c3c3c3c3c3c3c3c3c3c3c3c
        44  9999999999999999  39393939393939393939393939393939
        42  ................  84848484848484848484848484848484
        37  ................  c9c9c9c9c9c9c9c9c9c9c9c9c9c9c9c9
        28  ................  fefefefefefefefefefefefefefefefe
        28  ????????????????  3f3f3f3f3f3f3f3f3f3f3f3f3f3f3f3f
        23  ................  dddddddddddddddddddddddddddddddd
        22  ................  ffffffffffffffffffffffffffffffff
        21  !!!!!!!!!!!!!!!!  21212121212121212121212121212121
        16  2222222222222222  32323232323232323232323232323232
# epoch 11460  H=7.6103 C=7.2852 HO=0.3252  A(t)=401
        70  ................  c9c9c9c9c9c9c9c9c9c9c9c9c9c9c9c9
        48  <<<<<<<<<<<<<<<<  3c3c3c3c3c3c3c3c3c3c3c3c3c3c3c3c
        44  9999999999999999  39393939393939393939393939393939
        38  ................  84848484848484848484848484848484
        28  ................  fefefefefefefefefefefefefefefefe
        28  ????????????????  3f3f3f3f3f3f3f3f3f3f3f3f3f3f3f3f
        22  ................  ffffffffffffffffffffffffffffffff
        22  ................  dddddddddddddddddddddddddddddddd
        21  !!!!!!!!!!!!!!!!  21212121212121212121212121212121
        16  2222222222222222  32323232323232323232323232323232
# epoch 11480  H=7.6022 C=7.2802 HO=0.3220  A(t)=401
        66  ................  c9c9c9c9c9c9c9c9c9c9c9c9c9c9c9c9
        48  <<<<<<<<<<<<<<<<  3c3c3c3c3c3c3c3c3c3c3c3c3c3c3c3c
        46  ................  bfbfbfbfbfbfbfbfbfbfbfbfbfbfbfbf
        40  9999999999999999  39393939393939393939393939393939
        35  ................  84848484848484848484848484848484
        22  ................  ffffffffffffffffffffffffffffffff
        19  ????????????????  3f3f3f3f3f3f3f3f3f3f3f3f3f3f3f3f
        16  2222222222222222  32323232323232323232323232323232
        15  @@@@@@@@@@@@@@@@  40404040404040404040404040404040
        15  ,,,,,,,,,,,,,,,,  2c2c2c2c2c2c2c2c2c2c2c2c2c2c2c2c
# epoch 11500  H=7.6051 C=7.2740 HO=0.3310  A(t)=401
        66  ................  c9c9c9c9c9c9c9c9c9c9c9c9c9c9c9c9
        59  ||||||||||||||||  7c7c7c7c7c7c7c7c7c7c7c7c7c7c7c7c
        48  ................  a3a3a3a3a3a3a3a3a3a3a3a3a3a3a3a3
        44  <<<<<<<<<<<<<<<<  3c3c3c3c3c3c3c3c3c3c3c3c3c3c3c3c
        38  ................  bfbfbfbfbfbfbfbfbfbfbfbfbfbfbfbf
        36  ................  e0e0e0e0e0e0e0e0e0e0e0e0e0e0e0e0
        36  ................  cccccccccccccccccccccccccccccccc
        35  ................  84848484848484848484848484848484
        30  9999999999999999  39393939393939393939393939393939
        22  ................  ffffffffffffffffffffffffffffffff
# epoch 11520  H=7.6070 C=7.2828 HO=0.3241  A(t)=401
        66  ................  c9c9c9c9c9c9c9c9c9c9c9c9c9c9c9c9
        42  ................  a3a3a3a3a3a3a3a3a3a3a3a3a3a3a3a3
        41  ||||||||||||||||  7c7c7c7c7c7c7c7c7c7c7c7c7c7c7c7c
        38  ................  bfbfbfbfbfbfbfbfbfbfbfbfbfbfbfbf
        36  ................  e0e0e0e0e0e0e0e0e0e0e0e0e0e0e0e0
        35  <<<<<<<<<<<<<<<<  3c3c3c3c3c3c3c3c3c3c3c3c3c3c3c3c
        32  ................  84848484848484848484848484848484
        26  9999999999999999  39393939393939393939393939393939
        25  ................  cccccccccccccccccccccccccccccccc
        22  ................  ffffffffffffffffffffffffffffffff
# epoch 11540  H=7.6116 C=7.2949 HO=0.3167  A(t)=401
        48  ................  c9c9c9c9c9c9c9c9c9c9c9c9c9c9c9c9
        44  ||||||||||||||||  7c7c7c7c7c7c7c7c7c7c7c7c7c7c7c7c
        37  ................  bfbfbfbfbfbfbfbfbfbfbfbfbfbfbfbf
        36  ................  e0e0e0e0e0e0e0e0e0e0e0e0e0e0e0e0
        36  ................  a3a3a3a3a3a3a3a3a3a3a3a3a3a3a3a3
        32  ................  84848484848484848484848484848484
        29  <<<<<<<<<<<<<<<<  3c3c3c3c3c3c3c3c3c3c3c3c3c3c3c3c
        26  9999999999999999  39393939393939393939393939393939
        25  ................  cccccccccccccccccccccccccccccccc
        22  ................  ffffffffffffffffffffffffffffffff
# epoch 11560  H=7.6098 C=7.3022 HO=0.3075  A(t)=401
        48  ................  c9c9c9c9c9c9c9c9c9c9c9c9c9c9c9c9
        47  """"""""""""""""  22222222222222222222222222222222
        35  ................  a3a3a3a3a3a3a3a3a3a3a3a3a3a3a3a3
        32  ................  e0e0e0e0e0e0e0e0e0e0e0e0e0e0e0e0
        32  ................  84848484848484848484848484848484
        30  ................  bfbfbfbfbfbfbfbfbfbfbfbfbfbfbfbf
        30  <<<<<<<<<<<<<<<<  3c3c3c3c3c3c3c3c3c3c3c3c3c3c3c3c
        29  ||||||||||||||||  7c7c7c7c7c7c7c7c7c7c7c7c7c7c7c7c
        26  9999999999999999  39393939393939393939393939393939
        25  ................  cccccccccccccccccccccccccccccccc
# epoch 11580  H=7.6135 C=7.2928 HO=0.3207  A(t)=401
        41  ................  8f8f8f8f8f8f8f8f8f8f8f8f8f8f8f8f
        40  """"""""""""""""  22222222222222222222222222222222
        38  ................  c9c9c9c9c9c9c9c9c9c9c9c9c9c9c9c9
        32  ................  e0e0e0e0e0e0e0e0e0e0e0e0e0e0e0e0
        32  ................  84848484848484848484848484848484
        31  ................  c2c2c2c2c2c2c2c2c2c2c2c2c2c2c2c2
        30  ................  bfbfbfbfbfbfbfbfbfbfbfbfbfbfbfbf
        30  ................  a3a3a3a3a3a3a3a3a3a3a3a3a3a3a3a3
        29  ||||||||||||||||  7c7c7c7c7c7c7c7c7c7c7c7c7c7c7c7c
        29  <<<<<<<<<<<<<<<<  3c3c3c3c3c3c3c3c3c3c3c3c3c3c3c3c
# epoch 11600  H=7.6068 C=7.2870 HO=0.3198  A(t)=403
        75  9999999999999999  39393939393939393939393939393939
        72  <<<<<<<<<<<<<<<<  3c3c3c3c3c3c3c3c3c3c3c3c3c3c3c3c
        38  ................  c9c9c9c9c9c9c9c9c9c9c9c9c9c9c9c9
        30  ................  a3a3a3a3a3a3a3a3a3a3a3a3a3a3a3a3
        27  ................  1c1c1c1c1c1c1c1c1c1c1c1c1c1c1c1c
        25  ................  cccccccccccccccccccccccccccccccc
        24  ................  c2c2c2c2c2c2c2c2c2c2c2c2c2c2c2c2
        24  ................  84848484848484848484848484848484
        23  """"""""""""""""  22222222222222222222222222222222
        22  ................  ffffffffffffffffffffffffffffffff
# epoch 11620  H=7.6038 C=7.2775 HO=0.3264  A(t)=403
        70  9999999999999999  39393939393939393939393939393939
        48  <<<<<<<<<<<<<<<<  3c3c3c3c3c3c3c3c3c3c3c3c3c3c3c3c
        45  ................  edededededededededededededededed
        43  AAAAAAAAAAAAAAAA  41414141414141414141414141414141
        38  ................  c9c9c9c9c9c9c9c9c9c9c9c9c9c9c9c9
        32  pppppppppppppppp  70707070707070707070707070707070
        30  ................  a3a3a3a3a3a3a3a3a3a3a3a3a3a3a3a3
        27  ................  1c1c1c1c1c1c1c1c1c1c1c1c1c1c1c1c
        25  ................  cccccccccccccccccccccccccccccccc
        22  ................  ffffffffffffffffffffffffffffffff
# epoch 11640  H=7.5800 C=7.2604 HO=0.3196  A(t)=403
       132  <<<<<<<<<<<<<<<<  3c3c3c3c3c3c3c3c3c3c3c3c3c3c3c3c
        58  9999999999999999  39393939393939393939393939393939
        44  ................  edededededededededededededededed
        43  AAAAAAAAAAAAAAAA  41414141414141414141414141414141
        38  ................  c9c9c9c9c9c9c9c9c9c9c9c9c9c9c9c9
        31  pppppppppppppppp  70707070707070707070707070707070
        30  ................  a3a3a3a3a3a3a3a3a3a3a3a3a3a3a3a3
        27  ................  1c1c1c1c1c1c1c1c1c1c1c1c1c1c1c1c
        22  ................  ffffffffffffffffffffffffffffffff
        22  >>>>>>>>>>>>>>>>  3e3e3e3e3e3e3e3e3e3e3e3e3e3e3e3e
# epoch 11660  H=7.5828 C=7.2648 HO=0.3181  A(t)=403
       143  <<<<<<<<<<<<<<<<  3c3c3c3c3c3c3c3c3c3c3c3c3c3c3c3c
        57  9999999999999999  39393939393939393939393939393939
        47  ................  c4c4c4c4c4c4c4c4c4c4c4c4c4c4c4c4
        39  ................  edededededededededededededededed
        37  ................  c9c9c9c9c9c9c9c9c9c9c9c9c9c9c9c9
        31  pppppppppppppppp  70707070707070707070707070707070
        27  ................  a3a3a3a3a3a3a3a3a3a3a3a3a3a3a3a3
        27  ................  1c1c1c1c1c1c1c1c1c1c1c1c1c1c1c1c
        19  >>>>>>>>>>>>>>>>  3e3e3e3e3e3e3e3e3e3e3e3e3e3e3e3e
        18  ................  ffffffffffffffffffffffffffffffff
# epoch 11680  H=7.5799 C=7.2628 HO=0.3170  A(t)=403
       138  <<<<<<<<<<<<<<<<  3c3c3c3c3c3c3c3c3c3c3c3c3c3c3c3c
        58  @@@@@@@@@@@@@@@@  40404040404040404040404040404040
        49  9999999999999999  39393939393939393939393939393939
        48  ................  e1e1e1e1e1e1e1e1e1e1e1e1e1e1e1e1
        37  ................  c9c9c9c9c9c9c9c9c9c9c9c9c9c9c9c9
        33  ................  edededededededededededededededed
        33  ................  c4c4c4c4c4c4c4c4c4c4c4c4c4c4c4c4
        27  ................  a3a3a3a3a3a3a3a3a3a3a3a3a3a3a3a3
        19  ................  1c1c1c1c1c1c1c1c1c1c1c1c1c1c1c1c
        18  ................  ffffffffffffffffffffffffffffffff
# epoch 11700  H=7.5738 C=7.2637 HO=0.3101  A(t)=403
       134  <<<<<<<<<<<<<<<<  3c3c3c3c3c3c3c3c3c3c3c3c3c3c3c3c
        49  9999999999999999  39393939393939393939393939393939
        44  ................  e1e1e1e1e1e1e1e1e1e1e1e1e1e1e1e1
        41  @@@@@@@@@@@@@@@@  40404040404040404040404040404040
        37  ................  c9c9c9c9c9c9c9c9c9c9c9c9c9c9c9c9
        33  ................  edededededededededededededededed
        33  ................  c4c4c4c4c4c4c4c4c4c4c4c4c4c4c4c4
        31  FFFFFFFFFFFFFFFF  46464646464646464646464646464646
        27  ................  a3a3a3a3a3a3a3a3a3a3a3a3a3a3a3a3
        19  ................  1c1c1c1c1c1c1c1c1c1c1c1c1c1c1c1c
# epoch 11720  H=7.5767 C=7.2721 HO=0.3046  A(t)=403
       130  <<<<<<<<<<<<<<<<  3c3c3c3c3c3c3c3c3c3c3c3c3c3c3c3c
        45  ,,,,,,,,,,,,,,,,  2c2c2c2c2c2c2c2c2c2c2c2c2c2c2c2c
        43  9999999999999999  39393939393939393939393939393939
        37  @@@@@@@@@@@@@@@@  40404040404040404040404040404040
        28  ................  edededededededededededededededed
        27  ................  c9c9c9c9c9c9c9c9c9c9c9c9c9c9c9c9
        26  ................  e1e1e1e1e1e1e1e1e1e1e1e1e1e1e1e1
        19  ................  1c1c1c1c1c1c1c1c1c1c1c1c1c1c1c1c
        18  ................  ffffffffffffffffffffffffffffffff
        17  ................  c4c4c4c4c4c4c4c4c4c4c4c4c4c4c4c4
# epoch 11740  H=7.5685 C=7.2758 HO=0.2927  A(t)=403
       129  <<<<<<<<<<<<<<<<  3c3c3c3c3c3c3c3c3c3c3c3c3c3c3c3c
        57  ,,,,,,,,,,,,,,,,  2c2c2c2c2c2c2c2c2c2c2c2c2c2c2c2c
        34  @@@@@@@@@@@@@@@@  40404040404040404040404040404040
        31  9999999999999999  39393939393939393939393939393939
        28  ................  edededededededededededededededed
        27  ................  c9c9c9c9c9c9c9c9c9c9c9c9c9c9c9c9
        26  ................  e1e1e1e1e1e1e1e1e1e1e1e1e1e1e1e1
        18  ................  ffffffffffffffffffffffffffffffff
        16  ................  bfbfbfbfbfbfbfbfbfbfbfbfbfbfbfbf
        12  ................  a3a3a3a3a3a3a3a3a3a3a3a3a3a3a3a3
# epoch 11760  H=7.5664 C=7.2731 HO=0.2934  A(t)=404
       114  <<<<<<<<<<<<<<<<  3c3c3c3c3c3c3c3c3c3c3c3c3c3c3c3c
        50  ,,,,,,,,,,,,,,,,  2c2c2c2c2c2c2c2c2c2c2c2c2c2c2c2c
        48  ................  2e2e2e2e2e2e2e2e2e2e2e2e2e2e2e2e
        40  BBBBBBBBBBBBBBBB  42424242424242424242424242424242
        31  9999999999999999  39393939393939393939393939393939
        26  ................  e1e1e1e1e1e1e1e1e1e1e1e1e1e1e1e1
        22  ................  edededededededededededededededed
        13  ................  c9c9c9c9c9c9c9c9c9c9c9c9c9c9c9c9
        13  @@@@@@@@@@@@@@@@  40404040404040404040404040404040
        12  ................  a3a3a3a3a3a3a3a3a3a3a3a3a3a3a3a3
# epoch 11780  H=7.5728 C=7.2793 HO=0.2935  A(t)=404
        92  <<<<<<<<<<<<<<<<  3c3c3c3c3c3c3c3c3c3c3c3c3c3c3c3c
        40  BBBBBBBBBBBBBBBB  42424242424242424242424242424242
        39  ................  2e2e2e2e2e2e2e2e2e2e2e2e2e2e2e2e
        38  ,,,,,,,,,,,,,,,,  2c2c2c2c2c2c2c2c2c2c2c2c2c2c2c2c
        31  9999999999999999  39393939393939393939393939393939
        25  ................  e1e1e1e1e1e1e1e1e1e1e1e1e1e1e1e1
        22  ................  edededededededededededededededed
        15  pppppppppppppppp  70707070707070707070707070707070
        14  ................  98989898989898989898989898989898
        13  @@@@@@@@@@@@@@@@  40404040404040404040404040404040
# epoch 11800  H=7.5635 C=7.2853 HO=0.2783  A(t)=404
        61  <<<<<<<<<<<<<<<<  3c3c3c3c3c3c3c3c3c3c3c3c3c3c3c3c
        49  ::::::::::::::::  3a3a3a3a3a3a3a3a3a3a3a3a3a3a3a3a
        39  ................  2e2e2e2e2e2e2e2e2e2e2e2e2e2e2e2e
        37  BBBBBBBBBBBBBBBB  42424242424242424242424242424242
        37  ,,,,,,,,,,,,,,,,  2c2c2c2c2c2c2c2c2c2c2c2c2c2c2c2c
        31  9999999999999999  39393939393939393939393939393939
        25  ................  e1e1e1e1e1e1e1e1e1e1e1e1e1e1e1e1
        22  ................  edededededededededededededededed
        14  ................  98989898989898989898989898989898
        13  @@@@@@@@@@@@@@@@  40404040404040404040404040404040
# epoch 11820  H=7.5617 C=7.2941 HO=0.2677  A(t)=404
        61  <<<<<<<<<<<<<<<<  3c3c3c3c3c3c3c3c3c3c3c3c3c3c3c3c
        41  ::::::::::::::::  3a3a3a3a3a3a3a3a3a3a3a3a3a3a3a3a
        37  BBBBBBBBBBBBBBBB  42424242424242424242424242424242
        31  9999999999999999  39393939393939393939393939393939
        25  ................  e1e1e1e1e1e1e1e1e1e1e1e1e1e1e1e1
        24  ,,,,,,,,,,,,,,,,  2c2c2c2c2c2c2c2c2c2c2c2c2c2c2c2c
        23  ................  2e2e2e2e2e2e2e2e2e2e2e2e2e2e2e2e
        14  ................  98989898989898989898989898989898
        13  @@@@@@@@@@@@@@@@  40404040404040404040404040404040
        12  pppppppppppppppp  70707070707070707070707070707070
# epoch 11840  H=7.5538 C=7.2961 HO=0.2577  A(t)=404
        62  <<<<<<<<<<<<<<<<  3c3c3c3c3c3c3c3c3c3c3c3c3c3c3c3c
        37  BBBBBBBBBBBBBBBB  42424242424242424242424242424242
        31  9999999999999999  39393939393939393939393939393939
        26  >>>>>>>>>>>>>>>>  3e3e3e3e3e3e3e3e3e3e3e3e3e3e3e3e
        25  ................  e1e1e1e1e1e1e1e1e1e1e1e1e1e1e1e1
        24  ::::::::::::::::  3a3a3a3a3a3a3a3a3a3a3a3a3a3a3a3a
        24  ,,,,,,,,,,,,,,,,  2c2c2c2c2c2c2c2c2c2c2c2c2c2c2c2c
        15  %%%%%%%%%%%%%%%%  25252525252525252525252525252525
        14  ................  98989898989898989898989898989898
        13  @@@@@@@@@@@@@@@@  40404040404040404040404040404040
# epoch 11860  H=7.5666 C=7.2904 HO=0.2762  A(t)=404
        86  [[[[[[[[[[[[[[[[  5b5b5b5b5b5b5b5b5b5b5b5b5b5b5b5b
        41  ................  03030303030303030303030303030303
        38  ))))))))))))))))  29292929292929292929292929292929
        32  ================  3d3d3d3d3d3d3d3d3d3d3d3d3d3d3d3d
        31  9999999999999999  39393939393939393939393939393939
        30  BBBBBBBBBBBBBBBB  42424242424242424242424242424242
        25  ................  e1e1e1e1e1e1e1e1e1e1e1e1e1e1e1e1
        23  ::::::::::::::::  3a3a3a3a3a3a3a3a3a3a3a3a3a3a3a3a
        23  ,,,,,,,,,,,,,,,,  2c2c2c2c2c2c2c2c2c2c2c2c2c2c2c2c
        16  >>>>>>>>>>>>>>>>  3e3e3e3e3e3e3e3e3e3e3e3e3e3e3e3e
# epoch 11880  H=7.5656 C=7.2850 HO=0.2805  A(t)=404
        70  [[[[[[[[[[[[[[[[  5b5b5b5b5b5b5b5b5b5b5b5b5b5b5b5b
        45  ................  03030303030303030303030303030303
        43  ))))))))))))))))  29292929292929292929292929292929
        33  >>>>>>>>>>>>>>>>  3e3e3e3e3e3e3e3e3e3e3e3e3e3e3e3e
        33  ;;;;;;;;;;;;;;;;  3b3b3b3b3b3b3b3b3b3b3b3b3b3b3b3b
        32  ================  3d3d3d3d3d3d3d3d3d3d3d3d3d3d3d3d
        31  9999999999999999  39393939393939393939393939393939
        30  BBBBBBBBBBBBBBBB  42424242424242424242424242424242
        23  ::::::::::::::::  3a3a3a3a3a3a3a3a3a3a3a3a3a3a3a3a
        23  ,,,,,,,,,,,,,,,,  2c2c2c2c2c2c2c2c2c2c2c2c2c2c2c2c
# epoch 11900  H=7.5620 C=7.2888 HO=0.2732  A(t)=404
        55  [[[[[[[[[[[[[[[[  5b5b5b5b5b5b5b5b5b5b5b5b5b5b5b5b
        40  ................  03030303030303030303030303030303
        37  >>>>>>>>>>>>>>>>  3e3e3e3e3e3e3e3e3e3e3e3e3e3e3e3e
        36  ................  f4f4f4f4f4f4f4f4f4f4f4f4f4f4f4f4
        32  ================  3d3d3d3d3d3d3d3d3d3d3d3d3d3d3d3d
        32  2222222222222222  32323232323232323232323232323232
        31  9999999999999999  39393939393939393939393939393939
        30  BBBBBBBBBBBBBBBB  42424242424242424242424242424242
        30  ))))))))))))))))  29292929292929292929292929292929
        27  ;;;;;;;;;;;;;;;;  3b3b3b3b3b3b3b3b3b3b3b3b3b3b3b3b
# epoch 11920  H=7.5684 C=7.2910 HO=0.2774  A(t)=404
        41  ................  04040404040404040404040404040404
        40  ................  03030303030303030303030303030303
        39  [[[[[[[[[[[[[[[[  5b5b5b5b5b5b5b5b5b5b5b5b5b5b5b5b
        37  ................  07070707070707070707070707070707
        35  ................  f4f4f4f4f4f4f4f4f4f4f4f4f4f4f4f4
        32  ================  3d3d3d3d3d3d3d3d3d3d3d3d3d3d3d3d
        30  ))))))))))))))))  29292929292929292929292929292929
        27  ;;;;;;;;;;;;;;;;  3b3b3b3b3b3b3b3b3b3b3b3b3b3b3b3b
        23  ,,,,,,,,,,,,,,,,  2c2c2c2c2c2c2c2c2c2c2c2c2c2c2c2c
        17  >>>>>>>>>>>>>>>>  3e3e3e3e3e3e3e3e3e3e3e3e3e3e3e3e
# epoch 11940  H=7.5669 C=7.2953 HO=0.2716  A(t)=404
        42  FFFFFFFFFFFFFFFF  46464646464646464646464646464646
        38  [[[[[[[[[[[[[[[[  5b5b5b5b5b5b5b5b5b5b5b5b5b5b5b5b
        37  ................  07070707070707070707070707070707
        33  ................  f4f4f4f4f4f4f4f4f4f4f4f4f4f4f4f4
        33  ................  03030303030303030303030303030303
        29  ================  3d3d3d3d3d3d3d3d3d3d3d3d3d3d3d3d
        29  ................  04040404040404040404040404040404
        27  ;;;;;;;;;;;;;;;;  3b3b3b3b3b3b3b3b3b3b3b3b3b3b3b3b
        23  ,,,,,,,,,,,,,,,,  2c2c2c2c2c2c2c2c2c2c2c2c2c2c2c2c
        14  ................  e1e1e1e1e1e1e1e1e1e1e1e1e1e1e1e1
# epoch 11960  H=7.5529 C=7.2784 HO=0.2745  A(t)=408
        49  ................  18181818181818181818181818181818
        47  ????????????????  3f3f3f3f3f3f3f3f3f3f3f3f3f3f3f3f
        43  ................  14141414141414141414141414141414
        37  ................  07070707070707070707070707070707
        36  FFFFFFFFFFFFFFFF  46464646464646464646464646464646
        33  ................  f4f4f4f4f4f4f4f4f4f4f4f4f4f4f4f4
        33  [[[[[[[[[[[[[[[[  5b5b5b5b5b5b5b5b5b5b5b5b5b5b5b5b
        33  ................  03030303030303030303030303030303
        29  ================  3d3d3d3d3d3d3d3d3d3d3d3d3d3d3d3d
        27  ;;;;;;;;;;;;;;;;  3b3b3b3b3b3b3b3b3b3b3b3b3b3b3b3b
# epoch 11980  H=7.5516 C=7.2845 HO=0.2670  A(t)=409
        43  ................  18181818181818181818181818181818
        41  ================  3d3d3d3d3d3d3d3d3d3d3d3d3d3d3d3d
        37  ................  14141414141414141414141414141414
        36  FFFFFFFFFFFFFFFF  46464646464646464646464646464646
        33  [[[[[[[[[[[[[[[[  5b5b5b5b5b5b5b5b5b5b5b5b5b5b5b5b
        31  ................  07070707070707070707070707070707
        28  ????????????????  3f3f3f3f3f3f3f3f3f3f3f3f3f3f3f3f
        27  ;;;;;;;;;;;;;;;;  3b3b3b3b3b3b3b3b3b3b3b3b3b3b3b3b
        27  ................  04040404040404040404040404040404
        19  ................  f4f4f4f4f4f4f4f4f4f4f4f4f4f4f4f4
# epoch 12000  H=7.5495 C=7.2976 HO=0.2519  A(t)=409
        38  ................  18181818181818181818181818181818
        37  ................  14141414141414141414141414141414
        36  FFFFFFFFFFFFFFFF  46464646464646464646464646464646
        33  [[[[[[[[[[[[[[[[  5b5b5b5b5b5b5b5b5b5b5b5b5b5b5b5b
        31  ................  07070707070707070707070707070707
        28  ????????????????  3f3f3f3f3f3f3f3f3f3f3f3f3f3f3f3f
        27  ================  3d3d3d3d3d3d3d3d3d3d3d3d3d3d3d3d
        27  ................  04040404040404040404040404040404
        16  ................  f4f4f4f4f4f4f4f4f4f4f4f4f4f4f4f4
        14  ................  e1e1e1e1e1e1e1e1e1e1e1e1e1e1e1e1
# epoch 12020  H=7.5377 C=7.2705 HO=0.2672  A(t)=409
        61  ;;;;;;;;;;;;;;;;  3b3b3b3b3b3b3b3b3b3b3b3b3b3b3b3b
        52  ,,,,,,,,,,,,,,,,  2c2c2c2c2c2c2c2c2c2c2c2c2c2c2c2c
        36  FFFFFFFFFFFFFFFF  46464646464646464646464646464646
        35  ................  14141414141414141414141414141414
        33  [[[[[[[[[[[[[[[[  5b5b5b5b5b5b5b5b5b5b5b5b5b5b5b5b
        32  ................  18181818181818181818181818181818
        31  ................  07070707070707070707070707070707
        28  ????????????????  3f3f3f3f3f3f3f3f3f3f3f3f3f3f3f3f
        27  ................  04040404040404040404040404040404
        24  .<.<.<.<.<.<.<.<  aa3caa3caa3caa3caa3caa3caa3caa3c
# epoch 12040  H=7.5314 C=7.2825 HO=0.2489  A(t)=409
        57  ;;;;;;;;;;;;;;;;  3b3b3b3b3b3b3b3b3b3b3b3b3b3b3b3b
        36  ,,,,,,,,,,,,,,,,  2c2c2c2c2c2c2c2c2c2c2c2c2c2c2c2c
        35  ................  14141414141414141414141414141414
        30  FFFFFFFFFFFFFFFF  46464646464646464646464646464646
        27  ????????????????  3f3f3f3f3f3f3f3f3f3f3f3f3f3f3f3f
        27  ................  04040404040404040404040404040404
        25  ................  18181818181818181818181818181818
        21  ................  07070707070707070707070707070707
        20  ................  e1e1e1e1e1e1e1e1e1e1e1e1e1e1e1e1
        19  [[[[[[[[[[[[[[[[  5b5b5b5b5b5b5b5b5b5b5b5b5b5b5b5b
# epoch 12060  H=7.5252 C=7.2743 HO=0.2509  A(t)=409
        47  ;;;;;;;;;;;;;;;;  3b3b3b3b3b3b3b3b3b3b3b3b3b3b3b3b
        39  ................  1a1a1a1a1a1a1a1a1a1a1a1a1a1a1a1a
        36  5555555555555555  35353535353535353535353535353535
        35  ................  14141414141414141414141414141414
        34  ,,,,,,,,,,,,,,,,  2c2c2c2c2c2c2c2c2c2c2c2c2c2c2c2c
        29  FFFFFFFFFFFFFFFF  46464646464646464646464646464646
        27  ????????????????  3f3f3f3f3f3f3f3f3f3f3f3f3f3f3f3f
        25  ................  18181818181818181818181818181818
        24  ................  04040404040404040404040404040404
        21  ................  07070707070707070707070707070707
# epoch 12080  H=7.5235 C=7.2727 HO=0.2508  A(t)=409
        43  9999999999999999  39393939393939393939393939393939
        42  ;;;;;;;;;;;;;;;;  3b3b3b3b3b3b3b3b3b3b3b3b3b3b3b3b
        36  wwwwwwwwwwwwwwww  77777777777777777777777777777777
        36  5555555555555555  35353535353535353535353535353535
        35  ................  14141414141414141414141414141414
        34  ,,,,,,,,,,,,,,,,  2c2c2c2c2c2c2c2c2c2c2c2c2c2c2c2c
        27  FFFFFFFFFFFFFFFF  46464646464646464646464646464646
        25  ????????????????  3f3f3f3f3f3f3f3f3f3f3f3f3f3f3f3f
        25  ................  18181818181818181818181818181818
        24  ................  1a1a1a1a1a1a1a1a1a1a1a1a1a1a1a1a
# epoch 12100  H=7.5217 C=7.2865 HO=0.2352  A(t)=414
        42  9999999999999999  39393939393939393939393939393939
        34  ,,,,,,,,,,,,,,,,  2c2c2c2c2c2c2c2c2c2c2c2c2c2c2c2c
        29  wwwwwwwwwwwwwwww  77777777777777777777777777777777
        24  ................  04040404040404040404040404040404
        23  FFFFFFFFFFFFFFFF  46464646464646464646464646464646
        23  ????????????????  3f3f3f3f3f3f3f3f3f3f3f3f3f3f3f3f
        22  ................  18181818181818181818181818181818
        21  ................  14141414141414141414141414141414
        20  ................  1a1a1a1a1a1a1a1a1a1a1a1a1a1a1a1a
        19  [[[[[[[[[[[[[[[[  5b5b5b5b5b5b5b5b5b5b5b5b5b5b5b5b
# epoch 12120  H=7.5175 C=7.2749 HO=0.2426  A(t)=416
        48  ................  93939393939393939393939393939393
        41  9999999999999999  39393939393939393939393939393939
        37  ................  94949494949494949494949494949494
        32  ,,,,,,,,,,,,,,,,  2c2c2c2c2c2c2c2c2c2c2c2c2c2c2c2c
        21  ................  18181818181818181818181818181818
        21  ................  14141414141414141414141414141414
        20  ................  04040404040404040404040404040404
        19  [[[[[[[[[[[[[[[[  5b5b5b5b5b5b5b5b5b5b5b5b5b5b5b5b
        19  5555555555555555  35353535353535353535353535353535
        15  ????????????????  3f3f3f3f3f3f3f3f3f3f3f3f3f3f3f3f
# epoch 12140  H=7.5156 C=7.2804 HO=0.2352  A(t)=416
        44  ................  93939393939393939393939393939393
        39  9999999999999999  39393939393939393939393939393939
        38  ]]]]]]]]]]]]]]]]  5d5d5d5d5d5d5d5d5d5d5d5d5d5d5d5d
        37  ................  94949494949494949494949494949494
        31  ,,,,,,,,,,,,,,,,  2c2c2c2c2c2c2c2c2c2c2c2c2c2c2c2c
        21  ................  18181818181818181818181818181818
        21  ................  14141414141414141414141414141414
        19  5555555555555555  35353535353535353535353535353535
        17  ................  04040404040404040404040404040404
        15  ????????????????  3f3f3f3f3f3f3f3f3f3f3f3f3f3f3f3f
# epoch 12160  H=7.5151 C=7.2965 HO=0.2186  A(t)=418
        42  ................  93939393939393939393939393939393
        37  ................  94949494949494949494949494949494
        24  9999999999999999  39393939393939393939393939393939
        21  ................  18181818181818181818181818181818
        21  ................  14141414141414141414141414141414
        19  5555555555555555  35353535353535353535353535353535
        17  ................  04040404040404040404040404040404
        16  .].].].].].].].]  e25de25de25de25de25de25de25de25d
        16  ].].].].].].].].  5de25de25de25de25de25de25de25de2
        16  ,,,,,,,,,,,,,,,,  2c2c2c2c2c2c2c2c2c2c2c2c2c2c2c2c
# epoch 12180  H=7.5175 C=7.2955 HO=0.2219  A(t)=418
        43  ................  b2b2b2b2b2b2b2b2b2b2b2b2b2b2b2b2
        39  ................  93939393939393939393939393939393
        36  ................  94949494949494949494949494949494
        20  ................  14141414141414141414141414141414
        19  5555555555555555  35353535353535353535353535353535
        17  ................  04040404040404040404040404040404
        16  .].].].].].].].]  e25de25de25de25de25de25de25de25d
        16  ].].].].].].].].  5de25de25de25de25de25de25de25de2
        16  ,,,,,,,,,,,,,,,,  2c2c2c2c2c2c2c2c2c2c2c2c2c2c2c2c
        15  ????????????????  3f3f3f3f3f3f3f3f3f3f3f3f3f3f3f3f
# epoch 12200  H=7.5062 C=7.2703 HO=0.2360  A(t)=418
        49  ^^^^^^^^^^^^^^^^  5e5e5e5e5e5e5e5e5e5e5e5e5e5e5e5e
        49  5555555555555555  35353535353535353535353535353535
        47  ................  00000000000000000000000000000000
        43  ................  b2b2b2b2b2b2b2b2b2b2b2b2b2b2b2b2
        37  ................  93939393939393939393939393939393
        36  ................  94949494949494949494949494949494
        33  >>>>>>>>>>>>>>>>  3e3e3e3e3e3e3e3e3e3e3e3e3e3e3e3e
        30  ,,,,,,,,,,,,,,,,  2c2c2c2c2c2c2c2c2c2c2c2c2c2c2c2c
        20  ................  14141414141414141414141414141414
        17  ................  04040404040404040404040404040404
# epoch 12220  H=7.5092 C=7.2804 HO=0.2288  A(t)=418
        45  ^^^^^^^^^^^^^^^^  5e5e5e5e5e5e5e5e5e5e5e5e5e5e5e5e
        43  5555555555555555  35353535353535353535353535353535
        37  ................  93939393939393939393939393939393
        36  ................  94949494949494949494949494949494
        33  ................  b2b2b2b2b2b2b2b2b2b2b2b2b2b2b2b2
        31  ................  00000000000000000000000000000000
        28  ,,,,,,,,,,,,,,,,  2c2c2c2c2c2c2c2c2c2c2c2c2c2c2c2c
        19  ................  2e2e2e2e2e2e2e2e2e2e2e2e2e2e2e2e
        17  >>>>>>>>>>>>>>>>  3e3e3e3e3e3e3e3e3e3e3e3e3e3e3e3e
        17  ................  14141414141414141414141414141414
# epoch 12240  H=7.5241 C=7.3032 HO=0.2208  A(t)=420
        33  ................  93939393939393939393939393939393
        31  ................  00000000000000000000000000000000
        28  ,,,,,,,,,,,,,,,,  2c2c2c2c2c2c2c2c2c2c2c2c2c2c2c2c
        27  5555555555555555  35353535353535353535353535353535
        20  ................  94949494949494949494949494949494
        19  ................  b2b2b2b2b2b2b2b2b2b2b2b2b2b2b2b2
        19  ................  2e2e2e2e2e2e2e2e2e2e2e2e2e2e2e2e
        18  ^^^^^^^^^^^^^^^^  5e5e5e5e5e5e5e5e5e5e5e5e5e5e5e5e
        17  ................  04040404040404040404040404040404
        16  .].].].].].].].]  e25de25de25de25de25de25de25de25d
# epoch 12260  H=7.5229 C=7.3113 HO=0.2116  A(t)=420
        44  ................  8b8b8b8b8b8b8b8b8b8b8b8b8b8b8b8b
        31  ................  93939393939393939393939393939393
        30  ................  00000000000000000000000000000000
        23  5555555555555555  35353535353535353535353535353535
        20  ................  94949494949494949494949494949494
        18  ................  b2b2b2b2b2b2b2b2b2b2b2b2b2b2b2b2
        18  ^^^^^^^^^^^^^^^^  5e5e5e5e5e5e5e5e5e5e5e5e5e5e5e5e
        16  ,,,,,,,,,,,,,,,,  2c2c2c2c2c2c2c2c2c2c2c2c2c2c2c2c
        15  ................  04040404040404040404040404040404
        13  9999999999999999  39393939393939393939393939393939
# epoch 12280  H=7.5265 C=7.3104 HO=0.2161  A(t)=420
        39  ssssssssssssssss  73737373737373737373737373737373
        38  ................  8b8b8b8b8b8b8b8b8b8b8b8b8b8b8b8b
        31  ................  93939393939393939393939393939393
        30  ................  00000000000000000000000000000000
        23  5555555555555555  35353535353535353535353535353535
        20  ................  94949494949494949494949494949494
        18  ................  b2b2b2b2b2b2b2b2b2b2b2b2b2b2b2b2
        18  ^^^^^^^^^^^^^^^^  5e5e5e5e5e5e5e5e5e5e5e5e5e5e5e5e
        16  ,,,,,,,,,,,,,,,,  2c2c2c2c2c2c2c2c2c2c2c2c2c2c2c2c
        15  ................  04040404040404040404040404040404
# epoch 12300  H=7.5104 C=7.2937 HO=0.2167  A(t)=420
        44  <<<<<<<<<<<<<<<<  3c3c3c3c3c3c3c3c3c3c3c3c3c3c3c3c
        38  ................  8b8b8b8b8b8b8b8b8b8b8b8b8b8b8b8b
        35  ssssssssssssssss  73737373737373737373737373737373
        31  ................  93939393939393939393939393939393
        30  ................  00000000000000000000000000000000
        23  5555555555555555  35353535353535353535353535353535
        20  ................  94949494949494949494949494949494
        18  ................  b2b2b2b2b2b2b2b2b2b2b2b2b2b2b2b2
        18  ^^^^^^^^^^^^^^^^  5e5e5e5e5e5e5e5e5e5e5e5e5e5e5e5e
        15  ................  04040404040404040404040404040404
# epoch 12320  H=7.5054 C=7.2939 HO=0.2115  A(t)=420
        80  <<<<<<<<<<<<<<<<  3c3c3c3c3c3c3c3c3c3c3c3c3c3c3c3c
        38  ................  8b8b8b8b8b8b8b8b8b8b8b8b8b8b8b8b
        34  ssssssssssssssss  73737373737373737373737373737373
        30  ................  00000000000000000000000000000000
        23  ................  93939393939393939393939393939393
        23  5555555555555555  35353535353535353535353535353535
        20  ................  94949494949494949494949494949494
        18  ................  b2b2b2b2b2b2b2b2b2b2b2b2b2b2b2b2
        18  ^^^^^^^^^^^^^^^^  5e5e5e5e5e5e5e5e5e5e5e5e5e5e5e5e
        15  ................  04040404040404040404040404040404
# epoch 12340  H=7.4877 C=7.2714 HO=0.2163  A(t)=420
       122  <<<<<<<<<<<<<<<<  3c3c3c3c3c3c3c3c3c3c3c3c3c3c3c3c
        39  ,,,,,,,,,,,,,,,,  2c2c2c2c2c2c2c2c2c2c2c2c2c2c2c2c
        38  [[[[[[[[[[[[[[[[  5b5b5b5b5b5b5b5b5b5b5b5b5b5b5b5b
        32  ssssssssssssssss  73737373737373737373737373737373
        27  ................  00000000000000000000000000000000
        21  ................  8b8b8b8b8b8b8b8b8b8b8b8b8b8b8b8b
        18  ................  b2b2b2b2b2b2b2b2b2b2b2b2b2b2b2b2
        18  ................  94949494949494949494949494949494
        17  5555555555555555  35353535353535353535353535353535
        15  ................  04040404040404040404040404040404
# epoch 12360  H=7.4950 C=7.2786 HO=0.2164  A(t)=420
        93  <<<<<<<<<<<<<<<<  3c3c3c3c3c3c3c3c3c3c3c3c3c3c3c3c
        38  [[[[[[[[[[[[[[[[  5b5b5b5b5b5b5b5b5b5b5b5b5b5b5b5b
        35  ,,,,,,,,,,,,,,,,  2c2c2c2c2c2c2c2c2c2c2c2c2c2c2c2c
        32  ssssssssssssssss  73737373737373737373737373737373
        21  ................  8b8b8b8b8b8b8b8b8b8b8b8b8b8b8b8b
        18  ................  b2b2b2b2b2b2b2b2b2b2b2b2b2b2b2b2
        18  ................  94949494949494949494949494949494
        15  ................  04040404040404040404040404040404
        14  5555555555555555  35353535353535353535353535353535
        14  ................  00000000000000000000000000000000
# epoch 12380  H=7.4842 C=7.2634 HO=0.2208  A(t)=420
       110  <<<<<<<<<<<<<<<<  3c3c3c3c3c3c3c3c3c3c3c3c3c3c3c3c
        48  9999999999999999  39393939393939393939393939393939
        42  ................  a3a3a3a3a3a3a3a3a3a3a3a3a3a3a3a3
        41  ,,,,,,,,,,,,,,,,  2c2c2c2c2c2c2c2c2c2c2c2c2c2c2c2c
        33  ----------------  2d2d2d2d2d2d2d2d2d2d2d2d2d2d2d2d
        32  [[[[[[[[[[[[[[[[  5b5b5b5b5b5b5b5b5b5b5b5b5b5b5b5b
        21  ................  8b8b8b8b8b8b8b8b8b8b8b8b8b8b8b8b
        21  ssssssssssssssss  73737373737373737373737373737373
        18  ................  b2b2b2b2b2b2b2b2b2b2b2b2b2b2b2b2
        18  ................  94949494949494949494949494949494
# epoch 12400  H=7.4826 C=7.2601 HO=0.2225  A(t)=420
        76  <<<<<<<<<<<<<<<<  3c3c3c3c3c3c3c3c3c3c3c3c3c3c3c3c
        44  DDDDDDDDDDDDDDDD  44444444444444444444444444444444
        44  8888888888888888  38383838383838383838383838383838
        38  ................  a3a3a3a3a3a3a3a3a3a3a3a3a3a3a3a3
        35  ,,,,,,,,,,,,,,,,  2c2c2c2c2c2c2c2c2c2c2c2c2c2c2c2c
        26  [[[[[[[[[[[[[[[[  5b5b5b5b5b5b5b5b5b5b5b5b5b5b5b5b
        25  9999999999999999  39393939393939393939393939393939
        21  ................  8b8b8b8b8b8b8b8b8b8b8b8b8b8b8b8b
        20  ----------------  2d2d2d2d2d2d2d2d2d2d2d2d2d2d2d2d
        18  ................  b2b2b2b2b2b2b2b2b2b2b2b2b2b2b2b2
# epoch 12420  H=7.4883 C=7.2362 HO=0.2520  A(t)=420
        64  <<<<<<<<<<<<<<<<  3c3c3c3c3c3c3c3c3c3c3c3c3c3c3c3c
        47  ................  e2e2e2e2e2e2e2e2e2e2e2e2e2e2e2e2
        45  ................  e5e5e5e5e5e5e5e5e5e5e5e5e5e5e5e5
        44  7777777777777777  37373737373737373737373737373737
        43  DDDDDDDDDDDDDDDD  44444444444444444444444444444444
        42  9999999999999999  39393939393939393939393939393939
        38  8888888888888888  38383838383838383838383838383838
        37  ................  a3a3a3a3a3a3a3a3a3a3a3a3a3a3a3a3
        31  ,,,,,,,,,,,,,,,,  2c2c2c2c2c2c2c2c2c2c2c2c2c2c2c2c
        26  [[[[[[[[[[[[[[[[  5b5b5b5b5b5b5b5b5b5b5b5b5b5b5b5b
# epoch 12440  H=7.4971 C=7.2627 HO=0.2344  A(t)=422
        40  9999999999999999  39393939393939393939393939393939
        40  7777777777777777  37373737373737373737373737373737
        38  8888888888888888  38383838383838383838383838383838
        37  <<<<<<<<<<<<<<<<  3c3c3c3c3c3c3c3c3c3c3c3c3c3c3c3c
        34  ................  a3a3a3a3a3a3a3a3a3a3a3a3a3a3a3a3
        32  DDDDDDDDDDDDDDDD  44444444444444444444444444444444
        31  ,,,,,,,,,,,,,,,,  2c2c2c2c2c2c2c2c2c2c2c2c2c2c2c2c
        30  ................  e2e2e2e2e2e2e2e2e2e2e2e2e2e2e2e2
        26  [[[[[[[[[[[[[[[[  5b5b5b5b5b5b5b5b5b5b5b5b5b5b5b5b
        21  ................  8b8b8b8b8b8b8b8b8b8b8b8b8b8b8b8b
# epoch 12460  H=7.4877 C=7.2457 HO=0.2419  A(t)=422
        55  ????????????????  3f3f3f3f3f3f3f3f3f3f3f3f3f3f3f3f
        50  >>>>>>>>>>>>>>>>  3e3e3e3e3e3e3e3e3e3e3e3e3e3e3e3e
        46  ''''''''''''''''  27272727272727272727272727272727
        40  9999999999999999  39393939393939393939393939393939
        38  7777777777777777  37373737373737373737373737373737
        34  ................  a3a3a3a3a3a3a3a3a3a3a3a3a3a3a3a3
        31  ,,,,,,,,,,,,,,,,  2c2c2c2c2c2c2c2c2c2c2c2c2c2c2c2c
        30  ................  e2e2e2e2e2e2e2e2e2e2e2e2e2e2e2e2
        30  <<<<<<<<<<<<<<<<  3c3c3c3c3c3c3c3c3c3c3c3c3c3c3c3c
        26  [[[[[[[[[[[[[[[[  5b5b5b5b5b5b5b5b5b5b5b5b5b5b5b5b
# epoch 12480  H=7.4779 C=7.2195 HO=0.2584  A(t)=422
        83  9999999999999999  39393939393939393939393939393939
        51  ????????????????  3f3f3f3f3f3f3f3f3f3f3f3f3f3f3f3f
        37  >>>>>>>>>>>>>>>>  3e3e3e3e3e3e3e3e3e3e3e3e3e3e3e3e
        36  7777777777777777  37373737373737373737373737373737
        34  ................  a3a3a3a3a3a3a3a3a3a3a3a3a3a3a3a3
        34  ================  3d3d3d3d3d3d3d3d3d3d3d3d3d3d3d3d
        31  ,,,,,,,,,,,,,,,,  2c2c2c2c2c2c2c2c2c2c2c2c2c2c2c2c
        30  ................  e2e2e2e2e2e2e2e2e2e2e2e2e2e2e2e2
        26  [[[[[[[[[[[[[[[[  5b5b5b5b5b5b5b5b5b5b5b5b5b5b5b5b
        24  ''''''''''''''''  27272727272727272727272727272727
# epoch 12500  H=7.4803 C=7.2218 HO=0.2585  A(t)=423
        80  9999999999999999  39393939393939393939393939393939
        50  ????????????????  3f3f3f3f3f3f3f3f3f3f3f3f3f3f3f3f
        48  ----------------  2d2d2d2d2d2d2d2d2d2d2d2d2d2d2d2d
        43  >>>>>>>>>>>>>>>>  3e3e3e3e3e3e3e3e3e3e3e3e3e3e3e3e
        38  ................  02020202020202020202020202020202
        36  7777777777777777  37373737373737373737373737373737
        34  ................  a3a3a3a3a3a3a3a3a3a3a3a3a3a3a3a3
        31  ,,,,,,,,,,,,,,,,  2c2c2c2c2c2c2c2c2c2c2c2c2c2c2c2c
        27  ================  3d3d3d3d3d3d3d3d3d3d3d3d3d3d3d3d
        26  [[[[[[[[[[[[[[[[  5b5b5b5b5b5b5b5b5b5b5b5b5b5b5b5b
# epoch 12520  H=7.4676 C=7.2195 HO=0.2481  A(t)=423
       108  <<<<<<<<<<<<<<<<  3c3c3c3c3c3c3c3c3c3c3c3c3c3c3c3c
        76  9999999999999999  39393939393939393939393939393939
        49  ????????????????  3f3f3f3f3f3f3f3f3f3f3f3f3f3f3f3f
        49  >>>>>>>>>>>>>>>>  3e3e3e3e3e3e3e3e3e3e3e3e3e3e3e3e
        40  EEEEEEEEEEEEEEEE  45454545454545454545454545454545
        38  ----------------  2d2d2d2d2d2d2d2d2d2d2d2d2d2d2d2d
        38  ................  02020202020202020202020202020202
        36  7777777777777777  37373737373737373737373737373737
        33  ................  a3a3a3a3a3a3a3a3a3a3a3a3a3a3a3a3
        31  ,,,,,,,,,,,,,,,,  2c2c2c2c2c2c2c2c2c2c2c2c2c2c2c2c
# epoch 12540  H=7.4605 C=7.2156 HO=0.2449  A(t)=423
        79  <<<<<<<<<<<<<<<<  3c3c3c3c3c3c3c3c3c3c3c3c3c3c3c3c
        71  9999999999999999  39393939393939393939393939393939
        47  >>>>>>>>>>>>>>>>  3e3e3e3e3e3e3e3e3e3e3e3e3e3e3e3e
        42  ????????????????  3f3f3f3f3f3f3f3f3f3f3f3f3f3f3f3f
        38  EEEEEEEEEEEEEEEE  45454545454545454545454545454545
        37  ----------------  2d2d2d2d2d2d2d2d2d2d2d2d2d2d2d2d
        37  ................  02020202020202020202020202020202
        36  7777777777777777  37373737373737373737373737373737
        31  ,,,,,,,,,,,,,,,,  2c2c2c2c2c2c2c2c2c2c2c2c2c2c2c2c
        26  [[[[[[[[[[[[[[[[  5b5b5b5b5b5b5b5b5b5b5b5b5b5b5b5b
# epoch 12560  H=7.4604 C=7.2197 HO=0.2407  A(t)=427
        70  9999999999999999  39393939393939393939393939393939
        64  <<<<<<<<<<<<<<<<  3c3c3c3c3c3c3c3c3c3c3c3c3c3c3c3c
        45  >>>>>>>>>>>>>>>>  3e3e3e3e3e3e3e3e3e3e3e3e3e3e3e3e
        42  4444444444444444  34343434343434343434343434343434
        37  ????????????????  3f3f3f3f3f3f3f3f3f3f3f3f3f3f3f3f
        36  7777777777777777  37373737373737373737373737373737
        34  EEEEEEEEEEEEEEEE  45454545454545454545454545454545
        33  ----------------  2d2d2d2d2d2d2d2d2d2d2d2d2d2d2d2d
        29  ,,,,,,,,,,,,,,,,  2c2c2c2c2c2c2c2c2c2c2c2c2c2c2c2c
        24  [[[[[[[[[[[[[[[[  5b5b5b5b5b5b5b5b5b5b5b5b5b5b5b5b
# epoch 12580  H=7.4598 C=7.2299 HO=0.2299  A(t)=427
        70  9999999999999999  39393939393939393939393939393939
        66  <<<<<<<<<<<<<<<<  3c3c3c3c3c3c3c3c3c3c3c3c3c3c3c3c
        45  >>>>>>>>>>>>>>>>  3e3e3e3e3e3e3e3e3e3e3e3e3e3e3e3e
        38  4444444444444444  34343434343434343434343434343434
        37  ????????????????  3f3f3f3f3f3f3f3f3f3f3f3f3f3f3f3f
        34  EEEEEEEEEEEEEEEE  45454545454545454545454545454545
        33  ----------------  2d2d2d2d2d2d2d2d2d2d2d2d2d2d2d2d
        29  7777777777777777  37373737373737373737373737373737
        29  ,,,,,,,,,,,,,,,,  2c2c2c2c2c2c2c2c2c2c2c2c2c2c2c2c
        24  [[[[[[[[[[[[[[[[  5b5b5b5b5b5b5b5b5b5b5b5b5b5b5b5b
# epoch 12600  H=7.4620 C=7.2300 HO=0.2320  A(t)=427
       103  [[[[[[[[[[[[[[[[  5b5b5b5b5b5b5b5b5b5b5b5b5b5b5b5b
        69  ,,,,,,,,,,,,,,,,  2c2c2c2c2c2c2c2c2c2c2c2c2c2c2c2c
        61  9999999999999999  39393939393939393939393939393939
        39  <<<<<<<<<<<<<<<<  3c3c3c3c3c3c3c3c3c3c3c3c3c3c3c3c
        34  EEEEEEEEEEEEEEEE  45454545454545454545454545454545
        33  ----------------  2d2d2d2d2d2d2d2d2d2d2d2d2d2d2d2d
        29  >>>>>>>>>>>>>>>>  3e3e3e3e3e3e3e3e3e3e3e3e3e3e3e3e
        22  ????????????????  3f3f3f3f3f3f3f3f3f3f3f3f3f3f3f3f
        18  7777777777777777  37373737373737373737373737373737
        18  4444444444444444  34343434343434343434343434343434
# epoch 12620  H=7.4525 C=7.2208 HO=0.2317  A(t)=429
       129  [[[[[[[[[[[[[[[[  5b5b5b5b5b5b5b5b5b5b5b5b5b5b5b5b
        61  9999999999999999  39393939393939393939393939393939
        60  ................  f4f4f4f4f4f4f4f4f4f4f4f4f4f4f4f4
        49  ,,,,,,,,,,,,,,,,  2c2c2c2c2c2c2c2c2c2c2c2c2c2c2c2c
        34  EEEEEEEEEEEEEEEE  45454545454545454545454545454545
        33  ----------------  2d2d2d2d2d2d2d2d2d2d2d2d2d2d2d2d
        29  <<<<<<<<<<<<<<<<  3c3c3c3c3c3c3c3c3c3c3c3c3c3c3c3c
        24  >>>>>>>>>>>>>>>>  3e3e3e3e3e3e3e3e3e3e3e3e3e3e3e3e
        18  7777777777777777  37373737373737373737373737373737
        18  4444444444444444  34343434343434343434343434343434
# epoch 12640  H=7.4619 C=7.2384 HO=0.2235  A(t)=429
       112  [[[[[[[[[[[[[[[[  5b5b5b5b5b5b5b5b5b5b5b5b5b5b5b5b
        55  9999999999999999  39393939393939393939393939393939
        45  ................  f4f4f4f4f4f4f4f4f4f4f4f4f4f4f4f4
        34  EEEEEEEEEEEEEEEE  45454545454545454545454545454545
        34  ,,,,,,,,,,,,,,,,  2c2c2c2c2c2c2c2c2c2c2c2c2c2c2c2c
        32  ----------------  2d2d2d2d2d2d2d2d2d2d2d2d2d2d2d2d
        24  ................  f6f6f6f6f6f6f6f6f6f6f6f6f6f6f6f6
        24  >>>>>>>>>>>>>>>>  3e3e3e3e3e3e3e3e3e3e3e3e3e3e3e3e
        18  4444444444444444  34343434343434343434343434343434
        17  <<<<<<<<<<<<<<<<  3c3c3c3c3c3c3c3c3c3c3c3c3c3c3c3c
# epoch 12660  H=7.4639 C=7.2378 HO=0.2261  A(t)=429
        97  [[[[[[[[[[[[[[[[  5b5b5b5b5b5b5b5b5b5b5b5b5b5b5b5b
        53  9999999999999999  39393939393939393939393939393939
        43  ????????????????  3f3f3f3f3f3f3f3f3f3f3f3f3f3f3f3f
        34  EEEEEEEEEEEEEEEE  45454545454545454545454545454545
        34  ,,,,,,,,,,,,,,,,  2c2c2c2c2c2c2c2c2c2c2c2c2c2c2c2c
        25  ................  f4f4f4f4f4f4f4f4f4f4f4f4f4f4f4f4
        25  >>>>>>>>>>>>>>>>  3e3e3e3e3e3e3e3e3e3e3e3e3e3e3e3e
        16  ----------------  2d2d2d2d2d2d2d2d2d2d2d2d2d2d2d2d
        15  4444444444444444  34343434343434343434343434343434
        14  ================  3d3d3d3d3d3d3d3d3d3d3d3d3d3d3d3d
# epoch 12680  H=7.4702 C=7.2228 HO=0.2474  A(t)=429
        89  [[[[[[[[[[[[[[[[  5b5b5b5b5b5b5b5b5b5b5b5b5b5b5b5b
        62  <<<<<<<<<<<<<<<<  3c3c3c3c3c3c3c3c3c3c3c3c3c3c3c3c
        49  ................  e9e9e9e9e9e9e9e9e9e9e9e9e9e9e9e9
        43  ????????????????  3f3f3f3f3f3f3f3f3f3f3f3f3f3f3f3f
        40  9999999999999999  39393939393939393939393939393939
        40  ................  12121212121212121212121212121212
        38  8888888888888888  38383838383838383838383838383838
        34  ,,,,,,,,,,,,,,,,  2c2c2c2c2c2c2c2c2c2c2c2c2c2c2c2c
        25  ................  f4f4f4f4f4f4f4f4f4f4f4f4f4f4f4f4
        23  ;.;.;.;.;.;.;.;.  3b073b073b073b073b073b073b073b07
# epoch 12700  H=7.4792 C=7.2347 HO=0.2444  A(t)=429
        86  [[[[[[[[[[[[[[[[  5b5b5b5b5b5b5b5b5b5b5b5b5b5b5b5b
        75  8888888888888888  38383838383838383838383838383838
        42  ................  e9e9e9e9e9e9e9e9e9e9e9e9e9e9e9e9
        38  <<<<<<<<<<<<<<<<  3c3c3c3c3c3c3c3c3c3c3c3c3c3c3c3c
        37  ................  c4c4c4c4c4c4c4c4c4c4c4c4c4c4c4c4
        29  9999999999999999  39393939393939393939393939393939
        29  ,,,,,,,,,,,,,,,,  2c2c2c2c2c2c2c2c2c2c2c2c2c2c2c2c
        24  ................  12121212121212121212121212121212
        23  ;.;.;.;.;.;.;.;.  3b073b073b073b073b073b073b073b07
        22  .;.;.;.;.;.;.;.;  073b073b073b073b073b073b073b073b
# epoch 12720  H=7.4801 C=7.2488 HO=0.2313  A(t)=429
        63  8888888888888888  38383838383838383838383838383838
        58  [[[[[[[[[[[[[[[[  5b5b5b5b5b5b5b5b5b5b5b5b5b5b5b5b
        46  ::::::::::::::::  3a3a3a3a3a3a3a3a3a3a3a3a3a3a3a3a
        41  ................  e9e9e9e9e9e9e9e9e9e9e9e9e9e9e9e9
        37  ................  c4c4c4c4c4c4c4c4c4c4c4c4c4c4c4c4
        29  9999999999999999  39393939393939393939393939393939
        29  ,,,,,,,,,,,,,,,,  2c2c2c2c2c2c2c2c2c2c2c2c2c2c2c2c
        24  ................  12121212121212121212121212121212
        21  ;.;.;.;.;.;.;.;.  3b073b073b073b073b073b073b073b07
        21  .;.;.;.;.;.;.;.;  073b073b073b073b073b073b073b073b
# epoch 12740  H=7.4745 C=7.2485 HO=0.2259  A(t)=429
        63  8888888888888888  38383838383838383838383838383838
        45  ................  cbcbcbcbcbcbcbcbcbcbcbcbcbcbcbcb
        43  ::::::::::::::::  3a3a3a3a3a3a3a3a3a3a3a3a3a3a3a3a
        41  ................  e9e9e9e9e9e9e9e9e9e9e9e9e9e9e9e9
        38  [[[[[[[[[[[[[[[[  5b5b5b5b5b5b5b5b5b5b5b5b5b5b5b5b
        34  ................  c4c4c4c4c4c4c4c4c4c4c4c4c4c4c4c4
        27  9999999999999999  39393939393939393939393939393939
        22  ,,,,,,,,,,,,,,,,  2c2c2c2c2c2c2c2c2c2c2c2c2c2c2c2c
        16  <<<<<<<<<<<<<<<<  3c3c3c3c3c3c3c3c3c3c3c3c3c3c3c3c
        15  4444444444444444  34343434343434343434343434343434
# epoch 12760  H=7.4764 C=7.2664 HO=0.2101  A(t)=431
        57  8888888888888888  38383838383838383838383838383838
        43  ::::::::::::::::  3a3a3a3a3a3a3a3a3a3a3a3a3a3a3a3a
        35  ................  cbcbcbcbcbcbcbcbcbcbcbcbcbcbcbcb
        31  ................  c4c4c4c4c4c4c4c4c4c4c4c4c4c4c4c4
        31  [[[[[[[[[[[[[[[[  5b5b5b5b5b5b5b5b5b5b5b5b5b5b5b5b
        30  ................  e9e9e9e9e9e9e9e9e9e9e9e9e9e9e9e9
        27  9999999999999999  39393939393939393939393939393939
        22  ,,,,,,,,,,,,,,,,  2c2c2c2c2c2c2c2c2c2c2c2c2c2c2c2c
        16  <<<<<<<<<<<<<<<<  3c3c3c3c3c3c3c3c3c3c3c3c3c3c3c3c
        15  ................  12121212121212121212121212121212
# epoch 12780  H=7.4672 C=7.2620 HO=0.2053  A(t)=431
        43  8888888888888888  38383838383838383838383838383838
        41  ::::::::::::::::  3a3a3a3a3a3a3a3a3a3a3a3a3a3a3a3a
        31  ................  cbcbcbcbcbcbcbcbcbcbcbcbcbcbcbcb
        31  [[[[[[[[[[[[[[[[  5b5b5b5b5b5b5b5b5b5b5b5b5b5b5b5b
        30  ................  e9e9e9e9e9e9e9e9e9e9e9e9e9e9e9e9
        27  9999999999999999  39393939393939393939393939393939
        24  ................  c4c4c4c4c4c4c4c4c4c4c4c4c4c4c4c4
        22  ,,,,,,,,,,,,,,,,  2c2c2c2c2c2c2c2c2c2c2c2c2c2c2c2c
        15  ................  12121212121212121212121212121212
        13  ................  f6f6f6f6f6f6f6f6f6f6f6f6f6f6f6f6
# epoch 12800  H=7.4650 C=7.2650 HO=0.2000  A(t)=433
        43  ================  3d3d3d3d3d3d3d3d3d3d3d3d3d3d3d3d
        37  ::::::::::::::::  3a3a3a3a3a3a3a3a3a3a3a3a3a3a3a3a
        34  8888888888888888  38383838383838383838383838383838
        31  ................  cbcbcbcbcbcbcbcbcbcbcbcbcbcbcbcb
        31  [[[[[[[[[[[[[[[[  5b5b5b5b5b5b5b5b5b5b5b5b5b5b5b5b
        30  ................  e9e9e9e9e9e9e9e9e9e9e9e9e9e9e9e9
        27  9999999999999999  39393939393939393939393939393939
        24  ................  c4c4c4c4c4c4c4c4c4c4c4c4c4c4c4c4
        22  ,,,,,,,,,,,,,,,,  2c2c2c2c2c2c2c2c2c2c2c2c2c2c2c2c
        15  ................  12121212121212121212121212121212
# epoch 12820  H=7.4670 C=7.2732 HO=0.1938  A(t)=433
        37  ================  3d3d3d3d3d3d3d3d3d3d3d3d3d3d3d3d
        37  ::::::::::::::::  3a3a3a3a3a3a3a3a3a3a3a3a3a3a3a3a
        34  8888888888888888  38383838383838383838383838383838
        33  ;;;;;;;;;;;;;;;;  3b3b3b3b3b3b3b3b3b3b3b3b3b3b3b3b
        31  ................  cbcbcbcbcbcbcbcbcbcbcbcbcbcbcbcb
        30  [[[[[[[[[[[[[[[[  5b5b5b5b5b5b5b5b5b5b5b5b5b5b5b5b
        20  9999999999999999  39393939393939393939393939393939
        15  ................  c4c4c4c4c4c4c4c4c4c4c4c4c4c4c4c4
        14  ................  e9e9e9e9e9e9e9e9e9e9e9e9e9e9e9e9
        12  ,,,,,,,,,,,,,,,,  2c2c2c2c2c2c2c2c2c2c2c2c2c2c2c2c
# epoch 12840  H=7.4596 C=7.2527 HO=0.2069  A(t)=433
        60  ................  b0b0b0b0b0b0b0b0b0b0b0b0b0b0b0b0
        51  ,,,,,,,,,,,,,,,,  2c2c2c2c2c2c2c2c2c2c2c2c2c2c2c2c
        35  ================  3d3d3d3d3d3d3d3d3d3d3d3d3d3d3d3d
        35  ::::::::::::::::  3a3a3a3a3a3a3a3a3a3a3a3a3a3a3a3a
        34  8888888888888888  38383838383838383838383838383838
        33  ;;;;;;;;;;;;;;;;  3b3b3b3b3b3b3b3b3b3b3b3b3b3b3b3b
        31  ................  cbcbcbcbcbcbcbcbcbcbcbcbcbcbcbcb
        30  [[[[[[[[[[[[[[[[  5b5b5b5b5b5b5b5b5b5b5b5b5b5b5b5b
        20  9999999999999999  39393939393939393939393939393939
        15  ................  c4c4c4c4c4c4c4c4c4c4c4c4c4c4c4c4
# epoch 12860  H=7.4761 C=7.2655 HO=0.2106  A(t)=436
        49  ................  0e0e0e0e0e0e0e0e0e0e0e0e0e0e0e0e
        35  ================  3d3d3d3d3d3d3d3d3d3d3d3d3d3d3d3d
        31  ;;;;;;;;;;;;;;;;  3b3b3b3b3b3b3b3b3b3b3b3b3b3b3b3b
        30  [[[[[[[[[[[[[[[[  5b5b5b5b5b5b5b5b5b5b5b5b5b5b5b5b
        28  ................  cbcbcbcbcbcbcbcbcbcbcbcbcbcbcbcb
        28  ................  b0b0b0b0b0b0b0b0b0b0b0b0b0b0b0b0
        28  ::::::::::::::::  3a3a3a3a3a3a3a3a3a3a3a3a3a3a3a3a
        24  8888888888888888  38383838383838383838383838383838
        20  9999999999999999  39393939393939393939393939393939
        19  ................  afafafafafafafafafafafafafafafaf
# epoch 12880  H=7.4803 C=7.2729 HO=0.2073  A(t)=436
        45  ................  b6b6b6b6b6b6b6b6b6b6b6b6b6b6b6b6
        35  ================  3d3d3d3d3d3d3d3d3d3d3d3d3d3d3d3d
        35  ////////////////  2f2f2f2f2f2f2f2f2f2f2f2f2f2f2f2f
        30  [[[[[[[[[[[[[[[[  5b5b5b5b5b5b5b5b5b5b5b5b5b5b5b5b
        29  ................  b0b0b0b0b0b0b0b0b0b0b0b0b0b0b0b0
        28  ................  cbcbcbcbcbcbcbcbcbcbcbcbcbcbcbcb
        28  ::::::::::::::::  3a3a3a3a3a3a3a3a3a3a3a3a3a3a3a3a
        27  ;;;;;;;;;;;;;;;;  3b3b3b3b3b3b3b3b3b3b3b3b3b3b3b3b
        24  8888888888888888  38383838383838383838383838383838
        21  ................  0e0e0e0e0e0e0e0e0e0e0e0e0e0e0e0e
# epoch 12900  H=7.4796 C=7.2645 HO=0.2150  A(t)=436
        45  ................  b6b6b6b6b6b6b6b6b6b6b6b6b6b6b6b6
        44  ................  03030303030303030303030303030303
        35  ================  3d3d3d3d3d3d3d3d3d3d3d3d3d3d3d3d
        34  ////////////////  2f2f2f2f2f2f2f2f2f2f2f2f2f2f2f2f
        31  ................  05050505050505050505050505050505
        30  [[[[[[[[[[[[[[[[  5b5b5b5b5b5b5b5b5b5b5b5b5b5b5b5b
        28  ................  cbcbcbcbcbcbcbcbcbcbcbcbcbcbcbcb
        27  ;;;;;;;;;;;;;;;;  3b3b3b3b3b3b3b3b3b3b3b3b3b3b3b3b
        26  ................  b0b0b0b0b0b0b0b0b0b0b0b0b0b0b0b0
        24  8888888888888888  38383838383838383838383838383838
# epoch 12920  H=7.4781 C=7.2544 HO=0.2237  A(t)=437
        50  <<<<<<<<<<<<<<<<  3c3c3c3c3c3c3c3c3c3c3c3c3c3c3c3c
        49  9999999999999999  39393939393939393939393939393939
        45  ................  b6b6b6b6b6b6b6b6b6b6b6b6b6b6b6b6
        35  ////////////////  2f2f2f2f2f2f2f2f2f2f2f2f2f2f2f2f
        35  ................  15151515151515151515151515151515
        32  ================  3d3d3d3d3d3d3d3d3d3d3d3d3d3d3d3d
        29  ................  03030303030303030303030303030303
        28  ................  cbcbcbcbcbcbcbcbcbcbcbcbcbcbcbcb
        27  ;;;;;;;;;;;;;;;;  3b3b3b3b3b3b3b3b3b3b3b3b3b3b3b3b
        26  [[[[[[[[[[[[[[[[  5b5b5b5b5b5b5b5b5b5b5b5b5b5b5b5b
# epoch 12940  H=7.4765 C=7.2681 HO=0.2085  A(t)=437
        49  <<<<<<<<<<<<<<<<  3c3c3c3c3c3c3c3c3c3c3c3c3c3c3c3c
        47  9999999999999999  39393939393939393939393939393939
        34  ////////////////  2f2f2f2f2f2f2f2f2f2f2f2f2f2f2f2f
        32  ================  3d3d3d3d3d3d3d3d3d3d3d3d3d3d3d3d
        32  ................  15151515151515151515151515151515
        28  ................  cbcbcbcbcbcbcbcbcbcbcbcbcbcbcbcb
        27  ;;;;;;;;;;;;;;;;  3b3b3b3b3b3b3b3b3b3b3b3b3b3b3b3b
        26  [[[[[[[[[[[[[[[[  5b5b5b5b5b5b5b5b5b5b5b5b5b5b5b5b
        25  ................  b6b6b6b6b6b6b6b6b6b6b6b6b6b6b6b6
        21  ................  0e0e0e0e0e0e0e0e0e0e0e0e0e0e0e0e
# epoch 12960  H=7.4761 C=7.2795 HO=0.1966  A(t)=437
        83  <<<<<<<<<<<<<<<<  3c3c3c3c3c3c3c3c3c3c3c3c3c3c3c3c
        45  9999999999999999  39393939393939393939393939393939
        33  ................  03030303030303030303030303030303
        32  ================  3d3d3d3d3d3d3d3d3d3d3d3d3d3d3d3d
        30  ................  15151515151515151515151515151515
        28  ////////////////  2f2f2f2f2f2f2f2f2f2f2f2f2f2f2f2f
        27  ;;;;;;;;;;;;;;;;  3b3b3b3b3b3b3b3b3b3b3b3b3b3b3b3b
        26  [[[[[[[[[[[[[[[[  5b5b5b5b5b5b5b5b5b5b5b5b5b5b5b5b
        23  ................  cbcbcbcbcbcbcbcbcbcbcbcbcbcbcbcb
        22  ................  b6b6b6b6b6b6b6b6b6b6b6b6b6b6b6b6
# epoch 12980  H=7.4828 C=7.2800 HO=0.2028  A(t)=437
        64  <<<<<<<<<<<<<<<<  3c3c3c3c3c3c3c3c3c3c3c3c3c3c3c3c
        62  ////////////////  2f2f2f2f2f2f2f2f2f2f2f2f2f2f2f2f
        34  9999999999999999  39393939393939393939393939393939
        33  ................  0d0d0d0d0d0d0d0d0d0d0d0d0d0d0d0d
        33  ................  03030303030303030303030303030303
        22  ................  b6b6b6b6b6b6b6b6b6b6b6b6b6b6b6b6
        22  ................  15151515151515151515151515151515
        21  [[[[[[[[[[[[[[[[  5b5b5b5b5b5b5b5b5b5b5b5b5b5b5b5b
        19  ................  cbcbcbcbcbcbcbcbcbcbcbcbcbcbcbcb
        17  ================  3d3d3d3d3d3d3d3d3d3d3d3d3d3d3d3d
# epoch 13000  H=7.4881 C=7.2853 HO=0.2028  A(t)=437
       103  <<<<<<<<<<<<<<<<  3c3c3c3c3c3c3c3c3c3c3c3c3c3c3c3c
        76  ////////////////  2f2f2f2f2f2f2f2f2f2f2f2f2f2f2f2f
        33  ................  03030303030303030303030303030303
        27  9999999999999999  39393939393939393939393939393939
        26  ................  0d0d0d0d0d0d0d0d0d0d0d0d0d0d0d0d
        22  ................  b6b6b6b6b6b6b6b6b6b6b6b6b6b6b6b6
        22  ................  15151515151515151515151515151515
        21  [[[[[[[[[[[[[[[[  5b5b5b5b5b5b5b5b5b5b5b5b5b5b5b5b
        19  ................  cbcbcbcbcbcbcbcbcbcbcbcbcbcbcbcb
        17  ================  3d3d3d3d3d3d3d3d3d3d3d3d3d3d3d3d
# epoch 13020  H=7.4828 C=7.2753 HO=0.2075  A(t)=437
       138  <<<<<<<<<<<<<<<<  3c3c3c3c3c3c3c3c3c3c3c3c3c3c3c3c
        69  ////////////////  2f2f2f2f2f2f2f2f2f2f2f2f2f2f2f2f
        59  8888888888888888  38383838383838383838383838383838
        27  9999999999999999  39393939393939393939393939393939
        26  ................  0d0d0d0d0d0d0d0d0d0d0d0d0d0d0d0d
        25  ................  03030303030303030303030303030303
        21  [[[[[[[[[[[[[[[[  5b5b5b5b5b5b5b5b5b5b5b5b5b5b5b5b
        19  ................  cbcbcbcbcbcbcbcbcbcbcbcbcbcbcbcb
        17  ================  3d3d3d3d3d3d3d3d3d3d3d3d3d3d3d3d
        16  ::::::::::::::::  3a3a3a3a3a3a3a3a3a3a3a3a3a3a3a3a
# epoch 13040  H=7.4921 C=7.2772 HO=0.2149  A(t)=437
       121  <<<<<<<<<<<<<<<<  3c3c3c3c3c3c3c3c3c3c3c3c3c3c3c3c
        63  ////////////////  2f2f2f2f2f2f2f2f2f2f2f2f2f2f2f2f
        54  8888888888888888  38383838383838383838383838383838
        44  ................  82828282828282828282828282828282
        33  @@@@@@@@@@@@@@@@  40404040404040404040404040404040
        25  ................  0d0d0d0d0d0d0d0d0d0d0d0d0d0d0d0d
        25  ................  03030303030303030303030303030303
        21  9999999999999999  39393939393939393939393939393939
        18  ................  cbcbcbcbcbcbcbcbcbcbcbcbcbcbcbcb
        16  [[[[[[[[[[[[[[[[  5b5b5b5b5b5b5b5b5b5b5b5b5b5b5b5b
# epoch 13060  H=7.5015 C=7.2916 HO=0.2098  A(t)=437
       104  <<<<<<<<<<<<<<<<  3c3c3c3c3c3c3c3c3c3c3c3c3c3c3c3c
        57  ////////////////  2f2f2f2f2f2f2f2f2f2f2f2f2f2f2f2f
        35  8888888888888888  38383838383838383838383838383838
        29  ................  82828282828282828282828282828282
        21  9999999999999999  39393939393939393939393939393939
        17  @@@@@@@@@@@@@@@@  40404040404040404040404040404040
        16  [[[[[[[[[[[[[[[[  5b5b5b5b5b5b5b5b5b5b5b5b5b5b5b5b
        16  ................  1b1b1b1b1b1b1b1b1b1b1b1b1b1b1b1b
        14  ................  15151515151515151515151515151515
        13  ................  cbcbcbcbcbcbcbcbcbcbcbcbcbcbcbcb
# epoch 13080  H=7.5068 C=7.3098 HO=0.1969  A(t)=437
        97  <<<<<<<<<<<<<<<<  3c3c3c3c3c3c3c3c3c3c3c3c3c3c3c3c
        57  ////////////////  2f2f2f2f2f2f2f2f2f2f2f2f2f2f2f2f
        28  ................  82828282828282828282828282828282
        21  9999999999999999  39393939393939393939393939393939
        16  [[[[[[[[[[[[[[[[  5b5b5b5b5b5b5b5b5b5b5b5b5b5b5b5b
        15  ................  1b1b1b1b1b1b1b1b1b1b1b1b1b1b1b1b
        14  @@@@@@@@@@@@@@@@  40404040404040404040404040404040
        14  >>>>>>>>>>>>>>>>  3e3e3e3e3e3e3e3e3e3e3e3e3e3e3e3e
        14  ................  15151515151515151515151515151515
        13  ................  cbcbcbcbcbcbcbcbcbcbcbcbcbcbcbcb
# epoch 13100  H=7.4996 C=7.3054 HO=0.1942  A(t)=437
        72  <<<<<<<<<<<<<<<<  3c3c3c3c3c3c3c3c3c3c3c3c3c3c3c3c
        46  ////////////////  2f2f2f2f2f2f2f2f2f2f2f2f2f2f2f2f
        35  EEEEEEEEEEEEEEEE  45454545454545454545454545454545
        21  9999999999999999  39393939393939393939393939393939
        18  ................  82828282828282828282828282828282
        16  [[[[[[[[[[[[[[[[  5b5b5b5b5b5b5b5b5b5b5b5b5b5b5b5b
        14  ................  15151515151515151515151515151515
        13  ................  cbcbcbcbcbcbcbcbcbcbcbcbcbcbcbcb
        13  @@@@@@@@@@@@@@@@  40404040404040404040404040404040
        12  >>>>>>>>>>>>>>>>  3e3e3e3e3e3e3e3e3e3e3e3e3e3e3e3e
# epoch 13120  H=7.5048 C=7.3121 HO=0.1926  A(t)=437
        70  <<<<<<<<<<<<<<<<  3c3c3c3c3c3c3c3c3c3c3c3c3c3c3c3c
        46  ////////////////  2f2f2f2f2f2f2f2f2f2f2f2f2f2f2f2f
        43  ................  8d8d8d8d8d8d8d8d8d8d8d8d8d8d8d8d
        33  EEEEEEEEEEEEEEEE  45454545454545454545454545454545
        21  9999999999999999  39393939393939393939393939393939
        18  ................  82828282828282828282828282828282
        16  [[[[[[[[[[[[[[[[  5b5b5b5b5b5b5b5b5b5b5b5b5b5b5b5b
        13  ................  cbcbcbcbcbcbcbcbcbcbcbcbcbcbcbcb
        12  ================  3d3d3d3d3d3d3d3d3d3d3d3d3d3d3d3d
        11  ................  b6b6b6b6b6b6b6b6b6b6b6b6b6b6b6b6
# epoch 13140  H=7.5100 C=7.3120 HO=0.1979  A(t)=437
        70  <<<<<<<<<<<<<<<<  3c3c3c3c3c3c3c3c3c3c3c3c3c3c3c3c
        46  ////////////////  2f2f2f2f2f2f2f2f2f2f2f2f2f2f2f2f
        40  ................  8d8d8d8d8d8d8d8d8d8d8d8d8d8d8d8d
        33  EEEEEEEEEEEEEEEE  45454545454545454545454545454545
        22  ................  9d999d999d999d999d999d999d999d99
        21  ................  999d999d999d999d999d999d999d999d
        21  9999999999999999  39393939393939393939393939393939
        17  ................  82828282828282828282828282828282
        13  ................  cbcbcbcbcbcbcbcbcbcbcbcbcbcbcbcb
        12  [[[[[[[[[[[[[[[[  5b5b5b5b5b5b5b5b5b5b5b5b5b5b5b5b
# epoch 13160  H=7.4998 C=7.2992 HO=0.2006  A(t)=437
        70  <<<<<<<<<<<<<<<<  3c3c3c3c3c3c3c3c3c3c3c3c3c3c3c3c
        44  DDDDDDDDDDDDDDDD  44444444444444444444444444444444
        39  ................  8d8d8d8d8d8d8d8d8d8d8d8d8d8d8d8d
        39  ////////////////  2f2f2f2f2f2f2f2f2f2f2f2f2f2f2f2f
        32  EEEEEEEEEEEEEEEE  45454545454545454545454545454545
        29  1111111111111111  31313131313131313131313131313131
        21  9999999999999999  39393939393939393939393939393939
        18  ================  3d3d3d3d3d3d3d3d3d3d3d3d3d3d3d3d
        17  ................  9d999d999d999d999d999d999d999d99
        17  ................  82828282828282828282828282828282
# epoch 13180  H=7.4943 C=7.2999 HO=0.1944  A(t)=437
        69  <<<<<<<<<<<<<<<<  3c3c3c3c3c3c3c3c3c3c3c3c3c3c3c3c
        64  1111111111111111  31313131313131313131313131313131
        40  DDDDDDDDDDDDDDDD  44444444444444444444444444444444
        39  ////////////////  2f2f2f2f2f2f2f2f2f2f2f2f2f2f2f2f
        32  EEEEEEEEEEEEEEEE  45454545454545454545454545454545
        20  9999999999999999  39393939393939393939393939393939
        17  ................  82828282828282828282828282828282
        13  ................  8d8d8d8d8d8d8d8d8d8d8d8d8d8d8d8d
        12  [[[[[[[[[[[[[[[[  5b5b5b5b5b5b5b5b5b5b5b5b5b5b5b5b
        11  .B.B.B.B.B.B.B.B  95429542954295429542954295429542
# epoch 13200  H=7.4959 C=7.3187 HO=0.1772  A(t)=438
        61  1111111111111111  31313131313131313131313131313131
        39  ////////////////  2f2f2f2f2f2f2f2f2f2f2f2f2f2f2f2f
        33  <<<<<<<<<<<<<<<<  3c3c3c3c3c3c3c3c3c3c3c3c3c3c3c3c
        30  EEEEEEEEEEEEEEEE  45454545454545454545454545454545
        23  DDDDDDDDDDDDDDDD  44444444444444444444444444444444
        17  ................  82828282828282828282828282828282
        15  9999999999999999  39393939393939393939393939393939
        13  ................  8d8d8d8d8d8d8d8d8d8d8d8d8d8d8d8d
        12  [[[[[[[[[[[[[[[[  5b5b5b5b5b5b5b5b5b5b5b5b5b5b5b5b
        11  .B.B.B.B.B.B.B.B  95429542954295429542954295429542
# epoch 13220  H=7.4981 C=7.3261 HO=0.1720  A(t)=440
        53  1111111111111111  31313131313131313131313131313131
        39  ////////////////  2f2f2f2f2f2f2f2f2f2f2f2f2f2f2f2f
        30  EEEEEEEEEEEEEEEE  45454545454545454545454545454545
        29  <<<<<<<<<<<<<<<<  3c3c3c3c3c3c3c3c3c3c3c3c3c3c3c3c
        21  DDDDDDDDDDDDDDDD  44444444444444444444444444444444
        11  .B.B.B.B.B.B.B.B  95429542954295429542954295429542
        11  ................  82828282828282828282828282828282
        11  [[[[[[[[[[[[[[[[  5b5b5b5b5b5b5b5b5b5b5b5b5b5b5b5b
        11  9999999999999999  39393939393939393939393939393939
        10  ................  95959595959595959595959595959595
# epoch 13240  H=7.4997 C=7.3259 HO=0.1738  A(t)=440
        53  1111111111111111  31313131313131313131313131313131
        49  ................  03030303030303030303030303030303
        31  ////////////////  2f2f2f2f2f2f2f2f2f2f2f2f2f2f2f2f
        29  <<<<<<<<<<<<<<<<  3c3c3c3c3c3c3c3c3c3c3c3c3c3c3c3c
        27  EEEEEEEEEEEEEEEE  45454545454545454545454545454545
        18  DDDDDDDDDDDDDDDD  44444444444444444444444444444444
        11  .B.B.B.B.B.B.B.B  95429542954295429542954295429542
        11  ................  82828282828282828282828282828282
        11  [[[[[[[[[[[[[[[[  5b5b5b5b5b5b5b5b5b5b5b5b5b5b5b5b
        11  9999999999999999  39393939393939393939393939393939
# epoch 13260  H=7.5023 C=7.3245 HO=0.1778  A(t)=442
        52  1111111111111111  31313131313131313131313131313131
        47  &&&&&&&&&&&&&&&&  26262626262626262626262626262626
        31  ////////////////  2f2f2f2f2f2f2f2f2f2f2f2f2f2f2f2f
        27  EEEEEEEEEEEEEEEE  45454545454545454545454545454545
        26  <<<<<<<<<<<<<<<<  3c3c3c3c3c3c3c3c3c3c3c3c3c3c3c3c
        25  ................  03030303030303030303030303030303
        20  ................  2e2e2e2e2e2e2e2e2e2e2e2e2e2e2e2e
        19  >>>>>>>>>>>>>>>>  3e3e3e3e3e3e3e3e3e3e3e3e3e3e3e3e
        15  DDDDDDDDDDDDDDDD  44444444444444444444444444444444
        12  ................  8c8c8c8c8c8c8c8c8c8c8c8c8c8c8c8c
# epoch 13280  H=7.5158 C=7.3326 HO=0.1832  A(t)=442
        51  1111111111111111  31313131313131313131313131313131
        39  ................  bbbbbbbbbbbbbbbbbbbbbbbbbbbbbbbb
        29  ................  b2b2b2b2b2b2b2b2b2b2b2b2b2b2b2b2
        28  ////////////////  2f2f2f2f2f2f2f2f2f2f2f2f2f2f2f2f
        27  EEEEEEEEEEEEEEEE  45454545454545454545454545454545
        24  <<<<<<<<<<<<<<<<  3c3c3c3c3c3c3c3c3c3c3c3c3c3c3c3c
        22  ................  03030303030303030303030303030303
        20  ................  2e2e2e2e2e2e2e2e2e2e2e2e2e2e2e2e
        17  &&&&&&&&&&&&&&&&  26262626262626262626262626262626
        12  ................  8c8c8c8c8c8c8c8c8c8c8c8c8c8c8c8c
# epoch 13300  H=7.5085 C=7.3257 HO=0.1828  A(t)=442
        71  <<<<<<<<<<<<<<<<  3c3c3c3c3c3c3c3c3c3c3c3c3c3c3c3c
        51  1111111111111111  31313131313131313131313131313131
        39  ................  bbbbbbbbbbbbbbbbbbbbbbbbbbbbbbbb
        27  EEEEEEEEEEEEEEEE  45454545454545454545454545454545
        22  ................  b2b2b2b2b2b2b2b2b2b2b2b2b2b2b2b2
        20  ////////////////  2f2f2f2f2f2f2f2f2f2f2f2f2f2f2f2f
        19  ................  2e2e2e2e2e2e2e2e2e2e2e2e2e2e2e2e
        12  DDDDDDDDDDDDDDDD  44444444444444444444444444444444
        11  ................  82828282828282828282828282828282
        10  ................  8c8c8c8c8c8c8c8c8c8c8c8c8c8c8c8c
# epoch 13320  H=7.5130 C=7.3361 HO=0.1769  A(t)=442
        85  <<<<<<<<<<<<<<<<  3c3c3c3c3c3c3c3c3c3c3c3c3c3c3c3c
        38  ................  bbbbbbbbbbbbbbbbbbbbbbbbbbbbbbbb
        27  EEEEEEEEEEEEEEEE  45454545454545454545454545454545
        25  1111111111111111  31313131313131313131313131313131
        22  ................  b2b2b2b2b2b2b2b2b2b2b2b2b2b2b2b2
        20  ////////////////  2f2f2f2f2f2f2f2f2f2f2f2f2f2f2f2f
        18  ,,,,,,,,,,,,,,,,  2c2c2c2c2c2c2c2c2c2c2c2c2c2c2c2c
        14  ................  2e2e2e2e2e2e2e2e2e2e2e2e2e2e2e2e
        12  DDDDDDDDDDDDDDDD  44444444444444444444444444444444
        11  ................  82828282828282828282828282828282
# epoch 13340  H=7.5168 C=7.3300 HO=0.1868  A(t)=442
        73  <<<<<<<<<<<<<<<<  3c3c3c3c3c3c3c3c3c3c3c3c3c3c3c3c
        49  ................  0a0a0a0a0a0a0a0a0a0a0a0a0a0a0a0a
        38  ;;;;;;;;;;;;;;;;  3b3b3b3b3b3b3b3b3b3b3b3b3b3b3b3b
        34  ................  b5b5b5b5b5b5b5b5b5b5b5b5b5b5b5b5
        27  EEEEEEEEEEEEEEEE  45454545454545454545454545454545
        25  1111111111111111  31313131313131313131313131313131
        23  ................  bbbbbbbbbbbbbbbbbbbbbbbbbbbbbbbb
        22  ................  b2b2b2b2b2b2b2b2b2b2b2b2b2b2b2b2
        20  ////////////////  2f2f2f2f2f2f2f2f2f2f2f2f2f2f2f2f
        17  kkkkkkkkkkkkkkkk  6b6b6b6b6b6b6b6b6b6b6b6b6b6b6b6b
# epoch 13360  H=7.5134 C=7.3173 HO=0.1961  A(t)=442
        73  EEEEEEEEEEEEEEEE  45454545454545454545454545454545
        54  <<<<<<<<<<<<<<<<  3c3c3c3c3c3c3c3c3c3c3c3c3c3c3c3c
        42  ................  14141414141414141414141414141414
        39  ................  0a0a0a0a0a0a0a0a0a0a0a0a0a0a0a0a
        38  ================  3d3d3d3d3d3d3d3d3d3d3d3d3d3d3d3d
        33  ................  b5b5b5b5b5b5b5b5b5b5b5b5b5b5b5b5
        25  1111111111111111  31313131313131313131313131313131
        18  ................  b2b2b2b2b2b2b2b2b2b2b2b2b2b2b2b2
        17  ,,,,,,,,,,,,,,,,  2c2c2c2c2c2c2c2c2c2c2c2c2c2c2c2c
        16  ................  bbbbbbbbbbbbbbbbbbbbbbbbbbbbbbbb
# epoch 13380  H=7.5041 C=7.3079 HO=0.1962  A(t)=442
        72  EEEEEEEEEEEEEEEE  45454545454545454545454545454545
        57  ================  3d3d3d3d3d3d3d3d3d3d3d3d3d3d3d3d
        54  <<<<<<<<<<<<<<<<  3c3c3c3c3c3c3c3c3c3c3c3c3c3c3c3c
        47  ................  bfbfbfbfbfbfbfbfbfbfbfbfbfbfbfbf
        36  ................  0a0a0a0a0a0a0a0a0a0a0a0a0a0a0a0a
        33  ................  b5b5b5b5b5b5b5b5b5b5b5b5b5b5b5b5
        29  iiiiiiiiiiiiiiii  69696969696969696969696969696969
        24  ................  14141414141414141414141414141414
        23  ;;;;;;;;;;;;;;;;  3b3b3b3b3b3b3b3b3b3b3b3b3b3b3b3b
        18  ................  b2b2b2b2b2b2b2b2b2b2b2b2b2b2b2b2
# epoch 13400  H=7.5056 C=7.3203 HO=0.1853  A(t)=442
        65  EEEEEEEEEEEEEEEE  45454545454545454545454545454545
        49  ================  3d3d3d3d3d3d3d3d3d3d3d3d3d3d3d3d
        47  ................  bfbfbfbfbfbfbfbfbfbfbfbfbfbfbfbf
        40  <<<<<<<<<<<<<<<<  3c3c3c3c3c3c3c3c3c3c3c3c3c3c3c3c
        35  ................  0a0a0a0a0a0a0a0a0a0a0a0a0a0a0a0a
        28  iiiiiiiiiiiiiiii  69696969696969696969696969696969
        27  ................  b5b5b5b5b5b5b5b5b5b5b5b5b5b5b5b5
        24  ................  14141414141414141414141414141414
        17  ................  b2b2b2b2b2b2b2b2b2b2b2b2b2b2b2b2
        14  ................  bbbbbbbbbbbbbbbbbbbbbbbbbbbbbbbb
# epoch 13420  H=7.5065 C=7.3179 HO=0.1887  A(t)=442
        65  EEEEEEEEEEEEEEEE  45454545454545454545454545454545
        49  ================  3d3d3d3d3d3d3d3d3d3d3d3d3d3d3d3d
        41  ................  bfbfbfbfbfbfbfbfbfbfbfbfbfbfbfbf
        36  ................  c1c1c1c1c1c1c1c1c1c1c1c1c1c1c1c1
        35  <<<<<<<<<<<<<<<<  3c3c3c3c3c3c3c3c3c3c3c3c3c3c3c3c
        35  ................  0a0a0a0a0a0a0a0a0a0a0a0a0a0a0a0a
        31  AAAAAAAAAAAAAAAA  41414141414141414141414141414141
        30  ................  95959595959595959595959595959595
        27  ................  b5b5b5b5b5b5b5b5b5b5b5b5b5b5b5b5
        24  iiiiiiiiiiiiiiii  69696969696969696969696969696969
# epoch 13440  H=7.5133 C=7.3270 HO=0.1863  A(t)=442
        60  ................  bfbfbfbfbfbfbfbfbfbfbfbfbfbfbfbf
        55  EEEEEEEEEEEEEEEE  45454545454545454545454545454545
        40  ================  3d3d3d3d3d3d3d3d3d3d3d3d3d3d3d3d
        35  <<<<<<<<<<<<<<<<  3c3c3c3c3c3c3c3c3c3c3c3c3c3c3c3c
        34  ................  08080808080808080808080808080808
        29  ................  0a0a0a0a0a0a0a0a0a0a0a0a0a0a0a0a
        27  ................  b5b5b5b5b5b5b5b5b5b5b5b5b5b5b5b5
        27  AAAAAAAAAAAAAAAA  41414141414141414141414141414141
        25  ................  c1c1c1c1c1c1c1c1c1c1c1c1c1c1c1c1
        21  iiiiiiiiiiiiiiii  69696969696969696969696969696969
# epoch 13460  H=7.5165 C=7.3447 HO=0.1717  A(t)=442
        55  ................  bfbfbfbfbfbfbfbfbfbfbfbfbfbfbfbf
        54  EEEEEEEEEEEEEEEE  45454545454545454545454545454545
        39  ================  3d3d3d3d3d3d3d3d3d3d3d3d3d3d3d3d
        29  ................  0a0a0a0a0a0a0a0a0a0a0a0a0a0a0a0a
        27  ................  b5b5b5b5b5b5b5b5b5b5b5b5b5b5b5b5
        21  iiiiiiiiiiiiiiii  69696969696969696969696969696969
        20  ................  08080808080808080808080808080808
        17  ................  b2b2b2b2b2b2b2b2b2b2b2b2b2b2b2b2
        13  ................  95959595959595959595959595959595
        11  ................  bbbbbbbbbbbbbbbbbbbbbbbbbbbbbbbb
# epoch 13480  H=7.5209 C=7.3444 HO=0.1766  A(t)=442
        48  3333333333333333  33333333333333333333333333333333
        45  EEEEEEEEEEEEEEEE  45454545454545454545454545454545
        42  ................  bfbfbfbfbfbfbfbfbfbfbfbfbfbfbfbf
        38  ================  3d3d3d3d3d3d3d3d3d3d3d3d3d3d3d3d
        29  ................  0a0a0a0a0a0a0a0a0a0a0a0a0a0a0a0a
        21  iiiiiiiiiiiiiiii  69696969696969696969696969696969
        20  ................  08080808080808080808080808080808
        17  ................  b2b2b2b2b2b2b2b2b2b2b2b2b2b2b2b2
        13  ................  b5b5b5b5b5b5b5b5b5b5b5b5b5b5b5b5
        13  ................  95959595959595959595959595959595
# epoch 13500  H=7.5218 C=7.3414 HO=0.1804  A(t)=442
        75  3333333333333333  33333333333333333333333333333333
        46  ////////////////  2f2f2f2f2f2f2f2f2f2f2f2f2f2f2f2f
        45  EEEEEEEEEEEEEEEE  45454545454545454545454545454545
        42  ................  bfbfbfbfbfbfbfbfbfbfbfbfbfbfbfbf
        38  ================  3d3d3d3d3d3d3d3d3d3d3d3d3d3d3d3d
        29  ................  0a0a0a0a0a0a0a0a0a0a0a0a0a0a0a0a
        21  iiiiiiiiiiiiiiii  69696969696969696969696969696969
        20  ................  08080808080808080808080808080808
        17  ................  b2b2b2b2b2b2b2b2b2b2b2b2b2b2b2b2
        13  ................  95959595959595959595959595959595
# epoch 13520  H=7.5284 C=7.3385 HO=0.1899  A(t)=442
        59  3333333333333333  33333333333333333333333333333333
        47  ................  b3b3b3b3b3b3b3b3b3b3b3b3b3b3b3b3
        46  [[[[[[[[[[[[[[[[  5b5b5b5b5b5b5b5b5b5b5b5b5b5b5b5b
        42  ................  bfbfbfbfbfbfbfbfbfbfbfbfbfbfbfbf
        37  ================  3d3d3d3d3d3d3d3d3d3d3d3d3d3d3d3d
        36  EEEEEEEEEEEEEEEE  45454545454545454545454545454545
        36  ////////////////  2f2f2f2f2f2f2f2f2f2f2f2f2f2f2f2f
        35  CCCCCCCCCCCCCCCC  43434343434343434343434343434343
        29  ................  0a0a0a0a0a0a0a0a0a0a0a0a0a0a0a0a
        21  iiiiiiiiiiiiiiii  69696969696969696969696969696969
# epoch 13540  H=7.5323 C=7.3534 HO=0.1789  A(t)=442
        53  3333333333333333  33333333333333333333333333333333
        41  ................  b3b3b3b3b3b3b3b3b3b3b3b3b3b3b3b3
        40  [[[[[[[[[[[[[[[[  5b5b5b5b5b5b5b5b5b5b5b5b5b5b5b5b
        36  EEEEEEEEEEEEEEEE  45454545454545454545454545454545
        33  ................  bfbfbfbfbfbfbfbfbfbfbfbfbfbfbfbf
        30  ================  3d3d3d3d3d3d3d3d3d3d3d3d3d3d3d3d
        28  ................  0a0a0a0a0a0a0a0a0a0a0a0a0a0a0a0a
        26  CCCCCCCCCCCCCCCC  43434343434343434343434343434343
        22  ////////////////  2f2f2f2f2f2f2f2f2f2f2f2f2f2f2f2f
        19  iiiiiiiiiiiiiiii  69696969696969696969696969696969
# epoch 13560  H=7.5277 C=7.3623 HO=0.1654  A(t)=442
        50  3333333333333333  33333333333333333333333333333333
        39  ................  b3b3b3b3b3b3b3b3b3b3b3b3b3b3b3b3
        39  [[[[[[[[[[[[[[[[  5b5b5b5b5b5b5b5b5b5b5b5b5b5b5b5b
        32  ................  bfbfbfbfbfbfbfbfbfbfbfbfbfbfbfbf
        28  EEEEEEEEEEEEEEEE  45454545454545454545454545454545
        28  ................  0a0a0a0a0a0a0a0a0a0a0a0a0a0a0a0a
        25  ================  3d3d3d3d3d3d3d3d3d3d3d3d3d3d3d3d
        22  ////////////////  2f2f2f2f2f2f2f2f2f2f2f2f2f2f2f2f
        17  ................  b2b2b2b2b2b2b2b2b2b2b2b2b2b2b2b2
        11  iiiiiiiiiiiiiiii  69696969696969696969696969696969
# epoch 13580  H=7.5247 C=7.3502 HO=0.1744  A(t)=442
        49  3333333333333333  33333333333333333333333333333333
        39  ................  b3b3b3b3b3b3b3b3b3b3b3b3b3b3b3b3
        31  [[[[[[[[[[[[[[[[  5b5b5b5b5b5b5b5b5b5b5b5b5b5b5b5b
        28  EEEEEEEEEEEEEEEE  45454545454545454545454545454545
        28  ................  2e2e2e2e2e2e2e2e2e2e2e2e2e2e2e2e
        25  ................  18181818181818181818181818181818
        24  ................  0a0a0a0a0a0a0a0a0a0a0a0a0a0a0a0a
        22  ................  bfbfbfbfbfbfbfbfbfbfbfbfbfbfbfbf
        22  ////////////////  2f2f2f2f2f2f2f2f2f2f2f2f2f2f2f2f
        17  ................  e4e4e4e4e4e4e4e4e4e4e4e4e4e4e4e4
# epoch 13600  H=7.5348 C=7.3625 HO=0.1723  A(t)=442
        49  3333333333333333  33333333333333333333333333333333
        39  ................  b3b3b3b3b3b3b3b3b3b3b3b3b3b3b3b3
        28  EEEEEEEEEEEEEEEE  45454545454545454545454545454545
        25  ................  2e2e2e2e2e2e2e2e2e2e2e2e2e2e2e2e
        25  ................  18181818181818181818181818181818
        24  ................  0a0a0a0a0a0a0a0a0a0a0a0a0a0a0a0a
        22  ................  bfbfbfbfbfbfbfbfbfbfbfbfbfbfbfbf
        19  [[[[[[[[[[[[[[[[  5b5b5b5b5b5b5b5b5b5b5b5b5b5b5b5b
        18  ////////////////  2f2f2f2f2f2f2f2f2f2f2f2f2f2f2f2f
        17  ................  b2b2b2b2b2b2b2b2b2b2b2b2b2b2b2b2
# epoch 13620  H=7.5387 C=7.3596 HO=0.1790  A(t)=442
        47  [[[[[[[[[[[[[[[[  5b5b5b5b5b5b5b5b5b5b5b5b5b5b5b5b
        38  ................  b3b3b3b3b3b3b3b3b3b3b3b3b3b3b3b3
        38  3333333333333333  33333333333333333333333333333333
        31  ................  89898989898989898989898989898989
        28  EEEEEEEEEEEEEEEE  45454545454545454545454545454545
        25  ................  2e2e2e2e2e2e2e2e2e2e2e2e2e2e2e2e
        22  ................  bfbfbfbfbfbfbfbfbfbfbfbfbfbfbfbf
        20  ................  18181818181818181818181818181818
        19  ................  0a0a0a0a0a0a0a0a0a0a0a0a0a0a0a0a
        18  ////////////////  2f2f2f2f2f2f2f2f2f2f2f2f2f2f2f2f
# epoch 13640  H=7.5421 C=7.3739 HO=0.1682  A(t)=442
        45  [[[[[[[[[[[[[[[[  5b5b5b5b5b5b5b5b5b5b5b5b5b5b5b5b
        38  ................  b3b3b3b3b3b3b3b3b3b3b3b3b3b3b3b3
        30  3333333333333333  33333333333333333333333333333333
        27  ................  89898989898989898989898989898989
        26  EEEEEEEEEEEEEEEE  45454545454545454545454545454545
        24  UUUUUUUUUUUUUUUU  55555555555555555555555555555555
        22  ................  bfbfbfbfbfbfbfbfbfbfbfbfbfbfbfbf
        20  ................  2e2e2e2e2e2e2e2e2e2e2e2e2e2e2e2e
        20  ................  18181818181818181818181818181818
        19  ................  0a0a0a0a0a0a0a0a0a0a0a0a0a0a0a0a
# epoch 13660  H=7.5368 C=7.3669 HO=0.1699  A(t)=442
        90  <<<<<<<<<<<<<<<<  3c3c3c3c3c3c3c3c3c3c3c3c3c3c3c3c
        35  ................  b3b3b3b3b3b3b3b3b3b3b3b3b3b3b3b3
        28  3333333333333333  33333333333333333333333333333333
        26  [[[[[[[[[[[[[[[[  5b5b5b5b5b5b5b5b5b5b5b5b5b5b5b5b
        25  ................  89898989898989898989898989898989
        24  EEEEEEEEEEEEEEEE  45454545454545454545454545454545
        22  ................  bfbfbfbfbfbfbfbfbfbfbfbfbfbfbfbf
        21  UUUUUUUUUUUUUUUU  55555555555555555555555555555555
        20  ................  83838383838383838383838383838383
        20  ................  18181818181818181818181818181818
# epoch 13680  H=7.5391 C=7.3738 HO=0.1653  A(t)=442
        76  <<<<<<<<<<<<<<<<  3c3c3c3c3c3c3c3c3c3c3c3c3c3c3c3c
        35  ................  b3b3b3b3b3b3b3b3b3b3b3b3b3b3b3b3
        28  3333333333333333  33333333333333333333333333333333
        24  EEEEEEEEEEEEEEEE  45454545454545454545454545454545
        18  ................  83838383838383838383838383838383
        18  ////////////////  2f2f2f2f2f2f2f2f2f2f2f2f2f2f2f2f
        16  ................  aaaaaaaaaaaaaaaaaaaaaaaaaaaaaaaa
        16  ................  2e2e2e2e2e2e2e2e2e2e2e2e2e2e2e2e
        11  ................  0a0a0a0a0a0a0a0a0a0a0a0a0a0a0a0a
        10  [[[[[[[[[[[[[[[[  5b5b5b5b5b5b5b5b5b5b5b5b5b5b5b5b
# epoch 13700  H=7.5438 C=7.3864 HO=0.1574  A(t)=442
        73  <<<<<<<<<<<<<<<<  3c3c3c3c3c3c3c3c3c3c3c3c3c3c3c3c
        35  ................  b3b3b3b3b3b3b3b3b3b3b3b3b3b3b3b3
        28  3333333333333333  33333333333333333333333333333333
        24  EEEEEEEEEEEEEEEE  45454545454545454545454545454545
        18  ................  83838383838383838383838383838383
        18  ////////////////  2f2f2f2f2f2f2f2f2f2f2f2f2f2f2f2f
        13  ................  2e2e2e2e2e2e2e2e2e2e2e2e2e2e2e2e
        11  ................  0a0a0a0a0a0a0a0a0a0a0a0a0a0a0a0a
        10  ................  aaaaaaaaaaaaaaaaaaaaaaaaaaaaaaaa
        10  [[[[[[[[[[[[[[[[  5b5b5b5b5b5b5b5b5b5b5b5b5b5b5b5b
# epoch 13720  H=7.5463 C=7.3879 HO=0.1584  A(t)=442
        57  <<<<<<<<<<<<<<<<  3c3c3c3c3c3c3c3c3c3c3c3c3c3c3c3c
        42  ^^^^^^^^^^^^^^^^  5e5e5e5e5e5e5e5e5e5e5e5e5e5e5e5e
        30  [[[[[[[[[[[[[[[[  5b5b5b5b5b5b5b5b5b5b5b5b5b5b5b5b
        24  EEEEEEEEEEEEEEEE  45454545454545454545454545454545
        24  3333333333333333  33333333333333333333333333333333
        19  ................  b3b3b3b3b3b3b3b3b3b3b3b3b3b3b3b3
        18  ////////////////  2f2f2f2f2f2f2f2f2f2f2f2f2f2f2f2f
        13  ................  83838383838383838383838383838383
        11  ................  0a0a0a0a0a0a0a0a0a0a0a0a0a0a0a0a
        10  ................  aaaaaaaaaaaaaaaaaaaaaaaaaaaaaaaa
# epoch 13740  H=7.5511 C=7.3951 HO=0.1559  A(t)=442
        43  <<<<<<<<<<<<<<<<  3c3c3c3c3c3c3c3c3c3c3c3c3c3c3c3c
        35  ^^^^^^^^^^^^^^^^  5e5e5e5e5e5e5e5e5e5e5e5e5e5e5e5e
        29  [[[[[[[[[[[[[[[[  5b5b5b5b5b5b5b5b5b5b5b5b5b5b5b5b
        21  3333333333333333  33333333333333333333333333333333
        18  ////////////////  2f2f2f2f2f2f2f2f2f2f2f2f2f2f2f2f
        16  EEEEEEEEEEEEEEEE  45454545454545454545454545454545
        15  ................  b3b3b3b3b3b3b3b3b3b3b3b3b3b3b3b3
        13  ................  83838383838383838383838383838383
        11  B==,B==,B==,B==,  423d3d2c423d3d2c423d3d2c423d3d2c
        11  ==,B==,B==,B==,B  3d3d2c423d3d2c423d3d2c423d3d2c42
# epoch 13760  H=7.5509 C=7.3922 HO=0.1587  A(t)=442
        41  ****************  2a2a2a2a2a2a2a2a2a2a2a2a2a2a2a2a
        35  ^^^^^^^^^^^^^^^^  5e5e5e5e5e5e5e5e5e5e5e5e5e5e5e5e
        29  [[[[[[[[[[[[[[[[  5b5b5b5b5b5b5b5b5b5b5b5b5b5b5b5b
        21  3333333333333333  33333333333333333333333333333333
        16  EEEEEEEEEEEEEEEE  45454545454545454545454545454545
        16  <<<<<<<<<<<<<<<<  3c3c3c3c3c3c3c3c3c3c3c3c3c3c3c3c
        13  ................  83838383838383838383838383838383
        12  ................  b3b3b3b3b3b3b3b3b3b3b3b3b3b3b3b3
        11  ................  0a0a0a0a0a0a0a0a0a0a0a0a0a0a0a0a
        10  B==,B==,B==,B==,  423d3d2c423d3d2c423d3d2c423d3d2c
# epoch 13780  H=7.5510 C=7.3871 HO=0.1639  A(t)=442
        43  ................  91919191919191919191919191919191
        41  ****************  2a2a2a2a2a2a2a2a2a2a2a2a2a2a2a2a
        35  ^^^^^^^^^^^^^^^^  5e5e5e5e5e5e5e5e5e5e5e5e5e5e5e5e
        29  [[[[[[[[[[[[[[[[  5b5b5b5b5b5b5b5b5b5b5b5b5b5b5b5b
        21  3333333333333333  33333333333333333333333333333333
        17  ................  83838383838383838383838383838383
        16  EEEEEEEEEEEEEEEE  45454545454545454545454545454545
        11  ................  b3b3b3b3b3b3b3b3b3b3b3b3b3b3b3b3
        11  ................  0a0a0a0a0a0a0a0a0a0a0a0a0a0a0a0a
        10  B==,B==,B==,B==,  423d3d2c423d3d2c423d3d2c423d3d2c
# epoch 13800  H=7.5602 C=7.3716 HO=0.1886  A(t)=442
        92  ................  8d8d8d8d8d8d8d8d8d8d8d8d8d8d8d8d
        74  [[[[[[[[[[[[[[[[  5b5b5b5b5b5b5b5b5b5b5b5b5b5b5b5b
        49  ))))))))))))))))  29292929292929292929292929292929
        42  ................  91919191919191919191919191919191
        35  ^^^^^^^^^^^^^^^^  5e5e5e5e5e5e5e5e5e5e5e5e5e5e5e5e
        25  ****************  2a2a2a2a2a2a2a2a2a2a2a2a2a2a2a2a
        16  EEEEEEEEEEEEEEEE  45454545454545454545454545454545
        16  3333333333333333  33333333333333333333333333333333
        15  @@@@@@@@@@@@@@@@  40404040404040404040404040404040
        11  ................  b3b3b3b3b3b3b3b3b3b3b3b3b3b3b3b3
# epoch 13820  H=7.5662 C=7.3813 HO=0.1849  A(t)=446
        78  ................  8d8d8d8d8d8d8d8d8d8d8d8d8d8d8d8d
        54  [[[[[[[[[[[[[[[[  5b5b5b5b5b5b5b5b5b5b5b5b5b5b5b5b
        34  ))))))))))))))))  29292929292929292929292929292929
        30  ................  91919191919191919191919191919191
        25  ****************  2a2a2a2a2a2a2a2a2a2a2a2a2a2a2a2a
        19  ^^^^^^^^^^^^^^^^  5e5e5e5e5e5e5e5e5e5e5e5e5e5e5e5e
        16  EEEEEEEEEEEEEEEE  45454545454545454545454545454545
        16  3333333333333333  33333333333333333333333333333333
        15  @@@@@@@@@@@@@@@@  40404040404040404040404040404040
        11  ................  0a0a0a0a0a0a0a0a0a0a0a0a0a0a0a0a
# epoch 13840  H=7.5727 C=7.4019 HO=0.1708  A(t)=446
        72  ................  8d8d8d8d8d8d8d8d8d8d8d8d8d8d8d8d
        54  [[[[[[[[[[[[[[[[  5b5b5b5b5b5b5b5b5b5b5b5b5b5b5b5b
        31  ))))))))))))))))  29292929292929292929292929292929
        30  ................  91919191919191919191919191919191
        20  ****************  2a2a2a2a2a2a2a2a2a2a2a2a2a2a2a2a
        16  EEEEEEEEEEEEEEEE  45454545454545454545454545454545
        14  @@@@@@@@@@@@@@@@  40404040404040404040404040404040
        11  ................  0a0a0a0a0a0a0a0a0a0a0a0a0a0a0a0a
        10  ==,B==,B==,B==,B  3d3d2c423d3d2c423d3d2c423d3d2c42
         9  B==,B==,B==,B==,  423d3d2c423d3d2c423d3d2c423d3d2c
# epoch 13860  H=7.5694 C=7.3922 HO=0.1772  A(t)=447
        69  ................  8d8d8d8d8d8d8d8d8d8d8d8d8d8d8d8d
        51  [[[[[[[[[[[[[[[[  5b5b5b5b5b5b5b5b5b5b5b5b5b5b5b5b
        31  ))))))))))))))))  29292929292929292929292929292929
        29  ,,,,,,,,,,,,,,,,  2c2c2c2c2c2c2c2c2c2c2c2c2c2c2c2c
        21  ................  91919191919191919191919191919191
        21  .2.2.2.2.2.2.2.2  8a328a328a328a328a328a328a328a32
        21  2.2.2.2.2.2.2.2.  328a328a328a328a328a328a328a328a
        16  EEEEEEEEEEEEEEEE  45454545454545454545454545454545
        13  ****************  2a2a2a2a2a2a2a2a2a2a2a2a2a2a2a2a
        12  @@@@@@@@@@@@@@@@  40404040404040404040404040404040
# epoch 13880  H=7.5736 C=7.3723 HO=0.2013  A(t)=447
        65  ,,,,,,,,,,,,,,,,  2c2c2c2c2c2c2c2c2c2c2c2c2c2c2c2c
        58  ................  8d8d8d8d8d8d8d8d8d8d8d8d8d8d8d8d
        53  PPPPPPPPPPPPPPPP  50505050505050505050505050505050
        50  [[[[[[[[[[[[[[[[  5b5b5b5b5b5b5b5b5b5b5b5b5b5b5b5b
        33  XXXXXXXXXXXXXXXX  58585858585858585858585858585858
        31  ))))))))))))))))  29292929292929292929292929292929
        27  mmmmmmmmmmmmmmmm  6d6d6d6d6d6d6d6d6d6d6d6d6d6d6d6d
        21  ................  91919191919191919191919191919191
        19  .2.2.2.2.2.2.2.2  8a328a328a328a328a328a328a328a32
        19  2.2.2.2.2.2.2.2.  328a328a328a328a328a328a328a328a
# epoch 13900  H=7.5761 C=7.3646 HO=0.2115  A(t)=447
        74  ,,,,,,,,,,,,,,,,  2c2c2c2c2c2c2c2c2c2c2c2c2c2c2c2c
        66  XXXXXXXXXXXXXXXX  58585858585858585858585858585858
        51  PPPPPPPPPPPPPPPP  50505050505050505050505050505050
        48  ................  8d8d8d8d8d8d8d8d8d8d8d8d8d8d8d8d
        47  [[[[[[[[[[[[[[[[  5b5b5b5b5b5b5b5b5b5b5b5b5b5b5b5b
        37  cccccccccccccccc  63636363636363636363636363636363
        31  ))))))))))))))))  29292929292929292929292929292929
        27  mmmmmmmmmmmmmmmm  6d6d6d6d6d6d6d6d6d6d6d6d6d6d6d6d
        21  ................  91919191919191919191919191919191
        19  .2.2.2.2.2.2.2.2  8a328a328a328a328a328a328a328a32
# epoch 13920  H=7.5828 C=7.3662 HO=0.2166  A(t)=447
        54  XXXXXXXXXXXXXXXX  58585858585858585858585858585858
        51  PPPPPPPPPPPPPPPP  50505050505050505050505050505050
        47  [[[[[[[[[[[[[[[[  5b5b5b5b5b5b5b5b5b5b5b5b5b5b5b5b
        42  ,,,,,,,,,,,,,,,,  2c2c2c2c2c2c2c2c2c2c2c2c2c2c2c2c
        38  QQQQQQQQQQQQQQQQ  51515151515151515151515151515151
        32  ................  8d8d8d8d8d8d8d8d8d8d8d8d8d8d8d8d
        31  ))))))))))))))))  29292929292929292929292929292929
        29  cccccccccccccccc  63636363636363636363636363636363
        27  mmmmmmmmmmmmmmmm  6d6d6d6d6d6d6d6d6d6d6d6d6d6d6d6d
        21  ................  91919191919191919191919191919191
# epoch 13940  H=7.5769 C=7.3611 HO=0.2159  A(t)=449
        54  XXXXXXXXXXXXXXXX  58585858585858585858585858585858
        49  PPPPPPPPPPPPPPPP  50505050505050505050505050505050
        45  <<<<<<<<<<<<<<<<  3c3c3c3c3c3c3c3c3c3c3c3c3c3c3c3c
        41  ================  3d3d3d3d3d3d3d3d3d3d3d3d3d3d3d3d
        37  ,,,,,,,,,,,,,,,,  2c2c2c2c2c2c2c2c2c2c2c2c2c2c2c2c
        32  ................  8d8d8d8d8d8d8d8d8d8d8d8d8d8d8d8d
        32  QQQQQQQQQQQQQQQQ  51515151515151515151515151515151
        30  ))))))))))))))))  29292929292929292929292929292929
        23  mmmmmmmmmmmmmmmm  6d6d6d6d6d6d6d6d6d6d6d6d6d6d6d6d
        23  [[[[[[[[[[[[[[[[  5b5b5b5b5b5b5b5b5b5b5b5b5b5b5b5b
# epoch 13960  H=7.5761 C=7.3663 HO=0.2097  A(t)=449
        54  XXXXXXXXXXXXXXXX  58585858585858585858585858585858
        49  PPPPPPPPPPPPPPPP  50505050505050505050505050505050
        44  <<<<<<<<<<<<<<<<  3c3c3c3c3c3c3c3c3c3c3c3c3c3c3c3c
        43  AAAAAAAAAAAAAAAA  41414141414141414141414141414141
        32  ................  8d8d8d8d8d8d8d8d8d8d8d8d8d8d8d8d
        32  ================  3d3d3d3d3d3d3d3d3d3d3d3d3d3d3d3d
        30  ,,,,,,,,,,,,,,,,  2c2c2c2c2c2c2c2c2c2c2c2c2c2c2c2c
        30  ))))))))))))))))  29292929292929292929292929292929
        24  >>>>>>>>>>>>>>>>  3e3e3e3e3e3e3e3e3e3e3e3e3e3e3e3e
        23  mmmmmmmmmmmmmmmm  6d6d6d6d6d6d6d6d6d6d6d6d6d6d6d6d
# epoch 13980  H=7.5594 C=7.3383 HO=0.2212  A(t)=449
        77  <<<<<<<<<<<<<<<<  3c3c3c3c3c3c3c3c3c3c3c3c3c3c3c3c
        61  [[[[[[[[[[[[[[[[  5b5b5b5b5b5b5b5b5b5b5b5b5b5b5b5b
        53  XXXXXXXXXXXXXXXX  58585858585858585858585858585858
        45  ????????????????  3f3f3f3f3f3f3f3f3f3f3f3f3f3f3f3f
        43  PPPPPPPPPPPPPPPP  50505050505050505050505050505050
        43  AAAAAAAAAAAAAAAA  41414141414141414141414141414141
        35  JJJJJJJJJJJJJJJJ  4a4a4a4a4a4a4a4a4a4a4a4a4a4a4a4a
        32  ................  8d8d8d8d8d8d8d8d8d8d8d8d8d8d8d8d
        30  ================  3d3d3d3d3d3d3d3d3d3d3d3d3d3d3d3d
        30  ,,,,,,,,,,,,,,,,  2c2c2c2c2c2c2c2c2c2c2c2c2c2c2c2c
# epoch 14000  H=7.5524 C=7.3197 HO=0.2327  A(t)=449
       143  [[[[[[[[[[[[[[[[  5b5b5b5b5b5b5b5b5b5b5b5b5b5b5b5b
       122  ????????????????  3f3f3f3f3f3f3f3f3f3f3f3f3f3f3f3f
        63  <<<<<<<<<<<<<<<<  3c3c3c3c3c3c3c3c3c3c3c3c3c3c3c3c
        50  XXXXXXXXXXXXXXXX  58585858585858585858585858585858
        42  AAAAAAAAAAAAAAAA  41414141414141414141414141414141
        32  ................  8d8d8d8d8d8d8d8d8d8d8d8d8d8d8d8d
        30  ,,,,,,,,,,,,,,,,  2c2c2c2c2c2c2c2c2c2c2c2c2c2c2c2c
        28  PPPPPPPPPPPPPPPP  50505050505050505050505050505050
        23  mmmmmmmmmmmmmmmm  6d6d6d6d6d6d6d6d6d6d6d6d6d6d6d6d
        23  ================  3d3d3d3d3d3d3d3d3d3d3d3d3d3d3d3d
# epoch 14020  H=7.5530 C=7.3107 HO=0.2423  A(t)=449
       122  ????????????????  3f3f3f3f3f3f3f3f3f3f3f3f3f3f3f3f
        99  [[[[[[[[[[[[[[[[  5b5b5b5b5b5b5b5b5b5b5b5b5b5b5b5b
        94  <<<<<<<<<<<<<<<<  3c3c3c3c3c3c3c3c3c3c3c3c3c3c3c3c
        50  XXXXXXXXXXXXXXXX  58585858585858585858585858585858
        35  ................  06060606060606060606060606060606
        33  AAAAAAAAAAAAAAAA  41414141414141414141414141414141
        28  PPPPPPPPPPPPPPPP  50505050505050505050505050505050
        26  ................  1a1a1a1a1a1a1a1a1a1a1a1a1a1a1a1a
        24  ,,,,,,,,,,,,,,,,  2c2c2c2c2c2c2c2c2c2c2c2c2c2c2c2c
        24  ________________  20202020202020202020202020202020
# epoch 14040  H=7.5449 C=7.3058 HO=0.2391  A(t)=449
        98  [[[[[[[[[[[[[[[[  5b5b5b5b5b5b5b5b5b5b5b5b5b5b5b5b
        89  ????????????????  3f3f3f3f3f3f3f3f3f3f3f3f3f3f3f3f
        71  <<<<<<<<<<<<<<<<  3c3c3c3c3c3c3c3c3c3c3c3c3c3c3c3c
        53  ))))))))))))))))  29292929292929292929292929292929
        50  XXXXXXXXXXXXXXXX  58585858585858585858585858585858
        33  AAAAAAAAAAAAAAAA  41414141414141414141414141414141
        31  ................  06060606060606060606060606060606
        28  PPPPPPPPPPPPPPPP  50505050505050505050505050505050
        26  ................  1a1a1a1a1a1a1a1a1a1a1a1a1a1a1a1a
        24  >>>>>>>>>>>>>>>>  3e3e3e3e3e3e3e3e3e3e3e3e3e3e3e3e
# epoch 14060  H=7.5437 C=7.3083 HO=0.2354  A(t)=449
        83  [[[[[[[[[[[[[[[[  5b5b5b5b5b5b5b5b5b5b5b5b5b5b5b5b
        81  ????????????????  3f3f3f3f3f3f3f3f3f3f3f3f3f3f3f3f
        61  <<<<<<<<<<<<<<<<  3c3c3c3c3c3c3c3c3c3c3c3c3c3c3c3c
        37  ))))))))))))))))  29292929292929292929292929292929
        34  XXXXXXXXXXXXXXXX  58585858585858585858585858585858
        33  AAAAAAAAAAAAAAAA  41414141414141414141414141414141
        31  ................  06060606060606060606060606060606
        27  PPPPPPPPPPPPPPPP  50505050505050505050505050505050
        25  ]]]]]]]]]]]]]]]]  5d5d5d5d5d5d5d5d5d5d5d5d5d5d5d5d
        24  ,,,,,,,,,,,,,,,,  2c2c2c2c2c2c2c2c2c2c2c2c2c2c2c2c
# epoch 14080  H=7.5421 C=7.2830 HO=0.2591  A(t)=449
       136  [[[[[[[[[[[[[[[[  5b5b5b5b5b5b5b5b5b5b5b5b5b5b5b5b
        79  ????????????????  3f3f3f3f3f3f3f3f3f3f3f3f3f3f3f3f
        48  KKKKKKKKKKKKKKKK  4b4b4b4b4b4b4b4b4b4b4b4b4b4b4b4b
        44  <<<<<<<<<<<<<<<<  3c3c3c3c3c3c3c3c3c3c3c3c3c3c3c3c
        39  RRRRRRRRRRRRRRRR  52525252525252525252525252525252
        36  ))))))))))))))))  29292929292929292929292929292929
        33  XXXXXXXXXXXXXXXX  58585858585858585858585858585858
        33  AAAAAAAAAAAAAAAA  41414141414141414141414141414141
        31  ................  06060606060606060606060606060606
        27  PPPPPPPPPPPPPPPP  50505050505050505050505050505050
# epoch 14100  H=7.5402 C=7.2865 HO=0.2537  A(t)=449
       134  [[[[[[[[[[[[[[[[  5b5b5b5b5b5b5b5b5b5b5b5b5b5b5b5b
        62  ????????????????  3f3f3f3f3f3f3f3f3f3f3f3f3f3f3f3f
        42  ZZZZZZZZZZZZZZZZ  5a5a5a5a5a5a5a5a5a5a5a5a5a5a5a5a
        40  KKKKKKKKKKKKKKKK  4b4b4b4b4b4b4b4b4b4b4b4b4b4b4b4b
        39  >>>>>>>>>>>>>>>>  3e3e3e3e3e3e3e3e3e3e3e3e3e3e3e3e
        38  RRRRRRRRRRRRRRRR  52525252525252525252525252525252
        28  <<<<<<<<<<<<<<<<  3c3c3c3c3c3c3c3c3c3c3c3c3c3c3c3c
        27  PPPPPPPPPPPPPPPP  50505050505050505050505050505050
        24  ,,,,,,,,,,,,,,,,  2c2c2c2c2c2c2c2c2c2c2c2c2c2c2c2c
        23  ))))))))))))))))  29292929292929292929292929292929
# epoch 14120  H=7.5347 C=7.2860 HO=0.2487  A(t)=449
        66  [[[[[[[[[[[[[[[[  5b5b5b5b5b5b5b5b5b5b5b5b5b5b5b5b
        44  ????????????????  3f3f3f3f3f3f3f3f3f3f3f3f3f3f3f3f
        41  ZZZZZZZZZZZZZZZZ  5a5a5a5a5a5a5a5a5a5a5a5a5a5a5a5a
        38  KKKKKKKKKKKKKKKK  4b4b4b4b4b4b4b4b4b4b4b4b4b4b4b4b
        37  {{{{{{{{{{{{{{{{  7b7b7b7b7b7b7b7b7b7b7b7b7b7b7b7b
        37  RRRRRRRRRRRRRRRR  52525252525252525252525252525252
        24  >>>>>>>>>>>>>>>>  3e3e3e3e3e3e3e3e3e3e3e3e3e3e3e3e
        24  ,,,,,,,,,,,,,,,,  2c2c2c2c2c2c2c2c2c2c2c2c2c2c2c2c
        23  <<<<<<<<<<<<<<<<  3c3c3c3c3c3c3c3c3c3c3c3c3c3c3c3c
        23  ))))))))))))))))  29292929292929292929292929292929
# epoch 14140  H=7.5323 C=7.2766 HO=0.2557  A(t)=449
        99  ................  abababababababababababababababab
        48  ................  7f7f7f7f7f7f7f7f7f7f7f7f7f7f7f7f
        47  [[[[[[[[[[[[[[[[  5b5b5b5b5b5b5b5b5b5b5b5b5b5b5b5b
        44  ????????????????  3f3f3f3f3f3f3f3f3f3f3f3f3f3f3f3f
        34  {{{{{{{{{{{{{{{{  7b7b7b7b7b7b7b7b7b7b7b7b7b7b7b7b
        32  RRRRRRRRRRRRRRRR  52525252525252525252525252525252
        30  ZZZZZZZZZZZZZZZZ  5a5a5a5a5a5a5a5a5a5a5a5a5a5a5a5a
        29  KKKKKKKKKKKKKKKK  4b4b4b4b4b4b4b4b4b4b4b4b4b4b4b4b
        24  >>>>>>>>>>>>>>>>  3e3e3e3e3e3e3e3e3e3e3e3e3e3e3e3e
        22  ________________  20202020202020202020202020202020
# epoch 14160  H=7.5288 C=7.2769 HO=0.2520  A(t)=454
        55  ................  abababababababababababababababab
        48  SSSSSSSSSSSSSSSS  53535353535353535353535353535353
        38  ????????????????  3f3f3f3f3f3f3f3f3f3f3f3f3f3f3f3f
        33  [[[[[[[[[[[[[[[[  5b5b5b5b5b5b5b5b5b5b5b5b5b5b5b5b
        32  RRRRRRRRRRRRRRRR  52525252525252525252525252525252
        30  ZZZZZZZZZZZZZZZZ  5a5a5a5a5a5a5a5a5a5a5a5a5a5a5a5a
        29  KKKKKKKKKKKKKKKK  4b4b4b4b4b4b4b4b4b4b4b4b4b4b4b4b
        20  ................  7f7f7f7f7f7f7f7f7f7f7f7f7f7f7f7f
        19  PPPPPPPPPPPPPPPP  50505050505050505050505050505050
        17  mmmmmmmmmmmmmmmm  6d6d6d6d6d6d6d6d6d6d6d6d6d6d6d6d
# epoch 14180  H=7.5401 C=7.2797 HO=0.2605  A(t)=454
        80  [[[[[[[[[[[[[[[[  5b5b5b5b5b5b5b5b5b5b5b5b5b5b5b5b
        55  ................  abababababababababababababababab
        38  SSSSSSSSSSSSSSSS  53535353535353535353535353535353
        36  ????????????????  3f3f3f3f3f3f3f3f3f3f3f3f3f3f3f3f
        32  RRRRRRRRRRRRRRRR  52525252525252525252525252525252
        30  ZZZZZZZZZZZZZZZZ  5a5a5a5a5a5a5a5a5a5a5a5a5a5a5a5a
        21  KKKKKKKKKKKKKKKK  4b4b4b4b4b4b4b4b4b4b4b4b4b4b4b4b
        20  ................  7f7f7f7f7f7f7f7f7f7f7f7f7f7f7f7f
        20  qqqqqqqqqqqqqqqq  71717171717171717171717171717171
        19  PPPPPPPPPPPPPPPP  50505050505050505050505050505050
# epoch 14200  H=7.5441 C=7.2592 HO=0.2849  A(t)=454
        71  [[[[[[[[[[[[[[[[  5b5b5b5b5b5b5b5b5b5b5b5b5b5b5b5b
        55  ................  abababababababababababababababab
        49  FFFFFFFFFFFFFFFF  46464646464646464646464646464646
        46  @@@@@@@@@@@@@@@@  40404040404040404040404040404040
        45  IIIIIIIIIIIIIIII  49494949494949494949494949494949
        43  ................  d1d1d1d1d1d1d1d1d1d1d1d1d1d1d1d1
        38  SSSSSSSSSSSSSSSS  53535353535353535353535353535353
        38  <<<<<<<<<<<<<<<<  3c3c3c3c3c3c3c3c3c3c3c3c3c3c3c3c
        33  ????????????????  3f3f3f3f3f3f3f3f3f3f3f3f3f3f3f3f
        31  RRRRRRRRRRRRRRRR  52525252525252525252525252525252
# epoch 14220  H=7.5356 C=7.2638 HO=0.2718  A(t)=454
        68  [[[[[[[[[[[[[[[[  5b5b5b5b5b5b5b5b5b5b5b5b5b5b5b5b
        53  ................  abababababababababababababababab
        44  FFFFFFFFFFFFFFFF  46464646464646464646464646464646
        41  IIIIIIIIIIIIIIII  49494949494949494949494949494949
        39  ................  d1d1d1d1d1d1d1d1d1d1d1d1d1d1d1d1
        38  SSSSSSSSSSSSSSSS  53535353535353535353535353535353
        37  <<<<<<<<<<<<<<<<  3c3c3c3c3c3c3c3c3c3c3c3c3c3c3c3c
        32  ????????????????  3f3f3f3f3f3f3f3f3f3f3f3f3f3f3f3f
        31  CCCCCCCCCCCCCCCC  43434343434343434343434343434343
        29  ................  d8d8d8d8d8d8d8d8d8d8d8d8d8d8d8d8
# epoch 14240  H=7.5420 C=7.2755 HO=0.2665  A(t)=454
        66  [[[[[[[[[[[[[[[[  5b5b5b5b5b5b5b5b5b5b5b5b5b5b5b5b
        45  ................  abababababababababababababababab
        43  FFFFFFFFFFFFFFFF  46464646464646464646464646464646
        39  ................  d1d1d1d1d1d1d1d1d1d1d1d1d1d1d1d1
        39  ................  80808080808080808080808080808080
        38  SSSSSSSSSSSSSSSS  53535353535353535353535353535353
        31  IIIIIIIIIIIIIIII  49494949494949494949494949494949
        30  <<<<<<<<<<<<<<<<  3c3c3c3c3c3c3c3c3c3c3c3c3c3c3c3c
        28  RRRRRRRRRRRRRRRR  52525252525252525252525252525252
        28  @@@@@@@@@@@@@@@@  40404040404040404040404040404040
# epoch 14260  H=7.5389 C=7.2759 HO=0.2630  A(t)=454
        66  [[[[[[[[[[[[[[[[  5b5b5b5b5b5b5b5b5b5b5b5b5b5b5b5b
        46  ................  abababababababababababababababab
        45  FFFFFFFFFFFFFFFF  46464646464646464646464646464646
        43  ................  b0b0b0b0b0b0b0b0b0b0b0b0b0b0b0b0
        32  ................  80808080808080808080808080808080
        30  <<<<<<<<<<<<<<<<  3c3c3c3c3c3c3c3c3c3c3c3c3c3c3c3c
        26  @@@@@@@@@@@@@@@@  40404040404040404040404040404040
        21  RRRRRRRRRRRRRRRR  52525252525252525252525252525252
        19  ................  d1d1d1d1d1d1d1d1d1d1d1d1d1d1d1d1
        17  ................  7f7f7f7f7f7f7f7f7f7f7f7f7f7f7f7f
# epoch 14280  H=7.5418 C=7.2722 HO=0.2696  A(t)=454
        66  [[[[[[[[[[[[[[[[  5b5b5b5b5b5b5b5b5b5b5b5b5b5b5b5b
        65  ????????????????  3f3f3f3f3f3f3f3f3f3f3f3f3f3f3f3f
        48  ................  04040404040404040404040404040404
        41  ................  abababababababababababababababab
        38  ................  b0b0b0b0b0b0b0b0b0b0b0b0b0b0b0b0
        32  ................  80808080808080808080808080808080
        30  FFFFFFFFFFFFFFFF  46464646464646464646464646464646
        30  <<<<<<<<<<<<<<<<  3c3c3c3c3c3c3c3c3c3c3c3c3c3c3c3c
        26  @@@@@@@@@@@@@@@@  40404040404040404040404040404040
        21  RRRRRRRRRRRRRRRR  52525252525252525252525252525252
# epoch 14300  H=7.5389 C=7.2667 HO=0.2721  A(t)=454
        65  ????????????????  3f3f3f3f3f3f3f3f3f3f3f3f3f3f3f3f
        61  [[[[[[[[[[[[[[[[  5b5b5b5b5b5b5b5b5b5b5b5b5b5b5b5b
        41  ................  abababababababababababababababab
        41  ////////////////  2f2f2f2f2f2f2f2f2f2f2f2f2f2f2f2f
        34  ................  04040404040404040404040404040404
        32  ................  80808080808080808080808080808080
        26  FFFFFFFFFFFFFFFF  46464646464646464646464646464646
        26  @@@@@@@@@@@@@@@@  40404040404040404040404040404040
        22  ................  b0b0b0b0b0b0b0b0b0b0b0b0b0b0b0b0
        21  RRRRRRRRRRRRRRRR  52525252525252525252525252525252
# epoch 14320  H=7.5371 C=7.2390 HO=0.2981  A(t)=456
        61  [[[[[[[[[[[[[[[[  5b5b5b5b5b5b5b5b5b5b5b5b5b5b5b5b
        59  <<<<<<<<<<<<<<<<  3c3c3c3c3c3c3c3c3c3c3c3c3c3c3c3c
        51  ????????????????  3f3f3f3f3f3f3f3f3f3f3f3f3f3f3f3f
        47  ................  f9f9f9f9f9f9f9f9f9f9f9f9f9f9f9f9
        45  ================  3d3d3d3d3d3d3d3d3d3d3d3d3d3d3d3d
        42  ................  1d1d1d1d1d1d1d1d1d1d1d1d1d1d1d1d
        40  ................  abababababababababababababababab
        38  ::::::::::::::::  3a3a3a3a3a3a3a3a3a3a3a3a3a3a3a3a
        34  ................  04040404040404040404040404040404
        33  ////////////////  2f2f2f2f2f2f2f2f2f2f2f2f2f2f2f2f
# epoch 14340  H=7.5343 C=7.2428 HO=0.2915  A(t)=456
        61  [[[[[[[[[[[[[[[[  5b5b5b5b5b5b5b5b5b5b5b5b5b5b5b5b
        52  KKKKKKKKKKKKKKKK  4b4b4b4b4b4b4b4b4b4b4b4b4b4b4b4b
        51  ????????????????  3f3f3f3f3f3f3f3f3f3f3f3f3f3f3f3f
        42  ................  1d1d1d1d1d1d1d1d1d1d1d1d1d1d1d1d
        41  ................  f9f9f9f9f9f9f9f9f9f9f9f9f9f9f9f9
        36  ................  abababababababababababababababab
        33  ////////////////  2f2f2f2f2f2f2f2f2f2f2f2f2f2f2f2f
        33  ((((((((((((((((  28282828282828282828282828282828
        31  <<<<<<<<<<<<<<<<  3c3c3c3c3c3c3c3c3c3c3c3c3c3c3c3c
        30  ................  80808080808080808080808080808080
# epoch 14360  H=7.5408 C=7.2406 HO=0.3002  A(t)=456
        61  [[[[[[[[[[[[[[[[  5b5b5b5b5b5b5b5b5b5b5b5b5b5b5b5b
        50  KKKKKKKKKKKKKKKK  4b4b4b4b4b4b4b4b4b4b4b4b4b4b4b4b
        49  rrrrrrrrrrrrrrrr  72727272727272727272727272727272
        47  !!!!!!!!!!!!!!!!  21212121212121212121212121212121
        44  9999999999999999  39393939393939393939393939393939
        43  ????????????????  3f3f3f3f3f3f3f3f3f3f3f3f3f3f3f3f
        40  ................  f9f9f9f9f9f9f9f9f9f9f9f9f9f9f9f9
        38  ................  1d1d1d1d1d1d1d1d1d1d1d1d1d1d1d1d
        31  <<<<<<<<<<<<<<<<  3c3c3c3c3c3c3c3c3c3c3c3c3c3c3c3c
        29  ................  abababababababababababababababab
# epoch 14380  H=7.5374 C=7.2329 HO=0.3044  A(t)=456
        83  !!!!!!!!!!!!!!!!  21212121212121212121212121212121
        58  [[[[[[[[[[[[[[[[  5b5b5b5b5b5b5b5b5b5b5b5b5b5b5b5b
        50  KKKKKKKKKKKKKKKK  4b4b4b4b4b4b4b4b4b4b4b4b4b4b4b4b
        49  rrrrrrrrrrrrrrrr  72727272727272727272727272727272
        43  ????????????????  3f3f3f3f3f3f3f3f3f3f3f3f3f3f3f3f
        42  9999999999999999  39393939393939393939393939393939
        38  3333333333333333  33333333333333333333333333333333
        38  ................  1d1d1d1d1d1d1d1d1d1d1d1d1d1d1d1d
        36  ................  f9f9f9f9f9f9f9f9f9f9f9f9f9f9f9f9
        29  ................  abababababababababababababababab
# epoch 14400  H=7.5372 C=7.2180 HO=0.3192  A(t)=456
        83  3333333333333333  33333333333333333333333333333333
        78  !!!!!!!!!!!!!!!!  21212121212121212121212121212121
        65  FFFFFFFFFFFFFFFF  46464646464646464646464646464646
        49  nnnnnnnnnnnnnnnn  6e6e6e6e6e6e6e6e6e6e6e6e6e6e6e6e
        49  KKKKKKKKKKKKKKKK  4b4b4b4b4b4b4b4b4b4b4b4b4b4b4b4b
        42  [[[[[[[[[[[[[[[[  5b5b5b5b5b5b5b5b5b5b5b5b5b5b5b5b
        41  9999999999999999  39393939393939393939393939393939
        40  ????????????????  3f3f3f3f3f3f3f3f3f3f3f3f3f3f3f3f
        38  ................  1d1d1d1d1d1d1d1d1d1d1d1d1d1d1d1d
        36  ................  f9f9f9f9f9f9f9f9f9f9f9f9f9f9f9f9
# epoch 14420  H=7.5359 C=7.2273 HO=0.3086  A(t)=456
        64  3333333333333333  33333333333333333333333333333333
        63  FFFFFFFFFFFFFFFF  46464646464646464646464646464646
        49  KKKKKKKKKKKKKKKK  4b4b4b4b4b4b4b4b4b4b4b4b4b4b4b4b
        48  !!!!!!!!!!!!!!!!  21212121212121212121212121212121
        41  nnnnnnnnnnnnnnnn  6e6e6e6e6e6e6e6e6e6e6e6e6e6e6e6e
        38  ................  1d1d1d1d1d1d1d1d1d1d1d1d1d1d1d1d
        36  ................  f9f9f9f9f9f9f9f9f9f9f9f9f9f9f9f9
        35  ????????????????  3f3f3f3f3f3f3f3f3f3f3f3f3f3f3f3f
        35  ................  13131313131313131313131313131313
        33  9999999999999999  39393939393939393939393939393939
# epoch 14440  H=7.5414 C=7.2299 HO=0.3115  A(t)=456
        74  ================  3d3d3d3d3d3d3d3d3d3d3d3d3d3d3d3d
        57  3333333333333333  33333333333333333333333333333333
        56  FFFFFFFFFFFFFFFF  46464646464646464646464646464646
        49  ................  1a1a1a1a1a1a1a1a1a1a1a1a1a1a1a1a
        48  KKKKKKKKKKKKKKKK  4b4b4b4b4b4b4b4b4b4b4b4b4b4b4b4b
        48  !!!!!!!!!!!!!!!!  21212121212121212121212121212121
        35  ????????????????  3f3f3f3f3f3f3f3f3f3f3f3f3f3f3f3f
        35  ................  13131313131313131313131313131313
        28  nnnnnnnnnnnnnnnn  6e6e6e6e6e6e6e6e6e6e6e6e6e6e6e6e
        27  ................  1d1d1d1d1d1d1d1d1d1d1d1d1d1d1d1d
# epoch 14460  H=7.5367 C=7.2201 HO=0.3166  A(t)=456
        81  FFFFFFFFFFFFFFFF  46464646464646464646464646464646
        58  ================  3d3d3d3d3d3d3d3d3d3d3d3d3d3d3d3d
        57  CCCCCCCCCCCCCCCC  43434343434343434343434343434343
        48  KKKKKKKKKKKKKKKK  4b4b4b4b4b4b4b4b4b4b4b4b4b4b4b4b
        48  !!!!!!!!!!!!!!!!  21212121212121212121212121212121
        43  3333333333333333  33333333333333333333333333333333
        42  ................  1a1a1a1a1a1a1a1a1a1a1a1a1a1a1a1a
        40  ................  b6b6b6b6b6b6b6b6b6b6b6b6b6b6b6b6
        35  ????????????????  3f3f3f3f3f3f3f3f3f3f3f3f3f3f3f3f
        28  nnnnnnnnnnnnnnnn  6e6e6e6e6e6e6e6e6e6e6e6e6e6e6e6e
# epoch 14480  H=7.5308 C=7.2147 HO=0.3160  A(t)=456
        78  FFFFFFFFFFFFFFFF  46464646464646464646464646464646
        52  CCCCCCCCCCCCCCCC  43434343434343434343434343434343
        50  ????????????????  3f3f3f3f3f3f3f3f3f3f3f3f3f3f3f3f
        49  ================  3d3d3d3d3d3d3d3d3d3d3d3d3d3d3d3d
        48  ,,,,,,,,,,,,,,,,  2c2c2c2c2c2c2c2c2c2c2c2c2c2c2c2c
        45  KKKKKKKKKKKKKKKK  4b4b4b4b4b4b4b4b4b4b4b4b4b4b4b4b
        40  ................  1a1a1a1a1a1a1a1a1a1a1a1a1a1a1a1a
        39  ................  b6b6b6b6b6b6b6b6b6b6b6b6b6b6b6b6
        37  ................  1d1d1d1d1d1d1d1d1d1d1d1d1d1d1d1d
        35  3333333333333333  33333333333333333333333333333333
# epoch 14500  H=7.5319 C=7.2253 HO=0.3065  A(t)=456
        90  ,,,,,,,,,,,,,,,,  2c2c2c2c2c2c2c2c2c2c2c2c2c2c2c2c
        70  FFFFFFFFFFFFFFFF  46464646464646464646464646464646
        47  CCCCCCCCCCCCCCCC  43434343434343434343434343434343
        45  KKKKKKKKKKKKKKKK  4b4b4b4b4b4b4b4b4b4b4b4b4b4b4b4b
        40  ................  1a1a1a1a1a1a1a1a1a1a1a1a1a1a1a1a
        35  3333333333333333  33333333333333333333333333333333
        33  ================  3d3d3d3d3d3d3d3d3d3d3d3d3d3d3d3d
        32  !!!!!!!!!!!!!!!!  21212121212121212121212121212121
        26  nnnnnnnnnnnnnnnn  6e6e6e6e6e6e6e6e6e6e6e6e6e6e6e6e
        23  @@@@@@@@@@@@@@@@  40404040404040404040404040404040
# epoch 14520  H=7.5406 C=7.2411 HO=0.2995  A(t)=456
        75  ,,,,,,,,,,,,,,,,  2c2c2c2c2c2c2c2c2c2c2c2c2c2c2c2c
        58  FFFFFFFFFFFFFFFF  46464646464646464646464646464646
        45  KKKKKKKKKKKKKKKK  4b4b4b4b4b4b4b4b4b4b4b4b4b4b4b4b
        43  ................  d2d2d2d2d2d2d2d2d2d2d2d2d2d2d2d2
        35  3333333333333333  33333333333333333333333333333333
        33  ================  3d3d3d3d3d3d3d3d3d3d3d3d3d3d3d3d
        31  CCCCCCCCCCCCCCCC  43434343434343434343434343434343
        23  @@@@@@@@@@@@@@@@  40404040404040404040404040404040
        21  ................  1a1a1a1a1a1a1a1a1a1a1a1a1a1a1a1a
        21  ................  13131313131313131313131313131313
# epoch 14540  H=7.5403 C=7.2426 HO=0.2978  A(t)=456
        60  ,,,,,,,,,,,,,,,,  2c2c2c2c2c2c2c2c2c2c2c2c2c2c2c2c
        56  FFFFFFFFFFFFFFFF  46464646464646464646464646464646
        45  KKKKKKKKKKKKKKKK  4b4b4b4b4b4b4b4b4b4b4b4b4b4b4b4b
        42  ................  d2d2d2d2d2d2d2d2d2d2d2d2d2d2d2d2
        33  ================  3d3d3d3d3d3d3d3d3d3d3d3d3d3d3d3d
        32  3333333333333333  33333333333333333333333333333333
        23  @@@@@@@@@@@@@@@@  40404040404040404040404040404040
        21  ................  1a1a1a1a1a1a1a1a1a1a1a1a1a1a1a1a
        21  ................  13131313131313131313131313131313
        19  nnnnnnnnnnnnnnnn  6e6e6e6e6e6e6e6e6e6e6e6e6e6e6e6e
# epoch 14560  H=7.5393 C=7.2484 HO=0.2909  A(t)=456
        60  ,,,,,,,,,,,,,,,,  2c2c2c2c2c2c2c2c2c2c2c2c2c2c2c2c
        56  FFFFFFFFFFFFFFFF  46464646464646464646464646464646
        46  ................  dcdcdcdcdcdcdcdcdcdcdcdcdcdcdcdc
        45  KKKKKKKKKKKKKKKK  4b4b4b4b4b4b4b4b4b4b4b4b4b4b4b4b
        42  >>>>>>>>>>>>>>>>  3e3e3e3e3e3e3e3e3e3e3e3e3e3e3e3e
        40  ................  d2d2d2d2d2d2d2d2d2d2d2d2d2d2d2d2
        32  ================  3d3d3d3d3d3d3d3d3d3d3d3d3d3d3d3d
        32  3333333333333333  33333333333333333333333333333333
        21  ................  1a1a1a1a1a1a1a1a1a1a1a1a1a1a1a1a
        19  nnnnnnnnnnnnnnnn  6e6e6e6e6e6e6e6e6e6e6e6e6e6e6e6e
# epoch 14580  H=7.5393 C=7.2529 HO=0.2864  A(t)=456
        52  FFFFFFFFFFFFFFFF  46464646464646464646464646464646
        49  >>>>>>>>>>>>>>>>  3e3e3e3e3e3e3e3e3e3e3e3e3e3e3e3e
        49  <<<<<<<<<<<<<<<<  3c3c3c3c3c3c3c3c3c3c3c3c3c3c3c3c
        45  ................  dcdcdcdcdcdcdcdcdcdcdcdcdcdcdcdc
        39  ................  d2d2d2d2d2d2d2d2d2d2d2d2d2d2d2d2
        31  KKKKKKKKKKKKKKKK  4b4b4b4b4b4b4b4b4b4b4b4b4b4b4b4b
        31  ,,,,,,,,,,,,,,,,  2c2c2c2c2c2c2c2c2c2c2c2c2c2c2c2c
        27  3333333333333333  33333333333333333333333333333333
        22  ================  3d3d3d3d3d3d3d3d3d3d3d3d3d3d3d3d
        20  ................  1a1a1a1a1a1a1a1a1a1a1a1a1a1a1a1a
# epoch 14600  H=7.5434 C=7.2592 HO=0.2842  A(t)=456
        49  FFFFFFFFFFFFFFFF  46464646464646464646464646464646
        44  ................  dcdcdcdcdcdcdcdcdcdcdcdcdcdcdcdc
        44  <<<<<<<<<<<<<<<<  3c3c3c3c3c3c3c3c3c3c3c3c3c3c3c3c
        43  ]]]]]]]]]]]]]]]]  5d5d5d5d5d5d5d5d5d5d5d5d5d5d5d5d
        33  ................  d2d2d2d2d2d2d2d2d2d2d2d2d2d2d2d2
        31  KKKKKKKKKKKKKKKK  4b4b4b4b4b4b4b4b4b4b4b4b4b4b4b4b
        28  >>>>>>>>>>>>>>>>  3e3e3e3e3e3e3e3e3e3e3e3e3e3e3e3e
        27  3333333333333333  33333333333333333333333333333333
        23  ,,,,,,,,,,,,,,,,  2c2c2c2c2c2c2c2c2c2c2c2c2c2c2c2c
        20  ................  1a1a1a1a1a1a1a1a1a1a1a1a1a1a1a1a
# epoch 14620  H=7.5496 C=7.2749 HO=0.2746  A(t)=456
        49  ................  f8f8f8f8f8f8f8f8f8f8f8f8f8f8f8f8
        49  FFFFFFFFFFFFFFFF  46464646464646464646464646464646
        43  ]]]]]]]]]]]]]]]]  5d5d5d5d5d5d5d5d5d5d5d5d5d5d5d5d
        42  ................  dcdcdcdcdcdcdcdcdcdcdcdcdcdcdcdc
        30  ................  d2d2d2d2d2d2d2d2d2d2d2d2d2d2d2d2
        27  3333333333333333  33333333333333333333333333333333
        25  <<<<<<<<<<<<<<<<  3c3c3c3c3c3c3c3c3c3c3c3c3c3c3c3c
        24  KKKKKKKKKKKKKKKK  4b4b4b4b4b4b4b4b4b4b4b4b4b4b4b4b
        23  ,,,,,,,,,,,,,,,,  2c2c2c2c2c2c2c2c2c2c2c2c2c2c2c2c
        20  ................  1a1a1a1a1a1a1a1a1a1a1a1a1a1a1a1a
# epoch 14640  H=7.5643 C=7.2904 HO=0.2739  A(t)=456
        42  ................  dcdcdcdcdcdcdcdcdcdcdcdcdcdcdcdc
        40  ]]]]]]]]]]]]]]]]  5d5d5d5d5d5d5d5d5d5d5d5d5d5d5d5d
        40  FFFFFFFFFFFFFFFF  46464646464646464646464646464646
        30  ................  d2d2d2d2d2d2d2d2d2d2d2d2d2d2d2d2
        27  3333333333333333  33333333333333333333333333333333
        26  ................  f8f8f8f8f8f8f8f8f8f8f8f8f8f8f8f8
        25  <<<<<<<<<<<<<<<<  3c3c3c3c3c3c3c3c3c3c3c3c3c3c3c3c
        24  KKKKKKKKKKKKKKKK  4b4b4b4b4b4b4b4b4b4b4b4b4b4b4b4b
        23  ,,,,,,,,,,,,,,,,  2c2c2c2c2c2c2c2c2c2c2c2c2c2c2c2c
        20  ................  1a1a1a1a1a1a1a1a1a1a1a1a1a1a1a1a
# epoch 14660  H=7.5707 C=7.3143 HO=0.2564  A(t)=456
        42  ................  dcdcdcdcdcdcdcdcdcdcdcdcdcdcdcdc
        35  FFFFFFFFFFFFFFFF  46464646464646464646464646464646
        34  ]]]]]]]]]]]]]]]]  5d5d5d5d5d5d5d5d5d5d5d5d5d5d5d5d
        30  ................  d2d2d2d2d2d2d2d2d2d2d2d2d2d2d2d2
        24  ................  f8f8f8f8f8f8f8f8f8f8f8f8f8f8f8f8
        24  KKKKKKKKKKKKKKKK  4b4b4b4b4b4b4b4b4b4b4b4b4b4b4b4b
        20  ................  1a1a1a1a1a1a1a1a1a1a1a1a1a1a1a1a
        13  3333333333333333  33333333333333333333333333333333
        12  ................  13131313131313131313131313131313
        10  rrrrrrrrrrrrrrrr  72727272727272727272727272727272
# epoch 14680  H=7.5697 C=7.3127 HO=0.2570  A(t)=456
        49  ;;;;;;;;;;;;;;;;  3b3b3b3b3b3b3b3b3b3b3b3b3b3b3b3b
        34  ]]]]]]]]]]]]]]]]  5d5d5d5d5d5d5d5d5d5d5d5d5d5d5d5d
        31  FFFFFFFFFFFFFFFF  46464646464646464646464646464646
        31  ::::::::::::::::  3a3a3a3a3a3a3a3a3a3a3a3a3a3a3a3a
        30  ................  d2d2d2d2d2d2d2d2d2d2d2d2d2d2d2d2
        26  ................  dcdcdcdcdcdcdcdcdcdcdcdcdcdcdcdc
        24  KKKKKKKKKKKKKKKK  4b4b4b4b4b4b4b4b4b4b4b4b4b4b4b4b
        22  ................  f8f8f8f8f8f8f8f8f8f8f8f8f8f8f8f8
        20  ................  1a1a1a1a1a1a1a1a1a1a1a1a1a1a1a1a
        12  ................  13131313131313131313131313131313
# epoch 14700  H=7.5705 C=7.3121 HO=0.2584  A(t)=456
        46  ................  efefefefefefefefefefefefefefefef
        40  ,,,,,,,,,,,,,,,,  2c2c2c2c2c2c2c2c2c2c2c2c2c2c2c2c
        38  ;;;;;;;;;;;;;;;;  3b3b3b3b3b3b3b3b3b3b3b3b3b3b3b3b
        31  FFFFFFFFFFFFFFFF  46464646464646464646464646464646
        31  ::::::::::::::::  3a3a3a3a3a3a3a3a3a3a3a3a3a3a3a3a
        30  ................  d2d2d2d2d2d2d2d2d2d2d2d2d2d2d2d2
        26  ................  dcdcdcdcdcdcdcdcdcdcdcdcdcdcdcdc
        20  ................  f8f8f8f8f8f8f8f8f8f8f8f8f8f8f8f8
        20  KKKKKKKKKKKKKKKK  4b4b4b4b4b4b4b4b4b4b4b4b4b4b4b4b
        10  ................  1a1a1a1a1a1a1a1a1a1a1a1a1a1a1a1a
# epoch 14720  H=7.5741 C=7.3275 HO=0.2466  A(t)=456
        45  ................  efefefefefefefefefefefefefefefef
        40  ,,,,,,,,,,,,,,,,  2c2c2c2c2c2c2c2c2c2c2c2c2c2c2c2c
        31  FFFFFFFFFFFFFFFF  46464646464646464646464646464646
        30  ::::::::::::::::  3a3a3a3a3a3a3a3a3a3a3a3a3a3a3a3a
        26  ................  dcdcdcdcdcdcdcdcdcdcdcdcdcdcdcdc
        22  ................  d2d2d2d2d2d2d2d2d2d2d2d2d2d2d2d2
        20  KKKKKKKKKKKKKKKK  4b4b4b4b4b4b4b4b4b4b4b4b4b4b4b4b
        20  ;;;;;;;;;;;;;;;;  3b3b3b3b3b3b3b3b3b3b3b3b3b3b3b3b
        16  ................  f8f8f8f8f8f8f8f8f8f8f8f8f8f8f8f8
        10  ................  01010101010101010101010101010101
# epoch 14740  H=7.5768 C=7.3341 HO=0.2427  A(t)=456
        38  ................  efefefefefefefefefefefefefefefef
        32  ,,,,,,,,,,,,,,,,  2c2c2c2c2c2c2c2c2c2c2c2c2c2c2c2c
        31  FFFFFFFFFFFFFFFF  46464646464646464646464646464646
        25  >>>>>>>>>>>>>>>>  3e3e3e3e3e3e3e3e3e3e3e3e3e3e3e3e
        22  ................  dcdcdcdcdcdcdcdcdcdcdcdcdcdcdcdc
        22  ................  d2d2d2d2d2d2d2d2d2d2d2d2d2d2d2d2
        21  ::::::::::::::::  3a3a3a3a3a3a3a3a3a3a3a3a3a3a3a3a
        20  KKKKKKKKKKKKKKKK  4b4b4b4b4b4b4b4b4b4b4b4b4b4b4b4b
        20  ;;;;;;;;;;;;;;;;  3b3b3b3b3b3b3b3b3b3b3b3b3b3b3b3b
        16  ................  f8f8f8f8f8f8f8f8f8f8f8f8f8f8f8f8
# epoch 14760  H=7.5739 C=7.3334 HO=0.2405  A(t)=456
        36  ................  efefefefefefefefefefefefefefefef
        32  ,,,,,,,,,,,,,,,,  2c2c2c2c2c2c2c2c2c2c2c2c2c2c2c2c
        31  FFFFFFFFFFFFFFFF  46464646464646464646464646464646
        22  ................  dcdcdcdcdcdcdcdcdcdcdcdcdcdcdcdc
        22  ................  d2d2d2d2d2d2d2d2d2d2d2d2d2d2d2d2
        22  >>>>>>>>>>>>>>>>  3e3e3e3e3e3e3e3e3e3e3e3e3e3e3e3e
        21  ::::::::::::::::  3a3a3a3a3a3a3a3a3a3a3a3a3a3a3a3a
        20  KKKKKKKKKKKKKKKK  4b4b4b4b4b4b4b4b4b4b4b4b4b4b4b4b
        15  ................  f8f8f8f8f8f8f8f8f8f8f8f8f8f8f8f8
        10  ................  01010101010101010101010101010101
# epoch 14780  H=7.5664 C=7.3373 HO=0.2291  A(t)=456
        31  FFFFFFFFFFFFFFFF  46464646464646464646464646464646
        29  ................  efefefefefefefefefefefefefefefef
        22  ................  dcdcdcdcdcdcdcdcdcdcdcdcdcdcdcdc
        22  ................  d2d2d2d2d2d2d2d2d2d2d2d2d2d2d2d2
        21  ::::::::::::::::  3a3a3a3a3a3a3a3a3a3a3a3a3a3a3a3a
        20  KKKKKKKKKKKKKKKK  4b4b4b4b4b4b4b4b4b4b4b4b4b4b4b4b
        18  ,,,,,,,,,,,,,,,,  2c2c2c2c2c2c2c2c2c2c2c2c2c2c2c2c
        15  ................  f8f8f8f8f8f8f8f8f8f8f8f8f8f8f8f8
        14  >>>>>>>>>>>>>>>>  3e3e3e3e3e3e3e3e3e3e3e3e3e3e3e3e
        10  ................  01010101010101010101010101010101
# epoch 14800  H=7.5680 C=7.3513 HO=0.2167  A(t)=456
        32  ................  b7b7b7b7b7b7b7b7b7b7b7b7b7b7b7b7
        31  FFFFFFFFFFFFFFFF  46464646464646464646464646464646
        22  ................  dcdcdcdcdcdcdcdcdcdcdcdcdcdcdcdc
        22  ................  d2d2d2d2d2d2d2d2d2d2d2d2d2d2d2d2
        21  ::::::::::::::::  3a3a3a3a3a3a3a3a3a3a3a3a3a3a3a3a
        19  KKKKKKKKKKKKKKKK  4b4b4b4b4b4b4b4b4b4b4b4b4b4b4b4b
        18  ,,,,,,,,,,,,,,,,  2c2c2c2c2c2c2c2c2c2c2c2c2c2c2c2c
        15  ................  f8f8f8f8f8f8f8f8f8f8f8f8f8f8f8f8
        13  ................  efefefefefefefefefefefefefefefef
        10  ................  01010101010101010101010101010101
# epoch 14820  H=7.5707 C=7.3533 HO=0.2174  A(t)=456
        70  ::::::::::::::::  3a3a3a3a3a3a3a3a3a3a3a3a3a3a3a3a
        31  ................  b7b7b7b7b7b7b7b7b7b7b7b7b7b7b7b7
        31  FFFFFFFFFFFFFFFF  46464646464646464646464646464646
        22  ................  d2d2d2d2d2d2d2d2d2d2d2d2d2d2d2d2
        19  KKKKKKKKKKKKKKKK  4b4b4b4b4b4b4b4b4b4b4b4b4b4b4b4b
        18  ,,,,,,,,,,,,,,,,  2c2c2c2c2c2c2c2c2c2c2c2c2c2c2c2c
        15  ................  f8f8f8f8f8f8f8f8f8f8f8f8f8f8f8f8
        13  ................  efefefefefefefefefefefefefefefef
        10  ................  01010101010101010101010101010101
         8  3333333333333333  33333333333333333333333333333333
# epoch 14840  H=7.5709 C=7.3456 HO=0.2254  A(t)=456
        60  ::::::::::::::::  3a3a3a3a3a3a3a3a3a3a3a3a3a3a3a3a
        53  >>>>>>>>>>>>>>>>  3e3e3e3e3e3e3e3e3e3e3e3e3e3e3e3e
        46  ................  dfdfdfdfdfdfdfdfdfdfdfdfdfdfdfdf
        30  ................  95959595959595959595959595959595
        29  ................  b7b7b7b7b7b7b7b7b7b7b7b7b7b7b7b7
        23  FFFFFFFFFFFFFFFF  46464646464646464646464646464646
        22  ................  d2d2d2d2d2d2d2d2d2d2d2d2d2d2d2d2
        19  KKKKKKKKKKKKKKKK  4b4b4b4b4b4b4b4b4b4b4b4b4b4b4b4b
        18  ================  3d3d3d3d3d3d3d3d3d3d3d3d3d3d3d3d
        18  ,,,,,,,,,,,,,,,,  2c2c2c2c2c2c2c2c2c2c2c2c2c2c2c2c
# epoch 14860  H=7.5741 C=7.3336 HO=0.2405  A(t)=456
        60  ::::::::::::::::  3a3a3a3a3a3a3a3a3a3a3a3a3a3a3a3a
        52  ????????????????  3f3f3f3f3f3f3f3f3f3f3f3f3f3f3f3f
        50  >>>>>>>>>>>>>>>>  3e3e3e3e3e3e3e3e3e3e3e3e3e3e3e3e
        32  ................  bfbfbfbfbfbfbfbfbfbfbfbfbfbfbfbf
        30  ................  95959595959595959595959595959595
        30  ................  15151515151515151515151515151515
        23  ................  b7b7b7b7b7b7b7b7b7b7b7b7b7b7b7b7
        23  FFFFFFFFFFFFFFFF  46464646464646464646464646464646
        22  ................  d2d2d2d2d2d2d2d2d2d2d2d2d2d2d2d2
        19  KKKKKKKKKKKKKKKK  4b4b4b4b4b4b4b4b4b4b4b4b4b4b4b4b
# epoch 14880  H=7.5764 C=7.2953 HO=0.2811  A(t)=456
        59  ::::::::::::::::  3a3a3a3a3a3a3a3a3a3a3a3a3a3a3a3a
        49  ................  e8e8e8e8e8e8e8e8e8e8e8e8e8e8e8e8
        49  cccccccccccccccc  63636363636363636363636363636363
        44  ................  c0c0c0c0c0c0c0c0c0c0c0c0c0c0c0c0
        44  NNNNNNNNNNNNNNNN  4e4e4e4e4e4e4e4e4e4e4e4e4e4e4e4e
        43  6666666666666666  36363636363636363636363636363636
        42  ????????????????  3f3f3f3f3f3f3f3f3f3f3f3f3f3f3f3f
        36  EEEEEEEEEEEEEEEE  45454545454545454545454545454545
        35  """"""""""""""""  22222222222222222222222222222222
        33  >>>>>>>>>>>>>>>>  3e3e3e3e3e3e3e3e3e3e3e3e3e3e3e3e
# epoch 14900  H=7.5787 C=7.3044 HO=0.2743  A(t)=456
        65  ????????????????  3f3f3f3f3f3f3f3f3f3f3f3f3f3f3f3f
        59  ::::::::::::::::  3a3a3a3a3a3a3a3a3a3a3a3a3a3a3a3a
        47  ................  e8e8e8e8e8e8e8e8e8e8e8e8e8e8e8e8
        47  cccccccccccccccc  63636363636363636363636363636363
        43  6666666666666666  36363636363636363636363636363636
        40  ................  c0c0c0c0c0c0c0c0c0c0c0c0c0c0c0c0
        36  EEEEEEEEEEEEEEEE  45454545454545454545454545454545
        29  NNNNNNNNNNNNNNNN  4e4e4e4e4e4e4e4e4e4e4e4e4e4e4e4e
        27  ................  bfbfbfbfbfbfbfbfbfbfbfbfbfbfbfbf
        23  FFFFFFFFFFFFFFFF  46464646464646464646464646464646
# epoch 14920  H=7.5839 C=7.3163 HO=0.2676  A(t)=456
        61  ????????????????  3f3f3f3f3f3f3f3f3f3f3f3f3f3f3f3f
        51  ::::::::::::::::  3a3a3a3a3a3a3a3a3a3a3a3a3a3a3a3a
        42  6666666666666666  36363636363636363636363636363636
        40  ................  c0c0c0c0c0c0c0c0c0c0c0c0c0c0c0c0
        39  ................  b6b6b6b6b6b6b6b6b6b6b6b6b6b6b6b6
        31  ................  d9d9d9d9d9d9d9d9d9d9d9d9d9d9d9d9
        30  EEEEEEEEEEEEEEEE  45454545454545454545454545454545
        29  NNNNNNNNNNNNNNNN  4e4e4e4e4e4e4e4e4e4e4e4e4e4e4e4e
        27  ................  bfbfbfbfbfbfbfbfbfbfbfbfbfbfbfbf
        25  cccccccccccccccc  63636363636363636363636363636363
# epoch 14940  H=7.5859 C=7.3043 HO=0.2816  A(t)=456
        51  ::::::::::::::::  3a3a3a3a3a3a3a3a3a3a3a3a3a3a3a3a
        50  ????????????????  3f3f3f3f3f3f3f3f3f3f3f3f3f3f3f3f
        45  ................  b8b8b8b8b8b8b8b8b8b8b8b8b8b8b8b8
        41  ................  bcbcbcbcbcbcbcbcbcbcbcbcbcbcbcbc
        31  ................  d9d9d9d9d9d9d9d9d9d9d9d9d9d9d9d9
        26  6666666666666666  36363636363636363636363636363636
        25  ................  c0c0c0c0c0c0c0c0c0c0c0c0c0c0c0c0
        25  cccccccccccccccc  63636363636363636363636363636363
        24  ................  bfbfbfbfbfbfbfbfbfbfbfbfbfbfbfbf
        22  ................  d2d2d2d2d2d2d2d2d2d2d2d2d2d2d2d2
# epoch 14960  H=7.5870 C=7.3069 HO=0.2801  A(t)=456
        49  ????????????????  3f3f3f3f3f3f3f3f3f3f3f3f3f3f3f3f
        49  ////////////////  2f2f2f2f2f2f2f2f2f2f2f2f2f2f2f2f
        38  ::::::::::::::::  3a3a3a3a3a3a3a3a3a3a3a3a3a3a3a3a
        29  ................  d9d9d9d9d9d9d9d9d9d9d9d9d9d9d9d9
        26  6666666666666666  36363636363636363636363636363636
        25  ................  c0c0c0c0c0c0c0c0c0c0c0c0c0c0c0c0
        25  cccccccccccccccc  63636363636363636363636363636363
        24  ................  bfbfbfbfbfbfbfbfbfbfbfbfbfbfbfbf
        24  ................  bcbcbcbcbcbcbcbcbcbcbcbcbcbcbcbc
        22  ................  d2d2d2d2d2d2d2d2d2d2d2d2d2d2d2d2
# epoch 14980  H=7.5831 C=7.2905 HO=0.2926  A(t)=456
        58  >>>>>>>>>>>>>>>>  3e3e3e3e3e3e3e3e3e3e3e3e3e3e3e3e
        45  BBBBBBBBBBBBBBBB  42424242424242424242424242424242
        45  ,,,,,,,,,,,,,,,,  2c2c2c2c2c2c2c2c2c2c2c2c2c2c2c2c
        44  ????????????????  3f3f3f3f3f3f3f3f3f3f3f3f3f3f3f3f
        44  ////////////////  2f2f2f2f2f2f2f2f2f2f2f2f2f2f2f2f
        36  ::::::::::::::::  3a3a3a3a3a3a3a3a3a3a3a3a3a3a3a3a
        31  ................  c4c4c4c4c4c4c4c4c4c4c4c4c4c4c4c4
        26  6666666666666666  36363636363636363636363636363636
        25  ................  c0c0c0c0c0c0c0c0c0c0c0c0c0c0c0c0
        25  cccccccccccccccc  63636363636363636363636363636363
# epoch 15000  H=7.5806 C=7.2645 HO=0.3161  A(t)=456
        63  ................  babababababababababababababababa
        61  >>>>>>>>>>>>>>>>  3e3e3e3e3e3e3e3e3e3e3e3e3e3e3e3e
        41  ,,,,,,,,,,,,,,,,  2c2c2c2c2c2c2c2c2c2c2c2c2c2c2c2c
        39  ////////////////  2f2f2f2f2f2f2f2f2f2f2f2f2f2f2f2f
        38  BBBBBBBBBBBBBBBB  42424242424242424242424242424242
        35  8888888888888888  38383838383838383838383838383838
        30  ****************  2a2a2a2a2a2a2a2a2a2a2a2a2a2a2a2a
        29  ................  c4c4c4c4c4c4c4c4c4c4c4c4c4c4c4c4
        27  ????????????????  3f3f3f3f3f3f3f3f3f3f3f3f3f3f3f3f
        25  6666666666666666  36363636363636363636363636363636
# epoch 15020  H=7.5826 C=7.2623 HO=0.3203  A(t)=456
        48  ................  adadadadadadadadadadadadadadadad
        44  ................  babababababababababababababababa
        41  ,,,,,,,,,,,,,,,,  2c2c2c2c2c2c2c2c2c2c2c2c2c2c2c2c
        38  BBBBBBBBBBBBBBBB  42424242424242424242424242424242
        38  ................  0c0c0c0c0c0c0c0c0c0c0c0c0c0c0c0c
        37  @@@@@@@@@@@@@@@@  40404040404040404040404040404040
        31  >>>>>>>>>>>>>>>>  3e3e3e3e3e3e3e3e3e3e3e3e3e3e3e3e
        30  8888888888888888  38383838383838383838383838383838
        30  ****************  2a2a2a2a2a2a2a2a2a2a2a2a2a2a2a2a
        27  ????????????????  3f3f3f3f3f3f3f3f3f3f3f3f3f3f3f3f
# epoch 15040  H=7.5786 C=7.2565 HO=0.3221  A(t)=456
        48  ,,,,,,,,,,,,,,,,  2c2c2c2c2c2c2c2c2c2c2c2c2c2c2c2c
        47  ................  fdfdfdfdfdfdfdfdfdfdfdfdfdfdfdfd
        42  ................  babababababababababababababababa
        37  BBBBBBBBBBBBBBBB  42424242424242424242424242424242
        32  >>>>>>>>>>>>>>>>  3e3e3e3e3e3e3e3e3e3e3e3e3e3e3e3e
        32  ................  1e1e1e1e1e1e1e1e1e1e1e1e1e1e1e1e
        30  8888888888888888  38383838383838383838383838383838
        30  ****************  2a2a2a2a2a2a2a2a2a2a2a2a2a2a2a2a
        28  ................  adadadadadadadadadadadadadadadad
        27  ????????????????  3f3f3f3f3f3f3f3f3f3f3f3f3f3f3f3f
# epoch 15060  H=7.5832 C=7.2366 HO=0.3466  A(t)=456
        74  ssssssssssssssss  73737373737373737373737373737373
        50  EEEEEEEEEEEEEEEE  45454545454545454545454545454545
        46  aaaaaaaaaaaaaaaa  61616161616161616161616161616161
        43  ................  fdfdfdfdfdfdfdfdfdfdfdfdfdfdfdfd
        41  qqqqqqqqqqqqqqqq  71717171717171717171717171717171
        39  ,,,,,,,,,,,,,,,,  2c2c2c2c2c2c2c2c2c2c2c2c2c2c2c2c
        36  ................  babababababababababababababababa
        34  ................  1e1e1e1e1e1e1e1e1e1e1e1e1e1e1e1e
        30  8888888888888888  38383838383838383838383838383838
        27  ????????????????  3f3f3f3f3f3f3f3f3f3f3f3f3f3f3f3f
# epoch 15080  H=7.5824 C=7.2249 HO=0.3576  A(t)=464
        72  ,,,,,,,,,,,,,,,,  2c2c2c2c2c2c2c2c2c2c2c2c2c2c2c2c
        71  ssssssssssssssss  73737373737373737373737373737373
        68  qqqqqqqqqqqqqqqq  71717171717171717171717171717171
        46  EEEEEEEEEEEEEEEE  45454545454545454545454545454545
        45  ................  fdfdfdfdfdfdfdfdfdfdfdfdfdfdfdfd
        43  NNNNNNNNNNNNNNNN  4e4e4e4e4e4e4e4e4e4e4e4e4e4e4e4e
        43  CCCCCCCCCCCCCCCC  43434343434343434343434343434343
        32  aaaaaaaaaaaaaaaa  61616161616161616161616161616161
        31  ................  babababababababababababababababa
        30  8888888888888888  38383838383838383838383838383838
# epoch 15100  H=7.5776 C=7.2324 HO=0.3452  A(t)=464
       114  ,,,,,,,,,,,,,,,,  2c2c2c2c2c2c2c2c2c2c2c2c2c2c2c2c
        67  qqqqqqqqqqqqqqqq  71717171717171717171717171717171
        59  ssssssssssssssss  73737373737373737373737373737373
        45  EEEEEEEEEEEEEEEE  45454545454545454545454545454545
        42  ................  fdfdfdfdfdfdfdfdfdfdfdfdfdfdfdfd
        32  aaaaaaaaaaaaaaaa  61616161616161616161616161616161
        30  8888888888888888  38383838383838383838383838383838
        30  ................  1e1e1e1e1e1e1e1e1e1e1e1e1e1e1e1e
        22  ................  babababababababababababababababa
        21  CCCCCCCCCCCCCCCC  43434343434343434343434343434343
# epoch 15120  H=7.5803 C=7.2502 HO=0.3301  A(t)=464
       104  ,,,,,,,,,,,,,,,,  2c2c2c2c2c2c2c2c2c2c2c2c2c2c2c2c
        65  qqqqqqqqqqqqqqqq  71717171717171717171717171717171
        41  ssssssssssssssss  73737373737373737373737373737373
        37  EEEEEEEEEEEEEEEE  45454545454545454545454545454545
        33  ................  fdfdfdfdfdfdfdfdfdfdfdfdfdfdfdfd
        32  aaaaaaaaaaaaaaaa  61616161616161616161616161616161
        30  8888888888888888  38383838383838383838383838383838
        30  ................  1e1e1e1e1e1e1e1e1e1e1e1e1e1e1e1e
        22  ................  babababababababababababababababa
        19  ................  18181818181818181818181818181818
# epoch 15140  H=7.5834 C=7.2549 HO=0.3285  A(t)=465
        88  ,,,,,,,,,,,,,,,,  2c2c2c2c2c2c2c2c2c2c2c2c2c2c2c2c
        52  ::::::::::::::::  3a3a3a3a3a3a3a3a3a3a3a3a3a3a3a3a
        44  qqqqqqqqqqqqqqqq  71717171717171717171717171717171
        44  >>>>>>>>>>>>>>>>  3e3e3e3e3e3e3e3e3e3e3e3e3e3e3e3e
        37  EEEEEEEEEEEEEEEE  45454545454545454545454545454545
        32  aaaaaaaaaaaaaaaa  61616161616161616161616161616161
        26  ^^^^^^^^^^^^^^^^  5e5e5e5e5e5e5e5e5e5e5e5e5e5e5e5e
        25  """"""""""""""""  22222222222222222222222222222222
        24  8888888888888888  38383838383838383838383838383838
        23  ssssssssssssssss  73737373737373737373737373737373
# epoch 15160  H=7.5730 C=7.2378 HO=0.3352  A(t)=465
        65  ,,,,,,,,,,,,,,,,  2c2c2c2c2c2c2c2c2c2c2c2c2c2c2c2c
        48  ................  9d9d9d9d9d9d9d9d9d9d9d9d9d9d9d9d
        48  ::::::::::::::::  3a3a3a3a3a3a3a3a3a3a3a3a3a3a3a3a
        44  qqqqqqqqqqqqqqqq  71717171717171717171717171717171
        39  [[[[[[[[[[[[[[[[  5b5b5b5b5b5b5b5b5b5b5b5b5b5b5b5b
        37  EEEEEEEEEEEEEEEE  45454545454545454545454545454545
        27  >>>>>>>>>>>>>>>>  3e3e3e3e3e3e3e3e3e3e3e3e3e3e3e3e
        26  ^^^^^^^^^^^^^^^^  5e5e5e5e5e5e5e5e5e5e5e5e5e5e5e5e
        24  8888888888888888  38383838383838383838383838383838
        24  """"""""""""""""  22222222222222222222222222222222
# epoch 15180  H=7.5642 C=7.2197 HO=0.3445  A(t)=467
        49  ................  b1b1b1b1b1b1b1b1b1b1b1b1b1b1b1b1
        49  ,,,,,,,,,,,,,,,,  2c2c2c2c2c2c2c2c2c2c2c2c2c2c2c2c
        44  JJJJJJJJJJJJJJJJ  4a4a4a4a4a4a4a4a4a4a4a4a4a4a4a4a
        43  ::::::::::::::::  3a3a3a3a3a3a3a3a3a3a3a3a3a3a3a3a
        42  ;;;;;;;;;;;;;;;;  3b3b3b3b3b3b3b3b3b3b3b3b3b3b3b3b
        41  ................  9d9d9d9d9d9d9d9d9d9d9d9d9d9d9d9d
        37  qqqqqqqqqqqqqqqq  71717171717171717171717171717171
        37  [[[[[[[[[[[[[[[[  5b5b5b5b5b5b5b5b5b5b5b5b5b5b5b5b
        36  EEEEEEEEEEEEEEEE  45454545454545454545454545454545
        31  ................  d6d6d6d6d6d6d6d6d6d6d6d6d6d6d6d6
# epoch 15200  H=7.5662 C=7.2087 HO=0.3575  A(t)=467
        83  ::::::::::::::::  3a3a3a3a3a3a3a3a3a3a3a3a3a3a3a3a
        58  ................  babababababababababababababababa
        48  ,,,,,,,,,,,,,,,,  2c2c2c2c2c2c2c2c2c2c2c2c2c2c2c2c
        44  ................  b1b1b1b1b1b1b1b1b1b1b1b1b1b1b1b1
        43  JJJJJJJJJJJJJJJJ  4a4a4a4a4a4a4a4a4a4a4a4a4a4a4a4a
        41  ................  9d9d9d9d9d9d9d9d9d9d9d9d9d9d9d9d
        41  ||||||||||||||||  7c7c7c7c7c7c7c7c7c7c7c7c7c7c7c7c
        41  ;;;;;;;;;;;;;;;;  3b3b3b3b3b3b3b3b3b3b3b3b3b3b3b3b
        37  qqqqqqqqqqqqqqqq  71717171717171717171717171717171
        36  EEEEEEEEEEEEEEEE  45454545454545454545454545454545
# epoch 15220  H=7.5739 C=7.2117 HO=0.3622  A(t)=467
        67  ::::::::::::::::  3a3a3a3a3a3a3a3a3a3a3a3a3a3a3a3a
        57  ,,,,,,,,,,,,,,,,  2c2c2c2c2c2c2c2c2c2c2c2c2c2c2c2c
        44  ----------------  2d2d2d2d2d2d2d2d2d2d2d2d2d2d2d2d
        43  ................  babababababababababababababababa
        43  ................  b6b6b6b6b6b6b6b6b6b6b6b6b6b6b6b6
        43  JJJJJJJJJJJJJJJJ  4a4a4a4a4a4a4a4a4a4a4a4a4a4a4a4a
        41  ................  9d9d9d9d9d9d9d9d9d9d9d9d9d9d9d9d
        40  ||||||||||||||||  7c7c7c7c7c7c7c7c7c7c7c7c7c7c7c7c
        40  ;;;;;;;;;;;;;;;;  3b3b3b3b3b3b3b3b3b3b3b3b3b3b3b3b
        38  ................  b1b1b1b1b1b1b1b1b1b1b1b1b1b1b1b1
# epoch 15240  H=7.5714 C=7.2079 HO=0.3635  A(t)=467
        90  ::::::::::::::::  3a3a3a3a3a3a3a3a3a3a3a3a3a3a3a3a
        49  4444444444444444  34343434343434343434343434343434
        48  ................  a9a9a9a9a9a9a9a9a9a9a9a9a9a9a9a9
        45  ,,,,,,,,,,,,,,,,  2c2c2c2c2c2c2c2c2c2c2c2c2c2c2c2c
        43  JJJJJJJJJJJJJJJJ  4a4a4a4a4a4a4a4a4a4a4a4a4a4a4a4a
        39  ||||||||||||||||  7c7c7c7c7c7c7c7c7c7c7c7c7c7c7c7c
        38  ................  b1b1b1b1b1b1b1b1b1b1b1b1b1b1b1b1
        34  ................  babababababababababababababababa
        34  ----------------  2d2d2d2d2d2d2d2d2d2d2d2d2d2d2d2d
        33  [[[[[[[[[[[[[[[[  5b5b5b5b5b5b5b5b5b5b5b5b5b5b5b5b
# epoch 15260  H=7.5703 C=7.2045 HO=0.3658  A(t)=467
        84  ::::::::::::::::  3a3a3a3a3a3a3a3a3a3a3a3a3a3a3a3a
        80  ----------------  2d2d2d2d2d2d2d2d2d2d2d2d2d2d2d2d
        78  ................  b1b1b1b1b1b1b1b1b1b1b1b1b1b1b1b1
        45  jjjjjjjjjjjjjjjj  6a6a6a6a6a6a6a6a6a6a6a6a6a6a6a6a
        44  ,,,,,,,,,,,,,,,,  2c2c2c2c2c2c2c2c2c2c2c2c2c2c2c2c
        38  ................  a9a9a9a9a9a9a9a9a9a9a9a9a9a9a9a9
        37  4444444444444444  34343434343434343434343434343434
        34  ................  babababababababababababababababa
        31  JJJJJJJJJJJJJJJJ  4a4a4a4a4a4a4a4a4a4a4a4a4a4a4a4a
        30  ................  b6b6b6b6b6b6b6b6b6b6b6b6b6b6b6b6
# epoch 15280  H=7.5808 C=7.2128 HO=0.3680  A(t)=467
        83  ::::::::::::::::  3a3a3a3a3a3a3a3a3a3a3a3a3a3a3a3a
        63  ................  b1b1b1b1b1b1b1b1b1b1b1b1b1b1b1b1
        60  [[[[[[[[[[[[[[[[  5b5b5b5b5b5b5b5b5b5b5b5b5b5b5b5b
        50  ----------------  2d2d2d2d2d2d2d2d2d2d2d2d2d2d2d2d
        41  jjjjjjjjjjjjjjjj  6a6a6a6a6a6a6a6a6a6a6a6a6a6a6a6a
        41  ,,,,,,,,,,,,,,,,  2c2c2c2c2c2c2c2c2c2c2c2c2c2c2c2c
        38  ................  a9a9a9a9a9a9a9a9a9a9a9a9a9a9a9a9
        32  4444444444444444  34343434343434343434343434343434
        31  JJJJJJJJJJJJJJJJ  4a4a4a4a4a4a4a4a4a4a4a4a4a4a4a4a
        30  ................  b6b6b6b6b6b6b6b6b6b6b6b6b6b6b6b6
# epoch 15300  H=7.5745 C=7.2147 HO=0.3598  A(t)=467
        74  ::::::::::::::::  3a3a3a3a3a3a3a3a3a3a3a3a3a3a3a3a
        62  ................  b1b1b1b1b1b1b1b1b1b1b1b1b1b1b1b1
        54  ssssssssssssssss  73737373737373737373737373737373
        37  ,,,,,,,,,,,,,,,,  2c2c2c2c2c2c2c2c2c2c2c2c2c2c2c2c
        36  jjjjjjjjjjjjjjjj  6a6a6a6a6a6a6a6a6a6a6a6a6a6a6a6a
        35  ----------------  2d2d2d2d2d2d2d2d2d2d2d2d2d2d2d2d
        33  <<<<<<<<<<<<<<<<  3c3c3c3c3c3c3c3c3c3c3c3c3c3c3c3c
        32  4444444444444444  34343434343434343434343434343434
        31  [[[[[[[[[[[[[[[[  5b5b5b5b5b5b5b5b5b5b5b5b5b5b5b5b
        31  JJJJJJJJJJJJJJJJ  4a4a4a4a4a4a4a4a4a4a4a4a4a4a4a4a
# epoch 15320  H=7.5691 C=7.2119 HO=0.3572  A(t)=467
        60  ................  b1b1b1b1b1b1b1b1b1b1b1b1b1b1b1b1
        54  ::::::::::::::::  3a3a3a3a3a3a3a3a3a3a3a3a3a3a3a3a
        53  AAAAAAAAAAAAAAAA  41414141414141414141414141414141
        35  ----------------  2d2d2d2d2d2d2d2d2d2d2d2d2d2d2d2d
        33  <<<<<<<<<<<<<<<<  3c3c3c3c3c3c3c3c3c3c3c3c3c3c3c3c
        32  4444444444444444  34343434343434343434343434343434
        30  ................  b6b6b6b6b6b6b6b6b6b6b6b6b6b6b6b6
        30  ................  9c9c9c9c9c9c9c9c9c9c9c9c9c9c9c9c
        27  ................  babababababababababababababababa
        27  JJJJJJJJJJJJJJJJ  4a4a4a4a4a4a4a4a4a4a4a4a4a4a4a4a
# epoch 15340  H=7.5703 C=7.2017 HO=0.3687  A(t)=467
        80  ................  a7a7a7a7a7a7a7a7a7a7a7a7a7a7a7a7
        60  ................  b1b1b1b1b1b1b1b1b1b1b1b1b1b1b1b1
        54  ::::::::::::::::  3a3a3a3a3a3a3a3a3a3a3a3a3a3a3a3a
        46  AAAAAAAAAAAAAAAA  41414141414141414141414141414141
        44  YYYYYYYYYYYYYYYY  59595959595959595959595959595959
        33  <<<<<<<<<<<<<<<<  3c3c3c3c3c3c3c3c3c3c3c3c3c3c3c3c
        33  ----------------  2d2d2d2d2d2d2d2d2d2d2d2d2d2d2d2d
        32  4444444444444444  34343434343434343434343434343434
        30  ................  efefefefefefefefefefefefefefefef
        30  ................  b6b6b6b6b6b6b6b6b6b6b6b6b6b6b6b6
# epoch 15360  H=7.5668 C=7.1947 HO=0.3721  A(t)=467
        67  ................  a7a7a7a7a7a7a7a7a7a7a7a7a7a7a7a7
        60  ................  b1b1b1b1b1b1b1b1b1b1b1b1b1b1b1b1
        54  ::::::::::::::::  3a3a3a3a3a3a3a3a3a3a3a3a3a3a3a3a
        33  <<<<<<<<<<<<<<<<  3c3c3c3c3c3c3c3c3c3c3c3c3c3c3c3c
        33  ................  11111111111111111111111111111111
        30  ................  efefefefefefefefefefefefefefefef
        30  AAAAAAAAAAAAAAAA  41414141414141414141414141414141
        27  ................  babababababababababababababababa
        27  JJJJJJJJJJJJJJJJ  4a4a4a4a4a4a4a4a4a4a4a4a4a4a4a4a
        27  4444444444444444  34343434343434343434343434343434
# epoch 15380  H=7.5587 C=7.1979 HO=0.3608  A(t)=467
        64  ................  a7a7a7a7a7a7a7a7a7a7a7a7a7a7a7a7
        59  ................  b1b1b1b1b1b1b1b1b1b1b1b1b1b1b1b1
        48  7777777777777777  37373737373737373737373737373737
        33  ................  dddddddddddddddddddddddddddddddd
        33  <<<<<<<<<<<<<<<<  3c3c3c3c3c3c3c3c3c3c3c3c3c3c3c3c
        33  ::::::::::::::::  3a3a3a3a3a3a3a3a3a3a3a3a3a3a3a3a
        27  ................  babababababababababababababababa
        27  ................  11111111111111111111111111111111
        26  JJJJJJJJJJJJJJJJ  4a4a4a4a4a4a4a4a4a4a4a4a4a4a4a4a
        25  ................  efefefefefefefefefefefefefefefef
# epoch 15400  H=7.5564 C=7.2061 HO=0.3503  A(t)=467
        69  <<<<<<<<<<<<<<<<  3c3c3c3c3c3c3c3c3c3c3c3c3c3c3c3c
        64  ................  a7a7a7a7a7a7a7a7a7a7a7a7a7a7a7a7
        47  7777777777777777  37373737373737373737373737373737
        42  ................  d7d7d7d7d7d7d7d7d7d7d7d7d7d7d7d7
        34  ................  b1b1b1b1b1b1b1b1b1b1b1b1b1b1b1b1
        33  ................  dddddddddddddddddddddddddddddddd
        33  ::::::::::::::::  3a3a3a3a3a3a3a3a3a3a3a3a3a3a3a3a
        29  ................  11111111111111111111111111111111
        25  ................  efefefefefefefefefefefefefefefef
        22  ----------------  2d2d2d2d2d2d2d2d2d2d2d2d2d2d2d2d
# epoch 15420  H=7.5654 C=7.2089 HO=0.3566  A(t)=467
        60  <<<<<<<<<<<<<<<<  3c3c3c3c3c3c3c3c3c3c3c3c3c3c3c3c
        57  ................  a7a7a7a7a7a7a7a7a7a7a7a7a7a7a7a7
        46  7777777777777777  37373737373737373737373737373737
        38  jjjjjjjjjjjjjjjj  6a6a6a6a6a6a6a6a6a6a6a6a6a6a6a6a
        34  ................  b1b1b1b1b1b1b1b1b1b1b1b1b1b1b1b1
        33  ::::::::::::::::  3a3a3a3a3a3a3a3a3a3a3a3a3a3a3a3a
        28  ................  dddddddddddddddddddddddddddddddd
        27  ................  d7d7d7d7d7d7d7d7d7d7d7d7d7d7d7d7
        27  EEEEEEEEEEEEEEEE  45454545454545454545454545454545
        25  ................  efefefefefefefefefefefefefefefef
# epoch 15440  H=7.5573 C=7.1879 HO=0.3694  A(t)=470
        94  DDDDDDDDDDDDDDDD  44444444444444444444444444444444
        51  >>>>>>>>>>>>>>>>  3e3e3e3e3e3e3e3e3e3e3e3e3e3e3e3e
        50  7777777777777777  37373737373737373737373737373737
        49  KKKKKKKKKKKKKKKK  4b4b4b4b4b4b4b4b4b4b4b4b4b4b4b4b
        46  ................  c7c7c7c7c7c7c7c7c7c7c7c7c7c7c7c7
        41  ................  a7a7a7a7a7a7a7a7a7a7a7a7a7a7a7a7
        38  jjjjjjjjjjjjjjjj  6a6a6a6a6a6a6a6a6a6a6a6a6a6a6a6a
        36  [[[[[[[[[[[[[[[[  5b5b5b5b5b5b5b5b5b5b5b5b5b5b5b5b
        34  ................  b1b1b1b1b1b1b1b1b1b1b1b1b1b1b1b1
        33  ::::::::::::::::  3a3a3a3a3a3a3a3a3a3a3a3a3a3a3a3a
# epoch 15460  H=7.5502 C=7.1744 HO=0.3758  A(t)=470
        77  DDDDDDDDDDDDDDDD  44444444444444444444444444444444
        66  <<<<<<<<<<<<<<<<  3c3c3c3c3c3c3c3c3c3c3c3c3c3c3c3c
        53  4444444444444444  34343434343434343434343434343434
        47  ................  f2f2f2f2f2f2f2f2f2f2f2f2f2f2f2f2
        45  KKKKKKKKKKKKKKKK  4b4b4b4b4b4b4b4b4b4b4b4b4b4b4b4b
        42  >>>>>>>>>>>>>>>>  3e3e3e3e3e3e3e3e3e3e3e3e3e3e3e3e
        42  7777777777777777  37373737373737373737373737373737
        38  jjjjjjjjjjjjjjjj  6a6a6a6a6a6a6a6a6a6a6a6a6a6a6a6a
        36  ................  c7c7c7c7c7c7c7c7c7c7c7c7c7c7c7c7
        36  ................  a7a7a7a7a7a7a7a7a7a7a7a7a7a7a7a7
# epoch 15480  H=7.5513 C=7.1893 HO=0.3620  A(t)=471
        59  DDDDDDDDDDDDDDDD  44444444444444444444444444444444
        59  <<<<<<<<<<<<<<<<  3c3c3c3c3c3c3c3c3c3c3c3c3c3c3c3c
        45  4444444444444444  34343434343434343434343434343434
        43  KKKKKKKKKKKKKKKK  4b4b4b4b4b4b4b4b4b4b4b4b4b4b4b4b
        42  >>>>>>>>>>>>>>>>  3e3e3e3e3e3e3e3e3e3e3e3e3e3e3e3e
        41  ................  f2f2f2f2f2f2f2f2f2f2f2f2f2f2f2f2
        37  jjjjjjjjjjjjjjjj  6a6a6a6a6a6a6a6a6a6a6a6a6a6a6a6a
        36  ................  a7a7a7a7a7a7a7a7a7a7a7a7a7a7a7a7
        34  ................  b1b1b1b1b1b1b1b1b1b1b1b1b1b1b1b1
        30  [[[[[[[[[[[[[[[[  5b5b5b5b5b5b5b5b5b5b5b5b5b5b5b5b
# epoch 15500  H=7.5576 C=7.1987 HO=0.3588  A(t)=471
        66  ^^^^^^^^^^^^^^^^  5e5e5e5e5e5e5e5e5e5e5e5e5e5e5e5e
        58  DDDDDDDDDDDDDDDD  44444444444444444444444444444444
        50  >>>>>>>>>>>>>>>>  3e3e3e3e3e3e3e3e3e3e3e3e3e3e3e3e
        43  KKKKKKKKKKKKKKKK  4b4b4b4b4b4b4b4b4b4b4b4b4b4b4b4b
        41  ................  f2f2f2f2f2f2f2f2f2f2f2f2f2f2f2f2
        36  ................  a7a7a7a7a7a7a7a7a7a7a7a7a7a7a7a7
        35  4444444444444444  34343434343434343434343434343434
        33  <<<<<<<<<<<<<<<<  3c3c3c3c3c3c3c3c3c3c3c3c3c3c3c3c
        27  ................  d7d7d7d7d7d7d7d7d7d7d7d7d7d7d7d7
        26  [[[[[[[[[[[[[[[[  5b5b5b5b5b5b5b5b5b5b5b5b5b5b5b5b
# epoch 15520  H=7.5623 C=7.2206 HO=0.3417  A(t)=471
        57  DDDDDDDDDDDDDDDD  44444444444444444444444444444444
        49  ................  14141414141414141414141414141414
        47  ^^^^^^^^^^^^^^^^  5e5e5e5e5e5e5e5e5e5e5e5e5e5e5e5e
        39  >>>>>>>>>>>>>>>>  3e3e3e3e3e3e3e3e3e3e3e3e3e3e3e3e
        36  ................  a7a7a7a7a7a7a7a7a7a7a7a7a7a7a7a7
        31  4444444444444444  34343434343434343434343434343434
        27  KKKKKKKKKKKKKKKK  4b4b4b4b4b4b4b4b4b4b4b4b4b4b4b4b
        26  [[[[[[[[[[[[[[[[  5b5b5b5b5b5b5b5b5b5b5b5b5b5b5b5b
        21  ................  b1b1b1b1b1b1b1b1b1b1b1b1b1b1b1b1
        21  jjjjjjjjjjjjjjjj  6a6a6a6a6a6a6a6a6a6a6a6a6a6a6a6a
# epoch 15540  H=7.5610 C=7.2284 HO=0.3326  A(t)=471
        57  DDDDDDDDDDDDDDDD  44444444444444444444444444444444
        53  >>>>>>>>>>>>>>>>  3e3e3e3e3e3e3e3e3e3e3e3e3e3e3e3e
        42  ................  14141414141414141414141414141414
        37  ^^^^^^^^^^^^^^^^  5e5e5e5e5e5e5e5e5e5e5e5e5e5e5e5e
        36  ................  a7a7a7a7a7a7a7a7a7a7a7a7a7a7a7a7
        31  4444444444444444  34343434343434343434343434343434
        27  KKKKKKKKKKKKKKKK  4b4b4b4b4b4b4b4b4b4b4b4b4b4b4b4b
        26  [[[[[[[[[[[[[[[[  5b5b5b5b5b5b5b5b5b5b5b5b5b5b5b5b
        21  ................  b1b1b1b1b1b1b1b1b1b1b1b1b1b1b1b1
        21  jjjjjjjjjjjjjjjj  6a6a6a6a6a6a6a6a6a6a6a6a6a6a6a6a
# epoch 15560  H=7.5631 C=7.2194 HO=0.3437  A(t)=471
        95  cccccccccccccccc  63636363636363636363636363636363
        45  ................  aaaaaaaaaaaaaaaaaaaaaaaaaaaaaaaa
        45  >>>>>>>>>>>>>>>>  3e3e3e3e3e3e3e3e3e3e3e3e3e3e3e3e
        37  ................  14141414141414141414141414141414
        36  DDDDDDDDDDDDDDDD  44444444444444444444444444444444
        31  ^^^^^^^^^^^^^^^^  5e5e5e5e5e5e5e5e5e5e5e5e5e5e5e5e
        31  ))))))))))))))))  29292929292929292929292929292929
        30  ................  0d0d0d0d0d0d0d0d0d0d0d0d0d0d0d0d
        25  4444444444444444  34343434343434343434343434343434
        22  ................  a7a7a7a7a7a7a7a7a7a7a7a7a7a7a7a7
# epoch 15580  H=7.5652 C=7.2106 HO=0.3547  A(t)=471
        97  ================  3d3d3d3d3d3d3d3d3d3d3d3d3d3d3d3d
        74  cccccccccccccccc  63636363636363636363636363636363
        60  [[[[[[[[[[[[[[[[  5b5b5b5b5b5b5b5b5b5b5b5b5b5b5b5b
        46  ................  b6b6b6b6b6b6b6b6b6b6b6b6b6b6b6b6
        42  >>>>>>>>>>>>>>>>  3e3e3e3e3e3e3e3e3e3e3e3e3e3e3e3e
        38  ................  aaaaaaaaaaaaaaaaaaaaaaaaaaaaaaaa
        35  DDDDDDDDDDDDDDDD  44444444444444444444444444444444
        35  ................  14141414141414141414141414141414
        31  ^^^^^^^^^^^^^^^^  5e5e5e5e5e5e5e5e5e5e5e5e5e5e5e5e
        31  ))))))))))))))))  29292929292929292929292929292929
# epoch 15600  H=7.5642 C=7.2180 HO=0.3462  A(t)=471
        71  ================  3d3d3d3d3d3d3d3d3d3d3d3d3d3d3d3d
        54  ................  b6b6b6b6b6b6b6b6b6b6b6b6b6b6b6b6
        50  cccccccccccccccc  63636363636363636363636363636363
        41  [[[[[[[[[[[[[[[[  5b5b5b5b5b5b5b5b5b5b5b5b5b5b5b5b
        36  ................  aaaaaaaaaaaaaaaaaaaaaaaaaaaaaaaa
        35  DDDDDDDDDDDDDDDD  44444444444444444444444444444444
        35  ................  14141414141414141414141414141414
        34  >>>>>>>>>>>>>>>>  3e3e3e3e3e3e3e3e3e3e3e3e3e3e3e3e
        31  ^^^^^^^^^^^^^^^^  5e5e5e5e5e5e5e5e5e5e5e5e5e5e5e5e
        31  ))))))))))))))))  29292929292929292929292929292929
# epoch 15620  H=7.5636 C=7.2173 HO=0.3463  A(t)=471
        53  ================  3d3d3d3d3d3d3d3d3d3d3d3d3d3d3d3d
        49  cccccccccccccccc  63636363636363636363636363636363
        48  ;;;;;;;;;;;;;;;;  3b3b3b3b3b3b3b3b3b3b3b3b3b3b3b3b
        40  ................  b6b6b6b6b6b6b6b6b6b6b6b6b6b6b6b6
        35  ................  aaaaaaaaaaaaaaaaaaaaaaaaaaaaaaaa
        35  ................  14141414141414141414141414141414
        32  >>>>>>>>>>>>>>>>  3e3e3e3e3e3e3e3e3e3e3e3e3e3e3e3e
        31  ))))))))))))))))  29292929292929292929292929292929
        26  [[[[[[[[[[[[[[[[  5b5b5b5b5b5b5b5b5b5b5b5b5b5b5b5b
        21  DDDDDDDDDDDDDDDD  44444444444444444444444444444444
# epoch 15640  H=7.5757 C=7.2278 HO=0.3479  A(t)=471
        47  ++++++++++++++++  2b2b2b2b2b2b2b2b2b2b2b2b2b2b2b2b
        46  ;;;;;;;;;;;;;;;;  3b3b3b3b3b3b3b3b3b3b3b3b3b3b3b3b
        38  ................  b6b6b6b6b6b6b6b6b6b6b6b6b6b6b6b6
        35  ................  aaaaaaaaaaaaaaaaaaaaaaaaaaaaaaaa
        35  ................  14141414141414141414141414141414
        34  cccccccccccccccc  63636363636363636363636363636363
        31  >>>>>>>>>>>>>>>>  3e3e3e3e3e3e3e3e3e3e3e3e3e3e3e3e
        31  ))))))))))))))))  29292929292929292929292929292929
        29  ================  3d3d3d3d3d3d3d3d3d3d3d3d3d3d3d3d
        21  DDDDDDDDDDDDDDDD  44444444444444444444444444444444
# epoch 15660  H=7.5891 C=7.2537 HO=0.3354  A(t)=471
        44  ;;;;;;;;;;;;;;;;  3b3b3b3b3b3b3b3b3b3b3b3b3b3b3b3b
        41  ++++++++++++++++  2b2b2b2b2b2b2b2b2b2b2b2b2b2b2b2b
        35  ................  aaaaaaaaaaaaaaaaaaaaaaaaaaaaaaaa
        34  cccccccccccccccc  63636363636363636363636363636363
        34  ................  14141414141414141414141414141414
        28  >>>>>>>>>>>>>>>>  3e3e3e3e3e3e3e3e3e3e3e3e3e3e3e3e
        28  ))))))))))))))))  29292929292929292929292929292929
        26  ................  b6b6b6b6b6b6b6b6b6b6b6b6b6b6b6b6
        22  ================  3d3d3d3d3d3d3d3d3d3d3d3d3d3d3d3d
        18  ................  a7a7a7a7a7a7a7a7a7a7a7a7a7a7a7a7
# epoch 15680  H=7.5933 C=7.2509 HO=0.3424  A(t)=471
        46  MMMMMMMMMMMMMMMM  4d4d4d4d4d4d4d4d4d4d4d4d4d4d4d4d
        34  cccccccccccccccc  63636363636363636363636363636363
        30  ................  b9b9b9b9b9b9b9b9b9b9b9b9b9b9b9b9
        30  ................  14141414141414141414141414141414
        28  ;;;;;;;;;;;;;;;;  3b3b3b3b3b3b3b3b3b3b3b3b3b3b3b3b
        28  ))))))))))))))))  29292929292929292929292929292929
        25  >>>>>>>>>>>>>>>>  3e3e3e3e3e3e3e3e3e3e3e3e3e3e3e3e
        25  ++++++++++++++++  2b2b2b2b2b2b2b2b2b2b2b2b2b2b2b2b
        22  ================  3d3d3d3d3d3d3d3d3d3d3d3d3d3d3d3d
        20  ................  b6b6b6b6b6b6b6b6b6b6b6b6b6b6b6b6
# epoch 15700  H=7.5931 C=7.2396 HO=0.3534  A(t)=471
        47  >>>>>>>>>>>>>>>>  3e3e3e3e3e3e3e3e3e3e3e3e3e3e3e3e
        46  ................  adadadadadadadadadadadadadadadad
        34  cccccccccccccccc  63636363636363636363636363636363
        30  ................  14141414141414141414141414141414
        28  ;;;;;;;;;;;;;;;;  3b3b3b3b3b3b3b3b3b3b3b3b3b3b3b3b
        28  ))))))))))))))))  29292929292929292929292929292929
        24  MMMMMMMMMMMMMMMM  4d4d4d4d4d4d4d4d4d4d4d4d4d4d4d4d
        22  ================  3d3d3d3d3d3d3d3d3d3d3d3d3d3d3d3d
        21  ++++++++++++++++  2b2b2b2b2b2b2b2b2b2b2b2b2b2b2b2b
        20  ................  b6b6b6b6b6b6b6b6b6b6b6b6b6b6b6b6
# epoch 15720  H=7.6003 C=7.2242 HO=0.3760  A(t)=471
        61  ................  b5b5b5b5b5b5b5b5b5b5b5b5b5b5b5b5
        48  ................  9f9f9f9f9f9f9f9f9f9f9f9f9f9f9f9f
        44  ................  d0d0d0d0d0d0d0d0d0d0d0d0d0d0d0d0
        42  ................  adadadadadadadadadadadadadadadad
        40  NNNNNNNNNNNNNNNN  4e4e4e4e4e4e4e4e4e4e4e4e4e4e4e4e
        35  >>>>>>>>>>>>>>>>  3e3e3e3e3e3e3e3e3e3e3e3e3e3e3e3e
        32  cccccccccccccccc  63636363636363636363636363636363
        28  ;;;;;;;;;;;;;;;;  3b3b3b3b3b3b3b3b3b3b3b3b3b3b3b3b
        28  ))))))))))))))))  29292929292929292929292929292929
        24  MMMMMMMMMMMMMMMM  4d4d4d4d4d4d4d4d4d4d4d4d4d4d4d4d
# epoch 15740  H=7.5914 C=7.2089 HO=0.3825  A(t)=471
       100  ................  b5b5b5b5b5b5b5b5b5b5b5b5b5b5b5b5
        63  ================  3d3d3d3d3d3d3d3d3d3d3d3d3d3d3d3d
        51  ,,,,,,,,,,,,,,,,  2c2c2c2c2c2c2c2c2c2c2c2c2c2c2c2c
        49  ????????????????  3f3f3f3f3f3f3f3f3f3f3f3f3f3f3f3f
        44  ................  9f9f9f9f9f9f9f9f9f9f9f9f9f9f9f9f
        43  ................  d0d0d0d0d0d0d0d0d0d0d0d0d0d0d0d0
        43  ................  b9b9b9b9b9b9b9b9b9b9b9b9b9b9b9b9
        40  ................  adadadadadadadadadadadadadadadad
        38  NNNNNNNNNNNNNNNN  4e4e4e4e4e4e4e4e4e4e4e4e4e4e4e4e
        32  cccccccccccccccc  63636363636363636363636363636363
# epoch 15760  H=7.5881 C=7.1814 HO=0.4067  A(t)=471
        98  ,,,,,,,,,,,,,,,,  2c2c2c2c2c2c2c2c2c2c2c2c2c2c2c2c
        89  ................  b5b5b5b5b5b5b5b5b5b5b5b5b5b5b5b5
        68  MMMMMMMMMMMMMMMM  4d4d4d4d4d4d4d4d4d4d4d4d4d4d4d4d
        66  NNNNNNNNNNNNNNNN  4e4e4e4e4e4e4e4e4e4e4e4e4e4e4e4e
        47  <<<<<<<<<<<<<<<<  3c3c3c3c3c3c3c3c3c3c3c3c3c3c3c3c
        46  FFFFFFFFFFFFFFFF  46464646464646464646464646464646
        45  ????????????????  3f3f3f3f3f3f3f3f3f3f3f3f3f3f3f3f
        44  EEEEEEEEEEEEEEEE  45454545454545454545454545454545
        44  ================  3d3d3d3d3d3d3d3d3d3d3d3d3d3d3d3d
        43  ................  b9b9b9b9b9b9b9b9b9b9b9b9b9b9b9b9
# epoch 15780  H=7.5778 C=7.1721 HO=0.4057  A(t)=471
       128  ,,,,,,,,,,,,,,,,  2c2c2c2c2c2c2c2c2c2c2c2c2c2c2c2c
        75  ????????????????  3f3f3f3f3f3f3f3f3f3f3f3f3f3f3f3f
        71  ................  b5b5b5b5b5b5b5b5b5b5b5b5b5b5b5b5
        48  ................  81818181818181818181818181818181
        45  ................  a5a5a5a5a5a5a5a5a5a5a5a5a5a5a5a5
        41  NNNNNNNNNNNNNNNN  4e4e4e4e4e4e4e4e4e4e4e4e4e4e4e4e
        41  MMMMMMMMMMMMMMMM  4d4d4d4d4d4d4d4d4d4d4d4d4d4d4d4d
        41  FFFFFFFFFFFFFFFF  46464646464646464646464646464646
        41  EEEEEEEEEEEEEEEE  45454545454545454545454545454545
        38  <<<<<<<<<<<<<<<<  3c3c3c3c3c3c3c3c3c3c3c3c3c3c3c3c
# epoch 15800  H=7.5762 C=7.1764 HO=0.3998  A(t)=471
        95  ,,,,,,,,,,,,,,,,  2c2c2c2c2c2c2c2c2c2c2c2c2c2c2c2c
        70  ................  b5b5b5b5b5b5b5b5b5b5b5b5b5b5b5b5
        60  ????????????????  3f3f3f3f3f3f3f3f3f3f3f3f3f3f3f3f
        49  llllllllllllllll  6c6c6c6c6c6c6c6c6c6c6c6c6c6c6c6c
        46  ................  13131313131313131313131313131313
        42  ................  a5a5a5a5a5a5a5a5a5a5a5a5a5a5a5a5
        41  NNNNNNNNNNNNNNNN  4e4e4e4e4e4e4e4e4e4e4e4e4e4e4e4e
        41  EEEEEEEEEEEEEEEE  45454545454545454545454545454545
        37  ................  b9b9b9b9b9b9b9b9b9b9b9b9b9b9b9b9
        35  <<<<<<<<<<<<<<<<  3c3c3c3c3c3c3c3c3c3c3c3c3c3c3c3c
# epoch 15820  H=7.5681 C=7.1780 HO=0.3902  A(t)=471
        80  ,,,,,,,,,,,,,,,,  2c2c2c2c2c2c2c2c2c2c2c2c2c2c2c2c
        55  ????????????????  3f3f3f3f3f3f3f3f3f3f3f3f3f3f3f3f
        54  ................  b5b5b5b5b5b5b5b5b5b5b5b5b5b5b5b5
        44  ++++++++++++++++  2b2b2b2b2b2b2b2b2b2b2b2b2b2b2b2b
        41  NNNNNNNNNNNNNNNN  4e4e4e4e4e4e4e4e4e4e4e4e4e4e4e4e
        41  ................  13131313131313131313131313131313
        37  ................  b9b9b9b9b9b9b9b9b9b9b9b9b9b9b9b9
        37  EEEEEEEEEEEEEEEE  45454545454545454545454545454545
        33  ................  a5a5a5a5a5a5a5a5a5a5a5a5a5a5a5a5
        31  ................  81818181818181818181818181818181
# epoch 15840  H=7.5675 C=7.1848 HO=0.3827  A(t)=471
        70  <<<<<<<<<<<<<<<<  3c3c3c3c3c3c3c3c3c3c3c3c3c3c3c3c
        67  ,,,,,,,,,,,,,,,,  2c2c2c2c2c2c2c2c2c2c2c2c2c2c2c2c
        52  ................  b5b5b5b5b5b5b5b5b5b5b5b5b5b5b5b5
        52  ????????????????  3f3f3f3f3f3f3f3f3f3f3f3f3f3f3f3f
        40  ................  13131313131313131313131313131313
        37  ................  b9b9b9b9b9b9b9b9b9b9b9b9b9b9b9b9
        37  NNNNNNNNNNNNNNNN  4e4e4e4e4e4e4e4e4e4e4e4e4e4e4e4e
        33  ................  a5a5a5a5a5a5a5a5a5a5a5a5a5a5a5a5
        31  ................  81818181818181818181818181818181
        31  llllllllllllllll  6c6c6c6c6c6c6c6c6c6c6c6c6c6c6c6c
# epoch 15860  H=7.5663 C=7.1857 HO=0.3806  A(t)=471
        67  <<<<<<<<<<<<<<<<  3c3c3c3c3c3c3c3c3c3c3c3c3c3c3c3c
        52  ,,,,,,,,,,,,,,,,  2c2c2c2c2c2c2c2c2c2c2c2c2c2c2c2c
        50  ................  b5b5b5b5b5b5b5b5b5b5b5b5b5b5b5b5
        42  ................  88888888888888888888888888888888
        40  ................  13131313131313131313131313131313
        37  ................  b9b9b9b9b9b9b9b9b9b9b9b9b9b9b9b9
        33  ................  a5a5a5a5a5a5a5a5a5a5a5a5a5a5a5a5
        31  1111111111111111  31313131313131313131313131313131
        30  ................  81818181818181818181818181818181
        30  FFFFFFFFFFFFFFFF  46464646464646464646464646464646
# epoch 15880  H=7.5651 C=7.1886 HO=0.3765  A(t)=471
        52  ,,,,,,,,,,,,,,,,  2c2c2c2c2c2c2c2c2c2c2c2c2c2c2c2c
        48  <<<<<<<<<<<<<<<<  3c3c3c3c3c3c3c3c3c3c3c3c3c3c3c3c
        42  ................  88888888888888888888888888888888
        41  ................  b5b5b5b5b5b5b5b5b5b5b5b5b5b5b5b5
        40  ................  13131313131313131313131313131313
        37  ................  b9b9b9b9b9b9b9b9b9b9b9b9b9b9b9b9
        31  1111111111111111  31313131313131313131313131313131
        25  ................  81818181818181818181818181818181
        25  ================  3d3d3d3d3d3d3d3d3d3d3d3d3d3d3d3d
        24  llllllllllllllll  6c6c6c6c6c6c6c6c6c6c6c6c6c6c6c6c
# epoch 15900  H=7.5623 C=7.1824 HO=0.3799  A(t)=471
        65  [[[[[[[[[[[[[[[[  5b5b5b5b5b5b5b5b5b5b5b5b5b5b5b5b
        46  1111111111111111  31313131313131313131313131313131
        43  <<<<<<<<<<<<<<<<  3c3c3c3c3c3c3c3c3c3c3c3c3c3c3c3c
        43  ;;;;;;;;;;;;;;;;  3b3b3b3b3b3b3b3b3b3b3b3b3b3b3b3b
        41  ................  b5b5b5b5b5b5b5b5b5b5b5b5b5b5b5b5
        38  ,,,,,,,,,,,,,,,,  2c2c2c2c2c2c2c2c2c2c2c2c2c2c2c2c
        38  ................  13131313131313131313131313131313
        30  ................  b9b9b9b9b9b9b9b9b9b9b9b9b9b9b9b9
        30  gggggggggggggggg  67676767676767676767676767676767
        26  ................  88888888888888888888888888888888
# epoch 15920  H=7.5529 C=7.1807 HO=0.3722  A(t)=471
        63  [[[[[[[[[[[[[[[[  5b5b5b5b5b5b5b5b5b5b5b5b5b5b5b5b
        43  <<<<<<<<<<<<<<<<  3c3c3c3c3c3c3c3c3c3c3c3c3c3c3c3c
        40  WWWWWWWWWWWWWWWW  57575757575757575757575757575757
        39  1111111111111111  31313131313131313131313131313131
        38  ................  13131313131313131313131313131313
        37  ;;;;;;;;;;;;;;;;  3b3b3b3b3b3b3b3b3b3b3b3b3b3b3b3b
        30  ................  b9b9b9b9b9b9b9b9b9b9b9b9b9b9b9b9
        28  ................  b5b5b5b5b5b5b5b5b5b5b5b5b5b5b5b5
        26  ,,,,,,,,,,,,,,,,  2c2c2c2c2c2c2c2c2c2c2c2c2c2c2c2c
        25  gggggggggggggggg  67676767676767676767676767676767
# epoch 15940  H=7.5594 C=7.1956 HO=0.3639  A(t)=471
        42  ................  a8a8a8a8a8a8a8a8a8a8a8a8a8a8a8a8
        42  ................  1c1c1c1c1c1c1c1c1c1c1c1c1c1c1c1c
        38  WWWWWWWWWWWWWWWW  57575757575757575757575757575757
        38  ................  13131313131313131313131313131313
        37  ;;;;;;;;;;;;;;;;  3b3b3b3b3b3b3b3b3b3b3b3b3b3b3b3b
        34  <<<<<<<<<<<<<<<<  3c3c3c3c3c3c3c3c3c3c3c3c3c3c3c3c
        34  1111111111111111  31313131313131313131313131313131
        33  [[[[[[[[[[[[[[[[  5b5b5b5b5b5b5b5b5b5b5b5b5b5b5b5b
        28  ................  b5b5b5b5b5b5b5b5b5b5b5b5b5b5b5b5
        26  gggggggggggggggg  67676767676767676767676767676767
# epoch 15960  H=7.5461 C=7.1907 HO=0.3555  A(t)=473
        70  ;;;;;;;;;;;;;;;;  3b3b3b3b3b3b3b3b3b3b3b3b3b3b3b3b
        42  ................  a8a8a8a8a8a8a8a8a8a8a8a8a8a8a8a8
        42  ................  1c1c1c1c1c1c1c1c1c1c1c1c1c1c1c1c
        36  $$$$$$$$$$$$$$$$  24242424242424242424242424242424
        34  <<<<<<<<<<<<<<<<  3c3c3c3c3c3c3c3c3c3c3c3c3c3c3c3c
        34  1111111111111111  31313131313131313131313131313131
        31  WWWWWWWWWWWWWWWW  57575757575757575757575757575757
        28  ................  b5b5b5b5b5b5b5b5b5b5b5b5b5b5b5b5
        23  [[[[[[[[[[[[[[[[  5b5b5b5b5b5b5b5b5b5b5b5b5b5b5b5b
        22  >>>>>>>>>>>>>>>>  3e3e3e3e3e3e3e3e3e3e3e3e3e3e3e3e
# epoch 15980  H=7.5376 C=7.1875 HO=0.3501  A(t)=474
        64  ;;;;;;;;;;;;;;;;  3b3b3b3b3b3b3b3b3b3b3b3b3b3b3b3b
        45  >>>>>>>>>>>>>>>>  3e3e3e3e3e3e3e3e3e3e3e3e3e3e3e3e
        42  ................  1c1c1c1c1c1c1c1c1c1c1c1c1c1c1c1c
        38  ................  a8a8a8a8a8a8a8a8a8a8a8a8a8a8a8a8
        36  $$$$$$$$$$$$$$$$  24242424242424242424242424242424
        31  2222222222222222  32323232323232323232323232323232
        30  WWWWWWWWWWWWWWWW  57575757575757575757575757575757
        23  [[[[[[[[[[[[[[[[  5b5b5b5b5b5b5b5b5b5b5b5b5b5b5b5b
        22  ................  13131313131313131313131313131313
        20  llllllllllllllll  6c6c6c6c6c6c6c6c6c6c6c6c6c6c6c6c
# epoch 16000  H=7.5401 C=7.1948 HO=0.3453  A(t)=474
        47  ................  b8b8b8b8b8b8b8b8b8b8b8b8b8b8b8b8
        41  ;;;;;;;;;;;;;;;;  3b3b3b3b3b3b3b3b3b3b3b3b3b3b3b3b
        38  ................  a8a8a8a8a8a8a8a8a8a8a8a8a8a8a8a8
        32  ................  1c1c1c1c1c1c1c1c1c1c1c1c1c1c1c1c
        31  2222222222222222  32323232323232323232323232323232
        31  $$$$$$$$$$$$$$$$  24242424242424242424242424242424
        26  >>>>>>>>>>>>>>>>  3e3e3e3e3e3e3e3e3e3e3e3e3e3e3e3e
        21  [[[[[[[[[[[[[[[[  5b5b5b5b5b5b5b5b5b5b5b5b5b5b5b5b
        18  ................  b5b5b5b5b5b5b5b5b5b5b5b5b5b5b5b5
        18  <<<<<<<<<<<<<<<<  3c3c3c3c3c3c3c3c3c3c3c3c3c3c3c3c
# epoch 16020  H=7.5476 C=7.2186 HO=0.3290  A(t)=474
        46  ................  b8b8b8b8b8b8b8b8b8b8b8b8b8b8b8b8
        38  ................  a8a8a8a8a8a8a8a8a8a8a8a8a8a8a8a8
        29  2222222222222222  32323232323232323232323232323232
        29  ................  1c1c1c1c1c1c1c1c1c1c1c1c1c1c1c1c
        26  $$$$$$$$$$$$$$$$  24242424242424242424242424242424
        25  ;;;;;;;;;;;;;;;;  3b3b3b3b3b3b3b3b3b3b3b3b3b3b3b3b
        23  0000000000000000  30303030303030303030303030303030
        22  >>>>>>>>>>>>>>>>  3e3e3e3e3e3e3e3e3e3e3e3e3e3e3e3e
        18  [[[[[[[[[[[[[[[[  5b5b5b5b5b5b5b5b5b5b5b5b5b5b5b5b
        18  <<<<<<<<<<<<<<<<  3c3c3c3c3c3c3c3c3c3c3c3c3c3c3c3c
# epoch 16040  H=7.5381 C=7.2107 HO=0.3274  A(t)=474
        60  [[[[[[[[[[[[[[[[  5b5b5b5b5b5b5b5b5b5b5b5b5b5b5b5b
        31  ................  b8b8b8b8b8b8b8b8b8b8b8b8b8b8b8b8
        29  ................  1c1c1c1c1c1c1c1c1c1c1c1c1c1c1c1c
        27  2222222222222222  32323232323232323232323232323232
        26  $$$$$$$$$$$$$$$$  24242424242424242424242424242424
        25  ssssssssssssssss  73737373737373737373737373737373
        24  ................  a8a8a8a8a8a8a8a8a8a8a8a8a8a8a8a8
        24  >>>>>>>>>>>>>>>>  3e3e3e3e3e3e3e3e3e3e3e3e3e3e3e3e
        24  ;;;;;;;;;;;;;;;;  3b3b3b3b3b3b3b3b3b3b3b3b3b3b3b3b
        17  ................  b5b5b5b5b5b5b5b5b5b5b5b5b5b5b5b5
# epoch 16060  H=7.5413 C=7.1995 HO=0.3419  A(t)=474
        84  ################  23232323232323232323232323232323
        46  ================  3d3d3d3d3d3d3d3d3d3d3d3d3d3d3d3d
        40  ,,,,,,,,,,,,,,,,  2c2c2c2c2c2c2c2c2c2c2c2c2c2c2c2c
        37  [[[[[[[[[[[[[[[[  5b5b5b5b5b5b5b5b5b5b5b5b5b5b5b5b
        36  ................  b6b6b6b6b6b6b6b6b6b6b6b6b6b6b6b6
        31  ................  b8b8b8b8b8b8b8b8b8b8b8b8b8b8b8b8
        31  ~~~~~~~~~~~~~~~~  7e7e7e7e7e7e7e7e7e7e7e7e7e7e7e7e
        29  ................  1c1c1c1c1c1c1c1c1c1c1c1c1c1c1c1c
        27  2222222222222222  32323232323232323232323232323232
        26  $$$$$$$$$$$$$$$$  24242424242424242424242424242424
# epoch 16080  H=7.5309 C=7.1833 HO=0.3476  A(t)=474
        87  9999999999999999  39393939393939393939393939393939
        79  ################  23232323232323232323232323232323
        60  ================  3d3d3d3d3d3d3d3d3d3d3d3d3d3d3d3d
        36  ................  1d1d1d1d1d1d1d1d1d1d1d1d1d1d1d1d
        32  ................  b6b6b6b6b6b6b6b6b6b6b6b6b6b6b6b6
        31  ................  b8b8b8b8b8b8b8b8b8b8b8b8b8b8b8b8
        31  ~~~~~~~~~~~~~~~~  7e7e7e7e7e7e7e7e7e7e7e7e7e7e7e7e
        26  [[[[[[[[[[[[[[[[  5b5b5b5b5b5b5b5b5b5b5b5b5b5b5b5b
        26  $$$$$$$$$$$$$$$$  24242424242424242424242424242424
        23  ;;;;;;;;;;;;;;;;  3b3b3b3b3b3b3b3b3b3b3b3b3b3b3b3b
# epoch 16100  H=7.5558 C=7.1722 HO=0.3836  A(t)=474
        76  9999999999999999  39393939393939393939393939393939
        67  ################  23232323232323232323232323232323
        48  \\\\\\\\\\\\\\\\  5c5c5c5c5c5c5c5c5c5c5c5c5c5c5c5c
        45  ................  1f1f1f1f1f1f1f1f1f1f1f1f1f1f1f1f
        42  ................  c5c5c5c5c5c5c5c5c5c5c5c5c5c5c5c5
        42  ................  c3c3c3c3c3c3c3c3c3c3c3c3c3c3c3c3
        42  ................  c2c2c2c2c2c2c2c2c2c2c2c2c2c2c2c2
        42  ................  bdbdbdbdbdbdbdbdbdbdbdbdbdbdbdbd
        36  ................  bebebebebebebebebebebebebebebebe
        35  ================  3d3d3d3d3d3d3d3d3d3d3d3d3d3d3d3d
# epoch 16120  H=7.5595 C=7.1713 HO=0.3882  A(t)=474
        78  ================  3d3d3d3d3d3d3d3d3d3d3d3d3d3d3d3d
        76  9999999999999999  39393939393939393939393939393939
        67  ################  23232323232323232323232323232323
        47  \\\\\\\\\\\\\\\\  5c5c5c5c5c5c5c5c5c5c5c5c5c5c5c5c
        42  ................  c5c5c5c5c5c5c5c5c5c5c5c5c5c5c5c5
        40  ................  c3c3c3c3c3c3c3c3c3c3c3c3c3c3c3c3
        40  ................  1f1f1f1f1f1f1f1f1f1f1f1f1f1f1f1f
        39  ................  bdbdbdbdbdbdbdbdbdbdbdbdbdbdbdbd
        33  ................  c2c2c2c2c2c2c2c2c2c2c2c2c2c2c2c2
        33  ................  bebebebebebebebebebebebebebebebe
# epoch 16140  H=7.5588 C=7.1606 HO=0.3982  A(t)=474
        99  ================  3d3d3d3d3d3d3d3d3d3d3d3d3d3d3d3d
        95  ................  14141414141414141414141414141414
        74  9999999999999999  39393939393939393939393939393939
        51  ................  b9b9b9b9b9b9b9b9b9b9b9b9b9b9b9b9
        44  \\\\\\\\\\\\\\\\  5c5c5c5c5c5c5c5c5c5c5c5c5c5c5c5c
        42  ################  23232323232323232323232323232323
        40  ................  1f1f1f1f1f1f1f1f1f1f1f1f1f1f1f1f
        38  ................  c5c5c5c5c5c5c5c5c5c5c5c5c5c5c5c5
        33  ................  c2c2c2c2c2c2c2c2c2c2c2c2c2c2c2c2
        33  ................  bebebebebebebebebebebebebebebebe
# epoch 16160  H=7.5564 C=7.1481 HO=0.4083  A(t)=474
        78  ================  3d3d3d3d3d3d3d3d3d3d3d3d3d3d3d3d
        76  ................  14141414141414141414141414141414
        70  [[[[[[[[[[[[[[[[  5b5b5b5b5b5b5b5b5b5b5b5b5b5b5b5b
        64  9999999999999999  39393939393939393939393939393939
        49  ................  b9b9b9b9b9b9b9b9b9b9b9b9b9b9b9b9
        49  6666666666666666  36363636363636363636363636363636
        46  ................  80808080808080808080808080808080
        44  \\\\\\\\\\\\\\\\  5c5c5c5c5c5c5c5c5c5c5c5c5c5c5c5c
        38  ................  1f1f1f1f1f1f1f1f1f1f1f1f1f1f1f1f
        33  ................  c2c2c2c2c2c2c2c2c2c2c2c2c2c2c2c2
# epoch 16180  H=7.5544 C=7.1538 HO=0.4006  A(t)=474
        76  ................  14141414141414141414141414141414
        74  ================  3d3d3d3d3d3d3d3d3d3d3d3d3d3d3d3d
        56  ,,,,,,,,,,,,,,,,  2c2c2c2c2c2c2c2c2c2c2c2c2c2c2c2c
        49  [[[[[[[[[[[[[[[[  5b5b5b5b5b5b5b5b5b5b5b5b5b5b5b5b
        47  OOOOOOOOOOOOOOOO  4f4f4f4f4f4f4f4f4f4f4f4f4f4f4f4f
        47  9999999999999999  39393939393939393939393939393939
        45  ................  b9b9b9b9b9b9b9b9b9b9b9b9b9b9b9b9
        39  ................  80808080808080808080808080808080
        38  \\\\\\\\\\\\\\\\  5c5c5c5c5c5c5c5c5c5c5c5c5c5c5c5c
        35  6666666666666666  36363636363636363636363636363636
# epoch 16200  H=7.5525 C=7.1443 HO=0.4082  A(t)=474
       173  [[[[[[[[[[[[[[[[  5b5b5b5b5b5b5b5b5b5b5b5b5b5b5b5b
        56  ,,,,,,,,,,,,,,,,  2c2c2c2c2c2c2c2c2c2c2c2c2c2c2c2c
        55  ================  3d3d3d3d3d3d3d3d3d3d3d3d3d3d3d3d
        50  ................  14141414141414141414141414141414
        48  5555555555555555  35353535353535353535353535353535
        47  9999999999999999  39393939393939393939393939393939
        45  ................  b9b9b9b9b9b9b9b9b9b9b9b9b9b9b9b9
        39  ................  80808080808080808080808080808080
        37  \\\\\\\\\\\\\\\\  5c5c5c5c5c5c5c5c5c5c5c5c5c5c5c5c
        35  ................  1f1f1f1f1f1f1f1f1f1f1f1f1f1f1f1f
# epoch 16220  H=7.5508 C=7.1311 HO=0.4197  A(t)=474
       235  [[[[[[[[[[[[[[[[  5b5b5b5b5b5b5b5b5b5b5b5b5b5b5b5b
        76  ................  0d0d0d0d0d0d0d0d0d0d0d0d0d0d0d0d
        55  ,,,,,,,,,,,,,,,,  2c2c2c2c2c2c2c2c2c2c2c2c2c2c2c2c
        54  ================  3d3d3d3d3d3d3d3d3d3d3d3d3d3d3d3d
        46  9999999999999999  39393939393939393939393939393939
        44  ................  b9b9b9b9b9b9b9b9b9b9b9b9b9b9b9b9
        42  ////////////////  2f2f2f2f2f2f2f2f2f2f2f2f2f2f2f2f
        40  5555555555555555  35353535353535353535353535353535
        35  ................  1f1f1f1f1f1f1f1f1f1f1f1f1f1f1f1f
        31  ................  80808080808080808080808080808080
# epoch 16240  H=7.5507 C=7.1328 HO=0.4179  A(t)=474
       204  [[[[[[[[[[[[[[[[  5b5b5b5b5b5b5b5b5b5b5b5b5b5b5b5b
        86  ~~~~~~~~~~~~~~~~  7e7e7e7e7e7e7e7e7e7e7e7e7e7e7e7e
        53  ................  0d0d0d0d0d0d0d0d0d0d0d0d0d0d0d0d
        48  ================  3d3d3d3d3d3d3d3d3d3d3d3d3d3d3d3d
        43  ,,,,,,,,,,,,,,,,  2c2c2c2c2c2c2c2c2c2c2c2c2c2c2c2c
        35  5555555555555555  35353535353535353535353535353535
        33  ................  b9b9b9b9b9b9b9b9b9b9b9b9b9b9b9b9
        33  9999999999999999  39393939393939393939393939393939
        33  ////////////////  2f2f2f2f2f2f2f2f2f2f2f2f2f2f2f2f
        31  ................  80808080808080808080808080808080
# epoch 16260  H=7.5535 C=7.1414 HO=0.4121  A(t)=474
       170  [[[[[[[[[[[[[[[[  5b5b5b5b5b5b5b5b5b5b5b5b5b5b5b5b
        58  ~~~~~~~~~~~~~~~~  7e7e7e7e7e7e7e7e7e7e7e7e7e7e7e7e
        48  ================  3d3d3d3d3d3d3d3d3d3d3d3d3d3d3d3d
        45  7777777777777777  37373737373737373737373737373737
        43  ,,,,,,,,,,,,,,,,  2c2c2c2c2c2c2c2c2c2c2c2c2c2c2c2c
        36  uuuuuuuuuuuuuuuu  75757575757575757575757575757575
        34  5555555555555555  35353535353535353535353535353535
        34  ................  0d0d0d0d0d0d0d0d0d0d0d0d0d0d0d0d
        33  ................  b9b9b9b9b9b9b9b9b9b9b9b9b9b9b9b9
        33  ////////////////  2f2f2f2f2f2f2f2f2f2f2f2f2f2f2f2f
# epoch 16280  H=7.5633 C=7.1559 HO=0.4074  A(t)=474
       133  [[[[[[[[[[[[[[[[  5b5b5b5b5b5b5b5b5b5b5b5b5b5b5b5b
        47  8888888888888888  38383838383838383838383838383838
        44  ================  3d3d3d3d3d3d3d3d3d3d3d3d3d3d3d3d
        43  ,,,,,,,,,,,,,,,,  2c2c2c2c2c2c2c2c2c2c2c2c2c2c2c2c
        41  ~~~~~~~~~~~~~~~~  7e7e7e7e7e7e7e7e7e7e7e7e7e7e7e7e
        37  7777777777777777  37373737373737373737373737373737
        36  uuuuuuuuuuuuuuuu  75757575757575757575757575757575
        34  ................  0d0d0d0d0d0d0d0d0d0d0d0d0d0d0d0d
        33  ................  b9b9b9b9b9b9b9b9b9b9b9b9b9b9b9b9
        29  9999999999999999  39393939393939393939393939393939
# epoch 16300  H=7.5611 C=7.1677 HO=0.3934  A(t)=474
       129  [[[[[[[[[[[[[[[[  5b5b5b5b5b5b5b5b5b5b5b5b5b5b5b5b
        43  8888888888888888  38383838383838383838383838383838
        38  ~~~~~~~~~~~~~~~~  7e7e7e7e7e7e7e7e7e7e7e7e7e7e7e7e
        34  7777777777777777  37373737373737373737373737373737
        34  ................  0d0d0d0d0d0d0d0d0d0d0d0d0d0d0d0d
        33  ................  b9b9b9b9b9b9b9b9b9b9b9b9b9b9b9b9
        31  ================  3d3d3d3d3d3d3d3d3d3d3d3d3d3d3d3d
        29  6666666666666666  36363636363636363636363636363636
        28  ,,,,,,,,,,,,,,,,  2c2c2c2c2c2c2c2c2c2c2c2c2c2c2c2c
        24  ................  14141414141414141414141414141414
# epoch 16320  H=7.5620 C=7.1719 HO=0.3901  A(t)=474
        93  [[[[[[[[[[[[[[[[  5b5b5b5b5b5b5b5b5b5b5b5b5b5b5b5b
        34  <<<<<<<<<<<<<<<<  3c3c3c3c3c3c3c3c3c3c3c3c3c3c3c3c
        34  ................  0d0d0d0d0d0d0d0d0d0d0d0d0d0d0d0d
        33  ~~~~~~~~~~~~~~~~  7e7e7e7e7e7e7e7e7e7e7e7e7e7e7e7e
        31  7777777777777777  37373737373737373737373737373737
        29  uuuuuuuuuuuuuuuu  75757575757575757575757575757575
        28  ,,,,,,,,,,,,,,,,  2c2c2c2c2c2c2c2c2c2c2c2c2c2c2c2c
        25  8888888888888888  38383838383838383838383838383838
        23  ================  3d3d3d3d3d3d3d3d3d3d3d3d3d3d3d3d
        21  ................  b9b9b9b9b9b9b9b9b9b9b9b9b9b9b9b9
# epoch 16340  H=7.5531 C=7.1672 HO=0.3858  A(t)=474
        81  [[[[[[[[[[[[[[[[  5b5b5b5b5b5b5b5b5b5b5b5b5b5b5b5b
        40  >>>>>>>>>>>>>>>>  3e3e3e3e3e3e3e3e3e3e3e3e3e3e3e3e
        31  7777777777777777  37373737373737373737373737373737
        28  ~~~~~~~~~~~~~~~~  7e7e7e7e7e7e7e7e7e7e7e7e7e7e7e7e
        28  <<<<<<<<<<<<<<<<  3c3c3c3c3c3c3c3c3c3c3c3c3c3c3c3c
        26  uuuuuuuuuuuuuuuu  75757575757575757575757575757575
        26  ,,,,,,,,,,,,,,,,  2c2c2c2c2c2c2c2c2c2c2c2c2c2c2c2c
        25  8888888888888888  38383838383838383838383838383838
        22  ================  3d3d3d3d3d3d3d3d3d3d3d3d3d3d3d3d
        22  ................  0d0d0d0d0d0d0d0d0d0d0d0d0d0d0d0d
# epoch 16360  H=7.5448 C=7.1621 HO=0.3827  A(t)=474
        78  [[[[[[[[[[[[[[[[  5b5b5b5b5b5b5b5b5b5b5b5b5b5b5b5b
        49  ................  d1d1d1d1d1d1d1d1d1d1d1d1d1d1d1d1
        44  4444444444444444  34343434343434343434343434343434
        31  7777777777777777  37373737373737373737373737373737
        22  ================  3d3d3d3d3d3d3d3d3d3d3d3d3d3d3d3d
        22  8888888888888888  38383838383838383838383838383838
        21  ................  b9b9b9b9b9b9b9b9b9b9b9b9b9b9b9b9
        20  <<<<<<<<<<<<<<<<  3c3c3c3c3c3c3c3c3c3c3c3c3c3c3c3c
        20  ................  04040404040404040404040404040404
        19  zzzzzzzzzzzzzzzz  7a7a7a7a7a7a7a7a7a7a7a7a7a7a7a7a
# epoch 16380  H=7.5495 C=7.1666 HO=0.3829  A(t)=474
        75  [[[[[[[[[[[[[[[[  5b5b5b5b5b5b5b5b5b5b5b5b5b5b5b5b
        45  ................  d1d1d1d1d1d1d1d1d1d1d1d1d1d1d1d1
        45  ................  a1a1a1a1a1a1a1a1a1a1a1a1a1a1a1a1
        38  ................  a0a0a0a0a0a0a0a0a0a0a0a0a0a0a0a0
        31  7777777777777777  37373737373737373737373737373737
        27  ................  06060606060606060606060606060606
        22  8888888888888888  38383838383838383838383838383838
        21  ................  b9b9b9b9b9b9b9b9b9b9b9b9b9b9b9b9
        20  ................  04040404040404040404040404040404
        19  zzzzzzzzzzzzzzzz  7a7a7a7a7a7a7a7a7a7a7a7a7a7a7a7a
# epoch 16400  H=7.5412 C=7.1569 HO=0.3844  A(t)=474
        67  [[[[[[[[[[[[[[[[  5b5b5b5b5b5b5b5b5b5b5b5b5b5b5b5b
        43  ................  d1d1d1d1d1d1d1d1d1d1d1d1d1d1d1d1
        43  ................  a1a1a1a1a1a1a1a1a1a1a1a1a1a1a1a1
        36  ................  a0a0a0a0a0a0a0a0a0a0a0a0a0a0a0a0
        36  ................  95959595959595959595959595959595
        36  IIIIIIIIIIIIIIII  49494949494949494949494949494949
        31  7777777777777777  37373737373737373737373737373737
        23  >>>>>>>>>>>>>>>>  3e3e3e3e3e3e3e3e3e3e3e3e3e3e3e3e
        22  8888888888888888  38383838383838383838383838383838
        21  ................  b9b9b9b9b9b9b9b9b9b9b9b9b9b9b9b9
# epoch 16420  H=7.5369 C=7.1591 HO=0.3778  A(t)=474
        58  ,,,,,,,,,,,,,,,,  2c2c2c2c2c2c2c2c2c2c2c2c2c2c2c2c
        48  FFFFFFFFFFFFFFFF  46464646464646464646464646464646
        37  ................  a1a1a1a1a1a1a1a1a1a1a1a1a1a1a1a1
        37  [[[[[[[[[[[[[[[[  5b5b5b5b5b5b5b5b5b5b5b5b5b5b5b5b
        36  ................  a0a0a0a0a0a0a0a0a0a0a0a0a0a0a0a0
        35  ................  95959595959595959595959595959595
        35  IIIIIIIIIIIIIIII  49494949494949494949494949494949
        34  ................  d1d1d1d1d1d1d1d1d1d1d1d1d1d1d1d1
        30  7777777777777777  37373737373737373737373737373737
        22  8888888888888888  38383838383838383838383838383838
# epoch 16440  H=7.5303 C=7.1432 HO=0.3872  A(t)=474
        69  ,,,,,,,,,,,,,,,,  2c2c2c2c2c2c2c2c2c2c2c2c2c2c2c2c
        46  vvvvvvvvvvvvvvvv  76767676767676767676767676767676
        45  ]]]]]]]]]]]]]]]]  5d5d5d5d5d5d5d5d5d5d5d5d5d5d5d5d
        42  FFFFFFFFFFFFFFFF  46464646464646464646464646464646
        38  ////////////////  2f2f2f2f2f2f2f2f2f2f2f2f2f2f2f2f
        37  ................  a1a1a1a1a1a1a1a1a1a1a1a1a1a1a1a1
        35  IIIIIIIIIIIIIIII  49494949494949494949494949494949
        34  ................  d1d1d1d1d1d1d1d1d1d1d1d1d1d1d1d1
        33  [[[[[[[[[[[[[[[[  5b5b5b5b5b5b5b5b5b5b5b5b5b5b5b5b
        31  ................  95959595959595959595959595959595
# epoch 16460  H=7.5350 C=7.1511 HO=0.3838  A(t)=475
        45  vvvvvvvvvvvvvvvv  76767676767676767676767676767676
        45  ,,,,,,,,,,,,,,,,  2c2c2c2c2c2c2c2c2c2c2c2c2c2c2c2c
        41  FFFFFFFFFFFFFFFF  46464646464646464646464646464646
        40  ................  b3b3b3b3b3b3b3b3b3b3b3b3b3b3b3b3
        37  ////////////////  2f2f2f2f2f2f2f2f2f2f2f2f2f2f2f2f
        35  IIIIIIIIIIIIIIII  49494949494949494949494949494949
        32  [[[[[[[[[[[[[[[[  5b5b5b5b5b5b5b5b5b5b5b5b5b5b5b5b
        31  ................  95959595959595959595959595959595
        30  ................  1a1a1a1a1a1a1a1a1a1a1a1a1a1a1a1a
        28  ................  d1d1d1d1d1d1d1d1d1d1d1d1d1d1d1d1
# epoch 16480  H=7.5375 C=7.1428 HO=0.3947  A(t)=475
       129  ................  b3b3b3b3b3b3b3b3b3b3b3b3b3b3b3b3
        66  ................  7f7f7f7f7f7f7f7f7f7f7f7f7f7f7f7f
        51  [[[[[[[[[[[[[[[[  5b5b5b5b5b5b5b5b5b5b5b5b5b5b5b5b
        40  ,,,,,,,,,,,,,,,,  2c2c2c2c2c2c2c2c2c2c2c2c2c2c2c2c
        38  vvvvvvvvvvvvvvvv  76767676767676767676767676767676
        37  ////////////////  2f2f2f2f2f2f2f2f2f2f2f2f2f2f2f2f
        34  IIIIIIIIIIIIIIII  49494949494949494949494949494949
        31  ................  95959595959595959595959595959595
        29  ................  1a1a1a1a1a1a1a1a1a1a1a1a1a1a1a1a
        28  ................  a1a1a1a1a1a1a1a1a1a1a1a1a1a1a1a1
# epoch 16500  H=7.5422 C=7.1414 HO=0.4008  A(t)=475
        94  ................  b3b3b3b3b3b3b3b3b3b3b3b3b3b3b3b3
        90  ................  89898989898989898989898989898989
        54  ................  7f7f7f7f7f7f7f7f7f7f7f7f7f7f7f7f
        37  [[[[[[[[[[[[[[[[  5b5b5b5b5b5b5b5b5b5b5b5b5b5b5b5b
        34  vvvvvvvvvvvvvvvv  76767676767676767676767676767676
        31  ................  95959595959595959595959595959595
        29  ................  1a1a1a1a1a1a1a1a1a1a1a1a1a1a1a1a
        28  ................  a1a1a1a1a1a1a1a1a1a1a1a1a1a1a1a1
        26  ................  e9e9e9e9e9e9e9e9e9e9e9e9e9e9e9e9
        23  ................  a0a0a0a0a0a0a0a0a0a0a0a0a0a0a0a0
# epoch 16520  H=7.5489 C=7.1609 HO=0.3880  A(t)=475
        81  ................  89898989898989898989898989898989
        69  ................  b3b3b3b3b3b3b3b3b3b3b3b3b3b3b3b3
        37  ................  7f7f7f7f7f7f7f7f7f7f7f7f7f7f7f7f
        31  ................  95959595959595959595959595959595
        30  vvvvvvvvvvvvvvvv  76767676767676767676767676767676
        29  [[[[[[[[[[[[[[[[  5b5b5b5b5b5b5b5b5b5b5b5b5b5b5b5b
        28  ................  a1a1a1a1a1a1a1a1a1a1a1a1a1a1a1a1
        26  ................  e9e9e9e9e9e9e9e9e9e9e9e9e9e9e9e9
        26  ................  1a1a1a1a1a1a1a1a1a1a1a1a1a1a1a1a
        23  ................  a0a0a0a0a0a0a0a0a0a0a0a0a0a0a0a0
# epoch 16540  H=7.5532 C=7.1453 HO=0.4080  A(t)=477
        76  ................  89898989898989898989898989898989
        67  ................  b3b3b3b3b3b3b3b3b3b3b3b3b3b3b3b3
        46  ................  e2e2e2e2e2e2e2e2e2e2e2e2e2e2e2e2
        43  ++++++++++++++++  2b2b2b2b2b2b2b2b2b2b2b2b2b2b2b2b
        35  ssssssssssssssss  73737373737373737373737373737373
        33  ................  f6f6f6f6f6f6f6f6f6f6f6f6f6f6f6f6
        32  ................  adadadadadadadadadadadadadadadad
        30  vvvvvvvvvvvvvvvv  76767676767676767676767676767676
        29  [[[[[[[[[[[[[[[[  5b5b5b5b5b5b5b5b5b5b5b5b5b5b5b5b
        28  ................  a1a1a1a1a1a1a1a1a1a1a1a1a1a1a1a1
# epoch 16560  H=7.5509 C=7.1322 HO=0.4187  A(t)=477
        73  [[[[[[[[[[[[[[[[  5b5b5b5b5b5b5b5b5b5b5b5b5b5b5b5b
        67  ................  b3b3b3b3b3b3b3b3b3b3b3b3b3b3b3b3
        63  ................  89898989898989898989898989898989
        47  ::::::::::::::::  3a3a3a3a3a3a3a3a3a3a3a3a3a3a3a3a
        43  ((((((((((((((((  28282828282828282828282828282828
        34  ................  dddddddddddddddddddddddddddddddd
        34  ++++++++++++++++  2b2b2b2b2b2b2b2b2b2b2b2b2b2b2b2b
        33  ................  e2e2e2e2e2e2e2e2e2e2e2e2e2e2e2e2
        30  vvvvvvvvvvvvvvvv  76767676767676767676767676767676
        30  ssssssssssssssss  73737373737373737373737373737373
# epoch 16580  H=7.5404 C=7.1091 HO=0.4313  A(t)=477
        88  ((((((((((((((((  28282828282828282828282828282828
        70  [[[[[[[[[[[[[[[[  5b5b5b5b5b5b5b5b5b5b5b5b5b5b5b5b
        54  7777777777777777  37373737373737373737373737373737
        53  ................  b3b3b3b3b3b3b3b3b3b3b3b3b3b3b3b3
        52  ................  f6f6f6f6f6f6f6f6f6f6f6f6f6f6f6f6
        47  ................  89898989898989898989898989898989
        46  uuuuuuuuuuuuuuuu  75757575757575757575757575757575
        41  ::::::::::::::::  3a3a3a3a3a3a3a3a3a3a3a3a3a3a3a3a
        40  <<<<<<<<<<<<<<<<  3c3c3c3c3c3c3c3c3c3c3c3c3c3c3c3c
        33  ................  e2e2e2e2e2e2e2e2e2e2e2e2e2e2e2e2
# epoch 16600  H=7.5451 C=7.1208 HO=0.4243  A(t)=477
        79  ((((((((((((((((  28282828282828282828282828282828
        48  ................  f6f6f6f6f6f6f6f6f6f6f6f6f6f6f6f6
        48  7777777777777777  37373737373737373737373737373737
        44  ................  89898989898989898989898989898989
        39  [[[[[[[[[[[[[[[[  5b5b5b5b5b5b5b5b5b5b5b5b5b5b5b5b
        33  ................  e2e2e2e2e2e2e2e2e2e2e2e2e2e2e2e2
        32  ::::::::::::::::  3a3a3a3a3a3a3a3a3a3a3a3a3a3a3a3a
        30  uuuuuuuuuuuuuuuu  75757575757575757575757575757575
        30  ++++++++++++++++  2b2b2b2b2b2b2b2b2b2b2b2b2b2b2b2b
        30  ****************  2a2a2a2a2a2a2a2a2a2a2a2a2a2a2a2a
# epoch 16620  H=7.5420 C=7.1156 HO=0.4264  A(t)=477
        93  ................  f6f6f6f6f6f6f6f6f6f6f6f6f6f6f6f6
        84  7777777777777777  37373737373737373737373737373737
        78  ((((((((((((((((  28282828282828282828282828282828
        49  ;;;;;;;;;;;;;;;;  3b3b3b3b3b3b3b3b3b3b3b3b3b3b3b3b
        44  ................  89898989898989898989898989898989
        39  [[[[[[[[[[[[[[[[  5b5b5b5b5b5b5b5b5b5b5b5b5b5b5b5b
        32  ::::::::::::::::  3a3a3a3a3a3a3a3a3a3a3a3a3a3a3a3a
        31  uuuuuuuuuuuuuuuu  75757575757575757575757575757575
        30  ++++++++++++++++  2b2b2b2b2b2b2b2b2b2b2b2b2b2b2b2b
        30  ****************  2a2a2a2a2a2a2a2a2a2a2a2a2a2a2a2a
# epoch 16640  H=7.5406 C=7.1279 HO=0.4126  A(t)=477
        71  ................  f6f6f6f6f6f6f6f6f6f6f6f6f6f6f6f6
        63  ::::::::::::::::  3a3a3a3a3a3a3a3a3a3a3a3a3a3a3a3a
        62  7777777777777777  37373737373737373737373737373737
        62  ((((((((((((((((  28282828282828282828282828282828
        42  ................  89898989898989898989898989898989
        42  ;;;;;;;;;;;;;;;;  3b3b3b3b3b3b3b3b3b3b3b3b3b3b3b3b
        39  [[[[[[[[[[[[[[[[  5b5b5b5b5b5b5b5b5b5b5b5b5b5b5b5b
        31  uuuuuuuuuuuuuuuu  75757575757575757575757575757575
        30  ++++++++++++++++  2b2b2b2b2b2b2b2b2b2b2b2b2b2b2b2b
        27  ................  b3b3b3b3b3b3b3b3b3b3b3b3b3b3b3b3
# epoch 16660  H=7.5379 C=7.1259 HO=0.4120  A(t)=477
        66  ................  f6f6f6f6f6f6f6f6f6f6f6f6f6f6f6f6
        63  ::::::::::::::::  3a3a3a3a3a3a3a3a3a3a3a3a3a3a3a3a
        60  7777777777777777  37373737373737373737373737373737
        59  ((((((((((((((((  28282828282828282828282828282828
        47  wwwwwwwwwwwwwwww  77777777777777777777777777777777
        43  ;;;;;;;;;;;;;;;;  3b3b3b3b3b3b3b3b3b3b3b3b3b3b3b3b
        41  ................  99999999999999999999999999999999
        39  [[[[[[[[[[[[[[[[  5b5b5b5b5b5b5b5b5b5b5b5b5b5b5b5b
        28  ................  89898989898989898989898989898989
        26  ................  e1e1e1e1e1e1e1e1e1e1e1e1e1e1e1e1
# epoch 16680  H=7.5233 C=7.1014 HO=0.4219  A(t)=479
       105  uuuuuuuuuuuuuuuu  75757575757575757575757575757575
        63  ::::::::::::::::  3a3a3a3a3a3a3a3a3a3a3a3a3a3a3a3a
        62  ................  f6f6f6f6f6f6f6f6f6f6f6f6f6f6f6f6
        56  7777777777777777  37373737373737373737373737373737
        46  wwwwwwwwwwwwwwww  77777777777777777777777777777777
        41  ((((((((((((((((  28282828282828282828282828282828
        40  5555555555555555  35353535353535353535353535353535
        31  [[[[[[[[[[[[[[[[  5b5b5b5b5b5b5b5b5b5b5b5b5b5b5b5b
        26  ................  e1e1e1e1e1e1e1e1e1e1e1e1e1e1e1e1
        26  ;;;;;;;;;;;;;;;;  3b3b3b3b3b3b3b3b3b3b3b3b3b3b3b3b
# epoch 16700  H=7.5196 C=7.1056 HO=0.4141  A(t)=479
        68  vvvvvvvvvvvvvvvv  76767676767676767676767676767676
        57  ................  f6f6f6f6f6f6f6f6f6f6f6f6f6f6f6f6
        53  ::::::::::::::::  3a3a3a3a3a3a3a3a3a3a3a3a3a3a3a3a
        44  wwwwwwwwwwwwwwww  77777777777777777777777777777777
        41  ((((((((((((((((  28282828282828282828282828282828
        40  uuuuuuuuuuuuuuuu  75757575757575757575757575757575
        37  5555555555555555  35353535353535353535353535353535
        27  [[[[[[[[[[[[[[[[  5b5b5b5b5b5b5b5b5b5b5b5b5b5b5b5b
        26  ................  e1e1e1e1e1e1e1e1e1e1e1e1e1e1e1e1
        25  7777777777777777  37373737373737373737373737373737
# epoch 16720  H=7.5245 C=7.1279 HO=0.3965  A(t)=479
        53  ::::::::::::::::  3a3a3a3a3a3a3a3a3a3a3a3a3a3a3a3a
        52  ................  f6f6f6f6f6f6f6f6f6f6f6f6f6f6f6f6
        50  vvvvvvvvvvvvvvvv  76767676767676767676767676767676
        37  5555555555555555  35353535353535353535353535353535
        37  ((((((((((((((((  28282828282828282828282828282828
        36  wwwwwwwwwwwwwwww  77777777777777777777777777777777
        28  uuuuuuuuuuuuuuuu  75757575757575757575757575757575
        27  [[[[[[[[[[[[[[[[  5b5b5b5b5b5b5b5b5b5b5b5b5b5b5b5b
        22  ;;;;;;;;;;;;;;;;  3b3b3b3b3b3b3b3b3b3b3b3b3b3b3b3b
        21  7777777777777777  37373737373737373737373737373737
# epoch 16740  H=7.5240 C=7.1207 HO=0.4033  A(t)=479
        51  ::::::::::::::::  3a3a3a3a3a3a3a3a3a3a3a3a3a3a3a3a
        50  vvvvvvvvvvvvvvvv  76767676767676767676767676767676
        48  ????????????????  3f3f3f3f3f3f3f3f3f3f3f3f3f3f3f3f
        36  wwwwwwwwwwwwwwww  77777777777777777777777777777777
        34  ================  3d3d3d3d3d3d3d3d3d3d3d3d3d3d3d3d
        32  5555555555555555  35353535353535353535353535353535
        32  ((((((((((((((((  28282828282828282828282828282828
        30  ................  f6f6f6f6f6f6f6f6f6f6f6f6f6f6f6f6
        27  [[[[[[[[[[[[[[[[  5b5b5b5b5b5b5b5b5b5b5b5b5b5b5b5b
        24  uuuuuuuuuuuuuuuu  75757575757575757575757575757575
# epoch 16760  H=7.5316 C=7.1425 HO=0.3892  A(t)=481
        50  ::::::::::::::::  3a3a3a3a3a3a3a3a3a3a3a3a3a3a3a3a
        42  vvvvvvvvvvvvvvvv  76767676767676767676767676767676
        40  9999999999999999  39393939393939393939393939393939
        36  wwwwwwwwwwwwwwww  77777777777777777777777777777777
        35  ????????????????  3f3f3f3f3f3f3f3f3f3f3f3f3f3f3f3f
        32  ((((((((((((((((  28282828282828282828282828282828
        31  ================  3d3d3d3d3d3d3d3d3d3d3d3d3d3d3d3d
        28  ................  f6f6f6f6f6f6f6f6f6f6f6f6f6f6f6f6
        27  [[[[[[[[[[[[[[[[  5b5b5b5b5b5b5b5b5b5b5b5b5b5b5b5b
        22  ;;;;;;;;;;;;;;;;  3b3b3b3b3b3b3b3b3b3b3b3b3b3b3b3b
# epoch 16780  H=7.5346 C=7.1534 HO=0.3811  A(t)=484
        50  ::::::::::::::::  3a3a3a3a3a3a3a3a3a3a3a3a3a3a3a3a
        40  9999999999999999  39393939393939393939393939393939
        38  <<<<<<<<<<<<<<<<  3c3c3c3c3c3c3c3c3c3c3c3c3c3c3c3c
        33  vvvvvvvvvvvvvvvv  76767676767676767676767676767676
        32  ((((((((((((((((  28282828282828282828282828282828
        31  ????????????????  3f3f3f3f3f3f3f3f3f3f3f3f3f3f3f3f
        31  ================  3d3d3d3d3d3d3d3d3d3d3d3d3d3d3d3d
        28  ................  f6f6f6f6f6f6f6f6f6f6f6f6f6f6f6f6
        26  [[[[[[[[[[[[[[[[  5b5b5b5b5b5b5b5b5b5b5b5b5b5b5b5b
        22  ;;;;;;;;;;;;;;;;  3b3b3b3b3b3b3b3b3b3b3b3b3b3b3b3b
# epoch 16800  H=7.5418 C=7.1537 HO=0.3881  A(t)=486
        86  <<<<<<<<<<<<<<<<  3c3c3c3c3c3c3c3c3c3c3c3c3c3c3c3c
        46  ................  d0d0d0d0d0d0d0d0d0d0d0d0d0d0d0d0
        37  8888888888888888  38383838383838383838383838383838
        35  9999999999999999  39393939393939393939393939393939
        34  ::::::::::::::::  3a3a3a3a3a3a3a3a3a3a3a3a3a3a3a3a
        33  vvvvvvvvvvvvvvvv  76767676767676767676767676767676
        32  ((((((((((((((((  28282828282828282828282828282828
        30  ????????????????  3f3f3f3f3f3f3f3f3f3f3f3f3f3f3f3f
        28  ................  f6f6f6f6f6f6f6f6f6f6f6f6f6f6f6f6
        26  [[[[[[[[[[[[[[[[  5b5b5b5b5b5b5b5b5b5b5b5b5b5b5b5b
# epoch 16820  H=7.5339 C=7.1415 HO=0.3924  A(t)=486
       175  <<<<<<<<<<<<<<<<  3c3c3c3c3c3c3c3c3c3c3c3c3c3c3c3c
        45  ................  d0d0d0d0d0d0d0d0d0d0d0d0d0d0d0d0
        35  9999999999999999  39393939393939393939393939393939
        33  vvvvvvvvvvvvvvvv  76767676767676767676767676767676
        32  ::::::::::::::::  3a3a3a3a3a3a3a3a3a3a3a3a3a3a3a3a
        32  ((((((((((((((((  28282828282828282828282828282828
        30  ????????????????  3f3f3f3f3f3f3f3f3f3f3f3f3f3f3f3f
        26  [[[[[[[[[[[[[[[[  5b5b5b5b5b5b5b5b5b5b5b5b5b5b5b5b
        20  5555555555555555  35353535353535353535353535353535
        18  ================  3d3d3d3d3d3d3d3d3d3d3d3d3d3d3d3d
# epoch 16840  H=7.5415 C=7.1558 HO=0.3857  A(t)=486
        98  <<<<<<<<<<<<<<<<  3c3c3c3c3c3c3c3c3c3c3c3c3c3c3c3c
        38  ]]]]]]]]]]]]]]]]  5d5d5d5d5d5d5d5d5d5d5d5d5d5d5d5d
        32  ::::::::::::::::  3a3a3a3a3a3a3a3a3a3a3a3a3a3a3a3a
        29  ................  d0d0d0d0d0d0d0d0d0d0d0d0d0d0d0d0
        26  [[[[[[[[[[[[[[[[  5b5b5b5b5b5b5b5b5b5b5b5b5b5b5b5b
        24  ????????????????  3f3f3f3f3f3f3f3f3f3f3f3f3f3f3f3f
        22  ((((((((((((((((  28282828282828282828282828282828
        18  ================  3d3d3d3d3d3d3d3d3d3d3d3d3d3d3d3d
        15  ................  95959595959595959595959595959595
        15  vvvvvvvvvvvvvvvv  76767676767676767676767676767676
# epoch 16860  H=7.5486 C=7.1654 HO=0.3832  A(t)=486
        98  <<<<<<<<<<<<<<<<  3c3c3c3c3c3c3c3c3c3c3c3c3c3c3c3c
        43  ................  01010101010101010101010101010101
        38  ]]]]]]]]]]]]]]]]  5d5d5d5d5d5d5d5d5d5d5d5d5d5d5d5d
        32  ::::::::::::::::  3a3a3a3a3a3a3a3a3a3a3a3a3a3a3a3a
        27  ................  d0d0d0d0d0d0d0d0d0d0d0d0d0d0d0d0
        26  [[[[[[[[[[[[[[[[  5b5b5b5b5b5b5b5b5b5b5b5b5b5b5b5b
        24  ????????????????  3f3f3f3f3f3f3f3f3f3f3f3f3f3f3f3f
        22  ((((((((((((((((  28282828282828282828282828282828
        16  ================  3d3d3d3d3d3d3d3d3d3d3d3d3d3d3d3d
        15  ................  95959595959595959595959595959595
# epoch 16880  H=7.5520 C=7.1619 HO=0.3901  A(t)=486
        91  <<<<<<<<<<<<<<<<  3c3c3c3c3c3c3c3c3c3c3c3c3c3c3c3c
        48  ,,,,,,,,,,,,,,,,  2c2c2c2c2c2c2c2c2c2c2c2c2c2c2c2c
        41  ................  01010101010101010101010101010101
        40  ................  c1c1c1c1c1c1c1c1c1c1c1c1c1c1c1c1
        38  ]]]]]]]]]]]]]]]]  5d5d5d5d5d5d5d5d5d5d5d5d5d5d5d5d
        29  ::::::::::::::::  3a3a3a3a3a3a3a3a3a3a3a3a3a3a3a3a
        27  ................  d0d0d0d0d0d0d0d0d0d0d0d0d0d0d0d0
        26  [[[[[[[[[[[[[[[[  5b5b5b5b5b5b5b5b5b5b5b5b5b5b5b5b
        24  ????????????????  3f3f3f3f3f3f3f3f3f3f3f3f3f3f3f3f
        22  ((((((((((((((((  28282828282828282828282828282828
# epoch 16900  H=7.5520 C=7.1619 HO=0.3901  A(t)=486
        91  <<<<<<<<<<<<<<<<  3c3c3c3c3c3c3c3c3c3c3c3c3c3c3c3c
        46  ................  92929292929292929292929292929292
        46  ................  82828282828282828282828282828282
        44  ::::::::::::::::  3a3a3a3a3a3a3a3a3a3a3a3a3a3a3a3a
        38  ]]]]]]]]]]]]]]]]  5d5d5d5d5d5d5d5d5d5d5d5d5d5d5d5d
        36  ................  c1c1c1c1c1c1c1c1c1c1c1c1c1c1c1c1
        33  ................  01010101010101010101010101010101
        26  [[[[[[[[[[[[[[[[  5b5b5b5b5b5b5b5b5b5b5b5b5b5b5b5b
        24  ????????????????  3f3f3f3f3f3f3f3f3f3f3f3f3f3f3f3f
        23  ................  d0d0d0d0d0d0d0d0d0d0d0d0d0d0d0d0
# epoch 16920  H=7.5469 C=7.1736 HO=0.3734  A(t)=486
       122  <<<<<<<<<<<<<<<<  3c3c3c3c3c3c3c3c3c3c3c3c3c3c3c3c
        44  ::::::::::::::::  3a3a3a3a3a3a3a3a3a3a3a3a3a3a3a3a
        40  ................  82828282828282828282828282828282
        35  ................  c1c1c1c1c1c1c1c1c1c1c1c1c1c1c1c1
        35  ................  92929292929292929292929292929292
        28  ................  01010101010101010101010101010101
        23  ................  d0d0d0d0d0d0d0d0d0d0d0d0d0d0d0d0
        19  [[[[[[[[[[[[[[[[  5b5b5b5b5b5b5b5b5b5b5b5b5b5b5b5b
        18  ,,,,,,,,,,,,,,,,  2c2c2c2c2c2c2c2c2c2c2c2c2c2c2c2c
        18  ((((((((((((((((  28282828282828282828282828282828
# epoch 16940  H=7.5467 C=7.1881 HO=0.3586  A(t)=486
        86  <<<<<<<<<<<<<<<<  3c3c3c3c3c3c3c3c3c3c3c3c3c3c3c3c
        44  ::::::::::::::::  3a3a3a3a3a3a3a3a3a3a3a3a3a3a3a3a
        41  ////////////////  2f2f2f2f2f2f2f2f2f2f2f2f2f2f2f2f
        40  ................  82828282828282828282828282828282
        35  ................  c1c1c1c1c1c1c1c1c1c1c1c1c1c1c1c1
        28  ................  01010101010101010101010101010101
        19  [[[[[[[[[[[[[[[[  5b5b5b5b5b5b5b5b5b5b5b5b5b5b5b5b
        17  ................  92929292929292929292929292929292
        17  ,,,,,,,,,,,,,,,,  2c2c2c2c2c2c2c2c2c2c2c2c2c2c2c2c
        16  ????????????????  3f3f3f3f3f3f3f3f3f3f3f3f3f3f3f3f
# epoch 16960  H=7.5523 C=7.1909 HO=0.3613  A(t)=486
        75  <<<<<<<<<<<<<<<<  3c3c3c3c3c3c3c3c3c3c3c3c3c3c3c3c
        49  >>>>>>>>>>>>>>>>  3e3e3e3e3e3e3e3e3e3e3e3e3e3e3e3e
        40  ////////////////  2f2f2f2f2f2f2f2f2f2f2f2f2f2f2f2f
        39  ................  82828282828282828282828282828282
        30  ::::::::::::::::  3a3a3a3a3a3a3a3a3a3a3a3a3a3a3a3a
        27  ................  01010101010101010101010101010101
        21  ................  c1c1c1c1c1c1c1c1c1c1c1c1c1c1c1c1
        19  [[[[[[[[[[[[[[[[  5b5b5b5b5b5b5b5b5b5b5b5b5b5b5b5b
        17  ................  92929292929292929292929292929292
        16  ????????????????  3f3f3f3f3f3f3f3f3f3f3f3f3f3f3f3f
# epoch 16980  H=7.5463 C=7.1765 HO=0.3698  A(t)=486
        57  <<<<<<<<<<<<<<<<  3c3c3c3c3c3c3c3c3c3c3c3c3c3c3c3c
        50  ================  3d3d3d3d3d3d3d3d3d3d3d3d3d3d3d3d
        43  ................  c4c4c4c4c4c4c4c4c4c4c4c4c4c4c4c4
        43  >>>>>>>>>>>>>>>>  3e3e3e3e3e3e3e3e3e3e3e3e3e3e3e3e
        39  ................  82828282828282828282828282828282
        36  ////////////////  2f2f2f2f2f2f2f2f2f2f2f2f2f2f2f2f
        30  ::::::::::::::::  3a3a3a3a3a3a3a3a3a3a3a3a3a3a3a3a
        27  ................  01010101010101010101010101010101
        21  ................  c1c1c1c1c1c1c1c1c1c1c1c1c1c1c1c1
        19  ````````````````  60606060606060606060606060606060
# epoch 17000  H=7.5339 C=7.1689 HO=0.3650  A(t)=486
        64  [[[[[[[[[[[[[[[[  5b5b5b5b5b5b5b5b5b5b5b5b5b5b5b5b
        49  <<<<<<<<<<<<<<<<  3c3c3c3c3c3c3c3c3c3c3c3c3c3c3c3c
        47  ================  3d3d3d3d3d3d3d3d3d3d3d3d3d3d3d3d
        44  ................  f8f8f8f8f8f8f8f8f8f8f8f8f8f8f8f8
        37  ,,,,,,,,,,,,,,,,  2c2c2c2c2c2c2c2c2c2c2c2c2c2c2c2c
        36  ////////////////  2f2f2f2f2f2f2f2f2f2f2f2f2f2f2f2f
        31  >>>>>>>>>>>>>>>>  3e3e3e3e3e3e3e3e3e3e3e3e3e3e3e3e
        27  ................  01010101010101010101010101010101
        25  ................  c4c4c4c4c4c4c4c4c4c4c4c4c4c4c4c4
        25  ::::::::::::::::  3a3a3a3a3a3a3a3a3a3a3a3a3a3a3a3a
# epoch 17020  H=7.5297 C=7.1711 HO=0.3586  A(t)=486
        62  [[[[[[[[[[[[[[[[  5b5b5b5b5b5b5b5b5b5b5b5b5b5b5b5b
        44  ................  f8f8f8f8f8f8f8f8f8f8f8f8f8f8f8f8
        36  ////////////////  2f2f2f2f2f2f2f2f2f2f2f2f2f2f2f2f
        35  TTTTTTTTTTTTTTTT  54545454545454545454545454545454
        35  ================  3d3d3d3d3d3d3d3d3d3d3d3d3d3d3d3d
        32  >>>>>>>>>>>>>>>>  3e3e3e3e3e3e3e3e3e3e3e3e3e3e3e3e
        30  <<<<<<<<<<<<<<<<  3c3c3c3c3c3c3c3c3c3c3c3c3c3c3c3c
        27  ................  01010101010101010101010101010101
        25  ................  c4c4c4c4c4c4c4c4c4c4c4c4c4c4c4c4
        22  ,,,,,,,,,,,,,,,,  2c2c2c2c2c2c2c2c2c2c2c2c2c2c2c2c
# epoch 17040  H=7.5225 C=7.1696 HO=0.3530  A(t)=486
        62  [[[[[[[[[[[[[[[[  5b5b5b5b5b5b5b5b5b5b5b5b5b5b5b5b
        36  ////////////////  2f2f2f2f2f2f2f2f2f2f2f2f2f2f2f2f
        35  ................  f8f8f8f8f8f8f8f8f8f8f8f8f8f8f8f8
        35  bbbbbbbbbbbbbbbb  62626262626262626262626262626262
        35  ================  3d3d3d3d3d3d3d3d3d3d3d3d3d3d3d3d
        33  TTTTTTTTTTTTTTTT  54545454545454545454545454545454
        31  >>>>>>>>>>>>>>>>  3e3e3e3e3e3e3e3e3e3e3e3e3e3e3e3e
        26  <<<<<<<<<<<<<<<<  3c3c3c3c3c3c3c3c3c3c3c3c3c3c3c3c
        24  ................  01010101010101010101010101010101
        22  ................  c4c4c4c4c4c4c4c4c4c4c4c4c4c4c4c4
# epoch 17060  H=7.5206 C=7.1659 HO=0.3547  A(t)=486
        61  ================  3d3d3d3d3d3d3d3d3d3d3d3d3d3d3d3d
        44  EEEEEEEEEEEEEEEE  45454545454545454545454545454545
        34  ................  f8f8f8f8f8f8f8f8f8f8f8f8f8f8f8f8
        33  bbbbbbbbbbbbbbbb  62626262626262626262626262626262
        30  ////////////////  2f2f2f2f2f2f2f2f2f2f2f2f2f2f2f2f
        27  >>>>>>>>>>>>>>>>  3e3e3e3e3e3e3e3e3e3e3e3e3e3e3e3e
        26  <<<<<<<<<<<<<<<<  3c3c3c3c3c3c3c3c3c3c3c3c3c3c3c3c
        20  ,,,,,,,,,,,,,,,,  2c2c2c2c2c2c2c2c2c2c2c2c2c2c2c2c
        19  [[[[[[[[[[[[[[[[  5b5b5b5b5b5b5b5b5b5b5b5b5b5b5b5b
        19  ................  01010101010101010101010101010101
# epoch 17080  H=7.5248 C=7.1652 HO=0.3596  A(t)=486
       100  EEEEEEEEEEEEEEEE  45454545454545454545454545454545
        60  ================  3d3d3d3d3d3d3d3d3d3d3d3d3d3d3d3d
        34  ................  f8f8f8f8f8f8f8f8f8f8f8f8f8f8f8f8
        33  bbbbbbbbbbbbbbbb  62626262626262626262626262626262
        30  ////////////////  2f2f2f2f2f2f2f2f2f2f2f2f2f2f2f2f
        27  >>>>>>>>>>>>>>>>  3e3e3e3e3e3e3e3e3e3e3e3e3e3e3e3e
        25  <<<<<<<<<<<<<<<<  3c3c3c3c3c3c3c3c3c3c3c3c3c3c3c3c
        20  ,,,,,,,,,,,,,,,,  2c2c2c2c2c2c2c2c2c2c2c2c2c2c2c2c
        19  [[[[[[[[[[[[[[[[  5b5b5b5b5b5b5b5b5b5b5b5b5b5b5b5b
        19  ................  01010101010101010101010101010101
# epoch 17100  H=7.5256 C=7.1688 HO=0.3568  A(t)=486
        92  EEEEEEEEEEEEEEEE  45454545454545454545454545454545
        74  >>>>>>>>>>>>>>>>  3e3e3e3e3e3e3e3e3e3e3e3e3e3e3e3e
        54  ================  3d3d3d3d3d3d3d3d3d3d3d3d3d3d3d3d
        37  ;;;;;;;;;;;;;;;;  3b3b3b3b3b3b3b3b3b3b3b3b3b3b3b3b
        34  ................  f8f8f8f8f8f8f8f8f8f8f8f8f8f8f8f8
        30  ////////////////  2f2f2f2f2f2f2f2f2f2f2f2f2f2f2f2f
        28  bbbbbbbbbbbbbbbb  62626262626262626262626262626262
        25  <<<<<<<<<<<<<<<<  3c3c3c3c3c3c3c3c3c3c3c3c3c3c3c3c
        23  ++++++++++++++++  2b2b2b2b2b2b2b2b2b2b2b2b2b2b2b2b
        20  ,,,,,,,,,,,,,,,,  2c2c2c2c2c2c2c2c2c2c2c2c2c2c2c2c
# epoch 17120  H=7.5205 C=7.1680 HO=0.3526  A(t)=486
        90  EEEEEEEEEEEEEEEE  45454545454545454545454545454545
        77  >>>>>>>>>>>>>>>>  3e3e3e3e3e3e3e3e3e3e3e3e3e3e3e3e
        53  ================  3d3d3d3d3d3d3d3d3d3d3d3d3d3d3d3d
        34  ................  f8f8f8f8f8f8f8f8f8f8f8f8f8f8f8f8
        28  bbbbbbbbbbbbbbbb  62626262626262626262626262626262
        27  ;;;;;;;;;;;;;;;;  3b3b3b3b3b3b3b3b3b3b3b3b3b3b3b3b
        25  <<<<<<<<<<<<<<<<  3c3c3c3c3c3c3c3c3c3c3c3c3c3c3c3c
        23  ++++++++++++++++  2b2b2b2b2b2b2b2b2b2b2b2b2b2b2b2b
        21  }}}}}}}}}}}}}}}}  7d7d7d7d7d7d7d7d7d7d7d7d7d7d7d7d
        19  ................  01010101010101010101010101010101
# epoch 17140  H=7.5230 C=7.1907 HO=0.3324  A(t)=486
        84  EEEEEEEEEEEEEEEE  45454545454545454545454545454545
        66  >>>>>>>>>>>>>>>>  3e3e3e3e3e3e3e3e3e3e3e3e3e3e3e3e
        34  ................  f8f8f8f8f8f8f8f8f8f8f8f8f8f8f8f8
        32  ================  3d3d3d3d3d3d3d3d3d3d3d3d3d3d3d3d
        27  ;;;;;;;;;;;;;;;;  3b3b3b3b3b3b3b3b3b3b3b3b3b3b3b3b
        25  <<<<<<<<<<<<<<<<  3c3c3c3c3c3c3c3c3c3c3c3c3c3c3c3c
        22  bbbbbbbbbbbbbbbb  62626262626262626262626262626262
        20  ++++++++++++++++  2b2b2b2b2b2b2b2b2b2b2b2b2b2b2b2b
        19  ................  01010101010101010101010101010101
        17  }}}}}}}}}}}}}}}}  7d7d7d7d7d7d7d7d7d7d7d7d7d7d7d7d
# epoch 17160  H=7.5395 C=7.1904 HO=0.3490  A(t)=486
        70  EEEEEEEEEEEEEEEE  45454545454545454545454545454545
        57  [[[[[[[[[[[[[[[[  5b5b5b5b5b5b5b5b5b5b5b5b5b5b5b5b
        46  hhhhhhhhhhhhhhhh  68686868686868686868686868686868
        45  >>>>>>>>>>>>>>>>  3e3e3e3e3e3e3e3e3e3e3e3e3e3e3e3e
        34  ................  f8f8f8f8f8f8f8f8f8f8f8f8f8f8f8f8
        32  ................  d0d0d0d0d0d0d0d0d0d0d0d0d0d0d0d0
        32  ================  3d3d3d3d3d3d3d3d3d3d3d3d3d3d3d3d
        27  ;;;;;;;;;;;;;;;;  3b3b3b3b3b3b3b3b3b3b3b3b3b3b3b3b
        25  <<<<<<<<<<<<<<<<  3c3c3c3c3c3c3c3c3c3c3c3c3c3c3c3c
        22  bbbbbbbbbbbbbbbb  62626262626262626262626262626262
# epoch 17180  H=7.5307 C=7.2034 HO=0.3273  A(t)=486
        79  ================  3d3d3d3d3d3d3d3d3d3d3d3d3d3d3d3d
        56  EEEEEEEEEEEEEEEE  45454545454545454545454545454545
        53  [[[[[[[[[[[[[[[[  5b5b5b5b5b5b5b5b5b5b5b5b5b5b5b5b
        44  hhhhhhhhhhhhhhhh  68686868686868686868686868686868
        34  ................  f8f8f8f8f8f8f8f8f8f8f8f8f8f8f8f8
        31  ................  d0d0d0d0d0d0d0d0d0d0d0d0d0d0d0d0
        24  >>>>>>>>>>>>>>>>  3e3e3e3e3e3e3e3e3e3e3e3e3e3e3e3e
        22  bbbbbbbbbbbbbbbb  62626262626262626262626262626262
        19  ................  01010101010101010101010101010101
        18  uuuuuuuuuuuuuuuu  75757575757575757575757575757575
# epoch 17200  H=7.5278 C=7.2126 HO=0.3151  A(t)=488
        59  ================  3d3d3d3d3d3d3d3d3d3d3d3d3d3d3d3d
        52  [[[[[[[[[[[[[[[[  5b5b5b5b5b5b5b5b5b5b5b5b5b5b5b5b
        50  EEEEEEEEEEEEEEEE  45454545454545454545454545454545
        40  hhhhhhhhhhhhhhhh  68686868686868686868686868686868
        34  ................  f8f8f8f8f8f8f8f8f8f8f8f8f8f8f8f8
        31  ................  d0d0d0d0d0d0d0d0d0d0d0d0d0d0d0d0
        22  bbbbbbbbbbbbbbbb  62626262626262626262626262626262
        19  ................  01010101010101010101010101010101
        17  uuuuuuuuuuuuuuuu  75757575757575757575757575757575
        17  >>>>>>>>>>>>>>>>  3e3e3e3e3e3e3e3e3e3e3e3e3e3e3e3e
# epoch 17220  H=7.5267 C=7.2256 HO=0.3011  A(t)=488
        50  ================  3d3d3d3d3d3d3d3d3d3d3d3d3d3d3d3d
        45  EEEEEEEEEEEEEEEE  45454545454545454545454545454545
        40  hhhhhhhhhhhhhhhh  68686868686868686868686868686868
        35  [[[[[[[[[[[[[[[[  5b5b5b5b5b5b5b5b5b5b5b5b5b5b5b5b
        34  ................  f8f8f8f8f8f8f8f8f8f8f8f8f8f8f8f8
        31  ................  d0d0d0d0d0d0d0d0d0d0d0d0d0d0d0d0
        22  bbbbbbbbbbbbbbbb  62626262626262626262626262626262
        19  ................  01010101010101010101010101010101
        18  >>>>>>>>>>>>>>>>  3e3e3e3e3e3e3e3e3e3e3e3e3e3e3e3e
        17  uuuuuuuuuuuuuuuu  75757575757575757575757575757575
# epoch 17240  H=7.5217 C=7.2131 HO=0.3086  A(t)=488
        73  [[[[[[[[[[[[[[[[  5b5b5b5b5b5b5b5b5b5b5b5b5b5b5b5b
        46  ????????????????  3f3f3f3f3f3f3f3f3f3f3f3f3f3f3f3f
        44  ================  3d3d3d3d3d3d3d3d3d3d3d3d3d3d3d3d
        40  hhhhhhhhhhhhhhhh  68686868686868686868686868686868
        39  EEEEEEEEEEEEEEEE  45454545454545454545454545454545
        35  ................  e1e1e1e1e1e1e1e1e1e1e1e1e1e1e1e1
        34  ................  f8f8f8f8f8f8f8f8f8f8f8f8f8f8f8f8
        31  ................  d0d0d0d0d0d0d0d0d0d0d0d0d0d0d0d0
        22  bbbbbbbbbbbbbbbb  62626262626262626262626262626262
        19  ................  01010101010101010101010101010101
# epoch 17260  H=7.5190 C=7.2130 HO=0.3060  A(t)=488
        65  [[[[[[[[[[[[[[[[  5b5b5b5b5b5b5b5b5b5b5b5b5b5b5b5b
        41  ????????????????  3f3f3f3f3f3f3f3f3f3f3f3f3f3f3f3f
        40  hhhhhhhhhhhhhhhh  68686868686868686868686868686868
        37  ================  3d3d3d3d3d3d3d3d3d3d3d3d3d3d3d3d
        31  ................  d0d0d0d0d0d0d0d0d0d0d0d0d0d0d0d0
        28  EEEEEEEEEEEEEEEE  45454545454545454545454545454545
        27  ................  c3c3c3c3c3c3c3c3c3c3c3c3c3c3c3c3
        22  bbbbbbbbbbbbbbbb  62626262626262626262626262626262
        22  >>>>>>>>>>>>>>>>  3e3e3e3e3e3e3e3e3e3e3e3e3e3e3e3e
        19  ................  01010101010101010101010101010101
# epoch 17280  H=7.5136 C=7.1979 HO=0.3157  A(t)=488
        57  [[[[[[[[[[[[[[[[  5b5b5b5b5b5b5b5b5b5b5b5b5b5b5b5b
        46  ::::::::::::::::  3a3a3a3a3a3a3a3a3a3a3a3a3a3a3a3a
        41  ????????????????  3f3f3f3f3f3f3f3f3f3f3f3f3f3f3f3f
        38  hhhhhhhhhhhhhhhh  68686868686868686868686868686868
        29  ................  d0d0d0d0d0d0d0d0d0d0d0d0d0d0d0d0
        27  EEEEEEEEEEEEEEEE  45454545454545454545454545454545
        26  ================  3d3d3d3d3d3d3d3d3d3d3d3d3d3d3d3d
        22  ................  c3c3c3c3c3c3c3c3c3c3c3c3c3c3c3c3
        21  bbbbbbbbbbbbbbbb  62626262626262626262626262626262
        19  ................  01010101010101010101010101010101
# epoch 17300  H=7.5087 C=7.1769 HO=0.3318  A(t)=488
       133  ................  04040404040404040404040404040404
        78  [[[[[[[[[[[[[[[[  5b5b5b5b5b5b5b5b5b5b5b5b5b5b5b5b
        41  ????????????????  3f3f3f3f3f3f3f3f3f3f3f3f3f3f3f3f
        38  hhhhhhhhhhhhhhhh  68686868686868686868686868686868
        29  ................  d0d0d0d0d0d0d0d0d0d0d0d0d0d0d0d0
        27  ::::::::::::::::  3a3a3a3a3a3a3a3a3a3a3a3a3a3a3a3a
        25  ================  3d3d3d3d3d3d3d3d3d3d3d3d3d3d3d3d
        22  >>>>>>>>>>>>>>>>  3e3e3e3e3e3e3e3e3e3e3e3e3e3e3e3e
        21  bbbbbbbbbbbbbbbb  62626262626262626262626262626262
        19  ................  01010101010101010101010101010101
# epoch 17320  H=7.5085 C=7.1631 HO=0.3454  A(t)=488
       137  ................  04040404040404040404040404040404
       119  [[[[[[[[[[[[[[[[  5b5b5b5b5b5b5b5b5b5b5b5b5b5b5b5b
        47  ................  7f7f7f7f7f7f7f7f7f7f7f7f7f7f7f7f
        45  DDDDDDDDDDDDDDDD  44444444444444444444444444444444
        40  ????????????????  3f3f3f3f3f3f3f3f3f3f3f3f3f3f3f3f
        38  hhhhhhhhhhhhhhhh  68686868686868686868686868686868
        29  ................  d0d0d0d0d0d0d0d0d0d0d0d0d0d0d0d0
        25  ================  3d3d3d3d3d3d3d3d3d3d3d3d3d3d3d3d
        25  ::::::::::::::::  3a3a3a3a3a3a3a3a3a3a3a3a3a3a3a3a
        21  bbbbbbbbbbbbbbbb  62626262626262626262626262626262
# epoch 17340  H=7.5102 C=7.1721 HO=0.3381  A(t)=488
       108  [[[[[[[[[[[[[[[[  5b5b5b5b5b5b5b5b5b5b5b5b5b5b5b5b
        84  ................  04040404040404040404040404040404
        55  <<<<<<<<<<<<<<<<  3c3c3c3c3c3c3c3c3c3c3c3c3c3c3c3c
        45  ................  7f7f7f7f7f7f7f7f7f7f7f7f7f7f7f7f
        44  DDDDDDDDDDDDDDDD  44444444444444444444444444444444
        38  hhhhhhhhhhhhhhhh  68686868686868686868686868686868
        37  ????????????????  3f3f3f3f3f3f3f3f3f3f3f3f3f3f3f3f
        29  ................  d0d0d0d0d0d0d0d0d0d0d0d0d0d0d0d0
        25  ================  3d3d3d3d3d3d3d3d3d3d3d3d3d3d3d3d
        21  bbbbbbbbbbbbbbbb  62626262626262626262626262626262
# epoch 17360  H=7.5144 C=7.1669 HO=0.3475  A(t)=492
        92  [[[[[[[[[[[[[[[[  5b5b5b5b5b5b5b5b5b5b5b5b5b5b5b5b
        68  ................  04040404040404040404040404040404
        49  ................  14141414141414141414141414141414
        45  qqqqqqqqqqqqqqqq  71717171717171717171717171717171
        37  hhhhhhhhhhhhhhhh  68686868686868686868686868686868
        36  <<<<<<<<<<<<<<<<  3c3c3c3c3c3c3c3c3c3c3c3c3c3c3c3c
        34  ????????????????  3f3f3f3f3f3f3f3f3f3f3f3f3f3f3f3f
        32  ................  81818181818181818181818181818181
        29  ................  d0d0d0d0d0d0d0d0d0d0d0d0d0d0d0d0
        29  ................  7f7f7f7f7f7f7f7f7f7f7f7f7f7f7f7f
# epoch 17380  H=7.5083 C=7.1692 HO=0.3392  A(t)=492
       132  [[[[[[[[[[[[[[[[  5b5b5b5b5b5b5b5b5b5b5b5b5b5b5b5b
        65  ................  04040404040404040404040404040404
        45  qqqqqqqqqqqqqqqq  71717171717171717171717171717171
        37  hhhhhhhhhhhhhhhh  68686868686868686868686868686868
        36  ................  14141414141414141414141414141414
        34  ????????????????  3f3f3f3f3f3f3f3f3f3f3f3f3f3f3f3f
        33  <<<<<<<<<<<<<<<<  3c3c3c3c3c3c3c3c3c3c3c3c3c3c3c3c
        29  ................  d0d0d0d0d0d0d0d0d0d0d0d0d0d0d0d0
        29  ................  7f7f7f7f7f7f7f7f7f7f7f7f7f7f7f7f
        28  ________________  20202020202020202020202020202020
# epoch 17400  H=7.5047 C=7.1659 HO=0.3388  A(t)=494
       126  [[[[[[[[[[[[[[[[  5b5b5b5b5b5b5b5b5b5b5b5b5b5b5b5b
        63  <<<<<<<<<<<<<<<<  3c3c3c3c3c3c3c3c3c3c3c3c3c3c3c3c
        59  ................  04040404040404040404040404040404
        48  MMMMMMMMMMMMMMMM  4d4d4d4d4d4d4d4d4d4d4d4d4d4d4d4d
        38  qqqqqqqqqqqqqqqq  71717171717171717171717171717171
        37  hhhhhhhhhhhhhhhh  68686868686868686868686868686868
        34  ????????????????  3f3f3f3f3f3f3f3f3f3f3f3f3f3f3f3f
        29  ................  d0d0d0d0d0d0d0d0d0d0d0d0d0d0d0d0
        27  ________________  20202020202020202020202020202020
        25  ================  3d3d3d3d3d3d3d3d3d3d3d3d3d3d3d3d
# epoch 17420  H=7.5002 C=7.1731 HO=0.3271  A(t)=494
       104  [[[[[[[[[[[[[[[[  5b5b5b5b5b5b5b5b5b5b5b5b5b5b5b5b
        63  <<<<<<<<<<<<<<<<  3c3c3c3c3c3c3c3c3c3c3c3c3c3c3c3c
        52  ................  04040404040404040404040404040404
        44  MMMMMMMMMMMMMMMM  4d4d4d4d4d4d4d4d4d4d4d4d4d4d4d4d
        38  qqqqqqqqqqqqqqqq  71717171717171717171717171717171
        34  ????????????????  3f3f3f3f3f3f3f3f3f3f3f3f3f3f3f3f
        32  hhhhhhhhhhhhhhhh  68686868686868686868686868686868
        25  <9<9<9<9<9<9<9<9  3c393c393c393c393c393c393c393c39
        24  9<9<9<9<9<9<9<9<  393c393c393c393c393c393c393c393c
        22  ................  7f7f7f7f7f7f7f7f7f7f7f7f7f7f7f7f
# epoch 17440  H=7.4957 C=7.1730 HO=0.3228  A(t)=494
        63  <<<<<<<<<<<<<<<<  3c3c3c3c3c3c3c3c3c3c3c3c3c3c3c3c
        54  [[[[[[[[[[[[[[[[  5b5b5b5b5b5b5b5b5b5b5b5b5b5b5b5b
        43  ................  04040404040404040404040404040404
        38  DDDDDDDDDDDDDDDD  44444444444444444444444444444444
        36  qqqqqqqqqqqqqqqq  71717171717171717171717171717171
        34  ????????????????  3f3f3f3f3f3f3f3f3f3f3f3f3f3f3f3f
        32  hhhhhhhhhhhhhhhh  68686868686868686868686868686868
        23  <9<9<9<9<9<9<9<9  3c393c393c393c393c393c393c393c39
        23  9<9<9<9<9<9<9<9<  393c393c393c393c393c393c393c393c
        22  ................  7f7f7f7f7f7f7f7f7f7f7f7f7f7f7f7f
# epoch 17460  H=7.5141 C=7.1812 HO=0.3329  A(t)=494
        48  KKKKKKKKKKKKKKKK  4b4b4b4b4b4b4b4b4b4b4b4b4b4b4b4b
        47  cccccccccccccccc  63636363636363636363636363636363
        40  [[[[[[[[[[[[[[[[  5b5b5b5b5b5b5b5b5b5b5b5b5b5b5b5b
        38  DDDDDDDDDDDDDDDD  44444444444444444444444444444444
        36  qqqqqqqqqqqqqqqq  71717171717171717171717171717171
        35  <<<<<<<<<<<<<<<<  3c3c3c3c3c3c3c3c3c3c3c3c3c3c3c3c
        32  hhhhhhhhhhhhhhhh  68686868686868686868686868686868
        32  ................  04040404040404040404040404040404
        22  <9<9<9<9<9<9<9<9  3c393c393c393c393c393c393c393c39
        21  MMMMMMMMMMMMMMMM  4d4d4d4d4d4d4d4d4d4d4d4d4d4d4d4d
# epoch 17480  H=7.5149 C=7.1892 HO=0.3257  A(t)=494
        47  KKKKKKKKKKKKKKKK  4b4b4b4b4b4b4b4b4b4b4b4b4b4b4b4b
        46  cccccccccccccccc  63636363636363636363636363636363
        35  [[[[[[[[[[[[[[[[  5b5b5b5b5b5b5b5b5b5b5b5b5b5b5b5b
        34  qqqqqqqqqqqqqqqq  71717171717171717171717171717171
        32  hhhhhhhhhhhhhhhh  68686868686868686868686868686868
        32  DDDDDDDDDDDDDDDD  44444444444444444444444444444444
        25  ................  04040404040404040404040404040404
        19  <<<<<<<<<<<<<<<<  3c3c3c3c3c3c3c3c3c3c3c3c3c3c3c3c
        18  MMMMMMMMMMMMMMMM  4d4d4d4d4d4d4d4d4d4d4d4d4d4d4d4d
        17  ================  3d3d3d3d3d3d3d3d3d3d3d3d3d3d3d3d
# epoch 17500  H=7.5273 C=7.1914 HO=0.3359  A(t)=496
       128  KKKKKKKKKKKKKKKK  4b4b4b4b4b4b4b4b4b4b4b4b4b4b4b4b
        80  DDDDDDDDDDDDDDDD  44444444444444444444444444444444
        44  cccccccccccccccc  63636363636363636363636363636363
        34  qqqqqqqqqqqqqqqq  71717171717171717171717171717171
        33  vvvvvvvvvvvvvvvv  76767676767676767676767676767676
        32  hhhhhhhhhhhhhhhh  68686868686868686868686868686868
        27  [[[[[[[[[[[[[[[[  5b5b5b5b5b5b5b5b5b5b5b5b5b5b5b5b
        18  MMMMMMMMMMMMMMMM  4d4d4d4d4d4d4d4d4d4d4d4d4d4d4d4d
        17  ================  3d3d3d3d3d3d3d3d3d3d3d3d3d3d3d3d
        17  <9<9<9<9<9<9<9<9  3c393c393c393c393c393c393c393c39
# epoch 17520  H=7.5312 C=7.1946 HO=0.3367  A(t)=498
        83  KKKKKKKKKKKKKKKK  4b4b4b4b4b4b4b4b4b4b4b4b4b4b4b4b
        77  DDDDDDDDDDDDDDDD  44444444444444444444444444444444
        48  ................  dcdcdcdcdcdcdcdcdcdcdcdcdcdcdcdc
        46  ................  b3b3b3b3b3b3b3b3b3b3b3b3b3b3b3b3
        43  cccccccccccccccc  63636363636363636363636363636363
        33  qqqqqqqqqqqqqqqq  71717171717171717171717171717171
        30  vvvvvvvvvvvvvvvv  76767676767676767676767676767676
        26  [[[[[[[[[[[[[[[[  5b5b5b5b5b5b5b5b5b5b5b5b5b5b5b5b
        23  hhhhhhhhhhhhhhhh  68686868686868686868686868686868
        18  MMMMMMMMMMMMMMMM  4d4d4d4d4d4d4d4d4d4d4d4d4d4d4d4d
# epoch 17540  H=7.5402 C=7.2114 HO=0.3288  A(t)=498
        78  KKKKKKKKKKKKKKKK  4b4b4b4b4b4b4b4b4b4b4b4b4b4b4b4b
        73  DDDDDDDDDDDDDDDD  44444444444444444444444444444444
        44  ................  b3b3b3b3b3b3b3b3b3b3b3b3b3b3b3b3
        43  ................  dcdcdcdcdcdcdcdcdcdcdcdcdcdcdcdc
        26  [[[[[[[[[[[[[[[[  5b5b5b5b5b5b5b5b5b5b5b5b5b5b5b5b
        24  qqqqqqqqqqqqqqqq  71717171717171717171717171717171
        23  hhhhhhhhhhhhhhhh  68686868686868686868686868686868
        19  cccccccccccccccc  63636363636363636363636363636363
        18  MMMMMMMMMMMMMMMM  4d4d4d4d4d4d4d4d4d4d4d4d4d4d4d4d
        14  vvvvvvvvvvvvvvvv  76767676767676767676767676767676
# epoch 17560  H=7.5429 C=7.2183 HO=0.3247  A(t)=498
        53  DDDDDDDDDDDDDDDD  44444444444444444444444444444444
        52  KKKKKKKKKKKKKKKK  4b4b4b4b4b4b4b4b4b4b4b4b4b4b4b4b
        44  ................  b3b3b3b3b3b3b3b3b3b3b3b3b3b3b3b3
        36  ................  b7b7b7b7b7b7b7b7b7b7b7b7b7b7b7b7
        32  ................  e7e7e7e7e7e7e7e7e7e7e7e7e7e7e7e7
        27  ................  dcdcdcdcdcdcdcdcdcdcdcdcdcdcdcdc
        26  [[[[[[[[[[[[[[[[  5b5b5b5b5b5b5b5b5b5b5b5b5b5b5b5b
        24  qqqqqqqqqqqqqqqq  71717171717171717171717171717171
        23  hhhhhhhhhhhhhhhh  68686868686868686868686868686868
        19  cccccccccccccccc  63636363636363636363636363636363
# epoch 17580  H=7.5467 C=7.2308 HO=0.3159  A(t)=498
        53  DDDDDDDDDDDDDDDD  44444444444444444444444444444444
        36  ................  b7b7b7b7b7b7b7b7b7b7b7b7b7b7b7b7
        34  KKKKKKKKKKKKKKKK  4b4b4b4b4b4b4b4b4b4b4b4b4b4b4b4b
        32  ................  e7e7e7e7e7e7e7e7e7e7e7e7e7e7e7e7
        27  ................  dcdcdcdcdcdcdcdcdcdcdcdcdcdcdcdc
        26  [[[[[[[[[[[[[[[[  5b5b5b5b5b5b5b5b5b5b5b5b5b5b5b5b
        25  ................  b3b3b3b3b3b3b3b3b3b3b3b3b3b3b3b3
        23  hhhhhhhhhhhhhhhh  68686868686868686868686868686868
        19  cccccccccccccccc  63636363636363636363636363636363
        17  qqqqqqqqqqqqqqqq  71717171717171717171717171717171
# epoch 17600  H=7.5464 C=7.2290 HO=0.3174  A(t)=498
        53  DDDDDDDDDDDDDDDD  44444444444444444444444444444444
        47  ;;;;;;;;;;;;;;;;  3b3b3b3b3b3b3b3b3b3b3b3b3b3b3b3b
        36  ................  b7b7b7b7b7b7b7b7b7b7b7b7b7b7b7b7
        34  ................  96969696969696969696969696969696
        34  KKKKKKKKKKKKKKKK  4b4b4b4b4b4b4b4b4b4b4b4b4b4b4b4b
        27  ................  dcdcdcdcdcdcdcdcdcdcdcdcdcdcdcdc
        26  [[[[[[[[[[[[[[[[  5b5b5b5b5b5b5b5b5b5b5b5b5b5b5b5b
        19  cccccccccccccccc  63636363636363636363636363636363
        17  qqqqqqqqqqqqqqqq  71717171717171717171717171717171
        16  MMMMMMMMMMMMMMMM  4d4d4d4d4d4d4d4d4d4d4d4d4d4d4d4d
# epoch 17620  H=7.5438 C=7.2317 HO=0.3121  A(t)=498
        49  DDDDDDDDDDDDDDDD  44444444444444444444444444444444
        34  ................  96969696969696969696969696969696
        32  KKKKKKKKKKKKKKKK  4b4b4b4b4b4b4b4b4b4b4b4b4b4b4b4b
        32  ;;;;;;;;;;;;;;;;  3b3b3b3b3b3b3b3b3b3b3b3b3b3b3b3b
        29  ................  b7b7b7b7b7b7b7b7b7b7b7b7b7b7b7b7
        27  ................  dcdcdcdcdcdcdcdcdcdcdcdcdcdcdcdc
        26  [[[[[[[[[[[[[[[[  5b5b5b5b5b5b5b5b5b5b5b5b5b5b5b5b
        17  qqqqqqqqqqqqqqqq  71717171717171717171717171717171
        16  MMMMMMMMMMMMMMMM  4d4d4d4d4d4d4d4d4d4d4d4d4d4d4d4d
        14  ................  b3b3b3b3b3b3b3b3b3b3b3b3b3b3b3b3
# epoch 17640  H=7.5529 C=7.2299 HO=0.3231  A(t)=498
        49  DDDDDDDDDDDDDDDD  44444444444444444444444444444444
        46  ................  19191919191919191919191919191919
        33  xxxxxxxxxxxxxxxx  78787878787878787878787878787878
        32  ;;;;;;;;;;;;;;;;  3b3b3b3b3b3b3b3b3b3b3b3b3b3b3b3b
        29  ................  b7b7b7b7b7b7b7b7b7b7b7b7b7b7b7b7
        26  ................  dcdcdcdcdcdcdcdcdcdcdcdcdcdcdcdc
        26  [[[[[[[[[[[[[[[[  5b5b5b5b5b5b5b5b5b5b5b5b5b5b5b5b
        25  ................  96969696969696969696969696969696
        17  qqqqqqqqqqqqqqqq  71717171717171717171717171717171
        16  ................  9f199f199f199f199f199f199f199f19
# epoch 17660  H=7.5629 C=7.2427 HO=0.3202  A(t)=498
        63  ................  19191919191919191919191919191919
        49  DDDDDDDDDDDDDDDD  44444444444444444444444444444444
        33  xxxxxxxxxxxxxxxx  78787878787878787878787878787878
        29  ................  b7b7b7b7b7b7b7b7b7b7b7b7b7b7b7b7
        26  ................  dcdcdcdcdcdcdcdcdcdcdcdcdcdcdcdc
        26  [[[[[[[[[[[[[[[[  5b5b5b5b5b5b5b5b5b5b5b5b5b5b5b5b
        25  ................  96969696969696969696969696969696
        17  qqqqqqqqqqqqqqqq  71717171717171717171717171717171
        16  ................  9f199f199f199f199f199f199f199f19
        16  MMMMMMMMMMMMMMMM  4d4d4d4d4d4d4d4d4d4d4d4d4d4d4d4d
# epoch 17680  H=7.5627 C=7.2146 HO=0.3481  A(t)=498
        64  ................  19191919191919191919191919191919
        63  1111111111111111  31313131313131313131313131313131
        60  ................  b3b3b3b3b3b3b3b3b3b3b3b3b3b3b3b3
        49  cccccccccccccccc  63636363636363636363636363636363
        49  ................  18181818181818181818181818181818
        47  BBBBBBBBBBBBBBBB  42424242424242424242424242424242
        43  DDDDDDDDDDDDDDDD  44444444444444444444444444444444
        33  xxxxxxxxxxxxxxxx  78787878787878787878787878787878
        26  [[[[[[[[[[[[[[[[  5b5b5b5b5b5b5b5b5b5b5b5b5b5b5b5b
        25  ................  b7b7b7b7b7b7b7b7b7b7b7b7b7b7b7b7
# epoch 17700  H=7.5536 C=7.1984 HO=0.3553  A(t)=498
        84  cccccccccccccccc  63636363636363636363636363636363
        78  BBBBBBBBBBBBBBBB  42424242424242424242424242424242
        54  ................  b3b3b3b3b3b3b3b3b3b3b3b3b3b3b3b3
        51  ;;;;;;;;;;;;;;;;  3b3b3b3b3b3b3b3b3b3b3b3b3b3b3b3b
        47  1111111111111111  31313131313131313131313131313131
        44  ................  19191919191919191919191919191919
        44  ................  18181818181818181818181818181818
        43  ................  15151515151515151515151515151515
        43  ................  0d0d0d0d0d0d0d0d0d0d0d0d0d0d0d0d
        42  DDDDDDDDDDDDDDDD  44444444444444444444444444444444
# epoch 17720  H=7.5523 C=7.1819 HO=0.3704  A(t)=502
        85  cccccccccccccccc  63636363636363636363636363636363
        75  BBBBBBBBBBBBBBBB  42424242424242424242424242424242
        54  ................  b3b3b3b3b3b3b3b3b3b3b3b3b3b3b3b3
        51  ;;;;;;;;;;;;;;;;  3b3b3b3b3b3b3b3b3b3b3b3b3b3b3b3b
        49  \\\\\\\\\\\\\\\\  5c5c5c5c5c5c5c5c5c5c5c5c5c5c5c5c
        43  ................  18181818181818181818181818181818
        42  DDDDDDDDDDDDDDDD  44444444444444444444444444444444
        41  ................  15151515151515151515151515151515
        40  FFFFFFFFFFFFFFFF  46464646464646464646464646464646
        39  ................  0d0d0d0d0d0d0d0d0d0d0d0d0d0d0d0d
# epoch 17740  H=7.5478 C=7.1848 HO=0.3629  A(t)=502
        83  cccccccccccccccc  63636363636363636363636363636363
        77  \\\\\\\\\\\\\\\\  5c5c5c5c5c5c5c5c5c5c5c5c5c5c5c5c
        73  BBBBBBBBBBBBBBBB  42424242424242424242424242424242
        51  ;;;;;;;;;;;;;;;;  3b3b3b3b3b3b3b3b3b3b3b3b3b3b3b3b
        49  <<<<<<<<<<<<<<<<  3c3c3c3c3c3c3c3c3c3c3c3c3c3c3c3c
        48  ................  b3b3b3b3b3b3b3b3b3b3b3b3b3b3b3b3
        41  ................  15151515151515151515151515151515
        33  xxxxxxxxxxxxxxxx  78787878787878787878787878787878
        33  DDDDDDDDDDDDDDDD  44444444444444444444444444444444
        29  FFFFFFFFFFFFFFFF  46464646464646464646464646464646
# epoch 17760  H=7.5467 C=7.1954 HO=0.3513  A(t)=504
        69  \\\\\\\\\\\\\\\\  5c5c5c5c5c5c5c5c5c5c5c5c5c5c5c5c
        64  cccccccccccccccc  63636363636363636363636363636363
        58  BBBBBBBBBBBBBBBB  42424242424242424242424242424242
        50  ;;;;;;;;;;;;;;;;  3b3b3b3b3b3b3b3b3b3b3b3b3b3b3b3b
        48  ................  b3b3b3b3b3b3b3b3b3b3b3b3b3b3b3b3
        42  <<<<<<<<<<<<<<<<  3c3c3c3c3c3c3c3c3c3c3c3c3c3c3c3c
        36  ................  15151515151515151515151515151515
        33  xxxxxxxxxxxxxxxx  78787878787878787878787878787878
        33  DDDDDDDDDDDDDDDD  44444444444444444444444444444444
        29  FFFFFFFFFFFFFFFF  46464646464646464646464646464646
# epoch 17780  H=7.5430 C=7.1913 HO=0.3517  A(t)=504
        64  cccccccccccccccc  63636363636363636363636363636363
        62  \\\\\\\\\\\\\\\\  5c5c5c5c5c5c5c5c5c5c5c5c5c5c5c5c
        58  BBBBBBBBBBBBBBBB  42424242424242424242424242424242
        53  !!!!!!!!!!!!!!!!  21212121212121212121212121212121
        48  ................  b3b3b3b3b3b3b3b3b3b3b3b3b3b3b3b3
        47  ;;;;;;;;;;;;;;;;  3b3b3b3b3b3b3b3b3b3b3b3b3b3b3b3b
        43  ????????????????  3f3f3f3f3f3f3f3f3f3f3f3f3f3f3f3f
        42  <<<<<<<<<<<<<<<<  3c3c3c3c3c3c3c3c3c3c3c3c3c3c3c3c
        33  xxxxxxxxxxxxxxxx  78787878787878787878787878787878
        29  FFFFFFFFFFFFFFFF  46464646464646464646464646464646
# epoch 17800  H=7.5420 C=7.2001 HO=0.3419  A(t)=504
        58  BBBBBBBBBBBBBBBB  42424242424242424242424242424242
        50  !!!!!!!!!!!!!!!!  21212121212121212121212121212121
        48  ................  b3b3b3b3b3b3b3b3b3b3b3b3b3b3b3b3
        47  ;;;;;;;;;;;;;;;;  3b3b3b3b3b3b3b3b3b3b3b3b3b3b3b3b
        44  ................  dfdfdfdfdfdfdfdfdfdfdfdfdfdfdfdf
        38  cccccccccccccccc  63636363636363636363636363636363
        36  [[[[[[[[[[[[[[[[  5b5b5b5b5b5b5b5b5b5b5b5b5b5b5b5b
        33  xxxxxxxxxxxxxxxx  78787878787878787878787878787878
        29  FFFFFFFFFFFFFFFF  46464646464646464646464646464646
        29  ????????????????  3f3f3f3f3f3f3f3f3f3f3f3f3f3f3f3f
# epoch 17820  H=7.5396 C=7.1935 HO=0.3461  A(t)=504
        86  ................  dfdfdfdfdfdfdfdfdfdfdfdfdfdfdfdf
        58  BBBBBBBBBBBBBBBB  42424242424242424242424242424242
        51  !!!!!!!!!!!!!!!!  21212121212121212121212121212121
        45  {{{{{{{{{{{{{{{{  7b7b7b7b7b7b7b7b7b7b7b7b7b7b7b7b
        44  ;;;;;;;;;;;;;;;;  3b3b3b3b3b3b3b3b3b3b3b3b3b3b3b3b
        36  [[[[[[[[[[[[[[[[  5b5b5b5b5b5b5b5b5b5b5b5b5b5b5b5b
        33  xxxxxxxxxxxxxxxx  78787878787878787878787878787878
        32  ................  b3b3b3b3b3b3b3b3b3b3b3b3b3b3b3b3
        29  FFFFFFFFFFFFFFFF  46464646464646464646464646464646
        29  <<<<<<<<<<<<<<<<  3c3c3c3c3c3c3c3c3c3c3c3c3c3c3c3c
# epoch 17840  H=7.5410 C=7.1978 HO=0.3433  A(t)=504
        81  [[[[[[[[[[[[[[[[  5b5b5b5b5b5b5b5b5b5b5b5b5b5b5b5b
        65  ................  dfdfdfdfdfdfdfdfdfdfdfdfdfdfdfdf
        49  ................  01010101010101010101010101010101
        44  ;;;;;;;;;;;;;;;;  3b3b3b3b3b3b3b3b3b3b3b3b3b3b3b3b
        42  {{{{{{{{{{{{{{{{  7b7b7b7b7b7b7b7b7b7b7b7b7b7b7b7b
        42  BBBBBBBBBBBBBBBB  42424242424242424242424242424242
        30  ................  b3b3b3b3b3b3b3b3b3b3b3b3b3b3b3b3
        30  !!!!!!!!!!!!!!!!  21212121212121212121212121212121
        29  FFFFFFFFFFFFFFFF  46464646464646464646464646464646
        29  <<<<<<<<<<<<<<<<  3c3c3c3c3c3c3c3c3c3c3c3c3c3c3c3c
# epoch 17860  H=7.5419 C=7.2031 HO=0.3387  A(t)=504
        67  [[[[[[[[[[[[[[[[  5b5b5b5b5b5b5b5b5b5b5b5b5b5b5b5b
        62  ................  dfdfdfdfdfdfdfdfdfdfdfdfdfdfdfdf
        44  ;;;;;;;;;;;;;;;;  3b3b3b3b3b3b3b3b3b3b3b3b3b3b3b3b
        42  {{{{{{{{{{{{{{{{  7b7b7b7b7b7b7b7b7b7b7b7b7b7b7b7b
        42  ................  01010101010101010101010101010101
        31  BBBBBBBBBBBBBBBB  42424242424242424242424242424242
        29  <<<<<<<<<<<<<<<<  3c3c3c3c3c3c3c3c3c3c3c3c3c3c3c3c
        26  !!!!!!!!!!!!!!!!  21212121212121212121212121212121
        25  xxxxxxxxxxxxxxxx  78787878787878787878787878787878
        25  ................  19191919191919191919191919191919
# epoch 17880  H=7.5461 C=7.2122 HO=0.3339  A(t)=508
        62  ................  dfdfdfdfdfdfdfdfdfdfdfdfdfdfdfdf
        59  [[[[[[[[[[[[[[[[  5b5b5b5b5b5b5b5b5b5b5b5b5b5b5b5b
        44  ;;;;;;;;;;;;;;;;  3b3b3b3b3b3b3b3b3b3b3b3b3b3b3b3b
        42  ................  01010101010101010101010101010101
        31  BBBBBBBBBBBBBBBB  42424242424242424242424242424242
        29  <<<<<<<<<<<<<<<<  3c3c3c3c3c3c3c3c3c3c3c3c3c3c3c3c
        25  xxxxxxxxxxxxxxxx  78787878787878787878787878787878
        22  ................  b3b3b3b3b3b3b3b3b3b3b3b3b3b3b3b3
        22  ????????????????  3f3f3f3f3f3f3f3f3f3f3f3f3f3f3f3f
        21  DDDDDDDDDDDDDDDD  44444444444444444444444444444444
# epoch 17900  H=7.5458 C=7.2219 HO=0.3239  A(t)=508
        55  ????????????????  3f3f3f3f3f3f3f3f3f3f3f3f3f3f3f3f
        48  [[[[[[[[[[[[[[[[  5b5b5b5b5b5b5b5b5b5b5b5b5b5b5b5b
        46  ................  dfdfdfdfdfdfdfdfdfdfdfdfdfdfdfdf
        42  ................  01010101010101010101010101010101
        41  ;;;;;;;;;;;;;;;;  3b3b3b3b3b3b3b3b3b3b3b3b3b3b3b3b
        34  $$$$$$$$$$$$$$$$  24242424242424242424242424242424
        31  BBBBBBBBBBBBBBBB  42424242424242424242424242424242
        29  <<<<<<<<<<<<<<<<  3c3c3c3c3c3c3c3c3c3c3c3c3c3c3c3c
        25  xxxxxxxxxxxxxxxx  78787878787878787878787878787878
        22  ................  b3b3b3b3b3b3b3b3b3b3b3b3b3b3b3b3
# epoch 17920  H=7.5431 C=7.2050 HO=0.3382  A(t)=508
       148  ????????????????  3f3f3f3f3f3f3f3f3f3f3f3f3f3f3f3f
        87  ................  1f1f1f1f1f1f1f1f1f1f1f1f1f1f1f1f
        42  ................  01010101010101010101010101010101
        38  ;;;;;;;;;;;;;;;;  3b3b3b3b3b3b3b3b3b3b3b3b3b3b3b3b
        34  [[[[[[[[[[[[[[[[  5b5b5b5b5b5b5b5b5b5b5b5b5b5b5b5b
        34  $$$$$$$$$$$$$$$$  24242424242424242424242424242424
        32  ................  dfdfdfdfdfdfdfdfdfdfdfdfdfdfdfdf
        31  BBBBBBBBBBBBBBBB  42424242424242424242424242424242
        31  1111111111111111  31313131313131313131313131313131
        28  <<<<<<<<<<<<<<<<  3c3c3c3c3c3c3c3c3c3c3c3c3c3c3c3c
# epoch 17940  H=7.5393 C=7.1996 HO=0.3398  A(t)=508
       118  ????????????????  3f3f3f3f3f3f3f3f3f3f3f3f3f3f3f3f
        88  >>>>>>>>>>>>>>>>  3e3e3e3e3e3e3e3e3e3e3e3e3e3e3e3e
        84  ;;;;;;;;;;;;;;;;  3b3b3b3b3b3b3b3b3b3b3b3b3b3b3b3b
        82  ................  1f1f1f1f1f1f1f1f1f1f1f1f1f1f1f1f
        42  ................  01010101010101010101010101010101
        34  [[[[[[[[[[[[[[[[  5b5b5b5b5b5b5b5b5b5b5b5b5b5b5b5b
        34  $$$$$$$$$$$$$$$$  24242424242424242424242424242424
        28  <<<<<<<<<<<<<<<<  3c3c3c3c3c3c3c3c3c3c3c3c3c3c3c3c
        22  ................  b3b3b3b3b3b3b3b3b3b3b3b3b3b3b3b3
        20  ................  dfdfdfdfdfdfdfdfdfdfdfdfdfdfdfdf
# epoch 17960  H=7.5366 C=7.2034 HO=0.3332  A(t)=508
       108  ????????????????  3f3f3f3f3f3f3f3f3f3f3f3f3f3f3f3f
        84  ;;;;;;;;;;;;;;;;  3b3b3b3b3b3b3b3b3b3b3b3b3b3b3b3b
        82  ................  1f1f1f1f1f1f1f1f1f1f1f1f1f1f1f1f
        80  >>>>>>>>>>>>>>>>  3e3e3e3e3e3e3e3e3e3e3e3e3e3e3e3e
        42  ................  01010101010101010101010101010101
        34  [[[[[[[[[[[[[[[[  5b5b5b5b5b5b5b5b5b5b5b5b5b5b5b5b
        33  $$$$$$$$$$$$$$$$  24242424242424242424242424242424
        27  <<<<<<<<<<<<<<<<  3c3c3c3c3c3c3c3c3c3c3c3c3c3c3c3c
        22  ................  b3b3b3b3b3b3b3b3b3b3b3b3b3b3b3b3
        20  {{{{{{{{{{{{{{{{  7b7b7b7b7b7b7b7b7b7b7b7b7b7b7b7b
# epoch 17980  H=7.5362 C=7.2117 HO=0.3245  A(t)=508
        76  ????????????????  3f3f3f3f3f3f3f3f3f3f3f3f3f3f3f3f
        75  ;;;;;;;;;;;;;;;;  3b3b3b3b3b3b3b3b3b3b3b3b3b3b3b3b
        72  ................  1f1f1f1f1f1f1f1f1f1f1f1f1f1f1f1f
        66  >>>>>>>>>>>>>>>>  3e3e3e3e3e3e3e3e3e3e3e3e3e3e3e3e
        39  ================  3d3d3d3d3d3d3d3d3d3d3d3d3d3d3d3d
        33  $$$$$$$$$$$$$$$$  24242424242424242424242424242424
        29  ................  13131313131313131313131313131313
        27  <<<<<<<<<<<<<<<<  3c3c3c3c3c3c3c3c3c3c3c3c3c3c3c3c
        26  ................  01010101010101010101010101010101
        22  ................  b3b3b3b3b3b3b3b3b3b3b3b3b3b3b3b3
# epoch 18000  H=7.5379 C=7.2245 HO=0.3134  A(t)=508
        74  ;;;;;;;;;;;;;;;;  3b3b3b3b3b3b3b3b3b3b3b3b3b3b3b3b
        66  >>>>>>>>>>>>>>>>  3e3e3e3e3e3e3e3e3e3e3e3e3e3e3e3e
        62  ................  1f1f1f1f1f1f1f1f1f1f1f1f1f1f1f1f
        59  ????????????????  3f3f3f3f3f3f3f3f3f3f3f3f3f3f3f3f
        39  ================  3d3d3d3d3d3d3d3d3d3d3d3d3d3d3d3d
        33  $$$$$$$$$$$$$$$$  24242424242424242424242424242424
        27  <<<<<<<<<<<<<<<<  3c3c3c3c3c3c3c3c3c3c3c3c3c3c3c3c
        27  ................  13131313131313131313131313131313
        22  ................  b3b3b3b3b3b3b3b3b3b3b3b3b3b3b3b3
        20  {{{{{{{{{{{{{{{{  7b7b7b7b7b7b7b7b7b7b7b7b7b7b7b7b
# epoch 18020  H=7.5312 C=7.2281 HO=0.3030  A(t)=508
        74  ;;;;;;;;;;;;;;;;  3b3b3b3b3b3b3b3b3b3b3b3b3b3b3b3b
        57  >>>>>>>>>>>>>>>>  3e3e3e3e3e3e3e3e3e3e3e3e3e3e3e3e
        57  <<<<<<<<<<<<<<<<  3c3c3c3c3c3c3c3c3c3c3c3c3c3c3c3c
        55  ????????????????  3f3f3f3f3f3f3f3f3f3f3f3f3f3f3f3f
        46  ................  1f1f1f1f1f1f1f1f1f1f1f1f1f1f1f1f
        38  ================  3d3d3d3d3d3d3d3d3d3d3d3d3d3d3d3d
        30  $$$$$$$$$$$$$$$$  24242424242424242424242424242424
        29  ................  13131313131313131313131313131313
        22  ................  b3b3b3b3b3b3b3b3b3b3b3b3b3b3b3b3
        20  {{{{{{{{{{{{{{{{  7b7b7b7b7b7b7b7b7b7b7b7b7b7b7b7b
# epoch 18040  H=7.5340 C=7.2389 HO=0.2951  A(t)=508
        74  ;;;;;;;;;;;;;;;;  3b3b3b3b3b3b3b3b3b3b3b3b3b3b3b3b
        66  >>>>>>>>>>>>>>>>  3e3e3e3e3e3e3e3e3e3e3e3e3e3e3e3e
        57  <<<<<<<<<<<<<<<<  3c3c3c3c3c3c3c3c3c3c3c3c3c3c3c3c
        53  ????????????????  3f3f3f3f3f3f3f3f3f3f3f3f3f3f3f3f
        38  ================  3d3d3d3d3d3d3d3d3d3d3d3d3d3d3d3d
        29  ................  1f1f1f1f1f1f1f1f1f1f1f1f1f1f1f1f
        27  $$$$$$$$$$$$$$$$  24242424242424242424242424242424
        25  ................  13131313131313131313131313131313
        22  ................  b3b3b3b3b3b3b3b3b3b3b3b3b3b3b3b3
        19  BBBBBBBBBBBBBBBB  42424242424242424242424242424242
# epoch 18060  H=7.5271 C=7.2380 HO=0.2890  A(t)=508
        67  >>>>>>>>>>>>>>>>  3e3e3e3e3e3e3e3e3e3e3e3e3e3e3e3e
        58  ;;;;;;;;;;;;;;;;  3b3b3b3b3b3b3b3b3b3b3b3b3b3b3b3b
        57  <<<<<<<<<<<<<<<<  3c3c3c3c3c3c3c3c3c3c3c3c3c3c3c3c
        48  ????????????????  3f3f3f3f3f3f3f3f3f3f3f3f3f3f3f3f
        29  ................  1f1f1f1f1f1f1f1f1f1f1f1f1f1f1f1f
        27  $$$$$$$$$$$$$$$$  24242424242424242424242424242424
        25  ................  13131313131313131313131313131313
        23  ================  3d3d3d3d3d3d3d3d3d3d3d3d3d3d3d3d
        20  ................  b3b3b3b3b3b3b3b3b3b3b3b3b3b3b3b3
        19  BBBBBBBBBBBBBBBB  42424242424242424242424242424242
# epoch 18080  H=7.5290 C=7.2531 HO=0.2759  A(t)=508
        56  <<<<<<<<<<<<<<<<  3c3c3c3c3c3c3c3c3c3c3c3c3c3c3c3c
        55  >>>>>>>>>>>>>>>>  3e3e3e3e3e3e3e3e3e3e3e3e3e3e3e3e
        38  ????????????????  3f3f3f3f3f3f3f3f3f3f3f3f3f3f3f3f
        35  ;;;;;;;;;;;;;;;;  3b3b3b3b3b3b3b3b3b3b3b3b3b3b3b3b
        27  $$$$$$$$$$$$$$$$  24242424242424242424242424242424
        27  ................  1f1f1f1f1f1f1f1f1f1f1f1f1f1f1f1f
        25  ................  13131313131313131313131313131313
        23  ================  3d3d3d3d3d3d3d3d3d3d3d3d3d3d3d3d
        20  ................  b3b3b3b3b3b3b3b3b3b3b3b3b3b3b3b3
        19  BBBBBBBBBBBBBBBB  42424242424242424242424242424242
# epoch 18100  H=7.5360 C=7.2618 HO=0.2742  A(t)=508
        56  <<<<<<<<<<<<<<<<  3c3c3c3c3c3c3c3c3c3c3c3c3c3c3c3c
        48  >>>>>>>>>>>>>>>>  3e3e3e3e3e3e3e3e3e3e3e3e3e3e3e3e
        36  ????????????????  3f3f3f3f3f3f3f3f3f3f3f3f3f3f3f3f
        35  ;;;;;;;;;;;;;;;;  3b3b3b3b3b3b3b3b3b3b3b3b3b3b3b3b
        27  $$$$$$$$$$$$$$$$  24242424242424242424242424242424
        27  ................  1f1f1f1f1f1f1f1f1f1f1f1f1f1f1f1f
        25  ________________  5f5f5f5f5f5f5f5f5f5f5f5f5f5f5f5f
        23  ================  3d3d3d3d3d3d3d3d3d3d3d3d3d3d3d3d
        23  ................  13131313131313131313131313131313
        19  BBBBBBBBBBBBBBBB  42424242424242424242424242424242
# epoch 18120  H=7.5353 C=7.2603 HO=0.2750  A(t)=508
        91  <<<<<<<<<<<<<<<<  3c3c3c3c3c3c3c3c3c3c3c3c3c3c3c3c
        62  ================  3d3d3d3d3d3d3d3d3d3d3d3d3d3d3d3d
        38  >>>>>>>>>>>>>>>>  3e3e3e3e3e3e3e3e3e3e3e3e3e3e3e3e
        36  ????????????????  3f3f3f3f3f3f3f3f3f3f3f3f3f3f3f3f
        30  ;;;;;;;;;;;;;;;;  3b3b3b3b3b3b3b3b3b3b3b3b3b3b3b3b
        27  $$$$$$$$$$$$$$$$  24242424242424242424242424242424
        27  ................  1f1f1f1f1f1f1f1f1f1f1f1f1f1f1f1f
        25  ________________  5f5f5f5f5f5f5f5f5f5f5f5f5f5f5f5f
        18  ................  01010101010101010101010101010101
        11  DDDDDDDDDDDDDDDD  44444444444444444444444444444444
# epoch 18140  H=7.5394 C=7.2762 HO=0.2631  A(t)=508
        91  <<<<<<<<<<<<<<<<  3c3c3c3c3c3c3c3c3c3c3c3c3c3c3c3c
        36  ????????????????  3f3f3f3f3f3f3f3f3f3f3f3f3f3f3f3f
        30  ================  3d3d3d3d3d3d3d3d3d3d3d3d3d3d3d3d
        30  ;;;;;;;;;;;;;;;;  3b3b3b3b3b3b3b3b3b3b3b3b3b3b3b3b
        29  >>>>>>>>>>>>>>>>  3e3e3e3e3e3e3e3e3e3e3e3e3e3e3e3e
        27  $$$$$$$$$$$$$$$$  24242424242424242424242424242424
        27  ................  1f1f1f1f1f1f1f1f1f1f1f1f1f1f1f1f
        18  ................  01010101010101010101010101010101
        14  ________________  5f5f5f5f5f5f5f5f5f5f5f5f5f5f5f5f
        11  DDDDDDDDDDDDDDDD  44444444444444444444444444444444
# epoch 18160  H=7.5454 C=7.2841 HO=0.2613  A(t)=508
        85  <<<<<<<<<<<<<<<<  3c3c3c3c3c3c3c3c3c3c3c3c3c3c3c3c
        36  ????????????????  3f3f3f3f3f3f3f3f3f3f3f3f3f3f3f3f
        27  $$$$$$$$$$$$$$$$  24242424242424242424242424242424
        27  ................  1f1f1f1f1f1f1f1f1f1f1f1f1f1f1f1f
        26  ================  3d3d3d3d3d3d3d3d3d3d3d3d3d3d3d3d
        25  >>>>>>>>>>>>>>>>  3e3e3e3e3e3e3e3e3e3e3e3e3e3e3e3e
        25  ................  19191919191919191919191919191919
        13  ................  01010101010101010101010101010101
        12  ;;;;;;;;;;;;;;;;  3b3b3b3b3b3b3b3b3b3b3b3b3b3b3b3b
        11  DDDDDDDDDDDDDDDD  44444444444444444444444444444444
# epoch 18180  H=7.5446 C=7.2896 HO=0.2551  A(t)=508
        85  <<<<<<<<<<<<<<<<  3c3c3c3c3c3c3c3c3c3c3c3c3c3c3c3c
        27  $$$$$$$$$$$$$$$$  24242424242424242424242424242424
        27  ................  1f1f1f1f1f1f1f1f1f1f1f1f1f1f1f1f
        26  ================  3d3d3d3d3d3d3d3d3d3d3d3d3d3d3d3d
        25  >>>>>>>>>>>>>>>>  3e3e3e3e3e3e3e3e3e3e3e3e3e3e3e3e
        25  ................  19191919191919191919191919191919
        23  ????????????????  3f3f3f3f3f3f3f3f3f3f3f3f3f3f3f3f
        13  ................  01010101010101010101010101010101
        12  ;;;;;;;;;;;;;;;;  3b3b3b3b3b3b3b3b3b3b3b3b3b3b3b3b
        11  DDDDDDDDDDDDDDDD  44444444444444444444444444444444
# epoch 18200  H=7.5500 C=7.2955 HO=0.2545  A(t)=508
        85  <<<<<<<<<<<<<<<<  3c3c3c3c3c3c3c3c3c3c3c3c3c3c3c3c
        30  ????????????????  3f3f3f3f3f3f3f3f3f3f3f3f3f3f3f3f
        27  $$$$$$$$$$$$$$$$  24242424242424242424242424242424
        26  ================  3d3d3d3d3d3d3d3d3d3d3d3d3d3d3d3d
        24  >>>>>>>>>>>>>>>>  3e3e3e3e3e3e3e3e3e3e3e3e3e3e3e3e
        24  ................  1f1f1f1f1f1f1f1f1f1f1f1f1f1f1f1f
        14  ~~~~~~~~~~~~~~~~  7e7e7e7e7e7e7e7e7e7e7e7e7e7e7e7e
        13  ................  19191919191919191919191919191919
        13  ................  01010101010101010101010101010101
        11  ;;;;;;;;;;;;;;;;  3b3b3b3b3b3b3b3b3b3b3b3b3b3b3b3b
# epoch 18220  H=7.5540 C=7.3014 HO=0.2527  A(t)=508
        85  <<<<<<<<<<<<<<<<  3c3c3c3c3c3c3c3c3c3c3c3c3c3c3c3c
        26  ================  3d3d3d3d3d3d3d3d3d3d3d3d3d3d3d3d
        26  $$$$$$$$$$$$$$$$  24242424242424242424242424242424
        25  >>>>>>>>>>>>>>>>  3e3e3e3e3e3e3e3e3e3e3e3e3e3e3e3e
        23  ????????????????  3f3f3f3f3f3f3f3f3f3f3f3f3f3f3f3f
        23  ................  1f1f1f1f1f1f1f1f1f1f1f1f1f1f1f1f
        14  ~~~~~~~~~~~~~~~~  7e7e7e7e7e7e7e7e7e7e7e7e7e7e7e7e
        13  ................  19191919191919191919191919191919
        12  ................  01010101010101010101010101010101
        11  ;;;;;;;;;;;;;;;;  3b3b3b3b3b3b3b3b3b3b3b3b3b3b3b3b
# epoch 18240  H=7.5565 C=7.3101 HO=0.2464  A(t)=508
        85  <<<<<<<<<<<<<<<<  3c3c3c3c3c3c3c3c3c3c3c3c3c3c3c3c
        26  ================  3d3d3d3d3d3d3d3d3d3d3d3d3d3d3d3d
        26  $$$$$$$$$$$$$$$$  24242424242424242424242424242424
        24  >>>>>>>>>>>>>>>>  3e3e3e3e3e3e3e3e3e3e3e3e3e3e3e3e
        23  ................  1f1f1f1f1f1f1f1f1f1f1f1f1f1f1f1f
        14  ~~~~~~~~~~~~~~~~  7e7e7e7e7e7e7e7e7e7e7e7e7e7e7e7e
        12  ................  01010101010101010101010101010101
        11  ;;;;;;;;;;;;;;;;  3b3b3b3b3b3b3b3b3b3b3b3b3b3b3b3b
        10  ????????????????  3f3f3f3f3f3f3f3f3f3f3f3f3f3f3f3f
         9  DDDDDDDDDDDDDDDD  44444444444444444444444444444444
# epoch 18260  H=7.5535 C=7.3136 HO=0.2399  A(t)=508
        53  <<<<<<<<<<<<<<<<  3c3c3c3c3c3c3c3c3c3c3c3c3c3c3c3c
        28  HHHHHHHHHHHHHHHH  48484848484848484848484848484848
        26  ================  3d3d3d3d3d3d3d3d3d3d3d3d3d3d3d3d
        23  ................  1f1f1f1f1f1f1f1f1f1f1f1f1f1f1f1f
        19  $$$$$$$$$$$$$$$$  24242424242424242424242424242424
        17  >>>>>>>>>>>>>>>>  3e3e3e3e3e3e3e3e3e3e3e3e3e3e3e3e
        12  ................  01010101010101010101010101010101
        10  ;;;;;;;;;;;;;;;;  3b3b3b3b3b3b3b3b3b3b3b3b3b3b3b3b
         9  DDDDDDDDDDDDDDDD  44444444444444444444444444444444
         8  ~~~~~~~~~~~~~~~~  7e7e7e7e7e7e7e7e7e7e7e7e7e7e7e7e
# epoch 18280  H=7.5509 C=7.3074 HO=0.2436  A(t)=508
        53  <<<<<<<<<<<<<<<<  3c3c3c3c3c3c3c3c3c3c3c3c3c3c3c3c
        26  ================  3d3d3d3d3d3d3d3d3d3d3d3d3d3d3d3d
        23  ................  1f1f1f1f1f1f1f1f1f1f1f1f1f1f1f1f
        22  ,,,,,,,,,,,,,,,,  2c2c2c2c2c2c2c2c2c2c2c2c2c2c2c2c
        19  $$$$$$$$$$$$$$$$  24242424242424242424242424242424
        16  HHHHHHHHHHHHHHHH  48484848484848484848484848484848
        10  ;;;;;;;;;;;;;;;;  3b3b3b3b3b3b3b3b3b3b3b3b3b3b3b3b
         9  DDDDDDDDDDDDDDDD  44444444444444444444444444444444
         8  cccccccccccccccc  63636363636363636363636363636363
         8  ................  19191919191919191919191919191919
# epoch 18300  H=7.5561 C=7.3109 HO=0.2452  A(t)=508
        86  <<<<<<<<<<<<<<<<  3c3c3c3c3c3c3c3c3c3c3c3c3c3c3c3c
        47  ................  80808080808080808080808080808080
        24  ================  3d3d3d3d3d3d3d3d3d3d3d3d3d3d3d3d
        23  ................  1f1f1f1f1f1f1f1f1f1f1f1f1f1f1f1f
        21  ................  a4a4a4a4a4a4a4a4a4a4a4a4a4a4a4a4
        20  ,,,,,,,,,,,,,,,,  2c2c2c2c2c2c2c2c2c2c2c2c2c2c2c2c
        19  $$$$$$$$$$$$$$$$  24242424242424242424242424242424
        16  HHHHHHHHHHHHHHHH  48484848484848484848484848484848
        10  ;;;;;;;;;;;;;;;;  3b3b3b3b3b3b3b3b3b3b3b3b3b3b3b3b
         9  DDDDDDDDDDDDDDDD  44444444444444444444444444444444
# epoch 18320  H=7.5546 C=7.3158 HO=0.2388  A(t)=508
       114  <<<<<<<<<<<<<<<<  3c3c3c3c3c3c3c3c3c3c3c3c3c3c3c3c
        45  ................  80808080808080808080808080808080
        24  ================  3d3d3d3d3d3d3d3d3d3d3d3d3d3d3d3d
        20  ,,,,,,,,,,,,,,,,  2c2c2c2c2c2c2c2c2c2c2c2c2c2c2c2c
        19  ................  e8e8e8e8e8e8e8e8e8e8e8e8e8e8e8e8
        19  $$$$$$$$$$$$$$$$  24242424242424242424242424242424
        15  ................  1f1f1f1f1f1f1f1f1f1f1f1f1f1f1f1f
        10  ................  a4a4a4a4a4a4a4a4a4a4a4a4a4a4a4a4
        10  ;;;;;;;;;;;;;;;;  3b3b3b3b3b3b3b3b3b3b3b3b3b3b3b3b
         9  DDDDDDDDDDDDDDDD  44444444444444444444444444444444
# epoch 18340  H=7.5580 C=7.3234 HO=0.2347  A(t)=508
        90  <<<<<<<<<<<<<<<<  3c3c3c3c3c3c3c3c3c3c3c3c3c3c3c3c
        45  ................  80808080808080808080808080808080
        24  ================  3d3d3d3d3d3d3d3d3d3d3d3d3d3d3d3d
        19  $$$$$$$$$$$$$$$$  24242424242424242424242424242424
        15  ................  1f1f1f1f1f1f1f1f1f1f1f1f1f1f1f1f
        12  ,,,,,,,,,,,,,,,,  2c2c2c2c2c2c2c2c2c2c2c2c2c2c2c2c
        10  ................  a4a4a4a4a4a4a4a4a4a4a4a4a4a4a4a4
         9  DDDDDDDDDDDDDDDD  44444444444444444444444444444444
         8  cccccccccccccccc  63636363636363636363636363636363
         7  ................  14141414141414141414141414141414
# epoch 18360  H=7.5620 C=7.3193 HO=0.2426  A(t)=508
        59  <<<<<<<<<<<<<<<<  3c3c3c3c3c3c3c3c3c3c3c3c3c3c3c3c
        56  {{{{{{{{{{{{{{{{  7b7b7b7b7b7b7b7b7b7b7b7b7b7b7b7b
        45  ................  80808080808080808080808080808080
        31  ................  e0e0e0e0e0e0e0e0e0e0e0e0e0e0e0e0
        24  ================  3d3d3d3d3d3d3d3d3d3d3d3d3d3d3d3d
        19  $$$$$$$$$$$$$$$$  24242424242424242424242424242424
        15  ................  1f1f1f1f1f1f1f1f1f1f1f1f1f1f1f1f
        12  ,,,,,,,,,,,,,,,,  2c2c2c2c2c2c2c2c2c2c2c2c2c2c2c2c
         9  DDDDDDDDDDDDDDDD  44444444444444444444444444444444
         8  cccccccccccccccc  63636363636363636363636363636363
# epoch 18380  H=7.5667 C=7.3171 HO=0.2496  A(t)=508
        64  ................  e0e0e0e0e0e0e0e0e0e0e0e0e0e0e0e0
        49  ................  e9e9e9e9e9e9e9e9e9e9e9e9e9e9e9e9
        48  ................  e8e8e8e8e8e8e8e8e8e8e8e8e8e8e8e8
        48  {{{{{{{{{{{{{{{{  7b7b7b7b7b7b7b7b7b7b7b7b7b7b7b7b
        39  <<<<<<<<<<<<<<<<  3c3c3c3c3c3c3c3c3c3c3c3c3c3c3c3c
        27  ................  80808080808080808080808080808080
        24  ================  3d3d3d3d3d3d3d3d3d3d3d3d3d3d3d3d
        19  $$$$$$$$$$$$$$$$  24242424242424242424242424242424
        12  ,,,,,,,,,,,,,,,,  2c2c2c2c2c2c2c2c2c2c2c2c2c2c2c2c
         9  DDDDDDDDDDDDDDDD  44444444444444444444444444444444
# epoch 18400  H=7.5750 C=7.3173 HO=0.2578  A(t)=508
       109  ................  e0e0e0e0e0e0e0e0e0e0e0e0e0e0e0e0
        67  ................  e9e9e9e9e9e9e9e9e9e9e9e9e9e9e9e9
        47  ````````````````  60606060606060606060606060606060
        43  {{{{{{{{{{{{{{{{  7b7b7b7b7b7b7b7b7b7b7b7b7b7b7b7b
        35  <<<<<<<<<<<<<<<<  3c3c3c3c3c3c3c3c3c3c3c3c3c3c3c3c
        29  ................  e8e8e8e8e8e8e8e8e8e8e8e8e8e8e8e8
        27  ................  80808080808080808080808080808080
        19  ================  3d3d3d3d3d3d3d3d3d3d3d3d3d3d3d3d
        19  $$$$$$$$$$$$$$$$  24242424242424242424242424242424
        12  ,,,,,,,,,,,,,,,,  2c2c2c2c2c2c2c2c2c2c2c2c2c2c2c2c
# epoch 18420  H=7.5838 C=7.3293 HO=0.2545  A(t)=508
       107  ................  e0e0e0e0e0e0e0e0e0e0e0e0e0e0e0e0
        55  ................  e9e9e9e9e9e9e9e9e9e9e9e9e9e9e9e9
        44  ````````````````  60606060606060606060606060606060
        43  {{{{{{{{{{{{{{{{  7b7b7b7b7b7b7b7b7b7b7b7b7b7b7b7b
        35  <<<<<<<<<<<<<<<<  3c3c3c3c3c3c3c3c3c3c3c3c3c3c3c3c
        27  ................  80808080808080808080808080808080
        19  ================  3d3d3d3d3d3d3d3d3d3d3d3d3d3d3d3d
        19  $$$$$$$$$$$$$$$$  24242424242424242424242424242424
        10  3333333333333333  33333333333333333333333333333333
         9  DDDDDDDDDDDDDDDD  44444444444444444444444444444444
# epoch 18440  H=7.5812 C=7.3261 HO=0.2551  A(t)=508
       101  ................  e0e0e0e0e0e0e0e0e0e0e0e0e0e0e0e0
        55  ................  e9e9e9e9e9e9e9e9e9e9e9e9e9e9e9e9
        49  >>>>>>>>>>>>>>>>  3e3e3e3e3e3e3e3e3e3e3e3e3e3e3e3e
        43  ````````````````  60606060606060606060606060606060
        40  {{{{{{{{{{{{{{{{  7b7b7b7b7b7b7b7b7b7b7b7b7b7b7b7b
        25  ................  80808080808080808080808080808080
        25  KKKKKKKKKKKKKKKK  4b4b4b4b4b4b4b4b4b4b4b4b4b4b4b4b
        24  <<<<<<<<<<<<<<<<  3c3c3c3c3c3c3c3c3c3c3c3c3c3c3c3c
        19  $$$$$$$$$$$$$$$$  24242424242424242424242424242424
        10  3333333333333333  33333333333333333333333333333333
# epoch 18460  H=7.5883 C=7.3354 HO=0.2529  A(t)=508
        98  ................  e0e0e0e0e0e0e0e0e0e0e0e0e0e0e0e0
        47  ................  e9e9e9e9e9e9e9e9e9e9e9e9e9e9e9e9
        43  ````````````````  60606060606060606060606060606060
        39  {{{{{{{{{{{{{{{{  7b7b7b7b7b7b7b7b7b7b7b7b7b7b7b7b
        24  KKKKKKKKKKKKKKKK  4b4b4b4b4b4b4b4b4b4b4b4b4b4b4b4b
        24  >>>>>>>>>>>>>>>>  3e3e3e3e3e3e3e3e3e3e3e3e3e3e3e3e
        24  <<<<<<<<<<<<<<<<  3c3c3c3c3c3c3c3c3c3c3c3c3c3c3c3c
        22  ................  80808080808080808080808080808080
        19  $$$$$$$$$$$$$$$$  24242424242424242424242424242424
        10  3333333333333333  33333333333333333333333333333333
# epoch 18480  H=7.5847 C=7.3430 HO=0.2417  A(t)=508
        82  ................  e0e0e0e0e0e0e0e0e0e0e0e0e0e0e0e0
        52  <<<<<<<<<<<<<<<<  3c3c3c3c3c3c3c3c3c3c3c3c3c3c3c3c
        43  ````````````````  60606060606060606060606060606060
        39  {{{{{{{{{{{{{{{{  7b7b7b7b7b7b7b7b7b7b7b7b7b7b7b7b
        32  ................  e9e9e9e9e9e9e9e9e9e9e9e9e9e9e9e9
        25  KKKKKKKKKKKKKKKK  4b4b4b4b4b4b4b4b4b4b4b4b4b4b4b4b
        19  $$$$$$$$$$$$$$$$  24242424242424242424242424242424
        18  >>>>>>>>>>>>>>>>  3e3e3e3e3e3e3e3e3e3e3e3e3e3e3e3e
        10  ................  80808080808080808080808080808080
         9  DDDDDDDDDDDDDDDD  44444444444444444444444444444444
# epoch 18500  H=7.5876 C=7.3464 HO=0.2412  A(t)=508
        81  ................  e0e0e0e0e0e0e0e0e0e0e0e0e0e0e0e0
        79  <<<<<<<<<<<<<<<<  3c3c3c3c3c3c3c3c3c3c3c3c3c3c3c3c
        40  ````````````````  60606060606060606060606060606060
        35  {{{{{{{{{{{{{{{{  7b7b7b7b7b7b7b7b7b7b7b7b7b7b7b7b
        32  ................  e9e9e9e9e9e9e9e9e9e9e9e9e9e9e9e9
        25  KKKKKKKKKKKKKKKK  4b4b4b4b4b4b4b4b4b4b4b4b4b4b4b4b
        19  >>>>>>>>>>>>>>>>  3e3e3e3e3e3e3e3e3e3e3e3e3e3e3e3e
        19  $$$$$$$$$$$$$$$$  24242424242424242424242424242424
        10  ................  80808080808080808080808080808080
         7  [[[[[[[[[[[[[[[[  5b5b5b5b5b5b5b5b5b5b5b5b5b5b5b5b
# epoch 18520  H=7.5873 C=7.3352 HO=0.2521  A(t)=508
        68  <<<<<<<<<<<<<<<<  3c3c3c3c3c3c3c3c3c3c3c3c3c3c3c3c
        61  ................  e0e0e0e0e0e0e0e0e0e0e0e0e0e0e0e0
        47  DDDDDDDDDDDDDDDD  44444444444444444444444444444444
        43  [[[[[[[[[[[[[[[[  5b5b5b5b5b5b5b5b5b5b5b5b5b5b5b5b
        35  {{{{{{{{{{{{{{{{  7b7b7b7b7b7b7b7b7b7b7b7b7b7b7b7b
        28  ................  e9e9e9e9e9e9e9e9e9e9e9e9e9e9e9e9
        25  KKKKKKKKKKKKKKKK  4b4b4b4b4b4b4b4b4b4b4b4b4b4b4b4b
        24  ````````````````  60606060606060606060606060606060
        19  $$$$$$$$$$$$$$$$  24242424242424242424242424242424
        18  >>>>>>>>>>>>>>>>  3e3e3e3e3e3e3e3e3e3e3e3e3e3e3e3e
# epoch 18540  H=7.5847 C=7.3420 HO=0.2426  A(t)=508
        50  ................  e0e0e0e0e0e0e0e0e0e0e0e0e0e0e0e0
        50  <<<<<<<<<<<<<<<<  3c3c3c3c3c3c3c3c3c3c3c3c3c3c3c3c
        42  [[[[[[[[[[[[[[[[  5b5b5b5b5b5b5b5b5b5b5b5b5b5b5b5b
        35  {{{{{{{{{{{{{{{{  7b7b7b7b7b7b7b7b7b7b7b7b7b7b7b7b
        29  DDDDDDDDDDDDDDDD  44444444444444444444444444444444
        28  ................  e9e9e9e9e9e9e9e9e9e9e9e9e9e9e9e9
        24  ````````````````  60606060606060606060606060606060
        24  KKKKKKKKKKKKKKKK  4b4b4b4b4b4b4b4b4b4b4b4b4b4b4b4b
        11  >>>>>>>>>>>>>>>>  3e3e3e3e3e3e3e3e3e3e3e3e3e3e3e3e
         9  ................  80808080808080808080808080808080
# epoch 18560  H=7.5892 C=7.3469 HO=0.2423  A(t)=508
        50  ................  e0e0e0e0e0e0e0e0e0e0e0e0e0e0e0e0
        50  <<<<<<<<<<<<<<<<  3c3c3c3c3c3c3c3c3c3c3c3c3c3c3c3c
        42  [[[[[[[[[[[[[[[[  5b5b5b5b5b5b5b5b5b5b5b5b5b5b5b5b
        35  {{{{{{{{{{{{{{{{  7b7b7b7b7b7b7b7b7b7b7b7b7b7b7b7b
        33  EEEEEEEEEEEEEEEE  45454545454545454545454545454545
        29  DDDDDDDDDDDDDDDD  44444444444444444444444444444444
        28  ................  e9e9e9e9e9e9e9e9e9e9e9e9e9e9e9e9
        23  KKKKKKKKKKKKKKKK  4b4b4b4b4b4b4b4b4b4b4b4b4b4b4b4b
        15  ````````````````  60606060606060606060606060606060
        11  >>>>>>>>>>>>>>>>  3e3e3e3e3e3e3e3e3e3e3e3e3e3e3e3e
# epoch 18580  H=7.5864 C=7.3461 HO=0.2404  A(t)=510
        50  ................  e0e0e0e0e0e0e0e0e0e0e0e0e0e0e0e0
        49  <<<<<<<<<<<<<<<<  3c3c3c3c3c3c3c3c3c3c3c3c3c3c3c3c
        36  [[[[[[[[[[[[[[[[  5b5b5b5b5b5b5b5b5b5b5b5b5b5b5b5b
        34  ,,,,,,,,,,,,,,,,  2c2c2c2c2c2c2c2c2c2c2c2c2c2c2c2c
        29  DDDDDDDDDDDDDDDD  44444444444444444444444444444444
        28  ................  e9e9e9e9e9e9e9e9e9e9e9e9e9e9e9e9
        23  {{{{{{{{{{{{{{{{  7b7b7b7b7b7b7b7b7b7b7b7b7b7b7b7b
        23  KKKKKKKKKKKKKKKK  4b4b4b4b4b4b4b4b4b4b4b4b4b4b4b4b
        17  EEEEEEEEEEEEEEEE  45454545454545454545454545454545
        15  ````````````````  60606060606060606060606060606060
# epoch 18600  H=7.5848 C=7.3531 HO=0.2316  A(t)=510
        49  ................  e0e0e0e0e0e0e0e0e0e0e0e0e0e0e0e0
        49  <<<<<<<<<<<<<<<<  3c3c3c3c3c3c3c3c3c3c3c3c3c3c3c3c
        36  [[[[[[[[[[[[[[[[  5b5b5b5b5b5b5b5b5b5b5b5b5b5b5b5b
        32  ,,,,,,,,,,,,,,,,  2c2c2c2c2c2c2c2c2c2c2c2c2c2c2c2c
        29  DDDDDDDDDDDDDDDD  44444444444444444444444444444444
        28  ................  e9e9e9e9e9e9e9e9e9e9e9e9e9e9e9e9
        23  {{{{{{{{{{{{{{{{  7b7b7b7b7b7b7b7b7b7b7b7b7b7b7b7b
        23  KKKKKKKKKKKKKKKK  4b4b4b4b4b4b4b4b4b4b4b4b4b4b4b4b
        15  ````````````````  60606060606060606060606060606060
        12  EEEEEEEEEEEEEEEE  45454545454545454545454545454545
# epoch 18620  H=7.5778 C=7.3427 HO=0.2352  A(t)=510
        78  <<<<<<<<<<<<<<<<  3c3c3c3c3c3c3c3c3c3c3c3c3c3c3c3c
        58  ,,,,,,,,,,,,,,,,  2c2c2c2c2c2c2c2c2c2c2c2c2c2c2c2c
        49  ................  e0e0e0e0e0e0e0e0e0e0e0e0e0e0e0e0
        35  [[[[[[[[[[[[[[[[  5b5b5b5b5b5b5b5b5b5b5b5b5b5b5b5b
        29  DDDDDDDDDDDDDDDD  44444444444444444444444444444444
        28  ................  e9e9e9e9e9e9e9e9e9e9e9e9e9e9e9e9
        23  {{{{{{{{{{{{{{{{  7b7b7b7b7b7b7b7b7b7b7b7b7b7b7b7b
        23  KKKKKKKKKKKKKKKK  4b4b4b4b4b4b4b4b4b4b4b4b4b4b4b4b
        15  ````````````````  60606060606060606060606060606060
        13  >>>>>>>>>>>>>>>>  3e3e3e3e3e3e3e3e3e3e3e3e3e3e3e3e
# epoch 18640  H=7.5756 C=7.3513 HO=0.2243  A(t)=512
        57  ,,,,,,,,,,,,,,,,  2c2c2c2c2c2c2c2c2c2c2c2c2c2c2c2c
        47  <<<<<<<<<<<<<<<<  3c3c3c3c3c3c3c3c3c3c3c3c3c3c3c3c
        35  [[[[[[[[[[[[[[[[  5b5b5b5b5b5b5b5b5b5b5b5b5b5b5b5b
        32  ................  e0e0e0e0e0e0e0e0e0e0e0e0e0e0e0e0
        29  DDDDDDDDDDDDDDDD  44444444444444444444444444444444
        28  ................  e9e9e9e9e9e9e9e9e9e9e9e9e9e9e9e9
        23  {{{{{{{{{{{{{{{{  7b7b7b7b7b7b7b7b7b7b7b7b7b7b7b7b
        23  KKKKKKKKKKKKKKKK  4b4b4b4b4b4b4b4b4b4b4b4b4b4b4b4b
        14  ````````````````  60606060606060606060606060606060
        11  ________________  5f5f5f5f5f5f5f5f5f5f5f5f5f5f5f5f
# epoch 18660  H=7.5780 C=7.3602 HO=0.2177  A(t)=512
        57  ,,,,,,,,,,,,,,,,  2c2c2c2c2c2c2c2c2c2c2c2c2c2c2c2c
        45  <<<<<<<<<<<<<<<<  3c3c3c3c3c3c3c3c3c3c3c3c3c3c3c3c
        32  ................  e0e0e0e0e0e0e0e0e0e0e0e0e0e0e0e0
        29  DDDDDDDDDDDDDDDD  44444444444444444444444444444444
        25  >>>>>>>>>>>>>>>>  3e3e3e3e3e3e3e3e3e3e3e3e3e3e3e3e
        24  ................  e9e9e9e9e9e9e9e9e9e9e9e9e9e9e9e9
        23  {{{{{{{{{{{{{{{{  7b7b7b7b7b7b7b7b7b7b7b7b7b7b7b7b
        19  [[[[[[[[[[[[[[[[  5b5b5b5b5b5b5b5b5b5b5b5b5b5b5b5b
        15  ~~~~~~~~~~~~~~~~  7e7e7e7e7e7e7e7e7e7e7e7e7e7e7e7e
        14  ````````````````  60606060606060606060606060606060
# epoch 18680  H=7.5742 C=7.3644 HO=0.2098  A(t)=512
        43  ,,,,,,,,,,,,,,,,  2c2c2c2c2c2c2c2c2c2c2c2c2c2c2c2c
        40  <<<<<<<<<<<<<<<<  3c3c3c3c3c3c3c3c3c3c3c3c3c3c3c3c
        29  DDDDDDDDDDDDDDDD  44444444444444444444444444444444
        24  ................  e9e9e9e9e9e9e9e9e9e9e9e9e9e9e9e9
        22  ................  e0e0e0e0e0e0e0e0e0e0e0e0e0e0e0e0
        22  >>>>>>>>>>>>>>>>  3e3e3e3e3e3e3e3e3e3e3e3e3e3e3e3e
        15  ~~~~~~~~~~~~~~~~  7e7e7e7e7e7e7e7e7e7e7e7e7e7e7e7e
        14  ````````````````  60606060606060606060606060606060
        12  [[[[[[[[[[[[[[[[  5b5b5b5b5b5b5b5b5b5b5b5b5b5b5b5b
        11  ________________  5f5f5f5f5f5f5f5f5f5f5f5f5f5f5f5f
# epoch 18700  H=7.5729 C=7.3395 HO=0.2334  A(t)=512
        54  ................  e9e9e9e9e9e9e9e9e9e9e9e9e9e9e9e9
        49  ................  f6f6f6f6f6f6f6f6f6f6f6f6f6f6f6f6
        46  ;;;;;;;;;;;;;;;;  3b3b3b3b3b3b3b3b3b3b3b3b3b3b3b3b
        45  &&&&&&&&&&&&&&&&  26262626262626262626262626262626
        40  ,,,,,,,,,,,,,,,,  2c2c2c2c2c2c2c2c2c2c2c2c2c2c2c2c
        29  DDDDDDDDDDDDDDDD  44444444444444444444444444444444
        25  ````````````````  60606060606060606060606060606060
        22  ................  e0e0e0e0e0e0e0e0e0e0e0e0e0e0e0e0
        18  <<<<<<<<<<<<<<<<  3c3c3c3c3c3c3c3c3c3c3c3c3c3c3c3c
        12  [[[[[[[[[[[[[[[[  5b5b5b5b5b5b5b5b5b5b5b5b5b5b5b5b
# epoch 18720  H=7.5691 C=7.3400 HO=0.2291  A(t)=512
        53  ................  e9e9e9e9e9e9e9e9e9e9e9e9e9e9e9e9
        45  ;;;;;;;;;;;;;;;;  3b3b3b3b3b3b3b3b3b3b3b3b3b3b3b3b
        38  &&&&&&&&&&&&&&&&  26262626262626262626262626262626
        30  ................  a2a2a2a2a2a2a2a2a2a2a2a2a2a2a2a2
        29  DDDDDDDDDDDDDDDD  44444444444444444444444444444444
        24  ,,,,,,,,,,,,,,,,  2c2c2c2c2c2c2c2c2c2c2c2c2c2c2c2c
        23  ````````````````  60606060606060606060606060606060
        22  ................  e0e0e0e0e0e0e0e0e0e0e0e0e0e0e0e0
        15  <<<<<<<<<<<<<<<<  3c3c3c3c3c3c3c3c3c3c3c3c3c3c3c3c
        12  [[[[[[[[[[[[[[[[  5b5b5b5b5b5b5b5b5b5b5b5b5b5b5b5b
# epoch 18740  H=7.5674 C=7.3231 HO=0.2443  A(t)=512
        55  <<<<<<<<<<<<<<<<  3c3c3c3c3c3c3c3c3c3c3c3c3c3c3c3c
        53  ................  e9e9e9e9e9e9e9e9e9e9e9e9e9e9e9e9
        49  ................  f9f9f9f9f9f9f9f9f9f9f9f9f9f9f9f9
        45  ;;;;;;;;;;;;;;;;  3b3b3b3b3b3b3b3b3b3b3b3b3b3b3b3b
        29  ................  a2a2a2a2a2a2a2a2a2a2a2a2a2a2a2a2
        29  DDDDDDDDDDDDDDDD  44444444444444444444444444444444
        28  ................  ecececececececececececececececec
        22  ................  e0e0e0e0e0e0e0e0e0e0e0e0e0e0e0e0
        22  ````````````````  60606060606060606060606060606060
        22  &&&&&&&&&&&&&&&&  26262626262626262626262626262626
# epoch 18760  H=7.5677 C=7.3345 HO=0.2333  A(t)=512
        49  ................  e9e9e9e9e9e9e9e9e9e9e9e9e9e9e9e9
        45  ;;;;;;;;;;;;;;;;  3b3b3b3b3b3b3b3b3b3b3b3b3b3b3b3b
        44  ................  f9f9f9f9f9f9f9f9f9f9f9f9f9f9f9f9
        35  <<<<<<<<<<<<<<<<  3c3c3c3c3c3c3c3c3c3c3c3c3c3c3c3c
        29  ................  a2a2a2a2a2a2a2a2a2a2a2a2a2a2a2a2
        28  ................  ecececececececececececececececec
        22  ````````````````  60606060606060606060606060606060
        22  &&&&&&&&&&&&&&&&  26262626262626262626262626262626
        21  ,,,,,,,,,,,,,,,,  2c2c2c2c2c2c2c2c2c2c2c2c2c2c2c2c
        20  ................  e0e0e0e0e0e0e0e0e0e0e0e0e0e0e0e0
# epoch 18780  H=7.5666 C=7.3395 HO=0.2272  A(t)=514
        45  ;;;;;;;;;;;;;;;;  3b3b3b3b3b3b3b3b3b3b3b3b3b3b3b3b
        43  ................  f9f9f9f9f9f9f9f9f9f9f9f9f9f9f9f9
        39  ................  e9e9e9e9e9e9e9e9e9e9e9e9e9e9e9e9
        35  <<<<<<<<<<<<<<<<  3c3c3c3c3c3c3c3c3c3c3c3c3c3c3c3c
        29  ................  a2a2a2a2a2a2a2a2a2a2a2a2a2a2a2a2
        28  ................  ecececececececececececececececec
        22  ````````````````  60606060606060606060606060606060
        22  &&&&&&&&&&&&&&&&  26262626262626262626262626262626
        20  ................  e0e0e0e0e0e0e0e0e0e0e0e0e0e0e0e0
        13  ,,,,,,,,,,,,,,,,  2c2c2c2c2c2c2c2c2c2c2c2c2c2c2c2c
# epoch 18800  H=7.5687 C=7.3345 HO=0.2343  A(t)=514
        40  ................  f9f9f9f9f9f9f9f9f9f9f9f9f9f9f9f9
        40  ;;;;;;;;;;;;;;;;  3b3b3b3b3b3b3b3b3b3b3b3b3b3b3b3b
        39  ................  e9e9e9e9e9e9e9e9e9e9e9e9e9e9e9e9
        39  9999999999999999  39393939393939393939393939393939
        36  <<<<<<<<<<<<<<<<  3c3c3c3c3c3c3c3c3c3c3c3c3c3c3c3c
        29  ................  a2a2a2a2a2a2a2a2a2a2a2a2a2a2a2a2
        28  ................  ecececececececececececececececec
        22  ````````````````  60606060606060606060606060606060
        20  ................  e0e0e0e0e0e0e0e0e0e0e0e0e0e0e0e0
        19  aaaaaaaaaaaaaaaa  61616161616161616161616161616161
# epoch 18820  H=7.5604 C=7.3126 HO=0.2478  A(t)=514
       132  ................  d1d1d1d1d1d1d1d1d1d1d1d1d1d1d1d1
        48  ::::::::::::::::  3a3a3a3a3a3a3a3a3a3a3a3a3a3a3a3a
        40  ................  f9f9f9f9f9f9f9f9f9f9f9f9f9f9f9f9
        39  ................  e9e9e9e9e9e9e9e9e9e9e9e9e9e9e9e9
        39  9999999999999999  39393939393939393939393939393939
        28  ................  ecececececececececececececececec
        22  ````````````````  60606060606060606060606060606060
        21  <<<<<<<<<<<<<<<<  3c3c3c3c3c3c3c3c3c3c3c3c3c3c3c3c
        21  ;;;;;;;;;;;;;;;;  3b3b3b3b3b3b3b3b3b3b3b3b3b3b3b3b
        20  ................  e0e0e0e0e0e0e0e0e0e0e0e0e0e0e0e0
# epoch 18840  H=7.5645 C=7.3239 HO=0.2406  A(t)=514
       104  ................  d1d1d1d1d1d1d1d1d1d1d1d1d1d1d1d1
        40  ................  f9f9f9f9f9f9f9f9f9f9f9f9f9f9f9f9
        36  ................  e9e9e9e9e9e9e9e9e9e9e9e9e9e9e9e9
        36  ::::::::::::::::  3a3a3a3a3a3a3a3a3a3a3a3a3a3a3a3a
        29  [[[[[[[[[[[[[[[[  5b5b5b5b5b5b5b5b5b5b5b5b5b5b5b5b
        23  9999999999999999  39393939393939393939393939393939
        21  ................  ecececececececececececececececec
        21  ````````````````  60606060606060606060606060606060
        21  ;;;;;;;;;;;;;;;;  3b3b3b3b3b3b3b3b3b3b3b3b3b3b3b3b
        19  <<<<<<<<<<<<<<<<  3c3c3c3c3c3c3c3c3c3c3c3c3c3c3c3c
# epoch 18860  H=7.5702 C=7.3320 HO=0.2381  A(t)=514
       145  ................  d1d1d1d1d1d1d1d1d1d1d1d1d1d1d1d1
        40  ................  f9f9f9f9f9f9f9f9f9f9f9f9f9f9f9f9
        36  ................  e9e9e9e9e9e9e9e9e9e9e9e9e9e9e9e9
        36  ::::::::::::::::  3a3a3a3a3a3a3a3a3a3a3a3a3a3a3a3a
        23  9999999999999999  39393939393939393939393939393939
        21  ................  ecececececececececececececececec
        21  ````````````````  60606060606060606060606060606060
        20  <<<<<<<<<<<<<<<<  3c3c3c3c3c3c3c3c3c3c3c3c3c3c3c3c
        18  ................  a2a2a2a2a2a2a2a2a2a2a2a2a2a2a2a2
        17  aaaaaaaaaaaaaaaa  61616161616161616161616161616161
# epoch 18880  H=7.5689 C=7.3284 HO=0.2405  A(t)=517
       124  ................  d1d1d1d1d1d1d1d1d1d1d1d1d1d1d1d1
        49  7777777777777777  37373737373737373737373737373737
        37  ................  f9f9f9f9f9f9f9f9f9f9f9f9f9f9f9f9
        36  ................  e9e9e9e9e9e9e9e9e9e9e9e9e9e9e9e9
        36  ::::::::::::::::  3a3a3a3a3a3a3a3a3a3a3a3a3a3a3a3a
        29  {{{{{{{{{{{{{{{{  7b7b7b7b7b7b7b7b7b7b7b7b7b7b7b7b
        21  ................  ecececececececececececececececec
        21  ````````````````  60606060606060606060606060606060
        21  9999999999999999  39393939393939393939393939393939
        18  ................  a2a2a2a2a2a2a2a2a2a2a2a2a2a2a2a2
# epoch 18900  H=7.5623 C=7.3212 HO=0.2411  A(t)=517
       101  ................  d1d1d1d1d1d1d1d1d1d1d1d1d1d1d1d1
        53  <<<<<<<<<<<<<<<<  3c3c3c3c3c3c3c3c3c3c3c3c3c3c3c3c
        43  7777777777777777  37373737373737373737373737373737
        37  ................  f9f9f9f9f9f9f9f9f9f9f9f9f9f9f9f9
        36  ................  e9e9e9e9e9e9e9e9e9e9e9e9e9e9e9e9
        34  IIIIIIIIIIIIIIII  49494949494949494949494949494949
        34  ::::::::::::::::  3a3a3a3a3a3a3a3a3a3a3a3a3a3a3a3a
        21  ................  ecececececececececececececececec
        21  {{{{{{{{{{{{{{{{  7b7b7b7b7b7b7b7b7b7b7b7b7b7b7b7b
        21  ````````````````  60606060606060606060606060606060
# epoch 18920  H=7.5569 C=7.3273 HO=0.2296  A(t)=517
        89  ................  d1d1d1d1d1d1d1d1d1d1d1d1d1d1d1d1
        50  <<<<<<<<<<<<<<<<  3c3c3c3c3c3c3c3c3c3c3c3c3c3c3c3c
        39  9999999999999999  39393939393939393939393939393939
        36  ................  e9e9e9e9e9e9e9e9e9e9e9e9e9e9e9e9
        34  IIIIIIIIIIIIIIII  49494949494949494949494949494949
        34  ::::::::::::::::  3a3a3a3a3a3a3a3a3a3a3a3a3a3a3a3a
        21  ................  f9f9f9f9f9f9f9f9f9f9f9f9f9f9f9f9
        21  ................  ecececececececececececececececec
        17  aaaaaaaaaaaaaaaa  61616161616161616161616161616161
        17  7777777777777777  37373737373737373737373737373737
# epoch 18940  H=7.5476 C=7.3110 HO=0.2365  A(t)=517
        79  ................  d1d1d1d1d1d1d1d1d1d1d1d1d1d1d1d1
        48  3333333333333333  33333333333333333333333333333333
        44  <<<<<<<<<<<<<<<<  3c3c3c3c3c3c3c3c3c3c3c3c3c3c3c3c
        38  9999999999999999  39393939393939393939393939393939
        36  ................  e9e9e9e9e9e9e9e9e9e9e9e9e9e9e9e9
        34  IIIIIIIIIIIIIIII  49494949494949494949494949494949
        34  ::::::::::::::::  3a3a3a3a3a3a3a3a3a3a3a3a3a3a3a3a
        21  ................  f9f9f9f9f9f9f9f9f9f9f9f9f9f9f9f9
        21  ................  ecececececececececececececececec
        17  aaaaaaaaaaaaaaaa  61616161616161616161616161616161
# epoch 18960  H=7.5550 C=7.3051 HO=0.2500  A(t)=517
        74  3333333333333333  33333333333333333333333333333333
        60  ................  d1d1d1d1d1d1d1d1d1d1d1d1d1d1d1d1
        44  <<<<<<<<<<<<<<<<  3c3c3c3c3c3c3c3c3c3c3c3c3c3c3c3c
        42  ................  97979797979797979797979797979797
        35  9999999999999999  39393939393939393939393939393939
        34  ::::::::::::::::  3a3a3a3a3a3a3a3a3a3a3a3a3a3a3a3a
        30  ................  e9e9e9e9e9e9e9e9e9e9e9e9e9e9e9e9
        30  IIIIIIIIIIIIIIII  49494949494949494949494949494949
        24  ................  9b9b9b9b9b9b9b9b9b9b9b9b9b9b9b9b
        22  ................  90909090909090909090909090909090
# epoch 18980  H=7.5513 C=7.2919 HO=0.2595  A(t)=517
        89  JJJJJJJJJJJJJJJJ  4a4a4a4a4a4a4a4a4a4a4a4a4a4a4a4a
        74  3333333333333333  33333333333333333333333333333333
        60  ................  d1d1d1d1d1d1d1d1d1d1d1d1d1d1d1d1
        42  <<<<<<<<<<<<<<<<  3c3c3c3c3c3c3c3c3c3c3c3c3c3c3c3c
        41  ................  1c1c1c1c1c1c1c1c1c1c1c1c1c1c1c1c
        35  9999999999999999  39393939393939393939393939393939
        33  ................  97979797979797979797979797979797
        32  ::::::::::::::::  3a3a3a3a3a3a3a3a3a3a3a3a3a3a3a3a
        30  ................  e9e9e9e9e9e9e9e9e9e9e9e9e9e9e9e9
        24  IIIIIIIIIIIIIIII  49494949494949494949494949494949
# epoch 19000  H=7.5550 C=7.2888 HO=0.2662  A(t)=517
        74  3333333333333333  33333333333333333333333333333333
        72  JJJJJJJJJJJJJJJJ  4a4a4a4a4a4a4a4a4a4a4a4a4a4a4a4a
        68  <<<<<<<<<<<<<<<<  3c3c3c3c3c3c3c3c3c3c3c3c3c3c3c3c
        45  ................  f6f6f6f6f6f6f6f6f6f6f6f6f6f6f6f6
        42  ................  d1d1d1d1d1d1d1d1d1d1d1d1d1d1d1d1
        40  ................  1c1c1c1c1c1c1c1c1c1c1c1c1c1c1c1c
        35  9999999999999999  39393939393939393939393939393939
        32  ::::::::::::::::  3a3a3a3a3a3a3a3a3a3a3a3a3a3a3a3a
        31  >>>>>>>>>>>>>>>>  3e3e3e3e3e3e3e3e3e3e3e3e3e3e3e3e
        30  ................  e9e9e9e9e9e9e9e9e9e9e9e9e9e9e9e9
# epoch 19020  H=7.5485 C=7.2922 HO=0.2562  A(t)=517
        99  <<<<<<<<<<<<<<<<  3c3c3c3c3c3c3c3c3c3c3c3c3c3c3c3c
        71  JJJJJJJJJJJJJJJJ  4a4a4a4a4a4a4a4a4a4a4a4a4a4a4a4a
        51  3333333333333333  33333333333333333333333333333333
        37  ................  1c1c1c1c1c1c1c1c1c1c1c1c1c1c1c1c
        35  ................  d1d1d1d1d1d1d1d1d1d1d1d1d1d1d1d1
        35  9999999999999999  39393939393939393939393939393939
        30  ................  e9e9e9e9e9e9e9e9e9e9e9e9e9e9e9e9
        30  >>>>>>>>>>>>>>>>  3e3e3e3e3e3e3e3e3e3e3e3e3e3e3e3e
        23  ::::::::::::::::  3a3a3a3a3a3a3a3a3a3a3a3a3a3a3a3a
        22  ................  90909090909090909090909090909090
# epoch 19040  H=7.5488 C=7.2852 HO=0.2636  A(t)=519
       147  <<<<<<<<<<<<<<<<  3c3c3c3c3c3c3c3c3c3c3c3c3c3c3c3c
        71  JJJJJJJJJJJJJJJJ  4a4a4a4a4a4a4a4a4a4a4a4a4a4a4a4a
        37  ................  1c1c1c1c1c1c1c1c1c1c1c1c1c1c1c1c
        34  3333333333333333  33333333333333333333333333333333
        33  ................  99999999999999999999999999999999
        30  ................  e9e9e9e9e9e9e9e9e9e9e9e9e9e9e9e9
        30  >>>>>>>>>>>>>>>>  3e3e3e3e3e3e3e3e3e3e3e3e3e3e3e3e
        30  9999999999999999  39393939393939393939393939393939
        28  ................  d1d1d1d1d1d1d1d1d1d1d1d1d1d1d1d1
        23  ::::::::::::::::  3a3a3a3a3a3a3a3a3a3a3a3a3a3a3a3a
# epoch 19060  H=7.5465 C=7.2964 HO=0.2501  A(t)=519
       124  <<<<<<<<<<<<<<<<  3c3c3c3c3c3c3c3c3c3c3c3c3c3c3c3c
        54  JJJJJJJJJJJJJJJJ  4a4a4a4a4a4a4a4a4a4a4a4a4a4a4a4a
        36  ................  1c1c1c1c1c1c1c1c1c1c1c1c1c1c1c1c
        30  ................  e9e9e9e9e9e9e9e9e9e9e9e9e9e9e9e9
        30  9999999999999999  39393939393939393939393939393939
        29  ................  99999999999999999999999999999999
        28  ................  d1d1d1d1d1d1d1d1d1d1d1d1d1d1d1d1
        27  >>>>>>>>>>>>>>>>  3e3e3e3e3e3e3e3e3e3e3e3e3e3e3e3e
        22  ................  90909090909090909090909090909090
        18  3333333333333333  33333333333333333333333333333333
# epoch 19080  H=7.5446 C=7.2952 HO=0.2494  A(t)=519
        87  <<<<<<<<<<<<<<<<  3c3c3c3c3c3c3c3c3c3c3c3c3c3c3c3c
        53  JJJJJJJJJJJJJJJJ  4a4a4a4a4a4a4a4a4a4a4a4a4a4a4a4a
        45  ,,,,,,,,,,,,,,,,  2c2c2c2c2c2c2c2c2c2c2c2c2c2c2c2c
        34  ................  1c1c1c1c1c1c1c1c1c1c1c1c1c1c1c1c
        31  ================  3d3d3d3d3d3d3d3d3d3d3d3d3d3d3d3d
        29  ................  99999999999999999999999999999999
        26  9999999999999999  39393939393939393939393939393939
        24  ................  e9e9e9e9e9e9e9e9e9e9e9e9e9e9e9e9
        22  ................  d1d1d1d1d1d1d1d1d1d1d1d1d1d1d1d1
        22  ................  90909090909090909090909090909090
# epoch 19100  H=7.5372 C=7.2905 HO=0.2466  A(t)=519
       126  <<<<<<<<<<<<<<<<  3c3c3c3c3c3c3c3c3c3c3c3c3c3c3c3c
        47  JJJJJJJJJJJJJJJJ  4a4a4a4a4a4a4a4a4a4a4a4a4a4a4a4a
        36  ,,,,,,,,,,,,,,,,  2c2c2c2c2c2c2c2c2c2c2c2c2c2c2c2c
        34  ................  1c1c1c1c1c1c1c1c1c1c1c1c1c1c1c1c
        29  ................  99999999999999999999999999999999
        26  9999999999999999  39393939393939393939393939393939
        24  ................  e9e9e9e9e9e9e9e9e9e9e9e9e9e9e9e9
        22  ................  90909090909090909090909090909090
        21  ................  d1d1d1d1d1d1d1d1d1d1d1d1d1d1d1d1
        21  >>>>>>>>>>>>>>>>  3e3e3e3e3e3e3e3e3e3e3e3e3e3e3e3e
# epoch 19120  H=7.5395 C=7.2903 HO=0.2492  A(t)=519
       115  <<<<<<<<<<<<<<<<  3c3c3c3c3c3c3c3c3c3c3c3c3c3c3c3c
        38  JJJJJJJJJJJJJJJJ  4a4a4a4a4a4a4a4a4a4a4a4a4a4a4a4a
        37  ................  ffffffffffffffffffffffffffffffff
        34  ................  1c1c1c1c1c1c1c1c1c1c1c1c1c1c1c1c
        29  ................  99999999999999999999999999999999
        26  9999999999999999  39393939393939393939393939393939
        24  ................  e9e9e9e9e9e9e9e9e9e9e9e9e9e9e9e9
        22  ................  90909090909090909090909090909090
        21  ================  3d3d3d3d3d3d3d3d3d3d3d3d3d3d3d3d
        20  ................  d1d1d1d1d1d1d1d1d1d1d1d1d1d1d1d1
# epoch 19140  H=7.5360 C=7.2754 HO=0.2606  A(t)=519
       115  <<<<<<<<<<<<<<<<  3c3c3c3c3c3c3c3c3c3c3c3c3c3c3c3c
        55  3333333333333333  33333333333333333333333333333333
        38  JJJJJJJJJJJJJJJJ  4a4a4a4a4a4a4a4a4a4a4a4a4a4a4a4a
        37  ................  ffffffffffffffffffffffffffffffff
        34  ................  1c1c1c1c1c1c1c1c1c1c1c1c1c1c1c1c
        30  WWWWWWWWWWWWWWWW  57575757575757575757575757575757
        26  9999999999999999  39393939393939393939393939393939
        22  ................  90909090909090909090909090909090
        21  ================  3d3d3d3d3d3d3d3d3d3d3d3d3d3d3d3d
        20  ,,,,,,,,,,,,,,,,  2c2c2c2c2c2c2c2c2c2c2c2c2c2c2c2c
# epoch 19160  H=7.5365 C=7.2710 HO=0.2655  A(t)=519
       102  <<<<<<<<<<<<<<<<  3c3c3c3c3c3c3c3c3c3c3c3c3c3c3c3c
        45  dddddddddddddddd  64646464646464646464646464646464
        37  ................  ffffffffffffffffffffffffffffffff
        36  3333333333333333  33333333333333333333333333333333
        34  ................  1c1c1c1c1c1c1c1c1c1c1c1c1c1c1c1c
        31  JJJJJJJJJJJJJJJJ  4a4a4a4a4a4a4a4a4a4a4a4a4a4a4a4a
        28  WWWWWWWWWWWWWWWW  57575757575757575757575757575757
        26  9999999999999999  39393939393939393939393939393939
        25  &&&&&&&&&&&&&&&&  26262626262626262626262626262626
        24  l<l<l<l<l<l<l<l<  6c3c6c3c6c3c6c3c6c3c6c3c6c3c6c3c
# epoch 19180  H=7.5367 C=7.2581 HO=0.2787  A(t)=519
       143  7777777777777777  37373737373737373737373737373737
        96  <<<<<<<<<<<<<<<<  3c3c3c3c3c3c3c3c3c3c3c3c3c3c3c3c
        47  [[[[[[[[[[[[[[[[  5b5b5b5b5b5b5b5b5b5b5b5b5b5b5b5b
        39  dddddddddddddddd  64646464646464646464646464646464
        34  ................  1c1c1c1c1c1c1c1c1c1c1c1c1c1c1c1c
        29  3333333333333333  33333333333333333333333333333333
        26  WWWWWWWWWWWWWWWW  57575757575757575757575757575757
        26  9999999999999999  39393939393939393939393939393939
        23  VVVVVVVVVVVVVVVV  56565656565656565656565656565656
        22  ................  90909090909090909090909090909090
# epoch 19200  H=7.5352 C=7.2642 HO=0.2710  A(t)=519
       137  7777777777777777  37373737373737373737373737373737
        96  <<<<<<<<<<<<<<<<  3c3c3c3c3c3c3c3c3c3c3c3c3c3c3c3c
        45  ................  b3b3b3b3b3b3b3b3b3b3b3b3b3b3b3b3
        39  dddddddddddddddd  64646464646464646464646464646464
        34  ................  1c1c1c1c1c1c1c1c1c1c1c1c1c1c1c1c
        31  [[[[[[[[[[[[[[[[  5b5b5b5b5b5b5b5b5b5b5b5b5b5b5b5b
        26  WWWWWWWWWWWWWWWW  57575757575757575757575757575757
        26  3333333333333333  33333333333333333333333333333333
        23  VVVVVVVVVVVVVVVV  56565656565656565656565656565656
        22  ................  90909090909090909090909090909090
# epoch 19220  H=7.5325 C=7.2617 HO=0.2708  A(t)=519
       125  7777777777777777  37373737373737373737373737373737
        96  <<<<<<<<<<<<<<<<  3c3c3c3c3c3c3c3c3c3c3c3c3c3c3c3c
        85  [[[[[[[[[[[[[[[[  5b5b5b5b5b5b5b5b5b5b5b5b5b5b5b5b
        41  ................  b3b3b3b3b3b3b3b3b3b3b3b3b3b3b3b3
        36  ................  04040404040404040404040404040404
        35  dddddddddddddddd  64646464646464646464646464646464
        26  WWWWWWWWWWWWWWWW  57575757575757575757575757575757
        23  VVVVVVVVVVVVVVVV  56565656565656565656565656565656
        18  ................  ffffffffffffffffffffffffffffffff
        18  9999999999999999  39393939393939393939393939393939
# epoch 19240  H=7.5359 C=7.2421 HO=0.2938  A(t)=521
       112  7777777777777777  37373737373737373737373737373737
        91  <<<<<<<<<<<<<<<<  3c3c3c3c3c3c3c3c3c3c3c3c3c3c3c3c
        77  [[[[[[[[[[[[[[[[  5b5b5b5b5b5b5b5b5b5b5b5b5b5b5b5b
        67  ................  ffffffffffffffffffffffffffffffff
        41  ................  b3b3b3b3b3b3b3b3b3b3b3b3b3b3b3b3
        40  ................  9a9a9a9a9a9a9a9a9a9a9a9a9a9a9a9a
        35  dddddddddddddddd  64646464646464646464646464646464
        30  ................  04040404040404040404040404040404
        26  WWWWWWWWWWWWWWWW  57575757575757575757575757575757
        23  .<.<.<.<.<.<.<.<  d03cd03cd03cd03cd03cd03cd03cd03c
# epoch 19260  H=7.5335 C=7.2411 HO=0.2924  A(t)=521
       171  <<<<<<<<<<<<<<<<  3c3c3c3c3c3c3c3c3c3c3c3c3c3c3c3c
        84  7777777777777777  37373737373737373737373737373737
        64  ................  ffffffffffffffffffffffffffffffff
        47  [[[[[[[[[[[[[[[[  5b5b5b5b5b5b5b5b5b5b5b5b5b5b5b5b
        37  ................  9a9a9a9a9a9a9a9a9a9a9a9a9a9a9a9a
        35  dddddddddddddddd  64646464646464646464646464646464
        31  ................  b3b3b3b3b3b3b3b3b3b3b3b3b3b3b3b3
        25  WWWWWWWWWWWWWWWW  57575757575757575757575757575757
        21  ................  04040404040404040404040404040404
        19  .<.<.<.<.<.<.<.<  d03cd03cd03cd03cd03cd03cd03cd03c
# epoch 19280  H=7.5294 C=7.2435 HO=0.2858  A(t)=521
       146  <<<<<<<<<<<<<<<<  3c3c3c3c3c3c3c3c3c3c3c3c3c3c3c3c
        84  7777777777777777  37373737373737373737373737373737
        48  ................  ffffffffffffffffffffffffffffffff
        47  [[[[[[[[[[[[[[[[  5b5b5b5b5b5b5b5b5b5b5b5b5b5b5b5b
        37  ................  9a9a9a9a9a9a9a9a9a9a9a9a9a9a9a9a
        35  dddddddddddddddd  64646464646464646464646464646464
        31  ................  b3b3b3b3b3b3b3b3b3b3b3b3b3b3b3b3
        25  WWWWWWWWWWWWWWWW  57575757575757575757575757575757
        25  ................  09090909090909090909090909090909
        21  ................  04040404040404040404040404040404
# epoch 19300  H=7.5359 C=7.2625 HO=0.2735  A(t)=523
       139  <<<<<<<<<<<<<<<<  3c3c3c3c3c3c3c3c3c3c3c3c3c3c3c3c
        63  7777777777777777  37373737373737373737373737373737
        45  ................  ffffffffffffffffffffffffffffffff
        43  [[[[[[[[[[[[[[[[  5b5b5b5b5b5b5b5b5b5b5b5b5b5b5b5b
        37  ................  9a9a9a9a9a9a9a9a9a9a9a9a9a9a9a9a
        35  dddddddddddddddd  64646464646464646464646464646464
        25  ................  09090909090909090909090909090909
        19  .<.<.<.<.<.<.<.<  d03cd03cd03cd03cd03cd03cd03cd03c
        19  <.<.<.<.<.<.<.<.  3cd03cd03cd03cd03cd03cd03cd03cd0
        18  ................  04040404040404040404040404040404
# epoch 19320  H=7.5458 C=7.2759 HO=0.2699  A(t)=525
       123  <<<<<<<<<<<<<<<<  3c3c3c3c3c3c3c3c3c3c3c3c3c3c3c3c
        56  7777777777777777  37373737373737373737373737373737
        40  ................  ffffffffffffffffffffffffffffffff
        39  [[[[[[[[[[[[[[[[  5b5b5b5b5b5b5b5b5b5b5b5b5b5b5b5b
        32  {{{{{{{{{{{{{{{{  7b7b7b7b7b7b7b7b7b7b7b7b7b7b7b7b
        30  dddddddddddddddd  64646464646464646464646464646464
        25  ................  09090909090909090909090909090909
        19  .<.<.<.<.<.<.<.<  d03cd03cd03cd03cd03cd03cd03cd03c
        19  <.<.<.<.<.<.<.<.  3cd03cd03cd03cd03cd03cd03cd03cd0
        18  ................  04040404040404040404040404040404
# epoch 19340  H=7.5504 C=7.2357 HO=0.3146  A(t)=528
       119  <<<<<<<<<<<<<<<<  3c3c3c3c3c3c3c3c3c3c3c3c3c3c3c3c
        89  VVVVVVVVVVVVVVVV  56565656565656565656565656565656
        77  [[[[[[[[[[[[[[[[  5b5b5b5b5b5b5b5b5b5b5b5b5b5b5b5b
        56  7777777777777777  37373737373737373737373737373737
        44  ................  c9c9c9c9c9c9c9c9c9c9c9c9c9c9c9c9
        40  ................  ffffffffffffffffffffffffffffffff
        38  ++++++++++++++++  2b2b2b2b2b2b2b2b2b2b2b2b2b2b2b2b
        32  HHHHHHHHHHHHHHHH  48484848484848484848484848484848
        30  dddddddddddddddd  64646464646464646464646464646464
        27  {{{{{{{{{{{{{{{{  7b7b7b7b7b7b7b7b7b7b7b7b7b7b7b7b
# epoch 19360  H=7.5582 C=7.2488 HO=0.3094  A(t)=528
        94  <<<<<<<<<<<<<<<<  3c3c3c3c3c3c3c3c3c3c3c3c3c3c3c3c
        89  VVVVVVVVVVVVVVVV  56565656565656565656565656565656
        74  [[[[[[[[[[[[[[[[  5b5b5b5b5b5b5b5b5b5b5b5b5b5b5b5b
        49  hhhhhhhhhhhhhhhh  68686868686868686868686868686868
        41  7777777777777777  37373737373737373737373737373737
        40  ................  ffffffffffffffffffffffffffffffff
        37  ................  c9c9c9c9c9c9c9c9c9c9c9c9c9c9c9c9
        37  ++++++++++++++++  2b2b2b2b2b2b2b2b2b2b2b2b2b2b2b2b
        30  dddddddddddddddd  64646464646464646464646464646464
        30  HHHHHHHHHHHHHHHH  48484848484848484848484848484848
# epoch 19380  H=7.5602 C=7.2489 HO=0.3113  A(t)=528
        87  <<<<<<<<<<<<<<<<  3c3c3c3c3c3c3c3c3c3c3c3c3c3c3c3c
        70  [[[[[[[[[[[[[[[[  5b5b5b5b5b5b5b5b5b5b5b5b5b5b5b5b
        62  VVVVVVVVVVVVVVVV  56565656565656565656565656565656
        47  QQQQQQQQQQQQQQQQ  51515151515151515151515151515151
        35  ................  d8d8d8d8d8d8d8d8d8d8d8d8d8d8d8d8
        32  hhhhhhhhhhhhhhhh  68686868686868686868686868686868
        30  HHHHHHHHHHHHHHHH  48484848484848484848484848484848
        29  7777777777777777  37373737373737373737373737373737
        28  ................  ffffffffffffffffffffffffffffffff
        27  ................  c9c9c9c9c9c9c9c9c9c9c9c9c9c9c9c9
# epoch 19400  H=7.5582 C=7.2402 HO=0.3179  A(t)=528
        90  <<<<<<<<<<<<<<<<  3c3c3c3c3c3c3c3c3c3c3c3c3c3c3c3c
        66  [[[[[[[[[[[[[[[[  5b5b5b5b5b5b5b5b5b5b5b5b5b5b5b5b
        57  ................  a7a7a7a7a7a7a7a7a7a7a7a7a7a7a7a7
        46  VVVVVVVVVVVVVVVV  56565656565656565656565656565656
        39  QQQQQQQQQQQQQQQQ  51515151515151515151515151515151
        36  ................  d8d8d8d8d8d8d8d8d8d8d8d8d8d8d8d8
        31  hhhhhhhhhhhhhhhh  68686868686868686868686868686868
        30  HHHHHHHHHHHHHHHH  48484848484848484848484848484848
        27  ................  c9c9c9c9c9c9c9c9c9c9c9c9c9c9c9c9
        26  ................  ffffffffffffffffffffffffffffffff
# epoch 19420  H=7.5544 C=7.2317 HO=0.3227  A(t)=530
       135  <<<<<<<<<<<<<<<<  3c3c3c3c3c3c3c3c3c3c3c3c3c3c3c3c
        95  ................  2e2e2e2e2e2e2e2e2e2e2e2e2e2e2e2e
        63  [[[[[[[[[[[[[[[[  5b5b5b5b5b5b5b5b5b5b5b5b5b5b5b5b
        43  VVVVVVVVVVVVVVVV  56565656565656565656565656565656
        38  QQQQQQQQQQQQQQQQ  51515151515151515151515151515151
        31  ................  a7a7a7a7a7a7a7a7a7a7a7a7a7a7a7a7
        29  HHHHHHHHHHHHHHHH  48484848484848484848484848484848
        27  hhhhhhhhhhhhhhhh  68686868686868686868686868686868
        25  RRRRRRRRRRRRRRRR  52525252525252525252525252525252
        22  ................  d8d8d8d8d8d8d8d8d8d8d8d8d8d8d8d8
# epoch 19440  H=7.5483 C=7.2291 HO=0.3192  A(t)=530
       159  <<<<<<<<<<<<<<<<  3c3c3c3c3c3c3c3c3c3c3c3c3c3c3c3c
        86  ................  2e2e2e2e2e2e2e2e2e2e2e2e2e2e2e2e
        60  [[[[[[[[[[[[[[[[  5b5b5b5b5b5b5b5b5b5b5b5b5b5b5b5b
        47  ................  05050505050505050505050505050505
        46  ................  1c1c1c1c1c1c1c1c1c1c1c1c1c1c1c1c
        43  VVVVVVVVVVVVVVVV  56565656565656565656565656565656
        38  QQQQQQQQQQQQQQQQ  51515151515151515151515151515151
        31  ................  a7a7a7a7a7a7a7a7a7a7a7a7a7a7a7a7
        26  hhhhhhhhhhhhhhhh  68686868686868686868686868686868
        25  RRRRRRRRRRRRRRRR  52525252525252525252525252525252
# epoch 19460  H=7.5411 C=7.2335 HO=0.3076  A(t)=530
       151  <<<<<<<<<<<<<<<<  3c3c3c3c3c3c3c3c3c3c3c3c3c3c3c3c
        67  ................  2e2e2e2e2e2e2e2e2e2e2e2e2e2e2e2e
        42  ................  05050505050505050505050505050505
        39  [[[[[[[[[[[[[[[[  5b5b5b5b5b5b5b5b5b5b5b5b5b5b5b5b
        37  VVVVVVVVVVVVVVVV  56565656565656565656565656565656
        30  ................  a7a7a7a7a7a7a7a7a7a7a7a7a7a7a7a7
        26  ................  1c1c1c1c1c1c1c1c1c1c1c1c1c1c1c1c
        25  hhhhhhhhhhhhhhhh  68686868686868686868686868686868
        25  RRRRRRRRRRRRRRRR  52525252525252525252525252525252
        22  ................  d8d8d8d8d8d8d8d8d8d8d8d8d8d8d8d8
# epoch 19480  H=7.5331 C=7.2271 HO=0.3060  A(t)=530
       151  <<<<<<<<<<<<<<<<  3c3c3c3c3c3c3c3c3c3c3c3c3c3c3c3c
        66  ................  2e2e2e2e2e2e2e2e2e2e2e2e2e2e2e2e
        41  ................  05050505050505050505050505050505
        39  [[[[[[[[[[[[[[[[  5b5b5b5b5b5b5b5b5b5b5b5b5b5b5b5b
        37  VVVVVVVVVVVVVVVV  56565656565656565656565656565656
        31  ,,,,,,,,,,,,,,,,  2c2c2c2c2c2c2c2c2c2c2c2c2c2c2c2c
        29  ................  a7a7a7a7a7a7a7a7a7a7a7a7a7a7a7a7
        26  ................  1c1c1c1c1c1c1c1c1c1c1c1c1c1c1c1c
        25  RRRRRRRRRRRRRRRR  52525252525252525252525252525252
        22  ................  d8d8d8d8d8d8d8d8d8d8d8d8d8d8d8d8
# epoch 19500  H=7.5349 C=7.2367 HO=0.2982  A(t)=530
       151  <<<<<<<<<<<<<<<<  3c3c3c3c3c3c3c3c3c3c3c3c3c3c3c3c
        62  ................  2e2e2e2e2e2e2e2e2e2e2e2e2e2e2e2e
        39  [[[[[[[[[[[[[[[[  5b5b5b5b5b5b5b5b5b5b5b5b5b5b5b5b
        37  VVVVVVVVVVVVVVVV  56565656565656565656565656565656
        35  ................  05050505050505050505050505050505
        29  ................  a7a7a7a7a7a7a7a7a7a7a7a7a7a7a7a7
        25  RRRRRRRRRRRRRRRR  52525252525252525252525252525252
        25  ................  1c1c1c1c1c1c1c1c1c1c1c1c1c1c1c1c
        22  ................  d8d8d8d8d8d8d8d8d8d8d8d8d8d8d8d8
        17  .<.<.<.<.<.<.<.<  d03cd03cd03cd03cd03cd03cd03cd03c
# epoch 19520  H=7.5237 C=7.2372 HO=0.2865  A(t)=530
       149  <<<<<<<<<<<<<<<<  3c3c3c3c3c3c3c3c3c3c3c3c3c3c3c3c
        46  {{{{{{{{{{{{{{{{  7b7b7b7b7b7b7b7b7b7b7b7b7b7b7b7b
        46  ................  2e2e2e2e2e2e2e2e2e2e2e2e2e2e2e2e
        39  [[[[[[[[[[[[[[[[  5b5b5b5b5b5b5b5b5b5b5b5b5b5b5b5b
        34  ................  05050505050505050505050505050505
        29  ................  a7a7a7a7a7a7a7a7a7a7a7a7a7a7a7a7
        27  VVVVVVVVVVVVVVVV  56565656565656565656565656565656
        22  ................  d8d8d8d8d8d8d8d8d8d8d8d8d8d8d8d8
        21  ................  1c1c1c1c1c1c1c1c1c1c1c1c1c1c1c1c
        17  uuuuuuuuuuuuuuuu  75757575757575757575757575757575
# epoch 19540  H=7.5184 C=7.2410 HO=0.2774  A(t)=533
       136  <<<<<<<<<<<<<<<<  3c3c3c3c3c3c3c3c3c3c3c3c3c3c3c3c
        43  {{{{{{{{{{{{{{{{  7b7b7b7b7b7b7b7b7b7b7b7b7b7b7b7b
        43  ................  2e2e2e2e2e2e2e2e2e2e2e2e2e2e2e2e
        34  ................  05050505050505050505050505050505
        28  ................  a7a7a7a7a7a7a7a7a7a7a7a7a7a7a7a7
        25  [[[[[[[[[[[[[[[[  5b5b5b5b5b5b5b5b5b5b5b5b5b5b5b5b
        22  ................  d8d8d8d8d8d8d8d8d8d8d8d8d8d8d8d8
        22  VVVVVVVVVVVVVVVV  56565656565656565656565656565656
        21  ................  1c1c1c1c1c1c1c1c1c1c1c1c1c1c1c1c
        16  .<.<.<.<.<.<.<.<  d03cd03cd03cd03cd03cd03cd03cd03c
# epoch 19560  H=7.5153 C=7.2450 HO=0.2703  A(t)=533
       125  <<<<<<<<<<<<<<<<  3c3c3c3c3c3c3c3c3c3c3c3c3c3c3c3c
        29  ................  05050505050505050505050505050505
        28  ................  2e2e2e2e2e2e2e2e2e2e2e2e2e2e2e2e
        27  ................  a7a7a7a7a7a7a7a7a7a7a7a7a7a7a7a7
        22  ................  d8d8d8d8d8d8d8d8d8d8d8d8d8d8d8d8
        22  [[[[[[[[[[[[[[[[  5b5b5b5b5b5b5b5b5b5b5b5b5b5b5b5b
        21  VVVVVVVVVVVVVVVV  56565656565656565656565656565656
        21  ................  1c1c1c1c1c1c1c1c1c1c1c1c1c1c1c1c
        16  .<.<.<.<.<.<.<.<  d03cd03cd03cd03cd03cd03cd03cd03c
        16  ,,,,,,,,,,,,,,,,  2c2c2c2c2c2c2c2c2c2c2c2c2c2c2c2c
# epoch 19580  H=7.5193 C=7.2458 HO=0.2734  A(t)=533
       106  <<<<<<<<<<<<<<<<  3c3c3c3c3c3c3c3c3c3c3c3c3c3c3c3c
        66  ................  a7a7a7a7a7a7a7a7a7a7a7a7a7a7a7a7
        44  ................  afafafafafafafafafafafafafafafaf
        35  oooooooooooooooo  6f6f6f6f6f6f6f6f6f6f6f6f6f6f6f6f
        28  ................  2e2e2e2e2e2e2e2e2e2e2e2e2e2e2e2e
        22  ................  d8d8d8d8d8d8d8d8d8d8d8d8d8d8d8d8
        22  [[[[[[[[[[[[[[[[  5b5b5b5b5b5b5b5b5b5b5b5b5b5b5b5b
        21  ................  1c1c1c1c1c1c1c1c1c1c1c1c1c1c1c1c
        16  ................  05050505050505050505050505050505
        14  ................  09090909090909090909090909090909
# epoch 19600  H=7.5225 C=7.2532 HO=0.2693  A(t)=533
        86  <<<<<<<<<<<<<<<<  3c3c3c3c3c3c3c3c3c3c3c3c3c3c3c3c
        64  ................  a7a7a7a7a7a7a7a7a7a7a7a7a7a7a7a7
        44  ................  afafafafafafafafafafafafafafafaf
        31  oooooooooooooooo  6f6f6f6f6f6f6f6f6f6f6f6f6f6f6f6f
        22  [[[[[[[[[[[[[[[[  5b5b5b5b5b5b5b5b5b5b5b5b5b5b5b5b
        21  ................  1c1c1c1c1c1c1c1c1c1c1c1c1c1c1c1c
        14  ................  09090909090909090909090909090909
        11  DDDDDDDDDDDDDDDD  44444444444444444444444444444444
        10  ................  d1d1d1d1d1d1d1d1d1d1d1d1d1d1d1d1
        10  .<.<.<.<.<.<.<.<  d03cd03cd03cd03cd03cd03cd03cd03c
# epoch 19620  H=7.5242 C=7.2642 HO=0.2600  A(t)=533
        81  <<<<<<<<<<<<<<<<  3c3c3c3c3c3c3c3c3c3c3c3c3c3c3c3c
        58  ................  a7a7a7a7a7a7a7a7a7a7a7a7a7a7a7a7
        41  ................  afafafafafafafafafafafafafafafaf
        24  oooooooooooooooo  6f6f6f6f6f6f6f6f6f6f6f6f6f6f6f6f
        22  [[[[[[[[[[[[[[[[  5b5b5b5b5b5b5b5b5b5b5b5b5b5b5b5b
        21  ................  1c1c1c1c1c1c1c1c1c1c1c1c1c1c1c1c
        14  ................  09090909090909090909090909090909
        11  DDDDDDDDDDDDDDDD  44444444444444444444444444444444
        10  ................  d1d1d1d1d1d1d1d1d1d1d1d1d1d1d1d1
        10  .<.<.<.<.<.<.<.<  d03cd03cd03cd03cd03cd03cd03cd03c
# epoch 19640  H=7.5263 C=7.2803 HO=0.2461  A(t)=533
        51  ................  a7a7a7a7a7a7a7a7a7a7a7a7a7a7a7a7
        44  <<<<<<<<<<<<<<<<  3c3c3c3c3c3c3c3c3c3c3c3c3c3c3c3c
        41  ................  afafafafafafafafafafafafafafafaf
        24  oooooooooooooooo  6f6f6f6f6f6f6f6f6f6f6f6f6f6f6f6f
        22  [[[[[[[[[[[[[[[[  5b5b5b5b5b5b5b5b5b5b5b5b5b5b5b5b
        14  ................  09090909090909090909090909090909
        11  DDDDDDDDDDDDDDDD  44444444444444444444444444444444
        10  ................  d1d1d1d1d1d1d1d1d1d1d1d1d1d1d1d1
        10  .<.<.<.<.<.<.<.<  d03cd03cd03cd03cd03cd03cd03cd03c
        10  .z.z.z.z.z.z.z.z  a27aa27aa27aa27aa27aa27aa27aa27a
# epoch 19660  H=7.5202 C=7.2910 HO=0.2291  A(t)=533
        41  ................  afafafafafafafafafafafafafafafaf
        36  <<<<<<<<<<<<<<<<  3c3c3c3c3c3c3c3c3c3c3c3c3c3c3c3c
        35  ................  a7a7a7a7a7a7a7a7a7a7a7a7a7a7a7a7
        19  [[[[[[[[[[[[[[[[  5b5b5b5b5b5b5b5b5b5b5b5b5b5b5b5b
        11  DDDDDDDDDDDDDDDD  44444444444444444444444444444444
        10  ................  d1d1d1d1d1d1d1d1d1d1d1d1d1d1d1d1
        10  .<.<.<.<.<.<.<.<  d03cd03cd03cd03cd03cd03cd03cd03c
        10  .z.z.z.z.z.z.z.z  a27aa27aa27aa27aa27aa27aa27aa27a
        10  z.z.z.z.z.z.z.z.  7aa27aa27aa27aa27aa27aa27aa27aa2
        10  ................  2e2e2e2e2e2e2e2e2e2e2e2e2e2e2e2e
# epoch 19680  H=7.5217 C=7.2850 HO=0.2366  A(t)=535
        36  <<<<<<<<<<<<<<<<  3c3c3c3c3c3c3c3c3c3c3c3c3c3c3c3c
        35  ................  a7a7a7a7a7a7a7a7a7a7a7a7a7a7a7a7
        21  .8.8.8.8.8.8.8.8  aa38aa38aa38aa38aa38aa38aa38aa38
        21  8.8.8.8.8.8.8.8.  38aa38aa38aa38aa38aa38aa38aa38aa
        18  [[[[[[[[[[[[[[[[  5b5b5b5b5b5b5b5b5b5b5b5b5b5b5b5b
        10  ................  d1d1d1d1d1d1d1d1d1d1d1d1d1d1d1d1
        10  .z.z.z.z.z.z.z.z  a27aa27aa27aa27aa27aa27aa27aa27a
        10  z.z.z.z.z.z.z.z.  7aa27aa27aa27aa27aa27aa27aa27aa2
         9  ................  d8d8d8d8d8d8d8d8d8d8d8d8d8d8d8d8
         9  .9'..9'..9'..9'.  97392718973927189739271897392718
# epoch 19700  H=7.5258 C=7.2866 HO=0.2392  A(t)=535
        35  ................  a7a7a7a7a7a7a7a7a7a7a7a7a7a7a7a7
        21  ||||||||||||||||  7c7c7c7c7c7c7c7c7c7c7c7c7c7c7c7c
        20  8.8.8.8.8.8.8.8.  38aa38aa38aa38aa38aa38aa38aa38aa
        19  .8.8.8.8.8.8.8.8  aa38aa38aa38aa38aa38aa38aa38aa38
        18  [[[[[[[[[[[[[[[[  5b5b5b5b5b5b5b5b5b5b5b5b5b5b5b5b
        13  <<<<<<<<<<<<<<<<  3c3c3c3c3c3c3c3c3c3c3c3c3c3c3c3c
        10  ................  d1d1d1d1d1d1d1d1d1d1d1d1d1d1d1d1
        10  .z.z.z.z.z.z.z.z  a27aa27aa27aa27aa27aa27aa27aa27a
        10  z.z.z.z.z.z.z.z.  7aa27aa27aa27aa27aa27aa27aa27aa2
         9  ................  d8d8d8d8d8d8d8d8d8d8d8d8d8d8d8d8
# epoch 19720  H=7.5362 C=7.2963 HO=0.2399  A(t)=535
        41  CCCCCCCCCCCCCCCC  43434343434343434343434343434343
        37  [[[[[[[[[[[[[[[[  5b5b5b5b5b5b5b5b5b5b5b5b5b5b5b5b
        18  ................  a7a7a7a7a7a7a7a7a7a7a7a7a7a7a7a7
        17  ||||||||||||||||  7c7c7c7c7c7c7c7c7c7c7c7c7c7c7c7c
        12  8.8.8.8.8.8.8.8.  38aa38aa38aa38aa38aa38aa38aa38aa
        11  .8.8.8.8.8.8.8.8  aa38aa38aa38aa38aa38aa38aa38aa38
        10  ................  d1d1d1d1d1d1d1d1d1d1d1d1d1d1d1d1
        10  .z.z.z.z.z.z.z.z  a27aa27aa27aa27aa27aa27aa27aa27a
        10  z.z.z.z.z.z.z.z.  7aa27aa27aa27aa27aa27aa27aa27aa2
         9  ................  d8d8d8d8d8d8d8d8d8d8d8d8d8d8d8d8
# epoch 19740  H=7.5380 C=7.2914 HO=0.2467  A(t)=536
        66  [[[[[[[[[[[[[[[[  5b5b5b5b5b5b5b5b5b5b5b5b5b5b5b5b
        44  ]]]]]]]]]]]]]]]]  5d5d5d5d5d5d5d5d5d5d5d5d5d5d5d5d
        33  CCCCCCCCCCCCCCCC  43434343434343434343434343434343
        15  ................  a7a7a7a7a7a7a7a7a7a7a7a7a7a7a7a7
        14  +.:+.:+.:+.:+.:+  2be13a2be13a2be13a2be13a2be13a2b
        13  .:+.:+.:+.:+.:+.  e13a2be13a2be13a2be13a2be13a2be1
        13  :+.:+.:+.:+.:+.:  3a2be13a2be13a2be13a2be13a2be13a
        12  8.8.8.8.8.8.8.8.  38aa38aa38aa38aa38aa38aa38aa38aa
        11  .8.8.8.8.8.8.8.8  aa38aa38aa38aa38aa38aa38aa38aa38
        10  ................  d1d1d1d1d1d1d1d1d1d1d1d1d1d1d1d1
# epoch 19760  H=7.5343 C=7.2791 HO=0.2553  A(t)=540
        48  ................  0d0d0d0d0d0d0d0d0d0d0d0d0d0d0d0d
        45  [[[[[[[[[[[[[[[[  5b5b5b5b5b5b5b5b5b5b5b5b5b5b5b5b
        44  ]]]]]]]]]]]]]]]]  5d5d5d5d5d5d5d5d5d5d5d5d5d5d5d5d
        30  5555555555555555  35353535353535353535353535353535
        21  CCCCCCCCCCCCCCCC  43434343434343434343434343434343
        16  iiiiiiiiiiiiiiii  69696969696969696969696969696969
        15  ................  a7a7a7a7a7a7a7a7a7a7a7a7a7a7a7a7
        12  8.8.8.8.8.8.8.8.  38aa38aa38aa38aa38aa38aa38aa38aa
        11  .8.8.8.8.8.8.8.8  aa38aa38aa38aa38aa38aa38aa38aa38
        10  ................  d1d1d1d1d1d1d1d1d1d1d1d1d1d1d1d1
# epoch 19780  H=7.5263 C=7.2915 HO=0.2348  A(t)=540
        43  ................  0d0d0d0d0d0d0d0d0d0d0d0d0d0d0d0d
        41  ................  84848484848484848484848484848484
        31  [[[[[[[[[[[[[[[[  5b5b5b5b5b5b5b5b5b5b5b5b5b5b5b5b
        29  5555555555555555  35353535353535353535353535353535
        21  CCCCCCCCCCCCCCCC  43434343434343434343434343434343
        16  iiiiiiiiiiiiiiii  69696969696969696969696969696969
        12  ................  a7a7a7a7a7a7a7a7a7a7a7a7a7a7a7a7
        12  8.8.8.8.8.8.8.8.  38aa38aa38aa38aa38aa38aa38aa38aa
        11  .8.8.8.8.8.8.8.8  aa38aa38aa38aa38aa38aa38aa38aa38
        10  ................  d1d1d1d1d1d1d1d1d1d1d1d1d1d1d1d1
# epoch 19800  H=7.5283 C=7.2933 HO=0.2350  A(t)=540
        47  zzzzzzzzzzzzzzzz  7a7a7a7a7a7a7a7a7a7a7a7a7a7a7a7a
        42  ................  0d0d0d0d0d0d0d0d0d0d0d0d0d0d0d0d
        41  ................  84848484848484848484848484848484
        29  [[[[[[[[[[[[[[[[  5b5b5b5b5b5b5b5b5b5b5b5b5b5b5b5b
        29  5555555555555555  35353535353535353535353535353535
        24  .;.;.;.;.;.;.;.;  c73bc73bc73bc73bc73bc73bc73bc73b
        24  ;.;.;.;.;.;.;.;.  3bc73bc73bc73bc73bc73bc73bc73bc7
        21  CCCCCCCCCCCCCCCC  43434343434343434343434343434343
        15  iiiiiiiiiiiiiiii  69696969696969696969696969696969
        12  ................  a7a7a7a7a7a7a7a7a7a7a7a7a7a7a7a7
# epoch 19820  H=7.5291 C=7.2856 HO=0.2435  A(t)=541
        66  oooooooooooooooo  6f6f6f6f6f6f6f6f6f6f6f6f6f6f6f6f
        47  ................  a1a1a1a1a1a1a1a1a1a1a1a1a1a1a1a1
        41  ................  84848484848484848484848484848484
        40  zzzzzzzzzzzzzzzz  7a7a7a7a7a7a7a7a7a7a7a7a7a7a7a7a
        37  ................  0d0d0d0d0d0d0d0d0d0d0d0d0d0d0d0d
        29  [[[[[[[[[[[[[[[[  5b5b5b5b5b5b5b5b5b5b5b5b5b5b5b5b
        29  5555555555555555  35353535353535353535353535353535
        12  ................  a7a7a7a7a7a7a7a7a7a7a7a7a7a7a7a7
        12  8.8.8.8.8.8.8.8.  38aa38aa38aa38aa38aa38aa38aa38aa
        11  .8.8.8.8.8.8.8.8  aa38aa38aa38aa38aa38aa38aa38aa38
# epoch 19840  H=7.5220 C=7.2815 HO=0.2405  A(t)=541
        49  ................  eeeeeeeeeeeeeeeeeeeeeeeeeeeeeeee
        46  oooooooooooooooo  6f6f6f6f6f6f6f6f6f6f6f6f6f6f6f6f
        40  ................  84848484848484848484848484848484
        37  ................  0d0d0d0d0d0d0d0d0d0d0d0d0d0d0d0d
        36  zzzzzzzzzzzzzzzz  7a7a7a7a7a7a7a7a7a7a7a7a7a7a7a7a
        29  ................  a1a1a1a1a1a1a1a1a1a1a1a1a1a1a1a1
        29  5555555555555555  35353535353535353535353535353535
        28  [[[[[[[[[[[[[[[[  5b5b5b5b5b5b5b5b5b5b5b5b5b5b5b5b
        12  8.8.8.8.8.8.8.8.  38aa38aa38aa38aa38aa38aa38aa38aa
        11  .8.8.8.8.8.8.8.8  aa38aa38aa38aa38aa38aa38aa38aa38
# epoch 19860  H=7.5128 C=7.2855 HO=0.2273  A(t)=541
        82  zzzzzzzzzzzzzzzz  7a7a7a7a7a7a7a7a7a7a7a7a7a7a7a7a
        46  ................  eeeeeeeeeeeeeeeeeeeeeeeeeeeeeeee
        46  oooooooooooooooo  6f6f6f6f6f6f6f6f6f6f6f6f6f6f6f6f
        37  ................  0d0d0d0d0d0d0d0d0d0d0d0d0d0d0d0d
        34  ................  84848484848484848484848484848484
        25  ................  a1a1a1a1a1a1a1a1a1a1a1a1a1a1a1a1
        25  5555555555555555  35353535353535353535353535353535
        24  [[[[[[[[[[[[[[[[  5b5b5b5b5b5b5b5b5b5b5b5b5b5b5b5b
        12  8.8.8.8.8.8.8.8.  38aa38aa38aa38aa38aa38aa38aa38aa
        11  .8.8.8.8.8.8.8.8  aa38aa38aa38aa38aa38aa38aa38aa38
# epoch 19880  H=7.5038 C=7.2866 HO=0.2172  A(t)=543
        63  zzzzzzzzzzzzzzzz  7a7a7a7a7a7a7a7a7a7a7a7a7a7a7a7a
        46  oooooooooooooooo  6f6f6f6f6f6f6f6f6f6f6f6f6f6f6f6f
        37  ................  0d0d0d0d0d0d0d0d0d0d0d0d0d0d0d0d
        28  ................  eeeeeeeeeeeeeeeeeeeeeeeeeeeeeeee
        25  ................  a1a1a1a1a1a1a1a1a1a1a1a1a1a1a1a1
        25  ................  84848484848484848484848484848484
        25  5555555555555555  35353535353535353535353535353535
        17  [[[[[[[[[[[[[[[[  5b5b5b5b5b5b5b5b5b5b5b5b5b5b5b5b
        12  8.8.8.8.8.8.8.8.  38aa38aa38aa38aa38aa38aa38aa38aa
        11  .8.8.8.8.8.8.8.8  aa38aa38aa38aa38aa38aa38aa38aa38
# epoch 19900  H=7.5042 C=7.2826 HO=0.2216  A(t)=543
        50  zzzzzzzzzzzzzzzz  7a7a7a7a7a7a7a7a7a7a7a7a7a7a7a7a
        46  oooooooooooooooo  6f6f6f6f6f6f6f6f6f6f6f6f6f6f6f6f
        43  rrrrrrrrrrrrrrrr  72727272727272727272727272727272
        37  ................  0d0d0d0d0d0d0d0d0d0d0d0d0d0d0d0d
        25  ................  a1a1a1a1a1a1a1a1a1a1a1a1a1a1a1a1
        25  ................  84848484848484848484848484848484
        23  ................  eeeeeeeeeeeeeeeeeeeeeeeeeeeeeeee
        13  5555555555555555  35353535353535353535353535353535
        11  ..<...<...<...<.  b79c3c9cb79c3c9cb79c3c9cb79c3c9c
        11  ...<...<...<...<  9cb79c3c9cb79c3c9cb79c3c9cb79c3c
# epoch 19920  H=7.5035 C=7.2975 HO=0.2060  A(t)=543
        42  rrrrrrrrrrrrrrrr  72727272727272727272727272727272
        42  oooooooooooooooo  6f6f6f6f6f6f6f6f6f6f6f6f6f6f6f6f
        31  zzzzzzzzzzzzzzzz  7a7a7a7a7a7a7a7a7a7a7a7a7a7a7a7a
        25  ................  84848484848484848484848484848484
        25  ................  0d0d0d0d0d0d0d0d0d0d0d0d0d0d0d0d
        24  ................  a1a1a1a1a1a1a1a1a1a1a1a1a1a1a1a1
        13  5555555555555555  35353535353535353535353535353535
         8  .<...<...<...<..  9c3c9cb79c3c9cb79c3c9cb79c3c9cb7
         7  ................  eeeeeeeeeeeeeeeeeeeeeeeeeeeeeeee
         7  ..<...<...<...<.  b79c3c9cb79c3c9cb79c3c9cb79c3c9c
# epoch 19940  H=7.5040 C=7.2997 HO=0.2043  A(t)=543
        42  rrrrrrrrrrrrrrrr  72727272727272727272727272727272
        31  zzzzzzzzzzzzzzzz  7a7a7a7a7a7a7a7a7a7a7a7a7a7a7a7a
        29  oooooooooooooooo  6f6f6f6f6f6f6f6f6f6f6f6f6f6f6f6f
        25  ||||||||||||||||  7c7c7c7c7c7c7c7c7c7c7c7c7c7c7c7c
        24  ................  a1a1a1a1a1a1a1a1a1a1a1a1a1a1a1a1
        19  ................  84848484848484848484848484848484
        13  5555555555555555  35353535353535353535353535353535
        13  ................  0d0d0d0d0d0d0d0d0d0d0d0d0d0d0d0d
         7  ..<...<...<...<.  b79c3c9cb79c3c9cb79c3c9cb79c3c9c
         7  ................  afafafafafafafafafafafafafafafaf
# epoch 19960  H=7.5128 C=7.3187 HO=0.1941  A(t)=543
        31  zzzzzzzzzzzzzzzz  7a7a7a7a7a7a7a7a7a7a7a7a7a7a7a7a
        28  oooooooooooooooo  6f6f6f6f6f6f6f6f6f6f6f6f6f6f6f6f
        25  rrrrrrrrrrrrrrrr  72727272727272727272727272727272
        24  ||||||||||||||||  7c7c7c7c7c7c7c7c7c7c7c7c7c7c7c7c
        20  ................  a1a1a1a1a1a1a1a1a1a1a1a1a1a1a1a1
        19  ................  84848484848484848484848484848484
        13  5555555555555555  35353535353535353535353535353535
        13  ................  0d0d0d0d0d0d0d0d0d0d0d0d0d0d0d0d
         7  ..<...<...<...<.  b79c3c9cb79c3c9cb79c3c9cb79c3c9c
         7  ................  afafafafafafafafafafafafafafafaf
# epoch 19980  H=7.5232 C=7.3171 HO=0.2061  A(t)=547
        48  ................  1d1d1d1d1d1d1d1d1d1d1d1d1d1d1d1d
        31  zzzzzzzzzzzzzzzz  7a7a7a7a7a7a7a7a7a7a7a7a7a7a7a7a
        26  oooooooooooooooo  6f6f6f6f6f6f6f6f6f6f6f6f6f6f6f6f
        24  ||||||||||||||||  7c7c7c7c7c7c7c7c7c7c7c7c7c7c7c7c
        22  rrrrrrrrrrrrrrrr  72727272727272727272727272727272
        19  ................  84848484848484848484848484848484
        13  5555555555555555  35353535353535353535353535353535
        13  ................  0d0d0d0d0d0d0d0d0d0d0d0d0d0d0d0d
        12  ................  a1a1a1a1a1a1a1a1a1a1a1a1a1a1a1a1
         7  ..<...<...<...<.  b79c3c9cb79c3c9cb79c3c9cb79c3c9c
# epoch 20000  H=7.5172 C=7.3037 HO=0.2135  A(t)=547
        47  ................  89898989898989898989898989898989
        38  ................  1d1d1d1d1d1d1d1d1d1d1d1d1d1d1d1d
        31  zzzzzzzzzzzzzzzz  7a7a7a7a7a7a7a7a7a7a7a7a7a7a7a7a
        30  ................  0c0c0c0c0c0c0c0c0c0c0c0c0c0c0c0c
        26  oooooooooooooooo  6f6f6f6f6f6f6f6f6f6f6f6f6f6f6f6f
        24  ||||||||||||||||  7c7c7c7c7c7c7c7c7c7c7c7c7c7c7c7c
        22  rrrrrrrrrrrrrrrr  72727272727272727272727272727272
        19  ................  84848484848484848484848484848484
        13  5555555555555555  35353535353535353535353535353535
        13  ................  0d0d0d0d0d0d0d0d0d0d0d0d0d0d0d0d
