epoch,wall_s,sim_s,entropy_bits,comp_bits,high_order_entropy,brotli2_bits,zlib_bits,hoe_zlib,mean_steps,frac_copy_runs,frac_steps_in_loop,ops_per_run,frac_term_budget,frac_term_off_region,frac_term_unmatched,runs,steps,mutations,distinct_windows,n_persistent,A_t,n_persistent_naive,A_t_naive
0,0.052,0.0,7.997125,8.000488,-0.003364,8.000488,8.003174,-0.006049,0.0,0.0,0.0,0.0,0.0,0.0,0.0,0,0,0,65536,0,0,0,0
50,0.726,0.619,7.995097,8.000488,-0.005391,8.000488,8.003174,-0.008077,1683.0752,0.0,0.937596,128.516,0.185371,0.591562,0.223066,51200,86173449,811,65536,0,0,0,0
100,1.443,1.287,7.992206,8.000488,-0.008283,8.000488,8.003174,-0.010968,1889.5573,0.0,0.945966,143.7262,0.211465,0.543242,0.245293,51200,96745332,804,65536,0,0,0,0
150,2.164,1.958,7.989177,8.000488,-0.011311,8.000488,8.003174,-0.013997,1923.5257,0.0,0.947637,148.0817,0.215664,0.531719,0.252617,51200,98484517,765,65536,0,0,0,0
200,2.884,2.65,7.986533,8.000488,-0.013956,8.000488,8.003174,-0.016641,1974.9665,0.0,0.949835,161.8551,0.223145,0.506621,0.270234,51200,101118286,826,65536,0,0,0,0
250,3.587,3.304,7.983637,8.000488,-0.016851,8.000488,8.003174,-0.019536,1969.9702,0.0,0.949953,164.9273,0.221699,0.496836,0.281465,51200,100862472,784,65536,0,0,0,0
300,4.344,4.011,7.981698,8.000488,-0.01879,8.000488,8.003174,-0.021476,2031.5557,0.0,0.951715,167.9606,0.228926,0.492422,0.278652,51200,104015651,814,65536,0,0,0,0
350,5.122,4.737,7.980653,8.000488,-0.019835,8.000488,8.003174,-0.022521,2076.6504,0.0,0.952572,165.7237,0.234121,0.488477,0.277402,51200,106324499,797,65536,0,0,0,0
400,5.898,5.462,7.979313,8.000488,-0.021175,8.000488,8.003174,-0.02386,2037.4993,0.0,0.951845,162.8769,0.228809,0.486758,0.284434,51200,104319966,795,65536,0,0,0,0
450,6.668,6.185,7.979419,8.000488,-0.021069,8.000488,8.003174,-0.023755,2027.576,0.0,0.951398,160.5915,0.227617,0.490898,0.281484,51200,103811892,826,65536,0,0,0,0
500,7.431,6.891,7.978827,8.000488,-0.021662,8.000488,8.003174,-0.024347,2051.1106,0.0,0.951799,161.3222,0.23043,0.494395,0.275176,51200,105016863,775,65536,0,0,0,0
550,8.156,7.589,7.979236,8.000488,-0.021253,8.000488,8.003174,-0.023938,1988.244,0.0,0.950658,153.0738,0.222441,0.487539,0.29002,51200,101798094,781,65536,0,0,0,0
600,8.752,8.136,7.978684,8.000488,-0.021804,8.000488,8.002686,-0.024002,2045.5659,0.0,0.952127,148.1503,0.230371,0.481582,0.288047,51200,104732975,766,65536,0,0,0,0
650,9.489,8.815,7.977939,8.000488,-0.02255,8.000488,8.002197,-0.024259,1967.434,0.0,0.95009,145.8595,0.219766,0.491172,0.289062,51200,100732620,781,65536,0,0,0,0
700,10.283,9.563,7.97768,8.000488,-0.022809,8.000488,8.002075,-0.024396,2002.1983,0.0,0.951067,148.9295,0.22502,0.484121,0.290859,51200,102512554,741,65536,0,0,0,0
750,11.095,10.318,7.978357,8.000488,-0.022131,8.000488,8.002319,-0.023962,1991.1141,0.0,0.951124,151.7853,0.225234,0.474355,0.30041,51200,101945042,776,65536,0,0,0,0
800,11.848,11.023,7.978556,8.000488,-0.021933,8.000488,8.002808,-0.024252,2009.4045,0.0,0.951112,151.0636,0.226406,0.484766,0.288828,51200,102881508,750,65536,0,0,0,0
850,12.6,11.722,7.978259,8.000488,-0.022229,8.000488,8.002441,-0.024182,1984.3149,0.0,0.950632,148.306,0.22332,0.481914,0.294766,51200,101596923,800,65536,0,0,0,0
900,13.363,12.436,7.979187,8.000488,-0.021301,8.000488,8.002808,-0.02362,1999.6742,0.0,0.9509,148.8463,0.225762,0.479375,0.294863,51200,102383321,788,65536,0,0,0,0
950,14.107,13.125,7.97799,8.000488,-0.022499,8.000488,8.002197,-0.024208,2006.6924,0.0,0.950958,146.9688,0.225938,0.479922,0.294141,51200,102742651,799,65536,0,0,0,0
1000,14.748,13.742,7.978293,8.000488,-0.022195,8.000488,8.002319,-0.024026,1997.4154,0.0,0.95086,152.8232,0.226113,0.47873,0.295156,51200,102267667,871,65536,0,0,0,0
1050,15.18,14.149,7.978655,8.000488,-0.021833,8.000488,8.002563,-0.023908,1994.2373,0.0,0.951064,148.0799,0.226504,0.471367,0.302129,51200,102104952,790,65536,0,0,0,0
1100,15.646,14.59,7.978635,8.000488,-0.021853,8.000488,8.002563,-0.023929,1964.622,0.0,0.950022,139.0669,0.222031,0.480078,0.297891,51200,100588646,820,65536,0,0,0,0
1150,16.309,15.19,7.979038,8.000488,-0.02145,8.000488,8.003174,-0.024136,1951.4502,0.0,0.949782,137.8959,0.221133,0.476426,0.302441,51200,99914250,780,65536,0,0,0,0
1200,16.818,15.651,7.978997,8.000488,-0.021492,8.000488,8.002075,-0.023079,1946.861,0.0,0.949885,137.4144,0.221055,0.468535,0.31041,51200,99679283,821,65536,0,0,0,0
1250,17.548,16.332,7.979474,8.000488,-0.021014,8.000488,8.003174,-0.0237,1984.1706,0.0,0.951057,141.9148,0.226191,0.467715,0.306094,51200,101589536,804,65536,0,0,0,0
1300,17.993,16.735,7.978815,8.000488,-0.021673,8.000488,8.003174,-0.024359,1978.4864,0.0,0.951159,144.5024,0.225098,0.463594,0.311309,51200,101298506,774,65536,0,0,0,0
1350,18.626,17.344,7.978643,8.000488,-0.021845,8.000488,8.002441,-0.023798,2007.4233,0.0,0.951954,149.243,0.227754,0.458965,0.313281,51200,102780075,809,65536,0,0,0,0
1400,19.219,17.909,7.978474,8.000488,-0.022014,8.000488,8.002563,-0.024089,2068.0077,0.0,0.953653,162.1164,0.235,0.450371,0.314629,51200,105881996,772,65536,0,0,0,0
1450,19.745,18.386,7.977051,8.000488,-0.023437,8.000488,8.001709,-0.024658,2071.5917,0.0,0.953681,172.685,0.235352,0.450176,0.314473,51200,106065493,807,65536,0,0,0,0
1500,20.519,19.112,7.976377,8.000488,-0.024111,8.000488,8.000366,-0.023989,2119.6698,0.0,0.954566,176.537,0.24043,0.452363,0.307207,51200,108527092,802,65536,0,0,0,0
1550,21.082,19.628,7.97644,8.000488,-0.024048,8.000488,8.000366,-0.023926,2074.8514,0.0,0.953461,172.7982,0.23418,0.458906,0.306914,51200,106232391,807,65536,0,0,0,0
1600,21.698,20.22,7.976785,8.000488,-0.023704,8.000488,8.00061,-0.023826,2072.938,0.0,0.952779,175.0096,0.234219,0.473262,0.29252,51200,106134426,794,65536,0,0,0,0
1650,22.167,20.66,7.976772,8.000488,-0.023716,8.000488,8.000977,-0.024205,2119.2074,0.0,0.953727,174.87,0.239688,0.475234,0.285078,51200,108503418,777,65536,0,0,0,0
1700,22.829,21.296,7.97708,8.000488,-0.023408,8.000488,8.001953,-0.024873,2143.5743,0.0,0.954275,173.1041,0.243984,0.472988,0.283027,51200,109751002,777,65536,0,0,0,0
1750,23.421,21.864,7.976969,8.000488,-0.023519,8.000488,8.001465,-0.024496,2146.8516,0.0,0.954213,169.2401,0.243203,0.474473,0.282324,51200,109918804,796,65536,0,0,0,0
1800,23.934,22.328,7.977696,8.000488,-0.022792,8.000488,8.001953,-0.024257,2205.8584,0.0,0.955478,181.8092,0.250605,0.470645,0.27875,51200,112939949,832,65536,0,0,0,0
1850,24.519,22.853,7.978573,8.000488,-0.021916,8.000488,8.002197,-0.023625,2219.0264,0.0,0.95591,181.3391,0.251816,0.465996,0.282188,51200,113614152,797,65536,0,0,0,0
1900,25.017,23.328,7.978455,8.000488,-0.022033,8.000488,8.002197,-0.023742,2209.7139,0.0,0.955647,171.5573,0.248906,0.475059,0.276035,51200,113137351,795,65536,0,0,0,0
1950,25.506,23.776,7.97844,8.000488,-0.022048,8.000488,8.003174,-0.024733,2248.2681,0.0,0.956443,178.3993,0.253633,0.476562,0.269805,51200,115111326,816,65536,0,0,0,0
2000,26.072,24.306,7.978667,8.000488,-0.021821,8.000488,8.003174,-0.024507,2218.0033,0.0,0.95543,167.8796,0.248535,0.48748,0.263984,51200,113561769,776,65536,0,0,0,0
2050,26.773,24.94,7.978635,8.000488,-0.021854,8.000488,8.002808,-0.024173,2202.3385,0.0,0.955123,165.2012,0.246055,0.485312,0.268633,51200,112759729,748,65536,0,0,0,0
2100,27.456,25.587,7.979225,8.000488,-0.021263,8.000488,8.002319,-0.023094,2268.1497,0.0,0.956543,177.7484,0.256211,0.482305,0.261484,51200,116129264,818,65536,0,0,0,0
2150,27.849,25.956,7.978198,8.000488,-0.02229,8.000488,8.001831,-0.023633,2179.1309,0.0,0.954656,169.2637,0.245059,0.486934,0.268008,51200,111571500,735,65536,0,0,0,0
2200,28.365,26.448,7.977428,8.000488,-0.023061,8.000488,8.001587,-0.024159,2163.3294,0.0,0.954393,172.1421,0.24168,0.488477,0.269844,51200,110762465,754,65536,0,0,0,0
2250,28.762,26.82,7.976982,8.000488,-0.023506,8.000488,8.001465,-0.024483,2157.9268,0.0,0.954464,181.6399,0.241562,0.482285,0.276152,51200,110485852,776,65536,0,0,0,0
2300,29.463,27.496,7.977271,8.000488,-0.023217,8.000488,8.001221,-0.02395,2151.4315,0.0,0.9545,197.9793,0.240703,0.478047,0.28125,51200,110153295,782,65536,0,0,0,0
2350,30.018,28.027,7.97713,8.000488,-0.023359,8.000488,8.001221,-0.024091,2127.683,0.0,0.954015,196.5716,0.237852,0.479023,0.283125,51200,108937368,771,65536,0,0,0,0
2400,30.67,28.631,7.977688,8.000488,-0.0228,8.000488,8.001343,-0.023654,2161.7302,0.0,0.954763,201.8312,0.242305,0.479707,0.277988,51200,110680584,745,65536,0,0,0,0
2450,31.24,29.164,7.977607,8.000488,-0.022881,8.000488,8.001343,-0.023736,2214.8945,0.0,0.955864,211.1002,0.249121,0.473887,0.276992,51200,113402596,764,65536,0,0,0,0
2500,31.801,29.673,7.977414,8.000488,-0.023075,8.000488,8.001465,-0.024051,2162.4062,0.0,0.95448,216.1054,0.243008,0.48752,0.269473,51200,110715197,764,65536,0,0,0,0
2550,32.318,30.142,7.978055,8.000488,-0.022433,8.000488,8.001831,-0.023776,2163.0261,0.0,0.954573,216.4244,0.244023,0.482188,0.273789,51200,110746937,799,65536,0,0,0,0
2600,32.871,30.65,7.978104,8.000488,-0.022384,8.000488,8.001831,-0.023727,2174.1364,0.0,0.955045,221.5125,0.244863,0.479258,0.275879,51200,111315786,799,65536,0,0,0,0
2650,33.467,31.198,7.978672,8.000488,-0.021816,8.000488,8.002808,-0.024135,2165.99,0.0,0.954816,213.1892,0.243867,0.477207,0.278926,51200,110898687,837,65536,0,0,0,0
2700,34.017,31.7,7.978807,8.000488,-0.021682,8.000488,8.00293,-0.024123,2188.198,0.0,0.955336,213.6961,0.245273,0.470332,0.284395,51200,112035740,813,65536,0,0,0,0
2750,34.477,32.136,7.978398,8.000488,-0.022091,8.000488,8.002808,-0.02441,2245.0021,0.0,0.956495,205.4824,0.253047,0.465527,0.281426,51200,114944108,747,65536,0,0,0,0
2800,35.226,32.835,7.977995,8.000488,-0.022494,8.000488,8.002808,-0.024813,2225.6167,0.0,0.956068,193.3689,0.249141,0.468145,0.282715,51200,113951575,794,65536,0,0,0,0
2850,35.842,33.403,7.977671,8.000488,-0.022817,8.000488,8.002563,-0.024892,2206.0748,0.0,0.955845,196.082,0.247109,0.465742,0.287148,51200,112951031,749,65536,0,0,0,0
2900,36.367,33.903,7.978515,8.000488,-0.021973,8.000488,8.002563,-0.024049,2230.9716,0.0,0.95661,208.7156,0.250352,0.462207,0.287441,51200,114225748,821,65536,0,0,0,0
2950,37.066,34.532,7.978639,8.000488,-0.021849,8.000488,8.00293,-0.02429,2234.2192,0.0,0.956382,218.5061,0.249531,0.469414,0.281055,51200,114392023,835,65536,0,0,0,0
3000,37.805,35.247,7.978801,8.000488,-0.021687,8.000488,8.00293,-0.024128,2215.0467,0.0,0.955777,215.9535,0.247773,0.477578,0.274648,51200,113410389,823,65536,0,0,0,0
3050,38.242,35.643,7.97894,8.000488,-0.021548,8.000488,8.002808,-0.023868,2209.6802,0.0,0.955846,213.761,0.247129,0.474375,0.278496,51200,113135624,775,65536,0,0,0,0
3100,38.889,36.266,7.978728,8.000488,-0.02176,8.000488,8.003174,-0.024446,2211.1839,0.0,0.955994,213.6309,0.24877,0.467988,0.283242,51200,113212617,823,65536,0,0,0,0
3150,39.441,36.793,7.978224,8.000488,-0.022264,8.000488,8.001953,-0.023729,2237.2158,0.0,0.956859,220.9371,0.252129,0.4625,0.285371,51200,114545450,781,65536,0,0,0,0
3200,40.062,37.39,7.978833,8.000488,-0.021655,8.000488,8.002441,-0.023608,2216.8975,0.0,0.95641,222.7363,0.24916,0.465156,0.285684,51200,113505154,853,65536,0,0,0,0
3250,40.482,37.786,7.978619,8.000488,-0.02187,8.000488,8.002808,-0.024189,2200.8301,0.0,0.95619,203.2011,0.247617,0.460781,0.291602,51200,112682502,767,65536,0,0,0,0
3300,41.202,38.481,7.978528,8.000488,-0.021961,8.000488,8.002197,-0.02367,2179.4316,0.0,0.955464,196.0337,0.244141,0.461504,0.294355,51200,111586896,791,65536,0,0,0,0
3350,41.728,38.978,7.978191,8.000488,-0.022298,8.000488,8.001831,-0.02364,2182.398,0.0,0.955505,190.7516,0.246602,0.460527,0.292871,51200,111738776,790,65536,0,0,0,0
3400,42.266,39.467,7.977571,8.000488,-0.022917,8.000488,8.001221,-0.02365,2204.4549,0.0,0.955922,196.1826,0.250078,0.459355,0.290566,51200,112868090,770,65536,0,0,0,0
3450,42.789,39.939,7.977548,8.000488,-0.02294,8.000488,8.001831,-0.024283,2222.6314,0.0,0.956028,197.6696,0.251777,0.46125,0.286973,51200,113798726,801,65536,0,0,0,0
3500,43.417,40.519,7.977289,8.000488,-0.023199,8.000488,8.001099,-0.023809,2190.7754,0.0,0.955367,192.0059,0.248555,0.463359,0.288086,51200,112167699,767,65536,0,0,0,0
3550,44.157,41.197,7.978248,8.000488,-0.02224,8.000488,8.002441,-0.024193,2205.8113,0.0,0.955718,194.0424,0.249902,0.463047,0.287051,51200,112937538,773,65536,0,0,0,0
3600,44.74,41.755,7.977606,8.000488,-0.022882,8.000488,8.001953,-0.024347,2152.6346,0.0,0.954399,184.2128,0.244492,0.467559,0.287949,51200,110214892,746,65536,0,0,0,0
3650,45.417,42.408,7.978466,8.000488,-0.022022,8.000488,8.002319,-0.023853,2217.9812,0.0,0.95588,185.5479,0.250586,0.464023,0.285391,51200,113560637,772,65536,0,0,0,0
3700,45.922,42.889,7.978164,8.000488,-0.022325,8.000488,8.002075,-0.023912,2195.9619,0.0,0.955581,179.1923,0.248848,0.460801,0.290352,51200,112433251,761,65536,0,0,0,0
3750,46.57,43.512,7.977453,8.000488,-0.023035,8.000488,8.001343,-0.02389,2202.8948,0.0,0.955942,182.069,0.248906,0.456797,0.294297,51200,112788216,798,65536,0,0,0,0
3800,47.066,43.984,7.97708,8.000488,-0.023409,8.000488,8.001221,-0.024141,2232.708,0.0,0.956438,177.109,0.252891,0.456523,0.290586,51200,114314651,756,65536,0,0,0,0
3850,47.568,44.463,7.977403,8.000488,-0.023086,8.000488,8.001465,-0.024062,2254.7616,0.0,0.956649,177.9368,0.25627,0.460625,0.283105,51200,115443793,756,65536,0,0,0,0
3900,48.07,44.939,7.977799,8.000488,-0.02269,8.000488,8.002197,-0.024399,2239.0361,0.0,0.956292,175.4862,0.254512,0.458789,0.286699,51200,114638648,787,65536,0,0,0,0
3950,48.747,45.591,7.977162,8.000488,-0.023326,8.000488,8.001343,-0.024181,2281.1898,0.0,0.957252,179.2066,0.260039,0.45377,0.286191,51200,116796919,810,65536,0,0,0,0
4000,49.393,46.213,7.977162,8.000488,-0.023327,8.000488,8.001587,-0.024425,2282.2909,0.0,0.957259,181.122,0.259785,0.456816,0.283398,51200,116853294,801,65536,0,0,0,0
4050,49.947,46.744,7.977453,8.000488,-0.023035,8.000488,8.001831,-0.024378,2287.51,0.0,0.957617,180.1518,0.259961,0.452578,0.287461,51200,117120514,797,65536,0,0,0,0
4100,50.512,47.284,7.977205,8.000488,-0.023283,8.000488,8.001709,-0.024503,2265.0613,0.0,0.957061,179.5322,0.256797,0.460039,0.283164,51200,115971138,780,65536,0,0,0,0
4150,51.113,47.861,7.977733,8.000488,-0.022755,8.000488,8.001343,-0.02361,2294.7278,0.0,0.957576,181.0214,0.261562,0.456387,0.282051,51200,117490063,719,65536,0,0,0,0
4200,51.57,48.294,7.978428,8.000488,-0.02206,8.000488,8.002808,-0.024379,2313.0465,0.0,0.957782,175.6226,0.2625,0.454355,0.283145,51200,118427979,802,65536,0,0,0,0
4250,52.251,48.926,7.977715,8.000488,-0.022774,8.000488,8.002197,-0.024483,2325.0227,0.0,0.957944,179.5028,0.26416,0.459316,0.276523,51200,119041160,765,65536,0,0,0,0
4300,52.809,49.436,7.977846,8.000488,-0.022642,8.000488,8.001953,-0.024107,2302.5396,0.0,0.957399,176.9067,0.261602,0.463496,0.274902,51200,117890029,774,65536,0,0,0,0
4350,53.404,49.998,7.977849,8.000488,-0.02264,8.000488,8.001465,-0.023616,2299.0127,0.0,0.957015,175.3792,0.260957,0.470039,0.269004,51200,117709448,740,65536,0,0,0,0
4400,53.921,50.49,7.977766,8.000488,-0.022722,8.000488,8.001587,-0.02382,2291.1691,0.0,0.956815,172.6944,0.259375,0.467383,0.273242,51200,117307856,773,65536,0,0,0,0
4450,54.5,51.044,7.977984,8.000488,-0.022505,8.000488,8.001831,-0.023847,2262.5277,0.0,0.956011,148.4399,0.256289,0.476152,0.267559,51200,115841419,793,65536,0,0,0,0
4500,54.954,51.474,7.978624,8.000488,-0.021864,8.000488,8.001953,-0.023329,2311.6831,0.0,0.957195,153.2081,0.262891,0.47166,0.265449,51200,118358174,768,65536,0,0,0,0
4550,55.54,52.036,7.979185,8.000488,-0.021304,8.000488,8.002686,-0.023501,2285.8557,0.0,0.956711,160.1197,0.259277,0.472559,0.268164,51200,117035813,868,65536,0,0,0,0
4600,56.294,52.766,7.978872,8.000488,-0.021616,8.000488,8.001953,-0.023081,2277.7403,0.0,0.956667,165.6491,0.256465,0.471719,0.271816,51200,116620302,860,65536,0,0,0,0
4650,56.861,53.308,7.978499,8.000488,-0.02199,8.000488,8.001953,-0.023454,2245.5864,0.0,0.956217,167.8743,0.253027,0.466035,0.280938,51200,114974025,771,65536,0,0,0,0
4700,57.415,53.838,7.97839,8.000488,-0.022099,8.000488,8.001709,-0.023319,2247.7711,0.0,0.956287,176.5178,0.252578,0.467949,0.279473,51200,115085881,784,65536,0,0,0,0
4750,58.012,54.385,7.97824,8.000488,-0.022248,8.000488,8.001587,-0.023347,2228.5672,0.0,0.955477,170.646,0.249395,0.478887,0.271719,51200,114102642,740,65536,0,0,0,0
4800,58.526,54.871,7.978434,8.000488,-0.022055,8.000488,8.001709,-0.023275,2223.8372,0.0,0.955381,173.7162,0.24875,0.478828,0.272422,51200,113860466,746,65536,0,0,0,0
4850,59.147,55.447,7.977102,8.000488,-0.023386,8.000488,8.000977,-0.023874,2206.4056,0.0,0.954708,175.3464,0.24666,0.487891,0.265449,51200,112967967,801,65536,0,0,0,0
4900,59.744,55.99,7.977525,8.000488,-0.022963,8.000488,8.000854,-0.023329,2212.5849,0.0,0.954717,176.164,0.247363,0.487969,0.264668,51200,113284345,763,65536,0,0,0,0
4950,60.247,56.452,7.977399,8.000488,-0.023089,8.000488,8.000732,-0.023334,2198.2779,0.0,0.95478,170.2178,0.246152,0.48457,0.269277,51200,112551827,799,65536,0,0,0,0
5000,60.811,56.981,7.977475,8.000488,-0.023013,8.000488,8.000977,-0.023502,2233.4254,0.0,0.955362,162.2896,0.25082,0.485898,0.263281,51200,114351383,791,65536,0,0,0,0
5050,61.33,57.446,7.97787,8.000488,-0.022618,8.000488,8.001099,-0.023229,2238.9498,0.0,0.955005,170.6895,0.251113,0.49498,0.253906,51200,114634229,754,65536,0,0,0,0
5100,61.934,57.998,7.977816,8.000488,-0.022673,8.000488,8.000977,-0.023161,2285.1629,0.0,0.955921,180.1668,0.256738,0.498164,0.245098,51200,117000343,774,65536,0,0,0,0
5150,62.562,58.572,7.978373,8.000488,-0.022115,8.000488,8.001587,-0.023214,2229.028,0.0,0.9547,174.0442,0.24918,0.50207,0.24875,51200,114126233,757,65536,0,0,0,0
5200,63.227,59.188,7.978317,8.000488,-0.022171,8.000488,8.001221,-0.022904,2268.2056,0.0,0.955563,177.897,0.254434,0.496465,0.249102,51200,116132125,733,65536,0,0,0,0
5250,63.83,59.747,7.978415,8.000488,-0.022073,8.000488,8.001587,-0.023172,2279.8033,0.0,0.956038,179.2321,0.256738,0.490332,0.25293,51200,116725930,765,65536,0,0,0,0
5300,64.415,60.299,7.978412,8.000488,-0.022076,8.000488,8.000977,-0.022564,2253.7505,0.0,0.955431,175.0198,0.25377,0.49168,0.254551,51200,115392025,729,65536,0,0,0,0
5350,65.126,60.96,7.979222,8.000488,-0.021266,8.000488,8.001587,-0.022365,2199.4611,0.0,0.954199,169.8532,0.246016,0.494531,0.259453,51200,112612406,811,65536,0,0,0,0
5400,65.934,61.744,7.978304,8.000488,-0.022184,8.000488,8.001221,-0.022917,2235.526,0.0,0.954972,168.6411,0.250449,0.490996,0.258555,51200,114458932,824,65536,0,0,0,0
5450,66.433,62.219,7.978276,8.000488,-0.022212,8.000488,8.000977,-0.0227,2152.4002,0.0,0.953029,156.1532,0.24002,0.499707,0.260273,51200,110202889,813,65536,0,0,0,0
5500,66.877,62.614,7.978127,8.000488,-0.022362,8.000488,8.000854,-0.022728,2133.9004,0.0,0.952828,156.7871,0.236055,0.500293,0.263652,51200,109255703,806,65536,0,0,0,0
5550,67.336,63.048,7.978596,8.000488,-0.021893,8.000488,8.001587,-0.022991,2093.9067,0.0,0.952037,154.5075,0.231172,0.501855,0.266973,51200,107208024,796,65536,0,0,0,0
5600,67.855,63.542,7.978345,8.000488,-0.022143,8.000488,8.000854,-0.022509,2077.9521,0.0,0.951548,154.359,0.228848,0.505508,0.265645,51200,106391150,786,65536,0,0,0,0
5650,68.326,63.988,7.97803,8.000488,-0.022458,8.000488,8.000854,-0.022824,2071.5162,0.0,0.951544,154.4491,0.227754,0.502832,0.269414,51200,106061628,779,65536,0,0,0,0
5700,68.843,64.457,7.977255,8.000488,-0.023233,8.000488,8.00061,-0.023355,2032.0896,0.0,0.950638,152.2657,0.224668,0.502695,0.272637,51200,104042985,799,65536,0,0,0,0
5750,69.23,64.82,7.977069,8.000488,-0.023419,8.000488,8.000732,-0.023663,2045.1216,0.0,0.951329,147.6115,0.226465,0.496934,0.276602,51200,104710224,787,65536,0,0,0,0
5800,69.763,65.328,7.97716,8.000488,-0.023329,8.000488,8.000366,-0.023207,2052.1932,0.0,0.951385,138.9771,0.227969,0.500762,0.27127,51200,105072293,722,65536,0,0,0,0
5850,70.367,65.907,7.977321,8.000488,-0.023168,8.000488,8.000732,-0.023412,2041.8909,0.0,0.951521,142.4667,0.227891,0.490078,0.282031,51200,104544814,835,65536,0,0,0,0
5900,70.883,66.368,7.976844,8.000488,-0.023644,8.000488,8.00061,-0.023766,2024.6043,0.0,0.951075,140.3989,0.226602,0.492266,0.281133,51200,103659739,810,65536,0,0,0,0
5950,71.363,66.818,7.977513,8.000488,-0.022976,8.000488,8.001465,-0.023952,1984.8204,0.0,0.950044,133.7549,0.222754,0.496621,0.280625,51200,101622806,803,65536,0,0,0,0
6000,71.806,67.237,7.978082,8.000488,-0.022406,8.000488,8.001343,-0.02326,2023.8825,0.0,0.950755,135.9496,0.227129,0.498086,0.274785,51200,103622786,772,65536,0,0,0,0
6050,72.345,67.75,7.977976,8.000488,-0.022513,8.000488,8.001587,-0.023611,2075.1323,0.0,0.951845,138.2339,0.231543,0.499512,0.268945,51200,106246773,796,65536,0,0,0,0
6100,72.829,68.205,7.978101,8.000488,-0.022387,8.000488,8.001709,-0.023608,2065.4917,0.0,0.951642,139.183,0.230684,0.501777,0.267539,51200,105753173,807,65536,0,0,0,0
6150,73.243,68.594,7.97781,8.000488,-0.022678,8.000488,8.001831,-0.024021,2052.4294,0.0,0.951746,133.9201,0.231152,0.493457,0.275391,51200,105084384,818,65536,0,0,0,0
6200,73.938,69.264,7.978111,8.000488,-0.022377,8.000488,8.001587,-0.023476,2093.0086,0.0,0.952419,134.6492,0.236406,0.496074,0.26752,51200,107162042,777,65536,0,0,0,0
6250,74.477,69.76,7.977883,8.000488,-0.022605,8.000488,8.001465,-0.023582,2050.5848,0.0,0.951431,136.2052,0.230137,0.495605,0.274258,51200,104989940,796,65536,0,0,0,0
6300,74.907,70.165,7.977586,8.000488,-0.022903,8.000488,8.001953,-0.024367,2045.3499,0.0,0.951316,142.2048,0.229238,0.495,0.275762,51200,104721916,745,65536,0,0,0,0
6350,75.456,70.689,7.977547,8.000488,-0.022941,8.000488,8.002075,-0.024528,2069.0954,0.0,0.952105,142.6604,0.232949,0.489355,0.277695,51200,105937686,780,65536,0,0,0,0
6400,76.002,71.21,7.977701,8.000488,-0.022788,8.000488,8.001709,-0.024008,2058.137,0.0,0.951789,137.5608,0.231523,0.488086,0.280391,51200,105376613,774,65536,0,0,0,0
6450,76.519,71.703,7.977875,8.000488,-0.022613,8.000488,8.001343,-0.023467,2094.0048,0.0,0.952442,140.5283,0.235938,0.488789,0.275273,51200,107213047,746,65536,0,0,0,0
6500,77.007,72.166,7.977894,8.000488,-0.022595,8.000488,8.001343,-0.023449,2066.7956,0.0,0.951984,140.5568,0.232285,0.484863,0.282852,51200,105819936,778,65536,0,0,0,0
6550,77.43,72.565,7.977797,8.000488,-0.022692,8.000488,8.000977,-0.02318,2048.6116,0.0,0.951903,143.5217,0.229688,0.481016,0.289297,51200,104888913,802,65536,0,0,0,0
6600,77.918,73.03,7.977402,8.000488,-0.023086,8.000488,8.000732,-0.02333,2046.0136,0.0,0.951747,144.5597,0.227734,0.485527,0.286738,51200,104755896,799,65536,0,0,0,0
6650,78.405,73.492,7.977493,8.000488,-0.022995,8.000488,8.000854,-0.023361,2050.007,0.0,0.951655,143.0491,0.229102,0.489082,0.281816,51200,104960358,738,65536,0,0,0,0
6700,78.903,73.965,7.97751,8.000488,-0.022979,8.000488,8.000977,-0.023467,2042.4657,0.0,0.951366,146.059,0.228145,0.492285,0.27957,51200,104574244,753,65536,0,0,0,0
6750,79.469,74.503,7.977569,8.000488,-0.02292,8.000488,8.001465,-0.023896,2065.3398,0.0,0.952046,150.2165,0.231504,0.483691,0.284805,51200,105745396,769,65536,0,0,0,0
6800,80.06,75.069,7.977472,8.000488,-0.023017,8.000488,8.001709,-0.024237,2086.3213,0.0,0.95259,146.1382,0.235469,0.480352,0.28418,51200,106819650,832,65536,0,0,0,0
6850,80.619,75.604,7.976462,8.000488,-0.024027,8.000488,8.000488,-0.024027,2041.1738,0.0,0.951685,137.2663,0.22959,0.481855,0.288555,51200,104508101,741,65536,0,0,0,0
6900,81.19,76.151,7.976131,8.000488,-0.024357,8.000488,8.00061,-0.024479,2034.2561,0.0,0.951532,137.8323,0.229355,0.484766,0.285879,51200,104153910,803,65536,0,0,0,0
6950,81.69,76.626,7.976072,8.000488,-0.024416,8.000488,8.000732,-0.02466,2046.991,0.0,0.95185,137.6634,0.230352,0.486895,0.282754,51200,104805941,792,65536,0,0,0,0
7000,82.065,76.977,7.976859,8.000488,-0.023629,8.000488,8.001343,-0.024484,2019.2876,0.0,0.950628,135.5606,0.225996,0.496055,0.277949,51200,103387527,764,65536,0,0,0,0
7050,82.555,77.414,7.97657,8.000488,-0.023918,8.000488,8.000977,-0.024406,2043.1009,0.0,0.951371,136.0067,0.228945,0.492051,0.279004,51200,104606766,761,65536,0,0,0,0
7100,83.085,77.92,7.976993,8.000488,-0.023495,8.000488,8.001343,-0.02435,1999.6217,0.0,0.950079,131.5707,0.223984,0.500039,0.275977,51200,102380629,789,65536,0,0,0,0
7150,83.685,78.495,7.977513,8.000488,-0.022975,8.000488,8.001709,-0.024196,2029.4557,0.0,0.950828,135.3873,0.228164,0.496953,0.274883,51200,103908133,783,65536,0,0,0,0
7200,84.076,78.862,7.977797,8.000488,-0.022691,8.000488,8.002197,-0.0244,2036.9031,0.0,0.951111,138.542,0.229102,0.501152,0.269746,51200,104289437,798,65536,0,0,0,0
7250,84.544,79.283,7.977829,8.000488,-0.022659,8.000488,8.001099,-0.023269,1999.5241,0.0,0.950301,136.6146,0.22582,0.498711,0.275469,51200,102375635,791,65536,0,0,0,0
7300,85.072,79.782,7.977655,8.000488,-0.022834,8.000488,8.001221,-0.023566,2006.2772,0.0,0.950478,139.2603,0.225449,0.500547,0.274004,51200,102721391,759,65536,0,0,0,0
7350,85.467,80.152,7.978022,8.000488,-0.022466,8.000488,8.001465,-0.023442,2054.5344,0.0,0.951529,140.3717,0.231289,0.50041,0.268301,51200,105192159,830,65536,0,0,0,0
7400,85.978,80.639,7.977885,8.000488,-0.022603,8.000488,8.001709,-0.023824,2025.8894,0.0,0.950423,136.1856,0.228555,0.513047,0.258398,51200,103725536,855,65536,0,0,0,0
7450,86.475,81.087,7.977878,8.000488,-0.022611,8.000488,8.001343,-0.023465,2006.1476,0.0,0.950069,133.8912,0.227324,0.508086,0.26459,51200,102714756,780,65536,0,0,0,0
7500,87.071,81.63,7.977761,8.000488,-0.022727,8.000488,8.001953,-0.024192,1976.1279,0.0,0.949592,132.9695,0.223164,0.502324,0.274512,51200,101177751,783,65536,0,0,0,0
7550,87.511,82.019,7.978589,8.000488,-0.021899,8.000488,8.002441,-0.023852,2006.4403,0.0,0.95037,135.6458,0.227305,0.503418,0.269277,51200,102729743,797,65536,0,0,0,0
7600,88.066,82.551,7.978078,8.000488,-0.022411,8.000488,8.001953,-0.023875,2096.5762,0.0,0.952587,143.6247,0.239297,0.497422,0.263281,51200,107344702,798,65536,0,0,0,0
7650,88.572,83.032,7.978222,8.000488,-0.022267,8.000488,8.001343,-0.023121,2036.0623,0.0,0.95073,135.3723,0.232266,0.502871,0.264863,51200,104246392,787,65536,0,0,0,0
7700,88.992,83.426,7.976801,8.000488,-0.023687,8.000488,8.001343,-0.024542,2027.4774,0.0,0.950624,133.4635,0.231074,0.501367,0.267559,51200,103806844,779,65536,0,0,0,0
7750,89.45,83.858,7.976918,8.000488,-0.023571,8.000488,8.001709,-0.024791,1958.3793,0.0,0.949156,128.2629,0.223555,0.499961,0.276484,51200,100269020,822,65536,0,0,0,0
7800,89.962,84.345,7.9761,8.000488,-0.024388,8.000488,8.00061,-0.02451,1951.8746,0.0,0.949188,128.0892,0.221836,0.49957,0.278594,51200,99935981,809,65536,0,0,0,0
7850,90.416,84.738,7.976528,8.000488,-0.02396,8.000488,8.000854,-0.024326,1944.8656,0.0,0.949001,129.1142,0.220254,0.496777,0.282969,51200,99577117,777,65536,0,0,0,0
7900,90.792,85.082,7.976377,8.000488,-0.024111,8.000488,8.000977,-0.024599,1889.5202,0.0,0.94736,126.3256,0.211738,0.500273,0.287988,51200,96743432,729,65536,0,0,0,0
7950,91.433,85.649,7.975942,8.000488,-0.024546,8.000488,8.000366,-0.024424,1883.8796,0.0,0.946952,124.0911,0.21127,0.505859,0.282871,51200,96454634,739,65536,0,0,0,0
8000,91.853,86.021,7.975701,8.000488,-0.024787,8.000488,8.000244,-0.024543,1835.4435,0.0,0.945674,120.3519,0.206523,0.507324,0.286152,51200,93974709,758,65536,0,0,0,0
8050,92.263,86.406,7.976271,8.000488,-0.024217,8.000488,8.000854,-0.024583,1794.1923,0.0,0.944575,116.1938,0.202031,0.507129,0.29084,51200,91862647,767,65536,0,0,0,0
8100,92.722,86.841,7.977054,8.000488,-0.023435,8.000488,8.001587,-0.024533,1796.4846,0.0,0.944663,118.3005,0.202402,0.504121,0.293477,51200,91980010,798,65536,0,0,0,0
8150,93.087,87.181,7.977251,8.000488,-0.023237,8.000488,8.001831,-0.02458,1788.7896,0.0,0.94468,122.058,0.200566,0.50459,0.294844,51200,91586027,784,65536,0,0,0,0
8200,93.611,87.664,7.977171,8.000488,-0.023317,8.000488,8.001465,-0.024294,1828.2304,0.0,0.946311,127.7477,0.205078,0.492891,0.302031,51200,93605396,805,65536,0,0,0,0
8250,94.002,88.031,7.977105,8.000488,-0.023383,8.000488,8.001587,-0.024482,1828.294,0.0,0.946195,126.6373,0.205273,0.493887,0.30084,51200,93608654,719,65536,0,0,0,0
8300,94.49,88.495,7.97794,8.000488,-0.022548,8.000488,8.002563,-0.024624,1874.7693,0.0,0.947826,136.7035,0.212402,0.483594,0.304004,51200,95988188,798,65536,0,0,0,0
8350,94.989,88.97,7.977602,8.000488,-0.022886,8.000488,8.002319,-0.024717,1897.0992,0.0,0.948256,152.5455,0.214805,0.489766,0.29543,51200,97131481,713,65536,0,0,0,0
8400,95.473,89.43,7.977887,8.000488,-0.022602,8.000488,8.001465,-0.023578,1929.6915,0.0,0.949106,172.3017,0.21959,0.488633,0.291777,51200,98800204,771,65536,0,0,0,0
8450,96.072,90.002,7.977756,8.000488,-0.022732,8.000488,8.001465,-0.023709,1941.8516,0.0,0.949387,171.2463,0.22,0.487715,0.292285,51200,99422802,786,65536,0,0,0,0
8500,96.542,90.447,7.97814,8.000488,-0.022349,8.000488,8.001831,-0.023691,1927.4416,0.0,0.949137,152.2661,0.218105,0.488652,0.293242,51200,98685009,804,65536,0,0,0,0
8550,97.054,90.91,7.97767,8.000488,-0.022818,8.000488,8.001953,-0.024283,1913.7518,0.0,0.949056,155.6722,0.215527,0.482656,0.301816,51200,97984090,817,65536,0,0,0,0
8600,97.579,91.411,7.977634,8.000488,-0.022854,8.000488,8.001953,-0.024319,1905.661,0.0,0.948735,161.4639,0.213984,0.485312,0.300703,51200,97569842,739,65536,0,0,0,0
8650,98.126,91.891,7.977154,8.000488,-0.023334,8.000488,8.002197,-0.025043,1898.9075,0.0,0.94859,160.967,0.213633,0.484473,0.301895,51200,97224064,781,65536,0,0,0,0
8700,98.588,92.328,7.977626,8.000488,-0.022863,8.000488,8.002441,-0.024816,1923.5847,0.0,0.949057,156.5825,0.216973,0.484902,0.298125,51200,98487536,770,65536,0,0,0,0
8750,99.079,92.77,7.977334,8.000488,-0.023154,8.000488,8.002197,-0.024863,1894.6015,0.0,0.948262,157.9045,0.211426,0.485996,0.302578,51200,97003595,828,65536,0,0,0,0
8800,99.612,93.256,7.977302,8.000488,-0.023186,8.000488,8.002441,-0.02514,1965.1236,0.0,0.949913,160.3379,0.220078,0.483047,0.296875,51200,100614330,785,65536,0,0,0,0
8850,100.225,93.84,7.977019,8.000488,-0.023469,8.000488,8.001709,-0.02469,1965.9941,0.0,0.95023,161.8048,0.222148,0.47709,0.300762,51200,100658900,789,65536,0,0,0,0
8900,100.853,94.444,7.976828,8.000488,-0.02366,8.000488,8.001587,-0.024759,1955.9542,0.0,0.949561,158.4443,0.220566,0.48584,0.293594,51200,100144854,776,65536,0,0,0,0
8950,101.237,94.804,7.976257,8.000488,-0.024232,8.000488,8.001221,-0.024964,2013.4819,0.0,0.951253,162.6108,0.226016,0.477031,0.296953,51200,103090271,824,65536,0,0,0,0
9000,101.8,95.313,7.976486,8.000488,-0.024002,8.000488,8.001587,-0.025101,2009.2124,0.0,0.950963,161.9466,0.225586,0.479648,0.294766,51200,102871677,754,65536,0,0,0,0
9050,102.441,95.925,7.976831,8.000488,-0.023657,8.000488,8.001709,-0.024878,2038.1892,0.0,0.952003,164.3413,0.230723,0.472773,0.296504,51200,104355288,826,65536,0,0,0,0
9100,102.975,96.435,7.976904,8.000488,-0.023584,8.000488,8.001587,-0.024683,1999.3785,0.0,0.951231,175.553,0.226074,0.473105,0.30082,51200,102368178,737,65536,0,0,0,0
9150,103.414,96.85,7.976646,8.000488,-0.023842,8.000488,8.001221,-0.024574,1983.0398,0.0,0.950602,168.3212,0.222852,0.480312,0.296836,51200,101531636,752,65536,0,0,0,0
9200,103.886,97.297,7.976965,8.000488,-0.023524,8.000488,8.001343,-0.024378,1943.1791,0.0,0.949521,169.3764,0.217422,0.48248,0.300098,51200,99490768,802,65536,0,0,0,0
9250,104.365,97.751,7.976972,8.000488,-0.023516,8.000488,8.000977,-0.024004,1919.1006,0.0,0.94876,168.8019,0.214766,0.483184,0.302051,51200,98257949,777,65536,0,0,0,0
9300,104.765,98.126,7.977294,8.000488,-0.023195,8.000488,8.001831,-0.024537,1894.4696,0.0,0.948246,165.9065,0.212207,0.480137,0.307656,51200,96996846,741,65536,0,0,0,0
9350,105.162,98.488,7.977228,8.000488,-0.02326,8.000488,8.001343,-0.024115,1877.671,0.0,0.947758,161.9847,0.210625,0.479062,0.310312,51200,96136753,778,65536,0,0,0,0
9400,105.615,98.916,7.97679,8.000488,-0.023698,8.000488,8.000977,-0.024186,1894.25,0.0,0.94826,170.453,0.212422,0.480586,0.306992,51200,96985601,782,65536,0,0,0,0
9450,106.201,99.45,7.977091,8.000488,-0.023398,8.000488,8.000732,-0.023642,1888.1813,0.0,0.94806,174.9445,0.210547,0.485566,0.303887,51200,96674881,774,65536,0,0,0,0
9500,106.917,100.14,7.97706,8.000488,-0.023428,8.000488,8.001221,-0.024161,1863.3709,0.0,0.947374,177.7333,0.207266,0.48709,0.305645,51200,95404588,795,65536,0,0,0,0
9550,107.339,100.512,7.977601,8.000488,-0.022888,8.000488,8.001587,-0.023986,1883.922,0.0,0.947314,175.2692,0.209629,0.499902,0.290469,51200,96456806,771,65536,0,0,0,0
9600,107.754,100.876,7.977497,8.000488,-0.022991,8.000488,8.001709,-0.024212,1883.7602,0.0,0.947303,174.3949,0.210117,0.497793,0.29209,51200,96448524,762,65536,0,0,0,0
9650,108.31,101.408,7.977553,8.000488,-0.022935,8.000488,8.001587,-0.024033,1891.5299,0.0,0.947744,177.303,0.209414,0.493301,0.297285,51200,96846331,813,65536,0,0,0,0
9700,108.711,101.784,7.977213,8.000488,-0.023275,8.000488,8.000977,-0.023764,1904.2705,0.0,0.948109,181.0983,0.211465,0.492949,0.295586,51200,97498648,767,65536,0,0,0,0
9750,109.256,102.282,7.977843,8.000488,-0.022645,8.000488,8.001099,-0.023255,1905.4869,0.0,0.948135,175.6131,0.210879,0.495234,0.293887,51200,97560931,811,65536,0,0,0,0
9800,109.7,102.701,7.978121,8.000488,-0.022368,8.000488,8.001465,-0.023344,1930.3362,0.0,0.948578,161.9354,0.213242,0.49666,0.290098,51200,98833211,754,65536,0,0,0,0
9850,110.2,103.178,7.978157,8.000488,-0.022332,8.000488,8.001343,-0.023186,1934.9679,0.0,0.948991,155.1867,0.215273,0.494805,0.289922,51200,99070354,852,65536,0,0,0,0
9900,110.691,103.643,7.978435,8.000488,-0.022053,8.000488,8.001831,-0.023396,1896.3994,0.0,0.948063,145.169,0.209473,0.492656,0.297871,51200,97095648,778,65536,0,0,0,0
9950,111.142,104.069,7.978716,8.000488,-0.021773,8.000488,8.002075,-0.02336,1860.7858,0.0,0.94727,145.9109,0.207227,0.486172,0.306602,51200,95272233,774,65536,0,0,0,0
10000,111.566,104.466,7.979327,8.000488,-0.021162,8.000488,8.002197,-0.022871,1877.542,0.0,0.94766,148.3418,0.209375,0.490801,0.299824,51200,96130149,767,65536,0,0,0,0
10050,112.061,104.937,7.978483,8.000488,-0.022006,8.000488,8.001709,-0.023226,1890.7366,0.0,0.948023,148.9009,0.210254,0.487363,0.302383,51200,96805713,820,65536,0,0,0,0
10100,112.628,105.45,7.978323,8.000488,-0.022166,8.000488,8.001953,-0.02363,2002.1084,0.0,0.951205,154.6267,0.224551,0.475039,0.30041,51200,102507949,793,65536,0,0,0,0
10150,113.111,105.909,7.977609,8.000488,-0.022879,8.000488,8.002075,-0.024466,1973.4047,0.0,0.950447,151.4469,0.222812,0.47625,0.300938,51200,101038322,783,65536,0,0,0,0
10200,113.591,106.333,7.977426,8.000488,-0.023062,8.000488,8.001709,-0.024283,1997.983,0.0,0.951509,152.4502,0.226992,0.466406,0.306602,51200,102296728,770,65536,0,0,0,0
10250,114.308,107.023,7.9776,8.000488,-0.022888,8.000488,8.001953,-0.024353,1974.6725,0.0,0.950575,153.403,0.224004,0.476504,0.299492,51200,101103231,845,65536,0,0,0,0
10300,114.847,107.537,7.977673,8.000488,-0.022816,8.000488,8.002197,-0.024525,1982.7852,0.0,0.950431,152.4958,0.224648,0.483574,0.291777,51200,101518602,765,65536,0,0,0,0
10350,115.241,107.907,7.97786,8.000488,-0.022628,8.000488,8.002075,-0.024215,1966.9472,0.0,0.950104,142.9468,0.223242,0.478223,0.298535,51200,100707698,816,65536,0,0,0,0
10400,115.822,108.44,7.978112,8.000488,-0.022376,8.000488,8.002563,-0.024452,1980.4628,0.0,0.950473,150.0309,0.225781,0.479082,0.295137,51200,101399694,793,65536,0,0,0,0
10450,116.336,108.891,7.97792,8.000488,-0.022569,8.000488,8.002808,-0.024888,1982.4308,0.0,0.950456,157.5305,0.225703,0.481816,0.29248,51200,101500457,830,65536,0,0,0,0
10500,116.818,109.349,7.977234,8.000488,-0.023254,8.000488,8.001343,-0.024109,2026.2767,0.0,0.951414,154.8746,0.230508,0.482559,0.286934,51200,103745368,788,65536,0,0,0,0
10550,117.45,109.955,7.976425,8.000488,-0.024063,8.000488,8.000977,-0.024551,2040.9538,0.0,0.951672,155.3971,0.232344,0.484473,0.283184,51200,104496833,760,65536,0,0,0,0
10600,117.945,110.402,7.97699,8.000488,-0.023498,8.000488,8.001343,-0.024353,2018.273,0.0,0.951172,152.0179,0.229258,0.484316,0.286426,51200,103335576,806,65536,0,0,0,0
10650,118.349,110.782,7.976536,8.000488,-0.023953,8.000488,8.000732,-0.024197,2022.9575,0.0,0.951205,155.3192,0.23041,0.486484,0.283105,51200,103575424,803,65536,0,0,0,0
10700,119.094,111.502,7.976432,8.000488,-0.024056,8.000488,8.000854,-0.024422,2069.844,0.0,0.952173,153.6829,0.234727,0.482969,0.282305,51200,105976011,779,65536,0,0,0,0
10750,119.656,112.027,7.976561,8.000488,-0.023927,8.000488,8.000854,-0.024293,2053.6659,0.0,0.95164,156.1002,0.232578,0.489707,0.277715,51200,105147694,758,65536,0,0,0,0
10800,120.332,112.654,7.976641,8.000488,-0.023848,8.000488,8.00061,-0.02397,2095.3126,0.0,0.95246,158.423,0.237402,0.491699,0.270898,51200,107280005,821,65536,0,0,0,0
10850,120.926,113.224,7.977063,8.000488,-0.023426,8.000488,8.001221,-0.024158,2030.04,0.0,0.950912,145.8296,0.229414,0.496602,0.273984,51200,103938048,761,65536,0,0,0,0
10900,121.687,113.939,7.977257,8.000488,-0.023231,8.000488,8.002319,-0.025062,2074.6455,0.0,0.952188,145.2048,0.235684,0.485234,0.279082,51200,106221849,792,65536,0,0,0,0
10950,122.154,114.376,7.977018,8.000488,-0.02347,8.000488,8.001099,-0.02408,2023.4025,0.0,0.950879,140.083,0.228926,0.485566,0.285508,51200,103598207,810,65536,0,0,0,0
11000,122.63,114.828,7.977247,8.000488,-0.023241,8.000488,8.001221,-0.023973,2066.0132,0.0,0.95195,144.3011,0.234199,0.480859,0.284941,51200,105779876,767,65536,0,0,0,0
11050,123.145,115.318,7.977597,8.000488,-0.022892,8.000488,8.001343,-0.023746,2129.5801,0.0,0.953498,147.3741,0.242012,0.473535,0.284453,51200,109034503,762,65536,0,0,0,0
11100,123.676,115.821,7.977578,8.000488,-0.02291,8.000488,8.001343,-0.023764,2071.231,0.0,0.952134,144.7445,0.234668,0.477734,0.287598,51200,106047027,756,65536,0,0,0,0
11150,124.068,116.184,7.977093,8.000488,-0.023395,8.000488,8.001709,-0.024616,2058.3633,0.0,0.951932,141.4714,0.232793,0.47875,0.288457,51200,105388199,790,65536,0,0,0,0
11200,124.543,116.624,7.977699,8.000488,-0.02279,8.000488,8.001953,-0.024254,2067.5136,0.0,0.952464,143.433,0.234141,0.472852,0.293008,51200,105856698,784,65536,0,0,0,0
11250,124.966,117.021,7.977257,8.000488,-0.023231,8.000488,8.002197,-0.02494,2064.057,0.0,0.952457,132.4446,0.234648,0.471074,0.294277,51200,105679718,725,65536,0,0,0,0
11300,125.527,117.502,7.977086,8.000488,-0.023402,8.000488,8.002563,-0.025477,2052.4154,0.0,0.952231,133.0647,0.23459,0.465977,0.299434,51200,105083667,746,65536,0,0,0,0
11350,126.122,118.045,7.977837,8.000488,-0.022651,8.000488,8.002808,-0.02497,1979.6994,0.0,0.950667,138.6115,0.225508,0.467441,0.307051,51200,101360608,749,65536,0,0,0,0
11400,126.492,118.39,7.977883,8.000488,-0.022605,8.000488,8.001953,-0.02407,1903.4991,0.0,0.948783,145.4338,0.216523,0.467559,0.315918,51200,97459153,777,65536,0,0,0,0
11450,127.047,118.921,7.978538,8.000488,-0.02195,8.000488,8.002319,-0.023781,1895.1182,0.0,0.948094,149.9224,0.213379,0.480215,0.306406,51200,97030052,775,65536,0,0,0,0
11500,127.565,119.413,7.978652,8.000488,-0.021836,8.000488,8.002197,-0.023545,1940.4837,0.0,0.949163,154.0119,0.219648,0.483535,0.296816,51200,99352764,785,65536,0,0,0,0
11550,128.037,119.833,7.978258,8.000488,-0.02223,8.000488,8.002686,-0.024428,1877.7896,0.0,0.947532,150.8846,0.210684,0.482852,0.306465,51200,96142826,748,65536,0,0,0,0
11600,128.651,120.423,7.977631,8.000488,-0.022858,8.000488,8.001953,-0.024322,1907.737,0.0,0.948471,158.3514,0.214043,0.483535,0.302422,51200,97676135,750,65536,0,0,0,0
11650,129.192,120.937,7.977151,8.000488,-0.023337,8.000488,8.001587,-0.024436,1895.1559,0.0,0.948132,164.1206,0.212656,0.486055,0.301289,51200,97031982,744,65536,0,0,0,0
11700,129.697,121.397,7.977442,8.000488,-0.023047,8.000488,8.001587,-0.024145,1907.3559,0.0,0.948709,173.532,0.215918,0.478887,0.305195,51200,97656623,778,65536,0,0,0,0
11750,130.077,121.751,7.977789,8.000488,-0.022699,8.000488,8.002075,-0.024286,1911.4089,0.0,0.94847,169.1002,0.215625,0.48209,0.302285,51200,97864138,816,65536,0,0,0,0
11800,130.588,122.23,7.977834,8.000488,-0.022654,8.000488,8.001831,-0.023997,1957.0011,0.0,0.949867,164.6557,0.221719,0.474043,0.304238,51200,100198455,795,65536,0,0,0,0
11850,131.072,122.661,7.977358,8.000488,-0.02313,8.000488,8.001831,-0.024473,1963.0043,0.0,0.949989,169.6725,0.222402,0.476426,0.301172,51200,100505819,816,65536,0,0,0,0
11900,131.847,123.379,7.977652,8.000488,-0.022836,8.000488,8.001831,-0.024179,1943.9298,0.0,0.949636,165.2907,0.219551,0.479727,0.300723,51200,99529206,720,65536,0,0,0,0
11950,132.252,123.76,7.978522,8.000488,-0.021967,8.000488,8.002563,-0.024042,1947.061,0.0,0.949548,174.5254,0.220117,0.482422,0.297461,51200,99689523,805,65536,0,0,0,0
12000,132.633,124.116,7.978269,8.000488,-0.022219,8.000488,8.002319,-0.02405,1957.0648,0.0,0.950053,170.9792,0.221133,0.474902,0.303965,51200,100201719,789,65536,0,0,0,0
12050,133.197,124.654,7.977805,8.000488,-0.022683,8.000488,8.002075,-0.02427,2025.502,0.0,0.951583,176.2867,0.229355,0.473906,0.296738,51200,103705703,829,65536,0,0,0,0
12100,133.632,125.036,7.978342,8.000488,-0.022146,8.000488,8.002075,-0.023733,1991.8413,0.0,0.950648,163.2983,0.224648,0.481914,0.293438,51200,101982276,772,65536,0,0,0,0
12150,134.355,125.735,7.977964,8.000488,-0.022524,8.000488,8.001831,-0.023867,2023.0591,0.0,0.951296,161.7715,0.230332,0.479141,0.290527,51200,103580627,781,65536,0,0,0,0
12200,134.761,126.105,7.978136,8.000488,-0.022352,8.000488,8.001831,-0.023695,2028.3993,0.0,0.951364,165.5267,0.231113,0.480293,0.288594,51200,103854042,793,65536,0,0,0,0
12250,135.294,126.614,7.978337,8.000488,-0.022151,8.000488,8.002075,-0.023738,2050.8086,0.0,0.952057,170.2279,0.23418,0.475293,0.290527,51200,105001399,791,65536,0,0,0,0
12300,135.815,127.109,7.978126,8.000488,-0.022362,8.000488,8.002075,-0.023949,2062.4664,0.0,0.952291,180.4556,0.236172,0.476348,0.28748,51200,105598279,807,65536,0,0,0,0
12350,136.592,127.835,7.978025,8.000488,-0.022463,8.000488,8.002319,-0.024295,2090.2651,0.0,0.95317,190.1132,0.239883,0.46998,0.290137,51200,107021572,798,65536,0,0,0,0
12400,137.042,128.234,7.978662,8.000488,-0.021826,8.000488,8.002686,-0.024023,2133.9562,0.0,0.954161,203.5943,0.245176,0.464219,0.290605,51200,109258555,787,65536,0,0,0,0
12450,137.615,128.782,7.978364,8.000488,-0.022125,8.000488,8.002808,-0.024444,2058.4653,0.0,0.952318,186.6229,0.235488,0.471523,0.292988,51200,105393421,832,65536,0,0,0,0
12500,138.136,129.277,7.977727,8.000488,-0.022762,8.000488,8.002075,-0.024349,2075.0439,0.0,0.953238,189.7137,0.238516,0.46168,0.299805,51200,106242250,797,65536,0,0,0,0
12550,138.543,129.659,7.977832,8.000488,-0.022657,8.000488,8.001953,-0.024121,2049.7401,0.0,0.952451,175.7319,0.235801,0.463223,0.300977,51200,104946692,779,65536,0,0,0,0
12600,139.091,130.154,7.977631,8.000488,-0.022857,8.000488,8.002075,-0.024444,2068.0577,0.0,0.952621,170.3653,0.23625,0.469355,0.294395,51200,105884556,790,65536,0,0,0,0
12650,139.747,130.785,7.978358,8.000488,-0.022131,8.000488,8.001953,-0.023595,2088.2356,0.0,0.953203,172.1828,0.239277,0.461387,0.299336,51200,106917663,767,65536,0,0,0,0
12700,140.432,131.432,7.978627,8.000488,-0.021861,8.000488,8.002075,-0.023448,2059.8617,0.0,0.952764,173.338,0.235703,0.45834,0.305957,51200,105464919,750,65536,0,0,0,0
12750,141.049,132.025,7.97841,8.000488,-0.022078,8.000488,8.001953,-0.023543,2074.9318,0.0,0.952821,174.8485,0.2375,0.465059,0.297441,51200,106236506,795,65536,0,0,0,0
12800,141.576,132.527,7.977695,8.000488,-0.022794,8.000488,8.001221,-0.023526,2015.021,0.0,0.951363,161.049,0.230254,0.469512,0.300234,51200,103169077,737,65536,0,0,0,0
12850,142.038,132.963,7.977056,8.000488,-0.023432,8.000488,8.000854,-0.023798,1987.5243,0.0,0.950841,169.097,0.226387,0.469082,0.304531,51200,101761243,789,65536,0,0,0,0
12900,142.455,133.331,7.976655,8.000488,-0.023833,8.000488,8.000732,-0.024077,2050.8186,0.0,0.952091,169.7883,0.232891,0.473984,0.293125,51200,105001913,800,65536,0,0,0,0
12950,143.1,133.951,7.977214,8.000488,-0.023274,8.000488,8.000854,-0.02364,2028.2121,0.0,0.951652,168.2236,0.230117,0.471445,0.298438,51200,103844461,771,65536,0,0,0,0
13000,143.641,134.466,7.977215,8.000488,-0.023273,8.000488,8.001221,-0.024006,2015.1999,0.0,0.951111,161.6079,0.228438,0.482031,0.289531,51200,103178234,790,65536,0,0,0,0
13050,144.264,135.027,7.976575,8.000488,-0.023913,8.000488,8.000854,-0.024279,2042.0052,0.0,0.951807,163.6082,0.231055,0.481152,0.287793,51200,104550666,771,65536,0,0,0,0
13100,144.826,135.528,7.97702,8.000488,-0.023468,8.000488,8.000854,-0.023834,2032.5938,0.0,0.951485,165.3962,0.23041,0.480938,0.288652,51200,104068804,791,65536,0,0,0,0
13150,145.265,135.939,7.977117,8.000488,-0.023371,8.000488,8.000854,-0.023738,2041.7035,0.0,0.951823,169.1512,0.231191,0.480684,0.288125,51200,104535221,802,65536,0,0,0,0
13200,145.686,136.3,7.976812,8.000488,-0.023676,8.000488,8.001099,-0.024286,2014.8793,0.0,0.95096,166.9173,0.226191,0.485957,0.287852,51200,103161821,788,65536,0,0,0,0
13250,146.371,136.948,7.976566,8.000488,-0.023923,8.000488,8.000732,-0.024167,2004.4139,0.0,0.951027,167.0059,0.224355,0.482461,0.293184,51200,102625990,785,65536,0,0,0,0
13300,146.886,137.438,7.977186,8.000488,-0.023302,8.000488,8.001221,-0.024034,1969.7994,0.0,0.950185,160.7627,0.218984,0.483262,0.297754,51200,100853728,836,65536,0,0,0,0
13350,147.374,137.9,7.977305,8.000488,-0.023184,8.000488,8.001831,-0.024527,2006.8427,0.0,0.95126,162.6386,0.225918,0.478242,0.29584,51200,102750345,826,65536,0,0,0,0
13400,147.782,138.284,7.977356,8.000488,-0.023132,8.000488,8.001709,-0.024353,2021.9252,0.0,0.951894,165.4164,0.227578,0.46959,0.302832,51200,103522572,800,65536,0,0,0,0
13450,148.334,138.809,7.977676,8.000488,-0.022812,8.000488,8.001831,-0.024155,1968.6615,0.0,0.950876,154.3224,0.2225,0.463867,0.313633,51200,100795468,763,65536,0,0,0,0
13500,148.73,139.178,7.976693,8.000488,-0.023795,8.000488,8.001343,-0.024649,1908.5869,0.0,0.949588,149.7441,0.215645,0.464316,0.320039,51200,97719650,801,65536,0,0,0,0
13550,149.335,139.757,7.976302,8.000488,-0.024186,8.000488,8.000732,-0.024431,1924.5323,0.0,0.949868,146.6345,0.217285,0.461113,0.321602,51200,98536054,794,65536,0,0,0,0
13600,149.843,140.24,7.976967,8.000488,-0.023521,8.000488,8.001587,-0.02462,1918.1079,0.0,0.949803,152.3018,0.216602,0.463398,0.32,51200,98207124,802,65536,0,0,0,0
13650,150.331,140.704,7.977116,8.000488,-0.023372,8.000488,8.001953,-0.024837,1946.6501,0.0,0.950686,155.2103,0.220781,0.456172,0.323047,51200,99668487,763,65536,0,0,0,0
13700,150.812,141.147,7.976329,8.000488,-0.02416,8.000488,8.001465,-0.025136,1982.9003,0.0,0.951341,159.3544,0.223848,0.459375,0.316777,51200,101524496,756,65536,0,0,0,0
13750,151.311,141.588,7.976687,8.000488,-0.023801,8.000488,8.001221,-0.024533,2024.4273,0.0,0.95244,162.0154,0.228906,0.455801,0.315293,51200,103650678,799,65536,0,0,0,0
13800,151.854,142.078,7.975586,8.000488,-0.024902,8.000488,8.0,-0.024414,2089.4393,0.0,0.953713,168.7238,0.236973,0.458086,0.304941,51200,106979293,811,65536,0,0,0,0
13850,152.334,142.53,7.975349,8.000488,-0.025139,8.000488,7.999878,-0.024529,2122.2985,0.0,0.954508,179.6374,0.240625,0.460684,0.298691,51200,108661682,791,65536,0,0,0,0
13900,152.911,143.083,7.976396,8.000488,-0.024093,8.000488,8.000488,-0.024093,2125.1027,0.0,0.954605,175.9536,0.241016,0.456895,0.30209,51200,108805259,794,65536,0,0,0,0
13950,153.314,143.462,7.97693,8.000488,-0.023558,8.000488,8.001099,-0.024168,2091.3556,0.0,0.953719,171.9081,0.238008,0.460605,0.301387,51200,107077407,797,65536,0,0,0,0
14000,153.778,143.893,7.976958,8.000488,-0.02353,8.000488,8.001587,-0.024629,2040.0041,0.0,0.952396,142.3911,0.231016,0.46334,0.305645,51200,104448211,786,65536,0,0,0,0
14050,154.33,144.389,7.97704,8.000488,-0.023448,8.000488,8.001221,-0.024181,2095.9029,0.0,0.953808,149.7371,0.238105,0.457285,0.304609,51200,107310228,773,65536,0,0,0,0
14100,154.941,144.977,7.977157,8.000488,-0.023331,8.000488,8.002075,-0.024918,2118.8587,0.0,0.95422,148.5465,0.24127,0.45584,0.302891,51200,108485566,763,65536,0,0,0,0
14150,155.661,145.639,7.976673,8.000488,-0.023815,8.000488,8.001587,-0.024914,2158.1497,0.0,0.955156,152.9756,0.245918,0.451074,0.303008,51200,110497264,785,65536,0,0,0,0
14200,156.303,146.256,7.976662,8.000488,-0.023827,8.000488,8.001953,-0.025291,2085.0715,0.0,0.953576,150.2411,0.235684,0.461855,0.302461,51200,106755660,825,65536,0,0,0,0
14250,156.851,146.779,7.976622,8.000488,-0.023866,8.000488,8.001953,-0.025331,2090.6089,0.0,0.953573,155.6624,0.235723,0.462734,0.301543,51200,107039178,795,65536,0,0,0,0
14300,157.535,147.403,7.977197,8.000488,-0.023291,8.000488,8.001953,-0.024756,2073.5307,0.0,0.953343,155.7006,0.234785,0.458301,0.306914,51200,106164774,786,65536,0,0,0,0
14350,158.134,147.953,7.976745,8.000488,-0.023743,8.000488,8.001953,-0.025208,1960.4812,0.0,0.95075,146.6671,0.221016,0.466973,0.312012,51200,100376638,786,65536,0,0,0,0
14400,158.874,148.669,7.976637,8.000488,-0.023852,8.000488,8.001221,-0.024584,1919.5236,0.0,0.949592,158.9254,0.21627,0.471426,0.312305,51200,98279609,772,65536,0,0,0,0
14450,159.416,149.172,7.976005,8.000488,-0.024483,8.000488,8.001343,-0.025337,1918.7188,0.0,0.950078,159.4084,0.217598,0.465762,0.316641,51200,98238403,796,65536,0,0,0,0
14500,159.808,149.54,7.975907,8.000488,-0.024582,8.000488,8.00061,-0.024704,1934.638,0.0,0.949999,158.5851,0.218535,0.472734,0.30873,51200,99053466,798,65536,0,0,0,0
14550,160.31,150.014,7.976098,8.000488,-0.02439,8.000488,8.00061,-0.024512,1918.8943,0.0,0.949575,144.0974,0.216562,0.472617,0.31082,51200,98247387,756,65536,0,0,0,0
14600,160.819,150.497,7.976313,8.000488,-0.024175,8.000488,8.001099,-0.024786,1930.3572,0.0,0.949904,139.7138,0.217949,0.470371,0.31168,51200,98834290,806,65536,0,0,0,0
14650,161.358,151.008,7.976626,8.000488,-0.023862,8.000488,8.000732,-0.024106,1953.5652,0.0,0.950509,146.4813,0.22041,0.471914,0.307676,51200,100022538,789,65536,0,0,0,0
14700,161.799,151.424,7.976854,8.000488,-0.023635,8.000488,8.001465,-0.024611,1929.6684,0.0,0.949746,146.3172,0.216777,0.477051,0.306172,51200,98799023,801,65536,0,0,0,0
14750,162.311,151.911,7.976488,8.000488,-0.024,8.000488,8.001465,-0.024977,1942.8666,0.0,0.950226,148.6011,0.218516,0.472578,0.308906,51200,99474771,785,65536,0,0,0,0
14800,162.73,152.305,7.97651,8.000488,-0.023978,8.000488,8.001221,-0.024711,1954.5434,0.0,0.950703,148.3892,0.220898,0.469551,0.309551,51200,100072621,768,65536,0,0,0,0
14850,163.366,152.883,7.976796,8.000488,-0.023692,8.000488,8.001587,-0.024791,1979.9479,0.0,0.951324,157.4592,0.22332,0.471172,0.305508,51200,101373334,854,65536,0,0,0,0
14900,163.897,153.366,7.977112,8.000488,-0.023376,8.000488,8.001709,-0.024597,1922.9633,0.0,0.949774,151.2223,0.215977,0.475469,0.308555,51200,98455720,777,65536,0,0,0,0
14950,164.324,153.741,7.977275,8.000488,-0.023213,8.000488,8.001465,-0.02419,1926.2728,0.0,0.949795,148.788,0.216484,0.474336,0.30918,51200,98625166,785,65536,0,0,0,0
15000,164.836,154.199,7.978049,8.000488,-0.022439,8.000488,8.002075,-0.024026,1898.9409,0.0,0.949076,147.3136,0.213242,0.47625,0.310508,51200,97225772,802,65536,0,0,0,0
15050,165.299,154.592,7.977646,8.000488,-0.022842,8.000488,8.002197,-0.024551,1957.2481,0.0,0.950642,156.0998,0.220664,0.471875,0.307461,51200,100211103,776,65536,0,0,0,0
15100,165.831,155.1,7.977308,8.000488,-0.02318,8.000488,8.001831,-0.024523,1987.4817,0.0,0.951495,164.615,0.223574,0.467227,0.309199,51200,101759065,753,65536,0,0,0,0
15150,166.347,155.584,7.977182,8.000488,-0.023306,8.000488,8.001709,-0.024527,2042.9795,0.0,0.953205,163.859,0.231543,0.454863,0.313594,51200,104600551,805,65536,0,0,0,0
15200,166.811,155.992,7.976634,8.000488,-0.023855,8.000488,8.001465,-0.024831,2008.8812,0.0,0.952752,162.8401,0.22873,0.444336,0.326934,51200,102854719,787,65536,0,0,0,0
15250,167.385,156.508,7.976895,8.000488,-0.023594,8.000488,8.001587,-0.024692,2035.5785,0.0,0.953285,160.3269,0.231348,0.444414,0.324238,51200,104221617,765,65536,0,0,0,0
15300,167.956,157.054,7.976735,8.000488,-0.023754,8.000488,8.001709,-0.024974,2000.2807,0.0,0.952449,162.1938,0.226797,0.449805,0.323398,51200,102414374,785,65536,0,0,0,0
15350,168.477,157.549,7.976984,8.000488,-0.023505,8.000488,8.001831,-0.024847,2008.038,0.0,0.952624,158.5248,0.226895,0.450879,0.322227,51200,102811544,778,65536,0,0,0,0
15400,168.949,157.996,7.976237,8.000488,-0.024251,8.000488,8.001709,-0.025472,2049.7833,0.0,0.953718,162.8067,0.231719,0.450215,0.318066,51200,104948904,777,65536,0,0,0,0
15450,169.478,158.501,7.976154,8.000488,-0.024334,8.000488,8.001465,-0.025311,1997.6537,0.0,0.952239,165.2972,0.224375,0.459648,0.315977,51200,102279872,764,65536,0,0,0,0
15500,170.024,159.023,7.976766,8.000488,-0.023722,8.000488,8.002075,-0.025309,2003.4,0.0,0.95276,166.0677,0.227012,0.447539,0.325449,51200,102574080,740,65536,0,0,0,0
15550,170.452,159.407,7.976791,8.000488,-0.023697,8.000488,8.001953,-0.025162,1963.6539,0.0,0.951625,161.375,0.223848,0.453809,0.322344,51200,100539079,800,65536,0,0,0,0
15600,171.073,159.98,7.977354,8.000488,-0.023134,8.000488,8.002441,-0.025087,1974.8624,0.0,0.951916,164.2065,0.224492,0.458047,0.317461,51200,101112955,773,65536,0,0,0,0
15650,171.48,160.361,7.976374,8.000488,-0.024115,8.000488,8.002197,-0.025824,1998.4228,0.0,0.952377,164.9879,0.227461,0.456953,0.315586,51200,102319249,759,65536,0,0,0,0
15700,172.096,160.934,7.976898,8.000488,-0.02359,8.000488,8.002686,-0.025788,2000.6307,0.0,0.952396,162.9037,0.22791,0.456016,0.316074,51200,102432293,784,65536,0,0,0,0
15750,172.524,161.333,7.977896,8.000488,-0.022593,8.000488,8.002808,-0.024912,2065.0539,0.0,0.953912,164.5579,0.235742,0.455273,0.308984,51200,105730759,791,65536,0,0,0,0
15800,172.971,161.728,7.97725,8.000488,-0.023238,8.000488,8.001953,-0.024703,2072.3362,0.0,0.954176,181.5359,0.236406,0.454824,0.30877,51200,106103613,785,65536,0,0,0,0
15850,173.55,162.254,7.977412,8.000488,-0.023077,8.000488,8.002319,-0.024908,2095.7738,0.0,0.954356,186.1434,0.237949,0.455801,0.30625,51200,107303620,765,65536,0,0,0,0
15900,174.176,162.856,7.976868,8.000488,-0.02362,8.000488,8.001587,-0.024719,2060.0258,0.0,0.953845,189.8004,0.234727,0.45541,0.309863,51200,105473321,783,65536,0,0,0,0
15950,174.913,163.54,7.976887,8.000488,-0.023601,8.000488,8.001709,-0.024822,2066.2655,0.0,0.953885,191.2378,0.235859,0.454297,0.309844,51200,105792792,805,65536,0,0,0,0
16000,175.552,164.138,7.976317,8.000488,-0.024171,8.000488,8.001343,-0.025026,2105.3548,0.0,0.954728,190.9655,0.239902,0.456309,0.303789,51200,107794167,793,65536,0,0,0,0
16050,176.176,164.699,7.976567,8.000488,-0.023921,8.000488,8.001343,-0.024776,2127.3517,0.0,0.954843,196.7667,0.242754,0.459414,0.297832,51200,108920408,787,65536,0,0,0,0
16100,176.626,165.124,7.976109,8.000488,-0.02438,8.000488,8.001221,-0.025112,2085.2465,0.0,0.953781,188.2219,0.236699,0.468164,0.295137,51200,106764622,751,65536,0,0,0,0
16150,177.13,165.588,7.976332,8.000488,-0.024157,8.000488,8.001831,-0.025499,2117.0198,0.0,0.954433,189.2423,0.239922,0.466406,0.293672,51200,108391416,795,65536,0,0,0,0
16200,177.65,166.06,7.976577,8.000488,-0.023911,8.000488,8.001465,-0.024888,2166.715,0.0,0.955106,196.9305,0.245527,0.469336,0.285137,51200,110935809,778,65536,0,0,0,0
16250,178.14,166.501,7.975648,8.000488,-0.02484,8.000488,8.000732,-0.025084,2181.4532,0.0,0.9556,196.1195,0.249199,0.466172,0.284629,51200,111690405,731,65536,0,0,0,0
16300,178.694,167.007,7.976087,8.000488,-0.024402,8.000488,8.00061,-0.024524,2182.4624,0.0,0.955316,188.501,0.248789,0.469707,0.281504,51200,111742073,771,65536,0,0,0,0
16350,179.245,167.506,7.976982,8.000488,-0.023506,8.000488,8.001221,-0.024239,2184.1585,0.0,0.955451,189.9286,0.249141,0.469688,0.281172,51200,111828916,760,65536,0,0,0,0
16400,179.685,167.921,7.976537,8.000488,-0.023951,8.000488,8.001099,-0.024562,2113.899,0.0,0.953751,186.2026,0.241328,0.47627,0.282402,51200,108231630,765,65536,0,0,0,0
16450,180.484,168.664,7.976747,8.000488,-0.023741,8.000488,8.000732,-0.023985,2123.1353,0.0,0.954133,189.1988,0.241953,0.47498,0.283066,51200,108704528,785,65536,0,0,0,0
16500,181.257,169.412,7.976559,8.000488,-0.02393,8.000488,8.001221,-0.024662,2090.4326,0.0,0.953363,186.2212,0.237773,0.47875,0.283477,51200,107030151,747,65536,0,0,0,0
16550,181.719,169.847,7.976676,8.000488,-0.023812,8.000488,8.001099,-0.024423,2106.2375,0.0,0.953475,183.0176,0.238516,0.48,0.281484,51200,107839359,822,65536,0,0,0,0
16600,182.24,170.307,7.975885,8.000488,-0.024603,8.000488,8.000366,-0.024481,2123.6171,0.0,0.954208,190.01,0.239727,0.473047,0.287227,51200,108729197,787,65536,0,0,0,0
16650,182.808,170.833,7.975738,8.000488,-0.02475,8.000488,8.000244,-0.024506,2123.596,0.0,0.95424,194.4194,0.239805,0.472168,0.288027,51200,108728117,743,65536,0,0,0,0
16700,183.251,171.252,7.976181,8.000488,-0.024307,8.000488,8.000854,-0.024673,2142.66,0.0,0.954663,191.6498,0.241973,0.470801,0.287227,51200,109704193,811,65536,0,0,0,0
16750,183.77,171.747,7.976234,8.000488,-0.024254,8.000488,8.001099,-0.024864,2198.2125,0.0,0.955673,197.2737,0.249082,0.471094,0.279824,51200,112548478,849,65536,0,0,0,0
16800,184.272,172.184,7.975368,8.000488,-0.02512,8.000488,8.000366,-0.024998,2118.4564,0.0,0.95374,187.9513,0.238105,0.478184,0.283711,51200,108464970,785,65536,0,0,0,0
16850,184.806,172.678,7.975534,8.000488,-0.024954,8.000488,8.000488,-0.024954,2154.6426,0.0,0.954572,195.9207,0.24332,0.477988,0.278691,51200,110317701,777,65536,0,0,0,0
16900,185.43,173.241,7.975412,8.000488,-0.025077,8.000488,8.0,-0.024588,2173.6639,0.0,0.954841,197.7031,0.24623,0.478984,0.274785,51200,111291593,806,65536,0,0,0,0
16950,186.038,173.823,7.975441,8.000488,-0.025047,8.000488,7.999878,-0.024436,2110.7282,0.0,0.953168,185.7489,0.236816,0.488613,0.27457,51200,108069282,827,65536,0,0,0,0
17000,186.545,174.307,7.975485,8.000488,-0.025003,8.000488,7.999756,-0.024271,2129.9212,0.0,0.953871,191.3606,0.24125,0.484961,0.273789,51200,109051963,761,65536,0,0,0,0
17050,187.092,174.829,7.976007,8.000488,-0.024481,8.000488,8.000244,-0.024237,2157.1902,0.0,0.954449,193.1952,0.244473,0.484121,0.271406,51200,110448137,826,65536,0,0,0,0
17100,187.629,175.341,7.975906,8.000488,-0.024583,8.000488,7.999634,-0.023728,2221.0629,0.0,0.955496,204.6094,0.251953,0.488008,0.260039,51200,113718422,796,65536,0,0,0,0
17150,188.451,176.115,7.976697,8.000488,-0.023791,8.000488,8.000122,-0.023425,2196.8203,0.0,0.955134,209.9615,0.248691,0.491055,0.260254,51200,112477198,788,65536,0,0,0,0
17200,188.986,176.603,7.976408,8.000488,-0.02408,8.000488,8.000488,-0.02408,2136.6071,0.0,0.953747,203.7453,0.240234,0.494277,0.265488,51200,109394284,783,65536,0,0,0,0
17250,189.446,177.017,7.977319,8.000488,-0.02317,8.000488,8.001465,-0.024146,2128.7158,0.0,0.953205,194.0294,0.239453,0.501816,0.25873,51200,108990247,763,65536,0,0,0,0
17300,189.97,177.518,7.977879,8.000488,-0.022609,8.000488,8.001831,-0.023952,2113.1193,0.0,0.952433,182.7768,0.237441,0.511211,0.251348,51200,108191708,790,65536,0,0,0,0
17350,190.457,177.98,7.976625,8.000488,-0.023863,8.000488,8.000488,-0.023863,2122.972,0.0,0.952817,176.5169,0.237988,0.505195,0.256816,51200,108696164,794,65536,0,0,0,0
17400,190.967,178.464,7.97612,8.000488,-0.024368,8.000488,8.000366,-0.024246,2082.5611,0.0,0.951919,174.0831,0.232676,0.510254,0.25707,51200,106627129,803,65536,0,0,0,0
17450,191.519,178.991,7.976634,8.000488,-0.023854,8.000488,8.000977,-0.024342,2095.4421,0.0,0.952382,180.5108,0.234238,0.506836,0.258926,51200,107286634,795,65536,0,0,0,0
17500,192.025,179.47,7.976661,8.000488,-0.023827,8.000488,8.000854,-0.024194,2085.6853,0.0,0.951855,187.6294,0.232656,0.511523,0.25582,51200,106787087,748,65536,0,0,0,0
17550,192.421,179.833,7.976162,8.000488,-0.024326,8.000488,8.000977,-0.024815,2114.3136,0.0,0.952822,188.6341,0.237832,0.50209,0.260078,51200,108252856,780,65536,0,0,0,0
17600,192.967,180.335,7.976327,8.000488,-0.024161,8.000488,8.000732,-0.024405,2042.936,0.0,0.951432,177.212,0.229531,0.501797,0.268672,51200,104598325,757,65536,0,0,0,0
17650,193.347,180.691,7.976748,8.000488,-0.023741,8.000488,8.001343,-0.024595,2029.6713,0.0,0.950912,180.9853,0.226895,0.50291,0.270195,51200,103919168,820,65536,0,0,0,0
17700,193.988,181.307,7.976009,8.000488,-0.024479,8.000488,8.000244,-0.024235,2050.9584,0.0,0.951499,182.0783,0.230156,0.502031,0.267812,51200,105009068,782,65536,0,0,0,0
17750,194.443,181.738,7.976097,8.000488,-0.024391,8.000488,8.000244,-0.024147,2041.1753,0.0,0.95117,171.4009,0.228359,0.501309,0.270332,51200,104508177,816,65536,0,0,0,0
17800,194.937,182.156,7.976212,8.000488,-0.024276,8.000488,8.000854,-0.024642,2048.7642,0.0,0.951645,174.3961,0.229824,0.494453,0.275723,51200,104896726,753,65536,0,0,0,0
17850,195.392,182.573,7.976715,8.000488,-0.023773,8.000488,8.001099,-0.024384,2044.5113,0.0,0.951683,175.1297,0.230527,0.489648,0.279824,51200,104678981,789,65536,0,0,0,0
17900,195.918,183.067,7.976214,8.000488,-0.024274,8.000488,8.000488,-0.024274,2063.1341,0.0,0.95244,174.6564,0.232793,0.483281,0.283926,51200,105632466,773,65536,0,0,0,0
17950,196.47,183.558,7.976205,8.000488,-0.024283,8.000488,8.000732,-0.024527,2081.7883,0.0,0.952823,165.6993,0.235703,0.481055,0.283242,51200,106587563,728,65536,0,0,0,0
18000,196.918,183.97,7.976177,8.000488,-0.024311,8.000488,8.000488,-0.024311,2070.6946,0.0,0.952685,174.1696,0.233945,0.482344,0.283711,51200,106019566,728,65536,0,0,0,0
18050,197.471,184.463,7.976692,8.000488,-0.023797,8.000488,8.000977,-0.024285,2071.526,0.0,0.952299,173.981,0.233828,0.49125,0.274922,51200,106062130,783,65536,0,0,0,0
18100,197.982,184.926,7.976856,8.000488,-0.023632,8.000488,8.001343,-0.024487,2088.2931,0.0,0.952845,177.7388,0.235234,0.486289,0.278477,51200,106920609,804,65536,0,0,0,0
18150,198.546,185.464,7.976671,8.000488,-0.023818,8.000488,8.001099,-0.024428,2094.2745,0.0,0.952848,177.8811,0.236016,0.489141,0.274844,51200,107226853,843,65536,0,0,0,0
18200,199.15,186.034,7.976851,8.000488,-0.023637,8.000488,8.000854,-0.024003,2074.9806,0.0,0.952246,172.9104,0.233711,0.495059,0.27123,51200,106239008,789,65536,0,0,0,0
18250,199.779,186.603,7.97753,8.000488,-0.022958,8.000488,8.001709,-0.024179,2112.5397,0.0,0.953389,174.4044,0.238555,0.485762,0.275684,51200,108162031,780,65536,0,0,0,0
18300,200.314,187.113,7.977051,8.000488,-0.023438,8.000488,8.001099,-0.024048,2117.9567,0.0,0.953373,173.0652,0.238281,0.485703,0.276016,51200,108439381,749,65536,0,0,0,0
18350,201.149,187.925,7.977128,8.000488,-0.023361,8.000488,8.001221,-0.024093,2152.0736,0.0,0.954189,180.1705,0.244238,0.48416,0.271602,51200,110186170,790,65536,0,0,0,0
18400,201.755,188.502,7.977282,8.000488,-0.023206,8.000488,8.001709,-0.024427,2191.9972,0.0,0.955006,184.8114,0.24834,0.483262,0.268398,51200,112230259,762,65536,0,0,0,0
18450,202.19,188.912,7.977017,8.000488,-0.023472,8.000488,8.001099,-0.024082,2241.1819,0.0,0.95606,191.393,0.254355,0.476543,0.269102,51200,114748512,780,65536,0,0,0,0
18500,202.746,189.444,7.976854,8.000488,-0.023635,8.000488,8.001221,-0.024367,2181.7492,0.0,0.955017,195.1322,0.247129,0.480898,0.271973,51200,111705559,760,65536,0,0,0,0
18550,203.271,189.945,7.976643,8.000488,-0.023846,8.000488,8.001221,-0.024578,2218.6076,0.0,0.955458,190.6762,0.251797,0.480449,0.267754,51200,113592711,775,65536,0,0,0,0
18600,203.916,190.545,7.976431,8.000488,-0.024058,8.000488,8.000732,-0.024302,2206.8488,0.0,0.955167,190.4434,0.25041,0.484336,0.265254,51200,112990656,773,65536,0,0,0,0
18650,204.393,190.994,7.975429,8.000488,-0.025059,8.000488,8.000366,-0.024937,2265.0738,0.0,0.956344,189.7654,0.257676,0.47877,0.263555,51200,115971777,772,65536,0,0,0,0
18700,204.997,191.574,7.975763,8.000488,-0.024725,8.000488,8.00061,-0.024847,2245.3412,0.0,0.95577,184.4328,0.253281,0.485586,0.261133,51200,114961469,797,65536,0,0,0,0
18750,205.508,192.059,7.976612,8.000488,-0.023877,8.000488,8.000732,-0.024121,2204.5806,0.0,0.954896,182.4865,0.247852,0.489785,0.262363,51200,112874526,867,65536,0,0,0,0
18800,205.971,192.474,7.977185,8.000488,-0.023304,8.000488,8.000488,-0.023304,2217.7619,0.0,0.955124,178.2892,0.249219,0.489336,0.261445,51200,113549407,792,65536,0,0,0,0
18850,206.592,193.067,7.976771,8.000488,-0.023717,8.000488,8.001099,-0.024328,2223.9205,0.0,0.955348,183.6181,0.248926,0.488594,0.26248,51200,113864731,811,65536,0,0,0,0
18900,207.004,193.455,7.977281,8.000488,-0.023207,8.000488,8.001099,-0.023817,2196.9865,0.0,0.954464,178.3247,0.246855,0.49709,0.256055,51200,112485707,799,65536,0,0,0,0
18950,207.455,193.882,7.977256,8.000488,-0.023233,8.000488,8.001343,-0.024087,2131.6207,0.0,0.953353,177.9246,0.239121,0.494043,0.266836,51200,109138979,806,65536,0,0,0,0
19000,207.993,194.394,7.977954,8.000488,-0.022534,8.000488,8.001709,-0.023755,2205.3259,0.0,0.954912,185.1531,0.248105,0.487637,0.264258,51200,112912688,809,65536,0,0,0,0
19050,208.529,194.876,7.977819,8.000488,-0.022669,8.000488,8.001831,-0.024012,2196.797,0.0,0.954809,187.769,0.246895,0.486992,0.266113,51200,112476008,767,65536,0,0,0,0
19100,209.124,195.446,7.977513,8.000488,-0.022976,8.000488,8.001953,-0.024441,2166.281,0.0,0.954213,187.7341,0.242754,0.482676,0.27457,51200,110913585,744,65536,0,0,0,0
19150,209.711,195.984,7.97714,8.000488,-0.023348,8.000488,8.000977,-0.023836,2162.6129,0.0,0.954175,186.8278,0.241816,0.481914,0.27627,51200,110725778,767,65536,0,0,0,0
19200,210.518,196.761,7.977212,8.000488,-0.023277,8.000488,8.000977,-0.023765,2128.8082,0.0,0.953572,188.6206,0.238125,0.481699,0.280176,51200,108994978,794,65536,0,0,0,0
19250,211.071,197.269,7.977567,8.000488,-0.022921,8.000488,8.001343,-0.023776,2110.3048,0.0,0.953289,179.0799,0.237441,0.479316,0.283242,51200,108047607,755,65536,0,0,0,0
19300,211.622,197.797,7.977098,8.000488,-0.02339,8.000488,8.001465,-0.024367,2100.6373,0.0,0.952819,180.8397,0.236133,0.490352,0.273516,51200,107552630,787,65536,0,0,0,0
19350,212.213,198.362,7.977248,8.000488,-0.023241,8.000488,8.001465,-0.024217,2022.366,0.0,0.951252,172.8248,0.227305,0.49043,0.282266,51200,103545141,792,65536,0,0,0,0
19400,212.668,198.774,7.977003,8.000488,-0.023485,8.000488,8.001099,-0.024096,2021.8031,0.0,0.951,170.1692,0.227383,0.496465,0.276152,51200,103516317,776,65536,0,0,0,0
19450,213.16,199.225,7.976614,8.000488,-0.023874,8.000488,8.000488,-0.023874,2003.2688,0.0,0.950229,172.1414,0.224004,0.507559,0.268438,51200,102567363,748,65536,0,0,0,0
19500,213.692,199.715,7.977004,8.000488,-0.023484,8.000488,8.00061,-0.023606,1998.0258,0.0,0.950146,166.12,0.224102,0.505957,0.269941,51200,102298920,775,65536,0,0,0,0
19550,214.174,200.149,7.976829,8.000488,-0.023659,8.000488,8.001343,-0.024514,1965.8165,0.0,0.949098,164.7271,0.218613,0.512051,0.269336,51200,100649807,804,65536,0,0,0,0
19600,214.776,200.721,7.976811,8.000488,-0.023677,8.000488,8.001587,-0.024776,1988.3624,0.0,0.949547,174.2135,0.222129,0.514551,0.26332,51200,101804157,759,65536,0,0,0,0
19650,215.271,201.189,7.976822,8.000488,-0.023666,8.000488,8.001465,-0.024643,1972.5558,0.0,0.949093,174.7796,0.220137,0.513574,0.266289,51200,100994855,830,65536,0,0,0,0
19700,215.872,201.742,7.976799,8.000488,-0.023689,8.000488,8.001343,-0.024543,1987.7624,0.0,0.949801,181.5213,0.221855,0.509258,0.268887,51200,101773437,776,65536,0,0,0,0
19750,216.436,202.255,7.97742,8.000488,-0.023069,8.000488,8.001099,-0.023679,1953.2194,0.0,0.949048,175.1228,0.217617,0.506953,0.27543,51200,100004833,768,65536,0,0,0,0
19800,216.99,202.785,7.977709,8.000488,-0.022779,8.000488,8.001343,-0.023634,1932.0192,0.0,0.948777,177.9461,0.212949,0.500957,0.286094,51200,98919385,714,65536,0,0,0,0
19850,217.513,203.261,7.977492,8.000488,-0.022997,8.000488,8.001709,-0.024217,1943.4409,0.0,0.948815,176.2968,0.21498,0.505117,0.279902,51200,99504176,787,65536,0,0,0,0
19900,217.923,203.647,7.977174,8.000488,-0.023314,8.000488,8.001465,-0.024291,1935.5455,0.0,0.948121,179.4259,0.214219,0.512637,0.273145,51200,99099932,760,65536,0,0,0,0
19950,218.443,204.121,7.977284,8.000488,-0.023204,8.000488,8.001343,-0.024059,1923.2405,0.0,0.947737,168.3762,0.212461,0.514531,0.273008,51200,98469912,736,65536,0,0,0,0
20000,218.99,204.599,7.976984,8.000488,-0.023504,8.000488,8.000977,-0.023993,1929.7017,0.0,0.947666,167.2014,0.212539,0.515781,0.27168,51200,98800728,741,65536,0,0,0,0
20050,219.444,204.999,7.97763,8.000488,-0.022858,8.000488,8.001099,-0.023468,1918.8398,0.0,0.947505,169.4175,0.210234,0.519277,0.270488,51200,98244597,793,65536,0,0,0,0
20100,219.94,205.467,7.977304,8.000488,-0.023185,8.000488,8.001587,-0.024283,1925.5084,0.0,0.947526,169.6024,0.211738,0.520469,0.267793,51200,98586030,768,65536,0,0,0,0
20150,220.403,205.906,7.977517,8.000488,-0.022971,8.000488,8.001465,-0.023948,1937.1414,0.0,0.948123,175.2234,0.213906,0.511016,0.275078,51200,99181639,786,65536,0,0,0,0
20200,220.966,206.421,7.978093,8.000488,-0.022395,8.000488,8.002441,-0.024349,1995.6418,0.0,0.949629,172.0799,0.221895,0.51248,0.265625,51200,102176860,752,65536,0,0,0,0
20250,221.496,206.894,7.977692,8.000488,-0.022796,8.000488,8.002441,-0.024749,1975.5041,0.0,0.948945,169.458,0.218887,0.513613,0.2675,51200,101145808,807,65536,0,0,0,0
20300,222.042,207.416,7.977876,8.000488,-0.022612,8.000488,8.001587,-0.02371,1973.785,0.0,0.949148,161.1912,0.219707,0.511934,0.268359,51200,101057791,793,65536,0,0,0,0
20350,222.641,207.963,7.97828,8.000488,-0.022208,8.000488,8.002075,-0.023795,1967.5566,0.0,0.948938,160.809,0.217988,0.51373,0.268281,51200,100738896,810,65536,0,0,0,0
20400,223.064,208.363,7.978235,8.000488,-0.022253,8.000488,8.002075,-0.02384,1997.1136,0.0,0.949786,165.498,0.21957,0.512012,0.268418,51200,102252215,770,65536,0,0,0,0
20450,223.64,208.913,7.977846,8.000488,-0.022642,8.000488,8.001953,-0.024107,1995.6432,0.0,0.949721,158.4495,0.22082,0.514062,0.265117,51200,102176934,784,65536,0,0,0,0
20500,224.125,209.375,7.977408,8.000488,-0.02308,8.000488,8.001831,-0.024423,1989.6952,0.0,0.949859,156.0602,0.221621,0.508633,0.269746,51200,101872392,756,65536,0,0,0,0
20550,224.576,209.8,7.977405,8.000488,-0.023083,8.000488,8.002441,-0.025036,1948.6598,0.0,0.94882,154.936,0.216406,0.510059,0.273535,51200,99771380,752,65536,0,0,0,0
20600,225.097,210.297,7.977499,8.000488,-0.022989,8.000488,8.002563,-0.025064,1939.2654,0.0,0.94861,150.0889,0.215996,0.51332,0.270684,51200,99290389,780,65536,0,0,0,0
20650,225.578,210.754,7.9771,8.000488,-0.023389,8.000488,8.002197,-0.025098,1973.8659,0.0,0.949481,156.0845,0.221523,0.510234,0.268242,51200,101061933,747,65536,0,0,0,0
20700,225.948,211.1,7.977007,8.000488,-0.023482,8.000488,8.001953,-0.024946,1936.0657,0.0,0.948224,152.2049,0.216875,0.51834,0.264785,51200,99126563,803,65536,0,0,0,0
20750,226.641,211.768,7.977015,8.000488,-0.023473,8.000488,8.001831,-0.024816,1954.514,0.0,0.948763,155.3888,0.218672,0.51668,0.264648,51200,100071116,775,65536,0,0,0,0
20800,227.077,212.178,7.977688,8.000488,-0.0228,8.000488,8.002319,-0.024631,1918.5901,0.0,0.947618,149.3854,0.214414,0.522402,0.263184,51200,98231815,823,65536,0,0,0,0
20850,227.487,212.535,7.977041,8.000488,-0.023448,8.000488,8.001465,-0.024424,1890.899,0.0,0.94726,152.654,0.212109,0.517207,0.270684,51200,96814031,772,65536,0,0,0,0
20900,227.96,212.943,7.976483,8.000488,-0.024006,8.000488,8.001343,-0.02486,1861.2268,0.0,0.946212,149.0151,0.209277,0.520391,0.270332,51200,95294814,798,65536,0,0,0,0
20950,228.623,213.582,7.977599,8.000488,-0.022889,8.000488,8.001831,-0.024232,1859.0335,0.0,0.946274,165.7572,0.208594,0.517031,0.274375,51200,95182516,785,65536,0,0,0,0
21000,229.147,214.053,7.977052,8.000488,-0.023436,8.000488,8.001587,-0.024535,1877.6525,0.0,0.947028,176.4808,0.209863,0.516035,0.274102,51200,96135810,836,65536,0,0,0,0
21050,229.549,214.411,7.976702,8.000488,-0.023786,8.000488,8.001343,-0.024641,1859.3597,0.0,0.947012,166.0634,0.207461,0.504727,0.287812,51200,95199218,797,65536,0,0,0,0
21100,230.112,214.922,7.97595,8.000488,-0.024539,8.000488,8.001221,-0.025271,1885.3253,0.0,0.947701,166.7324,0.211836,0.502832,0.285332,51200,96528653,790,65536,0,0,0,0
21150,230.683,215.438,7.976758,8.000488,-0.02373,8.000488,8.001465,-0.024707,1906.5871,0.0,0.948343,162.1483,0.213496,0.497734,0.28877,51200,97617259,818,65536,0,0,0,0
21200,231.162,215.876,7.976708,8.000488,-0.02378,8.000488,8.001831,-0.025123,1914.3,0.0,0.948507,156.0993,0.212871,0.494277,0.292852,51200,98012160,788,65536,0,0,0,0
21250,231.755,216.422,7.976484,8.000488,-0.024005,8.000488,8.001465,-0.024981,1926.3336,0.0,0.948744,151.5578,0.213945,0.493359,0.292695,51200,98628282,829,65536,0,0,0,0
21300,232.192,216.834,7.976921,8.000488,-0.023567,8.000488,8.001953,-0.025032,1970.3796,0.0,0.95006,158.3563,0.218379,0.491582,0.290039,51200,100883437,770,65536,0,0,0,0
21350,232.669,217.271,7.977404,8.000488,-0.023085,8.000488,8.002563,-0.02516,1955.8569,0.0,0.94964,145.9928,0.217559,0.493418,0.289023,51200,100139871,717,65536,0,0,0,0
21400,233.187,217.753,7.977549,8.000488,-0.02294,8.000488,8.002197,-0.024649,1952.3008,0.0,0.949822,150.2069,0.217832,0.486055,0.296113,51200,99957802,781,65536,0,0,0,0
21450,233.651,218.146,7.977615,8.000488,-0.022873,8.000488,8.001709,-0.024094,1945.5458,0.0,0.949363,145.3488,0.217539,0.489512,0.292949,51200,99611947,752,65536,0,0,0,0
21500,234.237,218.691,7.978175,8.000488,-0.022313,8.000488,8.002319,-0.024144,1987.5912,0.0,0.95044,147.9465,0.222812,0.49043,0.286758,51200,101764667,809,65536,0,0,0,0
21550,234.754,219.156,7.978021,8.000488,-0.022467,8.000488,8.001587,-0.023566,1984.1023,0.0,0.950222,144.8494,0.222012,0.490527,0.287461,51200,101586038,780,65536,0,0,0,0
21600,235.261,219.593,7.977913,8.000488,-0.022575,8.000488,8.001953,-0.02404,1934.2986,0.0,0.949089,147.5251,0.215391,0.493945,0.290664,51200,99036089,764,65536,0,0,0,0
21650,235.757,220.066,7.977618,8.000488,-0.02287,8.000488,8.001953,-0.024335,1945.8454,0.0,0.949848,146.7019,0.218301,0.484102,0.297598,51200,99627284,784,65536,0,0,0,0
21700,236.376,220.651,7.976725,8.000488,-0.023763,8.000488,8.001099,-0.024374,1947.7849,0.0,0.949625,147.532,0.218672,0.489648,0.29168,51200,99726587,737,65536,0,0,0,0
21750,236.89,221.111,7.977335,8.000488,-0.023153,8.000488,8.001709,-0.024374,1995.3145,0.0,0.950331,150.2342,0.222773,0.498359,0.278867,51200,102160101,796,65536,0,0,0,0
21800,237.451,221.627,7.977494,8.000488,-0.022994,8.000488,8.002075,-0.024581,2007.5263,0.0,0.950783,151.872,0.224551,0.487637,0.287812,51200,102785345,799,65536,0,0,0,0
21850,237.96,222.107,7.977003,8.000488,-0.023485,8.000488,8.001587,-0.024584,2080.4851,0.0,0.952697,164.2071,0.232441,0.482246,0.285312,51200,106520836,746,65536,0,0,0,0
21900,238.451,222.559,7.976657,8.000488,-0.023831,8.000488,8.001709,-0.025052,2069.1921,0.0,0.952626,162.1844,0.230625,0.477461,0.291914,51200,105942634,768,65536,0,0,0,0
21950,239.075,223.157,7.976981,8.000488,-0.023507,8.000488,8.001221,-0.02424,2076.0071,0.0,0.953181,167.6961,0.232266,0.471523,0.296211,51200,106291561,813,65536,0,0,0,0
22000,239.59,223.646,7.977365,8.000488,-0.023123,8.000488,8.001831,-0.024466,2107.9475,0.0,0.954101,176.7453,0.237461,0.467031,0.295508,51200,107926911,809,65536,0,0,0,0
22050,240.138,224.169,7.976721,8.000488,-0.023767,8.000488,8.001709,-0.024988,2158.9106,0.0,0.95495,179.7043,0.243066,0.466484,0.290449,51200,110536221,780,65536,0,0,0,0
22100,240.724,224.698,7.977008,8.000488,-0.023481,8.000488,8.001953,-0.024945,2114.5734,0.0,0.95418,182.337,0.237871,0.471562,0.290566,51200,108266159,775,65536,0,0,0,0
22150,241.317,225.258,7.977265,8.000488,-0.023224,8.000488,8.002075,-0.024811,2118.5976,0.0,0.954433,183.1531,0.237852,0.468672,0.293477,51200,108472199,785,65536,0,0,0,0
22200,241.853,225.769,7.977905,8.000488,-0.022583,8.000488,8.002563,-0.024659,2105.9441,0.0,0.954,178.5797,0.237188,0.469863,0.292949,51200,107824336,812,65536,0,0,0,0
22250,242.474,226.366,7.978244,8.000488,-0.022244,8.000488,8.002441,-0.024197,2095.3903,0.0,0.953791,174.0825,0.233496,0.470469,0.296035,51200,107283984,814,65536,0,0,0,0
22300,243.249,227.104,7.978674,8.000488,-0.021814,8.000488,8.002563,-0.02389,2123.6832,0.0,0.954777,175.7262,0.23668,0.458789,0.304531,51200,108732582,802,65536,0,0,0,0
22350,243.647,227.476,7.97819,8.000488,-0.022298,8.000488,8.002197,-0.024007,2114.0185,0.0,0.954654,172.7888,0.235137,0.459062,0.305801,51200,108237746,776,65536,0,0,0,0
22400,244.17,227.95,7.977987,8.000488,-0.022502,8.000488,8.002319,-0.024333,2089.4695,0.0,0.95408,179.487,0.232676,0.457461,0.309863,51200,106980840,782,65536,0,0,0,0
22450,244.562,228.317,7.977785,8.000488,-0.022703,8.000488,8.002319,-0.024534,2123.3479,0.0,0.95482,179.2735,0.2375,0.456211,0.306289,51200,108715415,778,65536,0,0,0,0
22500,245.145,228.842,7.977258,8.000488,-0.02323,8.000488,8.001953,-0.024695,2083.5051,0.0,0.954158,178.1971,0.232871,0.45627,0.310859,51200,106675461,766,65536,0,0,0,0
22550,245.732,229.368,7.977842,8.000488,-0.022646,8.000488,8.002319,-0.024478,2042.2862,0.0,0.952993,176.5869,0.227305,0.465273,0.307422,51200,104565052,743,65536,0,0,0,0
22600,246.333,229.907,7.977509,8.000488,-0.022979,8.000488,8.002075,-0.024566,2023.9087,0.0,0.952306,172.9764,0.225039,0.465586,0.309375,51200,103624126,801,65536,0,0,0,0
22650,246.994,230.541,7.977718,8.000488,-0.022771,8.000488,8.002197,-0.02448,2037.5321,0.0,0.952554,173.4205,0.228359,0.466309,0.305332,51200,104321644,842,65536,0,0,0,0
22700,247.607,231.106,7.977755,8.000488,-0.022733,8.000488,8.002319,-0.024564,2021.2123,0.0,0.951838,165.8982,0.225723,0.473008,0.30127,51200,103486069,817,65536,0,0,0,0
22750,248.193,231.652,7.978114,8.000488,-0.022375,8.000488,8.002563,-0.02445,2025.7624,0.0,0.951952,163.5632,0.226777,0.473145,0.300078,51200,103719036,828,65536,0,0,0,0
22800,248.66,232.09,7.977777,8.000488,-0.022712,8.000488,8.002563,-0.024787,2018.6608,0.0,0.95177,159.3595,0.224375,0.472188,0.303438,51200,103355432,771,65536,0,0,0,0
22850,249.176,232.582,7.978004,8.000488,-0.022484,8.000488,8.003174,-0.025169,2014.2412,0.0,0.951733,162.6277,0.223984,0.474199,0.301816,51200,103129148,799,65536,0,0,0,0
22900,249.773,233.131,7.977598,8.000488,-0.02289,8.000488,8.002441,-0.024844,2032.7253,0.0,0.952361,167.554,0.227012,0.467676,0.305312,51200,104075534,743,65536,0,0,0,0
22950,250.277,233.609,7.977419,8.000488,-0.023069,8.000488,8.002319,-0.0249,2006.0791,0.0,0.951666,165.6465,0.224434,0.468711,0.306855,51200,102711252,755,65536,0,0,0,0
23000,250.66,233.967,7.977258,8.000488,-0.02323,8.000488,8.002197,-0.024939,2024.3475,0.0,0.952258,154.9186,0.227285,0.465957,0.306758,51200,103646593,787,65536,0,0,0,0
23050,251.244,234.507,7.977367,8.000488,-0.023121,8.000488,8.001953,-0.024586,2015.0952,0.0,0.951798,154.6894,0.226152,0.471953,0.301895,51200,103172874,790,65536,0,0,0,0
23100,251.773,235.008,7.977315,8.000488,-0.023173,8.000488,8.002075,-0.02476,2014.8389,0.0,0.951661,156.1391,0.22623,0.474062,0.299707,51200,103159754,799,65536,0,0,0,0
23150,252.389,235.596,7.97665,8.000488,-0.023838,8.000488,8.001587,-0.024937,2058.8134,0.0,0.952775,160.5293,0.232832,0.473047,0.294121,51200,105411248,811,65536,0,0,0,0
23200,252.888,236.067,7.977341,8.000488,-0.023147,8.000488,8.001221,-0.02388,2086.5872,0.0,0.953136,159.9669,0.235723,0.475098,0.28918,51200,106833266,786,65536,0,0,0,0
23250,253.421,236.573,7.97712,8.000488,-0.023368,8.000488,8.000732,-0.023612,2067.4733,0.0,0.952487,154.7273,0.232285,0.480156,0.287559,51200,105854634,778,65536,0,0,0,0
23300,253.947,237.054,7.976049,8.000488,-0.024439,8.000488,8.000366,-0.024317,2078.1858,0.0,0.952819,158.6217,0.232734,0.480195,0.28707,51200,106403113,781,65536,0,0,0,0
23350,254.437,237.519,7.976227,8.000488,-0.024261,8.000488,8.000366,-0.024139,2073.1723,0.0,0.952725,155.3787,0.231953,0.480312,0.287734,51200,106146420,777,65536,0,0,0,0
23400,254.924,237.982,7.976153,8.000488,-0.024335,8.000488,8.000366,-0.024213,2048.4758,0.0,0.952119,153.5711,0.230254,0.483691,0.286055,51200,104881963,801,65536,0,0,0,0
23450,255.31,238.343,7.975815,8.000488,-0.024673,8.000488,8.000244,-0.024429,1987.0181,0.0,0.950496,150.2244,0.22252,0.490059,0.287422,51200,101735329,809,65536,0,0,0,0
23500,255.995,239.004,7.976716,8.000488,-0.023772,8.000488,8.000732,-0.024017,2003.4028,0.0,0.950913,148.7056,0.223672,0.490938,0.285391,51200,102574222,791,65536,0,0,0,0
23550,256.386,239.369,7.976673,8.000488,-0.023816,8.000488,8.001709,-0.025036,2014.1856,0.0,0.951036,143.7952,0.225645,0.492969,0.281387,51200,103126305,809,65536,0,0,0,0
23600,256.895,239.846,7.977347,8.000488,-0.023141,8.000488,8.001587,-0.02424,2064.2961,0.0,0.952062,146.471,0.231211,0.491465,0.277324,51200,105691959,825,65536,0,0,0,0
23650,257.379,240.306,7.977649,8.000488,-0.022839,8.000488,8.002563,-0.024914,2107.7934,0.0,0.952641,149.7558,0.235996,0.496562,0.267441,51200,107919022,723,65536,0,0,0,0
23700,257.855,240.756,7.977448,8.000488,-0.02304,8.000488,8.001709,-0.024261,2084.5647,0.0,0.952061,151.1646,0.232637,0.505684,0.26168,51200,106729715,816,65536,0,0,0,0
23750,258.293,241.145,7.977433,8.000488,-0.023055,8.000488,8.001709,-0.024276,2038.5979,0.0,0.951136,146.6888,0.227012,0.507344,0.265645,51200,104376213,804,65536,0,0,0,0
23800,258.803,241.619,7.977715,8.000488,-0.022774,8.000488,8.001709,-0.023994,2027.0788,0.0,0.950725,140.7836,0.225938,0.506582,0.26748,51200,103786435,834,65536,0,0,0,0
23850,259.188,241.978,7.977193,8.000488,-0.023296,8.000488,8.002075,-0.024883,2008.9238,0.0,0.950437,145.299,0.225078,0.502207,0.272715,51200,102856899,793,65536,0,0,0,0
23900,259.681,242.426,7.977267,8.000488,-0.023221,8.000488,8.001831,-0.024564,2048.8642,0.0,0.951764,151.0309,0.231035,0.497441,0.271523,51200,104901847,779,65536,0,0,0,0
23950,260.297,243.013,7.976704,8.000488,-0.023784,8.000488,8.002441,-0.025737,2058.2826,0.0,0.951913,162.3832,0.232246,0.499238,0.268516,51200,105384070,742,65536,0,0,0,0
24000,260.996,243.672,7.977134,8.000488,-0.023354,8.000488,8.002319,-0.025185,2097.3912,0.0,0.952826,170.0635,0.235703,0.497949,0.266348,51200,107386427,795,65536,0,0,0,0
24050,261.568,244.211,7.976565,8.000488,-0.023923,8.000488,8.001831,-0.025266,2087.0675,0.0,0.952559,167.0175,0.234961,0.500625,0.264414,51200,106857858,786,65536,0,0,0,0
24100,261.972,244.592,7.976502,8.000488,-0.023987,8.000488,8.001953,-0.025451,2127.3843,0.0,0.953527,176.6002,0.240215,0.496172,0.263613,51200,108922075,763,65536,0,0,0,0
24150,262.523,245.117,7.977026,8.000488,-0.023462,8.000488,8.001953,-0.024927,2194.6348,0.0,0.954986,178.9238,0.248008,0.493223,0.25877,51200,112365301,764,65536,0,0,0,0
24200,263.118,245.686,7.977249,8.000488,-0.02324,8.000488,8.001953,-0.024705,2165.143,0.0,0.954398,179.9964,0.242812,0.493887,0.263301,51200,110855320,749,65536,0,0,0,0
24250,263.672,246.217,7.977049,8.000488,-0.023439,8.000488,8.002319,-0.02527,2175.9169,0.0,0.954893,175.7103,0.244238,0.485898,0.269863,51200,111406943,770,65536,0,0,0,0
24300,264.344,246.839,7.977293,8.000488,-0.023196,8.000488,8.002563,-0.025271,2169.8854,0.0,0.95451,173.4005,0.243164,0.490664,0.266172,51200,111098130,768,65536,0,0,0,0
24350,264.861,247.299,7.977477,8.000488,-0.023011,8.000488,8.002319,-0.024842,2190.7434,0.0,0.954834,175.0625,0.244434,0.492539,0.263027,51200,112166063,776,65536,0,0,0,0
24400,265.441,247.855,7.977607,8.000488,-0.022881,8.000488,8.002075,-0.024468,2157.9932,0.0,0.954662,183.5138,0.241113,0.482617,0.27627,51200,110489254,760,65536,0,0,0,0
24450,265.931,248.32,7.976748,8.000488,-0.02374,8.000488,8.001587,-0.024839,2154.8282,0.0,0.954347,181.0483,0.239863,0.488008,0.272129,51200,110327203,743,65536,0,0,0,0
24500,266.368,248.733,7.977164,8.000488,-0.023324,8.000488,8.001953,-0.024789,2183.3868,0.0,0.954738,189.1374,0.243535,0.488574,0.267891,51200,111789403,792,65536,0,0,0,0
24550,266.906,249.23,7.977098,8.000488,-0.02339,8.000488,8.002075,-0.024977,2177.7373,0.0,0.954892,180.3136,0.243203,0.480254,0.276543,51200,111500151,775,65536,0,0,0,0
24600,267.358,249.657,7.977139,8.000488,-0.023349,8.000488,8.002563,-0.025424,2145.6377,0.0,0.954132,188.0051,0.238965,0.475703,0.285332,51200,109856651,805,65536,0,0,0,0
24650,268.156,250.412,7.97707,8.000488,-0.023418,8.000488,8.002075,-0.025005,2125.5282,0.0,0.953801,183.5355,0.235664,0.480527,0.283809,51200,108827043,771,65536,0,0,0,0
24700,268.747,250.964,7.977119,8.000488,-0.023369,8.000488,8.002563,-0.025445,2142.9639,0.0,0.954007,188.9151,0.236895,0.487793,0.275312,51200,109719754,778,65536,0,0,0,0
24750,269.343,251.531,7.976924,8.000488,-0.023564,8.000488,8.002441,-0.025517,2157.5844,0.0,0.954273,190.9636,0.238945,0.485957,0.275098,51200,110468319,804,65536,0,0,0,0
24800,269.894,252.057,7.97618,8.000488,-0.024308,8.000488,8.001831,-0.025651,2189.452,0.0,0.954849,187.9825,0.243398,0.485078,0.271523,51200,112099941,719,65536,0,0,0,0
24850,270.44,252.578,7.976463,8.000488,-0.024025,8.000488,8.001709,-0.025246,2151.1826,0.0,0.954119,186.0452,0.237812,0.485547,0.276641,51200,110140549,780,65536,0,0,0,0
24900,270.965,253.058,7.977446,8.000488,-0.023042,8.000488,8.001709,-0.024263,2148.0754,0.0,0.954137,184.4657,0.238516,0.485742,0.275742,51200,109981461,847,65536,0,0,0,0
24950,271.37,253.437,7.976448,8.000488,-0.02404,8.000488,8.001465,-0.025017,2108.7818,0.0,0.953346,184.933,0.235195,0.486504,0.278301,51200,107969630,830,65536,0,0,0,0
25000,271.864,253.906,7.976624,8.000488,-0.023864,8.000488,8.001343,-0.024719,2095.895,0.0,0.953215,187.0356,0.233906,0.481582,0.284512,51200,107309824,764,65536,0,0,0,0
25050,272.505,254.521,7.976896,8.000488,-0.023593,8.000488,8.001953,-0.025057,2106.0585,0.0,0.953579,184.3587,0.234727,0.477871,0.287402,51200,107830193,750,65536,0,0,0,0
25100,273.041,255.009,7.976982,8.000488,-0.023507,8.000488,8.001709,-0.024727,2112.3497,0.0,0.953529,182.0254,0.234746,0.480723,0.284531,51200,108152305,757,65536,0,0,0,0
25150,273.652,255.593,7.977096,8.000488,-0.023392,8.000488,8.001709,-0.024613,2121.7282,0.0,0.953592,193.0891,0.236992,0.480488,0.28252,51200,108632485,766,65536,0,0,0,0
25200,274.112,256.029,7.978036,8.000488,-0.022452,8.000488,8.001709,-0.023673,2062.4431,0.0,0.952212,188.9141,0.230215,0.484492,0.285293,51200,105597087,786,65536,0,0,0,0
25250,274.572,256.458,7.977223,8.000488,-0.023265,8.000488,8.001709,-0.024486,2082.225,0.0,0.952955,198.52,0.233906,0.481836,0.284258,51200,106609919,845,65536,0,0,0,0
25300,275.22,257.081,7.977046,8.000488,-0.023442,8.000488,8.001465,-0.024419,2070.7517,0.0,0.952818,206.6997,0.232832,0.476113,0.291055,51200,106022485,827,65536,0,0,0,0
25350,275.88,257.697,7.977423,8.000488,-0.023065,8.000488,8.002441,-0.025018,2077.8943,0.0,0.95297,208.5676,0.23291,0.476152,0.290938,51200,106388190,837,65536,0,0,0,0
25400,276.348,258.142,7.977208,8.000488,-0.02328,8.000488,8.001953,-0.024745,2015.248,0.0,0.951499,201.1786,0.224473,0.480566,0.294961,51200,103180698,836,65536,0,0,0,0
25450,276.769,258.537,7.977288,8.000488,-0.0232,8.000488,8.001465,-0.024177,1988.8469,0.0,0.950811,188.647,0.221211,0.481094,0.297695,51200,101828963,800,65536,0,0,0,0
25500,277.362,259.106,7.977511,8.000488,-0.022977,8.000488,8.001343,-0.023831,2008.3902,0.0,0.951108,186.5071,0.223262,0.484727,0.292012,51200,102829580,752,65536,0,0,0,0
25550,277.866,259.562,7.977351,8.000488,-0.023137,8.000488,8.001709,-0.024358,2016.7213,0.0,0.951395,180.7931,0.224922,0.485293,0.289785,51200,103256130,808,65536,0,0,0,0
25600,278.366,260.028,7.977618,8.000488,-0.022871,8.000488,8.000977,-0.023359,1973.7269,0.0,0.950316,164.7412,0.219707,0.48293,0.297363,51200,101054817,801,65536,0,0,0,0
25650,278.837,260.475,7.977385,8.000488,-0.023103,8.000488,8.000488,-0.023103,1976.2096,0.0,0.950704,170.0094,0.219863,0.476504,0.303633,51200,101181929,788,65536,0,0,0,0
25700,279.426,261.039,7.978114,8.000488,-0.022375,8.000488,8.001465,-0.023351,1965.9847,0.0,0.95039,171.835,0.218477,0.481328,0.300195,51200,100658417,826,65536,0,0,0,0
25750,279.902,261.49,7.977221,8.000488,-0.023267,8.000488,8.001343,-0.024122,1979.9927,0.0,0.95074,165.7954,0.220742,0.484258,0.295,51200,101375628,800,65536,0,0,0,0
25800,280.415,261.954,7.976824,8.000488,-0.023664,8.000488,8.000854,-0.02403,1967.9932,0.0,0.950483,154.8609,0.219609,0.481562,0.298828,51200,100761253,791,65536,0,0,0,0
25850,280.887,262.371,7.977682,8.000488,-0.022807,8.000488,8.001221,-0.023539,1938.6891,0.0,0.949858,157.7529,0.21666,0.48123,0.302109,51200,99260882,789,65536,0,0,0,0
25900,281.418,262.844,7.977504,8.000488,-0.022984,8.000488,8.001221,-0.023717,1943.9872,0.0,0.949842,164.7757,0.21709,0.482891,0.30002,51200,99532143,813,65536,0,0,0,0
25950,282.106,263.507,7.977232,8.000488,-0.023256,8.000488,8.000854,-0.023622,1896.892,0.0,0.949019,151.0363,0.212617,0.477227,0.310156,51200,97120869,774,65536,0,0,0,0
26000,282.505,263.854,7.977305,8.000488,-0.023183,8.000488,8.000977,-0.023671,1854.8218,0.0,0.947524,145.9836,0.206426,0.480859,0.312715,51200,94966874,809,65536,0,0,0,0
26050,283.001,264.325,7.977756,8.000488,-0.022732,8.000488,8.001465,-0.023709,1778.5327,0.0,0.944986,138.1159,0.19918,0.490723,0.310098,51200,91060875,824,65536,0,0,0,0
26100,283.514,264.805,7.977111,8.000488,-0.023377,8.000488,8.001343,-0.024232,1812.4562,0.0,0.946199,141.1497,0.202656,0.486699,0.310645,51200,92797758,772,65536,0,0,0,0
26150,283.913,265.18,7.977486,8.000488,-0.023002,8.000488,8.001221,-0.023735,1836.4094,0.0,0.947065,142.712,0.205312,0.48248,0.312207,51200,94024161,802,65536,0,0,0,0
26200,284.393,265.635,7.977674,8.000488,-0.022815,8.000488,8.001343,-0.023669,1830.3056,0.0,0.946716,139.9348,0.202852,0.480664,0.316484,51200,93711645,780,65536,0,0,0,0
26250,285.021,266.238,7.977491,8.000488,-0.022997,8.000488,8.001465,-0.023974,1870.88,0.0,0.947611,146.2752,0.207129,0.485,0.307871,51200,95789057,791,65536,0,0,0,0
26300,285.496,266.689,7.97747,8.000488,-0.023019,8.000488,8.001831,-0.024361,1873.9236,0.0,0.948071,144.8897,0.208535,0.480801,0.310664,51200,95944886,745,65536,0,0,0,0
26350,285.893,267.06,7.977242,8.000488,-0.023246,8.000488,8.001709,-0.024467,1930.1071,0.0,0.949673,156.589,0.216152,0.472129,0.311719,51200,98821485,744,65536,0,0,0,0
26400,286.451,267.586,7.977825,8.000488,-0.022664,8.000488,8.001953,-0.024128,1926.1454,0.0,0.949738,155.1083,0.216035,0.469492,0.314473,51200,98618642,803,65536,0,0,0,0
26450,286.982,268.051,7.978416,8.000488,-0.022072,8.000488,8.001953,-0.023537,1878.453,0.0,0.948474,153.1061,0.209609,0.472285,0.318105,51200,96176795,775,65536,0,0,0,0
26500,287.433,268.45,7.977856,8.000488,-0.022632,8.000488,8.001587,-0.023731,1850.541,0.0,0.947989,149.383,0.206426,0.471133,0.322441,51200,94747701,781,65536,0,0,0,0
26550,287.955,268.94,7.977944,8.000488,-0.022544,8.000488,8.001343,-0.023399,1915.7463,0.0,0.949963,148.47,0.214805,0.460586,0.324609,51200,98086213,818,65536,0,0,0,0
26600,288.468,269.416,7.976817,8.000488,-0.023672,8.000488,8.000854,-0.024038,1916.0303,0.0,0.949956,147.707,0.214883,0.46166,0.323457,51200,98100752,795,65536,0,0,0,0
26650,288.999,269.906,7.977137,8.000488,-0.023351,8.000488,8.001221,-0.024084,1985.6847,0.0,0.951557,153.0173,0.224102,0.462168,0.31373,51200,101667058,781,65536,0,0,0,0
26700,289.393,270.275,7.977401,8.000488,-0.023087,8.000488,8.001221,-0.02382,1934.3722,0.0,0.950097,149.1455,0.218027,0.472793,0.30918,51200,99039859,801,65536,0,0,0,0
26750,289.864,270.722,7.977386,8.000488,-0.023102,8.000488,8.000977,-0.023591,1988.6154,0.0,0.951654,154.8424,0.224922,0.464375,0.310703,51200,101817109,787,65536,0,0,0,0
26800,290.37,271.2,7.977917,8.000488,-0.022572,8.000488,8.001343,-0.023426,1996.7553,0.0,0.951253,151.4403,0.223496,0.472402,0.304102,51200,102233871,778,65536,0,0,0,0
26850,290.767,271.574,7.978854,8.000488,-0.021634,8.000488,8.001709,-0.022855,2027.1121,0.0,0.952249,155.1081,0.227461,0.467051,0.305488,51200,103788142,768,65536,0,0,0,0
26900,291.274,272.056,7.978804,8.000488,-0.021684,8.000488,8.001709,-0.022905,2070.4587,0.0,0.953467,161.5614,0.23291,0.460391,0.306699,51200,106007486,820,65536,0,0,0,0
26950,291.86,272.617,7.978366,8.000488,-0.022122,8.000488,8.001465,-0.023099,2033.5503,0.0,0.952867,157.5166,0.228477,0.455801,0.315723,51200,104117774,793,65536,0,0,0,0
27000,292.501,273.181,7.977485,8.000488,-0.023003,8.000488,8.001099,-0.023613,2063.8216,0.0,0.954117,164.2215,0.231875,0.443691,0.324434,51200,105667664,760,65536,0,0,0,0
27050,293.083,273.735,7.977851,8.000488,-0.022637,8.000488,8.001099,-0.023248,2070.0911,0.0,0.954054,165.2011,0.23248,0.452695,0.314824,51200,105988663,799,65536,0,0,0,0
27100,293.569,274.197,7.977838,8.000488,-0.02265,8.000488,8.001709,-0.023871,2101.0447,0.0,0.954784,161.9128,0.236504,0.450645,0.312852,51200,107573488,763,65536,0,0,0,0
27150,294.004,274.608,7.978297,8.000488,-0.022191,8.000488,8.001587,-0.02329,2082.7353,0.0,0.954428,158.191,0.2325,0.450684,0.316816,51200,106636048,829,65536,0,0,0,0
27200,294.487,275.067,7.978598,8.000488,-0.02189,8.000488,8.001709,-0.023111,2092.1044,0.0,0.954462,162.1086,0.233359,0.452051,0.31459,51200,107115746,835,65536,0,0,0,0
27250,294.912,275.467,7.978086,8.000488,-0.022402,8.000488,8.001831,-0.023745,2058.9325,0.0,0.95369,155.8193,0.230332,0.455078,0.31459,51200,105417343,821,65536,0,0,0,0
27300,295.403,275.933,7.977602,8.000488,-0.022886,8.000488,8.002563,-0.024961,2077.5293,0.0,0.954493,160.6673,0.232871,0.449805,0.317324,51200,106369502,772,65536,0,0,0,0
27350,295.857,276.362,7.976307,8.000488,-0.024181,8.000488,8.001587,-0.02528,2157.426,0.0,0.956487,156.677,0.242383,0.434629,0.322988,51200,110460212,767,65536,0,0,0,0
27400,296.587,277.043,7.975626,8.000488,-0.024863,8.000488,8.001099,-0.025473,2166.0292,0.0,0.956432,158.4085,0.243652,0.439707,0.316641,51200,110900697,786,65536,0,0,0,0
27450,297.101,277.53,7.976751,8.000488,-0.023737,8.000488,8.001587,-0.024836,2139.6472,0.0,0.955939,156.7776,0.239473,0.437793,0.322734,51200,109549935,752,65536,0,0,0,0
27500,297.572,277.948,7.976282,8.000488,-0.024206,8.000488,8.001465,-0.025183,2162.6449,0.0,0.956175,156.4456,0.242402,0.443516,0.314082,51200,110727418,802,65536,0,0,0,0
27550,298.0,278.335,7.976484,8.000488,-0.024005,8.000488,8.001465,-0.024981,2182.0661,0.0,0.956695,158.4898,0.244844,0.438809,0.316348,51200,111721782,776,65536,0,0,0,0
27600,298.587,278.889,7.976673,8.000488,-0.023815,8.000488,8.002319,-0.025646,2195.5754,0.0,0.95654,164.8198,0.248008,0.450703,0.301289,51200,112413463,761,65536,0,0,0,0
27650,299.206,279.484,7.976904,8.000488,-0.023584,8.000488,8.001831,-0.024927,2164.8243,0.0,0.95581,155.0325,0.243828,0.449805,0.306367,51200,110839005,757,65536,0,0,0,0
27700,299.706,279.96,7.976781,8.000488,-0.023707,8.000488,8.001831,-0.02505,2168.6669,0.0,0.955748,152.8972,0.243457,0.452012,0.304531,51200,111035743,738,65536,0,0,0,0
27750,300.155,280.36,7.977092,8.000488,-0.023397,8.000488,8.002197,-0.025106,2159.7787,0.0,0.955521,153.5494,0.241758,0.452559,0.305684,51200,110580670,807,65536,0,0,0,0
27800,300.805,280.982,7.977057,8.000488,-0.023432,8.000488,8.002197,-0.025141,2175.7744,0.0,0.956026,164.4309,0.244082,0.448887,0.307031,51200,111399647,727,65536,0,0,0,0
27850,301.463,281.607,7.977022,8.000488,-0.023467,8.000488,8.002075,-0.025054,2168.5228,0.0,0.956029,162.5462,0.242812,0.447969,0.309219,51200,111028367,805,65536,0,0,0,0
27900,302.046,282.156,7.976747,8.000488,-0.023741,8.000488,8.001709,-0.024962,2163.8595,0.0,0.955729,167.4904,0.241641,0.455352,0.303008,51200,110789604,785,65536,0,0,0,0
27950,302.593,282.678,7.977383,8.000488,-0.023105,8.000488,8.001587,-0.024204,2166.6912,0.0,0.955445,167.198,0.241367,0.464453,0.29418,51200,110934591,749,65536,0,0,0,0
28000,303.147,283.208,7.977674,8.000488,-0.022814,8.000488,8.001953,-0.024279,2173.7551,0.0,0.955707,164.4401,0.242168,0.464062,0.29377,51200,111296262,821,65536,0,0,0,0
28050,303.784,283.821,7.97765,8.000488,-0.022838,8.000488,8.001831,-0.024181,2168.7584,0.0,0.955795,165.9377,0.242852,0.462773,0.294375,51200,111040429,781,65536,0,0,0,0
28100,304.175,284.188,7.978132,8.000488,-0.022356,8.000488,8.001343,-0.023211,2138.7189,0.0,0.955399,165.9155,0.240762,0.455781,0.303457,51200,109502409,746,65536,0,0,0,0
28150,304.667,284.65,7.977547,8.000488,-0.022941,8.000488,8.001221,-0.023674,2139.3203,0.0,0.955476,166.2082,0.241211,0.452832,0.305957,51200,109533197,825,65536,0,0,0,0
28200,305.167,285.126,7.976981,8.000488,-0.023507,8.000488,8.001099,-0.024118,2126.6231,0.0,0.955153,170.3084,0.240645,0.455117,0.304238,51200,108883102,785,65536,0,0,0,0
28250,305.676,285.611,7.976878,8.000488,-0.02361,8.000488,8.001099,-0.02422,2182.7796,0.0,0.956188,172.3718,0.245742,0.451816,0.302441,51200,111758317,789,65536,0,0,0,0
28300,306.19,286.101,7.976569,8.000488,-0.023919,8.000488,8.000854,-0.024286,2178.5093,0.0,0.956076,168.1744,0.245117,0.450156,0.304727,51200,111539677,811,65536,0,0,0,0
28350,306.711,286.573,7.97639,8.000488,-0.024098,8.000488,8.000488,-0.024098,2140.5331,0.0,0.95536,166.3401,0.239453,0.449434,0.311113,51200,109595295,830,65536,0,0,0,0
28400,307.153,286.991,7.975737,8.000488,-0.024751,8.000488,8.0,-0.024263,2149.4228,0.0,0.955187,163.1365,0.240156,0.455098,0.304746,51200,110050447,824,65536,0,0,0,0
28450,307.641,287.429,7.976513,8.000488,-0.023975,8.000488,8.001099,-0.024586,2111.8079,0.0,0.954287,175.7394,0.234805,0.459453,0.305742,51200,108124567,776,65536,0,0,0,0
28500,308.17,287.908,7.97744,8.000488,-0.023048,8.000488,8.001709,-0.024269,2128.5316,0.0,0.954824,174.223,0.238262,0.45582,0.305918,51200,108980817,762,65536,0,0,0,0
28550,308.958,288.665,7.977637,8.000488,-0.022851,8.000488,8.001465,-0.023827,2170.2968,0.0,0.955489,178.5771,0.243516,0.453906,0.302578,51200,111119195,746,65536,0,0,0,0
28600,309.462,289.145,7.978067,8.000488,-0.022422,8.000488,8.000854,-0.022788,2175.2221,0.0,0.955521,175.2211,0.243223,0.454844,0.301934,51200,111371370,800,65536,0,0,0,0
28650,310.031,289.65,7.978339,8.000488,-0.02215,8.000488,8.000732,-0.022394,2205.612,0.0,0.955833,169.6243,0.245801,0.459258,0.294941,51200,112927335,753,65536,0,0,0,0
28700,310.654,290.249,7.978448,8.000488,-0.022041,8.000488,8.000732,-0.022285,2225.4919,0.0,0.95599,170.5019,0.248398,0.463555,0.288047,51200,113945185,736,65536,0,0,0,0
28750,311.202,290.771,7.978639,8.000488,-0.021849,8.000488,8.000854,-0.022215,2243.8563,0.0,0.956354,180.4054,0.251816,0.465117,0.283066,51200,114885445,761,65536,0,0,0,0
28800,311.689,291.206,7.977508,8.000488,-0.02298,8.000488,8.00061,-0.023102,2241.5399,0.0,0.95655,181.9519,0.250273,0.458242,0.291484,51200,114766842,802,65536,0,0,0,0
28850,312.27,291.759,7.976727,8.000488,-0.023761,8.000488,8.000122,-0.023395,2224.1634,0.0,0.956076,179.5163,0.248809,0.462754,0.288438,51200,113877168,796,65536,0,0,0,0
28900,312.767,292.202,7.976316,8.000488,-0.024172,8.000488,8.000244,-0.023928,2205.6396,0.0,0.956084,176.7788,0.248105,0.454551,0.297344,51200,112928746,814,65536,0,0,0,0
28950,313.383,292.765,7.976422,8.000488,-0.024066,8.000488,8.00061,-0.024188,2229.2087,0.0,0.95655,183.5045,0.251855,0.452852,0.295293,51200,114135487,813,65536,0,0,0,0
29000,313.93,293.263,7.976909,8.000488,-0.023579,8.000488,8.00061,-0.023701,2195.5125,0.0,0.955573,177.665,0.247637,0.460625,0.291738,51200,112410241,791,65536,0,0,0,0
29050,314.579,293.863,7.976879,8.000488,-0.023609,8.000488,8.000854,-0.023975,2188.9423,0.0,0.95575,175.8656,0.247969,0.457637,0.294395,51200,112073847,764,65536,0,0,0,0
29100,315.065,294.304,7.976933,8.000488,-0.023555,8.000488,8.000488,-0.023555,2163.4847,0.0,0.955235,165.8714,0.243027,0.457012,0.299961,51200,110770416,801,65536,0,0,0,0
29150,315.743,294.953,7.976332,8.000488,-0.024156,8.000488,8.000122,-0.02379,2120.0963,0.0,0.954316,159.6744,0.239023,0.455723,0.305254,51200,108548931,786,65536,0,0,0,0
29200,316.411,295.584,7.976331,8.000488,-0.024157,8.000488,8.0,-0.023669,2154.2549,0.0,0.955157,163.6998,0.240098,0.452324,0.307578,51200,110297852,786,65536,0,0,0,0
29250,316.931,296.08,7.976953,8.000488,-0.023535,8.000488,8.000854,-0.023901,2105.3897,0.0,0.954109,158.8412,0.234863,0.451426,0.313711,51200,107795953,790,65536,0,0,0,0
29300,317.336,296.457,7.976855,8.000488,-0.023633,8.000488,8.000488,-0.023633,2103.3192,0.0,0.953732,160.8195,0.234707,0.45459,0.310703,51200,107689943,774,65536,0,0,0,0
29350,317.857,296.944,7.976441,8.000488,-0.024047,8.000488,8.000122,-0.023681,2102.5511,0.0,0.953923,166.301,0.233398,0.451836,0.314766,51200,107650614,811,65536,0,0,0,0
29400,318.459,297.521,7.976789,8.000488,-0.0237,8.000488,8.000977,-0.024188,2132.4305,0.0,0.954766,170.1719,0.238574,0.444375,0.317051,51200,109180440,807,65536,0,0,0,0
29450,318.934,297.972,7.976832,8.000488,-0.023656,8.000488,8.000488,-0.023656,2093.8948,0.0,0.953911,166.0425,0.233965,0.44709,0.318945,51200,107207413,789,65536,0,0,0,0
29500,319.44,298.451,7.976516,8.000488,-0.023972,8.000488,8.000732,-0.024217,2110.3983,0.0,0.954124,170.0066,0.235352,0.450703,0.313945,51200,108052394,807,65536,0,0,0,0
29550,320.01,298.973,7.976877,8.000488,-0.023612,8.000488,8.000488,-0.023612,2097.2354,0.0,0.95382,172.2333,0.233379,0.457246,0.309375,51200,107378450,758,65536,0,0,0,0
29600,320.504,299.419,7.977019,8.000488,-0.023469,8.000488,8.000732,-0.023713,2045.993,0.0,0.952454,163.9526,0.226543,0.461055,0.312402,51200,104754844,761,65536,0,0,0,0
29650,321.001,299.89,7.977261,8.000488,-0.023227,8.000488,8.001221,-0.02396,2056.6815,0.0,0.952508,162.0344,0.227559,0.466035,0.306406,51200,105302095,772,65536,0,0,0,0
29700,321.504,300.341,7.977215,8.000488,-0.023274,8.000488,8.001343,-0.024128,2069.4977,0.0,0.952938,170.3756,0.229688,0.461777,0.308535,51200,105958281,775,65536,0,0,0,0
29750,322.235,301.047,7.977386,8.000488,-0.023103,8.000488,8.001343,-0.023957,2092.3436,0.0,0.953538,175.4274,0.23252,0.459707,0.307773,51200,107127991,834,65536,0,0,0,0
29800,322.892,301.68,7.976999,8.000488,-0.023489,8.000488,8.001099,-0.024099,2083.8857,0.0,0.953713,170.9764,0.231055,0.451289,0.317656,51200,106694949,772,65536,0,0,0,0
29850,323.323,302.082,7.977283,8.000488,-0.023205,8.000488,8.001343,-0.024059,2010.7152,0.0,0.951902,167.407,0.222227,0.457148,0.320625,51200,102948619,837,65536,0,0,0,0
29900,323.83,302.541,7.977558,8.000488,-0.02293,8.000488,8.000488,-0.02293,1983.9543,0.0,0.95138,170.2938,0.220977,0.457715,0.321309,51200,101578459,742,65536,0,0,0,0
29950,324.271,302.953,7.977945,8.000488,-0.022543,8.000488,8.000854,-0.022909,1961.7761,0.0,0.950531,169.0534,0.216934,0.469727,0.31334,51200,100442936,796,65536,0,0,0,0
30000,324.795,303.447,7.976581,8.000488,-0.023908,8.000488,8.000366,-0.023786,1942.4154,0.0,0.950265,172.6087,0.212891,0.467793,0.319316,51200,99451669,784,65536,0,0,0,0
30050,325.284,303.911,7.976603,8.000488,-0.023885,8.000488,8.000244,-0.023641,1911.5888,0.0,0.949488,176.1283,0.209902,0.467227,0.322871,51200,97873349,775,65536,0,0,0,0
30100,325.83,304.433,7.976395,8.000488,-0.024093,8.000488,8.000244,-0.023849,1923.1681,0.0,0.950036,174.4445,0.212656,0.462363,0.32498,51200,98466209,775,65536,0,0,0,0
30150,326.416,304.995,7.976702,8.000488,-0.023786,8.000488,8.000854,-0.024152,1885.539,0.0,0.948698,175.0351,0.208613,0.47334,0.318047,51200,96539595,807,65536,0,0,0,0
30200,326.866,305.42,7.976926,8.000488,-0.023562,8.000488,8.001221,-0.024295,1897.0141,0.0,0.94907,181.1706,0.210176,0.476621,0.313203,51200,97127124,777,65536,0,0,0,0
30250,327.505,306.016,7.977597,8.000488,-0.022892,8.000488,8.001099,-0.023502,1901.9088,0.0,0.948892,183.0053,0.211699,0.484414,0.303887,51200,97377731,852,65536,0,0,0,0
30300,327.998,306.471,7.976804,8.000488,-0.023684,8.000488,8.000488,-0.023684,1915.1157,0.0,0.949243,188.8472,0.212422,0.48125,0.306328,51200,98053924,820,65536,0,0,0,0
30350,328.47,306.908,7.976648,8.000488,-0.02384,8.000488,8.000977,-0.024329,1970.2975,0.0,0.950661,198.2448,0.220059,0.482285,0.297656,51200,100879232,791,65536,0,0,0,0
30400,328.867,307.281,7.976293,8.000488,-0.024195,8.000488,8.00061,-0.024317,1944.3242,0.0,0.950149,193.5106,0.216992,0.478242,0.304766,51200,99549398,818,65536,0,0,0,0
30450,329.392,307.777,7.975632,8.000488,-0.024856,8.000488,8.000122,-0.02449,1916.6168,0.0,0.948993,190.6933,0.214062,0.488984,0.296953,51200,98130780,733,65536,0,0,0,0
30500,329.878,308.239,7.976709,8.000488,-0.02378,8.000488,8.000732,-0.024024,1942.3295,0.0,0.949759,192.5818,0.216953,0.485801,0.297246,51200,99447270,821,65536,0,0,0,0
30550,330.362,308.697,7.976138,8.000488,-0.02435,8.000488,8.0,-0.023862,1931.6441,0.0,0.949664,191.0392,0.217168,0.477637,0.305195,51200,98900177,799,65536,0,0,0,0
30600,330.85,309.159,7.97591,8.000488,-0.024578,8.000488,7.999756,-0.023846,1891.0956,0.0,0.948614,190.9265,0.212305,0.477598,0.310098,51200,96824096,805,65536,0,0,0,0
30650,331.34,309.625,7.976707,8.000488,-0.023781,8.000488,8.000732,-0.024025,1883.4364,0.0,0.94935,192.2107,0.212676,0.462559,0.324766,51200,96431942,787,65536,0,0,0,0
30700,331.829,310.081,7.976329,8.000488,-0.024159,8.000488,8.000122,-0.023793,1821.0044,0.0,0.947235,187.5517,0.20582,0.471133,0.323047,51200,93235423,754,65536,0,0,0,0
30750,332.411,310.637,7.976209,8.000488,-0.024279,8.000488,8.000366,-0.024157,1802.0325,0.0,0.946677,184.4153,0.203105,0.476602,0.320293,51200,92264066,792,65536,0,0,0,0
30800,332.821,310.994,7.976302,8.000488,-0.024187,8.000488,8.000366,-0.024064,1776.6203,0.0,0.945643,165.2519,0.198906,0.477246,0.323848,51200,90962961,785,65536,0,0,0,0
30850,333.278,311.425,7.976184,8.000488,-0.024304,8.000488,7.999878,-0.023693,1769.2051,0.0,0.945501,166.2665,0.197832,0.472852,0.329316,51200,90583300,799,65536,0,0,0,0
30900,333.861,311.984,7.974923,8.000488,-0.025565,8.000488,7.998657,-0.023734,1761.7901,0.0,0.945154,160.2794,0.197363,0.473184,0.329453,51200,90203652,785,65536,0,0,0,0
30950,334.353,312.451,7.975495,8.000488,-0.024993,8.000488,7.999756,-0.024261,1712.6931,0.0,0.943346,159.1834,0.190977,0.479434,0.32959,51200,87689886,784,65536,0,0,0,0
31000,334.749,312.822,7.975733,8.000488,-0.024755,8.000488,7.999878,-0.024145,1685.3807,0.0,0.942357,149.959,0.187969,0.481523,0.330508,51200,86291493,805,65536,0,0,0,0
31050,335.211,313.236,7.97644,8.000488,-0.024049,8.000488,8.000366,-0.023927,1737.2415,0.0,0.943721,156.3171,0.195234,0.486426,0.31834,51200,88946767,830,65536,0,0,0,0
31100,335.718,313.664,7.976345,8.000488,-0.024143,8.000488,7.999878,-0.023533,1802.9961,0.0,0.945882,153.8442,0.202559,0.485117,0.312324,51200,92313402,791,65536,0,0,0,0
31150,336.263,314.179,7.976985,8.000488,-0.023503,8.000488,8.000488,-0.023503,1818.8845,0.0,0.946327,160.6455,0.204316,0.483164,0.31252,51200,93126887,843,65536,0,0,0,0
31200,336.725,314.616,7.976231,8.000488,-0.024257,8.000488,8.000244,-0.024013,1828.9293,0.0,0.946706,158.7991,0.203945,0.481953,0.314102,51200,93641180,758,65536,0,0,0,0
31250,337.21,315.076,7.975952,8.000488,-0.024537,8.000488,8.000244,-0.024293,1821.5737,0.0,0.94628,155.9344,0.203906,0.484863,0.31123,51200,93264575,782,65536,0,0,0,0
31300,337.731,315.572,7.975445,8.000488,-0.025044,8.000488,7.999268,-0.023823,1887.9239,0.0,0.948481,162.1829,0.212324,0.476348,0.311328,51200,96661706,783,65536,0,0,0,0
31350,338.263,316.079,7.975377,8.000488,-0.025111,8.000488,7.999268,-0.02389,1892.7952,0.0,0.948511,169.2616,0.213652,0.477695,0.308652,51200,96911112,783,65536,0,0,0,0
31400,338.79,316.536,7.9746,8.000488,-0.025888,8.000488,7.998291,-0.023691,1854.8441,0.0,0.947258,160.096,0.209062,0.484316,0.306621,51200,94968016,800,65536,0,0,0,0
31450,339.163,316.883,7.975492,8.000488,-0.024996,8.000488,7.99939,-0.023898,1829.3955,0.0,0.946811,164.5143,0.205879,0.485938,0.308184,51200,93665051,811,65536,0,0,0,0
31500,339.613,317.305,7.975923,8.000488,-0.024566,8.000488,8.0,-0.024077,1889.1065,0.0,0.948116,162.8383,0.213945,0.49082,0.295234,51200,96722254,747,65536,0,0,0,0
31550,340.206,317.838,7.976295,8.000488,-0.024193,8.000488,8.000488,-0.024193,1835.766,0.0,0.946701,163.4508,0.207461,0.491211,0.301328,51200,93991221,844,65536,0,0,0,0
31600,340.638,318.246,7.976178,8.000488,-0.02431,8.000488,8.000244,-0.024066,1856.7286,0.0,0.947523,166.0728,0.211113,0.485156,0.30373,51200,95064505,817,65536,0,0,0,0
31650,341.165,318.748,7.975749,8.000488,-0.024739,8.000488,8.000366,-0.024617,1807.7545,0.0,0.946147,154.4983,0.203848,0.484297,0.311855,51200,92557032,798,65536,0,0,0,0
31700,341.731,319.276,7.975818,8.000488,-0.024671,8.000488,8.000122,-0.024305,1758.6522,0.0,0.944676,156.9307,0.197617,0.486074,0.316309,51200,90042993,822,65536,0,0,0,0
31750,342.087,319.602,7.974929,8.000488,-0.025559,8.000488,7.999756,-0.024827,1815.3459,0.0,0.946477,160.0921,0.20334,0.479102,0.317559,51200,92945711,754,65536,0,0,0,0
31800,342.576,320.066,7.974918,8.000488,-0.02557,8.000488,7.999512,-0.024593,1762.8979,0.0,0.945277,159.6782,0.195781,0.478125,0.326094,51200,90260371,766,65536,0,0,0,0
31850,343.167,320.625,7.975496,8.000488,-0.024992,8.000488,8.000122,-0.024626,1751.7369,0.0,0.944564,153.918,0.194746,0.481562,0.323691,51200,89688929,838,65536,0,0,0,0
31900,343.577,320.977,7.97564,8.000488,-0.024849,8.000488,8.000366,-0.024727,1753.9559,0.0,0.944571,147.7001,0.19543,0.48373,0.32084,51200,89802540,744,65536,0,0,0,0
31950,344.11,321.483,7.976404,8.000488,-0.024084,8.000488,8.000732,-0.024328,1789.4711,0.0,0.945825,150.815,0.198926,0.481914,0.31916,51200,91620918,854,65536,0,0,0,0
32000,344.605,321.954,7.976952,8.000488,-0.023536,8.000488,8.001099,-0.024147,1828.0558,0.0,0.947082,150.4356,0.202715,0.476914,0.320371,51200,93596459,862,65536,0,0,0,0
32050,345.166,322.488,7.977605,8.000488,-0.022883,8.000488,8.000732,-0.023127,1860.4377,0.0,0.948162,165.781,0.207441,0.474492,0.318066,51200,95254411,765,65536,0,0,0,0
32100,345.548,322.844,7.977198,8.000488,-0.02329,8.000488,8.001343,-0.024145,1891.6063,0.0,0.949291,169.3801,0.211777,0.469062,0.31916,51200,96850245,777,65536,0,0,0,0
32150,345.953,323.216,7.976715,8.000488,-0.023774,8.000488,8.001221,-0.024506,1880.9877,0.0,0.948821,164.7117,0.209512,0.472266,0.318223,51200,96306568,844,65536,0,0,0,0
32200,346.406,323.644,7.97643,8.000488,-0.024058,8.000488,8.000488,-0.024058,1882.9676,0.0,0.948936,179.3385,0.209141,0.469219,0.321641,51200,96407940,786,65536,0,0,0,0
32250,346.839,324.028,7.976622,8.000488,-0.023866,8.000488,8.001221,-0.024599,1826.25,0.0,0.946997,167.896,0.201426,0.479902,0.318672,51200,93504001,780,65536,0,0,0,0
32300,347.299,324.447,7.976858,8.000488,-0.02363,8.000488,8.001221,-0.024362,1849.8563,0.0,0.947705,175.8528,0.206406,0.477402,0.316191,51200,94712640,817,65536,0,0,0,0
32350,347.815,324.938,7.97569,8.000488,-0.024798,8.000488,8.00061,-0.02492,1880.2761,0.0,0.948587,174.0868,0.208672,0.475273,0.316055,51200,96270135,758,65536,0,0,0,0
32400,348.323,325.392,7.97504,8.000488,-0.025448,8.000488,7.999878,-0.024838,1908.4755,0.0,0.949391,182.7671,0.210957,0.470625,0.318418,51200,97713947,759,65536,0,0,0,0
32450,348.886,325.93,7.974742,8.000488,-0.025746,8.000488,7.999634,-0.024891,1893.7297,0.0,0.949283,182.662,0.209648,0.468438,0.321914,51200,96958962,778,65536,0,0,0,0
32500,349.371,326.391,7.975527,8.000488,-0.024961,8.000488,7.999878,-0.024351,1960.5304,0.0,0.951041,187.9138,0.218828,0.463086,0.318086,51200,100379156,846,65536,0,0,0,0
32550,349.87,326.865,7.975167,8.000488,-0.025321,8.000488,7.999634,-0.024467,2008.8823,0.0,0.951979,186.5935,0.224531,0.46541,0.310059,51200,102854772,782,65536,0,0,0,0
32600,350.38,327.326,7.974678,8.000488,-0.025811,8.000488,7.999512,-0.024834,2044.0503,0.0,0.952991,194.9218,0.229258,0.463184,0.307559,51200,104655375,799,65536,0,0,0,0
32650,351.02,327.906,7.975587,8.000488,-0.024901,8.000488,8.000244,-0.024657,2053.5662,0.0,0.953264,199.3373,0.231191,0.4625,0.306309,51200,105142589,834,65536,0,0,0,0
32700,351.572,328.393,7.975716,8.000488,-0.024773,8.000488,8.000854,-0.025139,2095.0874,0.0,0.95447,195.8657,0.23752,0.458633,0.303848,51200,107268477,756,65536,0,0,0,0
32750,352.235,329.032,7.974903,8.000488,-0.025585,8.000488,8.000122,-0.025219,2096.2572,0.0,0.954263,193.2868,0.236543,0.460527,0.30293,51200,107328370,796,65536,0,0,0,0
32800,352.778,329.55,7.974473,8.000488,-0.026015,8.000488,8.000122,-0.025649,2101.5475,0.0,0.954354,193.5547,0.237129,0.459414,0.303457,51200,107599234,775,65536,0,0,0,0
32850,353.394,330.142,7.974833,8.000488,-0.025655,8.000488,8.000366,-0.025533,2048.4967,0.0,0.953066,189.7378,0.230625,0.460879,0.308496,51200,104883030,802,65536,0,0,0,0
32900,354.09,330.789,7.974263,8.000488,-0.026225,8.000488,7.99939,-0.025126,2051.0139,0.0,0.95311,187.0265,0.230625,0.463828,0.305547,51200,105011912,787,65536,0,0,0,0
32950,354.569,331.208,7.975207,8.000488,-0.025281,8.000488,8.000366,-0.025159,2021.6184,0.0,0.952467,198.012,0.226172,0.463281,0.310547,51200,103506861,814,65536,0,0,0,0
33000,355.154,331.766,7.975386,8.000488,-0.025103,8.000488,8.000732,-0.025347,2016.1894,0.0,0.952475,193.9793,0.224023,0.460176,0.315801,51200,103228898,763,65536,0,0,0,0
33050,355.658,332.246,7.976517,8.000488,-0.023971,8.000488,8.001221,-0.024704,2009.8477,0.0,0.952247,189.5619,0.222812,0.459238,0.317949,51200,102904203,800,65536,0,0,0,0
33100,356.41,332.968,7.976017,8.000488,-0.024471,8.000488,8.001343,-0.025326,2033.1517,0.0,0.952853,187.5799,0.225254,0.457129,0.317617,51200,104097366,826,65536,0,0,0,0
33150,356.946,333.478,7.976048,8.000488,-0.02444,8.000488,8.000732,-0.024684,2054.9183,0.0,0.953306,188.5987,0.228359,0.454512,0.317129,51200,105211815,830,65536,0,0,0,0
33200,357.461,333.969,7.975953,8.000488,-0.024535,8.000488,8.000854,-0.024901,2018.3177,0.0,0.952263,173.0974,0.224668,0.462285,0.313047,51200,103337865,779,65536,0,0,0,0
33250,358.01,334.494,7.975766,8.000488,-0.024722,8.000488,8.000854,-0.025088,2058.0814,0.0,0.952995,174.8049,0.228652,0.46125,0.310098,51200,105373770,751,65536,0,0,0,0
33300,358.489,334.948,7.975888,8.000488,-0.0246,8.000488,8.00061,-0.024722,2032.2099,0.0,0.952582,172.2707,0.227148,0.462637,0.310215,51200,104049148,829,65536,0,0,0,0
33350,358.979,335.414,7.976226,8.000488,-0.024262,8.000488,8.001709,-0.025483,2011.8874,0.0,0.952287,168.0985,0.225742,0.45875,0.315508,51200,103008634,828,65536,0,0,0,0
33400,359.444,335.819,7.976528,8.000488,-0.02396,8.000488,8.001953,-0.025425,1992.2493,0.0,0.951859,170.756,0.222578,0.457832,0.31959,51200,102003165,777,65536,0,0,0,0
33450,359.99,336.299,7.976313,8.000488,-0.024175,8.000488,8.001709,-0.025396,1985.1184,0.0,0.951735,166.1387,0.222305,0.45457,0.323125,51200,101638064,809,65536,0,0,0,0
33500,360.545,336.801,7.97607,8.000488,-0.024418,8.000488,8.001343,-0.025272,1942.841,0.0,0.950574,162.1841,0.216836,0.457188,0.325977,51200,99473459,803,65536,0,0,0,0
33550,361.109,337.332,7.97667,8.000488,-0.023818,8.000488,8.002075,-0.025405,1923.9797,0.0,0.95041,159.1369,0.214062,0.454902,0.331035,51200,98507763,811,65536,0,0,0,0
33600,361.51,337.707,7.976999,8.000488,-0.023489,8.000488,8.001709,-0.02471,1942.6922,0.0,0.950426,160.5625,0.216289,0.462227,0.321484,51200,99465843,797,65536,0,0,0,0
33650,362.069,338.242,7.977082,8.000488,-0.023406,8.000488,8.001587,-0.024505,1932.2021,0.0,0.950069,160.6122,0.215293,0.462246,0.322461,51200,98928748,808,65536,0,0,0,0
33700,362.735,338.859,7.977117,8.000488,-0.023371,8.000488,8.002075,-0.024958,1997.6623,0.0,0.951674,163.8797,0.222988,0.456211,0.320801,51200,102280308,783,65536,0,0,0,0
33750,363.282,339.358,7.977341,8.000488,-0.023147,8.000488,8.001587,-0.024245,1973.5946,0.0,0.951245,164.3081,0.220762,0.462969,0.31627,51200,101048044,785,65536,0,0,0,0
33800,363.851,339.88,7.976891,8.000488,-0.023597,8.000488,8.001221,-0.02433,1980.1845,0.0,0.951237,158.6403,0.223125,0.461992,0.314883,51200,101385448,816,65536,0,0,0,0
33850,364.54,340.544,7.976804,8.000488,-0.023684,8.000488,8.001465,-0.024661,1981.029,0.0,0.951294,160.2277,0.222246,0.461191,0.316562,51200,101428684,825,65536,0,0,0,0
33900,365.046,341.026,7.976816,8.000488,-0.023672,8.000488,8.001343,-0.024526,1962.3501,0.0,0.950621,156.7626,0.220098,0.467969,0.311934,51200,100472325,777,65536,0,0,0,0
33950,365.463,341.417,7.976201,8.000488,-0.024287,8.000488,8.001221,-0.02502,1968.7126,0.0,0.950565,153.6647,0.220391,0.467676,0.311934,51200,100798085,760,65536,0,0,0,0
34000,365.992,341.921,7.977212,8.000488,-0.023276,8.000488,8.002197,-0.024985,1992.267,0.0,0.95121,159.3077,0.222793,0.470547,0.30666,51200,102004069,765,65536,0,0,0,0
34050,366.489,342.392,7.977136,8.000488,-0.023352,8.000488,8.001831,-0.024695,1984.1008,0.0,0.951462,160.3541,0.221562,0.465898,0.312539,51200,101585962,757,65536,0,0,0,0
34100,366.965,342.819,7.976865,8.000488,-0.023623,8.000488,8.001587,-0.024722,2001.2726,0.0,0.951547,158.8288,0.224395,0.470176,0.30543,51200,102465156,805,65536,0,0,0,0
34150,367.565,343.359,7.975969,8.000488,-0.024519,8.000488,8.00061,-0.024641,1991.2182,0.0,0.951338,154.5303,0.2225,0.472246,0.305254,51200,101950374,798,65536,0,0,0,0
34200,368.341,344.085,7.975559,8.000488,-0.024929,8.000488,8.000366,-0.024807,1988.5992,0.0,0.951058,153.3346,0.221348,0.475781,0.302871,51200,101816280,753,65536,0,0,0,0
34250,368.77,344.461,7.976087,8.000488,-0.024401,8.000488,8.000488,-0.024401,1943.6344,0.0,0.949979,156.876,0.215957,0.478926,0.305117,51200,99514081,792,65536,0,0,0,0
34300,369.166,344.833,7.976959,8.000488,-0.023529,8.000488,8.000488,-0.023529,1940.5135,0.0,0.949799,151.5473,0.215293,0.479512,0.305195,51200,99354291,796,65536,0,0,0,0
34350,369.554,345.196,7.976738,8.000488,-0.02375,8.000488,8.001465,-0.024727,1928.0715,0.0,0.949228,151.3732,0.213906,0.484395,0.301699,51200,98717260,834,65536,0,0,0,0
34400,370.087,345.671,7.977453,8.000488,-0.023035,8.000488,8.001709,-0.024256,1884.5446,0.0,0.948094,152.5224,0.208828,0.484512,0.30666,51200,96488683,768,65536,0,0,0,0
34450,370.568,346.124,7.97817,8.000488,-0.022319,8.000488,8.001465,-0.023295,1904.1208,0.0,0.94858,152.7609,0.210723,0.486973,0.302305,51200,97490984,829,65536,0,0,0,0
34500,371.163,346.693,7.977931,8.000488,-0.022557,8.000488,8.001343,-0.023412,1904.7009,0.0,0.94868,153.883,0.211406,0.489629,0.298965,51200,97520687,769,65536,0,0,0,0
34550,371.577,347.039,7.977986,8.000488,-0.022503,8.000488,8.002319,-0.024334,1895.4746,0.0,0.948226,153.0002,0.209746,0.491699,0.298555,51200,97048298,818,65536,0,0,0,0
34600,372.129,347.566,7.978114,8.000488,-0.022374,8.000488,8.001587,-0.023472,1921.9366,0.0,0.94906,154.9506,0.213242,0.488828,0.29793,51200,98403155,767,65536,0,0,0,0
34650,372.606,347.994,7.976897,8.000488,-0.023592,8.000488,8.001343,-0.024446,1947.3566,0.0,0.949771,156.8279,0.215488,0.484004,0.300508,51200,99704660,819,65536,0,0,0,0
34700,373.162,348.49,7.977288,8.000488,-0.0232,8.000488,8.002319,-0.025031,1984.9453,0.0,0.950429,159.7824,0.22084,0.487578,0.291582,51200,101629199,769,65536,0,0,0,0
34750,373.623,348.903,7.977512,8.000488,-0.022976,8.000488,8.002441,-0.024929,1959.632,0.0,0.949984,140.1524,0.21791,0.485137,0.296953,51200,100333158,752,65536,0,0,0,0
34800,374.157,349.398,7.977883,8.000488,-0.022606,8.000488,8.00293,-0.025047,1940.2758,0.0,0.949683,137.7804,0.215508,0.482148,0.302344,51200,99342123,754,65536,0,0,0,0
34850,374.863,350.054,7.978488,8.000488,-0.022001,8.000488,8.002563,-0.024076,1913.2844,0.0,0.94866,131.983,0.211914,0.489453,0.298633,51200,97960161,746,65536,0,0,0,0
34900,375.322,350.489,7.978692,8.000488,-0.021796,8.000488,8.002808,-0.024116,1908.2224,0.0,0.948734,134.9524,0.213184,0.488691,0.298125,51200,97700985,754,65536,0,0,0,0
34950,375.751,350.89,7.977791,8.000488,-0.022697,8.000488,8.001953,-0.024162,1913.6032,0.0,0.948934,138.6194,0.214863,0.487754,0.297383,51200,97976485,754,65536,0,0,0,0
35000,376.194,351.276,7.977482,8.000488,-0.023007,8.000488,8.001709,-0.024227,1855.9057,0.0,0.947675,136.4568,0.209004,0.489316,0.30168,51200,95022373,733,65536,0,0,0,0
35050,376.791,351.851,7.978003,8.000488,-0.022485,8.000488,8.001343,-0.02334,1847.8454,0.0,0.947396,137.0571,0.208066,0.490801,0.301133,51200,94609686,777,65536,0,0,0,0
35100,377.307,352.341,7.978011,8.000488,-0.022477,8.000488,8.001465,-0.023454,1875.1,0.0,0.947988,138.9471,0.210664,0.490645,0.298691,51200,96005121,816,65536,0,0,0,0
35150,377.865,352.875,7.978568,8.000488,-0.021921,8.000488,8.002197,-0.02363,1865.9728,0.0,0.94789,138.87,0.209023,0.487793,0.303184,51200,95537805,802,65536,0,0,0,0
35200,378.374,353.334,7.978595,8.000488,-0.021893,8.000488,8.002563,-0.023968,1842.0659,0.0,0.947305,135.7021,0.207969,0.482539,0.309492,51200,94313772,804,65536,0,0,0,0
35250,378.724,353.654,7.977774,8.000488,-0.022714,8.000488,8.001587,-0.023813,1802.7994,0.0,0.945974,131.5634,0.201836,0.486836,0.311328,51200,92303329,761,65536,0,0,0,0
35300,379.204,354.112,7.978191,8.000488,-0.022297,8.000488,8.001465,-0.023274,1794.5437,0.0,0.945769,130.7898,0.20125,0.487285,0.311465,51200,91880637,690,65536,0,0,0,0
35350,379.562,354.449,7.97767,8.000488,-0.022818,8.000488,8.001221,-0.023551,1774.8005,0.0,0.945078,128.4404,0.198477,0.48752,0.314004,51200,90869786,742,65536,0,0,0,0
35400,379.922,354.786,7.977281,8.000488,-0.023207,8.000488,8.001465,-0.024184,1784.5636,0.0,0.945708,131.5592,0.200195,0.483984,0.31582,51200,91369655,779,65536,0,0,0,0
35450,380.337,355.178,7.976875,8.000488,-0.023613,8.000488,8.001221,-0.024345,1812.6593,0.0,0.946444,132.899,0.203828,0.481543,0.314629,51200,92808155,728,65536,0,0,0,0
35500,380.823,355.641,7.977569,8.000488,-0.022919,8.000488,8.001709,-0.02414,1846.2496,0.0,0.947333,131.9763,0.207676,0.482422,0.309902,51200,94527981,800,65536,0,0,0,0
35550,381.287,356.058,7.977457,8.000488,-0.023032,8.000488,8.001587,-0.02413,1854.7709,0.0,0.94764,130.8401,0.208633,0.479414,0.311953,51200,94964272,796,65536,0,0,0,0
35600,381.797,356.546,7.978308,8.000488,-0.02218,8.000488,8.001953,-0.023645,1821.4588,0.0,0.946856,130.0304,0.203086,0.482266,0.314648,51200,93258690,776,65536,0,0,0,0
35650,382.369,357.067,7.977875,8.000488,-0.022613,8.000488,8.001465,-0.02359,1823.295,0.0,0.946818,132.6832,0.202949,0.481914,0.315137,51200,93352703,807,65536,0,0,0,0
35700,382.828,357.503,7.978129,8.000488,-0.022359,8.000488,8.001831,-0.023702,1806.3463,0.0,0.946193,129.1207,0.200254,0.480059,0.319688,51200,92484928,795,65536,0,0,0,0
35750,383.252,357.904,7.977841,8.000488,-0.022648,8.000488,8.001831,-0.02399,1815.5654,0.0,0.946278,122.032,0.20082,0.483027,0.316152,51200,92956949,775,65536,0,0,0,0
35800,383.769,358.398,7.977505,8.000488,-0.022983,8.000488,8.001953,-0.024448,1833.8061,0.0,0.946424,121.5823,0.204238,0.491582,0.30418,51200,93890873,794,65536,0,0,0,0
35850,384.346,358.917,7.977293,8.000488,-0.023195,8.000488,8.001709,-0.024416,1914.3163,0.0,0.948444,121.0602,0.213203,0.488926,0.297871,51200,98012994,796,65536,0,0,0,0
35900,384.782,359.29,7.976824,8.000488,-0.023664,8.000488,8.000977,-0.024153,1893.5582,0.0,0.947727,115.638,0.211465,0.494453,0.294082,51200,96950180,813,65536,0,0,0,0
35950,385.24,359.725,7.977588,8.000488,-0.0229,8.000488,8.001587,-0.023999,1899.1654,0.0,0.948106,119.5757,0.212637,0.488652,0.298711,51200,97237269,790,65536,0,0,0,0
36000,385.72,360.162,7.977809,8.000488,-0.022679,8.000488,8.001831,-0.024022,1941.0066,0.0,0.949068,126.0406,0.218262,0.490879,0.290859,51200,99379537,804,65536,0,0,0,0
36050,386.24,360.634,7.978132,8.000488,-0.022356,8.000488,8.002075,-0.023943,1942.0067,0.0,0.948995,129.1419,0.218086,0.492422,0.289492,51200,99430742,714,65536,0,0,0,0
36100,386.663,361.003,7.977581,8.000488,-0.022908,8.000488,8.001587,-0.024006,1911.0086,0.0,0.947983,128.7505,0.213164,0.49752,0.289316,51200,97843638,803,65536,0,0,0,0
36150,387.125,361.443,7.977292,8.000488,-0.023196,8.000488,8.001709,-0.024417,1905.0924,0.0,0.947532,130.4985,0.212832,0.505234,0.281934,51200,97540729,794,65536,0,0,0,0
36200,387.544,361.84,7.977499,8.000488,-0.022989,8.000488,8.001831,-0.024332,1882.7348,0.0,0.947032,128.8635,0.210332,0.503809,0.285859,51200,96396020,788,65536,0,0,0,0
36250,388.029,362.286,7.977928,8.000488,-0.02256,8.000488,8.001953,-0.024025,1902.6212,0.0,0.948177,129.3036,0.213906,0.49459,0.291504,51200,97414205,806,65536,0,0,0,0
36300,388.502,362.736,7.978329,8.000488,-0.02216,8.000488,8.001831,-0.023502,1910.4214,0.0,0.948529,133.0895,0.215176,0.493652,0.291172,51200,97813576,790,65536,0,0,0,0
36350,388.905,363.114,7.977446,8.000488,-0.023043,8.000488,8.001465,-0.024019,1850.4678,0.0,0.946865,126.0311,0.207969,0.493613,0.298418,51200,94743953,794,65536,0,0,0,0
36400,389.351,363.538,7.976997,8.000488,-0.023491,8.000488,8.001465,-0.024468,1804.5434,0.0,0.945524,125.7412,0.201992,0.499395,0.298613,51200,92392620,821,65536,0,0,0,0
36450,389.844,364.008,7.976912,8.000488,-0.023576,8.000488,8.001099,-0.024187,1790.3549,0.0,0.944796,129.4167,0.200449,0.501777,0.297773,51200,91666172,749,65536,0,0,0,0
36500,390.233,364.374,7.977118,8.000488,-0.023371,8.000488,8.000977,-0.023859,1758.5062,0.0,0.944643,131.4752,0.197852,0.492773,0.309375,51200,90035515,777,65536,0,0,0,0
36550,390.812,364.909,7.977881,8.000488,-0.022607,8.000488,8.001709,-0.023827,1761.9336,0.0,0.944801,126.3057,0.198223,0.487109,0.314668,51200,90211000,834,65536,0,0,0,0
36600,391.327,365.382,7.978152,8.000488,-0.022337,8.000488,8.001587,-0.023435,1815.8414,0.0,0.946337,132.2804,0.203965,0.490742,0.305293,51200,92971080,818,65536,0,0,0,0
36650,392.035,366.03,7.97777,8.000488,-0.022719,8.000488,8.001831,-0.024061,1796.9274,0.0,0.94572,127.0089,0.201309,0.493438,0.305254,51200,92002685,814,65536,0,0,0,0
36700,392.485,366.458,7.977615,8.000488,-0.022874,8.000488,8.001831,-0.024216,1820.5185,0.0,0.946681,127.9509,0.205039,0.489277,0.305684,51200,93210545,763,65536,0,0,0,0
36750,392.88,366.806,7.977348,8.000488,-0.02314,8.000488,8.002075,-0.024727,1782.4894,0.0,0.945425,127.1182,0.199707,0.491016,0.309277,51200,91263456,734,65536,0,0,0,0
36800,393.251,367.146,7.97752,8.000488,-0.022968,8.000488,8.001709,-0.024189,1842.277,0.0,0.947118,128.7101,0.205371,0.489355,0.305273,51200,94324581,782,65536,0,0,0,0
36850,393.871,367.74,7.977037,8.000488,-0.023451,8.000488,8.001587,-0.02455,1872.4422,0.0,0.947705,125.6245,0.209863,0.489668,0.300469,51200,95869041,766,65536,0,0,0,0
36900,394.444,368.291,7.977206,8.000488,-0.023282,8.000488,8.001587,-0.024381,1947.1672,0.0,0.94928,129.1954,0.218457,0.493301,0.288242,51200,99694959,841,65536,0,0,0,0
36950,394.916,368.711,7.9765,8.000488,-0.023988,8.000488,8.001099,-0.024598,1920.5433,0.0,0.948459,129.3303,0.21375,0.500156,0.286094,51200,98331819,810,65536,0,0,0,0
37000,395.453,369.225,7.97734,8.000488,-0.023148,8.000488,8.002075,-0.024735,1880.513,0.0,0.94747,128.4708,0.20752,0.500664,0.291816,51200,96282264,763,65536,0,0,0,0
37050,395.918,369.644,7.976999,8.000488,-0.023489,8.000488,8.002075,-0.025076,1858.3001,0.0,0.946948,124.9987,0.205039,0.499395,0.295566,51200,95144965,769,65536,0,0,0,0
37100,396.445,370.11,7.976951,8.000488,-0.023538,8.000488,8.001709,-0.024758,1855.9636,0.0,0.94691,125.5068,0.20457,0.499102,0.296328,51200,95025336,789,65536,0,0,0,0
37150,396.905,370.548,7.977306,8.000488,-0.023182,8.000488,8.001709,-0.024403,1830.8315,0.0,0.946404,131.8183,0.20123,0.497422,0.301348,51200,93738573,796,65536,0,0,0,0
37200,397.391,370.985,7.977684,8.000488,-0.022804,8.000488,8.001831,-0.024147,1881.2223,0.0,0.947666,136.8792,0.207422,0.498906,0.293672,51200,96318582,802,65536,0,0,0,0
37250,397.868,371.414,7.9773,8.000488,-0.023188,8.000488,8.001953,-0.024653,1860.1933,0.0,0.947385,138.3038,0.205938,0.496406,0.297656,51200,95241895,805,65536,0,0,0,0
37300,398.362,371.858,7.976969,8.000488,-0.02352,8.000488,8.001465,-0.024496,1820.2928,0.0,0.946057,134.751,0.19877,0.500078,0.301152,51200,93198993,815,65536,0,0,0,0
37350,398.74,372.193,7.976676,8.000488,-0.023812,8.000488,8.001221,-0.024545,1853.4779,0.0,0.947023,137.0038,0.202109,0.501055,0.296836,51200,94898066,789,65536,0,0,0,0
37400,399.21,372.636,7.976385,8.000488,-0.024103,8.000488,8.000854,-0.02447,1865.0508,0.0,0.947187,134.7414,0.20418,0.501211,0.294609,51200,95490599,756,65536,0,0,0,0
37450,399.926,373.303,7.976367,8.000488,-0.024122,8.000488,8.000854,-0.024488,1883.1413,0.0,0.947599,131.6362,0.20666,0.495625,0.297715,51200,96416834,775,65536,0,0,0,0
37500,400.372,373.726,7.976289,8.000488,-0.0242,8.000488,8.000854,-0.024566,1834.2585,0.0,0.946566,129.8938,0.201465,0.494531,0.304004,51200,93914037,814,65536,0,0,0,0
37550,400.788,374.09,7.976409,8.000488,-0.02408,8.000488,8.001099,-0.02469,1817.4435,0.0,0.945685,126.5261,0.198984,0.499395,0.301621,51200,93053108,810,65536,0,0,0,0
37600,401.527,374.773,7.976668,8.000488,-0.02382,8.000488,8.002075,-0.025407,1824.6346,0.0,0.945993,124.1069,0.202031,0.500039,0.29793,51200,93421290,755,65536,0,0,0,0
37650,401.993,375.218,7.976683,8.000488,-0.023805,8.000488,8.001831,-0.025148,1876.299,0.0,0.947278,128.9517,0.209609,0.49873,0.29166,51200,96066510,771,65536,0,0,0,0
37700,402.582,375.784,7.976246,8.000488,-0.024242,8.000488,8.001831,-0.025585,1877.0268,0.0,0.947045,125.6745,0.210156,0.506328,0.283516,51200,96103770,801,65536,0,0,0,0
37750,403.037,376.192,7.976121,8.000488,-0.024367,8.000488,8.001587,-0.025466,1852.4466,0.0,0.946716,138.02,0.206621,0.499648,0.29373,51200,94845268,819,65536,0,0,0,0
37800,403.573,376.69,7.976639,8.000488,-0.023849,8.000488,8.001709,-0.02507,1906.3094,0.0,0.948246,156.8263,0.213379,0.49498,0.291641,51200,97603040,801,65536,0,0,0,0
37850,404.088,377.154,7.976936,8.000488,-0.023552,8.000488,8.002441,-0.025505,1897.3073,0.0,0.948039,162.5603,0.212617,0.495098,0.292285,51200,97142134,798,65536,0,0,0,0
37900,404.572,377.583,7.977142,8.000488,-0.023346,8.000488,8.002563,-0.025421,1905.1588,0.0,0.948686,165.4268,0.213301,0.486309,0.300391,51200,97544133,746,65536,0,0,0,0
37950,405.093,378.082,7.977964,8.000488,-0.022524,8.000488,8.003174,-0.02521,1859.4879,0.0,0.94731,156.8399,0.207754,0.485898,0.306348,51200,95205783,823,65536,0,0,0,0
38000,405.591,378.557,7.97836,8.000488,-0.022129,8.000488,8.003174,-0.024814,1898.1754,0.0,0.948212,164.8144,0.212695,0.4875,0.299805,51200,97186579,808,65536,0,0,0,0
38050,406.089,379.033,7.978807,8.000488,-0.021682,8.000488,8.003174,-0.024367,1889.87,0.0,0.948066,167.5371,0.212031,0.487148,0.30082,51200,96761343,748,65536,0,0,0,0
38100,406.505,379.426,7.979103,8.000488,-0.021385,8.000488,8.003174,-0.024071,1902.2563,0.0,0.94854,161.4509,0.214277,0.48584,0.299883,51200,97395524,782,65536,0,0,0,0
38150,407.014,379.912,7.978007,8.000488,-0.022482,8.000488,8.002319,-0.024313,1929.3261,0.0,0.94898,161.0619,0.217148,0.482773,0.300078,51200,98781495,861,65536,0,0,0,0
38200,407.568,380.444,7.977244,8.000488,-0.023244,8.000488,8.002563,-0.025319,1993.3486,0.0,0.950518,169.9555,0.222617,0.476777,0.300605,51200,102059447,778,65536,0,0,0,0
38250,408.034,380.858,7.97716,8.000488,-0.023328,8.000488,8.002075,-0.024915,1926.5158,0.0,0.948921,162.5211,0.214336,0.486836,0.298828,51200,98637610,728,65536,0,0,0,0
38300,408.61,381.387,7.976762,8.000488,-0.023726,8.000488,8.001831,-0.025069,1942.6362,0.0,0.949273,161.6116,0.216348,0.483379,0.300273,51200,99462971,821,65536,0,0,0,0
38350,409.085,381.815,7.977001,8.000488,-0.023487,8.000488,8.002197,-0.025196,1914.7006,0.0,0.948522,161.3499,0.2125,0.484297,0.303203,51200,98032672,836,65536,0,0,0,0
38400,409.653,382.351,7.977792,8.000488,-0.022696,8.000488,8.003174,-0.025382,1943.0533,0.0,0.949062,168.1266,0.21666,0.486504,0.296836,51200,99484331,769,65536,0,0,0,0
38450,410.084,382.732,7.977614,8.000488,-0.022874,8.000488,8.003174,-0.02556,1928.6018,0.0,0.948764,160.3749,0.215293,0.488633,0.296074,51200,98744411,778,65536,0,0,0,0
38500,410.541,383.163,7.977572,8.000488,-0.022917,8.000488,8.003174,-0.025602,1863.2965,0.0,0.946719,155.6287,0.206484,0.495234,0.298281,51200,95400779,775,65536,0,0,0,0
38550,411.142,383.74,7.976686,8.000488,-0.023802,8.000488,8.002441,-0.025755,1900.8698,0.0,0.947814,160.3125,0.211367,0.4975,0.291133,51200,97324534,768,65536,0,0,0,0
38600,411.766,384.316,7.976812,8.000488,-0.023676,8.000488,8.002319,-0.025507,1889.7173,0.0,0.947745,154.0833,0.211191,0.492637,0.296172,51200,96753524,813,65536,0,0,0,0
38650,412.265,384.768,7.977534,8.000488,-0.022954,8.000488,8.00293,-0.025396,1920.0612,0.0,0.948267,154.1986,0.214121,0.494785,0.291094,51200,98307134,779,65536,0,0,0,0
38700,412.733,385.205,7.977427,8.000488,-0.023061,8.000488,8.002441,-0.025014,1938.8117,0.0,0.948983,155.624,0.216816,0.49082,0.292363,51200,99267160,803,65536,0,0,0,0
38750,413.341,385.767,7.977644,8.000488,-0.022844,8.000488,8.003174,-0.02553,1888.0904,0.0,0.947577,152.2109,0.210645,0.497539,0.291816,51200,96670229,800,65536,0,0,0,0
38800,414.024,386.428,7.977841,8.000488,-0.022647,8.000488,8.002808,-0.024967,1898.9109,0.0,0.947768,148.6192,0.212773,0.500254,0.286973,51200,97224239,781,65536,0,0,0,0
38850,414.509,386.873,7.978397,8.000488,-0.022091,8.000488,8.003174,-0.024777,1907.0878,0.0,0.947527,155.086,0.214062,0.502109,0.283828,51200,97642893,815,65536,0,0,0,0
38900,415.035,387.377,7.977733,8.000488,-0.022755,8.000488,8.002319,-0.024586,1923.5865,0.0,0.948203,174.096,0.215352,0.497441,0.287207,51200,98487630,846,65536,0,0,0,0
38950,415.518,387.838,7.977565,8.000488,-0.022923,8.000488,8.002808,-0.025242,1961.2965,0.0,0.949112,164.6543,0.220859,0.494883,0.284258,51200,100418379,762,65536,0,0,0,0
39000,416.064,388.341,7.977693,8.000488,-0.022795,8.000488,8.002319,-0.024626,1959.9479,0.0,0.949039,161.2007,0.220195,0.494629,0.285176,51200,100349332,802,65536,0,0,0,0
39050,416.551,388.8,7.977316,8.000488,-0.023172,8.000488,8.001831,-0.024515,1945.5579,0.0,0.948626,160.8572,0.217891,0.493145,0.288965,51200,99612563,807,65536,0,0,0,0
39100,416.93,389.156,7.977861,8.000488,-0.022627,8.000488,8.001953,-0.024092,1902.183,0.0,0.947501,156.1834,0.21293,0.497129,0.289941,51200,97391769,794,65536,0,0,0,0
39150,417.383,389.586,7.977975,8.000488,-0.022514,8.000488,8.002075,-0.024101,1865.0726,0.0,0.94629,144.2914,0.207871,0.505273,0.286855,51200,95491718,739,65536,0,0,0,0
39200,417.785,389.966,7.978194,8.000488,-0.022295,8.000488,8.001709,-0.023515,1856.143,0.0,0.946055,149.4385,0.205742,0.506367,0.287891,51200,95034524,839,65536,0,0,0,0
39250,418.274,390.429,7.978018,8.000488,-0.02247,8.000488,8.001953,-0.023935,1907.8143,0.0,0.947625,137.9166,0.211953,0.498848,0.289199,51200,97680094,786,65536,0,0,0,0
39300,418.729,390.83,7.977816,8.000488,-0.022672,8.000488,8.001953,-0.024137,1920.4393,0.0,0.947725,137.2632,0.212188,0.501074,0.286738,51200,98326491,778,65536,0,0,0,0
39350,419.239,391.311,7.977207,8.000488,-0.023281,8.000488,8.001099,-0.023891,1888.8996,0.0,0.947091,140.7128,0.20873,0.502012,0.289258,51200,96711661,797,65531,0,0,0,0
39400,419.755,391.777,7.977771,8.000488,-0.022718,8.000488,8.001587,-0.023816,1889.6279,0.0,0.946915,143.6325,0.209297,0.502891,0.287812,51200,96748947,777,65531,0,0,0,0
39450,420.535,392.492,7.976902,8.000488,-0.023586,8.000488,7.999878,-0.022976,1851.2883,0.0,0.945808,144.8182,0.204824,0.509082,0.286094,51200,94785962,793,65531,0,0,0,0
39500,421.018,392.953,7.977315,8.000488,-0.023173,8.000488,8.0,-0.022685,1868.5716,0.0,0.946414,144.0247,0.207949,0.505039,0.287012,51200,95670865,779,65531,0,0,0,0
39550,421.512,393.416,7.977471,8.000488,-0.023017,8.000488,7.999878,-0.022407,1905.7091,0.0,0.946963,148.8147,0.212051,0.509512,0.278438,51200,97572306,748,65531,0,0,0,0
39600,421.922,393.802,7.97779,8.000488,-0.022698,8.000488,8.000488,-0.022698,1893.85,0.0,0.946553,144.9085,0.21,0.515957,0.274043,51200,96965121,755,65531,0,0,0,0
39650,422.528,394.364,7.978277,8.000488,-0.022211,8.000488,8.000488,-0.022211,1915.1523,0.0,0.947127,151.0634,0.21334,0.514258,0.272402,51200,98055800,786,65531,0,0,0,0
39700,422.916,394.725,7.978323,8.000488,-0.022165,8.000488,8.001709,-0.023386,1896.9753,0.0,0.946359,143.2844,0.21002,0.521777,0.268203,51200,97125133,758,65532,0,0,0,0
39750,423.486,395.247,7.978487,8.000488,-0.022001,8.000488,8.001221,-0.022734,1960.1504,0.0,0.948243,146.1496,0.219414,0.514727,0.265859,51200,100359702,747,65532,0,0,0,0
39800,423.994,395.706,7.978493,8.000488,-0.021995,8.000488,8.001587,-0.023094,1931.526,0.0,0.947764,143.6182,0.215234,0.509512,0.275254,51200,98894129,807,65532,0,0,0,0
39850,424.427,396.115,7.978345,8.000488,-0.022143,8.000488,8.001465,-0.023119,1937.5456,0.0,0.948036,142.6891,0.217207,0.506973,0.27582,51200,99202335,813,65532,0,0,0,0
39900,425.071,396.737,7.978263,8.000488,-0.022225,8.000488,8.001709,-0.023446,1900.0472,0.0,0.947276,143.2403,0.213027,0.507266,0.279707,51200,97282416,813,65532,0,0,0,0
39950,425.599,397.204,7.978639,8.000488,-0.021849,8.000488,8.001709,-0.02307,1913.5897,0.0,0.947814,145.0994,0.214863,0.504883,0.280254,51200,97975795,768,65532,0,0,0,0
40000,426.248,397.825,7.978451,8.000488,-0.022037,8.000488,8.001831,-0.02338,1935.3125,0.0,0.94841,151.9905,0.216836,0.501719,0.281445,51200,99088001,785,65536,0,0,0,0
40050,426.716,398.271,7.978145,8.000488,-0.022343,8.000488,8.001953,-0.023808,1901.9676,0.0,0.947485,153.2523,0.214043,0.505352,0.280605,51200,97380742,804,65536,0,0,0,0
40100,427.213,398.724,7.978353,8.000488,-0.022135,8.000488,8.002075,-0.023722,1956.6149,0.0,0.948572,160.1351,0.220254,0.50457,0.275176,51200,100178683,776,65536,0,0,0,0
40150,427.833,399.321,7.978443,8.000488,-0.022045,8.000488,8.002563,-0.02412,1946.2141,0.0,0.948674,159.2674,0.217988,0.501641,0.280371,51200,99646164,787,65536,0,0,0,0
40200,428.24,399.7,7.978114,8.000488,-0.022375,8.000488,8.002563,-0.02445,2000.8138,0.0,0.950315,158.5075,0.225469,0.491855,0.282676,51200,102441669,790,65536,0,0,0,0
40250,428.808,400.244,7.978128,8.000488,-0.022361,8.000488,8.002686,-0.024558,1987.7834,0.0,0.949771,147.9841,0.223047,0.497969,0.278984,51200,101774510,811,65536,0,0,0,0
40300,429.331,400.736,7.978545,8.000488,-0.021944,8.000488,8.002441,-0.023897,1937.9906,0.0,0.94863,143.8863,0.218516,0.495332,0.286152,51200,99225119,820,65536,0,0,0,0
40350,429.805,401.162,7.978322,8.000488,-0.022166,8.000488,8.002197,-0.023875,1945.578,0.0,0.949252,147.0781,0.219434,0.493281,0.287285,51200,99613596,751,65536,0,0,0,0
40400,430.351,401.661,7.977886,8.000488,-0.022603,8.000488,8.002075,-0.02419,1952.8955,0.0,0.9492,141.8135,0.220547,0.497383,0.28207,51200,99988252,795,65536,0,0,0,0
40450,430.784,402.071,7.97825,8.000488,-0.022239,8.000488,8.00293,-0.02468,1941.4647,0.0,0.948648,136.383,0.219961,0.504238,0.275801,51200,99402994,830,65536,0,0,0,0
40500,431.279,402.544,7.978074,8.000488,-0.022414,8.000488,8.002808,-0.024733,1960.8495,0.0,0.949186,133.724,0.22293,0.500723,0.276348,51200,100395496,787,65536,0,0,0,0
40550,431.754,402.994,7.977733,8.000488,-0.022755,8.000488,8.002441,-0.024709,1927.7529,0.0,0.948665,130.3911,0.219434,0.49918,0.281387,51200,98700951,774,65536,0,0,0,0
40600,432.245,403.456,7.977775,8.000488,-0.022713,8.000488,8.002686,-0.02491,1907.8232,0.0,0.948327,143.8627,0.216367,0.498086,0.285547,51200,97680549,746,65536,0,0,0,0
40650,432.648,403.837,7.978369,8.000488,-0.02212,8.000488,8.002808,-0.024439,1947.2501,0.0,0.949507,158.9152,0.221055,0.494043,0.284902,51200,99699204,813,65536,0,0,0,0
40700,433.15,404.279,7.978642,8.000488,-0.021846,8.000488,8.002319,-0.023677,1919.5635,0.0,0.949054,163.6172,0.21707,0.488301,0.294629,51200,98281652,754,65536,0,0,0,0
40750,433.656,404.762,7.978186,8.000488,-0.022302,8.000488,8.00293,-0.024743,1921.1372,0.0,0.949193,160.6758,0.21623,0.486914,0.296855,51200,98362223,815,65536,0,0,0,0
40800,434.376,405.431,7.978013,8.000488,-0.022475,8.000488,8.002075,-0.024062,1972.5971,0.0,0.95026,167.9287,0.223398,0.486543,0.290059,51200,100996969,820,65536,0,0,0,0
40850,434.883,405.89,7.978643,8.000488,-0.021845,8.000488,8.002441,-0.023798,1981.8028,0.0,0.950693,172.9354,0.22502,0.479766,0.295215,51200,101468304,830,65536,0,0,0,0
40900,435.311,406.283,7.978277,8.000488,-0.022212,8.000488,8.001709,-0.023432,1940.4097,0.0,0.949828,166.7617,0.220879,0.479297,0.299824,51200,99348979,796,65536,0,0,0,0
40950,435.946,406.871,7.977901,8.000488,-0.022587,8.000488,8.001709,-0.023808,1974.0099,0.0,0.950856,166.4649,0.224414,0.475938,0.299648,51200,101069305,808,65536,0,0,0,0
41000,436.409,407.311,7.977315,8.000488,-0.023174,8.000488,8.001221,-0.023906,1975.2394,0.0,0.950973,164.2296,0.224648,0.474141,0.301211,51200,101132257,751,65536,0,0,0,0
41050,437.006,407.886,7.97794,8.000488,-0.022548,8.000488,8.002319,-0.024379,1978.9606,0.0,0.951114,170.4683,0.225996,0.477559,0.296445,51200,101322782,768,65536,0,0,0,0
41100,437.45,408.307,7.977956,8.000488,-0.022533,8.000488,8.001831,-0.023875,1924.0833,0.0,0.949688,164.8852,0.218945,0.478008,0.303047,51200,98513064,747,65536,0,0,0,0
41150,437.919,408.725,7.978206,8.000488,-0.022282,8.000488,8.001953,-0.023747,1935.2412,0.0,0.9505,168.8786,0.220566,0.466094,0.31334,51200,99084351,809,65536,0,0,0,0
41200,438.713,409.468,7.978035,8.000488,-0.022453,8.000488,8.002319,-0.024284,1923.5116,0.0,0.949981,160.8249,0.218262,0.466348,0.315391,51200,98483796,800,65536,0,0,0,0
41250,439.186,409.912,7.977746,8.000488,-0.022743,8.000488,8.002686,-0.02494,1890.4404,0.0,0.949159,158.1206,0.214746,0.467461,0.317793,51200,96790546,744,65536,0,0,0,0
41300,439.766,410.446,7.978074,8.000488,-0.022414,8.000488,8.002563,-0.024489,1896.2489,0.0,0.949607,164.1943,0.216152,0.466973,0.316875,51200,97087946,810,65536,0,0,0,0
41350,440.236,410.894,7.977585,8.000488,-0.022903,8.000488,8.002686,-0.0251,1895.1348,0.0,0.948927,162.807,0.214258,0.478184,0.307559,51200,97030901,781,65536,0,0,0,0
41400,440.739,411.375,7.97726,8.000488,-0.023228,8.000488,8.001953,-0.024693,1918.7651,0.0,0.94924,167.3318,0.216387,0.479043,0.30457,51200,98240774,761,65536,0,0,0,0
41450,441.254,411.865,7.977115,8.000488,-0.023373,8.000488,8.001587,-0.024471,1855.7482,0.0,0.947865,162.7678,0.208398,0.474492,0.317109,51200,95014309,836,65536,0,0,0,0
41500,441.636,412.224,7.977439,8.000488,-0.02305,8.000488,8.001709,-0.02427,1919.7532,0.0,0.949642,164.8759,0.215645,0.470605,0.31375,51200,98291366,794,65536,0,0,0,0
41550,442.138,412.703,7.976969,8.000488,-0.023519,8.000488,8.001831,-0.024862,1897.0132,0.0,0.948558,163.6216,0.211543,0.478242,0.310215,51200,97127074,803,65536,0,0,0,0
41600,442.529,413.072,7.976361,8.000488,-0.024127,8.000488,8.001221,-0.02486,1863.5181,0.0,0.947766,172.7987,0.207148,0.481641,0.311211,51200,95412129,803,65536,0,0,0,0
41650,442.99,413.51,7.976658,8.000488,-0.02383,8.000488,8.001099,-0.02444,1851.8681,0.0,0.94732,167.5065,0.204844,0.484023,0.311133,51200,94815649,826,65536,0,0,0,0
41700,443.422,413.92,7.97647,8.000488,-0.024019,8.000488,8.001221,-0.024751,1905.4254,0.0,0.948618,175.5666,0.211523,0.484141,0.304336,51200,97557782,750,65536,0,0,0,0
41750,443.973,414.428,7.976332,8.000488,-0.024156,8.000488,8.001343,-0.025011,1912.7641,0.0,0.9491,168.0121,0.212559,0.475488,0.311953,51200,97933522,803,65536,0,0,0,0
41800,444.42,414.836,7.976689,8.000488,-0.023799,8.000488,8.001221,-0.024531,1950.7253,0.0,0.950021,162.9635,0.216152,0.474434,0.309414,51200,99877137,814,65536,0,0,0,0
41850,444.984,415.353,7.97748,8.000488,-0.023009,8.000488,8.001587,-0.024107,1951.26,0.0,0.949753,152.3474,0.216172,0.479121,0.304707,51200,99904511,754,65536,0,0,0,0
41900,445.465,415.807,7.97699,8.000488,-0.023498,8.000488,8.001343,-0.024353,1969.8848,0.0,0.950343,156.4828,0.218906,0.476211,0.304883,51200,100858101,829,65536,0,0,0,0
41950,446.156,416.45,7.97692,8.000488,-0.023569,8.000488,8.001343,-0.024423,1950.923,0.0,0.949743,148.5844,0.217695,0.473008,0.309297,51200,99887260,784,65536,0,0,0,0
42000,446.748,417.015,7.977023,8.000488,-0.023465,8.000488,8.001465,-0.024442,1943.0472,0.0,0.949331,152.6639,0.21623,0.480645,0.303125,51200,99484016,795,65536,0,0,0,0
42050,447.22,417.464,7.977161,8.000488,-0.023327,8.000488,8.001465,-0.024304,1918.8663,0.0,0.948764,157.2604,0.213594,0.483926,0.30248,51200,98245957,777,65536,0,0,0,0
42100,447.657,417.855,7.978193,8.000488,-0.022295,8.000488,8.002319,-0.024126,1988.7054,0.0,0.950735,160.0452,0.222402,0.478438,0.29916,51200,101821716,729,65536,0,0,0,0
42150,448.146,418.299,7.977386,8.000488,-0.023102,8.000488,8.001831,-0.024445,1969.3133,0.0,0.950159,160.9103,0.219023,0.481641,0.299336,51200,100828842,778,65536,0,0,0,0
42200,448.894,418.997,7.977171,8.000488,-0.023317,8.000488,8.001587,-0.024416,1944.5734,0.0,0.949513,154.8315,0.21582,0.48373,0.300449,51200,99562160,798,65536,0,0,0,0
42250,449.383,419.442,7.977555,8.000488,-0.022934,8.000488,8.001709,-0.024154,2028.2226,0.0,0.951418,159.5441,0.226797,0.484746,0.288457,51200,103844998,821,65536,0,0,0,0
42300,450.171,420.184,7.978125,8.000488,-0.022364,8.000488,8.001099,-0.022974,2043.8566,0.0,0.951619,155.6797,0.229277,0.484531,0.286191,51200,104645456,738,65536,0,0,0,0
42350,450.956,420.918,7.977495,8.000488,-0.022993,8.000488,8.00061,-0.023115,2033.3417,0.0,0.95123,155.6783,0.228223,0.488086,0.283691,51200,104107096,716,65536,0,0,0,0
42400,451.481,421.415,7.977377,8.000488,-0.023111,8.000488,8.000732,-0.023356,2003.6891,0.0,0.950551,164.3515,0.22498,0.489551,0.285469,51200,102588882,811,65536,0,0,0,0
42450,452.01,421.92,7.976752,8.000488,-0.023736,8.000488,8.000854,-0.024102,1981.7078,0.0,0.949753,175.0306,0.222129,0.496719,0.281152,51200,101463441,775,65536,0,0,0,0
42500,452.491,422.379,7.976819,8.000488,-0.023669,8.000488,8.000366,-0.023547,1984.7392,0.0,0.950227,206.0679,0.22334,0.491797,0.284863,51200,101618648,775,65536,0,0,0,0
42550,452.985,422.85,7.976762,8.000488,-0.023727,8.000488,8.000488,-0.023727,1941.9863,0.0,0.949302,192.8473,0.217539,0.488047,0.294414,51200,99429699,805,65536,0,0,0,0
42600,453.501,423.335,7.975815,8.000488,-0.024673,8.000488,7.999756,-0.023941,1936.4946,0.0,0.949339,194.954,0.217168,0.481719,0.301113,51200,99148525,759,65536,0,0,0,0
42650,454.022,423.833,7.975388,8.000488,-0.0251,8.000488,7.999756,-0.024368,1896.3894,0.0,0.948056,181.2188,0.212051,0.48918,0.29877,51200,97095139,780,65536,0,0,0,0
42700,454.488,424.248,7.975878,8.000488,-0.02461,8.000488,8.000366,-0.024488,1887.32,0.0,0.947491,182.3328,0.210254,0.499004,0.290742,51200,96630785,735,65536,0,0,0,0
42750,455.011,424.732,7.976267,8.000488,-0.024222,8.000488,8.000122,-0.023856,1917.3913,0.0,0.948381,187.3942,0.21459,0.498398,0.287012,51200,98170436,840,65536,0,0,0,0
42800,455.508,425.181,7.976313,8.000488,-0.024175,8.000488,8.0,-0.023687,1935.4896,0.0,0.948715,184.4223,0.216914,0.49959,0.283496,51200,99097067,773,65536,0,0,0,0
42850,455.946,425.565,7.97649,8.000488,-0.023998,8.000488,7.999634,-0.023144,1953.2271,0.0,0.949363,178.1819,0.220527,0.498789,0.280684,51200,100005230,774,65536,0,0,0,0
42900,456.518,426.078,7.976577,8.000488,-0.023912,8.000488,7.999634,-0.023057,1994.168,0.0,0.950522,183.9178,0.225957,0.490488,0.283555,51200,102101404,726,65536,0,0,0,0
42950,457.095,426.62,7.976454,8.000488,-0.024034,8.000488,8.0,-0.023546,1996.2362,0.0,0.950769,187.3515,0.226172,0.488301,0.285527,51200,102207292,825,65536,0,0,0,0
43000,457.666,427.169,7.976259,8.000488,-0.02423,8.000488,8.0,-0.023741,1977.9976,0.0,0.950116,184.5269,0.224727,0.491797,0.283477,51200,101273477,795,65536,0,0,0,0
43050,458.06,427.534,7.976069,8.000488,-0.02442,8.000488,7.999756,-0.023687,1943.4941,0.0,0.949305,184.4767,0.219902,0.494395,0.285703,51200,99506899,779,65536,0,0,0,0
43100,458.568,428.02,7.976386,8.000488,-0.024102,8.000488,8.000488,-0.024102,1971.4014,0.0,0.950249,186.2332,0.223008,0.490117,0.286875,51200,100935753,802,65536,0,0,0,0
43150,459.215,428.645,7.977086,8.000488,-0.023402,8.000488,8.001465,-0.024379,1955.889,0.0,0.949958,188.582,0.219961,0.489609,0.29043,51200,100141515,814,65536,0,0,0,0
43200,459.648,429.023,7.977408,8.000488,-0.023081,8.000488,8.001831,-0.024424,1973.3371,0.0,0.95024,187.9634,0.22166,0.491484,0.286855,51200,101034858,773,65536,0,0,0,0
43250,460.414,429.74,7.976233,8.000488,-0.024255,8.000488,8.000488,-0.024255,1934.8454,0.0,0.949193,184.6246,0.219688,0.492344,0.287969,51200,99064085,814,65536,0,0,0,0
43300,460.855,430.156,7.975621,8.000488,-0.024868,8.000488,7.99939,-0.023769,1949.6368,0.0,0.949651,177.5023,0.220762,0.491016,0.288223,51200,99821403,834,65536,0,0,0,0
43350,461.579,430.857,7.975376,8.000488,-0.025112,8.000488,7.999268,-0.023892,1962.5962,0.0,0.949619,169.2781,0.222598,0.494531,0.282871,51200,100484923,744,65536,0,0,0,0
43400,462.07,431.324,7.974994,8.000488,-0.025495,8.000488,7.999634,-0.02464,1972.0772,0.0,0.949933,169.8582,0.223789,0.490332,0.285879,51200,100970353,797,65536,0,0,0,0
43450,462.457,431.689,7.975008,8.000488,-0.02548,8.000488,7.998901,-0.023893,1921.6021,0.0,0.948909,171.9868,0.216953,0.488887,0.29416,51200,98386030,762,65536,0,0,0,0
43500,463.06,432.261,7.974858,8.000488,-0.025631,8.000488,7.998779,-0.023922,1903.7847,0.0,0.948201,168.2733,0.215293,0.496562,0.288145,51200,97473775,808,65536,0,0,0,0
43550,463.546,432.725,7.974861,8.000488,-0.025627,8.000488,7.998535,-0.023674,1865.3308,0.0,0.947162,164.6793,0.210039,0.500352,0.289609,51200,95504936,771,65536,0,0,0,0
43600,464.156,433.295,7.974491,8.000488,-0.025998,8.000488,7.998413,-0.023922,1832.9143,0.0,0.945964,162.2984,0.206445,0.504766,0.288789,51200,93845212,769,65536,0,0,0,0
43650,464.616,433.731,7.974265,8.000488,-0.026223,8.000488,7.997925,-0.023659,1856.4717,0.0,0.946845,165.7959,0.209688,0.501211,0.289102,51200,95051352,787,65536,0,0,0,0
43700,465.108,434.18,7.974724,8.000488,-0.025764,8.000488,7.998413,-0.023689,1808.6362,0.0,0.945537,159.6358,0.20332,0.503242,0.293438,51200,92602175,800,65536,0,0,0,0
43750,465.545,434.595,7.975383,8.000488,-0.025106,8.000488,7.998779,-0.023397,1821.8967,0.0,0.946059,160.2769,0.205664,0.496465,0.297871,51200,93281113,863,65536,0,0,0,0
43800,465.971,434.998,7.975371,8.000488,-0.025117,8.000488,7.999023,-0.023652,1848.1597,0.0,0.946706,166.2253,0.20877,0.50084,0.290391,51200,94625776,813,65536,0,0,0,0
43850,466.608,435.613,7.974607,8.000488,-0.025881,8.000488,7.998169,-0.023562,1867.7054,0.0,0.947215,168.3414,0.210723,0.504297,0.28498,51200,95626519,767,65536,0,0,0,0
43900,467.051,436.01,7.975239,8.000488,-0.025249,8.000488,7.998779,-0.02354,1885.9341,0.0,0.947475,165.5961,0.212793,0.501934,0.285273,51200,96559828,781,65536,0,0,0,0
43950,467.516,436.428,7.97468,8.000488,-0.025808,8.000488,7.998535,-0.023855,1887.7129,0.0,0.947689,167.8867,0.213203,0.502148,0.284648,51200,96650903,824,65536,0,0,0,0
44000,468.005,436.894,7.974959,8.000488,-0.025529,8.000488,7.998901,-0.023942,1834.7117,0.0,0.946032,156.4344,0.205664,0.507422,0.286914,51200,93937239,775,65536,0,0,0,0
44050,468.515,437.382,7.975577,8.000488,-0.024912,8.000488,7.998901,-0.023325,1843.2596,0.0,0.946561,157.4158,0.206426,0.501094,0.29248,51200,94374894,801,65536,0,0,0,0
44100,469.004,437.821,7.976145,8.000488,-0.024343,8.000488,7.999634,-0.023488,1842.9566,0.0,0.946418,163.7125,0.205352,0.503027,0.291621,51200,94359380,745,65536,0,0,0,0
44150,469.442,438.229,7.975932,8.000488,-0.024556,8.000488,7.999634,-0.023701,1809.0924,0.0,0.945742,169.96,0.20125,0.497168,0.301582,51200,92625529,768,65536,0,0,0,0
44200,469.985,438.713,7.975872,8.000488,-0.024616,8.000488,7.999756,-0.023883,1800.7682,0.0,0.945233,170.7474,0.199648,0.49957,0.300781,51200,92199332,826,65536,0,0,0,0
44250,470.402,439.082,7.976354,8.000488,-0.024134,8.000488,8.0,-0.023646,1792.6092,0.0,0.945411,164.0816,0.198887,0.490293,0.31082,51200,91781593,798,65536,0,0,0,0
44300,471.02,439.677,7.975077,8.000488,-0.025411,8.000488,7.999023,-0.023946,1784.521,0.0,0.945415,171.7586,0.198594,0.487949,0.313457,51200,91367473,797,65536,0,0,0,0
44350,471.505,440.138,7.975364,8.000488,-0.025124,8.000488,7.999023,-0.023659,1759.4776,0.0,0.944408,176.0634,0.195137,0.487793,0.31707,51200,90085253,839,65536,0,0,0,0
44400,472.102,440.713,7.975339,8.000488,-0.025149,8.000488,7.999146,-0.023806,1744.3518,0.0,0.944334,169.1786,0.194023,0.479258,0.326719,51200,89310812,771,65536,0,0,0,0
44450,472.485,441.072,7.974609,8.000488,-0.025879,8.000488,7.998291,-0.023682,1760.726,0.0,0.944954,174.9198,0.19625,0.477676,0.326074,51200,90149172,824,65536,0,0,0,0
44500,472.962,441.526,7.975321,8.000488,-0.025167,8.000488,7.99939,-0.024069,1799.5943,0.0,0.946349,176.5461,0.20209,0.471191,0.326719,51200,92139230,786,65536,0,0,0,0
44550,473.46,441.997,7.975214,8.000488,-0.025274,8.000488,7.998779,-0.023565,1789.4446,0.0,0.946373,178.3563,0.201113,0.464824,0.334062,51200,91619562,793,65536,0,0,0,0
44600,473.888,442.383,7.975122,8.000488,-0.025366,8.000488,7.998535,-0.023413,1739.6845,0.0,0.944392,169.646,0.194316,0.474375,0.331309,51200,89071848,803,65536,0,0,0,0
44650,474.256,442.723,7.974851,8.000488,-0.025637,8.000488,7.998657,-0.023806,1723.0885,0.0,0.944139,170.6308,0.192773,0.470332,0.336895,51200,88222131,766,65536,0,0,0,0
44700,474.81,443.227,7.975394,8.000488,-0.025094,8.000488,7.999023,-0.023629,1724.8564,0.0,0.944154,173.1464,0.193008,0.473262,0.33373,51200,88312647,772,65536,0,0,0,0
44750,475.239,443.634,7.975372,8.000488,-0.025117,8.000488,7.99939,-0.024018,1680.0041,0.0,0.942409,161.001,0.186621,0.477129,0.33625,51200,86016212,757,65536,0,0,0,0
44800,475.744,444.116,7.975502,8.000488,-0.024986,8.000488,7.999146,-0.023643,1686.5972,0.0,0.942875,153.9833,0.188027,0.470957,0.341016,51200,86353779,812,65536,0,0,0,0
44850,476.087,444.434,7.974971,8.000488,-0.025517,8.000488,7.999268,-0.024296,1740.3779,0.0,0.944714,158.3513,0.194375,0.467129,0.338496,51200,89107349,785,65536,0,0,0,0
44900,476.587,444.911,7.974599,8.000488,-0.025889,8.000488,7.999023,-0.024424,1718.2819,0.0,0.943569,145.4208,0.191191,0.477793,0.331016,51200,87976033,807,65536,0,0,0,0
44950,477.072,445.374,7.974758,8.000488,-0.025731,8.000488,7.998779,-0.024022,1735.7658,0.0,0.943939,142.6989,0.192422,0.480586,0.326992,51200,88871211,806,65536,0,0,0,0
45000,477.454,445.714,7.975093,8.000488,-0.025395,8.000488,7.998779,-0.023686,1826.2853,0.0,0.946745,146.6068,0.203613,0.478711,0.317676,51200,93505808,756,65536,0,0,0,0
45050,478.078,446.315,7.975828,8.000488,-0.024661,8.000488,7.999023,-0.023196,1797.1893,0.0,0.945859,141.8105,0.199961,0.480176,0.319863,51200,92016091,769,65536,0,0,0,0
45100,478.522,446.736,7.976171,8.000488,-0.024317,8.000488,7.999512,-0.023341,1788.1096,0.0,0.9454,144.3981,0.198438,0.487383,0.31418,51200,91551210,807,65536,0,0,0,0
45150,478.922,447.112,7.976633,8.000488,-0.023855,8.000488,7.999756,-0.023122,1748.1309,0.0,0.943934,141.978,0.192949,0.493301,0.31375,51200,89504303,773,65536,0,0,0,0
45200,479.407,447.573,7.976014,8.000488,-0.024475,8.000488,7.999512,-0.023498,1729.2171,0.0,0.943191,134.0627,0.190391,0.494141,0.315469,51200,88535918,801,65536,0,0,0,0
45250,479.941,448.079,7.976465,8.000488,-0.024024,8.000488,7.999512,-0.023047,1768.8775,0.0,0.944992,145.1389,0.196348,0.485938,0.317715,51200,90566529,815,65536,0,0,0,0
45300,480.297,448.413,7.976913,8.000488,-0.023576,8.000488,7.999634,-0.022721,1780.068,0.0,0.945193,145.0462,0.197949,0.488496,0.313555,51200,91139481,815,65536,0,0,0,0
45350,480.835,448.892,7.975983,8.000488,-0.024506,8.000488,7.999146,-0.023163,1825.6228,0.0,0.94651,140.8946,0.202129,0.487031,0.31084,51200,93471888,845,65536,0,0,0,0
45400,481.398,449.404,7.975935,8.000488,-0.024554,8.000488,7.999023,-0.023089,1819.3839,0.0,0.946627,138.9453,0.203066,0.482832,0.314102,51200,93152456,821,65536,0,0,0,0
45450,481.9,449.882,7.975792,8.000488,-0.024697,8.000488,7.999268,-0.023476,1826.4356,0.0,0.946806,140.33,0.203359,0.485703,0.310938,51200,93513504,725,65536,0,0,0,0
45500,482.489,450.449,7.976401,8.000488,-0.024087,8.000488,8.0,-0.023599,1752.9801,0.0,0.944355,136.4013,0.193828,0.49125,0.314922,51200,89752581,820,65536,0,0,0,0
45550,483.031,450.949,7.976527,8.000488,-0.023962,8.000488,7.99939,-0.022863,1722.4313,0.0,0.943198,132.3442,0.190586,0.494609,0.314805,51200,88188481,803,65536,0,0,0,0
45600,483.458,451.329,7.976962,8.000488,-0.023527,8.000488,7.999756,-0.022794,1733.181,0.0,0.943687,129.7327,0.191992,0.493535,0.314473,51200,88738868,844,65536,0,0,0,0
45650,483.876,451.699,7.97652,8.000488,-0.023968,8.000488,8.0,-0.02348,1738.5874,0.0,0.94423,131.6375,0.192051,0.489492,0.318457,51200,89015677,771,65536,0,0,0,0
45700,484.377,452.178,7.976808,8.000488,-0.02368,8.000488,7.99939,-0.022582,1766.6002,0.0,0.945309,141.313,0.194414,0.483711,0.321875,51200,90449932,766,65536,0,0,0,0
45750,484.79,452.548,7.977158,8.000488,-0.023331,8.000488,8.000488,-0.023331,1750.9738,0.0,0.94463,142.6725,0.192324,0.489883,0.317793,51200,89649859,830,65536,0,0,0,0
45800,485.237,452.972,7.975949,8.000488,-0.024539,8.000488,7.999878,-0.023929,1751.0257,0.0,0.944898,145.8516,0.191738,0.485469,0.322793,51200,89652514,832,65536,0,0,0,0
45850,485.724,453.405,7.975827,8.000488,-0.024661,8.000488,7.999756,-0.023928,1702.1528,0.0,0.943295,138.2321,0.186074,0.486309,0.327617,51200,87150221,811,65536,0,0,0,0
45900,486.221,453.879,7.976227,8.000488,-0.024261,8.000488,7.99939,-0.023162,1728.0134,0.0,0.943889,137.0834,0.190742,0.485625,0.323633,51200,88474286,769,65536,0,0,0,0
45950,486.752,454.356,7.975724,8.000488,-0.024765,8.000488,7.99939,-0.023666,1764.3126,0.0,0.945512,142.9708,0.196113,0.478496,0.325391,51200,90332805,727,65536,0,0,0,0
46000,487.183,454.724,7.976461,8.000488,-0.024028,8.000488,8.000244,-0.023783,1751.0235,0.0,0.945108,141.5464,0.19377,0.479062,0.327168,51200,89652405,777,65536,0,0,0,0
46050,487.83,455.341,7.976461,8.000488,-0.024027,8.000488,8.0,-0.023539,1795.2446,0.0,0.946306,147.4728,0.197676,0.479961,0.322363,51200,91916525,750,65536,0,0,0,0
46100,488.287,455.776,7.974933,8.000488,-0.025555,8.000488,7.999268,-0.024335,1858.5211,0.0,0.948134,156.6454,0.20582,0.47498,0.319199,51200,95156282,782,65536,0,0,0,0
46150,488.665,456.124,7.975071,8.000488,-0.025417,8.000488,7.999512,-0.02444,1888.6784,0.0,0.949095,161.2999,0.210918,0.470371,0.318711,51200,96700333,802,65536,0,0,0,0
46200,489.04,456.476,7.974869,8.000488,-0.025619,8.000488,7.999512,-0.024643,1900.598,0.0,0.949309,163.5895,0.213359,0.472734,0.313906,51200,97310616,746,65536,0,0,0,0
46250,489.492,456.897,7.974537,8.000488,-0.025951,8.000488,7.999512,-0.024974,1860.604,0.0,0.948168,168.7798,0.207715,0.476953,0.315332,51200,95262924,750,65536,0,0,0,0
46300,490.127,457.466,7.974368,8.000488,-0.02612,8.000488,7.999146,-0.024777,1859.7638,0.0,0.948386,167.2749,0.207734,0.472148,0.320117,51200,95219906,803,65536,0,0,0,0
46350,490.62,457.935,7.974725,8.000488,-0.025763,8.000488,7.999756,-0.025031,1855.0909,0.0,0.948679,164.8318,0.206602,0.465488,0.32791,51200,94980654,745,65536,0,0,0,0
46400,491.108,458.4,7.975116,8.000488,-0.025373,8.000488,8.0,-0.024884,1794.6412,0.0,0.946863,164.9567,0.199043,0.476328,0.324629,51200,91885627,812,65536,0,0,0,0
46450,491.646,458.915,7.975499,8.000488,-0.024989,8.000488,8.000122,-0.024623,1831.1725,0.0,0.94794,164.9012,0.202793,0.475156,0.322051,51200,93756034,795,65536,0,0,0,0
46500,492.1,459.347,7.975274,8.000488,-0.025215,8.000488,7.999512,-0.024238,1882.5854,0.0,0.949347,172.9423,0.208398,0.472734,0.318867,51200,96388370,780,65536,0,0,0,0
46550,492.669,459.869,7.975163,8.000488,-0.025325,8.000488,7.999634,-0.024471,1882.8585,0.0,0.949278,173.527,0.207559,0.472695,0.319746,51200,96402356,795,65536,0,0,0,0
46600,493.072,460.249,7.97477,8.000488,-0.025718,8.000488,7.999512,-0.024742,1978.1434,0.0,0.951946,168.6167,0.219766,0.467109,0.313125,51200,101280943,790,65536,0,0,0,0
46650,493.62,460.76,7.974546,8.000488,-0.025942,8.000488,7.998901,-0.024355,1931.1931,0.0,0.950705,164.0065,0.211934,0.468711,0.319355,51200,98877087,752,65536,0,0,0,0
46700,494.061,461.154,7.974908,8.000488,-0.02558,8.000488,7.999756,-0.024847,1882.7001,0.0,0.949357,167.8613,0.205723,0.472617,0.32166,51200,96394244,759,65536,0,0,0,0
46750,494.647,461.711,7.975532,8.000488,-0.024956,8.000488,8.0,-0.024468,1903.8927,0.0,0.949899,161.4715,0.208965,0.47,0.321035,51200,97479305,798,65536,0,0,0,0
46800,495.112,462.153,7.975073,8.000488,-0.025415,8.000488,7.99939,-0.024317,1942.0471,0.0,0.950993,165.2586,0.214473,0.467871,0.317656,51200,99432811,782,65536,0,0,0,0
46850,495.649,462.668,7.975205,8.000488,-0.025283,8.000488,7.999756,-0.02455,1895.3961,0.0,0.949535,163.704,0.208184,0.474395,0.317422,51200,97044279,742,65536,0,0,0,0
46900,496.117,463.111,7.975093,8.000488,-0.025395,8.000488,7.999756,-0.024663,1828.3826,0.0,0.94754,153.9597,0.201836,0.47582,0.322344,51200,93613189,792,65536,0,0,0,0
46950,496.502,463.473,7.974846,8.000488,-0.025642,8.000488,7.999756,-0.02491,1830.5065,0.0,0.94739,143.9234,0.20125,0.475508,0.323242,51200,93721933,785,65536,0,0,0,0
47000,496.974,463.922,7.973713,8.000488,-0.026776,8.000488,7.999023,-0.025311,1777.1714,0.0,0.945475,139.5855,0.192773,0.482285,0.324941,51200,90991176,810,65536,0,0,0,0
47050,497.357,464.281,7.974609,8.000488,-0.02588,8.000488,7.999634,-0.025025,1785.4813,0.0,0.945796,142.8894,0.194277,0.479473,0.32625,51200,91416641,767,65536,0,0,0,0
47100,497.746,464.643,7.974345,8.000488,-0.026143,8.000488,7.999268,-0.024922,1765.636,0.0,0.945369,140.986,0.19123,0.476172,0.332598,51200,90400562,791,65536,0,0,0,0
47150,498.297,465.146,7.974401,8.000488,-0.026087,8.000488,7.999023,-0.024623,1762.1642,0.0,0.945491,140.9625,0.192773,0.471875,0.335352,51200,90222805,794,65536,0,0,0,0
47200,498.709,465.535,7.974585,8.000488,-0.025903,8.000488,7.999146,-0.024561,1793.2157,0.0,0.946489,143.9808,0.195742,0.471836,0.332422,51200,91812644,787,65536,0,0,0,0
47250,499.113,465.878,7.974682,8.000488,-0.025806,8.000488,7.999512,-0.02483,1844.1391,0.0,0.947667,150.1019,0.202715,0.47416,0.323125,51200,94419922,804,65536,0,0,0,0
47300,499.585,466.328,7.974597,8.000488,-0.025892,8.000488,7.999268,-0.024671,1817.4292,0.0,0.946561,147.601,0.197637,0.484141,0.318223,51200,93052377,808,65536,0,0,0,0
47350,500.004,466.725,7.975824,8.000488,-0.024664,8.000488,8.000122,-0.024298,1856.265,0.0,0.947661,149.0666,0.204551,0.48127,0.31418,51200,95040766,770,65536,0,0,0,0
47400,500.456,467.155,7.975795,8.000488,-0.024693,8.000488,8.0,-0.024205,1836.9197,0.0,0.947103,144.2982,0.201602,0.481504,0.316895,51200,94050289,768,65536,0,0,0,0
47450,501.07,467.747,7.975115,8.000488,-0.025374,8.000488,7.999146,-0.024031,1859.7657,0.0,0.947707,147.9937,0.203926,0.481602,0.314473,51200,95220003,817,65536,0,0,0,0
47500,501.605,468.257,7.974957,8.000488,-0.025531,8.000488,7.999268,-0.02431,1837.557,0.0,0.947562,149.014,0.20416,0.474297,0.321543,51200,94082919,827,65536,0,0,0,0
47550,502.063,468.667,7.975537,8.000488,-0.024951,8.000488,7.999268,-0.02373,1812.218,0.0,0.946575,145.9432,0.200117,0.477266,0.322617,51200,92785561,789,65536,0,0,0,0
47600,502.475,469.02,7.974712,8.000488,-0.025777,8.000488,7.999023,-0.024312,1777.0503,0.0,0.945809,143.9006,0.195703,0.476953,0.327344,51200,90984973,745,65536,0,0,0,0
47650,502.864,469.38,7.975422,8.000488,-0.025066,8.000488,8.0,-0.024578,1748.0674,0.0,0.944689,147.1941,0.192676,0.477988,0.329336,51200,89501050,808,65536,0,0,0,0
47700,503.542,470.035,7.975464,8.000488,-0.025024,8.000488,7.999878,-0.024414,1786.0345,0.0,0.945416,138.8022,0.197676,0.479922,0.322402,51200,91444968,756,65536,0,0,0,0
47750,503.915,470.385,7.976004,8.000488,-0.024484,8.000488,8.000366,-0.024362,1817.1638,0.0,0.946574,127.8293,0.201816,0.477578,0.320605,51200,93038788,742,65536,0,0,0,0
47800,504.344,470.791,7.976098,8.000488,-0.02439,8.000488,8.00061,-0.024512,1811.8797,0.0,0.946476,147.4113,0.200176,0.47584,0.323984,51200,92768240,803,65536,0,0,0,0
47850,504.743,471.138,7.97575,8.000488,-0.024739,8.000488,8.000122,-0.024372,1848.1033,0.0,0.947811,146.8072,0.206094,0.467383,0.326523,51200,94622887,756,65536,0,0,0,0
47900,505.333,471.704,7.976076,8.000488,-0.024412,8.000488,8.000854,-0.024778,1867.237,0.0,0.94813,150.2476,0.208906,0.471816,0.319277,51200,95602535,777,65536,0,0,0,0
47950,505.81,472.158,7.975501,8.000488,-0.024988,8.000488,8.0,-0.024499,1897.3824,0.0,0.949109,154.8468,0.212656,0.466562,0.320781,51200,97145979,804,65536,0,0,0,0
48000,506.209,472.51,7.975647,8.000488,-0.024842,8.000488,8.000122,-0.024475,1906.1464,0.0,0.949359,153.239,0.215156,0.463516,0.321328,51200,97594697,803,65536,0,0,0,0
48050,506.924,473.202,7.976255,8.000488,-0.024233,8.000488,7.999756,-0.0235,1914.5228,0.0,0.949516,155.5373,0.21748,0.466895,0.315625,51200,98023565,790,65536,0,0,0,0
48100,507.445,473.693,7.976706,8.000488,-0.023782,8.000488,8.000732,-0.024026,1923.7051,0.0,0.949587,156.9293,0.216523,0.468711,0.314766,51200,98493701,772,65536,0,0,0,0
48150,507.817,474.041,7.976369,8.000488,-0.024119,8.000488,8.00061,-0.024241,1965.4262,0.0,0.950721,159.3522,0.221895,0.466094,0.312012,51200,100629819,786,65536,0,0,0,0
48200,508.303,474.504,7.976104,8.000488,-0.024384,8.000488,8.000244,-0.02414,1946.323,0.0,0.950195,158.2242,0.220332,0.466211,0.313457,51200,99651736,770,65536,0,0,0,0
48250,508.924,475.102,7.97497,8.000488,-0.025518,8.000488,7.999878,-0.024908,1950.6339,0.0,0.950251,154.1966,0.220645,0.468086,0.31127,51200,99872455,814,65536,0,0,0,0
48300,509.567,475.703,7.975516,8.000488,-0.024972,8.000488,8.000366,-0.02485,1936.5789,0.0,0.950357,158.1755,0.220059,0.462637,0.317305,51200,99152838,779,65536,0,0,0,0
48350,510.119,476.216,7.975605,8.000488,-0.024883,8.000488,7.99939,-0.023784,1962.938,0.0,0.950888,160.8769,0.222266,0.466035,0.311699,51200,100502427,800,65536,0,0,0,0
48400,510.718,476.757,7.975749,8.000488,-0.024739,8.000488,7.999878,-0.024129,1986.0945,0.0,0.951716,164.8479,0.225625,0.460449,0.313926,51200,101688038,786,65536,0,0,0,0
48450,511.198,477.208,7.976198,8.000488,-0.024291,8.000488,8.000366,-0.024168,1991.894,0.0,0.951557,161.5616,0.22627,0.462773,0.310957,51200,101984975,789,65536,0,0,0,0
48500,511.605,477.592,7.976012,8.000488,-0.024476,8.000488,8.0,-0.023988,1997.6438,0.0,0.951696,167.2959,0.226582,0.463652,0.309766,51200,102279362,797,65536,0,0,0,0
48550,512.078,478.041,7.976152,8.000488,-0.024336,8.000488,8.000122,-0.02397,1999.3659,0.0,0.951615,165.8772,0.227676,0.463691,0.308633,51200,102367533,790,65536,0,0,0,0
48600,512.754,478.695,7.976137,8.000488,-0.024352,8.000488,8.000854,-0.024718,1968.4534,0.0,0.951182,163.3666,0.224434,0.461777,0.313789,51200,100784815,833,65536,0,0,0,0
48650,513.286,479.204,7.976302,8.000488,-0.024186,8.000488,8.000122,-0.02382,1974.2566,0.0,0.951422,167.4847,0.225352,0.45543,0.319219,51200,101081937,764,65536,0,0,0,0
48700,513.85,479.729,7.976938,8.000488,-0.023551,8.000488,8.000854,-0.023917,1938.5111,0.0,0.950552,183.3893,0.220293,0.459844,0.319863,51200,99251768,817,65536,0,0,0,0
48750,514.234,480.09,7.976091,8.000488,-0.024397,8.000488,8.000488,-0.024397,1958.4449,0.0,0.951188,192.9812,0.223672,0.45459,0.321738,51200,100272381,770,65536,0,0,0,0
48800,514.755,480.586,7.976116,8.000488,-0.024372,8.000488,8.000854,-0.024738,1922.0197,0.0,0.950379,187.916,0.218184,0.458203,0.323613,51200,98407410,787,65536,0,0,0,0
48850,515.211,480.998,7.975659,8.000488,-0.024829,8.000488,7.999512,-0.023853,1938.4967,0.0,0.950594,187.7308,0.218984,0.459102,0.321914,51200,99251030,797,65536,0,0,0,0
48900,515.981,481.719,7.975793,8.000488,-0.024695,8.000488,8.000122,-0.024329,1960.3446,0.0,0.951234,194.6979,0.222344,0.459531,0.318125,51200,100369645,763,65536,0,0,0,0
48950,516.533,482.244,7.975379,8.000488,-0.025109,8.000488,7.999756,-0.024377,1967.4746,0.0,0.951544,195.6628,0.223828,0.453809,0.322363,51200,100734700,753,65536,0,0,0,0
49000,516.935,482.623,7.975558,8.000488,-0.024931,8.000488,8.000122,-0.024564,1956.4917,0.0,0.950923,194.235,0.221211,0.462969,0.31582,51200,100172375,760,65536,0,0,0,0
49050,517.444,483.067,7.975307,8.000488,-0.025181,8.000488,7.999512,-0.024205,1966.118,0.0,0.950969,191.8696,0.222832,0.464648,0.31252,51200,100665242,782,65536,0,0,0,0
49100,517.959,483.559,7.975251,8.000488,-0.025238,8.000488,7.999268,-0.024017,1959.5627,0.0,0.950568,187.4366,0.22207,0.47252,0.30541,51200,100329608,807,65536,0,0,0,0
49150,518.698,484.251,7.97523,8.000488,-0.025258,8.000488,7.999146,-0.023915,1953.1312,0.0,0.950431,185.7781,0.222285,0.469688,0.308027,51200,100000320,781,65536,0,0,0,0
49200,519.179,484.672,7.975402,8.000488,-0.025087,8.000488,7.999512,-0.02411,1984.5269,0.0,0.951343,195.886,0.22627,0.466758,0.306973,51200,101607776,750,65536,0,0,0,0
49250,519.647,485.118,7.974861,8.000488,-0.025628,8.000488,7.999023,-0.024163,1984.7242,0.0,0.951188,196.7491,0.22709,0.473047,0.299863,51200,101617877,818,65536,0,0,0,0
49300,520.314,485.738,7.975272,8.000488,-0.025216,8.000488,7.999268,-0.023996,1957.2717,0.0,0.950402,189.916,0.223438,0.475312,0.30125,51200,100212310,800,65536,0,0,0,0
49350,520.817,486.173,7.975808,8.000488,-0.02468,8.000488,8.000122,-0.024314,1913.404,0.0,0.948977,189.3353,0.216973,0.48543,0.297598,51200,97966284,791,65536,0,0,0,0
49400,521.232,486.566,7.976718,8.000488,-0.02377,8.000488,8.000366,-0.023648,1915.7125,0.0,0.949029,190.96,0.21748,0.48207,0.300449,51200,98084479,808,65536,0,0,0,0
49450,521.84,487.148,7.97633,8.000488,-0.024158,8.000488,8.0,-0.02367,1969.433,0.0,0.950273,199.9653,0.223262,0.480508,0.29623,51200,100834972,752,65536,0,0,0,0
49500,522.317,487.579,7.976434,8.000488,-0.024055,8.000488,8.000244,-0.023811,1989.0024,0.0,0.950819,184.7866,0.225781,0.477148,0.29707,51200,101836924,820,65536,0,0,0,0
49550,522.899,488.138,7.976103,8.000488,-0.024385,8.000488,7.999756,-0.023652,1997.0159,0.0,0.951235,187.7136,0.226855,0.471758,0.301387,51200,102247213,785,65536,0,0,0,0
49600,523.543,488.759,7.976154,8.000488,-0.024334,8.000488,7.999634,-0.02348,1985.4234,0.0,0.950929,190.1854,0.225645,0.475898,0.298457,51200,101653678,755,65536,0,0,0,0
49650,524.059,489.252,7.976878,8.000488,-0.02361,8.000488,7.999878,-0.023,2031.6821,0.0,0.952221,182.1565,0.232031,0.468066,0.299902,51200,104022121,774,65536,0,0,0,0
49700,524.678,489.824,7.976742,8.000488,-0.023746,8.000488,8.000122,-0.02338,2010.3177,0.0,0.951772,192.5322,0.229434,0.468984,0.301582,51200,102928267,781,65536,0,0,0,0
49750,525.211,490.309,7.976282,8.000488,-0.024207,8.000488,7.999512,-0.02323,1993.1884,0.0,0.950874,182.6337,0.227168,0.478008,0.294824,51200,102051246,767,65536,0,0,0,0
49800,525.79,490.86,7.975886,8.000488,-0.024602,8.000488,7.999023,-0.023137,1998.0945,0.0,0.951132,172.1877,0.227402,0.473301,0.299297,51200,102302439,735,65536,0,0,0,0
49850,526.301,491.349,7.976341,8.000488,-0.024147,8.000488,7.99939,-0.023048,1979.1669,0.0,0.950194,136.6503,0.225469,0.479668,0.294863,51200,101333343,760,65536,0,0,0,0
49900,526.947,491.971,7.976617,8.000488,-0.023872,8.000488,8.000122,-0.023505,1973.6965,0.0,0.950602,136.1518,0.223965,0.470566,0.305469,51200,101053261,800,65536,0,0,0,0
49950,527.333,492.333,7.976694,8.000488,-0.023795,8.000488,8.000122,-0.023428,1967.1958,0.0,0.950453,145.2576,0.222754,0.47668,0.300566,51200,100720425,793,65536,0,0,0,0
50000,527.838,492.812,7.976676,8.000488,-0.023812,8.000488,8.000366,-0.02369,1944.8104,0.0,0.949794,147.6046,0.219531,0.480508,0.299961,51200,99574290,746,65536,0,0,0,0
