epoch,wall_s,sim_s,entropy_bits,comp_bits,high_order_entropy,brotli2_bits,zlib_bits,hoe_zlib,mean_steps,frac_copy_runs,frac_steps_in_loop,ops_per_run,frac_term_budget,frac_term_off_region,frac_term_unmatched,runs,steps,mutations,distinct_windows,n_persistent,A_t,n_persistent_naive,A_t_naive
0,0.024,0.0,7.997125,8.000488,-0.003364,8.000488,8.003174,-0.006049,0.0,0.0,0.0,0.0,0.0,0.0,0.0,0,0,0,65536,0,0,0,0
50,0.443,0.395,7.990934,7.915527,0.075407,7.967896,7.894653,0.096281,1457.0239,0.553418,0.927045,127.4748,0.162148,0.622949,0.214902,51200,74599624,1620,65024,0,0,0,0
100,0.916,0.841,7.982542,7.764526,0.218016,7.904663,7.75647,0.226073,1528.1995,0.569961,0.931922,162.0806,0.172988,0.598613,0.228398,51200,78243812,1550,64705,0,0,0,0
150,1.371,1.268,7.979018,7.684448,0.294569,7.900391,7.672363,0.306654,1521.3262,0.581406,0.932224,158.6988,0.172734,0.588711,0.238555,51200,77891902,1557,64765,0,0,0,0
200,1.722,1.565,7.973441,7.603271,0.37017,7.883057,7.586792,0.386649,1465.1563,0.598633,0.929521,171.8854,0.164688,0.600117,0.235195,51200,75016003,1566,64696,0,0,0,0
250,2.104,1.917,7.964133,7.575928,0.388206,7.856445,7.528442,0.435691,1425.9284,0.609648,0.927312,187.1721,0.160039,0.608457,0.231504,51200,73007536,1581,64764,0,0,0,0
300,2.492,2.279,7.960433,7.613281,0.347151,7.861206,7.517334,0.443099,1463.1465,0.596348,0.928865,180.5525,0.165449,0.61127,0.223281,51200,74913100,1582,64869,6,6,6,6
350,2.946,2.705,7.954049,7.54248,0.411568,7.863037,7.471069,0.482979,1426.3972,0.593633,0.926728,191.1361,0.160879,0.618906,0.220215,51200,73031538,1525,64892,10,10,10,10
400,3.412,3.119,7.945817,7.540283,0.405534,7.831665,7.434448,0.511368,1444.9787,0.589102,0.927666,190.8689,0.163164,0.618965,0.217871,51200,73982908,1558,64854,9,11,9,11
450,3.933,3.609,7.941991,7.525635,0.416356,7.840332,7.411621,0.530369,1364.1579,0.589316,0.922679,152.3108,0.153418,0.630449,0.216133,51200,69844884,1562,64871,7,11,7,11
500,4.415,4.04,7.9351,7.514404,0.420696,7.852661,7.409424,0.525676,1343.9619,0.583379,0.921113,155.7453,0.150332,0.641094,0.208574,51200,68810849,1582,64869,10,14,10,14
550,4.703,4.292,7.917413,7.494751,0.422662,7.814209,7.37915,0.538262,1272.8786,0.577539,0.916547,157.6659,0.141797,0.645215,0.212988,51200,65171386,1556,64835,10,16,10,16
600,5.085,4.627,7.906757,7.517334,0.389423,7.797607,7.366821,0.539935,1284.1773,0.569863,0.91715,149.2435,0.143633,0.646426,0.209941,51200,65749880,1586,64901,11,17,11,17
650,5.507,4.989,7.883555,7.474365,0.409189,7.787842,7.335938,0.547617,1269.1972,0.560801,0.916282,152.3626,0.141309,0.64627,0.212422,51200,64982897,1523,64795,12,19,12,19
700,5.889,5.343,7.861156,7.45874,0.402416,7.769165,7.307129,0.554027,1249.8973,0.565859,0.915236,141.6016,0.138945,0.64875,0.212305,51200,63994742,1601,64607,10,19,10,19
750,6.302,5.729,7.848532,7.418457,0.430075,7.736328,7.268066,0.580465,1176.1246,0.573008,0.909099,137.8709,0.129277,0.658398,0.212324,51200,60217581,1621,64728,9,20,9,20
800,6.57,5.968,7.821511,7.386719,0.434792,7.697632,7.236328,0.585183,1103.3962,0.571855,0.902745,136.7901,0.120176,0.667305,0.21252,51200,56493886,1576,64507,9,21,9,21
850,6.873,6.243,7.814319,7.337524,0.476794,7.701904,7.223145,0.591174,1093.3125,0.57377,0.901973,114.7759,0.119473,0.666523,0.214004,51200,55977601,1657,64461,10,21,10,21
900,7.117,6.459,7.781055,7.30896,0.472095,7.643921,7.175049,0.606007,1015.3342,0.576367,0.894637,100.3238,0.110273,0.665176,0.224551,51200,51985111,1559,64322,7,21,7,21
950,7.453,6.741,7.743679,7.244141,0.499538,7.611328,7.128296,0.615383,979.7733,0.586523,0.890668,93.8256,0.106523,0.669473,0.224004,51200,50164391,1524,64102,6,21,6,21
1000,7.735,6.962,7.679896,7.160767,0.51913,7.516724,7.055664,0.624232,1059.9799,0.591504,0.898703,107.8376,0.116582,0.666914,0.216504,51200,54270970,1550,63542,7,22,7,22
1050,8.248,7.41,7.629009,7.088989,0.54002,7.440308,6.971313,0.657696,965.7788,0.598672,0.888625,99.6502,0.105449,0.67623,0.21832,51200,49447877,1581,62993,7,23,7,23
1100,8.537,7.667,7.585051,6.999634,0.585417,7.33606,6.871094,0.713957,957.6546,0.594473,0.886648,96.091,0.104277,0.68832,0.207402,51200,49031914,1596,62595,7,24,7,24
1150,8.879,7.979,7.516112,6.868408,0.647704,7.230591,6.765991,0.750121,981.4694,0.589668,0.888317,104.923,0.107031,0.700801,0.192168,51200,50251231,1572,62076,14,32,14,32
1200,9.246,8.299,7.4113,6.71521,0.69609,7.095337,6.650635,0.760665,1052.8132,0.596973,0.895103,115.7747,0.115684,0.707441,0.176875,51200,53904038,1571,60607,12,33,12,33
1250,9.495,8.517,7.319422,6.567261,0.752162,6.936035,6.494873,0.824549,1049.5002,0.603027,0.893992,118.4773,0.114668,0.716816,0.168516,51200,53734411,1551,59713,13,34,13,34
1300,9.751,8.73,7.270054,6.496338,0.773716,6.867554,6.44165,0.828404,991.5402,0.591172,0.887136,114.5888,0.107344,0.731328,0.161328,51200,50766859,1531,59299,14,35,14,35
1350,10.057,8.992,7.158659,6.360107,0.798551,6.755249,6.315186,0.843473,924.967,0.595098,0.878832,118.1875,0.099453,0.735742,0.164805,51200,47358312,1498,58231,16,37,16,37
1400,10.281,9.183,7.078902,6.236572,0.842329,6.617554,6.187012,0.89189,845.8636,0.596934,0.866736,114.4603,0.089746,0.747246,0.163008,51200,43308216,1517,57740,28,49,28,49
1450,10.675,9.526,6.989778,6.120972,0.868807,6.494141,6.075928,0.913851,768.0404,0.60916,0.851775,110.3017,0.079668,0.76043,0.159902,51200,39323670,1606,56868,45,68,45,68
1500,10.89,9.706,6.958997,6.058105,0.900891,6.474243,6.057983,0.901013,742.0845,0.618066,0.84561,121.2254,0.076172,0.770449,0.153379,51200,37994728,1531,56904,46,70,46,70
1550,11.337,10.077,6.867021,5.929688,0.937334,6.312012,5.921265,0.945756,761.7983,0.621426,0.849972,126.8731,0.078203,0.770879,0.150918,51200,39004072,1563,55967,48,72,48,72
1600,11.594,10.296,6.726991,5.74353,0.983461,6.092041,5.752197,0.974794,778.2007,0.626387,0.851878,137.8198,0.080645,0.781211,0.138145,51200,39843874,1568,54206,52,76,52,76
1650,11.944,10.61,6.591648,5.605835,0.985813,5.963379,5.625732,0.965915,721.9515,0.644023,0.838895,139.7065,0.073027,0.797676,0.129297,51200,36963916,1562,53092,60,84,60,84
1700,12.218,10.81,6.467535,5.475952,0.991583,5.810547,5.471924,0.995611,690.8456,0.660742,0.831192,125.7013,0.069414,0.797559,0.133027,51200,35371296,1551,51899,69,94,69,94
1750,12.592,11.145,6.393797,5.354736,1.039061,5.719482,5.383423,1.010374,676.3234,0.658379,0.826366,118.1094,0.06752,0.808301,0.12418,51200,34627756,1564,51102,70,95,70,95
1800,12.807,11.31,6.183299,5.18811,0.995189,5.507568,5.192383,0.990916,649.6222,0.662949,0.819073,117.608,0.063887,0.81332,0.122793,51200,33260655,1602,50174,72,99,72,99
1850,13.25,11.651,6.072845,5.080566,0.992279,5.366089,5.08374,0.989105,655.2286,0.663594,0.820485,118.8096,0.064512,0.81293,0.122559,51200,33547705,1641,48626,77,108,77,108
1900,13.453,11.809,5.905372,4.854614,1.050758,5.177856,4.860596,1.044777,579.8479,0.658887,0.796306,101.8128,0.05582,0.823203,0.120977,51200,29688213,1528,46653,79,118,79,118
1950,13.686,11.975,5.794212,4.783691,1.010521,5.087036,4.786865,1.007347,500.4203,0.649434,0.762324,90.175,0.046289,0.837617,0.116094,51200,25621521,1527,46305,83,124,83,124
2000,13.888,12.129,5.630081,4.648071,0.98201,4.920532,4.668579,0.961502,507.0776,0.649668,0.765037,93.4483,0.046992,0.843574,0.109434,51200,25962371,1598,44939,93,135,93,135
2050,14.073,12.266,5.500916,4.488159,1.012757,4.776978,4.528076,0.97284,467.8612,0.68084,0.744368,92.0718,0.042168,0.855742,0.10209,51200,23954493,1599,44037,88,139,88,139
2100,14.315,12.411,5.413243,4.394775,1.018468,4.69104,4.412231,1.001012,462.7278,0.670039,0.740921,92.4566,0.041523,0.861211,0.097266,51200,23691664,1590,43276,132,190,132,190
2150,14.583,12.627,5.335662,4.229492,1.10617,4.540039,4.267578,1.068084,485.2147,0.676934,0.753328,97.1153,0.044043,0.858477,0.09748,51200,24842994,1536,42205,128,202,128,202
2200,14.794,12.756,5.258878,4.178711,1.080167,4.491211,4.236084,1.022794,461.956,0.685352,0.739325,95.2093,0.041035,0.870039,0.088926,51200,23652146,1587,41456,117,206,117,206
2250,14.984,12.889,5.186232,4.113525,1.072706,4.394531,4.151367,1.034865,441.1702,0.695371,0.726126,97.7848,0.039297,0.875176,0.085527,51200,22587916,1559,40746,130,222,130,222
2300,15.298,13.153,5.106066,4.038818,1.067247,4.320923,4.077759,1.028307,413.2753,0.697539,0.706405,96.8613,0.035957,0.88123,0.082812,51200,21159696,1577,39397,135,225,135,225
2350,15.468,13.271,5.071945,4.037598,1.034347,4.300659,4.07373,0.998214,361.3896,0.685645,0.664003,92.1577,0.029395,0.884473,0.086133,51200,18503146,1624,39967,135,231,135,231
2400,15.767,13.512,4.988134,3.911499,1.076635,4.205933,3.971924,1.01621,308.6878,0.67709,0.604775,88.1642,0.022832,0.892129,0.085039,51200,15804817,1548,39218,135,238,135,238
2450,15.926,13.621,4.893582,3.829468,1.064114,4.115845,3.884033,1.009548,312.7863,0.683438,0.607003,92.213,0.023301,0.904062,0.072637,51200,16014660,1575,38771,149,256,149,256
2500,16.2,13.79,4.84592,3.785889,1.060032,4.069702,3.835815,1.010105,277.8766,0.694766,0.556826,90.2412,0.019043,0.908066,0.072891,51200,14227283,1603,38385,150,260,150,260
2550,16.371,13.907,4.749156,3.700073,1.049082,3.978516,3.746582,1.002574,284.9493,0.696016,0.569054,98.9318,0.019941,0.903086,0.076973,51200,14589402,1631,37007,143,260,143,260
2600,16.551,14.014,4.720899,3.639893,1.081007,3.916504,3.692505,1.028395,288.6176,0.697305,0.573296,105.9818,0.020215,0.907656,0.072129,51200,14777223,1618,36990,142,261,142,261
2650,16.765,14.174,4.718245,3.680908,1.037337,3.940552,3.728271,0.989973,274.6636,0.682461,0.551133,105.8463,0.018594,0.912305,0.069102,51200,14062778,1624,38883,143,267,143,267
2700,16.931,14.28,4.703827,3.650391,1.053437,3.927002,3.691162,1.012665,272.8704,0.681445,0.547123,104.6387,0.01834,0.916836,0.064824,51200,13970967,1517,38379,145,272,145,272
2750,17.197,14.435,4.545917,3.491577,1.05434,3.747681,3.536743,1.009174,295.9898,0.692754,0.580121,120.9908,0.020996,0.923809,0.055195,51200,15154677,1625,36167,156,278,156,278
2800,17.364,14.544,4.436926,3.419556,1.017371,3.688232,3.460449,0.976477,299.7353,0.714707,0.58466,128.8988,0.02125,0.92791,0.05084,51200,15346447,1643,35050,151,278,152,278
2850,17.623,14.691,4.269183,3.295776,0.973407,3.533936,3.334473,0.934711,268.4063,0.717129,0.534237,123.597,0.017402,0.936973,0.045625,51200,13742403,1601,33819,154,279,155,279
2900,17.893,14.885,4.115399,3.127441,0.987958,3.338257,3.154907,0.960492,233.2355,0.728203,0.462477,118.2125,0.013223,0.944023,0.042754,51200,11941657,1543,31389,167,287,168,287
2950,18.048,14.983,3.959936,3.032715,0.927221,3.245605,3.057861,0.902074,234.3911,0.731543,0.463016,123.3708,0.013223,0.951504,0.035273,51200,12000824,1524,30897,175,294,191,294
3000,18.23,15.108,3.960751,3.023193,0.937558,3.251953,3.054077,0.906674,226.5622,0.720469,0.446087,128.8308,0.012266,0.947734,0.04,51200,11599985,1556,31459,199,306,218,306
3050,18.4,15.205,3.945895,3.018188,0.927707,3.23291,3.051514,0.894382,204.1967,0.714941,0.381996,124.9742,0.009473,0.957402,0.033125,51200,10454871,1607,32033,202,314,222,314
3100,18.565,15.308,3.870174,2.952271,0.917903,3.173706,2.972778,0.897396,202.9638,0.74127,0.379156,125.2181,0.009277,0.95498,0.035742,51200,10391744,1509,31377,201,322,222,322
3150,18.77,15.403,3.763011,2.842163,0.920848,3.052124,2.870972,0.89204,203.0188,0.73498,0.380074,128.1914,0.009336,0.951621,0.039043,51200,10394563,1540,30176,200,330,223,330
3200,18.924,15.497,3.658746,2.832886,0.82586,3.024048,2.856689,0.802056,179.1139,0.715625,0.296676,109.6641,0.006211,0.954199,0.03959,51200,9170634,1600,29984,195,337,219,337
3250,19.204,15.626,3.659855,2.817871,0.841984,3.022217,2.870483,0.789372,181.9437,0.736895,0.309169,107.1808,0.006641,0.951133,0.042227,51200,9315518,1622,29386,203,343,221,343
3300,19.388,15.753,3.696099,2.844604,0.851494,3.032715,2.884521,0.811577,192.4429,0.767266,0.345645,109.685,0.008047,0.953164,0.038789,51200,9853074,1589,30331,211,352,227,352
3350,19.534,15.842,3.616087,2.718994,0.897093,2.916382,2.770874,0.845213,175.9557,0.775078,0.282341,112.2729,0.005996,0.957695,0.036309,51200,9008934,1570,28228,222,362,238,362
3400,19.777,16.015,3.477858,2.554932,0.922927,2.755737,2.599243,0.878615,175.495,0.787773,0.281474,110.3201,0.006074,0.955234,0.038691,51200,8985344,1592,26002,239,381,255,381
3450,19.923,16.104,3.361145,2.467896,0.89325,2.652466,2.514038,0.847107,176.1163,0.783047,0.283509,112.8819,0.006055,0.957129,0.036816,51200,9017155,1618,24574,252,386,272,387
3500,20.086,16.21,3.332399,2.450439,0.881959,2.634644,2.499512,0.832887,164.3041,0.78,0.231676,112.5812,0.004629,0.959043,0.036328,51200,8412368,1633,25384,238,388,258,389
3550,20.229,16.295,3.263626,2.395264,0.868362,2.575684,2.446289,0.817337,156.043,0.773359,0.190197,106.3953,0.003633,0.961953,0.034414,51200,7989400,1530,24506,233,389,258,395
3600,20.465,16.415,3.241897,2.369263,0.872635,2.560425,2.408325,0.833572,166.66,0.785332,0.243623,108.9404,0.005,0.956523,0.038477,51200,8532990,1561,24101,240,392,273,401
3650,20.611,16.507,3.343051,2.430664,0.912387,2.638794,2.481323,0.861728,180.6568,0.79166,0.303294,115.6003,0.006738,0.95248,0.040781,51200,9249630,1529,26075,209,392,234,401
3700,20.827,16.597,3.464748,2.58374,0.881008,2.780518,2.639648,0.8251,162.7685,0.791504,0.222367,106.7306,0.004395,0.963652,0.031953,51200,8333746,1608,28473,180,393,205,402
3750,21.046,16.763,3.460832,2.566284,0.894548,2.778931,2.629517,0.831315,158.4968,0.793418,0.200493,104.6263,0.003848,0.965859,0.030293,51200,8115035,1487,28288,182,394,204,403
3800,21.188,16.848,3.455607,2.57312,0.882487,2.793335,2.631836,0.823771,152.5677,0.770625,0.169841,105.9349,0.003066,0.965645,0.031289,51200,7811465,1579,29412,173,394,196,403
3850,21.377,16.977,3.373292,2.475952,0.89734,2.696899,2.540894,0.832399,168.2557,0.769238,0.243818,107.7171,0.005059,0.972246,0.022695,51200,8614692,1572,28430,160,394,182,403
3900,21.549,17.063,3.2863,2.414551,0.871749,2.615723,2.46582,0.82048,162.3227,0.747715,0.216491,106.6178,0.004336,0.971855,0.023809,51200,8310924,1586,27225,162,401,179,410
3950,21.862,17.265,3.246426,2.42041,0.826016,2.621704,2.46582,0.780605,148.199,0.730625,0.144105,103.4121,0.002637,0.967734,0.029629,51200,7587789,1525,27197,160,404,176,413
4000,22.174,17.433,3.263289,2.361694,0.901595,2.561768,2.391724,0.871565,150.4369,0.728086,0.156122,104.3211,0.002891,0.969062,0.028047,51200,7702367,1567,26186,167,411,193,422
4050,22.467,17.608,3.246596,2.35437,0.892226,2.555786,2.383545,0.863051,149.0827,0.745527,0.146298,104.2976,0.002695,0.974375,0.02293,51200,7633036,1572,27025,148,411,177,422
4100,22.685,17.768,3.147137,2.307495,0.839642,2.500977,2.341187,0.80595,149.1888,0.752617,0.146237,104.2884,0.002695,0.975801,0.021504,51200,7638466,1564,26490,152,411,183,423
4150,22.825,17.851,3.172732,2.349976,0.822757,2.532837,2.379517,0.793216,139.7239,0.766113,0.086992,106.1995,0.001484,0.980605,0.01791,51200,7153863,1633,26958,166,413,201,429
4200,22.97,17.938,3.122751,2.303467,0.819285,2.480469,2.344849,0.777903,132.8818,0.755918,0.041986,105.7805,0.000684,0.977188,0.022129,51200,6803547,1601,25410,189,418,222,432
4250,23.154,18.022,3.070602,2.248779,0.821822,2.425903,2.278198,0.792404,141.8905,0.765625,0.103198,111.5779,0.001797,0.976328,0.021875,51200,7264796,1586,23937,202,421,230,435
4300,23.4,18.205,2.949545,2.108765,0.84078,2.281372,2.13208,0.817464,161.7916,0.81002,0.218074,119.7371,0.004336,0.965449,0.030215,51200,8283728,1478,22087,206,423,238,442
4350,23.54,18.289,2.875825,2.041992,0.833833,2.213745,2.065552,0.810273,153.8926,0.818633,0.17619,122.5533,0.00332,0.969668,0.027012,51200,7879303,1508,21527,236,426,262,445
4400,23.81,18.432,2.780893,1.97522,0.805673,2.153442,1.999634,0.781259,151.9358,0.827246,0.163332,122.0773,0.003047,0.974844,0.022109,51200,7779114,1578,20233,258,433,286,452
4450,23.989,18.552,2.766482,1.947754,0.818728,2.119141,1.962769,0.803713,150.2134,0.83668,0.152403,122.8117,0.002812,0.977129,0.020059,51200,7690925,1617,20309,256,435,298,457
4500,24.239,18.654,2.697155,1.879883,0.817272,2.038818,1.892456,0.804699,147.5216,0.820488,0.135723,121.6959,0.002461,0.979355,0.018184,51200,7553106,1602,19489,253,435,301,461
4550,24.421,18.772,2.682978,1.817749,0.865229,1.973877,1.820923,0.862055,152.3171,0.809883,0.161667,122.9265,0.003027,0.981816,0.015156,51200,7798637,1566,19348,234,435,283,461
4600,24.62,18.857,2.620972,1.809204,0.811768,1.985718,1.823975,0.796998,157.3826,0.818008,0.185368,123.6717,0.003594,0.987949,0.008457,51200,8057991,1591,19496,234,435,284,461
4650,24.761,18.938,2.659199,1.829834,0.829365,2.00415,1.844604,0.814594,137.2157,0.822832,0.063322,117.7871,0.000957,0.992773,0.00627,51200,7025446,1575,20089,232,435,278,461
4700,25.035,19.063,2.65644,1.856445,0.799995,2.012695,1.872803,0.783637,129.4919,0.847383,0.008627,112.5426,0.0,0.99041,0.00959,51200,6629983,1475,19348,248,438,293,464
4750,25.294,19.219,2.805895,1.958496,0.847399,2.130127,1.975342,0.830554,128.3262,0.837207,0.0,110.9884,0.0,0.989883,0.010117,51200,6570303,1602,22171,235,440,279,466
4800,25.434,19.3,2.790582,1.95813,0.832452,2.124268,1.975342,0.81524,128.4909,0.812891,0.0,109.3945,0.0,0.992129,0.007871,51200,6578734,1566,21927,225,440,269,466
4850,25.654,19.396,2.882709,2.066528,0.81618,2.249146,2.089722,0.792987,128.7918,0.793086,0.0,109.1882,0.0,0.996504,0.003496,51200,6594139,1485,23759,217,440,259,466
4900,25.841,19.52,2.940178,2.157349,0.782829,2.341187,2.182739,0.757439,128.6409,0.806152,0.0,108.3561,0.0,0.994219,0.005781,51200,6586413,1528,23935,214,443,255,469
4950,26.008,19.602,2.936748,2.136597,0.800152,2.303589,2.159424,0.777324,135.4195,0.783516,0.049159,112.9374,0.00082,0.996172,0.003008,51200,6933479,1620,24039,212,447,249,473
5000,26.229,19.759,2.832604,2.073608,0.758996,2.253296,2.098999,0.733605,145.2883,0.793848,0.115767,120.1735,0.00207,0.991582,0.006348,51200,7438761,1509,23391,213,448,246,474
5050,26.377,19.842,2.784179,2.012939,0.771239,2.201172,2.029419,0.75476,152.9978,0.79125,0.160059,125.0079,0.003027,0.991016,0.005957,51200,7833488,1559,22166,214,448,255,478
5100,26.574,19.978,2.699956,1.950073,0.749883,2.122681,1.961182,0.738775,153.0415,0.79123,0.159776,125.8602,0.003027,0.99166,0.005312,51200,7835724,1562,20472,217,448,254,478
5150,26.768,20.06,2.686051,1.923096,0.762956,2.081177,1.933228,0.752824,156.0833,0.794727,0.176865,128.4929,0.003418,0.98998,0.006602,51200,7991467,1501,20183,240,448,276,478
5200,27.005,20.238,2.634123,1.881348,0.752775,2.028809,1.890503,0.74362,167.5146,0.793535,0.234168,136.4622,0.004844,0.98627,0.008887,51200,8576747,1557,19036,247,452,284,482
5250,27.151,20.325,2.709789,1.959229,0.75056,2.107788,1.969971,0.739818,165.2419,0.790312,0.224773,134.1782,0.00459,0.983359,0.012051,51200,8460387,1597,20388,257,457,296,488
5300,27.401,20.451,2.703358,1.922974,0.780385,2.071777,1.928345,0.775014,147.15,0.79752,0.129681,122.8515,0.002363,0.983789,0.013848,51200,7534081,1576,19868,254,458,292,489
5350,27.586,20.576,2.77811,2.012573,0.765537,2.185425,2.026367,0.751743,144.0896,0.790137,0.111464,119.9123,0.001992,0.982832,0.015176,51200,7377387,1636,20824,257,463,293,494
5400,27.728,20.657,2.84419,2.060791,0.783399,2.224487,2.080566,0.763624,141.9248,0.78959,0.101162,116.8841,0.001777,0.975801,0.022422,51200,7266548,1658,22197,233,468,272,500
5450,27.993,20.818,2.795171,2.028809,0.766362,2.175903,2.032227,0.762944,142.8345,0.789746,0.10696,116.7733,0.001895,0.976094,0.022012,51200,7313126,1639,21992,216,471,256,504
5500,28.16,20.919,2.784846,1.963867,0.820979,2.116943,1.967407,0.817439,143.1868,0.778633,0.107766,117.9058,0.001914,0.979102,0.018984,51200,7331166,1587,20813,221,473,244,506
5550,28.42,21.057,2.806553,1.987915,0.818638,2.147461,2.004517,0.802037,145.5239,0.763184,0.121203,119.8152,0.002188,0.981406,0.016406,51200,7450825,1609,21534,233,480,250,513
5600,28.579,21.155,2.812333,1.939819,0.872513,2.100952,1.946289,0.866043,142.9267,0.775469,0.102448,118.1152,0.001816,0.987227,0.010957,51200,7317849,1519,21007,225,481,241,514
5650,28.717,21.235,2.805418,1.956665,0.848753,2.129272,1.954102,0.851316,140.5074,0.770586,0.086274,116.4171,0.001504,0.989082,0.009414,51200,7193978,1535,20992,224,483,240,516
5700,28.97,21.395,2.79304,1.950195,0.842844,2.114258,1.958618,0.834421,128.4466,0.794941,0.0,111.0962,0.0,0.991797,0.008203,51200,6576464,1544,21553,232,490,249,523
5750,29.113,21.479,2.892069,2.004639,0.88743,2.173828,2.021484,0.870584,128.3107,0.810527,0.0,109.9192,0.0,0.99002,0.00998,51200,6569506,1480,22347,254,502,270,535
5800,29.287,21.592,2.980131,2.091187,0.888944,2.256836,2.108276,0.871855,128.7627,0.798359,0.00329,109.0929,3.9e-05,0.990293,0.009668,51200,6592652,1591,23959,253,507,271,540
5850,29.427,21.673,2.896925,2.039185,0.857741,2.21167,2.04187,0.855055,128.2934,0.799297,0.0,108.6012,0.0,0.990039,0.009961,51200,6568624,1565,22597,229,508,248,541
5900,29.577,21.763,2.759257,1.870972,0.888285,2.027954,1.863281,0.895975,127.9729,0.825605,0.0,110.6436,0.0,0.985117,0.014883,51200,6552214,1567,20427,230,513,247,546
5950,29.773,21.866,2.640165,1.773071,0.867094,1.914429,1.759766,0.880399,128.165,0.835762,0.0,113.3912,0.0,0.988184,0.011816,51200,6562050,1545,18662,233,515,248,548
6000,29.91,21.945,2.515632,1.678345,0.837287,1.818604,1.670288,0.845344,128.0654,0.848066,0.0,114.5555,0.0,0.986113,0.013887,51200,6556951,1567,17579,243,518,258,551
6050,30.145,22.059,2.472108,1.645264,0.826844,1.77356,1.62915,0.842957,128.221,0.853066,0.0,115.3489,0.0,0.98873,0.01127,51200,6564917,1535,17704,246,519,262,552
6100,30.283,22.136,2.501186,1.640259,0.860927,1.768433,1.63147,0.869717,128.6426,0.847676,0.0,115.7447,0.0,0.994297,0.005703,51200,6586503,1566,17901,268,530,284,563
6150,30.428,22.215,2.587328,1.744995,0.842333,1.883545,1.740601,0.846727,128.4323,0.8325,0.0,114.9127,0.0,0.991348,0.008652,51200,6575733,1576,19289,275,540,300,577
6200,30.569,22.293,2.586269,1.74939,0.836879,1.894409,1.741333,0.844936,128.3299,0.820781,0.0,113.564,0.0,0.989707,0.010293,51200,6570490,1634,19348,272,543,297,580
6250,30.71,22.373,2.605994,1.70813,0.897864,1.857666,1.706543,0.899451,128.5385,0.836133,0.0,114.2636,0.0,0.992773,0.007227,51200,6581172,1590,19597,244,550,268,583
6300,30.852,22.452,2.564197,1.685059,0.879139,1.816895,1.673706,0.890491,128.4799,0.828516,0.0,114.426,0.0,0.991914,0.008086,51200,6578171,1508,19224,233,550,272,583
6350,31.095,22.576,2.554147,1.710205,0.843942,1.848999,1.694214,0.859933,128.3914,0.832637,0.0,113.6884,0.0,0.99084,0.00916,51200,6573640,1572,18425,233,553,269,586
6400,31.29,22.711,2.545345,1.723145,0.8222,1.848267,1.715088,0.830257,128.413,0.851758,0.0,114.5235,0.0,0.990742,0.009258,51200,6574744,1579,18442,224,555,265,588
6450,31.436,22.796,2.505425,1.682495,0.82293,1.809326,1.681152,0.824273,128.5921,0.83793,0.0,115.238,0.0,0.993535,0.006465,51200,6583916,1551,17821,234,556,284,594
6500,31.645,22.886,2.568807,1.739136,0.829672,1.863281,1.739136,0.829672,128.4203,0.832891,0.0,113.9625,0.0,0.991133,0.008867,51200,6575119,1576,18644,237,556,292,594
6550,31.939,23.07,2.548022,1.75415,0.793872,1.890015,1.752075,0.795947,128.5349,0.84127,0.0,113.7122,0.0,0.992949,0.007051,51200,6580987,1638,18867,253,556,301,594
6600,32.079,23.148,2.535392,1.772217,0.763175,1.92981,1.773682,0.76171,130.4145,0.816074,0.016981,115.8632,0.000273,0.987188,0.012539,51200,6677224,1608,18645,239,557,304,600
6650,32.225,23.228,2.583968,1.777588,0.80638,1.932251,1.781982,0.801986,134.5692,0.828477,0.045128,119.8992,0.000742,0.991973,0.007285,51200,6889945,1527,18877,245,557,320,600
6700,32.365,23.307,2.498734,1.738403,0.760331,1.901611,1.73938,0.759354,129.4671,0.829434,0.009849,114.8367,0.000156,0.988008,0.011836,51200,6628714,1669,18421,240,558,319,604
6750,32.508,23.39,2.598674,1.804932,0.793742,1.954834,1.802124,0.79655,146.4685,0.813301,0.12465,130.3072,0.002246,0.988086,0.009668,51200,7499188,1552,19619,234,558,303,605
6800,32.805,23.542,2.749974,1.952271,0.797704,2.112427,1.963135,0.78684,127.8773,0.797871,0.0,110.8765,0.0,0.983848,0.016152,51200,6547316,1613,21551,233,558,297,605
6850,33.087,23.699,2.754785,1.956665,0.79812,2.129639,1.970093,0.784692,128.4228,0.804121,0.0,109.6154,0.0,0.991719,0.008281,51200,6575248,1647,21923,221,560,286,607
6900,33.233,23.786,2.554784,1.769409,0.785375,1.911255,1.776123,0.778661,128.1979,0.819727,0.0,111.6272,0.0,0.988105,0.011895,51200,6563734,1543,18803,220,561,286,609
6950,33.369,23.864,2.423082,1.664551,0.758531,1.797729,1.664795,0.758287,128.3455,0.82582,0.0,114.683,0.0,0.989746,0.010254,51200,6571288,1627,18079,217,561,274,610
7000,33.59,23.942,2.417582,1.660522,0.757059,1.804688,1.647949,0.769633,128.5036,0.806445,0.0,115.0183,0.0,0.992148,0.007852,51200,6579382,1547,18247,208,561,273,611
7050,33.897,24.131,2.486424,1.71228,0.774143,1.852539,1.700439,0.785984,132.0151,0.811543,0.025167,116.668,0.00041,0.994668,0.004922,51200,6759173,1571,18986,221,569,288,621
7100,34.202,24.29,2.597852,1.79248,0.805372,1.937378,1.79187,0.805982,144.5427,0.807324,0.109624,122.5712,0.001953,0.994785,0.003262,51200,7400588,1513,19624,224,570,287,622
7150,34.376,24.404,2.524421,1.756836,0.767585,1.911377,1.75647,0.767951,141.9909,0.797832,0.095912,120.655,0.00168,0.989395,0.008926,51200,7269933,1562,19558,229,570,291,622
7200,34.528,24.483,2.392801,1.674072,0.718729,1.818115,1.66394,0.728861,143.7993,0.801797,0.106901,122.97,0.001895,0.990391,0.007715,51200,7362523,1593,17943,214,570,282,622
7250,34.688,24.581,2.406434,1.653931,0.752503,1.798828,1.646484,0.75995,149.1667,0.800488,0.139154,126.7461,0.002559,0.990312,0.007129,51200,7637334,1481,17727,210,571,279,623
7300,34.853,24.667,2.406078,1.683105,0.722972,1.822388,1.670532,0.735545,146.424,0.821582,0.123034,125.7794,0.002227,0.989414,0.008359,51200,7496908,1578,18165,232,574,306,626
7350,34.997,24.75,2.346527,1.634033,0.712494,1.765259,1.616821,0.729706,160.0578,0.819941,0.198243,134.7306,0.003926,0.987344,0.00873,51200,8194959,1539,17480,232,574,303,626
7400,35.15,24.834,2.396711,1.648438,0.748273,1.776611,1.628906,0.767805,160.5586,0.810781,0.201312,134.9479,0.003984,0.986035,0.00998,51200,8220602,1577,17377,205,575,304,629
7450,35.294,24.918,2.393506,1.667603,0.725903,1.807129,1.64917,0.744336,158.9656,0.825859,0.192739,133.0268,0.003789,0.988496,0.007715,51200,8139038,1561,17416,209,575,301,629
7500,35.574,25.087,2.294721,1.642944,0.651777,1.789673,1.625732,0.668989,145.6033,0.830742,0.117982,127.1696,0.002129,0.989805,0.008066,51200,7454887,1495,16158,206,575,307,629
7550,35.726,25.168,2.354757,1.678467,0.67629,1.829346,1.677856,0.676901,141.0979,0.833496,0.089466,124.312,0.001562,0.99123,0.007207,51200,7224213,1655,17599,208,575,309,629
7600,36.052,25.364,2.390707,1.718628,0.672079,1.86084,1.726685,0.664022,136.2993,0.833926,0.059862,119.4291,0.001016,0.985879,0.013105,51200,6978522,1541,18040,206,575,307,629
7650,36.33,25.522,2.386605,1.685303,0.701303,1.825684,1.683716,0.70289,131.8578,0.83291,0.027594,117.2231,0.000449,0.988008,0.011543,51200,6751118,1589,17618,212,580,313,634
7700,36.474,25.602,2.345886,1.66333,0.682556,1.806519,1.658813,0.687073,127.6684,0.811621,0.0,114.137,0.0,0.979355,0.020645,51200,6536621,1547,18034,205,582,301,636
7750,36.631,25.681,2.464733,1.76709,0.697644,1.908936,1.751221,0.713513,128.776,0.836758,0.00411,114.0123,5.9e-05,0.988145,0.011797,51200,6593329,1569,18894,197,582,290,636
7800,36.845,25.833,2.384511,1.666016,0.718495,1.817017,1.663086,0.721425,128.8325,0.851445,0.0,114.6154,0.0,0.997168,0.002832,51200,6596226,1659,17834,217,582,299,643
7850,36.979,25.911,2.520302,1.775879,0.744423,1.931641,1.770142,0.75016,128.7257,0.823711,0.0,114.0442,0.0,0.995723,0.004277,51200,6590758,1588,19664,217,583,293,644
7900,37.208,26.021,2.596977,1.833008,0.763969,1.993774,1.845337,0.75164,128.3597,0.805332,0.0,111.477,0.0,0.990156,0.009844,51200,6572017,1613,20380,214,583,287,644
7950,37.513,26.175,2.597594,1.857178,0.740416,2.012939,1.855957,0.741637,128.461,0.809199,0.0,111.3826,0.0,0.991309,0.008691,51200,6577204,1571,21134,202,584,269,646
8000,37.702,26.302,2.719668,1.96167,0.757998,2.13147,1.975098,0.74457,128.3958,0.803086,0.0,110.0254,0.0,0.990488,0.009512,51200,6573865,1517,22159,208,586,273,648
8050,37.844,26.385,2.790184,2.027954,0.76223,2.189453,2.042114,0.74807,128.4202,0.807969,0.0,109.2229,0.0,0.990391,0.009609,51200,6575115,1508,22845,203,588,262,650
8100,38.115,26.516,3.013722,2.207275,0.806446,2.379272,2.230713,0.783009,128.4626,0.821289,0.0,107.1609,0.0,0.992305,0.007695,51200,6577287,1573,25221,211,588,264,650
8150,38.297,26.637,3.114248,2.321655,0.792592,2.501221,2.366333,0.747915,128.3417,0.827051,0.0,104.2245,0.0,0.989922,0.010078,51200,6571093,1557,27194,184,591,235,653
8200,38.443,26.72,3.070524,2.314209,0.756315,2.49707,2.36438,0.706144,128.3993,0.813555,0.0,102.7074,0.0,0.991328,0.008672,51200,6574042,1562,26828,179,592,230,654
8250,38.69,26.907,3.04482,2.313721,0.731099,2.499512,2.338379,0.706441,128.3893,0.801152,0.0,103.992,0.0,0.990879,0.009121,51200,6573530,1571,26435,179,592,230,654
8300,38.831,26.987,3.083335,2.291016,0.79232,2.483154,2.329346,0.75399,128.4954,0.779824,0.0,104.0089,0.0,0.992031,0.007969,51200,6578967,1598,26911,165,594,215,657
8350,39.054,27.09,3.084007,2.282349,0.801659,2.463135,2.30542,0.778587,128.4466,0.770156,0.0,103.98,0.0,0.991387,0.008613,51200,6576468,1535,26125,183,594,223,658
8400,39.332,27.276,2.907974,2.161987,0.745987,2.334351,2.180786,0.727188,128.6668,0.78959,0.0,105.5987,0.0,0.994648,0.005352,51200,6587741,1536,23493,180,601,234,661
8450,39.473,27.358,2.747541,2.00293,0.744611,2.15918,2.001099,0.746442,128.7227,0.791211,0.0,107.9058,0.0,0.995762,0.004238,51200,6590603,1644,22702,194,602,251,665
8500,39.662,27.437,2.72874,2.044067,0.684673,2.201416,2.060181,0.668559,128.7804,0.789648,0.0,109.263,0.0,0.996523,0.003477,51200,6593558,1627,22961,197,604,253,668
8550,39.952,27.597,2.607005,1.931885,0.67512,2.086792,1.939331,0.667674,128.4013,0.787871,0.0,109.4668,0.0,0.991211,0.008789,51200,6574145,1566,21571,200,606,252,670
8600,40.246,27.751,2.532665,1.87854,0.654125,2.026123,1.87915,0.653515,130.0103,0.79748,0.011992,112.2807,0.000195,0.991641,0.008164,51200,6656527,1563,20960,217,606,270,670
8650,40.534,27.924,2.631326,1.912598,0.718728,2.079346,1.91748,0.713845,128.3117,0.781152,0.000511,110.1949,0.0,0.988359,0.011641,51200,6569558,1559,21319,205,607,272,671
8700,40.714,28.043,2.64229,1.912231,0.730058,2.059814,1.915649,0.72664,128.4404,0.785,0.0,110.2186,0.0,0.991367,0.008633,51200,6576147,1517,21504,204,610,277,676
8750,40.885,28.126,2.508778,1.887085,0.621693,2.028931,1.877319,0.631459,128.6079,0.804531,0.0,111.0622,0.0,0.99377,0.00623,51200,6584725,1578,20744,230,618,304,685
8800,41.133,28.285,2.482089,1.824829,0.65726,1.981445,1.830444,0.651645,128.6149,0.81748,0.0,112.6169,0.0,0.99418,0.00582,51200,6585084,1534,19386,219,618,307,688
8850,41.272,28.363,2.492857,1.819214,0.673643,1.968018,1.814575,0.678282,128.575,0.814531,0.0,112.5787,0.0,0.993594,0.006406,51200,6583041,1582,19416,216,618,308,688
8900,41.437,28.441,2.422095,1.795044,0.627051,1.954468,1.805054,0.617041,128.6984,0.817617,0.001214,112.9796,2e-05,0.992461,0.00752,51200,6589359,1575,19766,200,618,296,688
8950,41.656,28.598,2.434673,1.84314,0.591533,2.007446,1.856323,0.578349,130.7603,0.80748,0.014847,113.5647,0.0,0.997168,0.002832,51200,6694928,1623,19671,189,618,284,688
9000,41.8,28.681,2.511633,1.892212,0.619421,2.047607,1.896606,0.615027,132.0035,0.80293,0.024312,112.785,0.000332,0.996973,0.002695,51200,6758579,1604,20280,182,618,279,688
9050,41.957,28.772,2.535986,1.922363,0.613623,2.075806,1.920898,0.615088,128.4976,0.791172,0.0,111.1802,0.0,0.991934,0.008066,51200,6579075,1547,20842,180,618,279,690
9100,42.14,28.885,2.587987,1.933594,0.654393,2.098877,1.940063,0.647923,128.2379,0.78123,0.0,110.5568,0.0,0.988887,0.011113,51200,6565783,1595,20820,183,620,290,698
9150,42.284,28.964,2.60896,1.906982,0.701978,2.062378,1.914185,0.694776,128.3877,0.782188,0.0,111.3382,0.0,0.99041,0.00959,51200,6573451,1534,20337,170,620,273,698
9200,42.425,29.043,2.730474,2.04248,0.687993,2.227905,2.067139,0.663335,128.4774,0.780703,0.000412,110.0896,0.0,0.991035,0.008965,51200,6578044,1513,22290,173,620,275,698
9250,42.658,29.188,2.722909,2.056763,0.666146,2.217285,2.078003,0.644906,128.5829,0.771621,0.0,108.7003,0.0,0.993301,0.006699,51200,6583446,1617,22412,184,625,286,703
9300,42.803,29.274,2.647067,1.948242,0.698825,2.0979,1.95874,0.688327,134.8438,0.800859,0.047134,116.2203,0.000781,0.991953,0.007266,51200,6904004,1602,21007,193,628,293,706
9350,43.02,29.372,2.58709,1.927246,0.659844,2.080444,1.928711,0.658379,133.2138,0.809453,0.035513,115.2346,0.000586,0.991816,0.007598,51200,6820544,1617,20509,182,628,281,706
9400,43.313,29.564,2.8012,2.112305,0.688895,2.28125,2.129761,0.671439,128.7607,0.811465,0.0,109.4767,0.0,0.996387,0.003613,51200,6592547,1590,24336,178,628,282,713
9450,43.458,29.649,2.742685,2.02478,0.717905,2.175049,2.036987,0.705698,138.124,0.804258,0.067747,110.677,0.001152,0.996094,0.002754,51200,7071948,1485,22857,206,628,279,713
9500,43.764,29.815,2.665287,1.971313,0.693973,2.131348,1.987061,0.678226,145.7808,0.801914,0.118559,114.4306,0.002129,0.992129,0.005742,51200,7463978,1624,22491,195,628,274,713
9550,44.012,29.974,2.561217,1.90918,0.652037,2.057251,1.914062,0.647155,144.93,0.785371,0.115028,115.8473,0.002051,0.988359,0.00959,51200,7420417,1544,21151,179,628,264,713
9600,44.158,30.059,2.525297,1.919067,0.606229,2.058594,1.92334,0.601957,143.2964,0.801523,0.107426,117.0341,0.001895,0.98291,0.015195,51200,7336778,1555,21308,160,628,247,713
9650,44.304,30.14,2.544201,1.9021,0.642101,2.036987,1.894531,0.64967,138.497,0.800254,0.076784,116.1971,0.001309,0.982285,0.016406,51200,7091048,1571,20509,165,628,268,723
9700,44.447,30.22,2.524047,1.895386,0.628661,2.039185,1.889404,0.634642,127.9644,0.79043,0.0,111.9409,0.0,0.984004,0.015996,51200,6551775,1577,20446,159,628,271,732
9750,44.718,30.374,2.514406,1.842163,0.672242,1.980713,1.848267,0.666139,128.2877,0.808828,0.0,112.1488,0.0,0.989199,0.010801,51200,6568328,1567,20563,157,630,278,739
9800,44.862,30.457,2.521927,1.854126,0.667801,1.988647,1.84082,0.681106,128.2666,0.795723,0.0,112.1388,0.0,0.988438,0.011562,51200,6567250,1596,20495,152,630,267,740
9850,45.005,30.536,2.402799,1.841553,0.561247,1.978638,1.840576,0.562223,128.0495,0.79377,0.0,112.6445,0.0,0.985352,0.014648,51200,6556132,1608,19729,164,630,269,744
9900,45.154,30.623,2.341787,1.775146,0.566641,1.898682,1.769409,0.572378,128.1057,0.810371,0.0,113.9487,0.0,0.985938,0.014062,51200,6559011,1626,18568,180,630,282,744
9950,45.415,30.758,2.423551,1.885864,0.537687,2.009277,1.877197,0.546354,128.4598,0.811074,0.002488,113.2608,3.9e-05,0.986797,0.013164,51200,6577142,1614,20105,180,630,283,746
10000,45.705,30.917,2.588736,1.977051,0.611685,2.110474,1.980225,0.608511,128.5888,0.798301,0.0,112.1958,0.0,0.993652,0.006348,51200,6583744,1636,22027,176,630,271,746
10050,45.856,31.0,2.559124,1.933105,0.626018,2.078125,1.935913,0.623211,128.6644,0.794746,0.0,110.2279,0.0,0.994473,0.005527,51200,6587617,1546,21871,187,630,276,747
10100,46.046,31.079,2.535395,1.942383,0.593012,2.069214,1.939453,0.595941,130.1516,0.787344,0.01219,111.5192,0.000195,0.99334,0.006465,51200,6663763,1493,21709,199,630,278,747
10150,46.361,31.247,2.630166,1.977905,0.65226,2.130371,1.975098,0.655068,128.4108,0.779316,0.0,109.8603,0.0,0.990801,0.009199,51200,6574634,1555,22309,204,631,277,756
10200,46.581,31.409,2.702843,2.030396,0.672447,2.17334,2.029785,0.673058,128.4656,0.768398,0.0,108.8973,0.0,0.991875,0.008125,51200,6577437,1553,22908,199,631,286,766
10250,46.719,31.489,2.727754,2.078491,0.649262,2.215454,2.077881,0.649873,135.3167,0.77334,0.052698,114.921,0.000879,0.98752,0.011602,51200,6928213,1485,23132,208,633,282,768
10300,46.861,31.572,2.706781,2.036865,0.669916,2.182007,2.029907,0.676874,127.9253,0.767148,0.0,108.1355,0.0,0.983633,0.016367,51200,6549777,1478,23285,195,633,262,768
10350,47.012,31.65,2.667615,2.012939,0.654676,2.16748,2.005005,0.66261,127.9625,0.755742,0.0,109.1221,0.0,0.98459,0.01541,51200,6551682,1561,22461,181,633,244,768
10400,47.244,31.805,2.668884,2.02832,0.640564,2.170288,2.017456,0.651428,128.0458,0.773242,0.0,108.8396,0.0,0.98498,0.01502,51200,6555947,1581,22911,177,633,240,768
10450,47.384,31.886,2.775138,2.099121,0.676016,2.253784,2.105957,0.66918,135.7463,0.757109,0.057255,114.1206,0.000957,0.983809,0.015234,51200,6950211,1558,23603,177,634,249,777
10500,47.627,32.029,2.768272,2.106445,0.661827,2.250122,2.10437,0.663902,142.9837,0.753789,0.104285,116.1819,0.001836,0.985469,0.012695,51200,7320768,1652,23549,165,634,227,777
10550,47.771,32.111,2.887508,2.216431,0.671077,2.363037,2.217651,0.669856,138.8384,0.770703,0.077839,109.4238,0.001328,0.985898,0.012773,51200,7108526,1573,24756,159,634,217,778
10600,47.935,32.216,2.930191,2.222168,0.708023,2.379028,2.231201,0.69899,127.9436,0.776035,0.0,105.2004,0.0,0.984453,0.015547,51200,6550713,1598,25416,162,634,222,781
10650,48.073,32.297,3.023241,2.320312,0.702929,2.470093,2.342163,0.681078,128.2732,0.77082,0.0,104.2548,0.0,0.98957,0.01043,51200,6567586,1618,26987,156,634,216,781
10700,48.325,32.431,3.048791,2.31958,0.729211,2.488159,2.328247,0.720544,140.0403,0.766035,0.083784,104.4515,0.001445,0.989316,0.009238,51200,7170063,1626,27182,152,634,212,781
10750,48.514,32.558,3.009992,2.316895,0.693098,2.50415,2.336914,0.673078,147.88,0.759453,0.136161,105.6326,0.00248,0.980332,0.017188,51200,7571455,1576,26739,156,634,214,781
10800,48.671,32.642,3.019643,2.314697,0.704945,2.490845,2.319336,0.700307,149.1789,0.741738,0.142461,106.7467,0.002617,0.982812,0.01457,51200,7637962,1551,27064,157,635,227,787
10850,48.85,32.756,3.0037,2.309448,0.694252,2.479858,2.312256,0.691445,147.2069,0.756758,0.129506,105.4669,0.002344,0.986719,0.010938,51200,7536993,1570,27150,157,635,224,787
10900,49.094,32.878,2.809199,2.161255,0.647944,2.326904,2.17041,0.638789,145.9807,0.763066,0.119585,107.7886,0.002148,0.992266,0.005586,51200,7474214,1554,24480,168,643,240,804
10950,49.435,33.049,2.783801,2.10083,0.682971,2.243774,2.100098,0.683704,144.8216,0.768652,0.111852,110.0863,0.001992,0.993809,0.004199,51200,7414864,1548,22900,181,643,253,805
11000,49.713,33.195,2.744014,2.054688,0.689326,2.195679,2.057373,0.686641,147.2348,0.79291,0.126644,114.1838,0.002305,0.992871,0.004824,51200,7538423,1524,22509,201,643,269,805
11050,49.991,33.358,2.626146,1.979248,0.646898,2.120117,1.964111,0.662035,133.8945,0.797852,0.040976,114.0877,0.000684,0.990332,0.008984,51200,6855399,1535,21982,192,643,265,805
11100,50.279,33.518,2.694192,2.034546,0.659646,2.177612,2.024292,0.6699,128.3154,0.791875,0.0,110.3023,0.0,0.98916,0.01084,51200,6569749,1621,22755,194,643,266,805
11150,50.605,33.718,2.838054,2.14502,0.693035,2.2948,2.147095,0.69096,128.2203,0.789395,0.0,107.972,0.0,0.987891,0.012109,51200,6564878,1550,24089,204,643,276,805
11200,50.919,33.883,2.905395,2.181641,0.723755,2.324951,2.186523,0.718872,138.5649,0.79582,0.074439,108.7284,0.00127,0.988398,0.010332,51200,7094525,1661,24798,207,644,273,806
11250,51.112,34.018,2.895526,2.176025,0.719501,2.330078,2.189941,0.705585,143.1556,0.778066,0.104837,108.3527,0.001836,0.986621,0.011543,51200,7329568,1576,25253,186,644,252,807
11300,51.248,34.098,2.896943,2.199829,0.697113,2.364746,2.207153,0.689789,128.6717,0.762441,0.004255,106.4164,5.9e-05,0.985469,0.014473,51200,6587989,1560,25366,173,644,230,807
11350,51.391,34.183,2.991419,2.278564,0.712855,2.431763,2.294312,0.697107,135.0414,0.758418,0.050388,110.7779,0.00082,0.987832,0.011348,51200,6914121,1569,26619,182,646,233,809
11400,51.598,34.293,2.965113,2.243286,0.721827,2.391357,2.24939,0.715723,135.7815,0.760898,0.056941,110.7144,0.000898,0.985625,0.013477,51200,6952013,1571,25947,181,647,226,810
11450,51.738,34.377,2.922776,2.178711,0.744065,2.334839,2.184204,0.738572,143.4089,0.772227,0.107217,116.9502,0.001719,0.984414,0.013867,51200,7342536,1628,24470,193,648,225,811
11500,51.886,34.46,2.894032,2.167969,0.726063,2.314941,2.167358,0.726674,142.6662,0.792227,0.103089,117.5115,0.001562,0.983027,0.01541,51200,7304511,1607,23615,189,648,223,812
11550,52.06,34.548,2.777436,2.010864,0.766572,2.139038,2.011353,0.766084,149.0635,0.797168,0.13946,122.8098,0.002246,0.987676,0.010078,51200,7632051,1553,21869,197,648,236,814
11600,52.2,34.631,2.664278,1.935913,0.728365,2.057495,1.930176,0.734102,155.2194,0.791074,0.173695,127.5013,0.002988,0.986914,0.010098,51200,7947235,1588,21478,193,651,241,820
11650,52.353,34.725,2.675753,1.960327,0.715426,2.088135,1.951538,0.724215,148.6625,0.787363,0.138656,122.3717,0.002324,0.98377,0.013906,51200,7611520,1583,21423,193,651,247,820
11700,52.558,34.817,2.596399,1.883667,0.712732,2.007324,1.881958,0.714441,145.3845,0.816543,0.1187,120.9112,0.001699,0.985039,0.013262,51200,7443688,1563,20147,194,651,252,820
11750,52.776,34.977,2.641429,1.915649,0.72578,2.049438,1.918823,0.722606,140.5331,0.826836,0.086258,118.0027,0.001309,0.989355,0.009336,51200,7195294,1569,21005,194,651,258,820
11800,52.95,35.092,2.758928,1.953369,0.805559,2.10437,1.958008,0.800921,130.4219,0.807051,0.01999,111.6806,0.000273,0.981445,0.018281,51200,6677602,1612,22236,196,651,264,820
11850,53.089,35.172,2.682364,1.943481,0.738883,2.092041,1.945923,0.736442,128.3336,0.814238,0.001323,110.253,2e-05,0.987031,0.012949,51200,6570682,1625,21015,190,652,264,821
11900,53.353,35.32,2.701436,1.908936,0.7925,2.066528,1.912598,0.788838,128.5979,0.830176,0.003206,111.0399,3.9e-05,0.987637,0.012324,51200,6584214,1541,20486,216,652,288,821
11950,53.504,35.416,2.51043,1.713623,0.796807,1.86499,1.71875,0.79168,128.2958,0.845215,0.0,112.4303,0.0,0.98916,0.01084,51200,6568747,1527,18079,191,652,290,821
12000,53.655,35.494,2.407491,1.658569,0.748921,1.805664,1.65979,0.747701,128.5141,0.844434,0.0,114.3675,0.0,0.992793,0.007207,51200,6579923,1628,17165,182,652,276,821
12050,53.798,35.578,2.389099,1.665771,0.723328,1.824463,1.672241,0.716858,132.0901,0.853418,0.026402,115.4412,0.00043,0.99373,0.00584,51200,6763012,1513,17292,188,652,282,821
12100,53.982,35.659,2.462358,1.747803,0.714555,1.915039,1.748047,0.714311,143.9282,0.843789,0.106971,117.0734,0.001895,0.992676,0.00543,51200,7369122,1595,18046,189,652,283,821
12150,54.284,35.815,2.44511,1.740845,0.704265,1.890015,1.746094,0.699016,137.9836,0.838105,0.070031,117.9229,0.001191,0.98916,0.009648,51200,7064759,1514,18169,185,654,280,823
12200,54.433,35.906,2.495848,1.804321,0.691527,1.967407,1.817993,0.677855,137.5186,0.806328,0.069079,115.4088,0.001133,0.98459,0.014277,51200,7040952,1552,19129,176,654,273,823
12250,54.579,35.987,2.510766,1.83606,0.674707,2.003906,1.85022,0.660547,145.4181,0.780566,0.118987,119.6345,0.002129,0.985879,0.011992,51200,7445405,1557,19824,172,658,257,832
12300,54.821,36.144,2.548714,1.830811,0.717904,1.991699,1.850708,0.698006,132.1146,0.762949,0.027764,112.8687,0.000449,0.991113,0.008438,51200,6764266,1546,19917,174,658,246,832
12350,54.985,36.221,2.513073,1.817871,0.695202,1.962158,1.819336,0.693737,128.3894,0.773086,0.0,111.5153,0.0,0.990801,0.009199,51200,6573539,1520,19359,170,658,247,838
12400,55.275,36.382,2.744774,2.00708,0.737694,2.161987,2.023682,0.721092,144.7677,0.759453,0.115317,126.4677,0.00207,0.983223,0.014707,51200,7412108,1563,22216,169,658,243,845
12450,55.563,36.549,2.867915,2.129517,0.738398,2.289062,2.155396,0.71252,140.6629,0.774629,0.088436,119.8118,0.001543,0.986621,0.011836,51200,7201938,1621,24378,174,658,232,845
12500,55.756,36.678,2.8979,2.171875,0.726025,2.327637,2.190674,0.707226,128.5271,0.776133,0.0,106.8177,0.0,0.992852,0.007148,51200,6580587,1602,24672,173,658,228,845
12550,55.895,36.758,2.802841,2.101807,0.701034,2.253296,2.113159,0.689682,128.731,0.771035,0.002576,107.0317,3.9e-05,0.990703,0.009258,51200,6591028,1526,23008,193,658,254,851
12600,56.037,36.838,2.719626,2.023071,0.696555,2.164429,2.025757,0.693869,128.7609,0.772637,0.006417,108.6024,9.8e-05,0.983379,0.016523,51200,6592558,1589,22320,188,658,244,852
12650,56.205,36.945,2.695053,1.984131,0.710922,2.139282,1.983154,0.711899,127.8265,0.776914,0.0,108.9177,0.0,0.981562,0.018438,51200,6544718,1629,21616,199,658,256,854
12700,56.343,37.024,2.656884,1.963623,0.693261,2.137451,1.965576,0.691308,127.8832,0.790352,0.0,109.9096,0.0,0.983379,0.016621,51200,6547618,1582,21744,201,666,256,862
12750,56.535,37.109,2.67339,1.990967,0.682423,2.150757,1.996582,0.676808,128.2382,0.788496,0.0,109.7338,0.0,0.988477,0.011523,51200,6565794,1582,21627,198,666,250,862
12800,56.81,37.269,2.761636,2.00769,0.753945,2.168457,2.020508,0.741128,128.1567,0.786914,0.0,109.5279,0.0,0.987344,0.012656,51200,6561624,1575,21843,184,666,237,862
12850,56.946,37.348,2.738607,1.975708,0.762899,2.138184,1.988281,0.750326,128.3972,0.76793,0.0,109.3251,0.0,0.990684,0.009316,51200,6573938,1537,21451,182,666,236,862
12900,57.113,37.457,2.749347,1.996216,0.753131,2.172363,2.021973,0.727374,128.1581,0.767637,0.0,109.2211,0.0,0.987363,0.012637,51200,6561697,1596,21962,193,668,247,864
12950,57.253,37.537,2.868768,2.042358,0.826409,2.209473,2.057373,0.811395,128.1098,0.76834,0.0,108.556,0.0,0.98623,0.01377,51200,6559221,1621,22435,196,677,256,877
13000,57.525,37.669,2.895356,2.092407,0.802949,2.259521,2.11499,0.780366,130.1912,0.779434,0.018211,108.6182,0.000293,0.981992,0.017715,51200,6665791,1552,23029,201,678,260,878
13050,57.809,37.849,2.872957,2.083008,0.789949,2.26355,2.107788,0.765169,158.0627,0.812852,0.193722,115.9576,0.00377,0.976562,0.019668,51200,8092809,1617,22663,201,678,257,878
13100,57.949,37.933,2.866688,2.090698,0.775989,2.25354,2.099976,0.766712,154.2208,0.815215,0.172366,112.103,0.003242,0.979062,0.017695,51200,7896107,1585,23025,198,678,252,878
13150,58.149,38.02,2.901653,2.102539,0.799114,2.270508,2.124268,0.777386,150.0718,0.791133,0.147111,112.279,0.002715,0.98543,0.011855,51200,7683677,1587,23223,212,678,256,878
13200,58.293,38.104,2.822933,2.076172,0.746762,2.241333,2.102295,0.720639,155.887,0.767793,0.179202,118.3978,0.003438,0.984629,0.011934,51200,7981416,1478,23006,205,681,248,879
13250,58.509,38.198,2.999321,2.181763,0.817558,2.360474,2.2052,0.794121,157.2367,0.77748,0.185705,118.8385,0.00334,0.986348,0.010312,51200,8050519,1608,25081,223,683,254,879
13300,58.818,38.391,2.913175,2.158447,0.754728,2.342651,2.194092,0.719083,151.9178,0.777637,0.157518,114.4118,0.002676,0.984805,0.01252,51200,7778192,1603,23632,235,686,257,879
13350,59.137,38.582,2.729891,2.046387,0.683504,2.208618,2.066772,0.663118,136.7375,0.793066,0.061877,111.676,0.000938,0.987988,0.011074,51200,7000961,1583,22088,218,687,257,880
13400,59.276,38.663,2.734931,2.006348,0.728584,2.162354,2.016235,0.718696,131.7844,0.796387,0.02527,110.4141,0.00041,0.991484,0.008105,51200,6747359,1597,21857,205,688,265,881
13450,59.445,38.745,2.854059,2.078003,0.776056,2.232056,2.093872,0.760187,143.9207,0.796699,0.109067,110.7315,0.001934,0.987285,0.010781,51200,7368741,1586,22920,214,690,274,883
13500,59.607,38.834,2.756964,1.989136,0.767829,2.142944,1.99646,0.760504,147.0442,0.78209,0.130398,110.8784,0.002363,0.981543,0.016094,51200,7528664,1561,20874,241,690,301,883
13550,59.829,38.94,2.721546,1.950439,0.771107,2.105225,1.942749,0.778797,148.4236,0.807793,0.136769,114.7274,0.0025,0.986992,0.010508,51200,7599287,1579,20855,243,690,303,883
13600,60.011,39.064,2.675526,1.844604,0.830922,1.98999,1.847168,0.828358,142.4028,0.826582,0.098305,114.7538,0.001719,0.990703,0.007578,51200,7291021,1564,19795,236,690,296,883
13650,60.217,39.146,2.732246,1.895996,0.83625,2.052734,1.89856,0.833687,142.4751,0.828691,0.099316,123.0196,0.001738,0.990137,0.008125,51200,7294725,1566,20286,242,692,308,888
13700,60.358,39.228,2.741643,1.887207,0.854436,2.032715,1.881104,0.860539,147.0408,0.846465,0.129089,129.7001,0.002324,0.986152,0.011523,51200,7528490,1640,20558,253,699,307,888
13750,60.617,39.348,2.623429,1.797241,0.826187,1.954834,1.801025,0.822403,146.433,0.842715,0.125844,130.528,0.002266,0.985117,0.012617,51200,7497371,1548,20583,226,699,276,888
13800,60.834,39.505,2.654976,1.872192,0.782784,2.019653,1.877197,0.777779,136.4868,0.82918,0.061661,120.5008,0.001035,0.986074,0.012891,51200,6988125,1531,20563,221,699,285,888
13850,61.001,39.588,2.5996,1.824585,0.775015,1.95752,1.822021,0.777579,128.2812,0.823887,0.0,112.4429,0.0,0.989355,0.010645,51200,6568000,1540,20727,213,699,276,888
13900,61.182,39.712,2.656908,1.893555,0.763354,2.044678,1.882935,0.773974,128.1845,0.814551,0.0,112.0,0.0,0.987559,0.012441,51200,6563046,1580,21449,201,702,256,891
13950,61.323,39.791,2.675655,1.895752,0.779903,2.03125,1.895874,0.779781,128.5212,0.824082,0.0,111.8182,0.0,0.992559,0.007441,51200,6580283,1556,20907,192,703,248,892
14000,61.5,39.875,2.732232,1.951416,0.780816,2.082764,1.958862,0.77337,129.4549,0.821406,0.007364,112.5467,0.000117,0.992383,0.0075,51200,6628090,1558,21412,187,703,246,895
14050,61.71,40.027,2.829032,2.009644,0.819389,2.143066,2.009521,0.819511,145.1921,0.798691,0.115785,124.0787,0.00207,0.990078,0.007852,51200,7433835,1619,22335,205,705,264,898
14100,61.856,40.115,2.691259,1.875122,0.816137,2.023682,1.866211,0.825048,145.1063,0.808496,0.113707,124.6586,0.002031,0.993926,0.004043,51200,7429442,1611,20424,219,705,273,902
14150,62.142,40.265,2.581646,1.80127,0.780376,1.944946,1.792236,0.789409,130.8086,0.804277,0.015782,114.3757,0.000254,0.996133,0.003613,51200,6697398,1467,19239,235,707,270,904
14200,62.41,40.424,2.609577,1.783813,0.825763,1.922974,1.786133,0.823444,128.8672,0.797832,0.002467,112.6026,3.9e-05,0.993535,0.006426,51200,6597999,1565,19332,256,709,293,905
14250,62.55,40.504,2.628255,1.841431,0.786824,1.997437,1.854126,0.774129,128.5407,0.804004,0.0,112.7709,0.0,0.993223,0.006777,51200,6581284,1559,19637,265,709,303,905
14300,62.724,40.613,2.501356,1.771851,0.729505,1.908081,1.76123,0.740126,128.6523,0.822266,0.0,113.4007,0.0,0.99418,0.00582,51200,6587000,1605,18255,256,713,307,913
14350,62.869,40.693,2.664213,1.899536,0.764677,2.044189,1.901489,0.762724,128.504,0.810645,0.0,113.4074,0.0,0.992695,0.007305,51200,6579403,1630,20453,252,713,302,913
14400,63.06,40.773,2.561654,1.818848,0.742806,1.957275,1.813354,0.748299,128.4993,0.822695,0.0,112.8649,0.0,0.992344,0.007656,51200,6579165,1601,19625,243,713,293,913
14450,63.234,40.892,2.499494,1.742432,0.757062,1.881348,1.724609,0.774884,128.2982,0.826699,0.0,113.4661,0.0,0.989941,0.010059,51200,6568870,1607,19183,242,713,289,913
14500,63.405,40.97,2.451527,1.692505,0.759022,1.825195,1.669434,0.782094,128.4398,0.836699,0.0,114.2628,0.0,0.991738,0.008262,51200,6576118,1592,17651,248,713,294,913
14550,63.654,41.132,2.413831,1.707642,0.70619,1.839722,1.694214,0.719617,139.1764,0.831094,0.07661,121.6343,0.001289,0.992207,0.006504,51200,7125834,1584,18429,240,714,284,914
14600,63.791,41.211,2.551063,1.759277,0.791786,1.898438,1.750488,0.800575,141.5441,0.802539,0.091797,121.2949,0.001602,0.992695,0.005703,51200,7247057,1539,19359,244,714,288,922
14650,63.969,41.291,2.563412,1.794922,0.76849,1.937134,1.784668,0.778744,145.0593,0.794355,0.116649,124.2642,0.00209,0.985918,0.011992,51200,7427035,1581,19606,240,714,284,922
14700,64.179,41.447,2.629767,1.827271,0.802497,1.970093,1.825195,0.804572,160.0045,0.798516,0.198613,130.2181,0.00377,0.986367,0.009863,51200,8192229,1535,20105,243,714,286,922
14750,64.319,41.53,2.599067,1.808716,0.790351,1.95105,1.80835,0.790717,161.884,0.79041,0.206626,130.1963,0.003926,0.989238,0.006836,51200,8288460,1580,19674,241,715,285,925
14800,64.549,41.697,2.522136,1.810547,0.711589,1.945923,1.800293,0.721843,157.8178,0.803535,0.185881,128.2014,0.003457,0.99,0.006543,51200,8080271,1628,19017,244,715,278,925
14850,64.693,41.784,2.447301,1.727051,0.72025,1.850464,1.721436,0.725865,168.672,0.826133,0.238381,133.8007,0.004824,0.990117,0.005059,51200,8636008,1487,17906,236,715,295,927
14900,64.91,41.887,2.452844,1.745239,0.707604,1.863159,1.715332,0.737512,174.7044,0.812051,0.26543,133.9039,0.005508,0.987637,0.006855,51200,8944867,1578,18804,234,715,288,927
14950,65.059,41.976,2.365722,1.668335,0.697388,1.785278,1.652222,0.713501,150.9453,0.820273,0.147427,124.0975,0.0025,0.993652,0.003848,51200,7728397,1570,17442,231,715,287,927
15000,65.202,42.057,2.327957,1.633423,0.694534,1.770996,1.613281,0.714676,141.9727,0.807324,0.095197,121.2542,0.001445,0.991348,0.007207,51200,7269002,1555,17028,237,715,300,932
15050,65.473,42.213,2.343859,1.684082,0.659777,1.817627,1.670166,0.673693,142.1898,0.799121,0.096562,121.521,0.001445,0.99082,0.007734,51200,7280119,1582,17911,252,717,313,932
15100,65.616,42.293,2.408741,1.718872,0.689869,1.858032,1.703857,0.704883,143.1579,0.813223,0.103404,121.7539,0.001699,0.988027,0.010273,51200,7329683,1587,19209,229,717,291,932
15150,65.819,42.372,2.377896,1.678345,0.699551,1.803711,1.654419,0.723477,142.154,0.805273,0.096755,121.542,0.001562,0.988711,0.009727,51200,7278285,1578,18248,226,717,287,932
15200,65.997,42.492,2.416847,1.713257,0.70359,1.853149,1.693481,0.723365,143.3031,0.790586,0.102261,121.7627,0.001719,0.992656,0.005625,51200,7337119,1633,19025,220,717,285,932
15250,66.137,42.572,2.54722,1.768555,0.778665,1.907959,1.750244,0.796976,145.4428,0.783457,0.115876,122.1981,0.001875,0.991641,0.006484,51200,7446673,1565,19917,217,720,281,937
15300,66.413,42.717,2.561475,1.815063,0.746411,1.963379,1.796997,0.764478,155.2895,0.793457,0.173173,132.2935,0.003164,0.988789,0.008047,51200,7950823,1594,20194,212,720,274,937
15350,66.596,42.838,2.620571,1.851807,0.768765,1.984741,1.836426,0.784146,148.4786,0.803516,0.13598,125.0612,0.002461,0.98707,0.010469,51200,7602103,1559,20922,211,720,271,937
15400,66.817,42.924,2.74356,1.973877,0.769683,2.125488,1.977295,0.766265,148.4779,0.792617,0.135185,121.2472,0.00248,0.988301,0.009219,51200,7602066,1589,22475,210,720,271,938
15450,67.095,43.089,2.764499,1.979736,0.784763,2.135498,1.987183,0.777317,146.6316,0.795215,0.126128,118.5105,0.002227,0.984668,0.013105,51200,7507537,1484,22285,200,720,261,938
15500,67.251,43.171,2.779892,2.009155,0.770736,2.147949,2.011108,0.768783,144.4595,0.830469,0.114419,117.6547,0.002051,0.981191,0.016758,51200,7396327,1557,22711,214,721,265,939
15550,67.521,43.328,2.709263,1.967896,0.741367,2.107056,1.966553,0.74271,143.6864,0.828457,0.10859,116.0629,0.001934,0.984551,0.013516,51200,7356742,1582,22147,220,725,274,944
15600,67.703,43.42,2.765955,2.021973,0.743983,2.175415,2.026245,0.73971,155.3798,0.831758,0.175977,122.81,0.003379,0.983203,0.013418,51200,7955445,1640,22711,209,725,269,951
15650,68.009,43.583,2.76337,2.000488,0.762882,2.146484,2.018188,0.745182,143.8436,0.822793,0.108564,115.1842,0.001934,0.986445,0.011621,51200,7364790,1603,21906,243,733,267,951
15700,68.164,43.673,2.798671,2.007935,0.790736,2.157959,2.021484,0.777186,146.3362,0.833477,0.122722,115.567,0.002227,0.988555,0.009219,51200,7492415,1615,22017,249,733,277,951
15750,68.367,43.771,2.733556,1.94043,0.793126,2.098877,1.933472,0.800084,134.7855,0.813008,0.04731,112.1049,0.000781,0.989766,0.009453,51200,6901017,1484,21267,247,733,278,951
15800,68.506,43.851,2.666669,1.888062,0.778608,2.039062,1.879517,0.787153,128.4711,0.819336,0.0,111.3374,0.0,0.992031,0.007969,51200,6577720,1597,19729,234,735,280,953
15850,68.692,43.93,2.643764,1.887207,0.756557,2.036743,1.88855,0.755214,128.1244,0.816797,0.0,111.484,0.0,0.986152,0.013848,51200,6559969,1543,20579,219,735,272,953
15900,68.981,44.105,2.630225,1.875122,0.755103,2.0177,1.872192,0.758032,128.2177,0.786777,0.0,110.6167,0.0,0.987676,0.012324,51200,6564746,1502,21046,229,737,287,960
15950,69.3,44.295,2.627213,1.894287,0.732926,2.028076,1.888428,0.738785,128.0907,0.792852,4.9e-05,111.5278,0.0,0.986074,0.013926,51200,6558244,1621,20187,231,737,302,969
16000,69.475,44.412,2.691544,1.964355,0.727188,2.10022,1.965332,0.726212,132.6704,0.793984,0.034991,112.9706,0.000547,0.984004,0.015449,51200,6792722,1564,21673,234,738,292,970
16050,69.616,44.493,2.69405,1.988159,0.705891,2.120361,1.973755,0.720295,135.8509,0.78916,0.055601,113.7897,0.000898,0.987305,0.011797,51200,6955567,1544,22342,234,738,287,970
16100,69.864,44.619,2.743217,2.022339,0.720878,2.175171,2.019165,0.724052,135.8629,0.759629,0.056555,113.2516,0.000801,0.98541,0.013789,51200,6956182,1562,23374,224,740,276,972
16150,70.008,44.698,2.778974,2.031372,0.747602,2.175293,2.027832,0.751142,131.6313,0.771465,0.024534,111.3833,0.000391,0.989863,0.009746,51200,6739523,1529,22622,224,740,276,972
16200,70.159,44.78,2.765807,2.071167,0.69464,2.218018,2.070435,0.695373,128.4738,0.765059,0.0,108.7339,0.0,0.991582,0.008418,51200,6577857,1578,23466,208,740,261,973
16250,70.376,44.929,2.821151,2.135132,0.686019,2.293579,2.140503,0.680648,128.0934,0.751094,0.0,108.5138,0.0,0.986465,0.013535,51200,6558381,1556,24313,205,741,253,973
16300,70.517,45.01,2.920017,2.173828,0.746189,2.328735,2.185425,0.734592,128.0818,0.739082,0.000742,107.4016,0.0,0.98457,0.01543,51200,6557787,1540,24783,204,742,257,982
16350,70.706,45.09,2.870245,2.110352,0.759893,2.265015,2.111816,0.758429,127.9019,0.745918,0.0,107.3477,0.0,0.98332,0.01668,51200,6548577,1587,23983,207,744,253,984
16400,70.898,45.219,2.871297,2.14209,0.729207,2.303955,2.153076,0.718221,127.7497,0.743066,0.0,107.09,0.0,0.981055,0.018945,51200,6540784,1616,24978,183,745,224,985
16450,71.04,45.301,3.030195,2.261841,0.768354,2.425537,2.272949,0.757246,127.9148,0.747422,0.0,106.3271,0.0,0.984805,0.015195,51200,6549236,1618,26979,186,745,210,985
16500,71.205,45.406,3.017481,2.241333,0.776148,2.418091,2.266479,0.751001,127.4448,0.739766,0.0,104.403,0.0,0.978965,0.021035,51200,6525175,1586,25920,183,745,208,986
16550,71.345,45.486,3.005616,2.245239,0.760376,2.405396,2.248535,0.75708,127.4804,0.72082,0.0,105.724,0.0,0.979121,0.020879,51200,6526995,1565,25184,179,746,214,993
16600,71.557,45.631,2.960909,2.219116,0.741793,2.401245,2.230347,0.730563,132.8561,0.729434,0.038419,109.678,0.000625,0.983242,0.016133,51200,6802232,1580,25266,176,746,212,995
16650,71.722,45.712,2.859818,2.158813,0.701005,2.339722,2.176147,0.683671,136.1068,0.73291,0.064494,111.8945,0.001074,0.97707,0.021855,51200,6968666,1567,24736,184,748,224,1006
16700,71.862,45.792,2.761533,2.067261,0.694272,2.247559,2.083374,0.678159,132.0314,0.742559,0.035113,111.9698,0.000566,0.979219,0.020215,51200,6760009,1587,23113,190,748,217,1010
16750,72.057,45.878,2.830541,2.069092,0.761449,2.254395,2.087891,0.74265,130.2295,0.755625,0.022055,111.6312,0.000352,0.978574,0.021074,51200,6667748,1549,23638,187,748,217,1011
16800,72.266,46.029,2.868081,2.072388,0.795694,2.268311,2.102295,0.765786,142.6323,0.762598,0.107803,115.006,0.001895,0.977266,0.02084,51200,7302776,1592,23342,189,748,224,1017
16850,72.411,46.111,2.903299,2.1604,0.742899,2.349976,2.18396,0.719339,146.2201,0.745469,0.130139,114.0781,0.002344,0.975625,0.022031,51200,7486470,1532,24319,186,748,222,1017
16900,72.636,46.229,2.976005,2.205078,0.770927,2.387695,2.22937,0.746635,144.2473,0.756699,0.117626,112.1865,0.00209,0.976738,0.021172,51200,7385464,1578,25338,190,748,225,1017
16950,72.778,46.31,2.940622,2.220947,0.719675,2.404907,2.243042,0.69758,145.885,0.739863,0.12806,112.2196,0.002305,0.974258,0.023438,51200,7469312,1590,25352,199,750,238,1021
17000,72.964,46.392,2.904297,2.208252,0.696045,2.372559,2.221313,0.682984,149.2337,0.722734,0.148561,114.0934,0.002734,0.971777,0.025488,51200,7640763,1490,24779,210,757,250,1029
17050,73.19,46.554,2.842295,2.166504,0.675791,2.336182,2.170044,0.672251,146.7021,0.729824,0.130672,113.8478,0.002363,0.979316,0.01832,51200,7511148,1596,24325,210,758,247,1032
17100,73.358,46.637,2.93202,2.18457,0.74745,2.351685,2.201538,0.730482,145.5775,0.735547,0.124151,113.9923,0.002227,0.97834,0.019434,51200,7453569,1579,24842,222,761,247,1032
17150,73.651,46.807,2.805905,2.12439,0.681515,2.296509,2.130737,0.675167,157.989,0.745293,0.190861,123.6599,0.003711,0.981797,0.014492,51200,8089039,1564,23392,187,762,211,1033
17200,73.799,46.89,2.799684,2.074219,0.725466,2.242188,2.089111,0.710573,160.4732,0.738633,0.203448,126.7814,0.003809,0.981289,0.014902,51200,8216230,1602,23337,186,762,210,1033
17250,73.962,46.973,2.808587,2.077637,0.730951,2.238159,2.084595,0.723993,159.2428,0.713281,0.19793,125.8101,0.003887,0.979551,0.016562,51200,8153230,1565,23769,171,762,199,1033
17300,74.218,47.142,2.863606,2.177246,0.68636,2.357666,2.184326,0.67928,160.7722,0.714844,0.207834,124.5013,0.004121,0.974414,0.021465,51200,8231538,1546,24616,166,762,197,1033
17350,74.364,47.226,2.923844,2.200317,0.723526,2.387451,2.214111,0.709733,160.3704,0.746191,0.202373,122.7392,0.004004,0.982734,0.013262,51200,8210965,1563,25218,143,762,192,1033
17400,74.567,47.31,2.943501,2.2052,0.738301,2.401001,2.211304,0.732198,148.6781,0.752852,0.139428,113.6628,0.002559,0.982969,0.014473,51200,7612317,1582,25528,134,762,185,1034
17450,74.821,47.498,2.865264,2.108643,0.756621,2.30542,2.120117,0.745146,145.7471,0.771055,0.122923,110.6077,0.002207,0.981777,0.016016,51200,7462251,1547,23766,152,765,205,1037
17500,74.961,47.578,2.79252,2.071045,0.721475,2.250977,2.070679,0.721842,134.6799,0.762363,0.051511,111.7522,0.000859,0.980605,0.018535,51200,6895611,1551,22958,164,770,220,1044
17550,75.234,47.764,2.787056,2.030396,0.75666,2.192871,2.029419,0.757637,141.0297,0.772852,0.095334,116.9174,0.001641,0.97752,0.02084,51200,7220721,1619,22828,200,773,258,1050
17600,75.376,47.848,2.780282,2.008545,0.771737,2.177368,2.002808,0.777474,155.725,0.760332,0.181861,120.3486,0.003496,0.976172,0.020332,51200,7973121,1570,22531,191,773,253,1051
17650,75.553,47.941,2.792522,2.045532,0.746989,2.232178,2.047729,0.744792,157.7643,0.763145,0.190864,120.7038,0.003711,0.979688,0.016602,51200,8077532,1552,22735,212,773,280,1058
17700,75.77,48.026,2.744659,2.049561,0.695099,2.227417,2.053955,0.690704,160.4001,0.751484,0.204329,121.5356,0.004043,0.979023,0.016934,51200,8212487,1547,23307,213,773,280,1058
17750,76.016,48.211,2.879712,2.182373,0.697339,2.367676,2.20105,0.678663,159.7725,0.751816,0.199641,119.3226,0.003926,0.983184,0.012891,51200,8180351,1659,25378,206,773,269,1058
17800,76.164,48.296,2.960335,2.255371,0.704964,2.445679,2.279053,0.681282,161.3181,0.740703,0.208313,118.8415,0.004141,0.980781,0.015078,51200,8259487,1595,25813,191,773,244,1058
17850,76.315,48.385,2.886998,2.213501,0.673497,2.398926,2.242188,0.64481,163.392,0.744102,0.219284,117.8133,0.004414,0.978652,0.016934,51200,8365670,1533,24984,179,773,231,1058
17900,76.538,48.473,2.918978,2.202637,0.716341,2.377686,2.213013,0.705965,162.0455,0.747324,0.214294,117.9607,0.004102,0.974395,0.021504,51200,8296732,1557,24282,182,773,230,1058
17950,76.77,48.631,2.888333,2.195923,0.69241,2.371338,2.207764,0.68057,155.9392,0.744609,0.183139,115.5317,0.003516,0.976074,0.02041,51200,7984089,1641,24083,183,773,231,1060
18000,76.94,48.732,2.940035,2.224976,0.71506,2.392212,2.239624,0.700411,157.5971,0.740605,0.189208,116.3613,0.003672,0.9825,0.013828,51200,8068970,1572,24229,192,773,248,1063
18050,77.175,48.9,2.970112,2.310181,0.659932,2.48291,2.319214,0.650899,159.4823,0.723789,0.198942,116.1378,0.003906,0.981914,0.01418,51200,8165495,1579,25341,215,777,273,1071
18100,77.322,48.985,3.021794,2.314819,0.706975,2.496338,2.332642,0.689153,160.0982,0.743164,0.202178,115.3979,0.003984,0.982402,0.013613,51200,8197030,1660,25195,229,779,288,1072
18150,77.591,49.135,2.949656,2.257812,0.691843,2.429321,2.272461,0.677195,159.049,0.748125,0.199482,114.9331,0.003906,0.975586,0.020508,51200,8143311,1560,24282,244,779,303,1072
18200,77.851,49.329,2.901041,2.185181,0.71586,2.37146,2.194946,0.706095,160.7492,0.75082,0.207896,117.0706,0.004082,0.975742,0.020176,51200,8230358,1534,23816,239,779,300,1072
18250,77.994,49.411,2.823688,2.080322,0.743365,2.248535,2.08313,0.740558,142.3933,0.754238,0.102464,114.8438,0.001582,0.981035,0.017383,51200,7290536,1592,22646,239,779,301,1073
18300,78.137,49.491,2.818215,2.099365,0.71885,2.27124,2.102661,0.715554,129.4647,0.77041,0.012056,109.4921,7.8e-05,0.983242,0.01668,51200,6628591,1616,22703,238,779,296,1073
18350,78.305,49.581,2.877986,2.113647,0.764339,2.294312,2.140137,0.737849,128.2212,0.789219,0.0,108.5906,0.0,0.988516,0.011484,51200,6564928,1597,23380,233,779,285,1073
18400,78.594,49.755,2.804534,2.052979,0.751555,2.225342,2.067993,0.736541,128.2865,0.788965,0.0,109.0784,0.0,0.989023,0.010977,51200,6568269,1513,21846,227,779,278,1073
18450,78.732,49.834,2.802607,2.039429,0.763179,2.221558,2.050903,0.751704,128.098,0.778164,0.0,109.4999,0.0,0.986074,0.013926,51200,6558616,1591,21629,231,779,285,1073
18500,78.936,49.918,2.612351,1.874512,0.73784,2.036255,1.880615,0.731736,128.02,0.802871,0.0,111.0645,0.0,0.985469,0.014531,51200,6554625,1522,19233,234,779,292,1079
18550,79.196,50.073,2.544907,1.813843,0.731064,1.959839,1.803467,0.74144,128.2753,0.816953,0.0,113.4546,0.0,0.989648,0.010352,51200,6567695,1526,18995,242,780,300,1082
18600,79.339,50.155,2.591126,1.791748,0.799378,1.935791,1.789185,0.801942,128.3918,0.826211,0.0,113.9906,0.0,0.990215,0.009785,51200,6573660,1519,18697,245,780,301,1083
18650,79.518,50.236,2.69124,1.848145,0.843095,1.994629,1.859619,0.83162,135.307,0.818652,0.0528,114.8954,0.000879,0.986875,0.012246,51200,6927717,1570,19301,246,785,300,1088
18700,79.793,50.414,2.675878,1.864746,0.811132,2.021606,1.874634,0.801244,128.2718,0.809492,0.0,111.4286,0.0,0.988184,0.011816,51200,6567516,1493,18955,251,785,306,1088
18750,79.933,50.495,2.630117,1.820435,0.809682,1.957031,1.819702,0.810415,129.6388,0.821582,0.01223,113.46,0.000195,0.985234,0.01457,51200,6637505,1625,18649,246,785,304,1088
18800,80.073,50.574,2.599623,1.796265,0.803359,1.929932,1.793213,0.80641,130.0491,0.830371,0.013424,113.666,0.000215,0.989258,0.010527,51200,6658515,1597,18604,242,785,298,1088
18850,80.214,50.655,2.737224,1.927368,0.809856,2.076782,1.933838,0.803386,128.4501,0.834238,0.0,112.3519,0.0,0.991777,0.008223,51200,6576645,1604,19797,248,785,305,1088
18900,80.388,50.767,2.671401,1.845215,0.826186,1.977783,1.848511,0.82289,128.6765,0.827793,0.0,112.1174,0.0,0.994961,0.005039,51200,6588238,1570,19226,255,786,303,1089
18950,80.528,50.846,2.642006,1.835571,0.806435,1.980469,1.839478,0.802529,128.5233,0.829551,0.0,112.8185,0.0,0.992734,0.007266,51200,6580392,1564,19437,261,786,303,1089
19000,80.793,50.991,2.657162,1.851196,0.805966,1.97998,1.853394,0.803769,128.2087,0.832598,0.0,112.0536,0.0,0.987695,0.012305,51200,6564283,1590,19277,264,787,292,1090
19050,81.036,51.151,2.642208,1.821899,0.820309,1.950562,1.822632,0.819576,128.3594,0.83748,0.0,112.0109,0.0,0.989629,0.010371,51200,6571999,1556,19573,267,789,294,1092
19100,81.175,51.231,2.612351,1.790649,0.821701,1.930054,1.799683,0.812668,128.1684,0.805957,0.0,112.0626,0.0,0.987012,0.012988,51200,6562220,1593,19390,265,789,291,1092
19150,81.332,51.31,2.676166,1.841919,0.834247,1.985596,1.845703,0.830462,128.3388,0.800996,0.0,112.4062,0.0,0.989707,0.010293,51200,6570948,1614,20227,253,789,279,1092
19200,81.474,51.392,2.752801,1.938232,0.814568,2.083618,1.946411,0.80639,128.5259,0.805254,0.0,111.6179,0.0,0.992773,0.007227,51200,6580527,1561,22208,251,789,276,1092
19250,81.787,51.555,2.851457,1.981201,0.870256,2.120605,1.991943,0.859514,128.7052,0.804785,0.0,110.6069,0.0,0.995391,0.004609,51200,6589708,1595,23065,242,789,267,1092
19300,81.954,51.659,2.755872,1.93457,0.821302,2.090698,1.952026,0.803846,128.7472,0.812695,0.0,110.73,0.0,0.996172,0.003828,51200,6591857,1471,22008,247,792,272,1095
19350,82.113,51.744,2.734869,1.89624,0.838629,2.045532,1.894775,0.840094,128.3238,0.839238,0.0,111.166,0.0,0.989648,0.010352,51200,6570181,1613,21599,254,792,272,1095
19400,82.258,51.828,2.780749,1.936401,0.844348,2.085571,1.936035,0.844714,128.3123,0.829805,0.001051,111.2041,0.0,0.987266,0.012734,51200,6569591,1593,21040,250,792,266,1095
19450,82.406,51.915,2.718757,1.864868,0.853889,2.036377,1.880859,0.837898,128.0619,0.835801,0.0,111.8707,0.0,0.985898,0.014102,51200,6556769,1609,19656,264,796,280,1099
19500,82.644,52.037,2.683685,1.809082,0.874603,1.977661,1.82959,0.854095,128.0886,0.835156,0.0,111.4029,0.0,0.986855,0.013145,51200,6558136,1541,18920,267,798,288,1104
19550,82.841,52.175,2.715729,1.81189,0.903839,1.981201,1.825439,0.890289,128.1619,0.849629,0.0,111.825,0.0,0.987324,0.012676,51200,6561888,1560,19492,284,798,307,1104
19600,82.99,52.254,2.738453,1.801514,0.936939,1.959717,1.800049,0.938404,128.0009,0.844277,0.0,111.059,0.0,0.984434,0.015566,51200,6553647,1619,19490,281,798,307,1104
19650,83.219,52.411,2.67411,1.784302,0.889808,1.937866,1.792603,0.881507,127.6998,0.823301,0.0,111.7068,0.0,0.980625,0.019375,51200,6538231,1605,19327,275,799,299,1105
19700,83.358,52.49,2.722168,1.842529,0.879639,1.998901,1.850464,0.871704,127.9224,0.82375,2e-06,112.0212,0.0,0.982949,0.017051,51200,6549628,1575,18858,273,799,296,1105
19750,83.545,52.574,2.559895,1.631226,0.928669,1.789673,1.642334,0.917561,128.2633,0.846348,0.0,112.9873,0.0,0.988281,0.011719,51200,6567080,1552,16758,263,801,292,1108
19800,83.79,52.73,2.541281,1.654541,0.88674,1.797119,1.655151,0.88613,128.1689,0.837285,0.0,113.9473,0.0,0.987305,0.012695,51200,6562246,1565,16358,267,801,305,1113
19850,83.926,52.809,2.515504,1.666504,0.849,1.794067,1.656128,0.859376,128.5414,0.839648,0.000717,114.9823,0.0,0.991328,0.008672,51200,6581320,1647,16666,274,801,311,1113
19900,84.124,52.89,2.605794,1.766357,0.839437,1.906006,1.765015,0.84078,128.5706,0.836992,0.0,114.6748,0.0,0.99334,0.00666,51200,6582814,1642,18160,276,801,313,1113
19950,84.357,53.057,2.702287,1.822998,0.879289,1.972412,1.831177,0.87111,128.2391,0.857109,0.0,112.3194,0.0,0.988398,0.011602,51200,6565843,1581,19476,290,802,321,1113
20000,84.502,53.141,2.651535,1.798828,0.852707,1.942871,1.810059,0.841476,128.4228,0.835703,0.0,111.7445,0.0,0.991055,0.008945,51200,6575247,1540,18839,277,807,310,1118
20050,84.773,53.302,2.528301,1.734985,0.793316,1.873657,1.732666,0.795635,128.299,0.822715,0.0,112.3971,0.0,0.989219,0.010781,51200,6568909,1547,17778,278,810,304,1121
20100,84.917,53.384,2.554829,1.69519,0.859638,1.830322,1.696655,0.858173,128.1862,0.826211,0.0,113.6678,0.0,0.98748,0.01252,51200,6563133,1547,17597,281,813,308,1124
20150,85.063,53.466,2.495802,1.668091,0.827711,1.802612,1.666504,0.829298,128.1225,0.82041,0.0,113.7915,0.0,0.986641,0.013359,51200,6559872,1591,16492,291,824,318,1135
20200,85.23,53.568,2.506889,1.710693,0.796196,1.848389,1.706665,0.800224,128.3219,0.826836,0.0,114.4916,0.0,0.989629,0.010371,51200,6570083,1621,16847,282,826,309,1137
20250,85.402,53.65,2.427182,1.674805,0.752378,1.810547,1.660278,0.766904,128.1919,0.835957,0.0,114.6001,0.0,0.987637,0.012363,51200,6563423,1560,16068,278,828,308,1142
20300,85.61,53.799,2.314577,1.585571,0.729006,1.708496,1.564575,0.750002,128.0231,0.831016,0.0,115.5304,0.0,0.985352,0.014648,51200,6554782,1583,14973,303,835,335,1149
20350,85.746,53.876,2.383574,1.595093,0.788482,1.731323,1.59021,0.793365,128.0236,0.84002,0.0,116.7922,0.0,0.985273,0.014727,51200,6554809,1514,15323,286,836,337,1150
20400,85.93,53.954,2.351807,1.603149,0.748658,1.730591,1.59021,0.761597,128.2971,0.828652,0.0,116.8925,0.0,0.990293,0.009707,51200,6568814,1538,15388,256,836,307,1150
20450,86.186,54.124,2.420825,1.675903,0.744922,1.808228,1.666016,0.75481,133.4744,0.825801,0.038853,120.76,0.000645,0.988926,0.01043,51200,6833889,1592,16843,259,836,312,1150
20500,86.326,54.205,2.377967,1.665527,0.712439,1.78833,1.645508,0.732459,141.579,0.839688,0.093241,124.6968,0.001641,0.989043,0.009316,51200,7248843,1586,16805,248,836,305,1154
20550,86.532,54.291,2.328431,1.583008,0.745424,1.710571,1.574097,0.754335,144.1294,0.855664,0.109009,126.1486,0.001953,0.988887,0.00916,51200,7379425,1510,15482,246,836,302,1154
20600,86.775,54.471,2.334453,1.590942,0.743511,1.716431,1.577393,0.757061,141.1595,0.850332,0.09016,124.7261,0.001582,0.989668,0.00875,51200,7227368,1608,15593,249,836,308,1154
20650,86.961,54.564,2.307522,1.584839,0.722683,1.705566,1.572388,0.735134,143.3978,0.826719,0.105397,126.3405,0.001875,0.986797,0.011328,51200,7341968,1574,15560,241,836,300,1154
20700,87.123,54.662,2.503217,1.738525,0.764691,1.861816,1.719238,0.783978,130.6109,0.827109,0.015822,117.0057,0.000254,0.992148,0.007598,51200,6687280,1616,18316,248,836,310,1154
20750,87.276,54.745,2.646223,1.879639,0.766584,2.008179,1.873413,0.772809,129.0488,0.817715,0.003609,111.8851,5.9e-05,0.99334,0.006602,51200,6607301,1593,21466,223,840,295,1163
20800,87.45,54.836,2.60046,1.835449,0.765011,1.962769,1.819824,0.780636,129.5751,0.797324,0.008022,111.7651,0.000117,0.992598,0.007285,51200,6634245,1548,19776,223,846,288,1164
20850,87.59,54.917,2.562204,1.803711,0.758493,1.925781,1.796997,0.765207,128.6473,0.804336,0.001207,113.1099,2e-05,0.991973,0.008008,51200,6586742,1570,18811,219,846,284,1164
20900,87.786,54.996,2.486788,1.747559,0.739229,1.867554,1.729858,0.75693,128.6834,0.800879,0.0,113.5225,0.0,0.995098,0.004902,51200,6588590,1618,18202,209,846,268,1164
20950,88.035,55.159,2.49478,1.748779,0.746001,1.872192,1.741211,0.753569,128.5058,0.818652,0.0,113.743,0.0,0.992324,0.007676,51200,6579497,1481,18377,211,849,265,1167
21000,88.176,55.241,2.510886,1.771362,0.739523,1.908203,1.771729,0.739157,138.8808,0.788223,0.07503,122.159,0.001289,0.990762,0.007949,51200,7110695,1568,19082,196,849,249,1167
21050,88.417,55.358,2.472365,1.766846,0.70552,1.893677,1.758301,0.714064,144.2501,0.77748,0.110301,126.6742,0.001973,0.987734,0.010293,51200,7385604,1538,18571,212,849,265,1167
21100,88.593,55.472,2.431761,1.737793,0.693968,1.859985,1.731567,0.700194,143.5978,0.778125,0.10754,126.5881,0.001914,0.985273,0.012812,51200,7352205,1602,18158,210,852,263,1170
21150,88.733,55.553,2.51838,1.784546,0.733834,1.897705,1.776855,0.741525,146.0668,0.780469,0.122976,128.517,0.002227,0.983535,0.014238,51200,7478618,1609,18665,208,853,259,1171
21200,88.984,55.689,2.585053,1.891479,0.693574,2.02002,1.882935,0.702119,139.1068,0.811836,0.077023,122.2631,0.001328,0.989219,0.009453,51200,7122270,1559,20270,209,855,265,1173
21250,89.12,55.767,2.667637,1.907715,0.759922,2.059082,1.90271,0.764927,128.5304,0.828027,0.0,112.7768,0.0,0.992871,0.007129,51200,6580755,1547,20989,220,860,274,1179
21300,89.307,55.845,2.724718,1.936768,0.78795,2.075195,1.924683,0.800035,128.406,0.820566,0.0,111.156,0.0,0.99043,0.00957,51200,6574387,1553,21478,237,863,296,1190
21350,89.467,55.94,2.703329,1.888184,0.815146,2.032471,1.893066,0.810263,128.6713,0.808652,0.0,111.4483,0.0,0.995234,0.004766,51200,6587969,1555,20883,227,864,277,1192
21400,89.609,56.019,2.763582,1.921997,0.841585,2.06604,1.92688,0.836702,128.3471,0.788594,0.0,111.028,0.0,0.990156,0.009844,51200,6571373,1542,21025,236,874,292,1208
21450,89.816,56.098,2.717709,1.882935,0.834774,2.026733,1.880371,0.837338,128.3594,0.798672,0.001211,111.4121,2e-05,0.987617,0.012363,51200,6572002,1569,20649,262,878,288,1209
21500,89.953,56.177,2.745124,1.903198,0.841926,2.043091,1.900635,0.844489,128.6362,0.800215,0.000937,111.492,0.0,0.992852,0.007148,51200,6586176,1638,21326,257,880,282,1211
21550,90.216,56.301,2.75042,1.915405,0.835015,2.052979,1.925293,0.825127,128.4774,0.792656,0.0,110.9648,0.0,0.99209,0.00791,51200,6578041,1514,22085,248,888,268,1217
21600,90.476,56.466,2.821356,2.017578,0.803778,2.167725,2.016846,0.80451,129.6039,0.778926,0.008624,111.0763,0.000137,0.991719,0.008145,51200,6635720,1658,23209,232,888,249,1217
21650,90.62,56.546,2.945018,2.060303,0.884715,2.221558,2.071777,0.87324,134.629,0.789805,0.046012,110.0641,0.000762,0.99125,0.007988,51200,6893005,1638,23938,219,888,237,1218
21700,90.784,56.629,2.988648,2.088745,0.899903,2.249878,2.100952,0.887696,146.3295,0.785312,0.123656,112.0182,0.002227,0.988457,0.009316,51200,7492068,1524,24529,218,888,242,1224
21750,91.106,56.809,3.020812,2.084961,0.935851,2.249634,2.088745,0.932067,143.6956,0.774473,0.108379,110.7066,0.001914,0.987168,0.010918,51200,7357214,1578,24694,207,889,223,1225
21800,91.249,56.892,3.003958,2.109497,0.894461,2.270142,2.120239,0.883719,142.937,0.768008,0.103327,110.3491,0.001816,0.988008,0.010176,51200,7318373,1643,24548,224,893,246,1229
21850,91.428,56.976,3.017676,2.073853,0.943823,2.24585,2.093384,0.924292,147.1444,0.763105,0.132339,111.3611,0.002402,0.980254,0.017344,51200,7533793,1572,24449,234,894,256,1230
21900,91.67,57.158,2.929994,2.017822,0.912172,2.185547,2.03064,0.899354,147.3441,0.769434,0.133201,110.8824,0.002422,0.979883,0.017695,51200,7544019,1591,23412,228,895,250,1231
21950,91.817,57.246,2.850451,1.945801,0.90465,2.099121,1.952637,0.897814,145.2049,0.782285,0.119175,111.8269,0.002129,0.983223,0.014648,51200,7434489,1569,21883,222,895,238,1231
22000,91.961,57.331,2.785821,1.88147,0.904352,2.05249,1.898193,0.887628,145.6312,0.789355,0.119889,113.0185,0.002148,0.987422,0.01043,51200,7456317,1623,20905,223,897,233,1232
22050,92.184,57.423,2.840645,1.939331,0.901314,2.109131,1.947632,0.893013,156.3635,0.764258,0.180945,120.2626,0.003477,0.984648,0.011875,51200,8005810,1568,22140,218,897,227,1232
22100,92.331,57.509,2.881092,1.979736,0.901356,2.139893,1.974854,0.906239,167.6086,0.769434,0.237502,127.0744,0.004824,0.979355,0.01582,51200,8581561,1603,22643,216,898,224,1232
22150,92.506,57.599,2.842703,1.9729,0.869803,2.145264,1.983276,0.859427,152.8311,0.786934,0.164156,118.9595,0.002988,0.98041,0.016602,51200,7824954,1594,22081,221,899,229,1233
22200,92.7,57.728,2.846471,1.971436,0.875035,2.137085,1.99353,0.85294,140.8086,0.777754,0.093526,112.0659,0.001621,0.980703,0.017676,51200,7209400,1545,22750,226,902,234,1236
22250,92.85,57.816,2.860248,1.994995,0.865253,2.164429,2.005737,0.854511,144.4696,0.769395,0.117654,111.1436,0.00209,0.977832,0.020078,51200,7396844,1626,23007,203,903,213,1237
22300,93.11,57.937,2.865739,1.997559,0.86818,2.171143,2.010864,0.854874,141.6499,0.755723,0.09979,110.7413,0.001738,0.978555,0.019707,51200,7252477,1641,22765,206,903,214,1237
22350,93.375,58.109,2.746458,1.91748,0.828977,2.061279,1.910522,0.835935,145.4924,0.779395,0.118897,112.4764,0.002129,0.988086,0.009785,51200,7449211,1558,21378,215,903,223,1237
22400,93.521,58.193,2.720172,1.838501,0.881671,1.984375,1.830566,0.889606,137.9618,0.774746,0.067741,113.9627,0.001094,0.994199,0.004707,51200,7063645,1592,20412,217,907,227,1241
22450,93.714,58.274,2.763318,1.883911,0.879406,2.033569,1.883057,0.880261,146.679,0.798555,0.124927,120.1538,0.002051,0.990234,0.007715,51200,7509967,1585,21792,198,908,219,1242
22500,93.862,58.361,2.905592,1.969727,0.935865,2.124878,1.98877,0.916823,143.4325,0.796875,0.104992,116.8842,0.001621,0.990215,0.008164,51200,7343744,1621,22476,209,912,229,1246
22550,94.04,58.44,2.846291,1.936523,0.909767,2.096436,1.96167,0.884621,128.9786,0.796738,0.003056,109.9595,3.9e-05,0.993613,0.006348,51200,6603704,1559,21566,220,912,236,1246
22600,94.229,58.565,2.863068,1.963379,0.899689,2.119507,1.968018,0.895051,128.5628,0.781602,0.0,109.7525,0.0,0.993574,0.006426,51200,6582413,1607,21953,227,912,243,1246
22650,94.371,58.644,2.816565,1.929443,0.887122,2.085449,1.937134,0.879431,128.2839,0.800254,0.0,110.0171,0.0,0.98875,0.01125,51200,6568137,1630,21907,228,914,244,1248
22700,94.638,58.792,2.843885,1.91748,0.926405,2.061646,1.919556,0.92433,128.421,0.799199,0.0,110.23,0.0,0.991074,0.008926,51200,6575155,1550,22301,224,914,240,1248
22750,94.842,58.935,2.840813,1.931763,0.909051,2.07605,1.933716,0.907097,128.1746,0.770879,0.000997,108.8614,0.0,0.985586,0.014414,51200,6562541,1531,21859,239,922,251,1256
22800,94.98,59.015,2.755761,1.850708,0.905053,1.986206,1.835815,0.919946,127.5746,0.778418,0.0,109.4459,0.0,0.978301,0.021699,51200,6531822,1502,20885,245,927,252,1261
22850,95.227,59.148,2.738089,1.813599,0.924491,1.951172,1.817139,0.92095,135.3292,0.765469,0.055027,116.2017,0.000918,0.981855,0.017227,51200,6928854,1570,20620,246,928,251,1262
22900,95.367,59.23,2.713497,1.83252,0.880978,1.981689,1.828613,0.884884,128.0886,0.765664,0.0,111.891,0.0,0.98627,0.01373,51200,6558136,1594,20633,265,930,265,1264
22950,95.521,59.311,2.757216,1.881104,0.876112,2.019043,1.868164,0.889052,128.9817,0.790449,0.006115,112.1317,9.8e-05,0.988125,0.011777,51200,6603861,1560,20844,272,934,272,1268
23000,95.727,59.452,2.664817,1.811157,0.85366,1.946533,1.793823,0.870994,128.2876,0.809531,0.0,112.2669,0.0,0.98916,0.01084,51200,6568323,1578,19338,256,934,264,1268
23050,95.884,59.536,2.596141,1.727417,0.868724,1.869873,1.712524,0.883617,128.5729,0.832461,0.0,113.3087,0.0,0.993359,0.006641,51200,6582934,1530,17895,244,936,252,1270
23100,96.154,59.692,2.44638,1.606201,0.840179,1.731445,1.589722,0.856658,128.2157,0.822422,0.0,115.0192,0.0,0.987871,0.012129,51200,6564643,1622,16815,257,937,265,1271
23150,96.294,59.769,2.415912,1.558594,0.857318,1.680786,1.54126,0.874652,128.2723,0.831211,0.0,116.5672,0.0,0.988945,0.011055,51200,6567542,1497,15432,255,938,271,1272
23200,96.528,59.88,2.354591,1.553101,0.801491,1.67981,1.536987,0.817604,128.3629,0.835664,5.9e-05,116.804,0.0,0.990156,0.009844,51200,6572183,1552,15709,269,940,285,1274
23250,96.663,59.958,2.420858,1.567261,0.853597,1.712158,1.565674,0.855184,128.6901,0.831211,0.0,117.6772,0.0,0.994844,0.005156,51200,6588934,1494,16411,301,944,317,1278
23300,96.804,60.035,2.364227,1.478149,0.886078,1.610596,1.460449,0.903778,128.8437,0.833301,0.0,117.5964,0.0,0.997676,0.002324,51200,6596797,1582,14696,316,945,328,1279
23350,97.004,60.177,2.358857,1.51355,0.845308,1.653687,1.494995,0.863862,128.6212,0.841914,0.0,117.9673,0.0,0.993965,0.006035,51200,6585407,1565,15351,309,945,321,1279
23400,97.188,60.254,2.398558,1.535889,0.862669,1.668213,1.52832,0.870238,128.797,0.850898,0.0,118.1209,0.0,0.99707,0.00293,51200,6594406,1574,15399,306,945,318,1279
23450,97.376,60.385,2.402506,1.536621,0.865885,1.68457,1.53833,0.864176,128.5226,0.833711,0.0,116.9172,0.0,0.992383,0.007617,51200,6580357,1542,15724,304,949,316,1283
23500,97.514,60.465,2.463242,1.580811,0.882431,1.735352,1.570923,0.892319,129.6743,0.830039,0.011013,116.8495,0.000176,0.988828,0.010996,51200,6639326,1584,16778,281,949,297,1283
23550,97.749,60.583,2.4857,1.622925,0.862776,1.762695,1.617065,0.868635,130.7828,0.830098,0.018226,116.9431,0.000293,0.990254,0.009453,51200,6696080,1579,16902,284,949,300,1283
23600,98.048,60.759,2.45604,1.601929,0.854112,1.737793,1.589111,0.866929,128.607,0.817402,0.000789,116.0608,0.0,0.992676,0.007324,51200,6584679,1568,16388,293,949,301,1283
23650,98.252,60.906,2.337697,1.494019,0.843678,1.621582,1.467407,0.87029,136.2898,0.826562,0.058122,124.6455,0.000977,0.990488,0.008535,51200,6978040,1571,14455,291,949,299,1283
23700,98.389,60.986,2.509056,1.645142,0.863914,1.780396,1.636108,0.872947,128.7684,0.821855,7.4e-05,116.7636,0.0,0.996426,0.003574,51200,6592944,1567,17330,284,954,300,1288
23750,98.544,61.071,2.688165,1.804321,0.883844,1.929688,1.784546,0.903619,128.7525,0.812754,0.0,113.6621,0.0,0.996094,0.003906,51200,6592128,1578,19834,226,955,242,1289
23800,98.68,61.149,2.750898,1.867676,0.883222,2.015747,1.879517,0.871382,128.4969,0.796914,0.0,111.2657,0.0,0.992012,0.007988,51200,6579040,1555,20206,229,955,245,1289
23850,98.845,61.256,2.770718,1.888306,0.882412,2.040894,1.89563,0.875088,132.5826,0.774883,0.034729,110.937,0.000566,0.984395,0.015039,51200,6788229,1606,20816,223,956,239,1290
23900,98.981,61.334,2.789293,1.874878,0.914415,2.0354,1.879883,0.90941,128.0062,0.79957,0.0,110.8889,0.0,0.985215,0.014785,51200,6553917,1578,21187,211,956,227,1290
23950,99.268,61.481,2.807687,1.923218,0.884469,2.071777,1.921753,0.885934,127.9509,0.805625,0.0,110.2816,0.0,0.984629,0.015371,51200,6551084,1625,21808,192,956,208,1290
24000,99.432,61.583,2.820107,1.950562,0.869546,2.099976,1.941772,0.878335,127.9272,0.797461,0.0,109.6824,0.0,0.984141,0.015859,51200,6549875,1608,21755,185,957,201,1290
24050,99.665,61.662,2.896932,1.97644,0.920491,2.143677,1.990723,0.906209,127.9591,0.809648,0.0,109.4946,0.0,0.984648,0.015352,51200,6551504,1577,22209,209,963,224,1296
24100,99.828,61.765,2.972314,1.973267,0.999048,2.129028,1.981934,0.990381,128.634,0.818906,0.00488,109.6621,7.8e-05,0.98459,0.015332,51200,6586062,1543,22346,214,963,222,1296
24150,99.972,61.844,2.91458,1.987793,0.926787,2.137573,2.000244,0.914335,128.238,0.828691,0.000574,109.4026,0.0,0.986855,0.013145,51200,6565788,1567,21998,225,969,233,1302
24200,100.13,61.941,2.938644,2.019531,0.919112,2.175293,2.043213,0.895431,128.8247,0.802168,0.006085,109.3124,9.8e-05,0.985762,0.014141,51200,6595824,1551,22085,239,976,240,1309
24250,100.27,62.02,3.019539,2.086426,0.933113,2.264038,2.118652,0.900886,128.1175,0.807344,0.0,108.7857,0.0,0.986777,0.013223,51200,6559616,1607,22221,261,977,261,1310
24300,100.479,62.113,3.054022,2.073975,0.980048,2.252686,2.105225,0.948798,128.2215,0.806055,0.0,107.8152,0.0,0.98873,0.01127,51200,6564941,1656,22509,250,978,250,1311
24350,100.634,62.205,3.114806,2.151855,0.962951,2.336304,2.199951,0.914855,133.7597,0.799824,0.043859,108.9032,0.000723,0.982812,0.016465,51200,6848495,1558,23943,226,978,226,1311
24400,100.805,62.296,3.032396,2.100342,0.932054,2.293335,2.136841,0.895555,145.9206,0.798281,0.126064,113.6944,0.002246,0.977891,0.019863,51200,7471133,1595,23452,202,978,202,1311
24450,101.091,62.467,3.071652,2.121704,0.949948,2.306763,2.152344,0.919308,143.3477,0.787246,0.107917,114.8487,0.001895,0.983516,0.01459,51200,7339404,1504,24094,203,978,203,1311
24500,101.254,62.568,3.011995,2.059326,0.952669,2.235718,2.072754,0.939241,143.78,0.766328,0.111585,114.8281,0.001973,0.981172,0.016855,51200,7361536,1609,23417,212,978,212,1311
24550,101.421,62.648,3.01547,2.050537,0.964933,2.220337,2.067749,0.947721,138.1209,0.747891,0.07526,112.8642,0.00123,0.979043,0.019727,51200,7071790,1616,23130,207,981,207,1314
24600,101.698,62.808,2.982432,2.013916,0.968516,2.178955,2.028076,0.954356,136.4562,0.749668,0.062131,112.2048,0.000977,0.982734,0.016289,51200,6986557,1590,22319,218,982,218,1315
24650,101.925,62.967,3.048345,2.070435,0.97791,2.254028,2.089844,0.958501,137.3067,0.760176,0.069368,112.1651,0.001113,0.979727,0.01916,51200,7030101,1545,23448,218,985,218,1318
24700,102.065,63.047,2.925379,2.00061,0.924768,2.164673,2.006104,0.919275,135.6633,0.763184,0.058608,111.9081,0.000938,0.978984,0.020078,51200,6945960,1530,22383,233,989,233,1321
24750,102.229,63.151,2.875756,1.949951,0.925804,2.122314,1.95752,0.918236,137.85,0.776992,0.071798,115.8434,0.00123,0.982734,0.016035,51200,7057919,1594,21781,232,989,232,1321
24800,102.388,63.234,2.973071,2.013428,0.959643,2.198608,2.019653,0.953417,143.4458,0.795605,0.108443,118.9576,0.001934,0.981133,0.016934,51200,7344425,1616,22365,263,994,263,1326
24850,102.609,63.395,2.805107,1.878662,0.926445,2.037598,1.882812,0.922294,151.6144,0.819043,0.1541,128.1716,0.002891,0.987559,0.009551,51200,7762657,1655,19945,283,999,283,1331
24900,102.77,63.474,2.747726,1.843018,0.904709,2.009399,1.845703,0.902023,133.8603,0.813066,0.041299,116.1181,0.000684,0.989512,0.009805,51200,6853647,1602,19819,287,999,287,1331
24950,102.914,63.553,2.684416,1.786987,0.897429,1.945557,1.787964,0.896452,134.314,0.810977,0.044842,113.361,0.000742,0.989199,0.010059,51200,6876879,1521,19210,277,999,277,1331
25000,103.088,63.632,2.634411,1.738037,0.896374,1.89563,1.735107,0.899303,139.9129,0.815996,0.083817,116.5671,0.001426,0.987168,0.011406,51200,7163538,1562,18824,265,999,265,1331
25050,103.259,63.746,2.608379,1.705566,0.902813,1.846436,1.698853,0.909527,128.1419,0.822227,0.000769,113.8985,0.0,0.984805,0.015195,51200,6560867,1571,18436,272,999,272,1331
25100,103.399,63.824,2.635849,1.75354,0.882309,1.899658,1.748047,0.887802,128.112,0.815176,0.0,113.9991,0.0,0.986504,0.013496,51200,6559334,1568,19027,265,1000,265,1331
25150,103.539,63.907,2.680747,1.752808,0.927939,1.907715,1.739136,0.941611,128.1241,0.807676,0.0,113.8515,0.0,0.986016,0.013984,51200,6559956,1482,19377,252,1000,252,1331
25200,103.706,63.988,2.660558,1.729126,0.931432,1.884521,1.717285,0.943273,142.8746,0.824531,0.102864,128.3604,0.001816,0.98625,0.011934,51200,7315181,1669,19087,251,1000,251,1331
25250,103.862,64.085,2.681914,1.759155,0.922759,1.924561,1.753418,0.928496,135.2125,0.820918,0.052562,120.5691,0.000879,0.98543,0.013691,51200,6922881,1596,19403,261,1002,261,1333
25300,104.008,64.163,2.695338,1.772949,0.922388,1.935791,1.765747,0.92959,128.3834,0.815527,0.000113,113.8018,0.0,0.990215,0.009785,51200,6573229,1599,20077,268,1002,268,1333
25350,104.286,64.319,2.77955,1.842407,0.937143,2.01001,1.848389,0.931161,128.2251,0.787754,4.6e-05,112.6656,0.0,0.988008,0.011992,51200,6565127,1511,21140,249,1002,249,1333
25400,104.555,64.506,2.895518,1.952026,0.943492,2.116211,1.96228,0.933238,128.1886,0.783184,0.0,111.0201,0.0,0.986953,0.013047,51200,6563258,1664,22304,250,1003,250,1334
25450,104.705,64.587,2.96021,1.988159,0.97205,2.171997,2.00769,0.952519,128.3844,0.783926,0.0,110.392,0.0,0.990312,0.009688,51200,6573280,1572,22833,255,1003,255,1334
25500,104.931,64.694,2.91924,1.939819,0.979421,2.118652,1.957275,0.961965,128.4469,0.798477,0.0,110.9923,0.0,0.991602,0.008398,51200,6576481,1632,22213,253,1003,253,1334
25550,105.074,64.773,2.906022,1.962158,0.943864,2.135498,1.980469,0.925553,128.5372,0.793262,0.0,111.3209,0.0,0.993281,0.006719,51200,6581105,1599,22254,259,1005,259,1336
25600,105.223,64.856,2.78376,1.870972,0.912788,2.03479,1.879883,0.903877,128.6642,0.811484,0.0,113.3131,0.0,0.994941,0.005059,51200,6587608,1623,20763,268,1006,268,1337
25650,105.446,65.011,2.726533,1.839111,0.887421,1.993164,1.834839,0.891694,133.0219,0.823516,0.034471,118.0511,0.000566,0.991035,0.008398,51200,6810722,1567,20065,291,1006,291,1337
25700,105.588,65.091,2.729759,1.805298,0.924462,1.957764,1.805054,0.924706,128.4981,0.842285,0.0,114.0646,0.0,0.992109,0.007891,51200,6579103,1606,20402,292,1006,292,1337
25750,105.805,65.195,2.697805,1.7854,0.912405,1.946289,1.787354,0.910452,128.5924,0.836797,0.001726,113.629,2e-05,0.989805,0.010176,51200,6583930,1596,20168,296,1009,296,1340
25800,106.029,65.344,2.731177,1.74231,0.988868,1.887695,1.736816,0.994361,128.5904,0.836562,0.0,113.0731,0.0,0.993496,0.006504,51200,6583829,1549,20059,283,1010,283,1341
25850,106.171,65.427,2.660981,1.69812,0.962861,1.85498,1.697266,0.963716,128.7962,0.82627,0.0,113.8253,0.0,0.996602,0.003398,51200,6594363,1566,18692,275,1015,275,1346
25900,106.378,65.505,2.60961,1.709229,0.900382,1.851196,1.700317,0.909293,128.724,0.820977,0.0,114.8902,0.0,0.995605,0.004395,51200,6590671,1568,18790,265,1015,265,1346
25950,106.534,65.6,2.637505,1.690796,0.946709,1.852295,1.692383,0.945122,128.642,0.814688,0.0,114.8018,0.0,0.994336,0.005664,51200,6586468,1590,18735,256,1019,256,1349
26000,106.671,65.677,2.650955,1.699097,0.951858,1.846191,1.689087,0.961868,128.5004,0.809434,0.0,114.4598,0.0,0.992324,0.007676,51200,6579218,1564,18436,257,1028,257,1353
26050,106.865,65.81,2.598527,1.708984,0.889543,1.881714,1.706543,0.891985,128.6007,0.821777,0.0,114.9201,0.0,0.993984,0.006016,51200,6584357,1535,18844,265,1031,265,1356
26100,107.004,65.888,2.649298,1.737915,0.911383,1.905029,1.729126,0.920172,128.7116,0.823867,0.0,115.2249,0.0,0.995312,0.004688,51200,6590033,1665,19118,276,1037,276,1358
26150,107.251,66.074,2.653707,1.731323,0.922383,1.886719,1.713745,0.939962,129.629,0.828887,0.009798,114.4436,0.000156,0.990137,0.009707,51200,6637006,1588,18510,281,1041,281,1362
26200,107.408,66.167,2.620472,1.748535,0.871937,1.906372,1.748291,0.872181,128.3243,0.816875,0.000227,114.1547,0.0,0.989004,0.010996,51200,6570204,1559,18458,290,1042,290,1363
26250,107.588,66.246,2.672952,1.766968,0.905984,1.930542,1.767822,0.90513,128.306,0.822812,0.0,114.2064,0.0,0.98918,0.01082,51200,6569265,1497,19626,302,1046,302,1366
26300,107.87,66.401,2.696191,1.758789,0.937402,1.927979,1.766602,0.929589,133.2354,0.810918,0.038434,114.5003,0.000625,0.986211,0.013164,51200,6821651,1590,19983,282,1047,282,1367
26350,108.007,66.48,2.649029,1.716431,0.932599,1.873779,1.722168,0.926861,128.5112,0.812949,0.0,113.2052,0.0,0.992109,0.007891,51200,6579771,1505,19022,283,1048,284,1367
26400,108.167,66.557,2.69971,1.720215,0.979495,1.878906,1.722778,0.976932,128.5852,0.815312,0.0,113.6443,0.0,0.993574,0.006426,51200,6583561,1612,18890,272,1048,272,1367
26450,108.382,66.706,2.734107,1.742798,0.991309,1.921997,1.759766,0.974342,128.4229,0.830117,0.0,113.5748,0.0,0.991367,0.008633,51200,6575253,1606,19234,266,1048,266,1367
26500,108.525,66.788,2.786988,1.811035,0.975953,1.980347,1.830078,0.95691,128.3607,0.82291,0.0,112.7583,0.0,0.990234,0.009766,51200,6572067,1541,19514,270,1054,270,1373
26550,108.748,66.871,2.845482,1.869141,0.976342,2.053101,1.889893,0.95559,128.401,0.835195,0.0,112.4011,0.0,0.990684,0.009316,51200,6574131,1647,20591,296,1061,296,1380
26600,108.963,67.028,2.845246,1.875,0.970246,2.040405,1.888794,0.956453,128.6345,0.831113,0.0,111.3294,0.0,0.994668,0.005332,51200,6586085,1662,20587,301,1061,301,1380
26650,109.109,67.109,2.818346,1.838867,0.979479,2.000488,1.83313,0.985216,128.5871,0.815801,0.0,111.7115,0.0,0.993652,0.006348,51200,6583658,1564,20453,308,1064,308,1382
26700,109.338,67.223,2.731814,1.773682,0.958133,1.937378,1.77417,0.957645,128.735,0.809316,0.002823,112.5867,3.9e-05,0.989922,0.010039,51200,6591230,1550,19268,317,1068,317,1386
26750,109.625,67.387,2.658439,1.723633,0.934806,1.891113,1.726562,0.931876,128.501,0.819277,0.0,113.8509,0.0,0.991699,0.008301,51200,6579250,1585,18086,319,1070,319,1388
26800,109.901,67.54,2.581038,1.679932,0.901106,1.836548,1.669189,0.911848,128.4672,0.812188,0.0,114.1579,0.0,0.991914,0.008086,51200,6577521,1637,17330,316,1072,316,1390
26850,110.1,67.679,2.485226,1.602539,0.882687,1.754761,1.587036,0.89819,132.9084,0.79166,0.035656,119.3115,0.000586,0.98707,0.012344,51200,6804908,1562,16773,310,1081,310,1399
26900,110.24,67.76,2.566085,1.638916,0.927169,1.790771,1.634155,0.931929,143.8199,0.797246,0.106585,127.9793,0.001895,0.99123,0.006875,51200,7363580,1615,17843,297,1082,297,1400
26950,110.403,67.848,2.601751,1.68396,0.917791,1.838501,1.677734,0.924017,144.607,0.806797,0.110352,128.5296,0.001973,0.993438,0.00459,51200,7403878,1604,18265,283,1084,283,1402
27000,110.568,67.94,2.62717,1.735352,0.891819,1.882935,1.723022,0.904148,142.0708,0.791074,0.09453,125.5873,0.00166,0.993633,0.004707,51200,7274025,1586,18873,264,1085,264,1403
27050,110.832,68.071,2.687618,1.739258,0.94836,1.880005,1.729126,0.958492,128.3313,0.807441,0.0,114.5793,0.0,0.989824,0.010176,51200,6570560,1603,18954,265,1085,265,1403
27100,111.035,68.216,2.530833,1.620361,0.910472,1.771729,1.600098,0.930735,128.2073,0.813867,0.0,115.3218,0.0,0.98793,0.01207,51200,6564216,1538,16752,266,1085,266,1403
27150,111.171,68.294,2.565863,1.606689,0.959174,1.762451,1.595093,0.970771,128.4363,0.826953,0.0,116.7475,0.0,0.990977,0.009023,51200,6575940,1614,16975,281,1085,281,1403
27200,111.422,68.403,2.546312,1.603271,0.943041,1.763794,1.592773,0.953539,128.4142,0.835449,0.0,116.7547,0.0,0.991094,0.008906,51200,6574809,1577,17290,279,1085,279,1403
27250,111.694,68.557,2.491218,1.573242,0.917976,1.723755,1.555054,0.936165,133.8982,0.831562,0.041991,117.9462,0.000645,0.989062,0.010293,51200,6855586,1510,16984,285,1086,285,1404
27300,111.843,68.648,2.440753,1.528076,0.912677,1.664185,1.51001,0.930744,134.3635,0.818516,0.043722,117.9493,0.000723,0.991504,0.007773,51200,6879409,1493,16143,288,1087,288,1405
27350,112.066,68.756,2.460611,1.562622,0.897989,1.706299,1.547974,0.912637,128.4199,0.80793,0.0,116.8473,0.0,0.99123,0.00877,51200,6575100,1601,16100,283,1087,283,1405
27400,112.203,68.835,2.396722,1.528564,0.868158,1.664673,1.512085,0.884637,128.1015,0.820371,0.0,117.2116,0.0,0.986328,0.013672,51200,6558797,1598,15255,282,1087,282,1405
27450,112.361,68.912,2.512734,1.594971,0.917763,1.728882,1.580933,0.931801,128.3955,0.817129,0.003728,116.6805,5.9e-05,0.983535,0.016406,51200,6573848,1564,17127,275,1087,275,1405
27500,112.498,68.99,2.538601,1.628906,0.909695,1.780151,1.610107,0.928493,132.2164,0.820586,0.030664,115.844,0.000488,0.987656,0.011855,51200,6769479,1579,17912,266,1088,266,1406
27550,112.656,69.068,2.631925,1.678223,0.953703,1.842163,1.668701,0.963224,128.5594,0.839395,0.0,115.2156,0.0,0.994277,0.005723,51200,6582242,1553,17872,271,1089,271,1406
27600,112.806,69.15,2.653193,1.721313,0.931879,1.880249,1.723877,0.929316,128.3449,0.840078,0.0,114.4548,0.0,0.990742,0.009258,51200,6571257,1536,18822,280,1101,280,1418
27650,113.01,69.253,2.721785,1.745972,0.975813,1.906494,1.739258,0.982527,129.0878,0.827598,0.003648,114.3501,5.9e-05,0.994844,0.005098,51200,6609294,1487,19522,281,1103,281,1420
27700,113.149,69.333,2.691598,1.713135,0.978463,1.867432,1.707397,0.9842,138.4079,0.818535,0.070316,121.7042,0.001211,0.993223,0.005566,51200,7086482,1614,18344,277,1104,277,1420
27750,113.287,69.412,2.612095,1.653931,0.958164,1.803223,1.648804,0.963291,128.1328,0.841191,0.0,114.0154,0.0,0.986582,0.013418,51200,6560400,1540,17829,283,1106,283,1422
27800,113.427,69.493,2.669504,1.685303,0.984201,1.845947,1.690796,0.978708,130.1354,0.838105,0.015575,115.719,0.000254,0.986133,0.013613,51200,6662932,1573,18709,285,1107,285,1422
27850,113.656,69.604,2.77604,1.781494,0.994546,1.94873,1.795654,0.980386,128.2949,0.816172,0.0,112.9813,0.0,0.989473,0.010527,51200,6568699,1606,19767,281,1110,281,1425
27900,113.837,69.726,2.890396,1.83606,1.054336,2.010254,1.851074,1.039321,142.2618,0.814785,0.099376,126.2079,0.001738,0.986543,0.011719,51200,7283806,1626,20773,282,1112,282,1426
27950,114.054,69.823,2.807459,1.817505,0.989954,1.9823,1.830933,0.976526,141.1586,0.809531,0.088776,124.3451,0.001543,0.993848,0.004609,51200,7227321,1491,20599,261,1115,261,1429
28000,114.197,69.906,2.729225,1.772217,0.957008,1.94043,1.782471,0.946754,143.8205,0.810117,0.109275,127.6229,0.001934,0.986465,0.011602,51200,7363610,1595,19856,257,1119,257,1432
28050,114.357,69.989,2.68569,1.741211,0.944479,1.906494,1.743408,0.942282,143.6515,0.791426,0.108302,127.9349,0.001914,0.98625,0.011836,51200,7354955,1642,18790,253,1119,253,1432
28100,114.517,70.085,2.624623,1.741943,0.88268,1.900391,1.732178,0.892445,141.2788,0.797754,0.092197,126.6947,0.001602,0.988301,0.010098,51200,7233476,1606,19657,229,1120,229,1433
28150,114.754,70.194,2.791426,1.875854,0.915571,2.039551,1.87439,0.917036,143.1232,0.793086,0.10334,126.7237,0.001816,0.989121,0.009062,51200,7327907,1601,21821,229,1129,229,1440
28200,114.906,70.276,2.750454,1.844116,0.906338,2.006104,1.837769,0.912686,146.0355,0.799414,0.122838,128.955,0.002207,0.986777,0.011016,51200,7477017,1550,21154,216,1129,216,1440
28250,115.103,70.357,2.833029,1.922363,0.910666,2.094482,1.923096,0.909934,140.8139,0.804453,0.090161,123.3873,0.001562,0.986367,0.01207,51200,7209672,1560,21002,222,1130,222,1441
28300,115.301,70.486,2.778526,1.795532,0.982994,1.956543,1.803955,0.974571,144.8721,0.827871,0.112865,128.5456,0.002012,0.992324,0.005664,51200,7417451,1566,19504,240,1130,240,1441
28350,115.475,70.573,2.692628,1.775879,0.916749,1.943604,1.775879,0.916749,147.7245,0.829785,0.132313,132.84,0.002402,0.987832,0.009766,51200,7563494,1620,18872,232,1130,232,1441
28400,115.779,70.753,2.663548,1.734741,0.928807,1.885376,1.72998,0.933568,143.442,0.824062,0.107344,128.3294,0.001895,0.985879,0.012227,51200,7344229,1542,18466,259,1130,259,1441
28450,115.932,70.839,2.579048,1.687622,0.891426,1.844604,1.680298,0.89875,128.6625,0.820547,0.00371,115.2451,5.9e-05,0.988027,0.011914,51200,6587520,1547,17793,283,1130,283,1441
28500,116.094,70.938,2.49321,1.550171,0.94304,1.693237,1.534912,0.958298,128.5568,0.838887,0.0,115.7942,0.0,0.992734,0.007266,51200,6582106,1490,15990,319,1137,319,1448
28550,116.232,71.017,2.412567,1.513916,0.898651,1.644409,1.494629,0.917939,128.4308,0.849277,9e-06,116.3127,0.0,0.991016,0.008984,51200,6575659,1612,15921,303,1139,303,1450
28600,116.446,71.11,2.464186,1.51416,0.950026,1.661499,1.504395,0.959792,128.4743,0.857246,0.0,116.4544,0.0,0.991953,0.008047,51200,6577885,1536,15454,302,1144,302,1454
28650,116.688,71.263,2.640923,1.723877,0.917046,1.889893,1.724121,0.916802,128.6019,0.85707,0.0,115.6546,0.0,0.993691,0.006309,51200,6584418,1601,18504,310,1149,310,1458
28700,116.826,71.342,2.76808,1.796387,0.971693,1.965576,1.815552,0.952528,128.5165,0.847812,0.0,112.8139,0.0,0.992598,0.007402,51200,6580043,1615,19887,303,1149,303,1458
28750,117.043,71.427,2.896485,1.869873,1.026611,2.048218,1.900757,0.995728,128.3543,0.827012,0.0,110.6971,0.0,0.990078,0.009922,51200,6571738,1612,20818,290,1149,290,1458
28800,117.269,71.583,2.847482,1.856812,0.99067,2.035767,1.882202,0.96528,128.3784,0.830293,0.0,110.201,0.0,0.990898,0.009102,51200,6572975,1557,19941,293,1156,293,1465
28850,117.428,71.661,2.8,1.799316,1.000684,1.974487,1.818115,0.981885,128.5191,0.831992,0.0,111.1697,0.0,0.993184,0.006816,51200,6580179,1612,19318,298,1156,298,1465
28900,117.726,71.847,2.700231,1.729614,0.970616,1.898193,1.731567,0.968663,128.4235,0.813555,0.0,112.8083,0.0,0.991758,0.008242,51200,6575283,1557,18498,287,1156,287,1465
28950,117.877,71.931,2.578222,1.680298,0.897924,1.836792,1.682251,0.895971,130.2893,0.821562,0.014551,115.1187,0.000234,0.991035,0.00873,51200,6670813,1553,17627,282,1159,282,1466
29000,118.02,72.009,2.564906,1.676392,0.888514,1.821655,1.675293,0.889613,128.1378,0.823301,0.0,114.1965,0.0,0.987676,0.012324,51200,6560654,1580,18070,284,1159,284,1466
29050,118.183,72.109,2.678958,1.72644,0.952517,1.879272,1.72168,0.957278,127.7419,0.817441,0.0,114.2594,0.0,0.98084,0.01916,51200,6540385,1563,18947,288,1159,288,1466
29100,118.421,72.267,2.676151,1.733521,0.942631,1.895386,1.736816,0.939335,127.743,0.820664,0.0,113.5923,0.0,0.980488,0.019512,51200,6540441,1575,18618,290,1160,290,1466
29150,118.557,72.346,2.769751,1.822632,0.94712,1.970459,1.833374,0.936377,128.0325,0.827285,0.0,113.194,0.0,0.98543,0.01457,51200,6555265,1567,19861,291,1160,291,1466
29200,118.805,72.45,2.774528,1.790771,0.983756,1.967896,1.811157,0.96337,129.6586,0.842422,0.011437,113.1251,0.000176,0.987988,0.011836,51200,6638519,1534,19449,295,1160,295,1466
29250,119.081,72.619,2.652229,1.695679,0.95655,1.857178,1.706787,0.945442,135.6296,0.842109,0.055837,118.6687,0.000938,0.985527,0.013535,51200,6944236,1605,17709,298,1160,298,1466
29300,119.222,72.701,2.569379,1.619385,0.949995,1.771729,1.614868,0.954511,144.0272,0.850879,0.110735,125.4928,0.001973,0.985957,0.01207,51200,7374194,1571,16550,335,1168,335,1467
29350,119.368,72.78,2.487567,1.538818,0.948748,1.692139,1.535889,0.951678,140.9539,0.865703,0.089683,123.9635,0.001426,0.988633,0.009941,51200,7216838,1593,15565,344,1170,344,1467
29400,119.515,72.86,2.483814,1.548706,0.935108,1.700928,1.536621,0.947193,133.2333,0.850469,0.035157,119.0718,0.00043,0.991934,0.007637,51200,6821543,1513,15997,352,1178,352,1475
29450,119.651,72.938,2.458506,1.562988,0.895517,1.712036,1.551758,0.906748,128.6551,0.858379,0.0,116.9913,0.0,0.994355,0.005645,51200,6587143,1599,15691,331,1179,331,1476
29500,119.929,73.084,2.477777,1.529907,0.94787,1.671143,1.518921,0.958856,128.4411,0.831797,0.0,116.5013,0.0,0.99082,0.00918,51200,6576186,1664,15955,323,1180,323,1477
29550,120.2,73.237,2.475758,1.569092,0.906666,1.705322,1.556641,0.919118,128.5886,0.806172,0.0,116.2601,0.0,0.993613,0.006387,51200,6583735,1584,16170,318,1181,318,1478
29600,120.346,73.322,2.550218,1.636597,0.913622,1.780518,1.624146,0.926073,128.4842,0.792012,0.0,115.4487,0.0,0.991855,0.008145,51200,6578391,1559,17482,316,1188,316,1485
29650,120.487,73.402,2.699028,1.753296,0.945732,1.907959,1.755005,0.944023,128.4814,0.793887,0.0,113.6693,0.0,0.991914,0.008086,51200,6578249,1602,19769,304,1188,304,1485
29700,120.74,73.524,2.665677,1.722046,0.943631,1.888428,1.7229,0.942777,128.616,0.80002,0.0,113.2584,0.0,0.993848,0.006152,51200,6585137,1623,18928,295,1190,295,1487
29750,120.899,73.622,2.709177,1.761719,0.947459,1.915283,1.765991,0.943186,128.2239,0.798477,0.0,112.7876,0.0,0.988223,0.011777,51200,6565065,1580,18939,291,1190,291,1487
29800,121.039,73.7,2.713454,1.740601,0.972853,1.903931,1.747681,0.965773,128.2321,0.832129,0.0,113.2071,0.0,0.988184,0.011816,51200,6565485,1570,18748,302,1194,302,1491
29850,121.226,73.779,2.730503,1.781494,0.949009,1.953247,1.786499,0.944004,128.3373,0.825977,0.0,113.0617,0.0,0.989766,0.010234,51200,6570871,1572,19683,291,1197,291,1493
29900,121.366,73.856,2.669728,1.696777,0.97295,1.868164,1.696289,0.973439,128.5401,0.827676,0.0,113.5515,0.0,0.993105,0.006895,51200,6581254,1556,18654,289,1199,289,1495
29950,121.616,73.963,2.615288,1.679199,0.936089,1.83728,1.679321,0.935967,134.3896,0.824121,0.045847,119.1584,0.000762,0.987402,0.011836,51200,6880747,1605,18394,292,1201,292,1497
30000,121.883,74.145,2.58496,1.688477,0.896483,1.837402,1.684448,0.900512,142.524,0.797695,0.100927,126.7102,0.001777,0.985527,0.012695,51200,7297231,1588,18046,291,1202,291,1498
30050,122.022,74.225,2.629508,1.671997,0.957511,1.812256,1.65625,0.973258,142.7716,0.803691,0.100703,126.7292,0.001777,0.989805,0.008418,51200,7309907,1555,17876,280,1202,280,1498
30100,122.189,74.305,2.621138,1.730469,0.89067,1.873291,1.724487,0.896651,141.2794,0.815527,0.090605,124.959,0.001582,0.990957,0.007461,51200,7233505,1634,18429,275,1203,275,1499
30150,122.49,74.461,2.6416,1.702515,0.939085,1.855225,1.689819,0.951781,135.2857,0.817617,0.051419,120.0837,0.000859,0.989121,0.01002,51200,6926628,1595,18083,263,1203,263,1499
30200,122.664,74.575,2.641968,1.766113,0.875855,1.912476,1.755127,0.886841,128.4381,0.816074,0.0,114.1422,0.0,0.991641,0.008359,51200,6576032,1581,19056,272,1208,272,1504
30250,122.807,74.654,2.761731,1.829224,0.932507,1.977661,1.829468,0.932263,128.3103,0.819844,0.0,112.8416,0.0,0.989395,0.010605,51200,6569487,1585,19810,285,1211,285,1507
30300,122.952,74.734,2.820725,1.875,0.945725,2.029297,1.884399,0.936325,128.4854,0.801855,0.0,112.2982,0.0,0.991914,0.008086,51200,6578453,1628,21207,292,1211,292,1507
30350,123.105,74.815,2.796398,1.892944,0.903453,2.053467,1.901123,0.895275,128.2308,0.804121,0.0,111.7684,0.0,0.98748,0.01252,51200,6565418,1604,20667,308,1211,308,1507
30400,123.244,74.895,2.816862,1.890747,0.926115,2.055786,1.901489,0.915373,137.3035,0.7925,0.068078,117.6412,0.001152,0.983418,0.01543,51200,7029937,1523,20583,295,1211,295,1507
30450,123.415,75.008,2.787037,1.851562,0.935474,2.014282,1.860229,0.926807,135.5991,0.797578,0.053838,116.6421,0.000898,0.989316,0.009785,51200,6942675,1563,19214,310,1212,310,1508
30500,123.552,75.088,2.859566,1.915405,0.94416,2.082275,1.937134,0.922432,128.1294,0.796523,0.0,112.0303,0.0,0.986777,0.013223,51200,6560226,1569,20422,305,1212,305,1508
30550,123.72,75.198,2.940602,1.987183,0.95342,2.153564,2.008911,0.931691,127.8623,0.790508,0.0,109.6986,0.0,0.982969,0.017031,51200,6546551,1556,21413,307,1212,307,1508
30600,123.862,75.282,2.905303,1.914185,0.991119,2.075073,1.926514,0.97879,127.6149,0.78918,0.0,109.4952,0.0,0.979609,0.020391,51200,6533885,1622,20535,311,1212,311,1508
30650,124.001,75.362,2.897446,1.936157,0.961289,2.101685,1.946289,0.951157,127.0741,0.78,0.0,109.5593,0.0,0.971953,0.028047,51200,6506195,1598,21005,302,1213,302,1509
30700,124.236,75.479,2.960747,1.973633,0.987114,2.160889,1.996826,0.963921,127.4491,0.79498,0.000171,109.8006,0.0,0.977266,0.022734,51200,6525395,1521,21889,305,1220,305,1516
30750,124.441,75.613,2.918636,1.917969,1.000667,2.091553,1.93689,0.981746,127.9548,0.806152,0.0,110.2452,0.0,0.985547,0.014453,51200,6551284,1536,20522,300,1220,300,1516
30800,124.578,75.692,2.941112,1.924561,1.016551,2.103027,1.956665,0.984447,127.8851,0.81457,0.0,110.1342,0.0,0.98584,0.01416,51200,6547717,1578,21020,276,1221,276,1517
30850,124.783,75.776,2.907443,1.918091,0.989352,2.101929,1.935425,0.972018,127.2097,0.813281,0.0,109.555,0.0,0.975879,0.024121,51200,6513137,1532,21318,269,1221,269,1517
30900,124.948,75.875,2.967549,1.927979,1.039571,2.107178,1.962769,1.00478,130.7354,0.799609,0.025511,110.4492,0.00041,0.97877,0.02082,51200,6693655,1599,21714,269,1221,269,1517
30950,125.1,75.957,2.952624,1.964844,0.98778,2.146973,2.001099,0.951525,144.9265,0.787695,0.120572,121.3175,0.002148,0.979258,0.018594,51200,7420236,1572,22086,257,1223,257,1518
31000,125.239,76.036,2.930179,1.957397,0.972781,2.13208,1.970703,0.959475,129.3092,0.79541,0.016058,109.5221,0.000254,0.975078,0.024668,51200,6620633,1626,21859,253,1223,253,1518
31050,125.409,76.146,2.961182,1.9729,0.988282,2.146118,1.986694,0.974488,129.4623,0.786875,0.012344,109.5137,0.000195,0.983828,0.015977,51200,6628470,1651,22259,251,1227,251,1518
31100,125.552,76.227,2.873112,1.903809,0.969303,2.077515,1.91394,0.959171,128.15,0.796406,0.0,109.9666,0.0,0.988379,0.011621,51200,6561278,1509,21015,261,1235,261,1526
31150,125.702,76.316,2.93053,1.908691,1.021838,2.089355,1.930298,1.000232,128.0865,0.824746,0.0,110.7763,0.0,0.987559,0.012441,51200,6558029,1567,20890,268,1239,268,1530
31200,125.924,76.439,2.980075,1.956665,1.02341,2.141113,1.975708,1.004367,128.2029,0.832578,0.0,110.0981,0.0,0.988086,0.011914,51200,6563990,1559,21624,272,1240,272,1531
31250,126.067,76.518,2.833379,1.80957,1.023809,1.988403,1.828979,1.004399,129.6143,0.83832,0.008563,111.7108,0.000137,0.992832,0.007031,51200,6636250,1558,19788,296,1241,296,1532
31300,126.218,76.597,2.688209,1.701782,0.986427,1.850708,1.702637,0.985572,128.5501,0.84332,0.0,113.3965,0.0,0.993457,0.006543,51200,6581766,1516,18017,307,1246,307,1537
31350,126.366,76.678,2.609625,1.691284,0.918341,1.839722,1.687012,0.922613,128.1975,0.839863,0.0,114.2541,0.0,0.98832,0.01168,51200,6563712,1524,18174,300,1253,300,1544
31400,126.52,76.759,2.637519,1.662842,0.974677,1.800049,1.650757,0.986762,128.3759,0.842852,0.0,115.1058,0.0,0.99041,0.00959,51200,6572847,1604,17379,314,1259,314,1550
31450,126.82,76.917,2.534215,1.573975,0.96024,1.730591,1.567627,0.966588,128.0834,0.841328,0.0,115.4795,0.0,0.98625,0.01375,51200,6557869,1549,16474,296,1259,296,1550
31500,126.954,76.995,2.57614,1.627075,0.949065,1.767944,1.61731,0.95883,128.2823,0.832754,0.0,115.9365,0.0,0.989766,0.010234,51200,6568055,1545,17494,316,1260,316,1551
31550,127.095,77.073,2.673105,1.714233,0.958872,1.8573,1.707886,0.965219,128.3205,0.834414,0.0,113.872,0.0,0.990098,0.009902,51200,6570009,1625,18507,302,1260,302,1551
31600,127.274,77.175,2.806577,1.777588,1.028989,1.936523,1.788574,1.018003,128.1039,0.82541,0.0,112.4587,0.0,0.986797,0.013203,51200,6558922,1609,20195,304,1261,304,1551
31650,127.486,77.259,2.883657,1.84729,1.036367,2.010498,1.855591,1.028066,128.1946,0.816836,0.0,111.2252,0.0,0.987695,0.012305,51200,6563564,1519,21223,294,1261,294,1551
31700,127.629,77.338,2.839496,1.875732,0.963764,2.046265,1.881592,0.957904,128.6264,0.81582,0.0,111.3179,0.0,0.994121,0.005879,51200,6585674,1619,21244,272,1262,272,1552
31750,127.845,77.433,2.732104,1.751099,0.981005,1.905762,1.755981,0.976122,128.5913,0.819824,0.0,111.8223,0.0,0.993691,0.006309,51200,6583875,1565,18923,275,1263,275,1553
31800,128.036,77.561,2.75651,1.750366,1.006143,1.909668,1.748169,1.008341,128.5707,0.841133,0.0,112.8744,0.0,0.992988,0.007012,51200,6582818,1549,18887,271,1263,271,1553
31850,128.176,77.642,2.815501,1.791992,1.023509,1.960205,1.810669,1.004832,136.329,0.828496,0.057074,116.2635,0.000957,0.993281,0.005762,51200,6980043,1557,19333,270,1263,270,1553
31900,128.333,77.734,2.821412,1.848755,0.972657,2.017578,1.861816,0.959595,146.7935,0.808301,0.124345,120.9779,0.002246,0.992656,0.005098,51200,7515825,1525,20188,279,1265,279,1555
31950,128.551,77.831,2.830471,1.883301,0.947171,2.055542,1.900024,0.930447,144.8971,0.796758,0.113328,123.7701,0.002031,0.990469,0.0075,51200,7418729,1607,21249,272,1271,272,1561
32000,128.765,77.97,2.68703,1.782593,0.904437,1.937134,1.780029,0.907001,128.3243,0.799453,0.0,112.8571,0.0,0.989941,0.010059,51200,6570205,1523,20073,261,1271,261,1561
32050,128.917,78.054,2.743527,1.789307,0.954221,1.952271,1.786255,0.957272,128.233,0.803477,0.0,113.8331,0.0,0.988359,0.011641,51200,6565529,1618,20667,262,1271,262,1561
32100,129.123,78.182,2.797199,1.873169,0.92403,2.042969,1.880859,0.91634,128.0283,0.791602,0.0,112.9058,0.0,0.984609,0.015391,51200,6555049,1563,21642,270,1282,270,1569
32150,129.261,78.261,2.769012,1.830078,0.938934,1.986816,1.832642,0.93637,131.0121,0.79416,0.021408,115.8065,0.000215,0.986797,0.012988,51200,6707819,1544,21046,264,1284,264,1569
32200,129.521,78.412,2.79905,1.835571,0.963478,2.003784,1.844482,0.954567,128.4704,0.789922,0.0,112.8854,0.0,0.991855,0.008145,51200,6577683,1600,20854,259,1286,259,1571
32250,129.66,78.491,2.727096,1.794067,0.933028,1.948486,1.79248,0.934615,128.4747,0.806758,0.0,113.5619,0.0,0.991758,0.008242,51200,6577907,1523,20176,272,1290,272,1575
32300,129.895,78.598,2.818359,1.889893,0.928466,2.039185,1.878784,0.939574,128.2448,0.786426,0.0,112.6672,0.0,0.988105,0.011895,51200,6566133,1667,21005,282,1290,282,1575
32350,130.114,78.754,2.813694,1.904907,0.908787,2.071777,1.902588,0.911106,128.1298,0.776406,0.0,111.5986,0.0,0.986504,0.013496,51200,6560246,1577,21948,284,1299,284,1584
32400,130.252,78.832,2.791871,1.896118,0.895753,2.073608,1.896362,0.895509,128.3217,0.777676,0.000124,111.0662,0.0,0.989277,0.010723,51200,6570070,1613,22170,270,1299,270,1584
32450,130.497,78.956,2.890846,1.97876,0.912086,2.145996,1.97998,0.910865,134.2191,0.773965,0.042891,116.4128,0.000684,0.991602,0.007715,51200,6872019,1568,22505,259,1299,259,1584
32500,130.758,79.117,2.866096,1.952393,0.913703,2.120483,1.969971,0.896125,129.7083,0.767168,0.010992,112.2048,0.000176,0.988281,0.011543,51200,6641065,1572,21495,261,1299,261,1584
32550,130.901,79.198,2.866878,1.918945,0.947933,2.087769,1.922607,0.944271,127.994,0.789746,0.0,111.2765,0.0,0.984531,0.015469,51200,6553291,1578,21143,262,1301,262,1586
32600,131.047,79.281,2.827922,1.841553,0.986369,2.007202,1.838745,0.989177,142.9329,0.795664,0.104084,119.2344,0.001836,0.984863,0.013301,51200,7318167,1638,19883,265,1308,265,1589
32650,131.235,79.399,2.854408,1.870239,0.984168,2.038086,1.871948,0.98246,143.8416,0.808906,0.108691,119.6888,0.001914,0.987168,0.010918,51200,7364692,1542,20403,263,1308,263,1589
32700,131.398,79.483,2.924346,1.978149,0.946197,2.137207,1.988647,0.935698,143.7442,0.832441,0.106803,118.9309,0.001895,0.989766,0.00834,51200,7359701,1653,21551,289,1308,289,1589
32750,131.541,79.569,2.989672,1.97937,1.010302,2.142212,1.994141,0.995532,145.0456,0.835098,0.114578,117.5145,0.002051,0.990273,0.007676,51200,7426334,1588,21929,296,1310,296,1591
32800,131.715,79.671,2.950928,2.00769,0.943238,2.186768,2.022095,0.928833,141.9626,0.815059,0.094819,115.9496,0.00166,0.991953,0.006387,51200,7268486,1641,21538,305,1312,305,1593
32850,131.852,79.751,2.88592,1.9646,0.921321,2.125244,1.962891,0.923029,128.3084,0.825352,0.0,110.3492,0.0,0.989473,0.010527,51200,6569388,1642,21580,296,1312,296,1593
32900,132.121,79.872,2.839084,1.922363,0.916721,2.070923,1.927856,0.911228,128.1097,0.796367,0.0,110.4987,0.0,0.98627,0.01373,51200,6559217,1563,21324,286,1321,286,1602
32950,132.293,79.983,2.881222,1.943604,0.937619,2.101318,1.951782,0.92944,128.1534,0.76543,0.0,110.219,0.0,0.987656,0.012344,51200,6561454,1572,21642,274,1322,274,1603
33000,132.437,80.062,2.891973,1.951172,0.940801,2.108887,1.962036,0.929937,128.2092,0.751641,0.0,109.4923,0.0,0.988418,0.011582,51200,6564309,1586,21739,269,1325,269,1606
33050,132.577,80.142,2.866919,1.95874,0.908179,2.118164,1.969482,0.897437,128.4302,0.754863,0.000551,110.5312,0.0,0.990723,0.009277,51200,6575624,1596,21298,257,1327,257,1608
33100,132.732,80.239,2.812386,1.915894,0.896493,2.083618,1.928589,0.883797,128.0353,0.763223,0.0,111.4505,0.0,0.985195,0.014805,51200,6555406,1553,20512,227,1327,227,1608
33150,132.874,80.321,2.83792,1.930786,0.907134,2.095825,1.933716,0.904204,128.1301,0.765977,0.001212,111.6438,2e-05,0.984297,0.015684,51200,6560260,1546,21158,226,1327,226,1608
33200,133.098,80.463,2.844339,1.939819,0.90452,2.110962,1.954224,0.890116,128.002,0.776855,0.0,111.2413,0.0,0.984551,0.015449,51200,6553700,1485,21721,226,1327,226,1608
33250,133.233,80.541,2.903092,1.979736,0.923355,2.150269,1.990845,0.912247,128.0866,0.75959,0.0,110.4211,0.0,0.986289,0.013711,51200,6558032,1565,21595,223,1327,225,1608
33300,133.387,80.62,2.880932,1.961304,0.919628,2.122192,1.970825,0.910107,129.2179,0.777012,0.011058,111.2581,0.000176,0.981777,0.018047,51200,6615955,1618,21573,239,1327,240,1608
33350,133.524,80.701,2.943514,1.984497,0.959017,2.140381,1.990479,0.953036,128.2794,0.791562,0.000266,111.191,0.0,0.988809,0.011191,51200,6567906,1537,21871,253,1328,254,1609
33400,133.741,80.855,3.025945,2.026245,0.9997,2.204102,2.036499,0.989446,128.2829,0.790195,0.0,109.7791,0.0,0.989082,0.010918,51200,6568087,1607,22963,253,1328,254,1609
33450,133.882,80.939,3.005157,2.027344,0.977813,2.202515,2.030151,0.975006,129.745,0.798164,0.01206,108.9848,0.000195,0.987617,0.012188,51200,6642945,1557,23008,247,1334,248,1615
33500,134.102,81.026,2.977092,1.999146,0.977946,2.182739,2.018188,0.958903,127.9621,0.768652,0.000289,108.9621,0.0,0.984395,0.015605,51200,6551657,1570,22778,227,1334,228,1615
33550,134.285,81.153,3.075545,2.053223,1.022323,2.248413,2.064209,1.011336,128.1004,0.764941,0.0,108.3261,0.0,0.986523,0.013477,51200,6558743,1501,23746,216,1335,216,1616
33600,134.447,81.233,3.022674,2.052734,0.96994,2.224976,2.074829,0.947845,135.5424,0.76127,0.055056,112.051,0.000918,0.986133,0.012949,51200,6939769,1600,23318,211,1335,211,1616
33650,134.652,81.38,3.085053,2.088013,0.99704,2.273438,2.10498,0.980072,144.9277,0.766816,0.118349,116.9172,0.002109,0.981914,0.015977,51200,7420297,1633,24035,209,1336,209,1617
33700,134.797,81.463,3.174643,2.165527,1.009116,2.352783,2.188843,0.985801,146.2236,0.78084,0.123748,116.1334,0.002227,0.98668,0.011094,51200,7486647,1620,25446,215,1345,215,1626
33750,134.944,81.551,3.174051,2.174927,0.999125,2.367065,2.208618,0.965433,145.6004,0.790469,0.119942,115.531,0.002148,0.987031,0.01082,51200,7454742,1586,24970,219,1347,219,1628
33800,135.201,81.666,3.012209,2.022095,0.990114,2.200439,2.043823,0.968386,153.8291,0.772812,0.166816,118.3194,0.003164,0.986641,0.010195,51200,7876050,1550,22701,220,1347,220,1628
33850,135.372,81.778,2.930395,1.941528,0.988867,2.117432,1.958374,0.972021,141.7888,0.773574,0.09627,111.7349,0.00168,0.986855,0.011465,51200,7259587,1551,21442,247,1347,247,1628
33900,135.541,81.861,2.949026,1.942627,1.006399,2.117432,1.94812,1.000905,143.7096,0.78707,0.108167,112.4148,0.001914,0.987246,0.01084,51200,7357931,1629,21411,253,1348,253,1629
33950,135.766,82.025,2.92305,1.927246,0.995804,2.108032,1.943848,0.979202,146.2799,0.778984,0.124758,112.7235,0.002246,0.985332,0.012422,51200,7489529,1504,21092,266,1357,266,1637
34000,135.911,82.107,2.925051,1.944946,0.980105,2.124756,1.962524,0.962526,144.0547,0.778613,0.111225,112.7932,0.001973,0.985449,0.012578,51200,7375599,1575,21390,278,1357,278,1637
34050,136.089,82.191,2.864996,1.887207,0.977789,2.068115,1.896484,0.968512,148.8734,0.786895,0.140801,113.3633,0.002578,0.983672,0.01375,51200,7622317,1517,20213,281,1357,281,1637
34100,136.256,82.295,2.865533,1.882812,0.982721,2.057007,1.897461,0.968072,133.7484,0.808535,0.041589,112.7662,0.000684,0.987949,0.011367,51200,6847917,1594,20526,294,1358,294,1638
34150,136.474,82.392,2.840587,1.895142,0.945446,2.073853,1.909058,0.93153,142.3624,0.817539,0.100167,120.1348,0.001758,0.986191,0.012051,51200,7288953,1589,20405,288,1358,288,1638
34200,136.661,82.516,2.769266,1.81604,0.953226,1.995728,1.829712,0.939554,144.0839,0.796738,0.11459,126.3299,0.002031,0.978906,0.019062,51200,7377096,1663,19642,274,1358,274,1638
34250,136.886,82.601,2.710882,1.75061,0.960272,1.929321,1.766724,0.944158,144.8075,0.792168,0.116361,130.4811,0.00207,0.984961,0.012969,51200,7414143,1571,18845,275,1359,275,1639
34300,137.057,82.706,2.696739,1.763672,0.933067,1.929932,1.766235,0.930503,143.0377,0.79416,0.106566,128.7052,0.001875,0.983242,0.014883,51200,7323530,1616,19003,272,1368,272,1646
34350,137.227,82.787,2.601347,1.694458,0.906889,1.852173,1.691284,0.910063,144.3092,0.802793,0.112238,122.5548,0.001992,0.986426,0.011582,51200,7388631,1519,17630,271,1369,271,1647
34400,137.369,82.87,2.673689,1.721313,0.952375,1.871338,1.710938,0.962751,161.2521,0.799102,0.205348,129.1502,0.003848,0.985215,0.010938,51200,8256108,1532,18283,272,1369,272,1647
34450,137.585,82.957,2.777389,1.801514,0.975875,1.978516,1.803589,0.9738,165.1218,0.77959,0.223241,130.1665,0.004141,0.987598,0.008262,51200,8454234,1509,20135,263,1370,263,1648
34500,137.767,83.082,2.783247,1.792969,0.990279,1.965332,1.796509,0.986739,160.5569,0.796191,0.201275,126.2485,0.003984,0.985996,0.01002,51200,8220511,1565,20469,251,1373,251,1650
34550,137.906,83.164,2.87792,1.848145,1.029776,2.018799,1.848267,1.029654,152.8804,0.794453,0.16388,124.734,0.003086,0.982539,0.014375,51200,7827478,1621,20832,256,1374,256,1650
34600,138.112,83.314,2.885424,1.860229,1.025194,2.038452,1.869263,1.016161,159.5051,0.790469,0.200067,130.6231,0.003926,0.979414,0.01666,51200,8166659,1509,20870,257,1375,257,1651
34650,138.261,83.404,2.975823,1.96936,1.006463,2.175049,1.985352,0.990471,163.7476,0.810312,0.221068,134.0195,0.004453,0.977949,0.017598,51200,8383878,1577,22100,255,1375,255,1651
34700,138.416,83.5,3.010564,2.011597,0.998968,2.198486,2.018433,0.992132,180.4377,0.840098,0.292915,144.0374,0.006504,0.979297,0.014199,51200,9238412,1631,22222,251,1375,251,1651
34750,138.625,83.596,3.058124,2.030518,1.027606,2.223877,2.046753,1.011371,167.4011,0.83959,0.236158,136.8932,0.004863,0.982637,0.0125,51200,8570935,1586,22985,261,1376,261,1652
34800,138.777,83.681,3.185962,2.133179,1.052783,2.35083,2.170898,1.015063,153.4229,0.80418,0.167594,128.5025,0.003164,0.980723,0.016113,51200,7855255,1547,24540,268,1380,268,1656
34850,138.916,83.764,3.176733,2.095093,1.08164,2.305908,2.128174,1.048559,141.2513,0.828496,0.094402,118.3827,0.001641,0.98375,0.014609,51200,7232066,1587,23633,257,1383,257,1659
34900,139.16,83.941,3.033056,2.004639,1.028418,2.195068,2.022095,1.010962,128.0,0.824746,0.0,107.136,0.0,0.985117,0.014883,51200,6553600,1574,22267,246,1385,246,1661
34950,139.297,84.02,3.021709,1.978516,1.043193,2.176025,1.996826,1.024882,127.9004,0.810723,0.0,108.5961,0.0,0.98375,0.01625,51200,6548502,1522,22366,240,1385,240,1661
35000,139.459,84.099,3.025981,1.994019,1.031962,2.176392,2.005005,1.020976,128.1054,0.800469,0.0,108.5202,0.0,0.986484,0.013516,51200,6558999,1559,22219,231,1385,231,1661
35050,139.595,84.178,2.929021,1.941895,0.987127,2.115356,1.952637,0.976385,128.1263,0.801641,0.00015,109.6194,0.0,0.986035,0.013965,51200,6560066,1594,21078,259,1386,259,1662
35100,139.738,84.257,2.844714,1.837646,1.007068,1.981201,1.839722,1.004993,128.325,0.824883,0.0,110.7223,0.0,0.989492,0.010508,51200,6570240,1559,19687,279,1387,279,1663
35150,140.022,84.437,2.856584,1.877197,0.979387,2.027466,1.874756,0.981828,128.6216,0.828691,0.0,110.9842,0.0,0.993906,0.006094,51200,6585427,1545,20014,283,1387,283,1663
35200,140.158,84.516,2.904591,1.894897,1.009694,2.062134,1.895752,1.008839,128.5867,0.813594,0.000797,110.9319,0.0,0.992441,0.007559,51200,6583637,1576,20725,299,1387,299,1663
35250,140.341,84.595,2.820254,1.8396,0.980654,1.998047,1.841064,0.97919,128.9916,0.817188,0.003084,110.8338,3.9e-05,0.993691,0.00627,51200,6604370,1603,19967,310,1387,310,1663
35300,140.56,84.757,2.882673,1.897583,0.98509,2.05249,1.889771,0.992903,128.6568,0.813652,0.0,111.1854,0.0,0.994473,0.005527,51200,6587228,1578,21385,299,1387,299,1663
35350,140.699,84.838,2.899948,1.934448,0.9655,2.097534,1.928955,0.970993,130.0054,0.81584,0.012121,110.896,0.000195,0.991172,0.008633,51200,6656275,1603,21755,285,1387,285,1663
35400,140.844,84.924,2.818225,1.846802,0.971424,2.007812,1.847412,0.970813,141.9877,0.827188,0.093226,118.4236,0.001641,0.994492,0.003867,51200,7269768,1577,20800,276,1387,276,1663
35450,141.154,85.081,2.811451,1.806885,1.004567,1.970581,1.807739,1.003712,143.3914,0.81373,0.102211,119.7704,0.001816,0.994023,0.00416,51200,7341641,1557,19549,280,1391,280,1664
35500,141.326,85.192,2.801281,1.812866,0.988415,1.980591,1.815918,0.985363,145.3595,0.81541,0.117078,120.0491,0.002109,0.987832,0.010059,51200,7442408,1576,19349,278,1394,278,1667
35550,141.498,85.289,2.863621,1.875854,0.987767,2.036255,1.873779,0.989842,146.8427,0.809043,0.127849,121.2346,0.002324,0.98457,0.013105,51200,7518344,1548,20794,268,1394,268,1667
35600,141.708,85.435,2.787612,1.848267,0.939345,2.003906,1.848633,0.938979,145.8296,0.815566,0.123238,119.2364,0.002227,0.980762,0.017012,51200,7466475,1575,20133,270,1400,270,1673
35650,141.857,85.527,2.792648,1.821289,0.971359,1.982666,1.811157,0.981491,142.4709,0.811543,0.102216,118.3859,0.001797,0.981504,0.016699,51200,7294508,1559,19766,275,1400,275,1673
35700,142.075,85.647,2.833956,1.867065,0.966891,2.027344,1.88208,0.951876,127.7881,0.807207,0.0,111.0932,0.0,0.981523,0.018477,51200,6542751,1569,20667,268,1400,268,1673
35750,142.211,85.726,2.81503,1.843994,0.971036,2.004028,1.851562,0.963468,130.5213,0.796152,0.018215,114.0983,0.000293,0.986797,0.01291,51200,6682692,1533,20077,271,1400,271,1673
35800,142.35,85.807,2.849983,1.900024,0.949959,2.057495,1.903809,0.946174,145.9505,0.785664,0.124175,125.2779,0.002109,0.980703,0.017188,51200,7472667,1551,21025,273,1400,273,1673
35850,142.502,85.902,2.871966,1.916016,0.95595,2.088013,1.931396,0.940569,127.8899,0.780508,0.0,111.6666,0.0,0.982559,0.017441,51200,6547962,1607,20774,259,1402,259,1675
35900,142.678,86.02,2.68747,1.752808,0.934662,1.915894,1.757324,0.930146,128.292,0.817285,0.0,113.0867,0.0,0.988887,0.011113,51200,6568549,1560,18458,260,1402,260,1675
35950,142.818,86.097,2.685014,1.723022,0.961991,1.863403,1.716431,0.968583,128.6074,0.83084,0.0,114.9716,0.0,0.993789,0.006211,51200,6584699,1589,18624,267,1402,267,1675
36000,143.012,86.229,2.788768,1.789307,0.999462,1.956421,1.794067,0.994701,128.6113,0.81541,0.0,114.7353,0.0,0.993945,0.006055,51200,6584896,1544,19878,282,1402,282,1675
36050,143.152,86.307,2.726959,1.780884,0.946075,1.947632,1.76709,0.959869,128.3038,0.813945,0.0,113.5229,0.0,0.988848,0.011152,51200,6569153,1623,19612,277,1402,277,1675
36100,143.346,86.437,2.832554,1.861694,0.97086,2.020996,1.861816,0.970738,128.4625,0.81375,0.002882,113.2783,3.9e-05,0.985547,0.014414,51200,6577279,1549,20381,306,1405,306,1678
36150,143.541,86.518,2.92676,1.925049,1.001711,2.093994,1.924194,1.002565,128.5791,0.814121,0.002469,111.9463,3.9e-05,0.988711,0.01125,51200,6583252,1559,21169,322,1410,322,1683
36200,143.691,86.61,2.784371,1.815796,0.968575,1.977783,1.823853,0.960519,135.126,0.832637,0.049352,112.8021,0.00082,0.991465,0.007715,51200,6918451,1532,19108,328,1410,328,1683
36250,143.894,86.7,2.716393,1.771484,0.944909,1.934692,1.770508,0.945885,150.822,0.810078,0.148362,115.1258,0.002754,0.990996,0.00625,51200,7722084,1526,18624,323,1410,323,1683
36300,144.121,86.859,2.735341,1.768433,0.966908,1.938354,1.763672,0.971669,137.524,0.797031,0.066885,115.4118,0.001133,0.989336,0.009531,51200,7041231,1516,19002,316,1410,316,1683
36350,144.258,86.94,2.771227,1.754883,1.016344,1.921509,1.751953,1.019274,142.4036,0.802715,0.097893,115.3431,0.001719,0.99127,0.007012,51200,7291062,1520,18421,312,1412,312,1685
36400,144.409,87.028,2.637373,1.685059,0.952314,1.85437,1.672729,0.964643,146.7638,0.814844,0.124265,115.1044,0.002246,0.992207,0.005547,51200,7514308,1561,17147,314,1412,314,1685
36450,144.607,87.111,2.697802,1.734741,0.963061,1.892944,1.730835,0.966967,134.566,0.82584,0.044925,115.5142,0.000723,0.992441,0.006836,51200,6889781,1600,18468,298,1412,298,1685
36500,144.78,87.228,2.716711,1.759155,0.957556,1.928711,1.758545,0.958166,128.0963,0.794727,0.0,112.6006,0.0,0.985859,0.014141,51200,6558530,1566,19063,293,1414,293,1687
36550,144.916,87.306,2.75522,1.847778,0.907442,2.008911,1.845215,0.910005,128.5098,0.793398,0.0,113.1414,0.0,0.992207,0.007793,51200,6579702,1573,20684,267,1414,267,1687
36600,145.057,87.387,2.973984,2.032837,0.941147,2.19458,2.054077,0.919907,129.8021,0.791504,0.010994,111.4634,0.000176,0.990879,0.008945,51200,6645868,1549,23926,229,1414,229,1687
36650,145.226,87.468,3.06202,2.068237,0.993782,2.226318,2.094116,0.967903,128.7818,0.765273,0.005388,107.2556,0.0,0.98582,0.01418,51200,6593629,1579,23806,223,1417,223,1690
36700,145.366,87.549,2.991368,2.011475,0.979894,2.176025,2.031616,0.959752,140.2011,0.765,0.085525,118.8154,0.00123,0.987676,0.011094,51200,7178297,1608,23209,213,1425,213,1698
36750,145.552,87.63,3.009762,2.057617,0.952145,2.217407,2.078735,0.931026,128.4521,0.765547,0.0,108.6653,0.0,0.991289,0.008711,51200,6576750,1570,23629,201,1425,201,1698
36800,145.848,87.797,2.933016,2.027832,0.905184,2.185791,2.042358,0.890658,128.6515,0.747793,0.0,109.4979,0.0,0.994258,0.005742,51200,6586959,1582,22502,211,1427,211,1700
36850,146.007,87.9,3.010532,2.031128,0.979404,2.19043,2.052612,0.957919,128.5859,0.74916,0.0,108.8937,0.0,0.993848,0.006152,51200,6583596,1472,22577,217,1429,217,1701
36900,146.218,87.979,3.044921,2.107178,0.937744,2.264893,2.120605,0.924316,128.768,0.762754,0.002473,109.245,3.9e-05,0.991523,0.008438,51200,6592921,1634,24334,240,1430,240,1702
36950,146.379,88.061,3.044584,2.137695,0.906889,2.287476,2.155762,0.888822,142.8583,0.773789,0.104353,119.2967,0.001836,0.984785,0.013379,51200,7314347,1555,24230,248,1430,248,1702
37000,146.687,88.227,3.053304,2.111572,0.941732,2.276855,2.127686,0.925618,150.1539,0.764375,0.151269,124.7168,0.002793,0.978047,0.01916,51200,7687880,1567,23571,275,1431,275,1703
37050,146.954,88.399,2.908611,1.987671,0.92094,2.157837,1.984985,0.923625,134.5806,0.777148,0.053136,116.1208,0.000879,0.976094,0.023027,51200,6890525,1529,21913,273,1431,273,1703
37100,147.089,88.477,2.889427,1.959839,0.929588,2.12561,1.95105,0.938377,127.6223,0.782773,0.0,109.467,0.0,0.97957,0.02043,51200,6534261,1517,22143,254,1431,254,1703
37150,147.269,88.555,2.83587,1.917236,0.918634,2.08606,1.916626,0.919244,127.8447,0.785801,0.0,110.5684,0.0,0.982949,0.017051,51200,6545650,1559,21133,264,1438,264,1710
37200,147.459,88.688,2.898744,1.964478,0.934266,2.130859,1.960083,0.938661,131.4246,0.783242,0.029014,112.8731,0.000469,0.979434,0.020098,51200,6728938,1582,22715,262,1440,262,1712
37250,147.617,88.771,2.930971,1.994995,0.935976,2.158691,2.006592,0.924379,143.9329,0.772461,0.111282,118.6817,0.001973,0.985156,0.012871,51200,7369366,1541,23400,211,1443,211,1715
37300,147.847,88.915,3.032463,2.052856,0.979606,2.213623,2.075684,0.956779,140.47,0.771621,0.090442,115.5734,0.001562,0.983184,0.015254,51200,7192063,1607,24125,206,1443,206,1715
37350,147.987,88.998,2.935022,2.00061,0.934412,2.170288,2.008789,0.926233,145.8134,0.751094,0.12411,116.6234,0.002227,0.981992,0.015781,51200,7465645,1540,23220,205,1447,205,1719
37400,148.193,89.078,2.910582,2.000732,0.909849,2.172729,2.006348,0.904234,142.7399,0.72998,0.104472,114.3875,0.001836,0.98293,0.015234,51200,7308283,1613,22631,196,1448,196,1720
37450,148.478,89.243,2.83159,1.947998,0.883592,2.114868,1.953369,0.878221,146.6304,0.719316,0.130792,117.3192,0.002363,0.978203,0.019434,51200,7507476,1600,21847,193,1448,193,1720
37500,148.622,89.326,2.797242,1.923828,0.873414,2.10144,1.938354,0.858888,138.1674,0.739102,0.079073,114.9693,0.001348,0.974824,0.023828,51200,7074171,1515,22159,177,1453,177,1725
37550,148.81,89.403,2.918995,1.998047,0.920948,2.167358,2.000732,0.918262,128.2712,0.728867,0.006101,110.4578,9.8e-05,0.978105,0.021797,51200,6567486,1536,22225,184,1453,184,1725
37600,149.058,89.559,2.846637,1.939575,0.907062,2.114014,1.948364,0.898273,131.0274,0.754473,0.025084,112.5003,0.00041,0.980098,0.019492,51200,6708601,1540,21203,186,1454,186,1726
37650,149.199,89.638,2.925025,2.002319,0.922706,2.182495,2.021362,0.903663,128.2162,0.776113,0.0,110.5633,0.0,0.987578,0.012422,51200,6564669,1623,22068,198,1460,198,1732
37700,149.348,89.717,2.96663,1.973877,0.992753,2.151978,1.994019,0.972612,128.3077,0.786387,1.1e-05,109.3215,0.0,0.988809,0.011191,51200,6569353,1538,22073,193,1460,193,1732
37750,149.546,89.855,2.944415,1.972412,0.972003,2.155518,1.998901,0.945514,129.4841,0.769473,0.011032,109.8224,0.000176,0.985039,0.014785,51200,6629587,1544,21464,190,1460,190,1732
37800,149.69,89.934,2.971126,1.971558,0.999569,2.151855,1.996826,0.9743,137.5394,0.760098,0.070404,112.5567,0.001191,0.98248,0.016328,51200,7042018,1534,21585,231,1460,231,1732
37850,149.885,90.047,3.035094,2.078369,0.956725,2.279907,2.10791,0.927184,128.5992,0.752891,0.00618,109.403,9.8e-05,0.982285,0.017617,51200,6584281,1625,23773,228,1462,228,1733
37900,150.029,90.134,3.109775,2.104614,1.005161,2.299561,2.135498,0.974277,135.9127,0.744824,0.061618,111.0307,0.001035,0.977246,0.021719,51200,6958730,1604,23444,222,1462,222,1733
37950,150.317,90.297,3.132096,2.129761,1.002335,2.322998,2.156494,0.975602,127.6244,0.765254,0.002467,107.3031,3.9e-05,0.975234,0.024727,51200,6534369,1510,23542,229,1462,229,1733
38000,150.642,90.459,3.241359,2.252808,0.988552,2.425415,2.271118,0.970241,142.8364,0.765605,0.107884,115.7264,0.001914,0.975195,0.022891,51200,7313226,1564,25183,240,1462,240,1733
38050,150.816,90.57,3.236893,2.208862,1.028031,2.392334,2.240967,0.995926,127.8726,0.768906,0.003771,105.7821,5.9e-05,0.97623,0.023711,51200,6547078,1583,25469,218,1462,218,1733
38100,150.958,90.651,3.214045,2.194336,1.019709,2.366821,2.231689,0.982355,129.7912,0.77041,0.017142,106.0368,0.000273,0.978848,0.020879,51200,6645312,1547,25476,218,1465,218,1736
38150,151.101,90.736,3.125173,2.080078,1.045095,2.265015,2.101562,1.023611,138.4312,0.785176,0.075499,107.8069,0.001289,0.985098,0.013613,51200,7087677,1503,23359,220,1465,220,1736
38200,151.309,90.825,3.210154,2.148438,1.061717,2.328003,2.184082,1.026072,141.7344,0.783047,0.099368,108.8631,0.001738,0.978594,0.019668,51200,7256799,1630,24780,223,1466,223,1737
38250,151.48,90.928,3.118695,2.111206,1.007489,2.307007,2.147827,0.970868,130.9614,0.796465,0.02416,106.9518,0.000391,0.981582,0.018027,51200,6705224,1555,24120,245,1471,245,1742
38300,151.722,91.094,3.029346,2.054077,0.975269,2.242798,2.065674,0.963672,142.9999,0.812715,0.106472,118.5225,0.001875,0.981387,0.016738,51200,7321597,1578,23600,236,1472,237,1743
38350,151.868,91.181,2.859546,1.890625,0.968921,2.066528,1.906128,0.953418,145.7146,0.791797,0.121939,122.1267,0.002188,0.984141,0.013672,51200,7460586,1512,20962,261,1473,262,1744
38400,152.03,91.263,2.794929,1.846924,0.948006,2.0177,1.842651,0.952278,141.0381,0.795977,0.091081,121.4845,0.001582,0.987812,0.010605,51200,7221150,1625,19379,280,1473,281,1744
38450,152.169,91.343,2.853513,1.87439,0.979123,2.053955,1.896606,0.956906,128.4199,0.80873,0.0,111.9951,0.0,0.990918,0.009082,51200,6575099,1539,19853,303,1475,303,1746
38500,152.327,91.423,2.864858,1.892212,0.972647,2.07019,1.90271,0.962148,129.7708,0.800703,0.009746,112.4179,0.000156,0.991797,0.008047,51200,6644263,1593,20384,296,1475,296,1746
38550,152.525,91.546,2.85226,1.888184,0.964077,2.045776,1.887207,0.965053,142.4625,0.796445,0.100042,120.0994,0.001738,0.986895,0.011367,51200,7294078,1572,20073,299,1476,299,1746
38600,152.688,91.632,2.72972,1.765991,0.963729,1.928589,1.762207,0.967513,135.7096,0.804395,0.056085,116.3746,0.000918,0.985957,0.013125,51200,6948329,1616,18714,300,1477,300,1747
38650,152.973,91.802,2.703243,1.771606,0.931636,1.937256,1.772583,0.93066,128.1466,0.799414,0.0,112.4201,0.0,0.986699,0.013301,51200,6561108,1502,18414,304,1481,304,1751
38700,153.124,91.891,2.689383,1.754028,0.935355,1.919922,1.747803,0.94158,128.262,0.819746,0.0,113.5814,0.0,0.988965,0.011035,51200,6567013,1648,18292,321,1487,321,1757
38750,153.354,92.04,2.631836,1.684814,0.947021,1.84436,1.673462,0.958374,128.4604,0.850527,0.0,114.8868,0.0,0.991758,0.008242,51200,6577175,1576,16891,310,1488,310,1758
38800,153.501,92.126,2.559945,1.612671,0.947274,1.757324,1.594971,0.964975,128.5133,0.841875,0.0,116.0022,0.0,0.992188,0.007812,51200,6579883,1593,16363,322,1489,322,1759
38850,153.647,92.204,2.395413,1.513672,0.881741,1.650879,1.494141,0.901272,128.3371,0.823301,0.0,116.6286,0.0,0.989219,0.010781,51200,6570857,1504,14982,337,1499,337,1769
38900,153.797,92.289,2.457081,1.541504,0.915577,1.671631,1.516357,0.940724,128.2503,0.815254,0.0,117.2812,0.0,0.988398,0.011602,51200,6566415,1532,15368,342,1501,342,1771
38950,153.98,92.409,2.55915,1.592163,0.966987,1.748901,1.581177,0.977973,128.4152,0.825566,0.001399,116.5105,0.0,0.988594,0.011406,51200,6574859,1572,16751,350,1502,350,1772
39000,154.117,92.488,2.442848,1.50354,0.939308,1.650024,1.488892,0.953956,129.7837,0.829453,0.012314,117.5862,0.0,0.987773,0.012227,51200,6644924,1522,15314,336,1509,336,1779
39050,154.337,92.62,2.653017,1.657837,0.99518,1.824585,1.660156,0.992861,132.1504,0.833164,0.025172,117.3811,0.00041,0.997148,0.002441,51200,6766100,1567,17168,312,1509,312,1779
39100,154.477,92.701,2.695274,1.740112,0.955162,1.894653,1.739136,0.956138,130.4251,0.853066,0.015882,115.6361,0.000254,0.99127,0.008477,51200,6677763,1579,18435,317,1510,317,1779
39150,154.624,92.78,2.798926,1.817749,0.981177,1.988281,1.81665,0.982276,128.1141,0.839746,0.0,112.8703,0.0,0.986191,0.013809,51200,6559444,1649,20149,287,1516,287,1785
39200,154.843,92.875,2.954025,1.941162,1.012862,2.105469,1.958862,0.995162,129.5234,0.824434,0.013504,110.9033,0.000215,0.980957,0.018828,51200,6631599,1657,21554,299,1523,299,1792
39250,155.012,92.986,2.90084,1.926514,0.974326,2.102417,1.946777,0.954063,128.5181,0.817402,0.0,110.0547,0.0,0.992207,0.007793,51200,6580127,1498,20666,295,1523,295,1792
39300,155.217,93.074,2.849874,1.854126,0.995748,2.020142,1.856934,0.99294,128.4979,0.803828,0.0,110.921,0.0,0.99209,0.00791,51200,6579090,1588,20141,283,1524,283,1793
39350,155.496,93.241,2.92676,1.913086,1.013674,2.07605,1.915771,1.010988,128.6396,0.790254,0.0,111.2779,0.0,0.994531,0.005469,51200,6586349,1582,21247,271,1528,271,1797
39400,155.638,93.321,2.889962,1.900269,0.989693,2.060791,1.905518,0.984444,128.5892,0.79084,0.0,110.8669,0.0,0.993652,0.006348,51200,6583769,1568,20439,266,1528,266,1797
39450,155.863,93.416,2.856515,1.896973,0.959542,2.06958,1.900879,0.955636,128.2265,0.813242,0.0,111.4176,0.0,0.987598,0.012402,51200,6565199,1566,20614,291,1528,291,1797
39500,156.075,93.563,2.786172,1.834961,0.951211,2.007935,1.846069,0.940103,128.1279,0.825391,0.0,111.5642,0.0,0.986484,0.013516,51200,6560149,1534,20170,294,1529,294,1798
39550,156.209,93.641,2.764163,1.729736,1.034426,1.892822,1.740967,1.023196,128.4724,0.825488,0.0,113.2776,0.0,0.991387,0.008613,51200,6577788,1547,18772,291,1529,291,1798
39600,156.358,93.733,2.655854,1.697632,0.958222,1.859741,1.688354,0.9675,135.5692,0.828438,0.0535,120.6935,0.000879,0.989375,0.009746,51200,6941142,1593,18075,276,1531,276,1800
39650,156.545,93.815,2.685286,1.726074,0.959212,1.891846,1.715332,0.969954,147.2802,0.805488,0.131599,128.7459,0.002383,0.982734,0.014883,51200,7540747,1607,18784,286,1532,286,1801
39700,156.705,93.919,2.651051,1.70166,0.949391,1.871582,1.692505,0.958546,130.3311,0.792891,0.02119,114.749,0.000332,0.978047,0.021621,51200,6672950,1596,18393,247,1534,247,1803
39750,156.843,94.0,2.657218,1.740356,0.916861,1.902954,1.725952,0.931266,127.9604,0.789023,0.0,113.6824,0.0,0.984023,0.015977,51200,6551571,1564,18651,241,1534,241,1803
39800,157.069,94.135,2.792223,1.806396,0.985826,1.985962,1.816406,0.975817,135.45,0.80873,0.053896,113.9376,0.000898,0.986875,0.012227,51200,6935042,1607,20350,240,1536,240,1805
39850,157.208,94.217,2.855259,1.903442,0.951817,2.077393,1.905762,0.949497,151.0085,0.803164,0.153,113.6045,0.002852,0.982715,0.014434,51200,7731636,1531,20967,249,1540,249,1809
39900,157.37,94.297,2.746685,1.739624,1.007061,1.904663,1.754517,0.992168,144.8857,0.820332,0.118358,116.4252,0.002109,0.980059,0.017832,51200,7418150,1516,18944,261,1540,261,1809
39950,157.51,94.38,2.69109,1.718994,0.972096,1.875977,1.717651,0.973438,145.6684,0.817812,0.123472,121.1781,0.002207,0.979375,0.018418,51200,7458220,1557,18079,275,1540,275,1809
40000,157.678,94.461,2.769648,1.763672,1.005976,1.931641,1.768921,1.000727,149.7367,0.828125,0.14852,123.0287,0.002734,0.977637,0.019629,51200,7666520,1594,19058,312,1540,312,1809
40050,157.895,94.621,2.854478,1.824097,1.030381,1.99707,1.845947,1.00853,146.6914,0.82875,0.129965,121.0602,0.002344,0.979961,0.017695,51200,7510601,1617,20344,325,1541,325,1810
40100,158.052,94.721,2.859447,1.806519,1.052929,1.985474,1.820435,1.039013,159.2591,0.830918,0.197998,123.5211,0.003887,0.980898,0.015215,51200,8154066,1529,19796,333,1543,333,1812
40150,158.266,94.823,2.75369,1.742065,1.011624,1.922607,1.74585,1.00784,175.0692,0.837344,0.27148,127.6683,0.005859,0.977148,0.016992,51200,8963541,1487,18275,341,1544,341,1813
40200,158.567,94.99,2.865771,1.814331,1.05144,2.010864,1.843506,1.022265,167.1884,0.856816,0.23205,126.574,0.004785,0.98959,0.005625,51200,8560046,1605,19836,330,1545,330,1814
40250,158.736,95.104,2.867893,1.777466,1.090427,1.959351,1.786499,1.081394,157.9394,0.864941,0.186492,122.3099,0.003633,0.991504,0.004863,51200,8086495,1603,19900,312,1547,312,1816
40300,158.881,95.191,2.75892,1.706787,1.052133,1.859131,1.701172,1.057748,151.1587,0.852324,0.149737,119.6847,0.002793,0.991758,0.005449,51200,7739323,1568,17749,324,1554,324,1823
40350,159.015,95.269,2.609062,1.60791,1.001152,1.767334,1.603882,1.00518,129.7437,0.852949,0.00853,114.6995,0.000137,0.994316,0.005547,51200,6642879,1585,16940,310,1557,310,1826
40400,159.208,95.404,2.549802,1.562622,0.98718,1.716919,1.558594,0.991209,128.424,0.853281,0.0,115.8405,0.0,0.991133,0.008867,51200,6575311,1536,15848,296,1558,296,1827
40450,159.348,95.481,2.622694,1.641602,0.981092,1.797607,1.645752,0.976942,128.5339,0.853965,0.0,115.4307,0.0,0.9925,0.0075,51200,6580936,1566,17045,296,1558,296,1827
40500,159.585,95.635,2.595424,1.622681,0.972743,1.769287,1.625488,0.969935,128.4319,0.854824,0.0,114.9527,0.0,0.991191,0.008809,51200,6575712,1658,16770,301,1558,301,1827
40550,159.719,95.712,2.623552,1.657349,0.966204,1.815552,1.665039,0.958513,128.1956,0.833516,0.0,114.5238,0.0,0.987676,0.012324,51200,6563616,1596,17499,313,1559,313,1828
40600,159.87,95.791,2.59239,1.632935,0.959455,1.781128,1.619873,0.972517,128.4878,0.818125,0.002177,114.5487,2e-05,0.987324,0.012656,51200,6578577,1660,16956,300,1559,300,1828
40650,160.038,95.896,2.590453,1.596558,0.993895,1.745239,1.582397,1.008055,128.3497,0.827598,0.0,115.1377,0.0,0.989883,0.010117,51200,6571507,1584,16623,308,1559,308,1828
40700,160.18,95.974,2.546764,1.57666,0.970104,1.722168,1.569946,0.976818,128.2575,0.840703,0.0,116.2138,0.0,0.988906,0.011094,51200,6566785,1545,15949,327,1566,327,1835
40750,160.352,96.051,2.572045,1.610596,0.961449,1.759644,1.600708,0.971337,128.3352,0.860723,0.0,116.2204,0.0,0.989531,0.010469,51200,6570760,1587,16121,328,1568,328,1837
40800,160.619,96.207,2.675742,1.675049,1.000693,1.840332,1.668945,1.006797,127.8554,0.848438,0.0,114.7793,0.0,0.982266,0.017734,51200,6546196,1628,17995,320,1568,320,1837
40850,160.767,96.293,2.514426,1.604126,0.9103,1.761475,1.595825,0.918601,128.0349,0.839336,0.0,114.7868,0.0,0.984824,0.015176,51200,6555386,1519,17347,298,1568,298,1837
40900,160.985,96.381,2.618811,1.65625,0.962561,1.806763,1.646729,0.972083,128.4145,0.820859,0.0,114.524,0.0,0.990918,0.009082,51200,6574821,1585,18132,288,1571,288,1839
40950,161.147,96.478,2.705356,1.770874,0.934482,1.925049,1.756226,0.94913,128.2073,0.772109,0.0,113.3528,0.0,0.987988,0.012012,51200,6564215,1620,19566,270,1576,270,1839
41000,161.283,96.556,2.76624,1.82666,0.93958,1.992188,1.831665,0.934575,128.3769,0.767734,0.0,112.5724,0.0,0.990273,0.009727,51200,6572895,1547,20460,252,1578,252,1840
41050,161.532,96.728,2.80974,1.89856,0.91118,2.068848,1.914795,0.894945,128.8984,0.771992,0.0,111.7882,0.0,0.998613,0.001387,51200,6599600,1507,21248,245,1579,245,1841
41100,161.674,96.808,2.823525,1.871948,0.951577,2.036743,1.873535,0.94999,128.5963,0.777402,0.0,111.3991,0.0,0.993867,0.006133,51200,6584132,1536,20875,266,1583,266,1845
41150,161.873,96.887,2.876034,1.876343,0.999691,2.052002,1.894287,0.981747,129.4047,0.785137,0.007255,112.7437,0.000117,0.991367,0.008516,51200,6625520,1550,20867,268,1584,268,1846
41200,162.112,97.047,2.870669,1.922729,0.947939,2.101318,1.939087,0.931582,137.8688,0.794648,0.068084,119.3385,0.001172,0.990293,0.008535,51200,7058880,1590,21476,264,1584,264,1846
41250,162.252,97.127,2.9176,1.942383,0.975218,2.122925,1.964478,0.953123,138.5867,0.784141,0.073389,119.1776,0.00127,0.989062,0.009668,51200,7095641,1589,21946,251,1584,251,1846
41300,162.462,97.261,2.947318,1.99231,0.955009,2.174316,2.020874,0.926444,138.5972,0.768672,0.075644,118.6605,0.001309,0.984141,0.014551,51200,7096178,1639,22140,261,1584,261,1846
41350,162.606,97.343,2.928777,1.984863,0.943914,2.16333,2.005615,0.923162,146.0101,0.759824,0.123933,122.4278,0.002227,0.981875,0.015898,51200,7475715,1532,22822,261,1584,261,1846
41400,162.891,97.557,3.105379,2.101196,1.004183,2.265747,2.134644,0.970736,184.8088,0.762754,0.308535,145.0268,0.007031,0.979297,0.013672,51200,9462211,1646,24641,251,1587,251,1849
41450,163.049,97.651,3.05595,2.057861,0.998088,2.232422,2.074829,0.981121,187.7149,0.769648,0.318543,147.5598,0.007383,0.981523,0.011094,51200,9611002,1568,23864,247,1591,247,1853
41500,163.346,97.801,3.045813,2.041626,1.004187,2.234253,2.070679,0.975134,166.7024,0.780566,0.234695,133.9181,0.004824,0.978086,0.01709,51200,8535163,1488,22672,253,1592,253,1854
41550,163.521,97.913,3.010332,2.00647,1.003863,2.190918,2.033325,0.977007,169.4505,0.80002,0.249161,135.0205,0.005176,0.973789,0.021035,51200,8675867,1536,21727,274,1592,274,1854
41600,163.708,98.005,3.028075,2.019165,1.00891,2.191772,2.053101,0.974975,156.331,0.791758,0.186421,128.8144,0.003594,0.973398,0.023008,51200,8004147,1589,22503,281,1592,281,1854
41650,163.906,98.14,2.903702,1.906372,0.99733,2.080444,1.932373,0.971329,143.7723,0.798633,0.11113,122.2074,0.001973,0.982539,0.015488,51200,7361141,1611,20427,302,1592,302,1854
41700,164.054,98.225,2.829948,1.821167,1.008781,1.990967,1.844849,0.985099,135.4099,0.812344,0.053289,117.9236,0.000879,0.987109,0.012012,51200,6932985,1518,19839,313,1592,313,1854
41750,164.268,98.379,2.844001,1.824585,1.019416,1.994995,1.832153,1.011848,128.5703,0.804668,0.0,113.1657,0.0,0.993516,0.006484,51200,6582800,1564,19707,307,1592,307,1854
41800,164.412,98.459,2.867773,1.854126,1.013647,2.037476,1.875854,0.991918,134.6994,0.803535,0.045782,117.6798,0.000762,0.992383,0.006855,51200,6896611,1542,20693,307,1592,307,1854
41850,164.615,98.603,2.913085,1.933105,0.97998,2.105591,1.940918,0.972167,142.5417,0.810898,0.097907,122.6854,0.001719,0.992637,0.005645,51200,7298134,1549,21638,294,1592,294,1854
41900,164.781,98.689,3.001316,1.999634,1.001682,2.180298,2.016846,0.98447,130.0463,0.806875,0.013395,110.9777,0.000215,0.989219,0.010566,51200,6658373,1602,22503,298,1594,298,1856
41950,164.921,98.769,2.929293,1.935913,0.99338,2.11792,1.961426,0.967868,129.0208,0.804062,0.004928,110.6186,7.8e-05,0.990703,0.009219,51200,6605866,1565,21263,290,1594,290,1856
42000,165.159,98.917,2.922031,1.873169,1.048862,2.05127,1.890259,1.031772,128.1615,0.806094,0.0,111.0848,0.0,0.986797,0.013203,51200,6561871,1569,20696,282,1594,282,1856
42050,165.3,98.999,2.90134,1.889648,1.011691,2.073364,1.904541,0.996799,127.9891,0.802129,0.0,110.8732,0.0,0.98498,0.01502,51200,6553042,1529,21026,290,1594,290,1856
42100,165.509,99.086,2.81135,1.83606,0.97529,2.00647,1.842896,0.968454,127.4429,0.788203,0.0,111.221,0.0,0.976836,0.023164,51200,6525079,1483,20444,277,1594,277,1856
42150,165.699,99.217,2.824041,1.850708,0.973333,2.016235,1.850342,0.973699,128.3045,0.785039,0.000373,111.874,0.0,0.988945,0.011055,51200,6569188,1567,20225,276,1595,276,1857
42200,165.87,99.299,2.884535,1.893311,0.991224,2.076782,1.904785,0.97975,128.1355,0.773008,0.0,112.4018,0.0,0.986719,0.013281,51200,6560540,1574,21760,270,1595,270,1857
42250,166.141,99.456,2.958412,1.955444,1.002967,2.13562,1.959351,0.999061,128.0654,0.791074,0.002459,110.9699,3.9e-05,0.980449,0.019512,51200,6556947,1589,21990,281,1597,281,1859
42300,166.286,99.541,3.042738,2.054321,0.988417,2.24646,2.080444,0.962294,155.617,0.784824,0.178148,131.2218,0.003418,0.981504,0.015078,51200,7967592,1550,23012,270,1597,270,1859
42350,166.442,99.625,3.123935,2.069824,1.054111,2.257935,2.099243,1.024692,156.332,0.776738,0.183865,129.4077,0.003555,0.976484,0.019961,51200,8004199,1581,23427,256,1601,256,1863
42400,166.74,99.783,3.041615,2.026001,1.015614,2.197754,2.046509,0.995106,127.9535,0.802344,0.004272,108.95,5.9e-05,0.977051,0.022891,51200,6551220,1612,22354,253,1603,253,1865
42450,167.016,99.938,2.998084,2.027222,0.970862,2.198242,2.040527,0.957556,127.2774,0.780645,4e-06,108.5809,0.0,0.975703,0.024297,51200,6516603,1531,22318,248,1603,248,1865
42500,167.161,100.024,3.0188,1.990601,1.0282,2.175659,2.011719,1.007081,128.1354,0.789727,0.004993,109.6436,7.8e-05,0.978613,0.021309,51200,6560533,1644,21992,254,1603,254,1865
42550,167.327,100.102,2.903926,1.906372,0.997554,2.083496,1.926025,0.977901,127.9619,0.793516,0.0025,110.1047,3.9e-05,0.980586,0.019375,51200,6551648,1519,20722,245,1603,245,1865
42600,167.592,100.285,2.932299,1.900391,1.031909,2.102295,1.925781,1.006518,127.9031,0.813711,0.002501,109.7866,3.9e-05,0.980156,0.019805,51200,6548637,1554,21093,234,1603,234,1865
42650,167.73,100.365,2.971914,1.911865,1.060049,2.099487,1.940063,1.031851,128.0494,0.823594,0.0,110.2366,0.0,0.986035,0.013965,51200,6556128,1644,20756,234,1604,234,1866
42700,167.941,100.458,2.903272,1.852051,1.051221,2.012817,1.868774,1.034498,140.2917,0.824883,0.089237,111.3132,0.001543,0.981543,0.016914,51200,7182935,1603,19650,245,1606,245,1868
42750,168.089,100.547,2.915128,1.875854,1.039273,2.045288,1.893921,1.021207,157.9165,0.806426,0.190642,113.0968,0.003711,0.982168,0.014121,51200,8085325,1535,20072,246,1606,246,1868
42800,168.29,100.638,2.942587,1.918213,1.024374,2.086914,1.932739,1.009847,169.0435,0.804355,0.242898,113.5604,0.005059,0.98457,0.010371,51200,8655025,1531,21074,260,1606,260,1868
42850,168.459,100.749,2.886486,1.848267,1.038219,2.009277,1.858643,1.027843,177.1575,0.81084,0.278365,114.772,0.006074,0.982012,0.011914,51200,9070463,1588,20148,266,1606,266,1868
42900,168.606,100.836,2.80584,1.841064,0.964776,2.007935,1.841797,0.964043,181.0972,0.798242,0.294219,120.1352,0.006562,0.981172,0.012266,51200,9272177,1572,19821,273,1608,273,1870
42950,168.862,101.016,2.709396,1.749268,0.960128,1.917358,1.759277,0.950119,167.8738,0.817324,0.236117,122.556,0.004883,0.988066,0.007051,51200,8595136,1577,18524,285,1608,285,1870
43000,169.006,101.1,2.798224,1.817993,0.980231,1.980957,1.829468,0.968756,165.7597,0.821504,0.22576,123.7162,0.004609,0.989355,0.006035,51200,8486899,1609,19036,278,1608,278,1870
43050,169.246,101.203,2.736854,1.797241,0.939613,1.961548,1.794556,0.942298,134.6832,0.831543,0.045837,117.4658,0.000762,0.992363,0.006875,51200,6895778,1623,19665,274,1610,274,1871
43100,169.479,101.364,2.923948,1.952148,0.9718,2.135376,1.970825,0.953123,131.1669,0.81916,0.019542,114.8184,0.000312,0.993789,0.005898,51200,6715745,1632,22786,260,1610,260,1871
43150,169.618,101.445,3.204768,2.170898,1.033869,2.358521,2.208862,0.995905,141.3648,0.799844,0.091694,118.4072,0.001602,0.990273,0.008125,51200,7237878,1583,25643,255,1610,255,1871
43200,169.827,101.536,3.262909,2.180664,1.082245,2.380493,2.218994,1.043914,145.8906,0.782656,0.123751,118.1419,0.002227,0.982207,0.015566,51200,7469599,1620,25971,245,1611,245,1872
43250,169.992,101.637,3.303964,2.27478,1.029184,2.481567,2.309204,0.99476,136.096,0.775508,0.060634,110.2016,0.001016,0.981953,0.017031,51200,6968115,1593,26461,251,1612,251,1873
43300,170.15,101.719,3.218997,2.19519,1.023806,2.39856,2.228027,0.99097,128.15,0.780293,0.0,105.6258,0.0,0.986797,0.013203,51200,6561279,1499,25221,255,1618,255,1879
43350,170.384,101.885,3.128462,2.145508,0.982955,2.341797,2.174072,0.95439,128.3178,0.781738,0.0,106.6482,0.0,0.989258,0.010742,51200,6569870,1624,24803,264,1619,264,1880
43400,170.523,101.966,3.043629,2.031128,1.012501,2.21814,2.056274,0.987354,128.0538,0.784824,0.0,108.5437,0.0,0.985098,0.014902,51200,6556353,1562,23504,265,1619,265,1880
43450,170.741,102.097,3.056684,2.022827,1.033857,2.230591,2.054077,1.002607,128.8191,0.783184,0.007392,109.1941,0.000117,0.982422,0.017461,51200,6595539,1525,22959,256,1619,256,1880
43500,170.885,102.18,3.135807,2.104004,1.031803,2.309204,2.135132,1.000675,131.2771,0.790469,0.027898,108.968,0.000449,0.979199,0.020352,51200,6721388,1507,23754,250,1619,250,1880
43550,171.067,102.261,3.099999,2.098022,1.001977,2.290527,2.130371,0.969628,127.6611,0.779941,0.0,107.5728,0.0,0.979102,0.020898,51200,6536247,1499,22964,242,1619,242,1880
43600,171.357,102.433,3.11386,2.109741,1.004119,2.302002,2.144165,0.969695,128.0266,0.780195,0.0,107.7988,0.0,0.986035,0.013965,51200,6554963,1551,23214,247,1619,247,1880
43650,171.616,102.598,3.119619,2.070435,1.049184,2.262817,2.095947,1.023672,128.3402,0.78957,0.000643,107.7918,0.0,0.987793,0.012207,51200,6571020,1568,22800,243,1619,243,1880
43700,171.748,102.676,3.091257,2.062866,1.028391,2.248901,2.091431,0.999826,127.7005,0.793203,0.0,107.4932,0.0,0.980469,0.019531,51200,6538268,1502,22717,263,1627,263,1888
43750,171.888,102.762,3.095657,2.092285,1.003372,2.286621,2.128906,0.966751,140.9729,0.79793,0.095681,119.1831,0.00166,0.976094,0.022246,51200,7217814,1633,23382,258,1627,258,1888
43800,172.171,102.931,3.137962,2.120117,1.017845,2.312134,2.156128,0.981834,165.334,0.786602,0.231185,136.7006,0.004707,0.970527,0.024766,51200,8465103,1607,23515,258,1627,258,1888
43850,172.428,103.129,3.137376,2.105957,1.031419,2.278931,2.140137,0.99724,165.7362,0.781055,0.232702,136.6792,0.004746,0.972305,0.022949,51200,8485694,1619,23290,258,1627,258,1888
43900,172.579,103.224,3.141925,2.108521,1.033405,2.306885,2.140747,1.001178,173.087,0.789102,0.264006,137.1691,0.005625,0.974609,0.019766,51200,8862053,1498,23044,272,1628,272,1889
43950,172.767,103.315,3.145826,2.097778,1.048047,2.298584,2.133179,1.012647,170.3253,0.792383,0.252023,139.5712,0.005254,0.976641,0.018105,51200,8720653,1577,22648,272,1632,272,1893
44000,172.971,103.456,3.110848,2.050049,1.060799,2.241821,2.075439,1.035408,161.4462,0.806133,0.21201,131.2783,0.004199,0.973125,0.022676,51200,8266045,1557,22571,251,1633,251,1894
44050,173.113,103.541,3.050468,2.03064,1.019828,2.219116,2.056519,0.993949,161.7886,0.791133,0.215005,123.1113,0.004297,0.96832,0.027383,51200,8283576,1649,22148,274,1637,274,1898
44100,173.344,103.656,2.92957,1.945923,0.983647,2.111572,1.96521,0.96436,135.3854,0.793203,0.060578,113.1386,0.000996,0.971074,0.02793,51200,6931735,1525,21489,258,1637,258,1898
44150,173.54,103.795,2.952766,1.954956,0.99781,2.148315,1.971069,0.981697,127.7296,0.797324,0.0,109.9936,0.0,0.979766,0.020234,51200,6539756,1572,20882,269,1638,269,1899
44200,173.705,103.873,2.890482,1.886841,1.003641,2.069824,1.889526,1.000956,128.0969,0.806719,0.0,110.8736,0.0,0.986309,0.013691,51200,6558561,1591,21315,264,1638,264,1899
44250,173.892,104.003,2.884485,1.864746,1.019739,2.043579,1.872925,1.01156,127.6465,0.799844,0.0,111.1142,0.0,0.980039,0.019961,51200,6535500,1599,20514,263,1640,263,1901
44300,174.089,104.082,2.851241,1.832153,1.019088,2.009033,1.836426,1.014816,128.4729,0.823125,0.002812,112.0753,2e-05,0.98709,0.012891,51200,6577814,1545,19908,272,1640,272,1901
44350,174.364,104.237,2.772568,1.77063,1.001938,1.94519,1.772583,0.999985,128.256,0.826172,0.0,112.6088,0.0,0.989883,0.010117,51200,6566709,1554,19341,271,1640,271,1901
44400,174.518,104.334,2.645642,1.687744,0.957897,1.844849,1.67981,0.965832,149.2412,0.818301,0.141389,132.5249,0.002598,0.988047,0.009355,51200,7641149,1566,18113,291,1641,291,1902
44450,174.657,104.416,2.832965,1.810913,1.022052,1.979004,1.812622,1.020343,148.1148,0.791172,0.131745,131.3084,0.002402,0.993809,0.003789,51200,7583477,1595,19961,297,1642,297,1903
44500,174.874,104.513,2.870088,1.844238,1.02585,2.019775,1.853149,1.016939,140.6146,0.813477,0.084602,123.6397,0.001465,0.995254,0.003281,51200,7199470,1579,20342,326,1648,326,1909
44550,175.17,104.672,2.84625,1.826294,1.019956,1.997925,1.839478,1.006772,136.69,0.811699,0.058773,118.2634,0.000996,0.993945,0.005059,51200,6998526,1559,19741,316,1649,316,1910
44600,175.425,104.832,2.756488,1.751221,1.005267,1.903198,1.753784,1.002704,133.6681,0.817715,0.037761,117.1578,0.000625,0.994082,0.005293,51200,6843809,1591,18371,305,1650,305,1911
44650,175.563,104.913,2.718211,1.734985,0.983226,1.898926,1.735596,0.982615,146.3047,0.816465,0.122108,127.2439,0.002207,0.990566,0.007227,51200,7490802,1564,19164,296,1652,296,1913
44700,175.705,104.993,2.705495,1.746216,0.959279,1.914185,1.744507,0.960988,144.6928,0.807969,0.111433,126.2831,0.001992,0.992246,0.005762,51200,7408270,1566,19372,283,1653,283,1914
44750,175.946,105.114,2.707548,1.712158,0.995389,1.875,1.70874,0.998807,143.8756,0.817715,0.105482,125.7776,0.001875,0.994258,0.003867,51200,7366429,1560,19202,264,1653,264,1914
44800,176.107,105.211,2.731273,1.763916,0.967357,1.935791,1.771362,0.959911,128.6611,0.804238,0.0,113.5266,0.0,0.994746,0.005254,51200,6587449,1544,20347,239,1653,239,1914
44850,176.244,105.289,2.709831,1.801758,0.908073,1.978516,1.793579,0.916252,128.6822,0.791699,0.0,112.2216,0.0,0.995156,0.004844,51200,6588527,1587,20213,243,1656,243,1917
44900,176.503,105.442,2.722019,1.824585,0.897434,1.999756,1.830322,0.891696,128.6142,0.782051,0.0,112.712,0.0,0.994004,0.005996,51200,6585045,1578,20688,246,1669,246,1930
44950,176.674,105.534,2.789346,1.840454,0.948892,1.996704,1.842163,0.947183,128.5802,0.77543,0.0,113.352,0.0,0.993281,0.006719,51200,6583307,1672,21007,247,1669,247,1930
45000,176.826,105.617,2.850657,1.92395,0.926707,2.096313,1.932495,0.918162,128.7936,0.748613,0.0,111.8093,0.0,0.996465,0.003535,51200,6594233,1567,22402,240,1671,240,1932
45050,177.021,105.71,2.859921,1.912354,0.947568,2.079712,1.915283,0.944638,144.3605,0.733379,0.108326,123.3077,0.001934,0.993965,0.004102,51200,7391258,1550,22067,237,1671,237,1932
45100,177.171,105.799,2.849346,1.902832,0.946514,2.071289,1.904541,0.944805,159.678,0.731016,0.196209,128.004,0.003867,0.988066,0.008066,51200,8175513,1624,21745,254,1673,254,1934
45150,177.43,105.934,2.70431,1.863281,0.841029,2.019653,1.859985,0.844325,149.4984,0.733535,0.140329,124.7209,0.002578,0.991973,0.005449,51200,7654318,1527,20609,244,1674,244,1935
45200,177.607,106.05,2.665321,1.786865,0.878456,1.941528,1.781128,0.884193,141.698,0.751289,0.094077,125.5461,0.001641,0.989766,0.008594,51200,7254938,1598,19494,262,1680,262,1941
45250,177.764,106.128,2.722427,1.7677,0.954727,1.932861,1.769653,0.952774,128.4717,0.778711,0.0,114.1137,0.0,0.99209,0.00791,51200,6577749,1560,19641,258,1680,258,1941
45300,177.92,106.211,2.801816,1.820312,0.981504,1.973999,1.815552,0.986264,128.6049,0.785762,0.0,113.6202,0.0,0.99373,0.00627,51200,6584571,1602,20383,279,1681,279,1942
45350,178.144,106.367,2.67783,1.746826,0.931004,1.9021,1.73584,0.94199,128.5819,0.810605,0.0,113.4279,0.0,0.993516,0.006484,51200,6583393,1575,18719,310,1685,310,1946
45400,178.28,106.445,2.68311,1.714966,0.968144,1.877075,1.706421,0.976689,128.5461,0.815352,0.0,114.0166,0.0,0.992734,0.007266,51200,6581558,1583,18585,315,1686,315,1947
45450,178.465,106.527,2.63112,1.706055,0.925065,1.862183,1.69873,0.93239,128.447,0.830527,0.0,114.6675,0.0,0.991719,0.008281,51200,6576487,1597,18020,327,1687,327,1948
45500,178.679,106.68,2.668378,1.694946,0.973432,1.842407,1.686523,0.981855,130.973,0.808652,0.018189,115.8179,0.000293,0.993379,0.006328,51200,6705818,1609,18088,320,1687,320,1948
45550,178.82,106.761,2.615494,1.733887,0.881608,1.890991,1.724121,0.891373,128.6135,0.806504,0.0,114.7607,0.0,0.994023,0.005977,51200,6585009,1633,18106,322,1687,322,1948
45600,178.957,106.842,2.599553,1.678101,0.921452,1.82605,1.662231,0.937322,132.5953,0.803281,0.032355,117.9832,0.00043,0.988477,0.011094,51200,6788878,1585,17976,310,1687,310,1948
45650,179.204,106.955,2.592775,1.69751,0.895265,1.850342,1.682617,0.910158,140.2344,0.825977,0.08447,121.3023,0.001035,0.987969,0.010996,51200,7180003,1580,17507,312,1687,312,1948
45700,179.49,107.111,2.548978,1.629272,0.919706,1.775635,1.605469,0.943509,140.9462,0.839102,0.086918,122.3462,0.001094,0.992988,0.005918,51200,7216445,1555,16721,300,1688,300,1949
45750,179.699,107.261,2.554597,1.640259,0.914338,1.780029,1.613037,0.941559,138.4202,0.83541,0.070479,120.5931,0.000664,0.993164,0.006172,51200,7087116,1567,17395,299,1690,299,1951
45800,179.835,107.34,2.644578,1.686646,0.957932,1.848633,1.67688,0.967698,142.2198,0.827402,0.094597,123.1096,0.001172,0.994375,0.004453,51200,7281654,1597,19320,271,1690,271,1951
45850,180.074,107.493,2.843959,1.81189,1.032069,1.97522,1.813477,1.030482,137.8262,0.828555,0.067243,115.6598,0.001055,0.992852,0.006094,51200,7056701,1540,20620,272,1690,272,1951
45900,180.22,107.577,2.786719,1.851074,0.935645,2.014893,1.852051,0.934669,137.9817,0.799727,0.069025,117.8629,0.001172,0.991777,0.007051,51200,7064665,1580,20829,283,1695,283,1954
45950,180.425,107.656,2.86115,1.929321,0.931829,2.095337,1.936768,0.924382,128.9832,0.773262,0.002452,111.7305,3.9e-05,0.994785,0.005176,51200,6603940,1609,22236,256,1698,256,1957
46000,180.699,107.815,2.959647,1.964111,0.995536,2.136963,1.972412,0.987235,128.4177,0.762793,0.0,109.2496,0.0,0.991152,0.008848,51200,6574986,1573,23177,267,1718,267,1975
46050,180.848,107.901,2.92207,1.946655,0.975414,2.10144,1.951904,0.970165,128.2855,0.766133,0.0,109.5421,0.0,0.988867,0.011133,51200,6568220,1501,21861,261,1718,261,1975
46100,181.028,107.98,2.900535,1.910889,0.989647,2.069336,1.913452,0.987083,128.2196,0.778652,8.3e-05,110.8376,0.0,0.988164,0.011836,51200,6564841,1535,20774,255,1718,255,1975
46150,181.189,108.082,2.868883,1.877441,0.991442,2.040527,1.880371,0.988512,127.9897,0.777871,0.0,111.6696,0.0,0.984336,0.015664,51200,6553072,1491,20445,251,1718,251,1975
46200,181.324,108.16,2.6716,1.772949,0.898651,1.938477,1.763062,0.908539,128.462,0.799023,0.0,112.8289,0.0,0.991719,0.008281,51200,6577255,1543,19507,242,1718,242,1975
46250,181.49,108.241,2.719574,1.773315,0.946259,1.941528,1.774536,0.945038,136.6843,0.80541,0.06254,118.3463,0.001055,0.986445,0.0125,51200,6998235,1551,19335,266,1720,266,1977
46300,181.626,108.319,2.76029,1.833496,0.926794,1.994995,1.834229,0.926061,128.4322,0.820117,0.0,113.0787,0.0,0.991387,0.008613,51200,6575729,1591,20888,261,1725,261,1982
46350,181.783,108.398,2.955143,1.954346,1.000797,2.131958,1.974243,0.9809,128.5894,0.80834,0.0,111.226,0.0,0.994512,0.005488,51200,6583778,1538,22597,253,1730,253,1987
46400,182.059,108.552,2.921764,1.977051,0.944713,2.152832,1.979126,0.942638,128.4854,0.802266,0.000555,109.8373,0.0,0.991465,0.008535,51200,6578452,1605,22356,253,1730,253,1987
46450,182.217,108.649,2.821826,1.885254,0.936572,2.059448,1.889893,0.931933,134.5852,0.820234,0.048334,114.9547,0.000801,0.985957,0.013242,51200,6890762,1521,20493,249,1730,249,1987
46500,182.351,108.728,2.840929,1.8302,1.010728,2.004272,1.838501,1.002428,128.034,0.841973,0.0,111.447,0.0,0.985801,0.014199,51200,6555340,1563,19569,289,1739,289,1996
46550,182.55,108.869,2.788996,1.797852,0.991144,1.962158,1.803955,0.985041,128.0514,0.824941,0.0,111.5687,0.0,0.98582,0.01418,51200,6556233,1549,19098,295,1743,295,2000
46600,182.684,108.946,2.630232,1.697144,0.933089,1.852661,1.69165,0.938582,128.0086,0.817852,0.0,112.4275,0.0,0.98459,0.01541,51200,6554042,1530,17742,290,1744,290,2001
46650,182.851,109.023,2.611333,1.692017,0.919316,1.847656,1.69043,0.920903,127.8319,0.819512,0.0,114.4751,0.0,0.98166,0.01834,51200,6544995,1569,18177,294,1751,294,2008
46700,183.002,109.117,2.64603,1.700562,0.945469,1.861206,1.696899,0.949131,128.5269,0.818594,0.0,114.4482,0.0,0.992617,0.007383,51200,6580575,1518,18356,283,1751,283,2008
46750,183.205,109.197,2.775916,1.799438,0.976477,1.955322,1.79895,0.976966,128.5085,0.830312,0.0,114.1156,0.0,0.99252,0.00748,51200,6579636,1627,20087,289,1758,289,2015
46800,183.495,109.356,2.835256,1.880859,0.954396,2.036499,1.87854,0.956716,128.5445,0.8325,0.0,112.4726,0.0,0.993164,0.006836,51200,6581476,1656,21702,290,1760,290,2017
46850,183.675,109.48,2.819457,1.836304,0.983154,2.019897,1.825928,0.99353,128.4901,0.831562,0.0,111.5956,0.0,0.992363,0.007637,51200,6578694,1602,20868,293,1768,293,2025
46900,183.817,109.561,2.724973,1.79248,0.932492,1.941162,1.780151,0.944821,128.5535,0.82957,0.0,111.861,0.0,0.993418,0.006582,51200,6581941,1565,19810,293,1776,293,2025
46950,183.973,109.659,2.686164,1.73877,0.947395,1.894775,1.723389,0.962776,128.4523,0.82375,0.0,112.6606,0.0,0.99166,0.00834,51200,6576760,1549,18966,311,1776,311,2025
47000,184.127,109.756,2.515909,1.604492,0.911416,1.764404,1.588379,0.92753,128.344,0.834531,0.0,114.5414,0.0,0.990098,0.009902,51200,6571214,1546,17629,274,1776,274,2025
47050,184.33,109.835,2.670824,1.710083,0.960741,1.882202,1.709595,0.961229,129.2701,0.825352,0.006148,115.1965,9.8e-05,0.991855,0.008047,51200,6618629,1587,18772,267,1779,267,2028
47100,184.492,109.939,2.788945,1.821899,0.967046,1.988647,1.843384,0.945561,139.2379,0.815625,0.075854,120.8566,0.000762,0.994688,0.004551,51200,7128980,1519,19477,272,1780,272,2029
47150,184.661,110.019,2.834805,1.83606,0.998746,2.017334,1.861816,0.972989,133.1067,0.832109,0.034554,117.2665,0.000566,0.99168,0.007754,51200,6815064,1603,19291,291,1784,291,2033
47200,184.956,110.177,2.714298,1.718994,0.995304,1.887573,1.727295,0.987003,128.464,0.821992,0.0,113.8856,0.0,0.992266,0.007734,51200,6577356,1554,18631,292,1786,292,2035
47250,185.177,110.342,2.628535,1.677002,0.951533,1.825317,1.673462,0.955073,128.5664,0.831797,0.0,114.2405,0.0,0.993125,0.006875,51200,6582602,1574,17490,287,1788,287,2037
47300,185.311,110.418,2.667579,1.664551,1.003028,1.825684,1.662842,1.004737,128.4858,0.824473,0.00053,115.1226,0.0,0.991035,0.008965,51200,6578475,1622,17712,313,1790,313,2039
47350,185.459,110.508,2.762896,1.769531,0.993365,1.937256,1.767944,0.994952,128.8096,0.814082,0.0,113.787,0.0,0.996816,0.003184,51200,6595052,1562,19433,309,1791,309,2040
47400,185.667,110.594,2.806167,1.822754,0.983413,1.987183,1.829102,0.977065,128.7575,0.801855,0.0,112.2085,0.0,0.996113,0.003887,51200,6592382,1563,20148,293,1791,293,2040
47450,185.865,110.733,2.791789,1.842773,0.949015,2.015381,1.859863,0.931926,128.5267,0.804199,0.0,112.232,0.0,0.992773,0.007227,51200,6580568,1584,19577,287,1791,287,2040
47500,185.999,110.811,2.795942,1.783569,1.012373,1.949341,1.791138,1.004804,128.5485,0.79457,0.0,112.3499,0.0,0.993164,0.006836,51200,6581682,1518,19509,278,1791,278,2040
47550,186.162,110.917,2.762947,1.788086,0.974861,1.950928,1.79541,0.967536,149.7846,0.816035,0.142432,126.7725,0.002637,0.990371,0.006992,51200,7668972,1613,19141,285,1791,285,2040
47600,186.3,110.997,2.616836,1.675781,0.941055,1.830811,1.660522,0.956314,138.5031,0.838906,0.069336,122.5221,0.001191,0.997383,0.001426,51200,7091357,1561,17062,287,1791,287,2040
47650,186.524,111.091,2.597411,1.636597,0.960815,1.790161,1.62854,0.968871,128.7022,0.83623,0.0,115.478,0.0,0.995156,0.004844,51200,6589555,1530,16883,307,1791,307,2040
47700,186.673,111.181,2.580525,1.632202,0.948323,1.795044,1.630981,0.949543,128.6095,0.837656,0.0,115.6686,0.0,0.994375,0.005625,51200,6584806,1567,16573,327,1792,327,2041
47750,186.808,111.259,2.630001,1.647827,0.982174,1.800659,1.640503,0.989498,128.3841,0.824805,0.0,114.8922,0.0,0.990527,0.009473,51200,6573265,1626,17278,320,1792,320,2041
47800,187.032,111.349,2.553629,1.607056,0.946573,1.770752,1.60376,0.949869,128.5175,0.829219,0.0,115.4701,0.0,0.992539,0.007461,51200,6580095,1628,16336,320,1792,320,2041
47850,187.209,111.471,2.479198,1.563599,0.915599,1.713989,1.554077,0.925121,128.6459,0.831055,0.0,116.9748,0.0,0.994551,0.005449,51200,6586669,1592,15904,311,1796,311,2045
47900,187.343,111.548,2.542551,1.576172,0.966379,1.732788,1.571411,0.97114,128.8596,0.839453,0.0,117.4086,0.0,0.997891,0.002109,51200,6597610,1581,16359,312,1796,312,2045
47950,187.492,111.64,2.590404,1.618286,0.972117,1.771362,1.609253,0.981151,129.509,0.850781,0.004941,116.5306,7.8e-05,0.998047,0.001875,51200,6630862,1561,16541,316,1800,316,2049
48000,187.651,111.717,2.613654,1.68042,0.933234,1.851685,1.672852,0.940802,128.8293,0.82082,0.0,115.1178,0.0,0.997188,0.002812,51200,6596058,1565,18250,286,1800,286,2049
48050,187.921,111.866,2.659317,1.690186,0.969132,1.846802,1.692261,0.967056,128.1846,0.835762,0.0,113.9917,0.0,0.988008,0.011992,51200,6563052,1591,19017,275,1800,275,2049
48100,188.064,111.95,2.75292,1.780029,0.97289,1.951538,1.786621,0.966299,132.0634,0.824492,0.028802,114.3985,0.000469,0.98875,0.010781,51200,6761647,1536,19646,271,1800,271,2049
48150,188.203,112.029,2.644687,1.675171,0.969516,1.834229,1.669189,0.975498,139.0047,0.813848,0.072933,116.3062,0.00125,0.997637,0.001113,51200,7117043,1532,17592,273,1800,273,2049
48200,188.44,112.186,2.578412,1.644531,0.933881,1.802734,1.628906,0.949506,128.562,0.826113,0.0,115.3397,0.0,0.993477,0.006523,51200,6582374,1567,16766,280,1802,280,2051
48250,188.577,112.263,2.605497,1.679443,0.926054,1.83374,1.664307,0.94119,128.5357,0.835391,0.0,116.0455,0.0,0.992891,0.007109,51200,6581029,1576,18135,285,1802,285,2051
48300,188.791,112.352,2.497684,1.566528,0.931156,1.711426,1.550171,0.947513,130.1382,0.830547,0.013405,117.4971,0.000215,0.990977,0.008809,51200,6663077,1590,16383,295,1802,295,2051
48350,188.98,112.478,2.528263,1.59436,0.933903,1.741333,1.587891,0.940373,132.3521,0.808066,0.031176,119.3392,0.000508,0.988027,0.011465,51200,6776428,1513,16898,329,1802,329,2051
48400,189.122,112.559,2.535539,1.655762,0.879777,1.806641,1.639404,0.896135,128.2061,0.791348,0.0,116.0939,0.0,0.987598,0.012402,51200,6564153,1591,17804,331,1803,331,2052
48450,189.387,112.709,2.571276,1.720703,0.850572,1.863403,1.709839,0.861437,127.8515,0.768145,0.0,114.6236,0.0,0.982285,0.017715,51200,6545999,1557,19252,296,1810,296,2058
48500,189.527,112.789,2.769414,1.865967,0.903448,2.03125,1.871216,0.898199,128.1889,0.761504,0.0,113.6231,0.0,0.987637,0.012363,51200,6563273,1680,21303,287,1812,287,2060
48550,189.666,112.867,2.901667,1.985229,0.916437,2.150391,1.996338,0.905329,128.1661,0.770273,0.0,110.9863,0.0,0.987383,0.012617,51200,6562102,1597,23161,265,1812,265,2060
48600,189.946,113.006,2.832124,1.922241,0.909883,2.096924,1.925903,0.906221,128.7488,0.78959,0.001313,111.7556,2e-05,0.993574,0.006406,51200,6591941,1525,21398,262,1812,262,2060
48650,190.11,113.109,2.920849,1.928711,0.992138,2.09668,1.941895,0.978955,128.6977,0.785352,0.0,111.8791,0.0,0.995312,0.004688,51200,6589322,1537,22254,243,1812,243,2060
48700,190.258,113.188,2.789904,1.840332,0.949572,2.019287,1.845337,0.944567,128.6637,0.789297,0.001271,112.0141,2e-05,0.992168,0.007812,51200,6587582,1561,20351,240,1812,240,2060
48750,190.398,113.268,2.756832,1.840942,0.91589,2.018677,1.841064,0.915768,130.7894,0.80084,0.019401,113.0501,0.000312,0.988691,0.010996,51200,6696419,1596,20359,266,1812,266,2060
48800,190.636,113.412,2.711486,1.804565,0.906921,1.961548,1.795654,0.915832,128.0952,0.790625,0.0,113.3161,0.0,0.98543,0.01457,51200,6558472,1577,19729,279,1812,279,2060
48850,190.777,113.49,2.596296,1.670166,0.92613,1.82959,1.653076,0.94322,128.3068,0.811367,0.0,114.6941,0.0,0.989668,0.010332,51200,6569309,1550,17650,303,1812,303,2060
48900,190.943,113.567,2.648885,1.671387,0.977498,1.835449,1.6604,0.988484,128.7412,0.820605,0.00038,115.6712,0.0,0.995156,0.004844,51200,6591547,1561,17736,313,1812,313,2060
48950,191.209,113.722,2.582686,1.664307,0.91838,1.816772,1.651733,0.930953,134.2012,0.798516,0.043811,120.3119,0.000723,0.990039,0.009238,51200,6871104,1558,17111,311,1812,311,2060
49000,191.344,113.799,2.608499,1.702148,0.906351,1.8573,1.690918,0.917581,128.564,0.803262,0.0,115.0534,0.0,0.99332,0.00668,51200,6582477,1630,18032,305,1813,305,2061
49050,191.511,113.879,2.602199,1.6698,0.932399,1.826172,1.659546,0.942653,128.6639,0.808281,0.0,115.307,0.0,0.994922,0.005078,51200,6587592,1555,17627,300,1813,300,2061
49100,191.737,114.03,2.591547,1.608887,0.982661,1.762329,1.584473,1.007075,128.5981,0.827246,0.0,115.1016,0.0,0.993496,0.006504,51200,6584225,1594,17120,301,1813,301,2061
49150,191.875,114.107,2.562233,1.639038,0.923195,1.794312,1.615845,0.946388,128.604,0.818164,0.0,115.7557,0.0,0.994004,0.005996,51200,6584524,1586,16906,295,1813,295,2061
49200,192.09,114.193,2.535906,1.593628,0.942278,1.746094,1.573853,0.962054,128.539,0.817812,0.0,116.1685,0.0,0.992812,0.007188,51200,6581198,1551,16320,297,1815,297,2063
49250,192.238,114.284,2.481687,1.560425,0.921262,1.71106,1.535645,0.946043,137.4053,0.835371,0.065948,125.0422,0.001113,0.990156,0.00873,51200,7035153,1557,16114,309,1815,309,2063
49300,192.413,114.378,2.455177,1.522339,0.932838,1.665405,1.498901,0.956276,143.4401,0.822148,0.107195,131.4167,0.001895,0.98543,0.012676,51200,7344135,1560,15572,292,1815,292,2063
49350,192.681,114.534,2.501356,1.630615,0.870741,1.777344,1.622314,0.879041,144.8496,0.83457,0.114881,131.2977,0.002051,0.987715,0.010234,51200,7416298,1535,16897,286,1815,286,2063
49400,192.846,114.643,2.495382,1.578735,0.916647,1.727539,1.565796,0.929586,128.9934,0.83832,0.004918,116.989,7.8e-05,0.990332,0.00959,51200,6604462,1594,16644,276,1815,276,2063
49450,192.981,114.72,2.440451,1.53186,0.90859,1.679932,1.520264,0.920187,128.2686,0.834961,0.0,116.5434,0.0,0.988535,0.011465,51200,6567354,1504,15776,268,1815,268,2063
49500,193.135,114.817,2.488011,1.556519,0.931492,1.703979,1.535889,0.952122,128.5477,0.826855,0.0,117.7678,0.0,0.993262,0.006738,51200,6581644,1536,15507,268,1815,268,2063
49550,193.268,114.894,2.619481,1.652588,0.966893,1.806641,1.648926,0.970556,128.5196,0.808105,0.0,116.3009,0.0,0.993652,0.006348,51200,6580206,1561,17387,269,1815,269,2063
49600,193.517,115.004,2.632483,1.685425,0.947058,1.848145,1.688477,0.944007,128.3653,0.816699,0.0,114.8773,0.0,0.991406,0.008594,51200,6572302,1554,18004,301,1815,301,2063
49650,193.805,115.174,2.607352,1.669678,0.937674,1.836304,1.656006,0.951346,128.4512,0.823496,0.0,115.4972,0.0,0.992012,0.007988,51200,6576703,1535,17493,302,1815,302,2063
49700,193.947,115.256,2.64657,1.70752,0.939051,1.870972,1.712524,0.934046,135.7707,0.840371,0.052638,115.5937,0.000879,0.994531,0.00459,51200,6951461,1614,17841,321,1817,321,2064
49750,194.092,115.339,2.600303,1.608154,0.992148,1.766235,1.609497,0.990806,146.0956,0.818926,0.120628,116.2372,0.002168,0.992207,0.005625,51200,7480096,1552,17175,322,1817,322,2064
49800,194.35,115.495,2.595407,1.635742,0.959664,1.784912,1.620972,0.974435,137.6948,0.80375,0.066844,116.2661,0.001133,0.992441,0.006426,51200,7049973,1639,17599,319,1817,319,2064
49850,194.489,115.575,2.629124,1.626831,1.002293,1.777954,1.611816,1.017308,128.716,0.822715,0.0,115.755,0.0,0.995469,0.004531,51200,6590258,1598,17254,321,1820,321,2067
49900,194.717,115.688,2.496542,1.576538,0.920004,1.718994,1.556152,0.94039,128.7366,0.83957,0.0,116.7102,0.0,0.996016,0.003984,51200,6591316,1601,16713,325,1820,325,2067
49950,194.851,115.765,2.599061,1.608643,0.990418,1.765015,1.594238,1.004822,128.4963,0.836348,0.0,115.9872,0.0,0.992441,0.007559,51200,6579010,1572,16707,327,1820,327,2067
50000,195.022,115.843,2.566821,1.567017,0.999805,1.716797,1.545898,1.020923,128.5838,0.845137,0.0,116.1731,0.0,0.993867,0.006133,51200,6583493,1539,16090,329,1820,329,2067
