epoch,wall_s,sim_s,entropy_bits,zlib_bits,high_order_entropy,mean_steps,frac_copy_runs,frac_term_budget,frac_term_off_region,frac_term_unmatched,runs,steps,mutations,distinct_windows,n_persistent,A_t
0,0.047,0.0,7.997252,8.003174,-0.005922,0.0,0.0,0.0,0.0,0.0,0,0,0,65536,0,0
50,0.269,0.191,7.98597,7.813477,0.172494,1467.6329,0.538477,0.149121,0.614219,0.23666,51200,75142804,794,64488,0,0
100,0.48,0.379,7.97942,7.727661,0.251759,1557.6587,0.571875,0.163984,0.590078,0.245938,51200,79752125,764,64619,0,0
150,0.693,0.568,7.974068,7.621826,0.352242,1578.7429,0.596172,0.163711,0.598438,0.237852,51200,80831637,743,64562,0,0
200,0.905,0.757,7.970086,7.545044,0.425042,1516.0612,0.613047,0.154648,0.606777,0.238574,51200,77622333,790,64514,0,0
250,1.115,0.938,7.964394,7.471191,0.493203,1448.5694,0.614082,0.145684,0.62041,0.233906,51200,74166755,770,64593,14,14
300,1.316,1.113,7.957035,7.409058,0.547977,1366.6852,0.618008,0.136289,0.623457,0.240254,51200,69974283,838,64534,12,14
350,1.513,1.286,7.953435,7.361694,0.591741,1363.5353,0.614844,0.135703,0.617832,0.246465,51200,69813007,813,64550,14,16
400,1.709,1.458,7.946604,7.329834,0.61677,1333.1095,0.612754,0.131699,0.626523,0.241777,51200,68255204,774,64585,14,16
450,1.902,1.627,7.938277,7.297607,0.640669,1299.4995,0.61459,0.127324,0.629004,0.243672,51200,66534374,813,64585,13,16
500,2.101,1.802,7.930225,7.265381,0.664844,1331.3846,0.602441,0.12916,0.622266,0.248574,51200,68166893,770,64579,15,19
550,2.294,1.972,7.911079,7.210083,0.700996,1305.9313,0.606016,0.126445,0.636191,0.237363,51200,66863682,744,64407,15,20
600,2.486,2.14,7.887627,7.145996,0.741631,1298.5722,0.605859,0.12207,0.641719,0.236211,51200,66486897,855,64149,15,20
650,2.681,2.311,7.858689,7.105347,0.753342,1306.7421,0.603809,0.124121,0.646367,0.229512,51200,66905195,796,63949,12,21
700,2.887,2.491,7.820768,7.002319,0.818449,1306.1204,0.606582,0.123047,0.650371,0.226582,51200,66873366,757,63483,12,21
750,3.083,2.662,7.78661,6.958252,0.828358,1310.4678,0.617188,0.124434,0.654238,0.221328,51200,67095950,797,63167,18,27
800,3.281,2.833,7.737842,6.86084,0.877002,1222.8527,0.613828,0.117598,0.673145,0.209258,51200,62610060,775,62573,19,29
850,3.486,3.013,7.679401,6.765137,0.914264,1140.509,0.605352,0.1075,0.680703,0.211797,51200,58394060,781,62108,24,34
900,3.666,3.168,7.642906,6.699341,0.943566,1094.7899,0.60252,0.103066,0.686621,0.210312,51200,56053245,822,61844,24,34
950,3.844,3.32,7.598001,6.622925,0.975076,1060.7054,0.598457,0.098086,0.69791,0.204004,51200,54308115,825,61134,26,36
1000,4.021,3.472,7.545259,6.543335,1.001924,1073.1892,0.599785,0.101406,0.70043,0.198164,51200,54947288,844,60886,27,39
1050,4.242,3.666,7.454797,6.414307,1.040491,1054.7794,0.602031,0.100312,0.706367,0.19332,51200,54004703,824,59898,31,45
1100,4.421,3.818,7.378524,6.277222,1.101303,1050.7203,0.601797,0.100293,0.709746,0.189961,51200,53796877,789,58619,36,50
1150,4.598,3.968,7.310349,6.185425,1.124924,1047.7314,0.600664,0.098516,0.716484,0.185,51200,53643850,791,58314,35,55
1200,4.772,4.114,7.252709,6.110962,1.141747,979.0351,0.603965,0.091328,0.732207,0.176465,51200,50126596,791,57508,42,64
1250,4.94,4.255,7.199274,6.07019,1.129084,912.1569,0.609316,0.084805,0.741641,0.173555,51200,46702433,820,57513,53,77
1300,5.116,4.396,7.155684,6.016968,1.138717,914.961,0.611191,0.085234,0.746738,0.168027,51200,46846003,734,57302,66,89
1350,5.292,4.545,7.06052,5.900635,1.159885,913.3588,0.617344,0.08498,0.748105,0.166914,51200,46763972,803,56531,67,91
1400,5.458,4.682,6.951323,5.775391,1.175932,867.7915,0.629766,0.080762,0.759688,0.159551,51200,44430927,778,55294,77,104
1450,5.621,4.816,6.87321,5.679199,1.194011,834.3007,0.625527,0.076562,0.76668,0.156758,51200,42716198,810,54142,75,105
1500,5.781,4.947,6.809368,5.613037,1.196331,795.2374,0.64082,0.072266,0.774805,0.15293,51200,40716153,816,53938,77,114
1550,5.94,5.076,6.724165,5.535767,1.188399,762.1102,0.664863,0.069316,0.779434,0.15125,51200,39020044,780,52920,78,115
1600,6.12,5.224,6.616542,5.408569,1.207973,754.2531,0.671172,0.06709,0.782031,0.150879,51200,38617757,753,51674,80,118
1650,6.277,5.349,6.48602,5.255615,1.230405,718.9832,0.689004,0.06584,0.789922,0.144238,51200,36811942,757,50440,86,125
1700,6.431,5.473,6.378469,5.092407,1.286062,670.6186,0.686973,0.061875,0.798281,0.139844,51200,34335674,767,49422,88,130
1750,6.58,5.591,6.359324,5.079468,1.279856,633.557,0.677812,0.056621,0.806602,0.136777,51200,32438117,764,49943,90,139
1800,6.728,5.708,6.342058,5.057739,1.284319,596.626,0.659043,0.051074,0.815742,0.133184,51200,30547251,746,49872,96,154
1850,6.876,5.823,6.210462,4.9729,1.237561,595.0115,0.658223,0.049492,0.818496,0.132012,51200,30464588,764,48477,89,154
1900,7.021,5.934,6.10939,4.842896,1.266495,533.5522,0.664785,0.042754,0.826836,0.13041,51200,27317874,775,47854,87,166
1950,7.164,6.042,6.016364,4.729126,1.287238,515.0727,0.672988,0.03957,0.825879,0.134551,51200,26371720,799,46726,84,173
2000,7.306,6.148,5.860347,4.585571,1.274776,482.6395,0.689531,0.036797,0.837422,0.125781,51200,24711144,736,44975,91,189
2050,7.449,6.253,5.693177,4.444946,1.248231,476.2627,0.688906,0.035117,0.848496,0.116387,51200,24384650,780,43363,96,202
2100,7.591,6.356,5.565661,4.30127,1.264392,449.9719,0.693906,0.033086,0.859902,0.107012,51200,23038563,806,42200,103,206
2150,7.73,6.457,5.468442,4.206909,1.261533,434.7616,0.718652,0.033359,0.870234,0.096406,51200,22259792,820,41079,138,234
2200,7.87,6.556,5.340523,4.090332,1.250191,416.5298,0.722773,0.029785,0.873418,0.096797,51200,21326324,771,39527,150,247
2250,8.003,6.65,5.226477,3.985718,1.24076,352.3054,0.721074,0.021914,0.877812,0.100273,51200,18038034,829,38734,188,281
2300,8.138,6.744,5.185856,3.977539,1.208317,332.2781,0.713145,0.020469,0.884336,0.095195,51200,17012639,779,39272,194,301
2350,8.272,6.835,5.005871,3.828491,1.17738,324.2595,0.701602,0.019902,0.892168,0.08793,51200,16602088,728,37374,206,320
2400,8.408,6.927,4.864642,3.695923,1.16872,323.2546,0.709648,0.019863,0.897891,0.082246,51200,16550633,802,36481,179,327
2450,8.539,7.015,4.751829,3.601318,1.150511,289.9458,0.702344,0.016445,0.90582,0.077734,51200,14845223,818,35939,177,339
2500,8.673,7.103,4.712724,3.585449,1.127275,284.2564,0.701719,0.015195,0.910391,0.074414,51200,14553927,793,35967,189,350
2550,8.807,7.191,4.602487,3.479004,1.123483,274.8428,0.708379,0.01373,0.914727,0.071543,51200,14071952,790,35429,194,359
2600,8.941,7.279,4.395627,3.339722,1.055906,278.3345,0.703965,0.015098,0.909902,0.075,51200,14250725,832,32914,192,364
2650,9.074,7.365,4.19568,3.161743,1.033937,269.4957,0.710996,0.014297,0.925176,0.060527,51200,13798179,785,31102,215,378
2700,9.21,7.449,4.083236,3.037109,1.046127,235.299,0.720781,0.010293,0.93252,0.057188,51200,12047309,827,29287,243,395
2750,9.341,7.532,4.012163,2.970215,1.041948,235.1406,0.720801,0.010039,0.930703,0.059258,51200,12039197,773,28766,270,420
2800,9.471,7.615,3.945714,2.903931,1.041784,230.4184,0.720508,0.009902,0.930254,0.059844,51200,11797423,792,28765,293,452
2850,9.6,7.697,3.883304,2.8573,1.026004,223.962,0.736016,0.009785,0.929258,0.060957,51200,11466852,806,28133,283,465
2900,9.741,7.785,3.773927,2.696899,1.077027,222.3381,0.754766,0.010879,0.928242,0.060879,51200,11383712,783,26200,277,476
2950,9.869,7.866,3.696344,2.630005,1.066339,209.4819,0.745586,0.009102,0.935605,0.055293,51200,10725475,745,25059,273,481
3000,9.994,7.945,3.685156,2.577026,1.10813,193.5125,0.73457,0.007012,0.942754,0.050234,51200,9907842,830,24817,283,498
3050,10.121,8.024,3.603038,2.489014,1.114024,185.8232,0.762324,0.00625,0.940703,0.053047,51200,9514150,797,24216,293,516
3100,10.247,8.101,3.544196,2.458618,1.085578,176.0619,0.761309,0.00543,0.945723,0.048848,51200,9014368,791,24000,298,523
3150,10.369,8.178,3.446769,2.395508,1.051262,176.8436,0.762773,0.005605,0.944434,0.049961,51200,9054392,768,23540,304,528
3200,10.493,8.255,3.371078,2.348267,1.022811,172.7002,0.767461,0.005215,0.945508,0.049277,51200,8842252,840,23163,316,543
3250,10.622,8.334,3.388343,2.377441,1.010902,163.4424,0.772969,0.004238,0.949922,0.04584,51200,8368252,736,23248,308,544
3300,10.746,8.411,3.228229,2.209839,1.01839,181.498,0.785625,0.006836,0.955703,0.037461,51200,9292698,763,20927,329,548
3350,10.876,8.492,3.085239,2.095581,0.989658,193.5818,0.798887,0.00832,0.957129,0.034551,51200,9911387,775,18738,324,548
3400,11.0,8.568,2.97648,2.024292,0.952188,188.3745,0.813203,0.007617,0.962168,0.030215,51200,9644775,781,18306,323,548
3450,11.122,8.643,2.935716,1.957764,0.977952,175.6081,0.804473,0.006035,0.964512,0.029453,51200,8991133,832,17737,329,552
3500,11.243,8.718,2.852316,1.865234,0.987082,173.0665,0.816445,0.005684,0.97002,0.024297,51200,8861003,771,16950,332,552
3550,11.363,8.791,2.644973,1.704468,0.940505,164.2478,0.828828,0.00457,0.972441,0.022988,51200,8409487,812,14854,331,556
3600,11.482,8.864,2.468285,1.550537,0.917748,164.4925,0.827461,0.004551,0.978574,0.016875,51200,8422015,784,13021,317,559
3650,11.604,8.935,2.376934,1.496094,0.880841,166.0238,0.822051,0.004746,0.978203,0.017051,51200,8500417,785,12165,322,563
3700,11.725,9.007,2.377449,1.470947,0.906502,165.767,0.838887,0.004648,0.980176,0.015176,51200,8487268,740,12116,321,564
3750,11.845,9.078,2.390793,1.500244,0.890549,146.6069,0.835488,0.002227,0.982617,0.015156,51200,7506275,789,12691,328,572
3800,11.963,9.15,2.403897,1.481445,0.922452,142.6071,0.854609,0.001816,0.981738,0.016445,51200,7301481,771,13251,336,577
3850,12.08,9.22,2.527511,1.62207,0.905441,127.9056,0.853496,0.0,0.98459,0.01541,51200,6548765,790,15648,341,583
3900,12.199,9.29,2.36364,1.51355,0.85009,128.0743,0.829102,0.0,0.985137,0.014863,51200,6557405,764,13845,320,583
3950,12.317,9.359,2.302235,1.479004,0.823231,128.1509,0.825918,0.0,0.988379,0.011621,51200,6561328,826,13012,309,583
4000,12.437,9.429,2.240585,1.421875,0.81871,128.489,0.846758,0.0,0.992812,0.007188,51200,6578635,825,12578,324,599
4050,12.555,9.498,2.045805,1.25769,0.788114,128.5042,0.845957,0.0,0.993281,0.006719,51200,6579415,763,11134,314,599
4100,12.672,9.567,1.950108,1.207031,0.743077,128.8448,0.838008,3.9e-05,0.993066,0.006895,51200,6596852,773,10768,314,601
4150,12.79,9.636,1.833452,1.140625,0.692827,128.7601,0.848555,0.0,0.996406,0.003594,51200,6592516,766,9763,323,607
4200,12.905,9.704,1.812956,1.082764,0.730193,128.7789,0.834238,0.0,0.996465,0.003535,51200,6593481,778,8868,333,610
4250,13.022,9.772,1.801724,1.120728,0.680996,128.5818,0.841445,0.0,0.993477,0.006523,51200,6583388,788,9484,332,611
4300,13.14,9.84,1.732037,1.074829,0.657208,128.5847,0.834629,0.0,0.99332,0.00668,51200,6583536,797,8510,333,613
4350,13.276,9.907,1.747963,1.065918,0.682045,128.6297,0.852969,0.0,0.99375,0.00625,51200,6585839,795,8691,328,613
4400,13.401,9.983,1.76295,1.069946,0.693004,128.6407,0.832949,0.0,0.994258,0.005742,51200,6586405,761,8792,321,613
4450,13.518,10.051,1.82289,1.12854,0.69435,128.6046,0.823223,0.0,0.993887,0.006113,51200,6584558,774,10016,321,615
4500,13.634,10.118,1.764059,1.11377,0.65029,128.4725,0.823281,0.0,0.991797,0.008203,51200,6577791,769,9944,299,615
4550,13.75,10.186,1.802229,1.146606,0.655623,128.5784,0.804531,0.0,0.993301,0.006699,51200,6583214,758,10263,295,618
4600,13.869,10.254,1.856126,1.161377,0.694749,128.7379,0.812871,0.0,0.995918,0.004082,51200,6591380,768,9509,300,621
4650,13.987,10.323,1.876679,1.164917,0.711762,128.7812,0.838652,0.0,0.996562,0.003438,51200,6593598,737,10122,290,623
4700,14.104,10.392,1.826756,1.143799,0.682957,128.854,0.838613,0.0,0.997754,0.002246,51200,6597327,753,9679,283,627
4750,14.233,10.46,1.950603,1.181152,0.76945,128.6847,0.82416,0.0,0.995059,0.004941,51200,6588657,808,10140,296,632
4800,14.369,10.548,2.032367,1.2771,0.755267,128.5388,0.80752,0.0,0.992695,0.007305,51200,6581189,828,11621,298,635
4850,14.489,10.616,2.019191,1.271973,0.747218,128.6366,0.811504,0.0,0.994199,0.005801,51200,6586195,794,11296,308,645
4900,14.608,10.685,1.929679,1.222778,0.706901,128.4007,0.834473,0.0,0.990527,0.009473,51200,6574118,862,10708,306,650
4950,14.73,10.755,1.927578,1.194336,0.733242,128.5597,0.842598,0.0,0.993184,0.006816,51200,6582255,782,10136,311,660
5000,14.85,10.824,1.924676,1.17334,0.751336,128.6403,0.839199,0.0,0.994473,0.005527,51200,6586384,769,10677,316,663
5050,14.971,10.892,1.969056,1.250244,0.718811,128.6196,0.832324,0.0,0.993887,0.006113,51200,6585325,813,11354,317,669
5100,15.092,10.963,1.916648,1.230591,0.686057,128.4641,0.85332,0.0,0.991855,0.008145,51200,6577363,759,11461,312,671
5150,15.211,11.032,1.861034,1.167358,0.693675,128.4903,0.837227,0.0,0.992285,0.007715,51200,6578704,775,10405,309,671
5200,15.333,11.1,1.868965,1.209473,0.659492,128.5696,0.823184,0.0,0.993496,0.006504,51200,6582762,798,10661,314,671
5250,15.456,11.169,1.87413,1.222412,0.651718,128.6736,0.832891,0.0,0.995078,0.004922,51200,6588087,798,10147,315,672
5300,15.577,11.238,1.842124,1.196899,0.645224,128.8741,0.860312,0.0,0.99793,0.00207,51200,6598356,804,9973,330,676
5350,15.698,11.309,1.825029,1.144043,0.680986,128.8713,0.852168,0.0,0.99791,0.00209,51200,6598211,767,9591,328,678
5400,15.818,11.379,1.7714,1.120361,0.651039,128.771,0.847773,0.0,0.996367,0.003633,51200,6593073,806,9713,328,686
5450,15.935,11.447,1.811346,1.153564,0.657781,128.7147,0.830137,0.0,0.995352,0.004648,51200,6590195,769,10292,318,695
5500,16.054,11.517,1.912698,1.227417,0.685281,128.7612,0.827891,0.0,0.996328,0.003672,51200,6592575,810,11091,314,698
5550,16.172,11.585,1.915375,1.214478,0.700897,128.9984,0.816191,0.0,0.99998,2e-05,51200,6604720,772,10738,317,703
5600,16.292,11.654,1.917586,1.216309,0.701277,128.9711,0.800312,0.0,0.999492,0.000508,51200,6603321,772,10340,320,716
5650,16.413,11.724,1.986142,1.246094,0.740049,128.9186,0.816172,0.0,0.99873,0.00127,51200,6600630,793,10453,331,726
5700,16.531,11.792,1.800286,1.109497,0.690789,128.8401,0.831055,0.0,0.997441,0.002559,51200,6596612,778,8765,335,728
5750,16.648,11.86,1.880112,1.156006,0.724106,129.5312,0.834707,9.8e-05,0.995801,0.004102,51200,6631999,782,10064,361,759
5800,16.776,11.932,1.890561,1.203979,0.686582,144.1815,0.841738,0.001895,0.995527,0.002578,51200,7382092,790,9787,352,764
5850,16.9,12.003,1.908093,1.192261,0.715832,136.0831,0.85084,0.000898,0.996699,0.002402,51200,6967455,855,10339,342,771
5900,17.019,12.072,1.820633,1.099976,0.720658,128.929,0.85127,0.0,0.998867,0.001133,51200,6601167,780,9043,320,774
5950,17.134,12.14,1.728856,1.033447,0.695408,128.8246,0.846973,0.0,0.997188,0.002812,51200,6595820,788,8419,320,780
6000,17.252,12.208,1.818763,1.150269,0.668495,128.8743,0.835977,0.0,0.997852,0.002148,51200,6598366,790,10037,325,791
6050,17.369,12.275,1.827451,1.129761,0.697691,128.9425,0.826797,0.0,0.99916,0.00084,51200,6601856,793,9580,319,794
6100,17.489,12.345,1.93086,1.239258,0.691602,128.9149,0.83248,0.0,0.998496,0.001504,51200,6600443,797,11544,298,794
6150,17.606,12.413,1.882981,1.167114,0.715867,128.981,0.83291,0.0,0.999746,0.000254,51200,6603827,771,10328,289,799
6200,17.723,12.482,1.835892,1.145508,0.690384,128.9048,0.823789,0.0,0.998398,0.001602,51200,6599927,802,10174,294,800
6250,17.841,12.55,1.74064,1.095703,0.644936,128.9265,0.813809,0.0,0.998848,0.001152,51200,6601038,791,9217,285,805
6300,17.956,12.619,1.786179,1.094849,0.69133,128.8068,0.817012,0.0,0.99709,0.00291,51200,6594906,771,9258,279,805
6350,18.074,12.686,1.820488,1.131348,0.68914,128.8455,0.80584,0.0,0.997637,0.002363,51200,6596890,755,9829,285,807
6400,18.194,12.755,1.904056,1.219238,0.684818,128.8529,0.802051,0.0,0.997676,0.002324,51200,6597267,833,10732,302,814
6450,18.324,12.824,2.044397,1.288208,0.756189,128.7529,0.815742,0.0,0.995625,0.004375,51200,6592146,786,12134,306,815
6500,18.465,12.913,2.01511,1.297729,0.717381,128.7891,0.836641,0.0,0.996777,0.003223,51200,6594002,807,11550,317,819
6550,18.584,12.982,2.068399,1.28125,0.787149,128.9001,0.847285,0.0,0.998379,0.001621,51200,6599684,784,11336,320,823
6600,18.703,13.052,2.052235,1.270996,0.781238,128.5547,0.837676,0.0,0.992949,0.007051,51200,6582002,800,11727,325,827
6650,18.823,13.121,2.110808,1.308594,0.802214,128.4933,0.819766,0.0,0.992676,0.007324,51200,6578855,764,12526,322,835
6700,18.946,13.191,2.028823,1.248413,0.78041,128.2359,0.819355,0.0,0.988926,0.011074,51200,6565679,748,11487,309,837
6750,19.068,13.259,2.023069,1.24646,0.776609,128.6956,0.836152,0.0,0.995391,0.004609,51200,6589217,779,11721,311,840
6800,19.208,13.348,2.006826,1.228638,0.778188,128.6789,0.819727,0.0,0.994961,0.005039,51200,6588359,800,11488,298,843
6850,19.33,13.417,2.076012,1.304565,0.771447,128.6258,0.813887,0.0,0.993828,0.006172,51200,6585642,796,11767,304,852
6900,19.452,13.487,2.020923,1.258911,0.762012,128.4047,0.813691,0.0,0.990645,0.009355,51200,6574320,817,11397,314,860
6950,19.572,13.556,1.977753,1.214478,0.763276,128.396,0.829004,0.0,0.990371,0.009629,51200,6573875,770,10625,324,865
7000,19.692,13.625,1.924257,1.180908,0.743349,128.4596,0.828145,0.0,0.991699,0.008301,51200,6577134,789,10231,313,868
7050,19.816,13.695,1.907681,1.184692,0.722988,128.4692,0.816777,0.0,0.991777,0.008223,51200,6577624,812,9589,333,870
7100,19.935,13.765,1.897159,1.145386,0.751774,128.431,0.813398,0.0,0.991699,0.008301,51200,6575665,760,10044,343,876
7150,20.055,13.833,1.937241,1.182739,0.754502,128.4059,0.828242,0.0,0.990957,0.009043,51200,6574382,798,10421,342,880
7200,20.179,13.904,2.186338,1.359741,0.826597,128.5137,0.828496,0.0,0.99207,0.00793,51200,6579904,802,12423,345,881
7250,20.301,13.976,2.177526,1.390869,0.786657,129.0522,0.854141,0.0,0.996641,0.003359,51200,6607472,802,12558,342,885
7300,20.425,14.047,2.174162,1.374146,0.800016,129.4861,0.863203,0.0,0.997578,0.002422,51200,6629686,813,11748,332,885
7350,20.544,14.116,2.0857,1.258423,0.827277,128.8691,0.85666,0.0,0.997031,0.002969,51200,6598099,764,10983,332,889
7400,20.665,14.186,2.057695,1.251709,0.805986,128.907,0.845527,0.0,0.998535,0.001465,51200,6600038,789,9863,332,891
7450,20.785,14.255,2.044644,1.243408,0.801236,128.8834,0.84543,0.0,0.998066,0.001934,51200,6598831,793,10064,326,891
7500,20.912,14.329,2.005947,1.240356,0.765591,128.9007,0.853477,0.0,0.998379,0.001621,51200,6599714,817,10154,326,893
7550,21.031,14.398,2.066348,1.271362,0.794986,129.0,0.848984,0.0,1.0,0.0,51200,6604800,820,11325,325,901
7600,21.153,14.468,2.088801,1.305542,0.783259,128.7792,0.836641,0.0,0.996504,0.003496,51200,6593493,817,11282,332,902
7650,21.27,14.537,1.985884,1.174683,0.811202,128.7013,0.823027,0.0,0.995254,0.004746,51200,6589509,736,9911,341,910
7700,21.389,14.606,1.924167,1.166992,0.757174,128.7223,0.830801,0.0,0.995566,0.004434,51200,6590583,805,9923,334,919
7750,21.507,14.674,1.917186,1.179565,0.73762,128.7071,0.856387,0.0,0.995293,0.004707,51200,6589805,818,10003,340,920
7800,21.626,14.743,1.902661,1.173096,0.729565,128.6483,0.851191,0.0,0.994473,0.005527,51200,6586792,827,10275,336,921
7850,21.746,14.811,1.934382,1.197144,0.737238,128.6812,0.834531,0.0,0.995117,0.004883,51200,6588479,809,10875,336,923
7900,21.894,14.909,1.986741,1.248291,0.73845,128.684,0.828477,0.0,0.995488,0.004512,51200,6588620,747,11663,330,929
7950,22.013,14.979,2.165168,1.423096,0.742072,128.7558,0.829336,0.0,0.996055,0.003945,51200,6592298,827,13944,332,939
8000,22.138,15.049,2.182464,1.420776,0.761687,128.6516,0.827852,0.0,0.994727,0.005273,51200,6586964,787,12750,327,941
8050,22.26,15.12,2.054546,1.291504,0.763042,128.616,0.853164,0.0,0.993848,0.006152,51200,6585140,765,11292,346,957
8100,22.381,15.19,2.019713,1.254761,0.764952,128.9947,0.844414,0.0,0.999883,0.000117,51200,6604528,838,10818,340,959
8150,22.5,15.259,2.069008,1.258179,0.810829,128.8564,0.845117,0.0,0.997734,0.002266,51200,6597447,758,11049,363,964
8200,22.62,15.33,1.977766,1.206421,0.771345,128.6188,0.847988,0.0,0.993984,0.006016,51200,6585280,810,9946,365,965
8250,22.738,15.399,1.985103,1.215576,0.769527,128.6931,0.840332,0.0,0.995391,0.004609,51200,6589087,821,10455,352,968
8300,22.856,15.468,2.013241,1.234131,0.77911,128.704,0.848457,0.0,0.995527,0.004473,51200,6589645,812,11209,334,977
8350,22.974,15.537,2.025495,1.250244,0.775251,128.9277,0.852617,0.0,0.998887,0.001113,51200,6601097,781,11164,329,980
8400,23.093,15.607,1.891683,1.164673,0.72701,128.9384,0.857949,0.0,0.999023,0.000977,51200,6601647,790,10576,328,980
8450,23.209,15.675,1.860591,1.137695,0.722896,128.9161,0.83668,0.0,0.998711,0.001289,51200,6600505,754,10201,316,985
8500,23.329,15.744,1.92301,1.152344,0.770666,128.7624,0.833047,0.0,0.996465,0.003535,51200,6592634,819,10047,318,990
8550,23.447,15.813,1.927631,1.142578,0.785053,128.8865,0.84377,0.0,0.998242,0.001758,51200,6598987,808,10262,341,996
8600,23.565,15.882,1.843272,1.094116,0.749155,128.9424,0.850566,0.0,0.99916,0.00084,51200,6601851,753,9054,327,999
8650,23.683,15.951,1.896949,1.14856,0.748389,128.8545,0.84209,0.0,0.997578,0.002422,51200,6597348,801,10254,330,1004
8700,23.801,16.02,1.961648,1.166504,0.795145,128.7431,0.838262,0.0,0.996211,0.003789,51200,6591645,727,10273,343,1009
8750,23.919,16.09,1.982074,1.228638,0.753436,128.8313,0.842031,0.0,0.997266,0.002734,51200,6596161,811,11598,336,1009
8800,24.039,16.16,2.127873,1.317993,0.80988,128.9103,0.834668,0.0,0.998535,0.001465,51200,6600207,800,13124,333,1011
8850,24.161,16.231,2.190737,1.377563,0.813173,128.8138,0.820215,0.0,0.997383,0.002617,51200,6595266,840,13338,332,1013
8900,24.28,16.301,2.108084,1.300049,0.808036,128.6506,0.825391,0.0,0.994258,0.005742,51200,6586913,789,12609,319,1014
8950,24.402,16.371,2.188284,1.401489,0.786795,128.5309,0.823691,0.0,0.9925,0.0075,51200,6580781,836,13354,318,1015
9000,24.526,16.442,2.179549,1.368896,0.810652,128.4759,0.824141,0.0,0.991973,0.008027,51200,6577967,741,12531,333,1017
9050,24.651,16.514,2.199956,1.414917,0.785039,128.499,0.837012,0.0,0.992539,0.007461,51200,6579150,795,13004,339,1017
9100,24.774,16.586,2.22974,1.405762,0.823978,132.6389,0.854629,0.000508,0.992363,0.007129,51200,6791112,809,12984,341,1018
9150,24.896,16.657,2.179467,1.404785,0.774682,128.4293,0.854551,0.0,0.991172,0.008828,51200,6575578,824,12794,363,1022
9200,25.017,16.728,2.118139,1.279175,0.838965,128.5556,0.862695,0.0,0.993379,0.006621,51200,6582049,764,11104,376,1026
9250,25.137,16.797,1.941221,1.177734,0.763487,128.8273,0.867031,0.0,0.997383,0.002617,51200,6595959,807,9205,374,1030
9300,25.257,16.868,2.021694,1.199097,0.822598,128.8812,0.863438,0.0,0.998203,0.001797,51200,6598717,756,10209,359,1030
9350,25.378,16.938,1.972499,1.203369,0.76913,128.7812,0.878066,0.0,0.996602,0.003398,51200,6593600,770,9591,361,1032
9400,25.496,17.008,1.877322,1.140015,0.737307,128.8215,0.874746,0.0,0.997324,0.002676,51200,6595661,760,8935,358,1033
9450,25.615,17.077,1.911791,1.160522,0.751268,128.6943,0.868984,0.0,0.995371,0.004629,51200,6589147,773,9497,361,1040
9500,25.734,17.147,1.982351,1.20166,0.780691,128.8309,0.854941,0.0,0.99752,0.00248,51200,6596142,813,10295,362,1040
9550,25.852,17.216,2.003909,1.179565,0.824344,128.8842,0.835781,0.0,0.997051,0.002949,51200,6598869,814,10820,373,1049
9600,25.972,17.286,1.956083,1.179077,0.777005,128.8259,0.83916,0.0,0.995938,0.004062,51200,6595884,818,10286,370,1053
9650,26.09,17.354,1.927967,1.144165,0.783802,128.5034,0.830684,0.0,0.992109,0.007891,51200,6579376,804,9964,366,1068
9700,26.208,17.423,1.976232,1.207642,0.76859,128.467,0.833418,0.0,0.991758,0.008242,51200,6577511,802,10065,356,1069
9750,26.323,17.491,1.924027,1.157959,0.766068,128.8344,0.843145,0.0,0.997402,0.002598,51200,6596319,772,9509,337,1069
9800,26.44,17.559,1.946583,1.207153,0.739429,128.9244,0.845078,0.0,0.998848,0.001152,51200,6600930,768,10175,341,1075
9850,26.557,17.628,2.012282,1.218872,0.79341,128.8501,0.846211,0.0,0.997715,0.002285,51200,6597126,798,10159,339,1077
9900,26.677,17.7,1.965491,1.184692,0.780799,128.6064,0.834395,0.0,0.993711,0.006289,51200,6584646,809,10090,339,1083
9950,26.796,17.768,1.974456,1.192627,0.781829,128.6532,0.833848,0.0,0.994922,0.005078,51200,6587045,868,10047,346,1087
10000,26.916,17.837,2.054111,1.241089,0.813023,128.829,0.850449,0.0,0.997109,0.002891,51200,6596043,781,10387,345,1090
10050,27.038,17.906,2.180699,1.321777,0.858922,128.723,0.84082,0.0,0.995801,0.004199,51200,6590616,771,11500,348,1091
10100,27.158,17.976,2.231197,1.382812,0.848384,128.6403,0.853848,0.0,0.994102,0.005898,51200,6586381,803,12704,348,1097
10150,27.28,18.045,2.226267,1.386841,0.839426,128.7918,0.859004,0.0,0.996895,0.003105,51200,6594142,830,12303,343,1100
10200,27.398,18.115,2.144428,1.315796,0.828632,128.8922,0.870918,0.0,0.998242,0.001758,51200,6599280,774,11458,349,1108
10250,27.512,18.184,2.041401,1.216064,0.825336,128.9773,0.844922,0.0,0.999707,0.000293,51200,6603639,775,10968,336,1109
10300,27.631,18.252,1.978579,1.192017,0.786562,128.9355,0.846973,0.0,0.998965,0.001035,51200,6601497,810,10060,336,1112
10350,27.747,18.32,1.888249,1.140869,0.74738,129.7706,0.829023,0.0,0.999336,0.000664,51200,6644253,799,9394,334,1120
10400,27.864,18.389,1.90223,1.11438,0.787851,131.8659,0.841641,0.000273,0.997852,0.001875,51200,6751533,763,8697,336,1124
10450,28.006,18.473,1.978719,1.212402,0.766317,133.5162,0.84584,0.000469,0.995977,0.003555,51200,6836028,855,10326,325,1125
10500,28.138,18.554,2.092331,1.301514,0.790817,132.5171,0.844355,0.000332,0.998477,0.001191,51200,6784876,800,11860,324,1127
10550,28.263,18.628,2.126538,1.339233,0.787305,144.6458,0.838711,0.001934,0.997852,0.000215,51200,7405867,763,13065,315,1140
10600,28.382,18.698,2.10335,1.315308,0.788043,129.5408,0.827051,0.0,0.996348,0.003652,51200,6632488,742,12771,282,1145
10650,28.504,18.769,2.101705,1.333008,0.768697,128.8285,0.803223,0.0,0.99373,0.00627,51200,6596018,787,12786,287,1150
10700,28.623,18.838,2.117511,1.36145,0.756061,128.6722,0.790762,0.0,0.992422,0.007578,51200,6588017,799,13322,278,1154
10750,28.745,18.907,2.088571,1.339844,0.748727,128.7108,0.775039,0.0,0.992871,0.007129,51200,6589991,809,12936,278,1155
10800,28.87,18.979,2.081608,1.330566,0.751042,128.9306,0.797305,0.0,0.996113,0.003887,51200,6601248,799,12952,286,1159
10850,28.99,19.048,1.990329,1.217773,0.772555,128.8691,0.82541,0.0,0.99502,0.00498,51200,6598098,753,11177,328,1182
10900,29.11,19.118,1.921756,1.206421,0.715335,128.6435,0.815312,0.0,0.993789,0.006211,51200,6586547,763,10609,317,1182
10950,29.23,19.187,1.929477,1.199219,0.730259,128.7011,0.825312,0.0,0.99541,0.00459,51200,6589496,796,10486,322,1182
11000,29.351,19.256,1.981325,1.274414,0.706911,128.7635,0.843008,0.0,0.996035,0.003965,51200,6592689,827,11632,326,1183
11050,29.474,19.326,2.124801,1.386475,0.738326,128.8522,0.836699,0.0,0.997285,0.002715,51200,6597234,792,12667,326,1183
11100,29.592,19.395,2.103663,1.314087,0.789576,128.7109,0.83207,0.0,0.995586,0.004414,51200,6589996,790,12186,317,1187
11150,29.71,19.464,2.028444,1.266479,0.761965,133.4764,0.843184,0.000605,0.992383,0.007012,51200,6833992,736,10943,319,1191
11200,29.83,19.534,1.950372,1.223511,0.726861,128.9289,0.846953,0.0,0.998457,0.001543,51200,6601160,763,10162,311,1193
11250,29.95,19.603,1.849009,1.136719,0.71229,128.9201,0.842539,0.0,0.99873,0.00127,51200,6600708,809,9549,309,1195
11300,30.069,19.671,1.801613,1.125,0.676613,128.9566,0.857168,0.0,0.999336,0.000664,51200,6602577,774,9460,328,1207
11350,30.188,19.739,1.852855,1.172485,0.680369,128.9821,0.853516,0.0,0.999746,0.000254,51200,6603884,826,10011,333,1212
11400,30.316,19.808,1.841691,1.125,0.716691,128.9251,0.846699,0.0,0.998789,0.001211,51200,6600967,786,9360,335,1217
11450,30.436,19.877,1.834922,1.17334,0.661582,128.8853,0.842051,0.0,0.998184,0.001816,51200,6598926,792,9736,320,1224
11500,30.556,19.946,1.839506,1.176147,0.663359,128.9887,0.846406,0.0,0.999785,0.000215,51200,6604219,816,10026,343,1237
11550,30.674,20.014,1.792259,1.105713,0.686546,128.8738,0.841055,0.0,0.998203,0.001797,51200,6598340,711,9669,340,1244
11600,30.795,20.083,1.828322,1.122437,0.705885,129.0046,0.837578,0.0,0.996641,0.003359,51200,6605034,779,9883,345,1249
11650,30.916,20.151,1.791802,1.151855,0.639947,129.2263,0.825625,0.0,0.997637,0.002363,51200,6616387,803,9928,330,1249
11700,31.038,20.22,1.805153,1.197266,0.607887,129.1825,0.831465,0.0,0.997852,0.002148,51200,6614142,793,10066,337,1256
11750,31.162,20.29,1.853684,1.262939,0.590745,128.9896,0.842227,0.0,0.996895,0.003105,51200,6604266,762,10314,332,1263
11800,31.302,20.359,1.845698,1.241333,0.604365,128.7204,0.840215,0.0,0.995547,0.004453,51200,6590487,805,10296,336,1265
11850,31.422,20.427,1.923676,1.30481,0.618867,128.796,0.844199,0.0,0.996934,0.003066,51200,6594357,794,11328,343,1275
11900,31.545,20.5,1.940918,1.283813,0.657104,128.9199,0.84498,0.0,0.998711,0.001289,51200,6600701,748,11806,348,1278
11950,31.663,20.568,1.858219,1.254395,0.603824,128.9884,0.808965,0.0,0.999766,0.000234,51200,6604207,766,11348,325,1286
12000,31.783,20.636,1.872016,1.258789,0.613227,128.981,0.800723,0.0,0.999727,0.000273,51200,6603826,767,10823,316,1286
12050,31.903,20.705,1.952973,1.322632,0.630341,128.9645,0.828223,0.0,0.999434,0.000566,51200,6602982,742,11483,324,1299
12100,32.023,20.774,1.900939,1.283203,0.617735,128.7836,0.853203,0.0,0.996777,0.003223,51200,6593718,760,10994,315,1304
12150,32.144,20.843,1.898107,1.313354,0.584753,128.4476,0.850801,0.0,0.991621,0.008379,51200,6576519,789,11410,319,1306
12200,32.277,20.919,1.907772,1.304199,0.603572,130.5443,0.852559,0.000273,0.98957,0.010156,51200,6683866,774,11357,324,1306
12250,32.403,20.994,2.003403,1.365601,0.637802,128.4659,0.852852,0.0,0.991953,0.008047,51200,6577456,752,12223,324,1306
12300,32.519,21.065,1.868916,1.243774,0.625142,128.578,0.863672,0.0,0.993711,0.006289,51200,6583196,796,10680,325,1307
12350,32.636,21.133,1.781787,1.19043,0.591357,128.4624,0.862734,0.0,0.991738,0.008262,51200,6577277,813,9682,313,1309
12400,32.754,21.201,1.874205,1.296997,0.577208,128.5536,0.835859,0.0,0.993242,0.006758,51200,6581943,760,10917,312,1310
12450,32.871,21.27,1.897597,1.317017,0.58058,128.4328,0.827383,0.0,0.991309,0.008691,51200,6575760,778,11110,309,1310
12500,32.991,21.34,1.929921,1.388062,0.541859,128.5455,0.837871,0.0,0.993008,0.006992,51200,6581529,775,11486,303,1310
12550,33.111,21.409,1.947112,1.422729,0.524382,128.4614,0.851875,0.0,0.991777,0.008223,51200,6577224,813,11747,304,1310
12600,33.233,21.479,1.943261,1.40625,0.537011,128.6603,0.848164,0.0,0.994785,0.005215,51200,6587407,818,11967,309,1316
12650,33.358,21.549,1.870258,1.350586,0.519672,128.6349,0.851387,0.0,0.994316,0.005684,51200,6586106,787,11196,304,1316
12700,33.503,21.628,1.849818,1.328613,0.521204,128.8498,0.860293,0.0,0.997637,0.002363,51200,6597110,834,11854,307,1317
12750,33.625,21.701,1.712939,1.223755,0.489184,128.7033,0.84709,0.0,0.995254,0.004746,51200,6589611,843,10346,307,1319
12800,33.752,21.77,1.773929,1.239014,0.534915,128.6481,0.845449,0.0,0.994512,0.005488,51200,6586784,769,10824,298,1319
12850,33.871,21.838,1.795232,1.27417,0.521062,128.5472,0.820684,0.0,0.993008,0.006992,51200,6581618,787,11790,304,1321
12900,33.991,21.907,1.773602,1.252075,0.521526,131.4714,0.827676,0.000332,0.995039,0.004629,51200,6731335,789,11811,287,1324
12950,34.111,21.975,1.776474,1.261719,0.514756,133.6596,0.812754,0.000625,0.992656,0.006719,51200,6843371,776,11974,281,1324
13000,34.234,22.044,1.834911,1.324219,0.510693,128.5922,0.812988,0.0,0.993262,0.006738,51200,6583919,780,12535,295,1338
13050,34.354,22.113,1.853456,1.315552,0.537904,128.4096,0.826621,0.0,0.990566,0.009434,51200,6574573,816,12166,310,1346
13100,34.491,22.197,1.97966,1.385132,0.594528,128.6002,0.840625,0.0,0.993613,0.006387,51200,6584332,796,13209,317,1353
13150,34.611,22.266,1.942787,1.332764,0.610024,128.7626,0.825566,0.0,0.996504,0.003496,51200,6592647,841,12732,331,1365
13200,34.732,22.336,1.910599,1.323853,0.586747,128.6976,0.817324,0.0,0.995488,0.004512,51200,6589317,756,12409,315,1367
13250,34.851,22.405,1.821857,1.261597,0.560261,128.7621,0.840527,0.0,0.99627,0.00373,51200,6592621,721,11331,338,1373
13300,34.973,22.474,1.804909,1.220825,0.584084,128.809,0.833535,0.0,0.996914,0.003086,51200,6595023,772,10732,332,1373
13350,35.099,22.546,1.695325,1.158447,0.536878,128.6792,0.824277,0.0,0.994941,0.005059,51200,6588374,740,9901,333,1375
13400,35.222,22.615,1.813435,1.290894,0.522542,128.7294,0.813828,0.0,0.995645,0.004355,51200,6590947,764,11636,341,1379
13450,35.345,22.687,1.796372,1.246216,0.550156,128.82,0.818145,0.0,0.997207,0.002793,51200,6595583,804,11055,335,1380
13500,35.466,22.757,1.86682,1.278687,0.588133,128.8592,0.800801,0.0,0.997578,0.002422,51200,6597593,766,11454,350,1391
13550,35.588,22.828,1.971633,1.350586,0.621047,128.9962,0.804902,0.0,0.999941,5.9e-05,51200,6604606,783,12424,338,1391
13600,35.711,22.899,1.955343,1.338257,0.617086,128.9426,0.803945,0.0,0.999199,0.000801,51200,6601863,754,12479,338,1391
13650,35.859,22.983,1.931769,1.302002,0.629767,129.0,0.823555,0.0,1.0,0.0,51200,6604800,775,11766,329,1395
13700,35.983,23.053,1.939043,1.299194,0.639849,128.9942,0.821406,0.0,0.999922,7.8e-05,51200,6604503,806,11615,327,1396
13750,36.105,23.124,1.795595,1.181641,0.613954,128.9925,0.837031,0.0,0.999922,7.8e-05,51200,6604414,746,9971,317,1399
13800,36.227,23.195,1.799347,1.213013,0.586334,128.7582,0.832168,0.0,0.996074,0.003926,51200,6592421,868,10649,319,1400
13850,36.348,23.264,1.775967,1.214111,0.561855,128.6415,0.832617,0.0,0.994277,0.005723,51200,6586444,777,10622,337,1413
13900,36.472,23.333,1.880864,1.30542,0.575445,128.7309,0.820391,0.0,0.995859,0.004141,51200,6591021,787,11618,337,1413
13950,36.596,23.403,1.776364,1.2146,0.561765,128.8551,0.843906,0.0,0.997656,0.002344,51200,6597380,753,10450,332,1413
14000,36.714,23.472,1.761775,1.182983,0.578791,128.8311,0.838848,0.0,0.997402,0.002598,51200,6596153,779,10567,319,1420
14050,36.837,23.542,1.681517,1.165283,0.516234,128.645,0.836621,0.0,0.994414,0.005586,51200,6586625,785,9800,313,1421
14100,36.957,23.61,1.637914,1.13916,0.498754,128.7257,0.830312,0.0,0.995176,0.004824,51200,6590758,796,9815,314,1426
14150,37.075,23.678,1.596154,1.147705,0.448449,128.6057,0.83084,0.0,0.993301,0.006699,51200,6584612,748,9872,316,1428
14200,37.196,23.746,1.567638,1.136841,0.430797,128.6914,0.836582,0.0,0.995332,0.004668,51200,6589000,763,9094,305,1428
14250,37.317,23.814,1.543787,1.125122,0.418665,128.83,0.839375,0.0,0.997188,0.002812,51200,6596096,793,8895,305,1432
14300,37.44,23.882,1.586184,1.151611,0.434573,128.753,0.854062,0.0,0.995918,0.004082,51200,6592154,788,9119,294,1432
14350,37.565,23.95,1.521001,1.138916,0.382085,128.6503,0.861504,0.0,0.994473,0.005527,51200,6586895,827,8441,284,1432
14400,37.687,24.019,1.510471,1.095093,0.415378,128.7425,0.86207,0.0,0.996016,0.003984,51200,6591614,767,8131,288,1432
14450,37.808,24.087,1.44301,1.040894,0.402117,128.723,0.859336,0.0,0.995391,0.004609,51200,6590616,784,7163,293,1432
14500,37.926,24.154,1.441959,1.054199,0.38776,128.8675,0.86916,0.0,0.997852,0.002148,51200,6598018,798,7727,305,1441
14550,38.046,24.222,1.543622,1.118408,0.425214,128.8858,0.865469,0.0,0.998203,0.001797,51200,6598955,787,8524,310,1441
14600,38.164,24.29,1.551022,1.128662,0.42236,128.9505,0.861875,0.0,0.999121,0.000879,51200,6602265,723,8808,303,1441
14650,38.285,24.358,1.451247,1.089722,0.361525,128.9704,0.864941,0.0,0.999512,0.000488,51200,6603285,825,8288,307,1452
14700,38.405,24.426,1.508104,1.10083,0.407274,128.9531,0.870449,0.0,0.999336,0.000664,51200,6602401,774,8628,299,1452
14750,38.525,24.494,1.459937,1.07605,0.383888,128.9889,0.869297,0.0,0.999805,0.000195,51200,6604234,791,7962,298,1452
14800,38.646,24.562,1.445463,1.078003,0.36746,128.9698,0.891328,0.0,0.999512,0.000488,51200,6603253,834,7974,294,1452
14850,38.792,24.63,1.388173,0.991821,0.396351,129.0,0.894473,0.0,1.0,0.0,51200,6604800,753,6300,288,1452
14900,38.912,24.698,1.384261,0.975708,0.408553,128.956,0.893438,0.0,0.999336,0.000664,51200,6602548,770,6653,299,1454
14950,39.032,24.766,1.450042,1.037842,0.4122,128.9691,0.894375,0.0,0.999473,0.000527,51200,6603217,774,7652,292,1454
15000,39.151,24.835,1.558495,1.132812,0.425683,128.8562,0.892598,0.0,0.997773,0.002227,51200,6597436,780,9322,295,1462
15050,39.274,24.903,1.677414,1.20813,0.469284,128.866,0.889512,0.0,0.99791,0.00209,51200,6597940,771,10141,293,1462
15100,39.394,24.973,1.646793,1.191895,0.454899,131.5639,0.8875,0.000273,0.995566,0.00416,51200,6736074,797,10059,300,1462
15150,39.515,25.042,1.501706,1.109253,0.392453,128.9314,0.881152,0.0,0.998887,0.001113,51200,6601286,764,7913,300,1470
15200,39.644,25.11,1.462596,1.092651,0.369944,128.9533,0.884473,0.0,0.999258,0.000742,51200,6602408,774,8110,287,1470
15250,39.777,25.193,1.385863,1.042725,0.343138,128.8355,0.873047,0.0,0.997246,0.002754,51200,6596378,753,7572,285,1470
15300,39.896,25.261,1.306951,1.027222,0.27973,128.8598,0.871426,0.0,0.99793,0.00207,51200,6597622,751,7671,285,1470
15350,40.012,25.329,1.43745,1.110962,0.326488,128.9928,0.861895,0.0,0.999902,9.8e-05,51200,6604432,794,9129,292,1478
15400,40.131,25.397,1.426338,1.091431,0.334908,128.9331,0.848242,0.0,0.998945,0.001055,51200,6601377,822,9005,294,1482
15450,40.253,25.465,1.462046,1.182739,0.279307,128.8006,0.837324,0.0,0.997012,0.002988,51200,6594589,783,9773,288,1483
15500,40.376,25.534,1.558226,1.2854,0.272826,128.8072,0.850137,0.0,0.996973,0.003027,51200,6594930,810,11226,294,1491
15550,40.497,25.603,1.612837,1.320435,0.292403,128.7948,0.839336,0.0,0.99666,0.00334,51200,6594294,791,11471,300,1506
15600,40.619,25.673,1.448039,1.204834,0.243205,135.6531,0.861348,0.00084,0.996973,0.002188,51200,6945438,774,9715,310,1512
15650,40.749,25.743,1.383885,1.133423,0.250462,132.6846,0.872969,0.000488,0.995449,0.004062,51200,6793452,799,9103,310,1519
15700,40.869,25.811,1.414456,1.116211,0.298245,128.7679,0.864336,0.0,0.996621,0.003379,51200,6592918,802,9530,297,1522
15750,40.991,25.88,1.411888,1.126465,0.285424,128.8648,0.848867,0.0,0.997852,0.002148,51200,6597878,788,8949,303,1524
15800,41.114,25.95,1.400519,1.106934,0.293586,128.7896,0.859453,0.0,0.996777,0.003223,51200,6594026,777,8115,291,1524
15850,41.235,26.019,1.41192,1.088867,0.323053,128.8484,0.868809,0.0,0.997598,0.002402,51200,6597039,836,8535,294,1536
15900,41.357,26.087,1.399787,1.099731,0.300056,128.6591,0.851934,0.0,0.994375,0.005625,51200,6587345,743,8359,289,1536
15950,41.478,26.156,1.534659,1.182739,0.35192,128.8699,0.844941,0.0,0.997891,0.002109,51200,6598139,799,9660,284,1538
16000,41.599,26.226,1.653154,1.267944,0.38521,128.5315,0.840742,0.0,0.992539,0.007461,51200,6580814,766,10639,285,1539
16050,41.72,26.294,1.602545,1.268677,0.333868,128.6506,0.859492,0.0,0.994629,0.005371,51200,6586909,755,10630,287,1539
16100,41.841,26.364,1.662184,1.279663,0.382521,128.8379,0.840527,0.0,0.997402,0.002598,51200,6596501,787,11204,294,1539
16150,41.963,26.433,1.566535,1.213379,0.353156,128.8967,0.845078,0.0,0.998242,0.001758,51200,6599509,803,10805,299,1541
16200,42.085,26.503,1.597086,1.225098,0.371989,128.9706,0.846172,0.0,0.999551,0.000449,51200,6603297,806,10601,289,1544
16250,42.208,26.574,1.590588,1.227051,0.363537,128.8722,0.863887,0.0,0.997812,0.002188,51200,6598259,756,11133,287,1549
16300,42.335,26.644,1.657327,1.276123,0.381204,128.4058,0.848848,0.0,0.990977,0.009023,51200,6574376,790,11543,300,1553
16350,42.461,26.713,1.615627,1.229614,0.386013,128.6703,0.839766,0.0,0.995059,0.004941,51200,6587918,809,10507,303,1555
16400,42.585,26.783,1.448749,1.119873,0.328876,128.8212,0.852754,0.0,0.997324,0.002676,51200,6595648,795,8386,303,1563
16450,42.71,26.851,1.443806,1.130737,0.313069,128.9637,0.85332,0.0,0.999473,0.000527,51200,6602939,787,8487,309,1570
16500,42.83,26.92,1.394984,1.056274,0.33871,129.063,0.847676,0.0,0.996973,0.003027,51200,6608025,761,8334,291,1572
16550,42.952,26.989,1.482006,1.133667,0.348339,132.206,0.827344,0.0,0.997227,0.002773,51200,6768946,789,9245,300,1583
16600,43.075,27.057,1.483459,1.149292,0.334167,128.867,0.818438,0.0,0.997969,0.002031,51200,6597988,750,9348,293,1590
16650,43.199,27.127,1.596873,1.188354,0.408518,128.7986,0.818359,0.0,0.996836,0.003164,51200,6594487,833,10296,288,1592
16700,43.32,27.196,1.59926,1.208374,0.390886,128.8543,0.835703,0.0,0.997871,0.002129,51200,6597339,801,10906,295,1593
16750,43.474,27.295,1.620657,1.175781,0.444876,128.9637,0.837207,0.0,0.999355,0.000645,51200,6602942,779,9468,286,1593
16800,43.599,27.365,1.577845,1.164429,0.413417,128.8666,0.846895,0.0,0.998008,0.001992,51200,6597972,726,9426,286,1596
16850,43.728,27.439,1.594994,1.171265,0.423729,128.839,0.855781,0.0,0.99752,0.00248,51200,6596555,808,9210,287,1596
16900,43.85,27.507,1.590021,1.16626,0.423761,128.7716,0.864102,0.0,0.996543,0.003457,51200,6593107,819,9348,286,1597
16950,43.97,27.577,1.506616,1.058472,0.448144,128.9307,0.860605,0.0,0.998906,0.001094,51200,6601253,805,8142,286,1597
17000,44.09,27.647,1.465366,1.056152,0.409213,128.902,0.855625,0.0,0.998418,0.001582,51200,6599781,781,8353,287,1597
17050,44.21,27.715,1.506731,1.104126,0.402605,128.7446,0.84416,0.0,0.995801,0.004199,51200,6591725,774,8473,295,1602
17100,44.333,27.783,1.541364,1.115967,0.425397,128.9121,0.853047,0.0,0.997441,0.002559,51200,6600299,798,8830,298,1610
17150,44.455,27.852,1.543015,1.109131,0.433884,128.7736,0.863242,0.0,0.995664,0.004336,51200,6593206,801,8556,296,1613
17200,44.575,27.92,1.522408,1.066162,0.456245,128.8239,0.83668,0.0,0.997441,0.002559,51200,6595785,800,8882,300,1621
17250,44.693,27.987,1.507943,1.066772,0.441171,128.7437,0.830703,0.0,0.995801,0.004199,51200,6591678,788,8678,301,1623
17300,44.811,28.056,1.468529,1.032593,0.435936,128.7772,0.823945,0.0,0.996641,0.003359,51200,6593395,829,8278,301,1628
17350,44.93,28.126,1.450935,0.996704,0.454231,128.8419,0.844062,0.0,0.997656,0.002344,51200,6596707,803,7894,299,1631
17400,45.049,28.194,1.502004,1.065796,0.436208,128.6784,0.841113,0.0,0.995254,0.004746,51200,6588334,783,8845,293,1636
17450,45.169,28.263,1.662599,1.163208,0.499391,128.6592,0.848223,0.0,0.995605,0.004395,51200,6587353,824,9751,295,1636
17500,45.289,28.332,1.683557,1.174438,0.509119,128.7901,0.844043,0.0,0.996582,0.003418,51200,6594055,772,9952,295,1636
17550,45.407,28.401,1.748386,1.178711,0.569675,128.6302,0.852285,0.0,0.994492,0.005508,51200,6585865,751,10065,305,1636
17600,45.528,28.47,1.786016,1.212524,0.573492,128.8093,0.84248,0.0,0.9975,0.0025,51200,6595034,756,10105,318,1647
17650,45.649,28.538,1.670307,1.130005,0.540302,128.7167,0.840039,0.0,0.995938,0.004062,51200,6590294,812,9247,332,1656
17700,45.771,28.609,1.619768,1.10376,0.516009,128.6954,0.831699,0.0,0.99543,0.00457,51200,6589203,809,8509,332,1665
17750,45.888,28.676,1.634874,1.092651,0.542223,128.8406,0.846348,0.0,0.997598,0.002402,51200,6596641,734,9101,327,1666
17800,46.005,28.744,1.581616,1.078979,0.502637,128.9518,0.862871,0.0,0.999238,0.000762,51200,6602332,772,8550,320,1666
17850,46.117,28.811,1.584945,1.056396,0.528549,128.9151,0.852051,0.0,0.998594,0.001406,51200,6600455,794,8599,312,1666
17900,46.231,28.879,1.613202,1.090454,0.522748,128.9164,0.834199,0.0,0.998672,0.001328,51200,6600520,773,9338,308,1666
17950,46.347,28.947,1.706314,1.164062,0.542251,128.7611,0.807344,0.0,0.995898,0.004102,51200,6592568,764,10533,298,1673
18000,46.464,29.016,1.671791,1.173462,0.498329,128.5694,0.803496,0.0,0.993438,0.006562,51200,6582753,797,10770,297,1673
18050,46.582,29.084,1.740776,1.212402,0.528374,128.9258,0.799961,0.0,0.998828,0.001172,51200,6601000,720,10524,298,1680
18100,46.701,29.153,1.766175,1.218018,0.548158,128.923,0.807324,0.0,0.998887,0.001113,51200,6600858,760,10562,318,1690
18150,46.848,29.248,1.750104,1.182739,0.567365,128.8136,0.834434,0.0,0.996875,0.003125,51200,6595255,805,10006,318,1691
18200,46.967,29.316,1.66525,1.107178,0.558072,128.8915,0.831836,0.0,0.998438,0.001562,51200,6599246,784,8913,317,1692
18250,47.089,29.384,1.634239,1.11499,0.519248,128.8056,0.829062,0.0,0.997129,0.002871,51200,6594845,770,8320,331,1697
18300,47.209,29.453,1.639044,1.094727,0.544318,133.4914,0.851074,0.000605,0.993496,0.005898,51200,6834758,779,8604,335,1700
18350,47.329,29.522,1.650197,1.110107,0.54009,140.11,0.843281,0.001445,0.990352,0.008203,51200,7173633,761,9012,333,1706
18400,47.449,29.59,1.711309,1.140015,0.571294,130.3915,0.836211,0.000176,0.995684,0.004141,51200,6676045,819,9359,317,1706
18450,47.571,29.658,1.732946,1.128906,0.60404,128.7454,0.833574,0.0,0.996211,0.003789,51200,6591766,741,8899,324,1706
18500,47.692,29.726,1.693658,1.127441,0.566217,128.7557,0.828008,0.0,0.996387,0.003613,51200,6592291,735,9269,320,1707
18550,47.809,29.794,1.635768,1.04895,0.586817,128.6923,0.846914,0.0,0.995156,0.004844,51200,6589045,782,8642,324,1716
18600,47.931,29.862,1.731183,1.123535,0.607648,128.7951,0.842734,0.0,0.996875,0.003125,51200,6594309,795,9675,331,1731
18650,48.077,29.946,1.665787,1.0896,0.576187,128.978,0.833809,0.0,0.999648,0.000352,51200,6603673,774,9755,320,1738
18700,48.195,30.013,1.623828,1.024658,0.59917,128.8665,0.806191,0.0,0.99793,0.00207,51200,6597963,788,8592,311,1738
18750,48.314,30.08,1.620386,1.079956,0.54043,128.8858,0.788828,0.0,0.99834,0.00166,51200,6598955,837,8851,300,1738
18800,48.435,30.148,1.872184,1.278564,0.59362,128.8996,0.78543,0.0,0.998496,0.001504,51200,6599662,789,11528,299,1740
18850,48.556,30.216,1.869973,1.303955,0.566018,128.8893,0.801523,0.0,0.998184,0.001816,51200,6599131,792,11841,320,1753
18900,48.68,30.284,1.800735,1.241333,0.559402,128.9811,0.817812,0.0,0.999766,0.000234,51200,6603831,750,10349,319,1756
18950,48.798,30.352,1.64792,1.093262,0.554659,128.9333,0.839609,0.0,0.998867,0.001133,51200,6601384,823,8541,324,1773
19000,48.913,30.419,1.727019,1.155029,0.571989,128.786,0.849375,0.0,0.996602,0.003398,51200,6593845,769,10108,316,1773
19050,49.032,30.487,1.827038,1.247803,0.579235,128.7867,0.8375,0.0,0.996699,0.003301,51200,6593878,828,11244,307,1773
19100,49.154,30.556,1.734575,1.206543,0.528032,129.0,0.831328,0.0,1.0,0.0,51200,6604800,772,10252,306,1773
19150,49.273,30.624,1.686089,1.155884,0.530205,128.7904,0.836895,0.0,0.996875,0.003125,51200,6594068,816,9920,308,1775
19200,49.393,30.693,1.84672,1.28894,0.55778,128.8335,0.858105,0.0,0.997441,0.002559,51200,6596273,781,10848,316,1776
19250,49.518,30.766,1.860525,1.306519,0.554007,128.9258,0.858203,0.0,0.998867,0.001133,51200,6601002,771,10860,331,1782
19300,49.64,30.835,1.933095,1.29187,0.641225,128.9468,0.871016,0.0,0.999102,0.000898,51200,6602077,827,11291,323,1782
19350,49.762,30.905,1.909359,1.255005,0.654354,128.8441,0.854941,0.0,0.997734,0.002266,51200,6596818,774,10444,316,1782
19400,49.897,30.977,1.891795,1.280396,0.611399,128.9609,0.857285,0.0,0.999043,0.000957,51200,6602800,812,11058,326,1782
19450,50.037,31.047,1.787899,1.21106,0.576839,129.0167,0.868105,0.0,0.999297,0.000703,51200,6605656,789,9789,319,1784
19500,50.159,31.116,1.58924,1.091553,0.497688,128.9507,0.867695,0.0,0.999004,0.000996,51200,6602274,787,7810,319,1784
19550,50.281,31.185,1.697382,1.163452,0.53393,128.866,0.868223,0.0,0.997891,0.002109,51200,6597937,772,9124,320,1787
19600,50.402,31.254,1.797991,1.253052,0.544939,128.8143,0.877168,0.0,0.997168,0.002832,51200,6595294,800,10254,319,1787
19650,50.517,31.322,1.700289,1.145874,0.554415,128.7433,0.856289,0.0,0.996211,0.003789,51200,6591655,789,9260,303,1787
19700,50.636,31.391,1.738841,1.203247,0.535594,128.8758,0.845879,0.0,0.998086,0.001914,51200,6598442,771,9723,304,1789
19750,50.753,31.46,1.800592,1.158325,0.642267,128.7412,0.860898,0.0,0.995898,0.004102,51200,6591549,781,9867,304,1790
19800,50.872,31.529,1.776469,1.170044,0.606425,128.9274,0.861758,0.0,0.998848,0.001152,51200,6601084,761,9461,307,1794
19850,51.005,31.609,1.774642,1.175659,0.598982,128.8747,0.847441,0.0,0.998145,0.001855,51200,6598384,798,9771,327,1805
19900,51.126,31.679,1.852242,1.272339,0.579904,128.9816,0.839922,0.0,0.999688,0.000312,51200,6603860,817,12011,337,1805
19950,51.247,31.748,1.879874,1.255249,0.624625,128.9615,0.833555,0.0,0.999355,0.000645,51200,6602827,697,11680,326,1807
20000,51.372,31.818,1.794222,1.249512,0.54471,128.9921,0.849941,0.0,0.999844,0.000156,51200,6604395,850,11146,321,1807
20050,51.491,31.887,1.727801,1.175293,0.552508,128.7898,0.841973,0.0,0.996641,0.003359,51200,6594039,771,10610,326,1815
20100,51.611,31.955,1.752293,1.170898,0.581395,128.6541,0.828105,0.0,0.994609,0.005391,51200,6587088,759,9860,338,1823
20150,51.728,32.023,1.6881,1.132935,0.555166,128.7515,0.819824,0.0,0.996191,0.003809,51200,6592076,818,9349,347,1835
20200,51.844,32.091,1.721399,1.139038,0.582361,128.8714,0.82457,0.0,0.997871,0.002129,51200,6598215,762,9371,348,1839
20250,51.963,32.159,1.721374,1.19458,0.526794,128.7482,0.813262,0.0,0.996113,0.003887,51200,6591910,783,10373,358,1857
20300,52.08,32.227,1.725862,1.17395,0.551912,128.6767,0.825195,0.0,0.994961,0.005039,51200,6588247,761,10762,331,1865
20350,52.199,32.296,1.789004,1.262207,0.526797,128.7762,0.801914,0.0,0.996484,0.003516,51200,6593339,836,12296,313,1865
20400,52.321,32.365,1.794271,1.301025,0.493245,128.7336,0.784395,0.0,0.995762,0.004238,51200,6591158,770,12228,310,1865
20450,52.444,32.434,1.832801,1.320923,0.511878,128.8237,0.786152,0.0,0.997324,0.002676,51200,6595773,792,12386,302,1865
20500,52.567,32.503,1.807945,1.301514,0.506431,128.8032,0.800449,0.0,0.996836,0.003164,51200,6594723,823,12402,332,1877
20550,52.78,32.581,1.749171,1.271851,0.47732,128.6297,0.797207,0.0,0.994355,0.005645,51200,6585840,780,11283,320,1877
20600,52.932,32.651,1.695722,1.23938,0.456342,128.7734,0.808926,0.0,0.996465,0.003535,51200,6593200,811,11275,321,1877
20650,53.07,32.737,1.705795,1.259766,0.44603,128.8725,0.825762,0.0,0.998066,0.001934,51200,6598274,752,11520,314,1882
20700,53.195,32.806,1.734141,1.245239,0.488902,128.7569,0.850703,0.0,0.996172,0.003828,51200,6592352,765,10825,318,1891
20750,53.346,32.888,1.674066,1.200439,0.473626,128.8008,0.868672,0.0,0.996855,0.003145,51200,6594602,756,10195,302,1893
20800,53.47,32.958,1.677766,1.172119,0.505646,128.7182,0.843496,0.0,0.995625,0.004375,51200,6590371,803,10440,306,1894
20850,53.593,33.027,1.678302,1.232666,0.445636,128.7523,0.852324,0.0,0.996133,0.003867,51200,6592120,787,11245,308,1898
20900,53.714,33.095,1.536926,1.133911,0.403015,128.7249,0.839688,0.0,0.995684,0.004316,51200,6590713,785,9883,310,1898
20950,53.837,33.164,1.515135,1.116577,0.398558,128.8714,0.83957,0.0,0.99752,0.00248,51200,6598217,766,8973,329,1907
21000,53.958,33.233,1.421694,1.081909,0.339785,128.7654,0.859727,0.0,0.996426,0.003574,51200,6592788,807,8253,329,1908
21050,54.074,33.302,1.585454,1.171997,0.413457,128.9443,0.868906,0.0,0.999043,0.000957,51200,6601948,772,10799,337,1912
21100,54.192,33.37,1.631893,1.21167,0.420223,128.9185,0.845195,0.0,0.99877,0.00123,51200,6600628,814,11174,317,1919
21150,54.311,33.439,1.63864,1.255981,0.382659,128.8649,0.829102,0.0,0.997812,0.002188,51200,6597881,794,11606,319,1920
21200,54.431,33.507,1.639437,1.233154,0.406283,128.7041,0.831445,0.0,0.995293,0.004707,51200,6589650,789,11739,329,1920
21250,54.554,33.576,1.764481,1.373413,0.391068,128.675,0.833477,0.0,0.995,0.005,51200,6588161,778,13069,327,1920
21300,54.679,33.647,1.938265,1.489624,0.448641,128.7912,0.83125,0.0,0.996816,0.003184,51200,6594112,827,13795,317,1920
21350,54.802,33.718,1.941136,1.470093,0.471043,128.8293,0.845273,0.0,0.997129,0.002871,51200,6596062,762,14306,330,1922
21400,54.923,33.788,1.918855,1.448486,0.470369,128.7393,0.824141,0.0,0.996055,0.003945,51200,6591450,832,13856,320,1922
21450,55.043,33.858,1.898141,1.438843,0.459298,128.7241,0.824336,0.0,0.995605,0.004395,51200,6590676,779,13874,326,1924
21500,55.166,33.928,1.782468,1.360229,0.422238,128.5277,0.823418,0.0,0.992754,0.007246,51200,6580616,763,11940,342,1929
21550,55.292,34.0,1.708569,1.303711,0.404858,128.6953,0.838633,0.0,0.995391,0.004609,51200,6589198,773,11293,329,1937
21600,55.414,34.069,1.716565,1.302612,0.413953,128.623,0.830684,0.0,0.994141,0.005859,51200,6585496,787,10989,311,1937
21650,55.536,34.14,1.66204,1.282227,0.379813,128.8217,0.829727,0.0,0.997207,0.002793,51200,6595670,760,10720,313,1937
21700,55.658,34.209,1.769221,1.363647,0.405574,128.7597,0.829688,0.0,0.996094,0.003906,51200,6592499,782,12080,313,1937
21750,55.783,34.283,1.660091,1.286987,0.373104,128.7059,0.836387,0.0,0.995488,0.004512,51200,6589742,769,10959,300,1939
21800,55.916,34.364,1.685853,1.299438,0.386415,128.7305,0.83252,0.0,0.99582,0.00418,51200,6591004,777,11253,298,1939
21850,56.037,34.433,1.654172,1.29541,0.358762,128.8075,0.835293,0.0,0.996934,0.003066,51200,6594944,795,11099,306,1941
21900,56.25,34.579,1.567947,1.229858,0.338089,128.6906,0.834824,0.0,0.994961,0.005039,51200,6588957,744,10072,305,1944
21950,56.368,34.647,1.461266,1.170532,0.290734,128.9221,0.831758,0.0,0.998809,0.001191,51200,6600810,752,9787,299,1944
22000,56.486,34.716,1.444766,1.130859,0.313906,128.9605,0.817168,0.0,0.999102,0.000898,51200,6602779,792,9369,300,1945
22050,56.607,34.785,1.458614,1.137695,0.320919,128.9691,0.821621,0.0,0.999492,0.000508,51200,6603218,767,9388,295,1951
22100,56.731,34.854,1.520115,1.174927,0.345188,128.8562,0.809785,0.0,0.997754,0.002246,51200,6597439,768,10156,287,1954
22150,56.866,34.938,1.422279,1.175415,0.246864,128.8598,0.812871,0.0,0.99791,0.00209,51200,6597622,801,10650,284,1954
22200,56.985,35.005,1.512437,1.196045,0.316392,128.9749,0.800098,0.0,0.999648,0.000352,51200,6603514,804,10775,281,1955
22250,57.106,35.073,1.420595,1.17041,0.250185,128.8171,0.800176,0.0,0.997051,0.002949,51200,6595433,817,10394,306,1967
22300,57.246,35.144,1.497907,1.228394,0.269513,128.7219,0.792617,0.0,0.995605,0.004395,51200,6590559,752,11120,306,1967
22350,57.376,35.215,1.484549,1.240967,0.243582,128.8596,0.80418,0.0,0.997656,0.002344,51200,6597609,786,10533,285,1968
22400,57.494,35.284,1.489031,1.21875,0.270281,128.7539,0.820566,0.0,0.996406,0.003594,51200,6592202,761,10336,281,1968
22450,57.613,35.351,1.4362,1.200806,0.235395,128.8068,0.813418,0.0,0.996895,0.003105,51200,6594908,780,10403,275,1968
22500,57.734,35.419,1.486541,1.231445,0.255096,128.8787,0.804258,0.0,0.998086,0.001914,51200,6598591,817,10733,295,1974
22550,57.853,35.486,1.421004,1.153687,0.267318,128.8326,0.815098,0.0,0.997246,0.002754,51200,6596231,811,9485,295,1974
22600,57.994,35.554,1.36402,1.079712,0.284308,128.9425,0.836328,0.0,0.999141,0.000859,51200,6601854,778,8584,292,1974
22650,58.112,35.621,1.417096,1.127197,0.289899,128.9187,0.838652,0.0,0.998711,0.001289,51200,6600635,815,9018,295,1974
22700,58.23,35.689,1.467119,1.202148,0.26497,128.9091,0.83291,0.0,0.998594,0.001406,51200,6600148,789,10034,307,1976
22750,58.346,35.759,1.45602,1.157715,0.298305,128.7354,0.82916,0.0,0.995918,0.004082,51200,6591253,739,9487,286,1976
22800,58.462,35.827,1.497623,1.16687,0.330752,128.7224,0.823535,0.0,0.995664,0.004336,51200,6590589,784,10014,283,1977
22850,58.579,35.893,1.43013,1.115112,0.315018,128.7409,0.804199,0.0,0.996172,0.003828,51200,6591534,789,9180,281,1980
22900,58.71,35.968,1.479423,1.128174,0.351249,128.8546,0.809453,0.0,0.997773,0.002227,51200,6597358,770,9025,289,1987
22950,58.834,36.04,1.528516,1.196655,0.331861,128.7895,0.809941,0.0,0.996699,0.003301,51200,6594020,789,10118,285,1992
23000,58.972,36.116,1.472664,1.133423,0.339241,128.7723,0.809668,0.0,0.996367,0.003633,51200,6593143,786,9312,283,1993
23050,59.098,36.184,1.489672,1.171875,0.317797,128.9383,0.807598,0.0,0.999023,0.000977,51200,6601641,799,9799,297,2001
23100,59.224,36.257,1.454471,1.13501,0.319461,128.9663,0.821836,0.0,0.999492,0.000508,51200,6603075,762,8905,289,2003
23150,59.344,36.326,1.41239,1.088379,0.324011,128.9688,0.839609,0.0,0.999512,0.000488,51200,6603201,757,8051,279,2003
23200,59.464,36.394,1.421591,1.082275,0.339316,128.9688,0.846719,0.0,0.999375,0.000625,51200,6603205,803,8162,282,2003
23250,59.603,36.468,1.472798,1.091919,0.380879,128.6607,0.849258,0.0,0.994316,0.005684,51200,6587430,810,8132,288,2009
23300,59.728,36.539,1.545979,1.13147,0.414509,128.5928,0.860234,0.0,0.993379,0.006621,51200,6583951,788,8920,282,2009
23350,59.845,36.608,1.499988,1.118896,0.381092,128.7767,0.871797,0.0,0.996504,0.003496,51200,6593367,719,8942,284,2010
23400,59.962,36.677,1.51845,1.122681,0.39577,128.5648,0.843535,0.0,0.99373,0.00627,51200,6582518,752,8939,281,2010
23450,60.077,36.745,1.457641,1.100952,0.356689,128.8157,0.85834,0.0,0.99707,0.00293,51200,6595364,782,8753,283,2010
23500,60.194,36.814,1.544597,1.172485,0.372112,128.6768,0.839766,0.0,0.995254,0.004746,51200,6588251,829,9197,281,2012
23550,60.311,36.882,1.542516,1.200928,0.341588,128.5571,0.829609,0.0,0.993477,0.006523,51200,6582122,805,10263,286,2019
23600,60.43,36.952,1.600792,1.258301,0.342491,128.5411,0.836035,0.0,0.993066,0.006934,51200,6581306,783,10911,280,2019
23650,60.549,37.021,1.48476,1.245239,0.23952,128.8777,0.812617,0.0,0.998008,0.001992,51200,6598537,828,11249,282,2019
23700,60.668,37.089,1.482389,1.239624,0.242765,128.7625,0.794277,0.0,0.996055,0.003945,51200,6592640,800,11115,290,2031
23750,60.789,37.158,1.420467,1.196777,0.223689,128.8056,0.789766,0.0,0.996992,0.003008,51200,6594845,799,10641,301,2039
23800,60.912,37.227,1.344143,1.177124,0.167019,128.8383,0.82459,0.0,0.99752,0.00248,51200,6596520,771,9459,295,2039
23850,61.038,37.301,1.280788,1.135864,0.144923,128.7913,0.832305,0.0,0.996719,0.003281,51200,6594117,782,9263,295,2039
23900,61.156,37.369,1.277323,1.093628,0.183695,128.7391,0.823594,0.0,0.996172,0.003828,51200,6591443,743,8576,293,2039
23950,61.275,37.437,1.235765,1.093994,0.141771,128.9173,0.80791,0.0,0.998672,0.001328,51200,6600568,775,8270,294,2042
24000,61.395,37.505,1.204107,1.046509,0.157598,129.0,0.843145,0.0,1.0,0.0,51200,6604800,766,7809,288,2042
24050,61.511,37.572,1.262683,1.109985,0.152698,128.9953,0.842109,0.0,0.999941,5.9e-05,51200,6604557,794,9157,288,2045
24100,61.63,37.64,1.302127,1.11499,0.187137,128.8619,0.853203,0.0,0.997539,0.002461,51200,6597727,753,9492,295,2045
24150,61.752,37.708,1.431114,1.207886,0.223229,128.9078,0.850723,0.0,0.998555,0.001445,51200,6600079,779,10918,292,2046
24200,61.878,37.781,1.530576,1.230347,0.300229,128.8812,0.840215,0.0,0.998262,0.001738,51200,6598720,780,10734,307,2049
24250,62.0,37.851,1.471531,1.194702,0.276829,128.8098,0.830918,0.0,0.997129,0.002871,51200,6595064,778,10443,324,2056
24300,62.127,37.921,1.41515,1.175171,0.239979,128.8781,0.824902,0.0,0.998262,0.001738,51200,6598557,771,10096,324,2060
24350,62.246,37.989,1.416233,1.146606,0.269626,128.8206,0.815234,0.0,0.99707,0.00293,51200,6595614,742,9706,327,2063
24400,62.364,38.056,1.349873,1.101318,0.248555,128.7889,0.808164,0.0,0.99627,0.00373,51200,6593993,821,9272,320,2064
24450,62.484,38.124,1.365654,1.102905,0.262749,128.8088,0.827363,0.0,0.996797,0.003203,51200,6595013,763,8613,320,2071
24500,62.603,38.192,1.257245,1.028687,0.228558,128.7499,0.846152,0.0,0.996074,0.003926,51200,6591994,795,7818,314,2071
24550,62.72,38.259,1.186836,0.973022,0.213814,128.8357,0.829961,0.0,0.997461,0.002539,51200,6596388,742,7086,298,2071
24600,62.842,38.327,1.217036,1.029297,0.187739,128.8755,0.828516,0.0,0.99791,0.00209,51200,6598424,738,7898,294,2071
24650,62.959,38.395,1.24588,1.020508,0.225372,128.7546,0.848242,0.0,0.996484,0.003516,51200,6592235,751,8013,295,2074
24700,63.077,38.463,1.316391,1.074219,0.242172,129.0,0.854609,0.0,1.0,0.0,51200,6604800,799,8471,287,2074
24750,63.197,38.534,1.272611,1.054688,0.217923,128.9472,0.849473,0.0,0.999219,0.000781,51200,6602097,774,8340,278,2074
24800,63.322,38.606,1.289731,1.079712,0.210019,128.8956,0.854004,0.0,0.998418,0.001582,51200,6599454,771,8054,279,2075
24850,63.454,38.674,1.332511,1.095581,0.23693,128.8962,0.857891,0.0,0.998516,0.001484,51200,6599485,750,8727,288,2078
24900,63.586,38.753,1.339429,1.124268,0.215162,128.92,0.862539,0.0,0.998809,0.001191,51200,6600706,798,8511,300,2084
24950,63.702,38.821,1.335483,1.115723,0.21976,128.9185,0.858984,0.0,0.998652,0.001348,51200,6600626,794,8749,291,2084
25000,63.825,38.89,1.349977,1.136597,0.21338,128.8108,0.857949,0.0,0.99707,0.00293,51200,6595115,775,8194,288,2084
25050,63.949,38.963,1.469037,1.193115,0.275922,128.8439,0.854375,0.0,0.997422,0.002578,51200,6596807,736,9509,297,2093
25100,64.069,39.033,1.480564,1.213867,0.266697,128.8584,0.854512,0.0,0.997637,0.002363,51200,6597549,733,9994,296,2093
25150,64.191,39.103,1.603948,1.321167,0.282781,134.0095,0.837168,0.000645,0.996211,0.003145,51200,6861284,788,12017,295,2093
25200,64.315,39.175,1.597875,1.315796,0.282079,144.3524,0.844336,0.001934,0.99416,0.003906,51200,7390844,817,11892,298,2096
25250,64.453,39.255,1.557337,1.269897,0.28744,130.8731,0.832617,0.000254,0.996836,0.00291,51200,6700701,792,11633,308,2102
25300,64.581,39.329,1.417432,1.236938,0.180493,128.8627,0.834648,0.0,0.997812,0.002188,51200,6597770,787,10687,299,2102
25350,64.706,39.4,1.402381,1.223999,0.178382,128.7158,0.835762,0.0,0.995332,0.004668,51200,6590250,786,10360,291,2102
25400,64.831,39.47,1.41258,1.256714,0.155866,128.6306,0.838203,0.0,0.994023,0.005977,51200,6585886,731,10425,287,2102
25450,64.953,39.539,1.480094,1.260132,0.219962,128.697,0.85248,0.0,0.995078,0.004922,51200,6589284,776,11297,284,2102
25500,65.076,39.61,1.48475,1.259644,0.225107,128.7423,0.851602,0.0,0.995879,0.004121,51200,6591604,770,10716,282,2102
25550,65.196,39.679,1.63333,1.355591,0.277739,129.7654,0.845449,5.9e-05,0.997676,0.002266,51200,6643986,810,11766,281,2102
25600,65.321,39.749,1.596374,1.335815,0.260558,128.6467,0.839648,0.0,0.993262,0.006738,51200,6586712,784,11012,295,2102
25650,65.447,39.819,1.622712,1.332886,0.289826,128.6885,0.837129,0.0,0.993281,0.006719,51200,6588849,772,11067,295,2102
25700,65.571,39.889,1.605269,1.320679,0.28459,128.9046,0.820625,0.0,0.995781,0.004219,51200,6599913,742,11794,304,2102
25750,65.696,39.958,1.624299,1.34436,0.279939,128.9731,0.84291,0.0,0.996855,0.003145,51200,6603421,797,11957,302,2103
25800,65.817,40.027,1.551336,1.314941,0.236394,128.9021,0.846328,0.0,0.995977,0.004023,51200,6599789,774,12076,301,2105
25850,65.938,40.097,1.584671,1.299194,0.285476,128.8626,0.833867,0.0,0.996855,0.003145,51200,6597763,778,11182,291,2105
25900,66.066,40.167,1.585812,1.340088,0.245724,128.7988,0.842617,0.0,0.994883,0.005117,51200,6594496,809,11746,297,2105
25950,66.189,40.237,1.490962,1.268555,0.222407,128.7775,0.851367,0.0,0.99498,0.00502,51200,6593406,775,10638,290,2105
26000,66.309,40.307,1.395537,1.180786,0.214751,128.7535,0.856641,0.0,0.994375,0.005625,51200,6592177,810,9523,288,2105
26050,66.427,40.375,1.387741,1.162476,0.225265,128.7224,0.841836,0.0,0.993672,0.006328,51200,6590588,794,9457,290,2105
26100,66.577,40.457,1.453562,1.23584,0.217722,132.1687,0.858887,0.000371,0.997031,0.002598,51200,6767038,830,10124,288,2105
26150,66.702,40.525,1.405362,1.201904,0.203458,128.893,0.857676,0.0,0.998223,0.001777,51200,6599324,748,9482,283,2105
26200,66.825,40.597,1.326406,1.130493,0.195913,128.7744,0.862227,0.0,0.996738,0.003262,51200,6593249,757,8328,284,2105
26250,66.942,40.665,1.343763,1.119995,0.223768,128.8713,0.837305,0.0,0.998086,0.001914,51200,6598212,788,8702,279,2105
26300,67.062,40.733,1.353589,1.183105,0.170484,128.9399,0.838672,0.0,0.998984,0.001016,51200,6601724,748,9030,277,2105
26350,67.184,40.804,1.251156,1.097534,0.153622,128.8284,0.853457,0.0,0.997461,0.002539,51200,6596014,767,8105,284,2105
26400,67.303,40.872,1.400839,1.195923,0.204916,128.9685,0.864434,0.0,0.999531,0.000469,51200,6603186,837,10236,272,2105
26450,67.424,40.942,1.461281,1.24292,0.218361,128.7835,0.866387,0.0,0.996973,0.003027,51200,6593713,796,10602,272,2105
26500,67.549,41.014,1.428283,1.280273,0.14801,128.8335,0.867344,0.0,0.996992,0.003008,51200,6596275,842,11064,268,2105
26550,67.672,41.083,1.370074,1.233276,0.136798,128.763,0.861406,0.0,0.995898,0.004102,51200,6592666,761,10150,271,2105
26600,67.796,41.153,1.301225,1.23584,0.065385,128.5958,0.860527,0.0,0.993281,0.006719,51200,6584105,802,10336,277,2105
26650,67.917,41.222,1.267428,1.18335,0.084079,128.5761,0.856191,0.0,0.993594,0.006406,51200,6583094,801,9861,282,2105
26700,68.038,41.291,1.296812,1.199829,0.096983,128.7505,0.868477,0.0,0.995996,0.004004,51200,6592028,809,9596,282,2107
26750,68.159,41.36,1.211788,1.147949,0.063839,128.9178,0.859785,0.0,0.998789,0.001211,51200,6600593,794,8850,282,2113
26800,68.282,41.431,1.134181,1.065186,0.068996,128.985,0.864102,0.0,0.999844,0.000156,51200,6604032,798,7931,275,2113
26850,68.404,41.499,1.117238,1.110352,0.006886,128.9471,0.863574,0.0,0.999141,0.000859,51200,6602092,813,8238,272,2113
26900,68.524,41.568,1.102062,1.072144,0.029918,128.7479,0.858047,0.0,0.995938,0.004062,51200,6591892,772,7929,272,2113
26950,68.658,41.637,1.151925,1.108521,0.043404,128.7254,0.86502,0.0,0.995879,0.004121,51200,6590742,815,8430,272,2113
27000,68.788,41.715,1.317036,1.206665,0.11037,128.8302,0.851309,0.0,0.997441,0.002559,51200,6596107,808,10466,282,2114
27050,68.909,41.783,1.318861,1.257446,0.061415,128.9656,0.846797,0.0,0.999531,0.000469,51200,6603038,758,10592,295,2118
27100,69.031,41.852,1.284458,1.22998,0.054477,128.9086,0.855586,0.0,0.998379,0.001621,51200,6600122,741,10706,304,2118
27150,69.151,41.921,1.392957,1.311401,0.081556,128.8162,0.84709,0.0,0.997246,0.002754,51200,6595391,762,11407,296,2118
27200,69.273,41.991,1.390627,1.330811,0.059817,128.7955,0.834355,0.0,0.996797,0.003203,51200,6594330,773,12039,312,2121
27250,69.392,42.059,1.310479,1.240601,0.069878,128.4929,0.823379,0.0,0.992324,0.007676,51200,6578834,803,10708,307,2127
27300,69.513,42.128,1.217761,1.186157,0.031603,128.5121,0.838203,0.0,0.992383,0.007617,51200,6579818,771,9684,299,2127
27350,69.634,42.196,1.130626,1.104614,0.026012,128.7457,0.845918,0.0,0.995938,0.004062,51200,6591782,792,8094,283,2127
27400,69.757,42.263,1.097022,1.084351,0.012671,128.9014,0.850195,0.0,0.998516,0.001484,51200,6599754,787,8053,279,2127
27450,69.882,42.337,1.341362,1.259277,0.082084,128.8164,0.857871,0.0,0.997344,0.002656,51200,6595402,775,10221,278,2127
27500,70.001,42.407,1.381388,1.25061,0.130778,128.7411,0.864277,0.0,0.996016,0.003984,51200,6591545,758,10062,278,2127
27550,70.121,42.475,1.46229,1.316895,0.145396,128.845,0.856504,0.0,0.997266,0.002734,51200,6596863,784,10833,275,2127
27600,70.243,42.545,1.408193,1.307861,0.100331,128.8838,0.877637,0.0,0.998301,0.001699,51200,6598851,769,9862,277,2132
27650,70.364,42.615,1.430198,1.303101,0.127097,128.9162,0.895586,0.0,0.998828,0.001172,51200,6600510,745,10041,278,2138
27700,70.483,42.684,1.388872,1.261597,0.127275,128.7988,0.897012,0.0,0.996758,0.003242,51200,6594497,725,9478,275,2138
27750,70.601,42.753,1.401871,1.27832,0.123551,132.1834,0.866836,0.000449,0.993047,0.006504,51200,6767791,794,10378,273,2138
27800,70.721,42.823,1.411268,1.292358,0.11891,141.6789,0.856562,0.001621,0.99252,0.005859,51200,7253961,769,10420,275,2138
27850,70.843,42.895,1.358698,1.249023,0.109675,148.1162,0.859316,0.002402,0.994258,0.00334,51200,7583552,774,9204,273,2138
27900,70.965,42.968,1.235417,1.155151,0.080266,147.0267,0.851211,0.002266,0.994316,0.003418,51200,7527765,774,8683,275,2138
27950,71.082,43.037,1.187066,1.135986,0.05108,141.1075,0.840078,0.001504,0.998145,0.000352,51200,7224702,738,9174,278,2138
28000,71.2,43.106,1.235205,1.147583,0.087622,143.1562,0.82248,0.001797,0.992871,0.005332,51200,7329595,750,9356,278,2138
28050,71.319,43.175,1.166813,1.118896,0.047917,145.171,0.81834,0.002031,0.994668,0.003301,51200,7432756,820,8631,280,2140
28100,71.44,43.245,1.196124,1.15332,0.042804,143.1055,0.818223,0.001777,0.994629,0.003594,51200,7327001,789,9312,279,2143
28150,71.559,43.314,1.29396,1.214966,0.078994,136.7726,0.845059,0.001016,0.992207,0.006777,51200,7002758,807,9898,299,2154
28200,71.68,43.382,1.256726,1.182007,0.074719,128.6889,0.846367,0.0,0.995547,0.004453,51200,6588871,776,9057,297,2157
28250,71.801,43.45,1.306335,1.175659,0.130676,128.9604,0.841953,0.0,0.999395,0.000605,51200,6602775,830,8561,297,2163
28300,71.924,43.519,1.327583,1.218506,0.109078,128.9915,0.861055,0.0,0.999863,0.000137,51200,6604364,767,9240,290,2163
28350,72.047,43.588,1.284846,1.198364,0.086482,129.0,0.869453,0.0,1.0,0.0,51200,6604800,782,9475,289,2163
28400,72.17,43.657,1.319336,1.233154,0.086182,128.9151,0.867344,0.0,0.998672,0.001328,51200,6600455,780,10023,290,2167
28450,72.303,43.735,1.369389,1.285522,0.083867,128.7914,0.859297,0.0,0.996699,0.003301,51200,6594118,833,10992,296,2170
28500,72.426,43.804,1.324756,1.189087,0.135669,128.7691,0.854395,0.0,0.996621,0.003379,51200,6592979,807,10067,301,2185
28550,72.548,43.874,1.30104,1.199219,0.101821,128.8392,0.836367,0.0,0.99752,0.00248,51200,6596568,755,10236,311,2190
28600,72.675,43.943,1.298286,1.228882,0.069405,128.8723,0.829922,0.0,0.997969,0.002031,51200,6598260,752,10164,312,2192
28650,72.801,44.015,1.244857,1.196533,0.048323,128.6049,0.837148,0.0,0.993867,0.006133,51200,6584570,817,10007,305,2193
28700,72.919,44.084,1.273701,1.205078,0.068623,128.7551,0.846074,0.0,0.996133,0.003867,51200,6592259,777,10369,293,2197
28750,73.036,44.152,1.299559,1.221924,0.077635,128.7731,0.830391,0.0,0.99627,0.00373,51200,6593185,766,11119,286,2201
28800,73.158,44.221,1.311452,1.25708,0.054372,128.9124,0.814258,0.0,0.998516,0.001484,51200,6600316,766,11277,280,2202
28850,73.279,44.289,1.315624,1.262939,0.052684,130.9775,0.798066,0.000254,0.996895,0.002852,51200,6706047,789,10668,282,2205
28900,73.428,44.367,1.376841,1.325562,0.05128,129.1525,0.801016,0.0,0.999277,0.000723,51200,6612609,809,11494,288,2208
28950,73.549,44.435,1.268433,1.248047,0.020386,129.0268,0.808086,0.0,0.997891,0.002109,51200,6606172,792,10450,287,2208
29000,73.669,44.503,1.348554,1.270874,0.07768,128.8684,0.814004,0.0,0.997891,0.002109,51200,6598061,781,11278,301,2213
29050,73.79,44.571,1.368771,1.289673,0.079098,128.8886,0.816367,0.0,0.998105,0.001895,51200,6599094,799,11324,302,2213
29100,73.915,44.64,1.397126,1.318726,0.0784,128.7831,0.815156,0.0,0.996602,0.003398,51200,6593694,772,11595,301,2213
29150,74.054,44.709,1.474684,1.414551,0.060134,128.8143,0.803984,0.0,0.997188,0.002812,51200,6595293,815,12605,304,2221
29200,74.188,44.789,1.538841,1.41626,0.122581,128.8913,0.814785,0.0,0.998281,0.001719,51200,6599235,766,12909,300,2221
29250,74.316,44.859,1.52498,1.423096,0.101884,128.8805,0.827598,0.0,0.998105,0.001895,51200,6598683,837,12572,306,2224
29300,74.445,44.929,1.367826,1.273682,0.094144,128.8539,0.867148,0.0,0.997812,0.002188,51200,6597318,783,10287,308,2231
29350,74.571,44.998,1.274499,1.243408,0.03109,128.8117,0.867617,0.0,0.997324,0.002676,51200,6595158,784,9980,301,2232
29400,74.702,45.075,1.351982,1.278198,0.073784,128.6682,0.860938,0.0,0.994688,0.005312,51200,6587814,731,10995,297,2235
29450,74.827,45.145,1.512309,1.423828,0.08848,128.5717,0.850293,0.0,0.993145,0.006855,51200,6582870,806,12766,296,2235
29500,74.95,45.215,1.524472,1.449219,0.075253,128.5606,0.864609,0.0,0.993047,0.006953,51200,6582304,797,13170,285,2235
29550,75.07,45.285,1.47367,1.366821,0.106849,128.6163,0.846445,0.0,0.994082,0.005918,51200,6585157,772,12653,286,2235
29600,75.189,45.354,1.508529,1.397095,0.111434,128.6795,0.834355,0.0,0.995176,0.004824,51200,6588388,744,12886,287,2235
29650,75.315,45.425,1.503179,1.401733,0.101446,128.8503,0.848301,0.0,0.997598,0.002402,51200,6597137,749,11925,284,2236
29700,75.439,45.495,1.531904,1.417603,0.114302,128.8352,0.873027,0.0,0.997246,0.002754,51200,6596362,821,12952,289,2243
29750,75.562,45.564,1.569885,1.440308,0.129577,128.9151,0.86293,0.0,0.998633,0.001367,51200,6600452,766,13418,291,2244
29800,75.688,45.634,1.486015,1.361694,0.12432,128.8914,0.85959,0.0,0.99834,0.00166,51200,6599241,760,12029,291,2244
29850,75.81,45.704,1.341847,1.254883,0.086964,128.9208,0.862656,0.0,0.99877,0.00123,51200,6600743,800,10735,293,2248
29900,75.929,45.772,1.306563,1.206909,0.099654,128.9339,0.866035,0.0,0.998965,0.001035,51200,6601418,781,9805,290,2249
29950,76.047,45.84,1.297932,1.228516,0.069416,128.7056,0.866543,0.0,0.995293,0.004707,51200,6589728,758,9940,289,2249
30000,76.166,45.909,1.360418,1.223755,0.136663,128.881,0.828809,0.0,0.998125,0.001875,51200,6598707,786,10402,285,2249
30050,76.284,45.977,1.3183,1.237793,0.080507,128.7024,0.830254,0.0,0.995391,0.004609,51200,6589561,820,10203,292,2253
30100,76.403,46.045,1.199624,1.153687,0.045938,128.5232,0.816895,0.0,0.992617,0.007383,51200,6580386,789,8804,292,2255
30150,76.52,46.112,1.247366,1.212891,0.034475,128.8504,0.808203,0.0,0.997441,0.002559,51200,6597140,784,9775,281,2257
30200,76.642,46.18,1.245654,1.217529,0.028125,128.6948,0.819961,0.0,0.995195,0.004805,51200,6589175,729,9546,270,2257
30250,76.764,46.25,1.253146,1.25,0.003146,128.7188,0.812949,0.0,0.995469,0.004531,51200,6590401,815,10902,287,2263
30300,76.885,46.32,1.246981,1.242676,0.004305,128.6503,0.820293,0.0,0.994766,0.005234,51200,6586897,762,11005,280,2263
30350,77.005,46.387,1.261323,1.246582,0.014741,128.7338,0.791191,0.0,0.995645,0.004355,51200,6591170,822,10793,290,2271
30400,77.133,46.455,1.237749,1.248901,-0.011152,128.7477,0.789297,0.0,0.995879,0.004121,51200,6591881,881,10973,294,2272
30450,77.267,46.529,1.267066,1.299561,-0.032494,128.7397,0.792578,0.0,0.995918,0.004082,51200,6591471,816,11117,309,2277
30500,77.393,46.599,1.445735,1.388062,0.057673,128.687,0.802051,0.0,0.995293,0.004707,51200,6588774,804,12629,314,2280
30550,77.518,46.669,1.510581,1.440063,0.070517,128.5785,0.797773,0.0,0.993574,0.006426,51200,6583220,761,13486,299,2283
30600,77.642,46.739,1.572502,1.474487,0.098014,128.8193,0.799629,0.0,0.997109,0.002891,51200,6595546,807,13936,294,2291
30650,77.769,46.81,1.55974,1.454468,0.105272,128.8573,0.798555,0.0,0.997715,0.002285,51200,6597492,780,12976,294,2291
30700,77.893,46.88,1.484781,1.371826,0.112955,128.627,0.823398,0.0,0.994375,0.005625,51200,6585700,789,12243,299,2291
30750,78.017,46.949,1.436255,1.331421,0.104834,128.7077,0.829883,0.0,0.995508,0.004492,51200,6589835,808,11344,315,2291
30800,78.142,47.019,1.307463,1.250854,0.056608,128.9186,0.85334,3.9e-05,0.993887,0.006074,51200,6600634,769,10284,305,2291
30850,78.266,47.089,1.447196,1.299438,0.147758,131.2137,0.85293,0.000293,0.997617,0.00209,51200,6718139,790,11120,299,2291
30900,78.386,47.158,1.415483,1.30188,0.113603,128.7821,0.842344,0.0,0.997148,0.002852,51200,6593646,799,11473,304,2294
30950,78.507,47.227,1.369711,1.241455,0.128256,128.6572,0.83377,0.0,0.995039,0.004961,51200,6587250,785,10699,300,2294
31000,78.63,47.296,1.255755,1.175415,0.08034,128.7667,0.832168,0.0,0.99707,0.00293,51200,6592853,771,9351,301,2294
31050,78.752,47.364,1.164115,1.110352,0.053764,128.7041,0.821719,0.0,0.995762,0.004238,51200,6589649,800,8492,295,2294
31100,78.872,47.432,1.082952,1.069214,0.013739,128.6538,0.822852,0.0,0.995293,0.004707,51200,6587075,755,7967,285,2294
31150,78.991,47.499,1.238447,1.173462,0.064985,128.6794,0.808477,0.0,0.995039,0.004961,51200,6588387,787,9536,285,2294
31200,79.128,47.568,1.311561,1.228882,0.082679,128.8778,0.808867,0.0,0.997988,0.002012,51200,6598542,752,10307,293,2298
31250,79.26,47.65,1.385236,1.278442,0.106793,128.6667,0.822383,0.0,0.994648,0.005352,51200,6587736,760,11304,299,2300
31300,79.381,47.719,1.409454,1.323486,0.085968,128.7,0.830898,0.0,0.995391,0.004609,51200,6589440,819,11636,294,2301
31350,79.502,47.787,1.412029,1.314697,0.097332,128.5527,0.793125,0.0,0.993789,0.006211,51200,6581898,852,11547,302,2305
31400,79.623,47.855,1.353309,1.294922,0.058387,128.5406,0.792773,0.0,0.993652,0.006348,51200,6581277,754,11110,298,2308
31450,79.745,47.923,1.341914,1.273804,0.06811,128.5688,0.812812,0.0,0.993867,0.006133,51200,6582723,807,11100,291,2308
31500,79.868,47.992,1.248021,1.189941,0.05808,128.3441,0.795293,0.0,0.990234,0.009766,51200,6571216,782,9606,297,2308
31550,79.988,48.06,1.2091,1.174072,0.035028,128.716,0.820625,0.0,0.996328,0.003672,51200,6590258,792,9135,298,2310
31600,80.11,48.128,1.195956,1.158203,0.037753,128.7079,0.821133,0.0,0.995879,0.004121,51200,6589844,785,8873,289,2310
31650,80.233,48.196,1.209794,1.210083,-0.000289,128.8076,0.805566,0.0,0.997031,0.002969,51200,6594949,756,9241,290,2310
31700,80.351,48.264,1.246454,1.239502,0.006952,128.5652,0.817207,0.0,0.993164,0.006836,51200,6582540,774,10493,284,2310
31750,80.479,48.341,1.356892,1.303467,0.053425,128.6991,0.814004,0.0,0.995449,0.004551,51200,6589393,816,11630,287,2312
31800,80.603,48.41,1.396598,1.330566,0.066032,128.7445,0.825137,0.0,0.995977,0.004023,51200,6591716,810,11092,291,2318
31850,80.726,48.479,1.373565,1.286987,0.086577,128.6037,0.803359,0.0,0.993613,0.006387,51200,6584509,784,10714,305,2318
31900,80.856,48.549,1.33945,1.267456,0.071994,128.5433,0.809141,0.0,0.993125,0.006875,51200,6581415,772,10803,283,2318
31950,80.984,48.622,1.284134,1.252686,0.031448,128.6657,0.819473,0.0,0.994414,0.005586,51200,6587686,756,10113,281,2318
32000,81.104,48.691,1.267144,1.229126,0.038018,128.7814,0.813477,0.0,0.996523,0.003477,51200,6593608,824,10002,270,2318
32050,81.227,48.76,1.330609,1.294556,0.036054,128.8697,0.80752,0.0,0.998027,0.001973,51200,6598130,779,10941,275,2318
32100,81.346,48.828,1.319028,1.24939,0.069638,128.937,0.796738,0.0,0.999121,0.000879,51200,6601572,802,10552,281,2318
32150,81.468,48.897,1.438525,1.394165,0.04436,128.8547,0.792246,0.0,0.997754,0.002246,51200,6597359,742,12418,299,2324
32200,81.591,48.967,1.514238,1.424805,0.089434,128.8522,0.809082,0.0,0.997637,0.002363,51200,6597233,786,12784,301,2325
32250,81.712,49.037,1.471923,1.356934,0.114989,128.9662,0.818516,0.0,0.999492,0.000508,51200,6603071,793,11919,289,2325
32300,81.832,49.107,1.437462,1.343018,0.094444,128.8313,0.820703,0.0,0.9975,0.0025,51200,6596163,806,11316,301,2325
32350,81.952,49.175,1.379008,1.317505,0.061503,128.7815,0.826504,0.0,0.996504,0.003496,51200,6593612,808,10844,299,2325
32400,82.078,49.248,1.386652,1.307983,0.078668,132.0988,0.836094,0.00041,0.994883,0.004707,51200,6763456,812,10909,297,2329
32450,82.198,49.316,1.429798,1.327515,0.102284,128.8761,0.823203,0.0,0.998047,0.001953,51200,6598457,733,11421,293,2329
32500,82.318,49.385,1.410638,1.317261,0.093377,128.6711,0.818027,0.0,0.994766,0.005234,51200,6587959,778,11673,299,2333
32550,82.442,49.454,1.444653,1.323364,0.121288,140.5017,0.814746,0.001465,0.993945,0.00459,51200,7193686,764,11687,289,2333
32600,82.565,49.524,1.450014,1.382324,0.06769,130.0316,0.81834,0.000176,0.994102,0.005723,51200,6657620,787,12118,289,2333
32650,82.689,49.593,1.397556,1.30542,0.092136,128.5695,0.823496,0.0,0.993379,0.006621,51200,6582757,777,11377,293,2333
32700,82.843,49.689,1.369482,1.30127,0.068212,128.5997,0.821152,0.0,0.994043,0.005957,51200,6584304,764,11077,302,2333
32750,82.983,49.758,1.411489,1.316895,0.094595,128.6528,0.82334,0.0,0.99457,0.00543,51200,6587024,776,11573,308,2333
32800,83.127,49.847,1.367514,1.291138,0.076377,128.7443,0.803887,0.0,0.996133,0.003867,51200,6591710,823,11265,297,2334
32850,83.25,49.915,1.28489,1.248291,0.036599,128.8195,0.802852,0.0,0.997246,0.002754,51200,6595557,765,10398,280,2334
32900,83.37,49.983,1.284651,1.215576,0.069074,128.9285,0.809805,0.0,0.998867,0.001133,51200,6601138,785,10568,277,2334
32950,83.49,50.052,1.278379,1.209717,0.068662,128.5519,0.803281,0.0,0.992969,0.007031,51200,6581859,785,10579,282,2335
33000,83.613,50.12,1.251428,1.17688,0.074548,128.7119,0.823047,0.0,0.995684,0.004316,51200,6590049,759,9537,294,2335
33050,83.738,50.189,1.311743,1.247559,0.064185,128.8779,0.826426,0.0,0.997969,0.002031,51200,6598550,782,10310,297,2336
33100,83.861,50.258,1.318374,1.265625,0.052749,128.8526,0.819258,0.0,0.997754,0.002246,51200,6597251,758,10779,291,2337
33150,83.989,50.328,1.413989,1.3396,0.07439,128.5526,0.812617,0.0,0.993262,0.006738,51200,6581894,756,11104,300,2337
33200,84.117,50.399,1.341111,1.289185,0.051926,128.3828,0.845332,0.0,0.990352,0.009648,51200,6573199,769,10570,303,2337
33250,84.239,50.468,1.259776,1.229126,0.03065,128.5509,0.86582,0.0,0.993555,0.006445,51200,6581808,797,10226,296,2342
33300,84.36,50.538,1.355262,1.250854,0.104407,128.7371,0.85334,0.0,0.995918,0.004082,51200,6591341,799,10693,273,2342
33350,84.479,50.606,1.46448,1.278198,0.186282,128.925,0.833516,0.0,0.998828,0.001172,51200,6600961,760,11017,272,2342
33400,84.601,50.676,1.430453,1.312744,0.117709,128.9027,0.824316,0.0,0.998613,0.001387,51200,6599817,750,11009,270,2342
33450,84.724,50.745,1.404264,1.296631,0.107633,128.9815,0.829121,0.0,0.999746,0.000254,51200,6603854,817,10667,277,2342
33500,84.85,50.814,1.382449,1.29541,0.087039,128.8631,0.833594,0.0,0.997812,0.002188,51200,6597792,781,10447,280,2342
33550,84.971,50.883,1.467769,1.349365,0.118403,128.9925,0.848359,0.0,0.999883,0.000117,51200,6604418,809,11599,292,2343
33600,85.092,50.952,1.296836,1.254761,0.042076,129.0,0.864082,0.0,1.0,0.0,51200,6604800,715,10050,291,2345
33650,85.212,51.019,1.170429,1.149902,0.020527,128.7377,0.838633,0.0,0.99584,0.00416,51200,6591368,811,8802,285,2349
33700,85.331,51.089,1.194317,1.146362,0.047954,128.7055,0.830957,0.0,0.996152,0.003848,51200,6589722,759,9031,280,2349
33750,85.454,51.157,1.168633,1.142456,0.026177,128.5638,0.842031,0.0,0.993965,0.006035,51200,6582464,806,8702,279,2349
33800,85.582,51.233,1.13363,1.097168,0.036462,128.3836,0.857246,0.0,0.991191,0.008809,51200,6573240,798,8769,278,2350
33850,85.701,51.3,1.047125,1.046875,0.00025,128.4446,0.847559,0.0,0.99248,0.00752,51200,6576363,775,7926,269,2350
33900,85.821,51.368,1.074765,1.07373,0.001035,128.6435,0.848477,0.0,0.994863,0.005137,51200,6586548,750,8069,268,2350
33950,85.941,51.436,1.108098,1.092285,0.015812,128.5938,0.842227,0.0,0.994316,0.005684,51200,6584001,821,8455,269,2350
34000,86.062,51.504,1.208182,1.176147,0.032035,128.7072,0.843828,0.0,0.995977,0.004023,51200,6589810,765,9279,269,2350
34050,86.183,51.573,1.316203,1.187988,0.128214,128.6973,0.847637,0.0,0.995684,0.004316,51200,6589304,804,9638,276,2350
34100,86.309,51.641,1.23985,1.176147,0.063702,128.5383,0.86002,0.0,0.993516,0.006484,51200,6581160,796,8813,274,2350
34150,86.431,51.709,1.058299,1.081543,-0.023244,128.6008,0.856152,0.0,0.994238,0.005762,51200,6584362,779,7345,284,2351
34200,86.551,51.777,1.171088,1.125244,0.045844,128.5511,0.854316,0.0,0.993516,0.006484,51200,6581816,784,8793,276,2351
34250,86.674,51.846,1.051243,1.071777,-0.020534,128.6194,0.854434,0.0,0.994062,0.005938,51200,6585313,800,7415,284,2352
34300,86.795,51.914,1.071799,1.033936,0.037864,128.4161,0.847715,0.0,0.990664,0.009336,51200,6574903,757,7857,285,2352
34350,86.919,51.985,1.083225,1.059448,0.023776,128.556,0.845,0.0,0.99334,0.00666,51200,6582069,776,8002,289,2352
34400,87.035,52.053,1.089725,1.089844,-0.000118,128.8334,0.831895,0.0,0.997324,0.002676,51200,6596272,772,8651,286,2352
34450,87.154,52.12,1.153182,1.119507,0.033675,128.6486,0.831953,0.0,0.994492,0.005508,51200,6586807,771,8974,277,2352
34500,87.275,52.188,1.175945,1.142944,0.033001,128.6412,0.835977,0.0,0.994473,0.005527,51200,6586431,757,9002,280,2352
34550,87.396,52.256,1.120508,1.088013,0.032495,128.765,0.838848,0.0,0.996133,0.003867,51200,6592767,787,8174,287,2352
34600,87.513,52.324,1.128904,1.112671,0.016233,128.5184,0.815938,0.0,0.992402,0.007598,51200,6580140,743,8600,286,2353
34650,87.633,52.391,1.106237,1.081665,0.024571,128.6609,0.826211,0.0,0.99502,0.00498,51200,6587440,864,8373,282,2353
34700,87.754,52.459,1.182892,1.124023,0.058869,128.4721,0.829219,0.0,0.991855,0.008145,51200,6577772,839,8941,278,2353
34750,87.874,52.527,1.05097,1.031006,0.019964,128.5289,0.838711,0.0,0.992734,0.007266,51200,6580678,733,7504,288,2354
34800,87.992,52.594,0.99801,1.029175,-0.031165,128.4744,0.831973,0.0,0.99209,0.00791,51200,6577888,807,7434,285,2354
34850,88.111,52.661,1.011156,1.026733,-0.015578,128.63,0.818906,0.0,0.994707,0.005293,51200,6585857,817,7240,281,2354
34900,88.227,52.728,0.918204,0.951416,-0.033212,128.369,0.817812,0.0,0.989727,0.010273,51200,6572492,789,6491,280,2358
34950,88.35,52.797,0.913348,0.933105,-0.019758,128.6729,0.839141,0.0,0.994082,0.005918,51200,6588053,778,5861,269,2359
35000,88.469,52.864,0.971056,0.953369,0.017686,128.5958,0.850977,0.0,0.993672,0.006328,51200,6584107,799,6037,268,2359
35050,88.593,52.931,1.032931,1.034302,-0.001371,128.7849,0.864238,0.0,0.996387,0.003613,51200,6593788,817,7194,275,2359
35100,88.71,52.999,1.069825,1.052612,0.017212,128.7297,0.861445,0.0,0.995293,0.004707,51200,6590962,770,7585,276,2359
35150,88.85,53.076,1.014283,1.01123,0.003052,128.6768,0.858535,0.0,0.994941,0.005059,51200,6588252,776,7562,287,2366
35200,88.975,53.145,1.135045,1.109009,0.026036,128.6111,0.853516,0.0,0.993789,0.006211,51200,6584888,787,8041,282,2366
35250,89.097,53.214,1.058925,1.046021,0.012905,128.7154,0.851484,0.0,0.995566,0.004434,51200,6590228,805,7244,289,2366
35300,89.219,53.283,1.085894,1.059082,0.026812,128.6926,0.858984,0.0,0.995215,0.004785,51200,6589061,817,7781,292,2366
35350,89.341,53.351,1.073482,1.055054,0.018428,128.7282,0.87584,0.0,0.996016,0.003984,51200,6590884,792,7829,286,2369
35400,89.46,53.42,1.128581,1.074585,0.053996,128.8764,0.875879,0.0,0.997871,0.002129,51200,6598470,798,8224,293,2371
35450,89.579,53.488,1.180489,1.09729,0.083199,128.6222,0.858906,0.0,0.993965,0.006035,51200,6585455,821,8614,300,2372
35500,89.701,53.556,1.126051,1.080444,0.045607,128.58,0.853125,0.0,0.993555,0.006445,51200,6583294,799,7946,310,2372
35550,89.823,53.624,1.153254,1.064941,0.088313,128.828,0.844219,0.0,0.997324,0.002676,51200,6595995,805,7871,305,2372
35600,89.944,53.691,1.045554,1.029785,0.015768,128.8953,0.858633,0.0,0.998457,0.001543,51200,6599438,799,7521,305,2373
35650,90.063,53.758,0.992007,0.976929,0.015078,128.9054,0.854902,0.0,0.998535,0.001465,51200,6599955,769,6712,299,2374
35700,90.185,53.827,1.003467,0.986938,0.016529,128.911,0.850332,0.0,0.99875,0.00125,51200,6600242,826,7160,310,2381
35750,90.307,53.897,1.06974,1.009644,0.060096,128.9969,0.84127,0.0,0.999941,5.9e-05,51200,6604642,784,7597,299,2381
35800,90.427,53.967,1.04302,1.021851,0.021169,128.7785,0.851816,0.0,0.996445,0.003555,51200,6593458,758,7471,297,2381
35850,90.546,54.035,1.143269,1.101562,0.041707,128.9829,0.842695,0.0,0.999648,0.000352,51200,6603924,826,8655,291,2386
35900,90.668,54.106,1.18236,1.107056,0.075304,128.9913,0.853789,0.0,0.999844,0.000156,51200,6604353,812,8446,297,2388
35950,90.787,54.175,1.103146,1.072632,0.030514,128.8361,0.862656,0.0,0.997383,0.002617,51200,6596407,776,8006,281,2388
36000,90.905,54.243,1.061578,1.026367,0.035211,128.8554,0.874336,0.0,0.997676,0.002324,51200,6597395,785,7056,281,2389
36050,91.022,54.31,1.050151,1.023682,0.026469,128.6144,0.868516,0.0,0.99373,0.00627,51200,6585058,771,7280,275,2389
36100,91.14,54.378,1.106783,1.059204,0.047579,128.8214,0.868711,0.0,0.997422,0.002578,51200,6595658,762,7946,274,2389
36150,91.26,54.445,1.066971,1.057007,0.009964,128.866,0.871309,0.0,0.997988,0.002012,51200,6597941,773,7808,284,2390
36200,91.381,54.513,1.145735,1.087769,0.057966,128.8596,0.856426,0.0,0.99791,0.00209,51200,6597611,784,8386,276,2390
36250,91.499,54.58,1.150533,1.106201,0.044332,128.9738,0.829316,0.0,0.999551,0.000449,51200,6603458,783,8709,275,2390
36300,91.62,54.649,1.173872,1.154785,0.019087,128.9936,0.83293,0.0,0.999844,0.000156,51200,6604474,841,9130,283,2392
36350,91.742,54.716,1.186487,1.166382,0.020105,128.9146,0.826484,0.0,0.998477,0.001523,51200,6600430,753,9293,294,2397
36400,91.867,54.79,1.229021,1.185669,0.043352,128.9488,0.823965,0.0,0.999258,0.000742,51200,6602180,786,9684,301,2401
36450,91.985,54.858,1.28323,1.220581,0.062649,128.8859,0.826816,0.0,0.998145,0.001855,51200,6598956,796,10342,307,2401
36500,92.109,54.931,1.383691,1.317261,0.06643,128.7447,0.841191,0.0,0.996172,0.003828,51200,6591728,732,11527,304,2401
36550,92.228,55.0,1.336287,1.263184,0.073103,128.5121,0.838848,0.0,0.992402,0.007598,51200,6579819,775,11027,298,2401
36600,92.374,55.089,1.290571,1.259766,0.030806,128.6332,0.823125,0.0,0.99459,0.00541,51200,6586018,836,11078,293,2401
36650,92.496,55.159,1.230465,1.212524,0.01794,128.6824,0.824199,0.0,0.995195,0.004805,51200,6588537,800,10398,286,2401
36700,92.619,55.229,1.250931,1.217041,0.03389,128.7701,0.81252,0.0,0.996562,0.003438,51200,6593031,803,10681,290,2402
36750,92.742,55.299,1.297661,1.22937,0.068291,128.7719,0.800918,0.0,0.996523,0.003477,51200,6593121,857,10476,287,2403
36800,92.875,55.37,1.276225,1.191406,0.084819,128.7545,0.807578,0.0,0.996348,0.003652,51200,6592230,782,10097,298,2412
36850,92.999,55.438,1.16485,1.16748,-0.002631,128.6998,0.836992,0.0,0.995586,0.004414,51200,6589431,830,9057,282,2412
36900,93.119,55.506,1.113682,1.077759,0.035924,128.8662,0.859746,0.0,0.99791,0.00209,51200,6597949,753,8225,277,2414
36950,93.236,55.574,1.106045,1.074951,0.031094,128.8466,0.848301,0.0,0.997402,0.002598,51200,6596948,798,8750,285,2419
37000,93.354,55.642,1.294724,1.245483,0.049241,128.9075,0.830098,0.0,0.998594,0.001406,51200,6600065,813,11068,294,2419
37050,93.481,55.711,1.434684,1.356201,0.078482,128.9374,0.802812,0.0,0.999062,0.000938,51200,6601594,785,12146,297,2423
37100,93.611,55.783,1.437288,1.363037,0.074251,128.9138,0.795195,0.0,0.998516,0.001484,51200,6600389,774,11854,295,2427
37150,93.741,55.858,1.369919,1.314575,0.055344,128.7912,0.813848,0.0,0.99666,0.00334,51200,6594111,744,11538,286,2427
37200,93.877,55.932,1.385144,1.322998,0.062145,128.8629,0.817773,0.0,0.998008,0.001992,51200,6597778,833,11344,292,2427
37250,94.016,56.006,1.365936,1.310791,0.055145,128.9967,0.810879,2e-05,0.997324,0.002656,51200,6604633,815,11720,299,2427
37300,94.161,56.101,1.299298,1.24353,0.055768,128.9788,0.800762,3.9e-05,0.99498,0.00498,51200,6603713,788,11221,296,2429
37350,94.282,56.169,1.315549,1.272827,0.042722,128.5484,0.76832,0.0,0.993398,0.006602,51200,6581676,754,11026,285,2429
37400,94.445,56.274,1.441192,1.382446,0.058746,128.5427,0.791992,0.0,0.993379,0.006621,51200,6581385,756,12195,291,2430
37450,94.58,56.348,1.435314,1.387817,0.047497,128.4928,0.798555,0.0,0.992148,0.007852,51200,6578832,804,12554,287,2437
37500,94.701,56.418,1.333172,1.306274,0.026898,128.6278,0.790684,0.0,0.993848,0.006152,51200,6585744,781,11649,300,2438
37550,94.824,56.49,1.342137,1.286499,0.055638,128.6794,0.78916,0.0,0.994297,0.005703,51200,6588385,780,11312,294,2438
37600,94.947,56.559,1.352839,1.289795,0.063044,129.4067,0.80543,0.000137,0.989551,0.010312,51200,6625624,771,11356,302,2439
37650,95.068,56.628,1.302268,1.260376,0.041892,129.0109,0.817168,7.8e-05,0.991816,0.008105,51200,6605357,801,10941,311,2439
37700,95.191,56.697,1.285927,1.251221,0.034706,130.161,0.807246,0.000195,0.995039,0.004766,51200,6664244,774,10408,305,2439
37750,95.311,56.766,1.220359,1.195435,0.024925,131.5918,0.828691,0.000371,0.994492,0.005137,51200,6737500,796,9572,293,2439
37800,95.43,56.834,1.134803,1.120117,0.014686,131.5403,0.821836,0.000371,0.993516,0.006113,51200,6734864,797,8760,284,2439
37850,95.547,56.901,1.125416,1.136597,-0.011181,133.0404,0.812246,0.000547,0.994648,0.004805,51200,6811671,827,9702,278,2439
37900,95.665,56.969,1.216072,1.175049,0.041023,131.491,0.815859,0.000371,0.992598,0.007031,51200,6732338,782,10395,285,2439
37950,95.787,57.038,1.228627,1.189331,0.039296,129.6461,0.82293,0.000156,0.991328,0.008516,51200,6637882,786,10235,278,2439
38000,95.911,57.108,1.246682,1.165527,0.081155,128.6192,0.813633,0.0,0.994512,0.005488,51200,6585305,790,9649,290,2445
38050,96.036,57.179,1.243273,1.181396,0.061877,128.6671,0.83125,0.0,0.995039,0.004961,51200,6587756,765,9485,283,2446
38100,96.162,57.247,1.208701,1.175659,0.033041,128.7485,0.839551,0.0,0.996172,0.003828,51200,6591922,800,9046,282,2449
38150,96.284,57.316,1.20905,1.14563,0.063421,128.7742,0.827148,0.0,0.995898,0.004102,51200,6593241,757,9152,278,2449
38200,96.433,57.385,1.231186,1.171509,0.059677,128.722,0.843594,0.0,0.995684,0.004316,51200,6590564,831,9276,291,2454
38250,96.553,57.453,1.243246,1.166992,0.076254,128.6994,0.841152,0.0,0.995312,0.004688,51200,6589407,720,9074,283,2454
38300,96.675,57.522,1.268995,1.206787,0.062208,128.6385,0.856973,0.0,0.994395,0.005605,51200,6586290,772,9161,291,2454
38350,96.796,57.591,1.333762,1.225708,0.108054,128.6126,0.848184,0.0,0.994258,0.005742,51200,6584967,789,10641,276,2455
38400,96.916,57.659,1.276676,1.209839,0.066837,128.5094,0.844141,0.0,0.992402,0.007598,51200,6579682,760,9975,286,2458
38450,97.037,57.728,1.283052,1.203979,0.079073,128.6161,0.853652,0.0,0.994023,0.005977,51200,6585143,725,9770,296,2464
38500,97.159,57.797,1.278713,1.181763,0.09695,128.735,0.862246,0.0,0.995918,0.004082,51200,6591230,771,9310,296,2473
38550,97.276,57.865,1.130036,1.097656,0.03238,128.8046,0.859629,0.0,0.996973,0.003027,51200,6594795,808,8288,290,2474
38600,97.395,57.933,1.19752,1.124756,0.072765,128.9504,0.855449,0.0,0.99918,0.00082,51200,6602261,789,8837,298,2482
38650,97.523,58.006,1.306763,1.2052,0.101563,128.8329,0.864492,0.0,0.997344,0.002656,51200,6596243,758,10122,285,2482
38700,97.651,58.075,1.297917,1.210205,0.087712,128.8796,0.863203,0.0,0.998105,0.001895,51200,6598635,819,10039,280,2482
38750,97.775,58.144,1.285224,1.218018,0.067206,129.7391,0.866172,9.8e-05,0.99918,0.000723,51200,6642640,816,10796,292,2482
38800,97.901,58.214,1.304794,1.227905,0.076888,128.793,0.849258,0.0,0.996895,0.003105,51200,6594202,810,11209,286,2482
38850,98.026,58.282,1.370416,1.314209,0.056207,128.842,0.813184,0.0,0.997617,0.002383,51200,6596710,785,11934,293,2483
38900,98.15,58.352,1.414767,1.330078,0.084688,128.946,0.805293,0.0,0.999316,0.000684,51200,6602033,813,12336,284,2490
38950,98.272,58.421,1.321328,1.238159,0.083168,128.9759,0.821777,0.0,0.999609,0.000391,51200,6603566,738,11479,277,2490
39000,98.397,58.49,1.281982,1.2229,0.059081,128.938,0.817188,0.0,0.999141,0.000859,51200,6601626,797,10383,286,2492
39050,98.533,58.572,1.279433,1.208984,0.070448,129.0,0.826465,0.0,1.0,0.0,51200,6604800,751,10836,297,2499
39100,98.655,58.642,1.302404,1.215698,0.086706,128.8847,0.839727,0.0,0.998242,0.001758,51200,6598899,768,11033,304,2500
39150,98.776,58.711,1.301254,1.224487,0.076766,128.8831,0.802422,0.0,0.998027,0.001973,51200,6598817,753,11076,277,2500
39200,98.898,58.78,1.300221,1.210938,0.089283,128.8436,0.805918,0.0,0.997598,0.002402,51200,6596791,816,10788,288,2505
39250,99.02,58.85,1.260953,1.202515,0.058438,128.6183,0.817695,0.0,0.99416,0.00584,51200,6585256,769,10106,298,2505
39300,99.147,58.919,1.296518,1.234131,0.062388,128.6195,0.817832,0.0,0.994043,0.005957,51200,6585316,815,9988,297,2505
39350,99.27,58.988,1.163636,1.128296,0.03534,128.871,0.839277,0.0,0.998066,0.001934,51200,6598196,770,9086,289,2506
39400,99.403,59.061,1.236048,1.172852,0.063197,128.7558,0.838594,0.0,0.996309,0.003691,51200,6592297,772,9795,287,2506
39450,99.533,59.134,1.093613,1.099609,-0.005996,128.7656,0.842031,0.0,0.997012,0.002988,51200,6592798,730,8745,282,2506
39500,99.653,59.202,1.132808,1.112915,0.019893,128.7558,0.842578,0.0,0.99668,0.00332,51200,6592296,804,8998,287,2506
39550,99.777,59.271,1.240566,1.182007,0.058559,128.6445,0.846465,0.0,0.994863,0.005137,51200,6586600,813,9315,288,2507
39600,99.897,59.339,1.15259,1.105347,0.047243,128.601,0.843398,0.0,0.994258,0.005742,51200,6584372,793,8405,296,2516
39650,100.018,59.407,1.109545,1.070435,0.03911,128.5703,0.848906,0.0,0.993848,0.006152,51200,6582798,778,8076,287,2516
39700,100.138,59.475,1.060601,1.003296,0.057305,128.7148,0.871973,0.0,0.995664,0.004336,51200,6590196,757,7019,282,2520
39750,100.256,59.542,1.094597,1.055786,0.038811,128.8138,0.856855,0.0,0.997344,0.002656,51200,6595269,761,8046,280,2520
39800,100.383,59.61,1.241124,1.146484,0.094639,128.6108,0.848984,0.0,0.993848,0.006152,51200,6584874,788,9343,292,2525
39850,100.511,59.684,1.253727,1.180298,0.073429,128.5918,0.835918,0.0,0.994062,0.005938,51200,6583902,825,10176,292,2528
39900,100.632,59.752,1.158775,1.135742,0.023032,128.7691,0.819648,0.0,0.99627,0.00373,51200,6592977,778,9761,292,2532
39950,100.751,59.82,1.247191,1.171387,0.075804,128.6946,0.808574,0.0,0.995098,0.004902,51200,6589161,796,9940,291,2532
40000,100.874,59.888,1.197662,1.171265,0.026398,128.6403,0.820332,0.0,0.994551,0.005449,51200,6586384,780,9679,286,2535
40050,100.995,59.955,1.244272,1.213623,0.030648,128.3106,0.819121,0.0,0.989355,0.010645,51200,6569502,795,9756,289,2535
40100,101.114,60.023,1.213812,1.165161,0.048651,128.2163,0.808086,0.0,0.987852,0.012148,51200,6564675,806,9085,294,2536
40150,101.235,60.091,1.170008,1.176758,-0.00675,128.2655,0.828359,0.0,0.988457,0.011543,51200,6567193,803,9262,301,2536
40200,101.356,60.159,1.213575,1.197632,0.015943,128.5102,0.815996,0.0,0.992832,0.007168,51200,6579722,815,9985,308,2536
40250,101.475,60.227,1.240022,1.196533,0.043489,128.5741,0.810254,0.0,0.993555,0.006445,51200,6582993,755,10256,306,2536
40300,101.596,60.296,1.2942,1.241333,0.052867,128.5665,0.816621,0.0,0.993203,0.006797,51200,6582603,787,10407,306,2540
40350,101.719,60.364,1.418995,1.338989,0.080006,128.2424,0.779453,0.0,0.988633,0.011367,51200,6566011,778,11770,308,2544
40400,101.841,60.434,1.436385,1.328369,0.108016,128.3865,0.797773,0.0,0.990137,0.009863,51200,6573387,756,12091,297,2544
40450,101.967,60.503,1.366067,1.296021,0.070046,128.6696,0.820215,0.0,0.994844,0.005156,51200,6587884,797,11271,291,2544
40500,102.093,60.573,1.304327,1.239746,0.064581,128.7222,0.840586,0.0,0.995801,0.004199,51200,6590576,787,10659,283,2544
40550,102.222,60.643,1.351248,1.294678,0.05657,128.6186,0.844258,0.0,0.994277,0.005723,51200,6585273,801,10989,281,2544
40600,102.351,60.713,1.362526,1.271606,0.09092,128.7024,0.85127,0.0,0.995371,0.004629,51200,6589564,757,10383,281,2545
40650,102.477,60.784,1.259769,1.185303,0.074466,128.9943,0.868105,2e-05,0.997344,0.002637,51200,6604506,773,8923,276,2545
40700,102.598,60.852,1.20373,1.166138,0.037593,128.849,0.860176,0.0,0.997656,0.002344,51200,6597070,845,9530,279,2545
40750,102.718,60.921,1.146774,1.098389,0.048385,128.9944,0.829785,0.0,0.999902,9.8e-05,51200,6604514,763,8644,274,2545
40800,102.84,60.989,1.19708,1.157959,0.039121,128.8433,0.84207,0.0,0.997422,0.002578,51200,6596777,809,9346,274,2545
40850,102.965,61.058,1.25057,1.158203,0.092367,128.8862,0.853984,0.0,0.998301,0.001699,51200,6598976,772,8794,278,2545
40900,103.103,61.127,1.140281,1.110596,0.029685,128.8143,0.86166,0.0,0.996973,0.003027,51200,6595291,778,8485,278,2545
40950,103.228,61.199,1.131909,1.092041,0.039868,128.7995,0.867188,0.0,0.996953,0.003047,51200,6594533,784,8218,272,2545
41000,103.35,61.267,1.084953,1.069214,0.015739,128.8037,0.853438,0.0,0.996914,0.003086,51200,6594749,787,7603,278,2545
41050,103.471,61.334,1.079047,1.058228,0.020819,128.8355,0.858555,0.0,0.997285,0.002715,51200,6596380,823,7626,272,2545
41100,103.591,61.402,1.10819,1.067139,0.041051,128.7162,0.865645,0.0,0.994863,0.005137,51200,6590269,802,7976,272,2545
41150,103.713,61.47,1.119425,1.084106,0.035319,128.7429,0.861719,0.0,0.995957,0.004043,51200,6591638,781,7861,272,2545
41200,103.832,61.538,1.096855,1.100098,-0.003242,128.7418,0.855,0.0,0.99625,0.00375,51200,6591582,786,7832,282,2545
41250,103.949,61.605,1.146413,1.143921,0.002492,128.8516,0.838867,0.0,0.997637,0.002363,51200,6597203,782,8932,278,2545
41300,104.066,61.674,1.178244,1.10144,0.076803,128.8186,0.840332,0.0,0.997129,0.002871,51200,6595510,738,8861,275,2545
41350,104.185,61.741,1.098806,1.076904,0.021902,128.7077,0.847422,0.0,0.995488,0.004512,51200,6589836,770,7928,273,2545
41400,104.303,61.808,1.035678,1.060913,-0.025235,128.7478,0.842988,0.0,0.996055,0.003945,51200,6591887,805,7687,268,2545
41450,104.418,61.875,1.096151,1.068237,0.027913,128.8575,0.845547,0.0,0.99793,0.00207,51200,6597503,804,8817,266,2546
41500,104.535,61.942,1.066981,1.05249,0.01449,128.7657,0.835273,0.0,0.996328,0.003672,51200,6592806,783,8426,270,2548
41550,104.656,62.009,1.191295,1.161377,0.029918,128.7482,0.815371,0.0,0.996191,0.003809,51200,6591910,753,9727,274,2550
41600,104.776,62.077,1.163959,1.123779,0.040179,128.9084,0.817578,0.0,0.998594,0.001406,51200,6600109,802,9589,285,2550
41650,104.909,62.145,1.197752,1.154053,0.043699,128.8173,0.820723,0.0,0.997285,0.002715,51200,6595448,796,9753,302,2557
41700,105.047,62.229,1.320665,1.257935,0.062731,128.8173,0.81709,0.0,0.99709,0.00291,51200,6595447,786,10991,296,2560
41750,105.169,62.298,1.42735,1.34436,0.08299,128.8527,0.788867,0.0,0.997695,0.002305,51200,6597260,806,12386,295,2560
41800,105.293,62.368,1.463261,1.345581,0.11768,128.7108,0.795996,0.0,0.995508,0.004492,51200,6589995,754,12576,294,2564
41850,105.42,62.44,1.4313,1.356689,0.074611,128.7372,0.804023,0.0,0.996094,0.003906,51200,6591346,830,12624,311,2565
41900,105.544,62.51,1.39153,1.330322,0.061208,128.7358,0.837266,0.0,0.995645,0.004355,51200,6591273,767,12520,307,2568
41950,105.67,62.582,1.493275,1.414795,0.07848,128.651,0.828125,0.0,0.994551,0.005449,51200,6586932,812,13455,312,2568
42000,105.806,62.658,1.435126,1.380249,0.054877,128.7779,0.822188,0.0,0.99627,0.00373,51200,6593429,788,12188,299,2568
42050,105.942,62.733,1.421401,1.340576,0.080825,128.9628,0.837988,0.0,0.999492,0.000508,51200,6602895,798,11511,311,2571
42100,106.077,62.81,1.469201,1.373291,0.09591,128.9812,0.823418,0.0,0.999707,0.000293,51200,6603835,808,11905,306,2578
42150,106.205,62.881,1.419911,1.310181,0.10973,140.727,0.836133,0.001504,0.992148,0.006348,51200,7205222,789,10658,299,2579
42200,106.329,62.951,1.397759,1.287964,0.109795,144.9702,0.836465,0.002031,0.992051,0.005918,51200,7422473,790,10833,290,2579
42250,106.451,63.02,1.453396,1.3573,0.096097,132.8652,0.821875,0.000527,0.993789,0.005684,51200,6802700,759,11632,289,2579
42300,106.573,63.091,1.389008,1.282959,0.106049,128.553,0.831055,0.0,0.993145,0.006855,51200,6581914,763,10554,292,2581
42350,106.697,63.164,1.406314,1.28418,0.122134,128.5143,0.843535,0.0,0.991973,0.008027,51200,6579933,808,10457,285,2581
42400,106.822,63.237,1.423765,1.272339,0.151426,128.8456,0.848105,0.0,0.997637,0.002363,51200,6596897,762,10291,286,2581
42450,106.947,63.307,1.494204,1.378296,0.115908,128.8988,0.852051,0.0,0.998535,0.001465,51200,6599616,851,11705,279,2584
42500,107.066,63.376,1.435418,1.321777,0.11364,128.8466,0.858438,0.0,0.997578,0.002422,51200,6596945,817,11172,286,2588
42550,107.184,63.444,1.363978,1.281494,0.082484,128.9624,0.861367,0.0,0.999395,0.000605,51200,6602873,768,10377,281,2588
42600,107.302,63.512,1.188377,1.14917,0.039207,128.9231,0.840625,0.0,0.998926,0.001074,51200,6600864,751,8892,284,2588
42650,107.42,63.579,1.242899,1.208374,0.034525,128.8344,0.827129,0.0,0.997246,0.002754,51200,6596319,809,9835,284,2588
42700,107.541,63.648,1.311389,1.244873,0.066515,128.9534,0.835566,0.0,0.999355,0.000645,51200,6602415,835,10035,285,2588
42750,107.662,63.716,1.26999,1.203613,0.066377,128.9507,0.833828,0.0,0.999219,0.000781,51200,6602275,792,9472,289,2588
42800,107.781,63.785,1.226591,1.1875,0.039091,128.9618,0.850723,0.0,0.999375,0.000625,51200,6602844,758,9487,288,2588
42850,107.901,63.853,1.170902,1.112915,0.057987,128.9855,0.818984,0.0,0.999766,0.000234,51200,6604058,749,8345,285,2588
42900,108.022,63.921,1.183275,1.13269,0.050584,128.7918,0.83082,0.0,0.996582,0.003418,51200,6594138,849,9207,287,2588
42950,108.146,63.988,1.083703,1.103149,-0.019447,128.6865,0.836133,0.0,0.995273,0.004727,51200,6588748,794,8579,298,2588
43000,108.268,64.056,1.135045,1.063354,0.07169,128.7053,0.85043,0.0,0.995508,0.004492,51200,6589710,811,8056,301,2588
43050,108.39,64.124,1.115744,1.068481,0.047262,128.6773,0.858691,0.0,0.994824,0.005176,51200,6588278,766,8299,295,2588
43100,108.51,64.192,1.248351,1.159302,0.08905,128.7457,0.865996,0.0,0.995977,0.004023,51200,6591778,801,9142,285,2588
43150,108.631,64.261,1.228686,1.164062,0.064623,128.7602,0.867969,0.0,0.996055,0.003945,51200,6592521,740,8993,288,2588
43200,108.752,64.329,1.242924,1.156494,0.08643,128.6341,0.864785,0.0,0.993828,0.006172,51200,6586066,746,8658,288,2588
43250,108.874,64.398,1.26202,1.197998,0.064022,128.6079,0.859883,0.0,0.993965,0.006035,51200,6584722,784,9548,297,2589
43300,108.995,64.466,1.238053,1.217407,0.020646,128.5745,0.843223,0.0,0.992363,0.007637,51200,6583015,762,9750,298,2589
43350,109.112,64.534,1.215775,1.179932,0.035844,128.7433,0.835938,0.0,0.992578,0.007422,51200,6591655,825,9817,302,2590
43400,109.23,64.603,1.243046,1.192383,0.050663,128.429,0.828984,0.0,0.990762,0.009238,51200,6575566,806,10118,325,2590
43450,109.349,64.671,1.367831,1.29834,0.069491,128.6635,0.808379,0.0,0.994668,0.005332,51200,6587571,801,12551,295,2590
43500,109.471,64.74,1.392378,1.30896,0.083418,128.831,0.8,0.0,0.997227,0.002773,51200,6596147,789,12220,289,2590
43550,109.593,64.809,1.336392,1.269531,0.066861,128.6451,0.804902,0.0,0.994512,0.005488,51200,6586628,761,11180,277,2590
43600,109.715,64.878,1.304332,1.250122,0.05421,128.5857,0.806055,0.0,0.993672,0.006328,51200,6583589,771,10812,275,2590
43650,109.839,64.946,1.329919,1.272827,0.057092,128.6928,0.815449,0.0,0.995391,0.004609,51200,6589069,792,10686,290,2592
43700,109.961,65.015,1.325559,1.229126,0.096433,128.7019,0.830859,0.0,0.995371,0.004629,51200,6589537,782,10089,300,2593
43750,110.085,65.084,1.282076,1.224609,0.057466,128.6832,0.836074,0.0,0.995332,0.004668,51200,6588579,777,9438,298,2593
43800,110.206,65.152,1.239144,1.192261,0.046884,128.7504,0.848477,0.0,0.996113,0.003887,51200,6592022,802,9579,305,2594
43850,110.342,65.238,1.26771,1.205322,0.062387,128.8281,0.841953,0.0,0.99709,0.00291,51200,6595999,791,10101,302,2594
43900,110.462,65.306,1.274968,1.220947,0.054021,128.7146,0.836211,0.0,0.995371,0.004629,51200,6590189,796,9911,300,2595
43950,110.58,65.374,1.219973,1.179321,0.040652,128.6126,0.82459,0.0,0.994082,0.005918,51200,6584966,742,9645,295,2601
44000,110.698,65.441,1.188592,1.152344,0.036248,128.7451,0.803047,0.0,0.996328,0.003672,51200,6591750,798,9060,280,2601
44050,110.814,65.509,1.297657,1.218262,0.079395,128.7088,0.781973,0.0,0.995371,0.004629,51200,6589890,794,10328,279,2602
44100,110.932,65.576,1.287678,1.225098,0.06258,128.8009,0.785664,0.0,0.99709,0.00291,51200,6594604,802,10695,280,2602
44150,111.052,65.644,1.20311,1.162598,0.040513,128.6163,0.808848,0.0,0.994141,0.005859,51200,6585157,828,9834,297,2602
44200,111.175,65.712,1.248403,1.21228,0.036123,128.2913,0.804121,0.0,0.989336,0.010664,51200,6568513,772,9650,299,2602
44250,111.298,65.78,1.167367,1.125366,0.042,128.4498,0.819668,0.0,0.991406,0.008594,51200,6576632,793,8758,296,2602
44300,111.417,65.848,1.121688,1.091797,0.029891,128.6619,0.819766,0.0,0.994707,0.005293,51200,6587488,766,8551,300,2602
44350,111.536,65.915,1.166024,1.114136,0.051888,128.862,0.819688,0.0,0.99793,0.00207,51200,6597734,805,8933,297,2602
44400,111.656,65.983,1.097801,1.068237,0.029564,128.9712,0.845801,0.0,0.999219,0.000781,51200,6603323,767,7610,288,2602
44450,111.778,66.051,1.091569,1.053223,0.038347,128.873,0.847109,0.0,0.997754,0.002246,51200,6598298,795,7378,290,2602
44500,111.902,66.119,1.109658,1.077026,0.032632,128.9317,0.857383,0.0,0.998613,0.001387,51200,6601302,824,7463,276,2602
44550,112.02,66.187,1.194838,1.140625,0.054213,128.8443,0.867285,0.0,0.997461,0.002539,51200,6596828,742,8454,277,2603
44600,112.14,66.256,1.148177,1.124634,0.023543,128.6975,0.864824,0.0,0.995195,0.004805,51200,6589310,789,8648,283,2606
44650,112.257,66.323,1.258291,1.185669,0.072622,128.7626,0.841016,0.0,0.995957,0.004043,51200,6592646,793,9769,286,2606
44700,112.378,66.392,1.391483,1.257324,0.134159,128.5333,0.831523,0.0,0.992207,0.007793,51200,6580903,756,9945,278,2606
44750,112.501,66.461,1.24127,1.15979,0.08148,128.5352,0.857891,0.0,0.992969,0.007031,51200,6581000,742,8171,286,2606
44800,112.621,66.529,1.126173,1.109741,0.016432,128.6476,0.852246,0.0,0.99457,0.00543,51200,6586757,774,8525,288,2606
44850,112.741,66.596,1.170867,1.096313,0.074554,128.8512,0.844453,0.0,0.997695,0.002305,51200,6597179,754,7979,299,2607
44900,112.865,66.664,1.182075,1.138916,0.043159,128.8779,0.857031,0.0,0.998125,0.001875,51200,6598551,789,8491,296,2607
44950,112.986,66.732,1.108382,1.073242,0.035139,128.8482,0.855312,0.0,0.997559,0.002441,51200,6597026,762,7948,299,2608
45000,113.11,66.8,1.104395,1.045654,0.05874,128.7795,0.856523,0.0,0.996543,0.003457,51200,6593511,761,7573,293,2609
45050,113.231,66.868,1.034197,0.998657,0.03554,128.9707,0.857051,0.0,0.999531,0.000469,51200,6603302,772,7056,304,2610
45100,113.379,66.955,1.020912,1.015503,0.005409,128.925,0.84666,0.0,0.998652,0.001348,51200,6600961,827,7145,288,2610
45150,113.499,67.022,1.010355,0.990845,0.01951,128.9204,0.86416,0.0,0.998633,0.001367,51200,6600725,801,6556,275,2610
45200,113.619,67.09,1.000779,0.995972,0.004807,128.9202,0.862676,0.0,0.99875,0.00125,51200,6600713,817,6595,271,2610
45250,113.736,67.157,1.007479,0.992676,0.014803,128.9512,0.875352,0.0,0.999219,0.000781,51200,6602301,784,6911,279,2612
45300,113.854,67.224,0.918933,0.94873,-0.029798,128.8633,0.850293,0.0,0.997773,0.002227,51200,6597801,777,6339,272,2612
45350,113.973,67.291,0.947957,0.946411,0.001546,128.7172,0.84125,0.0,0.995566,0.004434,51200,6590323,793,6069,285,2616
45400,114.09,67.357,0.953511,0.988037,-0.034526,128.82,0.834766,0.0,0.997285,0.002715,51200,6595585,755,7279,279,2616
45450,114.206,67.424,1.001159,1.029785,-0.028626,128.7868,0.829844,0.0,0.996582,0.003418,51200,6593882,746,7709,283,2619
45500,114.324,67.491,1.081681,1.054199,0.027482,135.4566,0.829297,0.00082,0.99666,0.00252,51200,6935376,781,8157,294,2623
45550,114.442,67.558,1.099393,1.087769,0.011625,128.8089,0.83293,0.0,0.997012,0.002988,51200,6595018,748,8059,291,2623
45600,114.561,67.625,1.168662,1.143066,0.025596,128.823,0.82457,0.0,0.996992,0.003008,51200,6595737,765,8844,281,2623
45650,114.68,67.693,1.189108,1.147949,0.041159,128.7156,0.833613,0.0,0.995801,0.004199,51200,6590238,726,9423,279,2623
45700,114.799,67.761,1.105256,1.125488,-0.020232,128.896,0.845918,0.0,0.998242,0.001758,51200,6599473,811,9009,275,2623
45750,114.916,67.828,1.13284,1.0979,0.03494,128.9405,0.833008,0.0,0.99918,0.00082,51200,6601755,741,8582,280,2623
45800,115.036,67.897,1.260624,1.21582,0.044804,128.9081,0.815918,0.0,0.998594,0.001406,51200,6600096,778,10080,272,2623
45850,115.156,67.965,1.269908,1.220215,0.049693,128.8129,0.83666,0.0,0.99709,0.00291,51200,6595222,786,10357,281,2625
45900,115.277,68.034,1.277035,1.228638,0.048397,128.7233,0.841309,0.0,0.995723,0.004277,51200,6590632,795,9932,288,2626
45950,115.397,68.102,1.290149,1.248413,0.041736,128.7309,0.84334,0.0,0.995918,0.004082,51200,6591020,790,10229,301,2627
46000,115.519,68.17,1.330083,1.276245,0.053838,128.7075,0.840957,0.0,0.995566,0.004434,51200,6589826,778,10740,284,2627
46050,115.645,68.239,1.316329,1.260376,0.055953,128.6705,0.830781,0.0,0.994316,0.005684,51200,6587930,822,10420,279,2627
46100,115.77,68.309,1.406989,1.349609,0.057379,128.6594,0.842422,0.0,0.994707,0.005293,51200,6587360,767,11947,272,2627
46150,115.889,68.378,1.348119,1.248169,0.09995,128.8878,0.838242,0.0,0.99832,0.00168,51200,6599053,803,10831,280,2627
46200,116.018,68.446,1.233504,1.157104,0.076399,128.9924,0.838926,0.0,0.999883,0.000117,51200,6604413,829,9735,280,2629
46250,116.138,68.513,1.096582,1.05249,0.044092,128.8318,0.835488,0.0,0.997441,0.002559,51200,6596190,757,8425,286,2635
46300,116.26,68.58,1.074721,1.093262,-0.018541,128.826,0.850391,0.0,0.997578,0.002422,51200,6595889,811,8854,283,2636
46350,116.382,68.648,1.208279,1.167847,0.040433,128.9515,0.836484,0.0,0.999219,0.000781,51200,6602319,814,9744,293,2636
46400,116.505,68.716,1.192836,1.163574,0.029262,128.7711,0.83498,0.0,0.996484,0.003516,51200,6593081,842,9334,301,2636
46450,116.628,68.784,1.230301,1.175049,0.055253,128.5964,0.82127,0.0,0.99377,0.00623,51200,6584134,783,10157,289,2636
46500,116.748,68.852,1.325553,1.253174,0.072379,128.4643,0.813594,0.0,0.991777,0.008223,51200,6577371,813,11015,290,2636
46550,116.868,68.921,1.333528,1.281494,0.052033,128.5486,0.845742,0.0,0.992969,0.007031,51200,6581689,795,11090,298,2636
46600,116.99,68.989,1.366829,1.278687,0.088142,128.5924,0.846074,0.0,0.993594,0.006406,51200,6583932,755,11010,294,2637
46650,117.108,69.057,1.346122,1.267944,0.078178,128.7229,0.842715,0.0,0.995762,0.004238,51200,6590611,774,11302,286,2637
46700,117.227,69.126,1.311773,1.216187,0.095586,128.7385,0.824473,0.0,0.995508,0.004492,51200,6591410,839,10306,286,2637
46750,117.346,69.194,1.239693,1.169678,0.070016,128.5625,0.845605,0.0,0.99291,0.00709,51200,6582398,765,9985,278,2637
46800,117.466,69.262,1.292071,1.216675,0.075396,128.5714,0.845742,0.0,0.99293,0.00707,51200,6582855,797,10287,271,2637
46850,117.587,69.33,1.455968,1.369507,0.086461,128.7327,0.854824,0.0,0.995781,0.004219,51200,6591113,786,12687,269,2637
46900,117.719,69.411,1.368868,1.347656,0.021212,128.7628,0.848359,0.0,0.996016,0.003984,51200,6592655,796,12305,268,2637
46950,117.839,69.48,1.335273,1.286865,0.048407,128.7147,0.847344,0.0,0.995801,0.004199,51200,6590194,776,11754,256,2637
47000,117.965,69.552,1.409889,1.331665,0.078224,128.6679,0.850586,0.0,0.995039,0.004961,51200,6587799,801,12365,280,2637
47050,118.087,69.622,1.272984,1.202637,0.070348,128.6478,0.85625,0.0,0.994629,0.005371,51200,6586767,806,10522,268,2638
47100,118.207,69.691,1.187763,1.149658,0.038105,128.7385,0.857793,0.0,0.995996,0.004004,51200,6591410,802,9618,279,2638
47150,118.329,69.76,1.122954,1.137817,-0.014864,128.831,0.857227,0.0,0.997598,0.002402,51200,6596147,771,9020,281,2638
47200,118.452,69.828,1.221008,1.188599,0.032409,128.7261,0.839902,0.0,0.99584,0.00416,51200,6590775,772,10157,291,2638
47250,118.576,69.897,1.191516,1.21106,-0.019543,128.7527,0.852383,0.0,0.99625,0.00375,51200,6592140,756,9967,290,2640
47300,118.713,69.965,1.146996,1.125488,0.021508,128.8358,0.86168,0.0,0.9975,0.0025,51200,6596391,805,8416,293,2640
47350,118.833,70.032,1.112923,1.114746,-0.001823,128.7661,0.855117,0.0,0.996523,0.003477,51200,6592826,759,8700,301,2640
47400,118.954,70.101,1.204894,1.162231,0.042663,128.9772,0.841367,0.0,0.99959,0.00041,51200,6603634,797,9569,297,2640
47450,119.074,70.169,1.215087,1.153687,0.061401,128.823,0.828477,0.0,0.997266,0.002734,51200,6595739,817,9685,297,2640
47500,119.196,70.236,1.238419,1.187988,0.050431,128.8164,0.824688,0.0,0.99709,0.00291,51200,6595399,777,9897,306,2641
47550,119.32,70.306,1.328701,1.231445,0.097256,128.7412,0.830391,0.0,0.996035,0.003965,51200,6591550,794,10521,318,2644
47600,119.455,70.384,1.30454,1.244141,0.0604,128.5616,0.839316,0.0,0.993613,0.006387,51200,6582353,783,10325,314,2644
47650,119.576,70.453,1.177882,1.160645,0.017237,128.384,0.839551,0.0,0.990645,0.009355,51200,6573263,801,9193,305,2644
47700,119.695,70.521,1.164333,1.112305,0.052028,128.6455,0.841133,0.0,0.994316,0.005684,51200,6586651,821,8576,299,2644
47750,119.818,70.588,1.114464,1.063477,0.050987,128.8397,0.844551,0.0,0.997656,0.002344,51200,6596593,837,7577,298,2644
47800,119.937,70.658,1.150701,1.091309,0.059393,136.4158,0.845996,0.000918,0.99627,0.002812,51200,6984490,801,8147,283,2644
47850,120.058,70.726,1.158836,1.10498,0.053855,128.9263,0.841914,0.0,0.99793,0.00207,51200,6601025,774,8201,274,2644
47900,120.179,70.795,1.16788,1.115601,0.05228,128.706,0.84623,0.0,0.995742,0.004258,51200,6589746,789,8584,274,2644
47950,120.296,70.863,1.291614,1.203125,0.088489,128.6881,0.832637,0.0,0.995156,0.004844,51200,6588829,778,9960,275,2644
48000,120.415,70.931,1.303475,1.232422,0.071053,128.7792,0.830312,0.0,0.996426,0.003574,51200,6593495,789,9910,282,2644
48050,120.533,71.0,1.336801,1.21875,0.118051,128.9493,0.84125,0.0,0.999219,0.000781,51200,6602206,778,10132,285,2645
48100,120.658,71.069,1.294078,1.192139,0.101939,128.9108,0.844688,0.0,0.998438,0.001562,51200,6600231,794,9562,287,2645
48150,120.784,71.137,1.225828,1.204346,0.021483,128.6762,0.854961,0.0,0.995078,0.004922,51200,6588221,833,9595,291,2645
48200,120.907,71.206,1.177969,1.14978,0.028189,128.8756,0.852949,0.0,0.997988,0.002012,51200,6598431,771,9068,291,2645
48250,121.023,71.274,1.074605,1.056763,0.017842,128.8566,0.848887,0.0,0.997871,0.002129,51200,6597459,728,7860,296,2645
48300,121.142,71.343,1.171493,1.112915,0.058577,128.737,0.85584,0.0,0.995723,0.004277,51200,6591336,811,8710,284,2645
48350,121.26,71.41,1.186159,1.162598,0.023561,128.809,0.855312,0.0,0.996895,0.003105,51200,6595022,748,9555,297,2645
48400,121.38,71.478,1.199361,1.166016,0.033346,128.7541,0.853047,0.0,0.99625,0.00375,51200,6592209,815,9221,292,2645
48450,121.5,71.546,1.151824,1.11084,0.040985,128.7852,0.862617,0.0,0.996504,0.003496,51200,6593800,786,8322,289,2652
48500,121.621,71.615,1.191384,1.103271,0.088113,128.9876,0.883652,0.0,0.999844,0.000156,51200,6604167,790,8168,295,2652
48550,121.742,71.683,1.094496,1.054199,0.040297,128.9659,0.864785,0.0,0.999453,0.000547,51200,6603053,807,7068,289,2652
48600,121.861,71.751,1.14753,1.099365,0.048165,128.9656,0.836445,0.0,0.999492,0.000508,51200,6603039,744,7933,289,2652
48650,121.982,71.818,1.105947,1.085815,0.020132,128.6871,0.824355,0.0,0.995117,0.004883,51200,6588777,700,7845,292,2652
48700,122.104,71.89,1.198525,1.146851,0.051674,128.8463,0.827109,0.0,0.997617,0.002383,51200,6596929,761,8658,291,2653
48750,122.225,71.959,1.241984,1.215698,0.026285,128.5603,0.827168,0.0,0.993652,0.006348,51200,6582289,773,10037,278,2653
48800,122.347,72.029,1.234243,1.184814,0.049429,128.8988,0.84666,0.0,0.998516,0.001484,51200,6599619,785,9325,288,2653
48850,122.464,72.098,1.337675,1.287354,0.050322,128.9389,0.833926,0.0,0.99916,0.00084,51200,6601674,778,11082,286,2653
48900,122.581,72.166,1.36063,1.263672,0.096959,128.7962,0.824531,0.0,0.996797,0.003203,51200,6594366,815,10886,278,2654
48950,122.699,72.234,1.357034,1.293945,0.063089,128.835,0.814785,0.0,0.997305,0.002695,51200,6596354,765,11509,284,2654
49000,122.827,72.303,1.409815,1.343506,0.06631,128.6762,0.785977,0.0,0.995098,0.004902,51200,6588220,758,12253,299,2654
49050,122.946,72.372,1.431426,1.324463,0.106963,128.7796,0.797598,0.0,0.996172,0.003828,51200,6593517,803,12447,309,2654
49100,123.072,72.443,1.437565,1.367432,0.070134,128.6834,0.800273,0.0,0.995254,0.004746,51200,6588589,749,12139,311,2656
49150,123.196,72.512,1.407507,1.290405,0.117102,128.7747,0.808789,0.0,0.996426,0.003574,51200,6593265,752,11241,295,2656
49200,123.323,72.584,1.460258,1.392212,0.068046,128.7579,0.817988,0.0,0.995859,0.004141,51200,6592402,803,12438,282,2656
49250,123.447,72.654,1.499097,1.416504,0.082593,128.8642,0.827637,0.0,0.997754,0.002246,51200,6597845,846,12853,288,2656
49300,123.569,72.723,1.468433,1.380981,0.087451,129.0295,0.820879,2e-05,0.997598,0.002383,51200,6606309,768,12092,298,2657
49350,123.688,72.792,1.554995,1.419556,0.135439,128.666,0.815957,0.0,0.993691,0.006309,51200,6587699,783,12765,277,2657
49400,123.812,72.861,1.55218,1.46875,0.08343,128.212,0.806699,0.0,0.988008,0.011992,51200,6564455,780,13414,287,2658
49450,123.932,72.93,1.548969,1.436768,0.112201,128.4478,0.819395,0.0,0.991328,0.008672,51200,6576526,746,12912,287,2658
49500,124.056,73.003,1.507522,1.386353,0.12117,128.5327,0.81332,0.0,0.992383,0.007617,51200,6580874,756,12333,286,2658
49550,124.175,73.071,1.394649,1.315186,0.079463,128.7408,0.813086,0.0,0.99627,0.00373,51200,6591531,787,11547,291,2658
49600,124.303,73.141,1.533539,1.433105,0.100434,128.8674,0.824961,0.0,0.997812,0.002188,51200,6598011,813,12924,295,2658
49650,124.437,73.218,1.451248,1.392212,0.059037,128.6205,0.853535,0.0,0.99416,0.00584,51200,6585369,792,12072,282,2658
49700,124.562,73.287,1.405466,1.3479,0.057566,128.917,0.863555,0.0,0.998672,0.001328,51200,6600550,774,10497,285,2660
49750,124.686,73.356,1.368314,1.302124,0.06619,128.9813,0.860586,0.0,0.999648,0.000352,51200,6603844,765,10606,280,2660
49800,124.805,73.427,1.401695,1.260498,0.141197,128.9814,0.853594,0.0,0.999727,0.000273,51200,6603850,717,11129,282,2660
49850,124.928,73.495,1.392809,1.275269,0.117541,128.8289,0.838965,0.0,0.997441,0.002559,51200,6596038,760,10871,277,2660
49900,125.053,73.565,1.413162,1.33313,0.080032,128.9086,0.841953,0.0,0.998672,0.001328,51200,6600118,787,11115,285,2660
49950,125.178,73.636,1.339874,1.288086,0.051788,128.9737,0.835547,0.0,0.999512,0.000488,51200,6603453,787,10536,280,2660
50000,125.311,73.706,1.245449,1.186035,0.059414,128.9614,0.855449,0.0,0.999238,0.000762,51200,6602824,799,8875,284,2660
