# epoch 0  H=7.9996 C=8.0025 HO=-0.0005  A(t)=0
         1  ......p......e..  fffff08b1aaa700904ac1defbd65d1a3
         1  .......W~....:.+  ffffecc70fb8dd577ea5c1fb183ac62b
         1  ...E....N}W..^.l  ffffd445c47f9af54e7d5719f75efb6c
         1  ...}...M/..G@.i.  ffffbc7dd6b2c34d2fa2a74740e269a6
         1  ..X..!=...&.l5c`  ffff58d1c5213dded4a326ee6c356360
         1  ..,....F......7.  ffff2cb7bdc6fa467f14021ea1d637d9
         1  ..$.f...sh..xz..  ffff24a4660cb68b736806b8787ad8fe
         1  ....Y.[).*..:xN.  fffed81f59955b29ef2ac01f3a784e0c
         1  ....X........w..  fffecfcf5811a518a39feca2ab77f0d0
         1  .....!$.....w4..  fffeceabc42124b1187fdc077734aade
# epoch 50  H=7.9993 C=7.9772 HO=-0.0008  A(t)=0
        72  ................  1b1b1b1b1b1b1b1b1b1b1b1b1b1b1b1b
        69  ................  84848484848484848484848484848484
        63  [[[[[[[[[[[[[[[[  5b5b5b5b5b5b5b5b5b5b5b5b5b5b5b5b
        58  <<<<<<<<<<<<<<<<  3c3c3c3c3c3c3c3c3c3c3c3c3c3c3c3c
        49  ................  1f1f1f1f1f1f1f1f1f1f1f1f1f1f1f1f
        47  GGGGGGGGGGGGGGGG  47474747474747474747474747474747
        47  ................  19191919191919191919191919191919
        44  ................  f1f1f1f1f1f1f1f1f1f1f1f1f1f1f1f1
        44  ................  cdcdcdcdcdcdcdcdcdcdcdcdcdcdcdcd
        44  ................  bdbdbdbdbdbdbdbdbdbdbdbdbdbdbdbd
# epoch 100  H=7.9989 C=7.9697 HO=-0.0012  A(t)=0
       118  >>>>>>>>>>>>>>>>  3e3e3e3e3e3e3e3e3e3e3e3e3e3e3e3e
        58  <<<<<<<<<<<<<<<<  3c3c3c3c3c3c3c3c3c3c3c3c3c3c3c3c
        55  [[[[[[[[[[[[[[[[  5b5b5b5b5b5b5b5b5b5b5b5b5b5b5b5b
        53  ................  1b1b1b1b1b1b1b1b1b1b1b1b1b1b1b1b
        48  ................  e7e7e7e7e7e7e7e7e7e7e7e7e7e7e7e7
        47  ................  19191919191919191919191919191919
        44  ................  f1f1f1f1f1f1f1f1f1f1f1f1f1f1f1f1
        44  ................  cdcdcdcdcdcdcdcdcdcdcdcdcdcdcdcd
        44  ................  bdbdbdbdbdbdbdbdbdbdbdbdbdbdbdbd
        43  ................  f4f4f4f4f4f4f4f4f4f4f4f4f4f4f4f4
# epoch 150  H=7.9985 C=7.9634 HO=-0.0016  A(t)=0
       164  >>>>>>>>>>>>>>>>  3e3e3e3e3e3e3e3e3e3e3e3e3e3e3e3e
       119  6666666666666666  36363636363636363636363636363636
        58  <<<<<<<<<<<<<<<<  3c3c3c3c3c3c3c3c3c3c3c3c3c3c3c3c
        55  [[[[[[[[[[[[[[[[  5b5b5b5b5b5b5b5b5b5b5b5b5b5b5b5b
        53  ................  1b1b1b1b1b1b1b1b1b1b1b1b1b1b1b1b
        48  ................  e2e2e2e2e2e2e2e2e2e2e2e2e2e2e2e2
        47  ................  e7e7e7e7e7e7e7e7e7e7e7e7e7e7e7e7
        44  ................  f1f1f1f1f1f1f1f1f1f1f1f1f1f1f1f1
        44  ................  bdbdbdbdbdbdbdbdbdbdbdbdbdbdbdbd
        43  ................  f4f4f4f4f4f4f4f4f4f4f4f4f4f4f4f4
# epoch 200  H=7.9979 C=7.9598 HO=-0.0022  A(t)=0
       227  >>>>>>>>>>>>>>>>  3e3e3e3e3e3e3e3e3e3e3e3e3e3e3e3e
        99  6666666666666666  36363636363636363636363636363636
        78  [[[[[[[[[[[[[[[[  5b5b5b5b5b5b5b5b5b5b5b5b5b5b5b5b
        70  ................  1b1b1b1b1b1b1b1b1b1b1b1b1b1b1b1b
        58  <<<<<<<<<<<<<<<<  3c3c3c3c3c3c3c3c3c3c3c3c3c3c3c3c
        47  ................  e7e7e7e7e7e7e7e7e7e7e7e7e7e7e7e7
        47  ................  e2e2e2e2e2e2e2e2e2e2e2e2e2e2e2e2
        44  ................  f1f1f1f1f1f1f1f1f1f1f1f1f1f1f1f1
        43  ................  f4f4f4f4f4f4f4f4f4f4f4f4f4f4f4f4
        40  GGGGGGGGGGGGGGGG  47474747474747474747474747474747
# epoch 250  H=7.9974 C=7.9567 HO=-0.0027  A(t)=0
       300  >>>>>>>>>>>>>>>>  3e3e3e3e3e3e3e3e3e3e3e3e3e3e3e3e
       120  [[[[[[[[[[[[[[[[  5b5b5b5b5b5b5b5b5b5b5b5b5b5b5b5b
        70  ................  1b1b1b1b1b1b1b1b1b1b1b1b1b1b1b1b
        68  6666666666666666  36363636363636363636363636363636
        47  ................  e7e7e7e7e7e7e7e7e7e7e7e7e7e7e7e7
        47  ................  e2e2e2e2e2e2e2e2e2e2e2e2e2e2e2e2
        42  ................  f4f4f4f4f4f4f4f4f4f4f4f4f4f4f4f4
        42  <<<<<<<<<<<<<<<<  3c3c3c3c3c3c3c3c3c3c3c3c3c3c3c3c
        39  ................  bdbdbdbdbdbdbdbdbdbdbdbdbdbdbdbd
        38  ................  01010101010101010101010101010101
# epoch 300  H=7.9970 C=7.9538 HO=-0.0030  A(t)=47
       337  >>>>>>>>>>>>>>>>  3e3e3e3e3e3e3e3e3e3e3e3e3e3e3e3e
       110  [[[[[[[[[[[[[[[[  5b5b5b5b5b5b5b5b5b5b5b5b5b5b5b5b
        93  ................  e7e7e7e7e7e7e7e7e7e7e7e7e7e7e7e7
        49  ................  bdbdbdbdbdbdbdbdbdbdbdbdbdbdbdbd
        49  ................  85858585858585858585858585858585
        48  ................  1b1b1b1b1b1b1b1b1b1b1b1b1b1b1b1b
        46  6666666666666666  36363636363636363636363636363636
        42  ................  f4f4f4f4f4f4f4f4f4f4f4f4f4f4f4f4
        38  ................  01010101010101010101010101010101
        34  ................  f1f1f1f1f1f1f1f1f1f1f1f1f1f1f1f1
# epoch 350  H=7.9964 C=7.9471 HO=-0.0037  A(t)=53
       315  >>>>>>>>>>>>>>>>  3e3e3e3e3e3e3e3e3e3e3e3e3e3e3e3e
        93  ................  e7e7e7e7e7e7e7e7e7e7e7e7e7e7e7e7
        77  [[[[[[[[[[[[[[[[  5b5b5b5b5b5b5b5b5b5b5b5b5b5b5b5b
        53  ,,,,,,,,,,,,,,,,  2c2c2c2c2c2c2c2c2c2c2c2c2c2c2c2c
        50  ]]]]]]]]]]]]]]]]  5d5d5d5d5d5d5d5d5d5d5d5d5d5d5d5d
        49  ................  d9d9d9d9d9d9d9d9d9d9d9d9d9d9d9d9
        49  ................  a7a7a7a7a7a7a7a7a7a7a7a7a7a7a7a7
        49  ................  15151515151515151515151515151515
        46  ................  2e2e2e2e2e2e2e2e2e2e2e2e2e2e2e2e
        42  6666666666666666  36363636363636363636363636363636
# epoch 400  H=7.9960 C=7.9438 HO=-0.0040  A(t)=61
       291  >>>>>>>>>>>>>>>>  3e3e3e3e3e3e3e3e3e3e3e3e3e3e3e3e
        75  ................  2e2e2e2e2e2e2e2e2e2e2e2e2e2e2e2e
        65  [[[[[[[[[[[[[[[[  5b5b5b5b5b5b5b5b5b5b5b5b5b5b5b5b
        63  ................  e7e7e7e7e7e7e7e7e7e7e7e7e7e7e7e7
        49  ................  fafafafafafafafafafafafafafafafa
        48  ----------------  2d2d2d2d2d2d2d2d2d2d2d2d2d2d2d2d
        47  ]]]]]]]]]]]]]]]]  5d5d5d5d5d5d5d5d5d5d5d5d5d5d5d5d
        47  ................  15151515151515151515151515151515
        43  ................  f4f4f4f4f4f4f4f4f4f4f4f4f4f4f4f4
        37  6666666666666666  36363636363636363636363636363636
# epoch 450  H=7.9958 C=7.9413 HO=0.0587  A(t)=64
       250  >>>>>>>>>>>>>>>>  3e3e3e3e3e3e3e3e3e3e3e3e3e3e3e3e
       110  [[[[[[[[[[[[[[[[  5b5b5b5b5b5b5b5b5b5b5b5b5b5b5b5b
        81  ................  ffffffffffffffffffffffffffffffff
        56  ................  2e2e2e2e2e2e2e2e2e2e2e2e2e2e2e2e
        55  ................  00000000000000000000000000000000
        48  ................  fafafafafafafafafafafafafafafafa
        47  ................  e7e7e7e7e7e7e7e7e7e7e7e7e7e7e7e7
        47  ................  15151515151515151515151515151515
        37  ................  09090909090909090909090909090909
        36  ................  bdbdbdbdbdbdbdbdbdbdbdbdbdbdbdbd
# epoch 500  H=7.9955 C=7.9417 HO=0.0581  A(t)=69
       255  >>>>>>>>>>>>>>>>  3e3e3e3e3e3e3e3e3e3e3e3e3e3e3e3e
       107  [[[[[[[[[[[[[[[[  5b5b5b5b5b5b5b5b5b5b5b5b5b5b5b5b
        78  ................  ffffffffffffffffffffffffffffffff
        56  ................  2e2e2e2e2e2e2e2e2e2e2e2e2e2e2e2e
        55  ................  00000000000000000000000000000000
        47  ................  15151515151515151515151515151515
        38  ................  e7e7e7e7e7e7e7e7e7e7e7e7e7e7e7e7
        37  ................  09090909090909090909090909090909
        33  ................  aaaaaaaaaaaaaaaaaaaaaaaaaaaaaaaa
        33  ................  a7a7a7a7a7a7a7a7a7a7a7a7a7a7a7a7
# epoch 550  H=7.9951 C=7.9364 HO=0.0622  A(t)=70
       257  >>>>>>>>>>>>>>>>  3e3e3e3e3e3e3e3e3e3e3e3e3e3e3e3e
       146  [[[[[[[[[[[[[[[[  5b5b5b5b5b5b5b5b5b5b5b5b5b5b5b5b
        77  ................  ffffffffffffffffffffffffffffffff
        77  ................  b9b9b9b9b9b9b9b9b9b9b9b9b9b9b9b9
        63  ,,,,,,,,,,,,,,,,  2c2c2c2c2c2c2c2c2c2c2c2c2c2c2c2c
        62  ................  01010101010101010101010101010101
        56  ................  2e2e2e2e2e2e2e2e2e2e2e2e2e2e2e2e
        55  ................  00000000000000000000000000000000
        47  ................  15151515151515151515151515151515
        38  ................  e7e7e7e7e7e7e7e7e7e7e7e7e7e7e7e7
# epoch 600  H=7.9949 C=7.9382 HO=0.0601  A(t)=77
       249  >>>>>>>>>>>>>>>>  3e3e3e3e3e3e3e3e3e3e3e3e3e3e3e3e
       112  [[[[[[[[[[[[[[[[  5b5b5b5b5b5b5b5b5b5b5b5b5b5b5b5b
        62  ................  ffffffffffffffffffffffffffffffff
        61  ,,,,,,,,,,,,,,,,  2c2c2c2c2c2c2c2c2c2c2c2c2c2c2c2c
        59  ................  01010101010101010101010101010101
        55  ................  00000000000000000000000000000000
        54  ................  b9b9b9b9b9b9b9b9b9b9b9b9b9b9b9b9
        40  ................  2e2e2e2e2e2e2e2e2e2e2e2e2e2e2e2e
        38  ................  e7e7e7e7e7e7e7e7e7e7e7e7e7e7e7e7
        33  ................  f1f1f1f1f1f1f1f1f1f1f1f1f1f1f1f1
# epoch 650  H=7.9946 C=7.9344 HO=0.0636  A(t)=82
       222  >>>>>>>>>>>>>>>>  3e3e3e3e3e3e3e3e3e3e3e3e3e3e3e3e
        70  [[[[[[[[[[[[[[[[  5b5b5b5b5b5b5b5b5b5b5b5b5b5b5b5b
        62  ................  ffffffffffffffffffffffffffffffff
        56  ................  b9b9b9b9b9b9b9b9b9b9b9b9b9b9b9b9
        55  ................  00000000000000000000000000000000
        48  ................  d6d6d6d6d6d6d6d6d6d6d6d6d6d6d6d6
        48  ................  d4d4d4d4d4d4d4d4d4d4d4d4d4d4d4d4
        48  ,,,,,,,,,,,,,,,,  2c2c2c2c2c2c2c2c2c2c2c2c2c2c2c2c
        46  ................  dadadadadadadadadadadadadadadada
        46  ................  87878787878787878787878787878787
# epoch 700  H=7.9942 C=7.9318 HO=0.0657  A(t)=86
       244  >>>>>>>>>>>>>>>>  3e3e3e3e3e3e3e3e3e3e3e3e3e3e3e3e
       101  ................  00000000000000000000000000000000
       100  [[[[[[[[[[[[[[[[  5b5b5b5b5b5b5b5b5b5b5b5b5b5b5b5b
        91  ................  01010101010101010101010101010101
        54  ................  ffffffffffffffffffffffffffffffff
        48  ................  efefefefefefefefefefefefefefefef
        47  ................  d4d4d4d4d4d4d4d4d4d4d4d4d4d4d4d4
        46  ................  87878787878787878787878787878787
        45  ................  dadadadadadadadadadadadadadadada
        44  ................  d6d6d6d6d6d6d6d6d6d6d6d6d6d6d6d6
# epoch 750  H=7.9937 C=7.9276 HO=0.0651  A(t)=88
       283  >>>>>>>>>>>>>>>>  3e3e3e3e3e3e3e3e3e3e3e3e3e3e3e3e
       122  [[[[[[[[[[[[[[[[  5b5b5b5b5b5b5b5b5b5b5b5b5b5b5b5b
        93  ................  d6d6d6d6d6d6d6d6d6d6d6d6d6d6d6d6
        77  ................  01010101010101010101010101010101
        69  ................  00000000000000000000000000000000
        53  ................  ffffffffffffffffffffffffffffffff
        49  ................  87878787878787878787878787878787
        47  ................  d4d4d4d4d4d4d4d4d4d4d4d4d4d4d4d4
        45  ................  dadadadadadadadadadadadadadadada
        40  ................  2e2e2e2e2e2e2e2e2e2e2e2e2e2e2e2e
# epoch 800  H=7.9935 C=7.9290 HO=0.0643  A(t)=91
       256  >>>>>>>>>>>>>>>>  3e3e3e3e3e3e3e3e3e3e3e3e3e3e3e3e
       120  [[[[[[[[[[[[[[[[  5b5b5b5b5b5b5b5b5b5b5b5b5b5b5b5b
        77  ................  01010101010101010101010101010101
        74  ................  d6d6d6d6d6d6d6d6d6d6d6d6d6d6d6d6
        60  ................  00000000000000000000000000000000
        53  ................  ffffffffffffffffffffffffffffffff
        47  ................  d4d4d4d4d4d4d4d4d4d4d4d4d4d4d4d4
        47  ,,,,,,,,,,,,,,,,  2c2c2c2c2c2c2c2c2c2c2c2c2c2c2c2c
        45  ................  dadadadadadadadadadadadadadadada
        39  ................  2e2e2e2e2e2e2e2e2e2e2e2e2e2e2e2e
# epoch 850  H=7.9933 C=7.9267 HO=0.0662  A(t)=91
       199  >>>>>>>>>>>>>>>>  3e3e3e3e3e3e3e3e3e3e3e3e3e3e3e3e
        89  [[[[[[[[[[[[[[[[  5b5b5b5b5b5b5b5b5b5b5b5b5b5b5b5b
        54  ................  01010101010101010101010101010101
        52  ................  00000000000000000000000000000000
        48  ................  d6d6d6d6d6d6d6d6d6d6d6d6d6d6d6d6
        45  ................  dadadadadadadadadadadadadadadada
        41  NNNNNNNNNNNNNNNN  4e4e4e4e4e4e4e4e4e4e4e4e4e4e4e4e
        40  ................  ffffffffffffffffffffffffffffffff
        36  ................  f2f2f2f2f2f2f2f2f2f2f2f2f2f2f2f2
        36  ,,,,,,,,,,,,,,,,  2c2c2c2c2c2c2c2c2c2c2c2c2c2c2c2c
# epoch 900  H=7.9932 C=7.9253 HO=0.0660  A(t)=98
       196  >>>>>>>>>>>>>>>>  3e3e3e3e3e3e3e3e3e3e3e3e3e3e3e3e
        82  [[[[[[[[[[[[[[[[  5b5b5b5b5b5b5b5b5b5b5b5b5b5b5b5b
        53  ................  01010101010101010101010101010101
        52  ................  00000000000000000000000000000000
        48  ................  d6d6d6d6d6d6d6d6d6d6d6d6d6d6d6d6
        43  ................  eaeaeaeaeaeaeaeaeaeaeaeaeaeaeaea
        41  NNNNNNNNNNNNNNNN  4e4e4e4e4e4e4e4e4e4e4e4e4e4e4e4e
        40  ................  ffffffffffffffffffffffffffffffff
        36  ,,,,,,,,,,,,,,,,  2c2c2c2c2c2c2c2c2c2c2c2c2c2c2c2c
        31  ................  f2f2f2f2f2f2f2f2f2f2f2f2f2f2f2f2
# epoch 950  H=7.9928 C=7.9212 HO=0.0706  A(t)=101
       183  >>>>>>>>>>>>>>>>  3e3e3e3e3e3e3e3e3e3e3e3e3e3e3e3e
       147  [[[[[[[[[[[[[[[[  5b5b5b5b5b5b5b5b5b5b5b5b5b5b5b5b
        74  ,,,,,,,,,,,,,,,,  2c2c2c2c2c2c2c2c2c2c2c2c2c2c2c2c
        60  ................  f4f4f4f4f4f4f4f4f4f4f4f4f4f4f4f4
        49  ................  b8b8b8b8b8b8b8b8b8b8b8b8b8b8b8b8
        49  <<<<<<<<<<<<<<<<  3c3c3c3c3c3c3c3c3c3c3c3c3c3c3c3c
        48  ................  d6d6d6d6d6d6d6d6d6d6d6d6d6d6d6d6
        48  8888888888888888  38383838383838383838383838383838
        41  NNNNNNNNNNNNNNNN  4e4e4e4e4e4e4e4e4e4e4e4e4e4e4e4e
        40  ................  ffffffffffffffffffffffffffffffff
# epoch 1000  H=7.9926 C=7.9193 HO=0.0703  A(t)=103
       141  >>>>>>>>>>>>>>>>  3e3e3e3e3e3e3e3e3e3e3e3e3e3e3e3e
       120  [[[[[[[[[[[[[[[[  5b5b5b5b5b5b5b5b5b5b5b5b5b5b5b5b
        70  ,,,,,,,,,,,,,,,,  2c2c2c2c2c2c2c2c2c2c2c2c2c2c2c2c
        62  ................  0e0e0e0e0e0e0e0e0e0e0e0e0e0e0e0e
        49  ................  f4f4f4f4f4f4f4f4f4f4f4f4f4f4f4f4
        48  ................  97979797979797979797979797979797
        45  ................  a1a1a1a1a1a1a1a1a1a1a1a1a1a1a1a1
        41  ................  d3d3d3d3d3d3d3d3d3d3d3d3d3d3d3d3
        41  NNNNNNNNNNNNNNNN  4e4e4e4e4e4e4e4e4e4e4e4e4e4e4e4e
        40  ................  ffffffffffffffffffffffffffffffff
# epoch 1050  H=7.9923 C=7.9205 HO=0.0693  A(t)=105
       142  >>>>>>>>>>>>>>>>  3e3e3e3e3e3e3e3e3e3e3e3e3e3e3e3e
       120  [[[[[[[[[[[[[[[[  5b5b5b5b5b5b5b5b5b5b5b5b5b5b5b5b
        80  ,,,,,,,,,,,,,,,,  2c2c2c2c2c2c2c2c2c2c2c2c2c2c2c2c
        52  ================  3d3d3d3d3d3d3d3d3d3d3d3d3d3d3d3d
        46  ................  f4f4f4f4f4f4f4f4f4f4f4f4f4f4f4f4
        42  ................  0e0e0e0e0e0e0e0e0e0e0e0e0e0e0e0e
        41  NNNNNNNNNNNNNNNN  4e4e4e4e4e4e4e4e4e4e4e4e4e4e4e4e
        40  ................  ffffffffffffffffffffffffffffffff
        40  }}}}}}}}}}}}}}}}  7d7d7d7d7d7d7d7d7d7d7d7d7d7d7d7d
        34  ................  fefefefefefefefefefefefefefefefe
# epoch 1100  H=7.9920 C=7.9179 HO=0.0690  A(t)=110
       136  hhhhhhhhhhhhhhhh  68686868686868686868686868686868
       109  >>>>>>>>>>>>>>>>  3e3e3e3e3e3e3e3e3e3e3e3e3e3e3e3e
        96  [[[[[[[[[[[[[[[[  5b5b5b5b5b5b5b5b5b5b5b5b5b5b5b5b
        80  ,,,,,,,,,,,,,,,,  2c2c2c2c2c2c2c2c2c2c2c2c2c2c2c2c
        53  ================  3d3d3d3d3d3d3d3d3d3d3d3d3d3d3d3d
        43  ................  f4f4f4f4f4f4f4f4f4f4f4f4f4f4f4f4
        42  ................  0e0e0e0e0e0e0e0e0e0e0e0e0e0e0e0e
        41  NNNNNNNNNNNNNNNN  4e4e4e4e4e4e4e4e4e4e4e4e4e4e4e4e
        40  ................  ffffffffffffffffffffffffffffffff
        34  ................  fefefefefefefefefefefefefefefefe
# epoch 1150  H=7.9919 C=7.9196 HO=0.0668  A(t)=113
       104  >>>>>>>>>>>>>>>>  3e3e3e3e3e3e3e3e3e3e3e3e3e3e3e3e
        88  hhhhhhhhhhhhhhhh  68686868686868686868686868686868
        70  [[[[[[[[[[[[[[[[  5b5b5b5b5b5b5b5b5b5b5b5b5b5b5b5b
        70  ,,,,,,,,,,,,,,,,  2c2c2c2c2c2c2c2c2c2c2c2c2c2c2c2c
        53  ================  3d3d3d3d3d3d3d3d3d3d3d3d3d3d3d3d
        43  ................  f4f4f4f4f4f4f4f4f4f4f4f4f4f4f4f4
        41  NNNNNNNNNNNNNNNN  4e4e4e4e4e4e4e4e4e4e4e4e4e4e4e4e
        37  ................  0e0e0e0e0e0e0e0e0e0e0e0e0e0e0e0e
        34  ................  fefefefefefefefefefefefefefefefe
        28  ................  ffffffffffffffffffffffffffffffff
# epoch 1200  H=7.9916 C=7.9189 HO=0.0661  A(t)=118
       111  >>>>>>>>>>>>>>>>  3e3e3e3e3e3e3e3e3e3e3e3e3e3e3e3e
        70  ,,,,,,,,,,,,,,,,  2c2c2c2c2c2c2c2c2c2c2c2c2c2c2c2c
        62  hhhhhhhhhhhhhhhh  68686868686868686868686868686868
        52  [[[[[[[[[[[[[[[[  5b5b5b5b5b5b5b5b5b5b5b5b5b5b5b5b
        51  WWWWWWWWWWWWWWWW  57575757575757575757575757575757
        49  ................  a9a9a9a9a9a9a9a9a9a9a9a9a9a9a9a9
        49  ================  3d3d3d3d3d3d3d3d3d3d3d3d3d3d3d3d
        41  NNNNNNNNNNNNNNNN  4e4e4e4e4e4e4e4e4e4e4e4e4e4e4e4e
        38  }}}}}}}}}}}}}}}}  7d7d7d7d7d7d7d7d7d7d7d7d7d7d7d7d
        37  ................  0e0e0e0e0e0e0e0e0e0e0e0e0e0e0e0e
# epoch 1250  H=7.9915 C=7.9198 HO=0.0657  A(t)=122
       117  >>>>>>>>>>>>>>>>  3e3e3e3e3e3e3e3e3e3e3e3e3e3e3e3e
        60  hhhhhhhhhhhhhhhh  68686868686868686868686868686868
        56  ................  01010101010101010101010101010101
        54  ,,,,,,,,,,,,,,,,  2c2c2c2c2c2c2c2c2c2c2c2c2c2c2c2c
        52  [[[[[[[[[[[[[[[[  5b5b5b5b5b5b5b5b5b5b5b5b5b5b5b5b
        49  ................  a9a9a9a9a9a9a9a9a9a9a9a9a9a9a9a9
        41  }}}}}}}}}}}}}}}}  7d7d7d7d7d7d7d7d7d7d7d7d7d7d7d7d
        41  NNNNNNNNNNNNNNNN  4e4e4e4e4e4e4e4e4e4e4e4e4e4e4e4e
        39  aaaaaaaaaaaaaaaa  61616161616161616161616161616161
        38  ================  3d3d3d3d3d3d3d3d3d3d3d3d3d3d3d3d
# epoch 1300  H=7.9912 C=7.9180 HO=0.0660  A(t)=123
        81  >>>>>>>>>>>>>>>>  3e3e3e3e3e3e3e3e3e3e3e3e3e3e3e3e
        60  hhhhhhhhhhhhhhhh  68686868686868686868686868686868
        56  ................  01010101010101010101010101010101
        55  ================  3d3d3d3d3d3d3d3d3d3d3d3d3d3d3d3d
        53  }}}}}}}}}}}}}}}}  7d7d7d7d7d7d7d7d7d7d7d7d7d7d7d7d
        51  [[[[[[[[[[[[[[[[  5b5b5b5b5b5b5b5b5b5b5b5b5b5b5b5b
        41  NNNNNNNNNNNNNNNN  4e4e4e4e4e4e4e4e4e4e4e4e4e4e4e4e
        39  nnnnnnnnnnnnnnnn  6e6e6e6e6e6e6e6e6e6e6e6e6e6e6e6e
        39  aaaaaaaaaaaaaaaa  61616161616161616161616161616161
        36  ,,,,,,,,,,,,,,,,  2c2c2c2c2c2c2c2c2c2c2c2c2c2c2c2c
# epoch 1350  H=7.9909 C=7.9149 HO=0.0724  A(t)=123
       163  >>>>>>>>>>>>>>>>  3e3e3e3e3e3e3e3e3e3e3e3e3e3e3e3e
        93  3333333333333333  33333333333333333333333333333333
        74  hhhhhhhhhhhhhhhh  68686868686868686868686868686868
        63  ssssssssssssssss  73737373737373737373737373737373
        53  ................  01010101010101010101010101010101
        51  [[[[[[[[[[[[[[[[  5b5b5b5b5b5b5b5b5b5b5b5b5b5b5b5b
        50  ================  3d3d3d3d3d3d3d3d3d3d3d3d3d3d3d3d
        42  }}}}}}}}}}}}}}}}  7d7d7d7d7d7d7d7d7d7d7d7d7d7d7d7d
        41  NNNNNNNNNNNNNNNN  4e4e4e4e4e4e4e4e4e4e4e4e4e4e4e4e
        36  ,,,,,,,,,,,,,,,,  2c2c2c2c2c2c2c2c2c2c2c2c2c2c2c2c
# epoch 1400  H=7.9907 C=7.9171 HO=0.0702  A(t)=124
       207  >>>>>>>>>>>>>>>>  3e3e3e3e3e3e3e3e3e3e3e3e3e3e3e3e
        53  ................  dadadadadadadadadadadadadadadada
        50  ================  3d3d3d3d3d3d3d3d3d3d3d3d3d3d3d3d
        49  ................  d9d9d9d9d9d9d9d9d9d9d9d9d9d9d9d9
        48  3333333333333333  33333333333333333333333333333333
        45  [[[[[[[[[[[[[[[[  5b5b5b5b5b5b5b5b5b5b5b5b5b5b5b5b
        44  ssssssssssssssss  73737373737373737373737373737373
        44  hhhhhhhhhhhhhhhh  68686868686868686868686868686868
        41  NNNNNNNNNNNNNNNN  4e4e4e4e4e4e4e4e4e4e4e4e4e4e4e4e
        33  ................  a9a9a9a9a9a9a9a9a9a9a9a9a9a9a9a9
# epoch 1450  H=7.9905 C=7.9189 HO=0.0690  A(t)=125
       180  >>>>>>>>>>>>>>>>  3e3e3e3e3e3e3e3e3e3e3e3e3e3e3e3e
        49  3333333333333333  33333333333333333333333333333333
        45  ................  dadadadadadadadadadadadadadadada
        44  [[[[[[[[[[[[[[[[  5b5b5b5b5b5b5b5b5b5b5b5b5b5b5b5b
        41  ================  3d3d3d3d3d3d3d3d3d3d3d3d3d3d3d3d
        40  NNNNNNNNNNNNNNNN  4e4e4e4e4e4e4e4e4e4e4e4e4e4e4e4e
        38  ssssssssssssssss  73737373737373737373737373737373
        32  ................  01010101010101010101010101010101
        31  ................  fefefefefefefefefefefefefefefefe
        29  ................  a9a9a9a9a9a9a9a9a9a9a9a9a9a9a9a9
# epoch 1500  H=7.9904 C=7.9153 HO=0.0719  A(t)=126
       187  >>>>>>>>>>>>>>>>  3e3e3e3e3e3e3e3e3e3e3e3e3e3e3e3e
       110  ________________  20202020202020202020202020202020
        48  $$$$$$$$$$$$$$$$  24242424242424242424242424242424
        47  ................  c4c4c4c4c4c4c4c4c4c4c4c4c4c4c4c4
        47  ================  3d3d3d3d3d3d3d3d3d3d3d3d3d3d3d3d
        45  ................  dadadadadadadadadadadadadadadada
        41  ................  14141414141414141414141414141414
        39  [[[[[[[[[[[[[[[[  5b5b5b5b5b5b5b5b5b5b5b5b5b5b5b5b
        36  3333333333333333  33333333333333333333333333333333
        31  ................  fefefefefefefefefefefefefefefefe
# epoch 1550  H=7.9903 C=7.9150 HO=0.0720  A(t)=130
       210  >>>>>>>>>>>>>>>>  3e3e3e3e3e3e3e3e3e3e3e3e3e3e3e3e
       101  ________________  20202020202020202020202020202020
        65  ................  02020202020202020202020202020202
        49  RRRRRRRRRRRRRRRR  52525252525252525252525252525252
        43  ================  3d3d3d3d3d3d3d3d3d3d3d3d3d3d3d3d
        41  ................  14141414141414141414141414141414
        36  ................  c4c4c4c4c4c4c4c4c4c4c4c4c4c4c4c4
        30  $$$$$$$$$$$$$$$$  24242424242424242424242424242424
        29  ................  a9a9a9a9a9a9a9a9a9a9a9a9a9a9a9a9
        28  ................  d9d9d9d9d9d9d9d9d9d9d9d9d9d9d9d9
# epoch 1600  H=7.9899 C=7.9147 HO=0.0744  A(t)=130
       238  >>>>>>>>>>>>>>>>  3e3e3e3e3e3e3e3e3e3e3e3e3e3e3e3e
        77  ________________  20202020202020202020202020202020
        52  RRRRRRRRRRRRRRRR  52525252525252525252525252525252
        49  ................  02020202020202020202020202020202
        40  ................  93939393939393939393939393939393
        37  ]]]]]]]]]]]]]]]]  5d5d5d5d5d5d5d5d5d5d5d5d5d5d5d5d
        36  ................  c4c4c4c4c4c4c4c4c4c4c4c4c4c4c4c4
        34  ================  3d3d3d3d3d3d3d3d3d3d3d3d3d3d3d3d
        29  ................  a9a9a9a9a9a9a9a9a9a9a9a9a9a9a9a9
        28  ................  d9d9d9d9d9d9d9d9d9d9d9d9d9d9d9d9
# epoch 1650  H=7.9897 C=7.9151 HO=0.0716  A(t)=132
       229  >>>>>>>>>>>>>>>>  3e3e3e3e3e3e3e3e3e3e3e3e3e3e3e3e
        77  ________________  20202020202020202020202020202020
        49  ................  02020202020202020202020202020202
        46  ................  00000000000000000000000000000000
        45  RRRRRRRRRRRRRRRR  52525252525252525252525252525252
        34  ................  c4c4c4c4c4c4c4c4c4c4c4c4c4c4c4c4
        30  ////////////////  2f2f2f2f2f2f2f2f2f2f2f2f2f2f2f2f
        29  ................  9e9e9e9e9e9e9e9e9e9e9e9e9e9e9e9e
        28  ................  d9d9d9d9d9d9d9d9d9d9d9d9d9d9d9d9
        24  ................  e6e6e6e6e6e6e6e6e6e6e6e6e6e6e6e6
# epoch 1700  H=7.9895 C=7.9160 HO=0.0701  A(t)=135
       197  >>>>>>>>>>>>>>>>  3e3e3e3e3e3e3e3e3e3e3e3e3e3e3e3e
        61  ________________  20202020202020202020202020202020
        48  ................  a7a7a7a7a7a7a7a7a7a7a7a7a7a7a7a7
        47  ................  19191919191919191919191919191919
        46  RRRRRRRRRRRRRRRR  52525252525252525252525252525252
        46  ................  00000000000000000000000000000000
        44  ----------------  2d2d2d2d2d2d2d2d2d2d2d2d2d2d2d2d
        40  ................  02020202020202020202020202020202
        30  ////////////////  2f2f2f2f2f2f2f2f2f2f2f2f2f2f2f2f
        29  ................  9e9e9e9e9e9e9e9e9e9e9e9e9e9e9e9e
# epoch 1750  H=7.9889 C=7.9149 HO=0.0685  A(t)=138
       184  >>>>>>>>>>>>>>>>  3e3e3e3e3e3e3e3e3e3e3e3e3e3e3e3e
        83  ,,,,,,,,,,,,,,,,  2c2c2c2c2c2c2c2c2c2c2c2c2c2c2c2c
        48  ????????????????  3f3f3f3f3f3f3f3f3f3f3f3f3f3f3f3f
        46  ________________  20202020202020202020202020202020
        45  RRRRRRRRRRRRRRRR  52525252525252525252525252525252
        45  ................  19191919191919191919191919191919
        40  ................  a7a7a7a7a7a7a7a7a7a7a7a7a7a7a7a7
        35  ................  02020202020202020202020202020202
        30  ////////////////  2f2f2f2f2f2f2f2f2f2f2f2f2f2f2f2f
        30  ................  00000000000000000000000000000000
# epoch 1800  H=7.9885 C=7.9149 HO=0.0673  A(t)=140
       232  >>>>>>>>>>>>>>>>  3e3e3e3e3e3e3e3e3e3e3e3e3e3e3e3e
        55  [[[[[[[[[[[[[[[[  5b5b5b5b5b5b5b5b5b5b5b5b5b5b5b5b
        52  ................  01010101010101010101010101010101
        47  ,,,,,,,,,,,,,,,,  2c2c2c2c2c2c2c2c2c2c2c2c2c2c2c2c
        46  RRRRRRRRRRRRRRRR  52525252525252525252525252525252
        41  ________________  20202020202020202020202020202020
        40  ................  a7a7a7a7a7a7a7a7a7a7a7a7a7a7a7a7
        35  ................  02020202020202020202020202020202
        30  ................  00000000000000000000000000000000
        29  ................  9e9e9e9e9e9e9e9e9e9e9e9e9e9e9e9e
# epoch 1850  H=7.9882 C=7.9146 HO=0.0671  A(t)=142
       261  >>>>>>>>>>>>>>>>  3e3e3e3e3e3e3e3e3e3e3e3e3e3e3e3e
       103  [[[[[[[[[[[[[[[[  5b5b5b5b5b5b5b5b5b5b5b5b5b5b5b5b
        60  ................  a7a7a7a7a7a7a7a7a7a7a7a7a7a7a7a7
        50  ................  01010101010101010101010101010101
        45  RRRRRRRRRRRRRRRR  52525252525252525252525252525252
        38  ________________  20202020202020202020202020202020
        35  ................  02020202020202020202020202020202
        30  ................  00000000000000000000000000000000
        29  ................  9e9e9e9e9e9e9e9e9e9e9e9e9e9e9e9e
        28  ,,,,,,,,,,,,,,,,  2c2c2c2c2c2c2c2c2c2c2c2c2c2c2c2c
# epoch 1900  H=7.9877 C=7.9145 HO=0.0680  A(t)=142
       234  >>>>>>>>>>>>>>>>  3e3e3e3e3e3e3e3e3e3e3e3e3e3e3e3e
       134  [[[[[[[[[[[[[[[[  5b5b5b5b5b5b5b5b5b5b5b5b5b5b5b5b
        57  ................  a7a7a7a7a7a7a7a7a7a7a7a7a7a7a7a7
        51  ................  01010101010101010101010101010101
        46  RRRRRRRRRRRRRRRR  52525252525252525252525252525252
        39  <<<<<<<<<<<<<<<<  3c3c3c3c3c3c3c3c3c3c3c3c3c3c3c3c
        29  ................  9e9e9e9e9e9e9e9e9e9e9e9e9e9e9e9e
        29  ,,,,,,,,,,,,,,,,  2c2c2c2c2c2c2c2c2c2c2c2c2c2c2c2c
        26  ................  02020202020202020202020202020202
        24  ................  e6e6e6e6e6e6e6e6e6e6e6e6e6e6e6e6
# epoch 1950  H=7.9875 C=7.9132 HO=0.0651  A(t)=143
       302  >>>>>>>>>>>>>>>>  3e3e3e3e3e3e3e3e3e3e3e3e3e3e3e3e
       131  [[[[[[[[[[[[[[[[  5b5b5b5b5b5b5b5b5b5b5b5b5b5b5b5b
        57  ................  a7a7a7a7a7a7a7a7a7a7a7a7a7a7a7a7
        40  }}}}}}}}}}}}}}}}  7d7d7d7d7d7d7d7d7d7d7d7d7d7d7d7d
        40  ................  01010101010101010101010101010101
        35  RRRRRRRRRRRRRRRR  52525252525252525252525252525252
        30  ################  23232323232323232323232323232323
        27  ,,,,,,,,,,,,,,,,  2c2c2c2c2c2c2c2c2c2c2c2c2c2c2c2c
        26  ................  02020202020202020202020202020202
        25  <<<<<<<<<<<<<<<<  3c3c3c3c3c3c3c3c3c3c3c3c3c3c3c3c
# epoch 2000  H=7.9872 C=7.9127 HO=0.0661  A(t)=144
       302  >>>>>>>>>>>>>>>>  3e3e3e3e3e3e3e3e3e3e3e3e3e3e3e3e
        89  [[[[[[[[[[[[[[[[  5b5b5b5b5b5b5b5b5b5b5b5b5b5b5b5b
        57  ................  a7a7a7a7a7a7a7a7a7a7a7a7a7a7a7a7
        49  ________________  5f5f5f5f5f5f5f5f5f5f5f5f5f5f5f5f
        46  ................  e0e0e0e0e0e0e0e0e0e0e0e0e0e0e0e0
        43  RRRRRRRRRRRRRRRR  52525252525252525252525252525252
        33  }}}}}}}}}}}}}}}}  7d7d7d7d7d7d7d7d7d7d7d7d7d7d7d7d
        30  ,,,,,,,,,,,,,,,,  2c2c2c2c2c2c2c2c2c2c2c2c2c2c2c2c
        30  ################  23232323232323232323232323232323
        26  ................  02020202020202020202020202020202
# epoch 2050  H=7.9869 C=7.9110 HO=0.0674  A(t)=145
       263  >>>>>>>>>>>>>>>>  3e3e3e3e3e3e3e3e3e3e3e3e3e3e3e3e
       123  ________________  5f5f5f5f5f5f5f5f5f5f5f5f5f5f5f5f
        82  [[[[[[[[[[[[[[[[  5b5b5b5b5b5b5b5b5b5b5b5b5b5b5b5b
        57  ................  a7a7a7a7a7a7a7a7a7a7a7a7a7a7a7a7
        50  }}}}}}}}}}}}}}}}  7d7d7d7d7d7d7d7d7d7d7d7d7d7d7d7d
        46  ................  e0e0e0e0e0e0e0e0e0e0e0e0e0e0e0e0
        42  RRRRRRRRRRRRRRRR  52525252525252525252525252525252
        32  ................  adadadadadadadadadadadadadadadad
        30  ################  23232323232323232323232323232323
        26  ................  02020202020202020202020202020202
# epoch 2100  H=7.9867 C=7.9108 HO=0.0673  A(t)=145
       212  >>>>>>>>>>>>>>>>  3e3e3e3e3e3e3e3e3e3e3e3e3e3e3e3e
       116  ________________  5f5f5f5f5f5f5f5f5f5f5f5f5f5f5f5f
        70  [[[[[[[[[[[[[[[[  5b5b5b5b5b5b5b5b5b5b5b5b5b5b5b5b
        57  ................  a7a7a7a7a7a7a7a7a7a7a7a7a7a7a7a7
        57  }}}}}}}}}}}}}}}}  7d7d7d7d7d7d7d7d7d7d7d7d7d7d7d7d
        45  LLLLLLLLLLLLLLLL  4c4c4c4c4c4c4c4c4c4c4c4c4c4c4c4c
        42  ................  8d8d8d8d8d8d8d8d8d8d8d8d8d8d8d8d
        33  ................  e0e0e0e0e0e0e0e0e0e0e0e0e0e0e0e0
        32  RRRRRRRRRRRRRRRR  52525252525252525252525252525252
        30  ################  23232323232323232323232323232323
# epoch 2150  H=7.9865 C=7.9121 HO=0.0647  A(t)=145
       231  >>>>>>>>>>>>>>>>  3e3e3e3e3e3e3e3e3e3e3e3e3e3e3e3e
       116  ________________  5f5f5f5f5f5f5f5f5f5f5f5f5f5f5f5f
        62  [[[[[[[[[[[[[[[[  5b5b5b5b5b5b5b5b5b5b5b5b5b5b5b5b
        51  ................  a7a7a7a7a7a7a7a7a7a7a7a7a7a7a7a7
        43  LLLLLLLLLLLLLLLL  4c4c4c4c4c4c4c4c4c4c4c4c4c4c4c4c
        37  ????????????????  3f3f3f3f3f3f3f3f3f3f3f3f3f3f3f3f
        36  }}}}}}}}}}}}}}}}  7d7d7d7d7d7d7d7d7d7d7d7d7d7d7d7d
        33  ................  e0e0e0e0e0e0e0e0e0e0e0e0e0e0e0e0
        31  ~~~~~~~~~~~~~~~~  7e7e7e7e7e7e7e7e7e7e7e7e7e7e7e7e
        26  ................  8d8d8d8d8d8d8d8d8d8d8d8d8d8d8d8d
# epoch 2200  H=7.9864 C=7.9117 HO=0.0658  A(t)=148
       223  >>>>>>>>>>>>>>>>  3e3e3e3e3e3e3e3e3e3e3e3e3e3e3e3e
       107  ________________  5f5f5f5f5f5f5f5f5f5f5f5f5f5f5f5f
        62  [[[[[[[[[[[[[[[[  5b5b5b5b5b5b5b5b5b5b5b5b5b5b5b5b
        51  ................  a7a7a7a7a7a7a7a7a7a7a7a7a7a7a7a7
        37  ................  02020202020202020202020202020202
        36  ,,,,,,,,,,,,,,,,  2c2c2c2c2c2c2c2c2c2c2c2c2c2c2c2c
        32  ????????????????  3f3f3f3f3f3f3f3f3f3f3f3f3f3f3f3f
        29  ................  e0e0e0e0e0e0e0e0e0e0e0e0e0e0e0e0
        28  ~~~~~~~~~~~~~~~~  7e7e7e7e7e7e7e7e7e7e7e7e7e7e7e7e
        27  ................  b5b5b5b5b5b5b5b5b5b5b5b5b5b5b5b5
# epoch 2250  H=7.9863 C=7.9114 HO=0.0638  A(t)=151
       217  >>>>>>>>>>>>>>>>  3e3e3e3e3e3e3e3e3e3e3e3e3e3e3e3e
       104  [[[[[[[[[[[[[[[[  5b5b5b5b5b5b5b5b5b5b5b5b5b5b5b5b
        94  ________________  5f5f5f5f5f5f5f5f5f5f5f5f5f5f5f5f
        46  KKKKKKKKKKKKKKKK  4b4b4b4b4b4b4b4b4b4b4b4b4b4b4b4b
        38  ................  ffffffffffffffffffffffffffffffff
        37  ................  02020202020202020202020202020202
        33  ,,,,,,,,,,,,,,,,  2c2c2c2c2c2c2c2c2c2c2c2c2c2c2c2c
        32  ................  a7a7a7a7a7a7a7a7a7a7a7a7a7a7a7a7
        27  ................  b5b5b5b5b5b5b5b5b5b5b5b5b5b5b5b5
        19  <<<<<<<<<<<<<<<<  3c3c3c3c3c3c3c3c3c3c3c3c3c3c3c3c
# epoch 2300  H=7.9862 C=7.9056 HO=0.0706  A(t)=152
       265  >>>>>>>>>>>>>>>>  3e3e3e3e3e3e3e3e3e3e3e3e3e3e3e3e
        94  ________________  5f5f5f5f5f5f5f5f5f5f5f5f5f5f5f5f
        67  ................  c5c5c5c5c5c5c5c5c5c5c5c5c5c5c5c5
        65  [[[[[[[[[[[[[[[[  5b5b5b5b5b5b5b5b5b5b5b5b5b5b5b5b
        49  ................  01010101010101010101010101010101
        47  ||||||||||||||||  7c7c7c7c7c7c7c7c7c7c7c7c7c7c7c7c
        46  ................  93939393939393939393939393939393
        46  ................  10101010101010101010101010101010
        39  ................  9d9d9d9d9d9d9d9d9d9d9d9d9d9d9d9d
        38  ................  ffffffffffffffffffffffffffffffff
# epoch 2350  H=7.9858 C=7.9012 HO=0.0689  A(t)=153
       273  >>>>>>>>>>>>>>>>  3e3e3e3e3e3e3e3e3e3e3e3e3e3e3e3e
        94  ________________  5f5f5f5f5f5f5f5f5f5f5f5f5f5f5f5f
        87  ................  01010101010101010101010101010101
        56  [[[[[[[[[[[[[[[[  5b5b5b5b5b5b5b5b5b5b5b5b5b5b5b5b
        49  ................  0f0f0f0f0f0f0f0f0f0f0f0f0f0f0f0f
        47  ................  c5c5c5c5c5c5c5c5c5c5c5c5c5c5c5c5
        47  ||||||||||||||||  7c7c7c7c7c7c7c7c7c7c7c7c7c7c7c7c
        46  ................  93939393939393939393939393939393
        46  ................  10101010101010101010101010101010
        44  zzzzzzzzzzzzzzzz  7a7a7a7a7a7a7a7a7a7a7a7a7a7a7a7a
# epoch 2400  H=7.9854 C=7.8970 HO=0.0754  A(t)=153
       281  >>>>>>>>>>>>>>>>  3e3e3e3e3e3e3e3e3e3e3e3e3e3e3e3e
       101  ________________  5f5f5f5f5f5f5f5f5f5f5f5f5f5f5f5f
        81  ................  c0c0c0c0c0c0c0c0c0c0c0c0c0c0c0c0
        71  ................  01010101010101010101010101010101
        56  [[[[[[[[[[[[[[[[  5b5b5b5b5b5b5b5b5b5b5b5b5b5b5b5b
        54  ................  c5c5c5c5c5c5c5c5c5c5c5c5c5c5c5c5
        48  ................  0f0f0f0f0f0f0f0f0f0f0f0f0f0f0f0f
        47  ||||||||||||||||  7c7c7c7c7c7c7c7c7c7c7c7c7c7c7c7c
        46  ................  93939393939393939393939393939393
        46  wwwwwwwwwwwwwwww  77777777777777777777777777777777
# epoch 2450  H=7.9848 C=7.8972 HO=0.0717  A(t)=157
       354  >>>>>>>>>>>>>>>>  3e3e3e3e3e3e3e3e3e3e3e3e3e3e3e3e
        92  ________________  5f5f5f5f5f5f5f5f5f5f5f5f5f5f5f5f
        70  ................  01010101010101010101010101010101
        63  ................  c0c0c0c0c0c0c0c0c0c0c0c0c0c0c0c0
        53  ................  c5c5c5c5c5c5c5c5c5c5c5c5c5c5c5c5
        48  ................  d2d2d2d2d2d2d2d2d2d2d2d2d2d2d2d2
        47  ||||||||||||||||  7c7c7c7c7c7c7c7c7c7c7c7c7c7c7c7c
        41  ................  ffffffffffffffffffffffffffffffff
        40  zzzzzzzzzzzzzzzz  7a7a7a7a7a7a7a7a7a7a7a7a7a7a7a7a
        39  wwwwwwwwwwwwwwww  77777777777777777777777777777777
# epoch 2500  H=7.9847 C=7.8972 HO=0.0758  A(t)=158
       332  >>>>>>>>>>>>>>>>  3e3e3e3e3e3e3e3e3e3e3e3e3e3e3e3e
        92  ________________  5f5f5f5f5f5f5f5f5f5f5f5f5f5f5f5f
        84  [[[[[[[[[[[[[[[[  5b5b5b5b5b5b5b5b5b5b5b5b5b5b5b5b
        73  ................  edededededededededededededededed
        70  ................  01010101010101010101010101010101
        63  ................  c0c0c0c0c0c0c0c0c0c0c0c0c0c0c0c0
        47  ................  d2d2d2d2d2d2d2d2d2d2d2d2d2d2d2d2
        44  <<<<<<<<<<<<<<<<  3c3c3c3c3c3c3c3c3c3c3c3c3c3c3c3c
        41  ................  ffffffffffffffffffffffffffffffff
        38  wwwwwwwwwwwwwwww  77777777777777777777777777777777
# epoch 2550  H=7.9846 C=7.8989 HO=0.0721  A(t)=159
       311  >>>>>>>>>>>>>>>>  3e3e3e3e3e3e3e3e3e3e3e3e3e3e3e3e
        70  ................  01010101010101010101010101010101
        61  ________________  5f5f5f5f5f5f5f5f5f5f5f5f5f5f5f5f
        53  ................  edededededededededededededededed
        52  ................  c0c0c0c0c0c0c0c0c0c0c0c0c0c0c0c0
        47  ,,,,,,,,,,,,,,,,  2c2c2c2c2c2c2c2c2c2c2c2c2c2c2c2c
        44  <<<<<<<<<<<<<<<<  3c3c3c3c3c3c3c3c3c3c3c3c3c3c3c3c
        41  ................  ffffffffffffffffffffffffffffffff
        40  ................  d2d2d2d2d2d2d2d2d2d2d2d2d2d2d2d2
        39  wwwwwwwwwwwwwwww  77777777777777777777777777777777
# epoch 2600  H=7.9844 C=7.8981 HO=0.0751  A(t)=161
       288  >>>>>>>>>>>>>>>>  3e3e3e3e3e3e3e3e3e3e3e3e3e3e3e3e
        82  ................  f1f1f1f1f1f1f1f1f1f1f1f1f1f1f1f1
        77  <<<<<<<<<<<<<<<<  3c3c3c3c3c3c3c3c3c3c3c3c3c3c3c3c
        58  ________________  5f5f5f5f5f5f5f5f5f5f5f5f5f5f5f5f
        54  ................  01010101010101010101010101010101
        47  ................  edededededededededededededededed
        47  rrrrrrrrrrrrrrrr  72727272727272727272727272727272
        47  [[[[[[[[[[[[[[[[  5b5b5b5b5b5b5b5b5b5b5b5b5b5b5b5b
        44  ,,,,,,,,,,,,,,,,  2c2c2c2c2c2c2c2c2c2c2c2c2c2c2c2c
        40  ................  d2d2d2d2d2d2d2d2d2d2d2d2d2d2d2d2
# epoch 2650  H=7.9845 C=7.8992 HO=0.0756  A(t)=162
       291  >>>>>>>>>>>>>>>>  3e3e3e3e3e3e3e3e3e3e3e3e3e3e3e3e
        77  <<<<<<<<<<<<<<<<  3c3c3c3c3c3c3c3c3c3c3c3c3c3c3c3c
        66  ................  f1f1f1f1f1f1f1f1f1f1f1f1f1f1f1f1
        54  ................  01010101010101010101010101010101
        48  ________________  5f5f5f5f5f5f5f5f5f5f5f5f5f5f5f5f
        48  ________________  20202020202020202020202020202020
        47  [[[[[[[[[[[[[[[[  5b5b5b5b5b5b5b5b5b5b5b5b5b5b5b5b
        46  rrrrrrrrrrrrrrrr  72727272727272727272727272727272
        42  ,,,,,,,,,,,,,,,,  2c2c2c2c2c2c2c2c2c2c2c2c2c2c2c2c
        40  ................  d2d2d2d2d2d2d2d2d2d2d2d2d2d2d2d2
# epoch 2700  H=7.9842 C=7.9009 HO=0.0751  A(t)=165
       235  >>>>>>>>>>>>>>>>  3e3e3e3e3e3e3e3e3e3e3e3e3e3e3e3e
        77  <<<<<<<<<<<<<<<<  3c3c3c3c3c3c3c3c3c3c3c3c3c3c3c3c
        66  ................  f1f1f1f1f1f1f1f1f1f1f1f1f1f1f1f1
        48  ________________  5f5f5f5f5f5f5f5f5f5f5f5f5f5f5f5f
        46  rrrrrrrrrrrrrrrr  72727272727272727272727272727272
        43  ,,,,,,,,,,,,,,,,  2c2c2c2c2c2c2c2c2c2c2c2c2c2c2c2c
        43  ................  01010101010101010101010101010101
        36  ................  edededededededededededededededed
        32  ________________  20202020202020202020202020202020
        31  ................  1f1f1f1f1f1f1f1f1f1f1f1f1f1f1f1f
# epoch 2750  H=7.9842 C=7.8971 HO=0.0787  A(t)=167
       262  >>>>>>>>>>>>>>>>  3e3e3e3e3e3e3e3e3e3e3e3e3e3e3e3e
       162  [[[[[[[[[[[[[[[[  5b5b5b5b5b5b5b5b5b5b5b5b5b5b5b5b
       107  ................  a2a2a2a2a2a2a2a2a2a2a2a2a2a2a2a2
        68  <<<<<<<<<<<<<<<<  3c3c3c3c3c3c3c3c3c3c3c3c3c3c3c3c
        49  ................  f1f1f1f1f1f1f1f1f1f1f1f1f1f1f1f1
        47  ................  bebebebebebebebebebebebebebebebe
        47  ----------------  2d2d2d2d2d2d2d2d2d2d2d2d2d2d2d2d
        46  rrrrrrrrrrrrrrrr  72727272727272727272727272727272
        43  ................  01010101010101010101010101010101
        40  ,,,,,,,,,,,,,,,,  2c2c2c2c2c2c2c2c2c2c2c2c2c2c2c2c
# epoch 2800  H=7.9838 C=7.8947 HO=0.0814  A(t)=167
       241  >>>>>>>>>>>>>>>>  3e3e3e3e3e3e3e3e3e3e3e3e3e3e3e3e
       237  [[[[[[[[[[[[[[[[  5b5b5b5b5b5b5b5b5b5b5b5b5b5b5b5b
        98  ................  a2a2a2a2a2a2a2a2a2a2a2a2a2a2a2a2
        49  ................  f1f1f1f1f1f1f1f1f1f1f1f1f1f1f1f1
        48  ................  fbfbfbfbfbfbfbfbfbfbfbfbfbfbfbfb
        48  GGGGGGGGGGGGGGGG  47474747474747474747474747474747
        48  ................  02020202020202020202020202020202
        47  ................  bebebebebebebebebebebebebebebebe
        46  rrrrrrrrrrrrrrrr  72727272727272727272727272727272
        40  ................  01010101010101010101010101010101
# epoch 2850  H=7.9837 C=7.8940 HO=0.0810  A(t)=169
       225  >>>>>>>>>>>>>>>>  3e3e3e3e3e3e3e3e3e3e3e3e3e3e3e3e
       221  [[[[[[[[[[[[[[[[  5b5b5b5b5b5b5b5b5b5b5b5b5b5b5b5b
        92  ................  a2a2a2a2a2a2a2a2a2a2a2a2a2a2a2a2
        74  }}}}}}}}}}}}}}}}  7d7d7d7d7d7d7d7d7d7d7d7d7d7d7d7d
        48  ................  fbfbfbfbfbfbfbfbfbfbfbfbfbfbfbfb
        48  ................  02020202020202020202020202020202
        47  ................  bebebebebebebebebebebebebebebebe
        40  ................  f1f1f1f1f1f1f1f1f1f1f1f1f1f1f1f1
        40  ................  01010101010101010101010101010101
        38  rrrrrrrrrrrrrrrr  72727272727272727272727272727272
# epoch 2900  H=7.9833 C=7.8910 HO=0.0849  A(t)=169
       286  >>>>>>>>>>>>>>>>  3e3e3e3e3e3e3e3e3e3e3e3e3e3e3e3e
       188  [[[[[[[[[[[[[[[[  5b5b5b5b5b5b5b5b5b5b5b5b5b5b5b5b
        90  ................  a2a2a2a2a2a2a2a2a2a2a2a2a2a2a2a2
        76  }}}}}}}}}}}}}}}}  7d7d7d7d7d7d7d7d7d7d7d7d7d7d7d7d
        69  ,,,,,,,,,,,,,,,,  2c2c2c2c2c2c2c2c2c2c2c2c2c2c2c2c
        48  ................  9d9d9d9d9d9d9d9d9d9d9d9d9d9d9d9d
        48  XXXXXXXXXXXXXXXX  58585858585858585858585858585858
        47  ................  bebebebebebebebebebebebebebebebe
        40  ................  fbfbfbfbfbfbfbfbfbfbfbfbfbfbfbfb
        38  rrrrrrrrrrrrrrrr  72727272727272727272727272727272
# epoch 2950  H=7.9833 C=7.8949 HO=0.0813  A(t)=169
       262  >>>>>>>>>>>>>>>>  3e3e3e3e3e3e3e3e3e3e3e3e3e3e3e3e
       166  [[[[[[[[[[[[[[[[  5b5b5b5b5b5b5b5b5b5b5b5b5b5b5b5b
        90  ................  a2a2a2a2a2a2a2a2a2a2a2a2a2a2a2a2
        68  }}}}}}}}}}}}}}}}  7d7d7d7d7d7d7d7d7d7d7d7d7d7d7d7d
        64  ,,,,,,,,,,,,,,,,  2c2c2c2c2c2c2c2c2c2c2c2c2c2c2c2c
        47  ................  bebebebebebebebebebebebebebebebe
        40  ................  fbfbfbfbfbfbfbfbfbfbfbfbfbfbfbfb
        37  ................  f8f8f8f8f8f8f8f8f8f8f8f8f8f8f8f8
        32  XXXXXXXXXXXXXXXX  58585858585858585858585858585858
        31  ................  02020202020202020202020202020202
# epoch 3000  H=7.9828 C=7.8945 HO=0.0815  A(t)=171
       210  [[[[[[[[[[[[[[[[  5b5b5b5b5b5b5b5b5b5b5b5b5b5b5b5b
       192  >>>>>>>>>>>>>>>>  3e3e3e3e3e3e3e3e3e3e3e3e3e3e3e3e
        77  }}}}}}}}}}}}}}}}  7d7d7d7d7d7d7d7d7d7d7d7d7d7d7d7d
        75  ................  a2a2a2a2a2a2a2a2a2a2a2a2a2a2a2a2
        51  ,,,,,,,,,,,,,,,,  2c2c2c2c2c2c2c2c2c2c2c2c2c2c2c2c
        49  ]]]]]]]]]]]]]]]]  5d5d5d5d5d5d5d5d5d5d5d5d5d5d5d5d
        47  ................  bebebebebebebebebebebebebebebebe
        37  ................  f8f8f8f8f8f8f8f8f8f8f8f8f8f8f8f8
        32  XXXXXXXXXXXXXXXX  58585858585858585858585858585858
        31  ................  02020202020202020202020202020202
# epoch 3050  H=7.9828 C=7.8945 HO=0.0769  A(t)=171
       213  [[[[[[[[[[[[[[[[  5b5b5b5b5b5b5b5b5b5b5b5b5b5b5b5b
       150  >>>>>>>>>>>>>>>>  3e3e3e3e3e3e3e3e3e3e3e3e3e3e3e3e
        98  EEEEEEEEEEEEEEEE  45454545454545454545454545454545
        72  ................  a2a2a2a2a2a2a2a2a2a2a2a2a2a2a2a2
        66  }}}}}}}}}}}}}}}}  7d7d7d7d7d7d7d7d7d7d7d7d7d7d7d7d
        61  ]]]]]]]]]]]]]]]]  5d5d5d5d5d5d5d5d5d5d5d5d5d5d5d5d
        48  ,,,,,,,,,,,,,,,,  2c2c2c2c2c2c2c2c2c2c2c2c2c2c2c2c
        47  ................  bebebebebebebebebebebebebebebebe
        36  ................  f8f8f8f8f8f8f8f8f8f8f8f8f8f8f8f8
        29  ................  fbfbfbfbfbfbfbfbfbfbfbfbfbfbfbfb
# epoch 3100  H=7.9830 C=7.8933 HO=0.0802  A(t)=171
       183  [[[[[[[[[[[[[[[[  5b5b5b5b5b5b5b5b5b5b5b5b5b5b5b5b
       143  >>>>>>>>>>>>>>>>  3e3e3e3e3e3e3e3e3e3e3e3e3e3e3e3e
        92  EEEEEEEEEEEEEEEE  45454545454545454545454545454545
        72  ................  a2a2a2a2a2a2a2a2a2a2a2a2a2a2a2a2
        64  }}}}}}}}}}}}}}}}  7d7d7d7d7d7d7d7d7d7d7d7d7d7d7d7d
        61  ]]]]]]]]]]]]]]]]  5d5d5d5d5d5d5d5d5d5d5d5d5d5d5d5d
        49  ZZZZZZZZZZZZZZZZ  5a5a5a5a5a5a5a5a5a5a5a5a5a5a5a5a
        48  ................  f0f0f0f0f0f0f0f0f0f0f0f0f0f0f0f0
        41  ................  dbdbdbdbdbdbdbdbdbdbdbdbdbdbdbdb
        38  ,,,,,,,,,,,,,,,,  2c2c2c2c2c2c2c2c2c2c2c2c2c2c2c2c
# epoch 3150  H=7.9828 C=7.8924 HO=0.0791  A(t)=174
       242  [[[[[[[[[[[[[[[[  5b5b5b5b5b5b5b5b5b5b5b5b5b5b5b5b
       141  >>>>>>>>>>>>>>>>  3e3e3e3e3e3e3e3e3e3e3e3e3e3e3e3e
        87  EEEEEEEEEEEEEEEE  45454545454545454545454545454545
        69  ................  a2a2a2a2a2a2a2a2a2a2a2a2a2a2a2a2
        57  ]]]]]]]]]]]]]]]]  5d5d5d5d5d5d5d5d5d5d5d5d5d5d5d5d
        49  ZZZZZZZZZZZZZZZZ  5a5a5a5a5a5a5a5a5a5a5a5a5a5a5a5a
        48  ................  f1f1f1f1f1f1f1f1f1f1f1f1f1f1f1f1
        47  HHHHHHHHHHHHHHHH  48484848484848484848484848484848
        46  ................  f0f0f0f0f0f0f0f0f0f0f0f0f0f0f0f0
        41  ................  dbdbdbdbdbdbdbdbdbdbdbdbdbdbdbdb
# epoch 3200  H=7.9828 C=7.8956 HO=0.0767  A(t)=174
       215  [[[[[[[[[[[[[[[[  5b5b5b5b5b5b5b5b5b5b5b5b5b5b5b5b
       151  >>>>>>>>>>>>>>>>  3e3e3e3e3e3e3e3e3e3e3e3e3e3e3e3e
        72  EEEEEEEEEEEEEEEE  45454545454545454545454545454545
        57  ]]]]]]]]]]]]]]]]  5d5d5d5d5d5d5d5d5d5d5d5d5d5d5d5d
        53  ................  a2a2a2a2a2a2a2a2a2a2a2a2a2a2a2a2
        49  ZZZZZZZZZZZZZZZZ  5a5a5a5a5a5a5a5a5a5a5a5a5a5a5a5a
        42  RRRRRRRRRRRRRRRR  52525252525252525252525252525252
        41  HHHHHHHHHHHHHHHH  48484848484848484848484848484848
        30  ,,,,,,,,,,,,,,,,  2c2c2c2c2c2c2c2c2c2c2c2c2c2c2c2c
        29  ................  fbfbfbfbfbfbfbfbfbfbfbfbfbfbfbfb
# epoch 3250  H=7.9825 C=7.8966 HO=0.0762  A(t)=174
       191  [[[[[[[[[[[[[[[[  5b5b5b5b5b5b5b5b5b5b5b5b5b5b5b5b
       166  >>>>>>>>>>>>>>>>  3e3e3e3e3e3e3e3e3e3e3e3e3e3e3e3e
        59  ,,,,,,,,,,,,,,,,  2c2c2c2c2c2c2c2c2c2c2c2c2c2c2c2c
        49  EEEEEEEEEEEEEEEE  45454545454545454545454545454545
        48  ................  a2a2a2a2a2a2a2a2a2a2a2a2a2a2a2a2
        46  ................  c7c7c7c7c7c7c7c7c7c7c7c7c7c7c7c7
        38  HHHHHHHHHHHHHHHH  48484848484848484848484848484848
        37  RRRRRRRRRRRRRRRR  52525252525252525252525252525252
        33  ]]]]]]]]]]]]]]]]  5d5d5d5d5d5d5d5d5d5d5d5d5d5d5d5d
        25  ................  dbdbdbdbdbdbdbdbdbdbdbdbdbdbdbdb
# epoch 3300  H=7.9822 C=7.8951 HO=0.0769  A(t)=174
       213  >>>>>>>>>>>>>>>>  3e3e3e3e3e3e3e3e3e3e3e3e3e3e3e3e
       183  [[[[[[[[[[[[[[[[  5b5b5b5b5b5b5b5b5b5b5b5b5b5b5b5b
        77  ,,,,,,,,,,,,,,,,  2c2c2c2c2c2c2c2c2c2c2c2c2c2c2c2c
        71  ................  fbfbfbfbfbfbfbfbfbfbfbfbfbfbfbfb
        56  ]]]]]]]]]]]]]]]]  5d5d5d5d5d5d5d5d5d5d5d5d5d5d5d5d
        48  ________________  5f5f5f5f5f5f5f5f5f5f5f5f5f5f5f5f
        47  ................  a2a2a2a2a2a2a2a2a2a2a2a2a2a2a2a2
        34  ................  c7c7c7c7c7c7c7c7c7c7c7c7c7c7c7c7
        34  RRRRRRRRRRRRRRRR  52525252525252525252525252525252
        34  EEEEEEEEEEEEEEEE  45454545454545454545454545454545
# epoch 3350  H=7.9819 C=7.8945 HO=0.0775  A(t)=177
       236  [[[[[[[[[[[[[[[[  5b5b5b5b5b5b5b5b5b5b5b5b5b5b5b5b
       205  >>>>>>>>>>>>>>>>  3e3e3e3e3e3e3e3e3e3e3e3e3e3e3e3e
        57  ,,,,,,,,,,,,,,,,  2c2c2c2c2c2c2c2c2c2c2c2c2c2c2c2c
        54  ................  fbfbfbfbfbfbfbfbfbfbfbfbfbfbfbfb
        52  ]]]]]]]]]]]]]]]]  5d5d5d5d5d5d5d5d5d5d5d5d5d5d5d5d
        48  ________________  5f5f5f5f5f5f5f5f5f5f5f5f5f5f5f5f
        41  ................  a2a2a2a2a2a2a2a2a2a2a2a2a2a2a2a2
        36  ................  14141414141414141414141414141414
        29  ZZZZZZZZZZZZZZZZ  5a5a5a5a5a5a5a5a5a5a5a5a5a5a5a5a
        26  ................  bcbcbcbcbcbcbcbcbcbcbcbcbcbcbcbc
# epoch 3400  H=7.9818 C=7.8917 HO=0.0793  A(t)=178
       217  >>>>>>>>>>>>>>>>  3e3e3e3e3e3e3e3e3e3e3e3e3e3e3e3e
       213  [[[[[[[[[[[[[[[[  5b5b5b5b5b5b5b5b5b5b5b5b5b5b5b5b
        75  ................  bcbcbcbcbcbcbcbcbcbcbcbcbcbcbcbc
        54  ,,,,,,,,,,,,,,,,  2c2c2c2c2c2c2c2c2c2c2c2c2c2c2c2c
        53  ................  fbfbfbfbfbfbfbfbfbfbfbfbfbfbfbfb
        48  ________________  5f5f5f5f5f5f5f5f5f5f5f5f5f5f5f5f
        48  ]]]]]]]]]]]]]]]]  5d5d5d5d5d5d5d5d5d5d5d5d5d5d5d5d
        48  ))))))))))))))))  29292929292929292929292929292929
        41  ................  a2a2a2a2a2a2a2a2a2a2a2a2a2a2a2a2
        37  TTTTTTTTTTTTTTTT  54545454545454545454545454545454
# epoch 3450  H=7.9817 C=7.8940 HO=0.0783  A(t)=178
       221  >>>>>>>>>>>>>>>>  3e3e3e3e3e3e3e3e3e3e3e3e3e3e3e3e
       150  [[[[[[[[[[[[[[[[  5b5b5b5b5b5b5b5b5b5b5b5b5b5b5b5b
        74  ................  bcbcbcbcbcbcbcbcbcbcbcbcbcbcbcbc
        55  ................  fbfbfbfbfbfbfbfbfbfbfbfbfbfbfbfb
        48  ................  fafafafafafafafafafafafafafafafa
        48  ))))))))))))))))  29292929292929292929292929292929
        47  ,,,,,,,,,,,,,,,,  2c2c2c2c2c2c2c2c2c2c2c2c2c2c2c2c
        46  ________________  5f5f5f5f5f5f5f5f5f5f5f5f5f5f5f5f
        44  ................  e9e9e9e9e9e9e9e9e9e9e9e9e9e9e9e9
        41  ................  a2a2a2a2a2a2a2a2a2a2a2a2a2a2a2a2
# epoch 3500  H=7.9812 C=7.8906 HO=0.0805  A(t)=180
       317  >>>>>>>>>>>>>>>>  3e3e3e3e3e3e3e3e3e3e3e3e3e3e3e3e
       127  [[[[[[[[[[[[[[[[  5b5b5b5b5b5b5b5b5b5b5b5b5b5b5b5b
        78  ................  fafafafafafafafafafafafafafafafa
        65  ................  bcbcbcbcbcbcbcbcbcbcbcbcbcbcbcbc
        65  3333333333333333  33333333333333333333333333333333
        42  ,,,,,,,,,,,,,,,,  2c2c2c2c2c2c2c2c2c2c2c2c2c2c2c2c
        38  ................  e9e9e9e9e9e9e9e9e9e9e9e9e9e9e9e9
        37  ................  fbfbfbfbfbfbfbfbfbfbfbfbfbfbfbfb
        35  qqqqqqqqqqqqqqqq  71717171717171717171717171717171
        33  {{{{{{{{{{{{{{{{  7b7b7b7b7b7b7b7b7b7b7b7b7b7b7b7b
# epoch 3550  H=7.9811 C=7.8930 HO=0.0766  A(t)=180
       265  >>>>>>>>>>>>>>>>  3e3e3e3e3e3e3e3e3e3e3e3e3e3e3e3e
       143  [[[[[[[[[[[[[[[[  5b5b5b5b5b5b5b5b5b5b5b5b5b5b5b5b
        51  ................  fafafafafafafafafafafafafafafafa
        49  ................  bcbcbcbcbcbcbcbcbcbcbcbcbcbcbcbc
        45  ,,,,,,,,,,,,,,,,  2c2c2c2c2c2c2c2c2c2c2c2c2c2c2c2c
        35  ................  fbfbfbfbfbfbfbfbfbfbfbfbfbfbfbfb
        35  qqqqqqqqqqqqqqqq  71717171717171717171717171717171
        33  {{{{{{{{{{{{{{{{  7b7b7b7b7b7b7b7b7b7b7b7b7b7b7b7b
        31  ................  99999999999999999999999999999999
        29  ________________  5f5f5f5f5f5f5f5f5f5f5f5f5f5f5f5f
# epoch 3600  H=7.9809 C=7.8916 HO=0.0758  A(t)=181
       199  >>>>>>>>>>>>>>>>  3e3e3e3e3e3e3e3e3e3e3e3e3e3e3e3e
       117  [[[[[[[[[[[[[[[[  5b5b5b5b5b5b5b5b5b5b5b5b5b5b5b5b
        61  ................  2e2e2e2e2e2e2e2e2e2e2e2e2e2e2e2e
        49  ................  11111111111111111111111111111111
        44  ................  bcbcbcbcbcbcbcbcbcbcbcbcbcbcbcbc
        43  1111111111111111  31313131313131313131313131313131
        42  ,,,,,,,,,,,,,,,,  2c2c2c2c2c2c2c2c2c2c2c2c2c2c2c2c
        35  ................  fbfbfbfbfbfbfbfbfbfbfbfbfbfbfbfb
        35  ................  fafafafafafafafafafafafafafafafa
        33  {{{{{{{{{{{{{{{{  7b7b7b7b7b7b7b7b7b7b7b7b7b7b7b7b
# epoch 3650  H=7.9806 C=7.8937 HO=0.0739  A(t)=182
       235  >>>>>>>>>>>>>>>>  3e3e3e3e3e3e3e3e3e3e3e3e3e3e3e3e
        75  [[[[[[[[[[[[[[[[  5b5b5b5b5b5b5b5b5b5b5b5b5b5b5b5b
        45  ................  2e2e2e2e2e2e2e2e2e2e2e2e2e2e2e2e
        43  1111111111111111  31313131313131313131313131313131
        35  ................  fafafafafafafafafafafafafafafafa
        32  }}}}}}}}}}}}}}}}  7d7d7d7d7d7d7d7d7d7d7d7d7d7d7d7d
        31  ................  bcbcbcbcbcbcbcbcbcbcbcbcbcbcbcbc
        31  ................  99999999999999999999999999999999
        29  ,,,,,,,,,,,,,,,,  2c2c2c2c2c2c2c2c2c2c2c2c2c2c2c2c
        25  ................  a2a2a2a2a2a2a2a2a2a2a2a2a2a2a2a2
# epoch 3700  H=7.9805 C=7.8904 HO=0.0751  A(t)=182
       232  >>>>>>>>>>>>>>>>  3e3e3e3e3e3e3e3e3e3e3e3e3e3e3e3e
        72  [[[[[[[[[[[[[[[[  5b5b5b5b5b5b5b5b5b5b5b5b5b5b5b5b
        60  \\\\\\\\\\\\\\\\  5c5c5c5c5c5c5c5c5c5c5c5c5c5c5c5c
        60  ================  3d3d3d3d3d3d3d3d3d3d3d3d3d3d3d3d
        57  }}}}}}}}}}}}}}}}  7d7d7d7d7d7d7d7d7d7d7d7d7d7d7d7d
        43  1111111111111111  31313131313131313131313131313131
        35  ................  fafafafafafafafafafafafafafafafa
        31  ................  99999999999999999999999999999999
        29  ::::::::::::::::  3a3a3a3a3a3a3a3a3a3a3a3a3a3a3a3a
        26  ................  2e2e2e2e2e2e2e2e2e2e2e2e2e2e2e2e
# epoch 3750  H=7.9803 C=7.8866 HO=0.0821  A(t)=184
       284  >>>>>>>>>>>>>>>>  3e3e3e3e3e3e3e3e3e3e3e3e3e3e3e3e
       146  ................  99999999999999999999999999999999
        95  [[[[[[[[[[[[[[[[  5b5b5b5b5b5b5b5b5b5b5b5b5b5b5b5b
        59  ================  3d3d3d3d3d3d3d3d3d3d3d3d3d3d3d3d
        57  \\\\\\\\\\\\\\\\  5c5c5c5c5c5c5c5c5c5c5c5c5c5c5c5c
        48  }}}}}}}}}}}}}}}}  7d7d7d7d7d7d7d7d7d7d7d7d7d7d7d7d
        48  ................  10101010101010101010101010101010
        47  ................  84848484848484848484848484848484
        47  ................  12121212121212121212121212121212
        43  1111111111111111  31313131313131313131313131313131
# epoch 3800  H=7.9799 C=7.8860 HO=0.0824  A(t)=184
       288  >>>>>>>>>>>>>>>>  3e3e3e3e3e3e3e3e3e3e3e3e3e3e3e3e
       133  ................  99999999999999999999999999999999
        88  [[[[[[[[[[[[[[[[  5b5b5b5b5b5b5b5b5b5b5b5b5b5b5b5b
        60  ................  e1e1e1e1e1e1e1e1e1e1e1e1e1e1e1e1
        59  ================  3d3d3d3d3d3d3d3d3d3d3d3d3d3d3d3d
        59  ,,,,,,,,,,,,,,,,  2c2c2c2c2c2c2c2c2c2c2c2c2c2c2c2c
        57  \\\\\\\\\\\\\\\\  5c5c5c5c5c5c5c5c5c5c5c5c5c5c5c5c
        51  }}}}}}}}}}}}}}}}  7d7d7d7d7d7d7d7d7d7d7d7d7d7d7d7d
        45  ................  84848484848484848484848484848484
        37  ]]]]]]]]]]]]]]]]  5d5d5d5d5d5d5d5d5d5d5d5d5d5d5d5d
# epoch 3850  H=7.9800 C=7.8869 HO=0.0808  A(t)=184
       294  >>>>>>>>>>>>>>>>  3e3e3e3e3e3e3e3e3e3e3e3e3e3e3e3e
        95  ................  99999999999999999999999999999999
        84  [[[[[[[[[[[[[[[[  5b5b5b5b5b5b5b5b5b5b5b5b5b5b5b5b
        59  ,,,,,,,,,,,,,,,,  2c2c2c2c2c2c2c2c2c2c2c2c2c2c2c2c
        50  }}}}}}}}}}}}}}}}  7d7d7d7d7d7d7d7d7d7d7d7d7d7d7d7d
        46  eeeeeeeeeeeeeeee  65656565656565656565656565656565
        46  \\\\\\\\\\\\\\\\  5c5c5c5c5c5c5c5c5c5c5c5c5c5c5c5c
        44  ................  e1e1e1e1e1e1e1e1e1e1e1e1e1e1e1e1
        36  ................  f1f1f1f1f1f1f1f1f1f1f1f1f1f1f1f1
        35  ................  fafafafafafafafafafafafafafafafa
# epoch 3900  H=7.9798 C=7.8879 HO=0.0800  A(t)=184
       253  >>>>>>>>>>>>>>>>  3e3e3e3e3e3e3e3e3e3e3e3e3e3e3e3e
       126  ................  99999999999999999999999999999999
        82  """"""""""""""""  22222222222222222222222222222222
        50  [[[[[[[[[[[[[[[[  5b5b5b5b5b5b5b5b5b5b5b5b5b5b5b5b
        47  ................  13131313131313131313131313131313
        46  eeeeeeeeeeeeeeee  65656565656565656565656565656565
        36  ,,,,,,,,,,,,,,,,  2c2c2c2c2c2c2c2c2c2c2c2c2c2c2c2c
        32  ================  3d3d3d3d3d3d3d3d3d3d3d3d3d3d3d3d
        29  }}}}}}}}}}}}}}}}  7d7d7d7d7d7d7d7d7d7d7d7d7d7d7d7d
        27  ................  84848484848484848484848484848484
# epoch 3950  H=7.9798 C=7.8877 HO=0.0800  A(t)=186
       235  >>>>>>>>>>>>>>>>  3e3e3e3e3e3e3e3e3e3e3e3e3e3e3e3e
       116  [[[[[[[[[[[[[[[[  5b5b5b5b5b5b5b5b5b5b5b5b5b5b5b5b
        82  """"""""""""""""  22222222222222222222222222222222
        69  ................  99999999999999999999999999999999
        50  ................  9b9b9b9b9b9b9b9b9b9b9b9b9b9b9b9b
        49  vvvvvvvvvvvvvvvv  76767676767676767676767676767676
        46  eeeeeeeeeeeeeeee  65656565656565656565656565656565
        44  ................  13131313131313131313131313131313
        42  ================  3d3d3d3d3d3d3d3d3d3d3d3d3d3d3d3d
        34  ;;;;;;;;;;;;;;;;  3b3b3b3b3b3b3b3b3b3b3b3b3b3b3b3b
# epoch 4000  H=7.9793 C=7.8859 HO=0.0789  A(t)=188
       276  >>>>>>>>>>>>>>>>  3e3e3e3e3e3e3e3e3e3e3e3e3e3e3e3e
       102  ................  99999999999999999999999999999999
        81  [[[[[[[[[[[[[[[[  5b5b5b5b5b5b5b5b5b5b5b5b5b5b5b5b
        61  ................  2e2e2e2e2e2e2e2e2e2e2e2e2e2e2e2e
        60  """"""""""""""""  22222222222222222222222222222222
        49  pppppppppppppppp  70707070707070707070707070707070
        46  vvvvvvvvvvvvvvvv  76767676767676767676767676767676
        39  ]]]]]]]]]]]]]]]]  5d5d5d5d5d5d5d5d5d5d5d5d5d5d5d5d
        38  ================  3d3d3d3d3d3d3d3d3d3d3d3d3d3d3d3d
        34  ;;;;;;;;;;;;;;;;  3b3b3b3b3b3b3b3b3b3b3b3b3b3b3b3b
# epoch 4050  H=7.9792 C=7.8838 HO=0.0806  A(t)=188
       222  >>>>>>>>>>>>>>>>  3e3e3e3e3e3e3e3e3e3e3e3e3e3e3e3e
       105  [[[[[[[[[[[[[[[[  5b5b5b5b5b5b5b5b5b5b5b5b5b5b5b5b
       100  ................  99999999999999999999999999999999
        60  ________________  20202020202020202020202020202020
        58  ................  2e2e2e2e2e2e2e2e2e2e2e2e2e2e2e2e
        57  \\\\\\\\\\\\\\\\  5c5c5c5c5c5c5c5c5c5c5c5c5c5c5c5c
        49  DDDDDDDDDDDDDDDD  44444444444444444444444444444444
        46  vvvvvvvvvvvvvvvv  76767676767676767676767676767676
        37  ]]]]]]]]]]]]]]]]  5d5d5d5d5d5d5d5d5d5d5d5d5d5d5d5d
        37  AAAAAAAAAAAAAAAA  41414141414141414141414141414141
# epoch 4100  H=7.9790 C=7.8799 HO=0.0871  A(t)=189
       229  >>>>>>>>>>>>>>>>  3e3e3e3e3e3e3e3e3e3e3e3e3e3e3e3e
       132  [[[[[[[[[[[[[[[[  5b5b5b5b5b5b5b5b5b5b5b5b5b5b5b5b
       102  ________________  20202020202020202020202020202020
        85  EEEEEEEEEEEEEEEE  45454545454545454545454545454545
        79  ................  99999999999999999999999999999999
        53  ................  2e2e2e2e2e2e2e2e2e2e2e2e2e2e2e2e
        49  ................  bfbfbfbfbfbfbfbfbfbfbfbfbfbfbfbf
        48  DDDDDDDDDDDDDDDD  44444444444444444444444444444444
        46  vvvvvvvvvvvvvvvv  76767676767676767676767676767676
        45  XXXXXXXXXXXXXXXX  58585858585858585858585858585858
# epoch 4150  H=7.9789 C=7.8789 HO=0.0863  A(t)=190
       217  >>>>>>>>>>>>>>>>  3e3e3e3e3e3e3e3e3e3e3e3e3e3e3e3e
       122  [[[[[[[[[[[[[[[[  5b5b5b5b5b5b5b5b5b5b5b5b5b5b5b5b
        98  ................  06060606060606060606060606060606
        89  ________________  20202020202020202020202020202020
        71  ................  99999999999999999999999999999999
        53  ................  2e2e2e2e2e2e2e2e2e2e2e2e2e2e2e2e
        50  EEEEEEEEEEEEEEEE  45454545454545454545454545454545
        48  ................  8c8c8c8c8c8c8c8c8c8c8c8c8c8c8c8c
        48  DDDDDDDDDDDDDDDD  44444444444444444444444444444444
        47  ................  d2d2d2d2d2d2d2d2d2d2d2d2d2d2d2d2
# epoch 4200  H=7.9786 C=7.8802 HO=0.0855  A(t)=192
       198  >>>>>>>>>>>>>>>>  3e3e3e3e3e3e3e3e3e3e3e3e3e3e3e3e
        98  ................  99999999999999999999999999999999
        93  [[[[[[[[[[[[[[[[  5b5b5b5b5b5b5b5b5b5b5b5b5b5b5b5b
        82  ................  06060606060606060606060606060606
        66  ________________  20202020202020202020202020202020
        50  EEEEEEEEEEEEEEEE  45454545454545454545454545454545
        47  ................  d2d2d2d2d2d2d2d2d2d2d2d2d2d2d2d2
        42  XXXXXXXXXXXXXXXX  58585858585858585858585858585858
        34  ................  8b8b8b8b8b8b8b8b8b8b8b8b8b8b8b8b
        34  <<<<<<<<<<<<<<<<  3c3c3c3c3c3c3c3c3c3c3c3c3c3c3c3c
# epoch 4250  H=7.9786 C=7.8791 HO=0.0851  A(t)=194
       159  >>>>>>>>>>>>>>>>  3e3e3e3e3e3e3e3e3e3e3e3e3e3e3e3e
        99  ................  99999999999999999999999999999999
        93  [[[[[[[[[[[[[[[[  5b5b5b5b5b5b5b5b5b5b5b5b5b5b5b5b
        66  ................  06060606060606060606060606060606
        53  ________________  20202020202020202020202020202020
        51  ................  ffffffffffffffffffffffffffffffff
        50  XXXXXXXXXXXXXXXX  58585858585858585858585858585858
        50  EEEEEEEEEEEEEEEE  45454545454545454545454545454545
        47  ................  d2d2d2d2d2d2d2d2d2d2d2d2d2d2d2d2
        46  rrrrrrrrrrrrrrrr  72727272727272727272727272727272
# epoch 4300  H=7.9784 C=7.8784 HO=0.0822  A(t)=197
       176  >>>>>>>>>>>>>>>>  3e3e3e3e3e3e3e3e3e3e3e3e3e3e3e3e
        82  ................  ffffffffffffffffffffffffffffffff
        79  ................  99999999999999999999999999999999
        64  [[[[[[[[[[[[[[[[  5b5b5b5b5b5b5b5b5b5b5b5b5b5b5b5b
        53  ,,,,,,,,,,,,,,,,  2c2c2c2c2c2c2c2c2c2c2c2c2c2c2c2c
        50  XXXXXXXXXXXXXXXX  58585858585858585858585858585858
        46  ................  d2d2d2d2d2d2d2d2d2d2d2d2d2d2d2d2
        46  rrrrrrrrrrrrrrrr  72727272727272727272727272727272
        46  ................  06060606060606060606060606060606
        45  ________________  20202020202020202020202020202020
# epoch 4350  H=7.9786 C=7.8792 HO=0.0819  A(t)=198
       175  >>>>>>>>>>>>>>>>  3e3e3e3e3e3e3e3e3e3e3e3e3e3e3e3e
        85  ,,,,,,,,,,,,,,,,  2c2c2c2c2c2c2c2c2c2c2c2c2c2c2c2c
        70  ................  99999999999999999999999999999999
        67  ................  ffffffffffffffffffffffffffffffff
        60  [[[[[[[[[[[[[[[[  5b5b5b5b5b5b5b5b5b5b5b5b5b5b5b5b
        50  XXXXXXXXXXXXXXXX  58585858585858585858585858585858
        48  ................  fefefefefefefefefefefefefefefefe
        47  OOOOOOOOOOOOOOOO  4f4f4f4f4f4f4f4f4f4f4f4f4f4f4f4f
        46  ................  d2d2d2d2d2d2d2d2d2d2d2d2d2d2d2d2
        46  rrrrrrrrrrrrrrrr  72727272727272727272727272727272
# epoch 4400  H=7.9788 C=7.8809 HO=0.0819  A(t)=199
       175  >>>>>>>>>>>>>>>>  3e3e3e3e3e3e3e3e3e3e3e3e3e3e3e3e
        74  ,,,,,,,,,,,,,,,,  2c2c2c2c2c2c2c2c2c2c2c2c2c2c2c2c
        60  %%%%%%%%%%%%%%%%  25252525252525252525252525252525
        51  ................  ffffffffffffffffffffffffffffffff
        51  [[[[[[[[[[[[[[[[  5b5b5b5b5b5b5b5b5b5b5b5b5b5b5b5b
        48  IIIIIIIIIIIIIIII  49494949494949494949494949494949
        47  cccccccccccccccc  63636363636363636363636363636363
        45  ________________  20202020202020202020202020202020
        38  XXXXXXXXXXXXXXXX  58585858585858585858585858585858
        36  ................  99999999999999999999999999999999
# epoch 4450  H=7.9788 C=7.8842 HO=0.0772  A(t)=199
       164  >>>>>>>>>>>>>>>>  3e3e3e3e3e3e3e3e3e3e3e3e3e3e3e3e
        65  ,,,,,,,,,,,,,,,,  2c2c2c2c2c2c2c2c2c2c2c2c2c2c2c2c
        48  ................  cccccccccccccccccccccccccccccccc
        45  IIIIIIIIIIIIIIII  49494949494949494949494949494949
        44  %%%%%%%%%%%%%%%%  25252525252525252525252525252525
        44  ________________  20202020202020202020202020202020
        43  cccccccccccccccc  63636363636363636363636363636363
        42  ................  ffffffffffffffffffffffffffffffff
        36  ................  99999999999999999999999999999999
        29  ................  f5f5f5f5f5f5f5f5f5f5f5f5f5f5f5f5
# epoch 4500  H=7.9791 C=7.8851 HO=0.0785  A(t)=199
       164  >>>>>>>>>>>>>>>>  3e3e3e3e3e3e3e3e3e3e3e3e3e3e3e3e
        64  [[[[[[[[[[[[[[[[  5b5b5b5b5b5b5b5b5b5b5b5b5b5b5b5b
        53  ,,,,,,,,,,,,,,,,  2c2c2c2c2c2c2c2c2c2c2c2c2c2c2c2c
        47  ................  dcdcdcdcdcdcdcdcdcdcdcdcdcdcdcdc
        41  IIIIIIIIIIIIIIII  49494949494949494949494949494949
        39  cccccccccccccccc  63636363636363636363636363636363
        39  ++++++++++++++++  2b2b2b2b2b2b2b2b2b2b2b2b2b2b2b2b
        36  %%%%%%%%%%%%%%%%  25252525252525252525252525252525
        34  ................  99999999999999999999999999999999
        28  ................  cccccccccccccccccccccccccccccccc
# epoch 4550  H=7.9790 C=7.8840 HO=0.0837  A(t)=199
       124  >>>>>>>>>>>>>>>>  3e3e3e3e3e3e3e3e3e3e3e3e3e3e3e3e
       104  ................  99999999999999999999999999999999
        90  [[[[[[[[[[[[[[[[  5b5b5b5b5b5b5b5b5b5b5b5b5b5b5b5b
        72  ,,,,,,,,,,,,,,,,  2c2c2c2c2c2c2c2c2c2c2c2c2c2c2c2c
        51  ................  06060606060606060606060606060606
        47  ................  8c8c8c8c8c8c8c8c8c8c8c8c8c8c8c8c
        46  tttttttttttttttt  74747474747474747474747474747474
        39  cccccccccccccccc  63636363636363636363636363636363
        37  ++++++++++++++++  2b2b2b2b2b2b2b2b2b2b2b2b2b2b2b2b
        33  ................  dcdcdcdcdcdcdcdcdcdcdcdcdcdcdcdc
# epoch 4600  H=7.9788 C=7.8831 HO=0.0816  A(t)=200
       102  >>>>>>>>>>>>>>>>  3e3e3e3e3e3e3e3e3e3e3e3e3e3e3e3e
        86  [[[[[[[[[[[[[[[[  5b5b5b5b5b5b5b5b5b5b5b5b5b5b5b5b
        85  ................  99999999999999999999999999999999
        73  ................  ffffffffffffffffffffffffffffffff
        71  ,,,,,,,,,,,,,,,,  2c2c2c2c2c2c2c2c2c2c2c2c2c2c2c2c
        48  ................  b9b9b9b9b9b9b9b9b9b9b9b9b9b9b9b9
        46  ................  8c8c8c8c8c8c8c8c8c8c8c8c8c8c8c8c
        45  tttttttttttttttt  74747474747474747474747474747474
        39  cccccccccccccccc  63636363636363636363636363636363
        37  ................  fdfdfdfdfdfdfdfdfdfdfdfdfdfdfdfd
# epoch 4650  H=7.9787 C=7.8826 HO=0.0820  A(t)=201
       150  [[[[[[[[[[[[[[[[  5b5b5b5b5b5b5b5b5b5b5b5b5b5b5b5b
       106  ................  ffffffffffffffffffffffffffffffff
        90  ,,,,,,,,,,,,,,,,  2c2c2c2c2c2c2c2c2c2c2c2c2c2c2c2c
        86  >>>>>>>>>>>>>>>>  3e3e3e3e3e3e3e3e3e3e3e3e3e3e3e3e
        85  ................  99999999999999999999999999999999
        47  ................  b9b9b9b9b9b9b9b9b9b9b9b9b9b9b9b9
        47  LLLLLLLLLLLLLLLL  4c4c4c4c4c4c4c4c4c4c4c4c4c4c4c4c
        37  ................  fdfdfdfdfdfdfdfdfdfdfdfdfdfdfdfd
        37  ................  8c8c8c8c8c8c8c8c8c8c8c8c8c8c8c8c
        33  ................  dcdcdcdcdcdcdcdcdcdcdcdcdcdcdcdc
# epoch 4700  H=7.9785 C=7.8848 HO=0.0801  A(t)=202
       199  [[[[[[[[[[[[[[[[  5b5b5b5b5b5b5b5b5b5b5b5b5b5b5b5b
        95  ,,,,,,,,,,,,,,,,  2c2c2c2c2c2c2c2c2c2c2c2c2c2c2c2c
        74  ................  ffffffffffffffffffffffffffffffff
        72  ................  99999999999999999999999999999999
        64  >>>>>>>>>>>>>>>>  3e3e3e3e3e3e3e3e3e3e3e3e3e3e3e3e
        47  ................  b9b9b9b9b9b9b9b9b9b9b9b9b9b9b9b9
        37  ................  eeeeeeeeeeeeeeeeeeeeeeeeeeeeeeee
        37  ]]]]]]]]]]]]]]]]  5d5d5d5d5d5d5d5d5d5d5d5d5d5d5d5d
        32  ................  8c8c8c8c8c8c8c8c8c8c8c8c8c8c8c8c
        28  ................  cccccccccccccccccccccccccccccccc
# epoch 4750  H=7.9782 C=7.8865 HO=0.0763  A(t)=206
       190  [[[[[[[[[[[[[[[[  5b5b5b5b5b5b5b5b5b5b5b5b5b5b5b5b
       122  ,,,,,,,,,,,,,,,,  2c2c2c2c2c2c2c2c2c2c2c2c2c2c2c2c
        92  >>>>>>>>>>>>>>>>  3e3e3e3e3e3e3e3e3e3e3e3e3e3e3e3e
        79  ................  99999999999999999999999999999999
        63  ]]]]]]]]]]]]]]]]  5d5d5d5d5d5d5d5d5d5d5d5d5d5d5d5d
        60  ================  3d3d3d3d3d3d3d3d3d3d3d3d3d3d3d3d
        42  ................  ffffffffffffffffffffffffffffffff
        37  ................  eeeeeeeeeeeeeeeeeeeeeeeeeeeeeeee
        32  ................  8c8c8c8c8c8c8c8c8c8c8c8c8c8c8c8c
        31  ................  b9b9b9b9b9b9b9b9b9b9b9b9b9b9b9b9
# epoch 4800  H=7.9785 C=7.8891 HO=0.0754  A(t)=206
       143  [[[[[[[[[[[[[[[[  5b5b5b5b5b5b5b5b5b5b5b5b5b5b5b5b
       107  >>>>>>>>>>>>>>>>  3e3e3e3e3e3e3e3e3e3e3e3e3e3e3e3e
        95  ,,,,,,,,,,,,,,,,  2c2c2c2c2c2c2c2c2c2c2c2c2c2c2c2c
        78  ................  99999999999999999999999999999999
        59  ================  3d3d3d3d3d3d3d3d3d3d3d3d3d3d3d3d
        54  ]]]]]]]]]]]]]]]]  5d5d5d5d5d5d5d5d5d5d5d5d5d5d5d5d
        46  ZZZZZZZZZZZZZZZZ  5a5a5a5a5a5a5a5a5a5a5a5a5a5a5a5a
        41  ................  ffffffffffffffffffffffffffffffff
        31  ................  b9b9b9b9b9b9b9b9b9b9b9b9b9b9b9b9
        28  ................  8c8c8c8c8c8c8c8c8c8c8c8c8c8c8c8c
# epoch 4850  H=7.9785 C=7.8907 HO=0.0719  A(t)=207
       144  >>>>>>>>>>>>>>>>  3e3e3e3e3e3e3e3e3e3e3e3e3e3e3e3e
       125  [[[[[[[[[[[[[[[[  5b5b5b5b5b5b5b5b5b5b5b5b5b5b5b5b
        76  ................  99999999999999999999999999999999
        76  ,,,,,,,,,,,,,,,,  2c2c2c2c2c2c2c2c2c2c2c2c2c2c2c2c
        59  ================  3d3d3d3d3d3d3d3d3d3d3d3d3d3d3d3d
        47  OOOOOOOOOOOOOOOO  4f4f4f4f4f4f4f4f4f4f4f4f4f4f4f4f
        44  ]]]]]]]]]]]]]]]]  5d5d5d5d5d5d5d5d5d5d5d5d5d5d5d5d
        35  ................  ffffffffffffffffffffffffffffffff
        28  ZZZZZZZZZZZZZZZZ  5a5a5a5a5a5a5a5a5a5a5a5a5a5a5a5a
        26  ................  87878787878787878787878787878787
# epoch 4900  H=7.9783 C=7.8894 HO=0.0728  A(t)=207
       162  ,,,,,,,,,,,,,,,,  2c2c2c2c2c2c2c2c2c2c2c2c2c2c2c2c
       116  >>>>>>>>>>>>>>>>  3e3e3e3e3e3e3e3e3e3e3e3e3e3e3e3e
        99  [[[[[[[[[[[[[[[[  5b5b5b5b5b5b5b5b5b5b5b5b5b5b5b5b
        85  ]]]]]]]]]]]]]]]]  5d5d5d5d5d5d5d5d5d5d5d5d5d5d5d5d
        60  ................  99999999999999999999999999999999
        48  ................  d2d2d2d2d2d2d2d2d2d2d2d2d2d2d2d2
        48  ................  13131313131313131313131313131313
        47  ----------------  2d2d2d2d2d2d2d2d2d2d2d2d2d2d2d2d
        46  OOOOOOOOOOOOOOOO  4f4f4f4f4f4f4f4f4f4f4f4f4f4f4f4f
        33  ================  3d3d3d3d3d3d3d3d3d3d3d3d3d3d3d3d
# epoch 4950  H=7.9782 C=7.8894 HO=0.0715  A(t)=208
       143  ,,,,,,,,,,,,,,,,  2c2c2c2c2c2c2c2c2c2c2c2c2c2c2c2c
       126  [[[[[[[[[[[[[[[[  5b5b5b5b5b5b5b5b5b5b5b5b5b5b5b5b
       109  >>>>>>>>>>>>>>>>  3e3e3e3e3e3e3e3e3e3e3e3e3e3e3e3e
        80  }}}}}}}}}}}}}}}}  7d7d7d7d7d7d7d7d7d7d7d7d7d7d7d7d
        78  ]]]]]]]]]]]]]]]]  5d5d5d5d5d5d5d5d5d5d5d5d5d5d5d5d
        47  ----------------  2d2d2d2d2d2d2d2d2d2d2d2d2d2d2d2d
        46  OOOOOOOOOOOOOOOO  4f4f4f4f4f4f4f4f4f4f4f4f4f4f4f4f
        43  ................  99999999999999999999999999999999
        31  ================  3d3d3d3d3d3d3d3d3d3d3d3d3d3d3d3d
        27  ................  d2d2d2d2d2d2d2d2d2d2d2d2d2d2d2d2
# epoch 5000  H=7.9782 C=7.8902 HO=0.0702  A(t)=208
       121  >>>>>>>>>>>>>>>>  3e3e3e3e3e3e3e3e3e3e3e3e3e3e3e3e
        90  ,,,,,,,,,,,,,,,,  2c2c2c2c2c2c2c2c2c2c2c2c2c2c2c2c
        86  [[[[[[[[[[[[[[[[  5b5b5b5b5b5b5b5b5b5b5b5b5b5b5b5b
        74  }}}}}}}}}}}}}}}}  7d7d7d7d7d7d7d7d7d7d7d7d7d7d7d7d
        64  ----------------  2d2d2d2d2d2d2d2d2d2d2d2d2d2d2d2d
        35  ................  8b8b8b8b8b8b8b8b8b8b8b8b8b8b8b8b
        33  ]]]]]]]]]]]]]]]]  5d5d5d5d5d5d5d5d5d5d5d5d5d5d5d5d
        30  OOOOOOOOOOOOOOOO  4f4f4f4f4f4f4f4f4f4f4f4f4f4f4f4f
        29  <<<<<<<<<<<<<<<<  3c3c3c3c3c3c3c3c3c3c3c3c3c3c3c3c
        27  ................  d2d2d2d2d2d2d2d2d2d2d2d2d2d2d2d2
# epoch 5050  H=7.9782 C=7.8924 HO=0.0725  A(t)=209
       116  }}}}}}}}}}}}}}}}  7d7d7d7d7d7d7d7d7d7d7d7d7d7d7d7d
       114  >>>>>>>>>>>>>>>>  3e3e3e3e3e3e3e3e3e3e3e3e3e3e3e3e
        95  ,,,,,,,,,,,,,,,,  2c2c2c2c2c2c2c2c2c2c2c2c2c2c2c2c
        74  [[[[[[[[[[[[[[[[  5b5b5b5b5b5b5b5b5b5b5b5b5b5b5b5b
        55  ................  87878787878787878787878787878787
        40  ----------------  2d2d2d2d2d2d2d2d2d2d2d2d2d2d2d2d
        29  ................  e5e5e5e5e5e5e5e5e5e5e5e5e5e5e5e5
        29  ]]]]]]]]]]]]]]]]  5d5d5d5d5d5d5d5d5d5d5d5d5d5d5d5d
        29  OOOOOOOOOOOOOOOO  4f4f4f4f4f4f4f4f4f4f4f4f4f4f4f4f
        27  ................  d2d2d2d2d2d2d2d2d2d2d2d2d2d2d2d2
# epoch 5100  H=7.9783 C=7.8930 HO=0.0712  A(t)=210
       142  ................  f6f6f6f6f6f6f6f6f6f6f6f6f6f6f6f6
       133  >>>>>>>>>>>>>>>>  3e3e3e3e3e3e3e3e3e3e3e3e3e3e3e3e
        98  }}}}}}}}}}}}}}}}  7d7d7d7d7d7d7d7d7d7d7d7d7d7d7d7d
        97  ,,,,,,,,,,,,,,,,  2c2c2c2c2c2c2c2c2c2c2c2c2c2c2c2c
        55  ................  87878787878787878787878787878787
        33  ----------------  2d2d2d2d2d2d2d2d2d2d2d2d2d2d2d2d
        29  ................  e5e5e5e5e5e5e5e5e5e5e5e5e5e5e5e5
        29  [[[[[[[[[[[[[[[[  5b5b5b5b5b5b5b5b5b5b5b5b5b5b5b5b
        29  OOOOOOOOOOOOOOOO  4f4f4f4f4f4f4f4f4f4f4f4f4f4f4f4f
        23  ................  8f8f8f8f8f8f8f8f8f8f8f8f8f8f8f8f
# epoch 5150  H=7.9784 C=7.8930 HO=0.0704  A(t)=210
       139  >>>>>>>>>>>>>>>>  3e3e3e3e3e3e3e3e3e3e3e3e3e3e3e3e
       126  ................  f6f6f6f6f6f6f6f6f6f6f6f6f6f6f6f6
        78  ,,,,,,,,,,,,,,,,  2c2c2c2c2c2c2c2c2c2c2c2c2c2c2c2c
        74  }}}}}}}}}}}}}}}}  7d7d7d7d7d7d7d7d7d7d7d7d7d7d7d7d
        67  [[[[[[[[[[[[[[[[  5b5b5b5b5b5b5b5b5b5b5b5b5b5b5b5b
        55  ................  87878787878787878787878787878787
        48  ................  efefefefefefefefefefefefefefefef
        30  YYYYYYYYYYYYYYYY  59595959595959595959595959595959
        29  ................  e5e5e5e5e5e5e5e5e5e5e5e5e5e5e5e5
        23  ................  8f8f8f8f8f8f8f8f8f8f8f8f8f8f8f8f
# epoch 5200  H=7.9780 C=7.8928 HO=0.0696  A(t)=210
       125  [[[[[[[[[[[[[[[[  5b5b5b5b5b5b5b5b5b5b5b5b5b5b5b5b
       121  ,,,,,,,,,,,,,,,,  2c2c2c2c2c2c2c2c2c2c2c2c2c2c2c2c
       120  ................  f6f6f6f6f6f6f6f6f6f6f6f6f6f6f6f6
       111  >>>>>>>>>>>>>>>>  3e3e3e3e3e3e3e3e3e3e3e3e3e3e3e3e
        55  ................  87878787878787878787878787878787
        51  <<<<<<<<<<<<<<<<  3c3c3c3c3c3c3c3c3c3c3c3c3c3c3c3c
        50  }}}}}}}}}}}}}}}}  7d7d7d7d7d7d7d7d7d7d7d7d7d7d7d7d
        48  ................  aaaaaaaaaaaaaaaaaaaaaaaaaaaaaaaa
        47  ................  efefefefefefefefefefefefefefefef
        30  ................  2e2e2e2e2e2e2e2e2e2e2e2e2e2e2e2e
# epoch 5250  H=7.9779 C=7.8944 HO=0.0687  A(t)=210
       160  >>>>>>>>>>>>>>>>  3e3e3e3e3e3e3e3e3e3e3e3e3e3e3e3e
       125  [[[[[[[[[[[[[[[[  5b5b5b5b5b5b5b5b5b5b5b5b5b5b5b5b
        90  ................  f6f6f6f6f6f6f6f6f6f6f6f6f6f6f6f6
        68  ,,,,,,,,,,,,,,,,  2c2c2c2c2c2c2c2c2c2c2c2c2c2c2c2c
        59  <<<<<<<<<<<<<<<<  3c3c3c3c3c3c3c3c3c3c3c3c3c3c3c3c
        47  ................  efefefefefefefefefefefefefefefef
        42  }}}}}}}}}}}}}}}}  7d7d7d7d7d7d7d7d7d7d7d7d7d7d7d7d
        41  YYYYYYYYYYYYYYYY  59595959595959595959595959595959
        37  ................  87878787878787878787878787878787
        31  ................  aaaaaaaaaaaaaaaaaaaaaaaaaaaaaaaa
# epoch 5300  H=7.9776 C=7.8947 HO=0.0700  A(t)=210
       208  >>>>>>>>>>>>>>>>  3e3e3e3e3e3e3e3e3e3e3e3e3e3e3e3e
        97  ,,,,,,,,,,,,,,,,  2c2c2c2c2c2c2c2c2c2c2c2c2c2c2c2c
        86  [[[[[[[[[[[[[[[[  5b5b5b5b5b5b5b5b5b5b5b5b5b5b5b5b
        79  ................  f6f6f6f6f6f6f6f6f6f6f6f6f6f6f6f6
        47  ................  15151515151515151515151515151515
        38  }}}}}}}}}}}}}}}}  7d7d7d7d7d7d7d7d7d7d7d7d7d7d7d7d
        34  ................  87878787878787878787878787878787
        33  ................  efefefefefefefefefefefefefefefef
        30  ................  2e2e2e2e2e2e2e2e2e2e2e2e2e2e2e2e
        28  <<<<<<<<<<<<<<<<  3c3c3c3c3c3c3c3c3c3c3c3c3c3c3c3c
# epoch 5350  H=7.9771 C=7.8923 HO=0.0716  A(t)=210
       233  >>>>>>>>>>>>>>>>  3e3e3e3e3e3e3e3e3e3e3e3e3e3e3e3e
       155  ,,,,,,,,,,,,,,,,  2c2c2c2c2c2c2c2c2c2c2c2c2c2c2c2c
        73  ................  ffffffffffffffffffffffffffffffff
        63  ................  f6f6f6f6f6f6f6f6f6f6f6f6f6f6f6f6
        50  [[[[[[[[[[[[[[[[  5b5b5b5b5b5b5b5b5b5b5b5b5b5b5b5b
        49  ................  89898989898989898989898989898989
        47  ................  15151515151515151515151515151515
        34  ................  87878787878787878787878787878787
        27  }}}}}}}}}}}}}}}}  7d7d7d7d7d7d7d7d7d7d7d7d7d7d7d7d
        26  ................  b5b5b5b5b5b5b5b5b5b5b5b5b5b5b5b5
# epoch 5400  H=7.9770 C=7.8908 HO=0.0722  A(t)=210
       251  >>>>>>>>>>>>>>>>  3e3e3e3e3e3e3e3e3e3e3e3e3e3e3e3e
       121  ,,,,,,,,,,,,,,,,  2c2c2c2c2c2c2c2c2c2c2c2c2c2c2c2c
        94  [[[[[[[[[[[[[[[[  5b5b5b5b5b5b5b5b5b5b5b5b5b5b5b5b
        64  ................  ffffffffffffffffffffffffffffffff
        49  ;;;;;;;;;;;;;;;;  3b3b3b3b3b3b3b3b3b3b3b3b3b3b3b3b
        48  ................  adadadadadadadadadadadadadadadad
        47  ................  15151515151515151515151515151515
        44  ????????????????  3f3f3f3f3f3f3f3f3f3f3f3f3f3f3f3f
        34  ................  f6f6f6f6f6f6f6f6f6f6f6f6f6f6f6f6
        34  ................  87878787878787878787878787878787
# epoch 5450  H=7.9769 C=7.8886 HO=0.0755  A(t)=210
       268  >>>>>>>>>>>>>>>>  3e3e3e3e3e3e3e3e3e3e3e3e3e3e3e3e
       114  [[[[[[[[[[[[[[[[  5b5b5b5b5b5b5b5b5b5b5b5b5b5b5b5b
       112  ,,,,,,,,,,,,,,,,  2c2c2c2c2c2c2c2c2c2c2c2c2c2c2c2c
        74  @@@@@@@@@@@@@@@@  40404040404040404040404040404040
        68  ................  adadadadadadadadadadadadadadadad
        63  ................  ffffffffffffffffffffffffffffffff
        49  ................  c5c5c5c5c5c5c5c5c5c5c5c5c5c5c5c5
        47  ;;;;;;;;;;;;;;;;  3b3b3b3b3b3b3b3b3b3b3b3b3b3b3b3b
        40  ????????????????  3f3f3f3f3f3f3f3f3f3f3f3f3f3f3f3f
        37  ................  89898989898989898989898989898989
# epoch 5500  H=7.9766 C=7.8826 HO=0.0788  A(t)=210
       273  >>>>>>>>>>>>>>>>  3e3e3e3e3e3e3e3e3e3e3e3e3e3e3e3e
       128  ................  ffffffffffffffffffffffffffffffff
       112  ,,,,,,,,,,,,,,,,  2c2c2c2c2c2c2c2c2c2c2c2c2c2c2c2c
        98  ................  c5c5c5c5c5c5c5c5c5c5c5c5c5c5c5c5
        97  [[[[[[[[[[[[[[[[  5b5b5b5b5b5b5b5b5b5b5b5b5b5b5b5b
        68  ................  adadadadadadadadadadadadadadadad
        49  @@@@@@@@@@@@@@@@  40404040404040404040404040404040
        48  ................  88888888888888888888888888888888
        47  ................  babababababababababababababababa
        47  \\\\\\\\\\\\\\\\  5c5c5c5c5c5c5c5c5c5c5c5c5c5c5c5c
# epoch 5550  H=7.9764 C=7.8853 HO=0.0777  A(t)=210
       244  >>>>>>>>>>>>>>>>  3e3e3e3e3e3e3e3e3e3e3e3e3e3e3e3e
       142  ,,,,,,,,,,,,,,,,  2c2c2c2c2c2c2c2c2c2c2c2c2c2c2c2c
       121  [[[[[[[[[[[[[[[[  5b5b5b5b5b5b5b5b5b5b5b5b5b5b5b5b
       119  ................  ffffffffffffffffffffffffffffffff
        82  ................  c5c5c5c5c5c5c5c5c5c5c5c5c5c5c5c5
        53  ................  adadadadadadadadadadadadadadadad
        48  ................  88888888888888888888888888888888
        47  ;;;;;;;;;;;;;;;;  3b3b3b3b3b3b3b3b3b3b3b3b3b3b3b3b
        45  @@@@@@@@@@@@@@@@  40404040404040404040404040404040
        44  ................  fafafafafafafafafafafafafafafafa
# epoch 5600  H=7.9765 C=7.8896 HO=0.0746  A(t)=210
       226  >>>>>>>>>>>>>>>>  3e3e3e3e3e3e3e3e3e3e3e3e3e3e3e3e
       140  ,,,,,,,,,,,,,,,,  2c2c2c2c2c2c2c2c2c2c2c2c2c2c2c2c
       114  ................  ffffffffffffffffffffffffffffffff
       108  [[[[[[[[[[[[[[[[  5b5b5b5b5b5b5b5b5b5b5b5b5b5b5b5b
        63  ................  c5c5c5c5c5c5c5c5c5c5c5c5c5c5c5c5
        52  <<<<<<<<<<<<<<<<  3c3c3c3c3c3c3c3c3c3c3c3c3c3c3c3c
        48  ................  88888888888888888888888888888888
        48  @@@@@@@@@@@@@@@@  40404040404040404040404040404040
        46  ;;;;;;;;;;;;;;;;  3b3b3b3b3b3b3b3b3b3b3b3b3b3b3b3b
        39  ................  adadadadadadadadadadadadadadadad
# epoch 5650  H=7.9763 C=7.8908 HO=0.0734  A(t)=210
       247  >>>>>>>>>>>>>>>>  3e3e3e3e3e3e3e3e3e3e3e3e3e3e3e3e
       143  ,,,,,,,,,,,,,,,,  2c2c2c2c2c2c2c2c2c2c2c2c2c2c2c2c
       115  ................  ffffffffffffffffffffffffffffffff
        84  [[[[[[[[[[[[[[[[  5b5b5b5b5b5b5b5b5b5b5b5b5b5b5b5b
        63  ................  c5c5c5c5c5c5c5c5c5c5c5c5c5c5c5c5
        48  ................  88888888888888888888888888888888
        46  ;;;;;;;;;;;;;;;;  3b3b3b3b3b3b3b3b3b3b3b3b3b3b3b3b
        45  @@@@@@@@@@@@@@@@  40404040404040404040404040404040
        39  ................  adadadadadadadadadadadadadadadad
        34  ????????????????  3f3f3f3f3f3f3f3f3f3f3f3f3f3f3f3f
# epoch 5700  H=7.9763 C=7.8900 HO=0.0732  A(t)=211
       234  >>>>>>>>>>>>>>>>  3e3e3e3e3e3e3e3e3e3e3e3e3e3e3e3e
       224  ,,,,,,,,,,,,,,,,  2c2c2c2c2c2c2c2c2c2c2c2c2c2c2c2c
       113  ................  ffffffffffffffffffffffffffffffff
       103  }}}}}}}}}}}}}}}}  7d7d7d7d7d7d7d7d7d7d7d7d7d7d7d7d
        73  [[[[[[[[[[[[[[[[  5b5b5b5b5b5b5b5b5b5b5b5b5b5b5b5b
        64  ................  94949494949494949494949494949494
        63  ................  c5c5c5c5c5c5c5c5c5c5c5c5c5c5c5c5
        36  @@@@@@@@@@@@@@@@  40404040404040404040404040404040
        30  ................  fafafafafafafafafafafafafafafafa
        30  ................  88888888888888888888888888888888
# epoch 5750  H=7.9763 C=7.8920 HO=0.0708  A(t)=212
       228  >>>>>>>>>>>>>>>>  3e3e3e3e3e3e3e3e3e3e3e3e3e3e3e3e
       195  ,,,,,,,,,,,,,,,,  2c2c2c2c2c2c2c2c2c2c2c2c2c2c2c2c
       106  ................  ffffffffffffffffffffffffffffffff
       102  <<<<<<<<<<<<<<<<  3c3c3c3c3c3c3c3c3c3c3c3c3c3c3c3c
        83  }}}}}}}}}}}}}}}}  7d7d7d7d7d7d7d7d7d7d7d7d7d7d7d7d
        51  [[[[[[[[[[[[[[[[  5b5b5b5b5b5b5b5b5b5b5b5b5b5b5b5b
        48  ................  94949494949494949494949494949494
        42  ................  c5c5c5c5c5c5c5c5c5c5c5c5c5c5c5c5
        34  @@@@@@@@@@@@@@@@  40404040404040404040404040404040
        30  ................  fafafafafafafafafafafafafafafafa
# epoch 5800  H=7.9763 C=7.8942 HO=0.0678  A(t)=212
       203  >>>>>>>>>>>>>>>>  3e3e3e3e3e3e3e3e3e3e3e3e3e3e3e3e
       173  ,,,,,,,,,,,,,,,,  2c2c2c2c2c2c2c2c2c2c2c2c2c2c2c2c
        99  ................  ffffffffffffffffffffffffffffffff
        86  }}}}}}}}}}}}}}}}  7d7d7d7d7d7d7d7d7d7d7d7d7d7d7d7d
        84  <<<<<<<<<<<<<<<<  3c3c3c3c3c3c3c3c3c3c3c3c3c3c3c3c
        46  ................  94949494949494949494949494949494
        45  ................  84848484848484848484848484848484
        40  ................  c5c5c5c5c5c5c5c5c5c5c5c5c5c5c5c5
        34  ................  14141414141414141414141414141414
        31  @@@@@@@@@@@@@@@@  40404040404040404040404040404040
# epoch 5850  H=7.9764 C=7.8975 HO=0.0674  A(t)=212
       191  >>>>>>>>>>>>>>>>  3e3e3e3e3e3e3e3e3e3e3e3e3e3e3e3e
       128  ,,,,,,,,,,,,,,,,  2c2c2c2c2c2c2c2c2c2c2c2c2c2c2c2c
        99  ................  ffffffffffffffffffffffffffffffff
        69  }}}}}}}}}}}}}}}}  7d7d7d7d7d7d7d7d7d7d7d7d7d7d7d7d
        67  <<<<<<<<<<<<<<<<  3c3c3c3c3c3c3c3c3c3c3c3c3c3c3c3c
        45  ................  84848484848484848484848484848484
        39  ................  c5c5c5c5c5c5c5c5c5c5c5c5c5c5c5c5
        34  ................  94949494949494949494949494949494
        31  @@@@@@@@@@@@@@@@  40404040404040404040404040404040
        29  ................  14141414141414141414141414141414
# epoch 5900  H=7.9763 C=7.8956 HO=0.0676  A(t)=212
       144  >>>>>>>>>>>>>>>>  3e3e3e3e3e3e3e3e3e3e3e3e3e3e3e3e
       109  ,,,,,,,,,,,,,,,,  2c2c2c2c2c2c2c2c2c2c2c2c2c2c2c2c
        99  ................  ffffffffffffffffffffffffffffffff
        94  ................  86868686868686868686868686868686
        73  }}}}}}}}}}}}}}}}  7d7d7d7d7d7d7d7d7d7d7d7d7d7d7d7d
        63  <<<<<<<<<<<<<<<<  3c3c3c3c3c3c3c3c3c3c3c3c3c3c3c3c
        48  ................  bdbdbdbdbdbdbdbdbdbdbdbdbdbdbdbd
        39  ................  c5c5c5c5c5c5c5c5c5c5c5c5c5c5c5c5
        35  PPPPPPPPPPPPPPPP  50505050505050505050505050505050
        29  ................  14141414141414141414141414141414
# epoch 5950  H=7.9759 C=7.8891 HO=0.0718  A(t)=213
       164  >>>>>>>>>>>>>>>>  3e3e3e3e3e3e3e3e3e3e3e3e3e3e3e3e
       103  ,,,,,,,,,,,,,,,,  2c2c2c2c2c2c2c2c2c2c2c2c2c2c2c2c
        95  ................  ffffffffffffffffffffffffffffffff
        89  ????????????????  3f3f3f3f3f3f3f3f3f3f3f3f3f3f3f3f
        88  <<<<<<<<<<<<<<<<  3c3c3c3c3c3c3c3c3c3c3c3c3c3c3c3c
        86  ................  86868686868686868686868686868686
        78  RRRRRRRRRRRRRRRR  52525252525252525252525252525252
        73  }}}}}}}}}}}}}}}}  7d7d7d7d7d7d7d7d7d7d7d7d7d7d7d7d
        49  ::::::::::::::::  3a3a3a3a3a3a3a3a3a3a3a3a3a3a3a3a
        48  ................  bdbdbdbdbdbdbdbdbdbdbdbdbdbdbdbd
# epoch 6000  H=7.9756 C=7.8908 HO=0.0721  A(t)=213
       195  >>>>>>>>>>>>>>>>  3e3e3e3e3e3e3e3e3e3e3e3e3e3e3e3e
        95  ................  ffffffffffffffffffffffffffffffff
        89  ,,,,,,,,,,,,,,,,  2c2c2c2c2c2c2c2c2c2c2c2c2c2c2c2c
        84  <<<<<<<<<<<<<<<<  3c3c3c3c3c3c3c3c3c3c3c3c3c3c3c3c
        63  RRRRRRRRRRRRRRRR  52525252525252525252525252525252
        59  ................  86868686868686868686868686868686
        53  ????????????????  3f3f3f3f3f3f3f3f3f3f3f3f3f3f3f3f
        52  }}}}}}}}}}}}}}}}  7d7d7d7d7d7d7d7d7d7d7d7d7d7d7d7d
        46  ++++++++++++++++  2b2b2b2b2b2b2b2b2b2b2b2b2b2b2b2b
        39  ................  c5c5c5c5c5c5c5c5c5c5c5c5c5c5c5c5
# epoch 6050  H=7.9755 C=7.8915 HO=0.0688  A(t)=215
       161  >>>>>>>>>>>>>>>>  3e3e3e3e3e3e3e3e3e3e3e3e3e3e3e3e
       124  ,,,,,,,,,,,,,,,,  2c2c2c2c2c2c2c2c2c2c2c2c2c2c2c2c
        79  ................  ffffffffffffffffffffffffffffffff
        72  <<<<<<<<<<<<<<<<  3c3c3c3c3c3c3c3c3c3c3c3c3c3c3c3c
        57  RRRRRRRRRRRRRRRR  52525252525252525252525252525252
        46  }}}}}}}}}}}}}}}}  7d7d7d7d7d7d7d7d7d7d7d7d7d7d7d7d
        46  ++++++++++++++++  2b2b2b2b2b2b2b2b2b2b2b2b2b2b2b2b
        45  ................  f2f2f2f2f2f2f2f2f2f2f2f2f2f2f2f2
        43  ????????????????  3f3f3f3f3f3f3f3f3f3f3f3f3f3f3f3f
        42  [[[[[[[[[[[[[[[[  5b5b5b5b5b5b5b5b5b5b5b5b5b5b5b5b
# epoch 6100  H=7.9754 C=7.8911 HO=0.0721  A(t)=215
       218  >>>>>>>>>>>>>>>>  3e3e3e3e3e3e3e3e3e3e3e3e3e3e3e3e
       109  ,,,,,,,,,,,,,,,,  2c2c2c2c2c2c2c2c2c2c2c2c2c2c2c2c
        60  ................  ffffffffffffffffffffffffffffffff
        54  RRRRRRRRRRRRRRRR  52525252525252525252525252525252
        52  <<<<<<<<<<<<<<<<  3c3c3c3c3c3c3c3c3c3c3c3c3c3c3c3c
        48  ................  f8f8f8f8f8f8f8f8f8f8f8f8f8f8f8f8
        48  ................  a0a0a0a0a0a0a0a0a0a0a0a0a0a0a0a0
        46  }}}}}}}}}}}}}}}}  7d7d7d7d7d7d7d7d7d7d7d7d7d7d7d7d
        46  ++++++++++++++++  2b2b2b2b2b2b2b2b2b2b2b2b2b2b2b2b
        41  ????????????????  3f3f3f3f3f3f3f3f3f3f3f3f3f3f3f3f
# epoch 6150  H=7.9745 C=7.8883 HO=0.0749  A(t)=217
       228  >>>>>>>>>>>>>>>>  3e3e3e3e3e3e3e3e3e3e3e3e3e3e3e3e
       111  ,,,,,,,,,,,,,,,,  2c2c2c2c2c2c2c2c2c2c2c2c2c2c2c2c
        94  ????????????????  3f3f3f3f3f3f3f3f3f3f3f3f3f3f3f3f
        70  [[[[[[[[[[[[[[[[  5b5b5b5b5b5b5b5b5b5b5b5b5b5b5b5b
        58  ................  88888888888888888888888888888888
        55  ................  ffffffffffffffffffffffffffffffff
        52  <<<<<<<<<<<<<<<<  3c3c3c3c3c3c3c3c3c3c3c3c3c3c3c3c
        49  WWWWWWWWWWWWWWWW  57575757575757575757575757575757
        46  ++++++++++++++++  2b2b2b2b2b2b2b2b2b2b2b2b2b2b2b2b
        43  RRRRRRRRRRRRRRRR  52525252525252525252525252525252
# epoch 6200  H=7.9746 C=7.8894 HO=0.0705  A(t)=218
       209  >>>>>>>>>>>>>>>>  3e3e3e3e3e3e3e3e3e3e3e3e3e3e3e3e
        85  ,,,,,,,,,,,,,,,,  2c2c2c2c2c2c2c2c2c2c2c2c2c2c2c2c
        59  [[[[[[[[[[[[[[[[  5b5b5b5b5b5b5b5b5b5b5b5b5b5b5b5b
        51  ................  ffffffffffffffffffffffffffffffff
        49  FFFFFFFFFFFFFFFF  46464646464646464646464646464646
        49  <<<<<<<<<<<<<<<<  3c3c3c3c3c3c3c3c3c3c3c3c3c3c3c3c
        45  5555555555555555  35353535353535353535353535353535
        43  RRRRRRRRRRRRRRRR  52525252525252525252525252525252
        42  ................  f8f8f8f8f8f8f8f8f8f8f8f8f8f8f8f8
        42  ................  88888888888888888888888888888888
# epoch 6250  H=7.9748 C=7.8919 HO=0.0694  A(t)=218
       191  >>>>>>>>>>>>>>>>  3e3e3e3e3e3e3e3e3e3e3e3e3e3e3e3e
        82  ,,,,,,,,,,,,,,,,  2c2c2c2c2c2c2c2c2c2c2c2c2c2c2c2c
        74  ................  ffffffffffffffffffffffffffffffff
        52  <<<<<<<<<<<<<<<<  3c3c3c3c3c3c3c3c3c3c3c3c3c3c3c3c
        44  ????????????????  3f3f3f3f3f3f3f3f3f3f3f3f3f3f3f3f
        43  [[[[[[[[[[[[[[[[  5b5b5b5b5b5b5b5b5b5b5b5b5b5b5b5b
        43  RRRRRRRRRRRRRRRR  52525252525252525252525252525252
        42  ................  f8f8f8f8f8f8f8f8f8f8f8f8f8f8f8f8
        42  ................  88888888888888888888888888888888
        38  WWWWWWWWWWWWWWWW  57575757575757575757575757575757
# epoch 6300  H=7.9747 C=7.8912 HO=0.0691  A(t)=219
       201  >>>>>>>>>>>>>>>>  3e3e3e3e3e3e3e3e3e3e3e3e3e3e3e3e
       148  ................  ffffffffffffffffffffffffffffffff
        82  <<<<<<<<<<<<<<<<  3c3c3c3c3c3c3c3c3c3c3c3c3c3c3c3c
        58  ,,,,,,,,,,,,,,,,  2c2c2c2c2c2c2c2c2c2c2c2c2c2c2c2c
        48  ................  e5e5e5e5e5e5e5e5e5e5e5e5e5e5e5e5
        48  }}}}}}}}}}}}}}}}  7d7d7d7d7d7d7d7d7d7d7d7d7d7d7d7d
        45  2222222222222222  32323232323232323232323232323232
        43  ................  88888888888888888888888888888888
        41  ????????????????  3f3f3f3f3f3f3f3f3f3f3f3f3f3f3f3f
        39  [[[[[[[[[[[[[[[[  5b5b5b5b5b5b5b5b5b5b5b5b5b5b5b5b
# epoch 6350  H=7.9749 C=7.8890 HO=0.0699  A(t)=219
       212  >>>>>>>>>>>>>>>>  3e3e3e3e3e3e3e3e3e3e3e3e3e3e3e3e
       110  ................  ffffffffffffffffffffffffffffffff
        97  ................  e5e5e5e5e5e5e5e5e5e5e5e5e5e5e5e5
        70  <<<<<<<<<<<<<<<<  3c3c3c3c3c3c3c3c3c3c3c3c3c3c3c3c
        48  VVVVVVVVVVVVVVVV  56565656565656565656565656565656
        45  ................  a0a0a0a0a0a0a0a0a0a0a0a0a0a0a0a0
        45  ,,,,,,,,,,,,,,,,  2c2c2c2c2c2c2c2c2c2c2c2c2c2c2c2c
        44  ................  c6c6c6c6c6c6c6c6c6c6c6c6c6c6c6c6
        38  WWWWWWWWWWWWWWWW  57575757575757575757575757575757
        37  ................  88888888888888888888888888888888
# epoch 6400  H=7.9748 C=7.8911 HO=0.0704  A(t)=219
       238  >>>>>>>>>>>>>>>>  3e3e3e3e3e3e3e3e3e3e3e3e3e3e3e3e
        94  ................  ffffffffffffffffffffffffffffffff
        66  5555555555555555  35353535353535353535353535353535
        49  ................  e5e5e5e5e5e5e5e5e5e5e5e5e5e5e5e5
        47  ,,,,,,,,,,,,,,,,  2c2c2c2c2c2c2c2c2c2c2c2c2c2c2c2c
        39  ................  c6c6c6c6c6c6c6c6c6c6c6c6c6c6c6c6
        38  <<<<<<<<<<<<<<<<  3c3c3c3c3c3c3c3c3c3c3c3c3c3c3c3c
        35  ................  babababababababababababababababa
        31  VVVVVVVVVVVVVVVV  56565656565656565656565656565656
        30  ////////////////  2f2f2f2f2f2f2f2f2f2f2f2f2f2f2f2f
# epoch 6450  H=7.9746 C=7.8888 HO=0.0761  A(t)=219
       270  >>>>>>>>>>>>>>>>  3e3e3e3e3e3e3e3e3e3e3e3e3e3e3e3e
        68  ................  ffffffffffffffffffffffffffffffff
        63  ,,,,,,,,,,,,,,,,  2c2c2c2c2c2c2c2c2c2c2c2c2c2c2c2c
        57  5555555555555555  35353535353535353535353535353535
        54  ................  9c9c9c9c9c9c9c9c9c9c9c9c9c9c9c9c
        49  ................  e5e5e5e5e5e5e5e5e5e5e5e5e5e5e5e5
        49  ................  00000000000000000000000000000000
        48  YYYYYYYYYYYYYYYY  59595959595959595959595959595959
        39  ................  c6c6c6c6c6c6c6c6c6c6c6c6c6c6c6c6
        37  [[[[[[[[[[[[[[[[  5b5b5b5b5b5b5b5b5b5b5b5b5b5b5b5b
# epoch 6500  H=7.9745 C=7.8883 HO=0.0757  A(t)=219
       288  >>>>>>>>>>>>>>>>  3e3e3e3e3e3e3e3e3e3e3e3e3e3e3e3e
        68  ]]]]]]]]]]]]]]]]  5d5d5d5d5d5d5d5d5d5d5d5d5d5d5d5d
        55  ,,,,,,,,,,,,,,,,  2c2c2c2c2c2c2c2c2c2c2c2c2c2c2c2c
        54  ................  9c9c9c9c9c9c9c9c9c9c9c9c9c9c9c9c
        52  ................  ffffffffffffffffffffffffffffffff
        49  ................  00000000000000000000000000000000
        48  ................  d5d5d5d5d5d5d5d5d5d5d5d5d5d5d5d5
        48  YYYYYYYYYYYYYYYY  59595959595959595959595959595959
        47  ................  e5e5e5e5e5e5e5e5e5e5e5e5e5e5e5e5
        41  5555555555555555  35353535353535353535353535353535
# epoch 6550  H=7.9745 C=7.8903 HO=0.0742  A(t)=220
       237  >>>>>>>>>>>>>>>>  3e3e3e3e3e3e3e3e3e3e3e3e3e3e3e3e
        64  ,,,,,,,,,,,,,,,,  2c2c2c2c2c2c2c2c2c2c2c2c2c2c2c2c
        51  ]]]]]]]]]]]]]]]]  5d5d5d5d5d5d5d5d5d5d5d5d5d5d5d5d
        49  ................  f1f1f1f1f1f1f1f1f1f1f1f1f1f1f1f1
        49  ................  9c9c9c9c9c9c9c9c9c9c9c9c9c9c9c9c
        41  5555555555555555  35353535353535353535353535353535
        40  ................  c5c5c5c5c5c5c5c5c5c5c5c5c5c5c5c5
        34  ................  ffffffffffffffffffffffffffffffff
        33  ................  00000000000000000000000000000000
        32  ................  d5d5d5d5d5d5d5d5d5d5d5d5d5d5d5d5
# epoch 6600  H=7.9743 C=7.8925 HO=0.0720  A(t)=224
       253  >>>>>>>>>>>>>>>>  3e3e3e3e3e3e3e3e3e3e3e3e3e3e3e3e
        82  ]]]]]]]]]]]]]]]]  5d5d5d5d5d5d5d5d5d5d5d5d5d5d5d5d
        60  ,,,,,,,,,,,,,,,,  2c2c2c2c2c2c2c2c2c2c2c2c2c2c2c2c
        33  ................  9c9c9c9c9c9c9c9c9c9c9c9c9c9c9c9c
        32  ................  d5d5d5d5d5d5d5d5d5d5d5d5d5d5d5d5
        31  ................  ffffffffffffffffffffffffffffffff
        28  5555555555555555  35353535353535353535353535353535
        26  YYYYYYYYYYYYYYYY  59595959595959595959595959595959
        25  ................  f1f1f1f1f1f1f1f1f1f1f1f1f1f1f1f1
        24  ................  c5c5c5c5c5c5c5c5c5c5c5c5c5c5c5c5
# epoch 6650  H=7.9739 C=7.8919 HO=0.0727  A(t)=224
       283  >>>>>>>>>>>>>>>>  3e3e3e3e3e3e3e3e3e3e3e3e3e3e3e3e
       102  ,,,,,,,,,,,,,,,,  2c2c2c2c2c2c2c2c2c2c2c2c2c2c2c2c
        68  ]]]]]]]]]]]]]]]]  5d5d5d5d5d5d5d5d5d5d5d5d5d5d5d5d
        48  ................  8e8e8e8e8e8e8e8e8e8e8e8e8e8e8e8e
        32  ................  d5d5d5d5d5d5d5d5d5d5d5d5d5d5d5d5
        28  ................  ffffffffffffffffffffffffffffffff
        28  5555555555555555  35353535353535353535353535353535
        27  }}}}}}}}}}}}}}}}  7d7d7d7d7d7d7d7d7d7d7d7d7d7d7d7d
        26  YYYYYYYYYYYYYYYY  59595959595959595959595959595959
        25  ................  f1f1f1f1f1f1f1f1f1f1f1f1f1f1f1f1
# epoch 6700  H=7.9737 C=7.8871 HO=0.0772  A(t)=225
       367  >>>>>>>>>>>>>>>>  3e3e3e3e3e3e3e3e3e3e3e3e3e3e3e3e
        96  ,,,,,,,,,,,,,,,,  2c2c2c2c2c2c2c2c2c2c2c2c2c2c2c2c
        94  &&&&&&&&&&&&&&&&  26262626262626262626262626262626
        60  ]]]]]]]]]]]]]]]]  5d5d5d5d5d5d5d5d5d5d5d5d5d5d5d5d
        48  ................  8c8c8c8c8c8c8c8c8c8c8c8c8c8c8c8c
        46  kkkkkkkkkkkkkkkk  6b6b6b6b6b6b6b6b6b6b6b6b6b6b6b6b
        33  ''''''''''''''''  27272727272727272727272727272727
        32  ................  d5d5d5d5d5d5d5d5d5d5d5d5d5d5d5d5
        31  ^^^^^^^^^^^^^^^^  5e5e5e5e5e5e5e5e5e5e5e5e5e5e5e5e
        28  ................  ffffffffffffffffffffffffffffffff
# epoch 6750  H=7.9735 C=7.8855 HO=0.0783  A(t)=226
       353  >>>>>>>>>>>>>>>>  3e3e3e3e3e3e3e3e3e3e3e3e3e3e3e3e
       151  ,,,,,,,,,,,,,,,,  2c2c2c2c2c2c2c2c2c2c2c2c2c2c2c2c
        77  &&&&&&&&&&&&&&&&  26262626262626262626262626262626
        48  ................  8c8c8c8c8c8c8c8c8c8c8c8c8c8c8c8c
        47  ]]]]]]]]]]]]]]]]  5d5d5d5d5d5d5d5d5d5d5d5d5d5d5d5d
        46  }}}}}}}}}}}}}}}}  7d7d7d7d7d7d7d7d7d7d7d7d7d7d7d7d
        46  SSSSSSSSSSSSSSSS  53535353535353535353535353535353
        40  ----------------  2d2d2d2d2d2d2d2d2d2d2d2d2d2d2d2d
        33  ''''''''''''''''  27272727272727272727272727272727
        32  ................  d5d5d5d5d5d5d5d5d5d5d5d5d5d5d5d5
# epoch 6800  H=7.9732 C=7.8823 HO=0.0801  A(t)=226
       290  >>>>>>>>>>>>>>>>  3e3e3e3e3e3e3e3e3e3e3e3e3e3e3e3e
       143  [[[[[[[[[[[[[[[[  5b5b5b5b5b5b5b5b5b5b5b5b5b5b5b5b
       142  ,,,,,,,,,,,,,,,,  2c2c2c2c2c2c2c2c2c2c2c2c2c2c2c2c
        88  ................  01010101010101010101010101010101
        81  }}}}}}}}}}}}}}}}  7d7d7d7d7d7d7d7d7d7d7d7d7d7d7d7d
        74  &&&&&&&&&&&&&&&&  26262626262626262626262626262626
        55  ----------------  2d2d2d2d2d2d2d2d2d2d2d2d2d2d2d2d
        48  ................  8c8c8c8c8c8c8c8c8c8c8c8c8c8c8c8c
        46  SSSSSSSSSSSSSSSS  53535353535353535353535353535353
        33  ]]]]]]]]]]]]]]]]  5d5d5d5d5d5d5d5d5d5d5d5d5d5d5d5d
# epoch 6850  H=7.9731 C=7.8842 HO=0.0734  A(t)=227
       263  >>>>>>>>>>>>>>>>  3e3e3e3e3e3e3e3e3e3e3e3e3e3e3e3e
       155  [[[[[[[[[[[[[[[[  5b5b5b5b5b5b5b5b5b5b5b5b5b5b5b5b
       137  ,,,,,,,,,,,,,,,,  2c2c2c2c2c2c2c2c2c2c2c2c2c2c2c2c
        76  &&&&&&&&&&&&&&&&  26262626262626262626262626262626
        75  }}}}}}}}}}}}}}}}  7d7d7d7d7d7d7d7d7d7d7d7d7d7d7d7d
        55  ----------------  2d2d2d2d2d2d2d2d2d2d2d2d2d2d2d2d
        49  ................  01010101010101010101010101010101
        43  ]]]]]]]]]]]]]]]]  5d5d5d5d5d5d5d5d5d5d5d5d5d5d5d5d
        32  ................  d5d5d5d5d5d5d5d5d5d5d5d5d5d5d5d5
        31  ................  8c8c8c8c8c8c8c8c8c8c8c8c8c8c8c8c
# epoch 6900  H=7.9732 C=7.8831 HO=0.0787  A(t)=228
       287  >>>>>>>>>>>>>>>>  3e3e3e3e3e3e3e3e3e3e3e3e3e3e3e3e
       138  [[[[[[[[[[[[[[[[  5b5b5b5b5b5b5b5b5b5b5b5b5b5b5b5b
       111  ,,,,,,,,,,,,,,,,  2c2c2c2c2c2c2c2c2c2c2c2c2c2c2c2c
        74  &&&&&&&&&&&&&&&&  26262626262626262626262626262626
        48  ................  01010101010101010101010101010101
        47  ................  e5e5e5e5e5e5e5e5e5e5e5e5e5e5e5e5
        43  ................  dededededededededededededededede
        39  5555555555555555  35353535353535353535353535353535
        32  ]]]]]]]]]]]]]]]]  5d5d5d5d5d5d5d5d5d5d5d5d5d5d5d5d
        32  ----------------  2d2d2d2d2d2d2d2d2d2d2d2d2d2d2d2d
# epoch 6950  H=7.9731 C=7.8840 HO=0.0786  A(t)=229
       237  >>>>>>>>>>>>>>>>  3e3e3e3e3e3e3e3e3e3e3e3e3e3e3e3e
       115  [[[[[[[[[[[[[[[[  5b5b5b5b5b5b5b5b5b5b5b5b5b5b5b5b
       114  ................  d5d5d5d5d5d5d5d5d5d5d5d5d5d5d5d5
        93  ,,,,,,,,,,,,,,,,  2c2c2c2c2c2c2c2c2c2c2c2c2c2c2c2c
        69  &&&&&&&&&&&&&&&&  26262626262626262626262626262626
        42  ................  e5e5e5e5e5e5e5e5e5e5e5e5e5e5e5e5
        39  5555555555555555  35353535353535353535353535353535
        38  ................  d8d8d8d8d8d8d8d8d8d8d8d8d8d8d8d8
        27  ................  dededededededededededededededede
        27  ]]]]]]]]]]]]]]]]  5d5d5d5d5d5d5d5d5d5d5d5d5d5d5d5d
# epoch 7000  H=7.9725 C=7.8831 HO=0.0796  A(t)=230
       231  ,,,,,,,,,,,,,,,,  2c2c2c2c2c2c2c2c2c2c2c2c2c2c2c2c
       213  >>>>>>>>>>>>>>>>  3e3e3e3e3e3e3e3e3e3e3e3e3e3e3e3e
       108  ================  3d3d3d3d3d3d3d3d3d3d3d3d3d3d3d3d
        74  [[[[[[[[[[[[[[[[  5b5b5b5b5b5b5b5b5b5b5b5b5b5b5b5b
        71  ................  d5d5d5d5d5d5d5d5d5d5d5d5d5d5d5d5
        53  ]]]]]]]]]]]]]]]]  5d5d5d5d5d5d5d5d5d5d5d5d5d5d5d5d
        38  5555555555555555  35353535353535353535353535353535
        36  }}}}}}}}}}}}}}}}  7d7d7d7d7d7d7d7d7d7d7d7d7d7d7d7d
        36  &&&&&&&&&&&&&&&&  26262626262626262626262626262626
        34  ................  e5e5e5e5e5e5e5e5e5e5e5e5e5e5e5e5
# epoch 7050  H=7.9723 C=7.8822 HO=0.0771  A(t)=230
       255  >>>>>>>>>>>>>>>>  3e3e3e3e3e3e3e3e3e3e3e3e3e3e3e3e
       222  ,,,,,,,,,,,,,,,,  2c2c2c2c2c2c2c2c2c2c2c2c2c2c2c2c
        84  [[[[[[[[[[[[[[[[  5b5b5b5b5b5b5b5b5b5b5b5b5b5b5b5b
        84  ================  3d3d3d3d3d3d3d3d3d3d3d3d3d3d3d3d
        59  }}}}}}}}}}}}}}}}  7d7d7d7d7d7d7d7d7d7d7d7d7d7d7d7d
        58  ................  d5d5d5d5d5d5d5d5d5d5d5d5d5d5d5d5
        48  ................  8e8e8e8e8e8e8e8e8e8e8e8e8e8e8e8e
        42  ................  f8f8f8f8f8f8f8f8f8f8f8f8f8f8f8f8
        33  &&&&&&&&&&&&&&&&  26262626262626262626262626262626
        31  5555555555555555  35353535353535353535353535353535
# epoch 7100  H=7.9721 C=7.8831 HO=0.0762  A(t)=231
       276  >>>>>>>>>>>>>>>>  3e3e3e3e3e3e3e3e3e3e3e3e3e3e3e3e
       205  ,,,,,,,,,,,,,,,,  2c2c2c2c2c2c2c2c2c2c2c2c2c2c2c2c
        68  [[[[[[[[[[[[[[[[  5b5b5b5b5b5b5b5b5b5b5b5b5b5b5b5b
        47  ................  d5d5d5d5d5d5d5d5d5d5d5d5d5d5d5d5
        47  ================  3d3d3d3d3d3d3d3d3d3d3d3d3d3d3d3d
        29  ................  f8f8f8f8f8f8f8f8f8f8f8f8f8f8f8f8
        28  }}}}}}}}}}}}}}}}  7d7d7d7d7d7d7d7d7d7d7d7d7d7d7d7d
        27  ................  f4f4f4f4f4f4f4f4f4f4f4f4f4f4f4f4
        27  ................  02020202020202020202020202020202
        26  &&&&&&&&&&&&&&&&  26262626262626262626262626262626
# epoch 7150  H=7.9721 C=7.8811 HO=0.0806  A(t)=233
       253  >>>>>>>>>>>>>>>>  3e3e3e3e3e3e3e3e3e3e3e3e3e3e3e3e
       183  ,,,,,,,,,,,,,,,,  2c2c2c2c2c2c2c2c2c2c2c2c2c2c2c2c
        98  ................  0b0b0b0b0b0b0b0b0b0b0b0b0b0b0b0b
        81  ................  a7a7a7a7a7a7a7a7a7a7a7a7a7a7a7a7
        67  [[[[[[[[[[[[[[[[  5b5b5b5b5b5b5b5b5b5b5b5b5b5b5b5b
        46  <<<<<<<<<<<<<<<<  3c3c3c3c3c3c3c3c3c3c3c3c3c3c3c3c
        36  ................  d5d5d5d5d5d5d5d5d5d5d5d5d5d5d5d5
        36  \\\\\\\\\\\\\\\\  5c5c5c5c5c5c5c5c5c5c5c5c5c5c5c5c
        31  ================  3d3d3d3d3d3d3d3d3d3d3d3d3d3d3d3d
        27  ................  f4f4f4f4f4f4f4f4f4f4f4f4f4f4f4f4
# epoch 7200  H=7.9719 C=7.8812 HO=0.0792  A(t)=234
       240  >>>>>>>>>>>>>>>>  3e3e3e3e3e3e3e3e3e3e3e3e3e3e3e3e
       157  ,,,,,,,,,,,,,,,,  2c2c2c2c2c2c2c2c2c2c2c2c2c2c2c2c
        90  [[[[[[[[[[[[[[[[  5b5b5b5b5b5b5b5b5b5b5b5b5b5b5b5b
        81  ................  a7a7a7a7a7a7a7a7a7a7a7a7a7a7a7a7
        54  ................  fcfcfcfcfcfcfcfcfcfcfcfcfcfcfcfc
        44  1111111111111111  31313131313131313131313131313131
        36  }}}}}}}}}}}}}}}}  7d7d7d7d7d7d7d7d7d7d7d7d7d7d7d7d
        36  \\\\\\\\\\\\\\\\  5c5c5c5c5c5c5c5c5c5c5c5c5c5c5c5c
        32  ................  d5d5d5d5d5d5d5d5d5d5d5d5d5d5d5d5
        32  ................  0b0b0b0b0b0b0b0b0b0b0b0b0b0b0b0b
# epoch 7250  H=7.9721 C=7.8827 HO=0.0770  A(t)=234
       228  >>>>>>>>>>>>>>>>  3e3e3e3e3e3e3e3e3e3e3e3e3e3e3e3e
       146  ,,,,,,,,,,,,,,,,  2c2c2c2c2c2c2c2c2c2c2c2c2c2c2c2c
        85  [[[[[[[[[[[[[[[[  5b5b5b5b5b5b5b5b5b5b5b5b5b5b5b5b
        58  ................  a7a7a7a7a7a7a7a7a7a7a7a7a7a7a7a7
        53  ................  fcfcfcfcfcfcfcfcfcfcfcfcfcfcfcfc
        48  vvvvvvvvvvvvvvvv  76767676767676767676767676767676
        44  1111111111111111  31313131313131313131313131313131
        32  ................  d5d5d5d5d5d5d5d5d5d5d5d5d5d5d5d5
        27  ................  0b0b0b0b0b0b0b0b0b0b0b0b0b0b0b0b
        26  }}}}}}}}}}}}}}}}  7d7d7d7d7d7d7d7d7d7d7d7d7d7d7d7d
# epoch 7300  H=7.9723 C=7.8797 HO=0.0784  A(t)=234
       211  >>>>>>>>>>>>>>>>  3e3e3e3e3e3e3e3e3e3e3e3e3e3e3e3e
       139  ,,,,,,,,,,,,,,,,  2c2c2c2c2c2c2c2c2c2c2c2c2c2c2c2c
        72  [[[[[[[[[[[[[[[[  5b5b5b5b5b5b5b5b5b5b5b5b5b5b5b5b
        70  \\\\\\\\\\\\\\\\  5c5c5c5c5c5c5c5c5c5c5c5c5c5c5c5c
        63  ................  02020202020202020202020202020202
        55  ................  12121212121212121212121212121212
        52  ................  fcfcfcfcfcfcfcfcfcfcfcfcfcfcfcfc
        47  vvvvvvvvvvvvvvvv  76767676767676767676767676767676
        43  1111111111111111  31313131313131313131313131313131
        43  ................  03030303030303030303030303030303
# epoch 7350  H=7.9725 C=7.8826 HO=0.0767  A(t)=234
       155  >>>>>>>>>>>>>>>>  3e3e3e3e3e3e3e3e3e3e3e3e3e3e3e3e
       124  ,,,,,,,,,,,,,,,,  2c2c2c2c2c2c2c2c2c2c2c2c2c2c2c2c
        81  <<<<<<<<<<<<<<<<  3c3c3c3c3c3c3c3c3c3c3c3c3c3c3c3c
        72  [[[[[[[[[[[[[[[[  5b5b5b5b5b5b5b5b5b5b5b5b5b5b5b5b
        62  ................  02020202020202020202020202020202
        55  \\\\\\\\\\\\\\\\  5c5c5c5c5c5c5c5c5c5c5c5c5c5c5c5c
        53  ................  12121212121212121212121212121212
        49  ................  fcfcfcfcfcfcfcfcfcfcfcfcfcfcfcfc
        48  vvvvvvvvvvvvvvvv  76767676767676767676767676767676
        46  }}}}}}}}}}}}}}}}  7d7d7d7d7d7d7d7d7d7d7d7d7d7d7d7d
# epoch 7400  H=7.9727 C=7.8834 HO=0.0777  A(t)=235
       135  >>>>>>>>>>>>>>>>  3e3e3e3e3e3e3e3e3e3e3e3e3e3e3e3e
       114  ,,,,,,,,,,,,,,,,  2c2c2c2c2c2c2c2c2c2c2c2c2c2c2c2c
        97  <<<<<<<<<<<<<<<<  3c3c3c3c3c3c3c3c3c3c3c3c3c3c3c3c
        75  }}}}}}}}}}}}}}}}  7d7d7d7d7d7d7d7d7d7d7d7d7d7d7d7d
        59  [[[[[[[[[[[[[[[[  5b5b5b5b5b5b5b5b5b5b5b5b5b5b5b5b
        53  ................  12121212121212121212121212121212
        51  ................  dededededededededededededededede
        48  vvvvvvvvvvvvvvvv  76767676767676767676767676767676
        41  ................  03030303030303030303030303030303
        39  \\\\\\\\\\\\\\\\  5c5c5c5c5c5c5c5c5c5c5c5c5c5c5c5c
# epoch 7450  H=7.9727 C=7.8809 HO=0.0790  A(t)=237
       126  >>>>>>>>>>>>>>>>  3e3e3e3e3e3e3e3e3e3e3e3e3e3e3e3e
       115  ,,,,,,,,,,,,,,,,  2c2c2c2c2c2c2c2c2c2c2c2c2c2c2c2c
        98  ................  98989898989898989898989898989898
        83  ................  18181818181818181818181818181818
        77  <<<<<<<<<<<<<<<<  3c3c3c3c3c3c3c3c3c3c3c3c3c3c3c3c
        64  }}}}}}}}}}}}}}}}  7d7d7d7d7d7d7d7d7d7d7d7d7d7d7d7d
        55  [[[[[[[[[[[[[[[[  5b5b5b5b5b5b5b5b5b5b5b5b5b5b5b5b
        49  OOOOOOOOOOOOOOOO  4f4f4f4f4f4f4f4f4f4f4f4f4f4f4f4f
        49  IIIIIIIIIIIIIIII  49494949494949494949494949494949
        47  vvvvvvvvvvvvvvvv  76767676767676767676767676767676
# epoch 7500  H=7.9729 C=7.8831 HO=0.0771  A(t)=237
       158  >>>>>>>>>>>>>>>>  3e3e3e3e3e3e3e3e3e3e3e3e3e3e3e3e
       107  ,,,,,,,,,,,,,,,,  2c2c2c2c2c2c2c2c2c2c2c2c2c2c2c2c
        83  ................  18181818181818181818181818181818
        77  ................  98989898989898989898989898989898
        66  }}}}}}}}}}}}}}}}  7d7d7d7d7d7d7d7d7d7d7d7d7d7d7d7d
        57  <<<<<<<<<<<<<<<<  3c3c3c3c3c3c3c3c3c3c3c3c3c3c3c3c
        56  [[[[[[[[[[[[[[[[  5b5b5b5b5b5b5b5b5b5b5b5b5b5b5b5b
        49  OOOOOOOOOOOOOOOO  4f4f4f4f4f4f4f4f4f4f4f4f4f4f4f4f
        49  IIIIIIIIIIIIIIII  49494949494949494949494949494949
        46  vvvvvvvvvvvvvvvv  76767676767676767676767676767676
# epoch 7550  H=7.9728 C=7.8809 HO=0.0783  A(t)=239
       200  >>>>>>>>>>>>>>>>  3e3e3e3e3e3e3e3e3e3e3e3e3e3e3e3e
       146  ................  0f0f0f0f0f0f0f0f0f0f0f0f0f0f0f0f
       104  ,,,,,,,,,,,,,,,,  2c2c2c2c2c2c2c2c2c2c2c2c2c2c2c2c
        64  }}}}}}}}}}}}}}}}  7d7d7d7d7d7d7d7d7d7d7d7d7d7d7d7d
        58  ................  18181818181818181818181818181818
        55  IIIIIIIIIIIIIIII  49494949494949494949494949494949
        53  ................  98989898989898989898989898989898
        49  <<<<<<<<<<<<<<<<  3c3c3c3c3c3c3c3c3c3c3c3c3c3c3c3c
        46  vvvvvvvvvvvvvvvv  76767676767676767676767676767676
        40  ////////////////  2f2f2f2f2f2f2f2f2f2f2f2f2f2f2f2f
# epoch 7600  H=7.9726 C=7.8797 HO=0.0794  A(t)=239
       268  >>>>>>>>>>>>>>>>  3e3e3e3e3e3e3e3e3e3e3e3e3e3e3e3e
       114  ................  0f0f0f0f0f0f0f0f0f0f0f0f0f0f0f0f
       106  ,,,,,,,,,,,,,,,,  2c2c2c2c2c2c2c2c2c2c2c2c2c2c2c2c
        58  ................  18181818181818181818181818181818
        55  IIIIIIIIIIIIIIII  49494949494949494949494949494949
        53  ................  98989898989898989898989898989898
        48  }}}}}}}}}}}}}}}}  7d7d7d7d7d7d7d7d7d7d7d7d7d7d7d7d
        47  ................  a0a0a0a0a0a0a0a0a0a0a0a0a0a0a0a0
        46  vvvvvvvvvvvvvvvv  76767676767676767676767676767676
        38  <<<<<<<<<<<<<<<<  3c3c3c3c3c3c3c3c3c3c3c3c3c3c3c3c
# epoch 7650  H=7.9726 C=7.8827 HO=0.0789  A(t)=239
       287  >>>>>>>>>>>>>>>>  3e3e3e3e3e3e3e3e3e3e3e3e3e3e3e3e
        86  ,,,,,,,,,,,,,,,,  2c2c2c2c2c2c2c2c2c2c2c2c2c2c2c2c
        70  ................  0f0f0f0f0f0f0f0f0f0f0f0f0f0f0f0f
        51  }}}}}}}}}}}}}}}}  7d7d7d7d7d7d7d7d7d7d7d7d7d7d7d7d
        47  ................  a0a0a0a0a0a0a0a0a0a0a0a0a0a0a0a0
        47  IIIIIIIIIIIIIIII  49494949494949494949494949494949
        46  vvvvvvvvvvvvvvvv  76767676767676767676767676767676
        42  ................  18181818181818181818181818181818
        35  ................  98989898989898989898989898989898
        35  ................  8d8d8d8d8d8d8d8d8d8d8d8d8d8d8d8d
# epoch 7700  H=7.9726 C=7.8844 HO=0.0782  A(t)=241
       292  >>>>>>>>>>>>>>>>  3e3e3e3e3e3e3e3e3e3e3e3e3e3e3e3e
        96  ,,,,,,,,,,,,,,,,  2c2c2c2c2c2c2c2c2c2c2c2c2c2c2c2c
        59  }}}}}}}}}}}}}}}}  7d7d7d7d7d7d7d7d7d7d7d7d7d7d7d7d
        48  ................  cccccccccccccccccccccccccccccccc
        47  ................  a0a0a0a0a0a0a0a0a0a0a0a0a0a0a0a0
        47  IIIIIIIIIIIIIIII  49494949494949494949494949494949
        42  ................  18181818181818181818181818181818
        41  ................  0f0f0f0f0f0f0f0f0f0f0f0f0f0f0f0f
        40  vvvvvvvvvvvvvvvv  76767676767676767676767676767676
        35  ................  98989898989898989898989898989898
# epoch 7750  H=7.9720 C=7.8820 HO=0.0783  A(t)=242
       265  >>>>>>>>>>>>>>>>  3e3e3e3e3e3e3e3e3e3e3e3e3e3e3e3e
       183  ,,,,,,,,,,,,,,,,  2c2c2c2c2c2c2c2c2c2c2c2c2c2c2c2c
        74  ZZZZZZZZZZZZZZZZ  5a5a5a5a5a5a5a5a5a5a5a5a5a5a5a5a
        71  }}}}}}}}}}}}}}}}  7d7d7d7d7d7d7d7d7d7d7d7d7d7d7d7d
        49  ................  81818181818181818181818181818181
        49  xxxxxxxxxxxxxxxx  78787878787878787878787878787878
        48  ................  efefefefefefefefefefefefefefefef
        47  ................  a0a0a0a0a0a0a0a0a0a0a0a0a0a0a0a0
        40  vvvvvvvvvvvvvvvv  76767676767676767676767676767676
        40  IIIIIIIIIIIIIIII  49494949494949494949494949494949
# epoch 7800  H=7.9716 C=7.8809 HO=0.0791  A(t)=242
       335  ,,,,,,,,,,,,,,,,  2c2c2c2c2c2c2c2c2c2c2c2c2c2c2c2c
       316  >>>>>>>>>>>>>>>>  3e3e3e3e3e3e3e3e3e3e3e3e3e3e3e3e
        84  }}}}}}}}}}}}}}}}  7d7d7d7d7d7d7d7d7d7d7d7d7d7d7d7d
        74  ZZZZZZZZZZZZZZZZ  5a5a5a5a5a5a5a5a5a5a5a5a5a5a5a5a
        48  ................  efefefefefefefefefefefefefefefef
        47  ................  a0a0a0a0a0a0a0a0a0a0a0a0a0a0a0a0
        40  vvvvvvvvvvvvvvvv  76767676767676767676767676767676
        40  IIIIIIIIIIIIIIII  49494949494949494949494949494949
        35  ................  8d8d8d8d8d8d8d8d8d8d8d8d8d8d8d8d
        33  ................  81818181818181818181818181818181
# epoch 7850  H=7.9715 C=7.8798 HO=0.0801  A(t)=242
       378  ,,,,,,,,,,,,,,,,  2c2c2c2c2c2c2c2c2c2c2c2c2c2c2c2c
       264  >>>>>>>>>>>>>>>>  3e3e3e3e3e3e3e3e3e3e3e3e3e3e3e3e
        92  ;;;;;;;;;;;;;;;;  3b3b3b3b3b3b3b3b3b3b3b3b3b3b3b3b
        75  }}}}}}}}}}}}}}}}  7d7d7d7d7d7d7d7d7d7d7d7d7d7d7d7d
        61  [[[[[[[[[[[[[[[[  5b5b5b5b5b5b5b5b5b5b5b5b5b5b5b5b
        58  ZZZZZZZZZZZZZZZZ  5a5a5a5a5a5a5a5a5a5a5a5a5a5a5a5a
        47  ................  a0a0a0a0a0a0a0a0a0a0a0a0a0a0a0a0
        40  IIIIIIIIIIIIIIII  49494949494949494949494949494949
        35  ................  8d8d8d8d8d8d8d8d8d8d8d8d8d8d8d8d
        30  ................  01010101010101010101010101010101
# epoch 7900  H=7.9717 C=7.8781 HO=0.0800  A(t)=242
       338  ,,,,,,,,,,,,,,,,  2c2c2c2c2c2c2c2c2c2c2c2c2c2c2c2c
       233  >>>>>>>>>>>>>>>>  3e3e3e3e3e3e3e3e3e3e3e3e3e3e3e3e
       103  }}}}}}}}}}}}}}}}  7d7d7d7d7d7d7d7d7d7d7d7d7d7d7d7d
        94  ;;;;;;;;;;;;;;;;  3b3b3b3b3b3b3b3b3b3b3b3b3b3b3b3b
        50  ................  abababababababababababababababab
        47  ................  a0a0a0a0a0a0a0a0a0a0a0a0a0a0a0a0
        46  ................  cacacacacacacacacacacacacacacaca
        43  ................  02020202020202020202020202020202
        42  ................  b5b5b5b5b5b5b5b5b5b5b5b5b5b5b5b5
        41  [[[[[[[[[[[[[[[[  5b5b5b5b5b5b5b5b5b5b5b5b5b5b5b5b
# epoch 7950  H=7.9720 C=7.8814 HO=0.0772  A(t)=242
       263  ,,,,,,,,,,,,,,,,  2c2c2c2c2c2c2c2c2c2c2c2c2c2c2c2c
       202  >>>>>>>>>>>>>>>>  3e3e3e3e3e3e3e3e3e3e3e3e3e3e3e3e
        80  }}}}}}}}}}}}}}}}  7d7d7d7d7d7d7d7d7d7d7d7d7d7d7d7d
        49  ................  2e2e2e2e2e2e2e2e2e2e2e2e2e2e2e2e
        46  ................  cacacacacacacacacacacacacacacaca
        43  ................  a0a0a0a0a0a0a0a0a0a0a0a0a0a0a0a0
        43  ................  02020202020202020202020202020202
        40  ................  b5b5b5b5b5b5b5b5b5b5b5b5b5b5b5b5
        38  ZZZZZZZZZZZZZZZZ  5a5a5a5a5a5a5a5a5a5a5a5a5a5a5a5a
        35  ................  abababababababababababababababab
# epoch 8000  H=7.9723 C=7.8840 HO=0.0761  A(t)=243
       229  ,,,,,,,,,,,,,,,,  2c2c2c2c2c2c2c2c2c2c2c2c2c2c2c2c
       161  >>>>>>>>>>>>>>>>  3e3e3e3e3e3e3e3e3e3e3e3e3e3e3e3e
        71  }}}}}}}}}}}}}}}}  7d7d7d7d7d7d7d7d7d7d7d7d7d7d7d7d
        48  ................  2e2e2e2e2e2e2e2e2e2e2e2e2e2e2e2e
        46  ................  cacacacacacacacacacacacacacacaca
        46  iiiiiiiiiiiiiiii  69696969696969696969696969696969
        43  ................  02020202020202020202020202020202
        37  ................  b5b5b5b5b5b5b5b5b5b5b5b5b5b5b5b5
        35  IIIIIIIIIIIIIIII  49494949494949494949494949494949
        34  ................  8a8a8a8a8a8a8a8a8a8a8a8a8a8a8a8a
# epoch 8050  H=7.9724 C=7.8851 HO=0.0718  A(t)=244
       160  ,,,,,,,,,,,,,,,,  2c2c2c2c2c2c2c2c2c2c2c2c2c2c2c2c
       104  >>>>>>>>>>>>>>>>  3e3e3e3e3e3e3e3e3e3e3e3e3e3e3e3e
        59  <<<<<<<<<<<<<<<<  3c3c3c3c3c3c3c3c3c3c3c3c3c3c3c3c
        49  ................  ecececececececececececececececec
        48  ................  2e2e2e2e2e2e2e2e2e2e2e2e2e2e2e2e
        47  iiiiiiiiiiiiiiii  69696969696969696969696969696969
        47  ................  0a0a0a0a0a0a0a0a0a0a0a0a0a0a0a0a
        46  ................  cacacacacacacacacacacacacacacaca
        43  }}}}}}}}}}}}}}}}  7d7d7d7d7d7d7d7d7d7d7d7d7d7d7d7d
        40  llllllllllllllll  6c6c6c6c6c6c6c6c6c6c6c6c6c6c6c6c
# epoch 8100  H=7.9723 C=7.8824 HO=0.0759  A(t)=244
       143  ,,,,,,,,,,,,,,,,  2c2c2c2c2c2c2c2c2c2c2c2c2c2c2c2c
       137  >>>>>>>>>>>>>>>>  3e3e3e3e3e3e3e3e3e3e3e3e3e3e3e3e
        96  ................  ecececececececececececececececec
        55  <<<<<<<<<<<<<<<<  3c3c3c3c3c3c3c3c3c3c3c3c3c3c3c3c
        48  ................  2e2e2e2e2e2e2e2e2e2e2e2e2e2e2e2e
        46  ................  cacacacacacacacacacacacacacacaca
        45  ................  fbfbfbfbfbfbfbfbfbfbfbfbfbfbfbfb
        42  }}}}}}}}}}}}}}}}  7d7d7d7d7d7d7d7d7d7d7d7d7d7d7d7d
        41  ................  edededededededededededededededed
        40  $$$$$$$$$$$$$$$$  24242424242424242424242424242424
# epoch 8150  H=7.9721 C=7.8833 HO=0.0772  A(t)=246
       156  ,,,,,,,,,,,,,,,,  2c2c2c2c2c2c2c2c2c2c2c2c2c2c2c2c
       138  >>>>>>>>>>>>>>>>  3e3e3e3e3e3e3e3e3e3e3e3e3e3e3e3e
        87  $$$$$$$$$$$$$$$$  24242424242424242424242424242424
        80  ................  ecececececececececececececececec
        60  ................  ffffffffffffffffffffffffffffffff
        53  <<<<<<<<<<<<<<<<  3c3c3c3c3c3c3c3c3c3c3c3c3c3c3c3c
        46  ................  cacacacacacacacacacacacacacacaca
        41  ................  fbfbfbfbfbfbfbfbfbfbfbfbfbfbfbfb
        41  ................  edededededededededededededededed
        37  }}}}}}}}}}}}}}}}  7d7d7d7d7d7d7d7d7d7d7d7d7d7d7d7d
# epoch 8200  H=7.9723 C=7.8847 HO=0.0740  A(t)=246
       145  ,,,,,,,,,,,,,,,,  2c2c2c2c2c2c2c2c2c2c2c2c2c2c2c2c
       139  >>>>>>>>>>>>>>>>  3e3e3e3e3e3e3e3e3e3e3e3e3e3e3e3e
        79  $$$$$$$$$$$$$$$$  24242424242424242424242424242424
        65  ................  ecececececececececececececececec
        58  ................  ffffffffffffffffffffffffffffffff
        53  <<<<<<<<<<<<<<<<  3c3c3c3c3c3c3c3c3c3c3c3c3c3c3c3c
        41  ................  fbfbfbfbfbfbfbfbfbfbfbfbfbfbfbfb
        41  ................  edededededededededededededededed
        41  ................  94949494949494949494949494949494
        41  ////////////////  2f2f2f2f2f2f2f2f2f2f2f2f2f2f2f2f
# epoch 8250  H=7.9723 C=7.8816 HO=0.0763  A(t)=246
       221  >>>>>>>>>>>>>>>>  3e3e3e3e3e3e3e3e3e3e3e3e3e3e3e3e
       132  ,,,,,,,,,,,,,,,,  2c2c2c2c2c2c2c2c2c2c2c2c2c2c2c2c
       108  ................  ecececececececececececececececec
        72  ................  fefefefefefefefefefefefefefefefe
        61  $$$$$$$$$$$$$$$$  24242424242424242424242424242424
        59  ................  ffffffffffffffffffffffffffffffff
        42  <<<<<<<<<<<<<<<<  3c3c3c3c3c3c3c3c3c3c3c3c3c3c3c3c
        41  ................  fbfbfbfbfbfbfbfbfbfbfbfbfbfbfbfb
        41  ////////////////  2f2f2f2f2f2f2f2f2f2f2f2f2f2f2f2f
        40  ................  edededededededededededededededed
# epoch 8300  H=7.9724 C=7.8853 HO=0.0745  A(t)=247
       214  >>>>>>>>>>>>>>>>  3e3e3e3e3e3e3e3e3e3e3e3e3e3e3e3e
       108  ,,,,,,,,,,,,,,,,  2c2c2c2c2c2c2c2c2c2c2c2c2c2c2c2c
        91  ................  ecececececececececececececececec
        61  $$$$$$$$$$$$$$$$  24242424242424242424242424242424
        46  ................  fefefefefefefefefefefefefefefefe
        41  ................  fbfbfbfbfbfbfbfbfbfbfbfbfbfbfbfb
        40  ................  ffffffffffffffffffffffffffffffff
        31  ................  cacacacacacacacacacacacacacacaca
        30  ////////////////  2f2f2f2f2f2f2f2f2f2f2f2f2f2f2f2f
        28  llllllllllllllll  6c6c6c6c6c6c6c6c6c6c6c6c6c6c6c6c
# epoch 8350  H=7.9724 C=7.8855 HO=0.0751  A(t)=247
       257  >>>>>>>>>>>>>>>>  3e3e3e3e3e3e3e3e3e3e3e3e3e3e3e3e
        92  ,,,,,,,,,,,,,,,,  2c2c2c2c2c2c2c2c2c2c2c2c2c2c2c2c
        72  ................  ecececececececececececececececec
        49  ................  dbdbdbdbdbdbdbdbdbdbdbdbdbdbdbdb
        44  $$$$$$$$$$$$$$$$  24242424242424242424242424242424
        41  ................  fbfbfbfbfbfbfbfbfbfbfbfbfbfbfbfb
        40  ................  ffffffffffffffffffffffffffffffff
        40  ................  d9d9d9d9d9d9d9d9d9d9d9d9d9d9d9d9
        37  ................  fefefefefefefefefefefefefefefefe
        31  ................  cacacacacacacacacacacacacacacaca
# epoch 8400  H=7.9721 C=7.8852 HO=0.0748  A(t)=247
       321  >>>>>>>>>>>>>>>>  3e3e3e3e3e3e3e3e3e3e3e3e3e3e3e3e
        76  ,,,,,,,,,,,,,,,,  2c2c2c2c2c2c2c2c2c2c2c2c2c2c2c2c
        59  ................  dddddddddddddddddddddddddddddddd
        56  ................  ecececececececececececececececec
        44  $$$$$$$$$$$$$$$$  24242424242424242424242424242424
        35  ................  fefefefefefefefefefefefefefefefe
        35  <<<<<<<<<<<<<<<<  3c3c3c3c3c3c3c3c3c3c3c3c3c3c3c3c
        31  ................  cacacacacacacacacacacacacacacaca
        28  ................  f8f8f8f8f8f8f8f8f8f8f8f8f8f8f8f8
        26  ................  a6a6a6a6a6a6a6a6a6a6a6a6a6a6a6a6
# epoch 8450  H=7.9717 C=7.8829 HO=0.0771  A(t)=247
       379  >>>>>>>>>>>>>>>>  3e3e3e3e3e3e3e3e3e3e3e3e3e3e3e3e
        73  ,,,,,,,,,,,,,,,,  2c2c2c2c2c2c2c2c2c2c2c2c2c2c2c2c
        54  ................  ecececececececececececececececec
        48  ................  e7e7e7e7e7e7e7e7e7e7e7e7e7e7e7e7
        47  ................  dddddddddddddddddddddddddddddddd
        41  [[[[[[[[[[[[[[[[  5b5b5b5b5b5b5b5b5b5b5b5b5b5b5b5b
        33  ................  85858585858585858585858585858585
        31  ................  cacacacacacacacacacacacacacacaca
        29  $$$$$$$$$$$$$$$$  24242424242424242424242424242424
        28  ................  fefefefefefefefefefefefefefefefe
# epoch 8500  H=7.9707 C=7.8778 HO=0.0820  A(t)=249
       418  >>>>>>>>>>>>>>>>  3e3e3e3e3e3e3e3e3e3e3e3e3e3e3e3e
       107  ,,,,,,,,,,,,,,,,  2c2c2c2c2c2c2c2c2c2c2c2c2c2c2c2c
        79  <<<<<<<<<<<<<<<<  3c3c3c3c3c3c3c3c3c3c3c3c3c3c3c3c
        49  ................  06060606060606060606060606060606
        41  [[[[[[[[[[[[[[[[  5b5b5b5b5b5b5b5b5b5b5b5b5b5b5b5b
        38  ................  ecececececececececececececececec
        36  ================  3d3d3d3d3d3d3d3d3d3d3d3d3d3d3d3d
        32  ................  dddddddddddddddddddddddddddddddd
        32  ]]]]]]]]]]]]]]]]  5d5d5d5d5d5d5d5d5d5d5d5d5d5d5d5d
        31  ................  e7e7e7e7e7e7e7e7e7e7e7e7e7e7e7e7
# epoch 8550  H=7.9703 C=7.8731 HO=0.0845  A(t)=249
       461  >>>>>>>>>>>>>>>>  3e3e3e3e3e3e3e3e3e3e3e3e3e3e3e3e
       125  <<<<<<<<<<<<<<<<  3c3c3c3c3c3c3c3c3c3c3c3c3c3c3c3c
        98  ||||||||||||||||  7c7c7c7c7c7c7c7c7c7c7c7c7c7c7c7c
        68  NNNNNNNNNNNNNNNN  4e4e4e4e4e4e4e4e4e4e4e4e4e4e4e4e
        68  ,,,,,,,,,,,,,,,,  2c2c2c2c2c2c2c2c2c2c2c2c2c2c2c2c
        54  ................  0e0e0e0e0e0e0e0e0e0e0e0e0e0e0e0e
        42  ................  06060606060606060606060606060606
        41  [[[[[[[[[[[[[[[[  5b5b5b5b5b5b5b5b5b5b5b5b5b5b5b5b
        38  ................  ecececececececececececececececec
        34  ================  3d3d3d3d3d3d3d3d3d3d3d3d3d3d3d3d
# epoch 8600  H=7.9698 C=7.8754 HO=0.0817  A(t)=249
       425  >>>>>>>>>>>>>>>>  3e3e3e3e3e3e3e3e3e3e3e3e3e3e3e3e
       108  <<<<<<<<<<<<<<<<  3c3c3c3c3c3c3c3c3c3c3c3c3c3c3c3c
        89  ,,,,,,,,,,,,,,,,  2c2c2c2c2c2c2c2c2c2c2c2c2c2c2c2c
        85  ||||||||||||||||  7c7c7c7c7c7c7c7c7c7c7c7c7c7c7c7c
        53  ................  0e0e0e0e0e0e0e0e0e0e0e0e0e0e0e0e
        49  NNNNNNNNNNNNNNNN  4e4e4e4e4e4e4e4e4e4e4e4e4e4e4e4e
        28  ................  ffffffffffffffffffffffffffffffff
        25  ................  ecececececececececececececececec
        25  ................  06060606060606060606060606060606
        24  ................  dddddddddddddddddddddddddddddddd
# epoch 8650  H=7.9695 C=7.8735 HO=0.0835  A(t)=249
       380  >>>>>>>>>>>>>>>>  3e3e3e3e3e3e3e3e3e3e3e3e3e3e3e3e
       110  <<<<<<<<<<<<<<<<  3c3c3c3c3c3c3c3c3c3c3c3c3c3c3c3c
        98  ,,,,,,,,,,,,,,,,  2c2c2c2c2c2c2c2c2c2c2c2c2c2c2c2c
        57  ||||||||||||||||  7c7c7c7c7c7c7c7c7c7c7c7c7c7c7c7c
        53  ................  0e0e0e0e0e0e0e0e0e0e0e0e0e0e0e0e
        48  OOOOOOOOOOOOOOOO  4f4f4f4f4f4f4f4f4f4f4f4f4f4f4f4f
        46  ................  12121212121212121212121212121212
        42  ................  85858585858585858585858585858585
        38  NNNNNNNNNNNNNNNN  4e4e4e4e4e4e4e4e4e4e4e4e4e4e4e4e
        27  }}}}}}}}}}}}}}}}  7d7d7d7d7d7d7d7d7d7d7d7d7d7d7d7d
# epoch 8700  H=7.9699 C=7.8741 HO=0.0834  A(t)=250
       292  >>>>>>>>>>>>>>>>  3e3e3e3e3e3e3e3e3e3e3e3e3e3e3e3e
       107  <<<<<<<<<<<<<<<<  3c3c3c3c3c3c3c3c3c3c3c3c3c3c3c3c
        99  ,,,,,,,,,,,,,,,,  2c2c2c2c2c2c2c2c2c2c2c2c2c2c2c2c
        51  ................  e7e7e7e7e7e7e7e7e7e7e7e7e7e7e7e7
        49  OOOOOOOOOOOOOOOO  4f4f4f4f4f4f4f4f4f4f4f4f4f4f4f4f
        48  ................  1c1c1c1c1c1c1c1c1c1c1c1c1c1c1c1c
        41  ................  0e0e0e0e0e0e0e0e0e0e0e0e0e0e0e0e
        40  ................  12121212121212121212121212121212
        38  NNNNNNNNNNNNNNNN  4e4e4e4e4e4e4e4e4e4e4e4e4e4e4e4e
        32  ||||||||||||||||  7c7c7c7c7c7c7c7c7c7c7c7c7c7c7c7c
# epoch 8750  H=7.9703 C=7.8776 HO=0.0804  A(t)=251
       273  >>>>>>>>>>>>>>>>  3e3e3e3e3e3e3e3e3e3e3e3e3e3e3e3e
       122  ,,,,,,,,,,,,,,,,  2c2c2c2c2c2c2c2c2c2c2c2c2c2c2c2c
        96  <<<<<<<<<<<<<<<<  3c3c3c3c3c3c3c3c3c3c3c3c3c3c3c3c
        51  ................  e7e7e7e7e7e7e7e7e7e7e7e7e7e7e7e7
        48  ................  1c1c1c1c1c1c1c1c1c1c1c1c1c1c1c1c
        47  RRRRRRRRRRRRRRRR  52525252525252525252525252525252
        40  ................  12121212121212121212121212121212
        38  NNNNNNNNNNNNNNNN  4e4e4e4e4e4e4e4e4e4e4e4e4e4e4e4e
        32  ||||||||||||||||  7c7c7c7c7c7c7c7c7c7c7c7c7c7c7c7c
        32  OOOOOOOOOOOOOOOO  4f4f4f4f4f4f4f4f4f4f4f4f4f4f4f4f
# epoch 8800  H=7.9698 C=7.8770 HO=0.0781  A(t)=252
       223  >>>>>>>>>>>>>>>>  3e3e3e3e3e3e3e3e3e3e3e3e3e3e3e3e
       157  ,,,,,,,,,,,,,,,,  2c2c2c2c2c2c2c2c2c2c2c2c2c2c2c2c
        49  ................  c0c0c0c0c0c0c0c0c0c0c0c0c0c0c0c0
        48  ................  1c1c1c1c1c1c1c1c1c1c1c1c1c1c1c1c
        47  PPPPPPPPPPPPPPPP  50505050505050505050505050505050
        45  <<<<<<<<<<<<<<<<  3c3c3c3c3c3c3c3c3c3c3c3c3c3c3c3c
        43  ................  01010101010101010101010101010101
        42  RRRRRRRRRRRRRRRR  52525252525252525252525252525252
        40  ................  12121212121212121212121212121212
        33  OOOOOOOOOOOOOOOO  4f4f4f4f4f4f4f4f4f4f4f4f4f4f4f4f
# epoch 8850  H=7.9697 C=7.8767 HO=0.0796  A(t)=252
       218  >>>>>>>>>>>>>>>>  3e3e3e3e3e3e3e3e3e3e3e3e3e3e3e3e
       147  ,,,,,,,,,,,,,,,,  2c2c2c2c2c2c2c2c2c2c2c2c2c2c2c2c
        66  <<<<<<<<<<<<<<<<  3c3c3c3c3c3c3c3c3c3c3c3c3c3c3c3c
        48  ................  1c1c1c1c1c1c1c1c1c1c1c1c1c1c1c1c
        47  TTTTTTTTTTTTTTTT  54545454545454545454545454545454
        42  RRRRRRRRRRRRRRRR  52525252525252525252525252525252
        41  ................  b4b4b4b4b4b4b4b4b4b4b4b4b4b4b4b4
        32  ||||||||||||||||  7c7c7c7c7c7c7c7c7c7c7c7c7c7c7c7c
        31  ................  c0c0c0c0c0c0c0c0c0c0c0c0c0c0c0c0
        30  PPPPPPPPPPPPPPPP  50505050505050505050505050505050
# epoch 8900  H=7.9702 C=7.8799 HO=0.0766  A(t)=252
       186  >>>>>>>>>>>>>>>>  3e3e3e3e3e3e3e3e3e3e3e3e3e3e3e3e
       109  ,,,,,,,,,,,,,,,,  2c2c2c2c2c2c2c2c2c2c2c2c2c2c2c2c
        59  <<<<<<<<<<<<<<<<  3c3c3c3c3c3c3c3c3c3c3c3c3c3c3c3c
        48  ................  1c1c1c1c1c1c1c1c1c1c1c1c1c1c1c1c
        41  ................  b4b4b4b4b4b4b4b4b4b4b4b4b4b4b4b4
        41  ^^^^^^^^^^^^^^^^  5e5e5e5e5e5e5e5e5e5e5e5e5e5e5e5e
        36  ................  b9b9b9b9b9b9b9b9b9b9b9b9b9b9b9b9
        32  ||||||||||||||||  7c7c7c7c7c7c7c7c7c7c7c7c7c7c7c7c
        30  PPPPPPPPPPPPPPPP  50505050505050505050505050505050
        29  ................  e6e6e6e6e6e6e6e6e6e6e6e6e6e6e6e6
# epoch 8950  H=7.9706 C=7.8829 HO=0.0753  A(t)=254
       211  >>>>>>>>>>>>>>>>  3e3e3e3e3e3e3e3e3e3e3e3e3e3e3e3e
        96  ,,,,,,,,,,,,,,,,  2c2c2c2c2c2c2c2c2c2c2c2c2c2c2c2c
        62  [[[[[[[[[[[[[[[[  5b5b5b5b5b5b5b5b5b5b5b5b5b5b5b5b
        52  ................  ffffffffffffffffffffffffffffffff
        32  ||||||||||||||||  7c7c7c7c7c7c7c7c7c7c7c7c7c7c7c7c
        31  ................  1c1c1c1c1c1c1c1c1c1c1c1c1c1c1c1c
        30  PPPPPPPPPPPPPPPP  50505050505050505050505050505050
        27  ................  bebebebebebebebebebebebebebebebe
        25  ................  b4b4b4b4b4b4b4b4b4b4b4b4b4b4b4b4
        24  <<<<<<<<<<<<<<<<  3c3c3c3c3c3c3c3c3c3c3c3c3c3c3c3c
# epoch 9000  H=7.9706 C=7.8838 HO=0.0707  A(t)=254
       202  >>>>>>>>>>>>>>>>  3e3e3e3e3e3e3e3e3e3e3e3e3e3e3e3e
        67  ,,,,,,,,,,,,,,,,  2c2c2c2c2c2c2c2c2c2c2c2c2c2c2c2c
        60  [[[[[[[[[[[[[[[[  5b5b5b5b5b5b5b5b5b5b5b5b5b5b5b5b
        48  ................  d3d3d3d3d3d3d3d3d3d3d3d3d3d3d3d3
        41  5555555555555555  35353535353535353535353535353535
        39  <<<<<<<<<<<<<<<<  3c3c3c3c3c3c3c3c3c3c3c3c3c3c3c3c
        36  ................  ffffffffffffffffffffffffffffffff
        32  ||||||||||||||||  7c7c7c7c7c7c7c7c7c7c7c7c7c7c7c7c
        31  ................  1c1c1c1c1c1c1c1c1c1c1c1c1c1c1c1c
        30  PPPPPPPPPPPPPPPP  50505050505050505050505050505050
# epoch 9050  H=7.9711 C=7.8862 HO=0.0719  A(t)=254
       177  >>>>>>>>>>>>>>>>  3e3e3e3e3e3e3e3e3e3e3e3e3e3e3e3e
        63  ,,,,,,,,,,,,,,,,  2c2c2c2c2c2c2c2c2c2c2c2c2c2c2c2c
        49  ................  cdcdcdcdcdcdcdcdcdcdcdcdcdcdcdcd
        48  ................  d3d3d3d3d3d3d3d3d3d3d3d3d3d3d3d3
        46  [[[[[[[[[[[[[[[[  5b5b5b5b5b5b5b5b5b5b5b5b5b5b5b5b
        44  <<<<<<<<<<<<<<<<  3c3c3c3c3c3c3c3c3c3c3c3c3c3c3c3c
        31  ................  1c1c1c1c1c1c1c1c1c1c1c1c1c1c1c1c
        29  PPPPPPPPPPPPPPPP  50505050505050505050505050505050
        29  !!!!!!!!!!!!!!!!  21212121212121212121212121212121
        28  ................  ffffffffffffffffffffffffffffffff
# epoch 9100  H=7.9715 C=7.8875 HO=0.0696  A(t)=254
       152  >>>>>>>>>>>>>>>>  3e3e3e3e3e3e3e3e3e3e3e3e3e3e3e3e
       108  ................  ffffffffffffffffffffffffffffffff
        74  PPPPPPPPPPPPPPPP  50505050505050505050505050505050
        49  ................  cdcdcdcdcdcdcdcdcdcdcdcdcdcdcdcd
        46  ,,,,,,,,,,,,,,,,  2c2c2c2c2c2c2c2c2c2c2c2c2c2c2c2c
        40  ................  0b0b0b0b0b0b0b0b0b0b0b0b0b0b0b0b
        38  }}}}}}}}}}}}}}}}  7d7d7d7d7d7d7d7d7d7d7d7d7d7d7d7d
        37  ................  d3d3d3d3d3d3d3d3d3d3d3d3d3d3d3d3
        32  [[[[[[[[[[[[[[[[  5b5b5b5b5b5b5b5b5b5b5b5b5b5b5b5b
        31  ................  1c1c1c1c1c1c1c1c1c1c1c1c1c1c1c1c
# epoch 9150  H=7.9716 C=7.8889 HO=0.0705  A(t)=254
       155  >>>>>>>>>>>>>>>>  3e3e3e3e3e3e3e3e3e3e3e3e3e3e3e3e
       139  ................  ffffffffffffffffffffffffffffffff
        85  ,,,,,,,,,,,,,,,,  2c2c2c2c2c2c2c2c2c2c2c2c2c2c2c2c
        74  PPPPPPPPPPPPPPPP  50505050505050505050505050505050
        46  ................  dadadadadadadadadadadadadadadada
        37  ................  d3d3d3d3d3d3d3d3d3d3d3d3d3d3d3d3
        33  ................  cdcdcdcdcdcdcdcdcdcdcdcdcdcdcdcd
        33  }}}}}}}}}}}}}}}}  7d7d7d7d7d7d7d7d7d7d7d7d7d7d7d7d
        31  ................  1c1c1c1c1c1c1c1c1c1c1c1c1c1c1c1c
        24  ................  0b0b0b0b0b0b0b0b0b0b0b0b0b0b0b0b
# epoch 9200  H=7.9715 C=7.8864 HO=0.0744  A(t)=254
       149  >>>>>>>>>>>>>>>>  3e3e3e3e3e3e3e3e3e3e3e3e3e3e3e3e
       139  ................  ffffffffffffffffffffffffffffffff
        71  ,,,,,,,,,,,,,,,,  2c2c2c2c2c2c2c2c2c2c2c2c2c2c2c2c
        63  <<<<<<<<<<<<<<<<  3c3c3c3c3c3c3c3c3c3c3c3c3c3c3c3c
        50  ^^^^^^^^^^^^^^^^  5e5e5e5e5e5e5e5e5e5e5e5e5e5e5e5e
        49  PPPPPPPPPPPPPPPP  50505050505050505050505050505050
        48  ................  8c8c8c8c8c8c8c8c8c8c8c8c8c8c8c8c
        46  ................  e3e3e3e3e3e3e3e3e3e3e3e3e3e3e3e3
        39  ................  dadadadadadadadadadadadadadadada
        35  ................  d3d3d3d3d3d3d3d3d3d3d3d3d3d3d3d3
# epoch 9250  H=7.9712 C=7.8868 HO=0.0736  A(t)=254
       246  >>>>>>>>>>>>>>>>  3e3e3e3e3e3e3e3e3e3e3e3e3e3e3e3e
        94  ................  ffffffffffffffffffffffffffffffff
        87  ................  97979797979797979797979797979797
        76  <<<<<<<<<<<<<<<<  3c3c3c3c3c3c3c3c3c3c3c3c3c3c3c3c
        50  ^^^^^^^^^^^^^^^^  5e5e5e5e5e5e5e5e5e5e5e5e5e5e5e5e
        48  ................  8c8c8c8c8c8c8c8c8c8c8c8c8c8c8c8c
        46  ................  e3e3e3e3e3e3e3e3e3e3e3e3e3e3e3e3
        43  ,,,,,,,,,,,,,,,,  2c2c2c2c2c2c2c2c2c2c2c2c2c2c2c2c
        39  ................  dadadadadadadadadadadadadadadada
        35  ................  d3d3d3d3d3d3d3d3d3d3d3d3d3d3d3d3
# epoch 9300  H=7.9709 C=7.8821 HO=0.0786  A(t)=254
       264  >>>>>>>>>>>>>>>>  3e3e3e3e3e3e3e3e3e3e3e3e3e3e3e3e
       109  ................  9f9f9f9f9f9f9f9f9f9f9f9f9f9f9f9f
        95  ,,,,,,,,,,,,,,,,  2c2c2c2c2c2c2c2c2c2c2c2c2c2c2c2c
        89  PPPPPPPPPPPPPPPP  50505050505050505050505050505050
        87  ................  97979797979797979797979797979797
        85  ................  ffffffffffffffffffffffffffffffff
        84  <<<<<<<<<<<<<<<<  3c3c3c3c3c3c3c3c3c3c3c3c3c3c3c3c
        52  \\\\\\\\\\\\\\\\  5c5c5c5c5c5c5c5c5c5c5c5c5c5c5c5c
        50  ^^^^^^^^^^^^^^^^  5e5e5e5e5e5e5e5e5e5e5e5e5e5e5e5e
        46  ................  e3e3e3e3e3e3e3e3e3e3e3e3e3e3e3e3
# epoch 9350  H=7.9710 C=7.8798 HO=0.0813  A(t)=254
       259  >>>>>>>>>>>>>>>>  3e3e3e3e3e3e3e3e3e3e3e3e3e3e3e3e
        90  ................  9f9f9f9f9f9f9f9f9f9f9f9f9f9f9f9f
        87  PPPPPPPPPPPPPPPP  50505050505050505050505050505050
        84  ................  ffffffffffffffffffffffffffffffff
        80  ,,,,,,,,,,,,,,,,  2c2c2c2c2c2c2c2c2c2c2c2c2c2c2c2c
        74  [[[[[[[[[[[[[[[[  5b5b5b5b5b5b5b5b5b5b5b5b5b5b5b5b
        55  <<<<<<<<<<<<<<<<  3c3c3c3c3c3c3c3c3c3c3c3c3c3c3c3c
        52  \\\\\\\\\\\\\\\\  5c5c5c5c5c5c5c5c5c5c5c5c5c5c5c5c
        50  ^^^^^^^^^^^^^^^^  5e5e5e5e5e5e5e5e5e5e5e5e5e5e5e5e
        49  ................  97979797979797979797979797979797
# epoch 9400  H=7.9710 C=7.8789 HO=0.0807  A(t)=254
       267  >>>>>>>>>>>>>>>>  3e3e3e3e3e3e3e3e3e3e3e3e3e3e3e3e
       129  ................  9f9f9f9f9f9f9f9f9f9f9f9f9f9f9f9f
        97  <<<<<<<<<<<<<<<<  3c3c3c3c3c3c3c3c3c3c3c3c3c3c3c3c
        76  ................  ffffffffffffffffffffffffffffffff
        69  ,,,,,,,,,,,,,,,,  2c2c2c2c2c2c2c2c2c2c2c2c2c2c2c2c
        67  PPPPPPPPPPPPPPPP  50505050505050505050505050505050
        66  [[[[[[[[[[[[[[[[  5b5b5b5b5b5b5b5b5b5b5b5b5b5b5b5b
        51  \\\\\\\\\\\\\\\\  5c5c5c5c5c5c5c5c5c5c5c5c5c5c5c5c
        49  ................  dcdcdcdcdcdcdcdcdcdcdcdcdcdcdcdc
        47  ................  97979797979797979797979797979797
# epoch 9450  H=7.9714 C=7.8811 HO=0.0798  A(t)=254
       241  >>>>>>>>>>>>>>>>  3e3e3e3e3e3e3e3e3e3e3e3e3e3e3e3e
       103  ................  9f9f9f9f9f9f9f9f9f9f9f9f9f9f9f9f
       103  <<<<<<<<<<<<<<<<  3c3c3c3c3c3c3c3c3c3c3c3c3c3c3c3c
        85  ,,,,,,,,,,,,,,,,  2c2c2c2c2c2c2c2c2c2c2c2c2c2c2c2c
        66  ................  ffffffffffffffffffffffffffffffff
        65  PPPPPPPPPPPPPPPP  50505050505050505050505050505050
        59  [[[[[[[[[[[[[[[[  5b5b5b5b5b5b5b5b5b5b5b5b5b5b5b5b
        51  \\\\\\\\\\\\\\\\  5c5c5c5c5c5c5c5c5c5c5c5c5c5c5c5c
        49  ................  dcdcdcdcdcdcdcdcdcdcdcdcdcdcdcdc
        42  ^^^^^^^^^^^^^^^^  5e5e5e5e5e5e5e5e5e5e5e5e5e5e5e5e
# epoch 9500  H=7.9711 C=7.8790 HO=0.0774  A(t)=254
       255  >>>>>>>>>>>>>>>>  3e3e3e3e3e3e3e3e3e3e3e3e3e3e3e3e
        98  <<<<<<<<<<<<<<<<  3c3c3c3c3c3c3c3c3c3c3c3c3c3c3c3c
        75  ................  9f9f9f9f9f9f9f9f9f9f9f9f9f9f9f9f
        63  ................  ffffffffffffffffffffffffffffffff
        55  ................  8c8c8c8c8c8c8c8c8c8c8c8c8c8c8c8c
        54  PPPPPPPPPPPPPPPP  50505050505050505050505050505050
        54  ----------------  2d2d2d2d2d2d2d2d2d2d2d2d2d2d2d2d
        49  ................  dcdcdcdcdcdcdcdcdcdcdcdcdcdcdcdc
        49  \\\\\\\\\\\\\\\\  5c5c5c5c5c5c5c5c5c5c5c5c5c5c5c5c
        45  ,,,,,,,,,,,,,,,,  2c2c2c2c2c2c2c2c2c2c2c2c2c2c2c2c
# epoch 9550  H=7.9708 C=7.8782 HO=0.0833  A(t)=255
       327  >>>>>>>>>>>>>>>>  3e3e3e3e3e3e3e3e3e3e3e3e3e3e3e3e
       127  ^^^^^^^^^^^^^^^^  5e5e5e5e5e5e5e5e5e5e5e5e5e5e5e5e
        89  <<<<<<<<<<<<<<<<  3c3c3c3c3c3c3c3c3c3c3c3c3c3c3c3c
        66  ................  9f9f9f9f9f9f9f9f9f9f9f9f9f9f9f9f
        64  ,,,,,,,,,,,,,,,,  2c2c2c2c2c2c2c2c2c2c2c2c2c2c2c2c
        61  ................  ffffffffffffffffffffffffffffffff
        54  ----------------  2d2d2d2d2d2d2d2d2d2d2d2d2d2d2d2d
        49  ................  8c8c8c8c8c8c8c8c8c8c8c8c8c8c8c8c
        43  ................  95959595959595959595959595959595
        40  ................  dcdcdcdcdcdcdcdcdcdcdcdcdcdcdcdc
# epoch 9600  H=7.9705 C=7.8774 HO=0.0777  A(t)=255
       357  >>>>>>>>>>>>>>>>  3e3e3e3e3e3e3e3e3e3e3e3e3e3e3e3e
       129  [[[[[[[[[[[[[[[[  5b5b5b5b5b5b5b5b5b5b5b5b5b5b5b5b
        97  ^^^^^^^^^^^^^^^^  5e5e5e5e5e5e5e5e5e5e5e5e5e5e5e5e
        69  ,,,,,,,,,,,,,,,,  2c2c2c2c2c2c2c2c2c2c2c2c2c2c2c2c
        54  <<<<<<<<<<<<<<<<  3c3c3c3c3c3c3c3c3c3c3c3c3c3c3c3c
        53  ................  9f9f9f9f9f9f9f9f9f9f9f9f9f9f9f9f
        51  ................  ffffffffffffffffffffffffffffffff
        44  ................  8c8c8c8c8c8c8c8c8c8c8c8c8c8c8c8c
        43  ----------------  2d2d2d2d2d2d2d2d2d2d2d2d2d2d2d2d
        41  ................  98989898989898989898989898989898
# epoch 9650  H=7.9705 C=7.8738 HO=0.0815  A(t)=255
       433  >>>>>>>>>>>>>>>>  3e3e3e3e3e3e3e3e3e3e3e3e3e3e3e3e
       146  ................  18181818181818181818181818181818
        86  [[[[[[[[[[[[[[[[  5b5b5b5b5b5b5b5b5b5b5b5b5b5b5b5b
        69  ^^^^^^^^^^^^^^^^  5e5e5e5e5e5e5e5e5e5e5e5e5e5e5e5e
        69  ,,,,,,,,,,,,,,,,  2c2c2c2c2c2c2c2c2c2c2c2c2c2c2c2c
        49  ................  9f9f9f9f9f9f9f9f9f9f9f9f9f9f9f9f
        48  ................  b7b7b7b7b7b7b7b7b7b7b7b7b7b7b7b7
        48  ................  b0b0b0b0b0b0b0b0b0b0b0b0b0b0b0b0
        48  @@@@@@@@@@@@@@@@  40404040404040404040404040404040
        48  <<<<<<<<<<<<<<<<  3c3c3c3c3c3c3c3c3c3c3c3c3c3c3c3c
# epoch 9700  H=7.9707 C=7.8749 HO=0.0795  A(t)=255
       375  >>>>>>>>>>>>>>>>  3e3e3e3e3e3e3e3e3e3e3e3e3e3e3e3e
       111  ................  18181818181818181818181818181818
        71  [[[[[[[[[[[[[[[[  5b5b5b5b5b5b5b5b5b5b5b5b5b5b5b5b
        69  ,,,,,,,,,,,,,,,,  2c2c2c2c2c2c2c2c2c2c2c2c2c2c2c2c
        69  ((((((((((((((((  28282828282828282828282828282828
        58  ^^^^^^^^^^^^^^^^  5e5e5e5e5e5e5e5e5e5e5e5e5e5e5e5e
        48  ................  b7b7b7b7b7b7b7b7b7b7b7b7b7b7b7b7
        48  ................  b0b0b0b0b0b0b0b0b0b0b0b0b0b0b0b0
        48  ZZZZZZZZZZZZZZZZ  5a5a5a5a5a5a5a5a5a5a5a5a5a5a5a5a
        46  ................  9f9f9f9f9f9f9f9f9f9f9f9f9f9f9f9f
# epoch 9750  H=7.9705 C=7.8781 HO=0.0789  A(t)=255
       376  >>>>>>>>>>>>>>>>  3e3e3e3e3e3e3e3e3e3e3e3e3e3e3e3e
       139  ,,,,,,,,,,,,,,,,  2c2c2c2c2c2c2c2c2c2c2c2c2c2c2c2c
       111  ................  18181818181818181818181818181818
        59  [[[[[[[[[[[[[[[[  5b5b5b5b5b5b5b5b5b5b5b5b5b5b5b5b
        54  ^^^^^^^^^^^^^^^^  5e5e5e5e5e5e5e5e5e5e5e5e5e5e5e5e
        50  ((((((((((((((((  28282828282828282828282828282828
        48  ZZZZZZZZZZZZZZZZ  5a5a5a5a5a5a5a5a5a5a5a5a5a5a5a5a
        46  ................  9f9f9f9f9f9f9f9f9f9f9f9f9f9f9f9f
        41  ................  98989898989898989898989898989898
        34  ................  ffffffffffffffffffffffffffffffff
# epoch 9800  H=7.9704 C=7.8754 HO=0.0810  A(t)=255
       368  >>>>>>>>>>>>>>>>  3e3e3e3e3e3e3e3e3e3e3e3e3e3e3e3e
       134  ,,,,,,,,,,,,,,,,  2c2c2c2c2c2c2c2c2c2c2c2c2c2c2c2c
       102  ................  15151515151515151515151515151515
        94  2222222222222222  32323232323232323232323232323232
        94  ................  18181818181818181818181818181818
        73  ................  b7b7b7b7b7b7b7b7b7b7b7b7b7b7b7b7
        59  [[[[[[[[[[[[[[[[  5b5b5b5b5b5b5b5b5b5b5b5b5b5b5b5b
        50  ((((((((((((((((  28282828282828282828282828282828
        48  ................  bdbdbdbdbdbdbdbdbdbdbdbdbdbdbdbd
        48  ^^^^^^^^^^^^^^^^  5e5e5e5e5e5e5e5e5e5e5e5e5e5e5e5e
# epoch 9850  H=7.9704 C=7.8771 HO=0.0792  A(t)=255
       357  >>>>>>>>>>>>>>>>  3e3e3e3e3e3e3e3e3e3e3e3e3e3e3e3e
       164  ,,,,,,,,,,,,,,,,  2c2c2c2c2c2c2c2c2c2c2c2c2c2c2c2c
        83  ................  18181818181818181818181818181818
        76  ................  15151515151515151515151515151515
        67  ................  b7b7b7b7b7b7b7b7b7b7b7b7b7b7b7b7
        53  2222222222222222  32323232323232323232323232323232
        50  ((((((((((((((((  28282828282828282828282828282828
        48  ^^^^^^^^^^^^^^^^  5e5e5e5e5e5e5e5e5e5e5e5e5e5e5e5e
        47  ................  bdbdbdbdbdbdbdbdbdbdbdbdbdbdbdbd
        47  ZZZZZZZZZZZZZZZZ  5a5a5a5a5a5a5a5a5a5a5a5a5a5a5a5a
# epoch 9900  H=7.9705 C=7.8781 HO=0.0781  A(t)=256
       356  >>>>>>>>>>>>>>>>  3e3e3e3e3e3e3e3e3e3e3e3e3e3e3e3e
       120  ,,,,,,,,,,,,,,,,  2c2c2c2c2c2c2c2c2c2c2c2c2c2c2c2c
        82  ................  18181818181818181818181818181818
        58  ................  15151515151515151515151515151515
        52  ................  b7b7b7b7b7b7b7b7b7b7b7b7b7b7b7b7
        50  ((((((((((((((((  28282828282828282828282828282828
        49  7777777777777777  37373737373737373737373737373737
        48  ^^^^^^^^^^^^^^^^  5e5e5e5e5e5e5e5e5e5e5e5e5e5e5e5e
        48  2222222222222222  32323232323232323232323232323232
        47  ................  bdbdbdbdbdbdbdbdbdbdbdbdbdbdbdbd
# epoch 9950  H=7.9699 C=7.8779 HO=0.0771  A(t)=256
       330  >>>>>>>>>>>>>>>>  3e3e3e3e3e3e3e3e3e3e3e3e3e3e3e3e
       162  [[[[[[[[[[[[[[[[  5b5b5b5b5b5b5b5b5b5b5b5b5b5b5b5b
       145  ,,,,,,,,,,,,,,,,  2c2c2c2c2c2c2c2c2c2c2c2c2c2c2c2c
        55  ................  18181818181818181818181818181818
        48  2222222222222222  32323232323232323232323232323232
        47  7777777777777777  37373737373737373737373737373737
        46  ................  fbfbfbfbfbfbfbfbfbfbfbfbfbfbfbfb
        38  ................  9b9b9b9b9b9b9b9b9b9b9b9b9b9b9b9b
        37  ................  9f9f9f9f9f9f9f9f9f9f9f9f9f9f9f9f
        36  ................  b7b7b7b7b7b7b7b7b7b7b7b7b7b7b7b7
# epoch 10000  H=7.9703 C=7.8783 HO=0.0790  A(t)=257
       297  >>>>>>>>>>>>>>>>  3e3e3e3e3e3e3e3e3e3e3e3e3e3e3e3e
       160  [[[[[[[[[[[[[[[[  5b5b5b5b5b5b5b5b5b5b5b5b5b5b5b5b
       137  ,,,,,,,,,,,,,,,,  2c2c2c2c2c2c2c2c2c2c2c2c2c2c2c2c
        73  ffffffffffffffff  66666666666666666666666666666666
        54  ................  18181818181818181818181818181818
        47  ................  c7c7c7c7c7c7c7c7c7c7c7c7c7c7c7c7
        38  ................  9b9b9b9b9b9b9b9b9b9b9b9b9b9b9b9b
        38  2222222222222222  32323232323232323232323232323232
        33  ................  b7b7b7b7b7b7b7b7b7b7b7b7b7b7b7b7
        32  ^^^^^^^^^^^^^^^^  5e5e5e5e5e5e5e5e5e5e5e5e5e5e5e5e
# epoch 10050  H=7.9699 C=7.8750 HO=0.0800  A(t)=257
       265  >>>>>>>>>>>>>>>>  3e3e3e3e3e3e3e3e3e3e3e3e3e3e3e3e
       212  [[[[[[[[[[[[[[[[  5b5b5b5b5b5b5b5b5b5b5b5b5b5b5b5b
       168  ,,,,,,,,,,,,,,,,  2c2c2c2c2c2c2c2c2c2c2c2c2c2c2c2c
        64  ffffffffffffffff  66666666666666666666666666666666
        49  {{{{{{{{{{{{{{{{  7b7b7b7b7b7b7b7b7b7b7b7b7b7b7b7b
        47  ................  c7c7c7c7c7c7c7c7c7c7c7c7c7c7c7c7
        45  ================  3d3d3d3d3d3d3d3d3d3d3d3d3d3d3d3d
        41  ................  18181818181818181818181818181818
        38  2222222222222222  32323232323232323232323232323232
        32  7777777777777777  37373737373737373737373737373737
# epoch 10100  H=7.9697 C=7.8772 HO=0.0801  A(t)=258
       241  >>>>>>>>>>>>>>>>  3e3e3e3e3e3e3e3e3e3e3e3e3e3e3e3e
       158  [[[[[[[[[[[[[[[[  5b5b5b5b5b5b5b5b5b5b5b5b5b5b5b5b
       153  ,,,,,,,,,,,,,,,,  2c2c2c2c2c2c2c2c2c2c2c2c2c2c2c2c
        93  ================  3d3d3d3d3d3d3d3d3d3d3d3d3d3d3d3d
        49  ffffffffffffffff  66666666666666666666666666666666
        41  ................  e4e4e4e4e4e4e4e4e4e4e4e4e4e4e4e4
        38  }}}}}}}}}}}}}}}}  7d7d7d7d7d7d7d7d7d7d7d7d7d7d7d7d
        37  ................  18181818181818181818181818181818
        31  ................  bdbdbdbdbdbdbdbdbdbdbdbdbdbdbdbd
        29  2222222222222222  32323232323232323232323232323232
# epoch 10150  H=7.9700 C=7.8774 HO=0.0838  A(t)=258
       272  >>>>>>>>>>>>>>>>  3e3e3e3e3e3e3e3e3e3e3e3e3e3e3e3e
       182  [[[[[[[[[[[[[[[[  5b5b5b5b5b5b5b5b5b5b5b5b5b5b5b5b
       114  ,,,,,,,,,,,,,,,,  2c2c2c2c2c2c2c2c2c2c2c2c2c2c2c2c
        78  ================  3d3d3d3d3d3d3d3d3d3d3d3d3d3d3d3d
        69  cccccccccccccccc  63636363636363636363636363636363
        48  ................  b6b6b6b6b6b6b6b6b6b6b6b6b6b6b6b6
        46  ffffffffffffffff  66666666666666666666666666666666
        43  }}}}}}}}}}}}}}}}  7d7d7d7d7d7d7d7d7d7d7d7d7d7d7d7d
        36  ]]]]]]]]]]]]]]]]  5d5d5d5d5d5d5d5d5d5d5d5d5d5d5d5d
        35  ................  18181818181818181818181818181818
# epoch 10200  H=7.9699 C=7.8768 HO=0.0839  A(t)=258
       225  >>>>>>>>>>>>>>>>  3e3e3e3e3e3e3e3e3e3e3e3e3e3e3e3e
       192  ,,,,,,,,,,,,,,,,  2c2c2c2c2c2c2c2c2c2c2c2c2c2c2c2c
       149  [[[[[[[[[[[[[[[[  5b5b5b5b5b5b5b5b5b5b5b5b5b5b5b5b
        69  cccccccccccccccc  63636363636363636363636363636363
        59  ================  3d3d3d3d3d3d3d3d3d3d3d3d3d3d3d3d
        47  ................  b6b6b6b6b6b6b6b6b6b6b6b6b6b6b6b6
        45  ffffffffffffffff  66666666666666666666666666666666
        44  ................  dcdcdcdcdcdcdcdcdcdcdcdcdcdcdcdc
        37  }}}}}}}}}}}}}}}}  7d7d7d7d7d7d7d7d7d7d7d7d7d7d7d7d
        36  ]]]]]]]]]]]]]]]]  5d5d5d5d5d5d5d5d5d5d5d5d5d5d5d5d
# epoch 10250  H=7.9696 C=7.8750 HO=0.0849  A(t)=258
       235  >>>>>>>>>>>>>>>>  3e3e3e3e3e3e3e3e3e3e3e3e3e3e3e3e
       234  ,,,,,,,,,,,,,,,,  2c2c2c2c2c2c2c2c2c2c2c2c2c2c2c2c
       149  [[[[[[[[[[[[[[[[  5b5b5b5b5b5b5b5b5b5b5b5b5b5b5b5b
        72  ................  15151515151515151515151515151515
        65  cccccccccccccccc  63636363636363636363636363636363
        62  <<<<<<<<<<<<<<<<  3c3c3c3c3c3c3c3c3c3c3c3c3c3c3c3c
        59  ================  3d3d3d3d3d3d3d3d3d3d3d3d3d3d3d3d
        48  ````````````````  60606060606060606060606060606060
        36  ]]]]]]]]]]]]]]]]  5d5d5d5d5d5d5d5d5d5d5d5d5d5d5d5d
        33  ffffffffffffffff  66666666666666666666666666666666
# epoch 10300  H=7.9696 C=7.8759 HO=0.0836  A(t)=258
       234  ,,,,,,,,,,,,,,,,  2c2c2c2c2c2c2c2c2c2c2c2c2c2c2c2c
       181  >>>>>>>>>>>>>>>>  3e3e3e3e3e3e3e3e3e3e3e3e3e3e3e3e
       166  [[[[[[[[[[[[[[[[  5b5b5b5b5b5b5b5b5b5b5b5b5b5b5b5b
        72  ................  15151515151515151515151515151515
        71  ================  3d3d3d3d3d3d3d3d3d3d3d3d3d3d3d3d
        65  cccccccccccccccc  63636363636363636363636363636363
        62  <<<<<<<<<<<<<<<<  3c3c3c3c3c3c3c3c3c3c3c3c3c3c3c3c
        48  ````````````````  60606060606060606060606060606060
        38  ................  ffffffffffffffffffffffffffffffff
        36  ]]]]]]]]]]]]]]]]  5d5d5d5d5d5d5d5d5d5d5d5d5d5d5d5d
# epoch 10350  H=7.9695 C=7.8747 HO=0.0831  A(t)=258
       204  ,,,,,,,,,,,,,,,,  2c2c2c2c2c2c2c2c2c2c2c2c2c2c2c2c
       146  >>>>>>>>>>>>>>>>  3e3e3e3e3e3e3e3e3e3e3e3e3e3e3e3e
       144  [[[[[[[[[[[[[[[[  5b5b5b5b5b5b5b5b5b5b5b5b5b5b5b5b
        65  cccccccccccccccc  63636363636363636363636363636363
        65  ................  18181818181818181818181818181818
        65  ................  15151515151515151515151515151515
        62  ================  3d3d3d3d3d3d3d3d3d3d3d3d3d3d3d3d
        62  <<<<<<<<<<<<<<<<  3c3c3c3c3c3c3c3c3c3c3c3c3c3c3c3c
        51  \\\\\\\\\\\\\\\\  5c5c5c5c5c5c5c5c5c5c5c5c5c5c5c5c
        48  ````````````````  60606060606060606060606060606060
# epoch 10400  H=7.9694 C=7.8734 HO=0.0822  A(t)=258
       171  ,,,,,,,,,,,,,,,,  2c2c2c2c2c2c2c2c2c2c2c2c2c2c2c2c
       148  >>>>>>>>>>>>>>>>  3e3e3e3e3e3e3e3e3e3e3e3e3e3e3e3e
       112  [[[[[[[[[[[[[[[[  5b5b5b5b5b5b5b5b5b5b5b5b5b5b5b5b
       108  <<<<<<<<<<<<<<<<  3c3c3c3c3c3c3c3c3c3c3c3c3c3c3c3c
        65  cccccccccccccccc  63636363636363636363636363636363
        58  ================  3d3d3d3d3d3d3d3d3d3d3d3d3d3d3d3d
        49  ................  15151515151515151515151515151515
        48  ................  a4a4a4a4a4a4a4a4a4a4a4a4a4a4a4a4
        48  ................  06060606060606060606060606060606
        47  ````````````````  60606060606060606060606060606060
# epoch 10450  H=7.9693 C=7.8728 HO=0.0823  A(t)=259
       177  ,,,,,,,,,,,,,,,,  2c2c2c2c2c2c2c2c2c2c2c2c2c2c2c2c
       171  >>>>>>>>>>>>>>>>  3e3e3e3e3e3e3e3e3e3e3e3e3e3e3e3e
       120  <<<<<<<<<<<<<<<<  3c3c3c3c3c3c3c3c3c3c3c3c3c3c3c3c
        80  [[[[[[[[[[[[[[[[  5b5b5b5b5b5b5b5b5b5b5b5b5b5b5b5b
        51  cccccccccccccccc  63636363636363636363636363636363
        49  ................  15151515151515151515151515151515
        48  ................  ffffffffffffffffffffffffffffffff
        46  ................  1d1d1d1d1d1d1d1d1d1d1d1d1d1d1d1d
        45  ................  a5a5a5a5a5a5a5a5a5a5a5a5a5a5a5a5
        43  ................  18181818181818181818181818181818
# epoch 10500  H=7.9696 C=7.8750 HO=0.0814  A(t)=259
       157  >>>>>>>>>>>>>>>>  3e3e3e3e3e3e3e3e3e3e3e3e3e3e3e3e
       141  ,,,,,,,,,,,,,,,,  2c2c2c2c2c2c2c2c2c2c2c2c2c2c2c2c
        92  <<<<<<<<<<<<<<<<  3c3c3c3c3c3c3c3c3c3c3c3c3c3c3c3c
        71  [[[[[[[[[[[[[[[[  5b5b5b5b5b5b5b5b5b5b5b5b5b5b5b5b
        49  ................  15151515151515151515151515151515
        46  ................  ffffffffffffffffffffffffffffffff
        46  ................  1d1d1d1d1d1d1d1d1d1d1d1d1d1d1d1d
        45  ................  a5a5a5a5a5a5a5a5a5a5a5a5a5a5a5a5
        45  cccccccccccccccc  63636363636363636363636363636363
        42  ================  3d3d3d3d3d3d3d3d3d3d3d3d3d3d3d3d
# epoch 10550  H=7.9692 C=7.8732 HO=0.0801  A(t)=259
       212  >>>>>>>>>>>>>>>>  3e3e3e3e3e3e3e3e3e3e3e3e3e3e3e3e
       183  ,,,,,,,,,,,,,,,,  2c2c2c2c2c2c2c2c2c2c2c2c2c2c2c2c
        83  [[[[[[[[[[[[[[[[  5b5b5b5b5b5b5b5b5b5b5b5b5b5b5b5b
        80  <<<<<<<<<<<<<<<<  3c3c3c3c3c3c3c3c3c3c3c3c3c3c3c3c
        49  ................  15151515151515151515151515151515
        47  pppppppppppppppp  70707070707070707070707070707070
        46  ................  ffffffffffffffffffffffffffffffff
        46  ................  1d1d1d1d1d1d1d1d1d1d1d1d1d1d1d1d
        42  ................  18181818181818181818181818181818
        39  ================  3d3d3d3d3d3d3d3d3d3d3d3d3d3d3d3d
# epoch 10600  H=7.9684 C=7.8685 HO=0.0846  A(t)=259
       297  >>>>>>>>>>>>>>>>  3e3e3e3e3e3e3e3e3e3e3e3e3e3e3e3e
       155  ................  f8f8f8f8f8f8f8f8f8f8f8f8f8f8f8f8
       134  ,,,,,,,,,,,,,,,,  2c2c2c2c2c2c2c2c2c2c2c2c2c2c2c2c
       102  <<<<<<<<<<<<<<<<  3c3c3c3c3c3c3c3c3c3c3c3c3c3c3c3c
        83  [[[[[[[[[[[[[[[[  5b5b5b5b5b5b5b5b5b5b5b5b5b5b5b5b
        47  ................  b4b4b4b4b4b4b4b4b4b4b4b4b4b4b4b4
        47  pppppppppppppppp  70707070707070707070707070707070
        41  ................  15151515151515151515151515151515
        40  ................  1d1d1d1d1d1d1d1d1d1d1d1d1d1d1d1d
        40  ................  18181818181818181818181818181818
# epoch 10650  H=7.9678 C=7.8716 HO=0.0802  A(t)=259
       284  >>>>>>>>>>>>>>>>  3e3e3e3e3e3e3e3e3e3e3e3e3e3e3e3e
       139  ,,,,,,,,,,,,,,,,  2c2c2c2c2c2c2c2c2c2c2c2c2c2c2c2c
       134  ................  f8f8f8f8f8f8f8f8f8f8f8f8f8f8f8f8
        92  <<<<<<<<<<<<<<<<  3c3c3c3c3c3c3c3c3c3c3c3c3c3c3c3c
        72  [[[[[[[[[[[[[[[[  5b5b5b5b5b5b5b5b5b5b5b5b5b5b5b5b
        47  pppppppppppppppp  70707070707070707070707070707070
        44  ................  b4b4b4b4b4b4b4b4b4b4b4b4b4b4b4b4
        41  ................  15151515151515151515151515151515
        40  }}}}}}}}}}}}}}}}  7d7d7d7d7d7d7d7d7d7d7d7d7d7d7d7d
        40  ................  18181818181818181818181818181818
# epoch 10700  H=7.9678 C=7.8721 HO=0.0842  A(t)=261
       286  >>>>>>>>>>>>>>>>  3e3e3e3e3e3e3e3e3e3e3e3e3e3e3e3e
       117  ,,,,,,,,,,,,,,,,  2c2c2c2c2c2c2c2c2c2c2c2c2c2c2c2c
       114  ................  f8f8f8f8f8f8f8f8f8f8f8f8f8f8f8f8
        83  <<<<<<<<<<<<<<<<  3c3c3c3c3c3c3c3c3c3c3c3c3c3c3c3c
        47  pppppppppppppppp  70707070707070707070707070707070
        46  }}}}}}}}}}}}}}}}  7d7d7d7d7d7d7d7d7d7d7d7d7d7d7d7d
        42  ................  b4b4b4b4b4b4b4b4b4b4b4b4b4b4b4b4
        40  ................  18181818181818181818181818181818
        39  [[[[[[[[[[[[[[[[  5b5b5b5b5b5b5b5b5b5b5b5b5b5b5b5b
        35  ................  15151515151515151515151515151515
# epoch 10750  H=7.9681 C=7.8728 HO=0.0823  A(t)=261
       231  >>>>>>>>>>>>>>>>  3e3e3e3e3e3e3e3e3e3e3e3e3e3e3e3e
       152  ................  ffffffffffffffffffffffffffffffff
       108  ................  f8f8f8f8f8f8f8f8f8f8f8f8f8f8f8f8
        86  ,,,,,,,,,,,,,,,,  2c2c2c2c2c2c2c2c2c2c2c2c2c2c2c2c
        57  }}}}}}}}}}}}}}}}  7d7d7d7d7d7d7d7d7d7d7d7d7d7d7d7d
        47  <<<<<<<<<<<<<<<<  3c3c3c3c3c3c3c3c3c3c3c3c3c3c3c3c
        42  ................  b4b4b4b4b4b4b4b4b4b4b4b4b4b4b4b4
        40  ................  18181818181818181818181818181818
        37  [[[[[[[[[[[[[[[[  5b5b5b5b5b5b5b5b5b5b5b5b5b5b5b5b
        35  ................  15151515151515151515151515151515
# epoch 10800  H=7.9681 C=7.8721 HO=0.0838  A(t)=261
       194  ................  ffffffffffffffffffffffffffffffff
       182  >>>>>>>>>>>>>>>>  3e3e3e3e3e3e3e3e3e3e3e3e3e3e3e3e
        87  ................  f8f8f8f8f8f8f8f8f8f8f8f8f8f8f8f8
        66  <<<<<<<<<<<<<<<<  3c3c3c3c3c3c3c3c3c3c3c3c3c3c3c3c
        65  }}}}}}}}}}}}}}}}  7d7d7d7d7d7d7d7d7d7d7d7d7d7d7d7d
        54  ,,,,,,,,,,,,,,,,  2c2c2c2c2c2c2c2c2c2c2c2c2c2c2c2c
        49  ................  f0f0f0f0f0f0f0f0f0f0f0f0f0f0f0f0
        38  ................  18181818181818181818181818181818
        36  YYYYYYYYYYYYYYYY  59595959595959595959595959595959
        35  ................  15151515151515151515151515151515
# epoch 10850  H=7.9682 C=7.8731 HO=0.0827  A(t)=261
       231  ................  ffffffffffffffffffffffffffffffff
       153  >>>>>>>>>>>>>>>>  3e3e3e3e3e3e3e3e3e3e3e3e3e3e3e3e
        79  ................  f8f8f8f8f8f8f8f8f8f8f8f8f8f8f8f8
        71  }}}}}}}}}}}}}}}}  7d7d7d7d7d7d7d7d7d7d7d7d7d7d7d7d
        55  <<<<<<<<<<<<<<<<  3c3c3c3c3c3c3c3c3c3c3c3c3c3c3c3c
        50  ,,,,,,,,,,,,,,,,  2c2c2c2c2c2c2c2c2c2c2c2c2c2c2c2c
        48  ................  0e0e0e0e0e0e0e0e0e0e0e0e0e0e0e0e
        38  ................  18181818181818181818181818181818
        26  ................  b4b4b4b4b4b4b4b4b4b4b4b4b4b4b4b4
        22  ................  bebebebebebebebebebebebebebebebe
# epoch 10900  H=7.9680 C=7.8726 HO=0.0842  A(t)=261
       191  ................  ffffffffffffffffffffffffffffffff
       142  >>>>>>>>>>>>>>>>  3e3e3e3e3e3e3e3e3e3e3e3e3e3e3e3e
        80  ,,,,,,,,,,,,,,,,  2c2c2c2c2c2c2c2c2c2c2c2c2c2c2c2c
        64  }}}}}}}}}}}}}}}}  7d7d7d7d7d7d7d7d7d7d7d7d7d7d7d7d
        60  ................  f8f8f8f8f8f8f8f8f8f8f8f8f8f8f8f8
        51  <<<<<<<<<<<<<<<<  3c3c3c3c3c3c3c3c3c3c3c3c3c3c3c3c
        46  ................  0e0e0e0e0e0e0e0e0e0e0e0e0e0e0e0e
        40  [[[[[[[[[[[[[[[[  5b5b5b5b5b5b5b5b5b5b5b5b5b5b5b5b
        33  ................  bbbbbbbbbbbbbbbbbbbbbbbbbbbbbbbb
        26  ................  b4b4b4b4b4b4b4b4b4b4b4b4b4b4b4b4
# epoch 10950  H=7.9678 C=7.8717 HO=0.0841  A(t)=261
       136  >>>>>>>>>>>>>>>>  3e3e3e3e3e3e3e3e3e3e3e3e3e3e3e3e
       130  ................  ffffffffffffffffffffffffffffffff
        79  ,,,,,,,,,,,,,,,,  2c2c2c2c2c2c2c2c2c2c2c2c2c2c2c2c
        70  }}}}}}}}}}}}}}}}  7d7d7d7d7d7d7d7d7d7d7d7d7d7d7d7d
        50  ................  f8f8f8f8f8f8f8f8f8f8f8f8f8f8f8f8
        49  ================  3d3d3d3d3d3d3d3d3d3d3d3d3d3d3d3d
        47  7777777777777777  37373737373737373737373737373737
        34  [[[[[[[[[[[[[[[[  5b5b5b5b5b5b5b5b5b5b5b5b5b5b5b5b
        33  DDDDDDDDDDDDDDDD  44444444444444444444444444444444
        33  <<<<<<<<<<<<<<<<  3c3c3c3c3c3c3c3c3c3c3c3c3c3c3c3c
# epoch 11000  H=7.9671 C=7.8705 HO=0.0860  A(t)=261
       202  >>>>>>>>>>>>>>>>  3e3e3e3e3e3e3e3e3e3e3e3e3e3e3e3e
       133  ,,,,,,,,,,,,,,,,  2c2c2c2c2c2c2c2c2c2c2c2c2c2c2c2c
       129  ................  ffffffffffffffffffffffffffffffff
        65  [[[[[[[[[[[[[[[[  5b5b5b5b5b5b5b5b5b5b5b5b5b5b5b5b
        55  }}}}}}}}}}}}}}}}  7d7d7d7d7d7d7d7d7d7d7d7d7d7d7d7d
        49  ================  3d3d3d3d3d3d3d3d3d3d3d3d3d3d3d3d
        47  ................  f8f8f8f8f8f8f8f8f8f8f8f8f8f8f8f8
        47  \\\\\\\\\\\\\\\\  5c5c5c5c5c5c5c5c5c5c5c5c5c5c5c5c
        44  7777777777777777  37373737373737373737373737373737
        33  ................  0e0e0e0e0e0e0e0e0e0e0e0e0e0e0e0e
# epoch 11050  H=7.9668 C=7.8685 HO=0.0831  A(t)=261
       224  >>>>>>>>>>>>>>>>  3e3e3e3e3e3e3e3e3e3e3e3e3e3e3e3e
       169  ,,,,,,,,,,,,,,,,  2c2c2c2c2c2c2c2c2c2c2c2c2c2c2c2c
        86  ................  ffffffffffffffffffffffffffffffff
        72  [[[[[[[[[[[[[[[[  5b5b5b5b5b5b5b5b5b5b5b5b5b5b5b5b
        49  ================  3d3d3d3d3d3d3d3d3d3d3d3d3d3d3d3d
        46  ................  f8f8f8f8f8f8f8f8f8f8f8f8f8f8f8f8
        46  !!!!!!!!!!!!!!!!  21212121212121212121212121212121
        44  7777777777777777  37373737373737373737373737373737
        44  ................  1f1f1f1f1f1f1f1f1f1f1f1f1f1f1f1f
        32  }}}}}}}}}}}}}}}}  7d7d7d7d7d7d7d7d7d7d7d7d7d7d7d7d
# epoch 11100  H=7.9663 C=7.8667 HO=0.0885  A(t)=261
       294  >>>>>>>>>>>>>>>>  3e3e3e3e3e3e3e3e3e3e3e3e3e3e3e3e
       155  ,,,,,,,,,,,,,,,,  2c2c2c2c2c2c2c2c2c2c2c2c2c2c2c2c
       152  ................  ffffffffffffffffffffffffffffffff
        72  [[[[[[[[[[[[[[[[  5b5b5b5b5b5b5b5b5b5b5b5b5b5b5b5b
        69  \\\\\\\\\\\\\\\\  5c5c5c5c5c5c5c5c5c5c5c5c5c5c5c5c
        49  ================  3d3d3d3d3d3d3d3d3d3d3d3d3d3d3d3d
        46  ................  f8f8f8f8f8f8f8f8f8f8f8f8f8f8f8f8
        43  7777777777777777  37373737373737373737373737373737
        32  ................  a9a9a9a9a9a9a9a9a9a9a9a9a9a9a9a9
        30  DDDDDDDDDDDDDDDD  44444444444444444444444444444444
# epoch 11150  H=7.9664 C=7.8670 HO=0.0892  A(t)=261
       320  >>>>>>>>>>>>>>>>  3e3e3e3e3e3e3e3e3e3e3e3e3e3e3e3e
       140  ................  ffffffffffffffffffffffffffffffff
       132  ,,,,,,,,,,,,,,,,  2c2c2c2c2c2c2c2c2c2c2c2c2c2c2c2c
        97  ................  aaaaaaaaaaaaaaaaaaaaaaaaaaaaaaaa
        72  [[[[[[[[[[[[[[[[  5b5b5b5b5b5b5b5b5b5b5b5b5b5b5b5b
        47  ................  a3a3a3a3a3a3a3a3a3a3a3a3a3a3a3a3
        46  ................  f8f8f8f8f8f8f8f8f8f8f8f8f8f8f8f8
        43  7777777777777777  37373737373737373737373737373737
        35  }}}}}}}}}}}}}}}}  7d7d7d7d7d7d7d7d7d7d7d7d7d7d7d7d
        33  ================  3d3d3d3d3d3d3d3d3d3d3d3d3d3d3d3d
# epoch 11200  H=7.9665 C=7.8691 HO=0.0842  A(t)=262
       327  >>>>>>>>>>>>>>>>  3e3e3e3e3e3e3e3e3e3e3e3e3e3e3e3e
       211  ,,,,,,,,,,,,,,,,  2c2c2c2c2c2c2c2c2c2c2c2c2c2c2c2c
        89  ................  ffffffffffffffffffffffffffffffff
        84  ................  aaaaaaaaaaaaaaaaaaaaaaaaaaaaaaaa
        65  [[[[[[[[[[[[[[[[  5b5b5b5b5b5b5b5b5b5b5b5b5b5b5b5b
        48  ................  e0e0e0e0e0e0e0e0e0e0e0e0e0e0e0e0
        48  ................  a3a3a3a3a3a3a3a3a3a3a3a3a3a3a3a3
        46  ................  f8f8f8f8f8f8f8f8f8f8f8f8f8f8f8f8
        36  }}}}}}}}}}}}}}}}  7d7d7d7d7d7d7d7d7d7d7d7d7d7d7d7d
        31  ................  a9a9a9a9a9a9a9a9a9a9a9a9a9a9a9a9
# epoch 11250  H=7.9662 C=7.8686 HO=0.0828  A(t)=262
       375  >>>>>>>>>>>>>>>>  3e3e3e3e3e3e3e3e3e3e3e3e3e3e3e3e
       194  ,,,,,,,,,,,,,,,,  2c2c2c2c2c2c2c2c2c2c2c2c2c2c2c2c
        82  ................  ffffffffffffffffffffffffffffffff
        53  ................  aaaaaaaaaaaaaaaaaaaaaaaaaaaaaaaa
        49  [[[[[[[[[[[[[[[[  5b5b5b5b5b5b5b5b5b5b5b5b5b5b5b5b
        47  ................  a3a3a3a3a3a3a3a3a3a3a3a3a3a3a3a3
        47  ZZZZZZZZZZZZZZZZ  5a5a5a5a5a5a5a5a5a5a5a5a5a5a5a5a
        37  ................  f8f8f8f8f8f8f8f8f8f8f8f8f8f8f8f8
        34  ................  96969696969696969696969696969696
        34  }}}}}}}}}}}}}}}}  7d7d7d7d7d7d7d7d7d7d7d7d7d7d7d7d
# epoch 11300  H=7.9665 C=7.8666 HO=0.0826  A(t)=266
       372  >>>>>>>>>>>>>>>>  3e3e3e3e3e3e3e3e3e3e3e3e3e3e3e3e
       194  ,,,,,,,,,,,,,,,,  2c2c2c2c2c2c2c2c2c2c2c2c2c2c2c2c
        73  ................  c3c3c3c3c3c3c3c3c3c3c3c3c3c3c3c3
        67  ................  ffffffffffffffffffffffffffffffff
        54  ................  01010101010101010101010101010101
        48  ................  a3a3a3a3a3a3a3a3a3a3a3a3a3a3a3a3
        48  [[[[[[[[[[[[[[[[  5b5b5b5b5b5b5b5b5b5b5b5b5b5b5b5b
        46  ZZZZZZZZZZZZZZZZ  5a5a5a5a5a5a5a5a5a5a5a5a5a5a5a5a
        40  ................  b3b3b3b3b3b3b3b3b3b3b3b3b3b3b3b3
        37  ................  f8f8f8f8f8f8f8f8f8f8f8f8f8f8f8f8
# epoch 11350  H=7.9666 C=7.8684 HO=0.0847  A(t)=267
       343  >>>>>>>>>>>>>>>>  3e3e3e3e3e3e3e3e3e3e3e3e3e3e3e3e
       194  ,,,,,,,,,,,,,,,,  2c2c2c2c2c2c2c2c2c2c2c2c2c2c2c2c
        67  ................  ffffffffffffffffffffffffffffffff
        54  ................  01010101010101010101010101010101
        48  ................  a3a3a3a3a3a3a3a3a3a3a3a3a3a3a3a3
        48  [[[[[[[[[[[[[[[[  5b5b5b5b5b5b5b5b5b5b5b5b5b5b5b5b
        47  ................  c3c3c3c3c3c3c3c3c3c3c3c3c3c3c3c3
        40  ................  b3b3b3b3b3b3b3b3b3b3b3b3b3b3b3b3
        34  ................  f8f8f8f8f8f8f8f8f8f8f8f8f8f8f8f8
        34  ZZZZZZZZZZZZZZZZ  5a5a5a5a5a5a5a5a5a5a5a5a5a5a5a5a
# epoch 11400  H=7.9665 C=7.8678 HO=0.0866  A(t)=268
       351  >>>>>>>>>>>>>>>>  3e3e3e3e3e3e3e3e3e3e3e3e3e3e3e3e
       163  ,,,,,,,,,,,,,,,,  2c2c2c2c2c2c2c2c2c2c2c2c2c2c2c2c
        60  ................  ffffffffffffffffffffffffffffffff
        58  <<<<<<<<<<<<<<<<  3c3c3c3c3c3c3c3c3c3c3c3c3c3c3c3c
        54  ................  01010101010101010101010101010101
        48  [[[[[[[[[[[[[[[[  5b5b5b5b5b5b5b5b5b5b5b5b5b5b5b5b
        47  ................  c3c3c3c3c3c3c3c3c3c3c3c3c3c3c3c3
        47  ................  a3a3a3a3a3a3a3a3a3a3a3a3a3a3a3a3
        46  2222222222222222  32323232323232323232323232323232
        40  ................  b3b3b3b3b3b3b3b3b3b3b3b3b3b3b3b3
# epoch 11450  H=7.9669 C=7.8674 HO=0.0880  A(t)=268
       338  >>>>>>>>>>>>>>>>  3e3e3e3e3e3e3e3e3e3e3e3e3e3e3e3e
       140  ,,,,,,,,,,,,,,,,  2c2c2c2c2c2c2c2c2c2c2c2c2c2c2c2c
       104  ................  d8d8d8d8d8d8d8d8d8d8d8d8d8d8d8d8
        52  <<<<<<<<<<<<<<<<  3c3c3c3c3c3c3c3c3c3c3c3c3c3c3c3c
        44  ................  c3c3c3c3c3c3c3c3c3c3c3c3c3c3c3c3
        43  [[[[[[[[[[[[[[[[  5b5b5b5b5b5b5b5b5b5b5b5b5b5b5b5b
        42  ................  ffffffffffffffffffffffffffffffff
        41  ................  b3b3b3b3b3b3b3b3b3b3b3b3b3b3b3b3
        38  ................  01010101010101010101010101010101
        34  UUUUUUUUUUUUUUUU  55555555555555555555555555555555
# epoch 11500  H=7.9672 C=7.8655 HO=0.0880  A(t)=268
       287  >>>>>>>>>>>>>>>>  3e3e3e3e3e3e3e3e3e3e3e3e3e3e3e3e
       144  IIIIIIIIIIIIIIII  49494949494949494949494949494949
       144  ,,,,,,,,,,,,,,,,  2c2c2c2c2c2c2c2c2c2c2c2c2c2c2c2c
        96  ................  d8d8d8d8d8d8d8d8d8d8d8d8d8d8d8d8
        90  [[[[[[[[[[[[[[[[  5b5b5b5b5b5b5b5b5b5b5b5b5b5b5b5b
        52  <<<<<<<<<<<<<<<<  3c3c3c3c3c3c3c3c3c3c3c3c3c3c3c3c
        48  xxxxxxxxxxxxxxxx  78787878787878787878787878787878
        44  ................  c3c3c3c3c3c3c3c3c3c3c3c3c3c3c3c3
        42  ................  b3b3b3b3b3b3b3b3b3b3b3b3b3b3b3b3
        34  9999999999999999  39393939393939393939393939393939
# epoch 11550  H=7.9672 C=7.8670 HO=0.0879  A(t)=269
       260  >>>>>>>>>>>>>>>>  3e3e3e3e3e3e3e3e3e3e3e3e3e3e3e3e
       144  ,,,,,,,,,,,,,,,,  2c2c2c2c2c2c2c2c2c2c2c2c2c2c2c2c
       137  IIIIIIIIIIIIIIII  49494949494949494949494949494949
        89  [[[[[[[[[[[[[[[[  5b5b5b5b5b5b5b5b5b5b5b5b5b5b5b5b
        80  ................  d8d8d8d8d8d8d8d8d8d8d8d8d8d8d8d8
        56  UUUUUUUUUUUUUUUU  55555555555555555555555555555555
        51  @@@@@@@@@@@@@@@@  40404040404040404040404040404040
        42  ................  b3b3b3b3b3b3b3b3b3b3b3b3b3b3b3b3
        39  ................  c3c3c3c3c3c3c3c3c3c3c3c3c3c3c3c3
        37  xxxxxxxxxxxxxxxx  78787878787878787878787878787878
# epoch 11600  H=7.9670 C=7.8690 HO=0.0836  A(t)=269
       255  >>>>>>>>>>>>>>>>  3e3e3e3e3e3e3e3e3e3e3e3e3e3e3e3e
       165  ,,,,,,,,,,,,,,,,  2c2c2c2c2c2c2c2c2c2c2c2c2c2c2c2c
       105  IIIIIIIIIIIIIIII  49494949494949494949494949494949
        75  [[[[[[[[[[[[[[[[  5b5b5b5b5b5b5b5b5b5b5b5b5b5b5b5b
        65  ................  d8d8d8d8d8d8d8d8d8d8d8d8d8d8d8d8
        48  UUUUUUUUUUUUUUUU  55555555555555555555555555555555
        47  }}}}}}}}}}}}}}}}  7d7d7d7d7d7d7d7d7d7d7d7d7d7d7d7d
        40  ................  b3b3b3b3b3b3b3b3b3b3b3b3b3b3b3b3
        38  9999999999999999  39393939393939393939393939393939
        37  xxxxxxxxxxxxxxxx  78787878787878787878787878787878
# epoch 11650  H=7.9670 C=7.8687 HO=0.0853  A(t)=269
       254  >>>>>>>>>>>>>>>>  3e3e3e3e3e3e3e3e3e3e3e3e3e3e3e3e
       165  ,,,,,,,,,,,,,,,,  2c2c2c2c2c2c2c2c2c2c2c2c2c2c2c2c
       105  [[[[[[[[[[[[[[[[  5b5b5b5b5b5b5b5b5b5b5b5b5b5b5b5b
        72  UUUUUUUUUUUUUUUU  55555555555555555555555555555555
        69  ................  d8d8d8d8d8d8d8d8d8d8d8d8d8d8d8d8
        64  ................  e6e6e6e6e6e6e6e6e6e6e6e6e6e6e6e6
        61  IIIIIIIIIIIIIIII  49494949494949494949494949494949
        53  ................  e7e7e7e7e7e7e7e7e7e7e7e7e7e7e7e7
        40  ................  b3b3b3b3b3b3b3b3b3b3b3b3b3b3b3b3
        37  xxxxxxxxxxxxxxxx  78787878787878787878787878787878
# epoch 11700  H=7.9668 C=7.8697 HO=0.0846  A(t)=269
       259  >>>>>>>>>>>>>>>>  3e3e3e3e3e3e3e3e3e3e3e3e3e3e3e3e
       168  ,,,,,,,,,,,,,,,,  2c2c2c2c2c2c2c2c2c2c2c2c2c2c2c2c
       146  ................  e6e6e6e6e6e6e6e6e6e6e6e6e6e6e6e6
       104  [[[[[[[[[[[[[[[[  5b5b5b5b5b5b5b5b5b5b5b5b5b5b5b5b
        60  ................  d8d8d8d8d8d8d8d8d8d8d8d8d8d8d8d8
        60  IIIIIIIIIIIIIIII  49494949494949494949494949494949
        50  UUUUUUUUUUUUUUUU  55555555555555555555555555555555
        40  ................  b3b3b3b3b3b3b3b3b3b3b3b3b3b3b3b3
        37  ................  e7e7e7e7e7e7e7e7e7e7e7e7e7e7e7e7
        37  xxxxxxxxxxxxxxxx  78787878787878787878787878787878
# epoch 11750  H=7.9668 C=7.8697 HO=0.0842  A(t)=269
       330  >>>>>>>>>>>>>>>>  3e3e3e3e3e3e3e3e3e3e3e3e3e3e3e3e
       135  ,,,,,,,,,,,,,,,,  2c2c2c2c2c2c2c2c2c2c2c2c2c2c2c2c
        88  [[[[[[[[[[[[[[[[  5b5b5b5b5b5b5b5b5b5b5b5b5b5b5b5b
        84  ................  e6e6e6e6e6e6e6e6e6e6e6e6e6e6e6e6
        55  IIIIIIIIIIIIIIII  49494949494949494949494949494949
        50  UUUUUUUUUUUUUUUU  55555555555555555555555555555555
        40  ................  b3b3b3b3b3b3b3b3b3b3b3b3b3b3b3b3
        37  ................  d8d8d8d8d8d8d8d8d8d8d8d8d8d8d8d8
        37  xxxxxxxxxxxxxxxx  78787878787878787878787878787878
        33  ................  dadadadadadadadadadadadadadadada
# epoch 11800  H=7.9670 C=7.8718 HO=0.0818  A(t)=269
       300  >>>>>>>>>>>>>>>>  3e3e3e3e3e3e3e3e3e3e3e3e3e3e3e3e
       149  ,,,,,,,,,,,,,,,,  2c2c2c2c2c2c2c2c2c2c2c2c2c2c2c2c
        67  UUUUUUUUUUUUUUUU  55555555555555555555555555555555
        51  ................  e6e6e6e6e6e6e6e6e6e6e6e6e6e6e6e6
        49  hhhhhhhhhhhhhhhh  68686868686868686868686868686868
        48  ................  fefefefefefefefefefefefefefefefe
        40  ................  b3b3b3b3b3b3b3b3b3b3b3b3b3b3b3b3
        35  IIIIIIIIIIIIIIII  49494949494949494949494949494949
        34  ................  d8d8d8d8d8d8d8d8d8d8d8d8d8d8d8d8
        33  ................  dadadadadadadadadadadadadadadada
# epoch 11850  H=7.9672 C=7.8727 HO=0.0833  A(t)=269
       231  >>>>>>>>>>>>>>>>  3e3e3e3e3e3e3e3e3e3e3e3e3e3e3e3e
       123  ,,,,,,,,,,,,,,,,  2c2c2c2c2c2c2c2c2c2c2c2c2c2c2c2c
        87  ................  a2a2a2a2a2a2a2a2a2a2a2a2a2a2a2a2
        75  ]]]]]]]]]]]]]]]]  5d5d5d5d5d5d5d5d5d5d5d5d5d5d5d5d
        74  [[[[[[[[[[[[[[[[  5b5b5b5b5b5b5b5b5b5b5b5b5b5b5b5b
        56  UUUUUUUUUUUUUUUU  55555555555555555555555555555555
        49  hhhhhhhhhhhhhhhh  68686868686868686868686868686868
        48  ................  fefefefefefefefefefefefefefefefe
        42  ::::::::::::::::  3a3a3a3a3a3a3a3a3a3a3a3a3a3a3a3a
        40  ................  b3b3b3b3b3b3b3b3b3b3b3b3b3b3b3b3
# epoch 11900  H=7.9678 C=7.8737 HO=0.0831  A(t)=269
       170  >>>>>>>>>>>>>>>>  3e3e3e3e3e3e3e3e3e3e3e3e3e3e3e3e
       105  ,,,,,,,,,,,,,,,,  2c2c2c2c2c2c2c2c2c2c2c2c2c2c2c2c
        69  ................  a2a2a2a2a2a2a2a2a2a2a2a2a2a2a2a2
        69  UUUUUUUUUUUUUUUU  55555555555555555555555555555555
        67  ]]]]]]]]]]]]]]]]  5d5d5d5d5d5d5d5d5d5d5d5d5d5d5d5d
        65  [[[[[[[[[[[[[[[[  5b5b5b5b5b5b5b5b5b5b5b5b5b5b5b5b
        59  }}}}}}}}}}}}}}}}  7d7d7d7d7d7d7d7d7d7d7d7d7d7d7d7d
        49  ................  82828282828282828282828282828282
        49  hhhhhhhhhhhhhhhh  68686868686868686868686868686868
        43  ::::::::::::::::  3a3a3a3a3a3a3a3a3a3a3a3a3a3a3a3a
# epoch 11950  H=7.9680 C=7.8690 HO=0.0867  A(t)=269
       158  >>>>>>>>>>>>>>>>  3e3e3e3e3e3e3e3e3e3e3e3e3e3e3e3e
       105  ,,,,,,,,,,,,,,,,  2c2c2c2c2c2c2c2c2c2c2c2c2c2c2c2c
        98  ................  f3f3f3f3f3f3f3f3f3f3f3f3f3f3f3f3
        80  nnnnnnnnnnnnnnnn  6e6e6e6e6e6e6e6e6e6e6e6e6e6e6e6e
        76  UUUUUUUUUUUUUUUU  55555555555555555555555555555555
        67  ]]]]]]]]]]]]]]]]  5d5d5d5d5d5d5d5d5d5d5d5d5d5d5d5d
        62  }}}}}}}}}}}}}}}}  7d7d7d7d7d7d7d7d7d7d7d7d7d7d7d7d
        61  [[[[[[[[[[[[[[[[  5b5b5b5b5b5b5b5b5b5b5b5b5b5b5b5b
        56  ................  a2a2a2a2a2a2a2a2a2a2a2a2a2a2a2a2
        52  oooooooooooooooo  6f6f6f6f6f6f6f6f6f6f6f6f6f6f6f6f
# epoch 12000  H=7.9680 C=7.8677 HO=0.0893  A(t)=269
       186  >>>>>>>>>>>>>>>>  3e3e3e3e3e3e3e3e3e3e3e3e3e3e3e3e
        98  ................  f3f3f3f3f3f3f3f3f3f3f3f3f3f3f3f3
        95  ,,,,,,,,,,,,,,,,  2c2c2c2c2c2c2c2c2c2c2c2c2c2c2c2c
        81  nnnnnnnnnnnnnnnn  6e6e6e6e6e6e6e6e6e6e6e6e6e6e6e6e
        64  UUUUUUUUUUUUUUUU  55555555555555555555555555555555
        62  ................  a2a2a2a2a2a2a2a2a2a2a2a2a2a2a2a2
        57  [[[[[[[[[[[[[[[[  5b5b5b5b5b5b5b5b5b5b5b5b5b5b5b5b
        55  }}}}}}}}}}}}}}}}  7d7d7d7d7d7d7d7d7d7d7d7d7d7d7d7d
        55  ]]]]]]]]]]]]]]]]  5d5d5d5d5d5d5d5d5d5d5d5d5d5d5d5d
        52  oooooooooooooooo  6f6f6f6f6f6f6f6f6f6f6f6f6f6f6f6f
# epoch 12050  H=7.9680 C=7.8678 HO=0.0890  A(t)=269
       255  >>>>>>>>>>>>>>>>  3e3e3e3e3e3e3e3e3e3e3e3e3e3e3e3e
        92  ,,,,,,,,,,,,,,,,  2c2c2c2c2c2c2c2c2c2c2c2c2c2c2c2c
        82  ................  f3f3f3f3f3f3f3f3f3f3f3f3f3f3f3f3
        64  nnnnnnnnnnnnnnnn  6e6e6e6e6e6e6e6e6e6e6e6e6e6e6e6e
        61  ................  a2a2a2a2a2a2a2a2a2a2a2a2a2a2a2a2
        56  }}}}}}}}}}}}}}}}  7d7d7d7d7d7d7d7d7d7d7d7d7d7d7d7d
        52  oooooooooooooooo  6f6f6f6f6f6f6f6f6f6f6f6f6f6f6f6f
        52  UUUUUUUUUUUUUUUU  55555555555555555555555555555555
        48  ................  89898989898989898989898989898989
        48  [[[[[[[[[[[[[[[[  5b5b5b5b5b5b5b5b5b5b5b5b5b5b5b5b
# epoch 12100  H=7.9678 C=7.8674 HO=0.0913  A(t)=269
       275  >>>>>>>>>>>>>>>>  3e3e3e3e3e3e3e3e3e3e3e3e3e3e3e3e
        82  ................  f3f3f3f3f3f3f3f3f3f3f3f3f3f3f3f3
        72  ,,,,,,,,,,,,,,,,  2c2c2c2c2c2c2c2c2c2c2c2c2c2c2c2c
        64  nnnnnnnnnnnnnnnn  6e6e6e6e6e6e6e6e6e6e6e6e6e6e6e6e
        55  ................  a2a2a2a2a2a2a2a2a2a2a2a2a2a2a2a2
        52  UUUUUUUUUUUUUUUU  55555555555555555555555555555555
        48  oooooooooooooooo  6f6f6f6f6f6f6f6f6f6f6f6f6f6f6f6f
        47  ................  d5d5d5d5d5d5d5d5d5d5d5d5d5d5d5d5
        46  }}}}}}}}}}}}}}}}  7d7d7d7d7d7d7d7d7d7d7d7d7d7d7d7d
        45  ]]]]]]]]]]]]]]]]  5d5d5d5d5d5d5d5d5d5d5d5d5d5d5d5d
# epoch 12150  H=7.9679 C=7.8696 HO=0.0877  A(t)=270
       294  >>>>>>>>>>>>>>>>  3e3e3e3e3e3e3e3e3e3e3e3e3e3e3e3e
        83  UUUUUUUUUUUUUUUU  55555555555555555555555555555555
        62  ,,,,,,,,,,,,,,,,  2c2c2c2c2c2c2c2c2c2c2c2c2c2c2c2c
        60  ................  f3f3f3f3f3f3f3f3f3f3f3f3f3f3f3f3
        52  ................  a2a2a2a2a2a2a2a2a2a2a2a2a2a2a2a2
        46  ................  18181818181818181818181818181818
        43  ................  eaeaeaeaeaeaeaeaeaeaeaeaeaeaeaea
        43  }}}}}}}}}}}}}}}}  7d7d7d7d7d7d7d7d7d7d7d7d7d7d7d7d
        41  hhhhhhhhhhhhhhhh  68686868686868686868686868686868
        40  nnnnnnnnnnnnnnnn  6e6e6e6e6e6e6e6e6e6e6e6e6e6e6e6e
# epoch 12200  H=7.9683 C=7.8700 HO=0.0874  A(t)=273
       298  >>>>>>>>>>>>>>>>  3e3e3e3e3e3e3e3e3e3e3e3e3e3e3e3e
        74  UUUUUUUUUUUUUUUU  55555555555555555555555555555555
        66  ,,,,,,,,,,,,,,,,  2c2c2c2c2c2c2c2c2c2c2c2c2c2c2c2c
        63  ................  2e2e2e2e2e2e2e2e2e2e2e2e2e2e2e2e
        59  ................  f3f3f3f3f3f3f3f3f3f3f3f3f3f3f3f3
        49  ................  f7f7f7f7f7f7f7f7f7f7f7f7f7f7f7f7
        49  ................  a2a2a2a2a2a2a2a2a2a2a2a2a2a2a2a2
        46  ................  18181818181818181818181818181818
        46  ................  01010101010101010101010101010101
        42  }}}}}}}}}}}}}}}}  7d7d7d7d7d7d7d7d7d7d7d7d7d7d7d7d
# epoch 12250  H=7.9686 C=7.8726 HO=0.0873  A(t)=273
       269  >>>>>>>>>>>>>>>>  3e3e3e3e3e3e3e3e3e3e3e3e3e3e3e3e
        95  ................  f7f7f7f7f7f7f7f7f7f7f7f7f7f7f7f7
        80  UUUUUUUUUUUUUUUU  55555555555555555555555555555555
        57  ,,,,,,,,,,,,,,,,  2c2c2c2c2c2c2c2c2c2c2c2c2c2c2c2c
        53  ................  f3f3f3f3f3f3f3f3f3f3f3f3f3f3f3f3
        49  ................  a2a2a2a2a2a2a2a2a2a2a2a2a2a2a2a2
        46  ................  01010101010101010101010101010101
        45  ................  18181818181818181818181818181818
        41  hhhhhhhhhhhhhhhh  68686868686868686868686868686868
        38  nnnnnnnnnnnnnnnn  6e6e6e6e6e6e6e6e6e6e6e6e6e6e6e6e
# epoch 12300  H=7.9686 C=7.8714 HO=0.0858  A(t)=273
       209  >>>>>>>>>>>>>>>>  3e3e3e3e3e3e3e3e3e3e3e3e3e3e3e3e
        92  ]]]]]]]]]]]]]]]]  5d5d5d5d5d5d5d5d5d5d5d5d5d5d5d5d
        91  ................  f7f7f7f7f7f7f7f7f7f7f7f7f7f7f7f7
        79  ................  2e2e2e2e2e2e2e2e2e2e2e2e2e2e2e2e
        74  UUUUUUUUUUUUUUUU  55555555555555555555555555555555
        74  ................  02020202020202020202020202020202
        59  ,,,,,,,,,,,,,,,,  2c2c2c2c2c2c2c2c2c2c2c2c2c2c2c2c
        55  [[[[[[[[[[[[[[[[  5b5b5b5b5b5b5b5b5b5b5b5b5b5b5b5b
        53  ................  f3f3f3f3f3f3f3f3f3f3f3f3f3f3f3f3
        48  ................  dfdfdfdfdfdfdfdfdfdfdfdfdfdfdfdf
# epoch 12350  H=7.9687 C=7.8727 HO=0.0841  A(t)=273
       156  >>>>>>>>>>>>>>>>  3e3e3e3e3e3e3e3e3e3e3e3e3e3e3e3e
        94  ................  2e2e2e2e2e2e2e2e2e2e2e2e2e2e2e2e
        92  ]]]]]]]]]]]]]]]]  5d5d5d5d5d5d5d5d5d5d5d5d5d5d5d5d
        91  ................  f7f7f7f7f7f7f7f7f7f7f7f7f7f7f7f7
        71  UUUUUUUUUUUUUUUU  55555555555555555555555555555555
        58  ................  02020202020202020202020202020202
        52  ................  f3f3f3f3f3f3f3f3f3f3f3f3f3f3f3f3
        48  [[[[[[[[[[[[[[[[  5b5b5b5b5b5b5b5b5b5b5b5b5b5b5b5b
        46  ................  18181818181818181818181818181818
        45  ,,,,,,,,,,,,,,,,  2c2c2c2c2c2c2c2c2c2c2c2c2c2c2c2c
# epoch 12400  H=7.9688 C=7.8710 HO=0.0873  A(t)=273
       186  >>>>>>>>>>>>>>>>  3e3e3e3e3e3e3e3e3e3e3e3e3e3e3e3e
        96  3333333333333333  33333333333333333333333333333333
        96  ,,,,,,,,,,,,,,,,  2c2c2c2c2c2c2c2c2c2c2c2c2c2c2c2c
        93  ................  2e2e2e2e2e2e2e2e2e2e2e2e2e2e2e2e
        92  ]]]]]]]]]]]]]]]]  5d5d5d5d5d5d5d5d5d5d5d5d5d5d5d5d
        77  ................  f7f7f7f7f7f7f7f7f7f7f7f7f7f7f7f7
        76  UUUUUUUUUUUUUUUU  55555555555555555555555555555555
        58  ................  02020202020202020202020202020202
        48  [[[[[[[[[[[[[[[[  5b5b5b5b5b5b5b5b5b5b5b5b5b5b5b5b
        47  ................  99999999999999999999999999999999
# epoch 12450  H=7.9688 C=7.8718 HO=0.0859  A(t)=274
       207  >>>>>>>>>>>>>>>>  3e3e3e3e3e3e3e3e3e3e3e3e3e3e3e3e
        94  [[[[[[[[[[[[[[[[  5b5b5b5b5b5b5b5b5b5b5b5b5b5b5b5b
        94  ,,,,,,,,,,,,,,,,  2c2c2c2c2c2c2c2c2c2c2c2c2c2c2c2c
        93  ................  2e2e2e2e2e2e2e2e2e2e2e2e2e2e2e2e
        92  ]]]]]]]]]]]]]]]]  5d5d5d5d5d5d5d5d5d5d5d5d5d5d5d5d
        90  3333333333333333  33333333333333333333333333333333
        62  UUUUUUUUUUUUUUUU  55555555555555555555555555555555
        61  ................  f7f7f7f7f7f7f7f7f7f7f7f7f7f7f7f7
        52  ................  02020202020202020202020202020202
        47  ................  17171717171717171717171717171717
# epoch 12500  H=7.9693 C=7.8735 HO=0.0838  A(t)=274
       136  >>>>>>>>>>>>>>>>  3e3e3e3e3e3e3e3e3e3e3e3e3e3e3e3e
       106  ,,,,,,,,,,,,,,,,  2c2c2c2c2c2c2c2c2c2c2c2c2c2c2c2c
        90  [[[[[[[[[[[[[[[[  5b5b5b5b5b5b5b5b5b5b5b5b5b5b5b5b
        73  3333333333333333  33333333333333333333333333333333
        68  UUUUUUUUUUUUUUUU  55555555555555555555555555555555
        67  ................  2e2e2e2e2e2e2e2e2e2e2e2e2e2e2e2e
        59  ]]]]]]]]]]]]]]]]  5d5d5d5d5d5d5d5d5d5d5d5d5d5d5d5d
        51  ZZZZZZZZZZZZZZZZ  5a5a5a5a5a5a5a5a5a5a5a5a5a5a5a5a
        47  ................  a0a0a0a0a0a0a0a0a0a0a0a0a0a0a0a0
        44  ................  02020202020202020202020202020202
# epoch 12550  H=7.9695 C=7.8747 HO=0.0786  A(t)=274
       107  3333333333333333  33333333333333333333333333333333
        96  ,,,,,,,,,,,,,,,,  2c2c2c2c2c2c2c2c2c2c2c2c2c2c2c2c
        91  >>>>>>>>>>>>>>>>  3e3e3e3e3e3e3e3e3e3e3e3e3e3e3e3e
        84  [[[[[[[[[[[[[[[[  5b5b5b5b5b5b5b5b5b5b5b5b5b5b5b5b
        55  UUUUUUUUUUUUUUUU  55555555555555555555555555555555
        51  ]]]]]]]]]]]]]]]]  5d5d5d5d5d5d5d5d5d5d5d5d5d5d5d5d
        49  2222222222222222  32323232323232323232323232323232
        47  ................  a0a0a0a0a0a0a0a0a0a0a0a0a0a0a0a0
        41  ZZZZZZZZZZZZZZZZ  5a5a5a5a5a5a5a5a5a5a5a5a5a5a5a5a
        37  ................  f7f7f7f7f7f7f7f7f7f7f7f7f7f7f7f7
# epoch 12600  H=7.9691 C=7.8702 HO=0.0851  A(t)=274
       147  ................  0f0f0f0f0f0f0f0f0f0f0f0f0f0f0f0f
       117  ,,,,,,,,,,,,,,,,  2c2c2c2c2c2c2c2c2c2c2c2c2c2c2c2c
       112  [[[[[[[[[[[[[[[[  5b5b5b5b5b5b5b5b5b5b5b5b5b5b5b5b
       109  >>>>>>>>>>>>>>>>  3e3e3e3e3e3e3e3e3e3e3e3e3e3e3e3e
       100  ]]]]]]]]]]]]]]]]  5d5d5d5d5d5d5d5d5d5d5d5d5d5d5d5d
        98  YYYYYYYYYYYYYYYY  59595959595959595959595959595959
        91  3333333333333333  33333333333333333333333333333333
        48  ................  d3d3d3d3d3d3d3d3d3d3d3d3d3d3d3d3
        47  ................  a0a0a0a0a0a0a0a0a0a0a0a0a0a0a0a0
        41  ZZZZZZZZZZZZZZZZ  5a5a5a5a5a5a5a5a5a5a5a5a5a5a5a5a
# epoch 12650  H=7.9687 C=7.8706 HO=0.0821  A(t)=278
       150  ,,,,,,,,,,,,,,,,  2c2c2c2c2c2c2c2c2c2c2c2c2c2c2c2c
       142  >>>>>>>>>>>>>>>>  3e3e3e3e3e3e3e3e3e3e3e3e3e3e3e3e
       110  ................  0f0f0f0f0f0f0f0f0f0f0f0f0f0f0f0f
        81  ]]]]]]]]]]]]]]]]  5d5d5d5d5d5d5d5d5d5d5d5d5d5d5d5d
        79  UUUUUUUUUUUUUUUU  55555555555555555555555555555555
        70  [[[[[[[[[[[[[[[[  5b5b5b5b5b5b5b5b5b5b5b5b5b5b5b5b
        60  YYYYYYYYYYYYYYYY  59595959595959595959595959595959
        52  3333333333333333  33333333333333333333333333333333
        47  ................  a0a0a0a0a0a0a0a0a0a0a0a0a0a0a0a0
        37  ZZZZZZZZZZZZZZZZ  5a5a5a5a5a5a5a5a5a5a5a5a5a5a5a5a
# epoch 12700  H=7.9680 C=7.8692 HO=0.0842  A(t)=278
       162  >>>>>>>>>>>>>>>>  3e3e3e3e3e3e3e3e3e3e3e3e3e3e3e3e
       106  ,,,,,,,,,,,,,,,,  2c2c2c2c2c2c2c2c2c2c2c2c2c2c2c2c
        91  ................  0f0f0f0f0f0f0f0f0f0f0f0f0f0f0f0f
        77  ]]]]]]]]]]]]]]]]  5d5d5d5d5d5d5d5d5d5d5d5d5d5d5d5d
        77  UUUUUUUUUUUUUUUU  55555555555555555555555555555555
        69  [[[[[[[[[[[[[[[[  5b5b5b5b5b5b5b5b5b5b5b5b5b5b5b5b
        49  cccccccccccccccc  63636363636363636363636363636363
        39  ................  a4a4a4a4a4a4a4a4a4a4a4a4a4a4a4a4
        39  ................  a0a0a0a0a0a0a0a0a0a0a0a0a0a0a0a0
        35  ................  2e2e2e2e2e2e2e2e2e2e2e2e2e2e2e2e
# epoch 12750  H=7.9673 C=7.8663 HO=0.0890  A(t)=278
       230  >>>>>>>>>>>>>>>>  3e3e3e3e3e3e3e3e3e3e3e3e3e3e3e3e
       143  ,,,,,,,,,,,,,,,,  2c2c2c2c2c2c2c2c2c2c2c2c2c2c2c2c
        80  UUUUUUUUUUUUUUUU  55555555555555555555555555555555
        73  ................  0f0f0f0f0f0f0f0f0f0f0f0f0f0f0f0f
        57  ]]]]]]]]]]]]]]]]  5d5d5d5d5d5d5d5d5d5d5d5d5d5d5d5d
        50  [[[[[[[[[[[[[[[[  5b5b5b5b5b5b5b5b5b5b5b5b5b5b5b5b
        45  cccccccccccccccc  63636363636363636363636363636363
        44  ................  c7c7c7c7c7c7c7c7c7c7c7c7c7c7c7c7
        39  ................  a4a4a4a4a4a4a4a4a4a4a4a4a4a4a4a4
        39  ................  a0a0a0a0a0a0a0a0a0a0a0a0a0a0a0a0
# epoch 12800  H=7.9677 C=7.8681 HO=0.0858  A(t)=278
       220  >>>>>>>>>>>>>>>>  3e3e3e3e3e3e3e3e3e3e3e3e3e3e3e3e
       146  ,,,,,,,,,,,,,,,,  2c2c2c2c2c2c2c2c2c2c2c2c2c2c2c2c
        69  UUUUUUUUUUUUUUUU  55555555555555555555555555555555
        49  ................  a8a8a8a8a8a8a8a8a8a8a8a8a8a8a8a8
        47  ]]]]]]]]]]]]]]]]  5d5d5d5d5d5d5d5d5d5d5d5d5d5d5d5d
        45  ----------------  2d2d2d2d2d2d2d2d2d2d2d2d2d2d2d2d
        44  ................  c7c7c7c7c7c7c7c7c7c7c7c7c7c7c7c7
        44  ................  0f0f0f0f0f0f0f0f0f0f0f0f0f0f0f0f
        39  ................  a4a4a4a4a4a4a4a4a4a4a4a4a4a4a4a4
        35  [[[[[[[[[[[[[[[[  5b5b5b5b5b5b5b5b5b5b5b5b5b5b5b5b
# epoch 12850  H=7.9679 C=7.8661 HO=0.0844  A(t)=278
       186  >>>>>>>>>>>>>>>>  3e3e3e3e3e3e3e3e3e3e3e3e3e3e3e3e
       146  ................  01010101010101010101010101010101
        86  ,,,,,,,,,,,,,,,,  2c2c2c2c2c2c2c2c2c2c2c2c2c2c2c2c
        59  UUUUUUUUUUUUUUUU  55555555555555555555555555555555
        49  ................  a8a8a8a8a8a8a8a8a8a8a8a8a8a8a8a8
        48  ]]]]]]]]]]]]]]]]  5d5d5d5d5d5d5d5d5d5d5d5d5d5d5d5d
        46  <<<<<<<<<<<<<<<<  3c3c3c3c3c3c3c3c3c3c3c3c3c3c3c3c
        44  ................  c7c7c7c7c7c7c7c7c7c7c7c7c7c7c7c7
        41  ................  03030303030303030303030303030303
        34  [[[[[[[[[[[[[[[[  5b5b5b5b5b5b5b5b5b5b5b5b5b5b5b5b
# epoch 12900  H=7.9681 C=7.8690 HO=0.0860  A(t)=278
       149  >>>>>>>>>>>>>>>>  3e3e3e3e3e3e3e3e3e3e3e3e3e3e3e3e
       114  ................  01010101010101010101010101010101
        79  ,,,,,,,,,,,,,,,,  2c2c2c2c2c2c2c2c2c2c2c2c2c2c2c2c
        49  UUUUUUUUUUUUUUUU  55555555555555555555555555555555
        48  ................  08080808080808080808080808080808
        40  ................  c7c7c7c7c7c7c7c7c7c7c7c7c7c7c7c7
        37  ]]]]]]]]]]]]]]]]  5d5d5d5d5d5d5d5d5d5d5d5d5d5d5d5d
        34  [[[[[[[[[[[[[[[[  5b5b5b5b5b5b5b5b5b5b5b5b5b5b5b5b
        30  <<<<<<<<<<<<<<<<  3c3c3c3c3c3c3c3c3c3c3c3c3c3c3c3c
        29  ................  a4a4a4a4a4a4a4a4a4a4a4a4a4a4a4a4
# epoch 12950  H=7.9678 C=7.8696 HO=0.0836  A(t)=278
       189  >>>>>>>>>>>>>>>>  3e3e3e3e3e3e3e3e3e3e3e3e3e3e3e3e
       104  ................  01010101010101010101010101010101
        69  ,,,,,,,,,,,,,,,,  2c2c2c2c2c2c2c2c2c2c2c2c2c2c2c2c
        60  [[[[[[[[[[[[[[[[  5b5b5b5b5b5b5b5b5b5b5b5b5b5b5b5b
        49  yyyyyyyyyyyyyyyy  79797979797979797979797979797979
        48  ................  08080808080808080808080808080808
        43  \\\\\\\\\\\\\\\\  5c5c5c5c5c5c5c5c5c5c5c5c5c5c5c5c
        42  ................  00000000000000000000000000000000
        40  ................  c7c7c7c7c7c7c7c7c7c7c7c7c7c7c7c7
        32  ]]]]]]]]]]]]]]]]  5d5d5d5d5d5d5d5d5d5d5d5d5d5d5d5d
# epoch 13000  H=7.9680 C=7.8714 HO=0.0850  A(t)=278
       244  >>>>>>>>>>>>>>>>  3e3e3e3e3e3e3e3e3e3e3e3e3e3e3e3e
        87  ................  01010101010101010101010101010101
        62  ,,,,,,,,,,,,,,,,  2c2c2c2c2c2c2c2c2c2c2c2c2c2c2c2c
        42  ................  00000000000000000000000000000000
        34  [[[[[[[[[[[[[[[[  5b5b5b5b5b5b5b5b5b5b5b5b5b5b5b5b
        34  YYYYYYYYYYYYYYYY  59595959595959595959595959595959
        32  ................  08080808080808080808080808080808
        30  <<<<<<<<<<<<<<<<  3c3c3c3c3c3c3c3c3c3c3c3c3c3c3c3c
        29  ................  a4a4a4a4a4a4a4a4a4a4a4a4a4a4a4a4
        28  ................  d0d0d0d0d0d0d0d0d0d0d0d0d0d0d0d0
# epoch 13050  H=7.9678 C=7.8726 HO=0.0854  A(t)=278
       265  >>>>>>>>>>>>>>>>  3e3e3e3e3e3e3e3e3e3e3e3e3e3e3e3e
        81  ................  01010101010101010101010101010101
        62  ,,,,,,,,,,,,,,,,  2c2c2c2c2c2c2c2c2c2c2c2c2c2c2c2c
        39  ................  ffffffffffffffffffffffffffffffff
        33  YYYYYYYYYYYYYYYY  59595959595959595959595959595959
        28  ................  d0d0d0d0d0d0d0d0d0d0d0d0d0d0d0d0
        28  [[[[[[[[[[[[[[[[  5b5b5b5b5b5b5b5b5b5b5b5b5b5b5b5b
        27  <<<<<<<<<<<<<<<<  3c3c3c3c3c3c3c3c3c3c3c3c3c3c3c3c
        26  \\\\\\\\\\\\\\\\  5c5c5c5c5c5c5c5c5c5c5c5c5c5c5c5c
        24  ................  c7c7c7c7c7c7c7c7c7c7c7c7c7c7c7c7
# epoch 13100  H=7.9676 C=7.8721 HO=0.0818  A(t)=278
       273  >>>>>>>>>>>>>>>>  3e3e3e3e3e3e3e3e3e3e3e3e3e3e3e3e
        65  ,,,,,,,,,,,,,,,,  2c2c2c2c2c2c2c2c2c2c2c2c2c2c2c2c
        54  ................  01010101010101010101010101010101
        50  IIIIIIIIIIIIIIII  49494949494949494949494949494949
        37  ]]]]]]]]]]]]]]]]  5d5d5d5d5d5d5d5d5d5d5d5d5d5d5d5d
        33  YYYYYYYYYYYYYYYY  59595959595959595959595959595959
        28  ................  d0d0d0d0d0d0d0d0d0d0d0d0d0d0d0d0
        26  ................  ffffffffffffffffffffffffffffffff
        25  <<<<<<<<<<<<<<<<  3c3c3c3c3c3c3c3c3c3c3c3c3c3c3c3c
        24  ................  c7c7c7c7c7c7c7c7c7c7c7c7c7c7c7c7
# epoch 13150  H=7.9676 C=7.8689 HO=0.0838  A(t)=278
       250  >>>>>>>>>>>>>>>>  3e3e3e3e3e3e3e3e3e3e3e3e3e3e3e3e
        99  2222222222222222  32323232323232323232323232323232
        92  ................  a8a8a8a8a8a8a8a8a8a8a8a8a8a8a8a8
        78  ,,,,,,,,,,,,,,,,  2c2c2c2c2c2c2c2c2c2c2c2c2c2c2c2c
        55  ................  01010101010101010101010101010101
        37  ]]]]]]]]]]]]]]]]  5d5d5d5d5d5d5d5d5d5d5d5d5d5d5d5d
        33  YYYYYYYYYYYYYYYY  59595959595959595959595959595959
        31  ................  92929292929292929292929292929292
        31  UUUUUUUUUUUUUUUU  55555555555555555555555555555555
        30  IIIIIIIIIIIIIIII  49494949494949494949494949494949
# epoch 13200  H=7.9674 C=7.8680 HO=0.0855  A(t)=278
       241  >>>>>>>>>>>>>>>>  3e3e3e3e3e3e3e3e3e3e3e3e3e3e3e3e
       101  <<<<<<<<<<<<<<<<  3c3c3c3c3c3c3c3c3c3c3c3c3c3c3c3c
        98  ................  fcfcfcfcfcfcfcfcfcfcfcfcfcfcfcfc
        69  ................  a8a8a8a8a8a8a8a8a8a8a8a8a8a8a8a8
        69  2222222222222222  32323232323232323232323232323232
        40  ................  e8e8e8e8e8e8e8e8e8e8e8e8e8e8e8e8
        37  ]]]]]]]]]]]]]]]]  5d5d5d5d5d5d5d5d5d5d5d5d5d5d5d5d
        33  ,,,,,,,,,,,,,,,,  2c2c2c2c2c2c2c2c2c2c2c2c2c2c2c2c
        31  cccccccccccccccc  63636363636363636363636363636363
        30  IIIIIIIIIIIIIIII  49494949494949494949494949494949
# epoch 13250  H=7.9675 C=7.8655 HO=0.0869  A(t)=278
       232  >>>>>>>>>>>>>>>>  3e3e3e3e3e3e3e3e3e3e3e3e3e3e3e3e
       165  <<<<<<<<<<<<<<<<  3c3c3c3c3c3c3c3c3c3c3c3c3c3c3c3c
        97  ................  02020202020202020202020202020202
        82  ................  fcfcfcfcfcfcfcfcfcfcfcfcfcfcfcfc
        76  ----------------  2d2d2d2d2d2d2d2d2d2d2d2d2d2d2d2d
        69  ................  a8a8a8a8a8a8a8a8a8a8a8a8a8a8a8a8
        43  2222222222222222  32323232323232323232323232323232
        41  ,,,,,,,,,,,,,,,,  2c2c2c2c2c2c2c2c2c2c2c2c2c2c2c2c
        40  ................  e8e8e8e8e8e8e8e8e8e8e8e8e8e8e8e8
        31  ................  a2a2a2a2a2a2a2a2a2a2a2a2a2a2a2a2
# epoch 13300  H=7.9676 C=7.8687 HO=0.0838  A(t)=278
       197  >>>>>>>>>>>>>>>>  3e3e3e3e3e3e3e3e3e3e3e3e3e3e3e3e
       126  <<<<<<<<<<<<<<<<  3c3c3c3c3c3c3c3c3c3c3c3c3c3c3c3c
        81  ................  02020202020202020202020202020202
        72  ----------------  2d2d2d2d2d2d2d2d2d2d2d2d2d2d2d2d
        69  }}}}}}}}}}}}}}}}  7d7d7d7d7d7d7d7d7d7d7d7d7d7d7d7d
        68  ................  fcfcfcfcfcfcfcfcfcfcfcfcfcfcfcfc
        50  ................  a8a8a8a8a8a8a8a8a8a8a8a8a8a8a8a8
        47  cccccccccccccccc  63636363636363636363636363636363
        39  2222222222222222  32323232323232323232323232323232
        29  ................  a2a2a2a2a2a2a2a2a2a2a2a2a2a2a2a2
# epoch 13350  H=7.9680 C=7.8719 HO=0.0812  A(t)=278
       186  >>>>>>>>>>>>>>>>  3e3e3e3e3e3e3e3e3e3e3e3e3e3e3e3e
       102  <<<<<<<<<<<<<<<<  3c3c3c3c3c3c3c3c3c3c3c3c3c3c3c3c
        72  }}}}}}}}}}}}}}}}  7d7d7d7d7d7d7d7d7d7d7d7d7d7d7d7d
        71  ----------------  2d2d2d2d2d2d2d2d2d2d2d2d2d2d2d2d
        68  ................  fcfcfcfcfcfcfcfcfcfcfcfcfcfcfcfc
        67  ................  02020202020202020202020202020202
        50  ................  a8a8a8a8a8a8a8a8a8a8a8a8a8a8a8a8
        49  cccccccccccccccc  63636363636363636363636363636363
        37  ................  1a1a1a1a1a1a1a1a1a1a1a1a1a1a1a1a
        36  2222222222222222  32323232323232323232323232323232
# epoch 13400  H=7.9681 C=7.8720 HO=0.0818  A(t)=279
       147  >>>>>>>>>>>>>>>>  3e3e3e3e3e3e3e3e3e3e3e3e3e3e3e3e
       140  <<<<<<<<<<<<<<<<  3c3c3c3c3c3c3c3c3c3c3c3c3c3c3c3c
        63  }}}}}}}}}}}}}}}}  7d7d7d7d7d7d7d7d7d7d7d7d7d7d7d7d
        59  ,,,,,,,,,,,,,,,,  2c2c2c2c2c2c2c2c2c2c2c2c2c2c2c2c
        58  ----------------  2d2d2d2d2d2d2d2d2d2d2d2d2d2d2d2d
        50  ................  a8a8a8a8a8a8a8a8a8a8a8a8a8a8a8a8
        48  ................  9d9d9d9d9d9d9d9d9d9d9d9d9d9d9d9d
        48  ................  09090909090909090909090909090909
        47  ................  fcfcfcfcfcfcfcfcfcfcfcfcfcfcfcfc
        42  ................  cacacacacacacacacacacacacacacaca
# epoch 13450  H=7.9684 C=7.8750 HO=0.0798  A(t)=281
       147  >>>>>>>>>>>>>>>>  3e3e3e3e3e3e3e3e3e3e3e3e3e3e3e3e
       110  <<<<<<<<<<<<<<<<  3c3c3c3c3c3c3c3c3c3c3c3c3c3c3c3c
        62  }}}}}}}}}}}}}}}}  7d7d7d7d7d7d7d7d7d7d7d7d7d7d7d7d
        50  ................  a8a8a8a8a8a8a8a8a8a8a8a8a8a8a8a8
        48  ................  9d9d9d9d9d9d9d9d9d9d9d9d9d9d9d9d
        48  ................  09090909090909090909090909090909
        47  cccccccccccccccc  63636363636363636363636363636363
        46  QQQQQQQQQQQQQQQQ  51515151515151515151515151515151
        45  ................  fcfcfcfcfcfcfcfcfcfcfcfcfcfcfcfc
        42  ................  cacacacacacacacacacacacacacacaca
# epoch 13500  H=7.9689 C=7.8763 HO=0.0794  A(t)=281
       155  <<<<<<<<<<<<<<<<  3c3c3c3c3c3c3c3c3c3c3c3c3c3c3c3c
       125  >>>>>>>>>>>>>>>>  3e3e3e3e3e3e3e3e3e3e3e3e3e3e3e3e
        55  ,,,,,,,,,,,,,,,,  2c2c2c2c2c2c2c2c2c2c2c2c2c2c2c2c
        50  }}}}}}}}}}}}}}}}  7d7d7d7d7d7d7d7d7d7d7d7d7d7d7d7d
        50  ................  05050505050505050505050505050505
        46  ................  a8a8a8a8a8a8a8a8a8a8a8a8a8a8a8a8
        46  QQQQQQQQQQQQQQQQ  51515151515151515151515151515151
        45  ................  fcfcfcfcfcfcfcfcfcfcfcfcfcfcfcfc
        42  ................  cacacacacacacacacacacacacacacaca
        32  ................  09090909090909090909090909090909
# epoch 13550  H=7.9693 C=7.8784 HO=0.0748  A(t)=281
       139  <<<<<<<<<<<<<<<<  3c3c3c3c3c3c3c3c3c3c3c3c3c3c3c3c
        92  >>>>>>>>>>>>>>>>  3e3e3e3e3e3e3e3e3e3e3e3e3e3e3e3e
        48  ................  05050505050505050505050505050505
        46  ................  a8a8a8a8a8a8a8a8a8a8a8a8a8a8a8a8
        46  QQQQQQQQQQQQQQQQ  51515151515151515151515151515151
        43  }}}}}}}}}}}}}}}}  7d7d7d7d7d7d7d7d7d7d7d7d7d7d7d7d
        42  ................  cacacacacacacacacacacacacacacaca
        32  ................  9d9d9d9d9d9d9d9d9d9d9d9d9d9d9d9d
        31  cccccccccccccccc  63636363636363636363636363636363
        30  ,,,,,,,,,,,,,,,,  2c2c2c2c2c2c2c2c2c2c2c2c2c2c2c2c
# epoch 13600  H=7.9693 C=7.8784 HO=0.0783  A(t)=281
       123  <<<<<<<<<<<<<<<<  3c3c3c3c3c3c3c3c3c3c3c3c3c3c3c3c
        73  ,,,,,,,,,,,,,,,,  2c2c2c2c2c2c2c2c2c2c2c2c2c2c2c2c
        66  >>>>>>>>>>>>>>>>  3e3e3e3e3e3e3e3e3e3e3e3e3e3e3e3e
        49  ................  06060606060606060606060606060606
        48  ................  05050505050505050505050505050505
        47  &&&&&&&&&&&&&&&&  26262626262626262626262626262626
        46  ................  a8a8a8a8a8a8a8a8a8a8a8a8a8a8a8a8
        46  QQQQQQQQQQQQQQQQ  51515151515151515151515151515151
        43  oooooooooooooooo  6f6f6f6f6f6f6f6f6f6f6f6f6f6f6f6f
        38  }}}}}}}}}}}}}}}}  7d7d7d7d7d7d7d7d7d7d7d7d7d7d7d7d
# epoch 13650  H=7.9696 C=7.8806 HO=0.0762  A(t)=281
       106  <<<<<<<<<<<<<<<<  3c3c3c3c3c3c3c3c3c3c3c3c3c3c3c3c
        84  >>>>>>>>>>>>>>>>  3e3e3e3e3e3e3e3e3e3e3e3e3e3e3e3e
        64  ,,,,,,,,,,,,,,,,  2c2c2c2c2c2c2c2c2c2c2c2c2c2c2c2c
        47  cccccccccccccccc  63636363636363636363636363636363
        47  &&&&&&&&&&&&&&&&  26262626262626262626262626262626
        47  ................  06060606060606060606060606060606
        46  ................  a8a8a8a8a8a8a8a8a8a8a8a8a8a8a8a8
        46  QQQQQQQQQQQQQQQQ  51515151515151515151515151515151
        31  ................  05050505050505050505050505050505
        27  oooooooooooooooo  6f6f6f6f6f6f6f6f6f6f6f6f6f6f6f6f
# epoch 13700  H=7.9698 C=7.8793 HO=0.0784  A(t)=281
        90  >>>>>>>>>>>>>>>>  3e3e3e3e3e3e3e3e3e3e3e3e3e3e3e3e
        88  <<<<<<<<<<<<<<<<  3c3c3c3c3c3c3c3c3c3c3c3c3c3c3c3c
        72  ,,,,,,,,,,,,,,,,  2c2c2c2c2c2c2c2c2c2c2c2c2c2c2c2c
        51  ................  ffffffffffffffffffffffffffffffff
        49  ZZZZZZZZZZZZZZZZ  5a5a5a5a5a5a5a5a5a5a5a5a5a5a5a5a
        47  cccccccccccccccc  63636363636363636363636363636363
        47  ................  1f1f1f1f1f1f1f1f1f1f1f1f1f1f1f1f
        46  QQQQQQQQQQQQQQQQ  51515151515151515151515151515151
        39  ................  1e1e1e1e1e1e1e1e1e1e1e1e1e1e1e1e
        32  ................  a8a8a8a8a8a8a8a8a8a8a8a8a8a8a8a8
# epoch 13750  H=7.9698 C=7.8801 HO=0.0779  A(t)=281
       143  >>>>>>>>>>>>>>>>  3e3e3e3e3e3e3e3e3e3e3e3e3e3e3e3e
        82  <<<<<<<<<<<<<<<<  3c3c3c3c3c3c3c3c3c3c3c3c3c3c3c3c
        72  ,,,,,,,,,,,,,,,,  2c2c2c2c2c2c2c2c2c2c2c2c2c2c2c2c
        51  ................  ffffffffffffffffffffffffffffffff
        49  ................  f0f0f0f0f0f0f0f0f0f0f0f0f0f0f0f0
        48  cccccccccccccccc  63636363636363636363636363636363
        47  ................  1f1f1f1f1f1f1f1f1f1f1f1f1f1f1f1f
        46  QQQQQQQQQQQQQQQQ  51515151515151515151515151515151
        44  ................  02020202020202020202020202020202
        35  ZZZZZZZZZZZZZZZZ  5a5a5a5a5a5a5a5a5a5a5a5a5a5a5a5a
# epoch 13800  H=7.9698 C=7.8804 HO=0.0788  A(t)=281
       205  >>>>>>>>>>>>>>>>  3e3e3e3e3e3e3e3e3e3e3e3e3e3e3e3e
        82  <<<<<<<<<<<<<<<<  3c3c3c3c3c3c3c3c3c3c3c3c3c3c3c3c
        63  ZZZZZZZZZZZZZZZZ  5a5a5a5a5a5a5a5a5a5a5a5a5a5a5a5a
        53  ,,,,,,,,,,,,,,,,  2c2c2c2c2c2c2c2c2c2c2c2c2c2c2c2c
        48  WWWWWWWWWWWWWWWW  57575757575757575757575757575757
        48  !!!!!!!!!!!!!!!!  21212121212121212121212121212121
        47  cccccccccccccccc  63636363636363636363636363636363
        46  FFFFFFFFFFFFFFFF  46464646464646464646464646464646
        44  ................  02020202020202020202020202020202
        42  ................  ffffffffffffffffffffffffffffffff
# epoch 13850  H=7.9697 C=7.8790 HO=0.0745  A(t)=281
       208  >>>>>>>>>>>>>>>>  3e3e3e3e3e3e3e3e3e3e3e3e3e3e3e3e
        74  <<<<<<<<<<<<<<<<  3c3c3c3c3c3c3c3c3c3c3c3c3c3c3c3c
        48  ................  bdbdbdbdbdbdbdbdbdbdbdbdbdbdbdbd
        48  cccccccccccccccc  63636363636363636363636363636363
        47  ................  cccccccccccccccccccccccccccccccc
        47  ZZZZZZZZZZZZZZZZ  5a5a5a5a5a5a5a5a5a5a5a5a5a5a5a5a
        45  !!!!!!!!!!!!!!!!  21212121212121212121212121212121
        44  ................  02020202020202020202020202020202
        42  ]]]]]]]]]]]]]]]]  5d5d5d5d5d5d5d5d5d5d5d5d5d5d5d5d
        34  WWWWWWWWWWWWWWWW  57575757575757575757575757575757
# epoch 13900  H=7.9698 C=7.8783 HO=0.0760  A(t)=281
       251  >>>>>>>>>>>>>>>>  3e3e3e3e3e3e3e3e3e3e3e3e3e3e3e3e
        80  <<<<<<<<<<<<<<<<  3c3c3c3c3c3c3c3c3c3c3c3c3c3c3c3c
        57  ................  0e0e0e0e0e0e0e0e0e0e0e0e0e0e0e0e
        47  ................  d9d9d9d9d9d9d9d9d9d9d9d9d9d9d9d9
        47  ................  cccccccccccccccccccccccccccccccc
        47  ................  bdbdbdbdbdbdbdbdbdbdbdbdbdbdbdbd
        47  cccccccccccccccc  63636363636363636363636363636363
        37  ZZZZZZZZZZZZZZZZ  5a5a5a5a5a5a5a5a5a5a5a5a5a5a5a5a
        31  ................  f0f0f0f0f0f0f0f0f0f0f0f0f0f0f0f0
        29  ................  e6e6e6e6e6e6e6e6e6e6e6e6e6e6e6e6
# epoch 13950  H=7.9702 C=7.8777 HO=0.0769  A(t)=281
       230  >>>>>>>>>>>>>>>>  3e3e3e3e3e3e3e3e3e3e3e3e3e3e3e3e
        61  <<<<<<<<<<<<<<<<  3c3c3c3c3c3c3c3c3c3c3c3c3c3c3c3c
        56  ................  0e0e0e0e0e0e0e0e0e0e0e0e0e0e0e0e
        48  [[[[[[[[[[[[[[[[  5b5b5b5b5b5b5b5b5b5b5b5b5b5b5b5b
        47  ................  d9d9d9d9d9d9d9d9d9d9d9d9d9d9d9d9
        47  ................  c4c4c4c4c4c4c4c4c4c4c4c4c4c4c4c4
        46  cccccccccccccccc  63636363636363636363636363636363
        41  ................  bdbdbdbdbdbdbdbdbdbdbdbdbdbdbdbd
        41  ................  2e2e2e2e2e2e2e2e2e2e2e2e2e2e2e2e
        37  ZZZZZZZZZZZZZZZZ  5a5a5a5a5a5a5a5a5a5a5a5a5a5a5a5a
# epoch 14000  H=7.9705 C=7.8775 HO=0.0751  A(t)=281
       227  >>>>>>>>>>>>>>>>  3e3e3e3e3e3e3e3e3e3e3e3e3e3e3e3e
        64  <<<<<<<<<<<<<<<<  3c3c3c3c3c3c3c3c3c3c3c3c3c3c3c3c
        52  [[[[[[[[[[[[[[[[  5b5b5b5b5b5b5b5b5b5b5b5b5b5b5b5b
        48  ................  7f7f7f7f7f7f7f7f7f7f7f7f7f7f7f7f
        47  ................  c4c4c4c4c4c4c4c4c4c4c4c4c4c4c4c4
        46  cccccccccccccccc  63636363636363636363636363636363
        42  ................  2e2e2e2e2e2e2e2e2e2e2e2e2e2e2e2e
        41  ................  bdbdbdbdbdbdbdbdbdbdbdbdbdbdbdbd
        34  ................  fbfbfbfbfbfbfbfbfbfbfbfbfbfbfbfb
        34  ................  04040404040404040404040404040404
# epoch 14050  H=7.9704 C=7.8780 HO=0.0736  A(t)=281
       258  >>>>>>>>>>>>>>>>  3e3e3e3e3e3e3e3e3e3e3e3e3e3e3e3e
        64  <<<<<<<<<<<<<<<<  3c3c3c3c3c3c3c3c3c3c3c3c3c3c3c3c
        61  ................  ffffffffffffffffffffffffffffffff
        48  ................  7f7f7f7f7f7f7f7f7f7f7f7f7f7f7f7f
        46  cccccccccccccccc  63636363636363636363636363636363
        41  ................  bdbdbdbdbdbdbdbdbdbdbdbdbdbdbdbd
        37  ................  fafafafafafafafafafafafafafafafa
        37  ................  c4c4c4c4c4c4c4c4c4c4c4c4c4c4c4c4
        35  [[[[[[[[[[[[[[[[  5b5b5b5b5b5b5b5b5b5b5b5b5b5b5b5b
        33  ................  d1d1d1d1d1d1d1d1d1d1d1d1d1d1d1d1
# epoch 14100  H=7.9704 C=7.8778 HO=0.0748  A(t)=281
       212  >>>>>>>>>>>>>>>>  3e3e3e3e3e3e3e3e3e3e3e3e3e3e3e3e
        68  [[[[[[[[[[[[[[[[  5b5b5b5b5b5b5b5b5b5b5b5b5b5b5b5b
        61  ................  ffffffffffffffffffffffffffffffff
        60  {{{{{{{{{{{{{{{{  7b7b7b7b7b7b7b7b7b7b7b7b7b7b7b7b
        60  <<<<<<<<<<<<<<<<  3c3c3c3c3c3c3c3c3c3c3c3c3c3c3c3c
        48  ................  7f7f7f7f7f7f7f7f7f7f7f7f7f7f7f7f
        48  &&&&&&&&&&&&&&&&  26262626262626262626262626262626
        46  cccccccccccccccc  63636363636363636363636363636363
        44  ................  f2f2f2f2f2f2f2f2f2f2f2f2f2f2f2f2
        37  ................  c4c4c4c4c4c4c4c4c4c4c4c4c4c4c4c4
# epoch 14150  H=7.9707 C=7.8779 HO=0.0772  A(t)=281
       194  >>>>>>>>>>>>>>>>  3e3e3e3e3e3e3e3e3e3e3e3e3e3e3e3e
        77  ,,,,,,,,,,,,,,,,  2c2c2c2c2c2c2c2c2c2c2c2c2c2c2c2c
        61  ................  ffffffffffffffffffffffffffffffff
        60  {{{{{{{{{{{{{{{{  7b7b7b7b7b7b7b7b7b7b7b7b7b7b7b7b
        49  [[[[[[[[[[[[[[[[  5b5b5b5b5b5b5b5b5b5b5b5b5b5b5b5b
        48  ................  7f7f7f7f7f7f7f7f7f7f7f7f7f7f7f7f
        47  ................  dfdfdfdfdfdfdfdfdfdfdfdfdfdfdfdf
        47  ||||||||||||||||  7c7c7c7c7c7c7c7c7c7c7c7c7c7c7c7c
        47  &&&&&&&&&&&&&&&&  26262626262626262626262626262626
        46  XXXXXXXXXXXXXXXX  58585858585858585858585858585858
# epoch 14200  H=7.9710 C=7.8740 HO=0.0812  A(t)=281
       192  >>>>>>>>>>>>>>>>  3e3e3e3e3e3e3e3e3e3e3e3e3e3e3e3e
       110  ................  89898989898989898989898989898989
        84  ,,,,,,,,,,,,,,,,  2c2c2c2c2c2c2c2c2c2c2c2c2c2c2c2c
        75  ................  94949494949494949494949494949494
        61  ................  ffffffffffffffffffffffffffffffff
        56  dddddddddddddddd  64646464646464646464646464646464
        54  ................  0e0e0e0e0e0e0e0e0e0e0e0e0e0e0e0e
        49  KKKKKKKKKKKKKKKK  4b4b4b4b4b4b4b4b4b4b4b4b4b4b4b4b
        48  ................  7f7f7f7f7f7f7f7f7f7f7f7f7f7f7f7f
        44  RRRRRRRRRRRRRRRR  52525252525252525252525252525252
# epoch 14250  H=7.9711 C=7.8753 HO=0.0817  A(t)=281
       193  >>>>>>>>>>>>>>>>  3e3e3e3e3e3e3e3e3e3e3e3e3e3e3e3e
        94  ................  89898989898989898989898989898989
        74  ,,,,,,,,,,,,,,,,  2c2c2c2c2c2c2c2c2c2c2c2c2c2c2c2c
        64  ................  94949494949494949494949494949494
        61  ................  ffffffffffffffffffffffffffffffff
        54  ................  0e0e0e0e0e0e0e0e0e0e0e0e0e0e0e0e
        52  cccccccccccccccc  63636363636363636363636363636363
        49  dddddddddddddddd  64646464646464646464646464646464
        48  ................  7f7f7f7f7f7f7f7f7f7f7f7f7f7f7f7f
        48  KKKKKKKKKKKKKKKK  4b4b4b4b4b4b4b4b4b4b4b4b4b4b4b4b
# epoch 14300  H=7.9711 C=7.8741 HO=0.0788  A(t)=281
       149  >>>>>>>>>>>>>>>>  3e3e3e3e3e3e3e3e3e3e3e3e3e3e3e3e
        81  ................  8d8d8d8d8d8d8d8d8d8d8d8d8d8d8d8d
        75  ................  89898989898989898989898989898989
        73  [[[[[[[[[[[[[[[[  5b5b5b5b5b5b5b5b5b5b5b5b5b5b5b5b
        64  ................  94949494949494949494949494949494
        61  ................  ffffffffffffffffffffffffffffffff
        60  ,,,,,,,,,,,,,,,,  2c2c2c2c2c2c2c2c2c2c2c2c2c2c2c2c
        58  ................  2e2e2e2e2e2e2e2e2e2e2e2e2e2e2e2e
        57  ................  dbdbdbdbdbdbdbdbdbdbdbdbdbdbdbdb
        46  ................  7f7f7f7f7f7f7f7f7f7f7f7f7f7f7f7f
# epoch 14350  H=7.9711 C=7.8746 HO=0.0795  A(t)=281
       180  >>>>>>>>>>>>>>>>  3e3e3e3e3e3e3e3e3e3e3e3e3e3e3e3e
        96  IIIIIIIIIIIIIIII  49494949494949494949494949494949
        76  <<<<<<<<<<<<<<<<  3c3c3c3c3c3c3c3c3c3c3c3c3c3c3c3c
        75  ................  89898989898989898989898989898989
        70  [[[[[[[[[[[[[[[[  5b5b5b5b5b5b5b5b5b5b5b5b5b5b5b5b
        69  ................  8d8d8d8d8d8d8d8d8d8d8d8d8d8d8d8d
        57  ................  2e2e2e2e2e2e2e2e2e2e2e2e2e2e2e2e
        54  ................  94949494949494949494949494949494
        45  ................  ffffffffffffffffffffffffffffffff
        41  ................  dbdbdbdbdbdbdbdbdbdbdbdbdbdbdbdb
# epoch 14400  H=7.9712 C=7.8771 HO=0.0803  A(t)=281
       193  >>>>>>>>>>>>>>>>  3e3e3e3e3e3e3e3e3e3e3e3e3e3e3e3e
       111  [[[[[[[[[[[[[[[[  5b5b5b5b5b5b5b5b5b5b5b5b5b5b5b5b
        80  <<<<<<<<<<<<<<<<  3c3c3c3c3c3c3c3c3c3c3c3c3c3c3c3c
        65  IIIIIIIIIIIIIIII  49494949494949494949494949494949
        58  ................  89898989898989898989898989898989
        55  ................  8d8d8d8d8d8d8d8d8d8d8d8d8d8d8d8d
        54  ................  94949494949494949494949494949494
        52  ________________  5f5f5f5f5f5f5f5f5f5f5f5f5f5f5f5f
        52  ................  2e2e2e2e2e2e2e2e2e2e2e2e2e2e2e2e
        45  ................  ffffffffffffffffffffffffffffffff
# epoch 14450  H=7.9714 C=7.8790 HO=0.0744  A(t)=281
       237  >>>>>>>>>>>>>>>>  3e3e3e3e3e3e3e3e3e3e3e3e3e3e3e3e
        89  [[[[[[[[[[[[[[[[  5b5b5b5b5b5b5b5b5b5b5b5b5b5b5b5b
        75  <<<<<<<<<<<<<<<<  3c3c3c3c3c3c3c3c3c3c3c3c3c3c3c3c
        54  ................  94949494949494949494949494949494
        53  ................  8d8d8d8d8d8d8d8d8d8d8d8d8d8d8d8d
        52  IIIIIIIIIIIIIIII  49494949494949494949494949494949
        50  ................  89898989898989898989898989898989
        49  ................  2e2e2e2e2e2e2e2e2e2e2e2e2e2e2e2e
        45  ................  ffffffffffffffffffffffffffffffff
        41  ................  dbdbdbdbdbdbdbdbdbdbdbdbdbdbdbdb
# epoch 14500  H=7.9715 C=7.8804 HO=0.0745  A(t)=281
       249  >>>>>>>>>>>>>>>>  3e3e3e3e3e3e3e3e3e3e3e3e3e3e3e3e
        77  <<<<<<<<<<<<<<<<  3c3c3c3c3c3c3c3c3c3c3c3c3c3c3c3c
        75  ................  acacacacacacacacacacacacacacacac
        67  [[[[[[[[[[[[[[[[  5b5b5b5b5b5b5b5b5b5b5b5b5b5b5b5b
        54  ................  94949494949494949494949494949494
        49  ................  2e2e2e2e2e2e2e2e2e2e2e2e2e2e2e2e
        45  ................  ffffffffffffffffffffffffffffffff
        42  IIIIIIIIIIIIIIII  49494949494949494949494949494949
        40  ................  dbdbdbdbdbdbdbdbdbdbdbdbdbdbdbdb
        35  ________________  5f5f5f5f5f5f5f5f5f5f5f5f5f5f5f5f
# epoch 14550  H=7.9711 C=7.8781 HO=0.0771  A(t)=283
       257  >>>>>>>>>>>>>>>>  3e3e3e3e3e3e3e3e3e3e3e3e3e3e3e3e
       158  [[[[[[[[[[[[[[[[  5b5b5b5b5b5b5b5b5b5b5b5b5b5b5b5b
        59  ................  acacacacacacacacacacacacacacacac
        54  ................  94949494949494949494949494949494
        49  ]]]]]]]]]]]]]]]]  5d5d5d5d5d5d5d5d5d5d5d5d5d5d5d5d
        47  ................  86868686868686868686868686868686
        43  <<<<<<<<<<<<<<<<  3c3c3c3c3c3c3c3c3c3c3c3c3c3c3c3c
        39  ................  ffffffffffffffffffffffffffffffff
        39  ................  2e2e2e2e2e2e2e2e2e2e2e2e2e2e2e2e
        38  ................  96969696969696969696969696969696
# epoch 14600  H=7.9714 C=7.8810 HO=0.0776  A(t)=283
       201  >>>>>>>>>>>>>>>>  3e3e3e3e3e3e3e3e3e3e3e3e3e3e3e3e
       119  [[[[[[[[[[[[[[[[  5b5b5b5b5b5b5b5b5b5b5b5b5b5b5b5b
        59  ................  acacacacacacacacacacacacacacacac
        53  ................  94949494949494949494949494949494
        49  ]]]]]]]]]]]]]]]]  5d5d5d5d5d5d5d5d5d5d5d5d5d5d5d5d
        40  ................  86868686868686868686868686868686
        39  {{{{{{{{{{{{{{{{  7b7b7b7b7b7b7b7b7b7b7b7b7b7b7b7b
        36  ................  d7d7d7d7d7d7d7d7d7d7d7d7d7d7d7d7
        34  ................  ffffffffffffffffffffffffffffffff
        32  ................  8d8d8d8d8d8d8d8d8d8d8d8d8d8d8d8d
# epoch 14650  H=7.9715 C=7.8826 HO=0.0743  A(t)=283
       200  >>>>>>>>>>>>>>>>  3e3e3e3e3e3e3e3e3e3e3e3e3e3e3e3e
        98  [[[[[[[[[[[[[[[[  5b5b5b5b5b5b5b5b5b5b5b5b5b5b5b5b
        60  ................  86868686868686868686868686868686
        59  ................  acacacacacacacacacacacacacacacac
        49  ]]]]]]]]]]]]]]]]  5d5d5d5d5d5d5d5d5d5d5d5d5d5d5d5d
        47  ................  94949494949494949494949494949494
        40  <<<<<<<<<<<<<<<<  3c3c3c3c3c3c3c3c3c3c3c3c3c3c3c3c
        34  ................  ffffffffffffffffffffffffffffffff
        28  ................  9b9b9b9b9b9b9b9b9b9b9b9b9b9b9b9b
        27  ................  96969696969696969696969696969696
# epoch 14700  H=7.9712 C=7.8789 HO=0.0788  A(t)=283
       197  >>>>>>>>>>>>>>>>  3e3e3e3e3e3e3e3e3e3e3e3e3e3e3e3e
        73  [[[[[[[[[[[[[[[[  5b5b5b5b5b5b5b5b5b5b5b5b5b5b5b5b
        66  <<<<<<<<<<<<<<<<  3c3c3c3c3c3c3c3c3c3c3c3c3c3c3c3c
        60  ................  86868686868686868686868686868686
        49  ]]]]]]]]]]]]]]]]  5d5d5d5d5d5d5d5d5d5d5d5d5d5d5d5d
        48  ................  acacacacacacacacacacacacacacacac
        39  ................  adadadadadadadadadadadadadadadad
        36  \\\\\\\\\\\\\\\\  5c5c5c5c5c5c5c5c5c5c5c5c5c5c5c5c
        33  ................  94949494949494949494949494949494
        30  }}}}}}}}}}}}}}}}  7d7d7d7d7d7d7d7d7d7d7d7d7d7d7d7d
# epoch 14750  H=7.9708 C=7.8761 HO=0.0769  A(t)=283
       173  >>>>>>>>>>>>>>>>  3e3e3e3e3e3e3e3e3e3e3e3e3e3e3e3e
       132  ]]]]]]]]]]]]]]]]  5d5d5d5d5d5d5d5d5d5d5d5d5d5d5d5d
        82  ................  8c8c8c8c8c8c8c8c8c8c8c8c8c8c8c8c
        60  ................  86868686868686868686868686868686
        54  [[[[[[[[[[[[[[[[  5b5b5b5b5b5b5b5b5b5b5b5b5b5b5b5b
        39  ................  adadadadadadadadadadadadadadadad
        35  ................  c6c6c6c6c6c6c6c6c6c6c6c6c6c6c6c6
        35  ................  acacacacacacacacacacacacacacacac
        35  \\\\\\\\\\\\\\\\  5c5c5c5c5c5c5c5c5c5c5c5c5c5c5c5c
        33  ................  94949494949494949494949494949494
# epoch 14800  H=7.9708 C=7.8774 HO=0.0787  A(t)=283
       184  >>>>>>>>>>>>>>>>  3e3e3e3e3e3e3e3e3e3e3e3e3e3e3e3e
        92  ]]]]]]]]]]]]]]]]  5d5d5d5d5d5d5d5d5d5d5d5d5d5d5d5d
        82  ................  8c8c8c8c8c8c8c8c8c8c8c8c8c8c8c8c
        58  <<<<<<<<<<<<<<<<  3c3c3c3c3c3c3c3c3c3c3c3c3c3c3c3c
        47  [[[[[[[[[[[[[[[[  5b5b5b5b5b5b5b5b5b5b5b5b5b5b5b5b
        42  ................  86868686868686868686868686868686
        39  ................  adadadadadadadadadadadadadadadad
        35  \\\\\\\\\\\\\\\\  5c5c5c5c5c5c5c5c5c5c5c5c5c5c5c5c
        33  ................  94949494949494949494949494949494
        32  ................  acacacacacacacacacacacacacacacac
# epoch 14850  H=7.9712 C=7.8790 HO=0.0778  A(t)=283
       121  >>>>>>>>>>>>>>>>  3e3e3e3e3e3e3e3e3e3e3e3e3e3e3e3e
        82  ................  8c8c8c8c8c8c8c8c8c8c8c8c8c8c8c8c
        80  ]]]]]]]]]]]]]]]]  5d5d5d5d5d5d5d5d5d5d5d5d5d5d5d5d
        48  <<<<<<<<<<<<<<<<  3c3c3c3c3c3c3c3c3c3c3c3c3c3c3c3c
        42  ................  86868686868686868686868686868686
        40  [[[[[[[[[[[[[[[[  5b5b5b5b5b5b5b5b5b5b5b5b5b5b5b5b
        35  \\\\\\\\\\\\\\\\  5c5c5c5c5c5c5c5c5c5c5c5c5c5c5c5c
        32  ................  acacacacacacacacacacacacacacacac
        31  @@@@@@@@@@@@@@@@  40404040404040404040404040404040
        28  ................  9b9b9b9b9b9b9b9b9b9b9b9b9b9b9b9b
# epoch 14900  H=7.9715 C=7.8805 HO=0.0735  A(t)=283
        94  >>>>>>>>>>>>>>>>  3e3e3e3e3e3e3e3e3e3e3e3e3e3e3e3e
        74  ................  8c8c8c8c8c8c8c8c8c8c8c8c8c8c8c8c
        67  ]]]]]]]]]]]]]]]]  5d5d5d5d5d5d5d5d5d5d5d5d5d5d5d5d
        65  ................  91919191919191919191919191919191
        51  <<<<<<<<<<<<<<<<  3c3c3c3c3c3c3c3c3c3c3c3c3c3c3c3c
        43  YYYYYYYYYYYYYYYY  59595959595959595959595959595959
        42  ................  86868686868686868686868686868686
        40  [[[[[[[[[[[[[[[[  5b5b5b5b5b5b5b5b5b5b5b5b5b5b5b5b
        30  @@@@@@@@@@@@@@@@  40404040404040404040404040404040
        29  ................  acacacacacacacacacacacacacacacac
# epoch 14950  H=7.9712 C=7.8811 HO=0.0739  A(t)=285
       127  >>>>>>>>>>>>>>>>  3e3e3e3e3e3e3e3e3e3e3e3e3e3e3e3e
        77  ................  9b9b9b9b9b9b9b9b9b9b9b9b9b9b9b9b
        74  ................  8c8c8c8c8c8c8c8c8c8c8c8c8c8c8c8c
        58  [[[[[[[[[[[[[[[[  5b5b5b5b5b5b5b5b5b5b5b5b5b5b5b5b
        57  ]]]]]]]]]]]]]]]]  5d5d5d5d5d5d5d5d5d5d5d5d5d5d5d5d
        48  ,,,,,,,,,,,,,,,,  2c2c2c2c2c2c2c2c2c2c2c2c2c2c2c2c
        45  ................  91919191919191919191919191919191
        45  <<<<<<<<<<<<<<<<  3c3c3c3c3c3c3c3c3c3c3c3c3c3c3c3c
        33  ................  86868686868686868686868686868686
        33  YYYYYYYYYYYYYYYY  59595959595959595959595959595959
# epoch 15000  H=7.9711 C=7.8769 HO=0.0772  A(t)=285
       177  >>>>>>>>>>>>>>>>  3e3e3e3e3e3e3e3e3e3e3e3e3e3e3e3e
       109  ................  1d1d1d1d1d1d1d1d1d1d1d1d1d1d1d1d
        74  ................  8c8c8c8c8c8c8c8c8c8c8c8c8c8c8c8c
        58  ................  9b9b9b9b9b9b9b9b9b9b9b9b9b9b9b9b
        58  [[[[[[[[[[[[[[[[  5b5b5b5b5b5b5b5b5b5b5b5b5b5b5b5b
        51  ]]]]]]]]]]]]]]]]  5d5d5d5d5d5d5d5d5d5d5d5d5d5d5d5d
        48  ,,,,,,,,,,,,,,,,  2c2c2c2c2c2c2c2c2c2c2c2c2c2c2c2c
        47  <<<<<<<<<<<<<<<<  3c3c3c3c3c3c3c3c3c3c3c3c3c3c3c3c
        45  ................  91919191919191919191919191919191
        43  ................  d0d0d0d0d0d0d0d0d0d0d0d0d0d0d0d0
# epoch 15050  H=7.9708 C=7.8752 HO=0.0767  A(t)=285
       208  >>>>>>>>>>>>>>>>  3e3e3e3e3e3e3e3e3e3e3e3e3e3e3e3e
       103  ................  1d1d1d1d1d1d1d1d1d1d1d1d1d1d1d1d
        56  ................  8c8c8c8c8c8c8c8c8c8c8c8c8c8c8c8c
        49  OOOOOOOOOOOOOOOO  4f4f4f4f4f4f4f4f4f4f4f4f4f4f4f4f
        48  ,,,,,,,,,,,,,,,,  2c2c2c2c2c2c2c2c2c2c2c2c2c2c2c2c
        48  ................  01010101010101010101010101010101
        46  [[[[[[[[[[[[[[[[  5b5b5b5b5b5b5b5b5b5b5b5b5b5b5b5b
        42  ................  9b9b9b9b9b9b9b9b9b9b9b9b9b9b9b9b
        40  <<<<<<<<<<<<<<<<  3c3c3c3c3c3c3c3c3c3c3c3c3c3c3c3c
        37  ................  91919191919191919191919191919191
# epoch 15100  H=7.9712 C=7.8767 HO=0.0781  A(t)=285
       222  >>>>>>>>>>>>>>>>  3e3e3e3e3e3e3e3e3e3e3e3e3e3e3e3e
        87  ................  1d1d1d1d1d1d1d1d1d1d1d1d1d1d1d1d
        49  OOOOOOOOOOOOOOOO  4f4f4f4f4f4f4f4f4f4f4f4f4f4f4f4f
        48  ,,,,,,,,,,,,,,,,  2c2c2c2c2c2c2c2c2c2c2c2c2c2c2c2c
        48  ................  01010101010101010101010101010101
        42  ................  8c8c8c8c8c8c8c8c8c8c8c8c8c8c8c8c
        42  [[[[[[[[[[[[[[[[  5b5b5b5b5b5b5b5b5b5b5b5b5b5b5b5b
        37  ................  91919191919191919191919191919191
        34  ]]]]]]]]]]]]]]]]  5d5d5d5d5d5d5d5d5d5d5d5d5d5d5d5d
        34  <<<<<<<<<<<<<<<<  3c3c3c3c3c3c3c3c3c3c3c3c3c3c3c3c
# epoch 15150  H=7.9712 C=7.8724 HO=0.0801  A(t)=286
       221  >>>>>>>>>>>>>>>>  3e3e3e3e3e3e3e3e3e3e3e3e3e3e3e3e
        97  PPPPPPPPPPPPPPPP  50505050505050505050505050505050
        95  ................  01010101010101010101010101010101
        69  ................  1d1d1d1d1d1d1d1d1d1d1d1d1d1d1d1d
        54  ................  86868686868686868686868686868686
        49  ................  b2b2b2b2b2b2b2b2b2b2b2b2b2b2b2b2
        49  OOOOOOOOOOOOOOOO  4f4f4f4f4f4f4f4f4f4f4f4f4f4f4f4f
        42  ................  8c8c8c8c8c8c8c8c8c8c8c8c8c8c8c8c
        42  [[[[[[[[[[[[[[[[  5b5b5b5b5b5b5b5b5b5b5b5b5b5b5b5b
        41  ................  0e0e0e0e0e0e0e0e0e0e0e0e0e0e0e0e
# epoch 15200  H=7.9709 C=7.8719 HO=0.0801  A(t)=287
       209  >>>>>>>>>>>>>>>>  3e3e3e3e3e3e3e3e3e3e3e3e3e3e3e3e
       103  ,,,,,,,,,,,,,,,,  2c2c2c2c2c2c2c2c2c2c2c2c2c2c2c2c
        83  ................  01010101010101010101010101010101
        63  PPPPPPPPPPPPPPPP  50505050505050505050505050505050
        52  ................  86868686868686868686868686868686
        49  ................  b2b2b2b2b2b2b2b2b2b2b2b2b2b2b2b2
        42  ................  8c8c8c8c8c8c8c8c8c8c8c8c8c8c8c8c
        42  [[[[[[[[[[[[[[[[  5b5b5b5b5b5b5b5b5b5b5b5b5b5b5b5b
        41  ................  0e0e0e0e0e0e0e0e0e0e0e0e0e0e0e0e
        40  ................  18181818181818181818181818181818
# epoch 15250  H=7.9707 C=7.8715 HO=0.0806  A(t)=287
       313  >>>>>>>>>>>>>>>>  3e3e3e3e3e3e3e3e3e3e3e3e3e3e3e3e
       104  ,,,,,,,,,,,,,,,,  2c2c2c2c2c2c2c2c2c2c2c2c2c2c2c2c
        48  ................  dededededededededededededededede
        44  ................  01010101010101010101010101010101
        42  ................  8c8c8c8c8c8c8c8c8c8c8c8c8c8c8c8c
        42  }}}}}}}}}}}}}}}}  7d7d7d7d7d7d7d7d7d7d7d7d7d7d7d7d
        40  ................  18181818181818181818181818181818
        39  [[[[[[[[[[[[[[[[  5b5b5b5b5b5b5b5b5b5b5b5b5b5b5b5b
        39  ................  0e0e0e0e0e0e0e0e0e0e0e0e0e0e0e0e
        36  ................  86868686868686868686868686868686
# epoch 15300  H=7.9706 C=7.8711 HO=0.0810  A(t)=287
       479  >>>>>>>>>>>>>>>>  3e3e3e3e3e3e3e3e3e3e3e3e3e3e3e3e
        99  ,,,,,,,,,,,,,,,,  2c2c2c2c2c2c2c2c2c2c2c2c2c2c2c2c
        69  }}}}}}}}}}}}}}}}  7d7d7d7d7d7d7d7d7d7d7d7d7d7d7d7d
        47  ................  0f0f0f0f0f0f0f0f0f0f0f0f0f0f0f0f
        44  ................  01010101010101010101010101010101
        36  ................  dededededededededededededededede
        36  ................  86868686868686868686868686868686
        35  6666666666666666  36363636363636363636363636363636
        35  ................  0e0e0e0e0e0e0e0e0e0e0e0e0e0e0e0e
        32  ................  1d1d1d1d1d1d1d1d1d1d1d1d1d1d1d1d
# epoch 15350  H=7.9705 C=7.8745 HO=0.0805  A(t)=287
       427  >>>>>>>>>>>>>>>>  3e3e3e3e3e3e3e3e3e3e3e3e3e3e3e3e
        67  }}}}}}}}}}}}}}}}  7d7d7d7d7d7d7d7d7d7d7d7d7d7d7d7d
        61  6666666666666666  36363636363636363636363636363636
        53  ,,,,,,,,,,,,,,,,  2c2c2c2c2c2c2c2c2c2c2c2c2c2c2c2c
        46  ................  0f0f0f0f0f0f0f0f0f0f0f0f0f0f0f0f
        42  ................  8c8c8c8c8c8c8c8c8c8c8c8c8c8c8c8c
        36  ................  86868686868686868686868686868686
        32  ................  1d1d1d1d1d1d1d1d1d1d1d1d1d1d1d1d
        31  ................  b9b9b9b9b9b9b9b9b9b9b9b9b9b9b9b9
        29  oooooooooooooooo  6f6f6f6f6f6f6f6f6f6f6f6f6f6f6f6f
# epoch 15400  H=7.9707 C=7.8775 HO=0.0758  A(t)=287
       405  >>>>>>>>>>>>>>>>  3e3e3e3e3e3e3e3e3e3e3e3e3e3e3e3e
        63  }}}}}}}}}}}}}}}}  7d7d7d7d7d7d7d7d7d7d7d7d7d7d7d7d
        60  6666666666666666  36363636363636363636363636363636
        51  ,,,,,,,,,,,,,,,,  2c2c2c2c2c2c2c2c2c2c2c2c2c2c2c2c
        34  ................  8c8c8c8c8c8c8c8c8c8c8c8c8c8c8c8c
        32  ................  1d1d1d1d1d1d1d1d1d1d1d1d1d1d1d1d
        29  ................  0f0f0f0f0f0f0f0f0f0f0f0f0f0f0f0f
        27  oooooooooooooooo  6f6f6f6f6f6f6f6f6f6f6f6f6f6f6f6f
        27  <<<<<<<<<<<<<<<<  3c3c3c3c3c3c3c3c3c3c3c3c3c3c3c3c
        27  ................  01010101010101010101010101010101
# epoch 15450  H=7.9709 C=7.8795 HO=0.0748  A(t)=287
       356  >>>>>>>>>>>>>>>>  3e3e3e3e3e3e3e3e3e3e3e3e3e3e3e3e
        67  }}}}}}}}}}}}}}}}  7d7d7d7d7d7d7d7d7d7d7d7d7d7d7d7d
        60  6666666666666666  36363636363636363636363636363636
        40  [[[[[[[[[[[[[[[[  5b5b5b5b5b5b5b5b5b5b5b5b5b5b5b5b
        33  ,,,,,,,,,,,,,,,,  2c2c2c2c2c2c2c2c2c2c2c2c2c2c2c2c
        29  oooooooooooooooo  6f6f6f6f6f6f6f6f6f6f6f6f6f6f6f6f
        28  ................  8c8c8c8c8c8c8c8c8c8c8c8c8c8c8c8c
        26  gggggggggggggggg  67676767676767676767676767676767
        26  ................  01010101010101010101010101010101
        23  ................  86868686868686868686868686868686
# epoch 15500  H=7.9709 C=7.8815 HO=0.0738  A(t)=287
       312  >>>>>>>>>>>>>>>>  3e3e3e3e3e3e3e3e3e3e3e3e3e3e3e3e
        65  }}}}}}}}}}}}}}}}  7d7d7d7d7d7d7d7d7d7d7d7d7d7d7d7d
        48  ;;;;;;;;;;;;;;;;  3b3b3b3b3b3b3b3b3b3b3b3b3b3b3b3b
        47  ................  86868686868686868686868686868686
        46  6666666666666666  36363636363636363636363636363636
        37  ,,,,,,,,,,,,,,,,  2c2c2c2c2c2c2c2c2c2c2c2c2c2c2c2c
        26  gggggggggggggggg  67676767676767676767676767676767
        23  ................  8c8c8c8c8c8c8c8c8c8c8c8c8c8c8c8c
        23  PPPPPPPPPPPPPPPP  50505050505050505050505050505050
        21  <<<<<<<<<<<<<<<<  3c3c3c3c3c3c3c3c3c3c3c3c3c3c3c3c
# epoch 15550  H=7.9703 C=7.8791 HO=0.0732  A(t)=287
       344  >>>>>>>>>>>>>>>>  3e3e3e3e3e3e3e3e3e3e3e3e3e3e3e3e
        91  <<<<<<<<<<<<<<<<  3c3c3c3c3c3c3c3c3c3c3c3c3c3c3c3c
        68  ;;;;;;;;;;;;;;;;  3b3b3b3b3b3b3b3b3b3b3b3b3b3b3b3b
        58  }}}}}}}}}}}}}}}}  7d7d7d7d7d7d7d7d7d7d7d7d7d7d7d7d
        48  [[[[[[[[[[[[[[[[  5b5b5b5b5b5b5b5b5b5b5b5b5b5b5b5b
        44  6666666666666666  36363636363636363636363636363636
        34  ................  86868686868686868686868686868686
        32  ................  cececececececececececececececece
        31  ,,,,,,,,,,,,,,,,  2c2c2c2c2c2c2c2c2c2c2c2c2c2c2c2c
        26  gggggggggggggggg  67676767676767676767676767676767
# epoch 15600  H=7.9703 C=7.8799 HO=0.0732  A(t)=287
       300  >>>>>>>>>>>>>>>>  3e3e3e3e3e3e3e3e3e3e3e3e3e3e3e3e
       108  ;;;;;;;;;;;;;;;;  3b3b3b3b3b3b3b3b3b3b3b3b3b3b3b3b
        71  ,,,,,,,,,,,,,,,,  2c2c2c2c2c2c2c2c2c2c2c2c2c2c2c2c
        62  <<<<<<<<<<<<<<<<  3c3c3c3c3c3c3c3c3c3c3c3c3c3c3c3c
        49  ::::::::::::::::  3a3a3a3a3a3a3a3a3a3a3a3a3a3a3a3a
        47  [[[[[[[[[[[[[[[[  5b5b5b5b5b5b5b5b5b5b5b5b5b5b5b5b
        34  ................  86868686868686868686868686868686
        32  ................  cececececececececececececececece
        30  }}}}}}}}}}}}}}}}  7d7d7d7d7d7d7d7d7d7d7d7d7d7d7d7d
        27  6666666666666666  36363636363636363636363636363636
# epoch 15650  H=7.9706 C=7.8813 HO=0.0707  A(t)=287
       223  >>>>>>>>>>>>>>>>  3e3e3e3e3e3e3e3e3e3e3e3e3e3e3e3e
        71  ;;;;;;;;;;;;;;;;  3b3b3b3b3b3b3b3b3b3b3b3b3b3b3b3b
        55  ,,,,,,,,,,,,,,,,  2c2c2c2c2c2c2c2c2c2c2c2c2c2c2c2c
        45  ::::::::::::::::  3a3a3a3a3a3a3a3a3a3a3a3a3a3a3a3a
        45  ................  17171717171717171717171717171717
        40  }}}}}}}}}}}}}}}}  7d7d7d7d7d7d7d7d7d7d7d7d7d7d7d7d
        38  [[[[[[[[[[[[[[[[  5b5b5b5b5b5b5b5b5b5b5b5b5b5b5b5b
        34  ................  9d9d9d9d9d9d9d9d9d9d9d9d9d9d9d9d
        32  ................  cececececececececececececececece
        28  ................  92929292929292929292929292929292
# epoch 15700  H=7.9709 C=7.8828 HO=0.0731  A(t)=287
       195  >>>>>>>>>>>>>>>>  3e3e3e3e3e3e3e3e3e3e3e3e3e3e3e3e
        66  ;;;;;;;;;;;;;;;;  3b3b3b3b3b3b3b3b3b3b3b3b3b3b3b3b
        62  [[[[[[[[[[[[[[[[  5b5b5b5b5b5b5b5b5b5b5b5b5b5b5b5b
        56  ................  01010101010101010101010101010101
        53  ,,,,,,,,,,,,,,,,  2c2c2c2c2c2c2c2c2c2c2c2c2c2c2c2c
        47  ................  ffffffffffffffffffffffffffffffff
        38  }}}}}}}}}}}}}}}}  7d7d7d7d7d7d7d7d7d7d7d7d7d7d7d7d
        34  ::::::::::::::::  3a3a3a3a3a3a3a3a3a3a3a3a3a3a3a3a
        28  ................  cececececececececececececececece
        28  ................  9d9d9d9d9d9d9d9d9d9d9d9d9d9d9d9d
# epoch 15750  H=7.9713 C=7.8847 HO=0.0716  A(t)=287
       162  >>>>>>>>>>>>>>>>  3e3e3e3e3e3e3e3e3e3e3e3e3e3e3e3e
       107  [[[[[[[[[[[[[[[[  5b5b5b5b5b5b5b5b5b5b5b5b5b5b5b5b
        51  ................  01010101010101010101010101010101
        49  ................  94949494949494949494949494949494
        49  ,,,,,,,,,,,,,,,,  2c2c2c2c2c2c2c2c2c2c2c2c2c2c2c2c
        47  ................  ffffffffffffffffffffffffffffffff
        46  mmmmmmmmmmmmmmmm  6d6d6d6d6d6d6d6d6d6d6d6d6d6d6d6d
        36  }}}}}}}}}}}}}}}}  7d7d7d7d7d7d7d7d7d7d7d7d7d7d7d7d
        32  ;;;;;;;;;;;;;;;;  3b3b3b3b3b3b3b3b3b3b3b3b3b3b3b3b
        28  ................  9d9d9d9d9d9d9d9d9d9d9d9d9d9d9d9d
# epoch 15800  H=7.9712 C=7.8862 HO=0.0693  A(t)=289
       137  >>>>>>>>>>>>>>>>  3e3e3e3e3e3e3e3e3e3e3e3e3e3e3e3e
       116  [[[[[[[[[[[[[[[[  5b5b5b5b5b5b5b5b5b5b5b5b5b5b5b5b
        51  ................  01010101010101010101010101010101
        49  ................  c5c5c5c5c5c5c5c5c5c5c5c5c5c5c5c5
        49  ................  94949494949494949494949494949494
        47  ................  ffffffffffffffffffffffffffffffff
        46  mmmmmmmmmmmmmmmm  6d6d6d6d6d6d6d6d6d6d6d6d6d6d6d6d
        46  ,,,,,,,,,,,,,,,,  2c2c2c2c2c2c2c2c2c2c2c2c2c2c2c2c
        36  }}}}}}}}}}}}}}}}  7d7d7d7d7d7d7d7d7d7d7d7d7d7d7d7d
        29  ;;;;;;;;;;;;;;;;  3b3b3b3b3b3b3b3b3b3b3b3b3b3b3b3b
# epoch 15850  H=7.9714 C=7.8864 HO=0.0683  A(t)=289
       143  >>>>>>>>>>>>>>>>  3e3e3e3e3e3e3e3e3e3e3e3e3e3e3e3e
       122  [[[[[[[[[[[[[[[[  5b5b5b5b5b5b5b5b5b5b5b5b5b5b5b5b
        53  ]]]]]]]]]]]]]]]]  5d5d5d5d5d5d5d5d5d5d5d5d5d5d5d5d
        48  ................  01010101010101010101010101010101
        47  ................  ffffffffffffffffffffffffffffffff
        45  ................  aeaeaeaeaeaeaeaeaeaeaeaeaeaeaeae
        45  ................  94949494949494949494949494949494
        45  mmmmmmmmmmmmmmmm  6d6d6d6d6d6d6d6d6d6d6d6d6d6d6d6d
        36  ................  0b0b0b0b0b0b0b0b0b0b0b0b0b0b0b0b
        35  ,,,,,,,,,,,,,,,,  2c2c2c2c2c2c2c2c2c2c2c2c2c2c2c2c
# epoch 15900  H=7.9712 C=7.8877 HO=0.0685  A(t)=289
       180  >>>>>>>>>>>>>>>>  3e3e3e3e3e3e3e3e3e3e3e3e3e3e3e3e
       110  [[[[[[[[[[[[[[[[  5b5b5b5b5b5b5b5b5b5b5b5b5b5b5b5b
        59  ,,,,,,,,,,,,,,,,  2c2c2c2c2c2c2c2c2c2c2c2c2c2c2c2c
        52  ]]]]]]]]]]]]]]]]  5d5d5d5d5d5d5d5d5d5d5d5d5d5d5d5d
        50  \\\\\\\\\\\\\\\\  5c5c5c5c5c5c5c5c5c5c5c5c5c5c5c5c
        45  ................  94949494949494949494949494949494
        43  mmmmmmmmmmmmmmmm  6d6d6d6d6d6d6d6d6d6d6d6d6d6d6d6d
        39  ................  ffffffffffffffffffffffffffffffff
        37  ................  7f7f7f7f7f7f7f7f7f7f7f7f7f7f7f7f
        36  ................  0b0b0b0b0b0b0b0b0b0b0b0b0b0b0b0b
# epoch 15950  H=7.9713 C=7.8860 HO=0.0685  A(t)=289
       219  >>>>>>>>>>>>>>>>  3e3e3e3e3e3e3e3e3e3e3e3e3e3e3e3e
        89  dddddddddddddddd  64646464646464646464646464646464
        85  [[[[[[[[[[[[[[[[  5b5b5b5b5b5b5b5b5b5b5b5b5b5b5b5b
        84  ,,,,,,,,,,,,,,,,  2c2c2c2c2c2c2c2c2c2c2c2c2c2c2c2c
        49  \\\\\\\\\\\\\\\\  5c5c5c5c5c5c5c5c5c5c5c5c5c5c5c5c
        43  mmmmmmmmmmmmmmmm  6d6d6d6d6d6d6d6d6d6d6d6d6d6d6d6d
        36  ................  0b0b0b0b0b0b0b0b0b0b0b0b0b0b0b0b
        34  ................  c5c5c5c5c5c5c5c5c5c5c5c5c5c5c5c5
        34  ................  7f7f7f7f7f7f7f7f7f7f7f7f7f7f7f7f
        30  }}}}}}}}}}}}}}}}  7d7d7d7d7d7d7d7d7d7d7d7d7d7d7d7d
# epoch 16000  H=7.9713 C=7.8841 HO=0.0709  A(t)=289
       233  >>>>>>>>>>>>>>>>  3e3e3e3e3e3e3e3e3e3e3e3e3e3e3e3e
        96  dddddddddddddddd  64646464646464646464646464646464
        85  [[[[[[[[[[[[[[[[  5b5b5b5b5b5b5b5b5b5b5b5b5b5b5b5b
        60  ,,,,,,,,,,,,,,,,  2c2c2c2c2c2c2c2c2c2c2c2c2c2c2c2c
        49  @@@@@@@@@@@@@@@@  40404040404040404040404040404040
        48  ................  f2f2f2f2f2f2f2f2f2f2f2f2f2f2f2f2
        48  xxxxxxxxxxxxxxxx  78787878787878787878787878787878
        45  ................  9c9c9c9c9c9c9c9c9c9c9c9c9c9c9c9c
        37  \\\\\\\\\\\\\\\\  5c5c5c5c5c5c5c5c5c5c5c5c5c5c5c5c
        36  ................  0b0b0b0b0b0b0b0b0b0b0b0b0b0b0b0b
# epoch 16050  H=7.9714 C=7.8852 HO=0.0702  A(t)=289
       150  >>>>>>>>>>>>>>>>  3e3e3e3e3e3e3e3e3e3e3e3e3e3e3e3e
       122  [[[[[[[[[[[[[[[[  5b5b5b5b5b5b5b5b5b5b5b5b5b5b5b5b
        97  dddddddddddddddd  64646464646464646464646464646464
        49  @@@@@@@@@@@@@@@@  40404040404040404040404040404040
        48  }}}}}}}}}}}}}}}}  7d7d7d7d7d7d7d7d7d7d7d7d7d7d7d7d
        48  xxxxxxxxxxxxxxxx  78787878787878787878787878787878
        47  ,,,,,,,,,,,,,,,,  2c2c2c2c2c2c2c2c2c2c2c2c2c2c2c2c
        45  ................  9c9c9c9c9c9c9c9c9c9c9c9c9c9c9c9c
        37  \\\\\\\\\\\\\\\\  5c5c5c5c5c5c5c5c5c5c5c5c5c5c5c5c
        36  ................  0b0b0b0b0b0b0b0b0b0b0b0b0b0b0b0b
# epoch 16100  H=7.9711 C=7.8865 HO=0.0685  A(t)=291
       126  >>>>>>>>>>>>>>>>  3e3e3e3e3e3e3e3e3e3e3e3e3e3e3e3e
        96  dddddddddddddddd  64646464646464646464646464646464
        93  [[[[[[[[[[[[[[[[  5b5b5b5b5b5b5b5b5b5b5b5b5b5b5b5b
        49  @@@@@@@@@@@@@@@@  40404040404040404040404040404040
        48  }}}}}}}}}}}}}}}}  7d7d7d7d7d7d7d7d7d7d7d7d7d7d7d7d
        45  uuuuuuuuuuuuuuuu  75757575757575757575757575757575
        36  \\\\\\\\\\\\\\\\  5c5c5c5c5c5c5c5c5c5c5c5c5c5c5c5c
        36  ................  13131313131313131313131313131313
        36  ................  0b0b0b0b0b0b0b0b0b0b0b0b0b0b0b0b
        31  ................  f2f2f2f2f2f2f2f2f2f2f2f2f2f2f2f2
# epoch 16150  H=7.9713 C=7.8879 HO=0.0708  A(t)=291
       133  [[[[[[[[[[[[[[[[  5b5b5b5b5b5b5b5b5b5b5b5b5b5b5b5b
       132  >>>>>>>>>>>>>>>>  3e3e3e3e3e3e3e3e3e3e3e3e3e3e3e3e
        82  dddddddddddddddd  64646464646464646464646464646464
        49  @@@@@@@@@@@@@@@@  40404040404040404040404040404040
        49  ................  04040404040404040404040404040404
        45  uuuuuuuuuuuuuuuu  75757575757575757575757575757575
        40  }}}}}}}}}}}}}}}}  7d7d7d7d7d7d7d7d7d7d7d7d7d7d7d7d
        36  ................  13131313131313131313131313131313
        36  ................  0b0b0b0b0b0b0b0b0b0b0b0b0b0b0b0b
        31  ................  f2f2f2f2f2f2f2f2f2f2f2f2f2f2f2f2
# epoch 16200  H=7.9714 C=7.8880 HO=0.0659  A(t)=291
       148  >>>>>>>>>>>>>>>>  3e3e3e3e3e3e3e3e3e3e3e3e3e3e3e3e
       103  [[[[[[[[[[[[[[[[  5b5b5b5b5b5b5b5b5b5b5b5b5b5b5b5b
        64  dddddddddddddddd  64646464646464646464646464646464
        49  }}}}}}}}}}}}}}}}  7d7d7d7d7d7d7d7d7d7d7d7d7d7d7d7d
        45  uuuuuuuuuuuuuuuu  75757575757575757575757575757575
        45  ................  04040404040404040404040404040404
        37  ................  9c9c9c9c9c9c9c9c9c9c9c9c9c9c9c9c
        36  ................  13131313131313131313131313131313
        36  ................  0b0b0b0b0b0b0b0b0b0b0b0b0b0b0b0b
        33  @@@@@@@@@@@@@@@@  40404040404040404040404040404040
# epoch 16250  H=7.9711 C=7.8856 HO=0.0682  A(t)=291
       166  >>>>>>>>>>>>>>>>  3e3e3e3e3e3e3e3e3e3e3e3e3e3e3e3e
       111  [[[[[[[[[[[[[[[[  5b5b5b5b5b5b5b5b5b5b5b5b5b5b5b5b
        79  ................  9c9c9c9c9c9c9c9c9c9c9c9c9c9c9c9c
        65  ................  cfcfcfcfcfcfcfcfcfcfcfcfcfcfcfcf
        61  }}}}}}}}}}}}}}}}  7d7d7d7d7d7d7d7d7d7d7d7d7d7d7d7d
        55  dddddddddddddddd  64646464646464646464646464646464
        38  ................  8c8c8c8c8c8c8c8c8c8c8c8c8c8c8c8c
        36  ................  13131313131313131313131313131313
        36  ................  0b0b0b0b0b0b0b0b0b0b0b0b0b0b0b0b
        34  ,,,,,,,,,,,,,,,,  2c2c2c2c2c2c2c2c2c2c2c2c2c2c2c2c
# epoch 16300  H=7.9708 C=7.8835 HO=0.0727  A(t)=291
       208  >>>>>>>>>>>>>>>>  3e3e3e3e3e3e3e3e3e3e3e3e3e3e3e3e
       131  [[[[[[[[[[[[[[[[  5b5b5b5b5b5b5b5b5b5b5b5b5b5b5b5b
        75  ................  9c9c9c9c9c9c9c9c9c9c9c9c9c9c9c9c
        72  ................  04040404040404040404040404040404
        63  }}}}}}}}}}}}}}}}  7d7d7d7d7d7d7d7d7d7d7d7d7d7d7d7d
        49  ................  cfcfcfcfcfcfcfcfcfcfcfcfcfcfcfcf
        49  ................  1c1c1c1c1c1c1c1c1c1c1c1c1c1c1c1c
        39  dddddddddddddddd  64646464646464646464646464646464
        38  ................  8c8c8c8c8c8c8c8c8c8c8c8c8c8c8c8c
        36  ................  0b0b0b0b0b0b0b0b0b0b0b0b0b0b0b0b
# epoch 16350  H=7.9709 C=7.8830 HO=0.0712  A(t)=291
       191  >>>>>>>>>>>>>>>>  3e3e3e3e3e3e3e3e3e3e3e3e3e3e3e3e
       106  [[[[[[[[[[[[[[[[  5b5b5b5b5b5b5b5b5b5b5b5b5b5b5b5b
        75  }}}}}}}}}}}}}}}}  7d7d7d7d7d7d7d7d7d7d7d7d7d7d7d7d
        74  ................  07070707070707070707070707070707
        62  ................  04040404040404040404040404040404
        49  ................  cfcfcfcfcfcfcfcfcfcfcfcfcfcfcfcf
        49  &&&&&&&&&&&&&&&&  26262626262626262626262626262626
        47  ................  eaeaeaeaeaeaeaeaeaeaeaeaeaeaeaea
        46  ................  1c1c1c1c1c1c1c1c1c1c1c1c1c1c1c1c
        45  NNNNNNNNNNNNNNNN  4e4e4e4e4e4e4e4e4e4e4e4e4e4e4e4e
# epoch 16400  H=7.9707 C=7.8814 HO=0.0726  A(t)=291
       173  >>>>>>>>>>>>>>>>  3e3e3e3e3e3e3e3e3e3e3e3e3e3e3e3e
       102  ................  ffffffffffffffffffffffffffffffff
        76  [[[[[[[[[[[[[[[[  5b5b5b5b5b5b5b5b5b5b5b5b5b5b5b5b
        65  }}}}}}}}}}}}}}}}  7d7d7d7d7d7d7d7d7d7d7d7d7d7d7d7d
        62  ................  04040404040404040404040404040404
        59  ................  07070707070707070707070707070707
        49  ................  cfcfcfcfcfcfcfcfcfcfcfcfcfcfcfcf
        47  ................  eaeaeaeaeaeaeaeaeaeaeaeaeaeaeaea
        47  ................  1c1c1c1c1c1c1c1c1c1c1c1c1c1c1c1c
        45  ................  cdcdcdcdcdcdcdcdcdcdcdcdcdcdcdcd
# epoch 16450  H=7.9707 C=7.8824 HO=0.0701  A(t)=291
       211  >>>>>>>>>>>>>>>>  3e3e3e3e3e3e3e3e3e3e3e3e3e3e3e3e
       101  ................  ffffffffffffffffffffffffffffffff
        60  [[[[[[[[[[[[[[[[  5b5b5b5b5b5b5b5b5b5b5b5b5b5b5b5b
        58  ................  2e2e2e2e2e2e2e2e2e2e2e2e2e2e2e2e
        58  ................  04040404040404040404040404040404
        51  ................  07070707070707070707070707070707
        48  ................  f5f5f5f5f5f5f5f5f5f5f5f5f5f5f5f5
        47  ................  1c1c1c1c1c1c1c1c1c1c1c1c1c1c1c1c
        45  }}}}}}}}}}}}}}}}  7d7d7d7d7d7d7d7d7d7d7d7d7d7d7d7d
        39  ................  cfcfcfcfcfcfcfcfcfcfcfcfcfcfcfcf
# epoch 16500  H=7.9698 C=7.8789 HO=0.0725  A(t)=292
       255  >>>>>>>>>>>>>>>>  3e3e3e3e3e3e3e3e3e3e3e3e3e3e3e3e
       182  ,,,,,,,,,,,,,,,,  2c2c2c2c2c2c2c2c2c2c2c2c2c2c2c2c
        95  ................  ffffffffffffffffffffffffffffffff
        65  ................  2e2e2e2e2e2e2e2e2e2e2e2e2e2e2e2e
        60  [[[[[[[[[[[[[[[[  5b5b5b5b5b5b5b5b5b5b5b5b5b5b5b5b
        51  @@@@@@@@@@@@@@@@  40404040404040404040404040404040
        39  ................  c4c4c4c4c4c4c4c4c4c4c4c4c4c4c4c4
        36  ................  04040404040404040404040404040404
        33  ................  07070707070707070707070707070707
        31  ................  1c1c1c1c1c1c1c1c1c1c1c1c1c1c1c1c
# epoch 16550  H=7.9696 C=7.8814 HO=0.0738  A(t)=292
       281  >>>>>>>>>>>>>>>>  3e3e3e3e3e3e3e3e3e3e3e3e3e3e3e3e
       141  ,,,,,,,,,,,,,,,,  2c2c2c2c2c2c2c2c2c2c2c2c2c2c2c2c
        70  ................  ffffffffffffffffffffffffffffffff
        54  ................  2e2e2e2e2e2e2e2e2e2e2e2e2e2e2e2e
        49  }}}}}}}}}}}}}}}}  7d7d7d7d7d7d7d7d7d7d7d7d7d7d7d7d
        45  [[[[[[[[[[[[[[[[  5b5b5b5b5b5b5b5b5b5b5b5b5b5b5b5b
        40  @@@@@@@@@@@@@@@@  40404040404040404040404040404040
        33  ................  07070707070707070707070707070707
        31  ................  c4c4c4c4c4c4c4c4c4c4c4c4c4c4c4c4
        31  ................  1c1c1c1c1c1c1c1c1c1c1c1c1c1c1c1c
# epoch 16600  H=7.9700 C=7.8797 HO=0.0731  A(t)=292
       268  >>>>>>>>>>>>>>>>  3e3e3e3e3e3e3e3e3e3e3e3e3e3e3e3e
       117  ,,,,,,,,,,,,,,,,  2c2c2c2c2c2c2c2c2c2c2c2c2c2c2c2c
        97  4444444444444444  34343434343434343434343434343434
        71  ................  ffffffffffffffffffffffffffffffff
        63  }}}}}}}}}}}}}}}}  7d7d7d7d7d7d7d7d7d7d7d7d7d7d7d7d
        48  WWWWWWWWWWWWWWWW  57575757575757575757575757575757
        48  ----------------  2d2d2d2d2d2d2d2d2d2d2d2d2d2d2d2d
        45  [[[[[[[[[[[[[[[[  5b5b5b5b5b5b5b5b5b5b5b5b5b5b5b5b
        40  @@@@@@@@@@@@@@@@  40404040404040404040404040404040
        38  5555555555555555  35353535353535353535353535353535
# epoch 16650  H=7.9700 C=7.8829 HO=0.0712  A(t)=292
       257  >>>>>>>>>>>>>>>>  3e3e3e3e3e3e3e3e3e3e3e3e3e3e3e3e
       105  ,,,,,,,,,,,,,,,,  2c2c2c2c2c2c2c2c2c2c2c2c2c2c2c2c
        97  4444444444444444  34343434343434343434343434343434
        71  ................  ffffffffffffffffffffffffffffffff
        39  [[[[[[[[[[[[[[[[  5b5b5b5b5b5b5b5b5b5b5b5b5b5b5b5b
        38  5555555555555555  35353535353535353535353535353535
        31  ................  14141414141414141414141414141414
        30  }}}}}}}}}}}}}}}}  7d7d7d7d7d7d7d7d7d7d7d7d7d7d7d7d
        30  ----------------  2d2d2d2d2d2d2d2d2d2d2d2d2d2d2d2d
        28  @@@@@@@@@@@@@@@@  40404040404040404040404040404040
# epoch 16700  H=7.9703 C=7.8859 HO=0.0691  A(t)=292
       246  >>>>>>>>>>>>>>>>  3e3e3e3e3e3e3e3e3e3e3e3e3e3e3e3e
        96  ,,,,,,,,,,,,,,,,  2c2c2c2c2c2c2c2c2c2c2c2c2c2c2c2c
        88  4444444444444444  34343434343434343434343434343434
        62  ................  ffffffffffffffffffffffffffffffff
        38  5555555555555555  35353535353535353535353535353535
        35  ................  acacacacacacacacacacacacacacacac
        31  ................  14141414141414141414141414141414
        28  [[[[[[[[[[[[[[[[  5b5b5b5b5b5b5b5b5b5b5b5b5b5b5b5b
        25  ................  0b0b0b0b0b0b0b0b0b0b0b0b0b0b0b0b
        22  @@@@@@@@@@@@@@@@  40404040404040404040404040404040
# epoch 16750  H=7.9702 C=7.8876 HO=0.0686  A(t)=292
       260  >>>>>>>>>>>>>>>>  3e3e3e3e3e3e3e3e3e3e3e3e3e3e3e3e
        81  ,,,,,,,,,,,,,,,,  2c2c2c2c2c2c2c2c2c2c2c2c2c2c2c2c
        71  ================  3d3d3d3d3d3d3d3d3d3d3d3d3d3d3d3d
        51  ................  ffffffffffffffffffffffffffffffff
        51  4444444444444444  34343434343434343434343434343434
        31  ................  14141414141414141414141414141414
        28  [[[[[[[[[[[[[[[[  5b5b5b5b5b5b5b5b5b5b5b5b5b5b5b5b
        25  ................  0b0b0b0b0b0b0b0b0b0b0b0b0b0b0b0b
        22  @@@@@@@@@@@@@@@@  40404040404040404040404040404040
        22  ................  1c1c1c1c1c1c1c1c1c1c1c1c1c1c1c1c
# epoch 16800  H=7.9704 C=7.8857 HO=0.0697  A(t)=292
       230  >>>>>>>>>>>>>>>>  3e3e3e3e3e3e3e3e3e3e3e3e3e3e3e3e
       182  ................  2e2e2e2e2e2e2e2e2e2e2e2e2e2e2e2e
       112  ,,,,,,,,,,,,,,,,  2c2c2c2c2c2c2c2c2c2c2c2c2c2c2c2c
        51  4444444444444444  34343434343434343434343434343434
        49  ................  ffffffffffffffffffffffffffffffff
        49  ................  dededededededededededededededede
        48  ................  e1e1e1e1e1e1e1e1e1e1e1e1e1e1e1e1
        40  ================  3d3d3d3d3d3d3d3d3d3d3d3d3d3d3d3d
        25  [[[[[[[[[[[[[[[[  5b5b5b5b5b5b5b5b5b5b5b5b5b5b5b5b
        21  @@@@@@@@@@@@@@@@  40404040404040404040404040404040
# epoch 16850  H=7.9705 C=7.8848 HO=0.0708  A(t)=292
       197  >>>>>>>>>>>>>>>>  3e3e3e3e3e3e3e3e3e3e3e3e3e3e3e3e
       157  ................  2e2e2e2e2e2e2e2e2e2e2e2e2e2e2e2e
       112  ,,,,,,,,,,,,,,,,  2c2c2c2c2c2c2c2c2c2c2c2c2c2c2c2c
        73  ================  3d3d3d3d3d3d3d3d3d3d3d3d3d3d3d3d
        51  4444444444444444  34343434343434343434343434343434
        47  ................  dededededededededededededededede
        44  ****************  2a2a2a2a2a2a2a2a2a2a2a2a2a2a2a2a
        31  ................  ffffffffffffffffffffffffffffffff
        25  [[[[[[[[[[[[[[[[  5b5b5b5b5b5b5b5b5b5b5b5b5b5b5b5b
        21  ................  1c1c1c1c1c1c1c1c1c1c1c1c1c1c1c1c
# epoch 16900  H=7.9705 C=7.8871 HO=0.0677  A(t)=293
       199  >>>>>>>>>>>>>>>>  3e3e3e3e3e3e3e3e3e3e3e3e3e3e3e3e
       157  ................  2e2e2e2e2e2e2e2e2e2e2e2e2e2e2e2e
        95  ,,,,,,,,,,,,,,,,  2c2c2c2c2c2c2c2c2c2c2c2c2c2c2c2c
        54  ================  3d3d3d3d3d3d3d3d3d3d3d3d3d3d3d3d
        42  ................  dededededededededededededededede
        41  4444444444444444  34343434343434343434343434343434
        40  PPPPPPPPPPPPPPPP  50505050505050505050505050505050
        35  OOOOOOOOOOOOOOOO  4f4f4f4f4f4f4f4f4f4f4f4f4f4f4f4f
        35  ****************  2a2a2a2a2a2a2a2a2a2a2a2a2a2a2a2a
        32  ................  ffffffffffffffffffffffffffffffff
# epoch 16950  H=7.9707 C=7.8905 HO=0.0677  A(t)=293
       164  >>>>>>>>>>>>>>>>  3e3e3e3e3e3e3e3e3e3e3e3e3e3e3e3e
       123  ................  2e2e2e2e2e2e2e2e2e2e2e2e2e2e2e2e
        71  ,,,,,,,,,,,,,,,,  2c2c2c2c2c2c2c2c2c2c2c2c2c2c2c2c
        37  ================  3d3d3d3d3d3d3d3d3d3d3d3d3d3d3d3d
        35  OOOOOOOOOOOOOOOO  4f4f4f4f4f4f4f4f4f4f4f4f4f4f4f4f
        35  ****************  2a2a2a2a2a2a2a2a2a2a2a2a2a2a2a2a
        33  4444444444444444  34343434343434343434343434343434
        33  ................  01010101010101010101010101010101
        26  ................  dededededededededededededededede
        20  @@@@@@@@@@@@@@@@  40404040404040404040404040404040
# epoch 17000  H=7.9705 C=7.8919 HO=0.0592  A(t)=293
       157  >>>>>>>>>>>>>>>>  3e3e3e3e3e3e3e3e3e3e3e3e3e3e3e3e
        95  ................  2e2e2e2e2e2e2e2e2e2e2e2e2e2e2e2e
        53  ,,,,,,,,,,,,,,,,  2c2c2c2c2c2c2c2c2c2c2c2c2c2c2c2c
        48  XXXXXXXXXXXXXXXX  58585858585858585858585858585858
        35  ****************  2a2a2a2a2a2a2a2a2a2a2a2a2a2a2a2a
        30  <<<<<<<<<<<<<<<<  3c3c3c3c3c3c3c3c3c3c3c3c3c3c3c3c
        30  4444444444444444  34343434343434343434343434343434
        27  }}}}}}}}}}}}}}}}  7d7d7d7d7d7d7d7d7d7d7d7d7d7d7d7d
        26  ................  dededededededededededededededede
        26  ================  3d3d3d3d3d3d3d3d3d3d3d3d3d3d3d3d
# epoch 17050  H=7.9706 C=7.8936 HO=0.0615  A(t)=293
       116  >>>>>>>>>>>>>>>>  3e3e3e3e3e3e3e3e3e3e3e3e3e3e3e3e
        79  ................  2e2e2e2e2e2e2e2e2e2e2e2e2e2e2e2e
        75  ,,,,,,,,,,,,,,,,  2c2c2c2c2c2c2c2c2c2c2c2c2c2c2c2c
        50  llllllllllllllll  6c6c6c6c6c6c6c6c6c6c6c6c6c6c6c6c
        33  XXXXXXXXXXXXXXXX  58585858585858585858585858585858
        30  <<<<<<<<<<<<<<<<  3c3c3c3c3c3c3c3c3c3c3c3c3c3c3c3c
        29  4444444444444444  34343434343434343434343434343434
        26  ................  dededededededededededededededede
        25  }}}}}}}}}}}}}}}}  7d7d7d7d7d7d7d7d7d7d7d7d7d7d7d7d
        23  ****************  2a2a2a2a2a2a2a2a2a2a2a2a2a2a2a2a
# epoch 17100  H=7.9705 C=7.8912 HO=0.0624  A(t)=293
       132  ,,,,,,,,,,,,,,,,  2c2c2c2c2c2c2c2c2c2c2c2c2c2c2c2c
       127  >>>>>>>>>>>>>>>>  3e3e3e3e3e3e3e3e3e3e3e3e3e3e3e3e
       126  ................  bfbfbfbfbfbfbfbfbfbfbfbfbfbfbfbf
        74  ................  2e2e2e2e2e2e2e2e2e2e2e2e2e2e2e2e
        50  llllllllllllllll  6c6c6c6c6c6c6c6c6c6c6c6c6c6c6c6c
        45  \\\\\\\\\\\\\\\\  5c5c5c5c5c5c5c5c5c5c5c5c5c5c5c5c
        28  XXXXXXXXXXXXXXXX  58585858585858585858585858585858
        26  ................  dededededededededededededededede
        23  ****************  2a2a2a2a2a2a2a2a2a2a2a2a2a2a2a2a
        22  ================  3d3d3d3d3d3d3d3d3d3d3d3d3d3d3d3d
# epoch 17150  H=7.9702 C=7.8918 HO=0.0627  A(t)=293
       165  ,,,,,,,,,,,,,,,,  2c2c2c2c2c2c2c2c2c2c2c2c2c2c2c2c
       150  >>>>>>>>>>>>>>>>  3e3e3e3e3e3e3e3e3e3e3e3e3e3e3e3e
        79  ................  bfbfbfbfbfbfbfbfbfbfbfbfbfbfbfbf
        74  ................  2e2e2e2e2e2e2e2e2e2e2e2e2e2e2e2e
        56  [[[[[[[[[[[[[[[[  5b5b5b5b5b5b5b5b5b5b5b5b5b5b5b5b
        52  llllllllllllllll  6c6c6c6c6c6c6c6c6c6c6c6c6c6c6c6c
        44  \\\\\\\\\\\\\\\\  5c5c5c5c5c5c5c5c5c5c5c5c5c5c5c5c
        24  XXXXXXXXXXXXXXXX  58585858585858585858585858585858
        24  AAAAAAAAAAAAAAAA  41414141414141414141414141414141
        23  ****************  2a2a2a2a2a2a2a2a2a2a2a2a2a2a2a2a
# epoch 17200  H=7.9703 C=7.8933 HO=0.0592  A(t)=293
       189  ,,,,,,,,,,,,,,,,  2c2c2c2c2c2c2c2c2c2c2c2c2c2c2c2c
       112  >>>>>>>>>>>>>>>>  3e3e3e3e3e3e3e3e3e3e3e3e3e3e3e3e
        79  ................  bfbfbfbfbfbfbfbfbfbfbfbfbfbfbfbf
        61  ................  2e2e2e2e2e2e2e2e2e2e2e2e2e2e2e2e
        56  [[[[[[[[[[[[[[[[  5b5b5b5b5b5b5b5b5b5b5b5b5b5b5b5b
        49  XXXXXXXXXXXXXXXX  58585858585858585858585858585858
        43  llllllllllllllll  6c6c6c6c6c6c6c6c6c6c6c6c6c6c6c6c
        31  \\\\\\\\\\\\\\\\  5c5c5c5c5c5c5c5c5c5c5c5c5c5c5c5c
        24  AAAAAAAAAAAAAAAA  41414141414141414141414141414141
        20  ................  eaeaeaeaeaeaeaeaeaeaeaeaeaeaeaea
# epoch 17250  H=7.9708 C=7.8945 HO=0.0609  A(t)=293
       176  ,,,,,,,,,,,,,,,,  2c2c2c2c2c2c2c2c2c2c2c2c2c2c2c2c
       110  >>>>>>>>>>>>>>>>  3e3e3e3e3e3e3e3e3e3e3e3e3e3e3e3e
        66  ................  bfbfbfbfbfbfbfbfbfbfbfbfbfbfbfbf
        61  ................  2e2e2e2e2e2e2e2e2e2e2e2e2e2e2e2e
        49  NNNNNNNNNNNNNNNN  4e4e4e4e4e4e4e4e4e4e4e4e4e4e4e4e
        43  XXXXXXXXXXXXXXXX  58585858585858585858585858585858
        40  [[[[[[[[[[[[[[[[  5b5b5b5b5b5b5b5b5b5b5b5b5b5b5b5b
        37  ................  d8d8d8d8d8d8d8d8d8d8d8d8d8d8d8d8
        33  ................  fdfdfdfdfdfdfdfdfdfdfdfdfdfdfdfd
        24  AAAAAAAAAAAAAAAA  41414141414141414141414141414141
# epoch 17300  H=7.9711 C=7.8972 HO=0.0576  A(t)=293
       165  ,,,,,,,,,,,,,,,,  2c2c2c2c2c2c2c2c2c2c2c2c2c2c2c2c
       106  >>>>>>>>>>>>>>>>  3e3e3e3e3e3e3e3e3e3e3e3e3e3e3e3e
        76  ................  2e2e2e2e2e2e2e2e2e2e2e2e2e2e2e2e
        49  NNNNNNNNNNNNNNNN  4e4e4e4e4e4e4e4e4e4e4e4e4e4e4e4e
        45  ................  bfbfbfbfbfbfbfbfbfbfbfbfbfbfbfbf
        40  [[[[[[[[[[[[[[[[  5b5b5b5b5b5b5b5b5b5b5b5b5b5b5b5b
        37  ................  d8d8d8d8d8d8d8d8d8d8d8d8d8d8d8d8
        27  XXXXXXXXXXXXXXXX  58585858585858585858585858585858
        18  HHHHHHHHHHHHHHHH  48484848484848484848484848484848
        17  ................  ffffffffffffffffffffffffffffffff
# epoch 17350  H=7.9713 C=7.8998 HO=0.0596  A(t)=293
       130  ,,,,,,,,,,,,,,,,  2c2c2c2c2c2c2c2c2c2c2c2c2c2c2c2c
       122  [[[[[[[[[[[[[[[[  5b5b5b5b5b5b5b5b5b5b5b5b5b5b5b5b
        98  >>>>>>>>>>>>>>>>  3e3e3e3e3e3e3e3e3e3e3e3e3e3e3e3e
        49  NNNNNNNNNNNNNNNN  4e4e4e4e4e4e4e4e4e4e4e4e4e4e4e4e
        32  ................  2e2e2e2e2e2e2e2e2e2e2e2e2e2e2e2e
        28  ................  d8d8d8d8d8d8d8d8d8d8d8d8d8d8d8d8
        23  ................  bfbfbfbfbfbfbfbfbfbfbfbfbfbfbfbf
        22  XXXXXXXXXXXXXXXX  58585858585858585858585858585858
        18  ................  ffffffffffffffffffffffffffffffff
        18  HHHHHHHHHHHHHHHH  48484848484848484848484848484848
# epoch 17400  H=7.9712 C=7.8995 HO=0.0589  A(t)=293
       167  ,,,,,,,,,,,,,,,,  2c2c2c2c2c2c2c2c2c2c2c2c2c2c2c2c
       116  >>>>>>>>>>>>>>>>  3e3e3e3e3e3e3e3e3e3e3e3e3e3e3e3e
       111  [[[[[[[[[[[[[[[[  5b5b5b5b5b5b5b5b5b5b5b5b5b5b5b5b
        48  NNNNNNNNNNNNNNNN  4e4e4e4e4e4e4e4e4e4e4e4e4e4e4e4e
        28  ................  c3c3c3c3c3c3c3c3c3c3c3c3c3c3c3c3
        26  ................  d8d8d8d8d8d8d8d8d8d8d8d8d8d8d8d8
        23  ................  bfbfbfbfbfbfbfbfbfbfbfbfbfbfbfbf
        23  ................  2e2e2e2e2e2e2e2e2e2e2e2e2e2e2e2e
        22  XXXXXXXXXXXXXXXX  58585858585858585858585858585858
        18  HHHHHHHHHHHHHHHH  48484848484848484848484848484848
# epoch 17450  H=7.9711 C=7.8972 HO=0.0618  A(t)=293
       151  ,,,,,,,,,,,,,,,,  2c2c2c2c2c2c2c2c2c2c2c2c2c2c2c2c
       124  >>>>>>>>>>>>>>>>  3e3e3e3e3e3e3e3e3e3e3e3e3e3e3e3e
        99  ****************  2a2a2a2a2a2a2a2a2a2a2a2a2a2a2a2a
        71  [[[[[[[[[[[[[[[[  5b5b5b5b5b5b5b5b5b5b5b5b5b5b5b5b
        52  <<<<<<<<<<<<<<<<  3c3c3c3c3c3c3c3c3c3c3c3c3c3c3c3c
        48  ................  b7b7b7b7b7b7b7b7b7b7b7b7b7b7b7b7
        32  NNNNNNNNNNNNNNNN  4e4e4e4e4e4e4e4e4e4e4e4e4e4e4e4e
        28  mmmmmmmmmmmmmmmm  6d6d6d6d6d6d6d6d6d6d6d6d6d6d6d6d
        26  ................  d8d8d8d8d8d8d8d8d8d8d8d8d8d8d8d8
        25  ................  c3c3c3c3c3c3c3c3c3c3c3c3c3c3c3c3
# epoch 17500  H=7.9709 C=7.8948 HO=0.0609  A(t)=293
       138  ,,,,,,,,,,,,,,,,  2c2c2c2c2c2c2c2c2c2c2c2c2c2c2c2c
       136  >>>>>>>>>>>>>>>>  3e3e3e3e3e3e3e3e3e3e3e3e3e3e3e3e
        99  ****************  2a2a2a2a2a2a2a2a2a2a2a2a2a2a2a2a
        65  [[[[[[[[[[[[[[[[  5b5b5b5b5b5b5b5b5b5b5b5b5b5b5b5b
        52  <<<<<<<<<<<<<<<<  3c3c3c3c3c3c3c3c3c3c3c3c3c3c3c3c
        49  cccccccccccccccc  63636363636363636363636363636363
        48  ................  e6e6e6e6e6e6e6e6e6e6e6e6e6e6e6e6
        48  ................  b7b7b7b7b7b7b7b7b7b7b7b7b7b7b7b7
        48  ................  05050505050505050505050505050505
        42  xxxxxxxxxxxxxxxx  78787878787878787878787878787878
# epoch 17550  H=7.9709 C=7.8936 HO=0.0655  A(t)=293
       156  >>>>>>>>>>>>>>>>  3e3e3e3e3e3e3e3e3e3e3e3e3e3e3e3e
       138  ,,,,,,,,,,,,,,,,  2c2c2c2c2c2c2c2c2c2c2c2c2c2c2c2c
       105  ................  cfcfcfcfcfcfcfcfcfcfcfcfcfcfcfcf
        95  ****************  2a2a2a2a2a2a2a2a2a2a2a2a2a2a2a2a
        84  [[[[[[[[[[[[[[[[  5b5b5b5b5b5b5b5b5b5b5b5b5b5b5b5b
        48  ................  e6e6e6e6e6e6e6e6e6e6e6e6e6e6e6e6
        48  ................  b7b7b7b7b7b7b7b7b7b7b7b7b7b7b7b7
        36  xxxxxxxxxxxxxxxx  78787878787878787878787878787878
        36  <<<<<<<<<<<<<<<<  3c3c3c3c3c3c3c3c3c3c3c3c3c3c3c3c
        31  cccccccccccccccc  63636363636363636363636363636363
# epoch 17600  H=7.9711 C=7.8930 HO=0.0656  A(t)=293
       139  >>>>>>>>>>>>>>>>  3e3e3e3e3e3e3e3e3e3e3e3e3e3e3e3e
       119  ,,,,,,,,,,,,,,,,  2c2c2c2c2c2c2c2c2c2c2c2c2c2c2c2c
       114  [[[[[[[[[[[[[[[[  5b5b5b5b5b5b5b5b5b5b5b5b5b5b5b5b
        94  ................  cfcfcfcfcfcfcfcfcfcfcfcfcfcfcfcf
        94  ****************  2a2a2a2a2a2a2a2a2a2a2a2a2a2a2a2a
        48  ................  b7b7b7b7b7b7b7b7b7b7b7b7b7b7b7b7
        47  ................  1c1c1c1c1c1c1c1c1c1c1c1c1c1c1c1c
        40  ^^^^^^^^^^^^^^^^  5e5e5e5e5e5e5e5e5e5e5e5e5e5e5e5e
        31  cccccccccccccccc  63636363636363636363636363636363
        30  ;;;;;;;;;;;;;;;;  3b3b3b3b3b3b3b3b3b3b3b3b3b3b3b3b
# epoch 17650  H=7.9713 C=7.8891 HO=0.0699  A(t)=293
       143  >>>>>>>>>>>>>>>>  3e3e3e3e3e3e3e3e3e3e3e3e3e3e3e3e
       118  ,,,,,,,,,,,,,,,,  2c2c2c2c2c2c2c2c2c2c2c2c2c2c2c2c
        94  ................  cfcfcfcfcfcfcfcfcfcfcfcfcfcfcfcf
        89  [[[[[[[[[[[[[[[[  5b5b5b5b5b5b5b5b5b5b5b5b5b5b5b5b
        77  ****************  2a2a2a2a2a2a2a2a2a2a2a2a2a2a2a2a
        49  TTTTTTTTTTTTTTTT  54545454545454545454545454545454
        48  ................  c8c8c8c8c8c8c8c8c8c8c8c8c8c8c8c8
        47  ................  c7c7c7c7c7c7c7c7c7c7c7c7c7c7c7c7
        47  ................  1c1c1c1c1c1c1c1c1c1c1c1c1c1c1c1c
        44  ................  eeeeeeeeeeeeeeeeeeeeeeeeeeeeeeee
# epoch 17700  H=7.9713 C=7.8889 HO=0.0710  A(t)=293
       175  >>>>>>>>>>>>>>>>  3e3e3e3e3e3e3e3e3e3e3e3e3e3e3e3e
        99  ,,,,,,,,,,,,,,,,  2c2c2c2c2c2c2c2c2c2c2c2c2c2c2c2c
        94  ................  cfcfcfcfcfcfcfcfcfcfcfcfcfcfcfcf
        74  ****************  2a2a2a2a2a2a2a2a2a2a2a2a2a2a2a2a
        70  [[[[[[[[[[[[[[[[  5b5b5b5b5b5b5b5b5b5b5b5b5b5b5b5b
        47  ................  c7c7c7c7c7c7c7c7c7c7c7c7c7c7c7c7
        47  TTTTTTTTTTTTTTTT  54545454545454545454545454545454
        40  ................  c8c8c8c8c8c8c8c8c8c8c8c8c8c8c8c8
        40  ................  b9b9b9b9b9b9b9b9b9b9b9b9b9b9b9b9
        39  ................  b7b7b7b7b7b7b7b7b7b7b7b7b7b7b7b7
# epoch 17750  H=7.9715 C=7.8886 HO=0.0710  A(t)=293
       189  >>>>>>>>>>>>>>>>  3e3e3e3e3e3e3e3e3e3e3e3e3e3e3e3e
        76  ................  cfcfcfcfcfcfcfcfcfcfcfcfcfcfcfcf
        71  ................  0c0c0c0c0c0c0c0c0c0c0c0c0c0c0c0c
        68  ,,,,,,,,,,,,,,,,  2c2c2c2c2c2c2c2c2c2c2c2c2c2c2c2c
        62  [[[[[[[[[[[[[[[[  5b5b5b5b5b5b5b5b5b5b5b5b5b5b5b5b
        55  ****************  2a2a2a2a2a2a2a2a2a2a2a2a2a2a2a2a
        47  TTTTTTTTTTTTTTTT  54545454545454545454545454545454
        44  ................  b0b0b0b0b0b0b0b0b0b0b0b0b0b0b0b0
        39  ................  b7b7b7b7b7b7b7b7b7b7b7b7b7b7b7b7
        37  ................  c7c7c7c7c7c7c7c7c7c7c7c7c7c7c7c7
# epoch 17800  H=7.9715 C=7.8902 HO=0.0694  A(t)=293
       195  >>>>>>>>>>>>>>>>  3e3e3e3e3e3e3e3e3e3e3e3e3e3e3e3e
        71  ................  0c0c0c0c0c0c0c0c0c0c0c0c0c0c0c0c
        62  [[[[[[[[[[[[[[[[  5b5b5b5b5b5b5b5b5b5b5b5b5b5b5b5b
        59  ................  cfcfcfcfcfcfcfcfcfcfcfcfcfcfcfcf
        52  ,,,,,,,,,,,,,,,,  2c2c2c2c2c2c2c2c2c2c2c2c2c2c2c2c
        47  TTTTTTTTTTTTTTTT  54545454545454545454545454545454
        43  ................  b0b0b0b0b0b0b0b0b0b0b0b0b0b0b0b0
        37  ****************  2a2a2a2a2a2a2a2a2a2a2a2a2a2a2a2a
        34  ................  c8c8c8c8c8c8c8c8c8c8c8c8c8c8c8c8
        30  ................  1c1c1c1c1c1c1c1c1c1c1c1c1c1c1c1c
# epoch 17850  H=7.9713 C=7.8901 HO=0.0709  A(t)=293
       150  >>>>>>>>>>>>>>>>  3e3e3e3e3e3e3e3e3e3e3e3e3e3e3e3e
        71  ................  0c0c0c0c0c0c0c0c0c0c0c0c0c0c0c0c
        62  [[[[[[[[[[[[[[[[  5b5b5b5b5b5b5b5b5b5b5b5b5b5b5b5b
        60  ................  1c1c1c1c1c1c1c1c1c1c1c1c1c1c1c1c
        58  ................  cfcfcfcfcfcfcfcfcfcfcfcfcfcfcfcf
        49  ]]]]]]]]]]]]]]]]  5d5d5d5d5d5d5d5d5d5d5d5d5d5d5d5d
        47  ''''''''''''''''  27272727272727272727272727272727
        43  ................  b0b0b0b0b0b0b0b0b0b0b0b0b0b0b0b0
        42  ,,,,,,,,,,,,,,,,  2c2c2c2c2c2c2c2c2c2c2c2c2c2c2c2c
        32  ................  c8c8c8c8c8c8c8c8c8c8c8c8c8c8c8c8
# epoch 17900  H=7.9705 C=7.8861 HO=0.0726  A(t)=293
       179  ,,,,,,,,,,,,,,,,  2c2c2c2c2c2c2c2c2c2c2c2c2c2c2c2c
       110  [[[[[[[[[[[[[[[[  5b5b5b5b5b5b5b5b5b5b5b5b5b5b5b5b
        99  >>>>>>>>>>>>>>>>  3e3e3e3e3e3e3e3e3e3e3e3e3e3e3e3e
        65  ^^^^^^^^^^^^^^^^  5e5e5e5e5e5e5e5e5e5e5e5e5e5e5e5e
        62  ................  0c0c0c0c0c0c0c0c0c0c0c0c0c0c0c0c
        51  ................  16161616161616161616161616161616
        48  """"""""""""""""  22222222222222222222222222222222
        47  ]]]]]]]]]]]]]]]]  5d5d5d5d5d5d5d5d5d5d5d5d5d5d5d5d
        47  <<<<<<<<<<<<<<<<  3c3c3c3c3c3c3c3c3c3c3c3c3c3c3c3c
        46  ................  91919191919191919191919191919191
# epoch 17950  H=7.9706 C=7.8861 HO=0.0718  A(t)=293
       160  ,,,,,,,,,,,,,,,,  2c2c2c2c2c2c2c2c2c2c2c2c2c2c2c2c
       116  >>>>>>>>>>>>>>>>  3e3e3e3e3e3e3e3e3e3e3e3e3e3e3e3e
        65  ^^^^^^^^^^^^^^^^  5e5e5e5e5e5e5e5e5e5e5e5e5e5e5e5e
        65  [[[[[[[[[[[[[[[[  5b5b5b5b5b5b5b5b5b5b5b5b5b5b5b5b
        62  5555555555555555  35353535353535353535353535353535
        52  <<<<<<<<<<<<<<<<  3c3c3c3c3c3c3c3c3c3c3c3c3c3c3c3c
        48  ................  b7b7b7b7b7b7b7b7b7b7b7b7b7b7b7b7
        46  ................  91919191919191919191919191919191
        46  ````````````````  60606060606060606060606060606060
        46  ................  0c0c0c0c0c0c0c0c0c0c0c0c0c0c0c0c
# epoch 18000  H=7.9706 C=7.8830 HO=0.0730  A(t)=295
       141  ,,,,,,,,,,,,,,,,  2c2c2c2c2c2c2c2c2c2c2c2c2c2c2c2c
        96  [[[[[[[[[[[[[[[[  5b5b5b5b5b5b5b5b5b5b5b5b5b5b5b5b
        95  >>>>>>>>>>>>>>>>  3e3e3e3e3e3e3e3e3e3e3e3e3e3e3e3e
        94  {{{{{{{{{{{{{{{{  7b7b7b7b7b7b7b7b7b7b7b7b7b7b7b7b
        60  TTTTTTTTTTTTTTTT  54545454545454545454545454545454
        52  <<<<<<<<<<<<<<<<  3c3c3c3c3c3c3c3c3c3c3c3c3c3c3c3c
        49  ^^^^^^^^^^^^^^^^  5e5e5e5e5e5e5e5e5e5e5e5e5e5e5e5e
        48  ||||||||||||||||  7c7c7c7c7c7c7c7c7c7c7c7c7c7c7c7c
        48  9999999999999999  39393939393939393939393939393939
        46  ................  e2e2e2e2e2e2e2e2e2e2e2e2e2e2e2e2
# epoch 18050  H=7.9705 C=7.8825 HO=0.0751  A(t)=295
       150  ,,,,,,,,,,,,,,,,  2c2c2c2c2c2c2c2c2c2c2c2c2c2c2c2c
       143  ................  01010101010101010101010101010101
       111  >>>>>>>>>>>>>>>>  3e3e3e3e3e3e3e3e3e3e3e3e3e3e3e3e
        96  [[[[[[[[[[[[[[[[  5b5b5b5b5b5b5b5b5b5b5b5b5b5b5b5b
        94  {{{{{{{{{{{{{{{{  7b7b7b7b7b7b7b7b7b7b7b7b7b7b7b7b
        48  <<<<<<<<<<<<<<<<  3c3c3c3c3c3c3c3c3c3c3c3c3c3c3c3c
        46  ................  e2e2e2e2e2e2e2e2e2e2e2e2e2e2e2e2
        46  ................  e1e1e1e1e1e1e1e1e1e1e1e1e1e1e1e1
        44  ````````````````  60606060606060606060606060606060
        44  TTTTTTTTTTTTTTTT  54545454545454545454545454545454
# epoch 18100  H=7.9703 C=7.8801 HO=0.0758  A(t)=295
       143  ................  01010101010101010101010101010101
       119  >>>>>>>>>>>>>>>>  3e3e3e3e3e3e3e3e3e3e3e3e3e3e3e3e
       109  ,,,,,,,,,,,,,,,,  2c2c2c2c2c2c2c2c2c2c2c2c2c2c2c2c
        87  [[[[[[[[[[[[[[[[  5b5b5b5b5b5b5b5b5b5b5b5b5b5b5b5b
        78  <<<<<<<<<<<<<<<<  3c3c3c3c3c3c3c3c3c3c3c3c3c3c3c3c
        59  ????????????????  3f3f3f3f3f3f3f3f3f3f3f3f3f3f3f3f
        58  {{{{{{{{{{{{{{{{  7b7b7b7b7b7b7b7b7b7b7b7b7b7b7b7b
        46  ................  fbfbfbfbfbfbfbfbfbfbfbfbfbfbfbfb
        46  ................  e1e1e1e1e1e1e1e1e1e1e1e1e1e1e1e1
        46  \\\\\\\\\\\\\\\\  5c5c5c5c5c5c5c5c5c5c5c5c5c5c5c5c
# epoch 18150  H=7.9703 C=7.8811 HO=0.0749  A(t)=295
       135  ,,,,,,,,,,,,,,,,  2c2c2c2c2c2c2c2c2c2c2c2c2c2c2c2c
       120  >>>>>>>>>>>>>>>>  3e3e3e3e3e3e3e3e3e3e3e3e3e3e3e3e
       110  ................  01010101010101010101010101010101
        63  ????????????????  3f3f3f3f3f3f3f3f3f3f3f3f3f3f3f3f
        54  [[[[[[[[[[[[[[[[  5b5b5b5b5b5b5b5b5b5b5b5b5b5b5b5b
        50  {{{{{{{{{{{{{{{{  7b7b7b7b7b7b7b7b7b7b7b7b7b7b7b7b
        49  <<<<<<<<<<<<<<<<  3c3c3c3c3c3c3c3c3c3c3c3c3c3c3c3c
        46  ................  fbfbfbfbfbfbfbfbfbfbfbfbfbfbfbfb
        46  ................  e1e1e1e1e1e1e1e1e1e1e1e1e1e1e1e1
        44  ````````````````  60606060606060606060606060606060
# epoch 18200  H=7.9703 C=7.8831 HO=0.0740  A(t)=295
       115  [[[[[[[[[[[[[[[[  5b5b5b5b5b5b5b5b5b5b5b5b5b5b5b5b
       112  ,,,,,,,,,,,,,,,,  2c2c2c2c2c2c2c2c2c2c2c2c2c2c2c2c
       110  >>>>>>>>>>>>>>>>  3e3e3e3e3e3e3e3e3e3e3e3e3e3e3e3e
        93  ................  01010101010101010101010101010101
        59  ????????????????  3f3f3f3f3f3f3f3f3f3f3f3f3f3f3f3f
        55  ................  06060606060606060606060606060606
        47  {{{{{{{{{{{{{{{{  7b7b7b7b7b7b7b7b7b7b7b7b7b7b7b7b
        46  ................  fbfbfbfbfbfbfbfbfbfbfbfbfbfbfbfb
        43  ^^^^^^^^^^^^^^^^  5e5e5e5e5e5e5e5e5e5e5e5e5e5e5e5e
        41  \\\\\\\\\\\\\\\\  5c5c5c5c5c5c5c5c5c5c5c5c5c5c5c5c
# epoch 18250  H=7.9704 C=7.8818 HO=0.0744  A(t)=295
       110  >>>>>>>>>>>>>>>>  3e3e3e3e3e3e3e3e3e3e3e3e3e3e3e3e
       103  ,,,,,,,,,,,,,,,,  2c2c2c2c2c2c2c2c2c2c2c2c2c2c2c2c
        74  ----------------  2d2d2d2d2d2d2d2d2d2d2d2d2d2d2d2d
        65  ................  01010101010101010101010101010101
        63  [[[[[[[[[[[[[[[[  5b5b5b5b5b5b5b5b5b5b5b5b5b5b5b5b
        50  ]]]]]]]]]]]]]]]]  5d5d5d5d5d5d5d5d5d5d5d5d5d5d5d5d
        48  {{{{{{{{{{{{{{{{  7b7b7b7b7b7b7b7b7b7b7b7b7b7b7b7b
        48  ????????????????  3f3f3f3f3f3f3f3f3f3f3f3f3f3f3f3f
        47  ................  b5b5b5b5b5b5b5b5b5b5b5b5b5b5b5b5
        42  ^^^^^^^^^^^^^^^^  5e5e5e5e5e5e5e5e5e5e5e5e5e5e5e5e
# epoch 18300  H=7.9704 C=7.8794 HO=0.0744  A(t)=295
       139  >>>>>>>>>>>>>>>>  3e3e3e3e3e3e3e3e3e3e3e3e3e3e3e3e
       107  ................  01010101010101010101010101010101
        85  ,,,,,,,,,,,,,,,,  2c2c2c2c2c2c2c2c2c2c2c2c2c2c2c2c
        73  [[[[[[[[[[[[[[[[  5b5b5b5b5b5b5b5b5b5b5b5b5b5b5b5b
        50  ]]]]]]]]]]]]]]]]  5d5d5d5d5d5d5d5d5d5d5d5d5d5d5d5d
        47  ................  b5b5b5b5b5b5b5b5b5b5b5b5b5b5b5b5
        47  ????????????????  3f3f3f3f3f3f3f3f3f3f3f3f3f3f3f3f
        44  ................  03030303030303030303030303030303
        42  ^^^^^^^^^^^^^^^^  5e5e5e5e5e5e5e5e5e5e5e5e5e5e5e5e
        41  ................  93939393939393939393939393939393
# epoch 18350  H=7.9701 C=7.8798 HO=0.0755  A(t)=295
       179  >>>>>>>>>>>>>>>>  3e3e3e3e3e3e3e3e3e3e3e3e3e3e3e3e
       103  ................  01010101010101010101010101010101
        72  [[[[[[[[[[[[[[[[  5b5b5b5b5b5b5b5b5b5b5b5b5b5b5b5b
        65  ,,,,,,,,,,,,,,,,  2c2c2c2c2c2c2c2c2c2c2c2c2c2c2c2c
        63  ................  03030303030303030303030303030303
        56  }}}}}}}}}}}}}}}}  7d7d7d7d7d7d7d7d7d7d7d7d7d7d7d7d
        50  ????????????????  3f3f3f3f3f3f3f3f3f3f3f3f3f3f3f3f
        48  ]]]]]]]]]]]]]]]]  5d5d5d5d5d5d5d5d5d5d5d5d5d5d5d5d
        43  ^^^^^^^^^^^^^^^^  5e5e5e5e5e5e5e5e5e5e5e5e5e5e5e5e
        41  ................  93939393939393939393939393939393
# epoch 18400  H=7.9698 C=7.8792 HO=0.0737  A(t)=295
       234  >>>>>>>>>>>>>>>>  3e3e3e3e3e3e3e3e3e3e3e3e3e3e3e3e
       128  ................  01010101010101010101010101010101
        94  ssssssssssssssss  73737373737373737373737373737373
        71  ,,,,,,,,,,,,,,,,  2c2c2c2c2c2c2c2c2c2c2c2c2c2c2c2c
        52  [[[[[[[[[[[[[[[[  5b5b5b5b5b5b5b5b5b5b5b5b5b5b5b5b
        50  }}}}}}}}}}}}}}}}  7d7d7d7d7d7d7d7d7d7d7d7d7d7d7d7d
        47  ................  03030303030303030303030303030303
        46  ????????????????  3f3f3f3f3f3f3f3f3f3f3f3f3f3f3f3f
        41  ................  93939393939393939393939393939393
        41  ^^^^^^^^^^^^^^^^  5e5e5e5e5e5e5e5e5e5e5e5e5e5e5e5e
# epoch 18450  H=7.9698 C=7.8800 HO=0.0743  A(t)=295
       251  >>>>>>>>>>>>>>>>  3e3e3e3e3e3e3e3e3e3e3e3e3e3e3e3e
        86  ................  01010101010101010101010101010101
        75  ssssssssssssssss  73737373737373737373737373737373
        71  ,,,,,,,,,,,,,,,,  2c2c2c2c2c2c2c2c2c2c2c2c2c2c2c2c
        63  }}}}}}}}}}}}}}}}  7d7d7d7d7d7d7d7d7d7d7d7d7d7d7d7d
        52  [[[[[[[[[[[[[[[[  5b5b5b5b5b5b5b5b5b5b5b5b5b5b5b5b
        47  ................  fefefefefefefefefefefefefefefefe
        47  ................  03030303030303030303030303030303
        46  ????????????????  3f3f3f3f3f3f3f3f3f3f3f3f3f3f3f3f
        41  ................  93939393939393939393939393939393
# epoch 18500  H=7.9697 C=7.8768 HO=0.0743  A(t)=295
       255  >>>>>>>>>>>>>>>>  3e3e3e3e3e3e3e3e3e3e3e3e3e3e3e3e
       141  ................  15151515151515151515151515151515
       101  [[[[[[[[[[[[[[[[  5b5b5b5b5b5b5b5b5b5b5b5b5b5b5b5b
        74  ................  01010101010101010101010101010101
        59  ssssssssssssssss  73737373737373737373737373737373
        54  }}}}}}}}}}}}}}}}  7d7d7d7d7d7d7d7d7d7d7d7d7d7d7d7d
        51  ,,,,,,,,,,,,,,,,  2c2c2c2c2c2c2c2c2c2c2c2c2c2c2c2c
        49  KKKKKKKKKKKKKKKK  4b4b4b4b4b4b4b4b4b4b4b4b4b4b4b4b
        47  ................  03030303030303030303030303030303
        46  ????????????????  3f3f3f3f3f3f3f3f3f3f3f3f3f3f3f3f
# epoch 18550  H=7.9700 C=7.8756 HO=0.0747  A(t)=295
       221  >>>>>>>>>>>>>>>>  3e3e3e3e3e3e3e3e3e3e3e3e3e3e3e3e
       171  ................  15151515151515151515151515151515
       146  [[[[[[[[[[[[[[[[  5b5b5b5b5b5b5b5b5b5b5b5b5b5b5b5b
        60  ................  01010101010101010101010101010101
        53  }}}}}}}}}}}}}}}}  7d7d7d7d7d7d7d7d7d7d7d7d7d7d7d7d
        48  ,,,,,,,,,,,,,,,,  2c2c2c2c2c2c2c2c2c2c2c2c2c2c2c2c
        47  ................  d3d3d3d3d3d3d3d3d3d3d3d3d3d3d3d3
        46  ????????????????  3f3f3f3f3f3f3f3f3f3f3f3f3f3f3f3f
        45  ................  f7f7f7f7f7f7f7f7f7f7f7f7f7f7f7f7
        41  ................  03030303030303030303030303030303
# epoch 18600  H=7.9703 C=7.8770 HO=0.0773  A(t)=295
       238  >>>>>>>>>>>>>>>>  3e3e3e3e3e3e3e3e3e3e3e3e3e3e3e3e
       144  [[[[[[[[[[[[[[[[  5b5b5b5b5b5b5b5b5b5b5b5b5b5b5b5b
       135  ................  15151515151515151515151515151515
        58  ................  01010101010101010101010101010101
        51  }}}}}}}}}}}}}}}}  7d7d7d7d7d7d7d7d7d7d7d7d7d7d7d7d
        49  xxxxxxxxxxxxxxxx  78787878787878787878787878787878
        47  ................  d3d3d3d3d3d3d3d3d3d3d3d3d3d3d3d3
        45  ................  f7f7f7f7f7f7f7f7f7f7f7f7f7f7f7f7
        40  {{{{{{{{{{{{{{{{  7b7b7b7b7b7b7b7b7b7b7b7b7b7b7b7b
        38  ^^^^^^^^^^^^^^^^  5e5e5e5e5e5e5e5e5e5e5e5e5e5e5e5e
# epoch 18650  H=7.9703 C=7.8768 HO=0.0774  A(t)=295
       219  >>>>>>>>>>>>>>>>  3e3e3e3e3e3e3e3e3e3e3e3e3e3e3e3e
       135  ................  15151515151515151515151515151515
       119  [[[[[[[[[[[[[[[[  5b5b5b5b5b5b5b5b5b5b5b5b5b5b5b5b
        54  }}}}}}}}}}}}}}}}  7d7d7d7d7d7d7d7d7d7d7d7d7d7d7d7d
        53  ................  01010101010101010101010101010101
        41  xxxxxxxxxxxxxxxx  78787878787878787878787878787878
        40  {{{{{{{{{{{{{{{{  7b7b7b7b7b7b7b7b7b7b7b7b7b7b7b7b
        40  ^^^^^^^^^^^^^^^^  5e5e5e5e5e5e5e5e5e5e5e5e5e5e5e5e
        37  ................  ffffffffffffffffffffffffffffffff
        37  ????????????????  3f3f3f3f3f3f3f3f3f3f3f3f3f3f3f3f
# epoch 18700  H=7.9704 C=7.8768 HO=0.0785  A(t)=295
       250  >>>>>>>>>>>>>>>>  3e3e3e3e3e3e3e3e3e3e3e3e3e3e3e3e
       119  [[[[[[[[[[[[[[[[  5b5b5b5b5b5b5b5b5b5b5b5b5b5b5b5b
       119  ................  15151515151515151515151515151515
       110  cccccccccccccccc  63636363636363636363636363636363
        53  }}}}}}}}}}}}}}}}  7d7d7d7d7d7d7d7d7d7d7d7d7d7d7d7d
        42  ^^^^^^^^^^^^^^^^  5e5e5e5e5e5e5e5e5e5e5e5e5e5e5e5e
        42  ................  01010101010101010101010101010101
        40  {{{{{{{{{{{{{{{{  7b7b7b7b7b7b7b7b7b7b7b7b7b7b7b7b
        40  ................  03030303030303030303030303030303
        35  ,,,,,,,,,,,,,,,,  2c2c2c2c2c2c2c2c2c2c2c2c2c2c2c2c
# epoch 18750  H=7.9701 C=7.8754 HO=0.0786  A(t)=295
       293  >>>>>>>>>>>>>>>>  3e3e3e3e3e3e3e3e3e3e3e3e3e3e3e3e
       108  cccccccccccccccc  63636363636363636363636363636363
       101  ................  15151515151515151515151515151515
       100  [[[[[[[[[[[[[[[[  5b5b5b5b5b5b5b5b5b5b5b5b5b5b5b5b
        81  ,,,,,,,,,,,,,,,,  2c2c2c2c2c2c2c2c2c2c2c2c2c2c2c2c
        48  ................  c1c1c1c1c1c1c1c1c1c1c1c1c1c1c1c1
        48  }}}}}}}}}}}}}}}}  7d7d7d7d7d7d7d7d7d7d7d7d7d7d7d7d
        40  {{{{{{{{{{{{{{{{  7b7b7b7b7b7b7b7b7b7b7b7b7b7b7b7b
        40  ^^^^^^^^^^^^^^^^  5e5e5e5e5e5e5e5e5e5e5e5e5e5e5e5e
        40  ................  03030303030303030303030303030303
# epoch 18800  H=7.9701 C=7.8768 HO=0.0755  A(t)=295
       247  >>>>>>>>>>>>>>>>  3e3e3e3e3e3e3e3e3e3e3e3e3e3e3e3e
       102  cccccccccccccccc  63636363636363636363636363636363
        89  [[[[[[[[[[[[[[[[  5b5b5b5b5b5b5b5b5b5b5b5b5b5b5b5b
        88  ................  15151515151515151515151515151515
        65  ,,,,,,,,,,,,,,,,  2c2c2c2c2c2c2c2c2c2c2c2c2c2c2c2c
        55  }}}}}}}}}}}}}}}}  7d7d7d7d7d7d7d7d7d7d7d7d7d7d7d7d
        49  ................  c1c1c1c1c1c1c1c1c1c1c1c1c1c1c1c1
        42  ^^^^^^^^^^^^^^^^  5e5e5e5e5e5e5e5e5e5e5e5e5e5e5e5e
        40  {{{{{{{{{{{{{{{{  7b7b7b7b7b7b7b7b7b7b7b7b7b7b7b7b
        36  ................  01010101010101010101010101010101
# epoch 18850  H=7.9702 C=7.8802 HO=0.0750  A(t)=295
       210  >>>>>>>>>>>>>>>>  3e3e3e3e3e3e3e3e3e3e3e3e3e3e3e3e
        88  cccccccccccccccc  63636363636363636363636363636363
        76  [[[[[[[[[[[[[[[[  5b5b5b5b5b5b5b5b5b5b5b5b5b5b5b5b
        72  ................  15151515151515151515151515151515
        64  ,,,,,,,,,,,,,,,,  2c2c2c2c2c2c2c2c2c2c2c2c2c2c2c2c
        58  }}}}}}}}}}}}}}}}  7d7d7d7d7d7d7d7d7d7d7d7d7d7d7d7d
        49  ................  c1c1c1c1c1c1c1c1c1c1c1c1c1c1c1c1
        39  ^^^^^^^^^^^^^^^^  5e5e5e5e5e5e5e5e5e5e5e5e5e5e5e5e
        36  ................  01010101010101010101010101010101
        32  zzzzzzzzzzzzzzzz  7a7a7a7a7a7a7a7a7a7a7a7a7a7a7a7a
# epoch 18900  H=7.9699 C=7.8814 HO=0.0731  A(t)=295
       222  >>>>>>>>>>>>>>>>  3e3e3e3e3e3e3e3e3e3e3e3e3e3e3e3e
        88  cccccccccccccccc  63636363636363636363636363636363
        74  [[[[[[[[[[[[[[[[  5b5b5b5b5b5b5b5b5b5b5b5b5b5b5b5b
        68  }}}}}}}}}}}}}}}}  7d7d7d7d7d7d7d7d7d7d7d7d7d7d7d7d
        56  ,,,,,,,,,,,,,,,,  2c2c2c2c2c2c2c2c2c2c2c2c2c2c2c2c
        55  ................  15151515151515151515151515151515
        48  ;;;;;;;;;;;;;;;;  3b3b3b3b3b3b3b3b3b3b3b3b3b3b3b3b
        27  ................  c1c1c1c1c1c1c1c1c1c1c1c1c1c1c1c1
        25  {{{{{{{{{{{{{{{{  7b7b7b7b7b7b7b7b7b7b7b7b7b7b7b7b
        25  zzzzzzzzzzzzzzzz  7a7a7a7a7a7a7a7a7a7a7a7a7a7a7a7a
# epoch 18950  H=7.9699 C=7.8829 HO=0.0712  A(t)=295
       296  >>>>>>>>>>>>>>>>  3e3e3e3e3e3e3e3e3e3e3e3e3e3e3e3e
        77  }}}}}}}}}}}}}}}}  7d7d7d7d7d7d7d7d7d7d7d7d7d7d7d7d
        75  ;;;;;;;;;;;;;;;;  3b3b3b3b3b3b3b3b3b3b3b3b3b3b3b3b
        71  cccccccccccccccc  63636363636363636363636363636363
        61  [[[[[[[[[[[[[[[[  5b5b5b5b5b5b5b5b5b5b5b5b5b5b5b5b
        48  ................  15151515151515151515151515151515
        35  ,,,,,,,,,,,,,,,,  2c2c2c2c2c2c2c2c2c2c2c2c2c2c2c2c
        27  ................  c1c1c1c1c1c1c1c1c1c1c1c1c1c1c1c1
        27  ................  81818181818181818181818181818181
        25  {{{{{{{{{{{{{{{{  7b7b7b7b7b7b7b7b7b7b7b7b7b7b7b7b
# epoch 19000  H=7.9703 C=7.8824 HO=0.0721  A(t)=295
       266  >>>>>>>>>>>>>>>>  3e3e3e3e3e3e3e3e3e3e3e3e3e3e3e3e
       130  ................  a4a4a4a4a4a4a4a4a4a4a4a4a4a4a4a4
        74  ;;;;;;;;;;;;;;;;  3b3b3b3b3b3b3b3b3b3b3b3b3b3b3b3b
        68  }}}}}}}}}}}}}}}}  7d7d7d7d7d7d7d7d7d7d7d7d7d7d7d7d
        61  [[[[[[[[[[[[[[[[  5b5b5b5b5b5b5b5b5b5b5b5b5b5b5b5b
        51  cccccccccccccccc  63636363636363636363636363636363
        39  ................  01010101010101010101010101010101
        29  ................  15151515151515151515151515151515
        25  ,,,,,,,,,,,,,,,,  2c2c2c2c2c2c2c2c2c2c2c2c2c2c2c2c
        23  ................  c1c1c1c1c1c1c1c1c1c1c1c1c1c1c1c1
# epoch 19050  H=7.9702 C=7.8803 HO=0.0763  A(t)=297
       256  >>>>>>>>>>>>>>>>  3e3e3e3e3e3e3e3e3e3e3e3e3e3e3e3e
        86  ................  a4a4a4a4a4a4a4a4a4a4a4a4a4a4a4a4
        86  [[[[[[[[[[[[[[[[  5b5b5b5b5b5b5b5b5b5b5b5b5b5b5b5b
        74  ;;;;;;;;;;;;;;;;  3b3b3b3b3b3b3b3b3b3b3b3b3b3b3b3b
        64  }}}}}}}}}}}}}}}}  7d7d7d7d7d7d7d7d7d7d7d7d7d7d7d7d
        64  ,,,,,,,,,,,,,,,,  2c2c2c2c2c2c2c2c2c2c2c2c2c2c2c2c
        61  {{{{{{{{{{{{{{{{  7b7b7b7b7b7b7b7b7b7b7b7b7b7b7b7b
        47  ................  00000000000000000000000000000000
        46  ................  e3e3e3e3e3e3e3e3e3e3e3e3e3e3e3e3
        45  \\\\\\\\\\\\\\\\  5c5c5c5c5c5c5c5c5c5c5c5c5c5c5c5c
# epoch 19100  H=7.9704 C=7.8797 HO=0.0772  A(t)=297
       200  >>>>>>>>>>>>>>>>  3e3e3e3e3e3e3e3e3e3e3e3e3e3e3e3e
        75  \\\\\\\\\\\\\\\\  5c5c5c5c5c5c5c5c5c5c5c5c5c5c5c5c
        70  ;;;;;;;;;;;;;;;;  3b3b3b3b3b3b3b3b3b3b3b3b3b3b3b3b
        67  ................  a4a4a4a4a4a4a4a4a4a4a4a4a4a4a4a4
        65  [[[[[[[[[[[[[[[[  5b5b5b5b5b5b5b5b5b5b5b5b5b5b5b5b
        65  ,,,,,,,,,,,,,,,,  2c2c2c2c2c2c2c2c2c2c2c2c2c2c2c2c
        56  &&&&&&&&&&&&&&&&  26262626262626262626262626262626
        51  <<<<<<<<<<<<<<<<  3c3c3c3c3c3c3c3c3c3c3c3c3c3c3c3c
        48  ................  00000000000000000000000000000000
        46  ................  e3e3e3e3e3e3e3e3e3e3e3e3e3e3e3e3
# epoch 19150  H=7.9704 C=7.8813 HO=0.0773  A(t)=297
       182  >>>>>>>>>>>>>>>>  3e3e3e3e3e3e3e3e3e3e3e3e3e3e3e3e
        63  ,,,,,,,,,,,,,,,,  2c2c2c2c2c2c2c2c2c2c2c2c2c2c2c2c
        59  ;;;;;;;;;;;;;;;;  3b3b3b3b3b3b3b3b3b3b3b3b3b3b3b3b
        58  [[[[[[[[[[[[[[[[  5b5b5b5b5b5b5b5b5b5b5b5b5b5b5b5b
        57  \\\\\\\\\\\\\\\\  5c5c5c5c5c5c5c5c5c5c5c5c5c5c5c5c
        53  <<<<<<<<<<<<<<<<  3c3c3c3c3c3c3c3c3c3c3c3c3c3c3c3c
        52  ................  00000000000000000000000000000000
        51  ................  a4a4a4a4a4a4a4a4a4a4a4a4a4a4a4a4
        49  ................  e3e3e3e3e3e3e3e3e3e3e3e3e3e3e3e3
        49  ................  83838383838383838383838383838383
# epoch 19200  H=7.9707 C=7.8792 HO=0.0784  A(t)=297
       122  >>>>>>>>>>>>>>>>  3e3e3e3e3e3e3e3e3e3e3e3e3e3e3e3e
        74  ................  a4a4a4a4a4a4a4a4a4a4a4a4a4a4a4a4
        59  [[[[[[[[[[[[[[[[  5b5b5b5b5b5b5b5b5b5b5b5b5b5b5b5b
        52  5555555555555555  35353535353535353535353535353535
        52  ................  00000000000000000000000000000000
        48  ................  2e2e2e2e2e2e2e2e2e2e2e2e2e2e2e2e
        48  ,,,,,,,,,,,,,,,,  2c2c2c2c2c2c2c2c2c2c2c2c2c2c2c2c
        47  ................  b6b6b6b6b6b6b6b6b6b6b6b6b6b6b6b6
        44  TTTTTTTTTTTTTTTT  54545454545454545454545454545454
        41  ;;;;;;;;;;;;;;;;  3b3b3b3b3b3b3b3b3b3b3b3b3b3b3b3b
# epoch 19250  H=7.9707 C=7.8771 HO=0.0812  A(t)=297
       120  ''''''''''''''''  27272727272727272727272727272727
       106  ]]]]]]]]]]]]]]]]  5d5d5d5d5d5d5d5d5d5d5d5d5d5d5d5d
        98  >>>>>>>>>>>>>>>>  3e3e3e3e3e3e3e3e3e3e3e3e3e3e3e3e
        58  [[[[[[[[[[[[[[[[  5b5b5b5b5b5b5b5b5b5b5b5b5b5b5b5b
        54  ................  a4a4a4a4a4a4a4a4a4a4a4a4a4a4a4a4
        52  5555555555555555  35353535353535353535353535353535
        52  ................  00000000000000000000000000000000
        48  ................  2e2e2e2e2e2e2e2e2e2e2e2e2e2e2e2e
        48  ,,,,,,,,,,,,,,,,  2c2c2c2c2c2c2c2c2c2c2c2c2c2c2c2c
        44  TTTTTTTTTTTTTTTT  54545454545454545454545454545454
# epoch 19300  H=7.9708 C=7.8804 HO=0.0756  A(t)=297
       123  >>>>>>>>>>>>>>>>  3e3e3e3e3e3e3e3e3e3e3e3e3e3e3e3e
        99  ]]]]]]]]]]]]]]]]  5d5d5d5d5d5d5d5d5d5d5d5d5d5d5d5d
        91  ''''''''''''''''  27272727272727272727272727272727
        53  5555555555555555  35353535353535353535353535353535
        49  }}}}}}}}}}}}}}}}  7d7d7d7d7d7d7d7d7d7d7d7d7d7d7d7d
        48  ................  2e2e2e2e2e2e2e2e2e2e2e2e2e2e2e2e
        48  ,,,,,,,,,,,,,,,,  2c2c2c2c2c2c2c2c2c2c2c2c2c2c2c2c
        44  TTTTTTTTTTTTTTTT  54545454545454545454545454545454
        42  ................  a4a4a4a4a4a4a4a4a4a4a4a4a4a4a4a4
        36  [[[[[[[[[[[[[[[[  5b5b5b5b5b5b5b5b5b5b5b5b5b5b5b5b
# epoch 19350  H=7.9710 C=7.8794 HO=0.0785  A(t)=297
       129  >>>>>>>>>>>>>>>>  3e3e3e3e3e3e3e3e3e3e3e3e3e3e3e3e
        96  ,,,,,,,,,,,,,,,,  2c2c2c2c2c2c2c2c2c2c2c2c2c2c2c2c
        88  ''''''''''''''''  27272727272727272727272727272727
        62  ]]]]]]]]]]]]]]]]  5d5d5d5d5d5d5d5d5d5d5d5d5d5d5d5d
        53  5555555555555555  35353535353535353535353535353535
        49  }}}}}}}}}}}}}}}}  7d7d7d7d7d7d7d7d7d7d7d7d7d7d7d7d
        48  ................  b9b9b9b9b9b9b9b9b9b9b9b9b9b9b9b9
        48  !!!!!!!!!!!!!!!!  21212121212121212121212121212121
        47  ................  9e9e9e9e9e9e9e9e9e9e9e9e9e9e9e9e
        37  ................  a4a4a4a4a4a4a4a4a4a4a4a4a4a4a4a4
# epoch 19400  H=7.9707 C=7.8811 HO=0.0763  A(t)=297
       108  >>>>>>>>>>>>>>>>  3e3e3e3e3e3e3e3e3e3e3e3e3e3e3e3e
        77  ,,,,,,,,,,,,,,,,  2c2c2c2c2c2c2c2c2c2c2c2c2c2c2c2c
        72  ''''''''''''''''  27272727272727272727272727272727
        58  ]]]]]]]]]]]]]]]]  5d5d5d5d5d5d5d5d5d5d5d5d5d5d5d5d
        52  ================  3d3d3d3d3d3d3d3d3d3d3d3d3d3d3d3d
        50  5555555555555555  35353535353535353535353535353535
        46  !!!!!!!!!!!!!!!!  21212121212121212121212121212121
        40  ::::::::::::::::  3a3a3a3a3a3a3a3a3a3a3a3a3a3a3a3a
        36  [[[[[[[[[[[[[[[[  5b5b5b5b5b5b5b5b5b5b5b5b5b5b5b5b
        35  }}}}}}}}}}}}}}}}  7d7d7d7d7d7d7d7d7d7d7d7d7d7d7d7d
# epoch 19450  H=7.9709 C=7.8807 HO=0.0763  A(t)=297
       112  >>>>>>>>>>>>>>>>  3e3e3e3e3e3e3e3e3e3e3e3e3e3e3e3e
        74  ,,,,,,,,,,,,,,,,  2c2c2c2c2c2c2c2c2c2c2c2c2c2c2c2c
        65  ................  2e2e2e2e2e2e2e2e2e2e2e2e2e2e2e2e
        58  ''''''''''''''''  27272727272727272727272727272727
        52  ]]]]]]]]]]]]]]]]  5d5d5d5d5d5d5d5d5d5d5d5d5d5d5d5d
        49  [[[[[[[[[[[[[[[[  5b5b5b5b5b5b5b5b5b5b5b5b5b5b5b5b
        49  ================  3d3d3d3d3d3d3d3d3d3d3d3d3d3d3d3d
        46  !!!!!!!!!!!!!!!!  21212121212121212121212121212121
        45  jjjjjjjjjjjjjjjj  6a6a6a6a6a6a6a6a6a6a6a6a6a6a6a6a
        43  ................  a1a1a1a1a1a1a1a1a1a1a1a1a1a1a1a1
# epoch 19500  H=7.9705 C=7.8774 HO=0.0792  A(t)=297
       170  >>>>>>>>>>>>>>>>  3e3e3e3e3e3e3e3e3e3e3e3e3e3e3e3e
       163  [[[[[[[[[[[[[[[[  5b5b5b5b5b5b5b5b5b5b5b5b5b5b5b5b
        95  ................  2e2e2e2e2e2e2e2e2e2e2e2e2e2e2e2e
        75  ,,,,,,,,,,,,,,,,  2c2c2c2c2c2c2c2c2c2c2c2c2c2c2c2c
        61  ................  a1a1a1a1a1a1a1a1a1a1a1a1a1a1a1a1
        60  {{{{{{{{{{{{{{{{  7b7b7b7b7b7b7b7b7b7b7b7b7b7b7b7b
        51  ''''''''''''''''  27272727272727272727272727272727
        49  ================  3d3d3d3d3d3d3d3d3d3d3d3d3d3d3d3d
        42  ]]]]]]]]]]]]]]]]  5d5d5d5d5d5d5d5d5d5d5d5d5d5d5d5d
        38  !!!!!!!!!!!!!!!!  21212121212121212121212121212121
# epoch 19550  H=7.9704 C=7.8773 HO=0.0816  A(t)=297
       176  >>>>>>>>>>>>>>>>  3e3e3e3e3e3e3e3e3e3e3e3e3e3e3e3e
       136  ................  a1a1a1a1a1a1a1a1a1a1a1a1a1a1a1a1
       120  [[[[[[[[[[[[[[[[  5b5b5b5b5b5b5b5b5b5b5b5b5b5b5b5b
        84  ,,,,,,,,,,,,,,,,  2c2c2c2c2c2c2c2c2c2c2c2c2c2c2c2c
        59  ................  2e2e2e2e2e2e2e2e2e2e2e2e2e2e2e2e
        57  <<<<<<<<<<<<<<<<  3c3c3c3c3c3c3c3c3c3c3c3c3c3c3c3c
        55  {{{{{{{{{{{{{{{{  7b7b7b7b7b7b7b7b7b7b7b7b7b7b7b7b
        49  ================  3d3d3d3d3d3d3d3d3d3d3d3d3d3d3d3d
        39  ''''''''''''''''  27272727272727272727272727272727
        37  5555555555555555  35353535353535353535353535353535
# epoch 19600  H=7.9706 C=7.8754 HO=0.0808  A(t)=297
       210  >>>>>>>>>>>>>>>>  3e3e3e3e3e3e3e3e3e3e3e3e3e3e3e3e
       114  ................  a1a1a1a1a1a1a1a1a1a1a1a1a1a1a1a1
       107  [[[[[[[[[[[[[[[[  5b5b5b5b5b5b5b5b5b5b5b5b5b5b5b5b
        80  ,,,,,,,,,,,,,,,,  2c2c2c2c2c2c2c2c2c2c2c2c2c2c2c2c
        59  ................  2e2e2e2e2e2e2e2e2e2e2e2e2e2e2e2e
        55  {{{{{{{{{{{{{{{{  7b7b7b7b7b7b7b7b7b7b7b7b7b7b7b7b
        49  ================  3d3d3d3d3d3d3d3d3d3d3d3d3d3d3d3d
        47  ................  e0e0e0e0e0e0e0e0e0e0e0e0e0e0e0e0
        47  XXXXXXXXXXXXXXXX  58585858585858585858585858585858
        43  ................  86868686868686868686868686868686
# epoch 19650  H=7.9708 C=7.8768 HO=0.0800  A(t)=297
       228  >>>>>>>>>>>>>>>>  3e3e3e3e3e3e3e3e3e3e3e3e3e3e3e3e
       127  ................  a1a1a1a1a1a1a1a1a1a1a1a1a1a1a1a1
        75  [[[[[[[[[[[[[[[[  5b5b5b5b5b5b5b5b5b5b5b5b5b5b5b5b
        72  ,,,,,,,,,,,,,,,,  2c2c2c2c2c2c2c2c2c2c2c2c2c2c2c2c
        59  ................  2e2e2e2e2e2e2e2e2e2e2e2e2e2e2e2e
        52  {{{{{{{{{{{{{{{{  7b7b7b7b7b7b7b7b7b7b7b7b7b7b7b7b
        47  ................  e0e0e0e0e0e0e0e0e0e0e0e0e0e0e0e0
        47  XXXXXXXXXXXXXXXX  58585858585858585858585858585858
        43  ................  04040404040404040404040404040404
        42  RRRRRRRRRRRRRRRR  52525252525252525252525252525252
# epoch 19700  H=7.9707 C=7.8748 HO=0.0835  A(t)=297
       210  >>>>>>>>>>>>>>>>  3e3e3e3e3e3e3e3e3e3e3e3e3e3e3e3e
       121  ................  a1a1a1a1a1a1a1a1a1a1a1a1a1a1a1a1
        69  [[[[[[[[[[[[[[[[  5b5b5b5b5b5b5b5b5b5b5b5b5b5b5b5b
        65  ,,,,,,,,,,,,,,,,  2c2c2c2c2c2c2c2c2c2c2c2c2c2c2c2c
        59  ................  2e2e2e2e2e2e2e2e2e2e2e2e2e2e2e2e
        53  <<<<<<<<<<<<<<<<  3c3c3c3c3c3c3c3c3c3c3c3c3c3c3c3c
        52  {{{{{{{{{{{{{{{{  7b7b7b7b7b7b7b7b7b7b7b7b7b7b7b7b
        48  ................  d7d7d7d7d7d7d7d7d7d7d7d7d7d7d7d7
        47  ssssssssssssssss  73737373737373737373737373737373
        47  XXXXXXXXXXXXXXXX  58585858585858585858585858585858
# epoch 19750  H=7.9702 C=7.8733 HO=0.0808  A(t)=297
       171  ,,,,,,,,,,,,,,,,  2c2c2c2c2c2c2c2c2c2c2c2c2c2c2c2c
       152  >>>>>>>>>>>>>>>>  3e3e3e3e3e3e3e3e3e3e3e3e3e3e3e3e
       104  ................  a1a1a1a1a1a1a1a1a1a1a1a1a1a1a1a1
        63  [[[[[[[[[[[[[[[[  5b5b5b5b5b5b5b5b5b5b5b5b5b5b5b5b
        48  ................  d7d7d7d7d7d7d7d7d7d7d7d7d7d7d7d7
        47  ssssssssssssssss  73737373737373737373737373737373
        47  XXXXXXXXXXXXXXXX  58585858585858585858585858585858
        46  ................  2e2e2e2e2e2e2e2e2e2e2e2e2e2e2e2e
        38  ................  ffffffffffffffffffffffffffffffff
        36  ................  dbdbdbdbdbdbdbdbdbdbdbdbdbdbdbdb
# epoch 19800  H=7.9699 C=7.8736 HO=0.0815  A(t)=297
       160  >>>>>>>>>>>>>>>>  3e3e3e3e3e3e3e3e3e3e3e3e3e3e3e3e
       153  ,,,,,,,,,,,,,,,,  2c2c2c2c2c2c2c2c2c2c2c2c2c2c2c2c
       112  [[[[[[[[[[[[[[[[  5b5b5b5b5b5b5b5b5b5b5b5b5b5b5b5b
       103  ................  a1a1a1a1a1a1a1a1a1a1a1a1a1a1a1a1
        48  ................  d7d7d7d7d7d7d7d7d7d7d7d7d7d7d7d7
        46  ................  2e2e2e2e2e2e2e2e2e2e2e2e2e2e2e2e
        36  ................  dbdbdbdbdbdbdbdbdbdbdbdbdbdbdbdb
        33  ................  92929292929292929292929292929292
        32  ................  e0e0e0e0e0e0e0e0e0e0e0e0e0e0e0e0
        32  ````````````````  60606060606060606060606060606060
# epoch 19850  H=7.9699 C=7.8743 HO=0.0837  A(t)=297
       232  >>>>>>>>>>>>>>>>  3e3e3e3e3e3e3e3e3e3e3e3e3e3e3e3e
       160  ,,,,,,,,,,,,,,,,  2c2c2c2c2c2c2c2c2c2c2c2c2c2c2c2c
        98  [[[[[[[[[[[[[[[[  5b5b5b5b5b5b5b5b5b5b5b5b5b5b5b5b
        80  ................  a1a1a1a1a1a1a1a1a1a1a1a1a1a1a1a1
        48  ................  d7d7d7d7d7d7d7d7d7d7d7d7d7d7d7d7
        41  ----------------  2d2d2d2d2d2d2d2d2d2d2d2d2d2d2d2d
        38  ................  98989898989898989898989898989898
        36  ................  dbdbdbdbdbdbdbdbdbdbdbdbdbdbdbdb
        32  <<<<<<<<<<<<<<<<  3c3c3c3c3c3c3c3c3c3c3c3c3c3c3c3c
        31  {{{{{{{{{{{{{{{{  7b7b7b7b7b7b7b7b7b7b7b7b7b7b7b7b
# epoch 19900  H=7.9700 C=7.8750 HO=0.0839  A(t)=297
       212  >>>>>>>>>>>>>>>>  3e3e3e3e3e3e3e3e3e3e3e3e3e3e3e3e
       129  ,,,,,,,,,,,,,,,,  2c2c2c2c2c2c2c2c2c2c2c2c2c2c2c2c
        88  ----------------  2d2d2d2d2d2d2d2d2d2d2d2d2d2d2d2d
        74  [[[[[[[[[[[[[[[[  5b5b5b5b5b5b5b5b5b5b5b5b5b5b5b5b
        64  ................  a1a1a1a1a1a1a1a1a1a1a1a1a1a1a1a1
        54  ::::::::::::::::  3a3a3a3a3a3a3a3a3a3a3a3a3a3a3a3a
        50  <<<<<<<<<<<<<<<<  3c3c3c3c3c3c3c3c3c3c3c3c3c3c3c3c
        39  ................  c8c8c8c8c8c8c8c8c8c8c8c8c8c8c8c8
        37  ................  98989898989898989898989898989898
        33  ................  d7d7d7d7d7d7d7d7d7d7d7d7d7d7d7d7
# epoch 19950  H=7.9699 C=7.8757 HO=0.0847  A(t)=297
       181  >>>>>>>>>>>>>>>>  3e3e3e3e3e3e3e3e3e3e3e3e3e3e3e3e
       101  [[[[[[[[[[[[[[[[  5b5b5b5b5b5b5b5b5b5b5b5b5b5b5b5b
       100  ................  0e0e0e0e0e0e0e0e0e0e0e0e0e0e0e0e
        95  ,,,,,,,,,,,,,,,,  2c2c2c2c2c2c2c2c2c2c2c2c2c2c2c2c
        72  ----------------  2d2d2d2d2d2d2d2d2d2d2d2d2d2d2d2d
        62  ................  a1a1a1a1a1a1a1a1a1a1a1a1a1a1a1a1
        55  <<<<<<<<<<<<<<<<  3c3c3c3c3c3c3c3c3c3c3c3c3c3c3c3c
        52  \\\\\\\\\\\\\\\\  5c5c5c5c5c5c5c5c5c5c5c5c5c5c5c5c
        48  ::::::::::::::::  3a3a3a3a3a3a3a3a3a3a3a3a3a3a3a3a
        39  ................  c8c8c8c8c8c8c8c8c8c8c8c8c8c8c8c8
# epoch 20000  H=7.9698 C=7.8752 HO=0.0834  A(t)=297
       151  >>>>>>>>>>>>>>>>  3e3e3e3e3e3e3e3e3e3e3e3e3e3e3e3e
        89  ................  0e0e0e0e0e0e0e0e0e0e0e0e0e0e0e0e
        83  [[[[[[[[[[[[[[[[  5b5b5b5b5b5b5b5b5b5b5b5b5b5b5b5b
        74  ,,,,,,,,,,,,,,,,  2c2c2c2c2c2c2c2c2c2c2c2c2c2c2c2c
        72  ----------------  2d2d2d2d2d2d2d2d2d2d2d2d2d2d2d2d
        67  ::::::::::::::::  3a3a3a3a3a3a3a3a3a3a3a3a3a3a3a3a
        62  ................  a1a1a1a1a1a1a1a1a1a1a1a1a1a1a1a1
        56  <<<<<<<<<<<<<<<<  3c3c3c3c3c3c3c3c3c3c3c3c3c3c3c3c
        50  ssssssssssssssss  73737373737373737373737373737373
        41  ]]]]]]]]]]]]]]]]  5d5d5d5d5d5d5d5d5d5d5d5d5d5d5d5d
