epoch,wall_s,sim_s,entropy_bits,comp_bits,high_order_entropy,brotli2_bits,zlib_bits,hoe_zlib,mean_steps,frac_copy_runs,frac_steps_in_loop,ops_per_run,frac_term_budget,frac_term_off_region,frac_term_unmatched,runs,steps,mutations,distinct_windows,n_persistent,A_t,n_persistent_naive,A_t_naive
0,0.025,0.0,7.997252,8.000488,-0.003236,8.000488,8.003174,-0.005922,0.0,0.0,0.0,0.0,0.0,0.0,0.0,0,0,0,65536,0,0,0,0
50,0.57,0.522,7.994784,8.000488,-0.005705,8.000488,8.003174,-0.00839,1624.3272,0.0,0.936797,121.2396,0.18082,0.574531,0.244648,51200,83165553,794,65536,0,0,0,0
100,1.168,1.071,7.99097,8.000488,-0.009518,8.000488,8.003174,-0.012204,1794.1954,0.0,0.944139,124.1965,0.20293,0.529902,0.267168,51200,91862802,764,65536,0,0,0,0
150,1.792,1.665,7.987452,8.000488,-0.013037,8.000488,8.003174,-0.015722,1954.8234,0.0,0.94899,131.435,0.222852,0.512461,0.264688,51200,100086956,743,65536,0,0,0,0
200,2.412,2.254,7.985202,8.000488,-0.015287,8.000488,8.003174,-0.017972,1998.2915,0.0,0.95032,145.3396,0.229648,0.504746,0.265605,51200,102312524,790,65536,0,0,0,0
250,2.831,2.623,7.983649,8.000488,-0.01684,8.000488,8.003174,-0.019525,2041.7588,0.0,0.951471,153.1615,0.235293,0.496953,0.267754,51200,104538053,770,65536,0,0,0,0
300,3.432,3.192,7.981778,8.000488,-0.01871,8.000488,8.003174,-0.021396,2072.2029,0.0,0.952669,160.6847,0.238945,0.483477,0.277578,51200,106096786,838,65536,0,0,0,0
350,3.897,3.632,7.98176,8.000488,-0.018728,8.000488,8.003174,-0.021414,2116.6239,0.0,0.953527,163.7966,0.245039,0.483535,0.271426,51200,108371144,813,65536,0,0,0,0
400,4.554,4.242,7.980809,8.000488,-0.019679,8.000488,8.002808,-0.021999,2108.9518,0.0,0.95314,159.2167,0.243105,0.491738,0.265156,51200,107978333,774,65536,0,0,0,0
450,5.042,4.706,7.979789,8.000488,-0.020699,8.000488,8.003174,-0.023385,2104.3991,0.0,0.952709,172.4167,0.241914,0.498555,0.259531,51200,107745234,813,65536,0,0,0,0
500,5.612,5.223,7.97894,8.000488,-0.021548,8.000488,8.002197,-0.023257,2119.2774,0.0,0.953559,192.9729,0.242832,0.489609,0.267559,51200,108507002,770,65536,0,0,0,0
550,6.202,5.787,7.977819,8.000488,-0.022669,8.000488,8.001221,-0.023401,2124.1255,0.0,0.95338,185.3531,0.242012,0.492285,0.265703,51200,108755227,744,65536,0,0,0,0
600,6.716,6.276,7.976995,8.000488,-0.023493,8.000488,8.001099,-0.024103,2143.9937,0.0,0.953758,188.3965,0.242598,0.493984,0.263418,51200,109772478,855,65536,0,0,0,0
650,7.456,6.972,7.976775,8.000488,-0.023713,8.000488,8.001343,-0.024567,2190.1611,0.0,0.954648,193.7939,0.248223,0.491426,0.260352,51200,112136248,796,65536,0,0,0,0
700,7.924,7.415,7.976554,8.000488,-0.023935,8.000488,8.001343,-0.024789,2202.0364,0.0,0.954809,191.0629,0.250547,0.493418,0.256035,51200,112744262,757,65536,0,0,0,0
750,8.467,7.91,7.976099,8.000488,-0.024389,8.000488,8.000488,-0.024389,2203.8833,0.0,0.95473,186.1094,0.250312,0.493672,0.256016,51200,112838827,797,65536,0,0,0,0
800,8.985,8.404,7.976534,8.000488,-0.023955,8.000488,8.000977,-0.024443,2158.4824,0.0,0.953592,184.9082,0.244941,0.498281,0.256777,51200,110514300,775,65536,0,0,0,0
850,9.487,8.865,7.976383,8.000488,-0.024105,8.000488,8.000732,-0.02435,2128.476,0.0,0.953228,183.7454,0.241621,0.495391,0.262988,51200,108977973,781,65536,0,0,0,0
900,9.955,9.269,7.976177,8.000488,-0.024311,8.000488,8.0,-0.023823,2097.5729,0.0,0.95266,181.1893,0.238477,0.492109,0.269414,51200,107395731,822,65536,0,0,0,0
950,10.531,9.821,7.976928,8.000488,-0.02356,8.000488,8.000732,-0.023805,2080.5621,0.0,0.951735,177.0715,0.235156,0.504824,0.26002,51200,106524780,825,65536,0,0,0,0
1000,10.993,10.259,7.977298,8.000488,-0.02319,8.000488,8.001343,-0.024044,2111.0421,0.0,0.952454,171.0181,0.239102,0.503789,0.257109,51200,108085353,844,65536,0,0,0,0
1050,11.483,10.723,7.977354,8.000488,-0.023134,8.000488,8.001099,-0.023745,2143.5437,0.0,0.953184,173.3929,0.2425,0.503262,0.254238,51200,109749439,824,65536,0,0,0,0
1100,12.15,11.365,7.977311,8.000488,-0.023177,8.000488,8.000977,-0.023666,2128.5032,0.0,0.953008,179.3328,0.240918,0.500039,0.259043,51200,108979366,789,65536,0,0,0,0
1150,12.67,11.831,7.977181,8.000488,-0.023307,8.000488,8.000854,-0.023673,2180.3914,0.0,0.95454,186.6457,0.247344,0.486914,0.265742,51200,111636038,791,65536,0,0,0,0
1200,13.24,12.378,7.977658,8.000488,-0.022831,8.000488,8.001099,-0.023441,2114.0948,0.0,0.952899,181.2694,0.239023,0.494082,0.266895,51200,108241652,791,65536,0,0,0,0
1250,13.957,13.055,7.976569,8.000488,-0.023919,8.000488,8.000244,-0.023675,2122.9404,0.0,0.953261,177.2814,0.240977,0.493047,0.265977,51200,108694549,820,65536,0,0,0,0
1300,14.402,13.476,7.97636,8.000488,-0.024129,8.000488,8.000366,-0.024007,2160.3754,0.0,0.954113,186.1958,0.24457,0.49207,0.263359,51200,110611222,734,65536,0,0,0,0
1350,14.953,13.995,7.976436,8.000488,-0.024052,8.000488,8.000732,-0.024297,2090.2999,0.0,0.952411,168.1254,0.235898,0.498301,0.265801,51200,107023355,803,65536,0,0,0,0
1400,15.367,14.384,7.97599,8.000488,-0.024498,8.000488,8.00061,-0.02462,2087.6192,0.0,0.952577,150.159,0.236094,0.495488,0.268418,51200,106886102,778,65536,0,0,0,0
1450,15.938,14.92,7.975865,8.000488,-0.024624,8.000488,8.000244,-0.024379,2113.8072,0.0,0.953275,156.0439,0.239941,0.489062,0.270996,51200,108226931,810,65536,0,0,0,0
1500,16.546,15.491,7.9761,8.000488,-0.024388,8.000488,8.000366,-0.024266,2060.1411,0.0,0.952106,153.1342,0.23416,0.49623,0.269609,51200,105479224,816,65536,0,0,0,0
1550,17.031,15.947,7.976396,8.000488,-0.024092,8.000488,8.000366,-0.02397,2015.8715,0.0,0.951166,149.471,0.229102,0.497676,0.273223,51200,103212619,780,65536,0,0,0,0
1600,17.473,16.364,7.976483,8.000488,-0.024005,8.000488,7.999878,-0.023395,2018.1802,0.0,0.951572,156.195,0.229375,0.488613,0.282012,51200,103330824,753,65536,0,0,0,0
1650,18.094,16.961,7.976871,8.000488,-0.023617,8.000488,8.000488,-0.023617,2047.3774,0.0,0.951902,157.6743,0.233008,0.49375,0.273242,51200,104825722,757,65536,0,0,0,0
1700,18.559,17.384,7.977209,8.000488,-0.023279,8.000488,8.000732,-0.023523,2034.2725,0.0,0.951887,157.1562,0.230723,0.485254,0.284023,51200,104154752,767,65536,0,0,0,0
1750,19.098,17.89,7.976506,8.000488,-0.023983,8.000488,8.000488,-0.023983,2019.4973,0.0,0.951573,154.514,0.229023,0.48707,0.283906,51200,103398262,764,65536,0,0,0,0
1800,19.598,18.364,7.976354,8.000488,-0.024134,8.000488,7.999878,-0.023524,2054.3545,0.0,0.952462,160.0434,0.234219,0.484824,0.280957,51200,105182951,746,65536,0,0,0,0
1850,19.977,18.719,7.976243,8.000488,-0.024245,8.000488,8.000732,-0.02449,2072.0463,0.0,0.95288,157.0055,0.236367,0.480254,0.283379,51200,106088770,764,65536,0,0,0,0
1900,20.36,19.079,7.976676,8.000488,-0.023812,8.000488,8.000977,-0.0243,2085.0242,0.0,0.953299,161.3863,0.238379,0.474316,0.287305,51200,106753239,775,65536,0,0,0,0
1950,20.746,19.439,7.976635,8.000488,-0.023853,8.000488,8.000488,-0.023853,2114.8641,0.0,0.953831,158.9234,0.242031,0.472852,0.285117,51200,108281043,799,65536,0,0,0,0
2000,21.14,19.809,7.975805,8.000488,-0.024683,8.000488,8.000488,-0.024683,2157.3792,0.0,0.955096,160.8966,0.246797,0.467559,0.285645,51200,110457816,736,65536,0,0,0,0
2050,21.562,20.196,7.976083,8.000488,-0.024405,8.000488,8.000244,-0.024161,2173.3756,0.0,0.955344,159.8939,0.247383,0.463457,0.28916,51200,111276829,780,65536,0,0,0,0
2100,21.971,20.579,7.975508,8.000488,-0.024981,8.000488,7.999634,-0.024126,2156.7518,0.0,0.954839,158.5214,0.246914,0.467129,0.285957,51200,110425693,806,65536,0,0,0,0
2150,22.361,20.944,7.976007,8.000488,-0.024482,8.000488,8.000244,-0.024237,2154.3625,0.0,0.954827,162.008,0.247617,0.466484,0.285898,51200,110303359,820,65536,0,0,0,0
2200,22.756,21.315,7.975706,8.000488,-0.024782,8.000488,8.000366,-0.02466,2181.0308,0.0,0.955441,162.8786,0.25082,0.462227,0.286953,51200,111668779,771,65536,0,0,0,0
2250,23.155,21.689,7.976172,8.000488,-0.024316,8.000488,8.001221,-0.025049,2182.8577,0.0,0.955775,162.133,0.251426,0.457598,0.290977,51200,111762314,829,65536,0,0,0,0
2300,23.551,22.061,7.976493,8.000488,-0.023995,8.000488,8.000854,-0.024362,2164.6486,0.0,0.955303,157.3291,0.24998,0.461074,0.288945,51200,110830010,779,65536,0,0,0,0
2350,23.943,22.428,7.977082,8.000488,-0.023406,8.000488,8.001221,-0.024138,2107.9112,0.0,0.954051,150.6234,0.243379,0.463965,0.292656,51200,107925053,728,65536,0,0,0,0
2400,24.367,22.829,7.977019,8.000488,-0.023469,8.000488,8.001465,-0.024445,2115.4147,0.0,0.953863,149.5181,0.243516,0.474844,0.281641,51200,108309234,802,65536,0,0,0,0
2450,24.768,23.202,7.976073,8.000488,-0.024416,8.000488,8.00061,-0.024538,2081.0928,0.0,0.953043,159.0978,0.238047,0.476465,0.285488,51200,106551949,818,65536,0,0,0,0
2500,25.15,23.559,7.976154,8.000488,-0.024334,8.000488,8.000732,-0.024578,2098.0283,0.0,0.953863,165.5031,0.24123,0.467676,0.291094,51200,107419049,793,65536,0,0,0,0
2550,25.556,23.941,7.975295,8.000488,-0.025193,8.000488,7.999878,-0.024583,2152.699,0.0,0.955179,163.6335,0.247598,0.458867,0.293535,51200,110218190,790,65536,0,0,0,0
2600,25.944,24.304,7.975681,8.000488,-0.024807,8.000488,8.000244,-0.024563,2154.4059,0.0,0.955159,171.556,0.246973,0.456738,0.296289,51200,110305583,832,65536,0,0,0,0
2650,26.326,24.663,7.975322,8.000488,-0.025166,8.000488,7.999634,-0.024312,2100.3172,0.0,0.954117,167.1132,0.240879,0.459414,0.299707,51200,107536242,785,65536,0,0,0,0
2700,26.71,25.02,7.975552,8.000488,-0.024937,8.000488,7.999268,-0.023716,2066.8664,0.0,0.953274,167.7851,0.237363,0.460391,0.302246,51200,105823558,827,65536,0,0,0,0
2750,27.091,25.376,7.975886,8.000488,-0.024603,8.000488,7.999268,-0.023382,2095.2718,0.0,0.954045,164.6879,0.241172,0.463555,0.295273,51200,107277916,773,65536,0,0,0,0
2800,27.471,25.732,7.976088,8.000488,-0.024401,8.000488,8.000488,-0.024401,2021.1861,0.0,0.952077,159.9543,0.230195,0.468613,0.301191,51200,103484729,792,65536,0,0,0,0
2850,27.843,26.079,7.976038,8.000488,-0.024451,8.000488,8.000366,-0.024329,2007.3413,0.0,0.951687,154.2074,0.228867,0.469219,0.301914,51200,102775874,806,65536,0,0,0,0
2900,28.222,26.432,7.975846,8.000488,-0.024642,8.000488,7.999878,-0.024032,2051.5686,0.0,0.952893,150.571,0.234609,0.461094,0.304297,51200,105040314,783,65536,0,0,0,0
2950,28.604,26.79,7.977075,8.000488,-0.023413,8.000488,8.001221,-0.024146,2039.0588,0.0,0.952875,152.9556,0.233887,0.459258,0.306855,51200,104399812,745,65536,0,0,0,0
3000,28.981,27.142,7.976771,8.000488,-0.023717,8.000488,8.000854,-0.024084,2060.3017,0.0,0.952996,139.9031,0.23666,0.463945,0.299395,51200,105487448,830,65536,0,0,0,0
3050,29.373,27.5,7.976977,8.000488,-0.023511,8.000488,8.001709,-0.024732,2065.7024,0.0,0.952935,141.3027,0.235234,0.465312,0.299453,51200,105763965,797,65536,0,0,0,0
3100,29.76,27.862,7.976533,8.000488,-0.023956,8.000488,8.000854,-0.024322,2020.7186,0.0,0.951989,139.1887,0.228828,0.470293,0.300879,51200,103460792,791,65536,0,0,0,0
3150,30.134,28.211,7.975927,8.000488,-0.024561,8.000488,8.000977,-0.02505,2044.6633,0.0,0.952696,151.2526,0.229824,0.469082,0.301094,51200,104686763,768,65536,0,0,0,0
3200,30.51,28.564,7.975917,8.000488,-0.024572,8.000488,8.00061,-0.024694,2055.5556,0.0,0.95301,154.2907,0.230391,0.465605,0.304004,51200,105244449,840,65536,0,0,0,0
3250,30.89,28.919,7.975978,8.000488,-0.02451,8.000488,7.999878,-0.0239,2040.7429,0.0,0.952474,150.7321,0.229746,0.463691,0.306562,51200,104486035,736,65536,0,0,0,0
3300,31.265,29.269,7.97565,8.000488,-0.024839,8.000488,7.999512,-0.023862,2051.0497,0.0,0.952831,154.5621,0.232148,0.463672,0.30418,51200,105013745,763,65536,0,0,0,0
3350,31.638,29.619,7.975837,8.000488,-0.024651,8.000488,8.000854,-0.025017,2032.9792,0.0,0.952182,154.7786,0.229922,0.464824,0.305254,51200,104088535,775,65536,0,0,0,0
3400,32.006,29.962,7.975502,8.000488,-0.024987,8.000488,8.000488,-0.024987,1979.9557,0.0,0.950892,147.6477,0.22291,0.468809,0.308281,51200,101373730,781,65536,0,0,0,0
3450,32.364,30.293,7.975661,8.000488,-0.024827,8.000488,8.000122,-0.024461,1927.6794,0.0,0.949237,146.0964,0.214766,0.481582,0.303652,51200,98697186,832,65536,0,0,0,0
3500,32.717,30.623,7.975876,8.000488,-0.024612,8.000488,8.00061,-0.024734,1907.6425,0.0,0.948632,143.3312,0.212773,0.484219,0.303008,51200,97671294,771,65536,0,0,0,0
3550,33.076,30.957,7.975847,8.000488,-0.024641,8.000488,7.999878,-0.024031,1937.5367,0.0,0.949255,136.864,0.214746,0.487598,0.297656,51200,99201877,812,65536,0,0,0,0
3600,33.497,31.353,7.976088,8.000488,-0.024401,8.000488,8.00061,-0.024523,1944.9011,0.0,0.949185,137.7414,0.214863,0.48791,0.297227,51200,99578937,784,65536,0,0,0,0
3650,33.851,31.684,7.97574,8.000488,-0.024748,8.000488,8.000366,-0.024626,1917.8513,0.0,0.948307,131.3422,0.210625,0.495312,0.294062,51200,98193989,785,65536,0,0,0,0
3700,34.208,32.016,7.975951,8.000488,-0.024538,8.000488,8.00061,-0.02466,1920.7409,0.0,0.948229,125.8959,0.211348,0.497598,0.291055,51200,98341936,740,65536,0,0,0,0
3750,34.557,32.342,7.975688,8.000488,-0.0248,8.000488,8.000366,-0.024678,1903.0875,0.0,0.947925,123.1151,0.211016,0.495781,0.293203,51200,97438081,789,65536,0,0,0,0
3800,34.906,32.666,7.975949,8.000488,-0.024539,8.000488,8.000488,-0.024539,1887.9144,0.0,0.947302,115.9394,0.209102,0.500137,0.290762,51200,96661218,771,65536,0,0,0,0
3850,35.257,32.993,7.976274,8.000488,-0.024215,8.000488,8.000854,-0.024581,1925.4037,0.0,0.948454,126.8444,0.212559,0.500527,0.286914,51200,98580670,790,65536,0,0,0,0
3900,35.619,33.331,7.976105,8.000488,-0.024384,8.000488,8.001099,-0.024994,1925.1739,0.0,0.948189,130.2542,0.211855,0.501914,0.28623,51200,98568904,764,65536,0,0,0,0
3950,35.993,33.68,7.976312,8.000488,-0.024176,8.000488,8.001221,-0.024908,2010.6518,0.0,0.950714,134.1515,0.222891,0.493066,0.284043,51200,102945371,826,65536,0,0,0,0
4000,36.353,34.014,7.976266,8.000488,-0.024222,8.000488,8.001587,-0.025321,1952.8141,0.0,0.949583,128.1456,0.216875,0.488223,0.294902,51200,99984083,825,65536,0,0,0,0
4050,36.758,34.395,7.975567,8.000488,-0.024921,8.000488,8.000244,-0.024677,1943.2045,0.0,0.949591,127.9866,0.215801,0.479941,0.304258,51200,99492072,763,65536,0,0,0,0
4100,37.109,34.722,7.976802,8.000488,-0.023686,8.000488,8.000977,-0.024175,1923.5732,0.0,0.94907,129.2305,0.213438,0.488301,0.298262,51200,98486946,773,65536,0,0,0,0
4150,37.486,35.064,7.976795,8.000488,-0.023693,8.000488,8.001099,-0.024304,1926.0005,0.0,0.948873,128.7252,0.215039,0.487871,0.29709,51200,98611226,766,65536,0,0,0,0
4200,37.856,35.41,7.976717,8.000488,-0.023771,8.000488,8.000732,-0.024015,1924.2283,0.0,0.948545,126.8319,0.21498,0.490352,0.294668,51200,98520488,778,65536,0,0,0,0
4250,38.214,35.743,7.976652,8.000488,-0.023836,8.000488,8.000854,-0.024202,1942.9545,0.0,0.948901,128.2057,0.216816,0.497188,0.285996,51200,99479270,788,65536,0,0,0,0
4300,38.569,36.073,7.977061,8.000488,-0.023427,8.000488,8.001221,-0.02416,1942.5832,0.0,0.949144,126.3426,0.218496,0.492109,0.289395,51200,99460261,797,65536,0,0,0,0
4350,38.922,36.401,7.976993,8.000488,-0.023495,8.000488,8.001221,-0.024228,1941.7804,0.0,0.949116,123.2178,0.218184,0.491621,0.290195,51200,99419154,795,65536,0,0,0,0
4400,39.294,36.74,7.976888,8.000488,-0.0236,8.000488,8.001343,-0.024455,1942.6773,0.0,0.949427,126.7811,0.218535,0.487305,0.29416,51200,99465076,761,65536,0,0,0,0
4450,39.682,37.097,7.978125,8.000488,-0.022363,8.000488,8.002075,-0.02395,1915.2219,0.0,0.94892,123.9239,0.214883,0.485703,0.299414,51200,98059363,774,65536,0,0,0,0
4500,40.052,37.444,7.976834,8.000488,-0.023655,8.000488,8.001221,-0.024387,1929.7914,0.0,0.949322,136.7724,0.215059,0.484824,0.300117,51200,98805319,769,65536,0,0,0,0
4550,40.412,37.779,7.97692,8.000488,-0.023569,8.000488,8.001465,-0.024545,1957.8396,0.0,0.95,140.5329,0.217324,0.483438,0.299238,51200,100241390,758,65536,0,0,0,0
4600,40.776,38.119,7.976476,8.000488,-0.024012,8.000488,8.000732,-0.024256,1976.1505,0.0,0.950368,140.314,0.22041,0.483008,0.296582,51200,101178908,768,65536,0,0,0,0
4650,41.157,38.476,7.976327,8.000488,-0.024161,8.000488,8.000854,-0.024527,1940.5303,0.0,0.949234,145.3573,0.213496,0.485723,0.300781,51200,99355153,737,65536,0,0,0,0
4700,41.516,38.81,7.9762,8.000488,-0.024289,8.000488,8.000488,-0.024289,1898.843,0.0,0.948225,139.2208,0.210586,0.483516,0.305898,51200,97220762,753,65536,0,0,0,0
4750,41.862,39.132,7.97581,8.000488,-0.024679,8.000488,8.000366,-0.024557,1850.9504,0.0,0.946637,126.7197,0.203691,0.490996,0.305312,51200,94768658,808,65536,0,0,0,0
4800,42.201,39.448,7.976241,8.000488,-0.024247,8.000488,8.000732,-0.024491,1820.3572,0.0,0.945816,128.9748,0.200508,0.493047,0.306445,51200,93202290,828,65536,0,0,0,0
4850,42.552,39.773,7.97637,8.000488,-0.024118,8.000488,8.001221,-0.024851,1832.405,0.0,0.945965,128.7174,0.201836,0.497695,0.300469,51200,93819136,794,65536,0,0,0,0
4900,42.957,40.155,7.976292,8.000488,-0.024196,8.000488,8.000854,-0.024562,1865.0353,0.0,0.947216,129.138,0.206016,0.490781,0.303203,51200,95489806,862,65536,0,0,0,0
4950,43.323,40.495,7.976704,8.000488,-0.023785,8.000488,8.001221,-0.024517,1832.4004,0.0,0.946339,125.5053,0.203438,0.491055,0.305508,51200,93818898,782,65536,0,0,0,0
5000,43.705,40.847,7.976763,8.000488,-0.023725,8.000488,8.001221,-0.024458,1831.4854,0.0,0.946126,120.0562,0.202578,0.493301,0.304121,51200,93772054,769,65536,0,0,0,0
5050,44.051,41.169,7.977358,8.000488,-0.023131,8.000488,8.001587,-0.024229,1879.8737,0.0,0.947643,122.1897,0.209297,0.487441,0.303262,51200,96249536,813,65536,0,0,0,0
5100,44.402,41.496,7.976811,8.000488,-0.023677,8.000488,8.001465,-0.024654,1890.4227,0.0,0.948287,124.468,0.209785,0.483496,0.306719,51200,96789641,759,65536,0,0,0,0
5150,44.748,41.818,7.976269,8.000488,-0.024219,8.000488,8.001343,-0.025074,1877.3815,0.0,0.948394,125.6436,0.208984,0.478691,0.312324,51200,96121935,775,65536,0,0,0,0
5200,45.092,42.138,7.976302,8.000488,-0.024186,8.000488,8.001099,-0.024796,1860.044,0.0,0.948075,119.935,0.206562,0.472832,0.320605,51200,95234255,798,65536,0,0,0,0
5250,45.44,42.461,7.976615,8.000488,-0.023873,8.000488,8.001221,-0.024605,1845.4703,0.0,0.947273,118.9119,0.204688,0.48373,0.311582,51200,94488078,798,65536,0,0,0,0
5300,45.792,42.778,7.976987,8.000488,-0.023501,8.000488,8.001221,-0.024234,1806.3112,0.0,0.94633,117.0892,0.200762,0.481348,0.317891,51200,92483134,804,65536,0,0,0,0
5350,46.151,43.113,7.9765,8.000488,-0.023988,8.000488,8.00061,-0.024111,1813.3216,0.0,0.946318,117.1138,0.202988,0.485723,0.311289,51200,92842065,767,65536,0,0,0,0
5400,46.488,43.427,7.976241,8.000488,-0.024247,8.000488,8.000977,-0.024735,1830.7988,0.0,0.946833,116.968,0.204473,0.483008,0.31252,51200,93736901,806,65536,0,0,0,0
5450,46.825,43.739,7.975654,8.000488,-0.024834,8.000488,7.999512,-0.023858,1808.3002,0.0,0.946131,113.0511,0.201895,0.48457,0.313535,51200,92584970,769,65536,0,0,0,0
5500,47.164,44.054,7.975984,8.000488,-0.024505,8.000488,8.0,-0.024016,1838.354,0.0,0.947347,120.6632,0.20625,0.479355,0.314395,51200,94123723,810,65536,0,0,0,0
5550,47.501,44.367,7.975748,8.000488,-0.02474,8.000488,7.99939,-0.023642,1808.3658,0.0,0.946496,118.1748,0.202402,0.479707,0.317891,51200,92588327,772,65536,0,0,0,0
5600,47.832,44.675,7.976,8.000488,-0.024488,8.000488,8.0,-0.024,1778.8766,0.0,0.945733,119.2304,0.199102,0.475996,0.324902,51200,91078481,772,65536,0,0,0,0
5650,48.174,44.993,7.976075,8.000488,-0.024414,8.000488,8.000244,-0.02417,1822.1954,0.0,0.946977,121.8234,0.204512,0.472031,0.323457,51200,93296403,793,65536,0,0,0,0
5700,48.513,45.307,7.975763,8.000488,-0.024725,8.000488,7.999634,-0.023871,1822.8486,0.0,0.947135,119.9808,0.205371,0.467305,0.327324,51200,93329849,778,65536,0,0,0,0
5750,48.843,45.614,7.976076,8.000488,-0.024412,8.000488,8.000122,-0.024046,1764.6634,0.0,0.945522,116.1651,0.198711,0.469844,0.331445,51200,90350764,782,65536,0,0,0,0
5800,49.186,45.931,7.976218,8.000488,-0.02427,8.000488,8.000366,-0.024148,1768.8948,0.0,0.945497,115.2194,0.198516,0.472051,0.329434,51200,90567416,790,65536,0,0,0,0
5850,49.56,46.28,7.9759,8.000488,-0.024588,8.000488,8.000366,-0.024466,1804.9641,0.0,0.946562,119.764,0.202734,0.474199,0.323066,51200,92414163,855,65536,0,0,0,0
5900,49.905,46.598,7.975849,8.000488,-0.024639,8.000488,8.000366,-0.024517,1759.4572,0.0,0.945242,117.3358,0.197656,0.472715,0.329629,51200,90084208,780,65536,0,0,0,0
5950,50.234,46.902,7.976284,8.000488,-0.024204,8.000488,7.999878,-0.023594,1708.1616,0.0,0.943725,110.0588,0.190508,0.471602,0.337891,51200,87457873,788,65536,0,0,0,0
6000,50.558,47.202,7.976239,8.000488,-0.024249,8.000488,8.000488,-0.024249,1703.2692,0.0,0.943485,110.2754,0.189375,0.470664,0.339961,51200,87207382,790,65536,0,0,0,0
6050,50.886,47.504,7.976312,8.000488,-0.024176,8.000488,8.000244,-0.023932,1685.7247,0.0,0.942979,110.1196,0.187812,0.473711,0.338477,51200,86309106,793,65536,0,0,0,0
6100,51.257,47.85,7.97661,8.000488,-0.023878,8.000488,8.0,-0.02339,1668.2464,0.0,0.942436,106.4035,0.185625,0.475078,0.339297,51200,85414217,797,65536,0,0,0,0
6150,51.577,48.146,7.976662,8.000488,-0.023826,8.000488,7.999756,-0.023093,1668.0044,0.0,0.942144,111.7905,0.185996,0.48043,0.333574,51200,85401823,771,65536,0,0,0,0
6200,51.9,48.445,7.975849,8.000488,-0.024639,8.000488,7.999268,-0.023419,1655.2037,0.0,0.94163,111.8417,0.184688,0.480977,0.334336,51200,84746429,802,65536,0,0,0,0
6250,52.222,48.743,7.975395,8.000488,-0.025094,8.000488,7.998901,-0.023507,1680.8802,0.0,0.942481,111.9661,0.187832,0.484004,0.328164,51200,86061064,791,65536,0,0,0,0
6300,52.591,49.087,7.974824,8.000488,-0.025665,8.000488,7.998535,-0.023712,1724.8515,0.0,0.943889,116.6824,0.194043,0.483223,0.322734,51200,88312398,771,65536,0,0,0,0
6350,52.929,49.401,7.975144,8.000488,-0.025344,8.000488,7.998413,-0.023269,1748.292,0.0,0.944035,117.5426,0.195391,0.493125,0.311484,51200,89512552,755,65536,0,0,0,0
6400,53.276,49.724,7.9755,8.000488,-0.024988,8.000488,7.999146,-0.023646,1807.1764,0.0,0.94623,123.1678,0.20334,0.483848,0.312812,51200,92527431,833,65536,0,0,0,0
6450,53.618,50.042,7.975673,8.000488,-0.024815,8.000488,7.999512,-0.023838,1778.9252,0.0,0.945454,121.2385,0.198398,0.482949,0.318652,51200,91080970,786,65536,0,0,0,0
6500,53.962,50.362,7.975407,8.000488,-0.025081,8.000488,7.999146,-0.023738,1794.1783,0.0,0.945689,118.8643,0.199199,0.486621,0.31418,51200,91861931,807,65536,0,0,0,0
6550,54.297,50.672,7.975827,8.000488,-0.024661,8.000488,7.999268,-0.023441,1784.0503,0.0,0.945358,118.1848,0.197168,0.490684,0.312148,51200,91343374,784,65536,0,0,0,0
6600,54.635,50.986,7.975708,8.000488,-0.02478,8.000488,7.99939,-0.023681,1805.7256,0.0,0.946188,138.7967,0.201074,0.487676,0.31125,51200,92453150,800,65536,0,0,0,0
6650,54.969,51.295,7.975148,8.000488,-0.02534,8.000488,7.998779,-0.023631,1766.8387,0.0,0.945214,145.6799,0.197207,0.486504,0.316289,51200,90462141,764,65536,0,0,0,0
6700,55.307,51.609,7.975596,8.000488,-0.024892,8.000488,7.999268,-0.023672,1796.925,0.0,0.946234,151.7556,0.201016,0.482617,0.316367,51200,92002558,748,65536,0,0,0,0
6750,55.642,51.921,7.975398,8.000488,-0.02509,8.000488,7.999146,-0.023748,1784.2707,0.0,0.945868,147.5228,0.199668,0.481172,0.31916,51200,91354658,779,65536,0,0,0,0
6800,55.987,52.242,7.975436,8.000488,-0.025053,8.000488,7.999023,-0.023588,1772.1477,0.0,0.945508,146.2383,0.198555,0.482891,0.318555,51200,90733961,800,65536,0,0,0,0
6850,56.324,52.555,7.975282,8.000488,-0.025207,8.000488,7.999023,-0.023742,1791.6281,0.0,0.945946,143.4391,0.201758,0.485215,0.313027,51200,91731361,796,65536,0,0,0,0
6900,56.674,52.877,7.975563,8.000488,-0.024926,8.000488,7.998779,-0.023217,1782.4623,0.0,0.945949,152.7821,0.201289,0.477305,0.321406,51200,91262072,817,65536,0,0,0,0
6950,57.033,53.211,7.975419,8.000488,-0.025069,8.000488,7.999023,-0.023605,1822.0823,0.0,0.94703,162.6444,0.205215,0.478242,0.316543,51200,93290612,770,65536,0,0,0,0
7000,57.391,53.544,7.974945,8.000488,-0.025543,8.000488,7.999146,-0.024201,1816.6149,0.0,0.947089,161.3171,0.205039,0.470469,0.324492,51200,93010681,789,65536,0,0,0,0
7050,57.747,53.875,7.974872,8.000488,-0.025616,8.000488,7.998779,-0.023907,1829.7435,0.0,0.94757,160.9895,0.205723,0.470566,0.323711,51200,93682866,812,65536,0,0,0,0
7100,58.087,54.19,7.974712,8.000488,-0.025777,8.000488,7.998657,-0.023946,1785.4289,0.0,0.946202,155.7992,0.200781,0.473516,0.325703,51200,91413962,760,65536,0,0,0,0
7150,58.422,54.501,7.975214,8.000488,-0.025275,8.000488,7.999512,-0.024298,1753.6788,0.0,0.945394,147.3353,0.196523,0.469316,0.33416,51200,89788355,798,65536,0,0,0,0
7200,58.759,54.814,7.975424,8.000488,-0.025064,8.000488,7.99939,-0.023966,1763.2685,0.0,0.94574,143.3425,0.198223,0.469844,0.331934,51200,90279345,802,65536,0,0,0,0
7250,59.116,55.131,7.975658,8.000488,-0.02483,8.000488,7.99939,-0.023732,1749.6202,0.0,0.945276,144.8578,0.195332,0.472168,0.3325,51200,89580553,802,65536,0,0,0,0
7300,59.477,55.46,7.975141,8.000488,-0.025347,8.000488,7.998535,-0.023394,1811.4935,0.0,0.947037,148.2715,0.202559,0.468398,0.329043,51200,92748468,813,65536,0,0,0,0
7350,59.818,55.776,7.976321,8.000488,-0.024167,8.000488,7.999146,-0.022824,1780.1655,0.0,0.945762,148.1101,0.198457,0.47248,0.329062,51200,91144475,764,65536,0,0,0,0
7400,60.159,56.092,7.976254,8.000488,-0.024235,8.000488,7.999268,-0.023014,1796.4874,0.0,0.946157,148.8976,0.200293,0.47582,0.323887,51200,91980153,789,65536,0,0,0,0
7450,60.503,56.41,7.97615,8.000488,-0.024339,8.000488,7.999268,-0.023118,1825.241,0.0,0.946646,145.2851,0.203965,0.478379,0.317656,51200,93452337,793,65536,0,0,0,0
7500,60.863,56.745,7.976122,8.000488,-0.024366,8.000488,7.998779,-0.022657,1847.1372,0.0,0.947496,159.6394,0.206289,0.472891,0.32082,51200,94573423,817,65536,0,0,0,0
7550,61.295,57.146,7.975255,8.000488,-0.025233,8.000488,7.998535,-0.02328,1823.4655,0.0,0.94658,158.8213,0.204297,0.477031,0.318672,51200,93361435,820,65536,0,0,0,0
7600,61.641,57.467,7.975109,8.000488,-0.025379,8.000488,7.998657,-0.023548,1821.0132,0.0,0.946624,160.5044,0.204492,0.474883,0.320625,51200,93235877,817,65536,0,0,0,0
7650,61.987,57.788,7.974955,8.000488,-0.025533,8.000488,7.998779,-0.023824,1790.9555,0.0,0.945747,160.2209,0.200781,0.478164,0.321055,51200,91696921,736,65536,0,0,0,0
7700,62.351,58.127,7.975392,8.000488,-0.025097,8.000488,7.999023,-0.023632,1799.2776,0.0,0.946174,160.3647,0.20123,0.471484,0.327285,51200,92123012,805,65536,0,0,0,0
7750,62.69,58.442,7.975655,8.000488,-0.024834,8.000488,7.999512,-0.023857,1771.1213,0.0,0.945236,162.87,0.196094,0.474395,0.329512,51200,90681412,818,65536,0,0,0,0
7800,63.043,58.77,7.975551,8.000488,-0.024937,8.000488,7.999634,-0.024083,1723.4402,0.0,0.943543,161.0913,0.191777,0.482227,0.325996,51200,88240140,827,65536,0,0,0,0
7850,63.399,59.096,7.975235,8.000488,-0.025253,8.000488,7.999512,-0.024277,1719.1251,0.0,0.943522,157.0123,0.191895,0.475547,0.332559,51200,88019204,809,65536,0,0,0,0
7900,63.744,59.417,7.975879,8.000488,-0.02461,8.000488,7.999634,-0.023755,1719.2235,0.0,0.943837,157.5909,0.192168,0.475176,0.332656,51200,88024241,747,65536,0,0,0,0
7950,64.077,59.726,7.976258,8.000488,-0.02423,8.000488,8.000244,-0.023986,1709.0553,0.0,0.943714,164.0555,0.191855,0.470293,0.337852,51200,87503631,827,65536,0,0,0,0
8000,64.414,60.038,7.976281,8.000488,-0.024207,8.000488,8.000244,-0.023963,1690.2005,0.0,0.943182,162.7648,0.189727,0.473086,0.337188,51200,86538266,787,65536,0,0,0,0
8050,64.747,60.345,7.976016,8.000488,-0.024472,8.000488,8.0,-0.023984,1678.0186,0.0,0.942903,165.6939,0.188672,0.471465,0.339863,51200,85914550,765,65536,0,0,0,0
8100,65.081,60.655,7.976128,8.000488,-0.024361,8.000488,7.999512,-0.023384,1726.7356,0.0,0.944497,165.7219,0.193262,0.467422,0.339316,51200,88408862,838,65536,0,0,0,0
8150,65.41,60.96,7.976151,8.000488,-0.024337,8.000488,8.000122,-0.023971,1699.9521,0.0,0.943478,166.1796,0.189277,0.472461,0.338262,51200,87037549,758,65536,0,0,0,0
8200,65.738,61.265,7.97634,8.000488,-0.024149,8.000488,7.999878,-0.023538,1705.98,0.0,0.94335,165.7176,0.189922,0.478125,0.331953,51200,87346177,810,65536,0,0,0,0
8250,66.111,61.613,7.976068,8.000488,-0.024421,8.000488,7.999756,-0.023688,1692.1659,0.0,0.942997,162.177,0.188047,0.475586,0.336367,51200,86638895,821,65536,0,0,0,0
8300,66.443,61.921,7.976253,8.000488,-0.024236,8.000488,8.000122,-0.023869,1727.8888,0.0,0.944587,166.9423,0.193145,0.467363,0.339492,51200,88467906,812,65536,0,0,0,0
8350,66.773,62.227,7.977155,8.000488,-0.023333,8.000488,8.000732,-0.023577,1707.6458,0.0,0.943667,162.1116,0.190215,0.476172,0.333613,51200,87431463,781,65536,0,0,0,0
8400,67.108,62.538,7.97754,8.000488,-0.022948,8.000488,8.000854,-0.023314,1757.7472,0.0,0.944978,168.8241,0.196367,0.478086,0.325547,51200,89996657,790,65536,0,0,0,0
8450,67.454,62.859,7.976945,8.000488,-0.023544,8.000488,8.000244,-0.023299,1805.061,0.0,0.946549,170.9589,0.203027,0.474805,0.322168,51200,92419124,754,65536,0,0,0,0
8500,67.868,63.239,7.976109,8.000488,-0.024379,8.000488,7.99939,-0.023281,1798.2776,0.0,0.946271,174.2066,0.201445,0.479082,0.319473,51200,92071813,819,65536,0,0,0,0
8550,68.227,63.574,7.975377,8.000488,-0.025111,8.000488,7.999023,-0.023647,1847.3577,0.0,0.94782,168.1513,0.207461,0.468027,0.324512,51200,94584714,808,65536,0,0,0,0
8600,68.578,63.901,7.975527,8.000488,-0.024961,8.000488,7.998901,-0.023374,1875.63,0.0,0.948199,159.5552,0.210527,0.476133,0.31334,51200,96032254,753,65536,0,0,0,0
8650,68.926,64.224,7.975468,8.000488,-0.02502,8.000488,7.999512,-0.024044,1827.3411,0.0,0.947131,168.9371,0.204473,0.476758,0.31877,51200,93559865,801,65536,0,0,0,0
8700,69.279,64.554,7.976151,8.000488,-0.024337,8.000488,8.000732,-0.024581,1876.7172,0.0,0.948491,180.5228,0.209277,0.476094,0.314629,51200,96087923,727,65536,0,0,0,0
8750,69.634,64.884,7.9763,8.000488,-0.024188,8.000488,8.000366,-0.024066,1896.5622,0.0,0.949078,181.5223,0.213047,0.472129,0.314824,51200,97103984,811,65536,0,0,0,0
8800,69.987,65.213,7.977131,8.000488,-0.023357,8.000488,8.001099,-0.023968,1880.5039,0.0,0.948708,172.8575,0.210742,0.473477,0.315781,51200,96281800,800,65536,0,0,0,0
8850,70.343,65.545,7.975176,8.000488,-0.025313,8.000488,7.999878,-0.024702,1906.3047,0.0,0.949112,171.413,0.213867,0.476836,0.309297,51200,97602801,840,65536,0,0,0,0
8900,70.698,65.875,7.974635,8.000488,-0.025853,8.000488,7.99939,-0.024754,1891.9323,0.0,0.948771,177.9646,0.21207,0.470508,0.317422,51200,96866933,789,65536,0,0,0,0
8950,71.054,66.206,7.974576,8.000488,-0.025913,8.000488,7.999146,-0.02457,1882.2757,0.0,0.948839,175.8999,0.211016,0.467012,0.321973,51200,96372515,836,65536,0,0,0,0
9000,71.429,66.537,7.975133,8.000488,-0.025356,8.000488,7.998901,-0.023769,1876.6794,0.0,0.948217,175.4198,0.209141,0.478125,0.312734,51200,96085987,741,65536,0,0,0,0
9050,71.819,66.896,7.975435,8.000488,-0.025053,8.000488,7.999268,-0.023832,1824.666,0.0,0.946749,170.6377,0.203066,0.479219,0.317715,51200,93422898,795,65536,0,0,0,0
9100,72.176,67.229,7.975948,8.000488,-0.024541,8.000488,7.999756,-0.023808,1810.1525,0.0,0.946416,173.0677,0.201914,0.480137,0.317949,51200,92679809,809,65536,0,0,0,0
9150,72.538,67.559,7.975638,8.000488,-0.02485,8.000488,7.999756,-0.024118,1815.504,0.0,0.946338,177.3073,0.201777,0.480996,0.317227,51200,92953803,824,65536,0,0,0,0
9200,72.886,67.883,7.975239,8.000488,-0.025249,8.000488,7.999878,-0.024639,1828.0018,0.0,0.94702,171.3835,0.204434,0.470156,0.32541,51200,93593690,764,65536,0,0,0,0
9250,73.231,68.204,7.976562,8.000488,-0.023926,8.000488,8.000122,-0.02356,1829.6057,0.0,0.947017,148.4946,0.203242,0.472754,0.324004,51200,93675814,807,65536,0,0,0,0
9300,73.579,68.527,7.976079,8.000488,-0.024409,8.000488,8.000488,-0.024409,1832.6797,0.0,0.947088,148.7467,0.205137,0.470996,0.323867,51200,93833200,756,65536,0,0,0,0
9350,73.924,68.848,7.975786,8.000488,-0.024703,8.000488,8.000122,-0.024337,1846.2658,0.0,0.947558,151.1986,0.206797,0.470859,0.322344,51200,94528810,770,65536,0,0,0,0
9400,74.268,69.167,7.975562,8.000488,-0.024926,8.000488,7.999756,-0.024194,1820.9027,0.0,0.946776,144.8239,0.203633,0.474473,0.321895,51200,93230219,760,65536,0,0,0,0
9450,74.611,69.486,7.975799,8.000488,-0.024689,8.000488,8.0,-0.024201,1813.3172,0.0,0.946707,139.3071,0.203496,0.474668,0.321836,51200,92841841,773,65536,0,0,0,0
9500,74.968,69.818,7.976059,8.000488,-0.02443,8.000488,8.000122,-0.024063,1835.9887,0.0,0.947296,139.1327,0.205371,0.47877,0.315859,51200,94002620,813,65536,0,0,0,0
9550,75.319,70.145,7.975959,8.000488,-0.02453,8.000488,8.000366,-0.024408,1856.7437,0.0,0.947899,140.3783,0.207441,0.474668,0.317891,51200,95065279,814,65536,0,0,0,0
9600,75.669,70.47,7.976314,8.000488,-0.024174,8.000488,8.000732,-0.024419,1851.6243,0.0,0.947528,138.1285,0.205938,0.477305,0.316758,51200,94803166,818,65536,0,0,0,0
9650,76.027,70.804,7.975715,8.000488,-0.024773,8.000488,8.000366,-0.024651,1875.4351,0.0,0.948483,139.2831,0.209043,0.47127,0.319688,51200,96022275,804,65536,0,0,0,0
9700,76.378,71.131,7.975313,8.000488,-0.025176,8.000488,8.000244,-0.024932,1897.4438,0.0,0.949218,142.8616,0.211738,0.469355,0.318906,51200,97149121,802,65536,0,0,0,0
9750,76.729,71.458,7.975536,8.000488,-0.024953,8.000488,8.000854,-0.025319,1886.7589,0.0,0.948678,137.4788,0.210195,0.473477,0.316328,51200,96602056,772,65536,0,0,0,0
9800,77.088,71.793,7.976309,8.000488,-0.024179,8.000488,8.001587,-0.025278,1880.9897,0.0,0.94866,140.893,0.208164,0.470469,0.321367,51200,96306674,768,65536,0,0,0,0
9850,77.44,72.12,7.975661,8.000488,-0.024828,8.000488,8.000366,-0.024705,1828.521,0.0,0.947208,137.5662,0.202246,0.47332,0.324434,51200,93620275,798,65536,0,0,0,0
9900,77.803,72.458,7.975526,8.000488,-0.024962,8.000488,8.000244,-0.024718,1846.9557,0.0,0.947603,126.8698,0.203418,0.471719,0.324863,51200,94564132,809,65536,0,0,0,0
9950,78.148,72.778,7.975583,8.000488,-0.024905,8.000488,7.999878,-0.024295,1819.954,0.0,0.946513,119.5087,0.200312,0.476699,0.322988,51200,93181645,868,65536,0,0,0,0
10000,78.5,73.104,7.976141,8.000488,-0.024348,8.000488,8.000366,-0.024226,1840.5749,0.0,0.947239,124.9713,0.201484,0.472969,0.325547,51200,94237433,781,65536,0,0,0,0
10050,78.864,73.444,7.975863,8.000488,-0.024625,8.000488,8.000488,-0.024625,1924.8722,0.0,0.949592,144.3767,0.212148,0.467324,0.320527,51200,98553458,771,65536,0,0,0,0
10100,79.231,73.786,7.975913,8.000488,-0.024575,8.000488,8.000488,-0.024575,1928.1954,0.0,0.94991,141.4336,0.212656,0.464727,0.322617,51200,98723606,803,65536,0,0,0,0
10150,79.602,74.127,7.976769,8.000488,-0.023719,8.000488,8.001465,-0.024695,1952.9262,0.0,0.95048,145.1415,0.216152,0.468164,0.315684,51200,99989821,830,65536,0,0,0,0
10200,79.989,74.485,7.976105,8.000488,-0.024384,8.000488,8.000854,-0.02475,1976.6361,0.0,0.951568,152.7368,0.221504,0.457812,0.320684,51200,101203767,774,65536,0,0,0,0
10250,80.361,74.832,7.974959,8.000488,-0.025529,8.000488,7.998901,-0.023942,1991.2229,0.0,0.951905,153.9529,0.22373,0.460215,0.316055,51200,101950614,775,65536,0,0,0,0
10300,80.72,75.165,7.974923,8.000488,-0.025566,8.000488,7.998779,-0.023857,1937.1272,0.0,0.950064,146.7454,0.217773,0.471543,0.310684,51200,99180914,810,65536,0,0,0,0
10350,81.112,75.533,7.975147,8.000488,-0.025341,8.000488,7.998657,-0.02351,1996.2641,0.0,0.951531,151.9211,0.225703,0.471289,0.303008,51200,102208723,799,65536,0,0,0,0
10400,81.489,75.885,7.974897,8.000488,-0.025591,8.000488,7.998535,-0.023638,2025.0552,0.0,0.952122,154.8063,0.227793,0.470996,0.301211,51200,103682828,763,65536,0,0,0,0
10450,81.864,76.236,7.97514,8.000488,-0.025348,8.000488,7.998413,-0.023273,2062.4778,0.0,0.952975,151.1083,0.231855,0.468223,0.299922,51200,105598862,855,65536,0,0,0,0
10500,82.236,76.583,7.97464,8.000488,-0.025849,8.000488,7.99939,-0.02475,2061.1526,0.0,0.95275,147.7941,0.23084,0.469414,0.299746,51200,105531015,800,65536,0,0,0,0
10550,82.624,76.947,7.975371,8.000488,-0.025117,8.000488,7.999756,-0.024385,2063.7724,0.0,0.953017,153.9567,0.231328,0.467832,0.30084,51200,105665146,763,65536,0,0,0,0
10600,83.006,77.304,7.975193,8.000488,-0.025296,8.000488,7.998901,-0.023709,2057.4418,0.0,0.95297,141.2505,0.231992,0.460859,0.307148,51200,105341021,742,65536,0,0,0,0
10650,83.378,77.652,7.974431,8.000488,-0.026057,8.000488,7.998169,-0.023738,2047.9201,0.0,0.952839,132.411,0.231289,0.459062,0.309648,51200,104853507,787,65536,0,0,0,0
10700,83.751,78.001,7.974366,8.000488,-0.026122,8.000488,7.998657,-0.024291,2048.6525,0.0,0.953001,132.8859,0.232031,0.457324,0.310645,51200,104891007,799,65536,0,0,0,0
10750,84.137,78.362,7.974583,8.000488,-0.025905,8.000488,7.998901,-0.024318,1990.3054,0.0,0.951679,132.9492,0.225371,0.456113,0.318516,51200,101903639,809,65536,0,0,0,0
10800,84.513,78.714,7.975016,8.000488,-0.025472,8.000488,7.999146,-0.02413,2010.0554,0.0,0.951801,128.8113,0.227441,0.458047,0.314512,51200,102914839,799,65536,0,0,0,0
10850,84.886,79.062,7.975257,8.000488,-0.025231,8.000488,7.999023,-0.023766,2065.3178,0.0,0.953191,136.5389,0.235078,0.454355,0.310566,51200,105744271,753,65536,0,0,0,0
10900,85.263,79.414,7.974663,8.000488,-0.025825,8.000488,7.998169,-0.023506,2037.4083,0.0,0.952486,143.0064,0.231719,0.456465,0.311816,51200,104315304,763,65536,0,0,0,0
10950,85.639,79.766,7.9751,8.000488,-0.025388,8.000488,7.998535,-0.023435,2068.8423,0.0,0.953297,153.0745,0.236172,0.451348,0.31248,51200,105924726,796,65536,0,0,0,0
11000,86.011,80.113,7.975231,8.000488,-0.025257,8.000488,7.999146,-0.023914,2050.5797,0.0,0.953106,153.8116,0.234453,0.447578,0.317969,51200,104989679,827,65536,0,0,0,0
11050,86.378,80.456,7.975523,8.000488,-0.024965,8.000488,7.999634,-0.024111,2002.6769,0.0,0.951908,146.6617,0.229082,0.451191,0.319727,51200,102537057,792,65536,0,0,0,0
11100,86.744,80.798,7.974677,8.000488,-0.025811,8.000488,7.998779,-0.024102,2005.3942,0.0,0.951842,144.2909,0.229531,0.45582,0.314648,51200,102676182,790,65536,0,0,0,0
11150,87.129,81.155,7.974467,8.000488,-0.026021,8.000488,7.998413,-0.023946,2069.3348,0.0,0.953188,146.911,0.237168,0.454199,0.308633,51200,105949941,736,65536,0,0,0,0
11200,87.496,81.499,7.974521,8.000488,-0.025968,8.000488,7.998779,-0.024259,2008.085,0.0,0.951636,142.5447,0.229629,0.456348,0.314023,51200,102813953,763,65536,0,0,0,0
11250,87.864,81.843,7.974352,8.000488,-0.026136,8.000488,8.0,-0.025648,2017.4108,0.0,0.951992,145.6634,0.229316,0.451348,0.319336,51200,103291432,809,65536,0,0,0,0
11300,88.232,82.187,7.973768,8.000488,-0.02672,8.000488,7.999512,-0.025744,2020.5957,0.0,0.952002,144.8492,0.230293,0.456035,0.313672,51200,103454498,774,65536,0,0,0,0
11350,88.607,82.538,7.974476,8.000488,-0.026012,8.000488,7.999756,-0.02528,2051.1295,0.0,0.952981,155.3505,0.233496,0.44877,0.317734,51200,105017831,826,65536,0,0,0,0
11400,88.975,82.882,7.974313,8.000488,-0.026176,8.000488,7.999512,-0.025199,2018.1215,0.0,0.952213,155.8183,0.228457,0.45457,0.316973,51200,103327821,786,65536,0,0,0,0
11450,89.349,83.232,7.974333,8.000488,-0.026155,8.000488,7.999756,-0.025422,2058.9172,0.0,0.953207,165.0389,0.232734,0.449941,0.317324,51200,105416563,792,65536,0,0,0,0
11500,89.715,83.574,7.974513,8.000488,-0.025975,8.000488,7.999634,-0.025121,1993.6445,0.0,0.951429,163.7227,0.226172,0.457754,0.316074,51200,102074598,816,65536,0,0,0,0
11550,90.083,83.919,7.974195,8.000488,-0.026294,8.000488,7.999512,-0.025317,1990.7773,0.0,0.951675,185.9642,0.22584,0.455352,0.318809,51200,101927799,711,65536,0,0,0,0
11600,90.458,84.269,7.973776,8.000488,-0.026712,8.000488,7.999268,-0.025492,1971.6767,0.0,0.951177,182.099,0.224199,0.456152,0.319648,51200,100949845,779,65536,0,0,0,0
11650,90.832,84.619,7.973237,8.000488,-0.027251,8.000488,7.999023,-0.025786,1984.7681,0.0,0.951471,181.6018,0.225234,0.453789,0.320977,51200,101620129,803,65536,0,0,0,0
11700,91.193,84.956,7.974024,8.000488,-0.026464,8.000488,7.999512,-0.025488,1950.7466,0.0,0.95056,171.7383,0.220488,0.465352,0.31416,51200,99878228,793,65536,0,0,0,0
11750,91.559,85.297,7.97383,8.000488,-0.026659,8.000488,7.999146,-0.025316,1973.5878,0.0,0.95082,177.7062,0.223027,0.465645,0.311328,51200,101047695,762,65536,0,0,0,0
11800,91.928,85.641,7.974937,8.000488,-0.025551,8.000488,7.999146,-0.024208,1958.5391,0.0,0.950507,191.1478,0.221172,0.470566,0.308262,51200,100277200,805,65536,0,0,0,0
11850,92.314,86.003,7.975801,8.000488,-0.024687,8.000488,8.0,-0.024199,1994.0944,0.0,0.951214,182.2509,0.225918,0.471934,0.302148,51200,102097635,794,65536,0,0,0,0
11900,92.68,86.343,7.97595,8.000488,-0.024539,8.000488,8.0,-0.02405,1956.3246,0.0,0.950106,174.5427,0.220762,0.478984,0.300254,51200,100163821,748,65536,0,0,0,0
11950,93.044,86.683,7.976182,8.000488,-0.024306,8.000488,7.999756,-0.023574,1947.6908,0.0,0.949636,178.8282,0.219199,0.483984,0.296816,51200,99721769,766,65536,0,0,0,0
12000,93.423,87.036,7.974961,8.000488,-0.025527,8.000488,7.999512,-0.024551,1949.2981,0.0,0.949656,168.9464,0.219277,0.484062,0.29666,51200,99804064,767,65536,0,0,0,0
12050,93.797,87.381,7.974599,8.000488,-0.025889,8.000488,7.999512,-0.024913,2010.1166,0.0,0.951498,155.085,0.226777,0.474102,0.299121,51200,102917971,742,65536,0,0,0,0
12100,94.169,87.724,7.975082,8.000488,-0.025406,8.000488,8.0,-0.024918,1968.8861,0.0,0.950337,152.5744,0.222734,0.47957,0.297695,51200,100806970,760,65536,0,0,0,0
12150,94.595,88.126,7.975827,8.000488,-0.024661,8.000488,8.000366,-0.024539,1961.634,0.0,0.950318,148.8485,0.222363,0.471055,0.306582,51200,100435663,789,65536,0,0,0,0
12200,94.962,88.469,7.976641,8.000488,-0.023847,8.000488,8.00061,-0.023969,1968.5986,0.0,0.949987,149.8558,0.221973,0.48373,0.294297,51200,100792248,774,65536,0,0,0,0
12250,95.337,88.82,7.976705,8.000488,-0.023783,8.000488,8.000244,-0.023539,2007.9878,0.0,0.950914,149.4073,0.226191,0.481699,0.292109,51200,102808974,752,65536,0,0,0,0
12300,95.705,89.163,7.976935,8.000488,-0.023554,8.000488,8.000488,-0.023554,1992.3228,0.0,0.950671,153.8453,0.223438,0.482012,0.294551,51200,102006929,796,65536,0,0,0,0
12350,96.074,89.507,7.975615,8.000488,-0.024874,8.000488,7.999512,-0.023897,1968.308,0.0,0.950292,152.793,0.221328,0.480273,0.298398,51200,100777370,813,65536,0,0,0,0
12400,96.45,89.859,7.976028,8.000488,-0.02446,8.000488,7.999878,-0.02385,1998.4718,0.0,0.951156,158.8985,0.225312,0.477891,0.296797,51200,102321755,760,65536,0,0,0,0
12450,96.865,90.25,7.975793,8.000488,-0.024695,8.000488,7.999878,-0.024085,2003.488,0.0,0.951105,154.055,0.225957,0.477168,0.296875,51200,102578588,778,65536,0,0,0,0
12500,97.236,90.597,7.976536,8.000488,-0.023952,8.000488,8.000244,-0.023708,2007.2352,0.0,0.951209,157.7509,0.22668,0.480801,0.29252,51200,102770444,775,65536,0,0,0,0
12550,97.607,90.943,7.976416,8.000488,-0.024072,8.000488,8.000366,-0.02395,2001.4467,0.0,0.950966,155.4197,0.226699,0.481992,0.291309,51200,102474072,813,65536,0,0,0,0
12600,97.978,91.29,7.976187,8.000488,-0.024301,8.000488,8.000244,-0.024057,2000.2443,0.0,0.950632,142.8695,0.22709,0.481035,0.291875,51200,102412507,818,65536,0,0,0,0
12650,98.387,91.674,7.974585,8.000488,-0.025903,8.000488,7.999023,-0.024439,2070.1466,0.0,0.95213,145.9734,0.23377,0.480723,0.285508,51200,105991508,787,65536,0,0,0,0
12700,98.769,92.032,7.975306,8.000488,-0.025182,8.000488,7.999634,-0.024327,2042.5806,0.0,0.951471,147.5384,0.229316,0.48377,0.286914,51200,104580129,834,65536,0,0,0,0
12750,99.148,92.386,7.976076,8.000488,-0.024412,8.000488,8.000122,-0.024046,2049.6726,0.0,0.951296,151.1257,0.22957,0.491113,0.279316,51200,104943236,843,65536,0,0,0,0
12800,99.534,92.748,7.975897,8.000488,-0.024591,8.000488,8.00061,-0.024713,2048.7269,0.0,0.951609,150.2707,0.230254,0.483359,0.286387,51200,104894815,769,65536,0,0,0,0
12850,99.905,93.094,7.975582,8.000488,-0.024906,8.000488,7.999878,-0.024296,1992.6013,0.0,0.950388,140.9811,0.222656,0.48252,0.294824,51200,102021189,787,65536,0,0,0,0
12900,100.275,93.441,7.975917,8.000488,-0.024571,8.000488,8.00061,-0.024693,1968.4807,0.0,0.949482,136.0264,0.219512,0.488652,0.291836,51200,100786214,789,65536,0,0,0,0
12950,100.676,93.817,7.975869,8.000488,-0.024619,8.000488,8.000244,-0.024375,1902.9449,0.0,0.947816,129.5887,0.212305,0.49002,0.297676,51200,97430780,776,65536,0,0,0,0
13000,101.047,94.164,7.976013,8.000488,-0.024475,8.000488,8.00061,-0.024597,1951.6995,0.0,0.94945,135.3029,0.218457,0.485488,0.296055,51200,99927012,780,65536,0,0,0,0
13050,101.4,94.493,7.976393,8.000488,-0.024095,8.000488,8.000732,-0.024339,1876.461,0.0,0.947481,127.4408,0.210117,0.489844,0.300039,51200,96074801,816,65536,0,0,0,0
13100,101.803,94.869,7.976397,8.000488,-0.024091,8.000488,8.000488,-0.024091,1877.2181,0.0,0.947553,129.8791,0.21,0.487871,0.302129,51200,96113567,796,65536,0,0,0,0
13150,102.159,95.201,7.976881,8.000488,-0.023607,8.000488,8.001221,-0.02434,1859.4062,0.0,0.947189,128.5966,0.207852,0.483262,0.308887,51200,95201598,841,65536,0,0,0,0
13200,102.517,95.532,7.976534,8.000488,-0.023955,8.000488,8.000366,-0.023833,1894.1658,0.0,0.948118,130.1171,0.21168,0.484941,0.303379,51200,96981291,756,65536,0,0,0,0
13250,102.874,95.864,7.976267,8.000488,-0.024221,8.000488,8.000244,-0.023977,1928.6602,0.0,0.94853,133.9896,0.215762,0.489863,0.294375,51200,98747404,721,65536,0,0,0,0
13300,103.241,96.207,7.976413,8.000488,-0.024075,8.000488,8.000366,-0.023953,1967.07,0.0,0.949769,137.1018,0.220684,0.486445,0.292871,51200,100713983,772,65536,0,0,0,0
13350,103.656,96.597,7.976566,8.000488,-0.023922,8.000488,8.000854,-0.024288,1942.0463,0.0,0.949035,134.2475,0.21668,0.488203,0.295117,51200,99432770,740,65536,0,0,0,0
13400,104.022,96.939,7.976544,8.000488,-0.023945,8.000488,8.000854,-0.024311,1962.6806,0.0,0.949884,132.9468,0.21873,0.480039,0.30123,51200,100489247,764,65536,0,0,0,0
13450,104.383,97.276,7.976363,8.000488,-0.024126,8.000488,8.000244,-0.023882,1929.9503,0.0,0.948768,129.1939,0.214258,0.484844,0.300898,51200,98813453,804,65536,0,0,0,0
13500,104.789,97.649,7.976828,8.000488,-0.02366,8.000488,8.001099,-0.024271,1933.2999,0.0,0.949287,130.8688,0.21582,0.483496,0.300684,51200,98984954,766,65536,0,0,0,0
13550,105.15,97.985,7.977239,8.000488,-0.02325,8.000488,8.000977,-0.023738,1942.4341,0.0,0.949544,135.2298,0.217305,0.483613,0.299082,51200,99452626,783,65536,0,0,0,0
13600,105.506,98.317,7.976598,8.000488,-0.02389,8.000488,8.000488,-0.02389,1921.4842,0.0,0.948614,135.2188,0.214668,0.486895,0.298438,51200,98379992,754,65536,0,0,0,0
13650,105.86,98.647,7.975941,8.000488,-0.024547,8.000488,7.999878,-0.023937,1907.5092,0.0,0.948011,134.727,0.212461,0.494785,0.292754,51200,97664470,775,65536,0,0,0,0
13700,106.219,98.981,7.976555,8.000488,-0.023933,8.000488,8.000366,-0.023811,1921.6499,0.0,0.948385,132.7569,0.213496,0.495156,0.291348,51200,98388477,806,65536,0,0,0,0
13750,106.576,99.314,7.976303,8.000488,-0.024185,8.000488,8.000488,-0.024185,1935.0,0.0,0.948969,133.0654,0.216191,0.492109,0.291699,51200,99072000,746,65536,0,0,0,0
13800,106.931,99.644,7.977004,8.000488,-0.023484,8.000488,8.00061,-0.023607,1933.8228,0.0,0.948819,134.0519,0.216504,0.497988,0.285508,51200,99011727,868,65536,0,0,0,0
13850,107.286,99.976,7.976432,8.000488,-0.024056,8.000488,8.000854,-0.024422,1919.8044,0.0,0.94866,132.7441,0.214727,0.489043,0.29623,51200,98293983,777,65536,0,0,0,0
13900,107.644,100.309,7.977154,8.000488,-0.023334,8.000488,8.000854,-0.0237,1939.1284,0.0,0.949599,133.0151,0.21793,0.483066,0.299004,51200,99283374,787,65536,0,0,0,0
13950,108.004,100.645,7.977107,8.000488,-0.023381,8.000488,8.000732,-0.023625,1927.6169,0.0,0.948878,132.4004,0.215723,0.489316,0.294961,51200,98693986,753,65536,0,0,0,0
14000,108.4,100.985,7.977459,8.000488,-0.023029,8.000488,8.001221,-0.023762,1959.9884,0.0,0.949876,136.2805,0.21998,0.49041,0.289609,51200,100351408,779,65536,0,0,0,0
14050,108.783,101.344,7.976928,8.000488,-0.023561,8.000488,8.00061,-0.023683,2000.2534,0.0,0.951012,147.371,0.225527,0.490371,0.284102,51200,102412975,785,65536,0,0,0,0
14100,109.156,101.693,7.976835,8.000488,-0.023653,8.000488,8.00061,-0.023775,2029.6819,0.0,0.951379,163.0436,0.229199,0.49541,0.275391,51200,103919715,796,65536,0,0,0,0
14150,109.538,102.05,7.97732,8.000488,-0.023169,8.000488,8.001343,-0.024023,2085.6964,0.0,0.952768,168.5245,0.235234,0.490723,0.274043,51200,106787655,748,65536,0,0,0,0
14200,109.925,102.413,7.976529,8.000488,-0.02396,8.000488,8.000854,-0.024326,2119.5881,0.0,0.953787,172.6694,0.239688,0.484355,0.275957,51200,108522909,763,65536,0,0,0,0
14250,110.307,102.771,7.976813,8.000488,-0.023675,8.000488,8.001221,-0.024408,2080.9084,0.0,0.953141,170.2246,0.236953,0.483477,0.27957,51200,106542509,793,65536,0,0,0,0
14300,110.695,103.135,7.977571,8.000488,-0.022917,8.000488,8.001587,-0.024016,2112.63,0.0,0.953744,171.8742,0.240625,0.485957,0.273418,51200,108166657,788,65536,0,0,0,0
14350,111.083,103.499,7.977496,8.000488,-0.022992,8.000488,8.002075,-0.024579,2088.8422,0.0,0.953315,191.9033,0.2375,0.486348,0.276152,51200,106948719,827,65536,0,0,0,0
14400,111.466,103.857,7.977424,8.000488,-0.023064,8.000488,8.001709,-0.024285,2033.5783,0.0,0.951648,178.2316,0.231035,0.491992,0.276973,51200,104119209,767,65536,0,0,0,0
14450,111.845,104.213,7.976702,8.000488,-0.023787,8.000488,8.001343,-0.024641,2062.1583,0.0,0.95266,186.7429,0.233906,0.483438,0.282656,51200,105582503,784,65536,0,0,0,0
14500,112.224,104.568,7.976918,8.000488,-0.023571,8.000488,8.001099,-0.024181,2077.1059,0.0,0.952919,179.4371,0.235918,0.483945,0.280137,51200,106347824,798,65536,0,0,0,0
14550,112.622,104.941,7.977408,8.000488,-0.023081,8.000488,8.001709,-0.024301,2177.1854,0.0,0.955052,195.782,0.247949,0.478965,0.273086,51200,111471891,787,65536,0,0,0,0
14600,113.025,105.32,7.977899,8.000488,-0.022589,8.000488,8.001465,-0.023565,2159.5786,0.0,0.95447,191.2881,0.24541,0.487207,0.267383,51200,110570425,723,65536,0,0,0,0
14650,113.42,105.689,7.977178,8.000488,-0.02331,8.000488,8.001465,-0.024287,2160.6104,0.0,0.954326,183.7692,0.245156,0.490898,0.263945,51200,110623250,825,65536,0,0,0,0
14700,113.814,106.057,7.977356,8.000488,-0.023132,8.000488,8.002075,-0.024719,2166.7921,0.0,0.954268,178.4434,0.246113,0.491641,0.262246,51200,110939758,774,65536,0,0,0,0
14750,114.234,106.447,7.977351,8.000488,-0.023137,8.000488,8.001831,-0.02448,2102.893,0.0,0.952927,179.4146,0.238496,0.495762,0.265742,51200,107668124,791,65536,0,0,0,0
14800,114.656,106.844,7.976577,8.000488,-0.023911,8.000488,8.001465,-0.024888,2144.3141,0.0,0.953787,183.0024,0.244219,0.488008,0.267773,51200,109788880,834,65536,0,0,0,0
14850,115.053,107.215,7.976768,8.000488,-0.023721,8.000488,8.001465,-0.024697,2140.6827,0.0,0.954042,187.7103,0.244512,0.482363,0.273125,51200,109602955,753,65536,0,0,0,0
14900,115.495,107.633,7.977057,8.000488,-0.023431,8.000488,8.001953,-0.024896,2152.513,0.0,0.954359,196.4367,0.245312,0.483262,0.271426,51200,110208664,770,65536,0,0,0,0
14950,115.883,107.998,7.976992,8.000488,-0.023497,8.000488,8.001709,-0.024717,2117.6463,0.0,0.953518,197.853,0.239727,0.485137,0.275137,51200,108423493,774,65536,0,0,0,0
15000,116.27,108.359,7.977096,8.000488,-0.023392,8.000488,8.001953,-0.024857,2104.3885,0.0,0.95353,192.2267,0.237383,0.477617,0.285,51200,107744693,780,65536,0,0,0,0
15050,116.671,108.732,7.97656,8.000488,-0.023928,8.000488,8.001831,-0.025271,2073.0136,0.0,0.952789,185.0162,0.234668,0.479902,0.28543,51200,106138294,771,65536,0,0,0,0
15100,117.048,109.085,7.976711,8.000488,-0.023778,8.000488,8.001587,-0.024876,2058.1431,0.0,0.952489,183.0863,0.233027,0.479531,0.287441,51200,105376929,797,65536,0,0,0,0
15150,117.436,109.449,7.976157,8.000488,-0.024331,8.000488,8.000977,-0.024819,2041.3915,0.0,0.951926,187.58,0.230879,0.483965,0.285156,51200,104519247,764,65536,0,0,0,0
15200,117.82,109.808,7.976429,8.000488,-0.024059,8.000488,8.001343,-0.024914,2093.7211,0.0,0.953188,186.9967,0.237656,0.476426,0.285918,51200,107198522,774,65536,0,0,0,0
15250,118.199,110.163,7.976545,8.000488,-0.023943,8.000488,8.001465,-0.02492,2081.9572,0.0,0.953058,176.7419,0.23666,0.478633,0.284707,51200,106596207,753,65536,0,0,0,0
15300,118.581,110.521,7.976771,8.000488,-0.023718,8.000488,8.001221,-0.02445,2076.6791,0.0,0.952733,169.5835,0.236934,0.481543,0.281523,51200,106325970,751,65536,0,0,0,0
15350,118.953,110.869,7.976627,8.000488,-0.023862,8.000488,8.001587,-0.02496,2032.7321,0.0,0.951653,169.8939,0.231836,0.489707,0.278457,51200,104075884,794,65536,0,0,0,0
15400,119.326,111.218,7.976391,8.000488,-0.024097,8.000488,8.000977,-0.024586,2039.0916,0.0,0.951533,170.3182,0.231641,0.49623,0.272129,51200,104401489,822,65536,0,0,0,0
15450,119.695,111.561,7.977028,8.000488,-0.02346,8.000488,8.001953,-0.024925,1971.9155,0.0,0.94968,163.0175,0.221543,0.503945,0.274512,51200,100962076,783,65536,0,0,0,0
15500,120.059,111.901,7.976722,8.000488,-0.023766,8.000488,8.001343,-0.024621,1930.2103,0.0,0.948739,152.7463,0.216973,0.500996,0.282031,51200,98826769,810,65536,0,0,0,0
15550,120.414,112.232,7.976366,8.000488,-0.024122,8.000488,8.001099,-0.024733,1896.5658,0.0,0.947592,151.987,0.212266,0.506855,0.280879,51200,97104168,791,65536,0,0,0,0
15600,120.792,112.575,7.977529,8.000488,-0.022959,8.000488,8.001831,-0.024302,1954.099,0.0,0.94882,154.2141,0.219961,0.507188,0.272852,51200,100049870,774,65536,0,0,0,0
15650,121.219,112.977,7.976515,8.000488,-0.023973,8.000488,8.001709,-0.025194,1965.2244,0.0,0.949185,154.6884,0.220059,0.501465,0.278477,51200,100619488,799,65536,0,0,0,0
15700,121.596,113.331,7.976884,8.000488,-0.023604,8.000488,8.001953,-0.025069,1988.0967,0.0,0.94996,150.8204,0.223828,0.497363,0.278809,51200,101790551,802,65536,0,0,0,0
15750,121.969,113.68,7.976483,8.000488,-0.024005,8.000488,8.001831,-0.025348,2061.0072,0.0,0.951625,162.0784,0.231992,0.496172,0.271836,51200,105523569,788,65536,0,0,0,0
15800,122.342,114.029,7.975908,8.000488,-0.02458,8.000488,8.000732,-0.024824,2062.3932,0.0,0.951544,162.9185,0.232656,0.503027,0.264316,51200,105594531,777,65536,0,0,0,0
15850,122.711,114.374,7.976362,8.000488,-0.024127,8.000488,8.001099,-0.024737,2024.893,0.0,0.950377,166.2507,0.227168,0.509648,0.263184,51200,103674523,836,65536,0,0,0,0
15900,123.088,114.727,7.976245,8.000488,-0.024243,8.000488,8.001343,-0.025098,2051.6466,0.0,0.951009,166.0952,0.230859,0.507305,0.261836,51200,105044306,743,65536,0,0,0,0
15950,123.465,115.08,7.977171,8.000488,-0.023318,8.000488,8.002808,-0.025637,2046.7178,0.0,0.951147,159.3354,0.230039,0.502051,0.26791,51200,104791950,799,65536,0,0,0,0
16000,123.901,115.492,7.977564,8.000488,-0.022924,8.000488,8.001709,-0.024145,2058.5239,0.0,0.951629,167.8043,0.231992,0.496191,0.271816,51200,105396422,766,65536,0,0,0,0
16050,124.321,115.885,7.977711,8.000488,-0.022777,8.000488,8.002441,-0.02473,2062.3867,0.0,0.951748,168.5895,0.232441,0.499199,0.268359,51200,105594198,755,65536,0,0,0,0
16100,124.689,116.229,7.9777,8.000488,-0.022788,8.000488,8.002197,-0.024497,1981.8706,0.0,0.9496,155.0758,0.22209,0.505234,0.272676,51200,101471774,787,65536,0,0,0,0
16150,125.057,116.569,7.976743,8.000488,-0.023746,8.000488,8.002197,-0.025455,1944.8245,0.0,0.948793,151.3889,0.218379,0.506641,0.27498,51200,99575012,803,65536,0,0,0,0
16200,125.42,116.909,7.976891,8.000488,-0.023597,8.000488,8.001587,-0.024695,1937.0365,0.0,0.948502,152.9411,0.218438,0.507578,0.273984,51200,99176269,806,65536,0,0,0,0
16250,125.784,117.248,7.976996,8.000488,-0.023493,8.000488,8.001709,-0.024713,1935.6883,0.0,0.948326,157.8127,0.218438,0.511191,0.270371,51200,99107240,756,65536,0,0,0,0
16300,126.15,117.589,7.978197,8.000488,-0.022291,8.000488,8.002563,-0.024366,1951.7453,0.0,0.949193,158.097,0.221484,0.503047,0.275469,51200,99929358,790,65536,0,0,0,0
16350,126.524,117.938,7.977509,8.000488,-0.022979,8.000488,8.001953,-0.024444,1997.8156,0.0,0.950217,141.5088,0.227578,0.499238,0.273184,51200,102288160,809,65536,0,0,0,0
16400,126.885,118.276,7.977004,8.000488,-0.023484,8.000488,8.001587,-0.024583,1971.2603,0.0,0.949514,137.8477,0.225254,0.503535,0.271211,51200,100928526,795,65536,0,0,0,0
16450,127.242,118.608,7.977429,8.000488,-0.023059,8.000488,8.002075,-0.024646,1938.8752,0.0,0.948744,134.7734,0.221035,0.504785,0.27418,51200,99270408,787,65536,0,0,0,0
16500,127.595,118.939,7.977475,8.000488,-0.023013,8.000488,8.002197,-0.024722,1911.4317,0.0,0.947914,129.7442,0.218047,0.50752,0.274434,51200,97865303,761,65536,0,0,0,0
16550,127.947,119.267,7.976854,8.000488,-0.023635,8.000488,8.001831,-0.024977,1877.9896,0.0,0.947239,128.615,0.213613,0.50332,0.283066,51200,96153066,789,65536,0,0,0,0
16600,128.289,119.584,7.977055,8.000488,-0.023433,8.000488,8.001953,-0.024898,1829.0896,0.0,0.94584,123.2499,0.205527,0.504707,0.289766,51200,93649387,750,65536,0,0,0,0
16650,128.668,119.939,7.97676,8.000488,-0.023728,8.000488,8.001831,-0.025071,1796.158,0.0,0.944617,119.5868,0.202246,0.510332,0.287422,51200,91963292,833,65536,0,0,0,0
16700,129.01,120.257,7.976702,8.000488,-0.023787,8.000488,8.001343,-0.024641,1807.1956,0.0,0.945033,119.4672,0.203809,0.509434,0.286758,51200,92528417,801,65536,0,0,0,0
16750,129.345,120.568,7.97761,8.000488,-0.022878,8.000488,8.002686,-0.025076,1770.2683,0.0,0.943823,117.5589,0.199199,0.512246,0.288555,51200,90637736,779,65536,0,0,0,0
16800,129.687,120.886,7.976934,8.000488,-0.023554,8.000488,8.001587,-0.024653,1814.2283,0.0,0.945097,120.724,0.204316,0.51127,0.284414,51200,92888487,726,65536,0,0,0,0
16850,130.029,121.204,7.976701,8.000488,-0.023787,8.000488,8.002563,-0.025862,1818.337,0.0,0.945401,134.7105,0.205391,0.508809,0.285801,51200,93098852,808,65536,0,0,0,0
16900,130.378,121.529,7.976868,8.000488,-0.02362,8.000488,8.001709,-0.024841,1814.6915,0.0,0.945379,130.79,0.205801,0.506367,0.287832,51200,92912204,819,65536,0,0,0,0
16950,130.72,121.844,7.976722,8.000488,-0.023766,8.000488,8.001709,-0.024987,1793.8952,0.0,0.944815,132.7799,0.203125,0.50666,0.290215,51200,91847432,805,65536,0,0,0,0
17000,131.068,122.168,7.977135,8.000488,-0.023353,8.000488,8.002075,-0.02494,1790.5215,0.0,0.944542,120.7753,0.201895,0.511465,0.286641,51200,91674699,781,65536,0,0,0,0
17050,131.414,122.487,7.976765,8.000488,-0.023724,8.000488,8.002197,-0.025433,1842.389,0.0,0.946486,130.1046,0.208223,0.499277,0.2925,51200,94330317,774,65536,0,0,0,0
17100,131.761,122.81,7.976311,8.000488,-0.024177,8.000488,8.001953,-0.025642,1832.1575,0.0,0.946128,124.6891,0.20623,0.502559,0.291211,51200,93806463,798,65536,0,0,0,0
17150,132.122,123.146,7.975961,8.000488,-0.024527,8.000488,8.001953,-0.025992,1816.3174,0.0,0.945953,124.4969,0.205156,0.500938,0.293906,51200,92995449,801,65536,0,0,0,0
17200,132.471,123.471,7.976788,8.000488,-0.023701,8.000488,8.002441,-0.025654,1857.9114,0.0,0.947323,126.4401,0.210215,0.495078,0.294707,51200,95125063,800,65536,0,0,0,0
17250,132.818,123.795,7.977077,8.000488,-0.023411,8.000488,8.002319,-0.025242,1849.6187,0.0,0.946859,128.3843,0.208613,0.498809,0.292578,51200,94700475,788,65536,0,0,0,0
17300,133.177,124.13,7.976976,8.000488,-0.023512,8.000488,8.002197,-0.025221,1844.2251,0.0,0.946796,128.0427,0.207637,0.496992,0.295371,51200,94424324,829,65536,0,0,0,0
17350,133.521,124.449,7.976823,8.000488,-0.023665,8.000488,8.001831,-0.025008,1822.6636,0.0,0.946523,126.6209,0.205098,0.493848,0.301055,51200,93320378,803,65536,0,0,0,0
17400,133.875,124.78,7.976882,8.000488,-0.023606,8.000488,8.001587,-0.024704,1843.143,0.0,0.947028,129.7597,0.208105,0.493809,0.298086,51200,94368924,783,65536,0,0,0,0
17450,134.229,125.109,7.977034,8.000488,-0.023455,8.000488,8.002319,-0.025286,1860.3869,0.0,0.947437,127.3831,0.21,0.49332,0.29668,51200,95251807,824,65536,0,0,0,0
17500,134.584,125.44,7.977193,8.000488,-0.023295,8.000488,8.00293,-0.025736,1825.6017,0.0,0.946394,124.2274,0.206562,0.498242,0.295195,51200,93470809,772,65536,0,0,0,0
17550,134.947,125.776,7.977428,8.000488,-0.02306,8.000488,8.002319,-0.024891,1860.4577,0.0,0.947532,137.523,0.210996,0.495352,0.293652,51200,95255434,751,65536,0,0,0,0
17600,135.305,126.108,7.977614,8.000488,-0.022874,8.000488,8.002563,-0.024949,1851.0685,0.0,0.946783,142.386,0.209141,0.50416,0.286699,51200,94774708,756,65536,0,0,0,0
17650,135.659,126.438,7.977726,8.000488,-0.022762,8.000488,8.002686,-0.024959,1828.3307,0.0,0.946688,139.5641,0.205957,0.495977,0.298066,51200,93610533,812,65536,0,0,0,0
17700,136.006,126.761,7.977513,8.000488,-0.022975,8.000488,8.002808,-0.025294,1811.95,0.0,0.945941,140.8707,0.203145,0.502461,0.294395,51200,92771838,809,65536,0,0,0,0
17750,136.356,127.081,7.977026,8.000488,-0.023463,8.000488,8.002075,-0.025049,1840.8415,0.0,0.946866,140.9576,0.207285,0.498691,0.294023,51200,94251085,734,65536,0,0,0,0
17800,136.736,127.438,7.977108,8.000488,-0.02338,8.000488,8.001587,-0.024478,1827.4865,0.0,0.946359,142.6787,0.205703,0.497578,0.296719,51200,93567308,772,65536,0,0,0,0
17850,137.13,127.808,7.9774,8.000488,-0.023089,8.000488,8.002075,-0.024676,1875.8749,0.0,0.947933,143.3829,0.213125,0.491191,0.295684,51200,96044796,794,65536,0,0,0,0
17900,137.482,128.135,7.977184,8.000488,-0.023304,8.000488,8.001709,-0.024525,1886.3502,0.0,0.948353,147.2112,0.213809,0.489395,0.296797,51200,96581128,773,65536,0,0,0,0
17950,137.831,128.46,7.977306,8.000488,-0.023182,8.000488,8.001709,-0.024403,1872.7899,0.0,0.947761,147.4756,0.21127,0.49791,0.29082,51200,95886842,764,65536,0,0,0,0
18000,138.183,128.788,7.976973,8.000488,-0.023515,8.000488,8.001709,-0.024736,1905.1784,0.0,0.949113,153.764,0.216641,0.484863,0.298496,51200,97545134,797,65536,0,0,0,0
18050,138.539,129.12,7.976569,8.000488,-0.023919,8.000488,8.001343,-0.024774,1919.78,0.0,0.949773,151.4442,0.218242,0.479219,0.302539,51200,98292736,720,65536,0,0,0,0
18100,138.896,129.452,7.975687,8.000488,-0.024802,8.000488,8.000854,-0.025168,1929.7279,0.0,0.950094,156.0565,0.219668,0.475742,0.30459,51200,98802068,760,65536,0,0,0,0
18150,139.249,129.781,7.976169,8.000488,-0.024319,8.000488,8.001465,-0.025296,1908.8184,0.0,0.949297,154.062,0.216191,0.484277,0.299531,51200,97731501,805,65536,0,0,0,0
18200,139.609,130.117,7.976223,8.000488,-0.024266,8.000488,8.001587,-0.025364,1963.4689,0.0,0.95068,155.0382,0.222188,0.483691,0.294121,51200,100529608,784,65536,0,0,0,0
18250,139.972,130.456,7.97669,8.000488,-0.023798,8.000488,8.002075,-0.025385,1950.57,0.0,0.950177,163.2236,0.219355,0.484434,0.296211,51200,99869185,770,65536,0,0,0,0
18300,140.338,130.798,7.976107,8.000488,-0.024381,8.000488,8.001587,-0.02548,1971.8826,0.0,0.950503,168.1149,0.221543,0.485527,0.29293,51200,100960387,779,65536,0,0,0,0
18350,140.703,131.139,7.976166,8.000488,-0.024322,8.000488,8.001831,-0.025665,1969.3038,0.0,0.950616,167.1976,0.221523,0.479629,0.298848,51200,100828352,761,65536,0,0,0,0
18400,141.068,131.48,7.976627,8.000488,-0.023862,8.000488,8.001343,-0.024716,1977.6435,0.0,0.950893,164.0847,0.221875,0.479121,0.299004,51200,101255347,819,65536,0,0,0,0
18450,141.437,131.825,7.976408,8.000488,-0.02408,8.000488,8.002075,-0.025667,1981.3574,0.0,0.951091,167.1758,0.222441,0.477305,0.300254,51200,101445497,741,65536,0,0,0,0
18500,141.804,132.168,7.976204,8.000488,-0.024285,8.000488,8.001587,-0.025383,2000.2687,0.0,0.951542,162.8178,0.225098,0.475273,0.299629,51200,102413755,735,65536,0,0,0,0
18550,142.174,132.514,7.976867,8.000488,-0.023621,8.000488,8.002075,-0.025208,2009.7646,0.0,0.951779,167.5614,0.226328,0.476816,0.296855,51200,102899948,782,65536,0,0,0,0
18600,142.6,132.915,7.977233,8.000488,-0.023255,8.000488,8.002319,-0.025086,2009.0309,0.0,0.951836,177.05,0.226309,0.475977,0.297715,51200,102862383,795,65536,0,0,0,0
18650,142.976,133.263,7.977393,8.000488,-0.023095,8.000488,8.002563,-0.02517,1958.4218,0.0,0.950655,172.8515,0.220703,0.47582,0.303477,51200,100271197,774,65536,0,0,0,0
18700,143.349,133.61,7.978222,8.000488,-0.022267,8.000488,8.003174,-0.024952,2007.017,0.0,0.951779,175.829,0.227695,0.475586,0.296719,51200,102759268,788,65536,0,0,0,0
18750,143.714,133.948,7.977914,8.000488,-0.022574,8.000488,8.002441,-0.024527,1960.8007,0.0,0.950727,180.1964,0.222598,0.480078,0.297324,51200,100392997,837,65536,0,0,0,0
18800,144.084,134.29,7.978191,8.000488,-0.022297,8.000488,8.002319,-0.024128,1950.9229,0.0,0.950554,177.7851,0.220215,0.482207,0.297578,51200,99887253,789,65536,0,0,0,0
18850,144.478,134.658,7.978477,8.000488,-0.022011,8.000488,8.002808,-0.024331,1950.6147,0.0,0.950136,175.6946,0.219297,0.487148,0.293555,51200,99871471,792,65536,0,0,0,0
18900,144.85,135.004,7.977655,8.000488,-0.022834,8.000488,8.002563,-0.024909,2013.8128,0.0,0.951744,189.6386,0.227422,0.487734,0.284844,51200,103107215,750,65536,0,0,0,0
18950,145.278,135.405,7.977746,8.000488,-0.022742,8.000488,8.002441,-0.024695,2021.034,0.0,0.951683,194.9206,0.2275,0.494785,0.277715,51200,103476941,823,65536,0,0,0,0
19000,145.656,135.755,7.977718,8.000488,-0.02277,8.000488,8.002197,-0.024479,2036.1921,0.0,0.952069,194.3938,0.229238,0.493242,0.27752,51200,104253036,769,65536,0,0,0,0
19050,146.038,136.11,7.977186,8.000488,-0.023302,8.000488,8.001953,-0.024767,2029.0595,0.0,0.952136,195.6607,0.228496,0.490312,0.281191,51200,103887847,828,65536,0,0,0,0
19100,146.413,136.459,7.977125,8.000488,-0.023363,8.000488,8.002075,-0.02495,1989.551,0.0,0.950916,191.9422,0.223477,0.498184,0.27834,51200,101865009,772,65536,0,0,0,0
19150,146.801,136.819,7.977684,8.000488,-0.022804,8.000488,8.002563,-0.02488,2054.5439,0.0,0.952473,187.8888,0.231816,0.490488,0.277695,51200,105192646,816,65536,0,0,0,0
19200,147.183,137.169,7.977845,8.000488,-0.022643,8.000488,8.002686,-0.02484,2049.6976,0.0,0.952654,185.7436,0.231602,0.486074,0.282324,51200,104944515,781,65536,0,0,0,0
19250,147.563,137.523,7.977653,8.000488,-0.022835,8.000488,8.002808,-0.025155,2066.1489,0.0,0.952905,188.9051,0.233438,0.488184,0.278379,51200,105786826,771,65536,0,0,0,0
19300,147.981,137.915,7.977674,8.000488,-0.022815,8.000488,8.00293,-0.025256,2074.4199,0.0,0.952933,196.3822,0.23418,0.491348,0.274473,51200,106210297,827,65536,0,0,0,0
19350,148.368,138.275,7.977197,8.000488,-0.023292,8.000488,8.002319,-0.025123,2088.3231,0.0,0.953663,209.7329,0.237051,0.482285,0.280664,51200,106922142,774,65536,0,0,0,0
19400,148.755,138.635,7.977792,8.000488,-0.022696,8.000488,8.002563,-0.024771,2086.3289,0.0,0.953686,208.5325,0.235879,0.483477,0.280645,51200,106820042,812,65536,0,0,0,0
19450,149.149,138.998,7.976979,8.000488,-0.023509,8.000488,8.001953,-0.024974,2053.1875,0.0,0.953122,203.2526,0.231367,0.481133,0.2875,51200,105123198,789,65536,0,0,0,0
19500,149.53,139.352,7.976649,8.000488,-0.023839,8.000488,8.001831,-0.025182,2053.5117,0.0,0.953035,205.7172,0.231816,0.480312,0.287871,51200,105139800,787,65536,0,0,0,0
19550,149.911,139.706,7.977166,8.000488,-0.023322,8.000488,8.002319,-0.025153,2025.5279,0.0,0.952416,202.3108,0.227637,0.48207,0.290293,51200,103707029,772,65536,0,0,0,0
19600,150.301,140.067,7.97792,8.000488,-0.022569,8.000488,8.002441,-0.024522,2041.9371,0.0,0.952761,193.3298,0.228867,0.483105,0.288027,51200,104547178,800,65536,0,0,0,0
19650,150.676,140.415,7.977711,8.000488,-0.022778,8.000488,8.002563,-0.024853,1981.1369,0.0,0.951237,181.3896,0.221719,0.490039,0.288242,51200,101434210,789,65536,0,0,0,0
19700,151.046,140.758,7.977143,8.000488,-0.023345,8.000488,8.001831,-0.024688,1982.2991,0.0,0.951201,183.5995,0.220254,0.490117,0.289629,51200,101493715,771,65536,0,0,0,0
19750,151.427,141.108,7.977233,8.000488,-0.023256,8.000488,8.001953,-0.02472,1996.2638,0.0,0.95159,183.6741,0.222324,0.486094,0.291582,51200,102208704,781,65536,0,0,0,0
19800,151.814,141.468,7.977275,8.000488,-0.023214,8.000488,8.001953,-0.024679,1953.3697,0.0,0.950395,176.8927,0.217988,0.490117,0.291895,51200,100012531,761,65536,0,0,0,0
19850,152.18,141.806,7.977622,8.000488,-0.022867,8.000488,8.002197,-0.024576,1931.0019,0.0,0.949773,173.4836,0.215645,0.493516,0.29084,51200,98867296,798,65536,0,0,0,0
19900,152.573,142.172,7.978485,8.000488,-0.022004,8.000488,8.002441,-0.023957,1918.3666,0.0,0.949604,173.6247,0.214883,0.486797,0.29832,51200,98220369,817,65536,0,0,0,0
19950,152.93,142.502,7.978511,8.000488,-0.021977,8.000488,8.002441,-0.02393,1868.7713,0.0,0.948275,172.3269,0.209766,0.490547,0.299688,51200,95681089,697,65536,0,0,0,0
20000,153.292,142.835,7.977895,8.000488,-0.022594,8.000488,8.002563,-0.024669,1901.8701,0.0,0.949075,176.9039,0.21291,0.490117,0.296973,51200,97375747,850,65536,0,0,0,0
20050,153.656,143.169,7.977748,8.000488,-0.02274,8.000488,8.002563,-0.024815,1896.5972,0.0,0.948808,178.6016,0.212148,0.486562,0.301289,51200,97105775,771,65536,0,0,0,0
20100,154.033,143.519,7.978183,8.000488,-0.022305,8.000488,8.002563,-0.024381,1973.0381,0.0,0.951072,194.1438,0.222832,0.482715,0.294453,51200,101019550,759,65536,0,0,0,0
20150,154.404,143.862,7.978118,8.000488,-0.02237,8.000488,8.002808,-0.02469,1955.3554,0.0,0.951093,191.8994,0.221016,0.475977,0.303008,51200,100114194,818,65536,0,0,0,0
20200,154.776,144.208,7.978414,8.000488,-0.022074,8.000488,8.003174,-0.02476,1973.2575,0.0,0.951688,186.4442,0.223145,0.466719,0.310137,51200,101030785,762,65536,0,0,0,0
20250,155.161,144.566,7.977368,8.000488,-0.02312,8.000488,8.002319,-0.024951,2002.4682,0.0,0.952416,183.9399,0.227012,0.465625,0.307363,51200,102526370,783,65536,0,0,0,0
20300,155.536,144.914,7.977704,8.000488,-0.022785,8.000488,8.002808,-0.025104,1987.2349,0.0,0.951941,184.514,0.224844,0.469316,0.30584,51200,101746429,761,65536,0,0,0,0
20350,155.909,145.26,7.977355,8.000488,-0.023133,8.000488,8.001953,-0.024598,1976.3516,0.0,0.951751,180.3951,0.223711,0.470332,0.305957,51200,101189204,836,65536,0,0,0,0
20400,156.267,145.592,7.977021,8.000488,-0.023467,8.000488,8.001831,-0.02481,1903.5285,0.0,0.949825,177.8704,0.214355,0.472559,0.313086,51200,97460661,770,65536,0,0,0,0
20450,156.626,145.924,7.977335,8.000488,-0.023154,8.000488,8.001953,-0.024618,1913.6962,0.0,0.950089,182.2492,0.215762,0.470117,0.314121,51200,97981244,792,65536,0,0,0,0
20500,156.987,146.258,7.977329,8.000488,-0.023159,8.000488,8.001709,-0.02438,1908.0327,0.0,0.949984,179.3385,0.215762,0.467793,0.316445,51200,97691275,823,65536,0,0,0,0
20550,157.341,146.585,7.977097,8.000488,-0.023391,8.000488,8.001221,-0.024124,1876.9519,0.0,0.94894,166.8577,0.211328,0.47207,0.316602,51200,96099938,780,65536,0,0,0,0
20600,157.695,146.913,7.976745,8.000488,-0.023743,8.000488,8.000854,-0.024109,1884.5138,0.0,0.948915,168.4621,0.21166,0.473008,0.315332,51200,96487107,811,65536,0,0,0,0
20650,158.045,147.236,7.97642,8.000488,-0.024069,8.000488,8.000977,-0.024557,1859.8357,0.0,0.948304,162.409,0.209277,0.473496,0.317227,51200,95223587,752,65536,0,0,0,0
20700,158.406,147.57,7.976421,8.000488,-0.024068,8.000488,8.000732,-0.024312,1865.9408,0.0,0.94869,163.1307,0.210254,0.47207,0.317676,51200,95536169,765,65536,0,0,0,0
20750,158.759,147.896,7.976583,8.000488,-0.023905,8.000488,8.000488,-0.023905,1880.2109,0.0,0.948849,165.2461,0.210918,0.474805,0.314277,51200,96266799,756,65536,0,0,0,0
20800,159.137,148.236,7.977008,8.000488,-0.02348,8.000488,8.00061,-0.023602,1861.0081,0.0,0.948494,154.7556,0.207559,0.47002,0.322422,51200,95283616,803,65536,0,0,0,0
20850,159.502,148.574,7.977785,8.000488,-0.022704,8.000488,8.001465,-0.02368,1852.1427,0.0,0.948456,158.5767,0.206719,0.465645,0.327637,51200,94829704,787,65536,0,0,0,0
20900,159.864,148.909,7.977307,8.000488,-0.023182,8.000488,8.001099,-0.023792,1849.2561,0.0,0.948514,158.3435,0.206094,0.467676,0.32623,51200,94681910,785,65536,0,0,0,0
20950,160.22,149.239,7.977286,8.000488,-0.023202,8.000488,8.001221,-0.023934,1888.3491,0.0,0.949516,161.9041,0.211523,0.464492,0.323984,51200,96683474,766,65536,0,0,0,0
21000,160.574,149.565,7.978019,8.000488,-0.022469,8.000488,8.000854,-0.022835,1870.5198,0.0,0.949104,160.6342,0.209395,0.466211,0.324395,51200,95770613,807,65536,0,0,0,0
21050,160.925,149.89,7.978811,8.000488,-0.021678,8.000488,8.001465,-0.022654,1877.5163,0.0,0.949245,153.385,0.211211,0.464922,0.323867,51200,96128836,772,65536,0,0,0,0
21100,161.315,150.254,7.977876,8.000488,-0.022613,8.000488,8.001099,-0.023223,1861.9325,0.0,0.948846,157.4572,0.208594,0.467129,0.324277,51200,95330945,814,65536,0,0,0,0
21150,161.668,150.58,7.97779,8.000488,-0.022698,8.000488,8.000854,-0.023064,1893.8922,0.0,0.949966,159.9285,0.213164,0.461543,0.325293,51200,96967280,794,65536,0,0,0,0
21200,162.008,150.892,7.977875,8.000488,-0.022614,8.000488,8.000732,-0.022858,1796.325,0.0,0.94718,156.9139,0.201797,0.469414,0.328789,51200,91971838,789,65536,0,0,0,0
21250,162.356,151.213,7.978119,8.000488,-0.022369,8.000488,8.001343,-0.023224,1778.4627,0.0,0.94635,153.6251,0.200488,0.473301,0.326211,51200,91057291,778,65536,0,0,0,0
21300,162.732,151.562,7.977712,8.000488,-0.022776,8.000488,8.001709,-0.023997,1801.7528,0.0,0.94674,163.2606,0.202324,0.477715,0.319961,51200,92249741,827,65536,0,0,0,0
21350,163.071,151.875,7.97758,8.000488,-0.022908,8.000488,8.001465,-0.023885,1803.2638,0.0,0.946367,162.0556,0.202812,0.481992,0.315195,51200,92327105,762,65536,0,0,0,0
21400,163.42,152.197,7.977052,8.000488,-0.023437,8.000488,8.001099,-0.024047,1827.1753,0.0,0.94715,166.8613,0.205938,0.478145,0.315918,51200,93551376,832,65536,0,0,0,0
21450,163.799,152.538,7.977343,8.000488,-0.023145,8.000488,8.000854,-0.023511,1854.1832,0.0,0.947929,167.2226,0.20707,0.475723,0.317207,51200,94934181,779,65536,0,0,0,0
21500,164.162,152.874,7.977157,8.000488,-0.023331,8.000488,8.001099,-0.023942,1827.1813,0.0,0.947165,162.4711,0.204297,0.477949,0.317754,51200,93551681,763,65536,0,0,0,0
21550,164.511,153.195,7.977296,8.000488,-0.023193,8.000488,8.001343,-0.024047,1815.2211,0.0,0.946776,166.591,0.203379,0.476465,0.320156,51200,92939321,773,65536,0,0,0,0
21600,164.861,153.519,7.97784,8.000488,-0.022649,8.000488,8.001221,-0.023381,1862.2747,0.0,0.948216,170.788,0.209043,0.473438,0.31752,51200,95348464,787,65536,0,0,0,0
21650,165.213,153.843,7.977283,8.000488,-0.023205,8.000488,8.001343,-0.024059,1868.9686,0.0,0.948466,169.5676,0.208457,0.471426,0.320117,51200,95691193,760,65536,0,0,0,0
21700,165.56,154.164,7.977245,8.000488,-0.023243,8.000488,8.000854,-0.02361,1846.6337,0.0,0.947978,155.8318,0.20584,0.466523,0.327637,51200,94547648,782,65536,0,0,0,0
21750,165.911,154.488,7.977084,8.000488,-0.023404,8.000488,8.001465,-0.024381,1886.3271,0.0,0.949222,158.9065,0.21043,0.464902,0.324668,51200,96579950,769,65536,0,0,0,0
21800,166.296,154.846,7.976752,8.000488,-0.023736,8.000488,8.000854,-0.024102,1921.1516,0.0,0.950156,161.7111,0.21459,0.464902,0.320508,51200,98362961,777,65536,0,0,0,0
21850,166.673,155.188,7.975713,8.000488,-0.024775,8.000488,8.000244,-0.024531,1951.6407,0.0,0.950878,160.9565,0.219551,0.465371,0.315078,51200,99924006,795,65536,0,0,0,0
21900,167.056,155.545,7.975684,8.000488,-0.024804,8.000488,7.999878,-0.024194,1986.472,0.0,0.951745,164.0731,0.224355,0.465566,0.310078,51200,101707367,744,65536,0,0,0,0
21950,167.417,155.879,7.976187,8.000488,-0.024301,8.000488,8.00061,-0.024423,1930.9724,0.0,0.95007,162.9447,0.217969,0.475176,0.306855,51200,98865786,752,65536,0,0,0,0
22000,167.782,156.217,7.97713,8.000488,-0.023358,8.000488,8.00061,-0.02348,1972.1041,0.0,0.951045,183.9834,0.222734,0.473105,0.30416,51200,100971730,792,65536,0,0,0,0
22050,168.143,156.552,7.977071,8.000488,-0.023417,8.000488,8.000854,-0.023783,1947.6578,0.0,0.950319,181.9686,0.22082,0.477461,0.301719,51200,99720078,767,65536,0,0,0,0
22100,168.512,156.894,7.976817,8.000488,-0.023671,8.000488,8.00061,-0.023793,1982.1906,0.0,0.951281,182.1268,0.224395,0.471934,0.303672,51200,101488161,768,65536,0,0,0,0
22150,168.873,157.229,7.976564,8.000488,-0.023924,8.000488,8.001221,-0.024656,1946.1946,0.0,0.950405,176.4082,0.218848,0.472852,0.308301,51200,99645164,801,65536,0,0,0,0
22200,169.239,157.568,7.97626,8.000488,-0.024228,8.000488,8.000977,-0.024716,1982.8975,0.0,0.951445,183.0709,0.223477,0.468867,0.307656,51200,101524353,804,65536,0,0,0,0
22250,169.612,157.914,7.976402,8.000488,-0.024086,8.000488,8.00061,-0.024209,1997.5535,0.0,0.951904,182.3548,0.226973,0.46168,0.311348,51200,102274738,817,65536,0,0,0,0
22300,169.996,158.272,7.976185,8.000488,-0.024303,8.000488,8.000854,-0.024669,2084.225,0.0,0.954156,194.6363,0.237812,0.455664,0.306523,51200,106712318,752,65536,0,0,0,0
22350,170.378,158.627,7.976941,8.000488,-0.023547,8.000488,8.001221,-0.02428,2051.9504,0.0,0.953183,192.4539,0.233613,0.461523,0.304863,51200,105059859,786,65536,0,0,0,0
22400,170.77,158.993,7.977119,8.000488,-0.023369,8.000488,8.000977,-0.023857,2041.428,0.0,0.952926,179.8552,0.232539,0.462578,0.304883,51200,104521116,761,65536,0,0,0,0
22450,171.163,159.358,7.977136,8.000488,-0.023352,8.000488,8.001099,-0.023962,2009.2993,0.0,0.952443,177.2102,0.227207,0.456855,0.315938,51200,102876126,780,65536,0,0,0,0
22500,171.541,159.708,7.977813,8.000488,-0.022675,8.000488,8.001099,-0.023285,1981.5447,0.0,0.951541,176.7242,0.223984,0.461914,0.314102,51200,101455089,817,65536,0,0,0,0
22550,171.912,160.052,7.977694,8.000488,-0.022795,8.000488,8.001587,-0.023893,1963.2628,0.0,0.950995,177.5885,0.220117,0.466973,0.31291,51200,100519053,811,65536,0,0,0,0
22600,172.28,160.393,7.977321,8.000488,-0.023168,8.000488,8.001099,-0.023778,1954.3202,0.0,0.950235,179.06,0.218711,0.47832,0.302969,51200,100061193,778,65536,0,0,0,0
22650,172.65,160.736,7.977611,8.000488,-0.022877,8.000488,8.001709,-0.024098,1946.0922,0.0,0.949992,178.5069,0.217734,0.477012,0.305254,51200,99639922,815,65536,0,0,0,0
22700,173.012,161.071,7.978028,8.000488,-0.02246,8.000488,8.002197,-0.024169,1874.2567,0.0,0.948139,174.2445,0.21043,0.476758,0.312812,51200,95961942,789,65536,0,0,0,0
22750,173.415,161.437,7.977375,8.000488,-0.023113,8.000488,8.001343,-0.023968,1896.5835,0.0,0.948662,176.252,0.21334,0.476738,0.309922,51200,97105076,739,65536,0,0,0,0
22800,173.812,161.807,7.977122,8.000488,-0.023366,8.000488,8.000977,-0.023854,1924.1337,0.0,0.949231,183.5754,0.216641,0.477129,0.30623,51200,98515646,784,65536,0,0,0,0
22850,174.17,162.138,7.976307,8.000488,-0.024181,8.000488,8.000977,-0.024669,1903.1991,0.0,0.948334,174.6396,0.214023,0.483457,0.30252,51200,97443796,789,65536,0,0,0,0
22900,174.555,162.497,7.976174,8.000488,-0.024314,8.000488,8.00061,-0.024436,1885.8643,0.0,0.94803,173.8866,0.212246,0.481953,0.305801,51200,96556254,770,65536,0,0,0,0
22950,174.918,162.833,7.976624,8.000488,-0.023864,8.000488,8.000854,-0.02423,1928.6393,0.0,0.949202,173.2486,0.216777,0.478223,0.305,51200,98746331,789,65536,0,0,0,0
23000,175.276,163.164,7.976529,8.000488,-0.023959,8.000488,8.000244,-0.023715,1880.1397,0.0,0.947687,162.3921,0.209746,0.488477,0.301777,51200,96263153,786,65536,0,0,0,0
23050,175.639,163.499,7.976677,8.000488,-0.023811,8.000488,8.000366,-0.023689,1916.6886,0.0,0.948508,169.7493,0.214707,0.489492,0.295801,51200,98134454,799,65536,0,0,0,0
23100,175.988,163.822,7.976624,8.000488,-0.023864,8.000488,7.999634,-0.023009,1838.3909,0.0,0.946312,158.842,0.2075,0.493867,0.298633,51200,94125613,762,65536,0,0,0,0
23150,176.351,164.156,7.976825,8.000488,-0.023664,8.000488,8.000366,-0.023541,1874.1213,0.0,0.947277,163.7806,0.211504,0.494355,0.294141,51200,95955009,757,65536,0,0,0,0
23200,176.726,164.505,7.976008,8.000488,-0.02448,8.000488,7.999146,-0.023137,1921.6192,0.0,0.948484,169.0087,0.217246,0.495781,0.286973,51200,98386901,803,65536,0,0,0,0
23250,177.088,164.84,7.976195,8.000488,-0.024293,8.000488,7.999634,-0.023439,1909.7117,0.0,0.948126,166.8869,0.214473,0.49625,0.289277,51200,97777240,810,65536,0,0,0,0
23300,177.445,165.17,7.976659,8.000488,-0.023829,8.000488,8.000488,-0.023829,1880.2056,0.0,0.947513,169.6126,0.211484,0.496348,0.292168,51200,96266526,788,65536,0,0,0,0
23350,177.803,165.502,7.976993,8.000488,-0.023495,8.000488,8.001099,-0.024106,1927.5726,0.0,0.948988,181.4959,0.21668,0.491328,0.291992,51200,98691718,719,65536,0,0,0,0
23400,178.216,165.888,7.976126,8.000488,-0.024362,8.000488,8.000244,-0.024118,1939.7613,0.0,0.949336,183.3521,0.217773,0.487188,0.295039,51200,99315777,752,65536,0,0,0,0
23450,178.575,166.221,7.976856,8.000488,-0.023632,8.000488,8.00061,-0.023754,1939.4242,0.0,0.94916,169.8644,0.216953,0.490586,0.292461,51200,99298520,782,65536,0,0,0,0
23500,178.939,166.558,7.976458,8.000488,-0.02403,8.000488,8.00061,-0.024152,1963.3826,0.0,0.949867,171.001,0.219473,0.488867,0.29166,51200,100525187,829,65536,0,0,0,0
23550,179.318,166.911,7.97612,8.000488,-0.024369,8.000488,8.000122,-0.024003,1983.0549,0.0,0.949932,171.3577,0.222383,0.496191,0.281426,51200,101532413,805,65536,0,0,0,0
23600,179.682,167.247,7.976118,8.000488,-0.02437,8.000488,7.999634,-0.023515,1941.5185,0.0,0.94938,186.2013,0.218555,0.485605,0.29584,51200,99405748,783,65536,0,0,0,0
23650,180.049,167.588,7.976249,8.000488,-0.02424,8.000488,8.000854,-0.024606,1891.8866,0.0,0.947916,191.2825,0.211387,0.492734,0.295879,51200,96864596,828,65536,0,0,0,0
23700,180.413,167.926,7.976619,8.000488,-0.023869,8.000488,8.001343,-0.024723,1891.0285,0.0,0.947647,181.8112,0.20998,0.498359,0.29166,51200,96820657,800,65536,0,0,0,0
23750,180.792,168.277,7.977083,8.000488,-0.023406,8.000488,8.001831,-0.024748,1932.5955,0.0,0.94869,188.8847,0.214082,0.49625,0.289668,51200,98948890,799,65536,0,0,0,0
23800,181.158,168.616,7.976733,8.000488,-0.023756,8.000488,8.001709,-0.024976,1904.0059,0.0,0.947986,188.2053,0.208906,0.494609,0.296484,51200,97485104,771,65536,0,0,0,0
23850,181.516,168.948,7.975716,8.000488,-0.024773,8.000488,8.000244,-0.024528,1884.149,0.0,0.947329,182.0305,0.207754,0.497754,0.294492,51200,96468430,782,65536,0,0,0,0
23900,181.877,169.282,7.976777,8.000488,-0.023711,8.000488,8.001099,-0.024322,1901.3947,0.0,0.947726,187.1206,0.210781,0.49625,0.292969,51200,97351410,743,65536,0,0,0,0
23950,182.24,169.618,7.976964,8.000488,-0.023525,8.000488,8.001587,-0.024623,1927.5997,0.0,0.948554,189.1785,0.212793,0.496621,0.290586,51200,98693107,775,65536,0,0,0,0
24000,182.63,169.982,7.977188,8.000488,-0.0233,8.000488,8.001221,-0.024033,1866.9803,0.0,0.946606,183.6446,0.204102,0.501113,0.294785,51200,95589390,766,65536,0,0,0,0
24050,182.982,170.306,7.977803,8.000488,-0.022686,8.000488,8.000854,-0.023052,1857.3695,0.0,0.946487,180.7078,0.204355,0.503633,0.292012,51200,95097316,794,65536,0,0,0,0
24100,183.35,170.648,7.977477,8.000488,-0.023011,8.000488,8.000854,-0.023377,1879.9064,0.0,0.946962,182.229,0.208105,0.502227,0.289668,51200,96251209,753,65536,0,0,0,0
24150,183.7,170.972,7.977747,8.000488,-0.022741,8.000488,8.001343,-0.023595,1822.341,0.0,0.945503,176.5186,0.199609,0.502324,0.298066,51200,93303859,779,65536,0,0,0,0
24200,184.063,171.308,7.977436,8.000488,-0.023052,8.000488,8.001221,-0.023785,1871.4543,0.0,0.946973,178.3244,0.205371,0.49668,0.297949,51200,95818459,780,65536,0,0,0,0
24250,184.423,171.642,7.977328,8.000488,-0.02316,8.000488,8.001343,-0.024014,1878.887,0.0,0.947397,165.6485,0.206543,0.491699,0.301758,51200,96199014,778,65536,0,0,0,0
24300,184.784,171.976,7.976628,8.000488,-0.02386,8.000488,8.000366,-0.023738,1927.4792,0.0,0.948985,178.9752,0.211426,0.48457,0.304004,51200,98686936,771,65536,0,0,0,0
24350,185.155,172.32,7.976193,8.000488,-0.024295,8.000488,8.00061,-0.024417,1925.4621,0.0,0.948834,184.0388,0.211074,0.485273,0.303652,51200,98583659,742,65536,0,0,0,0
24400,185.525,172.664,7.976531,8.000488,-0.023957,8.000488,8.000977,-0.024446,1904.1974,0.0,0.948083,171.6752,0.207227,0.488496,0.304277,51200,97494907,821,65536,0,0,0,0
24450,185.908,173.019,7.976728,8.000488,-0.023761,8.000488,8.001709,-0.024981,1866.0858,0.0,0.947279,157.8883,0.204883,0.486152,0.308965,51200,95543592,763,65536,0,0,0,0
24500,186.296,173.379,7.976803,8.000488,-0.023686,8.000488,8.000977,-0.024174,1855.2278,0.0,0.947044,160.9294,0.204062,0.487715,0.308223,51200,94987665,795,65536,0,0,0,0
24550,186.638,173.695,7.977152,8.000488,-0.023337,8.000488,8.001709,-0.024557,1818.6991,0.0,0.946135,155.7102,0.199414,0.487461,0.313125,51200,93117396,742,65536,0,0,0,0
24600,186.985,174.014,7.976979,8.000488,-0.023509,8.000488,8.001099,-0.02412,1835.4322,0.0,0.946495,156.7571,0.201797,0.489727,0.308477,51200,93974129,738,65536,0,0,0,0
24650,187.381,174.383,7.976921,8.000488,-0.023567,8.000488,8.001953,-0.025032,1821.2729,0.0,0.946249,147.1553,0.198672,0.489238,0.31209,51200,93249173,751,65536,0,0,0,0
24700,187.731,174.706,7.977418,8.000488,-0.02307,8.000488,8.001709,-0.024291,1843.0013,0.0,0.946704,146.6456,0.201348,0.49,0.308652,51200,94361664,799,65536,0,0,0,0
24750,188.081,175.029,7.977284,8.000488,-0.023204,8.000488,8.002441,-0.025157,1868.7766,0.0,0.947295,144.4607,0.203984,0.487012,0.309004,51200,95681360,774,65536,0,0,0,0
24800,188.442,175.364,7.978147,8.000488,-0.022341,8.000488,8.002075,-0.023928,1934.3388,0.0,0.948957,147.4532,0.210918,0.485117,0.303965,51200,99038146,771,65536,0,0,0,0
24850,188.795,175.69,7.977733,8.000488,-0.022755,8.000488,8.002319,-0.024586,1894.0608,0.0,0.947805,145.7721,0.206289,0.488516,0.305195,51200,96975914,750,65536,0,0,0,0
24900,189.15,176.019,7.977415,8.000488,-0.023073,8.000488,8.001343,-0.023928,1910.088,0.0,0.948777,140.7155,0.208789,0.477148,0.314062,51200,97796505,798,65536,0,0,0,0
24950,189.565,176.407,7.976458,8.000488,-0.02403,8.000488,8.000854,-0.024396,1970.1343,0.0,0.950545,141.8411,0.218125,0.467832,0.314043,51200,100870874,794,65536,0,0,0,0
25000,189.939,176.753,7.976921,8.000488,-0.023567,8.000488,8.001465,-0.024544,2028.3924,0.0,0.952,143.9121,0.22457,0.462207,0.313223,51200,103853692,775,65536,0,0,0,0
25050,190.313,177.1,7.977104,8.000488,-0.023384,8.000488,8.001709,-0.024605,2008.4391,0.0,0.951252,143.296,0.220449,0.466738,0.312812,51200,102832083,736,65536,0,0,0,0
25100,190.679,177.439,7.97645,8.000488,-0.024038,8.000488,8.001099,-0.024649,1989.3613,0.0,0.950709,149.3375,0.219277,0.467969,0.312754,51200,101855301,733,65536,0,0,0,0
25150,191.046,177.779,7.976426,8.000488,-0.024063,8.000488,8.001221,-0.024795,2003.4669,0.0,0.951302,150.6901,0.222051,0.465859,0.31209,51200,102577506,788,65536,0,0,0,0
25200,191.456,178.163,7.977202,8.000488,-0.023286,8.000488,8.001343,-0.024141,2059.4689,0.0,0.952499,154.4056,0.22834,0.46582,0.30584,51200,105444809,817,65536,0,0,0,0
25250,191.833,178.513,7.976777,8.000488,-0.023711,8.000488,8.000977,-0.0242,2080.0693,0.0,0.953126,160.3075,0.230391,0.463223,0.306387,51200,106499547,792,65536,0,0,0,0
25300,192.209,178.861,7.976826,8.000488,-0.023662,8.000488,8.001221,-0.024394,2074.3007,0.0,0.953033,150.2625,0.229727,0.463242,0.307031,51200,106204198,787,65536,0,0,0,0
25350,192.585,179.21,7.977155,8.000488,-0.023334,8.000488,8.001709,-0.024554,2076.8158,0.0,0.953207,151.0727,0.230371,0.46334,0.306289,51200,106332967,786,65536,0,0,0,0
25400,192.96,179.559,7.976937,8.000488,-0.023551,8.000488,8.001221,-0.024283,2065.1927,0.0,0.953035,149.7058,0.229043,0.463242,0.307715,51200,105737866,731,65536,0,0,0,0
25450,193.335,179.908,7.976301,8.000488,-0.024187,8.000488,8.000977,-0.024675,2052.1418,0.0,0.952743,148.1933,0.227461,0.465586,0.306953,51200,105069661,776,65536,0,0,0,0
25500,193.712,180.258,7.97647,8.000488,-0.024018,8.000488,8.001221,-0.024751,2078.6993,0.0,0.953572,153.6825,0.229551,0.459883,0.310566,51200,106429404,770,65536,0,0,0,0
25550,194.085,180.604,7.976506,8.000488,-0.023983,8.000488,8.000854,-0.024349,2017.7709,0.0,0.952025,152.7239,0.223574,0.466211,0.310215,51200,103309868,810,65536,0,0,0,0
25600,194.481,180.972,7.976445,8.000488,-0.024044,8.000488,8.001099,-0.024654,2046.3978,0.0,0.952611,152.492,0.225977,0.464238,0.309785,51200,104775569,784,65536,0,0,0,0
25650,194.861,181.326,7.97673,8.000488,-0.023758,8.000488,8.001221,-0.024491,2045.1952,0.0,0.952417,159.1336,0.224668,0.466719,0.308613,51200,104713994,772,65536,0,0,0,0
25700,195.239,181.676,7.977429,8.000488,-0.023059,8.000488,8.001831,-0.024402,2024.0863,0.0,0.951972,157.6828,0.223145,0.466387,0.310469,51200,103633217,742,65536,0,0,0,0
25750,195.619,182.029,7.977563,8.000488,-0.022925,8.000488,8.001587,-0.024023,2035.7886,0.0,0.952327,159.3058,0.224219,0.464824,0.310957,51200,104232378,797,65536,0,0,0,0
25800,195.995,182.379,7.976566,8.000488,-0.023922,8.000488,8.000977,-0.024411,2029.6963,0.0,0.952166,174.8439,0.221484,0.468945,0.30957,51200,103920450,774,65536,0,0,0,0
25850,196.365,182.723,7.976468,8.000488,-0.02402,8.000488,8.000854,-0.024386,1994.9378,0.0,0.951403,173.8454,0.218047,0.468613,0.31334,51200,102140816,778,65536,0,0,0,0
25900,196.777,183.108,7.976538,8.000488,-0.023951,8.000488,8.001343,-0.024805,1977.153,0.0,0.951059,173.3203,0.215723,0.465234,0.319043,51200,101230232,809,65536,0,0,0,0
25950,197.147,183.451,7.976488,8.000488,-0.024,8.000488,8.001221,-0.024733,1988.2825,0.0,0.951234,173.0354,0.217891,0.465645,0.316465,51200,101800065,775,65536,0,0,0,0
26000,197.517,183.794,7.976396,8.000488,-0.024092,8.000488,8.000977,-0.024581,1990.0964,0.0,0.951374,172.8733,0.217461,0.461934,0.320605,51200,101892935,810,65536,0,0,0,0
26050,197.9,184.148,7.976283,8.000488,-0.024205,8.000488,8.000977,-0.024693,2018.1578,0.0,0.951731,169.5085,0.219141,0.468555,0.312305,51200,103329680,794,65536,0,0,0,0
26100,198.312,184.533,7.976877,8.000488,-0.023611,8.000488,8.001709,-0.024832,2034.0782,0.0,0.952006,176.4342,0.222539,0.46793,0.309531,51200,104144803,830,65536,0,0,0,0
26150,198.685,184.879,7.976349,8.000488,-0.024139,8.000488,8.001465,-0.025115,2001.8316,0.0,0.951137,171.1248,0.219434,0.472637,0.30793,51200,102493778,748,65536,0,0,0,0
26200,199.068,185.235,7.976229,8.000488,-0.024259,8.000488,8.000977,-0.024747,1990.5986,0.0,0.950889,165.7143,0.218223,0.470215,0.311562,51200,101918648,757,65536,0,0,0,0
26250,199.452,185.592,7.97665,8.000488,-0.023838,8.000488,8.001709,-0.025059,1973.9919,0.0,0.950326,172.5633,0.21459,0.482812,0.302598,51200,101068384,788,65536,0,0,0,0
26300,199.826,185.938,7.976114,8.000488,-0.024374,8.000488,8.000977,-0.024863,1960.8123,0.0,0.949773,166.1793,0.214004,0.48334,0.302656,51200,100393590,748,65536,0,0,0,0
26350,200.199,186.279,7.976468,8.000488,-0.024021,8.000488,8.001343,-0.024875,1969.9406,0.0,0.950121,171.0345,0.21623,0.483457,0.300312,51200,100860957,767,65536,0,0,0,0
26400,200.569,186.622,7.976623,8.000488,-0.023865,8.000488,8.000977,-0.024353,2005.1988,0.0,0.951294,179.5709,0.219902,0.476504,0.303594,51200,102666177,837,65536,0,0,0,0
26450,200.958,186.985,7.976612,8.000488,-0.023877,8.000488,8.00061,-0.023999,2008.9785,0.0,0.951157,179.7389,0.22166,0.485273,0.293066,51200,102859701,796,65536,0,0,0,0
26500,201.323,187.323,7.976138,8.000488,-0.02435,8.000488,8.000732,-0.024595,1960.1274,0.0,0.949573,165.3758,0.215723,0.492012,0.292266,51200,100358523,842,65536,0,0,0,0
26550,201.7,187.673,7.976215,8.000488,-0.024273,8.000488,8.000854,-0.02464,2026.0347,0.0,0.951316,177.7721,0.223105,0.486367,0.290527,51200,103732976,761,65536,0,0,0,0
26600,202.075,188.022,7.977211,8.000488,-0.023278,8.000488,8.001709,-0.024498,1995.5651,0.0,0.950518,174.4269,0.22168,0.485098,0.293223,51200,102172933,802,65536,0,0,0,0
26650,202.444,188.365,7.978338,8.000488,-0.02215,8.000488,8.002319,-0.023981,1967.7362,0.0,0.950238,171.7595,0.219531,0.483379,0.29709,51200,100748091,801,65536,0,0,0,0
26700,202.825,188.719,7.977824,8.000488,-0.022664,8.000488,8.002319,-0.024495,2012.5022,0.0,0.951491,171.3304,0.226445,0.475625,0.29793,51200,103040112,809,65536,0,0,0,0
26750,203.205,189.072,7.977334,8.000488,-0.023154,8.000488,8.001221,-0.023887,2043.3922,0.0,0.951634,170.0131,0.229082,0.480547,0.290371,51200,104621680,794,65536,0,0,0,0
26800,203.586,189.427,7.977923,8.000488,-0.022565,8.000488,8.002197,-0.024274,2037.2469,0.0,0.951694,175.0943,0.229844,0.476426,0.29373,51200,104307039,798,65536,0,0,0,0
26850,203.963,189.778,7.978022,8.000488,-0.022467,8.000488,8.001343,-0.023321,2005.1597,0.0,0.95067,171.3165,0.225195,0.481309,0.293496,51200,102664176,813,65536,0,0,0,0
26900,204.352,190.14,7.977943,8.000488,-0.022545,8.000488,8.001587,-0.023644,2042.3602,0.0,0.951545,164.9244,0.230176,0.481855,0.287969,51200,104568842,772,65536,0,0,0,0
26950,204.733,190.494,7.977872,8.000488,-0.022617,8.000488,8.001343,-0.023471,2044.7194,0.0,0.951743,171.8071,0.229785,0.48293,0.287285,51200,104689632,815,65536,0,0,0,0
27000,205.151,190.884,7.97811,8.000488,-0.022378,8.000488,8.001587,-0.023477,2107.9475,0.0,0.953003,174.8892,0.236934,0.484023,0.279043,51200,107926913,808,65536,0,0,0,0
27050,205.541,191.245,7.978098,8.000488,-0.022391,8.000488,8.001587,-0.023489,2084.9288,0.0,0.952633,170.1113,0.235,0.48209,0.28291,51200,106748357,758,65536,0,0,0,0
27100,205.964,191.641,7.977754,8.000488,-0.022734,8.000488,8.001587,-0.023833,2083.1394,0.0,0.952604,170.8812,0.234414,0.482949,0.282637,51200,106656736,741,65536,0,0,0,0
27150,206.346,191.997,7.977387,8.000488,-0.023101,8.000488,8.001831,-0.024444,2095.0604,0.0,0.953144,180.8348,0.236543,0.47748,0.285977,51200,107267093,762,65536,0,0,0,0
27200,206.723,192.349,7.977171,8.000488,-0.023317,8.000488,8.001343,-0.024172,2069.0959,0.0,0.952472,181.6039,0.231699,0.48043,0.287871,51200,105937711,773,65536,0,0,0,0
27250,207.105,192.704,7.977167,8.000488,-0.023321,8.000488,8.001465,-0.024298,2058.4136,0.0,0.952311,180.9993,0.229629,0.476992,0.293379,51200,105390775,803,65536,0,0,0,0
27300,207.492,193.065,7.976634,8.000488,-0.023855,8.000488,8.000854,-0.024221,2089.4634,0.0,0.953215,188.149,0.235312,0.473945,0.290742,51200,106980527,771,65536,0,0,0,0
27350,207.864,193.411,7.97703,8.000488,-0.023459,8.000488,8.000977,-0.023947,2028.4065,0.0,0.951987,173.3444,0.228105,0.476543,0.295352,51200,103854414,792,65536,0,0,0,0
27400,208.252,193.772,7.976061,8.000488,-0.024427,8.000488,8.00061,-0.024549,2024.0156,0.0,0.95172,182.0968,0.226641,0.478379,0.29498,51200,103629600,787,65536,0,0,0,0
27450,208.62,194.114,7.976796,8.000488,-0.023692,8.000488,8.000854,-0.024058,1990.6765,0.0,0.950995,177.124,0.223965,0.480293,0.295742,51200,101922638,775,65536,0,0,0,0
27500,208.993,194.461,7.976669,8.000488,-0.023819,8.000488,8.000732,-0.024063,2031.8186,0.0,0.952042,185.493,0.228574,0.472207,0.299219,51200,104029112,758,65536,0,0,0,0
27550,209.372,194.813,7.977096,8.000488,-0.023392,8.000488,8.001465,-0.024369,2039.1667,0.0,0.952212,166.6906,0.229004,0.473828,0.297168,51200,104405337,784,65536,0,0,0,0
27600,209.75,195.165,7.976534,8.000488,-0.023954,8.000488,8.001465,-0.02493,2077.0443,0.0,0.953266,167.0933,0.234355,0.466113,0.299531,51200,106344667,769,65536,0,0,0,0
27650,210.125,195.514,7.976534,8.000488,-0.023954,8.000488,8.001587,-0.025053,2054.6294,0.0,0.952361,173.6211,0.231699,0.475723,0.292578,51200,105197023,745,65536,0,0,0,0
27700,210.5,195.863,7.976604,8.000488,-0.023885,8.000488,8.001709,-0.025105,2014.083,0.0,0.951513,170.5377,0.226973,0.476816,0.296211,51200,103121052,725,65536,0,0,0,0
27750,210.867,196.202,7.976239,8.000488,-0.024249,8.000488,8.001709,-0.02547,1996.6166,0.0,0.951022,158.1665,0.225293,0.475996,0.298711,51200,102226769,794,65536,0,0,0,0
27800,211.225,196.534,7.976523,8.000488,-0.023966,8.000488,8.001343,-0.02482,1954.3618,0.0,0.94993,154.0926,0.21959,0.479316,0.301094,51200,100063322,769,65536,0,0,0,0
27850,211.596,196.879,7.975994,8.000488,-0.024495,8.000488,8.00061,-0.024617,2018.5948,0.0,0.951457,158.247,0.226211,0.479648,0.294141,51200,103352054,774,65536,0,0,0,0
27900,211.964,197.221,7.976354,8.000488,-0.024134,8.000488,8.000977,-0.024622,2008.7294,0.0,0.951419,153.5738,0.225098,0.471328,0.303574,51200,102846947,774,65536,0,0,0,0
27950,212.327,197.558,7.976828,8.000488,-0.023661,8.000488,8.001221,-0.024393,1982.8081,0.0,0.950858,154.9857,0.221328,0.473633,0.305039,51200,101519775,738,65536,0,0,0,0
28000,212.696,197.899,7.976834,8.000488,-0.023654,8.000488,8.001587,-0.024753,2022.6721,0.0,0.951972,158.3893,0.226777,0.467793,0.30543,51200,103560811,750,65536,0,0,0,0
28050,213.067,198.245,7.976366,8.000488,-0.024123,8.000488,8.001343,-0.024977,2043.6738,0.0,0.952202,160.3439,0.229492,0.473848,0.29666,51200,104636098,820,65536,0,0,0,0
28100,213.445,198.595,7.976579,8.000488,-0.023909,8.000488,8.001099,-0.024519,2061.8409,0.0,0.952462,159.8229,0.233398,0.475254,0.291348,51200,105566254,789,65536,0,0,0,0
28150,213.821,198.944,7.976083,8.000488,-0.024406,8.000488,8.000854,-0.024772,2044.1539,0.0,0.951759,162.8072,0.231387,0.485703,0.28291,51200,104660680,807,65536,0,0,0,0
28200,214.204,199.302,7.976408,8.000488,-0.02408,8.000488,8.001465,-0.025057,2061.3681,0.0,0.952074,163.0109,0.233086,0.484961,0.281953,51200,105542047,776,65536,0,0,0,0
28250,214.589,199.661,7.976913,8.000488,-0.023575,8.000488,8.001465,-0.024552,2086.2829,0.0,0.952349,159.0417,0.236328,0.494922,0.26875,51200,106817682,830,65536,0,0,0,0
28300,214.969,200.014,7.977007,8.000488,-0.023482,8.000488,8.001465,-0.024458,2086.5305,0.0,0.952123,148.4429,0.236582,0.496934,0.266484,51200,106830362,767,65536,0,0,0,0
28350,215.354,200.372,7.977461,8.000488,-0.023027,8.000488,8.001831,-0.02437,2140.5836,0.0,0.953334,156.9119,0.243457,0.494883,0.26166,51200,109597882,782,65536,0,0,0,0
28400,215.76,200.744,7.97771,8.000488,-0.022779,8.000488,8.001099,-0.023389,2178.2448,0.0,0.954162,160.5514,0.2475,0.494258,0.258242,51200,111526133,780,65536,0,0,0,0
28450,216.183,201.141,7.977889,8.000488,-0.022599,8.000488,8.001709,-0.02382,2130.3277,0.0,0.952815,161.4421,0.240371,0.501953,0.257676,51200,109072778,833,65536,0,0,0,0
28500,216.57,201.501,7.976557,8.000488,-0.023931,8.000488,8.001099,-0.024541,2154.3941,0.0,0.953224,163.6296,0.241543,0.501621,0.256836,51200,110304977,807,65536,0,0,0,0
28550,216.963,201.868,7.976391,8.000488,-0.024097,8.000488,8.000732,-0.024341,2172.4959,0.0,0.953565,161.4931,0.242617,0.498047,0.259336,51200,111231790,755,65536,0,0,0,0
28600,217.357,202.236,7.977318,8.000488,-0.02317,8.000488,8.001099,-0.023781,2146.5389,0.0,0.95276,162.196,0.240098,0.503223,0.25668,51200,109902791,752,65536,0,0,0,0
28650,217.778,202.624,7.977548,8.000488,-0.022941,8.000488,8.001099,-0.023551,2204.213,0.0,0.954368,167.2249,0.247852,0.492695,0.259453,51200,112855707,817,65536,0,0,0,0
28700,218.179,202.999,7.977531,8.000488,-0.022958,8.000488,8.002075,-0.024545,2192.3137,0.0,0.953898,166.3894,0.245938,0.49916,0.254902,51200,112246460,777,65536,0,0,0,0
28750,218.591,203.383,7.977779,8.000488,-0.022709,8.000488,8.002319,-0.02454,2210.7551,0.0,0.954127,168.1285,0.246719,0.499414,0.253867,51200,113190661,766,65536,0,0,0,0
28800,219.015,203.781,7.97742,8.000488,-0.023068,8.000488,8.001831,-0.024411,2205.7551,0.0,0.954099,171.8966,0.244883,0.495781,0.259336,51200,112934659,766,65536,0,0,0,0
28850,219.426,204.166,7.976802,8.000488,-0.023686,8.000488,8.001587,-0.024785,2212.2103,0.0,0.95435,165.8924,0.244746,0.493379,0.261875,51200,113265168,789,65536,0,0,0,0
28900,219.829,204.543,7.976648,8.000488,-0.02384,8.000488,8.001587,-0.024939,2228.4585,0.0,0.954731,163.961,0.246875,0.489824,0.263301,51200,114097075,809,65536,0,0,0,0
28950,220.228,204.915,7.97623,8.000488,-0.024258,8.000488,8.001587,-0.025357,2184.6892,0.0,0.953741,157.5141,0.243281,0.494141,0.262578,51200,111856087,792,65536,0,0,0,0
29000,220.63,205.29,7.97683,8.000488,-0.023658,8.000488,8.001221,-0.024391,2201.5845,0.0,0.954231,158.3582,0.246289,0.487695,0.266016,51200,112721127,781,65536,0,0,0,0
29050,221.031,205.665,7.97687,8.000488,-0.023618,8.000488,8.001709,-0.024839,2188.0302,0.0,0.953693,159.2162,0.24416,0.498984,0.256855,51200,112027145,799,65536,0,0,0,0
29100,221.419,206.026,7.976369,8.000488,-0.024119,8.000488,8.000854,-0.024485,2121.8712,0.0,0.952153,149.1695,0.236738,0.50623,0.257031,51200,108639804,772,65536,0,0,0,0
29150,221.798,206.378,7.977334,8.000488,-0.023154,8.000488,8.001709,-0.024375,2090.1435,0.0,0.951143,144.6847,0.231309,0.515703,0.252988,51200,107015348,815,65536,0,0,0,0
29200,222.174,206.728,7.977175,8.000488,-0.023313,8.000488,8.001831,-0.024656,2087.1942,0.0,0.95108,147.0064,0.231387,0.516328,0.252285,51200,106864344,766,65536,0,0,0,0
29250,222.558,207.086,7.97812,8.000488,-0.022369,8.000488,8.002563,-0.024444,2074.4967,0.0,0.95096,148.6949,0.230234,0.515117,0.254648,51200,106214231,837,65536,0,0,0,0
29300,222.941,207.441,7.97767,8.000488,-0.022818,8.000488,8.002441,-0.024771,2106.3082,0.0,0.951855,146.6467,0.233184,0.510332,0.256484,51200,107842980,783,65536,0,0,0,0
29350,223.324,207.797,7.977858,8.000488,-0.02263,8.000488,8.002319,-0.024461,2079.9382,0.0,0.951417,143.6755,0.231348,0.506523,0.262129,51200,106492834,784,65536,0,0,0,0
29400,223.715,208.162,7.97772,8.000488,-0.022768,8.000488,8.002075,-0.024355,2153.5079,0.0,0.953402,154.3951,0.240859,0.498242,0.260898,51200,110259605,731,65536,0,0,0,0
29450,224.151,208.56,7.977392,8.000488,-0.023097,8.000488,8.001831,-0.024439,2172.0479,0.0,0.954143,159.2158,0.24332,0.481426,0.275254,51200,111208851,806,65536,0,0,0,0
29500,224.545,208.927,7.97745,8.000488,-0.023038,8.000488,8.002075,-0.024625,2155.5702,0.0,0.95391,158.5827,0.240566,0.478848,0.280586,51200,110365194,797,65536,0,0,0,0
29550,224.933,209.289,7.977454,8.000488,-0.023034,8.000488,8.002197,-0.024743,2169.4166,0.0,0.954464,163.1999,0.24209,0.472188,0.285723,51200,111074132,772,65536,0,0,0,0
29600,225.321,209.651,7.977062,8.000488,-0.023426,8.000488,8.001587,-0.024525,2143.3474,0.0,0.953985,162.0881,0.239023,0.474453,0.286523,51200,109739388,744,65536,0,0,0,0
29650,225.709,210.013,7.977096,8.000488,-0.023392,8.000488,8.001465,-0.024369,2167.4852,0.0,0.954612,160.9941,0.24248,0.47,0.28752,51200,110975242,749,65536,0,0,0,0
29700,226.139,210.417,7.976798,8.000488,-0.02369,8.000488,8.001587,-0.024789,2187.0776,0.0,0.954947,155.3374,0.246836,0.467676,0.285488,51200,111978371,821,65536,0,0,0,0
29750,226.54,210.791,7.976752,8.000488,-0.023736,8.000488,8.000854,-0.024102,2156.5669,0.0,0.954461,150.2701,0.243301,0.467324,0.289375,51200,110416227,766,65536,0,0,0,0
29800,226.978,211.203,7.976437,8.000488,-0.024051,8.000488,8.000854,-0.024418,2189.4712,0.0,0.955329,152.5317,0.248555,0.463477,0.287969,51200,112100924,760,65536,0,0,0,0
29850,227.363,211.563,7.976483,8.000488,-0.024005,8.000488,8.000244,-0.023761,2152.9291,0.0,0.954385,151.3787,0.243086,0.467461,0.289453,51200,110229971,800,65536,0,0,0,0
29900,227.756,211.929,7.976972,8.000488,-0.023517,8.000488,8.000732,-0.023761,2203.5313,0.0,0.955382,155.681,0.249824,0.461875,0.288301,51200,112820805,781,65536,0,0,0,0
29950,228.145,212.293,7.976698,8.000488,-0.02379,8.000488,8.000366,-0.023668,2169.5155,0.0,0.955006,158.056,0.246543,0.456719,0.296738,51200,111079195,758,65536,0,0,0,0
30000,228.532,212.651,7.976832,8.000488,-0.023656,8.000488,8.000366,-0.023534,2115.0563,0.0,0.953825,149.49,0.24084,0.457363,0.301797,51200,108290885,786,65536,0,0,0,0
30050,228.912,213.002,7.976914,8.000488,-0.023574,8.000488,8.00061,-0.023696,2044.8816,0.0,0.952185,152.2418,0.232422,0.465859,0.301719,51200,104697938,820,65536,0,0,0,0
30100,229.293,213.356,7.976557,8.000488,-0.023932,8.000488,7.999756,-0.023199,2082.6751,0.0,0.953079,162.0213,0.237207,0.463535,0.299258,51200,106632967,789,65536,0,0,0,0
30150,229.714,213.751,7.976277,8.000488,-0.024211,8.000488,7.999634,-0.023356,2071.7167,0.0,0.952779,160.124,0.236367,0.463496,0.300137,51200,106071897,784,65536,0,0,0,0
30200,230.086,214.096,7.976731,8.000488,-0.023757,8.000488,7.999878,-0.023147,2023.5319,0.0,0.951747,164.1733,0.230312,0.468691,0.300996,51200,103604833,729,65536,0,0,0,0
30250,230.451,214.435,7.977035,8.000488,-0.023453,8.000488,8.0,-0.022965,1985.9588,0.0,0.950985,162.8772,0.226074,0.466543,0.307383,51200,101681091,815,65536,0,0,0,0
30300,230.826,214.781,7.976495,8.000488,-0.023993,8.000488,7.999634,-0.023139,2005.6343,0.0,0.951445,170.3992,0.22873,0.463223,0.308047,51200,102688476,762,65536,0,0,0,0
30350,231.198,215.128,7.976461,8.000488,-0.024028,8.000488,7.999512,-0.023051,2010.8053,0.0,0.951528,174.5154,0.229512,0.461895,0.308594,51200,102953230,822,65536,0,0,0,0
30400,231.576,215.479,7.976678,8.000488,-0.02381,8.000488,8.000122,-0.023444,2057.0897,0.0,0.952451,171.8129,0.235566,0.463574,0.300859,51200,105322995,881,65536,0,0,0,0
30450,231.946,215.823,7.976814,8.000488,-0.023674,8.000488,8.000122,-0.023308,2001.7893,0.0,0.951015,170.9451,0.228887,0.472051,0.299062,51200,102491610,816,65536,0,0,0,0
30500,232.319,216.17,7.976487,8.000488,-0.024002,8.000488,8.000366,-0.023879,2031.7823,0.0,0.951774,176.3611,0.229746,0.471309,0.298945,51200,104027254,804,65536,0,0,0,0
30550,232.697,216.519,7.976226,8.000488,-0.024262,8.000488,8.0,-0.023774,2009.83,0.0,0.951569,175.8504,0.227168,0.465684,0.307148,51200,102903295,761,65536,0,0,0,0
30600,233.079,216.873,7.9762,8.000488,-0.024289,8.000488,7.999512,-0.023312,2024.9667,0.0,0.95174,175.288,0.228379,0.467168,0.304453,51200,103678296,807,65536,0,0,0,0
30650,233.458,217.225,7.975493,8.000488,-0.024995,8.000488,7.999268,-0.023774,1987.3172,0.0,0.950826,173.8348,0.223457,0.469395,0.307148,51200,101750643,780,65536,0,0,0,0
30700,233.825,217.569,7.975698,8.000488,-0.02479,8.000488,7.99939,-0.023691,2000.2913,0.0,0.951307,175.0056,0.224727,0.464082,0.311191,51200,102414914,789,65536,0,0,0,0
30750,234.192,217.91,7.974842,8.000488,-0.025646,8.000488,7.998901,-0.024059,1959.6803,0.0,0.950634,174.3997,0.219941,0.46123,0.318828,51200,100335633,808,65536,0,0,0,0
30800,234.562,218.256,7.975799,8.000488,-0.024689,8.000488,7.999268,-0.023468,1920.3367,0.0,0.949659,168.8022,0.214766,0.463984,0.32125,51200,98321238,769,65536,0,0,0,0
30850,234.919,218.589,7.97566,8.000488,-0.024828,8.000488,7.999512,-0.023852,1925.0608,0.0,0.949372,170.6837,0.214492,0.468262,0.317246,51200,98563114,790,65536,0,0,0,0
30900,235.309,218.953,7.975737,8.000488,-0.024751,8.000488,7.999268,-0.02353,1907.2249,0.0,0.948722,167.5202,0.213203,0.468809,0.317988,51200,97649913,799,65536,0,0,0,0
30950,235.669,219.288,7.976094,8.000488,-0.024395,8.000488,7.999634,-0.02354,1922.662,0.0,0.949611,162.6394,0.215352,0.458867,0.325781,51200,98440292,785,65536,0,0,0,0
31000,236.034,219.628,7.975728,8.000488,-0.02476,8.000488,7.999634,-0.023906,1896.8764,0.0,0.948758,160.6334,0.212207,0.462422,0.325371,51200,97120073,771,65536,0,0,0,0
31050,236.4,219.97,7.975714,8.000488,-0.024775,8.000488,7.999634,-0.02392,1882.0845,0.0,0.948742,163.5415,0.211055,0.457031,0.331914,51200,96362724,800,65536,0,0,0,0
31100,236.749,220.295,7.976104,8.000488,-0.024384,8.000488,8.000488,-0.024384,1872.7323,0.0,0.948694,161.5454,0.209766,0.456738,0.333496,51200,95883894,755,65536,0,0,0,0
31150,237.104,220.618,7.97653,8.000488,-0.023958,8.000488,8.000854,-0.024324,1850.8653,0.0,0.948003,152.7009,0.206758,0.458398,0.334844,51200,94764301,787,65536,0,0,0,0
31200,237.523,221.002,7.97677,8.000488,-0.023718,8.000488,8.001343,-0.024572,1807.3987,0.0,0.946579,154.6561,0.201523,0.460762,0.337715,51200,92538814,752,65536,0,0,0,0
31250,237.876,221.331,7.976799,8.000488,-0.023689,8.000488,8.000854,-0.024055,1856.5002,0.0,0.948147,166.538,0.208672,0.455625,0.335703,51200,95052808,760,65536,0,0,0,0
31300,238.22,221.65,7.975891,8.000488,-0.024597,8.000488,8.000122,-0.024231,1821.4095,0.0,0.9469,160.6658,0.20459,0.464023,0.331387,51200,93256166,819,65536,0,0,0,0
31350,238.566,221.973,7.976135,8.000488,-0.024353,8.000488,8.000244,-0.024109,1833.7368,0.0,0.947481,163.2337,0.206152,0.461016,0.332832,51200,93887325,852,65536,0,0,0,0
31400,238.912,222.294,7.975613,8.000488,-0.024875,8.000488,8.000244,-0.024631,1835.5207,0.0,0.947443,162.3229,0.206855,0.463281,0.329863,51200,93978662,754,65536,0,0,0,0
31450,239.249,222.608,7.975949,8.000488,-0.02454,8.000488,8.000244,-0.024296,1762.94,0.0,0.945121,152.9787,0.197891,0.467773,0.334336,51200,90262529,807,65536,0,0,0,0
31500,239.583,222.917,7.975615,8.000488,-0.024873,8.000488,8.0,-0.024385,1727.8129,0.0,0.943804,149.3392,0.191992,0.472715,0.335293,51200,88464022,782,65536,0,0,0,0
31550,239.908,223.218,7.976349,8.000488,-0.02414,8.000488,8.000488,-0.02414,1706.4518,0.0,0.942984,144.8178,0.188457,0.476445,0.335098,51200,87370334,792,65536,0,0,0,0
31600,240.233,223.52,7.976949,8.000488,-0.023539,8.000488,8.001221,-0.024271,1703.2033,0.0,0.942811,150.1653,0.188086,0.47793,0.333984,51200,87204010,785,65536,0,0,0,0
31650,240.556,223.818,7.977102,8.000488,-0.023387,8.000488,8.000854,-0.023753,1684.7953,0.0,0.941933,145.6346,0.185938,0.48625,0.327812,51200,86261521,756,65536,0,0,0,0
31700,240.881,224.12,7.976667,8.000488,-0.023821,8.000488,8.000854,-0.024187,1706.9058,0.0,0.94271,147.0671,0.189512,0.48584,0.324648,51200,87393578,774,65536,0,0,0,0
31750,241.211,224.425,7.976325,8.000488,-0.024163,8.000488,8.000244,-0.023919,1726.1653,0.0,0.942956,145.3467,0.191602,0.490352,0.318047,51200,88379665,816,65536,0,0,0,0
31800,241.536,224.727,7.977117,8.000488,-0.023372,8.000488,8.000366,-0.02325,1696.9836,0.0,0.941712,140.5157,0.188184,0.496289,0.315527,51200,86885558,810,65536,0,0,0,0
31850,241.871,225.037,7.977493,8.000488,-0.022996,8.000488,8.000488,-0.022996,1772.9942,0.0,0.943986,148.7163,0.194473,0.498926,0.306602,51200,90777305,784,65536,0,0,0,0
31900,242.2,225.343,7.978573,8.000488,-0.021915,8.000488,8.000977,-0.022403,1724.0967,0.0,0.94234,140.8815,0.188398,0.500723,0.310879,51200,88273749,772,65536,0,0,0,0
31950,242.542,225.66,7.978577,8.000488,-0.021911,8.000488,8.001343,-0.022765,1756.2014,0.0,0.943456,161.5045,0.194609,0.496387,0.309004,51200,89917512,756,65536,0,0,0,0
32000,242.884,225.978,7.97866,8.000488,-0.021829,8.000488,8.001587,-0.022927,1799.3233,0.0,0.94513,160.277,0.200312,0.489609,0.310078,51200,92125354,824,65536,0,0,0,0
32050,243.223,226.293,7.978468,8.000488,-0.022021,8.000488,8.001099,-0.022631,1788.0505,0.0,0.944762,165.2256,0.198516,0.491953,0.309531,51200,91548187,779,65536,0,0,0,0
32100,243.564,226.609,7.978771,8.000488,-0.021717,8.000488,8.001343,-0.022572,1753.4346,0.0,0.943879,156.5231,0.193711,0.488906,0.317383,51200,89775850,802,65536,0,0,0,0
32150,243.898,226.92,7.978172,8.000488,-0.022316,8.000488,8.001099,-0.022927,1721.1886,0.0,0.942672,155.3883,0.189922,0.489746,0.320332,51200,88124855,742,65536,0,0,0,0
32200,244.233,227.23,7.978201,8.000488,-0.022287,8.000488,8.001099,-0.022898,1722.9658,0.0,0.942795,154.6304,0.189082,0.488945,0.321973,51200,88215848,786,65536,0,0,0,0
32250,244.567,227.535,7.977612,8.000488,-0.022876,8.000488,8.000977,-0.023365,1701.7403,0.0,0.941657,159.1458,0.186367,0.497773,0.315859,51200,87129103,793,65536,0,0,0,0
32300,244.895,227.839,7.97736,8.000488,-0.023128,8.000488,8.000854,-0.023495,1703.8568,0.0,0.941754,146.1785,0.186973,0.497363,0.315664,51200,87237469,806,65536,0,0,0,0
32350,245.218,228.138,7.977593,8.000488,-0.022895,8.000488,8.000732,-0.02314,1690.6837,0.0,0.941444,140.1464,0.186348,0.500293,0.313359,51200,86563006,808,65536,0,0,0,0
32400,245.546,228.443,7.978183,8.000488,-0.022305,8.000488,8.000488,-0.022305,1735.3166,0.0,0.942735,142.089,0.191484,0.504355,0.30416,51200,88848210,812,65536,0,0,0,0
32450,245.886,228.759,7.978007,8.000488,-0.022481,8.000488,8.000244,-0.022237,1703.7359,0.0,0.941391,145.8185,0.188867,0.50918,0.301953,51200,87231277,733,65536,0,0,0,0
32500,246.227,229.076,7.978062,8.000488,-0.022426,8.000488,8.000488,-0.022426,1761.9795,0.0,0.943552,143.8331,0.196777,0.504277,0.298945,51200,90213348,778,65536,0,0,0,0
32550,246.563,229.387,7.97823,8.000488,-0.022258,8.000488,8.000854,-0.022624,1751.357,0.0,0.943151,150.4289,0.193984,0.505957,0.300059,51200,89669476,764,65536,0,0,0,0
32600,246.895,229.695,7.977103,8.000488,-0.023385,8.000488,7.999878,-0.022775,1732.721,0.0,0.942396,151.0207,0.191055,0.510898,0.298047,51200,88715314,787,65536,0,0,0,0
32650,247.231,230.007,7.977175,8.000488,-0.023314,8.000488,8.000366,-0.023192,1767.1363,0.0,0.943435,151.4298,0.195762,0.508984,0.295254,51200,90477378,777,65536,0,0,0,0
32700,247.574,230.326,7.977063,8.000488,-0.023425,8.000488,7.999878,-0.022815,1796.7875,0.0,0.944221,159.03,0.198828,0.509199,0.291973,51200,91995522,764,65536,0,0,0,0
32750,247.925,230.651,7.976601,8.000488,-0.023887,8.000488,8.000244,-0.023643,1809.3185,0.0,0.944812,166.6991,0.20125,0.509961,0.288789,51200,92637106,776,65536,0,0,0,0
32800,248.263,230.965,7.975974,8.000488,-0.024514,8.000488,7.999756,-0.023781,1777.2665,0.0,0.944015,149.2527,0.19748,0.508047,0.294473,51200,90996047,823,65536,0,0,0,0
32850,248.61,231.284,7.976305,8.000488,-0.024183,8.000488,8.000488,-0.024183,1786.2839,0.0,0.944599,155.434,0.198828,0.498535,0.302637,51200,91457738,765,65536,0,0,0,0
32900,248.953,231.603,7.976519,8.000488,-0.023969,8.000488,8.000366,-0.023847,1775.6658,0.0,0.944391,156.3706,0.196699,0.498105,0.305195,51200,90914090,785,65536,0,0,0,0
32950,249.296,231.922,7.976525,8.000488,-0.023963,8.000488,8.000244,-0.023719,1800.1456,0.0,0.94524,140.1024,0.201191,0.493047,0.305762,51200,92167453,785,65536,0,0,0,0
33000,249.653,232.252,7.976226,8.000488,-0.024262,8.000488,8.000488,-0.024262,1870.0571,0.0,0.947473,146.474,0.210664,0.486406,0.30293,51200,95746922,759,65536,0,0,0,0
33050,250.023,232.597,7.976967,8.000488,-0.023521,8.000488,8.001099,-0.024131,1882.8353,0.0,0.94746,151.0208,0.212422,0.491992,0.295586,51200,96401169,782,65536,0,0,0,0
33100,250.38,232.929,7.976631,8.000488,-0.023857,8.000488,8.000488,-0.023857,1863.7686,0.0,0.946904,149.806,0.21043,0.493555,0.296016,51200,95424952,758,65536,0,0,0,0
33150,250.72,233.245,7.976575,8.000488,-0.023914,8.000488,8.001099,-0.024524,1770.6989,0.0,0.944268,146.6143,0.198867,0.499707,0.301426,51200,90659786,756,65536,0,0,0,0
33200,251.066,233.567,7.975877,8.000488,-0.024612,8.000488,8.000244,-0.024367,1791.1724,0.0,0.944991,143.8378,0.201191,0.498379,0.30043,51200,91708028,769,65536,0,0,0,0
33250,251.405,233.882,7.976419,8.000488,-0.024069,8.000488,8.000488,-0.024069,1801.6396,0.0,0.94518,139.1687,0.202734,0.500977,0.296289,51200,92243949,797,65536,0,0,0,0
33300,251.756,234.209,7.976792,8.000488,-0.023696,8.000488,8.001099,-0.024307,1869.6493,0.0,0.947194,152.7085,0.211543,0.49668,0.291777,51200,95726044,799,65536,0,0,0,0
33350,252.133,234.56,7.976129,8.000488,-0.024359,8.000488,8.00061,-0.024481,1848.9475,0.0,0.946568,155.5851,0.209297,0.498809,0.291895,51200,94666111,760,65536,0,0,0,0
33400,252.498,234.901,7.976035,8.000488,-0.024453,8.000488,8.000366,-0.024331,1834.7298,0.0,0.946171,155.4562,0.206934,0.500195,0.292871,51200,93938167,750,65536,0,0,0,0
33450,252.85,235.229,7.976567,8.000488,-0.023921,8.000488,8.000366,-0.023799,1815.3267,0.0,0.945205,157.5424,0.204082,0.509629,0.286289,51200,92944728,817,65536,0,0,0,0
33500,253.19,235.545,7.976689,8.000488,-0.023799,8.000488,8.00061,-0.023921,1789.0221,0.0,0.944551,152.2593,0.200684,0.505957,0.293359,51200,91597931,781,65536,0,0,0,0
33550,253.527,235.858,7.976727,8.000488,-0.023761,8.000488,8.0,-0.023273,1748.8014,0.0,0.943224,147.1789,0.195762,0.507715,0.296523,51200,89538634,809,65536,0,0,0,0
33600,253.861,236.168,7.977449,8.000488,-0.023039,8.000488,8.000977,-0.023527,1760.8534,0.0,0.943508,150.6819,0.196641,0.510137,0.293223,51200,90155695,715,65536,0,0,0,0
33650,254.196,236.479,7.977084,8.000488,-0.023404,8.000488,8.001099,-0.024014,1741.0308,0.0,0.942604,144.4768,0.195488,0.515762,0.28875,51200,89140777,811,65536,0,0,0,0
33700,254.537,236.795,7.976592,8.000488,-0.023897,8.000488,8.00061,-0.024019,1796.8855,0.0,0.94425,148.8493,0.201035,0.51416,0.284805,51200,92000538,759,65536,0,0,0,0
33750,254.88,237.114,7.976895,8.000488,-0.023593,8.000488,8.000732,-0.023837,1821.8491,0.0,0.944693,154.5114,0.204531,0.513652,0.281816,51200,93278674,806,65536,0,0,0,0
33800,255.228,237.439,7.976413,8.000488,-0.024075,8.000488,8.001099,-0.024686,1841.1686,0.0,0.945233,154.8768,0.205879,0.515723,0.278398,51200,94267834,798,65536,0,0,0,0
33850,255.569,237.756,7.975689,8.000488,-0.024799,8.000488,7.999878,-0.024189,1816.6607,0.0,0.944425,151.6649,0.20291,0.517852,0.279238,51200,93013026,775,65536,0,0,0,0
33900,255.909,238.071,7.975995,8.000488,-0.024493,8.000488,8.000488,-0.024493,1797.7242,0.0,0.943633,156.4275,0.201973,0.520117,0.27791,51200,92043480,750,65536,0,0,0,0
33950,256.255,238.394,7.976061,8.000488,-0.024427,8.000488,8.000122,-0.024061,1852.7643,0.0,0.945138,157.7174,0.208203,0.519199,0.272598,51200,94861532,821,65536,0,0,0,0
34000,256.6,238.714,7.976628,8.000488,-0.02386,8.000488,8.00061,-0.023982,1811.3101,0.0,0.944429,151.5816,0.20375,0.515762,0.280488,51200,92739077,765,65536,0,0,0,0
34050,256.96,239.05,7.97677,8.000488,-0.023718,8.000488,8.000854,-0.024084,1812.845,0.0,0.944504,152.462,0.20332,0.517129,0.279551,51200,92817662,804,65536,0,0,0,0
34100,257.303,239.368,7.976144,8.000488,-0.024344,8.000488,8.000122,-0.023978,1805.3877,0.0,0.944443,152.9643,0.203008,0.511992,0.285,51200,92435849,796,65536,0,0,0,0
34150,257.641,239.683,7.976604,8.000488,-0.023884,8.000488,8.000977,-0.024372,1763.1548,0.0,0.942928,149.3522,0.197285,0.516113,0.286602,51200,90273528,779,65536,0,0,0,0
34200,257.98,239.999,7.976261,8.000488,-0.024228,8.000488,7.999878,-0.023617,1782.6051,0.0,0.943503,137.7839,0.198457,0.514414,0.287129,51200,91269380,784,65536,0,0,0,0
34250,258.314,240.308,7.975466,8.000488,-0.025023,8.000488,7.999512,-0.024046,1748.0826,0.0,0.942444,132.7355,0.194922,0.513809,0.29127,51200,89501827,800,65536,0,0,0,0
34300,258.65,240.62,7.975919,8.000488,-0.02457,8.000488,8.000488,-0.02457,1753.1861,0.0,0.942749,138.0854,0.195488,0.513203,0.291309,51200,89763129,757,65536,0,0,0,0
34350,258.997,240.943,7.976653,8.000488,-0.023835,8.000488,8.000732,-0.024079,1807.5465,0.0,0.944586,140.8386,0.202246,0.508008,0.289746,51200,92546383,776,65536,0,0,0,0
34400,259.336,241.258,7.977523,8.000488,-0.022965,8.000488,8.000854,-0.023331,1782.33,0.0,0.943644,137.6166,0.197871,0.509883,0.292246,51200,91255298,772,65536,0,0,0,0
34450,259.674,241.573,7.97693,8.000488,-0.023558,8.000488,8.000732,-0.023803,1773.2068,0.0,0.943768,134.5529,0.197363,0.503223,0.299414,51200,90788189,771,65536,0,0,0,0
34500,260.025,241.9,7.97694,8.000488,-0.023548,8.000488,8.001221,-0.02428,1809.7491,0.0,0.94498,136.9207,0.202344,0.497676,0.29998,51200,92659152,757,65536,0,0,0,0
34550,260.363,242.214,7.976698,8.000488,-0.023791,8.000488,8.00061,-0.023913,1785.4994,0.0,0.944216,131.1245,0.199766,0.497188,0.303047,51200,91417567,787,65536,0,0,0,0
34600,260.704,242.529,7.976559,8.000488,-0.023929,8.000488,8.001099,-0.024539,1817.8642,0.0,0.945641,132.5095,0.205,0.489961,0.305039,51200,93074647,743,65536,0,0,0,0
34650,261.054,242.854,7.976365,8.000488,-0.024124,8.000488,8.000732,-0.024368,1835.4795,0.0,0.946243,129.3805,0.207207,0.48918,0.303613,51200,93976549,864,65536,0,0,0,0
34700,261.403,243.179,7.975592,8.000488,-0.024897,8.000488,8.000244,-0.024652,1863.2437,0.0,0.947204,132.7833,0.210898,0.484688,0.304414,51200,95398075,839,65536,0,0,0,0
34750,261.752,243.504,7.975705,8.000488,-0.024783,8.000488,8.000854,-0.025149,1874.2198,0.0,0.947892,134.0876,0.213262,0.475449,0.311289,51200,95960054,733,65536,0,0,0,0
34800,262.097,243.826,7.975202,8.000488,-0.025286,8.000488,8.00061,-0.025408,1854.4915,0.0,0.947566,130.4779,0.210625,0.470898,0.318477,51200,94949965,807,65536,0,0,0,0
34850,262.452,244.156,7.975769,8.000488,-0.02472,8.000488,8.000366,-0.024598,1887.7958,0.0,0.948689,130.8798,0.215801,0.466582,0.317617,51200,96655145,817,65536,0,0,0,0
34900,262.803,244.483,7.975609,8.000488,-0.024879,8.000488,8.000122,-0.024513,1886.4175,0.0,0.948534,136.0022,0.214961,0.469141,0.315898,51200,96584577,789,65536,0,0,0,0
34950,263.148,244.804,7.976214,8.000488,-0.024274,8.000488,8.000854,-0.02464,1844.6403,0.0,0.947591,131.4314,0.210195,0.469102,0.320703,51200,94445582,778,65536,0,0,0,0
35000,263.5,245.13,7.97614,8.000488,-0.024348,8.000488,8.000977,-0.024836,1872.8419,0.0,0.948081,128.1218,0.212871,0.472734,0.314395,51200,95889505,799,65536,0,0,0,0
35050,263.852,245.46,7.977149,8.000488,-0.023339,8.000488,8.001953,-0.024804,1901.4975,0.0,0.949072,129.4562,0.215723,0.470781,0.313496,51200,97356670,817,65536,0,0,0,0
35100,264.216,245.8,7.977486,8.000488,-0.023003,8.000488,8.002075,-0.02459,1971.5031,0.0,0.950694,135.8061,0.224766,0.46666,0.308574,51200,100940959,770,65536,0,0,0,0
35150,264.599,246.158,7.977942,8.000488,-0.022547,8.000488,8.002197,-0.024256,1962.664,0.0,0.950466,130.2709,0.222656,0.466074,0.31127,51200,100488399,776,65536,0,0,0,0
35200,264.981,246.516,7.977825,8.000488,-0.022664,8.000488,8.001465,-0.02364,1956.7017,0.0,0.950556,131.4547,0.221465,0.461523,0.317012,51200,100183125,787,65536,0,0,0,0
35250,265.366,246.876,7.977984,8.000488,-0.022504,8.000488,8.001953,-0.023969,1940.8898,0.0,0.950182,135.6666,0.218691,0.462832,0.318477,51200,99373556,805,65536,0,0,0,0
35300,265.727,247.215,7.977166,8.000488,-0.023322,8.000488,8.001587,-0.024421,1931.7831,0.0,0.95003,137.5595,0.218145,0.465293,0.316562,51200,98907294,817,65536,0,0,0,0
35350,266.116,247.581,7.977335,8.000488,-0.023154,8.000488,8.001099,-0.023764,1957.008,0.0,0.950484,145.5961,0.220566,0.469258,0.310176,51200,100198812,792,65536,0,0,0,0
35400,266.483,247.926,7.976798,8.000488,-0.02369,8.000488,8.000488,-0.02369,1976.3467,0.0,0.951102,148.6928,0.224004,0.464531,0.311465,51200,101188949,798,65536,0,0,0,0
35450,266.853,248.271,7.976821,8.000488,-0.023668,8.000488,8.000854,-0.024034,1938.3618,0.0,0.950169,147.0107,0.218652,0.467812,0.313535,51200,99244124,821,65536,0,0,0,0
35500,267.215,248.61,7.97679,8.000488,-0.023698,8.000488,8.000977,-0.024186,1947.1903,0.0,0.950799,152.1607,0.219766,0.459512,0.320723,51200,99696143,799,65536,0,0,0,0
35550,267.581,248.953,7.97768,8.000488,-0.022808,8.000488,8.001709,-0.024029,1971.1593,0.0,0.951111,155.8613,0.22207,0.467031,0.310898,51200,100923354,805,65536,0,0,0,0
35600,267.947,249.296,7.976873,8.000488,-0.023616,8.000488,8.001099,-0.024226,1947.9296,0.0,0.950746,157.5907,0.21916,0.469414,0.311426,51200,99733998,799,65536,0,0,0,0
35650,268.328,249.654,7.975828,8.000488,-0.024661,8.000488,7.999634,-0.023806,1964.2263,0.0,0.950991,160.8712,0.220625,0.469902,0.309473,51200,100568388,769,65536,0,0,0,0
35700,268.699,250.002,7.975384,8.000488,-0.025105,8.000488,7.99939,-0.024006,1985.1283,0.0,0.951815,164.0123,0.223926,0.460137,0.315938,51200,101638569,826,65536,0,0,0,0
35750,269.063,250.343,7.975686,8.000488,-0.024803,8.000488,7.999878,-0.024192,1969.2143,0.0,0.951297,161.2948,0.223262,0.461797,0.314941,51200,100823774,784,65536,0,0,0,0
35800,269.456,250.714,7.976273,8.000488,-0.024215,8.000488,8.000732,-0.024459,1977.014,0.0,0.951399,163.8651,0.22377,0.464004,0.312227,51200,101223118,758,65536,0,0,0,0
35850,269.818,251.053,7.976378,8.000488,-0.02411,8.000488,8.000977,-0.024599,1916.0439,0.0,0.949958,160.1359,0.215547,0.46291,0.321543,51200,98101448,826,65536,0,0,0,0
35900,270.217,251.43,7.976956,8.000488,-0.023532,8.000488,8.001221,-0.024265,1916.4189,0.0,0.949924,170.86,0.213809,0.467305,0.318887,51200,98120647,812,65536,0,0,0,0
35950,270.575,251.766,7.977085,8.000488,-0.023403,8.000488,8.001587,-0.024502,1919.0831,0.0,0.950003,176.5033,0.213516,0.465273,0.321211,51200,98257053,776,65536,0,0,0,0
36000,271.005,252.174,7.977154,8.000488,-0.023335,8.000488,8.000854,-0.023701,1886.5521,0.0,0.949071,173.3453,0.209766,0.466562,0.323672,51200,96591466,785,65536,0,0,0,0
36050,271.362,252.508,7.976842,8.000488,-0.023646,8.000488,8.000854,-0.024012,1905.123,0.0,0.949633,178.5404,0.211797,0.464219,0.323984,51200,97542298,771,65536,0,0,0,0
36100,271.712,252.837,7.977162,8.000488,-0.023327,8.000488,8.000977,-0.023815,1866.7817,0.0,0.948416,173.6075,0.206035,0.467227,0.326738,51200,95579222,762,65536,0,0,0,0
36150,272.066,253.168,7.976957,8.000488,-0.023531,8.000488,8.000854,-0.023897,1850.5284,0.0,0.948,173.3724,0.205195,0.463145,0.33166,51200,94747052,773,65536,0,0,0,0
36200,272.424,253.504,7.977065,8.000488,-0.023423,8.000488,8.001099,-0.024034,1864.4426,0.0,0.948437,174.514,0.207441,0.46541,0.327148,51200,95459460,784,65536,0,0,0,0
36250,272.772,253.827,7.977979,8.000488,-0.022509,8.000488,8.002197,-0.024218,1821.4862,0.0,0.947074,167.2857,0.202891,0.469707,0.327402,51200,93260094,783,65536,0,0,0,0
36300,273.12,254.153,7.978235,8.000488,-0.022253,8.000488,8.001831,-0.023596,1849.9675,0.0,0.947771,164.0733,0.206055,0.471602,0.322344,51200,94718334,841,65536,0,0,0,0
36350,273.465,254.477,7.97812,8.000488,-0.022368,8.000488,8.001221,-0.023101,1794.8119,0.0,0.946014,170.1575,0.199199,0.480879,0.319922,51200,91894370,753,65536,0,0,0,0
36400,273.808,254.798,7.978107,8.000488,-0.022382,8.000488,8.001587,-0.02348,1799.6478,0.0,0.946163,168.8384,0.200195,0.480664,0.319141,51200,92141969,786,65536,0,0,0,0
36450,274.151,255.12,7.977437,8.000488,-0.023051,8.000488,8.001953,-0.024516,1806.1543,0.0,0.946034,164.8605,0.199785,0.4825,0.317715,51200,92475098,796,65536,0,0,0,0
36500,274.495,255.441,7.977521,8.000488,-0.022968,8.000488,8.001709,-0.024188,1808.0632,0.0,0.94654,162.7367,0.201484,0.474375,0.324141,51200,92572835,732,65536,0,0,0,0
36550,274.839,255.764,7.977359,8.000488,-0.023129,8.000488,8.001587,-0.024228,1827.2628,0.0,0.946491,153.1242,0.203359,0.485156,0.311484,51200,93555853,775,65536,0,0,0,0
36600,275.188,256.091,7.978007,8.000488,-0.022482,8.000488,8.002197,-0.024191,1864.2833,0.0,0.94757,162.8488,0.208008,0.486348,0.305645,51200,95451306,836,65536,0,0,0,0
36650,275.573,256.448,7.978428,8.000488,-0.02206,8.000488,8.002075,-0.023647,1853.5835,0.0,0.947421,162.629,0.207832,0.480762,0.311406,51200,94903474,800,65536,0,0,0,0
36700,275.927,256.78,7.977519,8.000488,-0.02297,8.000488,8.001587,-0.024068,1881.2336,0.0,0.948438,157.9388,0.211426,0.473945,0.314629,51200,96319159,803,65536,0,0,0,0
36750,276.27,257.101,7.977173,8.000488,-0.023315,8.000488,8.001953,-0.02478,1829.4162,0.0,0.947238,150.3256,0.205352,0.470508,0.324141,51200,93666111,857,65536,0,0,0,0
36800,276.617,257.426,7.977618,8.000488,-0.022871,8.000488,8.001831,-0.024213,1857.8902,0.0,0.948036,151.9323,0.209238,0.464453,0.326309,51200,95123978,782,65536,0,0,0,0
36850,276.963,257.749,7.977019,8.000488,-0.02347,8.000488,8.001709,-0.02469,1846.14,0.0,0.947615,150.9737,0.206953,0.463613,0.329434,51200,94522366,830,65536,0,0,0,0
36900,277.314,258.077,7.976254,8.000488,-0.024235,8.000488,8.000854,-0.024601,1865.7997,0.0,0.948046,151.4415,0.20998,0.465859,0.32416,51200,95528944,753,65536,0,0,0,0
36950,277.667,258.408,7.976681,8.000488,-0.023808,8.000488,8.001831,-0.02515,1860.8535,0.0,0.948212,161.979,0.209453,0.464297,0.32625,51200,95275697,798,65536,0,0,0,0
37000,278.015,258.734,7.976403,8.000488,-0.024085,8.000488,8.001587,-0.025184,1863.1352,0.0,0.948459,164.2521,0.210117,0.458301,0.331582,51200,95392523,813,65536,0,0,0,0
37050,278.358,259.054,7.976315,8.000488,-0.024173,8.000488,8.001465,-0.02515,1808.7317,0.0,0.94668,155.9996,0.202988,0.464922,0.33209,51200,92607064,785,65536,0,0,0,0
37100,278.701,259.375,7.97619,8.000488,-0.024298,8.000488,8.001343,-0.025153,1819.7372,0.0,0.946793,155.0129,0.203867,0.470566,0.325566,51200,93170543,774,65536,0,0,0,0
37150,279.046,259.699,7.975042,8.000488,-0.025447,8.000488,8.000244,-0.025202,1782.6514,0.0,0.945658,159.8974,0.199805,0.47084,0.329355,51200,91271753,744,65536,0,0,0,0
37200,279.394,260.022,7.975441,8.000488,-0.025047,8.000488,8.000366,-0.024925,1806.6547,0.0,0.946097,163.2425,0.201934,0.477832,0.320234,51200,92500719,833,65536,0,0,0,0
37250,279.737,260.344,7.975565,8.000488,-0.024924,8.000488,8.000488,-0.024924,1811.5496,0.0,0.946384,169.6253,0.204121,0.473184,0.322695,51200,92751341,815,65536,0,0,0,0
37300,280.08,260.665,7.975628,8.000488,-0.02486,8.000488,8.000977,-0.025349,1809.4907,0.0,0.946493,168.4251,0.20416,0.473281,0.322559,51200,92645926,788,65536,0,0,0,0
37350,280.418,260.981,7.976032,8.000488,-0.024456,8.000488,8.000488,-0.024456,1780.6116,0.0,0.945498,167.0563,0.200215,0.47582,0.323965,51200,91167316,754,65536,0,0,0,0
37400,280.76,261.3,7.976045,8.000488,-0.024443,8.000488,8.001099,-0.025054,1785.9211,0.0,0.945093,168.8148,0.199961,0.486855,0.313184,51200,91439160,756,65536,0,0,0,0
37450,281.104,261.622,7.976607,8.000488,-0.023882,8.000488,8.001465,-0.024858,1798.7149,0.0,0.946017,172.9028,0.201562,0.476348,0.32209,51200,92094205,804,65536,0,0,0,0
37500,281.446,261.942,7.975857,8.000488,-0.024632,8.000488,8.000977,-0.02512,1816.2181,0.0,0.946073,167.6771,0.201641,0.488984,0.309375,51200,92990369,781,65536,0,0,0,0
37550,281.796,262.269,7.975818,8.000488,-0.02467,8.000488,8.00061,-0.024792,1824.3831,0.0,0.94637,167.6341,0.202988,0.489102,0.30791,51200,93408417,780,65536,0,0,0,0
37600,282.149,262.6,7.976173,8.000488,-0.024315,8.000488,8.00061,-0.024437,1848.9918,0.0,0.947015,165.1723,0.205156,0.490566,0.304277,51200,94668382,771,65536,0,0,0,0
37650,282.535,262.964,7.976457,8.000488,-0.024031,8.000488,8.001221,-0.024764,1871.2501,0.0,0.947978,169.3528,0.21043,0.483535,0.306035,51200,95808005,801,65536,0,0,0,0
37700,282.935,263.337,7.976627,8.000488,-0.023861,8.000488,8.000854,-0.024227,1798.9014,0.0,0.945592,164.7379,0.202539,0.49334,0.304121,51200,92103754,774,65536,0,0,0,0
37750,283.369,263.742,7.976898,8.000488,-0.02359,8.000488,8.000366,-0.023468,1835.8477,0.0,0.946821,165.4877,0.207051,0.486035,0.306914,51200,93995402,796,65536,0,0,0,0
37800,283.749,264.099,7.97661,8.000488,-0.023879,8.000488,8.000977,-0.024367,1899.2395,0.0,0.948655,169.745,0.214844,0.479336,0.30582,51200,97241063,797,65536,0,0,0,0
37850,284.136,264.456,7.976624,8.000488,-0.023864,8.000488,8.000977,-0.024352,1899.5443,0.0,0.948657,173.5499,0.213906,0.476895,0.309199,51200,97256667,827,65536,0,0,0,0
37900,284.506,264.803,7.976758,8.000488,-0.02373,8.000488,8.001465,-0.024707,1908.2503,0.0,0.948295,157.5567,0.214102,0.488145,0.297754,51200,97702415,782,65536,0,0,0,0
37950,284.868,265.143,7.976922,8.000488,-0.023566,8.000488,8.001343,-0.024421,1904.8189,0.0,0.94844,152.8192,0.211855,0.487168,0.300977,51200,97526726,786,65536,0,0,0,0
38000,285.217,265.469,7.976697,8.000488,-0.023792,8.000488,8.001221,-0.024524,1872.7108,0.0,0.947376,142.9401,0.206309,0.493184,0.300508,51200,95882791,790,65536,0,0,0,0
38050,285.569,265.799,7.976908,8.000488,-0.02358,8.000488,8.001587,-0.024679,1883.1089,0.0,0.947692,140.5144,0.206074,0.489473,0.304453,51200,96415177,765,65536,0,0,0,0
38100,285.92,266.128,7.976196,8.000488,-0.024292,8.000488,8.000977,-0.02478,1878.7232,0.0,0.947381,144.7854,0.205547,0.495215,0.299238,51200,96190628,800,65536,0,0,0,0
38150,286.268,266.453,7.976095,8.000488,-0.024393,8.000488,8.000854,-0.024759,1861.5583,0.0,0.947085,142.1671,0.20457,0.492656,0.302773,51200,95311787,757,65536,0,0,0,0
38200,286.65,266.813,7.976346,8.000488,-0.024142,8.000488,8.001099,-0.024752,1881.5027,0.0,0.947814,149.6563,0.207188,0.491543,0.30127,51200,96332939,831,65536,0,0,0,0
38250,287.035,267.176,7.976316,8.000488,-0.024172,8.000488,8.000366,-0.02405,1866.9729,0.0,0.947147,150.4662,0.206426,0.497598,0.295977,51200,95589013,720,65536,0,0,0,0
38300,287.385,267.504,7.977205,8.000488,-0.023283,8.000488,8.001465,-0.02426,1860.6611,0.0,0.947086,161.8024,0.206016,0.495938,0.298047,51200,95265847,772,65536,0,0,0,0
38350,287.746,267.842,7.977074,8.000488,-0.023414,8.000488,8.002075,-0.025001,1834.9456,0.0,0.946607,162.753,0.203691,0.492773,0.303535,51200,93949216,789,65536,0,0,0,0
38400,288.096,268.171,7.97676,8.000488,-0.023728,8.000488,8.001831,-0.025071,1847.2534,0.0,0.946852,163.8831,0.20502,0.495645,0.299336,51200,94579374,760,65536,0,0,0,0
38450,288.443,268.496,7.976675,8.000488,-0.023813,8.000488,8.001831,-0.025156,1812.4819,0.0,0.945568,160.097,0.199824,0.500742,0.299434,51200,92799074,725,65536,0,0,0,0
38500,288.792,268.823,7.976917,8.000488,-0.023571,8.000488,8.001831,-0.024914,1838.0338,0.0,0.946443,165.5464,0.203789,0.49709,0.299121,51200,94107329,771,65536,0,0,0,0
38550,289.142,269.15,7.976991,8.000488,-0.023497,8.000488,8.001587,-0.024596,1819.8516,0.0,0.945981,166.8306,0.202734,0.498145,0.299121,51200,93176400,808,65536,0,0,0,0
38600,289.492,269.477,7.977382,8.000488,-0.023107,8.000488,8.002319,-0.024938,1821.8903,0.0,0.946138,166.8229,0.20291,0.494199,0.302891,51200,93280785,789,65536,0,0,0,0
38650,289.844,269.808,7.976621,8.000488,-0.023867,8.000488,8.002197,-0.025576,1852.0954,0.0,0.947016,168.9588,0.206191,0.492461,0.301348,51200,94827282,758,65536,0,0,0,0
38700,290.191,270.132,7.976732,8.000488,-0.023757,8.000488,8.002197,-0.025466,1844.8979,0.0,0.946794,167.2574,0.205312,0.489238,0.305449,51200,94458775,819,65536,0,0,0,0
38750,290.527,270.446,7.976776,8.000488,-0.023712,8.000488,8.002197,-0.025421,1779.4975,0.0,0.945017,154.2452,0.197578,0.489707,0.312715,51200,91110274,816,65536,0,0,0,0
38800,290.904,270.8,7.977565,8.000488,-0.022923,8.000488,8.00293,-0.025364,1777.1981,0.0,0.944947,165.5527,0.198438,0.489785,0.311777,51200,90992545,810,65536,0,0,0,0
38850,291.247,271.121,7.977466,8.000488,-0.023022,8.000488,8.002075,-0.024609,1810.6155,0.0,0.946248,179.0198,0.20293,0.486836,0.310234,51200,92703515,785,65536,0,0,0,0
38900,291.586,271.438,7.977102,8.000488,-0.023387,8.000488,8.001343,-0.024241,1804.1012,0.0,0.945992,166.6125,0.201836,0.489805,0.308359,51200,92369983,813,65536,0,0,0,0
38950,291.932,271.761,7.976893,8.000488,-0.023595,8.000488,8.000977,-0.024083,1831.2971,0.0,0.946817,175.7468,0.205215,0.486719,0.308066,51200,93762410,738,65536,0,0,0,0
39000,292.279,272.086,7.977184,8.000488,-0.023304,8.000488,8.001465,-0.024281,1838.4135,0.0,0.94703,175.2822,0.205645,0.485312,0.309043,51200,94126771,797,65536,0,0,0,0
39050,292.632,272.417,7.976642,8.000488,-0.023847,8.000488,8.001099,-0.024457,1870.9347,0.0,0.947866,177.9615,0.208535,0.482031,0.309434,51200,95791856,751,65536,0,0,0,0
39100,292.987,272.749,7.976001,8.000488,-0.024487,8.000488,7.999512,-0.02351,1879.2402,0.0,0.947866,178.3572,0.20832,0.489219,0.302461,51200,96217096,768,65536,0,0,0,0
39150,293.338,273.076,7.975786,8.000488,-0.024702,8.000488,8.0,-0.024214,1843.305,0.0,0.946765,173.7726,0.203496,0.491504,0.305,51200,94377217,753,65536,0,0,0,0
39200,293.701,273.417,7.976452,8.000488,-0.024036,8.000488,8.000488,-0.024036,1845.856,0.0,0.946797,177.2712,0.204062,0.492246,0.303691,51200,94507826,816,65536,0,0,0,0
39250,294.051,273.745,7.976802,8.000488,-0.023686,8.000488,8.000854,-0.024052,1858.618,0.0,0.947046,177.962,0.206777,0.493496,0.299727,51200,95161240,769,65536,0,0,0,0
39300,294.4,274.072,7.97678,8.000488,-0.023708,8.000488,7.999878,-0.023098,1862.6595,0.0,0.947358,169.7581,0.20791,0.490566,0.301523,51200,95368168,815,65536,0,0,0,0
39350,294.747,274.397,7.976224,8.000488,-0.024264,8.000488,8.000244,-0.02402,1850.1196,0.0,0.947349,166.846,0.206348,0.485059,0.308594,51200,94726123,770,65536,0,0,0,0
39400,295.092,274.72,7.976494,8.000488,-0.023995,8.000488,8.0,-0.023506,1849.5804,0.0,0.947008,158.3717,0.206094,0.488965,0.304941,51200,94698514,772,65536,0,0,0,0
39450,295.443,275.049,7.975764,8.000488,-0.024724,8.000488,8.0,-0.024236,1837.3828,0.0,0.946382,157.5818,0.205391,0.493047,0.301562,51200,94074001,730,65536,0,0,0,0
39500,295.79,275.374,7.976344,8.000488,-0.024144,8.000488,8.000732,-0.024388,1872.9435,0.0,0.947584,155.4169,0.209609,0.489297,0.301094,51200,95894709,804,65536,0,0,0,0
39550,296.145,275.707,7.975569,8.000488,-0.024919,8.000488,8.0,-0.024431,1911.0552,0.0,0.948307,157.0248,0.213965,0.491309,0.294727,51200,97846027,813,65536,0,0,0,0
39600,296.499,276.039,7.976736,8.000488,-0.023752,8.000488,8.000366,-0.02363,1894.8425,0.0,0.947947,162.3221,0.212617,0.489922,0.297461,51200,97015936,793,65536,0,0,0,0
39650,296.844,276.361,7.976858,8.000488,-0.023631,8.000488,8.00061,-0.023753,1860.6198,0.0,0.947328,164.6455,0.208105,0.490195,0.301699,51200,95263735,778,65536,0,0,0,0
39700,297.247,276.741,7.976729,8.000488,-0.02376,8.000488,8.0,-0.023271,1900.2309,0.0,0.948588,168.2932,0.213574,0.48584,0.300586,51200,97291823,757,65536,0,0,0,0
39750,297.599,277.071,7.975573,8.000488,-0.024915,8.000488,7.999756,-0.024183,1900.0399,0.0,0.948875,168.9434,0.214629,0.478867,0.306504,51200,97282042,761,65536,0,0,0,0
39800,297.955,277.405,7.975502,8.000488,-0.024986,8.000488,8.000244,-0.024742,1925.6664,0.0,0.949626,171.334,0.218281,0.474316,0.307402,51200,98594121,788,65536,0,0,0,0
39850,298.316,277.745,7.975499,8.000488,-0.024989,8.000488,8.000366,-0.024867,1955.6399,0.0,0.950322,176.2271,0.221992,0.474316,0.303691,51200,100128764,825,65536,0,0,0,0
39900,298.682,278.088,7.97552,8.000488,-0.024968,8.000488,8.000122,-0.024602,1985.5893,0.0,0.951011,171.154,0.225352,0.473965,0.300684,51200,101662172,778,65536,0,0,0,0
39950,299.052,278.436,7.975208,8.000488,-0.02528,8.000488,7.999878,-0.02467,2027.3726,0.0,0.951964,168.1655,0.229961,0.473457,0.296582,51200,103801477,796,65536,0,0,0,0
40000,299.416,278.771,7.975114,8.000488,-0.025375,8.000488,7.999756,-0.024642,1932.3725,0.0,0.949449,162.7026,0.217852,0.480312,0.301836,51200,98937470,780,65536,0,0,0,0
40050,299.781,279.114,7.975166,8.000488,-0.025322,8.000488,7.999756,-0.02459,1977.0228,0.0,0.950681,161.1145,0.223555,0.476914,0.299531,51200,101223568,795,65536,0,0,0,0
40100,300.146,279.458,7.975244,8.000488,-0.025244,8.000488,7.999878,-0.024634,1974.0619,0.0,0.950971,164.9148,0.223125,0.470664,0.306211,51200,101071971,806,65536,0,0,0,0
40150,300.513,279.802,7.974347,8.000488,-0.026141,8.000488,7.99939,-0.025043,2001.8799,0.0,0.951767,171.6468,0.226973,0.466094,0.306934,51200,102496249,803,65536,0,0,0,0
40200,300.882,280.149,7.975036,8.000488,-0.025452,8.000488,7.99939,-0.024353,2013.0811,0.0,0.951904,166.6481,0.227109,0.471094,0.301797,51200,103069754,815,65536,0,0,0,0
40250,301.247,280.492,7.974826,8.000488,-0.025663,8.000488,7.999756,-0.02493,1982.9059,0.0,0.951318,166.9001,0.224258,0.469336,0.306406,51200,101524782,755,65536,0,0,0,0
40300,301.604,280.828,7.975294,8.000488,-0.025194,8.000488,8.000366,-0.025072,1928.6278,0.0,0.950009,168.8195,0.218164,0.473359,0.308477,51200,98745744,787,65536,0,0,0,0
40350,301.962,281.163,7.976133,8.000488,-0.024356,8.000488,8.000977,-0.024844,1941.2457,0.0,0.950804,166.9309,0.221172,0.462441,0.316387,51200,99391778,778,65536,0,0,0,0
40400,302.323,281.503,7.976033,8.000488,-0.024455,8.000488,8.001221,-0.025188,1962.7376,0.0,0.951522,171.9264,0.225332,0.457246,0.317422,51200,100492165,756,65536,0,0,0,0
40450,302.681,281.839,7.97514,8.000488,-0.025348,8.000488,8.000366,-0.025226,1940.715,0.0,0.951043,165.7518,0.223496,0.453711,0.322793,51200,99364610,797,65536,0,0,0,0
40500,303.037,282.172,7.97485,8.000488,-0.025638,8.000488,7.999878,-0.025028,1914.0578,0.0,0.950105,164.3359,0.220566,0.459316,0.320117,51200,97999759,787,65536,0,0,0,0
40550,303.401,282.515,7.975108,8.000488,-0.025381,8.000488,7.999756,-0.024648,1983.3858,0.0,0.952051,167.0308,0.228965,0.452715,0.31832,51200,101549353,801,65536,0,0,0,0
40600,303.774,282.865,7.974551,8.000488,-0.025938,8.000488,7.999756,-0.025205,2027.857,0.0,0.953129,177.671,0.233379,0.448223,0.318398,51200,103826280,757,65536,0,0,0,0
40650,304.147,283.217,7.97447,8.000488,-0.026018,8.000488,7.999512,-0.025042,2038.0131,0.0,0.953047,174.7541,0.23457,0.451484,0.313945,51200,104346269,773,65536,0,0,0,0
40700,304.528,283.575,7.974704,8.000488,-0.025784,8.000488,7.999634,-0.02493,2064.454,0.0,0.953997,177.55,0.236562,0.445391,0.318047,51200,105700047,845,65536,0,0,0,0
40750,304.91,283.935,7.974021,8.000488,-0.026467,8.000488,7.998047,-0.024025,2039.9434,0.0,0.953219,165.5505,0.234434,0.449258,0.316309,51200,104445102,763,65536,0,0,0,0
40800,305.286,284.288,7.974579,8.000488,-0.02591,8.000488,7.998901,-0.024323,2044.8731,0.0,0.953236,171.3189,0.23334,0.450801,0.315859,51200,104697503,809,65536,0,0,0,0
40850,305.663,284.644,7.974509,8.000488,-0.02598,8.000488,7.998535,-0.024026,2050.1192,0.0,0.953147,157.0609,0.234199,0.451699,0.314102,51200,104966105,772,65536,0,0,0,0
40900,306.057,285.014,7.974994,8.000488,-0.025494,8.000488,7.998779,-0.023785,2087.4962,0.0,0.953908,156.2076,0.238691,0.448633,0.312676,51200,106879804,778,65536,0,0,0,0
40950,306.441,285.375,7.975344,8.000488,-0.025144,8.000488,7.999268,-0.023924,2081.0694,0.0,0.954023,155.3112,0.237305,0.448262,0.314434,51200,106550752,784,65536,0,0,0,0
41000,306.829,285.741,7.975523,8.000488,-0.024965,8.000488,7.999512,-0.023988,2131.3242,0.0,0.955249,160.9277,0.243906,0.441172,0.314922,51200,109123800,787,65536,0,0,0,0
41050,307.215,286.105,7.976192,8.000488,-0.024296,8.000488,8.000488,-0.024296,2114.9264,0.0,0.954973,162.8263,0.240488,0.441211,0.318301,51200,108284233,823,65536,0,0,0,0
41100,307.603,286.471,7.975985,8.000488,-0.024504,8.000488,8.000366,-0.024382,2162.4426,0.0,0.956074,160.2267,0.246582,0.43291,0.320508,51200,110717063,802,65536,0,0,0,0
41150,307.981,286.827,7.975784,8.000488,-0.024704,8.000488,8.0,-0.024216,2100.1065,0.0,0.954802,156.9268,0.239238,0.434531,0.32623,51200,107525454,781,65536,0,0,0,0
41200,308.351,287.175,7.975664,8.000488,-0.024824,8.000488,8.000244,-0.02458,2036.5414,0.0,0.953482,152.423,0.231934,0.436719,0.331348,51200,104270919,786,65536,0,0,0,0
41250,308.728,287.53,7.975966,8.000488,-0.024522,8.000488,8.000488,-0.024522,2074.4038,0.0,0.954133,152.2517,0.23666,0.438125,0.325215,51200,106209474,782,65536,0,0,0,0
41300,309.098,287.878,7.975519,8.000488,-0.024969,8.000488,8.0,-0.024481,2037.7688,0.0,0.953276,136.6204,0.230996,0.440039,0.328965,51200,104333764,738,65536,0,0,0,0
41350,309.472,288.23,7.974799,8.000488,-0.02569,8.000488,7.999634,-0.024835,2034.1679,0.0,0.953214,131.1829,0.230195,0.435684,0.334121,51200,104149394,770,65536,0,0,0,0
41400,309.854,288.59,7.975414,8.000488,-0.025074,8.000488,8.000488,-0.025074,2024.4424,0.0,0.953071,130.7703,0.228438,0.436875,0.334688,51200,103651452,805,65536,0,0,0,0
41450,310.218,288.932,7.975608,8.000488,-0.024881,8.000488,8.000122,-0.024515,2027.1963,0.0,0.953166,130.4835,0.231133,0.434121,0.334746,51200,103792453,804,65536,0,0,0,0
41500,310.587,289.278,7.975561,8.000488,-0.024928,8.000488,8.0,-0.024439,2054.0765,0.0,0.953507,133.3507,0.234277,0.439238,0.326484,51200,105168715,783,65536,0,0,0,0
41550,310.964,289.633,7.974858,8.000488,-0.02563,8.000488,7.99939,-0.024532,2068.1485,0.0,0.953545,136.093,0.235801,0.440879,0.32332,51200,105889204,753,65536,0,0,0,0
41600,311.336,289.983,7.974801,8.000488,-0.025687,8.000488,7.999023,-0.024222,2075.9185,0.0,0.953468,135.0446,0.236621,0.44541,0.317969,51200,106287025,802,65536,0,0,0,0
41650,311.713,290.338,7.974541,8.000488,-0.025947,8.000488,7.998657,-0.024116,2125.829,0.0,0.954585,137.9663,0.242188,0.444238,0.313574,51200,108842444,796,65536,0,0,0,0
41700,312.091,290.694,7.974182,8.000488,-0.026306,8.000488,7.998291,-0.024109,2122.3641,0.0,0.954283,135.0697,0.241953,0.453281,0.304766,51200,108665041,786,65536,0,0,0,0
41750,312.469,291.049,7.974016,8.000488,-0.026472,8.000488,7.998901,-0.024885,2133.8136,0.0,0.954491,136.8287,0.244023,0.45418,0.301797,51200,109251256,806,65536,0,0,0,0
41800,312.841,291.4,7.974969,8.000488,-0.025519,8.000488,7.99939,-0.02442,2085.6454,0.0,0.953236,130.2351,0.237168,0.459805,0.303027,51200,106785047,754,65536,0,0,0,0
41850,313.214,291.749,7.975584,8.000488,-0.024905,8.000488,7.999268,-0.023684,2066.6835,0.0,0.952586,129.1,0.234531,0.466523,0.298945,51200,105814196,830,65536,0,0,0,0
41900,313.601,292.114,7.974823,8.000488,-0.025665,8.000488,7.998901,-0.024079,2102.2131,0.0,0.953358,128.5275,0.238691,0.466973,0.294336,51200,107633311,767,65536,0,0,0,0
41950,313.976,292.467,7.974983,8.000488,-0.025505,8.000488,7.998901,-0.023918,2106.2412,0.0,0.95345,127.3311,0.238652,0.467246,0.294102,51200,107839548,812,65536,0,0,0,0
42000,314.361,292.827,7.975201,8.000488,-0.025287,8.000488,7.99939,-0.024189,2030.4693,0.0,0.951618,123.3474,0.228887,0.473867,0.297246,51200,103960027,788,65536,0,0,0,0
42050,314.739,293.183,7.975453,8.000488,-0.025035,8.000488,7.999512,-0.024059,2037.394,0.0,0.952043,123.5777,0.229512,0.469922,0.300566,51200,104314572,798,65536,0,0,0,0
42100,315.115,293.536,7.975417,8.000488,-0.025071,8.000488,7.999023,-0.023607,2080.7634,0.0,0.953179,125.0302,0.234883,0.466934,0.298184,51200,106535086,808,65536,0,0,0,0
42150,315.494,293.892,7.975984,8.000488,-0.024505,8.000488,7.999756,-0.023772,2097.7914,0.0,0.953483,126.7931,0.237695,0.467637,0.294668,51200,107406918,789,65536,0,0,0,0
42200,315.911,294.287,7.976059,8.000488,-0.024429,8.000488,7.999878,-0.023819,2091.8435,0.0,0.953384,127.3875,0.237031,0.468164,0.294805,51200,107102387,790,65536,0,0,0,0
42250,316.283,294.637,7.976239,8.000488,-0.024249,8.000488,7.999756,-0.023517,2074.2864,0.0,0.953072,128.2189,0.235312,0.46752,0.297168,51200,106203464,759,65536,0,0,0,0
42300,316.668,294.999,7.975651,8.000488,-0.024837,8.000488,7.999634,-0.023982,2063.1316,0.0,0.95278,125.5008,0.233145,0.466855,0.3,51200,105632337,763,65536,0,0,0,0
42350,317.061,295.369,7.975832,8.000488,-0.024656,8.000488,7.99939,-0.023557,2109.2994,0.0,0.953513,128.4228,0.23873,0.46832,0.292949,51200,107996127,808,65536,0,0,0,0
42400,317.437,295.723,7.975972,8.000488,-0.024516,8.000488,7.999512,-0.023539,2064.9799,0.0,0.952757,130.0579,0.234199,0.466367,0.299434,51200,105726972,762,65536,0,0,0,0
42450,317.814,296.078,7.975581,8.000488,-0.024908,8.000488,7.999512,-0.023931,2091.339,0.0,0.953413,134.3865,0.237812,0.465586,0.296602,51200,107076559,851,65536,0,0,0,0
42500,318.189,296.432,7.976394,8.000488,-0.024094,8.000488,7.999878,-0.023484,2093.5748,0.0,0.953233,136.694,0.238535,0.469492,0.291973,51200,107191030,817,65536,0,0,0,0
42550,318.572,296.793,7.976353,8.000488,-0.024135,8.000488,7.999756,-0.023403,2085.7391,0.0,0.952771,134.3632,0.23707,0.474316,0.288613,51200,106789841,768,65536,0,0,0,0
42600,318.953,297.151,7.975744,8.000488,-0.024745,8.000488,7.998901,-0.023158,2066.3827,0.0,0.951936,135.3041,0.232363,0.48166,0.285977,51200,105798793,751,65536,0,0,0,0
42650,319.341,297.517,7.976056,8.000488,-0.024432,8.000488,7.99939,-0.023334,2031.2329,0.0,0.951182,133.3629,0.229238,0.481328,0.289434,51200,103999126,809,65536,0,0,0,0
42700,319.708,297.862,7.975465,8.000488,-0.025024,8.000488,7.998779,-0.023315,2004.0422,0.0,0.950536,138.9883,0.224785,0.484688,0.290527,51200,102606960,835,65536,0,0,0,0
42750,320.067,298.199,7.97566,8.000488,-0.024829,8.000488,7.998901,-0.023242,1963.9651,0.0,0.949676,134.8893,0.220293,0.484102,0.295605,51200,100555015,792,65536,0,0,0,0
42800,320.422,298.532,7.976092,8.000488,-0.024396,8.000488,7.999634,-0.023542,1930.1557,0.0,0.94912,134.7366,0.218535,0.478711,0.302754,51200,98823972,758,65536,0,0,0,0
42850,320.775,298.863,7.976943,8.000488,-0.023545,8.000488,8.000122,-0.023179,1923.6024,0.0,0.948871,133.673,0.218086,0.481191,0.300723,51200,98488443,749,65536,0,0,0,0
42900,321.121,299.187,7.977003,8.000488,-0.023485,8.000488,8.0,-0.022997,1871.892,0.0,0.947173,131.2722,0.211016,0.488711,0.300273,51200,95840870,849,65536,0,0,0,0
42950,321.463,299.507,7.976828,8.000488,-0.023661,8.000488,8.000122,-0.023294,1836.8186,0.0,0.946016,131.9053,0.206367,0.495,0.298633,51200,94045110,794,65536,0,0,0,0
43000,321.804,299.826,7.976169,8.000488,-0.024319,8.000488,7.999878,-0.023709,1832.4866,0.0,0.945664,130.4566,0.206641,0.495723,0.297637,51200,93823312,811,65536,0,0,0,0
43050,322.141,300.14,7.976103,8.000488,-0.024385,8.000488,8.000366,-0.024263,1787.9687,0.0,0.944532,121.9546,0.201133,0.492852,0.306016,51200,91543997,766,65536,0,0,0,0
43100,322.48,300.457,7.977612,8.000488,-0.022877,8.000488,8.000977,-0.023365,1804.561,0.0,0.945025,120.3876,0.20293,0.492637,0.304434,51200,92393525,801,65536,0,0,0,0
43150,322.819,300.774,7.977461,8.000488,-0.023027,8.000488,8.000854,-0.023394,1790.1007,0.0,0.944105,121.3354,0.200566,0.50209,0.297344,51200,91653158,740,65536,0,0,0,0
43200,323.234,301.165,7.977538,8.000488,-0.02295,8.000488,8.001831,-0.024293,1806.5378,0.0,0.94477,129.7161,0.202871,0.501465,0.295664,51200,92494737,746,65536,0,0,0,0
43250,323.589,301.498,7.976211,8.000488,-0.024278,8.000488,8.000244,-0.024034,1849.7609,0.0,0.94649,132.4993,0.208613,0.491836,0.299551,51200,94707759,784,65536,0,0,0,0
43300,323.945,301.83,7.975842,8.000488,-0.024646,8.000488,8.0,-0.024158,1896.9158,0.0,0.948121,135.1645,0.214902,0.482773,0.302324,51200,97122088,762,65536,0,0,0,0
43350,324.318,302.181,7.976979,8.000488,-0.02351,8.000488,8.000732,-0.023754,1957.5496,0.0,0.94968,141.1312,0.22248,0.483887,0.293633,51200,100226540,825,65536,0,0,0,0
43400,324.678,302.519,7.97726,8.000488,-0.023228,8.000488,8.000854,-0.023594,1974.2999,0.0,0.950325,143.2536,0.226621,0.480996,0.292383,51200,101084155,806,65536,0,0,0,0
43450,325.034,302.854,7.977043,8.000488,-0.023445,8.000488,8.000488,-0.023445,1942.2313,0.0,0.949441,142.7166,0.222637,0.483633,0.29373,51200,99442240,801,65536,0,0,0,0
43500,325.391,303.188,7.976841,8.000488,-0.023647,8.000488,8.000244,-0.023403,1930.5443,0.0,0.949349,139.2408,0.221777,0.477578,0.300645,51200,98843866,789,65536,0,0,0,0
43550,325.745,303.52,7.977117,8.000488,-0.023371,8.000488,8.000488,-0.023371,1912.0295,0.0,0.948954,141.3575,0.218242,0.481426,0.300332,51200,97895909,761,65536,0,0,0,0
43600,326.097,303.851,7.97745,8.000488,-0.023038,8.000488,8.00061,-0.02316,1891.21,0.0,0.948427,139.2115,0.21668,0.482207,0.301113,51200,96829954,771,65536,0,0,0,0
43650,326.445,304.176,7.976972,8.000488,-0.023516,8.000488,8.000244,-0.023272,1863.8374,0.0,0.947356,142.3733,0.211172,0.491133,0.297695,51200,95428475,792,65536,0,0,0,0
43700,326.813,304.522,7.9767,8.000488,-0.023788,8.000488,8.000244,-0.023544,1861.9489,0.0,0.947227,159.145,0.210156,0.498223,0.291621,51200,95331784,782,65536,0,0,0,0
43750,327.162,304.849,7.977769,8.000488,-0.022719,8.000488,8.001099,-0.02333,1841.2774,0.0,0.946838,165.042,0.206895,0.49627,0.296836,51200,94273405,777,65536,0,0,0,0
43800,327.515,305.18,7.977735,8.000488,-0.022753,8.000488,8.000732,-0.022997,1896.5299,0.0,0.948144,169.3377,0.21418,0.494668,0.291152,51200,97102333,802,65536,0,0,0,0
43850,327.874,305.517,7.977212,8.000488,-0.023276,8.000488,8.000488,-0.023276,1928.9592,0.0,0.949075,168.3369,0.218184,0.491113,0.290703,51200,98762710,791,65536,0,0,0,0
43900,328.227,305.848,7.977197,8.000488,-0.023292,8.000488,8.000122,-0.022926,1914.155,0.0,0.948999,171.8611,0.21666,0.490586,0.292754,51200,98004738,796,65536,0,0,0,0
43950,328.592,306.191,7.977258,8.000488,-0.023231,8.000488,8.000244,-0.022986,1982.0783,0.0,0.950503,177.0565,0.224531,0.490371,0.285098,51200,101482409,742,65536,0,0,0,0
44000,328.954,306.53,7.97754,8.000488,-0.022948,8.000488,8.000732,-0.023192,1949.1526,0.0,0.9495,171.0507,0.220234,0.494414,0.285352,51200,99796612,798,65536,0,0,0,0
44050,329.304,306.859,7.977466,8.000488,-0.023023,8.000488,8.001099,-0.023633,1888.9789,0.0,0.947959,166.6008,0.212676,0.498652,0.288672,51200,96715720,794,65536,0,0,0,0
44100,329.656,307.189,7.976627,8.000488,-0.023861,8.000488,8.000244,-0.023617,1876.1546,0.0,0.94761,163.1963,0.211133,0.497754,0.291113,51200,96059118,802,65536,0,0,0,0
44150,330.048,307.558,7.976651,8.000488,-0.023837,8.000488,8.0,-0.023349,1933.4754,0.0,0.94925,164.2858,0.218691,0.492129,0.28918,51200,98993938,828,65536,0,0,0,0
44200,330.402,307.891,7.976454,8.000488,-0.024034,8.000488,8.000244,-0.02379,1920.9486,0.0,0.948989,164.718,0.218242,0.494238,0.28752,51200,98352567,772,65536,0,0,0,0
44250,330.76,308.226,7.975672,8.000488,-0.024817,8.000488,7.999146,-0.023474,1952.078,0.0,0.949529,164.8948,0.221035,0.494219,0.284746,51200,99946392,793,65536,0,0,0,0
44300,331.119,308.563,7.976409,8.000488,-0.024079,8.000488,7.999634,-0.023224,1955.5186,0.0,0.94942,158.373,0.22123,0.500273,0.278496,51200,100122550,766,65536,0,0,0,0
44350,331.478,308.901,7.976616,8.000488,-0.023872,8.000488,7.999878,-0.023262,1968.2572,0.0,0.94964,158.8385,0.22209,0.49998,0.27793,51200,100774769,805,65536,0,0,0,0
44400,331.841,309.242,7.976813,8.000488,-0.023675,8.000488,8.000366,-0.023553,1990.4839,0.0,0.950283,164.2087,0.223359,0.49625,0.280391,51200,101912777,767,65536,0,0,0,0
44450,332.203,309.582,7.976741,8.000488,-0.023747,8.000488,7.999756,-0.023015,1983.7129,0.0,0.950382,168.0762,0.223418,0.49209,0.284492,51200,101566098,795,65536,0,0,0,0
44500,332.568,309.924,7.977286,8.000488,-0.023203,8.000488,8.00061,-0.023325,1966.1622,0.0,0.949652,162.7056,0.219902,0.498066,0.282031,51200,100667507,824,65536,0,0,0,0
44550,332.929,310.263,7.976486,8.000488,-0.024002,8.000488,7.999634,-0.023147,1937.5681,0.0,0.948942,164.8597,0.216406,0.501562,0.282031,51200,99203485,742,65536,0,0,0,0
44600,333.291,310.603,7.976099,8.000488,-0.024389,8.000488,7.999878,-0.023779,1972.4251,0.0,0.949751,161.7854,0.220156,0.495859,0.283984,51200,100988164,789,65536,0,0,0,0
44650,333.656,310.945,7.976406,8.000488,-0.024082,8.000488,7.999878,-0.023472,1949.275,0.0,0.949505,160.247,0.217754,0.492715,0.289531,51200,99802879,793,65536,0,0,0,0
44700,334.022,311.287,7.976092,8.000488,-0.024396,8.000488,7.999878,-0.023786,1936.2709,0.0,0.949344,160.9674,0.21627,0.492246,0.291484,51200,99137069,756,65536,0,0,0,0
44750,334.431,311.674,7.975846,8.000488,-0.024642,8.000488,7.999878,-0.024032,1945.1202,0.0,0.949786,161.7152,0.215742,0.484609,0.299648,51200,99590154,742,65536,0,0,0,0
44800,334.798,312.019,7.976254,8.000488,-0.024234,8.000488,8.000122,-0.023868,1964.2255,0.0,0.95057,161.0321,0.219395,0.478691,0.301914,51200,100568345,774,65536,0,0,0,0
44850,335.163,312.361,7.976675,8.000488,-0.023813,8.000488,8.000732,-0.024058,1944.3868,0.0,0.94997,157.5061,0.218379,0.48248,0.299141,51200,99552603,754,65536,0,0,0,0
44900,335.522,312.697,7.976352,8.000488,-0.024136,8.000488,7.999878,-0.023526,1942.6693,0.0,0.949967,158.7445,0.219766,0.480645,0.29959,51200,99464669,789,65536,0,0,0,0
44950,335.881,313.035,7.976403,8.000488,-0.024085,8.000488,8.0,-0.023597,1945.6429,0.0,0.950001,161.2793,0.219316,0.480547,0.300137,51200,99616916,762,65536,0,0,0,0
45000,336.249,313.377,7.976657,8.000488,-0.023831,8.000488,8.000122,-0.023465,1943.3043,0.0,0.950038,163.8523,0.218145,0.482227,0.299629,51200,99497182,761,65536,0,0,0,0
45050,336.656,313.759,7.975808,8.000488,-0.02468,8.000488,7.999512,-0.023704,1972.4332,0.0,0.950878,154.0483,0.223066,0.476543,0.300391,51200,100988578,772,65536,0,0,0,0
45100,337.017,314.097,7.975393,8.000488,-0.025095,8.000488,7.999146,-0.023752,1972.6588,0.0,0.950392,158.3578,0.222129,0.484355,0.293516,51200,101000131,827,65536,0,0,0,0
45150,337.402,314.459,7.975859,8.000488,-0.024629,8.000488,7.999634,-0.023775,1952.1046,0.0,0.949814,155.202,0.220449,0.48293,0.296621,51200,99947756,801,65536,0,0,0,0
45200,337.811,314.846,7.975886,8.000488,-0.024602,8.000488,8.0,-0.024114,1903.8665,0.0,0.948518,153.5327,0.214453,0.488574,0.296973,51200,97477963,817,65536,0,0,0,0
45250,338.162,315.175,7.97608,8.000488,-0.024408,8.000488,8.000732,-0.024652,1906.194,0.0,0.94847,152.4964,0.214512,0.49041,0.295078,51200,97597134,784,65536,0,0,0,0
45300,338.51,315.502,7.976324,8.000488,-0.024165,8.000488,8.000854,-0.024531,1882.1395,0.0,0.947534,149.2481,0.211445,0.499004,0.289551,51200,96365540,777,65536,0,0,0,0
45350,338.859,315.829,7.976452,8.000488,-0.024036,8.000488,8.000854,-0.024402,1895.3165,0.0,0.948006,158.6546,0.212441,0.493789,0.29377,51200,97040203,793,65536,0,0,0,0
45400,339.212,316.16,7.976756,8.000488,-0.023733,8.000488,8.000854,-0.024099,1906.0429,0.0,0.94826,178.6424,0.214883,0.497031,0.288086,51200,97589397,755,65536,0,0,0,0
45450,339.565,316.491,7.977,8.000488,-0.023488,8.000488,8.001465,-0.024464,1913.8931,0.0,0.948473,188.0424,0.215469,0.500781,0.28375,51200,97991326,746,65536,0,0,0,0
45500,339.928,316.832,7.976584,8.000488,-0.023905,8.000488,8.000366,-0.023783,1966.8187,0.0,0.949931,202.8501,0.222383,0.499336,0.278281,51200,100701118,781,65536,0,0,0,0
45550,340.292,317.174,7.977143,8.000488,-0.023345,8.000488,8.000977,-0.023833,1989.3169,0.0,0.950555,198.7871,0.225234,0.497695,0.27707,51200,101853027,748,65536,0,0,0,0
45600,340.659,317.519,7.977606,8.000488,-0.022882,8.000488,8.001343,-0.023737,2002.6607,0.0,0.95084,198.8544,0.226406,0.502305,0.271289,51200,102536226,765,65536,0,0,0,0
45650,341.051,317.889,7.977773,8.000488,-0.022715,8.000488,8.000977,-0.023204,2032.2597,0.0,0.951089,200.4451,0.229316,0.508262,0.262422,51200,104051698,726,65536,0,0,0,0
45700,341.422,318.237,7.978499,8.000488,-0.021989,8.000488,8.000977,-0.022477,2008.2563,0.0,0.950571,199.4444,0.226816,0.50875,0.264434,51200,102822721,811,65536,0,0,0,0
45750,341.818,318.602,7.97848,8.000488,-0.022008,8.000488,8.001343,-0.022862,2062.6507,0.0,0.951909,208.9199,0.234219,0.504746,0.261035,51200,105607718,741,65536,0,0,0,0
45800,342.199,318.961,7.978621,8.000488,-0.021868,8.000488,8.001831,-0.02321,2069.0204,0.0,0.952018,213.3829,0.235664,0.505215,0.259121,51200,105933845,778,65536,0,0,0,0
45850,342.605,319.345,7.97848,8.000488,-0.022008,8.000488,8.001587,-0.023107,2002.5238,0.0,0.950766,191.7246,0.228184,0.501836,0.26998,51200,102529218,786,65536,0,0,0,0
45900,342.969,319.686,7.977805,8.000488,-0.022683,8.000488,8.001099,-0.023293,1969.4274,0.0,0.950223,178.5707,0.225137,0.495215,0.279648,51200,100834684,795,65536,0,0,0,0
45950,343.332,320.028,7.978382,8.000488,-0.022106,8.000488,8.001465,-0.023083,1973.1818,0.0,0.950031,181.8366,0.225723,0.498164,0.276113,51200,101026909,790,65536,0,0,0,0
46000,343.691,320.365,7.977961,8.000488,-0.022527,8.000488,8.001465,-0.023503,1954.8769,0.0,0.949408,181.0436,0.223418,0.50375,0.272832,51200,100089698,778,65536,0,0,0,0
46050,344.053,320.705,7.977668,8.000488,-0.02282,8.000488,8.001343,-0.023675,1946.345,0.0,0.949537,181.566,0.22207,0.495,0.28293,51200,99652862,822,65536,0,0,0,0
46100,344.414,321.044,7.97759,8.000488,-0.022898,8.000488,8.000854,-0.023264,1960.5381,0.0,0.949863,177.2409,0.223242,0.498945,0.277812,51200,100379553,767,65536,0,0,0,0
46150,344.77,321.376,7.976268,8.000488,-0.02422,8.000488,8.000244,-0.023976,1898.6477,0.0,0.948068,170.1116,0.21457,0.504629,0.280801,51200,97210762,803,65536,0,0,0,0
46200,345.123,321.707,7.975751,8.000488,-0.024738,8.000488,7.999512,-0.023761,1898.3709,0.0,0.948361,175.5557,0.214297,0.499062,0.286641,51200,97196592,829,65536,0,0,0,0
46250,345.475,322.037,7.976343,8.000488,-0.024145,8.000488,7.999878,-0.023535,1900.9783,0.0,0.948124,165.827,0.214297,0.499941,0.285762,51200,97330087,757,65536,0,0,0,0
46300,345.841,322.381,7.976144,8.000488,-0.024344,8.000488,7.999878,-0.023734,1927.4343,0.0,0.948924,178.8157,0.216055,0.500449,0.283496,51200,98684637,811,65536,0,0,0,0
46350,346.197,322.712,7.976553,8.000488,-0.023935,8.000488,8.000366,-0.023813,1875.5629,0.0,0.947325,165.9957,0.210449,0.503945,0.285605,51200,96028820,814,65536,0,0,0,0
46400,346.556,323.048,7.976323,8.000488,-0.024166,8.000488,8.000122,-0.023799,1906.6191,0.0,0.94805,161.9486,0.21416,0.50457,0.28127,51200,97618899,842,65536,0,0,0,0
46450,346.913,323.383,7.97651,8.000488,-0.023979,8.000488,7.999878,-0.023368,1936.5751,0.0,0.948832,163.7984,0.219316,0.504766,0.275918,51200,99152644,783,65536,0,0,0,0
46500,347.269,323.718,7.976593,8.000488,-0.023896,8.000488,8.000366,-0.023774,1930.9354,0.0,0.948735,165.8156,0.218086,0.505879,0.276035,51200,98863895,813,65536,0,0,0,0
46550,347.631,324.057,7.976661,8.000488,-0.023828,8.000488,8.0,-0.023339,1950.9396,0.0,0.949069,152.0743,0.219746,0.508809,0.271445,51200,99888109,795,65536,0,0,0,0
46600,347.996,324.4,7.977068,8.000488,-0.02342,8.000488,8.000854,-0.023787,1988.7253,0.0,0.950188,136.2454,0.225195,0.500664,0.274141,51200,101822734,755,65536,0,0,0,0
46650,348.364,324.746,7.976719,8.000488,-0.02377,8.000488,8.001343,-0.024624,2020.8445,0.0,0.951277,145.6259,0.22998,0.494707,0.275312,51200,103467240,774,65536,0,0,0,0
46700,348.735,325.094,7.976526,8.000488,-0.023963,8.000488,8.000732,-0.024207,2030.2047,0.0,0.951735,148.9736,0.230703,0.491914,0.277383,51200,103946481,839,65536,0,0,0,0
46750,349.103,325.441,7.976651,8.000488,-0.023837,8.000488,8.001221,-0.02457,2009.567,0.0,0.951387,148.0421,0.227578,0.489609,0.282812,51200,102889830,765,65536,0,0,0,0
46800,349.47,325.786,7.97731,8.000488,-0.023179,8.000488,8.001221,-0.023911,2006.9499,0.0,0.950953,149.6469,0.228691,0.495781,0.275527,51200,102755833,797,65536,0,0,0,0
46850,349.839,326.133,7.978352,8.000488,-0.022136,8.000488,8.001343,-0.022991,2040.4247,0.0,0.951848,150.7251,0.232109,0.496074,0.271816,51200,104469747,786,65536,0,0,0,0
46900,350.23,326.501,7.978324,8.000488,-0.022164,8.000488,8.001465,-0.023141,1979.5815,0.0,0.9504,148.3895,0.223613,0.498066,0.27832,51200,101354571,796,65536,0,0,0,0
46950,350.585,326.834,7.977893,8.000488,-0.022596,8.000488,8.001465,-0.023572,1951.0114,0.0,0.949709,154.2016,0.220645,0.496973,0.282383,51200,99891786,776,65536,0,0,0,0
47000,350.947,327.174,7.977602,8.000488,-0.022886,8.000488,8.001221,-0.023619,1949.5967,0.0,0.94943,155.5993,0.220918,0.506035,0.273047,51200,99819352,801,65536,0,0,0,0
47050,351.31,327.514,7.976848,8.000488,-0.02364,8.000488,8.000732,-0.023885,2010.8535,0.0,0.950667,153.7185,0.227598,0.504883,0.26752,51200,102955698,806,65536,0,0,0,0
47100,351.678,327.861,7.977187,8.000488,-0.023301,8.000488,8.000732,-0.023545,2047.4331,0.0,0.951646,156.4106,0.23332,0.501387,0.265293,51200,104828577,802,65536,0,0,0,0
47150,352.049,328.21,7.97711,8.000488,-0.023378,8.000488,8.000732,-0.023623,2050.6423,0.0,0.951604,154.1456,0.234023,0.502578,0.263398,51200,104992886,771,65536,0,0,0,0
47200,352.418,328.557,7.976221,8.000488,-0.024267,8.000488,8.000122,-0.023901,2026.6612,0.0,0.950775,155.096,0.230664,0.511289,0.258047,51200,103765053,772,65536,0,0,0,0
47250,352.789,328.905,7.976454,8.000488,-0.024034,8.000488,8.000122,-0.023668,1959.8464,0.0,0.948996,153.3571,0.221016,0.516367,0.262617,51200,100344136,756,65536,0,0,0,0
47300,353.223,329.317,7.976236,8.000488,-0.024253,8.000488,8.0,-0.023764,1974.9387,0.0,0.949766,160.5753,0.222852,0.504258,0.272891,51200,101116862,805,65536,0,0,0,0
47350,353.633,329.704,7.976221,8.000488,-0.024267,8.000488,8.0,-0.023779,1976.6504,0.0,0.949442,161.1313,0.22252,0.507891,0.26959,51200,101204500,759,65536,0,0,0,0
47400,354.011,330.057,7.976114,8.000488,-0.024374,8.000488,7.99939,-0.023275,1957.3991,0.0,0.948884,159.8878,0.21875,0.510098,0.271152,51200,100218833,797,65536,0,0,0,0
47450,354.398,330.421,7.976671,8.000488,-0.023818,8.000488,8.000732,-0.024062,1990.0005,0.0,0.94986,155.9404,0.223457,0.505098,0.271445,51200,101888024,817,65536,0,0,0,0
47500,354.759,330.76,7.976876,8.000488,-0.023613,8.000488,8.000732,-0.023857,1952.0481,0.0,0.94892,147.6819,0.219004,0.506816,0.27418,51200,99944862,777,65536,0,0,0,0
47550,355.131,331.109,7.976361,8.000488,-0.024127,8.000488,8.00061,-0.024249,2012.5815,0.0,0.950474,148.3203,0.226602,0.503262,0.270137,51200,103044172,794,65536,0,0,0,0
47600,355.494,331.45,7.976153,8.000488,-0.024335,8.000488,7.999878,-0.023724,1997.4304,0.0,0.950053,140.788,0.226055,0.503262,0.270684,51200,102268435,783,65536,0,0,0,0
47650,355.894,331.829,7.976382,8.000488,-0.024106,8.000488,8.000122,-0.02374,1987.3891,0.0,0.94994,141.064,0.225273,0.498926,0.275801,51200,101754322,801,65536,0,0,0,0
47700,356.263,332.173,7.976293,8.000488,-0.024196,8.000488,8.0,-0.023707,1928.1582,0.0,0.948499,141.0698,0.21877,0.500566,0.280664,51200,98721698,821,65536,0,0,0,0
47750,356.65,332.538,7.975639,8.000488,-0.024849,8.000488,8.000122,-0.024483,1986.6332,0.0,0.950098,146.2661,0.225371,0.495781,0.278848,51200,101715618,837,65536,0,0,0,0
47800,357.009,332.874,7.976236,8.000488,-0.024252,8.000488,8.000488,-0.024252,1921.5472,0.0,0.948357,142.5169,0.217324,0.49666,0.286016,51200,98383215,801,65536,0,0,0,0
47850,357.408,333.251,7.976032,8.000488,-0.024456,8.000488,8.000122,-0.02409,1955.6849,0.0,0.94921,143.0282,0.220117,0.49666,0.283223,51200,100131069,774,65536,0,0,0,0
47900,357.772,333.589,7.976394,8.000488,-0.024095,8.000488,8.000366,-0.023973,1971.5108,0.0,0.949824,148.2085,0.223164,0.495469,0.281367,51200,100941352,789,65536,0,0,0,0
47950,358.135,333.93,7.976036,8.000488,-0.024453,8.000488,8.000244,-0.024209,1980.7483,0.0,0.94977,150.8105,0.224258,0.499648,0.276094,51200,101414312,778,65536,0,0,0,0
48000,358.497,334.27,7.975866,8.000488,-0.024623,8.000488,7.999756,-0.02389,1979.2741,0.0,0.949799,146.765,0.224531,0.497832,0.277637,51200,101338833,789,65536,0,0,0,0
48050,358.86,334.61,7.977547,8.000488,-0.022942,8.000488,8.001343,-0.023796,1971.2923,0.0,0.949552,153.4032,0.223672,0.499043,0.277285,51200,100930165,778,65536,0,0,0,0
48100,359.218,334.946,7.977807,8.000488,-0.022681,8.000488,8.001587,-0.02378,1961.1832,0.0,0.949521,150.7094,0.222793,0.497344,0.279863,51200,100412578,794,65536,0,0,0,0
48150,359.585,335.291,7.976915,8.000488,-0.023573,8.000488,8.000122,-0.023207,1926.4206,0.0,0.948593,149.3737,0.219531,0.500449,0.28002,51200,98632735,833,65536,0,0,0,0
48200,359.942,335.625,7.976409,8.000488,-0.02408,8.000488,8.000122,-0.023714,1936.5142,0.0,0.949014,150.441,0.220449,0.497793,0.281758,51200,99149528,771,65536,0,0,0,0
48250,360.294,335.955,7.977188,8.000488,-0.023301,8.000488,8.000977,-0.023789,1901.4394,0.0,0.94824,146.7802,0.215547,0.496035,0.288418,51200,97353699,728,65536,0,0,0,0
48300,360.64,336.279,7.977378,8.000488,-0.02311,8.000488,8.001221,-0.023842,1867.3509,0.0,0.947224,150.3257,0.211289,0.497773,0.290938,51200,95608365,811,65536,0,0,0,0
48350,360.988,336.605,7.978428,8.000488,-0.02206,8.000488,8.001587,-0.023159,1878.9567,0.0,0.947518,148.1974,0.211738,0.495918,0.292344,51200,96202583,748,65536,0,0,0,0
48400,361.341,336.936,7.978098,8.000488,-0.022391,8.000488,8.001343,-0.023245,1926.272,0.0,0.948993,151.5097,0.217461,0.492676,0.289863,51200,98625124,815,65536,0,0,0,0
48450,361.698,337.271,7.977616,8.000488,-0.022872,8.000488,8.001709,-0.024093,1941.0375,0.0,0.949683,157.1773,0.220195,0.48209,0.297715,51200,99381118,786,65536,0,0,0,0
48500,362.052,337.603,7.977598,8.000488,-0.022891,8.000488,8.001587,-0.023989,1932.3462,0.0,0.949541,152.9256,0.218242,0.480586,0.301172,51200,98936127,790,65536,0,0,0,0
48550,362.405,337.926,7.977464,8.000488,-0.023025,8.000488,8.001221,-0.023757,1863.0135,0.0,0.94781,146.5324,0.209785,0.484219,0.305996,51200,95386291,807,65536,0,0,0,0
48600,362.77,338.269,7.977534,8.000488,-0.022954,8.000488,8.000488,-0.022954,1899.878,0.0,0.948513,140.8642,0.213672,0.484199,0.302129,51200,97273754,744,65536,0,0,0,0
48650,363.122,338.598,7.977494,8.000488,-0.022994,8.000488,8.000977,-0.023482,1924.0719,0.0,0.949583,140.0068,0.21666,0.47707,0.30627,51200,98512479,700,65536,0,0,0,0
48700,363.51,338.96,7.978486,8.000488,-0.022003,8.000488,8.001221,-0.022735,1944.1909,0.0,0.950223,146.2377,0.21877,0.473711,0.30752,51200,99542573,761,65536,0,0,0,0
48750,363.892,339.32,7.978318,8.000488,-0.02217,8.000488,8.002075,-0.023757,1874.2023,0.0,0.94807,136.7191,0.209961,0.478027,0.312012,51200,95959159,773,65536,0,0,0,0
48800,364.245,339.651,7.977816,8.000488,-0.022673,8.000488,8.001099,-0.023283,1852.8872,0.0,0.947448,138.035,0.207656,0.481211,0.311133,51200,94867827,785,65536,0,0,0,0
48850,364.594,339.978,7.97742,8.000488,-0.023068,8.000488,8.001221,-0.0238,1874.6388,0.0,0.948057,140.0941,0.210566,0.47623,0.313203,51200,95981506,778,65536,0,0,0,0
48900,364.956,340.318,7.9774,8.000488,-0.023088,8.000488,8.001099,-0.023699,1925.822,0.0,0.94935,142.7081,0.218008,0.47832,0.303672,51200,98602085,815,65536,0,0,0,0
48950,365.312,340.651,7.977098,8.000488,-0.023391,8.000488,8.000732,-0.023635,1921.5995,0.0,0.949121,145.2804,0.216602,0.479648,0.30375,51200,98385892,765,65536,0,0,0,0
49000,365.661,340.978,7.977362,8.000488,-0.023127,8.000488,8.001221,-0.023859,1892.565,0.0,0.948317,142.6802,0.212949,0.481758,0.305293,51200,96899329,758,65536,0,0,0,0
49050,366.017,341.312,7.976967,8.000488,-0.023521,8.000488,8.000854,-0.023887,1912.1998,0.0,0.948479,141.3815,0.215488,0.485254,0.299258,51200,97904630,803,65536,0,0,0,0
49100,366.392,341.664,7.977376,8.000488,-0.023113,8.000488,8.001099,-0.023723,1986.4615,0.0,0.950393,143.1636,0.224434,0.481758,0.293809,51200,101706831,749,65536,0,0,0,0
49150,366.765,342.015,7.977297,8.000488,-0.023192,8.000488,8.001465,-0.024168,1969.8865,0.0,0.950024,145.2171,0.222734,0.48125,0.296016,51200,100858190,752,65536,0,0,0,0
49200,367.127,342.355,7.976604,8.000488,-0.023885,8.000488,8.000854,-0.024251,1975.0685,0.0,0.950129,148.5344,0.221387,0.482363,0.29625,51200,101123507,803,65536,0,0,0,0
49250,367.491,342.697,7.976994,8.000488,-0.023494,8.000488,8.001221,-0.024227,1977.3095,0.0,0.950083,148.7123,0.221211,0.481074,0.297715,51200,101238245,846,65536,0,0,0,0
49300,367.854,343.037,7.97683,8.000488,-0.023658,8.000488,8.000977,-0.024146,1950.5086,0.0,0.949306,140.9306,0.217129,0.481875,0.300996,51200,99866042,768,65536,0,0,0,0
49350,368.208,343.369,7.977686,8.000488,-0.022802,8.000488,8.001831,-0.024145,1929.7505,0.0,0.948477,134.9457,0.214395,0.491895,0.293711,51200,98803228,783,65536,0,0,0,0
49400,368.562,343.701,7.977264,8.000488,-0.023225,8.000488,8.001099,-0.023835,1933.3489,0.0,0.948212,128.7641,0.215859,0.49375,0.290391,51200,98987465,780,65536,0,0,0,0
49450,368.918,344.034,7.976368,8.000488,-0.02412,8.000488,8.000244,-0.023876,1916.8767,0.0,0.947988,129.322,0.215156,0.491484,0.293359,51200,98144085,746,65536,0,0,0,0
49500,369.278,344.372,7.975907,8.000488,-0.024581,8.000488,7.999268,-0.02336,1936.9558,0.0,0.948475,136.6646,0.217441,0.492852,0.289707,51200,99172139,756,65536,0,0,0,0
49550,369.641,344.71,7.976482,8.000488,-0.024006,8.000488,7.999878,-0.023396,1950.4865,0.0,0.948661,136.3138,0.218555,0.492578,0.288867,51200,99864909,787,65536,0,0,0,0
49600,370.001,345.048,7.977223,8.000488,-0.023265,8.000488,8.000732,-0.023509,1944.2482,0.0,0.948358,139.7512,0.218691,0.495273,0.286035,51200,99545510,813,65536,0,0,0,0
49650,370.356,345.381,7.97693,8.000488,-0.023558,8.000488,8.0,-0.02307,1951.0791,0.0,0.94907,143.5179,0.219648,0.484258,0.296094,51200,99895248,792,65536,0,0,0,0
49700,370.705,345.708,7.977281,8.000488,-0.023208,8.000488,8.00061,-0.02333,1902.7007,0.0,0.947554,139.3983,0.214102,0.489629,0.29627,51200,97418278,774,65536,0,0,0,0
49750,371.098,346.079,7.977711,8.000488,-0.022778,8.000488,8.000732,-0.023022,1930.2308,0.0,0.948441,142.2506,0.218457,0.486855,0.294688,51200,98827819,765,65536,0,0,0,0
49800,371.46,346.419,7.97732,8.000488,-0.023169,8.000488,8.000488,-0.023169,1994.1146,0.0,0.950136,140.7644,0.226738,0.479219,0.294043,51200,102098666,717,65536,0,0,0,0
49850,371.83,346.767,7.976784,8.000488,-0.023705,8.000488,8.00061,-0.023827,2046.7857,0.0,0.951331,151.7958,0.23207,0.478711,0.289219,51200,104795426,760,65536,0,0,0,0
49900,372.208,347.122,7.977288,8.000488,-0.0232,8.000488,8.001099,-0.023811,2070.6821,0.0,0.95172,156.6166,0.236055,0.482441,0.281504,51200,106018925,787,65536,0,0,0,0
49950,372.59,347.482,7.977716,8.000488,-0.022772,8.000488,8.001587,-0.02387,2085.5367,0.0,0.95212,169.1072,0.237676,0.481523,0.280801,51200,106779481,787,65536,0,0,0,0
50000,372.975,347.841,7.977337,8.000488,-0.023151,8.000488,8.001465,-0.024127,2082.4946,0.0,0.951935,158.3756,0.236855,0.482109,0.281035,51200,106623726,799,65536,0,0,0,0
