epoch,wall_s,sim_s,entropy_bits,zlib_bits,high_order_entropy,mean_steps,frac_copy_runs,frac_term_budget,frac_term_off_region,frac_term_unmatched,runs,steps,mutations,distinct_windows,n_persistent,A_t
0,0.382,0.0,7.999641,8.002533,-0.002892,0.0,0.0,0.0,0.0,0.0,0,0,0,466944,0,0
20,0.881,0.215,7.999411,7.957672,0.041739,611.4217,0.51543,0.059167,0.622644,0.318188,81920,50087669,2558,463358,0,0
40,1.252,0.409,7.999161,7.9039,0.095261,590.4112,0.506763,0.057788,0.613049,0.329163,81920,48366483,2486,459883,0,0
60,1.745,0.703,7.998875,7.862534,0.136342,575.8223,0.500793,0.056616,0.611475,0.331909,81920,47171365,2511,457476,0,0
80,2.054,0.843,7.998706,7.83136,0.167346,573.984,0.497046,0.056738,0.610352,0.33291,81920,47020770,2482,455804,0,0
100,2.429,0.989,7.998397,7.796417,0.201979,556.5198,0.493555,0.054858,0.611523,0.333618,81920,45590098,2474,453954,80,80
120,2.73,1.129,7.998099,7.77063,0.227469,567.6544,0.491296,0.05625,0.611414,0.332336,81920,46502247,2442,452569,117,118
140,3.217,1.358,7.99765,7.739853,0.257797,563.449,0.486414,0.055774,0.608459,0.335767,81920,46157742,2554,450928,146,147
160,3.667,1.501,7.996908,7.721542,0.275366,564.1242,0.492542,0.056067,0.609778,0.334155,81920,46213053,2414,449895,167,170
180,4.132,1.776,7.996286,7.685532,0.310755,552.9241,0.490649,0.054797,0.610657,0.334546,81920,45295543,2585,448135,177,181
200,4.488,1.935,7.995645,7.663742,0.331903,550.0208,0.491638,0.054504,0.613708,0.331787,81920,45057702,2373,447051,189,194
220,4.787,2.071,7.994901,7.641525,0.353376,550.0634,0.491443,0.054333,0.616797,0.32887,81920,45061192,2473,446060,199,204
240,5.086,2.207,7.994139,7.622208,0.371932,543.917,0.485596,0.053809,0.611951,0.334241,81920,44557683,2478,445332,200,207
260,5.386,2.342,7.993329,7.605148,0.388181,545.3932,0.482727,0.054016,0.612085,0.333899,81920,44678613,2470,444790,211,217
280,5.685,2.477,7.992465,7.584061,0.408405,543.1602,0.479089,0.053943,0.61377,0.332288,81920,44495680,2431,444030,213,220
300,5.985,2.61,7.991681,7.557434,0.434247,542.3862,0.480713,0.053845,0.614246,0.331909,81920,44432281,2528,442679,219,226
320,6.285,2.742,7.990822,7.548828,0.441994,535.8482,0.475952,0.053125,0.612366,0.334509,81920,43896681,2575,442707,221,229
340,6.583,2.874,7.990052,7.53801,0.452042,530.207,0.473938,0.052429,0.61239,0.335181,81920,43434555,2514,442543,223,231
360,6.884,3.008,7.989248,7.528915,0.460332,534.5343,0.47179,0.053101,0.610657,0.336243,81920,43789047,2474,442448,227,238
380,7.199,3.161,7.988303,7.51535,0.472953,541.8487,0.471326,0.053906,0.61145,0.334644,81920,44388249,2603,442066,244,257
400,7.508,3.293,7.987665,7.503265,0.484399,530.638,0.467224,0.052502,0.614246,0.333252,81920,43469868,2535,441945,240,261
420,7.801,3.424,7.986773,7.497787,0.488985,532.4218,0.469763,0.052734,0.614722,0.332544,81920,43615997,2683,442190,241,263
440,8.095,3.557,7.9849,7.487457,0.497443,537.693,0.47124,0.053503,0.612781,0.333716,81920,44047807,2511,442074,235,263
460,8.391,3.691,7.983872,7.485413,0.49846,541.8258,0.475037,0.054004,0.610559,0.335437,81920,44386373,2578,442449,238,265
480,8.69,3.825,7.982545,7.481537,0.501008,535.8359,0.477991,0.053345,0.611157,0.335498,81920,43895679,2491,442691,237,265
500,8.991,3.962,7.98077,7.471283,0.509487,540.1349,0.478503,0.053699,0.612207,0.334094,81920,44247848,2571,442438,242,271
520,9.304,4.102,7.978795,7.464172,0.514622,533.6598,0.478894,0.053137,0.612646,0.334216,81920,43717410,2525,442590,244,276
540,9.598,4.237,7.977986,7.457184,0.520802,538.4855,0.474915,0.053821,0.61095,0.335229,81920,44112736,2485,442622,247,277
560,9.92,4.373,7.97671,7.457764,0.518947,533.112,0.477539,0.053076,0.612366,0.334558,81920,43672536,2504,443049,246,279
580,10.231,4.507,7.974139,7.451797,0.522341,534.0747,0.478015,0.053162,0.610974,0.335864,81920,43751402,2493,443077,248,283
600,10.582,4.648,7.972897,7.449539,0.523357,530.6802,0.478748,0.052893,0.611328,0.335779,81920,43473322,2477,443204,246,283
620,10.934,4.821,7.970336,7.437332,0.533004,522.2225,0.479883,0.051807,0.6125,0.335693,81920,42780465,2612,442820,247,285
640,11.232,4.952,7.967361,7.420975,0.546387,523.973,0.483252,0.051733,0.615479,0.332788,81920,42923866,2485,442096,246,285
660,11.567,5.084,7.965498,7.418152,0.547346,526.342,0.485181,0.0521,0.619287,0.328613,81920,43117938,2530,442325,244,286
680,11.867,5.216,7.96198,7.413818,0.548162,531.788,0.493005,0.052698,0.619287,0.328015,81920,43564074,2443,442416,269,310
700,12.168,5.348,7.959947,7.415482,0.544466,529.659,0.490259,0.052686,0.615515,0.331799,81920,43389669,2513,442947,278,321
720,12.469,5.48,7.957189,7.406815,0.550374,524.7846,0.486194,0.051941,0.616968,0.331091,81920,42990356,2501,442834,279,322
740,12.766,5.613,7.955581,7.400009,0.555571,522.1028,0.486108,0.051697,0.619348,0.328955,81920,42770661,2482,442820,274,322
760,13.065,5.745,7.953211,7.388824,0.564387,526.9224,0.485876,0.052222,0.618469,0.329309,81920,43165486,2569,442373,274,324
780,13.365,5.878,7.95149,7.388809,0.562681,529.2271,0.487122,0.05271,0.620251,0.327039,81920,43354281,2421,442800,270,324
800,13.666,6.011,7.949191,7.390747,0.558444,537.3147,0.490271,0.053711,0.619165,0.327124,81920,44016824,2441,443405,265,327
820,13.968,6.145,7.947781,7.395905,0.551876,540.1468,0.492065,0.053955,0.615771,0.330273,81920,44248822,2615,444194,257,327
840,14.27,6.28,7.945763,7.400253,0.54551,546.5026,0.495654,0.054761,0.614771,0.330469,81920,44769489,2500,444824,256,327
860,14.602,6.446,7.943141,7.391846,0.551295,542.7301,0.491455,0.054163,0.614087,0.33175,81920,44460449,2651,444769,248,328
880,14.902,6.58,7.939542,7.384338,0.555204,539.3753,0.495276,0.053845,0.612842,0.333313,81920,44185628,2478,444590,244,328
900,15.203,6.713,7.936362,7.384644,0.551719,533.5746,0.496692,0.053149,0.615552,0.331299,81920,43710431,2540,444874,243,328
920,15.503,6.847,7.934238,7.37851,0.555728,533.7288,0.498181,0.053149,0.616577,0.330273,81920,43723066,2503,444766,248,332
940,15.804,6.982,7.930296,7.378052,0.552244,536.2479,0.49895,0.053479,0.615576,0.330945,81920,43929432,2515,445104,246,332
960,16.113,7.125,7.926724,7.373672,0.553051,524.4176,0.503711,0.051978,0.616467,0.331555,81920,42960290,2531,445267,247,333
980,16.419,7.26,7.92379,7.3694,0.55439,529.0471,0.504077,0.052539,0.618274,0.329187,81920,43339536,2477,445312,241,334
1000,16.727,7.397,7.921398,7.366287,0.555111,534.9734,0.506714,0.053223,0.617993,0.328784,81920,43825017,2458,445526,240,334
1020,17.027,7.533,7.919094,7.361465,0.557629,535.8012,0.506909,0.053296,0.618665,0.32804,81920,43892837,2464,445567,238,336
1040,17.327,7.665,7.915582,7.358459,0.557123,524.1863,0.512854,0.052087,0.622266,0.325647,81920,42941338,2480,445527,245,345
1060,17.628,7.8,7.913101,7.364471,0.54863,528.6799,0.513452,0.052515,0.622388,0.325098,81920,43309454,2430,445967,243,347
1080,17.931,7.935,7.911485,7.357101,0.554384,529.8736,0.516321,0.052612,0.623047,0.324341,81920,43407247,2517,445499,242,347
1100,18.234,8.07,7.910418,7.352829,0.557589,529.0183,0.520874,0.052563,0.623926,0.323511,81920,43337180,2410,445405,244,349
1120,18.537,8.205,7.909366,7.358429,0.550937,529.0934,0.522815,0.052637,0.625,0.322363,81920,43343328,2547,445906,245,350
1140,18.841,8.341,7.907362,7.348633,0.55873,532.4941,0.523962,0.052917,0.628003,0.31908,81920,43621918,2467,445389,248,356
1160,19.146,8.478,7.906267,7.344391,0.561877,538.0047,0.529089,0.053748,0.62804,0.318213,81920,44073344,2543,445358,242,356
1180,19.452,8.615,7.901856,7.333572,0.568284,536.2416,0.532727,0.053455,0.631006,0.31554,81920,43928909,2589,445045,244,358
1200,19.759,8.752,7.90038,7.334061,0.56632,538.7022,0.534399,0.053723,0.63313,0.313147,81920,44130481,2498,445380,244,358
1220,20.064,8.891,7.897434,7.329941,0.567494,535.8522,0.536035,0.053394,0.635706,0.310901,81920,43897016,2441,445310,240,358
1240,20.387,9.032,7.89507,7.324707,0.570363,535.9535,0.542004,0.053516,0.637012,0.309473,81920,43905307,2582,445437,235,358
1260,20.695,9.172,7.893026,7.323776,0.569249,544.1216,0.542334,0.054553,0.637109,0.308337,81920,44574442,2413,445706,233,358
1280,21.003,9.311,7.891748,7.329529,0.562219,543.003,0.544543,0.054468,0.635803,0.309729,81920,44482805,2575,446363,234,358
1300,21.309,9.45,7.890849,7.328537,0.562312,539.9319,0.544983,0.054016,0.635632,0.310352,81920,44231218,2469,446415,238,361
1320,21.619,9.59,7.887596,7.328781,0.558815,546.4876,0.546155,0.054761,0.637573,0.307666,81920,44768261,2484,446578,240,365
1340,21.927,9.727,7.885494,7.324234,0.56126,528.7492,0.54552,0.052612,0.638623,0.308765,81920,43315136,2565,446482,239,365
1360,22.23,9.865,7.88203,7.319122,0.562908,533.0872,0.549731,0.053235,0.640259,0.306506,81920,43670503,2557,446393,236,369
1380,22.535,10.001,7.879189,7.318924,0.560265,530.3671,0.55321,0.052747,0.64314,0.304114,81920,43447675,2591,446633,228,371
1400,22.869,10.145,7.874632,7.309952,0.56468,533.8199,0.556067,0.053247,0.641272,0.305481,81920,43730530,2483,446240,226,373
1420,23.194,10.302,7.867286,7.303299,0.563987,526.4422,0.559094,0.052344,0.641516,0.30614,81920,43126147,2528,445931,224,375
1440,23.5,10.441,7.860813,7.29126,0.569553,528.1463,0.56792,0.052429,0.647888,0.299683,81920,43265748,2547,445212,220,375
1460,23.812,10.587,7.853319,7.274841,0.578478,544.3896,0.572021,0.054407,0.65083,0.294763,81920,44596396,2551,444348,217,378
1480,24.118,10.727,7.849492,7.268921,0.580571,537.5355,0.578357,0.053503,0.658582,0.287915,81920,44034910,2563,444042,218,381
1500,24.429,10.868,7.843484,7.260468,0.583016,531.0199,0.582739,0.052612,0.66438,0.283008,81920,43501152,2614,443817,215,382
1520,24.743,11.009,7.839483,7.253174,0.586309,538.052,0.589917,0.053345,0.670422,0.276233,81920,44077223,2437,443561,221,393
1540,25.052,11.149,7.83139,7.234756,0.596633,534.3243,0.592395,0.052869,0.674829,0.272302,81920,43771845,2523,442687,220,398
1560,25.362,11.288,7.824131,7.227295,0.596836,531.1908,0.598193,0.052417,0.678674,0.268909,81920,43515151,2581,442605,220,402
1580,25.683,11.43,7.816934,7.227676,0.589257,529.1787,0.601904,0.052136,0.681702,0.266162,81920,43350318,2396,442758,219,403
1600,26.055,11.596,7.811968,7.226776,0.585192,539.4485,0.606396,0.053503,0.679724,0.266772,81920,44191625,2526,442868,223,406
1620,26.387,11.735,7.81045,7.235687,0.574763,528.1159,0.61001,0.052148,0.682166,0.265686,81920,43263258,2471,443652,225,407
1640,26.749,11.91,7.810056,7.242157,0.567899,526.5034,0.613757,0.051941,0.682117,0.265942,81920,43131162,2496,444088,232,409
1660,27.069,12.063,7.807191,7.236908,0.570283,532.7146,0.616895,0.052734,0.682727,0.264539,81920,43639983,2498,444065,230,411
1680,27.379,12.204,7.804054,7.227158,0.576896,533.4179,0.621069,0.052734,0.686511,0.260754,81920,43697593,2503,443829,230,413
1700,27.702,12.347,7.802446,7.230133,0.572313,541.4525,0.624609,0.053711,0.686414,0.259875,81920,44355789,2525,444300,232,417
1720,28.018,12.492,7.799641,7.227478,0.572163,542.5924,0.628467,0.053711,0.690991,0.255298,81920,44449168,2510,444218,228,417
1740,28.332,12.635,7.794562,7.228485,0.566077,534.4284,0.632104,0.052722,0.694897,0.25238,81920,43780373,2501,444572,231,418
1760,28.645,12.777,7.793653,7.236313,0.55734,523.9829,0.629675,0.051367,0.697937,0.250696,81920,42924682,2534,445344,235,424
1780,28.959,12.919,7.791562,7.241409,0.550153,519.1716,0.62937,0.050793,0.697546,0.25166,81920,42530538,2445,445826,228,425
1800,29.277,13.061,7.789573,7.242996,0.546577,522.4911,0.637732,0.051331,0.7026,0.246069,81920,42802469,2389,445958,231,427
1820,29.592,13.205,7.78839,7.254593,0.533797,528.3241,0.645276,0.051904,0.707874,0.240222,81920,43280308,2499,446706,230,429
1840,29.909,13.348,7.787477,7.259781,0.527696,526.6526,0.64729,0.051758,0.710144,0.238098,81920,43143380,2436,447169,222,429
1860,30.221,13.49,7.789077,7.26239,0.526686,514.3659,0.648779,0.050098,0.713684,0.236218,81920,42136855,2611,447289,219,432
1880,30.535,13.634,7.786829,7.26149,0.525339,518.3383,0.648828,0.050623,0.716187,0.233191,81920,42462276,2519,447354,212,432
1900,30.848,13.779,7.783554,7.271622,0.511932,522.6903,0.652136,0.051001,0.719165,0.229834,81920,42818787,2521,447999,209,432
1920,31.164,13.925,7.782993,7.276123,0.50687,525.152,0.653235,0.051233,0.722754,0.226013,81920,43020455,2547,448404,209,434
1940,31.481,14.069,7.778913,7.266113,0.5128,518.5337,0.654553,0.050342,0.724304,0.225354,81920,42478284,2586,447905,207,438
1960,31.796,14.212,7.776406,7.268066,0.508339,511.9862,0.659058,0.049683,0.728223,0.222095,81920,41941912,2530,448239,209,440
1980,32.112,14.357,7.775433,7.27916,0.496274,520.8935,0.663416,0.050745,0.727393,0.221863,81920,42671599,2420,449074,207,444
2000,32.453,14.515,7.773491,7.284286,0.489204,526.8857,0.667542,0.051428,0.728992,0.21958,81920,43162477,2461,449416,206,444
2020,32.815,14.705,7.770198,7.281311,0.488887,527.9405,0.676025,0.051501,0.730798,0.2177,81920,43248882,2566,449449,203,444
2040,33.135,14.853,7.766501,7.276016,0.490485,535.7151,0.681482,0.052368,0.733093,0.214539,81920,43885783,2502,449316,199,446
2060,33.45,15.0,7.76448,7.275482,0.488998,534.4231,0.684485,0.052271,0.736145,0.211584,81920,43779944,2507,449465,200,448
2080,33.762,15.146,7.756809,7.260239,0.49657,528.2316,0.689783,0.051343,0.741028,0.207629,81920,43272730,2468,448920,203,456
2100,34.075,15.294,7.750443,7.252823,0.49762,539.7036,0.696472,0.052747,0.746448,0.200806,81920,44212523,2503,448571,208,464
2120,34.395,15.446,7.748316,7.254776,0.49354,543.1058,0.704199,0.053088,0.749463,0.197449,81920,44491230,2545,449037,207,466
2140,34.712,15.596,7.747054,7.255234,0.491821,540.657,0.707385,0.052893,0.747729,0.199377,81920,44290620,2538,449389,207,471
2160,35.029,15.747,7.74315,7.246323,0.496828,535.7619,0.709851,0.052197,0.752161,0.195642,81920,43889614,2587,449014,207,471
2180,35.358,15.906,7.741481,7.249298,0.492183,531.9088,0.714014,0.051697,0.756787,0.191516,81920,43573966,2561,449216,206,473
2200,35.682,16.056,7.738241,7.239471,0.49877,532.5625,0.715112,0.051562,0.762793,0.185645,81920,43627524,2525,448890,207,475
2220,35.996,16.204,7.736095,7.239807,0.496288,523.1439,0.719202,0.050464,0.769116,0.18042,81920,42855952,2486,449272,213,480
2240,36.316,16.356,7.733887,7.2388,0.495087,531.2579,0.725232,0.051318,0.774084,0.174597,81920,43520647,2565,449388,218,486
2260,36.66,16.51,7.732202,7.243256,0.488947,532.9626,0.730444,0.051501,0.777209,0.171289,81920,43660299,2466,449840,219,486
2280,36.988,16.663,7.733134,7.233917,0.499217,539.4419,0.739917,0.052209,0.782263,0.165527,81920,44191082,2490,449237,216,490
2300,37.316,16.815,7.735179,7.238403,0.496776,543.8091,0.752405,0.052734,0.788159,0.159106,81920,44548844,2530,449612,213,494
2320,37.641,16.968,7.736785,7.23941,0.497374,546.8946,0.75802,0.053064,0.790125,0.156812,81920,44801608,2632,449736,214,497
2340,37.968,17.122,7.734289,7.230225,0.504064,548.4928,0.763306,0.053198,0.792773,0.154028,81920,44932532,2520,449261,213,497
2360,38.297,17.278,7.731764,7.229126,0.502638,557.7442,0.769568,0.054333,0.798669,0.146997,81920,45690404,2595,449381,213,502
2380,38.624,17.432,7.728352,7.224716,0.503635,545.5207,0.778516,0.052795,0.804749,0.142456,81920,44689054,2466,449131,207,502
2400,38.948,17.584,7.726447,7.224762,0.501685,539.2233,0.782666,0.051965,0.808215,0.139819,81920,44173174,2580,449380,206,504
2420,39.275,17.736,7.723277,7.222107,0.501171,534.4345,0.783606,0.051245,0.810254,0.138501,81920,43780877,2431,449350,208,506
2440,39.609,17.89,7.718866,7.210968,0.507898,536.9708,0.787646,0.051489,0.81272,0.135791,81920,43988646,2511,448835,210,509
2460,39.931,18.04,7.718438,7.220795,0.497643,526.3507,0.790198,0.050171,0.817261,0.132568,81920,43118649,2533,449468,217,513
2480,40.256,18.191,7.714128,7.216507,0.497621,526.6218,0.788306,0.05022,0.818201,0.13158,81920,43140858,2613,449362,220,517
2500,40.576,18.342,7.708862,7.216064,0.492798,527.3154,0.789551,0.050232,0.820032,0.129736,81920,43197674,2550,449764,237,531
2520,40.902,18.493,7.703684,7.216492,0.487192,526.9959,0.79281,0.050146,0.821118,0.128735,81920,43171502,2555,449932,244,537
2540,41.226,18.645,7.704057,7.213791,0.490266,533.7919,0.79325,0.051013,0.822449,0.126538,81920,43728235,2492,449652,239,539
2560,41.553,18.8,7.704212,7.219467,0.484745,535.2332,0.792883,0.051221,0.826233,0.122546,81920,43846305,2559,449969,235,541
2580,41.88,18.956,7.703075,7.225357,0.477718,545.2156,0.795776,0.052527,0.825159,0.122314,81920,44664061,2494,450327,237,543
2600,42.208,19.115,7.702498,7.225586,0.476912,563.4306,0.799561,0.054749,0.825281,0.119971,81920,46156231,2552,450456,238,546
2620,42.541,19.283,7.697729,7.224487,0.473241,564.5723,0.79751,0.05481,0.825183,0.120007,81920,46249764,2478,450633,235,548
2640,42.865,19.441,7.698493,7.221527,0.476966,546.835,0.798303,0.0526,0.827026,0.120374,81920,44796726,2463,450497,232,548
2660,43.185,19.597,7.698693,7.222702,0.475991,551.2416,0.798694,0.053259,0.828796,0.117944,81920,45157712,2512,450591,232,549
2680,43.506,19.751,7.698246,7.230377,0.467869,546.1391,0.79834,0.052588,0.83042,0.116992,81920,44739711,2437,451001,234,556
2700,43.829,19.907,7.696175,7.231064,0.465111,554.9551,0.799475,0.053589,0.829846,0.116565,81920,45461923,2489,451077,236,562
2720,44.155,20.063,7.694323,7.236298,0.458026,556.4163,0.79939,0.053796,0.830383,0.11582,81920,45581620,2498,451457,235,566
2740,44.536,20.275,7.694738,7.242004,0.452733,558.2255,0.796436,0.053992,0.828296,0.117712,81920,45729830,2553,451972,237,568
2760,44.874,20.445,7.693327,7.251419,0.441908,557.1097,0.794104,0.053992,0.826123,0.119885,81920,45638425,2544,452479,226,568
2780,45.196,20.601,7.692707,7.253799,0.438908,553.61,0.797742,0.05343,0.827136,0.119434,81920,45351730,2511,452626,226,568
2800,45.516,20.755,7.687405,7.253235,0.43417,549.9451,0.800183,0.053064,0.829565,0.117371,81920,45051503,2496,452776,226,570
2820,45.896,20.956,7.688386,7.25415,0.434235,555.1003,0.80636,0.05365,0.831946,0.114404,81920,45473817,2567,452761,233,579
2840,46.22,21.113,7.687617,7.256577,0.431041,559.9184,0.812695,0.054248,0.83385,0.111902,81920,45868513,2515,452946,235,585
2860,46.552,21.27,7.686271,7.259705,0.426567,564.2451,0.814026,0.054724,0.834131,0.111145,81920,46222959,2453,453049,238,591
2880,46.884,21.432,7.681274,7.263718,0.417556,560.8623,0.821387,0.054333,0.836267,0.109399,81920,45945843,2458,453346,236,599
2900,47.258,21.609,7.677046,7.261353,0.415694,559.6649,0.820605,0.054211,0.83501,0.110779,81920,45847748,2442,453480,224,599
2920,47.606,21.781,7.673821,7.262466,0.411354,561.3104,0.818237,0.054395,0.832361,0.113245,81920,45982552,2457,453496,222,599
2940,47.942,21.941,7.674813,7.26506,0.409753,561.5816,0.815991,0.054468,0.83407,0.111462,81920,46004764,2527,453731,220,601
2960,48.286,22.108,7.676508,7.271851,0.404657,563.9766,0.818518,0.054749,0.834875,0.110376,81920,46200959,2599,453947,212,601
2980,48.642,22.268,7.675865,7.270264,0.405601,566.3276,0.818958,0.054968,0.834509,0.110522,81920,46393557,2482,453842,207,603
3000,48.977,22.43,7.676626,7.27623,0.400396,567.9758,0.815796,0.055139,0.83634,0.108521,81920,46528578,2519,454050,206,606
3020,49.312,22.591,7.676997,7.27858,0.398418,569.6828,0.817065,0.05531,0.837769,0.106921,81920,46668413,2465,454160,199,606
3040,49.65,22.754,7.677671,7.281509,0.396161,575.3505,0.816321,0.056042,0.837134,0.106824,81920,47132714,2513,454130,197,611
3060,49.982,22.914,7.676385,7.281815,0.39457,569.8719,0.817285,0.055347,0.836902,0.107751,81920,46683910,2549,454046,194,612
3080,50.311,23.074,7.673298,7.274429,0.398869,569.0734,0.820459,0.05531,0.835388,0.109302,81920,46618492,2510,453682,189,614
3100,50.641,23.235,7.674067,7.282806,0.391261,570.9372,0.825867,0.055542,0.833325,0.111133,81920,46771179,2508,454272,187,614
3120,50.977,23.393,7.670623,7.283966,0.386657,563.8661,0.829968,0.054749,0.836023,0.109229,81920,46191915,2445,454737,222,646
3140,51.312,23.553,7.665778,7.285965,0.379813,571.2292,0.832581,0.055591,0.839185,0.105225,81920,46795098,2536,454814,226,650
3160,51.648,23.716,7.663998,7.289337,0.374661,569.4663,0.834192,0.055444,0.83988,0.104675,81920,46650682,2574,454947,222,652
3180,51.983,23.878,7.66552,7.292603,0.372918,574.9287,0.83396,0.056104,0.83811,0.105786,81920,47098160,2452,455015,226,658
3200,52.32,24.039,7.665751,7.296646,0.369105,570.0254,0.834509,0.055481,0.833765,0.110754,81920,46696480,2505,455144,205,658
3220,52.656,24.203,7.668574,7.284561,0.384013,567.5741,0.834961,0.055103,0.835034,0.109863,81920,46495674,2573,454390,201,661
3240,52.994,24.367,7.669394,7.281769,0.387625,562.3185,0.833643,0.054553,0.83363,0.111816,81920,46065128,2561,453967,202,661
3260,53.324,24.527,7.6707,7.278534,0.392166,568.8743,0.82804,0.055322,0.832825,0.111853,81920,46602185,2602,453752,203,664
3280,53.655,24.686,7.66489,7.260147,0.404743,565.1426,0.829785,0.054724,0.833594,0.111682,81920,46296481,2539,452891,206,667
3300,54.002,24.847,7.661172,7.253418,0.407754,554.6342,0.830798,0.053625,0.834399,0.111975,81920,45435633,2433,452621,216,677
3320,54.345,25.009,7.659404,7.250137,0.409266,551.6547,0.83269,0.053137,0.835254,0.111609,81920,45191550,2531,452527,210,679
3340,54.712,25.169,7.657647,7.242477,0.41517,552.6115,0.835645,0.053247,0.836951,0.109802,81920,45269938,2487,452049,211,683
3360,55.044,25.328,7.649681,7.231033,0.418648,555.4008,0.839185,0.053503,0.840771,0.105725,81920,45498431,2451,451605,213,690
3380,55.414,25.521,7.642163,7.229309,0.412854,548.6527,0.841052,0.052649,0.844702,0.102649,81920,44945632,2535,451812,209,692
3400,55.786,25.678,7.641951,7.230698,0.411253,547.2494,0.838196,0.052417,0.84624,0.101343,81920,44830672,2555,451969,202,692
3420,56.124,25.844,7.634857,7.228317,0.40654,555.6622,0.843665,0.053442,0.847888,0.098669,81920,45519845,2490,452183,191,696
3440,56.464,26.003,7.634727,7.228683,0.406043,553.9451,0.844153,0.05332,0.849194,0.097485,81920,45379183,2605,452444,193,697
3460,56.806,26.171,7.635074,7.229691,0.405383,557.4182,0.847241,0.053735,0.851111,0.095154,81920,45663702,2539,452453,193,700
3480,57.146,26.337,7.632924,7.238007,0.394917,558.1855,0.850684,0.053821,0.85321,0.092969,81920,45726554,2514,453221,196,705
3500,57.484,26.501,7.634247,7.246033,0.388214,549.8688,0.852332,0.052783,0.855444,0.091772,81920,45045250,2568,453655,205,712
3520,57.819,26.661,7.63199,7.248306,0.383683,543.8083,0.853979,0.052039,0.856104,0.091858,81920,44548775,2437,453857,202,712
3540,58.158,26.822,7.63098,7.241959,0.389021,545.9066,0.857373,0.052173,0.857861,0.089966,81920,44720669,2400,453514,201,713
3560,58.495,26.986,7.629284,7.243851,0.385433,554.3291,0.861499,0.05321,0.858386,0.088403,81920,45410641,2452,453729,194,713
3580,58.828,27.147,7.630519,7.243011,0.387507,562.9598,0.860535,0.054285,0.858826,0.08689,81920,46117666,2576,453523,196,716
3600,59.166,27.31,7.633939,7.255249,0.37869,563.0089,0.859619,0.054236,0.857544,0.08822,81920,46121689,2488,454056,193,716
3620,59.5,27.469,7.633054,7.256622,0.376432,561.7552,0.856677,0.054224,0.855212,0.090564,81920,46018990,2516,454164,193,718
3640,59.835,27.63,7.629502,7.252655,0.376847,567.0796,0.858826,0.054785,0.858777,0.086438,81920,46455159,2525,454063,196,723
3660,60.173,27.793,7.628693,7.254593,0.3741,568.5374,0.859412,0.05498,0.8599,0.08512,81920,46574582,2589,454173,192,723
3680,60.508,27.955,7.625042,7.258972,0.36607,569.6933,0.858215,0.055127,0.859155,0.085718,81920,46669275,2487,454580,189,723
3700,60.842,28.115,7.625976,7.267242,0.358733,566.0435,0.858459,0.054761,0.858228,0.087012,81920,46370283,2505,454795,190,724
3720,61.212,28.278,7.625506,7.267624,0.357882,568.4301,0.855444,0.055115,0.855127,0.089758,81920,46565795,2506,454717,192,728
3740,61.552,28.443,7.618825,7.266022,0.352803,583.0044,0.853455,0.056897,0.851453,0.09165,81920,47759720,2505,454942,185,728
3760,61.887,28.606,7.614089,7.261749,0.35234,569.8946,0.856885,0.05531,0.851489,0.093201,81920,46685767,2566,454908,183,728
3780,62.22,28.768,7.60776,7.259171,0.34859,573.7197,0.858105,0.055811,0.850281,0.093909,81920,46999121,2521,454865,181,730
3800,62.555,28.932,7.606576,7.253555,0.35302,565.363,0.857898,0.054736,0.849316,0.095947,81920,46314541,2637,454526,184,734
3820,62.883,29.091,7.605125,7.252014,0.353111,551.0692,0.861829,0.05293,0.856177,0.090894,81920,45143590,2629,454631,185,734
3840,63.25,29.251,7.605098,7.254745,0.350352,551.4005,0.864331,0.052893,0.8573,0.089807,81920,45170732,2576,454890,181,734
3860,63.581,29.413,7.609345,7.260559,0.348786,557.7521,0.865112,0.053772,0.858105,0.088123,81920,45691050,2449,454861,183,736
3880,63.915,29.572,7.609582,7.266968,0.342614,556.4518,0.864661,0.053491,0.860254,0.086255,81920,45584535,2548,455102,185,736
3900,64.246,29.734,7.612151,7.268997,0.343154,550.1695,0.865857,0.052771,0.862573,0.084656,81920,45069888,2530,455193,184,736
3920,64.579,29.894,7.613732,7.276535,0.337197,552.2969,0.864929,0.052979,0.861157,0.085864,81920,45244163,2527,455401,179,738
3940,64.91,30.055,7.608068,7.274597,0.33347,561.7188,0.862341,0.054285,0.857324,0.088391,81920,46016004,2448,455228,185,738
3960,65.244,30.216,7.605772,7.275787,0.329984,553.5829,0.864087,0.053284,0.858997,0.08772,81920,45349515,2440,455329,184,741
3980,65.584,30.38,7.602771,7.277512,0.325259,555.3834,0.865381,0.053467,0.858813,0.08772,81920,45497005,2521,455509,184,744
4000,65.918,30.543,7.600338,7.277206,0.323131,563.4216,0.867029,0.05448,0.858032,0.087488,81920,46155494,2535,455729,180,747
4020,66.252,30.706,7.599368,7.27359,0.325777,558.3214,0.867847,0.053711,0.858472,0.087817,81920,45737692,2619,455458,179,747
4040,66.586,30.869,7.599458,7.272781,0.326676,567.7026,0.868359,0.054932,0.859766,0.085303,81920,46506193,2540,455444,175,747
4060,66.92,31.033,7.597975,7.272781,0.325194,567.2214,0.870618,0.054761,0.860242,0.084998,81920,46466778,2500,455481,174,747
4080,67.255,31.198,7.59624,7.275101,0.321139,561.7467,0.868701,0.05415,0.862097,0.083752,81920,46018288,2504,455682,175,750
4100,67.588,31.359,7.595763,7.276596,0.319167,550.398,0.871655,0.052795,0.862854,0.084351,81920,45088601,2457,455737,175,754
4120,67.92,31.522,7.598346,7.273605,0.32474,551.5202,0.875928,0.052832,0.866272,0.080896,81920,45180534,2412,455367,179,758
4140,68.296,31.697,7.602294,7.280823,0.321472,555.9791,0.870886,0.053503,0.864478,0.082019,81920,45545805,2483,455673,186,762
4160,68.697,31.859,7.603481,7.279175,0.324307,568.682,0.86969,0.05509,0.862769,0.082141,81920,46586427,2553,455547,181,766
4180,69.06,32.054,7.599277,7.279907,0.31937,569.8264,0.870056,0.05531,0.860986,0.083704,81920,46680178,2481,455698,179,768
4200,69.389,32.217,7.603855,7.28656,0.317295,573.4167,0.868652,0.055859,0.858362,0.085779,81920,46974298,2602,456095,176,768
4220,69.719,32.378,7.604645,7.286987,0.317658,562.4161,0.870752,0.054297,0.86051,0.085193,81920,46073128,2494,456151,182,775
4240,70.058,32.543,7.605646,7.2827,0.322947,559.8644,0.870923,0.053979,0.862524,0.083496,81920,45864092,2595,455780,185,779
4260,70.388,32.704,7.604267,7.285294,0.318974,553.9946,0.87113,0.053381,0.86239,0.084229,81920,45383238,2474,455932,181,780
4280,70.734,32.875,7.605877,7.284271,0.321605,559.1293,0.866589,0.054016,0.859705,0.086279,81920,45803875,2508,455849,176,780
4300,71.069,33.037,7.611147,7.277573,0.333574,561.0731,0.867737,0.054138,0.859558,0.086304,81920,45963107,2572,455199,179,780
4320,71.455,33.254,7.616583,7.280273,0.336309,565.1974,0.866516,0.054736,0.861084,0.08418,81920,46300974,2509,455141,184,783
4340,71.787,33.416,7.612924,7.275742,0.337183,563.2879,0.865271,0.054517,0.861841,0.083643,81920,46144547,2375,454960,183,783
4360,72.118,33.578,7.611682,7.277466,0.334216,562.3326,0.864722,0.054431,0.862659,0.08291,81920,46066284,2542,455191,180,783
4380,72.445,33.738,7.61363,7.278137,0.335493,557.0853,0.864563,0.05365,0.86123,0.08512,81920,45636424,2494,455118,177,783
4400,72.772,33.898,7.615246,7.27832,0.336925,549.7629,0.859021,0.052771,0.860156,0.087073,81920,45036575,2444,455091,175,783
4420,73.1,34.059,7.616927,7.278427,0.338499,559.8266,0.864465,0.054004,0.860193,0.085803,81920,45860993,2459,455163,175,786
4440,73.428,34.22,7.619026,7.282684,0.336342,557.1569,0.858264,0.053833,0.857263,0.088904,81920,45642290,2572,455442,172,788
4460,73.756,34.381,7.619846,7.286453,0.333393,556.8482,0.858606,0.05376,0.857983,0.088257,81920,45617002,2478,455569,176,788
4480,74.085,34.543,7.618121,7.284088,0.334033,557.3965,0.859534,0.053772,0.857227,0.089001,81920,45661919,2619,455399,180,791
4500,74.415,34.705,7.616258,7.283417,0.332841,568.3626,0.855334,0.055164,0.855896,0.08894,81920,46560265,2514,455532,183,794
4520,74.747,34.87,7.611291,7.281143,0.330148,564.353,0.857239,0.054529,0.857874,0.087598,81920,46231801,2488,455639,177,794
4540,75.084,35.037,7.610746,7.285904,0.324842,568.4679,0.859924,0.055017,0.859973,0.08501,81920,46568894,2416,455866,178,794
4560,75.421,35.205,7.612242,7.290359,0.321882,574.2406,0.860376,0.055762,0.861292,0.082947,81920,47041788,2484,455972,179,794
4580,75.756,35.371,7.612687,7.290802,0.321885,578.0739,0.864539,0.056128,0.865369,0.078503,81920,47355816,2591,456093,178,794
4600,76.091,35.536,7.611691,7.289597,0.322094,576.7824,0.86261,0.056104,0.864111,0.079785,81920,47250014,2546,455967,177,796
4620,76.427,35.702,7.605756,7.283951,0.321805,576.8867,0.863586,0.056067,0.865308,0.078625,81920,47258559,2498,455876,176,797
4640,76.822,35.922,7.604282,7.278214,0.326068,578.7218,0.861243,0.056262,0.86604,0.077698,81920,47408889,2572,455374,171,797
4660,77.193,36.091,7.606408,7.283813,0.322594,580.4583,0.857593,0.05647,0.862866,0.080664,81920,47551144,2507,455648,177,805
4680,77.599,36.256,7.606037,7.28746,0.318576,580.8031,0.857739,0.056519,0.863159,0.080322,81920,47579392,2493,455807,190,814
4700,77.933,36.422,7.608716,7.29451,0.314206,578.1462,0.861682,0.056177,0.865808,0.078015,81920,47361738,2528,456092,186,817
4720,78.277,36.596,7.613194,7.289352,0.323842,580.8401,0.86333,0.056384,0.865979,0.077637,81920,47582425,2529,455528,188,817
4740,78.617,36.764,7.609491,7.286026,0.323465,581.9383,0.865125,0.056421,0.868115,0.075464,81920,47672384,2522,455458,184,820
4760,78.95,36.93,7.608912,7.289948,0.318964,581.5875,0.865918,0.05647,0.869958,0.073572,81920,47643647,2501,455754,187,820
4780,79.294,37.101,7.606463,7.284103,0.32236,588.4045,0.866248,0.057263,0.867969,0.074768,81920,48202097,2485,455356,183,820
4800,79.632,37.268,7.607056,7.283783,0.323273,585.6685,0.863184,0.05708,0.86748,0.075439,81920,47977967,2608,455297,187,820
4820,79.976,37.437,7.605837,7.288284,0.317552,593.1827,0.864551,0.057971,0.867371,0.074658,81920,48593528,2480,455532,189,824
4840,80.317,37.607,7.606494,7.2883,0.318194,595.6179,0.863818,0.058362,0.867505,0.074133,81920,48793019,2619,455488,186,826
4860,80.662,37.778,7.605223,7.29213,0.313093,595.6279,0.863538,0.058276,0.864587,0.077136,81920,48793836,2526,455966,186,829
4880,81.003,37.946,7.609076,7.292999,0.316076,585.3418,0.864355,0.056885,0.865845,0.077271,81920,47951204,2510,455781,189,831
4900,81.344,38.115,7.612439,7.292297,0.320142,584.1429,0.86731,0.056824,0.869495,0.073682,81920,47852986,2579,455613,193,835
4920,81.691,38.287,7.612566,7.292389,0.320177,589.9471,0.866528,0.057483,0.868713,0.073804,81920,48328469,2487,455461,193,840
4940,82.03,38.454,7.609024,7.295731,0.313293,588.4629,0.869946,0.057324,0.867407,0.075269,81920,48206883,2480,455922,191,842
4960,82.403,38.621,7.610015,7.296158,0.313857,587.517,0.870789,0.057373,0.867053,0.075574,81920,48129390,2653,456054,187,842
4980,82.79,38.796,7.611337,7.300537,0.3108,600.3981,0.869495,0.058875,0.867346,0.073779,81920,49184611,2511,456036,185,844
5000,83.162,38.987,7.613702,7.303131,0.31057,601.1553,0.869287,0.059021,0.865833,0.075146,81920,49246641,2521,456217,188,844
5020,83.502,39.157,7.616364,7.308701,0.307664,608.4837,0.86908,0.059875,0.865027,0.075098,81920,49846988,2586,456403,192,851
5040,83.842,39.327,7.620154,7.311447,0.308706,606.0857,0.873059,0.059546,0.865833,0.074622,81920,49650544,2532,456506,188,853
5060,84.184,39.497,7.619075,7.309692,0.309382,609.0227,0.871558,0.059912,0.863989,0.076099,81920,49891143,2455,456547,186,853
5080,84.526,39.666,7.621986,7.312897,0.309089,601.2658,0.871533,0.059009,0.867139,0.073853,81920,49255698,2575,456584,188,855
5100,84.87,39.839,7.621536,7.310059,0.311477,601.5792,0.870361,0.059021,0.86582,0.075159,81920,49281370,2436,456405,188,855
5120,85.216,40.014,7.61998,7.313751,0.306228,609.3788,0.870605,0.059961,0.86427,0.075769,81920,49920315,2518,456444,185,855
5140,85.556,40.183,7.624146,7.320251,0.303895,610.0886,0.867297,0.060083,0.863147,0.07677,81920,49978462,2345,456581,187,855
5160,85.894,40.353,7.624677,7.321869,0.302808,615.9716,0.866357,0.060767,0.864062,0.075171,81920,50460392,2569,456571,194,863
5180,86.233,40.525,7.626063,7.324951,0.301112,620.6815,0.865466,0.061499,0.863196,0.075305,81920,50846227,2544,456910,191,867
5200,86.573,40.695,7.622175,7.322754,0.299421,614.6788,0.864966,0.060767,0.860498,0.078735,81920,50354490,2484,456757,186,867
5220,86.923,40.866,7.617709,7.323608,0.2941,615.6356,0.868616,0.060901,0.859485,0.079614,81920,50432871,2490,456998,185,871
5240,87.323,41.062,7.615846,7.326477,0.289369,617.7326,0.867834,0.061218,0.856189,0.082593,81920,50604658,2547,457334,188,874
5260,87.665,41.234,7.614819,7.317474,0.297345,621.7154,0.868018,0.061682,0.852539,0.085779,81920,50930928,2471,456805,191,876
5280,88.005,41.403,7.613674,7.323441,0.290234,613.9586,0.865015,0.060693,0.854358,0.084949,81920,50295488,2639,457359,194,878
5300,88.346,41.575,7.611581,7.324585,0.286996,611.3925,0.864868,0.0604,0.852478,0.087122,81920,50085273,2553,457271,191,880
5320,88.75,41.745,7.611463,7.324387,0.287076,605.6856,0.866382,0.059692,0.852625,0.087683,81920,49617766,2527,457245,182,880
5340,89.099,41.92,7.610536,7.317764,0.292772,601.6875,0.867273,0.059204,0.849622,0.091174,81920,49290244,2514,456796,181,884
5360,89.441,42.089,7.608957,7.30806,0.300897,606.3761,0.867749,0.059705,0.852747,0.087549,81920,49674329,2516,456063,179,887
5380,89.791,42.265,7.604247,7.305832,0.298415,599.3348,0.866638,0.058875,0.855298,0.085828,81920,49097508,2509,455944,174,887
5400,90.134,42.436,7.600514,7.306107,0.294408,605.395,0.86698,0.059644,0.853772,0.086584,81920,49593956,2504,456193,170,887
5420,90.476,42.605,7.59836,7.303406,0.294954,607.569,0.869226,0.059961,0.852869,0.08717,81920,49772050,2441,456179,171,889
5440,90.823,42.78,7.591141,7.295013,0.296128,608.5039,0.869995,0.060046,0.852393,0.087561,81920,49848638,2503,455956,167,890
5460,91.169,42.951,7.588806,7.2892,0.299606,606.2666,0.865442,0.059705,0.852844,0.087451,81920,49665363,2548,455915,167,890
5480,91.518,43.122,7.587636,7.282745,0.304891,605.2294,0.865735,0.059583,0.851733,0.088684,81920,49580389,2504,455633,167,890
5500,91.856,43.292,7.585143,7.282455,0.302688,610.7831,0.863745,0.060413,0.850916,0.088672,81920,50035355,2530,455724,178,900
5520,92.196,43.46,7.588066,7.286926,0.30114,607.3794,0.861108,0.06001,0.851208,0.088782,81920,49756522,2529,455918,171,900
5540,92.533,43.629,7.590184,7.290787,0.299397,607.0801,0.860376,0.0599,0.848364,0.091736,81920,49732003,2481,455861,171,902
5560,92.925,43.804,7.590439,7.29361,0.29683,604.3831,0.863025,0.059583,0.852893,0.087524,81920,49511062,2496,455980,171,905
5580,93.263,43.975,7.587604,7.29512,0.292483,604.1672,0.863977,0.059607,0.85376,0.086633,81920,49493377,2529,456215,172,907
5600,93.602,44.143,7.585624,7.290298,0.295326,604.551,0.868738,0.059558,0.85354,0.086902,81920,49524815,2566,456045,175,909
5620,94.013,44.313,7.584996,7.295349,0.289647,614.6662,0.869006,0.060864,0.851123,0.088013,81920,50353454,2492,456291,175,909
5640,94.453,44.548,7.585173,7.293396,0.291777,614.7621,0.867822,0.060889,0.849609,0.089502,81920,50361309,2531,456293,174,909
5660,94.926,44.72,7.582027,7.294067,0.28796,613.6172,0.863989,0.06073,0.851184,0.088086,81920,50267519,2474,456454,174,909
5680,95.332,44.897,7.579656,7.290222,0.289434,616.1647,0.861987,0.06095,0.851257,0.087793,81920,50476212,2516,456194,172,909
5700,95.682,45.069,7.575529,7.289474,0.286054,615.3756,0.862927,0.060962,0.851953,0.087085,81920,50411571,2514,456307,171,911
5720,96.025,45.24,7.572578,7.285645,0.286933,617.2767,0.863062,0.061218,0.84978,0.089001,81920,50567311,2506,456272,167,911
5740,96.395,45.414,7.574948,7.282272,0.292676,612.7606,0.868616,0.060632,0.847791,0.091577,81920,50197346,2524,455978,170,913
5760,96.747,45.593,7.574488,7.283142,0.291346,615.9241,0.868799,0.060913,0.848523,0.090564,81920,50456504,2600,456221,169,913
5780,97.105,45.774,7.575786,7.285339,0.290446,618.5014,0.871362,0.06123,0.848865,0.089905,81920,50667638,2491,456450,167,916
5800,97.451,45.95,7.573618,7.287277,0.28634,617.2534,0.871399,0.061121,0.849158,0.089722,81920,50565398,2509,456661,175,919
5820,97.802,46.125,7.569837,7.288986,0.28085,618.7065,0.874536,0.061255,0.849683,0.089062,81920,50684436,2504,456798,182,925
5840,98.158,46.298,7.567052,7.285629,0.281423,616.2833,0.873132,0.060962,0.847571,0.091467,81920,50485926,2428,456558,180,927
5860,98.512,46.476,7.570078,7.286285,0.283793,615.4128,0.873022,0.060852,0.847998,0.09115,81920,50414614,2456,456518,177,927
5880,98.862,46.649,7.570266,7.287979,0.282287,615.227,0.874097,0.060803,0.846533,0.092664,81920,50399397,2441,456430,179,929
5900,99.217,46.827,7.569326,7.288315,0.281011,611.7788,0.874463,0.060425,0.847717,0.091858,81920,50116916,2544,456433,181,934
5920,99.555,46.997,7.568631,7.284134,0.284497,607.9794,0.876257,0.059875,0.850537,0.089587,81920,49805670,2522,456040,181,934
5940,99.905,47.173,7.570793,7.287964,0.282829,607.1353,0.874548,0.059912,0.85094,0.089148,81920,49736521,2592,456325,180,935
5960,100.246,47.344,7.568999,7.286102,0.282896,617.242,0.87616,0.061169,0.850232,0.088599,81920,50564466,2569,456373,174,935
5980,100.605,47.518,7.56962,7.28624,0.28338,620.9785,0.875049,0.061536,0.8495,0.088965,81920,50870562,2526,456238,171,937
6000,100.969,47.695,7.571229,7.288849,0.28238,618.9837,0.875403,0.06134,0.848059,0.090601,81920,50707145,2461,456342,173,939
6020,101.31,47.865,7.568166,7.288773,0.279393,614.9454,0.876013,0.060876,0.846509,0.092615,81920,50376328,2484,456344,170,941
6040,101.653,48.038,7.570083,7.288651,0.281433,621.3003,0.875342,0.061658,0.845483,0.092859,81920,50896924,2461,456267,178,947
6060,101.997,48.213,7.570165,7.28891,0.281255,616.664,0.874622,0.061194,0.842188,0.096619,81920,50517114,2483,456335,184,957
6080,102.348,48.387,7.569068,7.287811,0.281257,619.5604,0.873523,0.061511,0.840039,0.09845,81920,50754385,2522,455983,185,961
6100,102.69,48.559,7.563072,7.283752,0.27932,616.5018,0.873132,0.061035,0.84292,0.096045,81920,50503824,2531,455914,178,963
6120,103.035,48.734,7.567181,7.28363,0.28355,616.0183,0.87561,0.061072,0.842578,0.09635,81920,50464217,2456,455969,185,970
6140,103.386,48.909,7.569941,7.284439,0.285502,623.675,0.874048,0.061987,0.84021,0.097803,81920,51091456,2623,455881,181,970
6160,103.733,49.08,7.569302,7.28447,0.284832,615.3626,0.87074,0.061011,0.838049,0.10094,81920,50410507,2543,455930,185,974
6180,104.079,49.249,7.567563,7.280609,0.286954,608.9731,0.869861,0.060229,0.839172,0.100598,81920,49887074,2530,455858,188,976
6200,104.422,49.42,7.5687,7.284027,0.284673,605.4161,0.872742,0.059766,0.841248,0.098987,81920,49595689,2570,456157,184,978
6220,104.765,49.591,7.574257,7.282867,0.291389,607.9292,0.870764,0.060095,0.837891,0.102014,81920,49801556,2360,455869,189,980
6240,105.107,49.763,7.575112,7.284058,0.291055,612.7461,0.872803,0.060718,0.836377,0.102905,81920,50196159,2556,455807,193,982
6260,105.452,49.935,7.575217,7.279434,0.295782,604.2879,0.872546,0.05957,0.837366,0.103064,81920,49503264,2621,455605,192,985
6280,105.823,50.11,7.574636,7.28009,0.294546,607.4675,0.871167,0.059985,0.83866,0.101355,81920,49763739,2578,455773,193,987
6300,106.179,50.295,7.57477,7.279526,0.295244,608.2329,0.8724,0.059937,0.838928,0.101135,81920,49826437,2548,455814,197,987
6320,106.541,50.471,7.577497,7.277451,0.300047,610.7803,0.86958,0.060327,0.836633,0.10304,81920,50035120,2526,455347,196,989
6340,106.894,50.649,7.573831,7.272247,0.301584,605.7961,0.870178,0.059839,0.834961,0.1052,81920,49626820,2567,455092,190,989
6360,107.253,50.836,7.571107,7.267273,0.303834,613.6401,0.871057,0.060706,0.835474,0.103821,81920,50269397,2479,454931,197,992
6380,107.608,51.016,7.569473,7.264359,0.305114,621.3003,0.868945,0.061804,0.83158,0.106616,81920,50896922,2493,455136,186,992
6400,107.959,51.193,7.568743,7.269119,0.299624,610.925,0.864575,0.060522,0.828528,0.11095,81920,50046975,2564,455275,182,992
6420,108.306,51.37,7.568577,7.272125,0.296452,620.1129,0.864648,0.061707,0.824084,0.114209,81920,50799651,2518,455478,180,993
6440,108.674,51.543,7.568117,7.268677,0.29944,616.5533,0.865112,0.061316,0.82699,0.111694,81920,50508048,2536,455315,183,997
6460,109.016,51.716,7.56717,7.269272,0.297898,611.4662,0.863818,0.060803,0.826294,0.112903,81920,50091315,2542,455226,179,997
6480,109.362,51.887,7.56586,7.267273,0.298587,599.3348,0.861279,0.059253,0.823462,0.117285,81920,49097507,2546,455202,183,999
6500,109.714,52.061,7.56359,7.267273,0.296317,601.851,0.858154,0.059595,0.825867,0.114539,81920,49303638,2503,455479,185,999
6520,110.056,52.233,7.560585,7.259216,0.301369,603.2102,0.861243,0.059741,0.825073,0.115186,81920,49414982,2569,455090,182,999
6540,110.401,52.405,7.561746,7.254959,0.306787,600.7332,0.859705,0.059399,0.826843,0.113757,81920,49212063,2569,454866,187,1002
6560,110.748,52.581,7.55665,7.254456,0.302195,611.1308,0.860388,0.060693,0.826917,0.11239,81920,50063836,2557,454942,187,1006
6580,111.133,52.752,7.555694,7.248596,0.307098,604.8784,0.862927,0.059863,0.827625,0.112512,81920,49551636,2462,454575,185,1006
6600,111.475,52.923,7.552555,7.245087,0.307468,603.9467,0.86228,0.059778,0.826941,0.113281,81920,49475317,2441,454662,189,1009
6620,111.813,53.091,7.550729,7.243042,0.307687,605.2577,0.861438,0.059998,0.826514,0.113489,81920,49582708,2553,454742,196,1011
6640,112.154,53.263,7.552473,7.244995,0.307477,609.0486,0.863,0.060474,0.828943,0.110583,81920,49893264,2487,454829,201,1013
6660,112.597,53.47,7.552118,7.250793,0.301324,606.676,0.867749,0.060181,0.828772,0.111047,81920,49698900,2542,455133,194,1015
6680,113.076,53.751,7.553357,7.256088,0.297269,605.9469,0.865393,0.060095,0.829529,0.110376,81920,49639172,2535,455569,193,1015
6700,113.417,53.921,7.552891,7.249741,0.303151,607.0608,0.863074,0.060083,0.830945,0.108972,81920,49730419,2451,455130,195,1019
6720,113.926,54.096,7.550114,7.244904,0.30521,609.6011,0.866443,0.060437,0.835669,0.103894,81920,49938525,2541,454983,197,1022
6740,114.612,54.439,7.54695,7.240005,0.306944,618.9838,0.87168,0.061621,0.834021,0.104358,81920,50707149,2483,455038,202,1028
6760,115.081,54.614,7.545686,7.238586,0.307099,622.2566,0.870984,0.061987,0.833496,0.104517,81920,50975263,2509,455099,201,1030
6780,115.621,54.96,7.543746,7.233124,0.310622,618.7401,0.873596,0.061572,0.835803,0.102625,81920,50687186,2569,454784,208,1037
6800,115.974,55.14,7.541203,7.229294,0.311909,623.015,0.872961,0.062134,0.834448,0.103418,81920,51037388,2467,454896,203,1039
6820,116.335,55.315,7.53767,7.22374,0.313931,625.6762,0.875317,0.062366,0.835913,0.101721,81920,51255393,2578,454656,208,1042
6840,116.701,55.507,7.533892,7.216156,0.317736,629.3285,0.874475,0.06283,0.835156,0.102014,81920,51554594,2548,454506,208,1042
6860,117.058,55.688,7.536334,7.217804,0.318531,633.0203,0.875256,0.063391,0.835632,0.100977,81920,51857025,2440,454596,207,1046
6880,117.408,55.864,7.539901,7.215195,0.324706,627.8313,0.875269,0.062683,0.837292,0.100024,81920,51431944,2561,454420,208,1050
6900,117.761,56.045,7.533438,7.212952,0.320487,629.1713,0.874622,0.062866,0.837585,0.099548,81920,51541709,2454,454635,207,1054
6920,118.109,56.216,7.531442,7.21904,0.312402,622.7512,0.8745,0.062097,0.836108,0.101794,81920,51015781,2599,455134,200,1055
6940,118.457,56.391,7.531515,7.21991,0.311606,614.4601,0.872559,0.06106,0.834912,0.104028,81920,50336570,2477,455182,202,1055
6960,118.804,56.565,7.531926,7.223129,0.308797,612.821,0.870471,0.060938,0.832104,0.106958,81920,50202294,2564,455380,208,1059
6980,119.157,56.739,7.529437,7.218582,0.310855,612.1428,0.871936,0.060767,0.832031,0.107202,81920,50146737,2618,455404,206,1061
7000,119.508,56.911,7.530193,7.219543,0.31065,604.9403,0.873413,0.059924,0.83042,0.109656,81920,49556713,2409,455424,198,1061
7020,119.863,57.091,7.532614,7.22905,0.303565,596.097,0.871436,0.058948,0.830249,0.110803,81920,48832264,2575,455716,203,1067
7040,120.208,57.26,7.530484,7.225204,0.305279,598.9623,0.870264,0.059229,0.831323,0.109448,81920,49066989,2467,455581,199,1068
7060,120.553,57.43,7.527227,7.221542,0.305685,600.0901,0.869824,0.059424,0.828638,0.111938,81920,49159381,2567,455471,190,1070
7080,120.914,57.611,7.522435,7.218887,0.303547,611.1442,0.87196,0.060803,0.827344,0.111853,81920,50064929,2523,455398,193,1071
7100,121.262,57.785,7.52085,7.211014,0.309836,610.0742,0.873718,0.060583,0.829187,0.110229,81920,49977281,2623,454988,193,1071
7120,121.649,57.994,7.520282,7.215179,0.305103,607.0902,0.874524,0.060229,0.830322,0.109448,81920,49732828,2430,455253,198,1078
7140,121.993,58.165,7.52222,7.217392,0.304828,608.8608,0.874243,0.060449,0.828882,0.110669,81920,49877876,2587,455364,198,1081
7160,122.385,58.342,7.519627,7.215378,0.304249,603.1661,0.874658,0.059705,0.830017,0.110278,81920,49411364,2465,455221,200,1083
7180,122.729,58.515,7.519265,7.219498,0.299768,596.569,0.872742,0.05896,0.831616,0.109424,81920,48870936,2502,455432,201,1085
7200,123.102,58.715,7.517384,7.21373,0.303654,593.9198,0.873682,0.058643,0.830493,0.110864,81920,48653908,2443,455194,194,1088
7220,123.465,58.903,7.5152,7.21611,0.29909,594.6501,0.875024,0.058716,0.83175,0.109534,81920,48713739,2523,455348,196,1090
7240,123.814,59.079,7.514404,7.214188,0.300217,603.3028,0.87655,0.059778,0.834363,0.105859,81920,49422564,2522,455251,201,1095
7260,124.16,59.252,7.50913,7.208405,0.300725,608.6872,0.877185,0.060388,0.834119,0.105493,81920,49863654,2547,455168,194,1097
7280,124.54,59.424,7.512039,7.21167,0.300369,602.4516,0.880737,0.059631,0.835693,0.104675,81920,49352831,2479,455209,191,1097
7300,124.893,59.602,7.513242,7.209915,0.303327,596.3557,0.880066,0.058826,0.837915,0.103259,81920,48853455,2474,455079,190,1097
7320,125.281,59.82,7.510406,7.212021,0.298385,603.4343,0.881897,0.059753,0.839905,0.100342,81920,49433341,2527,455592,190,1103
7340,125.723,60.073,7.512505,7.215012,0.297494,603.8403,0.880042,0.059778,0.842651,0.097571,81920,49466601,2463,455538,190,1108
7360,126.168,60.248,7.512234,7.219238,0.292996,613.7937,0.877905,0.061023,0.838232,0.100745,81920,50281980,2463,455856,189,1110
7380,126.701,60.551,7.513342,7.224106,0.289236,605.0801,0.878223,0.059924,0.839185,0.100891,81920,49568165,2526,456111,188,1115
7400,127.203,60.8,7.512064,7.226303,0.285761,602.0505,0.876453,0.059473,0.837451,0.103076,81920,49319973,2596,456386,180,1117
7420,127.69,61.079,7.510593,7.227097,0.283496,608.4493,0.877466,0.060291,0.837231,0.102478,81920,49844163,2470,456468,182,1119
7440,128.043,61.251,7.508907,7.227417,0.28149,612.256,0.878418,0.060803,0.836145,0.103052,81920,50156014,2481,456445,180,1119
7460,128.393,61.423,7.507729,7.230164,0.277565,610.095,0.87688,0.060486,0.837292,0.102222,81920,49978983,2573,456534,180,1122
7480,128.929,61.641,7.505412,7.228073,0.277339,606.0075,0.872949,0.059998,0.835242,0.104761,81920,49644134,2532,456609,175,1124
7500,129.401,61.815,7.502776,7.229385,0.27339,609.4208,0.875488,0.060461,0.832214,0.107324,81920,49923754,2535,456847,172,1124
7520,129.886,61.995,7.504288,7.226852,0.277435,612.0111,0.870996,0.06073,0.830383,0.108887,81920,50135950,2524,456556,172,1124
7540,130.229,62.168,7.502248,7.221329,0.280919,616.4257,0.872791,0.06123,0.831946,0.106824,81920,50497593,2467,456329,175,1125
7560,130.657,62.342,7.500068,7.216476,0.283591,609.8428,0.872644,0.060303,0.831738,0.107959,81920,49958322,2466,456219,173,1125
7580,131.03,62.521,7.49821,7.21199,0.28622,606.5767,0.87229,0.059949,0.831213,0.108838,81920,49690764,2439,455968,168,1125
7600,131.373,62.691,7.497538,7.209854,0.287683,606.9404,0.872375,0.059888,0.831689,0.108423,81920,49720559,2566,455674,165,1127
7620,131.717,62.864,7.490808,7.204346,0.286462,606.667,0.87583,0.059949,0.835046,0.105005,81920,49698163,2568,455845,167,1132
7640,132.058,63.034,7.487127,7.199554,0.287572,598.1071,0.879382,0.05896,0.83645,0.10459,81920,48996936,2552,455546,166,1134
7660,132.399,63.202,7.485607,7.195618,0.289989,594.3996,0.879614,0.058582,0.837036,0.104382,81920,48693217,2516,455278,166,1134
7680,132.739,63.372,7.485483,7.199173,0.28631,597.3597,0.880676,0.058936,0.838477,0.102588,81920,48935704,2555,455487,167,1136
7700,133.081,63.542,7.484767,7.20343,0.281337,591.8327,0.882178,0.058289,0.840527,0.101184,81920,48482933,2507,455701,170,1136
7720,133.422,63.71,7.486734,7.202164,0.28457,587.8938,0.88335,0.057886,0.84137,0.100745,81920,48160264,2497,455717,168,1136
7740,133.769,63.883,7.489096,7.207993,0.281104,585.6218,0.885413,0.057581,0.841125,0.101294,81920,47974136,2501,455848,169,1139
7760,134.108,64.051,7.492196,7.210785,0.281411,585.3506,0.885901,0.057544,0.839746,0.10271,81920,47951918,2500,455731,171,1139
7780,134.452,64.22,7.493227,7.214264,0.278963,584.5359,0.886157,0.05741,0.841077,0.101514,81920,47885179,2561,455896,175,1140
7800,134.819,64.41,7.494388,7.21051,0.283877,583.8202,0.886401,0.057263,0.842139,0.100598,81920,47826547,2504,455859,180,1143
7820,135.158,64.576,7.497012,7.214691,0.282321,582.1571,0.884167,0.057007,0.840906,0.102087,81920,47690306,2495,455904,174,1143
7840,135.532,64.778,7.495381,7.215805,0.279576,587.5351,0.88186,0.057703,0.839038,0.103259,81920,48130873,2564,456057,171,1144
7860,135.877,64.949,7.494161,7.217133,0.277029,591.7638,0.881018,0.058264,0.838501,0.103235,81920,48477293,2576,456277,169,1144
7880,136.219,65.119,7.494214,7.222168,0.272046,587.2673,0.880603,0.057751,0.840356,0.101892,81920,48108937,2556,456667,171,1147
7900,136.585,65.293,7.496379,7.215363,0.281017,587.2181,0.881458,0.057703,0.840698,0.101599,81920,48104904,2505,456081,170,1147
7920,136.964,65.491,7.495278,7.223373,0.271905,583.1381,0.877234,0.057263,0.837659,0.105078,81920,47770676,2504,456664,175,1151
7940,137.306,65.66,7.492457,7.222046,0.270412,587.714,0.873108,0.057788,0.835938,0.106274,81920,48145530,2525,456618,179,1156
7960,137.649,65.83,7.497498,7.224243,0.273254,587.9657,0.872583,0.057861,0.837817,0.104321,81920,48166154,2505,456428,176,1156
7980,137.989,65.999,7.497363,7.227951,0.269412,597.5916,0.871533,0.059082,0.83783,0.103088,81920,48954704,2514,456605,175,1156
8000,138.333,66.171,7.494307,7.228378,0.265929,601.0268,0.874646,0.05946,0.835718,0.104822,81920,49236114,2493,456608,175,1156
8020,138.694,66.344,7.495731,7.233383,0.262348,603.7909,0.874524,0.059741,0.834338,0.10592,81920,49462550,2479,456862,176,1158
8040,139.038,66.514,7.495252,7.240295,0.254957,602.3885,0.874585,0.059631,0.834045,0.106323,81920,49347663,2527,457348,176,1162
8060,139.383,66.687,7.495427,7.240189,0.255238,606.5451,0.876758,0.060205,0.833594,0.106201,81920,49688178,2490,457445,172,1162
8080,139.722,66.857,7.494153,7.238403,0.255749,602.8261,0.877954,0.05968,0.834753,0.105566,81920,49383511,2449,457524,172,1167
8100,140.07,67.031,7.497233,7.236496,0.260737,608.2696,0.876062,0.060266,0.831738,0.107996,81920,49829446,2560,457140,167,1167
8120,140.416,67.204,7.493728,7.230362,0.263366,615.9454,0.87406,0.06134,0.828955,0.109705,81920,50458250,2551,456885,163,1167
8140,140.775,67.385,7.492684,7.231949,0.260735,612.2989,0.875122,0.060901,0.829578,0.109521,81920,50159524,2560,457165,166,1169
8160,141.13,67.56,7.494796,7.236847,0.257949,616.5665,0.871655,0.06145,0.830615,0.107935,81920,50509130,2498,457247,171,1174
8180,141.482,67.737,7.49367,7.238586,0.255083,623.8296,0.870337,0.062354,0.826721,0.110925,81920,51104117,2609,457200,168,1174
8200,141.853,67.93,7.486043,7.232574,0.253469,627.0585,0.868628,0.062756,0.825281,0.111963,81920,51368630,2517,457094,173,1176
8220,142.208,68.109,7.487972,7.238647,0.249325,620.2665,0.866821,0.062012,0.823523,0.114465,81920,50812234,2546,457259,174,1176
8240,142.557,68.284,7.48568,7.235519,0.250161,621.3677,0.869531,0.062085,0.822949,0.114966,81920,50902446,2554,457126,180,1179
8260,142.964,68.463,7.482609,7.231232,0.251377,620.4176,0.868787,0.062012,0.822058,0.11593,81920,50824612,2485,456975,189,1187
8280,143.31,68.637,7.480091,7.22905,0.251041,622.9636,0.867749,0.06228,0.823755,0.113965,81920,51033179,2495,456975,180,1187
8300,143.657,68.812,7.479346,7.233093,0.246252,624.3661,0.867444,0.062488,0.824329,0.113184,81920,51148067,2554,457130,172,1190
8320,143.998,68.984,7.476221,7.224564,0.251657,618.9549,0.870117,0.061682,0.826489,0.111829,81920,50704784,2579,456676,170,1191
8340,144.352,69.163,7.47411,7.216522,0.257588,629.1626,0.871045,0.062976,0.825769,0.111255,81920,51541002,2467,456215,173,1196
8360,144.707,69.35,7.472569,7.212616,0.259954,631.3546,0.870764,0.063257,0.825879,0.110864,81920,51720565,2568,456092,165,1199
8380,145.095,69.56,7.471537,7.20903,0.262507,632.9275,0.873218,0.063464,0.8271,0.109436,81920,51849417,2498,456137,167,1199
8400,145.448,69.736,7.473179,7.204193,0.268986,638.4807,0.869458,0.064136,0.82926,0.106604,81920,52304342,2555,455909,165,1199
8420,145.795,69.914,7.471885,7.199524,0.272361,641.5571,0.868835,0.064526,0.828015,0.107458,81920,52556360,2475,455689,167,1199
8440,146.166,70.091,7.473445,7.204254,0.269191,636.6787,0.86626,0.06394,0.823462,0.112598,81920,52156720,2572,455824,174,1202
8460,146.513,70.266,7.472446,7.200897,0.271548,633.8442,0.866406,0.063647,0.822778,0.113574,81920,51924518,2579,455599,177,1204
8480,146.867,70.443,7.47538,7.199493,0.275887,633.2346,0.866846,0.063538,0.824084,0.112378,81920,51874578,2486,455381,178,1204
8500,147.221,70.623,7.473763,7.190918,0.282845,644.1406,0.868982,0.064844,0.825146,0.11001,81920,52768001,2518,454929,178,1206
8520,147.574,70.8,7.475851,7.187897,0.287954,648.3722,0.866284,0.065442,0.823303,0.111255,81920,53114652,2519,454699,172,1211
8540,147.931,70.982,7.477538,7.188736,0.288802,644.3096,0.868066,0.064954,0.825757,0.10929,81920,52781841,2498,454880,173,1211
8560,148.316,71.198,7.48167,7.185913,0.295757,655.9404,0.865173,0.066296,0.824866,0.108838,81920,53734641,2533,454551,179,1216
8580,148.665,71.377,7.483381,7.188919,0.294462,646.1953,0.867859,0.065112,0.82522,0.109668,81920,52936317,2543,454654,181,1217
8600,149.01,71.553,7.484533,7.194916,0.289617,634.6306,0.867273,0.063757,0.826074,0.110168,81920,51988935,2483,454889,180,1219
8620,149.36,71.731,7.481684,7.187698,0.293986,646.6024,0.867395,0.065222,0.826074,0.108704,81920,52969669,2572,454715,178,1221
8640,149.708,71.909,7.478485,7.192566,0.285919,642.8321,0.86377,0.064758,0.82771,0.107532,81920,52660809,2579,455125,190,1225
8660,150.059,72.085,7.47803,7.196121,0.281909,637.4984,0.858484,0.064099,0.823962,0.111938,81920,52223865,2497,455520,186,1227
8680,150.403,72.261,7.476014,7.197418,0.278596,633.0804,0.856421,0.063623,0.820435,0.115942,81920,51861949,2590,455555,190,1228
8700,150.752,72.437,7.475346,7.197479,0.277867,633.8255,0.858228,0.063708,0.820044,0.116248,81920,51922986,2480,455744,188,1228
8720,151.099,72.612,7.477335,7.200653,0.276682,629.3982,0.854834,0.06311,0.819312,0.117578,81920,51560303,2593,455855,181,1228
8740,151.448,72.787,7.473761,7.199341,0.27442,628.0871,0.854285,0.062878,0.819861,0.117261,81920,51452893,2480,455689,178,1228
8760,151.796,72.963,7.474306,7.196732,0.277574,626.6496,0.853247,0.062732,0.819714,0.117554,81920,51335136,2468,455501,178,1232
8780,152.142,73.139,7.47298,7.199265,0.273716,632.2887,0.849329,0.063489,0.817517,0.118994,81920,51797094,2534,455726,176,1232
8800,152.492,73.316,7.470277,7.196793,0.273484,628.7977,0.849951,0.063098,0.81781,0.119092,81920,51511108,2585,455867,164,1232
8820,152.844,73.496,7.46899,7.200867,0.268123,629.2892,0.850439,0.063086,0.817603,0.119312,81920,51551369,2464,455928,162,1234
8840,153.196,73.672,7.463174,7.196625,0.266549,627.3064,0.851587,0.06283,0.816541,0.12063,81920,51388941,2516,455981,163,1234
8860,153.548,73.85,7.46919,7.204407,0.264783,630.0811,0.853064,0.063123,0.817725,0.119153,81920,51616243,2445,456255,158,1234
8880,153.898,74.027,7.471098,7.209839,0.261259,620.9562,0.851489,0.062097,0.816711,0.121191,81920,50868731,2495,456496,164,1238
8900,154.263,74.211,7.473454,7.208832,0.264623,628.5219,0.85061,0.063037,0.816711,0.120251,81920,51488513,2572,456485,163,1240
8920,154.614,74.389,7.478503,7.212936,0.265567,623.9832,0.849731,0.0625,0.817456,0.120044,81920,51116702,2590,456430,165,1244
8940,154.967,74.564,7.477299,7.215897,0.261402,625.2787,0.850623,0.062671,0.817627,0.119702,81920,51222829,2441,456544,164,1246
8960,155.35,74.75,7.476235,7.217697,0.258538,636.8065,0.850537,0.064148,0.816516,0.119336,81920,52167188,2544,456616,168,1246
8980,155.705,74.931,7.47795,7.221085,0.256866,643.9345,0.846558,0.065051,0.812183,0.122766,81920,52751118,2627,456754,172,1246
9000,156.058,75.109,7.479074,7.221497,0.257577,652.3979,0.846777,0.066113,0.809778,0.124109,81920,53444440,2495,456654,173,1248
9020,156.414,75.29,7.480064,7.225479,0.254585,657.8202,0.84801,0.066772,0.805859,0.127368,81920,53888633,2557,456645,169,1252
9040,156.768,75.47,7.482936,7.230423,0.252513,652.5012,0.842896,0.066138,0.804492,0.12937,81920,53452902,2497,456817,168,1253
9060,157.12,75.649,7.479807,7.232605,0.247202,649.531,0.8427,0.065833,0.80249,0.131677,81920,53209583,2511,457028,175,1255
9080,157.469,75.827,7.476655,7.227676,0.248979,635.909,0.845471,0.064099,0.802625,0.133276,81920,52093664,2556,457015,171,1256
9100,157.82,76.008,7.475309,7.230896,0.244413,634.2126,0.841248,0.064001,0.799316,0.136682,81920,51954696,2591,457091,172,1256
9120,158.167,76.184,7.472913,7.232361,0.240552,630.7125,0.840063,0.063562,0.796729,0.139709,81920,51667966,2531,457346,180,1262
9140,158.516,76.363,7.473055,7.229736,0.243319,638.082,0.839539,0.064514,0.795886,0.1396,81920,52271675,2520,457182,174,1262
9160,158.879,76.545,7.475641,7.232269,0.243372,640.3405,0.839099,0.064771,0.797998,0.137231,81920,52456690,2527,457086,174,1264
9180,159.307,76.759,7.474867,7.235001,0.239866,642.4209,0.838733,0.065015,0.79707,0.137915,81920,52627124,2488,457296,173,1264
9200,159.662,76.937,7.478865,7.241699,0.237166,642.3954,0.839746,0.064978,0.795789,0.139233,81920,52625034,2503,457446,165,1266
9220,160.012,77.114,7.479106,7.242264,0.236842,638.1932,0.83728,0.064441,0.797607,0.137952,81920,52280790,2528,457510,168,1266
9240,160.371,77.292,7.481485,7.246002,0.235483,646.7965,0.837402,0.065515,0.79657,0.137915,81920,52985572,2440,457616,170,1268
9260,160.729,77.478,7.483001,7.246796,0.236206,648.2602,0.833264,0.065723,0.795337,0.13894,81920,53105475,2462,457446,174,1273
9280,161.08,77.657,7.484741,7.247284,0.237457,635.9779,0.83396,0.064246,0.796179,0.139575,81920,52099309,2601,457592,165,1273
9300,161.432,77.833,7.48555,7.24971,0.23584,630.5619,0.835303,0.063574,0.792529,0.143896,81920,51655631,2560,457667,160,1273
9320,161.798,78.016,7.486618,7.24884,0.237778,631.7066,0.833228,0.063672,0.791907,0.144421,81920,51749406,2497,457596,161,1275
9340,162.153,78.195,7.48457,7.241196,0.243374,632.6422,0.835693,0.063733,0.793066,0.143201,81920,51826050,2541,457189,161,1277
9360,162.526,78.385,7.485596,7.244186,0.24141,643.7552,0.838184,0.065039,0.794617,0.140344,81920,52736425,2500,457124,160,1277
9380,162.882,78.567,7.48741,7.244324,0.243087,649.5255,0.837024,0.065881,0.794836,0.139282,81920,53209125,2440,456816,156,1277
9400,163.245,78.75,7.48778,7.245575,0.242205,653.8271,0.839197,0.066382,0.797205,0.136414,81920,53561515,2497,457121,158,1277
9420,163.633,78.935,7.4882,7.244492,0.243709,649.6115,0.840637,0.065845,0.798132,0.136023,81920,53216178,2534,456914,163,1279
9440,163.989,79.115,7.4894,7.245392,0.244009,648.2664,0.843164,0.065454,0.800098,0.134448,81920,53105987,2534,456940,160,1281
9460,164.343,79.295,7.493346,7.252518,0.240828,664.8417,0.84198,0.067615,0.797461,0.134924,81920,54463829,2608,457312,158,1283
9480,164.724,79.477,7.50059,7.25502,0.24557,663.9604,0.839258,0.067517,0.797803,0.13468,81920,54391632,2437,457096,159,1283
9500,165.078,79.658,7.501504,7.255096,0.246407,665.0595,0.840845,0.067676,0.798096,0.134229,81920,54481678,2560,456950,159,1285
9520,165.434,79.841,7.508311,7.254669,0.253642,668.8927,0.841125,0.068127,0.799158,0.132715,81920,54795691,2471,456771,159,1285
9540,165.836,80.071,7.512063,7.25975,0.252313,658.864,0.838989,0.066943,0.796301,0.136755,81920,53974141,2538,457142,159,1289
9560,166.192,80.254,7.510599,7.258896,0.251703,657.7561,0.837695,0.066931,0.795264,0.137805,81920,53883382,2471,457040,161,1293
9580,166.546,80.437,7.509681,7.255585,0.254096,664.1154,0.841858,0.067627,0.79679,0.135583,81920,54404337,2612,456899,156,1293
9600,166.909,80.625,7.509842,7.252151,0.257691,663.2268,0.844019,0.067468,0.800745,0.131787,81920,54331540,2440,456515,160,1293
9620,167.267,80.809,7.511045,7.252792,0.258253,664.87,0.84447,0.067676,0.803845,0.128479,81920,54466147,2474,456418,160,1293
9640,167.628,80.994,7.51038,7.250397,0.259984,674.2441,0.845093,0.068823,0.807605,0.123572,81920,55234080,2494,456271,164,1293
9660,167.99,81.18,7.512332,7.257431,0.254901,679.9863,0.845935,0.069507,0.807239,0.123254,81920,55704474,2430,456591,172,1296
9680,168.351,81.364,7.512926,7.257538,0.255388,675.3518,0.847339,0.068994,0.808691,0.122314,81920,55324819,2516,456703,173,1301
9700,168.708,81.549,7.509629,7.25647,0.253159,672.4853,0.847925,0.068591,0.808899,0.12251,81920,55089993,2505,456776,173,1306
9720,169.065,81.733,7.512137,7.251648,0.260489,670.6116,0.851648,0.068213,0.813342,0.118445,81920,54936506,2464,456503,173,1306
9740,169.421,81.916,7.507978,7.252106,0.255873,672.0452,0.85,0.068469,0.813757,0.117773,81920,55053941,2569,456658,171,1306
9760,169.797,82.11,7.506299,7.255508,0.25079,675.8149,0.848657,0.068958,0.811829,0.119214,81920,55362757,2577,456865,172,1306
9780,170.152,82.295,7.505507,7.249908,0.255598,677.8347,0.850232,0.069202,0.809265,0.121533,81920,55528219,2462,456670,171,1306
9800,170.511,82.48,7.506403,7.254333,0.252069,689.4234,0.850366,0.070667,0.806421,0.122913,81920,56477564,2573,456724,173,1309
9820,170.873,82.665,7.508091,7.246536,0.261555,686.2073,0.853162,0.070154,0.810486,0.11936,81920,56214106,2511,455991,167,1309
9840,171.232,82.847,7.514153,7.254745,0.259407,673.8509,0.852551,0.06864,0.812854,0.118506,81920,55201869,2502,456170,164,1309
9860,171.599,83.033,7.515439,7.254639,0.260801,687.6781,0.857971,0.070312,0.812805,0.116882,81920,56334587,2442,456336,172,1313
9880,171.969,83.22,7.514101,7.256775,0.257326,688.8917,0.855688,0.07052,0.811755,0.117725,81920,56434012,2513,456470,175,1316
9900,172.331,83.41,7.513414,7.250778,0.262636,688.9803,0.855615,0.070422,0.811841,0.117737,81920,56441270,2464,456036,181,1316
9920,172.692,83.597,7.512651,7.247894,0.264757,684.4854,0.85697,0.069824,0.812708,0.117468,81920,56073048,2526,455860,185,1318
9940,173.047,83.779,7.515162,7.253143,0.262019,674.7416,0.852954,0.068677,0.811816,0.119507,81920,55274830,2556,456051,184,1318
9960,173.408,83.962,7.519654,7.259399,0.260255,669.9739,0.850879,0.068054,0.814478,0.117468,81920,54884261,2554,456279,185,1320
9980,173.772,84.145,7.524395,7.262299,0.262096,662.8102,0.853101,0.067163,0.817102,0.115735,81920,54297412,2449,456195,182,1320
10000,174.134,84.331,7.525872,7.260117,0.265756,660.27,0.854895,0.066858,0.815869,0.117273,81920,54089319,2458,455937,184,1322
10020,174.498,84.516,7.524176,7.255539,0.268637,670.6239,0.854395,0.068225,0.816016,0.115759,81920,54937508,2567,455560,178,1322
10040,174.858,84.704,7.519773,7.246597,0.273176,676.4536,0.854517,0.068884,0.817078,0.114038,81920,55415079,2496,455250,179,1326
10060,175.217,84.893,7.519244,7.245544,0.273699,683.0496,0.857593,0.069666,0.819751,0.110583,81920,55955422,2479,455254,179,1326
10080,175.582,85.079,7.52105,7.246704,0.274346,683.4579,0.858008,0.069788,0.819836,0.110376,81920,55988869,2500,455481,180,1328
10100,175.974,85.289,7.520585,7.252335,0.26825,691.5462,0.861096,0.070789,0.818652,0.110559,81920,56651463,2597,455870,174,1328
10120,176.337,85.477,7.517886,7.257156,0.26073,681.193,0.861841,0.069482,0.819006,0.111511,81920,55803334,2536,456333,178,1334
10140,176.704,85.666,7.518637,7.258362,0.260275,678.9758,0.859827,0.069226,0.816455,0.114319,81920,55621695,2497,456307,182,1336
10160,177.085,85.852,7.515402,7.255844,0.259558,677.3531,0.858301,0.069043,0.815515,0.115442,81920,55488765,2490,456329,178,1336
10180,177.448,86.04,7.518795,7.258652,0.260144,688.9371,0.857947,0.070459,0.812305,0.117236,81920,56437724,2556,456445,181,1336
10200,177.814,86.228,7.51836,7.263031,0.255329,677.1114,0.856714,0.069006,0.812549,0.118445,81920,55468965,2612,456711,175,1336
10220,178.188,86.413,7.522581,7.26532,0.257261,676.7335,0.856482,0.069067,0.810852,0.120081,81920,55438010,2507,456594,182,1339
10240,178.544,86.596,7.521645,7.263306,0.25834,679.5382,0.856189,0.069324,0.810681,0.119995,81920,55667770,2432,456627,184,1339
10260,178.901,86.778,7.523146,7.268021,0.255125,674.0047,0.85575,0.068726,0.810303,0.120972,81920,55214462,2446,456602,182,1339
10280,179.358,87.064,7.524002,7.26474,0.259262,667.3413,0.853613,0.067883,0.809351,0.122766,81920,54668600,2512,456363,186,1339
10300,179.996,87.33,7.524449,7.263184,0.261265,672.9816,0.855042,0.068567,0.810217,0.121216,81920,55130653,2553,456233,183,1339
10320,180.482,87.643,7.530455,7.273224,0.257231,657.5022,0.853833,0.066711,0.80752,0.125769,81920,53862580,2502,456490,182,1339
10340,180.857,87.832,7.531847,7.277542,0.254305,664.6429,0.852991,0.06759,0.807935,0.124475,81920,54447550,2473,456672,182,1343
10360,181.247,88.017,7.53498,7.278778,0.256202,652.1974,0.853088,0.065942,0.809363,0.124695,81920,53428013,2556,456646,185,1349
10380,181.609,88.206,7.536776,7.275497,0.261279,648.5452,0.852783,0.065515,0.807263,0.127222,81920,53128824,2615,456507,180,1352
10400,181.964,88.389,7.541218,7.281525,0.259694,649.3403,0.851746,0.065723,0.805713,0.128564,81920,53193956,2505,456613,178,1354
10420,182.314,88.565,7.537748,7.280197,0.257551,649.7681,0.849573,0.065747,0.802783,0.13147,81920,53229001,2582,456677,173,1354
10440,182.663,88.741,7.538489,7.276535,0.261954,643.3928,0.850879,0.064978,0.804492,0.13053,81920,52706739,2407,456593,169,1354
10460,183.01,88.917,7.537647,7.272446,0.265201,642.7303,0.853882,0.06488,0.809985,0.125134,81920,52652468,2533,456331,173,1356
10480,183.365,89.096,7.538696,7.273132,0.265563,651.6847,0.85835,0.065906,0.813135,0.120959,81920,53386013,2549,456377,174,1356
10500,183.714,89.273,7.541805,7.278183,0.263622,652.7868,0.855945,0.066089,0.811853,0.122058,81920,53476298,2490,456554,173,1356
10520,184.066,89.453,7.53661,7.270157,0.266453,650.975,0.854968,0.065845,0.810596,0.12356,81920,53327875,2585,456309,168,1358
10540,184.411,89.629,7.536046,7.272324,0.263722,639.6236,0.853906,0.06449,0.812097,0.123413,81920,52397963,2548,456626,169,1358
10560,184.761,89.808,7.53535,7.274521,0.260829,649.1168,0.853601,0.065576,0.806506,0.127917,81920,53175647,2505,456697,168,1360
10580,185.11,89.986,7.532938,7.28038,0.252557,656.2132,0.851575,0.06637,0.803992,0.129639,81920,53756985,2406,457208,165,1360
10600,185.459,90.164,7.530891,7.27211,0.258781,662.5789,0.850818,0.067236,0.801648,0.131116,81920,54278464,2524,456661,166,1360
10620,185.808,90.343,7.532746,7.276764,0.255982,662.8174,0.852344,0.067273,0.803723,0.129004,81920,54297999,2581,456940,166,1360
10640,186.164,90.523,7.533251,7.277176,0.256075,657.2394,0.853809,0.066565,0.805591,0.127844,81920,53841049,2468,457097,168,1362
10660,186.516,90.704,7.531559,7.26915,0.262409,661.6525,0.854053,0.067078,0.806714,0.126208,81920,54202576,2489,456476,162,1362
10680,186.87,90.884,7.531075,7.267395,0.26368,650.9641,0.856323,0.065601,0.808887,0.125513,81920,53326981,2482,456311,163,1362
10700,187.225,91.066,7.533543,7.267105,0.266438,654.2363,0.854956,0.066174,0.807471,0.126355,81920,53595040,2555,456419,164,1362
10720,187.575,91.244,7.531676,7.262543,0.269134,655.1841,0.856384,0.066272,0.810376,0.123352,81920,53672681,2600,456162,162,1362
10740,187.927,91.425,7.527482,7.253159,0.274323,660.6893,0.856677,0.066956,0.811877,0.121167,81920,54123667,2520,455752,162,1362
10760,188.311,91.623,7.524341,7.252014,0.272327,664.7054,0.85957,0.067493,0.808655,0.123853,81920,54452665,2509,455785,171,1366
10780,188.655,91.799,7.522531,7.248901,0.27363,652.9122,0.860559,0.066077,0.807239,0.126685,81920,53486564,2510,455945,171,1368
10800,188.999,91.975,7.520626,7.254684,0.265941,653.6543,0.859033,0.066187,0.807324,0.126489,81920,53547358,2545,456196,173,1371
10820,189.345,92.152,7.520482,7.248245,0.272237,652.5182,0.859192,0.065979,0.808228,0.125793,81920,53454294,2497,455583,177,1373
10840,189.693,92.329,7.520893,7.25,0.270893,653.4701,0.860352,0.066089,0.808984,0.124927,81920,53532271,2501,455801,173,1375
10860,190.043,92.509,7.519682,7.254425,0.265257,662.5339,0.856873,0.067261,0.806226,0.126514,81920,54274778,2453,456123,176,1379
10880,190.394,92.687,7.516843,7.252228,0.264615,660.2329,0.856543,0.066943,0.806726,0.126331,81920,54086280,2463,456030,174,1381
10900,190.793,92.866,7.517622,7.250519,0.267104,662.2866,0.855579,0.067249,0.805688,0.127063,81920,54254518,2584,456164,175,1381
10920,191.137,93.044,7.518046,7.246765,0.27128,663.0105,0.854871,0.067322,0.804126,0.128552,81920,54313819,2504,456013,173,1381
10940,191.483,93.222,7.52063,7.241699,0.278931,661.7794,0.855127,0.06709,0.806067,0.126843,81920,54212967,2512,455702,177,1384
10960,191.837,93.407,7.521039,7.242798,0.278241,679.3608,0.855835,0.069275,0.804163,0.126562,81920,55653234,2573,455695,169,1384
10980,192.187,93.587,7.516079,7.2397,0.276378,677.0857,0.853137,0.069116,0.802747,0.128137,81920,55466864,2490,455570,173,1389
11000,192.538,93.77,7.516593,7.237427,0.279166,676.4717,0.852844,0.069055,0.8021,0.128845,81920,55416562,2506,455618,172,1389
11020,192.892,93.954,7.514985,7.227402,0.287584,673.935,0.85282,0.068701,0.799524,0.131775,81920,55208757,2594,455146,173,1391
11040,193.281,94.171,7.515067,7.228546,0.286521,677.2464,0.851245,0.06925,0.797546,0.133203,81920,55480027,2512,455239,178,1395
11060,193.636,94.351,7.512248,7.229401,0.282847,681.2589,0.852405,0.069629,0.796777,0.133594,81920,55808726,2561,455437,179,1396
11080,193.987,94.531,7.511952,7.227264,0.284687,678.8786,0.852368,0.069409,0.798083,0.132507,81920,55613732,2489,455357,183,1400
11100,194.342,94.711,7.508233,7.219299,0.288934,674.7766,0.85387,0.068848,0.799048,0.132104,81920,55277702,2554,455207,179,1402
11120,194.729,94.895,7.508573,7.217178,0.291394,682.2074,0.856372,0.069788,0.799756,0.130457,81920,55886431,2578,455107,180,1402
11140,195.084,95.076,7.508408,7.217377,0.291031,672.7761,0.856238,0.068616,0.802673,0.128711,81920,55113819,2599,455122,178,1402
11160,195.435,95.256,7.511616,7.217163,0.294453,675.5669,0.858191,0.06897,0.801697,0.129333,81920,55342443,2575,454972,183,1406
11180,195.797,95.439,7.515137,7.219254,0.295883,670.3211,0.85719,0.068396,0.799866,0.131738,81920,54912701,2527,455046,178,1410
11200,196.148,95.619,7.513517,7.219711,0.293806,660.9284,0.856335,0.067188,0.800415,0.132397,81920,54143257,2473,455041,179,1412
11220,196.499,95.796,7.515676,7.222229,0.293447,660.6952,0.852136,0.067175,0.797681,0.135144,81920,54124149,2616,455130,185,1416
11240,196.858,95.981,7.517707,7.223343,0.294364,657.8066,0.852185,0.066846,0.797083,0.136072,81920,53887516,2516,455221,189,1420
11260,197.208,96.158,7.514905,7.223145,0.291761,658.1147,0.849182,0.066797,0.8021,0.131104,81920,53912756,2591,455265,192,1426
11280,197.563,96.341,7.516754,7.222763,0.293991,669.6281,0.84718,0.068237,0.801599,0.130164,81920,54855935,2491,455047,189,1427
11300,197.916,96.522,7.513195,7.221451,0.291744,669.886,0.845972,0.068262,0.800415,0.131323,81920,54877060,2488,455213,187,1427
11320,198.31,96.73,7.509709,7.225128,0.284581,669.7865,0.844739,0.068335,0.799475,0.13219,81920,54868909,2556,455602,187,1427
11340,198.665,96.908,7.509626,7.226807,0.282819,664.5135,0.843835,0.067798,0.795178,0.137024,81920,54436946,2521,455856,187,1429
11360,199.051,97.089,7.505288,7.227158,0.278131,668.4553,0.842847,0.068274,0.793945,0.137781,81920,54759858,2525,455935,189,1429
11380,199.417,97.272,7.50175,7.228104,0.273647,660.9965,0.844385,0.067334,0.793347,0.139319,81920,54148832,2508,456127,197,1434
11400,199.77,97.453,7.50436,7.235062,0.269298,650.3591,0.847668,0.065955,0.794849,0.139197,81920,53277421,2497,456553,190,1434
11420,200.118,97.632,7.504007,7.23494,0.269067,654.483,0.842456,0.066479,0.791553,0.141968,81920,53615251,2486,456561,184,1434
11440,200.48,97.818,7.506696,7.238083,0.268613,653.5408,0.840393,0.066443,0.789246,0.144312,81920,53538063,2518,456685,178,1438
11460,200.852,98.005,7.506915,7.237762,0.269153,656.8281,0.840735,0.066797,0.789697,0.143506,81920,53807355,2489,456625,176,1438
11480,201.23,98.21,7.508557,7.236832,0.271725,652.2275,0.841077,0.066309,0.789331,0.14436,81920,53430480,2574,456477,184,1442
11500,201.582,98.386,7.512234,7.242188,0.270046,645.7173,0.842676,0.065479,0.791833,0.142688,81920,52897165,2475,456562,187,1447
11520,201.947,98.572,7.510779,7.241898,0.268881,654.6656,0.84054,0.066577,0.79093,0.142493,81920,53630205,2464,456537,182,1447
11540,202.299,98.747,7.507461,7.242523,0.264938,649.0834,0.83678,0.065955,0.790002,0.144043,81920,53172912,2591,456595,182,1447
11560,202.662,98.928,7.510369,7.241425,0.268945,661.9644,0.83645,0.067517,0.78916,0.143323,81920,54228123,2529,456463,177,1447
11580,203.021,99.116,7.510636,7.235031,0.275605,656.2427,0.834131,0.066711,0.792139,0.14115,81920,53759398,2513,455912,177,1447
11600,203.373,99.294,7.510666,7.230026,0.28064,661.2391,0.833655,0.067383,0.792053,0.140564,81920,54168703,2393,455645,180,1451
11620,203.79,99.495,7.513976,7.237564,0.276412,663.2816,0.833154,0.067664,0.792981,0.139355,81920,54336027,2577,456009,176,1453
11640,204.159,99.693,7.511986,7.23053,0.281456,668.1604,0.837,0.068152,0.793872,0.137976,81920,54735703,2492,455608,177,1453
11660,204.509,99.872,7.515158,7.232498,0.282659,673.0564,0.837695,0.06875,0.789551,0.141699,81920,55136777,2560,455500,189,1459
11680,204.869,100.057,7.517961,7.231064,0.286897,668.5883,0.835059,0.06825,0.788477,0.143274,81920,54770753,2465,455245,190,1462
11700,205.225,100.237,7.516932,7.229233,0.287699,670.6675,0.835156,0.068542,0.787244,0.144214,81920,54941079,2458,455398,191,1468
11720,205.576,100.417,7.5159,7.230194,0.285706,666.8996,0.83595,0.068091,0.787903,0.144006,81920,54632413,2512,455594,186,1468
11740,205.969,100.634,7.51124,7.225632,0.285608,671.3685,0.836694,0.068604,0.787695,0.143701,81920,54998508,2552,455588,191,1473
11760,206.323,100.814,7.510985,7.225449,0.285536,676.0972,0.836816,0.069128,0.788464,0.142407,81920,55385885,2539,455627,198,1477
11780,206.709,101.0,7.510656,7.225494,0.285162,678.7872,0.83811,0.069507,0.789697,0.140796,81920,55606250,2492,455540,194,1477
11800,207.296,101.397,7.510423,7.218689,0.291734,676.6147,0.841223,0.069177,0.792188,0.138635,81920,55428275,2535,455139,196,1480
11820,207.718,101.65,7.510903,7.219498,0.291406,674.1252,0.838452,0.068933,0.792786,0.138281,81920,55224340,2577,455143,189,1484
11840,208.065,101.829,7.510415,7.20871,0.301706,674.2945,0.840015,0.068921,0.793042,0.138037,81920,55238208,2512,454520,188,1484
11860,208.414,102.009,7.513789,7.205154,0.308635,671.0716,0.843933,0.068408,0.797205,0.134387,81920,54974187,2526,454139,189,1488
11880,208.761,102.19,7.511823,7.197678,0.314146,679.5643,0.843872,0.069519,0.798975,0.131506,81920,55669911,2420,454094,185,1488
11900,209.112,102.373,7.510456,7.188934,0.321522,686.6256,0.846375,0.070374,0.801367,0.128259,81920,56248367,2448,453636,185,1492
11920,209.462,102.555,7.508435,7.183182,0.325253,687.0572,0.849829,0.070288,0.806506,0.123206,81920,56283723,2489,453331,191,1501
11940,209.813,102.738,7.50812,7.180786,0.327334,684.5931,0.851819,0.069958,0.810803,0.119238,81920,56081867,2472,453433,189,1501
11960,210.165,102.918,7.509686,7.185196,0.32449,671.4157,0.854749,0.068396,0.812,0.119604,81920,55002378,2529,453586,189,1503
11980,210.511,103.098,7.504549,7.181396,0.323152,675.9096,0.856274,0.068933,0.809473,0.121594,81920,55370516,2536,453436,197,1505
12000,210.864,103.278,7.500115,7.174561,0.325555,669.548,0.859839,0.068042,0.813147,0.118811,81920,54849373,2520,453351,193,1505
12020,211.216,103.462,7.499579,7.179718,0.31986,674.9462,0.859009,0.068726,0.813818,0.117456,81920,55291589,2514,453668,192,1509
12040,211.571,103.647,7.49704,7.184296,0.312744,691.7105,0.859192,0.070789,0.814062,0.115149,81920,56664927,2487,454057,192,1511
12060,211.929,103.837,7.490589,7.179993,0.310596,691.2231,0.857385,0.070813,0.81405,0.115137,81920,56624993,2487,454097,189,1514
12080,212.298,104.027,7.482737,7.175385,0.307353,694.6047,0.859277,0.07113,0.816943,0.111926,81920,56902019,2517,454372,190,1517
12100,212.664,104.224,7.480922,7.173904,0.307017,696.7062,0.85835,0.071411,0.815881,0.112708,81920,57074175,2548,454331,187,1517
12120,213.024,104.411,7.480855,7.168427,0.312428,698.9827,0.859888,0.071533,0.817041,0.111426,81920,57260666,2606,454063,187,1519
12140,213.387,104.604,7.483279,7.174683,0.308597,700.1201,0.859656,0.071814,0.815601,0.112585,81920,57353842,2463,454372,184,1521
12160,213.74,104.788,7.480101,7.17366,0.306441,681.1487,0.863281,0.06947,0.817786,0.112744,81920,55799699,2512,454609,180,1524
12180,214.09,104.97,7.477916,7.175171,0.302745,679.0202,0.868164,0.069177,0.821851,0.108972,81920,55625334,2594,454804,183,1529
12200,214.445,105.155,7.479927,7.18158,0.298348,681.1811,0.870215,0.069336,0.825598,0.105066,81920,55802355,2629,455192,189,1531
12220,214.805,105.343,7.486156,7.188416,0.297741,674.8278,0.870862,0.068616,0.828027,0.103357,81920,55281897,2455,455091,189,1534
12240,215.17,105.53,7.487766,7.186188,0.301578,669.099,0.870618,0.067932,0.827686,0.104382,81920,54812588,2426,454962,182,1534
12260,215.53,105.718,7.485736,7.178314,0.307422,669.9709,0.87262,0.067969,0.829626,0.102405,81920,54884013,2530,454463,181,1538
12280,215.892,105.904,7.486817,7.177063,0.309754,671.3993,0.873572,0.068152,0.83125,0.100598,81920,55001032,2484,454346,181,1540
12300,216.251,106.089,7.488944,7.182953,0.305991,673.7249,0.872595,0.068469,0.830798,0.100732,81920,55191546,2430,454625,176,1542
12320,216.613,106.277,7.490782,7.188171,0.30261,673.1498,0.870789,0.068335,0.828418,0.103247,81920,55144433,2528,454804,176,1544
12340,216.967,106.46,7.492951,7.186752,0.306199,680.3434,0.86709,0.069263,0.820789,0.109949,81920,55733731,2559,454586,178,1547
12360,217.322,106.644,7.495805,7.194016,0.30179,679.7551,0.864734,0.069312,0.818176,0.112512,81920,55685536,2495,454864,181,1553
12380,217.681,106.828,7.49961,7.196671,0.302939,678.944,0.866101,0.069189,0.819507,0.111304,81920,55619096,2541,454937,181,1553
12400,218.039,107.011,7.500891,7.200089,0.300802,682.062,0.864771,0.069568,0.818835,0.111597,81920,55874516,2480,455091,183,1556
12420,218.442,107.242,7.502802,7.20546,0.297343,678.7309,0.864868,0.069165,0.818518,0.112317,81920,55601636,2496,455394,182,1560
12440,218.797,107.424,7.502339,7.205154,0.297185,682.747,0.866003,0.069702,0.818164,0.112134,81920,55930637,2552,455255,175,1562
12460,219.153,107.607,7.502041,7.212296,0.289746,679.2707,0.864722,0.069348,0.818555,0.112097,81920,55645853,2565,455721,182,1571
12480,219.504,107.788,7.499217,7.210938,0.288279,674.3573,0.862756,0.068616,0.819653,0.111731,81920,55243353,2469,455767,184,1571
12500,219.869,107.973,7.501296,7.207275,0.294021,680.5401,0.862805,0.069446,0.818115,0.112439,81920,55749842,2493,455505,184,1573
12520,220.225,108.158,7.505212,7.212906,0.292307,679.4072,0.857971,0.069324,0.818347,0.112329,81920,55657040,2531,455450,184,1573
12540,220.589,108.344,7.50446,7.210007,0.294453,675.9636,0.85625,0.06875,0.818396,0.112854,81920,55374936,2583,455335,182,1575
12560,220.937,108.524,7.504454,7.211411,0.293043,674.7193,0.854041,0.068738,0.81532,0.115942,81920,55273004,2599,455305,185,1577
12580,221.299,108.712,7.507031,7.213303,0.293728,673.9481,0.850879,0.068628,0.812585,0.118787,81920,55209828,2496,455477,183,1579
12600,221.672,108.916,7.506367,7.215988,0.290379,674.1045,0.847546,0.068665,0.808923,0.122412,81920,55222643,2590,455758,180,1579
12620,222.024,109.097,7.506148,7.203278,0.30287,666.0966,0.847949,0.067688,0.808032,0.12428,81920,54566634,2550,455025,173,1579
12640,222.418,109.283,7.506537,7.207718,0.298819,659.4885,0.850049,0.066809,0.808398,0.124792,81920,54025297,2528,455130,175,1587
12660,222.77,109.464,7.504308,7.206161,0.298146,666.6277,0.848718,0.067749,0.807166,0.125085,81920,54610141,2453,455123,176,1587
12680,223.116,109.641,7.50726,7.207138,0.300121,656.598,0.849341,0.066418,0.806421,0.127161,81920,53788505,2550,455089,172,1587
12700,223.462,109.818,7.512656,7.206161,0.306494,663.0682,0.845508,0.067212,0.805811,0.126978,81920,54318549,2558,454848,179,1592
12720,223.814,110.001,7.516953,7.211731,0.305222,659.9421,0.844385,0.066907,0.807007,0.126086,81920,54062455,2542,455000,178,1597
12740,224.163,110.18,7.519485,7.214218,0.305267,661.7842,0.845898,0.067126,0.808508,0.124365,81920,54213363,2566,455061,177,1599
12760,224.509,110.357,7.520475,7.219986,0.300489,651.5754,0.844275,0.065784,0.808044,0.126172,81920,53377059,2577,455296,183,1606
12780,224.856,110.534,7.520318,7.220734,0.299585,653.5169,0.843506,0.065991,0.8052,0.128809,81920,53536102,2460,455502,187,1610
12800,225.205,110.711,7.518249,7.217758,0.300491,654.3952,0.844214,0.066089,0.803687,0.130225,81920,53608055,2435,455282,180,1610
12820,225.547,110.887,7.517571,7.218277,0.299294,645.2657,0.846558,0.065027,0.805017,0.129956,81920,52860164,2421,455252,180,1612
12840,225.891,111.062,7.515181,7.214066,0.301115,644.9348,0.849634,0.064856,0.80509,0.130054,81920,52833058,2457,454963,184,1615
12860,226.239,111.239,7.51414,7.211395,0.302745,649.3037,0.851453,0.06543,0.804175,0.130396,81920,53190963,2472,454953,188,1620
12880,226.595,111.426,7.51417,7.212067,0.302104,651.3857,0.852954,0.065698,0.800879,0.133423,81920,53361518,2539,455049,189,1620
12900,226.937,111.601,7.51253,7.205948,0.306582,649.3851,0.852881,0.065637,0.802795,0.131567,81920,53197627,2557,454649,188,1622
12920,227.28,111.777,7.511424,7.198486,0.312938,645.7571,0.8552,0.065112,0.804187,0.130701,81920,52900425,2442,454225,190,1625
12940,227.623,111.953,7.513656,7.186417,0.327239,648.2016,0.857043,0.065344,0.807507,0.127148,81920,53100677,2517,453337,191,1627
12960,227.972,112.129,7.515301,7.192123,0.323177,644.2717,0.857446,0.064917,0.809045,0.126038,81920,52778740,2512,453744,198,1633
12980,228.319,112.303,7.512242,7.188278,0.323963,639.7225,0.856836,0.064307,0.810095,0.125598,81920,52406071,2526,453628,203,1640
13000,228.663,112.478,7.510763,7.184402,0.326361,636.8396,0.857544,0.063965,0.809985,0.12605,81920,52169897,2531,453668,199,1642
13020,229.011,112.654,7.507792,7.181366,0.326426,642.7538,0.854956,0.064673,0.807263,0.128064,81920,52654394,2503,453532,215,1652
13040,229.357,112.829,7.508913,7.182709,0.326205,637.3449,0.856262,0.064111,0.808606,0.127283,81920,52211298,2529,453540,200,1652
13060,229.702,113.003,7.513761,7.189499,0.324262,633.3103,0.853882,0.063489,0.811584,0.124927,81920,51880778,2506,453601,197,1654
13080,230.047,113.177,7.516083,7.195511,0.320572,624.9218,0.853711,0.062512,0.812268,0.12522,81920,51193595,2534,453900,199,1657
13100,230.385,113.349,7.517812,7.198898,0.318914,618.1559,0.84873,0.061682,0.809595,0.128723,81920,50639333,2535,454098,201,1661
13120,230.761,113.52,7.52101,7.206665,0.314345,620.0329,0.848193,0.061926,0.806177,0.131897,81920,50793094,2583,454458,193,1662
13140,231.1,113.691,7.520948,7.203339,0.317609,616.8983,0.846899,0.061414,0.809497,0.129089,81920,50536305,2516,454255,187,1662
13160,231.442,113.864,7.51556,7.208481,0.307079,630.5045,0.847461,0.063123,0.810681,0.126196,81920,51650926,2510,454627,190,1662
13180,231.782,114.038,7.51635,7.202316,0.314034,638.4227,0.849609,0.064062,0.807227,0.128711,81920,52299586,2523,454361,184,1662
13200,232.122,114.211,7.513057,7.199966,0.313091,635.2146,0.846545,0.063843,0.803894,0.132263,81920,52036783,2558,454335,182,1664
13220,232.505,114.418,7.514575,7.202118,0.312458,635.9576,0.845374,0.063989,0.801917,0.134094,81920,52097646,2494,454422,184,1664
13240,232.852,114.596,7.517744,7.197342,0.320402,636.36,0.846655,0.06405,0.802405,0.133545,81920,52130613,2448,453875,181,1664
13260,233.219,114.771,7.519095,7.19519,0.323905,643.6843,0.848145,0.064893,0.799683,0.135425,81920,52730620,2512,453833,187,1666
13280,233.571,114.95,7.514557,7.195969,0.318589,652.2621,0.842969,0.066003,0.796936,0.137061,81920,53433308,2545,453977,185,1668
13300,233.92,115.131,7.512075,7.194336,0.317739,647.408,0.841663,0.065356,0.797559,0.137085,81920,53035664,2477,453849,178,1668
13320,234.263,115.305,7.510101,7.187088,0.323013,632.2495,0.844897,0.063538,0.800757,0.135706,81920,51793876,2596,453620,184,1675
13340,234.609,115.478,7.511337,7.186661,0.324676,629.4854,0.843677,0.06322,0.799304,0.137476,81920,51567441,2538,453718,189,1680
13360,234.951,115.652,7.515915,7.190369,0.325546,627.376,0.842944,0.062964,0.80304,0.133997,81920,51394643,2526,453844,191,1683
13380,235.342,115.859,7.513288,7.185608,0.32768,620.0136,0.844763,0.061975,0.804834,0.133191,81920,50791517,2589,453644,190,1683
13400,235.697,116.031,7.514139,7.190903,0.323236,607.7818,0.844958,0.06051,0.804358,0.135132,81920,49789487,2519,454064,185,1683
13420,236.039,116.201,7.516611,7.184845,0.331766,607.6875,0.844104,0.060486,0.805908,0.133606,81920,49781758,2521,453480,179,1683
13440,236.388,116.377,7.517918,7.189377,0.328541,605.836,0.846167,0.060291,0.806482,0.133228,81920,49630082,2457,453686,176,1685
13460,236.736,116.553,7.515248,7.189194,0.326054,608.0568,0.847827,0.060693,0.806091,0.133215,81920,49812012,2528,453533,180,1685
13480,237.103,116.722,7.512994,7.185898,0.327096,604.9025,0.849475,0.060254,0.806531,0.133215,81920,49553612,2501,453597,180,1685
13500,237.446,116.891,7.51339,7.181656,0.331734,602.3498,0.850085,0.059961,0.80752,0.13252,81920,49344492,2577,453515,193,1693
13520,237.788,117.06,7.507478,7.179459,0.32802,602.5547,0.851172,0.059985,0.808386,0.131628,81920,49361285,2561,453434,189,1697
13540,238.127,117.229,7.509256,7.179489,0.329767,605.5987,0.852991,0.060266,0.811804,0.12793,81920,49610648,2555,453175,187,1699
13560,238.482,117.399,7.504285,7.162979,0.341306,607.8579,0.853003,0.060608,0.810828,0.128564,81920,49795716,2529,452585,200,1710
13580,238.83,117.572,7.506342,7.153717,0.352625,604.2968,0.854382,0.060083,0.812488,0.127429,81920,49503992,2514,451886,201,1710
13600,239.168,117.741,7.505625,7.152359,0.353266,600.3803,0.851123,0.059619,0.81626,0.124121,81920,49183152,2486,451946,201,1712
13620,239.511,117.912,7.503053,7.154022,0.349031,610.7894,0.853711,0.060901,0.816321,0.122778,81920,50035866,2519,452253,210,1718
13640,239.869,118.098,7.501117,7.1521,0.349018,609.3415,0.850439,0.060791,0.815918,0.123291,81920,49917258,2550,452351,214,1720
13660,240.213,118.269,7.501985,7.154999,0.346987,610.2566,0.848474,0.060986,0.813928,0.125085,81920,49992218,2555,452503,229,1726
13680,240.559,118.441,7.500821,7.155319,0.345502,613.9489,0.851782,0.061292,0.812683,0.126025,81920,50294691,2442,452654,219,1726
13700,240.909,118.617,7.497903,7.151581,0.346322,612.7184,0.849194,0.061182,0.812476,0.126343,81920,50193892,2540,452813,212,1726
13720,241.255,118.79,7.494595,7.151581,0.343015,616.4911,0.847778,0.061621,0.813245,0.125134,81920,50502950,2539,452728,209,1728
13740,241.615,118.962,7.496828,7.155304,0.341524,610.1752,0.847522,0.060876,0.815149,0.123975,81920,49985549,2514,452897,210,1730
13760,241.958,119.134,7.496955,7.157806,0.339149,614.8363,0.848682,0.061401,0.817761,0.120837,81920,50367386,2590,453062,210,1734
13780,242.314,119.306,7.49297,7.156052,0.336918,618.3353,0.852039,0.061755,0.820728,0.117517,81920,50654028,2537,453109,213,1737
13800,242.663,119.481,7.4924,7.159698,0.332702,625.7767,0.85271,0.062744,0.82052,0.116736,81920,51263626,2559,453465,214,1742
13820,243.024,119.664,7.493654,7.163452,0.330202,624.1243,0.852637,0.062537,0.820081,0.117383,81920,51128263,2450,453542,213,1747
13840,243.37,119.841,7.493081,7.163376,0.329705,624.8076,0.854236,0.062561,0.821619,0.11582,81920,51184240,2508,453538,208,1751
13860,243.714,120.013,7.493696,7.164978,0.328718,620.9643,0.857617,0.062122,0.821838,0.11604,81920,50869392,2509,453664,208,1757
13880,244.065,120.186,7.492142,7.166061,0.32608,621.4209,0.85498,0.062183,0.819165,0.118652,81920,50906803,2565,453821,203,1759
13900,244.41,120.361,7.487827,7.166519,0.321308,616.7314,0.855688,0.06156,0.822302,0.116138,81920,50522639,2482,454252,202,1766
13920,244.752,120.532,7.48623,7.164108,0.322122,607.5714,0.857166,0.060315,0.826819,0.112866,81920,49772252,2430,454115,193,1766
13940,245.094,120.703,7.489208,7.168472,0.320736,603.5185,0.86123,0.059814,0.828259,0.111926,81920,49440236,2500,454371,203,1774
13960,245.441,120.881,7.491529,7.167938,0.32359,615.6734,0.85885,0.061389,0.822986,0.115625,81920,50435967,2492,454195,195,1774
13980,245.792,121.057,7.489656,7.168579,0.321077,619.8536,0.862146,0.061829,0.824524,0.113647,81920,50778407,2541,454182,192,1774
14000,246.139,121.231,7.486934,7.161133,0.325802,618.7855,0.865808,0.061646,0.825525,0.11283,81920,50690911,2463,454065,194,1776
14020,246.513,121.427,7.484074,7.157028,0.327046,622.5644,0.866541,0.062195,0.825146,0.112659,81920,51000479,2492,453794,192,1777
14040,246.901,121.641,7.48302,7.161209,0.321811,610.9917,0.866895,0.060876,0.824475,0.114648,81920,50052437,2569,454145,194,1777
14060,247.292,121.86,7.484931,7.166992,0.317939,604.3714,0.866211,0.060022,0.823645,0.116333,81920,49510102,2522,454540,188,1777
14080,247.633,122.033,7.48937,7.172333,0.317037,608.9608,0.864929,0.060645,0.821033,0.118323,81920,49886066,2469,454771,187,1779
14100,247.974,122.204,7.486843,7.17778,0.309062,603.8794,0.864441,0.060022,0.818152,0.121826,81920,49469797,2496,455184,187,1781
14120,248.329,122.386,7.483789,7.178375,0.305414,606.1407,0.868555,0.060229,0.821436,0.118335,81920,49655044,2515,455323,182,1781
14140,248.671,122.559,7.483103,7.178268,0.304835,612.5817,0.870215,0.06106,0.82113,0.11781,81920,50182693,2567,455469,181,1783
14160,249.014,122.732,7.485066,7.170761,0.314305,619.0093,0.869617,0.061755,0.819836,0.118408,81920,50709243,2528,455025,177,1783
14180,249.357,122.905,7.48214,7.168625,0.313515,620.4888,0.867346,0.062024,0.818909,0.119067,81920,50830443,2532,454767,175,1785
14200,249.704,123.08,7.481379,7.17186,0.309519,623.4087,0.867334,0.062366,0.819287,0.118347,81920,51069641,2543,455102,169,1785
14220,250.053,123.257,7.484798,7.176498,0.3083,614.5633,0.868457,0.061328,0.821667,0.117004,81920,50345026,2497,455219,170,1787
14240,250.397,123.429,7.480315,7.172363,0.307952,604.9748,0.870996,0.060144,0.820264,0.119592,81920,49559532,2507,455190,176,1788
14260,250.75,123.602,7.484148,7.176544,0.307603,603.119,0.869604,0.059875,0.820947,0.119177,81920,49407511,2529,455209,182,1793
14280,251.096,123.773,7.48571,7.174408,0.311302,601.771,0.871313,0.059705,0.824561,0.115735,81920,49297077,2444,455026,179,1793
14300,251.44,123.942,7.487288,7.179031,0.308257,603.2951,0.869189,0.059863,0.822852,0.117285,81920,49421934,2516,454964,179,1793
14320,251.782,124.113,7.486055,7.177551,0.308504,605.7266,0.868665,0.060193,0.820593,0.119214,81920,49621120,2607,455058,186,1797
14340,252.127,124.284,7.488245,7.179672,0.308573,607.7802,0.868347,0.060437,0.821716,0.117847,81920,49789355,2530,455069,188,1799
14360,252.488,124.455,7.488697,7.171402,0.317295,604.5167,0.868884,0.060046,0.822156,0.117798,81920,49522004,2461,454886,193,1801
14380,252.828,124.625,7.490137,7.173355,0.316782,597.9545,0.86897,0.059167,0.823132,0.1177,81920,48984432,2481,454951,194,1803
14400,253.19,124.796,7.489069,7.167908,0.321161,598.1724,0.868506,0.059204,0.823474,0.117322,81920,49002286,2442,454713,197,1806
14420,253.532,124.966,7.486862,7.168869,0.317993,604.8498,0.868652,0.060022,0.821826,0.118152,81920,49549293,2405,455075,196,1806
14440,253.874,125.137,7.485698,7.175949,0.309749,605.2828,0.870764,0.060095,0.823413,0.116492,81920,49584768,2622,455436,190,1806
14460,254.232,125.316,7.483127,7.171997,0.31113,613.0877,0.872424,0.060889,0.828394,0.110718,81920,50224144,2539,455223,183,1806
14480,254.586,125.491,7.486802,7.174103,0.3127,624.2286,0.870325,0.062378,0.827161,0.110461,81920,51136808,2585,455151,186,1812
14500,254.959,125.669,7.48664,7.172791,0.31385,639.0853,0.869861,0.064111,0.827515,0.108374,81920,52353866,2523,454903,188,1814
14520,255.325,125.845,7.487732,7.175262,0.312469,641.734,0.866138,0.064539,0.827759,0.107703,81920,52570851,2489,454930,187,1814
14540,255.675,126.022,7.488631,7.171829,0.316801,638.6417,0.86571,0.064197,0.82616,0.109644,81920,52317530,2558,454731,193,1819
14560,256.029,126.199,7.493228,7.173401,0.319827,644.7011,0.868103,0.064832,0.827881,0.107288,81920,52813914,2537,454502,197,1823
14580,256.38,126.377,7.494697,7.178253,0.316444,640.8766,0.865393,0.064392,0.825354,0.110254,81920,52500611,2498,454809,197,1825
14600,256.776,126.603,7.494446,7.183243,0.311203,651.2296,0.867419,0.065723,0.824438,0.109839,81920,53348727,2425,455144,203,1829
14620,257.123,126.781,7.492715,7.184036,0.308679,652.9028,0.866748,0.065991,0.822717,0.111292,81920,53485801,2495,455167,198,1831
14640,257.471,126.959,7.489613,7.174011,0.315602,659.881,0.865393,0.066772,0.823279,0.109949,81920,54057451,2474,454321,199,1833
14660,257.819,127.138,7.489874,7.176529,0.313346,663.7473,0.866467,0.067334,0.822949,0.109717,81920,54374182,2485,454759,192,1833
14680,258.172,127.318,7.490007,7.183762,0.306246,662.208,0.865674,0.067175,0.820923,0.111902,81920,54248078,2481,455064,195,1833
14700,258.519,127.496,7.488416,7.182968,0.305447,653.2606,0.867737,0.066052,0.819824,0.114124,81920,53515107,2608,455204,192,1835
14720,258.91,127.716,7.488778,7.179428,0.30935,653.5102,0.86958,0.066003,0.822742,0.111255,81920,53535556,2477,454970,196,1839
14740,259.27,127.901,7.487377,7.178329,0.309048,654.2796,0.867468,0.066138,0.823145,0.110718,81920,53598582,2503,454908,195,1839
14760,259.628,128.083,7.485102,7.176682,0.308421,656.7781,0.865527,0.066479,0.821216,0.112305,81920,53803261,2459,454943,196,1840
14780,259.99,128.264,7.484915,7.174835,0.31008,649.8417,0.864246,0.065552,0.821826,0.112622,81920,53235035,2501,454827,204,1854
14800,260.34,128.442,7.48843,7.169693,0.318737,649.25,0.865808,0.065393,0.823608,0.110999,81920,53186560,2389,454425,203,1854
14820,260.69,128.619,7.487321,7.169571,0.31775,650.3269,0.864893,0.065601,0.82146,0.112939,81920,53274783,2478,454376,200,1854
14840,261.039,128.796,7.481713,7.163177,0.318536,651.0093,0.865344,0.065686,0.82157,0.112744,81920,53330681,2556,454254,193,1856
14860,261.387,128.973,7.478344,7.156784,0.32156,651.391,0.865601,0.065698,0.823389,0.110913,81920,53361951,2496,454016,195,1860
14880,261.736,129.151,7.481926,7.156052,0.325874,644.2416,0.865796,0.064783,0.823438,0.11178,81920,52776270,2485,453760,204,1867
14900,262.099,129.338,7.483002,7.16185,0.321152,635.4763,0.868591,0.063708,0.827307,0.108984,81920,52058217,2585,454191,204,1869
14920,262.471,129.53,7.484467,7.160416,0.324051,633.4043,0.869116,0.063416,0.829468,0.107117,81920,51888484,2495,454133,197,1869
14940,262.834,129.706,7.480319,7.162766,0.317554,620.9725,0.869287,0.061914,0.830615,0.107471,81920,50870064,2460,454400,190,1879
14960,263.21,129.906,7.478515,7.170227,0.308288,625.6448,0.869348,0.062561,0.827332,0.110107,81920,51252825,2554,454916,193,1881
14980,263.556,130.08,7.479986,7.171875,0.308111,626.509,0.867419,0.062646,0.827283,0.110071,81920,51323621,2501,454847,194,1881
15000,263.903,130.256,7.483937,7.175323,0.308614,632.5339,0.869165,0.063342,0.827466,0.109192,81920,51817173,2533,454894,196,1890
15020,264.281,130.45,7.485158,7.173309,0.311848,645.3955,0.866248,0.065015,0.82356,0.111426,81920,52870800,2451,454593,193,1890
15040,264.633,130.629,7.483761,7.172516,0.311245,647.873,0.864368,0.06532,0.823279,0.111401,81920,53073755,2523,454450,193,1892
15060,264.983,130.807,7.480562,7.167679,0.312883,643.9672,0.862073,0.06488,0.81897,0.11615,81920,52753795,2424,454234,196,1892
15080,265.348,131.001,7.481893,7.171997,0.309896,641.35,0.859802,0.064661,0.814185,0.121155,81920,52539391,2546,454609,199,1892
15100,265.695,131.177,7.482632,7.172394,0.310238,638.9808,0.860559,0.064331,0.816479,0.119189,81920,52345304,2531,454491,205,1896
15120,266.044,131.353,7.479966,7.173828,0.306137,632.0274,0.859839,0.063489,0.817981,0.11853,81920,51775685,2589,454663,212,1903
15140,266.391,131.528,7.477257,7.165466,0.311791,627.0214,0.861682,0.062866,0.818054,0.11908,81920,51365595,2612,454369,206,1906
15160,266.74,131.702,7.478509,7.165131,0.313378,625.2771,0.86355,0.062683,0.817065,0.120251,81920,51222701,2426,454262,194,1906
15180,267.107,131.874,7.48232,7.16864,0.31368,610.0388,0.863293,0.06073,0.817407,0.121863,81920,49974377,2477,454422,188,1908
15200,267.477,132.063,7.485888,7.171692,0.314197,608.0818,0.86084,0.060498,0.814307,0.125195,81920,49814065,2503,454429,186,1912
15220,267.825,132.234,7.487381,7.171356,0.316024,609.4493,0.856726,0.060718,0.8125,0.126782,81920,49926090,2475,454224,190,1914
15240,268.173,132.408,7.486839,7.177444,0.309394,614.5759,0.856982,0.061377,0.814197,0.124426,81920,50346056,2521,454589,194,1917
15260,268.525,132.584,7.484634,7.177658,0.306976,615.8629,0.860669,0.061536,0.81665,0.121814,81920,50451485,2493,454691,193,1922
15280,268.876,132.759,7.486855,7.181244,0.305611,613.2451,0.860022,0.061218,0.816223,0.122559,81920,50237037,2516,454821,196,1924
15300,269.271,132.979,7.487954,7.185486,0.302468,615.7377,0.860986,0.061487,0.815515,0.122998,81920,50441230,2453,455013,199,1924
15320,269.648,133.151,7.488657,7.186462,0.302194,617.8247,0.861743,0.06178,0.816321,0.121899,81920,50612197,2493,454896,203,1930
15340,270.017,133.349,7.485727,7.177963,0.307764,617.5784,0.864392,0.061621,0.816235,0.122144,81920,50592023,2523,454521,205,1932
15360,270.361,133.524,7.483978,7.173874,0.310104,617.3794,0.863245,0.061682,0.812244,0.126074,81920,50575722,2512,454144,207,1934
15380,270.709,133.698,7.483294,7.169144,0.31415,610.3059,0.863647,0.060889,0.80863,0.130481,81920,49996260,2486,453819,206,1938
15400,271.055,133.871,7.481585,7.169083,0.312502,622.8137,0.862695,0.062402,0.805994,0.131604,81920,51020895,2494,453892,202,1942
15420,271.411,134.045,7.483469,7.162521,0.320948,617.851,0.862512,0.061792,0.808191,0.130017,81920,50614357,2477,453535,207,1942
15440,271.762,134.227,7.477161,7.154587,0.322574,615.7113,0.86377,0.061462,0.811633,0.126904,81920,50439070,2551,453273,200,1942
15460,272.105,134.399,7.476577,7.156219,0.320357,618.1612,0.865027,0.061804,0.815918,0.122278,81920,50639762,2550,453592,204,1942
15480,272.452,134.575,7.477358,7.159576,0.317782,628.8352,0.868481,0.063062,0.815979,0.120959,81920,51514182,2539,453844,201,1942
15500,272.828,134.783,7.476819,7.15918,0.31764,632.462,0.87002,0.063477,0.815564,0.120959,81920,51811287,2479,453683,203,1942
15520,273.178,134.958,7.479181,7.15802,0.321161,627.1142,0.86698,0.062878,0.816296,0.120825,81920,51373194,2602,453549,203,1946
15540,273.524,135.134,7.477435,7.161362,0.316073,627.5569,0.868591,0.062927,0.819141,0.117932,81920,51409458,2495,453808,208,1952
15560,273.867,135.308,7.479611,7.155502,0.324108,621.1782,0.866687,0.062109,0.816931,0.120959,81920,50886918,2473,453696,208,1954
15580,274.217,135.487,7.476517,7.155334,0.321182,621.8853,0.865271,0.062109,0.819897,0.117993,81920,50944845,2446,453805,210,1958
15600,274.57,135.661,7.470535,7.153778,0.316757,626.3051,0.865576,0.062695,0.819421,0.117883,81920,51306913,2524,454001,208,1960
15620,274.926,135.838,7.467006,7.153473,0.313534,627.6221,0.865454,0.062866,0.813989,0.123145,81920,51414803,2516,453965,204,1960
15640,275.297,136.03,7.468832,7.15416,0.314672,628.7698,0.864709,0.063086,0.812561,0.124353,81920,51508824,2502,454016,200,1960
15660,275.669,136.205,7.469914,7.149551,0.320363,619.7301,0.863684,0.061877,0.813672,0.124451,81920,50768293,2528,453758,194,1962
15680,276.018,136.38,7.472949,7.156586,0.316363,621.2883,0.864294,0.062134,0.813281,0.124585,81920,50895937,2543,454209,196,1962
15700,276.368,136.555,7.476149,7.162445,0.313704,630.5355,0.863525,0.063318,0.813977,0.122705,81920,51653466,2550,454574,185,1962
15720,276.732,136.745,7.477943,7.167542,0.310401,641.2736,0.866907,0.0646,0.812708,0.122693,81920,52533133,2538,454829,188,1962
15740,277.081,136.921,7.474803,7.16333,0.311473,643.3226,0.867224,0.064783,0.811597,0.123621,81920,52700989,2558,454624,186,1966
15760,277.432,137.099,7.480344,7.169281,0.311063,646.6208,0.862378,0.06532,0.807397,0.127283,81920,52971172,2586,454749,190,1967
15780,277.786,137.277,7.479127,7.164871,0.314256,640.8932,0.863562,0.064673,0.807886,0.127441,81920,52501975,2441,454723,190,1967
15800,278.2,137.497,7.476241,7.161102,0.315139,639.3332,0.865796,0.064429,0.810217,0.125354,81920,52374173,2498,454402,186,1967
15820,278.549,137.673,7.480062,7.162552,0.31751,634.0353,0.866797,0.063757,0.811829,0.124414,81920,51940169,2480,454376,186,1971
15840,278.894,137.847,7.47696,7.164276,0.312684,633.4924,0.86499,0.06366,0.814014,0.122327,81920,51895697,2494,454653,181,1971
15860,279.269,138.046,7.473364,7.159714,0.31365,634.3074,0.865588,0.063745,0.809839,0.126416,81920,51962466,2522,454600,182,1977
15880,279.634,138.236,7.471682,7.158783,0.312899,637.6166,0.865759,0.064136,0.813098,0.122766,81920,52233552,2615,454535,183,1979
15900,280.019,138.421,7.471032,7.160416,0.310617,632.3916,0.866357,0.063538,0.813269,0.123193,81920,51805520,2536,454640,197,1988
15920,280.361,138.595,7.473159,7.162521,0.310638,623.256,0.8672,0.062378,0.814563,0.123059,81920,51057130,2492,454742,193,1988
15940,280.707,138.771,7.476692,7.167206,0.309486,627.4938,0.866528,0.062793,0.813354,0.123853,81920,51404289,2464,454889,191,1990
15960,281.092,138.98,7.473843,7.169586,0.304256,630.6052,0.866614,0.063269,0.811938,0.124792,81920,51659179,2512,455046,192,1990
15980,281.436,139.153,7.472026,7.172546,0.29948,619.8626,0.870886,0.061865,0.813232,0.124902,81920,50779142,2380,455217,193,1994
16000,281.782,139.326,7.469759,7.171204,0.298555,626.1417,0.872949,0.06261,0.81582,0.12157,81920,51293526,2461,455121,186,1994
16020,282.126,139.499,7.472932,7.172394,0.300538,624.1201,0.873193,0.062341,0.816089,0.12157,81920,51127919,2546,454884,186,2001
16040,282.478,139.671,7.475032,7.172684,0.302348,613.7971,0.870276,0.061145,0.814392,0.124463,81920,50282257,2477,454781,188,2004
16060,282.818,139.842,7.474758,7.177368,0.29739,609.5963,0.873547,0.060632,0.816968,0.1224,81920,49938127,2462,455054,186,2005
16080,283.165,140.014,7.476913,7.175919,0.300995,618.6641,0.87522,0.061719,0.818835,0.119446,81920,50680967,2559,455161,185,2010
16100,283.514,140.188,7.475383,7.166183,0.309199,614.9374,0.873279,0.061255,0.818872,0.119873,81920,50375672,2513,454501,186,2012
16120,283.86,140.361,7.478813,7.165146,0.313667,606.7033,0.875269,0.060339,0.821594,0.118066,81920,49701137,2615,454398,187,2012
16140,284.228,140.557,7.481202,7.167023,0.314179,595.9839,0.874121,0.058923,0.82406,0.117017,81920,48823004,2542,454609,186,2015
16160,284.569,140.727,7.479154,7.163147,0.316007,604.6511,0.873242,0.059998,0.822705,0.117297,81920,49533019,2497,454336,190,2015
16180,284.911,140.898,7.484615,7.1698,0.314815,603.6404,0.876416,0.059851,0.826562,0.113586,81920,49450220,2574,454592,195,2017
16200,285.251,141.069,7.486153,7.175735,0.310418,596.7013,0.873291,0.059045,0.826428,0.114526,81920,48881773,2541,455064,192,2017
16220,285.593,141.241,7.487372,7.176758,0.310614,588.0049,0.875232,0.057861,0.828174,0.113965,81920,48169360,2571,454855,195,2017
16240,285.941,141.414,7.486196,7.1772,0.308995,595.9211,0.874854,0.058972,0.825122,0.115906,81920,48817858,2580,454885,195,2018
16260,286.281,141.585,7.486412,7.182755,0.303658,601.4408,0.873364,0.059656,0.820715,0.119629,81920,49270034,2557,455461,192,2022
16280,286.624,141.755,7.487224,7.181122,0.306102,596.9329,0.875403,0.058984,0.821057,0.119958,81920,48900743,2505,455425,191,2023
16300,286.963,141.924,7.491464,7.183899,0.307565,603.498,0.872083,0.059875,0.820654,0.11947,81920,49438557,2566,455355,187,2023
16320,287.297,142.092,7.492849,7.188751,0.304097,592.4695,0.873035,0.058521,0.82262,0.11886,81920,48535103,2416,455608,187,2023
16340,287.633,142.259,7.490739,7.189301,0.301438,588.7488,0.874182,0.058032,0.822119,0.119849,81920,48230304,2576,455730,186,2023
16360,287.969,142.426,7.490346,7.183563,0.306783,588.0903,0.874976,0.057922,0.823462,0.118616,81920,48176355,2479,455397,186,2023
16380,288.304,142.593,7.489031,7.186981,0.30205,586.5772,0.874377,0.057776,0.825317,0.116907,81920,48052402,2495,455563,187,2028
16400,288.641,142.76,7.488811,7.184692,0.304118,586.4158,0.877441,0.057617,0.826306,0.116077,81920,48039186,2561,455608,188,2036
16420,288.979,142.927,7.492338,7.18837,0.303968,588.0771,0.874902,0.057983,0.828064,0.113953,81920,48175274,2469,455704,189,2036
16440,289.312,143.093,7.493257,7.189072,0.304186,580.6416,0.875183,0.057007,0.830408,0.112585,81920,47566156,2479,455633,190,2036
16460,289.647,143.259,7.489193,7.186859,0.302334,575.711,0.877417,0.056372,0.829089,0.114539,81920,47162245,2436,455513,193,2036
16480,289.979,143.423,7.492675,7.190857,0.301818,567.8029,0.878113,0.055432,0.828027,0.116541,81920,46514416,2556,455602,191,2038
16500,290.315,143.59,7.494773,7.194702,0.300071,567.3826,0.87887,0.055444,0.826807,0.117749,81920,46479982,2566,455749,187,2040
16520,290.647,143.755,7.495826,7.195358,0.300467,571.5184,0.880542,0.055896,0.827844,0.11626,81920,46818785,2480,455795,185,2040
16540,290.985,143.922,7.496295,7.194214,0.302081,580.7166,0.877478,0.057007,0.824463,0.11853,81920,47572303,2435,455710,183,2040
16560,291.324,144.089,7.498552,7.197769,0.300783,586.7379,0.877576,0.057812,0.825049,0.117139,81920,48065571,2586,455983,179,2040
16580,291.661,144.257,7.498582,7.195984,0.302598,589.7455,0.87583,0.058264,0.822717,0.119019,81920,48311948,2617,455889,184,2040
16600,291.996,144.425,7.501259,7.200272,0.300988,585.732,0.876709,0.057727,0.823755,0.118518,81920,47983167,2542,456164,184,2040
16620,292.333,144.592,7.496064,7.193298,0.302766,581.3011,0.876807,0.05708,0.826953,0.115967,81920,47620190,2498,455982,187,2042
16640,292.668,144.759,7.499524,7.191376,0.308149,579.5428,0.878955,0.05686,0.829297,0.113843,81920,47476149,2510,455495,187,2042
16660,293.0,144.925,7.499125,7.195526,0.303599,580.1341,0.878625,0.05697,0.829858,0.113171,81920,47524585,2518,455613,183,2042
16680,293.332,145.091,7.49822,7.194336,0.303885,577.1232,0.875085,0.056604,0.825452,0.117944,81920,47277934,2533,455472,179,2045
16700,293.666,145.256,7.49638,7.187241,0.309139,575.8006,0.874646,0.056348,0.826782,0.11687,81920,47169583,2521,455223,185,2049
16720,294.005,145.423,7.495714,7.184753,0.310961,576.0574,0.875256,0.05636,0.827747,0.115894,81920,47190621,2467,454941,190,2051
16740,294.345,145.594,7.502729,7.188736,0.313993,582.7407,0.873328,0.057361,0.823816,0.118823,81920,47738120,2388,454642,188,2051
16760,294.69,145.769,7.505786,7.190765,0.315021,584.8816,0.869153,0.057605,0.819702,0.122693,81920,47913504,2473,454649,183,2055
16780,295.029,145.935,7.506378,7.184479,0.321899,582.9631,0.868103,0.057373,0.815198,0.127429,81920,47756337,2519,454426,181,2055
16800,295.364,146.102,7.506578,7.180634,0.325944,581.3322,0.86698,0.057227,0.815027,0.127747,81920,47622734,2480,454029,187,2061
16820,295.702,146.27,7.506772,7.185013,0.321759,579.4049,0.863684,0.056982,0.8099,0.133118,81920,47464847,2541,454473,197,2066
16840,296.039,146.437,7.510399,7.182617,0.327782,583.6623,0.863403,0.057458,0.810815,0.131726,81920,47813618,2542,454221,191,2066
16860,296.392,146.603,7.511949,7.187027,0.324922,576.4782,0.866418,0.056567,0.811743,0.131689,81920,47225093,2622,454577,196,2070
16880,296.727,146.771,7.513642,7.190292,0.32335,579.2405,0.865674,0.05697,0.812561,0.130469,81920,47451381,2459,454559,199,2072
16900,297.065,146.939,7.51181,7.185974,0.325836,581.7661,0.86499,0.057288,0.809167,0.133545,81920,47658276,2508,454396,194,2074
16920,297.4,147.106,7.516481,7.185303,0.331178,588.0062,0.863879,0.058069,0.806848,0.135083,81920,48169469,2464,454100,199,2076
16940,297.735,147.274,7.517804,7.182968,0.334836,580.7981,0.862695,0.057153,0.807776,0.135071,81920,47578978,2535,453948,193,2077
16960,298.097,147.441,7.521752,7.183777,0.337975,582.9162,0.864746,0.057373,0.806201,0.136426,81920,47752496,2483,453816,186,2077
16980,298.45,147.624,7.524404,7.179626,0.344777,584.0245,0.865088,0.057458,0.807996,0.134546,81920,47843285,2510,453536,188,2079
17000,298.792,147.792,7.523451,7.180695,0.342756,592.3855,0.86449,0.058606,0.807703,0.133691,81920,48528223,2542,453751,180,2083
17020,299.136,147.96,7.529864,7.184036,0.345828,587.6723,0.863855,0.057959,0.810071,0.13197,81920,48142118,2425,453624,181,2083
17040,299.474,148.126,7.53147,7.187576,0.343894,577.8939,0.860938,0.05675,0.811292,0.131958,81920,47341067,2510,453650,184,2083
17060,299.82,148.294,7.533163,7.18837,0.344793,582.3688,0.858667,0.057336,0.809851,0.132812,81920,47707648,2534,453576,190,2085
17080,300.163,148.461,7.531908,7.193146,0.338762,580.8225,0.861658,0.057153,0.811438,0.131409,81920,47580976,2585,453798,189,2087
17100,300.507,148.628,7.529584,7.18956,0.340024,586.07,0.859448,0.057825,0.808264,0.133911,81920,48010856,2528,453635,195,2087
17120,300.85,148.799,7.530863,7.188354,0.342509,581.2505,0.861646,0.057202,0.809009,0.133789,81920,47616043,2486,453401,188,2087
17140,301.188,148.966,7.531731,7.186935,0.344795,586.2994,0.861853,0.05791,0.807275,0.134814,81920,48029644,2542,453291,192,2092
17160,301.529,149.132,7.532655,7.182281,0.350373,587.6031,0.862634,0.05802,0.808154,0.133826,81920,48136443,2412,453207,196,2094
17180,301.87,149.302,7.52895,7.17485,0.3541,602.1478,0.860767,0.0599,0.805017,0.135083,81920,49327944,2433,452854,196,2096
17200,302.226,149.472,7.527869,7.171402,0.356467,599.2026,0.85863,0.059534,0.804932,0.135535,81920,49086680,2549,452888,194,2096
17220,302.566,149.641,7.526087,7.164185,0.361902,600.1102,0.858728,0.059558,0.805713,0.134729,81920,49161024,2521,452456,202,2106
17240,302.906,149.811,7.530463,7.169312,0.361151,603.68,0.860266,0.059985,0.808081,0.131934,81920,49453467,2544,452511,200,2106
17260,303.254,149.983,7.532024,7.169434,0.36259,604.486,0.859326,0.060132,0.806934,0.132935,81920,49519495,2532,452615,203,2109
17280,303.595,150.152,7.533231,7.169373,0.363859,598.4209,0.855322,0.059424,0.807043,0.133533,81920,49022640,2533,452674,199,2109
17300,303.934,150.322,7.533672,7.167664,0.366009,600.9485,0.856934,0.059729,0.807886,0.132385,81920,49229699,2517,452711,199,2109
17320,304.276,150.491,7.535092,7.16481,0.370282,604.0608,0.854541,0.060095,0.804626,0.135278,81920,49484660,2444,452671,198,2111
17340,304.63,150.66,7.532404,7.166428,0.365977,599.3316,0.853406,0.059497,0.804553,0.13595,81920,49097246,2470,452672,198,2113
17360,304.982,150.829,7.531856,7.165405,0.36645,598.158,0.853625,0.059302,0.805505,0.135193,81920,49001102,2414,452757,198,2115
17380,305.368,151.043,7.52543,7.155853,0.369576,606.2819,0.854358,0.060193,0.806323,0.133484,81920,49666612,2576,452256,195,2115
17400,305.709,151.212,7.527097,7.162628,0.364469,609.979,0.85199,0.060828,0.803528,0.135645,81920,49969479,2605,452691,190,2115
17420,306.048,151.381,7.527104,7.156021,0.371083,599.9001,0.852478,0.059534,0.805847,0.134619,81920,49143820,2556,452322,194,2119
17440,306.387,151.55,7.527132,7.152039,0.375093,606.0103,0.856177,0.060339,0.805701,0.13396,81920,49644361,2445,452168,189,2124
17460,306.73,151.719,7.527065,7.156906,0.370159,607.1853,0.856519,0.060449,0.80592,0.13363,81920,49740623,2513,452341,187,2129
17480,307.075,151.891,7.525968,7.151505,0.374463,595.5511,0.852478,0.058899,0.809106,0.131995,81920,48787549,2541,452231,186,2131
17500,307.417,152.061,7.523917,7.147232,0.376685,592.3951,0.852625,0.058484,0.808362,0.133154,81920,48529010,2551,451952,190,2134
17520,307.758,152.23,7.520525,7.144897,0.375628,598.6004,0.852173,0.059302,0.810693,0.130005,81920,49037347,2525,451837,190,2135
17540,308.122,152.402,7.523007,7.143143,0.379865,602.1681,0.853259,0.059729,0.811755,0.128516,81920,49329614,2470,451765,187,2135
17560,308.465,152.573,7.524957,7.145126,0.379831,610.6285,0.850513,0.060767,0.808582,0.130652,81920,50022689,2519,452052,184,2138
17580,308.807,152.742,7.522454,7.139175,0.383279,595.3118,0.85365,0.058923,0.812378,0.128699,81920,48767939,2628,451830,191,2144
17600,309.153,152.913,7.526179,7.140671,0.385508,592.4207,0.850452,0.058606,0.810803,0.130591,81920,48531104,2578,451851,193,2146
17620,309.494,153.081,7.525553,7.147263,0.378291,590.8696,0.850842,0.058447,0.809656,0.131897,81920,48404036,2446,452303,200,2149
17640,309.838,153.25,7.525416,7.148514,0.376902,595.0628,0.853247,0.058923,0.808252,0.132825,81920,48747545,2525,452400,201,2153
17660,310.181,153.418,7.52352,7.151749,0.371771,588.2986,0.85376,0.058044,0.806726,0.135229,81920,48193425,2487,452658,199,2153
17680,310.527,153.586,7.524659,7.150604,0.374055,591.786,0.8547,0.058459,0.805005,0.136536,81920,48479109,2470,452691,207,2159
17700,310.872,153.753,7.523399,7.150589,0.37281,597.6901,0.854944,0.059204,0.802869,0.137927,81920,48962770,2510,452933,203,2160
17720,311.216,153.921,7.521204,7.140625,0.380579,599.1963,0.853491,0.059534,0.80116,0.139307,81920,49086159,2451,452512,199,2160
17740,311.558,154.089,7.519073,7.134018,0.385055,591.1566,0.85343,0.058472,0.806824,0.134705,81920,48427549,2494,452133,199,2163
17760,311.904,154.258,7.518154,7.132812,0.385342,593.3041,0.852576,0.058789,0.809851,0.13136,81920,48603469,2434,452048,201,2166
17780,312.248,154.426,7.522016,7.131393,0.390622,591.8749,0.853516,0.058447,0.815247,0.126306,81920,48486388,2440,451850,207,2170
17800,312.619,154.623,7.522705,7.134506,0.388199,584.957,0.853528,0.057727,0.812219,0.130054,81920,47919677,2642,452117,204,2170
17820,312.956,154.79,7.522693,7.128754,0.393939,588.1264,0.854639,0.058008,0.812524,0.129468,81920,48179316,2578,451601,209,2172
17840,313.292,154.955,7.518702,7.12529,0.393412,584.1517,0.858069,0.057581,0.815356,0.127063,81920,47853706,2536,451623,203,2172
17860,313.627,155.119,7.523122,7.123566,0.399556,573.7229,0.856116,0.056189,0.819141,0.12467,81920,46999382,2522,451540,203,2172
17880,313.96,155.283,7.523308,7.124985,0.398323,573.2962,0.860168,0.05625,0.820361,0.123389,81920,46964421,2500,451601,204,2174
17900,314.295,155.448,7.521355,7.121262,0.400094,575.7089,0.860168,0.056519,0.821057,0.122424,81920,47162076,2492,451406,211,2176
17920,314.629,155.612,7.52032,7.117935,0.402385,574.7272,0.861755,0.056274,0.822437,0.121289,81920,47081650,2405,451361,210,2176
17940,315.009,155.78,7.519124,7.12442,0.394704,575.164,0.858423,0.056287,0.823779,0.119934,81920,47117431,2524,451850,217,2178
17960,315.355,155.953,7.517185,7.132889,0.384297,574.3697,0.85686,0.05625,0.821936,0.121814,81920,47052366,2473,452264,217,2180
17980,315.69,156.118,7.516506,7.133163,0.383343,572.9504,0.856531,0.056091,0.820605,0.123303,81920,46936096,2548,452307,214,2182
18000,316.029,156.281,7.5143,7.130753,0.383548,564.0272,0.859131,0.054919,0.821118,0.123962,81920,46205108,2504,452110,209,2182
18020,316.365,156.446,7.513665,7.131149,0.382516,575.6658,0.859229,0.056384,0.819458,0.124158,81920,47158545,2492,452232,208,2184
18040,316.715,156.612,7.512302,7.133301,0.379001,581.5194,0.859412,0.057117,0.819519,0.123364,81920,47638066,2594,452445,211,2186
18060,317.087,156.813,7.512597,7.1371,0.375497,578.2379,0.857581,0.05686,0.818787,0.124353,81920,47369247,2534,452770,208,2186
18080,317.452,156.983,7.513457,7.135651,0.377806,587.8689,0.858228,0.057935,0.817212,0.124854,81920,48158224,2545,452700,203,2188
18100,317.794,157.152,7.512365,7.135056,0.377309,586.8746,0.859839,0.057849,0.819275,0.122876,81920,48076764,2497,452538,200,2188
18120,318.144,157.32,7.509635,7.134476,0.375159,585.7085,0.858862,0.057715,0.818225,0.12406,81920,47981242,2422,452609,201,2190
18140,318.486,157.491,7.511154,7.142044,0.36911,589.2208,0.858203,0.058203,0.819116,0.122681,81920,48268964,2465,452929,195,2190
18160,318.833,157.661,7.510945,7.143967,0.366978,596.4221,0.858923,0.059094,0.821252,0.119653,81920,48858902,2546,453290,199,2194
18180,319.185,157.834,7.507699,7.139694,0.368005,599.6722,0.859436,0.05946,0.819421,0.121118,81920,49125143,2566,453022,204,2196
18200,319.53,158.007,7.507307,7.140411,0.366896,604.7416,0.857129,0.060144,0.815771,0.124084,81920,49540435,2540,453206,203,2196
18220,319.875,158.175,7.510601,7.137604,0.372997,598.2139,0.858313,0.059302,0.819409,0.121289,81920,49005680,2520,453011,203,2196
18240,320.222,158.347,7.513314,7.147827,0.365487,599.2524,0.858643,0.059424,0.81842,0.122156,81920,49090755,2541,453449,210,2205
18260,320.566,158.516,7.515584,7.151123,0.364461,599.0607,0.85769,0.059363,0.817993,0.122644,81920,49075049,2526,453495,208,2205
18280,320.907,158.685,7.515886,7.152283,0.363603,593.9713,0.860693,0.058813,0.818518,0.122668,81920,48658126,2401,453645,210,2213
18300,321.25,158.854,7.510119,7.146027,0.364093,599.3351,0.859973,0.059436,0.81886,0.121704,81920,49097534,2492,453212,213,2217
18320,321.599,159.026,7.508028,7.143219,0.364809,595.2656,0.862122,0.05885,0.821948,0.119202,81920,48764161,2475,453226,217,2222
18340,321.941,159.194,7.507488,7.144989,0.362499,588.1694,0.863916,0.058008,0.823547,0.118445,81920,48182841,2536,453380,213,2224
18360,322.285,159.362,7.507637,7.149704,0.357933,591.5243,0.864758,0.058398,0.822913,0.118689,81920,48457674,2502,453764,212,2227
18380,322.634,159.537,7.506963,7.151489,0.355473,585.2298,0.86438,0.05769,0.821289,0.121021,81920,47942029,2488,454059,207,2230
18400,323.011,159.708,7.507244,7.157822,0.349422,586.715,0.866956,0.057837,0.819482,0.122681,81920,48063689,2504,454100,210,2237
18420,323.369,159.886,7.507163,7.154358,0.352805,578.7321,0.865979,0.056812,0.822375,0.120813,81920,47409735,2535,453715,209,2241
18440,323.721,160.056,7.505567,7.157471,0.348097,585.3806,0.869092,0.057642,0.823914,0.118445,81920,47954382,2571,454053,206,2241
18460,324.07,160.231,7.504655,7.153351,0.351304,595.3015,0.871277,0.058777,0.82749,0.113733,81920,48767096,2542,453929,202,2241
18480,324.412,160.399,7.50428,7.153763,0.350517,591.0621,0.868542,0.058203,0.82948,0.112317,81920,48419811,2535,453846,203,2243
18500,324.768,160.566,7.502717,7.145981,0.356736,582.805,0.866309,0.057214,0.830627,0.112158,81920,47743386,2461,453536,203,2247
18520,325.121,160.745,7.499974,7.149155,0.35082,581.0024,0.867944,0.057092,0.829614,0.113293,81920,47595717,2560,453780,203,2253
18540,325.459,160.911,7.501463,7.156021,0.345442,579.3955,0.865613,0.056799,0.826746,0.116455,81920,47464080,2482,454076,202,2259
18560,325.846,161.124,7.501943,7.15567,0.346272,585.2506,0.867004,0.057605,0.825745,0.11665,81920,47943726,2586,453792,202,2261
18580,326.195,161.291,7.502646,7.160049,0.342597,580.1362,0.86272,0.05697,0.823315,0.119714,81920,47524754,2554,454032,200,2263
18600,326.542,161.459,7.503059,7.162308,0.340751,575.6298,0.859363,0.056482,0.820923,0.122595,81920,47155596,2530,454158,207,2265
18620,326.882,161.626,7.501979,7.164658,0.337321,583.5821,0.862231,0.05741,0.820862,0.121729,81920,47807049,2477,454436,199,2265
18640,327.219,161.792,7.501757,7.168152,0.333605,579.8109,0.864856,0.056995,0.823999,0.119006,81920,47498111,2460,454482,202,2265
18660,327.564,161.959,7.499897,7.170761,0.329136,578.9277,0.866125,0.056812,0.824988,0.118201,81920,47425760,2497,454655,204,2265
18680,327.902,162.125,7.504746,7.182373,0.322373,571.3188,0.86698,0.055981,0.82218,0.121838,81920,46802435,2535,455118,206,2275
18700,328.245,162.293,7.505704,7.186829,0.318876,587.6747,0.868018,0.057996,0.820557,0.121448,81920,48142313,2529,455266,207,2281
18720,328.584,162.461,7.504954,7.186768,0.318186,577.8723,0.870532,0.056824,0.821875,0.121301,81920,47339299,2530,455258,203,2287
18740,328.924,162.628,7.504146,7.188492,0.315655,580.6713,0.872278,0.057239,0.820898,0.121863,81920,47568590,2538,455419,206,2290
18760,329.264,162.797,7.507803,7.197983,0.30982,576.289,0.868896,0.056689,0.817664,0.125647,81920,47209598,2581,455584,200,2292
18780,329.64,162.994,7.512349,7.20755,0.304799,577.7439,0.868079,0.056824,0.818176,0.125,81920,47328782,2523,456070,199,2296
18800,329.986,163.163,7.513347,7.207642,0.305706,574.2553,0.866577,0.056396,0.816821,0.126782,81920,47042993,2609,455968,192,2296
18820,330.326,163.328,7.510906,7.20285,0.308056,567.2638,0.864001,0.055554,0.817358,0.127087,81920,46470247,2490,455675,189,2298
18840,330.667,163.493,7.508455,7.212296,0.29616,562.885,0.863147,0.055151,0.815503,0.129346,81920,46111543,2482,456327,183,2298
18860,331.043,163.692,7.506778,7.208923,0.297855,562.8873,0.862109,0.05509,0.815247,0.129663,81920,46111727,2511,456217,176,2298
18880,331.394,163.867,7.505253,7.208908,0.296345,561.0773,0.862561,0.054834,0.814099,0.131067,81920,45963452,2536,456226,183,2300
18900,331.738,164.035,7.508247,7.218384,0.289863,556.2355,0.861853,0.054333,0.811157,0.134509,81920,45566812,2590,456678,181,2302
18920,332.12,164.236,7.506957,7.219513,0.287445,550.3822,0.8625,0.053625,0.811182,0.135193,81920,45087309,2455,456774,182,2306
18940,332.458,164.396,7.505855,7.221893,0.283961,544.0604,0.861719,0.052869,0.812122,0.13501,81920,44569427,2548,456752,182,2308
18960,332.806,164.565,7.504659,7.21817,0.286489,555.1416,0.860657,0.054199,0.812781,0.13302,81920,45477200,2499,456746,179,2308
18980,333.218,164.728,7.50887,7.221436,0.287435,552.6311,0.860254,0.053784,0.812305,0.133911,81920,45271543,2427,456423,172,2308
19000,333.561,164.89,7.510439,7.22316,0.287279,553.8785,0.859705,0.054053,0.812927,0.13302,81920,45373729,2579,456402,174,2308
19020,333.97,165.1,7.512586,7.224335,0.288251,552.477,0.8578,0.053809,0.814233,0.131958,81920,45258913,2503,456313,181,2313
19040,334.321,165.272,7.511617,7.228821,0.282796,550.828,0.858423,0.053674,0.811255,0.135071,81920,45123830,2576,456596,186,2318
19060,334.678,165.442,7.511854,7.222748,0.289106,546.5034,0.856873,0.05304,0.811011,0.13595,81920,44769560,2524,456194,197,2328
19080,335.009,165.604,7.510951,7.217758,0.293193,551.3164,0.854785,0.053662,0.809253,0.137085,81920,45163838,2554,455897,197,2328
19100,335.343,165.767,7.513251,7.216522,0.296729,554.9446,0.860022,0.054065,0.810254,0.135681,81920,45461058,2542,455761,204,2337
19120,335.684,165.932,7.515887,7.216202,0.299685,558.1777,0.862866,0.054419,0.811987,0.133594,81920,45725915,2500,455491,199,2337
19140,336.019,166.097,7.514402,7.212769,0.301634,554.6628,0.858826,0.054089,0.809949,0.135962,81920,45437977,2558,455182,197,2339
19160,336.358,166.26,7.517077,7.218445,0.298632,554.877,0.860034,0.053979,0.81145,0.13457,81920,45455524,2458,455250,198,2341
19180,336.726,166.426,7.514186,7.211075,0.303111,550.9696,0.861206,0.053467,0.814014,0.13252,81920,45135428,2507,455189,192,2341
19200,337.06,166.588,7.514391,7.214081,0.30031,551.5102,0.861267,0.053564,0.813269,0.133167,81920,45179712,2598,455340,187,2341
19220,337.393,166.749,7.513825,7.217865,0.29596,554.1866,0.860168,0.053821,0.812964,0.133215,81920,45398968,2476,455656,188,2344
19240,337.727,166.91,7.514976,7.218475,0.296501,551.451,0.859033,0.053577,0.811328,0.135095,81920,45174868,2493,455495,191,2346
19260,338.063,167.074,7.517599,7.219116,0.298483,563.5609,0.860864,0.055188,0.808569,0.136243,81920,46166909,2613,455304,186,2346
19280,338.4,167.237,7.516458,7.213257,0.303201,568.5056,0.859607,0.05575,0.807019,0.137231,81920,46571980,2478,455018,183,2346
19300,338.737,167.402,7.512485,7.209473,0.303012,577.2133,0.856726,0.056775,0.80918,0.134045,81920,47285317,2460,455009,179,2346
19320,339.111,167.568,7.512435,7.208893,0.303542,578.7228,0.858728,0.05697,0.810876,0.132153,81920,47408970,2585,454889,177,2350
19340,339.456,167.736,7.514776,7.208557,0.306219,581.0966,0.855762,0.057288,0.805249,0.137463,81920,47603436,2490,454973,179,2354
19360,339.8,167.901,7.513454,7.205597,0.307857,573.5097,0.855359,0.056335,0.802625,0.14104,81920,46981914,2479,454785,183,2358
19380,340.149,168.078,7.509064,7.202866,0.306199,579.2512,0.854175,0.057117,0.799084,0.143799,81920,47452256,2559,454625,189,2363
19400,340.487,168.243,7.506541,7.198395,0.308147,577.3408,0.852356,0.056812,0.798364,0.144824,81920,47295758,2614,454662,186,2365
19420,340.83,168.409,7.505629,7.198654,0.306975,578.4185,0.853723,0.056934,0.801208,0.141858,81920,47384043,2593,454475,181,2365
19440,341.177,168.576,7.506954,7.198883,0.308071,583.2079,0.853772,0.057666,0.79845,0.143884,81920,47776388,2470,454306,188,2367
19460,341.511,168.741,7.506929,7.196289,0.31064,576.9175,0.849548,0.056897,0.799609,0.143494,81920,47261079,2548,454180,195,2371
19480,341.845,168.904,7.505071,7.195587,0.309484,572.3919,0.847266,0.056262,0.798035,0.145703,81920,46890347,2471,454256,193,2373
19500,342.176,169.067,7.500784,7.190857,0.309927,566.0284,0.846582,0.05542,0.801648,0.142932,81920,46369049,2496,454030,191,2373
19520,342.511,169.231,7.503531,7.193924,0.309607,575.7386,0.846289,0.056616,0.801355,0.142029,81920,47164506,2509,454328,191,2373
19540,342.846,169.396,7.501276,7.193176,0.3081,577.0224,0.850586,0.056787,0.801587,0.141626,81920,47269676,2586,454477,190,2373
19560,343.18,169.56,7.500768,7.190536,0.310232,579.0979,0.848523,0.057092,0.803723,0.139185,81920,47439697,2456,454323,190,2375
19580,343.519,169.727,7.500728,7.190186,0.310543,578.893,0.845166,0.057117,0.802722,0.140161,81920,47422914,2453,454233,194,2375
19600,343.854,169.892,7.503617,7.195374,0.308244,576.2215,0.846301,0.056738,0.807117,0.136145,81920,47204069,2532,454609,197,2380
19620,344.212,170.057,7.505945,7.201965,0.30398,580.7541,0.84917,0.057312,0.806885,0.135803,81920,47575376,2520,454863,202,2380
19640,344.548,170.223,7.507559,7.198151,0.309408,585.8676,0.852014,0.057947,0.805994,0.13606,81920,47994273,2509,454534,204,2380
19660,344.889,170.393,7.512782,7.202957,0.309825,581.4746,0.854907,0.057227,0.809631,0.133142,81920,47634400,2501,454625,211,2383
19680,345.222,170.558,7.516197,7.209305,0.306892,576.925,0.851428,0.056653,0.811365,0.131982,81920,47261698,2498,454636,212,2387
19700,345.6,170.723,7.522677,7.214279,0.308398,577.1544,0.851416,0.056738,0.812207,0.131055,81920,47280487,2469,454796,205,2387
19720,345.957,170.888,7.521343,7.214142,0.307201,578.0946,0.851868,0.056848,0.812805,0.130347,81920,47357507,2626,454857,201,2387
19740,346.294,171.053,7.517864,7.213211,0.304653,577.5719,0.852527,0.056897,0.812183,0.13092,81920,47314686,2557,455097,192,2387
19760,346.631,171.217,7.515059,7.204971,0.310087,575.141,0.849609,0.05658,0.807507,0.135913,81920,47115548,2543,454637,188,2387
19780,346.967,171.381,7.516498,7.209274,0.307224,570.1898,0.850708,0.055994,0.805786,0.13822,81920,46709950,2509,454988,182,2387
19800,347.306,171.545,7.516522,7.220078,0.296444,579.2162,0.844507,0.057275,0.801257,0.141467,81920,47449390,2509,455593,177,2390
19820,347.643,171.711,7.514371,7.209564,0.304806,581.221,0.847424,0.057471,0.803149,0.13938,81920,47613627,2547,455298,176,2395
19840,348.006,171.875,7.515935,7.216095,0.29984,579.0251,0.844568,0.057275,0.801172,0.141553,81920,47433737,2466,455521,183,2401
19860,348.345,172.04,7.519141,7.219009,0.300132,578.104,0.845496,0.057153,0.798083,0.144763,81920,47358281,2458,455468,185,2401
19880,348.684,172.205,7.52297,7.222015,0.300954,583.5289,0.846045,0.057825,0.795581,0.146594,81920,47802688,2589,455525,189,2406
19900,349.021,172.37,7.525646,7.222504,0.303142,582.8234,0.846667,0.05769,0.793115,0.149194,81920,47744896,2531,455534,191,2408
19920,349.358,172.536,7.528383,7.221725,0.306658,588.8514,0.843286,0.058508,0.789795,0.151697,81920,48238704,2549,455361,187,2408
19940,349.695,172.702,7.525799,7.223312,0.302486,590.8631,0.841394,0.05874,0.786328,0.154932,81920,48403508,2460,455474,185,2408
19960,350.034,172.869,7.524966,7.217819,0.307147,594.9851,0.845874,0.059229,0.788245,0.152527,81920,48741183,2575,455054,189,2410
19980,350.374,173.037,7.526248,7.212952,0.313297,601.766,0.844348,0.060046,0.788281,0.151672,81920,49296672,2491,454773,181,2410
20000,350.716,173.204,7.527395,7.207092,0.320303,593.8585,0.843652,0.05907,0.790674,0.150256,81920,48648889,2501,454336,184,2410
