epoch,wall_s,sim_s,entropy_bits,zlib_bits,high_order_entropy,mean_steps,frac_copy_runs,frac_term_budget,frac_term_off_region,frac_term_unmatched,runs,steps,mutations,distinct_windows,n_persistent,A_t
0,0.052,0.0,7.997252,8.003174,-0.005922,0.0,0.0,0.0,0.0,0.0,0,0,0,65536,0,0
50,0.354,0.254,7.983831,7.811401,0.17243,1586.0514,0.538379,0.177129,0.588906,0.233965,51200,81205833,794,64540,0,0
100,0.708,0.583,7.976942,7.711792,0.26515,1694.4306,0.568965,0.193164,0.563926,0.24291,51200,86754845,764,64517,0,0
150,0.956,0.782,7.970232,7.602905,0.367327,1678.5964,0.596465,0.191895,0.570234,0.237871,51200,85944135,743,64508,0,0
200,1.162,0.965,7.964527,7.509155,0.455371,1594.7061,0.616172,0.181934,0.582285,0.235781,51200,81648952,790,64358,0,0
250,1.491,1.27,7.954497,7.427124,0.527373,1539.222,0.616562,0.175176,0.596641,0.228184,51200,78808164,770,64401,14,14
300,1.738,1.47,7.940851,7.344238,0.596612,1451.2072,0.61709,0.163965,0.601465,0.23457,51200,74301810,838,64347,14,15
350,2.127,1.81,7.932705,7.299194,0.633511,1437.4301,0.612188,0.162285,0.598359,0.239355,51200,73596419,813,64357,14,16
400,2.511,2.149,7.922118,7.263184,0.658935,1416.4247,0.607285,0.16,0.603594,0.236406,51200,72520944,774,64396,17,19
450,2.713,2.328,7.898674,7.203735,0.694938,1353.4192,0.608301,0.15248,0.608887,0.238633,51200,69295061,813,64135,18,21
500,3.002,2.569,7.875439,7.150635,0.724804,1369.058,0.599863,0.153984,0.600547,0.245469,51200,70095770,770,63908,19,22
550,3.247,2.789,7.831293,7.060303,0.77099,1365.9618,0.605469,0.153887,0.613086,0.233027,51200,69937243,744,63388,19,23
600,3.571,3.065,7.799403,6.987427,0.811977,1359.95,0.609473,0.152949,0.620273,0.226777,51200,69629440,855,63179,19,23
650,3.964,3.409,7.747359,6.914673,0.832686,1390.6768,0.605918,0.15666,0.623262,0.220078,51200,71202652,796,62666,22,31
700,4.354,3.751,7.676306,6.772949,0.903357,1340.9331,0.609902,0.150215,0.635039,0.214746,51200,68655776,757,61775,22,32
750,4.773,4.104,7.617548,6.706543,0.911005,1343.3028,0.616133,0.150254,0.643242,0.206504,51200,68777101,797,61141,25,35
800,5.162,4.434,7.538843,6.585815,0.953027,1253.1584,0.613105,0.140117,0.667461,0.192422,51200,64161710,775,60509,29,40
850,5.528,4.751,7.46904,6.461914,1.007126,1198.345,0.608945,0.133047,0.678184,0.18877,51200,61355266,781,59895,42,53
900,5.903,5.067,7.417234,6.398926,1.018308,1140.5904,0.60748,0.126016,0.68543,0.188555,51200,58398231,822,59367,42,55
950,6.166,5.303,7.365569,6.30188,1.063689,1080.2892,0.59791,0.118574,0.695098,0.186328,51200,55310809,825,58595,50,64
1000,6.357,5.451,7.310598,6.223267,1.087331,1071.4192,0.606699,0.117852,0.698691,0.183457,51200,54856663,844,58182,49,66
1050,6.702,5.741,7.221752,6.105591,1.116161,1050.2053,0.611094,0.115391,0.708398,0.176211,51200,53770513,824,57413,53,75
1100,6.878,5.888,7.120509,5.956177,1.164333,1033.0113,0.606074,0.113105,0.712832,0.174062,51200,52890181,789,55836,57,84
1150,7.097,6.078,7.042429,5.849731,1.192697,1015.003,0.610742,0.110938,0.717324,0.171738,51200,51968156,791,55191,54,87
1200,7.299,6.229,6.971859,5.738647,1.233212,982.7099,0.624922,0.10666,0.735195,0.158145,51200,50314746,791,54145,62,98
1250,7.464,6.364,6.882583,5.691162,1.19142,910.7554,0.633184,0.097285,0.754707,0.148008,51200,46630678,820,54053,76,115
1300,7.702,6.563,6.782397,5.547729,1.234667,915.3942,0.646113,0.097969,0.76,0.142031,51200,46868182,734,53198,88,127
1350,7.874,6.697,6.683939,5.459351,1.224589,896.4638,0.643047,0.09543,0.761523,0.143047,51200,45898947,803,52916,81,135
1400,8.18,6.955,6.573058,5.346069,1.226989,849.6559,0.646992,0.089512,0.774492,0.135996,51200,43502380,778,51639,79,143
1450,8.339,7.082,6.509146,5.25061,1.258535,825.0355,0.636523,0.086934,0.773691,0.139375,51200,42241817,810,50545,76,147
1500,8.544,7.226,6.462696,5.199463,1.263233,790.2188,0.646348,0.082852,0.782129,0.13502,51200,40459203,816,50799,89,164
1550,8.861,7.476,6.38608,5.143311,1.24277,750.5956,0.661016,0.078086,0.785996,0.135918,51200,38430493,780,50216,87,164
1600,9.045,7.626,6.281682,5.006592,1.27509,731.1393,0.677676,0.075645,0.793262,0.131094,51200,37434332,753,48800,85,164
1650,9.198,7.744,6.153994,4.873413,1.280581,709.6463,0.691934,0.072891,0.800449,0.12666,51200,36333891,757,47603,87,168
1700,9.427,7.938,6.058854,4.736328,1.322526,698.0458,0.702363,0.071367,0.80498,0.123652,51200,35739946,767,46576,84,170
1750,9.581,8.056,6.005241,4.679932,1.325309,687.6397,0.703066,0.069961,0.814805,0.115234,51200,35207151,764,46384,98,184
1800,9.764,8.171,5.984822,4.653564,1.331257,622.7872,0.693633,0.061934,0.826816,0.11125,51200,31886703,746,46362,95,192
1850,10.058,8.394,5.920778,4.594482,1.326295,609.817,0.695039,0.060352,0.827773,0.111875,51200,31222631,764,44929,109,212
1900,10.344,8.608,5.808017,4.483643,1.324375,569.981,0.702383,0.05543,0.831602,0.112969,51200,29183026,775,43775,129,233
1950,10.635,8.831,5.697239,4.357422,1.339817,550.6881,0.717598,0.053008,0.837324,0.109668,51200,28195233,799,42709,134,240
2000,10.781,8.936,5.569484,4.216675,1.352809,533.6416,0.722988,0.050781,0.847285,0.101934,51200,27322452,736,40761,152,257
2050,11.027,9.103,5.401334,4.058594,1.34274,516.1825,0.721211,0.048594,0.856387,0.09502,51200,26428546,780,38919,155,264
2100,11.182,9.22,5.264319,3.899902,1.364417,484.8575,0.721504,0.044551,0.872617,0.082832,51200,24824706,806,37588,169,283
2150,11.322,9.32,5.196454,3.800659,1.395794,475.8663,0.726523,0.043301,0.880273,0.076426,51200,24364355,820,37084,177,293
2200,11.643,9.563,5.143763,3.750122,1.393641,444.9546,0.716191,0.03959,0.877598,0.082812,51200,22781675,771,36787,188,312
2250,11.915,9.755,5.058232,3.675171,1.383061,423.717,0.707422,0.036953,0.880859,0.082188,51200,21694308,829,36148,189,322
2300,12.197,9.947,4.937018,3.581055,1.355963,423.6934,0.692344,0.03668,0.889395,0.073926,51200,21693101,779,35952,189,330
2350,12.476,10.133,4.721853,3.408081,1.313772,384.6285,0.711211,0.031875,0.897051,0.071074,51200,19692981,728,32673,178,332
2400,12.745,10.314,4.64759,3.340332,1.307258,348.2278,0.728164,0.027305,0.905488,0.067207,51200,17829265,802,32921,174,342
2450,13.023,10.495,4.550147,3.265991,1.284156,330.5362,0.715762,0.025098,0.911152,0.06375,51200,16923451,818,32863,192,366
2500,13.28,10.666,4.511627,3.283325,1.228302,300.1414,0.727891,0.021211,0.918887,0.059902,51200,15367241,793,33183,199,383
2550,13.547,10.839,4.43564,3.221069,1.214571,291.7979,0.726973,0.020215,0.925156,0.054629,51200,14940053,790,32647,213,391
2600,13.818,11.009,4.276071,3.0979,1.178171,300.1869,0.726895,0.021191,0.918809,0.06,51200,15369571,832,31135,220,396
2650,14.082,11.178,4.111328,2.938599,1.172729,277.0221,0.724258,0.018379,0.930781,0.05084,51200,14183533,785,28923,240,411
2700,14.358,11.349,3.987184,2.82312,1.164064,274.8632,0.73877,0.018047,0.930332,0.051621,51200,14072994,827,27383,246,419
2750,14.616,11.511,3.884558,2.689331,1.195227,262.7044,0.752129,0.016523,0.931855,0.051621,51200,13450465,773,26444,260,442
2800,14.896,11.679,3.814891,2.608887,1.206004,254.3681,0.752637,0.01541,0.93916,0.04543,51200,13023645,792,25325,262,457
2850,15.147,11.84,3.688647,2.468384,1.220263,241.8062,0.76168,0.013867,0.940039,0.046094,51200,12380480,806,23344,269,482
2900,15.41,12.009,3.647492,2.455566,1.191926,261.5909,0.766523,0.016309,0.943711,0.03998,51200,13393453,783,23533,251,500
2950,15.666,12.169,3.660817,2.459717,1.201101,263.983,0.759746,0.016621,0.949238,0.034141,51200,13515932,745,23599,236,511
3000,15.923,12.329,3.713992,2.469849,1.244143,250.1691,0.745059,0.014785,0.948867,0.036348,51200,12808660,830,23438,250,531
3050,16.183,12.489,3.640178,2.431396,1.208781,250.3015,0.752324,0.014824,0.945605,0.03957,51200,12815436,797,22510,272,542
3100,16.387,12.648,3.54215,2.340454,1.201696,258.0517,0.774863,0.015859,0.951055,0.033086,51200,13212246,791,21889,277,555
3150,16.514,12.73,3.437067,2.244141,1.192927,268.7329,0.764531,0.01707,0.950293,0.032637,51200,13759125,768,21002,314,579
3200,16.682,12.808,3.492138,2.275391,1.216748,236.9931,0.771445,0.013281,0.954375,0.032344,51200,12134045,840,21792,326,605
3250,16.946,12.959,3.365224,2.192993,1.172231,218.5693,0.771816,0.011035,0.959297,0.029668,51200,11190748,736,21771,286,608
3300,17.113,13.08,3.134984,1.997437,1.137548,214.4774,0.793789,0.01084,0.962734,0.026426,51200,10981241,763,18632,282,608
3350,17.238,13.157,3.039855,1.920654,1.119201,212.6955,0.801719,0.010605,0.964707,0.024688,51200,10890008,775,17627,282,615
3400,17.401,13.248,2.916084,1.797241,1.118843,183.7869,0.821777,0.007012,0.969082,0.023906,51200,9409887,781,16057,277,621
3450,17.525,13.322,2.846875,1.754395,1.092481,189.6967,0.810254,0.007715,0.97041,0.021875,51200,9712473,832,15811,285,626
3500,17.678,13.396,2.942318,1.836182,1.106136,177.0647,0.800957,0.006152,0.972344,0.021504,51200,9065712,771,16738,317,638
3550,17.919,13.543,2.940506,1.831787,1.108719,181.4551,0.795078,0.006738,0.967402,0.025859,51200,9290502,812,16661,322,642
3600,18.164,13.688,2.921619,1.871338,1.050281,182.3041,0.797969,0.006797,0.972012,0.021191,51200,9333970,784,16912,322,652
3650,18.404,13.838,2.965375,1.859375,1.106,181.7367,0.78375,0.006738,0.971523,0.021738,51200,9304920,785,16964,342,664
3700,18.652,13.99,2.965224,1.864868,1.100356,184.3898,0.788652,0.00707,0.97043,0.0225,51200,9440756,740,17314,337,671
3750,18.899,14.14,2.873724,1.819702,1.054022,182.6282,0.799688,0.006836,0.971973,0.021191,51200,9350562,789,17218,319,678
3800,19.092,14.284,2.844846,1.789307,1.055539,169.8133,0.813496,0.005234,0.975781,0.018984,51200,8694443,771,17023,305,683
3850,19.213,14.357,2.815177,1.786743,1.028434,168.7902,0.818262,0.005117,0.974238,0.020645,51200,8642059,790,16960,307,694
3900,19.349,14.429,2.74964,1.69519,1.05445,170.5913,0.808613,0.005293,0.978164,0.016543,51200,8734275,764,16407,294,699
3950,19.502,14.5,2.627228,1.618164,1.009064,164.2181,0.803359,0.004512,0.97875,0.016738,51200,8407965,826,14944,295,702
4000,19.749,14.644,2.635331,1.635986,0.999345,158.4782,0.813691,0.003828,0.977227,0.018945,51200,8114083,825,15137,311,707
4050,19.963,14.783,2.533141,1.537964,0.995177,163.0346,0.783535,0.004355,0.980547,0.015098,51200,8347370,763,14636,321,714
4100,20.085,14.853,2.554913,1.598755,0.956158,148.0451,0.782773,0.0025,0.980957,0.016543,51200,7579911,773,14787,315,716
4150,20.254,14.924,2.486319,1.53772,0.948599,141.7138,0.806094,0.001719,0.98291,0.015371,51200,7255749,766,14093,316,720
4200,20.436,15.057,2.383625,1.454102,0.929523,144.187,0.789141,0.002012,0.984727,0.013262,51200,7382374,778,13579,299,724
4250,20.556,15.128,2.443666,1.483765,0.959901,145.0489,0.802422,0.002109,0.985078,0.012812,51200,7426502,788,14317,277,741
4300,20.683,15.202,2.539905,1.568237,0.971667,142.5704,0.786289,0.001816,0.983027,0.015156,51200,7299603,797,14974,288,749
4350,20.803,15.273,2.481031,1.540283,0.940748,143.7686,0.792773,0.001953,0.984414,0.013633,51200,7360952,795,14446,288,755
4400,21.005,15.379,2.550583,1.594971,0.955613,142.6245,0.81123,0.001816,0.983633,0.014551,51200,7302373,761,14871,286,757
4450,21.246,15.519,2.54754,1.581665,0.965875,157.5252,0.808457,0.003652,0.98373,0.012617,51200,8065292,774,15038,300,764
4500,21.389,15.613,2.533477,1.543945,0.989532,144.2959,0.787676,0.002012,0.985039,0.012949,51200,7387950,769,14636,322,772
4550,21.511,15.683,2.533417,1.561279,0.972137,143.3292,0.794219,0.001895,0.985117,0.012988,51200,7338453,758,14685,300,775
4600,21.636,15.762,2.505572,1.525269,0.980304,143.2414,0.789707,0.001875,0.985996,0.012129,51200,7333960,768,14472,284,779
4650,21.76,15.834,2.584448,1.599609,0.984838,144.4182,0.796699,0.002031,0.984707,0.013262,51200,7394214,737,15265,278,785
4700,21.894,15.92,2.455912,1.484253,0.971659,131.9601,0.809375,0.000449,0.989609,0.009941,51200,6756358,753,14236,275,785
4750,22.087,16.017,2.370073,1.440308,0.929765,128.3892,0.811074,0.0,0.99002,0.00998,51200,6573528,808,13023,302,790
4800,22.205,16.087,2.435125,1.496948,0.938176,128.3513,0.81543,0.0,0.990039,0.009961,51200,6571588,828,14191,324,798
4850,22.361,16.177,2.414493,1.486572,0.927921,128.216,0.806035,0.0,0.988164,0.011836,51200,6564658,794,13712,330,803
4900,22.482,16.246,2.317354,1.422974,0.894381,128.2029,0.810117,0.0,0.987754,0.012246,51200,6563991,862,13358,312,803
4950,22.656,16.322,2.339727,1.383423,0.956304,128.3641,0.830176,0.0,0.990156,0.009844,51200,6572242,782,13632,341,806
5000,22.895,16.456,2.308272,1.366821,0.941451,128.6392,0.819824,0.0,0.994844,0.005156,51200,6586327,769,13211,333,819
5050,23.118,16.593,2.313333,1.363403,0.94993,128.4699,0.822578,0.0,0.991191,0.008809,51200,6577661,813,13296,310,819
5100,23.238,16.662,2.217357,1.345947,0.87141,128.469,0.80623,0.0,0.991699,0.008301,51200,6577612,759,13160,307,828
5150,23.452,16.771,2.156079,1.304321,0.851758,128.7229,0.804082,0.0,0.995645,0.004355,51200,6590610,775,12325,307,834
5200,23.693,16.913,2.174306,1.316895,0.857411,128.6306,0.813789,0.0,0.994648,0.005352,51200,6585887,798,12535,297,843
5250,23.939,17.05,2.203077,1.363647,0.839429,128.6498,0.82334,0.0,0.994473,0.005527,51200,6586870,798,13048,309,844
5300,24.178,17.188,2.195918,1.340454,0.855464,128.7894,0.834648,0.0,0.996562,0.003438,51200,6594017,804,12939,293,845
5350,24.414,17.325,2.269995,1.37146,0.898535,128.6015,0.814375,0.0,0.993652,0.006348,51200,6584395,767,12725,302,847
5400,24.613,17.461,2.195625,1.326416,0.869208,128.5376,0.814746,0.0,0.992695,0.007305,51200,6581123,806,12339,299,849
5450,24.736,17.529,2.154483,1.249146,0.905337,128.5615,0.820391,0.0,0.993184,0.006816,51200,6582350,769,11314,305,854
5500,24.875,17.599,2.168024,1.300537,0.867487,128.5019,0.825508,0.0,0.992129,0.007871,51200,6579297,810,11656,311,854
5550,25.106,17.742,2.160105,1.304688,0.855418,128.4709,0.844863,0.0,0.991582,0.008418,51200,6577711,772,11740,328,854
5600,25.225,17.811,2.179013,1.294678,0.884335,128.5328,0.853301,0.0,0.992461,0.007539,51200,6580880,772,11283,344,854
5650,25.367,17.879,2.159207,1.287842,0.871365,128.7679,0.829844,0.0,0.996387,0.003613,51200,6592914,793,11078,365,859
5700,25.6,18.016,2.084381,1.240845,0.843536,128.713,0.819707,0.0,0.995527,0.004473,51200,6590104,778,11196,380,869
5750,25.83,18.151,2.062722,1.21106,0.851662,128.6894,0.808555,0.0,0.99502,0.00498,51200,6588898,782,11236,341,873
5800,26.062,18.287,2.111546,1.255127,0.856419,128.6425,0.814062,0.0,0.994492,0.005508,51200,6586498,790,11394,319,875
5850,26.182,18.356,2.211845,1.359741,0.852103,128.5514,0.816895,0.0,0.993496,0.006504,51200,6581830,855,12324,322,893
5900,26.32,18.425,2.127786,1.254517,0.873269,128.5757,0.843691,0.0,0.993535,0.006465,51200,6583078,780,10943,310,900
5950,26.466,18.521,2.068341,1.207275,0.861066,128.8102,0.845625,0.0,0.997148,0.002852,51200,6595084,788,9764,322,909
6000,26.589,18.595,2.06704,1.203979,0.86306,128.7092,0.853281,0.0,0.995391,0.004609,51200,6589913,790,9858,339,916
6050,26.834,18.732,2.219733,1.275879,0.943854,128.6963,0.840801,0.0,0.995234,0.004766,51200,6589251,793,11574,356,917
6100,27.049,18.869,2.159351,1.251221,0.90813,128.7346,0.845996,0.0,0.996035,0.003965,51200,6591210,797,10738,377,921
6150,27.167,18.937,2.106172,1.205444,0.900727,128.8538,0.848652,0.0,0.997773,0.002227,51200,6597314,771,10231,385,924
6200,27.285,19.005,2.059279,1.165405,0.893874,128.725,0.851797,0.0,0.995801,0.004199,51200,6590719,802,10312,363,927
6250,27.474,19.106,1.993295,1.126099,0.867197,128.8064,0.850762,0.0,0.997109,0.002891,51200,6594887,791,8978,365,936
6300,27.592,19.174,1.976441,1.144409,0.832032,128.9339,0.861426,0.0,0.998965,0.001035,51200,6601417,771,9691,361,942
6350,27.718,19.242,1.902887,1.083496,0.819391,128.8254,0.841387,0.0,0.9975,0.0025,51200,6595862,755,8756,343,947
6400,27.889,19.33,1.950932,1.117676,0.833257,128.6173,0.841641,0.0,0.993848,0.006152,51200,6585208,833,9278,342,948
6450,28.098,19.465,1.921091,1.070312,0.850779,128.7335,0.830566,0.0,0.995508,0.004492,51200,6591153,786,8486,346,949
6500,28.217,19.534,1.97318,1.114624,0.858556,128.875,0.857383,0.0,0.998047,0.001953,51200,6598402,807,8847,348,950
6550,28.396,19.61,1.96909,1.100952,0.868138,128.9273,0.863047,0.0,0.998789,0.001211,51200,6601079,784,8621,377,958
6600,28.634,19.742,2.033258,1.1521,0.881158,133.3283,0.86666,0.000566,0.995527,0.003906,51200,6826408,800,9477,383,958
6650,28.874,19.879,2.084304,1.176147,0.908156,147.0309,0.862793,0.002285,0.991465,0.00625,51200,7527983,764,9263,387,961
6700,29.107,20.017,2.043053,1.160278,0.882775,138.1296,0.857246,0.001172,0.993809,0.00502,51200,7072234,748,9355,389,964
6750,29.339,20.152,1.987027,1.136963,0.850065,128.7199,0.84623,0.0,0.995781,0.004219,51200,6590461,779,9771,373,971
6800,29.565,20.288,1.937396,1.084839,0.852557,128.8498,0.825332,0.0,0.997773,0.002227,51200,6597108,800,9817,341,974
6850,29.803,20.423,2.023518,1.172852,0.850667,128.9125,0.798672,0.0,0.998691,0.001309,51200,6600320,796,10515,336,985
6900,30.045,20.559,2.111369,1.265991,0.845377,128.7898,0.802363,0.0,0.996699,0.003301,51200,6594036,817,12008,316,993
6950,30.281,20.697,2.142815,1.266113,0.876701,128.9003,0.816484,0.0,0.998457,0.001543,51200,6599697,770,12281,296,993
7000,30.527,20.838,2.182554,1.280029,0.902525,128.8843,0.823438,0.0,0.998184,0.001816,51200,6598874,789,11815,282,993
7050,30.769,20.98,2.197635,1.280762,0.916873,128.9775,0.827129,0.0,0.999609,0.000391,51200,6603646,812,11878,302,1001
7100,30.935,21.097,2.079418,1.208618,0.870799,128.7861,0.823926,0.0,0.996758,0.003242,51200,6593850,760,11207,308,1001
7150,31.055,21.165,2.143688,1.28125,0.862438,128.7578,0.801562,0.0,0.996309,0.003691,51200,6592401,798,12164,307,1017
7200,31.22,21.233,2.229754,1.328613,0.90114,128.8179,0.807363,0.0,0.997051,0.002949,51200,6595474,802,12382,323,1020
7250,31.437,21.37,2.161609,1.279053,0.882556,130.0776,0.827852,0.000137,0.999414,0.000449,51200,6659975,802,11240,337,1023
7300,31.564,21.437,2.145743,1.276367,0.869376,128.8029,0.834316,0.0,0.997129,0.002871,51200,6594706,813,11929,319,1025
7350,31.761,21.529,2.135828,1.282471,0.853357,129.9946,0.809434,0.000176,0.993828,0.005996,51200,6655721,764,11780,323,1026
7400,31.912,21.629,2.04279,1.203369,0.83942,128.7744,0.826406,0.0,0.996758,0.003242,51200,6593247,789,10899,360,1050
7450,32.036,21.702,2.005269,1.156738,0.848531,128.6433,0.829473,0.0,0.994727,0.005273,51200,6586537,793,9963,342,1050
7500,32.153,21.769,1.957085,1.10144,0.855645,128.7505,0.824648,0.0,0.996387,0.003613,51200,6592028,817,9308,330,1051
7550,32.369,21.891,1.940226,1.105225,0.835001,129.0,0.834512,0.0,1.0,0.0,51200,6604800,820,9637,319,1051
7600,32.604,22.024,2.007336,1.166138,0.841198,128.7653,0.83791,0.0,0.996367,0.003633,51200,6592784,817,10456,312,1051
7650,32.843,22.166,1.977125,1.148682,0.828443,128.5853,0.838555,0.0,0.992969,0.007031,51200,6583568,736,9939,305,1051
7700,33.082,22.302,2.076824,1.208984,0.867839,128.7384,0.842988,0.0,0.996094,0.003906,51200,6591404,805,10389,305,1051
7750,33.32,22.439,2.139503,1.314209,0.825294,128.616,0.858418,0.0,0.993594,0.006406,51200,6585141,818,11567,319,1059
7800,33.565,22.582,2.248699,1.374268,0.874432,128.7748,0.878906,0.0,0.996328,0.003672,51200,6593268,827,11779,353,1071
7850,33.835,22.722,2.263292,1.412231,0.85106,128.7016,0.860605,0.0,0.99543,0.00457,51200,6589520,809,12754,360,1073
7900,34.077,22.86,2.35214,1.498535,0.853605,128.6598,0.847754,0.0,0.995059,0.004941,51200,6587380,747,14035,374,1076
7950,34.321,22.999,2.524736,1.650757,0.873979,128.9412,0.845508,0.0,0.999121,0.000879,51200,6601791,827,16868,336,1078
8000,34.567,23.144,2.496191,1.635376,0.860815,128.927,0.825625,0.0,0.99877,0.00123,51200,6601061,787,15963,333,1083
8050,34.808,23.279,2.413733,1.54248,0.871253,128.887,0.828184,0.0,0.998105,0.001895,51200,6599012,765,14899,312,1086
8100,35.053,23.421,2.332777,1.484009,0.848768,128.8817,0.817305,0.0,0.99791,0.00209,51200,6598744,838,13388,318,1093
8150,35.291,23.558,2.262491,1.461548,0.800943,128.8771,0.819434,0.0,0.997969,0.002031,51200,6598508,758,13407,326,1101
8200,35.411,23.627,2.257753,1.433228,0.824526,128.8924,0.825371,0.0,0.998379,0.001621,51200,6599290,810,13535,328,1107
8250,35.54,23.697,2.295214,1.44812,0.847094,128.9962,0.827832,0.0,0.999941,5.9e-05,51200,6604605,821,13571,335,1112
8300,35.684,23.79,2.309589,1.46814,0.84145,128.8481,0.847422,0.0,0.997852,0.002148,51200,6597022,812,14060,349,1112
8350,35.813,23.864,2.245439,1.40564,0.8398,128.6557,0.844844,0.0,0.99459,0.00541,51200,6587170,781,12362,356,1114
8400,35.937,23.934,2.149655,1.327759,0.821897,128.6145,0.844102,0.0,0.994121,0.005879,51200,6585060,790,12132,338,1115
8450,36.06,24.004,2.135353,1.28479,0.850563,128.7421,0.859902,0.0,0.995645,0.004355,51200,6591596,754,11098,361,1127
8500,36.265,24.1,1.99374,1.160889,0.832851,128.9105,0.85668,0.0,0.99873,0.00127,51200,6600218,819,9434,354,1130
8550,36.503,24.232,1.837306,1.090088,0.747218,129.0,0.874297,0.0,1.0,0.0,51200,6604800,808,8490,347,1130
8600,36.736,24.368,1.978295,1.158569,0.819726,128.925,0.877734,0.0,0.99877,0.00123,51200,6600960,753,9809,328,1130
8650,36.969,24.504,1.994743,1.20105,0.793694,128.8148,0.870195,0.0,0.996953,0.003047,51200,6595319,801,10518,328,1130
8700,37.181,24.641,2.065914,1.251221,0.814693,128.9144,0.86668,0.0,0.99875,0.00125,51200,6600419,727,11239,322,1130
8750,37.301,24.709,2.138665,1.335938,0.802727,128.9449,0.860879,0.0,0.999141,0.000859,51200,6601979,811,11124,320,1130
8800,37.449,24.779,2.066416,1.273926,0.79249,128.8292,0.869688,0.0,0.997207,0.002793,51200,6596057,800,10232,321,1131
8850,37.684,24.918,2.018591,1.199097,0.819494,128.6734,0.85623,0.0,0.995039,0.004961,51200,6588078,840,9750,339,1141
8900,37.929,25.065,2.006696,1.180298,0.826398,128.8099,0.85418,0.0,0.997148,0.002852,51200,6595067,789,9685,340,1143
8950,38.169,25.196,2.043413,1.246582,0.796831,128.7802,0.834004,0.0,0.996738,0.003262,51200,6593546,836,10905,352,1144
9000,38.406,25.337,2.095624,1.257568,0.838056,128.6393,0.84082,0.0,0.994355,0.005645,51200,6586333,741,10634,351,1144
9050,38.638,25.473,2.108426,1.273071,0.835354,128.4936,0.844316,0.0,0.991934,0.008066,51200,6578870,795,11319,349,1146
9100,38.886,25.618,2.092088,1.270996,0.821092,128.6326,0.845195,0.0,0.994297,0.005703,51200,6585991,809,10594,362,1148
9150,39.121,25.755,2.114118,1.310669,0.803449,128.4671,0.858613,0.0,0.991543,0.008457,51200,6577516,824,11294,364,1152
9200,39.358,25.897,2.042837,1.213623,0.829213,128.4543,0.863398,0.0,0.991445,0.008555,51200,6576859,764,9839,364,1153
9250,39.585,26.033,1.941911,1.16626,0.775651,128.7042,0.865547,0.0,0.995078,0.004922,51200,6589655,807,9524,364,1154
9300,39.822,26.168,1.961961,1.186401,0.77556,128.892,0.846211,0.0,0.998418,0.001582,51200,6599271,756,9875,360,1154
9350,40.055,26.305,1.887421,1.130005,0.757416,128.9137,0.839609,0.0,0.998652,0.001348,51200,6600379,770,8894,339,1156
9400,40.287,26.441,1.870096,1.144653,0.725443,128.8341,0.834805,0.0,0.997461,0.002539,51200,6596304,760,9404,328,1157
9450,40.521,26.576,1.918826,1.18042,0.738406,128.521,0.826094,0.0,0.9925,0.0075,51200,6580273,773,9740,325,1169
9500,40.761,26.712,2.009513,1.241333,0.76818,128.6886,0.840098,0.0,0.995391,0.004609,51200,6588856,813,10781,340,1186
9550,41.001,26.852,1.940413,1.197021,0.743391,128.7017,0.83959,0.0,0.992363,0.007637,51200,6589526,814,10392,340,1189
9600,41.24,26.984,1.873993,1.142578,0.731415,128.5331,0.82252,0.0,0.992773,0.007227,51200,6580897,818,10046,328,1198
9650,41.494,27.134,2.048338,1.308105,0.740233,128.809,0.82377,0.0,0.996816,0.003184,51200,6595023,804,11895,326,1200
9700,41.737,27.271,2.116053,1.333984,0.782069,135.1887,0.849102,0.000781,0.997559,0.00166,51200,6921659,802,12357,324,1209
9750,41.97,27.407,2.089512,1.270874,0.818638,128.7278,0.84166,0.0,0.995957,0.004043,51200,6590865,772,12284,300,1209
9800,42.211,27.543,2.162774,1.341553,0.821222,128.7588,0.838105,0.0,0.99623,0.00377,51200,6592453,768,12682,289,1211
9850,42.445,27.679,2.10579,1.272705,0.833085,128.822,0.837988,0.0,0.997266,0.002734,51200,6595684,798,11587,305,1216
9900,42.69,27.816,2.035596,1.259399,0.776196,128.7752,0.815,0.0,0.996543,0.003457,51200,6593290,809,10957,313,1234
9950,42.913,27.948,2.069611,1.277466,0.792145,128.9001,0.837109,0.0,0.99834,0.00166,51200,6599683,868,10695,325,1242
10000,43.032,28.018,2.082806,1.288086,0.79472,131.9258,0.832539,0.000371,0.998477,0.001152,51200,6754603,781,12013,330,1246
10050,43.208,28.088,2.114608,1.348511,0.766098,141.9564,0.826465,0.001641,0.99416,0.004199,51200,7268170,771,12835,320,1246
10100,43.358,28.189,2.143946,1.3125,0.831446,128.8125,0.829062,0.0,0.996953,0.003047,51200,6595202,803,12332,317,1247
10150,43.477,28.258,2.121564,1.313599,0.807966,128.984,0.826816,0.0,0.999727,0.000273,51200,6603981,830,11900,324,1249
10200,43.721,28.403,2.070794,1.263672,0.807122,128.8844,0.830566,0.0,0.998047,0.001953,51200,6598883,774,10878,318,1251
10250,43.843,28.476,2.044912,1.236816,0.808095,128.9498,0.826484,0.0,0.999238,0.000762,51200,6602228,775,10979,338,1265
10300,43.963,28.544,2.096634,1.274658,0.821976,128.7351,0.819004,0.0,0.995918,0.004082,51200,6591237,810,11325,332,1266
10350,44.149,28.625,2.001802,1.220703,0.781099,128.874,0.826172,0.0,0.997852,0.002148,51200,6598351,799,10830,339,1269
10400,44.394,28.766,1.956827,1.176392,0.780435,128.9002,0.844258,0.0,0.998242,0.001758,51200,6599692,763,9424,346,1271
10450,44.636,28.903,2.009182,1.226196,0.782986,128.8085,0.836562,0.0,0.996973,0.003027,51200,6594997,855,10641,349,1271
10500,44.88,29.044,2.086028,1.244385,0.841643,128.9073,0.851035,0.0,0.998457,0.001543,51200,6600055,800,10414,373,1278
10550,45.076,29.18,1.994336,1.217773,0.776563,128.7615,0.845449,0.0,0.996367,0.003633,51200,6592588,763,10156,360,1290
10600,45.196,29.25,2.037584,1.23645,0.801134,131.4494,0.852871,0.000352,0.993848,0.005801,51200,6730208,742,10189,382,1295
10650,45.347,29.35,1.976494,1.206665,0.769829,130.0299,0.840371,0.000195,0.991387,0.008418,51200,6657532,787,10335,351,1295
10700,45.468,29.421,2.038033,1.224487,0.813545,128.5145,0.843086,0.0,0.992656,0.007344,51200,6579944,799,10220,353,1296
10750,45.592,29.495,1.934726,1.145752,0.788974,128.6693,0.84375,0.0,0.995195,0.004805,51200,6587869,809,9068,347,1298
10800,45.708,29.564,1.964146,1.18396,0.780186,128.6718,0.833027,0.0,0.995312,0.004688,51200,6587995,799,9908,335,1298
10850,45.888,29.633,1.936538,1.107544,0.828994,128.6098,0.827695,0.0,0.993828,0.006172,51200,6584821,753,9012,329,1298
10900,46.028,29.722,1.990703,1.178223,0.812481,128.4921,0.801172,0.0,0.992012,0.007988,51200,6578794,763,9677,331,1298
10950,46.143,29.79,2.023338,1.17395,0.849388,128.5482,0.79918,0.0,0.993027,0.006973,51200,6581669,796,9785,325,1302
11000,46.26,29.858,2.040787,1.204346,0.836441,128.4869,0.807578,0.0,0.992012,0.007988,51200,6578528,827,10343,308,1302
11050,46.391,29.939,2.121657,1.312256,0.809402,128.7156,0.822168,0.0,0.995684,0.004316,51200,6590240,792,12048,299,1302
11100,46.56,30.011,2.072012,1.229248,0.842764,128.7272,0.827344,0.0,0.995527,0.004473,51200,6590832,790,11207,286,1305
11150,46.81,30.144,2.130933,1.308716,0.822217,129.2255,0.816875,5.9e-05,0.99623,0.003711,51200,6616346,736,11227,288,1307
11200,47.005,30.288,2.137065,1.296997,0.840068,128.7106,0.816504,0.0,0.995879,0.004121,51200,6589984,763,11285,281,1308
11250,47.173,30.356,2.140962,1.25769,0.883271,128.6979,0.822734,0.0,0.995293,0.004707,51200,6589333,809,11059,280,1308
11300,47.419,30.493,2.098758,1.250244,0.848514,128.7317,0.83332,0.0,0.995977,0.004023,51200,6591064,774,10692,284,1308
11350,47.649,30.633,2.249993,1.344482,0.905511,128.6548,0.857305,0.0,0.994766,0.005234,51200,6587125,826,12637,313,1313
11400,47.766,30.702,2.226584,1.35437,0.872214,128.5056,0.836758,0.0,0.992188,0.007812,51200,6579489,786,12087,307,1314
11450,47.883,30.77,2.161694,1.281738,0.879956,128.4025,0.835742,0.0,0.990625,0.009375,51200,6574210,792,11438,315,1314
11500,48.102,30.879,2.210026,1.303101,0.906926,128.4351,0.842051,0.0,0.991211,0.008789,51200,6575878,816,11312,323,1317
11550,48.273,30.988,2.22797,1.305176,0.922794,128.8291,0.842207,0.0,0.997363,0.002637,51200,6596050,711,11826,320,1320
11600,48.389,31.056,2.221532,1.312988,0.908544,128.5652,0.848086,0.0,0.993379,0.006621,51200,6582536,779,11693,328,1321
11650,48.555,31.172,2.103133,1.269897,0.833236,128.7081,0.864277,0.0,0.995508,0.004492,51200,6589855,803,11170,321,1323
11700,48.671,31.24,2.08962,1.211548,0.878072,128.6383,0.843574,0.0,0.994375,0.005625,51200,6586279,793,10864,317,1328
11750,48.819,31.338,2.027656,1.190918,0.836738,128.647,0.826973,0.0,0.994746,0.005254,51200,6586727,762,10269,322,1328
11800,48.936,31.406,1.977461,1.148682,0.828779,128.9254,0.829512,0.0,0.998809,0.001191,51200,6600983,805,10305,325,1333
11850,49.083,31.473,2.028756,1.184692,0.844064,128.9079,0.84541,0.0,0.998516,0.001484,51200,6600085,794,9989,310,1333
11900,49.266,31.606,2.089642,1.223389,0.866253,128.6952,0.860293,0.0,0.995312,0.004688,51200,6589195,748,10576,308,1333
11950,49.385,31.675,2.103718,1.231445,0.872272,128.6248,0.867695,0.0,0.994082,0.005918,51200,6585591,766,9830,325,1340
12000,49.504,31.745,2.02331,1.188354,0.834955,128.4741,0.857539,0.0,0.992637,0.007363,51200,6577876,767,8931,325,1340
12050,49.748,31.891,1.982908,1.142456,0.840452,128.5574,0.871875,0.0,0.993418,0.006582,51200,6582141,742,8370,354,1340
12100,49.986,32.023,1.970796,1.130859,0.839936,128.5894,0.868184,0.0,0.994453,0.005547,51200,6583777,760,7907,356,1340
12150,50.22,32.159,1.956693,1.168091,0.788603,128.7112,0.855605,0.0,0.995957,0.004043,51200,6590015,789,9033,380,1348
12200,50.455,32.298,2.016119,1.211914,0.804205,128.7691,0.847051,0.0,0.996875,0.003125,51200,6592976,774,10309,378,1348
12250,50.683,32.431,2.078132,1.231201,0.846931,128.9488,0.848613,0.0,0.999277,0.000723,51200,6602179,752,10660,360,1349
12300,50.916,32.567,2.054849,1.219238,0.835611,128.9621,0.842109,0.0,0.999395,0.000605,51200,6602859,796,10140,349,1349
12350,51.048,32.651,2.035575,1.180664,0.854911,128.9632,0.844043,0.0,0.999434,0.000566,51200,6602917,813,9401,355,1349
12400,51.166,32.72,2.004583,1.176758,0.827825,128.9931,0.854043,0.0,0.999922,7.8e-05,51200,6604447,760,9416,357,1350
12450,51.374,32.826,2.127256,1.264404,0.862851,128.9047,0.849395,0.0,0.998418,0.001582,51200,6599919,778,10336,371,1351
12500,51.609,32.963,2.073246,1.226196,0.84705,129.4361,0.826426,5.9e-05,0.999395,0.000547,51200,6627127,775,10938,367,1353
12550,51.759,33.068,2.121828,1.231445,0.890383,128.9243,0.814258,0.0,0.998809,0.001191,51200,6600926,813,11548,371,1358
12600,51.876,33.137,2.157832,1.320068,0.837764,131.529,0.795,0.000332,0.997461,0.002207,51200,6734286,818,12792,343,1358
12650,52.037,33.205,2.094114,1.287476,0.806638,128.7218,0.784766,0.0,0.995469,0.004531,51200,6590557,787,11689,310,1358
12700,52.172,33.285,2.154723,1.299438,0.855284,128.7738,0.795391,0.0,0.99625,0.00375,51200,6593219,834,12460,302,1360
12750,52.336,33.355,2.224553,1.373901,0.850652,128.6194,0.808438,0.0,0.994043,0.005957,51200,6585313,843,13096,320,1372
12800,52.584,33.501,2.216336,1.36145,0.854886,128.8116,0.821152,0.0,0.997188,0.002812,51200,6595155,769,13094,338,1372
12850,52.829,33.646,2.159819,1.302002,0.857817,128.6647,0.836836,0.0,0.994609,0.005391,51200,6587631,787,11683,350,1374
12900,52.991,33.75,2.146534,1.317627,0.828907,128.6091,0.855762,0.0,0.993809,0.006191,51200,6584784,789,11793,350,1374
12950,53.112,33.818,2.011972,1.236816,0.775156,128.9244,0.858418,0.0,0.998652,0.001348,51200,6600930,776,10589,355,1388
13000,53.25,33.886,1.989391,1.171631,0.81776,129.0,0.837422,0.0,1.0,0.0,51200,6604800,780,10048,369,1398
13050,53.37,33.955,1.880723,1.092529,0.788193,128.7059,0.827246,0.0,0.995273,0.004727,51200,6589742,816,8991,366,1399
13100,53.602,34.083,1.943118,1.134644,0.808474,128.5647,0.837148,0.0,0.993105,0.006895,51200,6582515,796,8947,375,1409
13150,53.733,34.163,1.869718,1.074585,0.795133,128.5613,0.851309,0.0,0.993398,0.006602,51200,6582341,841,8861,343,1409
13200,53.851,34.231,1.869558,1.099854,0.769705,128.4607,0.85082,0.0,0.99168,0.00832,51200,6577188,756,8977,349,1413
13250,54.065,34.346,1.871175,1.107056,0.76412,128.6778,0.834316,0.0,0.995078,0.004922,51200,6588305,721,9219,347,1423
13300,54.301,34.481,1.90822,1.106079,0.802141,128.8441,0.83998,0.0,0.997441,0.002559,51200,6596820,772,10524,303,1426
13350,54.452,34.584,1.951934,1.140991,0.810943,128.9448,0.842871,0.0,0.999062,0.000938,51200,6601974,740,10195,287,1434
13400,54.568,34.652,1.905252,1.125488,0.779764,128.9031,0.810078,0.0,0.998281,0.001719,51200,6599837,764,9856,277,1440
13450,54.722,34.75,1.874553,1.082886,0.791668,128.887,0.806504,0.0,0.998301,0.001699,51200,6599016,804,9102,263,1442
13500,54.839,34.818,1.981866,1.1604,0.821466,128.7681,0.846074,0.0,0.996465,0.003535,51200,6592925,766,10104,260,1442
13550,55.018,34.895,2.022796,1.16272,0.860076,128.8442,0.845645,0.0,0.997617,0.002383,51200,6596824,783,10230,288,1444
13600,55.157,34.986,2.099487,1.223755,0.875732,128.8164,0.848613,0.0,0.997207,0.002793,51200,6595401,754,10711,307,1445
13650,55.275,35.055,2.0143,1.180054,0.834246,128.8586,0.856504,0.0,0.997676,0.002324,51200,6597558,775,9199,316,1445
13700,55.407,35.13,1.944942,1.127808,0.817134,128.8864,0.864023,0.0,0.998184,0.001816,51200,6598983,806,9232,318,1445
13750,55.546,35.202,2.065168,1.210693,0.854475,128.8745,0.845332,0.0,0.997871,0.002129,51200,6598372,746,10217,332,1445
13800,55.789,35.345,2.003233,1.174927,0.828306,128.7247,0.837188,0.0,0.995781,0.004219,51200,6590705,868,10099,337,1450
13850,56.027,35.481,2.047173,1.19812,0.849053,128.5741,0.843574,0.0,0.993516,0.006484,51200,6582993,777,10209,351,1461
13900,56.166,35.569,2.046005,1.241211,0.804794,128.73,0.849844,0.0,0.995781,0.004219,51200,6590976,787,10379,350,1466
13950,56.288,35.641,2.065855,1.211304,0.854551,128.8038,0.852676,0.0,0.996777,0.003223,51200,6594757,753,10781,346,1466
14000,56.41,35.71,1.971461,1.141968,0.829493,129.5651,0.844492,9.8e-05,0.996309,0.003594,51200,6633735,779,10104,330,1466
14050,56.534,35.78,2.058534,1.229736,0.828797,146.4849,0.848184,0.002207,0.992852,0.004941,51200,7500029,785,11423,323,1475
14100,56.656,35.855,2.020625,1.19751,0.823115,152.4348,0.833965,0.00293,0.99416,0.00291,51200,7804660,796,10814,314,1475
14150,56.775,35.925,1.993459,1.185547,0.807912,148.5062,0.84875,0.002441,0.994824,0.002734,51200,7603519,748,10404,307,1475
14200,56.996,36.05,2.022246,1.192261,0.829985,128.6612,0.855625,0.0,0.994961,0.005039,51200,6587453,763,10366,317,1475
14250,57.187,36.19,2.078143,1.254639,0.823504,128.8339,0.856582,0.0,0.997637,0.002363,51200,6596294,793,10993,317,1476
14300,57.311,36.261,2.136929,1.295898,0.841031,128.9528,0.866074,0.0,0.999238,0.000762,51200,6602383,788,11517,328,1477
14350,57.456,36.331,2.137943,1.307129,0.830814,128.9425,0.868652,0.0,0.998984,0.001016,51200,6601855,827,11562,341,1481
14400,57.697,36.473,2.169843,1.358154,0.811689,128.8625,0.86873,0.0,0.997676,0.002324,51200,6597759,767,12820,345,1482
14450,57.959,36.626,2.276105,1.414185,0.86192,128.9148,0.857461,0.0,0.998613,0.001387,51200,6600437,784,13549,364,1486
14500,58.14,36.758,2.15864,1.330566,0.828074,128.9298,0.855625,0.0,0.998945,0.001055,51200,6601204,798,12034,356,1494
14550,58.259,36.827,2.138701,1.287231,0.851469,128.998,0.870586,0.0,0.999941,5.9e-05,51200,6604697,787,11233,344,1494
14600,58.377,36.896,2.117416,1.244629,0.872787,128.9854,0.863711,0.0,0.999766,0.000234,51200,6604054,723,10444,324,1495
14650,58.576,37.008,2.199482,1.347778,0.851704,128.9772,0.854004,0.0,0.99959,0.00041,51200,6603631,825,12118,351,1503
14700,58.695,37.078,2.180424,1.314453,0.865971,128.8558,0.851875,0.0,0.997715,0.002285,51200,6597419,774,11521,358,1504
14750,58.811,37.146,2.168102,1.292114,0.875988,128.9037,0.848789,0.0,0.998633,0.001367,51200,6599871,791,12096,365,1507
14800,58.928,37.216,2.140468,1.257202,0.883266,128.8201,0.83377,0.0,0.997246,0.002754,51200,6595589,834,11287,358,1515
14850,59.055,37.296,2.008188,1.179565,0.828622,129.0,0.84418,0.0,1.0,0.0,51200,6604800,753,9858,359,1515
14900,59.185,37.364,1.91924,1.119141,0.8001,128.8819,0.856562,0.0,0.998164,0.001836,51200,6598754,770,8834,349,1515
14950,59.303,37.433,2.010191,1.180298,0.829893,128.753,0.85002,0.0,0.996113,0.003887,51200,6592155,774,10210,341,1520
15000,59.493,37.538,2.057508,1.247925,0.809583,128.9125,0.843496,0.0,0.998613,0.001387,51200,6600322,780,11570,339,1528
15050,59.613,37.61,2.071839,1.26062,0.811219,128.896,0.847871,0.0,0.998359,0.001641,51200,6599477,771,11568,340,1530
15100,59.794,37.686,2.041102,1.22644,0.814662,128.913,0.828906,0.0,0.99875,0.00125,51200,6600345,797,11461,323,1530
15150,60.006,37.827,2.002518,1.238647,0.763871,129.1885,0.833301,3.9e-05,0.997754,0.002207,51200,6614450,764,10902,323,1530
15200,60.124,37.897,2.089286,1.300659,0.788626,133.3898,0.838711,0.000547,0.999102,0.000352,51200,6829556,774,12302,317,1530
15250,60.242,37.965,2.129759,1.340942,0.788816,128.9443,0.839219,0.0,0.999121,0.000879,51200,6601947,753,12418,324,1534
15300,60.359,38.034,2.178161,1.345215,0.832946,128.9821,0.81875,0.0,0.999746,0.000254,51200,6603885,751,12438,308,1534
15350,60.477,38.102,2.1199,1.314087,0.805813,128.9279,0.803672,0.0,0.99873,0.00127,51200,6601110,794,11854,309,1540
15400,60.596,38.17,2.128326,1.366577,0.761749,128.9475,0.801445,0.0,0.999004,0.000996,51200,6602112,822,11786,310,1541
15450,60.714,38.237,2.162991,1.360718,0.802274,128.8639,0.811387,0.0,0.99793,0.00207,51200,6597831,783,12993,292,1546
15500,60.83,38.306,2.116124,1.334961,0.781163,128.7206,0.806758,0.0,0.995566,0.004434,51200,6590494,810,12221,291,1547
15550,60.947,38.373,2.050784,1.279053,0.771731,128.5061,0.813711,0.0,0.992305,0.007695,51200,6579510,791,11221,310,1555
15600,61.064,38.441,1.955605,1.22168,0.733926,128.7554,0.812402,0.0,0.996113,0.003887,51200,6592275,774,10831,332,1563
15650,61.183,38.509,2.027991,1.285645,0.742346,128.658,0.812051,0.0,0.99457,0.00543,51200,6587289,799,11201,333,1565
15700,61.303,38.578,1.931712,1.209351,0.722361,128.5808,0.828418,0.0,0.993398,0.006602,51200,6583339,802,10647,362,1567
15750,61.419,38.646,1.87282,1.139771,0.73305,128.7339,0.834121,0.0,0.995957,0.004043,51200,6591175,788,9338,367,1570
15800,61.538,38.714,1.941588,1.19165,0.749937,128.7417,0.836055,0.0,0.995918,0.004082,51200,6591574,777,10187,356,1570
15850,61.658,38.783,1.885094,1.166138,0.718956,128.7145,0.828379,0.0,0.995312,0.004688,51200,6590181,836,9669,356,1573
15900,61.776,38.851,1.837229,1.107666,0.729563,128.571,0.827266,0.0,0.99332,0.00668,51200,6582834,743,9078,341,1577
15950,61.893,38.918,1.874864,1.13855,0.736314,128.8379,0.83502,0.0,0.997285,0.002715,51200,6596500,799,9649,337,1579
16000,62.012,38.986,1.927688,1.139526,0.788161,128.7851,0.828105,0.0,0.996719,0.003281,51200,6593795,766,9640,321,1581
16050,62.134,39.059,2.027631,1.226562,0.801068,128.7606,0.837695,0.0,0.996367,0.003633,51200,6592544,755,11458,319,1581
16100,62.252,39.128,2.018066,1.213745,0.804321,128.953,0.831602,0.0,0.999297,0.000703,51200,6602396,787,10775,322,1586
16150,62.368,39.196,1.939832,1.129761,0.810071,128.9624,0.845195,0.0,0.999395,0.000605,51200,6602876,803,9081,336,1586
16200,62.491,39.271,1.844293,1.095093,0.749201,128.958,0.868613,0.0,0.999414,0.000586,51200,6602652,806,8320,350,1589
16250,62.606,39.339,1.920345,1.118896,0.801448,128.8664,0.868633,0.0,0.997695,0.002305,51200,6597958,756,8866,340,1591
16300,62.723,39.408,1.97554,1.189697,0.785842,128.6622,0.847598,0.0,0.995059,0.004941,51200,6587507,790,9471,338,1592
16350,62.84,39.477,2.024044,1.239868,0.784176,128.6854,0.866602,0.0,0.99502,0.00498,51200,6588691,809,10412,342,1596
16400,62.974,39.547,2.072107,1.269043,0.803064,128.8526,0.861582,0.0,0.997773,0.002227,51200,6597255,795,10427,345,1596
16450,63.098,39.623,2.046088,1.273438,0.772651,128.8311,0.870918,0.0,0.997422,0.002578,51200,6596150,787,10930,341,1596
16500,63.211,39.691,2.082125,1.258911,0.823214,128.667,0.844727,0.0,0.994805,0.005195,51200,6587748,761,10637,352,1609
16550,63.324,39.759,2.063661,1.243164,0.820497,128.5219,0.845254,0.0,0.992695,0.007305,51200,6580323,789,10731,346,1610
16600,63.442,39.83,2.045618,1.196899,0.848719,128.8301,0.840898,0.0,0.997305,0.002695,51200,6596101,750,10951,336,1610
16650,63.557,39.898,1.980581,1.177368,0.803213,128.7719,0.849648,0.0,0.99666,0.00334,51200,6593120,833,10223,332,1610
16700,63.674,39.966,1.959176,1.172119,0.787057,128.8541,0.860742,0.0,0.997852,0.002148,51200,6597331,801,9881,336,1610
16750,63.793,40.038,1.870472,1.113037,0.757435,128.9911,0.864453,0.0,0.999785,0.000215,51200,6604343,779,9109,350,1615
16800,63.908,40.106,1.832365,1.085449,0.746915,129.0,0.854375,0.0,1.0,0.0,51200,6604800,726,8836,351,1615
16850,64.023,40.173,1.885041,1.099854,0.785187,128.9454,0.83168,0.0,0.999121,0.000879,51200,6602003,808,8918,353,1625
16900,64.142,40.242,1.897667,1.130493,0.767173,128.9099,0.836094,0.0,0.998711,0.001289,51200,6600185,819,9204,370,1635
16950,64.258,40.309,1.918847,1.15918,0.759667,128.9741,0.830156,0.0,0.999492,0.000508,51200,6603472,805,10058,340,1635
17000,64.378,40.377,1.986757,1.246338,0.740419,128.7732,0.831211,0.0,0.996465,0.003535,51200,6593190,781,11060,334,1643
17050,64.497,40.445,1.903167,1.169434,0.733733,128.7133,0.861426,0.0,0.995879,0.004121,51200,6590123,774,10272,333,1643
17100,64.615,40.513,1.871164,1.168701,0.702463,128.9192,0.852617,0.0,0.998789,0.001211,51200,6600664,798,10086,318,1643
17150,64.735,40.581,1.950075,1.236328,0.713747,128.6771,0.838457,0.0,0.994473,0.005527,51200,6588270,801,10298,315,1643
17200,64.853,40.649,1.904991,1.157593,0.747398,128.6424,0.837852,0.0,0.994355,0.005645,51200,6586490,800,9552,313,1643
17250,64.969,40.716,1.909638,1.193115,0.716523,128.7026,0.832324,0.0,0.995254,0.004746,51200,6589573,788,10091,313,1654
17300,65.089,40.783,1.85425,1.168823,0.685427,128.7764,0.832363,0.0,0.996582,0.003418,51200,6593354,829,9434,312,1656
17350,65.205,40.851,1.906702,1.165405,0.741297,128.8077,0.832578,0.0,0.996875,0.003125,51200,6594952,803,9793,308,1660
17400,65.322,40.918,1.831381,1.116333,0.715048,128.7784,0.835957,0.0,0.996719,0.003281,51200,6593453,783,8909,308,1662
17450,65.439,40.985,1.781851,1.083862,0.697988,128.8205,0.838359,0.0,0.99709,0.00291,51200,6595608,824,8396,331,1668
17500,65.557,41.053,1.776263,1.073975,0.702289,128.8525,0.867988,0.0,0.997656,0.002344,51200,6597248,772,8392,331,1671
17550,65.674,41.12,1.833806,1.130005,0.703801,128.7087,0.86252,0.0,0.99543,0.00457,51200,6589885,751,9267,339,1675
17600,65.791,41.188,1.886672,1.13916,0.747512,128.8512,0.856465,0.0,0.997754,0.002246,51200,6597181,756,9539,331,1675
17650,65.909,41.256,1.938861,1.189819,0.749042,128.8227,0.839395,0.0,0.99707,0.00293,51200,6595724,812,10094,341,1679
17700,66.028,41.324,1.935359,1.218384,0.716975,128.8762,0.835898,0.0,0.998008,0.001992,51200,6598464,809,10246,340,1681
17750,66.149,41.394,1.931105,1.198242,0.732863,128.745,0.847266,0.0,0.996055,0.003945,51200,6591744,734,10211,342,1684
17800,66.266,41.462,1.893772,1.157104,0.736667,128.7589,0.847988,0.0,0.995977,0.004023,51200,6592456,772,9738,330,1686
17850,66.386,41.532,1.835422,1.146362,0.689059,128.8695,0.824219,0.0,0.997832,0.002168,51200,6598118,794,10022,307,1686
17900,66.504,41.6,1.824499,1.116577,0.707922,128.6582,0.826992,0.0,0.994707,0.005293,51200,6587301,773,9195,302,1686
17950,66.618,41.667,1.763037,1.062012,0.701026,128.6314,0.841523,0.0,0.993867,0.006133,51200,6585928,764,8431,318,1698
18000,66.734,41.734,1.827451,1.116455,0.710996,128.3788,0.830957,0.0,0.990449,0.009551,51200,6572996,797,9547,306,1701
18050,66.871,41.812,1.854389,1.171143,0.683246,128.6057,0.82916,0.0,0.993926,0.006074,51200,6584610,720,9657,307,1701
18100,66.993,41.881,1.93328,1.239258,0.694022,128.7945,0.856758,0.0,0.996914,0.003086,51200,6594279,760,9997,313,1703
18150,67.112,41.95,1.919109,1.179199,0.73991,128.7531,0.860371,0.0,0.996113,0.003887,51200,6592161,805,9848,314,1708
18200,67.231,42.018,1.837823,1.101318,0.736504,128.6037,0.866445,0.0,0.994414,0.005586,51200,6584510,784,8845,314,1708
18250,67.35,42.086,1.95714,1.193359,0.76378,128.6212,0.85752,0.0,0.994316,0.005684,51200,6585403,770,10609,316,1708
18300,67.471,42.156,1.907387,1.208252,0.699135,128.8545,0.85707,0.0,0.997812,0.002188,51200,6597351,779,9953,319,1711
18350,67.589,42.224,1.996659,1.230225,0.766435,128.7529,0.851309,0.0,0.99623,0.00377,51200,6592150,761,10679,308,1713
18400,67.709,42.293,1.944994,1.185059,0.759936,128.8071,0.841562,0.0,0.997012,0.002988,51200,6594921,819,10023,313,1718
18450,67.827,42.362,1.835287,1.086792,0.748495,129.0,0.846094,0.0,1.0,0.0,51200,6604800,741,9678,319,1727
18500,67.945,42.43,1.823633,1.051514,0.772119,128.8672,0.84584,0.0,0.99793,0.00207,51200,6598003,735,8936,325,1734
18550,68.064,42.498,1.892937,1.144165,0.748772,128.8275,0.834766,0.0,0.997305,0.002695,51200,6595966,782,9551,334,1742
18600,68.184,42.569,2.001983,1.2229,0.779083,128.7907,0.842832,0.0,0.99668,0.00332,51200,6594084,795,11228,323,1742
18650,68.299,42.637,1.933529,1.158447,0.775082,128.8194,0.855801,0.0,0.997129,0.002871,51200,6595553,774,10093,314,1742
18700,68.416,42.705,1.945427,1.164917,0.78051,128.7474,0.839824,0.0,0.995918,0.004082,51200,6591869,788,10119,321,1747
18750,68.537,42.776,1.899508,1.168091,0.731417,128.8404,0.840723,0.0,0.997578,0.002422,51200,6596630,837,9824,320,1754
18800,68.658,42.845,1.960564,1.1698,0.790764,128.8038,0.875312,0.0,0.996855,0.003145,51200,6594756,789,9151,315,1754
18850,68.778,42.913,1.924747,1.168579,0.756168,128.5578,0.856621,0.0,0.99291,0.00709,51200,6582157,792,8788,311,1754
18900,68.896,42.983,2.004165,1.203247,0.800918,128.7559,0.875371,0.0,0.996328,0.003672,51200,6592301,750,10053,321,1754
18950,69.015,43.052,2.024909,1.229858,0.795051,128.8581,0.870664,0.0,0.997832,0.002168,51200,6597537,823,10088,330,1755
19000,69.133,43.121,2.038258,1.2323,0.805958,128.9599,0.899531,0.0,0.999277,0.000723,51200,6602749,769,9596,340,1759
19050,69.248,43.19,2.01955,1.224976,0.794575,128.9631,0.897246,0.0,0.999297,0.000703,51200,6602912,828,9845,320,1759
19100,69.361,43.258,2.067646,1.238403,0.829242,128.8728,0.866719,0.0,0.998027,0.001973,51200,6598287,772,10416,311,1759
19150,69.476,43.326,2.096139,1.307495,0.788644,128.5869,0.868945,0.0,0.993613,0.006387,51200,6583651,816,10627,317,1763
19200,69.592,43.394,2.142773,1.351929,0.790844,128.6621,0.860469,0.0,0.994727,0.005273,51200,6587500,781,11314,309,1763
19250,69.708,43.462,2.168967,1.353027,0.815939,128.7237,0.845645,0.0,0.995801,0.004199,51200,6590651,771,12038,306,1763
19300,69.823,43.531,2.164674,1.362061,0.802614,128.7435,0.839648,0.0,0.996035,0.003965,51200,6591667,827,12171,302,1763
19350,69.939,43.598,2.069646,1.266357,0.803288,128.738,0.832949,0.0,0.99625,0.00375,51200,6591387,774,10824,301,1763
19400,70.054,43.666,2.034301,1.246948,0.787353,130.4137,0.830801,0.000195,0.995566,0.004238,51200,6677181,812,11168,300,1763
19450,70.172,43.734,2.078692,1.294678,0.784015,128.8081,0.817402,0.0,0.996855,0.003145,51200,6594976,789,11701,317,1769
19500,70.29,43.802,2.152695,1.320435,0.83226,128.6544,0.832852,0.0,0.994922,0.005078,51200,6587103,787,11613,330,1775
19550,70.41,43.87,2.114585,1.321289,0.793296,128.704,0.823047,0.0,0.995762,0.004238,51200,6589645,772,12075,331,1776
19600,70.528,43.939,2.108853,1.297852,0.811001,141.372,0.815176,0.001582,0.991035,0.007383,51200,7238245,800,11710,344,1792
19650,70.647,44.009,2.084407,1.291504,0.792903,151.2439,0.816152,0.002852,0.986133,0.011016,51200,7743689,789,11578,342,1792
19700,70.768,44.078,2.020343,1.277588,0.742755,140.7803,0.82,0.001523,0.99125,0.007227,51200,7207949,771,11288,334,1793
19750,70.888,44.146,2.032247,1.293091,0.739156,128.3606,0.81375,0.0,0.991152,0.008848,51200,6572064,781,11518,329,1793
19800,71.009,44.214,2.089207,1.288818,0.800388,128.4647,0.82541,0.0,0.992461,0.007539,51200,6577391,761,11116,323,1793
19850,71.13,44.282,2.074336,1.314575,0.759761,128.3461,0.839297,0.0,0.990293,0.009707,51200,6571320,798,11484,328,1793
19900,71.249,44.351,2.025299,1.248169,0.77713,128.6045,0.838555,0.0,0.993906,0.006094,51200,6584549,817,10625,319,1793
19950,71.368,44.42,2.008787,1.216919,0.791868,128.7785,0.849414,0.0,0.996523,0.003477,51200,6593461,697,10405,328,1802
20000,71.485,44.488,1.919068,1.148315,0.770752,128.8767,0.835625,0.0,0.998066,0.001934,51200,6598487,850,9798,334,1814
20050,71.604,44.555,1.928708,1.16394,0.764768,128.8588,0.851289,0.0,0.997559,0.002441,51200,6597573,771,10112,334,1816
20100,71.721,44.623,1.895824,1.169312,0.726513,128.663,0.852227,0.0,0.994707,0.005293,51200,6587545,759,9536,325,1816
20150,71.84,44.691,1.916583,1.18396,0.732623,128.5531,0.85959,0.0,0.992656,0.007344,51200,6581920,818,9133,334,1817
20200,71.957,44.759,1.802721,1.100098,0.702624,128.9013,0.875332,0.0,0.998594,0.001406,51200,6599749,762,9046,315,1817
20250,72.074,44.826,1.976577,1.186523,0.790053,128.7604,0.863555,0.0,0.996211,0.003789,51200,6592531,783,9584,323,1825
20300,72.231,44.93,1.965522,1.155151,0.810371,128.8367,0.856445,0.0,0.997422,0.002578,51200,6596437,761,8969,325,1826
20350,72.347,44.997,1.875603,1.12085,0.754754,128.7461,0.874844,0.0,0.996094,0.003906,51200,6591802,836,8900,324,1828
20400,72.463,45.066,1.923764,1.178711,0.745054,128.8596,0.86207,0.0,0.99791,0.00209,51200,6597612,770,9914,324,1833
20450,72.582,45.134,1.951671,1.208496,0.743175,128.8583,0.861934,0.0,0.997637,0.002363,51200,6597544,792,9777,342,1833
20500,72.702,45.203,2.000339,1.265503,0.734836,128.9071,0.854805,0.0,0.998691,0.001309,51200,6600043,823,10388,343,1834
20550,72.822,45.272,2.103361,1.328369,0.774992,128.953,0.85209,0.0,0.999277,0.000723,51200,6602396,780,11821,341,1834
20600,72.94,45.34,2.085501,1.282959,0.802542,128.8645,0.835254,0.0,0.997852,0.002148,51200,6597860,811,11683,338,1834
20650,73.058,45.409,1.925807,1.154907,0.7709,128.884,0.829883,0.0,0.998125,0.001875,51200,6598863,752,9381,347,1834
20700,73.173,45.476,1.829806,1.061768,0.768038,128.7136,0.834531,0.0,0.995293,0.004707,51200,6590134,765,8157,341,1835
20750,73.29,45.544,1.685809,0.989014,0.696795,128.8341,0.865039,0.0,0.997324,0.002676,51200,6596307,756,6902,345,1838
20800,73.409,45.611,1.612103,0.956543,0.65556,128.8261,0.868574,0.0,0.997344,0.002656,51200,6595896,803,6338,321,1838
20850,73.529,45.678,1.794661,1.093506,0.701155,128.9448,0.857227,0.0,0.999121,0.000879,51200,6601974,787,8542,325,1838
20900,73.646,45.746,1.853144,1.09375,0.759394,128.6671,0.868594,0.0,0.994766,0.005234,51200,6587757,785,8810,325,1838
20950,73.766,45.816,1.724713,1.032837,0.691876,128.8121,0.888594,0.0,0.997031,0.002969,51200,6595180,766,7397,319,1838
21000,73.885,45.883,1.709124,1.026367,0.682757,130.1318,0.88375,0.000176,0.995508,0.004316,51200,6662747,807,7565,313,1840
21050,74.003,45.952,1.87253,1.132202,0.740328,139.9378,0.868926,0.001387,0.99459,0.004023,51200,7164817,772,9803,314,1840
21100,74.13,46.024,1.919576,1.174561,0.745016,137.3309,0.863164,0.001074,0.993613,0.005312,51200,7031344,814,9541,318,1840
21150,74.249,46.095,1.908476,1.121704,0.786772,146.6647,0.841758,0.002246,0.990547,0.007207,51200,7509235,794,9648,310,1844
21200,74.367,46.163,1.824625,1.093018,0.731607,131.8275,0.821191,0.000391,0.993828,0.005781,51200,6749567,789,8667,325,1852
21250,74.483,46.23,1.834624,1.089111,0.745512,128.8137,0.822598,0.0,0.997246,0.002754,51200,6595260,778,9195,327,1853
21300,74.603,46.298,1.873913,1.152832,0.721081,128.6794,0.824258,0.0,0.994902,0.005098,51200,6588383,827,9375,325,1854
21350,74.722,46.367,1.950942,1.170044,0.780898,128.6093,0.850508,0.0,0.993848,0.006152,51200,6584795,762,9509,326,1854
21400,74.842,46.435,1.86323,1.144653,0.718577,128.6508,0.873672,0.0,0.994629,0.005371,51200,6586919,832,9436,330,1854
21450,74.961,46.503,1.917924,1.152344,0.765581,128.6312,0.868027,0.0,0.994453,0.005547,51200,6585920,779,9612,331,1854
21500,75.08,46.572,1.900502,1.143311,0.757192,128.5697,0.87166,0.0,0.993574,0.006426,51200,6582770,763,9007,340,1854
21550,75.197,46.639,1.820675,1.092773,0.727902,128.7972,0.858379,0.0,0.996973,0.003027,51200,6594416,773,9308,331,1856
21600,75.316,46.707,1.833719,1.097656,0.736063,128.4179,0.836074,0.0,0.991113,0.008887,51200,6574997,787,8829,331,1861
21650,75.432,46.774,1.732504,1.02417,0.708334,128.4362,0.833594,0.0,0.991016,0.008984,51200,6575936,760,7430,337,1868
21700,75.549,46.841,1.752382,1.052246,0.700136,128.5485,0.831055,0.0,0.992891,0.007109,51200,6581681,782,8178,338,1868
21750,75.666,46.91,1.818005,1.050415,0.76759,128.4091,0.855723,0.0,0.990977,0.009023,51200,6574547,769,8914,322,1868
21800,75.785,46.978,1.858799,1.070923,0.787876,128.8911,0.855684,0.0,0.998105,0.001895,51200,6599222,777,8351,327,1868
21850,75.899,47.045,1.913717,1.120483,0.793234,128.7985,0.86791,0.0,0.997148,0.002852,51200,6594481,795,9214,320,1868
21900,76.017,47.113,1.913891,1.106812,0.80708,128.9388,0.877324,0.0,0.998887,0.001113,51200,6601669,744,8628,317,1869
21950,76.135,47.181,1.872996,1.08667,0.786327,128.8403,0.875566,0.0,0.997402,0.002598,51200,6596622,752,8574,322,1879
22000,76.258,47.248,1.866778,1.064209,0.802569,128.9141,0.867676,0.0,0.998457,0.001543,51200,6600404,792,8764,332,1882
22050,76.377,47.318,1.835232,1.038208,0.797024,128.9521,0.855469,0.0,0.999141,0.000859,51200,6602345,767,8092,338,1882
22100,76.495,47.386,1.892244,1.106201,0.786043,128.8911,0.852812,0.0,0.998359,0.001641,51200,6599225,768,9358,328,1882
22150,76.61,47.454,1.889511,1.120972,0.768539,128.6426,0.83541,0.0,0.994316,0.005684,51200,6586500,801,9846,302,1882
22200,76.73,47.524,1.933069,1.133911,0.799158,128.7974,0.861758,0.0,0.996777,0.003223,51200,6594427,804,9344,318,1882
22250,76.847,47.592,1.899738,1.100952,0.798786,128.8628,0.864434,0.0,0.998125,0.001875,51200,6597776,817,8598,322,1884
22300,76.966,47.66,1.948071,1.146729,0.801343,128.8454,0.878359,0.0,0.997637,0.002363,51200,6596887,752,9092,320,1884
22350,77.092,47.732,1.992679,1.177002,0.815677,128.9211,0.881152,0.0,0.998867,0.001133,51200,6600759,786,9923,324,1884
22400,77.209,47.801,1.959628,1.137573,0.822055,128.9165,0.861289,0.0,0.99877,0.00123,51200,6600526,761,9535,336,1886
22450,77.327,47.87,2.106953,1.256836,0.850117,128.9596,0.846309,0.0,0.999355,0.000645,51200,6602734,780,11458,326,1888
22500,77.445,47.938,2.136476,1.290527,0.845948,128.9308,0.863984,0.0,0.998828,0.001172,51200,6601256,817,12179,322,1891
22550,77.568,48.007,2.143273,1.31665,0.826623,128.6045,0.848574,0.0,0.994141,0.005859,51200,6584551,811,12244,316,1893
22600,77.698,48.076,2.113491,1.292969,0.820523,128.8278,0.83291,0.0,0.997266,0.002734,51200,6595983,778,12389,301,1894
22650,77.816,48.143,2.099107,1.272705,0.826402,128.7518,0.822539,0.0,0.996211,0.003789,51200,6592090,815,11339,312,1903
22700,77.936,48.211,2.002446,1.245361,0.757085,128.7819,0.818223,0.0,0.996465,0.003535,51200,6593634,789,10829,316,1905
22750,78.054,48.28,2.007664,1.217407,0.790256,128.8131,0.826348,0.0,0.997148,0.002852,51200,6595230,739,11066,312,1916
22800,78.172,48.348,2.041026,1.237183,0.803844,128.7914,0.823613,0.0,0.996484,0.003516,51200,6594120,784,10957,306,1916
22850,78.289,48.416,1.980768,1.188599,0.792169,128.8254,0.836992,0.0,0.997383,0.002617,51200,6595858,789,10928,307,1923
22900,78.404,48.483,1.958129,1.155762,0.802368,128.7667,0.830508,0.0,0.996465,0.003535,51200,6592854,770,10779,304,1923
22950,78.522,48.55,1.983622,1.188721,0.794902,128.8025,0.816836,0.0,0.996992,0.003008,51200,6594687,789,10803,306,1925
23000,78.64,48.617,2.00051,1.226685,0.773825,128.7483,0.822031,0.0,0.995879,0.004121,51200,6591914,786,10332,319,1925
23050,78.759,48.685,2.030845,1.190918,0.839927,128.7218,0.837461,0.0,0.995469,0.004531,51200,6590558,799,10171,314,1927
23100,78.881,48.753,1.972171,1.182983,0.789188,128.7117,0.850742,0.0,0.995254,0.004746,51200,6590037,762,9385,324,1928
23150,79.003,48.823,1.839542,1.11731,0.722233,128.9629,0.872285,0.0,0.999297,0.000703,51200,6602903,757,8857,329,1931
23200,79.119,48.891,1.836386,1.066528,0.769858,128.9846,0.87166,0.0,0.999648,0.000352,51200,6604011,803,8332,335,1931
23250,79.234,48.958,1.833007,1.066772,0.766235,128.816,0.861992,0.0,0.996855,0.003145,51200,6595377,810,8710,325,1931
23300,79.354,49.025,1.874236,1.114258,0.759978,128.6902,0.86457,0.0,0.99541,0.00459,51200,6588938,788,9021,344,1939
23350,79.472,49.093,1.928017,1.13562,0.792397,128.6626,0.86875,0.0,0.995098,0.004902,51200,6587524,719,9310,355,1943
23400,79.59,49.162,1.918158,1.099243,0.818915,128.4897,0.858027,0.0,0.992422,0.007578,51200,6578671,752,8313,352,1944
23450,79.705,49.229,1.843703,1.088989,0.754714,128.7805,0.849062,0.0,0.996543,0.003457,51200,6593560,782,8427,363,1945
23500,79.822,49.296,1.90646,1.1073,0.799161,128.6987,0.846172,0.0,0.995215,0.004785,51200,6589371,829,8584,373,1950
23550,79.94,49.364,1.938671,1.125366,0.813305,128.6896,0.85877,0.0,0.995195,0.004805,51200,6588910,805,8030,378,1950
23600,80.059,49.432,1.962376,1.152344,0.810033,128.9049,0.862754,0.0,0.998672,0.001328,51200,6599929,783,8655,377,1951
23650,80.177,49.5,1.888825,1.078735,0.81009,128.9979,0.885,0.0,0.999961,3.9e-05,51200,6604690,828,7834,365,1951
23700,80.295,49.568,1.95498,1.124023,0.830957,128.8856,0.869238,0.0,0.998164,0.001836,51200,6598944,800,8810,351,1951
23750,80.423,49.648,1.814329,1.008545,0.805784,128.8491,0.887031,0.0,0.997578,0.002422,51200,6597072,799,7406,348,1951
23800,80.54,49.715,1.86025,1.06311,0.79714,128.8407,0.866094,0.0,0.997559,0.002441,51200,6596646,771,8351,348,1957
23850,80.653,49.782,1.90794,1.092407,0.815533,128.7372,0.841738,0.0,0.99584,0.00416,51200,6591344,782,9083,347,1963
23900,80.769,49.849,1.913474,1.097656,0.815818,128.6679,0.840566,0.0,0.995059,0.004941,51200,6587794,743,9115,342,1970
23950,80.883,49.915,1.872033,1.082886,0.789147,129.0,0.820371,0.0,1.0,0.0,51200,6604800,775,9207,350,1983
24000,80.996,49.982,1.953668,1.151123,0.802545,129.0,0.794766,0.0,1.0,0.0,51200,6604800,766,10504,326,1984
24050,81.11,50.049,2.073728,1.253662,0.820066,128.9481,0.792266,0.0,0.99916,0.00084,51200,6602145,794,12186,308,1989
24100,81.227,50.116,2.172902,1.336426,0.836476,128.9428,0.777285,0.0,0.999023,0.000977,51200,6601869,753,13014,287,1989
24150,81.345,50.184,2.102704,1.295532,0.807172,128.9016,0.800762,0.0,0.998418,0.001582,51200,6599764,779,11635,298,1994
24200,81.463,50.251,2.054595,1.238159,0.816436,130.4545,0.811094,0.000195,0.998203,0.001602,51200,6679269,780,10988,304,1996
24250,81.582,50.32,1.966362,1.161621,0.80474,135.5289,0.849082,0.00082,0.998066,0.001113,51200,6939079,778,9550,304,1996
24300,81.699,50.387,1.86582,1.056885,0.808935,128.8512,0.841016,0.0,0.997754,0.002246,51200,6597181,771,7954,318,1996
24350,81.817,50.454,1.897332,1.060425,0.836907,128.8495,0.835723,0.0,0.997578,0.002422,51200,6597094,742,8173,333,2003
24400,81.93,50.521,1.779435,0.987427,0.792009,128.7625,0.835762,0.0,0.995918,0.004082,51200,6592639,821,7364,333,2005
24450,82.045,50.588,1.86378,1.090088,0.773692,128.5599,0.830918,0.0,0.992891,0.007109,51200,6582267,763,8914,357,2031
24500,82.163,50.655,2.000068,1.184448,0.81562,128.5399,0.826777,0.0,0.993047,0.006953,51200,6581243,795,10034,348,2036
24550,82.283,50.723,2.017958,1.222534,0.795424,128.4877,0.826973,0.0,0.992344,0.007656,51200,6578572,742,10634,342,2043
24600,82.402,50.791,2.153557,1.322754,0.830803,128.6824,0.857812,0.0,0.994688,0.005312,51200,6588537,738,11643,322,2045
24650,82.519,50.86,2.166416,1.283447,0.882969,128.5199,0.845059,0.0,0.993066,0.006934,51200,6580220,751,11664,322,2055
24700,82.637,50.928,2.096042,1.254395,0.841647,128.7311,0.845859,0.0,0.996016,0.003984,51200,6591033,799,10753,324,2059
24750,82.757,50.996,2.01423,1.217529,0.796701,136.7656,0.845215,0.001016,0.992988,0.005996,51200,7002397,774,10384,331,2067
24800,82.874,51.064,2.000027,1.165649,0.834378,135.1201,0.846934,0.00082,0.991836,0.007344,51200,6918150,771,10403,330,2067
24850,82.995,51.132,1.998439,1.198486,0.799953,136.9884,0.818516,0.001055,0.991367,0.007578,51200,7013804,750,10879,326,2070
24900,83.111,51.2,1.992028,1.166992,0.825036,135.874,0.832559,0.000898,0.993652,0.005449,51200,6956751,798,10880,319,2075
24950,83.229,51.268,2.066235,1.233398,0.832836,140.3144,0.814609,0.001445,0.993711,0.004844,51200,7184099,794,11761,303,2076
25000,83.351,51.337,2.013866,1.193848,0.820019,136.7438,0.807109,0.000996,0.994707,0.004297,51200,7001284,775,10870,298,2076
25050,83.469,51.405,2.11211,1.281616,0.830494,128.5997,0.801621,0.0,0.994043,0.005957,51200,6584307,736,11652,299,2078
25100,83.585,51.473,2.116839,1.284058,0.832782,128.3446,0.814512,0.0,0.990254,0.009746,51200,6571246,733,12009,313,2080
25150,83.703,51.541,2.068082,1.252808,0.815274,128.5766,0.821504,0.0,0.99207,0.00793,51200,6583121,788,11582,334,2084
25200,83.821,51.608,2.096487,1.251465,0.845022,128.5778,0.814121,0.0,0.99418,0.00582,51200,6583181,817,11325,339,2084
25250,83.938,51.676,2.098525,1.243652,0.854873,128.6508,0.825234,0.0,0.995039,0.004961,51200,6586921,792,10997,346,2093
25300,84.053,51.744,1.992459,1.180054,0.812405,128.5382,0.828008,0.0,0.993809,0.006191,51200,6581158,787,10164,328,2093
25350,84.168,51.811,2.0569,1.182617,0.874283,128.3829,0.825664,0.0,0.991426,0.008574,51200,6573202,786,10581,328,2093
25400,84.285,51.878,1.985473,1.168823,0.81665,128.5298,0.83248,0.0,0.993926,0.006074,51200,6580724,731,10201,323,2101
25450,84.4,51.946,2.036711,1.193115,0.843596,133.2466,0.824004,0.000605,0.990664,0.00873,51200,6822226,776,10723,321,2103
25500,84.515,52.013,2.05234,1.185913,0.866427,128.2382,0.805332,0.0,0.989258,0.010742,51200,6565796,770,10513,305,2103
25550,84.632,52.08,2.007924,1.174316,0.833608,129.3515,0.801582,0.000117,0.991113,0.00877,51200,6622796,810,10053,321,2104
25600,84.752,52.148,2.013683,1.167114,0.846569,128.546,0.819336,0.0,0.993262,0.006738,51200,6581556,784,10096,324,2106
25650,84.867,52.215,1.89383,1.083984,0.809846,128.9416,0.823145,0.0,0.999102,0.000898,51200,6601810,772,9038,328,2107
25700,84.982,52.282,1.994224,1.115112,0.879111,128.9077,0.82543,0.0,0.998574,0.001426,51200,6600076,742,9928,327,2107
25750,85.096,52.35,2.061599,1.214233,0.847366,128.7731,0.831035,0.0,0.996426,0.003574,51200,6593181,797,10811,339,2108
25800,85.214,52.418,2.069722,1.252808,0.816914,128.857,0.831641,0.0,0.997754,0.002246,51200,6597479,774,10745,340,2108
25850,85.328,52.485,2.08475,1.215088,0.869662,128.8545,0.843984,0.0,0.997773,0.002227,51200,6597350,778,10730,323,2108
25900,85.442,52.553,2.067036,1.214111,0.852925,128.7467,0.834863,0.0,0.996035,0.003965,51200,6591829,809,10516,333,2110
25950,85.555,52.62,2.1935,1.337036,0.856464,128.6632,0.813809,0.0,0.994883,0.005117,51200,6587558,775,13218,306,2110
26000,85.666,52.687,2.251157,1.375854,0.875303,128.4682,0.785781,0.0,0.991797,0.008203,51200,6577573,810,13353,271,2116
26050,85.781,52.754,2.261163,1.374268,0.886895,128.493,0.76791,0.0,0.992246,0.007754,51200,6578841,794,12656,274,2125
26100,85.894,52.822,2.255393,1.363525,0.891867,128.398,0.765977,0.0,0.990938,0.009062,51200,6573976,830,12947,282,2127
26150,86.007,52.889,2.264423,1.383789,0.880634,128.2905,0.778281,0.0,0.989219,0.010781,51200,6568473,748,12890,262,2127
26200,86.122,52.956,2.246681,1.372925,0.873756,128.0794,0.777988,0.0,0.985645,0.014355,51200,6557667,757,12523,263,2127
26250,86.238,53.024,2.202706,1.338501,0.864205,128.1637,0.786777,0.0,0.987207,0.012793,51200,6561982,788,12677,279,2128
26300,86.36,53.091,2.153776,1.258179,0.895598,128.4011,0.808867,0.0,0.991133,0.008867,51200,6574137,748,11525,284,2128
26350,86.471,53.158,2.233513,1.270142,0.963371,128.5788,0.806016,0.0,0.99332,0.00668,51200,6583233,767,12343,283,2129
26400,86.586,53.226,2.244403,1.323975,0.920428,128.4975,0.808965,0.0,0.992402,0.007598,51200,6579070,837,13366,252,2132
26450,86.702,53.293,2.227297,1.327271,0.900027,128.7065,0.819238,0.0,0.99541,0.00459,51200,6589772,796,12678,270,2134
26500,86.818,53.361,2.17935,1.265259,0.914091,128.8204,0.823828,0.0,0.997109,0.002891,51200,6595603,842,11398,292,2141
26550,86.933,53.429,2.202321,1.226807,0.975514,128.9346,0.83541,0.0,0.998906,0.001094,51200,6601452,761,10965,264,2141
26600,87.047,53.496,2.153669,1.186768,0.966902,128.8895,0.822812,0.0,0.998379,0.001621,51200,6599143,802,10666,276,2142
26650,87.165,53.564,2.200336,1.239746,0.96059,128.858,0.812773,0.0,0.997773,0.002227,51200,6597528,801,10730,341,2148
26700,87.283,53.634,2.17887,1.22998,0.94889,128.8246,0.840352,0.0,0.997188,0.002812,51200,6595817,809,10929,360,2150
26750,87.399,53.703,2.141131,1.207275,0.933856,128.7293,0.837461,0.0,0.995547,0.004453,51200,6590938,794,10884,354,2155
26800,87.513,53.77,2.053179,1.117188,0.935991,128.5729,0.830352,0.0,0.993555,0.006445,51200,6582930,798,9596,335,2162
26850,87.627,53.838,2.036868,1.126587,0.910282,128.8392,0.847539,0.0,0.997305,0.002695,51200,6596566,813,9246,337,2166
26900,87.741,53.905,1.966199,1.071899,0.894299,128.6962,0.85748,0.0,0.995527,0.004473,51200,6589244,772,8791,323,2171
26950,87.854,53.973,1.983912,1.062988,0.920924,136.362,0.844785,0.000957,0.993789,0.005254,51200,6981732,815,9350,324,2176
27000,87.975,54.047,2.006631,1.105225,0.901406,146.8463,0.824473,0.002246,0.993223,0.004531,51200,7518529,808,9720,305,2180
27050,88.091,54.115,2.040655,1.112793,0.927862,132.9923,0.837539,0.000508,0.99793,0.001562,51200,6809206,758,9441,355,2193
27100,88.204,54.182,2.07371,1.098145,0.975565,128.8895,0.83541,0.0,0.998164,0.001836,51200,6599143,741,9632,329,2194
27150,88.321,54.25,2.138922,1.186401,0.95252,128.7911,0.832637,0.0,0.996836,0.003164,51200,6594102,762,10548,328,2199
27200,88.442,54.323,2.216302,1.257935,0.958368,128.7155,0.821621,0.0,0.995957,0.004043,51200,6590233,773,12126,342,2203
27250,88.559,54.391,2.191653,1.238892,0.952761,128.3252,0.852441,0.0,0.991777,0.008223,51200,6570249,803,11532,359,2208
27300,88.674,54.46,2.157048,1.178345,0.978703,128.1966,0.8625,0.0,0.990332,0.009668,51200,6563668,771,10265,369,2221
27350,88.788,54.527,2.100531,1.122314,0.978216,128.0524,0.860156,0.0,0.987422,0.012578,51200,6556283,792,9832,369,2221
27400,88.907,54.595,2.085154,1.107544,0.97761,128.3276,0.859375,0.0,0.990996,0.009004,51200,6570371,787,9488,355,2222
27450,89.04,54.67,2.076455,1.115967,0.960488,128.4982,0.840547,0.0,0.992949,0.007051,51200,6579108,775,9648,345,2222
27500,89.156,54.737,2.099414,1.178223,0.921192,128.7318,0.812871,0.0,0.995938,0.004062,51200,6591069,758,10309,345,2222
27550,89.275,54.806,2.139938,1.207764,0.932174,128.9092,0.827617,0.0,0.998535,0.001465,51200,6600152,784,10117,350,2222
27600,89.394,54.874,2.104002,1.173096,0.930906,128.8279,0.844277,0.0,0.997168,0.002832,51200,6595991,769,9839,384,2228
27650,89.512,54.943,2.030863,1.128296,0.902567,128.9633,0.848672,0.0,0.999492,0.000508,51200,6602919,745,9649,387,2237
27700,89.63,55.011,2.105271,1.200439,0.904832,128.9064,0.83791,0.0,0.998652,0.001348,51200,6600006,725,10931,387,2244
27750,89.746,55.079,2.028075,1.151123,0.876952,128.9124,0.831699,0.0,0.998691,0.001309,51200,6600316,794,10028,365,2244
27800,89.863,55.146,2.014235,1.154053,0.860182,128.9785,0.82168,0.0,0.999668,0.000332,51200,6603701,769,10073,354,2244
27850,89.98,55.214,2.070776,1.196045,0.874732,128.9471,0.853438,0.0,0.999121,0.000879,51200,6602090,774,10757,350,2245
27900,90.096,55.282,2.082445,1.185059,0.897387,128.8872,0.834805,0.0,0.998105,0.001895,51200,6599023,774,10880,325,2245
27950,90.214,55.35,2.112659,1.214966,0.897693,128.9383,0.821973,0.0,0.999004,0.000996,51200,6601639,738,10370,322,2245
28000,90.334,55.419,2.07339,1.192017,0.881374,128.8869,0.828438,0.0,0.998203,0.001797,51200,6599007,750,9723,327,2250
28050,90.45,55.487,1.928875,1.082764,0.846112,128.7683,0.859434,0.0,0.996172,0.003828,51200,6592938,820,8830,330,2250
28100,90.565,55.554,1.897238,1.040405,0.856833,128.81,0.85373,0.0,0.997148,0.002852,51200,6595070,789,7799,326,2250
28150,90.679,55.622,1.976024,1.079834,0.89619,128.9209,0.837598,0.0,0.998848,0.001152,51200,6600752,807,8993,362,2256
28200,90.796,55.689,1.983336,1.092651,0.890684,128.7577,0.826191,0.0,0.996211,0.003789,51200,6592395,776,9316,354,2256
28250,90.914,55.756,2.005163,1.107666,0.897497,128.9343,0.837207,0.0,0.999062,0.000938,51200,6601434,830,9260,344,2257
28300,91.055,55.835,2.020577,1.113281,0.907296,130.0735,0.839199,0.000137,0.999434,0.00043,51200,6659761,767,9861,306,2257
28350,91.17,55.902,2.000301,1.118896,0.881405,130.1318,0.828789,0.000156,0.99793,0.001914,51200,6662746,782,9930,307,2257
28400,91.287,55.969,2.119691,1.199097,0.920594,128.8478,0.824297,0.0,0.997637,0.002363,51200,6597009,780,11015,338,2262
28450,91.406,56.037,2.270878,1.344482,0.926395,128.8451,0.809922,0.0,0.997539,0.002461,51200,6596870,833,13484,332,2268
28500,91.526,56.105,2.285191,1.379883,0.905308,128.4972,0.80332,0.0,0.992246,0.007754,51200,6579058,807,13557,329,2269
28550,91.645,56.174,2.25713,1.286499,0.970631,128.3741,0.825098,0.0,0.990449,0.009551,51200,6572755,755,12147,328,2269
28600,91.763,56.242,2.247263,1.306763,0.940501,128.5007,0.81752,0.0,0.99207,0.00793,51200,6579236,752,12162,344,2274
28650,91.879,56.31,2.206035,1.275635,0.9304,128.752,0.814219,0.0,0.996191,0.003809,51200,6592101,817,11797,300,2274
28700,91.995,56.377,2.281943,1.338867,0.943076,128.7769,0.792148,0.0,0.996641,0.003359,51200,6593376,777,12482,293,2274
28750,92.108,56.444,2.179283,1.250488,0.928794,128.8435,0.788066,0.0,0.997344,0.002656,51200,6596787,766,11511,317,2275
28800,92.227,56.513,2.196174,1.265625,0.930549,131.4285,0.811016,0.000352,0.993457,0.006191,51200,6729137,766,11768,337,2278
28850,92.344,56.582,2.188601,1.234863,0.953738,136.4776,0.81252,0.000977,0.993164,0.005859,51200,6987651,789,11320,325,2279
28900,92.462,56.65,2.114553,1.238037,0.876515,128.7367,0.804238,0.0,0.995957,0.004043,51200,6591318,809,11108,302,2279
28950,92.579,56.718,2.172071,1.210815,0.961255,128.754,0.799434,0.0,0.995996,0.004004,51200,6592206,792,10407,310,2279
29000,92.696,56.787,2.166316,1.249512,0.916804,128.7154,0.811055,0.0,0.995469,0.004531,51200,6590226,781,10868,323,2282
29050,92.811,56.854,2.308007,1.352051,0.955956,128.5612,0.80752,0.0,0.993281,0.006719,51200,6582333,799,12508,338,2288
29100,92.93,56.923,2.468496,1.475464,0.993032,128.2899,0.816719,0.0,0.988848,0.011152,51200,6568443,772,14675,323,2289
29150,93.046,56.991,2.474784,1.481567,0.993217,128.2957,0.806523,0.0,0.990352,0.009648,51200,6568740,815,14770,319,2289
29200,93.168,57.063,2.566033,1.550293,1.01574,128.7686,0.79959,0.0,0.996172,0.003828,51200,6592952,766,15115,313,2289
29250,93.284,57.131,2.555701,1.557007,0.998694,128.5422,0.809199,0.0,0.992793,0.007207,51200,6581361,837,14893,312,2290
29300,93.4,57.2,2.576398,1.55542,1.020978,128.5198,0.811719,0.0,0.992617,0.007383,51200,6580214,783,15782,306,2292
29350,93.519,57.269,2.520056,1.540161,0.979895,128.6662,0.79752,0.0,0.994629,0.005371,51200,6587708,784,14756,324,2294
29400,93.635,57.338,2.468195,1.454834,1.013361,128.5154,0.81668,0.0,0.992402,0.007598,51200,6579988,731,13888,331,2294
29450,93.753,57.407,2.458338,1.477783,0.980555,128.6064,0.830625,0.0,0.99373,0.00627,51200,6584650,806,13888,347,2294
29500,93.869,57.475,2.296195,1.362061,0.934135,128.6746,0.832109,0.0,0.99498,0.00502,51200,6588142,797,13096,341,2301
29550,93.987,57.544,2.345491,1.367554,0.977938,128.9472,0.825762,0.0,0.999219,0.000781,51200,6602095,772,12531,369,2317
29600,94.105,57.612,2.267152,1.298584,0.968568,128.8915,0.832637,0.0,0.998457,0.001543,51200,6599245,744,11478,363,2321
29650,94.22,57.68,2.265108,1.275635,0.989473,128.3828,0.81625,0.0,0.991211,0.008789,51200,6573200,749,11841,362,2322
29700,94.337,57.749,2.199751,1.220215,0.979536,128.4142,0.835059,0.0,0.991641,0.008359,51200,6574807,821,10791,351,2323
29750,94.453,57.817,2.16856,1.189331,0.979229,128.4577,0.847695,0.0,0.99123,0.00877,51200,6577035,766,10764,359,2329
29800,94.568,57.884,2.149844,1.170166,0.979678,128.4506,0.821074,0.0,0.991914,0.008086,51200,6576672,760,10586,371,2331
29850,94.684,57.951,2.168288,1.179321,0.988967,128.6675,0.829453,0.0,0.994668,0.005332,51200,6587774,800,11052,359,2331
29900,94.804,58.02,2.150074,1.197876,0.952198,128.4912,0.836875,0.0,0.992227,0.007773,51200,6578751,781,10670,380,2333
29950,94.923,58.088,2.105319,1.191895,0.913424,128.5336,0.854434,0.0,0.992598,0.007402,51200,6580922,758,10346,381,2335
30000,95.042,58.155,2.143861,1.176636,0.967225,128.6248,0.836719,0.0,0.993887,0.006113,51200,6585588,786,10906,395,2336
30050,95.16,58.223,2.227062,1.245728,0.981334,128.5884,0.836602,0.0,0.993828,0.006172,51200,6583728,820,11392,376,2336
30100,95.278,58.291,2.195584,1.213867,0.981717,128.6089,0.829531,0.0,0.994023,0.005977,51200,6584777,789,10702,399,2341
30150,95.397,58.359,2.189066,1.227783,0.961283,128.616,0.840371,0.0,0.99373,0.00627,51200,6585137,784,11208,388,2341
30200,95.515,58.427,2.065196,1.154541,0.910655,128.4251,0.848496,0.0,0.990957,0.009043,51200,6575365,729,10162,340,2342
30250,95.631,58.494,2.027238,1.103271,0.923967,128.4975,0.820039,0.0,0.991875,0.008125,51200,6579070,815,9402,335,2353
30300,95.748,58.562,2.1098,1.144897,0.964902,128.6894,0.83416,0.0,0.994961,0.005039,51200,6588898,762,9705,342,2355
30350,95.866,58.63,2.071862,1.1427,0.929162,132.2459,0.83166,0.00041,0.996777,0.002812,51200,6770989,822,9943,335,2358
30400,95.984,58.698,2.096564,1.162354,0.93421,128.8617,0.859023,0.0,0.997891,0.002109,51200,6597718,881,10530,352,2359
30450,96.1,58.766,2.049967,1.110107,0.939859,128.861,0.880273,0.0,0.997754,0.002246,51200,6597685,816,8723,368,2360
30500,96.212,58.833,2.075303,1.156006,0.919297,128.7703,0.858398,0.0,0.996543,0.003457,51200,6593038,804,10477,359,2363
30550,96.327,58.901,2.098508,1.142944,0.955563,128.5132,0.846016,0.0,0.992305,0.007695,51200,6579878,761,10592,331,2364
30600,96.446,58.971,2.124516,1.179443,0.945072,128.3627,0.833574,0.0,0.989844,0.010156,51200,6572170,807,10934,313,2365
30650,96.562,59.038,2.157927,1.195801,0.962127,128.5264,0.848086,0.0,0.992422,0.007578,51200,6580554,780,10661,318,2367
30700,96.679,59.107,2.128902,1.185913,0.942989,128.5468,0.840098,0.0,0.992871,0.007129,51200,6581595,789,9548,312,2367
30750,96.797,59.175,2.007504,1.046753,0.960751,128.7773,0.864375,0.0,0.996582,0.003418,51200,6593399,808,8203,336,2367
30800,96.916,59.246,2.065859,1.074829,0.99103,128.9302,0.862324,0.0,0.999043,0.000957,51200,6601226,769,8816,363,2367
30850,97.031,59.316,2.02009,1.067749,0.952341,129.0,0.863379,0.0,1.0,0.0,51200,6604800,790,8539,406,2368
30900,97.143,59.383,2.032788,1.089722,0.943066,128.9927,0.847227,0.0,0.999844,0.000156,51200,6604428,799,9460,383,2369
30950,97.258,59.452,2.035242,1.101685,0.933558,128.8256,0.824512,0.0,0.997363,0.002637,51200,6595871,785,9615,367,2369
31000,97.372,59.519,2.031656,1.08728,0.944375,128.9329,0.826055,0.0,0.998809,0.001191,51200,6601364,771,9834,350,2369
31050,97.486,59.587,2.122026,1.150146,0.971879,128.8939,0.83,0.0,0.998477,0.001523,51200,6599370,800,10716,313,2370
31100,97.601,59.655,2.076146,1.111328,0.964818,128.9972,0.822461,0.0,0.999961,3.9e-05,51200,6604656,755,9992,299,2370
31150,97.717,59.723,2.176425,1.212036,0.964389,128.8329,0.826953,0.0,0.997383,0.002617,51200,6596243,787,10581,318,2370
31200,97.834,59.791,2.158069,1.201172,0.956897,128.6988,0.853105,0.0,0.995215,0.004785,51200,6589381,752,10842,309,2379
31250,97.949,59.859,2.152739,1.210327,0.942412,128.7443,0.837168,0.0,0.995742,0.004258,51200,6591706,760,10680,330,2386
31300,98.066,59.926,2.151092,1.219971,0.931121,128.8452,0.829688,0.0,0.997559,0.002441,51200,6596875,819,10741,362,2395
31350,98.184,59.994,2.193186,1.237793,0.955393,128.7631,0.829336,0.0,0.996523,0.003477,51200,6592672,852,11321,368,2395
31400,98.301,60.061,2.135342,1.165039,0.970303,128.7666,0.833379,0.0,0.996582,0.003418,51200,6592849,754,10257,370,2398
31450,98.418,60.129,2.089166,1.159424,0.929742,128.8287,0.842363,0.0,0.997363,0.002637,51200,6596027,807,10002,364,2398
31500,98.537,60.197,2.045219,1.124878,0.920341,128.7763,0.833574,0.0,0.996641,0.003359,51200,6593346,782,9270,368,2398
31550,98.658,60.265,2.15372,1.203491,0.950229,128.991,0.829043,0.0,0.999824,0.000176,51200,6604339,792,10505,404,2400
31600,98.777,60.333,2.16086,1.224365,0.936495,128.8781,0.827422,0.0,0.998047,0.001953,51200,6598559,785,11226,401,2400
31650,98.893,60.401,2.127366,1.147827,0.979539,128.9464,0.829043,0.0,0.999219,0.000781,51200,6602054,756,10413,397,2403
31700,99.013,60.472,2.07122,1.108521,0.962699,128.9045,0.831992,0.0,0.998477,0.001523,51200,6599908,774,9578,385,2408
31750,99.132,60.541,2.171665,1.156128,1.015537,128.7233,0.834375,0.0,0.996113,0.003887,51200,6590634,816,9738,393,2408
31800,99.251,60.61,2.106207,1.171143,0.935064,130.8758,0.844395,0.000273,0.994766,0.004961,51200,6700840,810,9854,370,2413
31850,99.367,60.679,2.146126,1.138184,1.007942,130.9642,0.838828,0.000273,0.996016,0.003711,51200,6705367,784,9833,386,2415
31900,99.483,60.747,2.107732,1.145996,0.961736,128.8269,0.85873,0.0,0.997246,0.002754,51200,6595939,772,9637,390,2416
31950,99.6,60.815,2.083858,1.153931,0.929928,128.5654,0.843066,0.0,0.993125,0.006875,51200,6582549,756,8981,394,2417
32000,99.712,60.883,2.050037,1.072876,0.977161,128.5811,0.847461,0.0,0.993418,0.006582,51200,6583354,824,8853,360,2417
32050,99.828,60.951,2.070657,1.136353,0.934304,128.7298,0.839043,0.0,0.995684,0.004316,51200,6590964,779,9469,364,2417
32100,99.949,61.021,2.212645,1.231445,0.981199,128.6751,0.856562,0.0,0.995332,0.004668,51200,6588165,802,11380,347,2417
32150,100.068,61.094,2.361587,1.362061,0.999527,139.0949,0.846504,0.001289,0.994766,0.003945,51200,7121660,742,12914,343,2417
32200,100.185,61.163,2.345217,1.366943,0.978274,139.7285,0.833281,0.001348,0.996504,0.002148,51200,7154098,786,12829,338,2417
32250,100.303,61.233,2.386213,1.368774,1.017439,145.5362,0.816152,0.00207,0.99541,0.00252,51200,7451453,793,12887,358,2425
32300,100.422,61.303,2.28818,1.331055,0.957125,144.627,0.808379,0.001973,0.993809,0.004219,51200,7404900,806,12275,356,2425
32350,100.542,61.373,2.187588,1.255493,0.932095,136.4305,0.835059,0.000957,0.994551,0.004492,51200,6985244,808,10807,356,2426
32400,100.661,61.441,2.155924,1.206177,0.949747,128.6562,0.81791,0.0,0.994648,0.005352,51200,6587200,812,10465,369,2427
32450,100.777,61.509,2.27632,1.304199,0.972121,128.7998,0.814941,0.0,0.996934,0.003066,51200,6594552,733,12566,359,2427
32500,100.894,61.577,2.282104,1.317993,0.96411,128.7419,0.808828,0.0,0.996016,0.003984,51200,6591586,778,12882,343,2430
32550,101.01,61.646,2.273072,1.303833,0.969239,133.2983,0.787227,0.000566,0.995586,0.003848,51200,6824872,764,12617,351,2434
32600,101.128,61.715,2.294481,1.339966,0.954516,139.2333,0.793926,0.001309,0.994355,0.004336,51200,7128745,787,13141,341,2438
32650,101.245,61.783,2.31823,1.301147,1.017083,128.7554,0.802734,0.0,0.996309,0.003691,51200,6592277,777,12630,327,2445
32700,101.362,61.852,2.307988,1.321289,0.986699,128.6267,0.816758,0.0,0.994023,0.005977,51200,6585685,764,13006,316,2448
32750,101.479,61.921,2.372358,1.369995,1.002363,128.7573,0.814414,0.0,0.996094,0.003906,51200,6592373,776,13643,312,2453
32800,101.599,61.99,2.303454,1.307983,0.995471,128.7685,0.826113,0.0,0.996289,0.003711,51200,6592946,823,12581,316,2456
32850,101.72,62.062,2.221904,1.226929,0.994975,128.7354,0.820371,0.0,0.995762,0.004238,51200,6591251,765,10607,338,2456
32900,101.839,62.131,2.160767,1.22168,0.939087,128.749,0.826113,0.0,0.996152,0.003848,51200,6591951,785,11147,347,2456
32950,101.958,62.199,2.194118,1.253906,0.940212,128.731,0.829512,0.0,0.995488,0.004512,51200,6591025,785,10862,377,2456
33000,102.076,62.268,2.150443,1.19104,0.959403,128.5976,0.832617,0.0,0.994023,0.005977,51200,6584197,759,9887,395,2456
33050,102.192,62.336,2.078835,1.138794,0.940041,128.8829,0.82834,0.0,0.998301,0.001699,51200,6598802,782,9439,429,2457
33100,102.314,62.409,2.143276,1.175659,0.967617,128.6971,0.823574,0.0,0.995195,0.004805,51200,6589294,758,10339,409,2457
33150,102.431,62.476,2.114415,1.182861,0.931554,128.6434,0.835801,0.0,0.994395,0.005605,51200,6586540,756,10906,399,2465
33200,102.55,62.546,2.1436,1.198364,0.945236,128.5988,0.824844,0.0,0.993262,0.006738,51200,6584259,769,10875,393,2468
33250,102.666,62.614,2.129036,1.164062,0.964974,128.8244,0.834922,0.0,0.997441,0.002559,51200,6595809,797,10828,361,2472
33300,102.782,62.68,2.018179,1.079102,0.939078,128.6209,0.842578,0.0,0.993867,0.006133,51200,6585391,799,9095,350,2477
33350,102.895,62.747,2.03375,1.087158,0.946592,128.6502,0.844414,0.0,0.994805,0.005195,51200,6586889,760,9684,327,2478
33400,103.015,62.817,2.093325,1.123901,0.969424,128.8763,0.839707,0.0,0.998047,0.001953,51200,6598467,750,9890,326,2478
33450,103.144,62.892,2.082954,1.106689,0.976264,128.9749,0.830098,0.0,0.999629,0.000371,51200,6603516,817,9578,323,2482
33500,103.263,62.961,2.160156,1.194092,0.966065,128.8659,0.850703,0.0,0.998047,0.001953,51200,6597934,781,10479,332,2487
33550,103.398,63.039,2.251209,1.24939,1.001819,128.9733,0.845098,0.0,0.999531,0.000469,51200,6603434,809,10866,339,2492
33600,103.523,63.112,2.104262,1.121826,0.982436,128.9879,0.853867,0.0,0.999805,0.000195,51200,6604180,715,9159,378,2496
33650,103.649,63.185,2.343182,1.344971,0.998211,128.826,0.85998,0.0,0.997285,0.002715,51200,6595891,811,12775,374,2499
33700,103.789,63.261,2.347415,1.350708,0.996707,128.8754,0.853301,0.0,0.997949,0.002051,51200,6598420,759,13102,357,2501
33750,103.913,63.335,2.418932,1.416138,1.002794,128.6568,0.847988,0.0,0.994668,0.005332,51200,6587226,806,13585,351,2501
33800,104.032,63.405,2.376152,1.363403,1.012748,128.6758,0.844512,0.0,0.99459,0.00541,51200,6588200,798,13034,337,2501
33850,104.149,63.474,2.297287,1.285156,1.012131,128.5528,0.824297,0.0,0.993281,0.006719,51200,6581901,775,11665,333,2502
33900,104.266,63.543,2.348102,1.347656,1.000445,128.745,0.821484,0.0,0.996074,0.003926,51200,6591742,750,12898,353,2510
33950,104.384,63.612,2.284692,1.283081,1.00161,128.8799,0.840215,0.0,0.998047,0.001953,51200,6598651,821,10683,374,2511
34000,104.502,63.68,2.140419,1.192505,0.947914,128.8552,0.841133,0.0,0.997793,0.002207,51200,6597388,765,9937,392,2520
34050,104.619,63.749,2.0598,1.106689,0.953111,128.8206,0.841484,0.0,0.997051,0.002949,51200,6595616,804,8510,411,2522
34100,104.733,63.818,1.993765,1.032349,0.961417,136.985,0.845566,0.001016,0.996152,0.002832,51200,7013630,796,8689,390,2528
34150,104.848,63.886,2.083444,1.09436,0.989084,137.0934,0.846953,0.001035,0.995391,0.003574,51200,7019181,779,9468,395,2528
34200,104.963,63.953,2.039519,1.077393,0.962126,128.6548,0.839766,0.0,0.994219,0.005781,51200,6587126,784,9121,392,2529
34250,105.078,64.02,2.077711,1.119019,0.958692,128.4881,0.834141,0.0,0.99207,0.00793,51200,6578589,800,9310,380,2533
34300,105.193,64.087,2.113627,1.162231,0.951395,128.5063,0.822754,0.0,0.992227,0.007773,51200,6579525,757,9683,393,2533
34350,105.306,64.155,2.134771,1.112427,1.022345,128.6217,0.833145,0.0,0.994082,0.005918,51200,6585432,776,9899,374,2533
34400,105.421,64.222,2.131659,1.152222,0.979437,128.8539,0.846582,0.0,0.997812,0.002188,51200,6597322,772,9951,362,2534
34450,105.537,64.291,2.211496,1.197632,1.013864,128.6872,0.843203,0.0,0.995488,0.004512,51200,6588783,771,11069,358,2534
34500,105.651,64.359,2.159704,1.190552,0.969152,128.8267,0.837969,0.0,0.997305,0.002695,51200,6595925,757,10869,347,2535
34550,105.764,64.427,2.245637,1.222534,1.023103,128.827,0.834434,0.0,0.997266,0.002734,51200,6595941,787,11221,343,2537
34600,105.878,64.495,2.185131,1.203003,0.982128,128.7716,0.829648,0.0,0.996367,0.003633,51200,6593107,743,10730,350,2542
34650,105.994,64.563,2.252879,1.257812,0.995067,128.8319,0.820234,0.0,0.997402,0.002598,51200,6596194,864,11294,335,2542
34700,106.112,64.631,2.243176,1.264526,0.97865,129.5886,0.805723,7.8e-05,0.997578,0.002344,51200,6634937,839,11549,324,2542
34750,106.228,64.698,2.273129,1.282104,0.991025,129.3224,0.811934,7.8e-05,0.995332,0.00459,51200,6621305,733,12139,310,2546
34800,106.361,64.767,2.182638,1.243286,0.939352,131.2868,0.825488,0.000312,0.995859,0.003828,51200,6721884,807,10591,322,2548
34850,106.505,64.864,2.136189,1.182983,0.953205,128.8259,0.838398,0.0,0.997383,0.002617,51200,6595888,817,10699,318,2550
34900,106.619,64.932,2.139388,1.151123,0.988265,128.5799,0.818125,0.0,0.992871,0.007129,51200,6583290,789,9793,327,2550
34950,106.736,64.999,2.141861,1.196777,0.945083,128.7564,0.82832,0.0,0.995703,0.004297,51200,6592326,778,9890,357,2554
35000,106.854,65.067,2.052804,1.106567,0.946236,128.5019,0.826387,0.0,0.992617,0.007383,51200,6579295,799,8792,379,2554
35050,106.968,65.134,2.166154,1.219116,0.947038,128.7631,0.835352,0.0,0.996172,0.003828,51200,6592669,817,10694,378,2554
35100,107.085,65.203,2.155663,1.233398,0.922265,128.579,0.83834,0.0,0.993164,0.006836,51200,6583246,770,10436,389,2555
35150,107.199,65.27,2.154902,1.218628,0.936274,128.5294,0.824805,0.0,0.992441,0.007559,51200,6580704,776,11114,344,2555
35200,107.314,65.338,2.125575,1.21106,0.914515,128.3896,0.820801,0.0,0.990703,0.009297,51200,6573547,787,10837,330,2555
35250,107.428,65.405,2.232025,1.261353,0.970672,128.4911,0.819277,0.0,0.992988,0.007012,51200,6578745,805,11947,319,2555
35300,107.545,65.473,2.239344,1.290405,0.948939,128.5566,0.807168,0.0,0.99375,0.00625,51200,6582097,817,12889,309,2555
35350,107.664,65.541,2.277231,1.348511,0.92872,128.362,0.792422,0.0,0.990547,0.009453,51200,6572132,792,13529,307,2559
35400,107.782,65.609,2.334853,1.375244,0.959609,128.6131,0.78457,0.0,0.993945,0.006055,51200,6584989,798,14171,315,2561
35450,107.901,65.678,2.328349,1.39563,0.932719,130.4027,0.772012,0.000234,0.992031,0.007734,51200,6676616,821,14061,302,2568
35500,108.019,65.746,2.32283,1.381958,0.940872,128.8009,0.793418,0.0,0.996973,0.003027,51200,6594605,799,13694,287,2572
35550,108.136,65.815,2.195121,1.271729,0.923393,128.8716,0.806035,0.0,0.998164,0.001836,51200,6598224,805,12581,273,2579
35600,108.254,65.883,2.198717,1.258057,0.940661,128.8097,0.788008,0.0,0.997129,0.002871,51200,6595057,799,12007,281,2585
35650,108.373,65.95,2.124968,1.204956,0.920012,128.8679,0.81207,0.0,0.998047,0.001953,51200,6598036,769,10360,302,2600
35700,108.491,66.018,2.146255,1.198364,0.94789,128.8393,0.802422,0.0,0.997715,0.002285,51200,6596573,826,10374,336,2603
35750,108.611,66.087,2.122266,1.192261,0.930006,128.9609,0.817617,0.0,0.999434,0.000566,51200,6602798,784,9974,338,2608
35800,108.728,66.156,2.100268,1.165649,0.934618,128.8372,0.827832,0.0,0.997617,0.002383,51200,6596467,758,9729,431,2612
35850,108.844,66.223,2.097368,1.175781,0.921587,128.9887,0.821973,0.0,0.999746,0.000254,51200,6604222,826,10411,412,2612
35900,108.96,66.29,2.138052,1.198608,0.939443,128.976,0.810918,0.0,0.999668,0.000332,51200,6603570,812,10662,378,2612
35950,109.076,66.359,2.235754,1.27002,0.965734,128.9539,0.798652,0.0,0.998906,0.001094,51200,6602438,776,12124,339,2612
36000,109.19,66.427,2.285574,1.317261,0.968314,128.8538,0.800234,0.0,0.997656,0.002344,51200,6597317,785,12126,341,2612
36050,109.306,66.495,2.291622,1.341553,0.950069,128.6433,0.810098,0.0,0.994082,0.005918,51200,6586538,771,12225,334,2612
36100,109.421,66.564,2.26405,1.324829,0.939221,128.8347,0.816172,0.0,0.99752,0.00248,51200,6596336,762,12202,320,2615
36150,109.539,66.632,2.235914,1.314941,0.920973,128.8555,0.812812,0.0,0.997695,0.002305,51200,6597400,773,11729,315,2615
36200,109.654,66.7,2.212384,1.241821,0.970562,131.3215,0.832812,0.000273,0.997988,0.001738,51200,6723662,784,11232,326,2615
36250,109.773,66.769,2.285656,1.305664,0.979992,128.9957,0.840098,0.0,0.999961,3.9e-05,51200,6604581,783,11777,327,2616
36300,109.891,66.837,2.210232,1.257324,0.952908,128.9385,0.835312,0.0,0.998984,0.001016,51200,6601653,841,11432,316,2619
36350,110.008,66.905,2.197258,1.257935,0.939323,128.8899,0.839902,0.0,0.998066,0.001934,51200,6599162,753,11085,323,2619
36400,110.124,66.972,2.23359,1.281494,0.952096,128.8713,0.819512,0.0,0.997637,0.002363,51200,6598210,786,10798,334,2622
36450,110.242,67.041,2.165934,1.224731,0.941202,136.7853,0.849727,0.000977,0.997578,0.001445,51200,7003409,796,11126,336,2622
36500,110.361,67.11,2.12559,1.170532,0.955058,145.132,0.838438,0.002031,0.994648,0.00332,51200,7430760,732,10449,340,2623
36550,110.479,67.179,2.173577,1.200317,0.973259,142.8277,0.823398,0.001758,0.993848,0.004395,51200,7312776,775,11254,318,2623
36600,110.599,67.249,2.269906,1.264648,1.005258,143.6644,0.82209,0.001875,0.991758,0.006367,51200,7355619,836,11830,312,2623
36650,110.718,67.318,2.214342,1.27063,0.943712,136.4001,0.84543,0.000957,0.994082,0.004961,51200,6983687,800,11457,306,2623
36700,110.836,67.386,2.289782,1.312866,0.976916,128.8033,0.827461,0.0,0.996934,0.003066,51200,6594727,803,11657,329,2623
36750,110.951,67.454,2.313595,1.348267,0.965329,128.8208,0.816016,0.0,0.997441,0.002559,51200,6595624,857,12803,350,2628
36800,111.068,67.524,2.251549,1.285522,0.966026,128.4602,0.821406,0.0,0.992109,0.007891,51200,6577163,782,11609,351,2629
36850,111.182,67.591,2.223793,1.262817,0.960976,128.4385,0.816621,0.0,0.991953,0.008047,51200,6576052,830,11679,348,2629
36900,111.294,67.658,2.225506,1.236694,0.988811,128.4154,0.819199,0.0,0.991113,0.008887,51200,6574866,753,11476,328,2629
36950,111.409,67.726,2.230921,1.263306,0.967615,128.4377,0.825137,0.0,0.991406,0.008594,51200,6576010,798,11483,318,2629
37000,111.524,67.793,2.248713,1.25354,0.995172,128.5565,0.823652,0.0,0.993066,0.006934,51200,6582091,813,11687,315,2632
37050,111.641,67.861,2.233967,1.28772,0.946247,128.5332,0.816738,0.0,0.99332,0.00668,51200,6580900,785,12294,303,2632
37100,111.757,67.928,2.313917,1.3396,0.974318,128.5473,0.812871,0.0,0.992969,0.007031,51200,6581622,774,12392,328,2646
37150,111.873,67.997,2.235209,1.267212,0.967997,141.9165,0.818145,0.001641,0.993652,0.004707,51200,7266125,744,10930,347,2661
37200,111.99,68.065,2.20658,1.245483,0.961097,132.6579,0.820312,0.000488,0.995371,0.004141,51200,6792082,833,10688,344,2661
37250,112.13,68.159,2.123175,1.144775,0.9784,128.915,0.824668,0.0,0.998594,0.001406,51200,6600449,815,10114,347,2669
37300,112.246,68.226,2.14103,1.176636,0.964395,128.6421,0.810312,0.0,0.994531,0.005469,51200,6586475,788,10834,380,2669
37350,112.36,68.293,2.146378,1.187622,0.958756,128.8663,0.807852,0.0,0.997754,0.002246,51200,6597955,754,11037,361,2669
37400,112.475,68.36,2.211611,1.272583,0.939028,128.9754,0.805977,0.0,0.99957,0.00043,51200,6603540,756,11657,354,2669
37450,112.592,68.428,2.358986,1.3927,0.966286,128.8819,0.810137,0.0,0.998047,0.001953,51200,6598752,804,13242,341,2670
37500,112.709,68.497,2.377131,1.415283,0.961848,135.4038,0.795938,0.00082,0.995957,0.003223,51200,6932674,781,12772,333,2675
37550,112.824,68.566,2.401391,1.4021,0.999292,131.9464,0.807188,0.00041,0.994043,0.005547,51200,6755655,780,12222,344,2678
37600,112.939,68.635,2.345794,1.371338,0.974456,128.7012,0.848379,0.0,0.995391,0.004609,51200,6589499,771,12032,354,2686
37650,113.053,68.703,2.244076,1.258057,0.98602,128.6676,0.849727,0.0,0.99457,0.00543,51200,6587783,801,10650,356,2688
37700,113.166,68.771,2.152287,1.227295,0.924992,128.8772,0.840312,0.0,0.998066,0.001934,51200,6598512,774,10377,381,2690
37750,113.28,68.84,2.154718,1.200562,0.954156,128.7144,0.848477,0.0,0.995449,0.004551,51200,6590177,796,10508,358,2690
37800,113.395,68.909,2.199695,1.263428,0.936268,128.6586,0.84041,0.0,0.994844,0.005156,51200,6587319,797,10951,357,2690
37850,113.51,68.976,2.247878,1.245483,1.002394,128.6404,0.839961,0.0,0.994434,0.005566,51200,6586388,827,11033,360,2690
37900,113.629,69.046,2.167307,1.221924,0.945383,136.1648,0.837871,0.000918,0.992383,0.006699,51200,6971638,782,10484,357,2690
37950,113.748,69.117,2.081624,1.122681,0.958944,128.5724,0.863516,0.0,0.99373,0.00627,51200,6582905,786,9293,363,2690
38000,113.862,69.185,2.053194,1.09375,0.959444,128.7784,0.861875,0.0,0.996465,0.003535,51200,6593453,790,9225,388,2693
38050,113.976,69.253,2.079717,1.095703,0.984014,128.4029,0.858574,0.0,0.991582,0.008418,51200,6574231,765,8728,381,2693
38100,114.091,69.32,2.046218,1.09082,0.955398,128.5598,0.852773,0.0,0.993359,0.006641,51200,6582264,800,8161,383,2693
38150,114.203,69.388,1.99229,1.067627,0.924663,128.6768,0.847363,0.0,0.995293,0.004707,51200,6588252,757,8546,351,2693
38200,114.316,69.455,2.013453,1.084961,0.928492,128.5655,0.853047,0.0,0.9925,0.0075,51200,6582554,831,8328,346,2693
38250,114.431,69.523,2.077431,1.115601,0.961831,128.1675,0.842051,0.0,0.986973,0.013027,51200,6562176,720,8931,363,2693
38300,114.552,69.591,2.113768,1.150757,0.963012,128.6054,0.861523,0.0,0.993848,0.006152,51200,6584596,772,10355,353,2693
38350,114.677,69.664,2.186242,1.220703,0.965539,128.5699,0.847383,0.0,0.993242,0.006758,51200,6582780,789,10286,355,2693
38400,114.796,69.732,2.150235,1.183105,0.967129,129.1983,0.85334,5.9e-05,0.995684,0.004258,51200,6614955,760,10122,360,2693
38450,114.913,69.8,2.068339,1.119995,0.948344,128.8039,0.848887,0.0,0.99666,0.00334,51200,6594762,725,9044,381,2693
38500,115.03,69.867,2.013495,1.086426,0.927069,128.6183,0.850117,0.0,0.994219,0.005781,51200,6585258,771,8742,367,2693
38550,115.144,69.935,2.015732,1.065186,0.950547,128.6656,0.85375,0.0,0.995098,0.004902,51200,6587678,808,9044,338,2694
38600,115.257,70.002,2.030199,1.091919,0.93828,128.8519,0.81457,0.0,0.997539,0.002461,51200,6597216,789,9881,331,2706
38650,115.37,70.068,2.104054,1.126343,0.977712,128.7928,0.817285,0.0,0.996738,0.003262,51200,6594192,758,10398,325,2706
38700,115.491,70.138,2.144184,1.203369,0.940815,128.7125,0.799688,0.0,0.995039,0.004961,51200,6590082,819,10940,312,2706
38750,115.609,70.207,2.174467,1.210571,0.963896,128.7854,0.806621,0.0,0.99707,0.00293,51200,6593811,816,11129,337,2706
38800,115.724,70.275,2.215963,1.234619,0.981344,128.8814,0.816836,0.0,0.997988,0.002012,51200,6598726,810,11455,335,2714
38850,115.84,70.343,2.278101,1.297119,0.980982,128.9851,0.829531,0.0,0.999785,0.000215,51200,6604036,785,12645,322,2717
38900,115.956,70.411,2.26632,1.306641,0.95968,128.9804,0.844551,0.0,0.999648,0.000352,51200,6603797,813,12288,317,2717
38950,116.073,70.481,2.131944,1.184814,0.947129,136.2523,0.847324,0.000918,0.996699,0.002383,51200,6976118,738,10451,326,2717
39000,116.191,70.549,2.194921,1.235229,0.959691,130.8588,0.842422,0.000254,0.996855,0.002891,51200,6699969,797,11079,323,2717
39050,116.31,70.617,2.231579,1.237427,0.994152,128.8755,0.856816,0.0,0.998066,0.001934,51200,6598426,751,11011,333,2719
39100,116.429,70.686,2.149223,1.199707,0.949516,128.7646,0.869473,0.0,0.996328,0.003672,51200,6592746,768,10108,370,2720
39150,116.548,70.754,2.063023,1.165039,0.897984,128.8618,0.849883,0.0,0.998027,0.001973,51200,6597722,753,9418,383,2720
39200,116.668,70.823,2.053385,1.145508,0.907878,128.7986,0.834727,0.0,0.996797,0.003203,51200,6594489,816,9899,380,2723
39250,116.787,70.891,2.102727,1.178101,0.924626,128.5984,0.828438,0.0,0.993691,0.006309,51200,6584240,769,10238,381,2724
39300,116.903,70.959,2.078261,1.14856,0.929701,128.5622,0.833887,0.0,0.993086,0.006914,51200,6582386,815,10853,351,2724
39350,117.021,71.027,2.086818,1.176025,0.910793,128.6701,0.821953,0.0,0.995098,0.004902,51200,6587909,770,10563,356,2725
39400,117.14,71.096,2.079972,1.192627,0.887345,128.7342,0.820371,0.0,0.995801,0.004199,51200,6591191,772,10424,362,2725
39450,117.258,71.164,2.159805,1.211548,0.948257,128.8386,0.821445,0.0,0.997559,0.002441,51200,6596534,730,10774,357,2726
39500,117.378,71.233,2.223807,1.273804,0.950004,128.8394,0.826445,0.0,0.997539,0.002461,51200,6596577,804,11039,371,2726
39550,117.5,71.303,2.243574,1.287842,0.955732,128.9852,0.841992,0.0,0.999785,0.000215,51200,6604044,813,11421,390,2726
39600,117.618,71.373,2.247955,1.245605,1.002349,128.9439,0.846719,0.0,0.999199,0.000801,51200,6601930,793,11511,373,2726
39650,117.734,71.441,2.302499,1.259888,1.042612,128.7286,0.830762,0.0,0.995898,0.004102,51200,6590904,778,11306,375,2726
39700,117.85,71.51,2.251283,1.247192,1.004091,128.5882,0.841074,0.0,0.99375,0.00625,51200,6583718,757,11223,369,2726
39750,117.967,71.578,2.27113,1.27063,1.000501,131.3078,0.837969,0.000352,0.992734,0.006914,51200,6722961,761,11665,352,2727
39800,118.096,71.651,2.256152,1.249512,1.006641,134.5226,0.846309,0.000742,0.992715,0.006543,51200,6887557,788,10604,351,2728
39850,118.212,71.719,2.27873,1.274658,1.004071,128.8005,0.820215,0.0,0.996797,0.003203,51200,6594586,825,11271,368,2729
39900,118.327,71.786,2.290317,1.320801,0.969516,128.9489,0.821465,0.0,0.99916,0.00084,51200,6602186,778,12161,324,2736
39950,118.445,71.854,2.263811,1.286133,0.977679,128.9299,0.823945,0.0,0.998984,0.001016,51200,6601211,796,11272,320,2737
40000,118.565,71.922,2.163837,1.21875,0.945087,128.7676,0.834531,0.0,0.996309,0.003691,51200,6592899,780,10266,328,2744
40050,118.683,71.989,2.214989,1.215576,0.999413,128.5995,0.830215,0.0,0.993848,0.006152,51200,6584296,795,11417,327,2755
40100,118.801,72.057,2.172508,1.225464,0.947044,128.7079,0.827188,0.0,0.995684,0.004316,51200,6589843,806,11054,326,2755
40150,118.919,72.125,2.244065,1.28125,0.962815,128.7593,0.826133,0.0,0.996094,0.003906,51200,6592475,803,12343,299,2755
40200,119.038,72.194,2.290878,1.355225,0.935654,128.8104,0.827441,0.0,0.997109,0.002891,51200,6595090,815,12743,275,2755
40250,119.166,72.27,2.30461,1.32605,0.97856,128.9879,0.842812,0.0,0.999844,0.000156,51200,6604180,755,12479,284,2757
40300,119.284,72.339,2.408022,1.390137,1.017885,128.919,0.842168,0.0,0.99875,0.00125,51200,6600652,787,13750,282,2757
40350,119.403,72.408,2.30377,1.352661,0.951109,128.8319,0.85248,0.0,0.997324,0.002676,51200,6596193,778,12509,323,2762
40400,119.519,72.477,2.271188,1.299805,0.971384,128.5641,0.851016,0.0,0.993262,0.006738,51200,6582481,756,11886,340,2762
40450,119.634,72.546,2.303271,1.29187,1.011401,128.6403,0.837578,0.0,0.994141,0.005859,51200,6586382,797,12244,335,2762
40500,119.751,72.614,2.294131,1.31189,0.982242,128.8267,0.840527,0.0,0.997305,0.002695,51200,6595929,787,11891,337,2762
40550,119.87,72.683,2.360738,1.386475,0.974263,128.7567,0.846035,0.0,0.996367,0.003633,51200,6592342,801,12941,342,2769
40600,119.987,72.751,2.310265,1.309692,1.000573,128.7847,0.81834,0.0,0.996855,0.003145,51200,6593779,757,12133,335,2773
40650,120.104,72.819,2.258004,1.27832,0.979684,128.8465,0.803672,0.0,0.997637,0.002363,51200,6596942,773,11684,327,2774
40700,120.22,72.887,2.224175,1.219482,1.004692,128.8293,0.815684,0.0,0.997207,0.002793,51200,6596062,845,11412,322,2774
40750,120.336,72.954,2.222617,1.215942,1.006674,128.8449,0.818594,0.0,0.99752,0.00248,51200,6596861,763,11189,338,2775
40800,120.455,73.022,2.204053,1.225952,0.978101,128.7396,0.815039,0.0,0.995742,0.004258,51200,6591466,809,11134,330,2779
40850,120.571,73.089,2.272358,1.244507,1.027851,128.9963,0.812051,0.0,0.999941,5.9e-05,51200,6604610,772,11924,311,2782
40900,120.686,73.156,2.19112,1.224365,0.966755,128.7686,0.801641,0.0,0.996387,0.003613,51200,6592950,778,11550,291,2788
40950,120.803,73.224,2.308206,1.309326,0.99888,128.6873,0.79916,0.0,0.995312,0.004688,51200,6588791,784,12143,318,2796
41000,120.922,73.293,2.40812,1.381592,1.026529,128.7899,0.795371,0.0,0.996836,0.003164,51200,6594045,787,12811,329,2808
41050,121.04,73.361,2.324708,1.280762,1.043946,132.4671,0.81043,0.000449,0.996953,0.002598,51200,6782318,823,11174,330,2810
41100,121.157,73.431,2.180795,1.238037,0.942758,129.9679,0.834121,0.000156,0.995137,0.004707,51200,6654357,802,10739,365,2815
41150,121.271,73.498,2.107096,1.112915,0.994181,128.9345,0.836953,0.0,0.999102,0.000898,51200,6601447,781,9189,402,2818
41200,121.385,73.566,2.142483,1.146851,0.995633,128.9055,0.840449,0.0,0.998438,0.001562,51200,6599963,786,10039,388,2818
41250,121.499,73.633,2.157485,1.204712,0.952773,128.8468,0.837246,0.0,0.997676,0.002324,51200,6596958,782,10883,357,2818
41300,121.613,73.701,2.13507,1.167236,0.967834,128.8157,0.84791,0.0,0.996934,0.003066,51200,6595362,738,10654,322,2819
41350,121.725,73.768,2.065769,1.086792,0.978977,128.9519,0.852363,0.0,0.99918,0.00082,51200,6602336,770,9737,306,2819
41400,121.84,73.834,2.128242,1.153076,0.975166,128.9309,0.831816,0.0,0.998828,0.001172,51200,6601264,805,11210,285,2827
41450,121.986,73.929,2.192496,1.24707,0.945426,128.9744,0.794961,0.0,0.999629,0.000371,51200,6603490,804,12132,287,2838
41500,122.101,73.997,2.181585,1.217041,0.964544,128.7743,0.798301,0.0,0.996211,0.003789,51200,6593245,783,11256,283,2838
41550,122.22,74.064,2.162229,1.228149,0.93408,128.8685,0.784238,0.0,0.997871,0.002129,51200,6598069,753,11542,327,2849
41600,122.34,74.133,2.214972,1.222046,0.992926,128.9646,0.788301,0.0,0.999473,0.000527,51200,6602988,802,11820,317,2851
41650,122.458,74.201,2.266647,1.30835,0.958297,128.6538,0.793594,0.0,0.994824,0.005176,51200,6587077,796,12932,310,2851
41700,122.577,74.269,2.244874,1.300293,0.944581,128.6156,0.798184,0.0,0.99416,0.00584,51200,6585121,786,12428,320,2851
41750,122.695,74.338,2.250528,1.295166,0.955362,128.6515,0.791309,0.0,0.995215,0.004785,51200,6586956,806,12519,332,2853
41800,122.815,74.407,2.281787,1.314331,0.967456,128.7042,0.791426,0.0,0.996074,0.003926,51200,6589656,754,12012,356,2854
41850,122.934,74.475,2.296735,1.338257,0.958478,128.6991,0.801973,0.0,0.995977,0.004023,51200,6589392,830,12038,375,2854
41900,123.052,74.544,2.129034,1.169556,0.959479,128.9261,0.83373,0.0,0.998711,0.001289,51200,6601014,767,9949,403,2855
41950,123.168,74.612,2.081186,1.129517,0.951669,128.8974,0.855254,0.0,0.998477,0.001523,51200,6599548,812,9351,406,2855
42000,123.281,74.68,2.119261,1.168701,0.95056,128.8964,0.856211,0.0,0.998223,0.001777,51200,6599497,788,10237,399,2855
42050,123.395,74.747,2.180809,1.216187,0.964622,128.7729,0.838145,0.0,0.996855,0.003145,51200,6593175,798,11327,348,2855
42100,123.51,74.814,2.154483,1.178223,0.97626,128.7911,0.827832,0.0,0.996934,0.003066,51200,6594105,808,10513,343,2860
42150,123.627,74.883,2.17525,1.215576,0.959674,128.4677,0.839082,0.0,0.992129,0.007871,51200,6577547,789,10487,330,2862
42200,123.742,74.951,2.110189,1.151733,0.958456,128.5989,0.865098,0.0,0.99416,0.00584,51200,6584262,790,9420,331,2862
42250,123.855,75.018,2.252197,1.265259,0.986938,131.985,0.851523,0.00041,0.995078,0.004512,51200,6757630,759,10915,329,2862
42300,123.969,75.087,2.198585,1.229858,0.968726,139.1493,0.856504,0.001172,0.993438,0.005391,51200,7124443,763,10782,340,2862
42350,124.085,75.155,2.261768,1.285767,0.976001,130.2928,0.839336,0.000195,0.995293,0.004512,51200,6670993,808,11653,327,2862
42400,124.201,75.223,2.17971,1.219238,0.960472,128.9093,0.837832,0.0,0.998555,0.001445,51200,6600157,762,11403,323,2862
42450,124.318,75.29,2.146215,1.22229,0.923925,128.8473,0.833906,0.0,0.997754,0.002246,51200,6596981,851,11420,323,2865
42500,124.434,75.358,2.239949,1.266357,0.973591,128.7901,0.837109,0.0,0.996758,0.003242,51200,6594051,817,11620,334,2865
42550,124.55,75.427,2.318271,1.281738,1.036533,143.2809,0.832695,0.001582,0.998418,0.0,51200,7335983,768,11638,324,2865
42600,124.665,75.497,2.129617,1.140869,0.988747,143.847,0.837969,0.00168,0.99793,0.000391,51200,7364966,751,10186,323,2865
42650,124.783,75.565,2.091491,1.133423,0.958069,142.2503,0.817031,0.001426,0.99752,0.001055,51200,7283214,809,9639,340,2867
42700,124.9,75.633,2.085781,1.146484,0.939297,129.0,0.830488,0.0,1.0,0.0,51200,6604800,835,9870,359,2868
42750,125.015,75.699,2.059822,1.127686,0.932137,128.9239,0.828652,0.0,0.99875,0.00125,51200,6600905,792,10245,345,2871
42800,125.131,75.766,2.133859,1.221436,0.912424,128.9485,0.823984,0.0,0.999199,0.000801,51200,6602161,758,11100,341,2874
42850,125.247,75.833,2.131233,1.208008,0.923225,128.9855,0.81707,0.0,0.999766,0.000234,51200,6604058,749,10558,345,2875
42900,125.364,75.901,2.225529,1.255615,0.969914,128.7918,0.835117,0.0,0.996582,0.003418,51200,6594138,849,11024,328,2875
42950,125.485,75.974,2.170459,1.233398,0.93706,128.6751,0.838906,0.0,0.995137,0.004863,51200,6588164,794,10490,321,2875
43000,125.602,76.042,2.216228,1.26123,0.954997,128.6336,0.841211,0.0,0.994492,0.005508,51200,6586041,811,11299,332,2875
43050,125.717,76.109,2.230604,1.237793,0.992811,128.6473,0.836211,0.0,0.994277,0.005723,51200,6586744,766,10975,343,2875
43100,125.835,76.177,2.233285,1.268066,0.965219,128.8756,0.853945,0.0,0.997988,0.002012,51200,6598433,801,10906,357,2875
43150,125.95,76.246,2.246732,1.253174,0.993558,128.9563,0.841328,0.0,0.999316,0.000684,51200,6602565,740,11026,357,2875
43200,126.065,76.314,2.193645,1.229248,0.964397,129.7797,0.842422,9.8e-05,0.999727,0.000176,51200,6644723,746,10594,358,2875
43250,126.181,76.383,2.181714,1.213867,0.967847,130.8348,0.836367,0.000254,0.996367,0.003379,51200,6698744,784,9723,359,2875
43300,126.3,76.453,2.238979,1.282715,0.956264,141.5196,0.847676,0.001562,0.997188,0.00125,51200,7245806,762,10940,375,2875
43350,126.414,76.521,2.224508,1.25708,0.967428,128.971,0.848691,0.0,0.999609,0.000391,51200,6603314,825,11501,353,2875
43400,126.531,76.59,2.161109,1.185547,0.975562,128.9356,0.832871,0.0,0.999062,0.000938,51200,6601501,806,9861,367,2880
43450,126.649,76.659,2.256061,1.314697,0.941364,128.93,0.831562,0.0,0.999023,0.000977,51200,6601214,801,11277,373,2882
43500,126.768,76.728,2.204653,1.236694,0.967959,128.9385,0.840566,0.0,0.999023,0.000977,51200,6601653,789,10317,384,2882
43550,126.888,76.799,2.20263,1.229492,0.973138,128.9191,0.852871,0.0,0.998711,0.001289,51200,6600660,761,10487,372,2882
43600,127.005,76.868,2.16964,1.184204,0.985436,128.9646,0.853281,0.0,0.999355,0.000645,51200,6602988,771,10087,383,2883
43650,127.119,76.935,2.074572,1.126587,0.947985,128.7161,0.833965,0.0,0.995723,0.004277,51200,6590263,792,9768,371,2883
43700,127.236,77.003,2.110431,1.159424,0.951007,128.8072,0.841621,0.0,0.996992,0.003008,51200,6594927,782,10226,371,2886
43750,127.355,77.072,2.226335,1.255127,0.971208,128.6256,0.844219,0.0,0.994473,0.005527,51200,6585630,777,11284,367,2886
43800,127.474,77.14,2.151271,1.19812,0.953151,128.7605,0.84793,0.0,0.996191,0.003809,51200,6592538,802,10387,357,2886
43850,127.593,77.21,2.09738,1.16687,0.930509,128.7437,0.835059,0.0,0.99623,0.00377,51200,6591679,791,9584,374,2891
43900,127.712,77.278,2.074363,1.155029,0.919334,128.6523,0.865938,0.0,0.994414,0.005586,51200,6586999,796,9266,382,2891
43950,127.826,77.346,2.015231,1.08606,0.929171,128.7335,0.87623,0.0,0.995684,0.004316,51200,6591156,742,8897,372,2892
44000,127.939,77.413,2.077609,1.095947,0.981662,128.7352,0.875898,0.0,0.995957,0.004043,51200,6591241,798,9315,367,2896
44050,128.053,77.481,2.044167,1.066528,0.977638,128.9157,0.87084,0.0,0.99877,0.00123,51200,6600484,794,8825,369,2896
44100,128.168,77.548,2.034172,1.085938,0.948234,128.8782,0.85252,0.0,0.998262,0.001738,51200,6598566,802,8944,371,2900
44150,128.282,77.615,2.052327,1.083618,0.968709,128.846,0.855488,0.0,0.997402,0.002598,51200,6596917,828,8792,367,2900
44200,128.401,77.684,2.083183,1.10791,0.975272,128.8905,0.875918,0.0,0.998164,0.001836,51200,6599195,772,8328,392,2900
44250,128.519,77.754,2.101807,1.114258,0.987549,128.8167,0.884531,0.0,0.996855,0.003145,51200,6595413,793,8528,404,2900
44300,128.632,77.823,2.052894,1.06311,0.989783,128.6978,0.867129,0.0,0.995059,0.004941,51200,6589327,766,8418,394,2900
44350,128.745,77.892,2.097565,1.112183,0.985382,128.6666,0.870625,0.0,0.994473,0.005527,51200,6587729,805,8984,394,2901
44400,128.859,77.96,2.044105,1.106812,0.937294,128.8814,0.866328,0.0,0.998223,0.001777,51200,6598730,767,8279,401,2901
44450,128.972,78.027,1.957673,1.00647,0.951204,128.9015,0.877559,0.0,0.998535,0.001465,51200,6599755,795,7437,387,2901
44500,129.084,78.095,2.005315,1.022583,0.982732,128.9091,0.872617,0.0,0.998574,0.001426,51200,6600144,824,7956,371,2908
44550,129.198,78.162,1.963804,1.004883,0.958921,128.7671,0.855469,0.0,0.996309,0.003691,51200,6592877,742,7608,369,2908
44600,129.311,78.229,1.926567,0.994629,0.931938,128.8242,0.852559,0.0,0.997266,0.002734,51200,6595797,789,8234,324,2909
44650,129.424,78.297,2.033501,1.080811,0.95269,128.7977,0.848535,0.0,0.996699,0.003301,51200,6594441,793,8678,315,2909
44700,129.539,78.364,2.064644,1.088257,0.976387,128.6958,0.85457,0.0,0.994824,0.005176,51200,6589225,756,8247,326,2909
44750,129.652,78.432,2.085829,1.119751,0.966078,128.7095,0.850625,0.0,0.995293,0.004707,51200,6589925,742,9427,312,2909
44800,129.777,78.5,2.113466,1.116943,0.996522,128.886,0.845762,0.0,0.998262,0.001738,51200,6598962,774,9155,307,2909
44850,129.9,78.574,2.128257,1.150391,0.977867,129.0,0.861641,0.0,1.0,0.0,51200,6604800,754,8842,328,2909
44900,130.017,78.642,2.07222,1.109131,0.96309,128.8552,0.857109,0.0,0.99791,0.00209,51200,6597387,789,7870,355,2909
44950,130.138,78.711,2.065229,1.087402,0.977826,128.8656,0.865938,0.0,0.997871,0.002129,51200,6597918,762,8304,349,2909
45000,130.258,78.78,2.25799,1.25293,1.00506,128.7501,0.854453,0.0,0.996211,0.003789,51200,6592004,761,10645,402,2909
45050,130.374,78.848,2.213212,1.200317,1.012894,128.8254,0.85418,0.0,0.997227,0.002773,51200,6595858,772,9899,449,2911
45100,130.491,78.918,2.05509,1.080811,0.97428,128.8668,0.869727,0.0,0.997832,0.002168,51200,6597979,827,8324,420,2912
45150,130.608,78.985,2.102904,1.10144,1.001464,128.8776,0.874902,0.0,0.997988,0.002012,51200,6598533,801,8778,401,2915
45200,130.726,79.055,2.060365,1.072388,0.987978,128.8611,0.884258,0.0,0.997969,0.002031,51200,6597689,817,8191,406,2921
45250,130.844,79.124,2.050061,1.084473,0.965588,128.9116,0.87332,0.0,0.998613,0.001387,51200,6600273,784,8757,397,2924
45300,130.96,79.193,2.032544,1.085083,0.947461,128.9776,0.849082,0.0,0.999707,0.000293,51200,6603653,777,8692,398,2925
45350,131.076,79.261,2.073919,1.093262,0.980657,128.9378,0.862461,0.0,0.998984,0.001016,51200,6601617,793,8424,395,2925
45400,131.19,79.33,2.175948,1.158203,1.017745,136.358,0.86332,0.000918,0.998398,0.000684,51200,6981529,755,9368,433,2930
45450,131.306,79.401,2.286076,1.230347,1.05573,151.199,0.847656,0.002773,0.994785,0.002441,51200,7741387,746,10621,415,2934
45500,131.424,79.474,2.22955,1.250488,0.979062,165.826,0.842207,0.00459,0.992637,0.002773,51200,8490293,781,10422,405,2934
45550,131.542,79.544,2.179039,1.216187,0.962852,156.41,0.858027,0.003418,0.994336,0.002246,51200,8008190,748,10098,390,2934
45600,131.659,79.619,2.142921,1.136108,1.006813,155.7679,0.852598,0.003359,0.99166,0.00498,51200,7975317,765,9857,374,2938
45650,131.774,79.688,2.13687,1.156982,0.979888,151.3266,0.819277,0.002793,0.993711,0.003496,51200,7747922,726,10230,344,2942
45700,131.89,79.757,2.140333,1.172363,0.967969,145.1051,0.831719,0.002031,0.993535,0.004434,51200,7429382,811,10744,331,2947
45750,132.005,79.826,2.211037,1.176025,1.035012,146.0967,0.81043,0.002148,0.994434,0.003418,51200,7480151,741,10870,330,2947
45800,132.131,79.896,2.248172,1.241821,1.006351,145.4957,0.801348,0.00207,0.99457,0.003359,51200,7449378,778,11547,337,2947
45850,132.252,79.969,2.243041,1.237305,1.005736,145.6908,0.802031,0.002109,0.993066,0.004824,51200,7459370,786,12492,324,2949
45900,132.372,80.038,2.258692,1.271118,0.987574,145.5709,0.812793,0.002148,0.985957,0.011895,51200,7453229,795,11727,336,2957
45950,132.492,80.107,2.239663,1.262695,0.976968,134.3195,0.826074,0.000723,0.991504,0.007773,51200,6877160,790,11500,331,2958
46000,132.612,80.175,2.269968,1.293457,0.976511,128.7522,0.846953,0.0,0.996016,0.003984,51200,6592113,778,11925,327,2965
46050,132.729,80.243,2.056179,1.153931,0.902248,128.7746,0.84873,0.0,0.996348,0.003652,51200,6593257,822,10266,300,2966
46100,132.845,80.311,2.126513,1.160522,0.965991,128.7634,0.82252,0.0,0.996465,0.003535,51200,6592684,767,10369,330,2966
46150,132.964,80.381,2.082485,1.140259,0.942226,128.7804,0.807266,0.0,0.996992,0.003008,51200,6593559,803,9399,334,2968
46200,133.078,80.449,2.099607,1.134277,0.965329,128.996,0.810098,0.0,0.999922,7.8e-05,51200,6604596,829,9855,335,2969
46250,133.196,80.517,2.114358,1.151733,0.962624,128.9723,0.827637,0.0,0.999512,0.000488,51200,6603380,757,9308,320,2970
46300,133.31,80.584,2.043528,1.09082,0.952708,128.8428,0.833359,0.0,0.997559,0.002441,51200,6596750,811,8827,361,2970
46350,133.424,80.651,2.049577,1.102783,0.946794,128.8563,0.813887,0.0,0.997695,0.002305,51200,6597443,814,9282,382,2973
46400,133.536,80.718,2.002462,1.079102,0.923361,128.8297,0.814727,0.0,0.997383,0.002617,51200,6596082,842,9755,363,2978
46450,133.65,80.785,2.145088,1.184814,0.960274,128.927,0.804414,0.0,0.998945,0.001055,51200,6601064,783,10685,377,2978
46500,133.765,80.853,2.264912,1.285767,0.979145,133.771,0.796387,0.000586,0.997891,0.001523,51200,6849077,813,11786,375,2986
46550,133.881,80.921,2.235517,1.268677,0.966841,129.2701,0.799121,3.9e-05,0.99916,0.000801,51200,6618627,795,10910,363,2986
46600,133.998,80.989,2.16557,1.206299,0.959271,130.8026,0.821426,0.000234,0.998379,0.001387,51200,6697095,755,10014,354,2986
46650,134.112,81.056,2.189645,1.189697,0.999948,128.6127,0.837422,0.0,0.993984,0.006016,51200,6584971,774,9855,391,2986
46700,134.225,81.124,1.987001,1.055664,0.931337,128.6453,0.840059,0.0,0.994258,0.005742,51200,6586637,839,8425,357,2986
46750,134.338,81.191,2.137217,1.141479,0.995738,128.6891,0.837188,0.0,0.994707,0.005293,51200,6588880,765,9471,363,2986
46800,134.452,81.258,2.046634,1.115112,0.931521,128.5922,0.848535,0.0,0.993828,0.006172,51200,6583922,797,8355,356,2986
46850,134.567,81.325,2.129201,1.138428,0.990774,128.6225,0.849004,0.0,0.993711,0.006289,51200,6585472,786,8429,364,2987
46900,134.683,81.394,2.171347,1.152466,1.018881,128.8251,0.867734,0.0,0.997305,0.002695,51200,6595846,796,9093,373,2987
46950,134.801,81.462,2.126759,1.136841,0.989918,128.8834,0.865488,0.0,0.998086,0.001914,51200,6598828,776,9141,402,2987
47000,134.915,81.529,1.99812,1.068726,0.929394,128.845,0.853809,0.0,0.997656,0.002344,51200,6596862,801,8384,408,2989
47050,135.03,81.596,2.047127,1.085083,0.962044,128.9138,0.836055,0.0,0.99873,0.00127,51200,6600386,806,9071,411,2991
47100,135.145,81.663,2.120962,1.157349,0.963613,128.7799,0.842656,0.0,0.996602,0.003398,51200,6593533,802,9493,408,2991
47150,135.259,81.73,2.121208,1.127075,0.994133,128.6728,0.85002,0.0,0.994961,0.005039,51200,6588049,771,9773,377,2991
47200,135.374,81.798,2.214065,1.235718,0.978347,128.7267,0.83248,0.0,0.995684,0.004316,51200,6590809,772,10742,370,2991
47250,135.49,81.866,2.257977,1.284668,0.973309,128.4984,0.828672,0.0,0.992578,0.007422,51200,6579120,756,12060,368,2991
47300,135.605,81.933,2.21078,1.25415,0.95663,128.52,0.812129,0.0,0.993613,0.006387,51200,6580225,805,11626,344,2991
47350,135.718,82.0,2.240785,1.275146,0.965638,128.4655,0.810469,0.0,0.992422,0.007578,51200,6577436,759,11751,336,2991
47400,135.833,82.067,2.325585,1.326904,0.998681,128.3617,0.830254,0.0,0.990898,0.009102,51200,6572117,797,12412,317,2991
47450,135.949,82.135,2.463659,1.432495,1.031164,128.1694,0.814043,0.0,0.988828,0.011172,51200,6562273,817,14093,319,2997
47500,136.067,82.204,2.395911,1.367065,1.028846,137.9771,0.806211,0.001191,0.990215,0.008594,51200,7064430,777,13348,322,2997
47550,136.183,82.272,2.383865,1.34436,1.039505,128.2902,0.825664,0.0,0.98998,0.01002,51200,6568460,794,12291,343,3001
47600,136.3,82.34,2.245976,1.264893,0.981083,128.2874,0.835215,0.0,0.990391,0.009609,51200,6568316,783,10444,333,3002
47650,136.414,82.408,2.157682,1.155884,1.001798,128.2803,0.842246,0.0,0.990156,0.009844,51200,6567952,801,9089,360,3007
47700,136.529,82.475,2.013259,1.091064,0.922195,128.5638,0.835898,0.0,0.993223,0.006777,51200,6582464,821,9156,353,3010
47750,136.644,82.542,2.010135,1.075806,0.93433,128.8112,0.836523,0.0,0.996973,0.003027,51200,6595136,837,8758,365,3010
47800,136.76,82.609,2.026691,1.088135,0.938556,128.8489,0.840332,0.0,0.997969,0.002031,51200,6597063,801,9458,375,3021
47850,136.875,82.675,2.022941,1.068604,0.954337,128.8675,0.833184,0.0,0.998047,0.001953,51200,6598017,774,9230,374,3029
47900,136.989,82.742,1.99865,1.079468,0.919182,128.7938,0.830977,0.0,0.997012,0.002988,51200,6594244,789,9295,324,3029
47950,137.104,82.808,2.140182,1.212891,0.927291,128.7835,0.819922,0.0,0.996621,0.003379,51200,6593715,778,11166,328,3029
48000,137.22,82.876,2.309361,1.333618,0.975743,128.7252,0.816973,0.0,0.995625,0.004375,51200,6590730,789,12469,323,3029
48050,137.336,82.944,2.311121,1.322754,0.988367,128.6669,0.826348,0.0,0.995059,0.004941,51200,6587746,778,12371,320,3029
48100,137.451,83.012,2.260263,1.290894,0.969369,128.5779,0.826289,0.0,0.993027,0.006973,51200,6583189,794,11820,306,3029
48150,137.567,83.079,2.303534,1.322388,0.981147,128.6587,0.825898,0.0,0.994512,0.005488,51200,6587327,833,12767,298,3029
48200,137.684,83.147,2.207866,1.235352,0.972514,134.6529,0.790918,0.000723,0.996445,0.002832,51200,6894228,771,11584,291,3029
48250,137.8,83.216,2.209203,1.222046,0.987157,142.4573,0.803613,0.00168,0.997109,0.001211,51200,7293812,728,11083,295,3034
48300,137.916,83.284,2.181521,1.180542,1.000979,128.8053,0.805039,0.0,0.997109,0.002891,51200,6594832,811,9874,297,3034
48350,138.032,83.351,2.143767,1.209717,0.93405,128.9819,0.809062,0.0,0.999727,0.000273,51200,6603871,748,10907,332,3043
48400,138.15,83.419,2.262888,1.299561,0.963327,128.9733,0.820762,0.0,0.99957,0.00043,51200,6603433,815,11559,340,3043
48450,138.268,83.486,2.309461,1.289185,1.020277,128.8096,0.823809,0.0,0.997246,0.002754,51200,6595052,786,11663,365,3043
48500,138.385,83.554,2.290737,1.304199,0.986538,128.8087,0.814297,0.0,0.996855,0.003145,51200,6595007,790,12427,373,3043
48550,138.501,83.621,2.372785,1.399536,0.973248,128.7285,0.814277,0.0,0.995801,0.004199,51200,6590899,807,13788,327,3045
48600,138.62,83.688,2.387677,1.411987,0.975689,128.7451,0.802402,0.0,0.996055,0.003945,51200,6591750,744,13922,308,3048
48650,138.738,83.755,2.405999,1.414795,0.991204,128.5391,0.812891,0.0,0.992852,0.007148,51200,6581201,700,14020,309,3049
48700,138.856,83.823,2.382719,1.38501,0.99771,128.8123,0.810332,0.0,0.99707,0.00293,51200,6595191,761,13677,306,3054
48750,138.974,83.891,2.347705,1.37207,0.975635,128.8348,0.806055,0.0,0.997422,0.002578,51200,6596344,773,13250,298,3054
48800,139.091,83.958,2.314215,1.329834,0.984381,128.8175,0.797695,0.0,0.997227,0.002773,51200,6595455,785,12262,308,3054
48850,139.209,84.025,2.254859,1.299683,0.955177,128.7801,0.807676,0.0,0.996582,0.003418,51200,6593541,778,11839,314,3054
48900,139.327,84.092,2.232233,1.258057,0.974176,128.9377,0.830879,0.0,0.999082,0.000918,51200,6601610,815,11088,324,3056
48950,139.444,84.16,2.179505,1.195435,0.984071,130.7609,0.841758,0.000234,0.997637,0.002129,51200,6694957,765,10888,318,3056
49000,139.56,84.228,2.171414,1.188477,0.982937,128.8299,0.845352,0.0,0.997363,0.002637,51200,6596091,758,10600,314,3056
49050,139.679,84.299,2.163244,1.179688,0.983557,128.6509,0.844941,0.0,0.994434,0.005566,51200,6586926,803,10214,330,3058
49100,139.793,84.366,2.076995,1.115479,0.961517,128.7654,0.832188,0.0,0.995938,0.004062,51200,6592787,749,10037,311,3058
49150,139.907,84.432,2.156578,1.168335,0.988243,128.6438,0.823125,0.0,0.994336,0.005664,51200,6586562,752,10698,296,3059
49200,140.023,84.5,2.16164,1.155029,1.00661,128.5999,0.820117,0.0,0.993906,0.006094,51200,6584316,803,10892,309,3060
49250,140.14,84.568,2.202103,1.216553,0.98555,128.4838,0.824668,0.0,0.991895,0.008105,51200,6578369,846,11229,326,3063
49300,140.258,84.635,2.241144,1.267456,0.973688,128.4103,0.850742,0.0,0.991191,0.008809,51200,6574605,768,11273,325,3063
49350,140.379,84.704,2.360117,1.342896,1.017222,128.5918,0.868477,0.0,0.993691,0.006309,51200,6583900,783,11452,346,3064
49400,140.498,84.774,2.256795,1.263672,0.993123,128.6239,0.871094,0.0,0.994141,0.005859,51200,6585544,780,10461,367,3064
49450,140.652,84.877,2.3211,1.258789,1.062311,130.523,0.877305,0.000215,0.996289,0.003496,51200,6682779,746,11057,404,3064
49500,140.769,84.946,2.281804,1.245728,1.036077,130.4779,0.888457,0.000215,0.996289,0.003496,51200,6680468,756,10243,434,3064
49550,140.883,85.014,2.236888,1.23877,0.998118,128.5351,0.878281,0.0,0.994043,0.005957,51200,6580997,787,10502,425,3066
49600,140.998,85.083,2.064174,1.085449,0.978725,128.7931,0.873379,0.0,0.996836,0.003164,51200,6594207,813,9108,384,3067
49650,141.112,85.15,2.140204,1.165161,0.975043,128.7134,0.843535,0.0,0.995566,0.004434,51200,6590124,792,10428,367,3067
49700,141.227,85.218,2.128406,1.190674,0.937732,128.8933,0.844512,0.0,0.998398,0.001602,51200,6599339,774,9562,373,3067
49750,141.34,85.286,2.074244,1.084595,0.989649,128.9875,0.868301,0.0,0.999766,0.000234,51200,6604162,765,8021,352,3067
49800,141.455,85.354,2.029855,1.078735,0.95112,128.9445,0.873184,0.0,0.999277,0.000723,51200,6601957,717,7777,370,3067
49850,141.567,85.421,2.066599,1.063354,1.003245,128.6846,0.8725,0.0,0.995449,0.004551,51200,6588654,760,8746,371,3069
49900,141.681,85.489,2.211272,1.161621,1.049651,128.819,0.85166,0.0,0.997246,0.002754,51200,6595531,787,10291,361,3069
49950,141.795,85.556,2.252974,1.229248,1.023726,128.9143,0.841133,0.0,0.997461,0.002539,51200,6600410,787,10892,371,3077
50000,141.915,85.624,2.12044,1.126465,0.993975,128.8336,0.854863,0.0,0.997344,0.002656,51200,6596278,799,9608,334,3077
