epoch,wall_s,sim_s,entropy_bits,zlib_bits,high_order_entropy,mean_steps,frac_copy_runs,frac_term_budget,frac_term_off_region,frac_term_unmatched,runs,steps,mutations,distinct_windows,n_persistent,A_t
0,0.048,0.0,7.996763,8.003174,-0.006411,0.0,0.0,0.0,0.0,0.0,0,0,0,58368,0,0
20,0.097,0.026,7.996585,7.981323,0.015262,616.8826,0.507227,0.059375,0.631836,0.308789,10240,6316878,329,58136,0,0
40,0.134,0.043,7.995902,7.959351,0.036551,605.2418,0.496289,0.058887,0.617676,0.323438,10240,6197676,301,57947,0,0
60,0.215,0.069,7.995705,7.934937,0.060769,594.1713,0.486621,0.058008,0.620801,0.321191,10240,6084314,322,57785,0,0
80,0.287,0.103,7.995296,7.910889,0.084407,613.1435,0.48418,0.06123,0.624121,0.314648,10240,6278589,335,57635,0,0
100,0.358,0.136,7.994785,7.903809,0.090977,603.1771,0.48457,0.060156,0.620215,0.319629,10240,6176533,304,57586,8,8
120,0.43,0.17,7.994113,7.882568,0.111545,641.0547,0.483789,0.064844,0.611035,0.324121,10240,6564400,328,57450,12,12
140,0.502,0.204,7.99128,7.797119,0.194161,638.5891,0.480078,0.064844,0.615723,0.319434,10240,6539152,338,56858,15,15
160,0.574,0.238,7.989102,7.766479,0.222622,616.0475,0.480371,0.062402,0.625879,0.311719,10240,6308326,308,56646,18,18
180,0.644,0.272,7.988707,7.769653,0.219054,637.2673,0.483398,0.064355,0.617969,0.317676,10240,6525617,319,56698,19,19
200,0.725,0.309,7.988703,7.76001,0.228693,609.7214,0.479297,0.061719,0.609961,0.32832,10240,6243547,310,56642,21,21
220,0.799,0.343,7.988606,7.757812,0.230794,610.913,0.477832,0.061523,0.612207,0.32627,10240,6255749,292,56631,31,31
240,0.872,0.381,7.987587,7.726929,0.260658,655.3366,0.481738,0.067383,0.614746,0.317871,10240,6710647,318,56438,33,33
260,0.95,0.42,7.987458,7.72583,0.261628,647.721,0.47334,0.066797,0.618066,0.315137,10240,6632663,299,56441,34,34
280,1.022,0.453,7.987385,7.728638,0.258747,635.8383,0.468262,0.065234,0.608496,0.32627,10240,6510984,292,56525,34,35
300,1.099,0.49,7.987149,7.732056,0.255094,650.833,0.473535,0.06748,0.599512,0.333008,10240,6664530,300,56579,34,35
320,1.174,0.524,7.987223,7.719604,0.267618,618.2151,0.460449,0.063281,0.583691,0.353027,10240,6330523,335,56572,47,49
340,1.246,0.558,7.987313,7.718262,0.269051,615.9331,0.450391,0.063184,0.573438,0.363379,10240,6307155,341,56571,48,53
360,1.32,0.597,7.986323,7.710571,0.275751,607.8866,0.458789,0.062598,0.582129,0.355273,10240,6224759,317,56534,46,54
380,1.365,0.624,7.985554,7.707642,0.277912,619.8479,0.456934,0.06416,0.578516,0.357324,10240,6347243,300,56561,44,54
400,1.405,0.645,7.983938,7.669556,0.314383,632.2667,0.452246,0.065918,0.569434,0.364648,10240,6474411,287,56315,44,55
420,1.444,0.664,7.983051,7.660278,0.322772,641.272,0.442773,0.066895,0.561523,0.371582,10240,6566625,302,56265,40,56
440,1.481,0.681,7.982739,7.656494,0.326245,614.7263,0.439941,0.063574,0.560352,0.376074,10240,6294797,288,56275,40,58
460,1.518,0.7,7.982496,7.658325,0.32417,611.3589,0.432812,0.063281,0.551367,0.385352,10240,6260315,334,56357,53,72
480,1.556,0.718,7.982298,7.663086,0.319212,640.9639,0.438184,0.066797,0.547168,0.386035,10240,6563470,309,56441,77,96
500,1.593,0.737,7.981842,7.658936,0.322906,640.0119,0.432227,0.06709,0.542969,0.389941,10240,6553722,309,56433,75,99
520,1.66,0.77,7.98155,7.646484,0.335066,627.6521,0.438379,0.065625,0.543359,0.391016,10240,6427157,310,56394,73,101
540,1.698,0.789,7.980295,7.641846,0.338449,644.3349,0.43623,0.067773,0.543066,0.38916,10240,6597989,322,56375,58,103
560,1.734,0.807,7.979421,7.640747,0.338674,634.0082,0.430469,0.066211,0.540527,0.393262,10240,6492244,321,56366,58,103
580,1.772,0.825,7.977846,7.63916,0.338686,637.89,0.42998,0.066992,0.539453,0.393555,10240,6531994,307,56392,57,106
600,1.809,0.843,7.972856,7.631592,0.341264,649.9856,0.430664,0.068555,0.53877,0.392676,10240,6655853,302,56338,52,109
620,1.852,0.862,7.971059,7.626465,0.344594,660.2046,0.433008,0.070117,0.535547,0.394336,10240,6760495,354,56330,52,109
640,1.889,0.88,7.967832,7.599487,0.368345,630.1994,0.428516,0.06582,0.537695,0.396484,10240,6453242,338,56107,49,109
660,1.928,0.9,7.967739,7.607178,0.360561,628.7848,0.425,0.066406,0.53252,0.401074,10240,6438756,327,56184,48,109
680,1.966,0.919,7.964472,7.598145,0.366328,633.9155,0.424414,0.066699,0.534082,0.399219,10240,6491295,304,56172,47,109
700,2.004,0.937,7.960732,7.586914,0.373818,655.0521,0.422461,0.069531,0.532422,0.398047,10240,6707733,304,56147,48,110
720,2.041,0.956,7.954867,7.564941,0.389925,667.5796,0.422949,0.070703,0.533398,0.395898,10240,6836015,318,55995,49,112
740,2.079,0.975,7.952957,7.549316,0.40364,662.1739,0.426855,0.07002,0.54043,0.389551,10240,6780661,336,55906,46,112
760,2.122,0.998,7.951008,7.531982,0.419025,683.5183,0.423242,0.072852,0.539258,0.387891,10240,6999227,333,55788,45,112
780,2.161,1.018,7.949593,7.532104,0.417489,674.3495,0.434473,0.07168,0.543945,0.384375,10240,6905339,307,55849,44,112
800,2.199,1.037,7.949846,7.549561,0.400285,685.4405,0.435449,0.073242,0.537012,0.389746,10240,7018911,341,56021,45,114
820,2.237,1.056,7.94933,7.567261,0.382069,698.6945,0.442383,0.074805,0.538379,0.386816,10240,7154632,329,56185,43,116
840,2.291,1.076,7.948586,7.571411,0.377174,743.9861,0.438867,0.080371,0.536523,0.383105,10240,7618418,312,56264,45,119
860,2.366,1.116,7.949315,7.57959,0.369725,731.6901,0.431445,0.078809,0.536035,0.385156,10240,7492507,346,56364,45,119
880,2.405,1.136,7.948097,7.587769,0.360328,722.7936,0.427637,0.078027,0.533105,0.388867,10240,7401406,329,56454,44,119
900,2.444,1.156,7.947764,7.588379,0.359385,701.2479,0.426074,0.075,0.533105,0.391895,10240,7180779,312,56503,42,119
920,2.483,1.175,7.946595,7.574585,0.37201,694.8114,0.434277,0.073926,0.542871,0.383203,10240,7114869,322,56416,42,121
940,2.521,1.194,7.945427,7.562744,0.382683,683.4273,0.438672,0.072852,0.537891,0.389258,10240,6998296,329,56342,41,121
960,2.56,1.213,7.938366,7.503052,0.435314,656.301,0.446973,0.069141,0.552832,0.378027,10240,6720522,309,55973,39,121
980,2.6,1.231,7.935793,7.475342,0.460451,653.972,0.452148,0.06875,0.554492,0.376758,10240,6696673,276,55787,39,123
1000,2.645,1.249,7.928601,7.454712,0.473889,619.3401,0.447559,0.064258,0.565527,0.370215,10240,6342043,326,55679,39,125
1020,2.726,1.286,7.92769,7.463379,0.464311,624.8225,0.445508,0.065039,0.573926,0.361035,10240,6398182,342,55807,42,127
1040,2.8,1.321,7.9272,7.477173,0.450027,634.8314,0.456836,0.066602,0.572559,0.36084,10240,6500674,309,55944,42,130
1060,2.841,1.343,7.925001,7.465088,0.459913,617.8276,0.462305,0.063965,0.579395,0.356641,10240,6326555,324,55919,42,133
1080,2.878,1.361,7.92269,7.458252,0.464438,628.583,0.457129,0.065723,0.577246,0.357031,10240,6436690,309,55896,41,133
1100,2.915,1.379,7.921656,7.463501,0.458155,629.2597,0.45166,0.065918,0.580762,0.35332,10240,6443619,294,55936,38,133
1120,2.954,1.397,7.916006,7.461792,0.454214,626.5338,0.462598,0.065234,0.580859,0.353906,10240,6415706,298,56002,36,133
1140,2.992,1.415,7.913553,7.463745,0.449808,595.3382,0.458398,0.061621,0.571777,0.366602,10240,6096263,316,56053,39,135
1160,3.029,1.433,7.910614,7.451782,0.458832,602.1274,0.46416,0.062109,0.575098,0.362793,10240,6165785,300,56030,40,136
1180,3.078,1.45,7.906558,7.430908,0.47565,589.4404,0.482422,0.060352,0.580371,0.359277,10240,6035870,333,55922,40,136
1200,3.15,1.483,7.908011,7.44165,0.466361,537.1757,0.473145,0.054199,0.585156,0.360645,10240,5500679,282,56028,39,138
1220,3.223,1.516,7.908248,7.435669,0.472579,555.0232,0.480371,0.056738,0.591406,0.351855,10240,5683438,284,56054,41,139
1240,3.296,1.549,7.906778,7.418335,0.488443,570.1381,0.479883,0.058301,0.593652,0.348047,10240,5838214,320,55968,43,142
1260,3.368,1.586,7.903941,7.422729,0.481212,526.8261,0.481152,0.053125,0.599609,0.347266,10240,5394699,326,56088,47,145
1280,3.44,1.623,7.898185,7.387451,0.510734,519.2294,0.470703,0.051953,0.601562,0.346484,10240,5316909,315,55846,52,150
1300,3.516,1.66,7.892465,7.364014,0.528452,537.0783,0.475684,0.053906,0.609082,0.337012,10240,5499682,306,55694,50,151
1320,3.591,1.692,7.890008,7.363037,0.526971,530.5061,0.480371,0.05332,0.611523,0.335156,10240,5432382,325,55711,51,154
1340,3.659,1.72,7.884913,7.365845,0.519068,533.0357,0.471289,0.053418,0.618066,0.328516,10240,5458286,304,55780,50,155
1360,3.719,1.75,7.884379,7.381226,0.503153,519.0042,0.475195,0.051953,0.624609,0.323438,10240,5314603,314,55948,49,156
1380,3.754,1.767,7.884413,7.394531,0.489882,539.9197,0.477441,0.054688,0.62373,0.321582,10240,5528778,298,56083,48,156
1400,3.79,1.784,7.879614,7.385376,0.494238,515.6401,0.47041,0.051465,0.624609,0.323926,10240,5280155,326,56007,45,156
1420,3.824,1.8,7.875429,7.389404,0.486025,497.0443,0.479102,0.049219,0.63457,0.316211,10240,5089734,284,56096,45,156
1440,3.863,1.819,7.873015,7.393066,0.479949,473.2434,0.476758,0.046289,0.638184,0.315527,10240,4846012,305,56094,45,157
1460,3.897,1.834,7.873165,7.403564,0.469601,451.0854,0.467578,0.043457,0.638379,0.318164,10240,4619114,333,56177,45,157
1480,3.934,1.849,7.866596,7.397217,0.469379,453.2015,0.459082,0.043555,0.635156,0.321289,10240,4640783,334,56121,44,157
1500,3.999,1.869,7.856982,7.390503,0.466479,484.9562,0.452246,0.047656,0.629785,0.322559,10240,4965952,318,56058,43,157
1520,4.072,1.898,7.851364,7.381958,0.469406,498.3408,0.452051,0.049512,0.627051,0.323438,10240,5103010,303,56038,43,157
1540,4.164,1.94,7.851206,7.388184,0.463022,514.3814,0.454785,0.051367,0.628711,0.319922,10240,5267266,305,56113,42,157
1560,4.256,1.987,7.852252,7.402344,0.449909,490.4104,0.458008,0.048535,0.625879,0.325586,10240,5021803,327,56239,40,157
1580,4.328,2.015,7.851585,7.41748,0.434105,472.8479,0.461328,0.046289,0.622559,0.331152,10240,4841962,303,56332,37,157
1600,4.401,2.047,7.853127,7.432617,0.42051,484.0125,0.464648,0.047754,0.628125,0.324121,10240,4956288,301,56452,36,157
1620,4.472,2.079,7.851883,7.430054,0.421829,480.4241,0.470215,0.047168,0.628906,0.323926,10240,4919543,307,56410,38,159
1640,4.528,2.116,7.852949,7.442505,0.410444,511.5478,0.47002,0.05127,0.622559,0.326172,10240,5238249,340,56550,35,159
1660,4.564,2.132,7.850986,7.449463,0.401523,493.8084,0.472559,0.048828,0.627344,0.323828,10240,5056598,338,56604,35,159
1680,4.6,2.149,7.850891,7.454102,0.396789,513.37,0.475098,0.051074,0.630176,0.31875,10240,5256909,286,56653,35,159
1700,4.636,2.166,7.851727,7.449219,0.402508,529.9435,0.489648,0.053223,0.636133,0.310645,10240,5426621,329,56590,34,159
1720,4.677,2.182,7.85362,7.43457,0.419049,509.6562,0.49502,0.050195,0.645117,0.304688,10240,5218879,305,56503,36,161
1740,4.713,2.198,7.856801,7.447266,0.409535,498.1742,0.510449,0.049121,0.64502,0.305859,10240,5101304,333,56552,35,161
1760,4.748,2.215,7.855711,7.447021,0.40869,490.8538,0.521387,0.048145,0.643262,0.308594,10240,5026343,294,56592,36,162
1780,4.784,2.231,7.854731,7.448486,0.406245,500.3604,0.516699,0.049414,0.642285,0.308301,10240,5123691,301,56591,35,163
1800,4.819,2.247,7.852902,7.443604,0.409299,476.9352,0.532227,0.046582,0.648633,0.304785,10240,4883816,314,56525,38,164
1820,4.887,2.275,7.846474,7.426025,0.420449,477.1959,0.54873,0.046289,0.656543,0.297168,10240,4886486,278,56432,36,166
1840,4.954,2.307,7.848226,7.433594,0.414632,483.2933,0.530371,0.047363,0.651562,0.301074,10240,4948923,327,56476,37,167
1860,4.989,2.324,7.849216,7.430664,0.418552,500.5991,0.528125,0.049512,0.650586,0.299902,10240,5126135,293,56448,37,167
1880,5.024,2.34,7.85063,7.437988,0.412641,500.6728,0.534082,0.049414,0.646094,0.304492,10240,5126889,305,56470,38,167
1900,5.059,2.356,7.846903,7.441406,0.405496,495.5355,0.529492,0.048438,0.642676,0.308887,10240,5074284,304,56500,38,169
1920,5.094,2.373,7.848706,7.4375,0.411206,502.2,0.529199,0.049414,0.650488,0.300098,10240,5142528,352,56461,34,169
1940,5.129,2.389,7.848081,7.429932,0.418149,512.2767,0.525977,0.050195,0.652148,0.297656,10240,5245713,329,56406,34,170
1960,5.201,2.422,7.849212,7.439331,0.409881,515.6729,0.522168,0.050293,0.657617,0.29209,10240,5280490,335,56491,34,171
1980,5.265,2.455,7.844738,7.427124,0.417614,526.7771,0.53252,0.052148,0.654004,0.293848,10240,5394198,313,56355,32,171
2000,5.301,2.472,7.848322,7.433105,0.415217,522.9203,0.542578,0.052051,0.653027,0.294922,10240,5354704,328,56359,34,174
2020,5.338,2.489,7.844281,7.42041,0.42387,543.086,0.546289,0.054297,0.655664,0.290039,10240,5561201,309,56302,34,175
2040,5.373,2.506,7.845979,7.437622,0.408357,552.4746,0.539746,0.055664,0.650391,0.293945,10240,5657340,332,56406,33,175
2060,5.409,2.523,7.845323,7.443237,0.402086,535.746,0.536426,0.053516,0.64873,0.297754,10240,5486039,324,56463,33,175
2080,5.445,2.54,7.844244,7.448853,0.395392,531.5114,0.526953,0.053125,0.650781,0.296094,10240,5442677,290,56535,33,176
2100,5.518,2.572,7.841776,7.435059,0.406717,527.0043,0.529297,0.052637,0.646289,0.301074,10240,5396524,340,56432,33,177
2120,5.59,2.605,7.841184,7.417969,0.423215,513.6206,0.533301,0.050879,0.649609,0.299512,10240,5259475,314,56333,32,177
2140,5.661,2.638,7.840447,7.415039,0.425408,530.8534,0.526855,0.053027,0.644141,0.302832,10240,5435939,317,56319,33,177
2160,5.735,2.673,7.833469,7.414917,0.418552,532.3418,0.528125,0.053223,0.643848,0.30293,10240,5451180,308,56365,33,177
2180,5.807,2.706,7.829401,7.424927,0.404474,520.3628,0.525977,0.051465,0.651367,0.297168,10240,5328515,334,56483,34,177
2200,5.884,2.739,7.82615,7.39978,0.42637,540.5014,0.527539,0.054102,0.652148,0.29375,10240,5534734,313,56353,38,179
2220,5.956,2.776,7.825298,7.39856,0.426738,529.6953,0.524902,0.053027,0.652637,0.294336,10240,5424080,283,56430,38,180
2240,6.027,2.809,7.828921,7.409302,0.419619,509.4801,0.536426,0.050586,0.64541,0.304004,10240,5217076,326,56447,38,180
2260,6.099,2.841,7.831524,7.405762,0.425762,528.197,0.531934,0.052637,0.640332,0.307031,10240,5408737,320,56432,38,180
2280,6.171,2.874,7.828523,7.409424,0.419099,507.4553,0.528906,0.050391,0.631543,0.318066,10240,5196342,318,56496,40,182
2300,6.242,2.906,7.827231,7.396973,0.430258,509.1085,0.521387,0.050391,0.639941,0.309668,10240,5213271,295,56427,38,182
2320,6.314,2.939,7.827899,7.410034,0.417865,508.658,0.520508,0.050586,0.641602,0.307812,10240,5208658,306,56519,37,182
2340,6.381,2.971,7.828744,7.414673,0.414071,506.3353,0.536328,0.050195,0.6375,0.312305,10240,5184873,336,56579,40,185
2360,6.452,3.003,7.828195,7.408447,0.419748,478.3058,0.530859,0.046582,0.64082,0.312598,10240,4897851,316,56593,39,186
2380,6.529,3.04,7.823883,7.381226,0.442657,509.3592,0.525684,0.050195,0.645312,0.304492,10240,5215838,328,56427,42,188
2400,6.604,3.074,7.822267,7.371826,0.450441,505.3698,0.535254,0.049512,0.647656,0.302832,10240,5174987,307,56366,43,188
2420,6.682,3.111,7.820756,7.380981,0.439774,517.1382,0.533691,0.051172,0.649805,0.299023,10240,5295495,312,56421,43,188
2440,6.754,3.144,7.820775,7.372192,0.448582,507.7719,0.568359,0.049902,0.665527,0.28457,10240,5199584,355,56370,44,189
2460,6.825,3.177,7.820672,7.355835,0.464837,496.8478,0.585449,0.048438,0.676562,0.275,10240,5087721,295,56303,47,192
2480,6.897,3.21,7.816883,7.362305,0.454578,504.4618,0.617969,0.048828,0.687988,0.263184,10240,5165689,317,56351,49,194
2500,6.969,3.243,7.819019,7.347046,0.471973,508.9192,0.61543,0.049316,0.703223,0.247461,10240,5211333,324,56265,47,194
2520,7.042,3.276,7.820064,7.343628,0.476436,531.1761,0.609277,0.052441,0.70332,0.244238,10240,5439243,350,56258,47,196
2540,7.09,3.305,7.820082,7.338623,0.481459,521.448,0.607031,0.05127,0.700195,0.248535,10240,5339628,334,56254,51,198
2560,7.126,3.323,7.815163,7.331909,0.483253,526.4256,0.620215,0.051758,0.697559,0.250684,10240,5390598,323,56285,51,199
2580,7.162,3.34,7.812763,7.349609,0.463154,503.7875,0.612598,0.048926,0.695801,0.255273,10240,5158784,335,56390,49,199
2600,7.198,3.356,7.811162,7.344849,0.466314,484.1783,0.602344,0.046582,0.690234,0.263184,10240,4957986,276,56370,52,202
2620,7.234,3.373,7.817651,7.365967,0.451685,470.0099,0.59375,0.045312,0.679004,0.275684,10240,4812901,306,56498,52,205
2640,7.269,3.389,7.816182,7.36853,0.447651,459.713,0.599805,0.043848,0.680469,0.275684,10240,4707461,361,56506,52,207
2660,7.303,3.404,7.812756,7.364746,0.44801,447.3383,0.594043,0.042285,0.687793,0.269922,10240,4580744,303,56510,50,207
2680,7.355,3.421,7.809253,7.358643,0.45061,474.6444,0.60918,0.045605,0.692285,0.262109,10240,4860359,305,56509,52,208
2700,7.428,3.453,7.806076,7.338745,0.467331,484.7575,0.614355,0.046582,0.704492,0.248926,10240,4963917,309,56325,48,208
2720,7.501,3.491,7.798892,7.319092,0.4798,521.8791,0.618262,0.050684,0.70957,0.239746,10240,5344042,303,56219,49,208
2740,7.577,3.524,7.784987,7.296509,0.488478,512.5418,0.623828,0.049609,0.715918,0.234473,10240,5248428,320,56094,48,208
2760,7.65,3.557,7.776865,7.296021,0.480845,518.4449,0.627246,0.050488,0.712598,0.236914,10240,5308876,338,56154,51,208
2780,7.723,3.591,7.767094,7.282104,0.484989,554.0335,0.628711,0.054883,0.719336,0.225781,10240,5673303,295,56065,48,208
2800,7.812,3.629,7.758102,7.270996,0.487106,568.7962,0.614648,0.056641,0.721875,0.221484,10240,5824473,317,56049,47,209
2820,7.892,3.665,7.753381,7.267944,0.485437,589.2479,0.617188,0.058887,0.727539,0.213574,10240,6033898,370,56098,49,210
2840,7.967,3.7,7.755279,7.267456,0.487823,604.5153,0.622363,0.060645,0.726074,0.213281,10240,6190237,323,56063,45,211
2860,8.046,3.74,7.7528,7.244873,0.507927,628.2742,0.635059,0.063965,0.724805,0.21123,10240,6433528,318,55960,45,211
2880,8.126,3.779,7.75322,7.240356,0.512863,624.1658,0.651367,0.063281,0.727734,0.208984,10240,6391458,299,55957,41,211
2900,8.206,3.819,7.752784,7.214966,0.537819,651.5116,0.666797,0.066211,0.74082,0.192969,10240,6671479,305,55861,41,212
2920,8.281,3.859,7.744636,7.199707,0.544929,664.3133,0.668164,0.067773,0.737695,0.194531,10240,6802568,294,55761,41,212
2940,8.36,3.904,7.739316,7.181396,0.55792,678.2647,0.668066,0.069727,0.746582,0.183691,10240,6945431,323,55711,41,215
2960,8.444,3.953,7.729094,7.189209,0.539885,706.2842,0.672266,0.07334,0.744922,0.181738,10240,7232350,312,55830,40,216
2980,8.521,3.994,7.71981,7.184082,0.535727,698.7807,0.691309,0.07207,0.759473,0.168457,10240,7155514,306,55923,42,219
3000,8.605,4.036,7.713154,7.161133,0.552021,703.2115,0.720508,0.072461,0.763672,0.163867,10240,7200886,298,55785,40,219
3020,8.686,4.077,7.704001,7.128662,0.575338,739.7566,0.721191,0.076465,0.770898,0.152637,10240,7575108,309,55658,43,222
3040,8.767,4.119,7.696645,7.125366,0.571279,731.4095,0.723145,0.075586,0.781348,0.143066,10240,7489633,357,55639,42,222
3060,8.847,4.16,7.691427,7.120239,0.571188,704.2048,0.716504,0.072363,0.797559,0.130078,10240,7211057,314,55591,42,222
3080,8.934,4.207,7.686088,7.125732,0.560356,737.8464,0.727539,0.076172,0.804004,0.119824,10240,7555547,319,55731,43,222
3100,9.02,4.254,7.69074,7.116821,0.573918,775.446,0.727051,0.080957,0.798242,0.120801,10240,7940567,301,55681,45,224
3120,9.106,4.301,7.685503,7.117798,0.567705,789.6461,0.727637,0.082715,0.805176,0.112109,10240,8085976,294,55724,45,224
3140,9.189,4.348,7.679678,7.133789,0.545889,799.9645,0.726855,0.08418,0.80332,0.1125,10240,8191636,307,55863,45,225
3160,9.275,4.395,7.672873,7.142456,0.530417,798.2627,0.724316,0.083691,0.800391,0.115918,10240,8174210,305,56022,46,226
3180,9.362,4.442,7.664342,7.157593,0.506749,763.8376,0.742383,0.079004,0.808496,0.1125,10240,7821697,297,56196,46,227
3200,9.45,4.49,7.654967,7.15625,0.498717,792.4851,0.741992,0.082617,0.816602,0.100781,10240,8115047,295,56286,49,230
3220,9.539,4.539,7.653729,7.177124,0.476605,797.4621,0.745215,0.083594,0.823633,0.092773,10240,8166012,326,56451,48,230
3240,9.627,4.589,7.652388,7.186768,0.46562,791.8277,0.734863,0.082812,0.825391,0.091797,10240,8108316,326,56482,48,230
3260,9.714,4.636,7.651806,7.197266,0.454541,802.3174,0.733105,0.08418,0.81543,0.100391,10240,8215730,310,56544,48,230
3280,9.801,4.684,7.652667,7.205322,0.447345,799.8113,0.72959,0.083887,0.803613,0.1125,10240,8190068,329,56542,46,231
3300,9.885,4.732,7.654454,7.207642,0.446812,841.3099,0.727441,0.089258,0.80332,0.107422,10240,8615013,279,56517,44,231
3320,9.972,4.78,7.65777,7.209595,0.448175,826.8787,0.732617,0.087305,0.810352,0.102344,10240,8467238,347,56505,44,232
3340,10.06,4.828,7.656138,7.220093,0.436045,830.2589,0.747363,0.0875,0.8125,0.1,10240,8501851,329,56620,40,232
3360,10.148,4.877,7.65427,7.215942,0.438327,840.1485,0.754883,0.088574,0.810254,0.101172,10240,8603121,347,56525,40,232
3380,10.192,4.901,7.647761,7.185425,0.462336,868.8812,0.744727,0.092383,0.802539,0.105078,10240,8897343,310,56378,37,233
3400,10.235,4.926,7.64076,7.183594,0.457166,842.007,0.760059,0.088477,0.811426,0.100098,10240,8622152,338,56421,34,234
3420,10.279,4.95,7.644238,7.171875,0.472363,860.9985,0.765332,0.091113,0.806934,0.101953,10240,8816625,325,56374,37,237
3440,10.324,4.975,7.642067,7.180664,0.461403,863.0084,0.750293,0.091895,0.800293,0.107812,10240,8837206,338,56456,38,237
3460,10.368,5.0,7.647499,7.205322,0.442177,864.7803,0.760645,0.09209,0.798926,0.108984,10240,8855350,345,56604,47,244
3480,10.42,5.024,7.650298,7.200806,0.449492,845.0243,0.757812,0.089648,0.795215,0.115137,10240,8653049,328,56543,45,245
3500,10.508,5.072,7.644739,7.2052,0.439539,835.0042,0.751758,0.088086,0.802441,0.109473,10240,8550443,326,56543,46,245
3520,10.596,5.126,7.642887,7.210449,0.432438,847.0252,0.752441,0.089941,0.80166,0.108398,10240,8673538,305,56595,44,245
3540,10.674,5.175,7.635711,7.205688,0.430022,839.5854,0.733301,0.088867,0.792773,0.118359,10240,8597354,302,56527,42,246
3560,10.718,5.2,7.633005,7.197876,0.435129,858.3363,0.736133,0.091113,0.785352,0.123535,10240,8789364,287,56518,44,247
3580,10.762,5.224,7.637548,7.199097,0.438451,820.5105,0.735938,0.086426,0.790137,0.123438,10240,8402028,318,56587,44,247
3600,10.827,5.27,7.640623,7.202759,0.437865,854.185,0.742578,0.090527,0.78252,0.126953,10240,8746854,313,56659,44,248
3620,10.875,5.297,7.63866,7.20752,0.431141,894.4306,0.750977,0.095215,0.77998,0.124805,10240,9158969,314,56732,40,248
3640,10.929,5.332,7.646383,7.206665,0.439718,882.7592,0.754688,0.093848,0.786523,0.119629,10240,9039454,300,56724,44,248
3660,10.974,5.357,7.637494,7.21228,0.425214,846.4932,0.761523,0.089062,0.794238,0.116699,10240,8668090,334,56800,43,248
3680,11.024,5.382,7.630612,7.20459,0.426022,817.749,0.765723,0.085742,0.800977,0.113281,10240,8373750,303,56710,42,248
3700,11.071,5.405,7.630326,7.213867,0.416458,802.0212,0.751758,0.083984,0.802637,0.113379,10240,8212697,313,56850,40,248
3720,11.159,5.453,7.622955,7.212036,0.410919,793.1481,0.752734,0.08252,0.794922,0.122559,10240,8121837,322,56891,44,252
3740,11.265,5.506,7.626383,7.223145,0.403239,832.2032,0.743652,0.087402,0.789551,0.123047,10240,8521761,295,56883,42,252
3760,11.35,5.551,7.636047,7.234741,0.401306,853.7714,0.744922,0.090332,0.789551,0.120117,10240,8742619,316,56914,43,252
3780,11.443,5.6,7.63778,7.239502,0.398278,856.7682,0.748145,0.090137,0.787598,0.122266,10240,8773306,330,56897,40,252
3800,11.524,5.649,7.637034,7.251465,0.38557,861.6999,0.73877,0.091016,0.783594,0.125391,10240,8823807,335,56917,40,253
3820,11.569,5.674,7.639487,7.247803,0.391684,852.6001,0.733887,0.090234,0.784375,0.125391,10240,8730625,290,56907,41,253
3840,11.613,5.7,7.643565,7.256104,0.387462,897.1016,0.738086,0.095996,0.78457,0.119434,10240,9186320,315,56956,41,253
3860,11.658,5.725,7.64771,7.263184,0.384526,878.4522,0.739941,0.093848,0.783691,0.122461,10240,8995351,306,57057,40,253
3880,11.702,5.75,7.64085,7.222046,0.418804,865.8603,0.752148,0.092188,0.787598,0.120215,10240,8866409,300,56734,38,254
3900,11.746,5.775,7.636017,7.223755,0.412262,855.9602,0.769336,0.091016,0.796094,0.112891,10240,8765032,310,56732,38,255
3920,11.79,5.799,7.638488,7.24707,0.391417,843.4998,0.773047,0.089551,0.792773,0.117676,10240,8637438,330,56852,36,255
3940,11.879,5.848,7.628581,7.238281,0.3903,862.1972,0.770117,0.091895,0.790527,0.117578,10240,8828899,311,56785,36,255
3960,11.96,5.897,7.633865,7.230835,0.40303,857.6112,0.777734,0.091113,0.801172,0.107715,10240,8781939,287,56646,40,258
3980,12.004,5.922,7.632014,7.224976,0.407038,840.6408,0.77998,0.089062,0.811621,0.099316,10240,8608162,309,56649,39,258
4000,12.053,5.947,7.639923,7.243042,0.396881,842.3821,0.774609,0.089062,0.807324,0.103613,10240,8625993,310,56731,36,258
4020,12.098,5.972,7.642476,7.230469,0.412007,867.0822,0.787891,0.09209,0.813086,0.094824,10240,8878922,301,56647,38,258
4040,12.144,5.997,7.637265,7.227173,0.410092,844.8263,0.787109,0.089258,0.818262,0.09248,10240,8651021,318,56597,43,259
4060,12.188,6.023,7.63374,7.227783,0.405956,862.9421,0.787793,0.091309,0.819629,0.089062,10240,8836527,305,56622,43,260
4080,12.234,6.049,7.643941,7.22937,0.414571,894.3321,0.783789,0.09541,0.809961,0.094629,10240,9157961,334,56612,42,260
4100,12.284,6.075,7.641586,7.22998,0.411606,886.2324,0.786816,0.094336,0.818848,0.086816,10240,9075020,285,56631,43,261
4120,12.375,6.125,7.635056,7.23645,0.398606,873.1116,0.793066,0.09248,0.825781,0.081738,10240,8940663,301,56653,47,264
4140,12.428,6.158,7.633544,7.237183,0.396362,817.3802,0.81084,0.085938,0.825391,0.088672,10240,8369973,331,56704,48,264
4160,12.473,6.183,7.635213,7.233521,0.401692,829.9115,0.822168,0.087598,0.827539,0.084863,10240,8498294,325,56639,55,269
4180,12.518,6.207,7.632021,7.237549,0.394472,833.2114,0.825977,0.088086,0.82832,0.083594,10240,8532085,296,56675,54,270
4200,12.564,6.232,7.635239,7.239624,0.395615,825.9896,0.828125,0.087109,0.824316,0.088574,10240,8458134,339,56713,52,271
4220,12.637,6.265,7.638818,7.243164,0.395654,824.4161,0.833203,0.087109,0.824609,0.088281,10240,8442021,289,56713,49,271
4240,12.728,6.314,7.63286,7.257935,0.374926,825.4418,0.833887,0.087109,0.821387,0.091504,10240,8452524,355,56886,51,277
4260,12.822,6.369,7.629637,7.255615,0.374021,837.8074,0.839941,0.088672,0.821094,0.090234,10240,8579148,312,56814,42,277
4280,12.915,6.422,7.63014,7.262207,0.367933,880.3574,0.839746,0.093945,0.81543,0.090625,10240,9014860,297,56878,40,277
4300,12.975,6.463,7.623769,7.241821,0.381947,852.9292,0.844141,0.090527,0.815332,0.094141,10240,8733995,330,56786,42,278
4320,13.021,6.489,7.613638,7.230103,0.383535,875.1506,0.845703,0.093066,0.814355,0.092578,10240,8961542,315,56736,40,278
4340,13.066,6.515,7.627465,7.255493,0.371972,870.9853,0.848145,0.092676,0.822168,0.085156,10240,8918889,297,56829,40,279
4360,13.112,6.541,7.627199,7.255981,0.371218,891.1331,0.831934,0.095215,0.820605,0.08418,10240,9125203,313,56842,41,280
4380,13.158,6.569,7.635779,7.281494,0.354285,916.0986,0.830859,0.098242,0.820898,0.080859,10240,9380850,331,57009,40,280
4400,13.211,6.597,7.635819,7.275879,0.35994,887.145,0.835156,0.094727,0.825391,0.079883,10240,9084365,305,56992,45,282
4420,13.305,6.651,7.640948,7.284302,0.356646,902.4915,0.838184,0.096387,0.821777,0.081836,10240,9241513,333,56993,46,282
4440,13.388,6.702,7.644622,7.269165,0.375457,926.0624,0.827637,0.099414,0.815039,0.085547,10240,9482879,332,56887,48,282
4460,13.434,6.73,7.63209,7.26355,0.36854,923.264,0.831348,0.099219,0.809961,0.09082,10240,9454223,336,56974,47,283
4480,13.483,6.757,7.640528,7.276123,0.364405,934.1312,0.842969,0.100391,0.805469,0.094141,10240,9565503,330,56993,46,284
4500,13.53,6.784,7.647486,7.274658,0.372828,921.7595,0.841016,0.098828,0.790625,0.110547,10240,9438817,304,56957,45,284
4520,13.576,6.811,7.652053,7.271484,0.380568,946.1486,0.843945,0.10166,0.796973,0.101367,10240,9688562,286,56916,47,286
4540,13.624,6.839,7.652235,7.287476,0.364759,945.1467,0.848633,0.101562,0.805078,0.093359,10240,9678302,299,57001,47,289
4560,13.707,6.882,7.653198,7.290527,0.36267,912.3273,0.836816,0.097754,0.804688,0.097559,10240,9342232,306,57039,43,289
4580,13.803,6.939,7.648245,7.274292,0.373953,943.787,0.830371,0.101465,0.794824,0.103711,10240,9664379,318,56919,48,292
4600,13.899,6.995,7.649579,7.297485,0.352094,965.3747,0.828613,0.104102,0.794727,0.101172,10240,9885437,329,57045,48,294
4620,13.997,7.053,7.640105,7.26355,0.376555,974.3963,0.834082,0.10498,0.793945,0.101074,10240,9977818,331,56865,43,294
4640,14.093,7.109,7.630962,7.25354,0.377422,977.3503,0.842285,0.105176,0.807227,0.087598,10240,10008067,294,56781,42,294
4660,14.151,7.145,7.616167,7.237793,0.378374,962.0793,0.853418,0.10332,0.816113,0.080566,10240,9851692,322,56729,46,297
4680,14.198,7.172,7.612226,7.231445,0.380781,942.43,0.848438,0.101172,0.822363,0.076465,10240,9650483,305,56704,45,297
4700,14.246,7.2,7.60684,7.229126,0.377714,947.0934,0.854785,0.10166,0.828711,0.069629,10240,9698236,302,56672,48,297
4720,14.295,7.228,7.608459,7.237671,0.370788,958.0559,0.841309,0.103125,0.824609,0.072266,10240,9810492,320,56702,51,298
4740,14.343,7.255,7.614158,7.245972,0.368186,903.5134,0.85918,0.095801,0.830469,0.07373,10240,9251977,301,56745,48,300
4760,14.403,7.284,7.607625,7.244385,0.363241,923.2587,0.862109,0.098145,0.830371,0.071484,10240,9454169,308,56770,50,300
4780,14.487,7.34,7.605476,7.252319,0.353157,934.4958,0.872266,0.100195,0.83291,0.066895,10240,9569237,342,56872,47,300
4800,14.534,7.368,7.604124,7.260986,0.343137,912.6538,0.863379,0.097266,0.832715,0.07002,10240,9345575,305,56958,43,300
4820,14.581,7.395,7.609503,7.279297,0.330206,929.2852,0.857227,0.099414,0.831055,0.069531,10240,9515880,324,57043,43,300
4840,14.627,7.422,7.605201,7.297241,0.30796,900.72,0.856738,0.095703,0.831445,0.072852,10240,9223373,353,57166,40,300
4860,14.678,7.449,7.609583,7.31311,0.296473,889.3955,0.858105,0.094531,0.833594,0.071875,10240,9107410,311,57252,39,300
4880,14.726,7.476,7.607063,7.32666,0.280403,897.8753,0.850879,0.095508,0.831836,0.072656,10240,9194243,295,57330,39,300
4900,14.772,7.503,7.610348,7.327515,0.282833,914.3852,0.852441,0.097363,0.834473,0.068164,10240,9363304,315,57292,33,300
4920,14.819,7.53,7.610578,7.334351,0.276227,892.8122,0.847266,0.094727,0.827637,0.077637,10240,9142397,344,57312,32,300
4940,14.867,7.557,7.617196,7.345215,0.271981,891.0583,0.846582,0.094434,0.828027,0.077539,10240,9124437,315,57310,31,300
4960,14.917,7.586,7.615988,7.345215,0.270773,912.8106,0.848047,0.097363,0.829883,0.072754,10240,9347181,322,57341,31,300
4980,15.006,7.633,7.622011,7.341919,0.280092,922.7088,0.841504,0.098828,0.828516,0.072656,10240,9448538,328,57277,33,300
5000,15.101,7.689,7.625213,7.353882,0.271331,938.7719,0.844238,0.100879,0.824316,0.074805,10240,9613024,302,57345,34,300
5020,15.196,7.74,7.6181,7.350952,0.267148,903.7347,0.843164,0.095996,0.825195,0.078809,10240,9254243,317,57350,35,300
5040,15.251,7.774,7.60855,7.349243,0.259307,894.95,0.845117,0.094727,0.82793,0.077344,10240,9164288,323,57351,36,300
5060,15.298,7.801,7.606209,7.351807,0.254402,911.0523,0.833301,0.097168,0.82373,0.079102,10240,9329176,315,57385,36,300
5080,15.345,7.829,7.60837,7.359863,0.248507,910.8338,0.829395,0.097266,0.824902,0.077832,10240,9326938,294,57412,36,300
5100,15.392,7.856,7.613015,7.363037,0.249978,894.6212,0.823047,0.09541,0.823535,0.081055,10240,9160921,329,57454,37,300
5120,15.438,7.883,7.612595,7.365967,0.246629,899.6101,0.827246,0.096191,0.823242,0.080566,10240,9212007,275,57470,35,300
5140,15.483,7.909,7.606178,7.361694,0.244483,883.7059,0.829102,0.094141,0.817773,0.088086,10240,9049148,293,57484,34,300
5160,15.569,7.953,7.605898,7.370361,0.235537,886.9249,0.82959,0.094434,0.823145,0.082422,10240,9082111,335,57535,34,300
5180,15.663,8.003,7.603485,7.371826,0.231659,869.2963,0.835449,0.09209,0.824414,0.083496,10240,8901594,288,57531,34,300
5200,15.725,8.045,7.600919,7.36438,0.236539,879.3764,0.830371,0.09375,0.818945,0.087305,10240,9004814,282,57512,33,300
5220,15.772,8.071,7.607966,7.377319,0.230647,875.9888,0.827734,0.093359,0.817871,0.08877,10240,8970125,306,57532,31,300
5240,15.818,8.097,7.613063,7.383057,0.230007,866.1997,0.821875,0.092285,0.813965,0.09375,10240,8869885,307,57546,26,300
5260,15.867,8.125,7.6182,7.375977,0.242223,845.4913,0.833105,0.089551,0.819141,0.091309,10240,8657831,312,57458,25,300
5280,15.914,8.151,7.614128,7.382812,0.231315,841.5432,0.836719,0.088867,0.823633,0.0875,10240,8617402,343,57536,27,300
5300,15.959,8.176,7.613007,7.379639,0.233368,829.1562,0.82793,0.087598,0.826465,0.085938,10240,8490559,309,57572,26,300
5320,16.018,8.202,7.605631,7.380981,0.22465,835.5932,0.833398,0.087988,0.828418,0.083594,10240,8556474,302,57601,27,300
5340,16.104,8.248,7.605495,7.378662,0.226833,828.9277,0.838379,0.087207,0.828809,0.083984,10240,8488220,299,57595,28,300
5360,16.197,8.301,7.610415,7.390381,0.220034,815.0465,0.824316,0.085547,0.83418,0.080273,10240,8346076,356,57629,28,300
5380,16.25,8.334,7.60937,7.385864,0.223506,811.5933,0.830664,0.085059,0.830078,0.084863,10240,8310715,313,57588,26,300
5400,16.296,8.36,7.603959,7.387085,0.216874,803.5344,0.832227,0.083887,0.827441,0.088672,10240,8228192,334,57645,28,300
5420,16.341,8.386,7.604757,7.392456,0.212301,787.0635,0.823242,0.081934,0.822363,0.095703,10240,8059530,264,57690,28,300
5440,16.386,8.411,7.601437,7.383545,0.217892,799.6747,0.822461,0.083301,0.820508,0.096191,10240,8188669,307,57613,27,300
5460,16.434,8.437,7.603191,7.384155,0.219035,801.7538,0.827734,0.083789,0.825586,0.090625,10240,8209959,347,57601,29,302
5480,16.48,8.462,7.599272,7.374023,0.225249,827.6208,0.821484,0.086719,0.819141,0.094141,10240,8474837,322,57489,28,302
5500,16.566,8.508,7.598026,7.376099,0.221927,841.0732,0.814746,0.088477,0.812109,0.099414,10240,8612590,347,57526,29,302
5520,16.655,8.558,7.595049,7.369385,0.225664,835.6839,0.812207,0.087891,0.810254,0.101855,10240,8557403,290,57466,29,303
5540,16.75,8.612,7.595142,7.36438,0.230763,847.2341,0.812891,0.089746,0.804297,0.105957,10240,8675677,327,57420,27,303
5560,16.84,8.662,7.590557,7.365479,0.225078,847.5892,0.817578,0.089746,0.803516,0.106738,10240,8679313,304,57458,28,304
5580,16.935,8.717,7.589744,7.357788,0.231956,875.0206,0.815527,0.093262,0.796777,0.109961,10240,8960211,329,57394,26,304
5600,17.029,8.771,7.594404,7.354492,0.239912,860.2905,0.81709,0.091602,0.797949,0.110449,10240,8809375,306,57380,26,304
5620,17.12,8.822,7.584049,7.331665,0.252384,888.4437,0.812402,0.094922,0.795508,0.10957,10240,9097663,329,57259,27,304
5640,17.215,8.877,7.57923,7.337891,0.24134,872.9298,0.809473,0.093066,0.797949,0.108984,10240,8938801,312,57345,27,304
5660,17.314,8.928,7.588616,7.348877,0.239739,907.3953,0.798926,0.097168,0.785352,0.11748,10240,9291728,329,57349,30,304
5680,17.413,8.988,7.592744,7.3573,0.235444,945.5051,0.796973,0.101953,0.777148,0.120898,10240,9681972,317,57399,32,305
5700,17.512,9.049,7.582899,7.345825,0.237074,952.142,0.798438,0.102637,0.776953,0.12041,10240,9749934,304,57308,32,306
5720,17.614,9.11,7.568788,7.321167,0.247621,921.7663,0.805957,0.098633,0.791211,0.110156,10240,9438887,328,57145,33,306
5740,17.71,9.166,7.574738,7.313354,0.261383,894.5437,0.811523,0.095312,0.805078,0.099609,10240,9160127,330,57050,33,306
5760,17.805,9.217,7.575822,7.324585,0.251238,897.584,0.812207,0.095703,0.81084,0.093457,10240,9191260,290,57124,31,306
5780,17.901,9.268,7.570551,7.30957,0.260981,899.7152,0.807031,0.095996,0.808984,0.09502,10240,9213084,305,57051,30,306
5800,17.981,9.321,7.575343,7.316162,0.259181,896.4996,0.804492,0.095898,0.814062,0.090039,10240,9180156,297,57066,32,306
5820,18.03,9.35,7.578054,7.318604,0.25945,915.6524,0.803809,0.097559,0.81748,0.084961,10240,9376281,323,57143,31,306
5840,18.079,9.379,7.581094,7.319092,0.262002,959.8908,0.798438,0.103711,0.806055,0.090234,10240,9829282,309,57117,31,306
5860,18.128,9.408,7.572116,7.313232,0.258883,962.1813,0.782617,0.103809,0.799219,0.096973,10240,9852737,344,57100,28,306
5880,18.175,9.436,7.576976,7.323364,0.253612,934.6308,0.782129,0.100684,0.796777,0.102539,10240,9570619,295,57196,28,306
5900,18.221,9.462,7.576192,7.319702,0.25649,883.0739,0.782422,0.094336,0.79082,0.114844,10240,9042677,321,57145,26,306
5920,18.275,9.489,7.570553,7.314697,0.255856,883.5327,0.783105,0.094336,0.788086,0.117578,10240,9047375,293,57153,28,306
5940,18.369,9.544,7.578794,7.322876,0.255918,866.7491,0.787012,0.092383,0.792871,0.114746,10240,8875511,318,57131,31,309
5960,18.462,9.598,7.580603,7.321777,0.258826,874.4484,0.779785,0.092969,0.800391,0.106641,10240,8954352,341,57175,31,310
5980,18.509,9.624,7.573704,7.306885,0.266819,857.3307,0.77998,0.091113,0.809277,0.099609,10240,8779066,300,57071,34,311
6000,18.558,9.65,7.572157,7.313599,0.258558,850.1478,0.777051,0.089941,0.809766,0.100293,10240,8705513,319,57124,33,311
6020,18.603,9.675,7.569234,7.31958,0.249654,863.651,0.771484,0.091602,0.807324,0.101074,10240,8843786,273,57221,31,311
6040,18.646,9.701,7.566056,7.323242,0.242814,834.367,0.765527,0.087695,0.80127,0.111035,10240,8543918,327,57269,32,312
6060,18.695,9.73,7.563092,7.310913,0.252179,835.332,0.763672,0.087793,0.802637,0.10957,10240,8553800,325,57156,35,315
6080,18.751,9.756,7.569483,7.312012,0.257472,836.8628,0.756738,0.088379,0.802832,0.108789,10240,8569475,291,57125,35,315
6100,18.838,9.805,7.574981,7.312378,0.262603,830.6856,0.74668,0.087598,0.799414,0.112988,10240,8506221,323,57043,31,315
6120,18.926,9.854,7.586601,7.320068,0.266533,815.0426,0.753125,0.085352,0.805273,0.109375,10240,8346036,317,57032,28,315
6140,19.017,9.903,7.590586,7.3302,0.260385,826.2537,0.762598,0.086621,0.806348,0.107031,10240,8460838,292,57089,28,315
6160,19.106,9.952,7.5881,7.315186,0.272915,847.6763,0.762695,0.089551,0.802148,0.108301,10240,8680205,303,56984,28,315
6180,19.194,10.002,7.588036,7.308228,0.279808,847.2798,0.757617,0.08916,0.809668,0.101172,10240,8676145,329,56991,31,315
6200,19.283,10.052,7.586884,7.299438,0.287446,871.3609,0.760938,0.092188,0.79834,0.109473,10240,8922736,331,56944,32,316
6220,19.372,10.106,7.587921,7.30896,0.278961,871.8511,0.765918,0.092578,0.800781,0.106641,10240,8927755,327,56953,33,317
6240,19.46,10.16,7.588985,7.312988,0.275997,857.0772,0.760059,0.090527,0.792969,0.116504,10240,8776471,320,56972,33,317
6260,19.554,10.214,7.58772,7.298218,0.289503,871.3359,0.755176,0.092578,0.781641,0.125781,10240,8922480,316,56887,33,317
6280,19.641,10.266,7.589875,7.310547,0.279328,854.0615,0.753418,0.090723,0.77002,0.139258,10240,8745590,308,56937,33,317
6300,19.734,10.317,7.595319,7.318726,0.276594,857.0386,0.748633,0.091113,0.756055,0.152832,10240,8776075,299,57018,30,317
6320,19.822,10.366,7.601312,7.328003,0.27331,863.9805,0.74082,0.09209,0.746191,0.161719,10240,8847160,352,57026,30,317
6340,19.91,10.416,7.588787,7.296875,0.291912,870.5774,0.740332,0.092871,0.751758,0.155371,10240,8914713,303,56837,32,317
6360,20.0,10.471,7.591279,7.309692,0.281586,913.8778,0.730859,0.098145,0.750781,0.151074,10240,9358109,323,56894,32,317
6380,20.093,10.526,7.59138,7.302368,0.289012,920.2947,0.718555,0.09873,0.742578,0.158691,10240,9423818,314,56831,32,317
6400,20.182,10.576,7.59907,7.308838,0.290232,882.038,0.729492,0.094141,0.741895,0.163965,10240,9032069,318,56850,33,317
6420,20.271,10.625,7.606385,7.307007,0.299378,854.8215,0.731836,0.090137,0.742969,0.166895,10240,8753372,334,56800,34,317
6440,20.358,10.674,7.600666,7.293457,0.307209,837.7823,0.720508,0.088379,0.730859,0.180762,10240,8578891,326,56769,32,317
6460,20.445,10.723,7.594728,7.284546,0.310182,816.2109,0.730176,0.085645,0.733984,0.180371,10240,8358000,293,56711,33,317
6480,20.533,10.772,7.599292,7.253662,0.34563,827.6001,0.748145,0.086914,0.745703,0.167383,10240,8474625,314,56419,34,317
6500,20.623,10.821,7.605143,7.256592,0.348551,818.0194,0.748145,0.085938,0.754395,0.159668,10240,8376519,303,56436,36,317
6520,20.71,10.869,7.599707,7.247559,0.352149,799.7434,0.74082,0.083301,0.752539,0.16416,10240,8189372,296,56461,38,317
6540,20.792,10.917,7.594319,7.234497,0.359822,765.0601,0.737012,0.079297,0.752246,0.168457,10240,7834215,333,56465,38,319
6560,20.879,10.965,7.593682,7.197876,0.395806,773.3027,0.734766,0.07959,0.759375,0.161035,10240,7918620,311,56090,40,322
6580,20.966,11.013,7.583581,7.159058,0.424523,791.3503,0.733691,0.081836,0.757812,0.160352,10240,8103427,314,55965,41,322
6600,21.051,11.059,7.575075,7.162476,0.4126,771.9604,0.730762,0.079492,0.767773,0.152734,10240,7904875,299,56051,45,330
6620,21.137,11.107,7.571618,7.164795,0.406823,761.1091,0.716113,0.078027,0.765137,0.156836,10240,7793757,331,56110,52,337
6640,21.22,11.155,7.5721,7.164551,0.40755,768.202,0.71084,0.079199,0.762598,0.158203,10240,7866388,311,56161,55,338
6660,21.307,11.203,7.569531,7.162354,0.407177,776.9196,0.724219,0.080078,0.762402,0.15752,10240,7955657,325,56153,56,341
6680,21.393,11.251,7.565,7.157104,0.407896,793.3762,0.709473,0.082129,0.750977,0.166895,10240,8124172,325,56172,57,341
6700,21.476,11.299,7.565422,7.169189,0.396232,778.1046,0.709082,0.080176,0.750195,0.169629,10240,7967791,347,56257,57,343
6720,21.562,11.346,7.56024,7.173828,0.386412,755.2618,0.710449,0.077441,0.750195,0.172363,10240,7733881,325,56305,56,343
6740,21.644,11.393,7.563783,7.183105,0.380678,758.9464,0.700195,0.07793,0.751465,0.170605,10240,7771611,348,56411,56,343
6760,21.73,11.441,7.564129,7.198608,0.36552,760.1152,0.69375,0.07832,0.736719,0.184961,10240,7783580,347,56492,57,343
6780,21.812,11.488,7.563641,7.206665,0.356976,763.1098,0.691309,0.079102,0.738184,0.182715,10240,7814244,314,56559,57,343
6800,21.899,11.536,7.567473,7.213989,0.353483,781.6437,0.686523,0.081055,0.733887,0.185059,10240,8004031,320,56597,57,343
6820,21.985,11.583,7.559174,7.214355,0.344819,777.6878,0.688184,0.080762,0.73418,0.185059,10240,7963523,303,56653,56,343
6840,22.067,11.627,7.555562,7.216797,0.338765,771.7147,0.68418,0.079883,0.739258,0.180859,10240,7902359,322,56671,55,343
6860,22.153,11.674,7.549148,7.214966,0.334182,753.653,0.684277,0.077637,0.737402,0.184961,10240,7717407,312,56682,54,343
6880,22.235,11.717,7.54689,7.213013,0.333877,746.694,0.694629,0.07666,0.739844,0.183496,10240,7646147,338,56699,51,343
6900,22.316,11.764,7.551651,7.220459,0.331192,728.7505,0.691895,0.074902,0.737891,0.187207,10240,7462405,315,56768,50,343
6920,22.403,11.808,7.552018,7.229492,0.322526,739.0991,0.700977,0.075781,0.742969,0.18125,10240,7568375,311,56793,53,346
6940,22.493,11.856,7.550699,7.234985,0.315713,750.4947,0.709668,0.077246,0.748828,0.173926,10240,7685066,318,56820,56,348
6960,22.611,11.919,7.545559,7.243774,0.301785,747.9982,0.707031,0.076465,0.751953,0.171582,10240,7659502,328,56868,57,348
6980,22.698,11.967,7.537328,7.241089,0.296239,743.477,0.715137,0.076172,0.74873,0.175098,10240,7613204,313,56957,56,349
7000,22.772,12.016,7.536336,7.25061,0.285726,737.8278,0.70498,0.075684,0.744336,0.17998,10240,7555357,348,57034,49,349
7020,22.851,12.057,7.536978,7.251953,0.285025,769.0741,0.711621,0.079395,0.746387,0.174219,10240,7875319,316,57069,46,349
7040,22.967,12.108,7.538466,7.246704,0.291761,768.0783,0.710059,0.079395,0.746875,0.17373,10240,7865122,313,57009,42,349
7060,23.01,12.133,7.538777,7.257324,0.281453,787.8881,0.695605,0.081641,0.741504,0.176855,10240,8067974,301,57107,41,349
7080,23.054,12.157,7.536033,7.256836,0.279197,790.7172,0.691406,0.082227,0.738184,0.17959,10240,8096944,314,57085,41,349
7100,23.097,12.181,7.532911,7.254517,0.278395,783.3374,0.68877,0.081348,0.732617,0.186035,10240,8021375,271,57054,41,349
7120,23.14,12.205,7.529769,7.254517,0.275253,775.7071,0.68584,0.080273,0.740723,0.179004,10240,7943241,306,57074,39,350
7140,23.186,12.23,7.533209,7.268311,0.264898,818.4939,0.682715,0.085254,0.742871,0.171875,10240,8381378,309,57088,39,350
7160,23.254,12.27,7.536232,7.264893,0.271339,831.3545,0.678125,0.087109,0.735156,0.177734,10240,8513070,353,57106,35,350
7180,23.344,12.326,7.536849,7.272583,0.264266,874.9781,0.674805,0.092871,0.73418,0.172949,10240,8959776,284,57137,35,351
7200,23.415,12.376,7.539573,7.285278,0.254294,902.4914,0.683887,0.095898,0.73125,0.172852,10240,9241512,302,57241,33,351
7220,23.459,12.401,7.54713,7.288818,0.258312,874.2699,0.688867,0.092676,0.734375,0.172949,10240,8952524,314,57221,31,351
7240,23.505,12.428,7.548044,7.294189,0.253855,874.4449,0.675195,0.092969,0.729199,0.177832,10240,8954316,309,57217,31,352
7260,23.549,12.454,7.556275,7.309448,0.246827,885.0519,0.677832,0.094336,0.727051,0.178613,10240,9062931,350,57255,30,352
7280,23.595,12.479,7.557756,7.306152,0.251604,881.9942,0.668848,0.093848,0.721777,0.184375,10240,9031621,320,57253,30,352
7300,23.639,12.505,7.552941,7.309692,0.243248,895.8846,0.664062,0.095117,0.72627,0.178613,10240,9173858,305,57266,32,352
7320,23.695,12.533,7.538115,7.292236,0.245878,891.9433,0.664844,0.094727,0.727539,0.177734,10240,9133499,321,57120,31,352
7340,23.74,12.559,7.539481,7.302612,0.236869,910.464,0.653809,0.097168,0.726855,0.175977,10240,9323151,334,57205,32,354
7360,23.787,12.587,7.543085,7.30835,0.234735,934.5206,0.655176,0.100195,0.721875,0.17793,10240,9569491,326,57206,34,356
7380,23.834,12.614,7.540799,7.311646,0.229153,932.7438,0.662305,0.100391,0.724805,0.174805,10240,9551297,301,57207,34,356
7400,23.881,12.643,7.543899,7.317993,0.225906,906.2244,0.666504,0.096973,0.726758,0.17627,10240,9279738,336,57244,34,356
7420,23.925,12.669,7.544148,7.325195,0.218953,881.0539,0.672949,0.09375,0.741797,0.164453,10240,9021992,320,57290,33,356
7440,23.983,12.706,7.541188,7.318481,0.222706,897.1253,0.668457,0.095801,0.747266,0.156934,10240,9186563,299,57279,32,356
7460,24.026,12.731,7.543298,7.318726,0.224573,832.6794,0.667188,0.087793,0.750391,0.161816,10240,8526637,292,57256,30,356
7480,24.07,12.755,7.546203,7.321899,0.224303,817.3056,0.667773,0.085645,0.750684,0.163672,10240,8369209,307,57291,28,356
7500,24.114,12.781,7.543627,7.321045,0.222582,832.7689,0.668945,0.0875,0.745508,0.166992,10240,8527554,329,57300,28,356
7520,24.202,12.83,7.542737,7.318726,0.224011,870.077,0.660059,0.091699,0.738477,0.169824,10240,8909588,317,57281,29,356
7540,24.245,12.854,7.546606,7.326416,0.22019,850.6972,0.651172,0.089453,0.733691,0.176855,10240,8711139,313,57302,31,356
7560,24.29,12.881,7.553147,7.336426,0.216721,833.354,0.649707,0.087207,0.73125,0.181543,10240,8533545,319,57323,31,356
7580,24.333,12.905,7.556771,7.321289,0.235482,812.8696,0.63916,0.085352,0.732129,0.18252,10240,8323785,290,57189,30,356
7600,24.376,12.929,7.563987,7.293701,0.270285,807.3103,0.639258,0.084668,0.739258,0.176074,10240,8266857,315,56907,31,356
7620,24.418,12.953,7.564408,7.268066,0.296342,789.6603,0.636328,0.082617,0.744043,0.17334,10240,8086121,307,56690,32,356
7640,24.501,12.993,7.563233,7.276733,0.2865,785.7196,0.643945,0.082129,0.743555,0.174316,10240,8045769,315,56794,32,356
7660,24.546,13.019,7.561934,7.281738,0.280196,756.1033,0.62959,0.07832,0.738086,0.183594,10240,7742498,314,56794,33,356
7680,24.588,13.043,7.56638,7.291138,0.275243,742.5465,0.622949,0.076465,0.730273,0.193262,10240,7603676,325,56830,35,356
7700,24.628,13.065,7.567296,7.299805,0.267491,721.7526,0.625781,0.074023,0.724609,0.201367,10240,7390747,284,56897,37,356
7720,24.669,13.087,7.575322,7.309937,0.265386,742.8525,0.63418,0.07627,0.727539,0.196191,10240,7606810,296,56924,35,356
7740,24.71,13.11,7.579227,7.319702,0.259525,736.1064,0.619336,0.075781,0.722266,0.201953,10240,7537730,329,57012,34,356
7760,24.776,13.142,7.579877,7.322266,0.257611,749.5965,0.61875,0.07793,0.718652,0.203418,10240,7675868,318,56977,34,356
7780,24.861,13.188,7.579131,7.313477,0.265654,747.6681,0.620996,0.077539,0.722461,0.2,10240,7656121,305,56930,34,356
7800,24.945,13.232,7.578668,7.321411,0.257257,730.8375,0.61875,0.075391,0.737305,0.187305,10240,7483776,323,56995,33,357
7820,25.01,13.274,7.575825,7.323608,0.252216,726.2734,0.6125,0.074707,0.745898,0.179395,10240,7437040,321,57036,33,357
7840,25.051,13.297,7.576452,7.326782,0.24967,726.9027,0.616309,0.074707,0.743945,0.181348,10240,7443484,304,57037,32,357
7860,25.092,13.319,7.585796,7.339966,0.24583,702.5081,0.620996,0.071973,0.736328,0.191699,10240,7193683,323,57110,31,357
7880,25.133,13.341,7.584965,7.348877,0.236088,704.6478,0.616504,0.072461,0.724023,0.203516,10240,7215593,346,57162,30,357
7900,25.175,13.364,7.580552,7.340332,0.24022,694.7676,0.617676,0.071191,0.734375,0.194434,10240,7114420,292,57100,30,357
7920,25.214,13.385,7.576137,7.344238,0.231898,685.1746,0.620117,0.069727,0.736914,0.193359,10240,7016188,321,57130,29,357
7940,25.258,13.407,7.573002,7.345337,0.227665,705.106,0.63291,0.072363,0.738574,0.189062,10240,7220285,339,57085,29,357
7960,25.318,13.449,7.579022,7.348877,0.230145,709.4767,0.614551,0.072656,0.737988,0.189355,10240,7265041,320,57109,29,357
7980,25.358,13.47,7.583373,7.351685,0.231688,680.7376,0.607031,0.069531,0.745703,0.184766,10240,6970753,290,57096,30,357
8000,25.402,13.491,7.579103,7.354614,0.224489,703.9261,0.611914,0.072461,0.742969,0.18457,10240,7208203,322,57127,28,357
8020,25.442,13.513,7.578608,7.355713,0.222895,687.9452,0.61123,0.070605,0.735547,0.193848,10240,7044559,319,57108,28,357
8040,25.484,13.534,7.580933,7.365845,0.215089,673.8587,0.604883,0.068555,0.737598,0.193848,10240,6900313,336,57177,28,359
8060,25.524,13.555,7.582744,7.375732,0.207011,679.7057,0.619434,0.069238,0.743359,0.187402,10240,6960186,311,57204,29,359
8080,25.572,13.576,7.586921,7.376221,0.2107,665.3734,0.626367,0.067285,0.746973,0.185742,10240,6813424,304,57179,27,359
8100,25.652,13.622,7.584216,7.365967,0.21825,685.8564,0.627344,0.070215,0.74541,0.184375,10240,7023170,312,57151,28,359
8120,25.732,13.667,7.578002,7.367065,0.210937,666.1646,0.631055,0.067383,0.744824,0.187793,10240,6821525,301,57140,30,361
8140,25.797,13.713,7.576395,7.346558,0.229837,713.7162,0.627832,0.073145,0.743066,0.183789,10240,7308454,284,57046,30,361
8160,25.838,13.735,7.578057,7.350586,0.227471,705.9247,0.636426,0.07207,0.749316,0.178613,10240,7228669,326,57080,30,361
8180,25.879,13.757,7.584627,7.3573,0.227327,723.3872,0.635156,0.074316,0.747754,0.17793,10240,7407485,276,57147,30,361
8200,25.92,13.779,7.586239,7.371216,0.215024,707.2643,0.647266,0.072656,0.745801,0.181543,10240,7242386,303,57221,30,361
8220,25.962,13.801,7.591314,7.364014,0.2273,721.1533,0.650781,0.073926,0.738672,0.187402,10240,7384610,321,57177,31,361
8240,26.012,13.823,7.588645,7.359253,0.229392,734.1165,0.624707,0.075977,0.732715,0.191309,10240,7517353,337,57150,28,361
8260,26.098,13.87,7.59079,7.365479,0.225311,752.0264,0.620801,0.078125,0.732324,0.189551,10240,7700750,305,57186,26,361
8280,26.18,13.917,7.58998,7.363647,0.226332,755.2698,0.629688,0.078613,0.734473,0.186914,10240,7733963,271,57171,26,361
8300,26.247,13.964,7.595378,7.365723,0.229656,754.9471,0.625098,0.078516,0.730176,0.191309,10240,7730658,283,57135,29,364
8320,26.291,13.988,7.593274,7.370361,0.222912,816.8748,0.624707,0.086133,0.736621,0.177246,10240,8364798,287,57185,29,364
8340,26.332,14.012,7.595603,7.380005,0.215598,794.4317,0.61582,0.083496,0.733594,0.18291,10240,8134981,300,57270,29,364
8360,26.375,14.035,7.595074,7.38501,0.210065,787.2456,0.605078,0.082227,0.722656,0.195117,10240,8061395,346,57311,26,364
8380,26.417,14.058,7.592955,7.37854,0.214415,775.7104,0.610156,0.080957,0.729297,0.189746,10240,7943274,335,57326,27,364
8400,26.459,14.082,7.599776,7.383057,0.21672,792.4539,0.612012,0.082715,0.72998,0.187305,10240,8114728,310,57342,27,364
8420,26.502,14.107,7.600158,7.38562,0.214538,795.0072,0.611133,0.083594,0.730957,0.185449,10240,8140874,331,57310,27,364
8440,26.556,14.13,7.60092,7.386353,0.214568,791.1885,0.611816,0.083203,0.72793,0.188867,10240,8101770,311,57341,27,364
8460,26.642,14.174,7.60383,7.398926,0.204904,793.191,0.605273,0.083496,0.729199,0.187305,10240,8122276,309,57416,27,364
8480,26.696,14.209,7.598702,7.393066,0.205635,808.0453,0.599414,0.084863,0.717871,0.197266,10240,8274384,319,57360,27,364
8500,26.738,14.233,7.599182,7.379883,0.219299,808.462,0.597656,0.084961,0.716504,0.198535,10240,8278651,312,57292,30,366
8520,26.78,14.256,7.596339,7.384644,0.211695,775.5207,0.597559,0.080859,0.72041,0.19873,10240,7941332,299,57322,29,366
8540,26.821,14.279,7.597757,7.389893,0.207864,764.7338,0.597656,0.079688,0.715918,0.204395,10240,7830874,319,57377,29,366
8560,26.863,14.302,7.594753,7.387329,0.207424,816.3549,0.599805,0.086133,0.71416,0.199707,10240,8359474,295,57407,30,366
8580,26.906,14.326,7.591902,7.371826,0.220075,833.9663,0.596289,0.088379,0.703418,0.208203,10240,8539815,304,57317,32,366
8600,26.948,14.35,7.593862,7.357788,0.236074,821.2438,0.59541,0.086426,0.700684,0.212891,10240,8409536,322,57236,31,366
8620,26.99,14.373,7.594715,7.355713,0.239003,814.5437,0.597656,0.085547,0.696191,0.218262,10240,8340927,311,57232,31,367
8640,27.031,14.396,7.596506,7.371826,0.22468,792.445,0.595996,0.083203,0.695117,0.22168,10240,8114637,299,57363,29,367
8660,27.073,14.42,7.6019,7.371948,0.229951,819.6716,0.591895,0.086719,0.69541,0.217871,10240,8393437,350,57320,31,367
8680,27.115,14.444,7.594806,7.369995,0.224811,841.6986,0.590137,0.089258,0.702051,0.208691,10240,8618994,329,57303,31,367
8700,27.158,14.468,7.599367,7.380493,0.218873,836.737,0.599023,0.088477,0.705176,0.206348,10240,8568187,293,57368,33,368
8720,27.246,14.516,7.606917,7.373291,0.233626,830.4276,0.590039,0.087695,0.705566,0.206738,10240,8503579,319,57271,36,370
8740,27.333,14.565,7.609099,7.375244,0.233855,818.3791,0.595605,0.086621,0.696582,0.216797,10240,8380202,320,57227,35,370
8760,27.417,14.613,7.609217,7.384399,0.224818,836.2609,0.600488,0.088672,0.701465,0.209863,10240,8563312,282,57281,35,370
8780,27.461,14.638,7.604677,7.360352,0.244326,829.5609,0.603809,0.087988,0.706445,0.205566,10240,8494704,335,57173,33,370
8800,27.505,14.664,7.602757,7.363281,0.239475,887.1818,0.608008,0.095215,0.696582,0.208203,10240,9084742,332,57206,32,370
8820,27.551,14.69,7.604648,7.35144,0.253207,926.8962,0.615039,0.099902,0.699609,0.200488,10240,9491417,299,57083,32,370
8840,27.597,14.716,7.601739,7.339722,0.262018,934.6906,0.613574,0.101074,0.702539,0.196387,10240,9571232,318,57053,31,370
8860,27.661,14.746,7.598764,7.344116,0.254648,896.3677,0.611914,0.096094,0.710254,0.193652,10240,9178805,319,57119,35,371
8880,27.754,14.797,7.599526,7.351562,0.247964,877.9848,0.618359,0.093848,0.709473,0.19668,10240,8990564,337,57181,34,371
8900,27.843,14.847,7.599439,7.351929,0.24751,917.8198,0.620605,0.098535,0.707617,0.193848,10240,9398475,310,57171,37,372
8920,27.941,14.901,7.595266,7.352051,0.243215,944.3118,0.62998,0.101758,0.720605,0.177637,10240,9669753,334,57227,38,372
8940,28.012,14.95,7.593771,7.333496,0.260274,955.4121,0.63252,0.10293,0.716211,0.180859,10240,9783420,332,57066,37,372
8960,28.058,14.977,7.589532,7.310059,0.279473,984.4095,0.640527,0.106543,0.724121,0.169336,10240,10080353,313,56890,36,373
8980,28.104,15.004,7.589178,7.298096,0.291083,961.301,0.646973,0.103516,0.732031,0.164453,10240,9843722,312,56864,38,373
9000,28.15,15.031,7.58573,7.304565,0.281164,938.5335,0.658887,0.101074,0.741211,0.157715,10240,9610583,324,56948,38,373
9020,28.197,15.057,7.58672,7.312378,0.274342,916.3983,0.653711,0.097754,0.741602,0.160645,10240,9383919,329,57009,41,374
9040,28.263,15.084,7.588761,7.31543,0.273331,938.7001,0.646777,0.100879,0.741211,0.15791,10240,9612289,331,57007,43,376
9060,28.352,15.139,7.58726,7.305298,0.281962,925.0869,0.65498,0.099023,0.748242,0.152734,10240,9472890,296,56938,41,376
9080,28.448,15.193,7.58056,7.290894,0.289667,933.5542,0.664551,0.100391,0.748926,0.150684,10240,9559595,333,56844,45,380
9100,28.541,15.248,7.576977,7.295166,0.281811,919.1958,0.675586,0.098242,0.751953,0.149805,10240,9412565,320,56895,44,380
9120,28.634,15.301,7.577164,7.303711,0.273453,889.0041,0.670508,0.094531,0.754785,0.150684,10240,9103402,313,56958,44,380
9140,28.724,15.356,7.578407,7.289917,0.28849,933.3253,0.676465,0.099512,0.759082,0.141406,10240,9557251,308,56912,45,380
9160,28.814,15.407,7.581874,7.292114,0.289759,946.1442,0.676758,0.101465,0.760645,0.137891,10240,9688517,302,56933,42,380
9180,28.903,15.457,7.588012,7.308716,0.279296,909.4868,0.671484,0.097168,0.764453,0.138379,10240,9313145,311,57051,43,380
9200,28.999,15.513,7.588758,7.318481,0.270276,898.3348,0.674316,0.095898,0.762207,0.141895,10240,9198948,307,57132,43,380
9220,29.094,15.568,7.586303,7.314941,0.271362,922.2767,0.680273,0.098633,0.755664,0.145703,10240,9444113,324,57124,43,380
9240,29.184,15.623,7.59064,7.332886,0.257755,941.571,0.679004,0.10127,0.769824,0.128906,10240,9641687,326,57179,44,380
9260,29.278,15.678,7.580207,7.314941,0.265265,953.7749,0.680957,0.102637,0.765332,0.132031,10240,9766655,306,57062,41,380
9280,29.368,15.733,7.578396,7.327271,0.251125,953.9218,0.689844,0.102832,0.760059,0.137109,10240,9768159,286,57153,41,380
9300,29.463,15.789,7.573546,7.319336,0.25421,976.9723,0.692969,0.105469,0.769043,0.125488,10240,10004196,308,57107,38,380
9320,29.558,15.845,7.574521,7.317505,0.257016,995.9549,0.688574,0.10752,0.770703,0.121777,10240,10198578,300,57146,38,380
9340,29.654,15.901,7.570349,7.315308,0.255042,1009.8975,0.69043,0.109375,0.771484,0.119141,10240,10341350,290,57174,37,380
9360,29.749,15.958,7.573612,7.316528,0.257084,1015.7922,0.687891,0.109961,0.770508,0.119531,10240,10401712,323,57160,36,380
9380,29.841,16.015,7.572799,7.312744,0.260055,1032.0803,0.681152,0.112305,0.771191,0.116504,10240,10568502,319,57159,37,382
9400,29.937,16.071,7.568495,7.328979,0.239516,1035.0136,0.687207,0.112695,0.767969,0.119336,10240,10598539,319,57280,35,382
9420,30.037,16.128,7.576199,7.335327,0.240872,1038.5993,0.674609,0.113281,0.763965,0.122754,10240,10635257,329,57319,34,382
9440,30.129,16.184,7.580174,7.347534,0.23264,1003.5178,0.680957,0.108301,0.770801,0.120898,10240,10276022,346,57410,36,382
9460,30.23,16.242,7.589872,7.364502,0.22537,1028.325,0.686719,0.111621,0.772559,0.11582,10240,10530048,324,57502,35,382
9480,30.33,16.303,7.593605,7.376221,0.217385,1045.9277,0.681934,0.113867,0.778418,0.107715,10240,10710300,290,57517,35,382
9500,30.426,16.36,7.594706,7.383179,0.211528,1031.9588,0.68252,0.112207,0.771289,0.116504,10240,10567258,311,57599,34,382
9520,30.522,16.417,7.596962,7.382202,0.21476,1047.0324,0.685352,0.114258,0.774707,0.111035,10240,10721612,310,57605,33,382
9540,30.619,16.475,7.595931,7.373535,0.222396,1046.064,0.681348,0.113574,0.782324,0.104102,10240,10711695,314,57582,32,382
9560,30.715,16.532,7.594796,7.376343,0.218453,1023.0783,0.674316,0.111035,0.786523,0.102441,10240,10476322,289,57559,33,383
9580,30.813,16.588,7.593157,7.383423,0.209734,993.0639,0.675879,0.107617,0.789453,0.10293,10240,10168974,325,57591,32,383
9600,30.908,16.649,7.593818,7.38208,0.211738,1022.0083,0.66709,0.110254,0.793066,0.09668,10240,10465365,323,57525,31,383
9620,30.987,16.705,7.599104,7.370605,0.228499,1021.6735,0.672656,0.110645,0.794727,0.094629,10240,10461937,300,57431,31,383
9640,31.035,16.734,7.60342,7.380737,0.222683,1028.5893,0.670508,0.11123,0.800488,0.088281,10240,10532754,311,57469,31,383
9660,31.083,16.763,7.609997,7.398804,0.211193,1027.5675,0.673535,0.11123,0.808496,0.080273,10240,10522291,329,57510,29,383
9680,31.131,16.793,7.617266,7.407349,0.209917,1056.5637,0.671289,0.115332,0.798242,0.086426,10240,10819212,314,57508,29,383
9700,31.18,16.822,7.61478,7.418335,0.196445,1052.5843,0.667188,0.114746,0.799219,0.086035,10240,10778463,326,57587,28,383
9720,31.228,16.851,7.614294,7.408447,0.205847,1053.5852,0.671094,0.114844,0.798242,0.086914,10240,10788712,315,57482,26,383
9740,31.3,16.883,7.615432,7.409546,0.205886,1020.4147,0.668652,0.11084,0.79834,0.09082,10240,10449047,321,57488,26,383
9760,31.399,16.94,7.619334,7.418823,0.200511,1004.2785,0.660254,0.108984,0.791406,0.099609,10240,10283812,316,57550,25,383
9780,31.469,16.992,7.619583,7.425171,0.194412,1004.8183,0.670605,0.108789,0.79248,0.09873,10240,10289339,359,57567,25,383
9800,31.518,17.021,7.620814,7.424805,0.19601,1039.3423,0.668359,0.112988,0.79248,0.094531,10240,10642865,315,57555,27,383
9820,31.565,17.049,7.623535,7.433105,0.19043,1028.0669,0.667285,0.111523,0.789746,0.09873,10240,10527405,334,57620,31,387
9840,31.612,17.078,7.622254,7.438843,0.183411,1011.7288,0.672949,0.109668,0.786621,0.103711,10240,10360103,329,57605,29,387
9860,31.667,17.106,7.622629,7.443726,0.178903,994.0757,0.67334,0.107324,0.79541,0.097266,10240,10179335,322,57666,26,387
9880,31.769,17.163,7.623995,7.450073,0.173922,1008.7129,0.674805,0.109375,0.787402,0.103223,10240,10329220,317,57694,24,387
9900,31.861,17.22,7.629243,7.458862,0.17038,1020.4709,0.651953,0.110742,0.778809,0.110449,10240,10449622,321,57714,24,387
9920,31.956,17.281,7.635198,7.467896,0.167302,1031.4431,0.651074,0.111816,0.772266,0.115918,10240,10561977,308,57754,25,387
9940,32.053,17.342,7.636666,7.460571,0.176095,1036.8362,0.65625,0.112012,0.782227,0.105762,10240,10617203,321,57718,23,387
9960,32.153,17.404,7.639515,7.466553,0.172962,1039.8997,0.666504,0.112891,0.780273,0.106836,10240,10648573,308,57695,23,387
9980,32.285,17.5,7.642745,7.468262,0.174484,1071.2258,0.672461,0.116699,0.771973,0.111328,10240,10969352,308,57667,22,387
10000,32.398,17.56,7.637063,7.467651,0.169412,1064.986,0.66543,0.116211,0.767285,0.116504,10240,10905457,290,57673,22,387
10020,32.457,17.6,7.64056,7.461914,0.178646,1030.08,0.660254,0.111719,0.758203,0.130078,10240,10548019,334,57621,24,387
10040,32.506,17.628,7.634603,7.46582,0.168783,1009.0897,0.655957,0.109375,0.754199,0.136426,10240,10333079,303,57622,25,387
10060,32.554,17.657,7.635114,7.463623,0.171491,1009.4528,0.654199,0.108984,0.76748,0.123535,10240,10336797,312,57615,24,387
10080,32.601,17.684,7.634469,7.460449,0.17402,991.793,0.66582,0.105762,0.775684,0.118555,10240,10155960,346,57590,25,387
10100,32.666,17.712,7.635364,7.451172,0.184192,1026.1841,0.667383,0.110742,0.78457,0.104688,10240,10508125,302,57525,25,388
10120,32.768,17.769,7.634939,7.445312,0.189627,1011.5774,0.660547,0.10918,0.774121,0.116699,10240,10358553,294,57482,21,388
10140,32.861,17.83,7.628041,7.447388,0.180654,1017.3133,0.666602,0.110254,0.771777,0.117969,10240,10417288,310,57558,20,388
10160,32.955,17.894,7.626395,7.449341,0.177054,1055.497,0.67627,0.114453,0.771582,0.113965,10240,10808289,292,57607,22,388
10180,33.005,17.923,7.61714,7.42749,0.18965,1063.85,0.680957,0.115137,0.760938,0.123926,10240,10893824,270,57421,24,389
10200,33.054,17.953,7.618606,7.425049,0.193558,1078.7365,0.683105,0.117676,0.767578,0.114746,10240,11046262,306,57366,23,390
10220,33.104,17.983,7.615774,7.397827,0.217947,1113.8149,0.682031,0.121777,0.767969,0.110254,10240,11405465,316,57184,22,390
10240,33.178,18.017,7.625474,7.411499,0.213975,1089.8188,0.687598,0.118555,0.777441,0.104004,10240,11159745,322,57213,22,390
10260,33.276,18.075,7.630966,7.412598,0.218369,1122.5209,0.683203,0.122754,0.787793,0.089453,10240,11494614,336,57207,20,390
10280,33.382,18.138,7.640949,7.408325,0.232624,1127.2333,0.672852,0.123145,0.798828,0.078027,10240,11542869,327,57158,24,392
10300,33.443,18.18,7.64012,7.40625,0.23387,1098.5351,0.667285,0.119922,0.800195,0.079883,10240,11248999,270,57158,29,393
10320,33.492,18.209,7.63607,7.394287,0.241783,1079.262,0.665332,0.117383,0.803418,0.079199,10240,11051643,344,57080,31,393
10340,33.54,18.239,7.636278,7.387817,0.248461,1067.8639,0.664355,0.116504,0.809082,0.074414,10240,10934926,348,57048,34,395
10360,33.59,18.268,7.644978,7.394043,0.250935,1076.4336,0.672168,0.117676,0.816309,0.066016,10240,11022680,294,57039,35,395
10380,33.667,18.306,7.642247,7.38269,0.259557,1091.4624,0.666504,0.119336,0.814941,0.065723,10240,11176575,309,56958,36,395
10400,33.805,18.382,7.642982,7.392822,0.250159,1090.2703,0.677148,0.119531,0.807715,0.072754,10240,11164368,316,57031,36,395
10420,33.906,18.444,7.641049,7.38916,0.251889,1099.7413,0.683301,0.12041,0.814258,0.065332,10240,11261351,292,57034,40,398
10440,34.002,18.501,7.641289,7.397827,0.243462,1074.3285,0.683691,0.117383,0.80957,0.073047,10240,11001124,327,57123,37,398
10460,34.1,18.559,7.639355,7.394653,0.244701,1078.9472,0.69541,0.117676,0.813867,0.068457,10240,11048419,313,57092,38,398
10480,34.182,18.622,7.640874,7.409912,0.230962,1061.8608,0.6875,0.115625,0.816504,0.067871,10240,10873455,284,57204,35,398
10500,34.234,18.654,7.642718,7.416382,0.226337,1039.4063,0.686719,0.112891,0.817188,0.069922,10240,10643521,330,57285,34,398
10520,34.283,18.683,7.634887,7.416016,0.218871,1018.4021,0.67666,0.110254,0.812695,0.077051,10240,10428437,299,57374,33,398
10540,34.331,18.713,7.634168,7.414062,0.220105,1055.8622,0.686816,0.115137,0.80957,0.075293,10240,10812029,318,57370,34,400
10560,34.379,18.743,7.629273,7.410156,0.219117,1069.2354,0.682324,0.116406,0.808496,0.075098,10240,10948971,317,57390,34,400
10580,34.453,18.781,7.625004,7.413086,0.211918,1052.8441,0.669922,0.114844,0.80166,0.083496,10240,10781124,349,57372,31,400
10600,34.554,18.842,7.626027,7.418823,0.207204,1031.4319,0.662891,0.112109,0.803613,0.084277,10240,10561863,345,57396,31,400
10620,34.604,18.873,7.6181,7.410278,0.207822,1057.0173,0.664844,0.115625,0.800488,0.083887,10240,10823857,317,57379,30,400
10640,34.653,18.901,7.613415,7.401001,0.212414,1031.1888,0.657227,0.112305,0.8,0.087695,10240,10559373,320,57326,30,400
10660,34.701,18.931,7.612084,7.403442,0.208642,1040.7601,0.651465,0.113672,0.794336,0.091992,10240,10657383,312,57291,28,400
10680,34.751,18.962,7.607071,7.40564,0.201431,1066.3826,0.661914,0.116895,0.799219,0.083887,10240,10919758,319,57307,27,400
10700,34.8,18.991,7.612355,7.418213,0.194142,1064.8879,0.651465,0.116699,0.793555,0.089746,10240,10904452,309,57392,25,400
10720,34.85,19.022,7.613022,7.407715,0.205307,1057.4055,0.657617,0.115918,0.794043,0.090039,10240,10827832,316,57333,26,400
10740,34.898,19.052,7.614253,7.399292,0.214961,1073.5127,0.663574,0.117871,0.793945,0.088184,10240,10992770,323,57302,28,400
10760,34.947,19.082,7.620923,7.413574,0.207348,1095.7588,0.6625,0.120312,0.794824,0.084863,10240,11220570,308,57327,26,400
10780,34.996,19.112,7.62416,7.417358,0.206801,1076.3405,0.664258,0.118164,0.792383,0.089453,10240,11021727,297,57349,25,400
10800,35.077,19.154,7.622718,7.419922,0.202796,1093.6034,0.674805,0.12002,0.792676,0.087305,10240,11198499,336,57358,25,400
10820,35.175,19.212,7.620124,7.410034,0.21009,1048.5332,0.667578,0.114355,0.79043,0.095215,10240,10736980,312,57328,26,401
10840,35.251,19.266,7.622873,7.406128,0.216745,1017.6212,0.678613,0.110352,0.786035,0.103613,10240,10420441,330,57315,26,401
10860,35.3,19.296,7.625188,7.416748,0.20844,1033.569,0.675781,0.112012,0.794824,0.093164,10240,10583747,332,57422,25,401
10880,35.348,19.325,7.618395,7.401855,0.216539,1029.9601,0.684277,0.111426,0.802344,0.08623,10240,10546791,315,57334,25,401
10900,35.397,19.354,7.616378,7.408447,0.207931,1008.4602,0.691992,0.108691,0.808594,0.082715,10240,10326632,302,57377,28,401
10920,35.444,19.383,7.607825,7.407349,0.200477,987.2918,0.697656,0.106055,0.81543,0.078516,10240,10109868,291,57378,30,401
10940,35.493,19.412,7.604856,7.409058,0.195798,980.677,0.685645,0.105762,0.815918,0.07832,10240,10042132,294,57413,30,401
10960,35.54,19.441,7.600396,7.411499,0.188897,985.4527,0.676074,0.106152,0.81377,0.080078,10240,10091036,319,57494,30,401
10980,35.638,19.499,7.594991,7.4104,0.18459,974.3175,0.676074,0.105469,0.80791,0.086621,10240,9977011,318,57482,30,401
11000,35.749,19.56,7.597304,7.421021,0.176284,969.2975,0.683594,0.10459,0.805469,0.089941,10240,9925606,301,57562,30,401
11020,35.822,19.609,7.604844,7.423828,0.181016,961.0846,0.694629,0.103613,0.807715,0.088672,10240,9841506,334,57562,30,401
11040,35.869,19.637,7.606846,7.42981,0.177037,954.3596,0.69375,0.102246,0.807617,0.090137,10240,9772642,315,57564,29,401
11060,35.916,19.665,7.608521,7.441772,0.166749,934.2286,0.696973,0.100391,0.802637,0.096973,10240,9566501,308,57635,27,401
11080,35.963,19.693,7.611708,7.433838,0.177871,962.8995,0.704883,0.103711,0.798828,0.097461,10240,9860091,288,57626,26,401
11100,36.042,19.73,7.608935,7.4375,0.171435,966.3211,0.701367,0.104199,0.801074,0.094727,10240,9895128,269,57641,26,401
11120,36.135,19.783,7.609759,7.435791,0.173968,952.1842,0.704297,0.102637,0.801367,0.095996,10240,9750366,327,57674,26,401
11140,36.23,19.839,7.609797,7.439453,0.170344,952.1887,0.721387,0.102344,0.805957,0.091699,10240,9750412,327,57583,25,401
11160,36.321,19.894,7.611319,7.446899,0.16442,951.4845,0.726465,0.101953,0.813184,0.084863,10240,9743201,296,57602,24,401
11180,36.421,19.95,7.602123,7.43396,0.168163,997.6048,0.717578,0.107715,0.803418,0.088867,10240,10215473,290,57516,23,401
11200,36.497,20.007,7.592832,7.421875,0.170957,1001.4005,0.713574,0.108398,0.806055,0.085547,10240,10254341,285,57468,24,401
11220,36.545,20.035,7.588479,7.412842,0.175637,1001.5422,0.722949,0.108496,0.809961,0.081543,10240,10255792,333,57453,26,402
11240,36.594,20.063,7.591128,7.415527,0.175601,989.8229,0.739062,0.107031,0.814941,0.078027,10240,10135787,337,57499,24,402
11260,36.642,20.091,7.593017,7.414062,0.178954,1014.8038,0.75918,0.110156,0.824023,0.06582,10240,10391591,329,57531,25,402
11280,36.695,20.125,7.586161,7.410156,0.176005,973.8881,0.761719,0.105078,0.835645,0.059277,10240,9972614,306,57561,25,402
11300,36.743,20.153,7.582756,7.410767,0.171989,992.4581,0.775977,0.107324,0.831641,0.061035,10240,10162771,340,57580,26,402
11320,36.79,20.181,7.587502,7.409668,0.177834,986.9267,0.782324,0.10625,0.833203,0.060547,10240,10106129,295,57557,24,402
11340,36.838,20.21,7.592297,7.418335,0.173962,1002.2025,0.792773,0.108496,0.831055,0.060449,10240,10262554,315,57615,25,403
11360,36.886,20.238,7.593045,7.433716,0.15933,1010.1954,0.795312,0.109277,0.834961,0.055762,10240,10344401,326,57724,23,403
11380,36.941,20.273,7.597366,7.434937,0.16243,997.8018,0.791406,0.107129,0.839258,0.053613,10240,10217490,294,57662,24,404
11400,36.987,20.301,7.586942,7.425293,0.161649,954.4456,0.786621,0.101367,0.841602,0.057031,10240,9773523,321,57645,27,404
11420,37.034,20.329,7.584929,7.433228,0.151702,977.4017,0.7875,0.104492,0.845605,0.049902,10240,10008593,308,57647,27,404
11440,37.101,20.373,7.574944,7.420044,0.1549,983.011,0.783984,0.105078,0.846777,0.048145,10240,10066033,311,57645,27,404
11460,37.149,20.401,7.562415,7.420044,0.142371,950.1585,0.789453,0.101367,0.849316,0.049316,10240,9729623,297,57703,29,406
11480,37.197,20.428,7.553432,7.408936,0.144496,927.9708,0.795703,0.098145,0.854492,0.047363,10240,9502421,326,57689,30,406
11500,37.243,20.455,7.544044,7.406494,0.137549,921.8497,0.799707,0.097754,0.854785,0.047461,10240,9439741,305,57717,30,406
11520,37.29,20.482,7.551648,7.408325,0.143323,923.3348,0.797949,0.097949,0.852637,0.049414,10240,9454948,308,57723,28,406
11540,37.364,20.522,7.555246,7.420532,0.134714,953.0207,0.807715,0.101855,0.851758,0.046387,10240,9758932,329,57777,25,406
11560,37.46,20.573,7.552464,7.413818,0.138646,943.8771,0.811816,0.100293,0.847852,0.051855,10240,9665302,321,57701,24,406
11580,37.554,20.628,7.552886,7.412109,0.140776,950.5147,0.818359,0.101465,0.852539,0.045996,10240,9733271,333,57689,23,406
11600,37.63,20.682,7.55618,7.412231,0.143949,973.3197,0.810156,0.104395,0.854004,0.041602,10240,9966794,342,57705,24,406
11620,37.678,20.709,7.551664,7.410034,0.14163,948.1682,0.814355,0.101562,0.850488,0.047949,10240,9709242,281,57674,24,406
11640,37.734,20.737,7.558265,7.42627,0.131995,944.0585,0.816699,0.101172,0.852148,0.04668,10240,9667159,316,57734,24,406
11660,37.782,20.764,7.558257,7.419678,0.138579,969.4306,0.819531,0.104199,0.851172,0.044629,10240,9926969,286,57719,23,406
11680,37.832,20.795,7.554548,7.41687,0.137678,1007.3796,0.830176,0.108789,0.850488,0.040723,10240,10315567,293,57707,20,406
11700,37.96,20.898,7.559197,7.405518,0.15368,1025.0132,0.829102,0.111328,0.851953,0.036719,10240,10496135,337,57642,20,406
11720,38.007,20.926,7.547284,7.393799,0.153485,1010.7311,0.84209,0.109473,0.851367,0.03916,10240,10349886,295,57559,19,406
11740,38.056,20.955,7.547807,7.384644,0.163163,975.5178,0.842285,0.105176,0.85332,0.041504,10240,9989302,288,57465,21,406
11760,38.104,20.983,7.539772,7.369385,0.170387,969.3788,0.850684,0.104395,0.857617,0.037988,10240,9926439,293,57378,21,406
11780,38.151,21.011,7.530637,7.377808,0.152829,964.2072,0.850098,0.103711,0.858496,0.037793,10240,9873482,340,57437,24,407
11800,38.198,21.038,7.520516,7.37793,0.142587,965.4007,0.848047,0.103711,0.857031,0.039258,10240,9885703,321,57496,25,407
11820,38.244,21.066,7.514941,7.382202,0.132739,940.4227,0.844824,0.100781,0.862793,0.036426,10240,9629928,293,57588,27,407
11840,38.323,21.105,7.521786,7.392822,0.128964,929.4239,0.839746,0.099512,0.85498,0.045508,10240,9517301,294,57655,27,407
11860,38.377,21.14,7.525364,7.394897,0.130466,915.5556,0.842383,0.097949,0.850586,0.051465,10240,9375289,330,57667,26,407
11880,38.422,21.167,7.526935,7.4021,0.124836,909.4711,0.847754,0.09707,0.85459,0.04834,10240,9312984,343,57681,27,407
11900,38.469,21.194,7.528189,7.394897,0.133291,904.7175,0.840918,0.09668,0.850781,0.052539,10240,9264307,340,57677,27,407
11920,38.515,21.221,7.529349,7.396729,0.132621,910.0224,0.836035,0.097266,0.855859,0.046875,10240,9318629,293,57629,27,407
11940,38.562,21.248,7.517199,7.393677,0.123522,907.8651,0.844141,0.096973,0.847559,0.055469,10240,9296539,321,57605,24,407
11960,38.649,21.296,7.512009,7.397461,0.114548,922.001,0.837695,0.09873,0.842871,0.058398,10240,9441290,321,57638,25,408
11980,38.755,21.352,7.507202,7.390259,0.116943,974.6124,0.828613,0.105273,0.839062,0.055664,10240,9980031,302,57708,24,408
12000,38.865,21.408,7.500069,7.387573,0.112496,957.7125,0.831348,0.103027,0.843555,0.053418,10240,9806976,330,57684,25,408
12020,38.951,21.464,7.486187,7.369385,0.116802,966.5238,0.826172,0.104199,0.832031,0.06377,10240,9897204,346,57635,28,412
12040,38.999,21.493,7.476578,7.35498,0.121597,985.4194,0.841797,0.106641,0.834375,0.058984,10240,10090695,290,57551,27,412
12060,39.046,21.522,7.480691,7.337524,0.143167,954.6438,0.862695,0.102539,0.848047,0.049414,10240,9775553,285,57419,27,412
12080,39.091,21.55,7.48092,7.330322,0.150598,948.2908,0.862988,0.10166,0.850293,0.048047,10240,9710498,303,57400,28,412
12100,39.137,21.577,7.46256,7.319702,0.142858,944.2215,0.858594,0.101172,0.852734,0.046094,10240,9668828,320,57436,31,414
12120,39.182,21.604,7.461697,7.324707,0.13699,924.5762,0.870215,0.098438,0.858008,0.043555,10240,9467660,320,57488,33,415
12140,39.257,21.643,7.46939,7.333374,0.136016,913.0422,0.860059,0.097266,0.84834,0.054395,10240,9349552,308,57571,32,415
12160,39.348,21.703,7.469596,7.335571,0.134025,934.0794,0.861816,0.099707,0.846191,0.054102,10240,9564973,323,57583,33,415
12180,39.444,21.758,7.455918,7.336304,0.119614,915.9611,0.871484,0.097656,0.850098,0.052246,10240,9379442,302,57626,32,415
12200,39.521,21.817,7.4563,7.328003,0.128297,912.4652,0.87959,0.097363,0.853418,0.049219,10240,9343644,290,57627,33,415
12220,39.567,21.845,7.47381,7.339844,0.133966,915.3201,0.875195,0.097559,0.847656,0.054785,10240,9372878,327,57637,32,415
12240,39.612,21.872,7.48645,7.359131,0.127319,918.9948,0.874023,0.09834,0.839062,0.062598,10240,9410507,330,57686,28,415
12260,39.659,21.901,7.491188,7.360962,0.130226,928.2054,0.879199,0.099316,0.841992,0.058691,10240,9504823,309,57636,26,415
12280,39.711,21.934,7.496931,7.359253,0.137678,959.1315,0.880371,0.103027,0.839062,0.05791,10240,9821507,327,57576,25,415
12300,39.757,21.962,7.494038,7.34436,0.149678,940.2911,0.870117,0.100977,0.831641,0.067383,10240,9628581,327,57482,23,415
12320,39.847,22.01,7.480005,7.340088,0.139917,953.1868,0.87373,0.102246,0.828027,0.069727,10240,9760633,301,57516,23,415
12340,39.944,22.073,7.487338,7.350464,0.136875,972.5951,0.870312,0.104688,0.825879,0.069434,10240,9959374,337,57579,25,416
12360,40.026,22.129,7.490727,7.360229,0.130497,980.7033,0.857129,0.105957,0.819531,0.074512,10240,10042402,303,57586,26,416
12380,40.071,22.157,7.502202,7.368286,0.133916,959.7035,0.855957,0.103223,0.826562,0.070215,10240,9827364,277,57580,27,416
12400,40.116,22.184,7.514214,7.376099,0.138116,918.2396,0.850684,0.098145,0.832617,0.069238,10240,9402774,291,57606,28,416
12420,40.161,22.21,7.520049,7.383667,0.136382,920.8189,0.841992,0.098535,0.825684,0.075781,10240,9429186,300,57622,27,416
12440,40.205,22.238,7.526537,7.387573,0.138964,921.2755,0.833691,0.09873,0.823828,0.077441,10240,9433861,306,57656,28,416
12460,40.275,22.273,7.526807,7.383301,0.143506,945.0696,0.834766,0.101562,0.818945,0.079492,10240,9677513,320,57599,26,416
12480,40.364,22.328,7.521067,7.379517,0.141551,917.3729,0.838672,0.098242,0.826367,0.075391,10240,9393898,346,57571,26,416
12500,40.45,22.384,7.511238,7.359375,0.151863,925.4232,0.839844,0.099219,0.825,0.075781,10240,9476334,313,57467,25,417
12520,40.494,22.41,7.507725,7.347656,0.160069,885.7639,0.84707,0.094336,0.833008,0.072656,10240,9070222,312,57408,21,417
12540,40.54,22.437,7.506659,7.333252,0.173407,909.6457,0.849023,0.097266,0.831934,0.070801,10240,9314772,333,57334,23,417
12560,40.586,22.465,7.507408,7.343994,0.163414,952.4853,0.855762,0.102637,0.832812,0.064551,10240,9753449,327,57411,24,417
12580,40.633,22.494,7.501355,7.319336,0.182019,946.1399,0.862207,0.101367,0.842383,0.05625,10240,9688473,333,57234,25,417
12600,40.695,22.521,7.497906,7.325562,0.172344,952.7918,0.873828,0.102246,0.84668,0.051074,10240,9756588,333,57312,27,417
12620,40.774,22.578,7.503236,7.325684,0.177553,986.8,0.864355,0.106641,0.837988,0.055371,10240,10104832,327,57295,30,417
12640,40.82,22.606,7.49888,7.307983,0.190897,984.5197,0.875,0.106445,0.828613,0.064941,10240,10081482,323,57219,30,417
12660,40.867,22.635,7.502874,7.299072,0.203802,987.3394,0.861426,0.106738,0.81709,0.076172,10240,10110355,316,57133,31,417
12680,40.914,22.664,7.512843,7.293823,0.219019,1002.3798,0.865527,0.108594,0.817188,0.074219,10240,10264369,309,57029,31,417
12700,40.96,22.692,7.499769,7.274536,0.225232,979.9619,0.861426,0.106055,0.815723,0.078223,10240,10034810,294,56951,30,417
12720,41.049,22.744,7.493254,7.275024,0.21823,962.2902,0.870215,0.103809,0.821777,0.074414,10240,9853852,325,57012,31,417
12740,41.103,22.78,7.482963,7.280029,0.202934,952.9117,0.872168,0.102832,0.811523,0.085645,10240,9757816,299,57089,31,417
12760,41.15,22.808,7.472404,7.268799,0.203605,961.8146,0.871582,0.103516,0.816309,0.080176,10240,9848982,319,57169,32,417
12780,41.197,22.837,7.477894,7.279175,0.198719,1004.1933,0.869434,0.108887,0.812988,0.078125,10240,10282939,327,57212,33,417
12800,41.245,22.865,7.482435,7.27356,0.208876,970.0135,0.862109,0.104883,0.814355,0.080762,10240,9932938,324,57128,32,417
12820,41.291,22.893,7.482328,7.28186,0.200467,959.9743,0.871777,0.103613,0.821973,0.074414,10240,9830137,315,57157,32,417
12840,41.358,22.922,7.475168,7.265381,0.209787,955.1716,0.877344,0.103125,0.819238,0.077637,10240,9780957,311,57111,31,417
12860,41.449,22.974,7.473729,7.26062,0.213109,957.5595,0.881055,0.10332,0.819531,0.077148,10240,9805409,307,57213,30,417
12880,41.518,23.025,7.475346,7.267822,0.207523,935.2208,0.879297,0.100488,0.817676,0.081836,10240,9576661,289,57215,30,417
12900,41.563,23.053,7.477698,7.26416,0.213538,924.6359,0.879199,0.099121,0.820703,0.080176,10240,9468272,309,57182,31,417
12920,41.609,23.08,7.46408,7.26709,0.19699,923.3918,0.878516,0.098926,0.826172,0.074902,10240,9455532,317,57248,32,418
12940,41.654,23.108,7.464567,7.28186,0.182707,930.4612,0.87959,0.099121,0.833105,0.067773,10240,9527923,314,57388,31,418
12960,41.703,23.135,7.462951,7.289917,0.173034,911.5878,0.879199,0.09707,0.836621,0.066309,10240,9334659,314,57472,32,418
12980,41.793,23.191,7.449217,7.276855,0.172361,934.3206,0.876172,0.100098,0.824121,0.075781,10240,9567443,353,57443,32,418
13000,41.85,23.226,7.442418,7.265259,0.177159,905.8766,0.87998,0.09668,0.827539,0.075781,10240,9276176,304,57363,32,418
13020,41.895,23.253,7.445332,7.263306,0.182026,903.5277,0.879004,0.09668,0.825488,0.077832,10240,9252124,302,57367,30,418
13040,41.941,23.28,7.460311,7.268799,0.191512,929.9924,0.868359,0.099902,0.816113,0.083984,10240,9523122,321,57429,30,418
13060,41.987,23.308,7.463345,7.290283,0.173062,951.3711,0.864062,0.102734,0.813574,0.083691,10240,9742040,332,57455,29,418
13080,42.065,23.352,7.46428,7.289307,0.174973,942.3929,0.868262,0.10127,0.820117,0.078613,10240,9650103,292,57415,33,418
13100,42.158,23.407,7.464432,7.296021,0.168412,932.6409,0.866309,0.1,0.823242,0.076758,10240,9550243,311,57413,33,418
13120,42.245,23.46,7.470971,7.293701,0.17727,960.5413,0.862695,0.103613,0.813672,0.082715,10240,9835943,300,57421,34,418
13140,42.322,23.519,7.466968,7.284302,0.182666,968.1352,0.856055,0.104688,0.81377,0.081543,10240,9913704,326,57328,30,418
13160,42.375,23.548,7.47077,7.2854,0.185369,1001.0117,0.856348,0.108789,0.806543,0.084668,10240,10250360,351,57349,29,418
13180,42.439,23.589,7.475673,7.279663,0.19601,1022.8439,0.850781,0.111621,0.80166,0.086719,10240,10473922,300,57318,29,418
13200,42.493,23.625,7.47252,7.273682,0.198839,1035.8001,0.852344,0.113086,0.798633,0.088281,10240,10606593,328,57265,27,418
13220,42.542,23.655,7.47262,7.266479,0.206141,1034.6363,0.836523,0.112891,0.797168,0.089941,10240,10594676,301,57195,27,418
13240,42.621,23.7,7.475214,7.274902,0.200312,1050.7939,0.841406,0.115039,0.808203,0.076758,10240,10760130,304,57306,24,418
13260,42.722,23.758,7.476368,7.281982,0.194386,1048.3628,0.84502,0.114453,0.811328,0.074219,10240,10735235,328,57293,29,424
13280,42.817,23.816,7.477894,7.289185,0.188709,1055.8378,0.838477,0.11543,0.815234,0.069336,10240,10811779,333,57316,31,428
13300,42.909,23.873,7.476455,7.291016,0.185439,1032.0932,0.838086,0.112598,0.825781,0.061621,10240,10568634,328,57390,35,428
13320,43.005,23.936,7.472227,7.30249,0.169736,1017.68,0.840039,0.110645,0.827637,0.061719,10240,10421043,323,57453,33,428
13340,43.096,23.993,7.466079,7.296631,0.169448,1006.2542,0.83916,0.109277,0.83252,0.058203,10240,10304043,329,57495,30,428
13360,43.198,24.055,7.466776,7.287842,0.178935,992.2108,0.835449,0.10752,0.838281,0.054199,10240,10160239,308,57416,34,431
13380,43.295,24.112,7.462319,7.28418,0.17814,994.6909,0.845508,0.107812,0.843164,0.049023,10240,10185635,338,57423,30,431
13400,43.392,24.176,7.460295,7.290283,0.170012,1003.8643,0.83916,0.108887,0.847266,0.043848,10240,10279570,294,57519,28,431
13420,43.489,24.235,7.461766,7.303101,0.158665,1003.1451,0.839258,0.108789,0.84082,0.050391,10240,10272206,296,57574,27,431
13440,43.581,24.289,7.465434,7.304688,0.160746,1001.2881,0.830762,0.108691,0.836621,0.054688,10240,10253190,319,57537,29,431
13460,43.678,24.348,7.470309,7.309814,0.160495,998.869,0.825684,0.108398,0.831934,0.059668,10240,10228419,312,57544,29,431
13480,43.77,24.402,7.467736,7.314819,0.152917,991.6001,0.825488,0.107422,0.830078,0.0625,10240,10153985,336,57574,28,431
13500,43.861,24.459,7.459287,7.307129,0.152158,997.7103,0.819531,0.108008,0.825293,0.066699,10240,10216553,286,57633,26,431
13520,43.962,24.517,7.445203,7.290405,0.154797,1010.9206,0.824707,0.109863,0.829395,0.060742,10240,10351827,321,57585,27,433
13540,44.056,24.574,7.434769,7.287842,0.146927,985.4323,0.828906,0.106738,0.828613,0.064648,10240,10090827,333,57650,28,433
13560,44.151,24.636,7.425225,7.278076,0.147149,979.2002,0.824707,0.105762,0.830469,0.06377,10240,10027010,299,57608,28,433
13580,44.245,24.692,7.427979,7.296875,0.131104,942.5354,0.822266,0.10127,0.836426,0.062305,10240,9651563,328,57678,25,433
13600,44.336,24.748,7.427591,7.297363,0.130228,958.0948,0.83252,0.103223,0.834082,0.062695,10240,9810891,317,57639,26,433
13620,44.432,24.809,7.436039,7.303589,0.13245,973.1704,0.828418,0.104883,0.835645,0.059473,10240,9965265,307,57600,25,433
13640,44.527,24.87,7.440046,7.307739,0.132306,1007.6478,0.82041,0.108984,0.825879,0.065137,10240,10318313,328,57703,23,433
13660,44.623,24.927,7.444294,7.303711,0.140583,1019.8151,0.817188,0.110938,0.819141,0.069922,10240,10442907,292,57663,23,433
13680,44.713,24.984,7.446354,7.289185,0.157169,1010.0591,0.819531,0.109375,0.818066,0.072559,10240,10343005,333,57513,22,433
13700,44.814,25.041,7.437463,7.27356,0.163904,1002.3064,0.827051,0.108594,0.816504,0.074902,10240,10263618,312,57399,23,434
13720,44.907,25.098,7.443444,7.268921,0.174523,989.7092,0.827637,0.107031,0.822559,0.07041,10240,10134622,308,57320,22,434
13740,45.003,25.159,7.447024,7.266357,0.180667,997.9645,0.832812,0.108203,0.820117,0.07168,10240,10219156,322,57327,24,434
13760,45.098,25.216,7.431666,7.259155,0.17251,954.8128,0.826562,0.10293,0.819824,0.077246,10240,9777283,335,57365,22,434
13780,45.187,25.272,7.430918,7.258179,0.172739,950.8924,0.828516,0.102539,0.829004,0.068457,10240,9737138,325,57381,22,434
13800,45.266,25.327,7.445216,7.27124,0.173975,936.9721,0.823438,0.100488,0.830078,0.069434,10240,9594594,315,57467,24,434
13820,45.313,25.356,7.448979,7.277344,0.171636,954.3312,0.821094,0.102832,0.834473,0.062695,10240,9772352,306,57450,24,434
13840,45.36,25.385,7.441789,7.278931,0.162858,974.4276,0.816113,0.105176,0.836816,0.058008,10240,9978139,331,57476,24,434
13860,45.407,25.413,7.444411,7.288086,0.156325,948.7673,0.808203,0.101855,0.832031,0.066113,10240,9715377,307,57528,26,434
13880,45.464,25.441,7.447119,7.283203,0.163916,939.2409,0.807617,0.100684,0.834082,0.065234,10240,9617827,291,57506,24,434
13900,45.557,25.499,7.451982,7.289307,0.162676,925.6367,0.801953,0.09873,0.839355,0.061914,10240,9478520,319,57497,25,434
13920,45.604,25.528,7.453232,7.291992,0.16124,960.6597,0.806738,0.102832,0.845215,0.051953,10240,9837155,337,57545,24,434
13940,45.651,25.557,7.458901,7.297363,0.161537,955.1628,0.817188,0.102051,0.84668,0.05127,10240,9780867,315,57518,24,434
13960,45.697,25.586,7.451431,7.289673,0.161758,970.3438,0.816797,0.104102,0.846484,0.049414,10240,9936320,353,57539,25,434
13980,45.743,25.614,7.446762,7.29126,0.155502,967.5835,0.820215,0.103711,0.845215,0.051074,10240,9908055,289,57550,26,434
14000,45.839,25.671,7.452525,7.289062,0.163463,996.2419,0.815527,0.107422,0.838867,0.053711,10240,10201517,294,57520,25,434
14020,45.935,25.728,7.45386,7.288086,0.165774,989.7664,0.823535,0.106348,0.839648,0.054004,10240,10135208,302,57520,25,435
14040,46.029,25.788,7.448864,7.290161,0.158702,1005.6629,0.817285,0.108594,0.837012,0.054395,10240,10297988,328,57561,25,435
14060,46.126,25.847,7.44153,7.294922,0.146608,1018.0991,0.809961,0.10957,0.828906,0.061523,10240,10425335,305,57590,28,438
14080,46.225,25.905,7.443027,7.299438,0.143588,1023.7854,0.81123,0.110352,0.827246,0.062402,10240,10483563,332,57578,28,438
14100,46.318,25.959,7.438413,7.289062,0.149351,1041.1176,0.80752,0.112793,0.828223,0.058984,10240,10661044,334,57507,30,440
14120,46.413,26.017,7.441459,7.298706,0.142753,1053.0363,0.813477,0.114258,0.825391,0.060352,10240,10783092,320,57581,30,440
14140,46.508,26.078,7.428996,7.28418,0.144816,1069.4748,0.81416,0.116309,0.817188,0.066504,10240,10951422,326,57565,30,440
14160,46.612,26.148,7.416759,7.280396,0.136363,1068.8147,0.810254,0.116504,0.819043,0.064453,10240,10944663,314,57578,29,440
14180,46.707,26.209,7.415422,7.282959,0.132463,1040.2527,0.803027,0.112598,0.820898,0.066504,10240,10652188,314,57560,33,443
14200,46.803,26.272,7.414508,7.292847,0.121661,1053.2166,0.799902,0.115039,0.813184,0.071777,10240,10784938,330,57622,30,443
14220,46.899,26.333,7.41276,7.296631,0.11613,1052.2212,0.797168,0.114648,0.811328,0.074023,10240,10774745,362,57668,31,443
14240,47.012,26.395,7.407049,7.294434,0.112615,1056.3979,0.797363,0.115039,0.816113,0.068848,10240,10817514,342,57598,32,443
14260,47.147,26.491,7.40547,7.281372,0.124098,1053.1592,0.79248,0.114648,0.819922,0.06543,10240,10784350,299,57526,34,444
14280,47.245,26.553,7.40343,7.280762,0.122668,1050.0924,0.794336,0.113965,0.821875,0.06416,10240,10752946,311,57530,31,444
14300,47.388,26.649,7.401487,7.282715,0.118772,1040.9741,0.79541,0.113086,0.818555,0.068359,10240,10659575,294,57590,27,444
14320,47.487,26.711,7.404104,7.286621,0.117483,1001.533,0.802344,0.108496,0.816211,0.075293,10240,10255698,374,57609,26,444
14340,47.599,26.781,7.404276,7.279785,0.12449,1030.6012,0.808887,0.112207,0.813867,0.073926,10240,10553356,299,57537,27,446
14360,47.698,26.843,7.391572,7.268921,0.122651,1051.3184,0.805371,0.114941,0.816895,0.068164,10240,10765500,315,57549,26,446
14380,47.795,26.901,7.386983,7.251953,0.13503,1044.151,0.806641,0.113965,0.821484,0.064551,10240,10692106,314,57428,25,446
14400,47.891,26.963,7.376416,7.245361,0.131054,1040.5284,0.821191,0.113379,0.827734,0.058887,10240,10655011,302,57465,24,446
14420,47.993,27.027,7.376877,7.250122,0.126755,1080.3907,0.814062,0.118457,0.826367,0.055176,10240,11063201,296,57521,23,446
14440,48.091,27.086,7.378708,7.247803,0.130905,1073.5615,0.814844,0.117285,0.824023,0.058691,10240,10993270,326,57513,21,446
14460,48.187,27.148,7.38028,7.24353,0.136749,1054.9533,0.811816,0.114941,0.819238,0.06582,10240,10802722,305,57483,25,446
14480,48.283,27.209,7.388748,7.255005,0.133743,1027.4253,0.815625,0.111719,0.825195,0.063086,10240,10520835,305,57520,28,448
14500,48.38,27.267,7.385804,7.245728,0.140076,1004.6512,0.812109,0.108203,0.837891,0.053906,10240,10287628,298,57347,29,448
14520,48.476,27.323,7.395106,7.266357,0.128748,1019.5528,0.819922,0.11084,0.837402,0.051758,10240,10440221,311,57417,27,448
14540,48.574,27.386,7.403714,7.266968,0.136746,1008.6274,0.824805,0.109082,0.841309,0.049609,10240,10328345,311,57418,28,448
14560,48.672,27.444,7.409515,7.270386,0.139129,1022.4747,0.826953,0.111035,0.837012,0.051953,10240,10470141,311,57422,26,448
14580,48.768,27.501,7.415083,7.272583,0.1425,1003.668,0.830566,0.108594,0.84541,0.045996,10240,10277560,318,57341,29,450
14600,48.863,27.562,7.424659,7.278809,0.14585,1004.4057,0.824707,0.108789,0.849219,0.041992,10240,10285114,306,57399,28,450
14620,48.955,27.615,7.420953,7.272339,0.148614,970.2659,0.822949,0.10459,0.851367,0.044043,10240,9935523,304,57382,29,450
14640,49.05,27.671,7.421764,7.273315,0.148449,957.4876,0.821973,0.103027,0.849707,0.047266,10240,9804673,317,57403,29,450
14660,49.14,27.727,7.426283,7.271118,0.155165,937.7889,0.825098,0.100684,0.849609,0.049707,10240,9602958,311,57356,27,450
14680,49.187,27.756,7.424768,7.266602,0.158166,956.8804,0.827832,0.102832,0.847266,0.049902,10240,9798455,289,57325,28,451
14700,49.233,27.784,7.429463,7.267822,0.161641,942.3064,0.838184,0.100977,0.849316,0.049707,10240,9649218,313,57310,29,451
14720,49.279,27.812,7.428434,7.273193,0.15524,929.7324,0.840039,0.099609,0.851855,0.048535,10240,9520460,334,57342,29,451
14740,49.325,27.84,7.428904,7.262695,0.166208,942.2678,0.82998,0.100977,0.841895,0.057129,10240,9648822,319,57179,31,451
14760,49.379,27.867,7.420479,7.261108,0.159371,921.0595,0.830371,0.098438,0.850684,0.050879,10240,9431649,298,57222,32,451
14780,49.43,27.895,7.42687,7.256226,0.170644,889.4614,0.845898,0.094531,0.856445,0.049023,10240,9108085,321,57185,34,451
14800,49.474,27.921,7.437212,7.266357,0.170855,876.4398,0.85166,0.093066,0.859082,0.047852,10240,8974744,322,57175,34,451
14820,49.519,27.948,7.436506,7.263794,0.172712,867.5588,0.85625,0.091895,0.861816,0.046289,10240,8883802,304,57251,35,451
14840,49.576,27.974,7.426946,7.259277,0.167668,879.9219,0.855078,0.093457,0.859668,0.046875,10240,9010400,278,57214,35,451
14860,49.652,28.029,7.427605,7.259888,0.167717,874.8748,0.86123,0.092871,0.864648,0.04248,10240,8958718,332,57237,37,451
14880,49.75,28.109,7.436264,7.265137,0.171127,859.1584,0.855957,0.091016,0.859473,0.049512,10240,8797782,334,57220,37,451
14900,49.795,28.136,7.415607,7.260254,0.155353,870.1089,0.850391,0.092188,0.863477,0.044336,10240,8909915,295,57234,36,451
14920,49.84,28.163,7.408491,7.241699,0.166792,855.922,0.852539,0.09043,0.866797,0.042773,10240,8764641,334,57162,34,451
14940,49.889,28.19,7.401065,7.242188,0.158877,855.478,0.860938,0.090234,0.87373,0.036035,10240,8760095,327,57280,32,451
14960,49.934,28.217,7.386049,7.202393,0.183657,870.4207,0.876562,0.091992,0.877539,0.030469,10240,8913108,270,57033,34,453
14980,49.98,28.244,7.383419,7.209839,0.17358,890.2241,0.886523,0.094531,0.876465,0.029004,10240,9115895,288,57121,33,453
15000,50.026,28.272,7.370498,7.202637,0.167861,855.7136,0.893945,0.090332,0.875195,0.034473,10240,8762507,319,57147,34,453
15020,50.073,28.298,7.373518,7.203979,0.169539,833.7772,0.885742,0.0875,0.867969,0.044531,10240,8537879,367,57139,32,453
15040,50.117,28.325,7.372367,7.21582,0.156547,848.7559,0.882617,0.089355,0.872754,0.037891,10240,8691260,330,57244,37,455
15060,50.162,28.351,7.376442,7.220459,0.155983,836.2217,0.881445,0.087793,0.872461,0.039746,10240,8562910,340,57279,38,455
15080,50.235,28.385,7.395614,7.231323,0.164291,837.3558,0.877734,0.087988,0.875781,0.03623,10240,8574523,368,57301,37,455
15100,50.324,28.44,7.385287,7.221191,0.164096,846.56,0.879395,0.088965,0.875195,0.03584,10240,8668774,286,57303,37,455
15120,50.413,28.494,7.40071,7.233887,0.166824,863.957,0.879102,0.091211,0.875586,0.033203,10240,8846920,314,57323,36,455
15140,50.5,28.545,7.40296,7.23645,0.166509,854.2506,0.874414,0.090137,0.86875,0.041113,10240,8747526,299,57297,37,455
15160,50.546,28.572,7.40725,7.233765,0.173486,869.0249,0.874707,0.091895,0.863477,0.044629,10240,8898815,333,57322,36,455
15180,50.592,28.599,7.405173,7.237915,0.167258,853.9641,0.875098,0.090137,0.868164,0.041699,10240,8744592,348,57361,35,455
15200,50.64,28.629,7.39903,7.234619,0.164411,833.7586,0.87373,0.0875,0.869238,0.043262,10240,8537688,334,57373,36,455
15220,50.698,28.656,7.394255,7.223999,0.170256,817.0579,0.883984,0.085352,0.869336,0.045312,10240,8366673,300,57296,36,455
15240,50.787,28.706,7.391182,7.229126,0.162056,809.3854,0.880664,0.084375,0.869531,0.046094,10240,8288106,309,57384,35,455
15260,50.876,28.76,7.40024,7.236572,0.163668,800.1624,0.87373,0.083496,0.876172,0.040332,10240,8193663,314,57366,33,455
15280,50.966,28.812,7.404825,7.244873,0.159952,830.479,0.883691,0.087305,0.876074,0.036621,10240,8504105,312,57448,33,455
15300,51.055,28.862,7.415431,7.245117,0.170314,829.425,0.884961,0.087109,0.869629,0.043262,10240,8493312,313,57403,37,459
15320,51.143,28.916,7.415069,7.241089,0.17398,812.4466,0.877344,0.084961,0.874512,0.040527,10240,8319453,308,57405,38,459
15340,51.231,28.966,7.426172,7.259155,0.167016,780.8271,0.876562,0.081055,0.878613,0.040332,10240,7995669,334,57454,31,459
15360,51.319,29.016,7.424144,7.26001,0.164134,787.6104,0.870215,0.081641,0.871777,0.046582,10240,8065130,331,57476,27,459
15380,51.407,29.065,7.420286,7.259766,0.16052,770.4898,0.861719,0.079395,0.868848,0.051758,10240,7889816,329,57532,31,461
15400,51.495,29.119,7.43319,7.262695,0.170495,806.4209,0.853516,0.083691,0.862012,0.054297,10240,8257750,293,57559,30,461
15420,51.584,29.173,7.432625,7.25354,0.179085,847.336,0.851855,0.089062,0.85918,0.051758,10240,8676721,294,57466,29,461
15440,51.673,29.228,7.436119,7.25061,0.185509,858.2727,0.84502,0.09043,0.850195,0.059375,10240,8788712,279,57436,30,463
15460,51.764,29.277,7.428897,7.216431,0.212466,821.4316,0.85459,0.085645,0.849121,0.065234,10240,8411460,340,57209,29,463
15480,51.856,29.332,7.435501,7.208008,0.227493,857.4323,0.851562,0.09043,0.847656,0.061914,10240,8780107,325,57133,30,463
15500,51.943,29.387,7.434125,7.199585,0.23454,860.905,0.860742,0.090527,0.852539,0.056934,10240,8815667,301,57105,32,463
15520,52.038,29.438,7.409555,7.186646,0.22291,877.1717,0.860547,0.092676,0.84541,0.061914,10240,8982238,307,57158,32,463
15540,52.127,29.488,7.405511,7.197144,0.208368,888.2134,0.862793,0.094336,0.843555,0.062109,10240,9095305,293,57274,37,467
15560,52.217,29.544,7.398278,7.194946,0.203332,915.7445,0.86748,0.097559,0.850195,0.052246,10240,9377224,317,57233,37,467
15580,52.309,29.6,7.400622,7.188599,0.212024,918.7905,0.879688,0.097949,0.855176,0.046875,10240,9408415,306,57191,36,467
15600,52.404,29.656,7.405743,7.181274,0.224469,928.4067,0.88418,0.099316,0.859082,0.041602,10240,9506885,314,57160,32,467
15620,52.497,29.711,7.400469,7.176392,0.224077,904.7355,0.886914,0.096387,0.866992,0.036621,10240,9264492,275,57152,30,467
15640,52.559,29.754,7.39548,7.180298,0.215182,886.3908,0.896875,0.094141,0.874805,0.031055,10240,9076642,322,57227,31,467
15660,52.604,29.782,7.388072,7.194824,0.193248,893.2365,0.902148,0.095117,0.875293,0.02959,10240,9146742,307,57314,33,467
15680,52.649,29.809,7.37861,7.193848,0.184762,881.4767,0.897754,0.093457,0.872363,0.03418,10240,9026321,306,57384,34,467
15700,52.693,29.835,7.385509,7.203979,0.18153,837.1916,0.903516,0.087891,0.882715,0.029395,10240,8572842,309,57446,34,467
15720,52.737,29.861,7.385265,7.205444,0.179821,823.1396,0.915625,0.086426,0.880762,0.032812,10240,8428950,314,57497,34,467
15740,52.809,29.899,7.392315,7.214844,0.177471,828.4202,0.911719,0.087012,0.881348,0.031641,10240,8483023,308,57525,32,467
15760,52.899,29.951,7.388393,7.225708,0.162685,834.1506,0.913867,0.087793,0.87832,0.033887,10240,8541702,313,57584,32,467
15780,52.987,30.001,7.367669,7.207886,0.159783,822.6068,0.917773,0.086426,0.866406,0.047168,10240,8423494,315,57597,32,467
15800,53.075,30.056,7.357901,7.200195,0.157706,864.0087,0.91875,0.091504,0.866113,0.042383,10240,8847449,301,57587,32,467
15820,53.164,30.111,7.366694,7.211792,0.154902,858.686,0.922461,0.09082,0.875,0.03418,10240,8792945,325,57644,31,467
15840,53.253,30.165,7.361364,7.206909,0.154455,821.3649,0.918848,0.08623,0.878906,0.034863,10240,8410777,289,57622,29,467
15860,53.346,30.219,7.357847,7.190918,0.166929,825.4969,0.918848,0.086719,0.88252,0.030762,10240,8453088,333,57554,27,467
15880,53.45,30.285,7.34235,7.184692,0.157658,809.9755,0.922363,0.084766,0.877832,0.037402,10240,8294149,316,57611,25,467
15900,53.533,30.335,7.33276,7.171997,0.160763,812.4313,0.919629,0.085059,0.879297,0.035645,10240,8319297,327,57553,24,467
15920,53.577,30.361,7.319259,7.161377,0.157882,821.6258,0.927246,0.086133,0.886914,0.026953,10240,8413448,315,57546,25,467
15940,53.621,30.387,7.321763,7.169312,0.152451,815.6688,0.931641,0.085352,0.889746,0.024902,10240,8352448,336,57565,24,467
15960,53.667,30.413,7.333541,7.185303,0.148238,831.9313,0.92998,0.0875,0.883789,0.028711,10240,8518977,333,57674,23,467
15980,53.711,30.44,7.330802,7.184326,0.146476,825.8281,0.928906,0.086719,0.880957,0.032324,10240,8456480,289,57614,24,467
16000,53.764,30.465,7.330993,7.189209,0.141784,817.4645,0.930859,0.085742,0.878223,0.036035,10240,8370836,330,57645,24,467
16020,53.837,30.504,7.347644,7.210083,0.137561,823.7852,0.934766,0.086523,0.873633,0.039844,10240,8435560,358,57692,26,467
16040,53.884,30.534,7.351534,7.204102,0.147433,845.4387,0.927246,0.089062,0.867969,0.042969,10240,8657292,301,57567,26,467
16060,53.928,30.56,7.33227,7.190796,0.141474,812.1943,0.924219,0.085059,0.858984,0.055957,10240,8316870,305,57592,28,467
16080,53.973,30.588,7.328597,7.171631,0.156966,825.8867,0.912695,0.086816,0.85127,0.061914,10240,8457080,305,57460,29,467
16100,54.017,30.614,7.320169,7.156982,0.163186,847.5144,0.922168,0.089453,0.85791,0.052637,10240,8678547,337,57336,28,467
16120,54.062,30.64,7.310613,7.136841,0.173772,840.3234,0.925391,0.088281,0.8625,0.049219,10240,8604912,315,57248,29,467
16140,54.129,30.67,7.310162,7.133301,0.176862,826.8996,0.924512,0.086816,0.863477,0.049707,10240,8467452,314,57283,28,467
16160,54.212,30.72,7.31364,7.136963,0.176677,792.0114,0.927344,0.08252,0.859863,0.057617,10240,8110197,313,57252,30,468
16180,54.287,30.772,7.310763,7.133179,0.177584,774.7426,0.922949,0.080566,0.859473,0.059961,10240,7933364,338,57298,28,468
16200,54.33,30.797,7.308091,7.12915,0.178941,765.02,0.916016,0.079395,0.856934,0.063672,10240,7833805,295,57300,28,469
16220,54.372,30.822,7.323805,7.136597,0.187209,766.2503,0.917578,0.079297,0.85332,0.067383,10240,7846403,342,57232,28,469
16240,54.414,30.846,7.341325,7.150024,0.191301,773.2223,0.916602,0.080469,0.854199,0.065332,10240,7917796,285,57234,29,469
16260,54.458,30.873,7.330224,7.137329,0.192895,809.5507,0.916797,0.084961,0.859668,0.055371,10240,8289799,314,57162,27,469
16280,54.502,30.898,7.3339,7.14856,0.18534,808.8204,0.916797,0.084473,0.867676,0.047852,10240,8282321,323,57157,28,469
16300,54.564,30.923,7.344183,7.15979,0.184393,776.445,0.919141,0.080566,0.874414,0.04502,10240,7950797,325,57217,26,469
16320,54.614,30.956,7.353347,7.160767,0.19258,761.7209,0.923926,0.078711,0.868652,0.052637,10240,7800022,337,57168,28,469
16340,54.656,30.98,7.349798,7.164917,0.184881,745.8007,0.925879,0.07666,0.86875,0.05459,10240,7636999,293,57202,30,469
16360,54.702,31.009,7.344264,7.160278,0.183986,727.5415,0.922363,0.074414,0.867285,0.058301,10240,7450025,286,57205,29,469
16380,54.743,31.033,7.349348,7.177368,0.17198,721.9318,0.924023,0.073828,0.861914,0.064258,10240,7392582,311,57335,30,469
16400,54.786,31.057,7.338336,7.158325,0.180011,724.5353,0.920996,0.074316,0.852734,0.072949,10240,7419241,307,57323,33,469
16420,54.828,31.081,7.343799,7.151123,0.192676,743.3678,0.91084,0.07666,0.829004,0.094336,10240,7612086,314,57196,33,469
16440,54.906,31.126,7.323217,7.131226,0.191992,774.0878,0.908594,0.080469,0.823145,0.096387,10240,7926659,322,57088,31,469
16460,54.988,31.175,7.313698,7.109009,0.204689,771.2558,0.905469,0.080176,0.82168,0.098145,10240,7897659,303,57052,31,469
16480,55.048,31.217,7.331875,7.108765,0.22311,787.146,0.907715,0.082031,0.816113,0.101855,10240,8060375,294,57087,32,469
16500,55.092,31.242,7.332007,7.099609,0.232397,786.5103,0.895508,0.082324,0.788672,0.129004,10240,8053865,322,57076,32,469
16520,55.136,31.267,7.343754,7.104492,0.239262,778.8053,0.889355,0.081055,0.787598,0.131348,10240,7974966,308,57003,31,471
16540,55.178,31.291,7.334572,7.108154,0.226417,792.4863,0.876855,0.083203,0.776953,0.139844,10240,8115060,307,57047,32,471
16560,55.224,31.319,7.328429,7.077393,0.251036,792.6885,0.868359,0.083398,0.772656,0.143945,10240,8117130,311,56778,30,471
16580,55.268,31.344,7.322238,7.070068,0.25217,778.4332,0.870508,0.081348,0.782129,0.136523,10240,7971156,315,56866,31,471
16600,55.31,31.369,7.330358,7.064819,0.265539,770.6971,0.865332,0.080273,0.776855,0.142871,10240,7891938,317,56829,35,473
16620,55.372,31.397,7.34329,7.067993,0.275297,747.8778,0.866699,0.077246,0.785156,0.137598,10240,7658269,303,56706,33,473
16640,55.459,31.445,7.349194,7.065063,0.284131,758.5035,0.86543,0.07832,0.78916,0.13252,10240,7767076,342,56771,34,473
16660,55.549,31.493,7.362537,7.082886,0.279651,742.7654,0.865723,0.075879,0.780859,0.143262,10240,7605918,294,56817,31,473
16680,55.632,31.541,7.368344,7.076294,0.29205,740.2671,0.864258,0.076074,0.776562,0.147363,10240,7580335,310,56825,31,473
16700,55.718,31.589,7.368597,7.070801,0.297796,750.4436,0.862109,0.077637,0.762598,0.159766,10240,7684542,319,56769,33,474
16720,55.806,31.638,7.367268,7.08252,0.284749,777.852,0.85957,0.081641,0.756836,0.161523,10240,7965204,357,56869,31,474
16740,55.893,31.687,7.373673,7.095093,0.27858,778.6548,0.858496,0.081543,0.752734,0.165723,10240,7973425,313,56940,32,474
16760,55.96,31.736,7.375233,7.098145,0.277088,765.0747,0.860449,0.07998,0.758105,0.161914,10240,7834365,319,57020,33,474
16780,56.001,31.759,7.373481,7.078979,0.294501,763.0558,0.859863,0.079688,0.752734,0.167578,10240,7813691,328,56864,33,474
16800,56.044,31.784,7.370279,7.064575,0.305704,794.26,0.862109,0.083398,0.758594,0.158008,10240,8133222,318,56781,32,474
16820,56.087,31.809,7.374066,7.045532,0.328534,778.4834,0.864746,0.081738,0.768164,0.150098,10240,7971670,318,56622,32,474
16840,56.13,31.834,7.360909,7.039551,0.321358,805.5432,0.85752,0.085156,0.76377,0.151074,10240,8248762,316,56623,30,474
16860,56.174,31.859,7.362489,7.054321,0.308168,817.8884,0.847656,0.086621,0.759863,0.153516,10240,8375177,290,56714,33,474
16880,56.218,31.885,7.357419,7.049561,0.307858,829.035,0.858789,0.088086,0.761621,0.150293,10240,8489318,305,56766,34,474
16900,56.306,31.934,7.358125,7.062134,0.295992,827.0368,0.858301,0.087793,0.766309,0.145898,10240,8468857,310,56806,36,474
16920,56.389,31.986,7.382521,7.080688,0.301833,817.1495,0.860547,0.086816,0.760449,0.152734,10240,8367611,314,56906,36,474
16940,56.482,32.04,7.395276,7.087036,0.30824,813.1526,0.860449,0.08623,0.75957,0.154199,10240,8326683,332,56933,36,474
16960,56.538,32.078,7.384021,7.062134,0.321887,808.8521,0.857715,0.085645,0.762109,0.152246,10240,8282645,338,56722,38,476
16980,56.582,32.102,7.385576,7.052246,0.33333,786.0557,0.863965,0.082812,0.769336,0.147852,10240,8049210,315,56710,37,476
17000,56.625,32.127,7.376383,7.059326,0.317057,754.7556,0.866602,0.079004,0.776465,0.144531,10240,7728697,324,56755,37,476
17020,56.668,32.151,7.379642,7.073364,0.306278,776.7026,0.866797,0.081836,0.772363,0.145801,10240,7953435,278,56826,38,477
17040,56.711,32.175,7.385899,7.06189,0.324009,769.7776,0.868359,0.080664,0.779102,0.140234,10240,7882523,289,56689,41,477
17060,56.781,32.207,7.370172,7.046021,0.324152,811.6499,0.869141,0.08584,0.778613,0.135547,10240,8311295,332,56573,42,477
17080,56.872,32.263,7.358797,7.028198,0.330599,789.0299,0.876562,0.083105,0.776074,0.14082,10240,8079666,352,56527,44,477
17100,56.955,32.312,7.347993,7.011475,0.336519,794.8244,0.878418,0.083691,0.783984,0.132324,10240,8139002,313,56477,44,477
17120,56.997,32.337,7.349442,7.01062,0.338822,782.7141,0.878125,0.082324,0.78125,0.136426,10240,8014992,317,56537,42,477
17140,57.039,32.361,7.368382,7.028809,0.339573,750.5681,0.882129,0.078418,0.789648,0.131934,10240,7685817,306,56564,43,477
17160,57.08,32.385,7.37096,7.035522,0.335437,748.9064,0.888867,0.077832,0.797949,0.124219,10240,7668802,304,56569,43,477
17180,57.123,32.409,7.374749,7.05188,0.32287,779.376,0.886426,0.081836,0.792676,0.125488,10240,7980810,305,56643,42,477
17200,57.167,32.435,7.378305,7.033081,0.345224,831.6973,0.888086,0.088184,0.779883,0.131934,10240,8516580,297,56474,44,479
17220,57.212,32.46,7.378679,7.027344,0.351335,826.5268,0.885742,0.087207,0.793848,0.118945,10240,8463634,308,56520,44,479
17240,57.259,32.487,7.375606,7.032715,0.342891,806.6104,0.892383,0.084473,0.812695,0.102832,10240,8259690,310,56560,43,479
17260,57.305,32.514,7.375059,7.042114,0.332945,757.9886,0.896484,0.078418,0.817969,0.103613,10240,7761803,300,56696,42,479
17280,57.352,32.538,7.376337,7.041504,0.334833,731.181,0.899121,0.075,0.828906,0.096094,10240,7487293,277,56611,44,481
17300,57.437,32.589,7.369568,7.028198,0.34137,715.5428,0.892383,0.073242,0.833105,0.093652,10240,7327158,315,56615,44,481
17320,57.511,32.637,7.370383,7.034546,0.335837,714.6983,0.887695,0.072461,0.829883,0.097656,10240,7318511,320,56598,45,483
17340,57.556,32.661,7.365756,7.039185,0.326571,728.0902,0.880957,0.074121,0.826855,0.099023,10240,7455644,326,56700,44,483
17360,57.598,32.684,7.355841,7.027954,0.327887,709.2646,0.877832,0.071777,0.830273,0.097949,10240,7262869,313,56694,46,484
17380,57.64,32.707,7.362351,7.036743,0.325608,717.0004,0.884863,0.073242,0.833691,0.093066,10240,7342084,325,56755,46,486
17400,57.685,32.731,7.366214,7.027222,0.338992,709.7197,0.884961,0.07207,0.836719,0.091211,10240,7267530,334,56703,48,486
17420,57.726,32.754,7.367259,7.036621,0.330638,704.6625,0.880176,0.071875,0.828516,0.099609,10240,7215744,299,56843,44,486
17440,57.769,32.776,7.367435,7.029053,0.338383,689.817,0.882129,0.069922,0.827539,0.102539,10240,7063726,314,56818,44,489
17460,57.815,32.8,7.376498,7.035645,0.340853,709.6846,0.891113,0.072559,0.833691,0.09375,10240,7267170,311,56764,44,489
17480,57.858,32.823,7.392146,7.032837,0.359309,685.065,0.885645,0.069043,0.844629,0.086328,10240,7015066,317,56549,43,489
17500,57.916,32.855,7.388211,7.043701,0.344509,687.639,0.878223,0.069727,0.851953,0.07832,10240,7041423,295,56604,43,489
17520,57.957,32.878,7.385948,7.064575,0.321373,709.5425,0.883203,0.072266,0.850781,0.076953,10240,7265715,347,56796,39,489
17540,58.036,32.917,7.398263,7.081299,0.316964,705.4267,0.879102,0.071777,0.851562,0.07666,10240,7223569,313,56828,39,489
17560,58.087,32.948,7.401886,7.086304,0.315583,703.0244,0.877051,0.071484,0.85332,0.075195,10240,7198970,299,56832,42,489
17580,58.128,32.971,7.401478,7.088257,0.313221,695.9287,0.873633,0.070703,0.850488,0.078809,10240,7126310,284,56812,40,489
17600,58.169,32.994,7.403909,7.091797,0.312112,691.6487,0.87998,0.070215,0.857422,0.072363,10240,7082483,298,56843,39,489
17620,58.21,33.016,7.407273,7.108765,0.298508,682.9058,0.870117,0.069336,0.84502,0.085645,10240,6992955,299,56947,38,489
17640,58.25,33.039,7.413093,7.121582,0.291511,671.017,0.85957,0.068066,0.836328,0.095605,10240,6871214,335,56989,40,491
17660,58.291,33.061,7.411097,7.114258,0.296839,676.614,0.853613,0.06875,0.83291,0.09834,10240,6928527,352,57010,40,491
17680,58.34,33.087,7.405318,7.120361,0.284956,660.7806,0.864355,0.066699,0.838672,0.094629,10240,6766393,301,57053,41,491
17700,58.42,33.133,7.396882,7.117432,0.279451,667.4036,0.867773,0.067676,0.830469,0.101855,10240,6834213,334,57063,41,491
17720,58.501,33.18,7.391006,7.115356,0.275649,658.8707,0.878809,0.066699,0.829492,0.103809,10240,6746836,314,57093,42,492
17740,58.561,33.221,7.3984,7.12085,0.27755,634.3081,0.88877,0.063379,0.83418,0.102441,10240,6495315,299,57049,41,492
17760,58.6,33.242,7.405892,7.135132,0.27076,619.7183,0.883594,0.061914,0.834473,0.103613,10240,6345915,316,57085,42,492
17780,58.64,33.264,7.406938,7.128662,0.278276,628.855,0.880176,0.062988,0.828418,0.108594,10240,6439475,300,57050,43,492
17800,58.68,33.286,7.410421,7.139648,0.270772,631.9664,0.878906,0.063574,0.823828,0.112598,10240,6471336,321,57052,42,492
17820,58.72,33.307,7.393681,7.116211,0.27747,615.7011,0.873535,0.061426,0.820703,0.117871,10240,6304779,298,56914,40,492
17840,58.759,33.328,7.393423,7.110718,0.282705,610.7961,0.872949,0.060938,0.817188,0.121875,10240,6254552,321,56897,36,492
17860,58.833,33.361,7.375,7.099121,0.275879,613.2173,0.87002,0.06084,0.816504,0.122656,10240,6279345,319,56889,35,492
17880,58.914,33.402,7.376228,7.104248,0.27198,607.4675,0.871582,0.060156,0.825977,0.113867,10240,6220467,318,56983,37,492
17900,58.978,33.444,7.379674,7.099487,0.280187,609.8343,0.862988,0.060352,0.829395,0.110254,10240,6244703,317,56922,34,492
17920,59.022,33.466,7.377809,7.104614,0.273194,609.0517,0.856738,0.060645,0.825488,0.113867,10240,6236689,306,56964,34,492
17940,59.072,33.495,7.387705,7.118896,0.268808,605.6064,0.859668,0.060254,0.828027,0.111719,10240,6201410,310,57008,39,495
17960,59.112,33.517,7.394062,7.118286,0.275776,618.5099,0.857324,0.061523,0.830859,0.107617,10240,6333541,320,56925,38,495
17980,59.154,33.541,7.39583,7.12146,0.27437,640.6195,0.852441,0.064453,0.822949,0.112598,10240,6559944,304,56947,36,495
18000,59.197,33.564,7.387514,7.106201,0.281312,684.3123,0.856934,0.069922,0.816113,0.113965,10240,7007358,313,56924,35,495
18020,59.237,33.586,7.394516,7.099854,0.294663,641.5843,0.857129,0.064746,0.80957,0.125684,10240,6569823,332,56950,35,495
18040,59.293,33.607,7.406917,7.102417,0.3045,662.2897,0.863086,0.06709,0.818262,0.114648,10240,6781847,295,56950,34,495
18060,59.375,33.65,7.417527,7.105713,0.311814,678.6626,0.870312,0.069336,0.821484,0.10918,10240,6949505,303,56925,35,495
18080,59.459,33.696,7.428343,7.096558,0.331785,663.6425,0.870117,0.067285,0.826367,0.106348,10240,6795699,331,56776,36,495
18100,59.528,33.742,7.423742,7.097778,0.325964,676.0542,0.87168,0.068848,0.825098,0.106055,10240,6922795,305,56837,35,495
18120,59.568,33.765,7.430785,7.101562,0.329223,696.6897,0.867285,0.07168,0.814258,0.114062,10240,7134103,341,56862,38,495
18140,59.608,33.787,7.439478,7.107178,0.3323,676.6039,0.863379,0.069141,0.812109,0.11875,10240,6928424,331,56884,40,495
18160,59.649,33.809,7.434521,7.096924,0.337597,672.8156,0.866309,0.068457,0.813574,0.117969,10240,6889632,328,56759,47,497
18180,59.689,33.832,7.429154,7.094604,0.334549,674.052,0.868066,0.068555,0.81123,0.120215,10240,6902292,306,56749,47,497
18200,59.73,33.854,7.436363,7.102783,0.33358,703.3267,0.870703,0.071973,0.810352,0.117676,10240,7202065,290,56746,46,497
18220,59.77,33.877,7.434291,7.103638,0.330653,684.6368,0.863184,0.070117,0.797754,0.132129,10240,7010681,286,56783,46,497
18240,59.811,33.9,7.448134,7.119873,0.328261,694.1399,0.865039,0.070996,0.800684,0.12832,10240,7107993,313,56858,47,499
18260,59.852,33.922,7.454662,7.140503,0.314159,696.6746,0.864648,0.071289,0.802246,0.126465,10240,7133948,309,56912,47,499
18280,59.892,33.945,7.467522,7.145386,0.322136,703.5705,0.864453,0.071777,0.805469,0.122754,10240,7204562,283,56911,46,499
18300,59.932,33.967,7.474123,7.144531,0.329591,672.1524,0.867676,0.068359,0.811621,0.12002,10240,6882841,318,56865,42,499
18320,59.973,33.99,7.473456,7.15979,0.313666,677.7204,0.867383,0.06875,0.803809,0.127441,10240,6939857,325,56954,42,499
18340,60.05,34.027,7.468779,7.133301,0.335478,679.3162,0.87041,0.068848,0.804102,0.127051,10240,6956198,319,56806,41,499
18360,60.123,34.07,7.476434,7.133301,0.343133,676.0561,0.868164,0.06875,0.804395,0.126855,10240,6922814,345,56771,40,501
18380,60.167,34.092,7.480922,7.134888,0.346035,679.6577,0.868652,0.069336,0.815723,0.114941,10240,6959695,321,56831,40,501
18400,60.208,34.115,7.493838,7.15564,0.338198,656.2073,0.866113,0.066406,0.816113,0.11748,10240,6719563,338,56838,41,501
18420,60.252,34.138,7.513906,7.18396,0.329946,657.5252,0.866211,0.066406,0.819922,0.113672,10240,6733058,311,56923,42,501
18440,60.293,34.16,7.5281,7.184814,0.343286,663.7083,0.862891,0.066992,0.819629,0.113379,10240,6796373,311,56802,44,503
18460,60.333,34.182,7.533818,7.20459,0.329228,657.255,0.859766,0.066406,0.822949,0.110645,10240,6730291,304,56878,43,505
18480,60.373,34.204,7.536215,7.193115,0.343099,664.0007,0.858984,0.067285,0.811719,0.120996,10240,6799367,309,56734,44,505
18500,60.413,34.226,7.523695,7.188599,0.335096,666.2898,0.857129,0.067773,0.802246,0.12998,10240,6822808,312,56784,47,507
18520,60.454,34.249,7.526041,7.20459,0.321451,673.0846,0.853711,0.06875,0.797461,0.133789,10240,6892386,278,56853,47,507
18540,60.494,34.271,7.528854,7.212891,0.315963,672.0013,0.847559,0.068652,0.793262,0.138086,10240,6881293,302,56940,47,507
18560,60.535,34.293,7.535593,7.214966,0.320627,677.4929,0.848145,0.069336,0.789551,0.141113,10240,6937527,304,56934,52,509
18580,60.576,34.314,7.544536,7.219116,0.32542,680.5201,0.848047,0.069531,0.794824,0.135645,10240,6968526,323,56884,50,509
18600,60.616,34.337,7.551389,7.234375,0.317014,689.2854,0.844434,0.070605,0.793652,0.135742,10240,7058282,328,56925,50,510
18620,60.657,34.359,7.551655,7.245483,0.306172,690.8153,0.850684,0.070801,0.802148,0.127051,10240,7073949,328,56963,48,510
18640,60.703,34.386,7.538328,7.241821,0.296507,657.4476,0.847461,0.066699,0.804883,0.128418,10240,6732263,315,57000,46,510
18660,60.745,34.408,7.535013,7.249878,0.285135,653.1521,0.844629,0.066211,0.800879,0.13291,10240,6688277,295,57113,44,510
18680,60.791,34.436,7.539587,7.251465,0.288123,653.9322,0.841406,0.066504,0.799902,0.133594,10240,6696266,330,57122,42,510
18700,60.832,34.457,7.544599,7.265747,0.278851,637.2727,0.844336,0.064355,0.797461,0.138184,10240,6525672,322,57201,43,510
18720,60.872,34.479,7.54115,7.25061,0.29054,627.1468,0.846191,0.063281,0.79082,0.145898,10240,6421983,325,57127,39,510
18740,60.912,34.501,7.538779,7.239746,0.299033,651.0182,0.841797,0.065918,0.786035,0.148047,10240,6666426,306,57101,38,510
18760,60.952,34.523,7.536061,7.243042,0.293019,640.3691,0.839453,0.064844,0.784863,0.150293,10240,6557380,304,57119,40,510
18780,60.993,34.545,7.530588,7.243896,0.286691,647.4405,0.836035,0.065723,0.786719,0.147559,10240,6629791,296,57193,39,510
18800,61.034,34.568,7.528868,7.257202,0.271665,654.6182,0.838477,0.066699,0.790918,0.142383,10240,6703290,310,57240,37,510
18820,61.074,34.589,7.534607,7.259888,0.274719,613.4476,0.848535,0.061328,0.795605,0.143066,10240,6281703,331,57248,38,510
18840,61.113,34.611,7.531239,7.258179,0.27306,625.4439,0.847852,0.062891,0.800293,0.136816,10240,6404546,340,57225,40,512
18860,61.152,34.632,7.533115,7.264526,0.268589,599.8226,0.847754,0.059668,0.801172,0.13916,10240,6142183,300,57276,37,512
18880,61.195,34.653,7.527318,7.27063,0.256688,615.6766,0.848633,0.061719,0.796094,0.142188,10240,6304528,296,57294,37,512
18900,61.235,34.674,7.52132,7.268921,0.252399,608.4953,0.850391,0.060742,0.788574,0.150684,10240,6230992,342,57317,37,512
18920,61.276,34.696,7.506714,7.249512,0.257203,600.0632,0.850586,0.059863,0.784375,0.155762,10240,6144647,311,57234,36,512
18940,61.332,34.726,7.510493,7.254761,0.255733,599.8306,0.852441,0.059668,0.786816,0.153516,10240,6142265,302,57286,34,512
18960,61.376,34.752,7.503684,7.255127,0.248557,613.3082,0.853809,0.061523,0.783301,0.155176,10240,6280276,315,57303,34,512
18980,61.416,34.773,7.502302,7.251099,0.251203,598.2148,0.847559,0.059668,0.783496,0.156836,10240,6125720,331,57324,33,512
19000,61.455,34.794,7.498039,7.240723,0.257317,598.8675,0.848438,0.059863,0.780176,0.159961,10240,6132403,350,57235,33,512
19020,61.495,34.815,7.493786,7.242432,0.251355,588.1349,0.843066,0.058496,0.778711,0.162793,10240,6022501,280,57243,32,512
19040,61.54,34.836,7.48891,7.232422,0.256488,580.0113,0.848438,0.057324,0.782324,0.160352,10240,5939316,292,57242,33,514
19060,61.593,34.867,7.493462,7.240723,0.252739,572.791,0.849707,0.056445,0.77959,0.163965,10240,5865380,317,57351,27,514
19080,61.632,34.888,7.490502,7.248413,0.242089,595.365,0.843066,0.059375,0.766406,0.174219,10240,6096538,305,57340,29,514
19100,61.677,34.909,7.484493,7.231812,0.252682,604.9558,0.843359,0.060938,0.757422,0.181641,10240,6194747,334,57310,30,514
19120,61.716,34.929,7.478409,7.232056,0.246353,584.6111,0.837402,0.058301,0.757129,0.18457,10240,5986418,327,57376,29,514
19140,61.754,34.949,7.47246,7.243286,0.229174,579.7979,0.83291,0.05752,0.75957,0.18291,10240,5937130,324,57464,28,514
19160,61.795,34.969,7.463377,7.231567,0.231809,584.6374,0.826855,0.058496,0.753809,0.187695,10240,5986687,300,57462,28,514
19180,61.842,34.992,7.466104,7.238892,0.227212,574.0211,0.826758,0.057031,0.750391,0.192578,10240,5877976,351,57492,29,514
19200,61.893,35.022,7.455611,7.233032,0.222579,602.0398,0.830957,0.060352,0.748535,0.191113,10240,6164888,334,57462,29,514
19220,61.933,35.044,7.447361,7.215088,0.232274,623.7497,0.827734,0.063281,0.740039,0.19668,10240,6387197,331,57409,30,514
19240,61.973,35.066,7.441839,7.209229,0.23261,640.0517,0.83457,0.065137,0.749023,0.18584,10240,6554129,311,57375,30,514
19260,62.012,35.087,7.451672,7.213013,0.238659,620.7129,0.829395,0.062695,0.754883,0.182422,10240,6356100,315,57284,31,514
19280,62.052,35.109,7.449657,7.190552,0.259105,655.3241,0.82373,0.066797,0.751855,0.181348,10240,6710519,303,57176,31,516
19300,62.093,35.131,7.443458,7.186279,0.257179,650.6894,0.829395,0.066211,0.759961,0.173828,10240,6663059,316,57198,32,516
19320,62.133,35.153,7.451224,7.191162,0.260062,643.7253,0.821777,0.065527,0.758203,0.17627,10240,6591747,323,57153,32,516
19340,62.175,35.174,7.443422,7.184814,0.258608,623.4576,0.819141,0.062988,0.754395,0.182617,10240,6384206,308,57124,34,516
19360,62.215,35.195,7.437262,7.185791,0.251471,611.91,0.821289,0.061621,0.755273,0.183105,10240,6265958,335,57180,34,516
19380,62.254,35.216,7.431546,7.177979,0.253568,620.0819,0.825,0.062793,0.75332,0.183887,10240,6349639,318,57142,39,520
19400,62.294,35.237,7.421519,7.178223,0.243296,608.9903,0.827539,0.061426,0.751855,0.186719,10240,6236061,342,57248,37,520
19420,62.334,35.258,7.407446,7.175659,0.231786,623.3926,0.833008,0.063184,0.755566,0.18125,10240,6383540,316,57335,36,520
19440,62.374,35.28,7.409502,7.178833,0.230669,629.8791,0.832422,0.06377,0.761621,0.174609,10240,6449962,308,57325,32,520
19460,62.414,35.302,7.404776,7.183228,0.221548,623.6586,0.82793,0.063184,0.761133,0.175684,10240,6386264,307,57356,31,520
19480,62.454,35.324,7.396418,7.185669,0.210749,630.403,0.828809,0.06416,0.752051,0.183789,10240,6455327,264,57415,32,520
19500,62.493,35.345,7.391129,7.167114,0.224015,605.5666,0.82959,0.060938,0.760938,0.178125,10240,6201002,285,57294,31,520
19520,62.534,35.366,7.374197,7.161377,0.21282,605.6398,0.823926,0.060742,0.769336,0.169922,10240,6201752,318,57282,31,521
19540,62.573,35.387,7.366086,7.129639,0.236447,618.8223,0.827441,0.062402,0.775195,0.162402,10240,6336740,323,57099,30,521
19560,62.613,35.409,7.375486,7.137451,0.238035,657.0591,0.814648,0.06709,0.777246,0.155664,10240,6728285,305,57129,30,521
19580,62.653,35.431,7.371472,7.151611,0.219861,648.5646,0.80791,0.066113,0.777539,0.156348,10240,6641301,301,57250,30,521
19600,62.695,35.453,7.375359,7.141113,0.234246,618.988,0.815234,0.062207,0.78418,0.153613,10240,6338437,296,57217,30,521
19620,62.735,35.476,7.375591,7.125244,0.250347,581.2456,0.824219,0.05752,0.793555,0.148926,10240,5951955,290,57035,31,522
19640,62.774,35.496,7.38138,7.124268,0.257113,578.9114,0.822852,0.057227,0.800293,0.14248,10240,5928053,295,57052,30,522
19660,62.814,35.517,7.388034,7.133179,0.254856,595.5047,0.82334,0.05957,0.791504,0.148926,10240,6097968,354,57074,27,522
19680,62.854,35.538,7.390685,7.135742,0.254943,574.4357,0.816016,0.056738,0.794727,0.148535,10240,5882222,330,57128,24,522
19700,62.891,35.558,7.393901,7.140381,0.25352,579.8147,0.82373,0.05752,0.797168,0.145312,10240,5937303,310,57161,30,529
19720,62.929,35.579,7.400566,7.141357,0.259209,565.4469,0.82041,0.055664,0.793848,0.150488,10240,5790176,318,57143,29,529
19740,62.967,35.598,7.400789,7.143188,0.2576,559.6281,0.824023,0.054785,0.793848,0.151367,10240,5730592,327,57149,29,529
19760,63.005,35.618,7.392545,7.143188,0.249357,571.8382,0.827539,0.056543,0.787988,0.155469,10240,5855623,265,57126,30,529
19780,63.044,35.639,7.397356,7.1427,0.254656,581.4941,0.837305,0.057715,0.788086,0.154199,10240,5954500,313,57044,31,529
19800,63.087,35.659,7.39383,7.152832,0.240998,565.04,0.838574,0.055566,0.797363,0.14707,10240,5786010,302,57178,31,529
19820,63.142,35.689,7.395071,7.141235,0.253836,564.1913,0.837598,0.055566,0.795312,0.149121,10240,5777319,255,57150,33,529
19840,63.189,35.718,7.393415,7.1427,0.250715,571.97,0.836719,0.056445,0.796582,0.146973,10240,5856973,305,57145,29,529
19860,63.226,35.738,7.405263,7.142212,0.263051,567.6146,0.838574,0.055762,0.806934,0.137305,10240,5812373,310,57184,29,529
19880,63.264,35.758,7.401728,7.132935,0.268794,577.0533,0.847559,0.056836,0.811816,0.131348,10240,5909026,347,57032,29,529
19900,63.301,35.778,7.397132,7.137695,0.259437,586.4802,0.843848,0.058105,0.817969,0.123926,10240,6005557,287,57061,29,529
19920,63.338,35.798,7.390588,7.134277,0.256311,559.0907,0.850488,0.05459,0.828418,0.116992,10240,5725089,337,56966,26,529
19940,63.376,35.818,7.38494,7.129883,0.255058,564.9231,0.861816,0.055176,0.835742,0.109082,10240,5784813,310,57041,28,531
19960,63.413,35.838,7.392152,7.140015,0.252137,559.3108,0.865527,0.054492,0.831152,0.114355,10240,5727343,298,57185,31,533
19980,63.451,35.858,7.392138,7.147949,0.244189,567.9073,0.873633,0.055566,0.828613,0.11582,10240,5815371,321,57297,33,535
20000,63.491,35.878,7.392271,7.150024,0.242247,545.2715,0.872754,0.052832,0.824414,0.122754,10240,5583580,306,57292,33,535
