epoch,wall_s,sim_s,entropy_bits,zlib_bits,high_order_entropy,mean_steps,frac_copy_runs,frac_term_budget,frac_term_off_region,frac_term_unmatched,runs,steps,mutations,distinct_windows,n_persistent,A_t
0,0.057,0.0,7.997252,8.003174,-0.005922,0.0,0.0,0.0,0.0,0.0,0,0,0,58368,0,0
20,0.152,0.051,7.996256,7.964966,0.03129,665.589,0.496484,0.064355,0.624707,0.310938,10240,6815631,342,57983,0,0
40,0.225,0.089,7.994851,7.935303,0.059548,652.3719,0.494922,0.064746,0.611426,0.323828,10240,6680288,314,57795,0,0
60,0.297,0.127,7.991925,7.882812,0.109113,606.0796,0.495215,0.060645,0.612891,0.326465,10240,6206255,329,57408,0,0
80,0.375,0.165,7.990867,7.838379,0.152488,614.6817,0.505469,0.061328,0.612598,0.326074,10240,6294341,325,57118,0,0
100,0.447,0.198,7.987355,7.797729,0.189626,582.4428,0.506641,0.05791,0.613184,0.328906,10240,5964214,298,56841,10,10
120,0.521,0.234,7.984786,7.768677,0.216109,561.2639,0.500293,0.054785,0.609863,0.335352,10240,5747342,306,56640,12,12
140,0.598,0.272,7.983027,7.756592,0.226435,581.0051,0.487305,0.057617,0.603418,0.338965,10240,5949492,319,56552,18,18
160,0.671,0.306,7.979011,7.717163,0.261848,597.9731,0.481641,0.059863,0.602051,0.338086,10240,6123245,339,56303,24,24
180,0.742,0.339,7.974651,7.67395,0.3007,563.2697,0.476465,0.055566,0.601367,0.343066,10240,5767882,301,56014,26,26
200,0.814,0.372,7.971984,7.65332,0.318664,552.1783,0.476953,0.054395,0.608008,0.337598,10240,5654306,310,55904,28,29
220,0.873,0.405,7.970779,7.644043,0.326736,562.5465,0.461816,0.055469,0.60127,0.343262,10240,5760476,290,55881,31,32
240,0.912,0.423,7.968115,7.626221,0.341894,572.07,0.451758,0.057129,0.583984,0.358887,10240,5857997,302,55796,35,36
260,0.949,0.441,7.966778,7.619019,0.347759,567.7987,0.442383,0.057129,0.578711,0.36416,10240,5814259,299,55796,37,39
280,0.985,0.458,7.962339,7.597534,0.364805,580.4648,0.440234,0.058691,0.571387,0.369922,10240,5943960,308,55664,39,41
300,1.022,0.477,7.959451,7.588013,0.371438,588.3814,0.438281,0.060156,0.565625,0.374219,10240,6025026,290,55634,41,43
320,1.059,0.494,7.958351,7.585815,0.372536,592.1467,0.437793,0.060449,0.561426,0.378125,10240,6063582,282,55649,41,44
340,1.094,0.51,7.954863,7.565186,0.389678,525.7408,0.448633,0.051758,0.55918,0.389062,10240,5383586,312,55551,44,46
360,1.13,0.527,7.950237,7.549927,0.40031,532.1494,0.446777,0.052832,0.561523,0.385645,10240,5449210,283,55469,45,47
380,1.178,0.543,7.946914,7.537354,0.409561,519.1898,0.435547,0.051562,0.553223,0.395215,10240,5316504,289,55408,45,47
400,1.245,0.575,7.948209,7.547119,0.401089,504.934,0.42832,0.049805,0.559766,0.39043,10240,5170524,301,55511,45,48
420,1.316,0.607,7.948773,7.558228,0.390546,529.0796,0.432227,0.052832,0.557227,0.389941,10240,5417775,327,55635,44,49
440,1.389,0.64,7.948114,7.539185,0.408929,539.9843,0.435059,0.053711,0.554492,0.391797,10240,5529439,310,55522,45,51
460,1.46,0.677,7.947251,7.536865,0.410386,517.5498,0.434961,0.051367,0.557422,0.391211,10240,5299710,321,55541,45,51
480,1.549,0.71,7.948116,7.539551,0.408565,526.8418,0.417676,0.053027,0.542383,0.40459,10240,5394860,312,55605,43,51
500,1.62,0.742,7.948216,7.555542,0.392674,503.4631,0.411719,0.050293,0.543457,0.40625,10240,5155462,298,55795,43,51
520,1.656,0.758,7.947788,7.56189,0.385898,518.4712,0.407812,0.052246,0.534863,0.412891,10240,5309145,323,55897,44,52
540,1.69,0.773,7.948213,7.572144,0.376069,483.3345,0.413281,0.047754,0.540332,0.411914,10240,4949345,300,56002,43,52
560,1.726,0.79,7.946682,7.566162,0.38052,495.6915,0.420508,0.049121,0.538965,0.411914,10240,5075881,342,55986,41,52
580,1.761,0.805,7.944812,7.546387,0.398425,501.6263,0.423047,0.05,0.537891,0.412109,10240,5136653,290,55860,39,52
600,1.796,0.821,7.940924,7.516357,0.424567,512.7938,0.427637,0.050977,0.545117,0.403906,10240,5251009,326,55673,39,52
620,1.831,0.838,7.941329,7.521973,0.419356,525.5189,0.429883,0.052637,0.540527,0.406836,10240,5381314,314,55750,40,53
640,1.865,0.853,7.941288,7.526245,0.415043,487.8952,0.439062,0.047949,0.540234,0.411816,10240,4996047,284,55815,43,56
660,1.899,0.868,7.941026,7.532959,0.408067,482.431,0.437598,0.047266,0.534473,0.418262,10240,4940093,341,55882,42,57
680,1.959,0.888,7.941999,7.536011,0.405988,493.1419,0.444727,0.04834,0.536719,0.414941,10240,5049773,350,55952,44,58
700,2.03,0.916,7.941903,7.537964,0.403939,506.145,0.446777,0.050293,0.528418,0.421289,10240,5182925,330,55978,43,58
720,2.088,0.943,7.941739,7.546631,0.395108,484.819,0.443457,0.047949,0.529297,0.422754,10240,4964547,299,56091,44,58
740,2.124,0.959,7.941779,7.558716,0.383063,492.3401,0.428906,0.049023,0.524121,0.426855,10240,5041563,328,56227,44,58
760,2.158,0.974,7.940917,7.550903,0.390014,483.033,0.434961,0.047168,0.523828,0.429004,10240,4946258,295,56200,42,58
780,2.192,0.989,7.940761,7.550659,0.390102,475.7815,0.425098,0.045996,0.518262,0.435742,10240,4872003,300,56219,43,59
800,2.226,1.004,7.940375,7.560181,0.380195,442.6775,0.414941,0.042383,0.519238,0.438379,10240,4533018,321,56310,41,59
820,2.261,1.019,7.93795,7.567261,0.370689,473.7674,0.410352,0.046582,0.510938,0.44248,10240,4851378,328,56392,40,59
840,2.295,1.034,7.936989,7.562744,0.374245,473.9742,0.406445,0.046289,0.515234,0.438477,10240,4853496,300,56389,41,60
860,2.33,1.05,7.936206,7.567383,0.368823,487.9316,0.405566,0.048145,0.516992,0.434863,10240,4996420,291,56446,41,60
880,2.379,1.065,7.93523,7.568115,0.367115,476.0266,0.408398,0.046875,0.515332,0.437793,10240,4874512,305,56481,41,60
900,2.451,1.097,7.935754,7.576172,0.359582,520.9236,0.400098,0.052734,0.509375,0.437891,10240,5334258,318,56574,41,60
920,2.52,1.127,7.935366,7.583862,0.351504,497.3025,0.393945,0.049609,0.499707,0.450684,10240,5092378,298,56676,43,61
940,2.591,1.158,7.93316,7.584106,0.349054,495.5655,0.40293,0.048926,0.506641,0.444434,10240,5074591,314,56683,42,62
960,2.656,1.19,7.93434,7.588013,0.346328,472.7985,0.397949,0.046289,0.507715,0.445996,10240,4841457,290,56718,41,64
980,2.725,1.221,7.934943,7.5896,0.345344,510.1784,0.398242,0.050977,0.505176,0.443848,10240,5224227,332,56748,39,64
1000,2.798,1.256,7.934903,7.598145,0.336759,503.1794,0.395117,0.050879,0.502832,0.446289,10240,5152557,318,56819,39,64
1020,2.87,1.287,7.934039,7.604492,0.329546,494.4188,0.400879,0.049805,0.504004,0.446191,10240,5062849,327,56890,37,64
1040,2.94,1.32,7.93443,7.61377,0.32066,486.442,0.402441,0.04873,0.499512,0.451758,10240,4981166,312,56975,39,66
1060,3.013,1.358,7.934546,7.614746,0.3198,479.6724,0.408301,0.047949,0.490918,0.461133,10240,4911845,296,57001,39,66
1080,3.085,1.386,7.934593,7.624146,0.310448,503.6858,0.419043,0.050977,0.490332,0.458691,10240,5157743,312,57074,37,66
1100,3.165,1.419,7.93361,7.61792,0.31569,483.5294,0.430762,0.048535,0.49209,0.459375,10240,4951341,302,57029,37,66
1120,3.215,1.442,7.926767,7.581055,0.345712,502.2289,0.423828,0.050195,0.487988,0.461816,10240,5142824,277,56772,36,66
1140,3.251,1.458,7.924676,7.562256,0.36242,503.2088,0.425586,0.05,0.498828,0.451172,10240,5152858,299,56634,37,67
1160,3.285,1.474,7.922021,7.550415,0.371606,485.9308,0.432227,0.04873,0.496973,0.454297,10240,4975931,307,56618,35,67
1180,3.319,1.489,7.922076,7.560303,0.361773,477.5773,0.433008,0.047852,0.496094,0.456055,10240,4890392,313,56710,35,67
1200,3.38,1.509,7.920355,7.565674,0.354681,482.3255,0.429199,0.048438,0.492188,0.459375,10240,4939013,340,56793,36,69
1220,3.452,1.538,7.918268,7.550659,0.367609,514.8234,0.430078,0.052344,0.493848,0.453809,10240,5271792,313,56704,37,71
1240,3.517,1.57,7.913174,7.519409,0.393765,515.7312,0.437012,0.052441,0.492969,0.45459,10240,5281088,332,56482,37,71
1260,3.589,1.606,7.908045,7.501709,0.406336,517.3955,0.45166,0.052344,0.497363,0.450293,10240,5298130,313,56371,36,71
1280,3.66,1.638,7.905742,7.508789,0.396953,520.3986,0.448828,0.052539,0.502637,0.444824,10240,5328882,285,56414,37,72
1300,3.723,1.67,7.900558,7.475952,0.424606,493.5223,0.451367,0.050293,0.50459,0.445117,10240,5053668,308,56164,38,74
1320,3.758,1.686,7.889714,7.450928,0.438786,495.9093,0.458008,0.050391,0.510352,0.439258,10240,5078111,331,56038,40,75
1340,3.793,1.702,7.86974,7.367065,0.502675,510.7559,0.459473,0.051855,0.515527,0.432617,10240,5230140,301,55406,40,80
1360,3.829,1.718,7.867577,7.362305,0.505272,509.208,0.47207,0.051562,0.53623,0.412207,10240,5214290,306,55450,39,80
1380,3.864,1.734,7.863442,7.366943,0.496499,521.4271,0.48125,0.052734,0.535059,0.412207,10240,5339413,271,55565,40,82
1400,3.899,1.75,7.862151,7.344604,0.517547,524.8676,0.478613,0.053809,0.530273,0.415918,10240,5374644,352,55429,39,82
1420,3.934,1.766,7.864501,7.354248,0.510253,483.1783,0.480566,0.048438,0.53252,0.419043,10240,4947746,315,55551,42,85
1440,3.969,1.781,7.859512,7.331543,0.527969,473.8455,0.489453,0.04707,0.535059,0.417871,10240,4852178,329,55391,45,87
1460,4.004,1.797,7.848356,7.293823,0.554532,471.423,0.495898,0.04668,0.542969,0.410352,10240,4827372,322,55127,45,88
1480,4.038,1.812,7.849708,7.295288,0.55442,479.6156,0.498633,0.047852,0.55166,0.400488,10240,4911264,309,55189,46,90
1500,4.073,1.828,7.846457,7.306274,0.540183,479.831,0.497754,0.047461,0.549219,0.40332,10240,4913469,329,55357,47,90
1520,4.117,1.843,7.839269,7.282104,0.557165,458.0999,0.505469,0.044824,0.549316,0.405859,10240,4690943,308,55183,47,90
1540,4.185,1.875,7.839206,7.300171,0.539035,455.6607,0.493066,0.044531,0.550098,0.405371,10240,4665966,301,55336,47,91
1560,4.255,1.907,7.839437,7.303589,0.535848,445.7116,0.49707,0.043359,0.550879,0.405762,10240,4564087,311,55441,48,93
1580,4.298,1.93,7.846669,7.321045,0.525624,458.2412,0.48877,0.044629,0.549219,0.406152,10240,4692390,308,55532,47,94
1600,4.333,1.945,7.845726,7.332642,0.513084,477.5949,0.49082,0.047363,0.548926,0.403711,10240,4890572,313,55635,49,97
1620,4.369,1.961,7.84545,7.332275,0.513175,485.6295,0.47832,0.04834,0.554395,0.397266,10240,4972846,326,55712,48,97
1640,4.404,1.976,7.840904,7.311035,0.529869,482.4046,0.474219,0.047949,0.553418,0.398633,10240,4939823,311,55650,47,98
1660,4.439,1.993,7.840325,7.307129,0.533196,509.3998,0.481543,0.051172,0.561426,0.387402,10240,5216254,288,55634,49,99
1680,4.474,2.008,7.83969,7.295044,0.544646,498.673,0.478418,0.049805,0.562695,0.3875,10240,5106412,296,55533,49,99
1700,4.511,2.025,7.835728,7.252197,0.583531,501.2924,0.502441,0.05,0.573438,0.376562,10240,5133234,334,55281,51,102
1720,4.562,2.041,7.832566,7.255737,0.576828,483.9067,0.513184,0.048145,0.580859,0.370996,10240,4955205,316,55385,48,103
1740,4.638,2.077,7.82903,7.254272,0.574757,498.6849,0.529004,0.049609,0.57959,0.370801,10240,5106533,293,55412,42,105
1760,4.705,2.109,7.825515,7.250244,0.575271,505.9541,0.536426,0.050391,0.581934,0.367676,10240,5180970,285,55429,42,106
1780,4.777,2.141,7.821853,7.237305,0.584548,494.8252,0.539551,0.049023,0.589551,0.361426,10240,5067010,314,55404,44,109
1800,4.84,2.173,7.813304,7.236694,0.57661,478.946,0.537402,0.04707,0.591406,0.361523,10240,4904407,291,55465,41,109
1820,4.875,2.19,7.810853,7.223022,0.58783,499.8199,0.538574,0.049512,0.596094,0.354395,10240,5118156,276,55391,43,111
1840,4.912,2.206,7.813675,7.226318,0.587357,481.6385,0.521289,0.047266,0.597168,0.355566,10240,4931978,296,55435,47,115
1860,4.948,2.222,7.812856,7.212891,0.599966,502.5069,0.515625,0.049707,0.594043,0.35625,10240,5145671,302,55353,46,116
1880,4.983,2.238,7.81385,7.217163,0.596687,476.9735,0.519922,0.046973,0.593359,0.359668,10240,4884209,324,55409,47,117
1900,5.018,2.254,7.81735,7.217896,0.599454,498.1115,0.523828,0.049121,0.596094,0.354785,10240,5100662,319,55419,49,119
1920,5.053,2.271,7.815831,7.217529,0.598302,493.7502,0.528027,0.04873,0.600684,0.350586,10240,5056002,301,55504,52,120
1940,5.102,2.288,7.813536,7.213989,0.599547,483.4319,0.528711,0.047461,0.600098,0.352441,10240,4950343,301,55482,50,122
1960,5.154,2.317,7.807244,7.216553,0.590692,503.9988,0.537793,0.050293,0.606055,0.343652,10240,5160948,331,55579,50,123
1980,5.188,2.333,7.810399,7.217651,0.592748,488.5136,0.553223,0.04834,0.606445,0.345215,10240,5002379,348,55554,53,125
2000,5.226,2.349,7.811948,7.215942,0.596006,490.9387,0.562109,0.048438,0.608398,0.343164,10240,5027212,327,55552,54,126
2020,5.263,2.366,7.812617,7.230591,0.582026,500.1146,0.556934,0.049707,0.61377,0.336523,10240,5121173,300,55730,55,127
2040,5.298,2.383,7.810261,7.241089,0.569172,487.9354,0.555664,0.048145,0.616016,0.33584,10240,4996458,300,55840,54,127
2060,5.337,2.4,7.806648,7.244263,0.562385,502.0292,0.564258,0.05,0.608594,0.341406,10240,5140779,313,55873,55,129
2080,5.414,2.437,7.799994,7.247192,0.552802,522.4898,0.578613,0.052539,0.605859,0.341602,10240,5350296,314,55959,54,131
2100,5.487,2.47,7.801701,7.256104,0.545598,528.7106,0.575488,0.053223,0.606348,0.34043,10240,5413997,336,56056,53,131
2120,5.558,2.502,7.799382,7.230591,0.568791,521.5677,0.571289,0.052148,0.608984,0.338867,10240,5340853,313,55892,53,131
2140,5.604,2.528,7.79585,7.233643,0.562208,513.7629,0.579199,0.051074,0.613867,0.335059,10240,5260932,321,55982,52,131
2160,5.641,2.545,7.795373,7.235107,0.560266,513.0473,0.583789,0.050781,0.61543,0.333789,10240,5253604,297,56002,51,132
2180,5.679,2.564,7.793803,7.230225,0.563578,490.2188,0.590723,0.048242,0.620996,0.330762,10240,5019840,315,55989,52,133
2200,5.715,2.58,7.786044,7.212769,0.573276,490.373,0.589258,0.048145,0.626367,0.325488,10240,5021420,305,55926,56,135
2220,5.75,2.597,7.788413,7.226929,0.561484,490.8289,0.600586,0.04834,0.632031,0.319629,10240,5026088,313,56112,57,136
2240,5.786,2.613,7.786321,7.217407,0.568913,485.2598,0.608887,0.047461,0.632129,0.32041,10240,4969060,302,55993,58,137
2260,5.822,2.63,7.784577,7.21875,0.565827,494.3465,0.627051,0.048535,0.637988,0.313477,10240,5062108,308,56054,59,139
2280,5.884,2.653,7.78589,7.229248,0.556642,502.298,0.622363,0.049414,0.640918,0.309668,10240,5143532,328,56141,64,143
2300,5.96,2.684,7.785667,7.217651,0.568015,514.2066,0.63584,0.050684,0.640039,0.309277,10240,5265476,324,56063,63,143
2320,6.013,2.713,7.787935,7.228271,0.559664,468.3004,0.647559,0.044922,0.655078,0.3,10240,4795396,311,56198,63,145
2340,6.048,2.729,7.78504,7.228394,0.556647,482.2949,0.665527,0.04668,0.657129,0.296191,10240,4938700,315,56166,64,146
2360,6.083,2.745,7.77867,7.233398,0.545272,451.0361,0.673926,0.042773,0.658105,0.299121,10240,4618610,304,56221,66,148
2380,6.117,2.761,7.775729,7.235229,0.540499,460.9908,0.677246,0.043945,0.659473,0.296582,10240,4720546,284,56248,69,151
2400,6.153,2.778,7.771971,7.228882,0.543089,458.3296,0.676465,0.043652,0.661035,0.295312,10240,4693295,285,56251,67,153
2420,6.188,2.794,7.767613,7.229858,0.537755,444.2762,0.690039,0.041699,0.66709,0.291211,10240,4549388,301,56288,67,153
2440,6.226,2.81,7.763589,7.227661,0.535927,453.9753,0.696094,0.042578,0.678125,0.279297,10240,4648707,307,56268,66,154
2460,6.276,2.833,7.758248,7.226807,0.531441,472.9328,0.698242,0.044824,0.687695,0.26748,10240,4842832,291,56260,64,154
2480,6.336,2.856,7.752103,7.223511,0.528592,468.9146,0.695508,0.044727,0.680859,0.274414,10240,4801685,302,56351,66,155
2500,6.373,2.874,7.75686,7.239502,0.517358,437.626,0.710254,0.04043,0.691602,0.267969,10240,4481290,320,56437,63,155
2520,6.411,2.89,7.755078,7.240356,0.514722,453.6666,0.702832,0.042676,0.688086,0.269238,10240,4645546,299,56457,63,157
2540,6.446,2.907,7.752824,7.248535,0.504289,434.1775,0.709863,0.040332,0.690625,0.269043,10240,4445978,345,56493,61,157
2560,6.481,2.923,7.741412,7.231079,0.510333,422.7975,0.722363,0.038477,0.702246,0.259277,10240,4329446,335,56366,62,159
2580,6.516,2.939,7.734636,7.219482,0.515154,445.757,0.727246,0.041504,0.710645,0.247852,10240,4564552,325,56308,58,159
2600,6.553,2.956,7.728503,7.201904,0.526599,462.0412,0.72666,0.043457,0.717383,0.23916,10240,4731302,302,56181,52,159
2620,6.612,2.978,7.71276,7.201782,0.510978,467.1985,0.723535,0.044238,0.718262,0.2375,10240,4784113,326,56178,51,159
2640,6.699,3.013,7.710501,7.169922,0.540579,449.9168,0.725195,0.041895,0.722754,0.235352,10240,4607148,314,55994,46,159
2660,6.752,3.047,7.709514,7.179077,0.530437,449.2677,0.724023,0.041895,0.735156,0.222949,10240,4600501,311,55988,48,161
2680,6.789,3.063,7.712284,7.193848,0.518437,440.1002,0.714258,0.040723,0.730469,0.228809,10240,4506626,306,56147,47,162
2700,6.825,3.08,7.708677,7.189453,0.519224,419.7691,0.707617,0.038281,0.738184,0.223535,10240,4298436,333,56059,48,164
2720,6.861,3.097,7.705433,7.197144,0.508289,434.2055,0.694922,0.039844,0.744922,0.215234,10240,4446264,318,56136,52,168
2740,6.897,3.113,7.701973,7.204346,0.497627,418.1785,0.697461,0.037988,0.742871,0.219141,10240,4282148,332,56200,55,172
2760,6.933,3.13,7.705641,7.19458,0.511061,452.3134,0.700098,0.04209,0.748926,0.208984,10240,4631689,300,56132,54,172
2780,6.97,3.147,7.706227,7.217773,0.488453,424.8688,0.697461,0.038867,0.751953,0.20918,10240,4350656,296,56340,48,172
2800,7.039,3.175,7.700629,7.221436,0.479194,436.9654,0.700391,0.040234,0.74834,0.211426,10240,4474526,303,56374,48,172
2820,7.111,3.209,7.698904,7.224121,0.474783,452.5874,0.708984,0.04209,0.747559,0.210352,10240,4634495,296,56384,48,172
2840,7.163,3.242,7.701398,7.22998,0.471417,458.6404,0.705273,0.042578,0.743652,0.21377,10240,4696478,357,56506,49,174
2860,7.201,3.26,7.705309,7.222412,0.482897,468.2764,0.709375,0.044141,0.748926,0.206934,10240,4795150,341,56443,49,174
2880,7.238,3.278,7.708719,7.240234,0.468485,478.0341,0.702832,0.045605,0.740723,0.213672,10240,4895069,324,56589,46,174
2900,7.275,3.296,7.711112,7.257935,0.453177,468.6635,0.715625,0.043945,0.727344,0.228711,10240,4799114,357,56669,41,175
2920,7.313,3.314,7.709127,7.267944,0.441182,513.8319,0.717676,0.050195,0.721484,0.22832,10240,5261639,344,56730,43,176
2940,7.351,3.332,7.708022,7.2677,0.440322,512.6734,0.717773,0.049902,0.71416,0.235938,10240,5249776,299,56722,44,177
2960,7.389,3.351,7.699972,7.270142,0.429831,538.854,0.699512,0.053027,0.714746,0.232227,10240,5517865,313,56766,44,177
2980,7.451,3.374,7.691576,7.269897,0.421678,525.7541,0.708594,0.051172,0.71377,0.235059,10240,5383722,313,56839,45,178
3000,7.529,3.407,7.688016,7.26123,0.426786,546.4467,0.721387,0.054102,0.72207,0.223828,10240,5595614,301,56737,45,179
3020,7.609,3.446,7.689315,7.274902,0.414412,541.8233,0.735059,0.053418,0.730469,0.216113,10240,5548271,299,56819,45,179
3040,7.668,3.481,7.687003,7.254761,0.432243,557.9102,0.737207,0.055273,0.732129,0.212598,10240,5713000,306,56664,44,179
3060,7.707,3.501,7.687676,7.254639,0.433037,558.5028,0.733691,0.055469,0.735352,0.20918,10240,5719069,324,56630,42,179
3080,7.746,3.521,7.687876,7.270264,0.417612,579.0063,0.732812,0.057715,0.729102,0.213184,10240,5929025,305,56745,41,180
3100,7.786,3.541,7.687109,7.275146,0.411962,580.8397,0.733203,0.058301,0.728711,0.212988,10240,5947799,339,56754,40,180
3120,7.826,3.561,7.684453,7.265259,0.419194,583.8851,0.738672,0.058203,0.731934,0.209863,10240,5978983,322,56727,41,181
3140,7.901,3.601,7.682767,7.263916,0.418851,562.4166,0.739355,0.055762,0.733301,0.210938,10240,5759146,291,56770,40,181
3160,7.98,3.64,7.681152,7.234009,0.447143,562.5356,0.74873,0.055566,0.74834,0.196094,10240,5760365,312,56506,40,181
3180,8.059,3.679,7.681546,7.253906,0.42764,541.1093,0.756348,0.053125,0.750391,0.196484,10240,5540959,306,56621,40,181
3200,8.118,3.719,7.671275,7.217529,0.453746,586.0418,0.774121,0.058105,0.75459,0.187305,10240,6001068,316,56306,42,182
3220,8.158,3.74,7.674555,7.218262,0.456293,598.8949,0.779004,0.05957,0.770996,0.169434,10240,6132684,294,56285,43,182
3240,8.197,3.759,7.667418,7.210449,0.456968,577.9606,0.778223,0.057031,0.779004,0.163965,10240,5918317,293,56309,45,183
3260,8.236,3.779,7.671974,7.231934,0.44004,559.8046,0.781934,0.05498,0.774316,0.170703,10240,5732399,308,56472,42,184
3280,8.274,3.799,7.676358,7.226318,0.450039,570.5923,0.773438,0.056543,0.773047,0.17041,10240,5842865,328,56444,44,185
3300,8.314,3.819,7.676995,7.235229,0.441766,543.2629,0.774316,0.053027,0.774512,0.172461,10240,5563012,317,56502,46,186
3320,8.354,3.838,7.670829,7.242065,0.428763,564.5208,0.788086,0.055762,0.773145,0.171094,10240,5780693,306,56563,45,186
3340,8.406,3.858,7.663649,7.225098,0.438552,566.687,0.781055,0.055859,0.776758,0.167383,10240,5802875,308,56485,46,187
3360,8.45,3.883,7.668752,7.230469,0.438284,575.0552,0.775391,0.057031,0.775391,0.167578,10240,5888565,315,56480,46,187
3380,8.491,3.903,7.666913,7.242065,0.424848,588.6307,0.780664,0.058398,0.777051,0.164551,10240,6027578,345,56573,45,187
3400,8.531,3.924,7.667262,7.260498,0.406764,589.6434,0.789746,0.058594,0.777441,0.163965,10240,6037948,329,56719,43,187
3420,8.571,3.944,7.669131,7.257568,0.411563,585.9485,0.794922,0.058301,0.783105,0.158594,10240,6000113,341,56689,48,193
3440,8.611,3.964,7.668608,7.244507,0.424101,591.0795,0.7875,0.058887,0.790527,0.150586,10240,6052654,289,56595,51,195
3460,8.65,3.985,7.665816,7.244995,0.420821,588.3397,0.785352,0.058203,0.791113,0.150684,10240,6024599,323,56575,50,195
3480,8.702,4.007,7.664843,7.256592,0.408251,620.6922,0.781152,0.062402,0.778223,0.159375,10240,6355888,306,56721,49,195
3500,8.779,4.046,7.659214,7.249878,0.409336,612.04,0.775,0.061426,0.76543,0.173145,10240,6267290,317,56672,48,195
3520,8.86,4.086,7.655049,7.249146,0.405904,583.0418,0.774707,0.058008,0.763379,0.178613,10240,5970348,330,56733,49,195
3540,8.9,4.107,7.657161,7.263306,0.393856,559.5407,0.769434,0.055078,0.753418,0.191504,10240,5729697,293,56785,47,195
3560,8.94,4.127,7.652883,7.261597,0.391286,559.5643,0.767773,0.054883,0.761816,0.183301,10240,5729938,282,56836,45,195
3580,8.979,4.147,7.651448,7.272583,0.378865,557.5465,0.762988,0.055078,0.7625,0.182422,10240,5709276,308,56846,47,196
3600,9.019,4.166,7.646713,7.278198,0.368515,560.0458,0.763574,0.055176,0.763184,0.181641,10240,5734869,302,56903,46,196
3620,9.058,4.186,7.64743,7.284302,0.363128,552.7627,0.762207,0.054395,0.757715,0.187891,10240,5660290,331,56949,45,196
3640,9.104,4.206,7.644912,7.285278,0.359634,545.9598,0.767773,0.053613,0.763574,0.182812,10240,5590628,309,56971,46,198
3660,9.171,4.233,7.64682,7.275269,0.371551,518.8245,0.771777,0.049902,0.770801,0.179297,10240,5312763,306,56930,44,199
3680,9.21,4.253,7.635056,7.270996,0.36406,537.3916,0.770801,0.052344,0.769434,0.178223,10240,5502890,328,56966,44,199
3700,9.25,4.273,7.630669,7.27417,0.356499,526.969,0.769727,0.051074,0.775293,0.173633,10240,5396163,323,56942,43,199
3720,9.289,4.292,7.621419,7.253052,0.368367,514.1425,0.774219,0.049512,0.77832,0.172168,10240,5264819,296,56886,44,199
3740,9.327,4.311,7.62168,7.247925,0.373756,508.1892,0.781836,0.048828,0.780664,0.170508,10240,5203857,325,56796,45,199
3760,9.367,4.33,7.622197,7.260864,0.361333,506.6487,0.779199,0.04873,0.780859,0.17041,10240,5188083,301,56933,41,199
3780,9.405,4.349,7.621555,7.274414,0.347141,521.6684,0.778613,0.050684,0.775781,0.173535,10240,5341884,323,57065,41,199
3800,9.472,4.377,7.611692,7.275269,0.336424,518.3929,0.774023,0.050098,0.77168,0.178223,10240,5308343,331,57123,38,199
3820,9.551,4.416,7.608885,7.280518,0.328367,506.397,0.758691,0.04873,0.771973,0.179297,10240,5185505,290,57182,41,199
3840,9.63,4.455,7.605456,7.288818,0.316638,502.9168,0.763574,0.04834,0.772852,0.178809,10240,5149868,337,57188,42,199
3860,9.708,4.492,7.606941,7.299683,0.307258,490.2609,0.758789,0.046875,0.771973,0.181152,10240,5020272,288,57250,42,199
3880,9.77,4.531,7.599958,7.303711,0.296247,496.3916,0.756836,0.047656,0.764062,0.188281,10240,5083050,315,57337,42,199
3900,9.808,4.549,7.595355,7.315186,0.28017,501.5827,0.754688,0.048145,0.759277,0.192578,10240,5136207,309,57352,40,199
3920,9.846,4.568,7.604707,7.32019,0.284517,499.9155,0.758594,0.048242,0.752637,0.199121,10240,5119135,298,57295,38,199
3940,9.883,4.587,7.606046,7.329346,0.2767,500.5263,0.75918,0.048242,0.760645,0.191113,10240,5125389,343,57414,35,199
3960,9.921,4.605,7.609405,7.335693,0.273712,512.8676,0.769727,0.049609,0.760254,0.190137,10240,5251764,303,57426,32,199
3980,9.96,4.624,7.609501,7.330078,0.279422,517.3647,0.762402,0.050195,0.758496,0.191309,10240,5297815,330,57322,32,199
4000,10.03,4.652,7.607795,7.331421,0.276374,537.2308,0.753613,0.052344,0.761719,0.185938,10240,5501243,317,57298,32,199
4020,10.105,4.691,7.61132,7.325317,0.286002,536.2134,0.744629,0.052539,0.756934,0.190527,10240,5490825,323,57260,29,199
4040,10.184,4.73,7.607223,7.315063,0.29216,541.9051,0.746191,0.053125,0.763379,0.183496,10240,5549108,281,57171,28,199
4060,10.243,4.77,7.603908,7.31604,0.287868,534.8466,0.744629,0.052246,0.764258,0.183496,10240,5476829,303,57167,29,199
4080,10.282,4.789,7.602197,7.319214,0.282983,555.9495,0.739941,0.05498,0.762012,0.183008,10240,5692923,310,57228,30,201
4100,10.321,4.809,7.596217,7.308472,0.287745,540.3441,0.746777,0.05293,0.768066,0.179004,10240,5533124,298,57118,29,202
4120,10.359,4.828,7.593091,7.314453,0.278638,536.6613,0.751562,0.052441,0.767285,0.180273,10240,5495412,330,57215,30,203
4140,10.399,4.848,7.597008,7.32251,0.274498,562.3938,0.753418,0.055664,0.755859,0.188477,10240,5758913,305,57289,27,203
4160,10.437,4.867,7.593504,7.323486,0.270018,542.2833,0.755273,0.05332,0.75,0.19668,10240,5552981,311,57350,27,203
4180,10.598,4.886,7.591426,7.321533,0.269893,522.3642,0.762598,0.050879,0.754297,0.194824,10240,5349009,332,57352,28,203
4200,10.672,4.923,7.591159,7.331909,0.25925,499.1432,0.767285,0.047949,0.760254,0.191797,10240,5111226,300,57450,27,203
4220,10.758,4.957,7.587826,7.339111,0.248714,509.4697,0.772461,0.049023,0.758008,0.192969,10240,5216970,313,57499,26,203
4240,10.828,4.988,7.592444,7.352539,0.239905,495.8436,0.763867,0.047266,0.760059,0.192676,10240,5077438,355,57507,26,203
4260,10.91,5.026,7.582283,7.344604,0.237679,503.543,0.770215,0.048145,0.765234,0.186621,10240,5156280,308,57562,25,203
4280,10.985,5.061,7.577271,7.353638,0.223634,493.9558,0.771777,0.047168,0.763281,0.189551,10240,5058107,305,57607,25,203
4300,11.062,5.099,7.576798,7.354126,0.222672,479.9291,0.771191,0.04502,0.768457,0.186523,10240,4914474,329,57573,24,203
4320,11.136,5.134,7.569967,7.35022,0.219747,491.5355,0.777148,0.046582,0.76875,0.184668,10240,5033324,306,57584,25,203
4340,11.218,5.172,7.570938,7.348999,0.221939,484.1484,0.766797,0.045605,0.772852,0.181543,10240,4957680,332,57550,26,205
4360,11.291,5.206,7.569377,7.345459,0.223918,480.9081,0.767871,0.045215,0.772949,0.181836,10240,4924499,321,57525,26,205
4380,11.37,5.241,7.571307,7.352173,0.219134,482.2084,0.768457,0.04541,0.774902,0.179688,10240,4937814,316,57510,27,205
4400,11.444,5.275,7.574037,7.351685,0.222353,499.732,0.771777,0.047461,0.769727,0.182812,10240,5117256,312,57457,24,205
4420,11.523,5.315,7.571366,7.349243,0.222122,531.805,0.780371,0.051562,0.770801,0.177637,10240,5445683,310,57404,24,205
4440,11.602,5.354,7.560833,7.346313,0.214519,534.3975,0.780762,0.051758,0.778027,0.170215,10240,5472230,315,57464,25,205
4460,11.682,5.394,7.563855,7.327026,0.236829,527.1455,0.781055,0.050977,0.784375,0.164648,10240,5397970,312,57361,26,206
4480,11.755,5.429,7.567198,7.311523,0.255675,507.8021,0.78457,0.048047,0.793262,0.158691,10240,5199893,297,57250,26,207
4500,11.838,5.471,7.575396,7.328857,0.246538,489.4189,0.785742,0.045898,0.799219,0.154883,10240,5011650,326,57307,27,208
4520,11.913,5.51,7.582537,7.327148,0.255389,492.5158,0.785449,0.046289,0.803516,0.150195,10240,5043362,314,57263,26,208
4540,11.989,5.546,7.579542,7.334106,0.245436,483.6076,0.787402,0.045215,0.802539,0.152246,10240,4952142,308,57313,27,209
4560,12.075,5.584,7.578676,7.341064,0.237611,486.8693,0.781055,0.045898,0.792871,0.16123,10240,4985542,302,57369,28,209
4580,12.13,5.619,7.579548,7.348999,0.230549,501.4658,0.781445,0.047559,0.789062,0.163379,10240,5135010,320,57410,26,209
4600,12.169,5.637,7.580632,7.358765,0.221868,483.9424,0.785059,0.045508,0.789258,0.165234,10240,4955570,320,57444,28,209
4620,12.209,5.658,7.584675,7.357422,0.227253,477.0208,0.781543,0.044824,0.786719,0.168457,10240,4884693,297,57430,28,209
4640,12.252,5.68,7.576896,7.361572,0.215324,504.8575,0.77168,0.048535,0.781934,0.169531,10240,5169741,291,57470,28,209
4660,12.323,5.705,7.576762,7.339233,0.237529,515.2377,0.77793,0.049609,0.781934,0.168457,10240,5276034,337,57261,28,209
4680,12.403,5.744,7.575787,7.343872,0.231915,512.8862,0.77002,0.049512,0.780957,0.169531,10240,5251955,318,57241,26,209
4700,12.445,5.764,7.583635,7.352783,0.230852,508.364,0.776855,0.04873,0.783203,0.168066,10240,5205647,303,57307,26,210
4720,12.502,5.79,7.580163,7.331543,0.24862,509.0025,0.774512,0.048633,0.79209,0.159277,10240,5212186,302,57275,26,210
4740,12.558,5.825,7.578828,7.337036,0.241792,498.1135,0.780566,0.047461,0.791309,0.16123,10240,5100682,311,57326,28,210
4760,12.597,5.843,7.572624,7.333862,0.238762,498.2478,0.786035,0.047559,0.792188,0.160254,10240,5102057,306,57290,29,210
4780,12.639,5.863,7.569649,7.332764,0.236886,485.5643,0.790137,0.045703,0.79248,0.161816,10240,4972178,308,57266,30,211
4800,12.678,5.882,7.5585,7.314697,0.243803,486.0975,0.795898,0.045996,0.796387,0.157617,10240,4977638,295,57182,30,211
4820,12.717,5.901,7.555529,7.30896,0.246569,508.3857,0.793555,0.048633,0.789648,0.161719,10240,5205870,324,57168,30,211
4840,12.756,5.92,7.552271,7.303223,0.249048,495.2606,0.783496,0.047168,0.786523,0.166309,10240,5071469,339,57154,32,211
4860,12.794,5.939,7.549668,7.288696,0.260971,538.5165,0.787988,0.052246,0.7875,0.160254,10240,5514409,296,57061,31,211
4880,12.832,5.958,7.546702,7.280396,0.266306,526.57,0.797461,0.050879,0.792676,0.156445,10240,5392077,336,57009,31,211
4900,12.87,5.978,7.550418,7.288208,0.26221,524.7399,0.807715,0.050781,0.789648,0.15957,10240,5373337,302,57020,32,212
4920,12.909,5.998,7.548316,7.278076,0.270239,538.5054,0.804297,0.052441,0.787207,0.160352,10240,5514295,315,56927,32,212
4940,12.95,6.017,7.549936,7.280762,0.269175,519.3993,0.801367,0.050195,0.786328,0.163477,10240,5318649,324,56935,34,212
4960,13.026,6.057,7.543869,7.271973,0.271896,534.0055,0.805957,0.052051,0.789746,0.158203,10240,5468216,286,56939,33,212
4980,13.067,6.077,7.543255,7.275513,0.267742,529.4097,0.800977,0.051367,0.7875,0.161133,10240,5421155,332,56918,34,212
5000,13.107,6.097,7.544313,7.274658,0.269655,541.4464,0.814844,0.052734,0.79082,0.156445,10240,5544411,323,56928,33,212
5020,13.147,6.117,7.539184,7.268555,0.27063,532.1762,0.808984,0.05166,0.793066,0.155273,10240,5449484,307,56893,35,213
5040,13.187,6.137,7.543154,7.272827,0.270327,551.1108,0.813086,0.053906,0.796973,0.149121,10240,5643375,316,56881,34,213
5060,13.227,6.157,7.549008,7.283936,0.265072,552.1919,0.815039,0.054004,0.796973,0.149023,10240,5654445,297,56975,35,213
5080,13.268,6.178,7.547846,7.292847,0.254999,553.9921,0.819434,0.054102,0.801562,0.144336,10240,5672879,325,57036,33,213
5100,13.349,6.218,7.549401,7.309937,0.239465,543.8557,0.821191,0.05293,0.801562,0.145508,10240,5569082,285,57160,32,214
5120,13.451,6.264,7.546183,7.315186,0.230997,545.8171,0.823633,0.05332,0.79248,0.154199,10240,5589167,306,57224,31,215
5140,13.513,6.3,7.549573,7.315918,0.233655,577.8183,0.825879,0.057129,0.785938,0.156934,10240,5916859,332,57232,30,215
5160,13.553,6.32,7.561742,7.324097,0.237645,557.4435,0.816309,0.054688,0.776074,0.169238,10240,5708221,305,57239,30,215
5180,13.593,6.34,7.560802,7.33606,0.224742,565.9352,0.806055,0.05625,0.760938,0.182812,10240,5795176,311,57294,30,215
5200,13.633,6.361,7.562692,7.33728,0.225411,558.9865,0.808984,0.05498,0.769336,0.175684,10240,5724022,335,57303,30,215
5220,13.673,6.381,7.555057,7.323486,0.23157,548.4337,0.808398,0.053613,0.769238,0.177148,10240,5615961,299,57175,31,215
5240,13.724,6.4,7.551734,7.308716,0.243018,536.8075,0.811133,0.052246,0.770312,0.177441,10240,5496909,331,57044,32,215
5260,13.806,6.437,7.5481,7.302856,0.245243,573.4669,0.803809,0.057031,0.771875,0.171094,10240,5872301,302,57020,31,216
5280,13.887,6.478,7.550625,7.2948,0.255825,607.0272,0.812598,0.060742,0.775098,0.16416,10240,6215959,328,57009,32,217
5300,13.931,6.503,7.555233,7.290894,0.26434,602.9091,0.815723,0.060449,0.78584,0.153711,10240,6173789,317,56979,31,217
5320,13.972,6.523,7.556188,7.294434,0.261754,581.8235,0.817676,0.057812,0.784766,0.157422,10240,5957873,328,56989,32,218
5340,14.012,6.544,7.550748,7.287109,0.263639,578.5725,0.817383,0.057422,0.770605,0.171973,10240,5924582,320,56974,32,218
5360,14.057,6.565,7.535405,7.271362,0.264042,590.859,0.816992,0.058887,0.777539,0.163574,10240,6050396,300,56914,37,222
5380,14.1,6.588,7.531953,7.264893,0.26706,599.1442,0.821582,0.060156,0.773438,0.166406,10240,6135237,347,56846,36,224
5400,14.142,6.609,7.529034,7.256836,0.272198,612.5322,0.820605,0.061523,0.772266,0.166211,10240,6272330,281,56841,36,225
5420,14.214,6.656,7.533211,7.254761,0.27845,581.3754,0.810938,0.058008,0.763086,0.178906,10240,5953284,323,56844,36,225
5440,14.255,6.678,7.532392,7.261841,0.270552,583.3301,0.819141,0.058105,0.763379,0.178516,10240,5973300,324,56881,34,225
5460,14.296,6.699,7.516762,7.258789,0.257973,594.0001,0.819727,0.05957,0.768262,0.172168,10240,6082561,303,56873,37,226
5480,14.337,6.72,7.520521,7.250488,0.270033,603.9024,0.823535,0.060645,0.769629,0.169727,10240,6183961,312,56821,38,226
5500,14.379,6.741,7.522045,7.229248,0.292797,617.2404,0.824512,0.062305,0.764941,0.172754,10240,6320542,303,56611,39,226
5520,14.42,6.762,7.525388,7.228882,0.296506,605.8676,0.822754,0.060938,0.760156,0.178906,10240,6204084,325,56611,38,226
5540,14.486,6.785,7.529424,7.207397,0.322027,610.6271,0.821777,0.061523,0.75918,0.179297,10240,6252821,325,56428,37,226
5560,14.568,6.826,7.526577,7.220093,0.306485,618.6408,0.820508,0.062402,0.768457,0.169141,10240,6334882,335,56538,40,226
5580,14.652,6.866,7.524841,7.194336,0.330505,625.0405,0.820996,0.063281,0.771387,0.165332,10240,6400415,334,56443,43,226
5600,14.739,6.913,7.510953,7.188721,0.322232,647.4768,0.824805,0.06543,0.776758,0.157812,10240,6630162,327,56524,45,226
5620,14.786,6.939,7.51008,7.164551,0.345529,665.06,0.841699,0.067578,0.783984,0.148438,10240,6810214,320,56408,43,227
5640,14.828,6.961,7.500033,7.133057,0.366977,639.6342,0.845117,0.064355,0.788965,0.14668,10240,6549854,307,56207,42,227
5660,14.869,6.982,7.501578,7.134155,0.367423,636.5009,0.845117,0.06416,0.793652,0.142188,10240,6517769,309,56234,45,227
5680,14.91,7.004,7.482016,7.109375,0.372641,635.1119,0.849805,0.063965,0.79541,0.140625,10240,6503546,339,56148,43,227
5700,14.952,7.026,7.475645,7.102417,0.373228,653.2967,0.844727,0.065918,0.792383,0.141699,10240,6689758,297,56115,44,228
5720,14.994,7.048,7.472641,7.091675,0.380967,679.8112,0.841895,0.069531,0.791504,0.138965,10240,6961267,327,56137,49,232
5740,15.04,7.071,7.464407,7.050049,0.414359,671.8992,0.85459,0.068457,0.800293,0.13125,10240,6880248,324,55818,50,232
5760,15.127,7.118,7.458983,7.043579,0.415404,680.4534,0.860352,0.069434,0.805762,0.124805,10240,6967843,313,55906,50,233
5780,15.21,7.164,7.462176,7.061523,0.400652,677.7359,0.854785,0.069238,0.798047,0.132715,10240,6940016,321,56093,49,233
5800,15.254,7.188,7.476008,7.064941,0.411067,706.0661,0.85918,0.072754,0.799121,0.128125,10240,7230117,324,56146,50,233
5820,15.298,7.212,7.472158,7.058228,0.413931,727.5101,0.850586,0.075,0.81123,0.11377,10240,7449703,341,56071,54,234
5840,15.341,7.235,7.465313,7.061157,0.404156,722.3731,0.842578,0.074707,0.807324,0.117969,10240,7397101,321,56180,50,234
5860,15.386,7.259,7.459406,7.061401,0.398005,768.2463,0.843262,0.080469,0.797949,0.121582,10240,7866842,304,56212,49,234
5880,15.431,7.284,7.444604,7.053223,0.391381,774.0587,0.840234,0.081055,0.787695,0.13125,10240,7926361,329,56207,56,238
5900,15.476,7.308,7.435937,7.048584,0.387353,744.8375,0.841797,0.077441,0.804102,0.118457,10240,7627136,311,56232,53,239
5920,15.527,7.338,7.44165,7.063965,0.377685,756.8287,0.839746,0.078809,0.819531,0.10166,10240,7749926,326,56406,51,239
5940,15.571,7.362,7.440413,7.060425,0.379988,771.4569,0.852148,0.080566,0.823535,0.095898,10240,7899719,293,56360,51,239
5960,15.617,7.388,7.448317,7.054443,0.393874,785.1379,0.863965,0.082129,0.831934,0.085938,10240,8039812,287,56273,56,243
5980,15.662,7.413,7.444459,7.05957,0.384888,794.0082,0.872363,0.08291,0.836816,0.080273,10240,8130644,316,56388,52,243
6000,15.712,7.44,7.445193,7.075562,0.369631,818.234,0.868652,0.086133,0.82627,0.087598,10240,8378716,293,56528,52,244
6020,15.782,7.47,7.429968,7.056396,0.373571,878.1972,0.867969,0.093457,0.827148,0.079395,10240,8992739,339,56452,51,244
6040,15.843,7.513,7.417504,7.040039,0.377465,860.5784,0.870605,0.091406,0.831348,0.077246,10240,8812323,301,56393,51,245
6060,15.888,7.538,7.420245,7.058594,0.361651,826.8337,0.866113,0.087207,0.838281,0.074512,10240,8466777,309,56586,44,246
6080,15.933,7.564,7.424731,7.085327,0.339404,833.6,0.871191,0.087988,0.833887,0.078125,10240,8536064,312,56684,44,246
6100,15.978,7.59,7.436721,7.080078,0.356643,840.8987,0.866992,0.088672,0.826172,0.085156,10240,8610803,340,56618,45,247
6120,16.025,7.617,7.443087,7.074341,0.368746,851.7758,0.87373,0.090137,0.833105,0.076758,10240,8722184,299,56480,46,247
6140,16.106,7.659,7.446839,7.086548,0.360291,818.8857,0.870215,0.086133,0.83457,0.079297,10240,8385390,310,56527,47,247
6160,16.199,7.708,7.452341,7.10376,0.348581,825.0802,0.872559,0.087012,0.830469,0.08252,10240,8448821,303,56608,45,247
6180,16.284,7.758,7.454475,7.108398,0.346077,828.8416,0.875195,0.0875,0.83623,0.07627,10240,8487338,323,56608,47,247
6200,16.372,7.807,7.452309,7.096436,0.355873,798.5136,0.871777,0.083691,0.831836,0.084473,10240,8176779,330,56458,50,247
6220,16.46,7.855,7.448129,7.113403,0.334726,779.4149,0.876562,0.081445,0.826562,0.091992,10240,7981209,331,56573,49,247
6240,16.551,7.908,7.443824,7.098755,0.345069,752.3846,0.877148,0.07793,0.818359,0.103711,10240,7704418,300,56591,48,247
6260,16.605,7.944,7.450764,7.11377,0.336995,756.6134,0.883887,0.078027,0.822168,0.099805,10240,7747721,321,56656,49,248
6280,16.649,7.968,7.454425,7.123169,0.331256,753.9212,0.887305,0.078125,0.824512,0.097363,10240,7720153,313,56818,47,249
6300,16.694,7.995,7.459875,7.134644,0.325231,749.4024,0.891406,0.077539,0.831152,0.091309,10240,7673881,346,56886,45,249
6320,16.737,8.018,7.46733,7.149658,0.317671,736.2351,0.891895,0.075879,0.840625,0.083496,10240,7539047,329,56942,46,250
6340,16.779,8.042,7.477459,7.160522,0.316937,716.6339,0.888086,0.073242,0.845508,0.08125,10240,7338331,320,57011,47,250
6360,16.822,8.065,7.469149,7.159302,0.309847,724.8843,0.889355,0.074414,0.844434,0.081152,10240,7422815,317,57041,42,250
6380,16.892,8.088,7.472945,7.174316,0.298629,684.7855,0.88457,0.069434,0.837695,0.092871,10240,7012204,326,57097,43,251
6400,16.983,8.136,7.475094,7.150391,0.324703,711.6029,0.884863,0.072461,0.835059,0.09248,10240,7286814,312,56906,42,251
6420,17.072,8.186,7.468548,7.14856,0.319989,697.6442,0.888477,0.070605,0.846875,0.08252,10240,7143877,310,56847,41,251
6440,17.157,8.235,7.467327,7.148438,0.31889,688.4038,0.885645,0.069824,0.839746,0.09043,10240,7049255,294,56859,43,252
6460,17.243,8.283,7.465063,7.154785,0.310277,710.3134,0.884668,0.072461,0.832324,0.095215,10240,7273609,285,56918,43,252
6480,17.33,8.33,7.472413,7.164795,0.307619,717.1641,0.881738,0.073633,0.825488,0.100879,10240,7343760,359,56942,44,252
6500,17.412,8.373,7.461322,7.147095,0.314227,696.4083,0.889062,0.070801,0.830176,0.099023,10240,7131221,306,56841,45,252
6520,17.498,8.419,7.46789,7.142334,0.325556,686.0185,0.886621,0.069238,0.837402,0.093359,10240,7024829,290,56790,48,255
6540,17.581,8.468,7.467326,7.168091,0.299235,700.139,0.89248,0.071289,0.833691,0.09502,10240,7169423,326,57034,47,255
6560,17.627,8.495,7.46402,7.152466,0.311554,721.0587,0.899414,0.073926,0.837012,0.089062,10240,7383641,291,56994,48,255
6580,17.67,8.519,7.471742,7.158813,0.312928,757.4313,0.887109,0.07832,0.834473,0.087207,10240,7756097,328,56954,44,256
6600,17.712,8.542,7.462061,7.16687,0.295191,736.5986,0.894824,0.075781,0.843066,0.081152,10240,7542770,295,57045,44,257
6620,17.755,8.567,7.461208,7.162964,0.298244,748.1438,0.891602,0.077441,0.829883,0.092676,10240,7660993,301,57044,44,257
6640,17.8,8.591,7.469455,7.151611,0.317844,749.8126,0.888281,0.077344,0.837207,0.085449,10240,7678081,324,56917,45,259
6660,17.887,8.638,7.475211,7.168945,0.306265,743.5289,0.887891,0.07666,0.827832,0.095508,10240,7613736,321,57007,44,259
6680,17.969,8.686,7.47607,7.174805,0.301266,727.094,0.887695,0.074707,0.827539,0.097754,10240,7445443,327,57007,41,259
6700,18.059,8.733,7.474123,7.164917,0.309206,718.6623,0.894434,0.073438,0.835938,0.090625,10240,7359102,333,56948,42,262
6720,18.112,8.765,7.472427,7.16272,0.309708,722.8017,0.902734,0.074121,0.839062,0.086816,10240,7401489,299,56899,44,264
6740,18.156,8.789,7.469985,7.140381,0.329604,723.975,0.89834,0.074121,0.839062,0.086816,10240,7413504,315,56713,46,268
6760,18.2,8.813,7.468449,7.148926,0.319524,744.4423,0.894141,0.077148,0.832129,0.090723,10240,7623089,317,56859,46,268
6780,18.242,8.836,7.47459,7.155884,0.318706,713.109,0.897852,0.073145,0.840332,0.086523,10240,7302236,364,56847,44,271
6800,18.293,8.864,7.470512,7.149292,0.32122,771.1181,0.899707,0.080176,0.826367,0.093457,10240,7896249,283,56880,42,271
6820,18.386,8.917,7.472524,7.155273,0.317251,777.8727,0.897949,0.080957,0.827539,0.091504,10240,7965416,311,56949,43,272
6840,18.469,8.966,7.48122,7.175171,0.306049,758.6167,0.894434,0.078613,0.82832,0.093066,10240,7768235,330,57038,43,272
6860,18.551,9.014,7.488291,7.194214,0.294077,746.9702,0.887695,0.077344,0.821777,0.100879,10240,7648975,304,57133,41,272
6880,18.594,9.038,7.485749,7.206299,0.279451,746.4629,0.887012,0.077344,0.826562,0.096094,10240,7643780,301,57176,41,272
6900,18.638,9.062,7.496166,7.215576,0.28059,761.7861,0.879004,0.079297,0.824219,0.096484,10240,7800690,307,57165,40,272
6920,18.681,9.087,7.497448,7.22583,0.271618,759.1865,0.877441,0.079199,0.81377,0.107031,10240,7774070,309,57214,38,273
6940,18.765,9.134,7.501159,7.224609,0.276549,749.4376,0.875098,0.078125,0.810645,0.11123,10240,7674241,329,57229,39,276
6960,18.808,9.158,7.504981,7.23877,0.266212,743.886,0.886621,0.076953,0.811621,0.111426,10240,7617393,334,57323,35,276
6980,18.85,9.181,7.494524,7.213257,0.281267,709.5104,0.889551,0.072949,0.804199,0.122852,10240,7265386,330,57112,30,276
7000,18.893,9.206,7.477841,7.174683,0.303158,698.9815,0.892285,0.071582,0.815625,0.112793,10240,7157571,342,56857,31,276
7020,18.936,9.229,7.484358,7.183594,0.300764,712.2606,0.896875,0.073145,0.81416,0.112695,10240,7293549,335,56919,32,276
7040,18.978,9.253,7.485093,7.182129,0.302964,727.9982,0.89248,0.075293,0.815625,0.109082,10240,7454702,306,56947,29,276
7060,19.024,9.276,7.482384,7.194824,0.28756,705.651,0.886816,0.072656,0.802441,0.124902,10240,7225866,302,57027,33,276
7080,19.096,9.323,7.477753,7.198975,0.278778,704.9545,0.881641,0.072754,0.783789,0.143457,10240,7218734,311,57100,34,276
7100,19.162,9.362,7.464618,7.180054,0.284564,711.068,0.87002,0.07373,0.761426,0.164844,10240,7281336,325,56935,34,276
7120,19.207,9.388,7.462596,7.174805,0.287792,732.1125,0.856152,0.07627,0.753516,0.170215,10240,7496832,285,56903,35,276
7140,19.249,9.412,7.464953,7.184204,0.280749,755.9404,0.854785,0.079492,0.747754,0.172754,10240,7740830,302,56962,34,276
7160,19.293,9.437,7.466294,7.176636,0.289658,753.951,0.841309,0.079199,0.74834,0.172461,10240,7720458,276,56888,32,276
7180,19.353,9.461,7.458025,7.163818,0.294207,771.1923,0.844434,0.08125,0.751172,0.167578,10240,7897009,293,56883,33,276
7200,19.428,9.513,7.429067,7.12915,0.299916,775.7354,0.847949,0.081836,0.747852,0.170312,10240,7943531,298,56761,32,276
7220,19.471,9.538,7.435172,7.132324,0.302848,752.5056,0.855762,0.079102,0.75498,0.165918,10240,7705657,303,56806,32,276
7240,19.513,9.561,7.445719,7.159668,0.286051,721.37,0.857031,0.075195,0.749512,0.175293,10240,7386829,319,56944,33,277
7260,19.556,9.585,7.45219,7.166382,0.285809,726.7742,0.853906,0.075879,0.753711,0.17041,10240,7442168,266,57028,38,279
7280,19.597,9.608,7.440094,7.13208,0.308014,704.9056,0.854785,0.072852,0.748438,0.178711,10240,7218233,316,56801,35,279
7300,19.655,9.631,7.417571,7.110107,0.307464,693.5814,0.855273,0.07168,0.751465,0.176855,10240,7102274,325,56733,35,279
7320,19.736,9.678,7.409269,7.111206,0.298063,686.8087,0.865625,0.070703,0.76377,0.165527,10240,7032921,323,56810,34,279
7340,19.819,9.724,7.407987,7.107544,0.300443,658.0018,0.864844,0.06709,0.76709,0.16582,10240,6737938,339,56760,34,279
7360,19.86,9.747,7.401655,7.123901,0.277754,685.6482,0.864551,0.070312,0.773145,0.156543,10240,7021038,316,56950,33,279
7380,19.904,9.772,7.416293,7.136719,0.279575,675.5344,0.856738,0.069238,0.772266,0.158496,10240,6917472,310,56939,32,281
7400,19.945,9.794,7.408866,7.131226,0.277641,661.1095,0.855469,0.067578,0.774609,0.157812,10240,6769761,315,56904,33,283
7420,19.987,9.817,7.407056,7.13562,0.271436,658.6357,0.857715,0.066992,0.782129,0.150879,10240,6744430,305,56988,34,284
7440,20.029,9.84,7.397996,7.113037,0.284959,684.9932,0.86377,0.070312,0.775293,0.154395,10240,7014330,319,56948,31,284
7460,20.091,9.863,7.397109,7.119629,0.277481,669.4568,0.866309,0.068262,0.783203,0.148535,10240,6855238,367,56991,28,285
7480,20.154,9.905,7.398662,7.105225,0.293438,672.0129,0.872559,0.068652,0.783301,0.148047,10240,6881412,323,56866,29,285
7500,20.195,9.928,7.393816,7.112427,0.281389,668.0708,0.873828,0.067969,0.793652,0.138379,10240,6841045,336,56843,31,286
7520,20.236,9.95,7.394298,7.107788,0.28651,668.093,0.875098,0.067969,0.794434,0.137598,10240,6841272,304,56884,32,286
7540,20.278,9.973,7.393111,7.107422,0.285689,673.1187,0.87998,0.068555,0.793457,0.137988,10240,6892735,307,56855,32,286
7560,20.319,9.995,7.403983,7.12915,0.274832,676.1707,0.870605,0.069043,0.776465,0.154492,10240,6923988,296,56985,35,287
7580,20.37,10.019,7.426565,7.148804,0.277761,700.798,0.868066,0.072461,0.761133,0.166406,10240,7176172,310,56987,35,287
7600,20.451,10.061,7.437631,7.13855,0.299082,683.7156,0.864062,0.070215,0.766211,0.163574,10240,7001248,319,56869,34,288
7620,20.538,10.107,7.44893,7.144043,0.304887,684.2601,0.862109,0.07041,0.76748,0.162109,10240,7006823,305,56860,33,288
7640,20.58,10.13,7.457093,7.154907,0.302185,682.3215,0.859766,0.069922,0.766895,0.163184,10240,6986972,310,56884,33,288
7660,20.622,10.152,7.447195,7.135376,0.311819,702.1303,0.857422,0.072559,0.759375,0.168066,10240,7189814,322,56918,35,288
7680,20.664,10.176,7.448911,7.135254,0.313657,720.991,0.855664,0.074805,0.75498,0.170215,10240,7382948,292,56863,37,288
7700,20.708,10.199,7.446699,7.133301,0.313398,722.1838,0.858105,0.074707,0.758105,0.167188,10240,7395162,341,56886,35,288
7720,20.75,10.223,7.466136,7.162476,0.303661,733.262,0.864648,0.075977,0.760742,0.163281,10240,7508603,311,56992,37,288
7740,20.792,10.246,7.461246,7.166626,0.29462,716.3708,0.851367,0.073926,0.750098,0.175977,10240,7335637,332,57002,37,288
7760,20.871,10.286,7.478026,7.171265,0.306762,733.7413,0.848047,0.076074,0.740723,0.183203,10240,7513511,319,56980,38,289
7780,20.955,10.331,7.465969,7.150879,0.31509,708.5358,0.844727,0.073047,0.741797,0.185156,10240,7255407,355,56862,36,289
7800,20.999,10.357,7.463311,7.148315,0.314995,657.0434,0.847852,0.066992,0.742676,0.190332,10240,6728124,318,56853,38,289
7820,21.039,10.378,7.464638,7.153809,0.31083,642.4478,0.851367,0.065234,0.739746,0.19502,10240,6578665,339,56890,39,289
7840,21.08,10.401,7.465516,7.144287,0.321229,680.2639,0.846094,0.070117,0.731445,0.198438,10240,6965902,332,56845,40,289
7860,21.12,10.423,7.465685,7.114014,0.351671,683.3625,0.836328,0.070508,0.734277,0.195215,10240,6997632,315,56654,41,289
7880,21.165,10.446,7.482534,7.130981,0.351553,719.0021,0.841406,0.074902,0.738965,0.186133,10240,7362582,335,56665,41,289
7900,21.206,10.469,7.490078,7.134644,0.355434,718.8589,0.837891,0.075,0.73584,0.18916,10240,7361115,331,56596,42,289
7920,21.248,10.493,7.482933,7.112915,0.370018,740.9596,0.84248,0.077539,0.741699,0.180762,10240,7587426,311,56523,41,289
7940,21.29,10.517,7.47294,7.080933,0.392008,747.8048,0.846582,0.078223,0.747461,0.174316,10240,7657521,295,56273,44,290
7960,21.348,10.54,7.481712,7.080566,0.401146,739.524,0.841992,0.077148,0.754297,0.168555,10240,7572726,314,56258,47,292
7980,21.463,10.6,7.479992,7.079102,0.40089,755.568,0.844531,0.079102,0.753125,0.167773,10240,7737016,306,56290,48,293
8000,21.551,10.648,7.480372,7.088135,0.392237,739.4742,0.830469,0.077051,0.75127,0.17168,10240,7572216,328,56396,51,294
8020,21.63,10.697,7.478411,7.06958,0.408831,765.0841,0.833496,0.07959,0.755957,0.164453,10240,7834461,299,56253,53,295
8040,21.673,10.721,7.480462,7.061523,0.418938,779.7227,0.837695,0.081934,0.764453,0.153613,10240,7984360,329,56140,52,298
8060,21.716,10.746,7.478936,7.046753,0.432183,799.8104,0.847656,0.084277,0.773633,0.14209,10240,8190058,292,56041,52,300
8080,21.759,10.771,7.471852,7.046631,0.425221,792.2302,0.851074,0.083398,0.779102,0.1375,10240,8112437,320,56065,51,300
8100,21.802,10.795,7.469018,7.032227,0.436792,775.3875,0.867969,0.081152,0.786035,0.132812,10240,7939968,300,56039,50,300
8120,21.878,10.832,7.472321,7.024658,0.447663,784.5552,0.870605,0.082129,0.797656,0.120215,10240,8033845,313,55991,51,301
8140,21.966,10.881,7.464855,7.024658,0.440197,796.7773,0.856934,0.083398,0.784766,0.131836,10240,8159000,323,56040,49,302
8160,22.054,10.93,7.469665,7.033447,0.436218,809.8753,0.85918,0.084766,0.786816,0.128418,10240,8293123,308,56115,49,305
8180,22.153,11.002,7.472394,6.999268,0.473127,826.7126,0.854492,0.086816,0.780176,0.133008,10240,8465537,294,55865,52,306
8200,22.203,11.033,7.466889,6.998657,0.468232,850.1716,0.852832,0.089746,0.778711,0.131543,10240,8705757,332,55937,55,306
8220,22.29,11.071,7.460798,6.984863,0.475935,870.0028,0.854395,0.091992,0.776367,0.131641,10240,8908829,344,55853,53,306
8240,22.389,11.13,7.4767,6.983765,0.492935,875.539,0.860938,0.092676,0.77373,0.133594,10240,8965519,317,55765,48,306
8260,22.497,11.187,7.466247,6.985107,0.481139,851.3672,0.859961,0.089844,0.772461,0.137695,10240,8718000,301,55915,52,308
8280,22.6,11.253,7.47889,7.008911,0.469979,833.0861,0.859375,0.087793,0.775,0.137207,10240,8530802,348,56063,51,309
8300,22.694,11.306,7.472481,6.987549,0.484932,856.0757,0.852637,0.090527,0.770312,0.13916,10240,8766215,321,55976,53,310
8320,22.783,11.356,7.484294,7.004395,0.479899,846.5535,0.85791,0.089453,0.77373,0.136816,10240,8668708,321,56085,52,310
8340,22.869,11.407,7.484117,7.012573,0.471543,871.3019,0.854199,0.092383,0.765527,0.14209,10240,8922131,295,56182,52,310
8360,22.964,11.458,7.476517,6.978516,0.498001,898.8478,0.855859,0.095898,0.767188,0.136914,10240,9204201,300,56087,50,311
8380,23.082,11.521,7.476274,6.968384,0.50789,869.854,0.856445,0.092285,0.769336,0.138379,10240,8907305,319,55983,53,312
8400,23.172,11.572,7.474294,6.937866,0.536427,853.2375,0.852246,0.090137,0.764453,0.14541,10240,8737152,306,55825,53,313
8420,23.26,11.626,7.467924,6.92981,0.538114,861.9237,0.844922,0.091309,0.765234,0.143457,10240,8826099,323,55796,53,313
8440,23.348,11.68,7.476873,6.948486,0.528386,852.3946,0.850293,0.089844,0.763965,0.146191,10240,8728521,358,55879,53,315
8460,23.436,11.734,7.475049,6.944092,0.530957,834.4898,0.849707,0.087891,0.760059,0.152051,10240,8545176,305,55749,55,318
8480,23.53,11.787,7.459662,6.942261,0.517401,823.5784,0.858691,0.086426,0.77168,0.141895,10240,8433443,301,55894,55,318
8500,23.602,11.837,7.456671,6.923828,0.532843,846.5941,0.858984,0.088672,0.776465,0.134863,10240,8669124,315,55810,54,320
8520,23.646,11.862,7.468323,6.930664,0.537659,826.0226,0.865039,0.086719,0.787988,0.125293,10240,8458471,326,55745,52,320
8540,23.69,11.888,7.462438,6.931152,0.531286,820.3279,0.871191,0.086133,0.791504,0.122363,10240,8400158,316,55883,52,320
8560,23.733,11.913,7.474456,6.964478,0.509978,808.854,0.866016,0.085254,0.785547,0.129199,10240,8282665,290,56111,53,321
8580,23.777,11.938,7.470011,6.952881,0.51713,829.4301,0.864844,0.0875,0.786133,0.126367,10240,8493364,308,55928,54,322
8600,23.866,11.989,7.479964,6.959473,0.520492,789.2905,0.864648,0.082715,0.787012,0.130273,10240,8082335,320,55945,56,322
8620,23.949,12.037,7.490572,6.986572,0.503999,752.3008,0.85918,0.07832,0.792969,0.128711,10240,7703560,312,56071,54,322
8640,24.035,12.084,7.489359,6.995239,0.49412,706.5774,0.864453,0.072656,0.799121,0.128223,10240,7235353,289,56157,52,322
8660,24.102,12.132,7.489328,6.977661,0.511667,693.5088,0.865137,0.070801,0.804004,0.125195,10240,7101530,305,56014,53,323
8680,24.144,12.154,7.484961,6.979492,0.505469,679.9531,0.867383,0.069336,0.800488,0.130176,10240,6962720,318,56034,55,323
8700,24.185,12.177,7.483496,6.966309,0.517187,684.3192,0.86416,0.069531,0.807227,0.123242,10240,7007429,337,55949,55,323
8720,24.227,12.2,7.474215,6.954468,0.519747,691.4998,0.867871,0.070508,0.814355,0.115137,10240,7080958,308,55865,53,323
8740,24.267,12.222,7.474657,6.949829,0.524828,642.1604,0.863672,0.064258,0.824316,0.111426,10240,6575722,291,55875,52,323
8760,24.308,12.245,7.477896,6.947632,0.530265,694.9687,0.869531,0.070996,0.812402,0.116602,10240,7116479,271,55871,53,323
8780,24.37,12.268,7.478598,6.959473,0.519125,693.6327,0.864551,0.070605,0.80957,0.119824,10240,7102799,324,56063,51,323
8800,24.453,12.316,7.465569,6.957886,0.507683,695.4626,0.874805,0.071094,0.815137,0.11377,10240,7121537,307,56077,54,323
8820,24.538,12.363,7.456089,6.947632,0.508457,709.8812,0.87373,0.072656,0.811914,0.11543,10240,7269184,303,56045,54,323
8840,24.62,12.41,7.453543,6.947632,0.505911,721.8259,0.8625,0.073926,0.798145,0.12793,10240,7391497,298,56027,55,324
8860,24.701,12.457,7.462215,6.969727,0.492489,705.5246,0.852051,0.072559,0.787695,0.139746,10240,7224572,332,56121,55,324
8880,24.788,12.504,7.462373,6.985474,0.476899,745.771,0.856543,0.077734,0.789062,0.133203,10240,7636695,331,56206,56,326
8900,24.875,12.552,7.458468,6.967285,0.491183,731.7329,0.849512,0.075977,0.787598,0.136426,10240,7492945,312,56117,56,326
8920,24.962,12.599,7.455538,6.976562,0.478975,726.8229,0.851562,0.075391,0.79082,0.133789,10240,7442666,301,56263,55,326
8940,25.044,12.642,7.458565,6.979614,0.47895,697.9473,0.855566,0.071777,0.797559,0.130664,10240,7146980,299,56286,54,326
8960,25.125,12.689,7.458956,6.965332,0.493624,698.4466,0.861719,0.07168,0.804297,0.124023,10240,7152093,330,56181,55,328
8980,25.211,12.736,7.451368,6.959351,0.492018,688.0338,0.866309,0.07041,0.808398,0.121191,10240,7045466,302,56173,57,329
9000,25.299,12.782,7.445647,6.961426,0.484221,674.7145,0.86709,0.068848,0.800586,0.130566,10240,6909076,323,56102,57,331
9020,25.38,12.828,7.44827,6.961548,0.486723,643.0488,0.870703,0.065039,0.803027,0.131934,10240,6584820,307,56219,57,331
9040,25.466,12.87,7.443666,6.966064,0.477601,636.454,0.875098,0.064062,0.805859,0.130078,10240,6517289,351,56199,58,331
9060,25.548,12.912,7.439782,6.965454,0.474328,646.0749,0.875781,0.065234,0.814648,0.120117,10240,6615807,282,56273,55,332
9080,25.629,12.959,7.428035,6.966309,0.461726,671.9133,0.880078,0.068262,0.812891,0.118848,10240,6880392,361,56361,54,332
9100,25.715,13.001,7.400669,6.922852,0.477817,660.4644,0.897266,0.065918,0.835449,0.098633,10240,6763155,330,56044,51,333
9120,25.796,13.043,7.390622,6.93396,0.456662,650.3011,0.903418,0.064844,0.847363,0.087793,10240,6659083,300,56225,51,333
9140,25.882,13.089,7.379476,6.944946,0.434529,632.7989,0.90498,0.062793,0.849414,0.087793,10240,6479861,320,56345,48,333
9160,25.963,13.131,7.375913,6.947266,0.428647,632.917,0.911621,0.062598,0.85459,0.082812,10240,6481070,295,56443,47,333
9180,26.044,13.173,7.371874,6.939331,0.432543,639.6464,0.91416,0.063281,0.860547,0.076172,10240,6549979,313,56360,49,335
9200,26.129,13.219,7.374366,6.954224,0.420142,646.4615,0.914258,0.063965,0.865527,0.070508,10240,6619766,303,56418,50,335
9220,26.214,13.266,7.356335,6.946289,0.410046,648.0288,0.910547,0.064355,0.866113,0.069531,10240,6635815,339,56459,51,335
9240,26.296,13.308,7.358871,6.95105,0.407822,658.3519,0.905078,0.065137,0.859668,0.075195,10240,6741523,313,56495,49,335
9260,26.38,13.355,7.364991,6.964966,0.400026,648.0594,0.910156,0.06416,0.866016,0.069824,10240,6636128,323,56612,50,335
9280,26.468,13.397,7.36627,6.973267,0.393003,651.7677,0.914355,0.064648,0.868262,0.06709,10240,6674101,284,56741,49,335
9300,26.554,13.444,7.372734,6.984131,0.388603,678.9174,0.912402,0.068262,0.874121,0.057617,10240,6952114,320,56826,46,335
9320,26.642,13.488,7.369788,6.931396,0.438392,676.8274,0.918262,0.067871,0.869531,0.062598,10240,6930713,303,56379,46,335
9340,26.723,13.53,7.367966,6.937744,0.430222,624.5558,0.919238,0.061523,0.854102,0.084375,10240,6395451,306,56299,43,335
9360,26.804,13.572,7.376175,6.983765,0.39241,643.6503,0.916016,0.063965,0.857324,0.078711,10240,6590979,336,56705,41,335
9380,26.891,13.619,7.379208,6.999756,0.379452,681.5229,0.913086,0.068457,0.851562,0.07998,10240,6978794,263,56833,38,335
9400,26.973,13.666,7.382614,7.019043,0.363571,700.0643,0.907422,0.070996,0.855176,0.073828,10240,7168658,316,56959,39,337
9420,27.06,13.714,7.387029,7.035767,0.351263,729.3515,0.897754,0.074707,0.849023,0.07627,10240,7468559,302,57064,38,337
9440,27.148,13.762,7.381898,7.032349,0.34955,729.4905,0.892969,0.074805,0.846191,0.079004,10240,7469983,295,57006,38,337
9460,27.235,13.81,7.386162,7.051025,0.335137,716.3278,0.893945,0.07334,0.848828,0.077832,10240,7335197,332,57103,35,337
9480,27.323,13.858,7.401221,7.079712,0.321509,723.3356,0.883301,0.074414,0.844824,0.080762,10240,7406957,285,57230,34,337
9500,27.412,13.905,7.400073,7.083008,0.317065,741.4153,0.881348,0.076758,0.835938,0.087305,10240,7592093,320,57242,36,339
9520,27.5,13.954,7.394065,7.079468,0.314597,759.3128,0.883887,0.078809,0.838477,0.082715,10240,7775363,297,57163,41,343
9540,27.589,14.003,7.393017,7.072388,0.320629,786.1707,0.876074,0.082129,0.84082,0.077051,10240,8050388,329,57082,38,343
9560,27.677,14.056,7.386007,7.088989,0.297018,755.5352,0.879395,0.07832,0.847949,0.07373,10240,7736680,322,57184,31,343
9580,27.765,14.109,7.383222,7.079224,0.303998,748.3807,0.877832,0.077441,0.841992,0.080566,10240,7663418,311,57105,28,343
9600,27.853,14.162,7.382156,7.075684,0.306472,773.8562,0.879199,0.080664,0.837891,0.081445,10240,7924287,313,57130,28,343
9620,27.941,14.214,7.384871,7.078979,0.305892,765.9992,0.875879,0.07959,0.836621,0.083789,10240,7843832,296,57091,29,343
9640,28.029,14.263,7.379828,7.085815,0.294012,727.0627,0.877441,0.075,0.838672,0.086328,10240,7445122,328,57171,29,343
9660,28.116,14.31,7.381945,7.092773,0.289171,703.4836,0.874512,0.071875,0.835254,0.092871,10240,7203672,341,57190,29,345
9680,28.203,14.358,7.382712,7.091064,0.291648,720.2017,0.875879,0.074121,0.836133,0.089746,10240,7374865,300,57139,32,347
9700,28.285,14.405,7.392614,7.108032,0.284581,715.7086,0.87666,0.073438,0.841699,0.084863,10240,7328856,284,57138,31,349
9720,28.372,14.453,7.399206,7.125732,0.273473,725.901,0.874512,0.074805,0.836523,0.088672,10240,7433226,323,57290,28,349
9740,28.459,14.501,7.406807,7.127441,0.279365,755.6312,0.869141,0.078418,0.827832,0.09375,10240,7737663,351,57285,28,349
9760,28.548,14.549,7.398,7.116699,0.2813,728.9133,0.86748,0.074902,0.827051,0.098047,10240,7464072,294,57307,23,349
9780,28.634,14.596,7.415424,7.136475,0.278949,688.5505,0.881055,0.07002,0.8375,0.09248,10240,7050757,273,57363,24,349
9800,28.72,14.639,7.418002,7.116211,0.301791,687.9257,0.874609,0.069727,0.827637,0.102637,10240,7044359,332,57156,20,349
9820,28.791,14.686,7.417864,7.102417,0.315447,665.1444,0.880566,0.06709,0.836621,0.096289,10240,6811079,311,56989,21,349
9840,28.832,14.709,7.413177,7.107422,0.305755,639.0747,0.875098,0.06416,0.82998,0.105859,10240,6544125,349,57089,25,353
9860,28.875,14.731,7.410347,7.113525,0.296822,648.2449,0.874609,0.065039,0.830469,0.104492,10240,6638028,352,57051,26,353
9880,28.917,14.754,7.423785,7.117065,0.30672,654.1463,0.878125,0.06582,0.8375,0.09668,10240,6698458,304,57060,33,356
9900,28.96,14.777,7.432802,7.103394,0.329409,676.7829,0.879688,0.068652,0.836426,0.094922,10240,6930257,264,56862,33,356
9920,29.003,14.8,7.42527,7.093628,0.331642,681.557,0.881738,0.069141,0.835352,0.095508,10240,6979144,335,56875,33,356
9940,29.053,14.823,7.429415,7.108643,0.320773,669.0851,0.871777,0.067676,0.830566,0.101758,10240,6851431,302,56920,29,356
9960,29.139,14.871,7.433157,7.096313,0.336843,718.6022,0.86875,0.073828,0.827051,0.099121,10240,7358487,294,56858,28,356
9980,29.219,14.92,7.423261,7.091431,0.33183,715.4143,0.87627,0.073535,0.825977,0.100488,10240,7325842,330,56846,31,356
10000,29.264,14.944,7.420958,7.079468,0.34149,730.1951,0.87998,0.075488,0.822852,0.10166,10240,7477198,343,56717,31,356
10020,29.307,14.968,7.428929,7.066772,0.362157,741.7362,0.866602,0.077051,0.80752,0.11543,10240,7595379,286,56658,33,356
10040,29.351,14.992,7.446207,7.058228,0.387979,746.0227,0.86582,0.077441,0.805762,0.116797,10240,7639272,322,56383,35,356
10060,29.395,15.016,7.440577,7.047485,0.393092,721.9674,0.863477,0.074219,0.80791,0.117871,10240,7392946,352,56261,34,356
10080,29.443,15.042,7.435708,7.02063,0.415078,725.0038,0.864062,0.074805,0.813379,0.111816,10240,7424039,315,56224,35,356
10100,29.518,15.073,7.428201,7.007812,0.420388,748.3079,0.864453,0.077441,0.812402,0.110156,10240,7662673,318,56100,33,356
10120,29.6,15.121,7.429202,6.994385,0.434817,724.0616,0.872266,0.074512,0.814844,0.110645,10240,7414391,313,56085,41,362
10140,29.687,15.168,7.423484,6.96582,0.457664,703.3208,0.868555,0.07207,0.82041,0.10752,10240,7202005,318,55916,43,362
10160,29.733,15.195,7.42964,6.988647,0.440992,705.3132,0.871484,0.072363,0.813477,0.11416,10240,7222407,320,56108,44,362
10180,29.777,15.219,7.425387,6.985596,0.439792,707.2937,0.864844,0.072363,0.810449,0.117188,10240,7242687,270,56176,46,362
10200,29.821,15.243,7.420996,6.979858,0.441137,729.6629,0.856543,0.075098,0.815137,0.109766,10240,7471748,323,56174,46,362
10220,29.867,15.266,7.424832,6.9729,0.451932,721.3146,0.857129,0.074219,0.822168,0.103613,10240,7386262,294,56154,48,362
10240,29.919,15.29,7.428462,6.966797,0.461665,740.4694,0.863184,0.076758,0.820703,0.102539,10240,7582407,329,56104,48,362
10260,30.01,15.338,7.421847,6.970947,0.4509,741.4561,0.854492,0.076758,0.823242,0.1,10240,7592510,324,56199,49,364
10280,30.098,15.387,7.423483,6.975464,0.448019,790.0324,0.855566,0.082812,0.816895,0.100293,10240,8089932,317,56265,49,364
10300,30.185,15.435,7.428682,6.995972,0.432711,788.0202,0.864648,0.082422,0.823145,0.094434,10240,8069327,288,56408,48,364
10320,30.244,15.474,7.438796,6.988647,0.450149,768.5009,0.872363,0.079785,0.837891,0.082324,10240,7869449,318,56290,46,364
10340,30.289,15.499,7.44663,7.005737,0.440893,737.1736,0.875098,0.076074,0.840137,0.083789,10240,7548658,323,56390,49,366
10360,30.34,15.53,7.451523,7.025391,0.426133,742.454,0.87334,0.076465,0.838965,0.08457,10240,7602729,320,56481,49,367
10380,30.39,15.556,7.45639,7.045532,0.410858,761.3363,0.866895,0.079004,0.834473,0.086523,10240,7796084,319,56636,47,367
10400,30.436,15.582,7.457958,7.066528,0.39143,764.7722,0.868359,0.079199,0.83125,0.089551,10240,7831267,319,56827,47,367
10420,30.487,15.612,7.456113,7.072632,0.383481,801.4938,0.872559,0.083984,0.827637,0.088379,10240,8207296,313,56792,45,367
10440,30.551,15.638,7.456757,7.057861,0.398896,790.4596,0.869336,0.082129,0.827051,0.09082,10240,8094306,309,56649,45,367
10460,30.623,15.686,7.449054,7.056274,0.39278,738.7063,0.874707,0.075684,0.838672,0.085645,10240,7564353,295,56659,42,367
10480,30.669,15.712,7.434472,7.042236,0.392235,735.976,0.877832,0.075488,0.841992,0.08252,10240,7536394,321,56638,38,367
10500,30.712,15.736,7.437261,7.049683,0.387578,700.9484,0.871094,0.070996,0.848145,0.080859,10240,7177712,330,56694,38,367
10520,30.76,15.76,7.436252,7.05188,0.384372,715.5528,0.878711,0.073242,0.852148,0.074609,10240,7327261,304,56659,42,367
10540,30.806,15.786,7.441452,7.060181,0.381271,726.0213,0.878809,0.074707,0.849707,0.075586,10240,7434458,279,56668,42,367
10560,30.866,15.811,7.440117,7.040161,0.399956,750.7191,0.873047,0.077539,0.848047,0.074414,10240,7687364,330,56467,42,367
10580,30.953,15.863,7.457633,7.070801,0.386833,774.0265,0.869629,0.080664,0.838281,0.081055,10240,7926031,321,56589,41,367
10600,31.046,15.915,7.471919,7.083252,0.388667,770.6139,0.870215,0.080371,0.824805,0.094824,10240,7891086,309,56662,40,367
10620,31.102,15.952,7.4735,7.107178,0.366322,781.0773,0.869922,0.081445,0.81416,0.104395,10240,7998232,291,56793,41,369
10640,31.147,15.977,7.471815,7.092529,0.379286,801.6248,0.861035,0.084082,0.8,0.115918,10240,8208638,294,56668,45,369
10660,31.192,16.003,7.479325,7.095093,0.384232,822.9721,0.858496,0.086719,0.803809,0.109473,10240,8427234,320,56634,44,369
10680,31.238,16.029,7.47249,7.093384,0.379106,819.2574,0.863379,0.086035,0.806055,0.10791,10240,8389196,303,56632,42,370
10700,31.299,16.054,7.47306,7.093994,0.379066,801.2108,0.862988,0.083789,0.81084,0.105371,10240,8204399,270,56653,39,370
10720,31.388,16.104,7.478875,7.098267,0.380608,810.4854,0.863184,0.084668,0.81543,0.099902,10240,8299370,302,56633,39,370
10740,31.474,16.154,7.479881,7.106201,0.37368,805.38,0.870605,0.08418,0.815723,0.100098,10240,8247091,325,56646,44,373
10760,31.519,16.179,7.477846,7.110596,0.36725,804.1297,0.866699,0.083984,0.820703,0.095312,10240,8234288,321,56720,45,373
10780,31.563,16.204,7.470356,7.126831,0.343525,785.5522,0.866309,0.082031,0.813477,0.104492,10240,8044055,335,56865,41,373
10800,31.608,16.229,7.483491,7.126587,0.356904,794.7714,0.877441,0.083105,0.807227,0.109668,10240,8138459,362,56821,43,374
10820,31.653,16.255,7.481473,7.140015,0.341458,807.168,0.859961,0.084473,0.797852,0.117676,10240,8265400,309,56867,41,374
10840,31.698,16.28,7.488678,7.137451,0.351227,825.1864,0.868457,0.086621,0.799414,0.113965,10240,8449909,321,56816,39,374
10860,31.743,16.306,7.493206,7.135376,0.35783,821.8112,0.870312,0.086426,0.803125,0.110449,10240,8415347,297,56803,38,374
10880,31.788,16.332,7.49379,7.149902,0.343888,823.1166,0.874707,0.086816,0.809473,0.103711,10240,8428714,304,56874,42,374
10900,31.858,16.361,7.491208,7.157715,0.333493,820.6916,0.877637,0.086035,0.811816,0.102148,10240,8403882,328,57009,39,374
10920,31.947,16.411,7.489039,7.137085,0.351954,820.8787,0.86748,0.08623,0.810059,0.103711,10240,8405798,320,56903,41,374
10940,32.008,16.453,7.489276,7.142212,0.347064,827.7884,0.873438,0.087305,0.814355,0.09834,10240,8476553,322,56924,42,374
10960,32.055,16.48,7.497312,7.156616,0.340696,841.545,0.863574,0.089258,0.802148,0.108594,10240,8617421,310,56950,40,374
10980,32.1,16.506,7.50372,7.156128,0.347592,825.2044,0.861914,0.087207,0.80166,0.111133,10240,8450093,304,56924,39,374
11000,32.147,16.533,7.50494,7.166626,0.338314,862.2618,0.861035,0.091895,0.791797,0.116309,10240,8829561,292,56964,46,380
11020,32.194,16.56,7.509967,7.182983,0.326983,871.8228,0.847656,0.092676,0.779883,0.127441,10240,8927465,288,57019,45,380
11040,32.242,16.587,7.505125,7.182373,0.322752,871.8563,0.839551,0.092773,0.782617,0.124609,10240,8927809,318,57033,46,380
11060,32.335,16.64,7.495998,7.172974,0.323024,883.8436,0.845996,0.094434,0.775879,0.129688,10240,9050558,327,56991,49,380
11080,32.428,16.693,7.492961,7.15564,0.337321,882.5039,0.850684,0.094434,0.770801,0.134766,10240,9036840,318,56861,48,380
11100,32.523,16.747,7.495655,7.137695,0.35796,868.4688,0.849902,0.09248,0.782422,0.125098,10240,8893120,334,56682,48,380
11120,32.613,16.802,7.499363,7.129395,0.369968,881.1522,0.852832,0.094141,0.783691,0.122168,10240,9022999,326,56688,49,382
11140,32.709,16.858,7.517033,7.143311,0.373722,845.3817,0.849512,0.089844,0.792773,0.117383,10240,8656709,321,56735,46,385
11160,32.803,16.912,7.515042,7.157349,0.357693,814.2632,0.844434,0.08584,0.795312,0.118848,10240,8338055,318,56795,46,385
11180,32.893,16.962,7.516571,7.151489,0.365081,828.5889,0.838574,0.0875,0.801465,0.111035,10240,8484750,323,56798,49,385
11200,32.987,17.015,7.517486,7.153564,0.363922,820.5969,0.840039,0.086523,0.795703,0.117773,10240,8402912,283,56804,50,385
11220,33.077,17.065,7.507732,7.14856,0.359172,862.1593,0.847363,0.091797,0.800977,0.107227,10240,8828511,325,56795,47,385
11240,33.171,17.12,7.50225,7.149048,0.353202,874.6973,0.84502,0.093066,0.807715,0.099219,10240,8956900,313,56782,43,385
11260,33.264,17.17,7.487544,7.131104,0.35644,844.5005,0.841992,0.089453,0.816211,0.094336,10240,8647685,295,56759,45,385
11280,33.352,17.223,7.484262,7.140381,0.343881,798.7317,0.836719,0.083105,0.82207,0.094824,10240,8179013,295,56874,42,385
11300,33.441,17.272,7.487354,7.134155,0.353199,805.4386,0.830566,0.084375,0.806836,0.108789,10240,8247691,328,56816,41,386
11320,33.535,17.326,7.483986,7.151001,0.332985,827.242,0.824512,0.087305,0.810645,0.102051,10240,8470958,331,56882,39,386
11340,33.644,17.391,7.47712,7.159424,0.317696,811.283,0.822559,0.085059,0.80918,0.105762,10240,8307538,331,56967,39,386
11360,33.739,17.445,7.483224,7.178101,0.305124,858.807,0.82002,0.091211,0.782812,0.125977,10240,8794184,334,57077,38,386
11380,33.828,17.495,7.490583,7.190674,0.299909,826.3526,0.818262,0.087207,0.78916,0.123633,10240,8461851,298,57111,36,386
11400,33.922,17.548,7.487115,7.183472,0.303643,826.5717,0.831152,0.086914,0.797559,0.115527,10240,8464094,310,57084,38,388
11420,34.011,17.597,7.484343,7.184204,0.300139,776.9585,0.828418,0.081152,0.804297,0.114551,10240,7956055,300,57082,38,388
11440,34.103,17.649,7.47375,7.172729,0.301021,784.3063,0.82207,0.082129,0.805859,0.112012,10240,8031297,351,57015,36,388
11460,34.193,17.698,7.468758,7.158325,0.310433,789.1392,0.823438,0.082617,0.799316,0.118066,10240,8080785,310,56852,36,388
11480,34.288,17.746,7.472731,7.157593,0.315138,790.1867,0.816895,0.08291,0.8,0.11709,10240,8091512,317,56808,37,388
11500,34.375,17.794,7.480572,7.174927,0.305646,799.0074,0.805469,0.083984,0.794238,0.121777,10240,8181836,297,56855,36,388
11520,34.467,17.839,7.479552,7.178589,0.300963,799.3073,0.806055,0.08418,0.789941,0.125879,10240,8184907,304,56932,37,389
11540,34.559,17.891,7.479952,7.184814,0.295137,784.2165,0.795898,0.082129,0.784375,0.133496,10240,8030377,336,56976,39,389
11560,34.648,17.94,7.478361,7.193848,0.284513,829.5931,0.796777,0.087793,0.780371,0.131836,10240,8495033,300,57076,39,389
11580,34.742,17.994,7.472221,7.174316,0.297904,825.7353,0.79834,0.087402,0.774121,0.138477,10240,8455529,314,56970,40,389
11600,34.83,18.043,7.47432,7.178101,0.296219,800.9949,0.804688,0.084375,0.769922,0.145703,10240,8202188,340,56932,40,390
11620,34.92,18.091,7.483989,7.193237,0.290752,796.631,0.789355,0.083887,0.760352,0.155762,10240,8157501,331,56918,40,390
11640,35.009,18.14,7.488031,7.189575,0.298456,825.1026,0.781055,0.087402,0.750586,0.162012,10240,8449051,320,56914,39,390
11660,35.096,18.185,7.487569,7.190796,0.296773,797.3657,0.775488,0.08418,0.757129,0.158691,10240,8165025,323,56924,39,390
11680,35.191,18.23,7.482245,7.179199,0.303046,813.7127,0.776758,0.085449,0.761719,0.152832,10240,8332418,302,56862,40,392
11700,35.279,18.279,7.478598,7.186646,0.291953,778.99,0.776562,0.081836,0.759766,0.158398,10240,7976858,302,56986,41,392
11720,35.363,18.327,7.468045,7.189697,0.278348,787.5533,0.778711,0.083008,0.757129,0.159863,10240,8064546,304,57052,42,392
11740,35.41,18.351,7.475748,7.192871,0.282876,760.6436,0.78252,0.079492,0.763672,0.156836,10240,7788990,333,57086,41,392
11760,35.456,18.377,7.4704,7.182373,0.288027,777.1694,0.771777,0.081445,0.758594,0.159961,10240,7958215,312,56936,43,393
11780,35.498,18.401,7.473001,7.186401,0.286599,765.0496,0.768359,0.080273,0.754395,0.165332,10240,7834108,311,57002,42,393
11800,35.541,18.425,7.468673,7.164062,0.30461,770.8512,0.766992,0.080664,0.760254,0.159082,10240,7893516,294,56794,42,393
11820,35.605,18.453,7.471717,7.184692,0.287024,762.2628,0.777734,0.079688,0.760449,0.159863,10240,7805571,319,56946,43,395
11840,35.693,18.501,7.470044,7.176636,0.293408,746.0561,0.772754,0.077734,0.754004,0.168262,10240,7639614,322,56885,38,395
11860,35.781,18.555,7.468738,7.180176,0.288562,734.8557,0.762402,0.076562,0.747266,0.176172,10240,7524922,322,56896,40,397
11880,35.869,18.603,7.475601,7.191162,0.284439,756.4207,0.753711,0.079297,0.733301,0.187402,10240,7745748,318,57002,38,397
11900,35.957,18.655,7.471812,7.200562,0.271251,782.8616,0.767871,0.082715,0.726465,0.19082,10240,8016503,325,57070,36,397
11920,36.045,18.703,7.469264,7.199219,0.270045,778.1831,0.763574,0.082031,0.723047,0.194922,10240,7968595,321,57105,32,397
11940,36.133,18.752,7.472342,7.206665,0.265677,806.5567,0.768066,0.08584,0.715039,0.199121,10240,8259141,313,57122,32,397
11960,36.221,18.8,7.472107,7.219849,0.252259,779.8606,0.772363,0.082324,0.710742,0.206934,10240,7985773,299,57140,30,397
11980,36.309,18.848,7.477634,7.232422,0.245212,758.7226,0.764355,0.07959,0.708398,0.212012,10240,7769319,291,57215,28,397
12000,36.404,18.887,7.485954,7.23645,0.249504,726.9325,0.753418,0.075977,0.703223,0.220801,10240,7443789,317,57203,28,397
12020,36.5,18.934,7.486453,7.246948,0.239504,740.4134,0.75459,0.077637,0.707227,0.215137,10240,7581833,309,57269,27,397
12040,36.586,18.977,7.477932,7.236816,0.241116,715.4212,0.767676,0.074707,0.693555,0.231738,10240,7325913,316,57268,27,397
12060,36.667,19.02,7.473098,7.221436,0.251662,743.3678,0.761816,0.078027,0.680762,0.241211,10240,7612086,361,57124,26,397
12080,36.748,19.067,7.469424,7.205078,0.264346,747.1942,0.766016,0.07832,0.685742,0.235938,10240,7651269,284,57032,28,397
12100,36.829,19.114,7.464609,7.181885,0.282725,741.846,0.768262,0.077637,0.697461,0.224902,10240,7596503,323,56886,26,397
12120,36.917,19.158,7.47121,7.198608,0.272602,759.5232,0.772363,0.079883,0.713672,0.206445,10240,7777518,317,57015,24,397
12140,37.007,19.201,7.480101,7.218018,0.262084,731.7771,0.763672,0.076562,0.709375,0.214062,10240,7493398,314,57103,26,397
12160,37.087,19.248,7.481331,7.20459,0.276741,713.1511,0.766504,0.074023,0.708301,0.217676,10240,7302667,268,56912,27,397
12180,37.168,19.295,7.489026,7.183716,0.30531,716.089,0.771387,0.074414,0.709668,0.215918,10240,7332751,320,56745,28,397
12200,37.249,19.342,7.48895,7.206177,0.282774,752.1566,0.768945,0.078809,0.70625,0.214941,10240,7702084,324,56907,29,397
12220,37.335,19.391,7.495277,7.216309,0.278969,745.1745,0.77207,0.077832,0.699316,0.222852,10240,7630587,327,56990,29,397
12240,37.419,19.435,7.494177,7.223267,0.27091,754.3783,0.778223,0.079004,0.707227,0.21377,10240,7724834,303,57043,30,397
12260,37.501,19.482,7.494787,7.224976,0.269811,732.9287,0.77168,0.076367,0.713184,0.210449,10240,7505190,321,57047,34,397
12280,37.586,19.529,7.491963,7.199219,0.292745,735.3403,0.774316,0.076562,0.715625,0.207812,10240,7529885,312,56904,36,399
12300,37.667,19.572,7.502038,7.217651,0.284386,721.9648,0.781348,0.075,0.716016,0.208984,10240,7392920,336,57002,37,399
12320,37.747,19.614,7.496826,7.210693,0.286132,694.6214,0.771777,0.071777,0.710742,0.21748,10240,7112923,326,57014,37,399
12340,37.832,19.663,7.484397,7.198364,0.286033,717.7654,0.767578,0.074707,0.702832,0.222461,10240,7349918,308,57016,36,399
12360,37.912,19.709,7.500523,7.217163,0.28336,718.3924,0.77168,0.074707,0.708496,0.216797,10240,7356338,293,57145,37,401
12380,38.001,19.763,7.512556,7.228394,0.284163,700.8068,0.771387,0.072266,0.714648,0.213086,10240,7176262,345,57166,37,401
12400,38.082,19.81,7.513036,7.220581,0.292455,703.1353,0.785449,0.072656,0.716016,0.211328,10240,7200105,322,57143,34,402
12420,38.122,19.833,7.519343,7.218872,0.300471,722.6609,0.786914,0.075098,0.716016,0.208887,10240,7400048,338,57038,33,402
12440,38.163,19.856,7.506502,7.210449,0.296053,723.3838,0.78584,0.075195,0.717383,0.207422,10240,7407450,300,57041,34,402
12460,38.204,19.879,7.499682,7.193848,0.305834,722.506,0.784766,0.075195,0.71416,0.210645,10240,7398461,326,56858,34,402
12480,38.244,19.902,7.503207,7.216919,0.286288,715.7655,0.791602,0.074609,0.716309,0.209082,10240,7329439,318,57018,34,402
12500,38.285,19.925,7.512088,7.208618,0.30347,740.2685,0.787695,0.077148,0.719531,0.20332,10240,7580349,278,56949,34,402
12520,38.326,19.948,7.518219,7.228516,0.289704,739.1777,0.788477,0.077148,0.728027,0.194824,10240,7569180,316,57116,33,402
12540,38.366,19.972,7.514613,7.2323,0.282314,738.1438,0.7875,0.077148,0.725781,0.19707,10240,7558593,271,57172,34,404
12560,38.42,20.007,7.509408,7.227051,0.282357,771.2373,0.788477,0.081152,0.72207,0.196777,10240,7897470,298,57183,33,404
12580,38.462,20.031,7.505863,7.219604,0.286259,756.2222,0.793066,0.079395,0.718262,0.202344,10240,7743715,334,57183,33,404
12600,38.524,20.06,7.501045,7.229492,0.271553,723.1604,0.79873,0.075098,0.72666,0.198242,10240,7405162,310,57281,32,404
12620,38.599,20.108,7.518112,7.210083,0.308029,761.7448,0.805664,0.079395,0.74209,0.178516,10240,7800267,335,56976,28,404
12640,38.64,20.131,7.524653,7.214478,0.310176,735.0181,0.822168,0.076074,0.758008,0.165918,10240,7526585,298,56965,30,404
12660,38.682,20.155,7.53916,7.226074,0.313086,767.0928,0.827734,0.07998,0.76416,0.155859,10240,7855030,296,56986,29,404
12680,38.723,20.179,7.536674,7.204712,0.331962,767.7653,0.826367,0.080078,0.759961,0.159961,10240,7861917,306,56851,31,407
12700,38.764,20.203,7.542314,7.209106,0.333207,758.2391,0.823926,0.079199,0.75625,0.164551,10240,7764368,316,56886,32,407
12720,38.822,20.226,7.553476,7.202759,0.350717,737.5776,0.820801,0.076367,0.764844,0.158789,10240,7552795,329,56828,36,407
12740,38.904,20.274,7.55669,7.213379,0.343311,735.0475,0.821875,0.076562,0.765625,0.157812,10240,7526886,308,56870,37,407
12760,38.985,20.321,7.558914,7.221558,0.337357,741.9979,0.817773,0.077539,0.761914,0.160547,10240,7598059,345,56899,40,408
12780,39.075,20.369,7.550572,7.21106,0.339512,737.3281,0.818164,0.076758,0.759961,0.163281,10240,7550240,294,56806,37,408
12800,39.12,20.396,7.553963,7.216064,0.337898,733.6371,0.825879,0.076562,0.757031,0.166406,10240,7512444,333,56871,40,408
12820,39.161,20.42,7.558106,7.230225,0.327882,708.6376,0.824707,0.073438,0.759961,0.166602,10240,7256449,343,56957,38,408
12840,39.202,20.443,7.553991,7.199707,0.354284,704.4298,0.820215,0.072949,0.764648,0.162402,10240,7213361,296,56753,37,408
12860,39.244,20.467,7.543497,7.168823,0.374674,716.9341,0.834766,0.074316,0.773828,0.151855,10240,7341405,312,56501,38,408
12880,39.285,20.49,7.545719,7.16748,0.378239,708.1464,0.819238,0.07334,0.772363,0.154297,10240,7251419,335,56493,39,408
12900,39.325,20.513,7.550044,7.177612,0.372432,689.4226,0.821191,0.070996,0.772754,0.15625,10240,7059687,269,56513,39,408
12920,39.405,20.555,7.552712,7.17041,0.382302,706.6375,0.816309,0.072949,0.784277,0.142773,10240,7235968,334,56407,41,409
12940,39.473,20.606,7.54305,7.163452,0.379598,690.4525,0.814648,0.070898,0.786035,0.143066,10240,7070234,303,56395,45,412
12960,39.514,20.628,7.532767,7.161743,0.371024,686.8885,0.818359,0.070605,0.784082,0.145312,10240,7033738,281,56455,41,412
12980,39.554,20.651,7.52966,7.14978,0.37988,685.9422,0.825195,0.070508,0.783887,0.145605,10240,7024048,307,56352,43,412
13000,39.595,20.673,7.526376,7.15686,0.369515,686.9376,0.831543,0.070605,0.786133,0.143262,10240,7034241,321,56510,46,412
13020,39.636,20.696,7.515285,7.141235,0.37405,695.1008,0.832129,0.07168,0.78291,0.14541,10240,7117832,313,56427,47,412
13040,39.678,20.72,7.517542,7.148926,0.368617,698.3396,0.837109,0.071777,0.784766,0.143457,10240,7150997,375,56480,50,415
13060,39.718,20.742,7.530108,7.164307,0.365801,689.5066,0.838281,0.070898,0.784766,0.144336,10240,7060548,331,56548,52,415
13080,39.767,20.765,7.530485,7.181396,0.349089,695.5221,0.836523,0.071582,0.783301,0.145117,10240,7122146,324,56653,50,415
13100,39.849,20.812,7.532484,7.178101,0.354383,691.9366,0.843262,0.071191,0.783691,0.145117,10240,7085431,291,56609,46,415
13120,39.934,20.855,7.532096,7.161621,0.370475,700.4486,0.839355,0.072266,0.775,0.152734,10240,7172594,314,56498,46,415
13140,40.015,20.897,7.53572,7.167358,0.368362,672.553,0.830371,0.068945,0.77373,0.157324,10240,6886943,306,56521,43,415
13160,40.071,20.935,7.532969,7.173706,0.359263,667.8565,0.828906,0.068066,0.778418,0.153516,10240,6838851,332,56590,40,415
13180,40.11,20.957,7.530752,7.167236,0.363516,636.937,0.820605,0.063672,0.775488,0.16084,10240,6522235,316,56592,43,415
13200,40.15,20.979,7.533311,7.181519,0.351792,628.9317,0.813379,0.063184,0.768555,0.168262,10240,6440261,302,56712,44,415
13220,40.19,21.001,7.529381,7.187622,0.341759,662.5733,0.816113,0.067578,0.758594,0.173828,10240,6784751,312,56832,43,415
13240,40.23,21.022,7.527718,7.184937,0.342782,656.4896,0.822559,0.066699,0.7625,0.170801,10240,6722453,311,56860,38,415
13260,40.272,21.045,7.521619,7.181885,0.339734,686.4043,0.82627,0.070605,0.758008,0.171387,10240,7028780,306,56888,39,415
13280,40.312,21.067,7.521445,7.169189,0.352256,687.0622,0.829688,0.070605,0.760645,0.16875,10240,7035517,296,56782,39,415
13300,40.372,21.094,7.517171,7.178467,0.338704,683.5005,0.819434,0.069922,0.767285,0.162793,10240,6999045,328,56897,39,415
13320,40.452,21.139,7.509141,7.167236,0.341905,649.5925,0.818359,0.066113,0.759082,0.174805,10240,6651827,294,56883,40,415
13340,40.508,21.176,7.50807,7.161255,0.346816,606.5496,0.827734,0.060352,0.759277,0.180371,10240,6211068,336,56773,40,415
13360,40.549,21.197,7.514971,7.172485,0.342486,617.8293,0.823828,0.061621,0.763184,0.175195,10240,6326572,307,56879,44,415
13380,40.591,21.219,7.508639,7.164307,0.344332,627.8646,0.825488,0.062988,0.766211,0.170801,10240,6429333,321,56829,44,415
13400,40.633,21.243,7.503569,7.163452,0.340117,631.1337,0.825879,0.063379,0.762891,0.17373,10240,6462809,340,56873,45,415
13420,40.673,21.264,7.492373,7.160767,0.331606,610.2715,0.819531,0.06084,0.766797,0.172363,10240,6249180,331,56868,46,415
13440,40.721,21.285,7.49717,7.177124,0.320046,609.1269,0.820605,0.06084,0.769434,0.169727,10240,6237459,287,56984,44,415
13460,40.792,21.33,7.507072,7.191528,0.315544,586.9658,0.826465,0.058203,0.772168,0.169629,10240,6010530,324,57022,45,415
13480,40.831,21.351,7.509168,7.170044,0.339124,592.2103,0.825684,0.058887,0.772363,0.16875,10240,6064233,297,56822,46,415
13500,40.874,21.372,7.513861,7.179443,0.334418,588.4089,0.818066,0.058594,0.770898,0.170508,10240,6025307,313,56801,46,415
13520,40.927,21.4,7.511766,7.168823,0.342942,584.9595,0.80957,0.058301,0.76416,0.177539,10240,5989985,327,56795,45,415
13540,40.965,21.42,7.517018,7.182007,0.335011,598.4683,0.809863,0.059766,0.758203,0.182031,10240,6128315,308,56866,44,415
13560,41.009,21.444,7.516095,7.176758,0.339337,626.7758,0.804297,0.063574,0.754199,0.182227,10240,6418184,305,56826,45,415
13580,41.103,21.496,7.496885,7.158325,0.33856,622.2873,0.812402,0.062695,0.758008,0.179297,10240,6372222,311,56732,44,415
13600,41.203,21.545,7.498287,7.167603,0.330684,631.143,0.807715,0.064062,0.748926,0.187012,10240,6462904,313,56720,44,415
13620,41.283,21.587,7.502079,7.156616,0.345463,658.8948,0.803418,0.066895,0.754883,0.178223,10240,6747083,309,56639,44,415
13640,41.363,21.629,7.501893,7.160034,0.341859,664.0741,0.805566,0.06709,0.761621,0.171289,10240,6800119,309,56675,46,415
13660,41.444,21.671,7.507397,7.164307,0.34309,648.1845,0.806055,0.065527,0.764258,0.170215,10240,6637409,307,56744,44,415
13680,41.518,21.711,7.505592,7.145386,0.360206,647.4919,0.803711,0.065332,0.773047,0.161621,10240,6630317,308,56490,44,415
13700,41.557,21.733,7.511337,7.157104,0.354232,657.1634,0.804492,0.066797,0.77627,0.156934,10240,6729353,310,56566,44,415
13720,41.596,21.754,7.512001,7.15564,0.356361,655.8849,0.810449,0.066602,0.780664,0.152734,10240,6716261,288,56620,44,417
13740,41.637,21.777,7.517671,7.16394,0.35373,695.4352,0.807422,0.071484,0.775391,0.153125,10240,7121256,321,56712,45,417
13760,41.68,21.801,7.514913,7.157471,0.357442,701.7289,0.804492,0.072168,0.771191,0.156641,10240,7185704,323,56685,47,419
13780,41.721,21.824,7.514453,7.161255,0.353198,720.2068,0.804102,0.074414,0.770312,0.155273,10240,7374918,312,56690,47,419
13800,41.772,21.847,7.515031,7.168457,0.346574,706.3714,0.821484,0.072949,0.777734,0.149316,10240,7233243,324,56708,47,419
13820,41.836,21.894,7.519155,7.158203,0.360952,696.3035,0.828809,0.071289,0.794043,0.134668,10240,7130148,307,56681,48,419
13840,41.877,21.917,7.521271,7.159058,0.362213,696.0669,0.823145,0.071191,0.791309,0.1375,10240,7127725,311,56726,52,423
13860,41.918,21.94,7.509509,7.133057,0.376452,697.474,0.820996,0.071582,0.790527,0.137891,10240,7142134,288,56573,50,423
13880,41.959,21.963,7.506318,7.130859,0.375459,683.0052,0.826953,0.069629,0.79375,0.136621,10240,6993973,311,56596,50,423
13900,41.999,21.985,7.503193,7.125244,0.377949,659.2577,0.833789,0.066797,0.799023,0.13418,10240,6750799,309,56534,53,423
13920,42.038,22.007,7.501142,7.13147,0.369672,652.3044,0.834473,0.066113,0.798535,0.135352,10240,6679597,319,56551,54,423
13940,42.087,22.028,7.495191,7.115967,0.379224,634.766,0.836426,0.063672,0.806738,0.12959,10240,6500004,310,56446,55,423
13960,42.167,22.07,7.486604,7.100586,0.386018,646.1946,0.836133,0.065137,0.811328,0.123535,10240,6617033,297,56398,52,423
13980,42.248,22.117,7.476217,7.082397,0.393819,596.6163,0.834082,0.058789,0.823926,0.117285,10240,6109351,294,56350,54,423
14000,42.296,22.138,7.471104,7.071533,0.399571,610.1162,0.83916,0.060352,0.82998,0.109668,10240,6247590,336,56323,48,423
14020,42.335,22.16,7.475153,7.081177,0.393977,622.0624,0.833594,0.061621,0.832324,0.106055,10240,6369919,322,56357,49,423
14040,42.374,22.181,7.47756,7.088745,0.388815,630.2818,0.831934,0.0625,0.83584,0.10166,10240,6454086,294,56484,51,425
14060,42.415,22.203,7.48376,7.107544,0.376217,655.1883,0.828906,0.065527,0.831445,0.103027,10240,6709128,321,56545,52,425
14080,42.454,22.224,7.482124,7.114868,0.367256,610.357,0.824316,0.060059,0.826758,0.113184,10240,6250056,327,56601,52,425
14100,42.493,22.246,7.483849,7.12915,0.354699,632.1528,0.820605,0.063281,0.820508,0.116211,10240,6473245,330,56644,51,425
14120,42.532,22.267,7.484936,7.131348,0.353589,615.2761,0.812012,0.060938,0.820703,0.118359,10240,6300427,325,56620,50,425
14140,42.588,22.289,7.484933,7.145386,0.339548,627.1439,0.81582,0.062793,0.819434,0.117773,10240,6421954,326,56736,49,425
14160,42.667,22.33,7.490896,7.16394,0.326955,621.066,0.823633,0.061816,0.822656,0.115527,10240,6359716,332,56839,51,427
14180,42.746,22.372,7.491598,7.170044,0.321554,650.9312,0.809863,0.065527,0.816309,0.118164,10240,6665536,321,56923,48,427
14200,42.824,22.412,7.497199,7.181519,0.31568,643.2764,0.803711,0.064258,0.818945,0.116797,10240,6587150,328,56908,46,427
14220,42.905,22.458,7.493198,7.16626,0.326938,661.3842,0.80166,0.066504,0.817773,0.115723,10240,6772574,296,56818,44,427
14240,42.985,22.503,7.489051,7.176514,0.312537,639.8403,0.803125,0.063965,0.816113,0.119922,10240,6551965,317,56888,45,427
14260,43.064,22.549,7.484039,7.165283,0.318756,638.8735,0.808691,0.063867,0.818848,0.117285,10240,6542065,304,56880,44,427
14280,43.151,22.596,7.485425,7.170166,0.315259,629.8426,0.805762,0.062402,0.820703,0.116895,10240,6449588,333,56929,43,427
14300,43.232,22.643,7.487656,7.178833,0.308823,654.58,0.805859,0.06582,0.818652,0.115527,10240,6702899,327,56924,43,427
14320,43.309,22.687,7.480749,7.174316,0.306432,655.8519,0.811719,0.065527,0.821094,0.113379,10240,6715923,287,56971,42,427
14340,43.392,22.731,7.480365,7.175415,0.30495,640.2802,0.809277,0.06377,0.809766,0.126465,10240,6556469,311,57008,39,427
14360,43.471,22.778,7.486208,7.175781,0.310427,644.4677,0.813574,0.064551,0.808203,0.127246,10240,6599349,316,57020,36,427
14380,43.549,22.822,7.482132,7.182495,0.299637,634.6102,0.805664,0.063281,0.810254,0.126465,10240,6498408,310,57086,37,427
14400,43.629,22.863,7.489333,7.189575,0.299758,623.9983,0.806738,0.062402,0.803711,0.133887,10240,6389743,280,57135,37,427
14420,43.715,22.906,7.493536,7.195923,0.297613,657.0903,0.812012,0.066602,0.798926,0.134473,10240,6728605,330,57111,38,427
14440,43.796,22.953,7.49557,7.196411,0.299159,672.1496,0.805078,0.068164,0.788184,0.143652,10240,6882812,326,57114,39,430
14460,43.853,22.991,7.513257,7.221191,0.292066,690.2323,0.803223,0.07041,0.782324,0.147266,10240,7067979,365,57139,37,430
14480,43.896,23.015,7.510307,7.206665,0.303642,720.2595,0.809668,0.074219,0.774219,0.151562,10240,7375457,310,57036,36,430
14500,43.938,23.038,7.511463,7.190796,0.320667,692.617,0.811816,0.071191,0.770801,0.158008,10240,7092398,318,56952,35,430
14520,43.978,23.059,7.499122,7.19458,0.304542,620.4009,0.815234,0.062012,0.77334,0.164648,10240,6352905,303,56990,37,430
14540,44.017,23.08,7.500651,7.190796,0.309855,613.3668,0.817188,0.061133,0.774219,0.164648,10240,6280876,293,56956,38,430
14560,44.058,23.101,7.511761,7.203491,0.30827,617.3896,0.824121,0.061426,0.785645,0.15293,10240,6322069,278,57048,38,430
14580,44.097,23.123,7.512073,7.207764,0.30431,618.336,0.825,0.061621,0.777832,0.160547,10240,6331761,308,57027,38,430
14600,44.172,23.164,7.516365,7.197632,0.318733,589.1408,0.822852,0.058105,0.783594,0.158301,10240,6032802,281,56927,37,432
14620,44.251,23.204,7.514985,7.201172,0.313813,564.0822,0.824805,0.055566,0.786816,0.157617,10240,5776202,331,57055,40,432
14640,44.325,23.244,7.52446,7.199707,0.324753,554.2433,0.824707,0.054297,0.792969,0.152734,10240,5675451,345,57048,39,432
14660,44.367,23.269,7.527238,7.19812,0.329118,561.9086,0.830664,0.05498,0.800586,0.144434,10240,5753944,328,57043,39,432
14680,44.405,23.289,7.533526,7.213135,0.320391,571.5541,0.823926,0.056348,0.799512,0.144141,10240,5852714,331,57115,41,434
14700,44.443,23.31,7.539417,7.20874,0.330676,572.7648,0.822754,0.05625,0.810156,0.133594,10240,5865112,340,57029,39,434
14720,44.481,23.33,7.54953,7.226929,0.322601,582.1363,0.825098,0.057422,0.809863,0.132715,10240,5961076,311,57097,36,434
14740,44.519,23.351,7.543962,7.235352,0.308611,575.7673,0.830176,0.056836,0.812695,0.130469,10240,5895857,309,57180,34,434
14760,44.557,23.372,7.548366,7.235596,0.31277,554.5587,0.833398,0.054102,0.808008,0.137891,10240,5678681,349,57111,34,436
14780,44.595,23.392,7.552568,7.219727,0.332842,555.2237,0.820312,0.054102,0.806934,0.138965,10240,5685491,294,56932,39,439
14800,44.638,23.414,7.548202,7.223145,0.325058,551.3942,0.823535,0.053711,0.800098,0.146191,10240,5646277,310,57040,40,439
14820,44.708,23.454,7.539731,7.216431,0.3233,559.4126,0.815234,0.054883,0.784961,0.160156,10240,5728385,315,56965,39,439
14840,44.745,23.474,7.531142,7.185669,0.345473,564.0976,0.818555,0.055078,0.801172,0.14375,10240,5776359,304,56832,37,439
14860,44.783,23.494,7.534699,7.188232,0.346466,569.9726,0.811523,0.055957,0.80127,0.142773,10240,5836519,337,56775,41,439
14880,44.827,23.521,7.537367,7.187988,0.349379,580.6055,0.803418,0.057422,0.795117,0.147461,10240,5945400,295,56804,38,439
14900,44.867,23.542,7.544163,7.186157,0.358006,594.779,0.805762,0.05918,0.799805,0.141016,10240,6090537,343,56731,39,439
14920,44.906,23.563,7.55028,7.193604,0.356677,606.6994,0.808984,0.060449,0.807324,0.132227,10240,6212602,309,56811,41,439
14940,44.945,23.584,7.545943,7.165894,0.38005,590.4673,0.821484,0.058398,0.817676,0.123926,10240,6046385,299,56630,41,439
14960,44.983,23.605,7.544199,7.181641,0.362558,606.433,0.823438,0.060352,0.825586,0.114062,10240,6209874,294,56714,41,439
14980,45.022,23.627,7.546256,7.186646,0.359611,606.7754,0.819531,0.060449,0.82832,0.11123,10240,6213380,311,56780,40,439
15000,45.061,23.648,7.544865,7.198975,0.34589,613.6337,0.822363,0.06123,0.826074,0.112695,10240,6283609,339,56890,38,439
15020,45.137,23.69,7.544323,7.192383,0.35194,629.9976,0.825391,0.063086,0.82959,0.107324,10240,6451175,270,56849,39,439
15040,45.216,23.735,7.544863,7.187744,0.357118,620.6252,0.819043,0.061914,0.826758,0.111328,10240,6355202,280,56753,38,439
15060,45.296,23.773,7.545849,7.16748,0.378369,612.935,0.815137,0.06084,0.81875,0.12041,10240,6276454,295,56584,36,439
15080,45.372,23.815,7.545563,7.192749,0.352814,624.7881,0.807422,0.0625,0.817871,0.119629,10240,6397830,311,56785,37,439
15100,45.452,23.86,7.549297,7.200439,0.348857,615.8277,0.805469,0.061426,0.820117,0.118457,10240,6306076,354,56788,37,439
15120,45.531,23.901,7.556596,7.193848,0.362748,609.3938,0.802734,0.060645,0.824121,0.115234,10240,6240193,320,56704,40,440
15140,45.59,23.943,7.548473,7.187988,0.360485,623.9032,0.818848,0.062207,0.845508,0.092285,10240,6388769,329,56666,41,440
15160,45.629,23.964,7.553139,7.203125,0.350014,613.9905,0.819629,0.06123,0.844434,0.094336,10240,6287263,323,56758,39,440
15180,45.667,23.985,7.554976,7.210205,0.344771,606.4629,0.814453,0.060059,0.847168,0.092773,10240,6210180,317,56832,40,440
15200,45.705,24.007,7.546769,7.198975,0.347794,598.3371,0.802637,0.058887,0.847852,0.093262,10240,6126972,283,56784,44,442
15220,45.746,24.028,7.546701,7.185547,0.361154,599.5536,0.809961,0.058984,0.855176,0.08584,10240,6139429,305,56677,43,442
15240,45.801,24.06,7.550317,7.192993,0.357324,582.8039,0.813867,0.057031,0.852051,0.090918,10240,5967912,336,56755,42,442
15260,45.869,24.093,7.545691,7.193726,0.351965,559.0613,0.826074,0.054102,0.86084,0.085059,10240,5724788,326,56825,42,442
15280,45.944,24.134,7.53559,7.201782,0.333807,561.2757,0.834766,0.054492,0.8625,0.083008,10240,5747463,309,56947,42,442
15300,46.022,24.175,7.530624,7.181641,0.348984,579.4936,0.840625,0.056641,0.852637,0.090723,10240,5934014,322,56783,45,444
15320,46.102,24.216,7.532313,7.180664,0.351649,553.2587,0.841699,0.053418,0.865234,0.081348,10240,5665369,322,56752,44,444
15340,46.175,24.252,7.532849,7.186768,0.346081,569.2818,0.841406,0.055371,0.861133,0.083496,10240,5829446,316,56795,43,444
15360,46.247,24.292,7.529109,7.185181,0.343928,557.8833,0.845996,0.054102,0.857227,0.088672,10240,5712725,294,56796,43,444
15380,46.284,24.312,7.5329,7.190186,0.342715,571.946,0.846094,0.055664,0.857617,0.086719,10240,5856727,322,56732,52,450
15400,46.323,24.334,7.541978,7.197754,0.344224,570.5651,0.853418,0.055176,0.861523,0.083301,10240,5842587,304,56794,57,454
15420,46.361,24.354,7.542945,7.207153,0.335792,583.3593,0.858105,0.056934,0.863184,0.079883,10240,5973599,302,56908,53,454
15440,46.399,24.375,7.548439,7.210693,0.337746,578.3141,0.858691,0.05625,0.862695,0.081055,10240,5921936,328,56920,49,454
15460,46.438,24.396,7.5571,7.201172,0.355929,594.2958,0.865527,0.058301,0.862891,0.078809,10240,6085589,306,56753,45,454
15480,46.476,24.416,7.556158,7.200073,0.356085,581.7512,0.863379,0.056934,0.867676,0.075391,10240,5957132,325,56743,44,454
15500,46.536,24.443,7.551103,7.195923,0.35518,607.0081,0.864648,0.059961,0.864062,0.075977,10240,6215763,331,56796,40,454
15520,46.612,24.48,7.544263,7.181274,0.362988,619.9859,0.872266,0.061328,0.863867,0.074805,10240,6348656,319,56737,40,454
15540,46.693,24.527,7.54306,7.19519,0.34787,648.0425,0.879492,0.064844,0.868066,0.06709,10240,6635955,317,56873,41,454
15560,46.752,24.565,7.537642,7.201172,0.33647,654.6435,0.86748,0.06582,0.866309,0.067871,10240,6703549,338,56993,44,457
15580,46.792,24.587,7.522702,7.200195,0.322507,644.0838,0.870117,0.064551,0.866992,0.068457,10240,6595418,356,57085,46,457
15600,46.833,24.61,7.509115,7.188477,0.320639,661.0742,0.865234,0.066504,0.866016,0.06748,10240,6769400,294,57088,46,457
15620,46.872,24.632,7.49846,7.190552,0.307909,630.5397,0.876758,0.062793,0.877539,0.059668,10240,6456727,295,57118,45,457
15640,46.912,24.653,7.500986,7.204834,0.296153,614.2827,0.855762,0.060938,0.872754,0.066309,10240,6290255,318,57199,46,457
15660,46.976,24.683,7.4893,7.207275,0.282025,618.4509,0.855762,0.06123,0.873438,0.065332,10240,6332937,297,57180,44,457
15680,47.015,24.704,7.488616,7.213135,0.275481,630.3149,0.851172,0.062891,0.866699,0.07041,10240,6454425,327,57158,47,460
15700,47.053,24.725,7.501299,7.215332,0.285967,595.3031,0.854102,0.058398,0.863672,0.07793,10240,6095904,322,57138,43,460
15720,47.1,24.747,7.501101,7.216797,0.284304,621.8932,0.859375,0.061816,0.866895,0.071289,10240,6368186,327,57096,40,460
15740,47.162,24.782,7.488511,7.216797,0.271715,654.9349,0.864844,0.06582,0.869629,0.064551,10240,6706533,291,57122,41,460
15760,47.22,24.818,7.491504,7.206787,0.284717,678.1065,0.873828,0.068555,0.854395,0.077051,10240,6943811,328,57010,40,460
15780,47.285,24.845,7.498371,7.211914,0.286457,692.7487,0.868652,0.070801,0.835352,0.093848,10240,7093747,314,57068,40,461
15800,47.324,24.867,7.487856,7.17041,0.317445,620.7634,0.875,0.061719,0.854102,0.08418,10240,6356617,315,56822,37,461
15820,47.369,24.887,7.486653,7.187256,0.299398,587.206,0.889941,0.05752,0.869824,0.072656,10240,6012989,314,56934,38,461
15840,47.42,24.92,7.489304,7.162964,0.32634,563.5031,0.892969,0.054297,0.880566,0.065137,10240,5770272,315,56665,39,461
15860,47.457,24.94,7.479037,7.143677,0.33536,534.5005,0.901758,0.050391,0.89541,0.054199,10240,5473285,343,56577,37,461
15880,47.497,24.96,7.488533,7.151489,0.337043,530.7982,0.899316,0.050195,0.897363,0.052441,10240,5435374,304,56616,40,461
15900,47.555,24.996,7.50435,7.187012,0.317339,557.6272,0.897559,0.053516,0.895996,0.050488,10240,5710103,311,56792,36,461
15920,47.594,25.017,7.510272,7.197632,0.312641,569.147,0.894531,0.054785,0.891797,0.053418,10240,5828065,324,56871,39,461
15940,47.662,25.046,7.505426,7.209473,0.295954,578.7974,0.895996,0.05625,0.891211,0.052539,10240,5926885,313,57027,39,461
15960,47.732,25.087,7.49339,7.210083,0.283307,567.0387,0.89541,0.054492,0.895508,0.05,10240,5806476,318,57093,39,461
15980,47.772,25.107,7.501551,7.215454,0.286097,553.6872,0.89082,0.053027,0.896582,0.050391,10240,5669757,298,57127,41,461
16000,47.821,25.128,7.48562,7.215454,0.270166,555.2796,0.892676,0.053223,0.900684,0.046094,10240,5686063,284,57169,40,461
16020,47.864,25.15,7.484863,7.210571,0.274291,572.1575,0.899805,0.055273,0.899316,0.04541,10240,5858893,312,57188,39,461
16040,47.904,25.172,7.47746,7.195435,0.282026,545.788,0.900879,0.051758,0.899414,0.048828,10240,5588869,306,57139,39,461
16060,47.958,25.193,7.466761,7.176758,0.290004,537.8881,0.903125,0.050488,0.904883,0.044629,10240,5507974,279,57089,38,461
16080,48.033,25.233,7.463485,7.177368,0.286116,535.5868,0.892969,0.050684,0.904688,0.044629,10240,5484409,324,57043,34,461
16100,48.111,25.273,7.462173,7.187256,0.274917,525.1818,0.894824,0.049414,0.902344,0.048242,10240,5377862,314,57151,34,461
16120,48.195,25.312,7.460527,7.189453,0.271074,494.7263,0.891992,0.045801,0.898926,0.055273,10240,5065997,291,57201,33,461
16140,48.264,25.348,7.450793,7.177856,0.272936,501.4939,0.898535,0.046582,0.899414,0.054004,10240,5135298,302,57151,35,461
16160,48.337,25.387,7.425139,7.144775,0.280363,506.138,0.901758,0.04707,0.901465,0.051465,10240,5182853,264,57024,35,461
16180,48.416,25.427,7.444626,7.161743,0.282883,493.2144,0.909473,0.045508,0.909863,0.044629,10240,5050515,334,57062,34,461
16200,48.494,25.466,7.442907,7.161621,0.281286,497.8525,0.906152,0.045996,0.906055,0.047949,10240,5098010,319,57092,32,461
16220,48.569,25.507,7.440536,7.171753,0.268783,499.1673,0.908008,0.046094,0.901855,0.052051,10240,5111473,344,57193,31,461
16240,48.649,25.552,7.453481,7.182617,0.270864,476.8871,0.908887,0.043457,0.908789,0.047754,10240,4883324,324,57233,32,461
16260,48.728,25.592,7.453527,7.196655,0.256872,490.3559,0.904297,0.04502,0.91543,0.039551,10240,5021244,303,57329,31,461
16280,48.801,25.631,7.45516,7.201416,0.253744,484.7133,0.898242,0.044531,0.90791,0.047559,10240,4963464,280,57336,31,461
16300,48.879,25.67,7.452867,7.199707,0.25316,491.7713,0.885742,0.04541,0.900195,0.054395,10240,5035738,293,57350,32,461
16320,48.952,25.709,7.448105,7.197388,0.250718,442.2576,0.893652,0.039258,0.909668,0.051074,10240,4528718,313,57362,33,461
16340,49.03,25.748,7.453031,7.196777,0.256254,461.8231,0.903418,0.041504,0.911523,0.046973,10240,4729069,301,57341,33,461
16360,49.103,25.783,7.469745,7.192383,0.277362,474.9143,0.905176,0.043066,0.905859,0.051074,10240,4863122,347,57313,33,461
16380,49.176,25.822,7.461857,7.198486,0.263371,463.2205,0.908398,0.041797,0.910156,0.048047,10240,4743378,322,57370,31,461
16400,49.254,25.861,7.459876,7.189575,0.270301,479.3115,0.909961,0.04375,0.903613,0.052637,10240,4908150,324,57324,31,461
16420,49.326,25.895,7.459377,7.196777,0.2626,461.8766,0.903418,0.041406,0.904004,0.05459,10240,4729616,312,57368,31,461
16440,49.399,25.93,7.453757,7.180542,0.273215,441.9936,0.905664,0.039062,0.908203,0.052734,10240,4526014,331,57195,32,461
16460,49.472,25.969,7.454596,7.170044,0.284552,447.5504,0.910352,0.039551,0.910059,0.050391,10240,4582916,318,57080,31,461
16480,49.55,26.004,7.454782,7.175049,0.279733,480.6885,0.911719,0.043848,0.904785,0.051367,10240,4922250,285,57152,32,461
16500,49.654,26.063,7.45575,7.156128,0.299622,465.3533,0.910352,0.04209,0.899805,0.058105,10240,4765218,324,57002,30,461
16520,49.727,26.097,7.461059,7.168579,0.29248,472.9937,0.911523,0.042969,0.904004,0.053027,10240,4843455,284,57025,31,461
16540,49.803,26.132,7.464405,7.187134,0.277271,497.9374,0.918066,0.045996,0.914355,0.039648,10240,5098879,333,57184,31,461
16560,49.874,26.172,7.457788,7.192017,0.265772,514.0719,0.911035,0.048145,0.912402,0.039453,10240,5264096,332,57239,31,461
16580,49.913,26.192,7.456098,7.185303,0.270795,507.6356,0.909863,0.047363,0.911621,0.041016,10240,5198189,286,57240,35,464
16600,49.951,26.211,7.446758,7.170166,0.276592,482.0396,0.901074,0.043945,0.90332,0.052734,10240,4936086,324,57083,35,464
16620,49.988,26.231,7.434152,7.152222,0.28193,494.7749,0.895801,0.04541,0.90332,0.05127,10240,5066495,304,56983,34,464
16640,50.026,26.25,7.438827,7.155273,0.283553,469.4572,0.892578,0.042285,0.908594,0.049121,10240,4807242,334,57066,34,464
16660,50.067,26.269,7.44232,7.161377,0.280943,461.7574,0.888379,0.041113,0.91084,0.048047,10240,4728396,318,57071,32,464
16680,50.141,26.308,7.442284,7.155884,0.2864,469.7689,0.884668,0.042383,0.905371,0.052246,10240,4810434,334,56994,31,464
16700,50.218,26.347,7.44656,7.16748,0.279079,471.6848,0.886719,0.042773,0.904102,0.053125,10240,4830052,313,57109,33,464
16720,50.298,26.387,7.434832,7.162964,0.271868,490.4747,0.878223,0.04502,0.902734,0.052246,10240,5022461,304,57145,35,464
16740,50.369,26.428,7.432684,7.177368,0.255316,480.3159,0.873535,0.043848,0.903906,0.052246,10240,4918435,308,57258,36,464
16760,50.406,26.447,7.441934,7.196167,0.245767,470.4902,0.868652,0.042578,0.896387,0.061035,10240,4817820,325,57266,36,464
16780,50.444,26.467,7.441823,7.20752,0.234304,513.171,0.870215,0.047754,0.885645,0.066602,10240,5254871,310,57303,36,464
16800,50.482,26.486,7.447143,7.186279,0.260864,497.5865,0.878418,0.045898,0.900684,0.053418,10240,5095286,296,57070,36,464
16820,50.521,26.506,7.442096,7.190674,0.251422,506.9151,0.883887,0.047363,0.901172,0.051465,10240,5190811,305,57175,35,464
16840,50.559,26.527,7.450358,7.197021,0.253336,524.4813,0.887402,0.049316,0.898926,0.051758,10240,5370689,321,57137,32,464
16860,50.597,26.547,7.455407,7.200439,0.254967,533.2099,0.883301,0.050488,0.887598,0.061914,10240,5460069,336,57145,31,464
16880,50.643,26.567,7.449442,7.190063,0.259379,532.3554,0.874023,0.050488,0.886523,0.062988,10240,5451319,297,57116,34,464
16900,50.703,26.608,7.449059,7.183105,0.265953,554.6238,0.878809,0.053027,0.893359,0.053613,10240,5679348,280,57094,34,464
16920,50.743,26.629,7.446469,7.17981,0.266659,566.5451,0.877832,0.054785,0.87998,0.065234,10240,5801422,310,57095,36,464
16940,50.782,26.65,7.450024,7.194336,0.255688,544.8299,0.879199,0.052051,0.878711,0.069238,10240,5579058,321,57131,37,464
16960,50.822,26.671,7.447247,7.186646,0.260601,557.3739,0.879297,0.053711,0.880566,0.065723,10240,5707509,299,57124,40,466
16980,50.862,26.691,7.440744,7.180298,0.260446,546.1933,0.881543,0.052344,0.881641,0.066016,10240,5593019,312,57176,40,466
17000,50.905,26.714,7.431837,7.181396,0.25044,531.9655,0.884863,0.050586,0.884277,0.065137,10240,5447327,304,57168,38,466
17020,50.946,26.735,7.432209,7.176392,0.255817,551.6034,0.877441,0.052832,0.883789,0.063379,10240,5648419,348,57133,38,466
17040,50.985,26.756,7.432064,7.182617,0.249447,540.2921,0.882812,0.051562,0.883496,0.064941,10240,5532591,309,57153,39,466
17060,51.052,26.788,7.430889,7.18457,0.246318,530.5234,0.878809,0.050293,0.880273,0.069434,10240,5432560,336,57145,38,466
17080,51.131,26.829,7.431399,7.179932,0.251467,546.7252,0.875391,0.052246,0.882031,0.065723,10240,5598466,348,57053,39,466
17100,51.19,26.87,7.429107,7.175293,0.253814,532.4149,0.87207,0.050684,0.882031,0.067285,10240,5451929,317,57026,39,466
17120,51.23,26.891,7.417446,7.154297,0.263149,540.0929,0.875,0.051562,0.882324,0.066113,10240,5530551,310,56978,39,466
17140,51.269,26.912,7.42921,7.166748,0.262462,545.1475,0.864453,0.052246,0.879297,0.068457,10240,5582310,347,57052,36,466
17160,51.31,26.933,7.435718,7.16748,0.268238,546.2603,0.859473,0.052441,0.87373,0.073828,10240,5593705,330,57025,36,466
17180,51.35,26.954,7.434913,7.168579,0.266334,567.9317,0.858887,0.055176,0.863086,0.081738,10240,5815621,343,57103,35,466
17200,51.39,26.976,7.438176,7.176392,0.261784,584.3905,0.859863,0.057129,0.860742,0.082129,10240,5984159,301,57183,37,466
17220,51.433,26.997,7.444174,7.181396,0.262778,571.4069,0.864551,0.055664,0.864453,0.079883,10240,5851207,330,57205,36,466
17240,51.497,27.039,7.449668,7.190308,0.259361,588.1217,0.87002,0.057617,0.864258,0.078125,10240,6022366,293,57191,36,466
17260,51.537,27.061,7.448938,7.185547,0.263392,621.0591,0.869238,0.061719,0.862109,0.076172,10240,6359645,305,57164,35,466
17280,51.576,27.083,7.461062,7.207031,0.25403,628.4633,0.869531,0.0625,0.860645,0.076855,10240,6435464,320,57243,32,466
17300,51.616,27.105,7.460423,7.208252,0.252171,615.1696,0.865234,0.061035,0.865527,0.073438,10240,6299337,319,57287,31,466
17320,51.654,27.126,7.45618,7.207886,0.248295,603.0061,0.863574,0.059277,0.863379,0.077344,10240,6174782,291,57245,31,466
17340,51.694,27.149,7.444424,7.199219,0.245205,640.2104,0.864062,0.063867,0.871094,0.065039,10240,6555754,296,57249,33,466
17360,51.734,27.171,7.450668,7.20166,0.249008,628.927,0.864746,0.062598,0.872461,0.064941,10240,6440212,320,57178,33,466
17380,51.809,27.213,7.446444,7.208984,0.23746,607.3197,0.858398,0.059961,0.869824,0.070215,10240,6218954,321,57279,32,466
17400,51.888,27.258,7.456928,7.217773,0.239155,611.3189,0.858984,0.060254,0.863086,0.07666,10240,6259906,342,57269,33,466
17420,51.943,27.296,7.454129,7.220215,0.233914,593.4157,0.850195,0.058203,0.86416,0.077637,10240,6076577,320,57312,33,466
17440,51.981,27.317,7.447185,7.202148,0.245037,598.6009,0.853613,0.058887,0.860938,0.080176,10240,6129673,283,57202,32,466
17460,52.021,27.339,7.423544,7.189697,0.233847,608.8388,0.858203,0.059863,0.861523,0.078613,10240,6234509,312,57158,31,466
17480,52.06,27.361,7.438977,7.199829,0.239148,636.8575,0.868848,0.063477,0.861328,0.075195,10240,6521421,341,57228,32,466
17500,52.099,27.383,7.43879,7.19873,0.24006,621.5329,0.878027,0.061621,0.863574,0.074805,10240,6364497,286,57287,33,467
17520,52.142,27.407,7.428625,7.19519,0.233435,646.3114,0.876953,0.064746,0.852344,0.08291,10240,6618229,328,57265,34,467
17540,52.199,27.43,7.426756,7.20813,0.218626,644.4766,0.871387,0.064746,0.846387,0.088867,10240,6599440,296,57337,31,467
17560,52.281,27.472,7.422616,7.212891,0.209726,650.9526,0.879004,0.06543,0.855957,0.078613,10240,6665755,317,57419,32,467
17580,52.366,27.514,7.408471,7.202026,0.206445,635.1167,0.877051,0.063477,0.856836,0.079688,10240,6503595,301,57395,29,467
17600,52.446,27.556,7.39711,7.182373,0.214737,618.7529,0.889648,0.06123,0.860742,0.078027,10240,6336030,326,57251,27,467
17620,52.529,27.602,7.389435,7.177979,0.211457,612.1374,0.884766,0.060352,0.858496,0.081152,10240,6268287,312,57286,27,467
17640,52.614,27.644,7.395025,7.18396,0.211065,634.9712,0.890918,0.063281,0.861523,0.075195,10240,6502105,328,57300,26,467
17660,52.691,27.687,7.392762,7.178467,0.214295,630.4705,0.890625,0.062793,0.870605,0.066602,10240,6456018,301,57266,26,469
17680,52.778,27.735,7.37742,7.166382,0.211038,619.8174,0.893262,0.061328,0.873438,0.065234,10240,6346930,301,57294,22,469
17700,52.859,27.778,7.371601,7.176392,0.195209,636.4581,0.89502,0.063477,0.861523,0.075,10240,6517331,325,57437,22,469
17720,52.936,27.821,7.369543,7.17041,0.199133,618.3516,0.88916,0.061133,0.867578,0.071289,10240,6331920,334,57346,22,469
17740,53.017,27.867,7.371457,7.188477,0.18298,626.0465,0.894043,0.062207,0.867871,0.069922,10240,6410716,311,57456,24,469
17760,53.097,27.913,7.370825,7.186157,0.184668,600.8968,0.889941,0.058887,0.868359,0.072754,10240,6153183,307,57475,25,469
17780,53.177,27.959,7.372446,7.181641,0.190806,615.7957,0.883398,0.060449,0.869141,0.07041,10240,6305748,326,57401,24,469
17800,53.257,28.005,7.370997,7.185303,0.185694,588.8073,0.885156,0.057227,0.873633,0.069141,10240,6029387,314,57350,24,469
17820,53.337,28.05,7.368871,7.182373,0.186498,596.8997,0.886621,0.058398,0.869727,0.071875,10240,6112253,273,57364,23,469
17840,53.422,28.092,7.37379,7.189087,0.184703,595.542,0.891797,0.058105,0.877148,0.064746,10240,6098350,325,57354,21,469
17860,53.497,28.134,7.378699,7.193359,0.18534,606.6168,0.896094,0.059473,0.875293,0.065234,10240,6211756,322,57378,22,469
17880,53.577,28.175,7.365184,7.184814,0.180369,600.8704,0.902148,0.058496,0.878418,0.063086,10240,6152913,287,57370,22,469
17900,53.662,28.221,7.373122,7.197876,0.175246,580.134,0.896191,0.056055,0.875195,0.06875,10240,5940572,351,57429,22,469
17920,53.737,28.262,7.379633,7.212036,0.167597,572.5268,0.892188,0.054688,0.881348,0.063965,10240,5862674,316,57456,22,469
17940,53.816,28.307,7.360954,7.186768,0.174186,591.5745,0.891309,0.057031,0.888281,0.054688,10240,6057723,339,57498,21,469
17960,53.896,28.352,7.363773,7.206299,0.157474,571.393,0.894629,0.05498,0.884668,0.060352,10240,5851064,329,57620,21,469
17980,53.976,28.393,7.368081,7.208008,0.160073,548.4634,0.896484,0.051953,0.874219,0.073828,10240,5616265,341,57647,21,469
18000,54.057,28.434,7.378761,7.212646,0.166114,554.2443,0.895801,0.052539,0.867578,0.079883,10240,5675462,282,57537,22,470
18020,54.137,28.476,7.376521,7.194702,0.181819,592.3257,0.89707,0.057129,0.855273,0.087598,10240,6065415,282,57424,23,470
18040,54.217,28.517,7.368667,7.171143,0.197524,583.7908,0.897559,0.056348,0.851074,0.092578,10240,5978018,304,57297,22,470
18060,54.296,28.562,7.384241,7.189453,0.194787,611.5367,0.886133,0.059863,0.85,0.090137,10240,6262136,341,57382,21,470
18080,54.376,28.608,7.404995,7.214966,0.190029,598.2092,0.891895,0.058105,0.854785,0.087109,10240,6125662,318,57427,24,470
18100,54.456,28.653,7.409447,7.206299,0.203148,592.4862,0.888184,0.057715,0.852344,0.089941,10240,6067059,320,57297,25,470
18120,54.535,28.694,7.407156,7.217529,0.189626,591.9892,0.889258,0.057715,0.854102,0.088184,10240,6061969,312,57428,28,470
18140,54.613,28.735,7.404658,7.219116,0.185542,559.6966,0.896875,0.053516,0.860449,0.086035,10240,5731293,319,57517,28,470
18160,54.692,28.779,7.41137,7.212524,0.198845,542.9244,0.900488,0.051367,0.863574,0.085059,10240,5559546,329,57404,28,470
18180,54.771,28.82,7.415803,7.213989,0.201814,559.466,0.895215,0.053613,0.861523,0.084863,10240,5728932,348,57377,28,470
18200,54.85,28.861,7.417542,7.21106,0.206483,550.9229,0.894043,0.052832,0.859473,0.087695,10240,5641450,326,57352,28,470
18220,54.924,28.901,7.417353,7.2052,0.212153,554.7492,0.892578,0.053418,0.863477,0.083105,10240,5680632,326,57275,27,470
18240,55.002,28.941,7.41411,7.192261,0.22185,534.9677,0.901855,0.050391,0.87627,0.07334,10240,5478069,320,57203,29,470
18260,55.077,28.983,7.413971,7.193481,0.22049,541.4223,0.889258,0.051562,0.872754,0.075684,10240,5544164,324,57244,31,470
18280,55.156,29.023,7.425527,7.208008,0.217519,533.2,0.876172,0.050391,0.871094,0.078516,10240,5459968,300,57272,32,470
18300,55.232,29.059,7.433138,7.226807,0.206331,540.4301,0.880859,0.051562,0.871289,0.077148,10240,5534004,308,57376,33,472
18320,55.311,29.1,7.431581,7.225098,0.206483,577.7886,0.889941,0.056055,0.866113,0.077832,10240,5916555,310,57340,35,472
18340,55.391,29.141,7.425905,7.206055,0.21985,611.4204,0.894922,0.060059,0.870312,0.069629,10240,6260945,349,57238,37,472
18360,55.47,29.183,7.441474,7.214111,0.227363,614.9865,0.887305,0.060645,0.86582,0.073535,10240,6297462,302,57208,36,472
18380,55.55,29.225,7.441149,7.198364,0.242785,623.0044,0.88623,0.061719,0.869434,0.068848,10240,6379565,313,57065,35,474
18400,55.63,29.266,7.437753,7.17627,0.261484,623.7733,0.885938,0.061621,0.869141,0.069238,10240,6387439,316,56933,35,474
18420,55.711,29.308,7.425295,7.175781,0.249514,614.7296,0.886328,0.060547,0.874023,0.06543,10240,6294831,309,57002,37,474
18440,55.791,29.349,7.424781,7.160522,0.264258,599.0684,0.880176,0.058594,0.867676,0.07373,10240,6134460,300,56850,38,474
18460,55.871,29.391,7.42401,7.174927,0.249083,619.7282,0.888867,0.061133,0.869336,0.069531,10240,6346017,314,57019,38,476
18480,55.951,29.433,7.431405,7.198486,0.232919,609.3609,0.892871,0.060059,0.866113,0.073828,10240,6239856,299,57130,40,476
18500,56.032,29.478,7.423762,7.192749,0.231013,630.6916,0.891992,0.062695,0.85293,0.084375,10240,6458282,339,57101,38,476
18520,56.112,29.524,7.442468,7.203003,0.239465,623.9871,0.890234,0.061914,0.852344,0.085742,10240,6389628,292,57096,37,476
18540,56.195,29.566,7.449707,7.206177,0.24353,607.66,0.881934,0.059766,0.85498,0.085254,10240,6222438,306,57044,35,476
18560,56.275,29.608,7.456581,7.210205,0.246376,613.892,0.882227,0.060254,0.857129,0.082617,10240,6286254,327,56986,34,476
18580,56.353,29.652,7.454017,7.20105,0.252967,623.2375,0.874707,0.061621,0.858105,0.080273,10240,6381952,323,57047,36,476
18600,56.44,29.693,7.460302,7.199463,0.260839,596.2018,0.871289,0.058203,0.860449,0.081348,10240,6105106,334,57000,33,476
18620,56.52,29.739,7.459599,7.189087,0.270512,617.4168,0.87002,0.060938,0.844922,0.094141,10240,6322348,305,56887,33,476
18640,56.61,29.783,7.444962,7.168823,0.276138,630.6749,0.876562,0.062109,0.851562,0.086328,10240,6458111,291,56829,34,476
18660,56.691,29.825,7.453462,7.171875,0.281587,639.4813,0.870801,0.06377,0.853418,0.082812,10240,6548289,354,56833,36,478
18680,56.771,29.867,7.442073,7.147217,0.294856,643.4364,0.877051,0.064062,0.857227,0.078711,10240,6588789,328,56733,36,478
18700,56.852,29.913,7.431998,7.130981,0.301017,650.9968,0.871094,0.064453,0.851953,0.083594,10240,6666207,316,56606,35,478
18720,56.933,29.96,7.437695,7.129395,0.308301,677.1557,0.870703,0.067969,0.842969,0.089062,10240,6934074,329,56638,35,478
18740,57.013,30.006,7.446798,7.128784,0.318013,635.3058,0.865137,0.062695,0.838281,0.099023,10240,6505531,308,56676,37,478
18760,57.093,30.047,7.445556,7.113037,0.332519,586.0048,0.86377,0.056738,0.849023,0.094238,10240,6000689,330,56561,43,484
18780,57.176,30.097,7.44209,7.106689,0.335401,572.23,0.870117,0.055176,0.84873,0.096094,10240,5859635,311,56495,46,484
18800,57.257,30.138,7.421776,7.088745,0.33303,580.0779,0.871875,0.056152,0.850391,0.093457,10240,5939998,289,56481,49,484
18820,57.337,30.183,7.432441,7.112061,0.32038,584.4282,0.878516,0.056738,0.849805,0.093457,10240,5984545,345,56622,49,484
18840,57.404,30.228,7.43846,7.117554,0.320907,562.4453,0.876758,0.054102,0.848926,0.096973,10240,5759440,310,56600,51,486
18860,57.443,30.248,7.440118,7.124756,0.315362,540.5021,0.879395,0.050879,0.852148,0.096973,10240,5534742,300,56618,50,486
18880,57.481,30.268,7.434092,7.118408,0.315684,544.8548,0.886426,0.051562,0.848535,0.099902,10240,5579313,272,56680,46,486
18900,57.52,30.29,7.449584,7.146729,0.302856,549.8404,0.882715,0.052051,0.839062,0.108887,10240,5630366,308,56820,45,488
18920,57.569,30.312,7.448143,7.13208,0.316063,538.3149,0.869824,0.050977,0.839453,0.10957,10240,5512345,295,56767,41,488
18940,57.609,30.334,7.439235,7.135986,0.303248,522.8605,0.873047,0.049219,0.8375,0.113281,10240,5354092,318,56761,41,488
18960,57.649,30.355,7.413898,7.106445,0.307452,521.7872,0.879004,0.048438,0.846973,0.10459,10240,5343101,329,56635,41,491
18980,57.687,30.375,7.426465,7.124512,0.301953,549.5515,0.875293,0.051758,0.850488,0.097754,10240,5627407,317,56706,42,491
19000,57.745,30.414,7.430073,7.138672,0.291401,555.072,0.875781,0.052539,0.846191,0.10127,10240,5683937,321,56798,39,491
19020,57.784,30.435,7.420979,7.139404,0.281575,568.8484,0.87627,0.054199,0.840918,0.104883,10240,5825008,301,56844,37,491
19040,57.822,30.455,7.411646,7.147217,0.264429,571.6991,0.878223,0.054883,0.841016,0.104102,10240,5854199,298,56968,36,491
19060,57.861,30.476,7.417061,7.144531,0.27253,575.2479,0.87334,0.055176,0.836328,0.108496,10240,5890539,313,56896,37,493
19080,57.907,30.504,7.41904,7.149536,0.269504,572.3668,0.877637,0.055078,0.831348,0.113574,10240,5861036,336,56902,37,493
19100,57.945,30.524,7.426045,7.129883,0.296162,557.4175,0.879004,0.053418,0.837207,0.109375,10240,5707955,314,56755,35,493
19120,57.982,30.544,7.419722,7.138062,0.281661,541.1858,0.883008,0.050977,0.846777,0.102246,10240,5541743,284,56890,34,493
19140,58.021,30.565,7.403346,7.123413,0.279932,537.6204,0.889062,0.050684,0.845605,0.103711,10240,5505233,324,56877,35,493
19160,58.059,30.586,7.3946,7.127197,0.267402,559.1037,0.888672,0.053711,0.837598,0.108691,10240,5725222,314,56971,33,493
19180,58.097,30.606,7.386223,7.115234,0.270989,557.4993,0.884668,0.053711,0.830176,0.116113,10240,5708793,299,56938,36,493
19200,58.158,30.634,7.380818,7.115112,0.265706,577.0626,0.888574,0.055762,0.838867,0.105371,10240,5909121,284,56968,35,493
19220,58.198,30.656,7.374628,7.118164,0.256464,629.7269,0.893262,0.0625,0.824316,0.113184,10240,6448403,321,57054,35,493
19240,58.239,30.677,7.366754,7.111816,0.254938,581.556,0.888965,0.056543,0.828223,0.115234,10240,5955133,318,57067,35,493
19260,58.278,30.698,7.371029,7.122437,0.248593,598.9835,0.887012,0.058887,0.829199,0.111914,10240,6133591,321,57127,36,493
19280,58.316,30.719,7.379829,7.142578,0.237251,594.8627,0.886328,0.058496,0.830469,0.111035,10240,6091394,332,57283,33,493
19300,58.355,30.74,7.380958,7.122681,0.258277,597.8232,0.895703,0.058594,0.837891,0.103516,10240,6121710,282,57074,33,495
19320,58.394,30.762,7.377376,7.123413,0.253963,619.6657,0.891406,0.06123,0.8375,0.10127,10240,6345377,294,57095,33,497
19340,58.433,30.783,7.381864,7.134155,0.247709,594.1897,0.896973,0.057812,0.846484,0.095703,10240,6084503,323,57131,30,497
19360,58.472,30.805,7.379062,7.126953,0.252109,629.3233,0.889551,0.061914,0.841992,0.096094,10240,6444271,298,57178,26,497
19380,58.516,30.831,7.378732,7.137085,0.241647,624.5656,0.89082,0.061719,0.842285,0.095996,10240,6395552,341,57227,28,497
19400,58.555,30.852,7.37743,7.149658,0.227772,601.528,0.887207,0.058984,0.849414,0.091602,10240,6159647,317,57291,25,497
19420,58.596,30.873,7.373841,7.152588,0.221253,609.3029,0.886035,0.060059,0.849121,0.09082,10240,6239262,286,57316,25,497
19440,58.634,30.894,7.386726,7.16687,0.219856,602.8167,0.889551,0.059082,0.85752,0.083398,10240,6172843,296,57306,26,497
19460,58.673,30.915,7.391341,7.173462,0.21788,580.6854,0.894824,0.056348,0.863965,0.079688,10240,5946218,346,57322,26,497
19480,58.712,30.937,7.39476,7.182861,0.211898,580.8644,0.894043,0.056348,0.862305,0.081348,10240,5948051,312,57357,24,497
19500,58.75,30.958,7.393051,7.18335,0.209702,604.1402,0.883691,0.059375,0.85166,0.088965,10240,6186396,305,57341,24,497
19520,58.799,30.979,7.393333,7.181641,0.211692,590.3109,0.883008,0.057617,0.854199,0.088184,10240,6044784,293,57332,24,497
19540,58.878,31.02,7.398526,7.19165,0.206875,591.458,0.885352,0.058105,0.853809,0.088086,10240,6056530,328,57382,24,497
19560,58.95,31.062,7.388432,7.193481,0.19495,602.7762,0.89375,0.059375,0.854395,0.08623,10240,6172428,308,57429,25,497
19580,58.989,31.083,7.382573,7.180542,0.202031,580.6687,0.892871,0.056445,0.858008,0.085547,10240,5946047,335,57365,23,497
19600,59.028,31.104,7.373356,7.186279,0.187077,593.7342,0.892383,0.058105,0.851562,0.090332,10240,6079838,321,57415,22,497
19620,59.067,31.125,7.378614,7.186523,0.19209,620.1653,0.889258,0.061523,0.839746,0.09873,10240,6350493,342,57438,23,497
19640,59.107,31.148,7.376715,7.185913,0.190802,625.4937,0.887793,0.062109,0.846875,0.091016,10240,6405055,318,57390,24,497
19660,59.152,31.171,7.37212,7.186401,0.185719,641.5671,0.876465,0.06416,0.843652,0.092188,10240,6569647,330,57431,27,497
19680,59.237,31.219,7.372421,7.179688,0.192733,639.8178,0.86582,0.063867,0.839062,0.09707,10240,6551734,308,57438,28,497
19700,59.297,31.261,7.369359,7.176392,0.192967,613.9207,0.862891,0.060547,0.842188,0.097266,10240,6286548,319,57420,30,497
19720,59.337,31.283,7.383431,7.191895,0.191537,643.481,0.863281,0.064648,0.838965,0.096387,10240,6589245,313,57452,29,497
19740,59.376,31.305,7.386513,7.200562,0.185951,609.5966,0.859277,0.060156,0.83623,0.103613,10240,6242269,353,57513,29,497
19760,59.418,31.327,7.379519,7.212036,0.167482,615.3677,0.852734,0.060938,0.836035,0.103027,10240,6301365,314,57606,29,497
19780,59.466,31.348,7.381321,7.207397,0.173923,611.5062,0.84873,0.059961,0.838672,0.101367,10240,6261824,321,57558,30,497
19800,59.546,31.391,7.38206,7.194092,0.187968,628.7098,0.849121,0.062402,0.837109,0.100488,10240,6437988,333,57415,30,497
19820,59.63,31.433,7.382475,7.192749,0.189726,617.1177,0.852539,0.06084,0.84707,0.09209,10240,6319285,300,57382,27,497
19840,59.669,31.455,7.387605,7.168457,0.219148,623.1863,0.853906,0.061426,0.853613,0.084961,10240,6381428,313,57132,24,497
19860,59.708,31.476,7.3907,7.166748,0.223952,591.0077,0.860352,0.057422,0.86582,0.076758,10240,6051919,326,57081,24,497
19880,59.748,31.498,7.39783,7.166382,0.231448,621.5636,0.859082,0.061133,0.863281,0.075586,10240,6364811,307,57068,26,497
19900,59.788,31.52,7.402441,7.160278,0.242162,621.4027,0.869141,0.061035,0.872559,0.066406,10240,6363164,315,57053,25,497
19920,59.827,31.541,7.395127,7.143188,0.251938,596.8398,0.875879,0.05791,0.883105,0.058984,10240,6111640,288,56931,27,497
19940,59.865,31.562,7.403709,7.157837,0.245872,575.152,0.873926,0.055566,0.887012,0.057422,10240,5889556,338,57019,27,497
19960,59.905,31.583,7.408957,7.176636,0.232321,585.7868,0.874121,0.056641,0.888867,0.054492,10240,5998457,311,57174,27,497
19980,59.944,31.605,7.401743,7.177124,0.224619,615.274,0.875293,0.060645,0.877441,0.061914,10240,6300406,280,57202,28,497
20000,60.027,31.651,7.39716,7.171265,0.225895,593.7777,0.87627,0.057812,0.881348,0.06084,10240,6080284,331,57147,32,499
