epoch,wall_s,sim_s,entropy_bits,comp_bits,high_order_entropy,brotli2_bits,zlib_bits,hoe_zlib,mean_steps,frac_copy_runs,frac_steps_in_loop,ops_per_run,frac_term_budget,frac_term_off_region,frac_term_unmatched,runs,steps,mutations,distinct_windows,n_persistent,A_t,n_persistent_naive,A_t_naive
0,0.021,0.0,7.996763,8.000488,-0.003725,8.000488,8.003174,-0.006411,0.0,0.0,0.0,0.0,0.0,0.0,0.0,0,0,0,58368,0,0,0,0
20,0.072,0.033,7.996585,8.000488,-0.003903,8.000854,7.981323,0.015262,616.8826,0.507227,0.835081,46.53,0.059375,0.631836,0.308789,10240,6316878,329,58136,0,0,0,0
40,0.118,0.058,7.995902,8.000488,-0.004586,7.988037,7.959351,0.036551,605.2418,0.496289,0.836312,50.9237,0.058887,0.617676,0.323438,10240,6197676,301,57947,0,0,0,0
60,0.164,0.082,7.995705,8.000488,-0.004783,7.953247,7.934937,0.060769,594.1713,0.486621,0.833264,51.3301,0.058008,0.620801,0.321191,10240,6084314,322,57785,0,0,0,0
80,0.209,0.107,7.995296,7.928345,0.066951,7.934814,7.910889,0.084407,613.1435,0.48418,0.839154,56.9839,0.06123,0.624121,0.314648,10240,6278589,335,57635,0,0,0,0
100,0.254,0.131,7.994785,7.911743,0.083042,7.924194,7.903809,0.090977,603.1771,0.48457,0.837832,59.3065,0.060156,0.620215,0.319629,10240,6176533,304,57586,0,0,0,0
120,0.3,0.157,7.994113,7.894531,0.099582,7.91748,7.882568,0.111545,641.0547,0.483789,0.848572,61.424,0.064844,0.611035,0.324121,10240,6564400,328,57450,0,0,0,0
140,0.345,0.182,7.99128,7.82251,0.168771,7.84375,7.797119,0.194161,638.5891,0.480078,0.848101,69.3697,0.064844,0.615723,0.319434,10240,6539152,338,56858,0,0,0,0
160,0.391,0.207,7.989102,7.798462,0.19064,7.811401,7.766479,0.222622,616.0475,0.480371,0.841855,78.3519,0.062402,0.625879,0.311719,10240,6308326,308,56646,0,0,0,0
180,0.437,0.232,7.988707,7.797607,0.1911,7.816528,7.769653,0.219054,637.2673,0.483398,0.847571,77.3615,0.064355,0.617969,0.317676,10240,6525617,319,56698,0,0,0,0
200,0.484,0.257,7.988703,7.79126,0.197443,7.806763,7.76001,0.228693,609.7214,0.479297,0.842288,70.548,0.061719,0.609961,0.32832,10240,6243547,310,56642,0,0,0,0
220,0.529,0.281,7.988606,7.791016,0.19759,7.807861,7.757812,0.230794,610.913,0.477832,0.843488,70.8664,0.061523,0.612207,0.32627,10240,6255749,292,56631,0,0,0,0
240,0.59,0.32,7.987587,7.75647,0.231117,7.785645,7.726929,0.260658,655.3366,0.481738,0.854234,80.0743,0.067383,0.614746,0.317871,10240,6710647,318,56438,0,0,0,0
260,0.637,0.346,7.987458,7.748657,0.238801,7.787109,7.72583,0.261628,647.721,0.47334,0.852492,73.2364,0.066797,0.618066,0.315137,10240,6632663,299,56441,0,0,0,0
280,0.683,0.372,7.987385,7.755493,0.231892,7.795166,7.728638,0.258747,635.8383,0.468262,0.850814,77.1917,0.065234,0.608496,0.32627,10240,6510984,292,56525,8,8,8,8
300,0.73,0.397,7.987149,7.759155,0.227994,7.797607,7.732056,0.255094,650.833,0.473535,0.855403,76.2653,0.06748,0.599512,0.333008,10240,6664530,300,56579,12,12,12,12
320,0.776,0.423,7.987223,7.752197,0.235026,7.80127,7.719604,0.267618,618.2151,0.460449,0.850876,73.0179,0.063281,0.583691,0.353027,10240,6330523,335,56572,15,15,15,15
340,0.838,0.447,7.987313,7.752319,0.234993,7.799438,7.718262,0.269051,615.9331,0.450391,0.851854,71.8443,0.063184,0.573438,0.363379,10240,6307155,341,56571,16,16,16,16
360,0.885,0.473,7.986323,7.737183,0.24914,7.802979,7.710571,0.275751,607.8866,0.458789,0.849599,68.0147,0.062598,0.582129,0.355273,10240,6224759,317,56534,17,17,17,17
380,0.931,0.498,7.985554,7.748047,0.237507,7.787964,7.707642,0.277912,619.8479,0.456934,0.853052,79.1748,0.06416,0.578516,0.357324,10240,6347243,300,56561,18,18,18,18
400,0.977,0.523,7.983938,7.717407,0.266531,7.763794,7.669556,0.314383,632.2667,0.452246,0.857118,85.7869,0.065918,0.569434,0.364648,10240,6474411,287,56315,25,26,25,26
420,1.028,0.553,7.983051,7.709839,0.273212,7.777222,7.660278,0.322772,641.272,0.442773,0.860535,106.6009,0.066895,0.561523,0.371582,10240,6566625,302,56265,26,28,26,28
440,1.074,0.578,7.982739,7.702148,0.280591,7.754761,7.656494,0.326245,614.7263,0.439941,0.855214,110.8408,0.063574,0.560352,0.376074,10240,6294797,288,56275,26,29,26,29
460,1.121,0.603,7.982496,7.709595,0.272901,7.749023,7.658325,0.32417,611.3589,0.432812,0.855782,101.7564,0.063281,0.551367,0.385352,10240,6260315,334,56357,26,29,26,29
480,1.17,0.629,7.982298,7.724243,0.258055,7.765137,7.663086,0.319212,640.9639,0.438184,0.863239,121.0433,0.066797,0.547168,0.386035,10240,6563470,309,56441,26,29,26,29
500,1.217,0.655,7.981842,7.710815,0.271026,7.77063,7.658936,0.322906,640.0119,0.432227,0.863832,122.6982,0.06709,0.542969,0.389941,10240,6553722,309,56433,29,33,29,33
520,1.265,0.68,7.98155,7.697876,0.283674,7.761963,7.646484,0.335066,627.6521,0.438379,0.860958,119.5203,0.065625,0.543359,0.391016,10240,6427157,310,56394,28,35,28,35
540,1.312,0.706,7.980295,7.683472,0.296823,7.744873,7.641846,0.338449,644.3349,0.43623,0.864862,124.8195,0.067773,0.543066,0.38916,10240,6597989,322,56375,29,36,29,36
560,1.359,0.732,7.979421,7.678589,0.300833,7.758667,7.640747,0.338674,634.0082,0.430469,0.862804,119.4452,0.066211,0.540527,0.393262,10240,6492244,321,56366,29,36,29,36
580,1.407,0.759,7.977846,7.678101,0.299746,7.753296,7.63916,0.338686,637.89,0.42998,0.864278,129.2602,0.066992,0.539453,0.393555,10240,6531994,307,56392,28,37,28,37
600,1.455,0.785,7.972856,7.676758,0.296098,7.749878,7.631592,0.341264,649.9856,0.430664,0.866744,137.0516,0.068555,0.53877,0.392676,10240,6655853,302,56338,29,38,29,38
620,1.501,0.812,7.971059,7.671753,0.299306,7.750854,7.626465,0.344594,660.2046,0.433008,0.869313,130.0262,0.070117,0.535547,0.394336,10240,6760495,354,56330,31,40,31,40
640,1.547,0.837,7.967832,7.649658,0.318174,7.722778,7.599487,0.368345,630.1994,0.428516,0.862143,124.0338,0.06582,0.537695,0.396484,10240,6453242,338,56107,34,43,34,43
660,1.593,0.862,7.967739,7.658203,0.309535,7.72583,7.607178,0.360561,628.7848,0.425,0.86308,125.5929,0.066406,0.53252,0.401074,10240,6438756,327,56184,38,47,38,47
680,1.639,0.888,7.964472,7.649658,0.314814,7.736328,7.598145,0.366328,633.9155,0.424414,0.863944,121.463,0.066699,0.534082,0.399219,10240,6491295,304,56172,39,48,39,48
700,1.686,0.914,7.960732,7.632202,0.32853,7.724976,7.586914,0.373818,655.0521,0.422461,0.86882,125.1082,0.069531,0.532422,0.398047,10240,6707733,304,56147,39,49,39,49
720,1.735,0.942,7.954867,7.612793,0.342074,7.695068,7.564941,0.389925,667.5796,0.422949,0.870726,133.007,0.070703,0.533398,0.395898,10240,6836015,318,55995,40,51,40,51
740,1.781,0.969,7.952957,7.588379,0.364578,7.683716,7.549316,0.40364,662.1739,0.426855,0.868489,130.7245,0.07002,0.54043,0.389551,10240,6780661,336,55906,37,51,37,51
760,1.829,0.996,7.951008,7.573608,0.377399,7.66687,7.531982,0.419025,683.5183,0.423242,0.872707,130.8066,0.072852,0.539258,0.387891,10240,6999227,333,55788,40,54,40,54
780,1.877,1.022,7.949593,7.586304,0.363289,7.676025,7.532104,0.417489,674.3495,0.434473,0.869636,129.1729,0.07168,0.543945,0.384375,10240,6905339,307,55849,41,56,41,56
800,1.926,1.05,7.949846,7.602539,0.347307,7.69104,7.549561,0.400285,685.4405,0.435449,0.873265,134.2822,0.073242,0.537012,0.389746,10240,7018911,341,56021,40,56,40,56
820,1.975,1.078,7.94933,7.609619,0.339711,7.703369,7.567261,0.382069,698.6945,0.442383,0.875566,139.5304,0.074805,0.538379,0.386816,10240,7154632,329,56185,36,56,36,56
840,2.028,1.107,7.948586,7.605347,0.343239,7.721313,7.571411,0.377174,743.9861,0.438867,0.882798,154.3832,0.080371,0.536523,0.383105,10240,7618418,312,56264,35,56,35,56
860,2.079,1.136,7.949315,7.613403,0.335912,7.737427,7.57959,0.369725,731.6901,0.431445,0.881191,152.0693,0.078809,0.536035,0.385156,10240,7492507,346,56364,35,56,35,56
880,2.128,1.165,7.948097,7.633179,0.314918,7.728516,7.587769,0.360328,722.7936,0.427637,0.880304,164.5453,0.078027,0.533105,0.388867,10240,7401406,329,56454,35,57,35,57
900,2.178,1.195,7.947764,7.636353,0.311411,7.73291,7.588379,0.359385,701.2479,0.426074,0.876773,154.7267,0.075,0.533105,0.391895,10240,7180779,312,56503,35,59,35,59
920,2.225,1.222,7.946595,7.618286,0.328308,7.732544,7.574585,0.37201,694.8114,0.434277,0.874346,138.1977,0.073926,0.542871,0.383203,10240,7114869,322,56416,33,59,33,59
940,2.272,1.25,7.945427,7.618286,0.327141,7.717651,7.562744,0.382683,683.4273,0.438672,0.87327,127.5192,0.072852,0.537891,0.389258,10240,6998296,329,56342,33,59,33,59
960,2.318,1.277,7.938366,7.562988,0.375378,7.69043,7.503052,0.435314,656.301,0.446973,0.866686,125.6411,0.069141,0.552832,0.378027,10240,6720522,309,55973,31,59,31,59
980,2.365,1.304,7.935793,7.538086,0.397707,7.646118,7.475342,0.460451,653.972,0.452148,0.8655,125.4451,0.06875,0.554492,0.376758,10240,6696673,276,55787,29,60,29,60
1000,2.409,1.329,7.928601,7.505493,0.423107,7.620361,7.454712,0.473889,619.3401,0.447559,0.856662,123.9847,0.064258,0.565527,0.370215,10240,6342043,326,55679,29,62,29,62
1020,2.454,1.355,7.92769,7.524536,0.403154,7.634033,7.463379,0.464311,624.8225,0.445508,0.856586,118.5706,0.065039,0.573926,0.361035,10240,6398182,342,55807,32,65,32,65
1040,2.499,1.38,7.9272,7.532227,0.394973,7.6427,7.477173,0.450027,634.8314,0.456836,0.858858,119.6718,0.066602,0.572559,0.36084,10240,6500674,309,55944,31,65,31,65
1060,2.544,1.406,7.925001,7.533203,0.391798,7.633789,7.465088,0.459913,617.8276,0.462305,0.854904,110.8707,0.063965,0.579395,0.356641,10240,6326555,324,55919,28,65,28,65
1080,2.593,1.435,7.92269,7.512939,0.40975,7.633667,7.458252,0.464438,628.583,0.457129,0.857478,112.5483,0.065723,0.577246,0.357031,10240,6436690,309,55896,28,65,28,65
1100,2.638,1.461,7.921656,7.502075,0.41958,7.62915,7.463501,0.458155,629.2597,0.45166,0.856974,110.2901,0.065918,0.580762,0.35332,10240,6443619,294,55936,27,66,27,66
1120,2.684,1.487,7.916006,7.497559,0.418448,7.633545,7.461792,0.454214,626.5338,0.462598,0.856692,114.9897,0.065234,0.580859,0.353906,10240,6415706,298,56002,25,66,25,66
1140,2.728,1.511,7.913553,7.509644,0.403909,7.638428,7.463745,0.449808,595.3382,0.458398,0.850228,102.4387,0.061621,0.571777,0.366602,10240,6096263,316,56053,25,66,25,66
1160,2.773,1.537,7.910614,7.50769,0.402924,7.640869,7.451782,0.458832,602.1274,0.46416,0.851004,107.2502,0.062109,0.575098,0.362793,10240,6165785,300,56030,25,67,25,67
1180,2.816,1.561,7.906558,7.484131,0.422427,7.622192,7.430908,0.47565,589.4404,0.482422,0.847055,111.772,0.060352,0.580371,0.359277,10240,6035870,333,55922,27,69,27,69
1200,2.859,1.584,7.908011,7.502075,0.405936,7.630127,7.44165,0.466361,537.1757,0.473145,0.833062,101.4115,0.054199,0.585156,0.360645,10240,5500679,282,56028,26,71,26,71
1220,2.901,1.607,7.908248,7.498535,0.409712,7.633667,7.435669,0.472579,555.0232,0.480371,0.836627,102.5516,0.056738,0.591406,0.351855,10240,5683438,284,56054,29,74,29,74
1240,2.944,1.631,7.906778,7.488159,0.418619,7.609619,7.418335,0.488443,570.1381,0.479883,0.840575,107.5745,0.058301,0.593652,0.348047,10240,5838214,320,55968,30,77,30,77
1260,2.986,1.654,7.903941,7.485962,0.41798,7.625854,7.422729,0.481212,526.8261,0.481152,0.826318,96.8509,0.053125,0.599609,0.347266,10240,5394699,326,56088,29,77,29,77
1280,3.027,1.676,7.898185,7.45105,0.447136,7.592163,7.387451,0.510734,519.2294,0.470703,0.824163,97.295,0.051953,0.601562,0.346484,10240,5316909,315,55846,29,77,29,77
1300,3.07,1.699,7.892465,7.419556,0.47291,7.576782,7.364014,0.528452,537.0783,0.475684,0.827973,109.9166,0.053906,0.609082,0.337012,10240,5499682,306,55694,28,77,28,77
1320,3.113,1.723,7.890008,7.420532,0.469476,7.572998,7.363037,0.526971,530.5061,0.480371,0.824925,101.1468,0.05332,0.611523,0.335156,10240,5432382,325,55711,29,79,29,79
1340,3.158,1.746,7.884913,7.421875,0.463038,7.588989,7.365845,0.519068,533.0357,0.471289,0.825115,107.4484,0.053418,0.618066,0.328516,10240,5458286,304,55780,29,80,29,80
1360,3.2,1.769,7.884379,7.439941,0.444437,7.599609,7.381226,0.503153,519.0042,0.475195,0.818245,96.5977,0.051953,0.624609,0.323438,10240,5314603,314,55948,27,80,27,80
1380,3.243,1.792,7.884413,7.440063,0.444349,7.626831,7.394531,0.489882,539.9197,0.477441,0.826026,99.3637,0.054688,0.62373,0.321582,10240,5528778,298,56083,29,82,29,82
1400,3.285,1.814,7.879614,7.449707,0.429907,7.607178,7.385376,0.494238,515.6401,0.47041,0.817783,92.1379,0.051465,0.624609,0.323926,10240,5280155,326,56007,28,83,28,83
1420,3.327,1.836,7.875429,7.453247,0.422182,7.617798,7.389404,0.486025,497.0443,0.479102,0.80919,91.1162,0.049219,0.63457,0.316211,10240,5089734,284,56096,32,86,32,86
1440,3.368,1.857,7.873015,7.451782,0.421233,7.623291,7.393066,0.479949,473.2434,0.476758,0.798687,86.6324,0.046289,0.638184,0.315527,10240,4846012,305,56094,36,89,36,89
1460,3.408,1.878,7.873165,7.459961,0.413204,7.637451,7.403564,0.469601,451.0854,0.467578,0.789236,86.7306,0.043457,0.638379,0.318164,10240,4619114,333,56177,37,90,37,90
1480,3.448,1.899,7.866596,7.4646,0.401996,7.624878,7.397217,0.469379,453.2015,0.459082,0.790954,95.7289,0.043555,0.635156,0.321289,10240,4640783,334,56121,37,91,37,91
1500,3.489,1.92,7.856982,7.453857,0.403125,7.61499,7.390503,0.466479,484.9563,0.452246,0.805561,103.1471,0.047656,0.629785,0.322559,10240,4965952,318,56058,36,92,36,92
1520,3.53,1.942,7.851364,7.44104,0.410324,7.625488,7.381958,0.469406,498.3408,0.452051,0.810839,109.5046,0.049512,0.627051,0.323438,10240,5103010,303,56038,37,93,37,93
1540,3.578,1.969,7.851206,7.446045,0.405161,7.622681,7.388184,0.463022,514.3814,0.454785,0.816522,110.4066,0.051367,0.628711,0.319922,10240,5267266,305,56113,37,94,37,94
1560,3.619,1.992,7.852252,7.470215,0.382038,7.624756,7.402344,0.449909,490.4104,0.458008,0.807879,109.6396,0.048535,0.625879,0.325586,10240,5021803,327,56239,36,94,36,94
1580,3.661,2.014,7.851585,7.48584,0.365746,7.630493,7.41748,0.434105,472.8479,0.461328,0.801871,106.9485,0.046289,0.622559,0.331152,10240,4841962,303,56332,34,94,34,94
1600,3.702,2.035,7.853127,7.509033,0.344094,7.661621,7.432617,0.42051,484.0125,0.464648,0.805727,104.7013,0.047754,0.628125,0.324121,10240,4956288,301,56452,33,94,33,94
1620,3.743,2.057,7.851883,7.499634,0.352249,7.654785,7.430054,0.421829,480.4241,0.470215,0.803705,115.332,0.047168,0.628906,0.323926,10240,4919543,307,56410,35,95,35,95
1640,3.809,2.093,7.852949,7.504517,0.348432,7.660767,7.442505,0.410444,511.5478,0.47002,0.816808,122.2971,0.05127,0.622559,0.326172,10240,5238249,340,56550,32,95,32,95
1660,3.862,2.126,7.850986,7.50293,0.348057,7.677612,7.449463,0.401523,493.8084,0.472559,0.810116,113.0875,0.048828,0.627344,0.323828,10240,5056598,338,56604,32,95,32,95
1680,3.904,2.148,7.850891,7.519653,0.331237,7.677734,7.454102,0.396789,513.37,0.475098,0.816529,117.2215,0.051074,0.630176,0.31875,10240,5256909,286,56653,33,95,33,95
1700,3.946,2.171,7.851727,7.518311,0.333416,7.680054,7.449219,0.402508,529.9435,0.489648,0.820604,129.3812,0.053223,0.636133,0.310645,10240,5426621,329,56590,32,95,32,95
1720,3.988,2.194,7.85362,7.52002,0.3336,7.6604,7.43457,0.419049,509.6562,0.49502,0.812483,112.8223,0.050195,0.645117,0.304688,10240,5218879,305,56503,32,95,32,95
1740,4.031,2.218,7.856801,7.536743,0.320058,7.681885,7.447266,0.409535,498.1742,0.510449,0.807576,112.0571,0.049121,0.64502,0.305859,10240,5101304,333,56552,30,95,30,95
1760,4.072,2.239,7.855711,7.515503,0.340208,7.664185,7.447021,0.40869,490.8538,0.521387,0.804308,112.1111,0.048145,0.643262,0.308594,10240,5026343,294,56592,30,95,30,95
1780,4.114,2.262,7.854731,7.519287,0.335444,7.670288,7.448486,0.406245,500.3604,0.516699,0.808275,111.7327,0.049414,0.642285,0.308301,10240,5123691,301,56591,29,95,29,95
1800,4.158,2.283,7.852902,7.52356,0.329343,7.659912,7.443604,0.409299,476.9352,0.532227,0.799152,104.886,0.046582,0.648633,0.304785,10240,4883816,314,56525,31,97,31,97
1820,4.199,2.305,7.846474,7.49939,0.347084,7.65564,7.426025,0.420449,477.1959,0.54873,0.797542,110.4231,0.046289,0.656543,0.297168,10240,4886486,278,56432,27,97,27,97
1840,4.241,2.327,7.848226,7.517212,0.331014,7.67981,7.433594,0.414632,483.2933,0.530371,0.8015,112.2364,0.047363,0.651562,0.301074,10240,4948923,327,56476,27,97,27,97
1860,4.285,2.35,7.849216,7.509888,0.339328,7.654907,7.430664,0.418552,500.5991,0.528125,0.808322,111.7699,0.049512,0.650586,0.299902,10240,5126135,293,56448,26,97,26,97
1880,4.328,2.372,7.85063,7.515015,0.335615,7.657837,7.437988,0.412641,500.6728,0.534082,0.808767,114.7849,0.049414,0.646094,0.304492,10240,5126889,305,56470,25,97,25,97
1900,4.371,2.394,7.846903,7.506836,0.340067,7.651001,7.441406,0.405496,495.5355,0.529492,0.808043,112.2179,0.048438,0.642676,0.308887,10240,5074284,304,56500,25,99,25,99
1920,4.413,2.417,7.848706,7.494263,0.354444,7.661255,7.4375,0.411206,502.2,0.529199,0.808293,109.6081,0.049414,0.650488,0.300098,10240,5142528,352,56461,21,99,21,99
1940,4.455,2.439,7.848081,7.490845,0.357236,7.64978,7.429932,0.418149,512.2767,0.525977,0.811325,121.2482,0.050195,0.652148,0.297656,10240,5245713,329,56406,21,99,21,99
1960,4.498,2.462,7.849212,7.50708,0.342132,7.674561,7.439331,0.409881,515.6729,0.522168,0.812772,130.393,0.050293,0.657617,0.29209,10240,5280490,335,56491,21,100,21,100
1980,4.542,2.486,7.844738,7.490479,0.35426,7.657715,7.427124,0.417614,526.7771,0.53252,0.816818,138.8128,0.052148,0.654004,0.293848,10240,5394198,313,56355,20,101,20,101
2000,4.593,2.511,7.848322,7.497437,0.350886,7.657593,7.433105,0.415217,522.9203,0.542578,0.815518,137.5632,0.052051,0.653027,0.294922,10240,5354704,328,56359,21,102,21,102
2020,4.641,2.534,7.844281,7.488403,0.355877,7.640137,7.42041,0.42387,543.086,0.546289,0.821327,141.6731,0.054297,0.655664,0.290039,10240,5561201,309,56302,20,102,20,102
2040,4.688,2.559,7.845979,7.516724,0.329255,7.652344,7.437622,0.408357,552.4746,0.539746,0.82477,138.3658,0.055664,0.650391,0.293945,10240,5657340,332,56406,21,102,21,102
2060,4.733,2.584,7.845323,7.509644,0.335679,7.659424,7.443237,0.402086,535.746,0.536426,0.820455,141.5712,0.053516,0.64873,0.297754,10240,5486039,324,56463,23,102,23,102
2080,4.777,2.609,7.844244,7.505127,0.339117,7.668823,7.448853,0.395392,531.5114,0.526953,0.818762,136.1345,0.053125,0.650781,0.296094,10240,5442677,290,56535,25,104,25,104
2100,4.82,2.632,7.841776,7.490601,0.351175,7.64978,7.435059,0.406717,527.0043,0.529297,0.817687,128.5272,0.052637,0.646289,0.301074,10240,5396524,340,56432,24,104,24,104
2120,4.863,2.654,7.841184,7.484741,0.356443,7.63623,7.417969,0.423215,513.6206,0.533301,0.812078,130.8467,0.050879,0.649609,0.299512,10240,5259475,314,56333,24,105,24,105
2140,4.907,2.677,7.840447,7.47229,0.368157,7.62915,7.415039,0.425408,530.8534,0.526855,0.818798,134.5239,0.053027,0.644141,0.302832,10240,5435939,317,56319,25,106,25,106
2160,4.95,2.701,7.833469,7.466675,0.366794,7.628906,7.414917,0.418552,532.3418,0.528125,0.81923,137.9515,0.053223,0.643848,0.30293,10240,5451180,308,56365,26,107,26,107
2180,4.992,2.724,7.829401,7.477539,0.351862,7.63623,7.424927,0.404474,520.3628,0.525977,0.813469,132.7145,0.051465,0.651367,0.297168,10240,5328515,334,56483,28,109,28,109
2200,5.036,2.748,7.82615,7.456543,0.369607,7.609497,7.39978,0.42637,540.5014,0.527539,0.820386,140.9295,0.054102,0.652148,0.29375,10240,5534734,313,56353,29,110,29,110
2220,5.08,2.772,7.825298,7.456055,0.369243,7.615112,7.39856,0.426738,529.6953,0.524902,0.817253,138.9239,0.053027,0.652637,0.294336,10240,5424080,283,56430,26,110,26,110
2240,5.123,2.794,7.828921,7.460571,0.36835,7.624756,7.409302,0.419619,509.4801,0.536426,0.810544,125.3551,0.050586,0.64541,0.304004,10240,5217076,326,56447,25,110,25,110
2260,5.168,2.818,7.831524,7.453613,0.37791,7.61731,7.405762,0.425762,528.197,0.531934,0.818023,127.08,0.052637,0.640332,0.307031,10240,5408737,320,56432,26,111,26,111
2280,5.21,2.84,7.828523,7.463867,0.364655,7.623535,7.409424,0.419099,507.4553,0.528906,0.812264,118.1242,0.050391,0.631543,0.318066,10240,5196342,318,56496,27,112,27,112
2300,5.254,2.864,7.827231,7.458496,0.368735,7.612793,7.396973,0.430258,509.1085,0.521387,0.811776,116.8248,0.050391,0.639941,0.309668,10240,5213271,295,56427,25,112,25,112
2320,5.297,2.886,7.827899,7.475464,0.352435,7.632812,7.410034,0.417865,508.658,0.520508,0.811425,120.8023,0.050586,0.641602,0.307812,10240,5208658,306,56519,25,112,25,112
2340,5.341,2.91,7.828744,7.483887,0.344857,7.647827,7.414673,0.414071,506.3353,0.536328,0.811151,122.2099,0.050195,0.6375,0.312305,10240,5184873,336,56579,24,112,24,112
2360,5.383,2.932,7.828195,7.49292,0.335275,7.631958,7.408447,0.419748,478.3058,0.530859,0.799884,113.1115,0.046582,0.64082,0.312598,10240,4897851,316,56593,24,114,24,114
2380,5.426,2.955,7.823883,7.470703,0.35318,7.616333,7.381226,0.442657,509.3592,0.525684,0.810867,124.7005,0.050195,0.645312,0.304492,10240,5215838,328,56427,28,117,28,117
2400,5.469,2.978,7.822267,7.449219,0.373048,7.593872,7.371826,0.450441,505.3698,0.535254,0.808834,122.9221,0.049512,0.647656,0.302832,10240,5174987,307,56366,31,118,31,118
2420,5.515,3.002,7.820756,7.448853,0.371903,7.609009,7.380981,0.439774,517.1382,0.533691,0.813492,131.109,0.051172,0.649805,0.299023,10240,5295495,312,56421,32,118,32,118
2440,5.561,3.027,7.820775,7.435669,0.385106,7.596558,7.372192,0.448582,507.7719,0.568359,0.806759,128.9105,0.049902,0.665527,0.28457,10240,5199584,355,56370,31,118,31,118
2460,5.612,3.05,7.820672,7.429932,0.39074,7.578735,7.355835,0.464837,496.8478,0.585449,0.800782,124.4799,0.048438,0.676562,0.275,10240,5087721,295,56303,32,120,32,120
2480,5.68,3.085,7.816883,7.439331,0.377552,7.575928,7.362305,0.454578,504.4618,0.617969,0.801306,132.2117,0.048828,0.687988,0.263184,10240,5165689,317,56351,32,120,32,120
2500,5.733,3.118,7.819019,7.417969,0.40105,7.591919,7.347046,0.471973,508.9192,0.61543,0.800812,134.0312,0.049316,0.703223,0.247461,10240,5211333,324,56265,29,120,29,120
2520,5.777,3.142,7.820064,7.408203,0.411861,7.592285,7.343628,0.476436,531.1761,0.609277,0.809117,147.7516,0.052441,0.70332,0.244238,10240,5439243,350,56258,31,121,31,121
2540,5.821,3.165,7.820082,7.407837,0.412245,7.582031,7.338623,0.481459,521.448,0.607031,0.806207,138.224,0.05127,0.700195,0.248535,10240,5339628,334,56254,32,122,32,122
2560,5.865,3.189,7.815163,7.411499,0.403663,7.567871,7.331909,0.483253,526.4256,0.620215,0.807878,140.2378,0.051758,0.697559,0.250684,10240,5390598,323,56285,35,125,35,125
2580,5.908,3.212,7.812763,7.415771,0.396992,7.595337,7.349609,0.463154,503.7875,0.612598,0.799242,134.7615,0.048926,0.695801,0.255273,10240,5158784,335,56390,36,125,36,125
2600,5.95,3.234,7.811162,7.416382,0.394781,7.583862,7.344849,0.466314,484.1783,0.602344,0.792308,132.5352,0.046582,0.690234,0.263184,10240,4957986,276,56370,36,125,36,125
2620,5.993,3.258,7.817651,7.433228,0.384424,7.612793,7.365967,0.451685,470.0099,0.59375,0.788417,131.1717,0.045312,0.679004,0.275684,10240,4812901,306,56498,35,126,35,126
2640,6.035,3.279,7.816182,7.428955,0.387227,7.601685,7.36853,0.447651,459.713,0.599805,0.783904,122.6246,0.043848,0.680469,0.275684,10240,4707461,361,56506,34,127,34,127
2660,6.076,3.301,7.812756,7.427612,0.385144,7.60376,7.364746,0.44801,447.3383,0.594043,0.777658,115.6688,0.042285,0.687793,0.269922,10240,4580744,303,56510,34,129,34,129
2680,6.118,3.323,7.809253,7.408447,0.400805,7.607178,7.358643,0.45061,474.6444,0.60918,0.787636,119.6111,0.045605,0.692285,0.262109,10240,4860359,305,56509,33,129,33,129
2700,6.163,3.346,7.806076,7.400879,0.405197,7.603027,7.338745,0.467331,484.7575,0.614355,0.790317,116.6533,0.046582,0.704492,0.248926,10240,4963917,309,56325,31,129,31,129
2720,6.206,3.369,7.798892,7.387939,0.410953,7.564209,7.319092,0.4798,521.8791,0.618262,0.804039,126.6125,0.050684,0.70957,0.239746,10240,5344042,303,56219,34,131,34,131
2740,6.256,3.396,7.784987,7.370361,0.414626,7.533325,7.296509,0.488478,512.5418,0.623828,0.79885,122.9825,0.049609,0.715918,0.234473,10240,5248428,320,56094,34,132,34,132
2760,6.301,3.42,7.776865,7.358154,0.418711,7.541382,7.296021,0.480845,518.4449,0.627246,0.802175,127.5632,0.050488,0.712598,0.236914,10240,5308876,338,56154,34,132,34,132
2780,6.346,3.445,7.767094,7.360718,0.406376,7.53772,7.282104,0.484989,554.0335,0.628711,0.813333,146.4484,0.054883,0.719336,0.225781,10240,5673303,295,56065,36,135,36,135
2800,6.393,3.47,7.758102,7.336426,0.421676,7.51355,7.270996,0.487106,568.7962,0.614648,0.817502,146.8846,0.056641,0.721875,0.221484,10240,5824473,317,56049,37,138,37,138
2820,6.44,3.497,7.753381,7.352051,0.40133,7.519897,7.267944,0.485437,589.2479,0.617188,0.82296,151.8512,0.058887,0.727539,0.213574,10240,6033898,370,56098,39,139,39,139
2840,6.487,3.524,7.755279,7.328247,0.427032,7.503662,7.267456,0.487823,604.5153,0.622363,0.827862,151.0254,0.060645,0.726074,0.213281,10240,6190237,323,56063,33,139,33,139
2860,6.535,3.553,7.7528,7.313599,0.439201,7.495728,7.244873,0.507927,628.2742,0.635059,0.833899,157.1413,0.063965,0.724805,0.21123,10240,6433528,318,55960,35,140,35,140
2880,6.589,3.586,7.75322,7.315552,0.437668,7.507812,7.240356,0.512863,624.1658,0.651367,0.832859,151.9295,0.063281,0.727734,0.208984,10240,6391458,299,55957,30,140,30,140
2900,6.637,3.614,7.752784,7.285767,0.467018,7.477417,7.214966,0.537819,651.5116,0.666797,0.837862,158.584,0.066211,0.74082,0.192969,10240,6671479,305,55861,30,140,30,140
2920,6.687,3.643,7.744636,7.289307,0.45533,7.462891,7.199707,0.544929,664.3133,0.668164,0.840916,156.9475,0.067773,0.737695,0.194531,10240,6802568,294,55761,28,140,28,140
2940,6.737,3.673,7.739316,7.266479,0.472837,7.451416,7.181396,0.55792,678.2647,0.668066,0.843303,162.1784,0.069727,0.746582,0.183691,10240,6945431,323,55711,28,141,28,141
2960,6.786,3.702,7.729094,7.266846,0.462248,7.464233,7.189209,0.539885,706.2842,0.672266,0.849489,168.9429,0.07334,0.744922,0.181738,10240,7232350,312,55830,25,141,25,141
2980,6.838,3.733,7.71981,7.267456,0.452353,7.456787,7.184082,0.535727,698.7807,0.691309,0.846512,172.3174,0.07207,0.759473,0.168457,10240,7155514,306,55923,25,142,25,142
3000,6.888,3.763,7.713154,7.253174,0.45998,7.430908,7.161133,0.552021,703.2115,0.720508,0.846493,177.1323,0.072461,0.763672,0.163867,10240,7200886,298,55785,25,143,25,143
3020,6.94,3.793,7.704001,7.213501,0.4905,7.402466,7.128662,0.575338,739.7566,0.721191,0.853181,204.7011,0.076465,0.770898,0.152637,10240,7575108,309,55658,25,144,25,144
3040,7.006,3.839,7.696645,7.19873,0.497914,7.404053,7.125366,0.571279,731.4095,0.723145,0.850128,209.3695,0.075586,0.781348,0.143066,10240,7489633,357,55639,25,144,25,144
3060,7.057,3.869,7.691427,7.205566,0.485861,7.387207,7.120239,0.571188,704.2048,0.716504,0.842795,213.311,0.072363,0.797559,0.130078,10240,7211057,314,55591,25,144,25,144
3080,7.11,3.9,7.686088,7.208008,0.47808,7.401001,7.125732,0.560356,737.8464,0.727539,0.848934,222.5893,0.076172,0.804004,0.119824,10240,7555547,319,55731,25,145,25,145
3100,7.165,3.932,7.69074,7.178589,0.512151,7.393555,7.116821,0.573918,775.446,0.727051,0.856201,229.3084,0.080957,0.798242,0.120801,10240,7940567,301,55681,27,145,27,145
3120,7.219,3.964,7.685503,7.188232,0.49727,7.3927,7.117798,0.567705,789.6461,0.727637,0.858321,234.9121,0.082715,0.805176,0.112109,10240,8085976,294,55724,27,147,27,147
3140,7.276,4.0,7.679678,7.214233,0.465444,7.403198,7.133789,0.545889,799.9645,0.726855,0.859933,243.4935,0.08418,0.80332,0.1125,10240,8191636,307,55863,28,147,28,147
3160,7.331,4.033,7.672873,7.234009,0.438864,7.412231,7.142456,0.530417,798.2627,0.724316,0.859958,251.1426,0.083691,0.800391,0.115918,10240,8174210,305,56022,29,148,29,148
3180,7.386,4.065,7.664342,7.237671,0.426671,7.416016,7.157593,0.506749,763.8376,0.742383,0.852555,250.3447,0.079004,0.808496,0.1125,10240,7821697,297,56196,28,148,28,148
3200,7.44,4.098,7.654967,7.242676,0.412291,7.423584,7.15625,0.498717,792.4851,0.741992,0.85754,256.23,0.082617,0.816602,0.100781,10240,8115047,295,56286,30,149,30,149
3220,7.497,4.132,7.653729,7.24292,0.410809,7.448608,7.177124,0.476605,797.4621,0.745215,0.857167,262.2601,0.083594,0.823633,0.092773,10240,8166012,326,56451,30,149,30,149
3240,7.558,4.167,7.652388,7.278076,0.374312,7.456665,7.186768,0.46562,791.8277,0.734863,0.856106,253.6723,0.082812,0.825391,0.091797,10240,8108316,326,56482,31,149,31,149
3260,7.616,4.201,7.651806,7.279175,0.372631,7.447632,7.197266,0.454541,802.3174,0.733105,0.858792,257.7871,0.08418,0.81543,0.100391,10240,8215730,310,56544,32,149,32,149
3280,7.675,4.238,7.652667,7.289062,0.363604,7.450195,7.205322,0.447345,799.8113,0.72959,0.859768,254.2614,0.083887,0.803613,0.1125,10240,8190068,329,56542,33,150,33,150
3300,7.731,4.272,7.654454,7.302979,0.351475,7.475464,7.207642,0.446812,841.3099,0.727441,0.866521,274.1674,0.089258,0.80332,0.107422,10240,8615013,279,56517,33,150,33,150
3320,7.789,4.309,7.65777,7.303467,0.354303,7.475464,7.209595,0.448175,826.8787,0.732617,0.863925,288.5764,0.087305,0.810352,0.102344,10240,8467238,347,56505,34,151,34,151
3340,7.846,4.343,7.656138,7.307007,0.349131,7.506104,7.220093,0.436045,830.2589,0.747363,0.863996,296.3438,0.0875,0.8125,0.1,10240,8501851,329,56620,33,152,33,152
3360,7.903,4.379,7.65427,7.297729,0.35654,7.483521,7.215942,0.438327,840.1485,0.754883,0.866081,289.6839,0.088574,0.810254,0.101172,10240,8603121,347,56525,34,153,34,153
3380,7.96,4.414,7.647761,7.27356,0.374202,7.450684,7.185425,0.462336,868.8812,0.744727,0.871919,282.9343,0.092383,0.802539,0.105078,10240,8897343,310,56378,33,153,33,153
3400,8.016,4.45,7.64076,7.278076,0.362684,7.445068,7.183594,0.457166,842.007,0.760059,0.866364,273.9912,0.088477,0.811426,0.100098,10240,8622152,338,56421,29,153,29,153
3420,8.073,4.485,7.644238,7.250244,0.393993,7.443359,7.171875,0.472363,860.9985,0.765332,0.869611,279.7062,0.091113,0.806934,0.101953,10240,8816625,325,56374,27,153,27,153
3440,8.131,4.521,7.642067,7.288818,0.353249,7.458862,7.180664,0.461403,863.0084,0.750293,0.870562,275.9544,0.091895,0.800293,0.107812,10240,8837206,338,56456,27,153,27,153
3460,8.191,4.558,7.647499,7.30188,0.345619,7.467163,7.205322,0.442177,864.7803,0.760645,0.870585,278.539,0.09209,0.798926,0.108984,10240,8855350,345,56604,27,153,27,153
3480,8.248,4.594,7.650298,7.315796,0.334502,7.459961,7.200806,0.449492,845.0243,0.757812,0.868133,278.5104,0.089648,0.795215,0.115137,10240,8653049,328,56543,26,153,26,153
3500,8.305,4.629,7.644739,7.298096,0.346643,7.45459,7.2052,0.439539,835.0042,0.751758,0.865913,273.7782,0.088086,0.802441,0.109473,10240,8550443,326,56543,24,154,24,154
3520,8.366,4.668,7.642887,7.312378,0.330509,7.474976,7.210449,0.432438,847.0252,0.752441,0.86809,308.0932,0.089941,0.80166,0.108398,10240,8673538,305,56595,24,154,24,154
3540,8.423,4.703,7.635711,7.302856,0.332854,7.472534,7.205688,0.430022,839.5854,0.733301,0.868174,299.5348,0.088867,0.792773,0.118359,10240,8597354,302,56527,23,154,23,154
3560,8.48,4.739,7.633005,7.293091,0.339914,7.452637,7.197876,0.435129,858.3363,0.736133,0.871908,321.5197,0.091113,0.785352,0.123535,10240,8789364,287,56518,21,154,21,154
3580,8.537,4.774,7.637548,7.309082,0.328465,7.466431,7.199097,0.438451,820.5105,0.735938,0.865215,315.6862,0.086426,0.790137,0.123438,10240,8402028,318,56587,22,155,22,155
3600,8.599,4.815,7.640623,7.319336,0.321288,7.47583,7.202759,0.437865,854.185,0.742578,0.871194,335.0294,0.090527,0.78252,0.126953,10240,8746854,313,56659,23,155,23,155
3620,8.658,4.852,7.63866,7.317261,0.321399,7.463379,7.20752,0.431141,894.4306,0.750977,0.87704,353.481,0.095215,0.77998,0.124805,10240,9158969,314,56732,24,155,24,155
3640,8.716,4.889,7.646383,7.310791,0.335592,7.470093,7.206665,0.439718,882.7592,0.754688,0.87526,351.877,0.093848,0.786523,0.119629,10240,9039454,300,56724,27,156,27,156
3660,8.774,4.925,7.637494,7.327026,0.310467,7.460693,7.21228,0.425214,846.4932,0.761523,0.869385,343.8232,0.089062,0.794238,0.116699,10240,8668090,334,56800,26,157,26,157
3680,8.831,4.961,7.630612,7.296143,0.33447,7.460693,7.20459,0.426022,817.749,0.765723,0.864386,333.7982,0.085742,0.800977,0.113281,10240,8373750,303,56710,29,158,29,158
3700,8.911,5.011,7.630326,7.299438,0.330887,7.469238,7.213867,0.416458,802.0212,0.751758,0.861738,322.6535,0.083984,0.802637,0.113379,10240,8212697,313,56850,27,158,27,158
3720,8.984,5.062,7.622955,7.321289,0.301666,7.46167,7.212036,0.410919,793.1481,0.752734,0.860609,324.0062,0.08252,0.794922,0.122559,10240,8121837,322,56891,26,158,26,158
3740,9.043,5.099,7.626383,7.332642,0.293742,7.479248,7.223145,0.403239,832.2032,0.743652,0.867734,330.1728,0.087402,0.789551,0.123047,10240,8521761,295,56883,28,159,28,159
3760,9.1,5.135,7.636047,7.355103,0.280945,7.485229,7.234741,0.401306,853.7714,0.744922,0.870692,332.8847,0.090332,0.789551,0.120117,10240,8742619,316,56914,29,159,29,159
3780,9.157,5.171,7.63778,7.33667,0.30111,7.489746,7.239502,0.398278,856.7682,0.748145,0.871264,336.4052,0.090137,0.787598,0.122266,10240,8773306,330,56897,28,160,28,160
3800,9.214,5.207,7.637034,7.343384,0.293651,7.498169,7.251465,0.38557,861.6999,0.73877,0.87268,331.1675,0.091016,0.783594,0.125391,10240,8823807,335,56917,27,160,27,160
3820,9.27,5.243,7.639487,7.349487,0.289999,7.495605,7.247803,0.391684,852.6001,0.733887,0.871511,311.6912,0.090234,0.784375,0.125391,10240,8730625,290,56907,29,161,29,161
3840,9.327,5.279,7.643565,7.368164,0.275401,7.505981,7.256104,0.387462,897.1016,0.738086,0.877435,317.844,0.095996,0.78457,0.119434,10240,9186320,315,56956,29,162,29,162
3860,9.384,5.315,7.64771,7.37561,0.272099,7.519165,7.263184,0.384526,878.4522,0.739941,0.874844,302.1566,0.093848,0.783691,0.122461,10240,8995351,306,57057,27,162,27,162
3880,9.441,5.351,7.64085,7.327881,0.312969,7.477295,7.222046,0.418804,865.8603,0.752148,0.872772,292.9466,0.092188,0.787598,0.120215,10240,8866409,300,56734,25,162,25,162
3900,9.501,5.389,7.636017,7.322632,0.313385,7.479004,7.223755,0.412262,855.9602,0.769336,0.870524,305.2029,0.091016,0.796094,0.112891,10240,8765032,310,56732,26,164,26,164
3920,9.561,5.424,7.638488,7.344482,0.294005,7.511108,7.24707,0.391417,843.4998,0.773047,0.86895,311.4181,0.089551,0.792773,0.117676,10240,8637438,330,56852,25,164,25,164
3940,9.618,5.459,7.628581,7.339966,0.288615,7.480835,7.238281,0.3903,862.1972,0.770117,0.872358,323.2047,0.091895,0.790527,0.117578,10240,8828899,311,56785,27,164,27,164
3960,9.678,5.497,7.633865,7.332764,0.301101,7.474121,7.230835,0.40303,857.6112,0.777734,0.870437,313.0561,0.091113,0.801172,0.107715,10240,8781939,287,56646,27,164,27,164
3980,9.736,5.534,7.632014,7.317993,0.314021,7.472046,7.224976,0.407038,840.6408,0.77998,0.866734,300.8801,0.089062,0.811621,0.099316,10240,8608162,309,56649,25,164,25,164
4000,9.795,5.572,7.639923,7.339233,0.30069,7.48584,7.243042,0.396881,842.3821,0.774609,0.867564,302.6835,0.089062,0.807324,0.103613,10240,8625993,310,56731,25,165,25,165
4020,9.853,5.608,7.642476,7.337402,0.305073,7.485596,7.230469,0.412007,867.0822,0.787891,0.870198,321.3593,0.09209,0.813086,0.094824,10240,8878922,301,56647,24,165,24,165
4040,9.91,5.644,7.637265,7.31958,0.317685,7.461426,7.227173,0.410092,844.8263,0.787109,0.86638,319.1252,0.089258,0.818262,0.09248,10240,8651021,318,56597,26,165,26,165
4060,9.967,5.68,7.63374,7.321289,0.312451,7.45752,7.227783,0.405956,862.9421,0.787793,0.868713,325.4055,0.091309,0.819629,0.089062,10240,8836527,305,56622,26,166,26,166
4080,10.026,5.717,7.643941,7.327759,0.316182,7.466309,7.22937,0.414571,894.3321,0.783789,0.874068,331.7777,0.09541,0.809961,0.094629,10240,9157961,334,56612,27,167,27,167
4100,10.085,5.754,7.641586,7.321655,0.319931,7.459961,7.22998,0.411606,886.2324,0.786816,0.872452,333.4601,0.094336,0.818848,0.086816,10240,9075020,285,56631,25,167,25,167
4120,10.142,5.79,7.635056,7.327881,0.307175,7.476074,7.23645,0.398606,873.1116,0.793066,0.869878,327.396,0.09248,0.825781,0.081738,10240,8940663,301,56653,24,167,24,167
4140,10.201,5.828,7.633544,7.338379,0.295165,7.480103,7.237183,0.396362,817.3802,0.81084,0.861066,316.6068,0.085938,0.825391,0.088672,10240,8369973,331,56704,27,170,27,170
4160,10.257,5.863,7.635213,7.321045,0.314168,7.466064,7.233521,0.401692,829.9115,0.822168,0.86314,326.9461,0.087598,0.827539,0.084863,10240,8498294,325,56639,28,170,28,170
4180,10.318,5.902,7.632021,7.322266,0.309755,7.460205,7.237549,0.394472,833.2114,0.825977,0.863549,332.3499,0.088086,0.82832,0.083594,10240,8532085,296,56675,28,170,28,170
4200,10.377,5.94,7.635239,7.331909,0.30333,7.466675,7.239624,0.395615,825.9896,0.828125,0.862538,327.3226,0.087109,0.824316,0.088574,10240,8458134,339,56713,30,170,30,170
4220,10.433,5.975,7.638818,7.335938,0.302881,7.478516,7.243164,0.395654,824.4161,0.833203,0.862765,333.1545,0.087109,0.824609,0.088281,10240,8442021,289,56713,30,171,30,171
4240,10.49,6.01,7.63286,7.376465,0.256395,7.489868,7.257935,0.374926,825.4418,0.833887,0.862995,338.1383,0.087109,0.821387,0.091504,10240,8452524,355,56886,28,172,28,172
4260,10.546,6.045,7.629637,7.352783,0.276853,7.485718,7.255615,0.374021,837.8074,0.839941,0.865071,345.6163,0.088672,0.821094,0.090234,10240,8579148,312,56814,26,172,26,172
4280,10.61,6.088,7.63014,7.362671,0.267469,7.483521,7.262207,0.367933,880.3574,0.839746,0.871775,374.1438,0.093945,0.81543,0.090625,10240,9014860,297,56878,27,172,27,172
4300,10.669,6.125,7.623769,7.343994,0.279775,7.487427,7.241821,0.381947,852.9292,0.844141,0.867439,365.7766,0.090527,0.815332,0.094141,10240,8733995,330,56786,30,175,30,175
4320,10.728,6.162,7.613638,7.341553,0.272085,7.4646,7.230103,0.383535,875.1506,0.845703,0.870941,387.152,0.093066,0.814355,0.092578,10240,8961542,315,56736,32,176,32,176
4340,10.786,6.2,7.627465,7.355591,0.271874,7.48938,7.255493,0.371972,870.9853,0.848145,0.869712,378.8582,0.092676,0.822168,0.085156,10240,8918889,297,56829,31,176,31,176
4360,10.847,6.239,7.627199,7.339844,0.287355,7.488403,7.255981,0.371218,891.1331,0.831934,0.872994,395.1336,0.095215,0.820605,0.08418,10240,9125203,313,56842,32,177,32,177
4380,10.91,6.281,7.635779,7.374634,0.261145,7.510986,7.281494,0.354285,916.0986,0.830859,0.875961,402.2536,0.098242,0.820898,0.080859,10240,9380850,331,57009,29,178,29,178
4400,10.969,6.319,7.635819,7.373779,0.26204,7.498291,7.275879,0.35994,887.145,0.835156,0.871763,374.8784,0.094727,0.825391,0.079883,10240,9084365,305,56992,30,178,30,178
4420,11.029,6.357,7.640948,7.390503,0.250445,7.522217,7.284302,0.356646,902.4915,0.838184,0.874518,378.4243,0.096387,0.821777,0.081836,10240,9241513,333,56993,30,178,30,178
4440,11.089,6.396,7.644622,7.367798,0.276824,7.508301,7.269165,0.375457,926.0624,0.827637,0.878278,393.5177,0.099414,0.815039,0.085547,10240,9482879,332,56887,30,178,30,178
4460,11.149,6.435,7.63209,7.365967,0.266123,7.506226,7.26355,0.36854,923.264,0.831348,0.87814,395.1379,0.099219,0.809961,0.09082,10240,9454223,336,56974,29,178,29,178
4480,11.211,6.476,7.640528,7.379028,0.2615,7.526489,7.276123,0.364405,934.1312,0.842969,0.879741,387.1199,0.100391,0.805469,0.094141,10240,9565503,330,56993,31,179,31,179
4500,11.273,6.515,7.647486,7.375366,0.27212,7.527588,7.274658,0.372828,921.7595,0.841016,0.879557,373.8912,0.098828,0.790625,0.110547,10240,9438817,304,56957,30,179,30,179
4520,11.334,6.554,7.652053,7.36084,0.291213,7.523315,7.271484,0.380568,946.1486,0.843945,0.882223,367.7155,0.10166,0.796973,0.101367,10240,9688562,286,56916,31,179,31,179
4540,11.394,6.593,7.652235,7.375,0.277235,7.526611,7.287476,0.364759,945.1467,0.848633,0.881122,366.0759,0.101562,0.805078,0.093359,10240,9678302,299,57001,28,179,28,179
4560,11.453,6.631,7.653198,7.400513,0.252685,7.536621,7.290527,0.36267,912.3273,0.836816,0.87713,348.9357,0.097754,0.804688,0.097559,10240,9342232,306,57039,27,179,27,179
4580,11.513,6.671,7.648245,7.37915,0.269095,7.521973,7.274292,0.373953,943.787,0.830371,0.881896,359.8093,0.101465,0.794824,0.103711,10240,9664379,318,56919,31,180,31,180
4600,11.576,6.711,7.649579,7.393188,0.25639,7.543701,7.297485,0.352094,965.3747,0.828613,0.884732,360.2045,0.104102,0.794727,0.101172,10240,9885437,329,57045,29,180,29,180
4620,11.638,6.751,7.640105,7.361084,0.279021,7.498413,7.26355,0.376555,974.3963,0.834082,0.885266,383.0774,0.10498,0.793945,0.101074,10240,9977818,331,56865,28,180,28,180
4640,11.705,6.791,7.630962,7.353271,0.277691,7.487061,7.25354,0.377422,977.3503,0.842285,0.884574,387.1984,0.105176,0.807227,0.087598,10240,10008067,294,56781,28,181,28,181
4660,11.766,6.831,7.616167,7.3302,0.285967,7.471069,7.237793,0.378374,962.0793,0.853418,0.881825,374.3941,0.10332,0.816113,0.080566,10240,9851692,322,56729,30,183,30,183
4680,11.827,6.87,7.612226,7.319336,0.29289,7.468018,7.231445,0.380781,942.43,0.848438,0.879302,366.9518,0.101172,0.822363,0.076465,10240,9650483,305,56704,29,183,29,183
4700,11.888,6.909,7.60684,7.349609,0.257231,7.459595,7.229126,0.377714,947.0934,0.854785,0.879378,376.1698,0.10166,0.828711,0.069629,10240,9698236,302,56672,32,185,32,185
4720,11.949,6.949,7.608459,7.34729,0.261169,7.474487,7.237671,0.370788,958.0559,0.841309,0.880967,389.6181,0.103125,0.824609,0.072266,10240,9810492,320,56702,34,188,34,188
4740,12.009,6.988,7.614158,7.356812,0.257346,7.475464,7.245972,0.368186,903.5134,0.85918,0.87328,371.0474,0.095801,0.830469,0.07373,10240,9251977,301,56745,30,188,30,188
4760,12.069,7.026,7.607625,7.35437,0.253255,7.473389,7.244385,0.363241,923.2587,0.862109,0.875887,384.6517,0.098145,0.830371,0.071484,10240,9454169,308,56770,32,188,32,188
4780,12.129,7.065,7.605476,7.358887,0.246589,7.484863,7.252319,0.353157,934.4958,0.872266,0.877056,385.357,0.100195,0.83291,0.066895,10240,9569237,342,56872,30,188,30,188
4800,12.192,7.105,7.604124,7.348511,0.255613,7.476196,7.260986,0.343137,912.6538,0.863379,0.874329,375.5032,0.097266,0.832715,0.07002,10240,9345575,305,56958,26,188,26,188
4820,12.252,7.144,7.609503,7.352417,0.257086,7.503906,7.279297,0.330206,929.2852,0.857227,0.87665,382.91,0.099414,0.831055,0.069531,10240,9515880,324,57043,23,188,23,188
4840,12.312,7.182,7.605201,7.414551,0.19065,7.506104,7.297241,0.30796,900.72,0.856738,0.872615,379.7754,0.095703,0.831445,0.072852,10240,9223373,353,57166,25,192,25,192
4860,12.372,7.22,7.609583,7.422607,0.186976,7.524902,7.31311,0.296473,889.3955,0.858105,0.870843,376.0968,0.094531,0.833594,0.071875,10240,9107410,311,57252,25,192,25,192
4880,12.431,7.258,7.607063,7.426758,0.180305,7.543091,7.32666,0.280403,897.8753,0.850879,0.872508,381.7573,0.095508,0.831836,0.072656,10240,9194243,295,57330,26,192,26,192
4900,12.493,7.298,7.610348,7.424438,0.185909,7.532104,7.327515,0.282833,914.3852,0.852441,0.87411,377.805,0.097363,0.834473,0.068164,10240,9363304,315,57292,23,193,23,193
4920,12.553,7.336,7.610578,7.410645,0.199933,7.534912,7.334351,0.276227,892.8122,0.847266,0.872278,377.9738,0.094727,0.827637,0.077637,10240,9142397,344,57312,23,194,23,194
4940,12.617,7.376,7.617196,7.433594,0.183602,7.536621,7.345215,0.271981,891.0583,0.846582,0.872,386.1733,0.094434,0.828027,0.077539,10240,9124437,315,57310,24,194,24,194
4960,12.678,7.414,7.615988,7.423828,0.19216,7.549194,7.345215,0.270773,912.8106,0.848047,0.874807,380.645,0.097363,0.829883,0.072754,10240,9347181,322,57341,25,195,25,195
4980,12.739,7.454,7.622011,7.427856,0.194154,7.552734,7.341919,0.280092,922.7088,0.841504,0.876358,381.4173,0.098828,0.828516,0.072656,10240,9448538,328,57277,26,195,26,195
5000,12.799,7.493,7.625213,7.426514,0.198699,7.555054,7.353882,0.271331,938.7719,0.844238,0.878675,386.0649,0.100879,0.824316,0.074805,10240,9613024,302,57345,28,195,28,195
5020,12.859,7.533,7.6181,7.423584,0.194516,7.552124,7.350952,0.267148,903.7347,0.843164,0.873839,365.8624,0.095996,0.825195,0.078809,10240,9254243,317,57350,27,195,27,195
5040,12.921,7.573,7.60855,7.432983,0.175566,7.551147,7.349243,0.259307,894.95,0.845117,0.872277,353.086,0.094727,0.82793,0.077344,10240,9164288,323,57351,28,195,28,195
5060,12.981,7.611,7.606209,7.446533,0.159676,7.547363,7.351807,0.254402,911.0523,0.833301,0.874716,352.2069,0.097168,0.82373,0.079102,10240,9329176,315,57385,27,195,27,195
5080,13.041,7.649,7.60837,7.437012,0.171359,7.553345,7.359863,0.248507,910.8338,0.829395,0.87467,357.7166,0.097266,0.824902,0.077832,10240,9326938,294,57412,27,195,27,195
5100,13.103,7.69,7.613015,7.446289,0.166726,7.565918,7.363037,0.249978,894.6212,0.823047,0.872871,355.5679,0.09541,0.823535,0.081055,10240,9160921,329,57454,27,195,27,195
5120,13.165,7.729,7.612595,7.460693,0.151902,7.564697,7.365967,0.246629,899.6101,0.827246,0.873335,342.6223,0.096191,0.823242,0.080566,10240,9212007,275,57470,25,195,25,195
5140,13.224,7.766,7.606178,7.458496,0.147682,7.563354,7.361694,0.244483,883.7059,0.829102,0.871586,333.8179,0.094141,0.817773,0.088086,10240,9049148,293,57484,25,195,25,195
5160,13.285,7.803,7.605898,7.462036,0.143862,7.572144,7.370361,0.235537,886.9249,0.82959,0.871893,331.638,0.094434,0.823145,0.082422,10240,9082111,335,57535,27,196,27,196
5180,13.348,7.844,7.603485,7.454956,0.148529,7.567383,7.371826,0.231659,869.2963,0.835449,0.869026,328.0715,0.09209,0.824414,0.083496,10240,8901594,288,57531,28,196,28,196
5200,13.419,7.895,7.600919,7.438599,0.16232,7.563477,7.36438,0.236539,879.3764,0.830371,0.871382,326.9856,0.09375,0.818945,0.087305,10240,9004814,282,57512,28,196,28,196
5220,13.48,7.934,7.607966,7.471924,0.136042,7.58252,7.377319,0.230647,875.9888,0.827734,0.871013,330.7804,0.093359,0.817871,0.08877,10240,8970125,306,57532,26,196,26,196
5240,13.54,7.973,7.613063,7.471558,0.141506,7.592529,7.383057,0.230007,866.1997,0.821875,0.87,328.8574,0.092285,0.813965,0.09375,10240,8869885,307,57546,22,196,22,196
5260,13.602,8.015,7.6182,7.457153,0.161046,7.580444,7.375977,0.242223,845.4913,0.833105,0.866309,326.0229,0.089551,0.819141,0.091309,10240,8657831,312,57458,21,196,21,196
5280,13.659,8.05,7.614128,7.457397,0.15673,7.582886,7.382812,0.231315,841.5432,0.836719,0.86525,324.8601,0.088867,0.823633,0.0875,10240,8617402,343,57536,23,196,23,196
5300,13.715,8.086,7.613007,7.463379,0.149628,7.577148,7.379639,0.233368,829.1562,0.82793,0.863339,324.1378,0.087598,0.826465,0.085938,10240,8490559,309,57572,22,196,22,196
5320,13.773,8.124,7.605631,7.440186,0.165446,7.575195,7.380981,0.22465,835.5932,0.833398,0.86376,323.4161,0.087988,0.828418,0.083594,10240,8556474,302,57601,22,196,22,196
5340,13.832,8.161,7.605495,7.455566,0.149929,7.576538,7.378662,0.226833,828.9277,0.838379,0.862289,324.5666,0.087207,0.828809,0.083984,10240,8488220,299,57595,22,196,22,196
5360,13.887,8.196,7.610415,7.465698,0.144716,7.576538,7.390381,0.220034,815.0465,0.824316,0.859853,320.6193,0.085547,0.83418,0.080273,10240,8346076,356,57629,22,196,22,196
5380,13.943,8.232,7.60937,7.458008,0.151362,7.576782,7.385864,0.223506,811.5933,0.830664,0.859584,329.5873,0.085059,0.830078,0.084863,10240,8310715,313,57588,19,196,19,196
5400,13.998,8.267,7.603959,7.459229,0.144731,7.58313,7.387085,0.216874,803.5344,0.832227,0.857967,335.4571,0.083887,0.827441,0.088672,10240,8228192,334,57645,19,196,19,196
5420,14.056,8.304,7.604757,7.455444,0.149313,7.588257,7.392456,0.212301,787.0635,0.823242,0.855604,331.294,0.081934,0.822363,0.095703,10240,8059530,264,57690,17,196,17,196
5440,14.111,8.339,7.601437,7.453125,0.148312,7.569092,7.383545,0.217892,799.6747,0.822461,0.857971,325.744,0.083301,0.820508,0.096191,10240,8188669,307,57613,17,196,17,196
5460,14.17,8.374,7.603191,7.447021,0.156169,7.576416,7.384155,0.219035,801.7538,0.827734,0.857816,330.263,0.083789,0.825586,0.090625,10240,8209959,347,57601,18,196,18,196
5480,14.226,8.409,7.599272,7.439087,0.160185,7.551758,7.374023,0.225249,827.6208,0.821484,0.863097,339.4568,0.086719,0.819141,0.094141,10240,8474837,322,57489,18,196,18,196
5500,14.283,8.446,7.598026,7.451294,0.146732,7.558594,7.376099,0.221927,841.0732,0.814746,0.865858,353.679,0.088477,0.812109,0.099414,10240,8612590,347,57526,19,197,19,197
5520,14.34,8.482,7.595049,7.426392,0.168657,7.546509,7.369385,0.225664,835.6839,0.812207,0.865412,347.9604,0.087891,0.810254,0.101855,10240,8557403,290,57466,20,197,20,197
5540,14.398,8.518,7.595142,7.420654,0.174488,7.539795,7.36438,0.230763,847.2341,0.812891,0.867516,361.5746,0.089746,0.804297,0.105957,10240,8675677,327,57420,17,197,17,197
5560,14.455,8.555,7.590557,7.43042,0.160137,7.532593,7.365479,0.225078,847.5892,0.817578,0.867783,364.8454,0.089746,0.803516,0.106738,10240,8679313,304,57458,17,197,17,197
5580,14.517,8.596,7.589744,7.421021,0.168723,7.530273,7.357788,0.231956,875.0206,0.815527,0.872497,375.2236,0.093262,0.796777,0.109961,10240,8960211,329,57394,17,197,17,197
5600,14.575,8.633,7.594404,7.408691,0.185713,7.530518,7.354492,0.239912,860.2905,0.81709,0.870182,359.7848,0.091602,0.797949,0.110449,10240,8809375,306,57380,18,198,18,198
5620,14.635,8.671,7.584049,7.406494,0.177555,7.509155,7.331665,0.252384,888.4437,0.812402,0.874457,369.956,0.094922,0.795508,0.10957,10240,9097663,329,57259,17,198,17,198
5640,14.701,8.71,7.57923,7.396118,0.183112,7.512207,7.337891,0.24134,872.9298,0.809473,0.872101,356.4881,0.093066,0.797949,0.108984,10240,8938801,312,57345,20,200,20,200
5660,14.761,8.75,7.588616,7.409424,0.179192,7.519409,7.348877,0.239739,907.3953,0.798926,0.878069,372.6601,0.097168,0.785352,0.11748,10240,9291728,329,57349,20,200,20,200
5680,14.825,8.792,7.592744,7.422729,0.170014,7.531616,7.3573,0.235444,945.5051,0.796973,0.883551,377.9958,0.101953,0.777148,0.120898,10240,9681972,317,57399,20,200,20,200
5700,14.889,8.835,7.582899,7.43042,0.152479,7.523071,7.345825,0.237074,952.142,0.798438,0.884612,381.3331,0.102637,0.776953,0.12041,10240,9749934,304,57308,18,201,18,201
5720,14.949,8.873,7.568788,7.401733,0.167054,7.487793,7.321167,0.247621,921.7663,0.805957,0.879417,380.4258,0.098633,0.791211,0.110156,10240,9438887,328,57145,19,201,19,201
5740,15.007,8.911,7.574738,7.373779,0.200958,7.488037,7.313354,0.261383,894.5437,0.811523,0.87452,371.0104,0.095312,0.805078,0.099609,10240,9160127,330,57050,20,202,20,202
5760,15.066,8.95,7.575822,7.392212,0.183611,7.494995,7.324585,0.251238,897.584,0.812207,0.874535,374.8647,0.095703,0.81084,0.093457,10240,9191260,290,57124,18,202,18,202
5780,15.125,8.988,7.570551,7.391602,0.17895,7.479126,7.30957,0.260981,899.7152,0.807031,0.874776,378.3064,0.095996,0.808984,0.09502,10240,9213084,305,57051,19,202,19,202
5800,15.185,9.026,7.575343,7.37854,0.196803,7.478516,7.316162,0.259181,896.4996,0.804492,0.873504,379.5883,0.095898,0.814062,0.090039,10240,9180156,297,57066,20,202,20,202
5820,15.244,9.065,7.578054,7.40564,0.172414,7.490112,7.318604,0.25945,915.6524,0.803809,0.876096,387.4026,0.097559,0.81748,0.084961,10240,9376281,323,57143,18,202,18,202
5840,15.304,9.105,7.581094,7.386719,0.194376,7.494263,7.319092,0.262002,959.8908,0.798438,0.882644,391.8497,0.103711,0.806055,0.090234,10240,9829282,309,57117,20,203,20,203
5860,15.369,9.148,7.572116,7.378418,0.193698,7.489868,7.313232,0.258883,962.1813,0.782617,0.883451,386.5174,0.103809,0.799219,0.096973,10240,9852737,344,57100,19,204,19,204
5880,15.428,9.187,7.576976,7.387695,0.189281,7.50647,7.323364,0.253612,934.6308,0.782129,0.880165,364.2143,0.100684,0.796777,0.102539,10240,9570619,295,57196,22,205,22,205
5900,15.487,9.225,7.576192,7.400635,0.175557,7.501587,7.319702,0.25649,883.0739,0.782422,0.87405,343.1325,0.094336,0.79082,0.114844,10240,9042677,321,57145,21,205,21,205
5920,15.545,9.262,7.570553,7.398193,0.17236,7.498047,7.314697,0.255856,883.5327,0.783105,0.874395,350.647,0.094336,0.788086,0.117578,10240,9047375,293,57153,21,205,21,205
5940,15.608,9.304,7.578794,7.386108,0.192686,7.495728,7.322876,0.255918,866.7491,0.787012,0.871371,318.1723,0.092383,0.792871,0.114746,10240,8875511,318,57131,21,205,21,205
5960,15.665,9.341,7.580603,7.402222,0.178382,7.518677,7.321777,0.258826,874.4484,0.779785,0.872035,309.1234,0.092969,0.800391,0.106641,10240,8954352,341,57175,21,205,21,205
5980,15.723,9.377,7.573704,7.379883,0.193821,7.486328,7.306885,0.266819,857.3307,0.77998,0.868952,301.3441,0.091113,0.809277,0.099609,10240,8779066,300,57071,23,205,23,205
6000,15.781,9.413,7.572157,7.385986,0.18617,7.493408,7.313599,0.258558,850.1478,0.777051,0.867533,292.941,0.089941,0.809766,0.100293,10240,8705513,319,57124,23,205,23,205
6020,15.841,9.451,7.569234,7.389893,0.179342,7.5,7.31958,0.249654,863.651,0.771484,0.869744,298.6752,0.091602,0.807324,0.101074,10240,8843786,273,57221,23,205,23,205
6040,15.898,9.488,7.566056,7.394531,0.171525,7.484619,7.323242,0.242814,834.367,0.765527,0.865636,273.9197,0.087695,0.80127,0.111035,10240,8543918,327,57269,22,205,22,205
6060,15.957,9.526,7.563092,7.375977,0.187116,7.475952,7.310913,0.252179,835.332,0.763672,0.866044,278.8828,0.087793,0.802637,0.10957,10240,8553800,325,57156,23,205,23,205
6080,16.014,9.561,7.569483,7.387817,0.181666,7.489746,7.312012,0.257472,836.8628,0.756738,0.866299,284.8676,0.088379,0.802832,0.108789,10240,8569475,291,57125,23,205,23,205
6100,16.07,9.596,7.574981,7.37207,0.202911,7.491089,7.312378,0.262603,830.6856,0.74668,0.865486,276.0658,0.087598,0.799414,0.112988,10240,8506221,323,57043,21,205,21,205
6120,16.125,9.631,7.586601,7.38916,0.197441,7.499023,7.320068,0.266533,815.0426,0.753125,0.862226,273.0711,0.085352,0.805273,0.109375,10240,8346036,317,57032,19,205,19,205
6140,16.183,9.668,7.590586,7.427856,0.162729,7.51355,7.3302,0.260385,826.2537,0.762598,0.863783,286.7386,0.086621,0.806348,0.107031,10240,8460838,292,57089,20,206,20,206
6160,16.24,9.704,7.5881,7.40271,0.185391,7.494995,7.315186,0.272915,847.6763,0.762695,0.867155,297.0229,0.089551,0.802148,0.108301,10240,8680205,303,56984,20,206,20,206
6180,16.298,9.74,7.588036,7.375,0.213036,7.480957,7.308228,0.279808,847.2798,0.757617,0.866546,322.5878,0.08916,0.809668,0.101172,10240,8676145,329,56991,20,206,20,206
6200,16.355,9.777,7.586884,7.369995,0.216889,7.473267,7.299438,0.287446,871.3609,0.760938,0.871414,331.481,0.092188,0.79834,0.109473,10240,8922736,331,56944,20,206,20,206
6220,16.413,9.814,7.587921,7.370605,0.217316,7.481079,7.30896,0.278961,871.8511,0.765918,0.871639,333.3585,0.092578,0.800781,0.106641,10240,8927755,327,56953,22,207,22,207
6240,16.471,9.851,7.588985,7.387573,0.201412,7.483887,7.312988,0.275997,857.0772,0.760059,0.870085,327.922,0.090527,0.792969,0.116504,10240,8776471,320,56972,25,210,25,210
6260,16.528,9.887,7.58772,7.380615,0.207105,7.474854,7.298218,0.289503,871.3359,0.755176,0.873191,308.989,0.092578,0.781641,0.125781,10240,8922480,316,56887,24,210,24,210
6280,16.589,9.927,7.589875,7.382202,0.207673,7.479248,7.310547,0.279328,854.0615,0.753418,0.871892,303.2944,0.090723,0.77002,0.139258,10240,8745590,308,56937,24,210,24,210
6300,16.645,9.963,7.595319,7.397949,0.19737,7.490601,7.318726,0.276594,857.0386,0.748633,0.873615,302.9684,0.091113,0.756055,0.152832,10240,8776075,299,57018,19,210,19,210
6320,16.702,10.0,7.601312,7.385742,0.21557,7.503784,7.328003,0.27331,863.9805,0.74082,0.87554,309.3736,0.09209,0.746191,0.161719,10240,8847160,352,57026,20,210,20,210
6340,16.761,10.038,7.588787,7.364868,0.223918,7.470093,7.296875,0.291912,870.5774,0.740332,0.876379,301.9228,0.092871,0.751758,0.155371,10240,8914713,303,56837,21,210,21,210
6360,16.825,10.078,7.591279,7.387329,0.203949,7.473877,7.309692,0.281586,913.8778,0.730859,0.881521,315.503,0.098145,0.750781,0.151074,10240,9358109,323,56894,24,210,24,210
6380,16.885,10.117,7.59138,7.37146,0.219921,7.474609,7.302368,0.289012,920.2947,0.718555,0.88349,309.6116,0.09873,0.742578,0.158691,10240,9423818,314,56831,26,211,26,211
6400,16.942,10.153,7.59907,7.382202,0.216867,7.474487,7.308838,0.290232,882.038,0.729492,0.878687,305.0188,0.094141,0.741895,0.163965,10240,9032069,318,56850,27,212,27,212
6420,16.998,10.189,7.606385,7.389526,0.216859,7.469849,7.307007,0.299378,854.8215,0.731836,0.874958,294.4765,0.090137,0.742969,0.166895,10240,8753372,334,56800,26,212,26,212
6440,17.053,10.224,7.600666,7.360718,0.239949,7.462891,7.293457,0.307209,837.7823,0.720508,0.873584,286.9361,0.088379,0.730859,0.180762,10240,8578891,326,56769,25,212,25,212
6460,17.108,10.259,7.594728,7.360352,0.234376,7.448486,7.284546,0.310182,816.2109,0.730176,0.869824,287.2954,0.085645,0.733984,0.180371,10240,8358000,293,56711,25,212,25,212
6480,17.166,10.295,7.599292,7.321533,0.277759,7.424805,7.253662,0.34563,827.6001,0.748145,0.870224,283.2466,0.086914,0.745703,0.167383,10240,8474625,314,56419,26,212,26,212
6500,17.221,10.329,7.605143,7.334473,0.27067,7.432739,7.256592,0.348551,818.0194,0.748145,0.867936,291.6304,0.085938,0.754395,0.159668,10240,8376519,303,56436,25,212,25,212
6520,17.276,10.363,7.599707,7.346069,0.253638,7.425415,7.247559,0.352149,799.7434,0.74082,0.865353,285.3305,0.083301,0.752539,0.16416,10240,8189372,296,56461,26,212,26,212
6540,17.331,10.398,7.594319,7.314575,0.279744,7.423218,7.234497,0.359822,765.0601,0.737012,0.859603,276.7762,0.079297,0.752246,0.168457,10240,7834215,333,56465,24,212,24,212
6560,17.386,10.432,7.593682,7.2771,0.316583,7.381958,7.197876,0.395806,773.3027,0.734766,0.860199,283.8938,0.07959,0.759375,0.161035,10240,7918620,311,56090,22,212,22,212
6580,17.441,10.466,7.583581,7.249023,0.334557,7.355591,7.159058,0.424523,791.3503,0.733691,0.863147,285.8386,0.081836,0.757812,0.160352,10240,8103427,314,55965,22,212,22,212
6600,17.496,10.5,7.575075,7.241211,0.333864,7.351074,7.162476,0.4126,771.9604,0.730762,0.858981,274.3341,0.079492,0.767773,0.152734,10240,7904875,299,56051,21,212,21,212
6620,17.555,10.534,7.571618,7.249268,0.32235,7.367676,7.164795,0.406823,761.1091,0.716113,0.857677,274.3298,0.078027,0.765137,0.156836,10240,7793757,331,56110,20,212,20,212
6640,17.609,10.568,7.5721,7.234497,0.337603,7.37085,7.164551,0.40755,768.202,0.71084,0.85946,277.5432,0.079199,0.762598,0.158203,10240,7866388,311,56161,21,212,21,212
6660,17.664,10.602,7.569531,7.233643,0.335888,7.365845,7.162354,0.407177,776.9196,0.724219,0.860404,278.2005,0.080078,0.762402,0.15752,10240,7955657,325,56153,21,213,21,213
6680,17.719,10.636,7.565,7.216797,0.348203,7.361328,7.157104,0.407896,793.3762,0.709473,0.865394,284.72,0.082129,0.750977,0.166895,10240,8124172,325,56172,24,213,24,213
6700,17.775,10.671,7.565422,7.239746,0.325676,7.379272,7.169189,0.396232,778.1046,0.709082,0.862477,264.3193,0.080176,0.750195,0.169629,10240,7967791,347,56257,26,213,26,213
6720,17.83,10.705,7.56024,7.240967,0.319273,7.380005,7.173828,0.386412,755.2618,0.710449,0.858912,267.6504,0.077441,0.750195,0.172363,10240,7733881,325,56305,27,215,27,215
6740,17.884,10.738,7.563783,7.242676,0.321107,7.380371,7.183105,0.380678,758.9464,0.700195,0.859598,264.4031,0.07793,0.751465,0.170605,10240,7771611,348,56411,28,216,28,216
6760,17.937,10.771,7.564129,7.276123,0.288006,7.397339,7.198608,0.36552,760.1152,0.69375,0.861573,261.6771,0.07832,0.736719,0.184961,10240,7783580,347,56492,29,217,29,217
6780,17.991,10.804,7.563641,7.273071,0.290569,7.401367,7.206665,0.356976,763.1098,0.691309,0.862057,256.895,0.079102,0.738184,0.182715,10240,7814244,314,56559,37,225,37,225
6800,18.045,10.837,7.567473,7.296875,0.270598,7.40979,7.213989,0.353483,781.6437,0.686523,0.865316,258.5996,0.081055,0.733887,0.185059,10240,8004031,320,56597,44,232,44,232
6820,18.1,10.871,7.559174,7.295532,0.263642,7.419312,7.214355,0.344819,777.6878,0.688184,0.864675,254.8007,0.080762,0.73418,0.185059,10240,7963523,303,56653,46,234,46,234
6840,18.155,10.904,7.555562,7.27771,0.277852,7.424683,7.216797,0.338765,771.7147,0.68418,0.86304,259.7953,0.079883,0.739258,0.180859,10240,7902359,322,56671,47,235,47,235
6860,18.211,10.939,7.549148,7.280029,0.269118,7.408447,7.214966,0.334182,753.653,0.684277,0.860519,261.4809,0.077637,0.737402,0.184961,10240,7717407,312,56682,46,236,46,236
6880,18.264,10.971,7.54689,7.272217,0.274673,7.41394,7.213013,0.333877,746.694,0.694629,0.858123,254.7228,0.07666,0.739844,0.183496,10240,7646147,338,56699,44,238,44,238
6900,18.317,11.003,7.551651,7.295532,0.256119,7.417847,7.220459,0.331192,728.7505,0.691895,0.855448,253.7792,0.074902,0.737891,0.187207,10240,7462405,315,56768,43,238,43,238
6920,18.371,11.036,7.552018,7.290771,0.261246,7.426392,7.229492,0.322526,739.0991,0.700977,0.856929,254.6726,0.075781,0.742969,0.18125,10240,7568375,311,56793,44,238,44,238
6940,18.425,11.068,7.550699,7.285522,0.265176,7.424438,7.234985,0.315713,750.4947,0.709668,0.858051,256.552,0.077246,0.748828,0.173926,10240,7685066,318,56820,44,238,44,238
6960,18.478,11.101,7.545559,7.307129,0.23843,7.436523,7.243774,0.301785,747.9982,0.707031,0.857439,256.8915,0.076465,0.751953,0.171582,10240,7659502,328,56868,44,238,44,238
6980,18.532,11.133,7.537328,7.305542,0.231786,7.434204,7.241089,0.296239,743.477,0.715137,0.856165,252.8441,0.076172,0.74873,0.175098,10240,7613204,313,56957,45,239,45,239
7000,18.588,11.168,7.536336,7.307251,0.229085,7.443359,7.25061,0.285726,737.8278,0.70498,0.855837,247.4139,0.075684,0.744336,0.17998,10240,7555357,348,57034,39,239,39,239
7020,18.648,11.201,7.536978,7.331421,0.205557,7.446899,7.251953,0.285025,769.0741,0.711621,0.861211,246.7436,0.079395,0.746387,0.174219,10240,7875319,316,57069,39,239,39,239
7040,18.703,11.234,7.538466,7.312378,0.226088,7.441162,7.246704,0.291761,768.0783,0.710059,0.860984,241.8219,0.079395,0.746875,0.17373,10240,7865122,313,57009,37,239,37,239
7060,18.757,11.268,7.538777,7.331421,0.207356,7.447388,7.257324,0.281453,787.8881,0.695605,0.865524,242.5279,0.081641,0.741504,0.176855,10240,8067974,301,57107,36,239,36,239
7080,18.814,11.302,7.536033,7.326904,0.209129,7.445312,7.256836,0.279197,790.7172,0.691406,0.866196,239.4739,0.082227,0.738184,0.17959,10240,8096944,314,57085,36,239,36,239
7100,18.869,11.335,7.532911,7.32666,0.206251,7.445801,7.254517,0.278395,783.3374,0.68877,0.865762,235.1102,0.081348,0.732617,0.186035,10240,8021375,271,57054,35,239,35,239
7120,18.924,11.368,7.529769,7.324219,0.205551,7.435425,7.254517,0.275253,775.7071,0.68584,0.863329,239.17,0.080273,0.740723,0.179004,10240,7943241,306,57074,33,239,33,239
7140,18.978,11.402,7.533209,7.321533,0.211675,7.442627,7.268311,0.264898,818.4939,0.682715,0.8702,252.3506,0.085254,0.742871,0.171875,10240,8381378,309,57088,33,239,33,239
7160,19.033,11.436,7.536232,7.340088,0.196144,7.441162,7.264893,0.271339,831.3545,0.678125,0.872842,254.8454,0.087109,0.735156,0.177734,10240,8513070,353,57106,30,240,30,240
7180,19.09,11.472,7.536849,7.338257,0.198592,7.448364,7.272583,0.264266,874.9781,0.674805,0.879373,266.2912,0.092871,0.73418,0.172949,10240,8959776,284,57137,29,240,29,240
7200,19.148,11.51,7.539573,7.349976,0.189597,7.468262,7.285278,0.254294,902.4914,0.683887,0.882832,275.9064,0.095898,0.73125,0.172852,10240,9241512,302,57241,26,240,26,240
7220,19.206,11.547,7.54713,7.354736,0.192394,7.464844,7.288818,0.258312,874.2699,0.688867,0.878897,258.3005,0.092676,0.734375,0.172949,10240,8952524,314,57221,23,240,23,240
7240,19.263,11.584,7.548044,7.37085,0.177195,7.480225,7.294189,0.253855,874.4449,0.675195,0.879446,260.94,0.092969,0.729199,0.177832,10240,8954316,309,57217,24,240,24,240
7260,19.321,11.621,7.556275,7.376709,0.179566,7.493652,7.309448,0.246827,885.0519,0.677832,0.881291,265.8032,0.094336,0.727051,0.178613,10240,9062931,350,57255,22,240,22,240
7280,19.378,11.657,7.557756,7.358398,0.199358,7.48584,7.306152,0.251604,881.9942,0.668848,0.881073,260.8029,0.093848,0.721777,0.184375,10240,9031621,320,57253,23,240,23,240
7300,19.436,11.693,7.552941,7.37915,0.17379,7.487061,7.309692,0.243248,895.8846,0.664062,0.882951,261.6117,0.095117,0.72627,0.178613,10240,9173858,305,57266,24,240,24,240
7320,19.493,11.73,7.538115,7.357056,0.181059,7.463989,7.292236,0.245878,891.9433,0.664844,0.882643,261.7316,0.094727,0.727539,0.177734,10240,9133499,321,57120,23,240,23,240
7340,19.557,11.766,7.539481,7.366089,0.173392,7.47522,7.302612,0.236869,910.464,0.653809,0.885361,258.5423,0.097168,0.726855,0.175977,10240,9323151,334,57205,22,240,22,240
7360,19.616,11.804,7.543085,7.3573,0.185785,7.494995,7.30835,0.234735,934.5206,0.655176,0.887966,264.7047,0.100195,0.721875,0.17793,10240,9569491,326,57206,23,241,23,241
7380,19.675,11.841,7.540799,7.371704,0.169095,7.482178,7.311646,0.229153,932.7438,0.662305,0.887497,256.6268,0.100391,0.724805,0.174805,10240,9551297,301,57207,24,241,24,241
7400,19.733,11.878,7.543899,7.36499,0.178909,7.49231,7.317993,0.225906,906.2244,0.666504,0.884367,249.5081,0.096973,0.726758,0.17627,10240,9279738,336,57244,24,241,24,241
7420,19.791,11.914,7.544148,7.387451,0.156697,7.486328,7.325195,0.218953,881.0539,0.672949,0.879752,243.9021,0.09375,0.741797,0.164453,10240,9021992,320,57290,24,242,24,242
7440,19.86,11.952,7.541188,7.38147,0.159718,7.479492,7.318481,0.222706,897.1253,0.668457,0.880918,247.9948,0.095801,0.747266,0.156934,10240,9186563,299,57279,24,242,24,242
7460,19.929,12.0,7.543298,7.383789,0.159509,7.480713,7.318726,0.224573,832.6794,0.667188,0.871911,225.1364,0.087793,0.750391,0.161816,10240,8526637,292,57256,22,242,22,242
7480,19.985,12.035,7.546203,7.380737,0.165465,7.483521,7.321899,0.224303,817.3056,0.667773,0.868598,226.427,0.085645,0.750684,0.163672,10240,8369209,307,57291,23,242,23,242
7500,20.04,12.07,7.543627,7.382935,0.160692,7.47522,7.321045,0.222582,832.7689,0.668945,0.871541,225.9104,0.0875,0.745508,0.166992,10240,8527554,329,57300,23,242,23,242
7520,20.097,12.106,7.542737,7.365112,0.177625,7.481445,7.318726,0.224011,870.077,0.660059,0.877487,241.1792,0.091699,0.738477,0.169824,10240,8909588,317,57281,24,244,24,244
7540,20.152,12.141,7.546606,7.384033,0.162573,7.480835,7.326416,0.22019,850.6972,0.651172,0.875133,233.0481,0.089453,0.733691,0.176855,10240,8711139,313,57302,26,246,26,246
7560,20.21,12.177,7.553147,7.391357,0.161789,7.492554,7.336426,0.216721,833.354,0.649707,0.873388,225.6054,0.087207,0.73125,0.181543,10240,8533545,319,57323,25,246,25,246
7580,20.265,12.211,7.556771,7.397461,0.159311,7.478638,7.321289,0.235482,812.8696,0.63916,0.87055,223.387,0.085352,0.732129,0.18252,10240,8323785,290,57189,24,246,24,246
7600,20.32,12.244,7.563987,7.348022,0.215964,7.459351,7.293701,0.270285,807.3103,0.639258,0.868829,225.0246,0.084668,0.739258,0.176074,10240,8266857,315,56907,24,246,24,246
7620,20.376,12.279,7.564408,7.328613,0.235795,7.429565,7.268066,0.296342,789.6603,0.636328,0.865441,213.5129,0.082617,0.744043,0.17334,10240,8086121,307,56690,24,246,24,246
7640,20.429,12.312,7.563233,7.337402,0.225831,7.434448,7.276733,0.2865,785.7196,0.643945,0.865086,217.864,0.082129,0.743555,0.174316,10240,8045769,315,56794,23,246,23,246
7660,20.483,12.344,7.561934,7.339233,0.222701,7.44812,7.281738,0.280196,756.1033,0.62959,0.860638,206.0349,0.07832,0.738086,0.183594,10240,7742498,314,56794,22,246,22,246
7680,20.537,12.375,7.56638,7.345215,0.221165,7.455078,7.291138,0.275243,742.5465,0.622949,0.858807,205.7467,0.076465,0.730273,0.193262,10240,7603676,325,56830,22,246,22,246
7700,20.595,12.411,7.567296,7.355469,0.211827,7.466797,7.299805,0.267491,721.7526,0.625781,0.855247,201.8412,0.074023,0.724609,0.201367,10240,7390747,284,56897,22,246,22,246
7720,20.651,12.445,7.575322,7.370483,0.204839,7.483276,7.309937,0.265386,742.8525,0.63418,0.858734,200.6019,0.07627,0.727539,0.196191,10240,7606810,296,56924,23,246,23,246
7740,20.708,12.478,7.579227,7.375488,0.203739,7.488281,7.319702,0.259525,736.1064,0.619336,0.85793,194.9045,0.075781,0.722266,0.201953,10240,7537730,329,57012,23,247,23,247
7760,20.762,12.51,7.579877,7.379272,0.200604,7.492065,7.322266,0.257611,749.5965,0.61875,0.861355,191.5079,0.07793,0.718652,0.203418,10240,7675868,318,56977,23,247,23,247
7780,20.815,12.542,7.579131,7.363525,0.215606,7.484497,7.313477,0.265654,747.6681,0.620996,0.860486,182.2357,0.077539,0.722461,0.2,10240,7656121,305,56930,24,247,24,247
7800,20.871,12.574,7.578668,7.386353,0.192315,7.49231,7.321411,0.257257,730.8375,0.61875,0.855744,184.8241,0.075391,0.737305,0.187305,10240,7483776,323,56995,22,247,22,247
7820,20.926,12.605,7.575825,7.374023,0.201801,7.48877,7.323608,0.252216,726.2734,0.6125,0.853946,184.2465,0.074707,0.745898,0.179395,10240,7437040,321,57036,23,247,23,247
7840,20.98,12.636,7.576452,7.386963,0.189489,7.494385,7.326782,0.24967,726.9027,0.616309,0.853946,175.8926,0.074707,0.743945,0.181348,10240,7443484,304,57037,24,247,24,247
7860,21.032,12.666,7.585796,7.391602,0.194195,7.503174,7.339966,0.24583,702.5081,0.620996,0.849757,171.3979,0.071973,0.736328,0.191699,10240,7193683,323,57110,26,247,26,247
7880,21.086,12.698,7.584965,7.412476,0.17249,7.512329,7.348877,0.236088,704.6478,0.616504,0.85142,173.4409,0.072461,0.724023,0.203516,10240,7215593,346,57162,27,247,27,247
7900,21.137,12.727,7.580552,7.397461,0.183091,7.505371,7.340332,0.24022,694.7676,0.617676,0.848498,175.7757,0.071191,0.734375,0.194434,10240,7114420,292,57100,26,247,26,247
7920,21.195,12.762,7.576137,7.401733,0.174403,7.5,7.344238,0.231898,685.1746,0.620117,0.845621,174.455,0.069727,0.736914,0.193359,10240,7016188,321,57130,26,247,26,247
7940,21.248,12.792,7.573002,7.390381,0.182621,7.501831,7.345337,0.227665,705.106,0.63291,0.849443,179.6512,0.072363,0.738574,0.189062,10240,7220285,339,57085,27,247,27,247
7960,21.3,12.823,7.579022,7.403687,0.175336,7.506104,7.348877,0.230145,709.4767,0.614551,0.850625,179.1966,0.072656,0.737988,0.189355,10240,7265041,320,57109,27,247,27,247
7980,21.352,12.852,7.583373,7.402588,0.180785,7.50647,7.351685,0.231688,680.7376,0.607031,0.844374,170.7501,0.069531,0.745703,0.184766,10240,6970753,290,57096,28,248,28,248
8000,21.405,12.882,7.579103,7.411743,0.16736,7.5,7.354614,0.224489,703.9261,0.611914,0.849306,174.4587,0.072461,0.742969,0.18457,10240,7208203,322,57127,26,248,26,248
8020,21.457,12.912,7.578608,7.403442,0.175166,7.508301,7.355713,0.222895,687.9452,0.61123,0.846626,174.5021,0.070605,0.735547,0.193848,10240,7044559,319,57108,26,248,26,248
8040,21.509,12.941,7.580933,7.432983,0.14795,7.515381,7.365845,0.215089,673.8587,0.604883,0.843204,159.4711,0.068555,0.737598,0.193848,10240,6900313,336,57177,24,248,24,248
8060,21.565,12.97,7.582744,7.434448,0.148296,7.514526,7.375732,0.207011,679.7057,0.619434,0.844245,160.2076,0.069238,0.743359,0.187402,10240,6960186,311,57204,24,248,24,248
8080,21.625,12.999,7.586921,7.431152,0.155768,7.520752,7.376221,0.2107,665.3734,0.626367,0.84006,157.6078,0.067285,0.746973,0.185742,10240,6813424,304,57179,24,248,24,248
8100,21.679,13.029,7.584216,7.414307,0.16991,7.509766,7.365967,0.21825,685.8564,0.627344,0.844933,166.3038,0.070215,0.74541,0.184375,10240,7023170,312,57151,24,248,24,248
8120,21.731,13.059,7.578002,7.405396,0.172607,7.506958,7.367065,0.210937,666.1646,0.631055,0.840656,155.2382,0.067383,0.744824,0.187793,10240,6821525,301,57140,24,248,24,248
8140,21.785,13.091,7.576395,7.38208,0.194315,7.493164,7.346558,0.229837,713.7162,0.627832,0.851821,172.653,0.073145,0.743066,0.183789,10240,7308454,284,57046,24,248,24,248
8160,21.849,13.126,7.578057,7.409912,0.168145,7.494751,7.350586,0.227471,705.9247,0.636426,0.848842,169.3017,0.07207,0.749316,0.178613,10240,7228669,326,57080,25,248,25,248
8180,21.905,13.16,7.584627,7.402588,0.182039,7.504395,7.3573,0.227327,723.3872,0.635156,0.852613,170.4957,0.074316,0.747754,0.17793,10240,7407485,276,57147,24,248,24,248
8200,21.958,13.19,7.586239,7.420776,0.165463,7.517578,7.371216,0.215024,707.2643,0.647266,0.84917,174.0663,0.072656,0.745801,0.181543,10240,7242386,303,57221,24,248,24,248
8220,22.011,13.221,7.591314,7.408203,0.183111,7.520752,7.364014,0.2273,721.1533,0.650781,0.853026,174.4451,0.073926,0.738672,0.187402,10240,7384610,321,57177,24,249,24,249
8240,22.065,13.252,7.588645,7.414795,0.17385,7.514771,7.359253,0.229392,734.1165,0.624707,0.856407,181.3594,0.075977,0.732715,0.191309,10240,7517353,337,57150,22,249,22,249
8260,22.135,13.299,7.59079,7.418823,0.171966,7.522461,7.365479,0.225311,752.0264,0.620801,0.859711,189.9003,0.078125,0.732324,0.189551,10240,7700750,305,57186,20,249,20,249
8280,22.191,13.333,7.58998,7.421387,0.168593,7.521729,7.363647,0.226332,755.2698,0.629688,0.859901,193.5213,0.078613,0.734473,0.186914,10240,7733963,271,57171,21,249,21,249
8300,22.244,13.365,7.595378,7.429932,0.165447,7.51355,7.365723,0.229656,754.9471,0.625098,0.860393,196.8551,0.078516,0.730176,0.191309,10240,7730658,283,57135,20,249,20,249
8320,22.301,13.4,7.593274,7.430908,0.162365,7.514771,7.370361,0.222912,816.8748,0.624707,0.870013,224.9182,0.086133,0.736621,0.177246,10240,8364798,287,57185,19,249,19,249
8340,22.356,13.433,7.595603,7.436157,0.159445,7.530151,7.380005,0.215598,794.4317,0.61582,0.866905,212.5525,0.083496,0.733594,0.18291,10240,8134981,300,57270,20,250,20,250
8360,22.41,13.465,7.595074,7.438354,0.15672,7.54834,7.38501,0.210065,787.2456,0.605078,0.866795,198.8805,0.082227,0.722656,0.195117,10240,8061395,346,57311,18,250,18,250
8380,22.464,13.497,7.592955,7.42981,0.163145,7.544189,7.37854,0.214415,775.7104,0.610156,0.864105,197.4591,0.080957,0.729297,0.189746,10240,7943274,335,57326,18,250,18,250
8400,22.52,13.531,7.599776,7.448853,0.150924,7.549438,7.383057,0.21672,792.4539,0.612012,0.867614,204.312,0.082715,0.72998,0.187305,10240,8114728,310,57342,20,250,20,250
8420,22.581,13.569,7.600158,7.441895,0.158264,7.547607,7.38562,0.214538,795.0072,0.611133,0.867913,198.882,0.083594,0.730957,0.185449,10240,8140874,331,57310,20,250,20,250
8440,22.635,13.601,7.60092,7.437744,0.163176,7.555298,7.386353,0.214568,791.1885,0.611816,0.8674,198.3962,0.083203,0.72793,0.188867,10240,8101770,311,57341,20,250,20,250
8460,22.691,13.635,7.60383,7.46228,0.141549,7.573608,7.398926,0.204904,793.191,0.605273,0.867881,200.6424,0.083496,0.729199,0.187305,10240,8122276,309,57416,19,250,19,250
8480,22.749,13.669,7.598702,7.452026,0.146675,7.555786,7.393066,0.205635,808.0453,0.599414,0.871246,198.8278,0.084863,0.717871,0.197266,10240,8274384,319,57360,21,252,21,252
8500,22.805,13.702,7.599182,7.446411,0.152771,7.549194,7.379883,0.219299,808.462,0.597656,0.870435,206.0798,0.084961,0.716504,0.198535,10240,8278651,312,57292,22,252,22,252
8520,22.861,13.734,7.596339,7.445923,0.150416,7.537109,7.384644,0.211695,775.5207,0.597559,0.865501,207.8853,0.080859,0.72041,0.19873,10240,7941332,299,57322,22,252,22,252
8540,22.916,13.767,7.597757,7.438599,0.159158,7.544189,7.389893,0.207864,764.7338,0.597656,0.864446,203.386,0.079688,0.715918,0.204395,10240,7830874,319,57377,22,252,22,252
8560,22.973,13.8,7.594753,7.440674,0.154079,7.544312,7.387329,0.207424,816.3549,0.599805,0.873022,220.7581,0.086133,0.71416,0.199707,10240,8359474,295,57407,24,252,24,252
8580,23.034,13.835,7.591902,7.42688,0.165022,7.523682,7.371826,0.220075,833.9663,0.596289,0.877004,223.2469,0.088379,0.703418,0.208203,10240,8539815,304,57317,23,252,23,252
8600,23.121,13.887,7.593862,7.418945,0.174917,7.5271,7.357788,0.236074,821.2437,0.59541,0.875609,222.5865,0.086426,0.700684,0.212891,10240,8409536,322,57236,23,252,23,252
8620,23.186,13.929,7.594715,7.414307,0.180409,7.522949,7.355713,0.239003,814.5437,0.597656,0.874554,214.1992,0.085547,0.696191,0.218262,10240,8340927,311,57232,22,252,22,252
8640,23.24,13.961,7.596506,7.440674,0.155832,7.532593,7.371826,0.22468,792.445,0.595996,0.871566,211.5791,0.083203,0.695117,0.22168,10240,8114637,299,57363,21,252,21,252
8660,23.298,13.996,7.6019,7.424805,0.177095,7.526611,7.371948,0.229951,819.6716,0.591895,0.875324,224.7715,0.086719,0.69541,0.217871,10240,8393437,350,57320,22,252,22,252
8680,23.354,14.03,7.594806,7.432739,0.162067,7.518921,7.369995,0.224811,841.6986,0.590137,0.878203,253.1246,0.089258,0.702051,0.208691,10240,8618994,329,57303,25,254,25,254
8700,23.412,14.065,7.599367,7.434692,0.164674,7.541016,7.380493,0.218873,836.737,0.599023,0.876667,262.5112,0.088477,0.705176,0.206348,10240,8568187,293,57368,25,254,25,254
8720,23.468,14.1,7.606917,7.429443,0.177473,7.542236,7.373291,0.233626,830.4276,0.590039,0.875886,259.0051,0.087695,0.705566,0.206738,10240,8503579,319,57271,25,254,25,254
8740,23.523,14.134,7.609099,7.447021,0.162078,7.545898,7.375244,0.233855,818.3791,0.595605,0.875039,259.7634,0.086621,0.696582,0.216797,10240,8380202,320,57227,25,254,25,254
8760,23.586,14.173,7.609217,7.441772,0.167445,7.5448,7.384399,0.224818,836.2609,0.600488,0.877434,269.4625,0.088672,0.701465,0.209863,10240,8563312,282,57281,28,254,28,254
8780,23.643,14.207,7.604677,7.413452,0.191225,7.52417,7.360352,0.244326,829.5609,0.603809,0.875615,281.5415,0.087988,0.706445,0.205566,10240,8494704,335,57173,25,254,25,254
8800,23.703,14.245,7.602757,7.408081,0.194676,7.536865,7.363281,0.239475,887.1818,0.608008,0.88455,306.7245,0.095215,0.696582,0.208203,10240,9084742,332,57206,24,255,24,255
8820,23.764,14.283,7.604648,7.401611,0.203036,7.519897,7.35144,0.253207,926.8962,0.615039,0.888861,317.9171,0.099902,0.699609,0.200488,10240,9491417,299,57083,23,255,23,255
8840,23.827,14.321,7.601739,7.396973,0.204767,7.505005,7.339722,0.262018,934.6906,0.613574,0.88952,324.5539,0.101074,0.702539,0.196387,10240,9571232,318,57053,24,255,24,255
8860,23.893,14.362,7.598764,7.411011,0.187753,7.525024,7.344116,0.254648,896.3677,0.611914,0.884361,308.5327,0.096094,0.710254,0.193652,10240,9178805,319,57119,24,255,24,255
8880,23.955,14.4,7.599526,7.406738,0.192788,7.520386,7.351562,0.247964,877.9848,0.618359,0.882479,305.978,0.093848,0.709473,0.19668,10240,8990564,337,57181,23,256,23,256
8900,24.015,14.439,7.599439,7.39856,0.200879,7.517456,7.351929,0.24751,917.8198,0.620605,0.887388,312.6875,0.098535,0.707617,0.193848,10240,9398475,310,57171,23,256,23,256
8920,24.083,14.483,7.595266,7.417236,0.17803,7.523682,7.352051,0.243215,944.3118,0.62998,0.889458,322.5724,0.101758,0.720605,0.177637,10240,9669753,334,57227,24,256,24,256
8940,24.153,14.529,7.593771,7.380859,0.212911,7.487427,7.333496,0.260274,955.4121,0.63252,0.891073,322.413,0.10293,0.716211,0.180859,10240,9783420,332,57066,24,256,24,256
8960,24.227,14.574,7.589532,7.359985,0.229547,7.473389,7.310059,0.279473,984.4095,0.640527,0.892871,333.9834,0.106543,0.724121,0.169336,10240,10080353,313,56890,23,256,23,256
8980,24.299,14.621,7.589178,7.351685,0.237494,7.462402,7.298096,0.291083,961.301,0.646973,0.889371,341.2683,0.103516,0.732031,0.164453,10240,9843722,312,56864,25,256,25,256
9000,24.362,14.661,7.58573,7.356689,0.22904,7.468384,7.304565,0.281164,938.5335,0.658887,0.886247,345.3479,0.101074,0.741211,0.157715,10240,9610583,324,56948,26,256,26,256
9020,24.425,14.701,7.58672,7.375488,0.211231,7.488525,7.312378,0.274342,916.3983,0.653711,0.883074,336.6746,0.097754,0.741602,0.160645,10240,9383919,329,57009,26,256,26,256
9040,24.49,14.739,7.588761,7.376099,0.212662,7.491821,7.31543,0.273331,938.7001,0.646777,0.886044,343.4812,0.100879,0.741211,0.15791,10240,9612289,331,57007,27,257,27,257
9060,24.561,14.782,7.58726,7.341064,0.246196,7.467285,7.305298,0.281962,925.0869,0.65498,0.883583,348.3786,0.099023,0.748242,0.152734,10240,9472890,296,56938,25,257,25,257
9080,24.622,14.821,7.58056,7.331421,0.249139,7.441895,7.290894,0.289667,933.5542,0.664551,0.884894,341.288,0.100391,0.748926,0.150684,10240,9559595,333,56844,27,258,27,258
9100,24.683,14.859,7.576977,7.354858,0.222118,7.461304,7.295166,0.281811,919.1958,0.675586,0.882904,335.0557,0.098242,0.751953,0.149805,10240,9412565,320,56895,28,258,28,258
9120,24.744,14.897,7.577164,7.35022,0.226945,7.466919,7.303711,0.273453,889.0041,0.670508,0.878495,326.0861,0.094531,0.754785,0.150684,10240,9103402,313,56958,27,258,27,258
9140,24.808,14.938,7.578407,7.33728,0.241126,7.469971,7.289917,0.28849,933.3253,0.676465,0.883567,336.9177,0.099512,0.759082,0.141406,10240,9557251,308,56912,27,259,27,259
9160,24.872,14.978,7.581874,7.350708,0.231166,7.4552,7.292114,0.289759,946.1442,0.676758,0.885658,331.9968,0.101465,0.760645,0.137891,10240,9688517,302,56933,29,259,29,259
9180,24.939,15.02,7.588012,7.352539,0.235473,7.4823,7.308716,0.279296,909.4868,0.671484,0.88064,334.4403,0.097168,0.764453,0.138379,10240,9313145,311,57051,29,259,29,259
9200,24.999,15.058,7.588758,7.37854,0.210218,7.491943,7.318481,0.270276,898.3348,0.674316,0.879338,333.3963,0.095898,0.762207,0.141895,10240,9198948,307,57132,31,261,31,261
9220,25.066,15.1,7.586303,7.364258,0.222045,7.494873,7.314941,0.271362,922.2767,0.680273,0.882277,337.2938,0.098633,0.755664,0.145703,10240,9444113,324,57124,32,261,32,261
9240,25.128,15.14,7.59064,7.387817,0.202823,7.511841,7.332886,0.257755,941.571,0.679004,0.884051,344.5293,0.10127,0.769824,0.128906,10240,9641687,326,57179,31,261,31,261
9260,25.194,15.184,7.580207,7.377441,0.202765,7.486084,7.314941,0.265265,953.7749,0.680957,0.885717,342.9412,0.102637,0.765332,0.132031,10240,9766655,306,57062,28,261,28,261
9280,25.257,15.224,7.578396,7.382812,0.195583,7.495728,7.327271,0.251125,953.9218,0.689844,0.886061,346.9823,0.102832,0.760059,0.137109,10240,9768159,286,57153,27,261,27,261
9300,25.319,15.265,7.573546,7.375854,0.197691,7.490234,7.319336,0.25421,976.9723,0.692969,0.887938,360.2426,0.105469,0.769043,0.125488,10240,10004196,308,57107,25,261,25,261
9320,25.382,15.305,7.574521,7.364014,0.210508,7.487183,7.317505,0.257016,995.9549,0.688574,0.889919,368.0506,0.10752,0.770703,0.121777,10240,10198578,300,57146,27,261,27,261
9340,25.445,15.346,7.570349,7.371704,0.198645,7.484131,7.315308,0.255042,1009.8975,0.69043,0.891235,385.1012,0.109375,0.771484,0.119141,10240,10341350,290,57174,27,261,27,261
9360,25.509,15.388,7.573612,7.371582,0.20203,7.480347,7.316528,0.257084,1015.7922,0.687891,0.891746,391.1762,0.109961,0.770508,0.119531,10240,10401712,323,57160,27,261,27,261
9380,25.582,15.439,7.572799,7.375977,0.196822,7.484009,7.312744,0.260055,1032.0803,0.681152,0.893212,392.8605,0.112305,0.771191,0.116504,10240,10568502,319,57159,27,261,27,261
9400,25.648,15.481,7.568495,7.386597,0.181899,7.494019,7.328979,0.239516,1035.0136,0.687207,0.894009,398.761,0.112695,0.767969,0.119336,10240,10598539,319,57280,26,261,26,261
9420,25.713,15.523,7.576199,7.395874,0.180325,7.504272,7.335327,0.240872,1038.5993,0.674609,0.894827,386.1365,0.113281,0.763965,0.122754,10240,10635257,329,57319,26,261,26,261
9440,25.777,15.566,7.580174,7.417969,0.162205,7.521851,7.347534,0.23264,1003.5178,0.680957,0.890473,374.3473,0.108301,0.770801,0.120898,10240,10276022,346,57410,26,261,26,261
9460,25.844,15.61,7.589872,7.431274,0.158597,7.535278,7.364502,0.22537,1028.325,0.686719,0.892796,387.6321,0.111621,0.772559,0.11582,10240,10530048,324,57502,25,262,25,262
9480,25.911,15.655,7.593605,7.427368,0.166237,7.537842,7.376221,0.217385,1045.9277,0.681934,0.894201,388.8015,0.113867,0.778418,0.107715,10240,10710300,290,57517,26,262,26,262
9500,25.977,15.698,7.594706,7.444946,0.14976,7.552979,7.383179,0.211528,1031.9588,0.68252,0.893543,374.346,0.112207,0.771289,0.116504,10240,10567258,311,57599,25,262,25,262
9520,26.042,15.741,7.596962,7.441406,0.155556,7.563599,7.382202,0.21476,1047.0324,0.685352,0.894791,372.6663,0.114258,0.774707,0.111035,10240,10721612,310,57605,26,262,26,262
9540,26.11,15.787,7.595931,7.443359,0.152571,7.559692,7.373535,0.222396,1046.064,0.681348,0.894035,378.1664,0.113574,0.782324,0.104102,10240,10711695,314,57582,26,262,26,262
9560,26.175,15.829,7.594796,7.438477,0.156319,7.560425,7.376343,0.218453,1023.0783,0.674316,0.891399,372.0581,0.111035,0.786523,0.102441,10240,10476322,289,57559,27,263,27,263
9580,26.238,15.87,7.593157,7.454346,0.138811,7.555298,7.383423,0.209734,993.0639,0.675879,0.887888,338.9338,0.107617,0.789453,0.10293,10240,10168974,325,57591,27,263,27,263
9600,26.314,15.925,7.593818,7.430298,0.16352,7.563843,7.38208,0.211738,1022.0083,0.66709,0.890916,353.2411,0.110254,0.793066,0.09668,10240,10465365,323,57525,25,263,25,263
9620,26.377,15.966,7.599104,7.426636,0.172468,7.549927,7.370605,0.228499,1021.6735,0.672656,0.890619,360.2588,0.110645,0.794727,0.094629,10240,10461937,300,57431,26,263,26,263
9640,26.446,16.012,7.60342,7.44165,0.16177,7.561401,7.380737,0.222683,1028.5893,0.670508,0.890695,361.2947,0.11123,0.800488,0.088281,10240,10532754,311,57469,28,263,28,263
9660,26.51,16.055,7.609997,7.451294,0.158703,7.572144,7.398804,0.211193,1027.5675,0.673535,0.890237,367.9457,0.11123,0.808496,0.080273,10240,10522291,329,57510,26,263,26,263
9680,26.576,16.098,7.617266,7.480103,0.137164,7.586548,7.407349,0.209917,1056.5637,0.671289,0.893856,373.3547,0.115332,0.798242,0.086426,10240,10819212,314,57508,26,263,26,263
9700,26.641,16.141,7.61478,7.494141,0.120639,7.584961,7.418335,0.196445,1052.5843,0.667188,0.893406,362.6646,0.114746,0.799219,0.086035,10240,10778463,326,57587,23,263,23,263
9720,26.711,16.183,7.614294,7.480957,0.133337,7.573364,7.408447,0.205847,1053.5852,0.671094,0.893961,366.06,0.114844,0.798242,0.086914,10240,10788712,315,57482,21,263,21,263
9740,26.775,16.224,7.615432,7.478149,0.137282,7.58667,7.409546,0.205886,1020.4147,0.668652,0.890412,352.3815,0.11084,0.79834,0.09082,10240,10449047,321,57488,22,264,22,264
9760,26.837,16.265,7.619334,7.49939,0.119944,7.591187,7.418823,0.200511,1004.2785,0.660254,0.889201,356.1333,0.108984,0.791406,0.099609,10240,10283812,316,57550,20,264,20,264
9780,26.9,16.307,7.619583,7.512207,0.107376,7.59375,7.425171,0.194412,1004.8183,0.670605,0.889018,357.8969,0.108789,0.79248,0.09873,10240,10289339,359,57567,20,264,20,264
9800,26.972,16.35,7.620814,7.486572,0.134242,7.591553,7.424805,0.19601,1039.3423,0.668359,0.892715,372.1631,0.112988,0.79248,0.094531,10240,10642865,315,57555,21,264,21,264
9820,27.07,16.416,7.623535,7.484009,0.139526,7.604614,7.433105,0.19043,1028.0669,0.667285,0.892008,356.4599,0.111523,0.789746,0.09873,10240,10527405,334,57620,21,264,21,264
9840,27.136,16.459,7.622254,7.499756,0.122498,7.608032,7.438843,0.183411,1011.7288,0.672949,0.890433,360.3023,0.109668,0.786621,0.103711,10240,10360103,329,57605,19,264,19,264
9860,27.202,16.503,7.622629,7.495361,0.127268,7.606323,7.443726,0.178903,994.0757,0.67334,0.887856,353.6463,0.107324,0.79541,0.097266,10240,10179335,322,57666,16,264,16,264
9880,27.27,16.546,7.623995,7.515137,0.108859,7.617188,7.450073,0.173922,1008.7129,0.674805,0.889733,357.8756,0.109375,0.787402,0.103223,10240,10329220,317,57694,15,264,15,264
9900,27.338,16.59,7.629243,7.519775,0.109467,7.63147,7.458862,0.17038,1020.4709,0.651953,0.892071,369.8012,0.110742,0.778809,0.110449,10240,10449622,321,57714,15,264,15,264
9920,27.404,16.633,7.635198,7.532837,0.102361,7.640381,7.467896,0.167302,1031.4431,0.651074,0.893387,372.3688,0.111816,0.772266,0.115918,10240,10561977,308,57754,16,264,16,264
9940,27.467,16.675,7.636666,7.523682,0.112984,7.613281,7.460571,0.176095,1036.8362,0.65625,0.893228,379.7518,0.112012,0.782227,0.105762,10240,10617203,321,57718,15,264,15,264
9960,27.538,16.72,7.639515,7.539429,0.100086,7.633301,7.466553,0.172962,1039.8997,0.666504,0.893421,377.1165,0.112891,0.780273,0.106836,10240,10648573,308,57695,15,264,15,264
9980,27.607,16.766,7.642745,7.534912,0.107833,7.631958,7.468262,0.174484,1071.2258,0.672461,0.897,375.9107,0.116699,0.771973,0.111328,10240,10969352,308,57667,16,264,16,264
10000,27.677,16.809,7.637063,7.529663,0.1074,7.623413,7.467651,0.169412,1064.986,0.66543,0.897049,381.5464,0.116211,0.767285,0.116504,10240,10905457,290,57673,20,268,20,268
10020,27.749,16.857,7.64056,7.519531,0.121029,7.621704,7.461914,0.178646,1030.08,0.660254,0.894399,370.9053,0.111719,0.758203,0.130078,10240,10548019,334,57621,20,268,20,268
10040,27.811,16.899,7.634603,7.515991,0.118612,7.616455,7.46582,0.168783,1009.0897,0.655957,0.892479,368.5605,0.109375,0.754199,0.136426,10240,10333079,303,57622,20,268,20,268
10060,27.873,16.939,7.635114,7.525757,0.109357,7.619385,7.463623,0.171491,1009.4528,0.654199,0.891877,374.0452,0.108984,0.76748,0.123535,10240,10336797,312,57615,20,268,20,268
10080,27.934,16.979,7.634469,7.513794,0.120675,7.612061,7.460449,0.17402,991.793,0.66582,0.889254,360.2325,0.105762,0.775684,0.118555,10240,10155960,346,57590,20,268,20,268
10100,27.997,17.021,7.635364,7.504395,0.130969,7.60144,7.451172,0.184192,1026.1841,0.667383,0.892182,361.7713,0.110742,0.78457,0.104688,10240,10508125,302,57525,20,268,20,268
10120,28.062,17.065,7.634939,7.492798,0.142141,7.604858,7.445312,0.189627,1011.5774,0.660547,0.891498,364.4625,0.10918,0.774121,0.116699,10240,10358553,294,57482,16,268,16,268
10140,28.124,17.106,7.628041,7.502441,0.1256,7.60498,7.447388,0.180654,1017.3133,0.666602,0.892024,362.938,0.110254,0.771777,0.117969,10240,10417288,310,57558,14,268,14,268
10160,28.187,17.148,7.626395,7.514893,0.111502,7.608765,7.449341,0.177054,1055.497,0.67627,0.895968,376.4473,0.114453,0.771582,0.113965,10240,10808289,292,57607,13,268,13,268
10180,28.251,17.19,7.61714,7.480469,0.136671,7.579224,7.42749,0.18965,1063.85,0.680957,0.897745,387.9263,0.115137,0.760938,0.123926,10240,10893824,270,57421,13,268,13,268
10200,28.316,17.234,7.618606,7.482056,0.136551,7.582886,7.425049,0.193558,1078.7365,0.683105,0.898187,382.4304,0.117676,0.767578,0.114746,10240,11046262,306,57366,14,268,14,268
10220,28.382,17.278,7.615774,7.466797,0.148977,7.548218,7.397827,0.217947,1113.8149,0.682031,0.901343,399.1858,0.121777,0.767969,0.110254,10240,11405465,316,57184,14,268,14,268
10240,28.446,17.321,7.625474,7.455444,0.17003,7.560547,7.411499,0.213975,1089.8188,0.687598,0.89859,387.4794,0.118555,0.777441,0.104004,10240,11159745,322,57213,14,268,14,268
10260,28.513,17.365,7.630966,7.482178,0.148789,7.569214,7.412598,0.218369,1122.5209,0.683203,0.900412,406.4259,0.122754,0.787793,0.089453,10240,11494614,336,57207,13,268,13,268
10280,28.582,17.414,7.640949,7.455933,0.185017,7.574341,7.408325,0.232624,1127.2333,0.672852,0.899769,407.8024,0.123145,0.798828,0.078027,10240,11542869,327,57158,14,269,14,269
10300,28.647,17.457,7.64012,7.463623,0.176497,7.569092,7.40625,0.23387,1098.5351,0.667285,0.897197,397.8529,0.119922,0.800195,0.079883,10240,11248999,270,57158,14,269,14,269
10320,28.715,17.503,7.63607,7.451294,0.184776,7.560303,7.394287,0.241783,1079.262,0.665332,0.895189,387.6015,0.117383,0.803418,0.079199,10240,11051643,344,57080,15,270,15,270
10340,28.783,17.549,7.636278,7.470215,0.166063,7.557373,7.387817,0.248461,1067.8639,0.664355,0.893443,388.0356,0.116504,0.809082,0.074414,10240,10934926,348,57048,16,270,16,270
10360,28.848,17.592,7.644978,7.454712,0.190266,7.567749,7.394043,0.250935,1076.4336,0.672168,0.89386,404.3767,0.117676,0.816309,0.066016,10240,11022680,294,57039,17,271,17,271
10380,28.917,17.639,7.642247,7.428467,0.21378,7.55481,7.38269,0.259557,1091.4624,0.666504,0.89573,404.2142,0.119336,0.814941,0.065723,10240,11176575,309,56958,18,272,18,272
10400,28.983,17.683,7.642982,7.441895,0.201087,7.54895,7.392822,0.250159,1090.2703,0.677148,0.895936,403.6808,0.119531,0.807715,0.072754,10240,11164368,316,57031,17,272,17,272
10420,29.049,17.727,7.641049,7.446899,0.19415,7.553223,7.38916,0.251889,1099.7413,0.683301,0.896145,405.155,0.12041,0.814258,0.065332,10240,11261351,292,57034,17,272,17,272
10440,29.116,17.771,7.641289,7.457153,0.184135,7.561768,7.397827,0.243462,1074.3285,0.683691,0.894131,384.0966,0.117383,0.80957,0.073047,10240,11001124,327,57123,17,272,17,272
10460,29.185,17.818,7.639355,7.453247,0.186108,7.560181,7.394653,0.244701,1078.9472,0.69541,0.894092,384.3344,0.117676,0.813867,0.068457,10240,11048419,313,57092,20,274,20,274
10480,29.25,17.86,7.640874,7.470947,0.169927,7.561646,7.409912,0.230962,1061.8608,0.6875,0.892522,383.6415,0.115625,0.816504,0.067871,10240,10873455,284,57204,23,275,23,275
10500,29.313,17.901,7.642718,7.470947,0.171771,7.583496,7.416382,0.226337,1039.4063,0.686719,0.890008,354.32,0.112891,0.817188,0.069922,10240,10643521,330,57285,23,275,23,275
10520,29.376,17.942,7.634887,7.467896,0.166991,7.591064,7.416016,0.218871,1018.4021,0.67666,0.888507,360.5779,0.110254,0.812695,0.077051,10240,10428437,299,57374,23,275,23,275
10540,29.44,17.984,7.634168,7.458618,0.17555,7.58667,7.414062,0.220105,1055.8622,0.686816,0.892517,365.9237,0.115137,0.80957,0.075293,10240,10812029,318,57370,23,275,23,275
10560,29.504,18.027,7.629273,7.477051,0.152222,7.582886,7.410156,0.219117,1069.2354,0.682324,0.894167,376.383,0.116406,0.808496,0.075098,10240,10948971,317,57390,24,275,24,275
10580,29.572,18.069,7.625004,7.490112,0.134892,7.586304,7.413086,0.211918,1052.8441,0.669922,0.893259,373.6979,0.114844,0.80166,0.083496,10240,10781124,349,57372,24,275,24,275
10600,29.638,18.111,7.626027,7.486328,0.139699,7.588623,7.418823,0.207204,1031.4319,0.662891,0.8909,349.4424,0.112109,0.803613,0.084277,10240,10561863,345,57396,25,276,25,276
10620,29.704,18.155,7.6181,7.478027,0.140073,7.580078,7.410278,0.207822,1057.0173,0.664844,0.893523,354.3605,0.115625,0.800488,0.083887,10240,10823857,317,57379,25,276,25,276
10640,29.766,18.196,7.613415,7.476929,0.136486,7.568237,7.401001,0.212414,1031.1888,0.657227,0.891126,338.4505,0.112305,0.8,0.087695,10240,10559373,320,57326,25,276,25,276
10660,29.831,18.238,7.612084,7.459229,0.152856,7.559937,7.403442,0.208642,1040.7601,0.651465,0.89252,349.9794,0.113672,0.794336,0.091992,10240,10657383,312,57291,24,276,24,276
10680,29.898,18.283,7.607071,7.450439,0.156632,7.550293,7.40564,0.201431,1066.3826,0.661914,0.894665,366.4369,0.116895,0.799219,0.083887,10240,10919758,319,57307,23,276,23,276
10700,29.964,18.327,7.612355,7.480713,0.131642,7.56311,7.418213,0.194142,1064.8879,0.651465,0.895204,363.2549,0.116699,0.793555,0.089746,10240,10904452,309,57392,22,276,22,276
10720,30.029,18.37,7.613022,7.4729,0.140122,7.562988,7.407715,0.205307,1057.4055,0.657617,0.894435,366.8958,0.115918,0.794043,0.090039,10240,10827832,316,57333,23,276,23,276
10740,30.099,18.415,7.614253,7.461914,0.152339,7.547729,7.399292,0.214961,1073.5127,0.663574,0.895946,395.2861,0.117871,0.793945,0.088184,10240,10992770,323,57302,23,276,23,276
10760,30.167,18.459,7.620923,7.462769,0.158154,7.561768,7.413574,0.207348,1095.7588,0.6625,0.897737,399.0047,0.120312,0.794824,0.084863,10240,11220570,308,57327,22,276,22,276
10780,30.234,18.504,7.62416,7.482056,0.142104,7.572754,7.417358,0.206801,1076.3405,0.664258,0.896064,398.3251,0.118164,0.792383,0.089453,10240,11021727,297,57349,22,276,22,276
10800,30.304,18.551,7.622718,7.482422,0.140296,7.569824,7.419922,0.202796,1093.6034,0.674805,0.897714,401.7668,0.12002,0.792676,0.087305,10240,11198499,336,57358,20,276,20,276
10820,30.371,18.594,7.620124,7.466675,0.15345,7.56311,7.410034,0.21009,1048.5332,0.667578,0.893381,384.5658,0.114355,0.79043,0.095215,10240,10736980,312,57328,19,276,19,276
10840,30.438,18.638,7.622873,7.4646,0.158273,7.562378,7.406128,0.216745,1017.6212,0.678613,0.890706,370.772,0.110352,0.786035,0.103613,10240,10420441,330,57315,18,276,18,276
10860,30.502,18.68,7.625188,7.479492,0.145696,7.576416,7.416748,0.20844,1033.569,0.675781,0.891925,380.5576,0.112012,0.794824,0.093164,10240,10583747,332,57422,16,276,16,276
10880,30.567,18.722,7.618395,7.449707,0.168688,7.556519,7.401855,0.216539,1029.9601,0.684277,0.890736,379.7466,0.111426,0.802344,0.08623,10240,10546791,315,57334,15,276,15,276
10900,30.633,18.765,7.616378,7.455688,0.16069,7.566284,7.408447,0.207931,1008.4602,0.691992,0.888051,373.2128,0.108691,0.808594,0.082715,10240,10326632,302,57377,16,276,16,276
10920,30.697,18.807,7.607825,7.46228,0.145545,7.554565,7.407349,0.200477,987.2918,0.697656,0.885088,365.6136,0.106055,0.81543,0.078516,10240,10109868,291,57378,18,276,18,276
10940,30.762,18.848,7.604856,7.449219,0.155637,7.553467,7.409058,0.195798,980.677,0.685645,0.884473,370.0329,0.105762,0.815918,0.07832,10240,10042132,294,57413,17,276,17,276
10960,30.831,18.892,7.600396,7.459839,0.140558,7.562744,7.411499,0.188897,985.4527,0.676074,0.885405,373.8592,0.106152,0.81377,0.080078,10240,10091036,319,57494,17,276,17,276
10980,30.894,18.932,7.594991,7.441772,0.153218,7.5625,7.4104,0.18459,974.3175,0.676074,0.884613,369.5828,0.105469,0.80791,0.086621,10240,9977011,318,57482,17,276,17,276
11000,30.959,18.974,7.597304,7.466675,0.13063,7.568481,7.421021,0.176284,969.2975,0.683594,0.883729,369.8594,0.10459,0.805469,0.089941,10240,9925606,301,57562,18,277,18,277
11020,31.021,19.014,7.604844,7.460083,0.144761,7.566406,7.423828,0.181016,961.0846,0.694629,0.882752,362.6492,0.103613,0.807715,0.088672,10240,9841506,334,57562,19,277,19,277
11040,31.082,19.053,7.606846,7.47522,0.131627,7.578369,7.42981,0.177037,954.3596,0.69375,0.881669,364.0218,0.102246,0.807617,0.090137,10240,9772642,315,57564,19,277,19,277
11060,31.143,19.093,7.608521,7.477661,0.13086,7.590088,7.441772,0.166749,934.2286,0.696973,0.879846,356.0948,0.100391,0.802637,0.096973,10240,9566501,308,57635,19,277,19,277
11080,31.207,19.134,7.611708,7.490845,0.120864,7.595459,7.433838,0.177871,962.8995,0.704883,0.883555,363.6333,0.103711,0.798828,0.097461,10240,9860091,288,57626,20,277,20,277
11100,31.272,19.177,7.608935,7.4823,0.126635,7.59021,7.4375,0.171435,966.3211,0.701367,0.88367,365.1142,0.104199,0.801074,0.094727,10240,9895128,269,57641,21,277,21,277
11120,31.333,19.216,7.609759,7.488892,0.120868,7.590088,7.435791,0.173968,952.1842,0.704297,0.882445,348.0039,0.102637,0.801367,0.095996,10240,9750366,327,57674,21,277,21,277
11140,31.394,19.255,7.609797,7.489868,0.119929,7.578613,7.439453,0.170344,952.1887,0.721387,0.881597,332.3077,0.102344,0.805957,0.091699,10240,9750412,327,57583,21,277,21,277
11160,31.455,19.295,7.611319,7.503174,0.108145,7.593384,7.446899,0.16442,951.4845,0.726465,0.880999,323.5332,0.101953,0.813184,0.084863,10240,9743201,296,57602,21,277,21,277
11180,31.519,19.337,7.602123,7.480957,0.121166,7.57666,7.43396,0.168163,997.6048,0.717578,0.887157,326.6493,0.107715,0.803418,0.088867,10240,10215473,290,57516,20,277,20,277
11200,31.583,19.379,7.592832,7.473511,0.119321,7.553711,7.421875,0.170957,1001.4005,0.713574,0.887274,322.544,0.108398,0.806055,0.085547,10240,10254341,285,57468,20,277,20,277
11220,31.646,19.419,7.588479,7.472412,0.116067,7.544678,7.412842,0.175637,1001.5422,0.722949,0.887336,311.033,0.108496,0.809961,0.081543,10240,10255792,333,57453,20,277,20,277
11240,31.708,19.46,7.591128,7.452515,0.138613,7.553467,7.415527,0.175601,989.8229,0.739062,0.885209,309.0298,0.107031,0.814941,0.078027,10240,10135787,337,57499,19,277,19,277
11260,31.771,19.501,7.593017,7.471313,0.121703,7.555908,7.414062,0.178954,1014.8038,0.75918,0.887074,317.6229,0.110156,0.824023,0.06582,10240,10391591,329,57531,19,277,19,277
11280,31.833,19.541,7.586161,7.462769,0.123392,7.561401,7.410156,0.176005,973.8881,0.761719,0.881576,309.2824,0.105078,0.835645,0.059277,10240,9972614,306,57561,18,277,18,277
11300,31.896,19.581,7.582756,7.460571,0.122184,7.55896,7.410767,0.171989,992.4581,0.775977,0.884208,319.2148,0.107324,0.831641,0.061035,10240,10162771,340,57580,18,277,18,277
11320,31.957,19.621,7.587502,7.444092,0.14341,7.554443,7.409668,0.177834,986.9267,0.782324,0.883179,310.1572,0.10625,0.833203,0.060547,10240,10106129,295,57557,16,277,16,277
11340,32.019,19.662,7.592297,7.46582,0.126477,7.563843,7.418335,0.173962,1002.2025,0.792773,0.885149,316.3783,0.108496,0.831055,0.060449,10240,10262554,315,57615,16,277,16,277
11360,32.083,19.703,7.593045,7.499878,0.093167,7.578613,7.433716,0.15933,1010.1954,0.795312,0.885606,308.6527,0.109277,0.834961,0.055762,10240,10344401,326,57724,16,277,16,277
11380,32.146,19.743,7.597366,7.500488,0.096878,7.576416,7.434937,0.16243,997.8018,0.791406,0.883596,289.3828,0.107129,0.839258,0.053613,10240,10217490,294,57662,17,277,17,277
11400,32.211,19.784,7.586942,7.45874,0.128202,7.56958,7.425293,0.161649,954.4456,0.786621,0.878207,281.0502,0.101367,0.841602,0.057031,10240,9773523,321,57645,19,278,19,278
11420,32.274,19.825,7.584929,7.487915,0.097014,7.568848,7.433228,0.151702,977.4017,0.7875,0.880791,296.4437,0.104492,0.845605,0.049902,10240,10008593,308,57647,19,278,19,278
11440,32.341,19.869,7.574944,7.461792,0.113152,7.555542,7.420044,0.1549,983.011,0.783984,0.881343,301.5847,0.105078,0.846777,0.048145,10240,10066033,311,57645,20,278,20,278
11460,32.405,19.911,7.562415,7.476807,0.085608,7.549805,7.420044,0.142371,950.1585,0.789453,0.877225,278.4901,0.101367,0.849316,0.049316,10240,9729623,297,57703,21,279,21,279
11480,32.465,19.949,7.553432,7.447266,0.106166,7.537231,7.408936,0.144496,927.9708,0.795703,0.873471,270.5712,0.098145,0.854492,0.047363,10240,9502421,326,57689,22,279,22,279
11500,32.526,19.988,7.544044,7.443359,0.100684,7.531982,7.406494,0.137549,921.8497,0.799707,0.873012,269.1976,0.097754,0.854785,0.047461,10240,9439741,305,57717,21,279,21,279
11520,32.587,20.027,7.551648,7.458008,0.09364,7.539795,7.408325,0.143323,923.3348,0.797949,0.87341,273.9655,0.097949,0.852637,0.049414,10240,9454948,308,57723,19,280,19,280
11540,32.648,20.066,7.555246,7.469727,0.08552,7.553589,7.420532,0.134714,953.0207,0.807715,0.877108,281.4813,0.101855,0.851758,0.046387,10240,9758932,329,57777,16,280,16,280
11560,32.722,20.118,7.552464,7.451416,0.101048,7.538818,7.413818,0.138646,943.8771,0.811816,0.876152,277.5322,0.100293,0.847852,0.051855,10240,9665302,321,57701,15,281,15,281
11580,32.791,20.159,7.552886,7.459351,0.093535,7.547119,7.412109,0.140776,950.5147,0.818359,0.876803,266.9854,0.101465,0.852539,0.045996,10240,9733271,333,57689,17,281,17,281
11600,32.853,20.199,7.55618,7.454102,0.102078,7.539062,7.412231,0.143949,973.3197,0.810156,0.879566,287.961,0.104395,0.854004,0.041602,10240,9966794,342,57705,17,281,17,281
11620,32.915,20.239,7.551664,7.473267,0.078398,7.536255,7.410034,0.14163,948.1682,0.814355,0.876863,282.9687,0.101562,0.850488,0.047949,10240,9709242,281,57674,16,281,16,281
11640,32.977,20.277,7.558265,7.473267,0.084998,7.561035,7.42627,0.131995,944.0585,0.816699,0.876298,280.2732,0.101172,0.852148,0.04668,10240,9667159,316,57734,17,283,17,283
11660,33.039,20.317,7.558257,7.458374,0.099883,7.553101,7.419678,0.138579,969.4306,0.819531,0.879141,290.7559,0.104199,0.851172,0.044629,10240,9926969,286,57719,17,283,17,283
11680,33.102,20.358,7.554548,7.461548,0.093,7.552002,7.41687,0.137678,1007.3796,0.830176,0.883911,301.3177,0.108789,0.850488,0.040723,10240,10315567,293,57707,15,283,15,283
11700,33.167,20.399,7.559197,7.455933,0.103265,7.553711,7.405518,0.15368,1025.0132,0.829102,0.886031,307.3604,0.111328,0.851953,0.036719,10240,10496135,337,57642,15,283,15,283
11720,33.23,20.44,7.547284,7.428833,0.118451,7.527832,7.393799,0.153485,1010.7311,0.84209,0.884317,302.2733,0.109473,0.851367,0.03916,10240,10349886,295,57559,14,283,14,283
11740,33.291,20.479,7.547807,7.442017,0.10579,7.510498,7.384644,0.163163,975.5178,0.842285,0.880167,296.4342,0.105176,0.85332,0.041504,10240,9989302,288,57465,15,283,15,283
11760,33.353,20.519,7.539772,7.416748,0.123024,7.50293,7.369385,0.170387,969.3788,0.850684,0.878569,293.4492,0.104395,0.857617,0.037988,10240,9926439,293,57378,14,283,14,283
11780,33.415,20.559,7.530637,7.420898,0.109739,7.495239,7.377808,0.152829,964.2072,0.850098,0.877906,304.3595,0.103711,0.858496,0.037793,10240,9873482,340,57437,15,283,15,283
11800,33.477,20.599,7.520516,7.425171,0.095345,7.491089,7.37793,0.142587,965.4007,0.848047,0.878195,312.1445,0.103711,0.857031,0.039258,10240,9885703,321,57496,16,283,16,283
11820,33.537,20.638,7.514941,7.423706,0.091235,7.487915,7.382202,0.132739,940.4227,0.844824,0.87479,300.5679,0.100781,0.862793,0.036426,10240,9629928,293,57588,17,283,17,283
11840,33.6,20.677,7.521786,7.439697,0.082089,7.497559,7.392822,0.128964,929.4239,0.839746,0.874044,294.7133,0.099512,0.85498,0.045508,10240,9517301,294,57655,16,283,16,283
11860,33.659,20.715,7.525364,7.44165,0.083713,7.508301,7.394897,0.130466,915.5556,0.842383,0.872548,287.9156,0.097949,0.850586,0.051465,10240,9375289,330,57667,15,283,15,283
11880,33.722,20.756,7.526935,7.442017,0.084919,7.508545,7.4021,0.124836,909.4711,0.847754,0.871226,288.7484,0.09707,0.85459,0.04834,10240,9312984,343,57681,16,283,16,283
11900,33.781,20.794,7.528189,7.436279,0.09191,7.508057,7.394897,0.133291,904.7175,0.840918,0.870998,286.048,0.09668,0.850781,0.052539,10240,9264307,340,57677,16,283,16,283
11920,33.841,20.832,7.529349,7.43396,0.095389,7.51355,7.396729,0.132621,910.0224,0.836035,0.871556,280.8184,0.097266,0.855859,0.046875,10240,9318629,293,57629,18,284,18,284
11940,33.903,20.872,7.517199,7.442139,0.07506,7.50647,7.393677,0.123522,907.8651,0.844141,0.87195,287.9936,0.096973,0.847559,0.055469,10240,9296539,321,57605,16,284,16,284
11960,33.964,20.91,7.512009,7.433472,0.078538,7.503662,7.397461,0.114548,922.001,0.837695,0.874108,293.8753,0.09873,0.842871,0.058398,10240,9441290,321,57638,19,285,19,285
11980,34.026,20.951,7.507202,7.43335,0.073852,7.50293,7.390259,0.116943,974.6124,0.828613,0.880887,292.7167,0.105273,0.839062,0.055664,10240,9980031,302,57708,19,285,19,285
12000,34.095,20.99,7.500069,7.42981,0.070259,7.498535,7.387573,0.112496,957.7125,0.831348,0.878627,294.025,0.103027,0.843555,0.053418,10240,9806976,330,57684,21,285,21,285
12020,34.16,21.033,7.486187,7.400757,0.08543,7.484131,7.369385,0.116802,966.5238,0.826172,0.88051,301.8263,0.104199,0.832031,0.06377,10240,9897204,346,57635,21,285,21,285
12040,34.221,21.074,7.476578,7.399902,0.076675,7.466309,7.35498,0.121597,985.4194,0.841797,0.882722,309.4664,0.106641,0.834375,0.058984,10240,10090695,290,57551,19,285,19,285
12060,34.284,21.116,7.480691,7.387451,0.09324,7.452026,7.337524,0.143167,954.6438,0.862695,0.877582,304.1733,0.102539,0.848047,0.049414,10240,9775553,285,57419,20,285,20,285
12080,34.344,21.155,7.48092,7.380859,0.100061,7.453003,7.330322,0.150598,948.2908,0.862988,0.876604,305.3771,0.10166,0.850293,0.048047,10240,9710498,303,57400,20,285,20,285
12100,34.403,21.195,7.46256,7.372803,0.089758,7.442871,7.319702,0.142858,944.2215,0.858594,0.875782,300.6664,0.101172,0.852734,0.046094,10240,9668828,320,57436,20,285,20,285
12120,34.462,21.233,7.461697,7.341797,0.1199,7.446533,7.324707,0.13699,924.5762,0.870215,0.87312,297.8428,0.098438,0.858008,0.043555,10240,9467660,320,57488,19,285,19,285
12140,34.521,21.272,7.46939,7.373535,0.095855,7.453369,7.333374,0.136016,913.0422,0.860059,0.872466,294.4638,0.097266,0.84834,0.054395,10240,9349552,308,57571,18,286,18,286
12160,34.586,21.315,7.469596,7.366089,0.103508,7.452637,7.335571,0.134025,934.0794,0.861816,0.87561,309.2632,0.099707,0.846191,0.054102,10240,9564973,323,57583,18,286,18,286
12180,34.646,21.354,7.455918,7.377319,0.078598,7.444824,7.336304,0.119614,915.9611,0.871484,0.872743,306.3252,0.097656,0.850098,0.052246,10240,9379442,302,57626,17,286,17,286
12200,34.708,21.394,7.4563,7.378418,0.077882,7.454224,7.328003,0.128297,912.4652,0.87959,0.872011,303.211,0.097363,0.853418,0.049219,10240,9343644,290,57627,21,290,21,290
12220,34.77,21.435,7.47381,7.37439,0.09942,7.468872,7.339844,0.133966,915.3201,0.875195,0.873121,296.3768,0.097559,0.847656,0.054785,10240,9372878,327,57637,21,290,21,290
12240,34.832,21.474,7.48645,7.388428,0.098022,7.492798,7.359131,0.127319,918.9948,0.874023,0.874254,299.6278,0.09834,0.839062,0.062598,10240,9410507,330,57686,19,290,19,290
12260,34.897,21.518,7.491188,7.401978,0.08921,7.474976,7.360962,0.130226,928.2054,0.879199,0.875305,304.8823,0.099316,0.841992,0.058691,10240,9504823,309,57636,17,290,17,290
12280,34.959,21.561,7.496931,7.38147,0.115461,7.471558,7.359253,0.137678,959.1315,0.880371,0.87975,316.1416,0.103027,0.839062,0.05791,10240,9821507,327,57576,17,290,17,290
12300,35.021,21.602,7.494038,7.377808,0.116231,7.460205,7.34436,0.149678,940.2911,0.870117,0.877749,309.6052,0.100977,0.831641,0.067383,10240,9628581,327,57482,18,291,18,291
12320,35.081,21.642,7.480005,7.369385,0.11062,7.45459,7.340088,0.139917,953.1868,0.87373,0.879872,316.6994,0.102246,0.828027,0.069727,10240,9760633,301,57516,20,291,20,291
12340,35.141,21.682,7.487338,7.385376,0.101962,7.457642,7.350464,0.136875,972.5951,0.870312,0.882098,318.8633,0.104688,0.825879,0.069434,10240,9959374,337,57579,20,291,20,291
12360,35.204,21.724,7.490727,7.378662,0.112065,7.464478,7.360229,0.130497,980.7033,0.857129,0.883675,320.0472,0.105957,0.819531,0.074512,10240,10042402,303,57586,19,291,19,291
12380,35.271,21.764,7.502202,7.394775,0.107427,7.473633,7.368286,0.133916,959.7035,0.855957,0.880442,310.8494,0.103223,0.826562,0.070215,10240,9827364,277,57580,20,291,20,291
12400,35.332,21.803,7.514214,7.401489,0.112725,7.488281,7.376099,0.138116,918.2396,0.850684,0.874841,299.922,0.098145,0.832617,0.069238,10240,9402774,291,57606,19,291,19,291
12420,35.395,21.845,7.520049,7.444702,0.075347,7.499512,7.383667,0.136382,920.8189,0.841992,0.875938,311.1882,0.098535,0.825684,0.075781,10240,9429186,300,57622,19,291,19,291
12440,35.462,21.89,7.526537,7.432373,0.094164,7.523071,7.387573,0.138964,921.2755,0.833691,0.876462,316.4957,0.09873,0.823828,0.077441,10240,9433861,306,57656,19,291,19,291
12460,35.524,21.931,7.526807,7.422607,0.104199,7.509521,7.383301,0.143506,945.0696,0.834766,0.879694,323.2003,0.101562,0.818945,0.079492,10240,9677513,320,57599,18,291,18,291
12480,35.585,21.971,7.521067,7.428833,0.092234,7.498291,7.379517,0.141551,917.3729,0.838672,0.875492,301.5151,0.098242,0.826367,0.075391,10240,9393898,346,57571,18,291,18,291
12500,35.645,22.011,7.511238,7.42395,0.087288,7.483643,7.359375,0.151863,925.4232,0.839844,0.876776,309.9262,0.099219,0.825,0.075781,10240,9476334,313,57467,17,291,17,291
12520,35.703,22.049,7.507725,7.378296,0.129429,7.463623,7.347656,0.160069,885.7639,0.84707,0.870415,300.1058,0.094336,0.833008,0.072656,10240,9070222,312,57408,14,291,14,291
12540,35.762,22.088,7.506659,7.381714,0.124946,7.455444,7.333252,0.173407,909.6457,0.849023,0.873901,319.6056,0.097266,0.831934,0.070801,10240,9314772,333,57334,16,291,16,291
12560,35.822,22.128,7.507408,7.380127,0.127281,7.461426,7.343994,0.163414,952.4853,0.855762,0.879314,328.0033,0.102637,0.832812,0.064551,10240,9753449,327,57411,17,291,17,291
12580,35.883,22.168,7.501355,7.343506,0.157849,7.435547,7.319336,0.182019,946.1399,0.862207,0.877637,328.1024,0.101367,0.842383,0.05625,10240,9688473,333,57234,19,291,19,291
12600,35.943,22.208,7.497906,7.360107,0.137798,7.450562,7.325562,0.172344,952.7918,0.873828,0.878109,336.7256,0.102246,0.84668,0.051074,10240,9756588,333,57312,19,291,19,291
12620,36.004,22.249,7.503236,7.349976,0.153261,7.453369,7.325684,0.177553,986.8,0.864355,0.883165,347.5736,0.106641,0.837988,0.055371,10240,10104832,327,57295,19,291,19,291
12640,36.066,22.29,7.49888,7.339111,0.159769,7.441895,7.307983,0.190897,984.5197,0.875,0.8831,355.1909,0.106445,0.828613,0.064941,10240,10081482,323,57219,19,291,19,291
12660,36.128,22.331,7.502874,7.344116,0.158758,7.423828,7.299072,0.203802,987.3394,0.861426,0.884417,354.9851,0.106738,0.81709,0.076172,10240,10110355,316,57133,18,291,18,291
12680,36.19,22.373,7.512843,7.32251,0.190333,7.425049,7.293823,0.219019,1002.3798,0.865527,0.885945,358.1965,0.108594,0.817188,0.074219,10240,10264369,309,57029,19,292,19,292
12700,36.252,22.414,7.499769,7.314941,0.184827,7.411255,7.274536,0.225232,979.9619,0.861426,0.883918,356.3023,0.106055,0.815723,0.078223,10240,10034810,294,56951,19,292,19,292
12720,36.314,22.455,7.493254,7.319458,0.173796,7.410522,7.275024,0.21823,962.2902,0.870215,0.881186,334.8568,0.103809,0.821777,0.074414,10240,9853852,325,57012,21,292,21,292
12740,36.377,22.497,7.482963,7.327271,0.155692,7.395996,7.280029,0.202934,952.9117,0.872168,0.880907,328.7679,0.102832,0.811523,0.085645,10240,9757816,299,57089,21,292,21,292
12760,36.439,22.537,7.472404,7.289429,0.182975,7.405396,7.268799,0.203605,961.8146,0.871582,0.881843,328.9248,0.103516,0.816309,0.080176,10240,9848982,319,57169,21,292,21,292
12780,36.501,22.579,7.477894,7.304321,0.173572,7.415283,7.279175,0.198719,1004.1933,0.869434,0.887654,335.1916,0.108887,0.812988,0.078125,10240,10282939,327,57212,22,292,22,292
12800,36.567,22.622,7.482435,7.310547,0.171888,7.423706,7.27356,0.208876,970.0135,0.862109,0.883931,327.6192,0.104883,0.814355,0.080762,10240,9932938,324,57128,24,292,24,292
12820,36.633,22.663,7.482328,7.321411,0.160916,7.412354,7.28186,0.200467,959.9743,0.871777,0.881285,334.6288,0.103613,0.821973,0.074414,10240,9830137,315,57157,24,292,24,292
12840,36.694,22.703,7.475168,7.294312,0.180856,7.405396,7.265381,0.209787,955.1716,0.877344,0.880756,322.5477,0.103125,0.819238,0.077637,10240,9780957,311,57111,24,292,24,292
12860,36.756,22.744,7.473729,7.305908,0.167821,7.404053,7.26062,0.213109,957.5595,0.881055,0.881007,333.0811,0.10332,0.819531,0.077148,10240,9805409,307,57213,23,292,23,292
12880,36.816,22.783,7.475346,7.309082,0.166264,7.408081,7.267822,0.207523,935.2208,0.879297,0.878296,328.1324,0.100488,0.817676,0.081836,10240,9576661,289,57215,20,292,20,292
12900,36.877,22.822,7.477698,7.308228,0.169471,7.410156,7.26416,0.213538,924.6359,0.879199,0.876666,329.0468,0.099121,0.820703,0.080176,10240,9468272,309,57182,21,292,21,292
12920,36.938,22.862,7.46408,7.30188,0.1622,7.407227,7.26709,0.19699,923.3918,0.878516,0.876016,320.5523,0.098926,0.826172,0.074902,10240,9455532,317,57248,22,292,22,292
12940,36.999,22.901,7.464567,7.329956,0.134611,7.413452,7.28186,0.182707,930.4612,0.87959,0.87645,314.5661,0.099121,0.833105,0.067773,10240,9527923,314,57388,22,292,22,292
12960,37.061,22.94,7.462951,7.342896,0.120055,7.412598,7.289917,0.173034,911.5878,0.879199,0.873542,319.7578,0.09707,0.836621,0.066309,10240,9334659,314,57472,23,292,23,292
12980,37.122,22.979,7.449217,7.320435,0.128782,7.412109,7.276855,0.172361,934.3206,0.876172,0.877633,318.6831,0.100098,0.824121,0.075781,10240,9567443,353,57443,23,292,23,292
13000,37.209,23.035,7.442418,7.294067,0.14835,7.395752,7.265259,0.177159,905.8766,0.87998,0.873479,308.7062,0.09668,0.827539,0.075781,10240,9276176,304,57363,23,292,23,292
13020,37.294,23.097,7.445332,7.307617,0.137714,7.399414,7.263306,0.182026,903.5277,0.879004,0.873522,302.6174,0.09668,0.825488,0.077832,10240,9252124,302,57367,22,292,22,292
13040,37.355,23.136,7.460311,7.333008,0.127303,7.413696,7.268799,0.191512,929.9924,0.868359,0.878052,318.3686,0.099902,0.816113,0.083984,10240,9523122,321,57429,22,292,22,292
13060,37.418,23.179,7.463345,7.352783,0.110562,7.422119,7.290283,0.173062,951.3711,0.864062,0.880969,318.8207,0.102734,0.813574,0.083691,10240,9742040,332,57455,23,292,23,292
13080,37.478,23.219,7.46428,7.316895,0.147385,7.424316,7.289307,0.174973,942.3929,0.868262,0.878941,312.4346,0.10127,0.820117,0.078613,10240,9650103,292,57415,24,292,24,292
13100,37.538,23.258,7.464432,7.322876,0.141556,7.419067,7.296021,0.168412,932.6409,0.866309,0.877488,309.6023,0.1,0.823242,0.076758,10240,9550243,311,57413,26,293,26,293
13120,37.606,23.305,7.470971,7.341919,0.129052,7.428345,7.293701,0.17727,960.5413,0.862695,0.881532,322.5065,0.103613,0.813672,0.082715,10240,9835943,300,57421,26,293,26,293
13140,37.671,23.349,7.466968,7.328125,0.138843,7.408813,7.284302,0.182666,968.1352,0.856055,0.882918,328.7188,0.104688,0.81377,0.081543,10240,9913704,326,57328,23,293,23,293
13160,37.734,23.39,7.47077,7.335449,0.13532,7.432251,7.2854,0.185369,1001.0117,0.856348,0.887606,352.3367,0.108789,0.806543,0.084668,10240,10250360,351,57349,22,293,22,293
13180,37.799,23.435,7.475673,7.343018,0.132655,7.419067,7.279663,0.19601,1022.8439,0.850781,0.890407,369.8972,0.111621,0.80166,0.086719,10240,10473922,300,57318,22,293,22,293
13200,37.865,23.48,7.47252,7.332886,0.139635,7.407227,7.273682,0.198839,1035.8001,0.852344,0.891629,370.8709,0.113086,0.798633,0.088281,10240,10606593,328,57265,19,293,19,293
13220,37.931,23.525,7.47262,7.314941,0.157679,7.406128,7.266479,0.206141,1034.6363,0.836523,0.892011,358.283,0.112891,0.797168,0.089941,10240,10594676,301,57195,19,293,19,293
13240,38.001,23.57,7.475214,7.312134,0.16308,7.412476,7.274902,0.200312,1050.7939,0.841406,0.89283,362.1513,0.115039,0.808203,0.076758,10240,10760130,304,57306,17,293,17,293
13260,38.067,23.615,7.476368,7.312744,0.163624,7.425659,7.281982,0.194386,1048.3628,0.84502,0.892145,359.0852,0.114453,0.811328,0.074219,10240,10735235,328,57293,18,293,18,293
13280,38.133,23.66,7.477894,7.327393,0.150501,7.416992,7.289185,0.188709,1055.8378,0.838477,0.892606,355.6216,0.11543,0.815234,0.069336,10240,10811779,333,57316,18,293,18,293
13300,38.198,23.704,7.476455,7.339966,0.136489,7.418701,7.291016,0.185439,1032.0932,0.838086,0.889244,339.171,0.112598,0.825781,0.061621,10240,10568634,328,57390,19,293,19,293
13320,38.261,23.746,7.472227,7.324463,0.147764,7.428589,7.30249,0.169736,1017.68,0.840039,0.887454,343.1451,0.110645,0.827637,0.061719,10240,10421043,323,57453,18,293,18,293
13340,38.332,23.796,7.466079,7.32959,0.136489,7.428101,7.296631,0.169448,1006.2542,0.83916,0.88595,349.0125,0.109277,0.83252,0.058203,10240,10304043,329,57495,16,293,16,293
13360,38.397,23.84,7.466776,7.317017,0.14976,7.419678,7.287842,0.178935,992.2108,0.835449,0.883786,353.1895,0.10752,0.838281,0.054199,10240,10160239,308,57416,17,293,17,293
13380,38.458,23.881,7.462319,7.321777,0.140542,7.432617,7.28418,0.17814,994.6909,0.845508,0.883571,352.1092,0.107812,0.843164,0.049023,10240,10185635,338,57423,16,293,16,293
13400,38.521,23.923,7.460295,7.342407,0.117887,7.431152,7.290283,0.170012,1003.8643,0.83916,0.884281,355.2784,0.108887,0.847266,0.043848,10240,10279570,294,57519,16,293,16,293
13420,38.587,23.969,7.461766,7.338257,0.123509,7.43457,7.303101,0.158665,1003.1451,0.839258,0.884508,357.6886,0.108789,0.84082,0.050391,10240,10272206,296,57574,16,293,16,293
13440,38.656,24.017,7.465434,7.351196,0.114237,7.44165,7.304688,0.160746,1001.2881,0.830762,0.88483,355.568,0.108691,0.836621,0.054688,10240,10253190,319,57537,20,296,20,296
13460,38.72,24.061,7.470309,7.333374,0.136935,7.44873,7.309814,0.160495,998.869,0.825684,0.885216,360.3837,0.108398,0.831934,0.059668,10240,10228419,312,57544,22,298,22,298
13480,38.781,24.102,7.467736,7.354736,0.113,7.443848,7.314819,0.152917,991.6001,0.825488,0.884203,345.946,0.107422,0.830078,0.0625,10240,10153985,336,57574,24,298,24,298
13500,38.845,24.143,7.459287,7.353638,0.10565,7.450073,7.307129,0.152158,997.7103,0.819531,0.885412,347.3727,0.108008,0.825293,0.066699,10240,10216553,286,57633,22,298,22,298
13520,38.909,24.186,7.445203,7.343262,0.101941,7.425171,7.290405,0.154797,1010.9206,0.824707,0.886715,345.8204,0.109863,0.829395,0.060742,10240,10351827,321,57585,21,298,21,298
13540,38.972,24.228,7.434769,7.323975,0.110794,7.421021,7.287842,0.146927,985.4323,0.828906,0.883878,333.6193,0.106738,0.828613,0.064648,10240,10090827,333,57650,22,298,22,298
13560,39.034,24.27,7.425225,7.322754,0.102471,7.415283,7.278076,0.147149,979.2002,0.824707,0.883164,330.3538,0.105762,0.830469,0.06377,10240,10027010,299,57608,21,298,21,298
13580,39.111,24.309,7.427979,7.328857,0.099122,7.415527,7.296875,0.131104,942.5354,0.822266,0.878289,328.6938,0.10127,0.836426,0.062305,10240,9651563,328,57678,18,298,18,298
13600,39.173,24.351,7.427591,7.31665,0.110941,7.424072,7.297363,0.130228,958.0948,0.83252,0.880431,332.8592,0.103223,0.834082,0.062695,10240,9810891,317,57639,18,298,18,298
13620,39.234,24.392,7.436039,7.32312,0.112919,7.4198,7.303589,0.13245,973.1704,0.828418,0.882254,328.7676,0.104883,0.835645,0.059473,10240,9965265,307,57600,19,298,19,298
13640,39.299,24.435,7.440046,7.33252,0.107526,7.435059,7.307739,0.132306,1007.6478,0.82041,0.886605,329.2333,0.108984,0.825879,0.065137,10240,10318313,328,57703,19,298,19,298
13660,39.361,24.477,7.444294,7.349854,0.094441,7.434692,7.303711,0.140583,1019.8151,0.817188,0.888325,331.8254,0.110938,0.819141,0.069922,10240,10442907,292,57663,19,298,19,298
13680,39.424,24.52,7.446354,7.319458,0.126896,7.41748,7.289185,0.157169,1010.0591,0.819531,0.887306,330.4208,0.109375,0.818066,0.072559,10240,10343005,333,57513,18,298,18,298
13700,39.488,24.562,7.437463,7.307251,0.130212,7.391846,7.27356,0.163904,1002.3064,0.827051,0.886525,319.8881,0.108594,0.816504,0.074902,10240,10263618,312,57399,18,298,18,298
13720,39.55,24.603,7.443444,7.305786,0.137658,7.389282,7.268921,0.174523,989.7092,0.827637,0.884767,316.7802,0.107031,0.822559,0.07041,10240,10134622,308,57320,18,298,18,298
13740,39.617,24.649,7.447024,7.3125,0.134524,7.393921,7.266357,0.180667,997.9645,0.832812,0.885656,327.9796,0.108203,0.820117,0.07168,10240,10219156,322,57327,19,298,19,298
13760,39.68,24.69,7.431666,7.281372,0.150294,7.385376,7.259155,0.17251,954.8128,0.826562,0.880676,324.1223,0.10293,0.819824,0.077246,10240,9777283,335,57365,16,298,16,298
13780,39.741,24.731,7.430918,7.277954,0.152964,7.369385,7.258179,0.172739,950.8924,0.828516,0.879438,318.7832,0.102539,0.829004,0.068457,10240,9737138,325,57381,15,298,15,298
13800,39.802,24.77,7.445216,7.289429,0.155787,7.39502,7.27124,0.173975,936.9721,0.823438,0.877465,312.8457,0.100488,0.830078,0.069434,10240,9594594,315,57467,15,298,15,298
13820,39.863,24.811,7.448979,7.292847,0.156133,7.401367,7.277344,0.171636,954.3312,0.821094,0.879675,331.5318,0.102832,0.834473,0.062695,10240,9772352,306,57450,16,298,16,298
13840,39.925,24.852,7.441789,7.307007,0.134782,7.3927,7.278931,0.162858,974.4276,0.816113,0.881498,339.8494,0.105176,0.836816,0.058008,10240,9978139,331,57476,15,298,15,298
13860,39.985,24.891,7.444411,7.320068,0.124342,7.403198,7.288086,0.156325,948.7673,0.808203,0.878682,325.027,0.101855,0.832031,0.066113,10240,9715377,307,57528,15,298,15,298
13880,40.047,24.932,7.447119,7.30603,0.141089,7.412598,7.283203,0.163916,939.2409,0.807617,0.877197,333.1421,0.100684,0.834082,0.065234,10240,9617827,291,57506,14,299,14,299
13900,40.108,24.972,7.451982,7.311401,0.140581,7.404907,7.289307,0.162676,925.6367,0.801953,0.875238,336.2678,0.09873,0.839355,0.061914,10240,9478520,319,57497,13,299,13,299
13920,40.177,25.014,7.453232,7.320435,0.132798,7.410889,7.291992,0.16124,960.6597,0.806738,0.879376,336.7419,0.102832,0.845215,0.051953,10240,9837155,337,57545,13,299,13,299
13940,40.239,25.054,7.458901,7.320068,0.138832,7.427734,7.297363,0.161537,955.1628,0.817188,0.878345,336.6145,0.102051,0.84668,0.05127,10240,9780867,315,57518,16,299,16,299
13960,40.302,25.095,7.451431,7.31543,0.136001,7.419312,7.289673,0.161758,970.3438,0.816797,0.880401,336.0828,0.104102,0.846484,0.049414,10240,9936320,353,57539,16,300,16,300
13980,40.363,25.136,7.446762,7.332153,0.114608,7.423584,7.29126,0.155502,967.5835,0.820215,0.879837,331.9502,0.103711,0.845215,0.051074,10240,9908055,289,57550,18,300,18,300
14000,40.429,25.179,7.452525,7.326416,0.126109,7.429443,7.289062,0.163463,996.2419,0.815527,0.883344,341.9845,0.107422,0.838867,0.053711,10240,10201517,294,57520,16,300,16,300
14020,40.492,25.22,7.45386,7.322998,0.130862,7.430786,7.288086,0.165774,989.7664,0.823535,0.882843,338.915,0.106348,0.839648,0.054004,10240,10135208,302,57520,16,300,16,300
14040,40.556,25.261,7.448864,7.341309,0.107555,7.430786,7.290161,0.158702,1005.6629,0.817285,0.884765,340.3032,0.108594,0.837012,0.054395,10240,10297988,328,57561,17,301,17,301
14060,40.621,25.306,7.44153,7.331909,0.109621,7.422119,7.294922,0.146608,1018.0991,0.809961,0.887112,353.4213,0.10957,0.828906,0.061523,10240,10425335,305,57590,17,301,17,301
14080,40.686,25.35,7.443027,7.335938,0.107089,7.423462,7.299438,0.143588,1023.7854,0.81123,0.887945,357.4248,0.110352,0.827246,0.062402,10240,10483563,332,57578,18,301,18,301
14100,40.75,25.393,7.438413,7.33374,0.104673,7.406006,7.289062,0.149351,1041.1176,0.80752,0.889364,366.7023,0.112793,0.828223,0.058984,10240,10661044,334,57507,18,301,18,301
14120,40.813,25.436,7.441459,7.331299,0.110161,7.421875,7.298706,0.142753,1053.0363,0.813477,0.890915,354.4437,0.114258,0.825391,0.060352,10240,10783092,320,57581,18,301,18,301
14140,40.879,25.48,7.428996,7.319336,0.10966,7.404053,7.28418,0.144816,1069.4748,0.81416,0.893054,359.699,0.116309,0.817188,0.066504,10240,10951422,326,57565,20,302,20,302
14160,40.945,25.524,7.416759,7.322266,0.094493,7.403564,7.280396,0.136363,1068.8147,0.810254,0.893117,351.8704,0.116504,0.819043,0.064453,10240,10944663,314,57578,19,302,19,302
14180,41.01,25.568,7.415422,7.298218,0.117204,7.394531,7.282959,0.132463,1040.2527,0.803027,0.890288,340.7021,0.112598,0.820898,0.066504,10240,10652188,314,57560,20,302,20,302
14200,41.074,25.611,7.414508,7.322266,0.092242,7.407837,7.292847,0.121661,1053.2166,0.799902,0.892033,364.6831,0.115039,0.813184,0.071777,10240,10784938,330,57622,21,303,21,303
14220,41.14,25.656,7.41276,7.336426,0.076335,7.40332,7.296631,0.11613,1052.2212,0.797168,0.892008,367.617,0.114648,0.811328,0.074023,10240,10774745,362,57668,22,303,22,303
14240,41.207,25.701,7.407049,7.31189,0.095159,7.39624,7.294434,0.112615,1056.3979,0.797363,0.892255,371.6903,0.115039,0.816113,0.068848,10240,10817514,342,57598,25,306,25,306
14260,41.271,25.744,7.40547,7.301636,0.103834,7.383179,7.281372,0.124098,1053.1592,0.79248,0.89165,360.0406,0.114648,0.819922,0.06543,10240,10784350,299,57526,25,306,25,306
14280,41.335,25.788,7.40343,7.302612,0.100817,7.389038,7.280762,0.122668,1050.0924,0.794336,0.890699,361.643,0.113965,0.821875,0.06416,10240,10752946,311,57530,24,306,24,306
14300,41.398,25.83,7.401487,7.312744,0.088743,7.391846,7.282715,0.118772,1040.9741,0.79541,0.890316,352.9295,0.113086,0.818555,0.068359,10240,10659575,294,57590,20,306,20,306
14320,41.46,25.871,7.404104,7.317505,0.086599,7.388428,7.286621,0.117483,1001.533,0.802344,0.88633,342.9323,0.108496,0.816211,0.075293,10240,10255698,374,57609,19,306,19,306
14340,41.522,25.914,7.404276,7.30542,0.098856,7.381836,7.279785,0.12449,1030.6012,0.808887,0.889722,357.5479,0.112207,0.813867,0.073926,10240,10553356,299,57537,19,306,19,306
14360,41.592,25.962,7.391572,7.292114,0.099458,7.370605,7.268921,0.122651,1051.3184,0.805371,0.891488,371.1866,0.114941,0.816895,0.068164,10240,10765500,315,57549,20,309,20,309
14380,41.656,26.005,7.386983,7.264893,0.12209,7.357422,7.251953,0.13503,1044.151,0.806641,0.890222,371.5876,0.113965,0.821484,0.064551,10240,10692106,314,57428,19,309,19,309
14400,41.724,26.052,7.376416,7.266479,0.109936,7.349976,7.245361,0.131054,1040.5284,0.821191,0.889355,376.1466,0.113379,0.827734,0.058887,10240,10655011,302,57465,19,309,19,309
14420,41.791,26.098,7.376877,7.275757,0.10112,7.355591,7.250122,0.126755,1080.3907,0.814062,0.893719,379.4912,0.118457,0.826367,0.055176,10240,11063201,296,57521,18,309,18,309
14440,41.862,26.144,7.378708,7.265015,0.113693,7.345581,7.247803,0.130905,1073.5615,0.814844,0.893082,385.4053,0.117285,0.824023,0.058691,10240,10993270,326,57513,15,309,15,309
14460,41.927,26.187,7.38028,7.279541,0.100739,7.343384,7.24353,0.136749,1054.9533,0.811816,0.891593,377.1107,0.114941,0.819238,0.06582,10240,10802722,305,57483,15,309,15,309
14480,41.989,26.23,7.388748,7.299316,0.089431,7.363037,7.255005,0.133743,1027.4253,0.815625,0.888293,360.8992,0.111719,0.825195,0.063086,10240,10520835,305,57520,15,309,15,309
14500,42.052,26.272,7.385804,7.264771,0.121033,7.349121,7.245728,0.140076,1004.6512,0.812109,0.884935,365.9762,0.108203,0.837891,0.053906,10240,10287628,298,57347,15,309,15,309
14520,42.116,26.315,7.395106,7.293091,0.102015,7.360474,7.266357,0.128748,1019.5528,0.819922,0.886503,371.399,0.11084,0.837402,0.051758,10240,10440221,311,57417,15,311,15,311
14540,42.183,26.359,7.403714,7.294312,0.109403,7.367554,7.266968,0.136746,1008.6274,0.824805,0.885219,362.7932,0.109082,0.841309,0.049609,10240,10328345,311,57418,16,311,16,311
14560,42.247,26.402,7.409515,7.299927,0.109588,7.372803,7.270386,0.139129,1022.4747,0.826953,0.886961,368.2436,0.111035,0.837012,0.051953,10240,10470141,311,57422,14,311,14,311
14580,42.311,26.444,7.415083,7.283447,0.131636,7.365112,7.272583,0.1425,1003.668,0.830566,0.884029,347.36,0.108594,0.84541,0.045996,10240,10277560,318,57341,14,311,14,311
14600,42.373,26.486,7.424659,7.308594,0.116065,7.387085,7.278809,0.14585,1004.4057,0.824707,0.884134,354.3001,0.108789,0.849219,0.041992,10240,10285114,306,57399,15,311,15,311
14620,42.442,26.533,7.420953,7.301392,0.119561,7.376709,7.272339,0.148614,970.2659,0.822949,0.879631,335.2971,0.10459,0.851367,0.044043,10240,9935523,304,57382,16,311,16,311
14640,42.504,26.573,7.421764,7.308228,0.113537,7.369507,7.273315,0.148449,957.4876,0.821973,0.877984,335.7851,0.103027,0.849707,0.047266,10240,9804673,317,57403,19,311,19,311
14660,42.57,26.614,7.426283,7.296631,0.129652,7.37915,7.271118,0.155165,937.7889,0.825098,0.875688,332.7287,0.100684,0.849609,0.049707,10240,9602958,311,57356,19,313,19,313
14680,42.631,26.655,7.424768,7.296021,0.128748,7.373413,7.266602,0.158166,956.8804,0.827832,0.878295,330.1165,0.102832,0.847266,0.049902,10240,9798455,289,57325,20,313,20,313
14700,42.694,26.696,7.429463,7.292969,0.136495,7.368896,7.267822,0.161641,942.3064,0.838184,0.876103,326.4061,0.100977,0.849316,0.049707,10240,9649218,313,57310,21,313,21,313
14720,42.753,26.736,7.428434,7.300537,0.127896,7.376221,7.273193,0.15524,929.7324,0.840039,0.874684,328.1474,0.099609,0.851855,0.048535,10240,9520460,334,57342,22,313,22,313
14740,42.813,26.776,7.428904,7.275269,0.153635,7.355713,7.262695,0.166208,942.2678,0.82998,0.876933,331.0976,0.100977,0.841895,0.057129,10240,9648822,319,57179,22,313,22,313
14760,42.876,26.818,7.420479,7.284912,0.135567,7.346436,7.261108,0.159371,921.0595,0.830371,0.873402,322.5892,0.098438,0.850684,0.050879,10240,9431649,298,57222,23,315,23,315
14780,42.934,26.857,7.42687,7.273438,0.153432,7.351807,7.256226,0.170644,889.4614,0.845898,0.868534,315.1886,0.094531,0.856445,0.049023,10240,9108085,321,57185,24,315,24,315
14800,42.992,26.894,7.437212,7.27478,0.162432,7.359497,7.266357,0.170855,876.4398,0.85166,0.866517,305.2456,0.093066,0.859082,0.047852,10240,8974744,322,57175,25,315,25,315
14820,43.05,26.932,7.436506,7.285522,0.150983,7.369019,7.263794,0.172712,867.5588,0.85625,0.864794,296.1421,0.091895,0.861816,0.046289,10240,8883802,304,57251,24,315,24,315
14840,43.108,26.97,7.426946,7.272949,0.153996,7.351685,7.259277,0.167668,879.9219,0.855078,0.866569,299.656,0.093457,0.859668,0.046875,10240,9010400,278,57214,24,315,24,315
14860,43.171,27.011,7.427605,7.282104,0.1455,7.361816,7.259888,0.167717,874.8748,0.86123,0.865516,298.0271,0.092871,0.864648,0.04248,10240,8958718,332,57237,24,316,24,316
14880,43.23,27.049,7.436264,7.288452,0.147812,7.375488,7.265137,0.171127,859.1584,0.855957,0.863364,290.818,0.091016,0.859473,0.049512,10240,8797782,334,57220,25,316,25,316
14900,43.288,27.086,7.415607,7.272339,0.143268,7.361572,7.260254,0.155353,870.1089,0.850391,0.86481,286.9123,0.092188,0.863477,0.044336,10240,8909915,295,57234,24,316,24,316
14920,43.349,27.126,7.408491,7.265015,0.143476,7.342163,7.241699,0.166792,855.922,0.852539,0.862221,291.3104,0.09043,0.866797,0.042773,10240,8764641,334,57162,23,316,23,316
14940,43.406,27.164,7.401065,7.261475,0.13959,7.340088,7.242188,0.158877,855.478,0.860938,0.861654,299.1196,0.090234,0.87373,0.036035,10240,8760095,327,57280,23,316,23,316
14960,43.464,27.201,7.386049,7.21814,0.167909,7.30896,7.202393,0.183657,870.4207,0.876562,0.863653,305.2713,0.091992,0.877539,0.030469,10240,8913108,270,57033,25,316,25,316
14980,43.522,27.24,7.383419,7.220093,0.163326,7.30896,7.209839,0.17358,890.2241,0.886523,0.866814,317.5553,0.094531,0.876465,0.029004,10240,9115895,288,57121,24,316,24,316
15000,43.585,27.282,7.370498,7.212891,0.157607,7.29541,7.202637,0.167861,855.7136,0.893945,0.861465,309.5019,0.090332,0.875195,0.034473,10240,8762507,319,57147,26,316,26,316
15020,43.642,27.319,7.373518,7.220459,0.153059,7.286987,7.203979,0.169539,833.7772,0.885742,0.858476,297.8254,0.0875,0.867969,0.044531,10240,8537879,367,57139,26,316,26,316
15040,43.7,27.357,7.372367,7.233398,0.138969,7.312256,7.21582,0.156547,848.7559,0.882617,0.86043,290.8503,0.089355,0.872754,0.037891,10240,8691260,330,57244,29,316,29,316
15060,43.757,27.394,7.376442,7.227905,0.148537,7.320923,7.220459,0.155983,836.2217,0.881445,0.858507,286.3471,0.087793,0.872461,0.039746,10240,8562910,340,57279,29,316,29,316
15080,43.841,27.446,7.395614,7.251343,0.144271,7.341431,7.231323,0.164291,837.3558,0.877734,0.858568,282.0529,0.087988,0.875781,0.03623,10240,8574523,368,57301,28,316,28,316
15100,43.922,27.503,7.385287,7.242065,0.143222,7.331055,7.221191,0.164096,846.56,0.879395,0.859883,287.2915,0.088965,0.875195,0.03584,10240,8668774,286,57303,28,316,28,316
15120,43.979,27.54,7.40071,7.247681,0.15303,7.345215,7.233887,0.166824,863.957,0.879102,0.862832,283.9,0.091211,0.875586,0.033203,10240,8846920,314,57323,27,316,27,316
15140,44.038,27.579,7.40296,7.275391,0.127569,7.345459,7.23645,0.166509,854.2506,0.874414,0.86151,282.5102,0.090137,0.86875,0.041113,10240,8747526,299,57297,27,316,27,316
15160,44.1,27.62,7.40725,7.250366,0.156884,7.342651,7.233765,0.173486,869.0249,0.874707,0.864353,290.035,0.091895,0.863477,0.044629,10240,8898815,333,57322,26,316,26,316
15180,44.158,27.658,7.405173,7.261841,0.143333,7.353149,7.237915,0.167258,853.9641,0.875098,0.861895,280.2706,0.090137,0.868164,0.041699,10240,8744592,348,57361,27,316,27,316
15200,44.216,27.695,7.39903,7.258911,0.140119,7.341797,7.234619,0.164411,833.7586,0.87373,0.858864,278.06,0.0875,0.869238,0.043262,10240,8537688,334,57373,25,316,25,316
15220,44.276,27.734,7.394255,7.245728,0.148527,7.336426,7.223999,0.170256,817.0579,0.883984,0.856111,275.4906,0.085352,0.869336,0.045312,10240,8366673,300,57296,29,318,29,318
15240,44.332,27.77,7.391182,7.253784,0.137397,7.344727,7.229126,0.162056,809.3854,0.880664,0.854599,267.3835,0.084375,0.869531,0.046094,10240,8288106,309,57384,27,318,27,318
15260,44.387,27.806,7.40024,7.250488,0.149752,7.347046,7.236572,0.163668,800.1624,0.87373,0.852063,263.943,0.083496,0.876172,0.040332,10240,8193663,314,57366,26,318,26,318
15280,44.445,27.843,7.404825,7.260132,0.144693,7.35083,7.244873,0.159952,830.479,0.883691,0.857573,280.3222,0.087305,0.876074,0.036621,10240,8504105,312,57448,26,318,26,318
15300,44.501,27.88,7.415431,7.273193,0.142238,7.359131,7.245117,0.170314,829.425,0.884961,0.858089,282.0036,0.087109,0.869629,0.043262,10240,8493312,313,57403,26,318,26,318
15320,44.561,27.916,7.415069,7.281616,0.133453,7.359497,7.241089,0.17398,812.4466,0.877344,0.854518,281.5734,0.084961,0.874512,0.040527,10240,8319453,308,57405,27,318,27,318
15340,44.62,27.954,7.426172,7.282104,0.144067,7.37207,7.259155,0.167016,780.8271,0.876562,0.848363,278.2538,0.081055,0.878613,0.040332,10240,7995669,334,57454,25,318,25,318
15360,44.678,27.992,7.424144,7.29248,0.131663,7.378052,7.26001,0.164134,787.6104,0.870215,0.85024,277.7481,0.081641,0.871777,0.046582,10240,8065130,331,57476,22,318,22,318
15380,44.735,28.028,7.420286,7.276367,0.143918,7.38208,7.259766,0.16052,770.4898,0.861719,0.847349,270.2916,0.079395,0.868848,0.051758,10240,7889816,329,57532,22,318,22,318
15400,44.792,28.065,7.43319,7.281372,0.151818,7.397705,7.262695,0.170495,806.4209,0.853516,0.854588,283.3628,0.083691,0.862012,0.054297,10240,8257750,293,57559,21,318,21,318
15420,44.849,28.102,7.432625,7.281616,0.151009,7.38501,7.25354,0.179085,847.336,0.851855,0.861947,312.3691,0.089062,0.85918,0.051758,10240,8676721,294,57466,22,318,22,318
15440,44.909,28.141,7.436119,7.294556,0.141564,7.386963,7.25061,0.185509,858.2727,0.84502,0.864624,316.4955,0.09043,0.850195,0.059375,10240,8788712,279,57436,21,318,21,318
15460,44.966,28.178,7.428897,7.259521,0.169375,7.356445,7.216431,0.212466,821.4316,0.85459,0.858407,304.369,0.085645,0.849121,0.065234,10240,8411460,340,57209,21,318,21,318
15480,45.026,28.216,7.435501,7.24707,0.188431,7.353516,7.208008,0.227493,857.4323,0.851562,0.864682,326.0971,0.09043,0.847656,0.061914,10240,8780107,325,57133,21,318,21,318
15500,45.084,28.254,7.434125,7.246826,0.187299,7.357422,7.199585,0.23454,860.905,0.860742,0.864497,320.8735,0.090527,0.852539,0.056934,10240,8815667,301,57105,21,318,21,318
15520,45.145,28.294,7.409555,7.2323,0.177255,7.333862,7.186646,0.22291,877.1717,0.860547,0.867865,331.8866,0.092676,0.84541,0.061914,10240,8982238,307,57158,21,319,21,319
15540,45.207,28.335,7.405511,7.261108,0.144403,7.335449,7.197144,0.208368,888.2134,0.862793,0.869782,334.1256,0.094336,0.843555,0.062109,10240,9095305,293,57274,22,319,22,319
15560,45.266,28.375,7.398278,7.232056,0.166222,7.338623,7.194946,0.203332,915.7445,0.86748,0.873051,348.1984,0.097559,0.850195,0.052246,10240,9377224,317,57233,22,321,22,321
15580,45.327,28.415,7.400622,7.238525,0.162097,7.325073,7.188599,0.212024,918.7905,0.879688,0.872865,349.5079,0.097949,0.855176,0.046875,10240,9408415,306,57191,21,321,21,321
15600,45.388,28.455,7.405743,7.210938,0.194805,7.335449,7.181274,0.224469,928.4067,0.88418,0.87397,359.3087,0.099316,0.859082,0.041602,10240,9506885,314,57160,19,321,19,321
15620,45.451,28.497,7.400469,7.227661,0.172808,7.326172,7.176392,0.224077,904.7355,0.886914,0.869813,351.8459,0.096387,0.866992,0.036621,10240,9264492,275,57152,17,321,17,321
15640,45.567,28.575,7.39548,7.220947,0.174532,7.314819,7.180298,0.215182,886.3908,0.896875,0.866672,350.3128,0.094141,0.874805,0.031055,10240,9076642,322,57227,17,321,17,321
15660,45.631,28.618,7.388072,7.241577,0.146495,7.337036,7.194824,0.193248,893.2365,0.902148,0.867554,353.8016,0.095117,0.875293,0.02959,10240,9146742,307,57314,18,321,18,321
15680,45.691,28.657,7.37861,7.244995,0.133614,7.339355,7.193848,0.184762,881.4767,0.897754,0.866015,340.5063,0.093457,0.872363,0.03418,10240,9026321,306,57384,20,321,20,321
15700,45.748,28.694,7.385509,7.254395,0.131115,7.341797,7.203979,0.18153,837.1916,0.903516,0.858179,323.9488,0.087891,0.882715,0.029395,10240,8572842,309,57446,21,321,21,321
15720,45.808,28.734,7.385265,7.255493,0.129772,7.348267,7.205444,0.179821,823.1396,0.915625,0.856012,314.3679,0.086426,0.880762,0.032812,10240,8428950,314,57497,22,321,22,321
15740,45.868,28.773,7.392315,7.252563,0.139752,7.360962,7.214844,0.177471,828.4202,0.911719,0.856903,319.3432,0.087012,0.881348,0.031641,10240,8483023,308,57525,24,321,24,321
15760,45.927,28.812,7.388393,7.267578,0.120815,7.353149,7.225708,0.162685,834.1506,0.913867,0.857942,323.8038,0.087793,0.87832,0.033887,10240,8541702,313,57584,25,321,25,321
15780,45.984,28.849,7.367669,7.244629,0.12304,7.334839,7.207886,0.159783,822.6068,0.917773,0.856856,317.7271,0.086426,0.866406,0.047168,10240,8423494,315,57597,25,321,25,321
15800,46.043,28.888,7.357901,7.216309,0.141592,7.321411,7.200195,0.157706,864.0087,0.91875,0.863524,337.751,0.091504,0.866113,0.042383,10240,8847449,301,57587,25,321,25,321
15820,46.104,28.926,7.366694,7.247192,0.119501,7.32251,7.211792,0.154902,858.686,0.922461,0.861988,338.8156,0.09082,0.875,0.03418,10240,8792945,325,57644,25,322,25,322
15840,46.163,28.963,7.361364,7.261108,0.100256,7.334351,7.206909,0.154455,821.3649,0.918848,0.856091,305.0582,0.08623,0.878906,0.034863,10240,8410777,289,57622,25,322,25,322
15860,46.223,29.002,7.357847,7.214478,0.143369,7.315308,7.190918,0.166929,825.4969,0.918848,0.85591,307.8042,0.086719,0.88252,0.030762,10240,8453088,333,57554,23,322,23,322
15880,46.283,29.041,7.34235,7.221191,0.121159,7.3125,7.184692,0.157658,809.9755,0.922363,0.85347,284.5463,0.084766,0.877832,0.037402,10240,8294149,316,57611,21,322,21,322
15900,46.341,29.078,7.33276,7.198975,0.133786,7.301514,7.171997,0.160763,812.4313,0.919629,0.853923,285.1714,0.085059,0.879297,0.035645,10240,8319297,327,57553,20,322,20,322
15920,46.402,29.118,7.319259,7.196289,0.12297,7.288086,7.161377,0.157882,821.6258,0.927246,0.854494,287.6177,0.086133,0.886914,0.026953,10240,8413448,315,57546,19,322,19,322
15940,46.461,29.156,7.321763,7.190186,0.131577,7.291992,7.169312,0.152451,815.6688,0.931641,0.853338,284.0864,0.085352,0.889746,0.024902,10240,8352448,336,57565,18,322,18,322
15960,46.519,29.193,7.333541,7.225708,0.107833,7.314087,7.185303,0.148238,831.9313,0.92998,0.856731,297.6004,0.0875,0.883789,0.028711,10240,8518977,333,57674,18,322,18,322
15980,46.587,29.241,7.330802,7.22522,0.105583,7.312622,7.184326,0.146476,825.8281,0.928906,0.855881,299.8712,0.086719,0.880957,0.032324,10240,8456480,289,57614,18,322,18,322
16000,46.648,29.279,7.330993,7.232666,0.098327,7.30957,7.189209,0.141784,817.4645,0.930859,0.854756,297.4455,0.085742,0.878223,0.036035,10240,8370836,330,57645,18,322,18,322
16020,46.71,29.319,7.347644,7.248413,0.099231,7.340942,7.210083,0.137561,823.7852,0.934766,0.856018,298.6051,0.086523,0.873633,0.039844,10240,8435560,358,57692,18,322,18,322
16040,46.77,29.359,7.351534,7.233643,0.117892,7.321777,7.204102,0.147433,845.4387,0.927246,0.860542,314.3484,0.089062,0.867969,0.042969,10240,8657292,301,57567,18,322,18,322
16060,46.829,29.396,7.33227,7.214478,0.117792,7.317627,7.190796,0.141474,812.1943,0.924219,0.855718,295.557,0.085059,0.858984,0.055957,10240,8316870,305,57592,19,322,19,322
16080,46.886,29.433,7.328597,7.226929,0.101668,7.299194,7.171631,0.156966,825.8867,0.912695,0.858823,298.1748,0.086816,0.85127,0.061914,10240,8457080,305,57460,19,322,19,322
16100,46.947,29.473,7.320169,7.19458,0.125589,7.27417,7.156982,0.163186,847.5144,0.922168,0.861358,301.6443,0.089453,0.85791,0.052637,10240,8678547,337,57336,19,322,19,322
16120,47.006,29.51,7.310613,7.179688,0.130926,7.255249,7.136841,0.173772,840.3234,0.925391,0.859828,297.298,0.088281,0.8625,0.049219,10240,8604912,315,57248,19,322,19,322
16140,47.066,29.549,7.310162,7.171753,0.138409,7.260864,7.133301,0.176862,826.8996,0.924512,0.857643,298.9353,0.086816,0.863477,0.049707,10240,8467452,314,57283,18,322,18,322
16160,47.126,29.585,7.31364,7.171509,0.142131,7.258667,7.136963,0.176677,792.0114,0.927344,0.85172,282.9542,0.08252,0.859863,0.057617,10240,8110197,313,57252,20,322,20,322
16180,47.183,29.622,7.310763,7.154419,0.156344,7.270264,7.133179,0.177584,774.7426,0.922949,0.848941,264.0772,0.080566,0.859473,0.059961,10240,7933364,338,57298,18,322,18,322
16200,47.239,29.656,7.308091,7.174072,0.134019,7.259399,7.12915,0.178941,765.02,0.916016,0.847675,258.0687,0.079395,0.856934,0.063672,10240,7833805,295,57300,18,322,18,322
16220,47.313,29.698,7.323805,7.182983,0.140822,7.278809,7.136597,0.187209,766.2503,0.917578,0.848245,262.9741,0.079297,0.85332,0.067383,10240,7846403,342,57232,18,322,18,322
16240,47.386,29.751,7.341325,7.184814,0.156511,7.286499,7.150024,0.191301,773.2223,0.916602,0.849798,264.5421,0.080469,0.854199,0.065332,10240,7917796,285,57234,20,322,20,322
16260,47.443,29.787,7.330224,7.162476,0.167748,7.25769,7.137329,0.192895,809.5507,0.916797,0.855571,270.2718,0.084961,0.859668,0.055371,10240,8289799,314,57162,20,322,20,322
16280,47.502,29.825,7.3339,7.190308,0.143592,7.267822,7.14856,0.18534,808.8204,0.916797,0.854724,263.1533,0.084473,0.867676,0.047852,10240,8282321,323,57157,19,322,19,322
16300,47.563,29.86,7.344183,7.181641,0.162543,7.282715,7.15979,0.184393,776.445,0.919141,0.84778,255.6125,0.080566,0.874414,0.04502,10240,7950797,325,57217,17,322,17,322
16320,47.619,29.895,7.353347,7.179688,0.173659,7.292358,7.160767,0.19258,761.7209,0.923926,0.845245,248.9459,0.078711,0.868652,0.052637,10240,7800022,337,57168,17,322,17,322
16340,47.675,29.931,7.349798,7.196533,0.153265,7.2948,7.164917,0.184881,745.8007,0.925879,0.841576,244.0135,0.07666,0.86875,0.05459,10240,7636999,293,57202,18,322,18,322
16360,47.729,29.965,7.344264,7.177612,0.166652,7.287109,7.160278,0.183986,727.5415,0.922363,0.838142,240.6216,0.074414,0.867285,0.058301,10240,7450025,286,57205,17,322,17,322
16380,47.785,30.001,7.349348,7.205078,0.14427,7.306885,7.177368,0.17198,721.9318,0.924023,0.837471,239.4697,0.073828,0.861914,0.064258,10240,7392582,311,57335,19,323,19,323
16400,47.839,30.034,7.338336,7.198364,0.139972,7.288574,7.158325,0.180011,724.5353,0.920996,0.839211,232.9193,0.074316,0.852734,0.072949,10240,7419241,307,57323,19,323,19,323
16420,47.895,30.07,7.343799,7.175415,0.168384,7.283081,7.151123,0.192676,743.3678,0.91084,0.845666,244.3645,0.07666,0.829004,0.094336,10240,7612086,314,57196,20,323,20,323
16440,47.951,30.105,7.323217,7.169922,0.153296,7.260376,7.131226,0.191992,774.0878,0.908594,0.852539,257.572,0.080469,0.823145,0.096387,10240,7926659,322,57088,19,323,19,323
16460,48.009,30.14,7.313698,7.146118,0.16758,7.232178,7.109009,0.204689,771.2558,0.905469,0.852505,254.2723,0.080176,0.82168,0.098145,10240,7897659,303,57052,21,323,21,323
16480,48.069,30.18,7.331875,7.154785,0.177089,7.251099,7.108765,0.22311,787.146,0.907715,0.855965,260.8917,0.082031,0.816113,0.101855,10240,8060375,294,57087,21,323,21,323
16500,48.126,30.215,7.332007,7.138794,0.193213,7.254639,7.099609,0.232397,786.5103,0.895508,0.858446,254.455,0.082324,0.788672,0.129004,10240,8053865,322,57076,23,323,23,323
16520,48.197,30.252,7.343754,7.156372,0.187382,7.266113,7.104492,0.239262,778.8053,0.889355,0.857192,256.7939,0.081055,0.787598,0.131348,10240,7974966,308,57003,22,323,22,323
16540,48.258,30.288,7.334572,7.174438,0.160133,7.261719,7.108154,0.226417,792.4863,0.876855,0.861561,259.9118,0.083203,0.776953,0.139844,10240,8115060,307,57047,23,323,23,323
16560,48.315,30.323,7.328429,7.128052,0.200377,7.217529,7.077393,0.251036,792.6885,0.868359,0.862578,250.6696,0.083398,0.772656,0.143945,10240,8117130,311,56778,22,323,22,323
16580,48.371,30.358,7.322238,7.142944,0.179294,7.228394,7.070068,0.25217,778.4332,0.870508,0.859123,244.218,0.081348,0.782129,0.136523,10240,7971156,315,56866,24,323,24,323
16600,48.428,30.393,7.330358,7.131836,0.198522,7.226685,7.064819,0.265539,770.6971,0.865332,0.858363,244.8885,0.080273,0.776855,0.142871,10240,7891938,317,56829,24,323,24,323
16620,48.481,30.426,7.34329,7.121094,0.222196,7.228638,7.067993,0.275297,747.8778,0.866699,0.852788,238.6407,0.077246,0.785156,0.137598,10240,7658269,303,56706,22,323,22,323
16640,48.536,30.46,7.349194,7.117798,0.231396,7.231079,7.065063,0.284131,758.5035,0.86543,0.854494,244.4648,0.07832,0.78916,0.13252,10240,7767076,342,56771,19,323,19,323
16660,48.594,30.498,7.362537,7.132812,0.229724,7.242432,7.082886,0.279651,742.7654,0.865723,0.852063,237.5408,0.075879,0.780859,0.143262,10240,7605918,294,56817,18,323,18,323
16680,48.647,30.531,7.368344,7.134399,0.233944,7.254761,7.076294,0.29205,740.2671,0.864258,0.85204,241.4813,0.076074,0.776562,0.147363,10240,7580335,310,56825,18,323,18,323
16700,48.702,30.564,7.368597,7.141235,0.227361,7.250122,7.070801,0.297796,750.4436,0.862109,0.855482,235.584,0.077637,0.762598,0.159766,10240,7684542,319,56769,18,323,18,323
16720,48.782,30.614,7.367268,7.157837,0.209431,7.250366,7.08252,0.284749,777.852,0.85957,0.861461,248.0243,0.081641,0.756836,0.161523,10240,7965204,357,56869,17,323,17,323
16740,48.852,30.663,7.373673,7.169434,0.204239,7.272095,7.095093,0.27858,778.6548,0.858496,0.861969,251.2737,0.081543,0.752734,0.165723,10240,7973425,313,56940,17,323,17,323
16760,48.907,30.697,7.375233,7.156006,0.219227,7.28064,7.098145,0.277088,765.0747,0.860449,0.859172,245.8298,0.07998,0.758105,0.161914,10240,7834365,319,57020,18,323,18,323
16780,48.961,30.731,7.373481,7.162598,0.210883,7.252197,7.078979,0.294501,763.0558,0.859863,0.859665,239.0793,0.079688,0.752734,0.167578,10240,7813691,328,56864,22,325,22,325
16800,49.017,30.766,7.370279,7.132324,0.237955,7.246338,7.064575,0.305704,794.26,0.862109,0.864639,257.3938,0.083398,0.758594,0.158008,10240,8133222,318,56781,20,325,20,325
16820,49.071,30.8,7.374066,7.115234,0.258832,7.228638,7.045532,0.328534,778.4834,0.864746,0.86116,252.0051,0.081738,0.768164,0.150098,10240,7971670,318,56622,24,325,24,325
16840,49.131,30.838,7.360909,7.115112,0.245797,7.237183,7.039551,0.321358,805.5432,0.85752,0.86595,271.774,0.085156,0.76377,0.151074,10240,8248762,316,56623,23,325,23,325
16860,49.193,30.878,7.362489,7.116089,0.2464,7.244019,7.054321,0.308168,817.8884,0.847656,0.868594,281.9154,0.086621,0.759863,0.153516,10240,8375177,290,56714,22,325,22,325
16880,49.25,30.914,7.357419,7.112793,0.244626,7.231934,7.049561,0.307858,829.035,0.858789,0.870337,297.8049,0.088086,0.761621,0.150293,10240,8489318,305,56766,23,326,23,326
16900,49.306,30.95,7.358125,7.124512,0.233614,7.241577,7.062134,0.295992,827.0368,0.858301,0.869351,300.4961,0.087793,0.766309,0.145898,10240,8468857,310,56806,22,326,22,326
16920,49.362,30.986,7.382521,7.137817,0.244704,7.276123,7.080688,0.301833,817.1495,0.860547,0.868037,298.2493,0.086816,0.760449,0.152734,10240,8367611,314,56906,21,326,21,326
16940,49.422,31.024,7.395276,7.145142,0.250134,7.276611,7.087036,0.30824,813.1526,0.860449,0.867712,295.1969,0.08623,0.75957,0.154199,10240,8326683,332,56933,21,326,21,326
16960,49.48,31.063,7.384021,7.110352,0.273669,7.244019,7.062134,0.321887,808.8521,0.857715,0.866641,295.3412,0.085645,0.762109,0.152246,10240,8282645,338,56722,22,326,22,326
16980,49.539,31.1,7.385576,7.121826,0.26375,7.251831,7.052246,0.33333,786.0557,0.863965,0.861567,279.5815,0.082812,0.769336,0.147852,10240,8049210,315,56710,23,326,23,326
17000,49.599,31.139,7.376383,7.130127,0.246256,7.24585,7.059326,0.317057,754.7556,0.866602,0.855519,261.8236,0.079004,0.776465,0.144531,10240,7728697,324,56755,23,326,23,326
17020,49.655,31.174,7.379642,7.14624,0.233402,7.258423,7.073364,0.306278,776.7026,0.866797,0.859603,262.5636,0.081836,0.772363,0.145801,10240,7953435,278,56826,22,326,22,326
17040,49.711,31.209,7.385899,7.13501,0.250889,7.246826,7.06189,0.324009,769.7776,0.868359,0.857896,258.2136,0.080664,0.779102,0.140234,10240,7882523,289,56689,25,326,25,326
17060,49.768,31.245,7.370172,7.091919,0.278253,7.220093,7.046021,0.324152,811.6499,0.869141,0.865027,262.3844,0.08584,0.778613,0.135547,10240,8311295,332,56573,28,326,28,326
17080,49.827,31.282,7.358797,7.093262,0.265536,7.198364,7.028198,0.330599,789.0299,0.876562,0.86067,260.1386,0.083105,0.776074,0.14082,10240,8079666,352,56527,31,326,31,326
17100,49.888,31.321,7.347993,7.055054,0.292939,7.180298,7.011475,0.336519,794.8244,0.878418,0.861228,280.4913,0.083691,0.783984,0.132324,10240,8139002,313,56477,32,326,32,326
17120,49.949,31.357,7.349442,7.055542,0.2939,7.171387,7.01062,0.338822,782.7141,0.878125,0.859543,277.9085,0.082324,0.78125,0.136426,10240,8014992,317,56537,30,326,30,326
17140,50.004,31.39,7.368382,7.078125,0.290257,7.193237,7.028809,0.339573,750.5681,0.882129,0.852724,260.3063,0.078418,0.789648,0.131934,10240,7685817,306,56564,32,328,32,328
17160,50.06,31.425,7.37096,7.072876,0.298084,7.199951,7.035522,0.335437,748.9064,0.888867,0.851062,247.8581,0.077832,0.797949,0.124219,10240,7668802,304,56569,31,328,31,328
17180,50.119,31.46,7.374749,7.085571,0.289178,7.220093,7.05188,0.32287,779.376,0.886426,0.856992,253.8374,0.081836,0.792676,0.125488,10240,7980810,305,56643,30,328,30,328
17200,50.18,31.498,7.378305,7.072021,0.306283,7.209839,7.033081,0.345224,831.6973,0.888086,0.86661,269.2485,0.088184,0.779883,0.131934,10240,8516580,297,56474,31,329,31,329
17220,50.237,31.534,7.378679,7.061768,0.316911,7.203979,7.027344,0.351335,826.5268,0.885742,0.865148,267.8628,0.087207,0.793848,0.118945,10240,8463634,308,56520,34,329,34,329
17240,50.294,31.569,7.375606,7.071533,0.304073,7.215942,7.032715,0.342891,806.6104,0.892383,0.86017,271.8661,0.084473,0.812695,0.102832,10240,8259690,310,56560,33,329,33,329
17260,50.349,31.603,7.375059,7.088745,0.286314,7.239502,7.042114,0.332945,757.9886,0.896484,0.850495,263.5857,0.078418,0.817969,0.103613,10240,7761803,300,56696,33,329,33,329
17280,50.404,31.636,7.376337,7.075073,0.301263,7.225708,7.041504,0.334833,731.181,0.899121,0.844297,245.9989,0.075,0.828906,0.096094,10240,7487293,277,56611,31,329,31,329
17300,50.458,31.67,7.369568,7.064453,0.305115,7.223877,7.028198,0.34137,715.5428,0.892383,0.840506,227.7637,0.073242,0.833105,0.093652,10240,7327158,315,56615,32,329,32,329
17320,50.513,31.704,7.370383,7.072876,0.297507,7.218018,7.034546,0.335837,714.6983,0.887695,0.840048,228.5951,0.072461,0.829883,0.097656,10240,7318511,320,56598,33,329,33,329
17340,50.575,31.739,7.365756,7.095093,0.270663,7.222778,7.039185,0.326571,728.0902,0.880957,0.84358,233.518,0.074121,0.826855,0.099023,10240,7455644,326,56700,33,329,33,329
17360,50.63,31.772,7.355841,7.063843,0.291998,7.200562,7.027954,0.327887,709.2646,0.877832,0.838921,217.0449,0.071777,0.830273,0.097949,10240,7262869,313,56694,32,329,32,329
17380,50.685,31.805,7.362351,7.085693,0.276658,7.224487,7.036743,0.325608,717.0004,0.884863,0.840057,215.3387,0.073242,0.833691,0.093066,10240,7342084,325,56755,34,331,34,331
17400,50.739,31.838,7.366214,7.068237,0.297977,7.205688,7.027222,0.338992,709.7197,0.884961,0.838634,201.9997,0.07207,0.836719,0.091211,10240,7267530,334,56703,36,331,36,331
17420,50.792,31.87,7.367259,7.105835,0.261424,7.236938,7.036621,0.330638,704.6625,0.880176,0.837953,203.0203,0.071875,0.828516,0.099609,10240,7215744,299,56843,35,331,35,331
17440,50.852,31.904,7.367435,7.094727,0.272709,7.221924,7.029053,0.338383,689.817,0.882129,0.834539,200.0835,0.069922,0.827539,0.102539,10240,7063726,314,56818,34,331,34,331
17460,50.906,31.936,7.376498,7.094604,0.281893,7.251953,7.035645,0.340853,709.6846,0.891113,0.838583,204.4501,0.072559,0.833691,0.09375,10240,7267170,311,56764,34,331,34,331
17480,50.966,31.974,7.392146,7.090454,0.301692,7.233398,7.032837,0.359309,685.065,0.885645,0.831105,198.794,0.069043,0.844629,0.086328,10240,7015066,317,56549,32,331,32,331
17500,51.019,32.007,7.388211,7.099854,0.288357,7.223267,7.043701,0.344509,687.639,0.878223,0.831486,204.3383,0.069727,0.851953,0.07832,10240,7041423,295,56604,32,331,32,331
17520,51.073,32.039,7.385948,7.087158,0.29879,7.256714,7.064575,0.321373,709.5425,0.883203,0.836397,227.4031,0.072266,0.850781,0.076953,10240,7265715,347,56796,30,331,30,331
17540,51.126,32.071,7.398263,7.129883,0.26838,7.268311,7.081299,0.316964,705.4267,0.879102,0.835708,219.2633,0.071777,0.851562,0.07666,10240,7223569,313,56828,29,331,29,331
17560,51.187,32.103,7.401886,7.125244,0.276642,7.267822,7.086304,0.315583,703.0244,0.877051,0.834695,217.4721,0.071484,0.85332,0.075195,10240,7198970,299,56832,31,333,31,333
17580,51.239,32.134,7.401478,7.163208,0.23827,7.271362,7.088257,0.313221,695.9287,0.873633,0.833477,214.6343,0.070703,0.850488,0.078809,10240,7126310,284,56812,30,333,30,333
17600,51.295,32.169,7.403909,7.145386,0.258524,7.28772,7.091797,0.312112,691.6487,0.87998,0.832042,214.5474,0.070215,0.857422,0.072363,10240,7082483,298,56843,29,333,29,333
17620,51.346,32.2,7.407273,7.166504,0.240769,7.29248,7.108765,0.298508,682.9058,0.870117,0.830918,215.2822,0.069336,0.84502,0.085645,10240,6992955,299,56947,27,333,27,333
17640,51.398,32.231,7.413093,7.194824,0.218269,7.309082,7.121582,0.291511,671.017,0.85957,0.828799,208.6702,0.068066,0.836328,0.095605,10240,6871214,335,56989,28,333,28,333
17660,51.452,32.264,7.411097,7.184448,0.226648,7.310425,7.114258,0.296839,676.614,0.853613,0.830787,213.7005,0.06875,0.83291,0.09834,10240,6928527,352,57010,29,333,29,333
17680,51.504,32.295,7.405318,7.16687,0.238448,7.315918,7.120361,0.284956,660.7806,0.864355,0.826327,206.3988,0.066699,0.838672,0.094629,10240,6766393,301,57053,29,333,29,333
17700,51.559,32.325,7.396882,7.165283,0.231599,7.306641,7.117432,0.279451,667.4036,0.867773,0.828943,209.7638,0.067676,0.830469,0.101855,10240,6834213,334,57063,28,333,28,333
17720,51.612,32.357,7.391006,7.192627,0.198379,7.304688,7.115356,0.275649,658.8707,0.878809,0.826887,207.7202,0.066699,0.829492,0.103809,10240,6746836,314,57093,29,333,29,333
17740,51.664,32.386,7.3984,7.177979,0.220421,7.295898,7.12085,0.27755,634.3081,0.88877,0.819668,192.4911,0.063379,0.83418,0.102441,10240,6495315,299,57049,32,333,32,333
17760,51.715,32.416,7.405892,7.187744,0.218147,7.316528,7.135132,0.27076,619.7183,0.883594,0.815851,184.6216,0.061914,0.834473,0.103613,10240,6345915,316,57085,32,333,32,333
17780,51.765,32.445,7.406938,7.185425,0.221513,7.32251,7.128662,0.278276,628.855,0.880176,0.818662,185.6553,0.062988,0.828418,0.108594,10240,6439475,300,57050,32,333,32,333
17800,51.817,32.475,7.410421,7.188232,0.222188,7.313599,7.139648,0.270772,631.9664,0.878906,0.820194,192.012,0.063574,0.823828,0.112598,10240,6471336,321,57052,33,333,33,333
17820,51.869,32.506,7.393681,7.164185,0.229496,7.286743,7.116211,0.27747,615.7011,0.873535,0.816279,175.8904,0.061426,0.820703,0.117871,10240,6304779,298,56914,33,334,33,334
17840,51.934,32.549,7.393423,7.186768,0.206656,7.290527,7.110718,0.282705,610.7961,0.872949,0.814387,173.6976,0.060938,0.817188,0.121875,10240,6254552,321,56897,29,334,29,334
17860,51.984,32.578,7.375,7.150757,0.224244,7.263916,7.099121,0.275879,613.2173,0.87002,0.816249,171.502,0.06084,0.816504,0.122656,10240,6279345,319,56889,27,334,27,334
17880,52.034,32.607,7.376228,7.159302,0.216926,7.268799,7.104248,0.27198,607.4675,0.871582,0.81297,171.2299,0.060156,0.825977,0.113867,10240,6220467,318,56983,27,334,27,334
17900,52.084,32.635,7.379674,7.153198,0.226476,7.257568,7.099487,0.280187,609.8343,0.862988,0.81387,166.8568,0.060352,0.829395,0.110254,10240,6244703,317,56922,24,334,24,334
17920,52.135,32.665,7.377809,7.138428,0.239381,7.269409,7.104614,0.273194,609.0517,0.856738,0.813567,169.7852,0.060645,0.825488,0.113867,10240,6236689,306,56964,23,334,23,334
17940,52.188,32.694,7.387705,7.187378,0.200327,7.285156,7.118896,0.268808,605.6064,0.859668,0.813074,165.5308,0.060254,0.828027,0.111719,10240,6201410,310,57008,24,334,24,334
17960,52.24,32.724,7.394062,7.169189,0.224873,7.299683,7.118286,0.275776,618.5099,0.857324,0.816292,174.0857,0.061523,0.830859,0.107617,10240,6333541,320,56925,24,335,24,335
17980,52.292,32.755,7.39583,7.195435,0.200395,7.294434,7.12146,0.27437,640.6195,0.852441,0.823223,188.4686,0.064453,0.822949,0.112598,10240,6559944,304,56947,22,335,22,335
18000,52.349,32.787,7.387514,7.148804,0.23871,7.284302,7.106201,0.281312,684.3123,0.856934,0.835408,211.3943,0.069922,0.816113,0.113965,10240,7007358,313,56924,23,335,23,335
18020,52.4,32.817,7.394516,7.145874,0.248642,7.287842,7.099854,0.294663,641.5843,0.857129,0.825176,199.5791,0.064746,0.80957,0.125684,10240,6569823,332,56950,24,335,24,335
18040,52.452,32.847,7.406917,7.164062,0.242854,7.297363,7.102417,0.3045,662.2897,0.863086,0.829903,205.9038,0.06709,0.818262,0.114648,10240,6781847,295,56950,24,335,24,335
18060,52.505,32.878,7.417527,7.153076,0.264451,7.29895,7.105713,0.311814,678.6626,0.870312,0.833381,215.619,0.069336,0.821484,0.10918,10240,6949505,303,56925,25,335,25,335
18080,52.561,32.909,7.428343,7.150513,0.27783,7.288452,7.096558,0.331785,663.6425,0.870117,0.828998,205.2373,0.067285,0.826367,0.106348,10240,6795699,331,56776,26,335,26,335
18100,52.613,32.94,7.423742,7.13855,0.285193,7.287231,7.097778,0.325964,676.0542,0.87168,0.831938,206.977,0.068848,0.825098,0.106055,10240,6922795,305,56837,25,335,25,335
18120,52.665,32.971,7.430785,7.161987,0.268798,7.296875,7.101562,0.329223,696.6897,0.867285,0.838317,210.4248,0.07168,0.814258,0.114062,10240,7134103,341,56862,27,335,27,335
18140,52.717,33.002,7.439478,7.168213,0.271265,7.316406,7.107178,0.3323,676.6039,0.863379,0.833795,209.1279,0.069141,0.812109,0.11875,10240,6928424,331,56884,27,335,27,335
18160,52.771,33.035,7.434521,7.161133,0.273388,7.293701,7.096924,0.337597,672.8156,0.866309,0.832475,204.9595,0.068457,0.813574,0.117969,10240,6889632,328,56759,29,335,29,335
18180,52.823,33.066,7.429154,7.151245,0.277909,7.288208,7.094604,0.334549,674.052,0.868066,0.833522,205.2844,0.068555,0.81123,0.120215,10240,6902292,306,56749,28,335,28,335
18200,52.875,33.097,7.436363,7.177368,0.258995,7.298096,7.102783,0.33358,703.3267,0.870703,0.840492,209.6888,0.071973,0.810352,0.117676,10240,7202065,290,56746,27,335,27,335
18220,52.929,33.129,7.434291,7.153687,0.280604,7.286499,7.103638,0.330653,684.6368,0.863184,0.837375,200.1696,0.070117,0.797754,0.132129,10240,7010681,286,56783,28,335,28,335
18240,52.982,33.16,7.448134,7.193848,0.254286,7.324341,7.119873,0.328261,694.1399,0.865039,0.838972,198.6318,0.070996,0.800684,0.12832,10240,7107993,313,56858,27,335,27,335
18260,53.035,33.192,7.454662,7.196777,0.257884,7.331055,7.140503,0.314159,696.6746,0.864648,0.839467,202.4354,0.071289,0.802246,0.126465,10240,7133948,309,56912,26,335,26,335
18280,53.09,33.226,7.467522,7.208862,0.25866,7.338989,7.145386,0.322136,703.5705,0.864453,0.841009,198.8085,0.071777,0.805469,0.122754,10240,7204562,283,56911,26,335,26,335
18300,53.142,33.257,7.474123,7.197388,0.276735,7.352661,7.144531,0.329591,672.1524,0.867676,0.833081,191.0342,0.068359,0.811621,0.12002,10240,6882841,318,56865,27,335,27,335
18320,53.198,33.291,7.473456,7.21582,0.257636,7.355957,7.15979,0.313666,677.7204,0.867383,0.83499,194.9287,0.06875,0.803809,0.127441,10240,6939857,325,56954,28,335,28,335
18340,53.25,33.322,7.468779,7.192139,0.27664,7.326538,7.133301,0.335478,679.3162,0.87041,0.835576,193.4642,0.068848,0.804102,0.127051,10240,6956198,319,56806,33,337,33,337
18360,53.305,33.355,7.476434,7.191772,0.284661,7.336426,7.133301,0.343133,676.0561,0.868164,0.834781,197.1624,0.06875,0.804395,0.126855,10240,6922814,345,56771,32,338,32,338
18380,53.357,33.386,7.480922,7.196533,0.284389,7.342651,7.134888,0.346035,679.6577,0.868652,0.834138,190.0888,0.069336,0.815723,0.114941,10240,6959695,321,56831,32,338,32,338
18400,53.41,33.418,7.493838,7.227783,0.266054,7.345703,7.15564,0.338198,656.2073,0.866113,0.828008,184.6823,0.066406,0.816113,0.11748,10240,6719563,338,56838,32,338,32,338
18420,53.46,33.447,7.513906,7.248291,0.265615,7.377075,7.18396,0.329946,657.5252,0.866211,0.827412,183.0227,0.066406,0.819922,0.113672,10240,6733058,311,56923,33,338,33,338
18440,53.511,33.477,7.5281,7.262207,0.265893,7.365234,7.184814,0.343286,663.7083,0.862891,0.829311,193.563,0.066992,0.819629,0.113379,10240,6796373,311,56802,32,338,32,338
18460,53.562,33.507,7.533818,7.261841,0.271977,7.397583,7.20459,0.329228,657.255,0.859766,0.82747,193.2468,0.066406,0.822949,0.110645,10240,6730291,304,56878,29,338,29,338
18480,53.62,33.54,7.536215,7.256958,0.279257,7.397949,7.193115,0.343099,664.0007,0.858984,0.830328,197.506,0.067285,0.811719,0.120996,10240,6799367,309,56734,28,338,28,338
18500,53.671,33.57,7.523695,7.238525,0.28517,7.388306,7.188599,0.335096,666.2898,0.857129,0.832119,193.5632,0.067773,0.802246,0.12998,10240,6822808,312,56784,28,338,28,338
18520,53.723,33.6,7.526041,7.260254,0.265787,7.402588,7.20459,0.321451,673.0846,0.853711,0.834446,193.356,0.06875,0.797461,0.133789,10240,6892386,278,56853,28,338,28,338
18540,53.774,33.631,7.528854,7.281128,0.247726,7.410156,7.212891,0.315963,672.0013,0.847559,0.835291,201.997,0.068652,0.793262,0.138086,10240,6881293,302,56940,29,339,29,339
18560,53.826,33.661,7.535593,7.287598,0.247995,7.407349,7.214966,0.320627,677.4929,0.848145,0.836793,202.2387,0.069336,0.789551,0.141113,10240,6937527,304,56934,30,339,30,339
18580,53.877,33.692,7.544536,7.296631,0.247905,7.425171,7.219116,0.32542,680.5201,0.848047,0.83709,201.8241,0.069531,0.794824,0.135645,10240,6968526,323,56884,29,339,29,339
18600,53.929,33.723,7.551389,7.31189,0.239499,7.438232,7.234375,0.317014,689.2854,0.844434,0.838792,205.6419,0.070605,0.793652,0.135742,10240,7058282,328,56925,31,339,31,339
18620,53.98,33.754,7.551655,7.34082,0.210835,7.443726,7.245483,0.306172,690.8153,0.850684,0.838003,201.8182,0.070801,0.802148,0.127051,10240,7073949,328,56963,34,340,34,340
18640,54.032,33.786,7.538328,7.316528,0.2218,7.437134,7.241821,0.296507,657.4476,0.847461,0.829967,196.3961,0.066699,0.804883,0.128418,10240,6732263,315,57000,33,342,33,342
18660,54.086,33.818,7.535013,7.31958,0.215433,7.437744,7.249878,0.285135,653.1521,0.844629,0.829068,196.8171,0.066211,0.800879,0.13291,10240,6688277,295,57113,33,342,33,342
18680,54.138,33.85,7.539587,7.319458,0.220129,7.433716,7.251465,0.288123,653.9322,0.841406,0.830149,195.0513,0.066504,0.799902,0.133594,10240,6696266,330,57122,33,344,33,344
18700,54.19,33.881,7.544599,7.331055,0.213544,7.455078,7.265747,0.278851,637.2727,0.844336,0.825739,194.1086,0.064355,0.797461,0.138184,10240,6525672,322,57201,34,344,34,344
18720,54.24,33.91,7.54115,7.316772,0.224378,7.423706,7.25061,0.29054,627.1468,0.846191,0.823821,200.0084,0.063281,0.79082,0.145898,10240,6421983,325,57127,32,344,32,344
18740,54.29,33.94,7.538779,7.292969,0.24581,7.431274,7.239746,0.299033,651.0182,0.841797,0.830331,202.7914,0.065918,0.786035,0.148047,10240,6666426,306,57101,33,344,33,344
18760,54.339,33.969,7.536061,7.291748,0.244313,7.432129,7.243042,0.293019,640.3691,0.839453,0.827678,197.6417,0.064844,0.784863,0.150293,10240,6557380,304,57119,33,344,33,344
18780,54.392,34.0,7.530588,7.299805,0.230783,7.446899,7.243896,0.286691,647.4405,0.836035,0.829285,201.3177,0.065723,0.786719,0.147559,10240,6629791,296,57193,33,345,33,345
18800,54.443,34.03,7.528868,7.31897,0.209898,7.442627,7.257202,0.271665,654.6182,0.838477,0.831199,209.0247,0.066699,0.790918,0.142383,10240,6703290,310,57240,30,345,30,345
18820,54.497,34.061,7.534607,7.33313,0.201477,7.459229,7.259888,0.274719,613.4476,0.848535,0.818639,193.3414,0.061328,0.795605,0.143066,10240,6281703,331,57248,30,345,30,345
18840,54.546,34.09,7.531239,7.324463,0.206776,7.453125,7.258179,0.27306,625.4439,0.847852,0.821567,195.0139,0.062891,0.800293,0.136816,10240,6404546,340,57225,30,345,30,345
18860,54.606,34.127,7.533115,7.341797,0.191318,7.453125,7.264526,0.268589,599.8226,0.847754,0.814115,184.1287,0.059668,0.801172,0.13916,10240,6142183,300,57276,27,345,27,345
18880,54.657,34.156,7.527318,7.34082,0.186498,7.453613,7.27063,0.256688,615.6766,0.848633,0.819764,193.7014,0.061719,0.796094,0.142188,10240,6304528,296,57294,28,345,28,345
18900,54.708,34.186,7.52132,7.327637,0.193683,7.462036,7.268921,0.252399,608.4953,0.850391,0.817929,201.2401,0.060742,0.788574,0.150684,10240,6230992,342,57317,27,345,27,345
18920,54.758,34.214,7.506714,7.292603,0.214112,7.431396,7.249512,0.257203,600.0632,0.850586,0.816204,199.1562,0.059863,0.784375,0.155762,10240,6144647,311,57234,27,345,27,345
18940,54.809,34.244,7.510493,7.300049,0.210445,7.443115,7.254761,0.255733,599.8306,0.852441,0.815606,196.823,0.059668,0.786816,0.153516,10240,6142265,302,57286,27,345,27,345
18960,54.864,34.277,7.503684,7.302246,0.201438,7.42981,7.255127,0.248557,613.3082,0.853809,0.820365,201.2847,0.061523,0.783301,0.155176,10240,6280276,315,57303,26,345,26,345
18980,54.916,34.308,7.502302,7.315552,0.18675,7.449219,7.251099,0.251203,598.2148,0.847559,0.816557,199.1789,0.059668,0.783496,0.156836,10240,6125720,331,57324,26,345,26,345
19000,54.966,34.337,7.498039,7.290283,0.207756,7.432739,7.240723,0.257317,598.8675,0.848438,0.816675,197.086,0.059863,0.780176,0.159961,10240,6132403,350,57235,25,345,25,345
19020,55.019,34.367,7.493786,7.305542,0.188244,7.432495,7.242432,0.251355,588.1349,0.843066,0.813909,196.5182,0.058496,0.778711,0.162793,10240,6022501,280,57243,25,345,25,345
19040,55.072,34.396,7.48891,7.307007,0.181903,7.419189,7.232422,0.256488,580.0113,0.848438,0.811156,186.1787,0.057324,0.782324,0.160352,10240,5939316,292,57242,25,345,25,345
19060,55.127,34.427,7.493462,7.319946,0.173516,7.434692,7.240723,0.252739,572.791,0.849707,0.808556,184.3198,0.056445,0.77959,0.163965,10240,5865380,317,57351,21,345,21,345
19080,55.181,34.457,7.490502,7.297485,0.193016,7.422119,7.248413,0.242089,595.365,0.843066,0.817478,202.4437,0.059375,0.766406,0.174219,10240,6096538,305,57340,22,345,22,345
19100,55.231,34.486,7.484493,7.294312,0.190182,7.414429,7.231812,0.252682,604.9558,0.843359,0.821919,204.3016,0.060938,0.757422,0.181641,10240,6194747,334,57310,24,345,24,345
19120,55.28,34.514,7.478409,7.30542,0.172989,7.426514,7.232056,0.246353,584.6111,0.837402,0.816422,186.9573,0.058301,0.757129,0.18457,10240,5986418,327,57376,22,345,22,345
19140,55.329,34.542,7.47246,7.289185,0.183275,7.434448,7.243286,0.229174,579.7979,0.83291,0.814308,185.3346,0.05752,0.75957,0.18291,10240,5937130,324,57464,23,345,23,345
19160,55.379,34.57,7.463377,7.268311,0.195066,7.407471,7.231567,0.231809,584.6374,0.826855,0.817366,192.8409,0.058496,0.753809,0.187695,10240,5986687,300,57462,23,345,23,345
19180,55.428,34.597,7.466104,7.304565,0.161538,7.423462,7.238892,0.227212,574.0211,0.826758,0.81372,187.5692,0.057031,0.750391,0.192578,10240,5877976,351,57492,24,345,24,345
19200,55.48,34.628,7.455611,7.285767,0.169845,7.410645,7.233032,0.222579,602.0398,0.830957,0.82276,188.1364,0.060352,0.748535,0.191113,10240,6164888,334,57462,23,345,23,345
19220,55.531,34.659,7.447361,7.263672,0.18369,7.394287,7.215088,0.232274,623.7497,0.827734,0.829697,200.6061,0.063281,0.740039,0.19668,10240,6387197,331,57409,23,345,23,345
19240,55.588,34.692,7.441839,7.259521,0.182317,7.385254,7.209229,0.23261,640.0517,0.83457,0.832945,214.1006,0.065137,0.749023,0.18584,10240,6554129,311,57375,22,345,22,345
19260,55.639,34.722,7.451672,7.26001,0.191662,7.387329,7.213013,0.238659,620.7129,0.829395,0.826837,205.8945,0.062695,0.754883,0.182422,10240,6356100,315,57284,24,345,24,345
19280,55.691,34.752,7.449657,7.262939,0.186717,7.383179,7.190552,0.259105,655.3241,0.82373,0.836417,222.2122,0.066797,0.751855,0.181348,10240,6710519,303,57176,23,345,23,345
19300,55.75,34.789,7.443458,7.244263,0.199196,7.371094,7.186279,0.257179,650.6894,0.829395,0.834308,222.8003,0.066211,0.759961,0.173828,10240,6663059,316,57198,23,345,23,345
19320,55.802,34.818,7.451224,7.256348,0.194876,7.370972,7.191162,0.260062,643.7253,0.821777,0.832823,214.3827,0.065527,0.758203,0.17627,10240,6591747,323,57153,22,345,22,345
19340,55.853,34.847,7.443422,7.255981,0.187441,7.354614,7.184814,0.258608,623.4576,0.819141,0.828071,211.9571,0.062988,0.754395,0.182617,10240,6384206,308,57124,22,345,22,345
19360,55.903,34.876,7.437262,7.229248,0.208014,7.360229,7.185791,0.251471,611.91,0.821289,0.825054,206.1625,0.061621,0.755273,0.183105,10240,6265958,335,57180,23,345,23,345
19380,55.955,34.907,7.431546,7.234741,0.196805,7.357544,7.177979,0.253568,620.0819,0.825,0.827802,208.9827,0.062793,0.75332,0.183887,10240,6349639,318,57142,23,345,23,345
19400,56.005,34.936,7.421519,7.216431,0.205088,7.342529,7.178223,0.243296,608.9903,0.827539,0.824797,210.0341,0.061426,0.751855,0.186719,10240,6236061,342,57248,22,345,22,345
19420,56.054,34.965,7.407446,7.21936,0.188085,7.333618,7.175659,0.231786,623.3926,0.833008,0.828178,211.1528,0.063184,0.755566,0.18125,10240,6383540,316,57335,22,345,22,345
19440,56.105,34.995,7.409502,7.260498,0.149004,7.349243,7.178833,0.230669,629.8791,0.832422,0.828788,214.4076,0.06377,0.761621,0.174609,10240,6449962,308,57325,19,345,19,345
19460,56.155,35.024,7.404776,7.251831,0.152945,7.344482,7.183228,0.221548,623.6586,0.82793,0.82746,208.9311,0.063184,0.761133,0.175684,10240,6386264,307,57356,19,345,19,345
19480,56.208,35.056,7.396418,7.247192,0.149225,7.345703,7.185669,0.210749,630.403,0.828809,0.83058,205.9183,0.06416,0.752051,0.183789,10240,6455327,264,57415,19,345,19,345
19500,56.258,35.085,7.391129,7.216553,0.174576,7.323242,7.167114,0.224015,605.5666,0.82959,0.822437,192.2526,0.060938,0.760938,0.178125,10240,6201002,285,57294,19,345,19,345
19520,56.308,35.114,7.374197,7.212769,0.161429,7.315674,7.161377,0.21282,605.6398,0.823926,0.821289,181.0809,0.060742,0.769336,0.169922,10240,6201752,318,57282,21,345,21,345
19540,56.358,35.143,7.366086,7.18103,0.185056,7.291748,7.129639,0.236447,618.8223,0.827441,0.823581,185.8219,0.062402,0.775195,0.162402,10240,6336740,323,57099,20,345,20,345
19560,56.411,35.176,7.375486,7.176025,0.199461,7.302124,7.137451,0.238035,657.0591,0.814648,0.83408,211.1896,0.06709,0.777246,0.155664,10240,6728285,305,57129,25,349,25,349
19580,56.462,35.206,7.371472,7.202271,0.169201,7.311523,7.151611,0.219861,648.5646,0.80791,0.83184,202.0866,0.066113,0.777539,0.156348,10240,6641301,301,57250,25,349,25,349
19600,56.512,35.235,7.375359,7.193359,0.182,7.307617,7.141113,0.234246,618.988,0.815234,0.822975,189.8776,0.062207,0.78418,0.153613,10240,6338437,296,57217,27,349,27,349
19620,56.563,35.263,7.375591,7.186157,0.189434,7.288696,7.125244,0.250347,581.2456,0.824219,0.809787,164.619,0.05752,0.793555,0.148926,10240,5951955,290,57035,26,349,26,349
19640,56.615,35.291,7.38138,7.174561,0.20682,7.301636,7.124268,0.257113,578.9114,0.822852,0.80866,162.3532,0.057227,0.800293,0.14248,10240,5928053,295,57052,26,349,26,349
19660,56.666,35.321,7.388034,7.200562,0.187473,7.309326,7.133179,0.254856,595.5047,0.82334,0.815162,165.4958,0.05957,0.791504,0.148926,10240,6097968,354,57074,23,349,23,349
19680,56.716,35.35,7.390685,7.201416,0.189269,7.312134,7.135742,0.254943,574.4357,0.816016,0.808231,159.6546,0.056738,0.794727,0.148535,10240,5882222,330,57128,19,349,19,349
19700,56.765,35.378,7.393901,7.203247,0.190654,7.310913,7.140381,0.25352,579.8147,0.82373,0.809289,160.1635,0.05752,0.797168,0.145312,10240,5937303,310,57161,16,349,16,349
19720,56.815,35.405,7.400566,7.197754,0.202812,7.32251,7.141357,0.259209,565.4469,0.82041,0.804935,158.1407,0.055664,0.793848,0.150488,10240,5790176,318,57143,15,349,15,349
19740,56.863,35.432,7.400789,7.22876,0.172029,7.311523,7.143188,0.2576,559.6281,0.824023,0.802882,157.1476,0.054785,0.793848,0.151367,10240,5730592,327,57149,15,349,15,349
19760,56.912,35.46,7.392545,7.197266,0.195279,7.318848,7.143188,0.249357,571.8382,0.827539,0.807282,160.9345,0.056543,0.787988,0.155469,10240,5855623,265,57126,16,349,16,349
19780,56.961,35.488,7.397356,7.184937,0.212419,7.308594,7.1427,0.254656,581.4941,0.837305,0.810191,160.6429,0.057715,0.788086,0.154199,10240,5954500,313,57044,15,349,15,349
19800,57.009,35.516,7.39383,7.205566,0.188264,7.324829,7.152832,0.240998,565.04,0.838574,0.804258,155.0643,0.055566,0.797363,0.14707,10240,5786010,302,57178,16,349,16,349
19820,57.058,35.544,7.395071,7.201782,0.193289,7.308472,7.141235,0.253836,564.1913,0.837598,0.804391,149.6852,0.055566,0.795312,0.149121,10240,5777319,255,57150,16,349,16,349
19840,57.107,35.572,7.393415,7.200439,0.192976,7.303589,7.1427,0.250715,571.97,0.836719,0.806327,153.2921,0.056445,0.796582,0.146973,10240,5856973,305,57145,15,349,15,349
19860,57.162,35.604,7.405263,7.202148,0.203114,7.328979,7.142212,0.263051,567.6146,0.838574,0.803493,156.1397,0.055762,0.806934,0.137305,10240,5812373,310,57184,15,349,15,349
19880,57.215,35.636,7.401728,7.200928,0.200801,7.316772,7.132935,0.268794,577.0533,0.847559,0.80555,166.0792,0.056836,0.811816,0.131348,10240,5909026,347,57032,19,351,19,351
19900,57.264,35.665,7.397132,7.196411,0.200721,7.309692,7.137695,0.259437,586.4802,0.843848,0.807989,165.6977,0.058105,0.817969,0.123926,10240,6005557,287,57061,19,351,19,351
19920,57.315,35.694,7.390588,7.174072,0.216516,7.294312,7.134277,0.256311,559.0907,0.850488,0.797513,163.4062,0.05459,0.828418,0.116992,10240,5725089,337,56966,17,351,17,351
19940,57.363,35.721,7.38494,7.192749,0.192191,7.299316,7.129883,0.255058,564.9231,0.861816,0.798069,164.3329,0.055176,0.835742,0.109082,10240,5784813,310,57041,18,351,18,351
19960,57.413,35.749,7.392152,7.203125,0.189027,7.317993,7.140015,0.252137,559.3108,0.865527,0.79614,164.6049,0.054492,0.831152,0.114355,10240,5727343,298,57185,18,351,18,351
19980,57.463,35.778,7.392138,7.213501,0.178637,7.32959,7.147949,0.244189,567.9073,0.873633,0.799673,164.6303,0.055566,0.828613,0.11582,10240,5815371,321,57297,19,351,19,351
20000,57.518,35.808,7.392271,7.219971,0.172301,7.345459,7.150024,0.242247,545.2715,0.872754,0.79231,161.493,0.052832,0.824414,0.122754,10240,5583580,306,57292,20,351,20,351
