epoch,wall_s,sim_s,entropy_bits,zlib_bits,high_order_entropy,mean_steps,frac_copy_runs,frac_term_budget,frac_term_off_region,frac_term_unmatched,runs,steps,mutations,distinct_windows,n_persistent,A_t
0,0.052,0.0,7.996763,8.003174,-0.006411,0.0,0.0,0.0,0.0,0.0,0,0,0,65536,0,0
50,0.275,0.189,7.987235,7.831543,0.155692,1355.0246,0.544668,0.150195,0.626699,0.223105,51200,69377262,807,64760,0,0
100,0.503,0.36,7.980258,7.686401,0.293857,1425.0663,0.58584,0.158574,0.602539,0.238887,51200,72963395,799,64496,0,0
150,0.782,0.558,7.975611,7.600098,0.375514,1342.4497,0.600234,0.148906,0.608535,0.242559,51200,68733426,746,64547,0,0
200,1.042,0.795,7.969999,7.509399,0.4606,1343.4138,0.610645,0.149629,0.620664,0.229707,51200,68782784,798,64587,0,0
250,1.315,1.02,7.964599,7.407593,0.557006,1228.2259,0.621328,0.135879,0.641816,0.222305,51200,62885168,761,64290,9,9
300,1.674,1.332,7.959015,7.366455,0.59256,1218.5483,0.613887,0.134961,0.648184,0.216855,51200,62389673,762,64462,12,13
350,2.029,1.639,7.95217,7.316162,0.636008,1194.0604,0.612773,0.131816,0.659746,0.208438,51200,61135895,769,64513,11,14
400,2.403,1.958,7.943613,7.260498,0.683115,1266.8302,0.608242,0.140469,0.659238,0.200293,51200,64861705,765,64512,11,14
450,2.769,2.277,7.93116,7.206787,0.724372,1276.1068,0.612246,0.141523,0.666641,0.191836,51200,65336667,804,64453,12,17
500,3.146,2.607,7.909465,7.162354,0.747111,1256.0673,0.612637,0.139414,0.668066,0.19252,51200,64310647,776,64379,14,20
550,3.52,2.932,7.866413,7.072266,0.794148,1291.3821,0.616523,0.144023,0.666406,0.18957,51200,66118763,773,63877,14,21
600,3.877,3.253,7.82712,6.981323,0.845797,1265.7463,0.618926,0.140801,0.66875,0.190449,51200,64806210,728,63377,14,23
650,4.063,3.416,7.766187,6.894287,0.8719,1285.6911,0.609668,0.143828,0.668066,0.188105,51200,65827382,789,62720,16,26
700,4.359,3.686,7.698937,6.765259,0.933678,1212.5417,0.608184,0.13457,0.68041,0.18502,51200,62082135,758,61865,23,34
750,4.691,3.992,7.639084,6.648071,0.991012,1192.0076,0.604922,0.132129,0.687578,0.180293,51200,61030787,783,61056,23,36
800,4.929,4.18,7.56916,6.579346,0.989814,1147.7927,0.611719,0.126367,0.704648,0.168984,51200,58766988,807,60682,23,37
850,5.232,4.456,7.468285,6.447876,1.020409,1131.5069,0.61582,0.125,0.706895,0.168105,51200,57933153,744,59380,28,44
900,5.447,4.616,7.421376,6.410156,1.011219,1115.5043,0.60834,0.12332,0.709414,0.167266,51200,57113821,758,59238,38,56
950,5.793,4.907,7.390878,6.337036,1.053842,1118.2951,0.605898,0.123613,0.712578,0.163809,51200,57256708,749,58659,54,72
1000,6.001,5.087,7.317538,6.232544,1.084994,1044.7405,0.614961,0.114805,0.717949,0.167246,51200,53490715,766,57808,64,81
1050,6.235,5.263,7.25018,6.153687,1.096494,1068.8082,0.618516,0.117852,0.724082,0.158066,51200,54722981,754,57303,62,83
1100,6.58,5.553,7.185722,6.093628,1.092094,1073.9137,0.631152,0.11832,0.72584,0.15584,51200,54984383,774,56820,59,83
1150,6.93,5.843,7.044144,5.92981,1.114334,1024.7959,0.620547,0.112324,0.730762,0.156914,51200,52469551,761,55526,62,88
1200,7.269,6.124,6.882689,5.734375,1.148314,978.9781,0.625801,0.106328,0.746055,0.147617,51200,50123679,811,53677,63,92
1250,7.605,6.402,6.735821,5.583252,1.152569,943.903,0.632207,0.102148,0.753672,0.14418,51200,48327832,768,52196,66,96
1300,7.876,6.611,6.568586,5.426636,1.14195,943.7925,0.641992,0.102012,0.759824,0.138164,51200,48322177,795,50749,70,104
1350,8.224,6.891,6.455525,5.339844,1.115681,901.2004,0.649609,0.096816,0.770547,0.132637,51200,46141459,842,49594,71,110
1400,8.561,7.157,6.354182,5.269775,1.084407,881.4,0.654922,0.094355,0.77584,0.129805,51200,45127682,754,48775,86,127
1450,8.89,7.417,6.22499,5.127686,1.097305,868.5111,0.670605,0.092793,0.780293,0.126914,51200,44467768,802,48205,118,161
1500,9.216,7.672,6.046154,4.952759,1.093395,825.1185,0.683027,0.087168,0.79334,0.119492,51200,42246066,835,46168,148,196
1550,9.526,7.917,5.823091,4.689819,1.133272,744.2272,0.685547,0.077324,0.796211,0.126465,51200,38104434,799,43503,165,217
1600,9.835,8.15,5.638399,4.491943,1.146456,688.0954,0.692168,0.070332,0.81002,0.119648,51200,35230482,732,41919,167,224
1650,10.133,8.375,5.440717,4.367676,1.073041,634.4108,0.696758,0.063477,0.826895,0.109629,51200,32481835,789,40173,176,234
1700,10.428,8.597,5.235912,4.170166,1.065745,616.9908,0.706387,0.061445,0.83709,0.101465,51200,31589930,788,38507,188,251
1750,10.701,8.813,5.112607,4.073975,1.038632,572.1483,0.714473,0.055684,0.843809,0.100508,51200,29293993,776,37749,211,278
1800,10.918,8.957,5.008267,4.0,1.008267,540.8582,0.739219,0.05166,0.857109,0.09123,51200,27691942,805,36689,217,285
1850,11.238,9.2,4.905666,3.912964,0.992702,541.2815,0.735039,0.051699,0.853281,0.09502,51200,27713614,765,35203,223,289
1900,11.433,9.348,4.738029,3.741943,0.996086,499.0375,0.756875,0.046445,0.863477,0.090078,51200,25550721,832,33516,211,289
1950,11.627,9.461,4.560961,3.627197,0.933764,483.1677,0.763633,0.044336,0.867734,0.08793,51200,24738188,793,32613,234,314
2000,11.766,9.56,4.419203,3.484863,0.93434,443.3095,0.761406,0.039434,0.877754,0.082812,51200,22697444,823,31760,242,324
2050,11.975,9.662,4.179933,3.339478,0.840455,408.948,0.759219,0.035176,0.884805,0.08002,51200,20938138,814,29794,250,336
2100,12.184,9.831,3.934379,3.09436,0.840018,432.1252,0.75707,0.038008,0.894707,0.067285,51200,22124810,791,27666,243,337
2150,12.325,9.923,3.723431,2.93689,0.786541,406.1163,0.770547,0.034512,0.908398,0.05709,51200,20793154,772,25625,252,339
2200,12.485,10.04,3.623882,2.870605,0.753277,370.4628,0.776699,0.030059,0.915391,0.054551,51200,18967697,746,24843,256,343
2250,12.629,10.136,3.532902,2.78894,0.743961,344.4264,0.779883,0.02627,0.927031,0.046699,51200,17634632,779,24309,272,352
2300,12.814,10.24,3.422342,2.667969,0.754373,321.5954,0.813027,0.023457,0.933711,0.042832,51200,16465685,789,23460,282,357
2350,12.942,10.323,3.279388,2.56311,0.716278,287.6356,0.800645,0.018984,0.940469,0.040547,51200,14726944,762,22438,286,358
2400,13.152,10.438,3.097885,2.439209,0.658676,291.5694,0.797012,0.019609,0.943379,0.037012,51200,14928352,772,21157,291,362
2450,13.413,10.608,3.034835,2.425659,0.609175,298.6242,0.784707,0.020684,0.945449,0.033867,51200,15289560,759,21298,295,366
2500,13.677,10.781,2.964463,2.36731,0.597154,296.5071,0.78502,0.020977,0.943008,0.036016,51200,15181162,767,20758,313,385
2550,13.868,10.927,2.94764,2.378784,0.568856,274.3647,0.784043,0.01834,0.943184,0.038477,51200,14047474,792,21141,313,389
2600,14.028,11.022,2.95518,2.428711,0.526469,293.1187,0.799648,0.020664,0.941758,0.037578,51200,15007675,804,21504,303,390
2650,14.164,11.109,2.972444,2.461914,0.51053,277.2481,0.807793,0.01875,0.938965,0.042285,51200,14195101,813,22066,296,393
2700,14.306,11.198,2.993997,2.453369,0.540628,267.4381,0.78625,0.017559,0.938086,0.044355,51200,13692829,771,21872,275,395
2750,14.437,11.279,2.887664,2.367554,0.520111,263.8744,0.764434,0.01625,0.940039,0.043711,51200,13510370,789,21662,272,396
2800,14.66,11.408,2.699136,2.208618,0.490518,265.0368,0.77125,0.015801,0.944141,0.040059,51200,13569883,794,19670,270,396
2850,14.923,11.574,2.682159,2.206055,0.476105,257.5692,0.765332,0.015117,0.947246,0.037637,51200,13187543,790,19545,263,396
2900,15.176,11.729,2.655032,2.189209,0.465823,241.7245,0.757969,0.013164,0.948555,0.038281,51200,12376292,765,19350,260,396
2950,15.365,11.855,2.650231,2.18811,0.462121,241.0639,0.755059,0.013008,0.953398,0.033594,51200,12342470,771,19379,272,405
3000,15.574,11.967,2.670003,2.190063,0.479939,257.1369,0.761895,0.014648,0.951543,0.033809,51200,13165410,774,19282,282,408
3050,15.716,12.054,2.620198,2.179199,0.440998,247.2517,0.762871,0.013574,0.950078,0.036348,51200,12659286,801,19543,283,410
3100,15.944,12.179,2.476127,2.093872,0.382255,224.6462,0.764297,0.011387,0.954609,0.034004,51200,11501886,734,19115,289,414
3150,16.206,12.332,2.404503,2.049561,0.354942,224.1294,0.769941,0.011445,0.960078,0.028477,51200,11475423,762,17945,282,414
3200,16.365,12.441,2.339055,1.994751,0.344304,221.5045,0.763711,0.011074,0.961992,0.026934,51200,11341032,800,18010,274,414
3250,16.57,12.546,2.391995,2.024414,0.367581,224.9365,0.760762,0.011328,0.962344,0.026328,51200,11516750,741,18606,274,414
3300,16.825,12.699,2.388397,2.017578,0.370819,218.5783,0.758633,0.010664,0.965059,0.024277,51200,11191211,789,18531,280,420
3350,17.083,12.857,2.224469,1.930786,0.293683,222.4845,0.77793,0.011133,0.964727,0.024141,51200,11391204,807,16882,279,422
3400,17.21,12.933,2.080909,1.791382,0.289527,208.6659,0.779297,0.009492,0.968496,0.022012,51200,10683693,760,15588,280,427
3450,17.396,13.024,1.999024,1.724976,0.274048,195.5718,0.791777,0.00748,0.974375,0.018145,51200,10013278,779,15179,280,429
3500,17.52,13.096,1.936322,1.682373,0.253948,165.4766,0.79584,0.004219,0.97668,0.019102,51200,8472402,712,14298,285,433
3550,17.714,13.188,1.907771,1.690796,0.216976,159.8645,0.776582,0.004004,0.975801,0.020195,51200,8185061,804,14980,296,448
3600,17.85,13.269,1.91934,1.7323,0.18704,162.8786,0.762422,0.004355,0.978184,0.017461,51200,8339382,714,15539,297,459
3650,18.057,13.377,2.040355,1.808105,0.23225,161.6196,0.761172,0.004199,0.978145,0.017656,51200,8274923,767,16375,303,470
3700,18.313,13.527,1.997201,1.810059,0.187143,170.5993,0.792871,0.005332,0.975469,0.019199,51200,8734686,809,15837,298,478
3750,18.561,13.672,1.941897,1.734619,0.207278,156.7888,0.818887,0.003555,0.976016,0.02043,51200,8027589,813,15085,282,481
3800,18.812,13.818,2.046475,1.831177,0.215298,144.6094,0.811523,0.002109,0.976895,0.020996,51200,7404001,791,16733,277,481
3850,19.052,13.961,2.064827,1.824219,0.240609,139.9376,0.80416,0.001523,0.978652,0.019824,51200,7164807,776,16789,279,487
3900,19.294,14.103,2.039859,1.813354,0.226505,128.1635,0.792539,0.0,0.988105,0.011895,51200,6561973,787,16800,280,492
3950,19.542,14.242,1.935555,1.706177,0.229378,128.2119,0.816465,0.0,0.988301,0.011699,51200,6564448,813,15626,278,499
4000,19.804,14.397,1.761001,1.599731,0.16127,127.8827,0.839023,0.0,0.984043,0.015957,51200,6547592,744,14452,293,514
4050,20.042,14.536,1.667271,1.501465,0.165806,134.3916,0.829648,0.000781,0.985859,0.013359,51200,6880851,837,13451,277,514
4100,20.176,14.608,1.56591,1.464233,0.101677,138.4654,0.832207,0.001289,0.98332,0.015391,51200,7089429,800,12894,279,516
4150,20.299,14.68,1.576636,1.473389,0.103248,137.3606,0.825352,0.001152,0.985703,0.013145,51200,7032865,806,12831,270,517
4200,20.418,14.748,1.460161,1.401978,0.058183,128.5052,0.811973,2e-05,0.99082,0.00916,51200,6579467,844,12221,269,525
4250,20.625,14.852,1.491466,1.387451,0.104015,128.536,0.802363,0.0,0.99334,0.00666,51200,6581042,769,12968,265,528
4300,20.871,14.988,1.489747,1.367432,0.122315,128.7335,0.803574,0.0,0.996406,0.003594,51200,6591155,811,12799,270,529
4350,21.005,15.069,1.51371,1.402588,0.111122,128.7568,0.804512,0.0,0.996602,0.003398,51200,6592346,785,12871,269,529
4400,21.176,15.137,1.464115,1.37439,0.089725,128.8421,0.81502,0.0,0.997598,0.002402,51200,6596717,809,12959,266,537
4450,21.375,15.274,1.366281,1.29834,0.067941,128.6228,0.810488,0.0,0.994395,0.005605,51200,6585488,776,11963,260,540
4500,21.496,15.342,1.318818,1.267334,0.051484,128.9378,0.795488,2e-05,0.994434,0.005547,51200,6601615,778,11364,261,545
4550,21.688,15.477,1.340855,1.280518,0.060338,128.706,0.773809,0.0,0.995625,0.004375,51200,6589749,747,11427,266,555
4600,21.812,15.544,1.279418,1.214966,0.064452,128.6274,0.776191,0.0,0.993828,0.006172,51200,6585724,792,10389,290,582
4650,21.982,15.632,1.334142,1.233765,0.100377,128.7705,0.798984,0.0,0.996328,0.003672,51200,6593050,772,10268,295,595
4700,22.229,15.762,1.207501,1.180908,0.026593,128.6851,0.809277,0.0,0.995176,0.004824,51200,6588675,750,9226,297,601
4750,22.462,15.898,1.258093,1.186157,0.071935,128.6925,0.812012,0.0,0.995234,0.004766,51200,6589054,799,9665,324,621
4800,22.585,15.966,1.28244,1.231445,0.050994,128.7119,0.818926,0.0,0.995273,0.004727,51200,6590049,827,10656,317,632
4850,22.801,16.072,1.282995,1.213623,0.069372,128.7373,0.827891,0.0,0.996113,0.003887,51200,6591352,816,10020,309,632
4900,23.082,16.212,1.336136,1.24939,0.086746,128.9167,0.832793,0.0,0.998574,0.001426,51200,6600534,815,10681,316,651
4950,23.327,16.346,1.302851,1.261841,0.04101,128.9415,0.831621,0.0,0.999102,0.000898,51200,6601804,747,10814,305,652
5000,23.593,16.478,1.249193,1.228516,0.020678,128.6294,0.837207,0.0,0.993984,0.006016,51200,6585823,793,10376,297,660
5050,23.841,16.623,1.322699,1.264404,0.058295,128.7113,0.81543,0.0,0.995742,0.004258,51200,6590021,754,10805,299,664
5100,24.087,16.759,1.393235,1.3125,0.080735,128.7564,0.802266,0.0,0.99627,0.00373,51200,6592327,786,11589,313,683
5150,24.34,16.896,1.433893,1.348999,0.084894,128.6233,0.802539,0.0,0.993828,0.006172,51200,6585511,810,12146,299,684
5200,24.529,17.029,1.419398,1.319702,0.099696,128.5075,0.814102,0.0,0.992695,0.007305,51200,6579584,781,11201,291,690
5250,24.685,17.098,1.333399,1.282959,0.05044,128.484,0.847324,0.0,0.991914,0.008086,51200,6578382,782,10510,292,692
5300,24.858,17.214,1.220395,1.200562,0.019833,128.5693,0.847715,0.0,0.99332,0.00668,51200,6582746,769,9632,283,692
5350,25.041,17.291,1.103277,1.103394,-0.000117,128.7247,0.855527,0.0,0.995254,0.004746,51200,6590703,825,8292,286,693
5400,25.287,17.427,1.168531,1.157471,0.011061,128.6566,0.853809,0.0,0.994492,0.005508,51200,6587216,822,8931,281,694
5450,25.529,17.565,1.13446,1.075806,0.058654,128.8266,0.847988,0.0,0.997324,0.002676,51200,6595923,791,7765,285,699
5500,25.77,17.701,1.121312,1.089478,0.031834,128.8155,0.853047,0.0,0.997344,0.002656,51200,6595354,765,7870,287,714
5550,26.017,17.842,1.139742,1.096924,0.042818,128.9278,0.866367,0.0,0.99875,0.00125,51200,6601103,803,7767,288,721
5600,26.272,17.984,1.163378,1.100952,0.062425,128.9736,0.866426,0.0,0.999531,0.000469,51200,6603449,803,7621,272,721
5650,26.514,18.121,1.248997,1.181396,0.067601,128.8202,0.866348,0.0,0.997207,0.002793,51200,6595593,764,8911,272,721
5700,26.757,18.26,1.368902,1.276123,0.092779,128.8456,0.861758,0.0,0.99791,0.00209,51200,6596895,826,10148,275,724
5750,27.001,18.4,1.417056,1.313232,0.103824,128.9723,0.864551,0.0,0.99957,0.00043,51200,6603383,756,10531,280,729
5800,27.24,18.536,1.466727,1.360596,0.106132,128.8677,0.852031,0.0,0.997773,0.002227,51200,6598026,781,11870,290,740
5850,27.488,18.673,1.608315,1.488281,0.120034,128.9341,0.842539,0.0,0.998945,0.001055,51200,6601424,825,13600,283,741
5900,27.736,18.811,1.516605,1.421631,0.094974,129.1964,0.843457,2e-05,0.999219,0.000762,51200,6614858,834,12475,276,742
5950,27.984,18.953,1.42925,1.338745,0.090505,132.8416,0.849648,0.000488,0.998066,0.001445,51200,6801491,764,11218,279,742
6000,28.225,19.09,1.397343,1.316284,0.081059,128.7767,0.844727,0.0,0.996348,0.003652,51200,6593369,839,11426,279,748
6050,28.471,19.226,1.391969,1.330688,0.06128,128.7685,0.830586,0.0,0.996582,0.003418,51200,6592946,802,11005,281,752
6100,28.72,19.364,1.514971,1.408081,0.10689,128.5012,0.825273,0.0,0.992188,0.007812,51200,6579260,847,12001,281,756
6150,28.957,19.501,1.455421,1.366577,0.088844,128.9944,0.826641,3.9e-05,0.993906,0.006055,51200,6604515,811,11464,295,768
6200,29.088,19.57,1.471663,1.397339,0.074324,134.2175,0.8325,0.000684,0.99498,0.004336,51200,6871936,818,11823,307,773
6250,29.304,19.71,1.662702,1.541626,0.121077,145.535,0.826211,0.00209,0.993125,0.004785,51200,7451394,778,14264,313,787
6300,29.429,19.781,1.561202,1.439575,0.121627,130.2079,0.803652,0.000215,0.992051,0.007734,51200,6666642,789,12639,332,810
6350,29.589,19.85,1.404092,1.322021,0.082071,128.5732,0.802578,0.0,0.993242,0.006758,51200,6582946,746,11109,336,821
6400,29.715,19.919,1.369558,1.303467,0.066091,128.8722,0.809316,0.0,0.997949,0.002051,51200,6598259,824,11236,318,823
6450,29.882,19.991,1.321684,1.244873,0.076811,128.7687,0.820742,0.0,0.996289,0.003711,51200,6592956,775,10276,312,824
6500,30.063,20.116,1.173077,1.11145,0.061627,128.6751,0.849023,0.0,0.994648,0.005352,51200,6588167,748,8601,300,825
6550,30.184,20.183,1.191155,1.12146,0.069695,128.8152,0.83334,0.0,0.996992,0.003008,51200,6595337,738,8439,290,825
6600,30.345,20.272,1.148964,1.135254,0.01371,128.865,0.829785,0.0,0.998008,0.001992,51200,6597890,812,8874,282,826
6650,30.467,20.34,1.321859,1.245605,0.076253,128.822,0.834082,0.0,0.997246,0.002754,51200,6595685,783,10356,286,834
6700,30.64,20.408,1.318922,1.257324,0.061598,128.6512,0.836074,0.0,0.994844,0.005156,51200,6586940,831,10829,286,834
6750,30.815,20.529,1.510826,1.441528,0.069298,128.8259,0.811758,0.0,0.997246,0.002754,51200,6595884,832,13436,297,842
6800,30.936,20.597,1.363123,1.321533,0.04159,128.8565,0.815449,0.0,0.997871,0.002129,51200,6597452,792,11463,289,842
6850,31.104,20.694,1.290558,1.22876,0.061799,128.7656,0.819316,0.0,0.996211,0.003789,51200,6592800,784,10345,284,842
6900,31.308,20.795,1.269624,1.205688,0.063936,128.8452,0.816816,0.0,0.997578,0.002422,51200,6596873,749,10109,284,848
6950,31.548,20.93,1.170266,1.12207,0.048195,128.9097,0.819141,0.0,0.99877,0.00123,51200,6600178,775,8634,277,855
7000,31.79,21.067,1.201785,1.163818,0.037967,128.9544,0.826562,0.0,0.999316,0.000684,51200,6602466,800,9398,281,857
7050,32.029,21.202,1.21285,1.145386,0.067464,128.8905,0.834844,0.0,0.998418,0.001582,51200,6599195,813,9549,278,862
7100,32.275,21.336,1.107043,1.100586,0.006457,128.8859,0.827422,0.0,0.998203,0.001797,51200,6598958,759,8428,273,862
7150,32.516,21.472,1.118467,1.108032,0.010435,128.8115,0.823555,0.0,0.997109,0.002891,51200,6595151,807,8769,284,865
7200,32.761,21.604,1.16903,1.145996,0.023034,128.8964,0.829102,0.0,0.998164,0.001836,51200,6599496,776,9204,282,868
7250,32.994,21.74,1.178848,1.13501,0.043839,128.6698,0.83375,0.0,0.994961,0.005039,51200,6587893,793,9296,292,882
7300,33.152,21.811,1.125671,1.081543,0.044128,128.6931,0.828906,0.0,0.995117,0.004883,51200,6589089,799,8562,297,897
7350,33.288,21.895,1.310992,1.192749,0.118243,136.5556,0.825488,0.000938,0.999004,5.9e-05,51200,6991645,706,10385,301,902
7400,33.497,22.002,1.353009,1.281006,0.072004,145.468,0.83127,0.002051,0.996855,0.001094,51200,7447962,714,11470,317,911
7450,33.624,22.072,1.350028,1.25415,0.095877,142.0288,0.830293,0.001621,0.997656,0.000723,51200,7271872,778,10357,299,912
7500,33.83,22.175,1.374832,1.287109,0.087723,146.4255,0.815605,0.002188,0.994746,0.003066,51200,7496987,805,11123,300,920
7550,33.999,22.289,1.413008,1.312256,0.100752,147.6458,0.807676,0.002344,0.994121,0.003535,51200,7559466,804,11482,295,927
7600,34.177,22.362,1.434144,1.368652,0.065492,133.4591,0.816094,0.000586,0.99543,0.003984,51200,6833107,813,11720,283,931
7650,34.418,22.501,1.325071,1.269653,0.055418,147.6671,0.823984,0.002344,0.994336,0.00332,51200,7560557,808,10743,297,944
7700,34.562,22.572,1.399308,1.308594,0.090715,132.9305,0.807617,0.000508,0.997168,0.002324,51200,6806040,801,11604,301,954
7750,34.765,22.713,1.324733,1.269653,0.055079,130.2733,0.837012,0.000195,0.995176,0.004629,51200,6669993,771,11131,287,959
7800,34.886,22.781,1.267683,1.213135,0.054548,128.843,0.823984,0.0,0.997559,0.002441,51200,6596762,826,10278,293,970
7850,35.061,22.851,1.222332,1.166748,0.055584,128.8609,0.82377,0.0,0.997676,0.002324,51200,6597677,799,9431,285,977
7900,35.307,22.987,1.261077,1.196045,0.065032,128.96,0.839121,0.0,0.997363,0.002637,51200,6602751,792,9784,290,982
7950,35.46,23.086,1.29112,1.230591,0.060529,128.9841,0.835859,0.0,0.999727,0.000273,51200,6603984,778,10401,291,985
8000,35.581,23.154,1.197283,1.163818,0.033465,128.9221,0.837754,0.0,0.998945,0.001055,51200,6600813,826,9486,293,987
8050,35.826,23.291,1.225162,1.182983,0.042179,128.8375,0.835723,0.0,0.997695,0.002305,51200,6596480,749,9042,292,995
8100,36.095,23.428,1.255221,1.205688,0.049532,128.9778,0.865117,0.0,0.999609,0.000391,51200,6603665,758,9003,298,1000
8150,36.348,23.582,1.295399,1.199829,0.095569,128.8792,0.879922,0.0,0.998105,0.001895,51200,6598617,774,9193,301,1008
8200,36.471,23.651,1.307046,1.172607,0.134439,128.6022,0.882637,0.0,0.99416,0.00584,51200,6584433,785,9668,290,1008
8250,36.632,23.733,1.224032,1.131714,0.092318,129.7034,0.886777,0.000117,0.995977,0.003906,51200,6640815,784,9127,282,1008
8300,36.754,23.802,1.154368,1.088501,0.065867,134.4928,0.875371,0.000723,0.994453,0.004824,51200,6886033,768,8128,283,1008
8350,36.902,23.87,1.228837,1.151855,0.076981,128.7313,0.847461,0.0,0.995625,0.004375,51200,6591042,805,9184,290,1016
8400,37.086,24.0,1.23661,1.182861,0.053749,128.7675,0.848926,0.0,0.996445,0.003555,51200,6592896,799,9549,282,1016
8450,37.256,24.07,1.23476,1.164185,0.070575,128.7745,0.85168,0.0,0.996387,0.003613,51200,6593253,801,9460,276,1016
8500,37.49,24.206,1.174408,1.123169,0.051239,128.8232,0.826406,0.0,0.997246,0.002754,51200,6595749,831,9243,272,1016
8550,37.655,24.321,1.136748,1.117554,0.019194,128.8164,0.829727,0.0,0.996855,0.003145,51200,6595402,811,9214,278,1016
8600,37.835,24.392,1.125257,1.133545,-0.008288,128.8583,0.82209,0.0,0.997812,0.002188,51200,6597545,770,8743,278,1016
8650,37.986,24.492,1.108949,1.126099,-0.01715,128.78,0.83418,0.0,0.996699,0.003301,51200,6593534,805,8789,280,1016
8700,38.18,24.582,1.105414,1.082642,0.022772,128.7381,0.820469,0.0,0.995723,0.004277,51200,6591391,777,8345,290,1019
8750,38.432,24.723,1.042811,1.072144,-0.029333,128.8046,0.823047,0.0,0.997012,0.002988,51200,6594796,803,7740,292,1023
8800,38.673,24.858,1.120459,1.120239,0.00022,128.7305,0.813848,0.0,0.99584,0.00416,51200,6591003,719,8899,295,1028
8850,38.912,24.993,1.154362,1.121826,0.032536,128.79,0.807539,0.0,0.99668,0.00332,51200,6594047,749,9462,294,1037
8900,39.146,25.128,1.154963,1.095459,0.059504,128.9208,0.805176,0.0,0.99875,0.00125,51200,6600747,754,9014,300,1053
8950,39.409,25.275,1.239473,1.197388,0.042086,128.8683,0.808418,0.0,0.998008,0.001992,51200,6598056,760,9803,303,1058
9000,39.666,25.411,1.106333,1.117432,-0.011099,128.844,0.836133,0.0,0.997617,0.002383,51200,6596813,770,8224,297,1059
9050,39.911,25.543,1.095492,1.058472,0.03702,128.7858,0.858125,0.0,0.996699,0.003301,51200,6593833,790,8144,276,1059
9100,40.152,25.678,1.044893,1.01001,0.034884,128.755,0.858555,0.0,0.996074,0.003926,51200,6592258,725,6879,272,1059
9150,40.399,25.814,1.028624,1.034912,-0.006288,128.5884,0.863652,0.0,0.993535,0.006465,51200,6583728,796,7246,273,1059
9200,40.64,25.95,1.127017,1.082153,0.044863,128.7007,0.878906,0.0,0.995391,0.004609,51200,6589474,810,8223,275,1061
9250,40.881,26.087,1.120404,1.092896,0.027508,128.7058,0.882949,0.0,0.995293,0.004707,51200,6589738,751,8766,274,1061
9300,41.121,26.222,1.059108,1.03064,0.028469,128.8644,0.889629,0.0,0.998125,0.001875,51200,6597856,808,7775,274,1061
9350,41.362,26.358,1.062381,1.072754,-0.010373,128.9913,0.868379,0.0,0.999824,0.000176,51200,6604353,769,8212,274,1061
9400,41.607,26.494,1.057537,1.048828,0.008709,128.9493,0.861836,0.0,0.999258,0.000742,51200,6602203,793,7795,280,1062
9450,41.866,26.629,0.964095,0.998779,-0.034684,128.9382,0.861621,0.0,0.998984,0.001016,51200,6601637,853,6849,276,1062
9500,42.102,26.764,0.946251,0.960449,-0.014198,128.7154,0.854336,0.0,0.995527,0.004473,51200,6590229,726,6799,273,1063
9550,42.34,26.895,1.014465,0.986328,0.028137,128.4467,0.846406,0.0,0.991816,0.008184,51200,6576470,799,6918,271,1063
9600,42.579,27.03,1.028208,1.001953,0.026255,128.527,0.839453,0.0,0.992637,0.007363,51200,6580580,782,6842,297,1083
9650,42.82,27.165,1.141546,1.065796,0.07575,128.6884,0.846348,0.0,0.995176,0.004824,51200,6588848,808,7787,294,1085
9700,43.06,27.301,1.269871,1.157227,0.112644,128.8375,0.828535,0.0,0.997402,0.002598,51200,6596481,774,9395,287,1085
9750,43.306,27.437,1.238201,1.166138,0.072063,128.7089,0.845449,0.0,0.995645,0.004355,51200,6589896,788,9070,316,1097
9800,43.529,27.582,1.159307,1.130615,0.028691,128.6759,0.842852,0.0,0.99502,0.00498,51200,6588206,794,8658,301,1097
9850,43.648,27.649,1.129255,1.123779,0.005476,128.8688,0.838379,0.0,0.998086,0.001914,51200,6598085,742,8386,290,1103
9900,43.775,27.723,1.189939,1.161621,0.028318,128.9804,0.826191,0.0,0.999629,0.000371,51200,6603796,804,9412,293,1104
9950,43.967,27.855,1.13194,1.11145,0.02049,128.6959,0.831738,0.0,0.995449,0.004551,51200,6589228,800,8665,294,1104
10000,44.093,27.924,1.177033,1.132812,0.044221,132.7898,0.854121,0.000547,0.989844,0.009609,51200,6798837,774,8231,296,1110
10050,44.333,28.063,1.089336,1.075195,0.014141,144.6985,0.857363,0.001992,0.991973,0.006035,51200,7408565,815,8260,290,1110
10100,44.588,28.205,1.06238,1.053101,0.009279,148.2799,0.850391,0.002441,0.990918,0.006641,51200,7591929,781,7810,285,1111
10150,44.736,28.3,1.158558,1.129883,0.028675,142.8265,0.837891,0.001758,0.992676,0.005566,51200,7312719,813,9533,283,1120
10200,44.859,28.369,1.318656,1.242554,0.076102,144.0547,0.830117,0.001895,0.994316,0.003789,51200,7375601,762,10164,278,1120
10250,45.1,28.499,1.425374,1.34436,0.081014,144.7233,0.836016,0.001992,0.993105,0.004902,51200,7409835,783,12188,277,1122
10300,45.355,28.641,1.345778,1.284912,0.060866,147.2162,0.854141,0.002285,0.994453,0.003262,51200,7537469,768,10794,281,1132
10350,45.605,28.779,1.277566,1.216675,0.060891,141.1696,0.868223,0.001523,0.996914,0.001562,51200,7227882,761,9653,275,1134
10400,45.846,28.921,1.192434,1.10791,0.084524,145.4918,0.863965,0.00207,0.994844,0.003086,51200,7449180,774,9462,290,1147
10450,46.096,29.066,1.18728,1.158203,0.029076,137.79,0.858379,0.001113,0.995938,0.002949,51200,7054848,820,9432,307,1158
10500,46.338,29.202,1.146958,1.105713,0.041245,128.8164,0.862559,0.0,0.997168,0.002832,51200,6595400,752,8765,299,1168
10550,46.592,29.339,1.186816,1.16333,0.023486,128.8921,0.856816,0.0,0.998398,0.001602,51200,6599274,765,9142,287,1171
10600,46.837,29.477,1.192057,1.177368,0.014688,128.8346,0.867324,0.0,0.997539,0.002461,51200,6596331,824,9261,289,1180
10650,47.059,29.616,1.189181,1.157227,0.031954,128.9537,0.861094,0.0,0.999219,0.000781,51200,6602428,800,9172,280,1180
10700,47.178,29.684,1.192811,1.13208,0.060731,128.8943,0.835234,0.0,0.998398,0.001602,51200,6599387,788,9241,286,1185
10750,47.332,29.752,1.138655,1.105835,0.03282,128.8668,0.841836,0.0,0.997832,0.002168,51200,6597979,781,8673,273,1185
10800,47.48,29.844,1.139101,1.056885,0.082216,128.8761,0.846387,0.0,0.998008,0.001992,51200,6598454,788,8245,272,1185
10850,47.635,29.948,1.137777,1.099731,0.038045,128.7854,0.848184,0.0,0.996797,0.003203,51200,6593814,786,9189,271,1185
10900,47.755,30.015,1.097607,1.077148,0.020459,128.4813,0.850781,0.0,0.991895,0.008105,51200,6578244,800,8987,280,1189
10950,47.944,30.085,1.087572,1.062866,0.024706,128.7169,0.840605,0.0,0.995547,0.004453,51200,6590304,767,8893,277,1190
11000,48.181,30.218,1.154945,1.085571,0.069374,128.9174,0.819355,0.0,0.998828,0.001172,51200,6600573,772,8985,280,1195
11050,48.422,30.353,1.114384,1.121216,-0.006831,134.8458,0.803711,0.000703,0.998652,0.000645,51200,6904107,766,9113,279,1195
11100,48.667,30.484,1.182896,1.125,0.057896,128.7199,0.812227,0.0,0.995742,0.004258,51200,6590460,735,8991,290,1205
11150,48.908,30.622,1.164516,1.089966,0.07455,128.7791,0.836113,0.0,0.996738,0.003262,51200,6593489,818,8645,291,1210
11200,49.104,30.764,1.172919,1.108887,0.064032,128.8344,0.848301,0.0,0.997461,0.002539,51200,6596319,787,9300,309,1215
11250,49.225,30.832,1.086543,1.048096,0.038447,128.8814,0.846348,0.0,0.99834,0.00166,51200,6598726,807,8247,294,1215
11300,49.42,30.916,1.103564,1.084839,0.018725,128.7645,0.855723,0.0,0.996113,0.003887,51200,6592740,812,8641,305,1223
11350,49.662,31.053,1.116261,1.095703,0.020558,128.6201,0.863496,0.0,0.993945,0.006055,51200,6585350,762,8580,287,1223
11400,49.907,31.189,1.146563,1.090454,0.056109,128.6118,0.870566,0.0,0.993867,0.006133,51200,6584923,795,8629,280,1223
11450,50.072,31.257,1.160037,1.115112,0.044925,128.8584,0.856074,0.0,0.997695,0.002305,51200,6597552,812,8870,293,1235
11500,50.323,31.398,1.233995,1.170776,0.063218,128.7757,0.838125,0.0,0.996289,0.003711,51200,6593318,809,9817,307,1244
11550,50.564,31.534,1.283987,1.199707,0.08428,128.9087,0.835547,0.0,0.998633,0.001367,51200,6600127,792,10426,285,1245
11600,50.807,31.67,1.302118,1.230225,0.071894,128.8167,0.846387,0.0,0.997031,0.002969,51200,6595414,778,10752,302,1256
11650,51.045,31.807,1.313027,1.270264,0.042764,128.6545,0.854648,0.0,0.994902,0.005098,51200,6587112,757,11766,303,1257
11700,51.285,31.944,1.448327,1.316162,0.132165,128.7931,0.852793,0.0,0.99666,0.00334,51200,6594207,750,11839,297,1258
11750,51.536,32.085,1.458388,1.371704,0.086684,128.7975,0.880215,0.0,0.996973,0.003027,51200,6594431,828,12295,293,1259
11800,51.661,32.156,1.431681,1.33374,0.097941,128.815,0.888184,0.0,0.99707,0.00293,51200,6595327,817,11586,285,1259
11850,51.807,32.226,1.57139,1.457031,0.114359,128.6202,0.872793,0.0,0.993828,0.006172,51200,6585355,781,13267,289,1261
11900,52.008,32.367,1.576336,1.443848,0.132489,134.6192,0.870234,0.000762,0.991152,0.008086,51200,6892504,777,12766,286,1262
11950,52.134,32.443,1.601606,1.446045,0.155561,138.9307,0.862617,0.00127,0.99375,0.00498,51200,7113254,785,13349,284,1262
12000,52.326,32.536,1.537178,1.424194,0.112984,128.8548,0.844355,0.0,0.997656,0.002344,51200,6597365,786,12824,285,1262
12050,52.571,32.676,1.432238,1.302368,0.12987,128.7328,0.842129,0.0,0.99584,0.00416,51200,6591120,793,11475,286,1262
12100,52.79,32.814,1.256653,1.231079,0.025573,128.8497,0.868438,0.0,0.997656,0.002344,51200,6597105,770,9983,284,1262
12150,52.935,32.882,1.30546,1.230103,0.075358,128.8948,0.863613,0.0,0.998262,0.001738,51200,6599413,792,10193,287,1262
12200,53.175,33.019,1.172383,1.119629,0.052754,128.8883,0.860527,0.0,0.998242,0.001758,51200,6599082,787,8823,290,1262
12250,53.307,33.099,1.169856,1.130249,0.039607,128.93,0.860547,0.0,0.998867,0.001133,51200,6601216,773,9048,296,1262
12300,53.442,33.167,1.222425,1.14978,0.072645,128.8692,0.852051,0.0,0.997969,0.002031,51200,6598101,826,9219,296,1262
12350,53.637,33.304,1.188392,1.138672,0.04972,128.9979,0.84168,0.0,0.999961,3.9e-05,51200,6604690,790,8784,303,1262
12400,53.787,33.372,1.0869,1.075806,0.011094,128.8987,0.862305,0.0,0.998477,0.001523,51200,6599615,765,8175,300,1262
12450,54.028,33.508,1.102212,1.055786,0.046426,128.9967,0.847148,0.0,0.999941,5.9e-05,51200,6604629,796,8209,294,1262
12500,54.274,33.644,1.153092,1.085205,0.067887,128.7454,0.858105,0.0,0.996074,0.003926,51200,6591766,800,8060,288,1262
12550,54.518,33.78,1.142517,1.105347,0.037171,128.8694,0.867129,0.0,0.998066,0.001934,51200,6598113,795,8724,285,1262
12600,54.765,33.921,1.304597,1.234009,0.070588,128.8613,0.880488,0.0,0.997734,0.002266,51200,6597697,767,9804,280,1262
12650,55.022,34.062,1.333485,1.227417,0.106068,129.5283,0.875293,7.8e-05,0.998223,0.001699,51200,6631849,801,9538,288,1265
12700,55.28,34.2,1.146529,1.137207,0.009322,128.8516,0.897422,0.0,0.997617,0.002383,51200,6597202,781,8124,291,1266
12750,55.522,34.337,1.126739,1.047363,0.079376,128.8895,0.87666,0.0,0.99832,0.00168,51200,6599140,764,7672,300,1269
12800,55.758,34.472,1.014696,0.994385,0.020312,128.8133,0.878184,0.0,0.997129,0.002871,51200,6595239,777,7035,286,1269
12850,55.995,34.607,1.024437,1.000854,0.023583,128.7766,0.878906,0.0,0.99668,0.00332,51200,6593361,748,7230,289,1269
12900,56.238,34.742,1.089032,1.076294,0.012738,129.9115,0.859844,0.000156,0.994258,0.005586,51200,6651471,807,7939,274,1269
12950,56.478,34.878,1.068577,1.060303,0.008274,131.5222,0.853691,0.000371,0.99252,0.007109,51200,6733938,775,7561,274,1269
13000,56.716,35.013,1.139134,1.104858,0.034275,128.6457,0.846777,0.0,0.994395,0.005605,51200,6586660,754,8338,273,1269
13050,56.964,35.143,1.162939,1.140503,0.022436,128.6241,0.853477,0.0,0.994004,0.005996,51200,6585556,764,8578,275,1270
13100,57.223,35.283,1.123766,1.116211,0.007556,128.9386,0.869219,0.0,0.999043,0.000957,51200,6601658,765,8205,274,1270
13150,57.465,35.42,1.253274,1.207275,0.045999,128.9478,0.855898,0.0,0.999219,0.000781,51200,6602125,788,9667,278,1277
13200,57.703,35.556,1.26519,1.199707,0.065483,128.9863,0.858145,0.0,0.999766,0.000234,51200,6604098,790,9730,271,1277
13250,57.823,35.624,1.286876,1.211914,0.074962,128.9011,0.844219,0.0,0.998438,0.001562,51200,6599737,859,10083,293,1287
13300,57.958,35.691,1.226428,1.177246,0.049182,128.8133,0.83002,0.0,0.997363,0.002637,51200,6595240,749,9828,288,1287
13350,58.179,35.828,1.292439,1.220947,0.071492,128.822,0.829941,0.0,0.997324,0.002676,51200,6595684,762,10195,290,1289
13400,58.311,35.905,1.410676,1.314453,0.096223,128.7352,0.837949,0.0,0.99582,0.00418,51200,6591240,813,11616,287,1290
13450,58.45,35.976,1.35132,1.298828,0.052492,130.3125,0.836348,0.000195,0.995879,0.003926,51200,6671999,815,11310,283,1290
13500,58.708,36.121,1.30714,1.243652,0.063488,128.9729,0.843145,0.0,0.999531,0.000469,51200,6603410,772,10373,299,1297
13550,58.94,36.258,1.286434,1.231689,0.054744,128.5714,0.84418,0.0,0.993281,0.006719,51200,6582858,769,10181,287,1298
13600,59.062,36.327,1.170281,1.140137,0.030145,129.7062,0.850781,0.000117,0.995781,0.004102,51200,6640956,762,9431,290,1301
13650,59.293,36.454,1.190162,1.160034,0.030128,128.8132,0.848008,0.0,0.997168,0.002832,51200,6595234,731,9401,283,1303
13700,59.459,36.565,1.301643,1.253662,0.047981,128.5649,0.847617,0.0,0.993789,0.006211,51200,6582524,766,10524,284,1305
13750,59.659,36.658,1.402473,1.343262,0.059212,129.1765,0.832695,7.8e-05,0.993086,0.006836,51200,6613837,772,11876,293,1311
13800,59.784,36.728,1.198638,1.168823,0.029814,140.5733,0.84248,0.001484,0.992715,0.005801,51200,7197355,779,8517,295,1315
13850,59.945,36.796,1.246002,1.182495,0.063507,128.7223,0.850684,0.0,0.996016,0.003984,51200,6590583,806,9053,289,1317
13900,60.094,36.889,1.268699,1.210449,0.05825,128.6461,0.867754,0.0,0.99498,0.00502,51200,6586679,862,9874,305,1325
13950,60.275,36.958,1.322042,1.218994,0.103048,128.5587,0.880938,0.0,0.993633,0.006367,51200,6582207,731,9404,293,1325
14000,60.437,37.064,1.351221,1.27478,0.07644,128.482,0.879961,0.0,0.992402,0.007598,51200,6578279,794,9534,292,1333
14050,60.626,37.139,1.359383,1.285034,0.074348,128.53,0.876445,0.0,0.993086,0.006914,51200,6580734,765,9861,290,1337
14100,60.807,37.268,1.466837,1.368774,0.098063,128.5446,0.86709,0.0,0.992832,0.007168,51200,6581485,783,11965,283,1337
14150,60.93,37.337,1.606452,1.478027,0.128425,128.5022,0.849629,0.0,0.992148,0.007852,51200,6579311,848,12710,288,1340
14200,61.051,37.408,1.513558,1.418091,0.095468,128.7444,0.853184,0.0,0.995566,0.004434,51200,6591715,765,11707,288,1340
14250,61.171,37.477,1.493943,1.409302,0.084641,128.5537,0.849785,0.0,0.993281,0.006719,51200,6581950,712,12231,288,1340
14300,61.29,37.545,1.475408,1.395264,0.080144,128.7976,0.834316,0.0,0.996953,0.003047,51200,6594438,794,12722,286,1345
14350,61.414,37.615,1.490711,1.4198,0.070911,128.8199,0.823691,0.0,0.996992,0.003008,51200,6595577,812,12520,288,1345
14400,61.538,37.685,1.461797,1.373901,0.087895,130.5695,0.83502,0.000195,0.997676,0.002129,51200,6685157,751,12026,289,1347
14450,61.662,37.755,1.461056,1.369141,0.091915,128.8759,0.852715,0.0,0.998242,0.001758,51200,6598445,781,11597,301,1355
14500,61.782,37.823,1.423588,1.32251,0.101078,128.9037,0.851328,0.0,0.998535,0.001465,51200,6599867,741,11351,292,1355
14550,61.903,37.893,1.335169,1.247803,0.087367,128.9632,0.857988,0.0,0.999355,0.000645,51200,6602914,753,10419,283,1355
14600,62.024,37.962,1.338535,1.227295,0.11124,128.8944,0.856797,0.0,0.998438,0.001562,51200,6599395,821,10381,284,1355
14650,62.147,38.031,1.251505,1.191284,0.060221,128.8589,0.841191,0.0,0.997617,0.002383,51200,6597576,812,9663,284,1356
14700,62.269,38.102,1.279363,1.193359,0.086004,128.9137,0.833652,0.0,0.998652,0.001348,51200,6600380,807,9586,296,1360
14750,62.39,38.17,1.165793,1.081055,0.084738,128.7701,0.836406,0.0,0.996367,0.003633,51200,6593030,750,7930,290,1360
14800,62.512,38.238,1.232685,1.157349,0.075336,128.8566,0.850469,0.0,0.997832,0.002168,51200,6597456,782,9067,293,1372
14850,62.645,38.306,1.134344,1.08728,0.047064,128.857,0.842285,0.0,0.997734,0.002266,51200,6597476,845,7900,308,1383
14900,62.761,38.374,1.009973,0.99292,0.017053,128.8826,0.843398,0.0,0.998164,0.001836,51200,6598791,785,7367,307,1383
14950,62.877,38.441,1.011127,1.007446,0.00368,128.8591,0.841191,0.0,0.997793,0.002207,51200,6597587,768,7546,291,1385
15000,62.993,38.507,0.974088,0.973022,0.001065,128.9119,0.829316,0.0,0.998652,0.001348,51200,6600288,798,7220,276,1388
15050,63.114,38.574,1.055956,1.061401,-0.005445,128.756,0.823066,0.0,0.996211,0.003789,51200,6592305,776,8537,274,1389
15100,63.237,38.642,1.017872,1.06958,-0.051708,128.8558,0.821406,0.0,0.998047,0.001953,51200,6597415,826,7542,271,1389
15150,63.358,38.711,0.985145,0.992065,-0.00692,128.8268,0.835176,0.0,0.997402,0.002598,51200,6595933,785,7049,270,1392
15200,63.483,38.779,1.021182,1.024658,-0.003477,128.899,0.853516,0.0,0.998516,0.001484,51200,6599630,787,7354,269,1403
15250,63.608,38.848,1.093159,1.080933,0.012226,128.9219,0.863105,0.0,0.998945,0.001055,51200,6600803,806,8225,283,1403
15300,63.73,38.916,1.095821,1.065186,0.030635,128.983,0.861719,0.0,0.999688,0.000312,51200,6603929,796,7718,282,1403
15350,63.853,38.985,1.142694,1.100952,0.041742,128.9729,0.852812,0.0,0.999551,0.000449,51200,6603415,789,8555,280,1403
15400,63.977,39.055,1.225318,1.175049,0.050269,128.8224,0.862793,0.0,0.99707,0.00293,51200,6595708,791,9280,273,1403
15450,64.099,39.123,1.280366,1.255981,0.024384,128.867,0.853906,0.0,0.997871,0.002129,51200,6597990,757,10499,277,1403
15500,64.222,39.191,1.374181,1.292969,0.081212,128.9504,0.842129,0.0,0.999219,0.000781,51200,6602262,765,11206,279,1405
15550,64.346,39.26,1.490548,1.372559,0.117989,128.8226,0.838047,0.0,0.997168,0.002832,51200,6595717,795,12198,284,1410
15600,64.471,39.329,1.367035,1.250244,0.116791,128.8437,0.842539,0.0,0.99748,0.00252,51200,6596796,798,10446,290,1410
15650,64.595,39.397,1.311745,1.267822,0.043923,128.781,0.84957,0.0,0.996895,0.003105,51200,6593586,815,10544,297,1420
15700,64.716,39.466,1.3196,1.211304,0.108296,128.8489,0.859453,0.0,0.997598,0.002402,51200,6597063,731,10160,297,1427
15750,64.843,39.537,1.331663,1.256348,0.075315,139.3874,0.862695,0.001328,0.993594,0.005078,51200,7136633,808,10533,287,1428
15800,64.965,39.607,1.216396,1.14917,0.067226,128.7427,0.877949,0.0,0.995117,0.004883,51200,6591627,743,9092,284,1428
15850,65.093,39.676,1.179378,1.124634,0.054744,128.958,0.878027,0.0,0.999375,0.000625,51200,6602651,809,8997,286,1428
15900,65.218,39.745,1.192047,1.134277,0.05777,128.8861,0.879648,0.0,0.998086,0.001914,51200,6598969,733,8506,299,1430
15950,65.345,39.814,1.120126,1.120605,-0.000479,128.8253,0.884844,0.0,0.997148,0.002852,51200,6595854,828,7916,297,1430
16000,65.468,39.882,1.109622,1.070923,0.038699,128.8418,0.888184,0.0,0.997656,0.002344,51200,6596699,751,8047,284,1430
16050,65.588,39.95,1.077319,1.034058,0.043261,128.8336,0.877676,0.0,0.997539,0.002461,51200,6596279,722,7915,286,1438
16100,65.707,40.018,1.170783,1.109253,0.06153,128.7449,0.863984,0.0,0.996113,0.003887,51200,6591738,829,8982,278,1439
16150,65.83,40.086,1.396726,1.255127,0.141599,128.7426,0.869219,0.0,0.995859,0.004141,51200,6591621,789,11009,277,1439
16200,65.952,40.154,1.306965,1.234863,0.072101,128.9817,0.868281,0.0,0.999707,0.000293,51200,6603861,854,10233,273,1439
16250,66.074,40.222,1.268244,1.186279,0.081964,128.9452,0.867441,0.0,0.999199,0.000801,51200,6601996,769,9399,274,1439
16300,66.193,40.289,1.168635,1.127319,0.041316,128.9193,0.863203,0.0,0.998789,0.001211,51200,6600667,735,9207,282,1441
16350,66.314,40.357,1.289747,1.216309,0.073439,128.8868,0.836855,0.0,0.998203,0.001797,51200,6599003,806,10534,295,1446
16400,66.436,40.425,1.263706,1.209106,0.0546,128.8842,0.819414,0.0,0.998242,0.001758,51200,6598870,818,10310,301,1454
16450,66.558,40.494,1.403629,1.312622,0.091007,128.7611,0.816562,0.0,0.996387,0.003613,51200,6592570,778,11758,305,1456
16500,66.692,40.566,1.395434,1.320923,0.074511,128.8756,0.820391,0.0,0.997852,0.002148,51200,6598430,769,12140,303,1463
16550,66.816,40.635,1.349513,1.27832,0.071192,128.8609,0.817168,0.0,0.997754,0.002246,51200,6597679,768,11391,297,1465
16600,66.942,40.704,1.278211,1.245728,0.032483,128.7023,0.821953,0.0,0.995449,0.004551,51200,6589556,824,10879,292,1465
16650,67.065,40.774,1.228957,1.191162,0.037795,128.7277,0.848438,0.0,0.995488,0.004512,51200,6590860,769,9903,297,1465
16700,67.187,40.842,1.205765,1.169067,0.036698,128.7295,0.82168,0.0,0.996035,0.003965,51200,6590952,812,9861,303,1465
16750,67.308,40.91,1.153207,1.156006,-0.002799,128.8377,0.841133,0.0,0.99752,0.00248,51200,6596488,743,9483,294,1468
16800,67.429,40.978,1.145479,1.081665,0.063814,128.806,0.852285,0.0,0.996973,0.003027,51200,6594869,803,8328,290,1469
16850,67.55,41.045,1.102463,1.059814,0.042648,128.8421,0.861426,0.0,0.997559,0.002441,51200,6596718,768,7691,280,1469
16900,67.672,41.113,1.162843,1.122437,0.040407,130.5289,0.857676,0.000195,0.999141,0.000664,51200,6683082,799,8623,286,1472
16950,67.794,41.181,1.113762,1.091675,0.022087,128.8215,0.86918,0.0,0.99709,0.00291,51200,6595660,747,8609,281,1472
17000,67.917,41.249,1.176371,1.121826,0.054545,128.673,0.84752,0.0,0.994961,0.005039,51200,6588058,766,8625,278,1472
17050,68.041,41.317,1.172685,1.136719,0.035966,128.4849,0.851426,0.0,0.992441,0.007559,51200,6578426,820,8943,284,1472
17100,68.163,41.385,1.135292,1.098145,0.037147,128.7024,0.863867,0.0,0.995156,0.004844,51200,6589562,743,8356,283,1472
17150,68.284,41.453,1.171375,1.114624,0.056751,128.8262,0.846367,0.0,0.997363,0.002637,51200,6595903,767,8478,296,1472
17200,68.409,41.521,1.148611,1.08252,0.066091,128.9121,0.867852,0.0,0.998652,0.001348,51200,6600300,747,8122,311,1478
17250,68.532,41.59,1.017679,1.016968,0.000711,129.1809,0.894277,2e-05,0.999746,0.000234,51200,6614060,777,7044,296,1478
17300,68.653,41.657,0.955079,0.970337,-0.015257,128.9876,0.888789,0.0,0.999785,0.000215,51200,6604163,746,6459,291,1478
17350,68.773,41.725,1.003737,1.008301,-0.004564,128.9119,0.882129,0.0,0.99873,0.00127,51200,6600287,795,7020,287,1478
17400,68.896,41.793,1.089949,1.076416,0.013533,128.8855,0.86373,0.0,0.998262,0.001738,51200,6598939,762,8073,285,1479
17450,69.018,41.862,1.224139,1.105347,0.118792,128.7208,0.867031,0.0,0.995449,0.004551,51200,6590506,807,8854,288,1485
17500,69.14,41.931,1.124191,1.073486,0.050704,130.6941,0.850508,0.000254,0.994277,0.005469,51200,6691536,819,7775,293,1489
17550,69.264,42.0,1.101723,1.043701,0.058022,128.4382,0.873164,0.0,0.991504,0.008496,51200,6576036,786,7191,295,1490
17600,69.39,42.068,1.069987,1.059448,0.010539,128.6387,0.872598,0.0,0.994258,0.005742,51200,6586302,770,6979,303,1490
17650,69.514,42.137,1.126175,1.084351,0.041825,128.9122,0.884531,0.0,0.998398,0.001602,51200,6600307,851,7672,295,1490
17700,69.637,42.205,1.16559,1.104492,0.061098,128.8273,0.880234,0.0,0.997422,0.002578,51200,6595959,817,8467,293,1490
17750,69.762,42.276,1.262354,1.194214,0.06814,128.9653,0.863555,0.0,0.999434,0.000566,51200,6603021,784,9779,292,1491
17800,69.88,42.345,1.471784,1.363892,0.107892,128.8695,0.861855,0.0,0.998066,0.001934,51200,6598120,785,12398,280,1494
17850,70.001,42.415,1.524428,1.406006,0.118422,128.9479,0.849043,0.0,0.999219,0.000781,51200,6602132,797,12943,279,1495
17900,70.122,42.485,1.551987,1.421997,0.12999,128.8874,0.846934,0.0,0.998164,0.001836,51200,6599034,803,12743,282,1495
17950,70.246,42.555,1.42931,1.318115,0.111194,132.8979,0.834199,0.000508,0.996602,0.002891,51200,6804375,806,10849,284,1495
18000,70.368,42.624,1.340599,1.262329,0.07827,130.3238,0.838613,0.000195,0.995996,0.003809,51200,6672580,771,10283,283,1495
18050,70.49,42.692,1.392073,1.281738,0.110335,128.6676,0.861973,0.0,0.99498,0.00502,51200,6587783,789,10481,282,1495
18100,70.61,42.76,1.330267,1.228027,0.10224,128.6728,0.870781,0.0,0.994785,0.005215,51200,6588048,803,9438,275,1495
18150,70.734,42.829,1.410594,1.326782,0.083811,128.6981,0.873828,0.0,0.995254,0.004746,51200,6589343,818,10420,281,1498
18200,70.86,42.899,1.464147,1.338135,0.126012,128.2714,0.884141,0.0,0.989336,0.010664,51200,6567498,868,10962,293,1499
18250,70.988,42.969,1.457188,1.318115,0.139072,128.7668,0.869902,2e-05,0.992148,0.007832,51200,6592858,798,11064,292,1499
18300,71.112,43.037,1.470748,1.359497,0.111251,128.3565,0.864023,0.0,0.990996,0.009004,51200,6571854,763,11047,279,1499
18350,71.234,43.107,1.426138,1.316772,0.109365,128.3727,0.852578,2e-05,0.989414,0.010566,51200,6572680,803,10860,279,1507
18400,71.356,43.175,1.432814,1.327026,0.105788,128.4048,0.847363,0.0,0.991738,0.008262,51200,6574324,801,11073,270,1507
18450,71.479,43.243,1.37434,1.2677,0.10664,128.7147,0.83668,0.0,0.996094,0.003906,51200,6590194,796,10441,271,1507
18500,71.607,43.312,1.337852,1.273926,0.063926,128.5536,0.842109,0.0,0.99373,0.00627,51200,6581944,783,10046,302,1527
18550,71.733,43.382,1.223256,1.177979,0.045277,128.3878,0.858867,0.0,0.990547,0.009453,51200,6573454,738,9096,295,1527
18600,71.861,43.453,1.170076,1.124512,0.045564,128.7402,0.8625,0.0,0.99582,0.00418,51200,6591496,763,8477,287,1527
18650,71.983,43.521,1.074304,1.060913,0.013391,128.8476,0.865566,0.0,0.997988,0.002012,51200,6596998,716,7508,278,1527
18700,72.104,43.589,1.010917,1.009766,0.001151,128.6684,0.857363,0.0,0.994551,0.005449,51200,6587823,818,7207,270,1527
18750,72.228,43.658,1.102021,1.071411,0.03061,128.7562,0.852422,0.0,0.996055,0.003945,51200,6592315,837,8423,271,1527
18800,72.352,43.726,1.156897,1.117798,0.039099,128.8108,0.835449,0.0,0.997207,0.002793,51200,6595111,772,8673,283,1531
18850,72.472,43.795,1.216355,1.127319,0.089036,128.6407,0.84418,0.0,0.994375,0.005625,51200,6586404,793,9514,288,1538
18900,72.605,43.863,1.193647,1.167969,0.025678,131.4727,0.840391,0.000332,0.996387,0.003281,51200,6731401,769,9512,294,1538
18950,72.76,43.967,1.293974,1.217529,0.076445,132.7766,0.836074,0.000488,0.997051,0.002461,51200,6798160,816,10220,289,1540
19000,72.879,44.035,1.22837,1.182251,0.046119,129.7138,0.843672,9.8e-05,0.998242,0.00166,51200,6641348,774,9305,295,1545
19050,72.999,44.103,1.216731,1.140381,0.076351,128.9888,0.84418,0.0,0.999766,0.000234,51200,6604228,823,9165,292,1546
19100,73.12,44.171,1.180216,1.117676,0.06254,128.7354,0.844531,0.0,0.995742,0.004258,51200,6591253,787,8697,285,1550
19150,73.242,44.238,1.18752,1.13147,0.056051,128.7025,0.847051,0.0,0.995566,0.004434,51200,6589569,773,8851,283,1551
19200,73.363,44.307,1.25173,1.208008,0.043722,128.7616,0.858047,0.0,0.995977,0.004023,51200,6592592,807,10054,279,1551
19250,73.482,44.375,1.356126,1.280396,0.07573,128.5984,0.853652,0.0,0.993965,0.006035,51200,6584240,779,10574,273,1551
19300,73.601,44.443,1.261434,1.190796,0.070638,128.8287,0.840039,0.0,0.997402,0.002598,51200,6596028,775,9667,275,1552
19350,73.723,44.511,1.303616,1.221558,0.082059,128.7554,0.862871,0.0,0.996094,0.003906,51200,6592278,777,9507,276,1552
19400,73.846,44.58,1.364501,1.233643,0.130858,128.634,0.873145,0.0,0.994336,0.005664,51200,6586061,809,10057,281,1557
19450,73.972,44.649,1.236599,1.159058,0.077542,128.6773,0.879727,0.0,0.994492,0.005508,51200,6588277,764,8729,278,1557
19500,74.096,44.718,1.146408,1.079468,0.06694,128.8133,0.871426,0.0,0.997188,0.002812,51200,6595242,748,7612,283,1557
19550,74.219,44.786,1.095649,1.061523,0.034125,128.8586,0.875508,0.0,0.997734,0.002266,51200,6597559,718,7237,289,1560
19600,74.341,44.853,1.075189,1.045898,0.02929,128.7413,0.875156,0.0,0.996309,0.003691,51200,6591556,800,6854,286,1560
19650,74.466,44.922,1.123536,1.087036,0.0365,128.7294,0.872715,0.0,0.995625,0.004375,51200,6590944,825,7870,277,1560
19700,74.585,44.989,1.084092,1.054443,0.029648,128.9479,0.865684,0.0,0.999102,0.000898,51200,6602131,741,7398,277,1560
19750,74.708,45.057,1.074839,1.060059,0.014781,128.8293,0.859746,0.0,0.997344,0.002656,51200,6596061,779,6769,277,1560
19800,74.828,45.125,1.226995,1.141235,0.08576,128.9196,0.855488,0.0,0.998848,0.001152,51200,6600686,741,9176,273,1560
19850,74.949,45.193,1.389441,1.285156,0.104285,128.9898,0.842754,0.0,0.999844,0.000156,51200,6604276,831,10128,277,1561
19900,75.065,45.261,1.480446,1.324585,0.155862,128.8623,0.838691,0.0,0.997656,0.002344,51200,6597751,733,10977,281,1571
19950,75.184,45.328,1.556735,1.394653,0.162082,128.8459,0.833926,0.0,0.997617,0.002383,51200,6596910,767,11255,276,1571
20000,75.304,45.396,1.509113,1.378296,0.130817,128.897,0.844746,0.0,0.998535,0.001465,51200,6599524,806,11779,276,1573
20050,75.427,45.465,1.546505,1.441895,0.104611,128.7706,0.844395,0.0,0.996543,0.003457,51200,6593057,773,12543,274,1573
20100,75.549,45.534,1.633808,1.529663,0.104145,128.8049,0.867676,0.0,0.996758,0.003242,51200,6594811,801,13795,274,1573
20150,75.669,45.603,1.558808,1.46521,0.093598,128.7102,0.855547,0.0,0.995879,0.004121,51200,6589963,744,13627,283,1578
20200,75.788,45.672,1.460279,1.386353,0.073926,128.6175,0.828633,0.0,0.994023,0.005977,51200,6585216,776,12747,284,1579
20250,75.91,45.74,1.473799,1.38269,0.091108,128.4862,0.821465,0.0,0.991719,0.008281,51200,6578494,786,12557,299,1580
20300,76.032,45.81,1.441079,1.330811,0.110268,128.6321,0.822324,0.0,0.994531,0.005469,51200,6585965,768,12106,285,1580
20350,76.149,45.878,1.30971,1.208862,0.100847,128.6755,0.815938,0.0,0.994844,0.005156,51200,6588187,796,10632,275,1587
20400,76.269,45.945,1.2771,1.24939,0.027711,128.7578,0.818281,0.0,0.996289,0.003711,51200,6592401,856,10498,284,1595
20450,76.387,46.013,1.319077,1.274048,0.045029,128.6635,0.822109,0.0,0.994785,0.005215,51200,6587573,798,11189,280,1598
20500,76.507,46.08,1.450708,1.382568,0.06814,128.3491,0.801953,0.0,0.990078,0.009922,51200,6571475,810,12811,279,1598
20550,76.631,46.149,1.525549,1.446411,0.079138,137.3276,0.813047,0.001113,0.98918,0.009707,51200,7031173,814,13434,277,1601
20600,76.755,46.219,1.498109,1.370361,0.127747,135.1586,0.823984,0.00082,0.991875,0.007305,51200,6920119,784,12399,292,1609
20650,76.877,46.287,1.379323,1.283936,0.095388,128.8146,0.821758,0.0,0.997285,0.002715,51200,6595308,706,11110,298,1615
20700,76.998,46.356,1.270292,1.19104,0.079252,128.874,0.830352,0.0,0.998047,0.001953,51200,6598351,751,9587,280,1616
20750,77.117,46.423,1.177772,1.119385,0.058387,128.8687,0.841641,0.0,0.998008,0.001992,51200,6598076,791,8328,282,1616
20800,77.243,46.491,1.081395,1.068726,0.012669,128.8677,0.858379,0.0,0.997871,0.002129,51200,6598027,770,7379,288,1616
20850,77.362,46.559,0.989726,1.001709,-0.011983,129.1144,0.864258,3.9e-05,0.99625,0.003711,51200,6610658,812,6976,280,1616
20900,77.482,46.627,1.117936,1.059937,0.058,128.8484,0.865645,0.0,0.997637,0.002363,51200,6597038,790,8156,286,1619
20950,77.603,46.695,1.214691,1.189087,0.025604,128.956,0.866074,0.0,0.999219,0.000781,51200,6602546,745,10065,279,1619
21000,77.725,46.765,1.215711,1.164551,0.05116,128.9384,0.855996,0.0,0.998984,0.001016,51200,6601647,816,9166,293,1626
21050,77.843,46.832,1.256035,1.189331,0.066704,128.9871,0.836387,0.0,0.999844,0.000156,51200,6604140,783,10200,285,1630
21100,77.961,46.899,1.171001,1.112915,0.058086,128.8981,0.831016,0.0,0.998574,0.001426,51200,6599581,800,9503,289,1633
21150,78.08,46.967,1.273126,1.177734,0.095392,128.8345,0.829121,0.0,0.997598,0.002402,51200,6596327,799,10491,295,1633
21200,78.201,47.035,1.178736,1.122925,0.055812,128.7653,0.829824,0.0,0.996348,0.003652,51200,6592781,781,9252,292,1634
21250,78.329,47.103,1.201206,1.154785,0.046421,128.8712,0.825723,0.0,0.99793,0.00207,51200,6598205,792,9452,288,1637
21300,78.45,47.174,1.257681,1.19458,0.063101,128.846,0.826406,0.0,0.997754,0.002246,51200,6596914,780,10280,293,1643
21350,78.572,47.243,1.209802,1.126465,0.083337,128.8822,0.841641,0.0,0.997988,0.002012,51200,6598768,831,8910,301,1646
21400,78.696,47.311,1.090032,1.05249,0.037542,128.6826,0.860723,0.0,0.995566,0.004434,51200,6588550,808,8256,294,1646
21450,78.818,47.379,1.066992,1.105957,-0.038965,128.6543,0.853008,0.0,0.994375,0.005625,51200,6587098,771,8262,298,1652
21500,78.935,47.447,1.113885,1.083374,0.030511,128.515,0.845605,0.0,0.99252,0.00748,51200,6579967,753,8660,288,1652
21550,79.055,47.516,1.17397,1.116577,0.057393,128.5715,0.843887,0.0,0.993242,0.006758,51200,6582862,849,9559,296,1657
21600,79.175,47.584,1.194219,1.140869,0.05335,128.8872,0.838105,0.0,0.99832,0.00168,51200,6599024,790,9431,287,1657
21650,79.296,47.652,1.15651,1.095093,0.061418,128.9004,0.856133,0.0,0.998652,0.001348,51200,6599698,745,8990,296,1657
21700,79.417,47.72,1.147243,1.092896,0.054348,128.6441,0.851699,0.0,0.994277,0.005723,51200,6586577,743,8637,291,1657
21750,79.538,47.79,1.123805,1.084595,0.039211,128.717,0.839062,0.0,0.995371,0.004629,51200,6590310,782,8780,300,1665
21800,79.657,47.859,1.053572,1.040161,0.013411,128.8604,0.837461,0.0,0.99793,0.00207,51200,6597653,788,8305,294,1671
21850,79.788,47.926,1.039257,1.027466,0.011791,128.9233,0.810645,0.0,0.998926,0.001074,51200,6600874,772,7861,293,1676
21900,79.927,48.013,1.094612,1.086914,0.007698,128.9094,0.822891,0.0,0.998457,0.001543,51200,6600163,812,8161,281,1677
21950,80.05,48.08,1.096829,1.106201,-0.009372,128.9143,0.841914,0.0,0.998613,0.001387,51200,6600413,763,8179,285,1679
22000,80.171,48.149,1.086741,1.041138,0.045604,128.9682,0.863535,0.0,0.999551,0.000449,51200,6603172,763,7786,280,1679
22050,80.292,48.217,1.14751,1.094604,0.052906,128.8173,0.854609,0.0,0.997305,0.002695,51200,6595447,765,8656,292,1688
22100,80.414,48.286,1.205847,1.126953,0.078894,128.9383,0.847559,0.0,0.999121,0.000879,51200,6601642,805,9020,299,1688
22150,80.54,48.355,1.295036,1.262939,0.032097,128.8921,0.853867,0.0,0.998262,0.001738,51200,6599278,813,10109,292,1690
22200,80.668,48.424,1.098226,1.10022,-0.001994,128.8083,0.848223,0.0,0.996953,0.003047,51200,6594987,768,8684,312,1696
22250,80.783,48.491,1.057585,1.019653,0.037931,128.7131,0.850684,0.0,0.99543,0.00457,51200,6590109,776,8834,299,1697
22300,80.921,48.559,1.193576,1.166138,0.027438,128.7939,0.844668,0.0,0.99666,0.00334,51200,6594249,825,9856,299,1703
22350,81.047,48.634,1.144379,1.12439,0.01999,128.3949,0.837402,0.0,0.991035,0.008965,51200,6573817,758,8616,284,1704
22400,81.167,48.702,1.21789,1.147095,0.070795,128.3034,0.836113,0.0,0.988945,0.011055,51200,6569133,791,9197,295,1705
22450,81.291,48.772,1.229907,1.146973,0.082934,128.4378,0.826074,0.0,0.991289,0.008711,51200,6576014,786,9503,301,1714
22500,81.413,48.839,1.213554,1.164307,0.049248,128.7104,0.820957,0.0,0.995176,0.004824,51200,6589972,795,9979,297,1715
22550,81.532,48.906,1.248162,1.169312,0.07885,128.5395,0.814688,0.0,0.992988,0.007012,51200,6581222,754,10341,299,1722
22600,81.651,48.974,1.28841,1.248047,0.040363,128.5308,0.800312,0.0,0.992559,0.007441,51200,6580775,797,10652,298,1722
22650,81.773,49.042,1.455262,1.315308,0.139954,128.5085,0.79916,0.0,0.992441,0.007559,51200,6579637,724,12236,291,1726
22700,81.898,49.112,1.489121,1.378296,0.110825,128.5865,0.797559,0.0,0.993496,0.006504,51200,6583629,782,12378,288,1730
22750,82.023,49.183,1.460882,1.355835,0.105047,128.611,0.811152,0.0,0.994043,0.005957,51200,6584884,763,12003,281,1731
22800,82.165,49.255,1.413559,1.33252,0.081039,128.4531,0.801758,0.0,0.991309,0.008691,51200,6576801,783,11855,286,1731
22850,82.289,49.326,1.440014,1.348267,0.091747,128.6546,0.822207,0.0,0.994434,0.005566,51200,6587116,752,12195,287,1731
22900,82.413,49.397,1.347742,1.264404,0.083338,128.9713,0.839414,0.0,0.998672,0.001328,51200,6603332,742,10729,281,1732
22950,82.537,49.465,1.348669,1.293091,0.055578,129.0,0.833398,0.0,1.0,0.0,51200,6604800,805,11296,275,1732
23000,82.659,49.534,1.304188,1.243042,0.061146,128.9952,0.826387,0.0,0.999941,5.9e-05,51200,6604554,765,10824,291,1741
23050,82.781,49.602,1.361751,1.262451,0.0993,128.897,0.820723,0.0,0.998359,0.001641,51200,6599524,731,11053,292,1741
23100,82.902,49.67,1.348378,1.230957,0.117421,128.7811,0.808809,0.0,0.996738,0.003262,51200,6593592,776,10463,301,1741
23150,83.024,49.738,1.381915,1.279907,0.102008,128.8751,0.818477,0.0,0.998066,0.001934,51200,6598406,812,11860,291,1744
23200,83.149,49.807,1.401481,1.316406,0.085075,128.8402,0.81502,0.0,0.997617,0.002383,51200,6596620,767,11918,312,1756
23250,83.272,49.877,1.321206,1.227661,0.093545,128.8546,0.840312,0.0,0.997676,0.002324,51200,6597358,789,10678,287,1756
23300,83.407,49.952,1.297138,1.2146,0.082538,128.8785,0.842227,0.0,0.998125,0.001875,51200,6598577,768,10076,284,1756
23350,83.532,50.023,1.314112,1.251709,0.062403,128.9426,0.82707,0.0,0.999102,0.000898,51200,6601861,795,10275,282,1756
23400,83.654,50.091,1.215642,1.174438,0.041203,128.8685,0.818984,0.0,0.997832,0.002168,51200,6598068,757,9603,284,1756
23450,83.774,50.16,1.320368,1.239624,0.080744,128.8082,0.826484,0.0,0.996953,0.003047,51200,6594979,792,10658,292,1764
23500,83.893,50.229,1.326544,1.195435,0.131109,128.8701,0.827988,0.0,0.998027,0.001973,51200,6598149,735,9821,292,1765
23550,84.012,50.297,1.178575,1.125366,0.053209,128.8226,0.832402,0.0,0.997383,0.002617,51200,6595715,765,8800,280,1765
23600,84.133,50.365,1.174258,1.130737,0.043521,128.7746,0.831992,0.0,0.996367,0.003633,51200,6593260,750,8500,271,1765
23650,84.254,50.433,1.27462,1.169922,0.104698,128.9892,0.83752,0.0,0.999863,0.000137,51200,6604246,750,9411,274,1765
23700,84.372,50.501,1.196808,1.123657,0.073151,128.8344,0.833145,0.0,0.997383,0.002617,51200,6596323,801,8895,296,1774
23750,84.492,50.568,1.212669,1.137939,0.074729,128.7584,0.844824,0.0,0.996211,0.003789,51200,6592428,768,8961,305,1775
23800,84.615,50.637,1.172365,1.098755,0.07361,128.5938,0.836367,0.0,0.993516,0.006484,51200,6584001,747,8651,295,1776
23850,84.735,50.704,1.20909,1.164185,0.044906,128.8888,0.845137,0.0,0.998281,0.001719,51200,6599108,821,9461,295,1782
23900,84.852,50.771,1.249288,1.174194,0.075094,128.9717,0.839688,0.0,0.999473,0.000527,51200,6603352,827,10014,303,1786
23950,84.97,50.838,1.361546,1.284302,0.077244,128.7696,0.821836,0.0,0.996836,0.003164,51200,6593006,764,11020,310,1787
24000,85.093,50.906,1.405465,1.330444,0.075021,128.8813,0.821562,0.0,0.998105,0.001895,51200,6598723,778,12094,301,1787
24050,85.216,50.974,1.511151,1.381348,0.129803,128.9014,0.82625,0.0,0.998496,0.001504,51200,6599754,795,12414,290,1788
24100,85.337,51.042,1.42321,1.335938,0.087273,128.9784,0.8225,0.0,0.999648,0.000352,51200,6603696,785,11682,294,1788
24150,85.458,51.11,1.426804,1.309082,0.117722,128.8965,0.820039,0.0,0.998379,0.001621,51200,6599503,750,11300,302,1789
24200,85.578,51.177,1.346893,1.24585,0.101043,128.6324,0.812539,0.0,0.994551,0.005449,51200,6585980,793,9834,298,1789
24250,85.696,51.244,1.269239,1.196777,0.072462,128.7025,0.821582,2e-05,0.992754,0.007227,51200,6589570,764,9407,301,1791
24300,85.815,51.312,1.361705,1.277222,0.084483,128.7505,0.827988,2e-05,0.993594,0.006387,51200,6592027,788,10851,296,1791
24350,85.936,51.381,1.50409,1.385986,0.118103,134.707,0.805527,0.000742,0.994844,0.004414,51200,6896998,753,12352,287,1791
24400,86.059,51.452,1.459439,1.385986,0.073453,143.6474,0.810879,0.001836,0.995605,0.002559,51200,7354748,780,12330,292,1793
24450,86.18,51.521,1.519383,1.406982,0.112401,130.8459,0.808574,0.000234,0.999199,0.000566,51200,6699311,796,12582,289,1794
24500,86.302,51.589,1.449407,1.353394,0.096013,128.9836,0.810215,0.0,0.999766,0.000234,51200,6603958,770,12230,293,1795
24550,86.425,51.658,1.411854,1.348511,0.063343,143.4735,0.795195,0.001797,0.997988,0.000215,51200,7345841,784,12514,298,1795
24600,86.547,51.727,1.49894,1.391602,0.107339,136.175,0.800781,0.000918,0.995605,0.003477,51200,6972159,771,12523,296,1797
24650,86.669,51.796,1.466796,1.369873,0.096923,128.5694,0.824805,0.0,0.993535,0.006465,51200,6582755,809,11984,287,1797
24700,86.792,51.865,1.394106,1.329468,0.064639,128.9079,0.827129,0.0,0.998535,0.001465,51200,6600082,821,11592,285,1797
24750,86.917,51.937,1.353106,1.296265,0.056842,128.87,0.813496,0.0,0.998008,0.001992,51200,6598145,807,11042,282,1797
24800,87.039,52.005,1.332733,1.292236,0.040497,128.6763,0.812578,0.0,0.994883,0.005117,51200,6588229,782,10918,286,1797
24850,87.165,52.073,1.28101,1.216797,0.064213,128.7628,0.81248,0.0,0.996289,0.003711,51200,6592655,780,9247,288,1800
24900,87.29,52.145,1.214498,1.143433,0.071066,132.7481,0.828848,0.000391,0.995977,0.003633,51200,6796702,732,9384,294,1802
24950,87.414,52.218,1.161099,1.116699,0.0444,143.4284,0.809512,0.001543,0.995117,0.00334,51200,7343532,806,9186,288,1806
25000,87.539,52.287,1.104134,1.090576,0.013558,145.0285,0.812871,0.001738,0.99748,0.000781,51200,7425457,821,8301,274,1806
25050,87.666,52.358,1.230183,1.210449,0.019734,144.8115,0.80918,0.001719,0.997266,0.001016,51200,7414347,782,9842,281,1812
25100,87.787,52.429,1.258731,1.234009,0.024722,140.3471,0.81082,0.00123,0.996562,0.002207,51200,7185773,797,10508,282,1813
25150,87.909,52.497,1.325387,1.280029,0.045358,128.5609,0.821055,0.0,0.993301,0.006699,51200,6582318,809,10405,281,1815
25200,88.029,52.565,1.321926,1.244141,0.077785,128.6115,0.849551,0.0,0.993828,0.006172,51200,6584910,799,10058,288,1816
25250,88.147,52.634,1.341699,1.230225,0.111474,128.5072,0.856582,0.0,0.992383,0.007617,51200,6579570,789,10526,286,1816
25300,88.269,52.703,1.236143,1.200317,0.035826,140.7272,0.838242,0.001504,0.992969,0.005527,51200,7205233,777,9374,288,1816
25350,88.395,52.773,1.224089,1.193359,0.03073,140.2728,0.846758,0.001465,0.990391,0.008145,51200,7181969,829,9163,284,1817
25400,88.519,52.842,1.276582,1.240356,0.036226,128.6121,0.856211,0.0,0.994414,0.005586,51200,6584941,795,10054,283,1817
25450,88.641,52.912,1.233294,1.181152,0.052142,128.806,0.857734,0.0,0.996953,0.003047,51200,6594867,800,8885,290,1818
25500,88.761,52.979,1.19078,1.171875,0.018905,128.9882,0.849668,0.0,0.999824,0.000176,51200,6604195,779,9139,287,1818
25550,88.881,53.048,1.195324,1.158325,0.036999,132.13,0.853691,0.000391,0.999062,0.000547,51200,6765056,779,9104,279,1822
25600,89.005,53.118,1.178778,1.1073,0.071479,143.1327,0.85873,0.001758,0.997637,0.000605,51200,7328394,722,8415,282,1823
25650,89.127,53.188,1.154667,1.139526,0.01514,145.7462,0.838945,0.002109,0.994062,0.003828,51200,7462208,789,8838,280,1823
25700,89.249,53.256,1.105079,1.096436,0.008643,135.6413,0.844355,0.000859,0.994629,0.004512,51200,6944837,767,8362,273,1823
25750,89.368,53.326,1.044438,1.019409,0.025029,128.5415,0.862441,0.0,0.992754,0.007246,51200,6581326,755,7724,287,1825
25800,89.506,53.394,1.118266,1.133301,-0.015035,128.585,0.860117,0.0,0.993789,0.006211,51200,6583553,801,8830,285,1825
25850,89.64,53.473,1.170942,1.121704,0.049238,128.8203,0.862969,0.0,0.997227,0.002773,51200,6595600,826,8544,307,1829
25900,89.764,53.542,1.062886,1.067505,-0.004619,128.6584,0.849941,0.0,0.994824,0.005176,51200,6587308,772,7780,309,1830
25950,89.888,53.611,1.069448,1.071533,-0.002085,128.9113,0.857148,0.0,0.998594,0.001406,51200,6600257,728,8376,306,1830
26000,90.011,53.68,0.953244,0.988525,-0.035281,128.855,0.868613,0.0,0.997578,0.002422,51200,6597375,854,6821,300,1838
26050,90.128,53.747,0.954538,0.955444,-0.000906,128.8386,0.839297,0.0,0.997344,0.002656,51200,6596537,815,6618,294,1838
26100,90.25,53.813,0.955193,0.953857,0.001335,129.7223,0.840723,0.000117,0.996367,0.003516,51200,6641780,769,6768,299,1838
26150,90.368,53.881,1.008173,0.990845,0.017329,128.8952,0.849023,0.0,0.998359,0.001641,51200,6599432,830,6993,299,1838
26200,90.488,53.95,1.081955,1.042358,0.039596,128.8397,0.851465,0.0,0.99791,0.00209,51200,6596591,823,7211,282,1838
26250,90.606,54.019,0.999694,0.986572,0.013122,128.8622,0.863398,0.0,0.997949,0.002051,51200,6597744,781,6917,272,1838
26300,90.726,54.087,0.959637,0.979492,-0.019855,128.8063,0.876152,0.0,0.997012,0.002988,51200,6594884,809,6135,272,1838
26350,90.845,54.155,1.067771,1.018799,0.048972,128.8584,0.868477,0.0,0.99791,0.00209,51200,6597548,782,7538,272,1838
26400,90.965,54.221,1.091903,1.06665,0.025253,128.9576,0.841055,0.0,0.999219,0.000781,51200,6602627,806,8168,279,1838
26450,91.083,54.289,1.07139,1.050049,0.021341,128.9228,0.846387,0.0,0.998652,0.001348,51200,6600847,785,7882,280,1838
26500,91.202,54.356,1.004355,1.021118,-0.016763,128.7258,0.84793,0.0,0.995977,0.004023,51200,6590763,809,7700,295,1844
26550,91.332,54.435,1.015256,1.033447,-0.018191,128.524,0.846934,0.0,0.992559,0.007441,51200,6580427,784,7506,287,1844
26600,91.455,54.503,1.080684,1.043213,0.037471,128.4248,0.842676,0.0,0.991133,0.008867,51200,6575351,796,7437,281,1845
26650,91.577,54.572,1.029987,1.022705,0.007282,128.2847,0.828926,0.0,0.988242,0.011758,51200,6568176,760,6998,279,1846
26700,91.697,54.64,1.095668,1.079468,0.016201,128.4647,0.854668,0.0,0.991543,0.008457,51200,6577394,776,8280,281,1846
26750,91.816,54.708,1.220026,1.160767,0.05926,128.755,0.858125,0.0,0.996016,0.003984,51200,6592258,778,8994,286,1850
26800,91.933,54.776,1.296954,1.213623,0.083331,128.7629,0.858398,0.0,0.996523,0.003477,51200,6592658,800,10337,286,1850
26850,92.051,54.845,1.322516,1.239868,0.082648,133.5978,0.846016,0.000586,0.99748,0.001934,51200,6840206,733,10526,284,1850
26900,92.169,54.913,1.366147,1.298706,0.067441,128.7712,0.822754,0.0,0.996504,0.003496,51200,6593088,810,10974,285,1852
26950,92.296,54.98,1.369376,1.296997,0.072378,128.7663,0.81584,0.0,0.996602,0.003398,51200,6592832,769,11716,284,1852
27000,92.414,55.048,1.366831,1.296997,0.069834,128.7282,0.811074,0.0,0.995703,0.004297,51200,6590883,779,10945,278,1852
27050,92.535,55.116,1.289276,1.257324,0.031951,128.8186,0.803105,0.0,0.997148,0.002852,51200,6595512,836,10221,274,1852
27100,92.655,55.184,1.224521,1.208374,0.016147,128.771,0.8175,0.0,0.996484,0.003516,51200,6593076,770,9585,277,1852
27150,92.777,55.251,1.290451,1.258545,0.031906,128.8831,0.820684,0.0,0.998301,0.001699,51200,6598817,776,10137,282,1856
27200,92.899,55.319,1.226711,1.152222,0.074489,128.8749,0.844609,0.0,0.997969,0.002031,51200,6598397,747,8297,279,1856
27250,93.017,55.387,1.060155,1.078857,-0.018702,128.7429,0.839297,0.0,0.995918,0.004082,51200,6591634,753,7319,289,1856
27300,93.135,55.454,1.158565,1.144653,0.013911,128.8242,0.834863,0.0,0.997422,0.002578,51200,6595801,813,8533,292,1856
27350,93.255,55.521,1.28267,1.246826,0.035844,128.8044,0.844336,0.0,0.996953,0.003047,51200,6594785,804,10197,292,1856
27400,93.378,55.59,1.24696,1.203125,0.043835,128.6503,0.854844,0.0,0.994492,0.005508,51200,6586894,858,9347,290,1856
27450,93.519,55.667,1.193444,1.149536,0.043908,128.6886,0.860684,0.0,0.995156,0.004844,51200,6588857,805,8934,280,1856
27500,93.641,55.737,1.110566,1.078125,0.032441,128.901,0.850527,0.0,0.998477,0.001523,51200,6599731,768,8184,284,1856
27550,93.761,55.806,1.108502,1.089722,0.018781,128.9612,0.83627,0.0,0.999355,0.000645,51200,6602815,768,8528,278,1856
27600,93.88,55.874,1.025549,1.035156,-0.009607,128.8008,0.82418,0.0,0.996953,0.003047,51200,6594603,802,7613,282,1860
27650,94.003,55.943,1.039371,1.037598,0.001773,128.718,0.82875,0.0,0.995742,0.004258,51200,6590361,799,7223,280,1861
27700,94.119,56.011,1.079748,1.017944,0.061804,128.5725,0.819922,0.0,0.993145,0.006855,51200,6582911,763,7657,275,1861
27750,94.237,56.078,1.041438,1.073975,-0.032537,128.5448,0.821074,0.0,0.99252,0.00748,51200,6581495,766,8081,270,1861
27800,94.357,56.147,1.134225,1.121582,0.012643,128.6633,0.816758,0.0,0.994766,0.005234,51200,6587562,822,9060,298,1861
27850,94.477,56.215,1.174416,1.126587,0.047829,128.7034,0.82168,0.0,0.995605,0.004395,51200,6589616,797,9223,299,1861
27900,94.597,56.283,1.152516,1.123047,0.029469,128.7901,0.830703,0.0,0.996738,0.003262,51200,6594055,787,9301,304,1862
27950,94.719,56.35,1.140542,1.120239,0.020303,128.8374,0.814219,0.0,0.997324,0.002676,51200,6596477,827,8767,310,1864
28000,94.84,56.418,1.163127,1.141357,0.021769,128.7324,0.825762,0.0,0.995918,0.004082,51200,6591100,777,9316,297,1865
28050,94.961,56.486,1.125934,1.13147,-0.005536,128.4624,0.831836,0.0,0.991699,0.008301,51200,6577277,768,8969,293,1865
28100,95.082,56.554,1.144138,1.150879,-0.006741,128.4897,0.828574,0.0,0.992051,0.007949,51200,6578673,756,9274,294,1871
28150,95.206,56.622,1.215751,1.176636,0.039115,128.841,0.83832,0.0,0.997324,0.002676,51200,6596660,799,9551,287,1877
28200,95.33,56.69,1.15033,1.115479,0.034852,128.8835,0.866035,0.0,0.998105,0.001895,51200,6598836,797,8573,283,1881
28250,95.454,56.759,1.091213,1.054321,0.036892,128.9174,0.885977,0.0,0.99875,0.00125,51200,6600573,791,7802,285,1881
28300,95.576,56.827,0.950697,0.956543,-0.005846,128.9052,0.885371,0.0,0.998301,0.001699,51200,6599944,799,5808,275,1881
28350,95.697,56.895,1.099464,1.055298,0.044166,128.9288,0.882363,0.0,0.998887,0.001113,51200,6601154,787,7395,275,1881
28400,95.814,56.964,1.183231,1.097656,0.085575,128.9939,0.881074,0.0,0.999922,7.8e-05,51200,6604486,761,8346,282,1881
28450,95.935,57.033,1.281128,1.213135,0.067994,128.7554,0.851934,0.0,0.996348,0.003652,51200,6592278,791,10020,283,1881
28500,96.057,57.103,1.242723,1.158813,0.083909,128.7968,0.834688,0.0,0.994609,0.005391,51200,6594397,783,8943,284,1881
28550,96.183,57.176,1.171801,1.133057,0.038745,128.6967,0.851523,0.0,0.995391,0.004609,51200,6589269,762,8608,291,1887
28600,96.303,57.243,1.061618,1.041504,0.020114,128.6857,0.843906,0.0,0.995234,0.004766,51200,6588706,811,7756,282,1887
28650,96.456,57.343,1.069654,1.063232,0.006421,128.6918,0.814609,0.0,0.994688,0.005312,51200,6589018,788,7685,297,1887
28700,96.577,57.411,1.025458,1.028564,-0.003107,128.7667,0.841172,0.0,0.996328,0.003672,51200,6592855,767,7208,309,1889
28750,96.694,57.478,1.000668,0.992188,0.008481,128.7564,0.848809,0.0,0.996172,0.003828,51200,6592327,779,7639,305,1889
28800,96.828,57.546,1.113326,1.085815,0.02751,128.8591,0.821719,0.0,0.997949,0.002051,51200,6597587,778,8728,304,1895
28850,96.964,57.629,1.112947,1.115601,-0.002654,128.9871,0.809297,0.0,0.999844,0.000156,51200,6604142,775,8648,302,1895
28900,97.081,57.696,1.110738,1.091064,0.019674,129.0,0.793711,0.0,1.0,0.0,51200,6604800,772,8770,316,1903
28950,97.204,57.763,1.173086,1.156006,0.01708,128.9422,0.793574,0.0,0.998984,0.001016,51200,6601839,792,8971,327,1903
29000,97.329,57.831,1.179415,1.146484,0.032931,129.0,0.819531,0.0,1.0,0.0,51200,6604800,779,8830,314,1903
29050,97.452,57.901,1.126681,1.073364,0.053316,128.94,0.844043,0.0,0.99916,0.00084,51200,6601728,738,8205,304,1903
29100,97.575,57.972,1.18126,1.140503,0.040757,138.6406,0.827852,0.001211,0.996992,0.001797,51200,7098401,818,9274,291,1904
29150,97.698,58.041,1.173571,1.148315,0.025255,132.3387,0.828457,0.00043,0.997812,0.001758,51200,6775741,776,9201,296,1904
29200,97.819,58.108,1.202283,1.1427,0.059583,128.7999,0.848418,0.0,0.996934,0.003066,51200,6594556,768,8990,301,1904
29250,97.937,58.176,1.154195,1.109131,0.045064,128.8261,0.850195,0.0,0.997539,0.002461,51200,6595895,746,8687,301,1904
29300,98.056,58.244,1.305008,1.248901,0.056107,128.646,0.858184,0.0,0.994766,0.005234,51200,6586673,849,10774,293,1904
29350,98.176,58.312,1.409072,1.303345,0.105727,128.7949,0.838203,0.0,0.996973,0.003027,51200,6594300,806,12089,293,1904
29400,98.298,58.38,1.519792,1.387329,0.132463,128.6974,0.819062,0.0,0.995293,0.004707,51200,6589306,823,12855,292,1912
29450,98.419,58.449,1.367482,1.295044,0.072438,128.5491,0.808887,0.0,0.993125,0.006875,51200,6581716,776,11632,299,1915
29500,98.543,58.517,1.288029,1.234863,0.053166,128.8415,0.798145,0.0,0.997617,0.002383,51200,6596684,763,10605,293,1915
29550,98.665,58.585,1.271767,1.19873,0.073037,128.7078,0.794941,0.0,0.995684,0.004316,51200,6589839,750,10570,311,1915
29600,98.791,58.655,1.307417,1.247681,0.059737,128.7174,0.8025,0.0,0.995449,0.004551,51200,6590331,780,11015,306,1918
29650,98.914,58.723,1.274216,1.217773,0.056442,128.8521,0.798047,0.0,0.997578,0.002422,51200,6597225,750,10828,300,1918
29700,99.038,58.791,1.233363,1.201782,0.031581,128.8053,0.801816,0.0,0.997012,0.002988,51200,6594831,766,10208,308,1918
29750,99.16,58.858,1.243947,1.20105,0.042897,128.7154,0.81541,0.0,0.995527,0.004473,51200,6590229,785,9914,289,1918
29800,99.281,58.926,1.290974,1.215698,0.075275,128.9058,0.806836,2e-05,0.996172,0.003809,51200,6599978,805,10162,291,1918
29850,99.404,58.996,1.320282,1.288086,0.032196,140.2192,0.814609,0.001426,0.994258,0.004316,51200,7179224,803,11086,295,1918
29900,99.527,59.064,1.372418,1.298218,0.0742,134.0718,0.822812,0.000645,0.997285,0.00207,51200,6864478,775,11187,290,1918
29950,99.649,59.133,1.468131,1.390991,0.07714,128.6923,0.805371,0.0,0.995352,0.004648,51200,6589047,803,12642,297,1918
30000,99.772,59.202,1.539548,1.438477,0.101072,128.7712,0.809023,0.0,0.996289,0.003711,51200,6593085,805,13265,293,1918
30050,99.893,59.272,1.526265,1.444214,0.082051,128.7857,0.802422,0.0,0.994375,0.005625,51200,6593828,781,13771,264,1918
30100,100.016,59.342,1.569168,1.48877,0.080398,128.8702,0.794004,0.0,0.997969,0.002031,51200,6598152,785,13996,265,1918
30150,100.14,59.412,1.60899,1.529663,0.079327,128.7281,0.791387,0.0,0.995664,0.004336,51200,6590880,787,14894,278,1918
30200,100.261,59.481,1.582454,1.509644,0.072811,128.8126,0.804727,0.0,0.996895,0.003105,51200,6595204,773,14470,295,1918
30250,100.386,59.551,1.624007,1.534424,0.089583,128.6875,0.787754,0.0,0.995195,0.004805,51200,6588802,820,14456,307,1923
30300,100.508,59.621,1.667858,1.546509,0.12135,130.6234,0.800957,0.000254,0.993008,0.006738,51200,6687920,834,14871,314,1923
30350,100.632,59.69,1.574938,1.466064,0.108874,128.6656,0.801797,0.0,0.994883,0.005117,51200,6587677,768,13795,325,1924
30400,100.754,59.759,1.488623,1.434692,0.053931,128.6923,0.800898,0.0,0.994805,0.005195,51200,6589047,803,13242,336,1927
30450,100.873,59.828,1.569166,1.445923,0.123243,129.2969,0.780234,7.8e-05,0.994492,0.00543,51200,6620000,831,13665,304,1927
30500,101.002,59.898,1.646009,1.530273,0.115736,128.636,0.782305,0.0,0.994414,0.005586,51200,6586163,790,14712,310,1927
30550,101.128,59.968,1.715707,1.591431,0.124277,128.4554,0.789102,0.0,0.992129,0.007871,51200,6576916,772,15183,302,1927
30600,101.254,60.039,1.60044,1.492554,0.107886,128.5674,0.803809,0.0,0.993359,0.006641,51200,6582649,820,14515,291,1927
30650,101.377,60.11,1.539456,1.454468,0.084988,128.7172,0.803359,0.0,0.995605,0.004395,51200,6590322,778,13936,290,1927
30700,101.497,60.179,1.536754,1.429443,0.10731,128.5911,0.784648,0.0,0.99373,0.00627,51200,6583865,760,13865,301,1930
30750,101.617,60.247,1.614626,1.504517,0.110109,128.3943,0.765879,0.0,0.990996,0.009004,51200,6573788,745,14666,316,1933
30800,101.741,60.316,1.653946,1.544922,0.109024,128.0117,0.781367,0.0,0.984863,0.015137,51200,6554200,841,14472,313,1934
30850,101.867,60.387,1.562695,1.4729,0.089795,140.1179,0.789746,0.001465,0.987891,0.010645,51200,7174038,748,13257,294,1934
30900,101.992,60.456,1.533835,1.450562,0.083274,128.3078,0.783418,0.0,0.988887,0.011113,51200,6569357,783,13420,300,1934
30950,102.117,60.526,1.51124,1.434937,0.076303,128.3257,0.80293,0.0,0.989316,0.010684,51200,6570276,739,13266,307,1934
31000,102.24,60.595,1.485781,1.384399,0.101382,128.1931,0.80834,0.0,0.98748,0.01252,51200,6563489,761,12691,300,1934
31050,102.364,60.664,1.368934,1.296509,0.072425,128.2696,0.80916,0.0,0.989043,0.010957,51200,6567403,739,10671,285,1935
31100,102.486,60.732,1.332839,1.281982,0.050857,128.4516,0.823164,0.0,0.991895,0.008105,51200,6576723,779,10685,284,1935
31150,102.607,60.8,1.307495,1.253418,0.054077,128.4159,0.815273,0.0,0.991035,0.008965,51200,6574896,828,10864,296,1939
31200,102.727,60.868,1.456833,1.353638,0.103196,128.5076,0.815957,0.0,0.99248,0.00752,51200,6579588,826,11929,292,1939
31250,102.847,60.936,1.336221,1.266235,0.069985,128.6501,0.830234,0.0,0.994688,0.005312,51200,6586883,764,10243,292,1941
31300,102.969,61.005,1.328559,1.279175,0.049384,128.8247,0.846523,0.0,0.997051,0.002949,51200,6595826,815,10786,293,1942
31350,103.107,61.084,1.207501,1.13501,0.072492,128.9896,0.85209,0.0,0.999824,0.000176,51200,6604266,786,9173,287,1942
31400,103.224,61.151,1.160157,1.11853,0.041626,129.247,0.845703,3.9e-05,0.999023,0.000938,51200,6617444,761,8666,272,1942
31450,103.342,61.218,1.21018,1.154297,0.055883,128.9691,0.850117,0.0,0.999414,0.000586,51200,6603220,725,9181,271,1942
31500,103.486,61.301,1.241462,1.174194,0.067267,138.2629,0.829043,0.001152,0.998438,0.00041,51200,7079063,755,9110,274,1942
31550,103.627,61.382,1.33071,1.225098,0.105612,146.0771,0.838164,0.002129,0.996426,0.001445,51200,7479148,809,9731,279,1942
31600,103.752,61.452,1.27518,1.208984,0.066196,128.8006,0.831855,0.0,0.996973,0.003027,51200,6594593,780,9339,274,1945
31650,103.872,61.52,1.304506,1.212646,0.09186,128.7212,0.834277,0.0,0.995469,0.004531,51200,6590525,786,9592,272,1945
31700,103.994,61.588,1.314436,1.238525,0.075911,128.5873,0.840234,0.0,0.993516,0.006484,51200,6583672,804,9869,283,1945
31750,104.117,61.657,1.32611,1.259766,0.066345,128.4796,0.849082,0.0,0.991934,0.008066,51200,6578158,789,9909,279,1945
31800,104.239,61.725,1.262976,1.213501,0.049475,128.5303,0.851367,0.0,0.992539,0.007461,51200,6580749,748,9482,287,1946
31850,104.36,61.794,1.240596,1.180786,0.059809,128.5256,0.845508,0.0,0.992852,0.007148,51200,6580510,800,9213,282,1946
31900,104.484,61.863,1.230725,1.199951,0.030774,128.7267,0.834844,0.0,0.995957,0.004043,51200,6590805,813,9318,300,1946
31950,104.604,61.931,1.193475,1.156494,0.036981,128.8354,0.835586,0.0,0.997539,0.002461,51200,6596373,808,9452,304,1948
32000,104.723,61.998,1.209273,1.164551,0.044722,128.9304,0.836582,0.0,0.998906,0.001094,51200,6601237,791,9498,311,1951
32050,104.843,62.067,1.277102,1.174805,0.102297,128.9264,0.831895,0.0,0.998848,0.001152,51200,6601031,790,9719,306,1951
32100,104.962,62.135,1.229064,1.154419,0.074646,128.9138,0.828691,0.0,0.998633,0.001367,51200,6600386,748,9668,304,1951
32150,105.082,62.203,1.18432,1.144531,0.039788,128.9914,0.846934,0.0,0.999883,0.000117,51200,6604362,759,9140,299,1953
32200,105.202,62.27,1.150292,1.121582,0.02871,128.8876,0.833359,0.0,0.998398,0.001602,51200,6599047,767,8658,303,1959
32250,105.323,62.338,1.182236,1.125366,0.05687,129.0,0.83416,0.0,1.0,0.0,51200,6604800,792,8753,295,1959
32300,105.443,62.406,1.18906,1.123291,0.065769,128.98,0.84291,0.0,0.999766,0.000234,51200,6603775,759,8747,295,1959
32350,105.564,62.475,1.141264,1.08252,0.058744,128.8369,0.847109,0.0,0.99748,0.00252,51200,6596451,776,8095,285,1959
32400,105.685,62.543,1.035966,1.029785,0.006181,128.7029,0.855801,0.0,0.99541,0.00459,51200,6589588,800,7620,285,1959
32450,105.803,62.61,1.011086,1.019043,-0.007957,128.6718,0.854863,0.0,0.994883,0.005117,51200,6587998,772,7879,275,1959
32500,105.92,62.677,1.031525,1.026001,0.005524,128.6991,0.840371,0.0,0.995332,0.004668,51200,6589396,819,7725,283,1961
32550,106.04,62.745,1.293558,1.220947,0.072611,128.6537,0.830488,0.0,0.994512,0.005488,51200,6587067,790,10207,283,1961
32600,106.162,62.813,1.393054,1.310059,0.082995,128.6675,0.823711,0.0,0.994629,0.005371,51200,6587777,766,11179,292,1961
32650,106.28,62.881,1.277333,1.221069,0.056264,128.6436,0.816504,0.0,0.994785,0.005215,51200,6586552,787,9949,285,1966
32700,106.401,62.948,1.259302,1.222168,0.037134,128.7842,0.81207,0.0,0.996621,0.003379,51200,6593750,818,9949,286,1974
32750,106.522,63.016,1.211449,1.156494,0.054955,128.7729,0.839766,0.0,0.996465,0.003535,51200,6593170,752,9088,287,1974
32800,106.643,63.085,1.22647,1.157104,0.069366,128.6932,0.846191,0.0,0.995586,0.004414,51200,6589092,804,9416,273,1974
32850,106.766,63.152,1.242059,1.151367,0.090692,128.8282,0.846465,0.0,0.997246,0.002754,51200,6596003,748,9232,294,1974
32900,106.911,63.224,1.184277,1.127197,0.05708,128.6845,0.849844,0.0,0.995059,0.004941,51200,6588645,776,8895,291,1985
32950,107.057,63.314,1.136848,1.084473,0.052376,128.9461,0.869434,0.0,0.999121,0.000879,51200,6602039,786,8289,283,1985
33000,107.188,63.383,1.143399,1.094482,0.048916,128.9543,0.883164,0.0,0.999375,0.000625,51200,6602458,818,7468,280,1985
33050,107.315,63.452,1.179838,1.092285,0.087553,128.9093,0.906875,0.0,0.998555,0.001445,51200,6600155,749,7337,282,1985
33100,107.44,63.523,1.027429,1.024292,0.003137,129.1676,0.913672,3.9e-05,0.997695,0.002266,51200,6613379,806,6285,272,1985
33150,107.558,63.591,1.181162,1.124268,0.056895,128.8068,0.879434,2e-05,0.994297,0.005684,51200,6594906,780,8649,274,1985
33200,107.677,63.658,1.152641,1.105103,0.047539,128.7646,0.868613,0.0,0.996211,0.003789,51200,6592745,778,8207,272,1985
33250,107.797,63.726,1.221624,1.156494,0.06513,128.9777,0.847949,0.0,0.999727,0.000273,51200,6603660,832,8305,272,1985
33300,107.918,63.794,1.193354,1.14978,0.043573,128.9379,0.851797,0.0,0.999102,0.000898,51200,6601621,789,8643,280,1993
33350,108.041,63.866,1.186394,1.124146,0.062249,128.8977,0.868809,0.0,0.998203,0.001797,51200,6599560,795,9013,284,1993
33400,108.159,63.933,1.124766,1.094116,0.03065,128.8811,0.849785,0.0,0.998145,0.001855,51200,6598713,764,8808,291,1993
33450,108.279,64.001,1.101271,1.080933,0.020338,128.9387,0.849648,0.0,0.999043,0.000957,51200,6601661,787,8406,289,1993
33500,108.399,64.068,1.147589,1.091675,0.055914,128.831,0.841992,0.0,0.9975,0.0025,51200,6596149,761,8349,297,1993
33550,108.521,64.136,1.154505,1.12207,0.032435,128.8266,0.850605,0.0,0.997461,0.002539,51200,6595921,850,9076,284,1994
33600,108.645,64.208,1.194072,1.127441,0.06663,128.8273,0.861836,0.0,0.997402,0.002598,51200,6595959,784,9063,273,1994
33650,108.763,64.275,1.226305,1.181641,0.044664,128.7492,0.853535,0.0,0.996016,0.003984,51200,6591958,816,9648,279,1994
33700,108.88,64.343,1.26681,1.179321,0.087489,128.5373,0.832148,0.0,0.99291,0.00709,51200,6581111,765,9890,273,1996
33750,109.0,64.415,1.227956,1.192261,0.035695,128.7543,0.817656,0.0,0.996445,0.003555,51200,6592221,804,10262,266,1996
33800,109.115,64.482,1.237649,1.183228,0.054422,128.673,0.82127,0.0,0.994844,0.005156,51200,6588057,784,9972,269,1996
33850,109.234,64.549,1.301912,1.257568,0.044343,128.6372,0.824922,0.0,0.994258,0.005742,51200,6586224,811,10566,272,1996
33900,109.355,64.617,1.464537,1.413086,0.051451,128.6264,0.824609,0.0,0.993145,0.006855,51200,6585674,774,12894,276,1998
33950,109.474,64.685,1.47147,1.381836,0.089634,128.8143,0.828828,0.0,0.996797,0.003203,51200,6595291,821,12788,275,1999
34000,109.595,64.753,1.424562,1.362427,0.062135,128.4336,0.800098,0.0,0.990879,0.009121,51200,6575799,802,12231,285,2005
34050,109.724,64.827,1.463747,1.369873,0.093874,128.3317,0.803691,0.0,0.989023,0.010977,51200,6570582,829,12105,304,2005
34100,109.849,64.896,1.428504,1.330322,0.098182,128.5796,0.82418,0.0,0.993262,0.006738,51200,6583277,798,12141,312,2005
34150,109.972,64.965,1.324792,1.218628,0.106164,128.6622,0.823125,0.0,0.994805,0.005195,51200,6587507,759,10259,305,2005
34200,110.094,65.033,1.196318,1.15271,0.043608,128.5381,0.829453,0.0,0.99248,0.00752,51200,6581149,812,9197,301,2006
34250,110.218,65.101,1.243972,1.146118,0.097854,128.6208,0.845996,0.0,0.994453,0.005547,51200,6585387,776,9188,303,2006
34300,110.345,65.17,1.191716,1.146851,0.044866,128.6966,0.858066,0.0,0.995332,0.004668,51200,6589268,833,9117,288,2007
34350,110.468,65.239,1.053374,1.038696,0.014677,128.5023,0.873926,0.0,0.992207,0.007793,51200,6579318,775,7563,290,2007
34400,110.6,65.317,1.083896,1.066528,0.017368,128.716,0.876875,0.0,0.995547,0.004453,51200,6590260,747,7415,290,2007
34450,110.725,65.384,1.032593,1.035034,-0.002441,129.0,0.860215,0.0,1.0,0.0,51200,6604800,746,7068,292,2007
34500,110.849,65.453,1.060203,1.046143,0.014061,128.9804,0.86375,0.0,0.999727,0.000273,51200,6603796,749,6847,276,2007
34550,110.968,65.52,0.968912,1.008301,-0.039389,128.9082,0.868359,0.0,0.998496,0.001504,51200,6600102,778,6734,275,2007
34600,111.085,65.587,1.005253,0.999268,0.005985,128.6824,0.847051,0.0,0.995117,0.004883,51200,6588539,786,7326,285,2008
34650,111.201,65.654,1.025328,1.044312,-0.018983,128.7797,0.842422,0.0,0.996797,0.003203,51200,6593523,721,7942,292,2008
34700,111.318,65.72,1.089471,1.082153,0.007318,128.7282,0.837148,0.0,0.995645,0.004355,51200,6590883,793,8360,283,2008
34750,111.441,65.788,1.211199,1.21167,-0.000471,128.9725,0.843867,0.0,0.999609,0.000391,51200,6603391,754,9981,276,2008
34800,111.563,65.856,1.290546,1.259888,0.030658,128.9101,0.842754,0.0,0.998594,0.001406,51200,6600199,760,10289,282,2010
34850,111.685,65.924,1.308815,1.271118,0.037697,128.8414,0.835918,0.0,0.997617,0.002383,51200,6596682,842,10867,282,2010
34900,111.807,65.993,1.315195,1.264038,0.051157,128.9067,0.851211,0.0,0.998535,0.001465,51200,6600023,803,10400,278,2010
34950,111.926,66.061,1.232225,1.187988,0.044237,128.9891,0.832363,0.0,0.999746,0.000254,51200,6604240,786,9736,276,2010
35000,112.05,66.129,1.342471,1.289917,0.052554,128.8546,0.842832,0.0,0.997988,0.002012,51200,6597356,755,10816,279,2010
35050,112.172,66.198,1.402865,1.359863,0.043002,128.7862,0.849648,0.0,0.996504,0.003496,51200,6593851,813,11799,279,2017
35100,112.293,66.267,1.37266,1.299072,0.073588,128.9021,0.868906,0.0,0.99834,0.00166,51200,6599786,817,10812,282,2017
35150,112.413,66.335,1.500444,1.36438,0.136064,128.6464,0.85627,0.0,0.994414,0.005586,51200,6586696,857,11942,293,2019
35200,112.535,66.404,1.483078,1.361572,0.121506,128.6065,0.856621,0.0,0.994102,0.005898,51200,6584653,766,12511,284,2019
35250,112.663,66.474,1.527751,1.394531,0.13322,128.5771,0.844453,0.0,0.993809,0.006191,51200,6583148,821,12568,285,2020
35300,112.797,66.554,1.517344,1.386963,0.130381,128.5968,0.84918,0.0,0.993691,0.006309,51200,6584154,852,12243,293,2022
35350,112.918,66.623,1.47525,1.369141,0.10611,128.8424,0.851055,2e-05,0.995312,0.004668,51200,6596732,787,12201,310,2022
35400,113.044,66.696,1.464551,1.377441,0.08711,128.8156,0.842441,0.0,0.997168,0.002832,51200,6595359,814,12427,307,2023
35450,113.165,66.766,1.440924,1.324341,0.116583,128.765,0.828945,0.0,0.996074,0.003926,51200,6592767,796,11876,311,2023
35500,113.286,66.835,1.322211,1.245361,0.07685,128.7351,0.828867,0.0,0.996016,0.003984,51200,6591238,805,10293,332,2023
35550,113.414,66.905,1.315366,1.269165,0.046201,128.6411,0.834863,0.0,0.994434,0.005566,51200,6586423,779,9948,313,2023
35600,113.532,66.973,1.262854,1.208496,0.054358,128.7027,0.832891,0.0,0.995391,0.004609,51200,6589578,775,9895,293,2023
35650,113.65,67.041,1.332455,1.260254,0.072201,128.7711,0.830371,0.0,0.996504,0.003496,51200,6593080,818,10569,288,2023
35700,113.771,67.109,1.333489,1.300171,0.033318,128.7724,0.839805,0.0,0.99625,0.00375,51200,6593149,763,10374,294,2027
35750,113.888,67.178,1.37372,1.289673,0.084047,128.7487,0.85291,0.0,0.995645,0.004355,51200,6591932,810,11501,286,2027
35800,114.008,67.246,1.331285,1.261719,0.069567,128.6775,0.839004,0.0,0.995156,0.004844,51200,6588290,762,10841,284,2027
35850,114.13,67.317,1.250913,1.247925,0.002988,128.637,0.844941,0.0,0.994219,0.005781,51200,6586216,804,11058,277,2027
35900,114.251,67.385,1.333231,1.279419,0.053812,131.7367,0.829316,0.000371,0.995469,0.00416,51200,6744921,813,11204,279,2030
35950,114.37,67.453,1.364009,1.279297,0.084712,128.8619,0.834219,0.0,0.997832,0.002168,51200,6597727,762,10983,286,2030
36000,114.495,67.526,1.284802,1.222778,0.062023,128.841,0.837656,0.0,0.997441,0.002559,51200,6596659,809,10216,294,2034
36050,114.619,67.596,1.193626,1.158691,0.034935,128.5744,0.841992,0.0,0.993223,0.006777,51200,6583009,792,9112,298,2034
36100,114.739,67.664,1.15607,1.122437,0.033633,128.6126,0.853145,0.0,0.994238,0.005762,51200,6584963,775,8677,289,2034
36150,114.874,67.742,1.172281,1.148438,0.023844,128.6845,0.853535,0.0,0.994883,0.005117,51200,6588647,758,8943,287,2038
36200,114.993,67.81,1.24537,1.189575,0.055794,128.9097,0.86123,0.0,0.998691,0.001309,51200,6600176,794,10043,274,2038
36250,115.11,67.879,1.293798,1.209473,0.084326,128.9763,0.868652,0.0,0.999629,0.000371,51200,6603585,821,10272,272,2038
36300,115.231,67.951,1.372671,1.270386,0.102285,128.8343,0.842578,0.0,0.997305,0.002695,51200,6596316,783,11574,275,2043
36350,115.353,68.02,1.311165,1.231201,0.079964,128.7578,0.832773,0.0,0.995938,0.004062,51200,6592397,830,10075,283,2043
36400,115.477,68.089,1.204324,1.184326,0.019998,128.9639,0.84959,0.0,0.999375,0.000625,51200,6602953,827,9236,299,2047
36450,115.602,68.158,1.192075,1.16748,0.024594,128.9676,0.854023,0.0,0.999551,0.000449,51200,6603142,774,8654,294,2048
36500,115.726,68.226,1.177232,1.138428,0.038804,128.9639,0.859961,0.0,0.999473,0.000527,51200,6602950,774,8194,293,2048
36550,115.848,68.294,1.187326,1.132568,0.054758,129.0,0.859805,0.0,1.0,0.0,51200,6604800,795,8770,295,2048
36600,115.971,68.363,1.253152,1.188965,0.064187,128.9312,0.846621,0.0,0.998945,0.001055,51200,6601276,760,9174,299,2048
36650,116.097,68.433,1.289016,1.214111,0.074905,128.8593,0.855918,0.0,0.997715,0.002285,51200,6597594,847,9083,291,2048
36700,116.222,68.502,1.224532,1.179688,0.044845,128.8251,0.884805,0.0,0.996992,0.003008,51200,6595846,765,8574,289,2048
36750,116.343,68.571,1.191232,1.159668,0.031564,128.8369,0.869648,0.0,0.997461,0.002539,51200,6596447,797,8859,297,2049
36800,116.472,68.645,1.210457,1.134644,0.075813,136.8222,0.849609,0.000977,0.998184,0.00084,51200,7005296,816,8759,297,2049
36850,116.592,68.714,1.11136,1.069336,0.042024,129.315,0.855312,3.9e-05,0.999961,0.0,51200,6620926,751,8763,292,2049
36900,116.712,68.781,1.034565,1.020874,0.013691,128.8492,0.849141,0.0,0.997715,0.002285,51200,6597081,771,7225,292,2049
36950,116.831,68.848,1.059236,1.011841,0.047395,128.7277,0.846172,0.0,0.995898,0.004102,51200,6590860,827,7154,289,2049
37000,116.953,68.916,1.0552,1.051758,0.003442,128.7221,0.846543,0.0,0.995488,0.004512,51200,6590571,791,7214,287,2049
37050,117.073,68.983,1.055716,1.054199,0.001517,128.555,0.84584,0.0,0.993262,0.006738,51200,6582018,821,7702,287,2049
37100,117.192,69.051,1.058555,1.045532,0.013023,128.3945,0.853652,0.0,0.990664,0.009336,51200,6573800,763,7342,290,2049
37150,117.311,69.118,1.171898,1.113525,0.058372,128.705,0.837695,0.0,0.995352,0.004648,51200,6589694,834,9209,302,2053
37200,117.427,69.185,1.056398,1.03772,0.018678,128.774,0.832227,0.0,0.996582,0.003418,51200,6593228,744,7958,303,2055
37250,117.578,69.266,1.116939,1.103027,0.013911,128.6771,0.825742,0.0,0.994961,0.005039,51200,6588265,824,8854,303,2055
37300,117.699,69.336,1.253979,1.170654,0.083325,128.5462,0.822266,0.0,0.993008,0.006992,51200,6581568,770,9739,293,2055
37350,117.821,69.404,1.244272,1.186646,0.057627,128.5858,0.821875,0.0,0.993594,0.006406,51200,6583594,826,9642,296,2056
37400,117.944,69.473,1.195679,1.178833,0.016846,128.7588,0.847676,0.0,0.99625,0.00375,51200,6592449,816,9371,304,2057
37450,118.072,69.54,1.218729,1.195435,0.023294,129.339,0.85084,5.9e-05,0.997891,0.002051,51200,6622158,813,9883,304,2058
37500,118.206,69.619,1.238302,1.180664,0.057638,128.8202,0.840938,0.0,0.996934,0.003066,51200,6595594,762,9706,300,2058
37550,118.331,69.693,1.236034,1.160522,0.075512,128.5918,0.857109,0.0,0.993906,0.006094,51200,6583899,800,9389,295,2058
37600,118.448,69.761,1.202465,1.105591,0.096874,128.6955,0.872422,0.0,0.995234,0.004766,51200,6589212,780,9032,294,2060
37650,118.566,69.829,1.161991,1.074829,0.087161,128.7399,0.848555,0.0,0.995879,0.004121,51200,6591483,761,8160,291,2060
37700,118.684,69.897,1.099225,1.046997,0.052228,128.8136,0.836152,0.0,0.997129,0.002871,51200,6595255,796,7340,285,2060
37750,118.8,69.964,0.93028,0.949463,-0.019183,128.9746,0.827051,0.0,0.999668,0.000332,51200,6603500,765,6311,278,2060
37800,118.92,70.031,1.061681,1.074219,-0.012538,128.8046,0.813496,0.0,0.996934,0.003066,51200,6594796,810,7710,274,2060
37850,119.044,70.101,1.15833,1.172485,-0.014155,128.798,0.830195,0.0,0.996914,0.003086,51200,6594458,791,8948,274,2060
37900,119.174,70.171,1.232757,1.192993,0.039764,128.67,0.847012,0.0,0.994512,0.005488,51200,6587905,766,9458,272,2060
37950,119.305,70.245,1.171294,1.136841,0.034454,128.5994,0.853262,0.0,0.993574,0.006426,51200,6584291,769,9144,272,2060
38000,119.434,70.314,1.113201,1.120728,-0.007527,131.4778,0.852754,0.000371,0.992051,0.007578,51200,6731663,793,8520,274,2062
38050,119.564,70.393,1.081046,1.075439,0.005607,131.6881,0.838633,0.00041,0.990527,0.009062,51200,6742432,797,8695,279,2064
38100,119.693,70.462,1.089168,1.083862,0.005306,132.3072,0.819043,0.000469,0.992383,0.007148,51200,6774130,778,8490,293,2066
38150,119.814,70.53,1.104563,1.129639,-0.025076,130.9288,0.828262,0.000273,0.995723,0.004004,51200,6703553,807,8950,293,2066
38200,119.932,70.597,1.242589,1.186401,0.056187,128.7345,0.842188,0.0,0.996074,0.003926,51200,6591206,755,9833,292,2066
38250,120.051,70.665,1.297338,1.257812,0.039526,128.7162,0.837148,0.0,0.995566,0.004434,51200,6590271,771,10355,308,2066
38300,120.168,70.733,1.298018,1.239868,0.05815,128.9505,0.841484,0.0,0.99916,0.00084,51200,6602267,783,10604,293,2066
38350,120.289,70.804,1.287787,1.263916,0.023871,132.654,0.824336,0.000469,0.997383,0.002148,51200,6791887,809,10972,286,2066
38400,120.41,70.872,1.335318,1.289429,0.045889,128.9522,0.801738,0.0,0.99916,0.00084,51200,6602351,774,11633,291,2066
38450,120.545,70.944,1.281317,1.238037,0.043279,128.9544,0.811406,0.0,0.999316,0.000684,51200,6602467,787,11110,295,2071
38500,120.67,71.014,1.270348,1.24646,0.023888,128.9147,0.820645,0.0,0.998574,0.001426,51200,6600431,768,10497,297,2072
38550,120.797,71.084,1.308242,1.234131,0.074111,128.937,0.829961,0.0,0.999043,0.000957,51200,6601574,783,10995,290,2075
38600,120.921,71.156,1.333089,1.279419,0.05367,128.9072,0.826211,0.0,0.998535,0.001465,51200,6600048,820,11593,294,2081
38650,121.04,71.226,1.382723,1.266846,0.115878,128.9347,0.820723,0.0,0.999102,0.000898,51200,6601456,759,11665,289,2081
38700,121.214,71.294,1.379039,1.298584,0.080455,128.7693,0.830664,0.0,0.996465,0.003535,51200,6592989,804,11563,288,2081
38750,121.335,71.364,1.372039,1.275513,0.096526,128.6649,0.827305,0.0,0.99459,0.00541,51200,6587643,774,11381,288,2082
38800,121.462,71.433,1.448388,1.329468,0.11892,128.7512,0.826758,0.0,0.99623,0.00377,51200,6592059,803,11440,288,2082
38850,121.583,71.503,1.410231,1.304321,0.10591,128.6802,0.815234,0.0,0.995176,0.004824,51200,6588427,794,10501,276,2082
38900,121.705,71.572,1.35274,1.257446,0.095294,128.701,0.84209,0.0,0.995176,0.004824,51200,6589491,780,9535,285,2082
38950,121.829,71.641,1.366755,1.287476,0.07928,129.0292,0.86707,5.9e-05,0.993184,0.006758,51200,6606294,772,9826,284,2082
39000,121.95,71.711,1.486604,1.377319,0.109285,135.7446,0.870039,0.000898,0.991309,0.007793,51200,6950123,777,11496,275,2082
39050,122.071,71.781,1.537118,1.389282,0.147836,128.6473,0.87082,0.0,0.994297,0.005703,51200,6586743,844,11922,275,2082
39100,122.19,71.849,1.507221,1.390259,0.116963,128.5597,0.855723,0.0,0.992988,0.007012,51200,6582257,788,11788,285,2082
39150,122.311,71.919,1.486233,1.369873,0.11636,131.6191,0.853633,0.000371,0.994434,0.005195,51200,6738899,789,11624,288,2082
39200,122.465,72.009,1.42986,1.337769,0.092091,132.2749,0.840762,0.000469,0.992188,0.007344,51200,6772473,771,11245,300,2082
39250,122.585,72.078,1.487484,1.339966,0.147518,131.0051,0.831152,0.000332,0.989824,0.009844,51200,6707462,750,11216,302,2090
39300,122.709,72.15,1.527135,1.358154,0.168981,128.5686,0.850859,0.0,0.993633,0.006367,51200,6582711,748,11618,288,2090
39350,122.829,72.219,1.478612,1.360229,0.118382,128.9795,0.844961,0.0,0.999609,0.000391,51200,6603751,774,11557,288,2090
39400,122.947,72.287,1.302695,1.238525,0.06417,128.9767,0.848242,0.0,0.999707,0.000293,51200,6603605,801,9776,277,2090
39450,123.067,72.355,1.213188,1.153809,0.059379,129.0,0.842754,0.0,1.0,0.0,51200,6604800,780,9111,288,2090
39500,123.184,72.422,1.147787,1.121704,0.026083,128.8315,0.843906,0.0,0.997598,0.002402,51200,6596175,772,8967,282,2090
39550,123.304,72.49,1.148744,1.121216,0.027528,128.6351,0.861406,0.0,0.99418,0.00582,51200,6586118,773,8920,279,2090
39600,123.423,72.557,1.172041,1.15564,0.016401,128.8776,0.844883,0.0,0.998125,0.001875,51200,6598531,824,9882,300,2091
39650,123.544,72.626,1.212604,1.181396,0.031207,128.7256,0.820195,0.0,0.995645,0.004355,51200,6590752,789,10338,302,2091
39700,123.667,72.695,1.195082,1.170166,0.024915,128.7819,0.835293,0.0,0.996406,0.003594,51200,6593633,801,9800,315,2091
39750,123.8,72.763,1.228419,1.181763,0.046657,128.7682,0.812461,0.0,0.996133,0.003867,51200,6592933,776,10543,303,2091
39800,123.92,72.831,1.337576,1.282593,0.054983,128.7848,0.796055,0.0,0.996543,0.003457,51200,6593783,739,11882,293,2092
39850,124.04,72.9,1.513938,1.455688,0.05825,128.6236,0.791348,0.0,0.993945,0.006055,51200,6585528,785,14111,297,2095
39900,124.161,72.969,1.548923,1.475708,0.073215,128.741,0.799453,0.0,0.995898,0.004102,51200,6591540,776,14349,283,2095
39950,124.283,73.037,1.566874,1.443848,0.123026,128.547,0.806406,0.0,0.992812,0.007188,51200,6581607,777,13953,284,2099
40000,124.409,73.107,1.535533,1.471069,0.064463,128.7881,0.816074,0.0,0.996777,0.003223,51200,6593952,802,13992,290,2100
40050,124.533,73.178,1.506414,1.392212,0.114203,128.7651,0.820059,0.0,0.996172,0.003828,51200,6592775,787,13348,284,2103
40100,124.656,73.246,1.541934,1.387329,0.154605,128.9425,0.823691,0.0,0.999082,0.000918,51200,6601856,813,12577,306,2105
40150,124.778,73.314,1.497307,1.378784,0.118523,128.889,0.824609,0.0,0.998379,0.001621,51200,6599119,755,12376,309,2105
40200,124.9,73.383,1.475582,1.387695,0.087887,128.9404,0.836562,0.0,0.999121,0.000879,51200,6601750,743,12899,305,2105
40250,125.021,73.452,1.488784,1.365479,0.123306,128.7106,0.832812,0.0,0.995586,0.004414,51200,6589984,742,12388,306,2105
40300,125.142,73.52,1.444101,1.353638,0.090463,128.5856,0.825898,0.0,0.993789,0.006211,51200,6583581,799,12200,305,2106
40350,125.265,73.59,1.636647,1.485107,0.151539,128.6831,0.824609,0.0,0.995078,0.004922,51200,6588576,803,15088,301,2106
40400,125.386,73.661,1.584972,1.480469,0.104504,128.5882,0.816387,0.0,0.993594,0.006406,51200,6583718,762,14673,298,2106
40450,125.507,73.729,1.489597,1.428223,0.061374,128.5772,0.798418,0.0,0.993789,0.006211,51200,6583153,795,13045,306,2107
40500,125.629,73.797,1.506078,1.430664,0.075414,128.6512,0.812871,0.0,0.994707,0.005293,51200,6586939,803,12822,317,2107
40550,125.748,73.865,1.421694,1.323242,0.098452,128.3734,0.820488,0.0,0.990312,0.009688,51200,6572718,787,12016,317,2107
40600,125.868,73.932,1.463699,1.360229,0.10347,128.3882,0.813652,0.0,0.990391,0.009609,51200,6573476,767,12279,311,2107
40650,125.986,74.0,1.448281,1.364624,0.083657,128.4071,0.803223,2e-05,0.987852,0.012129,51200,6574445,836,12895,305,2107
40700,126.106,74.068,1.410664,1.366333,0.044331,128.5101,0.79627,0.0,0.99248,0.00752,51200,6579719,781,12092,296,2107
40750,126.227,74.136,1.371676,1.326782,0.044893,128.536,0.80123,0.0,0.992832,0.007168,51200,6581044,825,11641,300,2110
40800,126.348,74.204,1.377198,1.30127,0.075928,128.3316,0.804121,0.0,0.989648,0.010352,51200,6570577,741,11431,304,2110
40850,126.47,74.272,1.373914,1.325439,0.048474,128.4168,0.805352,0.0,0.99082,0.00918,51200,6574942,762,11563,302,2116
40900,126.59,74.34,1.361217,1.285034,0.076183,128.6688,0.821367,0.0,0.994863,0.005137,51200,6587845,758,11075,287,2116
40950,126.709,74.408,1.405639,1.322754,0.082885,128.7606,0.814941,0.0,0.996562,0.003438,51200,6592541,799,11080,292,2116
41000,126.827,74.476,1.335463,1.283203,0.05226,129.4217,0.82834,7.8e-05,0.996699,0.003223,51200,6626393,854,11098,290,2120
41050,126.948,74.544,1.294541,1.256226,0.038315,132.6998,0.812188,0.000469,0.997676,0.001855,51200,6794230,771,10585,289,2120
41100,127.068,74.612,1.271694,1.224121,0.047572,128.8852,0.824902,0.0,0.997988,0.002012,51200,6598922,746,10432,289,2120
41150,127.189,74.68,1.25986,1.219238,0.040621,128.6339,0.833203,0.0,0.994414,0.005586,51200,6586054,774,10260,295,2120
41200,127.308,74.748,1.228353,1.181274,0.047079,128.6906,0.837109,0.0,0.995176,0.004824,51200,6588961,812,10230,291,2120
41250,127.428,74.815,1.22576,1.186523,0.039236,128.9523,0.802832,0.0,0.999199,0.000801,51200,6602357,796,10317,285,2120
41300,127.548,74.882,1.270812,1.236938,0.033874,128.9179,0.788184,0.0,0.99877,0.00123,51200,6600599,825,10510,294,2121
41350,127.67,74.95,1.383127,1.341553,0.041574,128.7143,0.801797,0.0,0.995781,0.004219,51200,6590174,821,11917,290,2121
41400,127.792,75.019,1.464333,1.383057,0.081277,128.6464,0.801523,0.0,0.994863,0.005137,51200,6586698,859,12491,296,2123
41450,127.912,75.087,1.440174,1.370483,0.069691,128.8668,0.785234,0.0,0.998086,0.001914,51200,6597981,773,12846,290,2124
41500,128.033,75.155,1.402166,1.326904,0.075262,128.5155,0.787012,0.0,0.993008,0.006992,51200,6579996,764,11831,291,2127
41550,128.154,75.222,1.338683,1.304688,0.033995,128.4093,0.777578,0.0,0.991934,0.008066,51200,6574554,762,11470,288,2128
41600,128.276,75.29,1.299238,1.292114,0.007124,128.5855,0.772227,0.0,0.994355,0.005645,51200,6583576,752,11256,298,2128
41650,128.399,75.358,1.344199,1.328247,0.015952,128.6398,0.78498,0.0,0.99502,0.00498,51200,6586356,809,11683,309,2128
41700,128.524,75.425,1.341172,1.322388,0.018784,128.6624,0.793203,0.0,0.994746,0.005254,51200,6587513,797,11537,324,2131
41750,128.645,75.493,1.360877,1.290161,0.070715,128.4274,0.78377,0.0,0.991426,0.008574,51200,6575482,783,11556,317,2131
41800,128.767,75.56,1.351358,1.334595,0.016763,128.5463,0.777383,0.0,0.992734,0.007266,51200,6581570,782,12028,320,2131
41850,128.887,75.627,1.390009,1.3396,0.050409,128.4824,0.784199,0.0,0.992207,0.007793,51200,6578299,826,12263,310,2131
41900,129.007,75.695,1.511316,1.435547,0.075769,128.7046,0.79166,0.0,0.995371,0.004629,51200,6589676,778,13907,297,2131
41950,129.138,75.763,1.448767,1.389038,0.059729,128.8526,0.802949,0.0,0.997852,0.002148,51200,6597252,810,12860,275,2131
42000,129.259,75.831,1.434613,1.380981,0.053631,132.4446,0.802109,0.000449,0.996426,0.003125,51200,6781166,763,12480,279,2132
42050,129.383,75.901,1.380087,1.327393,0.052694,140.744,0.816895,0.001465,0.9975,0.001035,51200,7206091,783,11211,282,2133
42100,129.502,75.968,1.325001,1.289551,0.035451,128.7412,0.819805,0.0,0.996074,0.003926,51200,6591550,782,11519,281,2133
42150,129.621,76.037,1.367497,1.299927,0.06757,128.5571,0.820332,0.0,0.993242,0.006758,51200,6582124,853,10864,277,2133
42200,129.742,76.105,1.33352,1.28186,0.051659,128.7308,0.831562,0.0,0.995625,0.004375,51200,6591019,807,10877,270,2133
42250,129.865,76.173,1.28873,1.245483,0.043247,128.7513,0.825312,0.0,0.996172,0.003828,51200,6592066,762,10392,275,2134
42300,129.986,76.241,1.180454,1.154053,0.026401,128.8992,0.85748,0.0,0.998242,0.001758,51200,6599640,769,9152,283,2134
42350,130.106,76.309,1.160892,1.155884,0.005008,128.9746,0.849629,0.0,0.999512,0.000488,51200,6603501,757,9214,291,2136
42400,130.228,76.377,1.16809,1.164917,0.003173,128.9863,0.846016,0.0,0.999727,0.000273,51200,6604101,783,9086,280,2138
42450,130.359,76.456,1.174075,1.127563,0.046512,128.8191,0.857949,0.0,0.996973,0.003027,51200,6595539,796,8907,273,2139
42500,130.48,76.524,1.13624,1.116455,0.019785,128.5434,0.85998,0.0,0.993047,0.006953,51200,6581421,772,8327,276,2139
42550,130.604,76.593,1.166473,1.154541,0.011932,128.3911,0.848711,0.0,0.991328,0.008672,51200,6573626,782,8765,297,2139
42600,130.725,76.661,1.253069,1.199463,0.053606,128.553,0.86373,0.0,0.993711,0.006289,51200,6581913,759,9270,293,2140
42650,130.844,76.729,1.247912,1.205078,0.042834,128.7993,0.849863,0.0,0.997051,0.002949,51200,6594522,809,9831,292,2140
42700,130.965,76.798,1.322278,1.267334,0.054944,128.7844,0.852441,0.0,0.996641,0.003359,51200,6593761,827,10823,291,2140
42750,131.084,76.866,1.27596,1.216187,0.059774,128.9383,0.843926,0.0,0.999062,0.000938,51200,6601643,757,10608,284,2140
42800,131.203,76.934,1.299944,1.220703,0.079241,128.8254,0.844473,0.0,0.9975,0.0025,51200,6595858,822,10480,293,2140
42850,131.322,77.003,1.325601,1.260498,0.065103,128.8534,0.83543,0.0,0.997734,0.002266,51200,6597295,757,10341,296,2140
42900,131.445,77.071,1.372035,1.304321,0.067713,128.8025,0.844766,0.0,0.996914,0.003086,51200,6594687,772,10552,290,2146
42950,131.568,77.139,1.351315,1.281738,0.069576,129.9333,0.838457,0.000137,0.997285,0.002578,51200,6652583,842,10081,300,2151
43000,131.69,77.208,1.312336,1.23584,0.076496,128.7249,0.850234,0.0,0.995723,0.004277,51200,6590713,765,9759,304,2152
43050,131.81,77.275,1.290277,1.196777,0.0935,128.7289,0.843633,0.0,0.995859,0.004141,51200,6590918,793,8903,297,2154
43100,131.928,77.343,1.294338,1.185913,0.108425,128.7094,0.856562,0.0,0.99541,0.00459,51200,6589919,762,9251,294,2156
43150,132.049,77.411,1.23342,1.168579,0.064841,129.6266,0.837871,9.8e-05,0.997227,0.002676,51200,6636880,820,8543,287,2156
43200,132.244,77.49,1.264056,1.180542,0.083514,146.9326,0.840566,0.002227,0.997383,0.000391,51200,7522947,782,9607,284,2156
43250,132.367,77.559,1.173125,1.133301,0.039824,146.9273,0.837676,0.002227,0.997324,0.000449,51200,7522677,787,8379,275,2156
43300,132.49,77.629,1.23232,1.170166,0.062154,143.9514,0.845664,0.001875,0.995332,0.002793,51200,7370313,748,9046,272,2156
43350,132.612,77.697,1.254874,1.172485,0.082389,129.0631,0.867559,2e-05,0.99832,0.00166,51200,6608030,784,9125,273,2156
43400,132.734,77.765,1.222869,1.179321,0.043548,128.8126,0.870703,0.0,0.996855,0.003145,51200,6595205,784,8525,278,2156
43450,132.855,77.833,1.220935,1.158447,0.062488,128.8331,0.878672,0.0,0.997324,0.002676,51200,6596255,799,8095,282,2156
43500,132.978,77.901,1.176135,1.162842,0.013293,128.8464,0.886484,0.0,0.997539,0.002461,51200,6596938,792,8570,290,2156
43550,133.1,77.969,1.236931,1.174438,0.062493,128.8123,0.874004,0.0,0.997129,0.002871,51200,6595191,808,8837,284,2156
43600,133.22,78.037,1.247817,1.18042,0.067397,128.7041,0.869395,0.0,0.995098,0.004902,51200,6589650,779,9009,286,2156
43650,133.339,78.105,1.367581,1.267578,0.100003,128.602,0.862383,0.0,0.993867,0.006133,51200,6584420,770,10474,285,2156
43700,133.458,78.172,1.285208,1.197754,0.087455,128.4777,0.856934,0.0,0.992754,0.007246,51200,6578059,808,9815,278,2156
43750,133.581,78.241,1.329357,1.251831,0.077526,128.4793,0.839258,0.0,0.99252,0.00748,51200,6578139,758,10023,281,2156
43800,133.702,78.31,1.309458,1.216919,0.092539,128.5399,0.833613,0.0,0.992832,0.007168,51200,6581244,807,10298,278,2156
43850,133.821,78.377,1.242348,1.168823,0.073525,128.942,0.842305,0.0,0.999082,0.000918,51200,6601831,770,9530,287,2156
43900,133.938,78.445,1.391433,1.276245,0.115188,128.7737,0.854238,0.0,0.996328,0.003672,51200,6593211,755,11227,295,2157
43950,134.062,78.514,1.3725,1.314575,0.057925,128.875,0.841387,0.0,0.997969,0.002031,51200,6598401,820,11338,290,2157
44000,134.179,78.582,1.357886,1.257568,0.100317,128.822,0.839336,0.0,0.996992,0.003008,51200,6595684,744,10860,282,2157
44050,134.3,78.65,1.475105,1.38562,0.089485,128.7182,0.819219,0.0,0.995859,0.004141,51200,6590374,786,12242,276,2157
44100,134.422,78.719,1.504386,1.406494,0.097892,128.7727,0.833457,0.0,0.996621,0.003379,51200,6593163,806,12532,268,2157
44150,134.544,78.788,1.437425,1.386719,0.050706,128.7913,0.826328,2e-05,0.994219,0.005762,51200,6594117,774,12556,280,2158
44200,134.666,78.857,1.320329,1.250977,0.069352,128.6394,0.832324,0.0,0.994629,0.005371,51200,6586339,742,10449,280,2158
44250,134.786,78.925,1.209276,1.156494,0.052782,128.9506,0.841309,0.0,0.999316,0.000684,51200,6602269,744,9425,292,2158
44300,134.908,78.993,1.17648,1.108887,0.067594,128.9598,0.85084,0.0,0.999297,0.000703,51200,6602740,818,8549,296,2158
44350,135.029,79.061,1.122991,1.099731,0.023259,129.0,0.854043,0.0,1.0,0.0,51200,6604800,752,8461,301,2161
44400,135.146,79.128,1.113671,1.061401,0.05227,128.9463,0.856172,0.0,0.999102,0.000898,51200,6602053,820,8542,296,2161
44450,135.266,79.196,1.187503,1.108887,0.078616,128.9646,0.840723,0.0,0.999316,0.000684,51200,6602986,718,9195,285,2161
44500,135.384,79.263,1.186714,1.112915,0.073799,128.9992,0.841582,0.0,0.999961,3.9e-05,51200,6604758,789,9334,304,2163
44550,135.502,79.331,1.245939,1.151733,0.094205,128.835,0.823906,0.0,0.997676,0.002324,51200,6596352,798,10099,310,2165
44600,135.62,79.398,1.256997,1.161377,0.09562,128.6048,0.805605,0.0,0.993965,0.006035,51200,6584565,749,9815,301,2165
44650,135.744,79.466,1.288631,1.23877,0.049862,128.8054,0.821699,0.0,0.996895,0.003105,51200,6594834,801,9981,299,2166
44700,135.866,79.535,1.233357,1.180664,0.052693,128.9115,0.827188,0.0,0.99877,0.00123,51200,6600271,722,9226,305,2166
44750,135.987,79.603,1.155578,1.139038,0.016539,128.7657,0.819355,0.0,0.996582,0.003418,51200,6592803,813,9196,297,2166
44800,136.109,79.671,1.262928,1.203003,0.059925,128.5704,0.837559,0.0,0.99293,0.00707,51200,6582806,853,10109,303,2167
44850,136.23,79.74,1.209995,1.171509,0.038486,136.3913,0.844844,0.000996,0.989277,0.009727,51200,6983237,812,9093,301,2167
44900,136.351,79.809,1.124803,1.117798,0.007005,134.3535,0.865156,0.000723,0.991582,0.007695,51200,6878901,785,8425,278,2167
44950,136.473,79.876,1.222994,1.173096,0.049898,128.6201,0.870742,0.0,0.994531,0.005469,51200,6585348,859,9181,286,2168
45000,136.598,79.944,1.177949,1.144165,0.033784,128.7885,0.868945,0.0,0.996543,0.003457,51200,6593971,790,8697,282,2168
45050,136.716,80.012,1.112947,1.106079,0.006868,128.8614,0.874414,0.0,0.997871,0.002129,51200,6597703,820,8693,280,2173
45100,136.836,80.079,1.247535,1.229492,0.018043,128.6983,0.85127,0.0,0.995117,0.004883,51200,6589351,788,10175,280,2175
45150,136.957,80.147,1.446916,1.393799,0.053117,128.8509,0.851973,0.0,0.997578,0.002422,51200,6597166,797,12103,285,2179
45200,137.077,80.215,1.381479,1.344238,0.037241,128.7265,0.830898,0.0,0.995723,0.004277,51200,6590799,847,11312,283,2181
45250,137.197,80.283,1.318888,1.256348,0.06254,128.5427,0.826934,0.0,0.992891,0.007109,51200,6581384,721,9938,285,2181
45300,137.314,80.35,1.268195,1.198608,0.069586,128.9567,0.82998,0.0,0.999277,0.000723,51200,6602582,746,9308,307,2182
45350,137.439,80.419,1.360057,1.281738,0.078319,128.9414,0.839531,0.0,0.999121,0.000879,51200,6601802,778,9713,309,2182
45400,137.56,80.487,1.347335,1.271729,0.075606,128.9283,0.854141,0.0,0.998691,0.001309,51200,6601128,765,9992,302,2182
45450,137.679,80.555,1.405099,1.29895,0.106149,128.9749,0.851699,0.0,0.999688,0.000312,51200,6603513,774,10711,290,2183
45500,137.799,80.623,1.32922,1.279053,0.050167,128.8308,0.840762,0.0,0.997285,0.002715,51200,6596136,754,10408,290,2184
45550,137.917,80.691,1.307487,1.240601,0.066887,128.8568,0.833887,0.0,0.997754,0.002246,51200,6597469,772,10382,290,2184
45600,138.037,80.76,1.228284,1.19397,0.034314,131.4571,0.834805,0.000332,0.995742,0.003926,51200,6730603,780,9277,279,2184
45650,138.152,80.827,1.106125,1.081055,0.025071,128.5797,0.832812,0.0,0.99377,0.00623,51200,6583283,753,8143,271,2184
45700,138.269,80.894,1.068493,1.055664,0.012829,128.763,0.824941,0.0,0.996191,0.003809,51200,6592667,752,7812,268,2184
45750,138.385,80.961,1.041945,1.027466,0.014479,128.773,0.84373,0.0,0.996348,0.003652,51200,6593178,750,7311,277,2184
45800,138.505,81.028,1.016417,1.01709,-0.000673,128.7584,0.867246,0.0,0.996191,0.003809,51200,6592431,815,7230,280,2184
45850,138.622,81.096,0.996008,0.992676,0.003332,128.7496,0.867559,0.0,0.995938,0.004062,51200,6591980,771,7208,277,2184
45900,138.744,81.163,1.009174,0.992065,0.017108,128.6757,0.861152,0.0,0.994727,0.005273,51200,6588198,788,6256,284,2188
45950,138.866,81.231,1.048356,1.028198,0.020158,128.797,0.869062,0.0,0.996641,0.003359,51200,6594404,745,6741,282,2188
46000,138.986,81.298,1.053014,1.006836,0.046178,128.7517,0.86707,0.0,0.995977,0.004023,51200,6592087,771,6759,282,2188
46050,139.106,81.366,1.164168,1.116333,0.047835,128.8363,0.861758,0.0,0.997402,0.002598,51200,6596421,764,8341,282,2188
46100,139.225,81.434,1.225293,1.166504,0.058789,128.8744,0.856934,0.0,0.997988,0.002012,51200,6598369,776,9326,278,2188
46150,139.344,81.502,1.31815,1.250732,0.067418,128.9611,0.853672,0.0,0.999316,0.000684,51200,6602807,742,10480,273,2188
46200,139.464,81.571,1.267103,1.202881,0.064222,128.9116,0.873867,0.0,0.998691,0.001309,51200,6600274,722,9973,274,2188
46250,139.582,81.639,1.322395,1.242065,0.080329,128.8498,0.871426,0.0,0.997734,0.002266,51200,6597112,756,10321,271,2188
46300,139.7,81.708,1.197717,1.16626,0.031457,128.9899,0.87375,0.0,0.999824,0.000176,51200,6604282,785,9490,272,2188
46350,139.818,81.776,1.100621,1.072754,0.027867,128.8976,0.856699,0.0,0.998301,0.001699,51200,6599555,784,8233,278,2188
46400,139.938,81.844,1.121153,1.083252,0.037901,128.842,0.856172,0.0,0.997402,0.002598,51200,6596710,802,8389,285,2188
46450,140.059,81.912,1.108241,1.084229,0.024013,128.8267,0.838848,0.0,0.997168,0.002832,51200,6595925,813,8142,282,2188
46500,140.183,81.98,1.145414,1.07605,0.069365,128.856,0.848008,0.0,0.997559,0.002441,51200,6597428,784,7745,284,2188
46550,140.305,82.049,1.206228,1.167725,0.038503,128.9413,0.871133,0.0,0.999082,0.000918,51200,6601797,792,9153,282,2188
46600,140.427,82.118,1.412402,1.331665,0.080737,128.966,0.868711,0.0,0.999512,0.000488,51200,6603061,723,11106,292,2188
46650,140.547,82.187,1.370826,1.281494,0.089332,128.7532,0.875645,0.0,0.995938,0.004062,51200,6592166,777,10656,299,2192
46700,140.665,82.256,1.383362,1.28125,0.102112,128.8359,0.868516,0.0,0.9975,0.0025,51200,6596397,782,10701,294,2192
46750,140.78,82.323,1.26418,1.204712,0.059468,128.8381,0.840781,0.0,0.997637,0.002363,51200,6596513,729,10323,278,2192
46800,140.898,82.39,1.258652,1.183838,0.074814,128.89,0.837168,0.0,0.99791,0.00209,51200,6599167,809,9380,282,2192
46850,141.016,82.458,1.172591,1.144043,0.028548,128.8339,0.838496,0.0,0.99752,0.00248,51200,6596296,779,8663,277,2192
46900,141.132,82.526,1.30828,1.215698,0.092582,128.7713,0.833242,0.0,0.996133,0.003867,51200,6593090,789,9882,274,2192
46950,141.248,82.594,1.406898,1.299561,0.107337,128.7545,0.840137,0.0,0.995703,0.004297,51200,6592228,786,11105,277,2192
47000,141.366,82.662,1.343804,1.300781,0.043022,128.7583,0.831074,0.0,0.99623,0.00377,51200,6592427,781,10470,277,2192
47050,141.484,82.73,1.314664,1.257812,0.056851,128.8425,0.831973,0.0,0.997656,0.002344,51200,6596734,746,10374,264,2192
47100,141.601,82.797,1.320739,1.211914,0.108825,128.8998,0.809004,0.0,0.998477,0.001523,51200,6599668,735,10402,266,2192
47150,141.724,82.865,1.330977,1.278564,0.052413,128.7073,0.825586,0.0,0.995605,0.004395,51200,6589814,791,10650,285,2194
47200,141.848,82.934,1.347266,1.291748,0.055518,128.9973,0.849668,0.0,0.999961,3.9e-05,51200,6604662,832,11418,297,2194
47250,141.969,83.002,1.221624,1.190063,0.031561,128.8532,0.851074,0.0,0.9975,0.0025,51200,6597283,776,10042,285,2194
47300,142.094,83.07,1.229472,1.202271,0.027202,128.7977,0.849941,0.0,0.996992,0.003008,51200,6594443,809,10036,283,2194
47350,142.215,83.138,1.271268,1.201294,0.069974,128.9327,0.858555,0.0,0.998926,0.001074,51200,6601353,780,9635,290,2197
47400,142.337,83.207,1.335171,1.267944,0.067227,128.8562,0.85459,0.0,0.997637,0.002363,51200,6597439,874,10618,280,2197
47450,142.457,83.275,1.228143,1.182617,0.045525,128.8322,0.866289,0.0,0.997363,0.002637,51200,6596208,806,9954,274,2197
47500,142.577,83.343,1.126384,1.12561,0.000774,128.9151,0.872871,0.0,0.99875,0.00125,51200,6600455,788,8816,273,2197
47550,142.696,83.41,1.275149,1.198486,0.076662,128.9304,0.856562,0.0,0.998887,0.001113,51200,6601234,833,10132,271,2197
47600,142.814,83.479,1.179319,1.143921,0.035398,132.0472,0.85832,0.000391,0.997891,0.001719,51200,6760819,733,9186,276,2199
47650,142.933,83.547,1.253257,1.171021,0.082236,128.58,0.847051,0.0,0.993242,0.006758,51200,6583295,793,10019,284,2199
47700,143.054,83.615,1.288363,1.172241,0.116122,128.6766,0.847598,0.0,0.995234,0.004766,51200,6588242,771,9711,295,2200
47750,143.178,83.683,1.163604,1.137573,0.026031,128.8015,0.863027,0.0,0.99707,0.00293,51200,6594635,787,8797,293,2206
47800,143.298,83.751,1.127676,1.101318,0.026357,128.806,0.851699,0.0,0.997051,0.002949,51200,6594866,738,8631,301,2206
47850,143.419,83.819,1.104027,1.117065,-0.013038,128.8081,0.849805,0.0,0.99707,0.00293,51200,6594973,770,8784,294,2206
47900,143.54,83.887,1.239239,1.207275,0.031964,128.8447,0.838086,0.0,0.997715,0.002285,51200,6596849,766,9800,281,2206
47950,143.664,83.956,1.425289,1.345459,0.07983,128.8603,0.847305,0.0,0.997734,0.002266,51200,6597647,788,11530,283,2206
48000,143.785,84.025,1.431731,1.353882,0.077849,128.8187,0.863047,0.0,0.996777,0.003223,51200,6595517,770,11988,284,2206
48050,143.909,84.095,1.353598,1.291138,0.06246,128.7905,0.862695,0.0,0.996719,0.003281,51200,6594072,786,10353,292,2206
48100,144.032,84.164,1.313022,1.228271,0.084751,128.864,0.861309,0.0,0.99793,0.00207,51200,6597835,758,9850,292,2207
48150,144.153,84.233,1.225903,1.167358,0.058545,134.1255,0.845449,0.000645,0.998223,0.001133,51200,6867224,779,9752,286,2207
48200,144.274,84.302,1.191099,1.130615,0.060484,133.0455,0.860898,0.000508,0.998633,0.000859,51200,6811932,797,8933,283,2207
48250,144.391,84.37,1.367201,1.269165,0.098036,128.9552,0.845273,0.0,0.999336,0.000664,51200,6602506,791,11625,282,2207
48300,144.511,84.439,1.376105,1.268311,0.107794,129.2327,0.848125,5.9e-05,0.996699,0.003242,51200,6616713,819,10595,281,2212
48350,144.631,84.506,1.30668,1.26062,0.046059,128.771,0.85293,0.0,0.996621,0.003379,51200,6593076,784,10962,286,2212
48400,144.752,84.575,1.2687,1.175781,0.092918,128.6002,0.856152,0.0,0.994238,0.005762,51200,6584332,800,9885,281,2213
48450,144.872,84.643,1.222603,1.188354,0.034249,128.7883,0.862109,0.0,0.996641,0.003359,51200,6593959,789,10344,276,2213
48500,144.992,84.71,1.265846,1.184937,0.08091,128.7161,0.845723,0.0,0.99543,0.00457,51200,6590263,777,10034,277,2213
48550,145.116,84.779,1.192359,1.156372,0.035987,128.6367,0.845234,0.0,0.994531,0.005469,51200,6586201,825,8984,278,2213
48600,145.234,84.847,1.199092,1.163574,0.035518,132.4539,0.850469,0.000449,0.99709,0.002461,51200,6781638,793,9986,280,2213
48650,145.355,84.914,1.257228,1.230957,0.026271,128.9756,0.834707,0.0,0.99959,0.00041,51200,6603552,823,10630,280,2213
48700,145.476,84.982,1.231342,1.19104,0.040301,128.9958,0.840293,0.0,0.999922,7.8e-05,51200,6604583,761,10086,280,2213
48750,145.597,85.051,1.134462,1.091553,0.042909,133.9727,0.850352,0.000625,0.998418,0.000957,51200,6859402,802,8534,281,2213
48800,145.745,85.148,1.144903,1.110229,0.034673,144.3014,0.822148,0.001914,0.996094,0.001992,51200,7388231,789,9237,295,2213
48850,145.868,85.218,1.385672,1.298828,0.086843,143.8013,0.824043,0.001836,0.998105,5.9e-05,51200,7362628,839,11314,292,2213
48900,145.997,85.289,1.493483,1.377441,0.116042,144.3965,0.852266,0.001914,0.997461,0.000625,51200,7393100,798,11064,275,2213
48950,146.122,85.359,1.383618,1.295898,0.087719,133.2012,0.869023,0.000527,0.998594,0.000879,51200,6819904,789,10211,279,2213
49000,146.245,85.429,1.441635,1.356934,0.084701,128.9567,0.876152,0.0,0.999375,0.000625,51200,6602585,805,11224,276,2213
49050,146.368,85.498,1.350439,1.295166,0.055273,128.9672,0.894102,0.0,0.999492,0.000508,51200,6603123,784,10199,275,2213
49100,146.488,85.566,1.241077,1.170532,0.070545,128.8106,0.88373,0.0,0.996953,0.003047,51200,6595104,815,9539,282,2213
49150,146.603,85.635,1.180436,1.139893,0.040543,128.8194,0.871309,0.0,0.997129,0.002871,51200,6595555,785,8924,286,2213
49200,146.723,85.704,1.118154,1.103149,0.015004,141.8808,0.861992,0.001621,0.995488,0.002891,51200,7264297,774,7968,285,2213
49250,146.843,85.772,1.037577,1.035645,0.001932,132.2245,0.863926,0.00041,0.998457,0.001133,51200,6769893,811,7390,278,2213
49300,146.959,85.839,0.986634,0.999512,-0.012878,128.8429,0.86627,0.0,0.997383,0.002617,51200,6596758,750,7094,279,2213
49350,147.079,85.906,0.98313,1.006104,-0.022973,128.8525,0.871309,0.0,0.997773,0.002227,51200,6597249,744,6977,277,2213
49400,147.197,85.974,1.044093,0.995972,0.048121,128.9121,0.873809,0.0,0.998633,0.001367,51200,6600298,767,6738,289,2213
49450,147.318,86.041,1.144403,1.126831,0.017572,128.661,0.857285,0.0,0.994883,0.005117,51200,6587444,799,8629,289,2214
49500,147.439,86.11,1.294576,1.224243,0.070333,128.7788,0.845977,0.0,0.996387,0.003613,51200,6593474,764,10263,298,2214
49550,147.558,86.178,1.325468,1.241943,0.083525,128.7543,0.832656,0.0,0.996367,0.003633,51200,6592221,816,10884,307,2215
49600,147.679,86.246,1.327109,1.240967,0.086143,128.7082,0.82207,0.0,0.99543,0.00457,51200,6589860,784,10956,307,2217
49650,147.803,86.317,1.406571,1.289795,0.116777,142.9864,0.817324,0.001777,0.992793,0.00543,51200,7320906,759,11503,299,2217
49700,147.928,86.387,1.449871,1.343872,0.105999,146.2124,0.819297,0.002168,0.993594,0.004238,51200,7486077,771,12099,296,2219
49750,148.054,86.458,1.459573,1.385254,0.074319,147.6894,0.837617,0.002324,0.996855,0.00082,51200,7561696,781,12450,295,2225
49800,148.177,86.528,1.529527,1.416992,0.112535,143.2911,0.833359,0.001777,0.997578,0.000645,51200,7336504,813,13693,307,2232
49850,148.298,86.598,1.371578,1.290649,0.080928,142.1466,0.817402,0.001641,0.997012,0.001348,51200,7277904,787,11447,311,2232
49900,148.423,86.668,1.328123,1.281006,0.047117,144.2449,0.812988,0.001895,0.997578,0.000527,51200,7385341,808,10974,297,2233
49950,148.542,86.737,1.292797,1.193604,0.099193,130.2936,0.830625,0.000176,0.997715,0.002109,51200,6671030,785,10140,308,2233
50000,148.669,86.805,1.279536,1.234863,0.044672,128.7839,0.839082,0.0,0.996641,0.003359,51200,6593734,774,9913,303,2233
