epoch,wall_s,sim_s,entropy_bits,comp_bits,high_order_entropy,brotli2_bits,zlib_bits,hoe_zlib,mean_steps,frac_copy_runs,frac_steps_in_loop,ops_per_run,frac_term_budget,frac_term_off_region,frac_term_unmatched,runs,steps,mutations,distinct_windows,n_persistent,A_t,n_persistent_naive,A_t_naive
0,0.021,0.0,7.997252,8.000488,-0.003236,8.000488,8.003174,-0.005922,0.0,0.0,0.0,0.0,0.0,0.0,0.0,0,0,0,58368,0,0,0,0
20,0.074,0.034,7.996256,8.000488,-0.004232,7.976318,7.964966,0.03129,665.589,0.496484,0.849078,70.6465,0.064355,0.624707,0.310938,10240,6815631,342,57983,0,0,0,0
40,0.12,0.06,7.994851,8.000488,-0.005637,7.972168,7.935303,0.059548,652.3719,0.494922,0.848765,91.1749,0.064746,0.611426,0.323828,10240,6680288,314,57795,0,0,0,0
60,0.165,0.085,7.991925,7.895874,0.096051,7.907104,7.882812,0.109113,606.0796,0.495215,0.838434,88.3146,0.060645,0.612891,0.326465,10240,6206255,329,57408,0,0,0,0
80,0.212,0.111,7.990867,7.863281,0.127586,7.888062,7.838379,0.152488,614.6817,0.505469,0.841376,83.1398,0.061328,0.612598,0.326074,10240,6294341,325,57118,0,0,0,0
100,0.258,0.136,7.987355,7.814209,0.173147,7.841797,7.797729,0.189626,582.4428,0.506641,0.832571,72.5521,0.05791,0.613184,0.328906,10240,5964214,298,56841,0,0,0,0
120,0.301,0.159,7.984786,7.792847,0.191939,7.822998,7.768677,0.216109,561.2639,0.500293,0.8276,75.1181,0.054785,0.609863,0.335352,10240,5747342,306,56640,0,0,0,0
140,0.345,0.183,7.983027,7.782471,0.200557,7.807617,7.756592,0.226435,581.0051,0.487305,0.834548,76.5435,0.057617,0.603418,0.338965,10240,5949492,319,56552,0,0,0,0
160,0.39,0.207,7.979011,7.740967,0.238044,7.767944,7.717163,0.261848,597.9731,0.481641,0.840796,77.6871,0.059863,0.602051,0.338086,10240,6123245,339,56303,0,0,0,0
180,0.434,0.231,7.974651,7.700439,0.274211,7.732178,7.67395,0.3007,563.2697,0.476465,0.830894,72.851,0.055566,0.601367,0.343066,10240,5767882,301,56014,0,0,0,0
200,0.478,0.254,7.971984,7.679077,0.292907,7.720947,7.65332,0.318664,552.1783,0.476953,0.827072,73.671,0.054395,0.608008,0.337598,10240,5654306,310,55904,0,0,0,0
220,0.523,0.279,7.970779,7.673462,0.297317,7.721924,7.644043,0.326736,562.5465,0.461816,0.831972,75.8642,0.055469,0.60127,0.343262,10240,5760476,290,55881,0,0,0,0
240,0.567,0.302,7.968115,7.651489,0.316626,7.699097,7.626221,0.341894,572.07,0.451758,0.83743,79.8885,0.057129,0.583984,0.358887,10240,5857997,302,55796,0,0,0,0
260,0.611,0.326,7.966778,7.653931,0.312847,7.698242,7.619019,0.347759,567.7987,0.442383,0.837159,79.8533,0.057129,0.578711,0.36416,10240,5814259,299,55796,0,0,0,0
280,0.654,0.349,7.962339,7.639282,0.323057,7.680542,7.597534,0.364805,580.4648,0.440234,0.842298,76.4981,0.058691,0.571387,0.369922,10240,5943960,308,55664,10,10,10,10
300,0.699,0.373,7.959451,7.631348,0.328103,7.664551,7.588013,0.371438,588.3814,0.438281,0.845485,83.2116,0.060156,0.565625,0.374219,10240,6025026,290,55634,12,12,12,12
320,0.743,0.397,7.958351,7.627075,0.331276,7.668945,7.585815,0.372536,592.1467,0.437793,0.847824,81.0363,0.060449,0.561426,0.378125,10240,6063582,282,55649,16,17,16,17
340,0.786,0.42,7.954863,7.607666,0.347197,7.654419,7.565186,0.389678,525.7408,0.448633,0.829409,65.3592,0.051758,0.55918,0.389062,10240,5383586,312,55551,22,23,22,23
360,0.83,0.443,7.950237,7.588867,0.36137,7.640015,7.549927,0.40031,532.1494,0.446777,0.831885,70.6912,0.052832,0.561523,0.385645,10240,5449210,283,55469,24,25,24,25
380,0.871,0.464,7.946914,7.573853,0.373062,7.641113,7.537354,0.409561,519.1898,0.435547,0.82888,66.4926,0.051562,0.553223,0.395215,10240,5316504,289,55408,26,27,26,27
400,0.913,0.486,7.948209,7.581421,0.366788,7.645874,7.547119,0.401089,504.934,0.42832,0.824312,68.2351,0.049805,0.559766,0.39043,10240,5170524,301,55511,29,30,29,30
420,0.955,0.508,7.948773,7.590942,0.357831,7.65564,7.558228,0.390546,529.0796,0.432227,0.832312,67.9178,0.052832,0.557227,0.389941,10240,5417775,327,55635,32,34,32,34
440,0.999,0.53,7.948114,7.580322,0.367791,7.640869,7.539185,0.408929,539.9843,0.435059,0.836545,74.9964,0.053711,0.554492,0.391797,10240,5529439,310,55522,34,37,34,37
460,1.041,0.552,7.947251,7.575073,0.372178,7.633179,7.536865,0.410386,517.5498,0.434961,0.829892,69.8152,0.051367,0.557422,0.391211,10240,5299710,321,55541,36,39,36,39
480,1.084,0.574,7.948116,7.576538,0.371578,7.635132,7.539551,0.408565,526.8418,0.417676,0.835284,73.5506,0.053027,0.542383,0.40459,10240,5394860,312,55605,36,41,36,41
500,1.126,0.596,7.948216,7.592773,0.355443,7.675171,7.555542,0.392674,503.4631,0.411719,0.828274,71.7968,0.050293,0.543457,0.40625,10240,5155462,298,55795,37,42,37,42
520,1.17,0.618,7.947788,7.606201,0.341586,7.686768,7.56189,0.385898,518.4712,0.407812,0.834931,65.5331,0.052246,0.534863,0.412891,10240,5309145,323,55897,38,43,38,43
540,1.212,0.639,7.948213,7.61084,0.337373,7.694336,7.572144,0.376069,483.3345,0.413281,0.822115,56.8443,0.047754,0.540332,0.411914,10240,4949345,300,56002,38,44,38,44
560,1.255,0.661,7.946682,7.607422,0.33926,7.683105,7.566162,0.38052,495.6915,0.420508,0.825945,58.4331,0.049121,0.538965,0.411914,10240,5075881,342,55986,36,44,36,44
580,1.298,0.683,7.944812,7.577393,0.367419,7.662354,7.546387,0.398425,501.6263,0.423047,0.828644,55.7107,0.05,0.537891,0.412109,10240,5136653,290,55860,35,45,35,45
600,1.347,0.704,7.940924,7.55481,0.386115,7.625732,7.516357,0.424567,512.7938,0.427637,0.831142,59.4715,0.050977,0.545117,0.403906,10240,5251009,326,55673,36,46,36,46
620,1.406,0.734,7.941329,7.559082,0.382247,7.643799,7.521973,0.419356,525.5189,0.429883,0.835459,55.2544,0.052637,0.540527,0.406836,10240,5381314,314,55750,38,48,38,48
640,1.448,0.755,7.941288,7.558105,0.383183,7.64978,7.526245,0.415043,487.8952,0.439062,0.82253,39.9647,0.047949,0.540234,0.411816,10240,4996047,284,55815,37,48,37,48
660,1.492,0.777,7.941026,7.561768,0.379259,7.647705,7.532959,0.408067,482.431,0.437598,0.821558,38.51,0.047266,0.534473,0.418262,10240,4940093,341,55882,35,48,35,48
680,1.534,0.799,7.941999,7.563843,0.378156,7.659058,7.536011,0.405988,493.1419,0.444727,0.825025,38.7192,0.04834,0.536719,0.414941,10240,5049773,350,55952,35,48,35,48
700,1.576,0.82,7.941903,7.571533,0.37037,7.656616,7.537964,0.403939,506.145,0.446777,0.831217,43.0376,0.050293,0.528418,0.421289,10240,5182925,330,55978,35,49,35,49
720,1.619,0.841,7.941739,7.588379,0.35336,7.672363,7.546631,0.395108,484.819,0.443457,0.824641,45.244,0.047949,0.529297,0.422754,10240,4964547,299,56091,35,49,35,49
740,1.66,0.862,7.941779,7.605713,0.336066,7.696655,7.558716,0.383063,492.3401,0.428906,0.82792,41.3785,0.049023,0.524121,0.426855,10240,5041563,328,56227,35,49,35,49
760,1.701,0.883,7.940917,7.606689,0.334228,7.696655,7.550903,0.390014,483.033,0.434961,0.824915,40.2246,0.047168,0.523828,0.429004,10240,4946258,295,56200,33,49,33,49
780,1.742,0.903,7.940761,7.590942,0.349818,7.697144,7.550659,0.390102,475.7815,0.425098,0.823943,39.724,0.045996,0.518262,0.435742,10240,4872003,300,56219,33,49,33,49
800,1.789,0.929,7.940375,7.595337,0.345038,7.708496,7.560181,0.380195,442.6775,0.414941,0.81114,40.2951,0.042383,0.519238,0.438379,10240,4533018,321,56310,33,50,33,50
820,1.831,0.95,7.93795,7.617432,0.320518,7.710205,7.567261,0.370689,473.7674,0.410352,0.823416,38.8856,0.046582,0.510938,0.44248,10240,4851378,328,56392,35,53,35,53
840,1.872,0.97,7.936989,7.611572,0.325417,7.701782,7.562744,0.374245,473.9742,0.406445,0.824084,38.6458,0.046289,0.515234,0.438477,10240,4853496,300,56389,36,54,36,54
860,1.914,0.991,7.936206,7.615967,0.320239,7.70813,7.567383,0.368823,487.9316,0.405566,0.828869,40.0342,0.048145,0.516992,0.434863,10240,4996420,291,56446,38,55,38,55
880,1.956,1.012,7.93523,7.615112,0.320118,7.710571,7.568115,0.367115,476.0266,0.408398,0.825388,40.3293,0.046875,0.515332,0.437793,10240,4874512,305,56481,38,55,38,55
900,1.999,1.034,7.935754,7.611938,0.323816,7.723145,7.576172,0.359582,520.9236,0.400098,0.840309,44.2984,0.052734,0.509375,0.437891,10240,5334258,318,56574,39,55,39,55
920,2.041,1.056,7.935366,7.625122,0.310244,7.738037,7.583862,0.351504,497.3025,0.393945,0.834454,45.4088,0.049609,0.499707,0.450684,10240,5092378,298,56676,39,55,39,55
940,2.083,1.077,7.93316,7.629761,0.303399,7.75415,7.584106,0.349054,495.5655,0.40293,0.833894,41.8579,0.048926,0.506641,0.444434,10240,5074591,314,56683,37,55,37,55
960,2.124,1.098,7.93434,7.619873,0.314467,7.751343,7.588013,0.346328,472.7985,0.397949,0.826412,40.3711,0.046289,0.507715,0.445996,10240,4841457,290,56718,35,56,35,56
980,2.166,1.119,7.934943,7.633423,0.30152,7.751587,7.5896,0.345344,510.1784,0.398242,0.839333,42.7003,0.050977,0.505176,0.443848,10240,5224227,332,56748,34,56,34,56
1000,2.209,1.141,7.934903,7.639771,0.295133,7.76001,7.598145,0.336759,503.1794,0.395117,0.837135,46.3269,0.050879,0.502832,0.446289,10240,5152557,318,56819,34,56,34,56
1020,2.253,1.164,7.934039,7.644043,0.289996,7.766846,7.604492,0.329546,494.4188,0.400879,0.834638,45.9857,0.049805,0.504004,0.446191,10240,5062849,327,56890,34,57,34,57
1040,2.296,1.185,7.93443,7.654907,0.279522,7.766479,7.61377,0.32066,486.442,0.402441,0.832033,41.9354,0.04873,0.499512,0.451758,10240,4981166,312,56975,34,57,34,57
1060,2.338,1.206,7.934546,7.65979,0.274756,7.779053,7.614746,0.3198,479.6724,0.408301,0.830683,44.5189,0.047949,0.490918,0.461133,10240,4911845,296,57001,34,57,34,57
1080,2.385,1.229,7.934593,7.676514,0.258079,7.789795,7.624146,0.310448,503.6858,0.419043,0.838823,45.0062,0.050977,0.490332,0.458691,10240,5157743,312,57074,32,57,32,57
1100,2.427,1.251,7.93361,7.656494,0.277115,7.778564,7.61792,0.31569,483.5294,0.430762,0.832363,46.4196,0.048535,0.49209,0.459375,10240,4951341,302,57029,33,58,33,58
1120,2.471,1.272,7.926767,7.635498,0.291269,7.74707,7.581055,0.345712,502.2289,0.423828,0.839453,45.4553,0.050195,0.487988,0.461816,10240,5142824,277,56772,33,59,33,59
1140,2.515,1.294,7.924676,7.611084,0.313592,7.730957,7.562256,0.36242,503.2088,0.425586,0.838136,45.8419,0.05,0.498828,0.451172,10240,5152858,299,56634,34,60,34,60
1160,2.558,1.316,7.922021,7.593506,0.328515,7.709229,7.550415,0.371606,485.9308,0.432227,0.832078,44.4074,0.04873,0.496973,0.454297,10240,4975931,307,56618,32,60,32,60
1180,2.6,1.336,7.922076,7.597046,0.32503,7.71814,7.560303,0.361773,477.5773,0.433008,0.830359,42.6857,0.047852,0.496094,0.456055,10240,4890392,313,56710,32,60,32,60
1200,2.642,1.357,7.920355,7.612061,0.308294,7.726196,7.565674,0.354681,482.3255,0.429199,0.832779,39.7644,0.048438,0.492188,0.459375,10240,4939013,340,56793,31,60,31,60
1220,2.685,1.379,7.918268,7.590088,0.328181,7.724976,7.550659,0.367609,514.8234,0.430078,0.842938,45.7301,0.052344,0.493848,0.453809,10240,5271792,313,56704,32,62,32,62
1240,2.729,1.402,7.913174,7.563354,0.34982,7.692749,7.519409,0.393765,515.7313,0.437012,0.843569,47.1613,0.052441,0.492969,0.45459,10240,5281088,332,56482,31,62,31,62
1260,2.777,1.429,7.908045,7.565063,0.342981,7.665894,7.501709,0.406336,517.3955,0.45166,0.842335,47.4715,0.052344,0.497363,0.450293,10240,5298130,313,56371,30,62,30,62
1280,2.819,1.451,7.905742,7.556396,0.349345,7.679077,7.508789,0.396953,520.3986,0.448828,0.842872,52.0596,0.052539,0.502637,0.444824,10240,5328882,285,56414,30,62,30,62
1300,2.862,1.473,7.900558,7.529785,0.370773,7.655396,7.475952,0.424606,493.5223,0.451367,0.834054,45.0512,0.050293,0.50459,0.445117,10240,5053668,308,56164,30,62,30,62
1320,2.903,1.495,7.889714,7.488647,0.401066,7.623291,7.450928,0.438786,495.9093,0.458008,0.833425,47.7815,0.050391,0.510352,0.439258,10240,5078111,331,56038,31,63,31,63
1340,2.945,1.517,7.86974,7.394287,0.475453,7.544556,7.367065,0.502675,510.7559,0.459473,0.836064,47.9347,0.051855,0.515527,0.432617,10240,5230140,301,55406,25,63,25,63
1360,2.986,1.539,7.867577,7.40625,0.461327,7.542603,7.362305,0.505272,509.208,0.47207,0.832244,50.6419,0.051562,0.53623,0.412207,10240,5214290,306,55450,24,63,24,63
1380,3.027,1.561,7.863442,7.407959,0.455483,7.552734,7.366943,0.496499,521.4271,0.48125,0.83552,50.4072,0.052734,0.535059,0.412207,10240,5339413,271,55565,24,63,24,63
1400,3.069,1.584,7.862151,7.392822,0.469329,7.534302,7.344604,0.517547,524.8676,0.478613,0.83792,51.9415,0.053809,0.530273,0.415918,10240,5374644,352,55429,25,65,25,65
1420,3.109,1.605,7.864501,7.421265,0.443236,7.567749,7.354248,0.510253,483.1783,0.480566,0.82348,44.1838,0.048438,0.53252,0.419043,10240,4947746,315,55551,26,65,26,65
1440,3.149,1.625,7.859512,7.389282,0.47023,7.535645,7.331543,0.527969,473.8455,0.489453,0.819361,42.1738,0.04707,0.535059,0.417871,10240,4852178,329,55391,26,65,26,65
1460,3.189,1.646,7.848356,7.356934,0.491422,7.502441,7.293823,0.554532,471.423,0.495898,0.815725,41.7378,0.04668,0.542969,0.410352,10240,4827372,322,55127,26,66,26,66
1480,3.232,1.668,7.849708,7.357544,0.492164,7.507568,7.295288,0.55442,479.6156,0.498633,0.817827,41.6867,0.047852,0.55166,0.400488,10240,4911264,309,55189,27,68,27,68
1500,3.274,1.689,7.846457,7.365845,0.480613,7.512817,7.306274,0.540183,479.831,0.497754,0.817342,43.3516,0.047461,0.549219,0.40332,10240,4913469,329,55357,29,69,29,69
1520,3.326,1.709,7.839269,7.330566,0.508703,7.473389,7.282104,0.557165,458.0999,0.505469,0.808907,41.5566,0.044824,0.549316,0.405859,10240,4690943,308,55183,35,74,35,74
1540,3.37,1.732,7.839206,7.346802,0.492404,7.500488,7.300171,0.539035,455.6607,0.493066,0.808827,46.2688,0.044531,0.550098,0.405371,10240,4665966,301,55336,34,74,34,74
1560,3.418,1.756,7.839437,7.36145,0.477987,7.515015,7.303589,0.535848,445.7116,0.49707,0.803471,39.2536,0.043359,0.550879,0.405762,10240,4564087,311,55441,34,76,34,76
1580,3.46,1.777,7.846669,7.38208,0.464589,7.532104,7.321045,0.525624,458.2412,0.48877,0.809198,41.9844,0.044629,0.549219,0.406152,10240,4692390,308,55532,33,76,33,76
1600,3.503,1.798,7.845726,7.392944,0.452782,7.540527,7.332642,0.513084,477.5949,0.49082,0.816584,46.2157,0.047363,0.548926,0.403711,10240,4890572,313,55635,35,79,35,79
1620,3.547,1.82,7.84545,7.398315,0.447135,7.543945,7.332275,0.513175,485.6295,0.47832,0.819486,48.86,0.04834,0.554395,0.397266,10240,4972846,326,55712,38,81,38,81
1640,3.59,1.841,7.840904,7.380005,0.460899,7.523682,7.311035,0.529869,482.4046,0.474219,0.818009,46.8281,0.047949,0.553418,0.398633,10240,4939823,311,55650,37,81,37,81
1660,3.634,1.863,7.840325,7.375977,0.464349,7.538574,7.307129,0.533196,509.3998,0.481543,0.825841,47.0047,0.051172,0.561426,0.387402,10240,5216254,288,55634,39,83,39,83
1680,3.678,1.885,7.83969,7.360107,0.479582,7.515381,7.295044,0.544646,498.673,0.478418,0.822901,45.3812,0.049805,0.562695,0.3875,10240,5106412,296,55533,40,84,40,84
1700,3.721,1.907,7.835728,7.334717,0.501012,7.475708,7.252197,0.583531,501.2924,0.502441,0.820544,46.575,0.05,0.573438,0.376562,10240,5133234,334,55281,38,84,38,84
1720,3.768,1.928,7.832566,7.319092,0.513474,7.484009,7.255737,0.576828,483.9067,0.513184,0.813532,46.7753,0.048145,0.580859,0.370996,10240,4955205,316,55385,37,85,37,85
1740,3.811,1.95,7.82903,7.328125,0.500905,7.496704,7.254272,0.574757,498.6849,0.529004,0.81896,47.0154,0.049609,0.57959,0.370801,10240,5106533,293,55412,31,85,31,85
1760,3.855,1.974,7.825515,7.318115,0.5074,7.486694,7.250244,0.575271,505.9541,0.536426,0.821465,48.2064,0.050391,0.581934,0.367676,10240,5180970,285,55429,30,85,30,85
1780,3.9,1.997,7.821853,7.310059,0.511794,7.464966,7.237305,0.584548,494.8252,0.539551,0.814922,48.0878,0.049023,0.589551,0.361426,10240,5067010,314,55404,32,88,32,88
1800,3.954,2.018,7.813304,7.297852,0.515452,7.485352,7.236694,0.57661,478.946,0.537402,0.808947,50.5261,0.04707,0.591406,0.361523,10240,4904407,291,55465,29,88,29,88
1820,4.019,2.052,7.810853,7.279663,0.531189,7.469604,7.223022,0.58783,499.8199,0.538574,0.81589,57.1481,0.049512,0.596094,0.354395,10240,5118156,276,55391,30,89,30,89
1840,4.067,2.078,7.813675,7.287842,0.525833,7.460327,7.226318,0.587357,481.6385,0.521289,0.808612,54.4247,0.047266,0.597168,0.355566,10240,4931978,296,55435,32,90,32,90
1860,4.111,2.1,7.812856,7.28064,0.532217,7.458618,7.212891,0.599966,502.5069,0.515625,0.816542,56.8858,0.049707,0.594043,0.35625,10240,5145671,302,55353,31,90,31,90
1880,4.154,2.122,7.81385,7.289673,0.524178,7.451782,7.217163,0.596687,476.9735,0.519922,0.807228,53.5434,0.046973,0.593359,0.359668,10240,4884209,324,55409,31,91,31,91
1900,4.197,2.144,7.81735,7.300537,0.516813,7.469604,7.217896,0.599454,498.1115,0.523828,0.814771,55.9561,0.049121,0.596094,0.354785,10240,5100662,319,55419,32,92,32,92
1920,4.241,2.166,7.815831,7.299072,0.516759,7.48291,7.217529,0.598302,493.7502,0.528027,0.812481,54.7641,0.04873,0.600684,0.350586,10240,5056002,301,55504,32,93,32,93
1940,4.284,2.188,7.813536,7.307983,0.505552,7.469849,7.213989,0.599547,483.4319,0.528711,0.80837,51.5212,0.047461,0.600098,0.352441,10240,4950343,301,55482,31,94,31,94
1960,4.329,2.21,7.807244,7.297485,0.509759,7.476196,7.216553,0.590692,503.9988,0.537793,0.815265,57.0694,0.050293,0.606055,0.343652,10240,5160948,331,55579,33,97,33,97
1980,4.373,2.232,7.810399,7.284424,0.525976,7.475464,7.217651,0.592748,488.5136,0.553223,0.809833,56.3092,0.04834,0.606445,0.345215,10240,5002379,348,55554,33,97,33,97
2000,4.418,2.254,7.811948,7.280273,0.531675,7.473022,7.215942,0.596006,490.9387,0.562109,0.809311,61.1071,0.048438,0.608398,0.343164,10240,5027212,327,55552,35,99,35,99
2020,4.462,2.276,7.812617,7.311035,0.501582,7.492188,7.230591,0.582026,500.1146,0.556934,0.812093,65.2516,0.049707,0.61377,0.336523,10240,5121173,300,55730,39,103,39,103
2040,4.506,2.298,7.810261,7.315308,0.494953,7.50647,7.241089,0.569172,487.9354,0.555664,0.807597,67.8303,0.048145,0.616016,0.33584,10240,4996458,300,55840,39,105,39,105
2060,4.549,2.321,7.806648,7.319824,0.486823,7.50061,7.244263,0.562385,502.0292,0.564258,0.813943,69.6402,0.05,0.608594,0.341406,10240,5140779,313,55873,40,106,40,106
2080,4.593,2.343,7.799994,7.320312,0.479682,7.51123,7.247192,0.552802,522.4898,0.578613,0.821425,78.3911,0.052539,0.605859,0.341602,10240,5350296,314,55959,39,106,39,106
2100,4.638,2.367,7.801701,7.317749,0.483952,7.514038,7.256104,0.545598,528.7106,0.575488,0.824899,88.5334,0.053223,0.606348,0.34043,10240,5413997,336,56056,41,107,41,107
2120,4.682,2.39,7.799382,7.307251,0.492131,7.507202,7.230591,0.568791,521.5677,0.571289,0.822219,84.6669,0.052148,0.608984,0.338867,10240,5340853,313,55892,42,109,42,109
2140,4.727,2.413,7.79585,7.304443,0.491407,7.50061,7.233643,0.562208,513.7629,0.579199,0.818827,84.3142,0.051074,0.613867,0.335059,10240,5260932,321,55982,42,110,42,110
2160,4.773,2.437,7.795373,7.296997,0.498376,7.505737,7.235107,0.560266,513.0473,0.583789,0.818865,85.1821,0.050781,0.61543,0.333789,10240,5253604,297,56002,42,112,42,112
2180,4.817,2.46,7.793803,7.304077,0.489725,7.508667,7.230225,0.563578,490.2188,0.590723,0.810182,82.4137,0.048242,0.620996,0.330762,10240,5019840,315,55989,42,112,42,112
2200,4.861,2.482,7.786044,7.291016,0.495029,7.490845,7.212769,0.573276,490.373,0.589258,0.807914,85.0485,0.048145,0.626367,0.325488,10240,5021420,305,55926,43,113,43,113
2220,4.905,2.504,7.788413,7.297241,0.491172,7.507324,7.226929,0.561484,490.8289,0.600586,0.806613,86.6442,0.04834,0.632031,0.319629,10240,5026088,313,56112,44,113,44,113
2240,4.949,2.528,7.786321,7.283081,0.50324,7.484375,7.217407,0.568913,485.2598,0.608887,0.8037,85.937,0.047461,0.632129,0.32041,10240,4969060,302,55993,45,115,45,115
2260,4.993,2.551,7.784577,7.297119,0.487458,7.489502,7.21875,0.565827,494.3465,0.627051,0.806121,88.3348,0.048535,0.637988,0.313477,10240,5062108,308,56054,47,117,47,117
2280,5.044,2.576,7.78589,7.306152,0.479738,7.519287,7.229248,0.556642,502.298,0.622363,0.808196,87.9307,0.049414,0.640918,0.309668,10240,5143532,328,56141,46,117,46,117
2300,5.091,2.6,7.785667,7.300415,0.485252,7.521606,7.217651,0.568015,514.2066,0.63584,0.811687,89.002,0.050684,0.640039,0.309277,10240,5265476,324,56063,46,117,46,117
2320,5.136,2.622,7.787935,7.311401,0.476534,7.532593,7.228271,0.559664,468.3004,0.647559,0.791103,82.9553,0.044922,0.655078,0.3,10240,4795396,311,56198,44,117,44,117
2340,5.181,2.645,7.78504,7.322876,0.462164,7.519775,7.228394,0.556647,482.2949,0.665527,0.796783,86.7141,0.04668,0.657129,0.296191,10240,4938700,315,56166,44,118,44,118
2360,5.225,2.668,7.77867,7.331543,0.447127,7.521118,7.233398,0.545272,451.0361,0.673926,0.782286,77.7761,0.042773,0.658105,0.299121,10240,4618610,304,56221,43,119,43,119
2380,5.27,2.691,7.775729,7.30542,0.470309,7.527954,7.235229,0.540499,460.9908,0.677246,0.787594,81.3477,0.043945,0.659473,0.296582,10240,4720546,284,56248,44,122,44,122
2400,5.316,2.712,7.771971,7.32373,0.44824,7.527222,7.228882,0.543089,458.3296,0.676465,0.785747,84.172,0.043652,0.661035,0.295312,10240,4693295,285,56251,43,123,43,123
2420,5.362,2.734,7.767613,7.325439,0.442174,7.52356,7.229858,0.537755,444.2762,0.690039,0.777793,78.9917,0.041699,0.66709,0.291211,10240,4549388,301,56288,43,125,43,125
2440,5.408,2.756,7.763589,7.318726,0.444863,7.523682,7.227661,0.535927,453.9753,0.696094,0.780426,81.7863,0.042578,0.678125,0.279297,10240,4648707,307,56268,42,126,42,126
2460,5.455,2.778,7.758248,7.321289,0.436959,7.527344,7.226807,0.531441,472.9328,0.698242,0.787844,90.0098,0.044824,0.687695,0.26748,10240,4842832,291,56260,46,129,46,129
2480,5.5,2.8,7.752103,7.338379,0.413724,7.520752,7.223511,0.528592,468.9146,0.695508,0.786419,112.3528,0.044727,0.680859,0.274414,10240,4801685,302,56351,46,129,46,129
2500,5.544,2.822,7.75686,7.332764,0.424096,7.550049,7.239502,0.517358,437.626,0.710254,0.76971,104.6865,0.04043,0.691602,0.267969,10240,4481290,320,56437,45,131,45,131
2520,5.59,2.845,7.755078,7.327148,0.42793,7.546631,7.240356,0.514722,453.6666,0.702832,0.779354,108.5544,0.042676,0.688086,0.269238,10240,4645546,299,56457,45,132,45,132
2540,5.635,2.868,7.752824,7.334106,0.418718,7.551636,7.248535,0.504289,434.1775,0.709863,0.76822,102.5938,0.040332,0.690625,0.269043,10240,4445978,345,56493,46,134,46,134
2560,5.678,2.889,7.741412,7.309204,0.432208,7.521851,7.231079,0.510333,422.7975,0.722363,0.75932,97.4652,0.038477,0.702246,0.259277,10240,4329446,335,56366,49,136,49,136
2580,5.725,2.914,7.734636,7.300537,0.434099,7.508789,7.219482,0.515154,445.757,0.727246,0.770441,108.0228,0.041504,0.710645,0.247852,10240,4564552,325,56308,46,138,46,138
2600,5.773,2.938,7.728503,7.283813,0.44469,7.486938,7.201904,0.526599,462.0412,0.72666,0.777331,130.143,0.043457,0.717383,0.23916,10240,4731302,302,56181,44,138,44,138
2620,5.822,2.962,7.71276,7.293335,0.419425,7.478149,7.201782,0.510978,467.1985,0.723535,0.778666,122.6967,0.044238,0.718262,0.2375,10240,4784113,326,56178,45,139,45,139
2640,5.867,2.984,7.710501,7.287109,0.423392,7.459839,7.169922,0.540579,449.9168,0.725195,0.769539,118.4529,0.041895,0.722754,0.235352,10240,4607148,314,55994,38,139,38,139
2660,5.912,3.007,7.709514,7.280518,0.428996,7.466919,7.179077,0.530437,449.2677,0.724023,0.766675,123.2711,0.041895,0.735156,0.222949,10240,4600501,311,55988,38,139,38,139
2680,5.956,3.029,7.712284,7.283936,0.428349,7.489868,7.193848,0.518437,440.1002,0.714258,0.761302,119.713,0.040723,0.730469,0.228809,10240,4506626,306,56147,35,139,35,139
2700,5.999,3.051,7.708677,7.28479,0.423887,7.465942,7.189453,0.519224,419.7691,0.707617,0.748441,119.5794,0.038281,0.738184,0.223535,10240,4298436,333,56059,37,141,37,141
2720,6.043,3.073,7.705433,7.289795,0.415638,7.471069,7.197144,0.508289,434.2055,0.694922,0.756655,122.818,0.039844,0.744922,0.215234,10240,4446264,318,56136,36,141,36,141
2740,6.09,3.094,7.701973,7.284668,0.417305,7.465698,7.204346,0.497627,418.1785,0.697461,0.746928,113.2363,0.037988,0.742871,0.219141,10240,4282148,332,56200,33,141,33,141
2760,6.134,3.117,7.705641,7.282471,0.42317,7.46582,7.19458,0.511061,452.3134,0.700098,0.763755,122.5059,0.04209,0.748926,0.208984,10240,4631689,300,56132,32,141,32,141
2780,6.178,3.14,7.706227,7.323853,0.382374,7.487671,7.217773,0.488453,424.8687,0.697461,0.749461,115.9212,0.038867,0.751953,0.20918,10240,4350656,296,56340,29,141,29,141
2800,6.223,3.162,7.700629,7.313721,0.386909,7.486206,7.221436,0.479194,436.9654,0.700391,0.757046,132.6381,0.040234,0.74834,0.211426,10240,4474526,303,56374,29,141,29,141
2820,6.268,3.186,7.698904,7.293823,0.405081,7.487061,7.224121,0.474783,452.5874,0.708984,0.764586,137.38,0.04209,0.747559,0.210352,10240,4634495,296,56384,31,141,31,141
2840,6.313,3.209,7.701398,7.315186,0.386212,7.503296,7.22998,0.471417,458.6404,0.705273,0.768865,140.6471,0.042578,0.743652,0.21377,10240,4696478,357,56506,33,143,33,143
2860,6.36,3.232,7.705309,7.310303,0.395006,7.492798,7.222412,0.482897,468.2764,0.709375,0.773208,141.8908,0.044141,0.748926,0.206934,10240,4795150,341,56443,35,144,35,144
2880,6.407,3.256,7.708719,7.31958,0.389139,7.516479,7.240234,0.468485,478.0341,0.702832,0.780004,151.0039,0.045605,0.740723,0.213672,10240,4895069,324,56589,35,146,35,146
2900,6.453,3.28,7.711112,7.335815,0.375296,7.543457,7.257935,0.453177,468.6635,0.715625,0.777279,146.6041,0.043945,0.727344,0.228711,10240,4799114,357,56669,34,148,34,148
2920,6.5,3.305,7.709127,7.35144,0.357686,7.548096,7.267944,0.441182,513.8319,0.717676,0.797487,163.9498,0.050195,0.721484,0.22832,10240,5261639,344,56730,37,150,37,150
2940,6.546,3.329,7.708022,7.361816,0.346206,7.538818,7.2677,0.440322,512.6734,0.717773,0.798761,175.8803,0.049902,0.71416,0.235938,10240,5249776,299,56722,36,150,36,150
2960,6.593,3.355,7.699972,7.346191,0.353781,7.543091,7.270142,0.429831,538.854,0.699512,0.809023,185.8051,0.053027,0.714746,0.232227,10240,5517865,313,56766,37,150,37,150
2980,6.64,3.381,7.691576,7.366089,0.325487,7.538452,7.269897,0.421678,525.7541,0.708594,0.804242,177.7796,0.051172,0.71377,0.235059,10240,5383722,313,56839,37,150,37,150
3000,6.689,3.407,7.688016,7.337646,0.35037,7.523804,7.26123,0.426786,546.4467,0.721387,0.810433,180.0172,0.054102,0.72207,0.223828,10240,5595614,301,56737,36,150,36,150
3020,6.736,3.432,7.689315,7.372559,0.316756,7.532227,7.274902,0.414412,541.8233,0.735059,0.806936,176.4262,0.053418,0.730469,0.216113,10240,5548271,299,56819,38,152,38,152
3040,6.785,3.459,7.687003,7.345093,0.341911,7.501587,7.254761,0.432243,557.9102,0.737207,0.812794,193.9025,0.055273,0.732129,0.212598,10240,5713000,306,56664,37,152,37,152
3060,6.834,3.485,7.687676,7.346191,0.341484,7.505737,7.254639,0.433037,558.5028,0.733691,0.812297,185.6577,0.055469,0.735352,0.20918,10240,5719069,324,56630,36,152,36,152
3080,6.882,3.513,7.687876,7.361328,0.326548,7.527954,7.270264,0.417612,579.0063,0.732812,0.819635,198.6792,0.057715,0.729102,0.213184,10240,5929025,305,56745,33,152,33,152
3100,6.932,3.54,7.687109,7.35437,0.332739,7.523804,7.275146,0.411962,580.8397,0.733203,0.820272,204.8353,0.058301,0.728711,0.212988,10240,5947799,339,56754,32,152,32,152
3120,6.981,3.568,7.684453,7.360718,0.323735,7.513794,7.265259,0.419194,583.8851,0.738672,0.820547,202.6272,0.058203,0.731934,0.209863,10240,5978983,322,56727,35,153,35,153
3140,7.035,3.596,7.682767,7.361206,0.321561,7.516968,7.263916,0.418851,562.4166,0.739355,0.813342,188.5794,0.055762,0.733301,0.210938,10240,5759146,291,56770,34,153,34,153
3160,7.093,3.631,7.681152,7.300171,0.380981,7.486938,7.234009,0.447143,562.5356,0.74873,0.810918,188.8029,0.055566,0.74834,0.196094,10240,5760365,312,56506,34,154,34,154
3180,7.145,3.659,7.681546,7.314575,0.366971,7.489502,7.253906,0.42764,541.1093,0.756348,0.803679,183.9439,0.053125,0.750391,0.196484,10240,5540959,306,56621,34,155,34,155
3200,7.194,3.686,7.671275,7.281982,0.389293,7.457275,7.217529,0.453746,586.0418,0.774121,0.81788,205.9045,0.058105,0.75459,0.187305,10240,6001068,316,56306,33,155,33,155
3220,7.245,3.715,7.674555,7.292114,0.38244,7.457886,7.218262,0.456293,598.8949,0.779004,0.819271,209.871,0.05957,0.770996,0.169434,10240,6132684,294,56285,32,155,32,155
3240,7.294,3.742,7.667418,7.292725,0.374693,7.445801,7.210449,0.456968,577.9606,0.778223,0.811315,201.1419,0.057031,0.779004,0.163965,10240,5918317,293,56309,31,155,31,155
3260,7.346,3.771,7.671974,7.301392,0.370582,7.462402,7.231934,0.44004,559.8046,0.781934,0.805876,198.2847,0.05498,0.774316,0.170703,10240,5732399,308,56472,29,155,29,155
3280,7.396,3.799,7.676358,7.306885,0.369473,7.465088,7.226318,0.450039,570.5923,0.773438,0.81055,202.0565,0.056543,0.773047,0.17041,10240,5842865,328,56444,27,155,27,155
3300,7.447,3.827,7.676995,7.298218,0.378778,7.4823,7.235229,0.441766,543.2629,0.774316,0.800968,196.6289,0.053027,0.774512,0.172461,10240,5563012,317,56502,28,156,28,156
3320,7.495,3.854,7.670829,7.318604,0.352225,7.477539,7.242065,0.428763,564.5208,0.788086,0.8076,201.1042,0.055762,0.773145,0.171094,10240,5780693,306,56563,26,156,26,156
3340,7.544,3.881,7.663649,7.303589,0.360061,7.462524,7.225098,0.438552,566.687,0.781055,0.807583,210.0219,0.055859,0.776758,0.167383,10240,5802875,308,56485,27,156,27,156
3360,7.592,3.908,7.668752,7.300659,0.368093,7.470581,7.230469,0.438284,575.0552,0.775391,0.811286,222.5118,0.057031,0.775391,0.167578,10240,5888565,315,56480,27,156,27,156
3380,7.643,3.938,7.666913,7.322632,0.344281,7.476929,7.242065,0.424848,588.6307,0.780664,0.814905,229.4684,0.058398,0.777051,0.164551,10240,6027578,345,56573,28,157,28,157
3400,7.693,3.966,7.667262,7.315918,0.351344,7.494141,7.260498,0.406764,589.6434,0.789746,0.814953,229.56,0.058594,0.777441,0.163965,10240,6037948,329,56719,26,157,26,157
3420,7.743,3.994,7.669131,7.313477,0.355655,7.482666,7.257568,0.411563,585.9485,0.794922,0.812374,219.2533,0.058301,0.783105,0.158594,10240,6000113,341,56689,27,158,27,158
3440,7.793,4.022,7.668608,7.303955,0.364653,7.477051,7.244507,0.424101,591.0795,0.7875,0.813379,220.5958,0.058887,0.790527,0.150586,10240,6052654,289,56595,28,159,28,159
3460,7.843,4.05,7.665816,7.304565,0.36125,7.495117,7.244995,0.420821,588.3397,0.785352,0.812683,218.1486,0.058203,0.791113,0.150684,10240,6024599,323,56575,31,160,31,160
3480,7.894,4.079,7.664843,7.317749,0.347094,7.502319,7.256592,0.408251,620.6922,0.781152,0.823372,220.6529,0.062402,0.778223,0.159375,10240,6355888,306,56721,33,161,33,161
3500,7.945,4.108,7.659214,7.319824,0.33939,7.492432,7.249878,0.409336,612.04,0.775,0.82232,205.1479,0.061426,0.76543,0.173145,10240,6267290,317,56672,33,161,33,161
3520,7.994,4.136,7.655049,7.307861,0.347188,7.494995,7.249146,0.405904,583.0418,0.774707,0.814741,204.1262,0.058008,0.763379,0.178613,10240,5970348,330,56733,32,161,32,161
3540,8.044,4.163,7.657161,7.33313,0.324032,7.495605,7.263306,0.393856,559.5407,0.769434,0.809197,200.6461,0.055078,0.753418,0.191504,10240,5729697,293,56785,34,161,34,161
3560,8.092,4.19,7.652883,7.339722,0.313161,7.500244,7.261597,0.391286,559.5643,0.767773,0.807373,200.6288,0.054883,0.761816,0.183301,10240,5729938,282,56836,34,161,34,161
3580,8.141,4.217,7.651448,7.354858,0.29659,7.517456,7.272583,0.378865,557.5465,0.762988,0.807051,200.6811,0.055078,0.7625,0.182422,10240,5709276,308,56846,33,161,33,161
3600,8.19,4.244,7.646713,7.372314,0.274399,7.512207,7.278198,0.368515,560.0458,0.763574,0.807826,198.1889,0.055176,0.763184,0.181641,10240,5734869,302,56903,37,166,37,166
3620,8.24,4.271,7.64743,7.371826,0.275603,7.508301,7.284302,0.363128,552.7627,0.762207,0.805455,193.4123,0.054395,0.757715,0.187891,10240,5660290,331,56949,38,168,38,168
3640,8.288,4.298,7.644912,7.380249,0.264663,7.51062,7.285278,0.359634,545.9598,0.767773,0.802596,194.0049,0.053613,0.763574,0.182812,10240,5590628,309,56971,38,168,38,168
3660,8.337,4.325,7.64682,7.351196,0.295624,7.510376,7.275269,0.371551,518.8245,0.771777,0.791572,193.7986,0.049902,0.770801,0.179297,10240,5312763,306,56930,36,168,36,168
3680,8.387,4.353,7.635056,7.351074,0.283981,7.497192,7.270996,0.36406,537.3916,0.770801,0.798983,206.8411,0.052344,0.769434,0.178223,10240,5502890,328,56966,37,168,37,168
3700,8.438,4.381,7.630669,7.359985,0.270684,7.496826,7.27417,0.356499,526.969,0.769727,0.794509,210.0822,0.051074,0.775293,0.173633,10240,5396163,323,56942,38,168,38,168
3720,8.5,4.406,7.621419,7.325928,0.295491,7.484741,7.253052,0.368367,514.1425,0.774219,0.789515,199.9971,0.049512,0.77832,0.172168,10240,5264819,296,56886,38,168,38,168
3740,8.547,4.432,7.62168,7.311768,0.309913,7.478882,7.247925,0.373756,508.1892,0.781836,0.786787,203.2524,0.048828,0.780664,0.170508,10240,5203857,325,56796,38,168,38,168
3760,8.594,4.457,7.622197,7.33728,0.284917,7.496338,7.260864,0.361333,506.6487,0.779199,0.786245,204.5706,0.04873,0.780859,0.17041,10240,5188083,301,56933,35,168,35,168
3780,8.641,4.483,7.621555,7.332764,0.288792,7.49353,7.274414,0.347141,521.6684,0.778613,0.792772,204.3468,0.050684,0.775781,0.173535,10240,5341884,323,57065,35,168,35,168
3800,8.689,4.509,7.611692,7.355957,0.255735,7.500977,7.275269,0.336424,518.3929,0.774023,0.791497,208.8188,0.050098,0.77168,0.178223,10240,5308343,331,57123,32,168,32,168
3820,8.74,4.538,7.608885,7.364868,0.244017,7.513916,7.280518,0.328367,506.397,0.758691,0.787296,194.2302,0.04873,0.771973,0.179297,10240,5185505,290,57182,32,168,32,168
3840,8.787,4.564,7.605456,7.363281,0.242175,7.505371,7.288818,0.316638,502.9168,0.763574,0.786052,202.8985,0.04834,0.772852,0.178809,10240,5149868,337,57188,33,169,33,169
3860,8.836,4.591,7.606941,7.368896,0.238044,7.504028,7.299683,0.307258,490.2609,0.758789,0.779973,179.8994,0.046875,0.771973,0.181152,10240,5020272,288,57250,33,169,33,169
3880,8.883,4.616,7.599958,7.36853,0.231428,7.510742,7.303711,0.296247,496.3916,0.756836,0.783801,182.3865,0.047656,0.764062,0.188281,10240,5083050,315,57337,34,169,34,169
3900,8.931,4.642,7.595355,7.380859,0.214496,7.520264,7.315186,0.28017,501.5827,0.754688,0.787,180.323,0.048145,0.759277,0.192578,10240,5136207,309,57352,33,169,33,169
3920,8.978,4.667,7.604707,7.378662,0.226045,7.517212,7.32019,0.284517,499.9155,0.758594,0.787506,178.4361,0.048242,0.752637,0.199121,10240,5119135,298,57295,32,169,32,169
3940,9.028,4.695,7.606046,7.39502,0.211026,7.534546,7.329346,0.2767,500.5263,0.75918,0.786872,183.4297,0.048242,0.760645,0.191113,10240,5125389,343,57414,29,169,29,169
3960,9.08,4.723,7.609405,7.407837,0.201569,7.543091,7.335693,0.273712,512.8676,0.769727,0.791276,184.6793,0.049609,0.760254,0.190137,10240,5251764,303,57426,26,169,26,169
3980,9.128,4.749,7.609501,7.406738,0.202762,7.544434,7.330078,0.279422,517.3647,0.762402,0.792864,188.4649,0.050195,0.758496,0.191309,10240,5297815,330,57322,27,170,27,170
4000,9.178,4.775,7.607795,7.390747,0.217048,7.527832,7.331421,0.276374,537.2308,0.753613,0.800383,194.1863,0.052344,0.761719,0.185938,10240,5501243,317,57298,29,170,29,170
4020,9.227,4.802,7.61132,7.390259,0.221061,7.53833,7.325317,0.286002,536.2134,0.744629,0.800349,192.4517,0.052539,0.756934,0.190527,10240,5490825,323,57260,27,170,27,170
4040,9.278,4.832,7.607223,7.381592,0.225631,7.520142,7.315063,0.29216,541.9051,0.746191,0.801309,191.5573,0.053125,0.763379,0.183496,10240,5549108,281,57171,25,170,25,170
4060,9.327,4.858,7.603908,7.386108,0.2178,7.50708,7.31604,0.287868,534.8466,0.744629,0.798454,193.0188,0.052246,0.764258,0.183496,10240,5476829,303,57167,26,170,26,170
4080,9.377,4.887,7.602197,7.390259,0.211938,7.518433,7.319214,0.282983,555.9495,0.739941,0.806607,195.5567,0.05498,0.762012,0.183008,10240,5692923,310,57228,25,170,25,170
4100,9.426,4.913,7.596217,7.369263,0.226954,7.507324,7.308472,0.287745,540.3441,0.746777,0.799704,194.8621,0.05293,0.768066,0.179004,10240,5533124,298,57118,23,170,23,170
4120,9.483,4.941,7.593091,7.356812,0.23628,7.505371,7.314453,0.278638,536.6613,0.751562,0.798635,191.8166,0.052441,0.767285,0.180273,10240,5495412,330,57215,23,170,23,170
4140,9.532,4.968,7.597008,7.382812,0.214195,7.516724,7.32251,0.274498,562.3938,0.753418,0.808615,197.0751,0.055664,0.755859,0.188477,10240,5758913,305,57289,20,170,20,170
4160,9.581,4.995,7.593504,7.398438,0.195066,7.527344,7.323486,0.270018,542.2833,0.755273,0.803649,194.0332,0.05332,0.75,0.19668,10240,5552981,311,57350,19,170,19,170
4180,9.629,5.021,7.591426,7.396973,0.194453,7.520874,7.321533,0.269893,522.3642,0.762598,0.795921,185.418,0.050879,0.754297,0.194824,10240,5349009,332,57352,20,170,20,170
4200,9.676,5.046,7.591159,7.412964,0.178195,7.522339,7.331909,0.25925,499.1432,0.767285,0.785303,173.0525,0.047949,0.760254,0.191797,10240,5111226,300,57450,19,170,19,170
4220,9.746,5.088,7.587826,7.405151,0.182674,7.53418,7.339111,0.248714,509.4697,0.772461,0.789316,178.6073,0.049023,0.758008,0.192969,10240,5216970,313,57499,19,170,19,170
4240,9.796,5.113,7.592444,7.426147,0.166296,7.545166,7.352539,0.239905,495.8436,0.763867,0.783337,172.0894,0.047266,0.760059,0.192676,10240,5077438,355,57507,20,170,20,170
4260,9.846,5.141,7.582283,7.409058,0.173226,7.536865,7.344604,0.237679,503.543,0.770215,0.785552,161.4897,0.048145,0.765234,0.186621,10240,5156280,308,57562,21,172,21,172
4280,9.898,5.17,7.577271,7.421509,0.155763,7.535156,7.353638,0.223634,493.9558,0.771777,0.782747,163.4197,0.047168,0.763281,0.189551,10240,5058107,305,57607,22,173,22,173
4300,9.946,5.196,7.576798,7.406006,0.170792,7.541382,7.354126,0.222672,479.9291,0.771191,0.775083,162.2391,0.04502,0.768457,0.186523,10240,4914474,329,57573,22,174,22,174
4320,9.993,5.221,7.569967,7.407837,0.16213,7.512085,7.35022,0.219747,491.5355,0.777148,0.780107,165.4472,0.046582,0.76875,0.184668,10240,5033324,306,57584,22,174,22,174
4340,10.041,5.247,7.570938,7.416138,0.1548,7.52356,7.348999,0.221939,484.1484,0.766797,0.776604,167.5808,0.045605,0.772852,0.181543,10240,4957680,332,57550,22,174,22,174
4360,10.088,5.271,7.569377,7.421021,0.148357,7.524902,7.345459,0.223918,480.9081,0.767871,0.775317,169.0444,0.045215,0.772949,0.181836,10240,4924499,321,57525,23,174,23,174
4380,10.136,5.297,7.571307,7.412598,0.158709,7.521362,7.352173,0.219134,482.2084,0.768457,0.775584,168.2319,0.04541,0.774902,0.179688,10240,4937814,316,57510,22,174,22,174
4400,10.184,5.323,7.574037,7.419556,0.154482,7.52356,7.351685,0.222353,499.732,0.771777,0.783591,175.6263,0.047461,0.769727,0.182812,10240,5117256,312,57457,21,174,21,174
4420,10.233,5.35,7.571366,7.397583,0.173782,7.514282,7.349243,0.222122,531.805,0.780371,0.796523,182.9918,0.051562,0.770801,0.177637,10240,5445683,310,57404,20,174,20,174
4440,10.282,5.377,7.560833,7.407959,0.152874,7.513672,7.346313,0.214519,534.3975,0.780762,0.795658,184.3003,0.051758,0.778027,0.170215,10240,5472230,315,57464,20,174,20,174
4460,10.331,5.403,7.563855,7.374756,0.1891,7.501953,7.327026,0.236829,527.1455,0.781055,0.792549,185.883,0.050977,0.784375,0.164648,10240,5397970,312,57361,20,174,20,174
4480,10.38,5.43,7.567198,7.362305,0.204893,7.483643,7.311523,0.255675,507.8021,0.78457,0.782986,177.6323,0.048047,0.793262,0.158691,10240,5199893,297,57250,19,174,19,174
4500,10.428,5.456,7.575396,7.388428,0.186968,7.493042,7.328857,0.246538,489.4189,0.785742,0.774155,163.7949,0.045898,0.799219,0.154883,10240,5011650,326,57307,20,174,20,174
4520,10.476,5.481,7.582537,7.381714,0.200823,7.49939,7.327148,0.255389,492.5158,0.785449,0.774433,156.1093,0.046289,0.803516,0.150195,10240,5043362,314,57263,19,174,19,174
4540,10.523,5.506,7.579542,7.404053,0.175489,7.50708,7.334106,0.245436,483.6076,0.787402,0.770558,152.8746,0.045215,0.802539,0.152246,10240,4952142,308,57313,17,174,17,174
4560,10.572,5.534,7.578676,7.401001,0.177675,7.518188,7.341064,0.237611,486.8693,0.781055,0.772997,162.2209,0.045898,0.792871,0.16123,10240,4985542,302,57369,18,175,18,175
4580,10.621,5.56,7.579548,7.41626,0.163288,7.52478,7.348999,0.230549,501.4658,0.781445,0.780734,169.3077,0.047559,0.789062,0.163379,10240,5135010,320,57410,16,175,16,175
4600,10.668,5.584,7.580632,7.421509,0.159124,7.534302,7.358765,0.221868,483.9424,0.785059,0.772786,167.6454,0.045508,0.789258,0.165234,10240,4955570,320,57444,17,175,17,175
4620,10.717,5.611,7.584675,7.419312,0.165363,7.539185,7.357422,0.227253,477.0208,0.781543,0.769991,168.4371,0.044824,0.786719,0.168457,10240,4884693,297,57430,18,175,18,175
4640,10.765,5.636,7.576896,7.424072,0.152824,7.537354,7.361572,0.215324,504.8575,0.77168,0.78377,176.1863,0.048535,0.781934,0.169531,10240,5169741,291,57470,18,176,18,176
4660,10.812,5.662,7.576762,7.391235,0.185527,7.51123,7.339233,0.237529,515.2377,0.77793,0.787218,175.9769,0.049609,0.781934,0.168457,10240,5276034,337,57261,19,177,19,177
4680,10.86,5.688,7.575787,7.380859,0.194928,7.503784,7.343872,0.231915,512.8862,0.77002,0.787268,171.9615,0.049512,0.780957,0.169531,10240,5251955,318,57241,18,178,18,178
4700,10.908,5.713,7.583635,7.421387,0.162248,7.518188,7.352783,0.230852,508.364,0.776855,0.784871,168.3508,0.04873,0.783203,0.168066,10240,5205647,303,57307,18,178,18,178
4720,10.956,5.738,7.580163,7.397217,0.182946,7.509277,7.331543,0.24862,509.0025,0.774512,0.783814,172.4789,0.048633,0.79209,0.159277,10240,5212186,302,57275,20,178,20,178
4740,11.004,5.765,7.578828,7.405396,0.173433,7.513306,7.337036,0.241792,498.1135,0.780566,0.779101,166.8883,0.047461,0.791309,0.16123,10240,5100682,311,57326,22,178,22,178
4760,11.052,5.791,7.572624,7.390015,0.18261,7.499512,7.333862,0.238762,498.2478,0.786035,0.778961,164.4816,0.047559,0.792188,0.160254,10240,5102057,306,57290,22,178,22,178
4780,11.098,5.816,7.569649,7.394409,0.17524,7.507202,7.332764,0.236886,485.5643,0.790137,0.773022,161.7882,0.045703,0.79248,0.161816,10240,4972178,308,57266,24,179,24,179
4800,11.147,5.843,7.5585,7.348267,0.210233,7.487793,7.314697,0.243803,486.0975,0.795898,0.773036,163.2547,0.045996,0.796387,0.157617,10240,4977638,295,57182,23,179,23,179
4820,11.195,5.868,7.555529,7.3573,0.198229,7.478271,7.30896,0.246569,508.3857,0.793555,0.783866,170.2441,0.048633,0.789648,0.161719,10240,5205870,324,57168,24,179,24,179
4840,11.244,5.895,7.552271,7.353882,0.198389,7.477173,7.303223,0.249048,495.2606,0.783496,0.777844,164.5804,0.047168,0.786523,0.166309,10240,5071469,339,57154,24,179,24,179
4860,11.295,5.923,7.549668,7.340088,0.20958,7.465088,7.288696,0.260971,538.5165,0.787988,0.7955,174.3997,0.052246,0.7875,0.160254,10240,5514409,296,57061,23,179,23,179
4880,11.345,5.95,7.546702,7.337402,0.209299,7.452271,7.280396,0.266306,526.57,0.797461,0.790718,178.3957,0.050879,0.792676,0.156445,10240,5392077,336,57009,23,180,23,180
4900,11.394,5.976,7.550418,7.353149,0.197269,7.454102,7.288208,0.26221,524.7399,0.807715,0.790188,180.0244,0.050781,0.789648,0.15957,10240,5373337,302,57020,23,180,23,180
4920,11.442,6.002,7.548316,7.33667,0.211646,7.453613,7.278076,0.270239,538.5054,0.804297,0.796238,180.3734,0.052441,0.787207,0.160352,10240,5514295,315,56927,24,180,24,180
4940,11.492,6.029,7.549936,7.335449,0.214487,7.444824,7.280762,0.269175,519.3993,0.801367,0.789001,173.8511,0.050195,0.786328,0.163477,10240,5318649,324,56935,25,180,25,180
4960,11.542,6.056,7.543869,7.341309,0.20256,7.446411,7.271973,0.271896,534.0055,0.805957,0.793996,177.2391,0.052051,0.789746,0.158203,10240,5468216,286,56939,25,181,25,181
4980,11.591,6.082,7.543255,7.331787,0.211468,7.439941,7.275513,0.267742,529.4097,0.800977,0.792759,179.1136,0.051367,0.7875,0.161133,10240,5421155,332,56918,26,181,26,181
5000,11.64,6.109,7.544313,7.336792,0.207521,7.440063,7.274658,0.269655,541.4464,0.814844,0.796903,182.3976,0.052734,0.79082,0.156445,10240,5544411,323,56928,25,181,25,181
5020,11.689,6.136,7.539184,7.332764,0.206421,7.435791,7.268555,0.27063,532.1762,0.808984,0.793018,180.3576,0.05166,0.793066,0.155273,10240,5449484,307,56893,27,181,27,181
5040,11.739,6.164,7.543154,7.320068,0.223085,7.42627,7.272827,0.270327,551.1108,0.813086,0.799286,195.0582,0.053906,0.796973,0.149121,10240,5643375,316,56881,26,181,26,181
5060,11.789,6.192,7.549008,7.345947,0.20306,7.450928,7.283936,0.265072,552.1919,0.815039,0.799939,195.7438,0.054004,0.796973,0.149023,10240,5654445,297,56975,25,181,25,181
5080,11.838,6.22,7.547846,7.345581,0.202265,7.452148,7.292847,0.254999,553.9921,0.819434,0.799698,195.5692,0.054102,0.801562,0.144336,10240,5672879,325,57036,23,182,23,182
5100,11.887,6.246,7.549401,7.361938,0.187463,7.465088,7.309937,0.239465,543.8557,0.821191,0.795275,196.2194,0.05293,0.801562,0.145508,10240,5569082,285,57160,22,182,22,182
5120,11.936,6.274,7.546183,7.381348,0.164835,7.471069,7.315186,0.230997,545.8171,0.823633,0.798122,202.8783,0.05332,0.79248,0.154199,10240,5589167,306,57224,21,182,21,182
5140,11.987,6.302,7.549573,7.402222,0.147351,7.481323,7.315918,0.233655,577.8183,0.825879,0.810043,219.0964,0.057129,0.785938,0.156934,10240,5916859,332,57232,20,182,20,182
5160,12.037,6.33,7.561742,7.380859,0.180883,7.480591,7.324097,0.237645,557.4435,0.816309,0.80429,208.9458,0.054688,0.776074,0.169238,10240,5708221,305,57239,20,182,20,182
5180,12.086,6.358,7.560802,7.38208,0.178722,7.491943,7.33606,0.224742,565.9352,0.806055,0.809679,218.2194,0.05625,0.760938,0.182812,10240,5795176,311,57294,21,182,21,182
5200,12.135,6.386,7.562692,7.377197,0.185494,7.491821,7.33728,0.225411,558.9865,0.808984,0.805883,197.8242,0.05498,0.769336,0.175684,10240,5724022,335,57303,23,183,23,183
5220,12.188,6.413,7.555057,7.369141,0.185916,7.482178,7.323486,0.23157,548.4337,0.808398,0.802205,188.1737,0.053613,0.769238,0.177148,10240,5615961,299,57175,23,183,23,183
5240,12.237,6.44,7.551734,7.369873,0.181861,7.468994,7.308716,0.243018,536.8075,0.811133,0.797531,184.397,0.052246,0.770312,0.177441,10240,5496909,331,57044,25,183,25,183
5260,12.294,6.473,7.5481,7.342285,0.205815,7.46167,7.302856,0.245243,573.4669,0.803809,0.811341,200.1828,0.057031,0.771875,0.171094,10240,5872301,302,57020,25,183,25,183
5280,12.352,6.506,7.550625,7.331421,0.219204,7.462158,7.2948,0.255825,607.0272,0.812598,0.821211,211.1051,0.060742,0.775098,0.16416,10240,6215959,328,57009,27,184,27,184
5300,12.404,6.536,7.555233,7.346069,0.209164,7.464478,7.290894,0.26434,602.9091,0.815723,0.818464,216.3164,0.060449,0.78584,0.153711,10240,6173789,317,56979,26,185,26,185
5320,12.454,6.564,7.556188,7.36731,0.188878,7.46521,7.294434,0.261754,581.8235,0.817676,0.811664,211.3295,0.057812,0.784766,0.157422,10240,5957873,328,56989,25,185,25,185
5340,12.508,6.597,7.550748,7.345459,0.205289,7.464844,7.287109,0.263639,578.5725,0.817383,0.812607,209.1284,0.057422,0.770605,0.171973,10240,5924582,320,56974,24,185,24,185
5360,12.558,6.625,7.535405,7.319092,0.216313,7.447388,7.271362,0.264042,590.859,0.816992,0.816413,217.7739,0.058887,0.777539,0.163574,10240,6050396,300,56914,24,185,24,185
5380,12.609,6.654,7.531953,7.325195,0.206758,7.43396,7.264893,0.26706,599.1442,0.821582,0.818839,210.9097,0.060156,0.773438,0.166406,10240,6135237,347,56846,22,185,22,185
5400,12.661,6.685,7.529034,7.326782,0.202252,7.429443,7.256836,0.272198,612.5322,0.820605,0.8231,215.0962,0.061523,0.772266,0.166211,10240,6272330,281,56841,23,185,23,185
5420,12.711,6.714,7.533211,7.308228,0.224984,7.426636,7.254761,0.27845,581.3754,0.810938,0.815268,207.4004,0.058008,0.763086,0.178906,10240,5953284,323,56844,21,185,21,185
5440,12.761,6.742,7.532392,7.323364,0.209028,7.429321,7.261841,0.270552,583.3301,0.819141,0.815528,216.3954,0.058105,0.763379,0.178516,10240,5973300,324,56881,21,185,21,185
5460,12.812,6.771,7.516762,7.309326,0.207436,7.426147,7.258789,0.257973,594.0001,0.819727,0.818505,234.2329,0.05957,0.768262,0.172168,10240,6082561,303,56873,22,186,22,186
5480,12.87,6.801,7.520521,7.318848,0.201674,7.42334,7.250488,0.270033,603.9024,0.823535,0.820856,230.3479,0.060645,0.769629,0.169727,10240,6183961,312,56821,23,186,23,186
5500,12.927,6.833,7.522045,7.28418,0.237865,7.394409,7.229248,0.292797,617.2404,0.824512,0.825194,236.4892,0.062305,0.764941,0.172754,10240,6320542,303,56611,26,187,26,187
5520,12.978,6.862,7.525388,7.285767,0.239621,7.391113,7.228882,0.296506,605.8676,0.822754,0.823091,223.1753,0.060938,0.760156,0.178906,10240,6204084,325,56611,26,187,26,187
5540,13.03,6.892,7.529424,7.265381,0.264043,7.368286,7.207397,0.322027,610.6271,0.821777,0.824457,228.2774,0.061523,0.75918,0.179297,10240,6252821,325,56428,29,190,29,190
5560,13.081,6.921,7.526577,7.276611,0.249966,7.380005,7.220093,0.306485,618.6408,0.820508,0.826166,225.7509,0.062402,0.768457,0.169141,10240,6334882,335,56538,29,190,29,190
5580,13.133,6.952,7.524841,7.250854,0.273987,7.362183,7.194336,0.330505,625.0405,0.820996,0.826949,223.5717,0.063281,0.771387,0.165332,10240,6400415,334,56443,30,191,30,191
5600,13.186,6.982,7.510953,7.245605,0.265347,7.355469,7.188721,0.322232,647.4768,0.824805,0.832379,240.8162,0.06543,0.776758,0.157812,10240,6630162,327,56524,31,191,31,191
5620,13.24,7.013,7.51008,7.229614,0.280465,7.325562,7.164551,0.345529,665.06,0.841699,0.834995,225.5242,0.067578,0.783984,0.148438,10240,6810214,320,56408,30,191,30,191
5640,13.294,7.044,7.500033,7.191528,0.308505,7.30542,7.133057,0.366977,639.6342,0.845117,0.827851,215.808,0.064355,0.788965,0.14668,10240,6549854,307,56207,31,192,31,192
5660,13.353,7.075,7.501578,7.186523,0.315055,7.303223,7.134155,0.367423,636.5009,0.845117,0.826465,225.2275,0.06416,0.793652,0.142188,10240,6517769,309,56234,31,192,31,192
5680,13.407,7.105,7.482016,7.154663,0.327353,7.284668,7.109375,0.372641,635.1119,0.849805,0.825927,226.3445,0.063965,0.79541,0.140625,10240,6503546,339,56148,30,192,30,192
5700,13.46,7.136,7.475645,7.156128,0.319517,7.276733,7.102417,0.373228,653.2967,0.844727,0.83057,236.0658,0.065918,0.792383,0.141699,10240,6689758,297,56115,29,192,29,192
5720,13.515,7.168,7.472641,7.152954,0.319687,7.28125,7.091675,0.380967,679.8112,0.841895,0.837201,235.8156,0.069531,0.791504,0.138965,10240,6961267,327,56137,28,192,28,192
5740,13.569,7.199,7.464407,7.107178,0.35723,7.241577,7.050049,0.414359,671.8992,0.85459,0.834562,242.3291,0.068457,0.800293,0.13125,10240,6880248,324,55818,31,192,31,192
5760,13.623,7.23,7.458983,7.101807,0.357176,7.234253,7.043579,0.415404,680.4534,0.860352,0.835891,242.871,0.069434,0.805762,0.124805,10240,6967843,313,55906,33,192,33,192
5780,13.676,7.261,7.462176,7.117798,0.344378,7.247803,7.061523,0.400652,677.7359,0.854785,0.836369,230.1826,0.069238,0.798047,0.132715,10240,6940016,321,56093,32,192,32,192
5800,13.733,7.296,7.476008,7.132935,0.343074,7.265503,7.064941,0.411067,706.0661,0.85918,0.841773,242.6686,0.072754,0.799121,0.128125,10240,7230117,324,56146,34,193,34,193
5820,13.793,7.333,7.472158,7.106567,0.365591,7.241089,7.058228,0.413931,727.5101,0.850586,0.845396,250.0979,0.075,0.81123,0.11377,10240,7449703,341,56071,34,193,34,193
5840,13.85,7.368,7.465313,7.117432,0.347882,7.250122,7.061157,0.404156,722.3731,0.842578,0.845224,260.9762,0.074707,0.807324,0.117969,10240,7397101,321,56180,33,193,33,193
5860,13.907,7.402,7.459406,7.12085,0.338557,7.247192,7.061401,0.398005,768.2463,0.843262,0.854936,270.6118,0.080469,0.797949,0.121582,10240,7866842,304,56212,32,193,32,193
5880,13.963,7.436,7.444604,7.088623,0.355981,7.235718,7.053223,0.391381,774.0587,0.840234,0.857117,273.9447,0.081055,0.787695,0.13125,10240,7926361,329,56207,34,194,34,194
5900,14.019,7.469,7.435937,7.096436,0.339501,7.236938,7.048584,0.387353,744.8375,0.841797,0.849886,266.9436,0.077441,0.804102,0.118457,10240,7627136,311,56232,33,196,33,196
5920,14.075,7.503,7.44165,7.127808,0.313843,7.256226,7.063965,0.377685,756.8287,0.839746,0.850716,271.1004,0.078809,0.819531,0.10166,10240,7749926,326,56406,31,196,31,196
5940,14.133,7.54,7.440413,7.134399,0.306013,7.242188,7.060425,0.379988,771.4569,0.852148,0.852746,283.4214,0.080566,0.823535,0.095898,10240,7899719,293,56360,33,197,33,197
5960,14.189,7.574,7.448317,7.109619,0.338698,7.249756,7.054443,0.393874,785.1379,0.863965,0.854085,290.0984,0.082129,0.831934,0.085938,10240,8039812,287,56273,33,197,33,197
5980,14.249,7.611,7.444459,7.124512,0.319947,7.250488,7.05957,0.384888,794.0082,0.872363,0.855485,291.5107,0.08291,0.836816,0.080273,10240,8130644,316,56388,32,197,32,197
6000,14.309,7.647,7.445193,7.133545,0.311648,7.265503,7.075562,0.369631,818.234,0.868652,0.860506,309.9657,0.086133,0.82627,0.087598,10240,8378716,293,56528,35,199,35,199
6020,14.372,7.687,7.429968,7.107788,0.32218,7.238892,7.056396,0.373571,878.1972,0.867969,0.870161,325.4915,0.093457,0.827148,0.079395,10240,8992739,339,56452,35,199,35,199
6040,14.433,7.725,7.417504,7.116455,0.301049,7.241333,7.040039,0.377465,860.5784,0.870605,0.867399,320.8205,0.091406,0.831348,0.077246,10240,8812323,301,56393,36,199,36,199
6060,14.492,7.761,7.420245,7.115356,0.304889,7.261719,7.058594,0.361651,826.8337,0.866113,0.861698,303.5417,0.087207,0.838281,0.074512,10240,8466777,309,56586,32,199,32,199
6080,14.552,7.798,7.424731,7.154541,0.27019,7.286377,7.085327,0.339404,833.6,0.871191,0.862572,301.6128,0.087988,0.833887,0.078125,10240,8536064,312,56684,33,200,33,200
6100,14.612,7.835,7.436721,7.138916,0.297805,7.28125,7.080078,0.356643,840.8987,0.866992,0.864626,305.6916,0.088672,0.826172,0.085156,10240,8610803,340,56618,32,200,32,200
6120,14.671,7.872,7.443087,7.122681,0.320406,7.271362,7.074341,0.368746,851.7758,0.87373,0.865938,320.5249,0.090137,0.833105,0.076758,10240,8722184,299,56480,33,200,33,200
6140,14.729,7.907,7.446839,7.161011,0.285828,7.276733,7.086548,0.360291,818.8857,0.870215,0.860314,304.8127,0.086133,0.83457,0.079297,10240,8385390,310,56527,34,200,34,200
6160,14.79,7.946,7.452341,7.166138,0.286203,7.297363,7.10376,0.348581,825.0802,0.872559,0.86184,300.6604,0.087012,0.830469,0.08252,10240,8448821,303,56608,33,200,33,200
6180,14.85,7.982,7.454475,7.178223,0.276252,7.306641,7.108398,0.346077,828.8416,0.875195,0.861381,297.0997,0.0875,0.83623,0.07627,10240,8487338,323,56608,34,200,34,200
6200,14.913,8.023,7.452309,7.184204,0.268104,7.28186,7.096436,0.355873,798.5136,0.871777,0.857118,263.3409,0.083691,0.831836,0.084473,10240,8176779,330,56458,35,200,35,200
6220,14.969,8.057,7.448129,7.169434,0.278696,7.306763,7.113403,0.334726,779.4149,0.876562,0.853796,264.9125,0.081445,0.826562,0.091992,10240,7981209,331,56573,34,201,34,201
6240,15.027,8.092,7.443824,7.146851,0.296974,7.289795,7.098755,0.345069,752.3846,0.877148,0.849531,255.4226,0.07793,0.818359,0.103711,10240,7704418,300,56591,34,202,34,202
6260,15.086,8.128,7.450764,7.188232,0.262532,7.315918,7.11377,0.336995,756.6134,0.883887,0.849912,253.7398,0.078027,0.822168,0.099805,10240,7747721,321,56656,35,202,35,202
6280,15.143,8.162,7.454425,7.192871,0.261554,7.330444,7.123169,0.331256,753.9212,0.887305,0.849182,241.1787,0.078125,0.824512,0.097363,10240,7720153,313,56818,33,202,33,202
6300,15.199,8.196,7.459875,7.210205,0.24967,7.34021,7.134644,0.325231,749.4024,0.891406,0.84745,256.4531,0.077539,0.831152,0.091309,10240,7673881,346,56886,32,202,32,202
6320,15.256,8.229,7.46733,7.217651,0.249678,7.359253,7.149658,0.317671,736.2351,0.891895,0.843812,243.983,0.075879,0.840625,0.083496,10240,7539047,329,56942,31,202,31,202
6340,15.313,8.263,7.477459,7.239014,0.238446,7.374268,7.160522,0.316937,716.6339,0.888086,0.839568,235.8834,0.073242,0.845508,0.08125,10240,7338331,320,57011,30,202,30,202
6360,15.373,8.3,7.469149,7.253418,0.215731,7.359985,7.159302,0.309847,724.8843,0.889355,0.840897,239.2148,0.074414,0.844434,0.081152,10240,7422815,317,57041,28,202,28,202
6380,15.426,8.332,7.472945,7.241333,0.231612,7.378052,7.174316,0.298629,684.7855,0.88457,0.832261,225.1052,0.069434,0.837695,0.092871,10240,7012204,326,57097,29,203,29,203
6400,15.483,8.366,7.475094,7.221069,0.254024,7.370483,7.150391,0.324703,711.6029,0.884863,0.839008,235.3885,0.072461,0.835059,0.09248,10240,7286814,312,56906,29,203,29,203
6420,15.536,8.398,7.468548,7.224487,0.244061,7.358398,7.14856,0.319989,697.6442,0.888477,0.834881,234.1279,0.070605,0.846875,0.08252,10240,7143877,310,56847,28,203,28,203
6440,15.59,8.429,7.467327,7.223145,0.244182,7.348389,7.148438,0.31889,688.4038,0.885645,0.833528,228.9854,0.069824,0.839746,0.09043,10240,7049255,294,56859,30,204,30,204
6460,15.645,8.462,7.465063,7.227173,0.23789,7.35437,7.154785,0.310277,710.3134,0.884668,0.83906,240.3195,0.072461,0.832324,0.095215,10240,7273609,285,56918,31,205,31,205
6480,15.701,8.494,7.472413,7.22876,0.243654,7.35144,7.164795,0.307619,717.1641,0.881738,0.841652,247.6611,0.073633,0.825488,0.100879,10240,7343760,359,56942,30,205,30,205
6500,15.756,8.526,7.461322,7.227051,0.234271,7.337524,7.147095,0.314227,696.4083,0.889062,0.836099,232.7676,0.070801,0.830176,0.099023,10240,7131221,306,56841,31,205,31,205
6520,15.811,8.557,7.46789,7.23877,0.22912,7.331421,7.142334,0.325556,686.0185,0.886621,0.833186,226.001,0.069238,0.837402,0.093359,10240,7024829,290,56790,33,205,33,205
6540,15.866,8.589,7.467326,7.249146,0.218181,7.351685,7.168091,0.299235,700.139,0.89248,0.836729,233.5635,0.071289,0.833691,0.09502,10240,7169423,326,57034,31,205,31,205
6560,15.922,8.621,7.46402,7.228638,0.235382,7.349365,7.152466,0.311554,721.0587,0.899414,0.840994,232.5578,0.073926,0.837012,0.089062,10240,7383641,291,56994,33,206,33,206
6580,15.978,8.654,7.471742,7.222778,0.248963,7.357666,7.158813,0.312928,757.4313,0.887109,0.848647,255.4888,0.07832,0.834473,0.087207,10240,7756097,328,56954,30,206,30,206
6600,16.036,8.69,7.462061,7.236572,0.225489,7.34375,7.16687,0.295191,736.5986,0.894824,0.843279,260.45,0.075781,0.843066,0.081152,10240,7542770,295,57045,29,207,29,207
6620,16.091,8.723,7.461208,7.240967,0.220241,7.350952,7.162964,0.298244,748.1438,0.891602,0.847234,269.0125,0.077441,0.829883,0.092676,10240,7660993,301,57044,30,208,30,208
6640,16.15,8.759,7.469455,7.218506,0.250949,7.353394,7.151611,0.317844,749.8126,0.888281,0.846721,262.1498,0.077344,0.837207,0.085449,10240,7678081,324,56917,29,208,29,208
6660,16.205,8.792,7.475211,7.250366,0.224844,7.35083,7.168945,0.306265,743.5289,0.887891,0.846482,260.402,0.07666,0.827832,0.095508,10240,7613736,321,57007,29,208,29,208
6680,16.259,8.824,7.47607,7.248535,0.227535,7.358276,7.174805,0.301266,727.094,0.887695,0.843609,261.9014,0.074707,0.827539,0.097754,10240,7445443,327,57007,28,208,28,208
6700,16.314,8.857,7.474123,7.223267,0.250857,7.363525,7.164917,0.309206,718.6623,0.894434,0.840392,256.6023,0.073438,0.835938,0.090625,10240,7359102,333,56948,28,209,28,209
6720,16.376,8.895,7.472427,7.245239,0.227188,7.350098,7.16272,0.309708,722.8017,0.902734,0.840438,260.0159,0.074121,0.839062,0.086816,10240,7401489,299,56899,25,209,25,209
6740,16.432,8.928,7.469985,7.225952,0.244032,7.33252,7.140381,0.329604,723.975,0.89834,0.840573,257.5558,0.074121,0.839062,0.086816,10240,7413504,315,56713,24,209,24,209
6760,16.487,8.961,7.468449,7.23645,0.231999,7.355713,7.148926,0.319524,744.4423,0.894141,0.845687,261.9167,0.077148,0.832129,0.090723,10240,7623089,317,56859,24,210,24,210
6780,16.548,8.997,7.47459,7.211426,0.263165,7.354492,7.155884,0.318706,713.109,0.897852,0.838134,257.9554,0.073145,0.840332,0.086523,10240,7302236,364,56847,25,211,25,211
6800,16.605,9.031,7.470512,7.229004,0.241508,7.354858,7.149292,0.32122,771.1181,0.899707,0.850926,281.9855,0.080176,0.826367,0.093457,10240,7896249,283,56880,24,211,24,211
6820,16.661,9.065,7.472524,7.22583,0.246694,7.356323,7.155273,0.317251,777.8727,0.897949,0.852392,282.3742,0.080957,0.827539,0.091504,10240,7965416,311,56949,25,212,25,212
6840,16.719,9.099,7.48122,7.25354,0.22768,7.38147,7.175171,0.306049,758.6167,0.894434,0.84875,276.4501,0.078613,0.82832,0.093066,10240,7768235,330,57038,27,212,27,212
6860,16.777,9.133,7.488291,7.276733,0.211557,7.401611,7.194214,0.294077,746.9702,0.887695,0.846896,273.1978,0.077344,0.821777,0.100879,10240,7648975,304,57133,26,212,26,212
6880,16.833,9.166,7.485749,7.264404,0.221345,7.396484,7.206299,0.279451,746.4629,0.887012,0.846522,271.9625,0.077344,0.826562,0.096094,10240,7643780,301,57176,27,213,27,213
6900,16.889,9.2,7.496166,7.261597,0.23457,7.399414,7.215576,0.28059,761.7861,0.879004,0.850474,275.4706,0.079297,0.824219,0.096484,10240,7800690,307,57165,32,215,32,215
6920,16.944,9.234,7.497448,7.278198,0.21925,7.414673,7.22583,0.271618,759.1865,0.877441,0.850437,276.7171,0.079199,0.81377,0.107031,10240,7774070,309,57214,30,215,30,215
6940,16.999,9.267,7.501159,7.28833,0.212829,7.408325,7.224609,0.276549,749.4376,0.875098,0.849285,273.1841,0.078125,0.810645,0.11123,10240,7674241,329,57229,30,215,30,215
6960,17.055,9.3,7.504981,7.283203,0.221778,7.422729,7.23877,0.266212,743.886,0.886621,0.847949,280.5176,0.076953,0.811621,0.111426,10240,7617393,334,57323,29,216,29,216
6980,17.112,9.335,7.494524,7.281738,0.212786,7.401001,7.213257,0.281267,709.5104,0.889551,0.841123,276.2192,0.072949,0.804199,0.122852,10240,7265386,330,57112,25,216,25,216
7000,17.169,9.369,7.477841,7.231323,0.246518,7.36145,7.174683,0.303158,698.9815,0.892285,0.838022,271.6901,0.071582,0.815625,0.112793,10240,7157571,342,56857,26,217,26,217
7020,17.228,9.403,7.484358,7.239136,0.245222,7.374512,7.183594,0.300764,712.2606,0.896875,0.840948,276.9262,0.073145,0.81416,0.112695,10240,7293549,335,56919,27,217,27,217
7040,17.287,9.439,7.485093,7.246826,0.238267,7.379395,7.182129,0.302964,727.9982,0.89248,0.844198,282.742,0.075293,0.815625,0.109082,10240,7454702,306,56947,25,217,25,217
7060,17.343,9.471,7.482384,7.245117,0.237267,7.38208,7.194824,0.28756,705.651,0.886816,0.840484,271.3444,0.072656,0.802441,0.124902,10240,7225866,302,57027,23,217,23,217
7080,17.398,9.503,7.477753,7.231934,0.245819,7.386353,7.198975,0.278778,704.9545,0.881641,0.84249,276.3894,0.072754,0.783789,0.143457,10240,7218734,311,57100,23,217,23,217
7100,17.454,9.536,7.464618,7.229492,0.235125,7.353394,7.180054,0.284564,711.068,0.87002,0.846853,288.7328,0.07373,0.761426,0.164844,10240,7281336,325,56935,22,217,22,217
7120,17.512,9.571,7.462596,7.227539,0.235057,7.365845,7.174805,0.287792,732.1125,0.856152,0.85215,289.7829,0.07627,0.753516,0.170215,10240,7496832,285,56903,22,217,22,217
7140,17.57,9.605,7.464953,7.226929,0.238024,7.36377,7.184204,0.280749,755.9404,0.854785,0.858481,307.3103,0.079492,0.747754,0.172754,10240,7740830,302,56962,22,217,22,217
7160,17.627,9.638,7.466294,7.22876,0.237534,7.360229,7.176636,0.289658,753.951,0.841309,0.858174,312.2487,0.079199,0.74834,0.172461,10240,7720458,276,56888,20,217,20,217
7180,17.683,9.672,7.458025,7.219849,0.238176,7.335449,7.163818,0.294207,771.1923,0.844434,0.86098,313.9636,0.08125,0.751172,0.167578,10240,7897009,293,56883,19,217,19,217
7200,17.741,9.707,7.429067,7.171021,0.258046,7.304321,7.12915,0.299916,775.7354,0.847949,0.86171,311.5419,0.081836,0.747852,0.170312,10240,7943531,298,56761,19,217,19,217
7220,17.799,9.742,7.435172,7.189087,0.246085,7.308472,7.132324,0.302848,752.5056,0.855762,0.856966,306.1003,0.079102,0.75498,0.165918,10240,7705657,303,56806,19,217,19,217
7240,17.855,9.774,7.445719,7.201294,0.244425,7.34729,7.159668,0.286051,721.37,0.857031,0.851845,296.0599,0.075195,0.749512,0.175293,10240,7386829,319,56944,23,217,23,217
7260,17.914,9.81,7.45219,7.216187,0.236004,7.350464,7.166382,0.285809,726.7742,0.853906,0.853211,297.22,0.075879,0.753711,0.17041,10240,7442168,266,57028,25,217,25,217
7280,17.984,9.856,7.440094,7.194946,0.245147,7.315552,7.13208,0.308014,704.9056,0.854785,0.848428,283.5458,0.072852,0.748438,0.178711,10240,7218233,316,56801,22,217,22,217
7300,18.041,9.887,7.417571,7.167847,0.249725,7.282471,7.110107,0.307464,693.5814,0.855273,0.845796,281.4193,0.07168,0.751465,0.176855,10240,7102274,325,56733,22,217,22,217
7320,18.094,9.919,7.409269,7.171387,0.237882,7.279663,7.111206,0.298063,686.8087,0.865625,0.842368,283.2403,0.070703,0.76377,0.165527,10240,7032921,323,56810,21,217,21,217
7340,18.148,9.95,7.407987,7.159546,0.248441,7.265503,7.107544,0.300443,658.0018,0.864844,0.835133,268.4447,0.06709,0.76709,0.16582,10240,6737938,339,56760,21,217,21,217
7360,18.202,9.982,7.401655,7.177612,0.224043,7.290161,7.123901,0.277754,685.6482,0.864551,0.84073,279.6701,0.070312,0.773145,0.156543,10240,7021038,316,56950,21,217,21,217
7380,18.257,10.013,7.416293,7.172485,0.243808,7.302979,7.136719,0.279575,675.5344,0.856738,0.839149,269.2094,0.069238,0.772266,0.158496,10240,6917472,310,56939,21,217,21,217
7400,18.311,10.044,7.408866,7.183838,0.225028,7.291626,7.131226,0.277641,661.1095,0.855469,0.834975,258.6737,0.067578,0.774609,0.157812,10240,6769761,315,56904,19,217,19,217
7420,18.366,10.075,7.407056,7.194702,0.212354,7.293457,7.13562,0.271436,658.6357,0.857715,0.833752,263.1751,0.066992,0.782129,0.150879,10240,6744430,305,56988,21,218,21,218
7440,18.426,10.112,7.397996,7.17688,0.221116,7.28894,7.113037,0.284959,684.9932,0.86377,0.84048,277.4381,0.070312,0.775293,0.154395,10240,7014330,319,56948,19,219,19,219
7460,18.481,10.143,7.397109,7.17041,0.226699,7.287354,7.119629,0.277481,669.4568,0.866309,0.83599,270.0987,0.068262,0.783203,0.148535,10240,6855238,367,56991,18,219,18,219
7480,18.536,10.175,7.398662,7.163086,0.235576,7.280029,7.105225,0.293438,672.0129,0.872559,0.836722,276.4867,0.068652,0.783301,0.148047,10240,6881412,323,56866,18,219,18,219
7500,18.59,10.206,7.393816,7.160156,0.233659,7.271362,7.112427,0.281389,668.0708,0.873828,0.834341,270.0791,0.067969,0.793652,0.138379,10240,6841045,336,56843,18,219,18,219
7520,18.644,10.237,7.394298,7.151123,0.243175,7.27771,7.107788,0.28651,668.093,0.875098,0.833985,258.036,0.067969,0.794434,0.137598,10240,6841272,304,56884,18,219,18,219
7540,18.698,10.268,7.393111,7.175781,0.217329,7.272095,7.107422,0.285689,673.1187,0.87998,0.834947,266.559,0.068555,0.793457,0.137988,10240,6892735,307,56855,19,219,19,219
7560,18.754,10.3,7.403983,7.200562,0.203421,7.295166,7.12915,0.274832,676.1707,0.870605,0.838459,258.9031,0.069043,0.776465,0.154492,10240,6923988,296,56985,21,221,21,221
7580,18.809,10.332,7.426565,7.202271,0.224294,7.315552,7.148804,0.277761,700.798,0.868066,0.845467,268.7188,0.072461,0.761133,0.166406,10240,7176172,310,56987,21,221,21,221
7600,18.869,10.369,7.437631,7.19751,0.240122,7.314331,7.13855,0.299082,683.7156,0.864062,0.841552,263.5113,0.070215,0.766211,0.163574,10240,7001248,319,56869,20,222,20,222
7620,18.925,10.401,7.44893,7.210815,0.238115,7.319336,7.144043,0.304887,684.2601,0.862109,0.841325,265.7932,0.07041,0.76748,0.162109,10240,7006823,305,56860,20,222,20,222
7640,18.981,10.435,7.457093,7.202393,0.2547,7.343384,7.154907,0.302185,682.3215,0.859766,0.841091,262.9696,0.069922,0.766895,0.163184,10240,6986972,310,56884,21,223,21,223
7660,19.038,10.469,7.447195,7.206055,0.24114,7.319824,7.135376,0.311819,702.1303,0.857422,0.846476,273.0319,0.072559,0.759375,0.168066,10240,7189814,322,56918,21,223,21,223
7680,19.094,10.501,7.448911,7.20105,0.247861,7.327393,7.135254,0.313657,720.991,0.855664,0.850711,296.5824,0.074805,0.75498,0.170215,10240,7382948,292,56863,22,223,22,223
7700,19.15,10.534,7.446699,7.197632,0.249067,7.345337,7.133301,0.313398,722.1838,0.858105,0.850974,289.0806,0.074707,0.758105,0.167188,10240,7395162,341,56886,23,223,23,223
7720,19.205,10.568,7.466136,7.230835,0.235301,7.371338,7.162476,0.303661,733.262,0.864648,0.851937,291.6842,0.075977,0.760742,0.163281,10240,7508603,311,56992,23,223,23,223
7740,19.261,10.6,7.461246,7.224487,0.236759,7.356934,7.166626,0.29462,716.3708,0.851367,0.850611,279.9118,0.073926,0.750098,0.175977,10240,7335637,332,57002,26,223,26,223
7760,19.317,10.633,7.478026,7.224976,0.253051,7.367432,7.171265,0.306762,733.7413,0.848047,0.854631,291.7324,0.076074,0.740723,0.183203,10240,7513511,319,56980,26,223,26,223
7780,19.372,10.665,7.465969,7.219604,0.246364,7.353394,7.150879,0.31509,708.5358,0.844727,0.849469,276.514,0.073047,0.741797,0.185156,10240,7255407,355,56862,25,224,25,224
7800,19.424,10.695,7.463311,7.205688,0.257622,7.350342,7.148315,0.314995,657.0434,0.847852,0.837891,238.6458,0.066992,0.742676,0.190332,10240,6728124,318,56853,26,225,26,225
7820,19.476,10.725,7.464638,7.200928,0.26371,7.334961,7.153809,0.31083,642.4478,0.851367,0.834576,233.8803,0.065234,0.739746,0.19502,10240,6578665,339,56890,25,225,25,225
7840,19.53,10.756,7.465516,7.199219,0.266297,7.356689,7.144287,0.321229,680.2639,0.846094,0.844827,247.4821,0.070117,0.731445,0.198438,10240,6965902,332,56845,26,225,26,225
7860,19.582,10.787,7.465685,7.171509,0.294176,7.322388,7.114014,0.351671,683.3625,0.836328,0.846236,265.8182,0.070508,0.734277,0.195215,10240,6997632,315,56654,27,225,27,225
7880,19.638,10.819,7.482534,7.192749,0.289785,7.336304,7.130981,0.351553,719.0021,0.841406,0.852628,283.2025,0.074902,0.738965,0.186133,10240,7362582,335,56665,27,225,27,225
7900,19.696,10.853,7.490078,7.184204,0.305874,7.33252,7.134644,0.355434,718.8589,0.837891,0.853328,266.9344,0.075,0.73584,0.18916,10240,7361115,331,56596,29,225,29,225
7920,19.754,10.887,7.482933,7.182617,0.300316,7.306885,7.112915,0.370018,740.9596,0.84248,0.857023,278.36,0.077539,0.741699,0.180762,10240,7587426,311,56523,27,225,27,225
7940,19.81,10.92,7.47294,7.156616,0.316324,7.28186,7.080933,0.392008,747.8048,0.846582,0.857694,277.7866,0.078223,0.747461,0.174316,10240,7657521,295,56273,27,226,27,226
7960,19.87,10.956,7.481712,7.146729,0.334984,7.282837,7.080566,0.401146,739.524,0.841992,0.854803,275.7539,0.077148,0.754297,0.168555,10240,7572726,314,56258,28,227,28,227
7980,19.926,10.99,7.479992,7.143677,0.336315,7.279785,7.079102,0.40089,755.568,0.844531,0.857836,281.0837,0.079102,0.753125,0.167773,10240,7737016,306,56290,29,227,29,227
8000,19.982,11.023,7.480372,7.134155,0.346216,7.298828,7.088135,0.392237,739.4742,0.830469,0.855574,276.1527,0.077051,0.75127,0.17168,10240,7572216,328,56396,29,227,29,227
8020,20.04,11.057,7.478411,7.135742,0.342669,7.288574,7.06958,0.408831,765.0841,0.833496,0.859505,286.0693,0.07959,0.755957,0.164453,10240,7834461,299,56253,29,227,29,227
8040,20.096,11.091,7.480462,7.126709,0.353753,7.260986,7.061523,0.418938,779.7227,0.837695,0.861202,300.0936,0.081934,0.764453,0.153613,10240,7984360,329,56140,28,227,28,227
8060,20.155,11.126,7.478936,7.12561,0.353325,7.244019,7.046753,0.432183,799.8104,0.847656,0.863601,297.0311,0.084277,0.773633,0.14209,10240,8190058,292,56041,29,227,29,227
8080,20.211,11.161,7.471852,7.093872,0.37798,7.231567,7.046631,0.425221,792.2302,0.851074,0.861497,292.5518,0.083398,0.779102,0.1375,10240,8112437,320,56065,30,227,30,227
8100,20.268,11.195,7.469018,7.101685,0.367334,7.240845,7.032227,0.436792,775.3875,0.867969,0.857429,284.3578,0.081152,0.786035,0.132812,10240,7939968,300,56039,33,227,33,227
8120,20.327,11.231,7.472321,7.10437,0.367951,7.235962,7.024658,0.447663,784.5552,0.870605,0.857761,292.4845,0.082129,0.797656,0.120215,10240,8033845,313,55991,35,228,35,228
8140,20.397,11.268,7.464855,7.082031,0.382824,7.223755,7.024658,0.440197,796.7773,0.856934,0.861284,299.1618,0.083398,0.784766,0.131836,10240,8159000,323,56040,34,230,34,230
8160,20.485,11.324,7.469665,7.094604,0.375061,7.23999,7.033447,0.436218,809.8753,0.85918,0.863364,300.7628,0.084766,0.786816,0.128418,10240,8293123,308,56115,34,232,34,232
8180,20.545,11.36,7.472394,7.053711,0.418683,7.224243,6.999268,0.473127,826.7126,0.854492,0.86707,300.1188,0.086816,0.780176,0.133008,10240,8465537,294,55865,35,232,35,232
8200,20.614,11.402,7.466889,7.071899,0.39499,7.229492,6.998657,0.468232,850.1716,0.852832,0.870627,320.601,0.089746,0.778711,0.131543,10240,8705757,332,55937,38,233,38,233
8220,20.705,11.46,7.460798,7.046143,0.414655,7.202026,6.984863,0.475935,870.0028,0.854395,0.873615,331.9559,0.091992,0.776367,0.131641,10240,8908829,344,55853,36,234,36,234
8240,20.781,11.502,7.4767,7.043823,0.432876,7.219849,6.983765,0.492935,875.539,0.860938,0.874375,322.4026,0.092676,0.77373,0.133594,10240,8965519,317,55765,34,234,34,234
8260,20.868,11.559,7.466247,7.064819,0.401428,7.220093,6.985107,0.481139,851.3672,0.859961,0.871394,315.9818,0.089844,0.772461,0.137695,10240,8718000,301,55915,32,234,32,234
8280,20.929,11.597,7.47889,7.073853,0.405038,7.253662,7.008911,0.469979,833.0861,0.859375,0.868536,302.0404,0.087793,0.775,0.137207,10240,8530802,348,56063,30,234,30,234
8300,20.989,11.636,7.472481,7.058594,0.413887,7.223145,6.987549,0.484932,856.0757,0.852637,0.872531,307.8868,0.090527,0.770312,0.13916,10240,8766215,321,55976,32,235,32,235
8320,21.048,11.672,7.484294,7.071411,0.412883,7.25415,7.004395,0.479899,846.5535,0.85791,0.870516,307.5187,0.089453,0.77373,0.136816,10240,8668708,321,56085,33,236,33,236
8340,21.109,11.71,7.484117,7.103516,0.380601,7.258057,7.012573,0.471543,871.3019,0.854199,0.874894,311.9064,0.092383,0.765527,0.14209,10240,8922131,295,56182,32,236,32,236
8360,21.171,11.748,7.476517,7.063721,0.412796,7.238159,6.978516,0.498001,898.8478,0.855859,0.878477,315.1972,0.095898,0.767188,0.136914,10240,9204201,300,56087,34,236,34,236
8380,21.231,11.785,7.476274,7.058716,0.417558,7.222412,6.968384,0.50789,869.854,0.856445,0.874863,312.3826,0.092285,0.769336,0.138379,10240,8907305,319,55983,38,236,38,236
8400,21.291,11.823,7.474294,7.027832,0.446461,7.209351,6.937866,0.536427,853.2375,0.852246,0.872136,305.953,0.090137,0.764453,0.14541,10240,8737152,306,55825,37,236,37,236
8420,21.353,11.86,7.467924,7.014893,0.453031,7.188477,6.92981,0.538114,861.9237,0.844922,0.873525,311.2142,0.091309,0.765234,0.143457,10240,8826099,323,55796,36,236,36,236
8440,21.415,11.898,7.476873,7.038208,0.438665,7.214844,6.948486,0.528386,852.3946,0.850293,0.872298,312.4908,0.089844,0.763965,0.146191,10240,8728521,358,55879,35,236,35,236
8460,21.477,11.935,7.475049,7.030518,0.444531,7.204102,6.944092,0.530957,834.4898,0.849707,0.8704,297.6771,0.087891,0.760059,0.152051,10240,8545176,305,55749,36,237,36,237
8480,21.537,11.971,7.459662,7.028198,0.431463,7.198242,6.942261,0.517401,823.5784,0.858691,0.867589,292.955,0.086426,0.77168,0.141895,10240,8433443,301,55894,35,238,35,238
8500,21.599,12.008,7.456671,6.993652,0.463019,7.179688,6.923828,0.532843,846.5941,0.858984,0.871043,309.9377,0.088672,0.776465,0.134863,10240,8669124,315,55810,36,238,36,238
8520,21.659,12.045,7.468323,6.994873,0.47345,7.179077,6.930664,0.537659,826.0226,0.865039,0.866197,311.4601,0.086719,0.787988,0.125293,10240,8458471,326,55745,35,238,35,238
8540,21.717,12.081,7.462438,7.007812,0.454626,7.184814,6.931152,0.531286,820.3279,0.871191,0.864861,316.4498,0.086133,0.791504,0.122363,10240,8400158,316,55883,35,239,35,239
8560,21.777,12.118,7.474456,7.060547,0.413909,7.230835,6.964478,0.509978,808.854,0.866016,0.863544,307.2405,0.085254,0.785547,0.129199,10240,8282665,290,56111,35,239,35,239
8580,21.838,12.155,7.470011,7.034668,0.435343,7.201904,6.952881,0.51713,829.4301,0.864844,0.867076,313.779,0.0875,0.786133,0.126367,10240,8493364,308,55928,33,239,33,239
8600,21.895,12.19,7.479964,7.053467,0.426497,7.216553,6.959473,0.520492,789.2905,0.864648,0.860364,298.4789,0.082715,0.787012,0.130273,10240,8082335,320,55945,32,239,32,239
8620,21.951,12.224,7.490572,7.084351,0.406221,7.234009,6.986572,0.503999,752.3008,0.85918,0.853078,281.3372,0.07832,0.792969,0.128711,10240,7703560,312,56071,32,239,32,239
8640,22.005,12.256,7.489359,7.092285,0.397074,7.233887,6.995239,0.49412,706.5774,0.864453,0.843424,256.6527,0.072656,0.799121,0.128223,10240,7235353,289,56157,31,239,31,239
8660,22.061,12.288,7.489328,7.052734,0.436594,7.220337,6.977661,0.511667,693.5088,0.865137,0.839617,247.9087,0.070801,0.804004,0.125195,10240,7101530,305,56014,35,239,35,239
8680,22.118,12.323,7.484961,7.055542,0.429419,7.225098,6.979492,0.505469,679.9531,0.867383,0.836398,227.7962,0.069336,0.800488,0.130176,10240,6962720,318,56034,36,239,36,239
8700,22.173,12.355,7.483496,7.035522,0.447973,7.217896,6.966309,0.517187,684.3192,0.86416,0.837112,228.5831,0.069531,0.807227,0.123242,10240,7007429,337,55949,36,239,36,239
8720,22.228,12.386,7.474215,7.040405,0.43381,7.199951,6.954468,0.519747,691.4998,0.867871,0.837417,235.0988,0.070508,0.814355,0.115137,10240,7080958,308,55865,33,239,33,239
8740,22.282,12.418,7.474657,7.031738,0.442918,7.198853,6.949829,0.524828,642.1604,0.863672,0.823647,202.5689,0.064258,0.824316,0.111426,10240,6575722,291,55875,31,239,31,239
8760,22.337,12.45,7.477896,7.02832,0.449576,7.196533,6.947632,0.530265,694.9687,0.869531,0.837976,219.4115,0.070996,0.812402,0.116602,10240,7116479,271,55871,34,239,34,239
8780,22.391,12.481,7.478598,7.056885,0.421713,7.21521,6.959473,0.519125,693.6327,0.864551,0.838254,224.2445,0.070605,0.80957,0.119824,10240,7102799,324,56063,34,239,34,239
8800,22.447,12.513,7.465569,7.031372,0.434197,7.206909,6.957886,0.507683,695.4626,0.874805,0.837913,221.6224,0.071094,0.815137,0.11377,10240,7121537,307,56077,36,239,36,239
8820,22.502,12.546,7.456089,7.017944,0.438144,7.195557,6.947632,0.508457,709.8813,0.87373,0.841409,230.4141,0.072656,0.811914,0.11543,10240,7269184,303,56045,34,239,34,239
8840,22.558,12.579,7.453543,7.034058,0.419485,7.206665,6.947632,0.505911,721.8259,0.8625,0.845783,234.08,0.073926,0.798145,0.12793,10240,7391497,298,56027,35,240,35,240
8860,22.613,12.611,7.462215,7.028931,0.433285,7.213623,6.969727,0.492489,705.5246,0.852051,0.843669,226.2296,0.072559,0.787695,0.139746,10240,7224572,332,56121,38,240,38,240
8880,22.686,12.66,7.462373,7.03479,0.427582,7.238037,6.985474,0.476899,745.771,0.856543,0.851968,236.1895,0.077734,0.789062,0.133203,10240,7636695,331,56206,38,240,38,240
8900,22.743,12.696,7.458468,7.049683,0.408786,7.207886,6.967285,0.491183,731.7329,0.849512,0.849744,226.0101,0.075977,0.787598,0.136426,10240,7492945,312,56117,36,240,36,240
8920,22.8,12.729,7.455538,7.05603,0.399507,7.21106,6.976562,0.478975,726.8229,0.851562,0.848113,235.5516,0.075391,0.79082,0.133789,10240,7442666,301,56263,39,240,39,240
8940,22.857,12.762,7.458565,7.041016,0.417549,7.222778,6.979614,0.47895,697.9473,0.855566,0.841029,225.6817,0.071777,0.797559,0.130664,10240,7146980,299,56286,40,240,40,240
8960,22.913,12.794,7.458956,7.033081,0.425875,7.216797,6.965332,0.493624,698.4466,0.861719,0.840512,226.4156,0.07168,0.804297,0.124023,10240,7152093,330,56181,39,240,39,240
8980,22.968,12.826,7.451368,7.037354,0.414015,7.208496,6.959351,0.492018,688.0338,0.866309,0.837408,230.2151,0.07041,0.808398,0.121191,10240,7045466,302,56173,42,240,42,240
9000,23.023,12.857,7.445647,7.021118,0.424529,7.193115,6.961426,0.484221,674.7145,0.86709,0.835001,222.8614,0.068848,0.800586,0.130566,10240,6909076,323,56102,42,240,42,240
9020,23.077,12.887,7.44827,7.040649,0.407621,7.208374,6.961548,0.486723,643.0488,0.870703,0.82679,209.0598,0.065039,0.803027,0.131934,10240,6584820,307,56219,43,241,43,241
9040,23.131,12.917,7.443666,7.034912,0.408754,7.201904,6.966064,0.477601,636.454,0.875098,0.82485,210.1601,0.064062,0.805859,0.130078,10240,6517289,351,56199,41,241,41,241
9060,23.184,12.947,7.439782,7.00415,0.435632,7.212158,6.965454,0.474328,646.0749,0.875781,0.826198,218.0259,0.065234,0.814648,0.120117,10240,6615807,282,56273,38,241,38,241
9080,23.239,12.978,7.428035,7.020264,0.407771,7.211426,6.966309,0.461726,671.9133,0.880078,0.832903,233.8762,0.068262,0.812891,0.118848,10240,6880392,361,56361,39,241,39,241
9100,23.312,13.016,7.400669,6.961426,0.439243,7.157227,6.922852,0.477817,660.4644,0.897266,0.82765,236.9692,0.065918,0.835449,0.098633,10240,6763155,330,56044,38,241,38,241
9120,23.38,13.061,7.390622,6.993164,0.397458,7.169189,6.93396,0.456662,650.3011,0.903418,0.823071,230.1966,0.064844,0.847363,0.087793,10240,6659083,300,56225,37,241,37,241
9140,23.435,13.092,7.379476,7.002075,0.3774,7.18811,6.944946,0.434529,632.7989,0.90498,0.818271,215.4722,0.062793,0.849414,0.087793,10240,6479861,320,56345,36,243,36,243
9160,23.487,13.122,7.375913,7.022705,0.353208,7.192871,6.947266,0.428647,632.917,0.911621,0.817414,220.6913,0.062598,0.85459,0.082812,10240,6481070,295,56443,36,244,36,244
9180,23.541,13.152,7.371874,7.003296,0.368579,7.174072,6.939331,0.432543,639.6464,0.91416,0.817885,222.7062,0.063281,0.860547,0.076172,10240,6549979,313,56360,36,245,36,245
9200,23.595,13.182,7.374366,7.025024,0.349341,7.188599,6.954224,0.420142,646.4615,0.914258,0.818715,227.5355,0.063965,0.865527,0.070508,10240,6619766,303,56418,37,245,37,245
9220,23.649,13.213,7.356335,7.007812,0.348522,7.180908,6.946289,0.410046,648.0288,0.910547,0.81899,228.1231,0.064355,0.866113,0.069531,10240,6635815,339,56459,39,245,39,245
9240,23.703,13.244,7.358871,7.008179,0.350693,7.1875,6.95105,0.407822,658.3519,0.905078,0.822602,229.125,0.065137,0.859668,0.075195,10240,6741523,313,56495,36,245,36,245
9260,23.762,13.275,7.364991,7.037354,0.327638,7.20874,6.964966,0.400026,648.0594,0.910156,0.819015,228.533,0.06416,0.866016,0.069824,10240,6636128,323,56612,37,245,37,245
9280,23.815,13.305,7.36627,7.026123,0.340147,7.221436,6.973267,0.393003,651.7677,0.914355,0.819769,228.9135,0.064648,0.868262,0.06709,10240,6674101,284,56741,35,246,35,246
9300,23.875,13.34,7.372734,7.058838,0.313896,7.21814,6.984131,0.388603,678.9174,0.912402,0.826067,252.1154,0.068262,0.874121,0.057617,10240,6952114,320,56826,35,246,35,246
9320,23.933,13.374,7.369788,7.02832,0.341468,7.174072,6.931396,0.438392,676.8274,0.918262,0.825769,261.5808,0.067871,0.869531,0.062598,10240,6930713,303,56379,35,246,35,246
9340,23.987,13.404,7.367966,7.022583,0.345383,7.190796,6.937744,0.430222,624.5558,0.919238,0.812887,235.8407,0.061523,0.854102,0.084375,10240,6395451,306,56299,31,246,31,246
9360,24.041,13.436,7.376175,7.047607,0.328567,7.227905,6.983765,0.39241,643.6503,0.916016,0.818451,235.6034,0.063965,0.857324,0.078711,10240,6590979,336,56705,32,246,32,246
9380,24.095,13.467,7.379208,7.091919,0.287289,7.238037,6.999756,0.379452,681.5229,0.913086,0.829097,248.2961,0.068457,0.851562,0.07998,10240,6978794,263,56833,30,246,30,246
9400,24.151,13.5,7.382614,7.120483,0.262131,7.254517,7.019043,0.363571,700.0643,0.907422,0.833473,251.9024,0.070996,0.855176,0.073828,10240,7168658,316,56959,31,246,31,246
9420,24.208,13.533,7.387029,7.143066,0.243963,7.259644,7.035767,0.351263,729.3515,0.897754,0.840742,251.7661,0.074707,0.849023,0.07627,10240,7468559,302,57064,30,246,30,246
9440,24.269,13.569,7.381898,7.114868,0.26703,7.250244,7.032349,0.34955,729.4905,0.892969,0.841125,248.5369,0.074805,0.846191,0.079004,10240,7469983,295,57006,27,246,27,246
9460,24.325,13.602,7.386162,7.157104,0.229058,7.269043,7.051025,0.335137,716.3278,0.893945,0.837755,261.9701,0.07334,0.848828,0.077832,10240,7335197,332,57103,27,246,27,246
9480,24.386,13.639,7.401221,7.171509,0.229713,7.30957,7.079712,0.321509,723.3356,0.883301,0.839997,285.292,0.074414,0.844824,0.080762,10240,7406957,285,57230,26,246,26,246
9500,24.456,13.676,7.400073,7.182861,0.217212,7.307983,7.083008,0.317065,741.4153,0.881348,0.845134,284.2598,0.076758,0.835938,0.087305,10240,7592093,320,57242,26,246,26,246
9520,24.528,13.714,7.394065,7.16333,0.230735,7.309082,7.079468,0.314597,759.3128,0.883887,0.848629,294.6441,0.078809,0.838477,0.082715,10240,7775363,297,57163,27,246,27,246
9540,24.587,13.749,7.393017,7.156128,0.236889,7.276123,7.072388,0.320629,786.1707,0.876074,0.853486,316.883,0.082129,0.84082,0.077051,10240,8050388,329,57082,26,246,26,246
9560,24.647,13.785,7.386007,7.17041,0.215597,7.286133,7.088989,0.297018,755.5352,0.879395,0.846869,307.7441,0.07832,0.847949,0.07373,10240,7736680,322,57184,23,246,23,246
9580,24.705,13.82,7.383222,7.156128,0.227094,7.275024,7.079224,0.303998,748.3807,0.877832,0.846123,306.9362,0.077441,0.841992,0.080566,10240,7663418,311,57105,21,247,21,247
9600,24.764,13.855,7.382156,7.160034,0.222122,7.281372,7.075684,0.306472,773.8562,0.879199,0.851702,312.217,0.080664,0.837891,0.081445,10240,7924287,313,57130,21,247,21,247
9620,24.829,13.891,7.384871,7.150879,0.233992,7.278687,7.078979,0.305892,765.9992,0.875879,0.85014,301.3599,0.07959,0.836621,0.083789,10240,7843832,296,57091,20,247,20,247
9640,24.889,13.928,7.379828,7.166504,0.213324,7.28772,7.085815,0.294012,727.0627,0.877441,0.841725,274.5478,0.075,0.838672,0.086328,10240,7445122,328,57171,20,247,20,247
9660,24.945,13.96,7.381945,7.15564,0.226305,7.291748,7.092773,0.289171,703.4836,0.874512,0.836785,256.7405,0.071875,0.835254,0.092871,10240,7203672,341,57190,18,247,18,247
9680,25.001,13.994,7.382712,7.176025,0.206687,7.29126,7.091064,0.291648,720.2017,0.875879,0.840665,262.1069,0.074121,0.836133,0.089746,10240,7374865,300,57139,17,247,17,247
9700,25.057,14.027,7.392614,7.188965,0.203649,7.307739,7.108032,0.284581,715.7086,0.87666,0.839259,262.2141,0.073438,0.841699,0.084863,10240,7328856,284,57138,17,247,17,247
9720,25.114,14.06,7.399206,7.205322,0.193884,7.33252,7.125732,0.273473,725.901,0.874512,0.84231,263.0646,0.074805,0.836523,0.088672,10240,7433226,323,57290,16,247,16,247
9740,25.171,14.094,7.406807,7.200073,0.206734,7.327515,7.127441,0.279365,755.6312,0.869141,0.848915,282.0147,0.078418,0.827832,0.09375,10240,7737663,351,57285,15,247,15,247
9760,25.228,14.128,7.398,7.204102,0.193898,7.325806,7.116699,0.2813,728.9133,0.86748,0.843752,265.8941,0.074902,0.827051,0.098047,10240,7464072,294,57307,12,247,12,247
9780,25.284,14.16,7.415424,7.220825,0.194599,7.346191,7.136475,0.278949,688.5505,0.881055,0.83377,261.7785,0.07002,0.8375,0.09248,10240,7050757,273,57363,12,247,12,247
9800,25.34,14.192,7.418002,7.191406,0.226596,7.32666,7.116211,0.301791,687.9257,0.874609,0.834859,257.0903,0.069727,0.827637,0.102637,10240,7044359,332,57156,11,247,11,247
9820,25.396,14.225,7.417864,7.182861,0.235002,7.315552,7.102417,0.315447,665.1444,0.880566,0.827535,248.1322,0.06709,0.836621,0.096289,10240,6811079,311,56989,11,247,11,247
9840,25.462,14.264,7.413177,7.199097,0.214081,7.313721,7.107422,0.305755,639.0747,0.875098,0.821675,227.1734,0.06416,0.82998,0.105859,10240,6544125,349,57089,11,247,11,247
9860,25.516,14.295,7.410347,7.196655,0.213692,7.317871,7.113525,0.296822,648.2449,0.874609,0.824621,226.2699,0.065039,0.830469,0.104492,10240,6638028,352,57051,15,249,15,249
9880,25.573,14.329,7.423785,7.195312,0.228472,7.32666,7.117065,0.30672,654.1463,0.878125,0.824687,233.5131,0.06582,0.8375,0.09668,10240,6698458,304,57060,16,249,16,249
9900,25.627,14.36,7.432802,7.175171,0.257632,7.310547,7.103394,0.329409,676.7829,0.879688,0.830642,251.0348,0.068652,0.836426,0.094922,10240,6930257,264,56862,16,249,16,249
9920,25.682,14.392,7.42527,7.175171,0.250099,7.321655,7.093628,0.331642,681.557,0.881738,0.831932,250.2931,0.069141,0.835352,0.095508,10240,6979144,335,56875,16,249,16,249
9940,25.735,14.424,7.429415,7.22229,0.207125,7.325073,7.108643,0.320773,669.0851,0.871777,0.82985,234.5994,0.067676,0.830566,0.101758,10240,6851431,302,56920,14,249,14,249
9960,25.8,14.466,7.433157,7.173828,0.259329,7.304321,7.096313,0.336843,718.6022,0.86875,0.841899,268.5386,0.073828,0.827051,0.099121,10240,7358487,294,56858,14,249,14,249
9980,25.857,14.499,7.423261,7.17395,0.249311,7.296387,7.091431,0.33183,715.4143,0.87627,0.84133,267.7909,0.073535,0.825977,0.100488,10240,7325842,330,56846,12,249,12,249
10000,25.916,14.532,7.420958,7.161255,0.259703,7.279907,7.079468,0.34149,730.1951,0.87998,0.844528,267.5408,0.075488,0.822852,0.10166,10240,7477198,343,56717,13,249,13,249
10020,25.974,14.566,7.428929,7.140015,0.288915,7.28833,7.066772,0.362157,741.7362,0.866602,0.848515,268.064,0.077051,0.80752,0.11543,10240,7595379,286,56658,14,249,14,249
10040,26.03,14.6,7.446207,7.167603,0.278604,7.270508,7.058228,0.387979,746.0227,0.86582,0.849535,270.9703,0.077441,0.805762,0.116797,10240,7639272,322,56383,15,249,15,249
10060,26.088,14.636,7.440577,7.138428,0.302149,7.259155,7.047485,0.393092,721.9674,0.863477,0.844384,257.1802,0.074219,0.80791,0.117871,10240,7392946,352,56261,17,250,17,250
10080,26.143,14.669,7.435708,7.131104,0.304604,7.248535,7.02063,0.415078,725.0038,0.864062,0.844811,266.8986,0.074805,0.813379,0.111816,10240,7424039,315,56224,16,250,16,250
10100,26.199,14.702,7.428201,7.101318,0.326882,7.213501,7.007812,0.420388,748.3079,0.864453,0.849692,282.0252,0.077441,0.812402,0.110156,10240,7662673,318,56100,14,250,14,250
10120,26.26,14.738,7.429202,7.08606,0.343142,7.210571,6.994385,0.434817,724.0616,0.872266,0.844558,267.6337,0.074512,0.814844,0.110645,10240,7414391,313,56085,16,250,16,250
10140,26.317,14.771,7.423484,7.070435,0.35305,7.188721,6.96582,0.457664,703.3208,0.868555,0.839601,255.8504,0.07207,0.82041,0.10752,10240,7202005,318,55916,16,250,16,250
10160,26.377,14.808,7.42964,7.081909,0.347731,7.220825,6.988647,0.440992,705.3132,0.871484,0.840225,251.8871,0.072363,0.813477,0.11416,10240,7222407,320,56108,22,250,22,250
10180,26.437,14.844,7.425387,7.066162,0.359225,7.213989,6.985596,0.439792,707.2937,0.864844,0.841726,253.5655,0.072363,0.810449,0.117188,10240,7242687,270,56176,23,250,23,250
10200,26.494,14.877,7.420996,7.06543,0.355566,7.207886,6.979858,0.441137,729.6629,0.856543,0.846262,264.6323,0.075098,0.815137,0.109766,10240,7471748,323,56174,24,250,24,250
10220,26.55,14.91,7.424832,7.058228,0.366605,7.20874,6.9729,0.451932,721.3146,0.857129,0.84349,259.6137,0.074219,0.822168,0.103613,10240,7386262,294,56154,27,250,27,250
10240,26.609,14.944,7.428462,7.059814,0.368648,7.197266,6.966797,0.461665,740.4694,0.863184,0.847534,274.2752,0.076758,0.820703,0.102539,10240,7582407,329,56104,30,250,30,250
10260,26.667,14.978,7.421847,7.066772,0.355074,7.211426,6.970947,0.4509,741.4561,0.854492,0.847134,275.9574,0.076758,0.823242,0.1,10240,7592510,324,56199,30,250,30,250
10280,26.726,15.013,7.423483,7.063843,0.35964,7.212158,6.975464,0.448019,790.0324,0.855566,0.856805,288.7075,0.082812,0.816895,0.100293,10240,8089932,317,56265,28,250,28,250
10300,26.784,15.048,7.428682,7.063477,0.365206,7.233276,6.995972,0.432711,788.0202,0.864648,0.855946,295.8546,0.082422,0.823145,0.094434,10240,8069327,288,56408,28,251,28,251
10320,26.845,15.083,7.438796,7.083862,0.354934,7.217285,6.988647,0.450149,768.5009,0.872363,0.851198,282.8424,0.079785,0.837891,0.082324,10240,7869449,318,56290,28,251,28,251
10340,26.902,15.117,7.44663,7.114502,0.332128,7.247681,7.005737,0.440893,737.1736,0.875098,0.844502,275.7904,0.076074,0.840137,0.083789,10240,7548658,323,56390,28,251,28,251
10360,26.963,15.155,7.451523,7.112061,0.339463,7.256958,7.025391,0.426133,742.454,0.87334,0.845878,285.3418,0.076465,0.838965,0.08457,10240,7602729,320,56481,26,251,26,251
10380,27.021,15.189,7.45639,7.150513,0.305877,7.274048,7.045532,0.410858,761.3363,0.866895,0.8498,288.3864,0.079004,0.834473,0.086523,10240,7796084,319,56636,28,251,28,251
10400,27.078,15.224,7.457958,7.177979,0.27998,7.293335,7.066528,0.39143,764.7722,0.868359,0.851304,291.7554,0.079199,0.83125,0.089551,10240,7831267,319,56827,29,251,29,251
10420,27.137,15.259,7.456113,7.1698,0.286313,7.285889,7.072632,0.383481,801.4937,0.872559,0.858168,298.6787,0.083984,0.827637,0.088379,10240,8207296,313,56792,28,251,28,251
10440,27.196,15.295,7.456757,7.130249,0.326508,7.284546,7.057861,0.398896,790.4596,0.869336,0.856694,295.5271,0.082129,0.827051,0.09082,10240,8094306,309,56649,28,251,28,251
10460,27.253,15.329,7.449054,7.141602,0.307453,7.281128,7.056274,0.39278,738.7063,0.874707,0.845459,288.1735,0.075684,0.838672,0.085645,10240,7564353,295,56659,29,251,29,251
10480,27.31,15.363,7.434472,7.096191,0.33828,7.267822,7.042236,0.392235,735.976,0.877832,0.844095,287.6175,0.075488,0.841992,0.08252,10240,7536394,321,56638,28,251,28,251
10500,27.369,15.396,7.437261,7.115723,0.321538,7.266846,7.049683,0.387578,700.9484,0.871094,0.836204,281.3886,0.070996,0.848145,0.080859,10240,7177712,330,56694,26,251,26,251
10520,27.427,15.43,7.436252,7.131714,0.304538,7.264648,7.05188,0.384372,715.5528,0.878711,0.83879,283.5752,0.073242,0.852148,0.074609,10240,7327261,304,56659,27,251,27,251
10540,27.484,15.464,7.441452,7.11438,0.327072,7.28125,7.060181,0.381271,726.0213,0.878809,0.841027,286.8503,0.074707,0.849707,0.075586,10240,7434458,279,56668,28,251,28,251
10560,27.543,15.499,7.440117,7.098267,0.34185,7.25647,7.040161,0.399956,750.7191,0.873047,0.846365,291.6182,0.077539,0.848047,0.074414,10240,7687364,330,56467,27,251,27,251
10580,27.602,15.534,7.457633,7.131836,0.325797,7.288696,7.070801,0.386833,774.0265,0.869629,0.851981,311.691,0.080664,0.838281,0.081055,10240,7926031,321,56589,29,251,29,251
10600,27.661,15.57,7.471919,7.141113,0.330806,7.317261,7.083252,0.388667,770.6139,0.870215,0.852883,307.1088,0.080371,0.824805,0.094824,10240,7891086,309,56662,30,251,30,251
10620,27.72,15.605,7.4735,7.189453,0.284047,7.337769,7.107178,0.366322,781.0773,0.869922,0.855866,315.7568,0.081445,0.81416,0.104395,10240,7998232,291,56793,27,251,27,251
10640,27.782,15.643,7.471815,7.163086,0.308729,7.326172,7.092529,0.379286,801.6248,0.861035,0.861026,325.0425,0.084082,0.8,0.115918,10240,8208638,294,56668,27,251,27,251
10660,27.846,15.684,7.479325,7.149658,0.329667,7.328979,7.095093,0.384232,822.9721,0.858496,0.864537,322.125,0.086719,0.803809,0.109473,10240,8427234,320,56634,26,251,26,251
10680,27.907,15.72,7.47249,7.159912,0.312578,7.322266,7.093384,0.379106,819.2574,0.863379,0.863407,319.633,0.086035,0.806055,0.10791,10240,8389196,303,56632,26,251,26,251
10700,27.966,15.756,7.47306,7.150269,0.322792,7.312012,7.093994,0.379066,801.2108,0.862988,0.860459,314.6159,0.083789,0.81084,0.105371,10240,8204399,270,56653,27,251,27,251
10720,28.051,15.807,7.478875,7.17041,0.308465,7.326904,7.098267,0.380608,810.4854,0.863184,0.861447,321.1836,0.084668,0.81543,0.099902,10240,8299370,302,56633,27,251,27,251
10740,28.113,15.844,7.479881,7.184326,0.295555,7.327026,7.106201,0.37368,805.38,0.870605,0.860104,319.4649,0.08418,0.815723,0.100098,10240,8247091,325,56646,27,251,27,251
10760,28.173,15.88,7.477846,7.185547,0.292299,7.332642,7.110596,0.36725,804.1297,0.866699,0.859619,318.8541,0.083984,0.820703,0.095312,10240,8234288,321,56720,27,251,27,251
10780,28.232,15.916,7.470356,7.192261,0.278095,7.344604,7.126831,0.343525,785.5522,0.866309,0.857021,314.438,0.082031,0.813477,0.104492,10240,8044055,335,56865,26,251,26,251
10800,28.291,15.951,7.483491,7.211792,0.271699,7.351196,7.126587,0.356904,794.7714,0.877441,0.859381,323.4021,0.083105,0.807227,0.109668,10240,8138459,362,56821,26,251,26,251
10820,28.351,15.988,7.481473,7.215454,0.266019,7.356689,7.140015,0.341458,807.168,0.859961,0.862265,330.627,0.084473,0.797852,0.117676,10240,8265400,309,56867,26,251,26,251
10840,28.41,16.024,7.488678,7.202515,0.286163,7.358521,7.137451,0.351227,825.1864,0.868457,0.865237,333.8948,0.086621,0.799414,0.113965,10240,8449909,321,56816,27,251,27,251
10860,28.473,16.064,7.493206,7.201782,0.291423,7.358032,7.135376,0.35783,821.8112,0.870312,0.864082,336.2394,0.086426,0.803125,0.110449,10240,8415347,297,56803,26,251,26,251
10880,28.535,16.101,7.49379,7.243042,0.250749,7.364258,7.149902,0.343888,823.1166,0.874707,0.864009,335.0668,0.086816,0.809473,0.103711,10240,8428714,304,56874,26,251,26,251
10900,28.595,16.138,7.491208,7.249268,0.24194,7.375,7.157715,0.333493,820.6916,0.877637,0.863188,336.939,0.086035,0.811816,0.102148,10240,8403882,328,57009,23,251,23,251
10920,28.655,16.174,7.489039,7.216675,0.272364,7.363037,7.137085,0.351954,820.8787,0.86748,0.863623,338.8643,0.08623,0.810059,0.103711,10240,8405798,320,56903,24,251,24,251
10940,28.731,16.227,7.489276,7.225586,0.26369,7.368652,7.142212,0.347064,827.7884,0.873438,0.864334,338.4785,0.087305,0.814355,0.09834,10240,8476553,322,56924,27,251,27,251
10960,28.791,16.265,7.497312,7.224731,0.272581,7.39563,7.156616,0.340696,841.545,0.863574,0.867719,337.2249,0.089258,0.802148,0.108594,10240,8617421,310,56950,25,251,25,251
10980,28.862,16.304,7.50372,7.224854,0.278867,7.395142,7.156128,0.347592,825.2044,0.861914,0.865452,334.4388,0.087207,0.80166,0.111133,10240,8450093,304,56924,27,252,27,252
11000,28.939,16.349,7.50494,7.253662,0.251278,7.399536,7.166626,0.338314,862.2618,0.861035,0.872055,345.094,0.091895,0.791797,0.116309,10240,8829561,292,56964,29,252,29,252
11020,29.012,16.399,7.509967,7.26062,0.249346,7.401733,7.182983,0.326983,871.8228,0.847656,0.874585,344.5188,0.092676,0.779883,0.127441,10240,8927465,288,57019,28,252,28,252
11040,29.094,16.452,7.505125,7.267822,0.237303,7.402832,7.182373,0.322752,871.8563,0.839551,0.874591,355.8972,0.092773,0.782617,0.124609,10240,8927809,318,57033,28,252,28,252
11060,29.155,16.49,7.495998,7.250488,0.245509,7.39209,7.172974,0.323024,883.8436,0.845996,0.876516,351.2563,0.094434,0.775879,0.129688,10240,9050558,327,56991,32,252,32,252
11080,29.219,16.532,7.492961,7.237061,0.255901,7.367676,7.15564,0.337321,882.5039,0.850684,0.876453,349.487,0.094434,0.770801,0.134766,10240,9036840,318,56861,32,253,32,253
11100,29.28,16.57,7.495655,7.200806,0.29485,7.342163,7.137695,0.35796,868.4688,0.849902,0.873597,350.4646,0.09248,0.782422,0.125098,10240,8893120,334,56682,35,253,35,253
11120,29.345,16.608,7.499363,7.2229,0.276462,7.35022,7.129395,0.369968,881.1522,0.852832,0.875001,368.3319,0.094141,0.783691,0.122168,10240,9022999,326,56688,35,253,35,253
11140,29.405,16.645,7.517033,7.217896,0.299137,7.37146,7.143311,0.373722,845.3817,0.849512,0.868924,355.0175,0.089844,0.792773,0.117383,10240,8656709,321,56735,31,253,31,253
11160,29.464,16.681,7.515042,7.251831,0.26321,7.370972,7.157349,0.357693,814.2632,0.844434,0.863817,348.2236,0.08584,0.795312,0.118848,10240,8338055,318,56795,30,253,30,253
11180,29.523,16.718,7.516571,7.225708,0.290863,7.370117,7.151489,0.365081,828.5889,0.838574,0.865723,351.2934,0.0875,0.801465,0.111035,10240,8484750,323,56798,35,257,35,257
11200,29.583,16.754,7.517486,7.221436,0.296051,7.365967,7.153564,0.363922,820.5969,0.840039,0.864913,345.9752,0.086523,0.795703,0.117773,10240,8402912,283,56804,35,257,35,257
11220,29.643,16.791,7.507732,7.239746,0.267986,7.353271,7.14856,0.359172,862.1593,0.847363,0.87092,354.7026,0.091797,0.800977,0.107227,10240,8828511,325,56795,34,257,34,257
11240,29.719,16.833,7.50225,7.217896,0.284354,7.35437,7.149048,0.353202,874.6973,0.84502,0.872055,356.1345,0.093066,0.807715,0.099219,10240,8956900,313,56782,34,257,34,257
11260,29.801,16.891,7.487544,7.209961,0.277583,7.345093,7.131104,0.35644,844.5005,0.841992,0.866924,345.7243,0.089453,0.816211,0.094336,10240,8647685,295,56759,34,257,34,257
11280,29.862,16.929,7.484262,7.227417,0.256845,7.345337,7.140381,0.343881,798.7317,0.836719,0.858522,340.6302,0.083105,0.82207,0.094824,10240,8179013,295,56874,30,257,30,257
11300,29.922,16.967,7.487354,7.220459,0.266895,7.355225,7.134155,0.353199,805.4386,0.830566,0.861131,340.084,0.084375,0.806836,0.108789,10240,8247691,328,56816,29,257,29,257
11320,29.981,17.003,7.483986,7.236206,0.24778,7.36084,7.151001,0.332985,827.242,0.824512,0.864561,353.2765,0.087305,0.810645,0.102051,10240,8470958,331,56882,27,257,27,257
11340,30.04,17.039,7.47712,7.241333,0.235787,7.366821,7.159424,0.317696,811.283,0.822559,0.862393,349.8695,0.085059,0.80918,0.105762,10240,8307538,331,56967,29,258,29,258
11360,30.103,17.08,7.483224,7.250122,0.233102,7.375854,7.178101,0.305124,858.807,0.82002,0.871809,358.9817,0.091211,0.782812,0.125977,10240,8794184,334,57077,30,258,30,258
11380,30.163,17.116,7.490583,7.27063,0.219953,7.388672,7.190674,0.299909,826.3526,0.818262,0.866609,340.3337,0.087207,0.78916,0.123633,10240,8461851,298,57111,29,258,29,258
11400,30.221,17.153,7.487115,7.26709,0.220025,7.378052,7.183472,0.303643,826.5717,0.831152,0.866017,341.5458,0.086914,0.797559,0.115527,10240,8464094,310,57084,30,258,30,258
11420,30.279,17.187,7.484343,7.248657,0.235686,7.386841,7.184204,0.300139,776.9585,0.828418,0.857274,328.1075,0.081152,0.804297,0.114551,10240,7956055,300,57082,32,258,32,258
11440,30.337,17.223,7.47375,7.234253,0.239497,7.364258,7.172729,0.301021,784.3063,0.82207,0.858089,337.7402,0.082129,0.805859,0.112012,10240,8031297,351,57015,31,258,31,258
11460,30.394,17.258,7.468758,7.231689,0.237068,7.342896,7.158325,0.310433,789.1392,0.823438,0.859002,338.0939,0.082617,0.799316,0.118066,10240,8080785,310,56852,30,258,30,258
11480,30.452,17.293,7.472731,7.245728,0.227003,7.346436,7.157593,0.315138,790.1867,0.816895,0.859531,339.9089,0.08291,0.8,0.11709,10240,8091512,317,56808,31,258,31,258
11500,30.511,17.329,7.480572,7.244019,0.236554,7.354614,7.174927,0.305646,799.0074,0.805469,0.861424,341.9042,0.083984,0.794238,0.121777,10240,8181836,297,56855,30,258,30,258
11520,30.568,17.364,7.479552,7.240356,0.239196,7.355957,7.178589,0.300963,799.3073,0.806055,0.862011,351.6387,0.08418,0.789941,0.125879,10240,8184907,304,56932,30,258,30,258
11540,30.625,17.399,7.479952,7.269653,0.210298,7.370239,7.184814,0.295137,784.2165,0.795898,0.86096,343.5487,0.082129,0.784375,0.133496,10240,8030377,336,56976,30,258,30,258
11560,30.684,17.435,7.478361,7.253052,0.225309,7.378418,7.193848,0.284513,829.5931,0.796777,0.868758,353.4861,0.087793,0.780371,0.131836,10240,8495033,300,57076,31,258,31,258
11580,30.743,17.471,7.472221,7.248047,0.224174,7.365601,7.174316,0.297904,825.7353,0.79834,0.868032,343.1896,0.087402,0.774121,0.138477,10240,8455529,314,56970,31,258,31,258
11600,30.807,17.507,7.47432,7.23938,0.23494,7.368408,7.178101,0.296219,800.9949,0.804688,0.864692,338.4371,0.084375,0.769922,0.145703,10240,8202188,340,56932,29,258,29,258
11620,30.867,17.544,7.483989,7.256592,0.227397,7.380615,7.193237,0.290752,796.631,0.789355,0.864518,334.8909,0.083887,0.760352,0.155762,10240,8157501,331,56918,30,258,30,258
11640,30.928,17.582,7.488031,7.269165,0.218866,7.374146,7.189575,0.298456,825.1026,0.781055,0.87027,346.004,0.087402,0.750586,0.162012,10240,8449051,320,56914,30,258,30,258
11660,30.989,17.619,7.487569,7.252441,0.235127,7.36853,7.190796,0.296773,797.3657,0.775488,0.865684,325.0814,0.08418,0.757129,0.158691,10240,8165025,323,56924,29,258,29,258
11680,31.048,17.655,7.482245,7.244385,0.23786,7.352295,7.179199,0.303046,813.7127,0.776758,0.867189,326.2713,0.085449,0.761719,0.152832,10240,8332418,302,56862,30,258,30,258
11700,31.105,17.689,7.478598,7.258423,0.220176,7.381592,7.186646,0.291953,778.99,0.776562,0.861994,315.8978,0.081836,0.759766,0.158398,10240,7976858,302,56986,29,258,29,258
11720,31.162,17.724,7.468045,7.240723,0.227323,7.359375,7.189697,0.278348,787.5533,0.778711,0.863781,321.415,0.083008,0.757129,0.159863,10240,8064546,304,57052,31,258,31,258
11740,31.219,17.758,7.475748,7.251343,0.224405,7.370605,7.192871,0.282876,760.6436,0.78252,0.858263,307.9673,0.079492,0.763672,0.156836,10240,7788990,333,57086,32,258,32,258
11760,31.276,17.792,7.4704,7.235596,0.234804,7.350342,7.182373,0.288027,777.1694,0.771777,0.86218,319.1508,0.081445,0.758594,0.159961,10240,7958215,312,56936,32,258,32,258
11780,31.334,17.827,7.473001,7.234741,0.23826,7.371948,7.186401,0.286599,765.0496,0.768359,0.859898,320.6898,0.080273,0.754395,0.165332,10240,7834108,311,57002,33,258,33,258
11800,31.407,17.867,7.468673,7.233887,0.234786,7.334839,7.164062,0.30461,770.8512,0.766992,0.860754,327.7041,0.080664,0.760254,0.159082,10240,7893516,294,56794,33,258,33,258
11820,31.484,17.919,7.471717,7.244263,0.227454,7.359985,7.184692,0.287024,762.2628,0.777734,0.85909,313.4156,0.079688,0.760449,0.159863,10240,7805571,319,56946,32,258,32,258
11840,31.54,17.953,7.470044,7.235596,0.234448,7.348511,7.176636,0.293408,746.0561,0.772754,0.857047,310.535,0.077734,0.754004,0.168262,10240,7639614,322,56885,31,258,31,258
11860,31.595,17.986,7.468738,7.232788,0.23595,7.351318,7.180176,0.288562,734.8557,0.762402,0.855773,314.2886,0.076562,0.747266,0.176172,10240,7524922,322,56896,31,258,31,258
11880,31.651,18.019,7.475601,7.236084,0.239518,7.363647,7.191162,0.284439,756.4207,0.753711,0.861124,311.2815,0.079297,0.733301,0.187402,10240,7745748,318,57002,28,258,28,258
11900,31.708,18.053,7.471812,7.255737,0.216075,7.370483,7.200562,0.271251,782.8616,0.767871,0.866168,313.5305,0.082715,0.726465,0.19082,10240,8016503,325,57070,27,258,27,258
11920,31.77,18.088,7.469264,7.239502,0.229762,7.371826,7.199219,0.270045,778.1831,0.763574,0.865903,314.0953,0.082031,0.723047,0.194922,10240,7968595,321,57105,28,259,28,259
11940,31.827,18.123,7.472342,7.252075,0.220267,7.390381,7.206665,0.265677,806.5567,0.768066,0.87117,317.4984,0.08584,0.715039,0.199121,10240,8259141,313,57122,28,259,28,259
11960,31.885,18.157,7.472107,7.280273,0.191834,7.386963,7.219849,0.252259,779.8606,0.772363,0.867189,313.8346,0.082324,0.710742,0.206934,10240,7985773,299,57140,26,259,26,259
11980,31.94,18.191,7.477634,7.302734,0.174899,7.412598,7.232422,0.245212,758.7226,0.764355,0.864012,305.8031,0.07959,0.708398,0.212012,10240,7769319,291,57215,24,259,24,259
12000,32.0,18.226,7.485954,7.284912,0.201042,7.413086,7.23645,0.249504,726.9325,0.753418,0.859408,295.0557,0.075977,0.703223,0.220801,10240,7443789,317,57203,25,259,25,259
12020,32.057,18.262,7.486453,7.291016,0.195437,7.42041,7.246948,0.239504,740.4134,0.75459,0.861648,301.9078,0.077637,0.707227,0.215137,10240,7581833,309,57269,24,259,24,259
12040,32.111,18.295,7.477932,7.292847,0.185086,7.412842,7.236816,0.241116,715.4212,0.767676,0.858573,296.7655,0.074707,0.693555,0.231738,10240,7325913,316,57268,24,259,24,259
12060,32.166,18.328,7.473098,7.283325,0.189773,7.404663,7.221436,0.251662,743.3678,0.761816,0.865089,305.1716,0.078027,0.680762,0.241211,10240,7612086,361,57124,24,260,24,260
12080,32.22,18.361,7.469424,7.273804,0.19562,7.382324,7.205078,0.264346,747.1942,0.766016,0.865204,309.6413,0.07832,0.685742,0.235938,10240,7651269,284,57032,24,260,24,260
12100,32.274,18.394,7.464609,7.241211,0.223398,7.347656,7.181885,0.282725,741.846,0.768262,0.862821,299.5895,0.077637,0.697461,0.224902,10240,7596503,323,56886,22,260,22,260
12120,32.33,18.428,7.47121,7.257935,0.213276,7.377563,7.198608,0.272602,759.5232,0.772363,0.864729,307.2737,0.079883,0.713672,0.206445,10240,7777518,317,57015,23,260,23,260
12140,32.386,18.463,7.480101,7.284912,0.195189,7.389038,7.218018,0.262084,731.7771,0.763672,0.859718,300.1822,0.076562,0.709375,0.214062,10240,7493398,314,57103,23,260,23,260
12160,32.442,18.497,7.481331,7.260986,0.220345,7.376465,7.20459,0.276741,713.1511,0.766504,0.856686,313.3696,0.074023,0.708301,0.217676,10240,7302667,268,56912,23,260,23,260
12180,32.496,18.53,7.489026,7.255981,0.233044,7.372314,7.183716,0.30531,716.089,0.771387,0.857138,312.9703,0.074414,0.709668,0.215918,10240,7332751,320,56745,22,260,22,260
12200,32.554,18.566,7.48895,7.289185,0.199766,7.376953,7.206177,0.282774,752.1566,0.768945,0.864453,327.8862,0.078809,0.70625,0.214941,10240,7702084,324,56907,22,260,22,260
12220,32.608,18.599,7.495277,7.285278,0.209999,7.394165,7.216309,0.278969,745.1745,0.77207,0.863233,320.9703,0.077832,0.699316,0.222852,10240,7630587,327,56990,22,260,22,260
12240,32.662,18.632,7.494177,7.281738,0.212439,7.402466,7.223267,0.27091,754.3783,0.778223,0.864277,325.7415,0.079004,0.707227,0.21377,10240,7724834,303,57043,21,260,21,260
12260,32.717,18.666,7.494787,7.297852,0.196935,7.395874,7.224976,0.269811,732.9287,0.77168,0.860057,309.3989,0.076367,0.713184,0.210449,10240,7505190,321,57047,22,260,22,260
12280,32.775,18.702,7.491963,7.262207,0.229756,7.373901,7.199219,0.292745,735.3403,0.774316,0.859937,306.1309,0.076562,0.715625,0.207812,10240,7529885,312,56904,21,260,21,260
12300,32.829,18.735,7.502038,7.275024,0.227013,7.391968,7.217651,0.284386,721.9648,0.781348,0.857307,299.8933,0.075,0.716016,0.208984,10240,7392920,336,57002,20,260,20,260
12320,32.886,18.769,7.496826,7.286255,0.210571,7.398804,7.210693,0.286132,694.6214,0.771777,0.852413,279.5974,0.071777,0.710742,0.21748,10240,7112923,326,57014,22,260,22,260
12340,32.94,18.802,7.484397,7.274902,0.209495,7.376709,7.198364,0.286033,717.7654,0.767578,0.857659,291.7828,0.074707,0.702832,0.222461,10240,7349918,308,57016,22,260,22,260
12360,32.993,18.834,7.500523,7.304199,0.196324,7.396484,7.217163,0.28336,718.3924,0.77168,0.857596,285.9207,0.074707,0.708496,0.216797,10240,7356338,293,57145,23,260,23,260
12380,33.05,18.867,7.512556,7.30127,0.211287,7.416992,7.228394,0.284163,700.8068,0.771387,0.854033,279.3213,0.072266,0.714648,0.213086,10240,7176262,345,57166,22,260,22,260
12400,33.103,18.898,7.513036,7.29248,0.220555,7.420166,7.220581,0.292455,703.1353,0.785449,0.853535,283.1079,0.072656,0.716016,0.211328,10240,7200105,322,57143,19,260,19,260
12420,33.158,18.932,7.519343,7.301147,0.218196,7.420776,7.218872,0.300471,722.6609,0.786914,0.857268,285.4449,0.075098,0.716016,0.208887,10240,7400048,338,57038,20,260,20,260
12440,33.212,18.964,7.506502,7.293945,0.212557,7.411743,7.210449,0.296053,723.3838,0.78584,0.857575,289.0521,0.075195,0.717383,0.207422,10240,7407450,300,57041,22,260,22,260
12460,33.27,18.999,7.499682,7.264038,0.235644,7.389771,7.193848,0.305834,722.506,0.784766,0.857607,287.707,0.075195,0.71416,0.210645,10240,7398461,326,56858,22,260,22,260
12480,33.325,19.032,7.503207,7.290283,0.212924,7.40332,7.216919,0.286288,715.7655,0.791602,0.855893,278.5452,0.074609,0.716309,0.209082,10240,7329439,318,57018,23,260,23,260
12500,33.384,19.068,7.512088,7.299438,0.21265,7.397095,7.208618,0.30347,740.2685,0.787695,0.860159,299.4833,0.077148,0.719531,0.20332,10240,7580349,278,56949,21,260,21,260
12520,33.442,19.104,7.518219,7.318726,0.199494,7.413208,7.228516,0.289704,739.1777,0.788477,0.859261,306.4343,0.077148,0.728027,0.194824,10240,7569180,316,57116,21,260,21,260
12540,33.496,19.137,7.514613,7.313721,0.200893,7.421387,7.2323,0.282314,738.1438,0.7875,0.859162,303.0136,0.077148,0.725781,0.19707,10240,7558593,271,57172,21,260,21,260
12560,33.556,19.175,7.509408,7.304932,0.204476,7.408081,7.227051,0.282357,771.2373,0.788477,0.866145,315.5676,0.081152,0.72207,0.196777,10240,7897470,298,57183,21,260,21,260
12580,33.611,19.208,7.505863,7.304077,0.201786,7.410156,7.219604,0.286259,756.2222,0.793066,0.863657,315.4896,0.079395,0.718262,0.202344,10240,7743715,334,57183,23,261,23,261
12600,33.666,19.241,7.501045,7.314453,0.186592,7.408447,7.229492,0.271553,723.1604,0.79873,0.856276,300.0795,0.075098,0.72666,0.198242,10240,7405162,310,57281,23,261,23,261
12620,33.725,19.278,7.518112,7.304932,0.21318,7.400513,7.210083,0.308029,761.7448,0.805664,0.861591,324.1713,0.079395,0.74209,0.178516,10240,7800267,335,56976,20,261,20,261
12640,33.78,19.313,7.524653,7.290649,0.234004,7.407959,7.214478,0.310176,735.0181,0.822168,0.854107,313.2851,0.076074,0.758008,0.165918,10240,7526585,298,56965,21,261,21,261
12660,33.837,19.347,7.53916,7.293945,0.245215,7.421265,7.226074,0.313086,767.0928,0.827734,0.859527,323.285,0.07998,0.76416,0.155859,10240,7855030,296,56986,21,261,21,261
12680,33.894,19.382,7.536674,7.299194,0.23748,7.400513,7.204712,0.331962,767.7653,0.826367,0.859617,326.3907,0.080078,0.759961,0.159961,10240,7861917,306,56851,21,261,21,261
12700,33.951,19.417,7.542314,7.293457,0.248857,7.421387,7.209106,0.333207,758.2391,0.823926,0.858752,319.3234,0.079199,0.75625,0.164551,10240,7764368,316,56886,22,261,22,261
12720,34.006,19.45,7.553476,7.278564,0.274912,7.413086,7.202759,0.350717,737.5776,0.820801,0.854356,302.6792,0.076367,0.764844,0.158789,10240,7552795,329,56828,23,261,23,261
12740,34.084,19.495,7.55669,7.288818,0.267871,7.434082,7.213379,0.343311,735.0475,0.821875,0.85335,298.8947,0.076562,0.765625,0.157812,10240,7526886,308,56870,22,261,22,261
12760,34.159,19.548,7.558914,7.300537,0.258377,7.425903,7.221558,0.337357,741.9979,0.817773,0.85584,305.7608,0.077539,0.761914,0.160547,10240,7598059,345,56899,22,262,22,262
12780,34.214,19.583,7.550572,7.291504,0.259068,7.416382,7.21106,0.339512,737.3281,0.818164,0.854998,301.8923,0.076758,0.759961,0.163281,10240,7550240,294,56806,20,262,20,262
12800,34.269,19.616,7.553963,7.303711,0.250252,7.426758,7.216064,0.337898,733.6371,0.825879,0.854163,300.5675,0.076562,0.757031,0.166406,10240,7512444,333,56871,20,262,20,262
12820,34.323,19.649,7.558106,7.302368,0.255738,7.438477,7.230225,0.327882,708.6376,0.824707,0.849083,293.1668,0.073438,0.759961,0.166602,10240,7256449,343,56957,20,262,20,262
12840,34.379,19.684,7.553991,7.270142,0.28385,7.418945,7.199707,0.354284,704.4298,0.820215,0.847896,292.146,0.072949,0.764648,0.162402,10240,7213361,296,56753,18,262,18,262
12860,34.434,19.717,7.543497,7.232666,0.310831,7.375854,7.168823,0.374674,716.9341,0.834766,0.848484,299.7755,0.074316,0.773828,0.151855,10240,7341405,312,56501,18,262,18,262
12880,34.487,19.749,7.545719,7.231445,0.314274,7.378784,7.16748,0.378239,708.1464,0.819238,0.847309,294.2576,0.07334,0.772363,0.154297,10240,7251419,335,56493,21,262,21,262
12900,34.551,19.782,7.550044,7.261963,0.288081,7.375977,7.177612,0.372432,689.4226,0.821191,0.842741,297.2816,0.070996,0.772754,0.15625,10240,7059687,269,56513,24,262,24,262
12920,34.633,19.832,7.552712,7.247925,0.304788,7.386597,7.17041,0.382302,706.6375,0.816309,0.845363,296.8387,0.072949,0.784277,0.142773,10240,7235968,334,56407,25,262,25,262
12940,34.692,19.866,7.54305,7.237061,0.30599,7.370728,7.163452,0.379598,690.4525,0.814648,0.841541,293.3794,0.070898,0.786035,0.143066,10240,7070234,303,56395,28,264,28,264
12960,34.772,19.915,7.532767,7.241821,0.290946,7.357422,7.161743,0.371024,686.8885,0.818359,0.841128,290.6987,0.070605,0.784082,0.145312,10240,7033738,281,56455,27,264,27,264
12980,34.839,19.959,7.52966,7.21875,0.31091,7.34729,7.14978,0.37988,685.9422,0.825195,0.840985,289.068,0.070508,0.783887,0.145605,10240,7024048,307,56352,29,264,29,264
13000,34.902,19.994,7.526376,7.240112,0.286263,7.352051,7.15686,0.369515,686.9376,0.831543,0.841279,291.8791,0.070605,0.786133,0.143262,10240,7034241,321,56510,29,264,29,264
13020,34.975,20.04,7.515285,7.20752,0.307766,7.33374,7.141235,0.37405,695.1008,0.832129,0.843244,296.673,0.07168,0.78291,0.14541,10240,7117832,313,56427,29,264,29,264
13040,35.03,20.074,7.517542,7.219116,0.298426,7.348022,7.148926,0.368617,698.3396,0.837109,0.84322,286.4769,0.071777,0.784766,0.143457,10240,7150997,375,56480,30,264,30,264
13060,35.086,20.108,7.530108,7.236694,0.293414,7.369385,7.164307,0.365801,689.5066,0.838281,0.841563,278.1994,0.070898,0.784766,0.144336,10240,7060548,331,56548,31,264,31,264
13080,35.142,20.142,7.530485,7.275024,0.255461,7.388916,7.181396,0.349089,695.5221,0.836523,0.842592,279.5484,0.071582,0.783301,0.145117,10240,7122146,324,56653,30,264,30,264
13100,35.197,20.176,7.532484,7.241211,0.291273,7.378052,7.178101,0.354383,691.9366,0.843262,0.84153,284.0167,0.071191,0.783691,0.145117,10240,7085431,291,56609,31,265,31,265
13120,35.252,20.211,7.532096,7.220337,0.311759,7.365723,7.161621,0.370475,700.4486,0.839355,0.844754,280.461,0.072266,0.775,0.152734,10240,7172594,314,56498,33,265,33,265
13140,35.305,20.242,7.53572,7.236328,0.299392,7.370972,7.167358,0.368362,672.553,0.830371,0.839003,261.602,0.068945,0.77373,0.157324,10240,6886943,306,56521,31,265,31,265
13160,35.359,20.273,7.532969,7.250244,0.282725,7.371948,7.173706,0.359263,667.8565,0.828906,0.837462,260.1827,0.068066,0.778418,0.153516,10240,6838851,332,56590,30,265,30,265
13180,35.41,20.304,7.530752,7.223633,0.307119,7.374756,7.167236,0.363516,636.937,0.820605,0.830253,252.1495,0.063672,0.775488,0.16084,10240,6522235,316,56592,32,265,32,265
13200,35.461,20.334,7.533311,7.253662,0.279649,7.369141,7.181519,0.351792,628.9317,0.813379,0.828786,243.4242,0.063184,0.768555,0.168262,10240,6440261,302,56712,32,265,32,265
13220,35.514,20.365,7.529381,7.237549,0.291833,7.380371,7.187622,0.341759,662.5733,0.816113,0.838848,253.5099,0.067578,0.758594,0.173828,10240,6784751,312,56832,29,265,29,265
13240,35.565,20.395,7.527718,7.23877,0.288949,7.369019,7.184937,0.342782,656.4896,0.822559,0.836782,253.3821,0.066699,0.7625,0.170801,10240,6722453,311,56860,26,265,26,265
13260,35.619,20.428,7.521619,7.247803,0.273816,7.375488,7.181885,0.339734,686.4043,0.82627,0.844217,261.4245,0.070605,0.758008,0.171387,10240,7028780,306,56888,26,265,26,265
13280,35.673,20.462,7.521445,7.223877,0.297568,7.369507,7.169189,0.352256,687.0622,0.829688,0.844351,266.2406,0.070605,0.760645,0.16875,10240,7035517,296,56782,25,265,25,265
13300,35.725,20.493,7.517171,7.238892,0.278279,7.365845,7.178467,0.338704,683.5005,0.819434,0.842831,262.1419,0.069922,0.767285,0.162793,10240,6999045,328,56897,25,265,25,265
13320,35.782,20.528,7.509141,7.234619,0.274522,7.363159,7.167236,0.341905,649.5925,0.818359,0.835665,238.2886,0.066113,0.759082,0.174805,10240,6651827,294,56883,25,265,25,265
13340,35.833,20.557,7.50807,7.240479,0.267592,7.364258,7.161255,0.346816,606.5496,0.827734,0.823477,230.5542,0.060352,0.759277,0.180371,10240,6211068,336,56773,25,265,25,265
13360,35.887,20.587,7.514971,7.241577,0.273394,7.394531,7.172485,0.342486,617.8293,0.823828,0.825874,227.5782,0.061621,0.763184,0.175195,10240,6326572,307,56879,29,265,29,265
13380,35.939,20.618,7.508639,7.224487,0.284152,7.369385,7.164307,0.344332,627.8646,0.825488,0.828536,227.1583,0.062988,0.766211,0.170801,10240,6429333,321,56829,31,265,31,265
13400,35.99,20.648,7.503569,7.233765,0.269804,7.365723,7.163452,0.340117,631.1337,0.825879,0.829815,231.5431,0.063379,0.762891,0.17373,10240,6462809,340,56873,32,265,32,265
13420,36.041,20.677,7.492373,7.214111,0.278261,7.364136,7.160767,0.331606,610.2715,0.819531,0.823866,219.5092,0.06084,0.766797,0.172363,10240,6249180,331,56868,31,265,31,265
13440,36.094,20.708,7.49717,7.23999,0.25718,7.377075,7.177124,0.320046,609.1269,0.820605,0.823445,231.9127,0.06084,0.769434,0.169727,10240,6237459,287,56984,30,265,30,265
13460,36.146,20.738,7.507072,7.267456,0.239616,7.398071,7.191528,0.315544,586.9658,0.826465,0.816067,217.1708,0.058203,0.772168,0.169629,10240,6010530,324,57022,31,265,31,265
13480,36.196,20.766,7.509168,7.26001,0.249158,7.367798,7.170044,0.339124,592.2103,0.825684,0.817453,218.2348,0.058887,0.772363,0.16875,10240,6064233,297,56822,32,265,32,265
13500,36.247,20.795,7.513861,7.229004,0.284857,7.36377,7.179443,0.334418,588.4089,0.818066,0.816574,222.3608,0.058594,0.770898,0.170508,10240,6025307,313,56801,34,265,34,265
13520,36.297,20.823,7.511766,7.244873,0.266893,7.359009,7.168823,0.342942,584.9595,0.80957,0.816569,216.6196,0.058301,0.76416,0.177539,10240,5989985,327,56795,34,265,34,265
13540,36.347,20.852,7.517018,7.237061,0.279957,7.377563,7.182007,0.335011,598.4683,0.809863,0.821538,225.8401,0.059766,0.758203,0.182031,10240,6128315,308,56866,35,265,35,265
13560,36.4,20.884,7.516095,7.256104,0.259992,7.375854,7.176758,0.339337,626.7758,0.804297,0.83076,236.216,0.063574,0.754199,0.182227,10240,6418184,305,56826,32,265,32,265
13580,36.455,20.913,7.496885,7.227417,0.269468,7.356445,7.158325,0.33856,622.2873,0.812402,0.828619,232.3773,0.062695,0.758008,0.179297,10240,6372222,311,56732,30,265,30,265
13600,36.506,20.943,7.498287,7.248169,0.250118,7.361938,7.167603,0.330684,631.143,0.807715,0.832115,245.0373,0.064062,0.748926,0.187012,10240,6462904,313,56720,32,265,32,265
13620,36.559,20.974,7.502079,7.231934,0.270145,7.358032,7.156616,0.345463,658.8948,0.803418,0.838675,258.4716,0.066895,0.754883,0.178223,10240,6747083,309,56639,32,265,32,265
13640,36.612,21.005,7.501893,7.227295,0.274598,7.366943,7.160034,0.341859,664.0741,0.805566,0.83867,260.912,0.06709,0.761621,0.171289,10240,6800119,309,56675,33,265,33,265
13660,36.664,21.036,7.507397,7.255859,0.251537,7.362915,7.164307,0.34309,648.1845,0.806055,0.834472,257.4612,0.065527,0.764258,0.170215,10240,6637409,307,56744,30,265,30,265
13680,36.715,21.066,7.505592,7.212646,0.292946,7.352295,7.145386,0.360206,647.4919,0.803711,0.833446,250.311,0.065332,0.773047,0.161621,10240,6630317,308,56490,31,265,31,265
13700,36.767,21.097,7.511337,7.232666,0.278671,7.354858,7.157104,0.354232,657.1634,0.804492,0.834937,268.5989,0.066797,0.77627,0.156934,10240,6729353,310,56566,31,265,31,265
13720,36.82,21.127,7.512001,7.251343,0.260658,7.358521,7.15564,0.356361,655.8849,0.810449,0.834277,265.6282,0.066602,0.780664,0.152734,10240,6716261,288,56620,30,265,30,265
13740,36.875,21.162,7.517671,7.235352,0.282319,7.383667,7.16394,0.35373,695.4352,0.807422,0.844192,275.7116,0.071484,0.775391,0.153125,10240,7121256,321,56712,34,266,34,266
13760,36.93,21.194,7.514913,7.242554,0.272359,7.364624,7.157471,0.357442,701.7289,0.804492,0.845952,285.3516,0.072168,0.771191,0.156641,10240,7185704,323,56685,32,266,32,266
13780,36.986,21.229,7.514453,7.251831,0.262622,7.355835,7.161255,0.353198,720.2068,0.804102,0.849978,312.6729,0.074414,0.770312,0.155273,10240,7374918,312,56690,33,266,33,266
13800,37.041,21.262,7.515031,7.24939,0.265642,7.36792,7.168457,0.346574,706.3714,0.821484,0.84585,305.8973,0.072949,0.777734,0.149316,10240,7233243,324,56708,33,266,33,266
13820,37.095,21.294,7.519155,7.229004,0.290151,7.366333,7.158203,0.360952,696.3035,0.828809,0.842043,293.3928,0.071289,0.794043,0.134668,10240,7130148,307,56681,35,266,35,266
13840,37.153,21.328,7.521271,7.235718,0.285553,7.369751,7.159058,0.362213,696.0669,0.823145,0.842377,302.5031,0.071191,0.791309,0.1375,10240,7127725,311,56726,37,266,37,266
13860,37.208,21.362,7.509509,7.197754,0.311755,7.347778,7.133057,0.376452,697.474,0.820996,0.842612,303.6267,0.071582,0.790527,0.137891,10240,7142134,288,56573,34,266,34,266
13880,37.265,21.395,7.506318,7.199829,0.306489,7.349365,7.130859,0.375459,683.0052,0.826953,0.838593,298.5794,0.069629,0.79375,0.136621,10240,6993973,311,56596,34,266,34,266
13900,37.319,21.427,7.503193,7.197388,0.305806,7.330444,7.125244,0.377949,659.2577,0.833789,0.832285,284.8274,0.066797,0.799023,0.13418,10240,6750799,309,56534,36,268,36,268
13920,37.374,21.458,7.501142,7.197266,0.303876,7.337891,7.13147,0.369672,652.3044,0.834473,0.830285,283.2537,0.066113,0.798535,0.135352,10240,6679597,319,56551,36,268,36,268
13940,37.429,21.491,7.495191,7.180664,0.314526,7.317749,7.115967,0.379224,634.766,0.836426,0.824629,281.7624,0.063672,0.806738,0.12959,10240,6500004,310,56446,37,270,37,270
13960,37.486,21.525,7.486604,7.167114,0.31949,7.297607,7.100586,0.386018,646.1946,0.836133,0.826497,295.2829,0.065137,0.811328,0.123535,10240,6617033,297,56398,34,270,34,270
13980,37.538,21.554,7.476217,7.147095,0.329122,7.302368,7.082397,0.393819,596.6163,0.834082,0.811259,274.1147,0.058789,0.823926,0.117285,10240,6109351,294,56350,35,270,35,270
14000,37.6,21.585,7.471104,7.137817,0.333287,7.298706,7.071533,0.399571,610.1162,0.83916,0.814852,271.6513,0.060352,0.82998,0.109668,10240,6247590,336,56323,29,271,29,271
14020,37.654,21.617,7.475153,7.14856,0.326594,7.302368,7.081177,0.393977,622.0624,0.833594,0.818269,282.4945,0.061621,0.832324,0.106055,10240,6369919,322,56357,34,275,34,275
14040,37.706,21.648,7.47756,7.161133,0.316427,7.309204,7.088745,0.388815,630.2818,0.831934,0.819735,280.4244,0.0625,0.83584,0.10166,10240,6454086,294,56484,35,275,35,275
14060,37.759,21.679,7.48376,7.189209,0.294551,7.320435,7.107544,0.376217,655.1883,0.828906,0.826726,284.489,0.065527,0.831445,0.103027,10240,6709128,321,56545,34,275,34,275
14080,37.809,21.708,7.482124,7.208374,0.27375,7.335571,7.114868,0.367256,610.357,0.824316,0.814849,257.6602,0.060059,0.826758,0.113184,10240,6250056,327,56601,37,275,37,275
14100,37.861,21.739,7.483849,7.182251,0.301598,7.343262,7.12915,0.354699,632.1528,0.820605,0.821821,262.2393,0.063281,0.820508,0.116211,10240,6473245,330,56644,38,275,38,275
14120,37.913,21.769,7.484936,7.197266,0.287671,7.348877,7.131348,0.353589,615.2761,0.812012,0.817675,269.468,0.060938,0.820703,0.118359,10240,6300427,325,56620,38,275,38,275
14140,37.966,21.801,7.484933,7.213501,0.271432,7.350464,7.145386,0.339548,627.1439,0.81582,0.821348,270.5769,0.062793,0.819434,0.117773,10240,6421954,326,56736,38,275,38,275
14160,38.028,21.831,7.490896,7.259521,0.231374,7.370972,7.16394,0.326955,621.066,0.823633,0.818206,260.0677,0.061816,0.822656,0.115527,10240,6359716,332,56839,40,275,40,275
14180,38.086,21.868,7.491598,7.259155,0.232442,7.377563,7.170044,0.321554,650.9312,0.809863,0.827253,267.0916,0.065527,0.816309,0.118164,10240,6665536,321,56923,38,275,38,275
14200,38.141,21.9,7.497199,7.270752,0.226447,7.382324,7.181519,0.31568,643.2764,0.803711,0.825259,260.5167,0.064258,0.818945,0.116797,10240,6587150,328,56908,36,275,36,275
14220,38.194,21.932,7.493198,7.237549,0.255649,7.365479,7.16626,0.326938,661.3842,0.80166,0.82984,267.166,0.066504,0.817773,0.115723,10240,6772574,296,56818,36,277,36,277
14240,38.246,21.962,7.489051,7.274414,0.214637,7.361206,7.176514,0.312537,639.8403,0.803125,0.824442,254.196,0.063965,0.816113,0.119922,10240,6551965,317,56888,39,277,39,277
14260,38.299,21.992,7.484039,7.258667,0.225372,7.366577,7.165283,0.318756,638.8735,0.808691,0.823772,249.9823,0.063867,0.818848,0.117285,10240,6542065,304,56880,38,277,38,277
14280,38.352,22.023,7.485425,7.253906,0.231519,7.360229,7.170166,0.315259,629.8426,0.805762,0.821334,244.8786,0.062402,0.820703,0.116895,10240,6449588,333,56929,37,277,37,277
14300,38.406,22.055,7.487656,7.267578,0.220078,7.359497,7.178833,0.308823,654.58,0.805859,0.827911,252.7251,0.06582,0.818652,0.115527,10240,6702899,327,56924,36,277,36,277
14320,38.461,22.088,7.480749,7.256836,0.223913,7.366211,7.174316,0.306432,655.8519,0.811719,0.828288,258.5054,0.065527,0.821094,0.113379,10240,6715923,287,56971,35,277,35,277
14340,38.514,22.119,7.480365,7.264404,0.215961,7.37561,7.175415,0.30495,640.2802,0.809277,0.825575,249.6704,0.06377,0.809766,0.126465,10240,6556469,311,57008,33,277,33,277
14360,38.568,22.151,7.486208,7.276123,0.210085,7.379028,7.175781,0.310427,644.4677,0.813574,0.827266,259.6908,0.064551,0.808203,0.127246,10240,6599349,316,57020,30,277,30,277
14380,38.621,22.182,7.482132,7.263306,0.218826,7.372559,7.182495,0.299637,634.6102,0.805664,0.824878,253.6942,0.063281,0.810254,0.126465,10240,6498408,310,57086,31,277,31,277
14400,38.677,22.213,7.489333,7.278442,0.210891,7.398682,7.189575,0.299758,623.9983,0.806738,0.822367,251.8364,0.062402,0.803711,0.133887,10240,6389743,280,57135,31,277,31,277
14420,38.738,22.252,7.493536,7.278564,0.214972,7.390747,7.195923,0.297613,657.0903,0.812012,0.831705,262.2226,0.066602,0.798926,0.134473,10240,6728605,330,57111,31,277,31,277
14440,38.797,22.289,7.49557,7.293213,0.202357,7.393188,7.196411,0.299159,672.1496,0.805078,0.836618,261.5223,0.068164,0.788184,0.143652,10240,6882812,326,57114,28,277,28,277
14460,38.854,22.321,7.513257,7.312622,0.200635,7.409668,7.221191,0.292066,690.2323,0.803223,0.841735,260.1984,0.07041,0.782324,0.147266,10240,7067979,365,57139,27,277,27,277
14480,38.911,22.355,7.510307,7.283813,0.226494,7.398682,7.206665,0.303642,720.2595,0.809668,0.848874,257.5118,0.074219,0.774219,0.151562,10240,7375457,310,57036,28,277,28,277
14500,38.964,22.387,7.511463,7.270386,0.241077,7.390625,7.190796,0.320667,692.617,0.811816,0.843896,261.8366,0.071191,0.770801,0.158008,10240,7092398,318,56952,26,277,26,277
14520,39.016,22.417,7.499122,7.262817,0.236304,7.389526,7.19458,0.304542,620.4009,0.815234,0.82547,238.1856,0.062012,0.77334,0.164648,10240,6352905,303,56990,26,277,26,277
14540,39.068,22.448,7.500651,7.262573,0.238078,7.389038,7.190796,0.309855,613.3668,0.817188,0.823514,245.9449,0.061133,0.774219,0.164648,10240,6280876,293,56956,26,277,26,277
14560,39.12,22.478,7.511761,7.295166,0.216595,7.417603,7.203491,0.30827,617.3896,0.824121,0.823237,238.9494,0.061426,0.785645,0.15293,10240,6322069,278,57048,25,277,25,277
14580,39.172,22.508,7.512073,7.283936,0.228138,7.40332,7.207764,0.30431,618.336,0.825,0.824244,242.4065,0.061621,0.777832,0.160547,10240,6331761,308,57027,21,277,21,277
14600,39.248,22.552,7.516365,7.27417,0.242195,7.389648,7.197632,0.318733,589.1408,0.822852,0.814904,231.6011,0.058105,0.783594,0.158301,10240,6032802,281,56927,19,277,19,277
14620,39.305,22.588,7.514985,7.282593,0.232392,7.4104,7.201172,0.313813,564.0822,0.824805,0.806452,226.8447,0.055566,0.786816,0.157617,10240,5776202,331,57055,23,280,23,280
14640,39.361,22.616,7.52446,7.280518,0.243942,7.415527,7.199707,0.324753,554.2433,0.824707,0.801829,227.4619,0.054297,0.792969,0.152734,10240,5675451,345,57048,22,280,22,280
14660,39.419,22.648,7.527238,7.301636,0.225602,7.411255,7.19812,0.329118,561.9086,0.830664,0.803507,228.6892,0.05498,0.800586,0.144434,10240,5753944,328,57043,20,280,20,280
14680,39.473,22.68,7.533526,7.297119,0.236407,7.428345,7.213135,0.320391,571.5541,0.823926,0.806916,232.0864,0.056348,0.799512,0.144141,10240,5852714,331,57115,18,280,18,280
14700,39.523,22.709,7.539417,7.294434,0.244983,7.422607,7.20874,0.330676,572.7648,0.822754,0.805713,235.7334,0.05625,0.810156,0.133594,10240,5865112,340,57029,19,280,19,280
14720,39.573,22.738,7.54953,7.313232,0.236298,7.448608,7.226929,0.322601,582.1363,0.825098,0.808959,239.4723,0.057422,0.809863,0.132715,10240,5961076,311,57097,18,280,18,280
14740,39.622,22.766,7.543962,7.317993,0.225969,7.465332,7.235352,0.308611,575.7673,0.830176,0.806487,239.231,0.056836,0.812695,0.130469,10240,5895857,309,57180,18,280,18,280
14760,39.671,22.794,7.548366,7.312622,0.235744,7.455933,7.235596,0.31277,554.5587,0.833398,0.799902,225.8588,0.054102,0.808008,0.137891,10240,5678681,349,57111,19,280,19,280
14780,39.72,22.822,7.552568,7.284058,0.268511,7.423828,7.219727,0.332842,555.2237,0.820312,0.800133,224.301,0.054102,0.806934,0.138965,10240,5685491,294,56932,19,280,19,280
14800,39.77,22.85,7.548202,7.301514,0.246689,7.438599,7.223145,0.325058,551.3942,0.823535,0.79961,220.8231,0.053711,0.800098,0.146191,10240,5646277,310,57040,21,281,21,281
14820,39.824,22.882,7.539731,7.296875,0.242856,7.431885,7.216431,0.3233,559.4126,0.815234,0.804685,224.9577,0.054883,0.784961,0.160156,10240,5728385,315,56965,20,281,20,281
14840,39.873,22.911,7.531142,7.265015,0.266127,7.403198,7.185669,0.345473,564.0976,0.818555,0.80424,222.1508,0.055078,0.801172,0.14375,10240,5776359,304,56832,21,281,21,281
14860,39.923,22.939,7.534699,7.271973,0.262726,7.40918,7.188232,0.346466,569.9726,0.811523,0.80645,221.7412,0.055957,0.80127,0.142773,10240,5836519,337,56775,22,281,22,281
14880,39.972,22.967,7.537367,7.258179,0.279188,7.401733,7.187988,0.349379,580.6055,0.803418,0.81103,223.0064,0.057422,0.795117,0.147461,10240,5945400,295,56804,20,281,20,281
14900,40.022,22.996,7.544163,7.26062,0.283543,7.396729,7.186157,0.358006,594.779,0.805762,0.81442,227.239,0.05918,0.799805,0.141016,10240,6090537,343,56731,22,281,22,281
14920,40.073,23.025,7.55028,7.280029,0.270251,7.405029,7.193604,0.356677,606.6994,0.808984,0.817157,239.607,0.060449,0.807324,0.132227,10240,6212602,309,56811,23,281,23,281
14940,40.123,23.054,7.545943,7.22937,0.316573,7.376953,7.165894,0.38005,590.4673,0.821484,0.810709,234.997,0.058398,0.817676,0.123926,10240,6046385,299,56630,22,281,22,281
14960,40.173,23.083,7.544199,7.24353,0.300668,7.395996,7.181641,0.362558,606.433,0.823438,0.814072,242.197,0.060352,0.825586,0.114062,10240,6209874,294,56714,25,284,25,284
14980,40.223,23.113,7.546256,7.267578,0.278678,7.399048,7.186646,0.359611,606.7754,0.819531,0.814036,242.3416,0.060449,0.82832,0.11123,10240,6213380,311,56780,21,284,21,284
15000,40.274,23.142,7.544865,7.276611,0.268254,7.412964,7.198975,0.34589,613.6337,0.822363,0.816562,247.1956,0.06123,0.826074,0.112695,10240,6283609,339,56890,20,284,20,284
15020,40.328,23.175,7.544323,7.268433,0.27589,7.407227,7.192383,0.35194,629.9976,0.825391,0.820512,255.8382,0.063086,0.82959,0.107324,10240,6451175,270,56849,20,284,20,284
15040,40.383,23.207,7.544863,7.26709,0.277773,7.395874,7.187744,0.357118,620.6252,0.819043,0.818541,252.4754,0.061914,0.826758,0.111328,10240,6355202,280,56753,22,284,22,284
15060,40.434,23.237,7.545849,7.235107,0.310742,7.381104,7.16748,0.378369,612.935,0.815137,0.816958,235.1543,0.06084,0.81875,0.12041,10240,6276454,295,56584,20,284,20,284
15080,40.487,23.269,7.545563,7.26123,0.284333,7.398315,7.192749,0.352814,624.7881,0.807422,0.820932,234.1217,0.0625,0.817871,0.119629,10240,6397830,311,56785,21,284,21,284
15100,40.537,23.298,7.549297,7.283691,0.265605,7.410645,7.200439,0.348857,615.8277,0.805469,0.818223,225.4416,0.061426,0.820117,0.118457,10240,6306076,354,56788,23,284,23,284
15120,40.587,23.327,7.556596,7.270508,0.286088,7.412231,7.193848,0.362748,609.3938,0.802734,0.815419,227.2861,0.060645,0.824121,0.115234,10240,6240193,320,56704,24,284,24,284
15140,40.639,23.357,7.548473,7.256958,0.291515,7.398682,7.187988,0.360485,623.9032,0.818848,0.816643,230.8981,0.062207,0.845508,0.092285,10240,6388769,329,56666,26,284,26,284
15160,40.69,23.387,7.553139,7.276855,0.276284,7.405029,7.203125,0.350014,613.9905,0.819629,0.813639,226.4719,0.06123,0.844434,0.094336,10240,6287263,323,56758,27,284,27,284
15180,40.74,23.416,7.554976,7.294434,0.260542,7.415649,7.210205,0.344771,606.4629,0.814453,0.810969,220.48,0.060059,0.847168,0.092773,10240,6210180,317,56832,26,284,26,284
15200,40.798,23.452,7.546769,7.272339,0.27443,7.403931,7.198975,0.347794,598.3371,0.802637,0.808635,217.701,0.058887,0.847852,0.093262,10240,6126972,283,56784,28,284,28,284
15220,40.863,23.493,7.546701,7.249756,0.296945,7.389282,7.185547,0.361154,599.5536,0.809961,0.807891,218.2048,0.058984,0.855176,0.08584,10240,6139429,305,56677,28,284,28,284
15240,40.915,23.523,7.550317,7.293457,0.25686,7.400635,7.192993,0.357324,582.8039,0.813867,0.802517,215.1477,0.057031,0.852051,0.090918,10240,5967912,336,56755,29,284,29,284
15260,40.966,23.552,7.545691,7.2677,0.277991,7.394531,7.193726,0.351965,559.0613,0.826074,0.79317,209.373,0.054102,0.86084,0.085059,10240,5724788,326,56825,30,284,30,284
15280,41.033,23.59,7.53559,7.267334,0.268256,7.405151,7.201782,0.333807,561.2757,0.834766,0.79347,213.9765,0.054492,0.8625,0.083008,10240,5747463,309,56947,31,284,31,284
15300,41.093,23.628,7.530624,7.24585,0.284775,7.378662,7.181641,0.348984,579.4936,0.840625,0.801003,217.8323,0.056641,0.852637,0.090723,10240,5934014,322,56783,34,285,34,285
15320,41.141,23.656,7.532313,7.25,0.282313,7.395874,7.180664,0.351649,553.2587,0.841699,0.790272,203.5707,0.053418,0.865234,0.081348,10240,5665369,322,56752,34,285,34,285
15340,41.19,23.684,7.532849,7.26062,0.272229,7.382812,7.186768,0.346081,569.2818,0.841406,0.796452,204.5777,0.055371,0.861133,0.083496,10240,5829446,316,56795,31,285,31,285
15360,41.239,23.711,7.529109,7.248413,0.280696,7.384155,7.185181,0.343928,557.8833,0.845996,0.792824,199.7095,0.054102,0.857227,0.088672,10240,5712725,294,56796,31,285,31,285
15380,41.289,23.739,7.5329,7.25708,0.27582,7.393799,7.190186,0.342715,571.946,0.846094,0.797883,199.2677,0.055664,0.857617,0.086719,10240,5856727,322,56732,35,287,35,287
15400,41.349,23.77,7.541978,7.258545,0.283433,7.400269,7.197754,0.344224,570.5651,0.853418,0.796805,198.1096,0.055176,0.861523,0.083301,10240,5842587,304,56794,35,287,35,287
15420,41.424,23.813,7.542945,7.271362,0.271583,7.423462,7.207153,0.335792,583.3593,0.858105,0.801134,208.5397,0.056934,0.863184,0.079883,10240,5973599,302,56908,31,287,31,287
15440,41.477,23.843,7.548439,7.281372,0.267067,7.423218,7.210693,0.337746,578.3141,0.858691,0.799261,203.2303,0.05625,0.862695,0.081055,10240,5921936,328,56920,31,287,31,287
15460,41.527,23.872,7.5571,7.281494,0.275606,7.413208,7.201172,0.355929,594.2958,0.865527,0.803905,200.3737,0.058301,0.862891,0.078809,10240,6085589,306,56753,30,287,30,287
15480,41.595,23.906,7.556158,7.258789,0.297369,7.405518,7.200073,0.356085,581.7512,0.863379,0.799112,200.0435,0.056934,0.867676,0.075391,10240,5957132,325,56743,30,287,30,287
15500,41.648,23.935,7.551103,7.26123,0.289872,7.404541,7.195923,0.35518,607.0081,0.864648,0.808012,204.6476,0.059961,0.864062,0.075977,10240,6215763,331,56796,29,288,29,288
15520,41.698,23.965,7.544263,7.265259,0.279004,7.390747,7.181274,0.362988,619.9859,0.872266,0.811895,206.2124,0.061328,0.863867,0.074805,10240,6348656,319,56737,28,288,28,288
15540,41.75,23.995,7.54306,7.285889,0.257171,7.410889,7.19519,0.34787,648.0425,0.879492,0.819456,217.8458,0.064844,0.868066,0.06709,10240,6635955,317,56873,26,288,26,288
15560,41.803,24.027,7.537642,7.282227,0.255416,7.419434,7.201172,0.33647,654.6435,0.86748,0.821852,207.7451,0.06582,0.866309,0.067871,10240,6703549,338,56993,27,288,27,288
15580,41.86,24.058,7.522702,7.285889,0.236813,7.415405,7.200195,0.322507,644.0838,0.870117,0.818585,203.5737,0.064551,0.866992,0.068457,10240,6595418,356,57085,28,288,28,288
15600,41.913,24.089,7.509115,7.259888,0.249227,7.404907,7.188477,0.320639,661.0742,0.865234,0.823537,201.3521,0.066504,0.866016,0.06748,10240,6769400,294,57088,26,288,26,288
15620,41.969,24.12,7.49846,7.266235,0.232225,7.407349,7.190552,0.307909,630.5397,0.876758,0.813055,194.1837,0.062793,0.877539,0.059668,10240,6456727,295,57118,26,288,26,288
15640,42.04,24.161,7.500986,7.282104,0.218882,7.414062,7.204834,0.296153,614.2827,0.855762,0.80911,186.7502,0.060938,0.872754,0.066309,10240,6290255,318,57199,29,288,29,288
15660,42.098,24.197,7.4893,7.282593,0.206708,7.402222,7.207275,0.282025,618.4509,0.855762,0.810431,192.059,0.06123,0.873438,0.065332,10240,6332937,297,57180,26,288,26,288
15680,42.153,24.227,7.488616,7.283081,0.205535,7.401245,7.213135,0.275481,630.3149,0.851172,0.81479,192.3688,0.062891,0.866699,0.07041,10240,6454425,327,57158,25,288,25,288
15700,42.205,24.258,7.501299,7.278931,0.222368,7.399048,7.215332,0.285967,595.3031,0.854102,0.804491,188.6257,0.058398,0.863672,0.07793,10240,6095904,322,57138,25,288,25,288
15720,42.26,24.29,7.501101,7.289551,0.21155,7.408813,7.216797,0.284304,621.8932,0.859375,0.812425,210.7149,0.061816,0.866895,0.071289,10240,6368186,327,57096,27,289,27,289
15740,42.326,24.329,7.488511,7.282593,0.205919,7.399414,7.216797,0.271715,654.9349,0.864844,0.821385,219.2408,0.06582,0.869629,0.064551,10240,6706533,291,57122,31,292,31,292
15760,42.379,24.361,7.491504,7.276245,0.215259,7.386108,7.206787,0.284717,678.1065,0.873828,0.828376,218.0879,0.068555,0.854395,0.077051,10240,6943811,328,57010,31,292,31,292
15780,42.432,24.392,7.498371,7.291992,0.206379,7.396851,7.211914,0.286457,692.7487,0.868652,0.833892,215.3892,0.070801,0.835352,0.093848,10240,7093747,314,57068,31,292,31,292
15800,42.484,24.422,7.487856,7.23291,0.254945,7.370117,7.17041,0.317445,620.7634,0.875,0.813939,192.5113,0.061719,0.854102,0.08418,10240,6356617,315,56822,25,292,25,292
15820,42.536,24.452,7.486653,7.270142,0.216512,7.375122,7.187256,0.299398,587.206,0.889941,0.800728,191.1946,0.05752,0.869824,0.072656,10240,6012989,314,56934,25,292,25,292
15840,42.588,24.482,7.489304,7.214722,0.274582,7.348022,7.162964,0.32634,563.5031,0.892969,0.790884,196.9616,0.054297,0.880566,0.065137,10240,5770272,315,56665,25,292,25,292
15860,42.635,24.509,7.479037,7.198242,0.280795,7.337402,7.143677,0.33536,534.5005,0.901758,0.776734,184.7338,0.050391,0.89541,0.054199,10240,5473285,343,56577,24,295,24,295
15880,42.682,24.536,7.488533,7.225342,0.263191,7.353516,7.151489,0.337043,530.7982,0.899316,0.774934,185.2229,0.050195,0.897363,0.052441,10240,5435374,304,56616,23,295,23,295
15900,42.731,24.565,7.50435,7.239258,0.265093,7.362671,7.187012,0.317339,557.6272,0.897559,0.785766,197.4597,0.053516,0.895996,0.050488,10240,5710103,311,56792,20,295,20,295
15920,42.781,24.595,7.510272,7.248901,0.261371,7.383057,7.197632,0.312641,569.147,0.894531,0.790602,212.6049,0.054785,0.891797,0.053418,10240,5828065,324,56871,21,295,21,295
15940,42.831,24.624,7.505426,7.275879,0.229548,7.399536,7.209473,0.295954,578.7974,0.895996,0.793994,211.5177,0.05625,0.891211,0.052539,10240,5926885,313,57027,19,295,19,295
15960,42.885,24.658,7.49339,7.294189,0.1992,7.400879,7.210083,0.283307,567.0387,0.89541,0.78927,206.7994,0.054492,0.895508,0.05,10240,5806476,318,57093,20,296,20,296
15980,42.934,24.685,7.501551,7.277954,0.223597,7.419189,7.215454,0.286097,553.6872,0.89082,0.784111,204.1201,0.053027,0.896582,0.050391,10240,5669757,298,57127,23,296,23,296
16000,42.991,24.714,7.48562,7.296753,0.188867,7.406006,7.215454,0.270166,555.2796,0.892676,0.784434,205.4812,0.053223,0.900684,0.046094,10240,5686063,284,57169,23,296,23,296
16020,43.042,24.743,7.484863,7.28479,0.200073,7.400146,7.210571,0.274291,572.1575,0.899805,0.790644,214.4985,0.055273,0.899316,0.04541,10240,5858893,312,57188,22,296,22,296
16040,43.093,24.773,7.47746,7.276611,0.200849,7.420898,7.195435,0.282026,545.788,0.900879,0.780667,205.4589,0.051758,0.899414,0.048828,10240,5588869,306,57139,21,296,21,296
16060,43.143,24.802,7.466761,7.23877,0.227992,7.386597,7.176758,0.290004,537.8881,0.903125,0.776801,206.8021,0.050488,0.904883,0.044629,10240,5507974,279,57089,23,296,23,296
16080,43.191,24.829,7.463485,7.25647,0.207015,7.375854,7.177368,0.286116,535.5868,0.892969,0.776115,206.0664,0.050684,0.904688,0.044629,10240,5484409,324,57043,21,296,21,296
16100,43.239,24.857,7.462173,7.249023,0.213149,7.385132,7.187256,0.274917,525.1818,0.894824,0.771759,198.6752,0.049414,0.902344,0.048242,10240,5377862,314,57151,24,296,24,296
16120,43.288,24.885,7.460527,7.27417,0.186357,7.38208,7.189453,0.271074,494.7263,0.891992,0.758773,190.8017,0.045801,0.898926,0.055273,10240,5065997,291,57201,25,296,25,296
16140,43.338,24.913,7.450793,7.249268,0.201525,7.372803,7.177856,0.272936,501.4939,0.898535,0.761953,197.3548,0.046582,0.899414,0.054004,10240,5135298,302,57151,26,296,26,296
16160,43.39,24.942,7.425139,7.212524,0.212614,7.349609,7.144775,0.280363,506.138,0.901758,0.763156,200.6633,0.04707,0.901465,0.051465,10240,5182853,264,57024,26,296,26,296
16180,43.44,24.97,7.444626,7.262207,0.182419,7.359375,7.161743,0.282883,493.2144,0.909473,0.755776,193.9079,0.045508,0.909863,0.044629,10240,5050515,334,57062,25,296,25,296
16200,43.488,24.996,7.442907,7.230347,0.21256,7.364746,7.161621,0.281286,497.8525,0.906152,0.758846,196.4065,0.045996,0.906055,0.047949,10240,5098010,319,57092,22,296,22,296
16220,43.536,25.023,7.440536,7.260864,0.179671,7.371582,7.171753,0.268783,499.1673,0.908008,0.759975,197.2473,0.046094,0.901855,0.052051,10240,5111473,344,57193,22,296,22,296
16240,43.582,25.049,7.453481,7.266113,0.187368,7.390259,7.182617,0.270864,476.8871,0.908887,0.747523,193.2789,0.043457,0.908789,0.047754,10240,4883324,324,57233,23,296,23,296
16260,43.629,25.075,7.453527,7.279053,0.174475,7.392822,7.196655,0.256872,490.3559,0.904297,0.753132,197.3416,0.04502,0.91543,0.039551,10240,5021244,303,57329,22,296,22,296
16280,43.676,25.101,7.45516,7.279541,0.175619,7.401123,7.201416,0.253744,484.7133,0.898242,0.752074,197.8415,0.044531,0.90791,0.047559,10240,4963464,280,57336,20,296,20,296
16300,43.724,25.129,7.452867,7.276733,0.176133,7.391846,7.199707,0.25316,491.7713,0.885742,0.756792,192.3387,0.04541,0.900195,0.054395,10240,5035738,293,57350,21,296,21,296
16320,43.776,25.155,7.448105,7.271973,0.176133,7.387329,7.197388,0.250718,442.2576,0.893652,0.72872,168.9867,0.039258,0.909668,0.051074,10240,4528718,313,57362,24,296,24,296
16340,43.821,25.18,7.453031,7.259277,0.193754,7.399292,7.196777,0.256254,461.8231,0.903418,0.739106,174.808,0.041504,0.911523,0.046973,10240,4729069,301,57341,24,296,24,296
16360,43.868,25.205,7.469745,7.274292,0.195453,7.406494,7.192383,0.277362,474.9143,0.905176,0.747031,182.8678,0.043066,0.905859,0.051074,10240,4863122,347,57313,24,296,24,296
16380,43.914,25.23,7.461857,7.269531,0.192326,7.405884,7.198486,0.263371,463.2205,0.908398,0.739468,170.8062,0.041797,0.910156,0.048047,10240,4743378,322,57370,22,296,22,296
16400,43.96,25.256,7.459876,7.272217,0.18766,7.411499,7.189575,0.270301,479.3115,0.909961,0.749378,174.5357,0.04375,0.903613,0.052637,10240,4908150,324,57324,22,296,22,296
16420,44.008,25.282,7.459377,7.276245,0.183132,7.400024,7.196777,0.2626,461.8766,0.903418,0.740112,178.56,0.041406,0.904004,0.05459,10240,4729616,312,57368,23,296,23,296
16440,44.064,25.31,7.453757,7.258545,0.195212,7.37561,7.180542,0.273215,441.9936,0.905664,0.728646,176.909,0.039062,0.908203,0.052734,10240,4526014,331,57195,23,296,23,296
16460,44.111,25.336,7.454596,7.251221,0.203375,7.36499,7.170044,0.284552,447.5504,0.910352,0.731152,182.3383,0.039551,0.910059,0.050391,10240,4582916,318,57080,24,296,24,296
16480,44.16,25.364,7.454782,7.232666,0.222116,7.369385,7.175049,0.279733,480.6885,0.911719,0.749809,192.0177,0.043848,0.904785,0.051367,10240,4922250,285,57152,24,296,24,296
16500,44.214,25.39,7.45575,7.21814,0.23761,7.360596,7.156128,0.299622,465.3533,0.910352,0.743014,190.7966,0.04209,0.899805,0.058105,10240,4765218,324,57002,23,296,23,296
16520,44.262,25.416,7.461059,7.237915,0.223144,7.355713,7.168579,0.29248,472.9937,0.911523,0.746589,190.067,0.042969,0.904004,0.053027,10240,4843455,284,57025,20,296,20,296
16540,44.317,25.443,7.464405,7.273682,0.190723,7.391602,7.187134,0.277271,497.9374,0.918066,0.757274,206.8244,0.045996,0.914355,0.039648,10240,5098879,333,57184,18,296,18,296
16560,44.385,25.478,7.457788,7.261963,0.195825,7.381592,7.192017,0.265772,514.0719,0.911035,0.765341,217.7245,0.048145,0.912402,0.039453,10240,5264096,332,57239,17,296,17,296
16580,44.446,25.515,7.456098,7.271729,0.184369,7.380371,7.185303,0.270795,507.6356,0.909863,0.762933,225.851,0.047363,0.911621,0.041016,10240,5198189,286,57240,16,296,16,296
16600,44.496,25.543,7.446758,7.249023,0.197735,7.36145,7.170166,0.276592,482.0396,0.901074,0.750983,220.3288,0.043945,0.90332,0.052734,10240,4936086,324,57083,16,296,16,296
16620,44.544,25.569,7.434152,7.242554,0.191598,7.349609,7.152222,0.28193,494.7749,0.895801,0.75808,237.3458,0.04541,0.90332,0.05127,10240,5066495,304,56983,17,296,17,296
16640,44.592,25.595,7.438827,7.239136,0.199691,7.347168,7.155273,0.283553,469.4572,0.892578,0.743787,227.4245,0.042285,0.908594,0.049121,10240,4807242,334,57066,18,296,18,296
16660,44.639,25.62,7.44232,7.237671,0.204649,7.34375,7.161377,0.280943,461.7574,0.888379,0.739528,228.0221,0.041113,0.91084,0.048047,10240,4728396,318,57071,20,296,20,296
16680,44.687,25.648,7.442284,7.22522,0.217064,7.337524,7.155884,0.2864,469.7689,0.884668,0.744559,225.1203,0.042383,0.905371,0.052246,10240,4810434,334,56994,18,296,18,296
16700,44.734,25.674,7.44656,7.233398,0.213162,7.356567,7.16748,0.279079,471.6848,0.886719,0.746002,225.4811,0.042773,0.904102,0.053125,10240,4830052,313,57109,20,297,20,297
16720,44.787,25.705,7.434832,7.237427,0.197405,7.353149,7.162964,0.271868,490.4747,0.878223,0.756038,246.563,0.04502,0.902734,0.052246,10240,5022461,304,57145,22,297,22,297
16740,44.835,25.731,7.432684,7.236328,0.196356,7.358765,7.177368,0.255316,480.3159,0.873535,0.750834,236.8222,0.043848,0.903906,0.052246,10240,4918435,308,57258,24,298,24,298
16760,44.889,25.759,7.441934,7.253906,0.188028,7.366943,7.196167,0.245767,470.4902,0.868652,0.747426,232.9839,0.042578,0.896387,0.061035,10240,4817820,325,57266,25,298,25,298
16780,44.951,25.795,7.441823,7.270142,0.171682,7.376709,7.20752,0.234304,513.171,0.870215,0.769121,243.6394,0.047754,0.885645,0.066602,10240,5254871,310,57303,25,298,25,298
16800,45.011,25.83,7.447143,7.261353,0.18579,7.363525,7.186279,0.260864,497.5865,0.878418,0.759861,235.2909,0.045898,0.900684,0.053418,10240,5095286,296,57070,25,298,25,298
16820,45.06,25.857,7.442096,7.269287,0.172809,7.360229,7.190674,0.251422,506.9151,0.883887,0.763463,235.0506,0.047363,0.901172,0.051465,10240,5190811,305,57175,24,298,24,298
16840,45.11,25.884,7.450358,7.266113,0.184245,7.370239,7.197021,0.253336,524.4813,0.887402,0.771916,233.9749,0.049316,0.898926,0.051758,10240,5370689,321,57137,22,298,22,298
16860,45.159,25.912,7.455407,7.250854,0.204552,7.368896,7.200439,0.254967,533.2099,0.883301,0.777451,233.4314,0.050488,0.887598,0.061914,10240,5460069,336,57145,22,298,22,298
16880,45.21,25.941,7.449442,7.25415,0.195292,7.355835,7.190063,0.259379,532.3554,0.874023,0.777328,234.94,0.050488,0.886523,0.062988,10240,5451319,297,57116,25,298,25,298
16900,45.26,25.969,7.449059,7.256348,0.192711,7.361084,7.183105,0.265953,554.6238,0.878809,0.784968,239.7861,0.053027,0.893359,0.053613,10240,5679348,280,57094,26,298,26,298
16920,45.311,25.998,7.446469,7.228149,0.218319,7.34082,7.17981,0.266659,566.5451,0.877832,0.791432,252.4932,0.054785,0.87998,0.065234,10240,5801422,310,57095,26,298,26,298
16940,45.363,26.026,7.450024,7.272339,0.177685,7.366455,7.194336,0.255688,544.8299,0.879199,0.783004,226.2448,0.052051,0.878711,0.069238,10240,5579058,321,57131,27,298,27,298
16960,45.414,26.055,7.447247,7.27063,0.176617,7.358521,7.186646,0.260601,557.3739,0.879297,0.787545,243.1498,0.053711,0.880566,0.065723,10240,5707509,299,57124,28,298,28,298
16980,45.465,26.085,7.440744,7.233643,0.207101,7.36377,7.180298,0.260446,546.1933,0.881543,0.78394,238.8705,0.052344,0.881641,0.066016,10240,5593019,312,57176,26,298,26,298
17000,45.515,26.112,7.431837,7.244507,0.18733,7.361206,7.181396,0.25044,531.9655,0.884863,0.77785,233.685,0.050586,0.884277,0.065137,10240,5447327,304,57168,23,298,23,298
17020,45.564,26.14,7.432209,7.254883,0.177326,7.36377,7.176392,0.255817,551.6034,0.877441,0.785649,239.0065,0.052832,0.883789,0.063379,10240,5648419,348,57133,22,298,22,298
17040,45.614,26.168,7.432064,7.246948,0.185116,7.363525,7.182617,0.249447,540.2921,0.882812,0.781387,226.7438,0.051562,0.883496,0.064941,10240,5532591,309,57153,22,298,22,298
17060,45.663,26.195,7.430889,7.235718,0.195171,7.353394,7.18457,0.246318,530.5234,0.878809,0.777588,221.2548,0.050293,0.880273,0.069434,10240,5432560,336,57145,25,298,25,298
17080,45.716,26.225,7.431399,7.244141,0.187258,7.343384,7.179932,0.251467,546.7252,0.875391,0.783915,229.9213,0.052246,0.882031,0.065723,10240,5598466,348,57053,25,298,25,298
17100,45.767,26.254,7.429107,7.231323,0.197783,7.337402,7.175293,0.253814,532.4149,0.87207,0.778017,228.0019,0.050684,0.882031,0.067285,10240,5451929,317,57026,27,298,27,298
17120,45.816,26.281,7.417446,7.207275,0.21017,7.312378,7.154297,0.263149,540.0929,0.875,0.781105,223.571,0.051562,0.882324,0.066113,10240,5530551,310,56978,29,298,29,298
17140,45.865,26.31,7.42921,7.224243,0.204967,7.342773,7.166748,0.262462,545.1475,0.864453,0.783862,225.1118,0.052246,0.879297,0.068457,10240,5582310,347,57052,29,300,29,300
17160,45.921,26.338,7.435718,7.228638,0.20708,7.341919,7.16748,0.268238,546.2603,0.859473,0.785268,228.8522,0.052441,0.87373,0.073828,10240,5593705,330,57025,29,300,29,300
17180,45.972,26.368,7.434913,7.220825,0.214087,7.353149,7.168579,0.266334,567.9317,0.858887,0.794148,229.1887,0.055176,0.863086,0.081738,10240,5815621,343,57103,26,300,26,300
17200,46.025,26.4,7.438176,7.241089,0.197087,7.358398,7.176392,0.261784,584.3905,0.859863,0.80106,241.2794,0.057129,0.860742,0.082129,10240,5984159,301,57183,25,300,25,300
17220,46.077,26.43,7.444174,7.26709,0.177084,7.364136,7.181396,0.262778,571.4069,0.864551,0.796034,237.1082,0.055664,0.864453,0.079883,10240,5851207,330,57205,24,300,24,300
17240,46.129,26.46,7.449668,7.270386,0.179283,7.36731,7.190308,0.259361,588.1217,0.87002,0.801633,239.6841,0.057617,0.864258,0.078125,10240,6022366,293,57191,23,300,23,300
17260,46.181,26.49,7.448938,7.263062,0.185877,7.377808,7.185547,0.263392,621.0591,0.869238,0.81252,248.6474,0.061719,0.862109,0.076172,10240,6359645,305,57164,22,301,22,301
17280,46.233,26.521,7.461062,7.269043,0.192019,7.389771,7.207031,0.25403,628.4633,0.869531,0.814751,250.023,0.0625,0.860645,0.076855,10240,6435464,320,57243,22,301,22,301
17300,46.287,26.552,7.460423,7.288452,0.171971,7.405762,7.208252,0.252171,615.1696,0.865234,0.810392,248.4288,0.061035,0.865527,0.073438,10240,6299337,319,57287,22,301,22,301
17320,46.34,26.583,7.45618,7.286377,0.169803,7.397095,7.207886,0.248295,603.0061,0.863574,0.806683,246.1314,0.059277,0.863379,0.077344,10240,6174782,291,57245,21,301,21,301
17340,46.396,26.616,7.444424,7.282959,0.161465,7.388184,7.199219,0.245205,640.2104,0.864062,0.815759,252.6768,0.063867,0.871094,0.065039,10240,6555754,296,57249,22,301,22,301
17360,46.449,26.647,7.450668,7.275391,0.175277,7.383789,7.20166,0.249008,628.927,0.864746,0.81266,244.9337,0.062598,0.872461,0.064941,10240,6440212,320,57178,23,301,23,301
17380,46.5,26.677,7.446444,7.284302,0.162142,7.400635,7.208984,0.23746,607.3197,0.858398,0.806632,239.0057,0.059961,0.869824,0.070215,10240,6218954,321,57279,25,301,25,301
17400,46.551,26.707,7.456928,7.302124,0.154804,7.391357,7.217773,0.239155,611.3189,0.858984,0.808752,243.886,0.060254,0.863086,0.07666,10240,6259906,342,57269,25,301,25,301
17420,46.602,26.736,7.454129,7.287598,0.166531,7.394043,7.220215,0.233914,593.4157,0.850195,0.803852,236.3796,0.058203,0.86416,0.077637,10240,6076577,320,57312,26,301,26,301
17440,46.652,26.766,7.447185,7.252441,0.194744,7.372192,7.202148,0.245037,598.6009,0.853613,0.805614,235.9744,0.058887,0.860938,0.080176,10240,6129673,283,57202,23,301,23,301
17460,46.704,26.796,7.423544,7.234619,0.188925,7.339966,7.189697,0.233847,608.8388,0.858203,0.808384,240.8432,0.059863,0.861523,0.078613,10240,6234509,312,57158,23,301,23,301
17480,46.761,26.829,7.438977,7.26062,0.178357,7.361694,7.199829,0.239148,636.8575,0.868848,0.816714,249.224,0.063477,0.861328,0.075195,10240,6521421,341,57228,22,301,22,301
17500,46.816,26.862,7.43879,7.272217,0.166573,7.363892,7.19873,0.24006,621.5329,0.878027,0.811817,249.0446,0.061621,0.863574,0.074805,10240,6364497,286,57287,23,301,23,301
17520,46.869,26.894,7.428625,7.267334,0.161291,7.358887,7.19519,0.233435,646.3114,0.876953,0.820127,251.6785,0.064746,0.852344,0.08291,10240,6618229,328,57265,25,301,25,301
17540,46.923,26.927,7.426756,7.276001,0.150755,7.370117,7.20813,0.218626,644.4766,0.871387,0.82025,252.8916,0.064746,0.846387,0.088867,10240,6599440,296,57337,22,301,22,301
17560,46.975,26.958,7.422616,7.28125,0.141366,7.378296,7.212891,0.209726,650.9526,0.879004,0.821208,258.054,0.06543,0.855957,0.078613,10240,6665755,317,57419,21,301,21,301
17580,47.027,26.988,7.408471,7.255005,0.153466,7.358521,7.202026,0.206445,635.1167,0.877051,0.817361,252.1299,0.063477,0.856836,0.079688,10240,6503595,301,57395,18,301,18,301
17600,47.081,27.021,7.39711,7.25354,0.14357,7.358154,7.182373,0.214737,618.7529,0.889648,0.81176,251.8492,0.06123,0.860742,0.078027,10240,6336030,326,57251,18,301,18,301
17620,47.133,27.052,7.389435,7.257324,0.132111,7.332153,7.177979,0.211457,612.1374,0.884766,0.810386,245.3662,0.060352,0.858496,0.081152,10240,6268287,312,57286,19,301,19,301
17640,47.184,27.083,7.395025,7.264038,0.130986,7.346313,7.18396,0.211065,634.9712,0.890918,0.816125,243.7336,0.063281,0.861523,0.075195,10240,6502105,328,57300,18,301,18,301
17660,47.237,27.114,7.392762,7.248169,0.144593,7.342163,7.178467,0.214295,630.4705,0.890625,0.813719,244.862,0.062793,0.870605,0.066602,10240,6456018,301,57266,17,301,17,301
17680,47.288,27.145,7.37742,7.240479,0.136942,7.338257,7.166382,0.211038,619.8174,0.893262,0.810015,232.2239,0.061328,0.873438,0.065234,10240,6346930,301,57294,15,302,15,302
17700,47.34,27.176,7.371601,7.259644,0.111957,7.347412,7.176392,0.195209,636.4581,0.89502,0.815614,226.6748,0.063477,0.861523,0.075,10240,6517331,325,57437,16,302,16,302
17720,47.39,27.206,7.369543,7.237793,0.13175,7.33252,7.17041,0.199133,618.3516,0.88916,0.810032,222.1421,0.061133,0.867578,0.071289,10240,6331920,334,57346,16,302,16,302
17740,47.444,27.237,7.371457,7.252197,0.119259,7.345215,7.188477,0.18298,626.0465,0.894043,0.812512,232.3603,0.062207,0.867871,0.069922,10240,6410716,311,57456,17,302,17,302
17760,47.496,27.266,7.370825,7.260986,0.109839,7.336182,7.186157,0.184668,600.8968,0.889941,0.804393,227.1348,0.058887,0.868359,0.072754,10240,6153183,307,57475,17,302,17,302
17780,47.553,27.3,7.372446,7.253418,0.119028,7.338867,7.181641,0.190806,615.7957,0.883398,0.808548,237.1535,0.060449,0.869141,0.07041,10240,6305748,326,57401,16,302,16,302
17800,47.603,27.329,7.370997,7.251099,0.119898,7.332642,7.185303,0.185694,588.8073,0.885156,0.799993,231.3235,0.057227,0.873633,0.069141,10240,6029387,314,57350,16,302,16,302
17820,47.654,27.359,7.368871,7.265625,0.103246,7.337524,7.182373,0.186498,596.8997,0.886621,0.803455,239.2881,0.058398,0.869727,0.071875,10240,6112253,273,57364,15,302,15,302
17840,47.705,27.388,7.37379,7.258301,0.115489,7.334839,7.189087,0.184703,595.542,0.891797,0.802189,227.9445,0.058105,0.877148,0.064746,10240,6098350,325,57354,16,304,16,304
17860,47.762,27.418,7.378699,7.257202,0.121497,7.337891,7.193359,0.18534,606.6168,0.896094,0.805749,231.6032,0.059473,0.875293,0.065234,10240,6211756,322,57378,15,304,15,304
17880,47.813,27.45,7.365184,7.253784,0.111399,7.330566,7.184814,0.180369,600.8704,0.902148,0.802987,227.8247,0.058496,0.878418,0.063086,10240,6152913,287,57370,16,304,16,304
17900,47.864,27.479,7.373122,7.260376,0.112746,7.34668,7.197876,0.175246,580.134,0.896191,0.796558,219.6349,0.056055,0.875195,0.06875,10240,5940572,351,57429,16,304,16,304
17920,47.914,27.508,7.379633,7.273682,0.105952,7.350464,7.212036,0.167597,572.5268,0.892188,0.793036,219.7604,0.054688,0.881348,0.063965,10240,5862674,316,57456,16,304,16,304
17940,47.965,27.539,7.360954,7.255737,0.105216,7.334961,7.186768,0.174186,591.5745,0.891309,0.798799,229.8127,0.057031,0.888281,0.054688,10240,6057723,339,57498,14,304,14,304
17960,48.015,27.568,7.363773,7.270264,0.093509,7.345093,7.206299,0.157474,571.393,0.894629,0.792159,220.4472,0.05498,0.884668,0.060352,10240,5851064,329,57620,14,304,14,304
17980,48.065,27.596,7.368081,7.273438,0.094643,7.359131,7.208008,0.160073,548.4634,0.896484,0.784131,208.5324,0.051953,0.874219,0.073828,10240,5616265,341,57647,15,304,15,304
18000,48.116,27.625,7.378761,7.278931,0.09983,7.364502,7.212646,0.166114,554.2443,0.895801,0.787884,201.205,0.052539,0.867578,0.079883,10240,5675462,282,57537,15,304,15,304
18020,48.166,27.654,7.376521,7.265015,0.111506,7.348389,7.194702,0.181819,592.3257,0.89707,0.80361,230.6567,0.057129,0.855273,0.087598,10240,6065415,282,57424,15,304,15,304
18040,48.22,27.684,7.368667,7.244385,0.124282,7.312134,7.171143,0.197524,583.7908,0.897559,0.801344,230.8713,0.056348,0.851074,0.092578,10240,5978018,304,57297,16,304,16,304
18060,48.274,27.717,7.384241,7.27063,0.113611,7.342651,7.189453,0.194787,611.5367,0.886133,0.810797,240.2556,0.059863,0.85,0.090137,10240,6262136,341,57382,16,304,16,304
18080,48.328,27.749,7.404995,7.298096,0.106899,7.362793,7.214966,0.190029,598.2092,0.891895,0.805723,230.6032,0.058105,0.854785,0.087109,10240,6125662,318,57427,17,304,17,304
18100,48.38,27.78,7.409447,7.272095,0.137352,7.351807,7.206299,0.203148,592.4862,0.888184,0.80446,216.8384,0.057715,0.852344,0.089941,10240,6067059,320,57297,17,304,17,304
18120,48.439,27.816,7.407156,7.282349,0.124807,7.36792,7.217529,0.189626,591.9892,0.889258,0.803801,213.7156,0.057715,0.854102,0.088184,10240,6061969,312,57428,18,304,18,304
18140,48.491,27.847,7.404658,7.293335,0.111323,7.363892,7.219116,0.185542,559.6966,0.896875,0.792144,192.2253,0.053516,0.860449,0.086035,10240,5731293,319,57517,17,304,17,304
18160,48.542,27.877,7.41137,7.269775,0.141594,7.367188,7.212524,0.198845,542.9244,0.900488,0.785066,181.23,0.051367,0.863574,0.085059,10240,5559546,329,57404,16,304,16,304
18180,48.593,27.908,7.415803,7.270386,0.145417,7.366089,7.213989,0.201814,559.466,0.895215,0.791587,187.8956,0.053613,0.861523,0.084863,10240,5728932,348,57377,15,304,15,304
18200,48.641,27.936,7.417542,7.253418,0.164124,7.353149,7.21106,0.206483,550.9229,0.894043,0.788936,186.0984,0.052832,0.859473,0.087695,10240,5641450,326,57352,16,304,16,304
18220,48.689,27.964,7.417353,7.268433,0.148921,7.363403,7.2052,0.212153,554.7492,0.892578,0.789501,186.6595,0.053418,0.863477,0.083105,10240,5680632,326,57275,15,304,15,304
18240,48.739,27.993,7.41411,7.263062,0.151049,7.344116,7.192261,0.22185,534.9677,0.901855,0.779307,171.33,0.050391,0.87627,0.07334,10240,5478069,320,57203,16,304,16,304
18260,48.793,28.027,7.413971,7.250488,0.163483,7.356201,7.193481,0.22049,541.4223,0.889258,0.78292,181.1439,0.051562,0.872754,0.075684,10240,5544164,324,57244,19,304,19,304
18280,48.844,28.055,7.425527,7.267456,0.158071,7.363892,7.208008,0.217519,533.2,0.876172,0.779541,178.9332,0.050391,0.871094,0.078516,10240,5459968,300,57272,21,304,21,304
18300,48.894,28.083,7.433138,7.277466,0.155672,7.375366,7.226807,0.206331,540.4301,0.880859,0.782794,178.0225,0.051562,0.871289,0.077148,10240,5534004,308,57376,21,304,21,304
18320,48.945,28.113,7.431581,7.288696,0.142884,7.376465,7.225098,0.206483,577.7886,0.889941,0.797203,196.2044,0.056055,0.866113,0.077832,10240,5916555,310,57340,21,304,21,304
18340,48.999,28.145,7.425905,7.253906,0.171998,7.377075,7.206055,0.21985,611.4204,0.894922,0.807398,201.5585,0.060059,0.870312,0.069629,10240,6260945,349,57238,22,304,22,304
18360,49.066,28.182,7.441474,7.266968,0.174507,7.379395,7.214111,0.227363,614.9865,0.887305,0.809683,204.1604,0.060645,0.86582,0.073535,10240,6297462,302,57208,23,304,23,304
18380,49.138,28.227,7.441149,7.248291,0.192858,7.363159,7.198364,0.242785,623.0044,0.88623,0.811698,200.5036,0.061719,0.869434,0.068848,10240,6379565,313,57065,22,304,22,304
18400,49.189,28.257,7.437753,7.255127,0.182626,7.344116,7.17627,0.261484,623.7733,0.885938,0.811882,200.2553,0.061621,0.869141,0.069238,10240,6387439,316,56933,20,304,20,304
18420,49.239,28.287,7.425295,7.225708,0.199587,7.331055,7.175781,0.249514,614.7296,0.886328,0.808039,201.7021,0.060547,0.874023,0.06543,10240,6294831,309,57002,22,304,22,304
18440,49.289,28.316,7.424781,7.221802,0.202979,7.307739,7.160522,0.264258,599.0684,0.880176,0.803696,193.0845,0.058594,0.867676,0.07373,10240,6134460,300,56850,23,304,23,304
18460,49.34,28.346,7.42401,7.230835,0.193175,7.329468,7.174927,0.249083,619.7282,0.888867,0.810348,203.0395,0.061133,0.869336,0.069531,10240,6346017,314,57019,20,304,20,304
18480,49.393,28.379,7.431405,7.243286,0.188119,7.34314,7.198486,0.232919,609.3609,0.892871,0.80771,206.0966,0.060059,0.866113,0.073828,10240,6239856,299,57130,21,304,21,304
18500,49.445,28.409,7.423762,7.242065,0.181696,7.335449,7.192749,0.231013,630.6916,0.891992,0.815436,215.1396,0.062695,0.85293,0.084375,10240,6458282,339,57101,22,304,22,304
18520,49.498,28.439,7.442468,7.253906,0.188562,7.362061,7.203003,0.239465,623.9871,0.890234,0.81414,214.0225,0.061914,0.852344,0.085742,10240,6389628,292,57096,23,304,23,304
18540,49.549,28.469,7.449707,7.270752,0.178955,7.367798,7.206177,0.24353,607.66,0.881934,0.808817,208.8111,0.059766,0.85498,0.085254,10240,6222438,306,57044,21,304,21,304
18560,49.6,28.498,7.456581,7.25708,0.199501,7.362183,7.210205,0.246376,613.892,0.882227,0.809989,209.6609,0.060254,0.857129,0.082617,10240,6286254,327,56986,21,304,21,304
18580,49.65,28.528,7.454017,7.258057,0.19596,7.36499,7.20105,0.252967,623.2375,0.874707,0.813096,203.5563,0.061621,0.858105,0.080273,10240,6381952,323,57047,23,304,23,304
18600,49.7,28.557,7.460302,7.253784,0.206518,7.369873,7.199463,0.260839,596.2018,0.871289,0.805088,189.709,0.058203,0.860449,0.081348,10240,6105106,334,57000,21,304,21,304
18620,49.751,28.587,7.459599,7.228149,0.231449,7.36084,7.189087,0.270512,617.4168,0.87002,0.813445,194.1725,0.060938,0.844922,0.094141,10240,6322348,305,56887,23,304,23,304
18640,49.806,28.621,7.444962,7.226929,0.218033,7.329102,7.168823,0.276138,630.6749,0.876562,0.816488,202.2735,0.062109,0.851562,0.086328,10240,6458111,291,56829,24,304,24,304
18660,49.859,28.652,7.453462,7.230347,0.223116,7.334473,7.171875,0.281587,639.4813,0.870801,0.818954,201.8965,0.06377,0.853418,0.082812,10240,6548289,354,56833,24,304,24,304
18680,49.913,28.685,7.442073,7.194458,0.247615,7.312622,7.147217,0.294856,643.4364,0.877051,0.819428,201.4533,0.064062,0.857227,0.078711,10240,6588789,328,56733,25,304,25,304
18700,49.966,28.718,7.431998,7.181152,0.250846,7.296021,7.130981,0.301017,650.9968,0.871094,0.82209,201.0293,0.064453,0.851953,0.083594,10240,6666207,316,56606,24,304,24,304
18720,50.02,28.751,7.437695,7.190918,0.246777,7.297974,7.129395,0.308301,677.1557,0.870703,0.829798,206.4248,0.067969,0.842969,0.089062,10240,6934074,329,56638,23,304,23,304
18740,50.074,28.781,7.446798,7.186768,0.26003,7.296387,7.128784,0.318013,635.3058,0.865137,0.820053,194.2544,0.062695,0.838281,0.099023,10240,6505531,308,56676,23,304,23,304
18760,50.125,28.811,7.445556,7.18042,0.265136,7.2854,7.113037,0.332519,586.0048,0.86377,0.803712,174.7781,0.056738,0.849023,0.094238,10240,6000689,330,56561,24,304,24,304
18780,50.175,28.839,7.44209,7.177246,0.264844,7.301392,7.106689,0.335401,572.23,0.870117,0.799069,173.0664,0.055176,0.84873,0.096094,10240,5859635,311,56495,24,304,24,304
18800,50.224,28.868,7.421776,7.148071,0.273704,7.273926,7.088745,0.33303,580.0779,0.871875,0.801254,172.0473,0.056152,0.850391,0.093457,10240,5939998,289,56481,23,304,23,304
18820,50.274,28.897,7.432441,7.16687,0.265571,7.301025,7.112061,0.32038,584.4282,0.878516,0.802819,173.5911,0.056738,0.849805,0.093457,10240,5984545,345,56622,24,304,24,304
18840,50.324,28.926,7.43846,7.162354,0.276107,7.307129,7.117554,0.320907,562.4453,0.876758,0.795652,164.3021,0.054102,0.848926,0.096973,10240,5759440,310,56600,26,306,26,306
18860,50.374,28.953,7.440118,7.175415,0.264703,7.296143,7.124756,0.315362,540.5021,0.879395,0.786885,158.1146,0.050879,0.852148,0.096973,10240,5534742,300,56618,27,307,27,307
18880,50.422,28.98,7.434092,7.171753,0.26234,7.300537,7.118408,0.315684,544.8548,0.886426,0.788874,158.7049,0.051562,0.848535,0.099902,10240,5579313,272,56680,26,307,26,307
18900,50.472,29.01,7.449584,7.199585,0.249999,7.339966,7.146729,0.302856,549.8404,0.882715,0.792808,166.7656,0.052051,0.839062,0.108887,10240,5630366,308,56820,25,307,25,307
18920,50.52,29.037,7.448143,7.195435,0.252709,7.321777,7.13208,0.316063,538.3149,0.869824,0.78898,172.6205,0.050977,0.839453,0.10957,10240,5512345,295,56767,23,307,23,307
18940,50.566,29.064,7.439235,7.182495,0.25674,7.310425,7.135986,0.303248,522.8605,0.873047,0.782832,158.5372,0.049219,0.8375,0.113281,10240,5354092,318,56761,21,307,21,307
18960,50.614,29.09,7.413898,7.18396,0.229938,7.297241,7.106445,0.307452,521.7872,0.879004,0.780884,161.8715,0.048438,0.846973,0.10459,10240,5343101,329,56635,21,307,21,307
18980,50.662,29.117,7.426465,7.210815,0.21565,7.300903,7.124512,0.301953,549.5515,0.875293,0.790896,166.5367,0.051758,0.850488,0.097754,10240,5627407,317,56706,25,307,25,307
19000,50.711,29.145,7.430073,7.199707,0.230366,7.320312,7.138672,0.291401,555.072,0.875781,0.793764,166.2662,0.052539,0.846191,0.10127,10240,5683937,321,56798,25,307,25,307
19020,50.764,29.173,7.420979,7.197388,0.223591,7.313721,7.139404,0.281575,568.8484,0.87627,0.7985,174.4791,0.054199,0.840918,0.104883,10240,5825008,301,56844,24,307,24,307
19040,50.813,29.201,7.411646,7.201416,0.21023,7.305542,7.147217,0.264429,571.6991,0.878223,0.799736,165.0163,0.054883,0.841016,0.104102,10240,5854199,298,56968,24,307,24,307
19060,50.862,29.229,7.417061,7.197144,0.219917,7.304932,7.144531,0.27253,575.2479,0.87334,0.80124,169.1788,0.055176,0.836328,0.108496,10240,5890539,313,56896,24,307,24,307
19080,50.915,29.258,7.41904,7.214966,0.204074,7.322144,7.149536,0.269504,572.3668,0.877637,0.800939,162.9342,0.055078,0.831348,0.113574,10240,5861036,336,56902,25,309,25,309
19100,50.964,29.285,7.426045,7.179443,0.246601,7.307007,7.129883,0.296162,557.4175,0.879004,0.795129,156.0784,0.053418,0.837207,0.109375,10240,5707955,314,56755,24,309,24,309
19120,51.013,29.312,7.419722,7.204834,0.214888,7.313354,7.138062,0.281661,541.1858,0.883008,0.788184,156.1071,0.050977,0.846777,0.102246,10240,5541743,284,56890,24,309,24,309
19140,51.062,29.339,7.403346,7.17981,0.223536,7.302246,7.123413,0.279932,537.6204,0.889062,0.786859,156.9194,0.050684,0.845605,0.103711,10240,5505233,324,56877,23,309,23,309
19160,51.112,29.368,7.3946,7.188354,0.206245,7.297974,7.127197,0.267402,559.1037,0.888672,0.795545,163.1791,0.053711,0.837598,0.108691,10240,5725222,314,56971,22,309,22,309
19180,51.162,29.397,7.386223,7.165283,0.22094,7.289185,7.115234,0.270989,557.4993,0.884668,0.796444,163.0306,0.053711,0.830176,0.116113,10240,5708793,299,56938,23,309,23,309
19200,51.211,29.425,7.380818,7.170532,0.210286,7.277954,7.115112,0.265706,577.0626,0.888574,0.802104,164.1231,0.055762,0.838867,0.105371,10240,5909121,284,56968,23,309,23,309
19220,51.262,29.455,7.374628,7.159546,0.215082,7.280151,7.118164,0.256464,629.7269,0.893262,0.820149,182.8009,0.0625,0.824316,0.113184,10240,6448403,321,57054,22,309,22,309
19240,51.311,29.483,7.366754,7.160034,0.20672,7.262695,7.111816,0.254938,581.556,0.888965,0.805472,165.573,0.056543,0.828223,0.115234,10240,5955133,318,57067,22,309,22,309
19260,51.365,29.512,7.371029,7.177368,0.193661,7.264771,7.122437,0.248593,598.9835,0.887012,0.810315,169.1039,0.058887,0.829199,0.111914,10240,6133591,321,57127,23,309,23,309
19280,51.415,29.54,7.379829,7.202271,0.177559,7.311646,7.142578,0.237251,594.8627,0.886328,0.809225,170.6228,0.058496,0.830469,0.111035,10240,6091394,332,57283,23,309,23,309
19300,51.465,29.569,7.380958,7.183228,0.19773,7.28418,7.122681,0.258277,597.8232,0.895703,0.808819,170.8921,0.058594,0.837891,0.103516,10240,6121710,282,57074,21,309,21,309
19320,51.516,29.599,7.377376,7.166626,0.21075,7.293091,7.123413,0.253963,619.6657,0.891406,0.815111,172.2868,0.06123,0.8375,0.10127,10240,6345377,294,57095,20,309,20,309
19340,51.567,29.627,7.381864,7.18457,0.197294,7.300293,7.134155,0.247709,594.1897,0.896973,0.805374,169.9057,0.057812,0.846484,0.095703,10240,6084503,323,57131,20,309,20,309
19360,51.619,29.657,7.379062,7.164795,0.214267,7.296631,7.126953,0.252109,629.3233,0.889551,0.817037,188.0633,0.061914,0.841992,0.096094,10240,6444271,298,57178,20,309,20,309
19380,51.669,29.687,7.378732,7.200317,0.178415,7.305786,7.137085,0.241647,624.5656,0.89082,0.815122,189.128,0.061719,0.842285,0.095996,10240,6395552,341,57227,20,309,20,309
19400,51.721,29.716,7.37743,7.209839,0.167591,7.317261,7.149658,0.227772,601.528,0.887207,0.807878,188.5715,0.058984,0.849414,0.091602,10240,6159647,317,57291,18,309,18,309
19420,51.772,29.746,7.373841,7.226685,0.147157,7.318359,7.152588,0.221253,609.3029,0.886035,0.810317,192.0537,0.060059,0.849121,0.09082,10240,6239262,286,57316,18,309,18,309
19440,51.821,29.775,7.386726,7.230347,0.15638,7.330322,7.16687,0.219856,602.8167,0.889551,0.807046,195.7966,0.059082,0.85752,0.083398,10240,6172843,296,57306,19,309,19,309
19460,51.873,29.804,7.391341,7.219971,0.171371,7.347778,7.173462,0.21788,580.6854,0.894824,0.79895,187.6236,0.056348,0.863965,0.079688,10240,5946218,346,57322,18,309,18,309
19480,51.923,29.833,7.39476,7.244507,0.150253,7.35022,7.182861,0.211898,580.8644,0.894043,0.799017,186.8875,0.056348,0.862305,0.081348,10240,5948051,312,57357,15,309,15,309
19500,51.973,29.862,7.393051,7.259521,0.13353,7.358521,7.18335,0.209702,604.1402,0.883691,0.808326,189.5277,0.059375,0.85166,0.088965,10240,6186396,305,57341,16,309,16,309
19520,52.023,29.891,7.393333,7.258545,0.134788,7.360352,7.181641,0.211692,590.3109,0.883008,0.803847,191.594,0.057617,0.854199,0.088184,10240,6044784,293,57332,15,309,15,309
19540,52.072,29.92,7.398526,7.25415,0.144375,7.349976,7.19165,0.206875,591.458,0.885352,0.804292,183.2484,0.058105,0.853809,0.088086,10240,6056530,328,57382,14,309,14,309
19560,52.123,29.95,7.388432,7.264038,0.124394,7.356079,7.193481,0.19495,602.7762,0.89375,0.807636,195.3268,0.059375,0.854395,0.08623,10240,6172428,308,57429,16,309,16,309
19580,52.173,29.978,7.382573,7.227173,0.155401,7.346191,7.180542,0.202031,580.6687,0.892871,0.800109,178.0658,0.056445,0.858008,0.085547,10240,5946047,335,57365,15,309,15,309
19600,52.223,30.007,7.373356,7.240234,0.133122,7.348755,7.186279,0.187077,593.7342,0.892383,0.8054,196.4299,0.058105,0.851562,0.090332,10240,6079838,321,57415,13,309,13,309
19620,52.276,30.04,7.378614,7.242676,0.135938,7.349487,7.186523,0.19209,620.1653,0.889258,0.815172,195.1296,0.061523,0.839746,0.09873,10240,6350493,342,57438,14,309,14,309
19640,52.329,30.07,7.376715,7.230835,0.14588,7.339111,7.185913,0.190802,625.4937,0.887793,0.815746,207.9568,0.062109,0.846875,0.091016,10240,6405055,318,57390,15,309,15,309
19660,52.382,30.102,7.37212,7.22522,0.146901,7.336914,7.186401,0.185719,641.5671,0.876465,0.820361,211.7709,0.06416,0.843652,0.092188,10240,6569647,330,57431,15,309,15,309
19680,52.435,30.133,7.372421,7.197266,0.175155,7.347046,7.179688,0.192733,639.8178,0.86582,0.821063,223.4312,0.063867,0.839062,0.09707,10240,6551734,308,57438,16,309,16,309
19700,52.488,30.165,7.369359,7.239014,0.130345,7.33728,7.176392,0.192967,613.9207,0.862891,0.813668,212.0611,0.060547,0.842188,0.097266,10240,6286548,319,57420,17,309,17,309
19720,52.542,30.197,7.383431,7.241211,0.14222,7.357056,7.191895,0.191537,643.481,0.863281,0.821894,219.2345,0.064648,0.838965,0.096387,10240,6589245,313,57452,16,309,16,309
19740,52.593,30.227,7.386513,7.252686,0.133827,7.352051,7.200562,0.185951,609.5966,0.859277,0.812456,204.2314,0.060156,0.83623,0.103613,10240,6242269,353,57513,17,309,17,309
19760,52.644,30.257,7.379519,7.250488,0.12903,7.358154,7.212036,0.167482,615.3677,0.852734,0.814776,211.876,0.060938,0.836035,0.103027,10240,6301365,314,57606,16,309,16,309
19780,52.696,30.286,7.381321,7.255249,0.126072,7.358154,7.207397,0.173923,611.5063,0.84873,0.813373,204.0292,0.059961,0.838672,0.101367,10240,6261824,321,57558,17,309,17,309
19800,52.752,30.32,7.38206,7.25708,0.12498,7.339478,7.194092,0.187968,628.7098,0.849121,0.818373,214.7627,0.062402,0.837109,0.100488,10240,6437988,333,57415,18,309,18,309
19820,52.821,30.356,7.382475,7.253662,0.128813,7.347656,7.192749,0.189726,617.1177,0.852539,0.813514,220.2109,0.06084,0.84707,0.09209,10240,6319285,300,57382,17,309,17,309
19840,52.875,30.388,7.387605,7.224609,0.162995,7.319702,7.168457,0.219148,623.1863,0.853906,0.814148,225.7538,0.061426,0.853613,0.084961,10240,6381428,313,57132,17,309,17,309
19860,52.925,30.417,7.3907,7.211304,0.179396,7.317871,7.166748,0.223952,591.0077,0.860352,0.802383,206.2358,0.057422,0.86582,0.076758,10240,6051919,326,57081,16,309,16,309
19880,52.977,30.447,7.39783,7.22644,0.171389,7.325439,7.166382,0.231448,621.5636,0.859082,0.812305,206.5458,0.061133,0.863281,0.075586,10240,6364811,307,57068,17,309,17,309
19900,53.028,30.476,7.402441,7.207275,0.195165,7.322632,7.160278,0.242162,621.4027,0.869141,0.810842,206.22,0.061035,0.872559,0.066406,10240,6363164,315,57053,17,309,17,309
19920,53.078,30.506,7.395127,7.198486,0.19664,7.300171,7.143188,0.251938,596.8398,0.875879,0.801671,191.8881,0.05791,0.883105,0.058984,10240,6111640,288,56931,18,309,18,309
19940,53.127,30.534,7.403709,7.186523,0.217186,7.317627,7.157837,0.245872,575.152,0.873926,0.793275,177.7383,0.055566,0.887012,0.057422,10240,5889556,338,57019,17,309,17,309
19960,53.176,30.563,7.408957,7.214966,0.193991,7.34668,7.176636,0.232321,585.7868,0.874121,0.796767,183.6021,0.056641,0.888867,0.054492,10240,5998457,311,57174,18,309,18,309
19980,53.227,30.593,7.401743,7.221313,0.18043,7.333374,7.177124,0.224619,615.274,0.875293,0.807988,189.6076,0.060645,0.877441,0.061914,10240,6300406,280,57202,18,310,18,310
20000,53.284,30.622,7.39716,7.223022,0.174138,7.327393,7.171265,0.225895,593.7777,0.87627,0.800659,186.9229,0.057812,0.881348,0.06084,10240,6080284,331,57147,16,310,16,310
