# epoch 0  H=7.9996 C=8.0025 HO=-0.0005  A(t)=0
         1  ...Cw.n;..o.h.U.  ffffcd4377fc6e3bb8fe6faf680d55f4
         1  ......X....).h..  ffffa6e2afa758c1fdbc8e29d3681112
         1  .......+.....O..  ffffa686b2b6862b97a6c8c3c04f9913
         1  ......i...o.....  ffff039beada69d1eda46f9d17f6c889
         1  ...&.X4H..wz.1<D  fffedd26e4583448c38e777aaa313c44
         1  .......d..@..8$.  fffedbeed4d61064bdd3401af4382417
         1  ......y..){...?+  fffebbb10df779abb7297bbabbe93f2b
         1  ...u..|w.].i`...  fffe8a7501bd7c77de5d196960bb8eba
         1  .....!q.)%...:.\  fffe87cbae2171ad2925d0e11e3abb5c
         1  ..q............T  fffe7106a09eb3a31dce8b19b6f9ce54
# epoch 50  H=7.9994 C=7.9935 HO=-0.0007  A(t)=0
        45  ................  14141414141414141414141414141414
        43  ................  d8d8d8d8d8d8d8d8d8d8d8d8d8d8d8d8
        38  CCCCCCCCCCCCCCCC  43434343434343434343434343434343
        37  0000000000000000  30303030303030303030303030303030
        33  [[[[[[[[[[[[[[[[  5b5b5b5b5b5b5b5b5b5b5b5b5b5b5b5b
        32  ]]]]]]]]]]]]]]]]  5d5d5d5d5d5d5d5d5d5d5d5d5d5d5d5d
        29  ................  cbcbcbcbcbcbcbcbcbcbcbcbcbcbcbcb
        29  >>>>>>>>>>>>>>>>  3e3e3e3e3e3e3e3e3e3e3e3e3e3e3e3e
        27  ................  ffffffffffffffffffffffffffffffff
        24  ................  8b8b8b8b8b8b8b8b8b8b8b8b8b8b8b8b
# epoch 100  H=7.9990 C=7.9889 HO=-0.0011  A(t)=0
       176  >>>>>>>>>>>>>>>>  3e3e3e3e3e3e3e3e3e3e3e3e3e3e3e3e
        59  }}}}}}}}}}}}}}}}  7d7d7d7d7d7d7d7d7d7d7d7d7d7d7d7d
        49  !!!!!!!!!!!!!!!!  21212121212121212121212121212121
        39  ................  d8d8d8d8d8d8d8d8d8d8d8d8d8d8d8d8
        37  ................  14141414141414141414141414141414
        32  ]]]]]]]]]]]]]]]]  5d5d5d5d5d5d5d5d5d5d5d5d5d5d5d5d
        30  [[[[[[[[[[[[[[[[  5b5b5b5b5b5b5b5b5b5b5b5b5b5b5b5b
        29  ................  cbcbcbcbcbcbcbcbcbcbcbcbcbcbcbcb
        29  CCCCCCCCCCCCCCCC  43434343434343434343434343434343
        24  ................  8b8b8b8b8b8b8b8b8b8b8b8b8b8b8b8b
# epoch 150  H=7.9986 C=7.9840 HO=-0.0015  A(t)=0
       314  >>>>>>>>>>>>>>>>  3e3e3e3e3e3e3e3e3e3e3e3e3e3e3e3e
        81  }}}}}}}}}}}}}}}}  7d7d7d7d7d7d7d7d7d7d7d7d7d7d7d7d
        73  [[[[[[[[[[[[[[[[  5b5b5b5b5b5b5b5b5b5b5b5b5b5b5b5b
        46  !!!!!!!!!!!!!!!!  21212121212121212121212121212121
        41  dddddddddddddddd  64646464646464646464646464646464
        32  ]]]]]]]]]]]]]]]]  5d5d5d5d5d5d5d5d5d5d5d5d5d5d5d5d
        31  ________________  20202020202020202020202020202020
        29  CCCCCCCCCCCCCCCC  43434343434343434343434343434343
        28  ................  d8d8d8d8d8d8d8d8d8d8d8d8d8d8d8d8
        24  ................  8b8b8b8b8b8b8b8b8b8b8b8b8b8b8b8b
# epoch 200  H=7.9983 C=7.9799 HO=-0.0018  A(t)=0
       331  >>>>>>>>>>>>>>>>  3e3e3e3e3e3e3e3e3e3e3e3e3e3e3e3e
        94  }}}}}}}}}}}}}}}}  7d7d7d7d7d7d7d7d7d7d7d7d7d7d7d7d
        78  [[[[[[[[[[[[[[[[  5b5b5b5b5b5b5b5b5b5b5b5b5b5b5b5b
        49  ................  01010101010101010101010101010101
        46  ................  2e2e2e2e2e2e2e2e2e2e2e2e2e2e2e2e
        46  !!!!!!!!!!!!!!!!  21212121212121212121212121212121
        40  dddddddddddddddd  64646464646464646464646464646464
        39  ----------------  2d2d2d2d2d2d2d2d2d2d2d2d2d2d2d2d
        32  ]]]]]]]]]]]]]]]]  5d5d5d5d5d5d5d5d5d5d5d5d5d5d5d5d
        31  ________________  20202020202020202020202020202020
# epoch 250  H=7.9977 C=7.9764 HO=-0.0023  A(t)=0
       413  >>>>>>>>>>>>>>>>  3e3e3e3e3e3e3e3e3e3e3e3e3e3e3e3e
       126  [[[[[[[[[[[[[[[[  5b5b5b5b5b5b5b5b5b5b5b5b5b5b5b5b
        55  }}}}}}}}}}}}}}}}  7d7d7d7d7d7d7d7d7d7d7d7d7d7d7d7d
        48  ................  acacacacacacacacacacacacacacacac
        47  ................  01010101010101010101010101010101
        46  ................  2e2e2e2e2e2e2e2e2e2e2e2e2e2e2e2e
        44  ]]]]]]]]]]]]]]]]  5d5d5d5d5d5d5d5d5d5d5d5d5d5d5d5d
        40  dddddddddddddddd  64646464646464646464646464646464
        37  !!!!!!!!!!!!!!!!  21212121212121212121212121212121
        31  ________________  20202020202020202020202020202020
# epoch 300  H=7.9972 C=7.9711 HO=-0.0028  A(t)=26
       450  >>>>>>>>>>>>>>>>  3e3e3e3e3e3e3e3e3e3e3e3e3e3e3e3e
       121  [[[[[[[[[[[[[[[[  5b5b5b5b5b5b5b5b5b5b5b5b5b5b5b5b
        79  !!!!!!!!!!!!!!!!  21212121212121212121212121212121
        48  ................  acacacacacacacacacacacacacacacac
        48  }}}}}}}}}}}}}}}}  7d7d7d7d7d7d7d7d7d7d7d7d7d7d7d7d
        47  ................  01010101010101010101010101010101
        46  ................  c0c0c0c0c0c0c0c0c0c0c0c0c0c0c0c0
        44  ]]]]]]]]]]]]]]]]  5d5d5d5d5d5d5d5d5d5d5d5d5d5d5d5d
        43  kkkkkkkkkkkkkkkk  6b6b6b6b6b6b6b6b6b6b6b6b6b6b6b6b
        40  dddddddddddddddd  64646464646464646464646464646464
# epoch 350  H=7.9967 C=7.9682 HO=-0.0033  A(t)=28
       497  >>>>>>>>>>>>>>>>  3e3e3e3e3e3e3e3e3e3e3e3e3e3e3e3e
        74  [[[[[[[[[[[[[[[[  5b5b5b5b5b5b5b5b5b5b5b5b5b5b5b5b
        48  ................  a9a9a9a9a9a9a9a9a9a9a9a9a9a9a9a9
        48  ................  8b8b8b8b8b8b8b8b8b8b8b8b8b8b8b8b
        48  !!!!!!!!!!!!!!!!  21212121212121212121212121212121
        46  ................  c0c0c0c0c0c0c0c0c0c0c0c0c0c0c0c0
        43  kkkkkkkkkkkkkkkk  6b6b6b6b6b6b6b6b6b6b6b6b6b6b6b6b
        39  }}}}}}}}}}}}}}}}  7d7d7d7d7d7d7d7d7d7d7d7d7d7d7d7d
        36  ,,,,,,,,,,,,,,,,  2c2c2c2c2c2c2c2c2c2c2c2c2c2c2c2c
        35  ................  01010101010101010101010101010101
# epoch 400  H=7.9962 C=7.9662 HO=-0.0038  A(t)=31
       463  >>>>>>>>>>>>>>>>  3e3e3e3e3e3e3e3e3e3e3e3e3e3e3e3e
        54  [[[[[[[[[[[[[[[[  5b5b5b5b5b5b5b5b5b5b5b5b5b5b5b5b
        50  ]]]]]]]]]]]]]]]]  5d5d5d5d5d5d5d5d5d5d5d5d5d5d5d5d
        48  ................  a9a9a9a9a9a9a9a9a9a9a9a9a9a9a9a9
        45  ................  c0c0c0c0c0c0c0c0c0c0c0c0c0c0c0c0
        43  kkkkkkkkkkkkkkkk  6b6b6b6b6b6b6b6b6b6b6b6b6b6b6b6b
        39  ................  8b8b8b8b8b8b8b8b8b8b8b8b8b8b8b8b
        37  !!!!!!!!!!!!!!!!  21212121212121212121212121212121
        35  ................  01010101010101010101010101010101
        34  ................  acacacacacacacacacacacacacacacac
# epoch 450  H=7.9958 C=7.9661 HO=-0.0043  A(t)=35
       485  >>>>>>>>>>>>>>>>  3e3e3e3e3e3e3e3e3e3e3e3e3e3e3e3e
        46  }}}}}}}}}}}}}}}}  7d7d7d7d7d7d7d7d7d7d7d7d7d7d7d7d
        45  ................  c0c0c0c0c0c0c0c0c0c0c0c0c0c0c0c0
        41  [[[[[[[[[[[[[[[[  5b5b5b5b5b5b5b5b5b5b5b5b5b5b5b5b
        38  ................  a9a9a9a9a9a9a9a9a9a9a9a9a9a9a9a9
        37  ]]]]]]]]]]]]]]]]  5d5d5d5d5d5d5d5d5d5d5d5d5d5d5d5d
        35  ................  01010101010101010101010101010101
        31  ................  acacacacacacacacacacacacacacacac
        31  ________________  20202020202020202020202020202020
        30  kkkkkkkkkkkkkkkk  6b6b6b6b6b6b6b6b6b6b6b6b6b6b6b6b
# epoch 500  H=7.9955 C=7.9629 HO=-0.0046  A(t)=37
       481  >>>>>>>>>>>>>>>>  3e3e3e3e3e3e3e3e3e3e3e3e3e3e3e3e
        98  ]]]]]]]]]]]]]]]]  5d5d5d5d5d5d5d5d5d5d5d5d5d5d5d5d
        54  }}}}}}}}}}}}}}}}  7d7d7d7d7d7d7d7d7d7d7d7d7d7d7d7d
        44  ................  c0c0c0c0c0c0c0c0c0c0c0c0c0c0c0c0
        35  ................  01010101010101010101010101010101
        31  ................  acacacacacacacacacacacacacacacac
        30  kkkkkkkkkkkkkkkk  6b6b6b6b6b6b6b6b6b6b6b6b6b6b6b6b
        27  [[[[[[[[[[[[[[[[  5b5b5b5b5b5b5b5b5b5b5b5b5b5b5b5b
        26  ................  d8d8d8d8d8d8d8d8d8d8d8d8d8d8d8d8
        26  ,,,,,,,,,,,,,,,,  2c2c2c2c2c2c2c2c2c2c2c2c2c2c2c2c
# epoch 550  H=7.9953 C=7.9603 HO=-0.0047  A(t)=41
       414  >>>>>>>>>>>>>>>>  3e3e3e3e3e3e3e3e3e3e3e3e3e3e3e3e
        92  ]]]]]]]]]]]]]]]]  5d5d5d5d5d5d5d5d5d5d5d5d5d5d5d5d
        68  ................  c0c0c0c0c0c0c0c0c0c0c0c0c0c0c0c0
        48  }}}}}}}}}}}}}}}}  7d7d7d7d7d7d7d7d7d7d7d7d7d7d7d7d
        47  ................  d9d9d9d9d9d9d9d9d9d9d9d9d9d9d9d9
        47  ----------------  2d2d2d2d2d2d2d2d2d2d2d2d2d2d2d2d
        38  ................  e0e0e0e0e0e0e0e0e0e0e0e0e0e0e0e0
        35  ................  01010101010101010101010101010101
        32  ................  cdcdcdcdcdcdcdcdcdcdcdcdcdcdcdcd
        26  ,,,,,,,,,,,,,,,,  2c2c2c2c2c2c2c2c2c2c2c2c2c2c2c2c
# epoch 600  H=7.9952 C=7.9604 HO=-0.0049  A(t)=42
       402  >>>>>>>>>>>>>>>>  3e3e3e3e3e3e3e3e3e3e3e3e3e3e3e3e
        84  ]]]]]]]]]]]]]]]]  5d5d5d5d5d5d5d5d5d5d5d5d5d5d5d5d
        57  ................  c0c0c0c0c0c0c0c0c0c0c0c0c0c0c0c0
        47  ----------------  2d2d2d2d2d2d2d2d2d2d2d2d2d2d2d2d
        44  ................  fefefefefefefefefefefefefefefefe
        42  ................  d9d9d9d9d9d9d9d9d9d9d9d9d9d9d9d9
        42  }}}}}}}}}}}}}}}}  7d7d7d7d7d7d7d7d7d7d7d7d7d7d7d7d
        38  ................  e0e0e0e0e0e0e0e0e0e0e0e0e0e0e0e0
        32  ................  cdcdcdcdcdcdcdcdcdcdcdcdcdcdcdcd
        26  ,,,,,,,,,,,,,,,,  2c2c2c2c2c2c2c2c2c2c2c2c2c2c2c2c
# epoch 650  H=7.9949 C=7.9583 HO=-0.0051  A(t)=49
       427  >>>>>>>>>>>>>>>>  3e3e3e3e3e3e3e3e3e3e3e3e3e3e3e3e
        82  ]]]]]]]]]]]]]]]]  5d5d5d5d5d5d5d5d5d5d5d5d5d5d5d5d
        65  }}}}}}}}}}}}}}}}  7d7d7d7d7d7d7d7d7d7d7d7d7d7d7d7d
        48  ^^^^^^^^^^^^^^^^  5e5e5e5e5e5e5e5e5e5e5e5e5e5e5e5e
        44  ................  fefefefefefefefefefefefefefefefe
        40  ................  d9d9d9d9d9d9d9d9d9d9d9d9d9d9d9d9
        35  ................  c0c0c0c0c0c0c0c0c0c0c0c0c0c0c0c0
        29  ----------------  2d2d2d2d2d2d2d2d2d2d2d2d2d2d2d2d
        26  ,,,,,,,,,,,,,,,,  2c2c2c2c2c2c2c2c2c2c2c2c2c2c2c2c
        25  ................  e0e0e0e0e0e0e0e0e0e0e0e0e0e0e0e0
# epoch 700  H=7.9948 C=7.9577 HO=-0.0053  A(t)=49
       432  >>>>>>>>>>>>>>>>  3e3e3e3e3e3e3e3e3e3e3e3e3e3e3e3e
        68  ]]]]]]]]]]]]]]]]  5d5d5d5d5d5d5d5d5d5d5d5d5d5d5d5d
        62  }}}}}}}}}}}}}}}}  7d7d7d7d7d7d7d7d7d7d7d7d7d7d7d7d
        48  ^^^^^^^^^^^^^^^^  5e5e5e5e5e5e5e5e5e5e5e5e5e5e5e5e
        44  ,,,,,,,,,,,,,,,,  2c2c2c2c2c2c2c2c2c2c2c2c2c2c2c2c
        35  ................  c0c0c0c0c0c0c0c0c0c0c0c0c0c0c0c0
        30  ................  fefefefefefefefefefefefefefefefe
        29  ----------------  2d2d2d2d2d2d2d2d2d2d2d2d2d2d2d2d
        27  ................  d9d9d9d9d9d9d9d9d9d9d9d9d9d9d9d9
        25  ................  e0e0e0e0e0e0e0e0e0e0e0e0e0e0e0e0
# epoch 750  H=7.9946 C=7.9576 HO=-0.0055  A(t)=52
       367  >>>>>>>>>>>>>>>>  3e3e3e3e3e3e3e3e3e3e3e3e3e3e3e3e
        52  ]]]]]]]]]]]]]]]]  5d5d5d5d5d5d5d5d5d5d5d5d5d5d5d5d
        46  ................  95959595959595959595959595959595
        42  }}}}}}}}}}}}}}}}  7d7d7d7d7d7d7d7d7d7d7d7d7d7d7d7d
        39  ----------------  2d2d2d2d2d2d2d2d2d2d2d2d2d2d2d2d
        32  ^^^^^^^^^^^^^^^^  5e5e5e5e5e5e5e5e5e5e5e5e5e5e5e5e
        31  ,,,,,,,,,,,,,,,,  2c2c2c2c2c2c2c2c2c2c2c2c2c2c2c2c
        30  ................  fefefefefefefefefefefefefefefefe
        29  ================  3d3d3d3d3d3d3d3d3d3d3d3d3d3d3d3d
        25  ................  e0e0e0e0e0e0e0e0e0e0e0e0e0e0e0e0
# epoch 800  H=7.9944 C=7.9573 HO=-0.0056  A(t)=56
       368  >>>>>>>>>>>>>>>>  3e3e3e3e3e3e3e3e3e3e3e3e3e3e3e3e
        58  }}}}}}}}}}}}}}}}  7d7d7d7d7d7d7d7d7d7d7d7d7d7d7d7d
        55  ================  3d3d3d3d3d3d3d3d3d3d3d3d3d3d3d3d
        42  ................  95959595959595959595959595959595
        41  ]]]]]]]]]]]]]]]]  5d5d5d5d5d5d5d5d5d5d5d5d5d5d5d5d
        39  ----------------  2d2d2d2d2d2d2d2d2d2d2d2d2d2d2d2d
        32  ^^^^^^^^^^^^^^^^  5e5e5e5e5e5e5e5e5e5e5e5e5e5e5e5e
        32  AAAAAAAAAAAAAAAA  41414141414141414141414141414141
        25  ................  e0e0e0e0e0e0e0e0e0e0e0e0e0e0e0e0
        22  \\\\\\\\\\\\\\\\  5c5c5c5c5c5c5c5c5c5c5c5c5c5c5c5c
# epoch 850  H=7.9943 C=7.9540 HO=-0.0058  A(t)=60
       308  >>>>>>>>>>>>>>>>  3e3e3e3e3e3e3e3e3e3e3e3e3e3e3e3e
        69  }}}}}}}}}}}}}}}}  7d7d7d7d7d7d7d7d7d7d7d7d7d7d7d7d
        68  ================  3d3d3d3d3d3d3d3d3d3d3d3d3d3d3d3d
        65  \\\\\\\\\\\\\\\\  5c5c5c5c5c5c5c5c5c5c5c5c5c5c5c5c
        48  ................  1f1f1f1f1f1f1f1f1f1f1f1f1f1f1f1f
        48  ................  02020202020202020202020202020202
        47  ++++++++++++++++  2b2b2b2b2b2b2b2b2b2b2b2b2b2b2b2b
        37  ]]]]]]]]]]]]]]]]  5d5d5d5d5d5d5d5d5d5d5d5d5d5d5d5d
        37  ----------------  2d2d2d2d2d2d2d2d2d2d2d2d2d2d2d2d
        25  ................  e0e0e0e0e0e0e0e0e0e0e0e0e0e0e0e0
# epoch 900  H=7.9942 C=7.9541 HO=-0.0059  A(t)=64
       304  >>>>>>>>>>>>>>>>  3e3e3e3e3e3e3e3e3e3e3e3e3e3e3e3e
        96  \\\\\\\\\\\\\\\\  5c5c5c5c5c5c5c5c5c5c5c5c5c5c5c5c
        61  }}}}}}}}}}}}}}}}  7d7d7d7d7d7d7d7d7d7d7d7d7d7d7d7d
        60  [[[[[[[[[[[[[[[[  5b5b5b5b5b5b5b5b5b5b5b5b5b5b5b5b
        48  ................  1f1f1f1f1f1f1f1f1f1f1f1f1f1f1f1f
        46  ================  3d3d3d3d3d3d3d3d3d3d3d3d3d3d3d3d
        37  ----------------  2d2d2d2d2d2d2d2d2d2d2d2d2d2d2d2d
        36  ................  95959595959595959595959595959595
        36  ................  12121212121212121212121212121212
        31  ++++++++++++++++  2b2b2b2b2b2b2b2b2b2b2b2b2b2b2b2b
# epoch 950  H=7.9940 C=7.9525 HO=-0.0061  A(t)=64
       316  >>>>>>>>>>>>>>>>  3e3e3e3e3e3e3e3e3e3e3e3e3e3e3e3e
        91  \\\\\\\\\\\\\\\\  5c5c5c5c5c5c5c5c5c5c5c5c5c5c5c5c
        87  [[[[[[[[[[[[[[[[  5b5b5b5b5b5b5b5b5b5b5b5b5b5b5b5b
        50  }}}}}}}}}}}}}}}}  7d7d7d7d7d7d7d7d7d7d7d7d7d7d7d7d
        48  ................  1f1f1f1f1f1f1f1f1f1f1f1f1f1f1f1f
        36  ................  95959595959595959595959595959595
        36  ................  12121212121212121212121212121212
        32  ================  3d3d3d3d3d3d3d3d3d3d3d3d3d3d3d3d
        31  ++++++++++++++++  2b2b2b2b2b2b2b2b2b2b2b2b2b2b2b2b
        31  """"""""""""""""  22222222222222222222222222222222
# epoch 1000  H=7.9940 C=7.9527 HO=-0.0061  A(t)=66
       266  >>>>>>>>>>>>>>>>  3e3e3e3e3e3e3e3e3e3e3e3e3e3e3e3e
        72  \\\\\\\\\\\\\\\\  5c5c5c5c5c5c5c5c5c5c5c5c5c5c5c5c
        71  [[[[[[[[[[[[[[[[  5b5b5b5b5b5b5b5b5b5b5b5b5b5b5b5b
        53  }}}}}}}}}}}}}}}}  7d7d7d7d7d7d7d7d7d7d7d7d7d7d7d7d
        47  ................  95959595959595959595959595959595
        46  ................  1f1f1f1f1f1f1f1f1f1f1f1f1f1f1f1f
        45  ________________  5f5f5f5f5f5f5f5f5f5f5f5f5f5f5f5f
        36  ................  12121212121212121212121212121212
        31  ================  3d3d3d3d3d3d3d3d3d3d3d3d3d3d3d3d
        28  ................  02020202020202020202020202020202
# epoch 1050  H=7.9940 C=7.9541 HO=-0.0061  A(t)=66
       239  >>>>>>>>>>>>>>>>  3e3e3e3e3e3e3e3e3e3e3e3e3e3e3e3e
        72  \\\\\\\\\\\\\\\\  5c5c5c5c5c5c5c5c5c5c5c5c5c5c5c5c
        54  [[[[[[[[[[[[[[[[  5b5b5b5b5b5b5b5b5b5b5b5b5b5b5b5b
        48  }}}}}}}}}}}}}}}}  7d7d7d7d7d7d7d7d7d7d7d7d7d7d7d7d
        47  ................  95959595959595959595959595959595
        46  ................  1f1f1f1f1f1f1f1f1f1f1f1f1f1f1f1f
        35  ================  3d3d3d3d3d3d3d3d3d3d3d3d3d3d3d3d
        30  ................  12121212121212121212121212121212
        28  ________________  5f5f5f5f5f5f5f5f5f5f5f5f5f5f5f5f
        28  ................  02020202020202020202020202020202
# epoch 1100  H=7.9938 C=7.9535 HO=-0.0062  A(t)=71
       232  >>>>>>>>>>>>>>>>  3e3e3e3e3e3e3e3e3e3e3e3e3e3e3e3e
        59  \\\\\\\\\\\\\\\\  5c5c5c5c5c5c5c5c5c5c5c5c5c5c5c5c
        56  }}}}}}}}}}}}}}}}  7d7d7d7d7d7d7d7d7d7d7d7d7d7d7d7d
        46  ................  1f1f1f1f1f1f1f1f1f1f1f1f1f1f1f1f
        43  ================  3d3d3d3d3d3d3d3d3d3d3d3d3d3d3d3d
        39  ................  dededededededededededededededede
        38  [[[[[[[[[[[[[[[[  5b5b5b5b5b5b5b5b5b5b5b5b5b5b5b5b
        36  ]]]]]]]]]]]]]]]]  5d5d5d5d5d5d5d5d5d5d5d5d5d5d5d5d
        33  ................  0b0b0b0b0b0b0b0b0b0b0b0b0b0b0b0b
        28  ________________  5f5f5f5f5f5f5f5f5f5f5f5f5f5f5f5f
# epoch 1150  H=7.9936 C=7.9509 HO=-0.0065  A(t)=72
       234  >>>>>>>>>>>>>>>>  3e3e3e3e3e3e3e3e3e3e3e3e3e3e3e3e
        69  }}}}}}}}}}}}}}}}  7d7d7d7d7d7d7d7d7d7d7d7d7d7d7d7d
        58  \\\\\\\\\\\\\\\\  5c5c5c5c5c5c5c5c5c5c5c5c5c5c5c5c
        48  ................  e9e9e9e9e9e9e9e9e9e9e9e9e9e9e9e9
        46  ................  1f1f1f1f1f1f1f1f1f1f1f1f1f1f1f1f
        42  ================  3d3d3d3d3d3d3d3d3d3d3d3d3d3d3d3d
        39  ................  dededededededededededededededede
        28  ________________  5f5f5f5f5f5f5f5f5f5f5f5f5f5f5f5f
        26  ................  95959595959595959595959595959595
        26  ]]]]]]]]]]]]]]]]  5d5d5d5d5d5d5d5d5d5d5d5d5d5d5d5d
# epoch 1200  H=7.9933 C=7.9489 HO=-0.0067  A(t)=75
       228  >>>>>>>>>>>>>>>>  3e3e3e3e3e3e3e3e3e3e3e3e3e3e3e3e
        82  }}}}}}}}}}}}}}}}  7d7d7d7d7d7d7d7d7d7d7d7d7d7d7d7d
        58  ................  95959595959595959595959595959595
        58  \\\\\\\\\\\\\\\\  5c5c5c5c5c5c5c5c5c5c5c5c5c5c5c5c
        48  ................  e9e9e9e9e9e9e9e9e9e9e9e9e9e9e9e9
        46  ................  03030303030303030303030303030303
        39  ................  dededededededededededededededede
        30  ................  1f1f1f1f1f1f1f1f1f1f1f1f1f1f1f1f
        29  ................  e1e1e1e1e1e1e1e1e1e1e1e1e1e1e1e1
        28  ________________  5f5f5f5f5f5f5f5f5f5f5f5f5f5f5f5f
# epoch 1250  H=7.9931 C=7.9494 HO=-0.0069  A(t)=76
       223  >>>>>>>>>>>>>>>>  3e3e3e3e3e3e3e3e3e3e3e3e3e3e3e3e
        54  }}}}}}}}}}}}}}}}  7d7d7d7d7d7d7d7d7d7d7d7d7d7d7d7d
        48  ................  e9e9e9e9e9e9e9e9e9e9e9e9e9e9e9e9
        46  ................  03030303030303030303030303030303
        44  ................  95959595959595959595959595959595
        40  \\\\\\\\\\\\\\\\  5c5c5c5c5c5c5c5c5c5c5c5c5c5c5c5c
        39  ................  dededededededededededededededede
        37  ................  b8b8b8b8b8b8b8b8b8b8b8b8b8b8b8b8
        36  jjjjjjjjjjjjjjjj  6a6a6a6a6a6a6a6a6a6a6a6a6a6a6a6a
        28  ................  e1e1e1e1e1e1e1e1e1e1e1e1e1e1e1e1
# epoch 1300  H=7.9931 C=7.9496 HO=-0.0070  A(t)=77
       220  >>>>>>>>>>>>>>>>  3e3e3e3e3e3e3e3e3e3e3e3e3e3e3e3e
        49  }}}}}}}}}}}}}}}}  7d7d7d7d7d7d7d7d7d7d7d7d7d7d7d7d
        44  ................  95959595959595959595959595959595
        43  ................  03030303030303030303030303030303
        40  \\\\\\\\\\\\\\\\  5c5c5c5c5c5c5c5c5c5c5c5c5c5c5c5c
        39  ................  dededededededededededededededede
        36  jjjjjjjjjjjjjjjj  6a6a6a6a6a6a6a6a6a6a6a6a6a6a6a6a
        32  ................  e9e9e9e9e9e9e9e9e9e9e9e9e9e9e9e9
        25  ]]]]]]]]]]]]]]]]  5d5d5d5d5d5d5d5d5d5d5d5d5d5d5d5d
        23  $$$$$$$$$$$$$$$$  24242424242424242424242424242424
# epoch 1350  H=7.9928 C=7.9507 HO=-0.0072  A(t)=79
       172  >>>>>>>>>>>>>>>>  3e3e3e3e3e3e3e3e3e3e3e3e3e3e3e3e
        57  ................  02020202020202020202020202020202
        53  }}}}}}}}}}}}}}}}  7d7d7d7d7d7d7d7d7d7d7d7d7d7d7d7d
        45  ................  95959595959595959595959595959595
        39  \\\\\\\\\\\\\\\\  5c5c5c5c5c5c5c5c5c5c5c5c5c5c5c5c
        37  ................  dededededededededededededededede
        36  jjjjjjjjjjjjjjjj  6a6a6a6a6a6a6a6a6a6a6a6a6a6a6a6a
        28  ................  03030303030303030303030303030303
        23  $$$$$$$$$$$$$$$$  24242424242424242424242424242424
        21  ................  e9e9e9e9e9e9e9e9e9e9e9e9e9e9e9e9
# epoch 1400  H=7.9926 C=7.9501 HO=-0.0074  A(t)=81
       193  >>>>>>>>>>>>>>>>  3e3e3e3e3e3e3e3e3e3e3e3e3e3e3e3e
        53  }}}}}}}}}}}}}}}}  7d7d7d7d7d7d7d7d7d7d7d7d7d7d7d7d
        41  ................  02020202020202020202020202020202
        39  \\\\\\\\\\\\\\\\  5c5c5c5c5c5c5c5c5c5c5c5c5c5c5c5c
        37  ................  dededededededededededededededede
        37  ................  95959595959595959595959595959595
        34  jjjjjjjjjjjjjjjj  6a6a6a6a6a6a6a6a6a6a6a6a6a6a6a6a
        29  ................  f6f6f6f6f6f6f6f6f6f6f6f6f6f6f6f6
        28  ................  03030303030303030303030303030303
        23  $$$$$$$$$$$$$$$$  24242424242424242424242424242424
# epoch 1450  H=7.9925 C=7.9499 HO=-0.0076  A(t)=87
       195  >>>>>>>>>>>>>>>>  3e3e3e3e3e3e3e3e3e3e3e3e3e3e3e3e
        46  ................  f8f8f8f8f8f8f8f8f8f8f8f8f8f8f8f8
        42  }}}}}}}}}}}}}}}}  7d7d7d7d7d7d7d7d7d7d7d7d7d7d7d7d
        34  jjjjjjjjjjjjjjjj  6a6a6a6a6a6a6a6a6a6a6a6a6a6a6a6a
        33  ................  95959595959595959595959595959595
        33  \\\\\\\\\\\\\\\\  5c5c5c5c5c5c5c5c5c5c5c5c5c5c5c5c
        29  ................  f6f6f6f6f6f6f6f6f6f6f6f6f6f6f6f6
        28  ................  02020202020202020202020202020202
        23  $$$$$$$$$$$$$$$$  24242424242424242424242424242424
        21  ................  dededededededededededededededede
# epoch 1500  H=7.9923 C=7.9487 HO=-0.0078  A(t)=89
       213  >>>>>>>>>>>>>>>>  3e3e3e3e3e3e3e3e3e3e3e3e3e3e3e3e
        49  ................  fafafafafafafafafafafafafafafafa
        47  }}}}}}}}}}}}}}}}  7d7d7d7d7d7d7d7d7d7d7d7d7d7d7d7d
        46  ................  f8f8f8f8f8f8f8f8f8f8f8f8f8f8f8f8
        34  jjjjjjjjjjjjjjjj  6a6a6a6a6a6a6a6a6a6a6a6a6a6a6a6a
        33  \\\\\\\\\\\\\\\\  5c5c5c5c5c5c5c5c5c5c5c5c5c5c5c5c
        31  ................  11111111111111111111111111111111
        29  ................  f6f6f6f6f6f6f6f6f6f6f6f6f6f6f6f6
        27  ................  a3a3a3a3a3a3a3a3a3a3a3a3a3a3a3a3
        26  ................  02020202020202020202020202020202
# epoch 1550  H=7.9922 C=7.9469 HO=-0.0079  A(t)=90
       228  >>>>>>>>>>>>>>>>  3e3e3e3e3e3e3e3e3e3e3e3e3e3e3e3e
        49  ................  8d8d8d8d8d8d8d8d8d8d8d8d8d8d8d8d
        48  ................  fafafafafafafafafafafafafafafafa
        36  ................  f8f8f8f8f8f8f8f8f8f8f8f8f8f8f8f8
        35  ................  acacacacacacacacacacacacacacacac
        35  }}}}}}}}}}}}}}}}  7d7d7d7d7d7d7d7d7d7d7d7d7d7d7d7d
        34  jjjjjjjjjjjjjjjj  6a6a6a6a6a6a6a6a6a6a6a6a6a6a6a6a
        33  \\\\\\\\\\\\\\\\  5c5c5c5c5c5c5c5c5c5c5c5c5c5c5c5c
        31  ................  11111111111111111111111111111111
        29  ................  f6f6f6f6f6f6f6f6f6f6f6f6f6f6f6f6
# epoch 1600  H=7.9920 C=7.9456 HO=-0.0081  A(t)=90
       235  >>>>>>>>>>>>>>>>  3e3e3e3e3e3e3e3e3e3e3e3e3e3e3e3e
        60  ................  fafafafafafafafafafafafafafafafa
        36  ................  f8f8f8f8f8f8f8f8f8f8f8f8f8f8f8f8
        35  ................  acacacacacacacacacacacacacacacac
        34  ................  8d8d8d8d8d8d8d8d8d8d8d8d8d8d8d8d
        33  \\\\\\\\\\\\\\\\  5c5c5c5c5c5c5c5c5c5c5c5c5c5c5c5c
        31  ................  11111111111111111111111111111111
        30  }}}}}}}}}}}}}}}}  7d7d7d7d7d7d7d7d7d7d7d7d7d7d7d7d
        29  ................  f6f6f6f6f6f6f6f6f6f6f6f6f6f6f6f6
        26  ................  a3a3a3a3a3a3a3a3a3a3a3a3a3a3a3a3
# epoch 1650  H=7.9919 C=7.9444 HO=0.0489  A(t)=91
       250  >>>>>>>>>>>>>>>>  3e3e3e3e3e3e3e3e3e3e3e3e3e3e3e3e
        47  ssssssssssssssss  73737373737373737373737373737373
        38  tttttttttttttttt  74747474747474747474747474747474
        35  ................  acacacacacacacacacacacacacacacac
        34  ................  fafafafafafafafafafafafafafafafa
        34  ................  8d8d8d8d8d8d8d8d8d8d8d8d8d8d8d8d
        31  ................  f8f8f8f8f8f8f8f8f8f8f8f8f8f8f8f8
        31  }}}}}}}}}}}}}}}}  7d7d7d7d7d7d7d7d7d7d7d7d7d7d7d7d
        31  ................  11111111111111111111111111111111
        27  ................  f6f6f6f6f6f6f6f6f6f6f6f6f6f6f6f6
# epoch 1700  H=7.9916 C=7.9448 HO=0.0486  A(t)=94
       249  >>>>>>>>>>>>>>>>  3e3e3e3e3e3e3e3e3e3e3e3e3e3e3e3e
        47  uuuuuuuuuuuuuuuu  75757575757575757575757575757575
        38  }}}}}}}}}}}}}}}}  7d7d7d7d7d7d7d7d7d7d7d7d7d7d7d7d
        36  ssssssssssssssss  73737373737373737373737373737373
        35  ................  acacacacacacacacacacacacacacacac
        31  ................  11111111111111111111111111111111
        29  ................  fafafafafafafafafafafafafafafafa
        26  ................  f6f6f6f6f6f6f6f6f6f6f6f6f6f6f6f6
        25  ................  8d8d8d8d8d8d8d8d8d8d8d8d8d8d8d8d
        24  ]]]]]]]]]]]]]]]]  5d5d5d5d5d5d5d5d5d5d5d5d5d5d5d5d
# epoch 1750  H=7.9914 C=7.9464 HO=0.0467  A(t)=97
       187  >>>>>>>>>>>>>>>>  3e3e3e3e3e3e3e3e3e3e3e3e3e3e3e3e
        51  }}}}}}}}}}}}}}}}  7d7d7d7d7d7d7d7d7d7d7d7d7d7d7d7d
        41  uuuuuuuuuuuuuuuu  75757575757575757575757575757575
        36  ssssssssssssssss  73737373737373737373737373737373
        35  ................  acacacacacacacacacacacacacacacac
        29  ................  fafafafafafafafafafafafafafafafa
        27  ................  02020202020202020202020202020202
        26  ................  f6f6f6f6f6f6f6f6f6f6f6f6f6f6f6f6
        25  ................  8d8d8d8d8d8d8d8d8d8d8d8d8d8d8d8d
        23  jjjjjjjjjjjjjjjj  6a6a6a6a6a6a6a6a6a6a6a6a6a6a6a6a
# epoch 1800  H=7.9915 C=7.9460 HO=0.0473  A(t)=98
       181  >>>>>>>>>>>>>>>>  3e3e3e3e3e3e3e3e3e3e3e3e3e3e3e3e
        54  }}}}}}}}}}}}}}}}  7d7d7d7d7d7d7d7d7d7d7d7d7d7d7d7d
        47  vvvvvvvvvvvvvvvv  76767676767676767676767676767676
        36  ssssssssssssssss  73737373737373737373737373737373
        31  ................  03030303030303030303030303030303
        27  ................  02020202020202020202020202020202
        26  ................  acacacacacacacacacacacacacacacac
        25  ................  8d8d8d8d8d8d8d8d8d8d8d8d8d8d8d8d
        24  ................  95959595959595959595959595959595
        21  ................  fafafafafafafafafafafafafafafafa
# epoch 1850  H=7.9914 C=7.9450 HO=0.0467  A(t)=100
       221  >>>>>>>>>>>>>>>>  3e3e3e3e3e3e3e3e3e3e3e3e3e3e3e3e
        50  }}}}}}}}}}}}}}}}  7d7d7d7d7d7d7d7d7d7d7d7d7d7d7d7d
        47  ................  f1f1f1f1f1f1f1f1f1f1f1f1f1f1f1f1
        39  ++++++++++++++++  2b2b2b2b2b2b2b2b2b2b2b2b2b2b2b2b
        31  vvvvvvvvvvvvvvvv  76767676767676767676767676767676
        28  ................  03030303030303030303030303030303
        27  ................  02020202020202020202020202020202
        26  ................  acacacacacacacacacacacacacacacac
        25  ................  8d8d8d8d8d8d8d8d8d8d8d8d8d8d8d8d
        24  ................  95959595959595959595959595959595
# epoch 1900  H=7.9914 C=7.9458 HO=-0.0087  A(t)=101
       197  >>>>>>>>>>>>>>>>  3e3e3e3e3e3e3e3e3e3e3e3e3e3e3e3e
        51  ]]]]]]]]]]]]]]]]  5d5d5d5d5d5d5d5d5d5d5d5d5d5d5d5d
        47  ................  f1f1f1f1f1f1f1f1f1f1f1f1f1f1f1f1
        43  ................  03030303030303030303030303030303
        39  ++++++++++++++++  2b2b2b2b2b2b2b2b2b2b2b2b2b2b2b2b
        31  vvvvvvvvvvvvvvvv  76767676767676767676767676767676
        27  ................  02020202020202020202020202020202
        26  ................  acacacacacacacacacacacacacacacac
        26  }}}}}}}}}}}}}}}}  7d7d7d7d7d7d7d7d7d7d7d7d7d7d7d7d
        25  ................  8d8d8d8d8d8d8d8d8d8d8d8d8d8d8d8d
# epoch 1950  H=7.9913 C=7.9466 HO=-0.0087  A(t)=101
       203  >>>>>>>>>>>>>>>>  3e3e3e3e3e3e3e3e3e3e3e3e3e3e3e3e
        48  ................  86868686868686868686868686868686
        35  ]]]]]]]]]]]]]]]]  5d5d5d5d5d5d5d5d5d5d5d5d5d5d5d5d
        31  ................  f1f1f1f1f1f1f1f1f1f1f1f1f1f1f1f1
        29  vvvvvvvvvvvvvvvv  76767676767676767676767676767676
        27  ................  02020202020202020202020202020202
        26  ................  acacacacacacacacacacacacacacacac
        23  ++++++++++++++++  2b2b2b2b2b2b2b2b2b2b2b2b2b2b2b2b
        21  }}}}}}}}}}}}}}}}  7d7d7d7d7d7d7d7d7d7d7d7d7d7d7d7d
        19  ssssssssssssssss  73737373737373737373737373737373
# epoch 2000  H=7.9914 C=7.9465 HO=0.0448  A(t)=101
       124  >>>>>>>>>>>>>>>>  3e3e3e3e3e3e3e3e3e3e3e3e3e3e3e3e
        98  ................  a6a6a6a6a6a6a6a6a6a6a6a6a6a6a6a6
        84  ]]]]]]]]]]]]]]]]  5d5d5d5d5d5d5d5d5d5d5d5d5d5d5d5d
        48  ................  86868686868686868686868686868686
        29  vvvvvvvvvvvvvvvv  76767676767676767676767676767676
        27  ................  02020202020202020202020202020202
        24  }}}}}}}}}}}}}}}}  7d7d7d7d7d7d7d7d7d7d7d7d7d7d7d7d
        19  ssssssssssssssss  73737373737373737373737373737373
        17  ................  95959595959595959595959595959595
        15  [[[[[[[[[[[[[[[[  5b5b5b5b5b5b5b5b5b5b5b5b5b5b5b5b
# epoch 2050  H=7.9914 C=7.9478 HO=0.0447  A(t)=102
        94  ................  a6a6a6a6a6a6a6a6a6a6a6a6a6a6a6a6
        79  >>>>>>>>>>>>>>>>  3e3e3e3e3e3e3e3e3e3e3e3e3e3e3e3e
        47  ]]]]]]]]]]]]]]]]  5d5d5d5d5d5d5d5d5d5d5d5d5d5d5d5d
        35  ................  ffffffffffffffffffffffffffffffff
        29  ................  b0b0b0b0b0b0b0b0b0b0b0b0b0b0b0b0
        24  }}}}}}}}}}}}}}}}  7d7d7d7d7d7d7d7d7d7d7d7d7d7d7d7d
        21  ................  02020202020202020202020202020202
        19  vvvvvvvvvvvvvvvv  76767676767676767676767676767676
        19  ssssssssssssssss  73737373737373737373737373737373
        17  ................  95959595959595959595959595959595
# epoch 2100  H=7.9914 C=7.9480 HO=-0.0087  A(t)=105
        85  ................  a6a6a6a6a6a6a6a6a6a6a6a6a6a6a6a6
        73  >>>>>>>>>>>>>>>>  3e3e3e3e3e3e3e3e3e3e3e3e3e3e3e3e
        48  ................  e2e2e2e2e2e2e2e2e2e2e2e2e2e2e2e2
        47  ]]]]]]]]]]]]]]]]  5d5d5d5d5d5d5d5d5d5d5d5d5d5d5d5d
        25  }}}}}}}}}}}}}}}}  7d7d7d7d7d7d7d7d7d7d7d7d7d7d7d7d
        25  ????????????????  3f3f3f3f3f3f3f3f3f3f3f3f3f3f3f3f
        23  ................  b0b0b0b0b0b0b0b0b0b0b0b0b0b0b0b0
        23  ////////////////  2f2f2f2f2f2f2f2f2f2f2f2f2f2f2f2f
        19  ssssssssssssssss  73737373737373737373737373737373
        18  <<<<<<<<<<<<<<<<  3c3c3c3c3c3c3c3c3c3c3c3c3c3c3c3c
# epoch 2150  H=7.9912 C=7.9474 HO=-0.0088  A(t)=106
        90  >>>>>>>>>>>>>>>>  3e3e3e3e3e3e3e3e3e3e3e3e3e3e3e3e
        53  ................  a6a6a6a6a6a6a6a6a6a6a6a6a6a6a6a6
        48  ................  e2e2e2e2e2e2e2e2e2e2e2e2e2e2e2e2
        39  ////////////////  2f2f2f2f2f2f2f2f2f2f2f2f2f2f2f2f
        34  ]]]]]]]]]]]]]]]]  5d5d5d5d5d5d5d5d5d5d5d5d5d5d5d5d
        28  ,,,,,,,,,,,,,,,,  2c2c2c2c2c2c2c2c2c2c2c2c2c2c2c2c
        22  ????????????????  3f3f3f3f3f3f3f3f3f3f3f3f3f3f3f3f
        21  }}}}}}}}}}}}}}}}  7d7d7d7d7d7d7d7d7d7d7d7d7d7d7d7d
        21  ****************  2a2a2a2a2a2a2a2a2a2a2a2a2a2a2a2a
        19  ssssssssssssssss  73737373737373737373737373737373
# epoch 2200  H=7.9910 C=7.9447 HO=0.0454  A(t)=109
       135  >>>>>>>>>>>>>>>>  3e3e3e3e3e3e3e3e3e3e3e3e3e3e3e3e
        56  ,,,,,,,,,,,,,,,,  2c2c2c2c2c2c2c2c2c2c2c2c2c2c2c2c
        55  vvvvvvvvvvvvvvvv  76767676767676767676767676767676
        49  tttttttttttttttt  74747474747474747474747474747474
        48  ................  e2e2e2e2e2e2e2e2e2e2e2e2e2e2e2e2
        45  ................  a6a6a6a6a6a6a6a6a6a6a6a6a6a6a6a6
        36  ////////////////  2f2f2f2f2f2f2f2f2f2f2f2f2f2f2f2f
        34  ]]]]]]]]]]]]]]]]  5d5d5d5d5d5d5d5d5d5d5d5d5d5d5d5d
        30  ????????????????  3f3f3f3f3f3f3f3f3f3f3f3f3f3f3f3f
        21  }}}}}}}}}}}}}}}}  7d7d7d7d7d7d7d7d7d7d7d7d7d7d7d7d
# epoch 2250  H=7.9910 C=7.9451 HO=0.0451  A(t)=110
        69  >>>>>>>>>>>>>>>>  3e3e3e3e3e3e3e3e3e3e3e3e3e3e3e3e
        50  vvvvvvvvvvvvvvvv  76767676767676767676767676767676
        48  ................  e2e2e2e2e2e2e2e2e2e2e2e2e2e2e2e2
        42  ................  91919191919191919191919191919191
        38  ................  a6a6a6a6a6a6a6a6a6a6a6a6a6a6a6a6
        36  ////////////////  2f2f2f2f2f2f2f2f2f2f2f2f2f2f2f2f
        34  ]]]]]]]]]]]]]]]]  5d5d5d5d5d5d5d5d5d5d5d5d5d5d5d5d
        34  ,,,,,,,,,,,,,,,,  2c2c2c2c2c2c2c2c2c2c2c2c2c2c2c2c
        33  tttttttttttttttt  74747474747474747474747474747474
        30  VVVVVVVVVVVVVVVV  56565656565656565656565656565656
# epoch 2300  H=7.9910 C=7.9465 HO=0.0448  A(t)=111
       100  >>>>>>>>>>>>>>>>  3e3e3e3e3e3e3e3e3e3e3e3e3e3e3e3e
        69  ................  e2e2e2e2e2e2e2e2e2e2e2e2e2e2e2e2
        50  vvvvvvvvvvvvvvvv  76767676767676767676767676767676
        42  ................  91919191919191919191919191919191
        36  ////////////////  2f2f2f2f2f2f2f2f2f2f2f2f2f2f2f2f
        35  ,,,,,,,,,,,,,,,,  2c2c2c2c2c2c2c2c2c2c2c2c2c2c2c2c
        34  ]]]]]]]]]]]]]]]]  5d5d5d5d5d5d5d5d5d5d5d5d5d5d5d5d
        33  tttttttttttttttt  74747474747474747474747474747474
        32  ................  a6a6a6a6a6a6a6a6a6a6a6a6a6a6a6a6
        19  ................  d2d2d2d2d2d2d2d2d2d2d2d2d2d2d2d2
# epoch 2350  H=7.9909 C=7.9461 HO=0.0454  A(t)=113
        81  >>>>>>>>>>>>>>>>  3e3e3e3e3e3e3e3e3e3e3e3e3e3e3e3e
        50  vvvvvvvvvvvvvvvv  76767676767676767676767676767676
        49  ................  e2e2e2e2e2e2e2e2e2e2e2e2e2e2e2e2
        49  ................  92929292929292929292929292929292
        49  [[[[[[[[[[[[[[[[  5b5b5b5b5b5b5b5b5b5b5b5b5b5b5b5b
        42  ................  91919191919191919191919191919191
        33  tttttttttttttttt  74747474747474747474747474747474
        32  ................  a6a6a6a6a6a6a6a6a6a6a6a6a6a6a6a6
        30  ................  e9e9e9e9e9e9e9e9e9e9e9e9e9e9e9e9
        27  ]]]]]]]]]]]]]]]]  5d5d5d5d5d5d5d5d5d5d5d5d5d5d5d5d
# epoch 2400  H=7.9909 C=7.9456 HO=0.0455  A(t)=116
       108  >>>>>>>>>>>>>>>>  3e3e3e3e3e3e3e3e3e3e3e3e3e3e3e3e
        51  VVVVVVVVVVVVVVVV  56565656565656565656565656565656
        49  ................  e2e2e2e2e2e2e2e2e2e2e2e2e2e2e2e2
        48  [[[[[[[[[[[[[[[[  5b5b5b5b5b5b5b5b5b5b5b5b5b5b5b5b
        43  ................  92929292929292929292929292929292
        40  vvvvvvvvvvvvvvvv  76767676767676767676767676767676
        34  ................  91919191919191919191919191919191
        33  tttttttttttttttt  74747474747474747474747474747474
        33  ................  14141414141414141414141414141414
        32  ................  a6a6a6a6a6a6a6a6a6a6a6a6a6a6a6a6
# epoch 2450  H=7.9908 C=7.9448 HO=0.0454  A(t)=116
       137  >>>>>>>>>>>>>>>>  3e3e3e3e3e3e3e3e3e3e3e3e3e3e3e3e
        50  ................  ffffffffffffffffffffffffffffffff
        49  ................  e2e2e2e2e2e2e2e2e2e2e2e2e2e2e2e2
        48  [[[[[[[[[[[[[[[[  5b5b5b5b5b5b5b5b5b5b5b5b5b5b5b5b
        43  ................  92929292929292929292929292929292
        40  vvvvvvvvvvvvvvvv  76767676767676767676767676767676
        36  llllllllllllllll  6c6c6c6c6c6c6c6c6c6c6c6c6c6c6c6c
        33  tttttttttttttttt  74747474747474747474747474747474
        33  ................  14141414141414141414141414141414
        30  ................  e9e9e9e9e9e9e9e9e9e9e9e9e9e9e9e9
# epoch 2500  H=7.9908 C=7.9465 HO=0.0455  A(t)=116
       149  >>>>>>>>>>>>>>>>  3e3e3e3e3e3e3e3e3e3e3e3e3e3e3e3e
        50  ................  ffffffffffffffffffffffffffffffff
        44  ................  e2e2e2e2e2e2e2e2e2e2e2e2e2e2e2e2
        43  ................  92929292929292929292929292929292
        40  vvvvvvvvvvvvvvvv  76767676767676767676767676767676
        33  tttttttttttttttt  74747474747474747474747474747474
        33  ................  14141414141414141414141414141414
        26  llllllllllllllll  6c6c6c6c6c6c6c6c6c6c6c6c6c6c6c6c
        26  [[[[[[[[[[[[[[[[  5b5b5b5b5b5b5b5b5b5b5b5b5b5b5b5b
        24  ................  fbfbfbfbfbfbfbfbfbfbfbfbfbfbfbfb
# epoch 2550  H=7.9907 C=7.9481 HO=0.0450  A(t)=116
       173  >>>>>>>>>>>>>>>>  3e3e3e3e3e3e3e3e3e3e3e3e3e3e3e3e
        43  ................  92929292929292929292929292929292
        40  vvvvvvvvvvvvvvvv  76767676767676767676767676767676
        33  tttttttttttttttt  74747474747474747474747474747474
        28  ................  ffffffffffffffffffffffffffffffff
        24  ................  9b9b9b9b9b9b9b9b9b9b9b9b9b9b9b9b
        22  ................  e2e2e2e2e2e2e2e2e2e2e2e2e2e2e2e2
        21  ................  fbfbfbfbfbfbfbfbfbfbfbfbfbfbfbfb
        21  [[[[[[[[[[[[[[[[  5b5b5b5b5b5b5b5b5b5b5b5b5b5b5b5b
        18  VVVVVVVVVVVVVVVV  56565656565656565656565656565656
# epoch 2600  H=7.9907 C=7.9476 HO=0.0478  A(t)=117
       165  >>>>>>>>>>>>>>>>  3e3e3e3e3e3e3e3e3e3e3e3e3e3e3e3e
        55  ................  05050505050505050505050505050505
        44  ,,,,,,,,,,,,,,,,  2c2c2c2c2c2c2c2c2c2c2c2c2c2c2c2c
        40  vvvvvvvvvvvvvvvv  76767676767676767676767676767676
        36  ................  92929292929292929292929292929292
        31  ................  e0e0e0e0e0e0e0e0e0e0e0e0e0e0e0e0
        22  ................  e2e2e2e2e2e2e2e2e2e2e2e2e2e2e2e2
        21  ................  fbfbfbfbfbfbfbfbfbfbfbfbfbfbfbfb
        21  [[[[[[[[[[[[[[[[  5b5b5b5b5b5b5b5b5b5b5b5b5b5b5b5b
        18  ................  ffffffffffffffffffffffffffffffff
# epoch 2650  H=7.9907 C=7.9476 HO=0.0453  A(t)=118
       197  >>>>>>>>>>>>>>>>  3e3e3e3e3e3e3e3e3e3e3e3e3e3e3e3e
        47  ................  b0b0b0b0b0b0b0b0b0b0b0b0b0b0b0b0
        47  ................  05050505050505050505050505050505
        40  vvvvvvvvvvvvvvvv  76767676767676767676767676767676
        36  ................  92929292929292929292929292929292
        32  ,,,,,,,,,,,,,,,,  2c2c2c2c2c2c2c2c2c2c2c2c2c2c2c2c
        31  ................  e0e0e0e0e0e0e0e0e0e0e0e0e0e0e0e0
        22  ................  e2e2e2e2e2e2e2e2e2e2e2e2e2e2e2e2
        21  ................  fbfbfbfbfbfbfbfbfbfbfbfbfbfbfbfb
        18  ................  ffffffffffffffffffffffffffffffff
# epoch 2700  H=7.9904 C=7.9443 HO=0.0471  A(t)=123
       166  >>>>>>>>>>>>>>>>  3e3e3e3e3e3e3e3e3e3e3e3e3e3e3e3e
       107  ................  e0e0e0e0e0e0e0e0e0e0e0e0e0e0e0e0
        52  <<<<<<<<<<<<<<<<  3c3c3c3c3c3c3c3c3c3c3c3c3c3c3c3c
        40  vvvvvvvvvvvvvvvv  76767676767676767676767676767676
        33  ................  b0b0b0b0b0b0b0b0b0b0b0b0b0b0b0b0
        31  ----------------  2d2d2d2d2d2d2d2d2d2d2d2d2d2d2d2d
        31  ................  05050505050505050505050505050505
        26  ................  01010101010101010101010101010101
        25  wwwwwwwwwwwwwwww  77777777777777777777777777777777
        24  ,,,,,,,,,,,,,,,,  2c2c2c2c2c2c2c2c2c2c2c2c2c2c2c2c
# epoch 2750  H=7.9902 C=7.9417 HO=0.0476  A(t)=123
       181  >>>>>>>>>>>>>>>>  3e3e3e3e3e3e3e3e3e3e3e3e3e3e3e3e
       103  ................  e0e0e0e0e0e0e0e0e0e0e0e0e0e0e0e0
        80  ................  a4a4a4a4a4a4a4a4a4a4a4a4a4a4a4a4
        65  ................  ffffffffffffffffffffffffffffffff
        36  <<<<<<<<<<<<<<<<  3c3c3c3c3c3c3c3c3c3c3c3c3c3c3c3c
        35  ]]]]]]]]]]]]]]]]  5d5d5d5d5d5d5d5d5d5d5d5d5d5d5d5d
        34  vvvvvvvvvvvvvvvv  76767676767676767676767676767676
        33  ................  b0b0b0b0b0b0b0b0b0b0b0b0b0b0b0b0
        31  ................  05050505050505050505050505050505
        25  }}}}}}}}}}}}}}}}  7d7d7d7d7d7d7d7d7d7d7d7d7d7d7d7d
# epoch 2800  H=7.9899 C=7.9407 HO=0.0484  A(t)=123
       205  >>>>>>>>>>>>>>>>  3e3e3e3e3e3e3e3e3e3e3e3e3e3e3e3e
        93  ................  e0e0e0e0e0e0e0e0e0e0e0e0e0e0e0e0
        67  ................  a4a4a4a4a4a4a4a4a4a4a4a4a4a4a4a4
        49  ................  ffffffffffffffffffffffffffffffff
        36  <<<<<<<<<<<<<<<<  3c3c3c3c3c3c3c3c3c3c3c3c3c3c3c3c
        32  ................  d1d1d1d1d1d1d1d1d1d1d1d1d1d1d1d1
        31  ................  05050505050505050505050505050505
        26  }}}}}}}}}}}}}}}}  7d7d7d7d7d7d7d7d7d7d7d7d7d7d7d7d
        25  ................  b0b0b0b0b0b0b0b0b0b0b0b0b0b0b0b0
        23  ]]]]]]]]]]]]]]]]  5d5d5d5d5d5d5d5d5d5d5d5d5d5d5d5d
# epoch 2850  H=7.9896 C=7.9379 HO=0.0495  A(t)=124
       252  >>>>>>>>>>>>>>>>  3e3e3e3e3e3e3e3e3e3e3e3e3e3e3e3e
        93  ................  e0e0e0e0e0e0e0e0e0e0e0e0e0e0e0e0
        67  ................  a4a4a4a4a4a4a4a4a4a4a4a4a4a4a4a4
        49  ................  ffffffffffffffffffffffffffffffff
        49  ................  f8f8f8f8f8f8f8f8f8f8f8f8f8f8f8f8
        48  ................  b9b9b9b9b9b9b9b9b9b9b9b9b9b9b9b9
        45  zzzzzzzzzzzzzzzz  7a7a7a7a7a7a7a7a7a7a7a7a7a7a7a7a
        32  ................  d1d1d1d1d1d1d1d1d1d1d1d1d1d1d1d1
        30  ^^^^^^^^^^^^^^^^  5e5e5e5e5e5e5e5e5e5e5e5e5e5e5e5e
        30  ................  05050505050505050505050505050505
# epoch 2900  H=7.9894 C=7.9395 HO=0.0481  A(t)=125
       275  >>>>>>>>>>>>>>>>  3e3e3e3e3e3e3e3e3e3e3e3e3e3e3e3e
        80  ................  b9b9b9b9b9b9b9b9b9b9b9b9b9b9b9b9
        71  ................  e0e0e0e0e0e0e0e0e0e0e0e0e0e0e0e0
        40  ................  a4a4a4a4a4a4a4a4a4a4a4a4a4a4a4a4
        33  ................  f8f8f8f8f8f8f8f8f8f8f8f8f8f8f8f8
        30  ^^^^^^^^^^^^^^^^  5e5e5e5e5e5e5e5e5e5e5e5e5e5e5e5e
        29  zzzzzzzzzzzzzzzz  7a7a7a7a7a7a7a7a7a7a7a7a7a7a7a7a
        25  ................  b0b0b0b0b0b0b0b0b0b0b0b0b0b0b0b0
        24  ................  ffffffffffffffffffffffffffffffff
        24  }}}}}}}}}}}}}}}}  7d7d7d7d7d7d7d7d7d7d7d7d7d7d7d7d
# epoch 2950  H=7.9892 C=7.9410 HO=0.0465  A(t)=126
       216  >>>>>>>>>>>>>>>>  3e3e3e3e3e3e3e3e3e3e3e3e3e3e3e3e
        71  ................  e0e0e0e0e0e0e0e0e0e0e0e0e0e0e0e0
        53  ................  b9b9b9b9b9b9b9b9b9b9b9b9b9b9b9b9
        37  ,,,,,,,,,,,,,,,,  2c2c2c2c2c2c2c2c2c2c2c2c2c2c2c2c
        33  ................  f8f8f8f8f8f8f8f8f8f8f8f8f8f8f8f8
        31  ................  a4a4a4a4a4a4a4a4a4a4a4a4a4a4a4a4
        29  zzzzzzzzzzzzzzzz  7a7a7a7a7a7a7a7a7a7a7a7a7a7a7a7a
        25  ................  b0b0b0b0b0b0b0b0b0b0b0b0b0b0b0b0
        23  ................  ffffffffffffffffffffffffffffffff
        21  ]]]]]]]]]]]]]]]]  5d5d5d5d5d5d5d5d5d5d5d5d5d5d5d5d
# epoch 3000  H=7.9890 C=7.9411 HO=0.0465  A(t)=128
       182  >>>>>>>>>>>>>>>>  3e3e3e3e3e3e3e3e3e3e3e3e3e3e3e3e
       106  ]]]]]]]]]]]]]]]]  5d5d5d5d5d5d5d5d5d5d5d5d5d5d5d5d
        48  WWWWWWWWWWWWWWWW  57575757575757575757575757575757
        37  ,,,,,,,,,,,,,,,,  2c2c2c2c2c2c2c2c2c2c2c2c2c2c2c2c
        36  ................  e0e0e0e0e0e0e0e0e0e0e0e0e0e0e0e0
        31  ................  b9b9b9b9b9b9b9b9b9b9b9b9b9b9b9b9
        29  zzzzzzzzzzzzzzzz  7a7a7a7a7a7a7a7a7a7a7a7a7a7a7a7a
        25  ................  b0b0b0b0b0b0b0b0b0b0b0b0b0b0b0b0
        18  ................  ffffffffffffffffffffffffffffffff
        18  vvvvvvvvvvvvvvvv  76767676767676767676767676767676
# epoch 3050  H=7.9889 C=7.9409 HO=0.0473  A(t)=128
       171  >>>>>>>>>>>>>>>>  3e3e3e3e3e3e3e3e3e3e3e3e3e3e3e3e
        49  PPPPPPPPPPPPPPPP  50505050505050505050505050505050
        47  ]]]]]]]]]]]]]]]]  5d5d5d5d5d5d5d5d5d5d5d5d5d5d5d5d
        37  ,,,,,,,,,,,,,,,,  2c2c2c2c2c2c2c2c2c2c2c2c2c2c2c2c
        36  ................  e0e0e0e0e0e0e0e0e0e0e0e0e0e0e0e0
        29  ................  b9b9b9b9b9b9b9b9b9b9b9b9b9b9b9b9
        29  zzzzzzzzzzzzzzzz  7a7a7a7a7a7a7a7a7a7a7a7a7a7a7a7a
        27  ~~~~~~~~~~~~~~~~  7e7e7e7e7e7e7e7e7e7e7e7e7e7e7e7e
        25  ................  b0b0b0b0b0b0b0b0b0b0b0b0b0b0b0b0
        20  WWWWWWWWWWWWWWWW  57575757575757575757575757575757
# epoch 3100  H=7.9889 C=7.9431 HO=0.0472  A(t)=130
       227  >>>>>>>>>>>>>>>>  3e3e3e3e3e3e3e3e3e3e3e3e3e3e3e3e
        49  PPPPPPPPPPPPPPPP  50505050505050505050505050505050
        37  ,,,,,,,,,,,,,,,,  2c2c2c2c2c2c2c2c2c2c2c2c2c2c2c2c
        36  ................  e0e0e0e0e0e0e0e0e0e0e0e0e0e0e0e0
        29  ................  b9b9b9b9b9b9b9b9b9b9b9b9b9b9b9b9
        28  ]]]]]]]]]]]]]]]]  5d5d5d5d5d5d5d5d5d5d5d5d5d5d5d5d
        27  ~~~~~~~~~~~~~~~~  7e7e7e7e7e7e7e7e7e7e7e7e7e7e7e7e
        25  ................  b0b0b0b0b0b0b0b0b0b0b0b0b0b0b0b0
        21  zzzzzzzzzzzzzzzz  7a7a7a7a7a7a7a7a7a7a7a7a7a7a7a7a
        20  WWWWWWWWWWWWWWWW  57575757575757575757575757575757
# epoch 3150  H=7.9886 C=7.9440 HO=0.0458  A(t)=130
       261  >>>>>>>>>>>>>>>>  3e3e3e3e3e3e3e3e3e3e3e3e3e3e3e3e
        37  ,,,,,,,,,,,,,,,,  2c2c2c2c2c2c2c2c2c2c2c2c2c2c2c2c
        36  ................  e0e0e0e0e0e0e0e0e0e0e0e0e0e0e0e0
        35  PPPPPPPPPPPPPPPP  50505050505050505050505050505050
        29  ................  b9b9b9b9b9b9b9b9b9b9b9b9b9b9b9b9
        27  ~~~~~~~~~~~~~~~~  7e7e7e7e7e7e7e7e7e7e7e7e7e7e7e7e
        25  ................  b0b0b0b0b0b0b0b0b0b0b0b0b0b0b0b0
        25  }}}}}}}}}}}}}}}}  7d7d7d7d7d7d7d7d7d7d7d7d7d7d7d7d
        24  ]]]]]]]]]]]]]]]]  5d5d5d5d5d5d5d5d5d5d5d5d5d5d5d5d
        20  WWWWWWWWWWWWWWWW  57575757575757575757575757575757
# epoch 3200  H=7.9884 C=7.9451 HO=0.0429  A(t)=130
       283  >>>>>>>>>>>>>>>>  3e3e3e3e3e3e3e3e3e3e3e3e3e3e3e3e
        35  PPPPPPPPPPPPPPPP  50505050505050505050505050505050
        29  ................  b9b9b9b9b9b9b9b9b9b9b9b9b9b9b9b9
        26  }}}}}}}}}}}}}}}}  7d7d7d7d7d7d7d7d7d7d7d7d7d7d7d7d
        25  ................  b0b0b0b0b0b0b0b0b0b0b0b0b0b0b0b0
        25  ,,,,,,,,,,,,,,,,  2c2c2c2c2c2c2c2c2c2c2c2c2c2c2c2c
        24  ]]]]]]]]]]]]]]]]  5d5d5d5d5d5d5d5d5d5d5d5d5d5d5d5d
        20  ................  e0e0e0e0e0e0e0e0e0e0e0e0e0e0e0e0
        15  ~~~~~~~~~~~~~~~~  7e7e7e7e7e7e7e7e7e7e7e7e7e7e7e7e
        15  WWWWWWWWWWWWWWWW  57575757575757575757575757575757
# epoch 3250  H=7.9882 C=7.9451 HO=0.0440  A(t)=131
       301  >>>>>>>>>>>>>>>>  3e3e3e3e3e3e3e3e3e3e3e3e3e3e3e3e
        35  PPPPPPPPPPPPPPPP  50505050505050505050505050505050
        33  }}}}}}}}}}}}}}}}  7d7d7d7d7d7d7d7d7d7d7d7d7d7d7d7d
        27  ]]]]]]]]]]]]]]]]  5d5d5d5d5d5d5d5d5d5d5d5d5d5d5d5d
        25  ,,,,,,,,,,,,,,,,  2c2c2c2c2c2c2c2c2c2c2c2c2c2c2c2c
        21  ................  b0b0b0b0b0b0b0b0b0b0b0b0b0b0b0b0
        20  ................  b9b9b9b9b9b9b9b9b9b9b9b9b9b9b9b9
        16  ................  e0e0e0e0e0e0e0e0e0e0e0e0e0e0e0e0
        15  ????????????????  3f3f3f3f3f3f3f3f3f3f3f3f3f3f3f3f
        13  ................  d1d1d1d1d1d1d1d1d1d1d1d1d1d1d1d1
# epoch 3300  H=7.9881 C=7.9453 HO=0.0432  A(t)=132
       250  >>>>>>>>>>>>>>>>  3e3e3e3e3e3e3e3e3e3e3e3e3e3e3e3e
        42  }}}}}}}}}}}}}}}}  7d7d7d7d7d7d7d7d7d7d7d7d7d7d7d7d
        36  ................  f0f0f0f0f0f0f0f0f0f0f0f0f0f0f0f0
        35  PPPPPPPPPPPPPPPP  50505050505050505050505050505050
        23  ,,,,,,,,,,,,,,,,  2c2c2c2c2c2c2c2c2c2c2c2c2c2c2c2c
        21  ................  b0b0b0b0b0b0b0b0b0b0b0b0b0b0b0b0
        20  ................  f5f5f5f5f5f5f5f5f5f5f5f5f5f5f5f5
        18  ]]]]]]]]]]]]]]]]  5d5d5d5d5d5d5d5d5d5d5d5d5d5d5d5d
        16  ................  e0e0e0e0e0e0e0e0e0e0e0e0e0e0e0e0
        13  ................  d1d1d1d1d1d1d1d1d1d1d1d1d1d1d1d1
# epoch 3350  H=7.9878 C=7.9452 HO=0.0413  A(t)=132
       227  >>>>>>>>>>>>>>>>  3e3e3e3e3e3e3e3e3e3e3e3e3e3e3e3e
        53  ]]]]]]]]]]]]]]]]  5d5d5d5d5d5d5d5d5d5d5d5d5d5d5d5d
        41  }}}}}}}}}}}}}}}}  7d7d7d7d7d7d7d7d7d7d7d7d7d7d7d7d
        39  ................  93939393939393939393939393939393
        36  ................  f0f0f0f0f0f0f0f0f0f0f0f0f0f0f0f0
        20  ................  f5f5f5f5f5f5f5f5f5f5f5f5f5f5f5f5
        18  ,,,,,,,,,,,,,,,,  2c2c2c2c2c2c2c2c2c2c2c2c2c2c2c2c
        15  PPPPPPPPPPPPPPPP  50505050505050505050505050505050
        13  ................  d1d1d1d1d1d1d1d1d1d1d1d1d1d1d1d1
        11  pppppppppppppppp  70707070707070707070707070707070
# epoch 3400  H=7.9878 C=7.9447 HO=0.0432  A(t)=132
       227  >>>>>>>>>>>>>>>>  3e3e3e3e3e3e3e3e3e3e3e3e3e3e3e3e
        50  ]]]]]]]]]]]]]]]]  5d5d5d5d5d5d5d5d5d5d5d5d5d5d5d5d
        45  ................  11111111111111111111111111111111
        41  }}}}}}}}}}}}}}}}  7d7d7d7d7d7d7d7d7d7d7d7d7d7d7d7d
        39  ................  93939393939393939393939393939393
        27  ................  b9b9b9b9b9b9b9b9b9b9b9b9b9b9b9b9
        22  ................  9d9d9d9d9d9d9d9d9d9d9d9d9d9d9d9d
        20  ................  f5f5f5f5f5f5f5f5f5f5f5f5f5f5f5f5
        15  ,,,,,,,,,,,,,,,,  2c2c2c2c2c2c2c2c2c2c2c2c2c2c2c2c
        13  ................  d1d1d1d1d1d1d1d1d1d1d1d1d1d1d1d1
# epoch 3450  H=7.9879 C=7.9460 HO=0.0419  A(t)=132
       235  >>>>>>>>>>>>>>>>  3e3e3e3e3e3e3e3e3e3e3e3e3e3e3e3e
        49  ................  b8b8b8b8b8b8b8b8b8b8b8b8b8b8b8b8
        40  ]]]]]]]]]]]]]]]]  5d5d5d5d5d5d5d5d5d5d5d5d5d5d5d5d
        39  ................  93939393939393939393939393939393
        39  }}}}}}}}}}}}}}}}  7d7d7d7d7d7d7d7d7d7d7d7d7d7d7d7d
        30  ................  11111111111111111111111111111111
        27  ................  b9b9b9b9b9b9b9b9b9b9b9b9b9b9b9b9
        22  ................  9d9d9d9d9d9d9d9d9d9d9d9d9d9d9d9d
        19  ????????????????  3f3f3f3f3f3f3f3f3f3f3f3f3f3f3f3f
        15  ,,,,,,,,,,,,,,,,  2c2c2c2c2c2c2c2c2c2c2c2c2c2c2c2c
# epoch 3500  H=7.9880 C=7.9464 HO=0.0406  A(t)=132
       188  >>>>>>>>>>>>>>>>  3e3e3e3e3e3e3e3e3e3e3e3e3e3e3e3e
        49  ................  b8b8b8b8b8b8b8b8b8b8b8b8b8b8b8b8
        39  ................  93939393939393939393939393939393
        39  }}}}}}}}}}}}}}}}  7d7d7d7d7d7d7d7d7d7d7d7d7d7d7d7d
        38  ]]]]]]]]]]]]]]]]  5d5d5d5d5d5d5d5d5d5d5d5d5d5d5d5d
        31  ................  cdcdcdcdcdcdcdcdcdcdcdcdcdcdcdcd
        30  ................  11111111111111111111111111111111
        27  ................  b9b9b9b9b9b9b9b9b9b9b9b9b9b9b9b9
        22  ................  9d9d9d9d9d9d9d9d9d9d9d9d9d9d9d9d
        21  ................  83838383838383838383838383838383
# epoch 3550  H=7.9879 C=7.9471 HO=-0.0122  A(t)=134
       200  >>>>>>>>>>>>>>>>  3e3e3e3e3e3e3e3e3e3e3e3e3e3e3e3e
        57  ................  f5f5f5f5f5f5f5f5f5f5f5f5f5f5f5f5
        51  }}}}}}}}}}}}}}}}  7d7d7d7d7d7d7d7d7d7d7d7d7d7d7d7d
        39  ................  93939393939393939393939393939393
        37  ]]]]]]]]]]]]]]]]  5d5d5d5d5d5d5d5d5d5d5d5d5d5d5d5d
        31  ................  cdcdcdcdcdcdcdcdcdcdcdcdcdcdcdcd
        27  ................  b9b9b9b9b9b9b9b9b9b9b9b9b9b9b9b9
        27  ................  b8b8b8b8b8b8b8b8b8b8b8b8b8b8b8b8
        25  ................  11111111111111111111111111111111
        22  ................  83838383838383838383838383838383
# epoch 3600  H=7.9877 C=7.9470 HO=-0.0124  A(t)=136
       198  >>>>>>>>>>>>>>>>  3e3e3e3e3e3e3e3e3e3e3e3e3e3e3e3e
        54  }}}}}}}}}}}}}}}}  7d7d7d7d7d7d7d7d7d7d7d7d7d7d7d7d
        39  ................  f5f5f5f5f5f5f5f5f5f5f5f5f5f5f5f5
        39  ................  93939393939393939393939393939393
        37  ]]]]]]]]]]]]]]]]  5d5d5d5d5d5d5d5d5d5d5d5d5d5d5d5d
        31  ................  cdcdcdcdcdcdcdcdcdcdcdcdcdcdcdcd
        27  ................  b9b9b9b9b9b9b9b9b9b9b9b9b9b9b9b9
        27  ................  b8b8b8b8b8b8b8b8b8b8b8b8b8b8b8b8
        20  ................  9d9d9d9d9d9d9d9d9d9d9d9d9d9d9d9d
        13  ================  3d3d3d3d3d3d3d3d3d3d3d3d3d3d3d3d
# epoch 3650  H=7.9876 C=7.9455 HO=-0.0125  A(t)=137
       186  >>>>>>>>>>>>>>>>  3e3e3e3e3e3e3e3e3e3e3e3e3e3e3e3e
        52  }}}}}}}}}}}}}}}}  7d7d7d7d7d7d7d7d7d7d7d7d7d7d7d7d
        39  ................  93939393939393939393939393939393
        39  llllllllllllllll  6c6c6c6c6c6c6c6c6c6c6c6c6c6c6c6c
        34  ]]]]]]]]]]]]]]]]  5d5d5d5d5d5d5d5d5d5d5d5d5d5d5d5d
        27  ................  f5f5f5f5f5f5f5f5f5f5f5f5f5f5f5f5
        27  ................  b9b9b9b9b9b9b9b9b9b9b9b9b9b9b9b9
        22  ................  b8b8b8b8b8b8b8b8b8b8b8b8b8b8b8b8
        20  ................  9d9d9d9d9d9d9d9d9d9d9d9d9d9d9d9d
        20  ................  11111111111111111111111111111111
# epoch 3700  H=7.9873 C=7.9433 HO=0.0395  A(t)=137
       187  >>>>>>>>>>>>>>>>  3e3e3e3e3e3e3e3e3e3e3e3e3e3e3e3e
        61  <<<<<<<<<<<<<<<<  3c3c3c3c3c3c3c3c3c3c3c3c3c3c3c3c
        50  ]]]]]]]]]]]]]]]]  5d5d5d5d5d5d5d5d5d5d5d5d5d5d5d5d
        40  }}}}}}}}}}}}}}}}  7d7d7d7d7d7d7d7d7d7d7d7d7d7d7d7d
        39  llllllllllllllll  6c6c6c6c6c6c6c6c6c6c6c6c6c6c6c6c
        27  ................  f5f5f5f5f5f5f5f5f5f5f5f5f5f5f5f5
        27  ................  b9b9b9b9b9b9b9b9b9b9b9b9b9b9b9b9
        23  ................  dddddddddddddddddddddddddddddddd
        20  ................  b8b8b8b8b8b8b8b8b8b8b8b8b8b8b8b8
        20  ................  11111111111111111111111111111111
# epoch 3750  H=7.9869 C=7.9420 HO=0.0433  A(t)=137
       215  >>>>>>>>>>>>>>>>  3e3e3e3e3e3e3e3e3e3e3e3e3e3e3e3e
       112  <<<<<<<<<<<<<<<<  3c3c3c3c3c3c3c3c3c3c3c3c3c3c3c3c
        62  ================  3d3d3d3d3d3d3d3d3d3d3d3d3d3d3d3d
        53  }}}}}}}}}}}}}}}}  7d7d7d7d7d7d7d7d7d7d7d7d7d7d7d7d
        46  ]]]]]]]]]]]]]]]]  5d5d5d5d5d5d5d5d5d5d5d5d5d5d5d5d
        39  llllllllllllllll  6c6c6c6c6c6c6c6c6c6c6c6c6c6c6c6c
        27  ................  f5f5f5f5f5f5f5f5f5f5f5f5f5f5f5f5
        27  ................  b9b9b9b9b9b9b9b9b9b9b9b9b9b9b9b9
        23  ................  dddddddddddddddddddddddddddddddd
        19  eeeeeeeeeeeeeeee  65656565656565656565656565656565
# epoch 3800  H=7.9870 C=7.9431 HO=0.0417  A(t)=137
       224  >>>>>>>>>>>>>>>>  3e3e3e3e3e3e3e3e3e3e3e3e3e3e3e3e
        58  }}}}}}}}}}}}}}}}  7d7d7d7d7d7d7d7d7d7d7d7d7d7d7d7d
        54  ================  3d3d3d3d3d3d3d3d3d3d3d3d3d3d3d3d
        49  ]]]]]]]]]]]]]]]]  5d5d5d5d5d5d5d5d5d5d5d5d5d5d5d5d
        39  llllllllllllllll  6c6c6c6c6c6c6c6c6c6c6c6c6c6c6c6c
        33  ................  d2d2d2d2d2d2d2d2d2d2d2d2d2d2d2d2
        27  ................  b9b9b9b9b9b9b9b9b9b9b9b9b9b9b9b9
        27  <<<<<<<<<<<<<<<<  3c3c3c3c3c3c3c3c3c3c3c3c3c3c3c3c
        23  ................  dddddddddddddddddddddddddddddddd
        16  ,,,,,,,,,,,,,,,,  2c2c2c2c2c2c2c2c2c2c2c2c2c2c2c2c
# epoch 3850  H=7.9868 C=7.9406 HO=0.0438  A(t)=137
       203  >>>>>>>>>>>>>>>>  3e3e3e3e3e3e3e3e3e3e3e3e3e3e3e3e
        57  }}}}}}}}}}}}}}}}  7d7d7d7d7d7d7d7d7d7d7d7d7d7d7d7d
        57  ================  3d3d3d3d3d3d3d3d3d3d3d3d3d3d3d3d
        49  ]]]]]]]]]]]]]]]]  5d5d5d5d5d5d5d5d5d5d5d5d5d5d5d5d
        48  ................  e2e2e2e2e2e2e2e2e2e2e2e2e2e2e2e2
        47  ^^^^^^^^^^^^^^^^  5e5e5e5e5e5e5e5e5e5e5e5e5e5e5e5e
        39  llllllllllllllll  6c6c6c6c6c6c6c6c6c6c6c6c6c6c6c6c
        33  ................  d2d2d2d2d2d2d2d2d2d2d2d2d2d2d2d2
        27  ................  b9b9b9b9b9b9b9b9b9b9b9b9b9b9b9b9
        26  <<<<<<<<<<<<<<<<  3c3c3c3c3c3c3c3c3c3c3c3c3c3c3c3c
# epoch 3900  H=7.9868 C=7.9420 HO=0.0422  A(t)=138
       208  >>>>>>>>>>>>>>>>  3e3e3e3e3e3e3e3e3e3e3e3e3e3e3e3e
        48  ................  e2e2e2e2e2e2e2e2e2e2e2e2e2e2e2e2
        47  ^^^^^^^^^^^^^^^^  5e5e5e5e5e5e5e5e5e5e5e5e5e5e5e5e
        45  }}}}}}}}}}}}}}}}  7d7d7d7d7d7d7d7d7d7d7d7d7d7d7d7d
        41  ================  3d3d3d3d3d3d3d3d3d3d3d3d3d3d3d3d
        34  llllllllllllllll  6c6c6c6c6c6c6c6c6c6c6c6c6c6c6c6c
        34  ????????????????  3f3f3f3f3f3f3f3f3f3f3f3f3f3f3f3f
        26  ................  b9b9b9b9b9b9b9b9b9b9b9b9b9b9b9b9
        26  ]]]]]]]]]]]]]]]]  5d5d5d5d5d5d5d5d5d5d5d5d5d5d5d5d
        26  <<<<<<<<<<<<<<<<  3c3c3c3c3c3c3c3c3c3c3c3c3c3c3c3c
# epoch 3950  H=7.9866 C=7.9413 HO=0.0449  A(t)=140
       217  >>>>>>>>>>>>>>>>  3e3e3e3e3e3e3e3e3e3e3e3e3e3e3e3e
        83  ????????????????  3f3f3f3f3f3f3f3f3f3f3f3f3f3f3f3f
        45  }}}}}}}}}}}}}}}}  7d7d7d7d7d7d7d7d7d7d7d7d7d7d7d7d
        41  ================  3d3d3d3d3d3d3d3d3d3d3d3d3d3d3d3d
        39  <<<<<<<<<<<<<<<<  3c3c3c3c3c3c3c3c3c3c3c3c3c3c3c3c
        26  ................  e2e2e2e2e2e2e2e2e2e2e2e2e2e2e2e2
        26  ................  b9b9b9b9b9b9b9b9b9b9b9b9b9b9b9b9
        26  ]]]]]]]]]]]]]]]]  5d5d5d5d5d5d5d5d5d5d5d5d5d5d5d5d
        18  llllllllllllllll  6c6c6c6c6c6c6c6c6c6c6c6c6c6c6c6c
        18  ++++++++++++++++  2b2b2b2b2b2b2b2b2b2b2b2b2b2b2b2b
# epoch 4000  H=7.9866 C=7.9393 HO=0.0478  A(t)=141
       171  >>>>>>>>>>>>>>>>  3e3e3e3e3e3e3e3e3e3e3e3e3e3e3e3e
        62  ................  93939393939393939393939393939393
        60  ,,,,,,,,,,,,,,,,  2c2c2c2c2c2c2c2c2c2c2c2c2c2c2c2c
        59  ????????????????  3f3f3f3f3f3f3f3f3f3f3f3f3f3f3f3f
        49  """"""""""""""""  22222222222222222222222222222222
        48  PPPPPPPPPPPPPPPP  50505050505050505050505050505050
        44  }}}}}}}}}}}}}}}}  7d7d7d7d7d7d7d7d7d7d7d7d7d7d7d7d
        38  \\\\\\\\\\\\\\\\  5c5c5c5c5c5c5c5c5c5c5c5c5c5c5c5c
        26  ................  e2e2e2e2e2e2e2e2e2e2e2e2e2e2e2e2
        26  ................  b9b9b9b9b9b9b9b9b9b9b9b9b9b9b9b9
# epoch 4050  H=7.9868 C=7.9416 HO=0.0459  A(t)=141
       142  >>>>>>>>>>>>>>>>  3e3e3e3e3e3e3e3e3e3e3e3e3e3e3e3e
        51  ,,,,,,,,,,,,,,,,  2c2c2c2c2c2c2c2c2c2c2c2c2c2c2c2c
        50  ????????????????  3f3f3f3f3f3f3f3f3f3f3f3f3f3f3f3f
        47  PPPPPPPPPPPPPPPP  50505050505050505050505050505050
        42  }}}}}}}}}}}}}}}}  7d7d7d7d7d7d7d7d7d7d7d7d7d7d7d7d
        39  ................  93939393939393939393939393939393
        33  """"""""""""""""  22222222222222222222222222222222
        31  \\\\\\\\\\\\\\\\  5c5c5c5c5c5c5c5c5c5c5c5c5c5c5c5c
        26  ................  e2e2e2e2e2e2e2e2e2e2e2e2e2e2e2e2
        25  ]]]]]]]]]]]]]]]]  5d5d5d5d5d5d5d5d5d5d5d5d5d5d5d5d
# epoch 4100  H=7.9867 C=7.9423 HO=0.0435  A(t)=141
       102  >>>>>>>>>>>>>>>>  3e3e3e3e3e3e3e3e3e3e3e3e3e3e3e3e
        54  ,,,,,,,,,,,,,,,,  2c2c2c2c2c2c2c2c2c2c2c2c2c2c2c2c
        46  PPPPPPPPPPPPPPPP  50505050505050505050505050505050
        44  ????????????????  3f3f3f3f3f3f3f3f3f3f3f3f3f3f3f3f
        42  ................  ecececececececececececececececec
        42  }}}}}}}}}}}}}}}}  7d7d7d7d7d7d7d7d7d7d7d7d7d7d7d7d
        33  """"""""""""""""  22222222222222222222222222222222
        31  ................  f4f4f4f4f4f4f4f4f4f4f4f4f4f4f4f4
        31  ................  93939393939393939393939393939393
        31  \\\\\\\\\\\\\\\\  5c5c5c5c5c5c5c5c5c5c5c5c5c5c5c5c
# epoch 4150  H=7.9863 C=7.9404 HO=0.0454  A(t)=141
       158  >>>>>>>>>>>>>>>>  3e3e3e3e3e3e3e3e3e3e3e3e3e3e3e3e
        87  ,,,,,,,,,,,,,,,,  2c2c2c2c2c2c2c2c2c2c2c2c2c2c2c2c
        42  ................  ecececececececececececececececec
        42  }}}}}}}}}}}}}}}}  7d7d7d7d7d7d7d7d7d7d7d7d7d7d7d7d
        42  PPPPPPPPPPPPPPPP  50505050505050505050505050505050
        38  OOOOOOOOOOOOOOOO  4f4f4f4f4f4f4f4f4f4f4f4f4f4f4f4f
        33  """"""""""""""""  22222222222222222222222222222222
        31  ................  f4f4f4f4f4f4f4f4f4f4f4f4f4f4f4f4
        31  ................  93939393939393939393939393939393
        26  ................  e2e2e2e2e2e2e2e2e2e2e2e2e2e2e2e2
# epoch 4200  H=7.9860 C=7.9385 HO=0.0469  A(t)=141
       209  >>>>>>>>>>>>>>>>  3e3e3e3e3e3e3e3e3e3e3e3e3e3e3e3e
        93  ,,,,,,,,,,,,,,,,  2c2c2c2c2c2c2c2c2c2c2c2c2c2c2c2c
        42  ................  ecececececececececececececececec
        39  }}}}}}}}}}}}}}}}  7d7d7d7d7d7d7d7d7d7d7d7d7d7d7d7d
        38  ]]]]]]]]]]]]]]]]  5d5d5d5d5d5d5d5d5d5d5d5d5d5d5d5d
        38  [[[[[[[[[[[[[[[[  5b5b5b5b5b5b5b5b5b5b5b5b5b5b5b5b
        38  OOOOOOOOOOOOOOOO  4f4f4f4f4f4f4f4f4f4f4f4f4f4f4f4f
        26  ................  e2e2e2e2e2e2e2e2e2e2e2e2e2e2e2e2
        26  PPPPPPPPPPPPPPPP  50505050505050505050505050505050
        25  \\\\\\\\\\\\\\\\  5c5c5c5c5c5c5c5c5c5c5c5c5c5c5c5c
# epoch 4250  H=7.9857 C=7.9385 HO=0.0472  A(t)=142
       243  >>>>>>>>>>>>>>>>  3e3e3e3e3e3e3e3e3e3e3e3e3e3e3e3e
        95  ,,,,,,,,,,,,,,,,  2c2c2c2c2c2c2c2c2c2c2c2c2c2c2c2c
        37  }}}}}}}}}}}}}}}}  7d7d7d7d7d7d7d7d7d7d7d7d7d7d7d7d
        36  ]]]]]]]]]]]]]]]]  5d5d5d5d5d5d5d5d5d5d5d5d5d5d5d5d
        26  ................  e2e2e2e2e2e2e2e2e2e2e2e2e2e2e2e2
        26  PPPPPPPPPPPPPPPP  50505050505050505050505050505050
        25  ................  ecececececececececececececececec
        25  ................  d2d2d2d2d2d2d2d2d2d2d2d2d2d2d2d2
        23  ................  93939393939393939393939393939393
        23  """"""""""""""""  22222222222222222222222222222222
# epoch 4300  H=7.9855 C=7.9392 HO=0.0472  A(t)=142
       220  >>>>>>>>>>>>>>>>  3e3e3e3e3e3e3e3e3e3e3e3e3e3e3e3e
        89  ,,,,,,,,,,,,,,,,  2c2c2c2c2c2c2c2c2c2c2c2c2c2c2c2c
        71  [[[[[[[[[[[[[[[[  5b5b5b5b5b5b5b5b5b5b5b5b5b5b5b5b
        26  ................  e2e2e2e2e2e2e2e2e2e2e2e2e2e2e2e2
        26  PPPPPPPPPPPPPPPP  50505050505050505050505050505050
        23  ................  93939393939393939393939393939393
        22  }}}}}}}}}}}}}}}}  7d7d7d7d7d7d7d7d7d7d7d7d7d7d7d7d
        22  \\\\\\\\\\\\\\\\  5c5c5c5c5c5c5c5c5c5c5c5c5c5c5c5c
        22  OOOOOOOOOOOOOOOO  4f4f4f4f4f4f4f4f4f4f4f4f4f4f4f4f
        18  ................  e3e3e3e3e3e3e3e3e3e3e3e3e3e3e3e3
# epoch 4350  H=7.9854 C=7.9397 HO=0.0468  A(t)=143
       226  >>>>>>>>>>>>>>>>  3e3e3e3e3e3e3e3e3e3e3e3e3e3e3e3e
        68  ,,,,,,,,,,,,,,,,  2c2c2c2c2c2c2c2c2c2c2c2c2c2c2c2c
        48  [[[[[[[[[[[[[[[[  5b5b5b5b5b5b5b5b5b5b5b5b5b5b5b5b
        47  ................  d5d5d5d5d5d5d5d5d5d5d5d5d5d5d5d5
        26  ................  e2e2e2e2e2e2e2e2e2e2e2e2e2e2e2e2
        26  PPPPPPPPPPPPPPPP  50505050505050505050505050505050
        23  ................  93939393939393939393939393939393
        22  OOOOOOOOOOOOOOOO  4f4f4f4f4f4f4f4f4f4f4f4f4f4f4f4f
        21  }}}}}}}}}}}}}}}}  7d7d7d7d7d7d7d7d7d7d7d7d7d7d7d7d
        17  ................  ecececececececececececececececec
# epoch 4400  H=7.9852 C=7.9407 HO=0.0432  A(t)=144
       267  >>>>>>>>>>>>>>>>  3e3e3e3e3e3e3e3e3e3e3e3e3e3e3e3e
        52  ,,,,,,,,,,,,,,,,  2c2c2c2c2c2c2c2c2c2c2c2c2c2c2c2c
        48  [[[[[[[[[[[[[[[[  5b5b5b5b5b5b5b5b5b5b5b5b5b5b5b5b
        36  ................  d5d5d5d5d5d5d5d5d5d5d5d5d5d5d5d5
        26  ................  e2e2e2e2e2e2e2e2e2e2e2e2e2e2e2e2
        23  ................  93939393939393939393939393939393
        22  OOOOOOOOOOOOOOOO  4f4f4f4f4f4f4f4f4f4f4f4f4f4f4f4f
        19  }}}}}}}}}}}}}}}}  7d7d7d7d7d7d7d7d7d7d7d7d7d7d7d7d
        14  llllllllllllllll  6c6c6c6c6c6c6c6c6c6c6c6c6c6c6c6c
        14  RRRRRRRRRRRRRRRR  52525252525252525252525252525252
# epoch 4450  H=7.9853 C=7.9414 HO=0.0428  A(t)=150
       284  >>>>>>>>>>>>>>>>  3e3e3e3e3e3e3e3e3e3e3e3e3e3e3e3e
        51  ,,,,,,,,,,,,,,,,  2c2c2c2c2c2c2c2c2c2c2c2c2c2c2c2c
        48  [[[[[[[[[[[[[[[[  5b5b5b5b5b5b5b5b5b5b5b5b5b5b5b5b
        47  ................  11111111111111111111111111111111
        23  ................  93939393939393939393939393939393
        21  ????????????????  3f3f3f3f3f3f3f3f3f3f3f3f3f3f3f3f
        20  ................  d5d5d5d5d5d5d5d5d5d5d5d5d5d5d5d5
        16  ................  e2e2e2e2e2e2e2e2e2e2e2e2e2e2e2e2
        12  ................  ecececececececececececececececec
        12  ................  d2d2d2d2d2d2d2d2d2d2d2d2d2d2d2d2
# epoch 4500  H=7.9853 C=7.9424 HO=0.0418  A(t)=150
       283  >>>>>>>>>>>>>>>>  3e3e3e3e3e3e3e3e3e3e3e3e3e3e3e3e
        49  ````````````````  60606060606060606060606060606060
        48  [[[[[[[[[[[[[[[[  5b5b5b5b5b5b5b5b5b5b5b5b5b5b5b5b
        46  ................  11111111111111111111111111111111
        43  ,,,,,,,,,,,,,,,,  2c2c2c2c2c2c2c2c2c2c2c2c2c2c2c2c
        23  ................  93939393939393939393939393939393
        16  ................  e2e2e2e2e2e2e2e2e2e2e2e2e2e2e2e2
        13  ................  d5d5d5d5d5d5d5d5d5d5d5d5d5d5d5d5
        12  ................  ecececececececececececececececec
        11  oooooooooooooooo  6f6f6f6f6f6f6f6f6f6f6f6f6f6f6f6f
# epoch 4550  H=7.9851 C=7.9422 HO=0.0414  A(t)=150
       227  >>>>>>>>>>>>>>>>  3e3e3e3e3e3e3e3e3e3e3e3e3e3e3e3e
        48  [[[[[[[[[[[[[[[[  5b5b5b5b5b5b5b5b5b5b5b5b5b5b5b5b
        48  ................  04040404040404040404040404040404
        46  ````````````````  60606060606060606060606060606060
        46  ................  11111111111111111111111111111111
        43  ,,,,,,,,,,,,,,,,  2c2c2c2c2c2c2c2c2c2c2c2c2c2c2c2c
        37  <<<<<<<<<<<<<<<<  3c3c3c3c3c3c3c3c3c3c3c3c3c3c3c3c
        23  ................  93939393939393939393939393939393
        16  ................  e2e2e2e2e2e2e2e2e2e2e2e2e2e2e2e2
        13  ................  d5d5d5d5d5d5d5d5d5d5d5d5d5d5d5d5
# epoch 4600  H=7.9849 C=7.9408 HO=0.0417  A(t)=151
       255  >>>>>>>>>>>>>>>>  3e3e3e3e3e3e3e3e3e3e3e3e3e3e3e3e
        48  [[[[[[[[[[[[[[[[  5b5b5b5b5b5b5b5b5b5b5b5b5b5b5b5b
        46  ````````````````  60606060606060606060606060606060
        37  <<<<<<<<<<<<<<<<  3c3c3c3c3c3c3c3c3c3c3c3c3c3c3c3c
        37  ................  04040404040404040404040404040404
        32  ................  a1a1a1a1a1a1a1a1a1a1a1a1a1a1a1a1
        31  ................  11111111111111111111111111111111
        29  ................  16161616161616161616161616161616
        22  ,,,,,,,,,,,,,,,,  2c2c2c2c2c2c2c2c2c2c2c2c2c2c2c2c
        15  @@@@@@@@@@@@@@@@  40404040404040404040404040404040
# epoch 4650  H=7.9848 C=7.9399 HO=0.0433  A(t)=151
       268  >>>>>>>>>>>>>>>>  3e3e3e3e3e3e3e3e3e3e3e3e3e3e3e3e
        94  yyyyyyyyyyyyyyyy  79797979797979797979797979797979
        36  ````````````````  60606060606060606060606060606060
        31  ................  11111111111111111111111111111111
        30  ................  a1a1a1a1a1a1a1a1a1a1a1a1a1a1a1a1
        29  ................  16161616161616161616161616161616
        28  [[[[[[[[[[[[[[[[  5b5b5b5b5b5b5b5b5b5b5b5b5b5b5b5b
        28  ................  04040404040404040404040404040404
        26  <<<<<<<<<<<<<<<<  3c3c3c3c3c3c3c3c3c3c3c3c3c3c3c3c
        17  ,,,,,,,,,,,,,,,,  2c2c2c2c2c2c2c2c2c2c2c2c2c2c2c2c
# epoch 4700  H=7.9845 C=7.9401 HO=0.0435  A(t)=151
       296  >>>>>>>>>>>>>>>>  3e3e3e3e3e3e3e3e3e3e3e3e3e3e3e3e
        69  yyyyyyyyyyyyyyyy  79797979797979797979797979797979
        43  ,,,,,,,,,,,,,,,,  2c2c2c2c2c2c2c2c2c2c2c2c2c2c2c2c
        31  ................  bfbfbfbfbfbfbfbfbfbfbfbfbfbfbfbf
        31  ................  11111111111111111111111111111111
        30  ................  a1a1a1a1a1a1a1a1a1a1a1a1a1a1a1a1
        28  ................  04040404040404040404040404040404
        26  <<<<<<<<<<<<<<<<  3c3c3c3c3c3c3c3c3c3c3c3c3c3c3c3c
        24  ````````````````  60606060606060606060606060606060
        20  ................  16161616161616161616161616161616
# epoch 4750  H=7.9844 C=7.9409 HO=0.0439  A(t)=152
       288  >>>>>>>>>>>>>>>>  3e3e3e3e3e3e3e3e3e3e3e3e3e3e3e3e
        68  yyyyyyyyyyyyyyyy  79797979797979797979797979797979
        44  NNNNNNNNNNNNNNNN  4e4e4e4e4e4e4e4e4e4e4e4e4e4e4e4e
        40  ,,,,,,,,,,,,,,,,  2c2c2c2c2c2c2c2c2c2c2c2c2c2c2c2c
        31  ................  11111111111111111111111111111111
        22  ````````````````  60606060606060606060606060606060
        18  ................  a1a1a1a1a1a1a1a1a1a1a1a1a1a1a1a1
        18  ================  3d3d3d3d3d3d3d3d3d3d3d3d3d3d3d3d
        15  ................  bfbfbfbfbfbfbfbfbfbfbfbfbfbfbfbf
        11  >Gu>Gu>Gu>Gu>Gu>  3e47753e47753e47753e47753e47753e
# epoch 4800  H=7.9843 C=7.9420 HO=0.0406  A(t)=152
       281  >>>>>>>>>>>>>>>>  3e3e3e3e3e3e3e3e3e3e3e3e3e3e3e3e
        67  ================  3d3d3d3d3d3d3d3d3d3d3d3d3d3d3d3d
        44  NNNNNNNNNNNNNNNN  4e4e4e4e4e4e4e4e4e4e4e4e4e4e4e4e
        43  yyyyyyyyyyyyyyyy  79797979797979797979797979797979
        33  ,,,,,,,,,,,,,,,,  2c2c2c2c2c2c2c2c2c2c2c2c2c2c2c2c
        22  ````````````````  60606060606060606060606060606060
        18  ................  a1a1a1a1a1a1a1a1a1a1a1a1a1a1a1a1
        15  ................  bfbfbfbfbfbfbfbfbfbfbfbfbfbfbfbf
        14  ................  11111111111111111111111111111111
        10  ????????????????  3f3f3f3f3f3f3f3f3f3f3f3f3f3f3f3f
# epoch 4850  H=7.9841 C=7.9423 HO=0.0410  A(t)=157
       288  >>>>>>>>>>>>>>>>  3e3e3e3e3e3e3e3e3e3e3e3e3e3e3e3e
        55  ================  3d3d3d3d3d3d3d3d3d3d3d3d3d3d3d3d
        44  NNNNNNNNNNNNNNNN  4e4e4e4e4e4e4e4e4e4e4e4e4e4e4e4e
        34  yyyyyyyyyyyyyyyy  79797979797979797979797979797979
        33  ,,,,,,,,,,,,,,,,  2c2c2c2c2c2c2c2c2c2c2c2c2c2c2c2c
        15  ................  bfbfbfbfbfbfbfbfbfbfbfbfbfbfbfbf
        14  }}}}}}}}}}}}}}}}  7d7d7d7d7d7d7d7d7d7d7d7d7d7d7d7d
        14  ................  11111111111111111111111111111111
        10  ????????????????  3f3f3f3f3f3f3f3f3f3f3f3f3f3f3f3f
         9  ................  a1a1a1a1a1a1a1a1a1a1a1a1a1a1a1a1
# epoch 4900  H=7.9839 C=7.9408 HO=0.0441  A(t)=158
       275  >>>>>>>>>>>>>>>>  3e3e3e3e3e3e3e3e3e3e3e3e3e3e3e3e
        56  @@@@@@@@@@@@@@@@  40404040404040404040404040404040
        47  ================  3d3d3d3d3d3d3d3d3d3d3d3d3d3d3d3d
        40  NNNNNNNNNNNNNNNN  4e4e4e4e4e4e4e4e4e4e4e4e4e4e4e4e
        36  ................  dededededededededededededededede
        34  yyyyyyyyyyyyyyyy  79797979797979797979797979797979
        31  ,,,,,,,,,,,,,,,,  2c2c2c2c2c2c2c2c2c2c2c2c2c2c2c2c
        29  <<<<<<<<<<<<<<<<  3c3c3c3c3c3c3c3c3c3c3c3c3c3c3c3c
        24  }}}}}}}}}}}}}}}}  7d7d7d7d7d7d7d7d7d7d7d7d7d7d7d7d
        19  ????????????????  3f3f3f3f3f3f3f3f3f3f3f3f3f3f3f3f
# epoch 4950  H=7.9838 C=7.9398 HO=0.0432  A(t)=159
       267  >>>>>>>>>>>>>>>>  3e3e3e3e3e3e3e3e3e3e3e3e3e3e3e3e
       100  [[[[[[[[[[[[[[[[  5b5b5b5b5b5b5b5b5b5b5b5b5b5b5b5b
        45  ;;;;;;;;;;;;;;;;  3b3b3b3b3b3b3b3b3b3b3b3b3b3b3b3b
        42  }}}}}}}}}}}}}}}}  7d7d7d7d7d7d7d7d7d7d7d7d7d7d7d7d
        40  @@@@@@@@@@@@@@@@  40404040404040404040404040404040
        38  ________________  20202020202020202020202020202020
        37  ================  3d3d3d3d3d3d3d3d3d3d3d3d3d3d3d3d
        36  ................  dededededededededededededededede
        34  yyyyyyyyyyyyyyyy  79797979797979797979797979797979
        26  <<<<<<<<<<<<<<<<  3c3c3c3c3c3c3c3c3c3c3c3c3c3c3c3c
# epoch 5000  H=7.9837 C=7.9386 HO=0.0449  A(t)=159
       352  >>>>>>>>>>>>>>>>  3e3e3e3e3e3e3e3e3e3e3e3e3e3e3e3e
        98  [[[[[[[[[[[[[[[[  5b5b5b5b5b5b5b5b5b5b5b5b5b5b5b5b
        49  NNNNNNNNNNNNNNNN  4e4e4e4e4e4e4e4e4e4e4e4e4e4e4e4e
        40  @@@@@@@@@@@@@@@@  40404040404040404040404040404040
        37  ================  3d3d3d3d3d3d3d3d3d3d3d3d3d3d3d3d
        37  ________________  20202020202020202020202020202020
        36  ................  dededededededededededededededede
        24  ,,,,,,,,,,,,,,,,  2c2c2c2c2c2c2c2c2c2c2c2c2c2c2c2c
        23  }}}}}}}}}}}}}}}}  7d7d7d7d7d7d7d7d7d7d7d7d7d7d7d7d
        23  ;;;;;;;;;;;;;;;;  3b3b3b3b3b3b3b3b3b3b3b3b3b3b3b3b
# epoch 5050  H=7.9837 C=7.9395 HO=0.0432  A(t)=159
       250  >>>>>>>>>>>>>>>>  3e3e3e3e3e3e3e3e3e3e3e3e3e3e3e3e
        97  [[[[[[[[[[[[[[[[  5b5b5b5b5b5b5b5b5b5b5b5b5b5b5b5b
        71  }}}}}}}}}}}}}}}}  7d7d7d7d7d7d7d7d7d7d7d7d7d7d7d7d
        40  @@@@@@@@@@@@@@@@  40404040404040404040404040404040
        38  ================  3d3d3d3d3d3d3d3d3d3d3d3d3d3d3d3d
        37  ________________  20202020202020202020202020202020
        36  ................  dededededededededededededededede
        33  NNNNNNNNNNNNNNNN  4e4e4e4e4e4e4e4e4e4e4e4e4e4e4e4e
        23  ,,,,,,,,,,,,,,,,  2c2c2c2c2c2c2c2c2c2c2c2c2c2c2c2c
        16  yyyyyyyyyyyyyyyy  79797979797979797979797979797979
# epoch 5100  H=7.9837 C=7.9397 HO=0.0420  A(t)=159
       219  >>>>>>>>>>>>>>>>  3e3e3e3e3e3e3e3e3e3e3e3e3e3e3e3e
       115  [[[[[[[[[[[[[[[[  5b5b5b5b5b5b5b5b5b5b5b5b5b5b5b5b
        40  ================  3d3d3d3d3d3d3d3d3d3d3d3d3d3d3d3d
        39  }}}}}}}}}}}}}}}}  7d7d7d7d7d7d7d7d7d7d7d7d7d7d7d7d
        37  ________________  20202020202020202020202020202020
        36  ................  dededededededededededededededede
        26  NNNNNNNNNNNNNNNN  4e4e4e4e4e4e4e4e4e4e4e4e4e4e4e4e
        23  @@@@@@@@@@@@@@@@  40404040404040404040404040404040
        23  ,,,,,,,,,,,,,,,,  2c2c2c2c2c2c2c2c2c2c2c2c2c2c2c2c
        17  ................  f8f8f8f8f8f8f8f8f8f8f8f8f8f8f8f8
# epoch 5150  H=7.9839 C=7.9426 HO=0.0419  A(t)=159
       181  >>>>>>>>>>>>>>>>  3e3e3e3e3e3e3e3e3e3e3e3e3e3e3e3e
        84  [[[[[[[[[[[[[[[[  5b5b5b5b5b5b5b5b5b5b5b5b5b5b5b5b
        40  ================  3d3d3d3d3d3d3d3d3d3d3d3d3d3d3d3d
        37  ________________  20202020202020202020202020202020
        34  }}}}}}}}}}}}}}}}  7d7d7d7d7d7d7d7d7d7d7d7d7d7d7d7d
        26  NNNNNNNNNNNNNNNN  4e4e4e4e4e4e4e4e4e4e4e4e4e4e4e4e
        21  @@@@@@@@@@@@@@@@  40404040404040404040404040404040
        20  ................  dededededededededededededededede
        17  ................  f8f8f8f8f8f8f8f8f8f8f8f8f8f8f8f8
        16  yyyyyyyyyyyyyyyy  79797979797979797979797979797979
# epoch 5200  H=7.9837 C=7.9441 HO=0.0411  A(t)=161
       202  >>>>>>>>>>>>>>>>  3e3e3e3e3e3e3e3e3e3e3e3e3e3e3e3e
        82  [[[[[[[[[[[[[[[[  5b5b5b5b5b5b5b5b5b5b5b5b5b5b5b5b
        49  @@@@@@@@@@@@@@@@  40404040404040404040404040404040
        37  ================  3d3d3d3d3d3d3d3d3d3d3d3d3d3d3d3d
        37  ________________  20202020202020202020202020202020
        24  }}}}}}}}}}}}}}}}  7d7d7d7d7d7d7d7d7d7d7d7d7d7d7d7d
        20  ................  dededededededededededededededede
        17  ................  f8f8f8f8f8f8f8f8f8f8f8f8f8f8f8f8
        14  ,,,,,,,,,,,,,,,,  2c2c2c2c2c2c2c2c2c2c2c2c2c2c2c2c
        14  ................  11111111111111111111111111111111
# epoch 5250  H=7.9836 C=7.9443 HO=0.0386  A(t)=163
       237  >>>>>>>>>>>>>>>>  3e3e3e3e3e3e3e3e3e3e3e3e3e3e3e3e
        65  [[[[[[[[[[[[[[[[  5b5b5b5b5b5b5b5b5b5b5b5b5b5b5b5b
        50  ????????????????  3f3f3f3f3f3f3f3f3f3f3f3f3f3f3f3f
        37  ________________  20202020202020202020202020202020
        33  @@@@@@@@@@@@@@@@  40404040404040404040404040404040
        31  ================  3d3d3d3d3d3d3d3d3d3d3d3d3d3d3d3d
        25  }}}}}}}}}}}}}}}}  7d7d7d7d7d7d7d7d7d7d7d7d7d7d7d7d
        17  ................  f8f8f8f8f8f8f8f8f8f8f8f8f8f8f8f8
        14  ,,,,,,,,,,,,,,,,  2c2c2c2c2c2c2c2c2c2c2c2c2c2c2c2c
        13  NNNNNNNNNNNNNNNN  4e4e4e4e4e4e4e4e4e4e4e4e4e4e4e4e
# epoch 5300  H=7.9837 C=7.9450 HO=0.0382  A(t)=163
       220  >>>>>>>>>>>>>>>>  3e3e3e3e3e3e3e3e3e3e3e3e3e3e3e3e
        64  [[[[[[[[[[[[[[[[  5b5b5b5b5b5b5b5b5b5b5b5b5b5b5b5b
        59  ????????????????  3f3f3f3f3f3f3f3f3f3f3f3f3f3f3f3f
        49  @@@@@@@@@@@@@@@@  40404040404040404040404040404040
        29  ================  3d3d3d3d3d3d3d3d3d3d3d3d3d3d3d3d
        28  }}}}}}}}}}}}}}}}  7d7d7d7d7d7d7d7d7d7d7d7d7d7d7d7d
        27  ................  b5b5b5b5b5b5b5b5b5b5b5b5b5b5b5b5
        21  ________________  20202020202020202020202020202020
        15  ----------------  2d2d2d2d2d2d2d2d2d2d2d2d2d2d2d2d
        14  ................  f8f8f8f8f8f8f8f8f8f8f8f8f8f8f8f8
# epoch 5350  H=7.9836 C=7.9413 HO=0.0444  A(t)=164
       195  >>>>>>>>>>>>>>>>  3e3e3e3e3e3e3e3e3e3e3e3e3e3e3e3e
        73  ****************  2a2a2a2a2a2a2a2a2a2a2a2a2a2a2a2a
        68  ................  91919191919191919191919191919191
        55  [[[[[[[[[[[[[[[[  5b5b5b5b5b5b5b5b5b5b5b5b5b5b5b5b
        51  ????????????????  3f3f3f3f3f3f3f3f3f3f3f3f3f3f3f3f
        49  @@@@@@@@@@@@@@@@  40404040404040404040404040404040
        43  ================  3d3d3d3d3d3d3d3d3d3d3d3d3d3d3d3d
        43  ----------------  2d2d2d2d2d2d2d2d2d2d2d2d2d2d2d2d
        40  ................  dbdbdbdbdbdbdbdbdbdbdbdbdbdbdbdb
        31  }}}}}}}}}}}}}}}}  7d7d7d7d7d7d7d7d7d7d7d7d7d7d7d7d
# epoch 5400  H=7.9835 C=7.9410 HO=0.0429  A(t)=164
       193  >>>>>>>>>>>>>>>>  3e3e3e3e3e3e3e3e3e3e3e3e3e3e3e3e
        52  ................  91919191919191919191919191919191
        48  }}}}}}}}}}}}}}}}  7d7d7d7d7d7d7d7d7d7d7d7d7d7d7d7d
        46  ))))))))))))))))  29292929292929292929292929292929
        36  ????????????????  3f3f3f3f3f3f3f3f3f3f3f3f3f3f3f3f
        33  ................  90909090909090909090909090909090
        32  ================  3d3d3d3d3d3d3d3d3d3d3d3d3d3d3d3d
        31  ****************  2a2a2a2a2a2a2a2a2a2a2a2a2a2a2a2a
        29  @@@@@@@@@@@@@@@@  40404040404040404040404040404040
        25  ................  dbdbdbdbdbdbdbdbdbdbdbdbdbdbdbdb
# epoch 5450  H=7.9834 C=7.9415 HO=0.0416  A(t)=165
       212  >>>>>>>>>>>>>>>>  3e3e3e3e3e3e3e3e3e3e3e3e3e3e3e3e
        59  }}}}}}}}}}}}}}}}  7d7d7d7d7d7d7d7d7d7d7d7d7d7d7d7d
        52  ................  91919191919191919191919191919191
        36  ????????????????  3f3f3f3f3f3f3f3f3f3f3f3f3f3f3f3f
        33  ................  90909090909090909090909090909090
        30  ****************  2a2a2a2a2a2a2a2a2a2a2a2a2a2a2a2a
        30  ))))))))))))))))  29292929292929292929292929292929
        24  [[[[[[[[[[[[[[[[  5b5b5b5b5b5b5b5b5b5b5b5b5b5b5b5b
        24  ================  3d3d3d3d3d3d3d3d3d3d3d3d3d3d3d3d
        22  ................  10101010101010101010101010101010
# epoch 5500  H=7.9831 C=7.9409 HO=0.0411  A(t)=165
       274  >>>>>>>>>>>>>>>>  3e3e3e3e3e3e3e3e3e3e3e3e3e3e3e3e
        53  }}}}}}}}}}}}}}}}  7d7d7d7d7d7d7d7d7d7d7d7d7d7d7d7d
        52  ................  91919191919191919191919191919191
        33  ????????????????  3f3f3f3f3f3f3f3f3f3f3f3f3f3f3f3f
        30  ))))))))))))))))  29292929292929292929292929292929
        25  ****************  2a2a2a2a2a2a2a2a2a2a2a2a2a2a2a2a
        24  [[[[[[[[[[[[[[[[  5b5b5b5b5b5b5b5b5b5b5b5b5b5b5b5b
        22  ................  10101010101010101010101010101010
        20  ................  90909090909090909090909090909090
        13  ----------------  2d2d2d2d2d2d2d2d2d2d2d2d2d2d2d2d
# epoch 5550  H=7.9830 C=7.9427 HO=0.0406  A(t)=166
       281  >>>>>>>>>>>>>>>>  3e3e3e3e3e3e3e3e3e3e3e3e3e3e3e3e
        52  }}}}}}}}}}}}}}}}  7d7d7d7d7d7d7d7d7d7d7d7d7d7d7d7d
        49  ................  91919191919191919191919191919191
        33  ????????????????  3f3f3f3f3f3f3f3f3f3f3f3f3f3f3f3f
        25  ................  0a0a0a0a0a0a0a0a0a0a0a0a0a0a0a0a
        19  [[[[[[[[[[[[[[[[  5b5b5b5b5b5b5b5b5b5b5b5b5b5b5b5b
        18  ****************  2a2a2a2a2a2a2a2a2a2a2a2a2a2a2a2a
        12  ----------------  2d2d2d2d2d2d2d2d2d2d2d2d2d2d2d2d
        11  ................  10101010101010101010101010101010
        10  ................  90909090909090909090909090909090
# epoch 5600  H=7.9829 C=7.9399 HO=0.0413  A(t)=166
       295  >>>>>>>>>>>>>>>>  3e3e3e3e3e3e3e3e3e3e3e3e3e3e3e3e
        86  [[[[[[[[[[[[[[[[  5b5b5b5b5b5b5b5b5b5b5b5b5b5b5b5b
        49  ................  fefefefefefefefefefefefefefefefe
        49  }}}}}}}}}}}}}}}}  7d7d7d7d7d7d7d7d7d7d7d7d7d7d7d7d
        48  \\\\\\\\\\\\\\\\  5c5c5c5c5c5c5c5c5c5c5c5c5c5c5c5c
        25  ................  11111111111111111111111111111111
        23  ................  91919191919191919191919191919191
        18  ****************  2a2a2a2a2a2a2a2a2a2a2a2a2a2a2a2a
        17  ................  0a0a0a0a0a0a0a0a0a0a0a0a0a0a0a0a
        11  ................  10101010101010101010101010101010
# epoch 5650  H=7.9827 C=7.9393 HO=0.0423  A(t)=167
       327  >>>>>>>>>>>>>>>>  3e3e3e3e3e3e3e3e3e3e3e3e3e3e3e3e
        86  [[[[[[[[[[[[[[[[  5b5b5b5b5b5b5b5b5b5b5b5b5b5b5b5b
        58  ]]]]]]]]]]]]]]]]  5d5d5d5d5d5d5d5d5d5d5d5d5d5d5d5d
        49  ................  fefefefefefefefefefefefefefefefe
        48  \\\\\\\\\\\\\\\\  5c5c5c5c5c5c5c5c5c5c5c5c5c5c5c5c
        45  ................  a0a0a0a0a0a0a0a0a0a0a0a0a0a0a0a0
        34  }}}}}}}}}}}}}}}}  7d7d7d7d7d7d7d7d7d7d7d7d7d7d7d7d
        32  ................  85858585858585858585858585858585
        25  ????????????????  3f3f3f3f3f3f3f3f3f3f3f3f3f3f3f3f
        25  ................  11111111111111111111111111111111
# epoch 5700  H=7.9829 C=7.9405 HO=0.0405  A(t)=167
       333  >>>>>>>>>>>>>>>>  3e3e3e3e3e3e3e3e3e3e3e3e3e3e3e3e
        85  [[[[[[[[[[[[[[[[  5b5b5b5b5b5b5b5b5b5b5b5b5b5b5b5b
        55  ]]]]]]]]]]]]]]]]  5d5d5d5d5d5d5d5d5d5d5d5d5d5d5d5d
        49  ................  fefefefefefefefefefefefefefefefe
        34  }}}}}}}}}}}}}}}}  7d7d7d7d7d7d7d7d7d7d7d7d7d7d7d7d
        33  \\\\\\\\\\\\\\\\  5c5c5c5c5c5c5c5c5c5c5c5c5c5c5c5c
        32  ????????????????  3f3f3f3f3f3f3f3f3f3f3f3f3f3f3f3f
        29  ................  a0a0a0a0a0a0a0a0a0a0a0a0a0a0a0a0
        25  ................  11111111111111111111111111111111
        15  ................  85858585858585858585858585858585
# epoch 5750  H=7.9831 C=7.9423 HO=0.0401  A(t)=167
       305  >>>>>>>>>>>>>>>>  3e3e3e3e3e3e3e3e3e3e3e3e3e3e3e3e
        68  [[[[[[[[[[[[[[[[  5b5b5b5b5b5b5b5b5b5b5b5b5b5b5b5b
        49  ................  fefefefefefefefefefefefefefefefe
        39  ]]]]]]]]]]]]]]]]  5d5d5d5d5d5d5d5d5d5d5d5d5d5d5d5d
        37  }}}}}}}}}}}}}}}}  7d7d7d7d7d7d7d7d7d7d7d7d7d7d7d7d
        33  \\\\\\\\\\\\\\\\  5c5c5c5c5c5c5c5c5c5c5c5c5c5c5c5c
        25  ................  11111111111111111111111111111111
        23  ................  a0a0a0a0a0a0a0a0a0a0a0a0a0a0a0a0
        20  ????????????????  3f3f3f3f3f3f3f3f3f3f3f3f3f3f3f3f
        11  ................  10101010101010101010101010101010
# epoch 5800  H=7.9832 C=7.9429 HO=0.0416  A(t)=168
       255  >>>>>>>>>>>>>>>>  3e3e3e3e3e3e3e3e3e3e3e3e3e3e3e3e
        98  ................  efefefefefefefefefefefefefefefef
        49  ................  fefefefefefefefefefefefefefefefe
        38  [[[[[[[[[[[[[[[[  5b5b5b5b5b5b5b5b5b5b5b5b5b5b5b5b
        30  ]]]]]]]]]]]]]]]]  5d5d5d5d5d5d5d5d5d5d5d5d5d5d5d5d
        28  \\\\\\\\\\\\\\\\  5c5c5c5c5c5c5c5c5c5c5c5c5c5c5c5c
        23  ................  a0a0a0a0a0a0a0a0a0a0a0a0a0a0a0a0
        23  }}}}}}}}}}}}}}}}  7d7d7d7d7d7d7d7d7d7d7d7d7d7d7d7d
        17  ????????????????  3f3f3f3f3f3f3f3f3f3f3f3f3f3f3f3f
        12  ................  11111111111111111111111111111111
# epoch 5850  H=7.9835 C=7.9447 HO=0.0389  A(t)=168
       185  >>>>>>>>>>>>>>>>  3e3e3e3e3e3e3e3e3e3e3e3e3e3e3e3e
        77  ................  efefefefefefefefefefefefefefefef
        49  ................  fefefefefefefefefefefefefefefefe
        44  [[[[[[[[[[[[[[[[  5b5b5b5b5b5b5b5b5b5b5b5b5b5b5b5b
        28  \\\\\\\\\\\\\\\\  5c5c5c5c5c5c5c5c5c5c5c5c5c5c5c5c
        24  }}}}}}}}}}}}}}}}  7d7d7d7d7d7d7d7d7d7d7d7d7d7d7d7d
        21  ????????????????  3f3f3f3f3f3f3f3f3f3f3f3f3f3f3f3f
        14  ................  a0a0a0a0a0a0a0a0a0a0a0a0a0a0a0a0
        12  ................  11111111111111111111111111111111
         9  ................  91919191919191919191919191919191
# epoch 5900  H=7.9836 C=7.9456 HO=0.0382  A(t)=169
       162  >>>>>>>>>>>>>>>>  3e3e3e3e3e3e3e3e3e3e3e3e3e3e3e3e
        77  ................  efefefefefefefefefefefefefefefef
        37  [[[[[[[[[[[[[[[[  5b5b5b5b5b5b5b5b5b5b5b5b5b5b5b5b
        28  ................  fefefefefefefefefefefefefefefefe
        28  \\\\\\\\\\\\\\\\  5c5c5c5c5c5c5c5c5c5c5c5c5c5c5c5c
        27  }}}}}}}}}}}}}}}}  7d7d7d7d7d7d7d7d7d7d7d7d7d7d7d7d
        12  ................  11111111111111111111111111111111
        10  ................  a0a0a0a0a0a0a0a0a0a0a0a0a0a0a0a0
         9  ................  91919191919191919191919191919191
         9  ]]]]]]]]]]]]]]]]  5d5d5d5d5d5d5d5d5d5d5d5d5d5d5d5d
# epoch 5950  H=7.9837 C=7.9467 HO=-0.0163  A(t)=169
       145  >>>>>>>>>>>>>>>>  3e3e3e3e3e3e3e3e3e3e3e3e3e3e3e3e
        77  ................  efefefefefefefefefefefefefefefef
        37  [[[[[[[[[[[[[[[[  5b5b5b5b5b5b5b5b5b5b5b5b5b5b5b5b
        28  ................  fefefefefefefefefefefefefefefefe
        27  }}}}}}}}}}}}}}}}  7d7d7d7d7d7d7d7d7d7d7d7d7d7d7d7d
        16  ================  3d3d3d3d3d3d3d3d3d3d3d3d3d3d3d3d
        12  ................  a0a0a0a0a0a0a0a0a0a0a0a0a0a0a0a0
        12  \\\\\\\\\\\\\\\\  5c5c5c5c5c5c5c5c5c5c5c5c5c5c5c5c
        12  ................  11111111111111111111111111111111
         9  ]]]]]]]]]]]]]]]]  5d5d5d5d5d5d5d5d5d5d5d5d5d5d5d5d
# epoch 6000  H=7.9836 C=7.9441 HO=-0.0164  A(t)=169
       178  >>>>>>>>>>>>>>>>  3e3e3e3e3e3e3e3e3e3e3e3e3e3e3e3e
        61  ................  efefefefefefefefefefefefefefefef
        47  ................  9d9d9d9d9d9d9d9d9d9d9d9d9d9d9d9d
        38  }}}}}}}}}}}}}}}}  7d7d7d7d7d7d7d7d7d7d7d7d7d7d7d7d
        32  ................  dededededededededededededededede
        28  ................  fefefefefefefefefefefefefefefefe
        27  ................  01010101010101010101010101010101
        24  ................  aeaeaeaeaeaeaeaeaeaeaeaeaeaeaeae
        15  [[[[[[[[[[[[[[[[  5b5b5b5b5b5b5b5b5b5b5b5b5b5b5b5b
        12  \\\\\\\\\\\\\\\\  5c5c5c5c5c5c5c5c5c5c5c5c5c5c5c5c
# epoch 6050  H=7.9836 C=7.9453 HO=-0.0164  A(t)=171
       179  >>>>>>>>>>>>>>>>  3e3e3e3e3e3e3e3e3e3e3e3e3e3e3e3e
        76  ................  01010101010101010101010101010101
        61  ................  efefefefefefefefefefefefefefefef
        47  ................  9d9d9d9d9d9d9d9d9d9d9d9d9d9d9d9d
        28  ................  fefefefefefefefefefefefefefefefe
        28  }}}}}}}}}}}}}}}}  7d7d7d7d7d7d7d7d7d7d7d7d7d7d7d7d
        16  ................  dededededededededededededededede
        15  ................  aeaeaeaeaeaeaeaeaeaeaeaeaeaeaeae
        15  ZZZZZZZZZZZZZZZZ  5a5a5a5a5a5a5a5a5a5a5a5a5a5a5a5a
        13  [[[[[[[[[[[[[[[[  5b5b5b5b5b5b5b5b5b5b5b5b5b5b5b5b
# epoch 6100  H=7.9836 C=7.9443 HO=-0.0165  A(t)=171
       193  >>>>>>>>>>>>>>>>  3e3e3e3e3e3e3e3e3e3e3e3e3e3e3e3e
        60  ................  01010101010101010101010101010101
        48  ................  97979797979797979797979797979797
        47  ................  9d9d9d9d9d9d9d9d9d9d9d9d9d9d9d9d
        27  ................  efefefefefefefefefefefefefefefef
        27  }}}}}}}}}}}}}}}}  7d7d7d7d7d7d7d7d7d7d7d7d7d7d7d7d
        26  ................  fefefefefefefefefefefefefefefefe
        22  gggggggggggggggg  67676767676767676767676767676767
        20  ................  9e9e9e9e9e9e9e9e9e9e9e9e9e9e9e9e
        15  ................  dededededededededededededededede
# epoch 6150  H=7.9832 C=7.9427 HO=0.0371  A(t)=171
       324  >>>>>>>>>>>>>>>>  3e3e3e3e3e3e3e3e3e3e3e3e3e3e3e3e
        51  ................  01010101010101010101010101010101
        48  ................  97979797979797979797979797979797
        33  ................  0a0a0a0a0a0a0a0a0a0a0a0a0a0a0a0a
        31  ................  9d9d9d9d9d9d9d9d9d9d9d9d9d9d9d9d
        29  }}}}}}}}}}}}}}}}  7d7d7d7d7d7d7d7d7d7d7d7d7d7d7d7d
        27  ................  efefefefefefefefefefefefefefefef
        26  ................  fefefefefefefefefefefefefefefefe
        24  gggggggggggggggg  67676767676767676767676767676767
        20  ................  9e9e9e9e9e9e9e9e9e9e9e9e9e9e9e9e
# epoch 6200  H=7.9832 C=7.9438 HO=0.0395  A(t)=171
       317  >>>>>>>>>>>>>>>>  3e3e3e3e3e3e3e3e3e3e3e3e3e3e3e3e
        44  ................  01010101010101010101010101010101
        32  ................  97979797979797979797979797979797
        31  ................  a8a8a8a8a8a8a8a8a8a8a8a8a8a8a8a8
        26  ................  fefefefefefefefefefefefefefefefe
        25  }}}}}}}}}}}}}}}}  7d7d7d7d7d7d7d7d7d7d7d7d7d7d7d7d
        22  ................  efefefefefefefefefefefefefefefef
        20  ................  9e9e9e9e9e9e9e9e9e9e9e9e9e9e9e9e
        19  gggggggggggggggg  67676767676767676767676767676767
        17  ................  0a0a0a0a0a0a0a0a0a0a0a0a0a0a0a0a
# epoch 6250  H=7.9831 C=7.9450 HO=-0.0170  A(t)=172
       324  >>>>>>>>>>>>>>>>  3e3e3e3e3e3e3e3e3e3e3e3e3e3e3e3e
        38  ................  01010101010101010101010101010101
        36  }}}}}}}}}}}}}}}}  7d7d7d7d7d7d7d7d7d7d7d7d7d7d7d7d
        32  ................  97979797979797979797979797979797
        31  ................  a8a8a8a8a8a8a8a8a8a8a8a8a8a8a8a8
        26  ................  fefefefefefefefefefefefefefefefe
        19  ................  9e9e9e9e9e9e9e9e9e9e9e9e9e9e9e9e
        19  gggggggggggggggg  67676767676767676767676767676767
        17  ................  efefefefefefefefefefefefefefefef
        15  ................  dededededededededededededededede
# epoch 6300  H=7.9833 C=7.9439 HO=0.0379  A(t)=173
       321  >>>>>>>>>>>>>>>>  3e3e3e3e3e3e3e3e3e3e3e3e3e3e3e3e
        61  ................  01010101010101010101010101010101
        49  ................  17171717171717171717171717171717
        48  }}}}}}}}}}}}}}}}  7d7d7d7d7d7d7d7d7d7d7d7d7d7d7d7d
        47  ................  85858585858585858585858585858585
        30  ................  a8a8a8a8a8a8a8a8a8a8a8a8a8a8a8a8
        26  ................  fefefefefefefefefefefefefefefefe
        15  ................  dededededededededededededededede
        15  ................  aeaeaeaeaeaeaeaeaeaeaeaeaeaeaeae
        15  ................  9e9e9e9e9e9e9e9e9e9e9e9e9e9e9e9e
# epoch 6350  H=7.9830 C=7.9426 HO=0.0400  A(t)=174
       309  >>>>>>>>>>>>>>>>  3e3e3e3e3e3e3e3e3e3e3e3e3e3e3e3e
        61  ................  01010101010101010101010101010101
        54  [[[[[[[[[[[[[[[[  5b5b5b5b5b5b5b5b5b5b5b5b5b5b5b5b
        52  ]]]]]]]]]]]]]]]]  5d5d5d5d5d5d5d5d5d5d5d5d5d5d5d5d
        50  }}}}}}}}}}}}}}}}  7d7d7d7d7d7d7d7d7d7d7d7d7d7d7d7d
        49  ................  17171717171717171717171717171717
        47  ................  85858585858585858585858585858585
        27  ................  a8a8a8a8a8a8a8a8a8a8a8a8a8a8a8a8
        26  ................  fefefefefefefefefefefefefefefefe
        21  ,,,,,,,,,,,,,,,,  2c2c2c2c2c2c2c2c2c2c2c2c2c2c2c2c
# epoch 6400  H=7.9832 C=7.9427 HO=0.0393  A(t)=174
       331  >>>>>>>>>>>>>>>>  3e3e3e3e3e3e3e3e3e3e3e3e3e3e3e3e
        65  [[[[[[[[[[[[[[[[  5b5b5b5b5b5b5b5b5b5b5b5b5b5b5b5b
        64  }}}}}}}}}}}}}}}}  7d7d7d7d7d7d7d7d7d7d7d7d7d7d7d7d
        60  ................  01010101010101010101010101010101
        49  ................  17171717171717171717171717171717
        47  ................  85858585858585858585858585858585
        36  ]]]]]]]]]]]]]]]]  5d5d5d5d5d5d5d5d5d5d5d5d5d5d5d5d
        26  ................  fefefefefefefefefefefefefefefefe
        17  ................  8e8e8e8e8e8e8e8e8e8e8e8e8e8e8e8e
        16  ????????????????  3f3f3f3f3f3f3f3f3f3f3f3f3f3f3f3f
# epoch 6450  H=7.9832 C=7.9433 HO=0.0410  A(t)=175
       271  >>>>>>>>>>>>>>>>  3e3e3e3e3e3e3e3e3e3e3e3e3e3e3e3e
        64  [[[[[[[[[[[[[[[[  5b5b5b5b5b5b5b5b5b5b5b5b5b5b5b5b
        60  ................  01010101010101010101010101010101
        57  }}}}}}}}}}}}}}}}  7d7d7d7d7d7d7d7d7d7d7d7d7d7d7d7d
        52  ????????????????  3f3f3f3f3f3f3f3f3f3f3f3f3f3f3f3f
        44  ................  17171717171717171717171717171717
        33  ................  f0f0f0f0f0f0f0f0f0f0f0f0f0f0f0f0
        31  ................  85858585858585858585858585858585
        17  ................  8e8e8e8e8e8e8e8e8e8e8e8e8e8e8e8e
        17  ,,,,,,,,,,,,,,,,  2c2c2c2c2c2c2c2c2c2c2c2c2c2c2c2c
# epoch 6500  H=7.9832 C=7.9433 HO=0.0409  A(t)=175
       271  >>>>>>>>>>>>>>>>  3e3e3e3e3e3e3e3e3e3e3e3e3e3e3e3e
        54  ================  3d3d3d3d3d3d3d3d3d3d3d3d3d3d3d3d
        53  ????????????????  3f3f3f3f3f3f3f3f3f3f3f3f3f3f3f3f
        52  [[[[[[[[[[[[[[[[  5b5b5b5b5b5b5b5b5b5b5b5b5b5b5b5b
        50  }}}}}}}}}}}}}}}}  7d7d7d7d7d7d7d7d7d7d7d7d7d7d7d7d
        32  ................  01010101010101010101010101010101
        31  \\\\\\\\\\\\\\\\  5c5c5c5c5c5c5c5c5c5c5c5c5c5c5c5c
        24  ................  f0f0f0f0f0f0f0f0f0f0f0f0f0f0f0f0
        21  ................  17171717171717171717171717171717
        17  ,,,,,,,,,,,,,,,,  2c2c2c2c2c2c2c2c2c2c2c2c2c2c2c2c
# epoch 6550  H=7.9834 C=7.9438 HO=0.0405  A(t)=176
       252  >>>>>>>>>>>>>>>>  3e3e3e3e3e3e3e3e3e3e3e3e3e3e3e3e
        52  [[[[[[[[[[[[[[[[  5b5b5b5b5b5b5b5b5b5b5b5b5b5b5b5b
        47  ^^^^^^^^^^^^^^^^  5e5e5e5e5e5e5e5e5e5e5e5e5e5e5e5e
        47  ????????????????  3f3f3f3f3f3f3f3f3f3f3f3f3f3f3f3f
        41  ,,,,,,,,,,,,,,,,  2c2c2c2c2c2c2c2c2c2c2c2c2c2c2c2c
        39  }}}}}}}}}}}}}}}}  7d7d7d7d7d7d7d7d7d7d7d7d7d7d7d7d
        31  \\\\\\\\\\\\\\\\  5c5c5c5c5c5c5c5c5c5c5c5c5c5c5c5c
        26  UUUUUUUUUUUUUUUU  55555555555555555555555555555555
        20  ................  f0f0f0f0f0f0f0f0f0f0f0f0f0f0f0f0
        16  ................  8e8e8e8e8e8e8e8e8e8e8e8e8e8e8e8e
# epoch 6600  H=7.9835 C=7.9455 HO=-0.0166  A(t)=176
       204  >>>>>>>>>>>>>>>>  3e3e3e3e3e3e3e3e3e3e3e3e3e3e3e3e
        52  [[[[[[[[[[[[[[[[  5b5b5b5b5b5b5b5b5b5b5b5b5b5b5b5b
        52  ????????????????  3f3f3f3f3f3f3f3f3f3f3f3f3f3f3f3f
        47  ^^^^^^^^^^^^^^^^  5e5e5e5e5e5e5e5e5e5e5e5e5e5e5e5e
        40  ,,,,,,,,,,,,,,,,  2c2c2c2c2c2c2c2c2c2c2c2c2c2c2c2c
        38  }}}}}}}}}}}}}}}}  7d7d7d7d7d7d7d7d7d7d7d7d7d7d7d7d
        22  ................  aeaeaeaeaeaeaeaeaeaeaeaeaeaeaeae
        20  ................  f0f0f0f0f0f0f0f0f0f0f0f0f0f0f0f0
        18  ................  d2d2d2d2d2d2d2d2d2d2d2d2d2d2d2d2
        16  UUUUUUUUUUUUUUUU  55555555555555555555555555555555
# epoch 6650  H=7.9834 C=7.9452 HO=0.0391  A(t)=176
       224  >>>>>>>>>>>>>>>>  3e3e3e3e3e3e3e3e3e3e3e3e3e3e3e3e
        50  [[[[[[[[[[[[[[[[  5b5b5b5b5b5b5b5b5b5b5b5b5b5b5b5b
        47  ^^^^^^^^^^^^^^^^  5e5e5e5e5e5e5e5e5e5e5e5e5e5e5e5e
        38  }}}}}}}}}}}}}}}}  7d7d7d7d7d7d7d7d7d7d7d7d7d7d7d7d
        33  IIIIIIIIIIIIIIII  49494949494949494949494949494949
        32  ................  f8f8f8f8f8f8f8f8f8f8f8f8f8f8f8f8
        31  ,,,,,,,,,,,,,,,,  2c2c2c2c2c2c2c2c2c2c2c2c2c2c2c2c
        24  ????????????????  3f3f3f3f3f3f3f3f3f3f3f3f3f3f3f3f
        22  ................  aeaeaeaeaeaeaeaeaeaeaeaeaeaeaeae
        16  UUUUUUUUUUUUUUUU  55555555555555555555555555555555
# epoch 6700  H=7.9833 C=7.9458 HO=-0.0168  A(t)=176
       246  >>>>>>>>>>>>>>>>  3e3e3e3e3e3e3e3e3e3e3e3e3e3e3e3e
        62  }}}}}}}}}}}}}}}}  7d7d7d7d7d7d7d7d7d7d7d7d7d7d7d7d
        38  ????????????????  3f3f3f3f3f3f3f3f3f3f3f3f3f3f3f3f
        32  [[[[[[[[[[[[[[[[  5b5b5b5b5b5b5b5b5b5b5b5b5b5b5b5b
        31  ^^^^^^^^^^^^^^^^  5e5e5e5e5e5e5e5e5e5e5e5e5e5e5e5e
        29  IIIIIIIIIIIIIIII  49494949494949494949494949494949
        29  ,,,,,,,,,,,,,,,,  2c2c2c2c2c2c2c2c2c2c2c2c2c2c2c2c
        28  mmmmmmmmmmmmmmmm  6d6d6d6d6d6d6d6d6d6d6d6d6d6d6d6d
        20  ----------------  2d2d2d2d2d2d2d2d2d2d2d2d2d2d2d2d
        16  ................  f8f8f8f8f8f8f8f8f8f8f8f8f8f8f8f8
# epoch 6750  H=7.9830 C=7.9435 HO=0.0411  A(t)=177
       283  >>>>>>>>>>>>>>>>  3e3e3e3e3e3e3e3e3e3e3e3e3e3e3e3e
        57  }}}}}}}}}}}}}}}}  7d7d7d7d7d7d7d7d7d7d7d7d7d7d7d7d
        44  ................  f5f5f5f5f5f5f5f5f5f5f5f5f5f5f5f5
        39  ????????????????  3f3f3f3f3f3f3f3f3f3f3f3f3f3f3f3f
        34  ||||||||||||||||  7c7c7c7c7c7c7c7c7c7c7c7c7c7c7c7c
        31  ^^^^^^^^^^^^^^^^  5e5e5e5e5e5e5e5e5e5e5e5e5e5e5e5e
        29  IIIIIIIIIIIIIIII  49494949494949494949494949494949
        28  mmmmmmmmmmmmmmmm  6d6d6d6d6d6d6d6d6d6d6d6d6d6d6d6d
        26  ,,,,,,,,,,,,,,,,  2c2c2c2c2c2c2c2c2c2c2c2c2c2c2c2c
        19  ----------------  2d2d2d2d2d2d2d2d2d2d2d2d2d2d2d2d
# epoch 6800  H=7.9829 C=7.9425 HO=0.0414  A(t)=177
       301  >>>>>>>>>>>>>>>>  3e3e3e3e3e3e3e3e3e3e3e3e3e3e3e3e
        55  }}}}}}}}}}}}}}}}  7d7d7d7d7d7d7d7d7d7d7d7d7d7d7d7d
        52  ^^^^^^^^^^^^^^^^  5e5e5e5e5e5e5e5e5e5e5e5e5e5e5e5e
        49  ,,,,,,,,,,,,,,,,  2c2c2c2c2c2c2c2c2c2c2c2c2c2c2c2c
        44  ................  f5f5f5f5f5f5f5f5f5f5f5f5f5f5f5f5
        32  ????????????????  3f3f3f3f3f3f3f3f3f3f3f3f3f3f3f3f
        28  mmmmmmmmmmmmmmmm  6d6d6d6d6d6d6d6d6d6d6d6d6d6d6d6d
        26  IIIIIIIIIIIIIIII  49494949494949494949494949494949
        23  @@@@@@@@@@@@@@@@  40404040404040404040404040404040
        22  ................  c6c6c6c6c6c6c6c6c6c6c6c6c6c6c6c6
# epoch 6850  H=7.9830 C=7.9429 HO=0.0441  A(t)=177
       317  >>>>>>>>>>>>>>>>  3e3e3e3e3e3e3e3e3e3e3e3e3e3e3e3e
        49  }}}}}}}}}}}}}}}}  7d7d7d7d7d7d7d7d7d7d7d7d7d7d7d7d
        49  ,,,,,,,,,,,,,,,,  2c2c2c2c2c2c2c2c2c2c2c2c2c2c2c2c
        45  [[[[[[[[[[[[[[[[  5b5b5b5b5b5b5b5b5b5b5b5b5b5b5b5b
        44  ................  f5f5f5f5f5f5f5f5f5f5f5f5f5f5f5f5
        28  ))))))))))))))))  29292929292929292929292929292929
        22  ................  c6c6c6c6c6c6c6c6c6c6c6c6c6c6c6c6
        22  ????????????????  3f3f3f3f3f3f3f3f3f3f3f3f3f3f3f3f
        19  ^^^^^^^^^^^^^^^^  5e5e5e5e5e5e5e5e5e5e5e5e5e5e5e5e
        19  ----------------  2d2d2d2d2d2d2d2d2d2d2d2d2d2d2d2d
# epoch 6900  H=7.9828 C=7.9438 HO=0.0404  A(t)=177
       310  >>>>>>>>>>>>>>>>  3e3e3e3e3e3e3e3e3e3e3e3e3e3e3e3e
        56  ,,,,,,,,,,,,,,,,  2c2c2c2c2c2c2c2c2c2c2c2c2c2c2c2c
        35  }}}}}}}}}}}}}}}}  7d7d7d7d7d7d7d7d7d7d7d7d7d7d7d7d
        31  [[[[[[[[[[[[[[[[  5b5b5b5b5b5b5b5b5b5b5b5b5b5b5b5b
        28  ................  f5f5f5f5f5f5f5f5f5f5f5f5f5f5f5f5
        22  ................  c6c6c6c6c6c6c6c6c6c6c6c6c6c6c6c6
        19  ^^^^^^^^^^^^^^^^  5e5e5e5e5e5e5e5e5e5e5e5e5e5e5e5e
        19  ----------------  2d2d2d2d2d2d2d2d2d2d2d2d2d2d2d2d
        14  iiiiiiiiiiiiiiii  69696969696969696969696969696969
        13  ????????????????  3f3f3f3f3f3f3f3f3f3f3f3f3f3f3f3f
# epoch 6950  H=7.9828 C=7.9443 HO=0.0395  A(t)=178
       291  >>>>>>>>>>>>>>>>  3e3e3e3e3e3e3e3e3e3e3e3e3e3e3e3e
        40  ,,,,,,,,,,,,,,,,  2c2c2c2c2c2c2c2c2c2c2c2c2c2c2c2c
        31  [[[[[[[[[[[[[[[[  5b5b5b5b5b5b5b5b5b5b5b5b5b5b5b5b
        22  ................  f5f5f5f5f5f5f5f5f5f5f5f5f5f5f5f5
        22  ................  c6c6c6c6c6c6c6c6c6c6c6c6c6c6c6c6
        19  }}}}}}}}}}}}}}}}  7d7d7d7d7d7d7d7d7d7d7d7d7d7d7d7d
        19  ----------------  2d2d2d2d2d2d2d2d2d2d2d2d2d2d2d2d
        18  hhhhhhhhhhhhhhhh  68686868686868686868686868686868
        17  ^^^^^^^^^^^^^^^^  5e5e5e5e5e5e5e5e5e5e5e5e5e5e5e5e
        12  mmmmmmmmmmmmmmmm  6d6d6d6d6d6d6d6d6d6d6d6d6d6d6d6d
# epoch 7000  H=7.9830 C=7.9447 HO=0.0393  A(t)=178
       229  >>>>>>>>>>>>>>>>  3e3e3e3e3e3e3e3e3e3e3e3e3e3e3e3e
        49  ................  93939393939393939393939393939393
        30  [[[[[[[[[[[[[[[[  5b5b5b5b5b5b5b5b5b5b5b5b5b5b5b5b
        30  ,,,,,,,,,,,,,,,,  2c2c2c2c2c2c2c2c2c2c2c2c2c2c2c2c
        26  ................  96969696969696969696969696969696
        20  ................  c6c6c6c6c6c6c6c6c6c6c6c6c6c6c6c6
        18  }}}}}}}}}}}}}}}}  7d7d7d7d7d7d7d7d7d7d7d7d7d7d7d7d
        18  hhhhhhhhhhhhhhhh  68686868686868686868686868686868
        14  ................  f5f5f5f5f5f5f5f5f5f5f5f5f5f5f5f5
        12  mmmmmmmmmmmmmmmm  6d6d6d6d6d6d6d6d6d6d6d6d6d6d6d6d
# epoch 7050  H=7.9830 C=7.9454 HO=0.0378  A(t)=179
       192  >>>>>>>>>>>>>>>>  3e3e3e3e3e3e3e3e3e3e3e3e3e3e3e3e
        49  ................  93939393939393939393939393939393
        33  JJJJJJJJJJJJJJJJ  4a4a4a4a4a4a4a4a4a4a4a4a4a4a4a4a
        30  [[[[[[[[[[[[[[[[  5b5b5b5b5b5b5b5b5b5b5b5b5b5b5b5b
        26  ................  96969696969696969696969696969696
        26  ,,,,,,,,,,,,,,,,  2c2c2c2c2c2c2c2c2c2c2c2c2c2c2c2c
        20  ................  c6c6c6c6c6c6c6c6c6c6c6c6c6c6c6c6
        20  ................  92929292929292929292929292929292
        18  hhhhhhhhhhhhhhhh  68686868686868686868686868686868
        14  ................  f5f5f5f5f5f5f5f5f5f5f5f5f5f5f5f5
# epoch 7100  H=7.9833 C=7.9473 HO=-0.0168  A(t)=179
       197  >>>>>>>>>>>>>>>>  3e3e3e3e3e3e3e3e3e3e3e3e3e3e3e3e
        36  ................  93939393939393939393939393939393
        30  [[[[[[[[[[[[[[[[  5b5b5b5b5b5b5b5b5b5b5b5b5b5b5b5b
        26  ,,,,,,,,,,,,,,,,  2c2c2c2c2c2c2c2c2c2c2c2c2c2c2c2c
        25  JJJJJJJJJJJJJJJJ  4a4a4a4a4a4a4a4a4a4a4a4a4a4a4a4a
        19  ................  96969696969696969696969696969696
        16  hhhhhhhhhhhhhhhh  68686868686868686868686868686868
        14  ................  f5f5f5f5f5f5f5f5f5f5f5f5f5f5f5f5
        14  <><><><><><><><>  3c3e3c3e3c3e3c3e3c3e3c3e3c3e3c3e
        13  ><><><><><><><><  3e3c3e3c3e3c3e3c3e3c3e3c3e3c3e3c
# epoch 7150  H=7.9833 C=7.9473 HO=-0.0168  A(t)=179
       189  >>>>>>>>>>>>>>>>  3e3e3e3e3e3e3e3e3e3e3e3e3e3e3e3e
        63  ,,,,,,,,,,,,,,,,  2c2c2c2c2c2c2c2c2c2c2c2c2c2c2c2c
        55  zzzzzzzzzzzzzzzz  7a7a7a7a7a7a7a7a7a7a7a7a7a7a7a7a
        36  ................  93939393939393939393939393939393
        30  [[[[[[[[[[[[[[[[  5b5b5b5b5b5b5b5b5b5b5b5b5b5b5b5b
        25  JJJJJJJJJJJJJJJJ  4a4a4a4a4a4a4a4a4a4a4a4a4a4a4a4a
        19  ................  96969696969696969696969696969696
        14  ................  f5f5f5f5f5f5f5f5f5f5f5f5f5f5f5f5
        14  <><><><><><><><>  3c3e3c3e3c3e3c3e3c3e3c3e3c3e3c3e
        13  ><><><><><><><><  3e3c3e3c3e3c3e3c3e3c3e3c3e3c3e3c
# epoch 7200  H=7.9834 C=7.9458 HO=0.0393  A(t)=181
       173  >>>>>>>>>>>>>>>>  3e3e3e3e3e3e3e3e3e3e3e3e3e3e3e3e
        54  ,,,,,,,,,,,,,,,,  2c2c2c2c2c2c2c2c2c2c2c2c2c2c2c2c
        48  ................  a6a6a6a6a6a6a6a6a6a6a6a6a6a6a6a6
        46  mmmmmmmmmmmmmmmm  6d6d6d6d6d6d6d6d6d6d6d6d6d6d6d6d
        41  zzzzzzzzzzzzzzzz  7a7a7a7a7a7a7a7a7a7a7a7a7a7a7a7a
        38  ................  01010101010101010101010101010101
        30  [[[[[[[[[[[[[[[[  5b5b5b5b5b5b5b5b5b5b5b5b5b5b5b5b
        25  JJJJJJJJJJJJJJJJ  4a4a4a4a4a4a4a4a4a4a4a4a4a4a4a4a
        20  ................  93939393939393939393939393939393
        16  ................  96969696969696969696969696969696
# epoch 7250  H=7.9832 C=7.9442 HO=0.0398  A(t)=182
       243  >>>>>>>>>>>>>>>>  3e3e3e3e3e3e3e3e3e3e3e3e3e3e3e3e
        96  ................  a6a6a6a6a6a6a6a6a6a6a6a6a6a6a6a6
        48  ................  9d9d9d9d9d9d9d9d9d9d9d9d9d9d9d9d
        41  zzzzzzzzzzzzzzzz  7a7a7a7a7a7a7a7a7a7a7a7a7a7a7a7a
        41  ,,,,,,,,,,,,,,,,  2c2c2c2c2c2c2c2c2c2c2c2c2c2c2c2c
        38  ????????????????  3f3f3f3f3f3f3f3f3f3f3f3f3f3f3f3f
        31  ----------------  2d2d2d2d2d2d2d2d2d2d2d2d2d2d2d2d
        30  mmmmmmmmmmmmmmmm  6d6d6d6d6d6d6d6d6d6d6d6d6d6d6d6d
        30  ................  01010101010101010101010101010101
        29  [[[[[[[[[[[[[[[[  5b5b5b5b5b5b5b5b5b5b5b5b5b5b5b5b
# epoch 7300  H=7.9830 C=7.9451 HO=0.0378  A(t)=183
       306  >>>>>>>>>>>>>>>>  3e3e3e3e3e3e3e3e3e3e3e3e3e3e3e3e
        73  ................  a6a6a6a6a6a6a6a6a6a6a6a6a6a6a6a6
        41  zzzzzzzzzzzzzzzz  7a7a7a7a7a7a7a7a7a7a7a7a7a7a7a7a
        38  ,,,,,,,,,,,,,,,,  2c2c2c2c2c2c2c2c2c2c2c2c2c2c2c2c
        31  ????????????????  3f3f3f3f3f3f3f3f3f3f3f3f3f3f3f3f
        30  ................  01010101010101010101010101010101
        29  ................  9d9d9d9d9d9d9d9d9d9d9d9d9d9d9d9d
        29  ----------------  2d2d2d2d2d2d2d2d2d2d2d2d2d2d2d2d
        22  qqqqqqqqqqqqqqqq  71717171717171717171717171717171
        15  JJJJJJJJJJJJJJJJ  4a4a4a4a4a4a4a4a4a4a4a4a4a4a4a4a
# epoch 7350  H=7.9829 C=7.9431 HO=0.0400  A(t)=184
       311  >>>>>>>>>>>>>>>>  3e3e3e3e3e3e3e3e3e3e3e3e3e3e3e3e
        66  ................  a6a6a6a6a6a6a6a6a6a6a6a6a6a6a6a6
        49  6666666666666666  36363636363636363636363636363636
        47  FFFFFFFFFFFFFFFF  46464646464646464646464646464646
        38  ,,,,,,,,,,,,,,,,  2c2c2c2c2c2c2c2c2c2c2c2c2c2c2c2c
        31  ????????????????  3f3f3f3f3f3f3f3f3f3f3f3f3f3f3f3f
        29  ................  9d9d9d9d9d9d9d9d9d9d9d9d9d9d9d9d
        29  ----------------  2d2d2d2d2d2d2d2d2d2d2d2d2d2d2d2d
        25  ................  bebebebebebebebebebebebebebebebe
        22  qqqqqqqqqqqqqqqq  71717171717171717171717171717171
# epoch 7400  H=7.9827 C=7.9409 HO=0.0419  A(t)=184
       326  >>>>>>>>>>>>>>>>  3e3e3e3e3e3e3e3e3e3e3e3e3e3e3e3e
        87  ,,,,,,,,,,,,,,,,  2c2c2c2c2c2c2c2c2c2c2c2c2c2c2c2c
        49  ................  a6a6a6a6a6a6a6a6a6a6a6a6a6a6a6a6
        49  ................  1b1b1b1b1b1b1b1b1b1b1b1b1b1b1b1b
        47  6666666666666666  36363636363636363636363636363636
        41  [[[[[[[[[[[[[[[[  5b5b5b5b5b5b5b5b5b5b5b5b5b5b5b5b
        32  ................  80808080808080808080808080808080
        31  FFFFFFFFFFFFFFFF  46464646464646464646464646464646
        29  ----------------  2d2d2d2d2d2d2d2d2d2d2d2d2d2d2d2d
        26  ????????????????  3f3f3f3f3f3f3f3f3f3f3f3f3f3f3f3f
# epoch 7450  H=7.9826 C=7.9412 HO=0.0412  A(t)=184
       312  >>>>>>>>>>>>>>>>  3e3e3e3e3e3e3e3e3e3e3e3e3e3e3e3e
        66  ,,,,,,,,,,,,,,,,  2c2c2c2c2c2c2c2c2c2c2c2c2c2c2c2c
        49  ]]]]]]]]]]]]]]]]  5d5d5d5d5d5d5d5d5d5d5d5d5d5d5d5d
        49  ................  1b1b1b1b1b1b1b1b1b1b1b1b1b1b1b1b
        47  6666666666666666  36363636363636363636363636363636
        30  ................  a6a6a6a6a6a6a6a6a6a6a6a6a6a6a6a6
        28  ////////////////  2f2f2f2f2f2f2f2f2f2f2f2f2f2f2f2f
        24  [[[[[[[[[[[[[[[[  5b5b5b5b5b5b5b5b5b5b5b5b5b5b5b5b
        22  qqqqqqqqqqqqqqqq  71717171717171717171717171717171
        20  zzzzzzzzzzzzzzzz  7a7a7a7a7a7a7a7a7a7a7a7a7a7a7a7a
# epoch 7500  H=7.9827 C=7.9414 HO=0.0409  A(t)=184
       309  >>>>>>>>>>>>>>>>  3e3e3e3e3e3e3e3e3e3e3e3e3e3e3e3e
        52  qqqqqqqqqqqqqqqq  71717171717171717171717171717171
        42  ................  e1e1e1e1e1e1e1e1e1e1e1e1e1e1e1e1
        41  ................  1b1b1b1b1b1b1b1b1b1b1b1b1b1b1b1b
        40  ,,,,,,,,,,,,,,,,  2c2c2c2c2c2c2c2c2c2c2c2c2c2c2c2c
        30  ................  a6a6a6a6a6a6a6a6a6a6a6a6a6a6a6a6
        28  6666666666666666  36363636363636363636363636363636
        28  ////////////////  2f2f2f2f2f2f2f2f2f2f2f2f2f2f2f2f
        23  ]]]]]]]]]]]]]]]]  5d5d5d5d5d5d5d5d5d5d5d5d5d5d5d5d
        18  [[[[[[[[[[[[[[[[  5b5b5b5b5b5b5b5b5b5b5b5b5b5b5b5b
# epoch 7550  H=7.9827 C=7.9423 HO=0.0407  A(t)=185
       310  >>>>>>>>>>>>>>>>  3e3e3e3e3e3e3e3e3e3e3e3e3e3e3e3e
        52  qqqqqqqqqqqqqqqq  71717171717171717171717171717171
        44  ................  a9a9a9a9a9a9a9a9a9a9a9a9a9a9a9a9
        41  ................  1b1b1b1b1b1b1b1b1b1b1b1b1b1b1b1b
        39  ................  e1e1e1e1e1e1e1e1e1e1e1e1e1e1e1e1
        28  6666666666666666  36363636363636363636363636363636
        23  ]]]]]]]]]]]]]]]]  5d5d5d5d5d5d5d5d5d5d5d5d5d5d5d5d
        23  ,,,,,,,,,,,,,,,,  2c2c2c2c2c2c2c2c2c2c2c2c2c2c2c2c
        21  ................  a6a6a6a6a6a6a6a6a6a6a6a6a6a6a6a6
        16  ????????????????  3f3f3f3f3f3f3f3f3f3f3f3f3f3f3f3f
# epoch 7600  H=7.9824 C=7.9421 HO=0.0399  A(t)=187
       304  >>>>>>>>>>>>>>>>  3e3e3e3e3e3e3e3e3e3e3e3e3e3e3e3e
        46  qqqqqqqqqqqqqqqq  71717171717171717171717171717171
        44  ................  a9a9a9a9a9a9a9a9a9a9a9a9a9a9a9a9
        41  ................  1b1b1b1b1b1b1b1b1b1b1b1b1b1b1b1b
        39  ................  e1e1e1e1e1e1e1e1e1e1e1e1e1e1e1e1
        36  ................  01010101010101010101010101010101
        28  ,,,,,,,,,,,,,,,,  2c2c2c2c2c2c2c2c2c2c2c2c2c2c2c2c
        23  ]]]]]]]]]]]]]]]]  5d5d5d5d5d5d5d5d5d5d5d5d5d5d5d5d
        20  6666666666666666  36363636363636363636363636363636
        19  }}}}}}}}}}}}}}}}  7d7d7d7d7d7d7d7d7d7d7d7d7d7d7d7d
# epoch 7650  H=7.9822 C=7.9410 HO=0.0426  A(t)=187
       354  >>>>>>>>>>>>>>>>  3e3e3e3e3e3e3e3e3e3e3e3e3e3e3e3e
        58  ssssssssssssssss  73737373737373737373737373737373
        51  [[[[[[[[[[[[[[[[  5b5b5b5b5b5b5b5b5b5b5b5b5b5b5b5b
        46  qqqqqqqqqqqqqqqq  71717171717171717171717171717171
        44  ................  a9a9a9a9a9a9a9a9a9a9a9a9a9a9a9a9
        39  ................  e1e1e1e1e1e1e1e1e1e1e1e1e1e1e1e1
        38  ................  1b1b1b1b1b1b1b1b1b1b1b1b1b1b1b1b
        36  ................  01010101010101010101010101010101
        26  ,,,,,,,,,,,,,,,,  2c2c2c2c2c2c2c2c2c2c2c2c2c2c2c2c
        23  }}}}}}}}}}}}}}}}  7d7d7d7d7d7d7d7d7d7d7d7d7d7d7d7d
# epoch 7700  H=7.9823 C=7.9410 HO=0.0434  A(t)=187
       320  >>>>>>>>>>>>>>>>  3e3e3e3e3e3e3e3e3e3e3e3e3e3e3e3e
        58  ssssssssssssssss  73737373737373737373737373737373
        50  [[[[[[[[[[[[[[[[  5b5b5b5b5b5b5b5b5b5b5b5b5b5b5b5b
        46  qqqqqqqqqqqqqqqq  71717171717171717171717171717171
        44  ................  a9a9a9a9a9a9a9a9a9a9a9a9a9a9a9a9
        40  }}}}}}}}}}}}}}}}  7d7d7d7d7d7d7d7d7d7d7d7d7d7d7d7d
        36  ................  01010101010101010101010101010101
        30  ????????????????  3f3f3f3f3f3f3f3f3f3f3f3f3f3f3f3f
        26  ................  e1e1e1e1e1e1e1e1e1e1e1e1e1e1e1e1
        24  ................  1b1b1b1b1b1b1b1b1b1b1b1b1b1b1b1b
# epoch 7750  H=7.9823 C=7.9405 HO=0.0426  A(t)=187
       255  >>>>>>>>>>>>>>>>  3e3e3e3e3e3e3e3e3e3e3e3e3e3e3e3e
        75  ................  e1e1e1e1e1e1e1e1e1e1e1e1e1e1e1e1
        59  }}}}}}}}}}}}}}}}  7d7d7d7d7d7d7d7d7d7d7d7d7d7d7d7d
        58  ssssssssssssssss  73737373737373737373737373737373
        49  [[[[[[[[[[[[[[[[  5b5b5b5b5b5b5b5b5b5b5b5b5b5b5b5b
        46  qqqqqqqqqqqqqqqq  71717171717171717171717171717171
        31  eeeeeeeeeeeeeeee  65656565656565656565656565656565
        25  ................  01010101010101010101010101010101
        24  ................  1b1b1b1b1b1b1b1b1b1b1b1b1b1b1b1b
        22  ----------------  2d2d2d2d2d2d2d2d2d2d2d2d2d2d2d2d
# epoch 7800  H=7.9820 C=7.9381 HO=0.0421  A(t)=187
       296  >>>>>>>>>>>>>>>>  3e3e3e3e3e3e3e3e3e3e3e3e3e3e3e3e
        90  }}}}}}}}}}}}}}}}  7d7d7d7d7d7d7d7d7d7d7d7d7d7d7d7d
        58  ................  e1e1e1e1e1e1e1e1e1e1e1e1e1e1e1e1
        52  ................  01010101010101010101010101010101
        44  ................  e6e6e6e6e6e6e6e6e6e6e6e6e6e6e6e6
        37  qqqqqqqqqqqqqqqq  71717171717171717171717171717171
        35  ssssssssssssssss  73737373737373737373737373737373
        35  JJJJJJJJJJJJJJJJ  4a4a4a4a4a4a4a4a4a4a4a4a4a4a4a4a
        33  [[[[[[[[[[[[[[[[  5b5b5b5b5b5b5b5b5b5b5b5b5b5b5b5b
        32  ................  8d8d8d8d8d8d8d8d8d8d8d8d8d8d8d8d
# epoch 7850  H=7.9818 C=7.9377 HO=0.0458  A(t)=187
       378  >>>>>>>>>>>>>>>>  3e3e3e3e3e3e3e3e3e3e3e3e3e3e3e3e
       113  }}}}}}}}}}}}}}}}  7d7d7d7d7d7d7d7d7d7d7d7d7d7d7d7d
        66  oooooooooooooooo  6f6f6f6f6f6f6f6f6f6f6f6f6f6f6f6f
        52  ................  e1e1e1e1e1e1e1e1e1e1e1e1e1e1e1e1
        51  ................  01010101010101010101010101010101
        35  ssssssssssssssss  73737373737373737373737373737373
        33  ????????????????  3f3f3f3f3f3f3f3f3f3f3f3f3f3f3f3f
        28  ................  e6e6e6e6e6e6e6e6e6e6e6e6e6e6e6e6
        27  qqqqqqqqqqqqqqqq  71717171717171717171717171717171
        24  ................  8d8d8d8d8d8d8d8d8d8d8d8d8d8d8d8d
# epoch 7900  H=7.9815 C=7.9368 HO=0.0466  A(t)=187
       344  >>>>>>>>>>>>>>>>  3e3e3e3e3e3e3e3e3e3e3e3e3e3e3e3e
        92  }}}}}}}}}}}}}}}}  7d7d7d7d7d7d7d7d7d7d7d7d7d7d7d7d
        51  ................  01010101010101010101010101010101
        40  ]]]]]]]]]]]]]]]]  5d5d5d5d5d5d5d5d5d5d5d5d5d5d5d5d
        38  ????????????????  3f3f3f3f3f3f3f3f3f3f3f3f3f3f3f3f
        36  ................  e1e1e1e1e1e1e1e1e1e1e1e1e1e1e1e1
        35  ssssssssssssssss  73737373737373737373737373737373
        30  ================  3d3d3d3d3d3d3d3d3d3d3d3d3d3d3d3d
        26  [[[[[[[[[[[[[[[[  5b5b5b5b5b5b5b5b5b5b5b5b5b5b5b5b
        23  \\\\\\\\\\\\\\\\  5c5c5c5c5c5c5c5c5c5c5c5c5c5c5c5c
# epoch 7950  H=7.9815 C=7.9384 HO=0.0489  A(t)=187
       328  >>>>>>>>>>>>>>>>  3e3e3e3e3e3e3e3e3e3e3e3e3e3e3e3e
        87  }}}}}}}}}}}}}}}}  7d7d7d7d7d7d7d7d7d7d7d7d7d7d7d7d
        49  ................  01010101010101010101010101010101
        39  \\\\\\\\\\\\\\\\  5c5c5c5c5c5c5c5c5c5c5c5c5c5c5c5c
        38  ????????????????  3f3f3f3f3f3f3f3f3f3f3f3f3f3f3f3f
        36  ZZZZZZZZZZZZZZZZ  5a5a5a5a5a5a5a5a5a5a5a5a5a5a5a5a
        35  ]]]]]]]]]]]]]]]]  5d5d5d5d5d5d5d5d5d5d5d5d5d5d5d5d
        34  ssssssssssssssss  73737373737373737373737373737373
        30  ================  3d3d3d3d3d3d3d3d3d3d3d3d3d3d3d3d
        28  ................  e1e1e1e1e1e1e1e1e1e1e1e1e1e1e1e1
# epoch 8000  H=7.9813 C=7.9348 HO=0.0498  A(t)=187
       302  >>>>>>>>>>>>>>>>  3e3e3e3e3e3e3e3e3e3e3e3e3e3e3e3e
        62  ]]]]]]]]]]]]]]]]  5d5d5d5d5d5d5d5d5d5d5d5d5d5d5d5d
        58  }}}}}}}}}}}}}}}}  7d7d7d7d7d7d7d7d7d7d7d7d7d7d7d7d
        55  \\\\\\\\\\\\\\\\  5c5c5c5c5c5c5c5c5c5c5c5c5c5c5c5c
        49  ((((((((((((((((  28282828282828282828282828282828
        49  ................  01010101010101010101010101010101
        38  ????????????????  3f3f3f3f3f3f3f3f3f3f3f3f3f3f3f3f
        32  ................  b6b6b6b6b6b6b6b6b6b6b6b6b6b6b6b6
        32  ................  adadadadadadadadadadadadadadadad
        28  ................  e1e1e1e1e1e1e1e1e1e1e1e1e1e1e1e1
# epoch 8050  H=7.9812 C=7.9352 HO=0.0485  A(t)=190
       298  >>>>>>>>>>>>>>>>  3e3e3e3e3e3e3e3e3e3e3e3e3e3e3e3e
        55  \\\\\\\\\\\\\\\\  5c5c5c5c5c5c5c5c5c5c5c5c5c5c5c5c
        53  }}}}}}}}}}}}}}}}  7d7d7d7d7d7d7d7d7d7d7d7d7d7d7d7d
        46  ]]]]]]]]]]]]]]]]  5d5d5d5d5d5d5d5d5d5d5d5d5d5d5d5d
        37  ????????????????  3f3f3f3f3f3f3f3f3f3f3f3f3f3f3f3f
        33  ((((((((((((((((  28282828282828282828282828282828
        32  ................  b6b6b6b6b6b6b6b6b6b6b6b6b6b6b6b6
        32  ................  adadadadadadadadadadadadadadadad
        28  ................  e1e1e1e1e1e1e1e1e1e1e1e1e1e1e1e1
        28  ................  01010101010101010101010101010101
# epoch 8100  H=7.9810 C=7.9341 HO=0.0469  A(t)=190
       294  >>>>>>>>>>>>>>>>  3e3e3e3e3e3e3e3e3e3e3e3e3e3e3e3e
       104  }}}}}}}}}}}}}}}}  7d7d7d7d7d7d7d7d7d7d7d7d7d7d7d7d
        53  \\\\\\\\\\\\\\\\  5c5c5c5c5c5c5c5c5c5c5c5c5c5c5c5c
        40  ]]]]]]]]]]]]]]]]  5d5d5d5d5d5d5d5d5d5d5d5d5d5d5d5d
        34  [[[[[[[[[[[[[[[[  5b5b5b5b5b5b5b5b5b5b5b5b5b5b5b5b
        32  ................  b6b6b6b6b6b6b6b6b6b6b6b6b6b6b6b6
        32  ................  adadadadadadadadadadadadadadadad
        28  ................  01010101010101010101010101010101
        25  ((((((((((((((((  28282828282828282828282828282828
        21  ................  0f0f0f0f0f0f0f0f0f0f0f0f0f0f0f0f
# epoch 8150  H=7.9809 C=7.9347 HO=0.0480  A(t)=190
       252  >>>>>>>>>>>>>>>>  3e3e3e3e3e3e3e3e3e3e3e3e3e3e3e3e
       110  }}}}}}}}}}}}}}}}  7d7d7d7d7d7d7d7d7d7d7d7d7d7d7d7d
        49  \\\\\\\\\\\\\\\\  5c5c5c5c5c5c5c5c5c5c5c5c5c5c5c5c
        34  ,,,,,,,,,,,,,,,,  2c2c2c2c2c2c2c2c2c2c2c2c2c2c2c2c
        32  ................  adadadadadadadadadadadadadadadad
        31  [[[[[[[[[[[[[[[[  5b5b5b5b5b5b5b5b5b5b5b5b5b5b5b5b
        28  ................  01010101010101010101010101010101
        27  ]]]]]]]]]]]]]]]]  5d5d5d5d5d5d5d5d5d5d5d5d5d5d5d5d
        25  ((((((((((((((((  28282828282828282828282828282828
        22  ................  afafafafafafafafafafafafafafafaf
# epoch 8200  H=7.9809 C=7.9357 HO=0.0456  A(t)=190
       268  >>>>>>>>>>>>>>>>  3e3e3e3e3e3e3e3e3e3e3e3e3e3e3e3e
        79  }}}}}}}}}}}}}}}}  7d7d7d7d7d7d7d7d7d7d7d7d7d7d7d7d
        32  ................  adadadadadadadadadadadadadadadad
        29  ................  0e0e0e0e0e0e0e0e0e0e0e0e0e0e0e0e
        27  [[[[[[[[[[[[[[[[  5b5b5b5b5b5b5b5b5b5b5b5b5b5b5b5b
        25  \\\\\\\\\\\\\\\\  5c5c5c5c5c5c5c5c5c5c5c5c5c5c5c5c
        18  ]]]]]]]]]]]]]]]]  5d5d5d5d5d5d5d5d5d5d5d5d5d5d5d5d
        17  ((((((((((((((((  28282828282828282828282828282828
        16  ................  e1e1e1e1e1e1e1e1e1e1e1e1e1e1e1e1
        16  ?@?@?@?@?@?@?@?@  3f403f403f403f403f403f403f403f40
# epoch 8250  H=7.9811 C=7.9359 HO=0.0463  A(t)=193
       251  >>>>>>>>>>>>>>>>  3e3e3e3e3e3e3e3e3e3e3e3e3e3e3e3e
        73  }}}}}}}}}}}}}}}}  7d7d7d7d7d7d7d7d7d7d7d7d7d7d7d7d
        48  ................  ebebebebebebebebebebebebebebebeb
        32  ................  e7e7e7e7e7e7e7e7e7e7e7e7e7e7e7e7
        32  ................  adadadadadadadadadadadadadadadad
        23  \\\\\\\\\\\\\\\\  5c5c5c5c5c5c5c5c5c5c5c5c5c5c5c5c
        18  ]]]]]]]]]]]]]]]]  5d5d5d5d5d5d5d5d5d5d5d5d5d5d5d5d
        18  ................  1c1c1c1c1c1c1c1c1c1c1c1c1c1c1c1c
        17  ((((((((((((((((  28282828282828282828282828282828
        16  ................  e1e1e1e1e1e1e1e1e1e1e1e1e1e1e1e1
# epoch 8300  H=7.9809 C=7.9370 HO=0.0423  A(t)=193
       266  >>>>>>>>>>>>>>>>  3e3e3e3e3e3e3e3e3e3e3e3e3e3e3e3e
        53  }}}}}}}}}}}}}}}}  7d7d7d7d7d7d7d7d7d7d7d7d7d7d7d7d
        36  ................  ffffffffffffffffffffffffffffffff
        33  ................  ebebebebebebebebebebebebebebebeb
        32  ................  e7e7e7e7e7e7e7e7e7e7e7e7e7e7e7e7
        32  ................  adadadadadadadadadadadadadadadad
        18  ]]]]]]]]]]]]]]]]  5d5d5d5d5d5d5d5d5d5d5d5d5d5d5d5d
        18  \\\\\\\\\\\\\\\\  5c5c5c5c5c5c5c5c5c5c5c5c5c5c5c5c
        18  ................  1c1c1c1c1c1c1c1c1c1c1c1c1c1c1c1c
        17  ((((((((((((((((  28282828282828282828282828282828
# epoch 8350  H=7.9812 C=7.9365 HO=0.0432  A(t)=195
       247  >>>>>>>>>>>>>>>>  3e3e3e3e3e3e3e3e3e3e3e3e3e3e3e3e
        49  ................  f7f7f7f7f7f7f7f7f7f7f7f7f7f7f7f7
        47  ................  a4a4a4a4a4a4a4a4a4a4a4a4a4a4a4a4
        36  ................  ffffffffffffffffffffffffffffffff
        32  ................  b6b6b6b6b6b6b6b6b6b6b6b6b6b6b6b6
        32  ................  adadadadadadadadadadadadadadadad
        23  ................  e7e7e7e7e7e7e7e7e7e7e7e7e7e7e7e7
        23  }}}}}}}}}}}}}}}}  7d7d7d7d7d7d7d7d7d7d7d7d7d7d7d7d
        21  ................  ebebebebebebebebebebebebebebebeb
        18  ]]]]]]]]]]]]]]]]  5d5d5d5d5d5d5d5d5d5d5d5d5d5d5d5d
# epoch 8400  H=7.9815 C=7.9389 HO=0.0424  A(t)=196
       179  >>>>>>>>>>>>>>>>  3e3e3e3e3e3e3e3e3e3e3e3e3e3e3e3e
        55  ................  2e2e2e2e2e2e2e2e2e2e2e2e2e2e2e2e
        47  ................  f7f7f7f7f7f7f7f7f7f7f7f7f7f7f7f7
        40  ................  a4a4a4a4a4a4a4a4a4a4a4a4a4a4a4a4
        32  ................  adadadadadadadadadadadadadadadad
        23  }}}}}}}}}}}}}}}}  7d7d7d7d7d7d7d7d7d7d7d7d7d7d7d7d
        21  ................  ebebebebebebebebebebebebebebebeb
        20  ................  ffffffffffffffffffffffffffffffff
        19  ................  b6b6b6b6b6b6b6b6b6b6b6b6b6b6b6b6
        18  ................  1c1c1c1c1c1c1c1c1c1c1c1c1c1c1c1c
# epoch 8450  H=7.9814 C=7.9395 HO=0.0432  A(t)=197
       176  >>>>>>>>>>>>>>>>  3e3e3e3e3e3e3e3e3e3e3e3e3e3e3e3e
        55  ................  2e2e2e2e2e2e2e2e2e2e2e2e2e2e2e2e
        46  ................  f7f7f7f7f7f7f7f7f7f7f7f7f7f7f7f7
        40  ................  a4a4a4a4a4a4a4a4a4a4a4a4a4a4a4a4
        32  ................  adadadadadadadadadadadadadadadad
        28  }}}}}}}}}}}}}}}}  7d7d7d7d7d7d7d7d7d7d7d7d7d7d7d7d
        21  ................  ebebebebebebebebebebebebebebebeb
        18  ................  1c1c1c1c1c1c1c1c1c1c1c1c1c1c1c1c
        17  ................  ffffffffffffffffffffffffffffffff
        16  ,,,,,,,,,,,,,,,,  2c2c2c2c2c2c2c2c2c2c2c2c2c2c2c2c
# epoch 8500  H=7.9812 C=7.9395 HO=0.0442  A(t)=198
       192  >>>>>>>>>>>>>>>>  3e3e3e3e3e3e3e3e3e3e3e3e3e3e3e3e
        55  ................  2e2e2e2e2e2e2e2e2e2e2e2e2e2e2e2e
        46  ................  f7f7f7f7f7f7f7f7f7f7f7f7f7f7f7f7
        41  ]]]]]]]]]]]]]]]]  5d5d5d5d5d5d5d5d5d5d5d5d5d5d5d5d
        37  }}}}}}}}}}}}}}}}  7d7d7d7d7d7d7d7d7d7d7d7d7d7d7d7d
        28  ................  adadadadadadadadadadadadadadadad
        24  ................  a4a4a4a4a4a4a4a4a4a4a4a4a4a4a4a4
        21  ................  ebebebebebebebebebebebebebebebeb
        19  ................  f6f6f6f6f6f6f6f6f6f6f6f6f6f6f6f6
        18  ................  1c1c1c1c1c1c1c1c1c1c1c1c1c1c1c1c
# epoch 8550  H=7.9815 C=7.9417 HO=0.0429  A(t)=199
       180  >>>>>>>>>>>>>>>>  3e3e3e3e3e3e3e3e3e3e3e3e3e3e3e3e
        50  ................  2e2e2e2e2e2e2e2e2e2e2e2e2e2e2e2e
        46  ................  f7f7f7f7f7f7f7f7f7f7f7f7f7f7f7f7
        28  ................  adadadadadadadadadadadadadadadad
        20  }}}}}}}}}}}}}}}}  7d7d7d7d7d7d7d7d7d7d7d7d7d7d7d7d
        19  ................  f6f6f6f6f6f6f6f6f6f6f6f6f6f6f6f6
        18  ]]]]]]]]]]]]]]]]  5d5d5d5d5d5d5d5d5d5d5d5d5d5d5d5d
        18  ................  1c1c1c1c1c1c1c1c1c1c1c1c1c1c1c1c
        16  ................  85858585858585858585858585858585
        16  ,,,,,,,,,,,,,,,,  2c2c2c2c2c2c2c2c2c2c2c2c2c2c2c2c
# epoch 8600  H=7.9816 C=7.9431 HO=0.0398  A(t)=199
       139  >>>>>>>>>>>>>>>>  3e3e3e3e3e3e3e3e3e3e3e3e3e3e3e3e
        49  ................  93939393939393939393939393939393
        46  ................  f7f7f7f7f7f7f7f7f7f7f7f7f7f7f7f7
        46  ................  2e2e2e2e2e2e2e2e2e2e2e2e2e2e2e2e
        28  ................  adadadadadadadadadadadadadadadad
        19  ................  f6f6f6f6f6f6f6f6f6f6f6f6f6f6f6f6
        18  }}}}}}}}}}}}}}}}  7d7d7d7d7d7d7d7d7d7d7d7d7d7d7d7d
        18  ................  1c1c1c1c1c1c1c1c1c1c1c1c1c1c1c1c
        16  ................  85858585858585858585858585858585
        16  ,,,,,,,,,,,,,,,,  2c2c2c2c2c2c2c2c2c2c2c2c2c2c2c2c
# epoch 8650  H=7.9817 C=7.9428 HO=0.0384  A(t)=199
       115  >>>>>>>>>>>>>>>>  3e3e3e3e3e3e3e3e3e3e3e3e3e3e3e3e
        49  ................  eaeaeaeaeaeaeaeaeaeaeaeaeaeaeaea
        42  ................  f7f7f7f7f7f7f7f7f7f7f7f7f7f7f7f7
        42  ----------------  2d2d2d2d2d2d2d2d2d2d2d2d2d2d2d2d
        33  ................  93939393939393939393939393939393
        30  ................  2e2e2e2e2e2e2e2e2e2e2e2e2e2e2e2e
        28  ................  adadadadadadadadadadadadadadadad
        19  ................  f6f6f6f6f6f6f6f6f6f6f6f6f6f6f6f6
        18  }}}}}}}}}}}}}}}}  7d7d7d7d7d7d7d7d7d7d7d7d7d7d7d7d
        17  ................  1c1c1c1c1c1c1c1c1c1c1c1c1c1c1c1c
# epoch 8700  H=7.9816 C=7.9440 HO=0.0382  A(t)=199
       109  >>>>>>>>>>>>>>>>  3e3e3e3e3e3e3e3e3e3e3e3e3e3e3e3e
        48  ................  b6b6b6b6b6b6b6b6b6b6b6b6b6b6b6b6
        42  ----------------  2d2d2d2d2d2d2d2d2d2d2d2d2d2d2d2d
        33  ................  93939393939393939393939393939393
        29  ................  2e2e2e2e2e2e2e2e2e2e2e2e2e2e2e2e
        26  ................  eaeaeaeaeaeaeaeaeaeaeaeaeaeaeaea
        24  ................  f7f7f7f7f7f7f7f7f7f7f7f7f7f7f7f7
        16  ................  adadadadadadadadadadadadadadadad
        16  ................  85858585858585858585858585858585
        13  }}}}}}}}}}}}}}}}  7d7d7d7d7d7d7d7d7d7d7d7d7d7d7d7d
# epoch 8750  H=7.9817 C=7.9448 HO=0.0390  A(t)=199
       138  >>>>>>>>>>>>>>>>  3e3e3e3e3e3e3e3e3e3e3e3e3e3e3e3e
        48  ................  b6b6b6b6b6b6b6b6b6b6b6b6b6b6b6b6
        42  ----------------  2d2d2d2d2d2d2d2d2d2d2d2d2d2d2d2d
        35  }}}}}}}}}}}}}}}}  7d7d7d7d7d7d7d7d7d7d7d7d7d7d7d7d
        32  ................  93939393939393939393939393939393
        26  ................  eaeaeaeaeaeaeaeaeaeaeaeaeaeaeaea
        26  ................  2e2e2e2e2e2e2e2e2e2e2e2e2e2e2e2e
        24  ................  f7f7f7f7f7f7f7f7f7f7f7f7f7f7f7f7
        20  ................  c0c0c0c0c0c0c0c0c0c0c0c0c0c0c0c0
        11  ................  ebebebebebebebebebebebebebebebeb
# epoch 8800  H=7.9820 C=7.9454 HO=0.0364  A(t)=201
       119  >>>>>>>>>>>>>>>>  3e3e3e3e3e3e3e3e3e3e3e3e3e3e3e3e
        48  ................  b6b6b6b6b6b6b6b6b6b6b6b6b6b6b6b6
        42  ----------------  2d2d2d2d2d2d2d2d2d2d2d2d2d2d2d2d
        38  }}}}}}}}}}}}}}}}  7d7d7d7d7d7d7d7d7d7d7d7d7d7d7d7d
        32  ................  93939393939393939393939393939393
        26  ................  eaeaeaeaeaeaeaeaeaeaeaeaeaeaeaea
        26  ................  92929292929292929292929292929292
        24  ................  f7f7f7f7f7f7f7f7f7f7f7f7f7f7f7f7
        23  ................  2e2e2e2e2e2e2e2e2e2e2e2e2e2e2e2e
        20  ................  c0c0c0c0c0c0c0c0c0c0c0c0c0c0c0c0
# epoch 8850  H=7.9821 C=7.9466 HO=0.0352  A(t)=201
        72  >>>>>>>>>>>>>>>>  3e3e3e3e3e3e3e3e3e3e3e3e3e3e3e3e
        48  ................  b6b6b6b6b6b6b6b6b6b6b6b6b6b6b6b6
        41  ----------------  2d2d2d2d2d2d2d2d2d2d2d2d2d2d2d2d
        32  ................  93939393939393939393939393939393
        26  ................  eaeaeaeaeaeaeaeaeaeaeaeaeaeaeaea
        26  ................  92929292929292929292929292929292
        24  ................  f7f7f7f7f7f7f7f7f7f7f7f7f7f7f7f7
        18  ................  c0c0c0c0c0c0c0c0c0c0c0c0c0c0c0c0
        16  }}}}}}}}}}}}}}}}  7d7d7d7d7d7d7d7d7d7d7d7d7d7d7d7d
        12  ................  ffffffffffffffffffffffffffffffff
# epoch 8900  H=7.9823 C=7.9486 HO=-0.0178  A(t)=201
        46  >>>>>>>>>>>>>>>>  3e3e3e3e3e3e3e3e3e3e3e3e3e3e3e3e
        36  ----------------  2d2d2d2d2d2d2d2d2d2d2d2d2d2d2d2d
        32  ................  b6b6b6b6b6b6b6b6b6b6b6b6b6b6b6b6
        31  ................  93939393939393939393939393939393
        28  ................  8e8e8e8e8e8e8e8e8e8e8e8e8e8e8e8e
        24  ................  1e1e1e1e1e1e1e1e1e1e1e1e1e1e1e1e
        21  ................  eaeaeaeaeaeaeaeaeaeaeaeaeaeaeaea
        18  ................  f7f7f7f7f7f7f7f7f7f7f7f7f7f7f7f7
        17  ................  c0c0c0c0c0c0c0c0c0c0c0c0c0c0c0c0
        16  zzzzzzzzzzzzzzzz  7a7a7a7a7a7a7a7a7a7a7a7a7a7a7a7a
# epoch 8950  H=7.9824 C=7.9482 HO=0.0355  A(t)=201
        51  >>>>>>>>>>>>>>>>  3e3e3e3e3e3e3e3e3e3e3e3e3e3e3e3e
        49  ................  b4b4b4b4b4b4b4b4b4b4b4b4b4b4b4b4
        36  ----------------  2d2d2d2d2d2d2d2d2d2d2d2d2d2d2d2d
        34  oooooooooooooooo  6f6f6f6f6f6f6f6f6f6f6f6f6f6f6f6f
        31  ................  93939393939393939393939393939393
        28  ................  8e8e8e8e8e8e8e8e8e8e8e8e8e8e8e8e
        26  ................  b6b6b6b6b6b6b6b6b6b6b6b6b6b6b6b6
        21  ................  1e1e1e1e1e1e1e1e1e1e1e1e1e1e1e1e
        18  ................  f7f7f7f7f7f7f7f7f7f7f7f7f7f7f7f7
        17  ................  c0c0c0c0c0c0c0c0c0c0c0c0c0c0c0c0
# epoch 9000  H=7.9824 C=7.9482 HO=-0.0176  A(t)=201
        58  >>>>>>>>>>>>>>>>  3e3e3e3e3e3e3e3e3e3e3e3e3e3e3e3e
        50  ................  92929292929292929292929292929292
        49  ................  b4b4b4b4b4b4b4b4b4b4b4b4b4b4b4b4
        46  WWWWWWWWWWWWWWWW  57575757575757575757575757575757
        36  ----------------  2d2d2d2d2d2d2d2d2d2d2d2d2d2d2d2d
        34  oooooooooooooooo  6f6f6f6f6f6f6f6f6f6f6f6f6f6f6f6f
        31  ................  93939393939393939393939393939393
        28  ................  8e8e8e8e8e8e8e8e8e8e8e8e8e8e8e8e
        26  ................  b6b6b6b6b6b6b6b6b6b6b6b6b6b6b6b6
        17  ................  c0c0c0c0c0c0c0c0c0c0c0c0c0c0c0c0
# epoch 9050  H=7.9823 C=7.9463 HO=0.0353  A(t)=201
        81  ................  92929292929292929292929292929292
        63  >>>>>>>>>>>>>>>>  3e3e3e3e3e3e3e3e3e3e3e3e3e3e3e3e
        50  ================  3d3d3d3d3d3d3d3d3d3d3d3d3d3d3d3d
        48  WWWWWWWWWWWWWWWW  57575757575757575757575757575757
        46  XXXXXXXXXXXXXXXX  58585858585858585858585858585858
        36  ----------------  2d2d2d2d2d2d2d2d2d2d2d2d2d2d2d2d
        33  ................  b4b4b4b4b4b4b4b4b4b4b4b4b4b4b4b4
        24  ................  87878787878787878787878787878787
        24  [[[[[[[[[[[[[[[[  5b5b5b5b5b5b5b5b5b5b5b5b5b5b5b5b
        22  oooooooooooooooo  6f6f6f6f6f6f6f6f6f6f6f6f6f6f6f6f
# epoch 9100  H=7.9823 C=7.9485 HO=-0.0177  A(t)=201
        89  >>>>>>>>>>>>>>>>  3e3e3e3e3e3e3e3e3e3e3e3e3e3e3e3e
        81  ................  92929292929292929292929292929292
        49  ================  3d3d3d3d3d3d3d3d3d3d3d3d3d3d3d3d
        46  XXXXXXXXXXXXXXXX  58585858585858585858585858585858
        33  ................  b4b4b4b4b4b4b4b4b4b4b4b4b4b4b4b4
        31  WWWWWWWWWWWWWWWW  57575757575757575757575757575757
        24  ................  87878787878787878787878787878787
        24  [[[[[[[[[[[[[[[[  5b5b5b5b5b5b5b5b5b5b5b5b5b5b5b5b
        22  oooooooooooooooo  6f6f6f6f6f6f6f6f6f6f6f6f6f6f6f6f
        17  ................  c0c0c0c0c0c0c0c0c0c0c0c0c0c0c0c0
# epoch 9150  H=7.9824 C=7.9483 HO=-0.0177  A(t)=202
        94  >>>>>>>>>>>>>>>>  3e3e3e3e3e3e3e3e3e3e3e3e3e3e3e3e
        81  ................  92929292929292929292929292929292
        49  ................  02020202020202020202020202020202
        46  XXXXXXXXXXXXXXXX  58585858585858585858585858585858
        33  ................  b4b4b4b4b4b4b4b4b4b4b4b4b4b4b4b4
        33  ================  3d3d3d3d3d3d3d3d3d3d3d3d3d3d3d3d
        27  WWWWWWWWWWWWWWWW  57575757575757575757575757575757
        24  ................  87878787878787878787878787878787
        22  oooooooooooooooo  6f6f6f6f6f6f6f6f6f6f6f6f6f6f6f6f
        19  }}}}}}}}}}}}}}}}  7d7d7d7d7d7d7d7d7d7d7d7d7d7d7d7d
# epoch 9200  H=7.9824 C=7.9487 HO=-0.0177  A(t)=203
       114  >>>>>>>>>>>>>>>>  3e3e3e3e3e3e3e3e3e3e3e3e3e3e3e3e
        76  ................  92929292929292929292929292929292
        49  ................  02020202020202020202020202020202
        46  XXXXXXXXXXXXXXXX  58585858585858585858585858585858
        33  ................  b4b4b4b4b4b4b4b4b4b4b4b4b4b4b4b4
        33  ================  3d3d3d3d3d3d3d3d3d3d3d3d3d3d3d3d
        27  WWWWWWWWWWWWWWWW  57575757575757575757575757575757
        24  ................  87878787878787878787878787878787
        18  [[[[[[[[[[[[[[[[  5b5b5b5b5b5b5b5b5b5b5b5b5b5b5b5b
        17  ................  c0c0c0c0c0c0c0c0c0c0c0c0c0c0c0c0
# epoch 9250  H=7.9824 C=7.9498 HO=-0.0177  A(t)=204
       111  >>>>>>>>>>>>>>>>  3e3e3e3e3e3e3e3e3e3e3e3e3e3e3e3e
        58  ................  92929292929292929292929292929292
        47  WWWWWWWWWWWWWWWW  57575757575757575757575757575757
        44  llllllllllllllll  6c6c6c6c6c6c6c6c6c6c6c6c6c6c6c6c
        33  ================  3d3d3d3d3d3d3d3d3d3d3d3d3d3d3d3d
        30  XXXXXXXXXXXXXXXX  58585858585858585858585858585858
        30  ................  02020202020202020202020202020202
        24  ................  87878787878787878787878787878787
        18  [[[[[[[[[[[[[[[[  5b5b5b5b5b5b5b5b5b5b5b5b5b5b5b5b
        17  ,,,,,,,,,,,,,,,,  2c2c2c2c2c2c2c2c2c2c2c2c2c2c2c2c
# epoch 9300  H=7.9825 C=7.9498 HO=-0.0176  A(t)=206
        94  >>>>>>>>>>>>>>>>  3e3e3e3e3e3e3e3e3e3e3e3e3e3e3e3e
        63  [[[[[[[[[[[[[[[[  5b5b5b5b5b5b5b5b5b5b5b5b5b5b5b5b
        46  ................  92929292929292929292929292929292
        36  llllllllllllllll  6c6c6c6c6c6c6c6c6c6c6c6c6c6c6c6c
        30  WWWWWWWWWWWWWWWW  57575757575757575757575757575757
        30  ................  02020202020202020202020202020202
        25  ================  3d3d3d3d3d3d3d3d3d3d3d3d3d3d3d3d
        21  ................  b3b3b3b3b3b3b3b3b3b3b3b3b3b3b3b3
        17  }}}}}}}}}}}}}}}}  7d7d7d7d7d7d7d7d7d7d7d7d7d7d7d7d
        16  ................  b6b6b6b6b6b6b6b6b6b6b6b6b6b6b6b6
# epoch 9350  H=7.9824 C=7.9505 HO=-0.0177  A(t)=206
       113  >>>>>>>>>>>>>>>>  3e3e3e3e3e3e3e3e3e3e3e3e3e3e3e3e
        49  ................  0c0c0c0c0c0c0c0c0c0c0c0c0c0c0c0c
        46  ................  92929292929292929292929292929292
        36  [[[[[[[[[[[[[[[[  5b5b5b5b5b5b5b5b5b5b5b5b5b5b5b5b
        30  ................  02020202020202020202020202020202
        25  WWWWWWWWWWWWWWWW  57575757575757575757575757575757
        25  ================  3d3d3d3d3d3d3d3d3d3d3d3d3d3d3d3d
        21  ................  b3b3b3b3b3b3b3b3b3b3b3b3b3b3b3b3
        20  llllllllllllllll  6c6c6c6c6c6c6c6c6c6c6c6c6c6c6c6c
        18  }}}}}}}}}}}}}}}}  7d7d7d7d7d7d7d7d7d7d7d7d7d7d7d7d
# epoch 9400  H=7.9824 C=7.9508 HO=-0.0177  A(t)=206
       150  >>>>>>>>>>>>>>>>  3e3e3e3e3e3e3e3e3e3e3e3e3e3e3e3e
        47  ................  b6b6b6b6b6b6b6b6b6b6b6b6b6b6b6b6
        36  [[[[[[[[[[[[[[[[  5b5b5b5b5b5b5b5b5b5b5b5b5b5b5b5b
        35  ................  92929292929292929292929292929292
        32  ................  0c0c0c0c0c0c0c0c0c0c0c0c0c0c0c0c
        30  ................  02020202020202020202020202020202
        21  ................  b3b3b3b3b3b3b3b3b3b3b3b3b3b3b3b3
        20  llllllllllllllll  6c6c6c6c6c6c6c6c6c6c6c6c6c6c6c6c
        17  }}}}}}}}}}}}}}}}  7d7d7d7d7d7d7d7d7d7d7d7d7d7d7d7d
        16  ,,,,,,,,,,,,,,,,  2c2c2c2c2c2c2c2c2c2c2c2c2c2c2c2c
# epoch 9450  H=7.9822 C=7.9480 HO=-0.0178  A(t)=207
       189  >>>>>>>>>>>>>>>>  3e3e3e3e3e3e3e3e3e3e3e3e3e3e3e3e
        85  [[[[[[[[[[[[[[[[  5b5b5b5b5b5b5b5b5b5b5b5b5b5b5b5b
        47  ................  b6b6b6b6b6b6b6b6b6b6b6b6b6b6b6b6
        40  ................  d6d6d6d6d6d6d6d6d6d6d6d6d6d6d6d6
        32  ................  0c0c0c0c0c0c0c0c0c0c0c0c0c0c0c0c
        30  ................  02020202020202020202020202020202
        24  ,,,,,,,,,,,,,,,,  2c2c2c2c2c2c2c2c2c2c2c2c2c2c2c2c
        20  llllllllllllllll  6c6c6c6c6c6c6c6c6c6c6c6c6c6c6c6c
        19  ................  92929292929292929292929292929292
        12  ................  b3b3b3b3b3b3b3b3b3b3b3b3b3b3b3b3
# epoch 9500  H=7.9817 C=7.9446 HO=0.0374  A(t)=207
       330  >>>>>>>>>>>>>>>>  3e3e3e3e3e3e3e3e3e3e3e3e3e3e3e3e
       101  [[[[[[[[[[[[[[[[  5b5b5b5b5b5b5b5b5b5b5b5b5b5b5b5b
        58  ,,,,,,,,,,,,,,,,  2c2c2c2c2c2c2c2c2c2c2c2c2c2c2c2c
        44  }}}}}}}}}}}}}}}}  7d7d7d7d7d7d7d7d7d7d7d7d7d7d7d7d
        34  ................  d6d6d6d6d6d6d6d6d6d6d6d6d6d6d6d6
        32  ................  0c0c0c0c0c0c0c0c0c0c0c0c0c0c0c0c
        26  ................  c0c0c0c0c0c0c0c0c0c0c0c0c0c0c0c0
        23  ................  b6b6b6b6b6b6b6b6b6b6b6b6b6b6b6b6
        20  llllllllllllllll  6c6c6c6c6c6c6c6c6c6c6c6c6c6c6c6c
        20  ................  02020202020202020202020202020202
# epoch 9550  H=7.9813 C=7.9437 HO=0.0406  A(t)=207
       369  >>>>>>>>>>>>>>>>  3e3e3e3e3e3e3e3e3e3e3e3e3e3e3e3e
        87  [[[[[[[[[[[[[[[[  5b5b5b5b5b5b5b5b5b5b5b5b5b5b5b5b
        55  ,,,,,,,,,,,,,,,,  2c2c2c2c2c2c2c2c2c2c2c2c2c2c2c2c
        52  }}}}}}}}}}}}}}}}  7d7d7d7d7d7d7d7d7d7d7d7d7d7d7d7d
        49  ................  c5c5c5c5c5c5c5c5c5c5c5c5c5c5c5c5
        34  ................  d6d6d6d6d6d6d6d6d6d6d6d6d6d6d6d6
        32  ................  0c0c0c0c0c0c0c0c0c0c0c0c0c0c0c0c
        26  ................  c0c0c0c0c0c0c0c0c0c0c0c0c0c0c0c0
        23  ................  efefefefefefefefefefefefefefefef
        20  ................  02020202020202020202020202020202
# epoch 9600  H=7.9815 C=7.9420 HO=0.0405  A(t)=208
       355  >>>>>>>>>>>>>>>>  3e3e3e3e3e3e3e3e3e3e3e3e3e3e3e3e
        54  [[[[[[[[[[[[[[[[  5b5b5b5b5b5b5b5b5b5b5b5b5b5b5b5b
        49  nnnnnnnnnnnnnnnn  6e6e6e6e6e6e6e6e6e6e6e6e6e6e6e6e
        48  }}}}}}}}}}}}}}}}  7d7d7d7d7d7d7d7d7d7d7d7d7d7d7d7d
        45  ................  1a1a1a1a1a1a1a1a1a1a1a1a1a1a1a1a
        41  ,,,,,,,,,,,,,,,,  2c2c2c2c2c2c2c2c2c2c2c2c2c2c2c2c
        37  ................  d0d0d0d0d0d0d0d0d0d0d0d0d0d0d0d0
        34  ................  d6d6d6d6d6d6d6d6d6d6d6d6d6d6d6d6
        32  ................  c5c5c5c5c5c5c5c5c5c5c5c5c5c5c5c5
        32  ^^^^^^^^^^^^^^^^  5e5e5e5e5e5e5e5e5e5e5e5e5e5e5e5e
# epoch 9650  H=7.9815 C=7.9425 HO=0.0392  A(t)=208
       358  >>>>>>>>>>>>>>>>  3e3e3e3e3e3e3e3e3e3e3e3e3e3e3e3e
        46  [[[[[[[[[[[[[[[[  5b5b5b5b5b5b5b5b5b5b5b5b5b5b5b5b
        40  ................  1a1a1a1a1a1a1a1a1a1a1a1a1a1a1a1a
        37  ................  d0d0d0d0d0d0d0d0d0d0d0d0d0d0d0d0
        34  ................  d6d6d6d6d6d6d6d6d6d6d6d6d6d6d6d6
        32  }}}}}}}}}}}}}}}}  7d7d7d7d7d7d7d7d7d7d7d7d7d7d7d7d
        29  ................  c5c5c5c5c5c5c5c5c5c5c5c5c5c5c5c5
        27  ^^^^^^^^^^^^^^^^  5e5e5e5e5e5e5e5e5e5e5e5e5e5e5e5e
        25  ................  fcfcfcfcfcfcfcfcfcfcfcfcfcfcfcfc
        23  ................  efefefefefefefefefefefefefefefef
# epoch 9700  H=7.9815 C=7.9431 HO=0.0402  A(t)=208
       355  >>>>>>>>>>>>>>>>  3e3e3e3e3e3e3e3e3e3e3e3e3e3e3e3e
        40  [[[[[[[[[[[[[[[[  5b5b5b5b5b5b5b5b5b5b5b5b5b5b5b5b
        38  ................  1a1a1a1a1a1a1a1a1a1a1a1a1a1a1a1a
        37  ................  d0d0d0d0d0d0d0d0d0d0d0d0d0d0d0d0
        34  ................  d6d6d6d6d6d6d6d6d6d6d6d6d6d6d6d6
        27  ................  a4a4a4a4a4a4a4a4a4a4a4a4a4a4a4a4
        25  ................  fcfcfcfcfcfcfcfcfcfcfcfcfcfcfcfc
        23  ................  efefefefefefefefefefefefefefefef
        20  ................  ffffffffffffffffffffffffffffffff
        20  nnnnnnnnnnnnnnnn  6e6e6e6e6e6e6e6e6e6e6e6e6e6e6e6e
# epoch 9750  H=7.9814 C=7.9442 HO=-0.0187  A(t)=208
       389  >>>>>>>>>>>>>>>>  3e3e3e3e3e3e3e3e3e3e3e3e3e3e3e3e
        40  [[[[[[[[[[[[[[[[  5b5b5b5b5b5b5b5b5b5b5b5b5b5b5b5b
        38  ................  1a1a1a1a1a1a1a1a1a1a1a1a1a1a1a1a
        34  ................  d6d6d6d6d6d6d6d6d6d6d6d6d6d6d6d6
        31  ................  d0d0d0d0d0d0d0d0d0d0d0d0d0d0d0d0
        25  ................  fcfcfcfcfcfcfcfcfcfcfcfcfcfcfcfc
        23  ................  efefefefefefefefefefefefefefefef
        20  ................  ffffffffffffffffffffffffffffffff
        20  ^^^^^^^^^^^^^^^^  5e5e5e5e5e5e5e5e5e5e5e5e5e5e5e5e
        18  }}}}}}}}}}}}}}}}  7d7d7d7d7d7d7d7d7d7d7d7d7d7d7d7d
# epoch 9800  H=7.9813 C=7.9425 HO=0.0393  A(t)=210
       429  >>>>>>>>>>>>>>>>  3e3e3e3e3e3e3e3e3e3e3e3e3e3e3e3e
        81  [[[[[[[[[[[[[[[[  5b5b5b5b5b5b5b5b5b5b5b5b5b5b5b5b
        48  ................  01010101010101010101010101010101
        34  ................  d6d6d6d6d6d6d6d6d6d6d6d6d6d6d6d6
        31  ................  d0d0d0d0d0d0d0d0d0d0d0d0d0d0d0d0
        27  ................  02020202020202020202020202020202
        25  ................  fcfcfcfcfcfcfcfcfcfcfcfcfcfcfcfc
        20  ................  ffffffffffffffffffffffffffffffff
        20  ^^^^^^^^^^^^^^^^  5e5e5e5e5e5e5e5e5e5e5e5e5e5e5e5e
        17  }}}}}}}}}}}}}}}}  7d7d7d7d7d7d7d7d7d7d7d7d7d7d7d7d
# epoch 9850  H=7.9813 C=7.9412 HO=0.0414  A(t)=210
       378  >>>>>>>>>>>>>>>>  3e3e3e3e3e3e3e3e3e3e3e3e3e3e3e3e
        71  ................  d0d0d0d0d0d0d0d0d0d0d0d0d0d0d0d0
        49  ................  d7d7d7d7d7d7d7d7d7d7d7d7d7d7d7d7
        48  [[[[[[[[[[[[[[[[  5b5b5b5b5b5b5b5b5b5b5b5b5b5b5b5b
        47  ................  01010101010101010101010101010101
        34  ................  d6d6d6d6d6d6d6d6d6d6d6d6d6d6d6d6
        26  ................  b6b6b6b6b6b6b6b6b6b6b6b6b6b6b6b6
        22  ................  fcfcfcfcfcfcfcfcfcfcfcfcfcfcfcfc
        19  ................  02020202020202020202020202020202
        18  ^^^^^^^^^^^^^^^^  5e5e5e5e5e5e5e5e5e5e5e5e5e5e5e5e
# epoch 9900  H=7.9815 C=7.9447 HO=0.0372  A(t)=211
       295  >>>>>>>>>>>>>>>>  3e3e3e3e3e3e3e3e3e3e3e3e3e3e3e3e
        54  ................  d0d0d0d0d0d0d0d0d0d0d0d0d0d0d0d0
        49  ................  d7d7d7d7d7d7d7d7d7d7d7d7d7d7d7d7
        47  [[[[[[[[[[[[[[[[  5b5b5b5b5b5b5b5b5b5b5b5b5b5b5b5b
        47  ................  01010101010101010101010101010101
        34  ................  d6d6d6d6d6d6d6d6d6d6d6d6d6d6d6d6
        24  ................  b6b6b6b6b6b6b6b6b6b6b6b6b6b6b6b6
        22  ................  fcfcfcfcfcfcfcfcfcfcfcfcfcfcfcfc
        18  ^^^^^^^^^^^^^^^^  5e5e5e5e5e5e5e5e5e5e5e5e5e5e5e5e
        13  ,,,,,,,,,,,,,,,,  2c2c2c2c2c2c2c2c2c2c2c2c2c2c2c2c
# epoch 9950  H=7.9815 C=7.9463 HO=-0.0186  A(t)=211
       285  >>>>>>>>>>>>>>>>  3e3e3e3e3e3e3e3e3e3e3e3e3e3e3e3e
        49  ................  d7d7d7d7d7d7d7d7d7d7d7d7d7d7d7d7
        39  [[[[[[[[[[[[[[[[  5b5b5b5b5b5b5b5b5b5b5b5b5b5b5b5b
        38  ................  d0d0d0d0d0d0d0d0d0d0d0d0d0d0d0d0
        34  ................  d6d6d6d6d6d6d6d6d6d6d6d6d6d6d6d6
        22  ................  fcfcfcfcfcfcfcfcfcfcfcfcfcfcfcfc
        20  ................  01010101010101010101010101010101
        13  ................  b6b6b6b6b6b6b6b6b6b6b6b6b6b6b6b6
        13  ,,,,,,,,,,,,,,,,  2c2c2c2c2c2c2c2c2c2c2c2c2c2c2c2c
        12  ^^^^^^^^^^^^^^^^  5e5e5e5e5e5e5e5e5e5e5e5e5e5e5e5e
# epoch 10000  H=7.9814 C=7.9454 HO=0.0379  A(t)=211
       268  >>>>>>>>>>>>>>>>  3e3e3e3e3e3e3e3e3e3e3e3e3e3e3e3e
        69  [[[[[[[[[[[[[[[[  5b5b5b5b5b5b5b5b5b5b5b5b5b5b5b5b
        62  ,,,,,,,,,,,,,,,,  2c2c2c2c2c2c2c2c2c2c2c2c2c2c2c2c
        44  ................  babababababababababababababababa
        34  ................  d6d6d6d6d6d6d6d6d6d6d6d6d6d6d6d6
        27  ................  d7d7d7d7d7d7d7d7d7d7d7d7d7d7d7d7
        27  ................  d0d0d0d0d0d0d0d0d0d0d0d0d0d0d0d0
        22  ................  fcfcfcfcfcfcfcfcfcfcfcfcfcfcfcfc
        20  ................  01010101010101010101010101010101
        13  ................  b6b6b6b6b6b6b6b6b6b6b6b6b6b6b6b6
# epoch 10050  H=7.9814 C=7.9480 HO=0.0367  A(t)=212
       220  >>>>>>>>>>>>>>>>  3e3e3e3e3e3e3e3e3e3e3e3e3e3e3e3e
        68  [[[[[[[[[[[[[[[[  5b5b5b5b5b5b5b5b5b5b5b5b5b5b5b5b
        55  ,,,,,,,,,,,,,,,,  2c2c2c2c2c2c2c2c2c2c2c2c2c2c2c2c
        23  ................  d6d6d6d6d6d6d6d6d6d6d6d6d6d6d6d6
        21  ................  d7d7d7d7d7d7d7d7d7d7d7d7d7d7d7d7
        14  ................  babababababababababababababababa
        13  ................  b6b6b6b6b6b6b6b6b6b6b6b6b6b6b6b6
        12  ^^^^^^^^^^^^^^^^  5e5e5e5e5e5e5e5e5e5e5e5e5e5e5e5e
        11  ................  d0d0d0d0d0d0d0d0d0d0d0d0d0d0d0d0
        10  llllllllllllllll  6c6c6c6c6c6c6c6c6c6c6c6c6c6c6c6c
# epoch 10100  H=7.9816 C=7.9454 HO=0.0378  A(t)=213
       207  >>>>>>>>>>>>>>>>  3e3e3e3e3e3e3e3e3e3e3e3e3e3e3e3e
        55  ,,,,,,,,,,,,,,,,  2c2c2c2c2c2c2c2c2c2c2c2c2c2c2c2c
        49  ................  e6e6e6e6e6e6e6e6e6e6e6e6e6e6e6e6
        49  ................  13131313131313131313131313131313
        48  ................  87878787878787878787878787878787
        47  ****************  2a2a2a2a2a2a2a2a2a2a2a2a2a2a2a2a
        31  [[[[[[[[[[[[[[[[  5b5b5b5b5b5b5b5b5b5b5b5b5b5b5b5b
        23  ................  d6d6d6d6d6d6d6d6d6d6d6d6d6d6d6d6
        23  }}}}}}}}}}}}}}}}  7d7d7d7d7d7d7d7d7d7d7d7d7d7d7d7d
        22  ................  bebebebebebebebebebebebebebebebe
# epoch 10150  H=7.9818 C=7.9463 HO=-0.0183  A(t)=213
       220  >>>>>>>>>>>>>>>>  3e3e3e3e3e3e3e3e3e3e3e3e3e3e3e3e
        62  [[[[[[[[[[[[[[[[  5b5b5b5b5b5b5b5b5b5b5b5b5b5b5b5b
        50  ,,,,,,,,,,,,,,,,  2c2c2c2c2c2c2c2c2c2c2c2c2c2c2c2c
        49  ................  13131313131313131313131313131313
        46  ................  e6e6e6e6e6e6e6e6e6e6e6e6e6e6e6e6
        32  ................  87878787878787878787878787878787
        26  ****************  2a2a2a2a2a2a2a2a2a2a2a2a2a2a2a2a
        25  }}}}}}}}}}}}}}}}  7d7d7d7d7d7d7d7d7d7d7d7d7d7d7d7d
        23  ................  d6d6d6d6d6d6d6d6d6d6d6d6d6d6d6d6
        22  ................  bebebebebebebebebebebebebebebebe
# epoch 10200  H=7.9817 C=7.9470 HO=-0.0184  A(t)=214
       257  >>>>>>>>>>>>>>>>  3e3e3e3e3e3e3e3e3e3e3e3e3e3e3e3e
        49  ................  efefefefefefefefefefefefefefefef
        49  [[[[[[[[[[[[[[[[  5b5b5b5b5b5b5b5b5b5b5b5b5b5b5b5b
        49  ................  13131313131313131313131313131313
        32  }}}}}}}}}}}}}}}}  7d7d7d7d7d7d7d7d7d7d7d7d7d7d7d7d
        31  ................  e6e6e6e6e6e6e6e6e6e6e6e6e6e6e6e6
        30  ,,,,,,,,,,,,,,,,  2c2c2c2c2c2c2c2c2c2c2c2c2c2c2c2c
        28  ................  87878787878787878787878787878787
        23  ................  d6d6d6d6d6d6d6d6d6d6d6d6d6d6d6d6
        21  ................  d7d7d7d7d7d7d7d7d7d7d7d7d7d7d7d7
# epoch 10250  H=7.9818 C=7.9458 HO=0.0364  A(t)=215
       224  >>>>>>>>>>>>>>>>  3e3e3e3e3e3e3e3e3e3e3e3e3e3e3e3e
        49  [[[[[[[[[[[[[[[[  5b5b5b5b5b5b5b5b5b5b5b5b5b5b5b5b
        49  <<<<<<<<<<<<<<<<  3c3c3c3c3c3c3c3c3c3c3c3c3c3c3c3c
        46  ................  1e1e1e1e1e1e1e1e1e1e1e1e1e1e1e1e
        42  }}}}}}}}}}}}}}}}  7d7d7d7d7d7d7d7d7d7d7d7d7d7d7d7d
        36  ................  13131313131313131313131313131313
        35  ................  efefefefefefefefefefefefefefefef
        32  ................  e6e6e6e6e6e6e6e6e6e6e6e6e6e6e6e6
        30  ,,,,,,,,,,,,,,,,  2c2c2c2c2c2c2c2c2c2c2c2c2c2c2c2c
        21  ................  d7d7d7d7d7d7d7d7d7d7d7d7d7d7d7d7
# epoch 10300  H=7.9818 C=7.9462 HO=-0.0183  A(t)=215
       188  >>>>>>>>>>>>>>>>  3e3e3e3e3e3e3e3e3e3e3e3e3e3e3e3e
        45  <<<<<<<<<<<<<<<<  3c3c3c3c3c3c3c3c3c3c3c3c3c3c3c3c
        41  ................  fcfcfcfcfcfcfcfcfcfcfcfcfcfcfcfc
        41  ................  1e1e1e1e1e1e1e1e1e1e1e1e1e1e1e1e
        36  ................  13131313131313131313131313131313
        34  }}}}}}}}}}}}}}}}  7d7d7d7d7d7d7d7d7d7d7d7d7d7d7d7d
        32  ................  e6e6e6e6e6e6e6e6e6e6e6e6e6e6e6e6
        29  ,,,,,,,,,,,,,,,,  2c2c2c2c2c2c2c2c2c2c2c2c2c2c2c2c
        25  ]]]]]]]]]]]]]]]]  5d5d5d5d5d5d5d5d5d5d5d5d5d5d5d5d
        21  ................  87878787878787878787878787878787
# epoch 10350  H=7.9817 C=7.9477 HO=-0.0184  A(t)=216
       233  >>>>>>>>>>>>>>>>  3e3e3e3e3e3e3e3e3e3e3e3e3e3e3e3e
        41  ................  1e1e1e1e1e1e1e1e1e1e1e1e1e1e1e1e
        38  }}}}}}}}}}}}}}}}  7d7d7d7d7d7d7d7d7d7d7d7d7d7d7d7d
        37  ................  fcfcfcfcfcfcfcfcfcfcfcfcfcfcfcfc
        36  ................  13131313131313131313131313131313
        32  ................  e6e6e6e6e6e6e6e6e6e6e6e6e6e6e6e6
        29  <<<<<<<<<<<<<<<<  3c3c3c3c3c3c3c3c3c3c3c3c3c3c3c3c
        29  ,,,,,,,,,,,,,,,,  2c2c2c2c2c2c2c2c2c2c2c2c2c2c2c2c
        25  ]]]]]]]]]]]]]]]]  5d5d5d5d5d5d5d5d5d5d5d5d5d5d5d5d
        21  ................  87878787878787878787878787878787
# epoch 10400  H=7.9813 C=7.9448 HO=-0.0188  A(t)=216
       293  >>>>>>>>>>>>>>>>  3e3e3e3e3e3e3e3e3e3e3e3e3e3e3e3e
        70  <<<<<<<<<<<<<<<<  3c3c3c3c3c3c3c3c3c3c3c3c3c3c3c3c
        53  }}}}}}}}}}}}}}}}  7d7d7d7d7d7d7d7d7d7d7d7d7d7d7d7d
        48  \\\\\\\\\\\\\\\\  5c5c5c5c5c5c5c5c5c5c5c5c5c5c5c5c
        41  ................  1e1e1e1e1e1e1e1e1e1e1e1e1e1e1e1e
        37  ................  fcfcfcfcfcfcfcfcfcfcfcfcfcfcfcfc
        35  ................  e6e6e6e6e6e6e6e6e6e6e6e6e6e6e6e6
        29  ,,,,,,,,,,,,,,,,  2c2c2c2c2c2c2c2c2c2c2c2c2c2c2c2c
        26  ................  88888888888888888888888888888888
        22  ................  13131313131313131313131313131313
# epoch 10450  H=7.9810 C=7.9435 HO=-0.0190  A(t)=216
       380  >>>>>>>>>>>>>>>>  3e3e3e3e3e3e3e3e3e3e3e3e3e3e3e3e
        60  <<<<<<<<<<<<<<<<  3c3c3c3c3c3c3c3c3c3c3c3c3c3c3c3c
        59  }}}}}}}}}}}}}}}}  7d7d7d7d7d7d7d7d7d7d7d7d7d7d7d7d
        45  \\\\\\\\\\\\\\\\  5c5c5c5c5c5c5c5c5c5c5c5c5c5c5c5c
        37  ................  fcfcfcfcfcfcfcfcfcfcfcfcfcfcfcfc
        34  ................  92929292929292929292929292929292
        33  ................  e6e6e6e6e6e6e6e6e6e6e6e6e6e6e6e6
        26  ................  d8d8d8d8d8d8d8d8d8d8d8d8d8d8d8d8
        26  ................  88888888888888888888888888888888
        25  ,,,,,,,,,,,,,,,,  2c2c2c2c2c2c2c2c2c2c2c2c2c2c2c2c
# epoch 10500  H=7.9808 C=7.9409 HO=0.0402  A(t)=216
       413  >>>>>>>>>>>>>>>>  3e3e3e3e3e3e3e3e3e3e3e3e3e3e3e3e
        68  \\\\\\\\\\\\\\\\  5c5c5c5c5c5c5c5c5c5c5c5c5c5c5c5c
        60  }}}}}}}}}}}}}}}}  7d7d7d7d7d7d7d7d7d7d7d7d7d7d7d7d
        58  <<<<<<<<<<<<<<<<  3c3c3c3c3c3c3c3c3c3c3c3c3c3c3c3c
        43  ++++++++++++++++  2b2b2b2b2b2b2b2b2b2b2b2b2b2b2b2b
        37  ................  fcfcfcfcfcfcfcfcfcfcfcfcfcfcfcfc
        26  ................  d8d8d8d8d8d8d8d8d8d8d8d8d8d8d8d8
        26  ................  88888888888888888888888888888888
        21  ................  afafafafafafafafafafafafafafafaf
        19  ................  1e1e1e1e1e1e1e1e1e1e1e1e1e1e1e1e
# epoch 10550  H=7.9807 C=7.9420 HO=0.0377  A(t)=217
       355  >>>>>>>>>>>>>>>>  3e3e3e3e3e3e3e3e3e3e3e3e3e3e3e3e
        51  }}}}}}}}}}}}}}}}  7d7d7d7d7d7d7d7d7d7d7d7d7d7d7d7d
        42  ++++++++++++++++  2b2b2b2b2b2b2b2b2b2b2b2b2b2b2b2b
        40  \\\\\\\\\\\\\\\\  5c5c5c5c5c5c5c5c5c5c5c5c5c5c5c5c
        34  <<<<<<<<<<<<<<<<  3c3c3c3c3c3c3c3c3c3c3c3c3c3c3c3c
        31  ................  fcfcfcfcfcfcfcfcfcfcfcfcfcfcfcfc
        31  ,,,,,,,,,,,,,,,,  2c2c2c2c2c2c2c2c2c2c2c2c2c2c2c2c
        26  ................  d8d8d8d8d8d8d8d8d8d8d8d8d8d8d8d8
        19  ^^^^^^^^^^^^^^^^  5e5e5e5e5e5e5e5e5e5e5e5e5e5e5e5e
        17  ................  ecececececececececececececececec
# epoch 10600  H=7.9810 C=7.9439 HO=0.0388  A(t)=217
       302  >>>>>>>>>>>>>>>>  3e3e3e3e3e3e3e3e3e3e3e3e3e3e3e3e
        63  ,,,,,,,,,,,,,,,,  2c2c2c2c2c2c2c2c2c2c2c2c2c2c2c2c
        45  ................  bbbbbbbbbbbbbbbbbbbbbbbbbbbbbbbb
        36  \\\\\\\\\\\\\\\\  5c5c5c5c5c5c5c5c5c5c5c5c5c5c5c5c
        33  ++++++++++++++++  2b2b2b2b2b2b2b2b2b2b2b2b2b2b2b2b
        32  }}}}}}}}}}}}}}}}  7d7d7d7d7d7d7d7d7d7d7d7d7d7d7d7d
        31  ................  fcfcfcfcfcfcfcfcfcfcfcfcfcfcfcfc
        27  <<<<<<<<<<<<<<<<  3c3c3c3c3c3c3c3c3c3c3c3c3c3c3c3c
        26  ................  d8d8d8d8d8d8d8d8d8d8d8d8d8d8d8d8
        19  ^^^^^^^^^^^^^^^^  5e5e5e5e5e5e5e5e5e5e5e5e5e5e5e5e
# epoch 10650  H=7.9809 C=7.9441 HO=0.0382  A(t)=217
       270  >>>>>>>>>>>>>>>>  3e3e3e3e3e3e3e3e3e3e3e3e3e3e3e3e
        48  ................  81818181818181818181818181818181
        48  ,,,,,,,,,,,,,,,,  2c2c2c2c2c2c2c2c2c2c2c2c2c2c2c2c
        45  ................  bbbbbbbbbbbbbbbbbbbbbbbbbbbbbbbb
        28  }}}}}}}}}}}}}}}}  7d7d7d7d7d7d7d7d7d7d7d7d7d7d7d7d
        26  ................  d8d8d8d8d8d8d8d8d8d8d8d8d8d8d8d8
        19  ................  fcfcfcfcfcfcfcfcfcfcfcfcfcfcfcfc
        18  ++++++++++++++++  2b2b2b2b2b2b2b2b2b2b2b2b2b2b2b2b
        17  ................  ecececececececececececececececec
        14  ................  88888888888888888888888888888888
# epoch 10700  H=7.9808 C=7.9453 HO=0.0377  A(t)=217
       254  >>>>>>>>>>>>>>>>  3e3e3e3e3e3e3e3e3e3e3e3e3e3e3e3e
        65  ,,,,,,,,,,,,,,,,  2c2c2c2c2c2c2c2c2c2c2c2c2c2c2c2c
        47  ................  81818181818181818181818181818181
        38  }}}}}}}}}}}}}}}}  7d7d7d7d7d7d7d7d7d7d7d7d7d7d7d7d
        28  ................  bbbbbbbbbbbbbbbbbbbbbbbbbbbbbbbb
        26  ................  d8d8d8d8d8d8d8d8d8d8d8d8d8d8d8d8
        18  ++++++++++++++++  2b2b2b2b2b2b2b2b2b2b2b2b2b2b2b2b
        17  ................  ecececececececececececececececec
        16  <<<<<<<<<<<<<<<<  3c3c3c3c3c3c3c3c3c3c3c3c3c3c3c3c
        13  \\\\\\\\\\\\\\\\  5c5c5c5c5c5c5c5c5c5c5c5c5c5c5c5c
# epoch 10750  H=7.9809 C=7.9448 HO=0.0367  A(t)=217
       226  >>>>>>>>>>>>>>>>  3e3e3e3e3e3e3e3e3e3e3e3e3e3e3e3e
        48  ................  96969696969696969696969696969696
        48  ;;;;;;;;;;;;;;;;  3b3b3b3b3b3b3b3b3b3b3b3b3b3b3b3b
        48  1111111111111111  31313131313131313131313131313131
        42  }}}}}}}}}}}}}}}}  7d7d7d7d7d7d7d7d7d7d7d7d7d7d7d7d
        32  ................  81818181818181818181818181818181
        26  ................  d8d8d8d8d8d8d8d8d8d8d8d8d8d8d8d8
        26  ................  bbbbbbbbbbbbbbbbbbbbbbbbbbbbbbbb
        23  ,,,,,,,,,,,,,,,,  2c2c2c2c2c2c2c2c2c2c2c2c2c2c2c2c
        18  ++++++++++++++++  2b2b2b2b2b2b2b2b2b2b2b2b2b2b2b2b
# epoch 10800  H=7.9812 C=7.9444 HO=0.0374  A(t)=217
       175  >>>>>>>>>>>>>>>>  3e3e3e3e3e3e3e3e3e3e3e3e3e3e3e3e
        75  ................  8c8c8c8c8c8c8c8c8c8c8c8c8c8c8c8c
        49  ................  86868686868686868686868686868686
        48  ................  96969696969696969696969696969696
        48  ;;;;;;;;;;;;;;;;  3b3b3b3b3b3b3b3b3b3b3b3b3b3b3b3b
        48  1111111111111111  31313131313131313131313131313131
        38  }}}}}}}}}}}}}}}}  7d7d7d7d7d7d7d7d7d7d7d7d7d7d7d7d
        23  ,,,,,,,,,,,,,,,,  2c2c2c2c2c2c2c2c2c2c2c2c2c2c2c2c
        19  ................  d8d8d8d8d8d8d8d8d8d8d8d8d8d8d8d8
        17  ................  ecececececececececececececececec
# epoch 10850  H=7.9813 C=7.9441 HO=0.0380  A(t)=218
       171  >>>>>>>>>>>>>>>>  3e3e3e3e3e3e3e3e3e3e3e3e3e3e3e3e
        59  ................  8c8c8c8c8c8c8c8c8c8c8c8c8c8c8c8c
        51  }}}}}}}}}}}}}}}}  7d7d7d7d7d7d7d7d7d7d7d7d7d7d7d7d
        49  ................  86868686868686868686868686868686
        49  BBBBBBBBBBBBBBBB  42424242424242424242424242424242
        48  ................  96969696969696969696969696969696
        47  1111111111111111  31313131313131313131313131313131
        40  ;;;;;;;;;;;;;;;;  3b3b3b3b3b3b3b3b3b3b3b3b3b3b3b3b
        20  ................  c9c9c9c9c9c9c9c9c9c9c9c9c9c9c9c9
        18  wwwwwwwwwwwwwwww  77777777777777777777777777777777
# epoch 10900  H=7.9812 C=7.9444 HO=0.0371  A(t)=219
       140  >>>>>>>>>>>>>>>>  3e3e3e3e3e3e3e3e3e3e3e3e3e3e3e3e
        65  }}}}}}}}}}}}}}}}  7d7d7d7d7d7d7d7d7d7d7d7d7d7d7d7d
        59  ................  8c8c8c8c8c8c8c8c8c8c8c8c8c8c8c8c
        48  ................  96969696969696969696969696969696
        46  1111111111111111  31313131313131313131313131313131
        45  BBBBBBBBBBBBBBBB  42424242424242424242424242424242
        40  ;;;;;;;;;;;;;;;;  3b3b3b3b3b3b3b3b3b3b3b3b3b3b3b3b
        36  ................  86868686868686868686868686868686
        25  ||||||||||||||||  7c7c7c7c7c7c7c7c7c7c7c7c7c7c7c7c
        21  ================  3d3d3d3d3d3d3d3d3d3d3d3d3d3d3d3d
# epoch 10950  H=7.9813 C=7.9419 HO=0.0407  A(t)=219
       133  >>>>>>>>>>>>>>>>  3e3e3e3e3e3e3e3e3e3e3e3e3e3e3e3e
        90  ................  8c8c8c8c8c8c8c8c8c8c8c8c8c8c8c8c
        79  ;;;;;;;;;;;;;;;;  3b3b3b3b3b3b3b3b3b3b3b3b3b3b3b3b
        64  }}}}}}}}}}}}}}}}  7d7d7d7d7d7d7d7d7d7d7d7d7d7d7d7d
        48  ................  96969696969696969696969696969696
        45  BBBBBBBBBBBBBBBB  42424242424242424242424242424242
        37  ................  b9b9b9b9b9b9b9b9b9b9b9b9b9b9b9b9
        36  ................  86868686868686868686868686868686
        34  ,,,,,,,,,,,,,,,,  2c2c2c2c2c2c2c2c2c2c2c2c2c2c2c2c
        30  1111111111111111  31313131313131313131313131313131
# epoch 11000  H=7.9809 C=7.9405 HO=0.0425  A(t)=220
       137  >>>>>>>>>>>>>>>>  3e3e3e3e3e3e3e3e3e3e3e3e3e3e3e3e
        69  }}}}}}}}}}}}}}}}  7d7d7d7d7d7d7d7d7d7d7d7d7d7d7d7d
        63  ;;;;;;;;;;;;;;;;  3b3b3b3b3b3b3b3b3b3b3b3b3b3b3b3b
        62  ................  8c8c8c8c8c8c8c8c8c8c8c8c8c8c8c8c
        49  ,,,,,,,,,,,,,,,,  2c2c2c2c2c2c2c2c2c2c2c2c2c2c2c2c
        48  ................  96969696969696969696969696969696
        48  %%%%%%%%%%%%%%%%  25252525252525252525252525252525
        47  ................  fefefefefefefefefefefefefefefefe
        39  ................  06060606060606060606060606060606
        36  ................  b9b9b9b9b9b9b9b9b9b9b9b9b9b9b9b9
# epoch 11050  H=7.9807 C=7.9415 HO=0.0403  A(t)=220
       172  >>>>>>>>>>>>>>>>  3e3e3e3e3e3e3e3e3e3e3e3e3e3e3e3e
        49  ,,,,,,,,,,,,,,,,  2c2c2c2c2c2c2c2c2c2c2c2c2c2c2c2c
        48  ................  96969696969696969696969696969696
        44  ................  8c8c8c8c8c8c8c8c8c8c8c8c8c8c8c8c
        43  }}}}}}}}}}}}}}}}  7d7d7d7d7d7d7d7d7d7d7d7d7d7d7d7d
        38  ................  fefefefefefefefefefefefefefefefe
        36  ................  86868686868686868686868686868686
        33  %%%%%%%%%%%%%%%%  25252525252525252525252525252525
        30  ;;;;;;;;;;;;;;;;  3b3b3b3b3b3b3b3b3b3b3b3b3b3b3b3b
        27  ................  8d8d8d8d8d8d8d8d8d8d8d8d8d8d8d8d
# epoch 11100  H=7.9804 C=7.9403 HO=0.0428  A(t)=221
       253  >>>>>>>>>>>>>>>>  3e3e3e3e3e3e3e3e3e3e3e3e3e3e3e3e
        48  ................  96969696969696969696969696969696
        45  ,,,,,,,,,,,,,,,,  2c2c2c2c2c2c2c2c2c2c2c2c2c2c2c2c
        44  ................  8c8c8c8c8c8c8c8c8c8c8c8c8c8c8c8c
        37  }}}}}}}}}}}}}}}}  7d7d7d7d7d7d7d7d7d7d7d7d7d7d7d7d
        34  ................  fefefefefefefefefefefefefefefefe
        32  %%%%%%%%%%%%%%%%  25252525252525252525252525252525
        27  ................  8d8d8d8d8d8d8d8d8d8d8d8d8d8d8d8d
        26  ................  eaeaeaeaeaeaeaeaeaeaeaeaeaeaeaea
        25  ................  b9b9b9b9b9b9b9b9b9b9b9b9b9b9b9b9
# epoch 11150  H=7.9804 C=7.9380 HO=0.0415  A(t)=221
       286  >>>>>>>>>>>>>>>>  3e3e3e3e3e3e3e3e3e3e3e3e3e3e3e3e
        54  ................  8c8c8c8c8c8c8c8c8c8c8c8c8c8c8c8c
        50  ................  a6a6a6a6a6a6a6a6a6a6a6a6a6a6a6a6
        49  ................  e0e0e0e0e0e0e0e0e0e0e0e0e0e0e0e0
        49  ]]]]]]]]]]]]]]]]  5d5d5d5d5d5d5d5d5d5d5d5d5d5d5d5d
        39  }}}}}}}}}}}}}}}}  7d7d7d7d7d7d7d7d7d7d7d7d7d7d7d7d
        39  ,,,,,,,,,,,,,,,,  2c2c2c2c2c2c2c2c2c2c2c2c2c2c2c2c
        34  ................  fefefefefefefefefefefefefefefefe
        32  [[[[[[[[[[[[[[[[  5b5b5b5b5b5b5b5b5b5b5b5b5b5b5b5b
        32  %%%%%%%%%%%%%%%%  25252525252525252525252525252525
# epoch 11200  H=7.9803 C=7.9393 HO=0.0392  A(t)=222
       293  >>>>>>>>>>>>>>>>  3e3e3e3e3e3e3e3e3e3e3e3e3e3e3e3e
        49  ................  e0e0e0e0e0e0e0e0e0e0e0e0e0e0e0e0
        45  ]]]]]]]]]]]]]]]]  5d5d5d5d5d5d5d5d5d5d5d5d5d5d5d5d
        34  ................  a6a6a6a6a6a6a6a6a6a6a6a6a6a6a6a6
        33  ................  8c8c8c8c8c8c8c8c8c8c8c8c8c8c8c8c
        32  [[[[[[[[[[[[[[[[  5b5b5b5b5b5b5b5b5b5b5b5b5b5b5b5b
        28  bbbbbbbbbbbbbbbb  62626262626262626262626262626262
        26  ................  8d8d8d8d8d8d8d8d8d8d8d8d8d8d8d8d
        25  ................  b9b9b9b9b9b9b9b9b9b9b9b9b9b9b9b9
        23  }}}}}}}}}}}}}}}}  7d7d7d7d7d7d7d7d7d7d7d7d7d7d7d7d
# epoch 11250  H=7.9801 C=7.9395 HO=0.0404  A(t)=223
       315  >>>>>>>>>>>>>>>>  3e3e3e3e3e3e3e3e3e3e3e3e3e3e3e3e
        71  [[[[[[[[[[[[[[[[  5b5b5b5b5b5b5b5b5b5b5b5b5b5b5b5b
        49  ................  e0e0e0e0e0e0e0e0e0e0e0e0e0e0e0e0
        45  ]]]]]]]]]]]]]]]]  5d5d5d5d5d5d5d5d5d5d5d5d5d5d5d5d
        33  ................  8c8c8c8c8c8c8c8c8c8c8c8c8c8c8c8c
        28  bbbbbbbbbbbbbbbb  62626262626262626262626262626262
        26  ................  8d8d8d8d8d8d8d8d8d8d8d8d8d8d8d8d
        25  ................  b9b9b9b9b9b9b9b9b9b9b9b9b9b9b9b9
        24  ................  a6a6a6a6a6a6a6a6a6a6a6a6a6a6a6a6
        23  }}}}}}}}}}}}}}}}  7d7d7d7d7d7d7d7d7d7d7d7d7d7d7d7d
# epoch 11300  H=7.9800 C=7.9398 HO=0.0421  A(t)=223
       284  >>>>>>>>>>>>>>>>  3e3e3e3e3e3e3e3e3e3e3e3e3e3e3e3e
        66  [[[[[[[[[[[[[[[[  5b5b5b5b5b5b5b5b5b5b5b5b5b5b5b5b
        47  %%%%%%%%%%%%%%%%  25252525252525252525252525252525
        45  ]]]]]]]]]]]]]]]]  5d5d5d5d5d5d5d5d5d5d5d5d5d5d5d5d
        33  ................  e0e0e0e0e0e0e0e0e0e0e0e0e0e0e0e0
        26  ................  8d8d8d8d8d8d8d8d8d8d8d8d8d8d8d8d
        25  ................  b9b9b9b9b9b9b9b9b9b9b9b9b9b9b9b9
        23  }}}}}}}}}}}}}}}}  7d7d7d7d7d7d7d7d7d7d7d7d7d7d7d7d
        22  KKKKKKKKKKKKKKKK  4b4b4b4b4b4b4b4b4b4b4b4b4b4b4b4b
        21  ????????????????  3f3f3f3f3f3f3f3f3f3f3f3f3f3f3f3f
# epoch 11350  H=7.9799 C=7.9391 HO=0.0419  A(t)=225
       335  >>>>>>>>>>>>>>>>  3e3e3e3e3e3e3e3e3e3e3e3e3e3e3e3e
       113  [[[[[[[[[[[[[[[[  5b5b5b5b5b5b5b5b5b5b5b5b5b5b5b5b
        47  %%%%%%%%%%%%%%%%  25252525252525252525252525252525
        45  ]]]]]]]]]]]]]]]]  5d5d5d5d5d5d5d5d5d5d5d5d5d5d5d5d
        25  ................  b9b9b9b9b9b9b9b9b9b9b9b9b9b9b9b9
        24  ????????????????  3f3f3f3f3f3f3f3f3f3f3f3f3f3f3f3f
        23  ................  e0e0e0e0e0e0e0e0e0e0e0e0e0e0e0e0
        22  KKKKKKKKKKKKKKKK  4b4b4b4b4b4b4b4b4b4b4b4b4b4b4b4b
        19  ................  fefefefefefefefefefefefefefefefe
        19  ................  8d8d8d8d8d8d8d8d8d8d8d8d8d8d8d8d
# epoch 11400  H=7.9800 C=7.9389 HO=0.0421  A(t)=225
       326  >>>>>>>>>>>>>>>>  3e3e3e3e3e3e3e3e3e3e3e3e3e3e3e3e
        58  [[[[[[[[[[[[[[[[  5b5b5b5b5b5b5b5b5b5b5b5b5b5b5b5b
        49  ................  e4e4e4e4e4e4e4e4e4e4e4e4e4e4e4e4
        47  %%%%%%%%%%%%%%%%  25252525252525252525252525252525
        33  }}}}}}}}}}}}}}}}  7d7d7d7d7d7d7d7d7d7d7d7d7d7d7d7d
        29  ]]]]]]]]]]]]]]]]  5d5d5d5d5d5d5d5d5d5d5d5d5d5d5d5d
        25  ................  b9b9b9b9b9b9b9b9b9b9b9b9b9b9b9b9
        24  ????????????????  3f3f3f3f3f3f3f3f3f3f3f3f3f3f3f3f
        22  KKKKKKKKKKKKKKKK  4b4b4b4b4b4b4b4b4b4b4b4b4b4b4b4b
        19  ................  fefefefefefefefefefefefefefefefe
# epoch 11450  H=7.9797 C=7.9401 HO=0.0398  A(t)=225
       366  >>>>>>>>>>>>>>>>  3e3e3e3e3e3e3e3e3e3e3e3e3e3e3e3e
        47  ................  e4e4e4e4e4e4e4e4e4e4e4e4e4e4e4e4
        43  }}}}}}}}}}}}}}}}  7d7d7d7d7d7d7d7d7d7d7d7d7d7d7d7d
        39  [[[[[[[[[[[[[[[[  5b5b5b5b5b5b5b5b5b5b5b5b5b5b5b5b
        25  ................  b9b9b9b9b9b9b9b9b9b9b9b9b9b9b9b9
        24  ????????????????  3f3f3f3f3f3f3f3f3f3f3f3f3f3f3f3f
        22  ]]]]]]]]]]]]]]]]  5d5d5d5d5d5d5d5d5d5d5d5d5d5d5d5d
        22  KKKKKKKKKKKKKKKK  4b4b4b4b4b4b4b4b4b4b4b4b4b4b4b4b
        19  ................  fefefefefefefefefefefefefefefefe
        19  ================  3d3d3d3d3d3d3d3d3d3d3d3d3d3d3d3d
# epoch 11500  H=7.9798 C=7.9400 HO=0.0394  A(t)=225
       366  >>>>>>>>>>>>>>>>  3e3e3e3e3e3e3e3e3e3e3e3e3e3e3e3e
        50  }}}}}}}}}}}}}}}}  7d7d7d7d7d7d7d7d7d7d7d7d7d7d7d7d
        49  ................  ffffffffffffffffffffffffffffffff
        39  [[[[[[[[[[[[[[[[  5b5b5b5b5b5b5b5b5b5b5b5b5b5b5b5b
        31  ................  e4e4e4e4e4e4e4e4e4e4e4e4e4e4e4e4
        25  ................  b9b9b9b9b9b9b9b9b9b9b9b9b9b9b9b9
        24  ????????????????  3f3f3f3f3f3f3f3f3f3f3f3f3f3f3f3f
        20  <<<<<<<<<<<<<<<<  3c3c3c3c3c3c3c3c3c3c3c3c3c3c3c3c
        19  ................  fefefefefefefefefefefefefefefefe
        16  ................  89898989898989898989898989898989
# epoch 11550  H=7.9801 C=7.9409 HO=0.0395  A(t)=225
       259  >>>>>>>>>>>>>>>>  3e3e3e3e3e3e3e3e3e3e3e3e3e3e3e3e
        67  }}}}}}}}}}}}}}}}  7d7d7d7d7d7d7d7d7d7d7d7d7d7d7d7d
        47  ................  ffffffffffffffffffffffffffffffff
        37  [[[[[[[[[[[[[[[[  5b5b5b5b5b5b5b5b5b5b5b5b5b5b5b5b
        25  ................  e4e4e4e4e4e4e4e4e4e4e4e4e4e4e4e4
        24  ????????????????  3f3f3f3f3f3f3f3f3f3f3f3f3f3f3f3f
        19  ................  fefefefefefefefefefefefefefefefe
        18  ................  f1f1f1f1f1f1f1f1f1f1f1f1f1f1f1f1
        15  KKKKKKKKKKKKKKKK  4b4b4b4b4b4b4b4b4b4b4b4b4b4b4b4b
        14  ................  89898989898989898989898989898989
# epoch 11600  H=7.9802 C=7.9403 HO=0.0404  A(t)=225
       223  >>>>>>>>>>>>>>>>  3e3e3e3e3e3e3e3e3e3e3e3e3e3e3e3e
        71  }}}}}}}}}}}}}}}}  7d7d7d7d7d7d7d7d7d7d7d7d7d7d7d7d
        47  ................  ffffffffffffffffffffffffffffffff
        43  ----------------  2d2d2d2d2d2d2d2d2d2d2d2d2d2d2d2d
        43  ................  05050505050505050505050505050505
        33  [[[[[[[[[[[[[[[[  5b5b5b5b5b5b5b5b5b5b5b5b5b5b5b5b
        24  ????????????????  3f3f3f3f3f3f3f3f3f3f3f3f3f3f3f3f
        19  ................  fefefefefefefefefefefefefefefefe
        18  ................  f1f1f1f1f1f1f1f1f1f1f1f1f1f1f1f1
        15  ................  89898989898989898989898989898989
# epoch 11650  H=7.9805 C=7.9388 HO=0.0425  A(t)=226
       188  >>>>>>>>>>>>>>>>  3e3e3e3e3e3e3e3e3e3e3e3e3e3e3e3e
        58  }}}}}}}}}}}}}}}}  7d7d7d7d7d7d7d7d7d7d7d7d7d7d7d7d
        48  ................  8f8f8f8f8f8f8f8f8f8f8f8f8f8f8f8f
        47  ................  ffffffffffffffffffffffffffffffff
        43  ................  05050505050505050505050505050505
        39  ,,,,,,,,,,,,,,,,  2c2c2c2c2c2c2c2c2c2c2c2c2c2c2c2c
        32  ................  e5e5e5e5e5e5e5e5e5e5e5e5e5e5e5e5
        28  [[[[[[[[[[[[[[[[  5b5b5b5b5b5b5b5b5b5b5b5b5b5b5b5b
        26  ----------------  2d2d2d2d2d2d2d2d2d2d2d2d2d2d2d2d
        25  ................  dededededededededededededededede
# epoch 11700  H=7.9802 C=7.9361 HO=0.0442  A(t)=226
       151  >>>>>>>>>>>>>>>>  3e3e3e3e3e3e3e3e3e3e3e3e3e3e3e3e
        77  [[[[[[[[[[[[[[[[  5b5b5b5b5b5b5b5b5b5b5b5b5b5b5b5b
        56  }}}}}}}}}}}}}}}}  7d7d7d7d7d7d7d7d7d7d7d7d7d7d7d7d
        48  ................  8f8f8f8f8f8f8f8f8f8f8f8f8f8f8f8f
        38  ................  dcdcdcdcdcdcdcdcdcdcdcdcdcdcdcdc
        38  ]]]]]]]]]]]]]]]]  5d5d5d5d5d5d5d5d5d5d5d5d5d5d5d5d
        38  ,,,,,,,,,,,,,,,,  2c2c2c2c2c2c2c2c2c2c2c2c2c2c2c2c
        32  ................  e5e5e5e5e5e5e5e5e5e5e5e5e5e5e5e5
        31  ................  ffffffffffffffffffffffffffffffff
        26  ----------------  2d2d2d2d2d2d2d2d2d2d2d2d2d2d2d2d
# epoch 11750  H=7.9803 C=7.9346 HO=0.0435  A(t)=226
       143  >>>>>>>>>>>>>>>>  3e3e3e3e3e3e3e3e3e3e3e3e3e3e3e3e
        73  [[[[[[[[[[[[[[[[  5b5b5b5b5b5b5b5b5b5b5b5b5b5b5b5b
        53  }}}}}}}}}}}}}}}}  7d7d7d7d7d7d7d7d7d7d7d7d7d7d7d7d
        49  ................  8c8c8c8c8c8c8c8c8c8c8c8c8c8c8c8c
        45  ................  93939393939393939393939393939393
        38  ................  dcdcdcdcdcdcdcdcdcdcdcdcdcdcdcdc
        32  ................  e5e5e5e5e5e5e5e5e5e5e5e5e5e5e5e5
        32  ................  8f8f8f8f8f8f8f8f8f8f8f8f8f8f8f8f
        31  ................  ffffffffffffffffffffffffffffffff
        30  ,,,,,,,,,,,,,,,,  2c2c2c2c2c2c2c2c2c2c2c2c2c2c2c2c
# epoch 11800  H=7.9802 C=7.9351 HO=0.0420  A(t)=226
       158  >>>>>>>>>>>>>>>>  3e3e3e3e3e3e3e3e3e3e3e3e3e3e3e3e
        69  [[[[[[[[[[[[[[[[  5b5b5b5b5b5b5b5b5b5b5b5b5b5b5b5b
        47  ................  8c8c8c8c8c8c8c8c8c8c8c8c8c8c8c8c
        38  ................  dcdcdcdcdcdcdcdcdcdcdcdcdcdcdcdc
        32  ................  e5e5e5e5e5e5e5e5e5e5e5e5e5e5e5e5
        31  }}}}}}}}}}}}}}}}  7d7d7d7d7d7d7d7d7d7d7d7d7d7d7d7d
        30  ,,,,,,,,,,,,,,,,  2c2c2c2c2c2c2c2c2c2c2c2c2c2c2c2c
        29  ................  93939393939393939393939393939393
        26  ................  ffffffffffffffffffffffffffffffff
        26  ]]]]]]]]]]]]]]]]  5d5d5d5d5d5d5d5d5d5d5d5d5d5d5d5d
# epoch 11850  H=7.9801 C=7.9338 HO=0.0425  A(t)=226
       206  >>>>>>>>>>>>>>>>  3e3e3e3e3e3e3e3e3e3e3e3e3e3e3e3e
        69  [[[[[[[[[[[[[[[[  5b5b5b5b5b5b5b5b5b5b5b5b5b5b5b5b
        57  ]]]]]]]]]]]]]]]]  5d5d5d5d5d5d5d5d5d5d5d5d5d5d5d5d
        54  ................  f2f2f2f2f2f2f2f2f2f2f2f2f2f2f2f2
        47  ................  8c8c8c8c8c8c8c8c8c8c8c8c8c8c8c8c
        38  QQQQQQQQQQQQQQQQ  51515151515151515151515151515151
        32  ................  e5e5e5e5e5e5e5e5e5e5e5e5e5e5e5e5
        32  ................  dcdcdcdcdcdcdcdcdcdcdcdcdcdcdcdc
        29  ................  93939393939393939393939393939393
        27  KKKKKKKKKKKKKKKK  4b4b4b4b4b4b4b4b4b4b4b4b4b4b4b4b
# epoch 11900  H=7.9799 C=7.9353 HO=0.0413  A(t)=227
       211  >>>>>>>>>>>>>>>>  3e3e3e3e3e3e3e3e3e3e3e3e3e3e3e3e
        62  [[[[[[[[[[[[[[[[  5b5b5b5b5b5b5b5b5b5b5b5b5b5b5b5b
        54  ................  f2f2f2f2f2f2f2f2f2f2f2f2f2f2f2f2
        44  ................  8c8c8c8c8c8c8c8c8c8c8c8c8c8c8c8c
        36  ]]]]]]]]]]]]]]]]  5d5d5d5d5d5d5d5d5d5d5d5d5d5d5d5d
        30  ................  e5e5e5e5e5e5e5e5e5e5e5e5e5e5e5e5
        27  KKKKKKKKKKKKKKKK  4b4b4b4b4b4b4b4b4b4b4b4b4b4b4b4b
        25  ................  93939393939393939393939393939393
        24  ????????????????  3f3f3f3f3f3f3f3f3f3f3f3f3f3f3f3f
        21  hhhhhhhhhhhhhhhh  68686868686868686868686868686868
# epoch 11950  H=7.9797 C=7.9342 HO=0.0427  A(t)=230
       236  >>>>>>>>>>>>>>>>  3e3e3e3e3e3e3e3e3e3e3e3e3e3e3e3e
        98  [[[[[[[[[[[[[[[[  5b5b5b5b5b5b5b5b5b5b5b5b5b5b5b5b
        54  ................  f2f2f2f2f2f2f2f2f2f2f2f2f2f2f2f2
        44  ................  8c8c8c8c8c8c8c8c8c8c8c8c8c8c8c8c
        30  ................  e5e5e5e5e5e5e5e5e5e5e5e5e5e5e5e5
        27  KKKKKKKKKKKKKKKK  4b4b4b4b4b4b4b4b4b4b4b4b4b4b4b4b
        26  ]]]]]]]]]]]]]]]]  5d5d5d5d5d5d5d5d5d5d5d5d5d5d5d5d
        25  ................  93939393939393939393939393939393
        25  ????????????????  3f3f3f3f3f3f3f3f3f3f3f3f3f3f3f3f
        21  hhhhhhhhhhhhhhhh  68686868686868686868686868686868
# epoch 12000  H=7.9800 C=7.9364 HO=0.0405  A(t)=230
       238  >>>>>>>>>>>>>>>>  3e3e3e3e3e3e3e3e3e3e3e3e3e3e3e3e
        85  [[[[[[[[[[[[[[[[  5b5b5b5b5b5b5b5b5b5b5b5b5b5b5b5b
        54  ................  f2f2f2f2f2f2f2f2f2f2f2f2f2f2f2f2
        44  ................  8c8c8c8c8c8c8c8c8c8c8c8c8c8c8c8c
        36  ................  dbdbdbdbdbdbdbdbdbdbdbdbdbdbdbdb
        27  KKKKKKKKKKKKKKKK  4b4b4b4b4b4b4b4b4b4b4b4b4b4b4b4b
        24  ????????????????  3f3f3f3f3f3f3f3f3f3f3f3f3f3f3f3f
        23  ]]]]]]]]]]]]]]]]  5d5d5d5d5d5d5d5d5d5d5d5d5d5d5d5d
        21  ................  e5e5e5e5e5e5e5e5e5e5e5e5e5e5e5e5
        21  hhhhhhhhhhhhhhhh  68686868686868686868686868686868
# epoch 12050  H=7.9802 C=7.9371 HO=0.0395  A(t)=231
       203  >>>>>>>>>>>>>>>>  3e3e3e3e3e3e3e3e3e3e3e3e3e3e3e3e
        80  [[[[[[[[[[[[[[[[  5b5b5b5b5b5b5b5b5b5b5b5b5b5b5b5b
        44  ................  14141414141414141414141414141414
        41  ................  f2f2f2f2f2f2f2f2f2f2f2f2f2f2f2f2
        30  ................  e6e6e6e6e6e6e6e6e6e6e6e6e6e6e6e6
        23  ................  dbdbdbdbdbdbdbdbdbdbdbdbdbdbdbdb
        23  ]]]]]]]]]]]]]]]]  5d5d5d5d5d5d5d5d5d5d5d5d5d5d5d5d
        21  ................  8c8c8c8c8c8c8c8c8c8c8c8c8c8c8c8c
        21  hhhhhhhhhhhhhhhh  68686868686868686868686868686868
        20  ................  93939393939393939393939393939393
# epoch 12100  H=7.9802 C=7.9374 HO=0.0403  A(t)=232
       241  >>>>>>>>>>>>>>>>  3e3e3e3e3e3e3e3e3e3e3e3e3e3e3e3e
        51  [[[[[[[[[[[[[[[[  5b5b5b5b5b5b5b5b5b5b5b5b5b5b5b5b
        44  ................  14141414141414141414141414141414
        41  ................  f2f2f2f2f2f2f2f2f2f2f2f2f2f2f2f2
        40  ,,,,,,,,,,,,,,,,  2c2c2c2c2c2c2c2c2c2c2c2c2c2c2c2c
        39  ................  f7f7f7f7f7f7f7f7f7f7f7f7f7f7f7f7
        23  ................  dbdbdbdbdbdbdbdbdbdbdbdbdbdbdbdb
        21  ................  8c8c8c8c8c8c8c8c8c8c8c8c8c8c8c8c
        21  hhhhhhhhhhhhhhhh  68686868686868686868686868686868
        19  ]]]]]]]]]]]]]]]]  5d5d5d5d5d5d5d5d5d5d5d5d5d5d5d5d
# epoch 12150  H=7.9802 C=7.9371 HO=0.0419  A(t)=232
       211  >>>>>>>>>>>>>>>>  3e3e3e3e3e3e3e3e3e3e3e3e3e3e3e3e
        49  ................  97979797979797979797979797979797
        45  }}}}}}}}}}}}}}}}  7d7d7d7d7d7d7d7d7d7d7d7d7d7d7d7d
        44  ................  14141414141414141414141414141414
        39  ................  f7f7f7f7f7f7f7f7f7f7f7f7f7f7f7f7
        37  [[[[[[[[[[[[[[[[  5b5b5b5b5b5b5b5b5b5b5b5b5b5b5b5b
        32  ................  f2f2f2f2f2f2f2f2f2f2f2f2f2f2f2f2
        32  ,,,,,,,,,,,,,,,,  2c2c2c2c2c2c2c2c2c2c2c2c2c2c2c2c
        26  hhhhhhhhhhhhhhhh  68686868686868686868686868686868
        25  ................  cbcbcbcbcbcbcbcbcbcbcbcbcbcbcbcb
# epoch 12200  H=7.9803 C=7.9375 HO=0.0409  A(t)=232
       178  >>>>>>>>>>>>>>>>  3e3e3e3e3e3e3e3e3e3e3e3e3e3e3e3e
        61  }}}}}}}}}}}}}}}}  7d7d7d7d7d7d7d7d7d7d7d7d7d7d7d7d
        52  rrrrrrrrrrrrrrrr  72727272727272727272727272727272
        44  ................  14141414141414141414141414141414
        35  ................  c7c7c7c7c7c7c7c7c7c7c7c7c7c7c7c7
        34  ................  17171717171717171717171717171717
        32  ,,,,,,,,,,,,,,,,  2c2c2c2c2c2c2c2c2c2c2c2c2c2c2c2c
        31  ................  f7f7f7f7f7f7f7f7f7f7f7f7f7f7f7f7
        28  ................  97979797979797979797979797979797
        26  hhhhhhhhhhhhhhhh  68686868686868686868686868686868
# epoch 12250  H=7.9803 C=7.9350 HO=0.0422  A(t)=233
       151  >>>>>>>>>>>>>>>>  3e3e3e3e3e3e3e3e3e3e3e3e3e3e3e3e
        85  ................  ffffffffffffffffffffffffffffffff
        81  hhhhhhhhhhhhhhhh  68686868686868686868686868686868
        61  }}}}}}}}}}}}}}}}  7d7d7d7d7d7d7d7d7d7d7d7d7d7d7d7d
        49  ................  c5c5c5c5c5c5c5c5c5c5c5c5c5c5c5c5
        44  ,,,,,,,,,,,,,,,,  2c2c2c2c2c2c2c2c2c2c2c2c2c2c2c2c
        35  ................  c7c7c7c7c7c7c7c7c7c7c7c7c7c7c7c7
        34  ................  17171717171717171717171717171717
        32  rrrrrrrrrrrrrrrr  72727272727272727272727272727272
        28  ................  97979797979797979797979797979797
# epoch 12300  H=7.9805 C=7.9323 HO=0.0458  A(t)=233
       123  >>>>>>>>>>>>>>>>  3e3e3e3e3e3e3e3e3e3e3e3e3e3e3e3e
        98  ................  ffffffffffffffffffffffffffffffff
        98  ................  01010101010101010101010101010101
        74  hhhhhhhhhhhhhhhh  68686868686868686868686868686868
        61  }}}}}}}}}}}}}}}}  7d7d7d7d7d7d7d7d7d7d7d7d7d7d7d7d
        46  &&&&&&&&&&&&&&&&  26262626262626262626262626262626
        42  ----------------  2d2d2d2d2d2d2d2d2d2d2d2d2d2d2d2d
        41  ................  c5c5c5c5c5c5c5c5c5c5c5c5c5c5c5c5
        38  [[[[[[[[[[[[[[[[  5b5b5b5b5b5b5b5b5b5b5b5b5b5b5b5b
        34  ................  17171717171717171717171717171717
# epoch 12350  H=7.9801 C=7.9306 HO=0.0448  A(t)=233
       155  >>>>>>>>>>>>>>>>  3e3e3e3e3e3e3e3e3e3e3e3e3e3e3e3e
       130  ................  01010101010101010101010101010101
        85  ................  ffffffffffffffffffffffffffffffff
        57  }}}}}}}}}}}}}}}}  7d7d7d7d7d7d7d7d7d7d7d7d7d7d7d7d
        55  hhhhhhhhhhhhhhhh  68686868686868686868686868686868
        49  <<<<<<<<<<<<<<<<  3c3c3c3c3c3c3c3c3c3c3c3c3c3c3c3c
        46  ................  1b1b1b1b1b1b1b1b1b1b1b1b1b1b1b1b
        45  ]]]]]]]]]]]]]]]]  5d5d5d5d5d5d5d5d5d5d5d5d5d5d5d5d
        37  [[[[[[[[[[[[[[[[  5b5b5b5b5b5b5b5b5b5b5b5b5b5b5b5b
        34  ................  17171717171717171717171717171717
# epoch 12400  H=7.9802 C=7.9320 HO=0.0429  A(t)=233
       151  >>>>>>>>>>>>>>>>  3e3e3e3e3e3e3e3e3e3e3e3e3e3e3e3e
       130  ................  01010101010101010101010101010101
        72  ................  ffffffffffffffffffffffffffffffff
        62  }}}}}}}}}}}}}}}}  7d7d7d7d7d7d7d7d7d7d7d7d7d7d7d7d
        55  hhhhhhhhhhhhhhhh  68686868686868686868686868686868
        54  ----------------  2d2d2d2d2d2d2d2d2d2d2d2d2d2d2d2d
        45  ]]]]]]]]]]]]]]]]  5d5d5d5d5d5d5d5d5d5d5d5d5d5d5d5d
        43  <<<<<<<<<<<<<<<<  3c3c3c3c3c3c3c3c3c3c3c3c3c3c3c3c
        34  ................  17171717171717171717171717171717
        32  rrrrrrrrrrrrrrrr  72727272727272727272727272727272
# epoch 12450  H=7.9803 C=7.9323 HO=0.0444  A(t)=233
       163  >>>>>>>>>>>>>>>>  3e3e3e3e3e3e3e3e3e3e3e3e3e3e3e3e
       128  ................  01010101010101010101010101010101
        72  ................  ffffffffffffffffffffffffffffffff
        62  }}}}}}}}}}}}}}}}  7d7d7d7d7d7d7d7d7d7d7d7d7d7d7d7d
        55  hhhhhhhhhhhhhhhh  68686868686868686868686868686868
        48  ................  fdfdfdfdfdfdfdfdfdfdfdfdfdfdfdfd
        45  ]]]]]]]]]]]]]]]]  5d5d5d5d5d5d5d5d5d5d5d5d5d5d5d5d
        34  ----------------  2d2d2d2d2d2d2d2d2d2d2d2d2d2d2d2d
        34  ................  17171717171717171717171717171717
        30  ................  1b1b1b1b1b1b1b1b1b1b1b1b1b1b1b1b
# epoch 12500  H=7.9801 C=7.9305 HO=0.0477  A(t)=233
       207  >>>>>>>>>>>>>>>>  3e3e3e3e3e3e3e3e3e3e3e3e3e3e3e3e
        96  ................  01010101010101010101010101010101
        89  ||||||||||||||||  7c7c7c7c7c7c7c7c7c7c7c7c7c7c7c7c
        62  }}}}}}}}}}}}}}}}  7d7d7d7d7d7d7d7d7d7d7d7d7d7d7d7d
        55  ................  ffffffffffffffffffffffffffffffff
        48  ................  fdfdfdfdfdfdfdfdfdfdfdfdfdfdfdfd
        39  ]]]]]]]]]]]]]]]]  5d5d5d5d5d5d5d5d5d5d5d5d5d5d5d5d
        36  hhhhhhhhhhhhhhhh  68686868686868686868686868686868
        35  ................  86868686868686868686868686868686
        29  ----------------  2d2d2d2d2d2d2d2d2d2d2d2d2d2d2d2d
# epoch 12550  H=7.9802 C=7.9318 HO=0.0483  A(t)=234
       169  >>>>>>>>>>>>>>>>  3e3e3e3e3e3e3e3e3e3e3e3e3e3e3e3e
        76  ................  01010101010101010101010101010101
        73  ||||||||||||||||  7c7c7c7c7c7c7c7c7c7c7c7c7c7c7c7c
        54  ................  ffffffffffffffffffffffffffffffff
        48  ................  fdfdfdfdfdfdfdfdfdfdfdfdfdfdfdfd
        48  ................  07070707070707070707070707070707
        46  }}}}}}}}}}}}}}}}  7d7d7d7d7d7d7d7d7d7d7d7d7d7d7d7d
        39  ]]]]]]]]]]]]]]]]  5d5d5d5d5d5d5d5d5d5d5d5d5d5d5d5d
        35  ................  86868686868686868686868686868686
        25  [[[[[[[[[[[[[[[[  5b5b5b5b5b5b5b5b5b5b5b5b5b5b5b5b
# epoch 12600  H=7.9801 C=7.9303 HO=0.0503  A(t)=234
       170  >>>>>>>>>>>>>>>>  3e3e3e3e3e3e3e3e3e3e3e3e3e3e3e3e
        88  ]]]]]]]]]]]]]]]]  5d5d5d5d5d5d5d5d5d5d5d5d5d5d5d5d
        69  ................  01010101010101010101010101010101
        68  ||||||||||||||||  7c7c7c7c7c7c7c7c7c7c7c7c7c7c7c7c
        48  ................  fdfdfdfdfdfdfdfdfdfdfdfdfdfdfdfd
        34  5555555555555555  35353535353535353535353535353535
        34  ................  07070707070707070707070707070707
        32  ................  86868686868686868686868686868686
        31  ................  fbfbfbfbfbfbfbfbfbfbfbfbfbfbfbfb
        29  \\\\\\\\\\\\\\\\  5c5c5c5c5c5c5c5c5c5c5c5c5c5c5c5c
# epoch 12650  H=7.9801 C=7.9308 HO=0.0502  A(t)=234
       192  >>>>>>>>>>>>>>>>  3e3e3e3e3e3e3e3e3e3e3e3e3e3e3e3e
        72  ]]]]]]]]]]]]]]]]  5d5d5d5d5d5d5d5d5d5d5d5d5d5d5d5d
        67  ,,,,,,,,,,,,,,,,  2c2c2c2c2c2c2c2c2c2c2c2c2c2c2c2c
        55  ................  01010101010101010101010101010101
        53  ||||||||||||||||  7c7c7c7c7c7c7c7c7c7c7c7c7c7c7c7c
        48  ................  fdfdfdfdfdfdfdfdfdfdfdfdfdfdfdfd
        48  7777777777777777  37373737373737373737373737373737
        47  ................  08080808080808080808080808080808
        34  ................  07070707070707070707070707070707
        33  5555555555555555  35353535353535353535353535353535
# epoch 12700  H=7.9801 C=7.9316 HO=0.0472  A(t)=235
       193  >>>>>>>>>>>>>>>>  3e3e3e3e3e3e3e3e3e3e3e3e3e3e3e3e
        55  ,,,,,,,,,,,,,,,,  2c2c2c2c2c2c2c2c2c2c2c2c2c2c2c2c
        55  ................  01010101010101010101010101010101
        49  ||||||||||||||||  7c7c7c7c7c7c7c7c7c7c7c7c7c7c7c7c
        48  ................  fdfdfdfdfdfdfdfdfdfdfdfdfdfdfdfd
        48  7777777777777777  37373737373737373737373737373737
        45  ................  08080808080808080808080808080808
        41  ]]]]]]]]]]]]]]]]  5d5d5d5d5d5d5d5d5d5d5d5d5d5d5d5d
        34  ................  07070707070707070707070707070707
        32  ................  86868686868686868686868686868686
# epoch 12750  H=7.9800 C=7.9326 HO=0.0457  A(t)=235
       233  >>>>>>>>>>>>>>>>  3e3e3e3e3e3e3e3e3e3e3e3e3e3e3e3e
        55  ................  01010101010101010101010101010101
        48  ................  fdfdfdfdfdfdfdfdfdfdfdfdfdfdfdfd
        45  ||||||||||||||||  7c7c7c7c7c7c7c7c7c7c7c7c7c7c7c7c
        37  7777777777777777  37373737373737373737373737373737
        36  ,,,,,,,,,,,,,,,,  2c2c2c2c2c2c2c2c2c2c2c2c2c2c2c2c
        34  ................  07070707070707070707070707070707
        32  ................  08080808080808080808080808080808
        31  ]]]]]]]]]]]]]]]]  5d5d5d5d5d5d5d5d5d5d5d5d5d5d5d5d
        29  }}}}}}}}}}}}}}}}  7d7d7d7d7d7d7d7d7d7d7d7d7d7d7d7d
# epoch 12800  H=7.9800 C=7.9336 HO=0.0457  A(t)=235
       244  >>>>>>>>>>>>>>>>  3e3e3e3e3e3e3e3e3e3e3e3e3e3e3e3e
        63  }}}}}}}}}}}}}}}}  7d7d7d7d7d7d7d7d7d7d7d7d7d7d7d7d
        49  ................  01010101010101010101010101010101
        48  ................  fdfdfdfdfdfdfdfdfdfdfdfdfdfdfdfd
        46  ||||||||||||||||  7c7c7c7c7c7c7c7c7c7c7c7c7c7c7c7c
        37  7777777777777777  37373737373737373737373737373737
        35  ,,,,,,,,,,,,,,,,  2c2c2c2c2c2c2c2c2c2c2c2c2c2c2c2c
        35  ................  07070707070707070707070707070707
        32  ................  08080808080808080808080808080808
        28  5555555555555555  35353535353535353535353535353535
# epoch 12850  H=7.9801 C=7.9334 HO=0.0453  A(t)=236
       251  >>>>>>>>>>>>>>>>  3e3e3e3e3e3e3e3e3e3e3e3e3e3e3e3e
        89  }}}}}}}}}}}}}}}}  7d7d7d7d7d7d7d7d7d7d7d7d7d7d7d7d
        46  ................  01010101010101010101010101010101
        35  ,,,,,,,,,,,,,,,,  2c2c2c2c2c2c2c2c2c2c2c2c2c2c2c2c
        35  ................  07070707070707070707070707070707
        34  ''''''''''''''''  27272727272727272727272727272727
        32  ||||||||||||||||  7c7c7c7c7c7c7c7c7c7c7c7c7c7c7c7c
        32  ................  08080808080808080808080808080808
        26  ]]]]]]]]]]]]]]]]  5d5d5d5d5d5d5d5d5d5d5d5d5d5d5d5d
        26  5555555555555555  35353535353535353535353535353535
# epoch 12900  H=7.9800 C=7.9318 HO=0.0489  A(t)=237
       292  >>>>>>>>>>>>>>>>  3e3e3e3e3e3e3e3e3e3e3e3e3e3e3e3e
        95  }}}}}}}}}}}}}}}}  7d7d7d7d7d7d7d7d7d7d7d7d7d7d7d7d
        83  ,,,,,,,,,,,,,,,,  2c2c2c2c2c2c2c2c2c2c2c2c2c2c2c2c
        34  ................  07070707070707070707070707070707
        32  ................  08080808080808080808080808080808
        32  ................  01010101010101010101010101010101
        29  8888888888888888  38383838383838383838383838383838
        27  ................  bfbfbfbfbfbfbfbfbfbfbfbfbfbfbfbf
        26  5555555555555555  35353535353535353535353535353535
        25  ................  86868686868686868686868686868686
# epoch 12950  H=7.9799 C=7.9326 HO=0.0461  A(t)=237
       258  >>>>>>>>>>>>>>>>  3e3e3e3e3e3e3e3e3e3e3e3e3e3e3e3e
       125  }}}}}}}}}}}}}}}}  7d7d7d7d7d7d7d7d7d7d7d7d7d7d7d7d
        51  ,,,,,,,,,,,,,,,,  2c2c2c2c2c2c2c2c2c2c2c2c2c2c2c2c
        48  ................  d7d7d7d7d7d7d7d7d7d7d7d7d7d7d7d7
        34  ................  07070707070707070707070707070707
        29  8888888888888888  38383838383838383838383838383838
        27  ................  bfbfbfbfbfbfbfbfbfbfbfbfbfbfbfbf
        26  5555555555555555  35353535353535353535353535353535
        25  ................  86868686868686868686868686868686
        24  ]]]]]]]]]]]]]]]]  5d5d5d5d5d5d5d5d5d5d5d5d5d5d5d5d
# epoch 13000  H=7.9797 C=7.9349 HO=0.0441  A(t)=237
       235  >>>>>>>>>>>>>>>>  3e3e3e3e3e3e3e3e3e3e3e3e3e3e3e3e
       104  }}}}}}}}}}}}}}}}  7d7d7d7d7d7d7d7d7d7d7d7d7d7d7d7d
        48  ................  d7d7d7d7d7d7d7d7d7d7d7d7d7d7d7d7
        40  ,,,,,,,,,,,,,,,,  2c2c2c2c2c2c2c2c2c2c2c2c2c2c2c2c
        34  ................  07070707070707070707070707070707
        29  8888888888888888  38383838383838383838383838383838
        26  5555555555555555  35353535353535353535353535353535
        25  ................  86868686868686868686868686868686
        22  ''''''''''''''''  27272727272727272727272727272727
        21  ................  bfbfbfbfbfbfbfbfbfbfbfbfbfbfbfbf
# epoch 13050  H=7.9796 C=7.9356 HO=0.0446  A(t)=237
       291  >>>>>>>>>>>>>>>>  3e3e3e3e3e3e3e3e3e3e3e3e3e3e3e3e
       113  }}}}}}}}}}}}}}}}  7d7d7d7d7d7d7d7d7d7d7d7d7d7d7d7d
        48  ................  d7d7d7d7d7d7d7d7d7d7d7d7d7d7d7d7
        44  ,,,,,,,,,,,,,,,,  2c2c2c2c2c2c2c2c2c2c2c2c2c2c2c2c
        27  8888888888888888  38383838383838383838383838383838
        26  5555555555555555  35353535353535353535353535353535
        25  ................  86868686868686868686868686868686
        22  ''''''''''''''''  27272727272727272727272727272727
        21  ................  bfbfbfbfbfbfbfbfbfbfbfbfbfbfbfbf
        21  ................  08080808080808080808080808080808
# epoch 13100  H=7.9794 C=7.9335 HO=0.0461  A(t)=237
       352  >>>>>>>>>>>>>>>>  3e3e3e3e3e3e3e3e3e3e3e3e3e3e3e3e
        97  }}}}}}}}}}}}}}}}  7d7d7d7d7d7d7d7d7d7d7d7d7d7d7d7d
        49  [[[[[[[[[[[[[[[[  5b5b5b5b5b5b5b5b5b5b5b5b5b5b5b5b
        48  ................  d7d7d7d7d7d7d7d7d7d7d7d7d7d7d7d7
        48  <<<<<<<<<<<<<<<<  3c3c3c3c3c3c3c3c3c3c3c3c3c3c3c3c
        45  ................  c8c8c8c8c8c8c8c8c8c8c8c8c8c8c8c8
        45  ,,,,,,,,,,,,,,,,  2c2c2c2c2c2c2c2c2c2c2c2c2c2c2c2c
        27  8888888888888888  38383838383838383838383838383838
        27  ................  10101010101010101010101010101010
        26  5555555555555555  35353535353535353535353535353535
# epoch 13150  H=7.9792 C=7.9338 HO=0.0466  A(t)=237
       395  >>>>>>>>>>>>>>>>  3e3e3e3e3e3e3e3e3e3e3e3e3e3e3e3e
       100  }}}}}}}}}}}}}}}}  7d7d7d7d7d7d7d7d7d7d7d7d7d7d7d7d
        48  <<<<<<<<<<<<<<<<  3c3c3c3c3c3c3c3c3c3c3c3c3c3c3c3c
        45  ................  c8c8c8c8c8c8c8c8c8c8c8c8c8c8c8c8
        45  ,,,,,,,,,,,,,,,,  2c2c2c2c2c2c2c2c2c2c2c2c2c2c2c2c
        33  [[[[[[[[[[[[[[[[  5b5b5b5b5b5b5b5b5b5b5b5b5b5b5b5b
        32  ................  d7d7d7d7d7d7d7d7d7d7d7d7d7d7d7d7
        31  !!!!!!!!!!!!!!!!  21212121212121212121212121212121
        27  8888888888888888  38383838383838383838383838383838
        20  ................  86868686868686868686868686868686
# epoch 13200  H=7.9792 C=7.9334 HO=0.0457  A(t)=237
       374  >>>>>>>>>>>>>>>>  3e3e3e3e3e3e3e3e3e3e3e3e3e3e3e3e
        77  }}}}}}}}}}}}}}}}  7d7d7d7d7d7d7d7d7d7d7d7d7d7d7d7d
        45  ................  c8c8c8c8c8c8c8c8c8c8c8c8c8c8c8c8
        42  ,,,,,,,,,,,,,,,,  2c2c2c2c2c2c2c2c2c2c2c2c2c2c2c2c
        33  ................  87878787878787878787878787878787
        32  ................  a8a8a8a8a8a8a8a8a8a8a8a8a8a8a8a8
        32  [[[[[[[[[[[[[[[[  5b5b5b5b5b5b5b5b5b5b5b5b5b5b5b5b
        31  !!!!!!!!!!!!!!!!  21212121212121212121212121212121
        30  ????????????????  3f3f3f3f3f3f3f3f3f3f3f3f3f3f3f3f
        29  <<<<<<<<<<<<<<<<  3c3c3c3c3c3c3c3c3c3c3c3c3c3c3c3c
# epoch 13250  H=7.9793 C=7.9334 HO=0.0449  A(t)=237
       300  >>>>>>>>>>>>>>>>  3e3e3e3e3e3e3e3e3e3e3e3e3e3e3e3e
        78  }}}}}}}}}}}}}}}}  7d7d7d7d7d7d7d7d7d7d7d7d7d7d7d7d
        40  ++++++++++++++++  2b2b2b2b2b2b2b2b2b2b2b2b2b2b2b2b
        38  <<<<<<<<<<<<<<<<  3c3c3c3c3c3c3c3c3c3c3c3c3c3c3c3c
        32  ................  87878787878787878787878787878787
        32  [[[[[[[[[[[[[[[[  5b5b5b5b5b5b5b5b5b5b5b5b5b5b5b5b
        31  ,,,,,,,,,,,,,,,,  2c2c2c2c2c2c2c2c2c2c2c2c2c2c2c2c
        31  !!!!!!!!!!!!!!!!  21212121212121212121212121212121
        30  ????????????????  3f3f3f3f3f3f3f3f3f3f3f3f3f3f3f3f
        29  ................  c8c8c8c8c8c8c8c8c8c8c8c8c8c8c8c8
# epoch 13300  H=7.9792 C=7.9334 HO=0.0464  A(t)=237
       271  >>>>>>>>>>>>>>>>  3e3e3e3e3e3e3e3e3e3e3e3e3e3e3e3e
        99  }}}}}}}}}}}}}}}}  7d7d7d7d7d7d7d7d7d7d7d7d7d7d7d7d
        46  ]]]]]]]]]]]]]]]]  5d5d5d5d5d5d5d5d5d5d5d5d5d5d5d5d
        37  ????????????????  3f3f3f3f3f3f3f3f3f3f3f3f3f3f3f3f
        37  ,,,,,,,,,,,,,,,,  2c2c2c2c2c2c2c2c2c2c2c2c2c2c2c2c
        31  ++++++++++++++++  2b2b2b2b2b2b2b2b2b2b2b2b2b2b2b2b
        31  !!!!!!!!!!!!!!!!  21212121212121212121212121212121
        27  8888888888888888  38383838383838383838383838383838
        23  ================  3d3d3d3d3d3d3d3d3d3d3d3d3d3d3d3d
        23  <<<<<<<<<<<<<<<<  3c3c3c3c3c3c3c3c3c3c3c3c3c3c3c3c
# epoch 13350  H=7.9792 C=7.9332 HO=0.0460  A(t)=238
       285  >>>>>>>>>>>>>>>>  3e3e3e3e3e3e3e3e3e3e3e3e3e3e3e3e
       118  }}}}}}}}}}}}}}}}  7d7d7d7d7d7d7d7d7d7d7d7d7d7d7d7d
        40  ================  3d3d3d3d3d3d3d3d3d3d3d3d3d3d3d3d
        37  ----------------  2d2d2d2d2d2d2d2d2d2d2d2d2d2d2d2d
        33  ,,,,,,,,,,,,,,,,  2c2c2c2c2c2c2c2c2c2c2c2c2c2c2c2c
        31  ++++++++++++++++  2b2b2b2b2b2b2b2b2b2b2b2b2b2b2b2b
        31  !!!!!!!!!!!!!!!!  21212121212121212121212121212121
        27  8888888888888888  38383838383838383838383838383838
        23  ????????????????  3f3f3f3f3f3f3f3f3f3f3f3f3f3f3f3f
        23  <<<<<<<<<<<<<<<<  3c3c3c3c3c3c3c3c3c3c3c3c3c3c3c3c
# epoch 13400  H=7.9794 C=7.9352 HO=0.0436  A(t)=238
       259  >>>>>>>>>>>>>>>>  3e3e3e3e3e3e3e3e3e3e3e3e3e3e3e3e
        90  }}}}}}}}}}}}}}}}  7d7d7d7d7d7d7d7d7d7d7d7d7d7d7d7d
        48  ================  3d3d3d3d3d3d3d3d3d3d3d3d3d3d3d3d
        37  ----------------  2d2d2d2d2d2d2d2d2d2d2d2d2d2d2d2d
        29  ,,,,,,,,,,,,,,,,  2c2c2c2c2c2c2c2c2c2c2c2c2c2c2c2c
        25  ++++++++++++++++  2b2b2b2b2b2b2b2b2b2b2b2b2b2b2b2b
        25  !!!!!!!!!!!!!!!!  21212121212121212121212121212121
        23  ????????????????  3f3f3f3f3f3f3f3f3f3f3f3f3f3f3f3f
        23  <<<<<<<<<<<<<<<<  3c3c3c3c3c3c3c3c3c3c3c3c3c3c3c3c
        21  ................  00000000000000000000000000000000
# epoch 13450  H=7.9793 C=7.9336 HO=0.0435  A(t)=239
       302  >>>>>>>>>>>>>>>>  3e3e3e3e3e3e3e3e3e3e3e3e3e3e3e3e
        98  ................  b4b4b4b4b4b4b4b4b4b4b4b4b4b4b4b4
        66  }}}}}}}}}}}}}}}}  7d7d7d7d7d7d7d7d7d7d7d7d7d7d7d7d
        51  ,,,,,,,,,,,,,,,,  2c2c2c2c2c2c2c2c2c2c2c2c2c2c2c2c
        45  ================  3d3d3d3d3d3d3d3d3d3d3d3d3d3d3d3d
        37  ................  89898989898989898989898989898989
        33  ----------------  2d2d2d2d2d2d2d2d2d2d2d2d2d2d2d2d
        25  !!!!!!!!!!!!!!!!  21212121212121212121212121212121
        24  <<<<<<<<<<<<<<<<  3c3c3c3c3c3c3c3c3c3c3c3c3c3c3c3c
        23  ????????????????  3f3f3f3f3f3f3f3f3f3f3f3f3f3f3f3f
# epoch 13500  H=7.9792 C=7.9324 HO=0.0440  A(t)=239
       322  >>>>>>>>>>>>>>>>  3e3e3e3e3e3e3e3e3e3e3e3e3e3e3e3e
        96  ................  b4b4b4b4b4b4b4b4b4b4b4b4b4b4b4b4
        62  }}}}}}}}}}}}}}}}  7d7d7d7d7d7d7d7d7d7d7d7d7d7d7d7d
        56  ................  acacacacacacacacacacacacacacacac
        44  ^^^^^^^^^^^^^^^^  5e5e5e5e5e5e5e5e5e5e5e5e5e5e5e5e
        43  ================  3d3d3d3d3d3d3d3d3d3d3d3d3d3d3d3d
        39  ,,,,,,,,,,,,,,,,  2c2c2c2c2c2c2c2c2c2c2c2c2c2c2c2c
        33  ----------------  2d2d2d2d2d2d2d2d2d2d2d2d2d2d2d2d
        28  OOOOOOOOOOOOOOOO  4f4f4f4f4f4f4f4f4f4f4f4f4f4f4f4f
        25  !!!!!!!!!!!!!!!!  21212121212121212121212121212121
# epoch 13550  H=7.9792 C=7.9340 HO=0.0423  A(t)=239
       283  >>>>>>>>>>>>>>>>  3e3e3e3e3e3e3e3e3e3e3e3e3e3e3e3e
        91  ................  b4b4b4b4b4b4b4b4b4b4b4b4b4b4b4b4
        57  }}}}}}}}}}}}}}}}  7d7d7d7d7d7d7d7d7d7d7d7d7d7d7d7d
        56  ................  acacacacacacacacacacacacacacacac
        44  ^^^^^^^^^^^^^^^^  5e5e5e5e5e5e5e5e5e5e5e5e5e5e5e5e
        43  ================  3d3d3d3d3d3d3d3d3d3d3d3d3d3d3d3d
        39  ----------------  2d2d2d2d2d2d2d2d2d2d2d2d2d2d2d2d
        35  ,,,,,,,,,,,,,,,,  2c2c2c2c2c2c2c2c2c2c2c2c2c2c2c2c
        28  OOOOOOOOOOOOOOOO  4f4f4f4f4f4f4f4f4f4f4f4f4f4f4f4f
        25  !!!!!!!!!!!!!!!!  21212121212121212121212121212121
# epoch 13600  H=7.9795 C=7.9354 HO=0.0434  A(t)=239
       258  >>>>>>>>>>>>>>>>  3e3e3e3e3e3e3e3e3e3e3e3e3e3e3e3e
        91  ................  b4b4b4b4b4b4b4b4b4b4b4b4b4b4b4b4
        56  ................  acacacacacacacacacacacacacacacac
        56  <<<<<<<<<<<<<<<<  3c3c3c3c3c3c3c3c3c3c3c3c3c3c3c3c
        44  ^^^^^^^^^^^^^^^^  5e5e5e5e5e5e5e5e5e5e5e5e5e5e5e5e
        43  ================  3d3d3d3d3d3d3d3d3d3d3d3d3d3d3d3d
        42  ,,,,,,,,,,,,,,,,  2c2c2c2c2c2c2c2c2c2c2c2c2c2c2c2c
        40  }}}}}}}}}}}}}}}}  7d7d7d7d7d7d7d7d7d7d7d7d7d7d7d7d
        37  ----------------  2d2d2d2d2d2d2d2d2d2d2d2d2d2d2d2d
        25  !!!!!!!!!!!!!!!!  21212121212121212121212121212121
# epoch 13650  H=7.9795 C=7.9344 HO=0.0441  A(t)=239
       251  >>>>>>>>>>>>>>>>  3e3e3e3e3e3e3e3e3e3e3e3e3e3e3e3e
        97  1111111111111111  31313131313131313131313131313131
        86  ................  b4b4b4b4b4b4b4b4b4b4b4b4b4b4b4b4
        44  ^^^^^^^^^^^^^^^^  5e5e5e5e5e5e5e5e5e5e5e5e5e5e5e5e
        44  <<<<<<<<<<<<<<<<  3c3c3c3c3c3c3c3c3c3c3c3c3c3c3c3c
        37  ================  3d3d3d3d3d3d3d3d3d3d3d3d3d3d3d3d
        36  ................  acacacacacacacacacacacacacacacac
        36  }}}}}}}}}}}}}}}}  7d7d7d7d7d7d7d7d7d7d7d7d7d7d7d7d
        25  ,,,,,,,,,,,,,,,,  2c2c2c2c2c2c2c2c2c2c2c2c2c2c2c2c
        25  !!!!!!!!!!!!!!!!  21212121212121212121212121212121
# epoch 13700  H=7.9793 C=7.9327 HO=0.0455  A(t)=239
       277  >>>>>>>>>>>>>>>>  3e3e3e3e3e3e3e3e3e3e3e3e3e3e3e3e
        67  ................  b4b4b4b4b4b4b4b4b4b4b4b4b4b4b4b4
        65  1111111111111111  31313131313131313131313131313131
        49  ................  98989898989898989898989898989898
        49  ................  2e2e2e2e2e2e2e2e2e2e2e2e2e2e2e2e
        44  <<<<<<<<<<<<<<<<  3c3c3c3c3c3c3c3c3c3c3c3c3c3c3c3c
        37  }}}}}}}}}}}}}}}}  7d7d7d7d7d7d7d7d7d7d7d7d7d7d7d7d
        36  ................  acacacacacacacacacacacacacacacac
        36  ================  3d3d3d3d3d3d3d3d3d3d3d3d3d3d3d3d
        28  ^^^^^^^^^^^^^^^^  5e5e5e5e5e5e5e5e5e5e5e5e5e5e5e5e
# epoch 13750  H=7.9793 C=7.9340 HO=0.0422  A(t)=239
       268  >>>>>>>>>>>>>>>>  3e3e3e3e3e3e3e3e3e3e3e3e3e3e3e3e
        51  1111111111111111  31313131313131313131313131313131
        48  ................  2e2e2e2e2e2e2e2e2e2e2e2e2e2e2e2e
        44  <<<<<<<<<<<<<<<<  3c3c3c3c3c3c3c3c3c3c3c3c3c3c3c3c
        43  ................  98989898989898989898989898989898
        42  ................  b4b4b4b4b4b4b4b4b4b4b4b4b4b4b4b4
        33  ................  acacacacacacacacacacacacacacacac
        33  ================  3d3d3d3d3d3d3d3d3d3d3d3d3d3d3d3d
        29  }}}}}}}}}}}}}}}}  7d7d7d7d7d7d7d7d7d7d7d7d7d7d7d7d
        27  ^^^^^^^^^^^^^^^^  5e5e5e5e5e5e5e5e5e5e5e5e5e5e5e5e
# epoch 13800  H=7.9796 C=7.9338 HO=0.0423  A(t)=239
       221  >>>>>>>>>>>>>>>>  3e3e3e3e3e3e3e3e3e3e3e3e3e3e3e3e
        52  ................  ffffffffffffffffffffffffffffffff
        51  1111111111111111  31313131313131313131313131313131
        48  ................  2e2e2e2e2e2e2e2e2e2e2e2e2e2e2e2e
        44  <<<<<<<<<<<<<<<<  3c3c3c3c3c3c3c3c3c3c3c3c3c3c3c3c
        43  ................  98989898989898989898989898989898
        37  }}}}}}}}}}}}}}}}  7d7d7d7d7d7d7d7d7d7d7d7d7d7d7d7d
        32  ................  b4b4b4b4b4b4b4b4b4b4b4b4b4b4b4b4
        26  ================  3d3d3d3d3d3d3d3d3d3d3d3d3d3d3d3d
        24  ................  acacacacacacacacacacacacacacacac
# epoch 13850  H=7.9797 C=7.9362 HO=0.0402  A(t)=239
       196  >>>>>>>>>>>>>>>>  3e3e3e3e3e3e3e3e3e3e3e3e3e3e3e3e
        52  ................  ffffffffffffffffffffffffffffffff
        51  1111111111111111  31313131313131313131313131313131
        46  ================  3d3d3d3d3d3d3d3d3d3d3d3d3d3d3d3d
        43  ................  98989898989898989898989898989898
        32  ................  b4b4b4b4b4b4b4b4b4b4b4b4b4b4b4b4
        32  ................  2e2e2e2e2e2e2e2e2e2e2e2e2e2e2e2e
        31  <<<<<<<<<<<<<<<<  3c3c3c3c3c3c3c3c3c3c3c3c3c3c3c3c
        24  ????????????????  3f3f3f3f3f3f3f3f3f3f3f3f3f3f3f3f
        22  }}}}}}}}}}}}}}}}  7d7d7d7d7d7d7d7d7d7d7d7d7d7d7d7d
# epoch 13900  H=7.9797 C=7.9327 HO=0.0452  A(t)=239
       204  >>>>>>>>>>>>>>>>  3e3e3e3e3e3e3e3e3e3e3e3e3e3e3e3e
        79  ................  ffffffffffffffffffffffffffffffff
        60  ,,,,,,,,,,,,,,,,  2c2c2c2c2c2c2c2c2c2c2c2c2c2c2c2c
        49  ................  a4a4a4a4a4a4a4a4a4a4a4a4a4a4a4a4
        48  1111111111111111  31313131313131313131313131313131
        48  ................  04040404040404040404040404040404
        47  ================  3d3d3d3d3d3d3d3d3d3d3d3d3d3d3d3d
        43  ................  98989898989898989898989898989898
        40  ................  06060606060606060606060606060606
        34  <<<<<<<<<<<<<<<<  3c3c3c3c3c3c3c3c3c3c3c3c3c3c3c3c
# epoch 13950  H=7.9796 C=7.9333 HO=0.0394  A(t)=240
       200  >>>>>>>>>>>>>>>>  3e3e3e3e3e3e3e3e3e3e3e3e3e3e3e3e
        80  ................  2e2e2e2e2e2e2e2e2e2e2e2e2e2e2e2e
        78  ................  ffffffffffffffffffffffffffffffff
        48  ================  3d3d3d3d3d3d3d3d3d3d3d3d3d3d3d3d
        48  1111111111111111  31313131313131313131313131313131
        48  ................  04040404040404040404040404040404
        45  ................  84848484848484848484848484848484
        43  ................  98989898989898989898989898989898
        43  ,,,,,,,,,,,,,,,,  2c2c2c2c2c2c2c2c2c2c2c2c2c2c2c2c
        38  }}}}}}}}}}}}}}}}  7d7d7d7d7d7d7d7d7d7d7d7d7d7d7d7d
# epoch 14000  H=7.9798 C=7.9329 HO=0.0419  A(t)=240
       160  >>>>>>>>>>>>>>>>  3e3e3e3e3e3e3e3e3e3e3e3e3e3e3e3e
       140  ,,,,,,,,,,,,,,,,  2c2c2c2c2c2c2c2c2c2c2c2c2c2c2c2c
        75  ................  2e2e2e2e2e2e2e2e2e2e2e2e2e2e2e2e
        74  ................  ffffffffffffffffffffffffffffffff
        49  ................  87878787878787878787878787878787
        48  ................  04040404040404040404040404040404
        47  1111111111111111  31313131313131313131313131313131
        45  ................  84848484848484848484848484848484
        44  }}}}}}}}}}}}}}}}  7d7d7d7d7d7d7d7d7d7d7d7d7d7d7d7d
        43  ................  98989898989898989898989898989898
# epoch 14050  H=7.9798 C=7.9333 HO=0.0421  A(t)=240
       170  >>>>>>>>>>>>>>>>  3e3e3e3e3e3e3e3e3e3e3e3e3e3e3e3e
       112  ,,,,,,,,,,,,,,,,  2c2c2c2c2c2c2c2c2c2c2c2c2c2c2c2c
        60  ................  2e2e2e2e2e2e2e2e2e2e2e2e2e2e2e2e
        58  }}}}}}}}}}}}}}}}  7d7d7d7d7d7d7d7d7d7d7d7d7d7d7d7d
        49  ................  ffffffffffffffffffffffffffffffff
        45  ................  84848484848484848484848484848484
        45  ................  04040404040404040404040404040404
        41  1111111111111111  31313131313131313131313131313131
        35  ................  06060606060606060606060606060606
        33  ................  87878787878787878787878787878787
# epoch 14100  H=7.9801 C=7.9346 HO=0.0417  A(t)=240
       152  >>>>>>>>>>>>>>>>  3e3e3e3e3e3e3e3e3e3e3e3e3e3e3e3e
       110  ,,,,,,,,,,,,,,,,  2c2c2c2c2c2c2c2c2c2c2c2c2c2c2c2c
        62  }}}}}}}}}}}}}}}}  7d7d7d7d7d7d7d7d7d7d7d7d7d7d7d7d
        58  ................  2e2e2e2e2e2e2e2e2e2e2e2e2e2e2e2e
        49  ................  ffffffffffffffffffffffffffffffff
        45  ````````````````  60606060606060606060606060606060
        38  ................  04040404040404040404040404040404
        37  1111111111111111  31313131313131313131313131313131
        28  ................  a8a8a8a8a8a8a8a8a8a8a8a8a8a8a8a8
        28  ................  8e8e8e8e8e8e8e8e8e8e8e8e8e8e8e8e
# epoch 14150  H=7.9805 C=7.9353 HO=0.0427  A(t)=240
       147  >>>>>>>>>>>>>>>>  3e3e3e3e3e3e3e3e3e3e3e3e3e3e3e3e
        80  ,,,,,,,,,,,,,,,,  2c2c2c2c2c2c2c2c2c2c2c2c2c2c2c2c
        66  }}}}}}}}}}}}}}}}  7d7d7d7d7d7d7d7d7d7d7d7d7d7d7d7d
        58  ................  2e2e2e2e2e2e2e2e2e2e2e2e2e2e2e2e
        49  ................  ffffffffffffffffffffffffffffffff
        45  ````````````````  60606060606060606060606060606060
        39  ................  babababababababababababababababa
        34  ................  e3e3e3e3e3e3e3e3e3e3e3e3e3e3e3e3
        28  ................  84848484848484848484848484848484
        28  1111111111111111  31313131313131313131313131313131
# epoch 14200  H=7.9804 C=7.9359 HO=0.0417  A(t)=241
       177  >>>>>>>>>>>>>>>>  3e3e3e3e3e3e3e3e3e3e3e3e3e3e3e3e
        75  ,,,,,,,,,,,,,,,,  2c2c2c2c2c2c2c2c2c2c2c2c2c2c2c2c
        74  }}}}}}}}}}}}}}}}  7d7d7d7d7d7d7d7d7d7d7d7d7d7d7d7d
        68  ................  0d0d0d0d0d0d0d0d0d0d0d0d0d0d0d0d
        34  ................  e3e3e3e3e3e3e3e3e3e3e3e3e3e3e3e3
        34  ................  2e2e2e2e2e2e2e2e2e2e2e2e2e2e2e2e
        32  ................  ffffffffffffffffffffffffffffffff
        29  ````````````````  60606060606060606060606060606060
        28  ................  84848484848484848484848484848484
        27  ................  8e8e8e8e8e8e8e8e8e8e8e8e8e8e8e8e
# epoch 14250  H=7.9804 C=7.9350 HO=0.0422  A(t)=241
       196  >>>>>>>>>>>>>>>>  3e3e3e3e3e3e3e3e3e3e3e3e3e3e3e3e
       117  ,,,,,,,,,,,,,,,,  2c2c2c2c2c2c2c2c2c2c2c2c2c2c2c2c
        67  ................  0d0d0d0d0d0d0d0d0d0d0d0d0d0d0d0d
        49  AAAAAAAAAAAAAAAA  41414141414141414141414141414141
        46  ................  a1a1a1a1a1a1a1a1a1a1a1a1a1a1a1a1
        46  }}}}}}}}}}}}}}}}  7d7d7d7d7d7d7d7d7d7d7d7d7d7d7d7d
        34  ................  e3e3e3e3e3e3e3e3e3e3e3e3e3e3e3e3
        31  ................  ffffffffffffffffffffffffffffffff
        29  ````````````````  60606060606060606060606060606060
        28  ................  84848484848484848484848484848484
# epoch 14300  H=7.9800 C=7.9340 HO=0.0424  A(t)=242
       306  >>>>>>>>>>>>>>>>  3e3e3e3e3e3e3e3e3e3e3e3e3e3e3e3e
       116  ,,,,,,,,,,,,,,,,  2c2c2c2c2c2c2c2c2c2c2c2c2c2c2c2c
        67  ................  0d0d0d0d0d0d0d0d0d0d0d0d0d0d0d0d
        47  \\\\\\\\\\\\\\\\  5c5c5c5c5c5c5c5c5c5c5c5c5c5c5c5c
        46  ................  a1a1a1a1a1a1a1a1a1a1a1a1a1a1a1a1
        31  ................  ffffffffffffffffffffffffffffffff
        28  ................  84848484848484848484848484848484
        23  ................  babababababababababababababababa
        22  ................  2e2e2e2e2e2e2e2e2e2e2e2e2e2e2e2e
        18  ................  e3e3e3e3e3e3e3e3e3e3e3e3e3e3e3e3
# epoch 14350  H=7.9799 C=7.9350 HO=0.0412  A(t)=242
       316  >>>>>>>>>>>>>>>>  3e3e3e3e3e3e3e3e3e3e3e3e3e3e3e3e
        82  ,,,,,,,,,,,,,,,,  2c2c2c2c2c2c2c2c2c2c2c2c2c2c2c2c
        68  ................  0d0d0d0d0d0d0d0d0d0d0d0d0d0d0d0d
        46  ................  a1a1a1a1a1a1a1a1a1a1a1a1a1a1a1a1
        31  \\\\\\\\\\\\\\\\  5c5c5c5c5c5c5c5c5c5c5c5c5c5c5c5c
        22  ................  2e2e2e2e2e2e2e2e2e2e2e2e2e2e2e2e
        18  ................  ffffffffffffffffffffffffffffffff
        17  }}}}}}}}}}}}}}}}  7d7d7d7d7d7d7d7d7d7d7d7d7d7d7d7d
        16  ................  84848484848484848484848484848484
        16  AAAAAAAAAAAAAAAA  41414141414141414141414141414141
# epoch 14400  H=7.9798 C=7.9364 HO=0.0402  A(t)=242
       263  >>>>>>>>>>>>>>>>  3e3e3e3e3e3e3e3e3e3e3e3e3e3e3e3e
        68  ................  0d0d0d0d0d0d0d0d0d0d0d0d0d0d0d0d
        62  ,,,,,,,,,,,,,,,,  2c2c2c2c2c2c2c2c2c2c2c2c2c2c2c2c
        45  ................  00000000000000000000000000000000
        31  \\\\\\\\\\\\\\\\  5c5c5c5c5c5c5c5c5c5c5c5c5c5c5c5c
        30  ................  a1a1a1a1a1a1a1a1a1a1a1a1a1a1a1a1
        22  ................  2e2e2e2e2e2e2e2e2e2e2e2e2e2e2e2e
        17  ................  ffffffffffffffffffffffffffffffff
        16  ................  84848484848484848484848484848484
        16  AAAAAAAAAAAAAAAA  41414141414141414141414141414141
# epoch 14450  H=7.9798 C=7.9360 HO=0.0407  A(t)=242
       316  >>>>>>>>>>>>>>>>  3e3e3e3e3e3e3e3e3e3e3e3e3e3e3e3e
        67  ................  0d0d0d0d0d0d0d0d0d0d0d0d0d0d0d0d
        59  ,,,,,,,,,,,,,,,,  2c2c2c2c2c2c2c2c2c2c2c2c2c2c2c2c
        45  ................  00000000000000000000000000000000
        31  \\\\\\\\\\\\\\\\  5c5c5c5c5c5c5c5c5c5c5c5c5c5c5c5c
        30  ................  a1a1a1a1a1a1a1a1a1a1a1a1a1a1a1a1
        24  ================  3d3d3d3d3d3d3d3d3d3d3d3d3d3d3d3d
        20  nnnnnnnnnnnnnnnn  6e6e6e6e6e6e6e6e6e6e6e6e6e6e6e6e
        16  ................  84848484848484848484848484848484
        16  AAAAAAAAAAAAAAAA  41414141414141414141414141414141
# epoch 14500  H=7.9796 C=7.9342 HO=0.0423  A(t)=243
       306  >>>>>>>>>>>>>>>>  3e3e3e3e3e3e3e3e3e3e3e3e3e3e3e3e
       102  ................  0d0d0d0d0d0d0d0d0d0d0d0d0d0d0d0d
        54  \\\\\\\\\\\\\\\\  5c5c5c5c5c5c5c5c5c5c5c5c5c5c5c5c
        38  ,,,,,,,,,,,,,,,,  2c2c2c2c2c2c2c2c2c2c2c2c2c2c2c2c
        32  <<<<<<<<<<<<<<<<  3c3c3c3c3c3c3c3c3c3c3c3c3c3c3c3c
        30  ................  a1a1a1a1a1a1a1a1a1a1a1a1a1a1a1a1
        30  [[[[[[[[[[[[[[[[  5b5b5b5b5b5b5b5b5b5b5b5b5b5b5b5b
        24  ================  3d3d3d3d3d3d3d3d3d3d3d3d3d3d3d3d
        20  nnnnnnnnnnnnnnnn  6e6e6e6e6e6e6e6e6e6e6e6e6e6e6e6e
        19  ................  00000000000000000000000000000000
# epoch 14550  H=7.9794 C=7.9343 HO=0.0417  A(t)=243
       308  >>>>>>>>>>>>>>>>  3e3e3e3e3e3e3e3e3e3e3e3e3e3e3e3e
        84  ................  0d0d0d0d0d0d0d0d0d0d0d0d0d0d0d0d
        54  \\\\\\\\\\\\\\\\  5c5c5c5c5c5c5c5c5c5c5c5c5c5c5c5c
        49  ................  eaeaeaeaeaeaeaeaeaeaeaeaeaeaeaea
        30  [[[[[[[[[[[[[[[[  5b5b5b5b5b5b5b5b5b5b5b5b5b5b5b5b
        26  ,,,,,,,,,,,,,,,,  2c2c2c2c2c2c2c2c2c2c2c2c2c2c2c2c
        22  ================  3d3d3d3d3d3d3d3d3d3d3d3d3d3d3d3d
        20  ................  a1a1a1a1a1a1a1a1a1a1a1a1a1a1a1a1
        20  nnnnnnnnnnnnnnnn  6e6e6e6e6e6e6e6e6e6e6e6e6e6e6e6e
        16  <<<<<<<<<<<<<<<<  3c3c3c3c3c3c3c3c3c3c3c3c3c3c3c3c
# epoch 14600  H=7.9791 C=7.9305 HO=0.0459  A(t)=243
       322  >>>>>>>>>>>>>>>>  3e3e3e3e3e3e3e3e3e3e3e3e3e3e3e3e
        64  ................  0d0d0d0d0d0d0d0d0d0d0d0d0d0d0d0d
        53  ]]]]]]]]]]]]]]]]  5d5d5d5d5d5d5d5d5d5d5d5d5d5d5d5d
        49  ................  e7e7e7e7e7e7e7e7e7e7e7e7e7e7e7e7
        38  \\\\\\\\\\\\\\\\  5c5c5c5c5c5c5c5c5c5c5c5c5c5c5c5c
        34  ================  3d3d3d3d3d3d3d3d3d3d3d3d3d3d3d3d
        30  [[[[[[[[[[[[[[[[  5b5b5b5b5b5b5b5b5b5b5b5b5b5b5b5b
        26  }}}}}}}}}}}}}}}}  7d7d7d7d7d7d7d7d7d7d7d7d7d7d7d7d
        26  ,,,,,,,,,,,,,,,,  2c2c2c2c2c2c2c2c2c2c2c2c2c2c2c2c
        25  ................  f6f6f6f6f6f6f6f6f6f6f6f6f6f6f6f6
# epoch 14650  H=7.9794 C=7.9329 HO=0.0432  A(t)=243
       290  >>>>>>>>>>>>>>>>  3e3e3e3e3e3e3e3e3e3e3e3e3e3e3e3e
        59  ................  ffffffffffffffffffffffffffffffff
        53  ]]]]]]]]]]]]]]]]  5d5d5d5d5d5d5d5d5d5d5d5d5d5d5d5d
        43  ................  e7e7e7e7e7e7e7e7e7e7e7e7e7e7e7e7
        38  \\\\\\\\\\\\\\\\  5c5c5c5c5c5c5c5c5c5c5c5c5c5c5c5c
        35  }}}}}}}}}}}}}}}}  7d7d7d7d7d7d7d7d7d7d7d7d7d7d7d7d
        34  ================  3d3d3d3d3d3d3d3d3d3d3d3d3d3d3d3d
        24  ,,,,,,,,,,,,,,,,  2c2c2c2c2c2c2c2c2c2c2c2c2c2c2c2c
        23  xxxxxxxxxxxxxxxx  78787878787878787878787878787878
        22  zzzzzzzzzzzzzzzz  7a7a7a7a7a7a7a7a7a7a7a7a7a7a7a7a
# epoch 14700  H=7.9795 C=7.9340 HO=0.0415  A(t)=243
       253  >>>>>>>>>>>>>>>>  3e3e3e3e3e3e3e3e3e3e3e3e3e3e3e3e
        59  ................  ffffffffffffffffffffffffffffffff
        49  ................  01010101010101010101010101010101
        37  tttttttttttttttt  74747474747474747474747474747474
        37  ]]]]]]]]]]]]]]]]  5d5d5d5d5d5d5d5d5d5d5d5d5d5d5d5d
        32  ................  e7e7e7e7e7e7e7e7e7e7e7e7e7e7e7e7
        32  \\\\\\\\\\\\\\\\  5c5c5c5c5c5c5c5c5c5c5c5c5c5c5c5c
        26  }}}}}}}}}}}}}}}}  7d7d7d7d7d7d7d7d7d7d7d7d7d7d7d7d
        23  xxxxxxxxxxxxxxxx  78787878787878787878787878787878
        22  zzzzzzzzzzzzzzzz  7a7a7a7a7a7a7a7a7a7a7a7a7a7a7a7a
# epoch 14750  H=7.9795 C=7.9339 HO=0.0428  A(t)=243
       223  >>>>>>>>>>>>>>>>  3e3e3e3e3e3e3e3e3e3e3e3e3e3e3e3e
        55  ................  ffffffffffffffffffffffffffffffff
        47  }}}}}}}}}}}}}}}}  7d7d7d7d7d7d7d7d7d7d7d7d7d7d7d7d
        42  \\\\\\\\\\\\\\\\  5c5c5c5c5c5c5c5c5c5c5c5c5c5c5c5c
        37  tttttttttttttttt  74747474747474747474747474747474
        35  ................  babababababababababababababababa
        27  ................  96969696969696969696969696969696
        25  ................  01010101010101010101010101010101
        23  xxxxxxxxxxxxxxxx  78787878787878787878787878787878
        21  ]]]]]]]]]]]]]]]]  5d5d5d5d5d5d5d5d5d5d5d5d5d5d5d5d
# epoch 14800  H=7.9793 C=7.9349 HO=0.0424  A(t)=243
       247  >>>>>>>>>>>>>>>>  3e3e3e3e3e3e3e3e3e3e3e3e3e3e3e3e
        50  ................  ffffffffffffffffffffffffffffffff
        39  }}}}}}}}}}}}}}}}  7d7d7d7d7d7d7d7d7d7d7d7d7d7d7d7d
        38  [[[[[[[[[[[[[[[[  5b5b5b5b5b5b5b5b5b5b5b5b5b5b5b5b
        37  tttttttttttttttt  74747474747474747474747474747474
        30  \\\\\\\\\\\\\\\\  5c5c5c5c5c5c5c5c5c5c5c5c5c5c5c5c
        28  ................  babababababababababababababababa
        23  xxxxxxxxxxxxxxxx  78787878787878787878787878787878
        18  ................  e7e7e7e7e7e7e7e7e7e7e7e7e7e7e7e7
        17  ]]]]]]]]]]]]]]]]  5d5d5d5d5d5d5d5d5d5d5d5d5d5d5d5d
# epoch 14850  H=7.9791 C=7.9344 HO=0.0435  A(t)=243
       234  >>>>>>>>>>>>>>>>  3e3e3e3e3e3e3e3e3e3e3e3e3e3e3e3e
        92  ----------------  2d2d2d2d2d2d2d2d2d2d2d2d2d2d2d2d
        35  }}}}}}}}}}}}}}}}  7d7d7d7d7d7d7d7d7d7d7d7d7d7d7d7d
        35  [[[[[[[[[[[[[[[[  5b5b5b5b5b5b5b5b5b5b5b5b5b5b5b5b
        32  ................  ffffffffffffffffffffffffffffffff
        26  \\\\\\\\\\\\\\\\  5c5c5c5c5c5c5c5c5c5c5c5c5c5c5c5c
        22  ................  babababababababababababababababa
        22  ................  14141414141414141414141414141414
        21  tttttttttttttttt  74747474747474747474747474747474
        20  <<<<<<<<<<<<<<<<  3c3c3c3c3c3c3c3c3c3c3c3c3c3c3c3c
# epoch 14900  H=7.9789 C=7.9361 HO=0.0402  A(t)=243
       252  >>>>>>>>>>>>>>>>  3e3e3e3e3e3e3e3e3e3e3e3e3e3e3e3e
        91  ----------------  2d2d2d2d2d2d2d2d2d2d2d2d2d2d2d2d
        46  }}}}}}}}}}}}}}}}  7d7d7d7d7d7d7d7d7d7d7d7d7d7d7d7d
        35  [[[[[[[[[[[[[[[[  5b5b5b5b5b5b5b5b5b5b5b5b5b5b5b5b
        26  ................  ffffffffffffffffffffffffffffffff
        25  \\\\\\\\\\\\\\\\  5c5c5c5c5c5c5c5c5c5c5c5c5c5c5c5c
        22  ................  babababababababababababababababa
        18  <<<<<<<<<<<<<<<<  3c3c3c3c3c3c3c3c3c3c3c3c3c3c3c3c
        16  xxxxxxxxxxxxxxxx  78787878787878787878787878787878
        14  ================  3d3d3d3d3d3d3d3d3d3d3d3d3d3d3d3d
# epoch 14950  H=7.9788 C=7.9356 HO=0.0423  A(t)=243
       260  >>>>>>>>>>>>>>>>  3e3e3e3e3e3e3e3e3e3e3e3e3e3e3e3e
        54  ----------------  2d2d2d2d2d2d2d2d2d2d2d2d2d2d2d2d
        48  ................  a9a9a9a9a9a9a9a9a9a9a9a9a9a9a9a9
        39  }}}}}}}}}}}}}}}}  7d7d7d7d7d7d7d7d7d7d7d7d7d7d7d7d
        33  llllllllllllllll  6c6c6c6c6c6c6c6c6c6c6c6c6c6c6c6c
        33  [[[[[[[[[[[[[[[[  5b5b5b5b5b5b5b5b5b5b5b5b5b5b5b5b
        26  ................  ffffffffffffffffffffffffffffffff
        18  <<<<<<<<<<<<<<<<  3c3c3c3c3c3c3c3c3c3c3c3c3c3c3c3c
        16  \\\\\\\\\\\\\\\\  5c5c5c5c5c5c5c5c5c5c5c5c5c5c5c5c
        14  ================  3d3d3d3d3d3d3d3d3d3d3d3d3d3d3d3d
# epoch 15000  H=7.9789 C=7.9365 HO=0.0408  A(t)=243
       289  >>>>>>>>>>>>>>>>  3e3e3e3e3e3e3e3e3e3e3e3e3e3e3e3e
        48  ................  a9a9a9a9a9a9a9a9a9a9a9a9a9a9a9a9
        48  ----------------  2d2d2d2d2d2d2d2d2d2d2d2d2d2d2d2d
        39  }}}}}}}}}}}}}}}}  7d7d7d7d7d7d7d7d7d7d7d7d7d7d7d7d
        33  [[[[[[[[[[[[[[[[  5b5b5b5b5b5b5b5b5b5b5b5b5b5b5b5b
        26  ................  ffffffffffffffffffffffffffffffff
        22  llllllllllllllll  6c6c6c6c6c6c6c6c6c6c6c6c6c6c6c6c
        18  ================  3d3d3d3d3d3d3d3d3d3d3d3d3d3d3d3d
        18  <<<<<<<<<<<<<<<<  3c3c3c3c3c3c3c3c3c3c3c3c3c3c3c3c
        16  \\\\\\\\\\\\\\\\  5c5c5c5c5c5c5c5c5c5c5c5c5c5c5c5c
# epoch 15050  H=7.9787 C=7.9365 HO=0.0397  A(t)=243
       253  >>>>>>>>>>>>>>>>  3e3e3e3e3e3e3e3e3e3e3e3e3e3e3e3e
        36  ----------------  2d2d2d2d2d2d2d2d2d2d2d2d2d2d2d2d
        33  ................  a9a9a9a9a9a9a9a9a9a9a9a9a9a9a9a9
        32  [[[[[[[[[[[[[[[[  5b5b5b5b5b5b5b5b5b5b5b5b5b5b5b5b
        27  ................  ffffffffffffffffffffffffffffffff
        22  llllllllllllllll  6c6c6c6c6c6c6c6c6c6c6c6c6c6c6c6c
        18  }}}}}}}}}}}}}}}}  7d7d7d7d7d7d7d7d7d7d7d7d7d7d7d7d
        15  ================  3d3d3d3d3d3d3d3d3d3d3d3d3d3d3d3d
        13  ................  cececececececececececececececece
        13  <<<<<<<<<<<<<<<<  3c3c3c3c3c3c3c3c3c3c3c3c3c3c3c3c
# epoch 15100  H=7.9785 C=7.9338 HO=0.0428  A(t)=243
       215  >>>>>>>>>>>>>>>>  3e3e3e3e3e3e3e3e3e3e3e3e3e3e3e3e
        60  @@@@@@@@@@@@@@@@  40404040404040404040404040404040
        49  ................  07070707070707070707070707070707
        47  [[[[[[[[[[[[[[[[  5b5b5b5b5b5b5b5b5b5b5b5b5b5b5b5b
        46  \\\\\\\\\\\\\\\\  5c5c5c5c5c5c5c5c5c5c5c5c5c5c5c5c
        36  ----------------  2d2d2d2d2d2d2d2d2d2d2d2d2d2d2d2d
        33  ................  93939393939393939393939393939393
        25  ................  ffffffffffffffffffffffffffffffff
        22  ................  fbfbfbfbfbfbfbfbfbfbfbfbfbfbfbfb
        19  llllllllllllllll  6c6c6c6c6c6c6c6c6c6c6c6c6c6c6c6c
# epoch 15150  H=7.9786 C=7.9346 HO=0.0436  A(t)=243
       222  >>>>>>>>>>>>>>>>  3e3e3e3e3e3e3e3e3e3e3e3e3e3e3e3e
        63  ................  ffffffffffffffffffffffffffffffff
        47  [[[[[[[[[[[[[[[[  5b5b5b5b5b5b5b5b5b5b5b5b5b5b5b5b
        46  \\\\\\\\\\\\\\\\  5c5c5c5c5c5c5c5c5c5c5c5c5c5c5c5c
        39  }}}}}}}}}}}}}}}}  7d7d7d7d7d7d7d7d7d7d7d7d7d7d7d7d
        35  @@@@@@@@@@@@@@@@  40404040404040404040404040404040
        33  ................  93939393939393939393939393939393
        33  ................  07070707070707070707070707070707
        30  ----------------  2d2d2d2d2d2d2d2d2d2d2d2d2d2d2d2d
        19  llllllllllllllll  6c6c6c6c6c6c6c6c6c6c6c6c6c6c6c6c
# epoch 15200  H=7.9789 C=7.9353 HO=0.0444  A(t)=243
       174  >>>>>>>>>>>>>>>>  3e3e3e3e3e3e3e3e3e3e3e3e3e3e3e3e
        96  ................  ffffffffffffffffffffffffffffffff
        53  }}}}}}}}}}}}}}}}  7d7d7d7d7d7d7d7d7d7d7d7d7d7d7d7d
        41  ................  86868686868686868686868686868686
        35  [[[[[[[[[[[[[[[[  5b5b5b5b5b5b5b5b5b5b5b5b5b5b5b5b
        33  ................  07070707070707070707070707070707
        30  \\\\\\\\\\\\\\\\  5c5c5c5c5c5c5c5c5c5c5c5c5c5c5c5c
        29  @@@@@@@@@@@@@@@@  40404040404040404040404040404040
        25  ................  93939393939393939393939393939393
        24  ================  3d3d3d3d3d3d3d3d3d3d3d3d3d3d3d3d
# epoch 15250  H=7.9792 C=7.9363 HO=0.0428  A(t)=243
       157  >>>>>>>>>>>>>>>>  3e3e3e3e3e3e3e3e3e3e3e3e3e3e3e3e
        86  ................  ffffffffffffffffffffffffffffffff
        44  }}}}}}}}}}}}}}}}  7d7d7d7d7d7d7d7d7d7d7d7d7d7d7d7d
        34  ................  86868686868686868686868686868686
        29  \\\\\\\\\\\\\\\\  5c5c5c5c5c5c5c5c5c5c5c5c5c5c5c5c
        29  @@@@@@@@@@@@@@@@  40404040404040404040404040404040
        29  ................  0f0f0f0f0f0f0f0f0f0f0f0f0f0f0f0f
        27  ================  3d3d3d3d3d3d3d3d3d3d3d3d3d3d3d3d
        25  ................  93939393939393939393939393939393
        25  ................  07070707070707070707070707070707
# epoch 15300  H=7.9793 C=7.9378 HO=0.0410  A(t)=243
       115  >>>>>>>>>>>>>>>>  3e3e3e3e3e3e3e3e3e3e3e3e3e3e3e3e
        81  ................  ffffffffffffffffffffffffffffffff
        44  }}}}}}}}}}}}}}}}  7d7d7d7d7d7d7d7d7d7d7d7d7d7d7d7d
        35  ................  86868686868686868686868686868686
        31  ????????????????  3f3f3f3f3f3f3f3f3f3f3f3f3f3f3f3f
        29  @@@@@@@@@@@@@@@@  40404040404040404040404040404040
        25  <<<<<<<<<<<<<<<<  3c3c3c3c3c3c3c3c3c3c3c3c3c3c3c3c
        25  ................  07070707070707070707070707070707
        23  ................  93939393939393939393939393939393
        22  ================  3d3d3d3d3d3d3d3d3d3d3d3d3d3d3d3d
# epoch 15350  H=7.9794 C=7.9402 HO=0.0378  A(t)=243
       102  >>>>>>>>>>>>>>>>  3e3e3e3e3e3e3e3e3e3e3e3e3e3e3e3e
        78  ................  ffffffffffffffffffffffffffffffff
        30  ................  86868686868686868686868686868686
        26  ????????????????  3f3f3f3f3f3f3f3f3f3f3f3f3f3f3f3f
        25  <<<<<<<<<<<<<<<<  3c3c3c3c3c3c3c3c3c3c3c3c3c3c3c3c
        24  ................  07070707070707070707070707070707
        22  ================  3d3d3d3d3d3d3d3d3d3d3d3d3d3d3d3d
        21  [[[[[[[[[[[[[[[[  5b5b5b5b5b5b5b5b5b5b5b5b5b5b5b5b
        19  }}}}}}}}}}}}}}}}  7d7d7d7d7d7d7d7d7d7d7d7d7d7d7d7d
        19  @@@@@@@@@@@@@@@@  40404040404040404040404040404040
# epoch 15400  H=7.9794 C=7.9367 HO=0.0395  A(t)=243
       114  >>>>>>>>>>>>>>>>  3e3e3e3e3e3e3e3e3e3e3e3e3e3e3e3e
        89  ................  ffffffffffffffffffffffffffffffff
        47  ~~~~~~~~~~~~~~~~  7e7e7e7e7e7e7e7e7e7e7e7e7e7e7e7e
        37  }}}}}}}}}}}}}}}}  7d7d7d7d7d7d7d7d7d7d7d7d7d7d7d7d
        33  ................  2e2e2e2e2e2e2e2e2e2e2e2e2e2e2e2e
        32  ????????????????  3f3f3f3f3f3f3f3f3f3f3f3f3f3f3f3f
        30  ................  86868686868686868686868686868686
        25  <<<<<<<<<<<<<<<<  3c3c3c3c3c3c3c3c3c3c3c3c3c3c3c3c
        24  ................  07070707070707070707070707070707
        21  [[[[[[[[[[[[[[[[  5b5b5b5b5b5b5b5b5b5b5b5b5b5b5b5b
# epoch 15450  H=7.9795 C=7.9355 HO=0.0409  A(t)=243
       103  >>>>>>>>>>>>>>>>  3e3e3e3e3e3e3e3e3e3e3e3e3e3e3e3e
       103  ,,,,,,,,,,,,,,,,  2c2c2c2c2c2c2c2c2c2c2c2c2c2c2c2c
        73  ................  ffffffffffffffffffffffffffffffff
        51  }}}}}}}}}}}}}}}}  7d7d7d7d7d7d7d7d7d7d7d7d7d7d7d7d
        48  ................  89898989898989898989898989898989
        33  ................  a4a4a4a4a4a4a4a4a4a4a4a4a4a4a4a4
        31  ~~~~~~~~~~~~~~~~  7e7e7e7e7e7e7e7e7e7e7e7e7e7e7e7e
        28  ????????????????  3f3f3f3f3f3f3f3f3f3f3f3f3f3f3f3f
        25  <<<<<<<<<<<<<<<<  3c3c3c3c3c3c3c3c3c3c3c3c3c3c3c3c
        24  ................  07070707070707070707070707070707
# epoch 15500  H=7.9795 C=7.9371 HO=0.0407  A(t)=243
       111  >>>>>>>>>>>>>>>>  3e3e3e3e3e3e3e3e3e3e3e3e3e3e3e3e
        89  ,,,,,,,,,,,,,,,,  2c2c2c2c2c2c2c2c2c2c2c2c2c2c2c2c
        58  ................  ffffffffffffffffffffffffffffffff
        41  }}}}}}}}}}}}}}}}  7d7d7d7d7d7d7d7d7d7d7d7d7d7d7d7d
        33  ................  a4a4a4a4a4a4a4a4a4a4a4a4a4a4a4a4
        32  ................  89898989898989898989898989898989
        25  <<<<<<<<<<<<<<<<  3c3c3c3c3c3c3c3c3c3c3c3c3c3c3c3c
        24  ................  07070707070707070707070707070707
        24  ................  01010101010101010101010101010101
        21  [[[[[[[[[[[[[[[[  5b5b5b5b5b5b5b5b5b5b5b5b5b5b5b5b
# epoch 15550  H=7.9796 C=7.9357 HO=0.0417  A(t)=243
       127  >>>>>>>>>>>>>>>>  3e3e3e3e3e3e3e3e3e3e3e3e3e3e3e3e
        89  ,,,,,,,,,,,,,,,,  2c2c2c2c2c2c2c2c2c2c2c2c2c2c2c2c
        67  <<<<<<<<<<<<<<<<  3c3c3c3c3c3c3c3c3c3c3c3c3c3c3c3c
        53  ................  ffffffffffffffffffffffffffffffff
        49  ................  c2c2c2c2c2c2c2c2c2c2c2c2c2c2c2c2
        48  ................  c4c4c4c4c4c4c4c4c4c4c4c4c4c4c4c4
        40  }}}}}}}}}}}}}}}}  7d7d7d7d7d7d7d7d7d7d7d7d7d7d7d7d
        34  \\\\\\\\\\\\\\\\  5c5c5c5c5c5c5c5c5c5c5c5c5c5c5c5c
        33  ................  a4a4a4a4a4a4a4a4a4a4a4a4a4a4a4a4
        32  ................  89898989898989898989898989898989
# epoch 15600  H=7.9799 C=7.9372 HO=0.0428  A(t)=243
       127  >>>>>>>>>>>>>>>>  3e3e3e3e3e3e3e3e3e3e3e3e3e3e3e3e
        71  ,,,,,,,,,,,,,,,,  2c2c2c2c2c2c2c2c2c2c2c2c2c2c2c2c
        59  <<<<<<<<<<<<<<<<  3c3c3c3c3c3c3c3c3c3c3c3c3c3c3c3c
        48  ................  ffffffffffffffffffffffffffffffff
        48  ................  c4c4c4c4c4c4c4c4c4c4c4c4c4c4c4c4
        48  ................  c2c2c2c2c2c2c2c2c2c2c2c2c2c2c2c2
        38  ................  1d1d1d1d1d1d1d1d1d1d1d1d1d1d1d1d
        33  ................  a4a4a4a4a4a4a4a4a4a4a4a4a4a4a4a4
        33  \\\\\\\\\\\\\\\\  5c5c5c5c5c5c5c5c5c5c5c5c5c5c5c5c
        27  ................  89898989898989898989898989898989
# epoch 15650  H=7.9801 C=7.9369 HO=0.0424  A(t)=243
       121  >>>>>>>>>>>>>>>>  3e3e3e3e3e3e3e3e3e3e3e3e3e3e3e3e
        82  ................  a4a4a4a4a4a4a4a4a4a4a4a4a4a4a4a4
        53  <<<<<<<<<<<<<<<<  3c3c3c3c3c3c3c3c3c3c3c3c3c3c3c3c
        53  ,,,,,,,,,,,,,,,,  2c2c2c2c2c2c2c2c2c2c2c2c2c2c2c2c
        45  ................  ffffffffffffffffffffffffffffffff
        44  ................  c2c2c2c2c2c2c2c2c2c2c2c2c2c2c2c2
        32  yyyyyyyyyyyyyyyy  79797979797979797979797979797979
        27  ................  82828282828282828282828282828282
        24  ((((((((((((((((  28282828282828282828282828282828
        24  ................  07070707070707070707070707070707
# epoch 15700  H=7.9802 C=7.9381 HO=0.0402  A(t)=243
        99  >>>>>>>>>>>>>>>>  3e3e3e3e3e3e3e3e3e3e3e3e3e3e3e3e
        66  ................  a4a4a4a4a4a4a4a4a4a4a4a4a4a4a4a4
        53  <<<<<<<<<<<<<<<<  3c3c3c3c3c3c3c3c3c3c3c3c3c3c3c3c
        49  ................  d6d6d6d6d6d6d6d6d6d6d6d6d6d6d6d6
        46  ,,,,,,,,,,,,,,,,  2c2c2c2c2c2c2c2c2c2c2c2c2c2c2c2c
        45  jjjjjjjjjjjjjjjj  6a6a6a6a6a6a6a6a6a6a6a6a6a6a6a6a
        44  ................  c2c2c2c2c2c2c2c2c2c2c2c2c2c2c2c2
        33  ................  ffffffffffffffffffffffffffffffff
        27  ................  82828282828282828282828282828282
        24  ((((((((((((((((  28282828282828282828282828282828
# epoch 15750  H=7.9802 C=7.9382 HO=0.0404  A(t)=243
        92  >>>>>>>>>>>>>>>>  3e3e3e3e3e3e3e3e3e3e3e3e3e3e3e3e
        46  BBBBBBBBBBBBBBBB  42424242424242424242424242424242
        45  jjjjjjjjjjjjjjjj  6a6a6a6a6a6a6a6a6a6a6a6a6a6a6a6a
        44  ,,,,,,,,,,,,,,,,  2c2c2c2c2c2c2c2c2c2c2c2c2c2c2c2c
        41  <<<<<<<<<<<<<<<<  3c3c3c3c3c3c3c3c3c3c3c3c3c3c3c3c
        33  ................  ffffffffffffffffffffffffffffffff
        33  ]]]]]]]]]]]]]]]]  5d5d5d5d5d5d5d5d5d5d5d5d5d5d5d5d
        30  ................  c2c2c2c2c2c2c2c2c2c2c2c2c2c2c2c2
        29  ................  d6d6d6d6d6d6d6d6d6d6d6d6d6d6d6d6
        27  ................  a4a4a4a4a4a4a4a4a4a4a4a4a4a4a4a4
# epoch 15800  H=7.9801 C=7.9382 HO=0.0416  A(t)=245
       101  >>>>>>>>>>>>>>>>  3e3e3e3e3e3e3e3e3e3e3e3e3e3e3e3e
        81  ]]]]]]]]]]]]]]]]  5d5d5d5d5d5d5d5d5d5d5d5d5d5d5d5d
        49  """"""""""""""""  22222222222222222222222222222222
        45  jjjjjjjjjjjjjjjj  6a6a6a6a6a6a6a6a6a6a6a6a6a6a6a6a
        41  <<<<<<<<<<<<<<<<  3c3c3c3c3c3c3c3c3c3c3c3c3c3c3c3c
        33  ................  ffffffffffffffffffffffffffffffff
        30  BBBBBBBBBBBBBBBB  42424242424242424242424242424242
        29  ................  d6d6d6d6d6d6d6d6d6d6d6d6d6d6d6d6
        26  ................  c2c2c2c2c2c2c2c2c2c2c2c2c2c2c2c2
        26  ,,,,,,,,,,,,,,,,  2c2c2c2c2c2c2c2c2c2c2c2c2c2c2c2c
# epoch 15850  H=7.9805 C=7.9408 HO=0.0382  A(t)=247
        66  >>>>>>>>>>>>>>>>  3e3e3e3e3e3e3e3e3e3e3e3e3e3e3e3e
        49  ]]]]]]]]]]]]]]]]  5d5d5d5d5d5d5d5d5d5d5d5d5d5d5d5d
        44  jjjjjjjjjjjjjjjj  6a6a6a6a6a6a6a6a6a6a6a6a6a6a6a6a
        33  """"""""""""""""  22222222222222222222222222222222
        30  ................  8f8f8f8f8f8f8f8f8f8f8f8f8f8f8f8f
        29  ................  d6d6d6d6d6d6d6d6d6d6d6d6d6d6d6d6
        26  ,,,,,,,,,,,,,,,,  2c2c2c2c2c2c2c2c2c2c2c2c2c2c2c2c
        23  ................  07070707070707070707070707070707
        21  ................  c2c2c2c2c2c2c2c2c2c2c2c2c2c2c2c2
        21  ................  87878787878787878787878787878787
# epoch 15900  H=7.9804 C=7.9401 HO=0.0378  A(t)=248
       114  >>>>>>>>>>>>>>>>  3e3e3e3e3e3e3e3e3e3e3e3e3e3e3e3e
        49  ................  abababababababababababababababab
        45  ]]]]]]]]]]]]]]]]  5d5d5d5d5d5d5d5d5d5d5d5d5d5d5d5d
        44  jjjjjjjjjjjjjjjj  6a6a6a6a6a6a6a6a6a6a6a6a6a6a6a6a
        37  ++++++++++++++++  2b2b2b2b2b2b2b2b2b2b2b2b2b2b2b2b
        29  ................  d6d6d6d6d6d6d6d6d6d6d6d6d6d6d6d6
        26  ................  8f8f8f8f8f8f8f8f8f8f8f8f8f8f8f8f
        23  ................  07070707070707070707070707070707
        21  ................  87878787878787878787878787878787
        21  ,,,,,,,,,,,,,,,,  2c2c2c2c2c2c2c2c2c2c2c2c2c2c2c2c
# epoch 15950  H=7.9802 C=7.9379 HO=0.0408  A(t)=248
       153  >>>>>>>>>>>>>>>>  3e3e3e3e3e3e3e3e3e3e3e3e3e3e3e3e
        98  ................  abababababababababababababababab
        50  ,,,,,,,,,,,,,,,,  2c2c2c2c2c2c2c2c2c2c2c2c2c2c2c2c
        47  ................  babababababababababababababababa
        46  ]]]]]]]]]]]]]]]]  5d5d5d5d5d5d5d5d5d5d5d5d5d5d5d5d
        35  ................  c3c3c3c3c3c3c3c3c3c3c3c3c3c3c3c3
        35  jjjjjjjjjjjjjjjj  6a6a6a6a6a6a6a6a6a6a6a6a6a6a6a6a
        26  ................  8f8f8f8f8f8f8f8f8f8f8f8f8f8f8f8f
        23  ................  07070707070707070707070707070707
        20  ................  87878787878787878787878787878787
# epoch 16000  H=7.9800 C=7.9372 HO=0.0392  A(t)=250
       191  >>>>>>>>>>>>>>>>  3e3e3e3e3e3e3e3e3e3e3e3e3e3e3e3e
       130  ................  abababababababababababababababab
        39  ]]]]]]]]]]]]]]]]  5d5d5d5d5d5d5d5d5d5d5d5d5d5d5d5d
        35  ................  c3c3c3c3c3c3c3c3c3c3c3c3c3c3c3c3
        34  ,,,,,,,,,,,,,,,,  2c2c2c2c2c2c2c2c2c2c2c2c2c2c2c2c
        33  jjjjjjjjjjjjjjjj  6a6a6a6a6a6a6a6a6a6a6a6a6a6a6a6a
        30  ////////////////  2f2f2f2f2f2f2f2f2f2f2f2f2f2f2f2f
        27  ................  babababababababababababababababa
        24  ................  8f8f8f8f8f8f8f8f8f8f8f8f8f8f8f8f
        23  ................  07070707070707070707070707070707
# epoch 16050  H=7.9800 C=7.9384 HO=0.0388  A(t)=250
       168  >>>>>>>>>>>>>>>>  3e3e3e3e3e3e3e3e3e3e3e3e3e3e3e3e
       117  ................  abababababababababababababababab
        35  ................  c3c3c3c3c3c3c3c3c3c3c3c3c3c3c3c3
        32  ]]]]]]]]]]]]]]]]  5d5d5d5d5d5d5d5d5d5d5d5d5d5d5d5d
        32  """"""""""""""""  22222222222222222222222222222222
        30  ////////////////  2f2f2f2f2f2f2f2f2f2f2f2f2f2f2f2f
        27  ................  babababababababababababababababa
        24  ................  8f8f8f8f8f8f8f8f8f8f8f8f8f8f8f8f
        23  ................  07070707070707070707070707070707
        16  ,,,,,,,,,,,,,,,,  2c2c2c2c2c2c2c2c2c2c2c2c2c2c2c2c
# epoch 16100  H=7.9800 C=7.9371 HO=0.0423  A(t)=250
       175  >>>>>>>>>>>>>>>>  3e3e3e3e3e3e3e3e3e3e3e3e3e3e3e3e
       112  ................  abababababababababababababababab
        98  ................  09090909090909090909090909090909
        48  ................  a8a8a8a8a8a8a8a8a8a8a8a8a8a8a8a8
        35  ................  c3c3c3c3c3c3c3c3c3c3c3c3c3c3c3c3
        30  ////////////////  2f2f2f2f2f2f2f2f2f2f2f2f2f2f2f2f
        29  """"""""""""""""  22222222222222222222222222222222
        27  ................  babababababababababababababababa
        24  ................  8f8f8f8f8f8f8f8f8f8f8f8f8f8f8f8f
        24  ]]]]]]]]]]]]]]]]  5d5d5d5d5d5d5d5d5d5d5d5d5d5d5d5d
# epoch 16150  H=7.9800 C=7.9374 HO=0.0413  A(t)=251
       208  >>>>>>>>>>>>>>>>  3e3e3e3e3e3e3e3e3e3e3e3e3e3e3e3e
       105  ................  abababababababababababababababab
        81  ................  09090909090909090909090909090909
        48  ................  a8a8a8a8a8a8a8a8a8a8a8a8a8a8a8a8
        35  ................  c3c3c3c3c3c3c3c3c3c3c3c3c3c3c3c3
        29  """"""""""""""""  22222222222222222222222222222222
        24  ]]]]]]]]]]]]]]]]  5d5d5d5d5d5d5d5d5d5d5d5d5d5d5d5d
        23  }}}}}}}}}}}}}}}}  7d7d7d7d7d7d7d7d7d7d7d7d7d7d7d7d
        23  ................  07070707070707070707070707070707
        22  ................  8f8f8f8f8f8f8f8f8f8f8f8f8f8f8f8f
# epoch 16200  H=7.9798 C=7.9377 HO=0.0408  A(t)=252
       196  >>>>>>>>>>>>>>>>  3e3e3e3e3e3e3e3e3e3e3e3e3e3e3e3e
        82  ................  abababababababababababababababab
        69  ................  09090909090909090909090909090909
        35  ................  c3c3c3c3c3c3c3c3c3c3c3c3c3c3c3c3
        33  ))))))))))))))))  29292929292929292929292929292929
        32  ................  a8a8a8a8a8a8a8a8a8a8a8a8a8a8a8a8
        29  ,,,,,,,,,,,,,,,,  2c2c2c2c2c2c2c2c2c2c2c2c2c2c2c2c
        27  ................  d8d8d8d8d8d8d8d8d8d8d8d8d8d8d8d8
        24  """"""""""""""""  22222222222222222222222222222222
        23  ................  07070707070707070707070707070707
# epoch 16250  H=7.9797 C=7.9362 HO=0.0418  A(t)=252
       192  >>>>>>>>>>>>>>>>  3e3e3e3e3e3e3e3e3e3e3e3e3e3e3e3e
        63  ................  abababababababababababababababab
        56  ................  14141414141414141414141414141414
        53  ................  09090909090909090909090909090909
        48  bbbbbbbbbbbbbbbb  62626262626262626262626262626262
        35  ................  c3c3c3c3c3c3c3c3c3c3c3c3c3c3c3c3
        33  ))))))))))))))))  29292929292929292929292929292929
        32  ................  a8a8a8a8a8a8a8a8a8a8a8a8a8a8a8a8
        27  ................  b1b1b1b1b1b1b1b1b1b1b1b1b1b1b1b1
        24  """"""""""""""""  22222222222222222222222222222222
# epoch 16300  H=7.9798 C=7.9364 HO=0.0410  A(t)=252
       201  >>>>>>>>>>>>>>>>  3e3e3e3e3e3e3e3e3e3e3e3e3e3e3e3e
        61  ................  a9a9a9a9a9a9a9a9a9a9a9a9a9a9a9a9
        54  ................  abababababababababababababababab
        53  ................  14141414141414141414141414141414
        45  ................  09090909090909090909090909090909
        35  ................  c3c3c3c3c3c3c3c3c3c3c3c3c3c3c3c3
        33  ))))))))))))))))  29292929292929292929292929292929
        32  ................  a8a8a8a8a8a8a8a8a8a8a8a8a8a8a8a8
        24  """"""""""""""""  22222222222222222222222222222222
        23  ................  07070707070707070707070707070707
# epoch 16350  H=7.9798 C=7.9365 HO=0.0412  A(t)=253
       212  >>>>>>>>>>>>>>>>  3e3e3e3e3e3e3e3e3e3e3e3e3e3e3e3e
        61  ................  a9a9a9a9a9a9a9a9a9a9a9a9a9a9a9a9
        40  ................  abababababababababababababababab
        35  ................  ecececececececececececececececec
        35  ................  c3c3c3c3c3c3c3c3c3c3c3c3c3c3c3c3
        34  ................  14141414141414141414141414141414
        33  ))))))))))))))))  29292929292929292929292929292929
        32  ................  a8a8a8a8a8a8a8a8a8a8a8a8a8a8a8a8
        24  """"""""""""""""  22222222222222222222222222222222
        23  ................  09090909090909090909090909090909
# epoch 16400  H=7.9798 C=7.9372 HO=0.0424  A(t)=253
       256  >>>>>>>>>>>>>>>>  3e3e3e3e3e3e3e3e3e3e3e3e3e3e3e3e
        50  ................  a9a9a9a9a9a9a9a9a9a9a9a9a9a9a9a9
        49  ................  a6a6a6a6a6a6a6a6a6a6a6a6a6a6a6a6
        38  ................  abababababababababababababababab
        35  ................  c3c3c3c3c3c3c3c3c3c3c3c3c3c3c3c3
        29  }}}}}}}}}}}}}}}}  7d7d7d7d7d7d7d7d7d7d7d7d7d7d7d7d
        23  ................  09090909090909090909090909090909
        21  """"""""""""""""  22222222222222222222222222222222
        19  ................  ecececececececececececececececec
        18  ................  babababababababababababababababa
# epoch 16450  H=7.9799 C=7.9374 HO=0.0411  A(t)=253
       256  >>>>>>>>>>>>>>>>  3e3e3e3e3e3e3e3e3e3e3e3e3e3e3e3e
        50  ................  a9a9a9a9a9a9a9a9a9a9a9a9a9a9a9a9
        49  ................  a6a6a6a6a6a6a6a6a6a6a6a6a6a6a6a6
        49  }}}}}}}}}}}}}}}}  7d7d7d7d7d7d7d7d7d7d7d7d7d7d7d7d
        35  ................  c3c3c3c3c3c3c3c3c3c3c3c3c3c3c3c3
        32  ................  abababababababababababababababab
        24  ................  acacacacacacacacacacacacacacacac
        23  ................  09090909090909090909090909090909
        21  """"""""""""""""  22222222222222222222222222222222
        19  ????????????????  3f3f3f3f3f3f3f3f3f3f3f3f3f3f3f3f
# epoch 16500  H=7.9800 C=7.9357 HO=0.0433  A(t)=253
       250  >>>>>>>>>>>>>>>>  3e3e3e3e3e3e3e3e3e3e3e3e3e3e3e3e
        84  [[[[[[[[[[[[[[[[  5b5b5b5b5b5b5b5b5b5b5b5b5b5b5b5b
        56  ................  ecececececececececececececececec
        48  ................  d6d6d6d6d6d6d6d6d6d6d6d6d6d6d6d6
        47  ................  a9a9a9a9a9a9a9a9a9a9a9a9a9a9a9a9
        45  }}}}}}}}}}}}}}}}  7d7d7d7d7d7d7d7d7d7d7d7d7d7d7d7d
        38  ................  a6a6a6a6a6a6a6a6a6a6a6a6a6a6a6a6
        35  ................  c3c3c3c3c3c3c3c3c3c3c3c3c3c3c3c3
        32  ................  abababababababababababababababab
        24  ................  acacacacacacacacacacacacacacacac
# epoch 16550  H=7.9799 C=7.9373 HO=0.0409  A(t)=253
       231  >>>>>>>>>>>>>>>>  3e3e3e3e3e3e3e3e3e3e3e3e3e3e3e3e
        56  ................  ecececececececececececececececec
        53  [[[[[[[[[[[[[[[[  5b5b5b5b5b5b5b5b5b5b5b5b5b5b5b5b
        39  ................  d6d6d6d6d6d6d6d6d6d6d6d6d6d6d6d6
        38  ................  a6a6a6a6a6a6a6a6a6a6a6a6a6a6a6a6
        37  }}}}}}}}}}}}}}}}  7d7d7d7d7d7d7d7d7d7d7d7d7d7d7d7d
        35  ................  c3c3c3c3c3c3c3c3c3c3c3c3c3c3c3c3
        35  ................  a9a9a9a9a9a9a9a9a9a9a9a9a9a9a9a9
        24  ................  acacacacacacacacacacacacacacacac
        20  ................  abababababababababababababababab
# epoch 16600  H=7.9800 C=7.9389 HO=0.0384  A(t)=253
       246  >>>>>>>>>>>>>>>>  3e3e3e3e3e3e3e3e3e3e3e3e3e3e3e3e
        46  }}}}}}}}}}}}}}}}  7d7d7d7d7d7d7d7d7d7d7d7d7d7d7d7d
        44  [[[[[[[[[[[[[[[[  5b5b5b5b5b5b5b5b5b5b5b5b5b5b5b5b
        40  ................  ecececececececececececececececec
        39  ................  d6d6d6d6d6d6d6d6d6d6d6d6d6d6d6d6
        35  ................  c3c3c3c3c3c3c3c3c3c3c3c3c3c3c3c3
        35  ................  a9a9a9a9a9a9a9a9a9a9a9a9a9a9a9a9
        25  ................  a6a6a6a6a6a6a6a6a6a6a6a6a6a6a6a6
        24  ................  acacacacacacacacacacacacacacacac
        14  ................  abababababababababababababababab
# epoch 16650  H=7.9801 C=7.9381 HO=0.0388  A(t)=253
       234  >>>>>>>>>>>>>>>>  3e3e3e3e3e3e3e3e3e3e3e3e3e3e3e3e
        61  }}}}}}}}}}}}}}}}  7d7d7d7d7d7d7d7d7d7d7d7d7d7d7d7d
        46  ................  2e2e2e2e2e2e2e2e2e2e2e2e2e2e2e2e
        41  [[[[[[[[[[[[[[[[  5b5b5b5b5b5b5b5b5b5b5b5b5b5b5b5b
        37  ................  ecececececececececececececececec
        35  ................  c3c3c3c3c3c3c3c3c3c3c3c3c3c3c3c3
        32  ................  d6d6d6d6d6d6d6d6d6d6d6d6d6d6d6d6
        25  ................  a6a6a6a6a6a6a6a6a6a6a6a6a6a6a6a6
        22  ................  13131313131313131313131313131313
        18  ................  acacacacacacacacacacacacacacacac
# epoch 16700  H=7.9801 C=7.9360 HO=0.0420  A(t)=253
       222  >>>>>>>>>>>>>>>>  3e3e3e3e3e3e3e3e3e3e3e3e3e3e3e3e
        88  }}}}}}}}}}}}}}}}  7d7d7d7d7d7d7d7d7d7d7d7d7d7d7d7d
        48  ................  eeeeeeeeeeeeeeeeeeeeeeeeeeeeeeee
        48  ----------------  2d2d2d2d2d2d2d2d2d2d2d2d2d2d2d2d
        37  ................  ecececececececececececececececec
        35  ................  c3c3c3c3c3c3c3c3c3c3c3c3c3c3c3c3
        32  ................  dbdbdbdbdbdbdbdbdbdbdbdbdbdbdbdb
        32  ................  d6d6d6d6d6d6d6d6d6d6d6d6d6d6d6d6
        30  ................  bebebebebebebebebebebebebebebebe
        29  ................  2e2e2e2e2e2e2e2e2e2e2e2e2e2e2e2e
# epoch 16750  H=7.9801 C=7.9364 HO=0.0424  A(t)=253
       251  >>>>>>>>>>>>>>>>  3e3e3e3e3e3e3e3e3e3e3e3e3e3e3e3e
        86  }}}}}}}}}}}}}}}}  7d7d7d7d7d7d7d7d7d7d7d7d7d7d7d7d
        67  [[[[[[[[[[[[[[[[  5b5b5b5b5b5b5b5b5b5b5b5b5b5b5b5b
        48  ................  eeeeeeeeeeeeeeeeeeeeeeeeeeeeeeee
        47  ----------------  2d2d2d2d2d2d2d2d2d2d2d2d2d2d2d2d
        35  ................  c3c3c3c3c3c3c3c3c3c3c3c3c3c3c3c3
        30  ................  bebebebebebebebebebebebebebebebe
        29  ................  2e2e2e2e2e2e2e2e2e2e2e2e2e2e2e2e
        21  ................  ecececececececececececececececec
        21  ................  dbdbdbdbdbdbdbdbdbdbdbdbdbdbdbdb
# epoch 16800  H=7.9804 C=7.9380 HO=0.0423  A(t)=253
       184  >>>>>>>>>>>>>>>>  3e3e3e3e3e3e3e3e3e3e3e3e3e3e3e3e
        92  ----------------  2d2d2d2d2d2d2d2d2d2d2d2d2d2d2d2d
        73  }}}}}}}}}}}}}}}}  7d7d7d7d7d7d7d7d7d7d7d7d7d7d7d7d
        48  ................  eeeeeeeeeeeeeeeeeeeeeeeeeeeeeeee
        39  [[[[[[[[[[[[[[[[  5b5b5b5b5b5b5b5b5b5b5b5b5b5b5b5b
        30  ................  bebebebebebebebebebebebebebebebe
        29  ................  2e2e2e2e2e2e2e2e2e2e2e2e2e2e2e2e
        26  ................  c3c3c3c3c3c3c3c3c3c3c3c3c3c3c3c3
        21  ................  dbdbdbdbdbdbdbdbdbdbdbdbdbdbdbdb
        18  ................  acacacacacacacacacacacacacacacac
# epoch 16850  H=7.9806 C=7.9412 HO=0.0375  A(t)=253
       156  >>>>>>>>>>>>>>>>  3e3e3e3e3e3e3e3e3e3e3e3e3e3e3e3e
        58  ----------------  2d2d2d2d2d2d2d2d2d2d2d2d2d2d2d2d
        48  ................  eeeeeeeeeeeeeeeeeeeeeeeeeeeeeeee
        41  }}}}}}}}}}}}}}}}  7d7d7d7d7d7d7d7d7d7d7d7d7d7d7d7d
        39  [[[[[[[[[[[[[[[[  5b5b5b5b5b5b5b5b5b5b5b5b5b5b5b5b
        30  ................  bebebebebebebebebebebebebebebebe
        26  ................  c3c3c3c3c3c3c3c3c3c3c3c3c3c3c3c3
        25  ................  2e2e2e2e2e2e2e2e2e2e2e2e2e2e2e2e
        21  ................  dbdbdbdbdbdbdbdbdbdbdbdbdbdbdbdb
        16  ................  d6d6d6d6d6d6d6d6d6d6d6d6d6d6d6d6
# epoch 16900  H=7.9809 C=7.9426 HO=0.0372  A(t)=253
       147  >>>>>>>>>>>>>>>>  3e3e3e3e3e3e3e3e3e3e3e3e3e3e3e3e
        48  cccccccccccccccc  63636363636363636363636363636363
        47  ----------------  2d2d2d2d2d2d2d2d2d2d2d2d2d2d2d2d
        39  [[[[[[[[[[[[[[[[  5b5b5b5b5b5b5b5b5b5b5b5b5b5b5b5b
        32  ................  eeeeeeeeeeeeeeeeeeeeeeeeeeeeeeee
        28  ++++++++++++++++  2b2b2b2b2b2b2b2b2b2b2b2b2b2b2b2b
        25  ................  bebebebebebebebebebebebebebebebe
        25  ................  2e2e2e2e2e2e2e2e2e2e2e2e2e2e2e2e
        18  }}}}}}}}}}}}}}}}  7d7d7d7d7d7d7d7d7d7d7d7d7d7d7d7d
        16  ................  d6d6d6d6d6d6d6d6d6d6d6d6d6d6d6d6
# epoch 16950  H=7.9811 C=7.9441 HO=-0.0190  A(t)=254
        83  >>>>>>>>>>>>>>>>  3e3e3e3e3e3e3e3e3e3e3e3e3e3e3e3e
        47  cccccccccccccccc  63636363636363636363636363636363
        44  ----------------  2d2d2d2d2d2d2d2d2d2d2d2d2d2d2d2d
        28  [[[[[[[[[[[[[[[[  5b5b5b5b5b5b5b5b5b5b5b5b5b5b5b5b
        25  ................  bebebebebebebebebebebebebebebebe
        25  ++++++++++++++++  2b2b2b2b2b2b2b2b2b2b2b2b2b2b2b2b
        23  ................  eeeeeeeeeeeeeeeeeeeeeeeeeeeeeeee
        19  ................  2e2e2e2e2e2e2e2e2e2e2e2e2e2e2e2e
        16  ................  d6d6d6d6d6d6d6d6d6d6d6d6d6d6d6d6
        15  ................  f3f3f3f3f3f3f3f3f3f3f3f3f3f3f3f3
# epoch 17000  H=7.9810 C=7.9447 HO=0.0358  A(t)=254
        91  >>>>>>>>>>>>>>>>  3e3e3e3e3e3e3e3e3e3e3e3e3e3e3e3e
        35  ----------------  2d2d2d2d2d2d2d2d2d2d2d2d2d2d2d2d
        32  aaaaaaaaaaaaaaaa  61616161616161616161616161616161
        27  JJJJJJJJJJJJJJJJ  4a4a4a4a4a4a4a4a4a4a4a4a4a4a4a4a
        25  ++++++++++++++++  2b2b2b2b2b2b2b2b2b2b2b2b2b2b2b2b
        22  ................  eeeeeeeeeeeeeeeeeeeeeeeeeeeeeeee
        21  ................  bebebebebebebebebebebebebebebebe
        19  [[[[[[[[[[[[[[[[  5b5b5b5b5b5b5b5b5b5b5b5b5b5b5b5b
        19  ................  2e2e2e2e2e2e2e2e2e2e2e2e2e2e2e2e
        16  ................  d6d6d6d6d6d6d6d6d6d6d6d6d6d6d6d6
# epoch 17050  H=7.9812 C=7.9446 HO=0.0355  A(t)=254
        87  >>>>>>>>>>>>>>>>  3e3e3e3e3e3e3e3e3e3e3e3e3e3e3e3e
        49  ................  1a1a1a1a1a1a1a1a1a1a1a1a1a1a1a1a
        48  jjjjjjjjjjjjjjjj  6a6a6a6a6a6a6a6a6a6a6a6a6a6a6a6a
        48  aaaaaaaaaaaaaaaa  61616161616161616161616161616161
        35  ----------------  2d2d2d2d2d2d2d2d2d2d2d2d2d2d2d2d
        27  JJJJJJJJJJJJJJJJ  4a4a4a4a4a4a4a4a4a4a4a4a4a4a4a4a
        25  ++++++++++++++++  2b2b2b2b2b2b2b2b2b2b2b2b2b2b2b2b
        23  ................  f3f3f3f3f3f3f3f3f3f3f3f3f3f3f3f3
        22  ................  eeeeeeeeeeeeeeeeeeeeeeeeeeeeeeee
        21  ................  bebebebebebebebebebebebebebebebe
# epoch 17100  H=7.9811 C=7.9400 HO=0.0386  A(t)=254
       131  >>>>>>>>>>>>>>>>  3e3e3e3e3e3e3e3e3e3e3e3e3e3e3e3e
        98  ................  1e1e1e1e1e1e1e1e1e1e1e1e1e1e1e1e
        66  [[[[[[[[[[[[[[[[  5b5b5b5b5b5b5b5b5b5b5b5b5b5b5b5b
        49  ................  b1b1b1b1b1b1b1b1b1b1b1b1b1b1b1b1
        49  ................  1a1a1a1a1a1a1a1a1a1a1a1a1a1a1a1a
        48  jjjjjjjjjjjjjjjj  6a6a6a6a6a6a6a6a6a6a6a6a6a6a6a6a
        48  ((((((((((((((((  28282828282828282828282828282828
        46  aaaaaaaaaaaaaaaa  61616161616161616161616161616161
        42  ................  8a8a8a8a8a8a8a8a8a8a8a8a8a8a8a8a
        35  ----------------  2d2d2d2d2d2d2d2d2d2d2d2d2d2d2d2d
# epoch 17150  H=7.9812 C=7.9431 HO=-0.0188  A(t)=254
       118  >>>>>>>>>>>>>>>>  3e3e3e3e3e3e3e3e3e3e3e3e3e3e3e3e
        85  ................  1e1e1e1e1e1e1e1e1e1e1e1e1e1e1e1e
        66  [[[[[[[[[[[[[[[[  5b5b5b5b5b5b5b5b5b5b5b5b5b5b5b5b
        48  ((((((((((((((((  28282828282828282828282828282828
        30  aaaaaaaaaaaaaaaa  61616161616161616161616161616161
        25  ++++++++++++++++  2b2b2b2b2b2b2b2b2b2b2b2b2b2b2b2b
        21  ----------------  2d2d2d2d2d2d2d2d2d2d2d2d2d2d2d2d
        20  JJJJJJJJJJJJJJJJ  4a4a4a4a4a4a4a4a4a4a4a4a4a4a4a4a
        18  ]]]]]]]]]]]]]]]]  5d5d5d5d5d5d5d5d5d5d5d5d5d5d5d5d
        18  ................  1a1a1a1a1a1a1a1a1a1a1a1a1a1a1a1a
# epoch 17200  H=7.9814 C=7.9443 HO=-0.0187  A(t)=254
       103  >>>>>>>>>>>>>>>>  3e3e3e3e3e3e3e3e3e3e3e3e3e3e3e3e
        85  ................  1e1e1e1e1e1e1e1e1e1e1e1e1e1e1e1e
        61  [[[[[[[[[[[[[[[[  5b5b5b5b5b5b5b5b5b5b5b5b5b5b5b5b
        39  ((((((((((((((((  28282828282828282828282828282828
        27  aaaaaaaaaaaaaaaa  61616161616161616161616161616161
        25  ++++++++++++++++  2b2b2b2b2b2b2b2b2b2b2b2b2b2b2b2b
        20  JJJJJJJJJJJJJJJJ  4a4a4a4a4a4a4a4a4a4a4a4a4a4a4a4a
        19  j.j.j.j.j.j.j.j.  6a2e6a2e6a2e6a2e6a2e6a2e6a2e6a2e
        19  .j.j.j.j.j.j.j.j  2e6a2e6a2e6a2e6a2e6a2e6a2e6a2e6a
        18  ]]]]]]]]]]]]]]]]  5d5d5d5d5d5d5d5d5d5d5d5d5d5d5d5d
# epoch 17250  H=7.9812 C=7.9436 HO=-0.0188  A(t)=254
        89  >>>>>>>>>>>>>>>>  3e3e3e3e3e3e3e3e3e3e3e3e3e3e3e3e
        69  ................  1e1e1e1e1e1e1e1e1e1e1e1e1e1e1e1e
        48  <<<<<<<<<<<<<<<<  3c3c3c3c3c3c3c3c3c3c3c3c3c3c3c3c
        47  [[[[[[[[[[[[[[[[  5b5b5b5b5b5b5b5b5b5b5b5b5b5b5b5b
        39  ((((((((((((((((  28282828282828282828282828282828
        33  ................  e2e2e2e2e2e2e2e2e2e2e2e2e2e2e2e2
        27  aaaaaaaaaaaaaaaa  61616161616161616161616161616161
        26  ]]]]]]]]]]]]]]]]  5d5d5d5d5d5d5d5d5d5d5d5d5d5d5d5d
        25  ++++++++++++++++  2b2b2b2b2b2b2b2b2b2b2b2b2b2b2b2b
        19  }}}}}}}}}}}}}}}}  7d7d7d7d7d7d7d7d7d7d7d7d7d7d7d7d
# epoch 17300  H=7.9810 C=7.9404 HO=0.0378  A(t)=254
       116  >>>>>>>>>>>>>>>>  3e3e3e3e3e3e3e3e3e3e3e3e3e3e3e3e
        49  ................  1e1e1e1e1e1e1e1e1e1e1e1e1e1e1e1e
        48  <<<<<<<<<<<<<<<<  3c3c3c3c3c3c3c3c3c3c3c3c3c3c3c3c
        42  ................  a0a0a0a0a0a0a0a0a0a0a0a0a0a0a0a0
        40  ................  b1b1b1b1b1b1b1b1b1b1b1b1b1b1b1b1
        38  ((((((((((((((((  28282828282828282828282828282828
        33  ................  e2e2e2e2e2e2e2e2e2e2e2e2e2e2e2e2
        31  [[[[[[[[[[[[[[[[  5b5b5b5b5b5b5b5b5b5b5b5b5b5b5b5b
        29  IIIIIIIIIIIIIIII  49494949494949494949494949494949
        27  aaaaaaaaaaaaaaaa  61616161616161616161616161616161
# epoch 17350  H=7.9809 C=7.9397 HO=0.0400  A(t)=255
       173  >>>>>>>>>>>>>>>>  3e3e3e3e3e3e3e3e3e3e3e3e3e3e3e3e
        41  ................  1e1e1e1e1e1e1e1e1e1e1e1e1e1e1e1e
        38  ((((((((((((((((  28282828282828282828282828282828
        32  ................  e2e2e2e2e2e2e2e2e2e2e2e2e2e2e2e2
        32  <<<<<<<<<<<<<<<<  3c3c3c3c3c3c3c3c3c3c3c3c3c3c3c3c
        32  ))))))))))))))))  29292929292929292929292929292929
        31  [[[[[[[[[[[[[[[[  5b5b5b5b5b5b5b5b5b5b5b5b5b5b5b5b
        29  IIIIIIIIIIIIIIII  49494949494949494949494949494949
        26  ................  a0a0a0a0a0a0a0a0a0a0a0a0a0a0a0a0
        26  ]]]]]]]]]]]]]]]]  5d5d5d5d5d5d5d5d5d5d5d5d5d5d5d5d
# epoch 17400  H=7.9807 C=7.9397 HO=0.0379  A(t)=255
       210  >>>>>>>>>>>>>>>>  3e3e3e3e3e3e3e3e3e3e3e3e3e3e3e3e
        38  ((((((((((((((((  28282828282828282828282828282828
        36  ................  1e1e1e1e1e1e1e1e1e1e1e1e1e1e1e1e
        32  ))))))))))))))))  29292929292929292929292929292929
        29  IIIIIIIIIIIIIIII  49494949494949494949494949494949
        26  ................  a0a0a0a0a0a0a0a0a0a0a0a0a0a0a0a0
        26  ]]]]]]]]]]]]]]]]  5d5d5d5d5d5d5d5d5d5d5d5d5d5d5d5d
        26  [[[[[[[[[[[[[[[[  5b5b5b5b5b5b5b5b5b5b5b5b5b5b5b5b
        25  ................  acacacacacacacacacacacacacacacac
        25  ,,,,,,,,,,,,,,,,  2c2c2c2c2c2c2c2c2c2c2c2c2c2c2c2c
# epoch 17450  H=7.9805 C=7.9374 HO=0.0412  A(t)=257
       207  >>>>>>>>>>>>>>>>  3e3e3e3e3e3e3e3e3e3e3e3e3e3e3e3e
        85  [[[[[[[[[[[[[[[[  5b5b5b5b5b5b5b5b5b5b5b5b5b5b5b5b
        68  ................  19191919191919191919191919191919
        38  ((((((((((((((((  28282828282828282828282828282828
        36  ................  1e1e1e1e1e1e1e1e1e1e1e1e1e1e1e1e
        26  ................  a0a0a0a0a0a0a0a0a0a0a0a0a0a0a0a0
        24  ,,,,,,,,,,,,,,,,  2c2c2c2c2c2c2c2c2c2c2c2c2c2c2c2c
        21  8888888888888888  38383838383838383838383838383838
        20  aaaaaaaaaaaaaaaa  61616161616161616161616161616161
        18  ))))))))))))))))  29292929292929292929292929292929
# epoch 17500  H=7.9805 C=7.9383 HO=0.0409  A(t)=257
       230  >>>>>>>>>>>>>>>>  3e3e3e3e3e3e3e3e3e3e3e3e3e3e3e3e
       117  [[[[[[[[[[[[[[[[  5b5b5b5b5b5b5b5b5b5b5b5b5b5b5b5b
        54  ................  19191919191919191919191919191919
        36  ((((((((((((((((  28282828282828282828282828282828
        32  ................  1e1e1e1e1e1e1e1e1e1e1e1e1e1e1e1e
        26  ................  a0a0a0a0a0a0a0a0a0a0a0a0a0a0a0a0
        21  8888888888888888  38383838383838383838383838383838
        18  ))))))))))))))))  29292929292929292929292929292929
        16  ]]]]]]]]]]]]]]]]  5d5d5d5d5d5d5d5d5d5d5d5d5d5d5d5d
        16  ????????????????  3f3f3f3f3f3f3f3f3f3f3f3f3f3f3f3f
# epoch 17550  H=7.9805 C=7.9397 HO=0.0390  A(t)=257
       262  >>>>>>>>>>>>>>>>  3e3e3e3e3e3e3e3e3e3e3e3e3e3e3e3e
        99  [[[[[[[[[[[[[[[[  5b5b5b5b5b5b5b5b5b5b5b5b5b5b5b5b
        41  ................  19191919191919191919191919191919
        32  ................  1e1e1e1e1e1e1e1e1e1e1e1e1e1e1e1e
        26  ................  a0a0a0a0a0a0a0a0a0a0a0a0a0a0a0a0
        20  ((((((((((((((((  28282828282828282828282828282828
        18  ))))))))))))))))  29292929292929292929292929292929
        16  ]]]]]]]]]]]]]]]]  5d5d5d5d5d5d5d5d5d5d5d5d5d5d5d5d
        16  ????????????????  3f3f3f3f3f3f3f3f3f3f3f3f3f3f3f3f
        14  ,,,,,,,,,,,,,,,,  2c2c2c2c2c2c2c2c2c2c2c2c2c2c2c2c
# epoch 17600  H=7.9805 C=7.9416 HO=0.0388  A(t)=257
       265  >>>>>>>>>>>>>>>>  3e3e3e3e3e3e3e3e3e3e3e3e3e3e3e3e
        93  [[[[[[[[[[[[[[[[  5b5b5b5b5b5b5b5b5b5b5b5b5b5b5b5b
        26  ................  a0a0a0a0a0a0a0a0a0a0a0a0a0a0a0a0
        22  ................  f5f5f5f5f5f5f5f5f5f5f5f5f5f5f5f5
        18  ))))))))))))))))  29292929292929292929292929292929
        16  ((((((((((((((((  28282828282828282828282828282828
        16  ................  1e1e1e1e1e1e1e1e1e1e1e1e1e1e1e1e
        14  ................  14141414141414141414141414141414
        13  ????????????????  3f3f3f3f3f3f3f3f3f3f3f3f3f3f3f3f
        12  ................  b1b1b1b1b1b1b1b1b1b1b1b1b1b1b1b1
# epoch 17650  H=7.9802 C=7.9395 HO=0.0413  A(t)=257
       339  >>>>>>>>>>>>>>>>  3e3e3e3e3e3e3e3e3e3e3e3e3e3e3e3e
        83  [[[[[[[[[[[[[[[[  5b5b5b5b5b5b5b5b5b5b5b5b5b5b5b5b
        48  cccccccccccccccc  63636363636363636363636363636363
        48  LLLLLLLLLLLLLLLL  4c4c4c4c4c4c4c4c4c4c4c4c4c4c4c4c
        22  ................  f5f5f5f5f5f5f5f5f5f5f5f5f5f5f5f5
        13  ????????????????  3f3f3f3f3f3f3f3f3f3f3f3f3f3f3f3f
        12  ))))))))))))))))  29292929292929292929292929292929
        10  ................  b1b1b1b1b1b1b1b1b1b1b1b1b1b1b1b1
        10  hhhhhhhhhhhhhhhh  68686868686868686868686868686868
        10  IIIIIIIIIIIIIIII  49494949494949494949494949494949
# epoch 17700  H=7.9802 C=7.9381 HO=0.0408  A(t)=258
       298  >>>>>>>>>>>>>>>>  3e3e3e3e3e3e3e3e3e3e3e3e3e3e3e3e
        67  [[[[[[[[[[[[[[[[  5b5b5b5b5b5b5b5b5b5b5b5b5b5b5b5b
        48  cccccccccccccccc  63636363636363636363636363636363
        43  ================  3d3d3d3d3d3d3d3d3d3d3d3d3d3d3d3d
        39  ????????????????  3f3f3f3f3f3f3f3f3f3f3f3f3f3f3f3f
        31  <<<<<<<<<<<<<<<<  3c3c3c3c3c3c3c3c3c3c3c3c3c3c3c3c
        22  ................  f5f5f5f5f5f5f5f5f5f5f5f5f5f5f5f5
        21  LLLLLLLLLLLLLLLL  4c4c4c4c4c4c4c4c4c4c4c4c4c4c4c4c
        20  YYYYYYYYYYYYYYYY  59595959595959595959595959595959
        14  ................  1e1e1e1e1e1e1e1e1e1e1e1e1e1e1e1e
# epoch 17750  H=7.9803 C=7.9399 HO=0.0413  A(t)=259
       268  >>>>>>>>>>>>>>>>  3e3e3e3e3e3e3e3e3e3e3e3e3e3e3e3e
        67  [[[[[[[[[[[[[[[[  5b5b5b5b5b5b5b5b5b5b5b5b5b5b5b5b
        43  ================  3d3d3d3d3d3d3d3d3d3d3d3d3d3d3d3d
        41  cccccccccccccccc  63636363636363636363636363636363
        23  ????????????????  3f3f3f3f3f3f3f3f3f3f3f3f3f3f3f3f
        22  ................  f5f5f5f5f5f5f5f5f5f5f5f5f5f5f5f5
        18  <<<<<<<<<<<<<<<<  3c3c3c3c3c3c3c3c3c3c3c3c3c3c3c3c
        14  ................  1e1e1e1e1e1e1e1e1e1e1e1e1e1e1e1e
        12  bbbbbbbbbbbbbbbb  62626262626262626262626262626262
        11  ))))))))))))))))  29292929292929292929292929292929
# epoch 17800  H=7.9804 C=7.9406 HO=0.0387  A(t)=259
       242  >>>>>>>>>>>>>>>>  3e3e3e3e3e3e3e3e3e3e3e3e3e3e3e3e
        60  [[[[[[[[[[[[[[[[  5b5b5b5b5b5b5b5b5b5b5b5b5b5b5b5b
        43  ================  3d3d3d3d3d3d3d3d3d3d3d3d3d3d3d3d
        33  mmmmmmmmmmmmmmmm  6d6d6d6d6d6d6d6d6d6d6d6d6d6d6d6d
        33  ****************  2a2a2a2a2a2a2a2a2a2a2a2a2a2a2a2a
        22  ................  f5f5f5f5f5f5f5f5f5f5f5f5f5f5f5f5
        19  cccccccccccccccc  63636363636363636363636363636363
        17  <<<<<<<<<<<<<<<<  3c3c3c3c3c3c3c3c3c3c3c3c3c3c3c3c
        14  ................  1e1e1e1e1e1e1e1e1e1e1e1e1e1e1e1e
        11  ))))))))))))))))  29292929292929292929292929292929
# epoch 17850  H=7.9804 C=7.9418 HO=0.0369  A(t)=259
       230  >>>>>>>>>>>>>>>>  3e3e3e3e3e3e3e3e3e3e3e3e3e3e3e3e
        53  [[[[[[[[[[[[[[[[  5b5b5b5b5b5b5b5b5b5b5b5b5b5b5b5b
        43  ================  3d3d3d3d3d3d3d3d3d3d3d3d3d3d3d3d
        33  ****************  2a2a2a2a2a2a2a2a2a2a2a2a2a2a2a2a
        28  mmmmmmmmmmmmmmmm  6d6d6d6d6d6d6d6d6d6d6d6d6d6d6d6d
        19  cccccccccccccccc  63636363636363636363636363636363
        18  9999999999999999  39393939393939393939393939393939
        14  ................  1e1e1e1e1e1e1e1e1e1e1e1e1e1e1e1e
        13  ................  f5f5f5f5f5f5f5f5f5f5f5f5f5f5f5f5
        12  <<<<<<<<<<<<<<<<  3c3c3c3c3c3c3c3c3c3c3c3c3c3c3c3c
# epoch 17900  H=7.9804 C=7.9423 HO=0.0377  A(t)=261
       233  >>>>>>>>>>>>>>>>  3e3e3e3e3e3e3e3e3e3e3e3e3e3e3e3e
        44  [[[[[[[[[[[[[[[[  5b5b5b5b5b5b5b5b5b5b5b5b5b5b5b5b
        42  ================  3d3d3d3d3d3d3d3d3d3d3d3d3d3d3d3d
        33  ****************  2a2a2a2a2a2a2a2a2a2a2a2a2a2a2a2a
        24  }}}}}}}}}}}}}}}}  7d7d7d7d7d7d7d7d7d7d7d7d7d7d7d7d
        19  cccccccccccccccc  63636363636363636363636363636363
        19  ................  01010101010101010101010101010101
        18  9999999999999999  39393939393939393939393939393939
        15  mmmmmmmmmmmmmmmm  6d6d6d6d6d6d6d6d6d6d6d6d6d6d6d6d
        14  ................  1e1e1e1e1e1e1e1e1e1e1e1e1e1e1e1e
# epoch 17950  H=7.9806 C=7.9418 HO=0.0370  A(t)=261
       199  >>>>>>>>>>>>>>>>  3e3e3e3e3e3e3e3e3e3e3e3e3e3e3e3e
        86  ================  3d3d3d3d3d3d3d3d3d3d3d3d3d3d3d3d
        46  \\\\\\\\\\\\\\\\  5c5c5c5c5c5c5c5c5c5c5c5c5c5c5c5c
        44  [[[[[[[[[[[[[[[[  5b5b5b5b5b5b5b5b5b5b5b5b5b5b5b5b
        38  }}}}}}}}}}}}}}}}  7d7d7d7d7d7d7d7d7d7d7d7d7d7d7d7d
        33  ****************  2a2a2a2a2a2a2a2a2a2a2a2a2a2a2a2a
        19  ................  01010101010101010101010101010101
        18  eeeeeeeeeeeeeeee  65656565656565656565656565656565
        15  mmmmmmmmmmmmmmmm  6d6d6d6d6d6d6d6d6d6d6d6d6d6d6d6d
        14  cccccccccccccccc  63636363636363636363636363636363
# epoch 18000  H=7.9808 C=7.9423 HO=-0.0193  A(t)=261
       218  >>>>>>>>>>>>>>>>  3e3e3e3e3e3e3e3e3e3e3e3e3e3e3e3e
        65  ================  3d3d3d3d3d3d3d3d3d3d3d3d3d3d3d3d
        49  dddddddddddddddd  64646464646464646464646464646464
        44  3333333333333333  33333333333333333333333333333333
        38  \\\\\\\\\\\\\\\\  5c5c5c5c5c5c5c5c5c5c5c5c5c5c5c5c
        30  [[[[[[[[[[[[[[[[  5b5b5b5b5b5b5b5b5b5b5b5b5b5b5b5b
        17  }}}}}}}}}}}}}}}}  7d7d7d7d7d7d7d7d7d7d7d7d7d7d7d7d
        17  eeeeeeeeeeeeeeee  65656565656565656565656565656565
        17  <<<<<<<<<<<<<<<<  3c3c3c3c3c3c3c3c3c3c3c3c3c3c3c3c
        16  ................  01010101010101010101010101010101
# epoch 18050  H=7.9807 C=7.9420 HO=-0.0194  A(t)=261
       159  >>>>>>>>>>>>>>>>  3e3e3e3e3e3e3e3e3e3e3e3e3e3e3e3e
        75  ================  3d3d3d3d3d3d3d3d3d3d3d3d3d3d3d3d
        44  3333333333333333  33333333333333333333333333333333
        38  \\\\\\\\\\\\\\\\  5c5c5c5c5c5c5c5c5c5c5c5c5c5c5c5c
        37  }}}}}}}}}}}}}}}}  7d7d7d7d7d7d7d7d7d7d7d7d7d7d7d7d
        36  ]]]]]]]]]]]]]]]]  5d5d5d5d5d5d5d5d5d5d5d5d5d5d5d5d
        33  dddddddddddddddd  64646464646464646464646464646464
        26  [[[[[[[[[[[[[[[[  5b5b5b5b5b5b5b5b5b5b5b5b5b5b5b5b
        25  ................  1a1a1a1a1a1a1a1a1a1a1a1a1a1a1a1a
        21  uuuuuuuuuuuuuuuu  75757575757575757575757575757575
# epoch 18100  H=7.9808 C=7.9427 HO=0.0360  A(t)=261
       144  >>>>>>>>>>>>>>>>  3e3e3e3e3e3e3e3e3e3e3e3e3e3e3e3e
        70  ================  3d3d3d3d3d3d3d3d3d3d3d3d3d3d3d3d
        49  ................  c7c7c7c7c7c7c7c7c7c7c7c7c7c7c7c7
        44  3333333333333333  33333333333333333333333333333333
        43  }}}}}}}}}}}}}}}}  7d7d7d7d7d7d7d7d7d7d7d7d7d7d7d7d
        33  dddddddddddddddd  64646464646464646464646464646464
        26  [[[[[[[[[[[[[[[[  5b5b5b5b5b5b5b5b5b5b5b5b5b5b5b5b
        23  ................  1a1a1a1a1a1a1a1a1a1a1a1a1a1a1a1a
        21  uuuuuuuuuuuuuuuu  75757575757575757575757575757575
        18  \\\\\\\\\\\\\\\\  5c5c5c5c5c5c5c5c5c5c5c5c5c5c5c5c
# epoch 18150  H=7.9809 C=7.9426 HO=0.0362  A(t)=261
       132  >>>>>>>>>>>>>>>>  3e3e3e3e3e3e3e3e3e3e3e3e3e3e3e3e
        80  3333333333333333  33333333333333333333333333333333
        70  ================  3d3d3d3d3d3d3d3d3d3d3d3d3d3d3d3d
        52  }}}}}}}}}}}}}}}}  7d7d7d7d7d7d7d7d7d7d7d7d7d7d7d7d
        49  ................  c7c7c7c7c7c7c7c7c7c7c7c7c7c7c7c7
        32  dddddddddddddddd  64646464646464646464646464646464
        25  [[[[[[[[[[[[[[[[  5b5b5b5b5b5b5b5b5b5b5b5b5b5b5b5b
        22  ................  d5d5d5d5d5d5d5d5d5d5d5d5d5d5d5d5
        21  uuuuuuuuuuuuuuuu  75757575757575757575757575757575
        18  \\\\\\\\\\\\\\\\  5c5c5c5c5c5c5c5c5c5c5c5c5c5c5c5c
# epoch 18200  H=7.9809 C=7.9441 HO=0.0351  A(t)=261
       158  >>>>>>>>>>>>>>>>  3e3e3e3e3e3e3e3e3e3e3e3e3e3e3e3e
        62  [[[[[[[[[[[[[[[[  5b5b5b5b5b5b5b5b5b5b5b5b5b5b5b5b
        53  ================  3d3d3d3d3d3d3d3d3d3d3d3d3d3d3d3d
        49  ................  c7c7c7c7c7c7c7c7c7c7c7c7c7c7c7c7
        44  }}}}}}}}}}}}}}}}  7d7d7d7d7d7d7d7d7d7d7d7d7d7d7d7d
        32  dddddddddddddddd  64646464646464646464646464646464
        32  3333333333333333  33333333333333333333333333333333
        21  ................  d5d5d5d5d5d5d5d5d5d5d5d5d5d5d5d5
        16  ................  01010101010101010101010101010101
        15  mmmmmmmmmmmmmmmm  6d6d6d6d6d6d6d6d6d6d6d6d6d6d6d6d
# epoch 18250  H=7.9811 C=7.9452 HO=0.0352  A(t)=261
       133  >>>>>>>>>>>>>>>>  3e3e3e3e3e3e3e3e3e3e3e3e3e3e3e3e
        61  [[[[[[[[[[[[[[[[  5b5b5b5b5b5b5b5b5b5b5b5b5b5b5b5b
        34  ================  3d3d3d3d3d3d3d3d3d3d3d3d3d3d3d3d
        32  ................  8f8f8f8f8f8f8f8f8f8f8f8f8f8f8f8f
        32  3333333333333333  33333333333333333333333333333333
        29  }}}}}}}}}}}}}}}}  7d7d7d7d7d7d7d7d7d7d7d7d7d7d7d7d
        24  ................  c7c7c7c7c7c7c7c7c7c7c7c7c7c7c7c7
        16  ................  f5f5f5f5f5f5f5f5f5f5f5f5f5f5f5f5
        14  dddddddddddddddd  64646464646464646464646464646464
        14  \\\\\\\\\\\\\\\\  5c5c5c5c5c5c5c5c5c5c5c5c5c5c5c5c
# epoch 18300  H=7.9812 C=7.9468 HO=0.0364  A(t)=262
       128  >>>>>>>>>>>>>>>>  3e3e3e3e3e3e3e3e3e3e3e3e3e3e3e3e
        49  ................  cacacacacacacacacacacacacacacaca
        38  [[[[[[[[[[[[[[[[  5b5b5b5b5b5b5b5b5b5b5b5b5b5b5b5b
        32  ................  8f8f8f8f8f8f8f8f8f8f8f8f8f8f8f8f
        22  }}}}}}}}}}}}}}}}  7d7d7d7d7d7d7d7d7d7d7d7d7d7d7d7d
        19  ,,,,,,,,,,,,,,,,  2c2c2c2c2c2c2c2c2c2c2c2c2c2c2c2c
        17  ================  3d3d3d3d3d3d3d3d3d3d3d3d3d3d3d3d
        16  ................  f5f5f5f5f5f5f5f5f5f5f5f5f5f5f5f5
        16  3333333333333333  33333333333333333333333333333333
        14  dddddddddddddddd  64646464646464646464646464646464
# epoch 18350  H=7.9811 C=7.9464 HO=0.0367  A(t)=262
       120  >>>>>>>>>>>>>>>>  3e3e3e3e3e3e3e3e3e3e3e3e3e3e3e3e
        49  ................  cacacacacacacacacacacacacacacaca
        32  ................  8f8f8f8f8f8f8f8f8f8f8f8f8f8f8f8f
        27  [[[[[[[[[[[[[[[[  5b5b5b5b5b5b5b5b5b5b5b5b5b5b5b5b
        19  ,,,,,,,,,,,,,,,,  2c2c2c2c2c2c2c2c2c2c2c2c2c2c2c2c
        17  dddddddddddddddd  64646464646464646464646464646464
        17  GGGGGGGGGGGGGGGG  47474747474747474747474747474747
        16  3333333333333333  33333333333333333333333333333333
        14  ]]]]]]]]]]]]]]]]  5d5d5d5d5d5d5d5d5d5d5d5d5d5d5d5d
        14  \\\\\\\\\\\\\\\\  5c5c5c5c5c5c5c5c5c5c5c5c5c5c5c5c
# epoch 18400  H=7.9812 C=7.9463 HO=0.0362  A(t)=262
       127  >>>>>>>>>>>>>>>>  3e3e3e3e3e3e3e3e3e3e3e3e3e3e3e3e
        55  \\\\\\\\\\\\\\\\  5c5c5c5c5c5c5c5c5c5c5c5c5c5c5c5c
        34  ................  fafafafafafafafafafafafafafafafa
        32  ................  cacacacacacacacacacacacacacacaca
        32  ................  8f8f8f8f8f8f8f8f8f8f8f8f8f8f8f8f
        27  [[[[[[[[[[[[[[[[  5b5b5b5b5b5b5b5b5b5b5b5b5b5b5b5b
        19  ,,,,,,,,,,,,,,,,  2c2c2c2c2c2c2c2c2c2c2c2c2c2c2c2c
        17  dddddddddddddddd  64646464646464646464646464646464
        17  GGGGGGGGGGGGGGGG  47474747474747474747474747474747
        13  ----------------  2d2d2d2d2d2d2d2d2d2d2d2d2d2d2d2d
# epoch 18450  H=7.9811 C=7.9457 HO=0.0357  A(t)=262
       180  >>>>>>>>>>>>>>>>  3e3e3e3e3e3e3e3e3e3e3e3e3e3e3e3e
        39  \\\\\\\\\\\\\\\\  5c5c5c5c5c5c5c5c5c5c5c5c5c5c5c5c
        32  ................  8f8f8f8f8f8f8f8f8f8f8f8f8f8f8f8f
        27  [[[[[[[[[[[[[[[[  5b5b5b5b5b5b5b5b5b5b5b5b5b5b5b5b
        22  ................  cacacacacacacacacacacacacacacaca
        19  }}}}}}}}}}}}}}}}  7d7d7d7d7d7d7d7d7d7d7d7d7d7d7d7d
        19  ,,,,,,,,,,,,,,,,  2c2c2c2c2c2c2c2c2c2c2c2c2c2c2c2c
        17  dddddddddddddddd  64646464646464646464646464646464
        17  GGGGGGGGGGGGGGGG  47474747474747474747474747474747
        13  <<<<<<<<<<<<<<<<  3c3c3c3c3c3c3c3c3c3c3c3c3c3c3c3c
# epoch 18500  H=7.9808 C=7.9444 HO=0.0372  A(t)=262
       221  >>>>>>>>>>>>>>>>  3e3e3e3e3e3e3e3e3e3e3e3e3e3e3e3e
        56  ................  d0d0d0d0d0d0d0d0d0d0d0d0d0d0d0d0
        53  ****************  2a2a2a2a2a2a2a2a2a2a2a2a2a2a2a2a
        38  \\\\\\\\\\\\\\\\  5c5c5c5c5c5c5c5c5c5c5c5c5c5c5c5c
        27  }}}}}}}}}}}}}}}}  7d7d7d7d7d7d7d7d7d7d7d7d7d7d7d7d
        26  [[[[[[[[[[[[[[[[  5b5b5b5b5b5b5b5b5b5b5b5b5b5b5b5b
        22  ................  cacacacacacacacacacacacacacacaca
        21  ................  8f8f8f8f8f8f8f8f8f8f8f8f8f8f8f8f
        20  ]]]]]]]]]]]]]]]]  5d5d5d5d5d5d5d5d5d5d5d5d5d5d5d5d
        19  ,,,,,,,,,,,,,,,,  2c2c2c2c2c2c2c2c2c2c2c2c2c2c2c2c
# epoch 18550  H=7.9807 C=7.9462 HO=-0.0194  A(t)=263
       219  >>>>>>>>>>>>>>>>  3e3e3e3e3e3e3e3e3e3e3e3e3e3e3e3e
        53  ****************  2a2a2a2a2a2a2a2a2a2a2a2a2a2a2a2a
        35  \\\\\\\\\\\\\\\\  5c5c5c5c5c5c5c5c5c5c5c5c5c5c5c5c
        31  }}}}}}}}}}}}}}}}  7d7d7d7d7d7d7d7d7d7d7d7d7d7d7d7d
        26  [[[[[[[[[[[[[[[[  5b5b5b5b5b5b5b5b5b5b5b5b5b5b5b5b
        19  ,,,,,,,,,,,,,,,,  2c2c2c2c2c2c2c2c2c2c2c2c2c2c2c2c
        17  dddddddddddddddd  64646464646464646464646464646464
        10  ................  d0d0d0d0d0d0d0d0d0d0d0d0d0d0d0d0
        10  ................  8f8f8f8f8f8f8f8f8f8f8f8f8f8f8f8f
        10  3333333333333333  33333333333333333333333333333333
# epoch 18600  H=7.9809 C=7.9472 HO=-0.0192  A(t)=264
       160  >>>>>>>>>>>>>>>>  3e3e3e3e3e3e3e3e3e3e3e3e3e3e3e3e
        58  [[[[[[[[[[[[[[[[  5b5b5b5b5b5b5b5b5b5b5b5b5b5b5b5b
        33  ****************  2a2a2a2a2a2a2a2a2a2a2a2a2a2a2a2a
        31  }}}}}}}}}}}}}}}}  7d7d7d7d7d7d7d7d7d7d7d7d7d7d7d7d
        30  ................  9b9b9b9b9b9b9b9b9b9b9b9b9b9b9b9b
        29  \\\\\\\\\\\\\\\\  5c5c5c5c5c5c5c5c5c5c5c5c5c5c5c5c
        15  ,,,,,,,,,,,,,,,,  2c2c2c2c2c2c2c2c2c2c2c2c2c2c2c2c
        14  dddddddddddddddd  64646464646464646464646464646464
        10  3333333333333333  33333333333333333333333333333333
         8  ................  d0d0d0d0d0d0d0d0d0d0d0d0d0d0d0d0
# epoch 18650  H=7.9812 C=7.9490 HO=-0.0189  A(t)=264
       152  >>>>>>>>>>>>>>>>  3e3e3e3e3e3e3e3e3e3e3e3e3e3e3e3e
        58  [[[[[[[[[[[[[[[[  5b5b5b5b5b5b5b5b5b5b5b5b5b5b5b5b
        46  ................  12121212121212121212121212121212
        30  ................  9b9b9b9b9b9b9b9b9b9b9b9b9b9b9b9b
        29  \\\\\\\\\\\\\\\\  5c5c5c5c5c5c5c5c5c5c5c5c5c5c5c5c
        24  ****************  2a2a2a2a2a2a2a2a2a2a2a2a2a2a2a2a
        11  ,,,,,,,,,,,,,,,,  2c2c2c2c2c2c2c2c2c2c2c2c2c2c2c2c
         8  ................  d0d0d0d0d0d0d0d0d0d0d0d0d0d0d0d0
         8  dddddddddddddddd  64646464646464646464646464646464
         7  }}}}}}}}}}}}}}}}  7d7d7d7d7d7d7d7d7d7d7d7d7d7d7d7d
# epoch 18700  H=7.9813 C=7.9497 HO=-0.0188  A(t)=264
       137  >>>>>>>>>>>>>>>>  3e3e3e3e3e3e3e3e3e3e3e3e3e3e3e3e
        46  ................  12121212121212121212121212121212
        40  [[[[[[[[[[[[[[[[  5b5b5b5b5b5b5b5b5b5b5b5b5b5b5b5b
        30  ................  9b9b9b9b9b9b9b9b9b9b9b9b9b9b9b9b
        25  ................  a6a6a6a6a6a6a6a6a6a6a6a6a6a6a6a6
        24  ****************  2a2a2a2a2a2a2a2a2a2a2a2a2a2a2a2a
        22  ................  fdfdfdfdfdfdfdfdfdfdfdfdfdfdfdfd
        22  \\\\\\\\\\\\\\\\  5c5c5c5c5c5c5c5c5c5c5c5c5c5c5c5c
        18  ZZZZZZZZZZZZZZZZ  5a5a5a5a5a5a5a5a5a5a5a5a5a5a5a5a
        11  ,,,,,,,,,,,,,,,,  2c2c2c2c2c2c2c2c2c2c2c2c2c2c2c2c
# epoch 18750  H=7.9813 C=7.9507 HO=-0.0187  A(t)=264
       121  >>>>>>>>>>>>>>>>  3e3e3e3e3e3e3e3e3e3e3e3e3e3e3e3e
        46  ................  12121212121212121212121212121212
        39  [[[[[[[[[[[[[[[[  5b5b5b5b5b5b5b5b5b5b5b5b5b5b5b5b
        25  ................  a6a6a6a6a6a6a6a6a6a6a6a6a6a6a6a6
        22  ................  fdfdfdfdfdfdfdfdfdfdfdfdfdfdfdfd
        19  ****************  2a2a2a2a2a2a2a2a2a2a2a2a2a2a2a2a
        18  \\\\\\\\\\\\\\\\  5c5c5c5c5c5c5c5c5c5c5c5c5c5c5c5c
        18  ))))))))))))))))  29292929292929292929292929292929
        17  ................  9b9b9b9b9b9b9b9b9b9b9b9b9b9b9b9b
        11  ,,,,,,,,,,,,,,,,  2c2c2c2c2c2c2c2c2c2c2c2c2c2c2c2c
# epoch 18800  H=7.9813 C=7.9514 HO=-0.0188  A(t)=264
       123  >>>>>>>>>>>>>>>>  3e3e3e3e3e3e3e3e3e3e3e3e3e3e3e3e
        46  ................  12121212121212121212121212121212
        39  [[[[[[[[[[[[[[[[  5b5b5b5b5b5b5b5b5b5b5b5b5b5b5b5b
        25  ................  a6a6a6a6a6a6a6a6a6a6a6a6a6a6a6a6
        18  \\\\\\\\\\\\\\\\  5c5c5c5c5c5c5c5c5c5c5c5c5c5c5c5c
        17  ................  9b9b9b9b9b9b9b9b9b9b9b9b9b9b9b9b
        15  ****************  2a2a2a2a2a2a2a2a2a2a2a2a2a2a2a2a
        11  ,,,,,,,,,,,,,,,,  2c2c2c2c2c2c2c2c2c2c2c2c2c2c2c2c
        10  ................  ebebebebebebebebebebebebebebebeb
         6  ................  fdfdfdfdfdfdfdfdfdfdfdfdfdfdfdfd
# epoch 18850  H=7.9816 C=7.9515 HO=-0.0185  A(t)=264
        98  >>>>>>>>>>>>>>>>  3e3e3e3e3e3e3e3e3e3e3e3e3e3e3e3e
        49  ................  95959595959595959595959595959595
        38  tttttttttttttttt  74747474747474747474747474747474
        36  [[[[[[[[[[[[[[[[  5b5b5b5b5b5b5b5b5b5b5b5b5b5b5b5b
        36  ................  12121212121212121212121212121212
        25  ................  a6a6a6a6a6a6a6a6a6a6a6a6a6a6a6a6
        18  \\\\\\\\\\\\\\\\  5c5c5c5c5c5c5c5c5c5c5c5c5c5c5c5c
        17  ................  9b9b9b9b9b9b9b9b9b9b9b9b9b9b9b9b
        16  ................  c6c6c6c6c6c6c6c6c6c6c6c6c6c6c6c6
        15  ****************  2a2a2a2a2a2a2a2a2a2a2a2a2a2a2a2a
# epoch 18900  H=7.9818 C=7.9527 HO=-0.0182  A(t)=264
        97  >>>>>>>>>>>>>>>>  3e3e3e3e3e3e3e3e3e3e3e3e3e3e3e3e
        49  ................  95959595959595959595959595959595
        37  tttttttttttttttt  74747474747474747474747474747474
        36  ................  12121212121212121212121212121212
        27  4444444444444444  34343434343434343434343434343434
        25  ................  a6a6a6a6a6a6a6a6a6a6a6a6a6a6a6a6
        24  [[[[[[[[[[[[[[[[  5b5b5b5b5b5b5b5b5b5b5b5b5b5b5b5b
        16  ................  c6c6c6c6c6c6c6c6c6c6c6c6c6c6c6c6
        15  ****************  2a2a2a2a2a2a2a2a2a2a2a2a2a2a2a2a
        12  \\\\\\\\\\\\\\\\  5c5c5c5c5c5c5c5c5c5c5c5c5c5c5c5c
# epoch 18950  H=7.9817 C=7.9517 HO=-0.0184  A(t)=264
        96  >>>>>>>>>>>>>>>>  3e3e3e3e3e3e3e3e3e3e3e3e3e3e3e3e
        49  ................  95959595959595959595959595959595
        37  tttttttttttttttt  74747474747474747474747474747474
        31  \\\\\\\\\\\\\\\\  5c5c5c5c5c5c5c5c5c5c5c5c5c5c5c5c
        27  4444444444444444  34343434343434343434343434343434
        26  ................  12121212121212121212121212121212
        25  ................  a6a6a6a6a6a6a6a6a6a6a6a6a6a6a6a6
        23  ,,,,,,,,,,,,,,,,  2c2c2c2c2c2c2c2c2c2c2c2c2c2c2c2c
        16  ................  93939393939393939393939393939393
        16  [[[[[[[[[[[[[[[[  5b5b5b5b5b5b5b5b5b5b5b5b5b5b5b5b
# epoch 19000  H=7.9816 C=7.9518 HO=-0.0185  A(t)=264
       127  >>>>>>>>>>>>>>>>  3e3e3e3e3e3e3e3e3e3e3e3e3e3e3e3e
        40  ................  2e2e2e2e2e2e2e2e2e2e2e2e2e2e2e2e
        37  tttttttttttttttt  74747474747474747474747474747474
        33  ................  95959595959595959595959595959595
        31  \\\\\\\\\\\\\\\\  5c5c5c5c5c5c5c5c5c5c5c5c5c5c5c5c
        27  4444444444444444  34343434343434343434343434343434
        26  ................  12121212121212121212121212121212
        25  ................  a6a6a6a6a6a6a6a6a6a6a6a6a6a6a6a6
        16  ................  93939393939393939393939393939393
        16  [[[[[[[[[[[[[[[[  5b5b5b5b5b5b5b5b5b5b5b5b5b5b5b5b
# epoch 19050  H=7.9818 C=7.9521 HO=-0.0183  A(t)=264
       121  >>>>>>>>>>>>>>>>  3e3e3e3e3e3e3e3e3e3e3e3e3e3e3e3e
        32  ................  f2f2f2f2f2f2f2f2f2f2f2f2f2f2f2f2
        31  ................  95959595959595959595959595959595
        31  ]]]]]]]]]]]]]]]]  5d5d5d5d5d5d5d5d5d5d5d5d5d5d5d5d
        31  \\\\\\\\\\\\\\\\  5c5c5c5c5c5c5c5c5c5c5c5c5c5c5c5c
        26  ................  12121212121212121212121212121212
        25  ................  a6a6a6a6a6a6a6a6a6a6a6a6a6a6a6a6
        25  4444444444444444  34343434343434343434343434343434
        24  tttttttttttttttt  74747474747474747474747474747474
        22  ................  2e2e2e2e2e2e2e2e2e2e2e2e2e2e2e2e
# epoch 19100  H=7.9820 C=7.9527 HO=-0.0181  A(t)=264
       112  >>>>>>>>>>>>>>>>  3e3e3e3e3e3e3e3e3e3e3e3e3e3e3e3e
        32  ................  f2f2f2f2f2f2f2f2f2f2f2f2f2f2f2f2
        31  ................  95959595959595959595959595959595
        26  ................  12121212121212121212121212121212
        25  ................  a6a6a6a6a6a6a6a6a6a6a6a6a6a6a6a6
        25  \\\\\\\\\\\\\\\\  5c5c5c5c5c5c5c5c5c5c5c5c5c5c5c5c
        25  4444444444444444  34343434343434343434343434343434
        24  tttttttttttttttt  74747474747474747474747474747474
        22  ]]]]]]]]]]]]]]]]  5d5d5d5d5d5d5d5d5d5d5d5d5d5d5d5d
        22  ................  2e2e2e2e2e2e2e2e2e2e2e2e2e2e2e2e
# epoch 19150  H=7.9820 C=7.9539 HO=-0.0181  A(t)=265
       120  >>>>>>>>>>>>>>>>  3e3e3e3e3e3e3e3e3e3e3e3e3e3e3e3e
        32  ................  f2f2f2f2f2f2f2f2f2f2f2f2f2f2f2f2
        26  ................  12121212121212121212121212121212
        25  4444444444444444  34343434343434343434343434343434
        24  ________________  5f5f5f5f5f5f5f5f5f5f5f5f5f5f5f5f
        22  ]]]]]]]]]]]]]]]]  5d5d5d5d5d5d5d5d5d5d5d5d5d5d5d5d
        22  ................  2e2e2e2e2e2e2e2e2e2e2e2e2e2e2e2e
        21  ................  bebebebebebebebebebebebebebebebe
        18  ................  a6a6a6a6a6a6a6a6a6a6a6a6a6a6a6a6
        17  ................  85858585858585858585858585858585
# epoch 19200  H=7.9818 C=7.9549 HO=-0.0182  A(t)=265
       132  >>>>>>>>>>>>>>>>  3e3e3e3e3e3e3e3e3e3e3e3e3e3e3e3e
        32  ................  f2f2f2f2f2f2f2f2f2f2f2f2f2f2f2f2
        26  ................  12121212121212121212121212121212
        24  ________________  5f5f5f5f5f5f5f5f5f5f5f5f5f5f5f5f
        22  ]]]]]]]]]]]]]]]]  5d5d5d5d5d5d5d5d5d5d5d5d5d5d5d5d
        22  ................  2e2e2e2e2e2e2e2e2e2e2e2e2e2e2e2e
        21  ................  bebebebebebebebebebebebebebebebe
        18  ................  a6a6a6a6a6a6a6a6a6a6a6a6a6a6a6a6
        17  ................  85858585858585858585858585858585
        15  [[[[[[[[[[[[[[[[  5b5b5b5b5b5b5b5b5b5b5b5b5b5b5b5b
# epoch 19250  H=7.9818 C=7.9529 HO=-0.0183  A(t)=265
       187  >>>>>>>>>>>>>>>>  3e3e3e3e3e3e3e3e3e3e3e3e3e3e3e3e
        58  ................  1e1e1e1e1e1e1e1e1e1e1e1e1e1e1e1e
        32  ................  f2f2f2f2f2f2f2f2f2f2f2f2f2f2f2f2
        29  }}}}}}}}}}}}}}}}  7d7d7d7d7d7d7d7d7d7d7d7d7d7d7d7d
        26  ................  12121212121212121212121212121212
        22  ]]]]]]]]]]]]]]]]  5d5d5d5d5d5d5d5d5d5d5d5d5d5d5d5d
        22  ................  2e2e2e2e2e2e2e2e2e2e2e2e2e2e2e2e
        20  ________________  5f5f5f5f5f5f5f5f5f5f5f5f5f5f5f5f
        18  ................  a6a6a6a6a6a6a6a6a6a6a6a6a6a6a6a6
        17  ................  85858585858585858585858585858585
# epoch 19300  H=7.9816 C=7.9517 HO=-0.0185  A(t)=265
       233  >>>>>>>>>>>>>>>>  3e3e3e3e3e3e3e3e3e3e3e3e3e3e3e3e
        49  HHHHHHHHHHHHHHHH  48484848484848484848484848484848
        32  ................  f2f2f2f2f2f2f2f2f2f2f2f2f2f2f2f2
        32  ................  1e1e1e1e1e1e1e1e1e1e1e1e1e1e1e1e
        31  }}}}}}}}}}}}}}}}  7d7d7d7d7d7d7d7d7d7d7d7d7d7d7d7d
        26  ................  12121212121212121212121212121212
        22  ]]]]]]]]]]]]]]]]  5d5d5d5d5d5d5d5d5d5d5d5d5d5d5d5d
        20  ________________  5f5f5f5f5f5f5f5f5f5f5f5f5f5f5f5f
        18  ................  a6a6a6a6a6a6a6a6a6a6a6a6a6a6a6a6
        17  ................  85858585858585858585858585858585
# epoch 19350  H=7.9816 C=7.9516 HO=-0.0185  A(t)=265
       246  >>>>>>>>>>>>>>>>  3e3e3e3e3e3e3e3e3e3e3e3e3e3e3e3e
        49  HHHHHHHHHHHHHHHH  48484848484848484848484848484848
        47  ................  efefefefefefefefefefefefefefefef
        30  }}}}}}}}}}}}}}}}  7d7d7d7d7d7d7d7d7d7d7d7d7d7d7d7d
        30  ----------------  2d2d2d2d2d2d2d2d2d2d2d2d2d2d2d2d
        26  ................  12121212121212121212121212121212
        20  ________________  5f5f5f5f5f5f5f5f5f5f5f5f5f5f5f5f
        19  ................  f2f2f2f2f2f2f2f2f2f2f2f2f2f2f2f2
        18  ................  a6a6a6a6a6a6a6a6a6a6a6a6a6a6a6a6
        17  ................  85858585858585858585858585858585
# epoch 19400  H=7.9812 C=7.9523 HO=-0.0188  A(t)=265
       239  >>>>>>>>>>>>>>>>  3e3e3e3e3e3e3e3e3e3e3e3e3e3e3e3e
        41  ................  efefefefefefefefefefefefefefefef
        37  HHHHHHHHHHHHHHHH  48484848484848484848484848484848
        30  }}}}}}}}}}}}}}}}  7d7d7d7d7d7d7d7d7d7d7d7d7d7d7d7d
        30  ----------------  2d2d2d2d2d2d2d2d2d2d2d2d2d2d2d2d
        30  ,,,,,,,,,,,,,,,,  2c2c2c2c2c2c2c2c2c2c2c2c2c2c2c2c
        26  ................  12121212121212121212121212121212
        20  ________________  5f5f5f5f5f5f5f5f5f5f5f5f5f5f5f5f
        19  ................  f2f2f2f2f2f2f2f2f2f2f2f2f2f2f2f2
        18  ................  a6a6a6a6a6a6a6a6a6a6a6a6a6a6a6a6
# epoch 19450  H=7.9811 C=7.9502 HO=-0.0190  A(t)=265
       244  >>>>>>>>>>>>>>>>  3e3e3e3e3e3e3e3e3e3e3e3e3e3e3e3e
        71  ,,,,,,,,,,,,,,,,  2c2c2c2c2c2c2c2c2c2c2c2c2c2c2c2c
        45  ................  98989898989898989898989898989898
        37  HHHHHHHHHHHHHHHH  48484848484848484848484848484848
        28  ................  efefefefefefefefefefefefefefefef
        25  ................  90909090909090909090909090909090
        20  ________________  5f5f5f5f5f5f5f5f5f5f5f5f5f5f5f5f
        19  ................  f2f2f2f2f2f2f2f2f2f2f2f2f2f2f2f2
        18  ................  a6a6a6a6a6a6a6a6a6a6a6a6a6a6a6a6
        17  ................  2e2e2e2e2e2e2e2e2e2e2e2e2e2e2e2e
# epoch 19500  H=7.9811 C=7.9512 HO=-0.0190  A(t)=265
       228  >>>>>>>>>>>>>>>>  3e3e3e3e3e3e3e3e3e3e3e3e3e3e3e3e
        71  ,,,,,,,,,,,,,,,,  2c2c2c2c2c2c2c2c2c2c2c2c2c2c2c2c
        29  ................  98989898989898989898989898989898
        28  ................  efefefefefefefefefefefefefefefef
        25  ................  90909090909090909090909090909090
        24  HHHHHHHHHHHHHHHH  48484848484848484848484848484848
        18  ................  a6a6a6a6a6a6a6a6a6a6a6a6a6a6a6a6
        17  ________________  5f5f5f5f5f5f5f5f5f5f5f5f5f5f5f5f
        17  ................  2e2e2e2e2e2e2e2e2e2e2e2e2e2e2e2e
        16  }}}}}}}}}}}}}}}}  7d7d7d7d7d7d7d7d7d7d7d7d7d7d7d7d
# epoch 19550  H=7.9810 C=7.9521 HO=-0.0191  A(t)=266
       233  >>>>>>>>>>>>>>>>  3e3e3e3e3e3e3e3e3e3e3e3e3e3e3e3e
        63  ,,,,,,,,,,,,,,,,  2c2c2c2c2c2c2c2c2c2c2c2c2c2c2c2c
        39  ]]]]]]]]]]]]]]]]  5d5d5d5d5d5d5d5d5d5d5d5d5d5d5d5d
        29  ................  98989898989898989898989898989898
        25  ................  90909090909090909090909090909090
        21  ................  efefefefefefefefefefefefefefefef
        18  ................  a6a6a6a6a6a6a6a6a6a6a6a6a6a6a6a6
        17  ................  2e2e2e2e2e2e2e2e2e2e2e2e2e2e2e2e
        10  ................  06060606060606060606060606060606
         9  }}}}}}}}}}}}}}}}  7d7d7d7d7d7d7d7d7d7d7d7d7d7d7d7d
# epoch 19600  H=7.9811 C=7.9522 HO=-0.0190  A(t)=267
       231  >>>>>>>>>>>>>>>>  3e3e3e3e3e3e3e3e3e3e3e3e3e3e3e3e
        63  ,,,,,,,,,,,,,,,,  2c2c2c2c2c2c2c2c2c2c2c2c2c2c2c2c
        34  ................  9a9a9a9a9a9a9a9a9a9a9a9a9a9a9a9a
        29  ................  98989898989898989898989898989898
        25  ................  90909090909090909090909090909090
        25  ]]]]]]]]]]]]]]]]  5d5d5d5d5d5d5d5d5d5d5d5d5d5d5d5d
        20  kkkkkkkkkkkkkkkk  6b6b6b6b6b6b6b6b6b6b6b6b6b6b6b6b
        18  ................  a6a6a6a6a6a6a6a6a6a6a6a6a6a6a6a6
        17  ................  2e2e2e2e2e2e2e2e2e2e2e2e2e2e2e2e
        14  ................  efefefefefefefefefefefefefefefef
# epoch 19650  H=7.9810 C=7.9506 HO=-0.0191  A(t)=267
       203  >>>>>>>>>>>>>>>>  3e3e3e3e3e3e3e3e3e3e3e3e3e3e3e3e
       109  ,,,,,,,,,,,,,,,,  2c2c2c2c2c2c2c2c2c2c2c2c2c2c2c2c
        30  [[[[[[[[[[[[[[[[  5b5b5b5b5b5b5b5b5b5b5b5b5b5b5b5b
        30  ))))))))))))))))  29292929292929292929292929292929
        29  ................  98989898989898989898989898989898
        27  \\\\\\\\\\\\\\\\  5c5c5c5c5c5c5c5c5c5c5c5c5c5c5c5c
        25  ................  90909090909090909090909090909090
        25  ]]]]]]]]]]]]]]]]  5d5d5d5d5d5d5d5d5d5d5d5d5d5d5d5d
        20  kkkkkkkkkkkkkkkk  6b6b6b6b6b6b6b6b6b6b6b6b6b6b6b6b
        18  ................  a6a6a6a6a6a6a6a6a6a6a6a6a6a6a6a6
# epoch 19700  H=7.9809 C=7.9496 HO=-0.0192  A(t)=267
       221  >>>>>>>>>>>>>>>>  3e3e3e3e3e3e3e3e3e3e3e3e3e3e3e3e
        79  ,,,,,,,,,,,,,,,,  2c2c2c2c2c2c2c2c2c2c2c2c2c2c2c2c
        56  ................  2e2e2e2e2e2e2e2e2e2e2e2e2e2e2e2e
        43  ................  d1d1d1d1d1d1d1d1d1d1d1d1d1d1d1d1
        30  [[[[[[[[[[[[[[[[  5b5b5b5b5b5b5b5b5b5b5b5b5b5b5b5b
        30  ))))))))))))))))  29292929292929292929292929292929
        27  ................  aaaaaaaaaaaaaaaaaaaaaaaaaaaaaaaa
        27  \\\\\\\\\\\\\\\\  5c5c5c5c5c5c5c5c5c5c5c5c5c5c5c5c
        25  ]]]]]]]]]]]]]]]]  5d5d5d5d5d5d5d5d5d5d5d5d5d5d5d5d
        20  kkkkkkkkkkkkkkkk  6b6b6b6b6b6b6b6b6b6b6b6b6b6b6b6b
# epoch 19750  H=7.9808 C=7.9477 HO=-0.0193  A(t)=267
       204  >>>>>>>>>>>>>>>>  3e3e3e3e3e3e3e3e3e3e3e3e3e3e3e3e
        56  ................  2e2e2e2e2e2e2e2e2e2e2e2e2e2e2e2e
        48  ,,,,,,,,,,,,,,,,  2c2c2c2c2c2c2c2c2c2c2c2c2c2c2c2c
        42  ................  e8e8e8e8e8e8e8e8e8e8e8e8e8e8e8e8
        30  [[[[[[[[[[[[[[[[  5b5b5b5b5b5b5b5b5b5b5b5b5b5b5b5b
        30  ))))))))))))))))  29292929292929292929292929292929
        27  ................  d1d1d1d1d1d1d1d1d1d1d1d1d1d1d1d1
        27  ................  aaaaaaaaaaaaaaaaaaaaaaaaaaaaaaaa
        25  ]]]]]]]]]]]]]]]]  5d5d5d5d5d5d5d5d5d5d5d5d5d5d5d5d
        22  ................  f5f5f5f5f5f5f5f5f5f5f5f5f5f5f5f5
# epoch 19800  H=7.9810 C=7.9488 HO=-0.0191  A(t)=267
       207  >>>>>>>>>>>>>>>>  3e3e3e3e3e3e3e3e3e3e3e3e3e3e3e3e
        55  <<<<<<<<<<<<<<<<  3c3c3c3c3c3c3c3c3c3c3c3c3c3c3c3c
        49  ................  2e2e2e2e2e2e2e2e2e2e2e2e2e2e2e2e
        47  ,,,,,,,,,,,,,,,,  2c2c2c2c2c2c2c2c2c2c2c2c2c2c2c2c
        42  ................  e8e8e8e8e8e8e8e8e8e8e8e8e8e8e8e8
        30  ))))))))))))))))  29292929292929292929292929292929
        27  ................  aaaaaaaaaaaaaaaaaaaaaaaaaaaaaaaa
        25  ]]]]]]]]]]]]]]]]  5d5d5d5d5d5d5d5d5d5d5d5d5d5d5d5d
        24  ................  d1d1d1d1d1d1d1d1d1d1d1d1d1d1d1d1
        20  kkkkkkkkkkkkkkkk  6b6b6b6b6b6b6b6b6b6b6b6b6b6b6b6b
# epoch 19850  H=7.9811 C=7.9490 HO=-0.0190  A(t)=268
       222  >>>>>>>>>>>>>>>>  3e3e3e3e3e3e3e3e3e3e3e3e3e3e3e3e
        51  <<<<<<<<<<<<<<<<  3c3c3c3c3c3c3c3c3c3c3c3c3c3c3c3c
        47  ,,,,,,,,,,,,,,,,  2c2c2c2c2c2c2c2c2c2c2c2c2c2c2c2c
        33  ................  2e2e2e2e2e2e2e2e2e2e2e2e2e2e2e2e
        30  ................  d7d7d7d7d7d7d7d7d7d7d7d7d7d7d7d7
        29  ................  e8e8e8e8e8e8e8e8e8e8e8e8e8e8e8e8
        27  ))))))))))))))))  29292929292929292929292929292929
        24  ................  d1d1d1d1d1d1d1d1d1d1d1d1d1d1d1d1
        24  ................  aaaaaaaaaaaaaaaaaaaaaaaaaaaaaaaa
        20  kkkkkkkkkkkkkkkk  6b6b6b6b6b6b6b6b6b6b6b6b6b6b6b6b
# epoch 19900  H=7.9809 C=7.9465 HO=-0.0192  A(t)=268
       271  >>>>>>>>>>>>>>>>  3e3e3e3e3e3e3e3e3e3e3e3e3e3e3e3e
        45  <<<<<<<<<<<<<<<<  3c3c3c3c3c3c3c3c3c3c3c3c3c3c3c3c
        34  @@@@@@@@@@@@@@@@  40404040404040404040404040404040
        33  ................  2e2e2e2e2e2e2e2e2e2e2e2e2e2e2e2e
        31  ,,,,,,,,,,,,,,,,  2c2c2c2c2c2c2c2c2c2c2c2c2c2c2c2c
        29  ................  e8e8e8e8e8e8e8e8e8e8e8e8e8e8e8e8
        27  ))))))))))))))))  29292929292929292929292929292929
        21  \\\\\\\\\\\\\\\\  5c5c5c5c5c5c5c5c5c5c5c5c5c5c5c5c
        21  ................  00000000000000000000000000000000
        20  kkkkkkkkkkkkkkkk  6b6b6b6b6b6b6b6b6b6b6b6b6b6b6b6b
# epoch 19950  H=7.9811 C=7.9463 HO=-0.0190  A(t)=268
       281  >>>>>>>>>>>>>>>>  3e3e3e3e3e3e3e3e3e3e3e3e3e3e3e3e
        45  <<<<<<<<<<<<<<<<  3c3c3c3c3c3c3c3c3c3c3c3c3c3c3c3c
        38  ----------------  2d2d2d2d2d2d2d2d2d2d2d2d2d2d2d2d
        36  }}}}}}}}}}}}}}}}  7d7d7d7d7d7d7d7d7d7d7d7d7d7d7d7d
        32  ................  c7c7c7c7c7c7c7c7c7c7c7c7c7c7c7c7
        31  ,,,,,,,,,,,,,,,,  2c2c2c2c2c2c2c2c2c2c2c2c2c2c2c2c
        29  ................  e8e8e8e8e8e8e8e8e8e8e8e8e8e8e8e8
        29  @@@@@@@@@@@@@@@@  40404040404040404040404040404040
        27  ))))))))))))))))  29292929292929292929292929292929
        25  ................  1f1f1f1f1f1f1f1f1f1f1f1f1f1f1f1f
# epoch 20000  H=7.9811 C=7.9462 HO=-0.0190  A(t)=268
       257  >>>>>>>>>>>>>>>>  3e3e3e3e3e3e3e3e3e3e3e3e3e3e3e3e
        48  }}}}}}}}}}}}}}}}  7d7d7d7d7d7d7d7d7d7d7d7d7d7d7d7d
        45  <<<<<<<<<<<<<<<<  3c3c3c3c3c3c3c3c3c3c3c3c3c3c3c3c
        32  ................  c7c7c7c7c7c7c7c7c7c7c7c7c7c7c7c7
        29  @@@@@@@@@@@@@@@@  40404040404040404040404040404040
        27  ))))))))))))))))  29292929292929292929292929292929
        25  ,,,,,,,,,,,,,,,,  2c2c2c2c2c2c2c2c2c2c2c2c2c2c2c2c
        25  ................  1f1f1f1f1f1f1f1f1f1f1f1f1f1f1f1f
        24  ================  3d3d3d3d3d3d3d3d3d3d3d3d3d3d3d3d
        20  kkkkkkkkkkkkkkkk  6b6b6b6b6b6b6b6b6b6b6b6b6b6b6b6b
