# epoch 0  H=7.9971 C=8.0032 HO=-0.0060  A(t)=0
         1  ..k....-......>.  fffe6b0c80d5fc2dc2eceabdf0d63ecb
         1  .........,.D....  fffdb51ea0ec06bbbe2cb044c502f8cb
         1  ...............Q  fffdb50bbde3b0b0b811a28a1ce10251
         1  ..p..>md....y..W  fffd7019933e6d64c9ed188279f7be57
         1  ....T...........  fffbf59e54e40701feb6dd06f2c1f3be
         1  ...i..N.......+>  fff8af69c7f14e89b59f8f11a3db2b3e
         1  ..>....J....g.$.  fff83e01a2d7154ae500c31867a324ab
         1  ..5..G.#!..}.j?*  fff835b1f64717232195bb7da76a3f2a
         1  ..._y.......1...  fff7d8207903bc951d8c899e31df0380
         1  ..."';..BEg.g..E  fff6b422273b03e9424567ba67eb1c45
# epoch 50  H=7.9922 C=7.9005 HO=0.0916  A(t)=0
       115  [[[[[[[[[[[[[[[[  5b5b5b5b5b5b5b5b5b5b5b5b5b5b5b5b
        36  LLLLLLLLLLLLLLLL  4c4c4c4c4c4c4c4c4c4c4c4c4c4c4c4c
        31  ................  edededededededededededededededed
        28  KKKKKKKKKKKKKKKK  4b4b4b4b4b4b4b4b4b4b4b4b4b4b4b4b
        23  ................  89898989898989898989898989898989
        19  ................  f7f7f7f7f7f7f7f7f7f7f7f7f7f7f7f7
        16  ................  16161616161616161616161616161616
        13  !!!!!!!!!!!!!!!!  21212121212121212121212121212121
        12  ................  7f7f7f7f7f7f7f7f7f7f7f7f7f7f7f7f
         7  jjjjjjjjjjjjjjjj  6a6a6a6a6a6a6a6a6a6a6a6a6a6a6a6a
# epoch 100  H=7.9845 C=7.7924 HO=0.1921  A(t)=0
       115  [[[[[[[[[[[[[[[[  5b5b5b5b5b5b5b5b5b5b5b5b5b5b5b5b
        64  ,,,,,,,,,,,,,,,,  2c2c2c2c2c2c2c2c2c2c2c2c2c2c2c2c
        36  LLLLLLLLLLLLLLLL  4c4c4c4c4c4c4c4c4c4c4c4c4c4c4c4c
        27  ................  edededededededededededededededed
        19  ................  f7f7f7f7f7f7f7f7f7f7f7f7f7f7f7f7
        16  ................  16161616161616161616161616161616
        14  ................  89898989898989898989898989898989
         8  ................  8d0b8d0b8d0b8d0b8d0b8d0b8d0b8d0b
         8  ................  0b8d0b8d0b8d0b8d0b8d0b8d0b8d0b8d
         5  ................  0f0f0f0f0f0f0f0f0f0f0f0f0f0f0f0f
# epoch 150  H=7.9803 C=7.7277 HO=0.2526  A(t)=0
        64  ,,,,,,,,,,,,,,,,  2c2c2c2c2c2c2c2c2c2c2c2c2c2c2c2c
        58  [[[[[[[[[[[[[[[[  5b5b5b5b5b5b5b5b5b5b5b5b5b5b5b5b
        36  LLLLLLLLLLLLLLLL  4c4c4c4c4c4c4c4c4c4c4c4c4c4c4c4c
        14  ................  89898989898989898989898989898989
        12  ................  f7f7f7f7f7f7f7f7f7f7f7f7f7f7f7f7
         6  ................  edededededededededededededededed
         6  ................  16161616161616161616161616161616
         5  ................  0f0f0f0f0f0f0f0f0f0f0f0f0f0f0f0f
         2  ....=:62..&.0...  c6120e0a3d3a36322e8226f130c6120e
         2  ...=:62..&.0....  120e0a3d3a36322e8226f130c6120e0a
# epoch 200  H=7.9762 C=7.6603 HO=0.3159  A(t)=0
        48  ,,,,,,,,,,,,,,,,  2c2c2c2c2c2c2c2c2c2c2c2c2c2c2c2c
        46  [[[[[[[[[[[[[[[[  5b5b5b5b5b5b5b5b5b5b5b5b5b5b5b5b
        33  LLLLLLLLLLLLLLLL  4c4c4c4c4c4c4c4c4c4c4c4c4c4c4c4c
        21  }}}}}}}}}}}}}}}}  7d7d7d7d7d7d7d7d7d7d7d7d7d7d7d7d
        12  ................  f7f7f7f7f7f7f7f7f7f7f7f7f7f7f7f7
         5  ................  0f0f0f0f0f0f0f0f0f0f0f0f0f0f0f0f
         3  ................  edededededededededededededededed
         2  ......l!......89  d0d0b6c703176c218da6e9f090903839
         2  .......l!......8  a9d0d0b6c703176c218da6e9f0909038
         2  .s.nA.........l!  a973956e418b8ba9d0d0b6c703176c21
# epoch 250  H=7.9682 C=7.5720 HO=0.3962  A(t)=6
        51  }}}}}}}}}}}}}}}}  7d7d7d7d7d7d7d7d7d7d7d7d7d7d7d7d
        46  ,,,,,,,,,,,,,,,,  2c2c2c2c2c2c2c2c2c2c2c2c2c2c2c2c
        42  [[[[[[[[[[[[[[[[  5b5b5b5b5b5b5b5b5b5b5b5b5b5b5b5b
        33  LLLLLLLLLLLLLLLL  4c4c4c4c4c4c4c4c4c4c4c4c4c4c4c4c
        18  ................  d1d1d1d1d1d1d1d1d1d1d1d1d1d1d1d1
        12  ................  f7f7f7f7f7f7f7f7f7f7f7f7f7f7f7f7
         5  ................  0f0f0f0f0f0f0f0f0f0f0f0f0f0f0f0f
         3  ................  edededededededededededededededed
         2  ......l!......89  d0d0b6c703176c218da6e9f090903839
         2  .......l!......8  a9d0d0b6c703176c218da6e9f0909038
# epoch 300  H=7.9600 C=7.5010 HO=0.4590  A(t)=7
       107  }}}}}}}}}}}}}}}}  7d7d7d7d7d7d7d7d7d7d7d7d7d7d7d7d
        46  ,,,,,,,,,,,,,,,,  2c2c2c2c2c2c2c2c2c2c2c2c2c2c2c2c
        26  LLLLLLLLLLLLLLLL  4c4c4c4c4c4c4c4c4c4c4c4c4c4c4c4c
        23  [[[[[[[[[[[[[[[[  5b5b5b5b5b5b5b5b5b5b5b5b5b5b5b5b
        18  ................  d1d1d1d1d1d1d1d1d1d1d1d1d1d1d1d1
        15  ................  cccccccccccccccccccccccccccccccc
        10  ................  ffffffffffffffffffffffffffffffff
         9  <<<<<<<<<<<<<<<<  3c3c3c3c3c3c3c3c3c3c3c3c3c3c3c3c
         4  ................  cfcfcfcfcfcfcfcfcfcfcfcfcfcfcfcf
         3  ................  edededededededededededededededed
# epoch 350  H=7.9522 C=7.4395 HO=0.5127  A(t)=8
        84  ................  88888888888888888888888888888888
        76  ssssssssssssssss  73737373737373737373737373737373
        74  }}}}}}}}}}}}}}}}  7d7d7d7d7d7d7d7d7d7d7d7d7d7d7d7d
        42  ,,,,,,,,,,,,,,,,  2c2c2c2c2c2c2c2c2c2c2c2c2c2c2c2c
        20  LLLLLLLLLLLLLLLL  4c4c4c4c4c4c4c4c4c4c4c4c4c4c4c4c
        13  [[[[[[[[[[[[[[[[  5b5b5b5b5b5b5b5b5b5b5b5b5b5b5b5b
        10  ................  ffffffffffffffffffffffffffffffff
         9  <<<<<<<<<<<<<<<<  3c3c3c3c3c3c3c3c3c3c3c3c3c3c3c3c
         8  ................  00000000000000000000000000000000
         3  ................  edededededededededededededededed
# epoch 400  H=7.9470 C=7.3818 HO=0.5651  A(t)=8
        80  ssssssssssssssss  73737373737373737373737373737373
        66  ................  88888888888888888888888888888888
        65  }}}}}}}}}}}}}}}}  7d7d7d7d7d7d7d7d7d7d7d7d7d7d7d7d
        26  ,,,,,,,,,,,,,,,,  2c2c2c2c2c2c2c2c2c2c2c2c2c2c2c2c
        23  ................  10101010101010101010101010101010
        20  LLLLLLLLLLLLLLLL  4c4c4c4c4c4c4c4c4c4c4c4c4c4c4c4c
        10  ................  ffffffffffffffffffffffffffffffff
         8  [[[[[[[[[[[[[[[[  5b5b5b5b5b5b5b5b5b5b5b5b5b5b5b5b
         2  ................  f7f7f7f7f7f7f7f7f7f7f7f7f7f7f7f7
         2  ................  a1a1a1a1a1a1a1a1a1a1a1a1a1a1a1a1
# epoch 450  H=7.9356 C=7.3542 HO=0.5813  A(t)=10
        87  ssssssssssssssss  73737373737373737373737373737373
        63  ................  88888888888888888888888888888888
        53  }}}}}}}}}}}}}}}}  7d7d7d7d7d7d7d7d7d7d7d7d7d7d7d7d
        39  ................  00000000000000000000000000000000
        26  ,,,,,,,,,,,,,,,,  2c2c2c2c2c2c2c2c2c2c2c2c2c2c2c2c
        20  LLLLLLLLLLLLLLLL  4c4c4c4c4c4c4c4c4c4c4c4c4c4c4c4c
         8  [[[[[[[[[[[[[[[[  5b5b5b5b5b5b5b5b5b5b5b5b5b5b5b5b
         8  <<<<<<<<<<<<<<<<  3c3c3c3c3c3c3c3c3c3c3c3c3c3c3c3c
         6  ................  cfcfcfcfcfcfcfcfcfcfcfcfcfcfcfcf
         6  ................  0f0f0f0f0f0f0f0f0f0f0f0f0f0f0f0f
# epoch 500  H=7.9278 C=7.3011 HO=0.6266  A(t)=13
        86  ________________  20202020202020202020202020202020
        83  ssssssssssssssss  73737373737373737373737373737373
        58  ................  88888888888888888888888888888888
        58  <<<<<<<<<<<<<<<<  3c3c3c3c3c3c3c3c3c3c3c3c3c3c3c3c
        53  }}}}}}}}}}}}}}}}  7d7d7d7d7d7d7d7d7d7d7d7d7d7d7d7d
        46  ................  00000000000000000000000000000000
        26  ,,,,,,,,,,,,,,,,  2c2c2c2c2c2c2c2c2c2c2c2c2c2c2c2c
        20  LLLLLLLLLLLLLLLL  4c4c4c4c4c4c4c4c4c4c4c4c4c4c4c4c
        19  PPPPPPPPPPPPPPPP  50505050505050505050505050505050
        12  9999999999999999  39393939393939393939393939393939
# epoch 550  H=7.9104 C=7.2639 HO=0.6465  A(t)=14
        86  ________________  20202020202020202020202020202020
        57  ................  88888888888888888888888888888888
        55  ssssssssssssssss  73737373737373737373737373737373
        55  <<<<<<<<<<<<<<<<  3c3c3c3c3c3c3c3c3c3c3c3c3c3c3c3c
        53  }}}}}}}}}}}}}}}}  7d7d7d7d7d7d7d7d7d7d7d7d7d7d7d7d
        38  ,,,,,,,,,,,,,,,,  2c2c2c2c2c2c2c2c2c2c2c2c2c2c2c2c
        37  ................  00000000000000000000000000000000
        19  PPPPPPPPPPPPPPPP  50505050505050505050505050505050
        15  >>>>>>>>>>>>>>>>  3e3e3e3e3e3e3e3e3e3e3e3e3e3e3e3e
        14  ................  87878787878787878787878787878787
# epoch 600  H=7.8971 C=7.2134 HO=0.6837  A(t)=14
        56  ................  88888888888888888888888888888888
        55  ssssssssssssssss  73737373737373737373737373737373
        53  }}}}}}}}}}}}}}}}  7d7d7d7d7d7d7d7d7d7d7d7d7d7d7d7d
        51  ________________  20202020202020202020202020202020
        39  <<<<<<<<<<<<<<<<  3c3c3c3c3c3c3c3c3c3c3c3c3c3c3c3c
        30  ................  00000000000000000000000000000000
        19  PPPPPPPPPPPPPPPP  50505050505050505050505050505050
        16  ,,,,,,,,,,,,,,,,  2c2c2c2c2c2c2c2c2c2c2c2c2c2c2c2c
        14  ................  87878787878787878787878787878787
        13  ................  edededededededededededededededed
# epoch 650  H=7.8781 C=7.1543 HO=0.7238  A(t)=17
       249  <<<<<<<<<<<<<<<<  3c3c3c3c3c3c3c3c3c3c3c3c3c3c3c3c
        51  ................  88888888888888888888888888888888
        51  ________________  20202020202020202020202020202020
        48  ssssssssssssssss  73737373737373737373737373737373
        45  ................  00000000000000000000000000000000
        36  }}}}}}}}}}}}}}}}  7d7d7d7d7d7d7d7d7d7d7d7d7d7d7d7d
        22  ................  edededededededededededededededed
        19  PPPPPPPPPPPPPPPP  50505050505050505050505050505050
        15  rrrrrrrrrrrrrrrr  72727272727272727272727272727272
        14  ................  87878787878787878787878787878787
# epoch 700  H=7.8626 C=7.1146 HO=0.7480  A(t)=21
       147  <<<<<<<<<<<<<<<<  3c3c3c3c3c3c3c3c3c3c3c3c3c3c3c3c
        55  ................  00000000000000000000000000000000
        43  ssssssssssssssss  73737373737373737373737373737373
        42  ________________  20202020202020202020202020202020
        36  }}}}}}}}}}}}}}}}  7d7d7d7d7d7d7d7d7d7d7d7d7d7d7d7d
        19  PPPPPPPPPPPPPPPP  50505050505050505050505050505050
        15  {{{{{{{{{{{{{{{{  7b7b7b7b7b7b7b7b7b7b7b7b7b7b7b7b
        14  ................  87878787878787878787878787878787
        12  ................  88888888888888888888888888888888
        12  rrrrrrrrrrrrrrrr  72727272727272727272727272727272
# epoch 750  H=7.8478 C=7.0845 HO=0.7634  A(t)=22
       236  <<<<<<<<<<<<<<<<  3c3c3c3c3c3c3c3c3c3c3c3c3c3c3c3c
        68  ________________  20202020202020202020202020202020
        54  ................  00000000000000000000000000000000
        43  ssssssssssssssss  73737373737373737373737373737373
        39  ................  88888888888888888888888888888888
        36  }}}}}}}}}}}}}}}}  7d7d7d7d7d7d7d7d7d7d7d7d7d7d7d7d
        27  {{{{{{{{{{{{{{{{  7b7b7b7b7b7b7b7b7b7b7b7b7b7b7b7b
        25  >>>>>>>>>>>>>>>>  3e3e3e3e3e3e3e3e3e3e3e3e3e3e3e3e
        19  PPPPPPPPPPPPPPPP  50505050505050505050505050505050
        14  ................  87878787878787878787878787878787
# epoch 800  H=7.8246 C=7.0447 HO=0.7799  A(t)=23
       119  <<<<<<<<<<<<<<<<  3c3c3c3c3c3c3c3c3c3c3c3c3c3c3c3c
        43  }}}}}}}}}}}}}}}}  7d7d7d7d7d7d7d7d7d7d7d7d7d7d7d7d
        42  ________________  20202020202020202020202020202020
        41  ................  88888888888888888888888888888888
        41  ................  00000000000000000000000000000000
        32  ................  b0b0b0b0b0b0b0b0b0b0b0b0b0b0b0b0
        28  ssssssssssssssss  73737373737373737373737373737373
        19  PPPPPPPPPPPPPPPP  50505050505050505050505050505050
        17  >>>>>>>>>>>>>>>>  3e3e3e3e3e3e3e3e3e3e3e3e3e3e3e3e
        13  {{{{{{{{{{{{{{{{  7b7b7b7b7b7b7b7b7b7b7b7b7b7b7b7b
# epoch 850  H=7.7932 C=6.9882 HO=0.8050  A(t)=26
       319  <<<<<<<<<<<<<<<<  3c3c3c3c3c3c3c3c3c3c3c3c3c3c3c3c
        42  ________________  20202020202020202020202020202020
        42  ................  00000000000000000000000000000000
        32  ................  b0b0b0b0b0b0b0b0b0b0b0b0b0b0b0b0
        28  ssssssssssssssss  73737373737373737373737373737373
        23  }}}}}}}}}}}}}}}}  7d7d7d7d7d7d7d7d7d7d7d7d7d7d7d7d
        20  ................  88888888888888888888888888888888
        17  ................  93939393939393939393939393939393
        17  >>>>>>>>>>>>>>>>  3e3e3e3e3e3e3e3e3e3e3e3e3e3e3e3e
        14  PPPPPPPPPPPPPPPP  50505050505050505050505050505050
# epoch 900  H=7.7714 C=6.9564 HO=0.8150  A(t)=27
       338  <<<<<<<<<<<<<<<<  3c3c3c3c3c3c3c3c3c3c3c3c3c3c3c3c
        68  ................  8d8d8d8d8d8d8d8d8d8d8d8d8d8d8d8d
        40  ________________  20202020202020202020202020202020
        32  ................  f602f602f602f602f602f602f602f602
        32  ................  b0b0b0b0b0b0b0b0b0b0b0b0b0b0b0b0
        32  ................  02f602f602f602f602f602f602f602f6
        23  }}}}}}}}}}}}}}}}  7d7d7d7d7d7d7d7d7d7d7d7d7d7d7d7d
        20  ................  88888888888888888888888888888888
        18  ssssssssssssssss  73737373737373737373737373737373
        18  ................  00000000000000000000000000000000
# epoch 950  H=7.7467 C=6.9176 HO=0.8291  A(t)=28
       360  <<<<<<<<<<<<<<<<  3c3c3c3c3c3c3c3c3c3c3c3c3c3c3c3c
        93  ................  09090909090909090909090909090909
        32  ................  b0b0b0b0b0b0b0b0b0b0b0b0b0b0b0b0
        31  >>>>>>>>>>>>>>>>  3e3e3e3e3e3e3e3e3e3e3e3e3e3e3e3e
        24  ................  f602f602f602f602f602f602f602f602
        24  ________________  20202020202020202020202020202020
        24  ................  02f602f602f602f602f602f602f602f6
        23  }}}}}}}}}}}}}}}}  7d7d7d7d7d7d7d7d7d7d7d7d7d7d7d7d
        12  ................  bfbfbfbfbfbfbfbfbfbfbfbfbfbfbfbf
        11  PPPPPPPPPPPPPPPP  50505050505050505050505050505050
# epoch 1000  H=7.7096 C=6.8694 HO=0.8402  A(t)=31
       402  <<<<<<<<<<<<<<<<  3c3c3c3c3c3c3c3c3c3c3c3c3c3c3c3c
        69  ................  9f9f9f9f9f9f9f9f9f9f9f9f9f9f9f9f
        55  >>>>>>>>>>>>>>>>  3e3e3e3e3e3e3e3e3e3e3e3e3e3e3e3e
        25  ................  87878787878787878787878787878787
        23  }}}}}}}}}}}}}}}}  7d7d7d7d7d7d7d7d7d7d7d7d7d7d7d7d
        16  ................  b0b0b0b0b0b0b0b0b0b0b0b0b0b0b0b0
        16  ________________  20202020202020202020202020202020
        13  ................  02f602f602f602f602f602f602f602f6
        12  ................  f602f602f602f602f602f602f602f602
        12  kkkkkkkkkkkkkkkk  6b6b6b6b6b6b6b6b6b6b6b6b6b6b6b6b
# epoch 1050  H=7.6566 C=6.7854 HO=0.8712  A(t)=31
       543  <<<<<<<<<<<<<<<<  3c3c3c3c3c3c3c3c3c3c3c3c3c3c3c3c
        68  ................  9f9f9f9f9f9f9f9f9f9f9f9f9f9f9f9f
        44  dddddddddddddddd  64646464646464646464646464646464
        34  >>>>>>>>>>>>>>>>  3e3e3e3e3e3e3e3e3e3e3e3e3e3e3e3e
        33  ................  b0b0b0b0b0b0b0b0b0b0b0b0b0b0b0b0
        23  }}}}}}}}}}}}}}}}  7d7d7d7d7d7d7d7d7d7d7d7d7d7d7d7d
        15  ________________  20202020202020202020202020202020
        13  ................  02f602f602f602f602f602f602f602f6
        12  ................  f602f602f602f602f602f602f602f602
        12  ................  d1d1d1d1d1d1d1d1d1d1d1d1d1d1d1d1
# epoch 1100  H=7.5816 C=6.7011 HO=0.8806  A(t)=37
       743  <<<<<<<<<<<<<<<<  3c3c3c3c3c3c3c3c3c3c3c3c3c3c3c3c
        80  dddddddddddddddd  64646464646464646464646464646464
        65  ................  9f9f9f9f9f9f9f9f9f9f9f9f9f9f9f9f
        33  ................  b0b0b0b0b0b0b0b0b0b0b0b0b0b0b0b0
        29  >>>>>>>>>>>>>>>>  3e3e3e3e3e3e3e3e3e3e3e3e3e3e3e3e
        24  <<<<<<<<<<<<<<,<  3c3c3c3c3c3c3c3c3c3c3c3c3c3c2c3c
        24  <<<<<<<<<<<<<,<<  3c3c3c3c3c3c3c3c3c3c3c3c3c2c3c3c
        23  }}}}}}}}}}}}}}}}  7d7d7d7d7d7d7d7d7d7d7d7d7d7d7d7d
        23  <<<<<<<<,<<<<<<<  3c3c3c3c3c3c3c3c2c3c3c3c3c3c3c3c
        23  <<<<<,<<<<<<<<<<  3c3c3c3c3c2c3c3c3c3c3c3c3c3c3c3c
# epoch 1150  H=7.5050 C=6.5905 HO=0.9145  A(t)=39
      1228  <<<<<<<<<<<<<<<<  3c3c3c3c3c3c3c3c3c3c3c3c3c3c3c3c
        80  dddddddddddddddd  64646464646464646464646464646464
        65  ,,,,,,,,,,,,,,,,  2c2c2c2c2c2c2c2c2c2c2c2c2c2c2c2c
        44  ................  9f9f9f9f9f9f9f9f9f9f9f9f9f9f9f9f
        38  <<<<<<<<<<<<<<<,  3c3c3c3c3c3c3c3c3c3c3c3c3c3c3c2c
        34  ,<<<<<<<<<<<<<<<  2c3c3c3c3c3c3c3c3c3c3c3c3c3c3c3c
        33  ................  b0b0b0b0b0b0b0b0b0b0b0b0b0b0b0b0
        33  <<<<<<<<<,<<<<<<  3c3c3c3c3c3c3c3c3c2c3c3c3c3c3c3c
        32  <<<<<<<<<<<<<<,<  3c3c3c3c3c3c3c3c3c3c3c3c3c3c2c3c
        32  <<<<<<,<<<<<<<<<  3c3c3c3c3c3c2c3c3c3c3c3c3c3c3c3c
# epoch 1200  H=7.4304 C=6.5131 HO=0.9174  A(t)=46
      1731  <<<<<<<<<<<<<<<<  3c3c3c3c3c3c3c3c3c3c3c3c3c3c3c3c
       171  ,,,,,,,,,,,,,,,,  2c2c2c2c2c2c2c2c2c2c2c2c2c2c2c2c
        64  dddddddddddddddd  64646464646464646464646464646464
        49  <<<<<<<<<<<<<<<,  3c3c3c3c3c3c3c3c3c3c3c3c3c3c3c2c
        49  <<<<<<<<<<<<,<<<  3c3c3c3c3c3c3c3c3c3c3c3c2c3c3c3c
        47  <<<<<<<<<<<<<<,<  3c3c3c3c3c3c3c3c3c3c3c3c3c3c2c3c
        47  <<<,<<<<<<<<<<<<  3c3c3c2c3c3c3c3c3c3c3c3c3c3c3c3c
        46  <<<<<<<<<<<<<,<<  3c3c3c3c3c3c3c3c3c3c3c3c3c2c3c3c
        46  <<<<<,<<<<<<<<<<  3c3c3c3c3c2c3c3c3c3c3c3c3c3c3c3c
        45  <<<<<<<<<<<,<<<<  3c3c3c3c3c3c3c3c3c3c3c2c3c3c3c3c
# epoch 1250  H=7.3568 C=6.4261 HO=0.9306  A(t)=52
      1926  <<<<<<<<<<<<<<<<  3c3c3c3c3c3c3c3c3c3c3c3c3c3c3c3c
       135  ,,,,,,,,,,,,,,,,  2c2c2c2c2c2c2c2c2c2c2c2c2c2c2c2c
        82  dddddddddddddddd  64646464646464646464646464646464
        47  <<<<<<<<<<<<<<<,  3c3c3c3c3c3c3c3c3c3c3c3c3c3c3c2c
        47  <<<<<<<<<<<<<<,<  3c3c3c3c3c3c3c3c3c3c3c3c3c3c2c3c
        45  <<<<<<<<<<<<,<<<  3c3c3c3c3c3c3c3c3c3c3c3c2c3c3c3c
        44  <<<<<<<<<<<<<,<<  3c3c3c3c3c3c3c3c3c3c3c3c3c2c3c3c
        42  ,<<<<<<<<<<<<<<<  2c3c3c3c3c3c3c3c3c3c3c3c3c3c3c3c
        41  <<<<<<<<<<,<<<<<  3c3c3c3c3c3c3c3c3c3c2c3c3c3c3c3c
        41  <,<<<<<<<<<<<<<<  3c2c3c3c3c3c3c3c3c3c3c3c3c3c3c3c
# epoch 1300  H=7.2157 C=6.2850 HO=0.9307  A(t)=58
      1558  <<<<<<<<<<<<<<<<  3c3c3c3c3c3c3c3c3c3c3c3c3c3c3c3c
       174  ,,,,,,,,,,,,,,,,  2c2c2c2c2c2c2c2c2c2c2c2c2c2c2c2c
        82  dddddddddddddddd  64646464646464646464646464646464
        64  <<<<<<<<<<<<<<<,  3c3c3c3c3c3c3c3c3c3c3c3c3c3c3c2c
        63  <<<<<<<<<<<<<<,<  3c3c3c3c3c3c3c3c3c3c3c3c3c3c2c3c
        63  ,<<<<<<<<<<<<<<<  2c3c3c3c3c3c3c3c3c3c3c3c3c3c3c3c
        61  <<<,<<<<<<<<<<<<  3c3c3c2c3c3c3c3c3c3c3c3c3c3c3c3c
        61  <<,<<<<<<<<<<<<<  3c3c2c3c3c3c3c3c3c3c3c3c3c3c3c3c
        60  <,<<<<<<<<<<<<<<  3c2c3c3c3c3c3c3c3c3c3c3c3c3c3c3c
        59  <<<<<<<<<<<<<,<<  3c3c3c3c3c3c3c3c3c3c3c3c3c2c3c3c
# epoch 1350  H=7.0975 C=6.1307 HO=0.9667  A(t)=76
      2911  <<<<<<<<<<<<<<<<  3c3c3c3c3c3c3c3c3c3c3c3c3c3c3c3c
       146  ,,,,,,,,,,,,,,,,  2c2c2c2c2c2c2c2c2c2c2c2c2c2c2c2c
        82  dddddddddddddddd  64646464646464646464646464646464
        71  <<<<<<<<<<<<<<<,  3c3c3c3c3c3c3c3c3c3c3c3c3c3c3c2c
        68  <<<<<<,<<<<<<<<<  3c3c3c3c3c3c2c3c3c3c3c3c3c3c3c3c
        68  ,<<<<<<<<<<<<<<<  2c3c3c3c3c3c3c3c3c3c3c3c3c3c3c3c
        67  <<<<<,<<<<<<<<<<  3c3c3c3c3c2c3c3c3c3c3c3c3c3c3c3c
        66  <<<<<<<,<<<<<<<<  3c3c3c3c3c3c3c2c3c3c3c3c3c3c3c3c
        66  <<<<,<<<<<<<<<<<  3c3c3c3c2c3c3c3c3c3c3c3c3c3c3c3c
        66  <<<,<<<<<<<<<<<<  3c3c3c2c3c3c3c3c3c3c3c3c3c3c3c3c
# epoch 1400  H=6.9912 C=5.9844 HO=1.0068  A(t)=80
      3358  <<<<<<<<<<<<<<<<  3c3c3c3c3c3c3c3c3c3c3c3c3c3c3c3c
       252  ,,,,,,,,,,,,,,,,  2c2c2c2c2c2c2c2c2c2c2c2c2c2c2c2c
        82  dddddddddddddddd  64646464646464646464646464646464
        82  <<<<<<<<<<<<<<<,  3c3c3c3c3c3c3c3c3c3c3c3c3c3c3c2c
        76  <<<<<<<<<<<<<,<<  3c3c3c3c3c3c3c3c3c3c3c3c3c2c3c3c
        75  <<<<,<<<<<<<<<<<  3c3c3c3c2c3c3c3c3c3c3c3c3c3c3c3c
        74  <<<<<<<<<,<<<<<<  3c3c3c3c3c3c3c3c3c2c3c3c3c3c3c3c
        73  <<<<<<<<<<<<<<,<  3c3c3c3c3c3c3c3c3c3c3c3c3c3c2c3c
        73  <<<<<<<<<<<<,<<<  3c3c3c3c3c3c3c3c3c3c3c3c2c3c3c3c
        73  <<<<<<<<,<<<<<<<  3c3c3c3c3c3c3c3c2c3c3c3c3c3c3c3c
# epoch 1450  H=6.9102 C=5.8878 HO=1.0224  A(t)=88
      2963  <<<<<<<<<<<<<<<<  3c3c3c3c3c3c3c3c3c3c3c3c3c3c3c3c
       101  ,,,,,,,,,,,,,,,,  2c2c2c2c2c2c2c2c2c2c2c2c2c2c2c2c
        77  <<<<,<<<<<<<<<<<  3c3c3c3c2c3c3c3c3c3c3c3c3c3c3c3c
        77  <<<,<<<<<<<<<<<<  3c3c3c2c3c3c3c3c3c3c3c3c3c3c3c3c
        75  <<<<<<<,<<<<<<<<  3c3c3c3c3c3c3c2c3c3c3c3c3c3c3c3c
        75  <<<<<,<<<<<<<<<<  3c3c3c3c3c2c3c3c3c3c3c3c3c3c3c3c
        75  <<,<<<<<<<<<<<<<  3c3c2c3c3c3c3c3c3c3c3c3c3c3c3c3c
        74  <<<<<<,<<<<<<<<<  3c3c3c3c3c3c2c3c3c3c3c3c3c3c3c3c
        72  <<<<<<<<<<<<<<<,  3c3c3c3c3c3c3c3c3c3c3c3c3c3c3c2c
        72  <<<<<<<<,<<<<<<<  3c3c3c3c3c3c3c3c2c3c3c3c3c3c3c3c
# epoch 1500  H=6.8473 C=5.7850 HO=1.0623  A(t)=96
      2775  <<<<<<<<<<<<<<<<  3c3c3c3c3c3c3c3c3c3c3c3c3c3c3c3c
       201  ,,,,,,,,,,,,,,,,  2c2c2c2c2c2c2c2c2c2c2c2c2c2c2c2c
        74  <<<<<<<<<<<<<<<,  3c3c3c3c3c3c3c3c3c3c3c3c3c3c3c2c
        69  >>>>>>>>>>>>>>>>  3e3e3e3e3e3e3e3e3e3e3e3e3e3e3e3e
        69  ,<<<<<<<<<<<<<<<  2c3c3c3c3c3c3c3c3c3c3c3c3c3c3c3c
        66  <<<<,<<<<<<<<<<<  3c3c3c3c2c3c3c3c3c3c3c3c3c3c3c3c
        66  <<,<<<<<<<<<<<<<  3c3c2c3c3c3c3c3c3c3c3c3c3c3c3c3c
        64  <<<,<<<<<<<<<<<<  3c3c3c2c3c3c3c3c3c3c3c3c3c3c3c3c
        64  <,<<<<<<<<<<<<<<  3c2c3c3c3c3c3c3c3c3c3c3c3c3c3c3c
        63  <<<<<<<<,<<<<<<<  3c3c3c3c3c3c3c3c2c3c3c3c3c3c3c3c
# epoch 1550  H=6.6856 C=5.6067 HO=1.0789  A(t)=104
      3436  <<<<<<<<<<<<<<<<  3c3c3c3c3c3c3c3c3c3c3c3c3c3c3c3c
       327  ,,,,,,,,,,,,,,,,  2c2c2c2c2c2c2c2c2c2c2c2c2c2c2c2c
       123  <<<<<<<<<<<<<<<,  3c3c3c3c3c3c3c3c3c3c3c3c3c3c3c2c
       115  <<<<<<<<<<<<<<,<  3c3c3c3c3c3c3c3c3c3c3c3c3c3c2c3c
       115  ,<<<<<<<<<<<<<<<  2c3c3c3c3c3c3c3c3c3c3c3c3c3c3c3c
       109  <<,<<<<<<<<<<<<<  3c3c2c3c3c3c3c3c3c3c3c3c3c3c3c3c
       108  <,<<<<<<<<<<<<<<  3c2c3c3c3c3c3c3c3c3c3c3c3c3c3c3c
       107  <<<<<<<<<<<<<,<<  3c3c3c3c3c3c3c3c3c3c3c3c3c2c3c3c
       104  <<<,<<<<<<<<<<<<  3c3c3c2c3c3c3c3c3c3c3c3c3c3c3c3c
       100  <<<<<<<<<<<<,<<<  3c3c3c3c3c3c3c3c3c3c3c3c2c3c3c3c
# epoch 1600  H=6.5138 C=5.4490 HO=1.0648  A(t)=111
      3889  <<<<<<<<<<<<<<<<  3c3c3c3c3c3c3c3c3c3c3c3c3c3c3c3c
       141  <<<<<<<<<<<<<<<,  3c3c3c3c3c3c3c3c3c3c3c3c3c3c3c2c
       141  ,<<<<<<<<<<<<<<<  2c3c3c3c3c3c3c3c3c3c3c3c3c3c3c3c
       136  <<<<<<<<<<<<<<,<  3c3c3c3c3c3c3c3c3c3c3c3c3c3c2c3c
       136  <<<<<<<<<<<<<,<<  3c3c3c3c3c3c3c3c3c3c3c3c3c2c3c3c
       136  <<<<<<<<<<<<,<<<  3c3c3c3c3c3c3c3c3c3c3c3c2c3c3c3c
       134  <,<<<<<<<<<<<<<<  3c2c3c3c3c3c3c3c3c3c3c3c3c3c3c3c
       130  <<<<<<<<<<<,<<<<  3c3c3c3c3c3c3c3c3c3c3c2c3c3c3c3c
       129  <<,<<<<<<<<<<<<<  3c3c2c3c3c3c3c3c3c3c3c3c3c3c3c3c
       125  <<<<<,<<<<<<<<<<  3c3c3c3c3c2c3c3c3c3c3c3c3c3c3c3c
# epoch 1650  H=6.3257 C=5.2434 HO=1.0823  A(t)=144
      5924  <<<<<<<<<<<<<<<<  3c3c3c3c3c3c3c3c3c3c3c3c3c3c3c3c
       156  <<<<<<<<<<<<<<<,  3c3c3c3c3c3c3c3c3c3c3c3c3c3c3c2c
       148  <<<<<<<<<<<<<<,<  3c3c3c3c3c3c3c3c3c3c3c3c3c3c2c3c
       142  <<<<<<<<<<<<<,<<  3c3c3c3c3c3c3c3c3c3c3c3c3c2c3c3c
       142  ,<<<<<<<<<<<<<<<  2c3c3c3c3c3c3c3c3c3c3c3c3c3c3c3c
       138  <<,<<<<<<<<<<<<<  3c3c2c3c3c3c3c3c3c3c3c3c3c3c3c3c
       138  <,<<<<<<<<<<<<<<  3c2c3c3c3c3c3c3c3c3c3c3c3c3c3c3c
       137  <<<<<<<<<<<<,<<<  3c3c3c3c3c3c3c3c3c3c3c3c2c3c3c3c
       136  <<<,<<<<<<<<<<<<  3c3c3c2c3c3c3c3c3c3c3c3c3c3c3c3c
       135  <<<<,<<<<<<<<<<<  3c3c3c3c2c3c3c3c3c3c3c3c3c3c3c3c
# epoch 1700  H=6.1851 C=5.1160 HO=1.0691  A(t)=173
      5836  <<<<<<<<<<<<<<<<  3c3c3c3c3c3c3c3c3c3c3c3c3c3c3c3c
       203  ,,,,,,,,,,,,,,,,  2c2c2c2c2c2c2c2c2c2c2c2c2c2c2c2c
       189  <<<<<<<<<<<<<<<,  3c3c3c3c3c3c3c3c3c3c3c3c3c3c3c2c
       179  ,<<<<<<<<<<<<<<<  2c3c3c3c3c3c3c3c3c3c3c3c3c3c3c3c
       173  <<,<<<<<<<<<<<<<  3c3c2c3c3c3c3c3c3c3c3c3c3c3c3c3c
       169  <<<<<<<<<<<<<<,<  3c3c3c3c3c3c3c3c3c3c3c3c3c3c2c3c
       169  <<<,<<<<<<<<<<<<  3c3c3c2c3c3c3c3c3c3c3c3c3c3c3c3c
       166  <<<<<<<<<<<<<,<<  3c3c3c3c3c3c3c3c3c3c3c3c3c2c3c3c
       166  <<<<,<<<<<<<<<<<  3c3c3c3c2c3c3c3c3c3c3c3c3c3c3c3c
       166  <,<<<<<<<<<<<<<<  3c2c3c3c3c3c3c3c3c3c3c3c3c3c3c3c
# epoch 1750  H=6.0400 C=4.9792 HO=1.0608  A(t)=181
      6807  <<<<<<<<<<<<<<<<  3c3c3c3c3c3c3c3c3c3c3c3c3c3c3c3c
       175  <<<<<<<<<<<<<<<,  3c3c3c3c3c3c3c3c3c3c3c3c3c3c3c2c
       166  ,,,,,,,,,,,,,,,,  2c2c2c2c2c2c2c2c2c2c2c2c2c2c2c2c
       163  ,<<<<<<<<<<<<<<<  2c3c3c3c3c3c3c3c3c3c3c3c3c3c3c3c
       158  <,<<<<<<<<<<<<<<  3c2c3c3c3c3c3c3c3c3c3c3c3c3c3c3c
       157  <<<<<<<<<<<<<<,<  3c3c3c3c3c3c3c3c3c3c3c3c3c3c2c3c
       155  <<<<<,<<<<<<<<<<  3c3c3c3c3c2c3c3c3c3c3c3c3c3c3c3c
       152  <<,<<<<<<<<<<<<<  3c3c2c3c3c3c3c3c3c3c3c3c3c3c3c3c
       150  <<<<<<,<<<<<<<<<  3c3c3c3c3c3c2c3c3c3c3c3c3c3c3c3c
       147  <<<<<<<<<<<<,<<<  3c3c3c3c3c3c3c3c3c3c3c3c2c3c3c3c
# epoch 1800  H=5.9295 C=4.8956 HO=1.0339  A(t)=190
      6111  <<<<<<<<<<<<<<<<  3c3c3c3c3c3c3c3c3c3c3c3c3c3c3c3c
       408  ,,,,,,,,,,,,,,,,  2c2c2c2c2c2c2c2c2c2c2c2c2c2c2c2c
       166  <<<<<<<<<<<<<<<,  3c3c3c3c3c3c3c3c3c3c3c3c3c3c3c2c
       153  <<<<<<<<<<<<<<,<  3c3c3c3c3c3c3c3c3c3c3c3c3c3c2c3c
       151  ,<<<<<<<<<<<<<<<  2c3c3c3c3c3c3c3c3c3c3c3c3c3c3c3c
       144  <,<<<<<<<<<<<<<<  3c2c3c3c3c3c3c3c3c3c3c3c3c3c3c3c
       143  <<<<<<<<<<<<<,<<  3c3c3c3c3c3c3c3c3c3c3c3c3c2c3c3c
       140  <<<,<<<<<<<<<<<<  3c3c3c2c3c3c3c3c3c3c3c3c3c3c3c3c
       139  <<<<,<<<<<<<<<<<  3c3c3c3c2c3c3c3c3c3c3c3c3c3c3c3c
       137  <<,<<<<<<<<<<<<<  3c3c2c3c3c3c3c3c3c3c3c3c3c3c3c3c
# epoch 1850  H=5.8171 C=4.8135 HO=1.0036  A(t)=193
      6025  <<<<<<<<<<<<<<<<  3c3c3c3c3c3c3c3c3c3c3c3c3c3c3c3c
       217  ,,,,,,,,,,,,,,,,  2c2c2c2c2c2c2c2c2c2c2c2c2c2c2c2c
       154  <<<<<<<<<<<<<<<,  3c3c3c3c3c3c3c3c3c3c3c3c3c3c3c2c
       137  <<<<<<,<<<<<<<<<  3c3c3c3c3c3c2c3c3c3c3c3c3c3c3c3c
       134  <<<<<<<<<<,<<<<<  3c3c3c3c3c3c3c3c3c3c2c3c3c3c3c3c
       134  ,<<<<<<<<<<<<<<<  2c3c3c3c3c3c3c3c3c3c3c3c3c3c3c3c
       133  <<<<<<<<<,<<<<<<  3c3c3c3c3c3c3c3c3c2c3c3c3c3c3c3c
       133  <<<<<<<,<<<<<<<<  3c3c3c3c3c3c3c2c3c3c3c3c3c3c3c3c
       132  <<<<<<<<<<<<<<,<  3c3c3c3c3c3c3c3c3c3c3c3c3c3c2c3c
       132  <<<<<<<<<<<,<<<<  3c3c3c3c3c3c3c3c3c3c3c2c3c3c3c3c
# epoch 1900  H=5.7435 C=4.6975 HO=1.0460  A(t)=216
      6740  <<<<<<<<<<<<<<<<  3c3c3c3c3c3c3c3c3c3c3c3c3c3c3c3c
       365  ,,,,,,,,,,,,,,,,  2c2c2c2c2c2c2c2c2c2c2c2c2c2c2c2c
       156  <<<<<<<<<<<<<<<,  3c3c3c3c3c3c3c3c3c3c3c3c3c3c3c2c
       155  ,<<<<<<<<<<<<<<<  2c3c3c3c3c3c3c3c3c3c3c3c3c3c3c3c
       145  <<<<<<<<<<<<<<,<  3c3c3c3c3c3c3c3c3c3c3c3c3c3c2c3c
       142  <<<<<<<<<<<<<,<<  3c3c3c3c3c3c3c3c3c3c3c3c3c2c3c3c
       141  <,<<<<<<<<<<<<<<  3c2c3c3c3c3c3c3c3c3c3c3c3c3c3c3c
       139  <<,<<<<<<<<<<<<<  3c3c2c3c3c3c3c3c3c3c3c3c3c3c3c3c
       133  <<<<<<<,<<<<<<<<  3c3c3c3c3c3c3c2c3c3c3c3c3c3c3c3c
       133  <<<,<<<<<<<<<<<<  3c3c3c2c3c3c3c3c3c3c3c3c3c3c3c3c
# epoch 1950  H=5.6134 C=4.5746 HO=1.0388  A(t)=226
      7074  <<<<<<<<<<<<<<<<  3c3c3c3c3c3c3c3c3c3c3c3c3c3c3c3c
       417  ,,,,,,,,,,,,,,,,  2c2c2c2c2c2c2c2c2c2c2c2c2c2c2c2c
       170  <,<<<<<<<<<<<<<<  3c2c3c3c3c3c3c3c3c3c3c3c3c3c3c3c
       168  ,<<<<<<<<<<<<<<<  2c3c3c3c3c3c3c3c3c3c3c3c3c3c3c3c
       164  <<<<<<<<<<<<<<<,  3c3c3c3c3c3c3c3c3c3c3c3c3c3c3c2c
       162  <<,<<<<<<<<<<<<<  3c3c2c3c3c3c3c3c3c3c3c3c3c3c3c3c
       157  <<<<<,<<<<<<<<<<  3c3c3c3c3c2c3c3c3c3c3c3c3c3c3c3c
       156  <<<<<<,<<<<<<<<<  3c3c3c3c3c3c2c3c3c3c3c3c3c3c3c3c
       155  <<<<<<<<<<<<<<,<  3c3c3c3c3c3c3c3c3c3c3c3c3c3c2c3c
       155  <<<<<<<,<<<<<<<<  3c3c3c3c3c3c3c2c3c3c3c3c3c3c3c3c
# epoch 2000  H=5.4854 C=4.4772 HO=1.0083  A(t)=238
      7315  <<<<<<<<<<<<<<<<  3c3c3c3c3c3c3c3c3c3c3c3c3c3c3c3c
       200  <<<<<<<<<<<<<<<,  3c3c3c3c3c3c3c3c3c3c3c3c3c3c3c2c
       188  ,<<<<<<<<<<<<<<<  2c3c3c3c3c3c3c3c3c3c3c3c3c3c3c3c
       187  <<<<<<<,<<<<<<<<  3c3c3c3c3c3c3c2c3c3c3c3c3c3c3c3c
       186  <<<<<<<<,<<<<<<<  3c3c3c3c3c3c3c3c2c3c3c3c3c3c3c3c
       186  ,,,,,,,,,,,,,,,,  2c2c2c2c2c2c2c2c2c2c2c2c2c2c2c2c
       184  <<<<<<,<<<<<<<<<  3c3c3c3c3c3c2c3c3c3c3c3c3c3c3c3c
       183  <<<<<,<<<<<<<<<<  3c3c3c3c3c2c3c3c3c3c3c3c3c3c3c3c
       183  <<<<,<<<<<<<<<<<  3c3c3c3c2c3c3c3c3c3c3c3c3c3c3c3c
       180  <<<,<<<<<<<<<<<<  3c3c3c2c3c3c3c3c3c3c3c3c3c3c3c3c
# epoch 2050  H=5.3155 C=4.3186 HO=0.9969  A(t)=250
      8290  <<<<<<<<<<<<<<<<  3c3c3c3c3c3c3c3c3c3c3c3c3c3c3c3c
       326  ,,,,,,,,,,,,,,,,  2c2c2c2c2c2c2c2c2c2c2c2c2c2c2c2c
       200  <<<<<<<<<<<<<<<,  3c3c3c3c3c3c3c3c3c3c3c3c3c3c3c2c
       199  <<,<<<<<<<<<<<<<  3c3c2c3c3c3c3c3c3c3c3c3c3c3c3c3c
       199  ,<<<<<<<<<<<<<<<  2c3c3c3c3c3c3c3c3c3c3c3c3c3c3c3c
       195  <,<<<<<<<<<<<<<<  3c2c3c3c3c3c3c3c3c3c3c3c3c3c3c3c
       194  <<<<<<<<<<<<<<,<  3c3c3c3c3c3c3c3c3c3c3c3c3c3c2c3c
       194  <<<<,<<<<<<<<<<<  3c3c3c3c2c3c3c3c3c3c3c3c3c3c3c3c
       193  <<<<<<<<<<<<<,<<  3c3c3c3c3c3c3c3c3c3c3c3c3c2c3c3c
       192  <<<,<<<<<<<<<<<<  3c3c3c2c3c3c3c3c3c3c3c3c3c3c3c3c
# epoch 2100  H=5.1902 C=4.2057 HO=0.9845  A(t)=260
      8791  <<<<<<<<<<<<<<<<  3c3c3c3c3c3c3c3c3c3c3c3c3c3c3c3c
       246  <<<<<<<<<<<<<<,<  3c3c3c3c3c3c3c3c3c3c3c3c3c3c2c3c
       244  <<<<<<<<<<<<<<<,  3c3c3c3c3c3c3c3c3c3c3c3c3c3c3c2c
       244  <<<<<<<<<<<<<,<<  3c3c3c3c3c3c3c3c3c3c3c3c3c2c3c3c
       241  ,<<<<<<<<<<<<<<<  2c3c3c3c3c3c3c3c3c3c3c3c3c3c3c3c
       240  <,<<<<<<<<<<<<<<  3c2c3c3c3c3c3c3c3c3c3c3c3c3c3c3c
       236  <<<<<<<<<<<<,<<<  3c3c3c3c3c3c3c3c3c3c3c3c2c3c3c3c
       235  <<<,<<<<<<<<<<<<  3c3c3c2c3c3c3c3c3c3c3c3c3c3c3c3c
       235  <<,<<<<<<<<<<<<<  3c3c2c3c3c3c3c3c3c3c3c3c3c3c3c3c
       234  <<<<,<<<<<<<<<<<  3c3c3c3c2c3c3c3c3c3c3c3c3c3c3c3c
# epoch 2150  H=5.1533 C=4.1641 HO=0.9892  A(t)=278
      8836  <<<<<<<<<<<<<<<<  3c3c3c3c3c3c3c3c3c3c3c3c3c3c3c3c
       429  ,,,,,,,,,,,,,,,,  2c2c2c2c2c2c2c2c2c2c2c2c2c2c2c2c
       201  <<<<<<<<<<<<<<<,  3c3c3c3c3c3c3c3c3c3c3c3c3c3c3c2c
       193  <<<<<<<<<<<<<<,<  3c3c3c3c3c3c3c3c3c3c3c3c3c3c2c3c
       187  ,<<<<<<<<<<<<<<<  2c3c3c3c3c3c3c3c3c3c3c3c3c3c3c3c
       185  <<<<<<<<<<<<<,<<  3c3c3c3c3c3c3c3c3c3c3c3c3c2c3c3c
       185  <,<<<<<<<<<<<<<<  3c2c3c3c3c3c3c3c3c3c3c3c3c3c3c3c
       181  <<,<<<<<<<<<<<<<  3c3c2c3c3c3c3c3c3c3c3c3c3c3c3c3c
       171  <<<,<<<<<<<<<<<<  3c3c3c2c3c3c3c3c3c3c3c3c3c3c3c3c
       167  <<<<<<<<<<<<,<<<  3c3c3c3c3c3c3c3c3c3c3c3c2c3c3c3c
# epoch 2200  H=5.0901 C=4.0991 HO=0.9910  A(t)=281
      9323  <<<<<<<<<<<<<<<<  3c3c3c3c3c3c3c3c3c3c3c3c3c3c3c3c
       375  ,,,,,,,,,,,,,,,,  2c2c2c2c2c2c2c2c2c2c2c2c2c2c2c2c
       213  <<<<<<<<<<<<<<<,  3c3c3c3c3c3c3c3c3c3c3c3c3c3c3c2c
       210  <<<<<<<<<<<<<,<<  3c3c3c3c3c3c3c3c3c3c3c3c3c2c3c3c
       209  <<<<<<<<<<<<<<,<  3c3c3c3c3c3c3c3c3c3c3c3c3c3c2c3c
       207  <<,<<<<<<<<<<<<<  3c3c2c3c3c3c3c3c3c3c3c3c3c3c3c3c
       202  <,<<<<<<<<<<<<<<  3c2c3c3c3c3c3c3c3c3c3c3c3c3c3c3c
       200  ,<<<<<<<<<<<<<<<  2c3c3c3c3c3c3c3c3c3c3c3c3c3c3c3c
       198  <<<<<<<<<<<<,<<<  3c3c3c3c3c3c3c3c3c3c3c3c2c3c3c3c
       196  <<<<<<,<<<<<<<<<  3c3c3c3c3c3c2c3c3c3c3c3c3c3c3c3c
# epoch 2250  H=4.9929 C=3.9883 HO=1.0046  A(t)=296
      9192  <<<<<<<<<<<<<<<<  3c3c3c3c3c3c3c3c3c3c3c3c3c3c3c3c
       647  ,,,,,,,,,,,,,,,,  2c2c2c2c2c2c2c2c2c2c2c2c2c2c2c2c
       212  <<<<<<<<<<<<<<<,  3c3c3c3c3c3c3c3c3c3c3c3c3c3c3c2c
       210  ,<<<<<<<<<<<<<<<  2c3c3c3c3c3c3c3c3c3c3c3c3c3c3c3c
       205  <<<<,<<<<<<<<<<<  3c3c3c3c2c3c3c3c3c3c3c3c3c3c3c3c
       204  <<<<<<<<<<<<<<,<  3c3c3c3c3c3c3c3c3c3c3c3c3c3c2c3c
       203  <<<<<,<<<<<<<<<<  3c3c3c3c3c2c3c3c3c3c3c3c3c3c3c3c
       202  <<<,<<<<<<<<<<<<  3c3c3c2c3c3c3c3c3c3c3c3c3c3c3c3c
       201  <,<<<<<<<<<<<<<<  3c2c3c3c3c3c3c3c3c3c3c3c3c3c3c3c
       198  <<,<<<<<<<<<<<<<  3c3c2c3c3c3c3c3c3c3c3c3c3c3c3c3c
# epoch 2300  H=4.8836 C=3.9083 HO=0.9752  A(t)=321
      9004  <<<<<<<<<<<<<<<<  3c3c3c3c3c3c3c3c3c3c3c3c3c3c3c3c
       638  ,,,,,,,,,,,,,,,,  2c2c2c2c2c2c2c2c2c2c2c2c2c2c2c2c
       230  <<<<<<<<<<<<<<<,  3c3c3c3c3c3c3c3c3c3c3c3c3c3c3c2c
       224  <<<<<<<<<<<<<<,<  3c3c3c3c3c3c3c3c3c3c3c3c3c3c2c3c
       218  ,<<<<<<<<<<<<<<<  2c3c3c3c3c3c3c3c3c3c3c3c3c3c3c3c
       211  <<<<<<<<<<<<,<<<  3c3c3c3c3c3c3c3c3c3c3c3c2c3c3c3c
       211  <<<<<<<<<,<<<<<<  3c3c3c3c3c3c3c3c3c2c3c3c3c3c3c3c
       211  <,<<<<<<<<<<<<<<  3c2c3c3c3c3c3c3c3c3c3c3c3c3c3c3c
       210  <<<<<<<<<<<<<,<<  3c3c3c3c3c3c3c3c3c3c3c3c3c2c3c3c
       209  <<<<<<<<<<,<<<<<  3c3c3c3c3c3c3c3c3c3c2c3c3c3c3c3c
# epoch 2350  H=4.7274 C=3.7936 HO=0.9339  A(t)=338
      9424  <<<<<<<<<<<<<<<<  3c3c3c3c3c3c3c3c3c3c3c3c3c3c3c3c
       252  ,,,,,,,,,,,,,,,,  2c2c2c2c2c2c2c2c2c2c2c2c2c2c2c2c
       250  <<<<<<<<<<<<<<<,  3c3c3c3c3c3c3c3c3c3c3c3c3c3c3c2c
       240  <<<<<<<<<<<<<<,<  3c3c3c3c3c3c3c3c3c3c3c3c3c3c2c3c
       231  ,<<<<<<<<<<<<<<<  2c3c3c3c3c3c3c3c3c3c3c3c3c3c3c3c
       229  <,<<<<<<<<<<<<<<  3c2c3c3c3c3c3c3c3c3c3c3c3c3c3c3c
       223  <<<<<<<<<<<<<,<<  3c3c3c3c3c3c3c3c3c3c3c3c3c2c3c3c
       219  <<<<<<<<<<<<,<<<  3c3c3c3c3c3c3c3c3c3c3c3c2c3c3c3c
       218  <<<,<<<<<<<<<<<<  3c3c3c2c3c3c3c3c3c3c3c3c3c3c3c3c
       215  <<<<<<<<<<<,<<<<  3c3c3c3c3c3c3c3c3c3c3c2c3c3c3c3c
# epoch 2400  H=4.6260 C=3.6724 HO=0.9536  A(t)=347
     10373  <<<<<<<<<<<<<<<<  3c3c3c3c3c3c3c3c3c3c3c3c3c3c3c3c
       586  ,,,,,,,,,,,,,,,,  2c2c2c2c2c2c2c2c2c2c2c2c2c2c2c2c
       265  <<<<<<<<<<<<<<<,  3c3c3c3c3c3c3c3c3c3c3c3c3c3c3c2c
       260  <<<<<<<<<<<<<<,<  3c3c3c3c3c3c3c3c3c3c3c3c3c3c2c3c
       256  ,<<<<<<<<<<<<<<<  2c3c3c3c3c3c3c3c3c3c3c3c3c3c3c3c
       252  <<<<<<<<<<<<<,<<  3c3c3c3c3c3c3c3c3c3c3c3c3c2c3c3c
       251  <<<<,<<<<<<<<<<<  3c3c3c3c2c3c3c3c3c3c3c3c3c3c3c3c
       251  <,<<<<<<<<<<<<<<  3c2c3c3c3c3c3c3c3c3c3c3c3c3c3c3c
       248  <<,<<<<<<<<<<<<<  3c3c2c3c3c3c3c3c3c3c3c3c3c3c3c3c
       245  <<<,<<<<<<<<<<<<  3c3c3c2c3c3c3c3c3c3c3c3c3c3c3c3c
# epoch 2450  H=4.5634 C=3.6036 HO=0.9598  A(t)=359
      9771  <<<<<<<<<<<<<<<<  3c3c3c3c3c3c3c3c3c3c3c3c3c3c3c3c
       640  ,,,,,,,,,,,,,,,,  2c2c2c2c2c2c2c2c2c2c2c2c2c2c2c2c
       272  <<<<<<<<<<<<<<<,  3c3c3c3c3c3c3c3c3c3c3c3c3c3c3c2c
       254  ,<<<<<<<<<<<<<<<  2c3c3c3c3c3c3c3c3c3c3c3c3c3c3c3c
       250  <<<<<<<<<<<<<<,<  3c3c3c3c3c3c3c3c3c3c3c3c3c3c2c3c
       244  <,<<<<<<<<<<<<<<  3c2c3c3c3c3c3c3c3c3c3c3c3c3c3c3c
       237  <<<<<<<<<<<<,<<<  3c3c3c3c3c3c3c3c3c3c3c3c2c3c3c3c
       236  <<<<<<<<<<<<<,<<  3c3c3c3c3c3c3c3c3c3c3c3c3c2c3c3c
       232  <<,<<<<<<<<<<<<<  3c3c2c3c3c3c3c3c3c3c3c3c3c3c3c3c
       229  <<<<<<<<<<<,<<<<  3c3c3c3c3c3c3c3c3c3c3c2c3c3c3c3c
# epoch 2500  H=4.4308 C=3.4779 HO=0.9529  A(t)=362
     10486  <<<<<<<<<<<<<<<<  3c3c3c3c3c3c3c3c3c3c3c3c3c3c3c3c
       597  ,,,,,,,,,,,,,,,,  2c2c2c2c2c2c2c2c2c2c2c2c2c2c2c2c
       301  <<<<<<<<<<<<<<<,  3c3c3c3c3c3c3c3c3c3c3c3c3c3c3c2c
       288  ,<<<<<<<<<<<<<<<  2c3c3c3c3c3c3c3c3c3c3c3c3c3c3c3c
       285  <<<<<<<<<<<<<<,<  3c3c3c3c3c3c3c3c3c3c3c3c3c3c2c3c
       275  <,<<<<<<<<<<<<<<  3c2c3c3c3c3c3c3c3c3c3c3c3c3c3c3c
       274  <<<<<<<<<<<<<,<<  3c3c3c3c3c3c3c3c3c3c3c3c3c2c3c3c
       271  <<<<,<<<<<<<<<<<  3c3c3c3c2c3c3c3c3c3c3c3c3c3c3c3c
       268  <<,<<<<<<<<<<<<<  3c3c2c3c3c3c3c3c3c3c3c3c3c3c3c3c
       266  <<<,<<<<<<<<<<<<  3c3c3c2c3c3c3c3c3c3c3c3c3c3c3c3c
# epoch 2550  H=4.2592 C=3.3395 HO=0.9198  A(t)=371
     11098  <<<<<<<<<<<<<<<<  3c3c3c3c3c3c3c3c3c3c3c3c3c3c3c3c
       349  <<<<<<<<<<<<<<<,  3c3c3c3c3c3c3c3c3c3c3c3c3c3c3c2c
       337  <<<<<<<<<<<<<<,<  3c3c3c3c3c3c3c3c3c3c3c3c3c3c2c3c
       333  <<<<<<<<<<<<<,<<  3c3c3c3c3c3c3c3c3c3c3c3c3c2c3c3c
       330  <<<<<<<<<<<<,<<<  3c3c3c3c3c3c3c3c3c3c3c3c2c3c3c3c
       328  ,,,,,,,,,,,,,,,,  2c2c2c2c2c2c2c2c2c2c2c2c2c2c2c2c
       325  <<,<<<<<<<<<<<<<  3c3c2c3c3c3c3c3c3c3c3c3c3c3c3c3c
       324  <<<<<<<<<<<,<<<<  3c3c3c3c3c3c3c3c3c3c3c2c3c3c3c3c
       321  ,<<<<<<<<<<<<<<<  2c3c3c3c3c3c3c3c3c3c3c3c3c3c3c3c
       315  <<<<,<<<<<<<<<<<  3c3c3c3c2c3c3c3c3c3c3c3c3c3c3c3c
# epoch 2600  H=4.0722 C=3.1749 HO=0.8972  A(t)=388
     11977  <<<<<<<<<<<<<<<<  3c3c3c3c3c3c3c3c3c3c3c3c3c3c3c3c
       519  {{{{{{{{{{{{{{{{  7b7b7b7b7b7b7b7b7b7b7b7b7b7b7b7b
       474  ,,,,,,,,,,,,,,,,  2c2c2c2c2c2c2c2c2c2c2c2c2c2c2c2c
       327  <<<<<<<<<<<<<<<,  3c3c3c3c3c3c3c3c3c3c3c3c3c3c3c2c
       311  ,<<<<<<<<<<<<<<<  2c3c3c3c3c3c3c3c3c3c3c3c3c3c3c3c
       304  <<<<<<<<<<<<<<,<  3c3c3c3c3c3c3c3c3c3c3c3c3c3c2c3c
       294  <<,<<<<<<<<<<<<<  3c3c2c3c3c3c3c3c3c3c3c3c3c3c3c3c
       294  <,<<<<<<<<<<<<<<  3c2c3c3c3c3c3c3c3c3c3c3c3c3c3c3c
       289  <<<<<<<<<<<<<,<<  3c3c3c3c3c3c3c3c3c3c3c3c3c2c3c3c
       287  <<<<<,<<<<<<<<<<  3c3c3c3c3c2c3c3c3c3c3c3c3c3c3c3c
# epoch 2650  H=4.0354 C=3.0830 HO=0.9524  A(t)=417
     12195  <<<<<<<<<<<<<<<<  3c3c3c3c3c3c3c3c3c3c3c3c3c3c3c3c
       568  {{{{{{{{{{{{{{{{  7b7b7b7b7b7b7b7b7b7b7b7b7b7b7b7b
       369  ,,,,,,,,,,,,,,,,  2c2c2c2c2c2c2c2c2c2c2c2c2c2c2c2c
       345  <<<<<<<<<<<<<<<,  3c3c3c3c3c3c3c3c3c3c3c3c3c3c3c2c
       337  ,<<<<<<<<<<<<<<<  2c3c3c3c3c3c3c3c3c3c3c3c3c3c3c3c
       336  <<<<<<<<<<<<<<,<  3c3c3c3c3c3c3c3c3c3c3c3c3c3c2c3c
       331  <<<<<<<<,<<<<<<<  3c3c3c3c3c3c3c3c2c3c3c3c3c3c3c3c
       330  <,<<<<<<<<<<<<<<  3c2c3c3c3c3c3c3c3c3c3c3c3c3c3c3c
       329  <<<<<<<<<<<<<,<<  3c3c3c3c3c3c3c3c3c3c3c3c3c2c3c3c
       329  <<<<<<<<<,<<<<<<  3c3c3c3c3c3c3c3c3c2c3c3c3c3c3c3c
# epoch 2700  H=3.8750 C=2.9481 HO=0.9269  A(t)=422
     12879  <<<<<<<<<<<<<<<<  3c3c3c3c3c3c3c3c3c3c3c3c3c3c3c3c
      1092  {{{{{{{{{{{{{{{{  7b7b7b7b7b7b7b7b7b7b7b7b7b7b7b7b
       327  <<<<<<<<<<<<<<<,  3c3c3c3c3c3c3c3c3c3c3c3c3c3c3c2c
       324  <<<<<<<<<<<<<<,<  3c3c3c3c3c3c3c3c3c3c3c3c3c3c2c3c
       318  ,<<<<<<<<<<<<<<<  2c3c3c3c3c3c3c3c3c3c3c3c3c3c3c3c
       308  <,<<<<<<<<<<<<<<  3c2c3c3c3c3c3c3c3c3c3c3c3c3c3c3c
       299  <<<<<<<<<,<<<<<<  3c3c3c3c3c3c3c3c3c2c3c3c3c3c3c3c
       296  <<<<<<<<,<<<<<<<  3c3c3c3c3c3c3c3c2c3c3c3c3c3c3c3c
       294  <<<<<<,<<<<<<<<<  3c3c3c3c3c3c2c3c3c3c3c3c3c3c3c3c
       294  <<,<<<<<<<<<<<<<  3c3c2c3c3c3c3c3c3c3c3c3c3c3c3c3c
# epoch 2750  H=3.7469 C=2.8392 HO=0.9076  A(t)=427
     14379  <<<<<<<<<<<<<<<<  3c3c3c3c3c3c3c3c3c3c3c3c3c3c3c3c
      1069  {{{{{{{{{{{{{{{{  7b7b7b7b7b7b7b7b7b7b7b7b7b7b7b7b
       415  ,,,,,,,,,,,,,,,,  2c2c2c2c2c2c2c2c2c2c2c2c2c2c2c2c
       335  ,<<<<<<<<<<<<<<<  2c3c3c3c3c3c3c3c3c3c3c3c3c3c3c3c
       327  <<<<<<<<<<<<<<<,  3c3c3c3c3c3c3c3c3c3c3c3c3c3c3c2c
       312  <,<<<<<<<<<<<<<<  3c2c3c3c3c3c3c3c3c3c3c3c3c3c3c3c
       310  <<<<<<<<<<<<<<,<  3c3c3c3c3c3c3c3c3c3c3c3c3c3c2c3c
       305  <<<<<<<<<<<<<,<<  3c3c3c3c3c3c3c3c3c3c3c3c3c2c3c3c
       305  <<<<<<<<<<<<,<<<  3c3c3c3c3c3c3c3c3c3c3c3c2c3c3c3c
       304  <<,<<<<<<<<<<<<<  3c3c2c3c3c3c3c3c3c3c3c3c3c3c3c3c
# epoch 2800  H=3.7384 C=2.8678 HO=0.8706  A(t)=434
     12152  <<<<<<<<<<<<<<<<  3c3c3c3c3c3c3c3c3c3c3c3c3c3c3c3c
      1044  {{{{{{{{{{{{{{{{  7b7b7b7b7b7b7b7b7b7b7b7b7b7b7b7b
       336  <<<<<<<<<<<<<<<,  3c3c3c3c3c3c3c3c3c3c3c3c3c3c3c2c
       327  <<<<<<<<<<<<<<,<  3c3c3c3c3c3c3c3c3c3c3c3c3c3c2c3c
       324  ,<<<<<<<<<<<<<<<  2c3c3c3c3c3c3c3c3c3c3c3c3c3c3c3c
       323  <<<<<<<<<<<<,<<<  3c3c3c3c3c3c3c3c3c3c3c3c2c3c3c3c
       323  <<<<<<<<<<<,<<<<  3c3c3c3c3c3c3c3c3c3c3c2c3c3c3c3c
       321  <,<<<<<<<<<<<<<<  3c2c3c3c3c3c3c3c3c3c3c3c3c3c3c3c
       318  <<<<<,<<<<<<<<<<  3c3c3c3c3c2c3c3c3c3c3c3c3c3c3c3c
       317  <<<,<<<<<<<<<<<<  3c3c3c2c3c3c3c3c3c3c3c3c3c3c3c3c
# epoch 2850  H=3.6275 C=2.7777 HO=0.8498  A(t)=436
     13659  <<<<<<<<<<<<<<<<  3c3c3c3c3c3c3c3c3c3c3c3c3c3c3c3c
      1124  {{{{{{{{{{{{{{{{  7b7b7b7b7b7b7b7b7b7b7b7b7b7b7b7b
       428  ,,,,,,,,,,,,,,,,  2c2c2c2c2c2c2c2c2c2c2c2c2c2c2c2c
       338  <<<<<,<<<<<<<<<<  3c3c3c3c3c2c3c3c3c3c3c3c3c3c3c3c
       336  <<<<,<<<<<<<<<<<  3c3c3c3c2c3c3c3c3c3c3c3c3c3c3c3c
       332  <<<,<<<<<<<<<<<<  3c3c3c2c3c3c3c3c3c3c3c3c3c3c3c3c
       331  <<,<<<<<<<<<<<<<  3c3c2c3c3c3c3c3c3c3c3c3c3c3c3c3c
       328  <<<<<<,<<<<<<<<<  3c3c3c3c3c3c2c3c3c3c3c3c3c3c3c3c
       327  <<<<<<<,<<<<<<<<  3c3c3c3c3c3c3c2c3c3c3c3c3c3c3c3c
       327  ,<<<<<<<<<<<<<<<  2c3c3c3c3c3c3c3c3c3c3c3c3c3c3c3c
# epoch 2900  H=3.5147 C=2.7120 HO=0.8027  A(t)=437
     13857  <<<<<<<<<<<<<<<<  3c3c3c3c3c3c3c3c3c3c3c3c3c3c3c3c
      1001  {{{{{{{{{{{{{{{{  7b7b7b7b7b7b7b7b7b7b7b7b7b7b7b7b
       464  ,,,,,,,,,,,,,,,,  2c2c2c2c2c2c2c2c2c2c2c2c2c2c2c2c
       386  <<<<<<<<<<<<<<<,  3c3c3c3c3c3c3c3c3c3c3c3c3c3c3c2c
       384  ,<<<<<<<<<<<<<<<  2c3c3c3c3c3c3c3c3c3c3c3c3c3c3c3c
       375  <<<<<<<<<<<<<<,<  3c3c3c3c3c3c3c3c3c3c3c3c3c3c2c3c
       369  <,<<<<<<<<<<<<<<  3c2c3c3c3c3c3c3c3c3c3c3c3c3c3c3c
       363  <<<<<<<<<<<,<<<<  3c3c3c3c3c3c3c3c3c3c3c2c3c3c3c3c
       363  <<,<<<<<<<<<<<<<  3c3c2c3c3c3c3c3c3c3c3c3c3c3c3c3c
       361  <<<<<<<,<<<<<<<<  3c3c3c3c3c3c3c2c3c3c3c3c3c3c3c3c
# epoch 2950  H=3.4499 C=2.6865 HO=0.7634  A(t)=440
     14948  <<<<<<<<<<<<<<<<  3c3c3c3c3c3c3c3c3c3c3c3c3c3c3c3c
      1008  {{{{{{{{{{{{{{{{  7b7b7b7b7b7b7b7b7b7b7b7b7b7b7b7b
       391  <<<<<<<<<<<<<<<,  3c3c3c3c3c3c3c3c3c3c3c3c3c3c3c2c
       384  <<<<<<<<<<<<<<,<  3c3c3c3c3c3c3c3c3c3c3c3c3c3c2c3c
       375  ,<<<<<<<<<<<<<<<  2c3c3c3c3c3c3c3c3c3c3c3c3c3c3c3c
       372  <<<<<<<<<<<<<,<<  3c3c3c3c3c3c3c3c3c3c3c3c3c2c3c3c
       366  <<<<<<<<<<<<,<<<  3c3c3c3c3c3c3c3c3c3c3c3c2c3c3c3c
       363  <<<<<<<<<<,<<<<<  3c3c3c3c3c3c3c3c3c3c2c3c3c3c3c3c
       361  <<<<<<,<<<<<<<<<  3c3c3c3c3c3c2c3c3c3c3c3c3c3c3c3c
       359  <<<<<<<<<,<<<<<<  3c3c3c3c3c3c3c3c3c2c3c3c3c3c3c3c
# epoch 3000  H=3.4251 C=2.6268 HO=0.7983  A(t)=443
     13408  <<<<<<<<<<<<<<<<  3c3c3c3c3c3c3c3c3c3c3c3c3c3c3c3c
      1229  {{{{{{{{{{{{{{{{  7b7b7b7b7b7b7b7b7b7b7b7b7b7b7b7b
       455  ,,,,,,,,,,,,,,,,  2c2c2c2c2c2c2c2c2c2c2c2c2c2c2c2c
       342  ,<<<<<<<<<<<<<<<  2c3c3c3c3c3c3c3c3c3c3c3c3c3c3c3c
       340  <<<<<<<<<<<<<<<,  3c3c3c3c3c3c3c3c3c3c3c3c3c3c3c2c
       328  <,<<<<<<<<<<<<<<  3c2c3c3c3c3c3c3c3c3c3c3c3c3c3c3c
       316  <<,<<<<<<<<<<<<<  3c3c2c3c3c3c3c3c3c3c3c3c3c3c3c3c
       314  <<<<<<,<<<<<<<<<  3c3c3c3c3c3c2c3c3c3c3c3c3c3c3c3c
       312  <<<<,<<<<<<<<<<<  3c3c3c3c2c3c3c3c3c3c3c3c3c3c3c3c
       311  <<<<<<<,<<<<<<<<  3c3c3c3c3c3c3c2c3c3c3c3c3c3c3c3c
# epoch 3050  H=3.3782 C=2.5496 HO=0.8286  A(t)=449
     14541  <<<<<<<<<<<<<<<<  3c3c3c3c3c3c3c3c3c3c3c3c3c3c3c3c
      1089  {{{{{{{{{{{{{{{{  7b7b7b7b7b7b7b7b7b7b7b7b7b7b7b7b
       544  ,,,,,,,,,,,,,,,,  2c2c2c2c2c2c2c2c2c2c2c2c2c2c2c2c
       312  ,<<<<<<<<<<<<<<<  2c3c3c3c3c3c3c3c3c3c3c3c3c3c3c3c
       309  <<<<<<<<<<<<<<<,  3c3c3c3c3c3c3c3c3c3c3c3c3c3c3c2c
       304  <,<<<<<<<<<<<<<<  3c2c3c3c3c3c3c3c3c3c3c3c3c3c3c3c
       294  <<,<<<<<<<<<<<<<  3c3c2c3c3c3c3c3c3c3c3c3c3c3c3c3c
       284  <<<<<<<<<<<<,<<<  3c3c3c3c3c3c3c3c3c3c3c3c2c3c3c3c
       284  <<<,<<<<<<<<<<<<  3c3c3c2c3c3c3c3c3c3c3c3c3c3c3c3c
       280  <<<<<<<<<<<,<<<<  3c3c3c3c3c3c3c3c3c3c3c2c3c3c3c3c
# epoch 3100  H=3.3241 C=2.4950 HO=0.8291  A(t)=449
     14521  <<<<<<<<<<<<<<<<  3c3c3c3c3c3c3c3c3c3c3c3c3c3c3c3c
      1314  {{{{{{{{{{{{{{{{  7b7b7b7b7b7b7b7b7b7b7b7b7b7b7b7b
       548  ,,,,,,,,,,,,,,,,  2c2c2c2c2c2c2c2c2c2c2c2c2c2c2c2c
       308  <<<<<<<<<<<<<<<,  3c3c3c3c3c3c3c3c3c3c3c3c3c3c3c2c
       288  <<<<<<<<<<<<<<,<  3c3c3c3c3c3c3c3c3c3c3c3c3c3c2c3c
       285  ,<<<<<<<<<<<<<<<  2c3c3c3c3c3c3c3c3c3c3c3c3c3c3c3c
       272  <<<<<<<<<<<,<<<<  3c3c3c3c3c3c3c3c3c3c3c2c3c3c3c3c
       270  <<<<<<<<<<<<,<<<  3c3c3c3c3c3c3c3c3c3c3c3c2c3c3c3c
       269  <<,<<<<<<<<<<<<<  3c3c2c3c3c3c3c3c3c3c3c3c3c3c3c3c
       268  <<<,<<<<<<<<<<<<  3c3c3c2c3c3c3c3c3c3c3c3c3c3c3c3c
# epoch 3150  H=3.1494 C=2.3446 HO=0.8048  A(t)=459
     13725  <<<<<<<<<<<<<<<<  3c3c3c3c3c3c3c3c3c3c3c3c3c3c3c3c
      1381  {{{{{{{{{{{{{{{{  7b7b7b7b7b7b7b7b7b7b7b7b7b7b7b7b
       770  ,,,,,,,,,,,,,,,,  2c2c2c2c2c2c2c2c2c2c2c2c2c2c2c2c
       341  <<<<<<<<<<<<<<<,  3c3c3c3c3c3c3c3c3c3c3c3c3c3c3c2c
       324  <<<<<<<<<<<<<<,<  3c3c3c3c3c3c3c3c3c3c3c3c3c3c2c3c
       312  <<<<<<<<<<<<<,<<  3c3c3c3c3c3c3c3c3c3c3c3c3c2c3c3c
       311  ,<<<<<<<<<<<<<<<  2c3c3c3c3c3c3c3c3c3c3c3c3c3c3c3c
       295  <,<<<<<<<<<<<<<<  3c2c3c3c3c3c3c3c3c3c3c3c3c3c3c3c
       294  <<<<<<<<<<<<,<<<  3c3c3c3c3c3c3c3c3c3c3c3c2c3c3c3c
       294  <<,<<<<<<<<<<<<<  3c3c2c3c3c3c3c3c3c3c3c3c3c3c3c3c
# epoch 3200  H=3.1056 C=2.3561 HO=0.7495  A(t)=477
     13232  <<<<<<<<<<<<<<<<  3c3c3c3c3c3c3c3c3c3c3c3c3c3c3c3c
      1731  {{{{{{{{{{{{{{{{  7b7b7b7b7b7b7b7b7b7b7b7b7b7b7b7b
       675  ,,,,,,,,,,,,,,,,  2c2c2c2c2c2c2c2c2c2c2c2c2c2c2c2c
       302  <<<<<<<<<<<<<<<,  3c3c3c3c3c3c3c3c3c3c3c3c3c3c3c2c
       289  <<<<<<<<<<<<<<,<  3c3c3c3c3c3c3c3c3c3c3c3c3c3c2c3c
       287  ,<<<<<<<<<<<<<<<  2c3c3c3c3c3c3c3c3c3c3c3c3c3c3c3c
       285  <,<<<<<<<<<<<<<<  3c2c3c3c3c3c3c3c3c3c3c3c3c3c3c3c
       282  <<<<,<<<<<<<<<<<  3c3c3c3c2c3c3c3c3c3c3c3c3c3c3c3c
       281  <<,<<<<<<<<<<<<<  3c3c2c3c3c3c3c3c3c3c3c3c3c3c3c3c
       280  <<<,<<<<<<<<<<<<  3c3c3c2c3c3c3c3c3c3c3c3c3c3c3c3c
# epoch 3250  H=3.1454 C=2.4247 HO=0.7207  A(t)=486
     13272  <<<<<<<<<<<<<<<<  3c3c3c3c3c3c3c3c3c3c3c3c3c3c3c3c
      1403  {{{{{{{{{{{{{{{{  7b7b7b7b7b7b7b7b7b7b7b7b7b7b7b7b
       406  ,,,,,,,,,,,,,,,,  2c2c2c2c2c2c2c2c2c2c2c2c2c2c2c2c
       317  <<<<<<<<<<<<<<<,  3c3c3c3c3c3c3c3c3c3c3c3c3c3c3c2c
       296  ,<<<<<<<<<<<<<<<  2c3c3c3c3c3c3c3c3c3c3c3c3c3c3c3c
       284  <,<<<<<<<<<<<<<<  3c2c3c3c3c3c3c3c3c3c3c3c3c3c3c3c
       282  <<<<<<<<<<<<<<,<  3c3c3c3c3c3c3c3c3c3c3c3c3c3c2c3c
       281  <<,<<<<<<<<<<<<<  3c3c2c3c3c3c3c3c3c3c3c3c3c3c3c3c
       272  <<<<<<<<<<<<<,<<  3c3c3c3c3c3c3c3c3c3c3c3c3c2c3c3c
       269  <<<<<<<<,<<<<<<<  3c3c3c3c3c3c3c3c2c3c3c3c3c3c3c3c
# epoch 3300  H=3.1084 C=2.3777 HO=0.7308  A(t)=496
     13411  <<<<<<<<<<<<<<<<  3c3c3c3c3c3c3c3c3c3c3c3c3c3c3c3c
      1895  {{{{{{{{{{{{{{{{  7b7b7b7b7b7b7b7b7b7b7b7b7b7b7b7b
       638  ,,,,,,,,,,,,,,,,  2c2c2c2c2c2c2c2c2c2c2c2c2c2c2c2c
       299  <<<<<<<<<<<<<<<,  3c3c3c3c3c3c3c3c3c3c3c3c3c3c3c2c
       285  <<<<<<<<<<<<<<,<  3c3c3c3c3c3c3c3c3c3c3c3c3c3c2c3c
       281  <<<<<<<<<<<<<,<<  3c3c3c3c3c3c3c3c3c3c3c3c3c2c3c3c
       272  <<<<<<<<<<<,<<<<  3c3c3c3c3c3c3c3c3c3c3c2c3c3c3c3c
       270  <<<<<<<<<<<<,<<<  3c3c3c3c3c3c3c3c3c3c3c3c2c3c3c3c
       269  ,<<<<<<<<<<<<<<<  2c3c3c3c3c3c3c3c3c3c3c3c3c3c3c3c
       268  <<<<<<<<<<,<<<<<  3c3c3c3c3c3c3c3c3c3c2c3c3c3c3c3c
# epoch 3350  H=3.0935 C=2.4194 HO=0.6740  A(t)=516
     13455  <<<<<<<<<<<<<<<<  3c3c3c3c3c3c3c3c3c3c3c3c3c3c3c3c
      1465  {{{{{{{{{{{{{{{{  7b7b7b7b7b7b7b7b7b7b7b7b7b7b7b7b
       271  <<<<<<<<<<<<<<<,  3c3c3c3c3c3c3c3c3c3c3c3c3c3c3c2c
       271  <<<<<<<<,<<<<<<<  3c3c3c3c3c3c3c3c2c3c3c3c3c3c3c3c
       271  <<<<<<<,<<<<<<<<  3c3c3c3c3c3c3c2c3c3c3c3c3c3c3c3c
       262  ,<<<<<<<<<<<<<<<  2c3c3c3c3c3c3c3c3c3c3c3c3c3c3c3c
       261  <<,<<<<<<<<<<<<<  3c3c2c3c3c3c3c3c3c3c3c3c3c3c3c3c
       258  <<<<<<<<<<<<<<,<  3c3c3c3c3c3c3c3c3c3c3c3c3c3c2c3c
       258  <<<<<<<<<<<<<,<<  3c3c3c3c3c3c3c3c3c3c3c3c3c2c3c3c
       258  <<<<<<,<<<<<<<<<  3c3c3c3c3c3c2c3c3c3c3c3c3c3c3c3c
# epoch 3400  H=3.0535 C=2.3979 HO=0.6556  A(t)=529
     13443  <<<<<<<<<<<<<<<<  3c3c3c3c3c3c3c3c3c3c3c3c3c3c3c3c
      1315  {{{{{{{{{{{{{{{{  7b7b7b7b7b7b7b7b7b7b7b7b7b7b7b7b
       321  <<<<<<<<<<<<<<<,  3c3c3c3c3c3c3c3c3c3c3c3c3c3c3c2c
       313  ,<<<<<<<<<<<<<<<  2c3c3c3c3c3c3c3c3c3c3c3c3c3c3c3c
       306  <,<<<<<<<<<<<<<<  3c2c3c3c3c3c3c3c3c3c3c3c3c3c3c3c
       296  <<<<<<<<<<<<<<,<  3c3c3c3c3c3c3c3c3c3c3c3c3c3c2c3c
       294  <<,<<<<<<<<<<<<<  3c3c2c3c3c3c3c3c3c3c3c3c3c3c3c3c
       289  ,,,,,,,,,,,,,,,,  2c2c2c2c2c2c2c2c2c2c2c2c2c2c2c2c
       276  <<<<<<<,<<<<<<<<  3c3c3c3c3c3c3c2c3c3c3c3c3c3c3c3c
       274  <<<<<<<<,<<<<<<<  3c3c3c3c3c3c3c3c2c3c3c3c3c3c3c3c
# epoch 3450  H=2.9211 C=2.2872 HO=0.6339  A(t)=543
     13904  <<<<<<<<<<<<<<<<  3c3c3c3c3c3c3c3c3c3c3c3c3c3c3c3c
      1292  {{{{{{{{{{{{{{{{  7b7b7b7b7b7b7b7b7b7b7b7b7b7b7b7b
       505  ,,,,,,,,,,,,,,,,  2c2c2c2c2c2c2c2c2c2c2c2c2c2c2c2c
       376  <<<<<<<<<<<<<<<,  3c3c3c3c3c3c3c3c3c3c3c3c3c3c3c2c
       359  ,<<<<<<<<<<<<<<<  2c3c3c3c3c3c3c3c3c3c3c3c3c3c3c3c
       354  <<<<<<<<<<<<<<,<  3c3c3c3c3c3c3c3c3c3c3c3c3c3c2c3c
       345  <,<<<<<<<<<<<<<<  3c2c3c3c3c3c3c3c3c3c3c3c3c3c3c3c
       340  <<<<<<<<<<<<<,<<  3c3c3c3c3c3c3c3c3c3c3c3c3c2c3c3c
       338  <<,<<<<<<<<<<<<<  3c3c2c3c3c3c3c3c3c3c3c3c3c3c3c3c
       337  <<<<<<<<,<<<<<<<  3c3c3c3c3c3c3c3c2c3c3c3c3c3c3c3c
# epoch 3500  H=2.7679 C=2.1646 HO=0.6034  A(t)=551
     14743  <<<<<<<<<<<<<<<<  3c3c3c3c3c3c3c3c3c3c3c3c3c3c3c3c
      1217  {{{{{{{{{{{{{{{{  7b7b7b7b7b7b7b7b7b7b7b7b7b7b7b7b
       328  <<<<<<<<<<<<<<<,  3c3c3c3c3c3c3c3c3c3c3c3c3c3c3c2c
       317  <<<<<<<<<<<<<<,<  3c3c3c3c3c3c3c3c3c3c3c3c3c3c2c3c
       313  ,<<<<<<<<<<<<<<<  2c3c3c3c3c3c3c3c3c3c3c3c3c3c3c3c
       312  <<<<<<<<<<<<,<<<  3c3c3c3c3c3c3c3c3c3c3c3c2c3c3c3c
       311  <<<<<<<<<<<<<,<<  3c3c3c3c3c3c3c3c3c3c3c3c3c2c3c3c
       311  <,<<<<<<<<<<<<<<  3c2c3c3c3c3c3c3c3c3c3c3c3c3c3c3c
       306  <<,<<<<<<<<<<<<<  3c3c2c3c3c3c3c3c3c3c3c3c3c3c3c3c
       303  <<<<<<<,<<<<<<<<  3c3c3c3c3c3c3c2c3c3c3c3c3c3c3c3c
# epoch 3550  H=2.6339 C=2.0717 HO=0.5622  A(t)=564
     14941  <<<<<<<<<<<<<<<<  3c3c3c3c3c3c3c3c3c3c3c3c3c3c3c3c
      1158  {{{{{{{{{{{{{{{{  7b7b7b7b7b7b7b7b7b7b7b7b7b7b7b7b
       541  ,,,,,,,,,,,,,,,,  2c2c2c2c2c2c2c2c2c2c2c2c2c2c2c2c
       342  <<<<<<<<<<<<<<<,  3c3c3c3c3c3c3c3c3c3c3c3c3c3c3c2c
       338  ,<<<<<<<<<<<<<<<  2c3c3c3c3c3c3c3c3c3c3c3c3c3c3c3c
       305  <<<<<<<<<<<<<<,<  3c3c3c3c3c3c3c3c3c3c3c3c3c3c2c3c
       305  <,<<<<<<<<<<<<<<  3c2c3c3c3c3c3c3c3c3c3c3c3c3c3c3c
       300  <<<<<<<<<<<<<,<<  3c3c3c3c3c3c3c3c3c3c3c3c3c2c3c3c
       297  <<<<<<<<<<<<,<<<  3c3c3c3c3c3c3c3c3c3c3c3c2c3c3c3c
       291  <<,<<<<<<<<<<<<<  3c3c2c3c3c3c3c3c3c3c3c3c3c3c3c3c
# epoch 3600  H=2.5898 C=2.0005 HO=0.5893  A(t)=567
     15644  <<<<<<<<<<<<<<<<  3c3c3c3c3c3c3c3c3c3c3c3c3c3c3c3c
       739  {{{{{{{{{{{{{{{{  7b7b7b7b7b7b7b7b7b7b7b7b7b7b7b7b
       645  ,,,,,,,,,,,,,,,,  2c2c2c2c2c2c2c2c2c2c2c2c2c2c2c2c
       404  <<<<<<<<<<<<<<<,  3c3c3c3c3c3c3c3c3c3c3c3c3c3c3c2c
       399  ,<<<<<<<<<<<<<<<  2c3c3c3c3c3c3c3c3c3c3c3c3c3c3c3c
       389  <<<<<<<<<<<<<<,<  3c3c3c3c3c3c3c3c3c3c3c3c3c3c2c3c
       389  <,<<<<<<<<<<<<<<  3c2c3c3c3c3c3c3c3c3c3c3c3c3c3c3c
       383  <<,<<<<<<<<<<<<<  3c3c2c3c3c3c3c3c3c3c3c3c3c3c3c3c
       379  <<<<<<<<<<<<<,<<  3c3c3c3c3c3c3c3c3c3c3c3c3c2c3c3c
       378  <<<,<<<<<<<<<<<<  3c3c3c2c3c3c3c3c3c3c3c3c3c3c3c3c
# epoch 3650  H=2.6139 C=2.0175 HO=0.5964  A(t)=579
     16048  <<<<<<<<<<<<<<<<  3c3c3c3c3c3c3c3c3c3c3c3c3c3c3c3c
       818  {{{{{{{{{{{{{{{{  7b7b7b7b7b7b7b7b7b7b7b7b7b7b7b7b
       468  ,,,,,,,,,,,,,,,,  2c2c2c2c2c2c2c2c2c2c2c2c2c2c2c2c
       358  <<<<<<<<<<<<<<<,  3c3c3c3c3c3c3c3c3c3c3c3c3c3c3c2c
       348  <<<<<<<<<<<<<<,<  3c3c3c3c3c3c3c3c3c3c3c3c3c3c2c3c
       345  ,<<<<<<<<<<<<<<<  2c3c3c3c3c3c3c3c3c3c3c3c3c3c3c3c
       331  <,<<<<<<<<<<<<<<  3c2c3c3c3c3c3c3c3c3c3c3c3c3c3c3c
       329  <<<<<<<<<<<<<,<<  3c3c3c3c3c3c3c3c3c3c3c3c3c2c3c3c
       326  <<,<<<<<<<<<<<<<  3c3c2c3c3c3c3c3c3c3c3c3c3c3c3c3c
       320  <<<<<,<<<<<<<<<<  3c3c3c3c3c2c3c3c3c3c3c3c3c3c3c3c
# epoch 3700  H=2.5687 C=1.9871 HO=0.5816  A(t)=587
     16327  <<<<<<<<<<<<<<<<  3c3c3c3c3c3c3c3c3c3c3c3c3c3c3c3c
       944  {{{{{{{{{{{{{{{{  7b7b7b7b7b7b7b7b7b7b7b7b7b7b7b7b
       409  ,,,,,,,,,,,,,,,,  2c2c2c2c2c2c2c2c2c2c2c2c2c2c2c2c
       385  <<<<<<<<<<<<<<<,  3c3c3c3c3c3c3c3c3c3c3c3c3c3c3c2c
       369  ,<<<<<<<<<<<<<<<  2c3c3c3c3c3c3c3c3c3c3c3c3c3c3c3c
       360  <<<<<<<<<<<<<<,<  3c3c3c3c3c3c3c3c3c3c3c3c3c3c2c3c
       350  <<<<<<<<<<<<<,<<  3c3c3c3c3c3c3c3c3c3c3c3c3c2c3c3c
       348  <,<<<<<<<<<<<<<<  3c2c3c3c3c3c3c3c3c3c3c3c3c3c3c3c
       346  <<,<<<<<<<<<<<<<  3c3c2c3c3c3c3c3c3c3c3c3c3c3c3c3c
       344  <<<<,<<<<<<<<<<<  3c3c3c3c2c3c3c3c3c3c3c3c3c3c3c3c
# epoch 3750  H=2.5978 C=1.9734 HO=0.6244  A(t)=604
     16117  <<<<<<<<<<<<<<<<  3c3c3c3c3c3c3c3c3c3c3c3c3c3c3c3c
      1042  {{{{{{{{{{{{{{{{  7b7b7b7b7b7b7b7b7b7b7b7b7b7b7b7b
       572  ,,,,,,,,,,,,,,,,  2c2c2c2c2c2c2c2c2c2c2c2c2c2c2c2c
       372  <<<<<<<<<<<<<<<,  3c3c3c3c3c3c3c3c3c3c3c3c3c3c3c2c
       357  ,<<<<<<<<<<<<<<<  2c3c3c3c3c3c3c3c3c3c3c3c3c3c3c3c
       345  <<<<<<<<<<<<<<,<  3c3c3c3c3c3c3c3c3c3c3c3c3c3c2c3c
       337  <<<<<<,<<<<<<<<<  3c3c3c3c3c3c2c3c3c3c3c3c3c3c3c3c
       336  <<<<<<<<<<<<<,<<  3c3c3c3c3c3c3c3c3c3c3c3c3c2c3c3c
       334  <,<<<<<<<<<<<<<<  3c2c3c3c3c3c3c3c3c3c3c3c3c3c3c3c
       332  <<<<<,<<<<<<<<<<  3c3c3c3c3c2c3c3c3c3c3c3c3c3c3c3c
# epoch 3800  H=2.5409 C=1.9264 HO=0.6145  A(t)=610
     15730  <<<<<<<<<<<<<<<<  3c3c3c3c3c3c3c3c3c3c3c3c3c3c3c3c
       878  {{{{{{{{{{{{{{{{  7b7b7b7b7b7b7b7b7b7b7b7b7b7b7b7b
       579  ,,,,,,,,,,,,,,,,  2c2c2c2c2c2c2c2c2c2c2c2c2c2c2c2c
       410  <<<<<<<<<<<<<<<,  3c3c3c3c3c3c3c3c3c3c3c3c3c3c3c2c
       401  ,<<<<<<<<<<<<<<<  2c3c3c3c3c3c3c3c3c3c3c3c3c3c3c3c
       382  <<<<<<<<<<<,<<<<  3c3c3c3c3c3c3c3c3c3c3c2c3c3c3c3c
       381  <<<<<<<<<<,<<<<<  3c3c3c3c3c3c3c3c3c3c2c3c3c3c3c3c
       381  <<<<<<<<<,<<<<<<  3c3c3c3c3c3c3c3c3c2c3c3c3c3c3c3c
       380  <<<<<<<<<<<<<<,<  3c3c3c3c3c3c3c3c3c3c3c3c3c3c2c3c
       377  <<<<,<<<<<<<<<<<  3c3c3c3c2c3c3c3c3c3c3c3c3c3c3c3c
# epoch 3850  H=2.3619 C=1.8024 HO=0.5595  A(t)=610
     16836  <<<<<<<<<<<<<<<<  3c3c3c3c3c3c3c3c3c3c3c3c3c3c3c3c
      1251  {{{{{{{{{{{{{{{{  7b7b7b7b7b7b7b7b7b7b7b7b7b7b7b7b
       446  <<<<<<<<<<<<<<<,  3c3c3c3c3c3c3c3c3c3c3c3c3c3c3c2c
       435  <<<<<<<<<<<<<<,<  3c3c3c3c3c3c3c3c3c3c3c3c3c3c2c3c
       424  <<<<,<<<<<<<<<<<  3c3c3c3c2c3c3c3c3c3c3c3c3c3c3c3c
       423  <<,<<<<<<<<<<<<<  3c3c2c3c3c3c3c3c3c3c3c3c3c3c3c3c
       422  <,<<<<<<<<<<<<<<  3c2c3c3c3c3c3c3c3c3c3c3c3c3c3c3c
       421  <<<<<<<<<<<<<,<<  3c3c3c3c3c3c3c3c3c3c3c3c3c2c3c3c
       421  <<<<<<,<<<<<<<<<  3c3c3c3c3c3c2c3c3c3c3c3c3c3c3c3c
       421  <<<<<,<<<<<<<<<<  3c3c3c3c3c2c3c3c3c3c3c3c3c3c3c3c
# epoch 3900  H=2.4268 C=1.8005 HO=0.6263  A(t)=610
     15547  <<<<<<<<<<<<<<<<  3c3c3c3c3c3c3c3c3c3c3c3c3c3c3c3c
      1150  {{{{{{{{{{{{{{{{  7b7b7b7b7b7b7b7b7b7b7b7b7b7b7b7b
       580  ,,,,,,,,,,,,,,,,  2c2c2c2c2c2c2c2c2c2c2c2c2c2c2c2c
       387  <<<<<<<<<<<<<<<,  3c3c3c3c3c3c3c3c3c3c3c3c3c3c3c2c
       381  ,<<<<<<<<<<<<<<<  2c3c3c3c3c3c3c3c3c3c3c3c3c3c3c3c
       366  <,<<<<<<<<<<<<<<  3c2c3c3c3c3c3c3c3c3c3c3c3c3c3c3c
       358  <<<<<<<<<<<<<<,<  3c3c3c3c3c3c3c3c3c3c3c3c3c3c2c3c
       358  <<,<<<<<<<<<<<<<  3c3c2c3c3c3c3c3c3c3c3c3c3c3c3c3c
       357  <<<,<<<<<<<<<<<<  3c3c3c2c3c3c3c3c3c3c3c3c3c3c3c3c
       351  <<<<<<<<<<<<<,<<  3c3c3c3c3c3c3c3c3c3c3c3c3c2c3c3c
# epoch 3950  H=2.3858 C=1.7554 HO=0.6304  A(t)=614
     14918  <<<<<<<<<<<<<<<<  3c3c3c3c3c3c3c3c3c3c3c3c3c3c3c3c
       920  ,,,,,,,,,,,,,,,,  2c2c2c2c2c2c2c2c2c2c2c2c2c2c2c2c
       742  {{{{{{{{{{{{{{{{  7b7b7b7b7b7b7b7b7b7b7b7b7b7b7b7b
       424  <<<<<<<<<<<<<<<,  3c3c3c3c3c3c3c3c3c3c3c3c3c3c3c2c
       421  ,<<<<<<<<<<<<<<<  2c3c3c3c3c3c3c3c3c3c3c3c3c3c3c3c
       415  <<<<<<<<<<<<<<,<  3c3c3c3c3c3c3c3c3c3c3c3c3c3c2c3c
       407  <<<<<<,<<<<<<<<<  3c3c3c3c3c3c2c3c3c3c3c3c3c3c3c3c
       407  <,<<<<<<<<<<<<<<  3c2c3c3c3c3c3c3c3c3c3c3c3c3c3c3c
       406  <<,<<<<<<<<<<<<<  3c3c2c3c3c3c3c3c3c3c3c3c3c3c3c3c
       399  <<<<<<<<<,<<<<<<  3c3c3c3c3c3c3c3c3c2c3c3c3c3c3c3c
# epoch 4000  H=2.2314 C=1.6523 HO=0.5791  A(t)=617
     17529  <<<<<<<<<<<<<<<<  3c3c3c3c3c3c3c3c3c3c3c3c3c3c3c3c
      1176  {{{{{{{{{{{{{{{{  7b7b7b7b7b7b7b7b7b7b7b7b7b7b7b7b
       658  ,,,,,,,,,,,,,,,,  2c2c2c2c2c2c2c2c2c2c2c2c2c2c2c2c
       418  <<<<<<<<<<<<<<<,  3c3c3c3c3c3c3c3c3c3c3c3c3c3c3c2c
       415  ,<<<<<<<<<<<<<<<  2c3c3c3c3c3c3c3c3c3c3c3c3c3c3c3c
       397  <,<<<<<<<<<<<<<<  3c2c3c3c3c3c3c3c3c3c3c3c3c3c3c3c
       390  <<<<<<<<<<<<<<,<  3c3c3c3c3c3c3c3c3c3c3c3c3c3c2c3c
       387  <<<<<,<<<<<<<<<<  3c3c3c3c3c2c3c3c3c3c3c3c3c3c3c3c
       381  <<<<<<<<<<<<<,<<  3c3c3c3c3c3c3c3c3c3c3c3c3c2c3c3c
       381  <<<<<<,<<<<<<<<<  3c3c3c3c3c3c2c3c3c3c3c3c3c3c3c3c
# epoch 4050  H=2.2630 C=1.6837 HO=0.5793  A(t)=623
     16079  <<<<<<<<<<<<<<<<  3c3c3c3c3c3c3c3c3c3c3c3c3c3c3c3c
       979  {{{{{{{{{{{{{{{{  7b7b7b7b7b7b7b7b7b7b7b7b7b7b7b7b
       627  ,,,,,,,,,,,,,,,,  2c2c2c2c2c2c2c2c2c2c2c2c2c2c2c2c
       402  <<<<<<<<<<<<<<<,  3c3c3c3c3c3c3c3c3c3c3c3c3c3c3c2c
       380  <<<<<<<<<<<<<<,<  3c3c3c3c3c3c3c3c3c3c3c3c3c3c2c3c
       376  <<<<<<<<<,<<<<<<  3c3c3c3c3c3c3c3c3c2c3c3c3c3c3c3c
       374  <<<<<<<<<<<<<,<<  3c3c3c3c3c3c3c3c3c3c3c3c3c2c3c3c
       374  <<<<<<<<,<<<<<<<  3c3c3c3c3c3c3c3c2c3c3c3c3c3c3c3c
       374  <<<<<<<,<<<<<<<<  3c3c3c3c3c3c3c2c3c3c3c3c3c3c3c3c
       372  <<<<<<,<<<<<<<<<  3c3c3c3c3c3c2c3c3c3c3c3c3c3c3c3c
# epoch 4100  H=2.1190 C=1.5615 HO=0.5575  A(t)=635
     16965  <<<<<<<<<<<<<<<<  3c3c3c3c3c3c3c3c3c3c3c3c3c3c3c3c
      1242  {{{{{{{{{{{{{{{{  7b7b7b7b7b7b7b7b7b7b7b7b7b7b7b7b
       806  ,,,,,,,,,,,,,,,,  2c2c2c2c2c2c2c2c2c2c2c2c2c2c2c2c
       481  <<<<<<<<<<<<<<<,  3c3c3c3c3c3c3c3c3c3c3c3c3c3c3c2c
       472  <<<<<<<<<<<<<<,<  3c3c3c3c3c3c3c3c3c3c3c3c3c3c2c3c
       461  <<<<<<<<<<<<<,<<  3c3c3c3c3c3c3c3c3c3c3c3c3c2c3c3c
       461  ,<<<<<<<<<<<<<<<  2c3c3c3c3c3c3c3c3c3c3c3c3c3c3c3c
       460  <<<<<<<<<<<<,<<<  3c3c3c3c3c3c3c3c3c3c3c3c2c3c3c3c
       458  <<<<<<<<<<,<<<<<  3c3c3c3c3c3c3c3c3c3c2c3c3c3c3c3c
       456  <,<<<<<<<<<<<<<<  3c2c3c3c3c3c3c3c3c3c3c3c3c3c3c3c
# epoch 4150  H=2.1553 C=1.5496 HO=0.6058  A(t)=637
     18689  <<<<<<<<<<<<<<<<  3c3c3c3c3c3c3c3c3c3c3c3c3c3c3c3c
      1695  {{{{{{{{{{{{{{{{  7b7b7b7b7b7b7b7b7b7b7b7b7b7b7b7b
       753  ,,,,,,,,,,,,,,,,  2c2c2c2c2c2c2c2c2c2c2c2c2c2c2c2c
       410  <<<<<<<<<<<<<<<,  3c3c3c3c3c3c3c3c3c3c3c3c3c3c3c2c
       401  <<<<<<<<<<<<<<,<  3c3c3c3c3c3c3c3c3c3c3c3c3c3c2c3c
       397  <,<<<<<<<<<<<<<<  3c2c3c3c3c3c3c3c3c3c3c3c3c3c3c3c
       394  <<<<<<<<<<<<<,<<  3c3c3c3c3c3c3c3c3c3c3c3c3c2c3c3c
       391  <<,<<<<<<<<<<<<<  3c3c2c3c3c3c3c3c3c3c3c3c3c3c3c3c
       391  ,<<<<<<<<<<<<<<<  2c3c3c3c3c3c3c3c3c3c3c3c3c3c3c3c
       390  <<<<<,<<<<<<<<<<  3c3c3c3c3c2c3c3c3c3c3c3c3c3c3c3c
# epoch 4200  H=2.0783 C=1.5359 HO=0.5424  A(t)=638
     16736  <<<<<<<<<<<<<<<<  3c3c3c3c3c3c3c3c3c3c3c3c3c3c3c3c
      1492  {{{{{{{{{{{{{{{{  7b7b7b7b7b7b7b7b7b7b7b7b7b7b7b7b
       894  ,,,,,,,,,,,,,,,,  2c2c2c2c2c2c2c2c2c2c2c2c2c2c2c2c
       421  <<<<<<<<<<<<<<<,  3c3c3c3c3c3c3c3c3c3c3c3c3c3c3c2c
       401  <<<<<<<<<<<<<<,<  3c3c3c3c3c3c3c3c3c3c3c3c3c3c2c3c
       398  ,<<<<<<<<<<<<<<<  2c3c3c3c3c3c3c3c3c3c3c3c3c3c3c3c
       386  <,<<<<<<<<<<<<<<  3c2c3c3c3c3c3c3c3c3c3c3c3c3c3c3c
       379  <<<<<<<<<<<<<,<<  3c3c3c3c3c3c3c3c3c3c3c3c3c2c3c3c
       366  <<<<<<<<,<<<<<<<  3c3c3c3c3c3c3c3c2c3c3c3c3c3c3c3c
       365  <<,<<<<<<<<<<<<<  3c3c2c3c3c3c3c3c3c3c3c3c3c3c3c3c
# epoch 4250  H=2.1357 C=1.5728 HO=0.5630  A(t)=640
     15770  <<<<<<<<<<<<<<<<  3c3c3c3c3c3c3c3c3c3c3c3c3c3c3c3c
      1576  {{{{{{{{{{{{{{{{  7b7b7b7b7b7b7b7b7b7b7b7b7b7b7b7b
       881  ,,,,,,,,,,,,,,,,  2c2c2c2c2c2c2c2c2c2c2c2c2c2c2c2c
       431  <<<<<<<<<<<<<<<,  3c3c3c3c3c3c3c3c3c3c3c3c3c3c3c2c
       411  ,<<<<<<<<<<<<<<<  2c3c3c3c3c3c3c3c3c3c3c3c3c3c3c3c
       391  <<<<<<<<<<<<<<,<  3c3c3c3c3c3c3c3c3c3c3c3c3c3c2c3c
       387  <,<<<<<<<<<<<<<<  3c2c3c3c3c3c3c3c3c3c3c3c3c3c3c3c
       375  <<,<<<<<<<<<<<<<  3c3c2c3c3c3c3c3c3c3c3c3c3c3c3c3c
       369  <<<<,<<<<<<<<<<<  3c3c3c3c2c3c3c3c3c3c3c3c3c3c3c3c
       366  <<<,<<<<<<<<<<<<  3c3c3c2c3c3c3c3c3c3c3c3c3c3c3c3c
# epoch 4300  H=2.1217 C=1.5708 HO=0.5509  A(t)=640
     16883  <<<<<<<<<<<<<<<<  3c3c3c3c3c3c3c3c3c3c3c3c3c3c3c3c
      1581  {{{{{{{{{{{{{{{{  7b7b7b7b7b7b7b7b7b7b7b7b7b7b7b7b
       754  ,,,,,,,,,,,,,,,,  2c2c2c2c2c2c2c2c2c2c2c2c2c2c2c2c
       459  <<<<<<<<<<<<<<<,  3c3c3c3c3c3c3c3c3c3c3c3c3c3c3c2c
       449  <<<,<<<<<<<<<<<<  3c3c3c2c3c3c3c3c3c3c3c3c3c3c3c3c
       448  <<,<<<<<<<<<<<<<  3c3c2c3c3c3c3c3c3c3c3c3c3c3c3c3c
       444  <<<<<<<<<<<<<,<<  3c3c3c3c3c3c3c3c3c3c3c3c3c2c3c3c
       441  <,<<<<<<<<<<<<<<  3c2c3c3c3c3c3c3c3c3c3c3c3c3c3c3c
       441  ,<<<<<<<<<<<<<<<  2c3c3c3c3c3c3c3c3c3c3c3c3c3c3c3c
       437  <<<<,<<<<<<<<<<<  3c3c3c3c2c3c3c3c3c3c3c3c3c3c3c3c
# epoch 4350  H=2.0360 C=1.4917 HO=0.5443  A(t)=640
     19621  <<<<<<<<<<<<<<<<  3c3c3c3c3c3c3c3c3c3c3c3c3c3c3c3c
      1587  {{{{{{{{{{{{{{{{  7b7b7b7b7b7b7b7b7b7b7b7b7b7b7b7b
       464  <<<<<<<<<<<<<<<,  3c3c3c3c3c3c3c3c3c3c3c3c3c3c3c2c
       462  ,,,,,,,,,,,,,,,,  2c2c2c2c2c2c2c2c2c2c2c2c2c2c2c2c
       448  ,<<<<<<<<<<<<<<<  2c3c3c3c3c3c3c3c3c3c3c3c3c3c3c3c
       435  <<<<<<<<<<<<<<,<  3c3c3c3c3c3c3c3c3c3c3c3c3c3c2c3c
       435  <<,<<<<<<<<<<<<<  3c3c2c3c3c3c3c3c3c3c3c3c3c3c3c3c
       431  <<<<<<<<<<<<<,<<  3c3c3c3c3c3c3c3c3c3c3c3c3c2c3c3c
       431  <,<<<<<<<<<<<<<<  3c2c3c3c3c3c3c3c3c3c3c3c3c3c3c3c
       430  <<<,<<<<<<<<<<<<  3c3c3c2c3c3c3c3c3c3c3c3c3c3c3c3c
# epoch 4400  H=1.8726 C=1.3925 HO=0.4802  A(t)=644
     19992  <<<<<<<<<<<<<<<<  3c3c3c3c3c3c3c3c3c3c3c3c3c3c3c3c
      1316  {{{{{{{{{{{{{{{{  7b7b7b7b7b7b7b7b7b7b7b7b7b7b7b7b
       576  ,,,,,,,,,,,,,,,,  2c2c2c2c2c2c2c2c2c2c2c2c2c2c2c2c
       437  <<<<<<<<<<<<<<<,  3c3c3c3c3c3c3c3c3c3c3c3c3c3c3c2c
       414  <<<<<<<<<<<<<<,<  3c3c3c3c3c3c3c3c3c3c3c3c3c3c2c3c
       408  <,<<<<<<<<<<<<<<  3c2c3c3c3c3c3c3c3c3c3c3c3c3c3c3c
       408  ,<<<<<<<<<<<<<<<  2c3c3c3c3c3c3c3c3c3c3c3c3c3c3c3c
       403  <<<<<<<<<,<<<<<<  3c3c3c3c3c3c3c3c3c2c3c3c3c3c3c3c
       400  <<<<<<<<<<<<<,<<  3c3c3c3c3c3c3c3c3c3c3c3c3c2c3c3c
       398  <<,<<<<<<<<<<<<<  3c3c2c3c3c3c3c3c3c3c3c3c3c3c3c3c
# epoch 4450  H=1.8835 C=1.3834 HO=0.5001  A(t)=652
     19006  <<<<<<<<<<<<<<<<  3c3c3c3c3c3c3c3c3c3c3c3c3c3c3c3c
      1519  {{{{{{{{{{{{{{{{  7b7b7b7b7b7b7b7b7b7b7b7b7b7b7b7b
       675  ,,,,,,,,,,,,,,,,  2c2c2c2c2c2c2c2c2c2c2c2c2c2c2c2c
       400  <<<<<<<<<<<<<<<,  3c3c3c3c3c3c3c3c3c3c3c3c3c3c3c2c
       390  ,<<<<<<<<<<<<<<<  2c3c3c3c3c3c3c3c3c3c3c3c3c3c3c3c
       388  <,<<<<<<<<<<<<<<  3c2c3c3c3c3c3c3c3c3c3c3c3c3c3c3c
       383  <<<<<<<<<<<<<<,<  3c3c3c3c3c3c3c3c3c3c3c3c3c3c2c3c
       383  <<,<<<<<<<<<<<<<  3c3c2c3c3c3c3c3c3c3c3c3c3c3c3c3c
       371  <<<<<<<<,<<<<<<<  3c3c3c3c3c3c3c3c2c3c3c3c3c3c3c3c
       370  <<<<,<<<<<<<<<<<  3c3c3c3c2c3c3c3c3c3c3c3c3c3c3c3c
# epoch 4500  H=1.9410 C=1.4403 HO=0.5007  A(t)=660
     18305  <<<<<<<<<<<<<<<<  3c3c3c3c3c3c3c3c3c3c3c3c3c3c3c3c
      1544  {{{{{{{{{{{{{{{{  7b7b7b7b7b7b7b7b7b7b7b7b7b7b7b7b
       410  <<<<<<<<<<<<<<<,  3c3c3c3c3c3c3c3c3c3c3c3c3c3c3c2c
       407  ,<<<<<<<<<<<<<<<  2c3c3c3c3c3c3c3c3c3c3c3c3c3c3c3c
       381  <<<<<<<<<<<<<<,<  3c3c3c3c3c3c3c3c3c3c3c3c3c3c2c3c
       381  ,,,,,,,,,,,,,,,,  2c2c2c2c2c2c2c2c2c2c2c2c2c2c2c2c
       372  <,<<<<<<<<<<<<<<  3c2c3c3c3c3c3c3c3c3c3c3c3c3c3c3c
       371  <<<<<<<<<<,<<<<<  3c3c3c3c3c3c3c3c3c3c2c3c3c3c3c3c
       367  <<,<<<<<<<<<<<<<  3c3c2c3c3c3c3c3c3c3c3c3c3c3c3c3c
       365  <<<<<<<<<<<<<,<<  3c3c3c3c3c3c3c3c3c3c3c3c3c2c3c3c
# epoch 4550  H=1.9612 C=1.4486 HO=0.5125  A(t)=661
     18018  <<<<<<<<<<<<<<<<  3c3c3c3c3c3c3c3c3c3c3c3c3c3c3c3c
      1906  {{{{{{{{{{{{{{{{  7b7b7b7b7b7b7b7b7b7b7b7b7b7b7b7b
       853  ,,,,,,,,,,,,,,,,  2c2c2c2c2c2c2c2c2c2c2c2c2c2c2c2c
       420  <<<<<<,<<<<<<<<<  3c3c3c3c3c3c2c3c3c3c3c3c3c3c3c3c
       411  <<<<<<<<<<<<<<<,  3c3c3c3c3c3c3c3c3c3c3c3c3c3c3c2c
       407  <<<<<<<,<<<<<<<<  3c3c3c3c3c3c3c2c3c3c3c3c3c3c3c3c
       405  <<<<<,<<<<<<<<<<  3c3c3c3c3c2c3c3c3c3c3c3c3c3c3c3c
       404  <<<<<<<<,<<<<<<<  3c3c3c3c3c3c3c3c2c3c3c3c3c3c3c3c
       402  <<,<<<<<<<<<<<<<  3c3c2c3c3c3c3c3c3c3c3c3c3c3c3c3c
       401  <<<,<<<<<<<<<<<<  3c3c3c2c3c3c3c3c3c3c3c3c3c3c3c3c
# epoch 4600  H=1.9279 C=1.4532 HO=0.4747  A(t)=661
     18594  <<<<<<<<<<<<<<<<  3c3c3c3c3c3c3c3c3c3c3c3c3c3c3c3c
      2055  {{{{{{{{{{{{{{{{  7b7b7b7b7b7b7b7b7b7b7b7b7b7b7b7b
       536  ,,,,,,,,,,,,,,,,  2c2c2c2c2c2c2c2c2c2c2c2c2c2c2c2c
       415  <<<<<<<<<<<<<<<,  3c3c3c3c3c3c3c3c3c3c3c3c3c3c3c2c
       408  <<<<<<<<<<<<<<,<  3c3c3c3c3c3c3c3c3c3c3c3c3c3c2c3c
       398  <<<,<<<<<<<<<<<<  3c3c3c2c3c3c3c3c3c3c3c3c3c3c3c3c
       397  <<,<<<<<<<<<<<<<  3c3c2c3c3c3c3c3c3c3c3c3c3c3c3c3c
       396  ,<<<<<<<<<<<<<<<  2c3c3c3c3c3c3c3c3c3c3c3c3c3c3c3c
       395  <<<<,<<<<<<<<<<<  3c3c3c3c2c3c3c3c3c3c3c3c3c3c3c3c
       394  <,<<<<<<<<<<<<<<  3c2c3c3c3c3c3c3c3c3c3c3c3c3c3c3c
# epoch 4650  H=1.9927 C=1.5372 HO=0.4555  A(t)=670
     17702  <<<<<<<<<<<<<<<<  3c3c3c3c3c3c3c3c3c3c3c3c3c3c3c3c
      1673  {{{{{{{{{{{{{{{{  7b7b7b7b7b7b7b7b7b7b7b7b7b7b7b7b
       478  <<<<<<<<<<<<<<<,  3c3c3c3c3c3c3c3c3c3c3c3c3c3c3c2c
       468  <,<<<<<<<<<<<<<<  3c2c3c3c3c3c3c3c3c3c3c3c3c3c3c3c
       467  ,<<<<<<<<<<<<<<<  2c3c3c3c3c3c3c3c3c3c3c3c3c3c3c3c
       460  <<<<<<<<<<<<<<,<  3c3c3c3c3c3c3c3c3c3c3c3c3c3c2c3c
       451  <<,<<<<<<<<<<<<<  3c3c2c3c3c3c3c3c3c3c3c3c3c3c3c3c
       435  <<<<<<<<<<<<<,<<  3c3c3c3c3c3c3c3c3c3c3c3c3c2c3c3c
       430  <<<<<<<<<<<<,<<<  3c3c3c3c3c3c3c3c3c3c3c3c2c3c3c3c
       424  <<<,<<<<<<<<<<<<  3c3c3c2c3c3c3c3c3c3c3c3c3c3c3c3c
# epoch 4700  H=1.9465 C=1.5039 HO=0.4426  A(t)=671
     16771  <<<<<<<<<<<<<<<<  3c3c3c3c3c3c3c3c3c3c3c3c3c3c3c3c
      1697  {{{{{{{{{{{{{{{{  7b7b7b7b7b7b7b7b7b7b7b7b7b7b7b7b
       508  ,,,,,,,,,,,,,,,,  2c2c2c2c2c2c2c2c2c2c2c2c2c2c2c2c
       501  <<<<<<<<<<<<<<<,  3c3c3c3c3c3c3c3c3c3c3c3c3c3c3c2c
       475  ,<<<<<<<<<<<<<<<  2c3c3c3c3c3c3c3c3c3c3c3c3c3c3c3c
       468  <<<<<<<<<<<<<<,<  3c3c3c3c3c3c3c3c3c3c3c3c3c3c2c3c
       458  <<<<<<<<<<<<<,<<  3c3c3c3c3c3c3c3c3c3c3c3c3c2c3c3c
       450  <<<<<<<<<<<<,<<<  3c3c3c3c3c3c3c3c3c3c3c3c2c3c3c3c
       450  <,<<<<<<<<<<<<<<  3c2c3c3c3c3c3c3c3c3c3c3c3c3c3c3c
       448  <<<<<<<<<<<,<<<<  3c3c3c3c3c3c3c3c3c3c3c2c3c3c3c3c
# epoch 4750  H=1.8736 C=1.4441 HO=0.4295  A(t)=671
     19602  <<<<<<<<<<<<<<<<  3c3c3c3c3c3c3c3c3c3c3c3c3c3c3c3c
      1219  {{{{{{{{{{{{{{{{  7b7b7b7b7b7b7b7b7b7b7b7b7b7b7b7b
       598  ,,,,,,,,,,,,,,,,  2c2c2c2c2c2c2c2c2c2c2c2c2c2c2c2c
       467  <<<<<<<<<<<<<<<,  3c3c3c3c3c3c3c3c3c3c3c3c3c3c3c2c
       451  ,<<<<<<<<<<<<<<<  2c3c3c3c3c3c3c3c3c3c3c3c3c3c3c3c
       441  <<<<<<<<<<<<<<,<  3c3c3c3c3c3c3c3c3c3c3c3c3c3c2c3c
       437  <,<<<<<<<<<<<<<<  3c2c3c3c3c3c3c3c3c3c3c3c3c3c3c3c
       432  <<,<<<<<<<<<<<<<  3c3c2c3c3c3c3c3c3c3c3c3c3c3c3c3c
       430  <<<<<<<<<<<<<,<<  3c3c3c3c3c3c3c3c3c3c3c3c3c2c3c3c
       423  <<<<<<<<<<<<,<<<  3c3c3c3c3c3c3c3c3c3c3c3c2c3c3c3c
# epoch 4800  H=1.8865 C=1.4237 HO=0.4628  A(t)=671
     19522  <<<<<<<<<<<<<<<<  3c3c3c3c3c3c3c3c3c3c3c3c3c3c3c3c
      1189  {{{{{{{{{{{{{{{{  7b7b7b7b7b7b7b7b7b7b7b7b7b7b7b7b
       967  ,,,,,,,,,,,,,,,,  2c2c2c2c2c2c2c2c2c2c2c2c2c2c2c2c
       460  <<<<<<<<<<<<<<<,  3c3c3c3c3c3c3c3c3c3c3c3c3c3c3c2c
       451  ,<<<<<<<<<<<<<<<  2c3c3c3c3c3c3c3c3c3c3c3c3c3c3c3c
       441  <<<<<<<<<<<<<<,<  3c3c3c3c3c3c3c3c3c3c3c3c3c3c2c3c
       440  <<<<<<<<<,<<<<<<  3c3c3c3c3c3c3c3c3c2c3c3c3c3c3c3c
       435  <<<<<<<<,<<<<<<<  3c3c3c3c3c3c3c3c2c3c3c3c3c3c3c3c
       435  <<<<<<<,<<<<<<<<  3c3c3c3c3c3c3c2c3c3c3c3c3c3c3c3c
       435  <<<<<<,<<<<<<<<<  3c3c3c3c3c3c2c3c3c3c3c3c3c3c3c3c
# epoch 4850  H=1.9276 C=1.4867 HO=0.4409  A(t)=677
     18465  <<<<<<<<<<<<<<<<  3c3c3c3c3c3c3c3c3c3c3c3c3c3c3c3c
      1270  {{{{{{{{{{{{{{{{  7b7b7b7b7b7b7b7b7b7b7b7b7b7b7b7b
       637  ,,,,,,,,,,,,,,,,  2c2c2c2c2c2c2c2c2c2c2c2c2c2c2c2c
       455  <<<<<<<<<<<<<<<,  3c3c3c3c3c3c3c3c3c3c3c3c3c3c3c2c
       443  ,<<<<<<<<<<<<<<<  2c3c3c3c3c3c3c3c3c3c3c3c3c3c3c3c
       430  <,<<<<<<<<<<<<<<  3c2c3c3c3c3c3c3c3c3c3c3c3c3c3c3c
       427  <<<<<<<<<<<<<<,<  3c3c3c3c3c3c3c3c3c3c3c3c3c3c2c3c
       421  <<<<,<<<<<<<<<<<  3c3c3c3c2c3c3c3c3c3c3c3c3c3c3c3c
       419  <<<,<<<<<<<<<<<<  3c3c3c2c3c3c3c3c3c3c3c3c3c3c3c3c
       418  <<<<<<<,<<<<<<<<  3c3c3c3c3c3c3c2c3c3c3c3c3c3c3c3c
# epoch 4900  H=1.8963 C=1.4474 HO=0.4489  A(t)=692
     19623  <<<<<<<<<<<<<<<<  3c3c3c3c3c3c3c3c3c3c3c3c3c3c3c3c
       905  {{{{{{{{{{{{{{{{  7b7b7b7b7b7b7b7b7b7b7b7b7b7b7b7b
       816  ,,,,,,,,,,,,,,,,  2c2c2c2c2c2c2c2c2c2c2c2c2c2c2c2c
       422  <<<<<<<<<<<<<<<,  3c3c3c3c3c3c3c3c3c3c3c3c3c3c3c2c
       411  ,<<<<<<<<<<<<<<<  2c3c3c3c3c3c3c3c3c3c3c3c3c3c3c3c
       403  <<<<<<<<<<<<<<,<  3c3c3c3c3c3c3c3c3c3c3c3c3c3c2c3c
       399  <,<<<<<<<<<<<<<<  3c2c3c3c3c3c3c3c3c3c3c3c3c3c3c3c
       394  <<,<<<<<<<<<<<<<  3c3c2c3c3c3c3c3c3c3c3c3c3c3c3c3c
       387  <<<<<,<<<<<<<<<<  3c3c3c3c3c2c3c3c3c3c3c3c3c3c3c3c
       387  <<<,<<<<<<<<<<<<  3c3c3c2c3c3c3c3c3c3c3c3c3c3c3c3c
# epoch 4950  H=1.8370 C=1.3966 HO=0.4404  A(t)=692
     18370  <<<<<<<<<<<<<<<<  3c3c3c3c3c3c3c3c3c3c3c3c3c3c3c3c
       864  {{{{{{{{{{{{{{{{  7b7b7b7b7b7b7b7b7b7b7b7b7b7b7b7b
       807  ,,,,,,,,,,,,,,,,  2c2c2c2c2c2c2c2c2c2c2c2c2c2c2c2c
       496  <<<<<<<<<<<<<<<,  3c3c3c3c3c3c3c3c3c3c3c3c3c3c3c2c
       481  ,<<<<<<<<<<<<<<<  2c3c3c3c3c3c3c3c3c3c3c3c3c3c3c3c
       475  <<<<<<<<<<<<<<,<  3c3c3c3c3c3c3c3c3c3c3c3c3c3c2c3c
       473  <,<<<<<<<<<<<<<<  3c2c3c3c3c3c3c3c3c3c3c3c3c3c3c3c
       459  <<<<<<<<<<<<<,<<  3c3c3c3c3c3c3c3c3c3c3c3c3c2c3c3c
       455  <<,<<<<<<<<<<<<<  3c3c2c3c3c3c3c3c3c3c3c3c3c3c3c3c
       447  <<<<,<<<<<<<<<<<  3c3c3c3c2c3c3c3c3c3c3c3c3c3c3c3c
# epoch 5000  H=1.8018 C=1.3698 HO=0.4321  A(t)=692
     18380  <<<<<<<<<<<<<<<<  3c3c3c3c3c3c3c3c3c3c3c3c3c3c3c3c
       877  {{{{{{{{{{{{{{{{  7b7b7b7b7b7b7b7b7b7b7b7b7b7b7b7b
       746  ,,,,,,,,,,,,,,,,  2c2c2c2c2c2c2c2c2c2c2c2c2c2c2c2c
       499  <<<<<<<<<<<<<<<,  3c3c3c3c3c3c3c3c3c3c3c3c3c3c3c2c
       493  ,<<<<<<<<<<<<<<<  2c3c3c3c3c3c3c3c3c3c3c3c3c3c3c3c
       477  <,<<<<<<<<<<<<<<  3c2c3c3c3c3c3c3c3c3c3c3c3c3c3c3c
       475  <<<<<<<<<<<<<<,<  3c3c3c3c3c3c3c3c3c3c3c3c3c3c2c3c
       466  <<,<<<<<<<<<<<<<  3c3c2c3c3c3c3c3c3c3c3c3c3c3c3c3c
       462  <<<<<<<<<<<<<,<<  3c3c3c3c3c3c3c3c3c3c3c3c3c2c3c3c
       447  <<<<<<<<<<<<,<<<  3c3c3c3c3c3c3c3c3c3c3c3c2c3c3c3c
# epoch 5050  H=1.8301 C=1.3838 HO=0.4464  A(t)=695
     19216  <<<<<<<<<<<<<<<<  3c3c3c3c3c3c3c3c3c3c3c3c3c3c3c3c
      1146  {{{{{{{{{{{{{{{{  7b7b7b7b7b7b7b7b7b7b7b7b7b7b7b7b
       870  ,,,,,,,,,,,,,,,,  2c2c2c2c2c2c2c2c2c2c2c2c2c2c2c2c
       477  <<<<<<<<<<<<<<<,  3c3c3c3c3c3c3c3c3c3c3c3c3c3c3c2c
       469  <<<<<<<<<<<<<<,<  3c3c3c3c3c3c3c3c3c3c3c3c3c3c2c3c
       464  <<<<<<<<<<<<,<<<  3c3c3c3c3c3c3c3c3c3c3c3c2c3c3c3c
       463  <<<<<<<<<<<<<,<<  3c3c3c3c3c3c3c3c3c3c3c3c3c2c3c3c
       460  ,<<<<<<<<<<<<<<<  2c3c3c3c3c3c3c3c3c3c3c3c3c3c3c3c
       459  <<<<<<<<<<<,<<<<  3c3c3c3c3c3c3c3c3c3c3c2c3c3c3c3c
       454  <<<<<<<<<,<<<<<<  3c3c3c3c3c3c3c3c3c2c3c3c3c3c3c3c
# epoch 5100  H=1.8626 C=1.4558 HO=0.4068  A(t)=704
     18780  <<<<<<<<<<<<<<<<  3c3c3c3c3c3c3c3c3c3c3c3c3c3c3c3c
       917  {{{{{{{{{{{{{{{{  7b7b7b7b7b7b7b7b7b7b7b7b7b7b7b7b
       616  ,,,,,,,,,,,,,,,,  2c2c2c2c2c2c2c2c2c2c2c2c2c2c2c2c
       461  <<<<<<<<<<<<<<<,  3c3c3c3c3c3c3c3c3c3c3c3c3c3c3c2c
       451  <<<<<<<<<<<<<<,<  3c3c3c3c3c3c3c3c3c3c3c3c3c3c2c3c
       451  ,<<<<<<<<<<<<<<<  2c3c3c3c3c3c3c3c3c3c3c3c3c3c3c3c
       448  <,<<<<<<<<<<<<<<  3c2c3c3c3c3c3c3c3c3c3c3c3c3c3c3c
       431  <<,<<<<<<<<<<<<<  3c3c2c3c3c3c3c3c3c3c3c3c3c3c3c3c
       429  <<<<<<<<<<<<<,<<  3c3c3c3c3c3c3c3c3c3c3c3c3c2c3c3c
       428  <<<,<<<<<<<<<<<<  3c3c3c2c3c3c3c3c3c3c3c3c3c3c3c3c
# epoch 5150  H=1.9966 C=1.5468 HO=0.4498  A(t)=713
     17708  <<<<<<<<<<<<<<<<  3c3c3c3c3c3c3c3c3c3c3c3c3c3c3c3c
       728  {{{{{{{{{{{{{{{{  7b7b7b7b7b7b7b7b7b7b7b7b7b7b7b7b
       629  ,,,,,,,,,,,,,,,,  2c2c2c2c2c2c2c2c2c2c2c2c2c2c2c2c
       421  <<<<<<<<<<<<<<<,  3c3c3c3c3c3c3c3c3c3c3c3c3c3c3c2c
       410  <<<<<<<<<<<<<<,<  3c3c3c3c3c3c3c3c3c3c3c3c3c3c2c3c
       408  ,<<<<<<<<<<<<<<<  2c3c3c3c3c3c3c3c3c3c3c3c3c3c3c3c
       400  <<<<<<<<<<<<<,<<  3c3c3c3c3c3c3c3c3c3c3c3c3c2c3c3c
       397  <<<<<<<,<<<<<<<<  3c3c3c3c3c3c3c2c3c3c3c3c3c3c3c3c
       395  <<<<<<<<<<<<,<<<  3c3c3c3c3c3c3c3c3c3c3c3c2c3c3c3c
       395  <<<<<,<<<<<<<<<<  3c3c3c3c3c2c3c3c3c3c3c3c3c3c3c3c
# epoch 5200  H=2.0473 C=1.6260 HO=0.4213  A(t)=722
     15605  <<<<<<<<<<<<<<<<  3c3c3c3c3c3c3c3c3c3c3c3c3c3c3c3c
       933  {{{{{{{{{{{{{{{{  7b7b7b7b7b7b7b7b7b7b7b7b7b7b7b7b
       627  ,,,,,,,,,,,,,,,,  2c2c2c2c2c2c2c2c2c2c2c2c2c2c2c2c
       406  <<<<<<<<<<<<<<<,  3c3c3c3c3c3c3c3c3c3c3c3c3c3c3c2c
       380  ,<<<<<<<<<<<<<<<  2c3c3c3c3c3c3c3c3c3c3c3c3c3c3c3c
       377  <<<<<<<<<<<<<<,<  3c3c3c3c3c3c3c3c3c3c3c3c3c3c2c3c
       367  <,<<<<<<<<<<<<<<  3c2c3c3c3c3c3c3c3c3c3c3c3c3c3c3c
       361  <<<<<<<<<<<<<,<<  3c3c3c3c3c3c3c3c3c3c3c3c3c2c3c3c
       357  <<<<<<<,<<<<<<<<  3c3c3c3c3c3c3c2c3c3c3c3c3c3c3c3c
       355  <<,<<<<<<<<<<<<<  3c3c2c3c3c3c3c3c3c3c3c3c3c3c3c3c
# epoch 5250  H=2.0325 C=1.5770 HO=0.4555  A(t)=728
     17619  <<<<<<<<<<<<<<<<  3c3c3c3c3c3c3c3c3c3c3c3c3c3c3c3c
       741  ,,,,,,,,,,,,,,,,  2c2c2c2c2c2c2c2c2c2c2c2c2c2c2c2c
       740  {{{{{{{{{{{{{{{{  7b7b7b7b7b7b7b7b7b7b7b7b7b7b7b7b
       419  <<<<<<<<<<<<<<<,  3c3c3c3c3c3c3c3c3c3c3c3c3c3c3c2c
       402  ,<<<<<<<<<<<<<<<  2c3c3c3c3c3c3c3c3c3c3c3c3c3c3c3c
       401  <<<<<<<<<<<<<<,<  3c3c3c3c3c3c3c3c3c3c3c3c3c3c2c3c
       389  <<<<<<<<<<<<<,<<  3c3c3c3c3c3c3c3c3c3c3c3c3c2c3c3c
       381  <,<<<<<<<<<<<<<<  3c2c3c3c3c3c3c3c3c3c3c3c3c3c3c3c
       374  <<<<<<<<<<<<,<<<  3c3c3c3c3c3c3c3c3c3c3c3c2c3c3c3c
       368  <<,<<<<<<<<<<<<<  3c3c2c3c3c3c3c3c3c3c3c3c3c3c3c3c
# epoch 5300  H=2.1152 C=1.6895 HO=0.4257  A(t)=731
     15236  <<<<<<<<<<<<<<<<  3c3c3c3c3c3c3c3c3c3c3c3c3c3c3c3c
       718  ,,,,,,,,,,,,,,,,  2c2c2c2c2c2c2c2c2c2c2c2c2c2c2c2c
       544  {{{{{{{{{{{{{{{{  7b7b7b7b7b7b7b7b7b7b7b7b7b7b7b7b
       383  <<<<<<<<<<<<<<<,  3c3c3c3c3c3c3c3c3c3c3c3c3c3c3c2c
       363  <<<<<<<<<<<<<<,<  3c3c3c3c3c3c3c3c3c3c3c3c3c3c2c3c
       363  ,<<<<<<<<<<<<<<<  2c3c3c3c3c3c3c3c3c3c3c3c3c3c3c3c
       358  <<<<<<<,<<<<<<<<  3c3c3c3c3c3c3c2c3c3c3c3c3c3c3c3c
       354  <<<<<<<<<<<<<,<<  3c3c3c3c3c3c3c3c3c3c3c3c3c2c3c3c
       354  <<<<<<<<<<<<,<<<  3c3c3c3c3c3c3c3c3c3c3c3c2c3c3c3c
       353  <,<<<<<<<<<<<<<<  3c2c3c3c3c3c3c3c3c3c3c3c3c3c3c3c
# epoch 5350  H=2.0595 C=1.6219 HO=0.4375  A(t)=739
     14940  <<<<<<<<<<<<<<<<  3c3c3c3c3c3c3c3c3c3c3c3c3c3c3c3c
       757  {{{{{{{{{{{{{{{{  7b7b7b7b7b7b7b7b7b7b7b7b7b7b7b7b
       712  ,,,,,,,,,,,,,,,,  2c2c2c2c2c2c2c2c2c2c2c2c2c2c2c2c
       422  <<<<<<<<<<<<<<<,  3c3c3c3c3c3c3c3c3c3c3c3c3c3c3c2c
       397  ,<<<<<<<<<<<<<<<  2c3c3c3c3c3c3c3c3c3c3c3c3c3c3c3c
       386  <<<<<<<<<<<<<<,<  3c3c3c3c3c3c3c3c3c3c3c3c3c3c2c3c
       373  <<<<<<<<<<<<<,<<  3c3c3c3c3c3c3c3c3c3c3c3c3c2c3c3c
       373  <,<<<<<<<<<<<<<<  3c2c3c3c3c3c3c3c3c3c3c3c3c3c3c3c
       371  <<<<<<<<,<<<<<<<  3c3c3c3c3c3c3c3c2c3c3c3c3c3c3c3c
       371  <<<<<<<,<<<<<<<<  3c3c3c3c3c3c3c2c3c3c3c3c3c3c3c3c
# epoch 5400  H=1.9182 C=1.4718 HO=0.4464  A(t)=742
     16098  <<<<<<<<<<<<<<<<  3c3c3c3c3c3c3c3c3c3c3c3c3c3c3c3c
      1117  {{{{{{{{{{{{{{{{  7b7b7b7b7b7b7b7b7b7b7b7b7b7b7b7b
       514  ,,,,,,,,,,,,,,,,  2c2c2c2c2c2c2c2c2c2c2c2c2c2c2c2c
       448  <<<<<<<<<<<<<<<,  3c3c3c3c3c3c3c3c3c3c3c3c3c3c3c2c
       429  ,<<<<<<<<<<<<<<<  2c3c3c3c3c3c3c3c3c3c3c3c3c3c3c3c
       416  <<<<<<<<<<<<<<,<  3c3c3c3c3c3c3c3c3c3c3c3c3c3c2c3c
       400  <,<<<<<<<<<<<<<<  3c2c3c3c3c3c3c3c3c3c3c3c3c3c3c3c
       392  <<<<<<<<<<<<<,<<  3c3c3c3c3c3c3c3c3c3c3c3c3c2c3c3c
       382  <<,<<<<<<<<<<<<<  3c3c2c3c3c3c3c3c3c3c3c3c3c3c3c3c
       373  <<<<<<<<<<<<,<<<  3c3c3c3c3c3c3c3c3c3c3c3c2c3c3c3c
# epoch 5450  H=1.8493 C=1.4122 HO=0.4371  A(t)=756
     17388  <<<<<<<<<<<<<<<<  3c3c3c3c3c3c3c3c3c3c3c3c3c3c3c3c
      1317  {{{{{{{{{{{{{{{{  7b7b7b7b7b7b7b7b7b7b7b7b7b7b7b7b
       660  ,,,,,,,,,,,,,,,,  2c2c2c2c2c2c2c2c2c2c2c2c2c2c2c2c
       435  <<<<<<<<<<<<<<<,  3c3c3c3c3c3c3c3c3c3c3c3c3c3c3c2c
       417  <<<<<<<<<<<<<<,<  3c3c3c3c3c3c3c3c3c3c3c3c3c3c2c3c
       409  ,<<<<<<<<<<<<<<<  2c3c3c3c3c3c3c3c3c3c3c3c3c3c3c3c
       398  <<<<<<<<<<<<<,<<  3c3c3c3c3c3c3c3c3c3c3c3c3c2c3c3c
       395  <,<<<<<<<<<<<<<<  3c2c3c3c3c3c3c3c3c3c3c3c3c3c3c3c
       394  <<,<<<<<<<<<<<<<  3c3c2c3c3c3c3c3c3c3c3c3c3c3c3c3c
       381  <<<<<,<<<<<<<<<<  3c3c3c3c3c2c3c3c3c3c3c3c3c3c3c3c
# epoch 5500  H=1.9656 C=1.5203 HO=0.4453  A(t)=763
     15439  <<<<<<<<<<<<<<<<  3c3c3c3c3c3c3c3c3c3c3c3c3c3c3c3c
       917  {{{{{{{{{{{{{{{{  7b7b7b7b7b7b7b7b7b7b7b7b7b7b7b7b
       824  ,,,,,,,,,,,,,,,,  2c2c2c2c2c2c2c2c2c2c2c2c2c2c2c2c
       424  <<<<<<<<<<<<<<<,  3c3c3c3c3c3c3c3c3c3c3c3c3c3c3c2c
       413  <<<<<<<,<<<<<<<<  3c3c3c3c3c3c3c2c3c3c3c3c3c3c3c3c
       412  <<<<<<,<<<<<<<<<  3c3c3c3c3c3c2c3c3c3c3c3c3c3c3c3c
       409  <<<<<<<<,<<<<<<<  3c3c3c3c3c3c3c3c2c3c3c3c3c3c3c3c
       408  <<<<<<<<<<<<<<,<  3c3c3c3c3c3c3c3c3c3c3c3c3c3c2c3c
       404  ,<<<<<<<<<<<<<<<  2c3c3c3c3c3c3c3c3c3c3c3c3c3c3c3c
       401  <<<<<,<<<<<<<<<<  3c3c3c3c3c2c3c3c3c3c3c3c3c3c3c3c
# epoch 5550  H=1.9016 C=1.4928 HO=0.4088  A(t)=766
     17457  <<<<<<<<<<<<<<<<  3c3c3c3c3c3c3c3c3c3c3c3c3c3c3c3c
       817  {{{{{{{{{{{{{{{{  7b7b7b7b7b7b7b7b7b7b7b7b7b7b7b7b
       461  <<<<<<<<<<<<<<<,  3c3c3c3c3c3c3c3c3c3c3c3c3c3c3c2c
       444  ,<<<<<<<<<<<<<<<  2c3c3c3c3c3c3c3c3c3c3c3c3c3c3c3c
       427  <<<<<<<<<<<<<<,<  3c3c3c3c3c3c3c3c3c3c3c3c3c3c2c3c
       425  <,<<<<<<<<<<<<<<  3c2c3c3c3c3c3c3c3c3c3c3c3c3c3c3c
       418  <<,<<<<<<<<<<<<<  3c3c2c3c3c3c3c3c3c3c3c3c3c3c3c3c
       409  <<<<<<<,<<<<<<<<  3c3c3c3c3c3c3c2c3c3c3c3c3c3c3c3c
       408  <<<<<<<<<,<<<<<<  3c3c3c3c3c3c3c3c3c2c3c3c3c3c3c3c
       407  <<<<<<<<,<<<<<<<  3c3c3c3c3c3c3c3c2c3c3c3c3c3c3c3c
# epoch 5600  H=1.7584 C=1.3950 HO=0.3634  A(t)=768
     19056  <<<<<<<<<<<<<<<<  3c3c3c3c3c3c3c3c3c3c3c3c3c3c3c3c
       795  {{{{{{{{{{{{{{{{  7b7b7b7b7b7b7b7b7b7b7b7b7b7b7b7b
       607  ,,,,,,,,,,,,,,,,  2c2c2c2c2c2c2c2c2c2c2c2c2c2c2c2c
       446  <<<<<<<<<<<<<<<,  3c3c3c3c3c3c3c3c3c3c3c3c3c3c3c2c
       430  <<<<<<<<<<<<<<,<  3c3c3c3c3c3c3c3c3c3c3c3c3c3c2c3c
       429  ,<<<<<<<<<<<<<<<  2c3c3c3c3c3c3c3c3c3c3c3c3c3c3c3c
       424  <,<<<<<<<<<<<<<<  3c2c3c3c3c3c3c3c3c3c3c3c3c3c3c3c
       416  <<<<<<<<<<<<<,<<  3c3c3c3c3c3c3c3c3c3c3c3c3c2c3c3c
       416  <<,<<<<<<<<<<<<<  3c3c2c3c3c3c3c3c3c3c3c3c3c3c3c3c
       405  <<<,<<<<<<<<<<<<  3c3c3c2c3c3c3c3c3c3c3c3c3c3c3c3c
# epoch 5650  H=1.8113 C=1.4142 HO=0.3971  A(t)=777
     19230  <<<<<<<<<<<<<<<<  3c3c3c3c3c3c3c3c3c3c3c3c3c3c3c3c
       588  {{{{{{{{{{{{{{{{  7b7b7b7b7b7b7b7b7b7b7b7b7b7b7b7b
       442  <<<<<<<<<<<<<<<,  3c3c3c3c3c3c3c3c3c3c3c3c3c3c3c2c
       439  <<<<<<<<<<<<<<,<  3c3c3c3c3c3c3c3c3c3c3c3c3c3c2c3c
       417  <<<<<<<<<<<<<,<<  3c3c3c3c3c3c3c3c3c3c3c3c3c2c3c3c
       417  <,<<<<<<<<<<<<<<  3c2c3c3c3c3c3c3c3c3c3c3c3c3c3c3c
       415  ,<<<<<<<<<<<<<<<  2c3c3c3c3c3c3c3c3c3c3c3c3c3c3c3c
       402  <<,<<<<<<<<<<<<<  3c3c2c3c3c3c3c3c3c3c3c3c3c3c3c3c
       396  <<<<<<<<<<<<,<<<  3c3c3c3c3c3c3c3c3c3c3c3c2c3c3c3c
       394  <<<,<<<<<<<<<<<<  3c3c3c2c3c3c3c3c3c3c3c3c3c3c3c3c
# epoch 5700  H=1.8059 C=1.4075 HO=0.3985  A(t)=785
     18429  <<<<<<<<<<<<<<<<  3c3c3c3c3c3c3c3c3c3c3c3c3c3c3c3c
       841  {{{{{{{{{{{{{{{{  7b7b7b7b7b7b7b7b7b7b7b7b7b7b7b7b
       566  ,,,,,,,,,,,,,,,,  2c2c2c2c2c2c2c2c2c2c2c2c2c2c2c2c
       455  <<<<<<<<<<<<<<<,  3c3c3c3c3c3c3c3c3c3c3c3c3c3c3c2c
       440  <<<<<<<<<<<<<<,<  3c3c3c3c3c3c3c3c3c3c3c3c3c3c2c3c
       437  ,<<<<<<<<<<<<<<<  2c3c3c3c3c3c3c3c3c3c3c3c3c3c3c3c
       430  <,<<<<<<<<<<<<<<  3c2c3c3c3c3c3c3c3c3c3c3c3c3c3c3c
       422  <<<<<<<<<<<<<,<<  3c3c3c3c3c3c3c3c3c3c3c3c3c2c3c3c
       420  <<,<<<<<<<<<<<<<  3c3c2c3c3c3c3c3c3c3c3c3c3c3c3c3c
       409  <<<,<<<<<<<<<<<<  3c3c3c2c3c3c3c3c3c3c3c3c3c3c3c3c
# epoch 5750  H=1.7607 C=1.4202 HO=0.3405  A(t)=800
     19120  <<<<<<<<<<<<<<<<  3c3c3c3c3c3c3c3c3c3c3c3c3c3c3c3c
       871  {{{{{{{{{{{{{{{{  7b7b7b7b7b7b7b7b7b7b7b7b7b7b7b7b
       457  <<<<<<<<<<<<<<<,  3c3c3c3c3c3c3c3c3c3c3c3c3c3c3c2c
       439  ,<<<<<<<<<<<<<<<  2c3c3c3c3c3c3c3c3c3c3c3c3c3c3c3c
       429  <<<<<<<<<<<<<<,<  3c3c3c3c3c3c3c3c3c3c3c3c3c3c2c3c
       414  <,<<<<<<<<<<<<<<  3c2c3c3c3c3c3c3c3c3c3c3c3c3c3c3c
       411  <<<<<<<<<<<<,<<<  3c3c3c3c3c3c3c3c3c3c3c3c2c3c3c3c
       408  <<<<<<<<<<<<<,<<  3c3c3c3c3c3c3c3c3c3c3c3c3c2c3c3c
       402  <<,<<<<<<<<<<<<<  3c3c2c3c3c3c3c3c3c3c3c3c3c3c3c3c
       400  ,,,,,,,,,,,,,,,,  2c2c2c2c2c2c2c2c2c2c2c2c2c2c2c2c
# epoch 5800  H=1.7834 C=1.4188 HO=0.3645  A(t)=810
     19667  <<<<<<<<<<<<<<<<  3c3c3c3c3c3c3c3c3c3c3c3c3c3c3c3c
       826  {{{{{{{{{{{{{{{{  7b7b7b7b7b7b7b7b7b7b7b7b7b7b7b7b
       501  ,,,,,,,,,,,,,,,,  2c2c2c2c2c2c2c2c2c2c2c2c2c2c2c2c
       450  <<<<<<<<<<<<<<<,  3c3c3c3c3c3c3c3c3c3c3c3c3c3c3c2c
       424  ,<<<<<<<<<<<<<<<  2c3c3c3c3c3c3c3c3c3c3c3c3c3c3c3c
       420  <<<<<<<<<<<<<<,<  3c3c3c3c3c3c3c3c3c3c3c3c3c3c2c3c
       413  <<<<<<<<<<<<<,<<  3c3c3c3c3c3c3c3c3c3c3c3c3c2c3c3c
       413  <<,<<<<<<<<<<<<<  3c3c2c3c3c3c3c3c3c3c3c3c3c3c3c3c
       411  <,<<<<<<<<<<<<<<  3c2c3c3c3c3c3c3c3c3c3c3c3c3c3c3c
       404  <<<,<<<<<<<<<<<<  3c3c3c2c3c3c3c3c3c3c3c3c3c3c3c3c
# epoch 5850  H=1.7842 C=1.4313 HO=0.3530  A(t)=811
     19825  <<<<<<<<<<<<<<<<  3c3c3c3c3c3c3c3c3c3c3c3c3c3c3c3c
       657  {{{{{{{{{{{{{{{{  7b7b7b7b7b7b7b7b7b7b7b7b7b7b7b7b
       438  ,,,,,,,,,,,,,,,,  2c2c2c2c2c2c2c2c2c2c2c2c2c2c2c2c
       437  <<<<<<<,<<<<<<<<  3c3c3c3c3c3c3c2c3c3c3c3c3c3c3c3c
       436  <<<<<<,<<<<<<<<<  3c3c3c3c3c3c2c3c3c3c3c3c3c3c3c3c
       435  <<<<<<<<,<<<<<<<  3c3c3c3c3c3c3c3c2c3c3c3c3c3c3c3c
       435  <<<<<,<<<<<<<<<<  3c3c3c3c3c2c3c3c3c3c3c3c3c3c3c3c
       428  <<<<<<<<<<<<<<<,  3c3c3c3c3c3c3c3c3c3c3c3c3c3c3c2c
       428  <<<<<<<<<,<<<<<<  3c3c3c3c3c3c3c3c3c2c3c3c3c3c3c3c
       424  <<<<<<<<<<,<<<<<  3c3c3c3c3c3c3c3c3c3c2c3c3c3c3c3c
# epoch 5900  H=1.7882 C=1.4236 HO=0.3646  A(t)=818
     18749  <<<<<<<<<<<<<<<<  3c3c3c3c3c3c3c3c3c3c3c3c3c3c3c3c
       915  {{{{{{{{{{{{{{{{  7b7b7b7b7b7b7b7b7b7b7b7b7b7b7b7b
       463  <<<<<<<<<<<<<<<,  3c3c3c3c3c3c3c3c3c3c3c3c3c3c3c2c
       448  <<<<<<<<<<<<<<,<  3c3c3c3c3c3c3c3c3c3c3c3c3c3c2c3c
       446  ,<<<<<<<<<<<<<<<  2c3c3c3c3c3c3c3c3c3c3c3c3c3c3c3c
       441  <<<<<<<<<<<<<,<<  3c3c3c3c3c3c3c3c3c3c3c3c3c2c3c3c
       435  <,<<<<<<<<<<<<<<  3c2c3c3c3c3c3c3c3c3c3c3c3c3c3c3c
       430  <<<<<<<<<<<<,<<<  3c3c3c3c3c3c3c3c3c3c3c3c2c3c3c3c
       428  <<,<<<<<<<<<<<<<  3c3c2c3c3c3c3c3c3c3c3c3c3c3c3c3c
       423  <<<<<<<<<<,<<<<<  3c3c3c3c3c3c3c3c3c3c2c3c3c3c3c3c
# epoch 5950  H=1.8263 C=1.4803 HO=0.3459  A(t)=822
     18583  <<<<<<<<<<<<<<<<  3c3c3c3c3c3c3c3c3c3c3c3c3c3c3c3c
       933  {{{{{{{{{{{{{{{{  7b7b7b7b7b7b7b7b7b7b7b7b7b7b7b7b
       391  ,,,,,,,,,,,,,,,,  2c2c2c2c2c2c2c2c2c2c2c2c2c2c2c2c
       386  <<<<<<<<<<<,<<<<  3c3c3c3c3c3c3c3c3c3c3c2c3c3c3c3c
       385  <<<<<<<<<<,<<<<<  3c3c3c3c3c3c3c3c3c3c2c3c3c3c3c3c
       385  <<<<<<,<<<<<<<<<  3c3c3c3c3c3c2c3c3c3c3c3c3c3c3c3c
       385  <<,<<<<<<<<<<<<<  3c3c2c3c3c3c3c3c3c3c3c3c3c3c3c3c
       383  <<<<<<<<<<<<<<<,  3c3c3c3c3c3c3c3c3c3c3c3c3c3c3c2c
       381  <<<<<<<<<<<<<<,<  3c3c3c3c3c3c3c3c3c3c3c3c3c3c2c3c
       381  <<<<<<<<<<<<<,<<  3c3c3c3c3c3c3c3c3c3c3c3c3c2c3c3c
# epoch 6000  H=1.8284 C=1.5190 HO=0.3093  A(t)=822
     18793  <<<<<<<<<<<<<<<<  3c3c3c3c3c3c3c3c3c3c3c3c3c3c3c3c
       620  {{{{{{{{{{{{{{{{  7b7b7b7b7b7b7b7b7b7b7b7b7b7b7b7b
       415  <<<<<<<<<<<<<<<,  3c3c3c3c3c3c3c3c3c3c3c3c3c3c3c2c
       410  ,<<<<<<<<<<<<<<<  2c3c3c3c3c3c3c3c3c3c3c3c3c3c3c3c
       396  <<,<<<<<<<<<<<<<  3c3c2c3c3c3c3c3c3c3c3c3c3c3c3c3c
       395  <<<,<<<<<<<<<<<<  3c3c3c2c3c3c3c3c3c3c3c3c3c3c3c3c
       393  ,,,,,,,,,,,,,,,,  2c2c2c2c2c2c2c2c2c2c2c2c2c2c2c2c
       391  <<<<<<<<<<<<<<,<  3c3c3c3c3c3c3c3c3c3c3c3c3c3c2c3c
       391  <<<<,<<<<<<<<<<<  3c3c3c3c2c3c3c3c3c3c3c3c3c3c3c3c
       391  <,<<<<<<<<<<<<<<  3c2c3c3c3c3c3c3c3c3c3c3c3c3c3c3c
# epoch 6050  H=1.8210 C=1.5151 HO=0.3059  A(t)=837
     18834  <<<<<<<<<<<<<<<<  3c3c3c3c3c3c3c3c3c3c3c3c3c3c3c3c
       571  ,,,,,,,,,,,,,,,,  2c2c2c2c2c2c2c2c2c2c2c2c2c2c2c2c
       416  <<<<<<<<<<<<<<<,  3c3c3c3c3c3c3c3c3c3c3c3c3c3c3c2c
       407  ,<<<<<<<<<<<<<<<  2c3c3c3c3c3c3c3c3c3c3c3c3c3c3c3c
       397  <<<<<<<<<<<<<<,<  3c3c3c3c3c3c3c3c3c3c3c3c3c3c2c3c
       394  {{{{{{{{{{{{{{{{  7b7b7b7b7b7b7b7b7b7b7b7b7b7b7b7b
       390  <,<<<<<<<<<<<<<<  3c2c3c3c3c3c3c3c3c3c3c3c3c3c3c3c
       388  <<<<<<<<<<<<<,<<  3c3c3c3c3c3c3c3c3c3c3c3c3c2c3c3c
       380  <<,<<<<<<<<<<<<<  3c3c2c3c3c3c3c3c3c3c3c3c3c3c3c3c
       379  <<<<<<<<<,<<<<<<  3c3c3c3c3c3c3c3c3c2c3c3c3c3c3c3c
# epoch 6100  H=1.7186 C=1.4187 HO=0.2999  A(t)=839
     18340  <<<<<<<<<<<<<<<<  3c3c3c3c3c3c3c3c3c3c3c3c3c3c3c3c
      1018  {{{{{{{{{{{{{{{{  7b7b7b7b7b7b7b7b7b7b7b7b7b7b7b7b
       565  ,,,,,,,,,,,,,,,,  2c2c2c2c2c2c2c2c2c2c2c2c2c2c2c2c
       460  <<<<<<<<<<<<<<<,  3c3c3c3c3c3c3c3c3c3c3c3c3c3c3c2c
       434  <<<<<<<<<<<<<<,<  3c3c3c3c3c3c3c3c3c3c3c3c3c3c2c3c
       428  ,<<<<<<<<<<<<<<<  2c3c3c3c3c3c3c3c3c3c3c3c3c3c3c3c
       421  <<,<<<<<<<<<<<<<  3c3c2c3c3c3c3c3c3c3c3c3c3c3c3c3c
       414  <,<<<<<<<<<<<<<<  3c2c3c3c3c3c3c3c3c3c3c3c3c3c3c3c
       409  <<<<<<<<<<<<<,<<  3c3c3c3c3c3c3c3c3c3c3c3c3c2c3c3c
       400  <<<,<<<<<<<<<<<<  3c3c3c2c3c3c3c3c3c3c3c3c3c3c3c3c
# epoch 6150  H=1.6191 C=1.3066 HO=0.3125  A(t)=846
     19438  <<<<<<<<<<<<<<<<  3c3c3c3c3c3c3c3c3c3c3c3c3c3c3c3c
      1030  {{{{{{{{{{{{{{{{  7b7b7b7b7b7b7b7b7b7b7b7b7b7b7b7b
       552  ,,,,,,,,,,,,,,,,  2c2c2c2c2c2c2c2c2c2c2c2c2c2c2c2c
       441  <<<<<<<<<<<<<<<,  3c3c3c3c3c3c3c3c3c3c3c3c3c3c3c2c
       428  ,<<<<<<<<<<<<<<<  2c3c3c3c3c3c3c3c3c3c3c3c3c3c3c3c
       424  <<<<<<<<<<<<<<,<  3c3c3c3c3c3c3c3c3c3c3c3c3c3c2c3c
       424  <<<<<<<<<<<,<<<<  3c3c3c3c3c3c3c3c3c3c3c2c3c3c3c3c
       417  <<<<<<<<<<<<,<<<  3c3c3c3c3c3c3c3c3c3c3c3c2c3c3c3c
       415  <<<<<<<<<<<<<,<<  3c3c3c3c3c3c3c3c3c3c3c3c3c2c3c3c
       413  <,<<<<<<<<<<<<<<  3c2c3c3c3c3c3c3c3c3c3c3c3c3c3c3c
# epoch 6200  H=1.5694 C=1.2661 HO=0.3033  A(t)=846
     20001  <<<<<<<<<<<<<<<<  3c3c3c3c3c3c3c3c3c3c3c3c3c3c3c3c
      1196  {{{{{{{{{{{{{{{{  7b7b7b7b7b7b7b7b7b7b7b7b7b7b7b7b
       691  ,,,,,,,,,,,,,,,,  2c2c2c2c2c2c2c2c2c2c2c2c2c2c2c2c
       447  <<<<<<<<<<<<<<<,  3c3c3c3c3c3c3c3c3c3c3c3c3c3c3c2c
       436  <<<<<<<<<<<<<<,<  3c3c3c3c3c3c3c3c3c3c3c3c3c3c2c3c
       427  ,<<<<<<<<<<<<<<<  2c3c3c3c3c3c3c3c3c3c3c3c3c3c3c3c
       422  <<<<<<<<,<<<<<<<  3c3c3c3c3c3c3c3c2c3c3c3c3c3c3c3c
       419  <<<<<<<<<<<<<,<<  3c3c3c3c3c3c3c3c3c3c3c3c3c2c3c3c
       419  <,<<<<<<<<<<<<<<  3c2c3c3c3c3c3c3c3c3c3c3c3c3c3c3c
       417  <<,<<<<<<<<<<<<<  3c3c2c3c3c3c3c3c3c3c3c3c3c3c3c3c
# epoch 6250  H=1.5200 C=1.2855 HO=0.2344  A(t)=847
     19474  <<<<<<<<<<<<<<<<  3c3c3c3c3c3c3c3c3c3c3c3c3c3c3c3c
      1118  {{{{{{{{{{{{{{{{  7b7b7b7b7b7b7b7b7b7b7b7b7b7b7b7b
       468  <<<<<<<<<<<<<<<,  3c3c3c3c3c3c3c3c3c3c3c3c3c3c3c2c
       453  ,<<<<<<<<<<<<<<<  2c3c3c3c3c3c3c3c3c3c3c3c3c3c3c3c
       446  <<<<<<<<<<<<<<,<  3c3c3c3c3c3c3c3c3c3c3c3c3c3c2c3c
       442  <,<<<<<<<<<<<<<<  3c2c3c3c3c3c3c3c3c3c3c3c3c3c3c3c
       429  <<,<<<<<<<<<<<<<  3c3c2c3c3c3c3c3c3c3c3c3c3c3c3c3c
       427  <<<<<<<<<<<<<,<<  3c3c3c3c3c3c3c3c3c3c3c3c3c2c3c3c
       426  <<<<,<<<<<<<<<<<  3c3c3c3c2c3c3c3c3c3c3c3c3c3c3c3c
       424  <<<,<<<<<<<<<<<<  3c3c3c2c3c3c3c3c3c3c3c3c3c3c3c3c
# epoch 6300  H=1.4668 C=1.2216 HO=0.2452  A(t)=864
     20982  <<<<<<<<<<<<<<<<  3c3c3c3c3c3c3c3c3c3c3c3c3c3c3c3c
      1102  {{{{{{{{{{{{{{{{  7b7b7b7b7b7b7b7b7b7b7b7b7b7b7b7b
       479  <<<<<<<<<<<<<<<,  3c3c3c3c3c3c3c3c3c3c3c3c3c3c3c2c
       468  <<<<<<,<<<<<<<<<  3c3c3c3c3c3c2c3c3c3c3c3c3c3c3c3c
       464  <<<<<<<,<<<<<<<<  3c3c3c3c3c3c3c2c3c3c3c3c3c3c3c3c
       464  <<<<<,<<<<<<<<<<  3c3c3c3c3c2c3c3c3c3c3c3c3c3c3c3c
       464  <<<<,<<<<<<<<<<<  3c3c3c3c2c3c3c3c3c3c3c3c3c3c3c3c
       461  <<<<<<<<<<<<<<,<  3c3c3c3c3c3c3c3c3c3c3c3c3c3c2c3c
       457  <<<<<<<<,<<<<<<<  3c3c3c3c3c3c3c3c2c3c3c3c3c3c3c3c
       457  <<,<<<<<<<<<<<<<  3c3c2c3c3c3c3c3c3c3c3c3c3c3c3c3c
# epoch 6350  H=1.4772 C=1.2369 HO=0.2403  A(t)=874
     19624  <<<<<<<<<<<<<<<<  3c3c3c3c3c3c3c3c3c3c3c3c3c3c3c3c
       849  {{{{{{{{{{{{{{{{  7b7b7b7b7b7b7b7b7b7b7b7b7b7b7b7b
       627  ,,,,,,,,,,,,,,,,  2c2c2c2c2c2c2c2c2c2c2c2c2c2c2c2c
       453  <<<<<<<<<<<<<<<,  3c3c3c3c3c3c3c3c3c3c3c3c3c3c3c2c
       447  <<<<<<<<<<<<<<,<  3c3c3c3c3c3c3c3c3c3c3c3c3c3c2c3c
       436  <,<<<<<<<<<<<<<<  3c2c3c3c3c3c3c3c3c3c3c3c3c3c3c3c
       433  <<<<<<<<<<<<,<<<  3c3c3c3c3c3c3c3c3c3c3c3c2c3c3c3c
       432  <<<<<<<<<<<,<<<<  3c3c3c3c3c3c3c3c3c3c3c2c3c3c3c3c
       432  ,<<<<<<<<<<<<<<<  2c3c3c3c3c3c3c3c3c3c3c3c3c3c3c3c
       428  <<<<,<<<<<<<<<<<  3c3c3c3c2c3c3c3c3c3c3c3c3c3c3c3c
# epoch 6400  H=1.4690 C=1.2627 HO=0.2063  A(t)=875
     19474  <<<<<<<<<<<<<<<<  3c3c3c3c3c3c3c3c3c3c3c3c3c3c3c3c
       855  {{{{{{{{{{{{{{{{  7b7b7b7b7b7b7b7b7b7b7b7b7b7b7b7b
       473  <<<<<<<<<<<<<<<,  3c3c3c3c3c3c3c3c3c3c3c3c3c3c3c2c
       459  <<,<<<<<<<<<<<<<  3c3c2c3c3c3c3c3c3c3c3c3c3c3c3c3c
       459  <,<<<<<<<<<<<<<<  3c2c3c3c3c3c3c3c3c3c3c3c3c3c3c3c
       458  <<<<<<<<<<<<<<,<  3c3c3c3c3c3c3c3c3c3c3c3c3c3c2c3c
       456  <<<,<<<<<<<<<<<<  3c3c3c2c3c3c3c3c3c3c3c3c3c3c3c3c
       451  ,<<<<<<<<<<<<<<<  2c3c3c3c3c3c3c3c3c3c3c3c3c3c3c3c
       448  <<<<,<<<<<<<<<<<  3c3c3c3c2c3c3c3c3c3c3c3c3c3c3c3c
       446  <<<<<<<<<<<<<,<<  3c3c3c3c3c3c3c3c3c3c3c3c3c2c3c3c
# epoch 6450  H=1.5531 C=1.3248 HO=0.2282  A(t)=878
     18988  <<<<<<<<<<<<<<<<  3c3c3c3c3c3c3c3c3c3c3c3c3c3c3c3c
       783  {{{{{{{{{{{{{{{{  7b7b7b7b7b7b7b7b7b7b7b7b7b7b7b7b
       461  ,,,,,,,,,,,,,,,,  2c2c2c2c2c2c2c2c2c2c2c2c2c2c2c2c
       432  <<<<<<<<<<<<<<<,  3c3c3c3c3c3c3c3c3c3c3c3c3c3c3c2c
       428  ,<<<<<<<<<<<<<<<  2c3c3c3c3c3c3c3c3c3c3c3c3c3c3c3c
       422  <<<<<<,<<<<<<<<<  3c3c3c3c3c3c2c3c3c3c3c3c3c3c3c3c
       422  <<<<<,<<<<<<<<<<  3c3c3c3c3c2c3c3c3c3c3c3c3c3c3c3c
       419  <<<<<<<<<<<<<<,<  3c3c3c3c3c3c3c3c3c3c3c3c3c3c2c3c
       419  <<<,<<<<<<<<<<<<  3c3c3c2c3c3c3c3c3c3c3c3c3c3c3c3c
       418  <,<<<<<<<<<<<<<<  3c2c3c3c3c3c3c3c3c3c3c3c3c3c3c3c
# epoch 6500  H=1.4998 C=1.3002 HO=0.1996  A(t)=882
     19166  <<<<<<<<<<<<<<<<  3c3c3c3c3c3c3c3c3c3c3c3c3c3c3c3c
       593  {{{{{{{{{{{{{{{{  7b7b7b7b7b7b7b7b7b7b7b7b7b7b7b7b
       566  ,,,,,,,,,,,,,,,,  2c2c2c2c2c2c2c2c2c2c2c2c2c2c2c2c
       456  <<<<<<<<<<<<<<<,  3c3c3c3c3c3c3c3c3c3c3c3c3c3c3c2c
       448  ,<<<<<<<<<<<<<<<  2c3c3c3c3c3c3c3c3c3c3c3c3c3c3c3c
       436  <<<<<<<<<<<<<,<<  3c3c3c3c3c3c3c3c3c3c3c3c3c2c3c3c
       434  <<<<<<<<<<<<<<,<  3c3c3c3c3c3c3c3c3c3c3c3c3c3c2c3c
       429  <<<<<<<<<<<<,<<<  3c3c3c3c3c3c3c3c3c3c3c3c2c3c3c3c
       428  <,<<<<<<<<<<<<<<  3c2c3c3c3c3c3c3c3c3c3c3c3c3c3c3c
       424  <<,<<<<<<<<<<<<<  3c3c2c3c3c3c3c3c3c3c3c3c3c3c3c3c
# epoch 6550  H=1.4881 C=1.2642 HO=0.2239  A(t)=883
     19696  <<<<<<<<<<<<<<<<  3c3c3c3c3c3c3c3c3c3c3c3c3c3c3c3c
       724  ,,,,,,,,,,,,,,,,  2c2c2c2c2c2c2c2c2c2c2c2c2c2c2c2c
       523  <<<<<<<<<<<<<<<,  3c3c3c3c3c3c3c3c3c3c3c3c3c3c3c2c
       505  ,<<<<<<<<<<<<<<<  2c3c3c3c3c3c3c3c3c3c3c3c3c3c3c3c
       503  <<<<<<<<<<<<<<,<  3c3c3c3c3c3c3c3c3c3c3c3c3c3c2c3c
       498  <,<<<<<<<<<<<<<<  3c2c3c3c3c3c3c3c3c3c3c3c3c3c3c3c
       481  <<<<<<<<<<<<<,<<  3c3c3c3c3c3c3c3c3c3c3c3c3c2c3c3c
       474  <<,<<<<<<<<<<<<<  3c3c2c3c3c3c3c3c3c3c3c3c3c3c3c3c
       473  <<<<<<<<<<<<,<<<  3c3c3c3c3c3c3c3c3c3c3c3c2c3c3c3c
       465  <<<<<<<<<<<,<<<<  3c3c3c3c3c3c3c3c3c3c3c2c3c3c3c3c
# epoch 6600  H=1.4608 C=1.2245 HO=0.2363  A(t)=884
     20352  <<<<<<<<<<<<<<<<  3c3c3c3c3c3c3c3c3c3c3c3c3c3c3c3c
       557  <<<<<<<<<<<<<<<,  3c3c3c3c3c3c3c3c3c3c3c3c3c3c3c2c
       536  <<<<<<<<<<<<<<,<  3c3c3c3c3c3c3c3c3c3c3c3c3c3c2c3c
       530  ,<<<<<<<<<<<<<<<  2c3c3c3c3c3c3c3c3c3c3c3c3c3c3c3c
       524  <,<<<<<<<<<<<<<<  3c2c3c3c3c3c3c3c3c3c3c3c3c3c3c3c
       511  <<<<<<<<<<<<<,<<  3c3c3c3c3c3c3c3c3c3c3c3c3c2c3c3c
       506  <<,<<<<<<<<<<<<<  3c3c2c3c3c3c3c3c3c3c3c3c3c3c3c3c
       496  <<<,<<<<<<<<<<<<  3c3c3c2c3c3c3c3c3c3c3c3c3c3c3c3c
       493  <<<<,<<<<<<<<<<<  3c3c3c3c2c3c3c3c3c3c3c3c3c3c3c3c
       487  <<<<<<<<<<<<,<<<  3c3c3c3c3c3c3c3c3c3c3c3c2c3c3c3c
# epoch 6650  H=1.4403 C=1.1793 HO=0.2609  A(t)=887
     21023  <<<<<<<<<<<<<<<<  3c3c3c3c3c3c3c3c3c3c3c3c3c3c3c3c
       536  <<<<<<<<<<<<<<<,  3c3c3c3c3c3c3c3c3c3c3c3c3c3c3c2c
       525  ,<<<<<<<<<<<<<<<  2c3c3c3c3c3c3c3c3c3c3c3c3c3c3c3c
       513  <<<<<<<<<<<<<<,<  3c3c3c3c3c3c3c3c3c3c3c3c3c3c2c3c
       506  {{{{{{{{{{{{{{{{  7b7b7b7b7b7b7b7b7b7b7b7b7b7b7b7b
       504  <,<<<<<<<<<<<<<<  3c2c3c3c3c3c3c3c3c3c3c3c3c3c3c3c
       500  ,,,,,,,,,,,,,,,,  2c2c2c2c2c2c2c2c2c2c2c2c2c2c2c2c
       498  <<,<<<<<<<<<<<<<  3c3c2c3c3c3c3c3c3c3c3c3c3c3c3c3c
       493  <<<<<<<<<<<<<,<<  3c3c3c3c3c3c3c3c3c3c3c3c3c2c3c3c
       489  <<<<<<<<<<<,<<<<  3c3c3c3c3c3c3c3c3c3c3c2c3c3c3c3c
# epoch 6700  H=1.4578 C=1.1967 HO=0.2611  A(t)=896
     19934  <<<<<<<<<<<<<<<<  3c3c3c3c3c3c3c3c3c3c3c3c3c3c3c3c
       828  {{{{{{{{{{{{{{{{  7b7b7b7b7b7b7b7b7b7b7b7b7b7b7b7b
       488  <<<<<<<<<<<<<<<,  3c3c3c3c3c3c3c3c3c3c3c3c3c3c3c2c
       473  ,,,,,,,,,,,,,,,,  2c2c2c2c2c2c2c2c2c2c2c2c2c2c2c2c
       472  ,<<<<<<<<<<<<<<<  2c3c3c3c3c3c3c3c3c3c3c3c3c3c3c3c
       453  <<<<<<<<<<<<<<,<  3c3c3c3c3c3c3c3c3c3c3c3c3c3c2c3c
       449  <,<<<<<<<<<<<<<<  3c2c3c3c3c3c3c3c3c3c3c3c3c3c3c3c
       444  <<<<<<<<<<<<<,<<  3c3c3c3c3c3c3c3c3c3c3c3c3c2c3c3c
       444  <<,<<<<<<<<<<<<<  3c3c2c3c3c3c3c3c3c3c3c3c3c3c3c3c
       434  <<<<<<<,<<<<<<<<  3c3c3c3c3c3c3c2c3c3c3c3c3c3c3c3c
# epoch 6750  H=1.3871 C=1.1554 HO=0.2318  A(t)=899
     20015  <<<<<<<<<<<<<<<<  3c3c3c3c3c3c3c3c3c3c3c3c3c3c3c3c
      1113  {{{{{{{{{{{{{{{{  7b7b7b7b7b7b7b7b7b7b7b7b7b7b7b7b
       495  <<<<<<<<<<<<<<<,  3c3c3c3c3c3c3c3c3c3c3c3c3c3c3c2c
       492  ,,,,,,,,,,,,,,,,  2c2c2c2c2c2c2c2c2c2c2c2c2c2c2c2c
       482  <<<<<<<<<<<<<<,<  3c3c3c3c3c3c3c3c3c3c3c3c3c3c2c3c
       468  ,<<<<<<<<<<<<<<<  2c3c3c3c3c3c3c3c3c3c3c3c3c3c3c3c
       465  <,<<<<<<<<<<<<<<  3c2c3c3c3c3c3c3c3c3c3c3c3c3c3c3c
       459  <<<<<<<<<<<<<,<<  3c3c3c3c3c3c3c3c3c3c3c3c3c2c3c3c
       456  <<<<<<<<<<<,<<<<  3c3c3c3c3c3c3c3c3c3c3c2c3c3c3c3c
       453  <<<<<<<<<<<<,<<<  3c3c3c3c3c3c3c3c3c3c3c3c2c3c3c3c
# epoch 6800  H=1.4854 C=1.2234 HO=0.2620  A(t)=900
     18800  <<<<<<<<<<<<<<<<  3c3c3c3c3c3c3c3c3c3c3c3c3c3c3c3c
      1028  {{{{{{{{{{{{{{{{  7b7b7b7b7b7b7b7b7b7b7b7b7b7b7b7b
       550  ,,,,,,,,,,,,,,,,  2c2c2c2c2c2c2c2c2c2c2c2c2c2c2c2c
       479  <<<<<<<<<<<<<<<,  3c3c3c3c3c3c3c3c3c3c3c3c3c3c3c2c
       477  <<,<<<<<<<<<<<<<  3c3c2c3c3c3c3c3c3c3c3c3c3c3c3c3c
       472  <,<<<<<<<<<<<<<<  3c2c3c3c3c3c3c3c3c3c3c3c3c3c3c3c
       470  <<<<<<<<<<<<<<,<  3c3c3c3c3c3c3c3c3c3c3c3c3c3c2c3c
       470  <<<,<<<<<<<<<<<<  3c3c3c2c3c3c3c3c3c3c3c3c3c3c3c3c
       470  ,<<<<<<<<<<<<<<<  2c3c3c3c3c3c3c3c3c3c3c3c3c3c3c3c
       468  <<<<<<,<<<<<<<<<  3c3c3c3c3c3c2c3c3c3c3c3c3c3c3c3c
# epoch 6850  H=1.4890 C=1.1995 HO=0.2895  A(t)=900
     19325  <<<<<<<<<<<<<<<<  3c3c3c3c3c3c3c3c3c3c3c3c3c3c3c3c
       867  {{{{{{{{{{{{{{{{  7b7b7b7b7b7b7b7b7b7b7b7b7b7b7b7b
       789  ,,,,,,,,,,,,,,,,  2c2c2c2c2c2c2c2c2c2c2c2c2c2c2c2c
       514  <<<<<<<<<<<<<<<,  3c3c3c3c3c3c3c3c3c3c3c3c3c3c3c2c
       499  ,<<<<<<<<<<<<<<<  2c3c3c3c3c3c3c3c3c3c3c3c3c3c3c3c
       487  <<<<<<<<<<<<<<,<  3c3c3c3c3c3c3c3c3c3c3c3c3c3c2c3c
       482  <,<<<<<<<<<<<<<<  3c2c3c3c3c3c3c3c3c3c3c3c3c3c3c3c
       465  <<,<<<<<<<<<<<<<  3c3c2c3c3c3c3c3c3c3c3c3c3c3c3c3c
       462  <<<<<<<<<<<<<,<<  3c3c3c3c3c3c3c3c3c3c3c3c3c2c3c3c
       457  <<<,<<<<<<<<<<<<  3c3c3c2c3c3c3c3c3c3c3c3c3c3c3c3c
# epoch 6900  H=1.3943 C=1.1160 HO=0.2783  A(t)=909
     22319  <<<<<<<<<<<<<<<<  3c3c3c3c3c3c3c3c3c3c3c3c3c3c3c3c
      1176  {{{{{{{{{{{{{{{{  7b7b7b7b7b7b7b7b7b7b7b7b7b7b7b7b
       527  ,<<<<<<<<<<<<<<<  2c3c3c3c3c3c3c3c3c3c3c3c3c3c3c3c
       526  <<<<<<<<<<<<<<<,  3c3c3c3c3c3c3c3c3c3c3c3c3c3c3c2c
       507  <<<<,<<<<<<<<<<<  3c3c3c3c2c3c3c3c3c3c3c3c3c3c3c3c
       506  <<<<<,<<<<<<<<<<  3c3c3c3c3c2c3c3c3c3c3c3c3c3c3c3c
       502  <,<<<<<<<<<<<<<<  3c2c3c3c3c3c3c3c3c3c3c3c3c3c3c3c
       501  <<<<<<<<<<<<<<,<  3c3c3c3c3c3c3c3c3c3c3c3c3c3c2c3c
       499  <<,<<<<<<<<<<<<<  3c3c2c3c3c3c3c3c3c3c3c3c3c3c3c3c
       495  <<<<<<,<<<<<<<<<  3c3c3c3c3c3c2c3c3c3c3c3c3c3c3c3c
# epoch 6950  H=1.4242 C=1.1123 HO=0.3119  A(t)=916
     22605  <<<<<<<<<<<<<<<<  3c3c3c3c3c3c3c3c3c3c3c3c3c3c3c3c
       993  {{{{{{{{{{{{{{{{  7b7b7b7b7b7b7b7b7b7b7b7b7b7b7b7b
       498  <<<<<<<<<<<<<<<,  3c3c3c3c3c3c3c3c3c3c3c3c3c3c3c2c
       480  <<<<<<<<<<<<<<,<  3c3c3c3c3c3c3c3c3c3c3c3c3c3c2c3c
       474  <<<<<<<<<<<<<,<<  3c3c3c3c3c3c3c3c3c3c3c3c3c2c3c3c
       470  <<<<<<<<<<,<<<<<  3c3c3c3c3c3c3c3c3c3c2c3c3c3c3c3c
       469  ,<<<<<<<<<<<<<<<  2c3c3c3c3c3c3c3c3c3c3c3c3c3c3c3c
       468  ,,,,,,,,,,,,,,,,  2c2c2c2c2c2c2c2c2c2c2c2c2c2c2c2c
       465  <<<<<<<<,<<<<<<<  3c3c3c3c3c3c3c3c2c3c3c3c3c3c3c3c
       464  <<<<<<<<<<<<,<<<  3c3c3c3c3c3c3c3c3c3c3c3c2c3c3c3c
# epoch 7000  H=1.5403 C=1.2153 HO=0.3250  A(t)=917
     20224  <<<<<<<<<<<<<<<<  3c3c3c3c3c3c3c3c3c3c3c3c3c3c3c3c
      1039  {{{{{{{{{{{{{{{{  7b7b7b7b7b7b7b7b7b7b7b7b7b7b7b7b
       444  <<<<<<<<<<,<<<<<  3c3c3c3c3c3c3c3c3c3c2c3c3c3c3c3c
       443  <<<<<<<<<<<<,<<<  3c3c3c3c3c3c3c3c3c3c3c3c2c3c3c3c
       441  <<<<<<<<<<<<<<<,  3c3c3c3c3c3c3c3c3c3c3c3c3c3c3c2c
       434  <<<<<<<<<,<<<<<<  3c3c3c3c3c3c3c3c3c2c3c3c3c3c3c3c
       430  <<<<<<<<<<<<<<,<  3c3c3c3c3c3c3c3c3c3c3c3c3c3c2c3c
       429  <<<<<<<<<<<,<<<<  3c3c3c3c3c3c3c3c3c3c3c2c3c3c3c3c
       428  ,<<<<<<<<<<<<<<<  2c3c3c3c3c3c3c3c3c3c3c3c3c3c3c3c
       426  <<<<<<<<,<<<<<<<  3c3c3c3c3c3c3c3c2c3c3c3c3c3c3c3c
# epoch 7050  H=1.4955 C=1.1356 HO=0.3599  A(t)=923
     20353  <<<<<<<<<<<<<<<<  3c3c3c3c3c3c3c3c3c3c3c3c3c3c3c3c
      1395  {{{{{{{{{{{{{{{{  7b7b7b7b7b7b7b7b7b7b7b7b7b7b7b7b
       954  ,,,,,,,,,,,,,,,,  2c2c2c2c2c2c2c2c2c2c2c2c2c2c2c2c
       477  <<<<<<<<<<<<<<<,  3c3c3c3c3c3c3c3c3c3c3c3c3c3c3c2c
       470  ,<<<<<<<<<<<<<<<  2c3c3c3c3c3c3c3c3c3c3c3c3c3c3c3c
       469  <<<<<,<<<<<<<<<<  3c3c3c3c3c2c3c3c3c3c3c3c3c3c3c3c
       465  <<<<<<,<<<<<<<<<  3c3c3c3c3c3c2c3c3c3c3c3c3c3c3c3c
       462  <<<<<<<,<<<<<<<<  3c3c3c3c3c3c3c2c3c3c3c3c3c3c3c3c
       458  <<<<<<<<,<<<<<<<  3c3c3c3c3c3c3c3c2c3c3c3c3c3c3c3c
       455  <,<<<<<<<<<<<<<<  3c2c3c3c3c3c3c3c3c3c3c3c3c3c3c3c
# epoch 7100  H=1.4473 C=1.1285 HO=0.3188  A(t)=930
     19957  <<<<<<<<<<<<<<<<  3c3c3c3c3c3c3c3c3c3c3c3c3c3c3c3c
       863  ,,,,,,,,,,,,,,,,  2c2c2c2c2c2c2c2c2c2c2c2c2c2c2c2c
       821  {{{{{{{{{{{{{{{{  7b7b7b7b7b7b7b7b7b7b7b7b7b7b7b7b
       482  <<<<<<<<<<<<<<<,  3c3c3c3c3c3c3c3c3c3c3c3c3c3c3c2c
       467  ,<<<<<<<<<<<<<<<  2c3c3c3c3c3c3c3c3c3c3c3c3c3c3c3c
       463  <<<<<<<<<<<<<<,<  3c3c3c3c3c3c3c3c3c3c3c3c3c3c2c3c
       462  <,<<<<<<<<<<<<<<  3c2c3c3c3c3c3c3c3c3c3c3c3c3c3c3c
       454  <<,<<<<<<<<<<<<<  3c3c2c3c3c3c3c3c3c3c3c3c3c3c3c3c
       448  <<<<<<,<<<<<<<<<  3c3c3c3c3c3c2c3c3c3c3c3c3c3c3c3c
       442  <<<<<<<<<<<<<,<<  3c3c3c3c3c3c3c3c3c3c3c3c3c2c3c3c
# epoch 7150  H=1.3481 C=1.0808 HO=0.2673  A(t)=932
     21125  <<<<<<<<<<<<<<<<  3c3c3c3c3c3c3c3c3c3c3c3c3c3c3c3c
      1010  {{{{{{{{{{{{{{{{  7b7b7b7b7b7b7b7b7b7b7b7b7b7b7b7b
       601  ,,,,,,,,,,,,,,,,  2c2c2c2c2c2c2c2c2c2c2c2c2c2c2c2c
       574  <<<<<<<<<<<<<<<,  3c3c3c3c3c3c3c3c3c3c3c3c3c3c3c2c
       566  ,<<<<<<<<<<<<<<<  2c3c3c3c3c3c3c3c3c3c3c3c3c3c3c3c
       554  <,<<<<<<<<<<<<<<  3c2c3c3c3c3c3c3c3c3c3c3c3c3c3c3c
       544  <<,<<<<<<<<<<<<<  3c3c2c3c3c3c3c3c3c3c3c3c3c3c3c3c
       541  <<<<<<<<<<<<<<,<  3c3c3c3c3c3c3c3c3c3c3c3c3c3c2c3c
       525  <<<,<<<<<<<<<<<<  3c3c3c2c3c3c3c3c3c3c3c3c3c3c3c3c
       522  <<<<<<<<<<<<<,<<  3c3c3c3c3c3c3c3c3c3c3c3c3c2c3c3c
# epoch 7200  H=1.4837 C=1.2045 HO=0.2793  A(t)=943
     20477  <<<<<<<<<<<<<<<<  3c3c3c3c3c3c3c3c3c3c3c3c3c3c3c3c
      1061  {{{{{{{{{{{{{{{{  7b7b7b7b7b7b7b7b7b7b7b7b7b7b7b7b
       662  ,,,,,,,,,,,,,,,,  2c2c2c2c2c2c2c2c2c2c2c2c2c2c2c2c
       517  <<<<<<<<<<<<<<<,  3c3c3c3c3c3c3c3c3c3c3c3c3c3c3c2c
       491  ,<<<<<<<<<<<<<<<  2c3c3c3c3c3c3c3c3c3c3c3c3c3c3c3c
       487  <<<<<<<<<<<<<<,<  3c3c3c3c3c3c3c3c3c3c3c3c3c3c2c3c
       474  <<<<<<<,<<<<<<<<  3c3c3c3c3c3c3c2c3c3c3c3c3c3c3c3c
       474  <,<<<<<<<<<<<<<<  3c2c3c3c3c3c3c3c3c3c3c3c3c3c3c3c
       469  <<<<<<<<<<<<<,<<  3c3c3c3c3c3c3c3c3c3c3c3c3c2c3c3c
       468  <<,<<<<<<<<<<<<<  3c3c2c3c3c3c3c3c3c3c3c3c3c3c3c3c
# epoch 7250  H=1.4035 C=1.1702 HO=0.2333  A(t)=944
     21222  <<<<<<<<<<<<<<<<  3c3c3c3c3c3c3c3c3c3c3c3c3c3c3c3c
       942  {{{{{{{{{{{{{{{{  7b7b7b7b7b7b7b7b7b7b7b7b7b7b7b7b
       510  ,<<<<<<<<<<<<<<<  2c3c3c3c3c3c3c3c3c3c3c3c3c3c3c3c
       507  <<<<<<<<<<<<<<<,  3c3c3c3c3c3c3c3c3c3c3c3c3c3c3c2c
       505  ,,,,,,,,,,,,,,,,  2c2c2c2c2c2c2c2c2c2c2c2c2c2c2c2c
       492  <<<<<<<<<<<<<<,<  3c3c3c3c3c3c3c3c3c3c3c3c3c3c2c3c
       485  <,<<<<<<<<<<<<<<  3c2c3c3c3c3c3c3c3c3c3c3c3c3c3c3c
       484  <<,<<<<<<<<<<<<<  3c3c2c3c3c3c3c3c3c3c3c3c3c3c3c3c
       477  <<<<<<<<<<<<<,<<  3c3c3c3c3c3c3c3c3c3c3c3c3c2c3c3c
       477  <<<,<<<<<<<<<<<<  3c3c3c2c3c3c3c3c3c3c3c3c3c3c3c3c
# epoch 7300  H=1.3620 C=1.1486 HO=0.2134  A(t)=951
     20908  <<<<<<<<<<<<<<<<  3c3c3c3c3c3c3c3c3c3c3c3c3c3c3c3c
       948  {{{{{{{{{{{{{{{{  7b7b7b7b7b7b7b7b7b7b7b7b7b7b7b7b
       535  ,,,,,,,,,,,,,,,,  2c2c2c2c2c2c2c2c2c2c2c2c2c2c2c2c
       504  <<<<<<<<<<<<<<<,  3c3c3c3c3c3c3c3c3c3c3c3c3c3c3c2c
       491  <<,<<<<<<<<<<<<<  3c3c2c3c3c3c3c3c3c3c3c3c3c3c3c3c
       489  ,<<<<<<<<<<<<<<<  2c3c3c3c3c3c3c3c3c3c3c3c3c3c3c3c
       487  <<<<<<<<<<<<<<,<  3c3c3c3c3c3c3c3c3c3c3c3c3c3c2c3c
       486  <<<<,<<<<<<<<<<<  3c3c3c3c2c3c3c3c3c3c3c3c3c3c3c3c
       485  <,<<<<<<<<<<<<<<  3c2c3c3c3c3c3c3c3c3c3c3c3c3c3c3c
       484  <<<<<,<<<<<<<<<<  3c3c3c3c3c2c3c3c3c3c3c3c3c3c3c3c
# epoch 7350  H=1.3934 C=1.1780 HO=0.2154  A(t)=951
     20020  <<<<<<<<<<<<<<<<  3c3c3c3c3c3c3c3c3c3c3c3c3c3c3c3c
       832  {{{{{{{{{{{{{{{{  7b7b7b7b7b7b7b7b7b7b7b7b7b7b7b7b
       488  <<<<<<<<<<<<<<<,  3c3c3c3c3c3c3c3c3c3c3c3c3c3c3c2c
       488  ,<<<<<<<<<<<<<<<  2c3c3c3c3c3c3c3c3c3c3c3c3c3c3c3c
       475  <,<<<<<<<<<<<<<<  3c2c3c3c3c3c3c3c3c3c3c3c3c3c3c3c
       463  <<,<<<<<<<<<<<<<  3c3c2c3c3c3c3c3c3c3c3c3c3c3c3c3c
       462  <<<<<<<<<<<<<<,<  3c3c3c3c3c3c3c3c3c3c3c3c3c3c2c3c
       454  <<<<,<<<<<<<<<<<  3c3c3c3c2c3c3c3c3c3c3c3c3c3c3c3c
       454  <<<,<<<<<<<<<<<<  3c3c3c2c3c3c3c3c3c3c3c3c3c3c3c3c
       444  <<<<<<,<<<<<<<<<  3c3c3c3c3c3c2c3c3c3c3c3c3c3c3c3c
# epoch 7400  H=1.3963 C=1.1631 HO=0.2332  A(t)=959
     20639  <<<<<<<<<<<<<<<<  3c3c3c3c3c3c3c3c3c3c3c3c3c3c3c3c
       985  {{{{{{{{{{{{{{{{  7b7b7b7b7b7b7b7b7b7b7b7b7b7b7b7b
       553  <<<<<<<<<<<<<<<,  3c3c3c3c3c3c3c3c3c3c3c3c3c3c3c2c
       536  <<<<<<<<<<<<<<,<  3c3c3c3c3c3c3c3c3c3c3c3c3c3c2c3c
       531  <<<<<<<<<<<<<,<<  3c3c3c3c3c3c3c3c3c3c3c3c3c2c3c3c
       527  ,<<<<<<<<<<<<<<<  2c3c3c3c3c3c3c3c3c3c3c3c3c3c3c3c
       524  <<<<<<<<<<,<<<<<  3c3c3c3c3c3c3c3c3c3c2c3c3c3c3c3c
       522  <<<<<<<<<,<<<<<<  3c3c3c3c3c3c3c3c3c2c3c3c3c3c3c3c
       517  <<<<<<<<,<<<<<<<  3c3c3c3c3c3c3c3c2c3c3c3c3c3c3c3c
       517  <<,<<<<<<<<<<<<<  3c3c2c3c3c3c3c3c3c3c3c3c3c3c3c3c
# epoch 7450  H=1.4084 C=1.1450 HO=0.2634  A(t)=959
     20907  <<<<<<<<<<<<<<<<  3c3c3c3c3c3c3c3c3c3c3c3c3c3c3c3c
       919  {{{{{{{{{{{{{{{{  7b7b7b7b7b7b7b7b7b7b7b7b7b7b7b7b
       555  ,,,,,,,,,,,,,,,,  2c2c2c2c2c2c2c2c2c2c2c2c2c2c2c2c
       519  <<<<<<<<<<<<<<<,  3c3c3c3c3c3c3c3c3c3c3c3c3c3c3c2c
       494  <<<<<<<<<<<<<<,<  3c3c3c3c3c3c3c3c3c3c3c3c3c3c2c3c
       493  ,<<<<<<<<<<<<<<<  2c3c3c3c3c3c3c3c3c3c3c3c3c3c3c3c
       492  <,<<<<<<<<<<<<<<  3c2c3c3c3c3c3c3c3c3c3c3c3c3c3c3c
       491  <<<<<<<<<<<<<,<<  3c3c3c3c3c3c3c3c3c3c3c3c3c2c3c3c
       481  <<<<,<<<<<<<<<<<  3c3c3c3c2c3c3c3c3c3c3c3c3c3c3c3c
       476  <<<,<<<<<<<<<<<<  3c3c3c2c3c3c3c3c3c3c3c3c3c3c3c3c
# epoch 7500  H=1.4104 C=1.1511 HO=0.2592  A(t)=963
     21441  <<<<<<<<<<<<<<<<  3c3c3c3c3c3c3c3c3c3c3c3c3c3c3c3c
       865  {{{{{{{{{{{{{{{{  7b7b7b7b7b7b7b7b7b7b7b7b7b7b7b7b
       638  ,,,,,,,,,,,,,,,,  2c2c2c2c2c2c2c2c2c2c2c2c2c2c2c2c
       492  <<<<<<<<<<<<<<<,  3c3c3c3c3c3c3c3c3c3c3c3c3c3c3c2c
       465  <<<<<<<<<<<<<<,<  3c3c3c3c3c3c3c3c3c3c3c3c3c3c2c3c
       457  ,<<<<<<<<<<<<<<<  2c3c3c3c3c3c3c3c3c3c3c3c3c3c3c3c
       450  <<<<<<<<<<<<<,<<  3c3c3c3c3c3c3c3c3c3c3c3c3c2c3c3c
       450  <,<<<<<<<<<<<<<<  3c2c3c3c3c3c3c3c3c3c3c3c3c3c3c3c
       445  <<<<<<<<<<<<,<<<  3c3c3c3c3c3c3c3c3c3c3c3c2c3c3c3c
       442  <<<<<<<<<<,<<<<<  3c3c3c3c3c3c3c3c3c3c2c3c3c3c3c3c
# epoch 7550  H=1.4418 C=1.2054 HO=0.2363  A(t)=969
     21237  <<<<<<<<<<<<<<<<  3c3c3c3c3c3c3c3c3c3c3c3c3c3c3c3c
       564  {{{{{{{{{{{{{{{{  7b7b7b7b7b7b7b7b7b7b7b7b7b7b7b7b
       492  <<<<<<<<<<<<<<<,  3c3c3c3c3c3c3c3c3c3c3c3c3c3c3c2c
       487  ,<<<<<<<<<<<<<<<  2c3c3c3c3c3c3c3c3c3c3c3c3c3c3c3c
       483  <,<<<<<<<<<<<<<<  3c2c3c3c3c3c3c3c3c3c3c3c3c3c3c3c
       479  <<<<<<<<<<<<<<,<  3c3c3c3c3c3c3c3c3c3c3c3c3c3c2c3c
       474  <<,<<<<<<<<<<<<<  3c3c2c3c3c3c3c3c3c3c3c3c3c3c3c3c
       466  <<<,<<<<<<<<<<<<  3c3c3c2c3c3c3c3c3c3c3c3c3c3c3c3c
       457  <<<<,<<<<<<<<<<<  3c3c3c3c2c3c3c3c3c3c3c3c3c3c3c3c
       451  <<<<<<<<<<<<<,<<  3c3c3c3c3c3c3c3c3c3c3c3c3c2c3c3c
# epoch 7600  H=1.4904 C=1.2445 HO=0.2459  A(t)=971
     21211  <<<<<<<<<<<<<<<<  3c3c3c3c3c3c3c3c3c3c3c3c3c3c3c3c
       797  ,,,,,,,,,,,,,,,,  2c2c2c2c2c2c2c2c2c2c2c2c2c2c2c2c
       476  <<<<<<<<<<<<<<<,  3c3c3c3c3c3c3c3c3c3c3c3c3c3c3c2c
       472  {{{{{{{{{{{{{{{{  7b7b7b7b7b7b7b7b7b7b7b7b7b7b7b7b
       467  ,<<<<<<<<<<<<<<<  2c3c3c3c3c3c3c3c3c3c3c3c3c3c3c3c
       458  <<<<<,<<<<<<<<<<  3c3c3c3c3c2c3c3c3c3c3c3c3c3c3c3c
       457  <<<<,<<<<<<<<<<<  3c3c3c3c2c3c3c3c3c3c3c3c3c3c3c3c
       455  <<<<<<<<<<<<<<,<  3c3c3c3c3c3c3c3c3c3c3c3c3c3c2c3c
       453  <,<<<<<<<<<<<<<<  3c2c3c3c3c3c3c3c3c3c3c3c3c3c3c3c
       451  <<<,<<<<<<<<<<<<  3c3c3c2c3c3c3c3c3c3c3c3c3c3c3c3c
# epoch 7650  H=1.4601 C=1.2620 HO=0.1982  A(t)=982
     20747  <<<<<<<<<<<<<<<<  3c3c3c3c3c3c3c3c3c3c3c3c3c3c3c3c
       509  <<<<<<<<<<<<<<<,  3c3c3c3c3c3c3c3c3c3c3c3c3c3c3c2c
       503  ,<<<<<<<<<<<<<<<  2c3c3c3c3c3c3c3c3c3c3c3c3c3c3c3c
       474  <<<<<<<<<<<<<<,<  3c3c3c3c3c3c3c3c3c3c3c3c3c3c2c3c
       468  <,<<<<<<<<<<<<<<  3c2c3c3c3c3c3c3c3c3c3c3c3c3c3c3c
       458  <<<<<<<<<<<<<,<<  3c3c3c3c3c3c3c3c3c3c3c3c3c2c3c3c
       456  <<,<<<<<<<<<<<<<  3c3c2c3c3c3c3c3c3c3c3c3c3c3c3c3c
       450  <<<,<<<<<<<<<<<<  3c3c3c2c3c3c3c3c3c3c3c3c3c3c3c3c
       447  <<<<<<,<<<<<<<<<  3c3c3c3c3c3c2c3c3c3c3c3c3c3c3c3c
       445  <<<<<<<<<<<<,<<<  3c3c3c3c3c3c3c3c3c3c3c3c2c3c3c3c
# epoch 7700  H=1.5461 C=1.3243 HO=0.2218  A(t)=987
     19510  <<<<<<<<<<<<<<<<  3c3c3c3c3c3c3c3c3c3c3c3c3c3c3c3c
       675  ,,,,,,,,,,,,,,,,  2c2c2c2c2c2c2c2c2c2c2c2c2c2c2c2c
       422  <<<<<<<<<<<<<<<,  3c3c3c3c3c3c3c3c3c3c3c3c3c3c3c2c
       414  ,<<<<<<<<<<<<<<<  2c3c3c3c3c3c3c3c3c3c3c3c3c3c3c3c
       405  <<<<<<<<,<<<<<<<  3c3c3c3c3c3c3c3c2c3c3c3c3c3c3c3c
       401  <<<<<,<<<<<<<<<<  3c3c3c3c3c2c3c3c3c3c3c3c3c3c3c3c
       400  <<<<,<<<<<<<<<<<  3c3c3c3c2c3c3c3c3c3c3c3c3c3c3c3c
       398  <<<<<<<,<<<<<<<<  3c3c3c3c3c3c3c2c3c3c3c3c3c3c3c3c
       397  <<<<<<<<<,<<<<<<  3c3c3c3c3c3c3c3c3c2c3c3c3c3c3c3c
       395  <<<<<<,<<<<<<<<<  3c3c3c3c3c3c2c3c3c3c3c3c3c3c3c3c
# epoch 7750  H=1.6179 C=1.3901 HO=0.2278  A(t)=990
     17960  <<<<<<<<<<<<<<<<  3c3c3c3c3c3c3c3c3c3c3c3c3c3c3c3c
       745  ,,,,,,,,,,,,,,,,  2c2c2c2c2c2c2c2c2c2c2c2c2c2c2c2c
       446  <<<<<<<<<<<<<<<,  3c3c3c3c3c3c3c3c3c3c3c3c3c3c3c2c
       431  ,<<<<<<<<<<<<<<<  2c3c3c3c3c3c3c3c3c3c3c3c3c3c3c3c
       429  <,<<<<<<<<<<<<<<  3c2c3c3c3c3c3c3c3c3c3c3c3c3c3c3c
       424  <<<<<<<<<<<<<<,<  3c3c3c3c3c3c3c3c3c3c3c3c3c3c2c3c
       414  <<,<<<<<<<<<<<<<  3c3c2c3c3c3c3c3c3c3c3c3c3c3c3c3c
       397  <<<,<<<<<<<<<<<<  3c3c3c2c3c3c3c3c3c3c3c3c3c3c3c3c
       394  <<<<<<<<<<<<<,<<  3c3c3c3c3c3c3c3c3c3c3c3c3c2c3c3c
       390  <<<<<<<<<<<<,<<<  3c3c3c3c3c3c3c3c3c3c3c3c2c3c3c3c
# epoch 7800  H=1.4823 C=1.3260 HO=0.1563  A(t)=1013
     19585  <<<<<<<<<<<<<<<<  3c3c3c3c3c3c3c3c3c3c3c3c3c3c3c3c
       463  <<<<<<<<<<<<<<<,  3c3c3c3c3c3c3c3c3c3c3c3c3c3c3c2c
       458  ,<<<<<<<<<<<<<<<  2c3c3c3c3c3c3c3c3c3c3c3c3c3c3c3c
       451  <,<<<<<<<<<<<<<<  3c2c3c3c3c3c3c3c3c3c3c3c3c3c3c3c
       445  <<,<<<<<<<<<<<<<  3c3c2c3c3c3c3c3c3c3c3c3c3c3c3c3c
       438  <<<<<<<<<<<<,<<<  3c3c3c3c3c3c3c3c3c3c3c3c2c3c3c3c
       437  <<<<<<<<<<<<<<,<  3c3c3c3c3c3c3c3c3c3c3c3c3c3c2c3c
       437  <<<,<<<<<<<<<<<<  3c3c3c2c3c3c3c3c3c3c3c3c3c3c3c3c
       427  <<<<,<<<<<<<<<<<  3c3c3c3c2c3c3c3c3c3c3c3c3c3c3c3c
       426  <<<<<<<<<<<<<,<<  3c3c3c3c3c3c3c3c3c3c3c3c3c2c3c3c
# epoch 7850  H=1.4665 C=1.3260 HO=0.1404  A(t)=1019
     19687  <<<<<<<<<<<<<<<<  3c3c3c3c3c3c3c3c3c3c3c3c3c3c3c3c
       494  ,,,,,,,,,,,,,,,,  2c2c2c2c2c2c2c2c2c2c2c2c2c2c2c2c
       458  <<<<<<<<<<<<<<,<  3c3c3c3c3c3c3c3c3c3c3c3c3c3c2c3c
       457  <<<<<<<<<<<<<<<,  3c3c3c3c3c3c3c3c3c3c3c3c3c3c3c2c
       447  <,<<<<<<<<<<<<<<  3c2c3c3c3c3c3c3c3c3c3c3c3c3c3c3c
       442  <<<<<<<<<<<<<,<<  3c3c3c3c3c3c3c3c3c3c3c3c3c2c3c3c
       441  <<,<<<<<<<<<<<<<  3c3c2c3c3c3c3c3c3c3c3c3c3c3c3c3c
       440  ,<<<<<<<<<<<<<<<  2c3c3c3c3c3c3c3c3c3c3c3c3c3c3c3c
       439  <<<<<<<<<<<<,<<<  3c3c3c3c3c3c3c3c3c3c3c3c2c3c3c3c
       434  <<<<,<<<<<<<<<<<  3c3c3c3c2c3c3c3c3c3c3c3c3c3c3c3c
# epoch 7900  H=1.5238 C=1.3602 HO=0.1635  A(t)=1023
     19712  <<<<<<<<<<<<<<<<  3c3c3c3c3c3c3c3c3c3c3c3c3c3c3c3c
       592  ,,,,,,,,,,,,,,,,  2c2c2c2c2c2c2c2c2c2c2c2c2c2c2c2c
       464  <<<<<<<<<<<<<<<,  3c3c3c3c3c3c3c3c3c3c3c3c3c3c3c2c
       452  ,<<<<<<<<<<<<<<<  2c3c3c3c3c3c3c3c3c3c3c3c3c3c3c3c
       449  <<<<<<<<<<<<<<,<  3c3c3c3c3c3c3c3c3c3c3c3c3c3c2c3c
       445  <<<<<<,<<<<<<<<<  3c3c3c3c3c3c2c3c3c3c3c3c3c3c3c3c
       443  <,<<<<<<<<<<<<<<  3c2c3c3c3c3c3c3c3c3c3c3c3c3c3c3c
       442  <<<<<,<<<<<<<<<<  3c3c3c3c3c2c3c3c3c3c3c3c3c3c3c3c
       440  <<<,<<<<<<<<<<<<  3c3c3c2c3c3c3c3c3c3c3c3c3c3c3c3c
       438  <<,<<<<<<<<<<<<<  3c3c2c3c3c3c3c3c3c3c3c3c3c3c3c3c
# epoch 7950  H=1.5800 C=1.3779 HO=0.2021  A(t)=1025
     19706  <<<<<<<<<<<<<<<<  3c3c3c3c3c3c3c3c3c3c3c3c3c3c3c3c
       684  ,,,,,,,,,,,,,,,,  2c2c2c2c2c2c2c2c2c2c2c2c2c2c2c2c
       468  <<<<<<<<<<<<<<<,  3c3c3c3c3c3c3c3c3c3c3c3c3c3c3c2c
       454  <<<<<<<<<<<<<<,<  3c3c3c3c3c3c3c3c3c3c3c3c3c3c2c3c
       445  ,<<<<<<<<<<<<<<<  2c3c3c3c3c3c3c3c3c3c3c3c3c3c3c3c
       437  <,<<<<<<<<<<<<<<  3c2c3c3c3c3c3c3c3c3c3c3c3c3c3c3c
       434  <<<<<<<<<,<<<<<<  3c3c3c3c3c3c3c3c3c2c3c3c3c3c3c3c
       433  <<<<<<<<<<<<<,<<  3c3c3c3c3c3c3c3c3c3c3c3c3c2c3c3c
       428  <<<<<<<<<<<,<<<<  3c3c3c3c3c3c3c3c3c3c3c2c3c3c3c3c
       427  <<<<<<<<<<<<,<<<  3c3c3c3c3c3c3c3c3c3c3c3c2c3c3c3c
# epoch 8000  H=1.5382 C=1.3484 HO=0.1898  A(t)=1025
     19522  <<<<<<<<<<<<<<<<  3c3c3c3c3c3c3c3c3c3c3c3c3c3c3c3c
       670  ,,,,,,,,,,,,,,,,  2c2c2c2c2c2c2c2c2c2c2c2c2c2c2c2c
       470  <<<<<<<<<<<<<<<,  3c3c3c3c3c3c3c3c3c3c3c3c3c3c3c2c
       461  ,<<<<<<<<<<<<<<<  2c3c3c3c3c3c3c3c3c3c3c3c3c3c3c3c
       449  <<<<<<<<,<<<<<<<  3c3c3c3c3c3c3c3c2c3c3c3c3c3c3c3c
       445  <<<<<<<,<<<<<<<<  3c3c3c3c3c3c3c2c3c3c3c3c3c3c3c3c
       439  <<<<<,<<<<<<<<<<  3c3c3c3c3c2c3c3c3c3c3c3c3c3c3c3c
       436  <<<<<<,<<<<<<<<<  3c3c3c3c3c3c2c3c3c3c3c3c3c3c3c3c
       435  <<<<,<<<<<<<<<<<  3c3c3c3c2c3c3c3c3c3c3c3c3c3c3c3c
       431  <,<<<<<<<<<<<<<<  3c2c3c3c3c3c3c3c3c3c3c3c3c3c3c3c
# epoch 8050  H=1.6050 C=1.3995 HO=0.2054  A(t)=1025
     19277  <<<<<<<<<<<<<<<<  3c3c3c3c3c3c3c3c3c3c3c3c3c3c3c3c
       680  ,,,,,,,,,,,,,,,,  2c2c2c2c2c2c2c2c2c2c2c2c2c2c2c2c
       421  <<<<<<<<<<<<<<<,  3c3c3c3c3c3c3c3c3c3c3c3c3c3c3c2c
       419  ,<<<<<<<<<<<<<<<  2c3c3c3c3c3c3c3c3c3c3c3c3c3c3c3c
       415  <<<<<<<<<<<<<<,<  3c3c3c3c3c3c3c3c3c3c3c3c3c3c2c3c
       415  <,<<<<<<<<<<<<<<  3c2c3c3c3c3c3c3c3c3c3c3c3c3c3c3c
       406  <<,<<<<<<<<<<<<<  3c3c2c3c3c3c3c3c3c3c3c3c3c3c3c3c
       402  <<<<<<<<<<<<<,<<  3c3c3c3c3c3c3c3c3c3c3c3c3c2c3c3c
       398  <<<,<<<<<<<<<<<<  3c3c3c2c3c3c3c3c3c3c3c3c3c3c3c3c
       397  <<<<<<<<<<<,<<<<  3c3c3c3c3c3c3c3c3c3c3c2c3c3c3c3c
# epoch 8100  H=1.6416 C=1.4346 HO=0.2070  A(t)=1025
     18607  <<<<<<<<<<<<<<<<  3c3c3c3c3c3c3c3c3c3c3c3c3c3c3c3c
       752  ,,,,,,,,,,,,,,,,  2c2c2c2c2c2c2c2c2c2c2c2c2c2c2c2c
       443  <<<<<<<<<<<<<<<,  3c3c3c3c3c3c3c3c3c3c3c3c3c3c3c2c
       442  ,<<<<<<<<<<<<<<<  2c3c3c3c3c3c3c3c3c3c3c3c3c3c3c3c
       411  <<<<<<<<<<<<<<,<  3c3c3c3c3c3c3c3c3c3c3c3c3c3c2c3c
       404  <,<<<<<<<<<<<<<<  3c2c3c3c3c3c3c3c3c3c3c3c3c3c3c3c
       398  <<,<<<<<<<<<<<<<  3c3c2c3c3c3c3c3c3c3c3c3c3c3c3c3c
       392  <<<<<<<<<<<<,<<<  3c3c3c3c3c3c3c3c3c3c3c3c2c3c3c3c
       389  <<<<<<<<<<<<<,<<  3c3c3c3c3c3c3c3c3c3c3c3c3c2c3c3c
       385  <<<<,<<<<<<<<<<<  3c3c3c3c2c3c3c3c3c3c3c3c3c3c3c3c
# epoch 8150  H=1.7059 C=1.4636 HO=0.2423  A(t)=1025
     17745  <<<<<<<<<<<<<<<<  3c3c3c3c3c3c3c3c3c3c3c3c3c3c3c3c
       545  ,,,,,,,,,,,,,,,,  2c2c2c2c2c2c2c2c2c2c2c2c2c2c2c2c
       416  <<<<<<<<<<<<<<<,  3c3c3c3c3c3c3c3c3c3c3c3c3c3c3c2c
       411  ,<<<<<<<<<<<<<<<  2c3c3c3c3c3c3c3c3c3c3c3c3c3c3c3c
       397  <,<<<<<<<<<<<<<<  3c2c3c3c3c3c3c3c3c3c3c3c3c3c3c3c
       388  <<,<<<<<<<<<<<<<  3c3c2c3c3c3c3c3c3c3c3c3c3c3c3c3c
       380  <<<<<<<<<<<<<<,<  3c3c3c3c3c3c3c3c3c3c3c3c3c3c2c3c
       372  <<<,<<<<<<<<<<<<  3c3c3c2c3c3c3c3c3c3c3c3c3c3c3c3c
       363  <<<<<<<<<<<<<,<<  3c3c3c3c3c3c3c3c3c3c3c3c3c2c3c3c
       356  <<<<<<<<<<<<,<<<  3c3c3c3c3c3c3c3c3c3c3c3c2c3c3c3c
# epoch 8200  H=1.5578 C=1.3505 HO=0.2074  A(t)=1032
     18568  <<<<<<<<<<<<<<<<  3c3c3c3c3c3c3c3c3c3c3c3c3c3c3c3c
       690  ,,,,,,,,,,,,,,,,  2c2c2c2c2c2c2c2c2c2c2c2c2c2c2c2c
       442  <<<<<<<<<<<<<<<,  3c3c3c3c3c3c3c3c3c3c3c3c3c3c3c2c
       438  <<<<<<<<<<<<<<,<  3c3c3c3c3c3c3c3c3c3c3c3c3c3c2c3c
       426  <<<<,<<<<<<<<<<<  3c3c3c3c2c3c3c3c3c3c3c3c3c3c3c3c
       426  <,<<<<<<<<<<<<<<  3c2c3c3c3c3c3c3c3c3c3c3c3c3c3c3c
       423  <<<,<<<<<<<<<<<<  3c3c3c2c3c3c3c3c3c3c3c3c3c3c3c3c
       417  ,<<<<<<<<<<<<<<<  2c3c3c3c3c3c3c3c3c3c3c3c3c3c3c3c
       413  <<<<<<<<<<<<<,<<  3c3c3c3c3c3c3c3c3c3c3c3c3c2c3c3c
       412  <<,<<<<<<<<<<<<<  3c3c2c3c3c3c3c3c3c3c3c3c3c3c3c3c
# epoch 8250  H=1.5005 C=1.3481 HO=0.1524  A(t)=1036
     19003  <<<<<<<<<<<<<<<<  3c3c3c3c3c3c3c3c3c3c3c3c3c3c3c3c
       514  ,,,,,,,,,,,,,,,,  2c2c2c2c2c2c2c2c2c2c2c2c2c2c2c2c
       438  <<<<<<<<<<<<<<<,  3c3c3c3c3c3c3c3c3c3c3c3c3c3c3c2c
       418  <<<<<<<<<<<<<<,<  3c3c3c3c3c3c3c3c3c3c3c3c3c3c2c3c
       417  ,<<<<<<<<<<<<<<<  2c3c3c3c3c3c3c3c3c3c3c3c3c3c3c3c
       415  <,<<<<<<<<<<<<<<  3c2c3c3c3c3c3c3c3c3c3c3c3c3c3c3c
       406  <<<<<<<<<<<<<,<<  3c3c3c3c3c3c3c3c3c3c3c3c3c2c3c3c
       405  <<,<<<<<<<<<<<<<  3c3c2c3c3c3c3c3c3c3c3c3c3c3c3c3c
       398  <<<<<<<<<<<<,<<<  3c3c3c3c3c3c3c3c3c3c3c3c2c3c3c3c
       392  <<<,<<<<<<<<<<<<  3c3c3c2c3c3c3c3c3c3c3c3c3c3c3c3c
# epoch 8300  H=1.5152 C=1.3555 HO=0.1597  A(t)=1044
     18542  <<<<<<<<<<<<<<<<  3c3c3c3c3c3c3c3c3c3c3c3c3c3c3c3c
       829  ,,,,,,,,,,,,,,,,  2c2c2c2c2c2c2c2c2c2c2c2c2c2c2c2c
       461  <<<<<<<<<<<<<<<,  3c3c3c3c3c3c3c3c3c3c3c3c3c3c3c2c
       448  ,<<<<<<<<<<<<<<<  2c3c3c3c3c3c3c3c3c3c3c3c3c3c3c3c
       444  <<<<<<<<<<<<<<,<  3c3c3c3c3c3c3c3c3c3c3c3c3c3c2c3c
       436  <<<<<<<<<<<<<,<<  3c3c3c3c3c3c3c3c3c3c3c3c3c2c3c3c
       427  <<<<<<<<<<<<,<<<  3c3c3c3c3c3c3c3c3c3c3c3c2c3c3c3c
       424  <,<<<<<<<<<<<<<<  3c2c3c3c3c3c3c3c3c3c3c3c3c3c3c3c
       417  <<<<<<<<<<<,<<<<  3c3c3c3c3c3c3c3c3c3c3c2c3c3c3c3c
       417  <<<<<<<,<<<<<<<<  3c3c3c3c3c3c3c2c3c3c3c3c3c3c3c3c
# epoch 8350  H=1.4155 C=1.2688 HO=0.1467  A(t)=1047
     20936  <<<<<<<<<<<<<<<<  3c3c3c3c3c3c3c3c3c3c3c3c3c3c3c3c
       493  ,<<<<<<<<<<<<<<<  2c3c3c3c3c3c3c3c3c3c3c3c3c3c3c3c
       485  <<<<<<<<<<<<<<<,  3c3c3c3c3c3c3c3c3c3c3c3c3c3c3c2c
       481  <,<<<<<<<<<<<<<<  3c2c3c3c3c3c3c3c3c3c3c3c3c3c3c3c
       470  <<<<<<<<<<<<<<,<  3c3c3c3c3c3c3c3c3c3c3c3c3c3c2c3c
       466  <<<,<<<<<<<<<<<<  3c3c3c2c3c3c3c3c3c3c3c3c3c3c3c3c
       464  <<<<,<<<<<<<<<<<  3c3c3c3c2c3c3c3c3c3c3c3c3c3c3c3c
       463  <<,<<<<<<<<<<<<<  3c3c2c3c3c3c3c3c3c3c3c3c3c3c3c3c
       452  <<<<<<<,<<<<<<<<  3c3c3c3c3c3c3c2c3c3c3c3c3c3c3c3c
       448  <<<<<,<<<<<<<<<<  3c3c3c3c3c2c3c3c3c3c3c3c3c3c3c3c
# epoch 8400  H=1.3776 C=1.2659 HO=0.1117  A(t)=1063
     19338  <<<<<<<<<<<<<<<<  3c3c3c3c3c3c3c3c3c3c3c3c3c3c3c3c
       485  ,<<<<<<<<<<<<<<<  2c3c3c3c3c3c3c3c3c3c3c3c3c3c3c3c
       485  ,,,,,,,,,,,,,,,,  2c2c2c2c2c2c2c2c2c2c2c2c2c2c2c2c
       471  <<<<<<<<<<<<<<<,  3c3c3c3c3c3c3c3c3c3c3c3c3c3c3c2c
       459  <,<<<<<<<<<<<<<<  3c2c3c3c3c3c3c3c3c3c3c3c3c3c3c3c
       456  <<<<<<<<<<<<<<,<  3c3c3c3c3c3c3c3c3c3c3c3c3c3c2c3c
       455  <<<<<<<,<<<<<<<<  3c3c3c3c3c3c3c2c3c3c3c3c3c3c3c3c
       448  <<<<<<,<<<<<<<<<  3c3c3c3c3c3c2c3c3c3c3c3c3c3c3c3c
       446  <<,<<<<<<<<<<<<<  3c3c2c3c3c3c3c3c3c3c3c3c3c3c3c3c
       444  <<<<<<<<,<<<<<<<  3c3c3c3c3c3c3c3c2c3c3c3c3c3c3c3c
# epoch 8450  H=1.4069 C=1.3104 HO=0.0965  A(t)=1064
     19257  <<<<<<<<<<<<<<<<  3c3c3c3c3c3c3c3c3c3c3c3c3c3c3c3c
       445  <<<<<<<<<<<<<<<,  3c3c3c3c3c3c3c3c3c3c3c3c3c3c3c2c
       445  <<<<<<<<<<,<<<<<  3c3c3c3c3c3c3c3c3c3c2c3c3c3c3c3c
       441  <<<<<<<<<<<,<<<<  3c3c3c3c3c3c3c3c3c3c3c2c3c3c3c3c
       440  ,<<<<<<<<<<<<<<<  2c3c3c3c3c3c3c3c3c3c3c3c3c3c3c3c
       439  <<<<<,<<<<<<<<<<  3c3c3c3c3c2c3c3c3c3c3c3c3c3c3c3c
       437  <<<<,<<<<<<<<<<<  3c3c3c3c2c3c3c3c3c3c3c3c3c3c3c3c
       437  <<,<<<<<<<<<<<<<  3c3c2c3c3c3c3c3c3c3c3c3c3c3c3c3c
       436  <<<<<<<<<,<<<<<<  3c3c3c3c3c3c3c3c3c2c3c3c3c3c3c3c
       434  <<<<<<<<<<<<<<,<  3c3c3c3c3c3c3c3c3c3c3c3c3c3c2c3c
# epoch 8500  H=1.3823 C=1.2948 HO=0.0875  A(t)=1064
     20088  <<<<<<<<<<<<<<<<  3c3c3c3c3c3c3c3c3c3c3c3c3c3c3c3c
       468  <<<<<<<<<<<<<<<,  3c3c3c3c3c3c3c3c3c3c3c3c3c3c3c2c
       465  ,,,,,,,,,,,,,,,,  2c2c2c2c2c2c2c2c2c2c2c2c2c2c2c2c
       455  <<<<<<<<<<<<<<,<  3c3c3c3c3c3c3c3c3c3c3c3c3c3c2c3c
       444  ,<<<<<<<<<<<<<<<  2c3c3c3c3c3c3c3c3c3c3c3c3c3c3c3c
       435  <<<<<<<<<<<<<,<<  3c3c3c3c3c3c3c3c3c3c3c3c3c2c3c3c
       435  <,<<<<<<<<<<<<<<  3c2c3c3c3c3c3c3c3c3c3c3c3c3c3c3c
       423  <<<<<<<,<<<<<<<<  3c3c3c3c3c3c3c2c3c3c3c3c3c3c3c3c
       423  <<,<<<<<<<<<<<<<  3c3c2c3c3c3c3c3c3c3c3c3c3c3c3c3c
       420  <<<<<,<<<<<<<<<<  3c3c3c3c3c2c3c3c3c3c3c3c3c3c3c3c
# epoch 8550  H=1.3912 C=1.2783 HO=0.1129  A(t)=1072
     21514  <<<<<<<<<<<<<<<<  3c3c3c3c3c3c3c3c3c3c3c3c3c3c3c3c
       724  ,,,,,,,,,,,,,,,,  2c2c2c2c2c2c2c2c2c2c2c2c2c2c2c2c
       475  <<<<<<<<<<<<<<<,  3c3c3c3c3c3c3c3c3c3c3c3c3c3c3c2c
       458  <<<<<<<<<<<<<<,<  3c3c3c3c3c3c3c3c3c3c3c3c3c3c2c3c
       458  <<<<<<<,<<<<<<<<  3c3c3c3c3c3c3c2c3c3c3c3c3c3c3c3c
       457  <<<<<<<<<<<,<<<<  3c3c3c3c3c3c3c3c3c3c3c2c3c3c3c3c
       456  <<<<<<<<<<<<<,<<  3c3c3c3c3c3c3c3c3c3c3c3c3c2c3c3c
       455  <<<<<<<<<<<<,<<<  3c3c3c3c3c3c3c3c3c3c3c3c2c3c3c3c
       454  <<<<<<<<,<<<<<<<  3c3c3c3c3c3c3c3c2c3c3c3c3c3c3c3c
       454  <<<<<<,<<<<<<<<<  3c3c3c3c3c3c2c3c3c3c3c3c3c3c3c3c
# epoch 8600  H=1.3716 C=1.3141 HO=0.0575  A(t)=1073
     21101  <<<<<<<<<<<<<<<<  3c3c3c3c3c3c3c3c3c3c3c3c3c3c3c3c
       470  ,<<<<<<<<<<<<<<<  2c3c3c3c3c3c3c3c3c3c3c3c3c3c3c3c
       467  <<<<<<<<<<<<<<<,  3c3c3c3c3c3c3c3c3c3c3c3c3c3c3c2c
       462  <,<<<<<<<<<<<<<<  3c2c3c3c3c3c3c3c3c3c3c3c3c3c3c3c
       455  <<<<<<<<<<<<<<,<  3c3c3c3c3c3c3c3c3c3c3c3c3c3c2c3c
       451  <<<<<<<,<<<<<<<<  3c3c3c3c3c3c3c2c3c3c3c3c3c3c3c3c
       450  <<,<<<<<<<<<<<<<  3c3c2c3c3c3c3c3c3c3c3c3c3c3c3c3c
       448  <<<<<<<<,<<<<<<<  3c3c3c3c3c3c3c3c2c3c3c3c3c3c3c3c
       444  <<<<<<<<<,<<<<<<  3c3c3c3c3c3c3c3c3c2c3c3c3c3c3c3c
       441  <<<<<<<<<<<<<,<<  3c3c3c3c3c3c3c3c3c3c3c3c3c2c3c3c
# epoch 8650  H=1.3355 C=1.3040 HO=0.0316  A(t)=1076
     21649  <<<<<<<<<<<<<<<<  3c3c3c3c3c3c3c3c3c3c3c3c3c3c3c3c
       459  <<<<<<<<<<<<<<<,  3c3c3c3c3c3c3c3c3c3c3c3c3c3c3c2c
       454  ,<<<<<<<<<<<<<<<  2c3c3c3c3c3c3c3c3c3c3c3c3c3c3c3c
       439  <<,<<<<<<<<<<<<<  3c3c2c3c3c3c3c3c3c3c3c3c3c3c3c3c
       438  <<<<<<<<<<<<<,<<  3c3c3c3c3c3c3c3c3c3c3c3c3c2c3c3c
       434  <<<<<<<<<<<<,<<<  3c3c3c3c3c3c3c3c3c3c3c3c2c3c3c3c
       433  <<<<<<<<,<<<<<<<  3c3c3c3c3c3c3c3c2c3c3c3c3c3c3c3c
       433  <,<<<<<<<<<<<<<<  3c2c3c3c3c3c3c3c3c3c3c3c3c3c3c3c
       432  <<<<<<<<<,<<<<<<  3c3c3c3c3c3c3c3c3c2c3c3c3c3c3c3c
       430  <<<<<<<<<<<,<<<<  3c3c3c3c3c3c3c3c3c3c3c2c3c3c3c3c
# epoch 8700  H=1.3012 C=1.2533 HO=0.0479  A(t)=1084
     21280  <<<<<<<<<<<<<<<<  3c3c3c3c3c3c3c3c3c3c3c3c3c3c3c3c
       760  ,,,,,,,,,,,,,,,,  2c2c2c2c2c2c2c2c2c2c2c2c2c2c2c2c
       455  <<<<<<<<<<<<<<<,  3c3c3c3c3c3c3c3c3c3c3c3c3c3c3c2c
       437  <<<<<<<<<<<<<<,<  3c3c3c3c3c3c3c3c3c3c3c3c3c3c2c3c
       431  <<<<<<<,<<<<<<<<  3c3c3c3c3c3c3c2c3c3c3c3c3c3c3c3c
       428  ,<<<<<<<<<<<<<<<  2c3c3c3c3c3c3c3c3c3c3c3c3c3c3c3c
       426  <<<<<<,<<<<<<<<<  3c3c3c3c3c3c2c3c3c3c3c3c3c3c3c3c
       424  <<<<<<<<,<<<<<<<  3c3c3c3c3c3c3c3c2c3c3c3c3c3c3c3c
       418  <,<<<<<<<<<<<<<<  3c2c3c3c3c3c3c3c3c3c3c3c3c3c3c3c
       417  <<<<<<<<<<<<<,<<  3c3c3c3c3c3c3c3c3c3c3c3c3c2c3c3c
# epoch 8750  H=1.2203 C=1.2405 HO=-0.0202  A(t)=1098
     20598  <<<<<<<<<<<<<<<<  3c3c3c3c3c3c3c3c3c3c3c3c3c3c3c3c
       510  <<<<<<<<<<<<<<<,  3c3c3c3c3c3c3c3c3c3c3c3c3c3c3c2c
       507  ,<<<<<<<<<<<<<<<  2c3c3c3c3c3c3c3c3c3c3c3c3c3c3c3c
       483  <<<<<<<<<<<<<<,<  3c3c3c3c3c3c3c3c3c3c3c3c3c3c2c3c
       483  <<<<<<<<<<<<<,<<  3c3c3c3c3c3c3c3c3c3c3c3c3c2c3c3c
       472  <,<<<<<<<<<<<<<<  3c2c3c3c3c3c3c3c3c3c3c3c3c3c3c3c
       470  <<<<<<<<<<,<<<<<  3c3c3c3c3c3c3c3c3c3c2c3c3c3c3c3c
       468  <<<<<<<<<,<<<<<<  3c3c3c3c3c3c3c3c3c2c3c3c3c3c3c3c
       467  <<<<<<<<<<<<,<<<  3c3c3c3c3c3c3c3c3c3c3c3c2c3c3c3c
       467  <<,<<<<<<<<<<<<<  3c3c2c3c3c3c3c3c3c3c3c3c3c3c3c3c
# epoch 8800  H=1.1979 C=1.1971 HO=0.0007  A(t)=1107
     21174  <<<<<<<<<<<<<<<<  3c3c3c3c3c3c3c3c3c3c3c3c3c3c3c3c
       518  <<<<<<<<<<<<<<<,  3c3c3c3c3c3c3c3c3c3c3c3c3c3c3c2c
       497  ,<<<<<<<<<<<<<<<  2c3c3c3c3c3c3c3c3c3c3c3c3c3c3c3c
       489  <<<<<<<<<<<<<<,<  3c3c3c3c3c3c3c3c3c3c3c3c3c3c2c3c
       477  <<<<<<<<<<<<,<<<  3c3c3c3c3c3c3c3c3c3c3c3c2c3c3c3c
       477  <,<<<<<<<<<<<<<<  3c2c3c3c3c3c3c3c3c3c3c3c3c3c3c3c
       475  <<<<<<<<<<<,<<<<  3c3c3c3c3c3c3c3c3c3c3c2c3c3c3c3c
       474  <<<<<<<<<<<<<,<<  3c3c3c3c3c3c3c3c3c3c3c3c3c2c3c3c
       473  <<<,<<<<<<<<<<<<  3c3c3c2c3c3c3c3c3c3c3c3c3c3c3c3c
       470  <<,<<<<<<<<<<<<<  3c3c2c3c3c3c3c3c3c3c3c3c3c3c3c3c
# epoch 8850  H=1.2719 C=1.2046 HO=0.0673  A(t)=1121
     20437  <<<<<<<<<<<<<<<<  3c3c3c3c3c3c3c3c3c3c3c3c3c3c3c3c
       722  ,,,,,,,,,,,,,,,,  2c2c2c2c2c2c2c2c2c2c2c2c2c2c2c2c
       484  <<<<<<<<<<<<<<<,  3c3c3c3c3c3c3c3c3c3c3c3c3c3c3c2c
       481  ,<<<<<<<<<<<<<<<  2c3c3c3c3c3c3c3c3c3c3c3c3c3c3c3c
       480  <<,<<<<<<<<<<<<<  3c3c2c3c3c3c3c3c3c3c3c3c3c3c3c3c
       476  <,<<<<<<<<<<<<<<  3c2c3c3c3c3c3c3c3c3c3c3c3c3c3c3c
       475  <<<,<<<<<<<<<<<<  3c3c3c2c3c3c3c3c3c3c3c3c3c3c3c3c
       471  <<<<<<<<<<<<<<,<  3c3c3c3c3c3c3c3c3c3c3c3c3c3c2c3c
       462  <<<<<<<<<<<<<,<<  3c3c3c3c3c3c3c3c3c3c3c3c3c2c3c3c
       462  <<<<,<<<<<<<<<<<  3c3c3c3c2c3c3c3c3c3c3c3c3c3c3c3c
# epoch 8900  H=1.2253 C=1.2123 HO=0.0130  A(t)=1131
     20713  <<<<<<<<<<<<<<<<  3c3c3c3c3c3c3c3c3c3c3c3c3c3c3c3c
       482  ,,,,,,,,,,,,,,,,  2c2c2c2c2c2c2c2c2c2c2c2c2c2c2c2c
       471  <<<<<<<<<<<<<<<,  3c3c3c3c3c3c3c3c3c3c3c3c3c3c3c2c
       456  ,<<<<<<<<<<<<<<<  2c3c3c3c3c3c3c3c3c3c3c3c3c3c3c3c
       455  <<<<<<<<<<<<<,<<  3c3c3c3c3c3c3c3c3c3c3c3c3c2c3c3c
       455  <<<<,<<<<<<<<<<<  3c3c3c3c2c3c3c3c3c3c3c3c3c3c3c3c
       454  <<<,<<<<<<<<<<<<  3c3c3c2c3c3c3c3c3c3c3c3c3c3c3c3c
       452  <<<<<<<<<<<<,<<<  3c3c3c3c3c3c3c3c3c3c3c3c2c3c3c3c
       451  <<<<<<<<<<<<<<,<  3c3c3c3c3c3c3c3c3c3c3c3c3c3c2c3c
       451  <<<<<<,<<<<<<<<<  3c3c3c3c3c3c2c3c3c3c3c3c3c3c3c3c
# epoch 8950  H=1.3266 C=1.2195 HO=0.1072  A(t)=1139
     20392  <<<<<<<<<<<<<<<<  3c3c3c3c3c3c3c3c3c3c3c3c3c3c3c3c
       784  ,,,,,,,,,,,,,,,,  2c2c2c2c2c2c2c2c2c2c2c2c2c2c2c2c
       429  <<<<<<<<<<<<<<<,  3c3c3c3c3c3c3c3c3c3c3c3c3c3c3c2c
       419  ,<<<<<<<<<<<<<<<  2c3c3c3c3c3c3c3c3c3c3c3c3c3c3c3c
       411  <<<<<<<<<<<<<<,<  3c3c3c3c3c3c3c3c3c3c3c3c3c3c2c3c
       409  <,<<<<<<<<<<<<<<  3c2c3c3c3c3c3c3c3c3c3c3c3c3c3c3c
       392  <<<<<<<<<<<<<,<<  3c3c3c3c3c3c3c3c3c3c3c3c3c2c3c3c
       387  <<,<<<<<<<<<<<<<  3c3c2c3c3c3c3c3c3c3c3c3c3c3c3c3c
       385  <<<<<<<<<<<<,<<<  3c3c3c3c3c3c3c3c3c3c3c3c2c3c3c3c
       384  <<<<,<<<<<<<<<<<  3c3c3c3c2c3c3c3c3c3c3c3c3c3c3c3c
# epoch 9000  H=1.1949 C=1.1803 HO=0.0146  A(t)=1153
     19879  <<<<<<<<<<<<<<<<  3c3c3c3c3c3c3c3c3c3c3c3c3c3c3c3c
       523  ,,,,,,,,,,,,,,,,  2c2c2c2c2c2c2c2c2c2c2c2c2c2c2c2c
       511  <<<<<<<<<<<<<<<,  3c3c3c3c3c3c3c3c3c3c3c3c3c3c3c2c
       493  ,<<<<<<<<<<<<<<<  2c3c3c3c3c3c3c3c3c3c3c3c3c3c3c3c
       477  <<<<<<<<<<<<<<,<  3c3c3c3c3c3c3c3c3c3c3c3c3c3c2c3c
       476  <,<<<<<<<<<<<<<<  3c2c3c3c3c3c3c3c3c3c3c3c3c3c3c3c
       473  <<<,<<<<<<<<<<<<  3c3c3c2c3c3c3c3c3c3c3c3c3c3c3c3c
       468  <<<<<<<,<<<<<<<<  3c3c3c3c3c3c3c2c3c3c3c3c3c3c3c3c
       468  <<,<<<<<<<<<<<<<  3c3c2c3c3c3c3c3c3c3c3c3c3c3c3c3c
       463  <<<<<,<<<<<<<<<<  3c3c3c3c3c2c3c3c3c3c3c3c3c3c3c3c
# epoch 9050  H=1.1072 C=1.1084 HO=-0.0012  A(t)=1154
     21751  <<<<<<<<<<<<<<<<  3c3c3c3c3c3c3c3c3c3c3c3c3c3c3c3c
       595  <<<<<<<<<<<<<<<,  3c3c3c3c3c3c3c3c3c3c3c3c3c3c3c2c
       592  ,<<<<<<<<<<<<<<<  2c3c3c3c3c3c3c3c3c3c3c3c3c3c3c3c
       561  <<<<<<<<<<<<<<,<  3c3c3c3c3c3c3c3c3c3c3c3c3c3c2c3c
       558  <,<<<<<<<<<<<<<<  3c2c3c3c3c3c3c3c3c3c3c3c3c3c3c3c
       557  <<,<<<<<<<<<<<<<  3c3c2c3c3c3c3c3c3c3c3c3c3c3c3c3c
       550  <<<,<<<<<<<<<<<<  3c3c3c2c3c3c3c3c3c3c3c3c3c3c3c3c
       545  <<<<<<<<<<<<,<<<  3c3c3c3c3c3c3c3c3c3c3c3c2c3c3c3c
       544  <<<<<<<<<<<<<,<<  3c3c3c3c3c3c3c3c3c3c3c3c3c2c3c3c
       536  <<<<<<<<<<<,<<<<  3c3c3c3c3c3c3c3c3c3c3c2c3c3c3c3c
# epoch 9100  H=1.0959 C=1.0566 HO=0.0392  A(t)=1157
     22243  <<<<<<<<<<<<<<<<  3c3c3c3c3c3c3c3c3c3c3c3c3c3c3c3c
       526  <<<<<<<<<<<<<<<,  3c3c3c3c3c3c3c3c3c3c3c3c3c3c3c2c
       519  <<<<<<<<<<<<<<,<  3c3c3c3c3c3c3c3c3c3c3c3c3c3c2c3c
       518  ,<<<<<<<<<<<<<<<  2c3c3c3c3c3c3c3c3c3c3c3c3c3c3c3c
       516  <<<<,<<<<<<<<<<<  3c3c3c3c2c3c3c3c3c3c3c3c3c3c3c3c
       516  <,<<<<<<<<<<<<<<  3c2c3c3c3c3c3c3c3c3c3c3c3c3c3c3c
       515  <<<,<<<<<<<<<<<<  3c3c3c2c3c3c3c3c3c3c3c3c3c3c3c3c
       514  <<<<<,<<<<<<<<<<  3c3c3c3c3c2c3c3c3c3c3c3c3c3c3c3c
       513  <<<<<<<<,<<<<<<<  3c3c3c3c3c3c3c3c2c3c3c3c3c3c3c3c
       508  <<<<<<<<<<,<<<<<  3c3c3c3c3c3c3c3c3c3c2c3c3c3c3c3c
# epoch 9150  H=1.1363 C=1.0813 HO=0.0550  A(t)=1159
     21348  <<<<<<<<<<<<<<<<  3c3c3c3c3c3c3c3c3c3c3c3c3c3c3c3c
       905  ,,,,,,,,,,,,,,,,  2c2c2c2c2c2c2c2c2c2c2c2c2c2c2c2c
       520  <<<<<<<<<<<<<<<,  3c3c3c3c3c3c3c3c3c3c3c3c3c3c3c2c
       506  ,<<<<<<<<<<<<<<<  2c3c3c3c3c3c3c3c3c3c3c3c3c3c3c3c
       496  <,<<<<<<<<<<<<<<  3c2c3c3c3c3c3c3c3c3c3c3c3c3c3c3c
       491  <<,<<<<<<<<<<<<<  3c3c2c3c3c3c3c3c3c3c3c3c3c3c3c3c
       490  <<<<<<<<<<<<<<,<  3c3c3c3c3c3c3c3c3c3c3c3c3c3c2c3c
       483  <<<,<<<<<<<<<<<<  3c3c3c2c3c3c3c3c3c3c3c3c3c3c3c3c
       482  <<<<,<<<<<<<<<<<  3c3c3c3c2c3c3c3c3c3c3c3c3c3c3c3c
       478  <<<<<<<<<<<<<,<<  3c3c3c3c3c3c3c3c3c3c3c3c3c2c3c3c
# epoch 9200  H=1.1091 C=1.0730 HO=0.0361  A(t)=1165
     22249  <<<<<<<<<<<<<<<<  3c3c3c3c3c3c3c3c3c3c3c3c3c3c3c3c
       832  ,,,,,,,,,,,,,,,,  2c2c2c2c2c2c2c2c2c2c2c2c2c2c2c2c
       506  <<<<<<<<<<<<<<<,  3c3c3c3c3c3c3c3c3c3c3c3c3c3c3c2c
       478  <<<<<<<<<<<<<<,<  3c3c3c3c3c3c3c3c3c3c3c3c3c3c2c3c
       461  ,<<<<<<<<<<<<<<<  2c3c3c3c3c3c3c3c3c3c3c3c3c3c3c3c
       444  <<<<<<<<<<<<<,<<  3c3c3c3c3c3c3c3c3c3c3c3c3c2c3c3c
       440  <<<<<<<<<,<<<<<<  3c3c3c3c3c3c3c3c3c2c3c3c3c3c3c3c
       437  <<<<<<<<<<<<,<<<  3c3c3c3c3c3c3c3c3c3c3c3c2c3c3c3c
       437  <<<<<<<<<<<,<<<<  3c3c3c3c3c3c3c3c3c3c3c2c3c3c3c3c
       437  <<<<<<<<,<<<<<<<  3c3c3c3c3c3c3c3c2c3c3c3c3c3c3c3c
# epoch 9250  H=1.1205 C=1.0992 HO=0.0213  A(t)=1167
     20924  <<<<<<<<<<<<<<<<  3c3c3c3c3c3c3c3c3c3c3c3c3c3c3c3c
       552  <<<<<<<<<<<<<<<,  3c3c3c3c3c3c3c3c3c3c3c3c3c3c3c2c
       523  <<<<<<<<<<<<<<,<  3c3c3c3c3c3c3c3c3c3c3c3c3c3c2c3c
       513  ,,,,,,,,,,,,,,,,  2c2c2c2c2c2c2c2c2c2c2c2c2c2c2c2c
       511  <<<<<<<<<<<<<,<<  3c3c3c3c3c3c3c3c3c3c3c3c3c2c3c3c
       509  ,<<<<<<<<<<<<<<<  2c3c3c3c3c3c3c3c3c3c3c3c3c3c3c3c
       504  <<,<<<<<<<<<<<<<  3c3c2c3c3c3c3c3c3c3c3c3c3c3c3c3c
       499  <,<<<<<<<<<<<<<<  3c2c3c3c3c3c3c3c3c3c3c3c3c3c3c3c
       493  <<<<<<<<<<<<,<<<  3c3c3c3c3c3c3c3c3c3c3c3c2c3c3c3c
       484  <<<<<,<<<<<<<<<<  3c3c3c3c3c2c3c3c3c3c3c3c3c3c3c3c
# epoch 9300  H=1.0531 C=1.0498 HO=0.0033  A(t)=1173
     22513  <<<<<<<<<<<<<<<<  3c3c3c3c3c3c3c3c3c3c3c3c3c3c3c3c
       554  <<<<<<<<<<<<<<<,  3c3c3c3c3c3c3c3c3c3c3c3c3c3c3c2c
       540  ,<<<<<<<<<<<<<<<  2c3c3c3c3c3c3c3c3c3c3c3c3c3c3c3c
       535  <<<<<<<<<<<<<<,<  3c3c3c3c3c3c3c3c3c3c3c3c3c3c2c3c
       530  <<<<<<<<<<<<,<<<  3c3c3c3c3c3c3c3c3c3c3c3c2c3c3c3c
       529  <,<<<<<<<<<<<<<<  3c2c3c3c3c3c3c3c3c3c3c3c3c3c3c3c
       526  <<<<<<<<<<<<<,<<  3c3c3c3c3c3c3c3c3c3c3c3c3c2c3c3c
       526  <<,<<<<<<<<<<<<<  3c3c2c3c3c3c3c3c3c3c3c3c3c3c3c3c
       518  <<<<<<<<<<<,<<<<  3c3c3c3c3c3c3c3c3c3c3c2c3c3c3c3c
       518  ,,,,,,,,,,,,,,,,  2c2c2c2c2c2c2c2c2c2c2c2c2c2c2c2c
# epoch 9350  H=1.0436 C=1.0233 HO=0.0203  A(t)=1174
     23478  <<<<<<<<<<<<<<<<  3c3c3c3c3c3c3c3c3c3c3c3c3c3c3c3c
       915  ,,,,,,,,,,,,,,,,  2c2c2c2c2c2c2c2c2c2c2c2c2c2c2c2c
       526  <<<<<<<<<<<<<<<,  3c3c3c3c3c3c3c3c3c3c3c3c3c3c3c2c
       519  ,<<<<<<<<<<<<<<<  2c3c3c3c3c3c3c3c3c3c3c3c3c3c3c3c
       488  <<<<<<<<<<<<<<,<  3c3c3c3c3c3c3c3c3c3c3c3c3c3c2c3c
       486  <,<<<<<<<<<<<<<<  3c2c3c3c3c3c3c3c3c3c3c3c3c3c3c3c
       473  <<,<<<<<<<<<<<<<  3c3c2c3c3c3c3c3c3c3c3c3c3c3c3c3c
       470  <<<<<<<<<<<,<<<<  3c3c3c3c3c3c3c3c3c3c3c2c3c3c3c3c
       470  <<<<<<<<<<,<<<<<  3c3c3c3c3c3c3c3c3c3c2c3c3c3c3c3c
       469  <<<<<<<<<<<<<,<<  3c3c3c3c3c3c3c3c3c3c3c3c3c2c3c3c
# epoch 9400  H=1.2242 C=1.1512 HO=0.0729  A(t)=1175
     21485  <<<<<<<<<<<<<<<<  3c3c3c3c3c3c3c3c3c3c3c3c3c3c3c3c
       918  ,,,,,,,,,,,,,,,,  2c2c2c2c2c2c2c2c2c2c2c2c2c2c2c2c
       501  <<<<<<<<<<<<<<<,  3c3c3c3c3c3c3c3c3c3c3c3c3c3c3c2c
       478  ,<<<<<<<<<<<<<<<  2c3c3c3c3c3c3c3c3c3c3c3c3c3c3c3c
       477  <<<<<<<<<<<<<<,<  3c3c3c3c3c3c3c3c3c3c3c3c3c3c2c3c
       466  <<<<<<<<<<<<<,<<  3c3c3c3c3c3c3c3c3c3c3c3c3c2c3c3c
       466  <<<<<<<,<<<<<<<<  3c3c3c3c3c3c3c2c3c3c3c3c3c3c3c3c
       465  <<<<<<<<,<<<<<<<  3c3c3c3c3c3c3c3c2c3c3c3c3c3c3c3c
       458  <,<<<<<<<<<<<<<<  3c2c3c3c3c3c3c3c3c3c3c3c3c3c3c3c
       454  <<,<<<<<<<<<<<<<  3c3c2c3c3c3c3c3c3c3c3c3c3c3c3c3c
# epoch 9450  H=1.1909 C=1.1482 HO=0.0428  A(t)=1192
     21465  <<<<<<<<<<<<<<<<  3c3c3c3c3c3c3c3c3c3c3c3c3c3c3c3c
       869  ,,,,,,,,,,,,,,,,  2c2c2c2c2c2c2c2c2c2c2c2c2c2c2c2c
       528  <<<<<<<<<<<<<<<,  3c3c3c3c3c3c3c3c3c3c3c3c3c3c3c2c
       512  <<<<<<<<,<<<<<<<  3c3c3c3c3c3c3c3c2c3c3c3c3c3c3c3c
       510  <<<<<<<,<<<<<<<<  3c3c3c3c3c3c3c2c3c3c3c3c3c3c3c3c
       508  ,<<<<<<<<<<<<<<<  2c3c3c3c3c3c3c3c3c3c3c3c3c3c3c3c
       505  <<<,<<<<<<<<<<<<  3c3c3c2c3c3c3c3c3c3c3c3c3c3c3c3c
       503  <<<<,<<<<<<<<<<<  3c3c3c3c2c3c3c3c3c3c3c3c3c3c3c3c
       500  <,<<<<<<<<<<<<<<  3c2c3c3c3c3c3c3c3c3c3c3c3c3c3c3c
       499  <<<<<<<<<<<<<<,<  3c3c3c3c3c3c3c3c3c3c3c3c3c3c2c3c
# epoch 9500  H=1.3674 C=1.2869 HO=0.0805  A(t)=1192
     18960  <<<<<<<<<<<<<<<<  3c3c3c3c3c3c3c3c3c3c3c3c3c3c3c3c
       524  ,,,,,,,,,,,,,,,,  2c2c2c2c2c2c2c2c2c2c2c2c2c2c2c2c
       501  <<<<<<<<<<<<<<<,  3c3c3c3c3c3c3c3c3c3c3c3c3c3c3c2c
       482  <<<<<<<<<<<<<<,<  3c3c3c3c3c3c3c3c3c3c3c3c3c3c2c3c
       478  ,<<<<<<<<<<<<<<<  2c3c3c3c3c3c3c3c3c3c3c3c3c3c3c3c
       476  <,<<<<<<<<<<<<<<  3c2c3c3c3c3c3c3c3c3c3c3c3c3c3c3c
       470  <<,<<<<<<<<<<<<<  3c3c2c3c3c3c3c3c3c3c3c3c3c3c3c3c
       466  <<<,<<<<<<<<<<<<  3c3c3c2c3c3c3c3c3c3c3c3c3c3c3c3c
       465  <<<<<<<<<<<<<,<<  3c3c3c3c3c3c3c3c3c3c3c3c3c2c3c3c
       462  <<<<<,<<<<<<<<<<  3c3c3c3c3c2c3c3c3c3c3c3c3c3c3c3c
# epoch 9550  H=1.4365 C=1.3293 HO=0.1071  A(t)=1193
     19935  <<<<<<<<<<<<<<<<  3c3c3c3c3c3c3c3c3c3c3c3c3c3c3c3c
       723  ,,,,,,,,,,,,,,,,  2c2c2c2c2c2c2c2c2c2c2c2c2c2c2c2c
       470  <<<<<<<<<<<<<<<,  3c3c3c3c3c3c3c3c3c3c3c3c3c3c3c2c
       456  ,<<<<<<<<<<<<<<<  2c3c3c3c3c3c3c3c3c3c3c3c3c3c3c3c
       452  <,<<<<<<<<<<<<<<  3c2c3c3c3c3c3c3c3c3c3c3c3c3c3c3c
       440  <<<<<<<<<<<<<<,<  3c3c3c3c3c3c3c3c3c3c3c3c3c3c2c3c
       436  <<<<<<,<<<<<<<<<  3c3c3c3c3c3c2c3c3c3c3c3c3c3c3c3c
       436  <<<,<<<<<<<<<<<<  3c3c3c2c3c3c3c3c3c3c3c3c3c3c3c3c
       435  <<,<<<<<<<<<<<<<  3c3c2c3c3c3c3c3c3c3c3c3c3c3c3c3c
       433  <<<<<<<<<<<<<,<<  3c3c3c3c3c3c3c3c3c3c3c3c3c2c3c3c
# epoch 9600  H=1.3743 C=1.2670 HO=0.1073  A(t)=1193
     21668  <<<<<<<<<<<<<<<<  3c3c3c3c3c3c3c3c3c3c3c3c3c3c3c3c
       596  ,,,,,,,,,,,,,,,,  2c2c2c2c2c2c2c2c2c2c2c2c2c2c2c2c
       527  <<<<<<<<<<<<<<<,  3c3c3c3c3c3c3c3c3c3c3c3c3c3c3c2c
       510  <<<<<<<<<<<<<<,<  3c3c3c3c3c3c3c3c3c3c3c3c3c3c2c3c
       509  ,<<<<<<<<<<<<<<<  2c3c3c3c3c3c3c3c3c3c3c3c3c3c3c3c
       502  <<<<<<<<<<<<,<<<  3c3c3c3c3c3c3c3c3c3c3c3c2c3c3c3c
       502  <<<<<<<<<<<,<<<<  3c3c3c3c3c3c3c3c3c3c3c2c3c3c3c3c
       498  <<<<<<<<<<<<<,<<  3c3c3c3c3c3c3c3c3c3c3c3c3c2c3c3c
       497  <<<<<<<<<<,<<<<<  3c3c3c3c3c3c3c3c3c3c2c3c3c3c3c3c
       495  <<<<<<<<,<<<<<<<  3c3c3c3c3c3c3c3c2c3c3c3c3c3c3c3c
# epoch 9650  H=1.3452 C=1.2576 HO=0.0876  A(t)=1198
     21086  <<<<<<<<<<<<<<<<  3c3c3c3c3c3c3c3c3c3c3c3c3c3c3c3c
       844  ,,,,,,,,,,,,,,,,  2c2c2c2c2c2c2c2c2c2c2c2c2c2c2c2c
       497  <<<<<<<<<<<<<<<,  3c3c3c3c3c3c3c3c3c3c3c3c3c3c3c2c
       488  ,<<<<<<<<<<<<<<<  2c3c3c3c3c3c3c3c3c3c3c3c3c3c3c3c
       484  <<<<<<<<<<<<<<,<  3c3c3c3c3c3c3c3c3c3c3c3c3c3c2c3c
       484  <<<<<<<<<<<<<,<<  3c3c3c3c3c3c3c3c3c3c3c3c3c2c3c3c
       475  <<<<<<<<<<<<,<<<  3c3c3c3c3c3c3c3c3c3c3c3c2c3c3c3c
       474  <<<<<<<,<<<<<<<<  3c3c3c3c3c3c3c2c3c3c3c3c3c3c3c3c
       474  <,<<<<<<<<<<<<<<  3c2c3c3c3c3c3c3c3c3c3c3c3c3c3c3c
       468  <<<<<<<<,<<<<<<<  3c3c3c3c3c3c3c3c2c3c3c3c3c3c3c3c
# epoch 9700  H=1.2793 C=1.2185 HO=0.0608  A(t)=1198
     21489  <<<<<<<<<<<<<<<<  3c3c3c3c3c3c3c3c3c3c3c3c3c3c3c3c
       541  <<<<<<<<<<<<<<<,  3c3c3c3c3c3c3c3c3c3c3c3c3c3c3c2c
       528  <<<<<<<<<<<<<<,<  3c3c3c3c3c3c3c3c3c3c3c3c3c3c2c3c
       527  <<<<,<<<<<<<<<<<  3c3c3c3c2c3c3c3c3c3c3c3c3c3c3c3c
       526  <<<<<<<<<<<<<,<<  3c3c3c3c3c3c3c3c3c3c3c3c3c2c3c3c
       524  <<<<<,<<<<<<<<<<  3c3c3c3c3c2c3c3c3c3c3c3c3c3c3c3c
       518  <<<<<<,<<<<<<<<<  3c3c3c3c3c3c2c3c3c3c3c3c3c3c3c3c
       514  <<<<<<<<<<,<<<<<  3c3c3c3c3c3c3c3c3c3c2c3c3c3c3c3c
       514  <<<<<<<<,<<<<<<<  3c3c3c3c3c3c3c3c2c3c3c3c3c3c3c3c
       514  <<<<<<<,<<<<<<<<  3c3c3c3c3c3c3c2c3c3c3c3c3c3c3c3c
# epoch 9750  H=1.2072 C=1.1486 HO=0.0587  A(t)=1208
     22756  <<<<<<<<<<<<<<<<  3c3c3c3c3c3c3c3c3c3c3c3c3c3c3c3c
       511  ,,,,,,,,,,,,,,,,  2c2c2c2c2c2c2c2c2c2c2c2c2c2c2c2c
       505  <<<<<<<<<<<<<<<,  3c3c3c3c3c3c3c3c3c3c3c3c3c3c3c2c
       493  ,<<<<<<<<<<<<<<<  2c3c3c3c3c3c3c3c3c3c3c3c3c3c3c3c
       478  <<,<<<<<<<<<<<<<  3c3c2c3c3c3c3c3c3c3c3c3c3c3c3c3c
       477  <<<<<<<<<<<<<<,<  3c3c3c3c3c3c3c3c3c3c3c3c3c3c2c3c
       477  <,<<<<<<<<<<<<<<  3c2c3c3c3c3c3c3c3c3c3c3c3c3c3c3c
       460  <<<,<<<<<<<<<<<<  3c3c3c2c3c3c3c3c3c3c3c3c3c3c3c3c
       459  <<<<,<<<<<<<<<<<  3c3c3c3c2c3c3c3c3c3c3c3c3c3c3c3c
       453  <<<<<<<<<<<<<,<<  3c3c3c3c3c3c3c3c3c3c3c3c3c2c3c3c
# epoch 9800  H=1.1748 C=1.1228 HO=0.0520  A(t)=1208
     22435  <<<<<<<<<<<<<<<<  3c3c3c3c3c3c3c3c3c3c3c3c3c3c3c3c
       910  ,,,,,,,,,,,,,,,,  2c2c2c2c2c2c2c2c2c2c2c2c2c2c2c2c
       496  <<<<<<<<<<<<<<<,  3c3c3c3c3c3c3c3c3c3c3c3c3c3c3c2c
       484  ,<<<<<<<<<<<<<<<  2c3c3c3c3c3c3c3c3c3c3c3c3c3c3c3c
       481  <<<<<<<<<<<<<<,<  3c3c3c3c3c3c3c3c3c3c3c3c3c3c2c3c
       475  <<,<<<<<<<<<<<<<  3c3c2c3c3c3c3c3c3c3c3c3c3c3c3c3c
       469  <<<,<<<<<<<<<<<<  3c3c3c2c3c3c3c3c3c3c3c3c3c3c3c3c
       467  <<<<,<<<<<<<<<<<  3c3c3c3c2c3c3c3c3c3c3c3c3c3c3c3c
       467  <,<<<<<<<<<<<<<<  3c2c3c3c3c3c3c3c3c3c3c3c3c3c3c3c
       465  <<<<<<<<<<<,<<<<  3c3c3c3c3c3c3c3c3c3c3c2c3c3c3c3c
# epoch 9850  H=1.2785 C=1.1917 HO=0.0869  A(t)=1208
     19780  <<<<<<<<<<<<<<<<  3c3c3c3c3c3c3c3c3c3c3c3c3c3c3c3c
       841  ,,,,,,,,,,,,,,,,  2c2c2c2c2c2c2c2c2c2c2c2c2c2c2c2c
       502  <<<<<<<<<<<<<<<,  3c3c3c3c3c3c3c3c3c3c3c3c3c3c3c2c
       475  <<<<<<<<<<<<<<,<  3c3c3c3c3c3c3c3c3c3c3c3c3c3c2c3c
       474  ,<<<<<<<<<<<<<<<  2c3c3c3c3c3c3c3c3c3c3c3c3c3c3c3c
       471  <,<<<<<<<<<<<<<<  3c2c3c3c3c3c3c3c3c3c3c3c3c3c3c3c
       461  <<<<,<<<<<<<<<<<  3c3c3c3c2c3c3c3c3c3c3c3c3c3c3c3c
       456  <<,<<<<<<<<<<<<<  3c3c2c3c3c3c3c3c3c3c3c3c3c3c3c3c
       455  <<<,<<<<<<<<<<<<  3c3c3c2c3c3c3c3c3c3c3c3c3c3c3c3c
       453  <<<<<<<,<<<<<<<<  3c3c3c3c3c3c3c2c3c3c3c3c3c3c3c3c
# epoch 9900  H=1.2170 C=1.1616 HO=0.0554  A(t)=1216
     21022  <<<<<<<<<<<<<<<<  3c3c3c3c3c3c3c3c3c3c3c3c3c3c3c3c
       649  ,,,,,,,,,,,,,,,,  2c2c2c2c2c2c2c2c2c2c2c2c2c2c2c2c
       543  <<<<<<<<<<<<<<<,  3c3c3c3c3c3c3c3c3c3c3c3c3c3c3c2c
       533  ,<<<<<<<<<<<<<<<  2c3c3c3c3c3c3c3c3c3c3c3c3c3c3c3c
       509  <<<<<<<<<<<<<<,<  3c3c3c3c3c3c3c3c3c3c3c3c3c3c2c3c
       496  <,<<<<<<<<<<<<<<  3c2c3c3c3c3c3c3c3c3c3c3c3c3c3c3c
       489  <<<<<<<<<<<<<,<<  3c3c3c3c3c3c3c3c3c3c3c3c3c2c3c3c
       479  <<,<<<<<<<<<<<<<  3c3c2c3c3c3c3c3c3c3c3c3c3c3c3c3c
       473  <<<<<<<<<<,<<<<<  3c3c3c3c3c3c3c3c3c3c2c3c3c3c3c3c
       473  <<<<<<<<,<<<<<<<  3c3c3c3c3c3c3c3c2c3c3c3c3c3c3c3c
# epoch 9950  H=1.2691 C=1.2263 HO=0.0428  A(t)=1217
     19534  <<<<<<<<<<<<<<<<  3c3c3c3c3c3c3c3c3c3c3c3c3c3c3c3c
       556  ,,,,,,,,,,,,,,,,  2c2c2c2c2c2c2c2c2c2c2c2c2c2c2c2c
       535  <<<<<<<<<<<<<<<,  3c3c3c3c3c3c3c3c3c3c3c3c3c3c3c2c
       521  <<<<<<<<<<<<<<,<  3c3c3c3c3c3c3c3c3c3c3c3c3c3c2c3c
       518  <,<<<<<<<<<<<<<<  3c2c3c3c3c3c3c3c3c3c3c3c3c3c3c3c
       514  <<,<<<<<<<<<<<<<  3c3c2c3c3c3c3c3c3c3c3c3c3c3c3c3c
       511  ,<<<<<<<<<<<<<<<  2c3c3c3c3c3c3c3c3c3c3c3c3c3c3c3c
       495  <<<<<<<<<<<<<,<<  3c3c3c3c3c3c3c3c3c3c3c3c3c2c3c3c
       492  <<<,<<<<<<<<<<<<  3c3c3c2c3c3c3c3c3c3c3c3c3c3c3c3c
       486  <<<<<<<,<<<<<<<<  3c3c3c3c3c3c3c2c3c3c3c3c3c3c3c3c
# epoch 10000  H=1.2831 C=1.2059 HO=0.0772  A(t)=1217
     19658  <<<<<<<<<<<<<<<<  3c3c3c3c3c3c3c3c3c3c3c3c3c3c3c3c
       984  ,,,,,,,,,,,,,,,,  2c2c2c2c2c2c2c2c2c2c2c2c2c2c2c2c
       541  <<<<<<<<<<<<<<<,  3c3c3c3c3c3c3c3c3c3c3c3c3c3c3c2c
       523  ,<<<<<<<<<<<<<<<  2c3c3c3c3c3c3c3c3c3c3c3c3c3c3c3c
       510  <<<<<<<<<<<<,<<<  3c3c3c3c3c3c3c3c3c3c3c3c2c3c3c3c
       508  <<<<<<<<<<<<<<,<  3c3c3c3c3c3c3c3c3c3c3c3c3c3c2c3c
       507  <,<<<<<<<<<<<<<<  3c2c3c3c3c3c3c3c3c3c3c3c3c3c3c3c
       504  <<<<<<<<<<<<<,<<  3c3c3c3c3c3c3c3c3c3c3c3c3c2c3c3c
       503  <<<,<<<<<<<<<<<<  3c3c3c2c3c3c3c3c3c3c3c3c3c3c3c3c
       500  <<<<<<<<<<<,<<<<  3c3c3c3c3c3c3c3c3c3c3c2c3c3c3c3c
# epoch 10050  H=1.1360 C=1.1190 HO=0.0169  A(t)=1217
     21692  <<<<<<<<<<<<<<<<  3c3c3c3c3c3c3c3c3c3c3c3c3c3c3c3c
       683  ,,,,,,,,,,,,,,,,  2c2c2c2c2c2c2c2c2c2c2c2c2c2c2c2c
       547  <<<<<<<<<<<<<<<,  3c3c3c3c3c3c3c3c3c3c3c3c3c3c3c2c
       537  ,<<<<<<<<<<<<<<<  2c3c3c3c3c3c3c3c3c3c3c3c3c3c3c3c
       524  <<<<<<<<<<<<<<,<  3c3c3c3c3c3c3c3c3c3c3c3c3c3c2c3c
       518  <,<<<<<<<<<<<<<<  3c2c3c3c3c3c3c3c3c3c3c3c3c3c3c3c
       511  <<,<<<<<<<<<<<<<  3c3c2c3c3c3c3c3c3c3c3c3c3c3c3c3c
       509  <<<<<<<<<<<<<,<<  3c3c3c3c3c3c3c3c3c3c3c3c3c2c3c3c
       506  <<<,<<<<<<<<<<<<  3c3c3c2c3c3c3c3c3c3c3c3c3c3c3c3c
       498  <<<<<<<<<<<<,<<<  3c3c3c3c3c3c3c3c3c3c3c3c2c3c3c3c
# epoch 10100  H=1.2088 C=1.1605 HO=0.0483  A(t)=1217
     20678  <<<<<<<<<<<<<<<<  3c3c3c3c3c3c3c3c3c3c3c3c3c3c3c3c
       850  ,,,,,,,,,,,,,,,,  2c2c2c2c2c2c2c2c2c2c2c2c2c2c2c2c
       568  <<<<<<<<<<<<<<<,  3c3c3c3c3c3c3c3c3c3c3c3c3c3c3c2c
       552  ,<<<<<<<<<<<<<<<  2c3c3c3c3c3c3c3c3c3c3c3c3c3c3c3c
       529  <<<<<<<<<<<<<<,<  3c3c3c3c3c3c3c3c3c3c3c3c3c3c2c3c
       528  <,<<<<<<<<<<<<<<  3c2c3c3c3c3c3c3c3c3c3c3c3c3c3c3c
       526  <<,<<<<<<<<<<<<<  3c3c2c3c3c3c3c3c3c3c3c3c3c3c3c3c
       520  <<<<<<<<<<<<<,<<  3c3c3c3c3c3c3c3c3c3c3c3c3c2c3c3c
       514  <<<,<<<<<<<<<<<<  3c3c3c2c3c3c3c3c3c3c3c3c3c3c3c3c
       513  <<<<<<<<<<<<,<<<  3c3c3c3c3c3c3c3c3c3c3c3c2c3c3c3c
# epoch 10150  H=1.1950 C=1.1226 HO=0.0724  A(t)=1218
     22478  <<<<<<<<<<<<<<<<  3c3c3c3c3c3c3c3c3c3c3c3c3c3c3c3c
       883  ,,,,,,,,,,,,,,,,  2c2c2c2c2c2c2c2c2c2c2c2c2c2c2c2c
       540  <<<<<<<<<<<<<<<,  3c3c3c3c3c3c3c3c3c3c3c3c3c3c3c2c
       526  ,<<<<<<<<<<<<<<<  2c3c3c3c3c3c3c3c3c3c3c3c3c3c3c3c
       517  <<<<<<<<<<<<<<,<  3c3c3c3c3c3c3c3c3c3c3c3c3c3c2c3c
       507  <<<,<<<<<<<<<<<<  3c3c3c2c3c3c3c3c3c3c3c3c3c3c3c3c
       507  <,<<<<<<<<<<<<<<  3c2c3c3c3c3c3c3c3c3c3c3c3c3c3c3c
       503  <<<<,<<<<<<<<<<<  3c3c3c3c2c3c3c3c3c3c3c3c3c3c3c3c
       502  <<,<<<<<<<<<<<<<  3c3c2c3c3c3c3c3c3c3c3c3c3c3c3c3c
       496  <<<<<<<<<<<<<,<<  3c3c3c3c3c3c3c3c3c3c3c3c3c2c3c3c
# epoch 10200  H=1.1640 C=1.1235 HO=0.0405  A(t)=1218
     22482  <<<<<<<<<<<<<<<<  3c3c3c3c3c3c3c3c3c3c3c3c3c3c3c3c
       765  ,,,,,,,,,,,,,,,,  2c2c2c2c2c2c2c2c2c2c2c2c2c2c2c2c
       493  <<<<<<<<<<<<<<<,  3c3c3c3c3c3c3c3c3c3c3c3c3c3c3c2c
       479  ,<<<<<<<<<<<<<<<  2c3c3c3c3c3c3c3c3c3c3c3c3c3c3c3c
       464  <<<<<<<<<<<<<<,<  3c3c3c3c3c3c3c3c3c3c3c3c3c3c2c3c
       461  <<<<<<<<<<<<<,<<  3c3c3c3c3c3c3c3c3c3c3c3c3c2c3c3c
       459  <,<<<<<<<<<<<<<<  3c2c3c3c3c3c3c3c3c3c3c3c3c3c3c3c
       454  <<<,<<<<<<<<<<<<  3c3c3c2c3c3c3c3c3c3c3c3c3c3c3c3c
       454  <<,<<<<<<<<<<<<<  3c3c2c3c3c3c3c3c3c3c3c3c3c3c3c3c
       449  <<<<<<<<<<<<,<<<  3c3c3c3c3c3c3c3c3c3c3c3c2c3c3c3c
# epoch 10250  H=1.3140 C=1.2572 HO=0.0568  A(t)=1229
     20561  <<<<<<<<<<<<<<<<  3c3c3c3c3c3c3c3c3c3c3c3c3c3c3c3c
       730  ,,,,,,,,,,,,,,,,  2c2c2c2c2c2c2c2c2c2c2c2c2c2c2c2c
       450  <<<<<<<<<<<<<<<,  3c3c3c3c3c3c3c3c3c3c3c3c3c3c3c2c
       444  ,<<<<<<<<<<<<<<<  2c3c3c3c3c3c3c3c3c3c3c3c3c3c3c3c
       434  <<<<<<<<<<<<<<,<  3c3c3c3c3c3c3c3c3c3c3c3c3c3c2c3c
       431  <,<<<<<<<<<<<<<<  3c2c3c3c3c3c3c3c3c3c3c3c3c3c3c3c
       428  <<<<<<<,<<<<<<<<  3c3c3c3c3c3c3c2c3c3c3c3c3c3c3c3c
       424  <<<<<<<<<,<<<<<<  3c3c3c3c3c3c3c3c3c2c3c3c3c3c3c3c
       423  <<<<<<<<<<<<<,<<  3c3c3c3c3c3c3c3c3c3c3c3c3c2c3c3c
       423  <<<<<<<<,<<<<<<<  3c3c3c3c3c3c3c3c2c3c3c3c3c3c3c3c
# epoch 10300  H=1.3319 C=1.2542 HO=0.0777  A(t)=1233
     21984  <<<<<<<<<<<<<<<<  3c3c3c3c3c3c3c3c3c3c3c3c3c3c3c3c
      1024  ,,,,,,,,,,,,,,,,  2c2c2c2c2c2c2c2c2c2c2c2c2c2c2c2c
       427  <,<<<<<<<<<<<<<<  3c2c3c3c3c3c3c3c3c3c3c3c3c3c3c3c
       426  ,<<<<<<<<<<<<<<<  2c3c3c3c3c3c3c3c3c3c3c3c3c3c3c3c
       420  <<<<<<<<<<<<<<<,  3c3c3c3c3c3c3c3c3c3c3c3c3c3c3c2c
       417  <<<<<<<<<<<<<<,<  3c3c3c3c3c3c3c3c3c3c3c3c3c3c2c3c
       411  <<,<<<<<<<<<<<<<  3c3c2c3c3c3c3c3c3c3c3c3c3c3c3c3c
       404  <<<<<<<<,<<<<<<<  3c3c3c3c3c3c3c3c2c3c3c3c3c3c3c3c
       401  <<<<<<,<<<<<<<<<  3c3c3c3c3c3c2c3c3c3c3c3c3c3c3c3c
       401  <<<,<<<<<<<<<<<<  3c3c3c2c3c3c3c3c3c3c3c3c3c3c3c3c
# epoch 10350  H=1.3484 C=1.3013 HO=0.0471  A(t)=1233
     21799  <<<<<<<<<<<<<<<<  3c3c3c3c3c3c3c3c3c3c3c3c3c3c3c3c
       477  ,,,,,,,,,,,,,,,,  2c2c2c2c2c2c2c2c2c2c2c2c2c2c2c2c
       476  <<<<<<<<<<<<<<<,  3c3c3c3c3c3c3c3c3c3c3c3c3c3c3c2c
       463  ,<<<<<<<<<<<<<<<  2c3c3c3c3c3c3c3c3c3c3c3c3c3c3c3c
       449  <<<<<<<<<<<<<<,<  3c3c3c3c3c3c3c3c3c3c3c3c3c3c2c3c
       435  <,<<<<<<<<<<<<<<  3c2c3c3c3c3c3c3c3c3c3c3c3c3c3c3c
       431  <<<<<<<,<<<<<<<<  3c3c3c3c3c3c3c2c3c3c3c3c3c3c3c3c
       430  <<<<<<<<<<<<<,<<  3c3c3c3c3c3c3c3c3c3c3c3c3c2c3c3c
       430  <<<<<<<<<<<<,<<<  3c3c3c3c3c3c3c3c3c3c3c3c2c3c3c3c
       429  <<<<<<,<<<<<<<<<  3c3c3c3c3c3c2c3c3c3c3c3c3c3c3c3c
# epoch 10400  H=1.2494 C=1.2455 HO=0.0039  A(t)=1233
     23058  <<<<<<<<<<<<<<<<  3c3c3c3c3c3c3c3c3c3c3c3c3c3c3c3c
       475  <<<<<<<<<<<<<<<,  3c3c3c3c3c3c3c3c3c3c3c3c3c3c3c2c
       461  <<<<<<<<<<<<<<,<  3c3c3c3c3c3c3c3c3c3c3c3c3c3c2c3c
       454  <<<<<<<<<<<<,<<<  3c3c3c3c3c3c3c3c3c3c3c3c2c3c3c3c
       451  <<<<<<<<<<<<<,<<  3c3c3c3c3c3c3c3c3c3c3c3c3c2c3c3c
       450  <<<<<<<<<,<<<<<<  3c3c3c3c3c3c3c3c3c2c3c3c3c3c3c3c
       450  <<<<<<<<,<<<<<<<  3c3c3c3c3c3c3c3c2c3c3c3c3c3c3c3c
       450  <<<<<<<,<<<<<<<<  3c3c3c3c3c3c3c2c3c3c3c3c3c3c3c3c
       449  ,<<<<<<<<<<<<<<<  2c3c3c3c3c3c3c3c3c3c3c3c3c3c3c3c
       444  ,,,,,,,,,,,,,,,,  2c2c2c2c2c2c2c2c2c2c2c2c2c2c2c2c
# epoch 10450  H=1.3851 C=1.3220 HO=0.0631  A(t)=1243
     20388  <<<<<<<<<<<<<<<<  3c3c3c3c3c3c3c3c3c3c3c3c3c3c3c3c
       738  ,,,,,,,,,,,,,,,,  2c2c2c2c2c2c2c2c2c2c2c2c2c2c2c2c
       443  <<<<<<<<<<<<<<<,  3c3c3c3c3c3c3c3c3c3c3c3c3c3c3c2c
       426  <<<<<<<<<<<<<<,<  3c3c3c3c3c3c3c3c3c3c3c3c3c3c2c3c
       422  ,<<<<<<<<<<<<<<<  2c3c3c3c3c3c3c3c3c3c3c3c3c3c3c3c
       421  <<<<<<<<<<<<<,<<  3c3c3c3c3c3c3c3c3c3c3c3c3c2c3c3c
       415  <,<<<<<<<<<<<<<<  3c2c3c3c3c3c3c3c3c3c3c3c3c3c3c3c
       404  <<<<<<<<<<<<,<<<  3c3c3c3c3c3c3c3c3c3c3c3c2c3c3c3c
       404  <<,<<<<<<<<<<<<<  3c3c2c3c3c3c3c3c3c3c3c3c3c3c3c3c
       402  <<<<<<<<<<<,<<<<  3c3c3c3c3c3c3c3c3c3c3c2c3c3c3c3c
# epoch 10500  H=1.2798 C=1.2662 HO=0.0135  A(t)=1251
     22038  <<<<<<<<<<<<<<<<  3c3c3c3c3c3c3c3c3c3c3c3c3c3c3c3c
       578  ,,,,,,,,,,,,,,,,  2c2c2c2c2c2c2c2c2c2c2c2c2c2c2c2c
       440  <<<<<<<<<<<<<<<,  3c3c3c3c3c3c3c3c3c3c3c3c3c3c3c2c
       422  <<<<<<<<<<<<<<,<  3c3c3c3c3c3c3c3c3c3c3c3c3c3c2c3c
       414  ,<<<<<<<<<<<<<<<  2c3c3c3c3c3c3c3c3c3c3c3c3c3c3c3c
       412  <,<<<<<<<<<<<<<<  3c2c3c3c3c3c3c3c3c3c3c3c3c3c3c3c
       405  <<,<<<<<<<<<<<<<  3c3c2c3c3c3c3c3c3c3c3c3c3c3c3c3c
       404  <<<<,<<<<<<<<<<<  3c3c3c3c2c3c3c3c3c3c3c3c3c3c3c3c
       398  <<<<<<<<<<<<<,<<  3c3c3c3c3c3c3c3c3c3c3c3c3c2c3c3c
       396  <<<,<<<<<<<<<<<<  3c3c3c2c3c3c3c3c3c3c3c3c3c3c3c3c
# epoch 10550  H=1.2502 C=1.2354 HO=0.0148  A(t)=1253
     21515  <<<<<<<<<<<<<<<<  3c3c3c3c3c3c3c3c3c3c3c3c3c3c3c3c
       630  ,,,,,,,,,,,,,,,,  2c2c2c2c2c2c2c2c2c2c2c2c2c2c2c2c
       450  <<<<<<<<<<<<<<<,  3c3c3c3c3c3c3c3c3c3c3c3c3c3c3c2c
       434  ,<<<<<<<<<<<<<<<  2c3c3c3c3c3c3c3c3c3c3c3c3c3c3c3c
       430  <<<<<<<<<<<<<<,<  3c3c3c3c3c3c3c3c3c3c3c3c3c3c2c3c
       424  <<<<<<<<<<<<<,<<  3c3c3c3c3c3c3c3c3c3c3c3c3c2c3c3c
       423  <,<<<<<<<<<<<<<<  3c2c3c3c3c3c3c3c3c3c3c3c3c3c3c3c
       414  <<<<<<<<<<<<,<<<  3c3c3c3c3c3c3c3c3c3c3c3c2c3c3c3c
       409  <<,<<<<<<<<<<<<<  3c3c2c3c3c3c3c3c3c3c3c3c3c3c3c3c
       407  <<<<<<<<<<<,<<<<  3c3c3c3c3c3c3c3c3c3c3c2c3c3c3c3c
# epoch 10600  H=1.2578 C=1.2771 HO=-0.0193  A(t)=1255
     19008  <<<<<<<<<<<<<<<<  3c3c3c3c3c3c3c3c3c3c3c3c3c3c3c3c
       514  <<<<<<<<<<<<<<<,  3c3c3c3c3c3c3c3c3c3c3c3c3c3c3c2c
       494  ,<<<<<<<<<<<<<<<  2c3c3c3c3c3c3c3c3c3c3c3c3c3c3c3c
       490  <<<<<<<<<<<<<<,<  3c3c3c3c3c3c3c3c3c3c3c3c3c3c2c3c
       479  <,<<<<<<<<<<<<<<  3c2c3c3c3c3c3c3c3c3c3c3c3c3c3c3c
       474  <<,<<<<<<<<<<<<<  3c3c2c3c3c3c3c3c3c3c3c3c3c3c3c3c
       473  <<<<<<<<<<<<<,<<  3c3c3c3c3c3c3c3c3c3c3c3c3c2c3c3c
       460  <<<<,<<<<<<<<<<<  3c3c3c3c2c3c3c3c3c3c3c3c3c3c3c3c
       457  <<<<<<,<<<<<<<<<  3c3c3c3c3c3c2c3c3c3c3c3c3c3c3c3c
       455  <<<,<<<<<<<<<<<<  3c3c3c2c3c3c3c3c3c3c3c3c3c3c3c3c
# epoch 10650  H=1.2953 C=1.2516 HO=0.0437  A(t)=1262
     21052  <<<<<<<<<<<<<<<<  3c3c3c3c3c3c3c3c3c3c3c3c3c3c3c3c
       702  ,,,,,,,,,,,,,,,,  2c2c2c2c2c2c2c2c2c2c2c2c2c2c2c2c
       495  <<<<<<<<<<<<<<<,  3c3c3c3c3c3c3c3c3c3c3c3c3c3c3c2c
       486  ,<<<<<<<<<<<<<<<  2c3c3c3c3c3c3c3c3c3c3c3c3c3c3c3c
       476  <<<<<<<<<<<<<<,<  3c3c3c3c3c3c3c3c3c3c3c3c3c3c2c3c
       463  <,<<<<<<<<<<<<<<  3c2c3c3c3c3c3c3c3c3c3c3c3c3c3c3c
       458  <<<<<<<<<<<<<,<<  3c3c3c3c3c3c3c3c3c3c3c3c3c2c3c3c
       458  <<,<<<<<<<<<<<<<  3c3c2c3c3c3c3c3c3c3c3c3c3c3c3c3c
       454  <<<<<<<<<<<<,<<<  3c3c3c3c3c3c3c3c3c3c3c3c2c3c3c3c
       446  <<<,<<<<<<<<<<<<  3c3c3c2c3c3c3c3c3c3c3c3c3c3c3c3c
# epoch 10700  H=1.2516 C=1.2441 HO=0.0074  A(t)=1262
     20457  <<<<<<<<<<<<<<<<  3c3c3c3c3c3c3c3c3c3c3c3c3c3c3c3c
       650  ,,,,,,,,,,,,,,,,  2c2c2c2c2c2c2c2c2c2c2c2c2c2c2c2c
       472  <<<<<<<<<<<<<<<,  3c3c3c3c3c3c3c3c3c3c3c3c3c3c3c2c
       448  ,<<<<<<<<<<<<<<<  2c3c3c3c3c3c3c3c3c3c3c3c3c3c3c3c
       436  <<<<<<<<<<<<<<,<  3c3c3c3c3c3c3c3c3c3c3c3c3c3c2c3c
       435  <,<<<<<<<<<<<<<<  3c2c3c3c3c3c3c3c3c3c3c3c3c3c3c3c
       425  <<,<<<<<<<<<<<<<  3c3c2c3c3c3c3c3c3c3c3c3c3c3c3c3c
       423  <<<<<<<<<<<<<,<<  3c3c3c3c3c3c3c3c3c3c3c3c3c2c3c3c
       422  <<<<<<<<<<<,<<<<  3c3c3c3c3c3c3c3c3c3c3c2c3c3c3c3c
       420  <<<<<<<,<<<<<<<<  3c3c3c3c3c3c3c2c3c3c3c3c3c3c3c3c
# epoch 10750  H=1.2789 C=1.2570 HO=0.0219  A(t)=1264
     20630  <<<<<<<<<<<<<<<<  3c3c3c3c3c3c3c3c3c3c3c3c3c3c3c3c
       765  ,,,,,,,,,,,,,,,,  2c2c2c2c2c2c2c2c2c2c2c2c2c2c2c2c
       477  <<<<<<<<<<<<<<<,  3c3c3c3c3c3c3c3c3c3c3c3c3c3c3c2c
       463  <<<<<<<<<<<<<<,<  3c3c3c3c3c3c3c3c3c3c3c3c3c3c2c3c
       458  ,<<<<<<<<<<<<<<<  2c3c3c3c3c3c3c3c3c3c3c3c3c3c3c3c
       444  <<<<<<<<<<<<<,<<  3c3c3c3c3c3c3c3c3c3c3c3c3c2c3c3c
       437  <,<<<<<<<<<<<<<<  3c2c3c3c3c3c3c3c3c3c3c3c3c3c3c3c
       424  <<,<<<<<<<<<<<<<  3c3c2c3c3c3c3c3c3c3c3c3c3c3c3c3c
       415  <<<<<<<<<<<<,<<<  3c3c3c3c3c3c3c3c3c3c3c3c2c3c3c3c
       410  <<<<<<<<<,<<<<<<  3c3c3c3c3c3c3c3c3c2c3c3c3c3c3c3c
# epoch 10800  H=1.2799 C=1.2493 HO=0.0307  A(t)=1271
     21184  <<<<<<<<<<<<<<<<  3c3c3c3c3c3c3c3c3c3c3c3c3c3c3c3c
       624  ,,,,,,,,,,,,,,,,  2c2c2c2c2c2c2c2c2c2c2c2c2c2c2c2c
       478  <<<<<<<<<<<<<<<,  3c3c3c3c3c3c3c3c3c3c3c3c3c3c3c2c
       461  ,<<<<<<<<<<<<<<<  2c3c3c3c3c3c3c3c3c3c3c3c3c3c3c3c
       455  <<<<<<<<<<<<<<,<  3c3c3c3c3c3c3c3c3c3c3c3c3c3c2c3c
       452  <,<<<<<<<<<<<<<<  3c2c3c3c3c3c3c3c3c3c3c3c3c3c3c3c
       446  <<<<<<<<<<<<<,<<  3c3c3c3c3c3c3c3c3c3c3c3c3c2c3c3c
       446  <<,<<<<<<<<<<<<<  3c3c2c3c3c3c3c3c3c3c3c3c3c3c3c3c
       441  <<<<<<<<<<<<,<<<  3c3c3c3c3c3c3c3c3c3c3c3c2c3c3c3c
       429  <<<,<<<<<<<<<<<<  3c3c3c2c3c3c3c3c3c3c3c3c3c3c3c3c
# epoch 10850  H=1.3041 C=1.2971 HO=0.0070  A(t)=1282
     20803  <<<<<<<<<<<<<<<<  3c3c3c3c3c3c3c3c3c3c3c3c3c3c3c3c
       504  <<<<<<<<<<<<<<<,  3c3c3c3c3c3c3c3c3c3c3c3c3c3c3c2c
       479  ,<<<<<<<<<<<<<<<  2c3c3c3c3c3c3c3c3c3c3c3c3c3c3c3c
       477  <<<<<<<<<<<<<<,<  3c3c3c3c3c3c3c3c3c3c3c3c3c3c2c3c
       471  <,<<<<<<<<<<<<<<  3c2c3c3c3c3c3c3c3c3c3c3c3c3c3c3c
       457  <<<<<<<<<<<<<,<<  3c3c3c3c3c3c3c3c3c3c3c3c3c2c3c3c
       453  <<,<<<<<<<<<<<<<  3c3c2c3c3c3c3c3c3c3c3c3c3c3c3c3c
       448  <<<<<<<<<<<<,<<<  3c3c3c3c3c3c3c3c3c3c3c3c2c3c3c3c
       441  <<<<<<<<<<<,<<<<  3c3c3c3c3c3c3c3c3c3c3c2c3c3c3c3c
       437  <<<<<,<<<<<<<<<<  3c3c3c3c3c2c3c3c3c3c3c3c3c3c3c3c
# epoch 10900  H=1.4927 C=1.4386 HO=0.0541  A(t)=1285
     19835  <<<<<<<<<<<<<<<<  3c3c3c3c3c3c3c3c3c3c3c3c3c3c3c3c
       437  <<<<<<<<<<<<<<<,  3c3c3c3c3c3c3c3c3c3c3c3c3c3c3c2c
       415  ,<<<<<<<<<<<<<<<  2c3c3c3c3c3c3c3c3c3c3c3c3c3c3c3c
       410  <<<<<<<<<<<<<<,<  3c3c3c3c3c3c3c3c3c3c3c3c3c3c2c3c
       406  <<<<<<<<,<<<<<<<  3c3c3c3c3c3c3c3c2c3c3c3c3c3c3c3c
       402  <<<<<<<,<<<<<<<<  3c3c3c3c3c3c3c2c3c3c3c3c3c3c3c3c
       398  <<<<<<<<<<<<<,<<  3c3c3c3c3c3c3c3c3c3c3c3c3c2c3c3c
       398  <<<<<<<<<<,<<<<<  3c3c3c3c3c3c3c3c3c3c2c3c3c3c3c3c
       394  <<<<<<<<<<<<,<<<  3c3c3c3c3c3c3c3c3c3c3c3c2c3c3c3c
       394  <<<<<<<<<,<<<<<<  3c3c3c3c3c3c3c3c3c2c3c3c3c3c3c3c
# epoch 10950  H=1.5299 C=1.4839 HO=0.0460  A(t)=1294
     19670  <<<<<<<<<<<<<<<<  3c3c3c3c3c3c3c3c3c3c3c3c3c3c3c3c
       420  <<<<<<<<<<<<<<<,  3c3c3c3c3c3c3c3c3c3c3c3c3c3c3c2c
       407  <<<<<<<<<<<<<<,<  3c3c3c3c3c3c3c3c3c3c3c3c3c3c2c3c
       399  ,<<<<<<<<<<<<<<<  2c3c3c3c3c3c3c3c3c3c3c3c3c3c3c3c
       393  <<<<<<<<<<<<<,<<  3c3c3c3c3c3c3c3c3c3c3c3c3c2c3c3c
       388  <<<<<<<<<<<,<<<<  3c3c3c3c3c3c3c3c3c3c3c2c3c3c3c3c
       387  <<<<<<<<<<<<,<<<  3c3c3c3c3c3c3c3c3c3c3c3c2c3c3c3c
       386  <<<<<<<<<,<<<<<<  3c3c3c3c3c3c3c3c3c2c3c3c3c3c3c3c
       384  <<<<<<<<<<,<<<<<  3c3c3c3c3c3c3c3c3c3c2c3c3c3c3c3c
       384  <<<<<<,<<<<<<<<<  3c3c3c3c3c3c2c3c3c3c3c3c3c3c3c3c
# epoch 11000  H=1.6194 C=1.5255 HO=0.0939  A(t)=1309
     19832  <<<<<<<<<<<<<<<<  3c3c3c3c3c3c3c3c3c3c3c3c3c3c3c3c
       405  <<<<<<<<<<<<<<<,  3c3c3c3c3c3c3c3c3c3c3c3c3c3c3c2c
       392  <<<<<<<<<<<<<<,<  3c3c3c3c3c3c3c3c3c3c3c3c3c3c2c3c
       380  ,<<<<<<<<<<<<<<<  2c3c3c3c3c3c3c3c3c3c3c3c3c3c3c3c
       378  <<<<<<<<<<<<,<<<  3c3c3c3c3c3c3c3c3c3c3c3c2c3c3c3c
       377  <<<<<<<<<<<<<,<<  3c3c3c3c3c3c3c3c3c3c3c3c3c2c3c3c
       375  <<<<<<<<<<<,<<<<  3c3c3c3c3c3c3c3c3c3c3c2c3c3c3c3c
       375  <,<<<<<<<<<<<<<<  3c2c3c3c3c3c3c3c3c3c3c3c3c3c3c3c
       370  <<<<<<<,<<<<<<<<  3c3c3c3c3c3c3c2c3c3c3c3c3c3c3c3c
       370  <<,<<<<<<<<<<<<<  3c3c2c3c3c3c3c3c3c3c3c3c3c3c3c3c
# epoch 11050  H=1.6362 C=1.5365 HO=0.0997  A(t)=1317
     19932  <<<<<<<<<<<<<<<<  3c3c3c3c3c3c3c3c3c3c3c3c3c3c3c3c
       747  ,,,,,,,,,,,,,,,,  2c2c2c2c2c2c2c2c2c2c2c2c2c2c2c2c
       383  <<<<<<<<<<<<<<<,  3c3c3c3c3c3c3c3c3c3c3c3c3c3c3c2c
       367  <<<<<<<<<<<<<<,<  3c3c3c3c3c3c3c3c3c3c3c3c3c3c2c3c
       366  <,<<<<<<<<<<<<<<  3c2c3c3c3c3c3c3c3c3c3c3c3c3c3c3c
       366  ,<<<<<<<<<<<<<<<  2c3c3c3c3c3c3c3c3c3c3c3c3c3c3c3c
       355  <<,<<<<<<<<<<<<<  3c3c2c3c3c3c3c3c3c3c3c3c3c3c3c3c
       344  <<<<,<<<<<<<<<<<  3c3c3c3c2c3c3c3c3c3c3c3c3c3c3c3c
       343  <<<<<<<<<<<<<,<<  3c3c3c3c3c3c3c3c3c3c3c3c3c2c3c3c
       343  <<<<<<<<<<<<,<<<  3c3c3c3c3c3c3c3c3c3c3c3c2c3c3c3c
# epoch 11100  H=1.6888 C=1.5239 HO=0.1649  A(t)=1329
     18931  <<<<<<<<<<<<<<<<  3c3c3c3c3c3c3c3c3c3c3c3c3c3c3c3c
       902  ,,,,,,,,,,,,,,,,  2c2c2c2c2c2c2c2c2c2c2c2c2c2c2c2c
       394  <<<<<<<<<<<<<<<,  3c3c3c3c3c3c3c3c3c3c3c3c3c3c3c2c
       383  ,<<<<<<<<<<<<<<<  2c3c3c3c3c3c3c3c3c3c3c3c3c3c3c3c
       377  <,<<<<<<<<<<<<<<  3c2c3c3c3c3c3c3c3c3c3c3c3c3c3c3c
       372  <<<<<<<<<<<<<<,<  3c3c3c3c3c3c3c3c3c3c3c3c3c3c2c3c
       366  <<,<<<<<<<<<<<<<  3c3c2c3c3c3c3c3c3c3c3c3c3c3c3c3c
       344  <<<<<<<<<<<<<,<<  3c3c3c3c3c3c3c3c3c3c3c3c3c2c3c3c
       342  <<<,<<<<<<<<<<<<  3c3c3c2c3c3c3c3c3c3c3c3c3c3c3c3c
       339  <<<<<<<<<,<<<<<<  3c3c3c3c3c3c3c3c3c2c3c3c3c3c3c3c
# epoch 11150  H=1.5406 C=1.4286 HO=0.1120  A(t)=1338
     19801  <<<<<<<<<<<<<<<<  3c3c3c3c3c3c3c3c3c3c3c3c3c3c3c3c
       449  ,,,,,,,,,,,,,,,,  2c2c2c2c2c2c2c2c2c2c2c2c2c2c2c2c
       424  <<<<<<<<<<<<<<<,  3c3c3c3c3c3c3c3c3c3c3c3c3c3c3c2c
       408  ,<<<<<<<<<<<<<<<  2c3c3c3c3c3c3c3c3c3c3c3c3c3c3c3c
       405  <<<<<<<<<<<<<<,<  3c3c3c3c3c3c3c3c3c3c3c3c3c3c2c3c
       400  <<<<<<<<<<<<<,<<  3c3c3c3c3c3c3c3c3c3c3c3c3c2c3c3c
       397  <<<<<<<<<<<<,<<<  3c3c3c3c3c3c3c3c3c3c3c3c2c3c3c3c
       392  <,<<<<<<<<<<<<<<  3c2c3c3c3c3c3c3c3c3c3c3c3c3c3c3c
       388  <<<<<<<<<<<,<<<<  3c3c3c3c3c3c3c3c3c3c3c2c3c3c3c3c
       384  <<,<<<<<<<<<<<<<  3c3c2c3c3c3c3c3c3c3c3c3c3c3c3c3c
# epoch 11200  H=1.4290 C=1.3445 HO=0.0846  A(t)=1338
     20279  <<<<<<<<<<<<<<<<  3c3c3c3c3c3c3c3c3c3c3c3c3c3c3c3c
       674  ,,,,,,,,,,,,,,,,  2c2c2c2c2c2c2c2c2c2c2c2c2c2c2c2c
       482  <<<<<<<<<<<<<<<,  3c3c3c3c3c3c3c3c3c3c3c3c3c3c3c2c
       463  ,<<<<<<<<<<<<<<<  2c3c3c3c3c3c3c3c3c3c3c3c3c3c3c3c
       458  <<<<<<<<<<<<<<,<  3c3c3c3c3c3c3c3c3c3c3c3c3c3c2c3c
       449  <<<<<<<<<<<<<,<<  3c3c3c3c3c3c3c3c3c3c3c3c3c2c3c3c
       449  <<<<<<<<<<<<,<<<  3c3c3c3c3c3c3c3c3c3c3c3c2c3c3c3c
       448  <<<<,<<<<<<<<<<<  3c3c3c3c2c3c3c3c3c3c3c3c3c3c3c3c
       448  <,<<<<<<<<<<<<<<  3c2c3c3c3c3c3c3c3c3c3c3c3c3c3c3c
       446  <<,<<<<<<<<<<<<<  3c3c2c3c3c3c3c3c3c3c3c3c3c3c3c3c
# epoch 11250  H=1.3512 C=1.2483 HO=0.1029  A(t)=1338
     21899  <<<<<<<<<<<<<<<<  3c3c3c3c3c3c3c3c3c3c3c3c3c3c3c3c
       850  ,,,,,,,,,,,,,,,,  2c2c2c2c2c2c2c2c2c2c2c2c2c2c2c2c
       487  <<<<<<<<<<<<<<<,  3c3c3c3c3c3c3c3c3c3c3c3c3c3c3c2c
       464  ,<<<<<<<<<<<<<<<  2c3c3c3c3c3c3c3c3c3c3c3c3c3c3c3c
       462  <<<<<<<<<<<<<<,<  3c3c3c3c3c3c3c3c3c3c3c3c3c3c2c3c
       456  <<<<<<<<<<<<<,<<  3c3c3c3c3c3c3c3c3c3c3c3c3c2c3c3c
       455  <<,<<<<<<<<<<<<<  3c3c2c3c3c3c3c3c3c3c3c3c3c3c3c3c
       444  <,<<<<<<<<<<<<<<  3c2c3c3c3c3c3c3c3c3c3c3c3c3c3c3c
       437  <<<<<<<<<<<<,<<<  3c3c3c3c3c3c3c3c3c3c3c3c2c3c3c3c
       432  <<<,<<<<<<<<<<<<  3c3c3c2c3c3c3c3c3c3c3c3c3c3c3c3c
# epoch 11300  H=1.3203 C=1.2156 HO=0.1048  A(t)=1338
     21809  <<<<<<<<<<<<<<<<  3c3c3c3c3c3c3c3c3c3c3c3c3c3c3c3c
       818  ,,,,,,,,,,,,,,,,  2c2c2c2c2c2c2c2c2c2c2c2c2c2c2c2c
       460  <<<<<<<<<<<<<<<,  3c3c3c3c3c3c3c3c3c3c3c3c3c3c3c2c
       447  ,<<<<<<<<<<<<<<<  2c3c3c3c3c3c3c3c3c3c3c3c3c3c3c3c
       445  <<<<<<<<<<<<<<,<  3c3c3c3c3c3c3c3c3c3c3c3c3c3c2c3c
       439  <<,<<<<<<<<<<<<<  3c3c2c3c3c3c3c3c3c3c3c3c3c3c3c3c
       436  <,<<<<<<<<<<<<<<  3c2c3c3c3c3c3c3c3c3c3c3c3c3c3c3c
       431  <<<<<<<<<<<<<,<<  3c3c3c3c3c3c3c3c3c3c3c3c3c2c3c3c
       429  <<<,<<<<<<<<<<<<  3c3c3c2c3c3c3c3c3c3c3c3c3c3c3c3c
       427  <<<<<<<,<<<<<<<<  3c3c3c3c3c3c3c2c3c3c3c3c3c3c3c3c
# epoch 11350  H=1.1971 C=1.1523 HO=0.0448  A(t)=1346
     21305  <<<<<<<<<<<<<<<<  3c3c3c3c3c3c3c3c3c3c3c3c3c3c3c3c
       803  ,,,,,,,,,,,,,,,,  2c2c2c2c2c2c2c2c2c2c2c2c2c2c2c2c
       505  <<<<<<<<<<<<<<,<  3c3c3c3c3c3c3c3c3c3c3c3c3c3c2c3c
       500  <<<<<<<<<<<<<<<,  3c3c3c3c3c3c3c3c3c3c3c3c3c3c3c2c
       492  ,<<<<<<<<<<<<<<<  2c3c3c3c3c3c3c3c3c3c3c3c3c3c3c3c
       489  <<<<<,<<<<<<<<<<  3c3c3c3c3c2c3c3c3c3c3c3c3c3c3c3c
       488  <,<<<<<<<<<<<<<<  3c2c3c3c3c3c3c3c3c3c3c3c3c3c3c3c
       486  <<<<<<,<<<<<<<<<  3c3c3c3c3c3c2c3c3c3c3c3c3c3c3c3c
       486  <<<<,<<<<<<<<<<<  3c3c3c3c2c3c3c3c3c3c3c3c3c3c3c3c
       485  <<,<<<<<<<<<<<<<  3c3c2c3c3c3c3c3c3c3c3c3c3c3c3c3c
# epoch 11400  H=1.2283 C=1.1962 HO=0.0321  A(t)=1347
     21087  <<<<<<<<<<<<<<<<  3c3c3c3c3c3c3c3c3c3c3c3c3c3c3c3c
       522  <<<<<<<<<<<<<<<,  3c3c3c3c3c3c3c3c3c3c3c3c3c3c3c2c
       518  ,,,,,,,,,,,,,,,,  2c2c2c2c2c2c2c2c2c2c2c2c2c2c2c2c
       497  ,<<<<<<<<<<<<<<<  2c3c3c3c3c3c3c3c3c3c3c3c3c3c3c3c
       487  <<<<<<<<<<<<<<,<  3c3c3c3c3c3c3c3c3c3c3c3c3c3c2c3c
       481  <<<<<<<<<<<<<,<<  3c3c3c3c3c3c3c3c3c3c3c3c3c2c3c3c
       472  <<<<<<<<<<,<<<<<  3c3c3c3c3c3c3c3c3c3c2c3c3c3c3c3c
       472  <,<<<<<<<<<<<<<<  3c2c3c3c3c3c3c3c3c3c3c3c3c3c3c3c
       471  <<<<<<,<<<<<<<<<  3c3c3c3c3c3c2c3c3c3c3c3c3c3c3c3c
       467  <<<<<,<<<<<<<<<<  3c3c3c3c3c2c3c3c3c3c3c3c3c3c3c3c
# epoch 11450  H=1.3371 C=1.2621 HO=0.0750  A(t)=1350
     21062  <<<<<<<<<<<<<<<<  3c3c3c3c3c3c3c3c3c3c3c3c3c3c3c3c
       878  ,,,,,,,,,,,,,,,,  2c2c2c2c2c2c2c2c2c2c2c2c2c2c2c2c
       490  <<<<<<<<<<<<<<<,  3c3c3c3c3c3c3c3c3c3c3c3c3c3c3c2c
       483  ,<<<<<<<<<<<<<<<  2c3c3c3c3c3c3c3c3c3c3c3c3c3c3c3c
       473  <,<<<<<<<<<<<<<<  3c2c3c3c3c3c3c3c3c3c3c3c3c3c3c3c
       461  <<,<<<<<<<<<<<<<  3c3c2c3c3c3c3c3c3c3c3c3c3c3c3c3c
       456  <<<,<<<<<<<<<<<<  3c3c3c2c3c3c3c3c3c3c3c3c3c3c3c3c
       455  <<<<<<<<<<<<<<,<  3c3c3c3c3c3c3c3c3c3c3c3c3c3c2c3c
       452  <<<<<<<,<<<<<<<<  3c3c3c3c3c3c3c2c3c3c3c3c3c3c3c3c
       452  <<<<<<,<<<<<<<<<  3c3c3c3c3c3c2c3c3c3c3c3c3c3c3c3c
# epoch 11500  H=1.4993 C=1.3652 HO=0.1341  A(t)=1355
     20127  <<<<<<<<<<<<<<<<  3c3c3c3c3c3c3c3c3c3c3c3c3c3c3c3c
      1008  ,,,,,,,,,,,,,,,,  2c2c2c2c2c2c2c2c2c2c2c2c2c2c2c2c
       471  <<<<<<<<<<<<<<<,  3c3c3c3c3c3c3c3c3c3c3c3c3c3c3c2c
       452  <<<<<<<<<<<<<<,<  3c3c3c3c3c3c3c3c3c3c3c3c3c3c2c3c
       445  <,<<<<<<<<<<<<<<  3c2c3c3c3c3c3c3c3c3c3c3c3c3c3c3c
       445  ,<<<<<<<<<<<<<<<  2c3c3c3c3c3c3c3c3c3c3c3c3c3c3c3c
       429  <<<<<<<<<<<<<,<<  3c3c3c3c3c3c3c3c3c3c3c3c3c2c3c3c
       422  <<,<<<<<<<<<<<<<  3c3c2c3c3c3c3c3c3c3c3c3c3c3c3c3c
       418  <<<<<<<<<<<<,<<<  3c3c3c3c3c3c3c3c3c3c3c3c2c3c3c3c
       413  <<<<<<<<<<<,<<<<  3c3c3c3c3c3c3c3c3c3c3c2c3c3c3c3c
