epoch,wall_s,sim_s,entropy_bits,comp_bits,high_order_entropy,brotli2_bits,zlib_bits,hoe_zlib,mean_steps,frac_copy_runs,frac_steps_in_loop,ops_per_run,frac_term_budget,frac_term_off_region,frac_term_unmatched,runs,steps,mutations,distinct_windows,n_persistent,A_t,n_persistent_naive,A_t_naive
0,0.052,0.0,7.997252,8.000488,-0.003236,8.000488,8.003174,-0.005922,0.0,0.0,0.0,0.0,0.0,0.0,0.0,0,0,0,65536,0,0,0,0
50,0.497,0.396,7.983831,7.842163,0.141668,7.886719,7.811401,0.17243,1586.0514,0.538379,0.934924,184.3599,0.177129,0.588906,0.233965,51200,81205833,794,64540,0,0,0,0
100,0.973,0.818,7.976942,7.68335,0.293592,7.87207,7.711792,0.26515,1694.4306,0.568965,0.940319,221.2301,0.193164,0.563926,0.24291,51200,86754845,764,64517,0,0,0,0
150,1.398,1.2,7.970232,7.598877,0.371355,7.855835,7.602905,0.367327,1678.5964,0.596465,0.939149,209.7068,0.191895,0.570234,0.237871,51200,85944135,743,64508,0,0,0,0
200,1.727,1.503,7.964527,7.54248,0.422046,7.824829,7.509155,0.455371,1594.7061,0.616172,0.935417,198.351,0.181934,0.582285,0.235781,51200,81648952,790,64358,0,0,0,0
250,2.136,1.886,7.954497,7.464722,0.489775,7.806396,7.427124,0.527373,1539.222,0.616562,0.932675,188.7973,0.175176,0.596641,0.228184,51200,78808164,770,64401,0,0,0,0
300,2.526,2.202,7.940851,7.372192,0.568658,7.758911,7.344238,0.596612,1451.2072,0.61709,0.928347,180.8584,0.163965,0.601465,0.23457,51200,74301810,838,64347,13,13,13,13
350,2.922,2.57,7.932705,7.389893,0.542813,7.750732,7.299194,0.633511,1437.4301,0.612188,0.927968,165.7719,0.162285,0.598359,0.239355,51200,73596419,813,64357,13,14,13,14
400,3.429,3.051,7.922118,7.342041,0.580077,7.719727,7.263184,0.658935,1416.4247,0.607285,0.926738,161.2304,0.16,0.603594,0.236406,51200,72520944,774,64396,14,15,14,15
450,3.785,3.351,7.898674,7.312866,0.585808,7.703857,7.203735,0.694938,1353.4192,0.608301,0.923092,155.557,0.15248,0.608887,0.238633,51200,69295061,813,64135,16,18,16,18
500,4.116,3.653,7.875439,7.292603,0.582837,7.660522,7.150635,0.724804,1369.058,0.599863,0.924609,159.2649,0.153984,0.600547,0.245469,51200,70095770,770,63908,18,20,18,20
550,4.522,4.031,7.831293,7.197632,0.633661,7.591187,7.060303,0.77099,1365.9618,0.605469,0.923729,156.8951,0.153887,0.613086,0.233027,51200,69937243,744,63388,18,21,18,21
600,4.958,4.407,7.799403,7.181274,0.618129,7.491577,6.987427,0.811977,1359.95,0.609473,0.92326,167.1415,0.152949,0.620273,0.226777,51200,69629440,855,63179,19,22,19,22
650,5.346,4.767,7.747359,7.042725,0.704634,7.443848,6.914673,0.832686,1390.6768,0.605918,0.924519,186.0967,0.15666,0.623262,0.220078,51200,71202652,796,62666,14,22,14,22
700,5.701,5.094,7.676306,6.907227,0.769079,7.31189,6.772949,0.903357,1340.9331,0.609902,0.921022,184.3127,0.150215,0.635039,0.214746,51200,68655776,757,61775,21,30,21,30
750,6.085,5.446,7.617548,6.860229,0.757318,7.244995,6.706543,0.911005,1343.3028,0.616133,0.920509,167.7265,0.150254,0.643242,0.206504,51200,68777101,797,61141,22,31,22,31
800,6.426,5.734,7.538843,6.731079,0.807764,7.123291,6.585815,0.953027,1253.1584,0.613105,0.913806,165.9498,0.140117,0.667461,0.192422,51200,64161710,775,60509,24,34,24,34
850,6.781,6.025,7.46904,6.588989,0.880051,6.977295,6.461914,1.007126,1198.345,0.608945,0.909495,163.6156,0.133047,0.678184,0.18877,51200,61355266,781,59895,29,39,29,39
900,7.186,6.4,7.417234,6.523682,0.893552,6.929077,6.398926,1.018308,1140.5904,0.60748,0.904552,158.7555,0.126016,0.68543,0.188555,51200,58398231,822,59367,40,51,40,51
950,7.453,6.636,7.365569,6.423218,0.942351,6.777832,6.30188,1.063689,1080.2892,0.59791,0.898509,148.9563,0.118574,0.695098,0.186328,51200,55310809,825,58595,41,53,41,53
1000,7.975,7.127,7.310598,6.349365,0.961233,6.716431,6.223267,1.087331,1071.4192,0.606699,0.897488,145.4624,0.117852,0.698691,0.183457,51200,54856663,844,58182,47,61,47,61
1050,8.295,7.375,7.221752,6.220947,1.000805,6.606079,6.105591,1.116161,1050.2053,0.611094,0.894836,148.8729,0.115391,0.708398,0.176211,51200,53770513,824,57413,44,63,44,63
1100,8.578,7.619,7.120509,6.046509,1.074001,6.454834,5.956177,1.164333,1033.0113,0.606074,0.892711,151.0213,0.113105,0.712832,0.174062,51200,52890181,789,55836,48,72,48,72
1150,9.006,8.016,7.042429,5.911133,1.131296,6.340576,5.849731,1.192697,1015.003,0.610742,0.890476,146.8491,0.110938,0.717324,0.171738,51200,51968156,791,55191,49,81,49,81
1200,9.285,8.222,6.971859,5.789185,1.182675,6.222534,5.738647,1.233212,982.7099,0.624922,0.885842,146.8705,0.10666,0.735195,0.158145,51200,50314746,791,54145,50,85,50,85
1250,9.589,8.489,6.882583,5.731812,1.150771,6.140503,5.691162,1.19142,910.7554,0.633184,0.875622,141.1455,0.097285,0.754707,0.148008,51200,46630678,820,54053,57,96,57,96
1300,9.944,8.778,6.782397,5.575562,1.206835,6.005371,5.547729,1.234667,915.3942,0.646113,0.875801,152.3234,0.097969,0.76,0.142031,51200,46868182,734,53198,76,114,76,114
1350,10.322,9.124,6.683939,5.4729,1.211039,5.894043,5.459351,1.224589,896.4638,0.643047,0.872872,123.6223,0.09543,0.761523,0.143047,51200,45898947,803,52916,73,120,73,120
1400,10.567,9.314,6.573058,5.361206,1.211852,5.763306,5.346069,1.226989,849.6559,0.646992,0.865098,110.1975,0.089512,0.774492,0.135996,51200,43502380,778,51639,71,125,71,125
1450,10.788,9.5,6.509146,5.276733,1.232412,5.673706,5.25061,1.258535,825.0355,0.636523,0.861225,106.8473,0.086934,0.773691,0.139375,51200,42241817,810,50545,72,129,72,129
1500,11.028,9.704,6.462696,5.227661,1.235035,5.631836,5.199463,1.263233,790.2188,0.646348,0.854269,109.8381,0.082852,0.782129,0.13502,51200,40459203,816,50799,72,132,72,132
1550,11.296,9.914,6.38608,5.169189,1.216891,5.539307,5.143311,1.24277,750.5956,0.661016,0.846053,106.5322,0.078086,0.785996,0.135918,51200,38430493,780,50216,87,147,87,147
1600,11.501,10.082,6.281682,5.018555,1.263127,5.396851,5.006592,1.27509,731.1393,0.677676,0.841294,107.1912,0.075645,0.793262,0.131094,51200,37434332,753,48800,82,147,82,147
1650,11.797,10.339,6.153994,4.893799,1.260196,5.253418,4.873413,1.280581,709.6463,0.691934,0.835769,105.0732,0.072891,0.800449,0.12666,51200,36333891,757,47603,82,147,82,147
1700,12.027,10.526,6.058854,4.751465,1.307389,5.115234,4.736328,1.322526,698.0458,0.702363,0.832334,104.4502,0.071367,0.80498,0.123652,51200,35739946,767,46576,79,151,79,151
1750,12.396,10.855,6.005241,4.687378,1.317863,5.071045,4.679932,1.325309,687.6397,0.703066,0.829122,105.7306,0.069961,0.814805,0.115234,51200,35207151,764,46384,81,153,81,153
1800,12.585,11.007,5.984822,4.654297,1.330525,5.026733,4.653564,1.331257,622.7872,0.693633,0.810084,103.6236,0.061934,0.826816,0.11125,51200,31886703,746,46362,85,160,85,160
1850,12.803,11.186,5.920778,4.578979,1.341798,4.931641,4.594482,1.326295,609.817,0.695039,0.805979,105.6871,0.060352,0.827773,0.111875,51200,31222631,764,44929,88,167,88,167
1900,13.002,11.346,5.808017,4.462402,1.345615,4.814697,4.483643,1.324375,569.981,0.702383,0.792097,105.6455,0.05543,0.831602,0.112969,51200,29183026,775,43775,108,187,108,187
1950,13.266,11.544,5.697239,4.341675,1.355564,4.674072,4.357422,1.339817,550.6881,0.717598,0.783845,105.5002,0.053008,0.837324,0.109668,51200,28195233,799,42709,120,200,120,200
2000,13.452,11.688,5.569484,4.197754,1.37173,4.553711,4.216675,1.352809,533.6416,0.722988,0.775842,107.5095,0.050781,0.847285,0.101934,51200,27322452,736,40761,133,210,133,210
2050,13.753,11.898,5.401334,4.045044,1.35629,4.327759,4.058594,1.34274,516.1825,0.721211,0.766786,106.4792,0.048594,0.856387,0.09502,51200,26428546,780,38919,135,222,135,222
2100,13.968,12.07,5.264319,3.867188,1.397132,4.17395,3.899902,1.364417,484.8575,0.721504,0.749225,106.2728,0.044551,0.872617,0.082832,51200,24824706,806,37588,146,233,146,233
2150,14.213,12.245,5.196454,3.791016,1.405438,4.078979,3.800659,1.395794,475.8663,0.726523,0.743282,107.0602,0.043301,0.880273,0.076426,51200,24364355,820,37084,165,251,165,251
2200,14.614,12.596,5.143763,3.731445,1.412318,4.04248,3.750122,1.393641,444.9546,0.716191,0.726457,103.3476,0.03959,0.877598,0.082812,51200,22781675,771,36787,167,261,167,261
2250,14.803,12.735,5.058232,3.642578,1.415654,3.943604,3.675171,1.383061,423.717,0.707422,0.712887,102.3847,0.036953,0.880859,0.082188,51200,21694308,829,36148,176,274,176,274
2300,15.08,12.947,4.937018,3.559326,1.377691,3.859619,3.581055,1.355963,423.6934,0.692344,0.711271,104.1056,0.03668,0.889395,0.073926,51200,21693101,779,35952,170,285,170,285
2350,15.26,13.074,4.721853,3.379883,1.34197,3.66272,3.408081,1.313772,384.6285,0.711211,0.681055,102.9587,0.031875,0.897051,0.071074,51200,19692981,728,32673,176,289,176,289
2400,15.53,13.292,4.64759,3.304321,1.343269,3.579224,3.340332,1.307258,348.2278,0.728164,0.645856,102.2912,0.027305,0.905488,0.067207,51200,17829265,802,32921,163,291,163,291
2450,15.751,13.464,4.550147,3.220093,1.330054,3.510986,3.265991,1.284156,330.5362,0.715762,0.625963,100.4907,0.025098,0.911152,0.06375,51200,16923451,818,32863,165,298,165,298
2500,15.988,13.606,4.511627,3.226685,1.284942,3.515381,3.283325,1.228302,300.1414,0.727891,0.586911,99.9502,0.021211,0.918887,0.059902,51200,15367241,793,33183,179,318,179,318
2550,16.168,13.736,4.43564,3.15564,1.28,3.436523,3.221069,1.214571,291.7979,0.726973,0.574067,102.3766,0.020215,0.925156,0.054629,51200,14940053,790,32647,192,335,192,335
2600,16.406,13.854,4.276071,3.05127,1.224802,3.340698,3.0979,1.178171,300.1869,0.726895,0.587023,101.6471,0.021191,0.918809,0.06,51200,15369571,832,31135,209,342,209,342
2650,16.594,13.991,4.111328,2.889282,1.222045,3.16272,2.938599,1.172729,277.0221,0.724258,0.54998,105.1911,0.018379,0.930781,0.05084,51200,14183533,785,28923,212,347,212,347
2700,16.746,14.091,3.987184,2.778076,1.209108,3.023438,2.82312,1.164064,274.8632,0.73877,0.546868,107.2943,0.018047,0.930332,0.051621,51200,14072994,827,27383,231,361,231,361
2750,16.899,14.194,3.884558,2.655762,1.228797,2.903442,2.689331,1.195227,262.7044,0.752129,0.525971,109.4557,0.016523,0.931855,0.051621,51200,13450465,773,26444,226,369,226,369
2800,17.153,14.367,3.814891,2.559814,1.255076,2.803467,2.608887,1.206004,254.3681,0.752637,0.508419,110.3215,0.01541,0.93916,0.04543,51200,13023645,792,25325,239,390,239,390
2850,17.3,14.463,3.688647,2.44104,1.247607,2.652344,2.468384,1.220263,241.8063,0.76168,0.482521,110.5092,0.013867,0.940039,0.046094,51200,12380480,806,23344,237,402,237,402
2900,17.459,14.561,3.647492,2.418823,1.228669,2.642334,2.455566,1.191926,261.5909,0.766523,0.520944,113.3594,0.016309,0.943711,0.03998,51200,13393453,783,23533,231,427,231,427
2950,17.609,14.658,3.660817,2.411743,1.249074,2.638428,2.459717,1.201101,263.983,0.759746,0.523691,114.0043,0.016621,0.949238,0.034141,51200,13515932,745,23599,225,439,225,439
3000,17.762,14.756,3.713992,2.422241,1.29175,2.64563,2.469849,1.244143,250.1691,0.745059,0.497809,112.9539,0.014785,0.948867,0.036348,51200,12808660,830,23438,222,448,222,448
3050,17.964,14.855,3.640178,2.384766,1.255412,2.60498,2.431396,1.208781,250.3015,0.752324,0.499096,113.6868,0.014824,0.945605,0.03957,51200,12815436,797,22510,249,468,249,468
3100,18.206,15.048,3.54215,2.30481,1.23734,2.517456,2.340454,1.201696,258.0517,0.774863,0.512563,118.8023,0.015859,0.951055,0.033086,51200,13212246,791,21889,257,480,257,480
3150,18.362,15.151,3.437067,2.203979,1.233088,2.438843,2.244141,1.192927,268.7329,0.764531,0.531979,124.5942,0.01707,0.950293,0.032637,51200,13759125,768,21002,260,491,260,491
3200,18.546,15.289,3.492138,2.230835,1.261304,2.465576,2.275391,1.216748,236.9931,0.771445,0.468358,114.4348,0.013281,0.954375,0.032344,51200,12134045,840,21792,293,516,293,516
3250,18.692,15.386,3.365224,2.160767,1.204457,2.374878,2.192993,1.172231,218.5693,0.771816,0.422201,114.2712,0.011035,0.959297,0.029668,51200,11190748,736,21771,277,529,277,529
3300,18.894,15.538,3.134984,1.9729,1.162084,2.159912,1.997437,1.137548,214.4774,0.793789,0.410902,117.6054,0.01084,0.962734,0.026426,51200,10981241,763,18632,280,533,280,533
3350,19.064,15.628,3.039855,1.911377,1.128479,2.071533,1.920654,1.119201,212.6955,0.801719,0.405111,119.2178,0.010605,0.964707,0.024688,51200,10890008,775,17627,272,533,272,533
3400,19.273,15.787,2.916084,1.78125,1.134834,1.949097,1.797241,1.118843,183.7869,0.821777,0.309518,117.7893,0.007012,0.969082,0.023906,51200,9409887,781,16057,264,538,264,538
3450,19.417,15.874,2.846875,1.748169,1.098706,1.91687,1.754395,1.092481,189.6967,0.810254,0.329978,126.6617,0.007715,0.97041,0.021875,51200,9712473,832,15811,270,545,270,545
3500,19.594,15.959,2.942318,1.810547,1.131771,2.003418,1.836182,1.106136,177.0647,0.800957,0.282164,122.6101,0.006152,0.972344,0.021504,51200,9065712,771,16738,272,549,272,549
3550,19.89,16.127,2.940506,1.799561,1.140946,1.999146,1.831787,1.108719,181.4551,0.795078,0.301292,119.4732,0.006738,0.967402,0.025859,51200,9290502,812,16661,310,566,310,566
3600,20.027,16.212,2.921619,1.843994,1.077625,2.029297,1.871338,1.050281,182.3041,0.797969,0.302544,120.8806,0.006797,0.972012,0.021191,51200,9333970,784,16912,301,570,301,570
3650,20.162,16.297,2.965375,1.822632,1.142744,2.008301,1.859375,1.106,181.7367,0.78375,0.300873,119.3192,0.006738,0.971523,0.021738,51200,9304920,785,16964,311,580,311,580
3700,20.322,16.391,2.965224,1.824951,1.140273,2.013184,1.864868,1.100356,184.3898,0.788652,0.31115,121.6491,0.00707,0.97043,0.0225,51200,9440756,740,17314,325,592,325,592
3750,20.52,16.536,2.873724,1.800171,1.073553,1.975952,1.819702,1.054022,182.6282,0.799688,0.303595,117.3279,0.006836,0.971973,0.021191,51200,9350562,789,17218,307,598,307,598
3800,20.659,16.623,2.844846,1.766479,1.078366,1.948242,1.789307,1.055539,169.8133,0.813496,0.249454,115.8171,0.005234,0.975781,0.018984,51200,8694443,771,17023,296,603,296,603
3850,20.85,16.707,2.815177,1.771851,1.043326,1.937256,1.786743,1.028434,168.7902,0.818262,0.245764,116.0963,0.005117,0.974238,0.020645,51200,8642059,790,16960,282,605,286,605
3900,21.045,16.843,2.74964,1.694214,1.055426,1.858032,1.69519,1.05445,170.5913,0.808613,0.251952,116.0654,0.005293,0.978164,0.016543,51200,8734275,764,16407,272,607,276,607
3950,21.188,16.925,2.627228,1.623047,1.004181,1.765625,1.618164,1.009064,164.2181,0.803359,0.223286,116.7071,0.004512,0.97875,0.016738,51200,8407965,826,14944,287,613,291,613
4000,21.372,17.046,2.635331,1.62561,1.009721,1.784302,1.635986,0.999345,158.4782,0.813691,0.196348,116.9611,0.003828,0.977227,0.018945,51200,8114083,825,15137,275,614,279,614
4050,21.598,17.167,2.533141,1.547974,0.985167,1.691772,1.537964,0.995177,163.0346,0.783535,0.217084,117.9079,0.004355,0.980547,0.015098,51200,8347370,763,14636,284,622,291,622
4100,21.734,17.249,2.554913,1.598999,0.955914,1.749512,1.598755,0.956158,148.0451,0.782773,0.13807,117.8742,0.0025,0.980957,0.016543,51200,7579911,773,14787,300,628,308,628
4150,21.886,17.328,2.486319,1.547363,0.938956,1.683228,1.53772,0.948599,141.7138,0.806094,0.098759,117.338,0.001719,0.98291,0.015371,51200,7255749,766,14093,290,629,294,629
4200,22.069,17.452,2.383625,1.457642,0.925983,1.597412,1.454102,0.929523,144.187,0.789141,0.11335,118.306,0.002012,0.984727,0.013262,51200,7382374,778,13579,284,632,288,632
4250,22.245,17.529,2.443666,1.484009,0.959657,1.634399,1.483765,0.959901,145.0489,0.802422,0.118127,118.3293,0.002109,0.985078,0.012812,51200,7426502,788,14317,253,632,257,632
4300,22.533,17.71,2.539905,1.57666,0.963245,1.723633,1.568237,0.971667,142.5704,0.786289,0.103596,117.3731,0.001816,0.983027,0.015156,51200,7299603,797,14974,261,640,265,640
4350,22.672,17.796,2.481031,1.533813,0.947217,1.6875,1.540283,0.940748,143.7686,0.792773,0.110351,117.3535,0.001953,0.984414,0.013633,51200,7360952,795,14446,272,648,277,648
4400,22.806,17.877,2.550583,1.582153,0.96843,1.744751,1.594971,0.955613,142.6245,0.81123,0.103483,117.5009,0.001816,0.983633,0.014551,51200,7302373,761,14871,267,651,275,651
4450,22.981,17.992,2.54754,1.568726,0.978814,1.72522,1.581665,0.965875,157.5252,0.808457,0.188444,122.572,0.003652,0.98373,0.012617,51200,8065292,774,15038,268,653,276,653
4500,23.187,18.139,2.533477,1.528442,1.005035,1.690796,1.543945,0.989532,144.2959,0.787676,0.113382,116.9825,0.002012,0.985039,0.012949,51200,7387950,769,14636,264,658,271,658
4550,23.32,18.219,2.533417,1.551147,0.982269,1.710449,1.561279,0.972137,143.3292,0.794219,0.107342,117.4274,0.001895,0.985117,0.012988,51200,7338453,758,14685,284,666,291,666
4600,23.48,18.297,2.505572,1.516724,0.988849,1.662109,1.525269,0.980304,143.2414,0.789707,0.106278,117.3721,0.001875,0.985996,0.012129,51200,7333960,768,14472,263,668,270,668
4650,23.767,18.482,2.584448,1.597534,0.986913,1.746094,1.599609,0.984838,144.4182,0.796699,0.114275,117.7439,0.002031,0.984707,0.013262,51200,7394214,737,15265,265,670,269,670
4700,23.942,18.599,2.455912,1.4823,0.973612,1.619507,1.484253,0.971659,131.9601,0.809375,0.027637,116.8838,0.000449,0.989609,0.009941,51200,6756358,753,14236,262,675,267,676
4750,24.132,18.679,2.370073,1.440186,0.929887,1.575684,1.440308,0.929765,128.3892,0.811074,0.0,118.282,0.0,0.99002,0.00998,51200,6573528,808,13023,259,675,267,676
4800,24.296,18.791,2.435125,1.50415,0.930974,1.63147,1.496948,0.938176,128.3513,0.81543,0.0,118.3203,0.0,0.990039,0.009961,51200,6571588,828,14191,286,680,294,681
4850,24.428,18.867,2.414493,1.47522,0.939274,1.621216,1.486572,0.927921,128.216,0.806035,0.0,117.7323,0.0,0.988164,0.011836,51200,6564658,794,13712,289,681,305,686
4900,24.626,18.958,2.317354,1.430298,0.887056,1.556152,1.422974,0.894381,128.2029,0.810117,0.0,117.5846,0.0,0.987754,0.012246,51200,6563991,862,13358,286,687,303,692
4950,24.892,19.123,2.339727,1.396362,0.943364,1.523071,1.383423,0.956304,128.3641,0.830176,0.0,118.1124,0.0,0.990156,0.009844,51200,6572242,782,13632,280,687,302,692
5000,25.04,19.215,2.308272,1.375488,0.932784,1.506348,1.366821,0.941451,128.6392,0.819824,0.0,118.15,0.0,0.994844,0.005156,51200,6586327,769,13211,294,688,314,694
5050,25.213,19.292,2.313333,1.382202,0.931131,1.503906,1.363403,0.94993,128.4699,0.822578,0.0,117.9876,0.0,0.991191,0.008809,51200,6577661,813,13296,286,693,304,699
5100,25.424,19.443,2.217357,1.361938,0.855419,1.488037,1.345947,0.87141,128.469,0.80623,0.0,118.4918,0.0,0.991699,0.008301,51200,6577612,759,13160,269,694,287,700
5150,25.562,19.525,2.156079,1.321289,0.83479,1.44043,1.304321,0.851758,128.7229,0.804082,0.0,119.7906,0.0,0.995645,0.004355,51200,6590610,775,12325,269,701,289,707
5200,25.751,19.639,2.174306,1.339844,0.834462,1.460693,1.316895,0.857411,128.6306,0.813789,0.0,120.3047,0.0,0.994648,0.005352,51200,6585887,798,12535,257,705,280,712
5250,25.891,19.723,2.203077,1.384277,0.8188,1.514893,1.363647,0.839429,128.6498,0.82334,0.0,119.9714,0.0,0.994473,0.005527,51200,6586870,798,13048,267,714,287,721
5300,26.022,19.8,2.195918,1.343994,0.851924,1.476196,1.340454,0.855464,128.7894,0.834648,0.0,119.5696,0.0,0.996562,0.003438,51200,6594017,804,12939,259,714,280,722
5350,26.272,19.937,2.269995,1.380493,0.889502,1.516968,1.37146,0.898535,128.6015,0.814375,0.0,119.0775,0.0,0.993652,0.006348,51200,6584395,767,12725,259,715,275,723
5400,26.504,20.083,2.195625,1.341919,0.853706,1.460571,1.326416,0.869208,128.5376,0.814746,0.0,119.4368,0.0,0.992695,0.007305,51200,6581123,806,12339,273,715,290,724
5450,26.639,20.159,2.154483,1.267944,0.886538,1.388184,1.249146,0.905337,128.5615,0.820391,0.0,120.2607,0.0,0.993184,0.006816,51200,6582350,769,11314,275,717,292,726
5500,26.816,20.236,2.168024,1.317383,0.850641,1.449829,1.300537,0.867487,128.5019,0.825508,0.0,120.156,0.0,0.992129,0.007871,51200,6579297,810,11656,283,717,300,726
5550,26.997,20.364,2.160105,1.312012,0.848093,1.437256,1.304688,0.855418,128.4709,0.844863,0.0,120.0204,0.0,0.991582,0.008418,51200,6577711,772,11740,289,718,306,727
5600,27.127,20.441,2.179013,1.312378,0.866635,1.439209,1.294678,0.884335,128.5328,0.853301,0.0,120.1557,0.0,0.992461,0.007539,51200,6580880,772,11283,303,720,321,729
5650,27.3,20.561,2.159207,1.301392,0.857815,1.418335,1.287842,0.871365,128.7679,0.829844,0.0,119.9331,0.0,0.996387,0.003613,51200,6592914,793,11078,326,720,344,729
5700,27.428,20.637,2.084381,1.258057,0.826324,1.377563,1.240845,0.843536,128.713,0.819707,0.0,120.1951,0.0,0.995527,0.004473,51200,6590104,778,11196,326,720,348,733
5750,27.672,20.764,2.062722,1.229614,0.833108,1.345947,1.21106,0.851662,128.6894,0.808555,0.0,120.3738,0.0,0.99502,0.00498,51200,6588898,782,11236,311,723,329,737
5800,27.93,20.924,2.111546,1.268188,0.843357,1.38623,1.255127,0.856419,128.6425,0.814062,0.0,120.5575,0.0,0.994492,0.005508,51200,6586498,790,11394,292,725,309,739
5850,28.058,21.0,2.211845,1.366089,0.845756,1.491577,1.359741,0.852103,128.5514,0.816895,0.0,119.4335,0.0,0.993496,0.006504,51200,6581830,855,12324,286,728,303,742
5900,28.186,21.076,2.127786,1.27124,0.856545,1.385254,1.254517,0.873269,128.5757,0.843691,0.0,119.6612,0.0,0.993535,0.006465,51200,6583078,780,10943,284,734,302,750
5950,28.384,21.198,2.068341,1.222412,0.845929,1.338013,1.207275,0.861066,128.8102,0.845625,0.0,120.9001,0.0,0.997148,0.002852,51200,6595084,788,9764,279,734,297,750
6000,28.513,21.275,2.06704,1.228882,0.838158,1.344482,1.203979,0.86306,128.7092,0.853281,0.0,122.115,0.0,0.995391,0.004609,51200,6589913,790,9858,285,734,301,750
6050,28.769,21.447,2.219733,1.299072,0.92066,1.423462,1.275879,0.943854,128.6963,0.840801,0.0,121.2292,0.0,0.995234,0.004766,51200,6589251,793,11574,305,735,322,752
6100,28.901,21.527,2.159351,1.266235,0.893115,1.390869,1.251221,0.90813,128.7346,0.845996,0.0,120.6637,0.0,0.996035,0.003965,51200,6591210,797,10738,337,736,353,753
6150,29.035,21.607,2.106172,1.217041,0.889131,1.346191,1.205444,0.900727,128.8538,0.848652,0.0,121.3014,0.0,0.997773,0.002227,51200,6597314,771,10231,351,740,367,757
6200,29.178,21.698,2.059279,1.189087,0.870192,1.310059,1.165405,0.893874,128.725,0.851797,0.0,121.4244,0.0,0.995801,0.004199,51200,6590719,802,10312,336,743,352,760
6250,29.329,21.798,1.993295,1.152466,0.840829,1.272949,1.126099,0.867197,128.8064,0.850762,0.0,122.7614,0.0,0.997109,0.002891,51200,6594887,791,8978,348,746,356,763
6300,29.458,21.873,1.976441,1.176147,0.800294,1.286133,1.144409,0.832032,128.9339,0.861426,0.0,122.737,0.0,0.998965,0.001035,51200,6601417,771,9691,329,749,339,766
6350,29.641,21.953,1.902887,1.110107,0.792779,1.234253,1.083496,0.819391,128.8254,0.841387,0.0,122.9125,0.0,0.9975,0.0025,51200,6595862,755,8756,325,752,334,769
6400,29.795,22.056,1.950932,1.145996,0.804936,1.266846,1.117676,0.833257,128.6173,0.841641,0.0,122.9832,0.0,0.993848,0.006152,51200,6585208,833,9278,323,755,334,773
6450,29.947,22.155,1.921091,1.10498,0.816111,1.218628,1.070312,0.850779,128.7335,0.830566,0.0,122.533,0.0,0.995508,0.004492,51200,6591153,786,8486,315,755,324,773
6500,30.242,22.349,1.97318,1.154419,0.818761,1.257324,1.114624,0.858556,128.875,0.857383,0.0,123.2898,0.0,0.998047,0.001953,51200,6598402,807,8847,333,756,342,774
6550,30.388,22.442,1.96909,1.132935,0.836156,1.245117,1.100952,0.868138,128.9273,0.863047,0.0,123.2544,0.0,0.998789,0.001211,51200,6601079,784,8621,334,757,343,775
6600,30.525,22.518,2.033258,1.183594,0.849664,1.298584,1.1521,0.881158,133.3283,0.86666,0.034524,123.5134,0.000566,0.995527,0.003906,51200,6826408,800,9477,362,765,368,783
6650,30.753,22.671,2.084304,1.196411,0.887893,1.322144,1.176147,0.908156,147.0309,0.862793,0.126256,123.9989,0.002285,0.991465,0.00625,51200,7527983,764,9263,371,765,375,783
6700,30.893,22.76,2.043053,1.1875,0.855553,1.295166,1.160278,0.882775,138.1296,0.857246,0.068941,123.4481,0.001172,0.993809,0.00502,51200,7072234,748,9355,358,768,372,786
6750,31.029,22.841,1.987027,1.163818,0.823209,1.267212,1.136963,0.850065,128.7199,0.84623,0.0,122.3253,0.0,0.995781,0.004219,51200,6590461,779,9771,350,769,364,787
6800,31.184,22.948,1.937396,1.11731,0.820087,1.221191,1.084839,0.852557,128.8498,0.825332,0.0,122.3947,0.0,0.997773,0.002227,51200,6597108,800,9817,319,776,334,794
6850,31.352,23.034,2.023518,1.199463,0.824055,1.312988,1.172852,0.850667,128.9125,0.798672,0.0,122.5062,0.0,0.998691,0.001309,51200,6600320,796,10515,308,780,323,797
6900,31.482,23.109,2.111369,1.291504,0.819865,1.410767,1.265991,0.845377,128.7898,0.802363,0.0,121.0377,0.0,0.996699,0.003301,51200,6594036,817,12008,292,790,307,807
6950,31.679,23.189,2.142815,1.280762,0.862053,1.40564,1.266113,0.876701,128.9003,0.816484,0.0,120.7662,0.0,0.998457,0.001543,51200,6599697,770,12281,278,793,293,810
7000,31.845,23.301,2.182554,1.299438,0.883116,1.420654,1.280029,0.902525,128.8843,0.823438,0.0,120.346,0.0,0.998184,0.001816,51200,6598874,789,11815,262,793,277,810
7050,31.983,23.384,2.197635,1.29541,0.902225,1.413086,1.280762,0.916873,128.9775,0.827129,0.0,120.1223,0.0,0.999609,0.000391,51200,6603646,812,11878,260,793,276,810
7100,32.116,23.463,2.079418,1.229248,0.850169,1.341064,1.208618,0.870799,128.7861,0.823926,0.0,120.2822,0.0,0.996758,0.003242,51200,6593850,760,11207,271,800,288,818
7150,32.294,23.539,2.143688,1.297974,0.845714,1.423462,1.28125,0.862438,128.7578,0.801562,0.0,120.1375,0.0,0.996309,0.003691,51200,6592401,798,12164,264,800,278,818
7200,32.462,23.647,2.229754,1.339966,0.889788,1.464233,1.328613,0.90114,128.8179,0.807363,0.0,119.3799,0.0,0.997051,0.002949,51200,6595474,802,12382,287,816,301,834
7250,32.594,23.725,2.161609,1.303223,0.858386,1.425903,1.279053,0.882556,130.0776,0.827852,0.008545,121.3364,0.000137,0.999414,0.000449,51200,6659975,802,11240,300,818,314,836
7300,32.74,23.808,2.145743,1.306885,0.838858,1.425903,1.276367,0.869376,128.8029,0.834316,0.0,120.5712,0.0,0.997129,0.002871,51200,6594706,813,11929,306,823,314,841
7350,32.939,23.914,2.135828,1.308716,0.827112,1.419922,1.282471,0.853357,129.9946,0.809434,0.010965,121.0038,0.000176,0.993828,0.005996,51200,6655721,764,11780,286,825,301,843
7400,33.07,23.99,2.04279,1.233032,0.809757,1.351685,1.203369,0.83942,128.7744,0.826406,0.0,121.0696,0.0,0.996758,0.003242,51200,6593247,789,10899,294,826,311,845
7450,33.202,24.069,2.005269,1.194946,0.810323,1.304199,1.156738,0.848531,128.6433,0.829473,0.0,121.7478,0.0,0.994727,0.005273,51200,6586537,793,9963,308,835,331,861
7500,33.353,24.143,1.957085,1.143555,0.81353,1.253418,1.10144,0.855645,128.7505,0.824648,0.0,122.7015,0.0,0.996387,0.003613,51200,6592028,817,9308,279,835,316,861
7550,33.479,24.219,1.940226,1.138062,0.802165,1.247437,1.105225,0.835001,129.0,0.834512,0.0,122.7113,0.0,1.0,0.0,51200,6604800,820,9637,269,835,313,864
7600,33.605,24.294,2.007336,1.195679,0.811657,1.310303,1.166138,0.841198,128.7653,0.83791,0.0,121.9564,0.0,0.996367,0.003633,51200,6592784,817,10456,270,835,308,864
7650,33.818,24.446,1.977125,1.169922,0.807203,1.282471,1.148682,0.828443,128.5853,0.838555,0.0,121.4156,0.0,0.992969,0.007031,51200,6583568,736,9939,262,835,301,864
7700,33.945,24.522,2.076824,1.22937,0.847453,1.351318,1.208984,0.867839,128.7384,0.842988,0.0,121.9112,0.0,0.996094,0.003906,51200,6591404,805,10389,259,835,296,864
7750,34.078,24.601,2.139503,1.323975,0.815529,1.439331,1.314209,0.825294,128.616,0.858418,0.0,120.3531,0.0,0.993594,0.006406,51200,6585141,818,11567,266,835,305,864
7800,34.265,24.678,2.248699,1.37915,0.869549,1.499023,1.374268,0.874432,128.7748,0.878906,0.0,119.3829,0.0,0.996328,0.003672,51200,6593268,827,11779,278,835,317,871
7850,34.509,24.859,2.263292,1.424805,0.838487,1.533447,1.412231,0.85106,128.7016,0.860605,0.0,119.0126,0.0,0.99543,0.00457,51200,6589520,809,12754,310,847,344,883
7900,34.641,24.936,2.35214,1.501221,0.85092,1.631592,1.498535,0.853605,128.6598,0.847754,0.0,118.2763,0.0,0.995059,0.004941,51200,6587380,747,14035,319,848,350,884
7950,34.775,25.019,2.524736,1.641235,0.8835,1.780151,1.650757,0.873979,128.9412,0.845508,0.0,115.7597,0.0,0.999121,0.000879,51200,6601791,827,16868,299,848,328,884
8000,34.948,25.137,2.496191,1.631836,0.864355,1.765015,1.635376,0.860815,128.927,0.825625,0.0,114.0377,0.0,0.99877,0.00123,51200,6601061,787,15963,297,849,322,885
8050,35.083,25.217,2.413733,1.519165,0.894568,1.671143,1.54248,0.871253,128.887,0.828184,0.0,115.0191,0.0,0.998105,0.001895,51200,6599012,765,14899,277,851,308,887
8100,35.24,25.314,2.332777,1.479614,0.853162,1.627319,1.484009,0.848768,128.8817,0.817305,0.0,116.5864,0.0,0.99791,0.00209,51200,6598744,838,13388,251,852,306,888
8150,35.376,25.395,2.262491,1.45813,0.804361,1.605103,1.461548,0.800943,128.8771,0.819434,0.0,117.9971,0.0,0.997969,0.002031,51200,6598508,758,13407,258,858,313,894
8200,35.64,25.553,2.257753,1.4375,0.820253,1.575806,1.433228,0.824526,128.8924,0.825371,0.0,117.8999,0.0,0.998379,0.001621,51200,6599290,810,13535,241,864,302,900
8250,35.923,25.724,2.295214,1.463501,0.831713,1.596191,1.44812,0.847094,128.9962,0.827832,0.0,118.1915,0.0,0.999941,5.9e-05,51200,6604605,821,13571,251,867,318,909
8300,36.056,25.804,2.309589,1.46167,0.84792,1.599365,1.46814,0.84145,128.8481,0.847422,0.0,117.6821,0.0,0.997852,0.002148,51200,6597022,812,14060,254,871,322,913
8350,36.203,25.882,2.245439,1.417236,0.828203,1.548584,1.40564,0.8398,128.6557,0.844844,0.0,117.7827,0.0,0.99459,0.00541,51200,6587170,781,12362,270,871,337,914
8400,36.45,26.058,2.149655,1.356079,0.793576,1.481934,1.327759,0.821897,128.6145,0.844102,0.0,118.8651,0.0,0.994121,0.005879,51200,6585060,790,12132,283,871,334,916
8450,36.582,26.135,2.135353,1.306152,0.829201,1.425293,1.28479,0.850563,128.7421,0.859902,0.0,119.8928,0.0,0.995645,0.004355,51200,6591596,754,11098,250,871,321,916
8500,36.712,26.21,1.99374,1.195068,0.798671,1.309448,1.160889,0.832851,128.9105,0.85668,0.0,121.3313,0.0,0.99873,0.00127,51200,6600218,819,9434,271,871,345,920
8550,36.847,26.29,1.837306,1.131104,0.706202,1.24353,1.090088,0.747218,129.0,0.874297,0.0,122.6424,0.0,1.0,0.0,51200,6604800,808,8490,263,871,341,920
8600,37.061,26.402,1.978295,1.186523,0.791772,1.292725,1.158569,0.819726,128.925,0.877734,1.9e-05,122.9383,0.0,0.99877,0.00123,51200,6600960,753,9809,251,871,326,920
8650,37.261,26.55,1.994743,1.229004,0.76574,1.351074,1.20105,0.793694,128.8148,0.870195,0.0,121.5301,0.0,0.996953,0.003047,51200,6595319,801,10518,235,871,318,920
8700,37.387,26.625,2.065914,1.263916,0.801998,1.390137,1.251221,0.814693,128.9144,0.86668,0.0,120.8892,0.0,0.99875,0.00125,51200,6600419,727,11239,238,871,322,920
8750,37.633,26.757,2.138665,1.344727,0.793938,1.479858,1.335938,0.802727,128.9449,0.860879,0.0,120.0613,0.0,0.999141,0.000859,51200,6601979,811,11124,252,871,320,920
8800,37.802,26.873,2.066416,1.289307,0.77711,1.421265,1.273926,0.79249,128.8292,0.869688,0.0,120.3987,0.0,0.997207,0.002793,51200,6596057,800,10232,253,871,319,920
8850,37.951,26.949,2.018591,1.218872,0.799719,1.343994,1.199097,0.819494,128.6734,0.85623,0.0,120.7078,0.0,0.995039,0.004961,51200,6588078,840,9750,250,871,318,920
8900,38.204,27.098,2.006696,1.209961,0.796735,1.31897,1.180298,0.826398,128.8099,0.85418,0.0,121.8678,0.0,0.997148,0.002852,51200,6595067,789,9685,255,876,321,925
8950,38.331,27.173,2.043413,1.27002,0.773393,1.373657,1.246582,0.796831,128.7802,0.834004,0.0,121.1599,0.0,0.996738,0.003262,51200,6593546,836,10905,271,876,329,925
9000,38.471,27.257,2.095624,1.280029,0.815595,1.389526,1.257568,0.838056,128.6393,0.84082,0.0,120.5876,0.0,0.994355,0.005645,51200,6586333,741,10634,284,876,341,925
9050,38.678,27.365,2.108426,1.29834,0.810086,1.401489,1.273071,0.835354,128.4936,0.844316,0.0,120.2854,0.0,0.991934,0.008066,51200,6578870,795,11319,289,876,346,925
9100,38.813,27.447,2.092088,1.281494,0.810594,1.392944,1.270996,0.821092,128.6326,0.845195,0.0,119.8684,0.0,0.994297,0.005703,51200,6585991,809,10594,288,876,346,927
9150,38.956,27.524,2.114118,1.338989,0.775129,1.45752,1.310669,0.803449,128.4671,0.858613,0.0,120.1357,0.0,0.991543,0.008457,51200,6577516,824,11294,296,877,354,930
9200,39.087,27.602,2.042837,1.236084,0.806753,1.336792,1.213623,0.829213,128.4543,0.863398,0.0,120.3957,0.0,0.991445,0.008555,51200,6576859,764,9839,299,877,354,930
9250,39.212,27.677,1.941911,1.189941,0.75197,1.29541,1.16626,0.775651,128.7042,0.865547,0.0,121.2337,0.0,0.995078,0.004922,51200,6589655,807,9524,300,877,358,930
9300,39.344,27.757,1.961961,1.204956,0.757005,1.315308,1.186401,0.77556,128.892,0.846211,0.0,122.0885,0.0,0.998418,0.001582,51200,6599271,756,9875,293,877,353,930
9350,39.505,27.861,1.887421,1.160889,0.726533,1.27063,1.130005,0.757416,128.9137,0.839609,0.0,121.533,0.0,0.998652,0.001348,51200,6600379,770,8894,277,877,337,930
9400,39.629,27.935,1.870096,1.165283,0.704813,1.278198,1.144653,0.725443,128.8341,0.834805,0.0,122.0082,0.0,0.997461,0.002539,51200,6596304,760,9404,262,879,321,932
9450,39.791,28.01,1.918826,1.205566,0.713259,1.316284,1.18042,0.738406,128.521,0.826094,0.0,121.2826,0.0,0.9925,0.0075,51200,6580273,773,9740,248,879,309,932
9500,39.923,28.085,2.009513,1.264038,0.745475,1.376953,1.241333,0.76818,128.6886,0.840098,0.0,120.9238,0.0,0.995391,0.004609,51200,6588856,813,10781,249,879,320,943
9550,40.095,28.163,1.940413,1.227417,0.712996,1.334229,1.197021,0.743391,128.7017,0.83959,0.001332,121.0524,0.0,0.992363,0.007637,51200,6589526,814,10392,255,885,330,954
9600,40.37,28.332,1.873993,1.176636,0.697357,1.287354,1.142578,0.731415,128.5331,0.82252,0.0,121.4951,0.0,0.992773,0.007227,51200,6580897,818,10046,237,886,309,956
9650,40.541,28.447,2.048338,1.331665,0.716673,1.445801,1.308105,0.740233,128.809,0.82377,0.0,121.6824,0.0,0.996816,0.003184,51200,6595023,804,11895,246,893,313,963
9700,40.726,28.525,2.116053,1.35791,0.758143,1.475464,1.333984,0.782069,135.1887,0.849102,0.046596,125.0633,0.000781,0.997559,0.00166,51200,6921659,802,12357,245,894,306,964
9750,40.871,28.613,2.089512,1.293823,0.795689,1.408813,1.270874,0.818638,128.7278,0.84166,0.0,119.5517,0.0,0.995957,0.004043,51200,6590865,772,12284,238,902,295,972
9800,41.072,28.695,2.162774,1.360718,0.802057,1.487549,1.341553,0.821222,128.7588,0.838105,0.0,119.2071,0.0,0.99623,0.00377,51200,6592453,768,12682,230,902,284,972
9850,41.202,28.77,2.10579,1.286621,0.819169,1.411133,1.272705,0.833085,128.822,0.837988,0.0,118.9306,0.0,0.997266,0.002734,51200,6595684,798,11587,231,904,283,974
9900,41.332,28.845,2.035596,1.279053,0.756543,1.401245,1.259399,0.776196,128.7752,0.815,0.0,119.7935,0.0,0.996543,0.003457,51200,6593290,809,10957,242,904,294,974
9950,41.522,28.95,2.069611,1.296265,0.773346,1.426636,1.277466,0.792145,128.9001,0.837109,0.0,120.3492,0.0,0.99834,0.00166,51200,6599683,868,10695,243,909,306,989
10000,41.653,29.028,2.082806,1.305176,0.77763,1.424805,1.288086,0.79472,131.9258,0.832539,0.022876,123.0375,0.000371,0.998477,0.001152,51200,6754603,781,12013,237,911,299,994
10050,41.834,29.11,2.114608,1.363159,0.751449,1.489136,1.348511,0.766098,141.9564,0.826465,0.093984,131.8593,0.001641,0.99416,0.004199,51200,7268170,771,12835,245,911,310,998
10100,41.964,29.187,2.143946,1.321045,0.822901,1.452393,1.3125,0.831446,128.8125,0.829062,0.0,118.2269,0.0,0.996953,0.003047,51200,6595202,803,12332,246,911,304,998
10150,42.094,29.263,2.121564,1.326172,0.795392,1.454346,1.313599,0.807966,128.984,0.826816,0.0,119.5517,0.0,0.999727,0.000273,51200,6603981,830,11900,247,912,311,1001
10200,42.253,29.368,2.070794,1.286133,0.784661,1.401367,1.263672,0.807122,128.8844,0.830566,0.0,119.6322,0.0,0.998047,0.001953,51200,6598883,774,10878,249,914,314,1003
10250,42.381,29.443,2.044912,1.257568,0.787343,1.379639,1.236816,0.808095,128.9498,0.826484,0.0,120.7471,0.0,0.999238,0.000762,51200,6602228,775,10979,242,915,308,1005
10300,42.616,29.565,2.096634,1.290161,0.806473,1.410522,1.274658,0.821976,128.7351,0.819004,0.0,120.27,0.0,0.995918,0.004082,51200,6591237,810,11325,250,917,314,1008
10350,42.755,29.642,2.001802,1.245728,0.756075,1.367188,1.220703,0.781099,128.874,0.826172,0.0,120.8737,0.0,0.997852,0.002148,51200,6598351,799,10830,249,919,312,1009
10400,42.926,29.719,1.956827,1.206055,0.750772,1.328369,1.176392,0.780435,128.9002,0.844258,0.0,121.9925,0.0,0.998242,0.001758,51200,6599692,763,9424,260,920,333,1018
10450,43.055,29.794,2.009182,1.250366,0.758816,1.381836,1.226196,0.782986,128.8085,0.836562,0.0,121.7433,0.0,0.996973,0.003027,51200,6594997,855,10641,271,923,341,1022
10500,43.185,29.87,2.086028,1.263672,0.822356,1.392944,1.244385,0.841643,128.9073,0.851035,0.0,121.2643,0.0,0.998457,0.001543,51200,6600055,800,10414,275,923,349,1022
10550,43.325,29.957,1.994336,1.245972,0.748365,1.363647,1.217773,0.776563,128.7615,0.845449,0.0,120.7243,0.0,0.996367,0.003633,51200,6592588,763,10156,277,924,345,1026
10600,43.468,30.045,2.037584,1.250366,0.787218,1.370483,1.23645,0.801134,131.4494,0.852871,0.021693,121.6041,0.000352,0.993848,0.005801,51200,6730208,742,10189,278,924,355,1035
10650,43.637,30.12,1.976494,1.229126,0.747368,1.349243,1.206665,0.769829,130.0299,0.840371,0.012202,120.9128,0.000195,0.991387,0.008418,51200,6657532,787,10335,274,925,349,1037
10700,43.777,30.205,2.038033,1.243774,0.794258,1.359863,1.224487,0.813545,128.5145,0.843086,0.0,120.8215,0.0,0.992656,0.007344,51200,6579944,799,10220,277,925,347,1037
10750,43.959,30.283,1.934726,1.168823,0.765903,1.288086,1.145752,0.788974,128.6693,0.84375,0.0,121.6868,0.0,0.995195,0.004805,51200,6587869,809,9068,275,926,338,1038
10800,44.197,30.435,1.964146,1.203247,0.760899,1.312134,1.18396,0.780186,128.6718,0.833027,0.0,122.169,0.0,0.995312,0.004688,51200,6587995,799,9908,274,926,332,1038
10850,44.323,30.51,1.936538,1.124756,0.811782,1.243042,1.107544,0.828994,128.6098,0.827695,0.0,121.8225,0.0,0.993828,0.006172,51200,6584821,753,9012,272,926,329,1038
10900,44.523,30.592,1.990703,1.188599,0.802105,1.315674,1.178223,0.812481,128.4921,0.801172,0.0,121.7075,0.0,0.992012,0.007988,51200,6578794,763,9677,260,926,313,1038
10950,44.646,30.666,2.023338,1.192505,0.830833,1.301758,1.17395,0.849388,128.5482,0.79918,0.0,121.0582,0.0,0.993027,0.006973,51200,6581669,796,9785,266,926,319,1038
11000,44.77,30.741,2.040787,1.224609,0.816178,1.349609,1.204346,0.836441,128.4869,0.807578,0.0,121.0292,0.0,0.992012,0.007988,51200,6578528,827,10343,252,930,302,1042
11050,44.974,30.841,2.121657,1.329346,0.792312,1.438354,1.312256,0.809402,128.7156,0.822168,0.0,120.1074,0.0,0.995684,0.004316,51200,6590240,792,12048,239,930,292,1042
11100,45.206,30.991,2.072012,1.240845,0.831168,1.364136,1.229248,0.842764,128.7272,0.827344,0.0,119.6074,0.0,0.995527,0.004473,51200,6590832,790,11207,221,930,273,1042
11150,45.337,31.067,2.130933,1.324707,0.806226,1.449829,1.308716,0.822217,129.2255,0.816875,0.003679,120.8133,5.9e-05,0.99623,0.003711,51200,6616346,736,11227,230,931,277,1044
11200,45.491,31.143,2.137065,1.305542,0.831523,1.445557,1.296997,0.840068,128.7106,0.816504,0.0,119.993,0.0,0.995879,0.004121,51200,6589984,763,11285,228,933,275,1047
11250,45.683,31.279,2.140962,1.275757,0.865205,1.396606,1.25769,0.883271,128.6979,0.822734,0.0,120.2552,0.0,0.995293,0.004707,51200,6589333,809,11059,233,933,268,1047
11300,45.822,31.357,2.098758,1.263062,0.835696,1.397461,1.250244,0.848514,128.7317,0.83332,0.0,121.0939,0.0,0.995977,0.004023,51200,6591064,774,10692,235,933,271,1047
11350,45.982,31.466,2.249993,1.355347,0.894647,1.476196,1.344482,0.905511,128.6548,0.857305,0.0,119.8979,0.0,0.994766,0.005234,51200,6587125,826,12637,247,933,282,1047
11400,46.114,31.542,2.226584,1.356079,0.870505,1.468506,1.35437,0.872214,128.5056,0.836758,0.0,118.9292,0.0,0.992188,0.007812,51200,6579489,786,12087,268,936,303,1050
11450,46.355,31.689,2.161694,1.296021,0.865674,1.420898,1.281738,0.879956,128.4025,0.835742,0.0,119.1567,0.0,0.990625,0.009375,51200,6574210,792,11438,261,937,296,1051
11500,46.488,31.768,2.210026,1.302979,0.907048,1.42688,1.303101,0.906926,128.4351,0.842051,0.0,119.787,0.0,0.991211,0.008789,51200,6575878,816,11312,270,937,305,1051
11550,46.641,31.845,2.22797,1.319458,0.908512,1.446289,1.305176,0.922794,128.8291,0.842207,0.0,119.018,0.0,0.997363,0.002637,51200,6596050,711,11826,280,939,303,1053
11600,46.782,31.934,2.221532,1.321045,0.900487,1.442505,1.312988,0.908544,128.5652,0.848086,0.0,119.0739,0.0,0.993379,0.006621,51200,6582536,779,11693,295,941,314,1055
11650,46.914,32.012,2.103133,1.278809,0.824325,1.403442,1.269897,0.833236,128.7081,0.864277,0.0,119.5995,0.0,0.995508,0.004492,51200,6589855,803,11170,296,941,310,1055
11700,47.042,32.088,2.08962,1.22229,0.86733,1.341553,1.211548,0.878072,128.6383,0.843574,0.0,120.5508,0.0,0.994375,0.005625,51200,6586279,793,10864,288,941,303,1056
11750,47.282,32.208,2.027656,1.210815,0.816841,1.324829,1.190918,0.836738,128.647,0.826973,0.0,120.7645,0.0,0.994746,0.005254,51200,6586727,762,10269,291,941,305,1056
11800,47.411,32.284,1.977461,1.180176,0.797285,1.305908,1.148682,0.828779,128.9254,0.829512,0.0,121.7127,0.0,0.998809,0.001191,51200,6600983,805,10305,285,941,302,1056
11850,47.54,32.36,2.028756,1.212402,0.816354,1.343506,1.184692,0.844064,128.9079,0.84541,0.0,122.3196,0.0,0.998516,0.001484,51200,6600085,794,9989,277,941,307,1056
11900,47.776,32.503,2.089642,1.237427,0.852215,1.365845,1.223389,0.866253,128.6952,0.860293,0.0,121.6457,0.0,0.995312,0.004688,51200,6589195,748,10576,257,941,301,1056
11950,47.907,32.581,2.103718,1.241455,0.862263,1.376099,1.231445,0.872272,128.6248,0.867695,0.0,121.5094,0.0,0.994082,0.005918,51200,6585591,766,9830,249,941,307,1056
12000,48.102,32.672,2.02331,1.200439,0.82287,1.327026,1.188354,0.834955,128.4741,0.857539,0.0,121.6127,0.0,0.992637,0.007363,51200,6577876,767,8931,263,943,317,1058
12050,48.372,32.828,1.982908,1.164307,0.818602,1.291138,1.142456,0.840452,128.5574,0.871875,0.0,122.441,0.0,0.993418,0.006582,51200,6582141,742,8370,260,943,316,1058
12100,48.611,32.972,1.970796,1.158447,0.812348,1.2771,1.130859,0.839936,128.5894,0.868184,0.0,122.9799,0.0,0.994453,0.005547,51200,6583777,760,7907,289,943,349,1058
12150,48.744,33.048,1.956693,1.194946,0.761747,1.319946,1.168091,0.788603,128.7112,0.855605,0.0,122.7194,0.0,0.995957,0.004043,51200,6590015,789,9033,290,943,351,1058
12200,48.914,33.124,2.016119,1.22998,0.786139,1.347656,1.211914,0.804205,128.7691,0.847051,0.0,121.9779,0.0,0.996875,0.003125,51200,6592976,774,10309,307,951,367,1066
12250,49.183,33.272,2.078132,1.25061,0.827522,1.356079,1.231201,0.846931,128.9488,0.848613,0.0,121.3112,0.0,0.999277,0.000723,51200,6602179,752,10660,304,952,355,1067
12300,49.379,33.411,2.054849,1.251709,0.80314,1.351929,1.219238,0.835611,128.9621,0.842109,0.0,120.5129,0.0,0.999395,0.000605,51200,6602859,796,10140,289,952,341,1068
12350,49.555,33.507,2.035575,1.204712,0.830863,1.302612,1.180664,0.854911,128.9632,0.844043,0.0,121.6923,0.0,0.999434,0.000566,51200,6602917,813,9401,304,952,347,1068
12400,49.823,33.671,2.004583,1.201782,0.802801,1.308594,1.176758,0.827825,128.9931,0.854043,0.0,122.4372,0.0,0.999922,7.8e-05,51200,6604447,760,9416,325,953,349,1069
12450,50.04,33.823,2.127256,1.291748,0.835508,1.400757,1.264404,0.862851,128.9047,0.849395,0.0,121.8287,0.0,0.998418,0.001582,51200,6599919,778,10336,328,953,352,1069
12500,50.168,33.899,2.073246,1.258911,0.814335,1.360107,1.226196,0.84705,129.4361,0.826426,0.003679,121.453,5.9e-05,0.999395,0.000547,51200,6627127,775,10938,325,953,349,1069
12550,50.344,33.975,2.121828,1.254028,0.8678,1.356689,1.231445,0.890383,128.9243,0.814258,0.0,121.0035,0.0,0.998809,0.001191,51200,6600926,813,11548,317,954,343,1070
12600,50.475,34.054,2.157832,1.344849,0.812983,1.457153,1.320068,0.837764,131.529,0.795,0.020481,121.7973,0.000332,0.997461,0.002207,51200,6734286,818,12792,315,955,343,1071
12650,50.609,34.136,2.094114,1.306396,0.787717,1.421997,1.287476,0.806638,128.7218,0.784766,0.0,119.7145,0.0,0.995469,0.004531,51200,6590557,787,11689,289,955,309,1071
12700,50.83,34.301,2.154723,1.310791,0.843932,1.434082,1.299438,0.855284,128.7738,0.795391,0.0,120.0431,0.0,0.99625,0.00375,51200,6593219,834,12460,280,955,300,1071
12750,50.964,34.379,2.224553,1.383789,0.840764,1.510498,1.373901,0.850652,128.6194,0.808438,0.0,119.0381,0.0,0.994043,0.005957,51200,6585313,843,13096,279,957,299,1073
12800,51.222,34.523,2.216336,1.38623,0.830106,1.504028,1.36145,0.854886,128.8116,0.821152,0.0,119.3242,0.0,0.997188,0.002812,51200,6595155,769,13094,288,964,308,1080
12850,51.357,34.604,2.159819,1.324341,0.835478,1.452881,1.302002,0.857817,128.6647,0.836836,0.0,118.878,0.0,0.994609,0.005391,51200,6587631,787,11683,309,964,331,1080
12900,51.571,34.696,2.146534,1.32959,0.816944,1.465698,1.317627,0.828907,128.6091,0.855762,0.0,119.5348,0.0,0.993809,0.006191,51200,6584784,789,11793,311,964,333,1080
12950,51.833,34.843,2.011972,1.252441,0.759531,1.382324,1.236816,0.775156,128.9244,0.858418,0.0,120.6916,0.0,0.998652,0.001348,51200,6600930,776,10589,303,964,325,1080
13000,52.05,35.005,1.989391,1.188721,0.80067,1.316528,1.171631,0.81776,129.0,0.837422,0.0,121.8064,0.0,1.0,0.0,51200,6604800,780,10048,306,972,345,1088
13050,52.18,35.081,1.880723,1.123047,0.757676,1.232544,1.092529,0.788193,128.7059,0.827246,0.0,122.4436,0.0,0.995273,0.004727,51200,6589742,816,8991,295,979,351,1097
13100,52.382,35.176,1.943118,1.161621,0.781497,1.284546,1.134644,0.808474,128.5647,0.837148,0.0,122.6595,0.0,0.993105,0.006895,51200,6582515,796,8947,303,979,354,1097
13150,52.57,35.311,1.869718,1.110352,0.759367,1.230347,1.074585,0.795133,128.5613,0.851309,0.0,122.6614,0.0,0.993398,0.006602,51200,6582341,841,8861,286,981,337,1099
13200,52.736,35.396,1.869558,1.140747,0.728811,1.251343,1.099854,0.769705,128.4607,0.85082,0.0,122.6545,0.0,0.99168,0.00832,51200,6577188,756,8977,275,981,326,1099
13250,52.881,35.486,1.871175,1.142578,0.728597,1.256226,1.107056,0.76412,128.6778,0.834316,0.0,123.0717,0.0,0.995078,0.004922,51200,6588305,721,9219,275,981,330,1103
13300,53.087,35.594,1.90822,1.139771,0.768449,1.249512,1.106079,0.802141,128.8441,0.83998,0.0,122.3445,0.0,0.997441,0.002559,51200,6596820,772,10524,234,981,294,1112
13350,53.221,35.672,1.951934,1.165405,0.786529,1.275391,1.140991,0.810943,128.9448,0.842871,0.0,121.864,0.0,0.999062,0.000938,51200,6601974,740,10195,213,981,269,1112
13400,53.359,35.755,1.905252,1.146362,0.75889,1.250732,1.125488,0.779764,128.9031,0.810078,0.0,121.83,0.0,0.998281,0.001719,51200,6599837,764,9856,208,985,260,1113
13450,53.492,35.83,1.874553,1.114868,0.759685,1.229248,1.082886,0.791668,128.887,0.806504,0.0,122.7174,0.0,0.998301,0.001699,51200,6599016,804,9102,204,986,252,1114
13500,53.698,35.977,1.981866,1.189453,0.792413,1.304199,1.1604,0.821466,128.7681,0.846074,0.0,122.0266,0.0,0.996465,0.003535,51200,6592925,766,10104,202,989,253,1119
13550,53.832,36.059,2.022796,1.186035,0.83676,1.303101,1.16272,0.860076,128.8442,0.845645,0.0,121.7163,0.0,0.997617,0.002383,51200,6596824,783,10230,194,990,246,1120
13600,54.025,36.151,2.099487,1.248535,0.850952,1.370483,1.223755,0.875732,128.8164,0.848613,0.0,121.0214,0.0,0.997207,0.002793,51200,6595401,754,10711,218,990,274,1120
13650,54.184,36.259,2.0143,1.202026,0.812274,1.322266,1.180054,0.834246,128.8586,0.856504,0.0,121.1185,0.0,0.997676,0.002324,51200,6597558,775,9199,240,990,294,1123
13700,54.309,36.334,1.944942,1.14856,0.796382,1.266724,1.127808,0.817134,128.8864,0.864023,0.0,122.4703,0.0,0.998184,0.001816,51200,6598983,806,9232,264,990,305,1123
13750,54.499,36.418,2.065168,1.235718,0.82945,1.353882,1.210693,0.854475,128.8745,0.845332,0.0,121.8802,0.0,0.997871,0.002129,51200,6598372,746,10217,276,990,316,1123
13800,54.627,36.494,2.003233,1.204468,0.798765,1.315063,1.174927,0.828306,128.7247,0.837188,0.0,121.6433,0.0,0.995781,0.004219,51200,6590705,868,10099,284,990,324,1123
13850,54.846,36.585,2.047173,1.217285,0.829888,1.338501,1.19812,0.849053,128.5741,0.843574,0.0,121.0661,0.0,0.993516,0.006484,51200,6582993,777,10209,293,991,331,1128
13900,54.986,36.673,2.046005,1.256592,0.789413,1.38623,1.241211,0.804794,128.73,0.849844,0.0,120.5877,0.0,0.995781,0.004219,51200,6590976,787,10379,287,993,330,1130
13950,55.112,36.749,2.065855,1.230103,0.835753,1.340942,1.211304,0.854551,128.8038,0.852676,0.0,121.1323,0.0,0.996777,0.003223,51200,6594757,753,10781,285,994,334,1131
14000,55.307,36.852,1.971461,1.168457,0.803004,1.292969,1.141968,0.829493,129.5651,0.844492,0.006107,122.1847,9.8e-05,0.996309,0.003594,51200,6633735,779,10104,267,994,325,1131
14050,55.435,36.93,2.058534,1.250854,0.807679,1.360962,1.229736,0.828797,146.4849,0.848184,0.12208,136.903,0.002207,0.992852,0.004941,51200,7500029,785,11423,253,994,306,1131
14100,55.727,37.109,2.020625,1.215332,0.805293,1.3302,1.19751,0.823115,152.4348,0.833965,0.155852,140.3729,0.00293,0.99416,0.00291,51200,7804660,796,10814,252,996,306,1133
14150,55.937,37.264,1.993459,1.217163,0.776296,1.334717,1.185547,0.807912,148.5062,0.84875,0.133539,139.0978,0.002441,0.994824,0.002734,51200,7603519,748,10404,249,998,304,1133
14200,56.076,37.339,2.022246,1.219849,0.802397,1.333008,1.192261,0.829985,128.6612,0.855625,0.0,120.9453,0.0,0.994961,0.005039,51200,6587453,763,10366,250,999,306,1133
14250,56.281,37.491,2.078143,1.27478,0.803363,1.395142,1.254639,0.823504,128.8339,0.856582,0.0,120.9718,0.0,0.997637,0.002363,51200,6596294,793,10993,257,1000,315,1133
14300,56.41,37.568,2.136929,1.314941,0.821988,1.433716,1.295898,0.841031,128.9528,0.866074,0.0,121.0557,0.0,0.999238,0.000762,51200,6602383,788,11517,264,1000,308,1133
14350,56.618,37.655,2.137943,1.312988,0.824954,1.436523,1.307129,0.830814,128.9425,0.868652,0.0,120.5657,0.0,0.998984,0.001016,51200,6601855,827,11562,271,1001,321,1133
14400,56.801,37.784,2.169843,1.384766,0.785078,1.499512,1.358154,0.811689,128.8625,0.86873,0.0,120.2757,0.0,0.997676,0.002324,51200,6597759,767,12820,274,1001,322,1133
14450,56.931,37.86,2.276105,1.41626,0.859845,1.536621,1.414185,0.86192,128.9148,0.857461,0.0,119.1953,0.0,0.998613,0.001387,51200,6600437,784,13549,292,1001,339,1133
14500,57.076,37.953,2.15864,1.339844,0.818796,1.465454,1.330566,0.828074,128.9298,0.855625,0.0,118.8618,0.0,0.998945,0.001055,51200,6601204,798,12034,298,1004,344,1137
14550,57.241,38.03,2.138701,1.299927,0.838774,1.429565,1.287231,0.851469,128.998,0.870586,0.0,119.6503,0.0,0.999941,5.9e-05,51200,6604697,787,11233,291,1006,337,1138
14600,57.448,38.182,2.117416,1.256836,0.86058,1.38208,1.244629,0.872787,128.9854,0.863711,0.0,120.1412,0.0,0.999766,0.000234,51200,6604054,723,10444,270,1006,321,1138
14650,57.577,38.258,2.199482,1.360962,0.83852,1.486816,1.347778,0.851704,128.9772,0.854004,0.0,119.2283,0.0,0.99959,0.00041,51200,6603631,825,12118,269,1007,315,1139
14700,57.729,38.359,2.180424,1.322998,0.857426,1.445679,1.314453,0.865971,128.8558,0.851875,0.0,118.7697,0.0,0.997715,0.002285,51200,6597419,774,11521,293,1012,345,1144
14750,57.855,38.435,2.168102,1.309814,0.858288,1.437256,1.292114,0.875988,128.9037,0.848789,0.0,118.4286,0.0,0.998633,0.001367,51200,6599871,791,12096,295,1014,346,1146
14800,58.081,38.57,2.140468,1.283569,0.856899,1.392578,1.257202,0.883266,128.8201,0.83377,0.0,118.689,0.0,0.997246,0.002754,51200,6595589,834,11287,288,1014,341,1146
14850,58.21,38.65,2.008188,1.209961,0.798227,1.322266,1.179565,0.828622,129.0,0.84418,0.0,120.3912,0.0,1.0,0.0,51200,6604800,753,9858,299,1021,353,1153
14900,58.364,38.736,1.91924,1.155273,0.763967,1.261841,1.119141,0.8001,128.8819,0.856562,0.0,121.1625,0.0,0.998164,0.001836,51200,6598754,770,8834,287,1021,341,1153
14950,58.495,38.815,2.010191,1.210938,0.799254,1.327148,1.180298,0.829893,128.753,0.85002,0.0,121.202,0.0,0.996113,0.003887,51200,6592155,774,10210,279,1021,333,1153
15000,58.623,38.891,2.057508,1.278442,0.779066,1.387695,1.247925,0.809583,128.9125,0.843496,0.0,120.1822,0.0,0.998613,0.001387,51200,6600322,780,11570,272,1023,329,1158
15050,58.769,38.967,2.071839,1.284912,0.786927,1.404175,1.26062,0.811219,128.896,0.847871,0.0,119.7019,0.0,0.998359,0.001641,51200,6599477,771,11568,264,1025,323,1160
15100,58.938,39.051,2.041102,1.250244,0.790858,1.369629,1.22644,0.814662,128.913,0.828906,0.0,119.9678,0.0,0.99875,0.00125,51200,6600345,797,11461,258,1025,317,1164
15150,59.184,39.204,2.002518,1.264893,0.737626,1.385132,1.238647,0.763871,129.1885,0.833301,0.002446,120.5428,3.9e-05,0.997754,0.002207,51200,6614450,764,10902,257,1025,313,1165
15200,59.314,39.282,2.089286,1.313354,0.775931,1.438843,1.300659,0.788626,133.3898,0.838711,0.033308,120.6462,0.000547,0.999102,0.000352,51200,6829556,774,12302,252,1025,307,1165
15250,59.445,39.363,2.129759,1.34668,0.783079,1.475586,1.340942,0.788816,128.9443,0.839219,0.0,118.5813,0.0,0.999121,0.000879,51200,6601947,753,12418,253,1025,310,1165
15300,59.582,39.451,2.178161,1.335083,0.843078,1.471069,1.345215,0.832946,128.9821,0.81875,0.0,119.1469,0.0,0.999746,0.000254,51200,6603885,751,12438,242,1025,306,1169
15350,59.72,39.538,2.1199,1.318237,0.801663,1.458374,1.314087,0.805813,128.9279,0.803672,0.0,118.9305,0.0,0.99873,0.00127,51200,6601110,794,11854,222,1025,297,1169
15400,59.856,39.615,2.128326,1.35437,0.773956,1.497803,1.366577,0.761749,128.9475,0.801445,6.5e-05,118.9621,0.0,0.999004,0.000996,51200,6602112,822,11786,227,1025,306,1173
15450,60.086,39.75,2.162991,1.361572,0.801419,1.493042,1.360718,0.802274,128.8639,0.811387,0.0,118.5535,0.0,0.99793,0.00207,51200,6597831,783,12993,189,1025,268,1173
15500,60.212,39.824,2.116124,1.346802,0.769322,1.467285,1.334961,0.781163,128.7206,0.806758,0.0,117.8305,0.0,0.995566,0.004434,51200,6590494,810,12221,202,1030,286,1180
15550,60.343,39.9,2.050784,1.291626,0.759158,1.421143,1.279053,0.771731,128.5061,0.813711,0.0,119.2268,0.0,0.992305,0.007695,51200,6579510,791,11221,200,1030,279,1180
15600,60.482,39.975,1.955605,1.24939,0.706216,1.371582,1.22168,0.733926,128.7554,0.812402,0.0,121.1105,0.0,0.996113,0.003887,51200,6592275,774,10831,221,1037,300,1188
15650,60.69,40.126,2.027991,1.307617,0.720374,1.42688,1.285645,0.742346,128.658,0.812051,0.0,120.815,0.0,0.99457,0.00543,51200,6587289,799,11201,257,1040,323,1194
15700,60.825,40.208,1.931712,1.241821,0.689891,1.354614,1.209351,0.722361,128.5808,0.828418,0.0,121.0837,0.0,0.993398,0.006602,51200,6583339,802,10647,252,1040,313,1194
15750,60.96,40.283,1.87282,1.171265,0.701556,1.279541,1.139771,0.73305,128.7339,0.834121,0.0,122.1809,0.0,0.995957,0.004043,51200,6591175,788,9338,278,1043,347,1197
15800,61.089,40.36,1.941588,1.212158,0.72943,1.320312,1.19165,0.749937,128.7417,0.836055,0.0,122.5226,0.0,0.995918,0.004082,51200,6591574,777,10187,276,1043,351,1197
15850,61.321,40.484,1.885094,1.19397,0.691124,1.313721,1.166138,0.718956,128.7145,0.828379,0.0,121.9814,0.0,0.995312,0.004688,51200,6590181,836,9669,253,1043,343,1197
15900,61.574,40.631,1.837229,1.149048,0.688182,1.263184,1.107666,0.729563,128.571,0.827266,0.0,122.5217,0.0,0.99332,0.00668,51200,6582834,743,9078,248,1048,335,1199
15950,61.721,40.726,1.874864,1.165649,0.709215,1.280762,1.13855,0.736314,128.8379,0.83502,0.0,122.9352,0.0,0.997285,0.002715,51200,6596500,799,9649,235,1049,328,1203
16000,61.902,40.807,1.927688,1.167847,0.759841,1.28418,1.139526,0.788161,128.7851,0.828105,0.0,122.1554,0.0,0.996719,0.003281,51200,6593795,766,9640,226,1049,318,1203
16050,62.065,40.91,2.027631,1.244019,0.783612,1.364014,1.226562,0.801068,128.7606,0.837695,0.0,121.0276,0.0,0.996367,0.003633,51200,6592544,755,11458,226,1051,317,1205
16100,62.194,40.987,2.018066,1.226685,0.791381,1.368408,1.213745,0.804321,128.953,0.831602,0.0,120.0346,0.0,0.999297,0.000703,51200,6602396,787,10775,224,1051,315,1205
16150,62.402,41.099,1.939832,1.150757,0.789075,1.285156,1.129761,0.810071,128.9624,0.845195,0.0,121.5865,0.0,0.999395,0.000605,51200,6602876,803,9081,233,1051,315,1205
16200,62.616,41.261,1.844293,1.121948,0.722345,1.25647,1.095093,0.749201,128.958,0.868613,0.0,122.1487,0.0,0.999414,0.000586,51200,6602652,806,8320,252,1053,334,1211
16250,62.815,41.336,1.920345,1.139282,0.781063,1.258789,1.118896,0.801448,128.8664,0.868633,0.0,122.81,0.0,0.997695,0.002305,51200,6597958,756,8866,242,1053,330,1212
16300,62.985,41.438,1.97554,1.213257,0.762283,1.328613,1.189697,0.785842,128.6622,0.847598,0.0,121.6471,0.0,0.995059,0.004941,51200,6587507,790,9471,236,1053,331,1214
16350,63.112,41.514,2.024044,1.250244,0.7738,1.372803,1.239868,0.784176,128.6854,0.866602,0.0,121.593,0.0,0.99502,0.00498,51200,6588691,809,10412,235,1053,331,1215
16400,63.248,41.591,2.072107,1.283081,0.789026,1.398071,1.269043,0.803064,128.8526,0.861582,0.0,120.3273,0.0,0.997773,0.002227,51200,6597255,795,10427,247,1057,342,1219
16450,63.44,41.726,2.046088,1.286987,0.759101,1.409302,1.273438,0.772651,128.8311,0.870918,0.0,120.1938,0.0,0.997422,0.002578,51200,6596150,787,10930,245,1057,334,1219
16500,63.608,41.801,2.082125,1.27002,0.812105,1.382935,1.258911,0.823214,128.667,0.844727,0.0,119.3878,0.0,0.994805,0.005195,51200,6587748,761,10637,241,1057,330,1219
16550,63.733,41.876,2.063661,1.250122,0.813539,1.361816,1.243164,0.820497,128.5219,0.845254,0.0,119.3997,0.0,0.992695,0.007305,51200,6580323,789,10731,247,1065,339,1230
16600,63.857,41.952,2.045618,1.218506,0.827112,1.334595,1.196899,0.848719,128.8301,0.840898,0.0,119.9791,0.0,0.997305,0.002695,51200,6596101,750,10951,247,1065,320,1231
16650,64.052,42.068,1.980581,1.199951,0.78063,1.316528,1.177368,0.803213,128.7719,0.849648,0.0,120.5802,0.0,0.99666,0.00334,51200,6593120,833,10223,255,1065,324,1231
16700,64.196,42.145,1.959176,1.194946,0.76423,1.313232,1.172119,0.787057,128.8541,0.860742,0.0,120.6591,0.0,0.997852,0.002148,51200,6597331,801,9881,241,1065,324,1231
16750,64.339,42.229,1.870472,1.144531,0.72594,1.254761,1.113037,0.757435,128.9911,0.864453,0.0,122.0007,0.0,0.999785,0.000215,51200,6604343,779,9109,244,1067,328,1234
16800,64.554,42.389,1.832365,1.112427,0.719938,1.222778,1.085449,0.746915,129.0,0.854375,0.0,122.3614,0.0,1.0,0.0,51200,6604800,726,8836,242,1067,345,1240
16850,64.681,42.464,1.885041,1.135986,0.749054,1.240356,1.099854,0.785187,128.9454,0.83168,0.0,122.4495,0.0,0.999121,0.000879,51200,6602003,808,8918,237,1067,331,1240
16900,64.867,42.546,1.897667,1.156128,0.741539,1.272583,1.130493,0.767173,128.9099,0.836094,0.0,123.072,0.0,0.998711,0.001289,51200,6600185,819,9204,226,1069,339,1250
16950,65.133,42.692,1.918847,1.192017,0.72683,1.304932,1.15918,0.759667,128.9741,0.830156,0.0,122.9039,0.0,0.999492,0.000508,51200,6603472,805,10058,219,1072,336,1259
17000,65.406,42.847,1.986757,1.271606,0.715151,1.379761,1.246338,0.740419,128.7732,0.831211,0.0,120.8396,0.0,0.996465,0.003535,51200,6593190,781,11060,215,1072,324,1259
17050,65.661,42.991,1.903167,1.206299,0.696868,1.323608,1.169434,0.733733,128.7133,0.861426,0.0,121.122,0.0,0.995879,0.004121,51200,6590123,774,10272,214,1073,332,1267
17100,65.797,43.072,1.871164,1.200317,0.670847,1.31543,1.168701,0.702463,128.9192,0.852617,0.0,121.511,0.0,0.998789,0.001211,51200,6600664,798,10086,208,1073,316,1267
17150,65.994,43.157,1.950075,1.256714,0.693361,1.383423,1.236328,0.713747,128.6771,0.838457,0.0,120.9382,0.0,0.994473,0.005527,51200,6588270,801,10298,207,1073,311,1267
17200,66.239,43.332,1.904991,1.190918,0.714073,1.309326,1.157593,0.747398,128.6424,0.837852,0.0,121.1322,0.0,0.994355,0.005645,51200,6586490,800,9552,205,1073,309,1267
17250,66.369,43.409,1.909638,1.219727,0.689912,1.337402,1.193115,0.716523,128.7026,0.832324,0.0,121.1331,0.0,0.995254,0.004746,51200,6589573,788,10091,205,1073,301,1267
17300,66.509,43.484,1.85425,1.196289,0.657961,1.30603,1.168823,0.685427,128.7764,0.832363,0.0,121.2749,0.0,0.996582,0.003418,51200,6593354,829,9434,197,1074,293,1268
17350,66.797,43.654,1.906702,1.20105,0.705652,1.305298,1.165405,0.741297,128.8077,0.832578,0.0,121.7314,0.0,0.996875,0.003125,51200,6594952,803,9793,204,1076,299,1270
17400,66.936,43.742,1.831381,1.147583,0.683798,1.265503,1.116333,0.715048,128.7784,0.835957,0.0,121.8671,0.0,0.996719,0.003281,51200,6593453,783,8909,199,1076,296,1270
17450,67.062,43.817,1.781851,1.12146,0.660391,1.240479,1.083862,0.697988,128.8205,0.838359,0.0,122.9615,0.0,0.99709,0.00291,51200,6595608,824,8396,200,1076,301,1270
17500,67.295,43.936,1.776263,1.117188,0.659076,1.22583,1.073975,0.702289,128.8525,0.867988,0.0,123.6778,0.0,0.997656,0.002344,51200,6597248,772,8392,220,1081,319,1279
17550,67.468,44.055,1.833806,1.161865,0.671941,1.276611,1.130005,0.703801,128.7087,0.86252,0.0,122.9592,0.0,0.99543,0.00457,51200,6589885,751,9267,230,1084,323,1282
17600,67.595,44.131,1.886672,1.169556,0.717117,1.287109,1.13916,0.747512,128.8512,0.856465,0.0,122.0805,0.0,0.997754,0.002246,51200,6597181,756,9539,215,1084,320,1285
17650,67.783,44.206,1.938861,1.214722,0.724139,1.329834,1.189819,0.749042,128.8227,0.839395,0.0,121.5168,0.0,0.99707,0.00293,51200,6595724,812,10094,224,1087,325,1285
17700,68.039,44.369,1.935359,1.239868,0.69549,1.355835,1.218384,0.716975,128.8762,0.835898,0.0,121.6969,0.0,0.998008,0.001992,51200,6598464,809,10246,229,1087,335,1291
17750,68.283,44.464,1.931105,1.226074,0.705031,1.343872,1.198242,0.732863,128.745,0.847266,0.0,121.6268,0.0,0.996055,0.003945,51200,6591744,734,10211,228,1088,335,1292
17800,68.54,44.621,1.893772,1.193726,0.700046,1.306519,1.157104,0.736667,128.7589,0.847988,0.0,121.6314,0.0,0.995977,0.004023,51200,6592456,772,9738,223,1091,325,1295
17850,68.824,44.792,1.835422,1.174194,0.661227,1.290527,1.146362,0.689059,128.8695,0.824219,0.0,121.4001,0.0,0.997832,0.002168,51200,6598118,794,10022,199,1091,301,1295
17900,69.008,44.923,1.824499,1.1427,0.681798,1.274292,1.116577,0.707922,128.6582,0.826992,0.0,121.5266,0.0,0.994707,0.005293,51200,6587301,773,9195,196,1091,301,1295
17950,69.156,44.997,1.763037,1.099731,0.663306,1.21106,1.062012,0.701026,128.6314,0.841523,0.0,122.6628,0.0,0.993867,0.006133,51200,6585928,764,8431,194,1091,300,1295
18000,69.282,45.071,1.827451,1.15271,0.674741,1.255981,1.116455,0.710996,128.3788,0.830957,0.0,122.3623,0.0,0.990449,0.009551,51200,6572996,797,9547,189,1091,302,1302
18050,69.427,45.146,1.854389,1.202393,0.651996,1.317383,1.171143,0.683246,128.6057,0.82916,0.0,121.6634,0.0,0.993926,0.006074,51200,6584610,720,9657,186,1091,301,1306
18100,69.7,45.307,1.93328,1.265991,0.667289,1.391846,1.239258,0.694022,128.7945,0.856758,0.0,121.4279,0.0,0.996914,0.003086,51200,6594279,760,9997,190,1091,296,1306
18150,69.892,45.447,1.919109,1.210815,0.708294,1.330566,1.179199,0.73991,128.7531,0.860371,0.0,121.5434,0.0,0.996113,0.003887,51200,6592161,805,9848,200,1093,307,1308
18200,70.025,45.526,1.837823,1.132446,0.705377,1.252686,1.101318,0.736504,128.6037,0.866445,0.0,121.8634,0.0,0.994414,0.005586,51200,6584510,784,8845,205,1098,312,1313
18250,70.157,45.604,1.95714,1.214355,0.742784,1.339478,1.193359,0.76378,128.6212,0.85752,0.0,122.0043,0.0,0.994316,0.005684,51200,6585403,770,10609,206,1098,312,1313
18300,70.291,45.679,1.907387,1.223022,0.684365,1.36499,1.208252,0.699135,128.8545,0.85707,0.0,121.8502,0.0,0.997812,0.002188,51200,6597351,779,9953,208,1098,314,1313
18350,70.564,45.826,1.996659,1.240234,0.756425,1.374023,1.230225,0.766435,128.7529,0.851309,0.0,121.7128,0.0,0.99623,0.00377,51200,6592150,761,10679,204,1098,305,1313
18400,70.831,45.978,1.944994,1.218384,0.726611,1.339111,1.185059,0.759936,128.8071,0.841562,0.0,121.2371,0.0,0.997012,0.002988,51200,6594921,819,10023,204,1098,305,1313
18450,71.008,46.105,1.835287,1.117065,0.718221,1.226929,1.086792,0.748495,129.0,0.846094,0.0,121.9586,0.0,1.0,0.0,51200,6604800,741,9678,205,1098,307,1316
18500,71.134,46.18,1.823633,1.088257,0.735376,1.201416,1.051514,0.772119,128.8672,0.84584,0.0,122.6612,0.0,0.99793,0.00207,51200,6598003,735,8936,209,1098,317,1325
18550,71.318,46.279,1.892937,1.17395,0.718987,1.292603,1.144165,0.748772,128.8275,0.834766,0.0,122.505,0.0,0.997305,0.002695,51200,6595966,782,9551,212,1098,321,1331
18600,71.446,46.354,2.001983,1.25293,0.749053,1.36499,1.2229,0.779083,128.7907,0.842832,0.0,120.9742,0.0,0.99668,0.00332,51200,6594084,795,11228,210,1098,318,1338
18650,71.68,46.466,1.933529,1.182739,0.75079,1.299438,1.158447,0.775082,128.8194,0.855801,0.0,120.9191,0.0,0.997129,0.002871,51200,6595553,774,10093,221,1098,314,1338
18700,71.837,46.573,1.945427,1.190674,0.754753,1.294678,1.164917,0.78051,128.7474,0.839824,0.0,120.7701,0.0,0.995918,0.004082,51200,6591869,788,10119,216,1098,308,1338
18750,71.976,46.659,1.899508,1.203003,0.696505,1.32312,1.168091,0.731417,128.8404,0.840723,0.0,121.4159,0.0,0.997578,0.002422,51200,6596630,837,9824,218,1098,310,1342
18800,72.106,46.735,1.960564,1.198853,0.761711,1.314819,1.1698,0.790764,128.8038,0.875312,0.0,121.8704,0.0,0.996855,0.003145,51200,6594756,789,9151,208,1098,315,1347
18850,72.265,46.81,1.924747,1.200317,0.72443,1.319946,1.168579,0.756168,128.5578,0.856621,0.0,121.8054,0.0,0.99291,0.00709,51200,6582157,792,8788,203,1098,307,1347
18900,72.537,46.979,2.004165,1.228271,0.775893,1.352905,1.203247,0.800918,128.7559,0.875371,0.0,122.024,0.0,0.996328,0.003672,51200,6592301,750,10053,205,1098,310,1347
18950,72.74,47.13,2.024909,1.250244,0.774665,1.370361,1.229858,0.795051,128.8581,0.870664,0.0,121.6245,0.0,0.997832,0.002168,51200,6597537,823,10088,212,1098,310,1347
19000,73.037,47.317,2.038258,1.244995,0.793263,1.382446,1.2323,0.805958,128.9599,0.899531,0.0,121.2013,0.0,0.999277,0.000723,51200,6602749,769,9596,228,1098,322,1347
19050,73.236,47.465,2.01955,1.224609,0.794941,1.35498,1.224976,0.794575,128.9631,0.897246,0.0,121.2939,0.0,0.999297,0.000703,51200,6602912,828,9845,226,1102,320,1348
19100,73.36,47.54,2.067646,1.237549,0.830097,1.37439,1.238403,0.829242,128.8728,0.866719,0.0,120.2181,0.0,0.998027,0.001973,51200,6598287,772,10416,220,1102,308,1348
19150,73.551,47.62,2.096139,1.310547,0.785592,1.44812,1.307495,0.788644,128.5869,0.868945,0.0,119.9912,0.0,0.993613,0.006387,51200,6583651,816,10627,227,1102,309,1348
19200,73.792,47.795,2.142773,1.348145,0.794628,1.474487,1.351929,0.790844,128.6621,0.860469,0.0,118.9952,0.0,0.994727,0.005273,51200,6587500,781,11314,222,1105,308,1355
19250,73.929,47.87,2.168967,1.341553,0.827414,1.473511,1.353027,0.815939,128.7237,0.845645,0.0,118.03,0.0,0.995801,0.004199,51200,6590651,771,12038,212,1105,299,1355
19300,74.071,47.95,2.164674,1.350708,0.813966,1.496826,1.362061,0.802614,128.7435,0.839648,0.0,117.8547,0.0,0.996035,0.003965,51200,6591667,827,12171,208,1105,300,1355
19350,74.348,48.129,2.069646,1.263306,0.80634,1.394409,1.266357,0.803288,128.738,0.832949,0.0,118.7972,0.0,0.99625,0.00375,51200,6591387,774,10824,223,1105,295,1355
19400,74.493,48.219,2.034301,1.257812,0.776489,1.382568,1.246948,0.787353,130.4137,0.830801,0.012824,120.698,0.000195,0.995566,0.004238,51200,6677181,812,11168,226,1105,294,1355
19450,74.626,48.299,2.078692,1.310303,0.76839,1.432739,1.294678,0.784015,128.8081,0.817402,0.0,119.9287,0.0,0.996855,0.003145,51200,6594976,789,11701,234,1105,298,1355
19500,74.78,48.374,2.152695,1.337402,0.815292,1.446289,1.320435,0.83226,128.6544,0.832852,0.0,119.6351,0.0,0.994922,0.005078,51200,6587103,787,11613,230,1109,314,1361
19550,74.912,48.454,2.114585,1.337769,0.776817,1.46106,1.321289,0.793296,128.704,0.823047,0.0,119.3773,0.0,0.995762,0.004238,51200,6589645,772,12075,231,1111,321,1369
19600,75.043,48.532,2.108853,1.306519,0.802334,1.434082,1.297852,0.811001,141.372,0.815176,0.091524,124.7346,0.001582,0.991035,0.007383,51200,7238245,800,11710,237,1113,324,1369
19650,75.331,48.716,2.084407,1.308594,0.775813,1.425537,1.291504,0.792903,151.2439,0.816152,0.152755,121.589,0.002852,0.986133,0.011016,51200,7743689,789,11578,242,1121,332,1385
19700,75.486,48.811,2.020343,1.292725,0.727618,1.429199,1.277588,0.742755,140.7803,0.82,0.087991,120.873,0.001523,0.99125,0.007227,51200,7207949,771,11288,242,1121,325,1385
19750,75.617,48.887,2.032247,1.312378,0.719869,1.438232,1.293091,0.739156,128.3606,0.81375,0.0,120.0847,0.0,0.991152,0.008848,51200,6572064,781,11518,243,1121,322,1385
19800,75.832,49.01,2.089207,1.305176,0.784031,1.436401,1.288818,0.800388,128.4647,0.82541,0.0,120.0983,0.0,0.992461,0.007539,51200,6577391,761,11116,232,1121,314,1385
19850,75.965,49.086,2.074336,1.323486,0.75085,1.456421,1.314575,0.759761,128.3461,0.839297,0.0,119.92,0.0,0.990293,0.009707,51200,6571320,798,11484,240,1121,321,1385
19900,76.106,49.171,2.025299,1.26062,0.764679,1.397827,1.248169,0.77713,128.6045,0.838555,0.0,120.11,0.0,0.993906,0.006094,51200,6584549,817,10625,232,1121,312,1385
19950,76.286,49.247,2.008787,1.232422,0.776366,1.366821,1.216919,0.791868,128.7785,0.849414,0.0,120.6841,0.0,0.996523,0.003477,51200,6593461,697,10405,228,1121,311,1385
20000,76.56,49.407,1.919068,1.183838,0.73523,1.297729,1.148315,0.770752,128.8767,0.835625,0.0,121.2837,0.0,0.998066,0.001934,51200,6598487,850,9798,227,1121,320,1393
20050,76.816,49.553,1.928708,1.191895,0.736814,1.304565,1.16394,0.764768,128.8588,0.851289,0.0,121.6899,0.0,0.997559,0.002441,51200,6597573,771,10112,235,1130,331,1402
20100,77.011,49.69,1.895824,1.200928,0.694897,1.317871,1.169312,0.726513,128.663,0.852227,0.0,121.6291,0.0,0.994707,0.005293,51200,6587545,759,9536,236,1130,323,1402
20150,77.144,49.768,1.916583,1.219482,0.697101,1.338135,1.18396,0.732623,128.5531,0.85959,0.0,121.9093,0.0,0.992656,0.007344,51200,6581920,818,9133,232,1131,325,1403
20200,77.35,49.909,1.802721,1.132446,0.670275,1.25061,1.100098,0.702624,128.9013,0.875332,0.0,121.9877,0.0,0.998594,0.001406,51200,6599749,762,9046,234,1131,315,1403
20250,77.481,49.986,1.976577,1.213867,0.76271,1.325684,1.186523,0.790053,128.7604,0.863555,0.0,122.4617,0.0,0.996211,0.003789,51200,6592531,783,9584,220,1131,310,1403
20300,77.734,50.137,1.965522,1.171387,0.794135,1.290283,1.155151,0.810371,128.8367,0.856445,0.0,122.3627,0.0,0.997422,0.002578,51200,6596437,761,8969,216,1131,322,1411
20350,77.951,50.281,1.875603,1.151001,0.724602,1.25769,1.12085,0.754754,128.7461,0.874844,0.0,122.4696,0.0,0.996094,0.003906,51200,6591802,836,8900,212,1133,320,1413
20400,78.081,50.358,1.923764,1.201538,0.722226,1.309692,1.178711,0.745054,128.8596,0.86207,0.0,121.827,0.0,0.99791,0.00209,51200,6597612,770,9914,207,1133,315,1413
20450,78.278,50.486,1.951671,1.231445,0.720226,1.353027,1.208496,0.743175,128.8583,0.861934,0.0,121.4666,0.0,0.997637,0.002363,51200,6597544,792,9777,214,1139,322,1419
20500,78.411,50.563,2.000339,1.275024,0.725314,1.401978,1.265503,0.734836,128.9071,0.854805,0.0,121.3532,0.0,0.998691,0.001309,51200,6600043,823,10388,230,1139,338,1419
20550,78.576,50.665,2.103361,1.342896,0.760466,1.471313,1.328369,0.774992,128.953,0.85209,0.0,119.9008,0.0,0.999277,0.000723,51200,6602396,780,11821,225,1141,330,1421
20600,78.706,50.741,2.085501,1.304688,0.780814,1.420288,1.282959,0.802542,128.8645,0.835254,0.0,119.2142,0.0,0.997852,0.002148,51200,6597860,811,11683,230,1141,328,1421
20650,78.846,50.823,1.925807,1.186523,0.739283,1.303345,1.154907,0.7709,128.884,0.829883,1.5e-05,120.1731,0.0,0.998125,0.001875,51200,6598863,752,9381,246,1141,329,1421
20700,79.098,50.969,1.829806,1.098633,0.731173,1.201538,1.061768,0.768038,128.7136,0.834531,0.0,122.1974,0.0,0.995293,0.004707,51200,6590134,765,8157,226,1141,332,1421
20750,79.225,51.043,1.685809,1.03125,0.654559,1.143433,0.989014,0.696795,128.8341,0.865039,0.0,124.2326,0.0,0.997324,0.002676,51200,6596307,756,6902,222,1142,330,1422
20800,79.353,51.118,1.612103,1.005127,0.606976,1.110718,0.956543,0.65556,128.8261,0.868574,0.0,125.2004,0.0,0.997344,0.002656,51200,6595896,803,6338,203,1142,310,1429
20850,79.571,51.233,1.794661,1.132446,0.662214,1.235718,1.093506,0.701155,128.9448,0.857227,0.0,124.5865,0.0,0.999121,0.000879,51200,6601974,787,8542,210,1142,317,1429
20900,79.699,51.309,1.853144,1.13501,0.718134,1.242188,1.09375,0.759394,128.6671,0.868594,0.0,123.1825,0.0,0.994766,0.005234,51200,6587757,785,8810,218,1142,319,1429
20950,79.844,51.385,1.724713,1.064941,0.659772,1.187134,1.032837,0.691876,128.8121,0.888594,0.0,124.3308,0.0,0.997031,0.002969,51200,6595180,766,7397,215,1142,313,1429
21000,80.076,51.531,1.709124,1.059692,0.649432,1.170288,1.026367,0.682757,130.1318,0.88375,0.01096,124.7642,0.000176,0.995508,0.004316,51200,6662747,807,7565,211,1142,309,1429
21050,80.207,51.61,1.87253,1.169556,0.702974,1.283081,1.132202,0.740328,139.9378,0.868926,0.080546,126.5863,0.001387,0.99459,0.004023,51200,7164817,772,9803,213,1144,311,1431
21100,80.367,51.714,1.919576,1.200806,0.718771,1.32019,1.174561,0.745016,137.3309,0.863164,0.063533,125.1871,0.001074,0.993613,0.005312,51200,7031344,814,9541,216,1144,313,1431
21150,80.549,51.846,1.908476,1.150269,0.758208,1.25769,1.121704,0.786772,146.6647,0.841758,0.124422,127.1016,0.002246,0.990547,0.007207,51200,7509235,794,9648,211,1144,306,1431
21200,80.679,51.922,1.824625,1.127808,0.696817,1.242188,1.093018,0.731607,131.8275,0.821191,0.024379,123.1021,0.000391,0.993828,0.005781,51200,6749567,789,8667,208,1145,302,1432
21250,80.834,52.024,1.834624,1.119019,0.715605,1.240234,1.089111,0.745512,128.8137,0.822598,0.0,123.2039,0.0,0.997246,0.002754,51200,6595260,778,9195,223,1151,318,1438
21300,81.026,52.127,1.873913,1.183472,0.690441,1.304443,1.152832,0.721081,128.6794,0.824258,0.0,122.6752,0.0,0.994902,0.005098,51200,6588383,827,9375,223,1152,320,1439
21350,81.162,52.21,1.950942,1.192261,0.758681,1.31189,1.170044,0.780898,128.6093,0.850508,0.0,122.9768,0.0,0.993848,0.006152,51200,6584795,762,9509,216,1153,325,1440
21400,81.317,52.294,1.86323,1.175537,0.687693,1.296265,1.144653,0.718577,128.6508,0.873672,0.0,122.8756,0.0,0.994629,0.005371,51200,6586919,832,9436,214,1153,319,1440
21450,81.455,52.376,1.917924,1.17627,0.741655,1.303711,1.152344,0.765581,128.6312,0.868027,0.0,122.9694,0.0,0.994453,0.005547,51200,6585920,779,9612,217,1153,325,1441
21500,81.604,52.462,1.900502,1.171509,0.728993,1.290894,1.143311,0.757192,128.5697,0.87166,0.0,122.7491,0.0,0.993574,0.006426,51200,6582770,763,9007,221,1153,329,1441
21550,81.785,52.57,1.820675,1.123047,0.697629,1.244629,1.092773,0.727902,128.7972,0.858379,0.0,122.7957,0.0,0.996973,0.003027,51200,6594416,773,9308,218,1153,327,1441
21600,81.932,52.659,1.833719,1.130737,0.702982,1.250488,1.097656,0.736063,128.4179,0.836074,0.0,122.7661,0.0,0.991113,0.008887,51200,6574997,787,8829,217,1153,324,1441
21650,82.143,52.777,1.732504,1.063965,0.668539,1.17749,1.02417,0.708334,128.4363,0.833594,0.0,123.2699,0.0,0.991016,0.008984,51200,6575936,760,7430,230,1156,326,1443
21700,82.271,52.852,1.752382,1.084106,0.668276,1.197388,1.052246,0.700136,128.5485,0.831055,0.0,124.1007,0.0,0.992891,0.007109,51200,6581681,782,8178,229,1156,330,1450
21750,82.455,52.945,1.818005,1.077881,0.740124,1.198975,1.050415,0.76759,128.4091,0.855723,0.0,123.288,0.0,0.990977,0.009023,51200,6574547,769,8914,217,1156,321,1450
21800,82.638,53.069,1.858799,1.106934,0.751865,1.221313,1.070923,0.787876,128.8911,0.855684,0.0,123.7145,0.0,0.998105,0.001895,51200,6599222,777,8351,209,1156,318,1450
21850,82.768,53.144,1.913717,1.146729,0.766989,1.268555,1.120483,0.793234,128.7985,0.86791,0.0,123.0178,0.0,0.997148,0.002852,51200,6594481,795,9214,206,1156,314,1450
21900,82.934,53.227,1.913891,1.135986,0.777905,1.259766,1.106812,0.80708,128.9388,0.877324,0.0,122.4883,0.0,0.998887,0.001113,51200,6601669,744,8628,211,1156,312,1450
21950,83.135,53.374,1.872996,1.120605,0.752391,1.240112,1.08667,0.786327,128.8403,0.875566,0.0,123.0301,0.0,0.997402,0.002598,51200,6596622,752,8574,208,1156,300,1450
22000,83.262,53.45,1.866778,1.096191,0.770586,1.208984,1.064209,0.802569,128.9141,0.867676,0.0,123.2147,0.0,0.998457,0.001543,51200,6600404,792,8764,218,1162,312,1458
22050,83.408,53.525,1.835232,1.080322,0.75491,1.198364,1.038208,0.797024,128.9521,0.855469,0.0,123.4361,0.0,0.999141,0.000859,51200,6602345,767,8092,232,1163,328,1461
22100,83.535,53.6,1.892244,1.140869,0.751375,1.255615,1.106201,0.786043,128.8911,0.852812,0.0,123.4464,0.0,0.998359,0.001641,51200,6599225,768,9358,233,1164,316,1461
22150,83.661,53.675,1.889511,1.143433,0.746078,1.254028,1.120972,0.768539,128.6426,0.83541,0.0,122.4684,0.0,0.994316,0.005684,51200,6586500,801,9846,219,1164,299,1461
22200,83.866,53.827,1.933069,1.154907,0.778162,1.282837,1.133911,0.799158,128.7974,0.861758,0.0,123.2515,0.0,0.996777,0.003223,51200,6594427,804,9344,224,1164,300,1461
22250,83.997,53.904,1.899738,1.124878,0.77486,1.242798,1.100952,0.798786,128.8628,0.864434,0.0,123.1916,0.0,0.998125,0.001875,51200,6597776,817,8598,238,1164,308,1461
22300,84.152,53.98,1.948071,1.174805,0.773266,1.290527,1.146729,0.801343,128.8454,0.878359,0.0,123.2717,0.0,0.997637,0.002363,51200,6596887,752,9092,250,1164,314,1461
22350,84.288,54.057,1.992679,1.200562,0.792117,1.316406,1.177002,0.815677,128.9211,0.881152,0.0,122.5042,0.0,0.998867,0.001133,51200,6600759,786,9923,250,1164,313,1461
22400,84.437,54.137,1.959628,1.162354,0.797274,1.270874,1.137573,0.822055,128.9165,0.861289,0.0,121.8993,0.0,0.99877,0.00123,51200,6600526,761,9535,240,1164,301,1461
22450,84.64,54.285,2.106953,1.273804,0.83315,1.397461,1.256836,0.850117,128.9596,0.846309,0.0,120.5945,0.0,0.999355,0.000645,51200,6602734,780,11458,258,1164,320,1461
22500,84.772,54.36,2.136476,1.313599,0.822877,1.422119,1.290527,0.845948,128.9308,0.863984,0.0,119.4286,0.0,0.998828,0.001172,51200,6601256,817,12179,252,1165,310,1462
22550,84.975,54.459,2.143273,1.330566,0.812707,1.456177,1.31665,0.826623,128.6045,0.848574,0.0,118.7159,0.0,0.994141,0.005859,51200,6584551,811,12244,251,1168,310,1466
22600,85.231,54.611,2.113491,1.297974,0.815518,1.421143,1.292969,0.820523,128.8278,0.83291,0.0,118.8368,0.0,0.997266,0.002734,51200,6595983,778,12389,237,1170,293,1468
22650,85.391,54.719,2.099107,1.28186,0.817246,1.400146,1.272705,0.826402,128.7518,0.822539,0.0,118.885,0.0,0.996211,0.003789,51200,6592090,815,11339,235,1170,297,1471
22700,85.52,54.794,2.002446,1.257202,0.745244,1.381592,1.245361,0.757085,128.7819,0.818223,0.0,119.9714,0.0,0.996465,0.003535,51200,6593634,789,10829,229,1170,296,1474
22750,85.721,54.89,2.007664,1.244263,0.763401,1.354736,1.217407,0.790256,128.8131,0.826348,0.0,120.1778,0.0,0.997148,0.002852,51200,6595230,739,11066,217,1170,285,1476
22800,85.899,55.013,2.041026,1.256348,0.784679,1.374878,1.237183,0.803844,128.7914,0.823613,0.0,120.1721,0.0,0.996484,0.003516,51200,6594120,784,10957,217,1170,293,1484
22850,86.03,55.087,1.980768,1.208618,0.772149,1.327393,1.188599,0.792169,128.8254,0.836992,0.0,120.5048,0.0,0.997383,0.002617,51200,6595858,789,10928,216,1170,275,1484
22900,86.252,55.258,1.958129,1.185913,0.772216,1.29834,1.155762,0.802368,128.7667,0.830508,0.0,121.1101,0.0,0.996465,0.003535,51200,6592854,770,10779,237,1176,296,1490
22950,86.385,55.336,1.983622,1.212158,0.771464,1.323364,1.188721,0.794902,128.8025,0.816836,0.0,121.5546,0.0,0.996992,0.003008,51200,6594687,789,10803,235,1177,287,1491
23000,86.552,55.413,2.00051,1.244629,0.755881,1.362183,1.226685,0.773825,128.7483,0.822031,0.0,120.9689,0.0,0.995879,0.004121,51200,6591914,786,10332,236,1177,296,1493
23050,86.75,55.555,2.030845,1.216309,0.814536,1.342041,1.190918,0.839927,128.7218,0.837461,0.0,121.4012,0.0,0.995469,0.004531,51200,6590558,799,10171,235,1177,296,1493
23100,86.89,55.637,1.972171,1.213867,0.758304,1.341187,1.182983,0.789188,128.7117,0.850742,0.0,121.2165,0.0,0.995254,0.004746,51200,6590037,762,9385,239,1179,306,1500
23150,87.039,55.714,1.839542,1.148438,0.691105,1.267456,1.11731,0.722233,128.9629,0.872285,0.0,122.6742,0.0,0.999297,0.000703,51200,6602903,757,8857,241,1180,309,1501
23200,87.184,55.792,1.836386,1.102783,0.733603,1.214233,1.066528,0.769858,128.9846,0.87166,0.0,122.8815,0.0,0.999648,0.000352,51200,6604011,803,8332,227,1180,319,1501
23250,87.316,55.871,1.833007,1.104858,0.728149,1.225342,1.066772,0.766235,128.816,0.861992,0.0,123.372,0.0,0.996855,0.003145,51200,6595377,810,8710,228,1180,325,1501
23300,87.512,56.013,1.874236,1.15686,0.717375,1.267334,1.114258,0.759978,128.6902,0.86457,0.0,122.8846,0.0,0.99541,0.00459,51200,6588938,788,9021,227,1180,324,1501
23350,87.641,56.088,1.928017,1.165283,0.762734,1.285645,1.13562,0.792397,128.6626,0.86875,0.0,122.058,0.0,0.995098,0.004902,51200,6587524,719,9310,246,1188,342,1509
23400,87.8,56.164,1.918158,1.131104,0.787054,1.247437,1.099243,0.818915,128.4897,0.858027,0.0,122.4323,0.0,0.992422,0.007578,51200,6578671,752,8313,249,1192,339,1513
23450,87.937,56.248,1.843703,1.117432,0.726271,1.238892,1.088989,0.754714,128.7805,0.849062,0.0,122.9737,0.0,0.996543,0.003457,51200,6593560,782,8427,260,1193,349,1514
23500,88.078,56.326,1.90646,1.136719,0.769742,1.26123,1.1073,0.799161,128.6987,0.846172,0.0,123.0741,0.0,0.995215,0.004785,51200,6589371,829,8584,277,1194,354,1515
23550,88.306,56.476,1.938671,1.156616,0.782055,1.270874,1.125366,0.813305,128.6896,0.85877,0.0,122.8068,0.0,0.995195,0.004805,51200,6588910,805,8030,292,1195,366,1519
23600,88.44,56.555,1.962376,1.185303,0.777074,1.313599,1.152344,0.810033,128.9049,0.862754,0.0,122.8548,0.0,0.998672,0.001328,51200,6599929,783,8655,304,1195,370,1519
23650,88.694,56.678,1.888825,1.11853,0.770295,1.232788,1.078735,0.81009,128.9979,0.885,0.0,123.473,0.0,0.999961,3.9e-05,51200,6604690,828,7834,293,1195,359,1519
23700,88.841,56.759,1.95498,1.154541,0.800439,1.276611,1.124023,0.830957,128.8856,0.869238,0.0,123.0203,0.0,0.998164,0.001836,51200,6598944,800,8810,289,1195,347,1519
23750,89.017,56.835,1.814329,1.039307,0.775022,1.158569,1.008545,0.805784,128.8491,0.887031,0.0,123.9673,0.0,0.997578,0.002422,51200,6597072,799,7406,286,1195,344,1519
23800,89.223,56.981,1.86025,1.094727,0.765524,1.212769,1.06311,0.79714,128.8407,0.866094,0.0,123.8109,0.0,0.997559,0.002441,51200,6596646,771,8351,277,1195,335,1519
23850,89.351,57.056,1.90794,1.126831,0.781109,1.246826,1.092407,0.815533,128.7372,0.841738,0.0,122.9543,0.0,0.99584,0.00416,51200,6591344,782,9083,272,1195,336,1525
23900,89.507,57.132,1.913474,1.128418,0.785056,1.24292,1.097656,0.815818,128.6679,0.840566,0.0,122.5359,0.0,0.995059,0.004941,51200,6587794,743,9115,260,1195,321,1526
23950,89.633,57.206,1.872033,1.113037,0.758995,1.225098,1.082886,0.789147,129.0,0.820371,0.0,122.8551,0.0,1.0,0.0,51200,6604800,775,9207,258,1199,317,1530
24000,89.765,57.28,1.953668,1.176147,0.777521,1.290161,1.151123,0.802545,129.0,0.794766,0.0,121.8665,0.0,1.0,0.0,51200,6604800,766,10504,264,1207,323,1543
24050,89.893,57.354,2.073728,1.255615,0.818113,1.38562,1.253662,0.820066,128.9481,0.792266,0.0,120.0283,0.0,0.99916,0.00084,51200,6602145,794,12186,230,1207,287,1544
24100,90.055,57.432,2.172902,1.347168,0.825734,1.475708,1.336426,0.836476,128.9428,0.777285,0.0,118.9187,0.0,0.999023,0.000977,51200,6601869,753,13014,216,1208,285,1551
24150,90.205,57.524,2.102704,1.302979,0.799726,1.430542,1.295532,0.807172,128.9016,0.800762,0.0,118.8808,0.0,0.998418,0.001582,51200,6599764,779,11635,210,1208,275,1552
24200,90.386,57.6,2.054595,1.263428,0.791167,1.374878,1.238159,0.816436,130.4545,0.811094,0.011974,121.8779,0.000195,0.998203,0.001602,51200,6679269,780,10988,214,1209,280,1554
24250,90.58,57.738,1.966362,1.190063,0.776298,1.296021,1.161621,0.80474,135.5289,0.849082,0.048409,128.1312,0.00082,0.998066,0.001113,51200,6939079,778,9550,229,1210,285,1556
24300,90.709,57.814,1.86582,1.089478,0.776343,1.198975,1.056885,0.808935,128.8512,0.841016,0.0,123.0861,0.0,0.997754,0.002246,51200,6597181,771,7954,234,1210,293,1556
24350,90.864,57.895,1.897332,1.096069,0.801263,1.21814,1.060425,0.836907,128.8495,0.835723,0.0,124.01,0.0,0.997578,0.002422,51200,6597094,742,8173,257,1210,315,1556
24400,91.033,58.013,1.779435,1.023804,0.755632,1.137939,0.987427,0.792009,128.7625,0.835762,0.0,123.933,0.0,0.995918,0.004082,51200,6592639,821,7364,267,1219,324,1563
24450,91.159,58.088,1.86378,1.123047,0.740733,1.232666,1.090088,0.773692,128.5599,0.830918,0.0,123.9526,0.0,0.992891,0.007109,51200,6582267,763,8914,265,1220,322,1564
24500,91.314,58.189,2.000068,1.217163,0.782905,1.325317,1.184448,0.81562,128.5399,0.826777,0.0,122.2352,0.0,0.993047,0.006953,51200,6581243,795,10034,276,1234,335,1579
24550,91.469,58.27,2.017958,1.259155,0.758803,1.378662,1.222534,0.795424,128.4877,0.826973,0.0,121.1487,0.0,0.992344,0.007656,51200,6578572,742,10634,277,1238,334,1583
24600,91.714,58.406,2.153557,1.340942,0.812615,1.457764,1.322754,0.830803,128.6824,0.857812,0.0,120.5534,0.0,0.994688,0.005312,51200,6588537,738,11643,263,1241,319,1586
24650,91.844,58.483,2.166416,1.302979,0.863437,1.430054,1.283447,0.882969,128.5199,0.845059,0.0,119.3712,0.0,0.993066,0.006934,51200,6580220,751,11664,247,1241,305,1588
24700,92.007,58.565,2.096042,1.272705,0.823336,1.394653,1.254395,0.841647,128.7311,0.845859,0.0,120.1169,0.0,0.996016,0.003984,51200,6591033,799,10753,259,1245,312,1591
24750,92.253,58.748,2.01423,1.234985,0.779245,1.365723,1.217529,0.796701,136.7656,0.845215,0.059416,127.9996,0.001016,0.992988,0.005996,51200,7002397,774,10384,262,1247,319,1594
24800,92.395,58.828,2.000027,1.192139,0.807889,1.313599,1.165649,0.834378,135.1201,0.846934,0.048574,127.2485,0.00082,0.991836,0.007344,51200,6918150,771,10403,269,1250,327,1602
24850,92.617,58.922,1.998439,1.223511,0.774928,1.353027,1.198486,0.799953,136.9884,0.818516,0.061601,129.1204,0.001055,0.991367,0.007578,51200,7013804,750,10879,264,1254,315,1602
24900,92.761,59.01,1.992028,1.192383,0.799646,1.314575,1.166992,0.825036,135.874,0.832559,0.052905,127.8839,0.000898,0.993652,0.005449,51200,6956751,798,10880,258,1257,309,1605
24950,92.934,59.126,2.066235,1.254028,0.812206,1.380371,1.233398,0.832836,140.3144,0.814609,0.082902,130.8754,0.001445,0.993711,0.004844,51200,7184099,794,11761,252,1259,300,1607
25000,93.071,59.205,2.013866,1.220215,0.793652,1.34436,1.193848,0.820019,136.7438,0.807109,0.058756,127.3408,0.000996,0.994707,0.004297,51200,7001284,775,10870,248,1259,296,1607
25050,93.277,59.301,2.11211,1.297485,0.814625,1.428833,1.281616,0.830494,128.5997,0.801621,0.0,120.6379,0.0,0.994043,0.005957,51200,6584307,736,11652,245,1259,294,1607
25100,93.456,59.424,2.116839,1.307861,0.808978,1.439209,1.284058,0.832782,128.3446,0.814512,0.0,120.0554,0.0,0.990254,0.009746,51200,6571246,733,12009,247,1259,297,1609
25150,93.591,59.501,2.068082,1.270996,0.797086,1.401978,1.252808,0.815274,128.5766,0.821504,0.001178,120.1973,0.0,0.99207,0.00793,51200,6583121,788,11582,260,1259,309,1611
25200,93.815,59.616,2.096487,1.268311,0.828177,1.3927,1.251465,0.845022,128.5778,0.814121,0.0,120.2826,0.0,0.99418,0.00582,51200,6583181,817,11325,265,1260,328,1615
25250,93.953,59.698,2.098525,1.251709,0.846816,1.388794,1.243652,0.854873,128.6508,0.825234,0.0,120.8187,0.0,0.995039,0.004961,51200,6586921,792,10997,262,1260,334,1615
25300,94.101,59.774,1.992459,1.199219,0.79324,1.3302,1.180054,0.812405,128.5382,0.828008,0.0,120.8345,0.0,0.993809,0.006191,51200,6581158,787,10164,253,1262,324,1623
25350,94.242,59.848,2.0569,1.205933,0.850968,1.34314,1.182617,0.874283,128.3829,0.825664,0.0,121.001,0.0,0.991426,0.008574,51200,6573202,786,10581,262,1262,325,1623
25400,94.445,59.937,1.985473,1.203003,0.78247,1.322144,1.168823,0.81665,128.5298,0.83248,0.0,121.4666,0.0,0.993926,0.006074,51200,6580724,731,10201,260,1262,310,1623
25450,94.625,60.066,2.036711,1.210571,0.82614,1.338623,1.193115,0.843596,133.2466,0.824004,0.036842,125.2886,0.000605,0.990664,0.00873,51200,6822226,776,10723,260,1263,309,1624
25500,94.752,60.14,2.05234,1.196045,0.856295,1.333618,1.185913,0.866427,128.2382,0.805332,0.0,120.1654,0.0,0.989258,0.010742,51200,6565796,770,10513,249,1263,300,1624
25550,94.909,60.221,2.007924,1.201416,0.806508,1.320557,1.174316,0.833608,129.3515,0.801582,0.007237,122.2844,0.000117,0.991113,0.00877,51200,6622796,810,10053,266,1263,304,1624
25600,95.044,60.302,2.013683,1.196411,0.817272,1.328613,1.167114,0.846569,128.546,0.819336,0.0,121.492,0.0,0.993262,0.006738,51200,6581556,784,10096,282,1263,317,1624
25650,95.256,60.455,1.89383,1.122314,0.771516,1.239258,1.083984,0.809846,128.9416,0.823145,0.0,122.6882,0.0,0.999102,0.000898,51200,6601810,772,9038,284,1264,316,1624
25700,95.385,60.532,1.994224,1.151123,0.843101,1.266357,1.115112,0.879111,128.9077,0.82543,0.0,122.7387,0.0,0.998574,0.001426,51200,6600076,742,9928,276,1265,310,1624
25750,95.52,60.607,2.061599,1.230713,0.830886,1.360596,1.214233,0.847366,128.7731,0.831035,0.0,121.65,0.0,0.996426,0.003574,51200,6593181,797,10811,286,1265,320,1624
25800,95.65,60.682,2.069722,1.272217,0.797505,1.395142,1.252808,0.816914,128.857,0.831641,0.0,121.2178,0.0,0.997754,0.002246,51200,6597479,774,10745,299,1265,332,1624
25850,95.856,60.809,2.08475,1.235107,0.849643,1.360718,1.215088,0.869662,128.8545,0.843984,0.0,121.1124,0.0,0.997773,0.002227,51200,6597350,778,10730,299,1265,321,1624
25900,95.985,60.885,2.067036,1.236328,0.830708,1.359253,1.214111,0.852925,128.7467,0.834863,0.0,121.0701,0.0,0.996035,0.003965,51200,6591829,809,10516,293,1265,316,1624
25950,96.126,60.963,2.1935,1.342041,0.851459,1.480225,1.337036,0.856464,128.6632,0.813809,0.0,119.9549,0.0,0.994883,0.005117,51200,6587558,775,13218,276,1265,302,1624
26000,96.342,61.118,2.251157,1.375122,0.876035,1.508423,1.375854,0.875303,128.4682,0.785781,0.0,117.7239,0.0,0.991797,0.008203,51200,6577573,810,13353,238,1265,261,1624
26050,96.487,61.204,2.261163,1.372314,0.888848,1.503174,1.374268,0.886895,128.493,0.76791,0.0,117.7481,0.0,0.992246,0.007754,51200,6578841,794,12656,238,1271,262,1630
26100,96.686,61.281,2.255393,1.369263,0.88613,1.506348,1.363525,0.891867,128.398,0.765977,0.0,118.521,0.0,0.990938,0.009062,51200,6573976,830,12947,243,1279,267,1638
26150,96.936,61.428,2.264423,1.385864,0.878559,1.534424,1.383789,0.880634,128.2905,0.778281,0.0,118.1438,0.0,0.989219,0.010781,51200,6568473,748,12890,236,1279,260,1643
26200,97.089,61.527,2.246681,1.370239,0.876441,1.516968,1.372925,0.873756,128.0794,0.777988,0.0,118.3012,0.0,0.985645,0.014355,51200,6557667,757,12523,229,1280,248,1644
26250,97.22,61.604,2.202706,1.350708,0.851998,1.484375,1.338501,0.864205,128.1637,0.786777,0.0,118.3668,0.0,0.987207,0.012793,51200,6561982,788,12677,227,1280,244,1644
26300,97.453,61.728,2.153776,1.275757,0.878019,1.398071,1.258179,0.895598,128.4011,0.808867,0.0,119.2983,0.0,0.991133,0.008867,51200,6574137,748,11525,244,1283,266,1652
26350,97.59,61.813,2.233513,1.284546,0.948967,1.416992,1.270142,0.963371,128.5788,0.806016,0.0,119.4118,0.0,0.99332,0.00668,51200,6583233,767,12343,234,1283,255,1652
26400,97.772,61.889,2.244403,1.338135,0.906268,1.463745,1.323975,0.920428,128.4975,0.808965,0.0,118.6792,0.0,0.992402,0.007598,51200,6579070,837,13366,218,1283,235,1654
26450,97.905,61.969,2.227297,1.333984,0.893313,1.469238,1.327271,0.900027,128.7065,0.819238,0.0,118.5167,0.0,0.99541,0.00459,51200,6589772,796,12678,226,1283,241,1654
26500,98.044,62.045,2.17935,1.28186,0.897489,1.40625,1.265259,0.914091,128.8204,0.823828,0.0,119.7795,0.0,0.997109,0.002891,51200,6595603,842,11398,235,1291,258,1670
26550,98.17,62.12,2.202321,1.249023,0.953298,1.377319,1.226807,0.975514,128.9346,0.83541,0.0,119.7179,0.0,0.998906,0.001094,51200,6601452,761,10965,237,1294,261,1673
26600,98.402,62.241,2.153669,1.203857,0.949812,1.346558,1.186768,0.966902,128.8895,0.822812,0.0,119.996,0.0,0.998379,0.001621,51200,6599143,802,10666,237,1296,259,1673
26650,98.53,62.315,2.200336,1.245605,0.954731,1.393921,1.239746,0.96059,128.858,0.812773,0.0,120.3259,0.0,0.997773,0.002227,51200,6597528,801,10730,256,1307,272,1678
26700,98.687,62.39,2.17887,1.25061,0.92826,1.375,1.22998,0.94889,128.8246,0.840352,0.0,120.2309,0.0,0.997188,0.002812,51200,6595817,809,10929,316,1317,330,1688
26750,98.827,62.474,2.141131,1.233032,0.908099,1.356689,1.207275,0.933856,128.7293,0.837461,0.0,120.6475,0.0,0.995547,0.004453,51200,6590938,794,10884,318,1324,331,1695
26800,98.964,62.557,2.053179,1.151855,0.901323,1.263672,1.117188,0.935991,128.5729,0.830352,0.0,121.3821,0.0,0.993555,0.006445,51200,6582930,798,9596,304,1325,317,1696
26850,99.091,62.632,2.036868,1.162476,0.874393,1.280762,1.126587,0.910282,128.8392,0.847539,0.0,122.4927,0.0,0.997305,0.002695,51200,6596566,813,9246,311,1327,324,1698
26900,99.224,62.715,1.966199,1.112793,0.853406,1.212646,1.071899,0.894299,128.6962,0.85748,0.0,122.4991,0.0,0.995527,0.004473,51200,6589244,772,8791,300,1332,313,1703
26950,99.403,62.792,1.983912,1.0979,0.886012,1.209229,1.062988,0.920924,136.362,0.844785,0.05706,129.6402,0.000957,0.993789,0.005254,51200,6981732,815,9350,295,1337,308,1708
27000,99.584,62.921,2.006631,1.148926,0.857705,1.266479,1.105225,0.901406,146.8463,0.824473,0.124521,138.5628,0.002246,0.993223,0.004531,51200,7518529,808,9720,273,1337,283,1708
27050,99.714,62.996,2.040655,1.157104,0.88355,1.275024,1.112793,0.927862,132.9923,0.837539,0.031035,126.169,0.000508,0.99793,0.001562,51200,6809206,758,9441,282,1341,290,1712
27100,99.918,63.145,2.07371,1.136108,0.937602,1.261597,1.098145,0.975565,128.8895,0.83541,0.0,122.7045,0.0,0.998164,0.001836,51200,6599143,741,9632,320,1362,326,1732
27150,100.047,63.22,2.138922,1.212402,0.926519,1.345947,1.186401,0.95252,128.7911,0.832637,0.0,121.385,0.0,0.996836,0.003164,51200,6594102,762,10548,308,1363,314,1733
27200,100.231,63.295,2.216302,1.28186,0.934442,1.407593,1.257935,0.958368,128.7155,0.821621,0.0,120.4431,0.0,0.995957,0.004043,51200,6590233,773,12126,309,1365,315,1733
27250,100.394,63.401,2.191653,1.272583,0.91907,1.393677,1.238892,0.952761,128.3252,0.852441,0.0,119.5841,0.0,0.991777,0.008223,51200,6570249,803,11532,329,1373,334,1736
27300,100.521,63.477,2.157048,1.204712,0.952336,1.328613,1.178345,0.978703,128.1966,0.8625,0.0,120.3117,0.0,0.990332,0.009668,51200,6563668,771,10265,329,1375,332,1738
27350,100.663,63.568,2.100531,1.153931,0.9466,1.272217,1.122314,0.978216,128.0524,0.860156,0.0,120.2255,0.0,0.987422,0.012578,51200,6556283,792,9832,329,1384,342,1747
27400,100.834,63.648,2.085154,1.134155,0.950999,1.247925,1.107544,0.97761,128.3276,0.859375,0.0,121.3633,0.0,0.990996,0.009004,51200,6570371,787,9488,318,1384,330,1747
27450,101.108,63.803,2.076455,1.142944,0.93351,1.254761,1.115967,0.960488,128.4982,0.840547,0.0,121.6997,0.0,0.992949,0.007051,51200,6579108,775,9648,324,1384,336,1747
27500,101.302,63.944,2.099414,1.202759,0.896656,1.32251,1.178223,0.921192,128.7318,0.812871,0.0,121.1582,0.0,0.995938,0.004062,51200,6591069,758,10309,324,1384,336,1747
27550,101.435,64.023,2.139938,1.221924,0.918014,1.358032,1.207764,0.932174,128.9092,0.827617,0.0,121.1106,0.0,0.998535,0.001465,51200,6600152,784,10117,328,1384,340,1747
27600,101.633,64.099,2.104002,1.20459,0.899412,1.328979,1.173096,0.930906,128.8279,0.844277,0.0,121.3205,0.0,0.997168,0.002832,51200,6595991,769,9839,331,1384,347,1747
27650,101.793,64.206,2.030863,1.16687,0.863993,1.280762,1.128296,0.902567,128.9633,0.848672,0.0,121.9941,0.0,0.999492,0.000508,51200,6602919,745,9649,346,1400,362,1756
27700,101.924,64.282,2.105271,1.227905,0.877366,1.353394,1.200439,0.904832,128.9064,0.83791,0.0,121.4335,0.0,0.998652,0.001348,51200,6600006,725,10931,350,1410,366,1766
27750,102.059,64.365,2.028075,1.182251,0.845824,1.302124,1.151123,0.876952,128.9124,0.831699,0.0,121.766,0.0,0.998691,0.001309,51200,6600316,794,10028,346,1411,356,1766
27800,102.231,64.464,2.014235,1.184937,0.829298,1.305298,1.154053,0.860182,128.9785,0.82168,0.0,122.3346,0.0,0.999668,0.000332,51200,6603701,769,10073,330,1411,346,1766
27850,102.361,64.539,2.070776,1.210449,0.860327,1.336304,1.196045,0.874732,128.9471,0.853438,0.0,122.176,0.0,0.999121,0.000879,51200,6602090,774,10757,320,1411,340,1766
27900,102.495,64.622,2.082445,1.204102,0.878344,1.336914,1.185059,0.897387,128.8872,0.834805,0.0,120.9148,0.0,0.998105,0.001895,51200,6599023,774,10880,298,1411,317,1766
27950,102.668,64.697,2.112659,1.228638,0.884022,1.36731,1.214966,0.897693,128.9383,0.821973,0.0,121.4524,0.0,0.999004,0.000996,51200,6601639,738,10370,308,1419,321,1766
28000,102.928,64.849,2.07339,1.227417,0.845973,1.353149,1.192017,0.881374,128.8869,0.828438,0.0,122.172,0.0,0.998203,0.001797,51200,6599007,750,9723,306,1419,317,1766
28050,103.132,65.001,1.928875,1.111816,0.817059,1.233887,1.082764,0.846112,128.7683,0.859434,0.0,123.1928,0.0,0.996172,0.003828,51200,6592938,820,8830,303,1424,313,1771
28100,103.261,65.075,1.897238,1.06958,0.827658,1.192505,1.040405,0.856833,128.81,0.85373,0.0,123.6791,0.0,0.997148,0.002852,51200,6595070,789,7799,305,1424,315,1771
28150,103.397,65.16,1.976024,1.11792,0.858104,1.22583,1.079834,0.89619,128.9209,0.837598,0.0,123.472,0.0,0.998848,0.001152,51200,6600752,807,8993,305,1426,315,1771
28200,103.589,65.247,1.983336,1.129761,0.853575,1.246826,1.092651,0.890684,128.7577,0.826191,0.0,122.6031,0.0,0.996211,0.003789,51200,6592395,776,9316,331,1426,341,1771
28250,103.73,65.334,2.005163,1.134766,0.870398,1.256958,1.107666,0.897497,128.9343,0.837207,0.0,122.7001,0.0,0.999062,0.000938,51200,6601434,830,9260,318,1426,328,1771
28300,103.872,65.41,2.020577,1.144897,0.875679,1.266479,1.113281,0.907296,130.0735,0.839199,0.008507,123.6081,0.000137,0.999434,0.00043,51200,6659761,767,9861,289,1428,301,1775
28350,104.008,65.485,2.000301,1.155151,0.84515,1.269897,1.118896,0.881405,130.1318,0.828789,0.009724,123.5033,0.000156,0.99793,0.001914,51200,6662746,782,9930,290,1429,299,1775
28400,104.214,65.637,2.119691,1.230469,0.889222,1.351318,1.199097,0.920594,128.8478,0.824297,0.0,121.6534,0.0,0.997637,0.002363,51200,6597009,780,11015,298,1429,304,1775
28450,104.35,65.713,2.270878,1.367188,0.90369,1.490479,1.344482,0.926395,128.8451,0.809922,0.0,120.5098,0.0,0.997539,0.002461,51200,6596870,833,13484,316,1440,318,1783
28500,104.515,65.79,2.285191,1.397217,0.887974,1.518188,1.379883,0.905308,128.4972,0.80332,0.0,117.9347,0.0,0.992246,0.007754,51200,6579058,807,13557,306,1442,307,1784
28550,104.646,65.866,2.25713,1.317383,0.939747,1.447266,1.286499,0.970631,128.3741,0.825098,0.0,118.2993,0.0,0.990449,0.009551,51200,6572755,755,12147,305,1443,308,1785
28600,104.788,65.941,2.247263,1.329224,0.91804,1.455078,1.306763,0.940501,128.5007,0.81752,0.0,119.7236,0.0,0.99207,0.00793,51200,6579236,752,12162,317,1445,320,1787
28650,104.92,66.017,2.206035,1.293579,0.912456,1.428101,1.275635,0.9304,128.752,0.814219,0.0,119.7738,0.0,0.996191,0.003809,51200,6592101,817,11797,294,1448,296,1789
28700,105.047,66.091,2.281943,1.349976,0.931968,1.486938,1.338867,0.943076,128.7769,0.792148,0.0,119.5242,0.0,0.996641,0.003359,51200,6593376,777,12482,277,1448,280,1789
28750,105.314,66.241,2.179283,1.265625,0.913658,1.40332,1.250488,0.928794,128.8435,0.788066,0.0,119.8497,0.0,0.997344,0.002656,51200,6596787,766,11511,283,1448,285,1789
28800,105.496,66.364,2.196174,1.278198,0.917976,1.415405,1.265625,0.930549,131.4285,0.811016,0.021693,122.3033,0.000352,0.993457,0.006191,51200,6729137,766,11768,306,1449,308,1790
28850,105.629,66.44,2.188601,1.256348,0.932253,1.379639,1.234863,0.953738,136.4776,0.81252,0.057991,126.42,0.000977,0.993164,0.005859,51200,6987651,789,11320,315,1451,315,1792
28900,105.881,66.587,2.114553,1.248535,0.866017,1.379395,1.238037,0.876515,128.7367,0.804238,0.0,120.724,0.0,0.995957,0.004043,51200,6591318,809,11108,279,1451,284,1792
28950,106.031,66.682,2.172071,1.227295,0.944776,1.35083,1.210815,0.961255,128.754,0.799434,0.0,120.9538,0.0,0.995996,0.004004,51200,6592206,792,10407,291,1451,298,1792
29000,106.158,66.757,2.166316,1.261108,0.905208,1.388916,1.249512,0.916804,128.7154,0.811055,0.0,121.2781,0.0,0.995469,0.004531,51200,6590226,781,10868,298,1451,305,1792
29050,106.346,66.833,2.308007,1.36377,0.944237,1.486084,1.352051,0.955956,128.5612,0.80752,0.0,120.1975,0.0,0.993281,0.006719,51200,6582333,799,12508,307,1453,314,1794
29100,106.558,66.981,2.468496,1.470947,0.997549,1.595581,1.475464,0.993032,128.2899,0.816719,0.0,117.532,0.0,0.988848,0.011152,51200,6568443,772,14675,299,1459,306,1800
29150,106.685,67.056,2.474784,1.478516,0.996268,1.613525,1.481567,0.993217,128.2957,0.806523,0.0,116.0883,0.0,0.990352,0.009648,51200,6568740,815,14770,284,1460,291,1801
29200,106.935,67.182,2.566033,1.529907,1.036126,1.698486,1.550293,1.01574,128.7686,0.79959,0.0,115.5013,0.0,0.996172,0.003828,51200,6592952,766,15115,302,1461,304,1801
29250,107.11,67.304,2.555701,1.540405,1.015296,1.683838,1.557007,0.998694,128.5422,0.809199,0.0,115.4126,0.0,0.992793,0.007207,51200,6581361,837,14893,297,1461,297,1801
29300,107.24,67.38,2.576398,1.552246,1.024152,1.700806,1.55542,1.020978,128.5198,0.811719,0.0,114.6081,0.0,0.992617,0.007383,51200,6580214,783,15782,299,1461,299,1801
29350,107.421,67.457,2.520056,1.537598,0.982458,1.681396,1.540161,0.979895,128.6662,0.79752,0.0,115.1183,0.0,0.994629,0.005371,51200,6587708,784,14756,304,1461,304,1801
29400,107.653,67.609,2.468195,1.465332,1.002862,1.597534,1.454834,1.013361,128.5154,0.81668,0.0,116.0015,0.0,0.992402,0.007598,51200,6579988,731,13888,310,1461,310,1801
29450,107.784,67.685,2.458338,1.477661,0.980677,1.631226,1.477783,0.980555,128.6064,0.830625,0.0,116.4678,0.0,0.99373,0.00627,51200,6584650,806,13888,325,1463,325,1803
29500,107.945,67.762,2.296195,1.364746,0.931449,1.504883,1.362061,0.934135,128.6746,0.832109,0.0,117.3346,0.0,0.99498,0.00502,51200,6588142,797,13096,322,1463,322,1803
29550,108.211,67.939,2.345491,1.376831,0.96866,1.523926,1.367554,0.977938,128.9472,0.825762,0.0,118.0987,0.0,0.999219,0.000781,51200,6602095,772,12531,329,1470,329,1810
29600,108.343,68.015,2.267152,1.313232,0.95392,1.438965,1.298584,0.968568,128.8915,0.832637,0.0,118.5792,0.0,0.998457,0.001543,51200,6599245,744,11478,352,1478,352,1818
29650,108.551,68.095,2.265108,1.293701,0.971407,1.418457,1.275635,0.989473,128.3828,0.81625,0.0,119.0154,0.0,0.991211,0.008789,51200,6573200,749,11841,338,1481,338,1821
29700,108.778,68.247,2.199751,1.22937,0.970381,1.359985,1.220215,0.979536,128.4142,0.835059,0.0,119.5097,0.0,0.991641,0.008359,51200,6574807,821,10791,347,1482,347,1822
29750,108.913,68.323,2.16856,1.197754,0.970806,1.333496,1.189331,0.979229,128.4577,0.847695,0.000145,120.5293,0.0,0.99123,0.00877,51200,6577035,766,10764,336,1482,336,1822
29800,109.091,68.399,2.149844,1.1875,0.962344,1.314453,1.170166,0.979678,128.4506,0.821074,0.0,120.4311,0.0,0.991914,0.008086,51200,6576672,760,10586,351,1488,351,1828
29850,109.337,68.547,2.168288,1.210571,0.957717,1.332031,1.179321,0.988967,128.6675,0.829453,0.0,120.6399,0.0,0.994668,0.005332,51200,6587774,800,11052,352,1489,352,1829
29900,109.474,68.627,2.150074,1.220825,0.929249,1.351807,1.197876,0.952198,128.4912,0.836875,0.0,120.7102,0.0,0.992227,0.007773,51200,6578751,781,10670,354,1489,354,1829
29950,109.663,68.706,2.105319,1.210815,0.894503,1.34375,1.191895,0.913424,128.5336,0.854434,0.0,121.2699,0.0,0.992598,0.007402,51200,6580922,758,10346,365,1498,365,1834
30000,109.811,68.791,2.143861,1.198853,0.945008,1.323364,1.176636,0.967225,128.6248,0.836719,0.0,121.024,0.0,0.993887,0.006113,51200,6585588,786,10906,368,1499,368,1835
30050,109.97,68.867,2.227062,1.259399,0.967662,1.390259,1.245728,0.981334,128.5884,0.836602,0.0,120.1961,0.0,0.993828,0.006172,51200,6583728,820,11392,367,1500,367,1836
30100,110.255,69.045,2.195584,1.233643,0.961941,1.365967,1.213867,0.981717,128.6089,0.829531,0.0,120.2324,0.0,0.994023,0.005977,51200,6584777,789,10702,361,1501,361,1837
30150,110.536,69.214,2.189066,1.248779,0.940287,1.393066,1.227783,0.961283,128.616,0.840371,0.0,120.7862,0.0,0.99373,0.00627,51200,6585137,784,11208,380,1504,380,1840
30200,110.689,69.313,2.065196,1.187866,0.877329,1.31604,1.154541,0.910655,128.4251,0.848496,0.0,121.3194,0.0,0.990957,0.009043,51200,6575365,729,10162,333,1504,333,1840
30250,110.845,69.408,2.027238,1.133667,0.893572,1.254639,1.103271,0.923967,128.4975,0.820039,0.0,122.1464,0.0,0.991875,0.008125,51200,6579070,815,9402,315,1505,315,1841
30300,111.125,69.545,2.1098,1.174316,0.935483,1.294189,1.144897,0.964902,128.6894,0.83416,0.0,122.3678,0.0,0.994961,0.005039,51200,6588898,762,9705,328,1515,328,1851
30350,111.394,69.703,2.071862,1.168945,0.902917,1.288574,1.1427,0.929162,132.2459,0.83166,0.026113,123.0649,0.00041,0.996777,0.002812,51200,6770989,822,9943,313,1516,313,1852
30400,111.529,69.783,2.096564,1.192749,0.903815,1.329712,1.162354,0.93421,128.8617,0.859023,0.0,122.1643,0.0,0.997891,0.002109,51200,6597718,881,10530,321,1518,321,1854
30450,111.69,69.858,2.049967,1.143188,0.906778,1.258423,1.110107,0.939859,128.861,0.880273,0.0,122.6955,0.0,0.997754,0.002246,51200,6597685,816,8723,346,1522,346,1858
30500,111.866,69.982,2.075303,1.186646,0.888658,1.307861,1.156006,0.919297,128.7703,0.858398,0.0,122.2873,0.0,0.996543,0.003457,51200,6593038,804,10477,338,1523,338,1859
30550,112.016,70.075,2.098508,1.1698,0.928708,1.288208,1.142944,0.955563,128.5132,0.846016,0.0,121.6221,0.0,0.992305,0.007695,51200,6579878,761,10592,326,1526,326,1861
30600,112.237,70.222,2.124516,1.204102,0.920414,1.33728,1.179443,0.945072,128.3627,0.833574,0.0,121.0066,0.0,0.989844,0.010156,51200,6572170,807,10934,301,1529,301,1861
30650,112.367,70.298,2.157927,1.22229,0.935637,1.343994,1.195801,0.962127,128.5264,0.848086,0.0,121.4403,0.0,0.992422,0.007578,51200,6580554,780,10661,302,1533,302,1861
30700,112.511,70.39,2.128902,1.209839,0.919063,1.338867,1.185913,0.942989,128.5468,0.840098,0.0,121.1977,0.0,0.992871,0.007129,51200,6581595,789,9548,298,1535,298,1863
30750,112.666,70.466,2.007504,1.081421,0.926083,1.203003,1.046753,0.960751,128.7773,0.864375,0.0,123.1923,0.0,0.996582,0.003418,51200,6593399,808,8203,304,1536,304,1864
30800,112.795,70.542,2.065859,1.104004,0.961855,1.222534,1.074829,0.99103,128.9302,0.862324,0.0,123.683,0.0,0.999043,0.000957,51200,6601226,769,8816,330,1536,330,1864
30850,112.922,70.62,2.02009,1.099609,0.920481,1.2229,1.067749,0.952341,129.0,0.863379,0.0,122.9732,0.0,1.0,0.0,51200,6604800,790,8539,354,1536,354,1864
30900,113.056,70.694,2.032788,1.111328,0.92146,1.225098,1.089722,0.943066,128.9927,0.847227,0.0,122.7457,0.0,0.999844,0.000156,51200,6604428,799,9460,358,1539,358,1867
30950,113.256,70.844,2.035242,1.126709,0.908533,1.242676,1.101685,0.933558,128.8256,0.824512,0.0,122.546,0.0,0.997363,0.002637,51200,6595871,785,9615,356,1542,356,1870
31000,113.387,70.925,2.031656,1.110718,0.920938,1.229492,1.08728,0.944375,128.9329,0.826055,0.0,122.9431,0.0,0.998809,0.001191,51200,6601364,771,9834,337,1543,337,1871
31050,113.559,71.0,2.122026,1.167725,0.954301,1.304077,1.150146,0.971879,128.8939,0.83,0.0,122.0159,0.0,0.998477,0.001523,51200,6599370,800,10716,309,1543,309,1871
31100,113.767,71.153,2.076146,1.134277,0.941868,1.260132,1.111328,0.964818,128.9972,0.822461,0.0,121.8926,0.0,0.999961,3.9e-05,51200,6604656,755,9992,296,1545,296,1873
31150,113.897,71.229,2.176425,1.221802,0.954623,1.360229,1.212036,0.964389,128.8329,0.826953,0.0,122.0059,0.0,0.997383,0.002617,51200,6596243,787,10581,296,1545,296,1873
31200,114.086,71.329,2.158069,1.212769,0.9453,1.344971,1.201172,0.956897,128.6988,0.853105,0.0,120.8648,0.0,0.995215,0.004785,51200,6589381,752,10842,294,1545,294,1873
31250,114.212,71.404,2.152739,1.229126,0.923613,1.358887,1.210327,0.942412,128.7443,0.837168,0.0,121.0803,0.0,0.995742,0.004258,51200,6591706,760,10680,295,1551,295,1879
31300,114.447,71.506,2.151092,1.239258,0.911834,1.363159,1.219971,0.931121,128.8452,0.829688,0.0,120.9884,0.0,0.997559,0.002441,51200,6596875,819,10741,313,1566,313,1890
31350,114.576,71.581,2.193186,1.25354,0.939646,1.393433,1.237793,0.955393,128.7631,0.829336,0.0,120.742,0.0,0.996523,0.003477,51200,6592672,852,11321,330,1570,330,1894
31400,114.702,71.655,2.135342,1.197266,0.938076,1.318115,1.165039,0.970303,128.7666,0.833379,0.0,120.972,0.0,0.996582,0.003418,51200,6592849,754,10257,348,1571,348,1894
31450,114.834,71.735,2.089166,1.185913,0.903253,1.314697,1.159424,0.929742,128.8287,0.842363,0.0,121.9074,0.0,0.997363,0.002637,51200,6596027,807,10002,345,1574,345,1897
31500,114.963,71.812,2.045219,1.158569,0.886649,1.278809,1.124878,0.920341,128.7763,0.833574,0.0,121.9888,0.0,0.996641,0.003359,51200,6593346,782,9270,355,1574,355,1897
31550,115.182,71.939,2.15372,1.234741,0.918979,1.362427,1.203491,0.950229,128.991,0.829043,0.0,122.1852,0.0,0.999824,0.000176,51200,6604339,792,10505,362,1575,362,1898
31600,115.313,72.015,2.16086,1.250977,0.909884,1.374023,1.224365,0.936495,128.8781,0.827422,0.0,121.5906,0.0,0.998047,0.001953,51200,6598559,785,11226,372,1578,372,1900
31650,115.454,72.092,2.127366,1.18103,0.946336,1.302124,1.147827,0.979539,128.9464,0.829043,0.0,121.4188,0.0,0.999219,0.000781,51200,6602054,756,10413,379,1579,379,1901
31700,115.711,72.239,2.07122,1.146484,0.924735,1.26123,1.108521,0.962699,128.9045,0.831992,0.0,122.2152,0.0,0.998477,0.001523,51200,6599908,774,9578,349,1582,349,1904
31750,115.987,72.402,2.171665,1.182739,0.988926,1.308594,1.156128,1.015537,128.7233,0.834375,0.0,122.2906,0.0,0.996113,0.003887,51200,6590634,816,9738,362,1588,362,1910
31800,116.193,72.551,2.106207,1.193237,0.912969,1.321899,1.171143,0.935064,130.8758,0.844395,0.016945,123.7984,0.000273,0.994766,0.004961,51200,6700840,810,9854,357,1591,357,1913
31850,116.32,72.626,2.146126,1.163574,0.982552,1.287354,1.138184,1.007942,130.9642,0.838828,0.016912,124.002,0.000273,0.996016,0.003711,51200,6705367,784,9833,344,1591,344,1913
31900,116.512,72.757,2.107732,1.172852,0.934881,1.292725,1.145996,0.961736,128.8269,0.85873,0.0,122.0571,0.0,0.997246,0.002754,51200,6595939,772,9637,373,1597,373,1919
31950,116.643,72.833,2.083858,1.177124,0.906734,1.302856,1.153931,0.929928,128.5654,0.843066,0.0,122.0976,0.0,0.993125,0.006875,51200,6582549,756,8981,376,1600,376,1922
32000,116.872,72.968,2.050037,1.105591,0.944446,1.218994,1.072876,0.977161,128.5811,0.847461,0.0,122.7299,0.0,0.993418,0.006582,51200,6583354,824,8853,359,1601,359,1923
32050,116.999,73.044,2.070657,1.174194,0.896462,1.288696,1.136353,0.934304,128.7298,0.839043,0.0,122.1774,0.0,0.995684,0.004316,51200,6590964,779,9469,346,1601,346,1923
32100,117.126,73.119,2.212645,1.251099,0.961546,1.388306,1.231445,0.981199,128.6751,0.856562,0.0,121.5653,0.0,0.995332,0.004668,51200,6588165,802,11380,336,1601,336,1923
32150,117.254,73.197,2.361587,1.359985,1.001602,1.491211,1.362061,0.999527,139.0949,0.846504,0.075312,120.8141,0.001289,0.994766,0.003945,51200,7121660,742,12914,322,1601,322,1923
32200,117.46,73.328,2.345217,1.355469,0.989748,1.495728,1.366943,0.978274,139.7285,0.833281,0.078167,127.1253,0.001348,0.996504,0.002148,51200,7154098,786,12829,327,1602,327,1924
32250,117.59,73.407,2.386213,1.37439,1.011824,1.511719,1.368774,1.017439,145.5362,0.816152,0.115248,129.2432,0.00207,0.99541,0.00252,51200,7451453,793,12887,326,1604,326,1924
32300,117.818,73.575,2.28818,1.334839,0.953341,1.474854,1.331055,0.957125,144.627,0.808379,0.110553,128.3036,0.001973,0.993809,0.004219,51200,7404900,806,12275,341,1614,341,1933
32350,117.957,73.657,2.187588,1.275513,0.912075,1.411743,1.255493,0.932095,136.4305,0.835059,0.056825,125.5323,0.000957,0.994551,0.004492,51200,6985244,808,10807,328,1618,328,1937
32400,118.126,73.732,2.155924,1.223999,0.931925,1.351074,1.206177,0.949747,128.6562,0.81791,0.0,120.6581,0.0,0.994648,0.005352,51200,6587200,812,10465,337,1619,337,1938
32450,118.313,73.867,2.27632,1.312134,0.964186,1.448242,1.304199,0.972121,128.7998,0.814941,0.0,120.6937,0.0,0.996934,0.003066,51200,6594552,733,12566,342,1621,342,1940
32500,118.441,73.944,2.282104,1.318604,0.9635,1.449707,1.317993,0.96411,128.7419,0.808828,0.0,118.8131,0.0,0.996016,0.003984,51200,6591586,778,12882,334,1621,334,1940
32550,118.609,74.052,2.273072,1.315674,0.957399,1.450806,1.303833,0.969239,133.2983,0.787227,0.034121,123.1891,0.000566,0.995586,0.003848,51200,6824872,764,12617,325,1624,325,1943
32600,118.737,74.129,2.294481,1.348389,0.946093,1.477783,1.339966,0.954516,139.2333,0.793926,0.075471,128.03,0.001309,0.994355,0.004336,51200,7128745,787,13141,326,1630,326,1949
32650,118.886,74.216,2.31823,1.309937,1.008294,1.443481,1.301147,1.017083,128.7554,0.802734,0.0,118.1171,0.0,0.996309,0.003691,51200,6592277,777,12630,313,1633,313,1952
32700,119.022,74.294,2.307988,1.334717,0.973271,1.468506,1.321289,0.986699,128.6267,0.816758,0.0,117.9941,0.0,0.994023,0.005977,51200,6585685,764,13006,306,1640,306,1959
32750,119.282,74.443,2.372358,1.378784,0.993574,1.516235,1.369995,1.002363,128.7573,0.814414,0.0,118.1843,0.0,0.996094,0.003906,51200,6592373,776,13643,299,1642,299,1961
32800,119.425,74.528,2.303454,1.321167,0.982287,1.450928,1.307983,0.995471,128.7685,0.826113,0.0,118.4837,0.0,0.996289,0.003711,51200,6592946,823,12581,301,1647,301,1966
32850,119.562,74.604,2.221904,1.245483,0.976421,1.380981,1.226929,0.994975,128.7354,0.820371,0.0,119.8175,0.0,0.995762,0.004238,51200,6591251,765,10607,305,1647,305,1966
32900,119.79,74.722,2.160767,1.243408,0.917359,1.369385,1.22168,0.939087,128.749,0.826113,0.0,121.0934,0.0,0.996152,0.003848,51200,6591951,785,11147,324,1647,324,1966
32950,119.919,74.797,2.194118,1.265015,0.929104,1.402344,1.253906,0.940212,128.731,0.829512,0.0,120.3198,0.0,0.995488,0.004512,51200,6591025,785,10862,333,1647,333,1966
33000,120.124,74.901,2.150443,1.208252,0.942191,1.345703,1.19104,0.959403,128.5976,0.832617,0.0,120.9289,0.0,0.994023,0.005977,51200,6584197,759,9887,365,1647,365,1966
33050,120.301,75.015,2.078835,1.161743,0.917091,1.278809,1.138794,0.940041,128.8829,0.82834,0.0,121.9226,0.0,0.998301,0.001699,51200,6598802,782,9439,385,1647,385,1966
33100,120.428,75.09,2.143276,1.206299,0.936978,1.326416,1.175659,0.967617,128.6971,0.823574,0.0,122.0418,0.0,0.995195,0.004805,51200,6589294,758,10339,398,1654,398,1973
33150,120.584,75.193,2.114415,1.210938,0.903478,1.348267,1.182861,0.931554,128.6434,0.835801,0.0,121.4348,0.0,0.994395,0.005605,51200,6586540,756,10906,370,1654,370,1973
33200,120.759,75.268,2.1436,1.228271,0.915329,1.351807,1.198364,0.945236,128.5988,0.824844,0.0,121.2997,0.0,0.993262,0.006738,51200,6584259,769,10875,372,1662,372,1981
33250,120.907,75.359,2.129036,1.196411,0.932625,1.329834,1.164062,0.964974,128.8244,0.834922,0.0,121.8736,0.0,0.997441,0.002559,51200,6595809,797,10828,352,1662,352,1981
33300,121.033,75.433,2.018179,1.109863,0.908316,1.232056,1.079102,0.939078,128.6209,0.842578,0.0,122.1765,0.0,0.993867,0.006133,51200,6585391,799,9095,340,1662,340,1981
33350,121.243,75.525,2.03375,1.119385,0.914365,1.239624,1.087158,0.946592,128.6502,0.844414,0.0,123.0096,0.0,0.994805,0.005195,51200,6586889,760,9684,319,1666,319,1985
33400,121.392,75.622,2.093325,1.14856,0.944766,1.27002,1.123901,0.969424,128.8763,0.839707,0.0,122.404,0.0,0.998047,0.001953,51200,6598467,750,9890,318,1667,318,1986
33450,121.517,75.697,2.082954,1.137695,0.945258,1.265503,1.106689,0.976264,128.9749,0.830098,0.0,122.7427,0.0,0.999629,0.000371,51200,6603516,817,9578,308,1667,308,1986
33500,121.652,75.78,2.160156,1.221436,0.938721,1.357788,1.194092,0.966065,128.8659,0.850703,0.0,121.873,0.0,0.998047,0.001953,51200,6597934,781,10479,312,1671,312,1990
33550,121.865,75.882,2.251209,1.274292,0.976917,1.409302,1.24939,1.001819,128.9733,0.845098,0.0,121.1541,0.0,0.999531,0.000469,51200,6603434,809,10866,321,1673,321,1992
33600,121.994,75.96,2.104262,1.144409,0.959853,1.281494,1.121826,0.982436,128.9879,0.853867,0.0,121.7002,0.0,0.999805,0.000195,51200,6604180,715,9159,331,1675,331,1994
33650,122.194,76.036,2.343182,1.344849,0.998333,1.482788,1.344971,0.998211,128.826,0.85998,0.0,121.0245,0.0,0.997285,0.002715,51200,6595891,811,12775,343,1681,343,2000
33700,122.483,76.204,2.347415,1.363647,0.983768,1.502808,1.350708,0.996707,128.8754,0.853301,0.0,118.2995,0.0,0.997949,0.002051,51200,6598420,759,13102,331,1682,331,2001
33750,122.691,76.359,2.418932,1.417725,1.001207,1.556763,1.416138,1.002794,128.6568,0.847988,0.0,117.4368,0.0,0.994668,0.005332,51200,6587226,806,13585,341,1685,341,2004
33800,122.824,76.44,2.376152,1.377808,0.998344,1.510254,1.363403,1.012748,128.6758,0.844512,0.0,117.7815,0.0,0.99459,0.00541,51200,6588200,798,13034,327,1685,327,2004
33850,122.986,76.516,2.297287,1.299316,0.997971,1.428589,1.285156,1.012131,128.5528,0.824297,0.0,118.6971,0.0,0.993281,0.006719,51200,6581901,775,11665,328,1685,328,2004
33900,123.164,76.642,2.348102,1.346802,1.0013,1.497681,1.347656,1.000445,128.745,0.821484,0.0,119.8566,0.0,0.996074,0.003926,51200,6591742,750,12898,322,1686,322,2005
33950,123.292,76.718,2.284692,1.299927,0.984765,1.442505,1.283081,1.00161,128.8799,0.840215,0.0,119.2832,0.0,0.998047,0.001953,51200,6598651,821,10683,344,1689,344,2008
34000,123.495,76.796,2.140419,1.222534,0.917885,1.354004,1.192505,0.947914,128.8552,0.841133,0.0,120.9486,0.0,0.997793,0.002207,51200,6597388,765,9937,371,1692,371,2011
34050,123.639,76.88,2.0598,1.145264,0.914537,1.265991,1.106689,0.953111,128.8206,0.841484,0.0,122.4273,0.0,0.997051,0.002949,51200,6595616,804,8510,375,1701,375,2020
34100,123.866,77.034,1.993765,1.072266,0.9215,1.192261,1.032349,0.961417,136.985,0.845566,0.059447,130.7637,0.001016,0.996152,0.002832,51200,7013630,796,8689,374,1703,374,2022
34150,123.994,77.111,2.083444,1.131348,0.952096,1.249023,1.09436,0.989084,137.0934,0.846953,0.060542,129.9286,0.001035,0.995391,0.003574,51200,7019181,779,9468,365,1709,365,2028
34200,124.184,77.197,2.039519,1.107178,0.932341,1.231689,1.077393,0.962126,128.6548,0.839766,0.0,122.166,0.0,0.994219,0.005781,51200,6587126,784,9121,378,1709,378,2028
34250,124.389,77.343,2.077711,1.146851,0.93086,1.256348,1.119019,0.958692,128.4881,0.834141,0.0,122.2801,0.0,0.99207,0.00793,51200,6578589,800,9310,367,1710,367,2029
34300,124.515,77.417,2.113627,1.182251,0.931376,1.312134,1.162231,0.951395,128.5063,0.822754,0.0,121.9648,0.0,0.992227,0.007773,51200,6579525,757,9683,372,1714,372,2033
34350,124.732,77.536,2.134771,1.144653,0.990118,1.269531,1.112427,1.022345,128.6217,0.833145,0.0,121.3171,0.0,0.994082,0.005918,51200,6585432,776,9899,353,1719,353,2038
34400,124.871,77.615,2.131659,1.17627,0.955389,1.311646,1.152222,0.979437,128.8539,0.846582,0.0,121.5998,0.0,0.997812,0.002188,51200,6597322,772,9951,344,1719,344,2038
34450,124.996,77.691,2.211496,1.225952,0.985544,1.355591,1.197632,1.013864,128.6872,0.843203,0.0,121.1155,0.0,0.995488,0.004512,51200,6588783,771,11069,347,1720,347,2039
34500,125.145,77.79,2.159704,1.21167,0.948034,1.342651,1.190552,0.969152,128.8267,0.837969,0.0,121.0629,0.0,0.997305,0.002695,51200,6595925,757,10869,330,1721,330,2040
34550,125.269,77.864,2.245637,1.232178,1.013459,1.368774,1.222534,1.023103,128.827,0.834434,0.0,121.0766,0.0,0.997266,0.002734,51200,6595941,787,11221,326,1722,326,2041
34600,125.443,77.94,2.185131,1.209839,0.975292,1.3479,1.203003,0.982128,128.7716,0.829648,0.0,119.9765,0.0,0.996367,0.003633,51200,6593107,743,10730,320,1725,320,2044
34650,125.612,78.059,2.252879,1.256714,0.996165,1.403442,1.257812,0.995067,128.8319,0.820234,0.0,120.0036,0.0,0.997402,0.002598,51200,6596194,864,11294,329,1725,329,2044
34700,125.74,78.134,2.243176,1.264526,0.97865,1.40332,1.264526,0.97865,129.5886,0.805723,0.005547,120.0967,7.8e-05,0.997578,0.002344,51200,6634937,839,11549,316,1725,316,2044
34750,125.875,78.21,2.273129,1.287109,0.98602,1.427979,1.282104,0.991025,129.3224,0.811934,0.004909,120.0392,7.8e-05,0.995332,0.00459,51200,6621305,733,12139,296,1725,296,2044
34800,126.014,78.296,2.182638,1.261353,0.921285,1.393188,1.243286,0.939352,131.2868,0.825488,0.019405,122.4022,0.000312,0.995859,0.003828,51200,6721884,807,10591,307,1729,307,2048
34850,126.285,78.443,2.136189,1.211548,0.924641,1.340088,1.182983,0.953205,128.8259,0.838398,0.0,120.6943,0.0,0.997383,0.002617,51200,6595888,817,10699,293,1729,293,2048
34900,126.435,78.542,2.139388,1.181519,0.95787,1.302124,1.151123,0.988265,128.5799,0.818125,3.1e-05,121.4529,0.0,0.992871,0.007129,51200,6583290,789,9793,311,1731,311,2050
34950,126.562,78.617,2.141861,1.216675,0.925186,1.345337,1.196777,0.945083,128.7564,0.82832,0.0,121.7574,0.0,0.995703,0.004297,51200,6592326,778,9890,321,1731,321,2050
35000,126.792,78.764,2.052804,1.136841,0.915963,1.264893,1.106567,0.946236,128.5019,0.826387,0.0,122.3433,0.0,0.992617,0.007383,51200,6579295,799,8792,338,1738,338,2057
35050,126.919,78.841,2.166154,1.239746,0.926408,1.370483,1.219116,0.947038,128.7631,0.835352,0.0,122.4868,0.0,0.996172,0.003828,51200,6592669,817,10694,364,1738,364,2057
35100,127.048,78.917,2.155663,1.245117,0.910546,1.374756,1.233398,0.922265,128.579,0.83834,0.0,121.3397,0.0,0.993164,0.006836,51200,6583246,770,10436,353,1738,353,2057
35150,127.283,79.055,2.154902,1.23645,0.918451,1.363281,1.218628,0.936274,128.5294,0.824805,0.0,120.6881,0.0,0.992441,0.007559,51200,6580704,776,11114,331,1741,331,2060
35200,127.5,79.221,2.125575,1.238037,0.887538,1.363281,1.21106,0.914515,128.3896,0.820801,0.0,120.7771,0.0,0.990703,0.009297,51200,6573547,787,10837,313,1741,313,2060
35250,127.626,79.296,2.232025,1.287598,0.944427,1.406006,1.261353,0.970672,128.4911,0.819277,0.0,120.9491,0.0,0.992988,0.007012,51200,6578745,805,11947,304,1741,304,2060
35300,127.796,79.372,2.239344,1.31311,0.926234,1.436523,1.290405,0.948939,128.5566,0.807168,0.0,119.8324,0.0,0.99375,0.00625,51200,6582097,817,12889,292,1741,292,2060
35350,128.009,79.522,2.277231,1.357788,0.919443,1.493286,1.348511,0.92872,128.362,0.792422,0.0,118.419,0.0,0.990547,0.009453,51200,6572132,792,13529,286,1741,286,2060
35400,128.139,79.597,2.334853,1.387451,0.947402,1.526855,1.375244,0.959609,128.6131,0.78457,0.0,118.6592,0.0,0.993945,0.006055,51200,6584989,798,14171,288,1747,288,2066
35450,128.307,79.674,2.328349,1.407227,0.921122,1.544922,1.39563,0.932719,130.4027,0.772012,0.014621,118.4501,0.000234,0.992031,0.007734,51200,6676616,821,14061,275,1748,275,2067
35500,128.566,79.827,2.32283,1.399292,0.923538,1.526245,1.381958,0.940872,128.8009,0.793418,0.0,118.0941,0.0,0.996973,0.003027,51200,6594605,799,13694,273,1755,273,2074
35550,128.694,79.903,2.195121,1.294312,0.90081,1.424072,1.271729,0.923393,128.8716,0.806035,0.0,119.2194,0.0,0.998164,0.001836,51200,6598224,805,12581,244,1757,244,2076
35600,128.84,79.983,2.198717,1.28479,0.913927,1.396851,1.258057,0.940661,128.8097,0.788008,0.0,120.089,0.0,0.997129,0.002871,51200,6595057,799,12007,265,1767,265,2086
35650,129.017,80.103,2.124968,1.236694,0.888273,1.356323,1.204956,0.920012,128.8679,0.81207,0.0,121.3939,0.0,0.998047,0.001953,51200,6598036,769,10360,273,1771,273,2090
35700,129.171,80.178,2.146255,1.229126,0.917129,1.354858,1.198364,0.94789,128.8393,0.802422,0.0,122.3177,0.0,0.997715,0.002285,51200,6596573,826,10374,293,1786,293,2105
35750,129.433,80.326,2.122266,1.220947,0.901319,1.363037,1.192261,0.930006,128.9609,0.817617,0.0,122.3067,0.0,0.999434,0.000566,51200,6602798,784,9974,306,1786,306,2105
35800,129.563,80.401,2.100268,1.194336,0.905932,1.317505,1.165649,0.934618,128.8372,0.827832,0.0,122.3753,0.0,0.997617,0.002383,51200,6596467,758,9729,334,1791,334,2110
35850,129.728,80.475,2.097368,1.211426,0.885942,1.332031,1.175781,0.921587,128.9887,0.821973,0.0,122.4781,0.0,0.999746,0.000254,51200,6604222,826,10411,395,1794,395,2113
35900,129.878,80.575,2.138052,1.22583,0.912222,1.353271,1.198608,0.939443,128.976,0.810918,0.0,121.706,0.0,0.999668,0.000332,51200,6603570,812,10662,371,1794,371,2113
35950,130.042,80.65,2.235754,1.285767,0.949987,1.417969,1.27002,0.965734,128.9539,0.798652,0.000142,120.9878,0.0,0.998906,0.001094,51200,6602438,776,12124,337,1794,337,2113
36000,130.183,80.741,2.285574,1.323242,0.962332,1.462036,1.317261,0.968314,128.8538,0.800234,0.0,120.4532,0.0,0.997656,0.002344,51200,6597317,785,12126,328,1794,328,2113
36050,130.314,80.817,2.291622,1.350586,0.941036,1.481079,1.341553,0.950069,128.6433,0.810098,0.0,119.3815,0.0,0.994082,0.005918,51200,6586538,771,12225,332,1794,332,2113
36100,130.444,80.895,2.26405,1.337036,0.927014,1.470947,1.324829,0.939221,128.8347,0.816172,0.0,119.3431,0.0,0.99752,0.00248,51200,6596336,762,12202,307,1794,307,2113
36150,130.655,81.053,2.235914,1.329102,0.906813,1.466919,1.314941,0.920973,128.8555,0.812812,0.0,120.2631,0.0,0.997695,0.002305,51200,6597400,773,11729,303,1794,303,2113
36200,130.786,81.129,2.212384,1.264526,0.947857,1.389893,1.241821,0.970562,131.3215,0.832812,0.018713,120.9688,0.000273,0.997988,0.001738,51200,6723662,784,11232,300,1794,300,2113
36250,130.915,81.204,2.285656,1.330688,0.954968,1.467773,1.305664,0.979992,128.9957,0.840098,0.0,120.8948,0.0,0.999961,3.9e-05,51200,6604581,783,11777,305,1794,305,2113
36300,131.15,81.373,2.210232,1.280029,0.930203,1.408447,1.257324,0.952908,128.9385,0.835312,0.0,120.7179,0.0,0.998984,0.001016,51200,6601653,841,11432,307,1795,307,2114
36350,131.278,81.448,2.197258,1.264526,0.932731,1.410645,1.257935,0.939323,128.8899,0.839902,0.0,120.6142,0.0,0.998066,0.001934,51200,6599162,753,11085,293,1795,293,2114
36400,131.478,81.595,2.23359,1.293701,0.939889,1.434814,1.281494,0.952096,128.8713,0.819512,0.000209,120.0886,0.0,0.997637,0.002363,51200,6598210,786,10798,320,1795,320,2114
36450,131.608,81.671,2.165934,1.248779,0.917154,1.370483,1.224731,0.941202,136.7853,0.849727,0.057979,123.1828,0.000977,0.997578,0.001445,51200,7003409,796,11126,309,1796,309,2115
36500,131.786,81.749,2.12559,1.192383,0.933208,1.322388,1.170532,0.955058,145.132,0.838438,0.113735,126.0404,0.002031,0.994648,0.00332,51200,7430760,732,10449,308,1796,308,2115
36550,131.973,81.885,2.173577,1.224487,0.949089,1.350952,1.200317,0.973259,142.8277,0.823398,0.099964,124.7208,0.001758,0.993848,0.004395,51200,7312776,775,11254,309,1804,309,2123
36600,132.107,81.964,2.269906,1.280273,0.989633,1.398315,1.264648,1.005258,143.6644,0.82209,0.105985,123.4712,0.001875,0.991758,0.006367,51200,7355619,836,11830,305,1804,305,2123
36650,132.329,82.068,2.214342,1.290771,0.923571,1.414429,1.27063,0.943712,136.4001,0.84543,0.057046,121.9412,0.000957,0.994082,0.004961,51200,6983687,800,11457,302,1804,302,2123
36700,132.465,82.151,2.289782,1.321289,0.968493,1.463989,1.312866,0.976916,128.8033,0.827461,0.0,120.1592,0.0,0.996934,0.003066,51200,6594727,803,11657,304,1804,304,2123
36750,132.655,82.238,2.313595,1.357544,0.956052,1.491333,1.348267,0.965329,128.8208,0.816016,0.0,119.8778,0.0,0.997441,0.002559,51200,6595624,857,12803,321,1804,321,2123
36800,132.811,82.342,2.251549,1.285645,0.965904,1.427368,1.285522,0.966026,128.4602,0.821406,0.0,119.3808,0.0,0.992109,0.007891,51200,6577163,782,11609,326,1809,326,2128
36850,133.005,82.433,2.223793,1.274414,0.949379,1.406982,1.262817,0.960976,128.4385,0.816621,0.0,119.8991,0.0,0.991953,0.008047,51200,6576052,830,11679,327,1809,327,2128
36900,133.13,82.508,2.225506,1.249878,0.975628,1.379395,1.236694,0.988811,128.4154,0.819199,0.0,120.0917,0.0,0.991113,0.008887,51200,6574866,753,11476,320,1809,320,2128
36950,133.337,82.631,2.230921,1.275391,0.95553,1.405273,1.263306,0.967615,128.4377,0.825137,0.0,120.1281,0.0,0.991406,0.008594,51200,6576010,798,11483,315,1809,315,2128
37000,133.464,82.706,2.248713,1.276123,0.972589,1.408569,1.25354,0.995172,128.5565,0.823652,0.0,119.8826,0.0,0.993066,0.006934,51200,6582091,813,11687,300,1809,300,2128
37050,133.594,82.782,2.233967,1.308228,0.925739,1.437012,1.28772,0.946247,128.5332,0.816738,0.0,119.3158,0.0,0.99332,0.00668,51200,6580900,785,12294,294,1810,294,2129
37100,133.801,82.929,2.313917,1.348877,0.96504,1.493774,1.3396,0.974318,128.5473,0.812871,0.0,119.0368,0.0,0.992969,0.007031,51200,6581622,774,12392,298,1810,298,2129
37150,133.953,83.012,2.235209,1.275024,0.960185,1.41394,1.267212,0.967997,141.9165,0.818145,0.093884,120.3624,0.001641,0.993652,0.004707,51200,7266125,744,10930,317,1820,317,2139
37200,134.145,83.09,2.20658,1.249756,0.956824,1.395874,1.245483,0.961097,132.6579,0.820312,0.029913,121.2544,0.000488,0.995371,0.004141,51200,6792082,833,10688,324,1827,324,2146
37250,134.274,83.168,2.123175,1.174316,0.948859,1.300537,1.144775,0.9784,128.915,0.824668,0.0,121.1138,0.0,0.998594,0.001406,51200,6600449,815,10114,325,1827,325,2146
37300,134.409,83.251,2.14103,1.198364,0.942666,1.318115,1.176636,0.964395,128.6421,0.810312,0.0,121.2952,0.0,0.994531,0.005469,51200,6586475,788,10834,335,1835,335,2154
37350,134.535,83.327,2.146378,1.210571,0.935806,1.329468,1.187622,0.958756,128.8663,0.807852,0.0,120.5923,0.0,0.997754,0.002246,51200,6597955,754,11037,349,1835,349,2154
37400,134.663,83.402,2.211611,1.290283,0.921328,1.419922,1.272583,0.939028,128.9754,0.805977,0.0,120.7425,0.0,0.99957,0.00043,51200,6603540,756,11657,338,1835,338,2154
37450,134.856,83.518,2.358986,1.394287,0.964699,1.529541,1.3927,0.966286,128.8819,0.810137,0.0,118.4986,0.0,0.998047,0.001953,51200,6598752,804,13242,336,1835,336,2154
37500,134.985,83.594,2.377131,1.418823,0.958308,1.558716,1.415283,0.961848,135.4038,0.795938,0.049262,121.1523,0.00082,0.995957,0.003223,51200,6932674,781,12772,319,1836,319,2155
37550,135.129,83.681,2.401391,1.405273,0.996118,1.542236,1.4021,0.999292,131.9464,0.807188,0.025222,119.7115,0.00041,0.994043,0.005547,51200,6755655,780,12222,330,1842,330,2161
37600,135.421,83.839,2.345794,1.377686,0.968109,1.511475,1.371338,0.974456,128.7012,0.848379,0.0,118.9707,0.0,0.995391,0.004609,51200,6589499,771,12032,326,1845,326,2161
37650,135.566,83.931,2.244076,1.267212,0.976864,1.400024,1.258057,0.98602,128.6676,0.849727,0.0,119.8021,0.0,0.99457,0.00543,51200,6587783,801,10650,339,1846,339,2162
37700,135.7,84.007,2.152287,1.246704,0.905583,1.362549,1.227295,0.924992,128.8772,0.840312,0.0,120.3226,0.0,0.998066,0.001934,51200,6598512,774,10377,341,1848,341,2164
37750,135.948,84.152,2.154718,1.211426,0.943292,1.343384,1.200562,0.954156,128.7144,0.848477,0.0,120.5997,0.0,0.995449,0.004551,51200,6590177,796,10508,340,1848,340,2164
37800,136.089,84.239,2.199695,1.276611,0.923084,1.394531,1.263428,0.936268,128.6586,0.84041,0.0,120.8576,0.0,0.994844,0.005156,51200,6587319,797,10951,349,1848,349,2164
37850,136.216,84.315,2.247878,1.269043,0.978835,1.389038,1.245483,1.002394,128.6404,0.839961,0.0,120.4198,0.0,0.994434,0.005566,51200,6586388,827,11033,352,1848,352,2164
37900,136.463,84.456,2.167307,1.241577,0.92573,1.362793,1.221924,0.945383,136.1648,0.837871,0.056224,124.2363,0.000918,0.992383,0.006699,51200,6971638,782,10484,347,1848,347,2164
37950,136.607,84.548,2.081624,1.150879,0.930745,1.273438,1.122681,0.958944,128.5724,0.863516,0.0,121.8285,0.0,0.99373,0.00627,51200,6582905,786,9293,338,1848,338,2164
38000,136.732,84.623,2.053194,1.122192,0.931002,1.240723,1.09375,0.959444,128.7784,0.861875,0.0,122.1397,0.0,0.996465,0.003535,51200,6593453,790,9225,343,1848,343,2164
38050,136.96,84.756,2.079717,1.129272,0.950444,1.248535,1.095703,0.984014,128.4029,0.858574,8.7e-05,122.2173,0.0,0.991582,0.008418,51200,6574231,765,8728,362,1852,362,2168
38100,137.084,84.831,2.046218,1.120972,0.925246,1.23291,1.09082,0.955398,128.5598,0.852773,0.0,122.5037,0.0,0.993359,0.006641,51200,6582264,800,8161,371,1854,371,2168
38150,137.207,84.906,1.99229,1.105591,0.8867,1.210571,1.067627,0.924663,128.6768,0.847363,0.0,123.0674,0.0,0.995293,0.004707,51200,6588252,757,8546,347,1854,347,2168
38200,137.349,84.996,2.013453,1.115723,0.89773,1.23877,1.084961,0.928492,128.5655,0.853047,4.5e-05,122.9324,0.0,0.9925,0.0075,51200,6582554,831,8328,326,1854,326,2168
38250,137.536,85.07,2.077431,1.14563,0.931801,1.267212,1.115601,0.961831,128.1675,0.842051,0.0,122.5668,0.0,0.986973,0.013027,51200,6562176,720,8931,341,1854,341,2168
38300,137.806,85.238,2.113768,1.181396,0.932372,1.296997,1.150757,0.963012,128.6054,0.861523,1.7e-05,122.2423,0.0,0.993848,0.006152,51200,6584596,772,10355,342,1854,342,2168
38350,137.961,85.338,2.186242,1.247192,0.939049,1.367798,1.220703,0.965539,128.5699,0.847383,0.0,121.3884,0.0,0.993242,0.006758,51200,6582780,789,10286,351,1854,351,2168
38400,138.092,85.413,2.150235,1.217041,0.933194,1.338989,1.183105,0.967129,129.1983,0.85334,0.003705,121.5985,5.9e-05,0.995684,0.004258,51200,6614955,760,10122,339,1854,339,2168
38450,138.236,85.504,2.068339,1.143921,0.924418,1.274536,1.119995,0.948344,128.8039,0.848887,0.0,122.0888,0.0,0.99666,0.00334,51200,6594762,725,9044,352,1854,352,2168
38500,138.405,85.578,2.013495,1.11438,0.899115,1.236938,1.086426,0.927069,128.6183,0.850117,0.0,122.6988,0.0,0.994219,0.005781,51200,6585258,771,8742,355,1854,355,2168
38550,138.65,85.725,2.015732,1.104004,0.911729,1.214111,1.065186,0.950547,128.6656,0.85375,0.0,122.5572,0.0,0.995098,0.004902,51200,6587678,808,9044,322,1856,322,2169
38600,138.778,85.798,2.030199,1.124268,0.905932,1.241577,1.091919,0.93828,128.8519,0.81457,0.0,122.1931,0.0,0.997539,0.002461,51200,6597216,789,9881,310,1859,310,2171
38650,138.903,85.873,2.104054,1.145508,0.958547,1.271851,1.126343,0.977712,128.7928,0.817285,0.0,121.5687,0.0,0.996738,0.003262,51200,6594192,758,10398,313,1867,313,2179
38700,139.128,85.993,2.144184,1.219971,0.924213,1.342407,1.203369,0.940815,128.7125,0.799688,0.0,120.8771,0.0,0.995039,0.004961,51200,6590082,819,10940,308,1867,308,2179
38750,139.259,86.072,2.174467,1.233521,0.940946,1.355347,1.210571,0.963896,128.7854,0.806621,0.0,120.7653,0.0,0.99707,0.00293,51200,6593811,816,11129,310,1869,310,2181
38800,139.399,86.147,2.215963,1.259399,0.956563,1.382446,1.234619,0.981344,128.8814,0.816836,0.0,120.6458,0.0,0.997988,0.002012,51200,6598726,810,11455,316,1869,316,2181
38850,139.627,86.27,2.278101,1.320801,0.957301,1.45459,1.297119,0.980982,128.9851,0.829531,0.0,119.8253,0.0,0.999785,0.000215,51200,6604036,785,12645,302,1877,302,2189
38900,139.904,86.419,2.26632,1.325317,0.941003,1.449341,1.306641,0.95968,128.9804,0.844551,0.0,119.4505,0.0,0.999648,0.000352,51200,6603797,813,12288,306,1877,306,2189
38950,140.077,86.539,2.131944,1.213745,0.918199,1.330322,1.184814,0.947129,136.2523,0.847324,0.054742,126.5128,0.000918,0.996699,0.002383,51200,6976118,738,10451,311,1877,311,2189
39000,140.206,86.615,2.194921,1.263428,0.931493,1.397339,1.235229,0.959691,130.8588,0.842422,0.015752,122.8881,0.000254,0.996855,0.002891,51200,6699969,797,11079,316,1877,316,2189
39050,140.365,86.717,2.231579,1.257202,0.974377,1.392456,1.237427,0.994152,128.8755,0.856816,0.0,120.9492,0.0,0.998066,0.001934,51200,6598426,751,11011,321,1877,321,2189
39100,140.496,86.794,2.149223,1.226562,0.922661,1.355835,1.199707,0.949516,128.7646,0.869473,0.0,120.7345,0.0,0.996328,0.003672,51200,6592746,768,10108,326,1879,326,2191
39150,140.69,86.881,2.063023,1.192749,0.870274,1.319092,1.165039,0.897984,128.8618,0.849883,0.0,122.0725,0.0,0.998027,0.001973,51200,6597722,753,9418,352,1879,352,2191
39200,140.842,86.98,2.053385,1.175293,0.878092,1.292114,1.145508,0.907878,128.7986,0.834727,0.0,122.9473,0.0,0.996797,0.003203,51200,6594489,816,9899,360,1879,360,2191
39250,140.973,87.056,2.102727,1.201904,0.900822,1.319214,1.178101,0.924626,128.5984,0.828438,0.0,121.6125,0.0,0.993691,0.006309,51200,6584240,769,10238,366,1884,366,2196
39300,141.126,87.156,2.078261,1.171265,0.906996,1.298096,1.14856,0.929701,128.5622,0.833887,0.0,121.4514,0.0,0.993086,0.006914,51200,6582386,815,10853,337,1884,337,2196
39350,141.254,87.231,2.086818,1.205811,0.881008,1.329956,1.176025,0.910793,128.6701,0.821953,0.0,121.6874,0.0,0.995098,0.004902,51200,6587909,770,10563,338,1885,338,2197
39400,141.484,87.355,2.079972,1.227539,0.852433,1.35083,1.192627,0.887345,128.7342,0.820371,0.0,122.0058,0.0,0.995801,0.004199,51200,6591191,772,10424,350,1889,350,2201
39450,141.611,87.43,2.159805,1.234741,0.925064,1.36145,1.211548,0.948257,128.8386,0.821445,0.0,121.8278,0.0,0.997559,0.002441,51200,6596534,730,10774,343,1890,343,2202
39500,141.744,87.505,2.223807,1.288208,0.935599,1.416138,1.273804,0.950004,128.8394,0.826445,0.0,121.1625,0.0,0.997539,0.002461,51200,6596577,804,11039,350,1890,350,2202
39550,142.008,87.691,2.243574,1.305908,0.937666,1.435303,1.287842,0.955732,128.9852,0.841992,0.0,120.6445,0.0,0.999785,0.000215,51200,6604044,813,11421,352,1890,352,2202
39600,142.136,87.767,2.247955,1.254761,0.993194,1.389282,1.245605,1.002349,128.9439,0.846719,0.0,120.223,0.0,0.999199,0.000801,51200,6601930,793,11511,351,1890,351,2202
39650,142.286,87.842,2.302499,1.265625,1.036874,1.397095,1.259888,1.042612,128.7286,0.830762,0.0,119.5441,0.0,0.995898,0.004102,51200,6590904,778,11306,358,1890,358,2202
39700,142.416,87.919,2.251283,1.256348,0.994936,1.381714,1.247192,1.004091,128.5882,0.841074,0.0,119.569,0.0,0.99375,0.00625,51200,6583718,757,11223,363,1890,363,2202
39750,142.564,87.998,2.27113,1.281616,0.989514,1.421509,1.27063,1.000501,131.3078,0.837969,0.02181,120.2517,0.000352,0.992734,0.006914,51200,6722961,761,11665,341,1890,341,2202
39800,142.84,88.154,2.256152,1.25415,1.002002,1.375854,1.249512,1.006641,134.5226,0.846309,0.044898,122.609,0.000742,0.992715,0.006543,51200,6887557,788,10604,341,1890,341,2202
39850,143.002,88.265,2.27873,1.271851,1.006879,1.415405,1.274658,1.004071,128.8005,0.820215,0.0,119.7746,0.0,0.996797,0.003203,51200,6594586,825,11271,335,1891,335,2203
39900,143.129,88.34,2.290317,1.321655,0.968662,1.455688,1.320801,0.969516,128.9489,0.821465,0.0,119.4371,0.0,0.99916,0.00084,51200,6602186,778,12161,315,1892,315,2204
39950,143.286,88.427,2.263811,1.292603,0.971209,1.433716,1.286133,0.977679,128.9299,0.823945,0.0,119.5378,0.0,0.998984,0.001016,51200,6601211,796,11272,309,1899,309,2211
40000,143.417,88.502,2.163837,1.234375,0.929462,1.366211,1.21875,0.945087,128.7676,0.834531,0.0,120.5435,0.0,0.996309,0.003691,51200,6592899,780,10266,300,1900,300,2212
40050,143.593,88.577,2.214989,1.226074,0.988915,1.363647,1.215576,0.999413,128.5995,0.830215,0.0,121.206,0.0,0.993848,0.006152,51200,6584296,795,11417,304,1907,304,2219
40100,143.877,88.724,2.172508,1.245972,0.926536,1.382568,1.225464,0.947044,128.7079,0.827188,0.0,120.6502,0.0,0.995684,0.004316,51200,6589843,806,11054,307,1918,307,2230
40150,144.134,88.875,2.244065,1.295288,0.948776,1.423218,1.28125,0.962815,128.7593,0.826133,0.0,120.2205,0.0,0.996094,0.003906,51200,6592475,803,12343,284,1918,284,2230
40200,144.275,88.962,2.290878,1.363281,0.927597,1.498657,1.355225,0.935654,128.8104,0.827441,0.0,118.8423,0.0,0.997109,0.002891,51200,6595090,815,12743,266,1918,266,2230
40250,144.409,89.041,2.30461,1.331787,0.972823,1.472046,1.32605,0.97856,128.9879,0.842812,0.0,119.3697,0.0,0.999844,0.000156,51200,6604180,755,12479,271,1918,271,2230
40300,144.622,89.19,2.408022,1.390747,1.017275,1.536621,1.390137,1.017885,128.919,0.842168,0.0,118.8241,0.0,0.99875,0.00125,51200,6600652,787,13750,275,1921,275,2233
40350,144.757,89.266,2.30377,1.358398,0.945372,1.493164,1.352661,0.951109,128.8319,0.85248,0.0,119.1598,0.0,0.997324,0.002676,51200,6596193,778,12509,276,1921,276,2233
40400,144.953,89.342,2.271188,1.305298,0.96589,1.437134,1.299805,0.971384,128.5641,0.851016,0.0,119.9407,0.0,0.993262,0.006738,51200,6582481,756,11886,307,1921,307,2233
40450,145.078,89.419,2.303271,1.310059,0.993212,1.431763,1.29187,1.011401,128.6403,0.837578,0.0,118.8577,0.0,0.994141,0.005859,51200,6586382,797,12244,307,1921,307,2233
40500,145.277,89.502,2.294131,1.321655,0.972476,1.438721,1.31189,0.982242,128.8267,0.840527,0.0,119.1247,0.0,0.997305,0.002695,51200,6595929,787,11891,323,1921,323,2233
40550,145.579,89.678,2.360738,1.382812,0.977925,1.507446,1.386475,0.974263,128.7567,0.846035,0.0,119.2551,0.0,0.996367,0.003633,51200,6592342,801,12941,321,1921,321,2233
40600,145.706,89.753,2.310265,1.324707,0.985558,1.450073,1.309692,1.000573,128.7847,0.81834,0.0,118.2803,0.0,0.996855,0.003145,51200,6593779,757,12133,327,1929,327,2241
40650,145.836,89.83,2.258004,1.294556,0.963448,1.428833,1.27832,0.979684,128.8465,0.803672,0.0,118.697,0.0,0.997637,0.002363,51200,6596942,773,11684,317,1932,317,2244
40700,146.004,89.906,2.224175,1.244751,0.979424,1.376709,1.219482,1.004692,128.8293,0.815684,0.0,119.0725,0.0,0.997207,0.002793,51200,6596062,845,11412,292,1932,292,2244
40750,146.298,90.092,2.222617,1.236938,0.985678,1.366577,1.215942,1.006674,128.8449,0.818594,0.0,120.0666,0.0,0.99752,0.00248,51200,6596861,763,11189,310,1932,310,2244
40800,146.496,90.238,2.204053,1.248413,0.95564,1.386353,1.225952,0.978101,128.7396,0.815039,0.0,120.0831,0.0,0.995742,0.004258,51200,6591466,809,11134,315,1934,315,2246
40850,146.623,90.312,2.272358,1.256348,1.01601,1.394409,1.244507,1.027851,128.9963,0.812051,0.0,120.3316,0.0,0.999941,5.9e-05,51200,6604610,772,11924,300,1935,300,2247
40900,146.86,90.441,2.19112,1.241211,0.949909,1.378174,1.224365,0.966755,128.7686,0.801641,0.0,119.5612,0.0,0.996387,0.003613,51200,6592950,778,11550,282,1938,282,2250
40950,147.06,90.588,2.308206,1.31311,0.995096,1.458618,1.309326,0.99888,128.6873,0.79916,0.0,119.1542,0.0,0.995312,0.004688,51200,6588791,784,12143,286,1944,286,2256
41000,147.189,90.663,2.40812,1.386719,1.021402,1.525757,1.381592,1.026529,128.7899,0.795371,0.0,119.2852,0.0,0.996836,0.003164,51200,6594045,787,12811,296,1947,296,2259
41050,147.335,90.74,2.324708,1.297363,1.027345,1.433594,1.280762,1.043946,132.4671,0.81043,0.027556,121.1579,0.000449,0.996953,0.002598,51200,6782318,823,11174,313,1961,313,2270
41100,147.465,90.817,2.180795,1.254272,0.926522,1.382446,1.238037,0.942758,129.9679,0.834121,0.009772,121.5553,0.000156,0.995137,0.004707,51200,6654357,802,10739,313,1963,313,2272
41150,147.622,90.925,2.107096,1.143921,0.963175,1.269531,1.112915,0.994181,128.9345,0.836953,0.0,121.9676,0.0,0.999102,0.000898,51200,6601447,781,9189,341,1968,341,2277
41200,147.753,90.999,2.142483,1.173828,0.968655,1.292725,1.146851,0.995633,128.9055,0.840449,0.0,122.6825,0.0,0.998438,0.001562,51200,6599963,786,10039,365,1969,365,2278
41250,147.89,91.074,2.157485,1.22937,0.928115,1.354248,1.204712,0.952773,128.8468,0.837246,0.0,121.745,0.0,0.997676,0.002324,51200,6596958,782,10883,344,1969,344,2278
41300,148.045,91.173,2.13507,1.181396,0.953674,1.30542,1.167236,0.967834,128.8157,0.84791,0.0,120.9994,0.0,0.996934,0.003066,51200,6595362,738,10654,311,1969,311,2278
41350,148.169,91.247,2.065769,1.120972,0.944797,1.242188,1.086792,0.978977,128.9519,0.852363,0.0,121.4938,0.0,0.99918,0.00082,51200,6602336,770,9737,292,1974,292,2283
41400,148.316,91.345,2.128242,1.185181,0.943061,1.304321,1.153076,0.975166,128.9309,0.831816,0.0,121.7797,0.0,0.998828,0.001172,51200,6601264,805,11210,264,1974,264,2283
41450,148.444,91.421,2.192496,1.257935,0.934561,1.39624,1.24707,0.945426,128.9744,0.794961,0.0,120.3225,0.0,0.999629,0.000371,51200,6603490,804,12132,268,1982,268,2291
41500,148.591,91.516,2.181585,1.242676,0.938909,1.374512,1.217041,0.964544,128.7743,0.798301,0.0,119.6441,0.0,0.996211,0.003789,51200,6593245,783,11256,269,1985,269,2294
41550,148.721,91.59,2.162229,1.247925,0.914305,1.373535,1.228149,0.93408,128.8685,0.784238,0.0,120.7387,0.0,0.997871,0.002129,51200,6598069,753,11542,278,1989,278,2296
41600,148.902,91.669,2.214972,1.254272,0.960699,1.374146,1.222046,0.992926,128.9646,0.788301,0.0,120.9005,0.0,0.999473,0.000527,51200,6602988,802,11820,301,1996,301,2303
41650,149.033,91.745,2.266647,1.325195,0.941452,1.460205,1.30835,0.958297,128.6538,0.793594,0.0,119.9451,0.0,0.994824,0.005176,51200,6587077,796,12932,288,1996,288,2303
41700,149.229,91.82,2.244874,1.322144,0.92273,1.455811,1.300293,0.944581,128.6156,0.798184,0.0,119.4775,0.0,0.99416,0.00584,51200,6585121,786,12428,301,1996,301,2303
41750,149.394,91.931,2.250528,1.31958,0.930948,1.44751,1.295166,0.955362,128.6515,0.791309,0.0,119.6546,0.0,0.995215,0.004785,51200,6586956,806,12519,301,1996,301,2303
41800,149.536,92.012,2.281787,1.337524,0.944262,1.462891,1.314331,0.967456,128.7042,0.791426,0.0,119.7221,0.0,0.996074,0.003926,51200,6589656,754,12012,326,1997,326,2304
41850,149.677,92.097,2.296735,1.365356,0.931378,1.491577,1.338257,0.958478,128.6991,0.801973,0.0,119.5075,0.0,0.995977,0.004023,51200,6589392,830,12038,348,1997,348,2304
41900,149.821,92.173,2.129034,1.203613,0.925421,1.325439,1.169556,0.959479,128.9261,0.83373,0.0,121.3778,0.0,0.998711,0.001289,51200,6601014,767,9949,359,1997,359,2304
41950,149.947,92.248,2.081186,1.163818,0.917368,1.291382,1.129517,0.951669,128.8974,0.855254,0.0,122.3183,0.0,0.998477,0.001523,51200,6599548,812,9351,370,1998,370,2305
42000,150.161,92.396,2.119261,1.194824,0.924437,1.3302,1.168701,0.95056,128.8964,0.856211,0.0,122.7267,0.0,0.998223,0.001777,51200,6599497,788,10237,360,1999,360,2306
42050,150.288,92.471,2.180809,1.241333,0.939476,1.367188,1.216187,0.964622,128.7729,0.838145,0.0,120.8702,0.0,0.996855,0.003145,51200,6593175,798,11327,343,1999,343,2306
42100,150.453,92.548,2.154483,1.198853,0.955631,1.327759,1.178223,0.97626,128.7911,0.827832,0.0,121.2282,0.0,0.996934,0.003066,51200,6594105,808,10513,322,1999,322,2306
42150,150.733,92.716,2.17525,1.233887,0.941363,1.366089,1.215576,0.959674,128.4677,0.839082,0.0,121.5953,0.0,0.992129,0.007871,51200,6577547,789,10487,323,2000,323,2307
42200,150.959,92.863,2.110189,1.175293,0.934896,1.299194,1.151733,0.958456,128.5989,0.865098,0.0,122.2065,0.0,0.99416,0.00584,51200,6584262,790,9420,323,2000,323,2307
42250,151.093,92.944,2.252197,1.277832,0.974365,1.4021,1.265259,0.986938,131.985,0.851523,0.02529,123.4896,0.00041,0.995078,0.004512,51200,6757630,759,10915,315,2000,315,2307
42300,151.221,93.022,2.198585,1.240967,0.957618,1.370361,1.229858,0.968726,139.1493,0.856504,0.075956,128.9771,0.001172,0.993438,0.005391,51200,7124443,763,10782,307,2002,307,2309
42350,151.44,93.144,2.261768,1.292603,0.969165,1.424438,1.285767,0.976001,130.2928,0.839336,0.012154,121.5784,0.000195,0.995293,0.004512,51200,6670993,808,11653,315,2002,315,2309
42400,151.568,93.22,2.17971,1.236328,0.943382,1.369751,1.219238,0.960472,128.9093,0.837832,0.0,120.6052,0.0,0.998555,0.001445,51200,6600157,762,11403,312,2002,312,2309
42450,151.781,93.324,2.146215,1.245239,0.900975,1.379272,1.22229,0.923925,128.8473,0.833906,0.0,120.6278,0.0,0.997754,0.002246,51200,6596981,851,11420,312,2002,312,2309
42500,151.93,93.42,2.239949,1.287109,0.952839,1.407471,1.266357,0.973591,128.7901,0.837109,0.0,121.3979,0.0,0.996758,0.003242,51200,6594051,817,11620,306,2002,306,2309
42550,152.059,93.499,2.318271,1.280762,1.037509,1.421021,1.281738,1.036533,143.2809,0.832695,0.099491,131.655,0.001582,0.998418,0.0,51200,7335983,768,11638,316,2002,316,2309
42600,152.261,93.627,2.129617,1.157104,0.972512,1.278809,1.140869,0.988747,143.847,0.837969,0.103209,132.9334,0.00168,0.99793,0.000391,51200,7364966,751,10186,305,2002,305,2309
42650,152.395,93.704,2.091491,1.165405,0.926086,1.286255,1.133423,0.958069,142.2503,0.817031,0.093437,133.306,0.001426,0.99752,0.001055,51200,7283214,809,9639,319,2002,319,2309
42700,152.569,93.808,2.085781,1.177612,0.908169,1.30188,1.146484,0.939297,129.0,0.830488,0.0,122.9233,0.0,1.0,0.0,51200,6604800,835,9870,326,2004,326,2311
42750,152.761,93.889,2.059822,1.153442,0.90638,1.273071,1.127686,0.932137,128.9239,0.828652,0.0,122.747,0.0,0.99875,0.00125,51200,6600905,792,10245,325,2007,325,2313
42800,153.011,94.052,2.133859,1.23877,0.89509,1.366455,1.221436,0.912424,128.9485,0.823984,0.0,121.7153,0.0,0.999199,0.000801,51200,6602161,758,11100,318,2014,318,2320
42850,153.139,94.127,2.131233,1.223877,0.907356,1.351807,1.208008,0.923225,128.9855,0.81707,0.0,121.5424,0.0,0.999766,0.000234,51200,6604058,749,10558,315,2015,315,2321
42900,153.358,94.258,2.225529,1.267578,0.957951,1.393799,1.255615,0.969914,128.7918,0.835117,0.0,120.9426,0.0,0.996582,0.003418,51200,6594138,849,11024,324,2016,324,2322
42950,153.485,94.332,2.170459,1.245605,0.924853,1.377197,1.233398,0.93706,128.6751,0.838906,0.0,120.9559,0.0,0.995137,0.004863,51200,6588164,794,10490,308,2016,308,2322
43000,153.628,94.408,2.216228,1.283081,0.933147,1.425781,1.26123,0.954997,128.6336,0.841211,0.0,120.9654,0.0,0.994492,0.005508,51200,6586041,811,11299,309,2016,309,2322
43050,153.837,94.559,2.230604,1.262207,0.968397,1.394653,1.237793,0.992811,128.6473,0.836211,0.0,120.382,0.0,0.994277,0.005723,51200,6586744,766,10975,317,2016,317,2322
43100,153.971,94.636,2.233285,1.28125,0.952035,1.408447,1.268066,0.965219,128.8756,0.853945,0.0,121.4271,0.0,0.997988,0.002012,51200,6598433,801,10906,328,2016,328,2322
43150,154.182,94.792,2.246732,1.278076,0.968656,1.403564,1.253174,0.993558,128.9563,0.841328,0.0,120.8018,0.0,0.999316,0.000684,51200,6602565,740,11026,331,2016,331,2322
43200,154.308,94.867,2.193645,1.247437,0.946209,1.373413,1.229248,0.964397,129.7797,0.842422,0.00612,121.3823,9.8e-05,0.999727,0.000176,51200,6644723,746,10594,338,2016,338,2322
43250,154.488,94.945,2.181714,1.229858,0.951856,1.352661,1.213867,0.967847,130.8348,0.836367,0.015755,121.9795,0.000254,0.996367,0.003379,51200,6698744,784,9723,340,2016,340,2322
43300,154.678,95.083,2.238979,1.313721,0.925258,1.440552,1.282715,0.956264,141.5196,0.847676,0.089711,127.3974,0.001562,0.997188,0.00125,51200,7245806,762,10940,351,2016,351,2322
43350,154.803,95.159,2.224508,1.280884,0.943624,1.410767,1.25708,0.967428,128.971,0.848691,0.0,120.0893,0.0,0.999609,0.000391,51200,6603314,825,11501,328,2016,328,2322
43400,154.945,95.247,2.161109,1.209961,0.951148,1.333252,1.185547,0.975562,128.9356,0.832871,0.0,120.8551,0.0,0.999062,0.000938,51200,6601501,806,9861,340,2016,340,2322
43450,155.103,95.348,2.256061,1.337646,0.918415,1.475098,1.314697,0.941364,128.93,0.831562,0.0,121.1557,0.0,0.999023,0.000977,51200,6601214,801,11277,361,2021,361,2327
43500,155.231,95.424,2.204653,1.260376,0.944277,1.385254,1.236694,0.967959,128.9385,0.840566,0.0,120.7829,0.0,0.999023,0.000977,51200,6601653,789,10317,356,2021,356,2327
43550,155.377,95.5,2.20263,1.251709,0.950921,1.379272,1.229492,0.973138,128.9191,0.852871,0.0,121.3943,0.0,0.998711,0.001289,51200,6600660,761,10487,363,2021,363,2327
43600,155.525,95.576,2.16964,1.208496,0.961144,1.331543,1.184204,0.985436,128.9646,0.853281,0.0,121.6771,0.0,0.999355,0.000645,51200,6602988,771,10087,339,2021,339,2327
43650,155.779,95.726,2.074572,1.153687,0.920885,1.276978,1.126587,0.947985,128.7161,0.833965,0.0,122.4025,0.0,0.995723,0.004277,51200,6590263,792,9768,346,2021,346,2327
43700,155.911,95.804,2.110431,1.191284,0.919146,1.314575,1.159424,0.951007,128.8072,0.841621,0.0,122.5095,0.0,0.996992,0.003008,51200,6594927,782,10226,354,2021,354,2327
43750,156.046,95.88,2.226335,1.282349,0.943986,1.408081,1.255127,0.971208,128.6256,0.844219,0.0,121.5394,0.0,0.994473,0.005527,51200,6585630,777,11284,360,2024,360,2330
43800,156.201,95.976,2.151271,1.233765,0.917507,1.357666,1.19812,0.953151,128.7605,0.84793,0.0,121.8719,0.0,0.996191,0.003809,51200,6592538,802,10387,351,2024,351,2330
43850,156.33,96.051,2.09738,1.203369,0.89401,1.324585,1.16687,0.930509,128.7437,0.835059,0.0,122.7149,0.0,0.99623,0.00377,51200,6591679,791,9584,350,2024,350,2330
43900,156.58,96.229,2.074363,1.187866,0.886497,1.31543,1.155029,0.919334,128.6523,0.865938,0.0,122.8856,0.0,0.994414,0.005586,51200,6586999,796,9266,358,2025,358,2330
43950,156.71,96.307,2.015231,1.122437,0.892794,1.247925,1.08606,0.929171,128.7335,0.87623,0.0,123.5104,0.0,0.995684,0.004316,51200,6591156,742,8897,352,2025,352,2330
44000,156.879,96.4,2.077609,1.130737,0.946872,1.247437,1.095947,0.981662,128.7352,0.875898,0.0,123.2379,0.0,0.995957,0.004043,51200,6591241,798,9315,359,2025,359,2330
44050,157.003,96.475,2.044167,1.101685,0.942482,1.220215,1.066528,0.977638,128.9157,0.87084,0.0,123.3031,0.0,0.99877,0.00123,51200,6600484,794,8825,352,2026,352,2331
44100,157.147,96.567,2.034172,1.124512,0.90966,1.242676,1.085938,0.948234,128.8782,0.85252,0.0,123.2578,0.0,0.998262,0.001738,51200,6598566,802,8944,358,2026,358,2331
44150,157.277,96.646,2.052327,1.122681,0.929647,1.24646,1.083618,0.968709,128.846,0.855488,0.0,122.9591,0.0,0.997402,0.002598,51200,6596917,828,8792,345,2026,345,2331
44200,157.435,96.732,2.083183,1.142944,0.940238,1.2677,1.10791,0.975272,128.8905,0.875918,0.0,123.3856,0.0,0.998164,0.001836,51200,6599195,772,8328,365,2026,365,2331
44250,157.69,96.883,2.101807,1.130615,0.971192,1.259399,1.114258,0.987549,128.8167,0.884531,0.0,123.2091,0.0,0.996855,0.003145,51200,6595413,793,8528,385,2026,385,2331
44300,157.961,97.044,2.052894,1.080933,0.971961,1.211182,1.06311,0.989783,128.6978,0.867129,0.0,123.3429,0.0,0.995059,0.004941,51200,6589327,766,8418,370,2026,370,2331
44350,158.086,97.118,2.097565,1.132568,0.964996,1.252441,1.112183,0.985382,128.6666,0.870625,0.0,122.407,0.0,0.994473,0.005527,51200,6587729,805,8984,359,2026,359,2331
44400,158.224,97.196,2.044105,1.127197,0.916908,1.262817,1.106812,0.937294,128.8814,0.866328,0.0,122.8617,0.0,0.998223,0.001777,51200,6598730,767,8279,378,2028,378,2333
44450,158.379,97.294,1.957673,1.035645,0.922029,1.145508,1.00647,0.951204,128.9015,0.877559,0.0,123.5347,0.0,0.998535,0.001465,51200,6599755,795,7437,380,2028,380,2333
44500,158.509,97.373,2.005315,1.05188,0.953435,1.170044,1.022583,0.982732,128.9091,0.872617,0.0,124.0402,0.0,0.998574,0.001426,51200,6600144,824,7956,358,2030,358,2335
44550,158.662,97.477,1.963804,1.040771,0.923032,1.15564,1.004883,0.958921,128.7671,0.855469,0.0,123.5872,0.0,0.996309,0.003691,51200,6592877,742,7608,355,2034,355,2339
44600,158.799,97.551,1.926567,1.03186,0.894706,1.147461,0.994629,0.931938,128.8242,0.852559,0.0,123.7598,0.0,0.997266,0.002734,51200,6595797,789,8234,313,2034,313,2339
44650,158.944,97.632,2.033501,1.109863,0.923637,1.232422,1.080811,0.95269,128.7977,0.848535,0.0,122.7907,0.0,0.996699,0.003301,51200,6594441,793,8678,310,2034,310,2339
44700,159.07,97.707,2.064644,1.121094,0.94355,1.245972,1.088257,0.976387,128.6958,0.85457,0.0,123.1154,0.0,0.994824,0.005176,51200,6589225,756,8247,309,2034,309,2339
44750,159.279,97.863,2.085829,1.14563,0.940199,1.27063,1.119751,0.966078,128.7095,0.850625,0.0,122.2675,0.0,0.995293,0.004707,51200,6589925,742,9427,297,2037,297,2340
44800,159.409,97.941,2.113466,1.131592,0.981874,1.260376,1.116943,0.996522,128.886,0.845762,0.0,122.2608,0.0,0.998262,0.001738,51200,6598962,774,9155,299,2040,299,2341
44850,159.562,98.029,2.128257,1.170288,0.957969,1.29834,1.150391,0.977867,129.0,0.861641,0.0,122.3849,0.0,1.0,0.0,51200,6604800,754,8842,300,2040,300,2341
44900,159.694,98.105,2.07222,1.12561,0.94661,1.248779,1.109131,0.96309,128.8552,0.857109,0.0,122.8871,0.0,0.99791,0.00209,51200,6597387,789,7870,326,2040,326,2341
44950,159.887,98.247,2.065229,1.111328,0.953901,1.238159,1.087402,0.977826,128.8656,0.865938,0.0,123.6069,0.0,0.997871,0.002129,51200,6597918,762,8304,344,2040,344,2341
45000,160.041,98.322,2.25799,1.272705,0.985285,1.386597,1.25293,1.00506,128.7501,0.854453,0.0,121.6885,0.0,0.996211,0.003789,51200,6592004,761,10645,343,2040,343,2341
45050,160.292,98.474,2.213212,1.227417,0.985795,1.353638,1.200317,1.012894,128.8254,0.85418,0.0,121.0333,0.0,0.997227,0.002773,51200,6595858,772,9899,395,2040,395,2341
45100,160.425,98.552,2.05509,1.115112,0.939978,1.235229,1.080811,0.97428,128.8668,0.869727,0.0,121.9164,0.0,0.997832,0.002168,51200,6597979,827,8324,407,2043,407,2344
45150,160.595,98.627,2.102904,1.129639,0.973266,1.249023,1.10144,1.001464,128.8776,0.874902,0.0,122.8139,0.0,0.997988,0.002012,51200,6598533,801,8778,390,2043,390,2344
45200,160.851,98.774,2.060365,1.10376,0.956606,1.228882,1.072388,0.987978,128.8611,0.884258,0.0,122.9723,0.0,0.997969,0.002031,51200,6597689,817,8191,389,2046,389,2347
45250,161.102,98.964,2.050061,1.122437,0.927624,1.25,1.084473,0.965588,128.9116,0.87332,0.0,123.1833,0.0,0.998613,0.001387,51200,6600273,784,8757,382,2049,382,2350
45300,161.227,99.039,2.032544,1.114014,0.918531,1.239258,1.085083,0.947461,128.9776,0.849082,0.0,122.9226,0.0,0.999707,0.000293,51200,6603653,777,8692,377,2052,377,2353
45350,161.365,99.115,2.073919,1.123901,0.950017,1.245972,1.093262,0.980657,128.9378,0.862461,0.0,122.8146,0.0,0.998984,0.001016,51200,6601617,793,8424,371,2052,371,2353
45400,161.492,99.192,2.175948,1.177856,0.998092,1.303223,1.158203,1.017745,136.358,0.86332,0.054703,127.0675,0.000918,0.998398,0.000684,51200,6981529,755,9368,389,2052,389,2353
45450,161.706,99.358,2.286076,1.247192,1.038884,1.362061,1.230347,1.05573,151.199,0.847656,0.149262,131.2659,0.002773,0.994785,0.002441,51200,7741387,746,10621,395,2062,395,2358
45500,161.844,99.445,2.22955,1.270508,0.959042,1.390747,1.250488,0.979062,165.826,0.842207,0.225066,146.5815,0.00459,0.992637,0.002773,51200,8490293,781,10422,388,2066,388,2362
45550,162.036,99.526,2.179039,1.238037,0.941002,1.364258,1.216187,0.962852,156.41,0.858027,0.177573,137.2335,0.003418,0.994336,0.002246,51200,8008190,748,10098,374,2066,374,2362
45600,162.289,99.684,2.142921,1.155884,0.987038,1.275635,1.136108,1.006813,155.7679,0.852598,0.175491,134.5926,0.003359,0.99166,0.00498,51200,7975317,765,9857,354,2066,354,2362
45650,162.434,99.778,2.13687,1.181641,0.95523,1.299316,1.156982,0.979888,151.3266,0.819277,0.150488,132.0363,0.002793,0.993711,0.003496,51200,7747922,726,10230,340,2072,340,2367
45700,162.61,99.856,2.140333,1.192261,0.948072,1.329468,1.172363,0.967969,145.1051,0.831719,0.113774,131.8225,0.002031,0.993535,0.004434,51200,7429382,811,10744,319,2076,319,2371
45750,162.853,100.025,2.211037,1.193115,1.017922,1.321899,1.176025,1.035012,146.0967,0.81043,0.11947,132.2654,0.002148,0.994434,0.003418,51200,7480151,741,10870,320,2081,320,2376
45800,162.985,100.103,2.248172,1.256836,0.991336,1.392578,1.241821,1.006351,145.4957,0.801348,0.115581,131.0467,0.00207,0.99457,0.003359,51200,7449378,778,11547,324,2081,324,2376
45850,163.231,100.238,2.243041,1.255249,0.987792,1.399414,1.237305,1.005736,145.6908,0.802031,0.117734,130.5507,0.002109,0.993066,0.004824,51200,7459370,786,12492,310,2081,310,2376
45900,163.519,100.418,2.258692,1.295532,0.96316,1.429321,1.271118,0.987574,145.5709,0.812793,0.120073,129.8933,0.002148,0.985957,0.011895,51200,7453229,795,11727,306,2088,306,2383
45950,163.718,100.563,2.239663,1.283936,0.955727,1.428345,1.262695,0.976968,134.3195,0.826074,0.043757,123.8131,0.000723,0.991504,0.007773,51200,6877160,790,11500,309,2089,309,2384
46000,163.854,100.643,2.269968,1.320923,0.949045,1.455444,1.293457,0.976511,128.7522,0.846953,1.4e-05,120.592,0.0,0.996016,0.003984,51200,6592113,778,11925,307,2090,307,2385
46050,164.058,100.726,2.056179,1.177856,0.878323,1.310181,1.153931,0.902248,128.7746,0.84873,0.0,121.3679,0.0,0.996348,0.003652,51200,6593257,822,10266,293,2097,293,2392
46100,164.212,100.828,2.126513,1.182861,0.943652,1.311523,1.160522,0.965991,128.7634,0.82252,0.0,121.6361,0.0,0.996465,0.003535,51200,6592684,767,10369,280,2098,280,2393
46150,164.343,100.903,2.082485,1.170654,0.911831,1.287476,1.140259,0.942226,128.7804,0.807266,0.0,122.0986,0.0,0.996992,0.003008,51200,6593559,803,9399,317,2098,317,2393
46200,164.475,100.984,2.099607,1.165283,0.934323,1.294678,1.134277,0.965329,128.996,0.810098,0.0,122.1962,0.0,0.999922,7.8e-05,51200,6604596,829,9855,318,2100,318,2395
46250,164.622,101.059,2.114358,1.179688,0.93467,1.302002,1.151733,0.962624,128.9723,0.827637,0.0,121.8675,0.0,0.999512,0.000488,51200,6603380,757,9308,309,2100,309,2395
46300,164.844,101.23,2.043528,1.12207,0.921458,1.229004,1.09082,0.952708,128.8428,0.833359,0.0,122.6235,0.0,0.997559,0.002441,51200,6596750,811,8827,306,2100,306,2395
46350,164.975,101.309,2.049577,1.138428,0.911149,1.250977,1.102783,0.946794,128.8563,0.813887,0.0,122.7626,0.0,0.997695,0.002305,51200,6597443,814,9282,348,2104,348,2395
46400,165.127,101.384,2.002462,1.115845,0.886618,1.231201,1.079102,0.923361,128.8297,0.814727,0.0,122.661,0.0,0.997383,0.002617,51200,6596082,842,9755,344,2108,344,2398
46450,165.306,101.507,2.145088,1.214478,0.93061,1.332397,1.184814,0.960274,128.927,0.804414,0.0,121.8059,0.0,0.998945,0.001055,51200,6601064,783,10685,344,2113,344,2403
46500,165.438,101.589,2.264912,1.304688,0.960224,1.42688,1.285767,0.979145,133.771,0.796387,0.03677,122.9501,0.000586,0.997891,0.001523,51200,6849077,813,11786,355,2113,355,2403
46550,165.596,101.665,2.235517,1.279785,0.955732,1.415161,1.268677,0.966841,129.2701,0.799121,0.002455,120.4341,3.9e-05,0.99916,0.000801,51200,6618627,795,10910,354,2117,354,2407
46600,165.724,101.741,2.16557,1.226685,0.938885,1.354126,1.206299,0.959271,130.8026,0.821426,0.014458,122.4473,0.000234,0.998379,0.001387,51200,6697095,755,10014,345,2117,345,2407
46650,165.86,101.825,2.189645,1.216431,0.973215,1.337524,1.189697,0.999948,128.6127,0.837422,0.0,121.429,0.0,0.993984,0.006016,51200,6584971,774,9855,351,2117,351,2407
46700,165.986,101.901,1.987001,1.090698,0.896303,1.204346,1.055664,0.931337,128.6453,0.840059,0.0,122.5264,0.0,0.994258,0.005742,51200,6586637,839,8425,339,2117,339,2407
46750,166.257,102.049,2.137217,1.169067,0.96815,1.289917,1.141479,0.995738,128.6891,0.837188,0.0,123.0858,0.0,0.994707,0.005293,51200,6588880,765,9471,337,2117,337,2407
46800,166.448,102.189,2.046634,1.14209,0.904544,1.26709,1.115112,0.931521,128.5922,0.848535,0.0,121.9116,0.0,0.993828,0.006172,51200,6583922,797,8355,344,2117,344,2407
46850,166.577,102.266,2.129201,1.167358,0.961843,1.289307,1.138428,0.990774,128.6225,0.849004,0.0,122.2516,0.0,0.993711,0.006289,51200,6585472,786,8429,351,2118,351,2408
46900,166.848,102.436,2.171347,1.180664,0.990683,1.303589,1.152466,1.018881,128.8251,0.867734,0.0,122.2172,0.0,0.997305,0.002695,51200,6595846,796,9093,354,2118,354,2408
46950,167.053,102.585,2.126759,1.159912,0.966847,1.283691,1.136841,0.989918,128.8834,0.865488,0.0,121.6578,0.0,0.998086,0.001914,51200,6598828,776,9141,367,2118,367,2408
47000,167.178,102.66,1.99812,1.105591,0.892529,1.221924,1.068726,0.929394,128.845,0.853809,0.0,122.8563,0.0,0.997656,0.002344,51200,6596862,801,8384,380,2118,380,2408
47050,167.304,102.734,2.047127,1.120239,0.926887,1.234009,1.085083,0.962044,128.9138,0.836055,0.0,123.4399,0.0,0.99873,0.00127,51200,6600386,806,9071,373,2120,373,2410
47100,167.588,102.894,2.120962,1.187622,0.93334,1.307007,1.157349,0.963613,128.7799,0.842656,0.0,122.875,0.0,0.996602,0.003398,51200,6593533,802,9493,395,2128,395,2418
47150,167.755,103.009,2.121208,1.156982,0.964226,1.27832,1.127075,0.994133,128.6728,0.85002,0.0,122.3793,0.0,0.994961,0.005039,51200,6588049,771,9773,354,2130,354,2420
47200,167.89,103.084,2.214065,1.240479,0.973586,1.377563,1.235718,0.978347,128.7267,0.83248,0.0,121.88,0.0,0.995684,0.004316,51200,6590809,772,10742,367,2136,367,2421
47250,168.079,103.175,2.257977,1.288208,0.969769,1.434692,1.284668,0.973309,128.4984,0.828672,0.0,120.596,0.0,0.992578,0.007422,51200,6579120,756,12060,338,2136,338,2421
47300,168.22,103.259,2.21078,1.255859,0.954921,1.394531,1.25415,0.95663,128.52,0.812129,0.0,120.0506,0.0,0.993613,0.006387,51200,6580225,805,11626,328,2136,328,2421
47350,168.357,103.34,2.240785,1.274902,0.965882,1.422241,1.275146,0.965638,128.4655,0.810469,0.0,120.4468,0.0,0.992422,0.007578,51200,6577436,759,11751,319,2136,319,2421
47400,168.529,103.46,2.325585,1.342163,0.983422,1.476929,1.326904,0.998681,128.3617,0.830254,0.0,119.669,0.0,0.990898,0.009102,51200,6572117,797,12412,308,2136,308,2421
47450,168.666,103.536,2.463659,1.432129,1.03153,1.578979,1.432495,1.031164,128.1694,0.814043,0.0,118.1644,0.0,0.988828,0.011172,51200,6562273,817,14093,302,2136,302,2421
47500,168.797,103.613,2.395911,1.364502,1.031409,1.518066,1.367065,1.028846,137.9771,0.806211,0.070182,121.8122,0.001191,0.990215,0.008594,51200,7064430,777,13348,299,2144,299,2429
47550,169.01,103.741,2.383865,1.350098,1.033767,1.495605,1.34436,1.039505,128.2902,0.825664,0.0,117.7413,0.0,0.98998,0.01002,51200,6568460,794,12291,310,2144,310,2429
47600,169.138,103.817,2.245976,1.267944,0.978031,1.412598,1.264893,0.981083,128.2874,0.835215,0.0,119.386,0.0,0.990391,0.009609,51200,6568316,783,10444,322,2144,322,2429
47650,169.28,103.892,2.157682,1.167603,0.990079,1.302856,1.155884,1.001798,128.2803,0.842246,0.0,121.0845,0.0,0.990156,0.009844,51200,6567952,801,9089,331,2145,331,2430
47700,169.494,104.049,2.013259,1.115601,0.897659,1.235107,1.091064,0.922195,128.5637,0.835898,0.0,121.9508,0.0,0.993223,0.006777,51200,6582464,821,9156,334,2150,334,2435
47750,169.625,104.124,2.010135,1.102295,0.90784,1.231567,1.075806,0.93433,128.8113,0.836523,0.0,122.7418,0.0,0.996973,0.003027,51200,6595136,837,8758,345,2153,345,2438
47800,169.774,104.22,2.026691,1.114624,0.912066,1.23584,1.088135,0.938556,128.8489,0.840332,0.0,122.8935,0.0,0.997969,0.002031,51200,6597063,801,9458,352,2153,352,2438
47850,169.901,104.295,2.022941,1.101074,0.921866,1.221558,1.068604,0.954337,128.8675,0.833184,0.0,122.9391,0.0,0.998047,0.001953,51200,6598017,774,9230,348,2161,348,2446
47900,170.029,104.371,1.99865,1.11377,0.88488,1.23584,1.079468,0.919182,128.7938,0.830977,0.0,123.13,0.0,0.997012,0.002988,51200,6594244,789,9295,316,2169,316,2454
47950,170.216,104.45,2.140182,1.227417,0.912765,1.356689,1.212891,0.927291,128.7835,0.819922,0.0,121.8272,0.0,0.996621,0.003379,51200,6593715,778,11166,309,2170,309,2455
48000,170.491,104.591,2.309361,1.33252,0.976841,1.485596,1.333618,0.975743,128.7252,0.816973,0.0,119.4093,0.0,0.995625,0.004375,51200,6590730,789,12469,311,2170,311,2455
48050,170.636,104.668,2.311121,1.319946,0.991175,1.453003,1.322754,0.988367,128.6669,0.826348,0.0,119.022,0.0,0.995059,0.004941,51200,6587746,778,12371,307,2170,307,2455
48100,170.768,104.744,2.260263,1.289429,0.970834,1.425537,1.290894,0.969369,128.5779,0.826289,0.0,119.0905,0.0,0.993027,0.006973,51200,6583189,794,11820,299,2170,299,2455
48150,170.988,104.871,2.303534,1.316772,0.986762,1.46228,1.322388,0.981147,128.6587,0.825898,0.0,118.7836,0.0,0.994512,0.005488,51200,6587327,833,12767,287,2170,287,2455
48200,171.118,104.946,2.207866,1.242065,0.9658,1.371094,1.235352,0.972514,134.6529,0.790918,0.043611,122.53,0.000723,0.996445,0.002832,51200,6894228,771,11584,274,2170,274,2455
48250,171.253,105.026,2.209203,1.22644,0.982763,1.357666,1.222046,0.987157,142.4573,0.803613,0.095807,126.9862,0.00168,0.997109,0.001211,51200,7293812,728,11083,279,2170,279,2455
48300,171.403,105.118,2.181521,1.199219,0.982302,1.327148,1.180542,1.000979,128.8053,0.805039,0.0,121.2005,0.0,0.997109,0.002891,51200,6594832,811,9874,277,2170,277,2455
48350,171.679,105.285,2.143767,1.239502,0.904265,1.370728,1.209717,0.93405,128.9819,0.809062,0.0,121.8486,0.0,0.999727,0.000273,51200,6603871,748,10907,287,2170,287,2455
48400,171.819,105.363,2.262888,1.309692,0.953195,1.440552,1.299561,0.963327,128.9733,0.820762,0.0,121.1764,0.0,0.99957,0.00043,51200,6603433,815,11559,303,2175,303,2458
48450,171.976,105.447,2.309461,1.294189,1.015272,1.427979,1.289185,1.020277,128.8096,0.823809,0.0,119.8682,0.0,0.997246,0.002754,51200,6595052,786,11663,328,2175,328,2458
48500,172.171,105.549,2.290737,1.30896,0.981777,1.444336,1.304199,0.986538,128.8087,0.814297,0.0,119.4239,0.0,0.996855,0.003145,51200,6595007,790,12427,335,2175,335,2458
48550,172.299,105.624,2.372785,1.390869,0.981915,1.542114,1.399536,0.973248,128.7285,0.814277,0.0,118.5246,0.0,0.995801,0.004199,51200,6590899,807,13788,320,2175,320,2458
48600,172.462,105.705,2.387677,1.4104,0.977276,1.544556,1.411987,0.975689,128.7451,0.802402,0.0,117.8992,0.0,0.996055,0.003945,51200,6591750,744,13922,298,2178,298,2461
48650,172.594,105.781,2.405999,1.411377,0.994622,1.554077,1.414795,0.991204,128.5391,0.812891,0.0,117.7936,0.0,0.992852,0.007148,51200,6581201,700,14020,294,2182,294,2465
48700,172.749,105.858,2.382719,1.387329,0.99539,1.529907,1.38501,0.99771,128.8123,0.810332,0.0,117.6071,0.0,0.99707,0.00293,51200,6595191,761,13677,294,2184,294,2467
48750,172.9,105.95,2.347705,1.374268,0.973438,1.514404,1.37207,0.975635,128.8348,0.806055,0.0,117.9182,0.0,0.997422,0.002578,51200,6596344,773,13250,288,2185,288,2468
48800,173.037,106.027,2.314215,1.337524,0.976691,1.473389,1.329834,0.984381,128.8175,0.797695,0.0,118.637,0.0,0.997227,0.002773,51200,6595455,785,12262,285,2186,285,2469
48850,173.168,106.103,2.254859,1.306519,0.948341,1.450195,1.299683,0.955177,128.7801,0.807676,0.0,119.7502,0.0,0.996582,0.003418,51200,6593541,778,11839,278,2186,278,2469
48900,173.297,106.178,2.232233,1.267212,0.965021,1.399658,1.258057,0.974176,128.9377,0.830879,0.0,120.5276,0.0,0.999082,0.000918,51200,6601610,815,11088,299,2187,299,2469
48950,173.488,106.288,2.179505,1.216309,0.963197,1.345825,1.195435,0.984071,130.7609,0.841758,0.014529,122.828,0.000234,0.997637,0.002129,51200,6694957,765,10888,303,2187,303,2469
49000,173.616,106.363,2.171414,1.208984,0.962429,1.334961,1.188477,0.982937,128.8299,0.845352,0.0,121.432,0.0,0.997363,0.002637,51200,6596091,758,10600,301,2187,301,2469
49050,173.794,106.47,2.163244,1.200928,0.962316,1.339844,1.179688,0.983557,128.6509,0.844941,0.0,121.2728,0.0,0.994434,0.005566,51200,6586926,803,10214,297,2187,297,2469
49100,173.925,106.546,2.076995,1.132446,0.944549,1.255249,1.115479,0.961517,128.7654,0.832188,0.0,121.7729,0.0,0.995938,0.004062,51200,6592787,749,10037,306,2191,306,2473
49150,174.111,106.66,2.156578,1.19104,0.965538,1.324829,1.168335,0.988243,128.6438,0.823125,0.0,121.4994,0.0,0.994336,0.005664,51200,6586562,752,10698,291,2191,291,2473
49200,174.251,106.737,2.16164,1.175171,0.986469,1.312622,1.155029,1.00661,128.5999,0.820117,0.0,121.2805,0.0,0.993906,0.006094,51200,6584316,803,10892,270,2191,270,2473
49250,174.517,106.893,2.202103,1.241089,0.961014,1.376587,1.216553,0.98555,128.4838,0.824668,0.0,120.8745,0.0,0.991895,0.008105,51200,6578369,846,11229,298,2191,298,2473
49300,174.656,106.977,2.241144,1.286865,0.954279,1.419922,1.267456,0.973688,128.4103,0.850742,2e-06,120.7696,0.0,0.991191,0.008809,51200,6574605,768,11273,316,2194,316,2476
49350,174.796,107.057,2.360117,1.347412,1.012705,1.484375,1.342896,1.017222,128.5918,0.868477,0.0,120.2506,0.0,0.993691,0.006309,51200,6583900,783,11452,315,2194,315,2476
49400,174.937,107.134,2.256795,1.269165,0.98763,1.41272,1.263672,0.993123,128.6239,0.871094,0.0,120.0251,0.0,0.994141,0.005859,51200,6585544,780,10461,333,2194,333,2476
49450,175.189,107.286,2.3211,1.261719,1.059381,1.394775,1.258789,1.062311,130.523,0.877305,0.013368,122.1777,0.000215,0.996289,0.003496,51200,6682779,746,11057,350,2194,350,2476
49500,175.35,107.394,2.281804,1.25293,1.028875,1.390381,1.245728,1.036077,130.4779,0.888457,0.01341,120.7163,0.000215,0.996289,0.003496,51200,6680468,756,10243,394,2194,394,2476
49550,175.478,107.472,2.236888,1.25061,0.986277,1.379272,1.23877,0.998118,128.5351,0.878281,0.0,120.5867,0.0,0.994043,0.005957,51200,6580997,787,10502,406,2194,406,2476
49600,175.709,107.589,2.064174,1.11084,0.953334,1.235352,1.085449,0.978725,128.7931,0.873379,0.0,121.328,0.0,0.996836,0.003164,51200,6594207,813,9108,372,2195,372,2477
49650,175.981,107.763,2.140204,1.186401,0.953803,1.30603,1.165161,0.975043,128.7134,0.843535,0.0,122.4035,0.0,0.995566,0.004434,51200,6590124,792,10428,355,2200,355,2479
49700,176.106,107.837,2.128406,1.204102,0.924304,1.339722,1.190674,0.937732,128.8933,0.844512,0.0,121.93,0.0,0.998398,0.001602,51200,6599339,774,9562,359,2205,359,2484
49750,176.259,107.913,2.074244,1.112793,0.961451,1.247437,1.084595,0.989649,128.9875,0.868301,0.0,122.6397,0.0,0.999766,0.000234,51200,6604162,765,8021,350,2205,350,2484
49800,176.415,108.018,2.029855,1.103149,0.926706,1.216309,1.078735,0.95112,128.9445,0.873184,0.0,123.3861,0.0,0.999277,0.000723,51200,6601957,717,7777,348,2205,348,2484
49850,176.59,108.093,2.066599,1.086426,0.980174,1.206177,1.063354,1.003245,128.6846,0.8725,0.0,123.3082,0.0,0.995449,0.004551,51200,6588654,760,8746,327,2205,327,2484
49900,176.867,108.251,2.211272,1.177612,1.03366,1.31189,1.161621,1.049651,128.819,0.85166,0.0,121.9691,0.0,0.997246,0.002754,51200,6595531,787,10291,343,2206,343,2485
49950,177.08,108.401,2.252974,1.24939,1.003584,1.383911,1.229248,1.023726,128.9143,0.841133,0.00058,120.5846,0.0,0.997461,0.002539,51200,6600410,787,10892,351,2206,351,2485
50000,177.211,108.477,2.12044,1.15564,0.964801,1.291138,1.126465,0.993975,128.8336,0.854863,0.0,120.6112,0.0,0.997344,0.002656,51200,6596278,799,9608,332,2214,332,2493
