epoch,wall_s,sim_s,entropy_bits,comp_bits,high_order_entropy,brotli2_bits,zlib_bits,hoe_zlib,mean_steps,frac_copy_runs,frac_steps_in_loop,ops_per_run,frac_term_budget,frac_term_off_region,frac_term_unmatched,runs,steps,mutations,distinct_windows,n_persistent,A_t,n_persistent_naive,A_t_naive
0,0.025,0.0,7.996763,8.000488,-0.003725,8.000488,8.003174,-0.006411,0.0,0.0,0.0,0.0,0.0,0.0,0.0,0,0,0,65536,0,0,0,0
50,0.335,0.286,7.994757,8.000488,-0.005731,8.000488,8.003174,-0.008417,1505.6463,0.0,0.930175,123.752,0.165684,0.604199,0.230117,51200,77089093,807,65536,0,0,0,0
100,0.686,0.612,7.991263,8.000488,-0.009226,8.000488,8.003174,-0.011911,1849.1206,0.0,0.945172,180.9791,0.208652,0.539473,0.251875,51200,94674974,799,65536,0,0,0,0
150,1.058,0.96,7.98774,8.000488,-0.012748,8.000488,8.003174,-0.015434,2008.1603,0.0,0.950257,200.9743,0.229219,0.508281,0.2625,51200,102817806,746,65536,0,0,0,0
200,1.447,1.325,7.985484,8.000488,-0.015005,8.000488,8.003174,-0.01769,2079.3398,0.0,0.952352,199.3098,0.238477,0.498574,0.262949,51200,106462198,798,65536,0,0,0,0
250,1.822,1.674,7.983406,8.000488,-0.017082,8.000488,8.003174,-0.019767,2002.3663,0.0,0.950485,186.2976,0.229395,0.500703,0.269902,51200,102521152,761,65536,0,0,0,0
300,2.196,2.024,7.981525,8.000488,-0.018964,8.000488,8.002808,-0.021283,2033.2719,0.0,0.951468,181.3569,0.234082,0.494238,0.27168,51200,104103519,762,65536,0,0,0,0
350,2.596,2.4,7.980307,8.000488,-0.020181,8.000488,8.002441,-0.022134,2072.9614,0.0,0.952039,176.9068,0.239355,0.501953,0.258691,51200,106135622,769,65536,0,0,0,0
400,2.983,2.762,7.979306,8.000488,-0.021182,8.000488,8.001831,-0.022525,2095.5593,0.0,0.952495,178.3945,0.240762,0.504336,0.254902,51200,107292637,765,65536,0,0,0,0
450,3.375,3.127,7.978535,8.000488,-0.021954,8.000488,8.001953,-0.023419,2105.082,0.0,0.952452,178.1671,0.241328,0.512402,0.24627,51200,107780200,804,65536,0,0,0,0
500,3.773,3.497,7.978539,8.000488,-0.02195,8.000488,8.002319,-0.023781,2083.2036,0.0,0.952055,175.4131,0.239492,0.512168,0.24834,51200,106660026,776,65536,0,0,0,0
550,4.167,3.866,7.978335,8.000488,-0.022153,8.000488,8.002441,-0.024106,2107.4072,0.0,0.952696,173.3172,0.242051,0.510371,0.247578,51200,107899249,773,65536,0,0,0,0
600,4.554,4.229,7.978808,8.000488,-0.02168,8.000488,8.002808,-0.024,2068.311,0.0,0.951629,176.1145,0.236133,0.514434,0.249434,51200,105897524,728,65536,0,0,0,0
650,4.939,4.588,7.97814,8.000488,-0.022348,8.000488,8.002686,-0.024545,2073.2281,0.0,0.951841,182.5067,0.23627,0.510312,0.253418,51200,106149281,789,65536,0,0,0,0
700,5.322,4.947,7.979163,8.000488,-0.021326,8.000488,8.003174,-0.024011,2072.4825,0.0,0.951821,176.1415,0.235762,0.510879,0.253359,51200,106111106,758,65536,0,0,0,0
750,5.713,5.312,7.978954,8.000488,-0.021534,8.000488,8.00293,-0.023976,2100.6859,0.0,0.952613,184.1023,0.240254,0.505234,0.254512,51200,107555116,783,65536,0,0,0,0
800,6.105,5.68,7.978839,8.000488,-0.02165,8.000488,8.002686,-0.023847,2060.9968,0.0,0.951485,171.515,0.234902,0.513789,0.251309,51200,105523038,807,65536,0,0,0,0
850,6.485,6.036,7.978661,8.000488,-0.021827,8.000488,8.003174,-0.024513,2067.1022,0.0,0.951882,168.7183,0.23623,0.509414,0.254355,51200,105835635,744,65536,0,0,0,0
900,6.861,6.387,7.97925,8.000488,-0.021239,8.000488,8.002808,-0.023558,2059.6272,0.0,0.951811,167.6194,0.234902,0.507441,0.257656,51200,105452914,758,65536,0,0,0,0
950,7.238,6.739,7.978858,8.000488,-0.021631,8.000488,8.002563,-0.023706,2066.5178,0.0,0.951722,168.75,0.23584,0.509238,0.254922,51200,105805709,749,65536,0,0,0,0
1000,7.616,7.093,7.978699,8.000488,-0.021789,8.000488,8.00293,-0.02423,2062.8484,0.0,0.951791,172.3097,0.234922,0.502285,0.262793,51200,105617837,766,65536,0,0,0,0
1050,8.043,7.493,7.9777,8.000488,-0.022789,8.000488,8.000977,-0.023277,2113.518,0.0,0.952919,171.9286,0.24082,0.500469,0.258711,51200,108212122,754,65536,0,0,0,0
1100,8.43,7.856,7.977433,8.000488,-0.023055,8.000488,8.002075,-0.024642,2137.1763,0.0,0.953503,176.1589,0.24459,0.497852,0.257559,51200,109423428,774,65536,0,0,0,0
1150,8.815,8.217,7.977924,8.000488,-0.022564,8.000488,8.002197,-0.024273,2101.8268,0.0,0.952834,174.8535,0.241113,0.49543,0.263457,51200,107613532,761,65536,0,0,0,0
1200,9.194,8.571,7.977011,8.000488,-0.023478,8.000488,8.001587,-0.024576,2081.8218,0.0,0.952658,178.8599,0.239434,0.488965,0.271602,51200,106589278,811,65536,0,0,0,0
1250,9.575,8.925,7.977147,8.000488,-0.023342,8.000488,8.001953,-0.024807,2052.6817,0.0,0.95185,173.9095,0.236426,0.492598,0.270977,51200,105097304,768,65536,0,0,0,0
1300,9.973,9.297,7.976703,8.000488,-0.023785,8.000488,8.001465,-0.024762,2085.5727,0.0,0.952899,163.2448,0.240508,0.487773,0.271719,51200,106781324,795,65536,0,0,0,0
1350,10.362,9.66,7.976577,8.000488,-0.023911,8.000488,8.001221,-0.024643,2089.6326,0.0,0.953026,155.6279,0.238965,0.487012,0.274023,51200,106989190,842,65536,0,0,0,0
1400,10.742,10.016,7.976891,8.000488,-0.023597,8.000488,8.000854,-0.023964,2092.317,0.0,0.95285,155.1539,0.240059,0.489395,0.270547,51200,107126630,754,65536,0,0,0,0
1450,11.139,10.385,7.977016,8.000488,-0.023473,8.000488,8.001221,-0.024205,2023.8858,0.0,0.950996,152.4387,0.230508,0.499023,0.270469,51200,103622951,802,65536,0,0,0,0
1500,11.521,10.741,7.977712,8.000488,-0.022776,8.000488,8.001221,-0.023508,2048.9738,0.0,0.951453,154.2886,0.232676,0.498535,0.268789,51200,104907456,835,65536,0,0,0,0
1550,11.902,11.095,7.977515,8.000488,-0.022974,8.000488,8.000854,-0.02334,2050.2693,0.0,0.951507,156.6857,0.233047,0.500215,0.266738,51200,104973788,799,65536,0,0,0,0
1600,12.29,11.459,7.976829,8.000488,-0.023659,8.000488,8.000488,-0.023659,1981.3001,0.0,0.949919,144.681,0.223848,0.500938,0.275215,51200,101442564,732,65536,0,0,0,0
1650,12.658,11.802,7.97748,8.000488,-0.023008,8.000488,8.000977,-0.023497,1971.2106,0.0,0.949789,141.667,0.222051,0.499414,0.278535,51200,100925985,789,65536,0,0,0,0
1700,13.033,12.152,7.977564,8.000488,-0.022925,8.000488,8.000854,-0.023291,1970.844,0.0,0.949795,142.8477,0.221992,0.49998,0.278027,51200,100907214,788,65536,0,0,0,0
1750,13.395,12.489,7.977372,8.000488,-0.023116,8.000488,8.00061,-0.023238,1910.1887,0.0,0.948085,140.281,0.214902,0.507324,0.277773,51200,97801662,776,65536,0,0,0,0
1800,13.766,12.833,7.976157,8.000488,-0.024332,8.000488,7.999634,-0.023477,1930.3605,0.0,0.94808,137.5052,0.218105,0.51541,0.266484,51200,98834459,805,65536,0,0,0,0
1850,14.121,13.162,7.97608,8.000488,-0.024408,8.000488,8.0,-0.02392,1904.5563,0.0,0.947337,134.151,0.214492,0.521953,0.263555,51200,97513281,765,65536,0,0,0,0
1900,14.486,13.503,7.975966,8.000488,-0.024522,8.000488,8.000122,-0.024156,1971.1435,0.0,0.948989,145.7866,0.222031,0.52498,0.252988,51200,100922548,832,65536,0,0,0,0
1950,14.858,13.849,7.976139,8.000488,-0.024349,8.000488,8.000244,-0.024105,2038.0466,0.0,0.950496,153.8383,0.23041,0.52584,0.24375,51200,104347986,793,65536,0,0,0,0
2000,15.234,14.199,7.976803,8.000488,-0.023686,8.000488,8.00061,-0.023808,2053.1607,0.0,0.951159,171.8289,0.233457,0.518945,0.247598,51200,105121829,823,65536,0,0,0,0
2050,15.615,14.555,7.976569,8.000488,-0.02392,8.000488,8.000854,-0.024286,2062.0172,0.0,0.951416,172.835,0.234727,0.516074,0.249199,51200,105575280,814,65536,0,0,0,0
2100,16.02,14.936,7.97658,8.000488,-0.023908,8.000488,8.000488,-0.023908,2102.6425,0.0,0.952317,173.706,0.239375,0.51709,0.243535,51200,107655294,791,65536,0,0,0,0
2150,16.398,15.289,7.976715,8.000488,-0.023774,8.000488,8.001343,-0.024628,2072.4303,0.0,0.951747,171.0152,0.236309,0.511348,0.252344,51200,106108429,772,65536,0,0,0,0
2200,16.775,15.641,7.976685,8.000488,-0.023804,8.000488,8.001221,-0.024536,2070.1037,0.0,0.952095,174.7308,0.235469,0.502734,0.261797,51200,105989311,746,65536,0,0,0,0
2250,17.152,15.992,7.976633,8.000488,-0.023855,8.000488,8.000732,-0.024099,2068.5329,0.0,0.952041,165.469,0.235156,0.50168,0.263164,51200,105908887,779,65536,0,0,0,0
2300,17.537,16.352,7.976966,8.000488,-0.023522,8.000488,8.00061,-0.023644,2085.279,0.0,0.952229,157.5003,0.237285,0.505645,0.25707,51200,106766284,789,65536,0,0,0,0
2350,17.928,16.719,7.977109,8.000488,-0.02338,8.000488,8.000977,-0.023868,2152.9245,0.0,0.953751,163.809,0.245762,0.501094,0.253145,51200,110229732,762,65536,0,0,0,0
2400,18.313,17.08,7.976251,8.000488,-0.024238,8.000488,7.999512,-0.023261,2129.0718,0.0,0.953189,168.6004,0.243184,0.505898,0.250918,51200,109008478,772,65536,0,0,0,0
2450,18.732,17.474,7.975842,8.000488,-0.024646,8.000488,7.99939,-0.023548,2106.5009,0.0,0.952505,168.0481,0.241172,0.510605,0.248223,51200,107852846,759,65536,0,0,0,0
2500,19.162,17.873,7.976095,8.000488,-0.024393,8.000488,7.999146,-0.023051,2099.4492,0.0,0.952522,164.5815,0.240703,0.506836,0.252461,51200,107491797,767,65536,0,0,0,0
2550,19.557,18.242,7.976255,8.000488,-0.024234,8.000488,7.999756,-0.023501,2083.3509,0.0,0.952051,162.5755,0.238477,0.505977,0.255547,51200,106667565,792,65536,0,0,0,0
2600,19.952,18.612,7.976457,8.000488,-0.024032,8.000488,7.999756,-0.023299,2097.5188,0.0,0.952514,164.9862,0.240332,0.501953,0.257715,51200,107392965,804,65536,0,0,0,0
2650,20.328,18.965,7.976257,8.000488,-0.024232,8.000488,8.000122,-0.023865,2058.7028,0.0,0.951978,164.0707,0.236562,0.494395,0.269043,51200,105405583,813,65536,0,0,0,0
2700,20.707,19.319,7.977018,8.000488,-0.023471,8.000488,8.000732,-0.023715,1971.0402,0.0,0.949941,152.0141,0.226133,0.49623,0.277637,51200,100917258,771,65536,0,0,0,0
2750,21.075,19.663,7.976267,8.000488,-0.024221,8.000488,7.999756,-0.023489,1995.9527,0.0,0.950417,152.6438,0.228594,0.497754,0.273652,51200,102192776,789,65536,0,0,0,0
2800,21.491,20.054,7.976064,8.000488,-0.024424,8.000488,7.999512,-0.023448,2054.1093,0.0,0.95207,154.8879,0.23541,0.487832,0.276758,51200,105170396,794,65536,0,0,0,0
2850,21.864,20.401,7.975983,8.000488,-0.024505,8.000488,8.000244,-0.024261,2027.9165,0.0,0.951525,156.8683,0.230703,0.48998,0.279316,51200,103829326,790,65536,0,0,0,0
2900,22.232,20.745,7.975531,8.000488,-0.024957,8.000488,7.999634,-0.024103,2003.813,0.0,0.951062,150.5862,0.226328,0.486113,0.287559,51200,102595226,765,65536,0,0,0,0
2950,22.6,21.089,7.975772,8.000488,-0.024716,8.000488,7.999512,-0.023739,2021.9426,0.0,0.95129,152.9155,0.228145,0.494922,0.276934,51200,103523462,771,65536,0,0,0,0
3000,22.975,21.44,7.974759,8.000488,-0.025729,8.000488,7.99939,-0.024631,2080.0243,0.0,0.952927,158.3086,0.236523,0.490098,0.273379,51200,106497244,774,65536,0,0,0,0
3050,23.354,21.795,7.975362,8.000488,-0.025127,8.000488,7.999878,-0.024516,2031.96,0.0,0.9518,154.0351,0.231074,0.491387,0.277539,51200,104036353,801,65536,0,0,0,0
3100,23.729,22.145,7.975302,8.000488,-0.025186,8.000488,7.999634,-0.024332,2053.1577,0.0,0.952405,166.352,0.234473,0.489199,0.276328,51200,105121672,734,65536,0,0,0,0
3150,24.104,22.494,7.975124,8.000488,-0.025364,8.000488,7.999512,-0.024388,2042.5981,0.0,0.952074,162.3908,0.232598,0.488633,0.27877,51200,104581023,762,65536,0,0,0,0
3200,24.473,22.839,7.975688,8.000488,-0.0248,8.000488,8.000366,-0.024678,2012.149,0.0,0.95139,162.4244,0.228398,0.489824,0.281777,51200,103022027,800,65536,0,0,0,0
3250,24.838,23.181,7.976014,8.000488,-0.024474,8.000488,7.999634,-0.02362,2002.9592,0.0,0.950914,157.5779,0.226738,0.496152,0.277109,51200,102551513,741,65536,0,0,0,0
3300,25.198,23.516,7.975999,8.000488,-0.024489,8.000488,8.000244,-0.024245,1958.0794,0.0,0.949678,155.6573,0.221113,0.502148,0.276738,51200,100253667,789,65536,0,0,0,0
3350,25.556,23.849,7.976471,8.000488,-0.024018,8.000488,8.000488,-0.024018,1943.9915,0.0,0.949392,159.9129,0.219375,0.501602,0.279023,51200,99532365,807,65536,0,0,0,0
3400,25.914,24.183,7.976386,8.000488,-0.024102,8.000488,8.000244,-0.023858,1954.4529,0.0,0.949597,157.5891,0.220605,0.498398,0.280996,51200,100067986,760,65536,0,0,0,0
3450,26.275,24.52,7.975792,8.000488,-0.024697,8.000488,7.999878,-0.024086,1966.6991,0.0,0.949804,156.9443,0.221035,0.496152,0.282812,51200,100694994,779,65536,0,0,0,0
3500,26.632,24.853,7.976204,8.000488,-0.024284,8.000488,7.999756,-0.023552,1940.0088,0.0,0.94885,150.2604,0.218262,0.501875,0.279863,51200,99328449,712,65536,0,0,0,0
3550,26.996,25.193,7.975846,8.000488,-0.024643,8.000488,8.000122,-0.024276,1998.9386,0.0,0.950152,153.9577,0.225195,0.503496,0.271309,51200,102345655,804,65536,0,0,0,0
3600,27.363,25.536,7.975615,8.000488,-0.024874,8.000488,8.0,-0.024385,1994.7776,0.0,0.950105,155.763,0.224551,0.506211,0.269238,51200,102132612,714,65536,0,0,0,0
3650,27.731,25.879,7.975724,8.000488,-0.024764,8.000488,7.999756,-0.024032,1967.6894,0.0,0.94914,150.6128,0.221562,0.513359,0.265078,51200,100745699,767,65536,0,0,0,0
3700,28.094,26.217,7.976189,8.000488,-0.0243,8.000488,8.000244,-0.024056,1968.2468,0.0,0.949298,149.7397,0.221406,0.504961,0.273633,51200,100774238,809,65536,0,0,0,0
3750,28.462,26.559,7.975789,8.000488,-0.0247,8.000488,8.000122,-0.024333,1990.1053,0.0,0.950005,153.7871,0.224746,0.502715,0.272539,51200,101893392,813,65536,0,0,0,0
3800,28.835,26.908,7.975596,8.000488,-0.024892,8.000488,8.000122,-0.024526,2020.8902,0.0,0.950768,156.737,0.228535,0.495801,0.275664,51200,103469577,791,65536,0,0,0,0
3850,29.199,27.246,7.975561,8.000488,-0.024928,8.000488,8.000244,-0.024684,1964.2285,0.0,0.949356,144.134,0.223047,0.503008,0.273945,51200,100568499,776,65536,0,0,0,0
3900,29.563,27.586,7.975265,8.000488,-0.025224,8.000488,8.0,-0.024735,1987.7035,0.0,0.949855,141.5524,0.22416,0.503984,0.271855,51200,101770419,787,65536,0,0,0,0
3950,29.924,27.92,7.97538,8.000488,-0.025109,8.000488,8.000488,-0.025109,1972.6086,0.0,0.949643,136.722,0.223027,0.499297,0.277676,51200,100997561,813,65536,0,0,0,0
4000,30.291,28.263,7.975,8.000488,-0.025488,8.000488,8.000366,-0.025366,1981.2168,0.0,0.949826,146.7993,0.222402,0.500762,0.276836,51200,101438298,744,65536,0,0,0,0
4050,30.675,28.62,7.975455,8.000488,-0.025033,8.000488,8.000366,-0.024911,1989.6433,0.0,0.950037,138.4932,0.224023,0.500332,0.275645,51200,101869739,837,65536,0,0,0,0
4100,31.047,28.968,7.975853,8.000488,-0.024635,8.000488,8.000977,-0.025123,1983.5819,0.0,0.949699,134.5146,0.222539,0.501621,0.27584,51200,101559393,800,65536,0,0,0,0
4150,31.41,29.307,7.975984,8.000488,-0.024504,8.000488,8.000732,-0.024748,1976.9823,0.0,0.94955,132.3076,0.221719,0.502617,0.275664,51200,101221496,806,65536,0,0,0,0
4200,31.77,29.643,7.975241,8.000488,-0.025247,8.000488,8.00061,-0.025369,1956.9648,0.0,0.949197,134.8321,0.218652,0.506211,0.275137,51200,100196598,844,65536,0,0,0,0
4250,32.141,29.987,7.975003,8.000488,-0.025485,8.000488,8.000122,-0.025119,2002.3691,0.0,0.950368,144.2611,0.224375,0.502871,0.272754,51200,102521297,769,65536,0,0,0,0
4300,32.512,30.333,7.974561,8.000488,-0.025927,8.000488,7.999634,-0.025073,2005.694,0.0,0.950235,151.9682,0.223809,0.509746,0.266445,51200,102691534,811,65536,0,0,0,0
4350,32.882,30.678,7.974295,8.000488,-0.026193,8.000488,7.999023,-0.024729,2009.1883,0.0,0.950186,157.1842,0.222109,0.515332,0.262559,51200,102870443,785,65536,0,0,0,0
4400,33.253,31.025,7.974857,8.000488,-0.025632,8.000488,7.999512,-0.024655,2023.141,0.0,0.950535,154.4885,0.222578,0.514375,0.263047,51200,103584817,809,65536,0,0,0,0
4450,33.623,31.371,7.974456,8.000488,-0.026033,8.000488,7.99939,-0.024934,2006.5405,0.0,0.949993,153.0245,0.22166,0.516563,0.261777,51200,102734875,776,65536,0,0,0,0
4500,34.001,31.724,7.975522,8.000488,-0.024966,8.000488,7.999512,-0.023989,2018.796,0.0,0.950261,155.5012,0.224727,0.518184,0.25709,51200,103362353,778,65536,0,0,0,0
4550,34.379,32.077,7.97481,8.000488,-0.025678,8.000488,7.99939,-0.02458,2015.3356,0.0,0.950321,159.6212,0.223652,0.513789,0.262559,51200,103185181,747,65536,0,0,0,0
4600,34.743,32.417,7.974442,8.000488,-0.026046,8.000488,7.999146,-0.024703,1956.5639,0.0,0.948897,151.7438,0.216973,0.514297,0.26873,51200,100176071,792,65536,0,0,0,0
4650,35.109,32.758,7.974746,8.000488,-0.025742,8.000488,7.999268,-0.024521,1945.3862,0.0,0.948473,155.0494,0.215645,0.518086,0.26627,51200,99603773,772,65536,0,0,0,0
4700,35.469,33.093,7.97528,8.000488,-0.025208,8.000488,7.999756,-0.024476,1939.9187,0.0,0.948244,152.2851,0.214668,0.517793,0.267539,51200,99323839,750,65536,0,0,0,0
4750,35.835,33.435,7.975189,8.000488,-0.0253,8.000488,7.999634,-0.024445,1975.4365,0.0,0.94971,156.4504,0.219395,0.503809,0.276797,51200,101142347,799,65536,0,0,0,0
4800,36.21,33.784,7.975188,8.000488,-0.025301,8.000488,7.999634,-0.024446,1962.8219,0.0,0.949574,159.8978,0.218379,0.501289,0.280332,51200,100496480,827,65536,0,0,0,0
4850,36.596,34.146,7.974798,8.000488,-0.025691,8.000488,7.99939,-0.024592,2021.6082,0.0,0.951044,164.9824,0.226816,0.493262,0.279922,51200,103506342,816,65536,0,0,0,0
4900,36.966,34.492,7.974997,8.000488,-0.025491,8.000488,7.999512,-0.024514,2021.2736,0.0,0.951125,160.4058,0.226875,0.489707,0.283418,51200,103489208,815,65536,0,0,0,0
4950,37.335,34.836,7.974709,8.000488,-0.025779,8.000488,7.999512,-0.024802,1986.6506,0.0,0.950291,155.3542,0.223496,0.494395,0.282109,51200,101716509,747,65536,0,0,0,0
5000,37.704,35.18,7.975151,8.000488,-0.025337,8.000488,7.999878,-0.024727,2038.9581,0.0,0.951499,151.8718,0.229922,0.492988,0.27709,51200,104394653,793,65536,0,0,0,0
5050,38.065,35.517,7.974807,8.000488,-0.025681,8.000488,7.999023,-0.024216,1963.1371,0.0,0.949663,151.9191,0.220566,0.495645,0.283789,51200,100512619,754,65536,0,0,0,0
5100,38.425,35.852,7.976007,8.000488,-0.024481,8.000488,8.000244,-0.024237,1937.013,0.0,0.948992,159.8018,0.217227,0.494375,0.288398,51200,99175064,786,65536,0,0,0,0
5150,38.781,36.184,7.977629,8.000488,-0.02286,8.000488,8.001831,-0.024202,1927.0387,0.0,0.948789,168.6982,0.216621,0.488828,0.294551,51200,98664383,810,65536,0,0,0,0
5200,39.136,36.515,7.977632,8.000488,-0.022856,8.000488,8.001221,-0.023589,1924.9861,0.0,0.948885,161.8234,0.216719,0.49625,0.287031,51200,98559288,781,65536,0,0,0,0
5250,39.494,36.847,7.976184,8.000488,-0.024304,8.000488,8.000122,-0.023938,1910.9059,0.0,0.948245,162.4287,0.214844,0.500547,0.284609,51200,97838383,782,65536,0,0,0,0
5300,39.869,37.189,7.975921,8.000488,-0.024568,8.000488,7.999756,-0.023835,1947.078,0.0,0.948967,163.8787,0.216699,0.502754,0.280547,51200,99690392,769,65536,0,0,0,0
5350,40.25,37.546,7.975957,8.000488,-0.024531,8.000488,7.999878,-0.023921,1986.8072,0.0,0.950073,167.5746,0.22043,0.497949,0.281621,51200,101724531,825,65536,0,0,0,0
5400,40.643,37.915,7.975863,8.000488,-0.024625,8.000488,7.999756,-0.023893,2006.4762,0.0,0.950732,170.7406,0.223262,0.495234,0.281504,51200,102731584,822,65536,0,0,0,0
5450,41.01,38.257,7.975442,8.000488,-0.025046,8.000488,7.999756,-0.024314,1993.8039,0.0,0.950172,162.1375,0.221914,0.501387,0.276699,51200,102082760,791,65536,0,0,0,0
5500,41.382,38.605,7.975248,8.000488,-0.025241,8.000488,7.998291,-0.023043,2025.1431,0.0,0.951121,161.7806,0.225918,0.495059,0.279023,51200,103687329,765,65536,0,0,0,0
5550,41.751,38.949,7.975305,8.000488,-0.025183,8.000488,7.998535,-0.02323,2005.1324,0.0,0.950609,167.4646,0.223555,0.496465,0.27998,51200,102662780,803,65536,0,0,0,0
5600,42.122,39.294,7.975337,8.000488,-0.025151,8.000488,7.999023,-0.023686,2004.127,0.0,0.950596,164.2673,0.224727,0.494297,0.280977,51200,102611302,803,65536,0,0,0,0
5650,42.496,39.643,7.975621,8.000488,-0.024868,8.000488,7.99939,-0.023769,2011.7611,0.0,0.950998,161.8856,0.224941,0.488613,0.286445,51200,103002169,764,65536,0,0,0,0
5700,42.873,39.995,7.976203,8.000488,-0.024285,8.000488,8.0,-0.023797,2014.0079,0.0,0.950959,157.0196,0.225137,0.48666,0.288203,51200,103117202,826,65536,0,0,0,0
5750,43.248,40.344,7.975888,8.000488,-0.0246,8.000488,8.000244,-0.024356,2012.5651,0.0,0.950897,154.1105,0.225312,0.489102,0.285586,51200,103043331,756,65536,0,0,0,0
5800,43.622,40.693,7.976167,8.000488,-0.024322,8.000488,8.000488,-0.024322,2050.3793,0.0,0.951858,159.7583,0.230156,0.487539,0.282305,51200,104979418,781,65536,0,0,0,0
5850,43.995,41.042,7.975894,8.000488,-0.024594,8.000488,8.000732,-0.024839,2058.8786,0.0,0.952203,156.0179,0.230645,0.485254,0.284102,51200,105414585,825,65536,0,0,0,0
5900,44.37,41.393,7.976482,8.000488,-0.024006,8.000488,8.000977,-0.024494,2087.9742,0.0,0.952825,151.0853,0.234531,0.481934,0.283535,51200,106904278,834,65536,0,0,0,0
5950,44.731,41.729,7.976476,8.000488,-0.024012,8.000488,8.001221,-0.024745,1982.5144,0.0,0.950504,145.6138,0.221934,0.485488,0.292578,51200,101504739,764,65536,0,0,0,0
6000,45.086,42.061,7.9764,8.000488,-0.024088,8.000488,8.000854,-0.024455,1948.2467,0.0,0.949536,139.2238,0.217031,0.488477,0.294492,51200,99750233,839,65536,0,0,0,0
6050,45.442,42.392,7.975672,8.000488,-0.024817,8.000488,7.999878,-0.024206,1952.0055,0.0,0.949609,139.4365,0.216934,0.488145,0.294922,51200,99942681,802,65536,0,0,0,0
6100,45.799,42.724,7.975684,8.000488,-0.024804,8.000488,7.999878,-0.024194,1952.8905,0.0,0.949664,138.5275,0.216934,0.489277,0.293789,51200,99987994,847,65536,0,0,0,0
6150,46.159,43.059,7.975828,8.000488,-0.02466,8.000488,8.000244,-0.024416,1976.5695,0.0,0.950006,137.5638,0.21918,0.493145,0.287676,51200,101200356,811,65536,0,0,0,0
6200,46.525,43.402,7.97631,8.000488,-0.024178,8.000488,8.000366,-0.024056,2026.9631,0.0,0.951311,138.4656,0.226309,0.48707,0.286621,51200,103780513,818,65536,0,0,0,0
6250,46.893,43.745,7.975915,8.000488,-0.024574,8.000488,8.0,-0.024085,2038.4272,0.0,0.951569,141.6787,0.229453,0.488125,0.282422,51200,104367475,778,65536,0,0,0,0
6300,47.262,44.09,7.975915,8.000488,-0.024573,8.000488,8.0,-0.024085,2050.6533,0.0,0.951607,139.1184,0.22748,0.492207,0.280312,51200,104993447,789,65536,0,0,0,0
6350,47.643,44.446,7.975672,8.000488,-0.024816,8.000488,7.999878,-0.024206,2049.7362,0.0,0.951795,142.2179,0.230488,0.489473,0.280039,51200,104946491,746,65536,0,0,0,0
6400,48.018,44.797,7.976428,8.000488,-0.02406,8.000488,8.000854,-0.024427,2081.4398,0.0,0.952462,156.2003,0.234531,0.489277,0.276191,51200,106569717,824,65536,0,0,0,0
6450,48.399,45.152,7.977017,8.000488,-0.023471,8.000488,8.000977,-0.02396,2052.2135,0.0,0.951775,153.4982,0.230586,0.489902,0.279512,51200,105073329,775,65536,0,0,0,0
6500,48.775,45.503,7.977222,8.000488,-0.023267,8.000488,8.000122,-0.0229,2031.3484,0.0,0.951261,159.3084,0.228457,0.491152,0.280391,51200,104005038,748,65536,0,0,0,0
6550,49.152,45.856,7.976272,8.000488,-0.024217,8.000488,7.999512,-0.02324,2056.9011,0.0,0.951586,161.1257,0.231484,0.498418,0.270098,51200,105313335,738,65536,0,0,0,0
6600,49.566,46.243,7.974738,8.000488,-0.02575,8.000488,7.999146,-0.024407,2056.5045,0.0,0.951471,158.9297,0.231348,0.499785,0.268867,51200,105293028,812,65536,0,0,0,0
6650,49.936,46.587,7.975688,8.000488,-0.0248,8.000488,7.99939,-0.023702,2003.5432,0.0,0.950306,154.2622,0.225273,0.502852,0.271875,51200,102581410,783,65536,0,0,0,0
6700,50.309,46.936,7.976344,8.000488,-0.024144,8.000488,8.000244,-0.0239,2042.457,0.0,0.951427,155.9035,0.231191,0.49627,0.272539,51200,104573800,831,65536,0,0,0,0
6750,50.693,47.294,7.976571,8.000488,-0.023917,8.000488,8.000488,-0.023917,2017.087,0.0,0.950959,155.3813,0.22793,0.494355,0.277715,51200,103274856,832,65536,0,0,0,0
6800,51.063,47.64,7.975681,8.000488,-0.024807,8.000488,7.99939,-0.023708,2015.0946,0.0,0.95054,159.3524,0.228105,0.501016,0.270879,51200,103172841,792,65536,0,0,0,0
6850,51.458,48.01,7.975227,8.000488,-0.025261,8.000488,7.999146,-0.023919,2051.3235,0.0,0.951131,172.1325,0.231562,0.504727,0.263711,51200,105027762,784,65536,0,0,0,0
6900,51.846,48.374,7.975684,8.000488,-0.024804,8.000488,7.999878,-0.024194,2029.9389,0.0,0.950707,179.4061,0.228516,0.503105,0.268379,51200,103932871,749,65536,0,0,0,0
6950,52.231,48.733,7.975523,8.000488,-0.024965,8.000488,7.999878,-0.024354,1992.1425,0.0,0.949852,181.0437,0.223984,0.506973,0.269043,51200,101997694,775,65536,0,0,0,0
7000,52.603,49.081,7.975814,8.000488,-0.024674,8.000488,8.0,-0.024186,2001.7457,0.0,0.950041,188.7829,0.224766,0.507617,0.267617,51200,102489379,800,65536,0,0,0,0
7050,52.982,49.434,7.976159,8.000488,-0.024329,8.000488,8.000122,-0.023963,2013.3385,0.0,0.950598,193.9727,0.227109,0.50416,0.26873,51200,103082931,813,65536,0,0,0,0
7100,53.356,49.782,7.975624,8.000488,-0.024864,8.000488,7.99939,-0.023766,2016.7614,0.0,0.950344,172.493,0.227266,0.508125,0.264609,51200,103258182,759,65536,0,0,0,0
7150,53.731,50.134,7.97587,8.000488,-0.024619,8.000488,7.99939,-0.02352,2004.2127,0.0,0.950128,167.4679,0.225801,0.51248,0.261719,51200,102615691,807,65536,0,0,0,0
7200,54.109,50.487,7.975685,8.000488,-0.024803,8.000488,7.999023,-0.023338,2048.2413,0.0,0.951332,170.5004,0.231465,0.50543,0.263105,51200,104869956,776,65536,0,0,0,0
7250,54.488,50.841,7.97555,8.000488,-0.024938,8.000488,7.999512,-0.023962,2074.99,0.0,0.952212,171.8821,0.234785,0.497656,0.267559,51200,106239487,793,65536,0,0,0,0
7300,54.903,51.231,7.975846,8.000488,-0.024642,8.000488,7.999268,-0.023421,2060.9115,0.0,0.951787,167.1824,0.23332,0.502246,0.264434,51200,105518668,799,65536,0,0,0,0
7350,55.321,51.624,7.975965,8.000488,-0.024523,8.000488,7.999756,-0.023791,2024.5628,0.0,0.950926,162.8404,0.227754,0.503867,0.268379,51200,103657617,706,65536,0,0,0,0
7400,55.715,51.988,7.976228,8.000488,-0.02426,8.000488,8.000122,-0.023894,2036.9994,0.0,0.95116,152.0837,0.229531,0.502188,0.268281,51200,104294368,714,65536,0,0,0,0
7450,56.084,52.334,7.975571,8.000488,-0.024917,8.000488,8.000244,-0.024673,2002.5219,0.0,0.95042,154.5285,0.224863,0.503789,0.271348,51200,102529119,778,65536,0,0,0,0
7500,56.459,52.684,7.975411,8.000488,-0.025078,8.000488,7.999878,-0.024467,2049.4893,0.0,0.951537,169.0565,0.23,0.497871,0.272129,51200,104933851,805,65536,0,0,0,0
7550,56.833,53.034,7.97527,8.000488,-0.025219,8.000488,7.999268,-0.023998,2039.8325,0.0,0.951061,160.026,0.229512,0.503438,0.267051,51200,104439424,804,65536,0,0,0,0
7600,57.203,53.38,7.975694,8.000488,-0.024795,8.000488,8.000122,-0.024429,2018.7638,0.0,0.950579,162.1232,0.22666,0.506191,0.267148,51200,103360706,813,65536,0,0,0,0
7650,57.576,53.729,7.975876,8.000488,-0.024612,8.000488,8.00061,-0.024734,2033.5047,0.0,0.950889,168.7471,0.228516,0.509805,0.26168,51200,104115442,808,65536,0,0,0,0
7700,57.955,54.08,7.975963,8.000488,-0.024525,8.000488,7.999268,-0.023305,2029.761,0.0,0.951148,172.1345,0.227988,0.503047,0.268965,51200,103923765,801,65536,0,0,0,0
7750,58.332,54.433,7.976417,8.000488,-0.024071,8.000488,8.0,-0.023583,2015.5479,0.0,0.950442,170.8473,0.225215,0.513711,0.261074,51200,103196054,771,65536,0,0,0,0
7800,58.705,54.781,7.976313,8.000488,-0.024175,8.000488,8.000122,-0.023809,2011.8458,0.0,0.950799,178.461,0.223828,0.508613,0.267559,51200,103006507,826,65536,0,0,0,0
7850,59.087,55.137,7.976796,8.000488,-0.023692,8.000488,8.000854,-0.024059,2037.0047,0.0,0.951675,184.9629,0.226543,0.502207,0.27125,51200,104294641,799,65536,0,0,0,0
7900,59.469,55.494,7.977194,8.000488,-0.023294,8.000488,8.001221,-0.024027,2039.3786,0.0,0.951704,170.2639,0.227715,0.504102,0.268184,51200,104416182,792,65536,0,0,0,0
7950,59.842,55.843,7.976433,8.000488,-0.024055,8.000488,8.000732,-0.024299,2002.6199,0.0,0.95051,168.0532,0.222734,0.512148,0.265117,51200,102534139,778,65536,0,0,0,0
8000,60.216,56.192,7.976537,8.000488,-0.023952,8.000488,8.000977,-0.02444,2006.5085,0.0,0.950616,167.4609,0.222246,0.510938,0.266816,51200,102733234,826,65536,0,0,0,0
8050,60.585,56.536,7.977688,8.000488,-0.022801,8.000488,8.001709,-0.024021,1988.3784,0.0,0.95015,162.8774,0.221289,0.510801,0.26791,51200,101804975,749,65536,0,0,0,0
8100,60.957,56.884,7.977218,8.000488,-0.02327,8.000488,8.001465,-0.024247,1988.6339,0.0,0.949985,161.9794,0.221074,0.511875,0.267051,51200,101818055,758,65536,0,0,0,0
8150,61.338,57.24,7.977568,8.000488,-0.022921,8.000488,8.001099,-0.023531,2028.6598,0.0,0.95091,161.3493,0.224434,0.509668,0.265898,51200,103867380,774,65536,0,0,0,0
8200,61.715,57.593,7.977742,8.000488,-0.022746,8.000488,8.001953,-0.024211,2040.3152,0.0,0.951381,167.9081,0.225977,0.504687,0.269336,51200,104464137,785,65536,0,0,0,0
8250,62.091,57.945,7.977846,8.000488,-0.022643,8.000488,8.001953,-0.024108,2047.7322,0.0,0.951801,167.8185,0.228223,0.501309,0.270469,51200,104843889,784,65536,0,0,0,0
8300,62.474,58.303,7.977504,8.000488,-0.022984,8.000488,8.001099,-0.023595,2008.991,0.0,0.950715,162.5925,0.22209,0.504336,0.273574,51200,102860339,768,65536,0,0,0,0
8350,62.846,58.651,7.977308,8.000488,-0.02318,8.000488,8.001221,-0.023913,2014.0354,0.0,0.950682,164.0253,0.223281,0.506152,0.270566,51200,103118614,805,65536,0,0,0,0
8400,63.225,59.006,7.977378,8.000488,-0.023111,8.000488,8.001221,-0.023843,2058.5528,0.0,0.951914,182.0591,0.226484,0.499551,0.273965,51200,105397903,799,65536,0,0,0,0
8450,63.6,59.356,7.9768,8.000488,-0.023688,8.000488,8.00061,-0.02381,2006.7184,0.0,0.950553,178.3899,0.220879,0.504531,0.27459,51200,102743980,801,65536,0,0,0,0
8500,63.977,59.709,7.976565,8.000488,-0.023923,8.000488,8.000366,-0.023801,2047.3378,0.0,0.951382,175.8698,0.227383,0.501289,0.271328,51200,104823697,831,65536,0,0,0,0
8550,64.359,60.066,7.976234,8.000488,-0.024254,8.000488,8.000366,-0.024132,2078.6193,0.0,0.951871,186.6066,0.231172,0.50127,0.267559,51200,106425308,811,65536,0,0,0,0
8600,64.752,60.436,7.976185,8.000488,-0.024303,8.000488,8.000244,-0.024059,2119.5777,0.0,0.95321,194.2187,0.237402,0.493672,0.268926,51200,108522378,770,65536,0,0,0,0
8650,65.137,60.796,7.976627,8.000488,-0.023861,8.000488,8.00061,-0.023983,2096.7264,0.0,0.952824,186.5843,0.235938,0.492402,0.27166,51200,107352390,805,65536,0,0,0,0
8700,65.515,61.151,7.975926,8.000488,-0.024562,8.000488,8.000488,-0.024562,2057.9172,0.0,0.951863,188.3567,0.229688,0.494492,0.27582,51200,105365359,777,65536,0,0,0,0
8750,65.887,61.498,7.975052,8.000488,-0.025437,8.000488,7.998901,-0.02385,2013.6286,0.0,0.950655,185.0399,0.223398,0.494473,0.282129,51200,103097782,803,65536,0,0,0,0
8800,66.262,61.849,7.975692,8.000488,-0.024796,8.000488,7.999756,-0.024064,2020.8853,0.0,0.950847,191.0579,0.224805,0.496641,0.278555,51200,103469328,719,65536,0,0,0,0
8850,66.64,62.203,7.976424,8.000488,-0.024065,8.000488,8.000244,-0.02382,2014.9101,0.0,0.951062,187.3591,0.223242,0.495371,0.281387,51200,103163396,749,65536,0,0,0,0
8900,67.015,62.553,7.975535,8.000488,-0.024953,8.000488,7.999878,-0.024343,2010.8361,0.0,0.950818,190.452,0.223066,0.497305,0.279629,51200,102954809,754,65536,0,0,0,0
8950,67.388,62.901,7.976127,8.000488,-0.024361,8.000488,8.000366,-0.024239,1999.2529,0.0,0.950558,178.9867,0.221816,0.496035,0.282148,51200,102361751,760,65536,0,0,0,0
9000,67.767,63.256,7.976527,8.000488,-0.023961,8.000488,8.000488,-0.023961,2053.2941,0.0,0.952077,185.2346,0.22877,0.491309,0.279922,51200,105128656,770,65536,0,0,0,0
9050,68.145,63.61,7.976976,8.000488,-0.023512,8.000488,8.001343,-0.024367,2049.2638,0.0,0.951526,181.2089,0.228594,0.494375,0.277031,51200,104922309,790,65536,0,0,0,0
9100,68.523,63.963,7.977121,8.000488,-0.023367,8.000488,8.001221,-0.024099,2032.1508,0.0,0.951227,181.9629,0.227598,0.494531,0.277871,51200,104046120,725,65536,0,0,0,0
9150,68.901,64.316,7.976517,8.000488,-0.023971,8.000488,8.00061,-0.024093,2026.1365,0.0,0.950812,181.0811,0.226367,0.505059,0.268574,51200,103738189,796,65536,0,0,0,0
9200,69.28,64.671,7.976937,8.000488,-0.023551,8.000488,8.001221,-0.024284,2043.4063,0.0,0.951294,182.573,0.228398,0.498398,0.273203,51200,104622402,810,65536,0,0,0,0
9250,69.653,65.02,7.976877,8.000488,-0.023611,8.000488,8.001343,-0.024466,2032.4898,0.0,0.951091,186.4078,0.227109,0.498574,0.274316,51200,104063476,751,65536,0,0,0,0
9300,70.036,65.379,7.976656,8.000488,-0.023832,8.000488,8.001099,-0.024442,2049.4444,0.0,0.951744,190.8156,0.23002,0.491719,0.278262,51200,104931555,808,65536,0,0,0,0
9350,70.407,65.725,7.976503,8.000488,-0.023985,8.000488,8.000122,-0.023619,2029.6947,0.0,0.951257,182.0594,0.22791,0.497324,0.274766,51200,103920368,769,65536,0,0,0,0
9400,70.837,66.131,7.976007,8.000488,-0.024481,8.000488,8.000122,-0.024115,2063.2217,0.0,0.951936,190.969,0.231016,0.49873,0.270254,51200,105636951,793,65536,0,0,0,0
9450,71.22,66.49,7.97627,8.000488,-0.024219,8.000488,8.000854,-0.024585,2099.8086,0.0,0.952776,187.9617,0.236465,0.495059,0.268477,51200,107510198,853,65536,0,0,0,0
9500,71.609,66.855,7.975458,8.000488,-0.02503,8.000488,7.999756,-0.024298,2083.6254,0.0,0.952375,179.6203,0.233906,0.495039,0.271055,51200,106681619,726,65536,0,0,0,0
9550,71.977,67.199,7.975647,8.000488,-0.024842,8.000488,8.000366,-0.02472,2005.829,0.0,0.950321,174.2151,0.225098,0.50041,0.274492,51200,102698443,799,65536,0,0,0,0
9600,72.398,67.59,7.975903,8.000488,-0.024585,8.000488,8.000488,-0.024585,2010.8373,0.0,0.950481,178.0782,0.224395,0.499629,0.275977,51200,102954868,782,65536,0,0,0,0
9650,72.779,67.946,7.975555,8.000488,-0.024933,8.000488,8.00061,-0.025056,2035.65,0.0,0.951539,182.2117,0.230195,0.492129,0.277676,51200,104225278,808,65536,0,0,0,0
9700,73.153,68.297,7.975314,8.000488,-0.025175,8.000488,8.0,-0.024686,2055.2695,0.0,0.951852,195.792,0.232793,0.491328,0.275879,51200,105229796,774,65536,0,0,0,0
9750,73.552,68.671,7.974618,8.000488,-0.02587,8.000488,7.999512,-0.024893,2076.0783,0.0,0.952234,195.5382,0.235762,0.489902,0.274336,51200,106295207,788,65536,0,0,0,0
9800,73.924,69.019,7.974817,8.000488,-0.025671,8.000488,7.999634,-0.024817,2010.6654,0.0,0.950767,190.7239,0.227422,0.49082,0.281758,51200,102946070,794,65536,0,0,0,0
9850,74.317,69.38,7.97656,8.000488,-0.023928,8.000488,8.001099,-0.024538,1990.4769,0.0,0.950096,189.9693,0.224844,0.498926,0.27623,51200,101912419,742,65536,0,0,0,0
9900,74.716,69.754,7.977038,8.000488,-0.02345,8.000488,8.000977,-0.023939,1990.7326,0.0,0.949888,190.6413,0.225,0.503945,0.271055,51200,101925508,804,65536,0,0,0,0
9950,75.111,70.123,7.977031,8.000488,-0.023457,8.000488,8.000732,-0.023701,1974.447,0.0,0.949522,189.0583,0.222754,0.506348,0.270898,51200,101091685,800,65536,0,0,0,0
10000,75.497,70.483,7.97685,8.000488,-0.023639,8.000488,8.001099,-0.024249,2044.4955,0.0,0.951245,190.819,0.232051,0.500254,0.267695,51200,104678171,774,65536,0,0,0,0
10050,75.873,70.834,7.97658,8.000488,-0.023908,8.000488,8.000732,-0.024152,1976.991,0.0,0.949625,189.8948,0.224453,0.500801,0.274746,51200,101221938,815,65536,0,0,0,0
10100,76.265,71.201,7.97656,8.000488,-0.023928,8.000488,8.00061,-0.02405,2001.3155,0.0,0.95049,193.5373,0.227617,0.497793,0.27459,51200,102467355,781,65536,0,0,0,0
10150,76.673,71.585,7.976297,8.000488,-0.024192,8.000488,8.000244,-0.023947,1971.5267,0.0,0.949694,193.7506,0.224297,0.493965,0.281738,51200,100942169,813,65536,0,0,0,0
10200,77.041,71.929,7.976442,8.000488,-0.024046,8.000488,8.000244,-0.023802,1961.4608,0.0,0.949385,193.0174,0.22418,0.496426,0.279395,51200,100426791,762,65536,0,0,0,0
10250,77.453,72.317,7.975584,8.000488,-0.024904,8.000488,7.999268,-0.023684,1995.1093,0.0,0.950602,203.6648,0.227969,0.48877,0.283262,51200,102149597,783,65536,0,0,0,0
10300,77.826,72.665,7.975068,8.000488,-0.02542,8.000488,7.998901,-0.023834,2013.8177,0.0,0.951086,208.6137,0.231016,0.487168,0.281816,51200,103107466,768,65536,0,0,0,0
10350,78.201,73.016,7.976053,8.000488,-0.024435,8.000488,7.999512,-0.023459,2018.0224,0.0,0.950954,223.585,0.231562,0.488926,0.279512,51200,103322749,761,65536,0,0,0,0
10400,78.575,73.366,7.97582,8.000488,-0.024669,8.000488,7.999512,-0.023692,1999.2429,0.0,0.95061,225.8667,0.22918,0.487891,0.28293,51200,102361237,774,65536,0,0,0,0
10450,78.941,73.707,7.976081,8.000488,-0.024407,8.000488,7.999512,-0.02343,1969.5519,0.0,0.949751,212.117,0.224766,0.490312,0.284922,51200,100841059,820,65536,0,0,0,0
10500,79.304,74.047,7.976757,8.000488,-0.023731,8.000488,8.0,-0.023243,1942.665,0.0,0.949014,212.1282,0.221113,0.492949,0.285938,51200,99464450,752,65536,0,0,0,0
10550,79.662,74.381,7.976865,8.000488,-0.023623,8.000488,8.000122,-0.023257,1926.5796,0.0,0.948755,198.3893,0.218438,0.488867,0.292695,51200,98640876,765,65536,0,0,0,0
10600,80.017,74.712,7.976773,8.000488,-0.023715,8.000488,8.000244,-0.023471,1887.8308,0.0,0.947829,198.0181,0.214258,0.491055,0.294688,51200,96656936,824,65536,0,0,0,0
10650,80.363,75.034,7.976891,8.000488,-0.023597,8.000488,8.000488,-0.023597,1827.7525,0.0,0.945803,197.8244,0.206016,0.504258,0.289727,51200,93580930,800,65536,0,0,0,0
10700,80.716,75.362,7.97595,8.000488,-0.024538,8.000488,7.999878,-0.023927,1851.6034,0.0,0.946456,207.0335,0.208574,0.504902,0.286523,51200,94802093,788,65536,0,0,0,0
10750,81.081,75.702,7.97544,8.000488,-0.025049,8.000488,7.999146,-0.023706,1850.2198,0.0,0.946233,205.0715,0.20793,0.513379,0.278691,51200,94731254,781,65536,0,0,0,0
10800,81.438,76.035,7.976315,8.000488,-0.024174,8.000488,7.999756,-0.023441,1860.6001,0.0,0.946195,201.6153,0.208984,0.518574,0.272441,51200,95262724,788,65536,0,0,0,0
10850,81.832,76.405,7.978031,8.000488,-0.022457,8.000488,8.000854,-0.022823,1835.7132,0.0,0.945414,199.8644,0.20584,0.522832,0.271328,51200,93988518,786,65536,0,0,0,0
10900,82.202,76.751,7.976711,8.000488,-0.023777,8.000488,8.000488,-0.023777,1858.1826,0.0,0.946455,213.7451,0.209062,0.514883,0.276055,51200,95138948,800,65536,0,0,0,0
10950,82.572,77.097,7.976217,8.000488,-0.024271,8.000488,8.000122,-0.023905,1918.2018,0.0,0.948209,221.5975,0.21707,0.512734,0.270195,51200,98211933,767,65536,0,0,0,0
11000,82.928,77.428,7.976072,8.000488,-0.024416,8.000488,8.0,-0.023928,1855.1359,0.0,0.946572,210.4612,0.209453,0.51334,0.277207,51200,94982956,772,65536,0,0,0,0
11050,83.275,77.751,7.975397,8.000488,-0.025091,8.000488,7.999512,-0.024114,1802.908,0.0,0.945082,205.0538,0.202734,0.511309,0.285957,51200,92308891,766,65536,0,0,0,0
11100,83.622,78.073,7.974982,8.000488,-0.025506,8.000488,7.998901,-0.023919,1795.585,0.0,0.944728,199.6256,0.199531,0.513516,0.286953,51200,91933951,735,65536,0,0,0,0
11150,83.972,78.4,7.975836,8.000488,-0.024652,8.000488,7.999268,-0.023432,1832.9015,0.0,0.945704,192.7148,0.20457,0.514102,0.281328,51200,93844559,818,65536,0,0,0,0
11200,84.323,78.726,7.975392,8.000488,-0.025096,8.000488,7.999756,-0.024364,1822.4437,0.0,0.945482,196.8516,0.202441,0.514766,0.282793,51200,93309119,787,65536,0,0,0,0
11250,84.67,79.048,7.975714,8.000488,-0.024774,8.000488,7.999878,-0.024163,1812.746,0.0,0.944795,180.3684,0.200391,0.51791,0.281699,51200,92812597,807,65536,0,0,0,0
11300,85.022,79.376,7.97725,8.000488,-0.023238,8.000488,8.000488,-0.023238,1812.7076,0.0,0.944974,171.6929,0.201719,0.514238,0.284043,51200,92810631,812,65536,0,0,0,0
11350,85.378,79.708,7.976556,8.000488,-0.023933,8.000488,8.000488,-0.023933,1826.1664,0.0,0.945474,180.908,0.204863,0.512246,0.282891,51200,93499718,762,65536,0,0,0,0
11400,85.728,80.033,7.976629,8.000488,-0.023859,8.000488,8.000977,-0.024348,1828.7302,0.0,0.94555,173.5161,0.204844,0.50916,0.285996,51200,93630986,795,65536,0,0,0,0
11450,86.077,80.359,7.976455,8.000488,-0.024034,8.000488,8.001221,-0.024766,1785.2807,0.0,0.943917,171.8581,0.200215,0.514531,0.285254,51200,91406372,812,65536,0,0,0,0
11500,86.435,80.691,7.976271,8.000488,-0.024217,8.000488,8.000854,-0.024583,1802.6286,0.0,0.944777,183.3923,0.20252,0.507695,0.289785,51200,92294583,809,65536,0,0,0,0
11550,86.782,81.014,7.976998,8.000488,-0.02349,8.000488,8.001221,-0.024223,1813.17,0.0,0.945018,183.6021,0.203594,0.512461,0.283945,51200,92834303,792,65536,0,0,0,0
11600,87.13,81.338,7.976201,8.000488,-0.024288,8.000488,7.999634,-0.023433,1809.3344,0.0,0.945138,191.8848,0.202754,0.507168,0.290078,51200,92637919,778,65536,0,0,0,0
11650,87.49,81.674,7.976505,8.000488,-0.023983,8.000488,8.000488,-0.023983,1827.843,0.0,0.945588,203.7911,0.204043,0.507051,0.288906,51200,93585560,757,65536,0,0,0,0
11700,87.835,81.994,7.976344,8.000488,-0.024144,8.000488,8.000244,-0.0239,1805.7326,0.0,0.945043,194.3965,0.201445,0.505605,0.292949,51200,92453509,750,65536,0,0,0,0
11750,88.184,82.319,7.976749,8.000488,-0.02374,8.000488,8.00061,-0.023862,1827.9816,0.0,0.945561,203.2372,0.204121,0.506562,0.289316,51200,93592658,828,65536,0,0,0,0
11800,88.538,82.649,7.977365,8.000488,-0.023123,8.000488,8.001343,-0.023977,1839.6169,0.0,0.946055,211.9293,0.206152,0.505391,0.288457,51200,94188383,817,65536,0,0,0,0
11850,88.885,82.972,7.976642,8.000488,-0.023847,8.000488,8.000488,-0.023847,1822.029,0.0,0.945686,206.6095,0.205059,0.506699,0.288242,51200,93287887,781,65536,0,0,0,0
11900,89.236,83.299,7.976345,8.000488,-0.024143,8.000488,8.0,-0.023655,1825.8528,0.0,0.945809,212.0453,0.205176,0.503516,0.291309,51200,93483663,777,65536,0,0,0,0
11950,89.589,83.628,7.976938,8.000488,-0.02355,8.000488,8.001221,-0.024283,1853.4078,0.0,0.946869,216.7491,0.209043,0.499395,0.291562,51200,94894478,785,65536,0,0,0,0
12000,89.944,83.96,7.976601,8.000488,-0.023887,8.000488,8.00061,-0.024009,1876.8486,0.0,0.947674,213.0384,0.211895,0.490234,0.297871,51200,96094646,786,65536,0,0,0,0
12050,90.31,84.301,7.97615,8.000488,-0.024338,8.000488,8.000366,-0.024216,1920.7955,0.0,0.948916,214.2237,0.21625,0.485371,0.298379,51200,98344732,793,65536,0,0,0,0
12100,90.682,84.648,7.976474,8.000488,-0.024015,8.000488,8.000732,-0.024259,1967.323,0.0,0.94989,219.9505,0.222539,0.491191,0.28627,51200,100726937,770,65536,0,0,0,0
12150,91.052,84.994,7.975232,8.000488,-0.025256,8.000488,8.000122,-0.02489,1957.8774,0.0,0.949663,226.1065,0.222461,0.49084,0.286699,51200,100243322,792,65536,0,0,0,0
12200,91.428,85.345,7.97526,8.000488,-0.025228,8.000488,7.99939,-0.024129,1956.5136,0.0,0.949217,220.2076,0.220918,0.494531,0.284551,51200,100173496,787,65536,0,0,0,0
12250,91.816,85.708,7.974905,8.000488,-0.025583,8.000488,7.999023,-0.024119,1980.6305,0.0,0.950066,240.9836,0.224824,0.49457,0.280605,51200,101408282,773,65536,0,0,0,0
12300,92.191,86.059,7.975915,8.000488,-0.024573,8.000488,7.999756,-0.023841,1946.2604,0.0,0.949195,229.291,0.220332,0.493008,0.28666,51200,99648532,826,65536,0,0,0,0
12350,92.564,86.409,7.975138,8.000488,-0.02535,8.000488,7.999023,-0.023885,1969.6081,0.0,0.949377,240.4961,0.222656,0.498477,0.278867,51200,100843933,790,65536,0,0,0,0
12400,92.926,86.746,7.975994,8.000488,-0.024494,8.000488,7.999512,-0.023518,1919.2526,0.0,0.947909,223.0582,0.216367,0.505586,0.278047,51200,98265734,765,65536,0,0,0,0
12450,93.324,87.12,7.974687,8.000488,-0.025801,8.000488,7.998047,-0.023359,1917.3173,0.0,0.948013,228.5213,0.215957,0.504277,0.279766,51200,98166647,796,65536,0,0,0,0
12500,93.681,87.454,7.974863,8.000488,-0.025625,8.000488,7.998657,-0.023794,1878.75,0.0,0.94667,213.4852,0.209961,0.512363,0.277676,51200,96192000,800,65536,0,0,0,0
12550,94.045,87.793,7.975296,8.000488,-0.025193,8.000488,7.998779,-0.023484,1921.3952,0.0,0.947961,206.1071,0.215391,0.505273,0.279336,51200,98375434,795,65536,0,0,0,0
12600,94.4,88.125,7.975837,8.000488,-0.024651,8.000488,7.99939,-0.023553,1921.6654,0.0,0.94822,182.4508,0.215918,0.501797,0.282285,51200,98389267,767,65536,0,0,0,0
12650,94.755,88.456,7.975831,8.000488,-0.024657,8.000488,7.999634,-0.023802,1906.1208,0.0,0.947753,179.286,0.214238,0.505723,0.280039,51200,97593383,801,65536,0,0,0,0
12700,95.115,88.791,7.976455,8.000488,-0.024033,8.000488,7.999756,-0.023301,1920.5414,0.0,0.947916,180.4488,0.21627,0.510605,0.273125,51200,98331720,781,65536,0,0,0,0
12750,95.487,89.134,7.976174,8.000488,-0.024315,8.000488,8.0,-0.023826,1953.7884,0.0,0.948871,183.2331,0.220684,0.507305,0.272012,51200,100033966,764,65536,0,0,0,0
12800,95.854,89.477,7.976158,8.000488,-0.02433,8.000488,8.000244,-0.024086,1932.3499,0.0,0.948424,185.344,0.218145,0.507773,0.274082,51200,98936315,777,65536,0,0,0,0
12850,96.22,89.818,7.976066,8.000488,-0.024422,8.000488,7.999756,-0.02369,1955.226,0.0,0.949048,185.3926,0.219609,0.50627,0.274121,51200,100107570,748,65536,0,0,0,0
12900,96.589,90.163,7.97698,8.000488,-0.023508,8.000488,8.0,-0.02302,1969.6974,0.0,0.949285,189.4927,0.219082,0.506738,0.27418,51200,100848509,807,65536,0,0,0,0
12950,96.961,90.509,7.977429,8.000488,-0.023059,8.000488,8.000854,-0.023425,2000.2841,0.0,0.950034,193.3074,0.221836,0.501152,0.277012,51200,102414545,775,65536,0,0,0,0
13000,97.343,90.867,7.976756,8.000488,-0.023733,8.000488,8.000488,-0.023733,1984.4458,0.0,0.949813,215.215,0.219316,0.500859,0.279824,51200,101603623,754,65536,0,0,0,0
13050,97.736,91.234,7.976209,8.000488,-0.024279,8.000488,8.000488,-0.024279,2066.2279,0.0,0.951737,222.2866,0.229766,0.493809,0.276426,51200,105790871,764,65536,0,0,0,0
13100,98.122,91.596,7.975883,8.000488,-0.024606,8.000488,8.00061,-0.024728,2107.0743,0.0,0.953206,226.6186,0.234395,0.482461,0.283145,51200,107882203,765,65536,0,0,0,0
13150,98.526,91.968,7.975884,8.000488,-0.024604,8.000488,8.000488,-0.024604,2058.6471,0.0,0.952091,215.8788,0.228789,0.483867,0.287344,51200,105402729,788,65536,0,0,0,0
13200,98.951,92.368,7.975833,8.000488,-0.024656,8.000488,8.000366,-0.024534,2114.9389,0.0,0.953484,212.0874,0.236895,0.477734,0.285371,51200,108284871,790,65536,0,0,0,0
13250,99.362,92.753,7.975968,8.000488,-0.024521,8.000488,8.000244,-0.024277,2092.5127,0.0,0.952923,201.1607,0.235547,0.479766,0.284688,51200,107136650,859,65536,0,0,0,0
13300,99.772,93.139,7.975561,8.000488,-0.024927,8.000488,8.000488,-0.024927,2061.0636,0.0,0.952211,204.9,0.231836,0.486055,0.282109,51200,105526457,749,65536,0,0,0,0
13350,100.168,93.51,7.975325,8.000488,-0.025164,8.000488,8.000122,-0.024797,2045.5656,0.0,0.952005,195.8706,0.230078,0.487324,0.282598,51200,104732957,762,65536,0,0,0,0
13400,100.547,93.865,7.975096,8.000488,-0.025393,8.000488,7.999878,-0.024782,2045.0038,0.0,0.95224,194.821,0.230508,0.47875,0.290742,51200,104704197,813,65536,0,0,0,0
13450,100.925,94.218,7.975001,8.000488,-0.025488,8.000488,7.999878,-0.024877,2038.1661,0.0,0.952157,197.2266,0.229395,0.475078,0.295527,51200,104354102,815,65536,0,0,0,0
13500,101.317,94.586,7.974541,8.000488,-0.025947,8.000488,7.999634,-0.025092,2031.5889,0.0,0.95217,189.4629,0.22793,0.474258,0.297812,51200,104017351,772,65536,0,0,0,0
13550,101.688,94.933,7.974828,8.000488,-0.025661,8.000488,7.999146,-0.024318,1996.4182,0.0,0.951177,192.3195,0.221191,0.481973,0.296836,51200,102216612,769,65536,0,0,0,0
13600,102.069,95.288,7.974736,8.000488,-0.025752,8.000488,7.999878,-0.025142,2033.557,0.0,0.951693,192.8727,0.224844,0.48168,0.293477,51200,104118120,762,65536,0,0,0,0
13650,102.441,95.636,7.975391,8.000488,-0.025097,8.000488,8.000244,-0.024853,2016.4692,0.0,0.951495,186.3348,0.224785,0.476484,0.29873,51200,103243221,731,65536,0,0,0,0
13700,102.814,95.985,7.974743,8.000488,-0.025745,8.000488,7.999268,-0.024524,2041.4537,0.0,0.95182,192.0463,0.225156,0.483359,0.291484,51200,104522428,766,65536,0,0,0,0
13750,103.202,96.348,7.974287,8.000488,-0.026201,8.000488,7.999023,-0.024737,2049.8136,0.0,0.951939,193.3348,0.225957,0.487441,0.286602,51200,104950458,772,65536,0,0,0,0
13800,103.585,96.707,7.974857,8.000488,-0.025632,8.000488,8.0,-0.025143,2080.377,0.0,0.95278,190.5009,0.230449,0.481406,0.288145,51200,106515303,779,65536,0,0,0,0
13850,104.027,97.115,7.974828,8.000488,-0.025661,8.000488,8.000244,-0.025416,2094.7469,0.0,0.953213,191.295,0.233477,0.481113,0.28541,51200,107251039,806,65536,0,0,0,0
13900,104.406,97.469,7.974091,8.000488,-0.026397,8.000488,7.99939,-0.025298,2103.3753,0.0,0.95321,188.9158,0.233672,0.485449,0.280879,51200,107692814,862,65536,0,0,0,0
13950,104.778,97.817,7.974737,8.000488,-0.025752,8.000488,8.0,-0.025263,2056.8444,0.0,0.952169,187.4229,0.228633,0.482383,0.288984,51200,105310432,731,65536,0,0,0,0
14000,105.148,98.163,7.974981,8.000488,-0.025508,8.000488,8.000244,-0.025264,2045.98,0.0,0.952088,177.7479,0.22543,0.477148,0.297422,51200,104754176,794,65536,0,0,0,0
14050,105.565,98.556,7.975792,8.000488,-0.024696,8.000488,8.001587,-0.025795,2032.1185,0.0,0.951912,157.9816,0.224336,0.474082,0.301582,51200,104044469,765,65536,0,0,0,0
14100,105.944,98.909,7.976358,8.000488,-0.02413,8.000488,8.001831,-0.025473,2042.3562,0.0,0.951918,160.5417,0.224746,0.482656,0.292598,51200,104568635,783,65536,0,0,0,0
14150,106.311,99.25,7.976019,8.000488,-0.02447,8.000488,8.001099,-0.02508,1987.728,0.0,0.950831,154.9856,0.217109,0.477168,0.305723,51200,101771672,848,65536,0,0,0,0
14200,106.679,99.593,7.975835,8.000488,-0.024654,8.000488,8.00061,-0.024776,1993.0347,0.0,0.950984,155.6489,0.217344,0.476055,0.306602,51200,102043377,765,65536,0,0,0,0
14250,107.047,99.936,7.975063,8.000488,-0.025426,8.000488,7.999512,-0.024449,1959.3517,0.0,0.950261,151.8653,0.213555,0.472266,0.31418,51200,100318806,712,65536,0,0,0,0
14300,107.411,100.275,7.974362,8.000488,-0.026127,8.000488,7.99939,-0.025028,1973.235,0.0,0.950295,151.8218,0.216484,0.477441,0.306074,51200,101029634,794,65536,0,0,0,0
14350,107.772,100.611,7.973915,8.000488,-0.026573,8.000488,7.999023,-0.025108,1918.4146,0.0,0.949161,147.8527,0.210449,0.476289,0.313262,51200,98222825,812,65536,0,0,0,0
14400,108.128,100.943,7.974055,8.000488,-0.026433,8.000488,7.998413,-0.024358,1938.159,0.0,0.949617,141.6225,0.212617,0.476055,0.311328,51200,99233739,751,65536,0,0,0,0
14450,108.49,101.28,7.974089,8.000488,-0.026399,8.000488,7.998291,-0.024202,1969.2272,0.0,0.950678,143.9036,0.217109,0.469199,0.313691,51200,100824431,781,65536,0,0,0,0
14500,108.863,101.628,7.974006,8.000488,-0.026482,8.000488,7.998535,-0.024529,1950.8146,0.0,0.949757,138.7685,0.213008,0.473945,0.313047,51200,99881706,741,65536,0,0,0,0
14550,109.238,101.976,7.974052,8.000488,-0.026436,8.000488,7.998535,-0.024483,1959.4524,0.0,0.949885,137.0049,0.214922,0.477695,0.307383,51200,100323964,753,65536,0,0,0,0
14600,109.607,102.32,7.974601,8.000488,-0.025888,8.000488,7.998779,-0.024179,1951.5376,0.0,0.949375,137.1676,0.212812,0.484922,0.302266,51200,99918723,821,65536,0,0,0,0
14650,109.979,102.667,7.974549,8.000488,-0.025939,8.000488,7.999268,-0.024719,1985.6527,0.0,0.950373,135.611,0.217207,0.482246,0.300547,51200,101665416,812,65536,0,0,0,0
14700,110.348,103.012,7.974333,8.000488,-0.026155,8.000488,7.998901,-0.024568,1998.8761,0.0,0.950635,139.9747,0.219062,0.479805,0.301133,51200,102342458,807,65536,0,0,0,0
14750,110.72,103.359,7.974956,8.000488,-0.025533,8.000488,7.999023,-0.024068,1991.4627,0.0,0.950646,135.543,0.217617,0.476484,0.305898,51200,101962888,750,65536,0,0,0,0
14800,111.09,103.704,7.974997,8.000488,-0.025491,8.000488,7.999268,-0.02427,1984.1666,0.0,0.950363,145.6512,0.216133,0.473516,0.310352,51200,101589328,782,65536,0,0,0,0
14850,111.449,104.039,7.975032,8.000488,-0.025456,8.000488,7.999634,-0.024602,1932.8838,0.0,0.949085,138.3408,0.208906,0.47668,0.314414,51200,98963650,845,65536,0,0,0,0
14900,111.808,104.373,7.974264,8.000488,-0.026224,8.000488,7.998657,-0.024393,1916.9547,0.0,0.948632,125.5578,0.207402,0.474727,0.317871,51200,98148080,785,65536,0,0,0,0
14950,112.168,104.708,7.97435,8.000488,-0.026138,8.000488,7.99939,-0.02504,1882.7837,0.0,0.947748,125.7573,0.203555,0.478438,0.318008,51200,96398523,768,65536,0,0,0,0
15000,112.516,105.03,7.974223,8.000488,-0.026265,8.000488,7.998413,-0.02419,1843.8663,0.0,0.946696,123.0234,0.198496,0.484043,0.317461,51200,94405954,798,65536,0,0,0,0
15050,112.862,105.352,7.974226,8.000488,-0.026262,8.000488,7.999756,-0.02553,1843.2471,0.0,0.94652,119.2576,0.198613,0.484102,0.317285,51200,94374253,776,65536,0,0,0,0
15100,113.219,105.682,7.974368,8.000488,-0.02612,8.000488,7.998779,-0.024411,1874.3234,0.0,0.947098,121.4378,0.200957,0.488242,0.310801,51200,95965360,826,65536,0,0,0,0
15150,113.567,106.006,7.975108,8.000488,-0.025381,8.000488,8.000122,-0.025014,1871.0747,0.0,0.947325,122.4038,0.201777,0.485234,0.312988,51200,95799027,785,65536,0,0,0,0
15200,113.925,106.338,7.974626,8.000488,-0.025862,8.000488,7.99939,-0.024764,1921.0158,0.0,0.948645,131.0423,0.208027,0.485234,0.306738,51200,98356010,787,65536,0,0,0,0
15250,114.278,106.666,7.974941,8.000488,-0.025547,8.000488,7.99939,-0.024449,1905.3559,0.0,0.948325,131.662,0.206113,0.486504,0.307383,51200,97554223,806,65536,0,0,0,0
15300,114.627,106.991,7.975033,8.000488,-0.025455,8.000488,7.999878,-0.024845,1880.0497,0.0,0.947532,136.0039,0.202656,0.488848,0.308496,51200,96258544,796,65536,0,0,0,0
15350,114.975,107.313,7.975003,8.000488,-0.025485,8.000488,7.998535,-0.023532,1868.6772,0.0,0.947557,133.3659,0.204727,0.483594,0.31168,51200,95676271,789,65536,0,0,0,0
15400,115.366,107.681,7.975767,8.000488,-0.024721,8.000488,7.999512,-0.023745,1860.9471,0.0,0.947479,138.4852,0.20377,0.480918,0.315312,51200,95280493,791,65536,0,0,0,0
15450,115.719,108.008,7.975649,8.000488,-0.02484,8.000488,7.999268,-0.023619,1900.8471,0.0,0.9484,143.8732,0.209258,0.478105,0.312637,51200,97323370,757,65536,0,0,0,0
15500,116.073,108.337,7.97484,8.000488,-0.025648,8.000488,7.998413,-0.023573,1906.9734,0.0,0.948741,139.0253,0.21125,0.472832,0.315918,51200,97637037,765,65536,0,0,0,0
15550,116.435,108.675,7.975621,8.000488,-0.024867,8.000488,7.99939,-0.023769,1903.3116,0.0,0.948886,136.4731,0.209473,0.474492,0.316035,51200,97449555,795,65536,0,0,0,0
15600,116.787,109.002,7.975815,8.000488,-0.024673,8.000488,7.999634,-0.023819,1885.4958,0.0,0.948496,133.6768,0.20752,0.470449,0.322031,51200,96537383,798,65536,0,0,0,0
15650,117.167,109.357,7.975808,8.000488,-0.024681,8.000488,7.999878,-0.02407,1921.4199,0.0,0.949369,133.492,0.210918,0.46918,0.319902,51200,98376699,815,65536,0,0,0,0
15700,117.524,109.688,7.97504,8.000488,-0.025448,8.000488,7.99939,-0.024349,1878.4151,0.0,0.948275,141.1007,0.206016,0.47373,0.320254,51200,96174855,731,65536,0,0,0,0
15750,117.88,110.019,7.97517,8.000488,-0.025318,8.000488,7.999268,-0.024098,1880.6989,0.0,0.948517,143.9406,0.207754,0.468535,0.323711,51200,96291785,808,65536,0,0,0,0
15800,118.248,110.364,7.97519,8.000488,-0.025298,8.000488,7.999756,-0.024566,1881.9729,0.0,0.948909,142.0629,0.208203,0.461914,0.329883,51200,96357014,743,65536,0,0,0,0
15850,118.593,110.683,7.975474,8.000488,-0.025015,8.000488,7.999756,-0.024282,1828.0902,0.0,0.947461,141.097,0.201133,0.468652,0.330215,51200,93598219,809,65536,0,0,0,0
15900,118.944,111.009,7.976019,8.000488,-0.024469,8.000488,8.000366,-0.024347,1834.7599,0.0,0.947868,147.4061,0.203242,0.462441,0.334316,51200,93939705,733,65536,0,0,0,0
15950,119.288,111.329,7.975317,8.000488,-0.025171,8.000488,8.0,-0.024683,1832.2889,0.0,0.947804,151.9255,0.203398,0.463535,0.333066,51200,93813190,828,65536,0,0,0,0
16000,119.65,111.667,7.9748,8.000488,-0.025688,8.000488,7.999512,-0.024712,1861.055,0.0,0.948458,145.398,0.20748,0.460938,0.331582,51200,95286017,751,65536,0,0,0,0
16050,119.994,111.987,7.975041,8.000488,-0.025447,8.000488,8.0,-0.024959,1829.9856,0.0,0.947773,148.5435,0.203652,0.459062,0.337285,51200,93695261,722,65536,0,0,0,0
16100,120.342,112.311,7.975477,8.000488,-0.025012,8.000488,8.000122,-0.024645,1837.4463,0.0,0.947931,152.6637,0.203984,0.463887,0.332129,51200,94077253,829,65536,0,0,0,0
16150,120.714,112.658,7.975224,8.000488,-0.025264,8.000488,7.999756,-0.024532,1842.8964,0.0,0.948125,154.9273,0.204688,0.461055,0.334258,51200,94356296,789,65536,0,0,0,0
16200,121.075,112.995,7.974399,8.000488,-0.026089,8.000488,7.999634,-0.025234,1865.5499,0.0,0.948727,151.9163,0.207812,0.457422,0.334766,51200,95516157,854,65536,0,0,0,0
16250,121.426,113.321,7.974657,8.000488,-0.025832,8.000488,7.999756,-0.025099,1850.457,0.0,0.948174,150.2617,0.205547,0.463047,0.331406,51200,94743399,769,65536,0,0,0,0
16300,121.77,113.641,7.974614,8.000488,-0.025874,8.000488,8.000122,-0.025508,1838.8136,0.0,0.948112,146.9332,0.203027,0.458828,0.338145,51200,94147255,735,65536,0,0,0,0
16350,122.112,113.96,7.975183,8.000488,-0.025305,8.000488,8.000244,-0.025061,1833.1844,0.0,0.948141,145.2761,0.203496,0.460703,0.335801,51200,93859042,806,65536,0,0,0,0
16400,122.46,114.283,7.975961,8.000488,-0.024527,8.000488,8.00061,-0.024649,1846.8016,0.0,0.9484,159.759,0.206445,0.460684,0.332871,51200,94556244,818,65536,0,0,0,0
16450,122.811,114.61,7.975727,8.000488,-0.024761,8.000488,8.000122,-0.024395,1880.1477,0.0,0.94942,159.8746,0.210977,0.460566,0.328457,51200,96263563,778,65536,0,0,0,0
16500,123.167,114.941,7.976222,8.000488,-0.024267,8.000488,8.000122,-0.023901,1894.0478,0.0,0.949542,162.5879,0.21334,0.462617,0.324043,51200,96975246,769,65536,0,0,0,0
16550,123.518,115.269,7.975715,8.000488,-0.024773,8.000488,7.999878,-0.024163,1885.1467,0.0,0.949174,154.4925,0.211582,0.464102,0.324316,51200,96519509,768,65536,0,0,0,0
16600,123.921,115.647,7.976054,8.000488,-0.024434,8.000488,8.000244,-0.02419,1911.7837,0.0,0.950027,154.3273,0.213867,0.460508,0.325625,51200,97883323,824,65536,0,0,0,0
16650,124.281,115.982,7.975713,8.000488,-0.024776,8.000488,7.999878,-0.024165,1886.7133,0.0,0.949448,149.5765,0.211152,0.45877,0.330078,51200,96599722,769,65536,0,0,0,0
16700,124.638,116.313,7.975475,8.000488,-0.025013,8.000488,7.999756,-0.02428,1882.6421,0.0,0.949368,154.005,0.210332,0.458516,0.331152,51200,96391277,812,65536,0,0,0,0
16750,124.997,116.648,7.974978,8.000488,-0.025511,8.000488,7.999756,-0.024778,1862.1108,0.0,0.948455,148.9221,0.208809,0.464531,0.32666,51200,95340073,743,65536,0,0,0,0
16800,125.343,116.969,7.974982,8.000488,-0.025507,8.000488,7.999878,-0.024896,1817.1466,0.0,0.947408,145.8454,0.203262,0.461484,0.335254,51200,93037905,803,65536,0,0,0,0
16850,125.693,117.296,7.975762,8.000488,-0.024727,8.000488,8.000854,-0.025093,1843.8587,0.0,0.948348,142.6866,0.205977,0.457383,0.336641,51200,94405566,768,65536,0,0,0,0
16900,126.05,117.629,7.975544,8.000488,-0.024944,8.000488,8.000366,-0.024822,1893.3877,0.0,0.949813,145.6855,0.212168,0.448457,0.339375,51200,96941451,799,65536,0,0,0,0
16950,126.408,117.963,7.974834,8.000488,-0.025654,8.000488,7.999146,-0.024312,1927.3888,0.0,0.950866,153.4319,0.217129,0.445391,0.33748,51200,98682305,747,65536,0,0,0,0
17000,126.852,118.377,7.97495,8.000488,-0.025538,8.000488,7.999146,-0.024195,1958.9391,0.0,0.952069,155.4496,0.221094,0.436055,0.342852,51200,100297680,766,65536,0,0,0,0
17050,127.225,118.724,7.974847,8.000488,-0.025641,8.000488,7.999146,-0.024299,1957.2467,0.0,0.951982,155.5398,0.220938,0.438027,0.341035,51200,100211033,820,65536,0,0,0,0
17100,127.601,119.075,7.975488,8.000488,-0.025,8.000488,7.999268,-0.02378,1962.8784,0.0,0.952065,161.4105,0.221133,0.437949,0.340918,51200,100499374,743,65536,0,0,0,0
17150,127.969,119.419,7.976216,8.000488,-0.024272,8.000488,8.000122,-0.023906,1964.9601,0.0,0.952139,161.0665,0.222695,0.438477,0.338828,51200,100605958,767,65536,0,0,0,0
17200,128.337,119.763,7.97578,8.000488,-0.024708,8.000488,8.000122,-0.024342,1967.8328,0.0,0.951969,160.546,0.22293,0.439844,0.337227,51200,100753037,747,65536,0,0,0,0
17250,128.703,120.104,7.975164,8.000488,-0.025324,8.000488,8.000122,-0.024958,1956.6478,0.0,0.951453,157.4961,0.219648,0.443633,0.336719,51200,100180368,777,65536,0,0,0,0
17300,129.076,120.452,7.97439,8.000488,-0.026099,8.000488,8.0,-0.02561,2018.8901,0.0,0.95273,161.2272,0.226953,0.445566,0.32748,51200,103367171,746,65536,0,0,0,0
17350,129.461,120.813,7.974922,8.000488,-0.025566,8.000488,8.000244,-0.025322,2082.1591,0.0,0.953813,164.3858,0.235586,0.444707,0.319707,51200,106606546,795,65536,0,0,0,0
17400,129.833,121.16,7.975333,8.000488,-0.025155,8.000488,8.00061,-0.025277,2010.2949,0.0,0.952248,161.8889,0.226699,0.452148,0.321152,51200,102927097,762,65536,0,0,0,0
17450,130.206,121.509,7.976076,8.000488,-0.024412,8.000488,8.001221,-0.025145,2000.122,0.0,0.951822,163.161,0.226328,0.451797,0.321875,51200,102406248,807,65536,0,0,0,0
17500,130.569,121.846,7.97552,8.000488,-0.024968,8.000488,8.000977,-0.025456,1927.3218,0.0,0.949562,152.1254,0.217207,0.467363,0.31543,51200,98678876,819,65536,0,0,0,0
17550,130.934,122.188,7.975863,8.000488,-0.024625,8.000488,8.000977,-0.025114,1972.1937,0.0,0.950875,150.2789,0.223555,0.460801,0.315645,51200,100976319,786,65536,0,0,0,0
17600,131.314,122.542,7.975554,8.000488,-0.024934,8.000488,8.000854,-0.0253,2016.4698,0.0,0.952182,147.5719,0.229844,0.452109,0.318047,51200,103243254,770,65536,0,0,0,0
17650,131.692,122.896,7.976045,8.000488,-0.024443,8.000488,8.001099,-0.025054,2010.8148,0.0,0.952013,154.1865,0.229824,0.457832,0.312344,51200,102953718,851,65536,0,0,0,0
17700,132.065,123.243,7.975004,8.000488,-0.025484,8.000488,8.000977,-0.025972,1992.6328,0.0,0.951731,157.5667,0.226816,0.455215,0.317969,51200,102022798,817,65536,0,0,0,0
17750,132.437,123.589,7.975248,8.000488,-0.02524,8.000488,8.000366,-0.025118,1961.6229,0.0,0.950723,154.8671,0.224082,0.459551,0.316367,51200,100435094,784,65536,0,0,0,0
17800,132.819,123.947,7.975198,8.000488,-0.025291,8.000488,8.000488,-0.025291,1927.1871,0.0,0.949952,150.3781,0.219316,0.462305,0.318379,51200,98671978,785,65536,0,0,0,0
17850,133.187,124.29,7.975021,8.000488,-0.025467,8.000488,8.000488,-0.025467,1978.9671,0.0,0.951173,151.5639,0.226074,0.460996,0.31293,51200,101323116,797,65536,0,0,0,0
17900,133.556,124.634,7.974869,8.000488,-0.025619,8.000488,8.000366,-0.025497,1990.8606,0.0,0.951697,154.0003,0.226875,0.450293,0.322832,51200,101932063,803,65536,0,0,0,0
17950,133.925,124.979,7.974521,8.000488,-0.025967,8.000488,7.999634,-0.025113,2012.4281,0.0,0.952144,159.1082,0.229316,0.452578,0.318105,51200,103036317,806,65536,0,0,0,0
18000,134.289,125.318,7.97465,8.000488,-0.025839,8.000488,8.0,-0.02535,1963.6484,0.0,0.950953,154.5275,0.224043,0.459668,0.316289,51200,100538798,771,65536,0,0,0,0
18050,134.68,125.684,7.97422,8.000488,-0.026268,8.000488,8.0,-0.02578,1977.2566,0.0,0.951518,162.3975,0.224062,0.456934,0.319004,51200,101235536,789,65536,0,0,0,0
18100,135.043,126.024,7.974993,8.000488,-0.025495,8.000488,8.000122,-0.025129,1974.5355,0.0,0.95117,156.7654,0.223691,0.460137,0.316172,51200,101096220,803,65536,0,0,0,0
18150,135.415,126.372,7.975595,8.000488,-0.024893,8.000488,8.000488,-0.024893,1972.568,0.0,0.951164,155.1744,0.222793,0.458613,0.318594,51200,100995483,818,65536,0,0,0,0
18200,135.792,126.724,7.975268,8.000488,-0.02522,8.000488,8.000732,-0.025464,2005.4131,0.0,0.951907,157.9011,0.226465,0.459824,0.313711,51200,102677153,868,65536,0,0,0,0
18250,136.17,127.079,7.975488,8.000488,-0.025,8.000488,7.999878,-0.02439,2076.901,0.0,0.953861,166.697,0.23582,0.449727,0.314453,51200,106337333,798,65536,0,0,0,0
18300,136.586,127.469,7.975912,8.000488,-0.024577,8.000488,8.001343,-0.025431,2096.9358,0.0,0.954341,169.8502,0.23793,0.451055,0.311016,51200,107363113,763,65536,0,0,0,0
18350,136.978,127.834,7.97554,8.000488,-0.024948,8.000488,8.0,-0.02446,2047.8469,0.0,0.953048,168.5501,0.231348,0.455215,0.313438,51200,104849760,803,65536,0,0,0,0
18400,137.368,128.199,7.97585,8.000488,-0.024638,8.000488,8.000244,-0.024394,2028.5331,0.0,0.952835,166.0717,0.229355,0.452695,0.317949,51200,103860897,801,65536,0,0,0,0
18450,137.741,128.548,7.976016,8.000488,-0.024473,8.000488,8.000854,-0.024839,2012.3337,0.0,0.952567,171.4824,0.228281,0.453164,0.318555,51200,103031485,796,65536,0,0,0,0
18500,138.114,128.896,7.97582,8.000488,-0.024668,8.000488,8.000488,-0.024668,2014.5276,0.0,0.952704,179.7094,0.228438,0.451113,0.320449,51200,103143813,783,65536,0,0,0,0
18550,138.491,129.25,7.975391,8.000488,-0.025097,8.000488,8.000488,-0.025097,2032.2383,0.0,0.953164,183.2383,0.229902,0.45043,0.319668,51200,104050600,738,65536,0,0,0,0
18600,138.871,129.606,7.975297,8.000488,-0.025191,8.000488,8.000732,-0.025435,2060.4175,0.0,0.953907,188.5514,0.233301,0.445508,0.321191,51200,105493376,763,65536,0,0,0,0
18650,139.283,129.994,7.974757,8.000488,-0.025732,8.000488,8.0,-0.025243,2006.8107,0.0,0.952625,184.1796,0.226035,0.450645,0.32332,51200,102748706,716,65536,0,0,0,0
18700,139.665,130.352,7.974329,8.000488,-0.026159,8.000488,7.999878,-0.025549,2006.0007,0.0,0.952866,183.9228,0.226426,0.446855,0.326719,51200,102707235,818,65536,0,0,0,0
18750,140.037,130.698,7.974521,8.000488,-0.025968,8.000488,8.000366,-0.025845,1996.8651,0.0,0.952673,185.7803,0.224707,0.447422,0.327871,51200,102239493,837,65536,0,0,0,0
18800,140.407,131.044,7.974646,8.000488,-0.025842,8.000488,8.000244,-0.025598,1964.9671,0.0,0.951897,183.609,0.220723,0.446094,0.333184,51200,100606314,772,65536,0,0,0,0
18850,140.771,131.383,7.974189,8.000488,-0.0263,8.000488,7.999878,-0.025689,1937.3553,0.0,0.951359,179.2377,0.217051,0.443809,0.339141,51200,99192593,793,65536,0,0,0,0
18900,141.141,131.727,7.974649,8.000488,-0.02584,8.000488,8.000244,-0.025596,1913.8472,0.0,0.950903,173.1255,0.214043,0.440215,0.345742,51200,97988979,769,65536,0,0,0,0
18950,141.527,132.089,7.975623,8.000488,-0.024865,8.000488,8.000977,-0.025354,1903.4552,0.0,0.950557,171.6266,0.212188,0.441738,0.346074,51200,97456906,816,65536,0,0,0,0
19000,141.889,132.428,7.974939,8.000488,-0.02555,8.000488,8.000366,-0.025428,1951.653,0.0,0.951867,168.1389,0.219531,0.441133,0.339336,51200,99924633,774,65536,0,0,0,0
19050,142.252,132.766,7.974685,8.000488,-0.025803,8.000488,7.999878,-0.025192,1928.5531,0.0,0.951075,165.4298,0.215273,0.442363,0.342363,51200,98741917,823,65536,0,0,0,0
19100,142.658,133.14,7.975044,8.000488,-0.025445,8.000488,8.00061,-0.025567,1950.3906,0.0,0.951642,169.7206,0.217363,0.442461,0.340176,51200,99860001,787,65536,0,0,0,0
19150,143.041,133.491,7.974361,8.000488,-0.026127,8.000488,8.000122,-0.025761,1930.0918,0.0,0.951027,168.5032,0.216348,0.448594,0.335059,51200,98820701,773,65536,0,0,0,0
19200,143.409,133.835,7.974583,8.000488,-0.025906,8.000488,8.00061,-0.026028,1951.7865,0.0,0.951768,182.0938,0.219648,0.445156,0.335195,51200,99931468,807,65536,0,0,0,0
19250,143.777,134.178,7.975096,8.000488,-0.025393,8.000488,8.000977,-0.025881,1905.9897,0.0,0.950902,183.1995,0.213438,0.441094,0.345469,51200,97586672,779,65536,0,0,0,0
19300,144.135,134.511,7.975003,8.000488,-0.025486,8.000488,8.0,-0.024997,1893.3534,0.0,0.9506,173.6437,0.211719,0.441191,0.34709,51200,96939695,775,65536,0,0,0,0
19350,144.495,134.847,7.974687,8.000488,-0.025802,8.000488,7.999756,-0.025069,1886.3282,0.0,0.950346,174.6296,0.210215,0.441348,0.348438,51200,96580005,777,65536,0,0,0,0
19400,144.857,135.184,7.974019,8.000488,-0.02647,8.000488,7.999146,-0.025127,1924.6398,0.0,0.95124,178.393,0.214141,0.439688,0.346172,51200,98541559,809,65536,0,0,0,0
19450,145.219,135.521,7.974669,8.000488,-0.025819,8.000488,7.99939,-0.02472,1922.0222,0.0,0.951002,177.8181,0.214375,0.443418,0.342207,51200,98407535,764,65536,0,0,0,0
19500,145.582,135.86,7.974156,8.000488,-0.026332,8.000488,7.99939,-0.025233,1928.935,0.0,0.951215,176.8946,0.215898,0.443125,0.340977,51200,98761474,748,65536,0,0,0,0
19550,145.95,136.203,7.974042,8.000488,-0.026446,8.000488,7.999268,-0.025226,1961.3372,0.0,0.952009,185.5937,0.220527,0.445527,0.333945,51200,100420464,718,65536,0,0,0,0
19600,146.321,136.549,7.974492,8.000488,-0.025997,8.000488,7.999634,-0.025142,1977.9899,0.0,0.95249,187.6112,0.222305,0.444746,0.332949,51200,101273083,800,65536,0,0,0,0
19650,146.681,136.885,7.974753,8.000488,-0.025735,8.000488,8.000366,-0.025613,1926.8517,0.0,0.95098,178.2938,0.215957,0.448516,0.335527,51200,98654808,825,65536,0,0,0,0
19700,147.038,137.218,7.975116,8.000488,-0.025372,8.000488,8.000366,-0.02525,1906.356,0.0,0.950458,178.0106,0.21248,0.446758,0.340762,51200,97605428,741,65536,0,0,0,0
19750,147.398,137.553,7.974547,8.000488,-0.025941,8.000488,8.0,-0.025453,1938.2552,0.0,0.951187,161.226,0.216074,0.445078,0.338848,51200,99238664,779,65536,0,0,0,0
19800,147.786,137.914,7.974613,8.000488,-0.025875,8.000488,7.999634,-0.025021,1969.8064,0.0,0.951863,163.1578,0.21916,0.445098,0.335742,51200,100854086,741,65536,0,0,0,0
19850,148.161,138.264,7.975287,8.000488,-0.025201,8.000488,8.000244,-0.024957,1972.1942,0.0,0.951693,160.9635,0.219727,0.446055,0.334219,51200,100976345,831,65536,0,0,0,0
19900,148.535,138.614,7.974158,8.000488,-0.02633,8.000488,7.999023,-0.024865,1973.4914,0.0,0.951567,172.2242,0.220859,0.450527,0.328613,51200,101042760,733,65536,0,0,0,0
19950,148.907,138.963,7.974398,8.000488,-0.02609,8.000488,7.999146,-0.024747,1976.782,0.0,0.951504,172.1468,0.22125,0.452832,0.325918,51200,101211236,767,65536,0,0,0,0
20000,149.286,139.316,7.974505,8.000488,-0.025983,8.000488,7.999268,-0.024763,2035.3559,0.0,0.952729,172.0199,0.226953,0.450625,0.322422,51200,104210220,806,65536,0,0,0,0
20050,149.668,139.672,7.974518,8.000488,-0.02597,8.000488,7.999756,-0.025238,2018.2948,0.0,0.952562,170.4659,0.225625,0.45082,0.323555,51200,103336694,773,65536,0,0,0,0
20100,150.066,140.044,7.975006,8.000488,-0.025483,8.000488,8.000732,-0.025727,2096.956,0.0,0.954308,178.7097,0.234531,0.445293,0.320176,51200,107364147,801,65536,0,0,0,0
20150,150.457,140.408,7.975492,8.000488,-0.024996,8.000488,8.000488,-0.024996,2075.2728,0.0,0.954351,173.1582,0.23293,0.443359,0.323711,51200,106253969,744,65536,0,0,0,0
20200,150.864,140.789,7.975316,8.000488,-0.025172,8.000488,8.000244,-0.024928,2152.4707,0.0,0.955895,179.9688,0.241621,0.437812,0.320566,51200,110206499,776,65536,0,0,0,0
20250,151.244,141.146,7.975564,8.000488,-0.024924,8.000488,8.000366,-0.024802,2117.5789,0.0,0.955121,160.9037,0.236426,0.440723,0.322852,51200,108420042,786,65536,0,0,0,0
20300,151.635,141.512,7.975153,8.000488,-0.025335,8.000488,8.000122,-0.024969,2115.2496,0.0,0.954925,154.6099,0.236855,0.442773,0.320371,51200,108300777,768,65536,0,0,0,0
20350,152.058,141.911,7.975268,8.000488,-0.02522,8.000488,8.000366,-0.025098,2137.6554,0.0,0.955577,154.8032,0.239707,0.438398,0.321895,51200,109447959,796,65536,0,0,0,0
20400,152.454,142.283,7.97603,8.000488,-0.024458,8.000488,8.000977,-0.024946,2127.6065,0.0,0.955279,155.7634,0.238359,0.443535,0.318105,51200,108933452,856,65536,0,0,0,0
20450,152.848,142.653,7.976302,8.000488,-0.024186,8.000488,8.001099,-0.024796,2159.117,0.0,0.955546,158.6087,0.242598,0.450078,0.307324,51200,110546790,798,65536,0,0,0,0
20500,153.241,143.021,7.976012,8.000488,-0.024476,8.000488,8.000854,-0.024842,2149.5187,0.0,0.955497,159.6736,0.241484,0.446191,0.312324,51200,110055355,810,65536,0,0,0,0
20550,153.618,143.374,7.975827,8.000488,-0.024661,8.000488,8.000977,-0.02515,2081.8758,0.0,0.954344,155.0117,0.233125,0.445605,0.32127,51200,106592043,814,65536,0,0,0,0
20600,153.995,143.727,7.976156,8.000488,-0.024332,8.000488,8.001099,-0.024942,2056.7085,0.0,0.953287,150.8529,0.23043,0.451641,0.31793,51200,105303474,784,65536,0,0,0,0
20650,154.375,144.082,7.975918,8.000488,-0.02457,8.000488,8.001099,-0.02518,2049.2718,0.0,0.952889,146.9831,0.228301,0.455332,0.316367,51200,104922717,706,65536,0,0,0,0
20700,154.758,144.442,7.975183,8.000488,-0.025306,8.000488,7.999634,-0.024451,2095.6889,0.0,0.953661,150.5331,0.233145,0.460547,0.306309,51200,107299273,751,65536,0,0,0,0
20750,155.138,144.798,7.975292,8.000488,-0.025196,8.000488,8.0,-0.024708,2079.3424,0.0,0.953067,151.7698,0.230977,0.46543,0.303594,51200,106462331,791,65535,0,0,0,0
20800,155.515,145.149,7.975557,8.000488,-0.024932,8.000488,8.000488,-0.024932,2053.5535,0.0,0.952523,150.6819,0.22918,0.470215,0.300605,51200,105141938,770,65535,0,0,0,0
20850,155.889,145.5,7.975517,8.000488,-0.024971,8.000488,8.000366,-0.024849,1983.4798,0.0,0.950831,146.2153,0.21959,0.469336,0.311074,51200,101554164,812,65536,0,0,0,0
20900,156.255,145.84,7.97585,8.000488,-0.024638,8.000488,8.000488,-0.024638,1996.3861,0.0,0.951358,145.9481,0.220879,0.465527,0.313594,51200,102214967,790,65536,0,0,0,0
20950,156.616,146.178,7.975447,8.000488,-0.025041,8.000488,7.999512,-0.024064,1968.391,0.0,0.950784,155.0124,0.219141,0.471152,0.309707,51200,100781617,745,65536,0,0,0,0
21000,156.979,146.516,7.975254,8.000488,-0.025234,8.000488,7.999268,-0.024013,1934.9303,0.0,0.949874,156.304,0.215859,0.47332,0.31082,51200,99068429,816,65536,0,0,0,0
21050,157.338,146.85,7.975377,8.000488,-0.025111,8.000488,7.999512,-0.024135,1917.0817,0.0,0.949076,159.0566,0.213105,0.476445,0.310449,51200,98154581,783,65536,0,0,0,0
21100,157.714,147.202,7.975255,8.000488,-0.025234,8.000488,7.999268,-0.024013,1954.9345,0.0,0.950119,162.0662,0.218906,0.475371,0.305723,51200,100092644,800,65536,0,0,0,0
21150,158.08,147.544,7.975487,8.000488,-0.025002,8.000488,8.000244,-0.024757,1923.2177,0.0,0.949301,158.8911,0.215059,0.478789,0.306152,51200,98468745,799,65536,0,0,0,0
21200,158.439,147.879,7.975461,8.000488,-0.025027,8.000488,7.99939,-0.023929,1936.8184,0.0,0.949603,160.9322,0.216328,0.481895,0.301777,51200,99165101,781,65536,0,0,0,0
21250,158.802,148.217,7.975538,8.000488,-0.02495,8.000488,7.999634,-0.024096,1954.0479,0.0,0.950209,159.6442,0.218184,0.477656,0.30416,51200,100047250,792,65536,0,0,0,0
21300,159.163,148.554,7.97506,8.000488,-0.025428,8.000488,7.99939,-0.02433,1938.1711,0.0,0.949624,154.3585,0.215234,0.479414,0.305352,51200,99234361,780,65536,0,0,0,0
21350,159.526,148.893,7.975578,8.000488,-0.02491,8.000488,7.999634,-0.024056,1972.0287,0.0,0.950303,160.4871,0.218496,0.484746,0.296758,51200,100967870,831,65536,0,0,0,0
21400,159.884,149.227,7.975684,8.000488,-0.024804,8.000488,7.99939,-0.023705,1930.8502,0.0,0.94935,157.9989,0.215078,0.48709,0.297832,51200,98859528,808,65536,0,0,0,0
21450,160.261,149.579,7.976149,8.000488,-0.024339,8.000488,8.000122,-0.023973,2012.4284,0.0,0.951318,163.5632,0.224766,0.479727,0.295508,51200,103036334,771,65536,0,0,0,0
21500,160.63,149.924,7.976196,8.000488,-0.024292,8.000488,8.0,-0.023804,1992.4931,0.0,0.950897,163.6789,0.223262,0.481816,0.294922,51200,102015647,753,65536,0,0,0,0
21550,160.996,150.266,7.975643,8.000488,-0.024845,8.000488,7.999634,-0.02399,1955.7113,0.0,0.950021,158.6558,0.217969,0.476523,0.305508,51200,100132417,849,65536,0,0,0,0
21600,161.378,150.623,7.974896,8.000488,-0.025592,8.000488,7.998901,-0.024005,2026.5661,0.0,0.951568,164.2786,0.225273,0.479688,0.295039,51200,103760184,790,65536,0,0,0,0
21650,161.751,150.971,7.975661,8.000488,-0.024828,8.000488,7.999268,-0.023607,2031.0027,0.0,0.951758,155.5963,0.228066,0.477734,0.294199,51200,103987339,745,65536,0,0,0,0
21700,162.153,151.344,7.977029,8.000488,-0.023459,8.000488,8.000366,-0.023337,2007.1887,0.0,0.951482,155.924,0.224824,0.47082,0.304355,51200,102768061,743,65536,0,0,0,0
21750,162.517,151.684,7.977107,8.000488,-0.023381,8.000488,7.999878,-0.022771,1971.0221,0.0,0.950723,151.2298,0.222305,0.470352,0.307344,51200,100916332,782,65536,0,0,0,0
21800,162.881,152.023,7.976672,8.000488,-0.023816,8.000488,7.999512,-0.02284,1948.8818,0.0,0.950168,152.4597,0.220059,0.474199,0.305742,51200,99782747,788,65536,0,0,0,0
21850,163.256,152.374,7.976357,8.000488,-0.024131,8.000488,8.000366,-0.024009,1965.5915,0.0,0.950765,157.0889,0.223008,0.470488,0.306504,51200,100638286,772,65536,0,0,0,0
21900,163.617,152.708,7.976328,8.000488,-0.02416,8.000488,7.999634,-0.023305,1913.6069,0.0,0.94902,152.7953,0.215547,0.483086,0.301367,51200,97976674,812,65536,0,0,0,0
21950,163.989,153.051,7.97613,8.000488,-0.024358,8.000488,7.999512,-0.023382,1955.7023,0.0,0.949821,150.2032,0.219883,0.487012,0.293105,51200,100131960,763,65536,0,0,0,0
22000,164.36,153.398,7.975882,8.000488,-0.024607,8.000488,7.999756,-0.023874,1975.4428,0.0,0.949936,151.3969,0.222129,0.492988,0.284883,51200,101142673,763,65536,0,0,0,0
22050,164.732,153.746,7.976846,8.000488,-0.023643,8.000488,8.000122,-0.023276,1968.3332,0.0,0.949809,151.7836,0.221816,0.491348,0.286836,51200,100778658,765,65536,0,0,0,0
22100,165.128,154.117,7.976974,8.000488,-0.023515,8.000488,8.0,-0.023026,1907.8192,0.0,0.94839,172.3327,0.21418,0.493516,0.292305,51200,97680344,805,65536,0,0,0,0
22150,165.481,154.445,7.97732,8.000488,-0.023168,8.000488,8.000122,-0.022802,1867.5586,0.0,0.947204,164.7933,0.209551,0.496875,0.293574,51200,95619002,813,65536,0,0,0,0
22200,165.841,154.781,7.976988,8.000488,-0.023501,8.000488,7.999634,-0.022646,1904.0693,0.0,0.948014,175.929,0.214961,0.498027,0.287012,51200,97488349,768,65536,0,0,0,0
22250,166.203,155.112,7.97679,8.000488,-0.023699,8.000488,8.000122,-0.023332,1852.1817,0.0,0.946577,171.3417,0.208887,0.499004,0.292109,51200,94831701,776,65536,0,0,0,0
22300,166.555,155.44,7.977202,8.000488,-0.023286,8.000488,8.00061,-0.023408,1834.5833,0.0,0.946107,175.4148,0.207949,0.50041,0.291641,51200,93930664,825,65536,0,0,0,0
22350,166.909,155.769,7.97595,8.000488,-0.024538,8.000488,8.0,-0.02405,1865.2359,0.0,0.946976,182.4773,0.211953,0.496152,0.291895,51200,95500076,758,65536,0,0,0,0
22400,167.27,156.106,7.976161,8.000488,-0.024327,8.000488,7.999756,-0.023595,1923.2547,0.0,0.94866,177.4436,0.219395,0.491348,0.289258,51200,98470642,791,65536,0,0,0,0
22450,167.63,156.442,7.975881,8.000488,-0.024608,8.000488,7.999512,-0.023631,1925.4407,0.0,0.948803,174.4858,0.220137,0.487852,0.292012,51200,98582563,786,65536,0,0,0,0
22500,167.993,156.78,7.976143,8.000488,-0.024346,8.000488,7.99939,-0.023247,1938.7074,0.0,0.949038,178.9663,0.221152,0.492305,0.286543,51200,99261821,795,65536,0,0,0,0
22550,168.355,157.118,7.97598,8.000488,-0.024508,8.000488,7.999512,-0.023531,1938.7064,0.0,0.948923,177.8156,0.220859,0.495547,0.283594,51200,99261769,754,65536,0,0,0,0
22600,168.76,157.498,7.975854,8.000488,-0.024635,8.000488,7.99939,-0.023536,1997.1071,0.0,0.950398,179.5479,0.22793,0.494414,0.277656,51200,102251883,797,65536,0,0,0,0
22650,169.195,157.908,7.97651,8.000488,-0.023978,8.000488,7.999634,-0.023124,1978.1599,0.0,0.949975,173.1036,0.225176,0.496992,0.277832,51200,101281785,724,65536,0,0,0,0
22700,169.563,158.252,7.976514,8.000488,-0.023974,8.000488,8.000488,-0.023974,1972.3314,0.0,0.949992,174.419,0.224531,0.495703,0.279766,51200,100983366,782,65536,0,0,0,0
22750,169.955,158.61,7.975928,8.000488,-0.02456,8.000488,8.000366,-0.024438,2007.5812,0.0,0.950659,173.9461,0.228555,0.499824,0.271621,51200,102788160,763,65536,0,0,0,0
22800,170.322,158.952,7.9757,8.000488,-0.024788,8.000488,7.999634,-0.023934,1971.2116,0.0,0.949687,167.8355,0.22291,0.500137,0.276953,51200,100926036,783,65536,0,0,0,0
22850,170.693,159.299,7.975562,8.000488,-0.024927,8.000488,7.999756,-0.024194,1963.3853,0.0,0.949287,167.5706,0.221582,0.50418,0.274238,51200,100525325,752,65536,0,0,0,0
22900,171.062,159.644,7.97555,8.000488,-0.024939,8.000488,7.999634,-0.024084,1989.6591,0.0,0.950301,165.1394,0.224414,0.494629,0.280957,51200,101870545,742,65536,0,0,0,0
22950,171.441,159.998,7.975867,8.000488,-0.024621,8.000488,8.000122,-0.024255,2014.2698,0.0,0.951004,172.2171,0.227188,0.493086,0.279727,51200,103130614,805,65536,0,0,0,0
23000,171.878,160.409,7.976158,8.000488,-0.02433,8.000488,8.000488,-0.02433,2008.4362,0.0,0.950614,168.7857,0.226484,0.499629,0.273887,51200,102831931,765,65536,0,0,0,0
23050,172.249,160.756,7.976106,8.000488,-0.024382,8.000488,8.000854,-0.024749,1963.4645,0.0,0.949196,164.2974,0.220723,0.509746,0.269531,51200,100529384,731,65536,0,0,0,0
23100,172.622,161.104,7.975995,8.000488,-0.024493,8.000488,8.000244,-0.024249,1999.6498,0.0,0.949973,172.1629,0.225488,0.511055,0.263457,51200,102382071,776,65536,0,0,0,0
23150,172.99,161.448,7.975983,8.000488,-0.024506,8.000488,8.000366,-0.024383,1972.4877,0.0,0.948928,170.2005,0.221836,0.519746,0.258418,51200,100991368,812,65536,0,0,0,0
23200,173.363,161.797,7.976238,8.000488,-0.02425,8.000488,8.000122,-0.023884,1978.3634,0.0,0.949286,173.6693,0.223184,0.513184,0.263633,51200,101292206,767,65536,0,0,0,0
23250,173.734,162.144,7.976718,8.000488,-0.02377,8.000488,8.000122,-0.023404,1971.1909,0.0,0.949178,171.748,0.222988,0.514727,0.262285,51200,100924973,789,65536,0,0,0,0
23300,174.1,162.485,7.977195,8.000488,-0.023293,8.000488,8.000244,-0.023049,1943.4757,0.0,0.948251,168.2274,0.219277,0.520645,0.260078,51200,99505954,768,65536,0,0,0,0
23350,174.47,162.831,7.977067,8.000488,-0.023421,8.000488,8.000122,-0.023055,2002.1535,0.0,0.949687,168.5267,0.227422,0.518184,0.254395,51200,102510258,795,65536,0,0,0,0
23400,174.837,163.174,7.977438,8.000488,-0.02305,8.000488,8.000854,-0.023416,1952.6015,0.0,0.94879,159.3358,0.221836,0.514746,0.263418,51200,99973198,757,65536,0,0,0,0
23450,175.205,163.517,7.978,8.000488,-0.022488,8.000488,8.001099,-0.023099,1937.3121,0.0,0.948326,153.6305,0.219844,0.513477,0.26668,51200,99190377,792,65536,0,0,0,0
23500,175.563,163.85,7.97829,8.000488,-0.022198,8.000488,8.001343,-0.023052,1907.8778,0.0,0.947201,160.2348,0.216309,0.523672,0.26002,51200,97683342,735,65536,0,0,0,0
23550,175.914,164.177,7.977594,8.000488,-0.022894,8.000488,8.000366,-0.022772,1860.1475,0.0,0.945843,150.8038,0.211074,0.526172,0.262754,51200,95239553,765,65536,0,0,0,0
23600,176.27,164.509,7.978075,8.000488,-0.022413,8.000488,8.000854,-0.022779,1887.8503,0.0,0.946657,149.0713,0.213711,0.52457,0.261719,51200,96657935,750,65536,0,0,0,0
23650,176.619,164.834,7.97801,8.000488,-0.022478,8.000488,8.001709,-0.023699,1876.8206,0.0,0.946604,144.8686,0.210996,0.521504,0.2675,51200,96093214,750,65536,0,0,0,0
23700,176.967,165.158,7.977667,8.000488,-0.022821,8.000488,8.001587,-0.02392,1853.2584,0.0,0.945652,144.1615,0.208535,0.52584,0.265625,51200,94886828,801,65536,0,0,0,0
23750,177.319,165.486,7.977353,8.000488,-0.023135,8.000488,8.000977,-0.023623,1869.4709,0.0,0.94598,149.2027,0.209551,0.53041,0.260039,51200,95716909,768,65536,0,0,0,0
23800,177.675,165.817,7.976406,8.000488,-0.024083,8.000488,8.00061,-0.024205,1912.1817,0.0,0.947397,153.695,0.215664,0.522422,0.261914,51200,97903703,747,65536,0,0,0,0
23850,178.03,166.149,7.976878,8.000488,-0.02361,8.000488,8.000854,-0.023976,1885.1714,0.0,0.946487,146.9506,0.211855,0.525703,0.262441,51200,96520774,821,65536,0,0,0,0
23900,178.389,166.484,7.976872,8.000488,-0.023616,8.000488,8.000366,-0.023494,1875.6122,0.0,0.946082,143.8926,0.209746,0.529355,0.260898,51200,96031344,827,65536,0,0,0,0
23950,178.737,166.807,7.977192,8.000488,-0.023296,8.000488,8.000244,-0.023052,1867.57,0.0,0.94572,143.7577,0.209629,0.533398,0.256973,51200,95619583,764,65536,0,0,0,0
24000,179.12,167.161,7.97716,8.000488,-0.023328,8.000488,8.000488,-0.023328,1887.8583,0.0,0.946479,146.6759,0.21291,0.525957,0.261133,51200,96658345,778,65536,0,0,0,0
24050,179.471,167.488,7.977943,8.000488,-0.022545,8.000488,8.000732,-0.022789,1897.7299,0.0,0.946915,148.2969,0.21416,0.528145,0.257695,51200,97163773,795,65536,0,0,0,0
24100,179.818,167.81,7.977435,8.000488,-0.023053,8.000488,8.000854,-0.023419,1859.6985,0.0,0.945548,142.7896,0.209102,0.528633,0.262266,51200,95216564,785,65536,0,0,0,0
24150,180.16,168.128,7.976616,8.000488,-0.023873,8.000488,8.000122,-0.023506,1832.2407,0.0,0.944939,137.5536,0.206641,0.526113,0.267246,51200,93810722,750,65536,0,0,0,0
24200,180.51,168.45,7.97729,8.000488,-0.023198,8.000488,8.000244,-0.022954,1829.683,0.0,0.94481,135.6041,0.205527,0.527949,0.266523,51200,93679770,793,65536,0,0,0,0
24250,180.872,168.789,7.977026,8.000488,-0.023462,8.000488,8.000244,-0.023218,1819.838,0.0,0.94471,138.7108,0.20332,0.526172,0.270508,51200,93175707,764,65536,0,0,0,0
24300,181.21,169.102,7.976962,8.000488,-0.023527,8.000488,8.000366,-0.023405,1792.0774,0.0,0.943722,139.6485,0.198965,0.532363,0.268672,51200,91754362,788,65536,0,0,0,0
24350,181.554,169.422,7.977356,8.000488,-0.023132,8.000488,8.000854,-0.023498,1823.5044,0.0,0.944705,143.605,0.201582,0.534609,0.263809,51200,93363425,753,65536,0,0,0,0
24400,181.894,169.738,7.977912,8.000488,-0.022577,8.000488,8.001221,-0.023309,1808.2453,0.0,0.944445,143.1713,0.200664,0.530996,0.26834,51200,92582158,780,65536,0,0,0,0
24450,182.226,170.046,7.977435,8.000488,-0.023053,8.000488,8.001465,-0.02403,1758.5613,0.0,0.942822,142.2765,0.193945,0.533887,0.272168,51200,90038337,796,65536,0,0,0,0
24500,182.613,170.409,7.977765,8.000488,-0.022723,8.000488,8.001465,-0.0237,1809.9772,0.0,0.944099,145.7142,0.199414,0.538789,0.261797,51200,92670831,770,65536,0,0,0,0
24550,182.965,170.737,7.978051,8.000488,-0.022437,8.000488,8.001709,-0.023658,1872.2765,0.0,0.946279,142.4946,0.206836,0.529785,0.263379,51200,95860557,784,65536,0,0,0,0
24600,183.314,171.061,7.97768,8.000488,-0.022808,8.000488,8.001343,-0.023663,1857.1454,0.0,0.945863,126.0306,0.205957,0.531309,0.262734,51200,95085844,771,65536,0,0,0,0
24650,183.661,171.383,7.977862,8.000488,-0.022626,8.000488,8.000732,-0.02287,1846.8118,0.0,0.945216,124.3235,0.205684,0.536719,0.257598,51200,94556763,809,65536,0,0,0,0
24700,184.023,171.721,7.978113,8.000488,-0.022375,8.000488,8.001099,-0.022985,1886.1418,0.0,0.946322,128.9705,0.21123,0.536777,0.251992,51200,96570460,821,65536,0,0,0,0
24750,184.375,172.049,7.97787,8.000488,-0.022618,8.000488,8.000488,-0.022618,1877.9833,0.0,0.946024,129.9037,0.21168,0.533984,0.254336,51200,96152743,807,65536,0,0,0,0
24800,184.762,172.411,7.97795,8.000488,-0.022538,8.000488,8.000732,-0.022782,1888.5796,0.0,0.946438,127.5155,0.211836,0.529336,0.258828,51200,96695278,782,65536,0,0,0,0
24850,185.113,172.738,7.978305,8.000488,-0.022183,8.000488,8.001221,-0.022915,1918.8321,0.0,0.947263,126.5881,0.214512,0.529629,0.255859,51200,98244206,780,65536,0,0,0,0
24900,185.468,173.068,7.977835,8.000488,-0.022653,8.000488,8.00061,-0.022775,1932.8681,0.0,0.947813,125.7315,0.216836,0.52373,0.259434,51200,98962846,732,65536,0,0,0,0
24950,185.822,173.399,7.977704,8.000488,-0.022784,8.000488,8.000732,-0.023028,1927.3354,0.0,0.94784,121.9342,0.216914,0.517598,0.265488,51200,98679574,806,65536,0,0,0,0
25000,186.177,173.728,7.978025,8.000488,-0.022463,8.000488,8.001221,-0.023196,1925.1795,0.0,0.947744,123.8874,0.217305,0.521289,0.261406,51200,98569191,821,65536,0,0,0,0
25050,186.561,174.085,7.97839,8.000488,-0.022098,8.000488,8.001587,-0.023197,1885.8359,0.0,0.946162,122.9496,0.212539,0.532422,0.255039,51200,96554800,782,65536,0,0,0,0
25100,186.961,174.461,7.978498,8.000488,-0.02199,8.000488,8.001831,-0.023333,1939.7718,0.0,0.947823,127.6635,0.219336,0.525,0.255664,51200,99316318,797,65536,0,0,0,0
25150,187.324,174.8,7.977682,8.000488,-0.022806,8.000488,8.00061,-0.022928,1940.4441,0.0,0.947982,126.9932,0.219609,0.518262,0.262129,51200,99350739,809,65536,0,0,0,0
25200,187.686,175.136,7.977458,8.000488,-0.023031,8.000488,8.001221,-0.023763,1924.485,0.0,0.94763,126.1943,0.216875,0.518672,0.264453,51200,98533631,799,65536,0,0,0,0
25250,188.045,175.471,7.977976,8.000488,-0.022512,8.000488,8.001709,-0.023733,1901.237,0.0,0.947116,135.6148,0.213633,0.518672,0.267695,51200,97343335,789,65536,0,0,0,0
25300,188.403,175.805,7.977288,8.000488,-0.023201,8.000488,8.000854,-0.023567,1929.2606,0.0,0.947954,146.9074,0.218047,0.519687,0.262266,51200,98778143,777,65536,0,0,0,0
25350,188.77,176.143,7.977195,8.000488,-0.023293,8.000488,8.000977,-0.023781,1961.8463,0.0,0.948874,158.7506,0.221465,0.51457,0.263965,51200,100446533,829,65536,0,0,0,0
25400,189.171,176.52,7.977177,8.000488,-0.023311,8.000488,8.001221,-0.024044,1978.3723,0.0,0.949185,158.7225,0.221543,0.515,0.263457,51200,101292660,795,65536,0,0,0,0
25450,189.533,176.858,7.976686,8.000488,-0.023803,8.000488,8.000488,-0.023803,1972.8804,0.0,0.949292,149.7873,0.221094,0.511074,0.267832,51200,101011478,800,65536,0,0,0,0
25500,189.894,177.195,7.977282,8.000488,-0.023206,8.000488,8.001221,-0.023939,1978.0678,0.0,0.949146,157.2782,0.220781,0.521719,0.2575,51200,101277073,779,65536,0,0,0,0
25550,190.261,177.537,7.977233,8.000488,-0.023255,8.000488,8.001221,-0.023988,1966.4995,0.0,0.948524,157.278,0.218633,0.530566,0.250801,51200,100684772,779,65536,0,0,0,0
25600,190.662,177.914,7.977602,8.000488,-0.022886,8.000488,8.001709,-0.024107,1967.012,0.0,0.948171,154.8297,0.21793,0.535195,0.246875,51200,100711012,722,65536,0,0,0,0
25650,191.021,178.249,7.977698,8.000488,-0.02279,8.000488,8.001343,-0.023645,1943.9744,0.0,0.947652,160.6754,0.215137,0.535645,0.249219,51200,99531491,789,65536,0,0,0,0
25700,191.389,178.591,7.977805,8.000488,-0.022683,8.000488,8.000977,-0.023171,1947.4045,0.0,0.947818,158.5031,0.214492,0.532031,0.253477,51200,99707110,767,65536,0,0,0,0
25750,191.755,178.932,7.978101,8.000488,-0.022387,8.000488,8.001221,-0.02312,1919.8578,0.0,0.946758,154.3855,0.210566,0.537422,0.252012,51200,98296720,755,65536,0,0,0,0
25800,192.12,179.266,7.977679,8.000488,-0.022809,8.000488,8.000732,-0.023053,1867.0378,0.0,0.945451,151.773,0.204551,0.537988,0.257461,51200,95592337,801,65536,0,0,0,0
25850,192.493,179.613,7.977484,8.000488,-0.023004,8.000488,8.000488,-0.023004,1872.1297,0.0,0.94544,153.6607,0.20541,0.539258,0.255332,51200,95853043,826,65536,0,0,0,0
25900,192.862,179.959,7.977604,8.000488,-0.022884,8.000488,8.000977,-0.023372,1796.0787,0.0,0.942679,147.8889,0.195645,0.550977,0.253379,51200,91959227,772,65536,0,0,0,0
25950,193.209,180.281,7.977454,8.000488,-0.023035,8.000488,8.001221,-0.023767,1802.7181,0.0,0.943226,142.0483,0.196641,0.545117,0.258242,51200,92299166,728,65536,0,0,0,0
26000,193.551,180.599,7.977295,8.000488,-0.023193,8.000488,8.000977,-0.023681,1794.3712,0.0,0.943446,141.0011,0.196211,0.537305,0.266484,51200,91871804,854,65536,0,0,0,0
26050,193.899,180.922,7.976752,8.000488,-0.023736,8.000488,8.000854,-0.024102,1799.9412,0.0,0.943681,145.0281,0.197598,0.536797,0.265605,51200,92156988,815,65536,0,0,0,0
26100,194.254,181.245,7.977108,8.000488,-0.023381,8.000488,8.00061,-0.023503,1806.7205,0.0,0.944155,141.3449,0.19791,0.529844,0.272246,51200,92504089,769,65536,0,0,0,0
26150,194.598,181.565,7.977476,8.000488,-0.023012,8.000488,8.000366,-0.02289,1832.8398,0.0,0.944574,136.2993,0.201641,0.537676,0.260684,51200,93841397,830,65536,0,0,0,0
26200,194.943,181.886,7.97791,8.000488,-0.022578,8.000488,8.000977,-0.023066,1818.8089,0.0,0.944028,133.8301,0.200625,0.539707,0.259668,51200,93123015,823,65536,0,0,0,0
26250,195.287,182.205,7.977874,8.000488,-0.022614,8.000488,8.001953,-0.024079,1822.7991,0.0,0.944241,136.755,0.201113,0.540605,0.258281,51200,93327312,781,65536,0,0,0,0
26300,195.629,182.524,7.977795,8.000488,-0.022693,8.000488,8.001587,-0.023792,1822.4048,0.0,0.944237,136.0448,0.202148,0.539062,0.258789,51200,93307124,809,65536,0,0,0,0
26350,195.972,182.842,7.97761,8.000488,-0.022878,8.000488,8.001465,-0.023855,1819.5117,0.0,0.944281,127.9244,0.201465,0.533418,0.265117,51200,93158998,782,65536,0,0,0,0
26400,196.311,183.156,7.977739,8.000488,-0.02275,8.000488,8.001465,-0.023726,1760.906,0.0,0.94266,125.8926,0.19377,0.532227,0.274004,51200,90158387,806,65536,0,0,0,0
26450,196.66,183.48,7.978119,8.000488,-0.022369,8.000488,8.001709,-0.02359,1822.1724,0.0,0.944432,129.3,0.201113,0.527852,0.271035,51200,93295225,785,65536,0,0,0,0
26500,197.011,183.805,7.977869,8.000488,-0.02262,8.000488,8.001709,-0.02384,1856.9413,0.0,0.94546,130.5037,0.205449,0.526289,0.268262,51200,95075393,809,65536,0,0,0,0
26550,197.365,184.136,7.978333,8.000488,-0.022155,8.000488,8.002319,-0.023986,1889.225,0.0,0.946619,134.0705,0.209395,0.522871,0.267734,51200,96728322,784,65536,0,0,0,0
26600,197.719,184.464,7.978104,8.000488,-0.022384,8.000488,8.001831,-0.023727,1865.8517,0.0,0.946064,131.4651,0.206465,0.52541,0.268125,51200,95531605,796,65536,0,0,0,0
26650,198.071,184.792,7.978222,8.000488,-0.022266,8.000488,8.001953,-0.023731,1880.4047,0.0,0.946545,134.522,0.207754,0.520254,0.271992,51200,96276723,760,65536,0,0,0,0
26700,198.426,185.122,7.978607,8.000488,-0.021881,8.000488,8.00293,-0.024323,1867.5617,0.0,0.946322,138.9621,0.206914,0.518125,0.274961,51200,95619159,776,65536,0,0,0,0
26750,198.779,185.45,7.978768,8.000488,-0.021721,8.000488,8.002441,-0.023674,1862.6204,0.0,0.946063,138.7025,0.205938,0.519199,0.274863,51200,95366167,778,65536,0,0,0,0
26800,199.131,185.778,7.979035,8.000488,-0.021453,8.000488,8.002686,-0.02365,1860.7212,0.0,0.946193,146.1356,0.204551,0.516836,0.278613,51200,95268924,800,65536,0,0,0,0
26850,199.483,186.105,7.97888,8.000488,-0.021608,8.000488,8.002441,-0.023561,1839.7084,0.0,0.945227,139.2211,0.201992,0.518438,0.27957,51200,94193072,733,65536,0,0,0,0
26900,199.831,186.429,7.97847,8.000488,-0.022018,8.000488,8.002197,-0.023727,1838.9792,0.0,0.945139,142.2463,0.20084,0.521348,0.277812,51200,94155734,810,65536,0,0,0,0
26950,200.19,186.763,7.978421,8.000488,-0.022067,8.000488,8.002563,-0.024143,1858.2435,0.0,0.945801,140.4499,0.203711,0.51791,0.278379,51200,95142068,769,65536,0,0,0,0
27000,200.579,187.128,7.977798,8.000488,-0.02269,8.000488,8.002075,-0.024277,1873.5463,0.0,0.945985,142.9296,0.204258,0.51959,0.276152,51200,95925573,779,65536,0,0,0,0
27050,200.942,187.466,7.978314,8.000488,-0.022175,8.000488,8.002319,-0.024006,1855.7547,0.0,0.945407,139.1087,0.202344,0.519668,0.277988,51200,95014641,836,65536,0,0,0,0
27100,201.304,187.803,7.977315,8.000488,-0.023174,8.000488,8.001709,-0.024394,1920.0534,0.0,0.947099,138.0259,0.210938,0.52082,0.268242,51200,98306736,770,65536,0,0,0,0
27150,201.675,188.149,7.977719,8.000488,-0.022769,8.000488,8.001953,-0.024234,1976.6008,0.0,0.949078,154.0391,0.217734,0.512285,0.26998,51200,101201962,776,65536,0,0,0,0
27200,202.053,188.503,7.977571,8.000488,-0.022917,8.000488,8.001587,-0.024016,2007.0631,0.0,0.949821,153.9488,0.222031,0.509863,0.268105,51200,102761631,747,65536,0,0,0,0
27250,202.427,188.853,7.977243,8.000488,-0.023246,8.000488,8.001465,-0.024222,1994.9895,0.0,0.949444,155.3332,0.219805,0.508418,0.271777,51200,102143461,753,65536,0,0,0,0
27300,202.798,189.2,7.977364,8.000488,-0.023125,8.000488,8.001465,-0.024101,1995.0325,0.0,0.949546,157.8653,0.21918,0.510254,0.270566,51200,102145662,813,65536,0,0,0,0
27350,203.176,189.554,7.978327,8.000488,-0.022161,8.000488,8.001709,-0.023382,2050.4304,0.0,0.951257,160.8357,0.227051,0.497773,0.275176,51200,104982037,804,65536,0,0,0,0
27400,203.553,189.905,7.978552,8.000488,-0.021936,8.000488,8.001343,-0.022791,2022.6449,0.0,0.950571,165.0769,0.223438,0.499805,0.276758,51200,103559419,858,65536,0,0,0,0
27450,203.931,190.259,7.978714,8.000488,-0.021775,8.000488,8.001953,-0.023239,2029.0514,0.0,0.950807,171.3142,0.223984,0.500918,0.275098,51200,103887432,805,65536,0,0,0,0
27500,204.301,190.604,7.977886,8.000488,-0.022602,8.000488,8.001709,-0.023823,1974.4533,0.0,0.949687,164.802,0.216582,0.496309,0.287109,51200,101092011,768,65536,0,0,0,0
27550,204.675,190.953,7.976727,8.000488,-0.023761,8.000488,8.00061,-0.023883,1995.7649,0.0,0.949943,166.9408,0.218125,0.496543,0.285332,51200,102183164,768,65536,0,0,0,0
27600,205.051,191.305,7.976619,8.000488,-0.023869,8.000488,8.0,-0.023381,2002.6694,0.0,0.950334,166.2487,0.219707,0.493652,0.286641,51200,102536672,802,65536,0,0,0,0
27650,205.428,191.656,7.976217,8.000488,-0.024272,8.000488,8.0,-0.023783,2004.888,0.0,0.950413,167.1937,0.221113,0.49334,0.285547,51200,102650265,799,65536,0,0,0,0
27700,205.803,192.006,7.976725,8.000488,-0.023763,8.000488,8.000488,-0.023763,2007.0367,0.0,0.950796,178.5324,0.221719,0.486934,0.291348,51200,102760279,763,65536,0,0,0,0
27750,206.175,192.354,7.977612,8.000488,-0.022876,8.000488,8.001099,-0.023487,2007.8952,0.0,0.950689,174.2096,0.221387,0.488359,0.290254,51200,102804233,766,65536,0,0,0,0
27800,206.552,192.699,7.977891,8.000488,-0.022597,8.000488,8.001343,-0.023452,1967.4168,0.0,0.949697,175.183,0.216406,0.489551,0.294043,51200,100731738,822,65536,0,0,0,0
27850,206.928,193.05,7.978019,8.000488,-0.022469,8.000488,8.001343,-0.023324,1994.5754,0.0,0.95062,168.3779,0.21873,0.484121,0.297148,51200,102122261,797,65536,0,0,0,0
27900,207.294,193.393,7.977766,8.000488,-0.022722,8.000488,8.001709,-0.023943,1949.3454,0.0,0.949718,158.3952,0.214629,0.475703,0.309668,51200,99806485,787,65536,0,0,0,0
27950,207.666,193.74,7.977445,8.000488,-0.023043,8.000488,8.001099,-0.023654,1979.8997,0.0,0.950816,161.5866,0.219844,0.470996,0.30916,51200,101370864,827,65536,0,0,0,0
28000,208.036,194.087,7.976527,8.000488,-0.023962,8.000488,8.001099,-0.024572,2009.0942,0.0,0.951483,166.4569,0.223477,0.472344,0.30418,51200,102865625,777,65536,0,0,0,0
28050,208.415,194.44,7.976448,8.000488,-0.024041,8.000488,8.000366,-0.023918,2038.4091,0.0,0.952082,165.4005,0.22666,0.471426,0.301914,51200,104366546,768,65536,0,0,0,0
28100,208.792,194.792,7.977377,8.000488,-0.023112,8.000488,8.001831,-0.024455,2033.4143,0.0,0.951873,163.8905,0.226426,0.473203,0.300371,51200,104110814,756,65536,0,0,0,0
28150,209.172,195.148,7.976669,8.000488,-0.023819,8.000488,8.000732,-0.024063,2058.7492,0.0,0.952724,166.2189,0.227812,0.464609,0.307578,51200,105407957,799,65536,0,0,0,0
28200,209.558,195.51,7.976883,8.000488,-0.023605,8.000488,8.000854,-0.023972,2069.0657,0.0,0.952826,165.7609,0.229277,0.468867,0.301855,51200,105936165,797,65536,0,0,0,0
28250,209.945,195.873,7.977103,8.000488,-0.023385,8.000488,8.000977,-0.023873,2106.0564,0.0,0.953617,165.8329,0.233418,0.46498,0.301602,51200,107830088,791,65536,0,0,0,0
28300,210.338,196.242,7.976702,8.000488,-0.023786,8.000488,8.000854,-0.024152,2168.5919,0.0,0.954996,173.0913,0.241289,0.459863,0.298848,51200,111031904,799,65536,0,0,0,0
28350,210.736,196.616,7.976907,8.000488,-0.023582,8.000488,8.001343,-0.024436,2204.8783,0.0,0.955721,184.9826,0.244707,0.462676,0.292617,51200,112889770,787,65536,0,0,0,0
28400,211.137,196.991,7.977197,8.000488,-0.023291,8.000488,8.001343,-0.024146,2212.5473,0.0,0.955846,189.9228,0.245723,0.463906,0.290371,51200,113282420,761,65536,0,0,0,0
28450,211.546,197.377,7.977874,8.000488,-0.022615,8.000488,8.002075,-0.024201,2260.2726,0.0,0.956636,194.0267,0.252891,0.460996,0.286113,51200,115725959,791,65536,0,0,0,0
28500,211.941,197.748,7.97752,8.000488,-0.022968,8.000488,8.001831,-0.024311,2196.0387,0.0,0.955554,186.094,0.244902,0.460039,0.295059,51200,112437183,783,65536,0,0,0,0
28550,212.344,198.125,7.977129,8.000488,-0.023359,8.000488,8.001587,-0.024458,2187.1047,0.0,0.955042,180.8418,0.245312,0.46709,0.287598,51200,111979763,762,65536,0,0,0,0
28600,212.744,198.5,7.976418,8.000488,-0.024071,8.000488,8.00061,-0.024193,2128.3846,0.0,0.953904,175.8094,0.23875,0.467832,0.293418,51200,108973292,811,65536,0,0,0,0
28650,213.135,198.867,7.977014,8.000488,-0.023475,8.000488,8.000977,-0.023963,2117.9803,0.0,0.953454,177.1579,0.236914,0.473906,0.28918,51200,108440590,788,65536,0,0,0,0
28700,213.519,199.224,7.976743,8.000488,-0.023745,8.000488,8.000732,-0.023989,2041.3652,0.0,0.952068,170.9083,0.227539,0.471211,0.30125,51200,104517899,767,65536,0,0,0,0
28750,213.959,199.639,7.976824,8.000488,-0.023664,8.000488,8.00061,-0.023786,2061.959,0.0,0.952579,174.1231,0.230098,0.466406,0.303496,51200,105572302,779,65536,0,0,0,0
28800,214.322,199.978,7.976999,8.000488,-0.023489,8.000488,8.001099,-0.0241,1948.9271,0.0,0.949982,165.6306,0.217891,0.467344,0.314766,51200,99785068,778,65536,0,0,0,0
28850,214.685,200.317,7.977233,8.000488,-0.023255,8.000488,8.001343,-0.02411,1954.5471,0.0,0.95012,165.9496,0.217988,0.467969,0.314043,51200,100072809,775,65536,0,0,0,0
28900,215.05,200.658,7.977782,8.000488,-0.022706,8.000488,8.001709,-0.023927,1965.8687,0.0,0.950049,166.5448,0.219453,0.472891,0.307656,51200,100652477,772,65536,0,0,0,0
28950,215.414,200.998,7.977261,8.000488,-0.023228,8.000488,8.001099,-0.023838,1966.7847,0.0,0.949985,169.9496,0.219668,0.478184,0.302148,51200,100699378,792,65536,0,0,0,0
29000,215.792,201.352,7.976413,8.000488,-0.024076,8.000488,8.000244,-0.023831,1970.6254,0.0,0.950048,170.4853,0.220801,0.478711,0.300488,51200,100896022,779,65536,0,0,0,0
29050,216.148,201.684,7.976302,8.000488,-0.024186,8.000488,8.000244,-0.023942,1910.6071,0.0,0.94852,163.239,0.211289,0.479707,0.309004,51200,97823083,738,65536,0,0,0,0
29100,216.501,202.012,7.976178,8.000488,-0.02431,8.000488,8.000488,-0.02431,1880.1231,0.0,0.947465,156.1894,0.206562,0.485371,0.308066,51200,96262304,818,65536,0,0,0,0
29150,216.864,202.351,7.976402,8.000488,-0.024086,8.000488,8.00061,-0.024209,1936.1746,0.0,0.949218,157.9928,0.21373,0.477715,0.308555,51200,99132141,776,65536,0,0,0,0
29200,217.223,202.683,7.976564,8.000488,-0.023924,8.000488,8.000977,-0.024412,1919.4963,0.0,0.948618,155.271,0.211621,0.48166,0.306719,51200,98278209,768,65536,0,0,0,0
29250,217.619,203.055,7.976857,8.000488,-0.023631,8.000488,8.001343,-0.024485,1942.2332,0.0,0.949002,151.7723,0.214473,0.487383,0.298145,51200,99442342,746,65536,0,0,0,0
29300,218.003,203.416,7.976861,8.000488,-0.023628,8.000488,8.000977,-0.024116,1965.2913,0.0,0.94977,154.3391,0.217715,0.486953,0.295332,51200,100622916,849,65536,0,0,0,0
29350,218.376,203.765,7.976418,8.000488,-0.02407,8.000488,8.000244,-0.023826,2014.1069,0.0,0.951116,163.0429,0.225117,0.482773,0.292109,51200,103122273,806,65536,0,0,0,0
29400,218.747,204.111,7.976782,8.000488,-0.023706,8.000488,8.000854,-0.024073,2016.3978,0.0,0.951237,163.9041,0.225664,0.478633,0.295703,51200,103239565,823,65536,0,0,0,0
29450,219.123,204.464,7.976332,8.000488,-0.024157,8.000488,8.000366,-0.024035,2018.2438,0.0,0.951489,167.0891,0.225996,0.476914,0.29709,51200,103334083,776,65536,0,0,0,0
29500,219.495,204.809,7.976449,8.000488,-0.024039,8.000488,8.000977,-0.024527,2007.0781,0.0,0.951316,165.2007,0.225684,0.478184,0.296133,51200,102762401,763,65536,0,0,0,0
29550,219.87,205.16,7.976271,8.000488,-0.024217,8.000488,8.000732,-0.024462,2047.0549,0.0,0.952273,167.8708,0.229316,0.477441,0.293242,51200,104809209,750,65536,0,0,0,0
29600,220.241,205.507,7.976468,8.000488,-0.024021,8.000488,8.00061,-0.024143,2033.6052,0.0,0.951972,168.8243,0.227969,0.478926,0.293105,51200,104120586,780,65536,0,0,0,0
29650,220.628,205.868,7.976615,8.000488,-0.023873,8.000488,8.000732,-0.024117,2009.3,0.0,0.951415,161.4389,0.225137,0.479922,0.294941,51200,102876159,750,65536,0,0,0,0
29700,221.021,206.238,7.976739,8.000488,-0.023749,8.000488,8.000732,-0.023993,2054.7767,0.0,0.952115,163.5303,0.229922,0.478359,0.291719,51200,105204569,766,65536,0,0,0,0
29750,221.398,206.591,7.976883,8.000488,-0.023605,8.000488,8.001099,-0.024215,2069.9254,0.0,0.952579,164.388,0.231328,0.478438,0.290234,51200,105980182,785,65536,0,0,0,0
29800,221.828,206.996,7.977281,8.000488,-0.023207,8.000488,8.001221,-0.023939,2093.1071,0.0,0.952975,163.818,0.23248,0.478066,0.289453,51200,107167081,805,65536,0,0,0,0
29850,222.215,207.357,7.978126,8.000488,-0.022363,8.000488,8.001465,-0.023339,2148.8199,0.0,0.954031,165.1226,0.23916,0.478164,0.282676,51200,110019577,803,65536,0,0,0,0
29900,222.605,207.723,7.97846,8.000488,-0.022028,8.000488,8.001221,-0.022761,2137.7073,0.0,0.953531,164.4027,0.237227,0.487051,0.275723,51200,109450612,775,65536,0,0,0,0
29950,222.995,208.088,7.978295,8.000488,-0.022193,8.000488,8.000977,-0.022681,2145.0135,0.0,0.953672,173.0312,0.238027,0.491602,0.270371,51200,109824689,803,65536,0,0,0,0
30000,223.39,208.456,7.978453,8.000488,-0.022036,8.000488,8.001587,-0.023134,2188.8805,0.0,0.954564,176.9659,0.243457,0.491836,0.264707,51200,112070680,805,65536,0,0,0,0
30050,223.783,208.824,7.978635,8.000488,-0.021853,8.000488,8.001709,-0.023074,2193.9829,0.0,0.954591,184.7539,0.243711,0.493516,0.262773,51200,112331922,781,65536,0,0,0,0
30100,224.174,209.191,7.978333,8.000488,-0.022155,8.000488,8.001099,-0.022765,2170.8584,0.0,0.954283,183.2851,0.240684,0.493828,0.265488,51200,111147948,785,65536,0,0,0,0
30150,224.573,209.566,7.977918,8.000488,-0.022571,8.000488,8.001343,-0.023425,2230.0354,0.0,0.955415,184.0649,0.248516,0.490898,0.260586,51200,114177810,787,65536,0,0,0,0
30200,224.977,209.945,7.977729,8.000488,-0.022759,8.000488,8.001465,-0.023735,2237.1679,0.0,0.955856,183.1248,0.250234,0.486367,0.263398,51200,114542994,773,65536,0,0,0,0
30250,225.377,210.321,7.977514,8.000488,-0.022974,8.000488,8.001709,-0.024195,2189.9106,0.0,0.95489,178.9662,0.245254,0.489922,0.264824,51200,112123423,820,65536,0,0,0,0
30300,225.782,210.703,7.977246,8.000488,-0.023242,8.000488,8.001831,-0.024585,2228.3576,0.0,0.955571,186.894,0.24877,0.491035,0.260195,51200,114091911,834,65536,0,0,0,0
30350,226.182,211.075,7.976881,8.000488,-0.023607,8.000488,8.001221,-0.02434,2211.1367,0.0,0.955178,180.8683,0.246699,0.491621,0.26168,51200,113210199,768,65536,0,0,0,0
30400,226.578,211.447,7.976078,8.000488,-0.02441,8.000488,8.00061,-0.024532,2150.7389,0.0,0.953937,173.8311,0.239395,0.489863,0.270742,51200,110117831,803,65536,0,0,0,0
30450,226.975,211.82,7.976448,8.000488,-0.02404,8.000488,8.001099,-0.02465,2179.9216,0.0,0.954926,171.2227,0.243711,0.475879,0.28041,51200,111611985,831,65536,0,0,0,0
30500,227.356,212.176,7.975902,8.000488,-0.024586,8.000488,8.00061,-0.024708,2074.2456,0.0,0.952677,156.5491,0.231582,0.482695,0.285723,51200,106201376,790,65536,0,0,0,0
30550,227.732,212.528,7.976096,8.000488,-0.024393,8.000488,8.000488,-0.024393,2063.4032,0.0,0.952449,140.8813,0.229492,0.487207,0.283301,51200,105646245,772,65536,0,0,0,0
30600,228.1,212.871,7.976821,8.000488,-0.023668,8.000488,8.000977,-0.024156,2036.0451,0.0,0.951492,139.3473,0.225859,0.493594,0.280547,51200,104245507,820,65536,0,0,0,0
30650,228.462,213.209,7.976048,8.000488,-0.02444,8.000488,8.000366,-0.024318,1998.0951,0.0,0.950673,134.4816,0.221309,0.494648,0.284043,51200,102302468,778,65536,0,0,0,0
30700,228.833,213.556,7.976227,8.000488,-0.024261,8.000488,8.000854,-0.024628,2002.5666,0.0,0.950461,135.2283,0.221074,0.503867,0.275059,51200,102531410,760,65536,0,0,0,0
30750,229.242,213.94,7.976324,8.000488,-0.024165,8.000488,8.001221,-0.024897,1967.9425,0.0,0.949618,132.3453,0.217793,0.50418,0.278027,51200,100758657,745,65536,0,0,0,0
30800,229.613,214.284,7.976948,8.000488,-0.02354,8.000488,8.001709,-0.024761,1966.3129,0.0,0.949545,138.301,0.217949,0.505918,0.276133,51200,100675223,841,65536,0,0,0,0
30850,229.996,214.642,7.977104,8.000488,-0.023384,8.000488,8.000977,-0.023873,1964.3925,0.0,0.949331,149.7628,0.216289,0.505313,0.278398,51200,100576894,748,65536,0,0,0,0
30900,230.351,214.974,7.977343,8.000488,-0.023146,8.000488,8.001221,-0.023878,1922.3134,0.0,0.948081,137.2136,0.210098,0.509141,0.280762,51200,98422445,783,65536,0,0,0,0
30950,230.704,215.303,7.977085,8.000488,-0.023403,8.000488,8.001221,-0.024136,1916.2143,0.0,0.948009,127.7465,0.210176,0.509004,0.28082,51200,98110173,739,65536,0,0,0,0
31000,231.064,215.639,7.97607,8.000488,-0.024419,8.000488,8.000122,-0.024052,1941.3445,0.0,0.949239,134.6809,0.21373,0.499414,0.286855,51200,99396839,761,65536,0,0,0,0
31050,231.422,215.972,7.975479,8.000488,-0.02501,8.000488,7.999268,-0.023789,1963.8151,0.0,0.950098,141.4991,0.218633,0.492715,0.288652,51200,100547334,739,65536,0,0,0,0
31100,231.782,216.309,7.97487,8.000488,-0.025619,8.000488,7.999268,-0.024398,1975.4345,0.0,0.950308,137.5019,0.219668,0.493242,0.28709,51200,101142248,779,65536,0,0,0,0
31150,232.14,216.643,7.975628,8.000488,-0.02486,8.000488,7.999512,-0.023884,1963.3108,0.0,0.949779,136.1846,0.218535,0.499473,0.281992,51200,100521511,828,65536,0,0,0,0
31200,232.506,216.984,7.975806,8.000488,-0.024682,8.000488,8.000122,-0.024316,1974.9147,0.0,0.95003,139.3981,0.219492,0.498691,0.281816,51200,101115634,826,65536,0,0,0,0
31250,232.871,217.325,7.975124,8.000488,-0.025364,8.000488,7.999512,-0.024388,1987.1572,0.0,0.950484,135.0697,0.222227,0.494512,0.283262,51200,101742450,764,65536,0,0,0,0
31300,233.24,217.669,7.975652,8.000488,-0.024836,8.000488,7.999634,-0.023981,2009.1805,0.0,0.950605,143.1117,0.22459,0.499434,0.275977,51200,102870041,815,65536,0,0,0,0
31350,233.615,218.02,7.975571,8.000488,-0.024917,8.000488,8.0,-0.024429,2062.1194,0.0,0.952242,149.4905,0.232852,0.491191,0.275957,51200,105580512,786,65536,0,0,0,0
31400,233.998,218.379,7.97502,8.000488,-0.025468,8.000488,7.999878,-0.024858,2093.1081,0.0,0.952976,157.9303,0.237344,0.489766,0.272891,51200,107167136,761,65536,0,0,0,0
31450,234.368,218.725,7.974868,8.000488,-0.02562,8.000488,8.0,-0.025132,2040.6005,0.0,0.951359,155.2893,0.22916,0.499688,0.271152,51200,104478748,725,65536,0,0,0,0
31500,234.744,219.077,7.975779,8.000488,-0.024709,8.000488,8.000854,-0.025075,2085.8182,0.0,0.952544,159.3445,0.235234,0.494629,0.270137,51200,106793890,755,65536,0,0,0,0
31550,235.112,219.422,7.976223,8.000488,-0.024265,8.000488,8.000488,-0.024265,2034.5293,0.0,0.951289,153.5364,0.227793,0.499785,0.272422,51200,104167898,809,65536,0,0,0,0
31600,235.48,219.766,7.976341,8.000488,-0.024148,8.000488,8.000366,-0.024026,1998.9253,0.0,0.95039,145.2347,0.221758,0.504004,0.274238,51200,102344974,780,65536,0,0,0,0
31650,235.847,220.109,7.975593,8.000488,-0.024896,8.000488,7.999512,-0.023919,2020.4809,0.0,0.950913,145.2103,0.225098,0.5,0.274902,51200,103448624,786,65536,0,0,0,0
31700,236.215,220.453,7.975535,8.000488,-0.024954,8.000488,7.999634,-0.024099,2014.1279,0.0,0.9508,147.3978,0.226055,0.496152,0.277793,51200,103123350,804,65536,0,0,0,0
31750,236.608,220.822,7.975229,8.000488,-0.025259,8.000488,7.999756,-0.024527,1979.0181,0.0,0.950384,141.6303,0.223379,0.490703,0.285918,51200,101325728,789,65536,0,0,0,0
31800,236.969,221.159,7.975748,8.000488,-0.024741,8.000488,7.999634,-0.023886,1984.6266,0.0,0.950623,143.035,0.223516,0.490996,0.285488,51200,101612883,748,65536,0,0,0,0
31850,237.332,221.498,7.975982,8.000488,-0.024506,8.000488,8.000122,-0.02414,1961.9996,0.0,0.950248,136.4822,0.221035,0.488516,0.290449,51200,100454382,800,65536,0,0,0,0
31900,237.694,221.835,7.976722,8.000488,-0.023766,8.000488,8.000488,-0.023766,1984.4187,0.0,0.951222,138.9748,0.224102,0.478809,0.29709,51200,101602235,813,65536,0,0,0,0
31950,238.058,222.175,7.976768,8.000488,-0.023721,8.000488,8.001099,-0.024331,2002.4992,0.0,0.951796,138.2947,0.227129,0.476895,0.295977,51200,102527957,808,65536,0,0,0,0
32000,238.429,222.52,7.976117,8.000488,-0.024372,8.000488,8.000122,-0.024005,2016.5761,0.0,0.952279,143.585,0.228418,0.471914,0.299668,51200,103248696,791,65536,0,0,0,0
32050,238.811,222.869,7.976259,8.000488,-0.024229,8.000488,8.000244,-0.023985,2040.4567,0.0,0.952646,149.8169,0.231465,0.478555,0.28998,51200,104471385,790,65536,0,0,0,0
32100,239.244,223.278,7.976387,8.000488,-0.024101,8.000488,8.000732,-0.024345,2040.733,0.0,0.952535,150.2864,0.231875,0.482012,0.286113,51200,104485531,748,65536,0,0,0,0
32150,239.609,223.619,7.976165,8.000488,-0.024324,8.000488,7.999512,-0.023347,2008.7077,0.0,0.951868,150.1724,0.228262,0.477773,0.293965,51200,102845835,759,65536,0,0,0,0
32200,239.968,223.954,7.976055,8.000488,-0.024433,8.000488,7.999512,-0.023457,1962.5432,0.0,0.950359,148.4729,0.221582,0.482598,0.29582,51200,100482212,767,65536,0,0,0,0
32250,240.326,224.288,7.976217,8.000488,-0.024271,8.000488,8.0,-0.023783,1939.0095,0.0,0.949822,148.3834,0.218613,0.483066,0.29832,51200,99277284,792,65536,0,0,0,0
32300,240.674,224.611,7.975318,8.000488,-0.025171,8.000488,7.999023,-0.023706,1857.987,0.0,0.94743,143.4221,0.209023,0.490859,0.300117,51200,95128935,759,65536,0,0,0,0
32350,241.02,224.934,7.974926,8.000488,-0.025562,8.000488,7.999268,-0.024342,1853.2388,0.0,0.947387,127.1682,0.209004,0.491094,0.299902,51200,94885826,776,65536,0,0,0,0
32400,241.365,225.255,7.975707,8.000488,-0.024782,8.000488,7.999268,-0.023561,1815.617,0.0,0.946127,125.346,0.204805,0.493301,0.301895,51200,92959588,800,65536,0,0,0,0
32450,241.73,225.595,7.976553,8.000488,-0.023935,8.000488,8.000122,-0.023569,1874.0063,0.0,0.947575,126.75,0.211484,0.493203,0.295312,51200,95949121,772,65536,0,0,0,0
32500,242.103,225.943,7.976699,8.000488,-0.023789,8.000488,8.000244,-0.023545,1924.4846,0.0,0.949123,129.783,0.218242,0.488984,0.292773,51200,98533610,819,65536,0,0,0,0
32550,242.469,226.285,7.977313,8.000488,-0.023175,8.000488,8.000244,-0.022931,1927.6491,0.0,0.949167,131.1728,0.217852,0.488125,0.294023,51200,98695634,790,65536,0,0,0,0
32600,242.837,226.628,7.97708,8.000488,-0.023408,8.000488,8.000244,-0.023164,1971.15,0.0,0.950614,134.6399,0.222637,0.479238,0.298125,51200,100922879,766,65536,0,0,0,0
32650,243.199,226.966,7.976589,8.000488,-0.023899,8.000488,8.000244,-0.023655,1962.058,0.0,0.950551,144.8095,0.22127,0.47834,0.300391,51200,100457369,787,65536,0,0,0,0
32700,243.566,227.309,7.975842,8.000488,-0.024647,8.000488,7.999634,-0.023792,2003.7334,0.0,0.951227,152.4186,0.225723,0.48582,0.288457,51200,102591149,818,65536,0,0,0,0
32750,243.976,227.694,7.976326,8.000488,-0.024163,8.000488,8.000122,-0.023796,2062.6195,0.0,0.953034,157.2328,0.234023,0.478613,0.287363,51200,105606119,752,65536,0,0,0,0
32800,244.343,228.038,7.976385,8.000488,-0.024104,8.000488,7.999756,-0.023371,2014.1641,0.0,0.952033,154.6329,0.228125,0.473516,0.298359,51200,103125203,804,65536,0,0,0,0
32850,244.713,228.384,7.976772,8.000488,-0.023716,8.000488,8.000488,-0.023716,1983.3515,0.0,0.951492,154.4518,0.223203,0.470215,0.306582,51200,101547596,748,65536,0,0,0,0
32900,245.073,228.719,7.976984,8.000488,-0.023504,8.000488,8.000488,-0.023504,1905.7377,0.0,0.949642,152.1803,0.214375,0.475254,0.310371,51200,97573770,776,65536,0,0,0,0
32950,245.426,229.048,7.976446,8.000488,-0.024042,8.000488,7.997925,-0.021479,1892.9823,0.0,0.949461,149.575,0.212402,0.469395,0.318203,51200,96920696,786,65534,0,0,0,0
33000,245.778,229.376,7.976473,8.000488,-0.024015,8.000488,7.998657,-0.022184,1883.2896,0.0,0.948793,139.5468,0.210293,0.477441,0.312266,51200,96424425,818,65536,0,0,0,0
33050,246.123,229.697,7.975949,8.000488,-0.024539,8.000488,7.998291,-0.022342,1838.4782,0.0,0.947396,125.9812,0.20584,0.483125,0.311035,51200,94130083,749,65536,0,0,0,0
33100,246.468,230.017,7.975791,8.000488,-0.024697,8.000488,7.998901,-0.02311,1842.9763,0.0,0.947477,127.3178,0.205996,0.484336,0.309668,51200,94360385,806,65536,0,0,0,0
33150,246.809,230.335,7.975277,8.000488,-0.025212,8.000488,7.999023,-0.023747,1841.4442,0.0,0.947758,124.3945,0.206797,0.474043,0.31916,51200,94281943,780,65536,0,0,0,0
33200,247.16,230.661,7.975228,8.000488,-0.02526,8.000488,7.998901,-0.023673,1885.4235,0.0,0.949047,126.6402,0.211562,0.470273,0.318164,51200,96533682,778,65536,0,0,0,0
33250,247.511,230.988,7.975428,8.000488,-0.025061,8.000488,7.998169,-0.022741,1884.9363,0.0,0.949004,148.3996,0.210801,0.475918,0.313281,51200,96508740,832,65536,0,0,0,0
33300,247.869,231.321,7.975499,8.000488,-0.02499,8.000488,7.998535,-0.023037,1922.9271,0.0,0.949658,156.6073,0.214961,0.482383,0.302656,51200,98453865,789,65536,0,0,0,0
33350,248.223,231.651,7.974921,8.000488,-0.025567,8.000488,7.997192,-0.022271,1903.6827,0.0,0.948971,142.9171,0.211836,0.483809,0.304355,51200,97468555,795,65536,0,0,0,0
33400,248.567,231.971,7.975387,8.000488,-0.025101,8.000488,7.999023,-0.023637,1837.5958,0.0,0.946906,142.9351,0.203691,0.493867,0.302441,51200,94084904,764,65536,0,0,0,0
33450,248.94,232.32,7.975527,8.000488,-0.024961,8.000488,7.998413,-0.022886,1874.9792,0.0,0.948174,134.1051,0.207344,0.489688,0.302969,51200,95998935,787,65536,0,0,0,0
33500,249.294,232.649,7.975613,8.000488,-0.024875,8.000488,7.998535,-0.022922,1909.8248,0.0,0.949045,126.0844,0.212051,0.486973,0.300977,51200,97783029,761,65536,0,0,0,0
33550,249.646,232.978,7.975715,8.000488,-0.024774,8.000488,7.998657,-0.022943,1886.3534,0.0,0.948286,124.3344,0.207949,0.488945,0.303105,51200,96581294,850,65536,0,0,0,0
33600,250.044,233.352,7.975174,8.000488,-0.025314,8.000488,7.998169,-0.022995,1911.7348,0.0,0.949073,127.5638,0.212188,0.486016,0.301797,51200,97880820,784,65536,0,0,0,0
33650,250.397,233.681,7.9755,8.000488,-0.024988,8.000488,7.998901,-0.023401,1905.3938,0.0,0.949278,127.9284,0.212832,0.478555,0.308613,51200,97556165,816,65536,0,0,0,0
33700,250.746,234.006,7.975405,8.000488,-0.025083,8.000488,7.999268,-0.023862,1882.0224,0.0,0.949231,125.8919,0.210195,0.464297,0.325508,51200,96359547,765,65536,0,0,0,0
33750,251.104,234.34,7.975199,8.000488,-0.02529,8.000488,7.998779,-0.023581,1947.9023,0.0,0.950746,134.3654,0.217852,0.467148,0.315,51200,99732599,804,65536,0,0,0,0
33800,251.468,234.68,7.974908,8.000488,-0.02558,8.000488,7.998047,-0.023139,1988.1907,0.0,0.951822,132.4792,0.222402,0.46252,0.315078,51200,101795364,784,65536,0,0,0,0
33850,251.836,235.023,7.974916,8.000488,-0.025572,8.000488,7.998413,-0.023497,2013.2368,0.0,0.952583,136.6059,0.226328,0.456934,0.316738,51200,103077726,811,65536,0,0,0,0
33900,252.232,235.395,7.974586,8.000488,-0.025902,8.000488,7.997681,-0.023094,2022.8266,0.0,0.952618,135.5182,0.228047,0.460098,0.311855,51200,103568723,774,65536,0,0,0,0
33950,252.604,235.743,7.973799,8.000488,-0.026689,8.000488,7.996948,-0.023149,2030.2539,0.0,0.952707,143.4189,0.227559,0.465957,0.306484,51200,103948999,821,65536,0,0,0,0
34000,252.978,236.093,7.974053,8.000488,-0.026435,8.000488,7.996948,-0.022895,2038.127,0.0,0.952759,155.8264,0.22918,0.470547,0.300273,51200,104352104,802,65536,0,0,0,0
34050,253.351,236.441,7.974156,8.000488,-0.026332,8.000488,7.997314,-0.023158,2035.9939,0.0,0.952888,154.3304,0.230312,0.463477,0.306211,51200,104242889,829,65536,0,0,0,0
34100,253.716,236.782,7.974292,8.000488,-0.026197,8.000488,7.997681,-0.023389,2000.1188,0.0,0.952187,151.7329,0.225977,0.460957,0.313066,51200,102406082,798,65536,0,0,0,0
34150,254.085,237.127,7.973595,8.000488,-0.026893,8.000488,7.996704,-0.023109,1997.5136,0.0,0.951773,153.1607,0.224414,0.465703,0.309883,51200,102272696,759,65536,0,0,0,0
34200,254.456,237.473,7.973994,8.000488,-0.026494,8.000488,7.996826,-0.022832,2010.4894,0.0,0.952037,154.0911,0.226406,0.464727,0.308867,51200,102937059,812,65536,0,0,0,0
34250,254.833,237.826,7.974431,8.000488,-0.026057,8.000488,7.996948,-0.022517,2013.3449,0.0,0.952179,154.9846,0.225391,0.465234,0.309375,51200,103083261,776,65536,0,0,0,0
34300,255.201,238.169,7.974677,8.000488,-0.025811,8.000488,7.997314,-0.022637,1983.1576,0.0,0.951432,152.0,0.22252,0.467949,0.309531,51200,101537667,833,65536,0,0,0,0
34350,255.562,238.507,7.973965,8.000488,-0.026524,8.000488,7.997192,-0.023228,1974.8514,0.0,0.951275,152.6577,0.220977,0.468516,0.310508,51200,101112393,775,65536,0,0,0,0
34400,255.926,238.847,7.973589,8.000488,-0.026899,8.000488,7.996826,-0.023237,1942.2145,0.0,0.950399,148.2198,0.217637,0.470586,0.311777,51200,99441384,747,65536,0,0,0,0
34450,256.282,239.178,7.974036,8.000488,-0.026452,8.000488,7.997803,-0.023767,1920.4836,0.0,0.950081,148.5153,0.215234,0.465527,0.319238,51200,98328758,746,65536,0,0,0,0
34500,256.646,239.518,7.974143,8.000488,-0.026345,8.000488,7.997925,-0.023782,1985.3879,0.0,0.951583,149.423,0.223223,0.462539,0.314238,51200,101651860,749,65536,0,0,0,0
34550,257.011,239.859,7.974352,8.000488,-0.026136,8.000488,7.998169,-0.023817,1953.9601,0.0,0.950805,147.59,0.220547,0.464941,0.314512,51200,100042759,778,65536,0,0,0,0
34600,257.375,240.198,7.97456,8.000488,-0.025928,8.000488,7.998779,-0.024219,1933.9261,0.0,0.950928,152.0454,0.219883,0.45666,0.323457,51200,99017014,786,65536,0,0,0,0
34650,257.749,240.549,7.974718,8.000488,-0.02577,8.000488,7.99939,-0.024671,1948.1907,0.0,0.951092,154.7999,0.221992,0.459434,0.318574,51200,99747362,721,65536,0,0,0,0
34700,258.11,240.886,7.974562,8.000488,-0.025926,8.000488,7.999512,-0.02495,1933.1402,0.0,0.950554,153.4811,0.21918,0.456875,0.323945,51200,98976776,793,65536,0,0,0,0
34750,258.465,241.217,7.973667,8.000488,-0.026822,8.000488,7.999146,-0.025479,1934.6954,0.0,0.950336,151.2963,0.21959,0.464668,0.315742,51200,99056406,754,65536,0,0,0,0
34800,258.819,241.547,7.97327,8.000488,-0.027218,8.000488,7.998535,-0.025265,1918.0165,0.0,0.949666,142.8114,0.217383,0.467441,0.315176,51200,98202443,760,65536,0,0,0,0
34850,259.174,241.879,7.973083,8.000488,-0.027406,8.000488,7.998169,-0.025086,1921.9041,0.0,0.949881,145.0519,0.218047,0.466543,0.31541,51200,98401492,842,65536,0,0,0,0
34900,259.527,242.206,7.973188,8.000488,-0.0273,8.000488,7.998535,-0.025347,1908.5463,0.0,0.949271,141.5363,0.21625,0.47043,0.31332,51200,97717570,803,65536,0,0,0,0
34950,259.885,242.539,7.973594,8.000488,-0.026895,8.000488,7.998657,-0.025064,1920.9945,0.0,0.949537,147.3353,0.216738,0.469199,0.314062,51200,98354917,786,65536,0,0,0,0
35000,260.251,242.879,7.974534,8.000488,-0.025954,8.000488,7.999512,-0.024978,1964.3603,0.0,0.95092,147.6703,0.220977,0.465273,0.31375,51200,100575247,755,65536,0,0,0,0
35050,260.611,243.217,7.975036,8.000488,-0.025452,8.000488,7.999512,-0.024476,1963.3286,0.0,0.951056,151.1857,0.222168,0.461582,0.31625,51200,100522423,813,65536,0,0,0,0
35100,260.972,243.556,7.974457,8.000488,-0.026031,8.000488,7.998535,-0.024078,1931.717,0.0,0.950217,148.1443,0.21666,0.467285,0.316055,51200,98903908,817,65536,0,0,0,0
35150,261.326,243.888,7.974654,8.000488,-0.025834,8.000488,7.998413,-0.023759,1933.1961,0.0,0.950195,146.6486,0.216836,0.467695,0.315469,51200,98979642,857,65536,0,0,0,0
35200,261.682,244.222,7.975302,8.000488,-0.025186,8.000488,7.999512,-0.02421,1931.74,0.0,0.949729,148.5741,0.216328,0.474922,0.30875,51200,98905086,766,65536,0,0,0,0
35250,262.046,244.562,7.974753,8.000488,-0.025735,8.000488,7.999268,-0.024514,1951.2033,0.0,0.950528,159.5202,0.218457,0.467129,0.314414,51200,99901610,821,65536,0,0,0,0
35300,262.419,244.913,7.9736,8.000488,-0.026888,8.000488,7.997803,-0.024202,1947.8266,0.0,0.950458,138.9585,0.217871,0.46916,0.312969,51200,99728722,852,65536,0,0,0,0
35350,262.79,245.262,7.973822,8.000488,-0.026667,8.000488,7.998413,-0.024591,1976.4687,0.0,0.951127,140.3138,0.220723,0.470762,0.308516,51200,101195197,787,65536,0,0,0,0
35400,263.161,245.61,7.973225,8.000488,-0.027264,8.000488,7.998169,-0.024944,1983.7368,0.0,0.951497,138.5658,0.223945,0.466875,0.30918,51200,101567324,814,65536,0,0,0,0
35450,263.519,245.946,7.973077,8.000488,-0.027412,8.000488,7.998169,-0.025092,1952.1021,0.0,0.950755,134.5246,0.220781,0.467969,0.31125,51200,99947629,796,65536,0,0,0,0
35500,263.878,246.282,7.972814,8.000488,-0.027675,8.000488,7.998047,-0.025233,1941.7424,0.0,0.950366,134.5493,0.217793,0.473105,0.309102,51200,99417209,805,65536,0,0,0,0
35550,264.248,246.63,7.973418,8.000488,-0.02707,8.000488,7.998291,-0.024873,1996.9265,0.0,0.951738,138.5887,0.224199,0.466133,0.309668,51200,102242636,779,65536,0,0,0,0
35600,264.613,246.973,7.97281,8.000488,-0.027678,8.000488,7.997559,-0.024749,2017.227,0.0,0.952352,152.9669,0.226953,0.465742,0.307305,51200,103282021,775,65536,0,0,0,0
35650,264.982,247.318,7.973458,8.000488,-0.02703,8.000488,7.997925,-0.024467,2042.6744,0.0,0.952782,151.2962,0.22998,0.466309,0.303711,51200,104584929,818,65536,0,0,0,0
35700,265.356,247.671,7.9742,8.000488,-0.026288,8.000488,7.998657,-0.024457,2050.8174,0.0,0.952995,147.4092,0.23123,0.46502,0.30375,51200,105001851,763,65536,0,0,0,0
35750,265.722,248.015,7.974842,8.000488,-0.025646,8.000488,7.999268,-0.024425,2054.2599,0.0,0.953281,154.8526,0.2325,0.462578,0.304922,51200,105178106,810,65536,0,0,0,0
35800,266.104,248.372,7.974126,8.000488,-0.026362,8.000488,7.999023,-0.024898,2080.338,0.0,0.953795,159.7263,0.23541,0.458438,0.306152,51200,106513306,762,65536,0,0,0,0
35850,266.483,248.727,7.974462,8.000488,-0.026026,8.000488,7.999268,-0.024805,2046.9332,0.0,0.95321,162.6747,0.232188,0.456582,0.31123,51200,104802978,804,65536,0,0,0,0
35900,266.857,249.077,7.974575,8.000488,-0.025913,8.000488,7.99939,-0.024814,2028.1198,0.0,0.952242,161.6079,0.229316,0.4675,0.303184,51200,103839736,813,65536,0,0,0,0
35950,267.228,249.424,7.973527,8.000488,-0.026962,8.000488,7.998047,-0.02452,2059.2996,0.0,0.952861,160.9825,0.232109,0.468125,0.299766,51200,105436138,762,65536,0,0,0,0
36000,267.605,249.777,7.974029,8.000488,-0.026459,8.000488,7.998535,-0.024506,2093.6255,0.0,0.953877,165.531,0.236641,0.463086,0.300273,51200,107193627,809,65536,0,0,0,0
36050,267.99,250.138,7.97381,8.000488,-0.026678,8.000488,7.998047,-0.024237,2155.4063,0.0,0.955692,170.0558,0.245273,0.451914,0.302812,51200,110356801,792,65536,0,0,0,0
36100,268.378,250.503,7.973795,8.000488,-0.026693,8.000488,7.998169,-0.024374,2187.3388,0.0,0.956608,175.3277,0.249531,0.442617,0.307852,51200,111991748,775,65536,0,0,0,0
36150,268.766,250.866,7.973524,8.000488,-0.026964,8.000488,7.998047,-0.024523,2170.3852,0.0,0.956769,178.0203,0.24918,0.43457,0.31625,51200,111123723,758,65536,0,0,0,0
36200,269.156,251.232,7.973411,8.000488,-0.027077,8.000488,7.998413,-0.025002,2181.7268,0.0,0.956932,180.3281,0.250957,0.434434,0.314609,51200,111704413,794,65536,0,0,0,0
36250,269.542,251.594,7.973784,8.000488,-0.026704,8.000488,7.998657,-0.024873,2140.5727,0.0,0.956074,181.5428,0.245723,0.440469,0.313809,51200,109597323,821,65536,0,0,0,0
36300,269.92,251.948,7.973479,8.000488,-0.027009,8.000488,7.998169,-0.024689,2091.6002,0.0,0.954902,178.2682,0.240215,0.444492,0.315293,51200,107089929,783,65536,0,0,0,0
36350,270.3,252.304,7.973422,8.000488,-0.027066,8.000488,7.998169,-0.024746,2099.9302,0.0,0.954941,182.0978,0.240469,0.444512,0.31502,51200,107516428,830,65536,0,0,0,0
36400,270.692,252.672,7.974586,8.000488,-0.025902,8.000488,7.99939,-0.024803,2168.1434,0.0,0.956382,188.006,0.24873,0.43873,0.312539,51200,111008941,827,65536,0,0,0,0
36450,271.078,253.034,7.973439,8.000488,-0.02705,8.000488,7.998169,-0.02473,2150.3524,0.0,0.956198,183.4742,0.246914,0.435273,0.317812,51200,110098043,774,65536,0,0,0,0
36500,271.47,253.402,7.97317,8.000488,-0.027318,8.000488,7.997803,-0.024633,2180.8926,0.0,0.956844,191.2121,0.251035,0.431426,0.317539,51200,111661702,774,65536,0,0,0,0
36550,271.858,253.767,7.973525,8.000488,-0.026963,8.000488,7.997803,-0.024278,2169.9471,0.0,0.956472,187.5376,0.248984,0.438125,0.312891,51200,111101293,795,65536,0,0,0,0
36600,272.244,254.128,7.973289,8.000488,-0.027199,8.000488,7.998047,-0.024758,2134.2114,0.0,0.955698,183.0138,0.244785,0.443008,0.312207,51200,109271623,760,65536,0,0,0,0
36650,272.633,254.494,7.972982,8.000488,-0.027506,8.000488,7.998047,-0.025065,2168.6627,0.0,0.956183,179.817,0.248438,0.45082,0.300742,51200,111035532,847,65536,0,0,0,0
36700,273.032,254.867,7.973065,8.000488,-0.027423,8.000488,7.998291,-0.025226,2159.4636,0.0,0.956264,181.9935,0.247461,0.446465,0.306074,51200,110564535,765,65536,0,0,0,0
36750,273.43,255.24,7.973644,8.000488,-0.026844,8.000488,7.998901,-0.025257,2155.7302,0.0,0.956189,189.9133,0.245801,0.447617,0.306582,51200,110373385,797,65536,0,0,0,0
36800,273.82,255.607,7.974221,8.000488,-0.026267,8.000488,7.999512,-0.025291,2123.2972,0.0,0.955451,184.5012,0.241484,0.451797,0.306719,51200,108712815,816,65536,0,0,0,0
36850,274.198,255.961,7.973568,8.000488,-0.02692,8.000488,7.99939,-0.025822,2068.7658,0.0,0.954051,181.2266,0.234961,0.45709,0.307949,51200,105920809,751,65536,0,0,0,0
36900,274.578,256.317,7.973309,8.000488,-0.02718,8.000488,7.998657,-0.025349,2091.6179,0.0,0.954466,182.5806,0.23748,0.457773,0.304746,51200,107090835,771,65536,0,0,0,0
36950,274.991,256.706,7.973076,8.000488,-0.027412,8.000488,7.998291,-0.025215,2031.627,0.0,0.953072,181.0584,0.229082,0.461719,0.309199,51200,104019300,827,65536,0,0,0,0
37000,275.368,257.058,7.973031,8.000488,-0.027457,8.000488,7.998535,-0.025504,2060.9391,0.0,0.953952,187.4055,0.233867,0.45291,0.313223,51200,105520082,791,65536,0,0,0,0
37050,275.745,257.411,7.97342,8.000488,-0.027068,8.000488,7.998535,-0.025115,2057.0829,0.0,0.953853,184.1186,0.234023,0.453164,0.312812,51200,105322643,821,65536,0,0,0,0
37100,276.121,257.763,7.973313,8.000488,-0.027175,8.000488,7.998657,-0.025344,2049.3689,0.0,0.953721,178.3976,0.233652,0.454434,0.311914,51200,104927690,763,65536,0,0,0,0
37150,276.491,258.108,7.973734,8.000488,-0.026754,8.000488,7.998535,-0.024801,1964.2258,0.0,0.951721,175.2606,0.22252,0.456309,0.321172,51200,100568360,834,65536,0,0,0,0
37200,276.859,258.451,7.973987,8.000488,-0.026501,8.000488,7.998901,-0.024914,1949.8574,0.0,0.951167,180.7311,0.220684,0.461699,0.317617,51200,99832701,744,65536,0,0,0,0
37250,277.26,258.828,7.973942,8.000488,-0.026547,8.000488,7.999268,-0.025326,1961.4821,0.0,0.951529,176.9969,0.221582,0.463672,0.314746,51200,100427883,824,65536,0,0,0,0
37300,277.627,259.171,7.973859,8.000488,-0.02663,8.000488,7.99939,-0.025531,2008.6955,0.0,0.952704,192.1188,0.226797,0.461328,0.311875,51200,102845212,770,65536,0,0,0,0
37350,277.993,259.512,7.973296,8.000488,-0.027193,8.000488,7.999146,-0.02585,1980.0468,0.0,0.951894,191.9769,0.222617,0.469902,0.30748,51200,101378395,826,65536,0,0,0,0
37400,278.365,259.86,7.973439,8.000488,-0.027049,8.000488,7.998779,-0.02534,1995.499,0.0,0.952148,194.4258,0.224141,0.466133,0.309727,51200,102169548,816,65536,0,0,0,0
37450,278.728,260.199,7.974117,8.000488,-0.026371,8.000488,7.999512,-0.025395,1958.7445,0.0,0.951203,193.7262,0.221094,0.472227,0.30668,51200,100287716,813,65536,0,0,0,0
37500,279.092,260.539,7.973442,8.000488,-0.027046,8.000488,7.999146,-0.025703,1959.6943,0.0,0.950813,185.3089,0.221426,0.476992,0.301582,51200,100336348,762,65536,0,0,0,0
37550,279.451,260.873,7.973717,8.000488,-0.026772,8.000488,7.998901,-0.025185,1902.6443,0.0,0.949367,194.9533,0.214141,0.477773,0.308086,51200,97415387,800,65536,0,0,0,0
37600,279.803,261.201,7.974555,8.000488,-0.025933,8.000488,7.99939,-0.024834,1843.9181,0.0,0.947555,202.3572,0.206602,0.485996,0.307402,51200,94408609,780,65536,0,0,0,0
37650,280.147,261.52,7.975043,8.000488,-0.025446,8.000488,7.999756,-0.024713,1797.8533,0.0,0.946394,184.9394,0.20084,0.481953,0.317207,51200,92050089,761,65536,0,0,0,0
37700,280.499,261.849,7.974613,8.000488,-0.025875,8.000488,7.999268,-0.024654,1824.4323,0.0,0.947086,190.872,0.204512,0.483535,0.311953,51200,93410933,796,65536,0,0,0,0
37750,280.843,262.169,7.974759,8.000488,-0.025729,8.000488,7.999756,-0.024997,1806.19,0.0,0.94663,192.315,0.201973,0.485703,0.312324,51200,92476928,765,65536,0,0,0,0
37800,281.184,262.486,7.974954,8.000488,-0.025534,8.000488,8.00061,-0.025656,1768.9044,0.0,0.945655,183.1786,0.198477,0.483418,0.318105,51200,90567903,810,65536,0,0,0,0
37850,281.544,262.815,7.97506,8.000488,-0.025428,8.000488,8.001343,-0.026282,1791.923,0.0,0.946133,178.8854,0.20084,0.483965,0.315195,51200,91746460,791,65536,0,0,0,0
37900,281.896,263.144,7.97526,8.000488,-0.025228,8.000488,8.000854,-0.025594,1797.9095,0.0,0.946387,188.1305,0.203262,0.481055,0.315684,51200,92052966,766,65536,0,0,0,0
37950,282.309,263.532,7.976358,8.000488,-0.024131,8.000488,8.001343,-0.024985,1834.0799,0.0,0.94748,192.5286,0.207266,0.481348,0.311387,51200,93904893,769,65536,0,0,0,0
38000,282.728,263.916,7.97611,8.000488,-0.024379,8.000488,8.001465,-0.025355,1857.6761,0.0,0.948228,178.7499,0.210137,0.47916,0.310703,51200,95113017,793,65536,0,0,0,0
38050,283.086,264.249,7.975875,8.000488,-0.024614,8.000488,8.001221,-0.025346,1817.2944,0.0,0.947202,169.4596,0.204883,0.479961,0.315156,51200,93045475,797,65536,0,0,0,0
38100,283.435,264.573,7.97604,8.000488,-0.024449,8.000488,8.001465,-0.025425,1812.1514,0.0,0.947248,159.3472,0.205977,0.476035,0.317988,51200,92782153,778,65536,0,0,0,0
38150,283.78,264.894,7.976462,8.000488,-0.024027,8.000488,8.001465,-0.025003,1812.6974,0.0,0.947035,166.5468,0.205508,0.478164,0.316328,51200,92810109,807,65536,0,0,0,0
38200,284.12,265.209,7.976264,8.000488,-0.024224,8.000488,8.001221,-0.024957,1785.4209,0.0,0.946246,157.272,0.201016,0.476992,0.321992,51200,91413551,755,65536,0,0,0,0
38250,284.474,265.538,7.976419,8.000488,-0.024069,8.000488,8.001465,-0.025046,1749.1446,0.0,0.945307,156.464,0.196484,0.475039,0.328477,51200,89556203,771,65536,0,0,0,0
38300,284.819,265.856,7.975948,8.000488,-0.02454,8.000488,8.000732,-0.024785,1744.4236,0.0,0.944968,154.4157,0.196426,0.479688,0.323887,51200,89314490,783,65536,0,0,0,0
38350,285.165,266.178,7.975904,8.000488,-0.024584,8.000488,8.00061,-0.024706,1816.582,0.0,0.947509,159.7441,0.205195,0.46793,0.326875,51200,93008996,809,65536,0,0,0,0
38400,285.501,266.49,7.975962,8.000488,-0.024527,8.000488,8.000488,-0.024527,1762.8017,0.0,0.945787,153.2786,0.197324,0.472891,0.329785,51200,90255449,774,65536,0,0,0,0
38450,285.849,266.813,7.97561,8.000488,-0.024878,8.000488,8.000122,-0.024512,1841.0388,0.0,0.947805,156.3749,0.205664,0.477227,0.317109,51200,94261189,787,65536,0,0,0,0
38500,286.225,267.165,7.975623,8.000488,-0.024866,8.000488,7.999512,-0.023889,1813.1799,0.0,0.94684,150.7645,0.201875,0.478984,0.319141,51200,92834813,768,65536,0,0,0,0
38550,286.58,267.496,7.975119,8.000488,-0.025369,8.000488,7.999634,-0.024515,1862.9283,0.0,0.948199,150.5846,0.20666,0.477578,0.315762,51200,95381928,783,65536,0,0,0,0
38600,286.927,267.818,7.975091,8.000488,-0.025397,8.000488,7.999634,-0.024543,1841.9184,0.0,0.947336,143.4246,0.204492,0.48043,0.315078,51200,94306222,820,65536,0,0,0,0
38650,287.281,268.148,7.975362,8.000488,-0.025126,8.000488,7.999878,-0.024516,1869.3659,0.0,0.947963,149.6977,0.206895,0.483945,0.30916,51200,95711532,759,65536,0,0,0,0
38700,287.634,268.476,7.975888,8.000488,-0.0246,8.000488,8.000366,-0.024478,1865.3991,0.0,0.94794,150.5267,0.207402,0.480684,0.311914,51200,95508435,804,65536,0,0,0,0
38750,287.989,268.807,7.975713,8.000488,-0.024776,8.000488,8.000122,-0.024409,1907.0805,0.0,0.949158,152.3527,0.212129,0.477109,0.310762,51200,97642520,774,65536,0,0,0,0
38800,288.346,269.138,7.975105,8.000488,-0.025384,8.000488,7.999268,-0.024163,1867.7612,0.0,0.947824,149.7214,0.207754,0.482324,0.309922,51200,95629372,803,65536,0,0,0,0
38850,288.699,269.468,7.974833,8.000488,-0.025656,8.000488,7.999146,-0.024313,1885.5832,0.0,0.948239,148.2514,0.211582,0.481914,0.306504,51200,96541862,794,65536,0,0,0,0
38900,289.046,269.79,7.975066,8.000488,-0.025423,8.000488,7.999146,-0.02408,1846.8502,0.0,0.94711,142.2171,0.207148,0.483242,0.309609,51200,94558728,780,65536,0,0,0,0
38950,289.391,270.111,7.97625,8.000488,-0.024238,8.000488,8.0,-0.02375,1851.3553,0.0,0.947103,140.8556,0.20875,0.485742,0.305508,51200,94789393,772,65536,0,0,0,0
39000,289.737,270.434,7.975923,8.000488,-0.024566,8.000488,7.999756,-0.023833,1866.2922,0.0,0.947949,141.7868,0.211133,0.477988,0.310879,51200,95554162,777,65536,0,0,0,0
39050,290.098,270.77,7.976209,8.000488,-0.02428,8.000488,8.000244,-0.024036,1899.2898,0.0,0.94838,145.1115,0.214355,0.485879,0.299766,51200,97243640,844,65536,0,0,0,0
39100,290.452,271.1,7.976843,8.000488,-0.023645,8.000488,8.000732,-0.023889,1918.4067,0.0,0.948996,146.5186,0.217773,0.483203,0.299023,51200,98222424,788,65536,0,0,0,0
39150,290.802,271.426,7.97644,8.000488,-0.024049,8.000488,8.000488,-0.024049,1880.6196,0.0,0.947966,139.4761,0.212188,0.481191,0.306621,51200,96287723,789,65536,0,0,0,0
39200,291.153,271.752,7.976279,8.000488,-0.024209,8.000488,8.000244,-0.023965,1874.6351,0.0,0.947989,141.1066,0.210918,0.479648,0.309434,51200,95981317,771,65536,0,0,0,0
39250,291.507,272.082,7.976013,8.000488,-0.024475,8.000488,8.000244,-0.024231,1872.9731,0.0,0.947715,144.6427,0.210352,0.486875,0.302773,51200,95896221,750,65536,0,0,0,0
39300,291.865,272.416,7.976217,8.000488,-0.024271,8.000488,8.000488,-0.024271,1915.7068,0.0,0.94898,147.3128,0.216074,0.482148,0.301777,51200,98084187,748,65536,0,0,0,0
39350,292.222,272.749,7.976055,8.000488,-0.024433,8.000488,8.000488,-0.024433,1929.44,0.0,0.949238,147.434,0.216934,0.479375,0.303691,51200,98787330,774,65536,0,0,0,0
39400,292.575,273.078,7.975688,8.000488,-0.0248,8.000488,8.000488,-0.0248,1902.9465,0.0,0.948482,145.9159,0.213379,0.483281,0.30334,51200,97430859,801,65536,0,0,0,0
39450,292.929,273.406,7.975596,8.000488,-0.024892,8.000488,8.000488,-0.024892,1902.8836,0.0,0.948408,150.0024,0.212715,0.485332,0.301953,51200,97427639,780,65536,0,0,0,0
39500,293.284,273.738,7.975822,8.000488,-0.024667,8.000488,8.000366,-0.024545,1911.6451,0.0,0.94868,153.7028,0.212754,0.489609,0.297637,51200,97876231,772,65536,0,0,0,0
39550,293.634,274.063,7.976165,8.000488,-0.024323,8.000488,8.000854,-0.024689,1893.954,0.0,0.94814,154.1835,0.210273,0.487793,0.301934,51200,96970447,773,65536,0,0,0,0
39600,293.992,274.398,7.976008,8.000488,-0.02448,8.000488,8.000366,-0.024358,1902.9554,0.0,0.948224,155.3947,0.211113,0.490234,0.298652,51200,97431317,824,65536,0,0,0,0
39650,294.342,274.723,7.975935,8.000488,-0.024553,8.000488,8.000488,-0.024553,1864.8236,0.0,0.946871,150.7593,0.207422,0.496992,0.295586,51200,95478970,789,65536,0,0,0,0
39700,294.713,275.07,7.976442,8.000488,-0.024046,8.000488,8.001343,-0.0249,1960.4081,0.0,0.949936,163.9783,0.221621,0.484355,0.294023,51200,100372897,801,65536,0,0,0,0
39750,295.074,275.407,7.976161,8.000488,-0.024327,8.000488,8.000854,-0.024693,1943.9649,0.0,0.949435,176.8661,0.220195,0.485449,0.294355,51200,99531002,776,65536,0,0,0,0
39800,295.483,275.789,7.976689,8.000488,-0.023799,8.000488,8.001099,-0.02441,1914.7537,0.0,0.948557,164.6887,0.216152,0.488633,0.295215,51200,98035388,739,65536,0,0,0,0
39850,295.834,276.117,7.976846,8.000488,-0.023642,8.000488,8.001099,-0.024253,1878.8604,0.0,0.947289,150.6463,0.211934,0.496348,0.291719,51200,96197653,785,65536,0,0,0,0
39900,296.182,276.442,7.976296,8.000488,-0.024193,8.000488,8.000977,-0.024681,1846.6016,0.0,0.945994,149.1946,0.206992,0.507383,0.285625,51200,94546000,776,65536,0,0,0,0
39950,296.528,276.763,7.97593,8.000488,-0.024558,8.000488,8.000732,-0.024802,1841.3386,0.0,0.945717,144.2784,0.204805,0.504629,0.290566,51200,94276538,777,65536,0,0,0,0
40000,296.873,277.076,7.97616,8.000488,-0.024329,8.000488,8.000854,-0.024695,1800.8075,0.0,0.944526,144.0268,0.197812,0.507422,0.294766,51200,92201344,802,65536,0,0,0,0
40050,297.218,277.397,7.975712,8.000488,-0.024777,8.000488,8.0,-0.024288,1839.9063,0.0,0.94555,142.5912,0.20043,0.504375,0.295195,51200,94203204,787,65536,0,0,0,0
40100,297.559,277.714,7.976255,8.000488,-0.024233,8.000488,8.000488,-0.024233,1812.3399,0.0,0.945045,138.6348,0.197305,0.502383,0.300312,51200,92791805,813,65536,0,0,0,0
40150,297.907,278.037,7.976906,8.000488,-0.023582,8.000488,8.001221,-0.024315,1869.4428,0.0,0.946695,144.2073,0.204922,0.503027,0.292051,51200,95715473,755,65536,0,0,0,0
40200,298.305,278.411,7.977094,8.000488,-0.023394,8.000488,8.001099,-0.024004,1846.5388,0.0,0.946018,158.4781,0.201992,0.50334,0.294668,51200,94542788,743,65536,0,0,0,0
40250,298.661,278.741,7.97687,8.000488,-0.023619,8.000488,8.000732,-0.023863,1876.1006,0.0,0.946897,164.1021,0.206289,0.506914,0.286797,51200,96056352,742,65536,0,0,0,0
40300,299.047,279.102,7.976564,8.000488,-0.023924,8.000488,8.000366,-0.023802,1895.4942,0.0,0.947562,168.8757,0.210039,0.49959,0.290371,51200,97049303,799,65536,0,0,0,0
40350,299.409,279.44,7.976727,8.000488,-0.023761,8.000488,8.000366,-0.023639,1942.0189,0.0,0.949278,176.0241,0.217129,0.489609,0.293262,51200,99431366,803,65536,0,0,0,0
40400,299.768,279.775,7.976095,8.000488,-0.024393,8.000488,8.000488,-0.024393,1929.0469,0.0,0.948785,159.8844,0.215156,0.489844,0.295,51200,98767201,762,65536,0,0,0,0
40450,300.13,280.113,7.97556,8.000488,-0.024928,8.000488,8.000122,-0.024562,1949.8808,0.0,0.949451,153.1292,0.216289,0.485,0.298711,51200,99833899,795,65536,0,0,0,0
40500,300.493,280.452,7.975721,8.000488,-0.024768,8.000488,8.0,-0.024279,1954.7579,0.0,0.949334,148.304,0.216602,0.489277,0.294121,51200,100083605,803,65536,0,0,0,0
40550,300.855,280.79,7.975292,8.000488,-0.025196,8.000488,7.999878,-0.024586,1949.7079,0.0,0.949125,146.6631,0.215117,0.487949,0.296934,51200,99825046,787,65536,0,0,0,0
40600,301.211,281.122,7.975593,8.000488,-0.024895,8.000488,7.999878,-0.024285,1922.2742,0.0,0.94863,141.7514,0.211992,0.48625,0.301758,51200,98420440,767,65536,0,0,0,0
40650,301.567,281.455,7.975968,8.000488,-0.024521,8.000488,7.999756,-0.023788,1908.2019,0.0,0.948442,139.1274,0.212188,0.48584,0.301973,51200,97699935,836,65536,0,0,0,0
40700,301.926,281.789,7.974694,8.000488,-0.025795,8.000488,7.999512,-0.024818,1926.0666,0.0,0.948408,146.3263,0.212988,0.496172,0.29084,51200,98614611,781,65536,0,0,0,0
40750,302.285,282.125,7.975721,8.000488,-0.024768,8.000488,7.999756,-0.024035,1930.2365,0.0,0.948777,146.5677,0.214141,0.489414,0.296445,51200,98828108,825,65536,0,0,0,0
40800,302.647,282.462,7.974494,8.000488,-0.025995,8.000488,7.998535,-0.024042,1926.445,0.0,0.948566,154.619,0.214531,0.491582,0.293887,51200,98633984,741,65536,0,0,0,0
40850,303.014,282.806,7.974947,8.000488,-0.025541,8.000488,7.999268,-0.024321,1964.442,0.0,0.949617,158.6007,0.219258,0.487363,0.293379,51200,100579432,762,65536,0,0,0,0
40900,303.378,283.146,7.974632,8.000488,-0.025856,8.000488,7.998657,-0.024025,1962.6757,0.0,0.949836,158.5257,0.220312,0.479805,0.299883,51200,100488997,758,65536,0,0,0,0
40950,303.74,283.483,7.974027,8.000488,-0.026461,8.000488,7.998169,-0.024142,1959.8337,0.0,0.949661,159.5568,0.219902,0.48668,0.293418,51200,100343486,799,65536,0,0,0,0
41000,304.11,283.829,7.974532,8.000488,-0.025956,8.000488,7.998901,-0.024369,1982.5942,0.0,0.949902,155.1873,0.221172,0.488652,0.290176,51200,101508821,854,65536,0,0,0,0
41050,304.475,284.169,7.974907,8.000488,-0.025581,8.000488,7.999878,-0.024971,1985.666,0.0,0.949681,158.2949,0.219355,0.494473,0.286172,51200,101666099,771,65536,0,0,0,0
41100,304.84,284.51,7.975385,8.000488,-0.025104,8.000488,8.0,-0.024615,1991.1042,0.0,0.949675,149.0071,0.218027,0.501504,0.280469,51200,101944534,746,65536,0,0,0,0
41150,305.209,284.855,7.974109,8.000488,-0.026379,8.000488,7.999146,-0.025036,1953.1741,0.0,0.948902,148.2393,0.21293,0.500098,0.286973,51200,100002513,774,65536,0,0,0,0
41200,305.586,285.208,7.973353,8.000488,-0.027135,8.000488,7.998535,-0.025182,2068.5164,0.0,0.951893,163.137,0.226992,0.489629,0.283379,51200,105908041,812,65536,0,0,0,0
41250,305.964,285.561,7.973409,8.000488,-0.02708,8.000488,7.998657,-0.025248,2058.8033,0.0,0.9513,161.4962,0.227148,0.495586,0.277266,51200,105410730,796,65536,0,0,0,0
41300,306.339,285.912,7.973439,8.000488,-0.027049,8.000488,7.998413,-0.024974,2017.7733,0.0,0.950553,158.4606,0.22375,0.497402,0.278848,51200,103309995,825,65536,0,0,0,0
41350,306.703,286.253,7.973693,8.000488,-0.026796,8.000488,7.998413,-0.02472,1987.0641,0.0,0.949776,153.5575,0.220234,0.497148,0.282617,51200,101737683,821,65536,0,0,0,0
41400,307.078,286.604,7.974083,8.000488,-0.026405,8.000488,7.99939,-0.025307,2027.2047,0.0,0.950677,155.1519,0.225234,0.496523,0.278242,51200,103792883,859,65536,0,0,0,0
41450,307.458,286.959,7.975036,8.000488,-0.025452,8.000488,7.999756,-0.02472,2052.1024,0.0,0.951492,156.4183,0.229395,0.491172,0.279434,51200,105067642,773,65536,0,0,0,0
41500,307.844,287.321,7.974824,8.000488,-0.025665,8.000488,7.999756,-0.024932,2083.956,0.0,0.952232,159.563,0.235098,0.488574,0.276328,51200,106698548,764,65536,0,0,0,0
41550,308.218,287.671,7.974805,8.000488,-0.025683,8.000488,7.99939,-0.024585,2013.3143,0.0,0.950785,154.7934,0.225723,0.488574,0.285703,51200,103081692,762,65536,0,0,0,0
41600,308.6,288.03,7.974213,8.000488,-0.026275,8.000488,7.999268,-0.025054,2043.0926,0.0,0.951318,154.7505,0.229727,0.488926,0.281348,51200,104606341,752,65536,0,0,0,0
41650,308.972,288.377,7.974416,8.000488,-0.026072,8.000488,7.999512,-0.025096,2021.4395,0.0,0.950979,155.5793,0.228184,0.488809,0.283008,51200,103497703,809,65536,0,0,0,0
41700,309.34,288.721,7.974166,8.000488,-0.026322,8.000488,7.999146,-0.02498,2008.7543,0.0,0.950584,155.7487,0.226523,0.490469,0.283008,51200,102848221,797,65536,0,0,0,0
41750,309.705,289.061,7.973833,8.000488,-0.026655,8.000488,7.998169,-0.024336,1980.067,0.0,0.950414,152.6386,0.221152,0.484512,0.294336,51200,101379429,783,65536,0,0,0,0
41800,310.074,289.403,7.97327,8.000488,-0.027218,8.000488,7.997681,-0.02441,1939.2375,0.0,0.949206,146.9373,0.216387,0.489277,0.294336,51200,99288960,782,65536,0,0,0,0
41850,310.452,289.756,7.973408,8.000488,-0.02708,8.000488,7.997925,-0.024516,1896.4618,0.0,0.947601,145.6796,0.210742,0.500957,0.288301,51200,97098842,826,65536,0,0,0,0
41900,310.802,290.082,7.972614,8.000488,-0.027874,8.000488,7.998047,-0.025433,1872.5196,0.0,0.947148,144.3111,0.210078,0.499297,0.290625,51200,95873003,778,65536,0,0,0,0
41950,311.155,290.409,7.972654,8.000488,-0.027834,8.000488,7.998169,-0.025515,1890.7186,0.0,0.947669,148.1011,0.211426,0.495605,0.292969,51200,96804791,810,65536,0,0,0,0
42000,311.515,290.743,7.973607,8.000488,-0.026881,8.000488,7.998535,-0.024928,1917.8632,0.0,0.948622,152.9533,0.215059,0.490254,0.294688,51200,98194598,763,65536,0,0,0,0
42050,311.881,291.085,7.973603,8.000488,-0.026885,8.000488,7.999023,-0.025421,1950.4932,0.0,0.949341,148.9137,0.220293,0.489531,0.290176,51200,99865251,783,65536,0,0,0,0
42100,312.24,291.42,7.974459,8.000488,-0.026029,8.000488,7.999146,-0.024686,1929.2447,0.0,0.948549,143.3093,0.217383,0.492109,0.290508,51200,98777327,782,65536,0,0,0,0
42150,312.602,291.758,7.974576,8.000488,-0.025912,8.000488,7.998901,-0.024325,1966.5028,0.0,0.949826,149.4018,0.221895,0.487637,0.290469,51200,100684944,853,65536,0,0,0,0
42200,312.969,292.099,7.97352,8.000488,-0.026969,8.000488,7.998413,-0.024894,1966.3402,0.0,0.949723,149.2304,0.221543,0.492207,0.28625,51200,100676620,807,65536,0,0,0,0
42250,313.331,292.437,7.973381,8.000488,-0.027107,8.000488,7.997925,-0.024544,1975.7767,0.0,0.950128,149.9408,0.22248,0.485801,0.291719,51200,101159767,762,65536,0,0,0,0
42300,313.689,292.771,7.973767,8.000488,-0.026721,8.000488,7.998535,-0.024768,1958.6731,0.0,0.949525,140.4983,0.220918,0.49,0.289082,51200,100284065,769,65536,0,0,0,0
42350,314.055,293.112,7.974307,8.000488,-0.026181,8.000488,7.998901,-0.024594,1961.6389,0.0,0.949714,149.3477,0.221602,0.49,0.288398,51200,100435911,757,65536,0,0,0,0
42400,314.42,293.453,7.974049,8.000488,-0.026439,8.000488,7.999146,-0.025097,1969.846,0.0,0.94998,151.3874,0.222363,0.492949,0.284688,51200,100856113,783,65536,0,0,0,0
42450,314.799,293.809,7.973338,8.000488,-0.027151,8.000488,7.998291,-0.024953,2049.1397,0.0,0.952124,162.9734,0.231348,0.483066,0.285586,51200,104915952,796,65536,0,0,0,0
42500,315.183,294.168,7.974023,8.000488,-0.026465,8.000488,7.998901,-0.024878,2081.1625,0.0,0.953042,163.9712,0.236035,0.482227,0.281738,51200,106555520,772,65536,0,0,0,0
42550,315.573,294.534,7.97419,8.000488,-0.026298,8.000488,7.998413,-0.024223,2083.9966,0.0,0.95285,162.7513,0.235996,0.485059,0.278945,51200,106700625,782,65536,0,0,0,0
42600,315.946,294.883,7.974394,8.000488,-0.026094,8.000488,7.998535,-0.024141,2054.4886,0.0,0.95201,163.221,0.231074,0.491426,0.2775,51200,105189816,759,65536,0,0,0,0
42650,316.326,295.238,7.974645,8.000488,-0.025843,8.000488,7.999023,-0.024378,2089.232,0.0,0.952809,167.2577,0.235195,0.486875,0.27793,51200,106968677,809,65536,0,0,0,0
42700,316.705,295.594,7.97372,8.000488,-0.026768,8.000488,7.998535,-0.024815,2044.774,0.0,0.951962,165.1518,0.230234,0.48707,0.282695,51200,104692428,827,65536,0,0,0,0
42750,317.087,295.952,7.973537,8.000488,-0.026951,8.000488,7.998535,-0.024998,2060.7947,0.0,0.952067,167.1299,0.23166,0.488672,0.279668,51200,105512691,757,65536,0,0,0,0
42800,317.463,296.304,7.97328,8.000488,-0.027209,8.000488,7.998535,-0.025256,2069.3885,0.0,0.952704,173.571,0.233457,0.481992,0.284551,51200,105952690,822,65536,0,0,0,0
42850,317.831,296.648,7.973359,8.000488,-0.027129,8.000488,7.998779,-0.02542,1998.1885,0.0,0.950919,170.1621,0.225605,0.48748,0.286914,51200,102307252,757,65536,0,0,0,0
42900,318.203,296.995,7.973897,8.000488,-0.026592,8.000488,7.999146,-0.025249,2002.7079,0.0,0.951167,171.9253,0.225625,0.483613,0.290762,51200,102538644,772,65536,0,0,0,0
42950,318.578,297.347,7.974863,8.000488,-0.025625,8.000488,7.999146,-0.024283,2026.0785,0.0,0.951922,180.3009,0.226582,0.478652,0.294766,51200,103735219,842,65536,0,0,0,0
43000,318.956,297.699,7.974691,8.000488,-0.025797,8.000488,7.999634,-0.024943,2037.1367,0.0,0.951904,175.0588,0.226602,0.479629,0.29377,51200,104301400,765,65536,0,0,0,0
43050,319.328,298.046,7.974513,8.000488,-0.025975,8.000488,7.999146,-0.024632,2006.7677,0.0,0.951004,167.3983,0.222754,0.485977,0.29127,51200,102746506,793,65536,0,0,0,0
43100,319.696,298.391,7.974559,8.000488,-0.02593,8.000488,7.999756,-0.025197,1999.0859,0.0,0.95078,163.0529,0.220605,0.485645,0.29375,51200,102353196,762,65536,0,0,0,0
43150,320.068,298.738,7.974803,8.000488,-0.025686,8.000488,7.999756,-0.024953,1999.3602,0.0,0.951292,166.367,0.221621,0.474238,0.304141,51200,102367241,820,65536,0,0,0,0
43200,320.439,299.083,7.975799,8.000488,-0.024689,8.000488,8.000854,-0.025055,1950.8996,0.0,0.949987,164.1314,0.216953,0.477891,0.305156,51200,99886058,782,65536,0,0,0,0
43250,320.803,299.421,7.976109,8.000488,-0.024379,8.000488,8.001221,-0.025112,1918.4404,0.0,0.948697,165.9145,0.211406,0.49082,0.297773,51200,98224149,787,65536,0,0,0,0
43300,321.171,299.766,7.976103,8.000488,-0.024386,8.000488,8.000977,-0.024874,1924.6224,0.0,0.9486,173.2476,0.211113,0.498203,0.290684,51200,98540665,748,65536,0,0,0,0
43350,321.529,300.101,7.974995,8.000488,-0.025493,8.000488,8.000854,-0.025859,1924.9379,0.0,0.948317,169.9985,0.209863,0.503848,0.286289,51200,98556821,784,65536,0,0,0,0
43400,321.889,300.438,7.975488,8.000488,-0.025,8.000488,8.000732,-0.025244,1944.8399,0.0,0.948685,178.8667,0.214395,0.509785,0.27582,51200,99575802,784,65536,0,0,0,0
43450,322.247,300.775,7.975602,8.000488,-0.024886,8.000488,8.000488,-0.024886,1945.7697,0.0,0.948611,171.6941,0.214512,0.512305,0.273184,51200,99623408,799,65536,0,0,0,0
43500,322.606,301.111,7.977013,8.000488,-0.023475,8.000488,8.002319,-0.025306,1941.6955,0.0,0.948241,177.3084,0.214844,0.517109,0.268047,51200,99414811,792,65536,0,0,0,0
43550,322.963,301.446,7.976917,8.000488,-0.023572,8.000488,8.002075,-0.025159,1921.5175,0.0,0.948239,182.131,0.211367,0.508223,0.28041,51200,98381694,808,65536,0,0,0,0
43600,323.313,301.773,7.977179,8.000488,-0.02331,8.000488,8.001465,-0.024286,1873.5064,0.0,0.947055,175.5222,0.207617,0.508281,0.284102,51200,95923527,779,65536,0,0,0,0
43650,323.673,302.11,7.97678,8.000488,-0.023708,8.000488,8.001221,-0.024441,1938.1457,0.0,0.948679,181.9012,0.215586,0.508516,0.275898,51200,99233062,770,65536,0,0,0,0
43700,324.029,302.445,7.976242,8.000488,-0.024246,8.000488,8.000366,-0.024124,1921.025,0.0,0.948152,181.0412,0.214941,0.508164,0.276895,51200,98356479,808,65536,0,0,0,0
43750,324.385,302.779,7.976391,8.000488,-0.024097,8.000488,8.000366,-0.023975,1922.5406,0.0,0.94828,175.308,0.21498,0.504062,0.280957,51200,98434081,758,65536,0,0,0,0
43800,324.746,303.118,7.975871,8.000488,-0.024617,8.000488,8.0,-0.024129,1933.4622,0.0,0.9487,176.1318,0.217402,0.499395,0.283203,51200,98993266,807,65536,0,0,0,0
43850,325.118,303.467,7.976129,8.000488,-0.02436,8.000488,8.000732,-0.024604,1969.6909,0.0,0.949669,187.4379,0.221055,0.495234,0.283711,51200,100848172,770,65536,0,0,0,0
43900,325.489,303.812,7.976805,8.000488,-0.023684,8.000488,8.000977,-0.024172,1962.6205,0.0,0.949532,189.9998,0.219961,0.498047,0.281992,51200,100486168,755,65536,0,0,0,0
43950,325.858,304.159,7.975645,8.000488,-0.024844,8.000488,8.000244,-0.024599,1960.5655,0.0,0.949213,192.3147,0.220117,0.502598,0.277285,51200,100380955,820,65536,0,0,0,0
44000,326.227,304.502,7.975307,8.000488,-0.025181,8.000488,8.0,-0.024693,1965.0704,0.0,0.949572,185.5241,0.221621,0.499277,0.279102,51200,100611603,744,65536,0,0,0,0
44050,326.593,304.846,7.975648,8.000488,-0.02484,8.000488,8.000244,-0.024596,1951.5209,0.0,0.949197,188.2223,0.220195,0.50168,0.278125,51200,99917869,786,65536,0,0,0,0
44100,326.963,305.193,7.974854,8.000488,-0.025634,8.000488,7.99939,-0.024536,1976.1503,0.0,0.949961,180.639,0.224062,0.497188,0.27875,51200,101178894,806,65536,0,0,0,0
44150,327.332,305.54,7.975038,8.000488,-0.02545,8.000488,8.0,-0.024962,1944.5056,0.0,0.949359,171.7529,0.219434,0.494473,0.286094,51200,99558687,774,65536,0,0,0,0
44200,327.694,305.88,7.97571,8.000488,-0.024778,8.000488,8.000366,-0.024656,1926.9896,0.0,0.94891,164.8186,0.216777,0.494043,0.28918,51200,98661868,742,65536,0,0,0,0
44250,328.046,306.209,7.975119,8.000488,-0.025369,8.000488,8.000244,-0.025125,1855.2689,0.0,0.946879,158.2128,0.208535,0.499375,0.29209,51200,94989770,744,65536,0,0,0,0
44300,328.408,306.548,7.975174,8.000488,-0.025315,8.000488,7.999756,-0.024582,1845.6968,0.0,0.946483,159.1183,0.207012,0.50668,0.286309,51200,94499676,818,65536,0,0,0,0
44350,328.762,306.877,7.975083,8.000488,-0.025406,8.000488,7.999146,-0.024063,1836.8476,0.0,0.946305,164.0319,0.206543,0.504121,0.289336,51200,94046597,752,65536,0,0,0,0
44400,329.111,307.203,7.974614,8.000488,-0.025875,8.000488,7.999146,-0.024532,1829.2724,0.0,0.94579,163.3209,0.205547,0.5125,0.281953,51200,93658747,820,65536,0,0,0,0
44450,329.463,307.532,7.97467,8.000488,-0.025818,8.000488,7.998901,-0.024231,1868.8284,0.0,0.946762,167.1412,0.210137,0.51582,0.274043,51200,95684015,718,65536,0,0,0,0
44500,329.808,307.854,7.97486,8.000488,-0.025628,8.000488,7.99939,-0.02453,1823.1036,0.0,0.94524,161.7552,0.203574,0.52123,0.275195,51200,93342902,789,65536,0,0,0,0
44550,330.165,308.185,7.974614,8.000488,-0.025874,8.000488,7.999268,-0.024654,1805.8982,0.0,0.944715,155.1559,0.202129,0.525039,0.272832,51200,92461990,798,65536,0,0,0,0
44600,330.531,308.528,7.974368,8.000488,-0.02612,8.000488,7.999512,-0.025144,1848.5093,0.0,0.945984,157.8932,0.207344,0.522949,0.269707,51200,94643676,749,65536,0,0,0,0
44650,330.885,308.859,7.975276,8.000488,-0.025212,8.000488,7.999634,-0.024358,1873.0531,0.0,0.946729,157.302,0.210547,0.522637,0.266816,51200,95900319,801,65536,0,0,0,0
44700,331.238,309.19,7.975705,8.000488,-0.024783,8.000488,7.999756,-0.024051,1902.2411,0.0,0.947744,158.4697,0.214297,0.512148,0.273555,51200,97394743,722,65536,0,0,0,0
44750,331.638,309.567,7.976439,8.000488,-0.024049,8.000488,8.000854,-0.024415,1935.2941,0.0,0.948522,153.275,0.218691,0.516094,0.265215,51200,99087056,813,65536,0,0,0,0
44800,332.015,309.92,7.976465,8.000488,-0.024023,8.000488,8.000732,-0.024268,1991.6167,0.0,0.950245,162.5879,0.22541,0.504746,0.269844,51200,101970776,853,65536,0,0,0,0
44850,332.388,310.271,7.976624,8.000488,-0.023864,8.000488,8.000977,-0.024352,2022.2846,0.0,0.951271,174.521,0.230645,0.496211,0.273145,51200,103540970,812,65536,0,0,0,0
44900,332.758,310.618,7.976246,8.000488,-0.024242,8.000488,8.000732,-0.024486,2015.7842,0.0,0.951132,177.4604,0.230781,0.498887,0.270332,51200,103208149,785,65536,0,0,0,0
44950,333.138,310.975,7.975534,8.000488,-0.024954,8.000488,8.000244,-0.02471,1992.4658,0.0,0.950831,177.7981,0.228262,0.497227,0.274512,51200,102014249,859,65536,0,0,0,0
45000,333.513,311.325,7.975342,8.000488,-0.025146,8.000488,8.0,-0.024658,1994.703,0.0,0.950815,174.41,0.227598,0.497559,0.274844,51200,102128795,790,65536,0,0,0,0
45050,333.913,311.702,7.975469,8.000488,-0.025019,8.000488,8.000244,-0.024775,1976.3217,0.0,0.950032,176.6515,0.224766,0.505762,0.269473,51200,101187672,820,65536,0,0,0,0
45100,334.283,312.049,7.975115,8.000488,-0.025373,8.000488,7.999756,-0.024641,1990.9543,0.0,0.950368,173.3754,0.224551,0.501602,0.273848,51200,101936859,788,65536,0,0,0,0
45150,334.654,312.397,7.974704,8.000488,-0.025785,8.000488,7.99939,-0.024686,2014.8778,0.0,0.95116,177.4728,0.229434,0.50125,0.269316,51200,103161742,797,65536,0,0,0,0
45200,335.032,312.752,7.974632,8.000488,-0.025856,8.000488,7.999756,-0.025124,2024.0606,0.0,0.95155,175.952,0.230645,0.499199,0.270156,51200,103631904,847,65536,0,0,0,0
45250,335.4,313.097,7.974812,8.000488,-0.025677,8.000488,7.999878,-0.025066,2007.0001,0.0,0.951398,180.5655,0.228945,0.496875,0.27418,51200,102758406,721,65536,0,0,0,0
45300,335.768,313.443,7.975118,8.000488,-0.02537,8.000488,8.0,-0.024882,2028.2592,0.0,0.951838,176.8941,0.231992,0.494375,0.273633,51200,103846873,746,65536,0,0,0,0
45350,336.134,313.787,7.974685,8.000488,-0.025804,8.000488,7.999512,-0.024827,2002.2036,0.0,0.951301,172.4426,0.228965,0.492148,0.278887,51200,102512823,778,65536,0,0,0,0
45400,336.496,314.126,7.974789,8.000488,-0.025699,8.000488,7.999878,-0.025089,1985.3189,0.0,0.951007,166.6689,0.225156,0.493906,0.280938,51200,101648329,765,65536,0,0,0,0
45450,336.853,314.462,7.974945,8.000488,-0.025543,8.000488,7.999756,-0.024811,1964.8246,0.0,0.950314,153.9964,0.222285,0.49127,0.286445,51200,100599022,774,65536,0,0,0,0
45500,337.209,314.795,7.975277,8.000488,-0.025211,8.000488,8.000366,-0.025089,1945.2875,0.0,0.949887,150.7525,0.220762,0.490215,0.289023,51200,99598720,754,65536,0,0,0,0
45550,337.619,315.182,7.975471,8.000488,-0.025017,8.000488,8.000244,-0.024773,2018.9895,0.0,0.951726,162.0762,0.229531,0.486074,0.284395,51200,103372262,772,65536,0,0,0,0
45600,337.986,315.527,7.975016,8.000488,-0.025472,8.000488,8.0,-0.024984,1997.1928,0.0,0.951392,165.2506,0.226172,0.48291,0.290918,51200,102256272,780,65536,0,0,0,0
45650,338.355,315.873,7.974636,8.000488,-0.025852,8.000488,7.999268,-0.024632,2008.3353,0.0,0.951623,165.8669,0.22752,0.484082,0.288398,51200,102826769,753,65536,0,0,0,0
45700,338.72,316.216,7.975052,8.000488,-0.025436,8.000488,7.999268,-0.024215,2025.4104,0.0,0.952193,169.3844,0.230176,0.479453,0.290371,51200,103701012,752,65536,0,0,0,0
45750,339.09,316.562,7.974422,8.000488,-0.026066,8.000488,7.998535,-0.024113,2023.5229,0.0,0.951971,161.1544,0.228613,0.482461,0.288926,51200,103604375,750,65536,0,0,0,0
45800,339.47,316.915,7.974475,8.000488,-0.026013,8.000488,7.999146,-0.02467,2035.2113,0.0,0.952212,157.885,0.229785,0.479238,0.290977,51200,104202819,815,65536,0,0,0,0
45850,339.875,317.298,7.975157,8.000488,-0.025332,8.000488,7.998901,-0.023745,2011.1823,0.0,0.951468,154.0194,0.226895,0.482363,0.290742,51200,102972536,771,65536,0,0,0,0
45900,340.24,317.64,7.974122,8.000488,-0.026366,8.000488,7.998169,-0.024047,2022.1642,0.0,0.95165,162.1872,0.228105,0.486562,0.285332,51200,103534806,788,65536,0,0,0,0
45950,340.604,317.982,7.974794,8.000488,-0.025694,8.000488,7.998901,-0.024107,1996.6512,0.0,0.950996,171.4125,0.223965,0.492383,0.283652,51200,102228543,745,65536,0,0,0,0
46000,340.969,318.325,7.974881,8.000488,-0.025607,8.000488,7.999268,-0.024386,1996.4474,0.0,0.951319,178.4156,0.224062,0.483301,0.292637,51200,102218109,771,65536,0,0,0,0
46050,341.329,318.662,7.974946,8.000488,-0.025542,8.000488,7.999268,-0.024322,1953.5632,0.0,0.950452,176.9731,0.220879,0.484688,0.294434,51200,100022437,764,65536,0,0,0,0
46100,341.686,318.996,7.975521,8.000488,-0.024967,8.000488,7.999268,-0.023746,1948.2652,0.0,0.949853,171.3981,0.219062,0.493613,0.287324,51200,99751177,776,65536,0,0,0,0
46150,342.057,319.345,7.97611,8.000488,-0.024378,8.000488,7.999878,-0.023768,2052.8368,0.0,0.952131,181.2786,0.231719,0.496328,0.271953,51200,105105243,742,65536,0,0,0,0
46200,342.425,319.69,7.976545,8.000488,-0.023943,8.000488,8.000488,-0.023943,2028.146,0.0,0.951501,179.1907,0.229707,0.498574,0.271719,51200,103841077,722,65536,0,0,0,0
46250,342.807,320.05,7.976177,8.000488,-0.024311,8.000488,8.000854,-0.024678,2122.4763,0.0,0.953707,186.6239,0.242305,0.489648,0.268047,51200,108670789,756,65536,0,0,0,0
46300,343.19,320.411,7.976582,8.000488,-0.023906,8.000488,8.000732,-0.02415,2115.3009,0.0,0.953411,190.5774,0.240762,0.493965,0.265273,51200,108303406,785,65536,0,0,0,0
46350,343.57,320.768,7.976025,8.000488,-0.024463,8.000488,8.000732,-0.024707,2113.3952,0.0,0.953727,191.5151,0.240449,0.486289,0.273262,51200,108205834,784,65536,0,0,0,0
46400,343.966,321.141,7.975744,8.000488,-0.024744,8.000488,8.000122,-0.024378,2116.5667,0.0,0.953953,191.1529,0.239492,0.480684,0.279824,51200,108368214,802,65536,0,0,0,0
46450,344.349,321.502,7.976219,8.000488,-0.024269,8.000488,8.000488,-0.024269,2089.9093,0.0,0.953255,193.2868,0.236562,0.488301,0.275137,51200,107003357,813,65536,0,0,0,0
46500,344.763,321.893,7.975089,8.000488,-0.025399,8.000488,7.999634,-0.024545,2084.0545,0.0,0.953357,194.9972,0.236465,0.482695,0.28084,51200,106703592,784,65536,0,0,0,0
46550,345.142,322.248,7.974315,8.000488,-0.026174,8.000488,7.99939,-0.025075,2065.5596,0.0,0.953029,199.2881,0.234238,0.478965,0.286797,51200,105756651,792,65536,0,0,0,0
46600,345.518,322.602,7.974332,8.000488,-0.026156,8.000488,7.998901,-0.024569,2058.367,0.0,0.953129,198.6618,0.233887,0.47332,0.292793,51200,105388391,723,65536,0,0,0,0
46650,345.896,322.958,7.974854,8.000488,-0.025635,8.000488,7.999634,-0.02478,2076.1899,0.0,0.953558,201.1231,0.235,0.476309,0.288691,51200,106300923,777,65536,0,0,0,0
46700,346.275,323.314,7.974622,8.000488,-0.025866,8.000488,7.998779,-0.024158,2065.4767,0.0,0.953168,203.3544,0.233398,0.480801,0.285801,51200,105752407,782,65536,0,0,0,0
46750,346.651,323.667,7.974221,8.000488,-0.026267,8.000488,7.998535,-0.024314,2052.925,0.0,0.953025,199.3373,0.232012,0.475684,0.292305,51200,105109760,729,65536,0,0,0,0
46800,347.027,324.02,7.974457,8.000488,-0.026031,8.000488,7.999512,-0.025054,2049.6007,0.0,0.952963,197.8781,0.232227,0.476172,0.291602,51200,104939556,809,65536,0,0,0,0
46850,347.399,324.37,7.974113,8.000488,-0.026376,8.000488,7.998535,-0.024423,2017.5359,0.0,0.952297,197.1484,0.228398,0.47459,0.297012,51200,103297840,779,65536,0,0,0,0
46900,347.776,324.724,7.975168,8.000488,-0.02532,8.000488,7.999512,-0.024344,2036.7803,0.0,0.952693,190.6253,0.230781,0.477617,0.291602,51200,104283153,789,65536,0,0,0,0
46950,348.148,325.074,7.975473,8.000488,-0.025015,8.000488,8.0,-0.024527,2034.6043,0.0,0.952316,191.3265,0.230078,0.48084,0.289082,51200,104171740,786,65536,0,0,0,0
47000,348.531,325.435,7.975352,8.000488,-0.025136,8.000488,8.0,-0.024648,2049.3813,0.0,0.952609,190.3501,0.231816,0.481953,0.28623,51200,104928324,781,65536,0,0,0,0
47050,348.902,325.783,7.974943,8.000488,-0.025546,8.000488,7.99939,-0.024447,2001.3715,0.0,0.951072,185.0193,0.225742,0.488965,0.285293,51200,102470223,746,65536,0,0,0,0
47100,349.272,326.13,7.975464,8.000488,-0.025025,8.000488,8.0,-0.024536,2000.1599,0.0,0.95142,184.2782,0.227012,0.479648,0.29334,51200,102408186,735,65536,0,0,0,0
47150,349.636,326.472,7.976402,8.000488,-0.024086,8.000488,8.000366,-0.023964,1995.5024,0.0,0.951044,183.9175,0.226504,0.487637,0.285859,51200,102169722,791,65536,0,0,0,0
47200,350.005,326.817,7.976419,8.000488,-0.02407,8.000488,7.99939,-0.022971,2013.1441,0.0,0.951603,182.66,0.229277,0.48166,0.289062,51200,103072978,832,65536,0,0,0,0
47250,350.366,327.156,7.975784,8.000488,-0.024704,8.000488,7.999512,-0.023728,1960.6913,0.0,0.95035,173.7111,0.223105,0.484199,0.292695,51200,100387392,776,65536,0,0,0,0
47300,350.733,327.501,7.975524,8.000488,-0.024964,8.000488,7.999512,-0.023987,2008.0816,0.0,0.951614,180.1493,0.228984,0.484844,0.286172,51200,102813779,809,65536,0,0,0,0
47350,351.094,327.839,7.975472,8.000488,-0.025016,8.000488,7.999878,-0.024406,1942.0609,0.0,0.94982,184.1277,0.220918,0.492715,0.286367,51200,99433520,780,65536,0,0,0,0
47400,351.464,328.187,7.976822,8.000488,-0.023666,8.000488,8.001221,-0.024399,1947.3428,0.0,0.950166,185.0647,0.221289,0.488281,0.29043,51200,99703949,874,65536,0,0,0,0
47450,351.833,328.534,7.977087,8.000488,-0.023401,8.000488,8.000854,-0.023768,1947.1826,0.0,0.950259,188.9993,0.221836,0.489316,0.288848,51200,99695751,806,65536,0,0,0,0
47500,352.195,328.873,7.976901,8.000488,-0.023587,8.000488,8.001099,-0.024198,1919.4654,0.0,0.949017,184.1568,0.216582,0.495449,0.287969,51200,98276627,788,65536,0,0,0,0
47550,352.575,329.231,7.97678,8.000488,-0.023708,8.000488,8.00061,-0.02383,1986.625,0.0,0.951147,176.8969,0.226035,0.48332,0.290645,51200,101715198,833,65536,0,0,0,0
47600,352.955,329.589,7.976242,8.000488,-0.024247,8.000488,8.000854,-0.024613,2048.4099,0.0,0.952529,174.7388,0.234355,0.481465,0.28418,51200,104878588,733,65536,0,0,0,0
47650,353.339,329.95,7.975719,8.000488,-0.024769,8.000488,8.000488,-0.024769,2021.2818,0.0,0.951935,173.0856,0.230762,0.48002,0.289219,51200,103489627,793,65536,0,0,0,0
47700,353.746,330.334,7.975404,8.000488,-0.025085,8.000488,8.000122,-0.024718,2039.0555,0.0,0.95251,173.2785,0.23293,0.477871,0.289199,51200,104399640,771,65536,0,0,0,0
47750,354.127,330.694,7.97497,8.000488,-0.025519,8.000488,8.000122,-0.025152,2058.3118,0.0,0.95298,176.5862,0.235332,0.473086,0.291582,51200,105385565,787,65536,0,0,0,0
47800,354.516,331.061,7.975134,8.000488,-0.025354,8.000488,8.000244,-0.02511,2088.6625,0.0,0.953498,178.7433,0.239395,0.478789,0.281816,51200,106939521,738,65536,0,0,0,0
47850,354.904,331.427,7.976152,8.000488,-0.024336,8.000488,8.001099,-0.024947,2100.0865,0.0,0.953798,178.9126,0.241289,0.477129,0.281582,51200,107524429,770,65536,0,0,0,0
47900,355.289,331.788,7.975695,8.000488,-0.024793,8.000488,8.000977,-0.025281,2064.5496,0.0,0.952802,170.7496,0.235527,0.477852,0.286621,51200,105704937,766,65536,0,0,0,0
47950,355.672,332.149,7.975914,8.000488,-0.024575,8.000488,8.001099,-0.025185,2036.2688,0.0,0.952065,174.1798,0.231641,0.480254,0.288105,51200,104256965,788,65536,0,0,0,0
48000,356.044,332.499,7.975197,8.000488,-0.025292,8.000488,8.000122,-0.024925,1999.5862,0.0,0.951177,166.5872,0.225664,0.47832,0.296016,51200,102378814,770,65536,0,0,0,0
48050,356.416,332.848,7.975047,8.000488,-0.025441,8.000488,7.999512,-0.024464,2003.0701,0.0,0.951301,168.7325,0.225742,0.479766,0.294492,51200,102557190,786,65536,0,0,0,0
48100,356.79,333.2,7.974523,8.000488,-0.025965,8.000488,7.999023,-0.024501,2013.7696,0.0,0.951588,170.6805,0.226562,0.479453,0.293984,51200,103105005,758,65536,0,0,0,0
48150,357.16,333.547,7.975205,8.000488,-0.025283,8.000488,7.999878,-0.024673,1980.5654,0.0,0.950624,166.9635,0.221816,0.483926,0.294258,51200,101404949,779,65536,0,0,0,0
48200,357.55,333.914,7.974838,8.000488,-0.025651,8.000488,7.999634,-0.024796,1948.8703,0.0,0.949777,167.48,0.219316,0.485977,0.294707,51200,99782157,797,65536,0,0,0,0
48250,357.916,334.258,7.974661,8.000488,-0.025828,8.000488,7.999512,-0.024851,1967.8853,0.0,0.950694,170.3928,0.222969,0.479336,0.297695,51200,100755727,791,65536,0,0,0,0
48300,358.281,334.6,7.974604,8.000488,-0.025884,8.000488,7.99939,-0.024785,1971.2121,0.0,0.95094,169.3769,0.2225,0.475312,0.302188,51200,100926058,819,65536,0,0,0,0
48350,358.648,334.943,7.975472,8.000488,-0.025016,8.000488,8.000244,-0.024772,1983.6256,0.0,0.95115,168.3747,0.224395,0.475176,0.30043,51200,101561629,784,65536,0,0,0,0
48400,359.01,335.283,7.975416,8.000488,-0.025072,8.000488,8.000122,-0.024706,1946.5994,0.0,0.950003,163.033,0.219355,0.481504,0.299141,51200,99665890,800,65536,0,0,0,0
48450,359.364,335.615,7.9759,8.000488,-0.024588,8.000488,8.00061,-0.02471,1913.2446,0.0,0.948876,156.1969,0.215254,0.485762,0.298984,51200,97958123,789,65536,0,0,0,0
48500,359.717,335.946,7.975615,8.000488,-0.024873,8.000488,8.000488,-0.024873,1883.9846,0.0,0.947464,153.9829,0.21043,0.502031,0.287539,51200,96460009,777,65536,0,0,0,0
48550,360.069,336.275,7.975417,8.000488,-0.025072,8.000488,8.000366,-0.02495,1890.3011,0.0,0.94762,157.373,0.210742,0.49998,0.289277,51200,96783417,825,65536,0,0,0,0
48600,360.421,336.605,7.975123,8.000488,-0.025365,8.000488,8.000366,-0.025243,1880.5379,0.0,0.947023,151.5169,0.209023,0.508691,0.282285,51200,96283540,793,65536,0,0,0,0
48650,360.788,336.949,7.975408,8.000488,-0.025081,8.000488,8.000244,-0.024837,1986.3444,0.0,0.950053,181.6066,0.221797,0.496699,0.281504,51200,101700833,823,65536,0,0,0,0
48700,361.152,337.291,7.974761,8.000488,-0.025727,8.000488,7.999756,-0.024994,1985.4659,0.0,0.949697,177.1191,0.223848,0.50375,0.272402,51200,101655852,761,65536,0,0,0,0
48750,361.525,337.641,7.974269,8.000488,-0.026219,8.000488,7.998901,-0.024632,2012.5164,0.0,0.95048,187.5312,0.225742,0.502812,0.271445,51200,103040841,802,65536,0,0,0,0
48800,361.898,337.991,7.974939,8.000488,-0.025549,8.000488,7.99939,-0.024451,2006.6512,0.0,0.950584,192.1294,0.223867,0.499629,0.276504,51200,102740541,789,65536,0,0,0,0
48850,362.27,338.341,7.975113,8.000488,-0.025375,8.000488,7.999756,-0.024643,2021.9391,0.0,0.950964,187.2387,0.225859,0.497266,0.276875,51200,103523283,839,65536,0,0,0,0
48900,362.637,338.686,7.975422,8.000488,-0.025066,8.000488,8.000366,-0.024944,2002.5097,0.0,0.950544,190.9664,0.223906,0.497754,0.27834,51200,102528499,798,65536,0,0,0,0
48950,362.998,339.025,7.975611,8.000488,-0.024877,8.000488,8.000366,-0.024755,1961.8603,0.0,0.949686,182.2863,0.219922,0.497891,0.282188,51200,100447249,789,65536,0,0,0,0
49000,363.359,339.364,7.975021,8.000488,-0.025468,8.000488,7.999512,-0.024491,1957.4404,0.0,0.949824,184.0848,0.219688,0.493711,0.286602,51200,100220950,805,65536,0,0,0,0
49050,363.743,339.722,7.974999,8.000488,-0.02549,8.000488,7.999146,-0.024147,1981.3524,0.0,0.950333,180.9202,0.223613,0.493945,0.282441,51200,101445243,784,65536,0,0,0,0
49100,364.104,340.061,7.975089,8.000488,-0.0254,8.000488,7.999146,-0.024057,1927.6212,0.0,0.948875,184.8249,0.21668,0.498848,0.284473,51200,98694204,815,65536,0,0,0,0
49150,364.46,340.395,7.975628,8.000488,-0.024861,8.000488,7.999756,-0.024128,1917.2946,0.0,0.948027,169.5045,0.213438,0.508242,0.27832,51200,98165484,785,65536,0,0,0,0
49200,364.812,340.724,7.975425,8.000488,-0.025064,8.000488,7.99939,-0.023965,1878.0565,0.0,0.947166,171.4511,0.207559,0.510332,0.282109,51200,96156495,774,65536,0,0,0,0
49250,365.167,341.056,7.975039,8.000488,-0.025449,8.000488,7.998779,-0.02374,1900.1604,0.0,0.947491,179.2901,0.209453,0.510664,0.279883,51200,97288211,811,65536,0,0,0,0
49300,365.523,341.39,7.975729,8.000488,-0.024759,8.000488,8.0,-0.024271,1911.6912,0.0,0.947756,173.0421,0.211172,0.509902,0.278926,51200,97878588,750,65536,0,0,0,0
49350,365.88,341.724,7.975481,8.000488,-0.025008,8.000488,7.999512,-0.024031,1916.2752,0.0,0.948144,172.4465,0.212578,0.507559,0.279863,51200,98113292,744,65536,0,0,0,0
49400,366.231,342.053,7.975333,8.000488,-0.025155,8.000488,7.999634,-0.024301,1857.6189,0.0,0.946594,172.2231,0.204688,0.50916,0.286152,51200,95110088,767,65536,0,0,0,0
49450,366.575,342.374,7.975773,8.000488,-0.024715,8.000488,8.000122,-0.024349,1840.4215,0.0,0.945875,159.2496,0.202266,0.511328,0.286406,51200,94229583,799,65536,0,0,0,0
49500,366.921,342.697,7.975567,8.000488,-0.024922,8.000488,7.999146,-0.023579,1836.6962,0.0,0.945527,163.9807,0.202715,0.519121,0.278164,51200,94038848,764,65536,0,0,0,0
49550,367.263,343.016,7.976145,8.000488,-0.024343,8.000488,7.999756,-0.023611,1790.1381,0.0,0.944195,162.6797,0.197129,0.523047,0.279824,51200,91655069,816,65536,0,0,0,0
49600,367.603,343.334,7.976509,8.000488,-0.023979,8.000488,8.0,-0.023491,1813.4367,0.0,0.945193,163.434,0.200723,0.514922,0.284355,51200,92847958,784,65536,0,0,0,0
49650,367.959,343.667,7.97594,8.000488,-0.024548,8.000488,7.999634,-0.023694,1874.2164,0.0,0.946965,170.3649,0.207109,0.509805,0.283086,51200,95959882,759,65536,0,0,0,0
49700,368.312,343.998,7.976106,8.000488,-0.024382,8.000488,8.000122,-0.024016,1889.4353,0.0,0.947537,169.7521,0.208242,0.509023,0.282734,51200,96739089,771,65536,0,0,0,0
49750,368.677,344.34,7.975851,8.000488,-0.024637,8.000488,7.999512,-0.02366,1843.2884,0.0,0.94644,169.9219,0.204023,0.507363,0.288613,51200,94376365,781,65536,0,0,0,0
49800,369.051,344.691,7.975395,8.000488,-0.025093,8.000488,7.999512,-0.024117,1826.6337,0.0,0.945873,161.035,0.202637,0.504785,0.292578,51200,93523646,813,65536,0,0,0,0
49850,369.397,345.015,7.975488,8.000488,-0.025001,8.000488,7.999756,-0.024268,1826.1024,0.0,0.945877,162.7369,0.201641,0.506055,0.292305,51200,93496441,787,65536,0,0,0,0
49900,369.787,345.382,7.975317,8.000488,-0.025171,8.000488,7.999512,-0.024195,1833.0225,0.0,0.945957,170.745,0.202227,0.510156,0.287617,51200,93850751,808,65536,0,0,0,0
49950,370.181,345.752,7.975623,8.000488,-0.024865,8.000488,8.000244,-0.024621,1867.0894,0.0,0.946905,173.3801,0.205547,0.508672,0.285781,51200,95594979,785,65536,0,0,0,0
50000,370.543,346.089,7.975508,8.000488,-0.02498,8.000488,7.999512,-0.024003,1864.2162,0.0,0.946603,166.7206,0.205781,0.514414,0.279805,51200,95447870,774,65536,0,0,0,0
